WKT,Name,OBJECTID,UKATEGORIE,UTYP1,UART,UMONAT,USTUNDE,UWOCHENTAG,STRZUSTAND,ULICHTVERH,ISTRAD,ISTPKW,ISTFUSS,ISTKRAD
"POINT (9.967262657999999 53.450085612000002)","Unfall 6132 (2016) Kat:3, Licht: 0","6132","3","2","2","02","16","4","","0","0","1","0","1"
"POINT (9.921464726000000 53.518013908999997)","Unfall 6135 (2016) Kat:3, Licht: 0","6135","3","6","2","04","11","7","","0","0","1","0","0"
"POINT (10.135766858000000 53.483877243999999)","Unfall 6147 (2016) Kat:2, Licht: 0","6147","2","4","6","01","13","2","","0","0","1","1","0"
"POINT (9.993789540000000 53.547322952000002)","Unfall 6148 (2016) Kat:2, Licht: 0","6148","2","6","2","03","16","7","","0","0","1","0","1"
"POINT (9.963098544999999 53.600735749000002)","Unfall 6155 (2016) Kat:3, Licht: 2","6155","3","1","9","02","18","1","","2","0","1","0","0"
"POINT (10.026508481000000 53.551490504999997)","Unfall 6165 (2016) Kat:3, Licht: 2","6165","3","3","5","01","21","4","","2","0","1","0","0"
"POINT (9.928596256000001 53.592257816000000)","Unfall 6166 (2016) Kat:3, Licht: 0","6166","3","2","4","03","15","7","","0","0","1","0","0"
"POINT (10.019394967000000 53.582500447999998)","Unfall 6183 (2016) Kat:3, Licht: 0","6183","3","6","2","02","11","4","","0","0","1","0","0"
"POINT (10.240903380000001 53.477779904000002)","Unfall 6189 (2016) Kat:3, Licht: 0","6189","3","2","5","04","15","2","","0","1","1","0","0"
"POINT (10.001620158000000 53.547504983000003)","Unfall 6201 (2016) Kat:3, Licht: 2","6201","3","6","4","01","03","7","","2","0","1","0","0"
"POINT (10.022397512000000 53.543249938999999)","Unfall 6206 (2016) Kat:3, Licht: 0","6206","3","3","5","02","07","7","","0","0","1","0","0"
"POINT (9.925804743000001 53.632674233000003)","Unfall 6209 (2016) Kat:3, Licht: 0","6209","3","6","2","03","16","4","","0","0","1","0","0"
"POINT (10.025910233999999 53.558869274000003)","Unfall 6220 (2016) Kat:3, Licht: 2","6220","3","6","2","01","17","5","","2","0","1","0","0"
"POINT (9.897121887999999 53.555030631000001)","Unfall 6221 (2016) Kat:2, Licht: 0","6221","2","3","5","03","16","7","","0","0","1","0","1"
"POINT (9.946618196999999 53.619090389999997)","Unfall 6226 (2016) Kat:3, Licht: 0","6226","3","6","1","02","09","3","","0","0","1","0","0"
"POINT (9.923946254000001 53.539576060000002)","Unfall 6237 (2016) Kat:2, Licht: 0","6237","2","6","2","03","07","4","","0","0","0","0","0"
"POINT (10.021649496000000 53.543514819999999)","Unfall 6249 (2016) Kat:3, Licht: 0","6249","3","6","2","02","12","2","","0","0","1","0","0"
"POINT (9.983923593000000 53.597725723000003)","Unfall 6262 (2016) Kat:3, Licht: 2","6262","3","7","2","01","19","1","","2","0","1","0","0"
"POINT (9.928030504000001 53.592845848000003)","Unfall 6263 (2016) Kat:3, Licht: 0","6263","3","3","5","03","09","6","","0","0","1","0","0"
"POINT (9.836410884999999 53.573979248000001)","Unfall 6282 (2016) Kat:3, Licht: 0","6282","3","7","2","02","12","3","","0","0","1","0","0"
"POINT (9.847871345000000 53.472780438999997)","Unfall 6290 (2016) Kat:3, Licht: 0","6290","3","6","2","04","12","7","","0","0","1","0","0"
"POINT (9.922919336000000 53.632519076000001)","Unfall 6303 (2016) Kat:3, Licht: 2","6303","3","6","2","01","05","6","","2","0","1","0","0"
"POINT (10.036568673000000 53.496911703000002)","Unfall 6304 (2016) Kat:3, Licht: 0","6304","3","6","2","03","11","6","","0","0","1","0","0"
"POINT (9.938164891000000 53.471036984999998)","Unfall 6307 (2016) Kat:3, Licht: 0","6307","3","6","1","02","13","5","","0","0","1","0","0"
"POINT (9.969438048000001 53.584287117999999)","Unfall 6310 (2016) Kat:3, Licht: 0","6310","3","2","6","03","16","3","","0","0","0","1","0"
"POINT (9.930348091000001 53.649628147000001)","Unfall 6320 (2016) Kat:3, Licht: 0","6320","3","1","8","01","10","3","","0","0","0","0","0"
"POINT (9.877875874000001 53.471972444999999)","Unfall 6321 (2016) Kat:3, Licht: 1","6321","3","3","5","03","06","4","","1","0","1","0","0"
"POINT (9.944900488000000 53.563057782999998)","Unfall 6338 (2016) Kat:3, Licht: 0","6338","3","6","3","03","13","3","","0","0","1","0","0"
"POINT (9.897399203999999 53.556977310999997)","Unfall 6351 (2016) Kat:3, Licht: 0","6351","3","6","2","01","12","7","","0","0","1","0","0"
"POINT (9.957072651000001 53.571456380000001)","Unfall 6357 (2016) Kat:3, Licht: 0","6357","3","6","2","02","15","7","","0","0","1","0","0"
"POINT (9.864680105000000 53.571595893000001)","Unfall 6364 (2016) Kat:3, Licht: 0","6364","3","6","1","04","14","3","","0","0","1","0","0"
"POINT (10.007427690000000 53.547820160000001)","Unfall 6378 (2016) Kat:3, Licht: 0","6378","3","6","2","01","09","3","","0","0","1","0","0"
"POINT (9.917174886000000 53.610380980999999)","Unfall 6379 (2016) Kat:3, Licht: 0","6379","3","6","3","03","14","3","","0","0","1","0","0"
"POINT (9.944871278000001 53.563061967000003)","Unfall 6386 (2016) Kat:3, Licht: 2","6386","3","6","1","02","18","3","","2","0","1","0","0"
"POINT (9.886621245000001 53.568251021000002)","Unfall 6391 (2016) Kat:3, Licht: 0","6391","3","6","3","02","07","2","","0","0","1","0","0"
"POINT (10.029075475000001 53.487971571999999)","Unfall 6398 (2016) Kat:3, Licht: 0","6398","3","6","2","04","18","5","","0","0","1","0","0"
"POINT (9.923465694000001 53.633417704000003)","Unfall 6409 (2016) Kat:3, Licht: 0","6409","3","6","2","01","14","4","","0","0","1","0","0"
"POINT (9.899176189000000 53.563035681999999)","Unfall 6410 (2016) Kat:3, Licht: 2","6410","3","6","2","03","21","5","","2","0","1","0","0"
"POINT (9.871773808000000 53.571113724999996)","Unfall 6415 (2016) Kat:3, Licht: 0","6415","3","7","2","02","14","5","","0","0","1","0","0"
"POINT (9.998792278000000 53.497594030000002)","Unfall 6418 (2016) Kat:3, Licht: 0","6418","3","6","2","03","16","7","","0","0","1","0","0"
"POINT (9.899851252000000 53.471234895000002)","Unfall 6429 (2016) Kat:3, Licht: 2","6429","3","1","9","01","06","7","","2","0","1","0","0"
"POINT (9.973287854000001 53.549754673000002)","Unfall 6430 (2016) Kat:3, Licht: 0","6430","3","3","5","03","08","4","","0","0","1","0","0"
"POINT (10.037353852000001 53.506706778000002)","Unfall 6448 (2016) Kat:3, Licht: 0","6448","3","6","2","02","15","6","","0","0","1","0","0"
"POINT (9.986983686000000 53.603502853999998)","Unfall 6461 (2016) Kat:3, Licht: 0","6461","3","3","5","01","15","5","","0","0","1","0","0"
"POINT (10.021149738000000 53.543692421000003)","Unfall 6467 (2016) Kat:3, Licht: 2","6467","3","6","2","02","18","5","","2","0","1","0","0"
"POINT (9.979146821000001 53.549238959000000)","Unfall 6471 (2016) Kat:2, Licht: 2","6471","2","4","6","04","21","2","","2","0","1","1","0"
"POINT (9.901587051000000 53.470973473999997)","Unfall 6485 (2016) Kat:3, Licht: 1","6485","3","2","2","01","17","2","","1","0","1","0","0"
"POINT (10.134766124000000 53.526735610999999)","Unfall 6486 (2016) Kat:3, Licht: 2","6486","3","3","5","03","04","7","","2","0","1","0","0"
"POINT (9.870836744000000 53.571148759000003)","Unfall 6494 (2016) Kat:3, Licht: 2","6494","3","6","2","02","17","2","","2","0","1","0","0"
"POINT (9.962103063000001 53.603191858000002)","Unfall 6504 (2016) Kat:3, Licht: 2","6504","3","2","5","01","16","5","","2","0","1","0","0"
"POINT (9.994631158000001 53.470688631000002)","Unfall 6505 (2016) Kat:3, Licht: 2","6505","3","6","2","03","23","7","","2","0","1","0","0"
"POINT (10.228333565000000 53.488076270000001)","Unfall 6524 (2016) Kat:3, Licht: 0","6524","3","2","6","02","12","4","","0","0","1","1","0"
"POINT (9.972294689000000 53.466648243000002)","Unfall 6534 (2016) Kat:3, Licht: 2","6534","3","6","3","01","18","5","","2","0","1","0","0"
"POINT (9.945084459000000 53.471083165000003)","Unfall 6535 (2016) Kat:3, Licht: 0","6535","3","6","2","03","17","2","","0","0","1","0","0"
"POINT (10.030598060000001 53.567414048000003)","Unfall 6553 (2016) Kat:2, Licht: 2","6553","2","4","6","02","04","5","","2","0","1","1","0"
"POINT (10.026370792000000 53.460781588000003)","Unfall 6567 (2016) Kat:1, Licht: 0","6567","1","6","2","01","09","3","","0","0","0","0","0"
"POINT (9.983922804000001 53.598103684000002)","Unfall 6573 (2016) Kat:3, Licht: 0","6573","3","2","5","02","15","4","","0","1","1","0","0"
"POINT (10.035293529000000 53.495410133999997)","Unfall 6576 (2016) Kat:3, Licht: 0","6576","3","6","1","04","14","6","","0","0","1","0","0"
"POINT (9.900178526000000 53.564928225000003)","Unfall 6589 (2016) Kat:3, Licht: 1","6589","3","6","2","01","07","1","","1","0","1","0","0"
"POINT (10.019045340000000 53.579829556000000)","Unfall 6590 (2016) Kat:3, Licht: 0","6590","3","7","6","03","14","6","","0","1","0","1","0"
"POINT (9.927063629999999 53.593330768999998)","Unfall 6596 (2016) Kat:3, Licht: 0","6596","3","7","0","02","15","6","","0","0","0","0","1"
"POINT (9.991765495999999 53.592798936999998)","Unfall 6606 (2016) Kat:3, Licht: 2","6606","3","2","1","01","23","4","","2","0","1","0","0"
"POINT (9.950033651000000 53.617822046999997)","Unfall 6607 (2016) Kat:3, Licht: 0","6607","3","2","5","03","13","7","","0","1","1","0","0"
"POINT (9.878734915000001 53.569330014999998)","Unfall 6625 (2016) Kat:3, Licht: 0","6625","3","6","2","02","10","4","","0","0","1","0","0"
"POINT (10.125137944000000 53.566945824000001)","Unfall 6632 (2016) Kat:3, Licht: 0","6632","3","6","2","04","15","2","","0","0","1","0","0"
"POINT (10.035939072000000 53.496527991000001)","Unfall 6644 (2016) Kat:3, Licht: 0","6644","3","6","3","01","14","6","","0","0","1","0","0"
"POINT (10.025651021000000 53.552273024000002)","Unfall 6649 (2016) Kat:3, Licht: 0","6649","3","6","3","02","11","7","","0","0","1","0","0"
"POINT (10.031238152000000 53.490581919000000)","Unfall 6652 (2016) Kat:3, Licht: 0","6652","3","6","3","03","06","3","","0","0","1","0","0"
"POINT (10.089596027000001 53.507688444000003)","Unfall 6675 (2016) Kat:3, Licht: 0","6675","3","6","3","01","08","2","","0","0","1","0","0"
"POINT (10.040704871999999 53.552766308000002)","Unfall 6680 (2016) Kat:3, Licht: 0","6680","3","2","6","02","08","1","","0","0","1","1","0"
"POINT (9.880128813000001 53.568888043999998)","Unfall 6683 (2016) Kat:3, Licht: 2","6683","3","6","2","03","19","5","","2","0","1","0","0"
"POINT (9.835057024999999 53.574258757000003)","Unfall 6696 (2016) Kat:3, Licht: 2","6696","3","2","3","01","08","6","","2","1","1","0","0"
"POINT (9.980262224000001 53.464174423999999)","Unfall 6697 (2016) Kat:3, Licht: 0","6697","3","3","5","03","15","2","","0","0","1","0","0"
"POINT (9.920506312000001 53.563973142000002)","Unfall 6703 (2016) Kat:3, Licht: 1","6703","3","3","6","02","16","4","","1","0","1","1","0"
"POINT (10.097766282000000 53.495212950999999)","Unfall 6713 (2016) Kat:3, Licht: 2","6713","3","6","2","01","00","6","","2","0","1","0","0"
"POINT (9.855442455000000 53.572002298999998)","Unfall 6714 (2016) Kat:3, Licht: 1","6714","3","7","6","03","07","5","","1","1","0","1","0"
"POINT (10.106281548000000 53.512557340999997)","Unfall 6727 (2016) Kat:3, Licht: 0","6727","3","6","1","02","06","2","","0","0","0","0","0"
"POINT (9.971669406000000 53.550030561000000)","Unfall 6735 (2016) Kat:3, Licht: 0","6735","3","6","2","02","12","3","","0","0","1","0","0"
"POINT (10.024843155999999 53.542660329000000)","Unfall 6743 (2016) Kat:3, Licht: 0","6743","3","1","0","04","18","7","","0","0","0","0","1"
"POINT (10.212890042000000 53.486556286000003)","Unfall 6756 (2016) Kat:3, Licht: 2","6756","3","7","6","01","16","5","","2","0","1","1","0"
"POINT (9.947590163999999 53.618566098000002)","Unfall 6757 (2016) Kat:3, Licht: 0","6757","3","7","3","03","14","6","","0","0","1","0","1"
"POINT (10.201662876000000 53.491508154999998)","Unfall 6761 (2016) Kat:3, Licht: 2","6761","3","3","5","02","07","5","","2","1","1","0","0"
"POINT (9.944085929000000 53.568805169000001)","Unfall 6764 (2016) Kat:3, Licht: 2","6764","3","2","6","03","21","2","","2","0","1","1","0"
"POINT (9.913664099000000 53.619914805999997)","Unfall 6775 (2016) Kat:3, Licht: 1","6775","3","6","2","01","08","2","","1","0","1","0","0"
"POINT (9.920213352999999 53.604420116999997)","Unfall 6776 (2016) Kat:3, Licht: 0","6776","3","6","2","03","15","4","","0","0","1","0","0"
"POINT (9.958072374000000 53.647666852000000)","Unfall 6794 (2016) Kat:3, Licht: 0","6794","3","7","4","02","09","7","","0","0","1","0","0"
"POINT (10.032083524000001 53.543184742999998)","Unfall 6801 (2016) Kat:3, Licht: 0","6801","3","4","6","01","07","4","","0","0","1","1","0"
"POINT (9.862687825000000 53.571892214000002)","Unfall 6802 (2016) Kat:3, Licht: 2","6802","3","4","6","03","20","6","","2","0","1","1","0"
"POINT (10.134620364000000 53.526931421000000)","Unfall 6818 (2016) Kat:3, Licht: 2","6818","3","2","3","03","21","3","","2","0","1","0","0"
"POINT (9.915644561000001 53.612210222999998)","Unfall 6829 (2016) Kat:3, Licht: 2","6829","3","6","2","02","19","2","","2","0","1","0","0"
"POINT (10.202529648000001 53.491101430999997)","Unfall 6836 (2016) Kat:3, Licht: 0","6836","3","3","5","02","12","1","","0","0","1","0","0"
"POINT (9.955595344000001 53.611660165000004)","Unfall 6843 (2016) Kat:3, Licht: 0","6843","3","6","2","04","17","4","","0","0","1","0","0"
"POINT (9.954419989000000 53.427841698000002)","Unfall 6856 (2016) Kat:3, Licht: 2","6856","3","6","2","01","21","3","","2","0","1","0","0"
"POINT (9.927309899000001 53.640178274999997)","Unfall 6857 (2016) Kat:3, Licht: 0","6857","3","6","2","03","16","5","","0","0","1","0","0"
"POINT (9.950603091000000 53.562068897000003)","Unfall 6862 (2016) Kat:3, Licht: 0","6862","3","7","3","02","14","5","","0","0","1","0","0"
"POINT (9.933789027000000 53.583021655000003)","Unfall 6873 (2016) Kat:3, Licht: 0","6873","3","6","2","01","13","7","","0","0","1","0","0"
"POINT (10.218334535000000 53.487154216999997)","Unfall 6874 (2016) Kat:3, Licht: 0","6874","3","3","5","03","15","3","","0","1","1","0","0"
"POINT (9.919003026000000 53.624513708000002)","Unfall 6892 (2016) Kat:3, Licht: 0","6892","3","6","2","02","13","6","","0","0","1","0","0"
"POINT (10.059091162000000 53.550940011000002)","Unfall 6904 (2016) Kat:3, Licht: 2","6904","3","1","9","01","23","4","","2","0","1","0","0"
"POINT (9.868704277999999 53.471676158999998)","Unfall 6910 (2016) Kat:3, Licht: 1","6910","3","6","2","02","17","4","","1","0","1","0","0"
"POINT (9.977675703999999 53.587623505000003)","Unfall 6913 (2016) Kat:3, Licht: 0","6913","3","6","2","04","13","1","","0","0","1","0","0"
"POINT (10.056848741000000 53.509297789000001)","Unfall 6926 (2016) Kat:3, Licht: 2","6926","3","6","3","01","17","2","","2","0","1","0","0"
"POINT (9.964487554000000 53.555645155999997)","Unfall 6927 (2016) Kat:3, Licht: 0","6927","3","3","5","03","15","7","","0","1","1","0","0"
"POINT (10.037391470999999 53.506646424000003)","Unfall 6937 (2016) Kat:3, Licht: 0","6937","3","6","2","01","15","5","","0","0","1","0","0"
"POINT (10.057799545000000 53.509277326000003)","Unfall 6943 (2016) Kat:3, Licht: 0","6943","3","6","3","02","07","6","","0","0","1","0","0"
"POINT (9.955861281000001 53.570441733000003)","Unfall 6948 (2016) Kat:3, Licht: 0","6948","3","2","5","04","16","3","","0","1","1","0","0"
"POINT (9.898979976000000 53.565163810999998)","Unfall 6962 (2016) Kat:3, Licht: 2","6962","3","2","4","01","20","3","","2","0","1","0","0"
"POINT (9.969981970999999 53.550724350000003)","Unfall 6963 (2016) Kat:3, Licht: 2","6963","3","6","2","03","18","3","","2","0","1","0","0"
"POINT (10.026279875000000 53.554377449000000)","Unfall 6970 (2016) Kat:3, Licht: 1","6970","3","6","2","02","07","2","","1","0","1","0","0"
"POINT (10.038888685000000 53.559239669000000)","Unfall 6981 (2016) Kat:3, Licht: 0","6981","3","2","1","01","10","5","","0","0","1","0","0"
"POINT (10.139040057000001 53.533207877000002)","Unfall 6982 (2016) Kat:3, Licht: 2","6982","3","6","2","03","05","1","","2","0","1","0","0"
"POINT (9.908191611000000 53.620427102999997)","Unfall 7000 (2016) Kat:3, Licht: 2","7000","3","2","4","02","19","5","","2","0","1","0","0"
"POINT (10.045898438000000 53.552500142000000)","Unfall 7016 (2016) Kat:3, Licht: 2","7016","3","2","2","01","19","3","","2","0","1","0","0"
"POINT (10.212182702000000 53.486802279999999)","Unfall 7021 (2016) Kat:3, Licht: 0","7021","3","6","1","02","15","3","","0","0","1","0","0"
"POINT (9.865155151000000 53.471526259000001)","Unfall 7024 (2016) Kat:3, Licht: 0","7024","3","6","2","03","17","5","","0","0","1","0","0"
"POINT (10.031871599000000 53.566375976000003)","Unfall 7039 (2016) Kat:3, Licht: 2","7039","3","3","5","01","20","7","","2","0","1","0","0"
"POINT (9.941121656000000 53.573008821999998)","Unfall 7040 (2016) Kat:3, Licht: 0","7040","3","6","2","03","13","4","","0","0","1","0","1"
"POINT (10.166259405000000 53.514745251000001)","Unfall 7046 (2016) Kat:3, Licht: 1","7046","3","6","2","02","16","5","","1","0","1","0","0"
"POINT (9.948259861000000 53.562397679000000)","Unfall 7056 (2016) Kat:3, Licht: 0","7056","3","6","3","01","09","2","","0","0","1","0","0"
"POINT (10.030681685999999 53.567345580999998)","Unfall 7057 (2016) Kat:2, Licht: 2","7057","2","3","5","03","18","6","","2","1","1","0","0"
"POINT (10.025987895000000 53.551347800000002)","Unfall 7073 (2016) Kat:3, Licht: 0","7073","3","2","4","02","15","1","","0","0","1","0","0"
"POINT (10.085088488000000 53.502580962000003)","Unfall 7083 (2016) Kat:3, Licht: 1","7083","3","6","3","01","17","4","","1","0","1","0","0"
"POINT (10.024688279999999 53.542695154999997)","Unfall 7084 (2016) Kat:3, Licht: 2","7084","3","6","3","03","23","7","","2","0","1","0","0"
"POINT (10.004121425999999 53.615984672000003)","Unfall 7101 (2016) Kat:3, Licht: 0","7101","3","3","5","02","16","4","","0","0","1","0","0"
"POINT (10.014724080000001 53.517312433000001)","Unfall 7108 (2016) Kat:3, Licht: 0","7108","3","6","2","04","07","2","","0","0","1","0","0"
"POINT (9.911405911999999 53.635839320000002)","Unfall 7120 (2016) Kat:3, Licht: 2","7120","3","4","6","01","18","7","","2","0","1","1","0"
"POINT (9.944725267000001 53.620432575000002)","Unfall 7125 (2016) Kat:3, Licht: 0","7125","3","7","3","02","10","1","","0","0","1","0","0"
"POINT (9.939944828000000 53.471085363999997)","Unfall 7128 (2016) Kat:3, Licht: 0","7128","3","6","2","03","17","4","","0","0","1","0","0"
"POINT (9.958788908000001 53.573636061999999)","Unfall 7139 (2016) Kat:3, Licht: 0","7139","3","7","5","01","14","6","","0","1","0","0","0"
"POINT (9.897753330000001 53.555205901000001)","Unfall 7140 (2016) Kat:3, Licht: 0","7140","3","6","2","03","17","1","","0","0","1","0","0"
"POINT (10.026055962999999 53.554260896000002)","Unfall 7146 (2016) Kat:3, Licht: 0","7146","3","6","2","02","15","3","","0","0","1","0","0"
"POINT (10.152181886999999 53.555303445000000)","Unfall 7156 (2016) Kat:3, Licht: 2","7156","3","6","2","01","01","6","","2","0","1","0","0"
"POINT (10.158701817000001 53.560267822999997)","Unfall 7157 (2016) Kat:3, Licht: 0","7157","3","6","3","03","11","4","","0","0","1","0","0"
"POINT (10.132034385000001 53.527745772999999)","Unfall 7169 (2016) Kat:3, Licht: 0","7169","3","6","3","02","13","2","","0","0","1","0","0"
"POINT (9.900450131000000 53.565014591999997)","Unfall 7177 (2016) Kat:3, Licht: 0","7177","3","2","1","02","14","2","","0","0","1","0","0"
"POINT (9.929291502000000 53.644938287000002)","Unfall 7184 (2016) Kat:3, Licht: 0","7184","3","2","3","04","13","6","","0","0","1","0","0"
"POINT (10.023423295000001 53.542977114000003)","Unfall 7196 (2016) Kat:3, Licht: 2","7196","3","6","3","01","17","4","","2","0","1","0","0"
"POINT (9.841395718999999 53.573173824000001)","Unfall 7197 (2016) Kat:3, Licht: 0","7197","3","6","2","03","10","5","","0","0","0","0","0"
"POINT (10.127983880000000 53.523211897000003)","Unfall 7208 (2016) Kat:3, Licht: 0","7208","3","6","2","02","14","3","","0","0","1","0","0"
"POINT (9.920099145000000 53.604584021000001)","Unfall 7216 (2016) Kat:3, Licht: 0","7216","3","6","3","04","08","2","","0","0","1","0","0"
"POINT (9.930215145000000 53.591168254000003)","Unfall 7228 (2016) Kat:3, Licht: 2","7228","3","6","1","01","19","6","","2","0","1","0","0"
"POINT (9.962104409000000 53.603187671000001)","Unfall 7231 (2016) Kat:3, Licht: 1","7231","3","2","5","02","18","6","","1","0","1","0","0"
"POINT (9.952911819000001 53.613073649000000)","Unfall 7234 (2016) Kat:3, Licht: 0","7234","3","3","5","03","08","3","","0","1","1","0","0"
"POINT (9.908668914000000 53.622259423999999)","Unfall 7244 (2016) Kat:2, Licht: 1","7244","2","4","6","01","16","3","","1","0","1","1","0"
"POINT (9.969572176000000 53.584099516000002)","Unfall 7245 (2016) Kat:3, Licht: 0","7245","3","3","5","03","14","5","","0","0","0","0","0"
"POINT (9.968641885000000 53.585938435999999)","Unfall 7262 (2016) Kat:3, Licht: 2","7262","3","7","5","03","20","3","","2","0","1","0","0"
"POINT (9.880715166000000 53.568786965999998)","Unfall 7274 (2016) Kat:3, Licht: 0","7274","3","7","6","01","12","7","","0","0","1","1","0"
"POINT (9.994701408999999 53.593481484999998)","Unfall 7281 (2016) Kat:3, Licht: 0","7281","3","7","0","02","14","7","","0","0","1","0","0"
"POINT (10.047599472000000 53.552309794999999)","Unfall 7288 (2016) Kat:3, Licht: 0","7288","3","3","5","04","14","3","","0","0","1","0","0"
"POINT (10.013793150000000 53.547627038000002)","Unfall 7302 (2016) Kat:3, Licht: 0","7302","3","6","1","01","15","3","","0","0","1","0","0"
"POINT (10.022436920000001 53.574176678999997)","Unfall 7303 (2016) Kat:3, Licht: 0","7303","3","6","2","03","14","3","","0","0","1","0","0"
"POINT (9.785538437000000 53.580597152999999)","Unfall 7309 (2016) Kat:3, Licht: 1","7309","3","4","6","02","16","3","","1","0","1","1","0"
"POINT (9.928493081999999 53.592319728000000)","Unfall 7320 (2016) Kat:3, Licht: 1","7320","3","3","5","01","16","6","","1","0","1","0","0"
"POINT (9.993705823000001 53.547318599999997)","Unfall 7321 (2016) Kat:3, Licht: 0","7321","3","6","2","03","17","3","","0","0","1","0","0"
"POINT (10.040835526000000 53.552595597000000)","Unfall 7334 (2016) Kat:3, Licht: 0","7334","3","3","5","02","15","5","","0","0","1","0","0"
"POINT (9.896762436000000 53.471628981000002)","Unfall 7337 (2016) Kat:3, Licht: 0","7337","3","6","2","03","14","7","","0","0","1","0","0"
"POINT (9.935331366000000 53.647195893000003)","Unfall 7348 (2016) Kat:3, Licht: 0","7348","3","6","2","01","15","1","","0","0","1","0","0"
"POINT (9.929580464000001 53.537122345999997)","Unfall 7349 (2016) Kat:3, Licht: 1","7349","3","6","1","03","06","4","","1","0","1","0","0"
"POINT (10.024605801000000 53.467483282000003)","Unfall 7367 (2016) Kat:3, Licht: 2","7367","3","6","3","02","06","6","","2","0","1","0","0"
"POINT (9.874568935999999 53.570861106000002)","Unfall 7380 (2016) Kat:3, Licht: 0","7380","3","4","6","01","17","5","","0","0","1","1","0"
"POINT (9.910118067000001 53.628819763999999)","Unfall 7386 (2016) Kat:3, Licht: 0","7386","3","6","1","02","15","6","","0","0","1","0","0"
"POINT (9.916175491000001 53.583350899999999)","Unfall 7391 (2016) Kat:3, Licht: 0","7391","3","6","1","04","08","2","","0","0","1","0","0"
"POINT (9.961558102000000 53.604640025999998)","Unfall 7405 (2016) Kat:3, Licht: 2","7405","3","7","9","01","00","3","","2","0","1","0","0"
"POINT (9.956771554000000 53.571060668999998)","Unfall 7406 (2016) Kat:3, Licht: 0","7406","3","7","3","03","09","2","","0","0","1","0","0"
"POINT (9.894705781000001 53.622732075999998)","Unfall 7414 (2016) Kat:3, Licht: 0","7414","3","6","2","02","08","2","","0","0","1","0","0"
"POINT (9.910906468000000 53.565770141999998)","Unfall 7424 (2016) Kat:3, Licht: 2","7424","3","2","4","01","22","5","","2","0","1","0","0"
"POINT (9.859015672000000 53.471396157999997)","Unfall 7425 (2016) Kat:3, Licht: 0","7425","3","6","2","03","12","7","","0","0","1","0","0"
"POINT (9.992020346000000 53.547242226999998)","Unfall 7443 (2016) Kat:3, Licht: 0","7443","3","6","3","02","08","5","","0","0","1","0","0"
"POINT (9.959416679000000 53.574649559000001)","Unfall 7459 (2016) Kat:3, Licht: 0","7459","3","2","4","01","13","3","","0","0","1","0","0"
"POINT (9.858284915000001 53.572020125000002)","Unfall 7464 (2016) Kat:3, Licht: 0","7464","3","2","3","02","15","2","","0","0","1","0","0"
"POINT (10.033194164999999 53.541523181000002)","Unfall 7472 (2016) Kat:3, Licht: 2","7472","3","6","1","02","19","5","","2","0","1","0","0"
"POINT (9.988475991000000 53.547409365000000)","Unfall 7485 (2016) Kat:3, Licht: 2","7485","3","2","6","01","07","4","","2","0","0","1","0"
"POINT (9.910836148000000 53.565759866999997)","Unfall 7491 (2016) Kat:3, Licht: 0","7491","3","3","5","02","09","4","","0","0","1","0","0"
"POINT (10.039268664000000 53.502771824000000)","Unfall 7494 (2016) Kat:3, Licht: 0","7494","3","6","2","04","17","6","","0","0","1","0","0"
"POINT (10.131598778000001 53.528019522999998)","Unfall 7506 (2016) Kat:3, Licht: 1","7506","3","6","2","01","07","2","","1","0","1","0","0"
"POINT (10.009298020999999 53.547934081999998)","Unfall 7507 (2016) Kat:3, Licht: 1","7507","3","6","2","03","17","6","","1","0","1","0","0"
"POINT (10.030732621000000 53.545296219999997)","Unfall 7513 (2016) Kat:3, Licht: 2","7513","3","2","4","02","20","6","","2","0","1","0","0"
"POINT (9.915191554000000 53.564735939000002)","Unfall 7523 (2016) Kat:3, Licht: 0","7523","3","6","4","01","14","4","","0","0","1","0","0"
"POINT (9.900150975000001 53.565064642000003)","Unfall 7524 (2016) Kat:3, Licht: 0","7524","3","2","3","03","12","7","","0","0","1","0","0"
"POINT (10.033454524000000 53.565046285000001)","Unfall 7542 (2016) Kat:3, Licht: 0","7542","3","3","5","02","10","4","","0","1","1","0","0"
"POINT (10.099104897000000 53.510429991000002)","Unfall 7548 (2016) Kat:3, Licht: 0","7548","3","6","1","04","06","2","","0","0","1","0","0"
"POINT (9.966851597000000 53.468364119000000)","Unfall 7560 (2016) Kat:3, Licht: 0","7560","3","3","5","01","13","6","","0","0","1","0","0"
"POINT (10.040940346999999 53.552597933000001)","Unfall 7565 (2016) Kat:3, Licht: 2","7565","3","2","2","02","19","7","","2","0","1","0","0"
"POINT (9.966741237000001 53.449903769000002)","Unfall 7568 (2016) Kat:3, Licht: 0","7568","3","3","5","03","07","3","","0","1","1","0","0"
"POINT (9.809829626999999 53.578079221000003)","Unfall 7579 (2016) Kat:3, Licht: 2","7579","3","2","5","01","20","5","","2","1","1","0","0"
"POINT (9.923609267000000 53.597600577000001)","Unfall 7580 (2016) Kat:3, Licht: 0","7580","3","6","2","03","05","6","","0","0","1","0","0"
"POINT (9.928088495000001 53.592805130000002)","Unfall 7595 (2016) Kat:3, Licht: 0","7595","3","6","3","03","15","5","","0","0","1","0","0"
"POINT (9.839363276000000 53.472225874000003)","Unfall 7609 (2016) Kat:3, Licht: 0","7609","3","6","2","01","16","6","","0","0","1","0","0"
"POINT (9.899737477000000 53.563880943999997)","Unfall 7610 (2016) Kat:2, Licht: 2","7610","2","6","2","03","19","3","","2","0","1","0","0"
"POINT (9.919564613000000 53.564006808999999)","Unfall 7616 (2016) Kat:3, Licht: 2","7616","3","3","5","02","21","4","","2","0","1","0","0"
"POINT (10.118480879000000 53.486048730999997)","Unfall 7626 (2016) Kat:3, Licht: 2","7626","3","6","2","01","01","6","","2","0","1","0","0"
"POINT (10.137181465999999 53.525913516999999)","Unfall 7627 (2016) Kat:3, Licht: 0","7627","3","6","2","03","07","5","","0","0","1","0","0"