WKT,Name,OBJECTID,UKATEGORIE,UTYP1,UART,UMONAT,USTUNDE,UWOCHENTAG,STRZUSTAND,ULICHTVERH,ISTRAD,ISTPKW,ISTFUSS,ISTKRAD
"POINT (9.918009079999999 53.608735871000000)","Unfall 8528 (2016) Kat:3, Licht: 2","8528","3","6","2","12","16","4","","2","0","1","0","0"
"POINT (10.032430148000000 53.540456712999998)","Unfall 8529 (2016) Kat:3, Licht: 0","8529","3","3","5","11","13","1","","0","0","1","0","0"
"POINT (9.991780424000000 53.607366114999998)","Unfall 8533 (2016) Kat:3, Licht: 0","8533","3","2","5","07","08","5","","0","1","0","0","0"
"POINT (9.839404414000001 53.472229517999999)","Unfall 8534 (2016) Kat:3, Licht: 0","8534","3","7","6","07","19","4","","0","1","0","1","0"
"POINT (9.949689261000000 53.470801297999998)","Unfall 8536 (2016) Kat:3, Licht: 0","8536","3","6","2","11","12","4","","0","0","1","0","0"
"POINT (9.846412450000001 53.572872500999999)","Unfall 8537 (2016) Kat:3, Licht: 0","8537","3","2","5","05","16","5","","0","1","1","0","0"
"POINT (10.021952891000000 53.543406998000002)","Unfall 8538 (2016) Kat:3, Licht: 0","8538","3","6","3","06","17","3","","0","0","1","0","0"
"POINT (10.003928714000001 53.615863826999998)","Unfall 8539 (2016) Kat:3, Licht: 2","8539","3","3","5","12","19","4","","2","0","1","0","0"
"POINT (9.918816809000001 53.606562566999997)","Unfall 8540 (2016) Kat:3, Licht: 0","8540","3","6","2","07","20","6","","0","0","1","0","0"
"POINT (10.038818351000000 53.559388511999998)","Unfall 8541 (2016) Kat:2, Licht: 0","8541","2","3","5","11","13","2","","0","0","1","0","0"
"POINT (9.997057519000000 53.475572896000003)","Unfall 8542 (2016) Kat:3, Licht: 0","8542","3","1","0","06","05","4","","0","0","0","0","1"
"POINT (9.963719665999999 53.600002144999998)","Unfall 8544 (2016) Kat:3, Licht: 0","8544","3","3","5","06","16","7","","0","1","1","0","0"
"POINT (10.134412876000001 53.526872591000000)","Unfall 8545 (2016) Kat:3, Licht: 0","8545","3","6","2","10","09","7","","0","0","1","0","0"
"POINT (9.876922799000001 53.570071095999999)","Unfall 8546 (2016) Kat:3, Licht: 0","8546","3","6","2","10","14","7","","0","0","1","0","1"
"POINT (9.748010201000000 53.584601001999999)","Unfall 8548 (2016) Kat:3, Licht: 0","8548","3","6","4","05","14","5","","0","0","1","0","0"
"POINT (9.926467824000000 53.563655847000000)","Unfall 8551 (2016) Kat:3, Licht: 0","8551","3","2","4","07","13","6","","0","0","1","0","1"
"POINT (9.993509296999999 53.547308379000000)","Unfall 8552 (2016) Kat:3, Licht: 0","8552","3","6","3","07","06","6","","0","0","1","0","0"
"POINT (9.920544073000000 53.626338744999998)","Unfall 8553 (2016) Kat:3, Licht: 0","8553","3","6","2","11","15","6","","0","0","1","0","0"
"POINT (9.921843341000001 53.439382862000002)","Unfall 8554 (2016) Kat:3, Licht: 0","8554","3","6","3","05","07","4","","0","0","1","0","0"
"POINT (9.988406725999999 53.458180218000003)","Unfall 8555 (2016) Kat:3, Licht: 0","8555","3","6","3","12","09","5","","0","0","1","0","0"
"POINT (9.925979420999999 53.563683197000003)","Unfall 8556 (2016) Kat:3, Licht: 2","8556","3","2","3","11","17","3","","2","1","1","0","0"
"POINT (9.984201482000000 53.462959568000002)","Unfall 8557 (2016) Kat:3, Licht: 0","8557","3","3","5","06","08","5","","0","1","1","0","0"
"POINT (10.023032012000000 53.473592435999997)","Unfall 8558 (2016) Kat:3, Licht: 0","8558","3","6","3","11","13","3","","0","0","1","0","0"
"POINT (10.218800497000000 53.484797940999997)","Unfall 8560 (2016) Kat:3, Licht: 0","8560","3","5","1","05","06","4","","0","0","1","0","0"
"POINT (10.040845488000000 53.552595820000001)","Unfall 8561 (2016) Kat:3, Licht: 0","8561","3","2","4","05","19","2","","0","0","1","0","0"
"POINT (10.022936720000001 53.527580125000000)","Unfall 8563 (2016) Kat:3, Licht: 0","8563","3","6","3","06","17","3","","0","0","1","0","0"
"POINT (10.025903250000001 53.558893834000003)","Unfall 8564 (2016) Kat:3, Licht: 2","8564","3","3","5","05","23","4","","2","0","1","0","0"
"POINT (9.924130636999999 53.595069592999998)","Unfall 8565 (2016) Kat:3, Licht: 0","8565","3","3","5","11","09","3","","0","0","1","0","0"
"POINT (9.964317937000001 53.646481395999999)","Unfall 8566 (2016) Kat:3, Licht: 0","8566","3","6","3","07","15","5","","0","0","1","0","0"
"POINT (10.125931880000000 53.528663657000003)","Unfall 8568 (2016) Kat:3, Licht: 0","8568","3","6","2","10","14","7","","0","0","1","0","0"
"POINT (9.983902870000000 53.600494623000003)","Unfall 8569 (2016) Kat:3, Licht: 0","8569","3","1","4","10","13","3","","0","0","1","0","0"
"POINT (9.813702321999999 53.577723380999998)","Unfall 8570 (2016) Kat:3, Licht: 0","8570","3","6","2","09","07","2","","0","1","0","0","0"
"POINT (9.937491959000001 53.577104511000002)","Unfall 8571 (2016) Kat:3, Licht: 1","8571","3","2","5","09","07","2","","1","1","1","0","0"
"POINT (9.963913319000000 53.557855803999999)","Unfall 8572 (2016) Kat:3, Licht: 0","8572","3","7","4","05","19","4","","0","1","0","0","0"
"POINT (9.913857981000000 53.484325472000002)","Unfall 8573 (2016) Kat:3, Licht: 0","8573","3","7","0","08","11","4","","0","0","1","0","0"
"POINT (10.033144047000000 53.540362455999997)","Unfall 8574 (2016) Kat:2, Licht: 0","8574","2","6","0","08","19","6","","0","0","1","0","1"
"POINT (9.961403774000001 53.605079412999999)","Unfall 8575 (2016) Kat:3, Licht: 1","8575","3","2","0","12","16","4","","1","0","1","0","0"
"POINT (10.032670284000000 53.565699244999998)","Unfall 8578 (2016) Kat:3, Licht: 0","8578","3","2","5","08","13","5","","0","1","1","0","0"
"POINT (9.953413617000001 53.571177472000002)","Unfall 8580 (2016) Kat:3, Licht: 0","8580","3","6","4","08","17","6","","0","1","0","0","0"
"POINT (9.943887867000001 53.570601117000002)","Unfall 8581 (2016) Kat:3, Licht: 2","8581","3","3","5","10","19","7","","2","1","1","0","0"
"POINT (9.919280068999999 53.564017389999997)","Unfall 8582 (2016) Kat:3, Licht: 2","8582","3","2","4","09","00","2","","2","0","1","0","0"
"POINT (9.889050494999999 53.471914697999999)","Unfall 8583 (2016) Kat:3, Licht: 0","8583","3","6","2","09","07","5","","0","0","1","0","1"
"POINT (9.970467399000000 53.550512404999999)","Unfall 8584 (2016) Kat:3, Licht: 0","8584","3","6","3","05","09","4","","0","1","1","0","1"
"POINT (10.148617448000000 53.547978682000000)","Unfall 8585 (2016) Kat:3, Licht: 2","8585","3","6","2","12","16","3","","2","0","1","0","0"
"POINT (9.920301961000000 53.604293288000001)","Unfall 8586 (2016) Kat:3, Licht: 0","8586","3","6","2","11","13","7","","0","0","1","0","0"
"POINT (10.143387535000000 53.565162098999998)","Unfall 8590 (2016) Kat:2, Licht: 0","8590","2","7","0","07","20","3","","0","0","1","0","1"
"POINT (9.778045435999999 53.580556758999997)","Unfall 8592 (2016) Kat:3, Licht: 0","8592","3","6","3","11","10","4","","0","0","1","0","0"
"POINT (10.056592475000000 53.509303277000001)","Unfall 8593 (2016) Kat:3, Licht: 0","8593","3","6","3","05","13","3","","0","0","1","0","0"
"POINT (10.056938153000001 53.509295874000003)","Unfall 8594 (2016) Kat:3, Licht: 0","8594","3","6","3","06","12","2","","0","0","1","0","0"
"POINT (10.210740014000001 53.487326459000002)","Unfall 8595 (2016) Kat:3, Licht: 0","8595","3","2","6","12","12","2","","0","0","1","1","0"
"POINT (9.966091580000001 53.581709533000001)","Unfall 8596 (2016) Kat:3, Licht: 0","8596","3","6","6","07","09","5","","0","1","0","1","0"
"POINT (9.961531567000000 53.577182407999999)","Unfall 8597 (2016) Kat:3, Licht: 2","8597","3","6","4","11","04","5","","2","0","1","0","0"
"POINT (10.001752775000000 53.592703321999998)","Unfall 8598 (2016) Kat:3, Licht: 0","8598","3","4","6","06","12","3","","0","0","0","1","0"
"POINT (9.986746598000000 53.602704131000003)","Unfall 8600 (2016) Kat:3, Licht: 0","8600","3","2","5","06","09","6","","0","1","1","0","0"
"POINT (9.932740728000001 53.470918351999998)","Unfall 8601 (2016) Kat:2, Licht: 0","8601","2","7","0","10","16","6","","0","0","0","0","1"
"POINT (10.130502178000000 53.567100588000002)","Unfall 8602 (2016) Kat:3, Licht: 1","8602","3","6","2","10","07","6","","1","0","1","0","1"
"POINT (9.926806686000001 53.465280395999997)","Unfall 8603 (2016) Kat:3, Licht: 0","8603","3","6","2","06","08","2","","0","0","1","0","0"
"POINT (10.164341314000000 53.476324640000001)","Unfall 8605 (2016) Kat:3, Licht: 0","8605","3","6","2","05","08","2","","0","0","1","0","0"
"POINT (10.010799241999999 53.622205280999999)","Unfall 8608 (2016) Kat:3, Licht: 0","8608","3","6","1","05","16","2","","0","0","1","0","0"
"POINT (10.002997466000000 53.547407991000000)","Unfall 8609 (2016) Kat:3, Licht: 2","8609","3","1","9","10","23","5","","2","0","1","0","0"
"POINT (10.016721294000000 53.587788070999999)","Unfall 8610 (2016) Kat:3, Licht: 0","8610","3","6","2","10","09","7","","0","0","1","0","0"
"POINT (9.918665706000001 53.446622095999999)","Unfall 8611 (2016) Kat:3, Licht: 0","8611","3","7","8","09","16","6","","0","0","1","0","0"
"POINT (9.909636729000001 53.641547031000002)","Unfall 8612 (2016) Kat:3, Licht: 0","8612","3","6","2","09","16","6","","0","0","1","0","0"
"POINT (9.914910488000000 53.614174489000000)","Unfall 8613 (2016) Kat:3, Licht: 0","8613","3","7","0","05","10","2","","0","0","1","0","0"
"POINT (9.900206691999999 53.565054406999998)","Unfall 8614 (2016) Kat:2, Licht: 0","8614","2","2","5","08","18","3","","0","1","1","0","0"
"POINT (9.923127500000000 53.599179757999998)","Unfall 8615 (2016) Kat:3, Licht: 0","8615","3","6","2","08","17","4","","0","0","1","0","0"
"POINT (9.898664535000000 53.561023988999999)","Unfall 8616 (2016) Kat:3, Licht: 2","8616","3","6","3","12","16","5","","2","0","1","0","0"
"POINT (9.997550690000001 53.478080974999997)","Unfall 8619 (2016) Kat:3, Licht: 0","8619","3","1","3","08","07","3","","0","0","1","0","0"
"POINT (9.945042394000000 53.620304533000002)","Unfall 8620 (2016) Kat:3, Licht: 0","8620","3","6","2","08","14","1","","0","0","1","0","0"
"POINT (9.991585478999999 53.607211782000000)","Unfall 8622 (2016) Kat:3, Licht: 0","8622","3","6","1","08","15","4","","0","0","1","0","0"
"POINT (9.947774935000000 53.649466826999998)","Unfall 8623 (2016) Kat:3, Licht: 0","8623","3","6","3","05","09","2","","0","0","1","0","0"
"POINT (9.919410641000001 53.605589088000002)","Unfall 8624 (2016) Kat:3, Licht: 1","8624","3","6","3","11","17","2","","1","0","1","0","0"
"POINT (9.883752454000000 53.472121477000002)","Unfall 8626 (2016) Kat:2, Licht: 0","8626","2","2","5","10","11","6","","0","1","1","0","0"
"POINT (9.930074610000000 53.644963992999998)","Unfall 8627 (2016) Kat:3, Licht: 2","8627","3","6","2","10","19","2","","2","0","1","0","0"
"POINT (10.031705705000000 53.543663895000002)","Unfall 8628 (2016) Kat:3, Licht: 0","8628","3","6","1","09","13","1","","0","0","1","0","0"
"POINT (9.867658374000000 53.471640903000001)","Unfall 8629 (2016) Kat:3, Licht: 0","8629","3","6","2","09","15","6","","0","0","1","0","0"
"POINT (10.061493200999999 53.509352986000003)","Unfall 8630 (2016) Kat:3, Licht: 2","8630","3","7","8","05","02","1","","2","0","1","0","0"
"POINT (9.941326962000000 53.563574674999998)","Unfall 8631 (2016) Kat:3, Licht: 0","8631","3","3","5","08","18","4","","0","1","1","0","0"
"POINT (10.027485891000000 53.569918760000000)","Unfall 8632 (2016) Kat:2, Licht: 0","8632","2","3","5","08","16","5","","0","1","1","0","0"
"POINT (9.956917674000000 53.571246076999998)","Unfall 8633 (2016) Kat:3, Licht: 2","8633","3","7","5","12","19","2","","2","0","1","0","0"
"POINT (10.021580868999999 53.574937640999998)","Unfall 8636 (2016) Kat:3, Licht: 0","8636","3","5","1","08","14","4","","0","1","0","0","0"
"POINT (10.065652997000001 53.550118011000002)","Unfall 8638 (2016) Kat:3, Licht: 0","8638","3","3","5","08","14","4","","0","1","1","0","0"
"POINT (10.009467609000000 53.636839418999998)","Unfall 8639 (2016) Kat:3, Licht: 0","8639","3","6","3","09","06","6","","0","0","1","0","0"
"POINT (10.023373266000000 53.523617741999999)","Unfall 8640 (2016) Kat:3, Licht: 0","8640","3","6","3","09","08","4","","0","0","1","0","0"
"POINT (10.133580058000000 53.527759246999999)","Unfall 8641 (2016) Kat:3, Licht: 2","8641","3","1","8","05","22","1","","2","0","1","0","0"
"POINT (9.975187119999999 53.645778483999997)","Unfall 8642 (2016) Kat:3, Licht: 2","8642","3","6","2","12","17","3","","2","0","1","0","0"
"POINT (9.915249084999999 53.612692271999997)","Unfall 8643 (2016) Kat:3, Licht: 2","8643","3","6","2","11","21","6","","2","0","1","0","0"
"POINT (9.846404511999999 53.572872486999998)","Unfall 8644 (2016) Kat:3, Licht: 0","8644","3","2","3","07","12","4","","0","1","1","0","0"
"POINT (10.027541004000000 53.485832690999999)","Unfall 8648 (2016) Kat:3, Licht: 0","8648","3","3","5","07","17","2","","0","0","0","0","1"
"POINT (10.021854980000001 53.543606017000002)","Unfall 8650 (2016) Kat:3, Licht: 0","8650","3","6","2","05","19","1","","0","0","1","0","0"
"POINT (9.909676849000000 53.641420502999999)","Unfall 8651 (2016) Kat:3, Licht: 1","8651","3","2","3","06","21","1","","1","0","1","0","0"
"POINT (10.025481412000000 53.517046331000003)","Unfall 8652 (2016) Kat:3, Licht: 0","8652","3","1","0","06","20","4","","0","0","0","0","1"
"POINT (9.959622906000000 53.575018086000000)","Unfall 8653 (2016) Kat:2, Licht: 2","8653","2","4","6","12","05","1","","2","0","1","1","0"
"POINT (10.012577063000000 53.547756603000003)","Unfall 8654 (2016) Kat:3, Licht: 0","8654","3","1","9","07","16","3","","0","0","1","0","0"
"POINT (9.912127677999999 53.565483819999997)","Unfall 8655 (2016) Kat:2, Licht: 0","8655","2","6","4","11","10","3","","0","1","0","0","0"
"POINT (9.908272359000000 53.645561032000003)","Unfall 8656 (2016) Kat:3, Licht: 0","8656","3","6","2","06","12","2","","0","0","1","0","0"
"POINT (9.877095194000001 53.570009014999997)","Unfall 8658 (2016) Kat:3, Licht: 0","8658","3","2","3","06","09","5","","0","1","0","0","0"
"POINT (9.836817867000001 53.573893408000004)","Unfall 8659 (2016) Kat:3, Licht: 2","8659","3","2","5","10","06","5","","2","1","1","0","0"
"POINT (10.032381254000001 53.540411110999997)","Unfall 8660 (2016) Kat:3, Licht: 2","8660","3","3","5","10","02","5","","2","0","1","0","0"
"POINT (10.010827362000001 53.622296001999999)","Unfall 8661 (2016) Kat:2, Licht: 0","8661","2","7","4","06","05","2","","0","0","1","0","0"
"POINT (10.032661475999999 53.492281509999998)","Unfall 8662 (2016) Kat:3, Licht: 0","8662","3","6","2","09","17","4","","0","0","1","0","0"
"POINT (9.920192495000000 53.604449971000001)","Unfall 8663 (2016) Kat:3, Licht: 0","8663","3","6","3","05","13","1","","0","0","1","0","1"
"POINT (9.961455137000000 53.604951084000000)","Unfall 8664 (2016) Kat:3, Licht: 1","8664","3","3","5","12","16","6","","1","1","1","0","0"
"POINT (9.908721837000000 53.622482972000000)","Unfall 8667 (2016) Kat:3, Licht: 0","8667","3","6","2","05","16","1","","0","0","1","0","0"
"POINT (9.979618114999999 53.464364988000000)","Unfall 8668 (2016) Kat:3, Licht: 0","8668","3","6","2","10","16","2","","0","0","1","0","0"
"POINT (9.915721015000001 53.581734701000002)","Unfall 8669 (2016) Kat:3, Licht: 1","8669","3","1","9","11","07","1","","1","0","1","0","0"
"POINT (9.941630954000001 53.563541123000000)","Unfall 8670 (2016) Kat:3, Licht: 0","8670","3","3","5","10","17","6","","0","1","1","0","0"
"POINT (9.934829483000000 53.580237928000003)","Unfall 8671 (2016) Kat:3, Licht: 0","8671","3","6","2","09","09","5","","0","0","1","0","0"
"POINT (9.888326955000000 53.471951138999998)","Unfall 8672 (2016) Kat:3, Licht: 0","8672","3","3","5","09","07","4","","0","1","1","0","0"
"POINT (9.953312545999999 53.612854777999999)","Unfall 8673 (2016) Kat:3, Licht: 0","8673","3","6","3","05","17","1","","0","0","1","0","0"
"POINT (9.919767622000000 53.470569521000002)","Unfall 8674 (2016) Kat:3, Licht: 0","8674","3","2","2","08","11","2","","0","0","1","0","0"
"POINT (9.889630591000000 53.471897951000003)","Unfall 8675 (2016) Kat:3, Licht: 0","8675","3","6","2","08","10","2","","0","0","1","0","1"
"POINT (9.846449398000001 53.572872566000001)","Unfall 8678 (2016) Kat:3, Licht: 0","8678","3","3","5","08","18","2","","0","1","0","0","0"
"POINT (9.923089971000000 53.634592599999998)","Unfall 8680 (2016) Kat:3, Licht: 0","8680","3","3","5","08","14","2","","0","0","1","0","0"
"POINT (9.850010851000000 53.472685063000000)","Unfall 8681 (2016) Kat:3, Licht: 0","8681","3","2","5","07","10","2","","0","1","1","0","0"
"POINT (10.026051721000000 53.551922476000001)","Unfall 8682 (2016) Kat:3, Licht: 0","8682","3","2","3","06","18","6","","0","0","1","0","1"
"POINT (10.018132460000000 53.585611604000000)","Unfall 8683 (2016) Kat:3, Licht: 0","8683","3","7","6","09","07","3","","0","1","0","1","0"
"POINT (10.001628747000000 53.547503780000000)","Unfall 8684 (2016) Kat:3, Licht: 2","8684","3","6","3","05","00","1","","2","0","1","0","1"
"POINT (9.810029278000000 53.578046663999999)","Unfall 8685 (2016) Kat:3, Licht: 2","8685","3","2","5","12","20","7","","2","0","1","0","0"
"POINT (9.960039380000000 53.560038788999996)","Unfall 8686 (2016) Kat:3, Licht: 0","8686","3","6","1","11","14","4","","0","0","1","0","0"
"POINT (9.966934293000000 53.552240970000000)","Unfall 8687 (2016) Kat:3, Licht: 0","8687","3","3","4","07","09","2","","0","1","0","0","0"
"POINT (10.029289723000000 53.535177075000000)","Unfall 8691 (2016) Kat:3, Licht: 0","8691","3","6","2","05","19","7","","0","0","1","0","0"
"POINT (9.865011796999999 53.471519884999999)","Unfall 8693 (2016) Kat:3, Licht: 1","8693","3","3","5","06","21","5","","1","0","1","0","0"
"POINT (9.944110222999999 53.569165914999999)","Unfall 8694 (2016) Kat:2, Licht: 0","8694","2","4","6","05","19","7","","0","0","1","1","0"
"POINT (9.938682517000000 53.575715860999999)","Unfall 8695 (2016) Kat:3, Licht: 0","8695","3","3","5","06","10","2","","0","1","1","0","0"
"POINT (10.202332688000000 53.491200325999998)","Unfall 8696 (2016) Kat:3, Licht: 1","8696","3","3","5","11","07","4","","1","1","1","0","0"
"POINT (9.908738501000000 53.470752441000002)","Unfall 8697 (2016) Kat:3, Licht: 0","8697","3","6","3","07","14","7","","0","0","1","0","0"
"POINT (9.931835982000001 53.587729523000000)","Unfall 8698 (2016) Kat:3, Licht: 0","8698","3","6","2","06","08","4","","0","0","1","0","0"
"POINT (9.997311379999999 53.494283152999998)","Unfall 8699 (2016) Kat:3, Licht: 0","8699","3","6","2","09","10","5","","0","0","1","0","0"
"POINT (9.958145629000001 53.446738615000001)","Unfall 8700 (2016) Kat:3, Licht: 0","8700","3","5","1","07","16","4","","0","1","1","0","0"
"POINT (9.987462323000001 53.603233529999997)","Unfall 8701 (2016) Kat:2, Licht: 2","8701","2","3","5","06","23","6","","2","1","1","0","0"
"POINT (9.985967574000000 53.547826770999997)","Unfall 8702 (2016) Kat:3, Licht: 2","8702","3","6","1","09","22","4","","2","0","1","0","0"
"POINT (9.917554826000000 53.609201497999997)","Unfall 8703 (2016) Kat:3, Licht: 0","8703","3","6","3","05","09","6","","0","0","1","0","0"
"POINT (10.026010193999999 53.551315131999999)","Unfall 8704 (2016) Kat:3, Licht: 2","8704","3","3","5","12","18","1","","2","0","1","0","0"
"POINT (10.032679446000000 53.565691616000002)","Unfall 8705 (2016) Kat:3, Licht: 2","8705","3","3","5","11","19","5","","2","0","1","0","0"
"POINT (9.968267513000001 53.587171982999998)","Unfall 8706 (2016) Kat:2, Licht: 0","8706","2","3","5","07","09","3","","0","1","1","0","0"
"POINT (9.956732043000001 53.611106561000000)","Unfall 8710 (2016) Kat:3, Licht: 0","8710","3","6","2","07","09","2","","0","0","1","0","0"
"POINT (9.986548281999999 53.547730064000000)","Unfall 8712 (2016) Kat:2, Licht: 0","8712","2","6","0","06","16","7","","0","0","0","0","1"
"POINT (9.920545278000001 53.604335214999999)","Unfall 8713 (2016) Kat:3, Licht: 0","8713","3","6","2","05","15","6","","0","0","1","0","0"
"POINT (10.089426382999999 53.563252513999998)","Unfall 8714 (2016) Kat:3, Licht: 0","8714","3","6","1","06","07","5","","0","0","1","0","0"
"POINT (9.921169646999999 53.516372896999997)","Unfall 8715 (2016) Kat:3, Licht: 0","8715","3","6","2","06","09","3","","0","0","1","0","0"
"POINT (10.057728098000000 53.509439575999998)","Unfall 8716 (2016) Kat:3, Licht: 2","8716","3","6","2","12","21","5","","2","0","1","0","0"
"POINT (10.019111114999999 53.580440342000003)","Unfall 8717 (2016) Kat:3, Licht: 0","8717","3","3","5","07","09","2","","0","1","1","0","0"
"POINT (9.948394256000000 53.573432517999997)","Unfall 8718 (2016) Kat:3, Licht: 0","8718","3","3","5","06","17","4","","0","1","1","0","0"
"POINT (10.031395031000001 53.566760356000003)","Unfall 8720 (2016) Kat:3, Licht: 0","8720","3","3","5","06","18","4","","0","1","1","0","0"
"POINT (9.911867799000000 53.565549681999997)","Unfall 8721 (2016) Kat:3, Licht: 0","8721","3","6","2","10","10","4","","0","0","1","0","0"
"POINT (9.952116809000000 53.561873757000001)","Unfall 8722 (2016) Kat:3, Licht: 2","8722","3","7","0","10","18","5","","2","1","0","0","0"
"POINT (10.083480981999999 53.506895127999996)","Unfall 8723 (2016) Kat:1, Licht: 0","8723","1","1","9","06","16","1","","0","0","0","0","1"
"POINT (10.139187794000000 53.533054256000000)","Unfall 8724 (2016) Kat:3, Licht: 2","8724","3","6","3","09","05","3","","2","0","1","0","0"
"POINT (9.811059229000000 53.577928061999998)","Unfall 8725 (2016) Kat:3, Licht: 0","8725","3","7","4","05","09","6","","0","0","1","0","0"
"POINT (10.026526969000001 53.519574914000003)","Unfall 8726 (2016) Kat:3, Licht: 0","8726","3","6","2","09","12","1","","0","0","1","0","0"
"POINT (10.262370070999999 53.472174914000000)","Unfall 8727 (2016) Kat:3, Licht: 0","8727","3","3","5","08","17","4","","0","0","1","0","1"
"POINT (9.950531088000000 53.572531376999997)","Unfall 8728 (2016) Kat:3, Licht: 2","8728","3","3","5","12","17","1","","2","1","1","0","0"
"POINT (10.135500987000000 53.526601843999998)","Unfall 8731 (2016) Kat:3, Licht: 2","8731","3","1","8","10","04","1","","2","0","1","0","0"
"POINT (9.924242493000000 53.635425890999997)","Unfall 8732 (2016) Kat:3, Licht: 2","8732","3","6","3","11","17","6","","2","0","1","0","0"
"POINT (10.034871502000000 53.507508590999997)","Unfall 8733 (2016) Kat:3, Licht: 0","8733","3","6","2","10","16","3","","0","0","1","0","0"
"POINT (10.090849018000000 53.508120409999997)","Unfall 8734 (2016) Kat:2, Licht: 0","8734","2","6","3","09","16","4","","0","0","1","0","0"
"POINT (9.998320661999999 53.594444772000003)","Unfall 8735 (2016) Kat:3, Licht: 0","8735","3","7","5","09","11","2","","0","0","0","0","0"
"POINT (9.957560941000001 53.610688439999997)","Unfall 8736 (2016) Kat:3, Licht: 0","8736","3","3","0","05","16","6","","0","1","1","0","0"
"POINT (10.031836396999999 53.566404724999998)","Unfall 8737 (2016) Kat:3, Licht: 0","8737","3","3","0","08","16","7","","0","0","1","0","0"
"POINT (10.025970625999999 53.520557140999998)","Unfall 8738 (2016) Kat:3, Licht: 1","8738","3","6","2","11","07","3","","1","0","1","0","0"
"POINT (9.977071630999999 53.587586866000002)","Unfall 8739 (2016) Kat:3, Licht: 0","8739","3","2","4","08","12","2","","0","0","1","0","0"
"POINT (9.996365637000000 53.594127231999998)","Unfall 8742 (2016) Kat:3, Licht: 0","8742","3","6","2","08","10","7","","0","0","1","0","0"
"POINT (10.135019405000000 53.526779675999997)","Unfall 8744 (2016) Kat:3, Licht: 2","8744","3","6","1","07","04","6","","2","0","1","0","0"
"POINT (10.032667320000000 53.492288401000003)","Unfall 8745 (2016) Kat:3, Licht: 0","8745","3","6","2","07","10","7","","0","0","1","0","0"
"POINT (9.986873046000000 53.603392589999999)","Unfall 8746 (2016) Kat:3, Licht: 0","8746","3","2","5","06","18","6","","0","1","1","0","0"
"POINT (9.965843509999999 53.553124152999999)","Unfall 8747 (2016) Kat:3, Licht: 2","8747","3","2","3","11","02","7","","2","1","1","0","0"
"POINT (9.967406812000000 53.551930081000002)","Unfall 8748 (2016) Kat:3, Licht: 0","8748","3","6","3","09","12","3","","0","0","1","0","0"
"POINT (9.990019697999999 53.605941739000002)","Unfall 8749 (2016) Kat:3, Licht: 0","8749","3","3","5","05","14","6","","0","0","1","0","0"
"POINT (9.969572760000000 53.584044220000003)","Unfall 8750 (2016) Kat:3, Licht: 2","8750","3","2","4","12","20","6","","2","0","1","0","0"
"POINT (10.219248792000000 53.487351080000003)","Unfall 8751 (2016) Kat:3, Licht: 0","8751","3","3","5","11","14","3","","0","0","1","0","0"
"POINT (10.086282299000001 53.507486614999998)","Unfall 8752 (2016) Kat:3, Licht: 0","8752","3","6","2","07","18","6","","0","0","1","0","1"
"POINT (10.038820335000000 53.559384313999999)","Unfall 8755 (2016) Kat:3, Licht: 0","8755","3","2","3","05","18","5","","0","1","0","0","0"
"POINT (9.999378853000000 53.613012144000002)","Unfall 8756 (2016) Kat:3, Licht: 0","8756","3","2","5","05","15","2","","0","1","1","0","0"
"POINT (9.962067921999999 53.577820993000003)","Unfall 8758 (2016) Kat:3, Licht: 0","8758","3","3","0","06","19","4","","0","1","0","0","0"
"POINT (9.860995732999999 53.571859416999999)","Unfall 8759 (2016) Kat:3, Licht: 0","8759","3","6","3","05","08","5","","0","1","0","0","0"
"POINT (9.841129872000000 53.472407173000001)","Unfall 8760 (2016) Kat:3, Licht: 0","8760","3","6","3","06","17","7","","0","0","1","0","1"
"POINT (9.954659400000001 53.561369151999997)","Unfall 8761 (2016) Kat:2, Licht: 2","8761","2","4","6","11","16","4","","2","0","1","1","0"
"POINT (10.039411800000000 53.557984017999999)","Unfall 8762 (2016) Kat:3, Licht: 0","8762","3","6","4","07","20","5","","0","1","0","0","0"
"POINT (9.937828245000000 53.576712671999999)","Unfall 8764 (2016) Kat:3, Licht: 0","8764","3","6","3","10","10","2","","0","0","1","0","0"
"POINT (9.922913943999999 53.595137489999999)","Unfall 8765 (2016) Kat:3, Licht: 0","8765","3","6","2","10","12","3","","0","0","1","0","0"
"POINT (10.116007774000000 53.486572483000003)","Unfall 8766 (2016) Kat:3, Licht: 2","8766","3","7","8","09","21","2","","2","0","1","0","0"
"POINT (9.898093810000001 53.622232918000002)","Unfall 8767 (2016) Kat:3, Licht: 1","8767","3","6","1","09","06","2","","1","0","1","0","0"
"POINT (9.983928809000000 53.594952566000003)","Unfall 8768 (2016) Kat:2, Licht: 0","8768","2","3","4","05","20","5","","0","1","1","0","0"
"POINT (9.931359084000000 53.629088430000003)","Unfall 8769 (2016) Kat:3, Licht: 0","8769","3","6","2","09","10","6","","0","0","0","0","0"
"POINT (10.026696796000000 53.516933819000002)","Unfall 8770 (2016) Kat:3, Licht: 0","8770","3","1","0","08","16","6","","0","0","1","0","0"
"POINT (10.040635482000001 53.554314757000000)","Unfall 8771 (2016) Kat:3, Licht: 2","8771","3","2","0","12","18","4","","2","1","1","0","0"
"POINT (9.940243149000001 53.471093131000003)","Unfall 8774 (2016) Kat:3, Licht: 0","8774","3","3","5","08","12","5","","0","0","1","0","1"
"POINT (10.033599423000000 53.541407671000002)","Unfall 8776 (2016) Kat:3, Licht: 1","8776","3","2","4","08","20","6","","1","0","1","0","0"
"POINT (9.987247749000000 53.459067732999998)","Unfall 8777 (2016) Kat:3, Licht: 2","8777","3","6","2","10","20","7","","2","0","1","0","0"
"POINT (9.978270459000001 53.464765937000003)","Unfall 8778 (2016) Kat:3, Licht: 0","8778","3","2","3","09","16","2","","0","1","1","0","0"
"POINT (9.977038168000000 53.549369919999997)","Unfall 8780 (2016) Kat:3, Licht: 2","8780","3","6","2","10","19","3","","2","0","1","0","0"