WKT,Name,OBJECTID,UKATEGORIE,UTYP1,UART,UMONAT,USTUNDE,UWOCHENTAG,STRZUSTAND,ULICHTVERH,ISTRAD,ISTPKW,ISTFUSS,ISTKRAD
"POINT (10.138720384999999 53.566211811000002)","Unfall 8781 (2016) Kat:2, Licht: 0","8781","2","6","3","10","12","4","","0","0","1","0","0"
"POINT (9.813347200000001 53.577748546999999)","Unfall 8782 (2016) Kat:3, Licht: 0","8782","3","1","9","06","13","7","","0","0","1","0","0"
"POINT (10.022094076000000 53.526193894000002)","Unfall 8783 (2016) Kat:3, Licht: 2","8783","3","7","0","09","21","2","","2","0","1","0","0"
"POINT (9.962339327000001 53.602487347999997)","Unfall 8784 (2016) Kat:3, Licht: 2","8784","3","7","3","05","00","5","","2","0","1","0","1"
"POINT (9.963699221000001 53.579485163000001)","Unfall 8785 (2016) Kat:3, Licht: 1","8785","3","2","2","09","19","1","","1","0","1","0","0"
"POINT (9.996565835000000 53.456892240000002)","Unfall 8786 (2016) Kat:3, Licht: 0","8786","3","6","2","08","09","2","","0","0","1","0","0"
"POINT (10.166863469999999 53.514505534999998)","Unfall 8787 (2016) Kat:2, Licht: 2","8787","2","4","6","12","07","5","","2","0","1","1","0"
"POINT (10.147295077000001 53.544028697999998)","Unfall 8790 (2016) Kat:3, Licht: 0","8790","3","6","3","08","16","6","","0","0","1","0","0"
"POINT (9.988477735000000 53.547409066999997)","Unfall 8791 (2016) Kat:2, Licht: 2","8791","2","2","6","11","18","5","","2","0","1","1","0"
"POINT (9.964968745000000 53.468962949999998)","Unfall 8792 (2016) Kat:3, Licht: 0","8792","3","6","2","10","18","1","","0","0","1","0","0"
"POINT (9.867525111999999 53.471634621000000)","Unfall 8793 (2016) Kat:3, Licht: 0","8793","3","5","5","09","10","3","","0","0","1","0","0"
"POINT (9.928638382000001 53.470790088000001)","Unfall 8794 (2016) Kat:3, Licht: 0","8794","3","6","2","09","12","7","","0","0","1","0","0"
"POINT (10.031745216999999 53.543613581999999)","Unfall 8795 (2016) Kat:3, Licht: 0","8795","3","6","1","05","07","4","","0","0","1","0","0"
"POINT (10.034884622000000 53.495293429000000)","Unfall 8796 (2016) Kat:3, Licht: 0","8796","3","6","3","12","15","4","","0","0","1","0","0"
"POINT (9.879620703000001 53.568989651999999)","Unfall 8797 (2016) Kat:3, Licht: 2","8797","3","2","5","11","18","2","","2","0","1","0","0"
"POINT (9.849608054000001 53.572658910999998)","Unfall 8800 (2016) Kat:3, Licht: 0","8800","3","3","5","08","15","5","","0","1","1","0","0"
"POINT (10.019253888000000 53.576965842000000)","Unfall 8802 (2016) Kat:3, Licht: 0","8802","3","7","6","07","08","5","","0","1","0","1","0"
"POINT (10.031292328999999 53.537885731000003)","Unfall 8803 (2016) Kat:3, Licht: 0","8803","3","6","2","07","16","5","","0","0","1","0","0"
"POINT (9.920762643000000 53.517930773000003)","Unfall 8805 (2016) Kat:3, Licht: 2","8805","3","6","2","11","17","5","","2","0","1","0","0"
"POINT (9.965089154999999 53.553945491000000)","Unfall 8806 (2016) Kat:2, Licht: 0","8806","2","7","8","05","13","4","","0","0","1","0","0"
"POINT (10.102311253000000 53.511381866000001)","Unfall 8807 (2016) Kat:3, Licht: 0","8807","3","6","2","12","10","5","","0","0","1","0","0"
"POINT (10.016297681999999 53.545432839000000)","Unfall 8808 (2016) Kat:3, Licht: 0","8808","3","6","3","07","12","7","","0","0","1","0","0"
"POINT (9.944566061000000 53.565263364000003)","Unfall 8809 (2016) Kat:3, Licht: 0","8809","3","2","3","11","15","3","","0","1","0","0","0"
"POINT (9.958273305000001 53.610197780000000)","Unfall 8810 (2016) Kat:3, Licht: 0","8810","3","2","6","06","13","5","","0","0","0","1","1"
"POINT (9.933670557999999 53.530873704999998)","Unfall 8811 (2016) Kat:3, Licht: 2","8811","3","6","2","11","17","3","","2","0","1","0","0"
"POINT (10.021817840000001 53.543454992999997)","Unfall 8813 (2016) Kat:3, Licht: 0","8813","3","2","5","05","19","3","","0","0","1","0","1"
"POINT (10.031769145000000 53.543583112999997)","Unfall 8815 (2016) Kat:3, Licht: 0","8815","3","6","2","05","10","3","","0","0","1","0","0"
"POINT (10.025151296000001 53.464067591000003)","Unfall 8816 (2016) Kat:3, Licht: 2","8816","3","6","2","11","16","2","","2","0","1","0","0"
"POINT (9.929305423000001 53.645023086999998)","Unfall 8817 (2016) Kat:3, Licht: 0","8817","3","6","2","07","13","5","","0","0","1","0","0"
"POINT (9.932292217000001 53.527002316999997)","Unfall 8819 (2016) Kat:3, Licht: 2","8819","3","6","2","10","00","7","","2","0","1","0","0"
"POINT (9.840285081999999 53.472312033999998)","Unfall 8820 (2016) Kat:2, Licht: 0","8820","2","4","6","10","12","2","","0","0","1","1","0"
"POINT (9.900281764000001 53.564911465999998)","Unfall 8821 (2016) Kat:3, Licht: 1","8821","3","6","1","09","06","2","","1","0","1","0","0"
"POINT (10.027157130999999 53.556146912999999)","Unfall 8822 (2016) Kat:2, Licht: 0","8822","2","3","5","09","10","1","","0","0","1","0","1"
"POINT (9.868827244000000 53.571209590999999)","Unfall 8823 (2016) Kat:3, Licht: 0","8823","3","6","2","05","10","3","","0","0","1","0","0"
"POINT (10.034578643000000 53.564102775000002)","Unfall 8824 (2016) Kat:3, Licht: 0","8824","3","3","5","08","18","4","","0","0","1","0","0"
"POINT (9.924498414000000 53.539342488999999)","Unfall 8825 (2016) Kat:3, Licht: 0","8825","3","6","2","08","20","6","","0","0","1","0","0"
"POINT (10.026459984000001 53.551547990000003)","Unfall 8826 (2016) Kat:3, Licht: 0","8826","3","3","5","12","08","2","","0","0","1","0","0"
"POINT (9.949316025000000 53.573175585000001)","Unfall 8829 (2016) Kat:3, Licht: 2","8829","3","6","2","08","00","5","","2","0","1","0","0"
"POINT (10.015613341000000 53.517375358999999)","Unfall 8831 (2016) Kat:3, Licht: 0","8831","3","6","2","08","10","5","","0","0","1","0","0"
"POINT (9.921297281999999 53.470602870000000)","Unfall 8832 (2016) Kat:3, Licht: 0","8832","3","6","2","09","15","6","","0","0","1","0","0"
"POINT (10.081011755000000 53.507008419000002)","Unfall 8833 (2016) Kat:3, Licht: 2","8833","3","1","2","09","03","5","","2","0","1","0","0"
"POINT (9.948891503000001 53.573374227000002)","Unfall 8834 (2016) Kat:3, Licht: 0","8834","3","2","4","05","10","3","","0","0","1","0","0"
"POINT (10.025685645999999 53.553271701000000)","Unfall 8835 (2016) Kat:3, Licht: 0","8835","3","6","3","12","10","3","","0","1","1","0","0"
"POINT (10.021632263000001 53.543520944000001)","Unfall 8836 (2016) Kat:3, Licht: 0","8836","3","6","2","11","10","6","","0","0","1","0","0"
"POINT (9.925915285000000 53.470716732000000)","Unfall 8840 (2016) Kat:3, Licht: 0","8840","3","6","2","07","17","2","","0","0","1","0","0"
"POINT (9.902304431999999 53.564959340999998)","Unfall 8842 (2016) Kat:3, Licht: 0","8842","3","1","8","05","18","2","","0","0","1","0","0"
"POINT (9.934602234000000 53.580556170999998)","Unfall 8843 (2016) Kat:3, Licht: 2","8843","3","2","4","06","23","2","","2","1","1","0","0"
"POINT (10.019271911000001 53.582938786000000)","Unfall 8844 (2016) Kat:3, Licht: 0","8844","3","3","5","12","12","2","","0","1","1","0","0"
"POINT (10.147120035000000 53.542447961999997)","Unfall 8845 (2016) Kat:2, Licht: 0","8845","2","1","9","07","10","4","","0","0","1","0","0"
"POINT (9.820192847000000 53.576837646999998)","Unfall 8846 (2016) Kat:3, Licht: 2","8846","3","2","5","11","17","4","","2","0","1","0","0"
"POINT (9.914119310000000 53.511975251999999)","Unfall 8847 (2016) Kat:2, Licht: 1","8847","2","1","9","06","21","2","","1","0","1","0","0"
"POINT (10.032234712999999 53.543369611000003)","Unfall 8849 (2016) Kat:3, Licht: 0","8849","3","2","4","06","12","5","","0","0","1","0","0"
"POINT (10.015843069000001 53.588757207000000)","Unfall 8850 (2016) Kat:3, Licht: 0","8850","3","6","2","10","12","6","","0","0","1","0","0"
"POINT (10.056847674000000 53.509297812000000)","Unfall 8851 (2016) Kat:3, Licht: 0","8851","3","6","3","09","14","6","","0","0","1","0","0"
"POINT (9.969818434000001 53.584050607000002)","Unfall 8852 (2016) Kat:3, Licht: 0","8852","3","7","0","05","18","2","","0","0","1","0","1"
"POINT (9.944883829000000 53.648959407000000)","Unfall 8853 (2016) Kat:3, Licht: 0","8853","3","6","1","12","08","4","","0","0","1","0","0"
"POINT (9.969605267000000 53.584048733000003)","Unfall 8854 (2016) Kat:3, Licht: 2","8854","3","2","4","11","17","1","","2","0","1","0","0"
"POINT (10.032880140000000 53.540881382999999)","Unfall 8858 (2016) Kat:3, Licht: 0","8858","3","6","3","07","19","4","","0","0","1","0","0"
"POINT (10.183423248000000 53.506301649999997)","Unfall 8860 (2016) Kat:3, Licht: 0","8860","3","6","2","11","09","4","","0","0","1","0","0"
"POINT (9.917207055000000 53.564323219000002)","Unfall 8861 (2016) Kat:3, Licht: 0","8861","3","2","4","05","17","7","","0","0","1","0","0"
"POINT (10.004360392000001 53.592072698000003)","Unfall 8862 (2016) Kat:3, Licht: 0","8862","3","1","0","06","08","3","","0","0","0","0","1"
"POINT (9.919927404999999 53.604833425999999)","Unfall 8863 (2016) Kat:3, Licht: 0","8863","3","6","3","12","13","3","","0","0","1","0","0"
"POINT (9.952934993000000 53.613060955999998)","Unfall 8864 (2016) Kat:3, Licht: 0","8864","3","3","5","07","08","6","","0","1","1","0","0"
"POINT (10.027053052999999 53.555896296000000)","Unfall 8865 (2016) Kat:3, Licht: 2","8865","3","6","2","11","17","7","","2","0","1","0","0"
"POINT (10.026276401000001 53.557151973000003)","Unfall 8866 (2016) Kat:3, Licht: 0","8866","3","6","2","06","13","4","","0","0","1","0","1"
"POINT (9.846696626000000 53.472823112000000)","Unfall 8868 (2016) Kat:3, Licht: 0","8868","3","4","0","06","09","6","","0","0","0","1","1"
"POINT (10.009635131000000 53.547781831999998)","Unfall 8869 (2016) Kat:3, Licht: 2","8869","3","6","3","10","00","7","","2","0","1","0","0"
"POINT (9.964162856000000 53.556838192000001)","Unfall 8870 (2016) Kat:3, Licht: 2","8870","3","4","6","10","04","7","","2","0","1","1","0"
"POINT (9.938219535000000 53.563662006000001)","Unfall 8872 (2016) Kat:3, Licht: 0","8872","3","6","1","05","16","7","","0","0","1","0","0"
"POINT (10.027060025000001 53.555907582000003)","Unfall 8875 (2016) Kat:3, Licht: 0","8875","3","6","2","05","19","5","","0","0","1","0","0"
"POINT (9.987940461999999 53.603784103999999)","Unfall 8876 (2016) Kat:3, Licht: 0","8876","3","6","2","11","12","2","","0","0","1","0","0"
"POINT (10.026772013000000 53.556418258000001)","Unfall 8877 (2016) Kat:3, Licht: 1","8877","3","6","3","10","07","6","","1","0","1","0","1"
"POINT (9.982413036000001 53.548599830000001)","Unfall 8878 (2016) Kat:3, Licht: 0","8878","3","6","4","10","16","2","","0","1","0","0","0"
"POINT (9.944034005000001 53.568211194000000)","Unfall 8879 (2016) Kat:2, Licht: 0","8879","2","3","0","09","18","1","","0","0","1","0","0"
"POINT (9.998455385000000 53.462457604999997)","Unfall 8880 (2016) Kat:3, Licht: 2","8880","3","6","2","09","06","6","","2","0","1","0","0"
"POINT (9.912121052000000 53.565485498999998)","Unfall 8881 (2016) Kat:3, Licht: 0","8881","3","6","2","05","16","5","","0","0","1","0","0"
"POINT (9.996682977000001 53.456861029999999)","Unfall 8882 (2016) Kat:3, Licht: 1","8882","3","2","1","08","20","3","","1","0","1","0","0"
"POINT (9.984625971000000 53.601317105000000)","Unfall 8883 (2016) Kat:3, Licht: 0","8883","3","6","3","08","08","5","","0","0","1","0","1"
"POINT (9.962075603000001 53.577829483000002)","Unfall 8884 (2016) Kat:3, Licht: 2","8884","3","3","5","12","00","1","","2","0","1","0","0"
"POINT (9.915378526000000 53.612534496999999)","Unfall 8887 (2016) Kat:3, Licht: 0","8887","3","6","3","08","13","4","","0","0","1","0","0"
"POINT (9.917240739000000 53.609827172000003)","Unfall 8889 (2016) Kat:3, Licht: 0","8889","3","6","3","08","17","4","","0","0","1","0","0"
"POINT (9.959403090000000 53.574624643999996)","Unfall 8890 (2016) Kat:3, Licht: 0","8890","3","6","6","09","07","6","","0","1","0","1","0"
"POINT (9.952606744000001 53.571481966999997)","Unfall 8891 (2016) Kat:3, Licht: 0","8891","3","3","5","06","14","6","","0","1","1","0","0"
"POINT (9.758066492999999 53.582958198999997)","Unfall 8892 (2016) Kat:3, Licht: 0","8892","3","6","2","09","16","4","","0","0","1","0","0"
"POINT (9.900407947000000 53.564890687000002)","Unfall 8893 (2016) Kat:3, Licht: 0","8893","3","3","5","05","10","5","","0","1","1","0","0"
"POINT (9.941784154000001 53.622111627999999)","Unfall 8894 (2016) Kat:3, Licht: 2","8894","3","6","1","12","17","2","","2","0","1","0","0"
"POINT (9.938967052000001 53.563644478999997)","Unfall 8895 (2016) Kat:3, Licht: 2","8895","3","6","2","11","16","6","","2","0","1","0","0"
"POINT (9.915386046000000 53.512730339000001)","Unfall 8896 (2016) Kat:3, Licht: 0","8896","3","6","3","07","05","3","","0","0","0","0","1"
"POINT (10.141795301000000 53.536325349999998)","Unfall 8900 (2016) Kat:1, Licht: 2","8900","1","6","2","07","22","2","","2","0","1","0","0"
"POINT (9.951860062000000 53.561908471999999)","Unfall 8902 (2016) Kat:3, Licht: 2","8902","3","5","1","06","23","1","","2","1","1","0","0"
"POINT (9.951300507999999 53.615313891000000)","Unfall 8903 (2016) Kat:3, Licht: 0","8903","3","6","3","05","18","5","","0","0","1","0","1"
"POINT (10.058123817000000 53.551051797000000)","Unfall 8904 (2016) Kat:3, Licht: 0","8904","3","6","1","06","15","6","","0","0","1","0","0"
"POINT (9.969518455999999 53.584036681999997)","Unfall 8905 (2016) Kat:3, Licht: 0","8905","3","2","5","06","14","4","","0","0","1","0","0"
"POINT (9.943679305000000 53.572757516999999)","Unfall 8906 (2016) Kat:3, Licht: 2","8906","3","6","2","12","20","7","","2","0","1","0","0"
"POINT (9.926930784000000 53.640003403000001)","Unfall 8907 (2016) Kat:3, Licht: 0","8907","3","6","1","07","11","3","","0","0","1","0","0"
"POINT (9.922729543000001 53.593994848000001)","Unfall 8908 (2016) Kat:3, Licht: 0","8908","3","6","2","11","08","2","","0","0","1","0","0"
"POINT (9.961537283000000 53.604704030000001)","Unfall 8909 (2016) Kat:3, Licht: 0","8909","3","6","2","06","11","4","","0","0","1","0","0"
"POINT (9.950977972000000 53.562026355000000)","Unfall 8910 (2016) Kat:3, Licht: 0","8910","3","7","6","06","15","2","","0","1","0","1","0"
"POINT (9.959288070000000 53.574413757999999)","Unfall 8912 (2016) Kat:3, Licht: 0","8912","3","7","5","06","15","5","","0","1","0","0","0"
"POINT (9.952214060999999 53.613519048000001)","Unfall 8913 (2016) Kat:3, Licht: 0","8913","3","6","0","10","08","5","","0","1","0","0","0"
"POINT (9.959674294999999 53.608384268000002)","Unfall 8914 (2016) Kat:3, Licht: 0","8914","3","7","3","10","16","5","","0","0","1","0","1"
"POINT (9.909683849000000 53.626938514999999)","Unfall 8915 (2016) Kat:3, Licht: 0","8915","3","6","2","06","07","2","","0","0","1","0","0"
"POINT (9.928850244000000 53.524230752999998)","Unfall 8916 (2016) Kat:3, Licht: 0","8916","3","6","2","09","16","4","","0","0","1","0","0"
"POINT (9.979890278999999 53.464284135000000)","Unfall 8917 (2016) Kat:3, Licht: 0","8917","3","6","3","05","18","4","","0","0","1","0","0"
"POINT (9.962352743000000 53.578094999999998)","Unfall 8918 (2016) Kat:3, Licht: 0","8918","3","6","1","09","10","2","","0","0","1","0","0"
"POINT (9.932281701999999 53.535122506999997)","Unfall 8919 (2016) Kat:3, Licht: 0","8919","3","6","2","12","13","5","","0","0","1","0","0"
"POINT (9.928206161000000 53.592512562000003)","Unfall 8922 (2016) Kat:3, Licht: 0","8922","3","6","1","05","14","4","","0","0","1","0","0"
"POINT (9.919510408000001 53.517085975999997)","Unfall 8923 (2016) Kat:3, Licht: 2","8923","3","6","3","10","20","2","","2","0","1","0","0"
"POINT (10.208794802000000 53.487928007999997)","Unfall 8924 (2016) Kat:3, Licht: 0","8924","3","4","6","11","14","7","","0","0","1","1","0"
"POINT (10.202366833999999 53.491183180999997)","Unfall 8925 (2016) Kat:3, Licht: 0","8925","3","3","5","10","15","5","","0","1","1","0","0"
"POINT (9.914830053999999 53.564814912000003)","Unfall 8926 (2016) Kat:3, Licht: 0","8926","3","2","5","09","08","5","","0","1","1","0","0"
"POINT (9.927601617000001 53.423977006000001)","Unfall 8927 (2016) Kat:3, Licht: 2","8927","3","6","1","09","19","4","","2","0","1","0","0"
"POINT (9.898670310000000 53.565356723999997)","Unfall 8928 (2016) Kat:3, Licht: 0","8928","3","6","4","05","07","4","","0","1","0","0","0"
"POINT (10.034106319999999 53.494027312999997)","Unfall 8929 (2016) Kat:3, Licht: 0","8929","3","6","2","08","15","7","","0","0","1","0","0"
"POINT (9.946734213999999 53.619001742999998)","Unfall 8930 (2016) Kat:3, Licht: 2","8930","3","6","2","11","17","4","","2","0","1","0","0"
"POINT (9.820801709000000 53.576746053999997)","Unfall 8931 (2016) Kat:3, Licht: 0","8931","3","3","5","10","11","6","","0","0","1","0","0"
"POINT (10.141137756999999 53.535566029000002)","Unfall 8932 (2016) Kat:3, Licht: 0","8932","3","6","2","06","08","2","","0","0","1","0","0"
"POINT (9.975461770000001 53.465639836999998)","Unfall 8934 (2016) Kat:3, Licht: 0","8934","3","3","5","05","17","3","","0","0","1","0","0"
"POINT (9.941914729000001 53.572780053999999)","Unfall 8935 (2016) Kat:3, Licht: 2","8935","3","6","2","12","22","7","","2","0","1","0","0"
"POINT (9.952906902000001 53.613076343000003)","Unfall 8937 (2016) Kat:2, Licht: 0","8937","2","3","5","05","18","3","","0","1","1","0","0"
"POINT (9.923736138000001 53.563804984000001)","Unfall 8938 (2016) Kat:3, Licht: 0","8938","3","6","2","10","16","4","","0","0","0","0","0"
"POINT (9.900533196000000 53.471119121999998)","Unfall 8939 (2016) Kat:3, Licht: 0","8939","3","6","2","10","14","6","","0","0","1","0","0"
"POINT (9.979244623000000 53.549224381000002)","Unfall 8940 (2016) Kat:3, Licht: 0","8940","3","6","2","09","12","6","","0","0","1","0","0"
"POINT (9.927096964000000 53.456866853999998)","Unfall 8941 (2016) Kat:3, Licht: 0","8941","3","6","2","09","11","5","","0","0","1","0","0"
"POINT (9.955758964999999 53.611577613999998)","Unfall 8942 (2016) Kat:3, Licht: 0","8942","3","3","5","05","14","3","","0","0","1","0","0"
"POINT (9.930986014000000 53.629352247999996)","Unfall 8943 (2016) Kat:3, Licht: 0","8943","3","3","5","08","08","3","","0","0","1","0","0"
"POINT (10.024868887000000 53.542654542999998)","Unfall 8944 (2016) Kat:3, Licht: 0","8944","3","6","1","08","15","3","","0","0","1","0","0"
"POINT (9.935683107999999 53.647293423000001)","Unfall 8947 (2016) Kat:3, Licht: 0","8947","3","7","3","08","09","3","","0","0","1","0","0"
"POINT (9.969105130000001 53.450611993000003)","Unfall 8949 (2016) Kat:3, Licht: 0","8949","3","6","2","08","16","2","","0","0","1","0","0"
"POINT (9.962412250000000 53.578155078000002)","Unfall 8950 (2016) Kat:3, Licht: 2","8950","3","6","2","09","22","5","","2","0","1","0","0"
"POINT (10.030982439000001 53.544975811000000)","Unfall 8951 (2016) Kat:3, Licht: 0","8951","3","2","5","07","06","4","","0","1","1","0","0"
"POINT (9.987201991999999 53.547623739000002)","Unfall 8952 (2016) Kat:3, Licht: 0","8952","3","6","4","06","12","6","","0","1","0","0","0"
"POINT (10.031230968999999 53.544657049999998)","Unfall 8953 (2016) Kat:3, Licht: 0","8953","3","2","3","09","08","3","","0","1","1","0","0"
"POINT (9.968182963000000 53.583845142999998)","Unfall 8954 (2016) Kat:3, Licht: 0","8954","3","6","3","05","09","3","","0","1","1","0","0"
"POINT (10.040959442000000 53.552598359000001)","Unfall 8955 (2016) Kat:3, Licht: 0","8955","3","2","2","12","10","1","","0","0","1","0","0"
"POINT (9.949567514000000 53.573046404000003)","Unfall 8956 (2016) Kat:3, Licht: 2","8956","3","6","2","11","19","5","","2","0","1","0","0"
"POINT (10.042037834000000 53.552622378999999)","Unfall 8957 (2016) Kat:3, Licht: 2","8957","3","5","1","07","22","2","","2","0","1","0","1"
"POINT (10.024346810000001 53.482238316000000)","Unfall 8961 (2016) Kat:3, Licht: 0","8961","3","6","2","07","13","1","","0","0","1","0","0"
"POINT (9.910555798000001 53.577024105000000)","Unfall 8963 (2016) Kat:3, Licht: 0","8963","3","6","2","06","13","6","","0","0","1","0","0"
"POINT (9.963653754999999 53.600056162000001)","Unfall 8964 (2016) Kat:3, Licht: 0","8964","3","6","1","05","19","3","","0","0","1","0","0"
"POINT (10.029019233000000 53.451470587000003)","Unfall 8965 (2016) Kat:3, Licht: 0","8965","3","6","2","06","13","2","","0","0","1","0","0"
"POINT (10.021023298999999 53.575419807000003)","Unfall 8966 (2016) Kat:3, Licht: 2","8966","3","6","2","12","19","5","","2","0","1","0","0"
"POINT (9.943912608000000 53.563199265000002)","Unfall 8967 (2016) Kat:3, Licht: 2","8967","3","6","3","07","22","2","","2","0","1","0","0"
"POINT (9.983926734000001 53.595864130999999)","Unfall 8968 (2016) Kat:2, Licht: 0","8968","2","2","6","06","05","4","","0","0","1","1","0"
"POINT (9.906292627999999 53.565721361000001)","Unfall 8970 (2016) Kat:3, Licht: 0","8970","3","7","0","06","09","3","","0","0","0","0","0"
"POINT (9.969416135000000 53.584022478000001)","Unfall 8971 (2016) Kat:3, Licht: 2","8971","3","6","2","10","21","4","","2","0","1","0","0"
"POINT (9.951643829000000 53.470702383999999)","Unfall 8972 (2016) Kat:3, Licht: 0","8972","3","6","2","10","13","4","","0","0","0","0","1"
"POINT (9.941306836000001 53.622623988999997)","Unfall 8973 (2016) Kat:3, Licht: 2","8973","3","7","3","06","01","1","","2","0","1","0","0"
"POINT (9.936337319000000 53.578480311000000)","Unfall 8974 (2016) Kat:3, Licht: 0","8974","3","6","3","09","10","3","","0","0","1","0","0"
"POINT (9.908418321999999 53.618089296999997)","Unfall 8975 (2016) Kat:3, Licht: 0","8975","3","6","1","05","11","2","","0","0","1","0","0"
"POINT (10.025926065000000 53.558813612999998)","Unfall 8976 (2016) Kat:3, Licht: 0","8976","3","3","5","09","15","1","","0","0","1","0","0"
"POINT (9.899925313000001 53.564371332000000)","Unfall 8977 (2016) Kat:3, Licht: 0","8977","3","6","1","08","18","3","","0","0","1","0","0"
"POINT (10.012691959000000 53.547728364000001)","Unfall 8978 (2016) Kat:2, Licht: 2","8978","2","1","8","12","05","7","","2","0","1","0","0"
"POINT (10.037712764000000 53.498326243999998)","Unfall 8981 (2016) Kat:2, Licht: 2","8981","2","7","0","10","22","7","","2","0","0","0","0"
"POINT (9.933056970000001 53.585285417000001)","Unfall 8982 (2016) Kat:3, Licht: 0","8982","3","6","3","11","15","5","","0","0","1","0","0"
"POINT (10.136544448000000 53.530616913000003)","Unfall 8983 (2016) Kat:3, Licht: 0","8983","3","6","2","10","17","3","","0","0","1","0","0"
"POINT (10.033609275000000 53.541312861000002)","Unfall 8984 (2016) Kat:3, Licht: 0","8984","3","2","4","09","06","4","","0","1","1","0","0"
"POINT (9.929641959000000 53.591591790000003)","Unfall 8985 (2016) Kat:3, Licht: 2","8985","3","3","3","09","17","1","","2","1","1","0","0"
"POINT (10.214504132000000 53.486108234000000)","Unfall 8986 (2016) Kat:2, Licht: 0","8986","2","7","9","05","18","1","","0","0","1","0","0"
"POINT (9.911739145000000 53.565582558999999)","Unfall 8987 (2016) Kat:3, Licht: 0","8987","3","2","0","12","13","5","","0","0","1","0","0"
"POINT (10.026530031000000 53.551447863999996)","Unfall 8988 (2016) Kat:3, Licht: 0","8988","3","3","5","11","08","3","","0","0","1","1","0"
"POINT (9.877840200000000 53.471971664000002)","Unfall 8991 (2016) Kat:3, Licht: 0","8991","3","3","5","08","17","6","","0","0","1","0","1"
"POINT (9.932084309000000 53.587240911000002)","Unfall 8993 (2016) Kat:3, Licht: 0","8993","3","6","3","07","18","6","","0","0","1","0","0"
"POINT (9.903012419000000 53.565060934999998)","Unfall 8994 (2016) Kat:3, Licht: 0","8994","3","6","3","07","17","6","","0","0","1","0","0"
"POINT (9.906182848000000 53.565705647999998)","Unfall 8995 (2016) Kat:3, Licht: 0","8995","3","2","5","11","14","6","","0","1","1","0","0"
"POINT (10.215642325999999 53.486141310000001)","Unfall 8996 (2016) Kat:3, Licht: 0","8996","3","2","2","09","13","2","","0","1","1","0","0"
"POINT (9.991045389000000 53.547212365000000)","Unfall 8997 (2016) Kat:3, Licht: 0","8997","3","7","0","05","15","1","","0","1","0","0","0"
"POINT (9.991293656000000 53.547219812999998)","Unfall 8998 (2016) Kat:3, Licht: 2","8998","3","6","2","12","06","6","","2","0","1","0","0"
"POINT (9.928657862000000 53.592220578000003)","Unfall 8999 (2016) Kat:3, Licht: 2","8999","3","2","4","11","06","3","","2","0","1","0","0"
"POINT (9.974062825000001 53.549615566999996)","Unfall 9000 (2016) Kat:3, Licht: 0","9000","3","6","2","07","07","6","","0","0","1","0","0"
"POINT (9.961169219000000 53.606716548000001)","Unfall 9002 (2016) Kat:3, Licht: 1","9002","3","7","6","11","07","4","","1","0","1","1","0"
"POINT (10.014513136000000 53.547119185000000)","Unfall 9003 (2016) Kat:3, Licht: 0","9003","3","6","3","08","07","2","","0","0","1","0","0"
"POINT (10.038885844999999 53.559246166000001)","Unfall 9006 (2016) Kat:3, Licht: 0","9006","3","3","5","08","08","1","","0","0","1","0","0"
"POINT (10.026667901000000 53.551041558000001)","Unfall 9008 (2016) Kat:3, Licht: 0","9008","3","6","2","07","12","1","","0","0","1","0","0"
"POINT (9.983888645000000 53.600201161999998)","Unfall 9009 (2016) Kat:2, Licht: 0","9009","2","7","3","07","18","2","","0","0","1","0","1"
"POINT (9.924107370000000 53.454082773000003)","Unfall 9010 (2016) Kat:2, Licht: 0","9010","2","1","9","06","11","5","","0","0","1","0","0"
"POINT (9.897843931000001 53.557240878999998)","Unfall 9011 (2016) Kat:2, Licht: 0","9011","2","7","7","09","06","3","","0","0","1","0","1"
"POINT (9.949516947999999 53.470810016999998)","Unfall 9012 (2016) Kat:3, Licht: 0","9012","3","3","5","05","17","7","","0","1","0","0","0"
"POINT (10.062600594999999 53.509332624999999)","Unfall 9013 (2016) Kat:2, Licht: 0","9013","2","6","3","12","13","6","","0","0","1","0","0"
"POINT (10.027858929000001 53.517537640000000)","Unfall 9014 (2016) Kat:3, Licht: 0","9014","3","6","2","11","11","3","","0","0","1","0","0"
"POINT (9.987083081000000 53.603603708000001)","Unfall 9015 (2016) Kat:3, Licht: 0","9015","3","3","5","07","12","1","","0","0","1","0","0"
"POINT (9.985099107000000 53.601780644999998)","Unfall 9018 (2016) Kat:3, Licht: 1","9018","3","6","3","05","21","7","","1","0","1","0","1"
"POINT (9.898414321000001 53.622181189999999)","Unfall 9020 (2016) Kat:3, Licht: 0","9020","3","6","2","06","15","5","","0","0","1","0","0"
"POINT (9.969723184999999 53.584184217999997)","Unfall 9021 (2016) Kat:3, Licht: 0","9021","3","6","3","05","13","7","","0","0","1","0","1"
"POINT (10.262358879000001 53.472177154000001)","Unfall 9022 (2016) Kat:3, Licht: 0","9022","3","3","5","06","14","1","","0","0","1","0","1"
"POINT (10.019803788000001 53.581494644999999)","Unfall 9023 (2016) Kat:3, Licht: 2","9023","3","1","8","11","03","4","","2","0","1","0","0"
"POINT (9.914381386000001 53.614039716999997)","Unfall 9024 (2016) Kat:3, Licht: 0","9024","3","6","2","07","07","6","","0","0","1","0","0"
"POINT (10.065316186000000 53.550279179000000)","Unfall 9026 (2016) Kat:2, Licht: 0","9026","2","6","2","10","16","2","","0","0","1","0","0"
"POINT (10.005299693000000 53.591859313999997)","Unfall 9027 (2016) Kat:3, Licht: 0","9027","3","6","2","10","14","4","","0","0","1","0","0"
"POINT (10.026202983999999 53.556799898999998)","Unfall 9028 (2016) Kat:3, Licht: 1","9028","3","6","2","09","06","2","","1","0","1","0","0"
"POINT (9.968804815000000 53.551293907999998)","Unfall 9029 (2016) Kat:3, Licht: 0","9029","3","3","5","05","16","7","","0","1","1","0","0"
"POINT (9.976385009000000 53.416573071999998)","Unfall 9030 (2016) Kat:3, Licht: 0","9030","3","6","2","09","07","6","","0","0","1","0","0"