WKT,Name,OBJECTID,UKATEGORIE,UTYP1,UART,UMONAT,USTUNDE,UWOCHENTAG,STRZUSTAND,ULICHTVERH,ISTRAD,ISTPKW,ISTFUSS,ISTKRAD
"POINT (10.033195084000001 53.541509519999998)","Unfall 9031 (2016) Kat:3, Licht: 0","9031","3","6","2","08","17","1","","0","0","1","0","1"
"POINT (9.923441415999999 53.633347024000003)","Unfall 9032 (2016) Kat:3, Licht: 2","9032","3","6","2","12","07","5","","2","0","1","0","0"
"POINT (10.026140317999999 53.556843116000003)","Unfall 9035 (2016) Kat:3, Licht: 0","9035","3","6","3","08","15","6","","0","1","1","0","0"
"POINT (9.959376005999999 53.574574986000002)","Unfall 9036 (2016) Kat:3, Licht: 0","9036","3","2","5","08","16","7","","0","0","1","0","0"
"POINT (10.228140176000000 53.488064291000001)","Unfall 9037 (2016) Kat:3, Licht: 0","9037","3","3","5","11","16","4","","0","0","1","0","0"
"POINT (10.025905483000001 53.553823410000000)","Unfall 9038 (2016) Kat:3, Licht: 1","9038","3","6","2","10","19","1","","1","0","1","0","0"
"POINT (9.986798786000000 53.547685659999999)","Unfall 9039 (2016) Kat:3, Licht: 2","9039","3","2","5","09","20","3","","2","1","1","0","0"
"POINT (9.922547285000000 53.630500427999998)","Unfall 9040 (2016) Kat:3, Licht: 0","9040","3","1","0","09","16","7","","0","0","0","0","1"
"POINT (9.972412457000001 53.466610392000000)","Unfall 9041 (2016) Kat:2, Licht: 0","9041","2","7","5","05","11","6","","0","0","1","0","0"
"POINT (10.029225606000001 53.568537683999999)","Unfall 9042 (2016) Kat:3, Licht: 2","9042","3","2","5","12","17","4","","2","1","1","0","0"
"POINT (10.024747325000000 53.542681878000003)","Unfall 9043 (2016) Kat:3, Licht: 2","9043","3","6","2","11","17","1","","2","0","1","0","0"
"POINT (10.059494669999999 53.509239213999997)","Unfall 9046 (2016) Kat:2, Licht: 0","9046","2","6","3","08","18","4","","0","0","1","0","0"
"POINT (9.953628567000001 53.571098235999997)","Unfall 9048 (2016) Kat:3, Licht: 0","9048","3","6","2","07","10","5","","0","0","1","0","0"
"POINT (9.973574024000000 53.549706606999997)","Unfall 9049 (2016) Kat:3, Licht: 0","9049","3","2","3","07","07","5","","0","1","0","0","0"
"POINT (9.985236270000000 53.462429131000000)","Unfall 9051 (2016) Kat:3, Licht: 0","9051","3","6","2","11","09","4","","0","0","1","0","0"
"POINT (9.933667715000000 53.583549413000000)","Unfall 9052 (2016) Kat:3, Licht: 0","9052","3","2","5","05","13","6","","0","1","1","0","0"
"POINT (10.023034633000000 53.480740023000003)","Unfall 9053 (2016) Kat:3, Licht: 0","9053","3","6","2","06","12","3","","0","0","1","0","0"
"POINT (10.040489427000001 53.555725903000003)","Unfall 9054 (2016) Kat:3, Licht: 0","9054","3","6","2","12","11","4","","0","0","1","0","0"
"POINT (10.135659773000000 53.529428781999997)","Unfall 9055 (2016) Kat:3, Licht: 0","9055","3","7","7","07","06","6","","0","0","1","0","0"
"POINT (9.962985445999999 53.469481115000001)","Unfall 9056 (2016) Kat:3, Licht: 1","9056","3","2","4","11","07","2","","1","0","1","0","0"
"POINT (9.834160879000001 53.471740134000001)","Unfall 9057 (2016) Kat:3, Licht: 0","9057","3","1","8","06","18","4","","0","0","0","0","1"
"POINT (9.983896029000000 53.600118086000002)","Unfall 9058 (2016) Kat:3, Licht: 0","9058","3","1","4","10","12","2","","0","0","1","0","0"
"POINT (10.031039323000000 53.537604143999999)","Unfall 9059 (2016) Kat:3, Licht: 0","9059","3","2","5","10","14","7","","0","1","1","0","0"
"POINT (10.026140514000000 53.461588714999998)","Unfall 9061 (2016) Kat:3, Licht: 0","9061","3","6","2","05","10","5","","0","0","1","0","0"
"POINT (10.015675538000000 53.517379687999998)","Unfall 9063 (2016) Kat:2, Licht: 2","9063","2","3","5","05","22","5","","2","0","1","0","0"
"POINT (10.038819621000000 53.559385824000003)","Unfall 9064 (2016) Kat:3, Licht: 2","9064","3","2","5","11","05","2","","2","0","1","0","0"
"POINT (9.837231489000001 53.573807062000000)","Unfall 9065 (2016) Kat:3, Licht: 0","9065","3","3","5","07","20","4","","0","0","1","0","0"
"POINT (9.961897482000000 53.559139838000000)","Unfall 9067 (2016) Kat:3, Licht: 0","9067","3","6","2","10","16","7","","0","0","1","0","0"
"POINT (10.008044007000001 53.618434430999997)","Unfall 9068 (2016) Kat:3, Licht: 1","9068","3","6","4","10","18","2","","1","0","1","0","0"
"POINT (10.015748438999999 53.545774715999997)","Unfall 9069 (2016) Kat:3, Licht: 0","9069","3","6","2","09","15","1","","0","0","1","0","0"
"POINT (9.952713851000000 53.613189046000002)","Unfall 9070 (2016) Kat:2, Licht: 2","9070","2","1","0","09","21","7","","2","0","0","0","1"
"POINT (9.909351863000000 53.617910545000001)","Unfall 9071 (2016) Kat:2, Licht: 0","9071","2","7","1","05","10","5","","0","0","0","0","1"
"POINT (9.955344201000001 53.611786873000000)","Unfall 9072 (2016) Kat:3, Licht: 0","9072","3","6","1","08","17","4","","0","0","1","0","0"
"POINT (10.025890413999999 53.553315644000001)","Unfall 9073 (2016) Kat:3, Licht: 0","9073","3","6","2","08","17","5","","0","0","1","0","1"
"POINT (9.908194758000001 53.620439873000002)","Unfall 9074 (2016) Kat:3, Licht: 0","9074","3","2","5","12","12","2","","0","0","1","0","0"
"POINT (9.943958562000001 53.572604902999998)","Unfall 9078 (2016) Kat:3, Licht: 0","9078","3","6","2","05","11","5","","0","0","1","0","0"
"POINT (9.968625941000001 53.585983632999998)","Unfall 9080 (2016) Kat:3, Licht: 0","9080","3","6","4","06","07","4","","0","1","0","0","0"
"POINT (9.941306837999999 53.572814684000001)","Unfall 9081 (2016) Kat:3, Licht: 0","9081","3","3","5","05","08","5","","0","0","1","0","0"
"POINT (10.025924102999999 53.558820507999997)","Unfall 9082 (2016) Kat:3, Licht: 0","9082","3","2","5","06","08","7","","0","0","1","0","1"
"POINT (9.939669485000000 53.439444164000001)","Unfall 9083 (2016) Kat:3, Licht: 2","9083","3","6","2","11","16","3","","2","0","1","0","0"
"POINT (9.935835158000000 53.579064492999997)","Unfall 9084 (2016) Kat:3, Licht: 0","9084","3","3","4","07","13","5","","0","1","1","0","0"
"POINT (9.964480179000001 53.555676059000000)","Unfall 9086 (2016) Kat:3, Licht: 2","9086","3","2","4","10","20","1","","2","1","1","0","0"
"POINT (9.957321887999999 53.571796507999998)","Unfall 9087 (2016) Kat:3, Licht: 0","9087","3","4","6","10","13","3","","0","0","1","1","0"
"POINT (9.938473826999999 53.575951015999998)","Unfall 9088 (2016) Kat:3, Licht: 0","9088","3","2","5","09","18","2","","0","1","1","0","0"
"POINT (9.912742017999999 53.565325764999997)","Unfall 9089 (2016) Kat:3, Licht: 0","9089","3","2","5","09","08","2","","0","1","1","0","0"
"POINT (9.927607389000000 53.457536367000003)","Unfall 9090 (2016) Kat:3, Licht: 0","9090","3","6","2","05","16","4","","0","0","1","0","0"
"POINT (9.991918703000000 53.547238561999997)","Unfall 9091 (2016) Kat:3, Licht: 0","9091","3","5","6","09","07","5","","0","0","0","1","0"
"POINT (10.124480589999999 53.566110291000001)","Unfall 9092 (2016) Kat:3, Licht: 0","9092","3","1","9","08","16","6","","0","0","1","0","0"
"POINT (9.880013436000001 53.568909574999999)","Unfall 9093 (2016) Kat:3, Licht: 0","9093","3","6","0","12","11","4","","0","0","1","0","0"
"POINT (10.025952267999999 53.551396203000003)","Unfall 9096 (2016) Kat:3, Licht: 0","9096","3","3","5","08","15","5","","0","0","1","0","0"
"POINT (9.897735662000001 53.556600951000000)","Unfall 9098 (2016) Kat:3, Licht: 0","9098","3","6","9","08","05","6","","0","0","1","0","0"
"POINT (9.753675867000000 53.582996760999997)","Unfall 9099 (2016) Kat:3, Licht: 2","9099","3","2","6","10","19","7","","2","0","1","1","0"
"POINT (10.015807716999999 53.516325449000000)","Unfall 9100 (2016) Kat:3, Licht: 1","9100","3","1","8","09","06","2","","1","0","1","0","0"
"POINT (9.967918323999999 53.588757819000001)","Unfall 9101 (2016) Kat:3, Licht: 2","9101","3","4","6","09","20","6","","2","0","0","1","0"
"POINT (10.181784512000000 53.506938365000003)","Unfall 9102 (2016) Kat:3, Licht: 0","9102","3","6","2","05","17","4","","0","0","1","0","0"
"POINT (10.134989666999999 53.526790658000003)","Unfall 9103 (2016) Kat:3, Licht: 2","9103","3","6","2","12","17","3","","2","0","1","0","0"
"POINT (10.031972338999999 53.540007871000000)","Unfall 9104 (2016) Kat:3, Licht: 2","9104","3","3","5","11","01","7","","2","0","1","0","0"
"POINT (9.982993730000001 53.589908979999997)","Unfall 9108 (2016) Kat:3, Licht: 0","9108","3","3","5","07","17","4","","0","1","1","0","0"
"POINT (9.851041824999999 53.572469054000003)","Unfall 9110 (2016) Kat:2, Licht: 2","9110","2","2","5","11","18","4","","2","1","1","0","0"
"POINT (9.919672395999999 53.564003175000003)","Unfall 9111 (2016) Kat:3, Licht: 0","9111","3","3","5","05","09","4","","0","1","1","1","0"
"POINT (9.930348943000000 53.649686713000001)","Unfall 9112 (2016) Kat:3, Licht: 0","9112","3","6","2","06","10","3","","0","0","1","0","0"
"POINT (9.924539505000000 53.563762629999999)","Unfall 9113 (2016) Kat:3, Licht: 2","9113","3","2","3","12","17","3","","2","1","1","0","0"
"POINT (9.930693132000000 53.629555445999998)","Unfall 9114 (2016) Kat:3, Licht: 0","9114","3","6","2","07","14","5","","0","0","1","0","0"
"POINT (9.963948796000000 53.579826187999998)","Unfall 9115 (2016) Kat:3, Licht: 0","9115","3","2","5","11","14","5","","0","1","1","0","0"
"POINT (9.956920477000001 53.446241606999997)","Unfall 9116 (2016) Kat:3, Licht: 0","9116","3","6","2","06","13","3","","0","0","1","0","0"
"POINT (10.037774794000001 53.560703678000003)","Unfall 9118 (2016) Kat:3, Licht: 0","9118","3","6","2","06","09","6","","0","0","1","0","0"
"POINT (9.916815937000001 53.470484794999997)","Unfall 9119 (2016) Kat:3, Licht: 2","9119","3","1","9","10","05","6","","2","0","1","0","0"
"POINT (10.075912901000001 53.507579784000001)","Unfall 9120 (2016) Kat:3, Licht: 0","9120","3","6","2","10","16","6","","0","0","1","0","0"
"POINT (9.944896193000000 53.563934879000001)","Unfall 9121 (2016) Kat:3, Licht: 0","9121","3","3","5","06","08","3","","0","1","1","0","0"
"POINT (9.907640730000001 53.647487194999997)","Unfall 9123 (2016) Kat:3, Licht: 0","9123","3","6","2","05","07","4","","0","0","0","0","0"
"POINT (9.933995433000000 53.435222301000003)","Unfall 9126 (2016) Kat:3, Licht: 0","9126","3","6","2","05","13","3","","0","0","1","0","0"
"POINT (9.917515054000001 53.542006819000001)","Unfall 9127 (2016) Kat:3, Licht: 2","9127","3","1","0","10","21","6","","2","0","1","0","0"
"POINT (9.917147137000001 53.470494305999999)","Unfall 9128 (2016) Kat:3, Licht: 0","9128","3","6","3","10","11","7","","0","0","1","0","0"
"POINT (9.914205898000001 53.484826384999998)","Unfall 9129 (2016) Kat:2, Licht: 0","9129","2","6","2","09","09","6","","0","0","1","0","0"
"POINT (9.916044070000000 53.611693066999997)","Unfall 9130 (2016) Kat:3, Licht: 0","9130","3","6","3","09","11","6","","0","0","1","0","0"
"POINT (9.931639913000000 53.588123862000003)","Unfall 9131 (2016) Kat:3, Licht: 0","9131","3","6","3","05","09","3","","0","0","1","0","0"
"POINT (10.004860844000000 53.616448333999998)","Unfall 9132 (2016) Kat:3, Licht: 0","9132","3","7","6","08","07","3","","0","1","0","1","0"
"POINT (9.917310592000000 53.610343770999997)","Unfall 9133 (2016) Kat:3, Licht: 0","9133","3","6","2","08","16","4","","0","0","1","0","0"
"POINT (9.912642566000001 53.616853820999999)","Unfall 9134 (2016) Kat:3, Licht: 0","9134","3","6","3","12","13","5","","0","0","1","0","0"
"POINT (9.977256111999999 53.465075435000003)","Unfall 9137 (2016) Kat:3, Licht: 0","9137","3","6","2","08","15","3","","0","0","1","0","0"
"POINT (9.928619457000000 53.592243895000003)","Unfall 9138 (2016) Kat:3, Licht: 2","9138","3","2","4","08","01","1","","2","0","1","0","0"
"POINT (9.928028295000001 53.631277027000003)","Unfall 9140 (2016) Kat:3, Licht: 0","9140","3","6","3","08","13","4","","0","0","1","0","0"
"POINT (9.972408889000000 53.549890601999998)","Unfall 9141 (2016) Kat:2, Licht: 2","9141","2","6","4","09","23","6","","2","1","0","0","0"
"POINT (10.057774499000001 53.551091474000003)","Unfall 9142 (2016) Kat:3, Licht: 0","9142","3","6","2","06","13","5","","0","0","1","0","0"
"POINT (9.983959565999999 53.592891461999997)","Unfall 9143 (2016) Kat:2, Licht: 2","9143","2","4","6","09","22","4","","2","0","0","1","1"
"POINT (9.902955557000000 53.571655597000003)","Unfall 9144 (2016) Kat:3, Licht: 0","9144","3","6","2","05","16","3","","0","0","1","0","0"
"POINT (10.095913911000000 53.540140454000003)","Unfall 9145 (2016) Kat:3, Licht: 2","9145","3","6","2","12","04","1","","2","0","1","0","0"
"POINT (10.038811863999999 53.500119030999997)","Unfall 9146 (2016) Kat:3, Licht: 2","9146","3","6","1","11","17","5","","2","0","1","0","0"
"POINT (9.927109126000000 53.640239682000001)","Unfall 9147 (2016) Kat:3, Licht: 0","9147","3","6","3","07","18","3","","0","0","1","0","0"
"POINT (10.026161802000001 53.542385977999999)","Unfall 9151 (2016) Kat:3, Licht: 0","9151","3","6","2","08","17","4","","0","0","1","0","0"
"POINT (9.876742729000000 53.471961688000000)","Unfall 9153 (2016) Kat:3, Licht: 0","9153","3","6","2","08","14","4","","0","0","1","0","0"
"POINT (10.064771113000001 53.550328456000003)","Unfall 9154 (2016) Kat:3, Licht: 0","9154","3","6","2","09","15","6","","0","0","1","0","0"
"POINT (9.786450813000000 53.580582288999999)","Unfall 9155 (2016) Kat:3, Licht: 0","9155","3","6","1","09","10","5","","0","0","1","0","0"
"POINT (9.956286311000000 53.470398205000002)","Unfall 9156 (2016) Kat:2, Licht: 0","9156","2","6","4","05","08","2","","0","0","1","0","0"
"POINT (9.855008680999999 53.572019431000001)","Unfall 9157 (2016) Kat:3, Licht: 0","9157","3","3","5","12","14","3","","0","1","1","0","0"
"POINT (10.012428427000000 53.590217203999998)","Unfall 9158 (2016) Kat:3, Licht: 2","9158","3","2","3","11","20","6","","2","1","1","0","0"
"POINT (10.029528552000000 53.444906721999999)","Unfall 9162 (2016) Kat:3, Licht: 0","9162","3","6","2","07","18","2","","0","0","1","0","0"
"POINT (10.222844975999999 53.487741266000000)","Unfall 9164 (2016) Kat:3, Licht: 0","9164","3","6","2","05","16","2","","0","0","1","0","0"
"POINT (9.858407417000001 53.572017746000000)","Unfall 9165 (2016) Kat:3, Licht: 1","9165","3","7","9","06","03","1","","1","0","1","0","0"
"POINT (9.992664604000000 53.592680176999998)","Unfall 9166 (2016) Kat:3, Licht: 0","9166","3","1","8","12","10","1","","0","0","1","0","0"
"POINT (10.022982333000000 53.527672733000003)","Unfall 9167 (2016) Kat:3, Licht: 0","9167","3","6","3","07","19","3","","0","0","1","0","0"
"POINT (9.902600168999999 53.570569362999997)","Unfall 9168 (2016) Kat:3, Licht: 1","9168","3","6","2","11","16","3","","1","0","1","0","0"
"POINT (10.126252612000000 53.522253642000003)","Unfall 9169 (2016) Kat:3, Licht: 2","9169","3","6","8","06","23","2","","2","0","1","0","0"
"POINT (9.916738516000001 53.610679720000000)","Unfall 9171 (2016) Kat:3, Licht: 0","9171","3","6","3","06","13","5","","0","0","1","0","0"
"POINT (9.997237987000000 53.493695424999999)","Unfall 9172 (2016) Kat:1, Licht: 0","9172","1","6","0","10","11","5","","0","0","1","0","0"
"POINT (10.067891439000000 53.550014715000003)","Unfall 9173 (2016) Kat:3, Licht: 1","9173","3","6","2","10","08","5","","1","0","1","0","0"
"POINT (10.020364902000001 53.543971323999997)","Unfall 9174 (2016) Kat:2, Licht: 0","9174","2","6","3","06","18","2","","0","0","1","0","1"
"POINT (9.980829805000001 53.548918327000003)","Unfall 9175 (2016) Kat:3, Licht: 0","9175","3","2","5","09","13","5","","0","1","1","0","0"
"POINT (9.915802735000000 53.621845000000000)","Unfall 9176 (2016) Kat:3, Licht: 0","9176","3","6","2","05","17","2","","0","0","1","0","0"
"POINT (9.903569155000000 53.571952222000000)","Unfall 9177 (2016) Kat:3, Licht: 0","9177","3","6","2","12","14","6","","0","0","1","0","0"
"POINT (9.973763517000000 53.549671517000000)","Unfall 9180 (2016) Kat:3, Licht: 0","9180","3","3","5","05","14","2","","0","1","1","0","0"
"POINT (9.923361029000001 53.633112982000000)","Unfall 9181 (2016) Kat:3, Licht: 0","9181","3","3","5","10","13","3","","0","0","1","0","0"
"POINT (9.986781225000000 53.603313987999996)","Unfall 9182 (2016) Kat:3, Licht: 0","9182","3","2","5","11","09","2","","0","1","1","0","0"
"POINT (10.096159665000000 53.540057343000001)","Unfall 9183 (2016) Kat:2, Licht: 0","9183","2","6","2","10","14","6","","0","0","1","0","0"
"POINT (9.933652078000000 53.583613329999999)","Unfall 9184 (2016) Kat:3, Licht: 2","9184","3","3","5","09","20","5","","2","1","0","0","0"
"POINT (9.954845657000000 53.561329077000003)","Unfall 9185 (2016) Kat:3, Licht: 0","9185","3","3","5","09","09","5","","0","1","0","0","0"
"POINT (10.019935669000001 53.576368864999999)","Unfall 9186 (2016) Kat:2, Licht: 2","9186","2","2","3","04","23","7","","2","0","1","0","1"
"POINT (9.831286402000000 53.471430902000002)","Unfall 9187 (2016) Kat:3, Licht: 0","9187","3","3","5","08","12","2","","0","0","1","0","0"
"POINT (9.915709997000000 53.583985196999997)","Unfall 9188 (2016) Kat:3, Licht: 0","9188","3","3","5","08","10","3","","0","0","1","0","0"
"POINT (10.134750931999999 53.526741272000002)","Unfall 9191 (2016) Kat:3, Licht: 0","9191","3","6","2","08","14","2","","0","0","1","0","0"
"POINT (9.925998399999999 53.593982801999999)","Unfall 9193 (2016) Kat:2, Licht: 0","9193","2","6","2","08","07","2","","0","0","1","0","0"
"POINT (9.941070504000001 53.573062446000002)","Unfall 9194 (2016) Kat:3, Licht: 2","9194","3","3","5","07","22","4","","2","1","1","0","0"
"POINT (10.027170456000000 53.556136995000003)","Unfall 9195 (2016) Kat:3, Licht: 0","9195","3","3","5","06","17","5","","0","0","1","0","0"
"POINT (10.025946072000000 53.531516297000003)","Unfall 9196 (2016) Kat:3, Licht: 0","9196","3","7","3","09","07","3","","0","0","1","0","0"
"POINT (10.019087346999999 53.583593978000003)","Unfall 9197 (2016) Kat:3, Licht: 0","9197","3","2","5","04","18","6","","0","1","1","0","0"
"POINT (10.027737205999999 53.549117443999997)","Unfall 9198 (2016) Kat:3, Licht: 0","9198","3","1","1","12","08","7","","0","0","1","0","0"
"POINT (9.757339923000000 53.583029633999999)","Unfall 9199 (2016) Kat:3, Licht: 2","9199","3","6","2","11","19","4","","2","0","1","0","0"
"POINT (10.026831903000000 53.570452285000002)","Unfall 9200 (2016) Kat:3, Licht: 0","9200","3","6","2","07","13","2","","0","0","1","0","1"
"POINT (9.918929130000000 53.606363842000000)","Unfall 9204 (2016) Kat:3, Licht: 0","9204","3","6","3","04","18","6","","0","0","1","0","0"
"POINT (9.943240597999999 53.572396241000000)","Unfall 9206 (2016) Kat:3, Licht: 0","9206","3","3","5","06","08","6","","0","0","1","0","0"
"POINT (9.832688696000000 53.574744420999998)","Unfall 9207 (2016) Kat:3, Licht: 0","9207","3","6","2","04","16","6","","0","0","1","0","0"
"POINT (9.855392438999999 53.572003666999997)","Unfall 9208 (2016) Kat:2, Licht: 0","9208","2","4","6","06","13","2","","0","0","0","1","0"
"POINT (9.809419202999999 53.578150285000000)","Unfall 9209 (2016) Kat:3, Licht: 0","9209","3","3","5","12","09","5","","0","0","1","0","0"
"POINT (9.951250723999999 53.615536691999999)","Unfall 9210 (2016) Kat:3, Licht: 0","9210","3","6","3","07","12","1","","0","0","1","0","1"
"POINT (10.040635992000000 53.554303380000000)","Unfall 9211 (2016) Kat:3, Licht: 0","9211","3","3","5","05","12","3","","0","0","1","0","0"
"POINT (9.983930510000000 53.595522412999998)","Unfall 9213 (2016) Kat:3, Licht: 0","9213","3","6","2","10","15","3","","0","0","1","0","0"
"POINT (10.164671123000000 53.515319816000002)","Unfall 9214 (2016) Kat:3, Licht: 0","9214","3","6","2","10","07","4","","0","0","1","0","0"
"POINT (10.018731740000000 53.584634215000001)","Unfall 9215 (2016) Kat:3, Licht: 0","9215","3","6","2","06","15","7","","0","0","1","0","0"
"POINT (9.946770597000000 53.618973943999997)","Unfall 9216 (2016) Kat:3, Licht: 0","9216","3","6","2","09","15","3","","0","0","1","0","0"
"POINT (9.914965495000001 53.613031577000001)","Unfall 9217 (2016) Kat:3, Licht: 0","9217","3","6","2","04","08","5","","0","0","1","0","0"
"POINT (9.927601707999999 53.523237633999997)","Unfall 9218 (2016) Kat:3, Licht: 2","9218","3","6","3","09","04","1","","2","0","1","0","0"
"POINT (9.955184080000000 53.561256116999999)","Unfall 9219 (2016) Kat:3, Licht: 0","9219","3","6","3","08","12","3","","0","0","1","0","0"
"POINT (9.908180446999999 53.620381792000003)","Unfall 9220 (2016) Kat:3, Licht: 2","9220","3","2","4","12","22","6","","2","0","1","0","0"
"POINT (9.945466959999999 53.620102750999997)","Unfall 9223 (2016) Kat:3, Licht: 0","9223","3","2","0","08","10","7","","0","0","1","0","1"
"POINT (10.025340335999999 53.571749208999996)","Unfall 9224 (2016) Kat:3, Licht: 0","9224","3","6","1","07","17","2","","0","0","1","0","0"
"POINT (10.076802347999999 53.713777477000001)","Unfall 9226 (2016) Kat:3, Licht: 0","9226","3","6","2","06","12","7","","0","0","1","0","0"
"POINT (9.921026129000000 53.516631947999997)","Unfall 9227 (2016) Kat:3, Licht: 0","9227","3","6","2","04","12","5","","0","0","1","0","0"
"POINT (9.979395137999999 53.464436634999998)","Unfall 9228 (2016) Kat:3, Licht: 0","9228","3","2","0","06","09","5","","0","0","0","0","0"
"POINT (10.023955556000001 53.572911449999999)","Unfall 9229 (2016) Kat:3, Licht: 0","9229","3","6","3","06","17","3","","0","1","0","0","0"
"POINT (9.913873792000000 53.484160041999999)","Unfall 9230 (2016) Kat:2, Licht: 2","9230","2","6","2","12","17","6","","2","0","1","0","0"
"POINT (10.132996696999999 53.527021738000002)","Unfall 9231 (2016) Kat:3, Licht: 1","9231","3","6","2","07","21","2","","1","0","1","0","0"
"POINT (9.892483411000001 53.471807302000002)","Unfall 9232 (2016) Kat:3, Licht: 0","9232","3","3","5","11","14","7","","0","0","1","0","0"
"POINT (9.902173439000000 53.564947826000001)","Unfall 9233 (2016) Kat:3, Licht: 0","9233","3","6","3","05","17","3","","0","0","1","0","1"
"POINT (10.180340255000001 53.507545899000000)","Unfall 9235 (2016) Kat:3, Licht: 0","9235","3","6","2","06","05","4","","0","0","1","0","0"
"POINT (9.935686247000000 53.579231348999997)","Unfall 9236 (2016) Kat:3, Licht: 0","9236","3","4","2","10","14","4","","0","0","1","1","0"
"POINT (9.968495900000001 53.586350652000000)","Unfall 9237 (2016) Kat:2, Licht: 2","9237","2","2","5","10","00","5","","2","1","1","0","0"
"POINT (9.996868314000000 53.465984607999999)","Unfall 9238 (2016) Kat:3, Licht: 2","9238","3","6","2","06","23","1","","2","0","1","0","0"
"POINT (10.115269896999999 53.516126219000000)","Unfall 9239 (2016) Kat:3, Licht: 0","9239","3","6","2","09","08","3","","0","0","1","0","0"
"POINT (9.997221377000001 53.481737054000000)","Unfall 9240 (2016) Kat:3, Licht: 0","9240","3","6","2","04","09","4","","0","0","1","0","0"
"POINT (9.897437698999999 53.471597285999998)","Unfall 9241 (2016) Kat:3, Licht: 2","9241","3","6","3","09","21","1","","2","0","1","0","0"
"POINT (9.965045566000001 53.424038580999998)","Unfall 9242 (2016) Kat:3, Licht: 0","9242","3","7","3","12","12","2","","0","0","1","0","0"
"POINT (10.139170733000000 53.566121741000003)","Unfall 9245 (2016) Kat:3, Licht: 0","9245","3","6","2","04","16","4","","0","0","1","0","0"
"POINT (9.980879113000000 53.548908691000001)","Unfall 9246 (2016) Kat:3, Licht: 0","9246","3","2","5","10","12","2","","0","1","1","0","0"
"POINT (9.932953719000000 53.646373543000003)","Unfall 9247 (2016) Kat:2, Licht: 0","9247","2","1","0","11","14","7","","0","0","1","0","0"
"POINT (9.900358451000001 53.621814944999997)","Unfall 9248 (2016) Kat:2, Licht: 2","9248","2","6","2","10","05","4","","2","0","0","0","1"
"POINT (9.940652923000000 53.471102055999999)","Unfall 9249 (2016) Kat:2, Licht: 0","9249","2","6","3","09","16","4","","0","0","1","0","1"
"POINT (10.025957307000001 53.553476570000001)","Unfall 9250 (2016) Kat:3, Licht: 0","9250","3","6","3","09","17","2","","0","0","1","0","0"
"POINT (10.040569371000000 53.555569714999997)","Unfall 9251 (2016) Kat:3, Licht: 1","9251","3","3","5","04","05","4","","1","0","1","0","0"
"POINT (10.028700399000000 53.547887818000000)","Unfall 9252 (2016) Kat:3, Licht: 0","9252","3","6","3","08","14","7","","0","0","1","0","1"
"POINT (9.963578364000000 53.558193596000002)","Unfall 9253 (2016) Kat:3, Licht: 0","9253","3","3","5","11","13","4","","0","1","1","0","0"
"POINT (9.930095792000000 53.646407533000001)","Unfall 9254 (2016) Kat:3, Licht: 0","9254","3","6","2","08","06","2","","0","0","1","0","0"
"POINT (10.025853160000000 53.552136783000002)","Unfall 9257 (2016) Kat:3, Licht: 0","9257","3","1","9","08","13","7","","0","0","1","0","0"
"POINT (10.032465590999999 53.539337402999998)","Unfall 9259 (2016) Kat:2, Licht: 0","9259","2","1","9","07","12","7","","0","0","1","0","0"
"POINT (10.103340037000001 53.537642036999998)","Unfall 9260 (2016) Kat:3, Licht: 0","9260","3","6","0","07","13","1","","0","1","1","0","0"
"POINT (9.983924154000000 53.596438001000003)","Unfall 9261 (2016) Kat:3, Licht: 0","9261","3","1","0","06","11","5","","0","0","0","0","1"
"POINT (9.919448016000001 53.564010740999997)","Unfall 9262 (2016) Kat:3, Licht: 0","9262","3","6","2","11","13","7","","0","0","1","0","0"
"POINT (9.966393349000001 53.595203587000000)","Unfall 9263 (2016) Kat:3, Licht: 0","9263","3","2","3","09","09","3","","0","1","1","0","0"
"POINT (10.002707075000000 53.592468369000002)","Unfall 9264 (2016) Kat:3, Licht: 0","9264","3","6","2","04","14","3","","0","0","1","0","0"
"POINT (9.913524169000000 53.614826530000002)","Unfall 9265 (2016) Kat:3, Licht: 2","9265","3","6","3","12","05","6","","2","0","1","0","0"
"POINT (10.056868611000001 53.509461567999999)","Unfall 9266 (2016) Kat:3, Licht: 2","9266","3","6","2","11","17","3","","2","0","1","0","0"
"POINT (10.030921940000001 53.538370168000000)","Unfall 9267 (2016) Kat:3, Licht: 0","9267","3","6","3","07","05","7","","0","0","1","0","0"
"POINT (10.033369400000000 53.565117159000003)","Unfall 9270 (2016) Kat:3, Licht: 0","9270","3","6","1","04","14","3","","0","0","1","0","0"
"POINT (9.968884906000000 53.585256369000000)","Unfall 9272 (2016) Kat:3, Licht: 0","9272","3","2","3","06","07","5","","0","1","1","0","0"
"POINT (10.034045946999999 53.493956308999998)","Unfall 9273 (2016) Kat:3, Licht: 0","9273","3","6","2","04","17","2","","0","0","1","0","0"
"POINT (9.923005845000001 53.632735818999997)","Unfall 9274 (2016) Kat:3, Licht: 0","9274","3","6","1","06","12","1","","0","0","1","0","0"
"POINT (9.927431517000001 53.631652035999998)","Unfall 9275 (2016) Kat:3, Licht: 2","9275","3","7","3","11","17","4","","2","0","1","0","0"
"POINT (10.022561757000000 53.477856324999998)","Unfall 9276 (2016) Kat:3, Licht: 0","9276","3","6","2","07","18","5","","0","0","1","0","0"
"POINT (9.977432654999999 53.587541516999998)","Unfall 9278 (2016) Kat:3, Licht: 2","9278","3","6","2","10","18","2","","2","0","1","0","0"
"POINT (10.029133101999999 53.547335441999998)","Unfall 9279 (2016) Kat:3, Licht: 2","9279","3","6","3","10","06","3","","2","0","1","0","0"
"POINT (9.924163477000001 53.595241682999998)","Unfall 9280 (2016) Kat:3, Licht: 0","9280","3","6","3","09","12","2","","0","0","1","0","0"
"POINT (10.032263609999999 53.543332710000001)","Unfall 9281 (2016) Kat:2, Licht: 0","9281","2","2","5","04","08","2","","0","1","0","0","0"