WKT,Name,OBJECTID,UKATEGORIE,UTYP1,UART,UMONAT,USTUNDE,UWOCHENTAG,STRZUSTAND,ULICHTVERH,ISTRAD,ISTPKW,ISTFUSS,ISTKRAD
"POINT (9.916864544999999 53.542279377000000)","Unfall 9282 (2016) Kat:2, Licht: 0","9282","2","6","2","09","14","6","","0","0","1","0","1"
"POINT (9.855007356000000 53.472345988000001)","Unfall 9283 (2016) Kat:3, Licht: 2","9283","3","3","5","08","21","6","","2","0","1","0","0"
"POINT (9.929432350000001 53.470813804000002)","Unfall 9284 (2016) Kat:3, Licht: 2","9284","3","6","1","12","18","4","","2","0","1","0","0"
"POINT (9.851876425000000 53.572360789999998)","Unfall 9287 (2016) Kat:3, Licht: 0","9287","3","6","3","08","14","6","","0","0","0","0","0"
"POINT (9.987344621000000 53.458994797000003)","Unfall 9289 (2016) Kat:3, Licht: 0","9289","3","6","1","08","12","6","","0","0","1","0","0"
"POINT (9.977527853000000 53.549351786000003)","Unfall 9290 (2016) Kat:3, Licht: 1","9290","3","1","0","10","17","1","","1","0","1","0","1"
"POINT (9.978301714000001 53.464757292999998)","Unfall 9291 (2016) Kat:3, Licht: 0","9291","3","2","5","09","17","2","","0","1","0","0","0"
"POINT (9.914267359000000 53.484087592000002)","Unfall 9292 (2016) Kat:3, Licht: 2","9292","3","6","2","09","19","6","","2","0","1","0","0"
"POINT (9.912619903000000 53.616970799999997)","Unfall 9293 (2016) Kat:3, Licht: 0","9293","3","6","2","04","15","2","","0","0","1","0","0"
"POINT (9.898489839000000 53.560249972999998)","Unfall 9294 (2016) Kat:3, Licht: 2","9294","3","3","5","12","02","4","","2","0","1","0","0"
"POINT (9.909773303000000 53.627331828000003)","Unfall 9295 (2016) Kat:3, Licht: 2","9295","3","2","4","11","16","1","","2","0","1","0","0"
"POINT (9.988253405000000 53.547447413999997)","Unfall 9299 (2016) Kat:3, Licht: 0","9299","3","6","2","07","08","5","","0","0","1","0","0"
"POINT (9.962694709000001 53.448505138999998)","Unfall 9300 (2016) Kat:3, Licht: 0","9300","3","3","5","07","09","4","","0","0","0","0","0"
"POINT (9.961890656000000 53.603775589999998)","Unfall 9302 (2016) Kat:3, Licht: 0","9302","3","6","2","11","10","5","","0","0","1","0","0"
"POINT (9.927565502000000 53.457473288000003)","Unfall 9303 (2016) Kat:3, Licht: 0","9303","3","6","1","10","16","2","","0","0","1","0","0"
"POINT (10.019865299999999 53.581400043999999)","Unfall 9304 (2016) Kat:3, Licht: 0","9304","3","2","5","09","11","4","","0","1","1","0","0"
"POINT (9.945484600000000 53.471058505000002)","Unfall 9305 (2016) Kat:3, Licht: 0","9305","3","3","5","09","17","7","","0","0","1","0","0"
"POINT (9.928410007000000 53.592369576999999)","Unfall 9306 (2016) Kat:3, Licht: 0","9306","3","6","2","04","14","2","","0","0","1","0","0"
"POINT (9.950162785000000 53.572734945999997)","Unfall 9307 (2016) Kat:3, Licht: 0","9307","3","6","2","12","10","5","","0","0","1","0","0"
"POINT (9.919839775000000 53.604960681000001)","Unfall 9308 (2016) Kat:3, Licht: 2","9308","3","6","3","11","05","2","","2","0","1","0","0"
"POINT (10.030854150000000 53.545140351000001)","Unfall 9311 (2016) Kat:3, Licht: 0","9311","3","6","1","08","18","5","","0","0","1","0","0"
"POINT (9.939065620999999 53.563643929999998)","Unfall 9313 (2016) Kat:3, Licht: 0","9313","3","3","5","07","16","6","","0","1","1","0","0"
"POINT (9.978668379000000 53.464656492000003)","Unfall 9314 (2016) Kat:3, Licht: 1","9314","3","7","0","07","04","5","","1","1","0","1","0"
"POINT (10.002523799000000 53.547389242999998)","Unfall 9315 (2016) Kat:3, Licht: 0","9315","3","6","2","06","15","5","","0","0","1","0","0"
"POINT (10.028491763000000 53.547791338000003)","Unfall 9316 (2016) Kat:3, Licht: 0","9316","3","2","5","11","08","5","","0","0","1","0","0"
"POINT (9.924273554000001 53.595175414000003)","Unfall 9317 (2016) Kat:3, Licht: 0","9317","3","3","5","04","13","2","","0","0","1","0","0"
"POINT (10.210101181000001 53.487566553000001)","Unfall 9318 (2016) Kat:3, Licht: 2","9318","3","6","1","12","16","5","","2","0","1","0","0"
"POINT (9.981837645000001 53.548717900000000)","Unfall 9319 (2016) Kat:3, Licht: 2","9319","3","6","3","07","23","1","","2","0","1","0","1"
"POINT (9.983927720000001 53.595758641000003)","Unfall 9320 (2016) Kat:3, Licht: 0","9320","3","2","5","11","15","3","","0","0","1","0","0"
"POINT (9.846537809999999 53.572872724000000)","Unfall 9321 (2016) Kat:3, Licht: 0","9321","3","2","5","06","18","5","","0","1","1","0","0"
"POINT (9.933981535999999 53.582418875000002)","Unfall 9322 (2016) Kat:3, Licht: 2","9322","3","7","0","11","04","3","","2","0","1","0","1"
"POINT (9.930177677000000 53.646390400999998)","Unfall 9324 (2016) Kat:2, Licht: 0","9324","2","6","3","04","11","2","","0","0","0","0","1"
"POINT (10.015726178000000 53.545794782000002)","Unfall 9326 (2016) Kat:3, Licht: 0","9326","3","6","2","04","11","1","","0","0","0","0","0"
"POINT (9.983958063999999 53.592647774000000)","Unfall 9327 (2016) Kat:3, Licht: 2","9327","3","3","5","11","04","3","","2","1","1","0","0"
"POINT (9.938447399999999 53.625193388000000)","Unfall 9328 (2016) Kat:2, Licht: 0","9328","2","1","7","07","14","5","","0","0","0","0","0"
"POINT (9.897622856000000 53.554451968999999)","Unfall 9330 (2016) Kat:3, Licht: 2","9330","3","6","3","10","01","7","","2","0","1","0","0"
"POINT (9.959402960000000 53.574624403999998)","Unfall 9331 (2016) Kat:2, Licht: 2","9331","2","3","5","10","04","3","","2","0","1","0","0"
"POINT (9.900095815000000 53.564943196999998)","Unfall 9332 (2016) Kat:3, Licht: 2","9332","3","3","5","09","21","2","","2","0","1","0","0"
"POINT (10.210653665000001 53.487364722999999)","Unfall 9333 (2016) Kat:3, Licht: 2","9333","3","2","5","09","20","1","","2","1","1","0","0"
"POINT (10.026177138000000 53.556863579999998)","Unfall 9334 (2016) Kat:3, Licht: 0","9334","3","6","2","04","13","1","","0","0","1","0","0"
"POINT (9.935403237999999 53.470965239000002)","Unfall 9335 (2016) Kat:3, Licht: 0","9335","3","3","2","08","09","4","","0","0","1","0","0"
"POINT (10.044504310000001 53.552611005000003)","Unfall 9336 (2016) Kat:3, Licht: 0","9336","3","6","0","08","08","6","","0","0","1","0","0"
"POINT (10.016174167000001 53.517133911000002)","Unfall 9337 (2016) Kat:3, Licht: 1","9337","3","6","2","12","16","2","","1","0","1","0","0"
"POINT (9.962145969000000 53.603058453999999)","Unfall 9340 (2016) Kat:3, Licht: 0","9340","3","6","3","08","15","5","","0","1","0","0","1"
"POINT (9.985929348000001 53.547834647000002)","Unfall 9342 (2016) Kat:3, Licht: 0","9342","3","6","2","08","12","6","","0","0","1","0","0"
"POINT (9.944957767000000 53.572923756000002)","Unfall 9343 (2016) Kat:3, Licht: 0","9343","3","6","3","10","09","7","","0","0","1","0","0"
"POINT (9.998570520000000 53.459565372999997)","Unfall 9344 (2016) Kat:3, Licht: 0","9344","3","6","2","09","16","5","","0","0","1","0","0"
"POINT (10.034706806000001 53.494733525000001)","Unfall 9345 (2016) Kat:3, Licht: 0","9345","3","6","2","04","13","6","","0","0","1","0","0"
"POINT (10.138222624999999 53.525530860000003)","Unfall 9346 (2016) Kat:3, Licht: 2","9346","3","6","2","12","17","3","","2","0","1","0","0"
"POINT (10.033335439000000 53.493091839000002)","Unfall 9347 (2016) Kat:3, Licht: 0","9347","3","6","2","11","12","6","","0","0","1","0","0"
"POINT (9.915669442000000 53.612179894999997)","Unfall 9351 (2016) Kat:3, Licht: 0","9351","3","6","3","07","14","3","","0","0","1","0","0"
"POINT (9.950306027000000 53.617618381000000)","Unfall 9353 (2016) Kat:3, Licht: 0","9353","3","6","2","11","12","4","","0","0","1","0","0"
"POINT (10.026276754000000 53.542524724000003)","Unfall 9354 (2016) Kat:3, Licht: 0","9354","3","6","1","04","09","6","","0","0","1","0","0"
"POINT (10.023049052999999 53.480765879000003)","Unfall 9355 (2016) Kat:2, Licht: 1","9355","2","1","3","06","22","2","","1","0","1","0","0"
"POINT (10.053772800000001 53.551566622000003)","Unfall 9356 (2016) Kat:3, Licht: 2","9356","3","2","3","12","16","2","","2","1","0","0","0"
"POINT (9.956945742000000 53.470346110000001)","Unfall 9357 (2016) Kat:2, Licht: 0","9357","2","4","6","07","18","4","","0","0","1","1","0"
"POINT (9.964290094000001 53.580297240000000)","Unfall 9358 (2016) Kat:3, Licht: 0","9358","3","7","0","11","12","5","","0","0","1","0","0"
"POINT (9.933665896999999 53.530803519000003)","Unfall 9359 (2016) Kat:3, Licht: 0","9359","3","6","3","06","15","3","","0","0","1","0","0"
"POINT (10.201699983999999 53.491492209000000)","Unfall 9361 (2016) Kat:3, Licht: 0","9361","3","6","2","06","18","5","","0","0","1","0","0"
"POINT (9.919857057000000 53.442032318999999)","Unfall 9362 (2016) Kat:3, Licht: 0","9362","3","6","2","10","13","6","","0","0","1","0","0"
"POINT (10.026419359000000 53.554704610999998)","Unfall 9363 (2016) Kat:3, Licht: 0","9363","3","6","2","10","16","6","","0","0","1","0","0"
"POINT (10.125598736000001 53.521832287999999)","Unfall 9364 (2016) Kat:2, Licht: 0","9364","2","6","2","06","08","2","","0","0","0","0","0"
"POINT (9.933429463000000 53.584326165000000)","Unfall 9366 (2016) Kat:3, Licht: 0","9366","3","7","3","04","11","6","","0","0","1","0","0"
"POINT (9.929418883000000 53.591967838999999)","Unfall 9369 (2016) Kat:3, Licht: 0","9369","3","6","3","04","10","6","","0","0","1","0","0"
"POINT (10.027650487000001 53.533832144000002)","Unfall 9370 (2016) Kat:3, Licht: 0","9370","3","2","3","10","12","4","","0","1","0","0","0"
"POINT (10.198584048000001 53.492757810999997)","Unfall 9371 (2016) Kat:3, Licht: 0","9371","3","3","0","11","10","4","","0","1","0","0","0"
"POINT (9.858052473000001 53.572024663000001)","Unfall 9372 (2016) Kat:3, Licht: 0","9372","3","2","2","04","16","6","","0","0","1","0","1"
"POINT (10.030314849000000 53.545436221999999)","Unfall 9373 (2016) Kat:3, Licht: 0","9373","3","4","6","06","12","3","","0","0","1","1","0"
"POINT (10.148237328000000 53.546962733999997)","Unfall 9374 (2016) Kat:3, Licht: 0","9374","3","6","3","12","08","3","","0","0","1","0","0"
"POINT (9.797889099000001 53.580169036000001)","Unfall 9375 (2016) Kat:3, Licht: 0","9375","3","6","2","07","17","6","","0","0","1","0","0"
"POINT (9.885328819000000 53.568319465000002)","Unfall 9376 (2016) Kat:3, Licht: 0","9376","3","6","1","11","09","2","","0","0","1","0","0"
"POINT (10.052795373000000 53.551684305000002)","Unfall 9377 (2016) Kat:3, Licht: 0","9377","3","5","1","06","14","4","","0","0","1","0","0"
"POINT (9.964051768999999 53.557350157999998)","Unfall 9379 (2016) Kat:3, Licht: 0","9379","3","2","3","06","13","7","","0","1","1","0","0"
"POINT (10.153654283000000 53.519160483000000)","Unfall 9380 (2016) Kat:3, Licht: 0","9380","3","7","3","10","13","7","","0","0","1","0","0"
"POINT (9.966368486000000 53.595328555000002)","Unfall 9381 (2016) Kat:3, Licht: 2","9381","3","5","1","10","00","7","","2","1","1","0","0"
"POINT (9.952630272000000 53.571472419000003)","Unfall 9383 (2016) Kat:3, Licht: 0","9383","3","3","5","04","09","6","","0","1","1","0","0"
"POINT (10.218334535000000 53.487154216999997)","Unfall 9385 (2016) Kat:3, Licht: 0","9385","3","3","5","04","13","5","","0","1","1","0","0"
"POINT (9.864308432000000 53.571741772999999)","Unfall 9386 (2016) Kat:3, Licht: 0","9386","3","7","0","11","14","2","","0","0","1","0","0"
"POINT (10.059883012000000 53.550843188000002)","Unfall 9388 (2016) Kat:2, Licht: 2","9388","2","7","5","10","20","6","","2","0","1","0","0"
"POINT (9.930084724000000 53.644999058000003)","Unfall 9389 (2016) Kat:3, Licht: 2","9389","3","6","2","10","19","2","","2","0","1","0","0"
"POINT (9.959435836999999 53.574683796000002)","Unfall 9390 (2016) Kat:3, Licht: 2","9390","3","3","5","09","04","1","","2","0","1","0","0"
"POINT (9.914612271999999 53.481198560000003)","Unfall 9391 (2016) Kat:3, Licht: 0","9391","3","6","1","09","10","6","","0","0","1","0","0"
"POINT (9.802399164000001 53.579495037999997)","Unfall 9392 (2016) Kat:3, Licht: 0","9392","3","3","5","04","08","5","","0","0","1","0","0"
"POINT (9.889078622000000 53.471913872000002)","Unfall 9393 (2016) Kat:3, Licht: 0","9393","3","6","2","08","16","3","","0","0","1","0","0"
"POINT (9.989915720999999 53.605856535999997)","Unfall 9394 (2016) Kat:2, Licht: 2","9394","2","1","9","08","23","5","","2","0","1","0","0"
"POINT (9.865239280999999 53.571648121999999)","Unfall 9395 (2016) Kat:3, Licht: 2","9395","3","6","2","12","18","1","","2","0","1","0","0"
"POINT (9.932488724000001 53.586426690000003)","Unfall 9398 (2016) Kat:3, Licht: 0","9398","3","2","3","08","16","4","","0","1","1","0","0"
"POINT (9.913286648000000 53.619449271000001)","Unfall 9400 (2016) Kat:3, Licht: 0","9400","3","6","2","08","16","4","","0","0","1","0","0"
"POINT (10.002274057999999 53.592571562000003)","Unfall 9401 (2016) Kat:3, Licht: 0","9401","3","2","3","09","11","6","","0","1","1","0","0"
"POINT (10.019673124000001 53.581121009999997)","Unfall 9402 (2016) Kat:3, Licht: 0","9402","3","6","2","09","07","4","","0","0","1","0","0"
"POINT (9.909946745999999 53.628080373000003)","Unfall 9403 (2016) Kat:3, Licht: 0","9403","3","1","0","04","13","5","","0","0","0","0","1"
"POINT (9.932325809000000 53.586752574000002)","Unfall 9404 (2016) Kat:3, Licht: 0","9404","3","6","2","12","13","2","","0","0","1","0","0"
"POINT (9.933198042000001 53.585003829000001)","Unfall 9405 (2016) Kat:3, Licht: 0","9405","3","6","2","11","15","6","","0","0","1","0","0"
"POINT (9.828877906000001 53.471211183999998)","Unfall 9406 (2016) Kat:3, Licht: 0","9406","3","6","2","07","16","3","","0","0","1","0","1"
"POINT (10.048543851000000 53.509477197999999)","Unfall 9410 (2016) Kat:3, Licht: 0","9410","3","6","3","07","16","2","","0","0","1","0","0"
"POINT (9.917337074000001 53.564298377000000)","Unfall 9412 (2016) Kat:3, Licht: 0","9412","3","7","2","06","10","1","","0","0","1","0","0"
"POINT (9.922537602000000 53.470633468000003)","Unfall 9413 (2016) Kat:3, Licht: 0","9413","3","6","2","04","17","4","","0","0","1","0","0"
"POINT (10.029812744999999 53.444658871999998)","Unfall 9414 (2016) Kat:3, Licht: 0","9414","3","6","2","06","13","7","","0","0","1","0","0"
"POINT (10.019825224000000 53.581461677000000)","Unfall 9415 (2016) Kat:3, Licht: 0","9415","3","2","4","06","18","4","","0","0","1","0","0"
"POINT (9.951889566000000 53.571785841999997)","Unfall 9416 (2016) Kat:3, Licht: 2","9416","3","6","1","12","20","7","","2","0","1","0","0"
"POINT (10.003185263000001 53.592354409000002)","Unfall 9417 (2016) Kat:3, Licht: 0","9417","3","3","5","07","10","3","","0","1","1","0","0"
"POINT (9.968628644000001 53.585975972000000)","Unfall 9418 (2016) Kat:3, Licht: 0","9418","3","6","2","11","14","3","","0","0","1","0","0"
"POINT (9.948156599000001 53.649474922000003)","Unfall 9419 (2016) Kat:3, Licht: 0","9419","3","6","1","06","05","2","","0","0","1","0","1"
"POINT (9.959055955000000 53.574034347999998)","Unfall 9421 (2016) Kat:3, Licht: 0","9421","3","5","0","06","15","5","","0","1","1","0","0"
"POINT (9.878368176000000 53.569495902000000)","Unfall 9422 (2016) Kat:3, Licht: 2","9422","3","6","2","10","18","5","","2","0","1","0","0"
"POINT (9.915626416000000 53.612232339999998)","Unfall 9423 (2016) Kat:3, Licht: 0","9423","3","6","3","10","11","5","","0","0","1","0","0"
"POINT (10.004595395000001 53.592016412000000)","Unfall 9424 (2016) Kat:3, Licht: 0","9424","3","7","0","06","10","2","","0","1","1","0","0"
"POINT (9.888512943000000 53.567826486999998)","Unfall 9425 (2016) Kat:3, Licht: 0","9425","3","2","5","09","17","4","","0","1","0","0","0"
"POINT (9.848291937999999 53.472765111999998)","Unfall 9426 (2016) Kat:3, Licht: 0","9426","3","6","2","04","12","4","","0","0","1","0","0"
"POINT (9.798216494000000 53.580121521000002)","Unfall 9427 (2016) Kat:2, Licht: 2","9427","2","6","2","12","17","5","","2","0","1","0","0"
"POINT (9.945560064000000 53.471053853999997)","Unfall 9430 (2016) Kat:3, Licht: 0","9430","3","6","1","04","09","3","","0","0","1","0","0"
"POINT (10.025657182000000 53.553203033000003)","Unfall 9431 (2016) Kat:3, Licht: 0","9431","3","6","3","10","13","2","","0","0","1","0","0"
"POINT (9.983923998000000 53.597265614000001)","Unfall 9432 (2016) Kat:2, Licht: 2","9432","2","1","9","11","00","1","","2","0","1","0","0"
"POINT (9.987186076000000 53.547626184000002)","Unfall 9433 (2016) Kat:3, Licht: 0","9433","3","6","3","10","15","6","","0","0","1","0","0"
"POINT (9.926356072999999 53.563662104999999)","Unfall 9434 (2016) Kat:3, Licht: 0","9434","3","3","5","09","18","5","","0","1","1","0","0"
"POINT (9.944315109000000 53.471130573000003)","Unfall 9435 (2016) Kat:2, Licht: 2","9435","2","3","5","09","22","4","","2","0","1","0","0"
"POINT (9.906089763000001 53.565690556000000)","Unfall 9436 (2016) Kat:3, Licht: 0","9436","3","6","2","04","16","3","","0","0","1","0","0"
"POINT (10.210552465999999 53.487402987000003)","Unfall 9437 (2016) Kat:3, Licht: 0","9437","3","2","5","08","12","2","","0","1","1","0","0"
"POINT (9.999442939000000 53.612864410000000)","Unfall 9438 (2016) Kat:3, Licht: 0","9438","3","6","1","11","12","4","","0","0","1","0","0"
"POINT (9.957475325000001 53.446460600999998)","Unfall 9439 (2016) Kat:3, Licht: 2","9439","3","3","5","08","23","2","","2","0","1","0","0"
"POINT (9.966687446000000 53.593672765999997)","Unfall 9442 (2016) Kat:3, Licht: 0","9442","3","2","2","08","12","2","","0","0","1","0","0"
"POINT (10.071120865999999 53.559279136000001)","Unfall 9444 (2016) Kat:3, Licht: 0","9444","3","6","3","07","14","1","","0","0","1","0","0"
"POINT (10.027528638000000 53.533698200000003)","Unfall 9445 (2016) Kat:3, Licht: 0","9445","3","3","5","07","16","2","","0","1","1","0","0"
"POINT (9.903892786000000 53.470912177999999)","Unfall 9446 (2016) Kat:3, Licht: 0","9446","3","6","2","06","18","4","","0","0","1","0","0"
"POINT (9.853655436000000 53.572134785999999)","Unfall 9447 (2016) Kat:3, Licht: 0","9447","3","3","3","09","18","3","","0","0","1","0","0"
"POINT (10.140954706000000 53.535355027000001)","Unfall 9448 (2016) Kat:3, Licht: 0","9448","3","1","0","04","11","2","","0","0","1","0","0"
"POINT (10.059576828999999 53.509395765000001)","Unfall 9449 (2016) Kat:3, Licht: 2","9449","3","6","3","12","19","6","","2","0","1","0","0"
"POINT (10.023898654000000 53.464100780000003)","Unfall 9450 (2016) Kat:3, Licht: 0","9450","3","1","8","11","14","3","","0","0","1","0","0"
"POINT (9.910825472999999 53.632429967999997)","Unfall 9451 (2016) Kat:3, Licht: 0","9451","3","2","5","10","12","7","","0","0","1","0","0"
"POINT (10.166494425000000 53.514652452999997)","Unfall 9452 (2016) Kat:3, Licht: 2","9452","3","7","0","09","04","6","","2","0","1","0","1"
"POINT (9.970067717999999 53.550682942000002)","Unfall 9453 (2016) Kat:3, Licht: 0","9453","3","3","5","09","18","6","","0","1","1","0","0"
"POINT (9.885087895000000 53.568357208999998)","Unfall 9454 (2016) Kat:3, Licht: 0","9454","3","6","2","04","07","2","","0","0","1","0","0"
"POINT (9.870338162000000 53.571167396000000)","Unfall 9455 (2016) Kat:3, Licht: 0","9455","3","2","3","08","12","3","","0","1","1","0","0"
"POINT (10.066581397000000 53.509188217000002)","Unfall 9456 (2016) Kat:3, Licht: 0","9456","3","6","3","08","06","3","","0","0","1","0","0"
"POINT (10.017389136000000 53.586803723999999)","Unfall 9459 (2016) Kat:3, Licht: 0","9459","3","3","6","08","07","3","","0","1","0","1","0"
"POINT (9.959838962999999 53.560116747000002)","Unfall 9461 (2016) Kat:3, Licht: 0","9461","3","3","6","08","07","3","","0","1","0","1","0"
"POINT (10.022524649999999 53.574098204000002)","Unfall 9462 (2016) Kat:3, Licht: 0","9462","3","2","4","09","16","5","","0","1","1","0","0"
"POINT (10.026661544000000 53.551067406999998)","Unfall 9463 (2016) Kat:3, Licht: 0","9463","3","6","3","07","19","4","","0","0","1","0","0"
"POINT (9.811899437999999 53.468256541000002)","Unfall 9464 (2016) Kat:3, Licht: 0","9464","3","7","0","06","05","4","","0","1","0","0","0"
"POINT (9.896329562000000 53.471648260999999)","Unfall 9465 (2016) Kat:3, Licht: 1","9465","3","6","2","09","05","3","","1","0","1","0","0"
"POINT (9.981447556000001 53.548796127000003)","Unfall 9466 (2016) Kat:3, Licht: 2","9466","3","6","3","04","00","7","","2","0","1","0","1"
"POINT (10.032309568000001 53.539114279000003)","Unfall 9467 (2016) Kat:3, Licht: 0","9467","3","3","5","12","10","1","","0","0","1","0","0"
"POINT (9.951027671000000 53.616189362000000)","Unfall 9468 (2016) Kat:3, Licht: 2","9468","3","7","0","11","18","5","","2","1","0","0","0"
"POINT (10.126530807000000 53.484972335999998)","Unfall 9469 (2016) Kat:3, Licht: 0","9469","3","6","3","07","14","2","","0","0","0","0","0"
"POINT (9.966040708000000 53.552958367999999)","Unfall 9473 (2016) Kat:3, Licht: 0","9473","3","6","3","07","15","2","","0","0","1","0","0"
"POINT (9.928568930999999 53.592274214000000)","Unfall 9475 (2016) Kat:3, Licht: 0","9475","3","2","2","06","08","6","","0","0","1","0","0"
"POINT (10.029801794999999 53.444783116000004)","Unfall 9476 (2016) Kat:3, Licht: 0","9476","3","6","1","04","13","6","","0","0","1","0","0"
"POINT (9.949918754000001 53.649340545000001)","Unfall 9477 (2016) Kat:3, Licht: 0","9477","3","6","1","06","17","3","","0","0","1","0","0"
"POINT (10.037925531000001 53.560539020000000)","Unfall 9478 (2016) Kat:2, Licht: 2","9478","2","4","6","12","15","5","","2","0","0","1","0"
"POINT (9.853668626999999 53.572133180000002)","Unfall 9479 (2016) Kat:3, Licht: 0","9479","3","2","0","07","20","2","","0","0","1","0","0"
"POINT (9.913849991999999 53.495505815000001)","Unfall 9480 (2016) Kat:3, Licht: 0","9480","3","6","2","05","14","2","","0","0","1","0","0"
"POINT (9.955257257000000 53.611830738000002)","Unfall 9482 (2016) Kat:3, Licht: 0","9482","3","2","3","06","15","4","","0","1","1","0","0"
"POINT (9.935773738000000 53.647317534000003)","Unfall 9483 (2016) Kat:3, Licht: 2","9483","3","6","2","10","19","4","","2","0","1","0","0"
"POINT (9.996204343000001 53.547478187999999)","Unfall 9484 (2016) Kat:2, Licht: 0","9484","2","7","1","10","10","5","","0","0","1","0","0"
"POINT (10.009124197000000 53.638297874000003)","Unfall 9485 (2016) Kat:2, Licht: 2","9485","2","1","8","06","02","1","","2","0","0","0","1"
"POINT (10.040709573000001 53.552661401999998)","Unfall 9486 (2016) Kat:3, Licht: 0","9486","3","2","5","09","18","3","","0","0","1","0","0"
"POINT (10.050012955000000 53.552019262000002)","Unfall 9487 (2016) Kat:3, Licht: 0","9487","3","6","1","04","14","6","","0","0","1","0","0"
"POINT (10.053286772000000 53.551625139999999)","Unfall 9488 (2016) Kat:3, Licht: 0","9488","3","6","2","09","09","1","","0","0","1","0","0"
"POINT (10.037228903000001 53.561298852999997)","Unfall 9489 (2016) Kat:3, Licht: 0","9489","3","6","2","08","14","4","","0","0","1","0","0"
"POINT (9.969515768000001 53.584036308999998)","Unfall 9490 (2016) Kat:3, Licht: 2","9490","3","2","5","12","22","1","","2","1","1","0","0"
"POINT (9.892398737000001 53.471810945999998)","Unfall 9493 (2016) Kat:3, Licht: 0","9493","3","6","2","10","18","7","","0","0","1","0","0"
"POINT (10.022680914000000 53.573963221000000)","Unfall 9494 (2016) Kat:3, Licht: 0","9494","3","4","6","11","09","5","","0","0","1","1","0"
"POINT (10.057844869000000 53.509276307000000)","Unfall 9495 (2016) Kat:2, Licht: 0","9495","2","6","3","10","09","3","","0","0","1","0","0"
"POINT (10.027076435000000 53.556206369000002)","Unfall 9496 (2016) Kat:3, Licht: 0","9496","3","6","2","09","18","4","","0","0","1","0","0"
"POINT (9.920701634000000 53.517424005999999)","Unfall 9497 (2016) Kat:3, Licht: 2","9497","3","6","2","09","21","1","","2","0","1","0","0"
"POINT (9.915833920000001 53.513821659999998)","Unfall 9498 (2016) Kat:3, Licht: 0","9498","3","6","1","04","14","6","","0","0","1","0","0"
"POINT (10.028352429000000 53.547963418000002)","Unfall 9499 (2016) Kat:3, Licht: 1","9499","3","6","2","11","07","3","","1","0","1","0","0"
"POINT (9.924661480999999 53.633410763000001)","Unfall 9502 (2016) Kat:3, Licht: 0","9502","3","3","5","08","14","7","","0","0","1","0","0"
"POINT (9.994449332000000 53.593386565000003)","Unfall 9504 (2016) Kat:3, Licht: 1","9504","3","4","6","07","20","6","","1","0","0","1","1"
"POINT (10.138529407000000 53.483439447000002)","Unfall 9505 (2016) Kat:3, Licht: 0","9505","3","1","8","07","16","6","","0","0","1","0","0"
"POINT (10.025142830000000 53.483238610000001)","Unfall 9506 (2016) Kat:3, Licht: 0","9506","3","6","2","06","13","4","","0","0","1","0","0"
"POINT (9.848672323000001 53.472747808000001)","Unfall 9507 (2016) Kat:3, Licht: 0","9507","3","2","5","11","15","6","","0","1","1","0","0"
"POINT (10.226260461000001 53.487950151000000)","Unfall 9508 (2016) Kat:3, Licht: 0","9508","3","3","5","09","18","2","","0","1","1","0","0"
"POINT (9.951243347000000 53.615568971999998)","Unfall 9509 (2016) Kat:3, Licht: 0","9509","3","3","5","04","08","6","","0","1","1","0","0"
"POINT (9.939568552000001 53.563632480000003)","Unfall 9510 (2016) Kat:3, Licht: 0","9510","3","6","2","12","13","6","","0","0","1","0","0"
"POINT (9.916914902000000 53.610801111999997)","Unfall 9511 (2016) Kat:3, Licht: 0","9511","3","6","1","11","11","3","","0","0","1","0","0"
"POINT (9.905077397000000 53.574168225999998)","Unfall 9512 (2016) Kat:3, Licht: 1","9512","3","6","1","07","21","6","","1","0","1","0","0"
"POINT (9.941138962000000 53.572990679000000)","Unfall 9515 (2016) Kat:3, Licht: 0","9515","3","6","1","04","16","6","","0","0","1","0","0"
"POINT (9.961074784999999 53.576451702999996)","Unfall 9517 (2016) Kat:2, Licht: 0","9517","2","4","6","06","12","4","","0","0","0","1","0"
"POINT (9.950149433000000 53.572742355000003)","Unfall 9518 (2016) Kat:3, Licht: 0","9518","3","3","5","04","16","6","","0","0","1","0","0"
"POINT (10.045887766000000 53.552501174000000)","Unfall 9519 (2016) Kat:3, Licht: 0","9519","3","2","1","06","17","7","","0","0","1","0","0"
"POINT (9.948679530000000 53.562310136000001)","Unfall 9520 (2016) Kat:3, Licht: 0","9520","3","2","5","11","13","4","","0","0","1","0","0"
"POINT (10.038117895999999 53.560332099999997)","Unfall 9521 (2016) Kat:3, Licht: 0","9521","3","4","6","07","19","5","","0","0","0","1","0"
"POINT (9.968808264000000 53.551292312999998)","Unfall 9523 (2016) Kat:3, Licht: 0","9523","3","7","6","10","13","2","","0","1","0","1","0"
"POINT (9.962903181000000 53.601080723999999)","Unfall 9524 (2016) Kat:3, Licht: 0","9524","3","3","5","10","15","3","","0","1","1","0","0"
"POINT (10.080575199000000 53.546435727000002)","Unfall 9525 (2016) Kat:3, Licht: 0","9525","3","6","2","09","09","2","","0","0","1","0","0"
"POINT (9.962816422000000 53.469514814000000)","Unfall 9526 (2016) Kat:3, Licht: 0","9526","3","1","0","07","16","1","","0","0","0","0","1"
"POINT (10.004683601000000 53.547630247999997)","Unfall 9529 (2016) Kat:3, Licht: 0","9529","3","3","0","04","08","6","","0","1","1","0","0"
"POINT (10.032827524000000 53.492477309000002)","Unfall 9531 (2016) Kat:2, Licht: 0","9531","2","6","2","06","16","5","","0","0","1","0","1"
"POINT (9.966461422000000 53.449807186999998)","Unfall 9532 (2016) Kat:3, Licht: 0","9532","3","6","2","04","13","5","","0","0","1","0","0"
"POINT (9.944563399000000 53.565252917000002)","Unfall 9533 (2016) Kat:3, Licht: 0","9533","3","2","3","06","08","2","","0","1","0","0","0"
"POINT (10.026872532000001 53.549891109999997)","Unfall 9534 (2016) Kat:3, Licht: 2","9534","3","3","5","11","17","4","","2","1","1","0","0"