WKT,Name,OBJECTID,UKATEGORIE,UTYP1,UART,UMONAT,USTUNDE,UWOCHENTAG,STRZUSTAND,ULICHTVERH,ISTRAD,ISTPKW,ISTFUSS,ISTKRAD
"POINT (9.898921873999999 53.563716304000003)","Unfall 9535 (2016) Kat:3, Licht: 2","9535","3","6","1","07","23","7","","2","0","1","0","0"
"POINT (9.981628614000000 53.548759928000003)","Unfall 9537 (2016) Kat:3, Licht: 0","9537","3","6","6","10","11","3","","0","1","0","1","0"
"POINT (10.154433692000000 53.518795200000000)","Unfall 9538 (2016) Kat:3, Licht: 1","9538","3","6","2","10","07","4","","1","0","1","0","0"
"POINT (9.962836233000001 53.601232332999999)","Unfall 9539 (2016) Kat:3, Licht: 0","9539","3","6","2","06","17","7","","0","0","1","0","1"
"POINT (10.016154243000001 53.588494914000002)","Unfall 9540 (2016) Kat:3, Licht: 0","9540","3","2","5","09","11","2","","0","1","1","0","0"
"POINT (9.997307832000001 53.478973128000000)","Unfall 9541 (2016) Kat:3, Licht: 0","9541","3","6","2","04","15","5","","0","0","1","0","0"
"POINT (9.970363774000001 53.550557060999999)","Unfall 9542 (2016) Kat:3, Licht: 0","9542","3","6","1","09","13","7","","0","0","1","0","1"
"POINT (10.234012192000000 53.488424893000001)","Unfall 9543 (2016) Kat:3, Licht: 0","9543","3","6","2","08","18","2","","0","0","1","0","0"
"POINT (10.036287064000000 53.562394460999997)","Unfall 9544 (2016) Kat:3, Licht: 0","9544","3","6","2","12","15","5","","0","0","1","0","0"
"POINT (10.012493609000000 53.590203254000002)","Unfall 9547 (2016) Kat:2, Licht: 2","9547","2","6","3","08","20","6","","2","1","0","0","0"
"POINT (9.922236313999999 53.452455448999999)","Unfall 9548 (2016) Kat:2, Licht: 0","9548","2","6","3","08","19","7","","0","0","1","0","0"
"POINT (10.024258087000000 53.517138963000001)","Unfall 9549 (2016) Kat:3, Licht: 0","9549","3","6","0","11","10","4","","0","0","1","0","0"
"POINT (10.026555516000000 53.551397442999999)","Unfall 9550 (2016) Kat:3, Licht: 1","9550","3","3","5","10","18","1","","1","1","1","0","0"
"POINT (9.959788281000000 53.575253654999997)","Unfall 9551 (2016) Kat:3, Licht: 0","9551","3","7","5","09","07","3","","0","1","1","0","0"
"POINT (10.025979973000000 53.551359404999999)","Unfall 9552 (2016) Kat:3, Licht: 1","9552","3","3","5","09","07","7","","1","0","1","0","0"
"POINT (9.997221143000001 53.497308703000002)","Unfall 9553 (2016) Kat:3, Licht: 0","9553","3","6","2","04","16","5","","0","0","1","0","0"
"POINT (10.024371008999999 53.572573961000003)","Unfall 9554 (2016) Kat:3, Licht: 2","9554","3","6","2","12","17","4","","2","0","1","0","0"
"POINT (10.037066105999999 53.497511664000001)","Unfall 9555 (2016) Kat:3, Licht: 0","9555","3","1","8","11","11","1","","0","0","1","0","0"
"POINT (9.977036879000000 53.587578684000000)","Unfall 9558 (2016) Kat:3, Licht: 0","9558","3","3","5","08","16","5","","0","0","1","0","0"
"POINT (9.961225815000001 53.605552398000000)","Unfall 9560 (2016) Kat:3, Licht: 0","9560","3","3","5","07","17","5","","0","1","1","0","0"
"POINT (9.974881384000000 53.549504847000001)","Unfall 9561 (2016) Kat:3, Licht: 0","9561","3","6","2","07","12","5","","0","0","1","0","0"
"POINT (9.909626713000000 53.626687292000000)","Unfall 9563 (2016) Kat:3, Licht: 0","9563","3","6","2","11","11","5","","0","0","1","0","0"
"POINT (10.024832274000000 53.522139875000001)","Unfall 9564 (2016) Kat:3, Licht: 0","9564","3","6","2","04","06","5","","0","0","1","0","0"
"POINT (10.022979350000000 53.480640905000001)","Unfall 9565 (2016) Kat:3, Licht: 0","9565","3","6","2","06","12","3","","0","0","1","0","0"
"POINT (9.971855034000001 53.585035243999997)","Unfall 9566 (2016) Kat:3, Licht: 2","9566","3","2","6","12","16","5","","2","0","0","1","0"
"POINT (10.203090217000000 53.490620358999998)","Unfall 9567 (2016) Kat:3, Licht: 0","9567","3","6","3","07","17","6","","0","0","1","0","0"
"POINT (9.965738652000001 53.553219531000003)","Unfall 9568 (2016) Kat:3, Licht: 2","9568","3","2","6","11","17","3","","2","0","1","1","0"
"POINT (9.907948894000001 53.646560733999998)","Unfall 9569 (2016) Kat:3, Licht: 0","9569","3","6","2","06","16","5","","0","0","1","0","0"
"POINT (9.955648740999999 53.570489041000002)","Unfall 9570 (2016) Kat:3, Licht: 0","9570","3","2","5","10","08","2","","0","0","1","1","0"
"POINT (10.011043272000000 53.623891039000000)","Unfall 9572 (2016) Kat:3, Licht: 0","9572","3","3","5","04","19","5","","0","0","1","0","0"
"POINT (9.991861774000000 53.453125575999998)","Unfall 9574 (2016) Kat:3, Licht: 0","9574","3","6","2","04","18","4","","0","0","1","0","0"
"POINT (10.062855139000000 53.509327145999997)","Unfall 9575 (2016) Kat:3, Licht: 0","9575","3","6","3","11","11","2","","0","0","1","0","0"
"POINT (10.107483375999999 53.565277190000003)","Unfall 9576 (2016) Kat:3, Licht: 0","9576","3","7","0","07","07","4","","0","0","0","0","0"
"POINT (9.967812018000000 53.589265038000001)","Unfall 9578 (2016) Kat:3, Licht: 0","9578","3","7","5","10","14","7","","0","0","1","0","0"
"POINT (10.032970270000000 53.540098319000002)","Unfall 9579 (2016) Kat:3, Licht: 1","9579","3","6","2","10","17","2","","1","0","1","0","0"
"POINT (10.027103693999999 53.556186527000001)","Unfall 9580 (2016) Kat:3, Licht: 2","9580","3","2","5","09","21","1","","2","0","1","0","0"
"POINT (9.943250629000000 53.572399287000003)","Unfall 9581 (2016) Kat:3, Licht: 0","9581","3","3","5","09","15","1","","0","0","1","0","0"
"POINT (10.027870667000000 53.454495512999998)","Unfall 9582 (2016) Kat:3, Licht: 0","9582","3","6","2","04","16","4","","0","0","1","0","0"
"POINT (9.923275393999999 53.597101131000002)","Unfall 9583 (2016) Kat:3, Licht: 0","9583","3","6","3","08","17","4","","0","0","1","0","0"
"POINT (9.994915814000001 53.457260980999997)","Unfall 9584 (2016) Kat:3, Licht: 0","9584","3","6","2","08","15","5","","0","0","1","0","0"
"POINT (10.026600255000000 53.551297615000003)","Unfall 9585 (2016) Kat:3, Licht: 0","9585","3","6","2","12","09","2","","0","0","1","0","0"
"POINT (10.102235491000000 53.564660944000003)","Unfall 9588 (2016) Kat:3, Licht: 0","9588","3","7","0","08","18","4","","0","0","0","0","1"
"POINT (10.032036570000001 53.538754081000000)","Unfall 9590 (2016) Kat:3, Licht: 0","9590","3","6","4","08","16","5","","0","1","0","0","0"
"POINT (9.848578441000001 53.472752079000003)","Unfall 9591 (2016) Kat:3, Licht: 0","9591","3","3","5","09","13","6","","0","1","1","0","0"
"POINT (10.026804611999999 53.570475399000003)","Unfall 9592 (2016) Kat:3, Licht: 0","9592","3","6","2","09","14","5","","0","0","1","0","0"
"POINT (10.028492231000000 53.569119168999997)","Unfall 9593 (2016) Kat:3, Licht: 0","9593","3","7","3","04","15","4","","0","0","1","0","0"
"POINT (9.928603517000001 53.592253460000002)","Unfall 9594 (2016) Kat:2, Licht: 2","9594","2","2","4","12","23","3","","2","0","1","0","0"
"POINT (10.009134874000001 53.547782349000002)","Unfall 9595 (2016) Kat:3, Licht: 2","9595","3","6","3","11","04","6","","2","0","1","0","0"
"POINT (9.932409272999999 53.586585616000001)","Unfall 9598 (2016) Kat:3, Licht: 0","9598","3","6","3","09","07","2","","0","1","0","0","0"
"POINT (9.958096686999999 53.572800323000003)","Unfall 9599 (2016) Kat:3, Licht: 0","9599","3","6","3","04","09","4","","0","1","0","0","0"
"POINT (9.961136732000000 53.576563125000000)","Unfall 9600 (2016) Kat:3, Licht: 0","9600","3","6","1","09","15","5","","0","0","1","0","0"
"POINT (10.209493167000000 53.475950234000003)","Unfall 9601 (2016) Kat:3, Licht: 0","9601","3","1","3","08","16","6","","0","0","1","0","0"
"POINT (9.915256329000000 53.612956959000002)","Unfall 9602 (2016) Kat:3, Licht: 0","9602","3","6","2","12","15","4","","0","0","1","0","0"
"POINT (10.029803614000000 53.444762486000002)","Unfall 9605 (2016) Kat:3, Licht: 0","9605","3","6","1","08","09","5","","0","0","1","0","0"
"POINT (9.933071121999999 53.585257169999998)","Unfall 9607 (2016) Kat:3, Licht: 2","9607","3","6","3","08","00","6","","2","0","1","0","0"
"POINT (10.000825415000000 53.613849659000003)","Unfall 9608 (2016) Kat:3, Licht: 2","9608","3","6","2","10","22","7","","2","0","1","0","0"
"POINT (9.994898806000000 53.469057708999998)","Unfall 9609 (2016) Kat:3, Licht: 0","9609","3","7","0","09","10","2","","0","0","0","1","0"
"POINT (9.910894743000000 53.632797416999999)","Unfall 9610 (2016) Kat:3, Licht: 0","9610","3","3","5","09","09","6","","0","0","1","0","0"
"POINT (10.182974519000000 53.506637939000001)","Unfall 9611 (2016) Kat:3, Licht: 0","9611","3","6","3","04","19","3","","0","0","1","0","0"
"POINT (10.168275274000001 53.513928970999999)","Unfall 9612 (2016) Kat:3, Licht: 1","9612","3","3","5","12","16","3","","1","0","1","0","0"
"POINT (10.083136195000000 53.544920093999998)","Unfall 9613 (2016) Kat:3, Licht: 0","9613","3","3","5","11","13","7","","0","0","1","0","0"
"POINT (9.941373451000001 53.622549974999998)","Unfall 9617 (2016) Kat:2, Licht: 0","9617","2","3","5","07","16","4","","0","1","0","0","0"
"POINT (10.049448765999999 53.552087172999997)","Unfall 9619 (2016) Kat:3, Licht: 0","9619","3","6","2","11","14","4","","0","0","1","0","0"
"POINT (10.052360620000000 53.551736650000002)","Unfall 9620 (2016) Kat:3, Licht: 0","9620","3","6","1","04","17","3","","0","0","1","0","0"
"POINT (9.927017397000000 53.631912260000000)","Unfall 9621 (2016) Kat:3, Licht: 0","9621","3","6","2","06","16","3","","0","0","1","0","0"
"POINT (9.915936373999999 53.586006961000002)","Unfall 9622 (2016) Kat:3, Licht: 2","9622","3","6","2","12","22","3","","2","0","1","0","0"
"POINT (9.900797449000001 53.564848355999999)","Unfall 9623 (2016) Kat:3, Licht: 0","9623","3","6","3","07","07","5","","0","1","1","0","0"
"POINT (9.853395044000001 53.572167084000000)","Unfall 9624 (2016) Kat:3, Licht: 2","9624","3","6","2","11","17","6","","2","0","1","0","0"
"POINT (9.936193155000000 53.578649155999997)","Unfall 9625 (2016) Kat:3, Licht: 0","9625","3","6","2","06","10","4","","0","0","1","0","0"
"POINT (10.034521333000001 53.494515399000001)","Unfall 9627 (2016) Kat:3, Licht: 0","9627","3","6","2","06","13","6","","0","0","1","0","0"
"POINT (9.952235527999999 53.613501827000000)","Unfall 9628 (2016) Kat:2, Licht: 2","9628","2","3","5","10","19","7","","2","1","0","0","0"
"POINT (9.840561161000000 53.472340991000003)","Unfall 9629 (2016) Kat:3, Licht: 0","9629","3","7","0","10","14","6","","0","0","0","0","0"
"POINT (10.033011094000001 53.565415487999999)","Unfall 9631 (2016) Kat:3, Licht: 0","9631","3","6","1","04","18","3","","0","0","1","0","0"
"POINT (9.955884653000000 53.570436520999998)","Unfall 9634 (2016) Kat:3, Licht: 0","9634","3","6","4","04","17","3","","0","1","0","0","0"
"POINT (9.933995431000000 53.582380391999997)","Unfall 9635 (2016) Kat:3, Licht: 0","9635","3","7","4","10","11","6","","0","0","1","0","0"
"POINT (10.206433516000001 53.475228829000002)","Unfall 9636 (2016) Kat:3, Licht: 0","9636","3","1","9","10","16","1","","0","0","1","0","0"
"POINT (9.901542708999999 53.564889108000003)","Unfall 9637 (2016) Kat:3, Licht: 0","9637","3","3","5","09","14","7","","0","0","1","0","0"
"POINT (10.141024109000000 53.535435026999998)","Unfall 9638 (2016) Kat:3, Licht: 2","9638","3","7","3","09","20","6","","2","0","1","0","0"
"POINT (9.961254456000001 53.605452477000000)","Unfall 9639 (2016) Kat:3, Licht: 0","9639","3","6","2","04","14","3","","0","0","1","0","0"
"POINT (10.008850513000001 53.547788861000001)","Unfall 9640 (2016) Kat:3, Licht: 0","9640","3","6","2","08","10","3","","0","0","1","0","0"
"POINT (10.008192485000000 53.547955379000001)","Unfall 9641 (2016) Kat:3, Licht: 0","9641","3","3","5","08","20","4","","0","1","1","0","0"
"POINT (9.954654275999999 53.445173781999998)","Unfall 9642 (2016) Kat:2, Licht: 2","9642","2","4","6","12","05","7","","2","0","1","1","0"
"POINT (9.907529180999999 53.647815518999998)","Unfall 9645 (2016) Kat:1, Licht: 0","9645","1","3","5","08","19","4","","0","0","1","0","1"
"POINT (10.079882884000000 53.562334536000002)","Unfall 9646 (2016) Kat:3, Licht: 0","9646","3","6","2","08","17","1","","0","0","1","0","0"
"POINT (9.909957835000000 53.628128224999998)","Unfall 9648 (2016) Kat:3, Licht: 0","9648","3","6","2","08","15","4","","0","0","1","0","0"
"POINT (9.937774811000001 53.576775961000003)","Unfall 9649 (2016) Kat:3, Licht: 0","9649","3","3","5","09","10","6","","0","1","1","0","0"
"POINT (10.222130843000000 53.487697933000000)","Unfall 9650 (2016) Kat:3, Licht: 0","9650","3","7","8","06","19","4","","0","1","0","0","0"
"POINT (9.820911068999999 53.576729024000002)","Unfall 9651 (2016) Kat:3, Licht: 0","9651","3","7","0","09","12","4","","0","1","0","0","0"
"POINT (9.862842365000001 53.471438161000002)","Unfall 9652 (2016) Kat:3, Licht: 0","9652","3","6","1","04","09","2","","0","0","1","0","0"
"POINT (10.023066409000000 53.480797000000003)","Unfall 9653 (2016) Kat:3, Licht: 2","9653","3","6","3","12","19","1","","2","0","1","0","0"
"POINT (9.863794473000001 53.471464130000001)","Unfall 9654 (2016) Kat:3, Licht: 0","9654","3","6","2","11","10","5","","0","0","1","0","0"
"POINT (9.933140700999999 53.585118285000000)","Unfall 9655 (2016) Kat:3, Licht: 0","9655","3","6","2","07","15","3","","0","0","1","0","0"
"POINT (10.026018691999999 53.551302683000003)","Unfall 9659 (2016) Kat:3, Licht: 0","9659","3","3","5","07","05","2","","0","0","1","0","0"
"POINT (10.166842437000000 53.514513932000000)","Unfall 9661 (2016) Kat:2, Licht: 2","9661","2","3","5","06","01","7","","2","1","1","0","0"
"POINT (9.940628351999999 53.471101521000001)","Unfall 9662 (2016) Kat:3, Licht: 0","9662","3","6","2","04","16","2","","0","0","1","0","0"
"POINT (9.919466304000000 53.442877672000002)","Unfall 9663 (2016) Kat:3, Licht: 0","9663","3","6","3","06","08","5","","0","0","1","0","0"
"POINT (9.951401197999999 53.561970512000002)","Unfall 9664 (2016) Kat:3, Licht: 0","9664","3","6","3","06","06","4","","0","0","1","0","1"
"POINT (9.991532910000000 53.607170162999999)","Unfall 9665 (2016) Kat:3, Licht: 0","9665","3","6","1","12","09","7","","0","0","1","0","0"
"POINT (9.950052627000000 53.617812123000000)","Unfall 9666 (2016) Kat:3, Licht: 0","9666","3","3","5","07","15","3","","0","1","1","0","0"
"POINT (9.914540292000000 53.481534086000003)","Unfall 9667 (2016) Kat:3, Licht: 2","9667","3","3","2","11","18","1","","2","0","1","0","0"
"POINT (10.030785385000000 53.544835747999997)","Unfall 9668 (2016) Kat:2, Licht: 0","9668","2","3","5","05","11","2","","0","1","1","0","0"
"POINT (9.949272718000000 53.470824827999998)","Unfall 9669 (2016) Kat:3, Licht: 0","9669","3","7","3","06","08","1","","0","0","1","0","0"
"POINT (10.108230041000001 53.489554607000002)","Unfall 9671 (2016) Kat:3, Licht: 0","9671","3","7","3","06","15","4","","0","0","1","0","0"
"POINT (9.937753351000000 53.576801076999999)","Unfall 9672 (2016) Kat:3, Licht: 1","9672","3","7","3","10","18","5","","1","0","1","0","0"
"POINT (9.963231881000001 53.600538511000003)","Unfall 9673 (2016) Kat:3, Licht: 0","9673","3","6","0","10","08","5","","0","0","1","0","0"
"POINT (9.854644557000000 53.472434841000002)","Unfall 9674 (2016) Kat:3, Licht: 1","9674","3","1","9","06","05","1","","1","0","1","0","0"
"POINT (9.964937505000000 53.554204915000000)","Unfall 9675 (2016) Kat:3, Licht: 2","9675","3","3","5","09","21","4","","2","0","1","0","0"
"POINT (9.962401742999999 53.578144471000002)","Unfall 9676 (2016) Kat:3, Licht: 0","9676","3","6","2","09","08","2","","0","0","1","0","0"
"POINT (9.843793059999999 53.550588888999997)","Unfall 93881 (2016) Kat:2, Licht: 0","93881","2","6","4","01","16","7","","0","0","1","0","0"
"POINT (9.905100708999999 53.610831707000003)","Unfall 93882 (2016) Kat:3, Licht: 2","93882","3","2","4","01","06","3","","2","0","1","0","0"
"POINT (10.069781065000001 53.579493288000002)","Unfall 93883 (2016) Kat:3, Licht: 2","93883","3","2","5","01","19","6","","2","0","1","0","0"
"POINT (9.912719173999999 53.612547683999999)","Unfall 93885 (2016) Kat:3, Licht: 2","93885","3","2","6","01","06","5","","2","0","1","1","0"
"POINT (10.012590555999999 53.641212607999996)","Unfall 93886 (2016) Kat:2, Licht: 0","93886","2","1","4","01","08","6","","0","0","1","0","0"
"POINT (9.888698362000000 53.618718403999999)","Unfall 93887 (2016) Kat:3, Licht: 0","93887","3","3","5","01","10","5","","0","0","1","0","0"
"POINT (9.952214981999999 53.567165142999997)","Unfall 93888 (2016) Kat:3, Licht: 2","93888","3","2","6","01","18","7","","2","0","1","1","0"
"POINT (10.013892350000001 53.578923240000002)","Unfall 93889 (2016) Kat:2, Licht: 2","93889","2","2","6","01","03","6","","2","0","1","1","0"
"POINT (9.923801458000000 53.599545689000003)","Unfall 93890 (2016) Kat:3, Licht: 0","93890","3","3","5","01","16","4","","0","1","1","0","0"
"POINT (10.011578291999999 53.647206275999999)","Unfall 93891 (2016) Kat:3, Licht: 0","93891","3","4","6","01","15","6","","0","0","1","1","0"
"POINT (10.123337630000000 53.539379031999999)","Unfall 93892 (2016) Kat:3, Licht: 0","93892","3","4","6","01","15","4","","0","0","1","1","0"
"POINT (9.856771941000000 53.581688208999999)","Unfall 93893 (2016) Kat:3, Licht: 2","93893","3","7","6","01","19","3","","2","0","0","1","0"
"POINT (10.065090527000001 53.608601243999999)","Unfall 93894 (2016) Kat:3, Licht: 2","93894","3","6","2","01","18","4","","2","0","1","0","0"
"POINT (10.080703494000000 53.580944485000003)","Unfall 93895 (2016) Kat:3, Licht: 2","93895","3","4","6","01","17","6","","2","0","1","1","0"
"POINT (10.015759275000001 53.562608699999998)","Unfall 93897 (2016) Kat:3, Licht: 2","93897","3","2","2","01","00","6","","2","0","1","0","0"
"POINT (10.065809171000000 53.585314134999997)","Unfall 93898 (2016) Kat:3, Licht: 2","93898","3","6","2","01","07","4","","2","0","1","0","0"
"POINT (9.891122560000000 53.573462274999997)","Unfall 93900 (2016) Kat:3, Licht: 2","93900","3","4","6","01","19","4","","2","0","1","1","0"
"POINT (9.931377899999999 53.573536931000000)","Unfall 93901 (2016) Kat:3, Licht: 2","93901","3","1","8","01","05","6","","2","0","1","0","0"
"POINT (10.015441943000001 53.551840499999997)","Unfall 93902 (2016) Kat:3, Licht: 0","93902","3","6","1","01","14","4","","0","0","1","0","0"
"POINT (10.000780745000000 53.555566415999998)","Unfall 93903 (2016) Kat:2, Licht: 0","93903","2","3","4","01","08","7","","0","0","1","0","0"
"POINT (9.811472226999999 53.558985241000002)","Unfall 93904 (2016) Kat:2, Licht: 1","93904","2","4","6","01","16","4","","1","0","1","1","0"
"POINT (9.937230933000000 53.552409003000001)","Unfall 93905 (2016) Kat:3, Licht: 0","93905","3","2","4","01","16","6","","0","0","1","0","0"
"POINT (10.007915733000001 53.615061994999998)","Unfall 93906 (2016) Kat:3, Licht: 0","93906","3","6","2","01","14","4","","0","0","1","0","0"
"POINT (9.767851550000000 53.589750946999999)","Unfall 93907 (2016) Kat:2, Licht: 0","93907","2","7","0","01","10","3","","0","1","0","0","0"
"POINT (9.906526804000000 53.567440187999999)","Unfall 93909 (2016) Kat:2, Licht: 2","93909","2","7","6","01","00","6","","2","0","1","1","0"
"POINT (9.974455239999999 53.470102398000002)","Unfall 93910 (2016) Kat:3, Licht: 0","93910","3","2","2","01","13","4","","0","0","0","0","0"
"POINT (10.022766004999999 53.462848815999997)","Unfall 93911 (2016) Kat:3, Licht: 0","93911","3","3","5","01","09","6","","0","0","1","0","0"
"POINT (9.952164160000001 53.567093475000000)","Unfall 93912 (2016) Kat:3, Licht: 2","93912","3","2","2","01","19","4","","2","0","1","0","0"
"POINT (10.015540851000001 53.591448225000001)","Unfall 93913 (2016) Kat:3, Licht: 2","93913","3","6","2","01","18","5","","2","0","1","0","0"
"POINT (9.870312801000001 53.593380549999999)","Unfall 93914 (2016) Kat:3, Licht: 2","93914","3","3","6","01","07","3","","2","0","1","1","0"
"POINT (10.018584097000000 53.491378812000001)","Unfall 93915 (2016) Kat:3, Licht: 0","93915","3","2","4","01","10","6","","0","0","1","0","0"
"POINT (10.019950761000000 53.551500572000002)","Unfall 93916 (2016) Kat:2, Licht: 2","93916","2","2","5","01","17","4","","2","1","0","0","0"
"POINT (10.151639639000001 53.620915324999999)","Unfall 93917 (2016) Kat:3, Licht: 2","93917","3","3","5","01","08","5","","2","1","1","0","0"
"POINT (9.967694305000000 53.548755780000000)","Unfall 93918 (2016) Kat:3, Licht: 2","93918","3","2","6","01","17","3","","2","0","1","1","0"
"POINT (9.956732157999999 53.599095103000003)","Unfall 93920 (2016) Kat:3, Licht: 2","93920","3","6","1","01","06","6","","2","0","1","0","0"
"POINT (9.874771418000000 53.475615732999998)","Unfall 93921 (2016) Kat:3, Licht: 2","93921","3","2","6","01","18","3","","2","0","1","1","0"
"POINT (10.168034483000000 53.636258357000003)","Unfall 93922 (2016) Kat:3, Licht: 2","93922","3","7","0","01","07","7","","2","0","0","0","1"
"POINT (10.008959043000001 53.480739088000000)","Unfall 93923 (2016) Kat:3, Licht: 2","93923","3","2","1","01","19","3","","2","0","1","0","0"
"POINT (10.209931428000001 53.485639988999999)","Unfall 93924 (2016) Kat:3, Licht: 0","93924","3","3","5","01","08","6","","0","1","1","0","0"
"POINT (9.981792536000000 53.462375197999997)","Unfall 93925 (2016) Kat:3, Licht: 2","93925","3","3","5","01","17","2","","2","1","1","0","0"
"POINT (10.025373029000001 53.569256996000000)","Unfall 93926 (2016) Kat:3, Licht: 2","93926","3","6","3","01","19","6","","2","0","1","0","0"
"POINT (10.177050269000000 53.483180640999997)","Unfall 93927 (2016) Kat:3, Licht: 2","93927","3","3","6","01","16","3","","2","0","1","1","0"
"POINT (9.962188527000000 53.549545860999999)","Unfall 93928 (2016) Kat:3, Licht: 2","93928","3","4","6","01","07","6","","2","0","1","1","0"
"POINT (9.922726399000000 53.432513268999998)","Unfall 93929 (2016) Kat:3, Licht: 2","93929","3","6","2","01","18","3","","2","0","1","0","0"
"POINT (9.989579818999999 53.558285136000002)","Unfall 93931 (2016) Kat:3, Licht: 2","93931","3","3","5","01","22","6","","2","0","1","0","0"
"POINT (10.085019087999999 53.553377349000002)","Unfall 93932 (2016) Kat:3, Licht: 0","93932","3","7","0","01","10","3","","0","0","0","0","0"
"POINT (9.886923016000001 53.561757053000001)","Unfall 93933 (2016) Kat:3, Licht: 0","93933","3","7","9","01","09","7","","0","0","1","0","0"
"POINT (9.890259730000000 53.575006909000003)","Unfall 93934 (2016) Kat:3, Licht: 2","93934","3","2","5","01","07","6","","2","0","1","0","0"
"POINT (9.793261941000001 53.586779497000002)","Unfall 93935 (2016) Kat:3, Licht: 0","93935","3","2","4","01","14","6","","0","1","1","0","0"
"POINT (10.097063470000000 53.534164050000001)","Unfall 93937 (2016) Kat:3, Licht: 0","93937","3","2","2","01","13","3","","0","0","1","0","0"
"POINT (10.002076975000000 53.557116293000000)","Unfall 93938 (2016) Kat:3, Licht: 0","93938","3","7","1","01","11","6","","0","1","1","0","0"
"POINT (10.070023275000000 53.555228710999998)","Unfall 93939 (2016) Kat:3, Licht: 1","93939","3","4","6","01","08","3","","1","0","1","1","0"
"POINT (9.945590672000000 53.548573976999997)","Unfall 93940 (2016) Kat:3, Licht: 0","93940","3","7","6","01","08","6","","0","1","0","1","0"
"POINT (9.982819481000000 53.480085692999999)","Unfall 93941 (2016) Kat:1, Licht: 2","93941","1","1","8","01","05","6","","2","0","1","0","0"
"POINT (10.155544254000000 53.587807322000003)","Unfall 93942 (2016) Kat:3, Licht: 0","93942","3","6","2","01","14","3","","0","0","1","0","0"
"POINT (10.010026491000000 53.611641128000002)","Unfall 93943 (2016) Kat:2, Licht: 2","93943","2","2","4","01","17","6","","2","0","1","0","0"
"POINT (10.033304566000000 53.573474429000001)","Unfall 93944 (2016) Kat:3, Licht: 2","93944","3","3","6","01","06","4","","2","0","1","1","0"
"POINT (9.987617945000000 53.517367041999997)","Unfall 93945 (2016) Kat:3, Licht: 0","93945","3","3","5","01","09","2","","0","0","1","0","0"
"POINT (10.179137645000001 53.597889713999997)","Unfall 93947 (2016) Kat:3, Licht: 2","93947","3","7","6","01","17","6","","2","0","1","1","0"
"POINT (10.127321947000000 53.654964507999999)","Unfall 93948 (2016) Kat:3, Licht: 2","93948","3","6","2","01","17","7","","2","0","1","0","0"
"POINT (10.002872298000000 53.554561327000002)","Unfall 93949 (2016) Kat:3, Licht: 0","93949","3","6","2","01","14","6","","0","0","1","0","0"
"POINT (10.057327245000000 53.565718635000003)","Unfall 93950 (2016) Kat:2, Licht: 0","93950","2","2","1","01","10","4","","0","0","1","0","0"
"POINT (9.871441648999999 53.592313705999999)","Unfall 93951 (2016) Kat:3, Licht: 0","93951","3","2","5","01","11","6","","0","1","1","0","0"
"POINT (10.038445347000000 53.608356505000003)","Unfall 93953 (2016) Kat:3, Licht: 2","93953","3","3","4","01","19","3","","2","0","1","0","0"
"POINT (10.090841810000001 53.634325732000001)","Unfall 93955 (2016) Kat:3, Licht: 2","93955","3","2","5","01","17","3","","2","1","1","0","0"
"POINT (9.884961443000000 53.478361800000002)","Unfall 93956 (2016) Kat:3, Licht: 1","93956","3","3","5","01","07","5","","1","1","1","0","0"
"POINT (10.099244612000000 53.588169063000002)","Unfall 93957 (2016) Kat:3, Licht: 1","93957","3","4","6","01","16","3","","1","0","1","1","0"
"POINT (9.853476188000000 53.473554337000003)","Unfall 93958 (2016) Kat:3, Licht: 0","93958","3","4","6","01","08","5","","0","0","1","1","0"
"POINT (10.094983012000000 53.679758593999999)","Unfall 93959 (2016) Kat:2, Licht: 2","93959","2","3","5","01","00","7","","2","0","1","0","0"
"POINT (10.190390796999999 53.503929423999999)","Unfall 93960 (2016) Kat:3, Licht: 0","93960","3","6","2","01","15","2","","0","0","1","0","0"
"POINT (10.163750238000000 53.650925415000003)","Unfall 93963 (2016) Kat:3, Licht: 0","93963","3","6","1","01","08","3","","0","0","1","0","0"
"POINT (10.018710835000000 53.633389454000003)","Unfall 93964 (2016) Kat:3, Licht: 2","93964","3","3","5","01","17","1","","2","0","1","0","0"
"POINT (9.993887454999999 53.602078409000001)","Unfall 93965 (2016) Kat:3, Licht: 2","93965","3","6","2","01","19","3","","2","0","1","0","0"
"POINT (9.807003016000000 53.573342257000000)","Unfall 93966 (2016) Kat:3, Licht: 2","93966","3","3","5","01","17","4","","2","1","1","0","0"
"POINT (9.965176230000001 53.599486380999998)","Unfall 93967 (2016) Kat:3, Licht: 2","93967","3","6","2","01","06","6","","2","0","1","0","0"
"POINT (9.939372447000000 53.553725170000000)","Unfall 93970 (2016) Kat:3, Licht: 0","93970","3","2","4","01","10","3","","0","0","1","0","0"
"POINT (9.858360330000000 53.537040304000001)","Unfall 93971 (2016) Kat:3, Licht: 2","93971","3","6","4","01","07","5","","2","1","0","0","0"
"POINT (10.089927782000000 53.656113644000001)","Unfall 93972 (2016) Kat:3, Licht: 2","93972","3","6","2","01","18","3","","2","0","1","0","0"
"POINT (10.061743910000001 53.581064036999997)","Unfall 93973 (2016) Kat:3, Licht: 2","93973","3","6","2","01","18","5","","2","0","1","0","0"
"POINT (10.116019206000001 53.485346016000001)","Unfall 93974 (2016) Kat:3, Licht: 2","93974","3","3","5","01","17","2","","2","0","1","0","0"
"POINT (10.207792070000000 53.484749862999998)","Unfall 93975 (2016) Kat:3, Licht: 2","93975","3","6","1","01","17","2","","2","0","1","0","0"
"POINT (10.022380110000000 53.558748104000003)","Unfall 93978 (2016) Kat:3, Licht: 2","93978","3","6","2","01","19","3","","2","0","1","0","0"