WKT,Name,OBJECTID,UKATEGORIE,UTYP1,UART,UMONAT,USTUNDE,UWOCHENTAG,STRZUSTAND,ULICHTVERH,ISTRAD,ISTPKW,ISTFUSS,ISTKRAD
"POINT (10.054490849000000 53.591612271999999)","Unfall 93979 (2016) Kat:3, Licht: 2","93979","3","1","8","01","05","7","","2","0","1","0","0"
"POINT (10.209096073000000 53.503895258999997)","Unfall 93980 (2016) Kat:3, Licht: 2","93980","3","7","6","01","07","5","","2","0","1","1","0"
"POINT (10.109953882999999 53.538464228999999)","Unfall 93981 (2016) Kat:3, Licht: 0","93981","3","7","0","01","09","2","","0","0","0","0","0"
"POINT (10.106893222000000 53.598869753999999)","Unfall 93982 (2016) Kat:3, Licht: 0","93982","3","6","3","01","09","5","","0","1","1","0","0"
"POINT (10.070113104000001 53.526659484000000)","Unfall 93983 (2016) Kat:3, Licht: 1","93983","3","6","2","01","16","2","","1","0","1","0","0"
"POINT (9.899377575000001 53.620701230999998)","Unfall 93986 (2016) Kat:3, Licht: 2","93986","3","3","5","01","17","3","","2","1","1","0","0"
"POINT (10.013483310000000 53.561233887000000)","Unfall 93987 (2016) Kat:3, Licht: 0","93987","3","6","2","01","14","7","","0","0","1","0","0"
"POINT (10.010001490000001 53.584306798000000)","Unfall 93988 (2016) Kat:3, Licht: 0","93988","3","4","6","01","12","7","","0","0","1","1","0"
"POINT (10.108784932000001 53.602372582000001)","Unfall 93989 (2016) Kat:3, Licht: 0","93989","3","5","1","01","14","5","","0","0","1","0","0"
"POINT (9.887365034000000 53.563147160000000)","Unfall 93990 (2016) Kat:3, Licht: 0","93990","3","3","5","01","14","4","","0","1","1","0","0"
"POINT (9.934814696000000 53.546339719999999)","Unfall 93991 (2016) Kat:3, Licht: 0","93991","3","6","3","01","08","6","","0","0","1","0","0"
"POINT (9.945143174000000 53.557252835000000)","Unfall 93993 (2016) Kat:3, Licht: 0","93993","3","4","6","01","08","3","","0","0","1","1","0"
"POINT (9.978728367000000 53.565708991000001)","Unfall 93995 (2016) Kat:3, Licht: 2","93995","3","6","4","01","17","3","","2","1","0","0","0"
"POINT (10.022342748000000 53.528521142999999)","Unfall 93996 (2016) Kat:3, Licht: 0","93996","3","7","2","01","14","5","","0","0","1","0","0"
"POINT (9.953066473000000 53.546323297999997)","Unfall 93998 (2016) Kat:3, Licht: 2","93998","3","1","8","01","16","3","","2","0","1","0","0"
"POINT (10.104785681999999 53.544836457999999)","Unfall 93999 (2016) Kat:3, Licht: 2","93999","3","6","4","01","17","2","","2","0","1","0","0"
"POINT (10.128354740000001 53.601162017999997)","Unfall 94000 (2016) Kat:3, Licht: 1","94000","3","2","4","01","07","5","","1","1","1","0","0"
"POINT (9.889950000000001 53.601598922000001)","Unfall 94002 (2016) Kat:3, Licht: 0","94002","3","2","5","01","09","3","","0","1","1","0","0"
"POINT (10.080133881000000 53.607832619000000)","Unfall 94003 (2016) Kat:3, Licht: 2","94003","3","3","5","01","06","6","","2","0","1","0","1"
"POINT (10.056349574000000 53.591763800999999)","Unfall 94004 (2016) Kat:3, Licht: 1","94004","3","6","3","01","16","7","","1","0","1","0","0"
"POINT (9.948959409000000 53.618307948000002)","Unfall 94005 (2016) Kat:3, Licht: 2","94005","3","3","5","01","05","4","","2","1","0","0","0"
"POINT (10.045771018000000 53.548276145000003)","Unfall 94006 (2016) Kat:3, Licht: 0","94006","3","2","2","01","07","2","","0","0","1","0","0"
"POINT (9.936105092000000 53.550115591999997)","Unfall 94007 (2016) Kat:3, Licht: 0","94007","3","2","5","01","14","4","","0","1","1","0","0"
"POINT (10.186216985000000 53.477627513000002)","Unfall 94008 (2016) Kat:3, Licht: 0","94008","3","6","2","01","15","5","","0","0","1","0","0"
"POINT (10.134733108000001 53.637547775000002)","Unfall 94010 (2016) Kat:3, Licht: 2","94010","3","3","5","01","20","2","","2","0","1","0","0"
"POINT (10.107022968000001 53.653620472000000)","Unfall 94012 (2016) Kat:3, Licht: 2","94012","3","6","2","01","17","2","","2","0","1","0","0"
"POINT (10.067783604000001 53.600157850000002)","Unfall 94013 (2016) Kat:3, Licht: 2","94013","3","7","0","01","17","5","","2","0","1","0","0"
"POINT (9.929507689999999 53.629311024000003)","Unfall 94014 (2016) Kat:3, Licht: 2","94014","3","3","5","01","19","3","","2","1","1","0","0"
"POINT (10.030231259000001 53.554326242999998)","Unfall 94015 (2016) Kat:3, Licht: 0","94015","3","2","5","01","14","5","","0","0","1","0","0"
"POINT (9.992243609999999 53.671910750000002)","Unfall 94016 (2016) Kat:3, Licht: 2","94016","3","5","1","01","18","5","","2","0","1","0","0"
"POINT (9.979902835000001 53.572455708000000)","Unfall 94017 (2016) Kat:3, Licht: 2","94017","3","6","2","01","18","3","","2","0","1","0","0"
"POINT (9.925521762000001 53.630859170999997)","Unfall 94018 (2016) Kat:3, Licht: 2","94018","3","7","0","01","19","6","","2","0","0","0","0"
"POINT (9.852564943999999 53.570046679000001)","Unfall 94019 (2016) Kat:3, Licht: 2","94019","3","2","6","01","19","7","","2","0","1","1","0"
"POINT (9.975508916000001 53.558480760999998)","Unfall 94020 (2016) Kat:3, Licht: 1","94020","3","7","8","01","07","4","","1","0","1","0","0"
"POINT (10.160366138000001 53.625421519000000)","Unfall 94021 (2016) Kat:3, Licht: 2","94021","3","3","5","01","07","2","","2","0","1","0","0"
"POINT (10.039444134000000 53.578644156000003)","Unfall 94025 (2016) Kat:3, Licht: 2","94025","3","6","3","01","17","2","","2","0","1","0","0"
"POINT (9.996992243999999 53.601928989999998)","Unfall 94026 (2016) Kat:2, Licht: 0","94026","2","2","4","01","09","5","","0","0","1","0","0"
"POINT (10.002296012000000 53.557100308999999)","Unfall 94027 (2016) Kat:3, Licht: 0","94027","3","3","5","01","15","3","","0","0","1","0","0"
"POINT (10.085849075000000 53.603841416999998)","Unfall 94028 (2016) Kat:3, Licht: 2","94028","3","6","1","01","18","5","","2","0","1","0","0"
"POINT (10.141680222000000 53.605198131000002)","Unfall 94029 (2016) Kat:3, Licht: 2","94029","3","3","5","01","05","2","","2","1","1","0","0"
"POINT (10.134837467000001 53.574493838999999)","Unfall 94030 (2016) Kat:2, Licht: 0","94030","2","4","6","01","12","2","","0","0","0","1","0"
"POINT (10.089035694000000 53.631831062000003)","Unfall 94032 (2016) Kat:3, Licht: 2","94032","3","4","6","01","19","2","","2","0","1","1","0"
"POINT (10.084529650000000 53.551016990999997)","Unfall 94035 (2016) Kat:3, Licht: 0","94035","3","2","6","01","10","2","","0","0","1","1","0"
"POINT (10.138522429000000 53.587032540999999)","Unfall 94036 (2016) Kat:3, Licht: 2","94036","3","6","3","01","05","7","","2","1","1","0","0"
"POINT (10.047006222000000 53.591514601999997)","Unfall 94037 (2016) Kat:3, Licht: 0","94037","3","3","6","01","11","2","","0","0","1","1","0"
"POINT (9.765956994000000 53.576760827999998)","Unfall 94038 (2016) Kat:3, Licht: 2","94038","3","1","9","01","18","5","","2","0","1","0","0"
"POINT (9.993896015000001 53.648745996000002)","Unfall 94039 (2016) Kat:3, Licht: 2","94039","3","6","1","01","17","2","","2","0","1","0","0"
"POINT (10.147612666000001 53.529751759000000)","Unfall 94040 (2016) Kat:3, Licht: 2","94040","3","4","6","01","07","5","","2","0","1","1","0"
"POINT (10.141698950000000 53.617556772000000)","Unfall 94042 (2016) Kat:2, Licht: 2","94042","2","2","6","01","18","2","","2","0","1","1","0"
"POINT (10.018546963000000 53.549279087999999)","Unfall 94043 (2016) Kat:3, Licht: 2","94043","3","6","2","01","17","6","","2","0","1","0","0"
"POINT (9.932152824999999 53.566252134000003)","Unfall 94044 (2016) Kat:3, Licht: 0","94044","3","2","5","01","16","7","","0","1","1","0","0"
"POINT (9.858401032000000 53.571841157000001)","Unfall 94045 (2016) Kat:3, Licht: 2","94045","3","6","1","01","17","5","","2","0","1","0","0"
"POINT (10.119646952000000 53.606387065000000)","Unfall 94047 (2016) Kat:3, Licht: 2","94047","3","2","3","01","19","2","","2","0","1","0","0"
"POINT (9.853646998000000 53.579744646999998)","Unfall 94048 (2016) Kat:3, Licht: 2","94048","3","4","6","01","06","7","","2","0","1","1","0"
"POINT (9.895201609000001 53.557339358000000)","Unfall 94049 (2016) Kat:3, Licht: 0","94049","3","6","2","01","08","5","","0","0","1","0","0"
"POINT (10.017473879000001 53.564061660999997)","Unfall 94050 (2016) Kat:3, Licht: 2","94050","3","1","9","01","20","2","","2","0","1","0","0"
"POINT (10.102338391000000 53.579908787000001)","Unfall 94051 (2016) Kat:3, Licht: 0","94051","3","6","2","01","08","5","","0","0","1","0","0"
"POINT (9.956594484000000 53.609754613000000)","Unfall 94053 (2016) Kat:3, Licht: 0","94053","3","3","5","01","15","2","","0","0","1","0","0"
"POINT (9.941590986000000 53.564924986000001)","Unfall 94055 (2016) Kat:3, Licht: 0","94055","3","3","5","01","14","2","","0","1","1","0","0"
"POINT (9.887067841000000 53.560391596000002)","Unfall 94056 (2016) Kat:3, Licht: 2","94056","3","3","5","01","16","5","","2","0","1","0","1"
"POINT (10.145306957000001 53.611205136000002)","Unfall 94058 (2016) Kat:2, Licht: 2","94058","2","3","5","01","18","2","","2","1","1","0","0"
"POINT (10.029333307000000 53.630688650000003)","Unfall 94059 (2016) Kat:3, Licht: 0","94059","3","7","3","01","08","6","","0","0","1","0","0"
"POINT (9.971180721000000 53.557194346000003)","Unfall 94060 (2016) Kat:3, Licht: 2","94060","3","3","6","01","01","7","","2","0","1","1","0"
"POINT (9.854390137999999 53.470738201000003)","Unfall 94061 (2016) Kat:2, Licht: 2","94061","2","4","6","01","07","3","","2","0","1","1","0"
"POINT (9.988684264000000 53.573712585999999)","Unfall 94062 (2016) Kat:2, Licht: 0","94062","2","7","6","01","10","2","","0","0","1","1","0"
"POINT (9.992886401000000 53.455432762999997)","Unfall 94064 (2016) Kat:3, Licht: 2","94064","3","2","0","01","07","3","","2","1","1","0","0"
"POINT (10.134778697000000 53.584503527000003)","Unfall 94065 (2016) Kat:3, Licht: 1","94065","3","4","6","01","16","5","","1","0","1","1","0"
"POINT (10.010867403000001 53.462211558000000)","Unfall 94067 (2016) Kat:3, Licht: 0","94067","3","6","1","01","12","3","","0","0","1","0","0"
"POINT (9.986117945000000 53.572656299999998)","Unfall 94068 (2016) Kat:2, Licht: 0","94068","2","2","4","01","11","5","","0","0","1","1","0"
"POINT (9.997261057999999 53.553519545000000)","Unfall 94070 (2016) Kat:3, Licht: 0","94070","3","6","3","01","08","2","","0","0","1","0","0"
"POINT (10.074755695000000 53.566475728000000)","Unfall 94072 (2016) Kat:3, Licht: 2","94072","3","3","5","01","17","1","","2","1","1","0","0"
"POINT (9.955586170000000 53.570180704000002)","Unfall 94073 (2016) Kat:3, Licht: 0","94073","3","3","5","01","13","5","","0","0","1","0","0"
"POINT (10.066628695000000 53.580395119000002)","Unfall 94074 (2016) Kat:3, Licht: 0","94074","3","2","3","01","08","2","","0","1","0","0","0"
"POINT (10.000522358000000 53.551039355000000)","Unfall 94075 (2016) Kat:3, Licht: 0","94075","3","7","4","01","14","6","","0","1","1","0","0"
"POINT (9.970760039000000 53.449747913000003)","Unfall 94076 (2016) Kat:3, Licht: 0","94076","3","5","1","01","11","6","","0","0","1","0","0"
"POINT (9.970601604000001 53.569692169000000)","Unfall 94077 (2016) Kat:3, Licht: 1","94077","3","2","6","01","07","2","","1","0","0","1","0"
"POINT (10.165803941000000 53.652787443000001)","Unfall 94080 (2016) Kat:3, Licht: 0","94080","3","2","3","01","14","1","","0","0","1","0","0"
"POINT (10.086266122000000 53.628618932999998)","Unfall 94081 (2016) Kat:3, Licht: 2","94081","3","7","5","01","17","1","","2","0","1","0","0"
"POINT (9.981862885000000 53.572700494999999)","Unfall 94082 (2016) Kat:3, Licht: 0","94082","3","7","0","01","10","5","","0","0","0","0","1"
"POINT (10.041613427000000 53.607933252000002)","Unfall 94083 (2016) Kat:3, Licht: 2","94083","3","6","2","01","18","2","","2","0","1","0","0"
"POINT (10.035533046999999 53.591103120000000)","Unfall 94084 (2016) Kat:3, Licht: 0","94084","3","3","6","01","09","5","","0","1","0","1","0"
"POINT (9.958445800000000 53.553054007000000)","Unfall 94086 (2016) Kat:3, Licht: 2","94086","3","3","5","01","02","1","","2","0","1","0","0"
"POINT (9.980248764000001 53.566605348000003)","Unfall 94087 (2016) Kat:3, Licht: 0","94087","3","7","0","01","08","5","","0","0","0","0","1"
"POINT (10.013712667000000 53.600116188999998)","Unfall 94088 (2016) Kat:3, Licht: 2","94088","3","2","5","01","20","2","","2","1","1","0","0"
"POINT (10.096028599000000 53.588400182000001)","Unfall 94089 (2016) Kat:3, Licht: 2","94089","3","7","5","01","17","5","","2","0","1","0","0"
"POINT (10.192514797999999 53.489263719000000)","Unfall 94090 (2016) Kat:3, Licht: 2","94090","3","2","1","01","19","6","","2","0","1","0","0"
"POINT (9.896934525000001 53.515416518999999)","Unfall 94091 (2016) Kat:3, Licht: 2","94091","3","7","0","01","17","1","","2","0","0","0","0"
"POINT (10.107122101000000 53.547558864000003)","Unfall 94092 (2016) Kat:3, Licht: 0","94092","3","3","5","01","14","1","","0","0","1","0","0"
"POINT (9.891215105000001 53.582908871000001)","Unfall 94095 (2016) Kat:3, Licht: 2","94095","3","1","4","01","07","2","","2","0","1","0","0"
"POINT (10.059320334000001 53.573195095000003)","Unfall 94096 (2016) Kat:3, Licht: 0","94096","3","3","5","01","09","7","","0","0","1","0","0"
"POINT (9.980306368000001 53.567972523999998)","Unfall 94097 (2016) Kat:3, Licht: 2","94097","3","4","6","01","18","5","","2","0","1","1","0"
"POINT (10.107611079000000 53.541857210000003)","Unfall 94098 (2016) Kat:3, Licht: 2","94098","3","3","5","01","19","1","","2","0","1","0","0"
"POINT (9.989020302000000 53.558210203999998)","Unfall 94099 (2016) Kat:3, Licht: 2","94099","3","2","5","01","21","5","","2","0","1","0","0"
"POINT (10.113803912000000 53.624797721999997)","Unfall 94100 (2016) Kat:3, Licht: 2","94100","3","2","0","01","16","7","","2","1","1","0","0"
"POINT (10.102953973000000 53.578527319000003)","Unfall 94101 (2016) Kat:3, Licht: 0","94101","3","2","5","01","12","1","","0","0","1","0","0"
"POINT (9.961597057000001 53.612564694000000)","Unfall 94104 (2016) Kat:3, Licht: 2","94104","3","2","5","01","07","2","","2","1","1","0","0"
"POINT (9.928786963000000 53.629438000000000)","Unfall 94105 (2016) Kat:3, Licht: 2","94105","3","2","5","01","19","7","","2","1","1","0","0"
"POINT (10.149179199000001 53.524403964000001)","Unfall 94106 (2016) Kat:3, Licht: 2","94106","3","6","2","01","06","4","","2","0","1","0","0"
"POINT (10.054710396000001 53.531853666000003)","Unfall 94107 (2016) Kat:2, Licht: 2","94107","2","2","6","01","07","3","","2","0","1","1","0"
"POINT (10.010369676000000 53.550926877999999)","Unfall 94108 (2016) Kat:3, Licht: 2","94108","3","4","6","01","22","5","","2","0","1","1","0"
"POINT (10.064410319000000 53.586741498999999)","Unfall 94110 (2016) Kat:3, Licht: 0","94110","3","6","1","01","12","7","","0","0","1","0","0"
"POINT (10.062055730000001 53.608908024999998)","Unfall 94112 (2016) Kat:3, Licht: 0","94112","3","2","2","01","12","7","","0","0","1","0","0"
"POINT (10.028318733000001 53.606514230999998)","Unfall 94113 (2016) Kat:3, Licht: 2","94113","3","6","2","01","06","4","","2","0","1","0","0"
"POINT (9.962882753000001 53.569651962999998)","Unfall 94115 (2016) Kat:2, Licht: 2","94115","2","4","6","01","18","2","","2","0","1","1","0"
"POINT (10.052510500000000 53.570242862000001)","Unfall 94116 (2016) Kat:3, Licht: 0","94116","3","3","5","01","11","6","","0","1","1","0","0"
"POINT (10.209270168000000 53.512936293000003)","Unfall 94117 (2016) Kat:3, Licht: 1","94117","3","4","6","01","17","6","","1","0","1","1","0"
"POINT (10.037358749999999 53.630012417000003)","Unfall 94118 (2016) Kat:3, Licht: 0","94118","3","3","5","01","14","7","","0","0","1","0","0"
"POINT (9.988503317999999 53.582243394999999)","Unfall 94120 (2016) Kat:3, Licht: 2","94120","3","3","5","01","20","2","","2","1","1","0","0"
"POINT (10.033829060000000 53.607928051999998)","Unfall 94121 (2016) Kat:3, Licht: 0","94121","3","3","5","01","14","6","","0","0","1","0","0"
"POINT (10.091815201999999 53.543815434999999)","Unfall 94122 (2016) Kat:3, Licht: 0","94122","3","3","5","01","12","6","","0","0","1","0","0"
"POINT (10.123037024000000 53.568814648999997)","Unfall 94123 (2016) Kat:3, Licht: 2","94123","3","1","8","01","17","3","","2","0","1","0","0"
"POINT (9.981842565999999 53.572449462999998)","Unfall 94124 (2016) Kat:3, Licht: 2","94124","3","3","5","01","01","1","","2","0","1","0","0"
"POINT (10.072584921000001 53.580082404000002)","Unfall 94125 (2016) Kat:3, Licht: 2","94125","3","2","4","01","07","3","","2","1","1","0","0"
"POINT (10.078377421000001 53.550199493999997)","Unfall 94126 (2016) Kat:3, Licht: 2","94126","3","2","4","01","07","4","","2","0","1","0","0"
"POINT (9.994493735000001 53.601979794000002)","Unfall 94128 (2016) Kat:3, Licht: 1","94128","3","3","5","01","16","7","","1","1","0","0","0"
"POINT (9.994801336000000 53.548466320000003)","Unfall 94130 (2016) Kat:2, Licht: 2","94130","2","3","5","01","16","7","","2","0","1","0","0"
"POINT (10.042547893000000 53.597661590999998)","Unfall 94131 (2016) Kat:3, Licht: 0","94131","3","6","1","01","15","4","","0","0","1","0","0"
"POINT (9.970671452000000 53.567317987999999)","Unfall 94132 (2016) Kat:3, Licht: 0","94132","3","6","2","01","11","2","","0","0","1","0","0"
"POINT (10.095655282999999 53.542670610000002)","Unfall 94133 (2016) Kat:3, Licht: 2","94133","3","4","6","01","07","5","","2","0","1","1","0"
"POINT (10.161842225999999 53.590650789000001)","Unfall 94134 (2016) Kat:3, Licht: 0","94134","3","2","4","01","08","6","","0","1","1","0","0"
"POINT (10.092544550000000 53.553436380000001)","Unfall 94135 (2016) Kat:3, Licht: 0","94135","3","7","6","01","14","7","","0","0","1","1","0"
"POINT (10.158372592999999 53.653699760000002)","Unfall 94137 (2016) Kat:3, Licht: 2","94137","3","3","5","01","19","3","","2","0","1","0","0"
"POINT (10.076352888000001 53.615300697999999)","Unfall 94138 (2016) Kat:2, Licht: 0","94138","2","4","6","01","14","7","","0","0","1","1","0"
"POINT (10.100489027000000 53.540454461000003)","Unfall 94140 (2016) Kat:3, Licht: 1","94140","3","2","3","01","19","4","","1","1","1","0","0"
"POINT (9.988644016000000 53.572780080999998)","Unfall 94143 (2016) Kat:3, Licht: 0","94143","3","3","5","01","10","2","","0","1","1","0","0"
"POINT (9.881081801000001 53.478086861000001)","Unfall 94144 (2016) Kat:3, Licht: 2","94144","3","4","6","01","19","6","","2","0","1","1","0"
"POINT (10.016513013000001 53.574742307999998)","Unfall 94145 (2016) Kat:3, Licht: 1","94145","3","4","6","01","07","4","","1","0","1","1","0"
"POINT (10.000576623000001 53.517195893000000)","Unfall 94146 (2016) Kat:3, Licht: 2","94146","3","5","8","01","21","1","","2","0","1","0","0"
"POINT (10.065206355000001 53.597963641000000)","Unfall 94147 (2016) Kat:3, Licht: 2","94147","3","6","2","01","18","5","","2","0","1","0","0"
"POINT (10.112320263000001 53.654072270999997)","Unfall 94148 (2016) Kat:3, Licht: 0","94148","3","3","5","01","13","7","","0","1","1","0","0"
"POINT (10.024965147000000 53.605034465000003)","Unfall 94149 (2016) Kat:3, Licht: 0","94149","3","1","9","01","09","7","","0","0","0","0","0"
"POINT (10.228430112000000 53.484337390999997)","Unfall 94152 (2016) Kat:2, Licht: 2","94152","2","1","1","01","06","1","","2","0","1","0","0"
"POINT (10.032623271000000 53.566791168999998)","Unfall 94153 (2016) Kat:3, Licht: 0","94153","3","3","0","01","13","7","","0","1","1","0","0"
"POINT (10.103750336999999 53.607415230999997)","Unfall 94155 (2016) Kat:3, Licht: 0","94155","3","2","3","01","14","1","","0","0","1","0","0"
"POINT (10.113501214999999 53.600019191000001)","Unfall 94156 (2016) Kat:3, Licht: 0","94156","3","6","2","01","14","7","","0","0","1","0","0"
"POINT (10.101006419000001 53.540698349000003)","Unfall 94157 (2016) Kat:3, Licht: 2","94157","3","6","2","01","18","6","","2","0","1","0","0"
"POINT (10.044816562999999 53.579097642999997)","Unfall 94158 (2016) Kat:3, Licht: 2","94158","3","2","2","01","05","4","","2","0","1","0","0"
"POINT (10.016640595000000 53.562079288000000)","Unfall 94159 (2016) Kat:3, Licht: 2","94159","3","3","5","01","18","7","","2","0","1","0","0"
"POINT (10.077703990000000 53.557161438000001)","Unfall 94161 (2016) Kat:3, Licht: 2","94161","3","1","9","01","00","6","","2","0","1","0","0"
"POINT (10.056679640000000 53.568879398999997)","Unfall 94162 (2016) Kat:3, Licht: 2","94162","3","7","4","02","17","5","","2","0","1","0","0"
"POINT (10.027507566000001 53.673533921999997)","Unfall 94163 (2016) Kat:3, Licht: 2","94163","3","6","1","02","17","3","","2","0","1","0","0"
"POINT (9.994624003000000 53.551957324999997)","Unfall 94164 (2016) Kat:3, Licht: 2","94164","3","3","0","01","19","7","","2","0","1","0","0"
"POINT (10.010285189999999 53.648761186000002)","Unfall 94165 (2016) Kat:3, Licht: 0","94165","3","6","2","02","15","2","","0","0","1","0","0"
"POINT (10.043336200000001 53.540131357999996)","Unfall 94166 (2016) Kat:2, Licht: 2","94166","2","2","5","01","17","3","","2","0","1","0","0"
"POINT (10.010004336000000 53.482891438999999)","Unfall 94167 (2016) Kat:2, Licht: 2","94167","2","1","8","02","18","5","","2","0","1","0","0"
"POINT (9.983591258000001 53.431625482000001)","Unfall 94168 (2016) Kat:3, Licht: 2","94168","3","2","6","01","07","3","","2","0","1","1","0"
"POINT (10.127116827000000 53.546884464999998)","Unfall 94169 (2016) Kat:3, Licht: 2","94169","3","4","6","02","18","4","","2","0","1","1","0"
"POINT (10.062318461000000 53.577737257999999)","Unfall 94170 (2016) Kat:3, Licht: 2","94170","3","1","0","02","18","4","","2","0","0","0","1"
"POINT (10.027421064000000 53.556198997999999)","Unfall 94171 (2016) Kat:3, Licht: 0","94171","3","3","5","02","08","6","","0","1","1","0","0"
"POINT (10.080629245000001 53.589886092999997)","Unfall 94172 (2016) Kat:3, Licht: 0","94172","3","3","5","02","12","2","","0","1","1","0","0"
"POINT (10.115427986000000 53.625099055000000)","Unfall 94173 (2016) Kat:3, Licht: 2","94173","3","7","7","01","21","5","","2","0","0","0","0"
"POINT (9.987953474999999 53.556516979000001)","Unfall 94174 (2016) Kat:3, Licht: 2","94174","3","2","2","02","18","2","","2","0","1","0","0"
"POINT (9.893248538000000 53.551524452999999)","Unfall 94175 (2016) Kat:3, Licht: 0","94175","3","7","0","01","09","6","","0","1","1","0","0"
"POINT (9.978730818000001 53.463559955999997)","Unfall 94176 (2016) Kat:3, Licht: 0","94176","3","3","6","01","15","1","","0","0","0","1","0"
"POINT (10.077605077999999 53.576269809000003)","Unfall 94177 (2016) Kat:3, Licht: 0","94177","3","7","0","01","11","3","","0","0","1","1","0"
"POINT (10.089413841000001 53.590639592999999)","Unfall 94178 (2016) Kat:3, Licht: 0","94178","3","3","5","02","16","5","","0","1","1","0","0"
"POINT (9.897397142000001 53.508164456999999)","Unfall 94179 (2016) Kat:3, Licht: 0","94179","3","7","9","01","10","3","","0","0","1","0","0"
"POINT (10.092713410000000 53.571523032999998)","Unfall 94180 (2016) Kat:3, Licht: 0","94180","3","3","5","02","07","4","","0","0","1","0","0"
"POINT (9.897245380999999 53.604992930999998)","Unfall 94181 (2016) Kat:3, Licht: 2","94181","3","6","2","02","19","4","","2","0","1","0","0"
"POINT (10.076668264000000 53.566853164000001)","Unfall 94182 (2016) Kat:3, Licht: 2","94182","3","2","2","02","20","6","","2","0","1","0","0"
"POINT (9.960269031999999 53.625249558999997)","Unfall 94183 (2016) Kat:3, Licht: 0","94183","3","7","0","02","09","2","","0","0","0","0","0"
"POINT (10.029216057999999 53.556735220999997)","Unfall 94184 (2016) Kat:3, Licht: 0","94184","3","6","3","02","13","1","","0","0","1","0","0"
"POINT (10.050587210000000 53.532675881000003)","Unfall 94185 (2016) Kat:3, Licht: 2","94185","3","4","0","02","02","7","","2","0","1","1","0"
"POINT (9.996819049999999 53.558027844000001)","Unfall 94186 (2016) Kat:3, Licht: 2","94186","3","6","2","02","20","6","","2","0","1","0","0"
"POINT (10.126298888000001 53.573790991999999)","Unfall 94187 (2016) Kat:3, Licht: 0","94187","3","7","3","01","10","7","","0","0","1","0","0"
"POINT (10.086260662999999 53.628612975999999)","Unfall 94188 (2016) Kat:2, Licht: 2","94188","2","7","6","01","17","3","","2","1","0","1","0"
"POINT (9.980566810999999 53.567579029999997)","Unfall 94189 (2016) Kat:2, Licht: 0","94189","2","4","6","02","15","4","","0","0","0","1","0"
"POINT (10.000724096000001 53.481702912000003)","Unfall 94190 (2016) Kat:3, Licht: 2","94190","3","2","4","02","06","3","","2","1","1","0","0"
"POINT (9.981021103000000 53.567211342000000)","Unfall 94191 (2016) Kat:3, Licht: 2","94191","3","3","6","02","19","3","","2","1","0","1","0"
"POINT (9.979889475000000 53.457500418999999)","Unfall 94192 (2016) Kat:2, Licht: 2","94192","2","1","8","01","02","7","","2","0","0","0","0"
"POINT (10.011492520999999 53.649141686000000)","Unfall 94193 (2016) Kat:2, Licht: 2","94193","2","2","6","01","21","3","","2","0","1","1","0"
"POINT (9.991749252000000 53.665916539000001)","Unfall 94194 (2016) Kat:3, Licht: 0","94194","3","3","5","02","13","5","","0","0","1","0","1"
"POINT (9.759269629000000 53.584960152000001)","Unfall 94195 (2016) Kat:3, Licht: 0","94195","3","2","6","02","14","4","","0","0","0","1","0"
"POINT (10.049007890000000 53.552424709000000)","Unfall 94196 (2016) Kat:3, Licht: 0","94196","3","2","4","01","09","5","","0","1","1","0","0"
"POINT (9.972275645000000 53.587531884000001)","Unfall 94197 (2016) Kat:3, Licht: 2","94197","3","3","6","02","17","4","","2","0","1","1","0"
"POINT (9.962176905000000 53.550417516000003)","Unfall 94198 (2016) Kat:3, Licht: 2","94198","3","3","5","02","00","1","","2","0","1","0","0"
"POINT (10.096328774000000 53.618968334000002)","Unfall 94199 (2016) Kat:3, Licht: 2","94199","3","1","0","02","03","7","","2","0","1","0","0"
"POINT (10.084612373000001 53.547515955000001)","Unfall 94200 (2016) Kat:3, Licht: 2","94200","3","7","7","01","06","2","","2","0","1","0","0"
"POINT (10.102708066000000 53.552470198000002)","Unfall 94201 (2016) Kat:3, Licht: 2","94201","3","6","0","02","17","5","","2","0","1","0","1"
"POINT (10.065750897999999 53.596992741999998)","Unfall 94202 (2016) Kat:3, Licht: 2","94202","3","3","6","02","18","3","","2","0","0","1","0"
"POINT (9.961424206000000 53.569527546000003)","Unfall 94203 (2016) Kat:3, Licht: 2","94203","3","6","1","01","20","7","","2","0","1","0","0"
"POINT (10.202140599000000 53.490547141999997)","Unfall 94204 (2016) Kat:3, Licht: 0","94204","3","6","2","02","16","2","","0","0","1","0","0"
"POINT (9.997491590999999 53.620496842999998)","Unfall 94205 (2016) Kat:3, Licht: 2","94205","3","2","6","02","06","6","","2","0","1","1","0"
"POINT (10.000885306000001 53.589495495999998)","Unfall 94206 (2016) Kat:3, Licht: 0","94206","3","3","5","02","15","7","","0","1","1","0","0"
"POINT (9.990806610000000 53.459358258000002)","Unfall 94207 (2016) Kat:3, Licht: 0","94207","3","6","2","02","13","6","","0","0","1","0","0"
"POINT (10.087160398000000 53.546337287999997)","Unfall 94208 (2016) Kat:3, Licht: 0","94208","3","7","3","01","16","2","","0","0","1","0","0"
"POINT (9.884816195000001 53.601138339000002)","Unfall 94209 (2016) Kat:3, Licht: 0","94209","3","6","0","02","09","5","","0","0","1","0","0"
"POINT (9.927618842999999 53.559907719999998)","Unfall 94210 (2016) Kat:3, Licht: 2","94210","3","2","0","02","17","7","","2","0","0","0","0"
"POINT (10.098443540000000 53.590410319999997)","Unfall 94211 (2016) Kat:3, Licht: 0","94211","3","3","5","02","10","3","","0","0","1","0","0"