WKT,Name,OBJECTID,UKATEGORIE,UTYP1,UART,UMONAT,USTUNDE,UWOCHENTAG,STRZUSTAND,ULICHTVERH,ISTRAD,ISTPKW,ISTFUSS,ISTKRAD
"POINT (10.046649264999999 53.578911382000001)","Unfall 94212 (2016) Kat:2, Licht: 0","94212","2","7","5","02","17","3","","0","1","1","0","0"
"POINT (9.982590082000000 53.510682623999998)","Unfall 94213 (2016) Kat:3, Licht: 0","94213","3","3","5","01","14","6","","0","0","1","0","0"
"POINT (10.039991909999999 53.580280229000003)","Unfall 94214 (2016) Kat:3, Licht: 0","94214","3","6","2","02","08","2","","0","0","1","0","0"
"POINT (9.984664227000000 53.583399548999999)","Unfall 94215 (2016) Kat:3, Licht: 0","94215","3","2","4","02","08","2","","0","0","1","0","0"
"POINT (10.089850378000000 53.554059221999999)","Unfall 94216 (2016) Kat:3, Licht: 0","94216","3","2","5","01","16","2","","0","0","1","0","0"
"POINT (10.207340027000001 53.480037869999997)","Unfall 94217 (2016) Kat:3, Licht: 1","94217","3","2","5","02","17","5","","1","1","1","0","0"
"POINT (10.107249426999999 53.542687127999997)","Unfall 94218 (2016) Kat:3, Licht: 2","94218","3","4","6","01","17","3","","2","0","0","1","0"
"POINT (10.152122884000001 53.616009237000000)","Unfall 94219 (2016) Kat:2, Licht: 0","94219","2","2","6","02","16","4","","0","0","1","1","0"
"POINT (10.095132295000001 53.639446622999998)","Unfall 94220 (2016) Kat:3, Licht: 2","94220","3","6","1","02","22","4","","2","0","1","0","0"
"POINT (10.156162092000001 53.587962003999998)","Unfall 94221 (2016) Kat:3, Licht: 2","94221","3","6","2","02","19","6","","2","0","1","0","0"
"POINT (10.160225702000000 53.646469576999998)","Unfall 94222 (2016) Kat:3, Licht: 0","94222","3","3","5","02","11","2","","0","0","1","1","0"
"POINT (10.035214251999999 53.637847190999999)","Unfall 94223 (2016) Kat:3, Licht: 0","94223","3","6","2","01","08","5","","0","0","1","0","0"
"POINT (10.107490221000001 53.559041925999999)","Unfall 94224 (2016) Kat:2, Licht: 2","94224","2","4","6","01","07","2","","2","0","1","1","0"
"POINT (9.982489565000000 53.568162933000004)","Unfall 94225 (2016) Kat:3, Licht: 2","94225","3","1","0","02","21","6","","2","1","0","0","0"
"POINT (10.095243791000000 53.639110504000001)","Unfall 94226 (2016) Kat:3, Licht: 2","94226","3","6","2","01","05","4","","2","0","1","0","1"
"POINT (10.050108165999999 53.554230844000003)","Unfall 94227 (2016) Kat:3, Licht: 0","94227","3","7","0","02","12","4","","0","0","1","0","0"
"POINT (9.982200327999999 53.460462333999999)","Unfall 94228 (2016) Kat:3, Licht: 2","94228","3","3","5","02","22","6","","2","0","1","0","0"
"POINT (9.918824415000000 53.573327396000003)","Unfall 94229 (2016) Kat:3, Licht: 1","94229","3","2","5","02","06","3","","1","0","1","0","0"
"POINT (10.025498757999999 53.567127612000000)","Unfall 94230 (2016) Kat:2, Licht: 0","94230","2","2","6","01","09","5","","0","0","1","1","0"
"POINT (10.040935243000000 53.608163281000003)","Unfall 94231 (2016) Kat:3, Licht: 2","94231","3","3","5","01","06","6","","2","1","1","0","0"
"POINT (9.927595267999999 53.552968104000001)","Unfall 94232 (2016) Kat:3, Licht: 2","94232","3","7","3","01","01","1","","2","0","1","0","1"
"POINT (10.061939451000001 53.552866962000003)","Unfall 94233 (2016) Kat:3, Licht: 0","94233","3","4","6","01","16","2","","0","0","1","1","0"
"POINT (10.105421884000000 53.651054166999998)","Unfall 94234 (2016) Kat:3, Licht: 2","94234","3","2","5","02","07","5","","2","1","1","0","0"
"POINT (10.011719745000001 53.647052991000002)","Unfall 94235 (2016) Kat:3, Licht: 2","94235","3","7","3","01","06","4","","2","0","1","0","1"
"POINT (10.006210511999999 53.582586077000002)","Unfall 94236 (2016) Kat:3, Licht: 2","94236","3","2","3","02","18","4","","2","0","1","0","0"
"POINT (10.183137951000001 53.606997687000003)","Unfall 94237 (2016) Kat:3, Licht: 0","94237","3","6","3","01","14","5","","0","0","1","0","0"
"POINT (9.858734539000000 53.574656752999999)","Unfall 94238 (2016) Kat:3, Licht: 0","94238","3","6","2","02","14","4","","0","1","1","0","0"
"POINT (10.089675572999999 53.607372587000000)","Unfall 94239 (2016) Kat:2, Licht: 1","94239","2","4","6","02","07","6","","1","0","1","1","0"
"POINT (9.935883551000000 53.555729303000000)","Unfall 94240 (2016) Kat:3, Licht: 0","94240","3","6","2","02","12","2","","0","1","1","0","0"
"POINT (10.049186103000000 53.646637146000003)","Unfall 94241 (2016) Kat:3, Licht: 2","94241","3","3","5","02","18","1","","2","0","1","0","0"
"POINT (10.128338272000001 53.601424811999998)","Unfall 94242 (2016) Kat:3, Licht: 0","94242","3","6","2","02","13","7","","0","0","1","0","0"
"POINT (10.022432207000000 53.550361711000001)","Unfall 94243 (2016) Kat:3, Licht: 0","94243","3","7","1","01","14","2","","0","1","0","0","0"
"POINT (9.987382733000001 53.454936490000001)","Unfall 94244 (2016) Kat:2, Licht: 0","94244","2","7","6","02","12","1","","0","1","0","1","0"
"POINT (9.977579360000000 53.578674657999997)","Unfall 94245 (2016) Kat:3, Licht: 0","94245","3","7","0","01","07","6","","0","0","1","1","0"
"POINT (9.858980763000000 53.576732710999998)","Unfall 94246 (2016) Kat:3, Licht: 0","94246","3","3","5","02","07","6","","0","1","0","0","0"
"POINT (10.179491916000000 53.478367337000002)","Unfall 94247 (2016) Kat:3, Licht: 2","94247","3","1","8","01","04","7","","2","0","1","0","0"
"POINT (10.153638760000000 53.611718510000003)","Unfall 94248 (2016) Kat:2, Licht: 2","94248","2","7","3","01","06","2","","2","0","1","0","0"
"POINT (9.875779632000000 53.588700351999996)","Unfall 94249 (2016) Kat:3, Licht: 0","94249","3","6","2","02","08","4","","0","0","1","0","0"
"POINT (9.956152682000001 53.581430474999998)","Unfall 94250 (2016) Kat:3, Licht: 0","94250","3","2","4","02","12","4","","0","1","0","0","1"
"POINT (9.932170864000000 53.583659332000003)","Unfall 94251 (2016) Kat:3, Licht: 0","94251","3","3","5","02","15","3","","0","1","1","0","0"
"POINT (9.990448524000000 53.458849571999998)","Unfall 94252 (2016) Kat:3, Licht: 2","94252","3","1","0","02","02","7","","2","0","1","0","0"
"POINT (10.005632990000001 53.614393389999996)","Unfall 94253 (2016) Kat:3, Licht: 0","94253","3","7","0","02","13","7","","0","0","1","0","0"
"POINT (10.141328607000000 53.600343387999999)","Unfall 94254 (2016) Kat:3, Licht: 0","94254","3","3","5","01","16","2","","0","1","1","0","0"
"POINT (10.031135024999999 53.572070142999998)","Unfall 94255 (2016) Kat:3, Licht: 0","94255","3","6","2","02","14","5","","0","0","1","0","0"
"POINT (10.097850983000001 53.655762025000001)","Unfall 94256 (2016) Kat:2, Licht: 2","94256","2","7","9","02","19","3","","2","0","1","0","0"
"POINT (10.003215100000000 53.462985881999998)","Unfall 94257 (2016) Kat:3, Licht: 0","94257","3","6","2","02","14","5","","0","0","1","0","0"
"POINT (10.062527115000000 53.608759257999999)","Unfall 94258 (2016) Kat:3, Licht: 2","94258","3","6","2","01","23","7","","2","0","1","0","0"
"POINT (10.035791828000001 53.504762731000000)","Unfall 94259 (2016) Kat:3, Licht: 0","94259","3","1","8","01","10","7","","0","0","1","0","0"
"POINT (9.924031544000000 53.520622097999997)","Unfall 94260 (2016) Kat:3, Licht: 0","94260","3","2","3","02","10","4","","0","0","1","0","0"
"POINT (10.105409644000000 53.542547722000002)","Unfall 94261 (2016) Kat:3, Licht: 2","94261","3","2","6","02","17","3","","2","0","1","1","0"
"POINT (9.904334621000000 53.482136830000002)","Unfall 94262 (2016) Kat:3, Licht: 2","94262","3","2","6","02","22","2","","2","0","0","1","0"
"POINT (10.131367331000000 53.533143975000002)","Unfall 94263 (2016) Kat:3, Licht: 0","94263","3","5","1","02","11","6","","0","0","1","0","0"
"POINT (10.059552808999999 53.584528665000001)","Unfall 94264 (2016) Kat:3, Licht: 0","94264","3","6","2","01","15","2","","0","0","1","0","0"
"POINT (10.043299334000000 53.581878324000002)","Unfall 94265 (2016) Kat:3, Licht: 0","94265","3","4","6","02","10","6","","0","0","0","1","1"
"POINT (10.001894488000000 53.667892123999998)","Unfall 94266 (2016) Kat:3, Licht: 0","94266","3","3","5","01","09","4","","0","0","1","0","0"
"POINT (9.953068047000000 53.546322597000000)","Unfall 94267 (2016) Kat:3, Licht: 2","94267","3","2","6","02","19","5","","2","0","1","1","0"
"POINT (9.934944880000000 53.430879707999999)","Unfall 94268 (2016) Kat:3, Licht: 0","94268","3","2","4","02","08","4","","0","0","1","0","0"
"POINT (9.954848287000001 53.548603708000002)","Unfall 94269 (2016) Kat:3, Licht: 2","94269","3","3","5","02","23","7","","2","0","1","0","0"
"POINT (10.092454307000001 53.653552114000000)","Unfall 94270 (2016) Kat:3, Licht: 0","94270","3","4","5","02","10","3","","0","0","0","1","0"
"POINT (9.985194483000001 53.604284286000002)","Unfall 94271 (2016) Kat:3, Licht: 0","94271","3","1","0","01","15","5","","0","0","0","0","1"
"POINT (10.041320492000001 53.569509554000000)","Unfall 94272 (2016) Kat:3, Licht: 0","94272","3","3","5","02","12","3","","0","0","1","0","1"
"POINT (10.110392386999999 53.577208550999998)","Unfall 94273 (2016) Kat:3, Licht: 0","94273","3","3","5","01","15","6","","0","0","0","0","1"
"POINT (9.906961077000000 53.591748977999998)","Unfall 94274 (2016) Kat:3, Licht: 2","94274","3","1","9","02","23","2","","2","0","1","0","0"
"POINT (9.996220817999999 53.552876869000002)","Unfall 94275 (2016) Kat:3, Licht: 0","94275","3","2","6","01","12","7","","0","0","1","1","0"
"POINT (10.072269086000000 53.608372664999997)","Unfall 94276 (2016) Kat:3, Licht: 0","94276","3","6","1","02","17","2","","0","0","1","0","0"
"POINT (10.062823371000000 53.569277489999997)","Unfall 94277 (2016) Kat:3, Licht: 2","94277","3","2","4","01","18","2","","2","1","1","0","0"
"POINT (10.002720874000000 53.557345824000002)","Unfall 94278 (2016) Kat:3, Licht: 2","94278","3","6","2","02","22","6","","2","0","1","0","0"
"POINT (10.050375216999999 53.585868746999999)","Unfall 94279 (2016) Kat:3, Licht: 0","94279","3","6","0","01","14","4","","0","0","1","0","0"
"POINT (10.150094196000000 53.600779891000002)","Unfall 94280 (2016) Kat:3, Licht: 1","94280","3","3","5","02","17","4","","1","1","1","0","0"
"POINT (10.106309145999999 53.546613997999998)","Unfall 94281 (2016) Kat:3, Licht: 2","94281","3","6","2","02","21","6","","2","0","1","0","0"
"POINT (10.110801141000000 53.542728713999999)","Unfall 94282 (2016) Kat:3, Licht: 2","94282","3","3","5","02","21","2","","2","0","1","0","0"
"POINT (9.927289965000000 53.550334507000002)","Unfall 94283 (2016) Kat:3, Licht: 2","94283","3","3","5","01","22","5","","2","0","1","0","1"
"POINT (9.994997553999999 53.551245352000002)","Unfall 94284 (2016) Kat:3, Licht: 0","94284","3","4","6","02","12","2","","0","0","1","1","0"
"POINT (10.008805032000000 53.585500113999998)","Unfall 94285 (2016) Kat:3, Licht: 2","94285","3","2","4","01","20","6","","2","1","1","0","0"
"POINT (9.975191368000001 53.551836184999999)","Unfall 94286 (2016) Kat:3, Licht: 0","94286","3","6","2","01","12","1","","0","0","1","0","0"
"POINT (10.012772007000001 53.640608065999999)","Unfall 94287 (2016) Kat:3, Licht: 0","94287","3","3","0","01","06","2","","0","1","1","0","0"
"POINT (10.069006404000000 53.683483744000000)","Unfall 94288 (2016) Kat:3, Licht: 2","94288","3","6","4","02","06","5","","2","0","1","0","0"
"POINT (9.934472055000001 53.583080017999997)","Unfall 94289 (2016) Kat:3, Licht: 0","94289","3","4","6","02","07","4","","0","0","1","1","0"
"POINT (9.935031952999999 53.476833749000001)","Unfall 94290 (2016) Kat:3, Licht: 0","94290","3","1","0","02","15","2","","0","0","0","0","1"
"POINT (10.031597797000000 53.625855309999999)","Unfall 94291 (2016) Kat:3, Licht: 0","94291","3","2","5","01","09","2","","0","0","1","0","0"
"POINT (10.165988122000000 53.629402622999997)","Unfall 94292 (2016) Kat:3, Licht: 0","94292","3","5","1","02","09","5","","0","1","1","0","0"
"POINT (9.932625232000000 53.592478073000002)","Unfall 94293 (2016) Kat:3, Licht: 0","94293","3","6","2","01","13","4","","0","0","1","0","0"
"POINT (10.109632082999999 53.592066922000001)","Unfall 94294 (2016) Kat:3, Licht: 2","94294","3","4","6","02","07","4","","2","0","1","1","0"
"POINT (10.051483829000000 53.564424056999997)","Unfall 94295 (2016) Kat:3, Licht: 0","94295","3","3","5","02","10","4","","0","0","1","0","0"
"POINT (10.071373995000000 53.583061489999999)","Unfall 94296 (2016) Kat:3, Licht: 2","94296","3","2","4","02","19","6","","2","0","1","0","0"
"POINT (9.957374021000000 53.644884179999998)","Unfall 94297 (2016) Kat:2, Licht: 0","94297","2","3","5","02","14","2","","0","1","1","0","0"
"POINT (10.070356906000001 53.534457482999997)","Unfall 94298 (2016) Kat:3, Licht: 0","94298","3","5","8","02","16","1","","0","0","1","0","0"
"POINT (9.986545660999999 53.456928669000000)","Unfall 94299 (2016) Kat:3, Licht: 2","94299","3","4","6","02","19","7","","2","0","0","1","0"
"POINT (9.973552305000000 53.598357806999999)","Unfall 94300 (2016) Kat:3, Licht: 0","94300","3","2","6","02","12","6","","0","0","1","1","0"
"POINT (10.110690916999999 53.551565449999998)","Unfall 94301 (2016) Kat:3, Licht: 2","94301","3","6","4","01","02","7","","2","0","1","0","0"
"POINT (9.989156132000000 53.649434305000000)","Unfall 94302 (2016) Kat:3, Licht: 2","94302","3","6","1","01","21","2","","2","0","1","0","0"
"POINT (9.953787986000000 53.560593286000000)","Unfall 94303 (2016) Kat:3, Licht: 2","94303","3","2","4","02","18","4","","2","0","1","0","0"
"POINT (10.018908318999999 53.484517144999998)","Unfall 94304 (2016) Kat:3, Licht: 0","94304","3","4","0","02","13","3","","0","0","0","1","0"
"POINT (9.889953520000001 53.601597624000000)","Unfall 94305 (2016) Kat:3, Licht: 2","94305","3","2","6","02","18","3","","2","0","1","1","0"
"POINT (10.121970274000001 53.571003722999997)","Unfall 94306 (2016) Kat:2, Licht: 0","94306","2","6","2","02","11","7","","0","0","1","0","0"
"POINT (9.971679507999999 53.545458293999999)","Unfall 94307 (2016) Kat:3, Licht: 0","94307","3","6","3","02","13","7","","0","0","1","0","0"
"POINT (9.826797766000000 53.565571402000003)","Unfall 94308 (2016) Kat:3, Licht: 2","94308","3","3","5","02","18","4","","2","1","1","0","0"
"POINT (9.932491150000001 53.597196249000000)","Unfall 94309 (2016) Kat:3, Licht: 0","94309","3","3","5","02","14","6","","0","0","1","0","0"
"POINT (9.891260307000000 53.593188326000003)","Unfall 94310 (2016) Kat:3, Licht: 0","94310","3","6","2","02","14","1","","0","0","1","0","0"
"POINT (10.120114702000000 53.578325919000001)","Unfall 94311 (2016) Kat:3, Licht: 2","94311","3","6","1","02","01","7","","2","0","1","0","0"
"POINT (10.011503890000000 53.609030719000003)","Unfall 94312 (2016) Kat:3, Licht: 0","94312","3","3","4","01","12","2","","0","0","1","0","0"
"POINT (10.149845349000000 53.526685966000002)","Unfall 94313 (2016) Kat:3, Licht: 2","94313","3","1","9","02","01","5","","2","0","1","0","0"
"POINT (10.003091166999999 53.592804280000003)","Unfall 94314 (2016) Kat:3, Licht: 0","94314","3","5","1","01","12","7","","0","1","1","0","0"
"POINT (10.064597922999999 53.559967810000003)","Unfall 94315 (2016) Kat:3, Licht: 1","94315","3","6","2","01","18","7","","1","0","1","0","0"
"POINT (10.067746241000000 53.582348629999998)","Unfall 94316 (2016) Kat:3, Licht: 2","94316","3","2","4","02","21","3","","2","0","1","0","0"
"POINT (10.026386904000001 53.579394252000000)","Unfall 94317 (2016) Kat:3, Licht: 0","94317","3","3","5","01","13","7","","0","0","1","0","0"
"POINT (10.004394939999999 53.497195159000000)","Unfall 94318 (2016) Kat:3, Licht: 0","94318","3","7","6","02","15","2","","0","0","1","1","0"
"POINT (10.011252748000000 53.647577943999998)","Unfall 94319 (2016) Kat:3, Licht: 2","94319","3","1","4","02","06","6","","2","0","1","0","1"
"POINT (10.044166595000000 53.594056080999998)","Unfall 94320 (2016) Kat:3, Licht: 0","94320","3","4","6","01","12","2","","0","0","1","1","0"
"POINT (9.990573684999999 53.560401919000000)","Unfall 94321 (2016) Kat:3, Licht: 0","94321","3","3","5","02","08","6","","0","0","1","0","0"
"POINT (9.821375239000000 53.561174717000000)","Unfall 94322 (2016) Kat:3, Licht: 0","94322","3","6","2","01","14","4","","0","0","1","0","0"
"POINT (10.108642537000000 53.560062469999998)","Unfall 94323 (2016) Kat:3, Licht: 0","94323","3","5","1","02","11","4","","0","0","1","0","0"
"POINT (10.043899013000001 53.594869782000004)","Unfall 94324 (2016) Kat:3, Licht: 0","94324","3","6","3","01","13","2","","0","1","1","0","0"
"POINT (9.893183715999999 53.573383640000003)","Unfall 94325 (2016) Kat:2, Licht: 2","94325","2","4","6","02","19","5","","2","0","1","1","0"
"POINT (10.024349154999999 53.528203408000003)","Unfall 94326 (2016) Kat:3, Licht: 0","94326","3","6","3","02","14","3","","0","0","1","0","0"
"POINT (10.020803021000001 53.647907756000002)","Unfall 94327 (2016) Kat:3, Licht: 2","94327","3","4","6","02","17","3","","2","0","1","1","0"
"POINT (10.004260953999999 53.557449646000002)","Unfall 94328 (2016) Kat:3, Licht: 2","94328","3","6","2","01","17","7","","2","0","1","0","0"
"POINT (10.011693784000000 53.623762188000001)","Unfall 94329 (2016) Kat:3, Licht: 0","94329","3","2","2","02","14","2","","0","0","1","0","0"
"POINT (9.909733235999999 53.559345395999998)","Unfall 94330 (2016) Kat:3, Licht: 0","94330","3","4","6","01","09","2","","0","0","1","1","0"
"POINT (10.204459758000000 53.491845058000003)","Unfall 94331 (2016) Kat:3, Licht: 2","94331","3","3","6","02","18","5","","2","0","1","1","0"
"POINT (9.903838337000000 53.592165833999999)","Unfall 94332 (2016) Kat:3, Licht: 2","94332","3","2","3","01","20","4","","2","1","1","0","0"
"POINT (10.153723703000001 53.604910500999999)","Unfall 94333 (2016) Kat:3, Licht: 2","94333","3","3","6","02","19","4","","2","0","1","1","0"
"POINT (10.079527325000001 53.618460398000003)","Unfall 94334 (2016) Kat:3, Licht: 0","94334","3","6","2","02","14","4","","0","0","1","0","0"
"POINT (10.051216546999999 53.560230883000003)","Unfall 94335 (2016) Kat:3, Licht: 1","94335","3","6","3","02","07","6","","1","0","1","0","0"
"POINT (10.076167850999999 53.571421125000001)","Unfall 94336 (2016) Kat:2, Licht: 0","94336","2","6","2","02","09","2","","0","0","1","0","0"
"POINT (9.983315792999999 53.565066549999997)","Unfall 94337 (2016) Kat:3, Licht: 0","94337","3","6","2","01","11","5","","0","1","1","0","0"
"POINT (9.822929246999999 53.526217737000003)","Unfall 94338 (2016) Kat:3, Licht: 0","94338","3","6","1","02","15","1","","0","0","1","0","0"
"POINT (9.918950183000000 53.634890358000000)","Unfall 94339 (2016) Kat:3, Licht: 1","94339","3","2","6","01","17","6","","1","0","0","1","0"
"POINT (10.144797921000000 53.530933636000000)","Unfall 94340 (2016) Kat:3, Licht: 0","94340","3","3","6","02","07","4","","0","0","1","1","0"
"POINT (9.908878950000000 53.513550213999999)","Unfall 94341 (2016) Kat:3, Licht: 0","94341","3","6","3","02","14","6","","0","0","1","0","0"
"POINT (10.045883159000001 53.582656524000001)","Unfall 94342 (2016) Kat:3, Licht: 0","94342","3","6","2","02","15","3","","0","0","1","0","0"
"POINT (9.976923986999999 53.557665325999999)","Unfall 94343 (2016) Kat:3, Licht: 2","94343","3","3","5","01","17","5","","2","1","1","0","0"
"POINT (10.057584946000000 53.579404169999997)","Unfall 94344 (2016) Kat:3, Licht: 1","94344","3","6","4","01","16","6","","1","0","1","0","0"
"POINT (9.963304048000000 53.560427589000000)","Unfall 94345 (2016) Kat:3, Licht: 0","94345","3","7","0","02","16","2","","0","0","1","1","0"
"POINT (10.044462155000000 53.574974367999999)","Unfall 94346 (2016) Kat:3, Licht: 2","94346","3","3","5","01","20","1","","2","0","1","0","0"
"POINT (9.953216169999999 53.623815297999997)","Unfall 94347 (2016) Kat:3, Licht: 2","94347","3","3","5","01","05","2","","2","0","1","0","0"
"POINT (10.081315534000000 53.579742400000001)","Unfall 94348 (2016) Kat:3, Licht: 2","94348","3","3","5","02","21","5","","2","0","1","0","0"
"POINT (9.871004588000000 53.592679293000003)","Unfall 94349 (2016) Kat:3, Licht: 2","94349","3","7","0","01","16","4","","2","0","1","0","0"
"POINT (10.025797570000000 53.600361511999999)","Unfall 94350 (2016) Kat:2, Licht: 2","94350","2","6","2","02","21","4","","2","0","1","0","0"
"POINT (9.812084237000001 53.562185796000001)","Unfall 94351 (2016) Kat:2, Licht: 1","94351","2","4","6","02","16","4","","1","0","1","1","0"
"POINT (10.082439472000001 53.621181397000001)","Unfall 94352 (2016) Kat:3, Licht: 0","94352","3","5","1","02","13","6","","0","1","1","0","0"
"POINT (9.973136261000001 53.612697185000002)","Unfall 94353 (2016) Kat:3, Licht: 2","94353","3","2","6","02","17","2","","2","0","1","1","0"
"POINT (10.099236936000000 53.569478871999998)","Unfall 94354 (2016) Kat:3, Licht: 1","94354","3","6","3","02","19","1","","1","0","1","0","0"
"POINT (10.161801446000000 53.604919217999999)","Unfall 94355 (2016) Kat:3, Licht: 0","94355","3","3","5","02","16","7","","0","1","1","0","0"
"POINT (9.981438890000000 53.572485252000000)","Unfall 94356 (2016) Kat:3, Licht: 0","94356","3","7","4","01","08","2","","0","0","1","0","0"
"POINT (9.977595965000001 53.569519853000003)","Unfall 94357 (2016) Kat:3, Licht: 0","94357","3","7","3","02","10","6","","0","1","0","0","0"
"POINT (10.044625717000001 53.607970956999999)","Unfall 94358 (2016) Kat:3, Licht: 1","94358","3","3","6","01","06","7","","1","0","1","1","0"
"POINT (9.978183987000000 53.565362241999999)","Unfall 94359 (2016) Kat:3, Licht: 2","94359","3","6","3","01","20","2","","2","0","1","0","1"
"POINT (9.966498826000001 53.450729408000001)","Unfall 94360 (2016) Kat:3, Licht: 0","94360","3","4","6","01","14","7","","0","0","1","1","0"
"POINT (9.962999827000001 53.549616999999998)","Unfall 94361 (2016) Kat:3, Licht: 0","94361","3","6","2","01","16","2","","0","0","1","0","0"
"POINT (9.991072420000000 53.598656976000001)","Unfall 94362 (2016) Kat:3, Licht: 0","94362","3","3","5","02","11","5","","0","1","1","0","0"
"POINT (9.864960308000001 53.607050475000001)","Unfall 94363 (2016) Kat:3, Licht: 0","94363","3","4","6","01","13","4","","0","0","1","1","0"
"POINT (9.906581615000000 53.565949001000000)","Unfall 94364 (2016) Kat:3, Licht: 2","94364","3","3","5","02","21","4","","2","1","1","0","0"
"POINT (9.956421554000000 53.582727380999998)","Unfall 94365 (2016) Kat:3, Licht: 0","94365","3","2","4","02","15","4","","0","1","1","0","0"
"POINT (9.994213353999999 53.550426702999999)","Unfall 94366 (2016) Kat:3, Licht: 2","94366","3","7","0","02","17","1","","2","0","0","0","0"
"POINT (10.006484278000000 53.631866203999998)","Unfall 94367 (2016) Kat:3, Licht: 2","94367","3","7","6","02","05","7","","2","0","1","1","0"
"POINT (9.977984835000001 53.548998382999997)","Unfall 94368 (2016) Kat:3, Licht: 2","94368","3","7","5","01","07","2","","2","0","1","0","1"
"POINT (10.031704934000000 53.595652272999999)","Unfall 94369 (2016) Kat:3, Licht: 0","94369","3","7","3","02","07","5","","0","1","0","0","0"
"POINT (10.076968172999999 53.655890761999999)","Unfall 94370 (2016) Kat:3, Licht: 0","94370","3","6","2","02","13","3","","0","0","1","0","0"
"POINT (9.989386111000000 53.581942437000002)","Unfall 94371 (2016) Kat:3, Licht: 0","94371","3","3","5","01","15","7","","0","1","1","0","0"
"POINT (10.124566198000000 53.447044243000001)","Unfall 94372 (2016) Kat:3, Licht: 2","94372","3","5","1","02","19","2","","2","0","1","0","0"
"POINT (9.989159789000000 53.558400239999997)","Unfall 94373 (2016) Kat:3, Licht: 2","94373","3","1","9","02","21","4","","2","0","1","0","0"
"POINT (10.204970782000000 53.495977336999999)","Unfall 94374 (2016) Kat:3, Licht: 2","94374","3","3","5","02","18","3","","2","1","1","0","0"
"POINT (9.954259963000000 53.518507925999998)","Unfall 94375 (2016) Kat:3, Licht: 2","94375","3","3","5","02","06","3","","2","0","1","0","0"
"POINT (9.902584628000000 53.606684960000003)","Unfall 94376 (2016) Kat:3, Licht: 2","94376","3","7","0","02","00","7","","2","0","0","0","0"
"POINT (10.010856497000001 53.461923169999999)","Unfall 94377 (2016) Kat:3, Licht: 0","94377","3","6","1","02","14","6","","0","0","1","0","0"
"POINT (9.987346551000000 53.515574266000002)","Unfall 94378 (2016) Kat:3, Licht: 2","94378","3","6","2","01","18","1","","2","0","1","0","0"
"POINT (9.953395604000001 53.602285459999997)","Unfall 94379 (2016) Kat:3, Licht: 0","94379","3","2","4","02","15","5","","0","1","1","0","0"
"POINT (10.007753929000000 53.558776500000000)","Unfall 94380 (2016) Kat:2, Licht: 0","94380","2","4","6","02","16","5","","0","0","1","1","0"
"POINT (9.942106485000000 53.577317591000003)","Unfall 94381 (2016) Kat:3, Licht: 0","94381","3","6","2","02","13","7","","0","1","1","0","0"
"POINT (10.051981879000000 53.603491748000003)","Unfall 94382 (2016) Kat:2, Licht: 0","94382","2","4","6","02","15","3","","0","0","0","1","0"
"POINT (10.018327242000000 53.561053852000001)","Unfall 94383 (2016) Kat:2, Licht: 2","94383","2","6","2","02","19","3","","2","0","1","0","0"
"POINT (10.063353741000000 53.554220684000001)","Unfall 94384 (2016) Kat:3, Licht: 0","94384","3","6","2","01","14","6","","0","0","1","0","0"
"POINT (10.042417858000000 53.565391247000001)","Unfall 94385 (2016) Kat:3, Licht: 0","94385","3","3","5","02","14","2","","0","0","1","0","1"
"POINT (9.999804765000000 53.550915287000002)","Unfall 94386 (2016) Kat:3, Licht: 0","94386","3","4","6","02","13","2","","0","1","0","1","0"
"POINT (10.046076426000001 53.539373849000000)","Unfall 94387 (2016) Kat:3, Licht: 0","94387","3","3","1","01","11","1","","0","0","1","0","0"
"POINT (10.121606068000000 53.616172542000001)","Unfall 94388 (2016) Kat:3, Licht: 0","94388","3","3","5","02","16","5","","0","0","1","0","0"
"POINT (9.907629692000000 53.632544525999997)","Unfall 94389 (2016) Kat:3, Licht: 2","94389","3","3","5","01","21","4","","2","1","1","0","0"
"POINT (10.024703186000000 53.601761715999999)","Unfall 94390 (2016) Kat:3, Licht: 2","94390","3","2","1","02","19","6","","2","0","1","0","0"
"POINT (10.076846827000001 53.566892910999997)","Unfall 94391 (2016) Kat:3, Licht: 2","94391","3","6","3","01","20","1","","2","0","1","0","0"
"POINT (9.976508774999999 53.556341854999999)","Unfall 94392 (2016) Kat:3, Licht: 0","94392","3","2","5","02","09","6","","0","1","1","0","0"
"POINT (9.976574118000000 53.601588159000002)","Unfall 94393 (2016) Kat:3, Licht: 0","94393","3","3","5","01","14","4","","0","1","1","0","0"
"POINT (10.052698280000000 53.550051576999998)","Unfall 94394 (2016) Kat:3, Licht: 0","94394","3","3","5","02","08","4","","0","0","1","0","0"
"POINT (9.979130962999999 53.461882009999997)","Unfall 94395 (2016) Kat:3, Licht: 0","94395","3","7","1","02","11","6","","0","1","1","0","0"
"POINT (10.200886564999999 53.497383092000000)","Unfall 94396 (2016) Kat:2, Licht: 2","94396","2","7","6","02","07","2","","2","0","1","1","0"
"POINT (10.025016887000000 53.530508666999999)","Unfall 94397 (2016) Kat:3, Licht: 2","94397","3","7","3","01","18","4","","2","1","0","0","1"
"POINT (10.069144707000000 53.597319116999998)","Unfall 94398 (2016) Kat:3, Licht: 2","94398","3","1","0","01","21","6","","2","0","0","0","1"
"POINT (9.993462088999999 53.558786028000000)","Unfall 94399 (2016) Kat:3, Licht: 0","94399","3","6","1","01","12","1","","0","0","1","0","0"