WKT,Name,OBJECTID,UKATEGORIE,UTYP1,UART,UMONAT,USTUNDE,UWOCHENTAG,STRZUSTAND,ULICHTVERH,ISTRAD,ISTPKW,ISTFUSS,ISTKRAD
"POINT (10.012941108000000 53.581374070999999)","Unfall 94400 (2016) Kat:3, Licht: 2","94400","3","5","1","01","17","1","","2","1","1","0","0"
"POINT (10.088679325999999 53.651096139000003)","Unfall 94401 (2016) Kat:3, Licht: 0","94401","3","7","0","02","16","5","","0","0","1","0","0"
"POINT (9.941713316000000 53.563526785000001)","Unfall 94402 (2016) Kat:3, Licht: 0","94402","3","3","5","01","13","4","","0","1","1","0","0"
"POINT (10.033354959000000 53.573796776000002)","Unfall 94403 (2016) Kat:3, Licht: 0","94403","3","2","2","02","15","4","","0","0","1","0","0"
"POINT (9.809188277000001 53.569041411999997)","Unfall 94404 (2016) Kat:3, Licht: 0","94404","3","5","3","02","12","4","","0","1","1","0","0"
"POINT (10.076463904000001 53.663550141999998)","Unfall 94405 (2016) Kat:3, Licht: 2","94405","3","6","2","02","23","6","","2","0","1","0","0"
"POINT (9.926260748000001 53.555156861999997)","Unfall 94406 (2016) Kat:3, Licht: 2","94406","3","7","0","02","20","2","","2","0","1","0","0"
"POINT (9.904816531000000 53.609017919999999)","Unfall 94407 (2016) Kat:2, Licht: 1","94407","2","3","5","02","16","1","","1","1","1","0","0"
"POINT (10.128377776000001 53.601366182000000)","Unfall 94408 (2016) Kat:3, Licht: 0","94408","3","2","3","02","11","7","","0","0","1","0","0"
"POINT (10.128246309000000 53.601749097999999)","Unfall 94409 (2016) Kat:2, Licht: 2","94409","2","2","4","02","17","4","","2","1","1","0","0"
"POINT (10.019215845000000 53.618081195000002)","Unfall 94410 (2016) Kat:3, Licht: 0","94410","3","6","1","02","14","4","","0","0","1","0","0"
"POINT (10.159065300000000 53.603078857000000)","Unfall 94411 (2016) Kat:2, Licht: 0","94411","2","6","2","02","12","6","","0","0","1","0","0"
"POINT (9.820164230000000 53.562846931999999)","Unfall 94412 (2016) Kat:3, Licht: 1","94412","3","7","0","02","07","2","","1","0","1","0","0"
"POINT (10.015012559000001 53.521494890000000)","Unfall 94413 (2016) Kat:3, Licht: 2","94413","3","1","8","02","17","1","","2","0","1","0","0"
"POINT (10.087424241000001 53.546189861999999)","Unfall 94414 (2016) Kat:3, Licht: 0","94414","3","6","2","01","12","5","","0","0","1","0","0"
"POINT (9.981756647999999 53.584987212000001)","Unfall 94415 (2016) Kat:3, Licht: 2","94415","3","6","2","02","20","6","","2","0","1","0","0"
"POINT (10.108160877000000 53.563722818000002)","Unfall 94416 (2016) Kat:3, Licht: 2","94416","3","2","1","01","21","7","","2","0","1","0","0"
"POINT (9.957353349000000 53.567199551000002)","Unfall 94417 (2016) Kat:2, Licht: 2","94417","2","2","6","01","19","1","","2","0","1","1","0"
"POINT (9.975204385000000 53.579141098999997)","Unfall 94418 (2016) Kat:3, Licht: 0","94418","3","6","1","02","11","4","","0","0","1","0","0"
"POINT (10.016310658000000 53.555360917000002)","Unfall 94419 (2016) Kat:3, Licht: 0","94419","3","3","6","02","07","4","","0","0","1","1","0"
"POINT (9.933640783000000 53.583659503000000)","Unfall 94420 (2016) Kat:3, Licht: 0","94420","3","6","2","02","10","3","","0","0","1","0","0"
"POINT (10.024936327000001 53.551622539999997)","Unfall 94421 (2016) Kat:2, Licht: 2","94421","2","7","5","02","23","7","","2","0","1","0","0"
"POINT (9.962568076000000 53.555150883000003)","Unfall 94422 (2016) Kat:3, Licht: 2","94422","3","6","2","02","05","7","","2","1","1","0","0"
"POINT (9.975754047000001 53.544656148999998)","Unfall 94423 (2016) Kat:3, Licht: 0","94423","3","1","9","01","14","1","","0","0","0","0","1"
"POINT (9.994901184000000 53.552165420999998)","Unfall 94424 (2016) Kat:3, Licht: 0","94424","3","6","1","01","14","1","","0","0","1","0","0"
"POINT (9.993530628000000 53.505396476000001)","Unfall 94425 (2016) Kat:3, Licht: 0","94425","3","3","5","02","08","5","","0","1","1","0","0"
"POINT (10.094830103000000 53.639236699000001)","Unfall 94426 (2016) Kat:2, Licht: 0","94426","2","2","4","01","14","7","","0","0","1","0","0"
"POINT (10.065678653000001 53.598307060000003)","Unfall 94427 (2016) Kat:3, Licht: 2","94427","3","7","6","01","23","7","","2","0","0","1","0"
"POINT (10.106861599000000 53.605916663000002)","Unfall 94428 (2016) Kat:3, Licht: 2","94428","3","2","6","02","06","3","","2","0","1","1","0"
"POINT (9.993488987999999 53.519367868000003)","Unfall 94429 (2016) Kat:2, Licht: 0","94429","2","3","3","02","17","2","","0","1","1","0","0"
"POINT (10.059286490000000 53.554762259000000)","Unfall 94430 (2016) Kat:3, Licht: 0","94430","3","6","2","02","08","6","","0","0","1","0","0"
"POINT (9.938705921000000 53.553362565000000)","Unfall 94431 (2016) Kat:3, Licht: 0","94431","3","6","2","02","09","6","","0","0","1","0","0"
"POINT (10.110525694000000 53.551263550999998)","Unfall 94432 (2016) Kat:2, Licht: 2","94432","2","2","4","01","17","3","","2","0","1","0","1"
"POINT (9.876630111000001 53.532206563999999)","Unfall 94433 (2016) Kat:3, Licht: 0","94433","3","6","4","02","14","4","","0","1","1","0","0"
"POINT (10.187889359000000 53.490470819000002)","Unfall 94434 (2016) Kat:3, Licht: 0","94434","3","3","5","02","08","4","","0","1","0","0","0"
"POINT (9.962446067000000 53.549376455999997)","Unfall 94435 (2016) Kat:3, Licht: 2","94435","3","2","6","02","01","7","","2","0","1","1","0"
"POINT (10.042421150999999 53.565380572999999)","Unfall 94436 (2016) Kat:3, Licht: 0","94436","3","3","5","02","14","3","","0","0","1","0","0"
"POINT (10.121013003000000 53.578585611000001)","Unfall 94437 (2016) Kat:3, Licht: 1","94437","3","2","4","01","07","4","","1","1","0","0","0"
"POINT (10.046536272000001 53.583022450999998)","Unfall 94438 (2016) Kat:3, Licht: 2","94438","3","2","5","02","18","3","","2","0","1","0","0"
"POINT (10.092562417000000 53.595514078000001)","Unfall 94439 (2016) Kat:3, Licht: 0","94439","3","2","4","01","08","6","","0","0","1","0","0"
"POINT (9.967694133000000 53.557363676000001)","Unfall 94440 (2016) Kat:3, Licht: 2","94440","3","6","3","02","18","2","","2","0","0","0","0"
"POINT (9.948987925000001 53.559241583000002)","Unfall 94441 (2016) Kat:3, Licht: 1","94441","3","6","3","02","18","2","","1","0","1","0","0"
"POINT (10.021615542999999 53.607102492999999)","Unfall 94442 (2016) Kat:3, Licht: 2","94442","3","6","2","03","05","1","","2","0","1","0","0"
"POINT (9.904545707000001 53.592078078000000)","Unfall 94443 (2016) Kat:3, Licht: 0","94443","3","6","1","03","12","7","","0","0","1","0","0"
"POINT (9.919505852000000 53.634209231000000)","Unfall 94444 (2016) Kat:3, Licht: 0","94444","3","6","6","02","11","3","","0","1","0","1","0"
"POINT (9.913499782000001 53.482071798000000)","Unfall 94445 (2016) Kat:3, Licht: 0","94445","3","6","4","02","07","6","","0","0","1","0","0"
"POINT (10.040907530000000 53.601728430000001)","Unfall 94446 (2016) Kat:3, Licht: 2","94446","3","4","6","02","19","1","","2","1","0","1","0"
"POINT (9.950066882000000 53.469564015000003)","Unfall 94447 (2016) Kat:3, Licht: 0","94447","3","6","2","03","07","3","","0","0","1","0","0"
"POINT (10.053041856000000 53.600547341999999)","Unfall 94448 (2016) Kat:3, Licht: 0","94448","3","3","5","02","10","4","","0","0","1","0","0"
"POINT (10.056930517000000 53.591025491000003)","Unfall 94449 (2016) Kat:3, Licht: 0","94449","3","4","6","03","15","3","","0","0","1","1","0"
"POINT (9.990170122000000 53.559895400999999)","Unfall 94450 (2016) Kat:3, Licht: 0","94450","3","7","5","02","08","3","","0","0","1","0","0"
"POINT (9.980122346000000 53.568250261999999)","Unfall 94451 (2016) Kat:3, Licht: 0","94451","3","6","3","02","16","1","","0","1","1","0","0"
"POINT (10.129644639000000 53.588035517999998)","Unfall 94452 (2016) Kat:3, Licht: 0","94452","3","1","0","03","11","6","","0","0","0","0","1"
"POINT (10.108654264000000 53.562997602999999)","Unfall 94453 (2016) Kat:3, Licht: 0","94453","3","4","6","02","08","6","","0","0","1","1","0"
"POINT (10.207408349000000 53.489401047999998)","Unfall 94454 (2016) Kat:3, Licht: 0","94454","3","5","6","02","12","4","","0","0","1","1","0"
"POINT (10.043354042000001 53.607761869000001)","Unfall 94455 (2016) Kat:3, Licht: 0","94455","3","6","1","02","11","1","","0","0","1","0","0"
"POINT (10.131297149000000 53.655452844999999)","Unfall 94456 (2016) Kat:2, Licht: 0","94456","2","2","5","03","12","6","","0","1","1","0","0"
"POINT (10.025221107000000 53.566741458999999)","Unfall 94457 (2016) Kat:3, Licht: 0","94457","3","6","2","02","08","6","","0","0","1","0","0"
"POINT (10.066132759000000 53.571300008999998)","Unfall 94458 (2016) Kat:2, Licht: 0","94458","2","2","3","03","11","3","","0","1","0","0","0"
"POINT (10.021389165000000 53.550068361000001)","Unfall 94459 (2016) Kat:3, Licht: 0","94459","3","4","6","03","09","3","","0","1","0","1","0"
"POINT (10.032284518999999 53.613746466000002)","Unfall 94460 (2016) Kat:3, Licht: 1","94460","3","6","1","03","06","4","","1","0","1","0","0"
"POINT (10.056625085000000 53.647374259000003)","Unfall 94461 (2016) Kat:3, Licht: 2","94461","3","2","4","02","18","4","","2","0","1","0","0"
"POINT (9.932230154999999 53.583648148999998)","Unfall 94462 (2016) Kat:3, Licht: 0","94462","3","6","1","03","08","3","","0","0","1","0","0"
"POINT (10.009653515000000 53.557437915000001)","Unfall 94463 (2016) Kat:3, Licht: 0","94463","3","3","5","02","12","3","","0","1","1","0","0"
"POINT (10.100896250000000 53.540308979999999)","Unfall 94464 (2016) Kat:3, Licht: 2","94464","3","3","5","02","22","7","","2","0","1","0","0"
"POINT (10.045448620000000 53.589416882000002)","Unfall 94465 (2016) Kat:3, Licht: 2","94465","3","4","6","02","18","6","","2","1","0","1","0"
"POINT (9.809547341000000 53.563459320000000)","Unfall 94466 (2016) Kat:2, Licht: 0","94466","2","2","2","02","15","4","","0","0","1","0","1"
"POINT (9.955619551000000 53.552117645000003)","Unfall 94467 (2016) Kat:3, Licht: 2","94467","3","6","2","03","22","6","","2","0","1","0","0"
"POINT (9.922701641000000 53.561964715999999)","Unfall 94468 (2016) Kat:3, Licht: 1","94468","3","3","5","02","17","6","","1","1","1","0","0"
"POINT (10.099605585000001 53.587463735999997)","Unfall 94469 (2016) Kat:3, Licht: 0","94469","3","6","2","02","11","2","","0","0","1","0","0"
"POINT (10.161805482000000 53.624766868999998)","Unfall 94470 (2016) Kat:3, Licht: 0","94470","3","7","6","03","15","2","","0","1","0","1","0"
"POINT (10.173546886000000 53.477287959000002)","Unfall 94471 (2016) Kat:2, Licht: 0","94471","2","6","4","03","12","3","","0","0","0","0","0"
"POINT (10.005592545000001 53.586486800000003)","Unfall 94472 (2016) Kat:3, Licht: 0","94472","3","6","2","02","12","4","","0","0","1","0","0"
"POINT (10.073312513999999 53.553538664999998)","Unfall 94473 (2016) Kat:3, Licht: 2","94473","3","4","6","02","06","3","","2","0","1","1","0"
"POINT (10.119995566000000 53.675912347000001)","Unfall 94474 (2016) Kat:3, Licht: 0","94474","3","3","5","02","13","1","","0","0","1","0","0"
"POINT (9.984500950999999 53.545714912000001)","Unfall 94475 (2016) Kat:3, Licht: 0","94475","3","6","1","03","11","4","","0","0","1","0","0"
"POINT (10.029043240000000 53.618416064999998)","Unfall 94476 (2016) Kat:2, Licht: 0","94476","2","4","6","02","09","4","","0","1","0","1","0"
"POINT (9.974997953000001 53.565399331000002)","Unfall 94477 (2016) Kat:3, Licht: 0","94477","3","3","5","03","08","3","","0","1","1","0","0"
"POINT (9.965422716000001 53.563768015999997)","Unfall 94478 (2016) Kat:3, Licht: 0","94478","3","4","6","02","08","3","","0","1","0","1","0"
"POINT (9.933066083000000 53.550202298999999)","Unfall 94479 (2016) Kat:3, Licht: 0","94479","3","5","1","02","10","7","","0","1","1","0","0"
"POINT (10.112487917999999 53.597768535000000)","Unfall 94480 (2016) Kat:2, Licht: 2","94480","2","1","9","03","05","5","","2","0","1","0","0"
"POINT (9.964891287000000 53.627763745000003)","Unfall 94481 (2016) Kat:3, Licht: 0","94481","3","3","5","02","08","6","","0","1","1","0","0"
"POINT (10.014221955000000 53.578075656999999)","Unfall 94482 (2016) Kat:3, Licht: 2","94482","3","2","4","02","18","4","","2","1","1","0","0"
"POINT (10.018712139000000 53.565040570000001)","Unfall 94483 (2016) Kat:3, Licht: 2","94483","3","5","1","02","19","2","","2","1","1","0","0"
"POINT (10.152962597000000 53.525204686000002)","Unfall 94484 (2016) Kat:2, Licht: 0","94484","2","4","6","03","14","1","","0","0","1","1","0"
"POINT (9.928581614000001 53.592266602000002)","Unfall 94485 (2016) Kat:3, Licht: 2","94485","3","2","5","03","05","7","","2","0","1","0","0"
"POINT (10.106327828000000 53.647432744000000)","Unfall 94486 (2016) Kat:3, Licht: 0","94486","3","3","6","02","12","3","","0","0","1","1","0"
"POINT (9.955946935000000 53.549702549000003)","Unfall 94487 (2016) Kat:3, Licht: 2","94487","3","6","1","02","18","7","","2","0","1","0","0"
"POINT (9.918381024000000 53.600109146999998)","Unfall 94488 (2016) Kat:1, Licht: 2","94488","1","4","6","02","19","1","","2","0","1","1","0"
"POINT (9.943068330999999 53.620989702999999)","Unfall 94489 (2016) Kat:3, Licht: 0","94489","3","2","2","02","15","6","","0","0","1","0","0"
"POINT (9.927544712000000 53.559976659999997)","Unfall 94490 (2016) Kat:3, Licht: 0","94490","3","2","5","03","07","4","","0","0","1","0","0"
"POINT (9.970202066000001 53.581203887999997)","Unfall 94491 (2016) Kat:3, Licht: 2","94491","3","7","1","03","19","5","","2","0","1","0","0"
"POINT (9.975217656000000 53.588641275999997)","Unfall 94492 (2016) Kat:3, Licht: 2","94492","3","3","6","02","18","6","","2","0","1","1","0"
"POINT (9.846728879000001 53.573897752000001)","Unfall 94493 (2016) Kat:3, Licht: 0","94493","3","3","5","02","07","4","","0","1","1","0","0"
"POINT (9.988115427000000 53.555035130000000)","Unfall 94494 (2016) Kat:3, Licht: 0","94494","3","6","2","02","10","2","","0","0","1","0","1"
"POINT (9.972502200999999 53.587617320000000)","Unfall 94495 (2016) Kat:3, Licht: 0","94495","3","3","5","03","14","1","","0","0","1","0","0"
"POINT (9.960119264999999 53.549550650999997)","Unfall 94496 (2016) Kat:3, Licht: 2","94496","3","7","6","03","23","7","","2","0","0","1","0"
"POINT (9.969805255000001 53.567712430999997)","Unfall 94497 (2016) Kat:3, Licht: 2","94497","3","2","6","02","20","7","","2","0","1","1","0"
"POINT (9.904174220000000 53.563073973000002)","Unfall 94498 (2016) Kat:3, Licht: 0","94498","3","3","0","02","08","5","","0","1","1","0","0"
"POINT (9.936106165000000 53.550193067000002)","Unfall 94499 (2016) Kat:3, Licht: 0","94499","3","3","5","02","12","3","","0","0","1","0","0"
"POINT (10.020851187000000 53.550485764000001)","Unfall 94500 (2016) Kat:3, Licht: 2","94500","3","6","3","02","21","6","","2","0","1","0","0"
"POINT (9.945162204000001 53.579595216999998)","Unfall 94501 (2016) Kat:3, Licht: 0","94501","3","3","5","02","11","1","","0","0","1","0","0"
"POINT (10.193658485000000 53.489004262000002)","Unfall 94502 (2016) Kat:3, Licht: 0","94502","3","3","6","03","07","3","","0","1","0","1","0"
"POINT (9.959796796999999 53.493903830999997)","Unfall 94503 (2016) Kat:3, Licht: 0","94503","3","6","4","03","09","5","","0","0","1","0","0"
"POINT (9.977656880000000 53.577332527000003)","Unfall 94504 (2016) Kat:3, Licht: 0","94504","3","3","0","02","15","4","","0","1","0","0","0"
"POINT (10.049133661999999 53.588021038999997)","Unfall 94505 (2016) Kat:3, Licht: 0","94505","3","6","2","03","09","3","","0","0","1","0","0"
"POINT (9.810386320999999 53.528977509000001)","Unfall 94506 (2016) Kat:3, Licht: 2","94506","3","3","5","02","06","2","","2","1","1","0","0"
"POINT (9.969768115999999 53.448426683000001)","Unfall 94507 (2016) Kat:2, Licht: 2","94507","2","1","4","02","18","7","","2","0","1","0","1"
"POINT (10.061520169000000 53.580840471000002)","Unfall 94508 (2016) Kat:3, Licht: 0","94508","3","6","2","03","14","6","","0","0","1","0","0"
"POINT (10.071464941000000 53.572057295000000)","Unfall 94509 (2016) Kat:3, Licht: 2","94509","3","6","1","02","18","6","","2","0","1","0","0"
"POINT (10.077790351000001 53.603920205999998)","Unfall 94510 (2016) Kat:3, Licht: 0","94510","3","1","8","02","07","4","","0","0","1","0","0"
"POINT (10.048745070000001 53.608315417000000)","Unfall 94511 (2016) Kat:3, Licht: 0","94511","3","5","0","02","14","1","","0","0","1","0","0"
"POINT (9.964851747000001 53.549707865999999)","Unfall 94512 (2016) Kat:3, Licht: 0","94512","3","3","5","02","08","4","","0","1","1","0","0"
"POINT (10.080536686000000 53.619151064000000)","Unfall 94513 (2016) Kat:3, Licht: 0","94513","3","2","5","03","12","3","","0","1","1","0","0"
"POINT (10.159345973000001 53.481912110000003)","Unfall 94514 (2016) Kat:2, Licht: 0","94514","2","3","5","02","13","2","","0","1","1","0","0"
"POINT (10.046608025999999 53.582978984999997)","Unfall 94515 (2016) Kat:3, Licht: 0","94515","3","6","2","03","14","7","","0","0","1","0","0"
"POINT (10.043614262000000 53.581542198999998)","Unfall 94516 (2016) Kat:3, Licht: 0","94516","3","2","4","02","16","1","","0","1","1","0","0"
"POINT (10.090808951000000 53.544370481999998)","Unfall 94517 (2016) Kat:3, Licht: 2","94517","3","4","9","03","23","6","","2","0","1","1","0"
"POINT (10.023038023000000 53.519255694999998)","Unfall 94518 (2016) Kat:3, Licht: 0","94518","3","2","5","02","16","6","","0","0","1","0","0"
"POINT (9.986142766000000 53.578788168000003)","Unfall 94519 (2016) Kat:3, Licht: 0","94519","3","7","3","02","15","5","","0","0","1","0","0"
"POINT (10.033205841999999 53.587251233000003)","Unfall 94520 (2016) Kat:3, Licht: 0","94520","3","3","5","02","12","1","","0","0","1","0","0"
"POINT (10.040232281000000 53.641944561999999)","Unfall 94521 (2016) Kat:2, Licht: 2","94521","2","1","8","02","19","6","","2","0","1","0","0"
"POINT (10.145772864000000 53.624574969999998)","Unfall 94522 (2016) Kat:3, Licht: 0","94522","3","6","9","03","12","3","","0","0","1","0","0"
"POINT (9.940395704000000 53.592986723000003)","Unfall 94523 (2016) Kat:3, Licht: 0","94523","3","6","2","03","16","4","","0","0","1","0","0"
"POINT (9.966090668000000 53.551040698999998)","Unfall 94524 (2016) Kat:3, Licht: 0","94524","3","3","5","02","08","4","","0","0","1","0","0"
"POINT (9.853031906000000 53.593238857999999)","Unfall 94525 (2016) Kat:3, Licht: 0","94525","3","2","5","03","09","3","","0","0","1","0","0"
"POINT (10.142828242000000 53.524074955000003)","Unfall 94526 (2016) Kat:3, Licht: 1","94526","3","7","1","02","06","2","","1","0","1","0","0"
"POINT (10.005794365000000 53.551517169999997)","Unfall 94527 (2016) Kat:2, Licht: 0","94527","2","4","6","02","15","3","","0","0","1","1","0"
"POINT (10.082500614000001 53.618476856999997)","Unfall 94528 (2016) Kat:3, Licht: 0","94528","3","3","5","02","15","7","","0","0","1","0","0"
"POINT (9.939128940000000 53.550139473000002)","Unfall 94529 (2016) Kat:3, Licht: 0","94529","3","6","0","02","11","6","","0","0","1","0","0"
"POINT (9.876958410000000 53.600681217999998)","Unfall 94530 (2016) Kat:3, Licht: 0","94530","3","3","5","02","11","4","","0","0","1","0","1"
"POINT (9.990507722000000 53.459172281999997)","Unfall 94531 (2016) Kat:1, Licht: 0","94531","1","2","5","03","09","5","","0","1","0","0","0"
"POINT (9.932855756000000 53.557361370999999)","Unfall 94532 (2016) Kat:3, Licht: 2","94532","3","6","2","02","06","6","","2","0","1","0","0"
"POINT (10.003909639000000 53.557450246000002)","Unfall 94533 (2016) Kat:3, Licht: 2","94533","3","6","2","02","19","4","","2","0","1","0","0"
"POINT (9.923399675000001 53.570696998000003)","Unfall 94534 (2016) Kat:3, Licht: 0","94534","3","3","5","03","14","6","","0","1","1","0","0"
"POINT (9.893259473000001 53.614865973999997)","Unfall 94535 (2016) Kat:3, Licht: 2","94535","3","2","1","03","18","3","","2","0","1","0","0"
"POINT (10.111155783999999 53.552095442999999)","Unfall 94536 (2016) Kat:3, Licht: 0","94536","3","6","2","02","15","2","","0","0","1","0","0"
"POINT (9.917404073000000 53.546069813000003)","Unfall 94537 (2016) Kat:2, Licht: 2","94537","2","2","6","03","20","3","","2","0","1","1","0"
"POINT (10.020115873000000 53.530684735000001)","Unfall 94538 (2016) Kat:3, Licht: 0","94538","3","6","1","03","07","4","","0","0","1","0","0"
"POINT (9.981610306000000 53.460535753999999)","Unfall 94539 (2016) Kat:3, Licht: 0","94539","3","7","5","02","08","3","","0","0","1","0","0"
"POINT (10.008875982999999 53.552149853000003)","Unfall 94540 (2016) Kat:3, Licht: 2","94540","3","7","0","02","18","4","","2","0","1","0","0"
"POINT (9.977682017999999 53.577304533000003)","Unfall 94541 (2016) Kat:3, Licht: 2","94541","3","2","6","02","18","1","","2","0","1","1","0"
"POINT (10.042163508000000 53.567893204999997)","Unfall 94542 (2016) Kat:3, Licht: 0","94542","3","2","3","03","12","5","","0","0","1","0","0"
"POINT (9.996271447000000 53.566797162000000)","Unfall 94543 (2016) Kat:3, Licht: 0","94543","3","2","4","02","15","6","","0","1","1","0","0"
"POINT (9.992972813000000 53.479602257000003)","Unfall 94544 (2016) Kat:2, Licht: 0","94544","2","7","8","02","08","3","","0","0","1","0","0"
"POINT (9.930251191000000 53.551993645000003)","Unfall 94545 (2016) Kat:3, Licht: 2","94545","3","3","0","02","07","2","","2","1","1","0","0"
"POINT (10.013809172000000 53.595979069000002)","Unfall 94546 (2016) Kat:3, Licht: 1","94546","3","3","5","03","17","1","","1","1","1","0","0"
"POINT (9.916374877999999 53.582335891000000)","Unfall 94547 (2016) Kat:3, Licht: 0","94547","3","3","5","03","13","7","","0","0","1","0","0"
"POINT (9.844301905000000 53.550496789000000)","Unfall 94548 (2016) Kat:3, Licht: 0","94548","3","6","1","02","15","3","","0","0","1","0","0"
"POINT (10.059134769000000 53.593628893000002)","Unfall 94549 (2016) Kat:3, Licht: 0","94549","3","3","5","02","10","2","","0","1","1","0","0"
"POINT (9.823639883000000 53.560475441999998)","Unfall 94550 (2016) Kat:3, Licht: 0","94550","3","2","5","03","14","2","","0","0","1","0","0"
"POINT (10.107999083999999 53.559056286999997)","Unfall 94551 (2016) Kat:3, Licht: 0","94551","3","6","3","03","13","3","","0","0","1","0","0"
"POINT (10.210334401000001 53.510289825999998)","Unfall 94552 (2016) Kat:3, Licht: 0","94552","3","3","5","02","08","3","","0","1","1","0","0"
"POINT (10.130396235999999 53.623133195000001)","Unfall 94553 (2016) Kat:3, Licht: 0","94553","3","5","1","02","14","3","","0","0","1","0","0"
"POINT (9.989267462999999 53.558300127999999)","Unfall 94554 (2016) Kat:3, Licht: 2","94554","3","3","5","02","01","1","","2","0","1","0","0"
"POINT (9.977344933000000 53.577313369000002)","Unfall 94555 (2016) Kat:3, Licht: 0","94555","3","2","3","02","11","6","","0","1","1","0","0"
"POINT (10.004713475999999 53.657375567999999)","Unfall 94556 (2016) Kat:2, Licht: 0","94556","2","7","0","03","11","4","","0","0","0","0","0"
"POINT (10.118694424999999 53.560767308999999)","Unfall 94557 (2016) Kat:3, Licht: 0","94557","3","6","2","02","14","3","","0","0","0","0","0"
"POINT (10.052201561000000 53.542247025999998)","Unfall 94558 (2016) Kat:3, Licht: 1","94558","3","6","4","03","17","3","","1","0","1","0","0"
"POINT (10.058516789000000 53.537460695999997)","Unfall 94559 (2016) Kat:3, Licht: 0","94559","3","3","5","02","10","2","","0","0","1","0","0"
"POINT (10.013521329000000 53.551622035000001)","Unfall 94560 (2016) Kat:3, Licht: 2","94560","3","2","5","02","23","2","","2","1","1","0","0"
"POINT (10.122557765000000 53.587160486000002)","Unfall 94561 (2016) Kat:3, Licht: 0","94561","3","6","2","03","10","7","","0","0","1","0","0"
"POINT (10.124826122000000 53.586092163000004)","Unfall 94562 (2016) Kat:3, Licht: 0","94562","3","2","4","02","12","1","","0","0","1","0","0"
"POINT (9.898576009999999 53.477084308999999)","Unfall 94563 (2016) Kat:3, Licht: 0","94563","3","6","2","03","10","6","","0","0","1","0","0"
"POINT (10.007184110000001 53.547736589000003)","Unfall 94564 (2016) Kat:3, Licht: 0","94564","3","6","3","02","15","7","","0","0","0","0","1"
"POINT (9.944579221000000 53.575559253000002)","Unfall 94565 (2016) Kat:3, Licht: 0","94565","3","3","5","02","13","5","","0","1","1","0","0"
"POINT (10.041392007000001 53.586886268999997)","Unfall 94566 (2016) Kat:2, Licht: 2","94566","2","4","6","02","20","1","","2","0","1","1","0"
"POINT (9.921609190000000 53.555675149000002)","Unfall 94567 (2016) Kat:3, Licht: 0","94567","3","3","5","02","13","3","","0","1","1","0","0"
"POINT (10.111747705999999 53.577944436999999)","Unfall 94568 (2016) Kat:3, Licht: 0","94568","3","6","5","02","16","6","","0","0","1","0","0"
"POINT (10.010522811000000 53.550949766000002)","Unfall 94569 (2016) Kat:2, Licht: 2","94569","2","4","6","02","21","1","","2","0","1","1","0"
"POINT (9.983696468000000 53.557719200000001)","Unfall 94570 (2016) Kat:2, Licht: 0","94570","2","2","5","02","13","7","","0","0","1","0","0"
"POINT (10.211901062999999 53.487635967999999)","Unfall 94571 (2016) Kat:3, Licht: 0","94571","3","5","1","02","11","7","","0","1","1","0","0"
"POINT (9.960075582000000 53.549343598000000)","Unfall 94572 (2016) Kat:3, Licht: 0","94572","3","2","6","03","10","4","","0","0","0","1","0"
"POINT (10.111098602000000 53.623644143000000)","Unfall 94573 (2016) Kat:2, Licht: 2","94573","2","2","5","02","20","3","","2","1","1","0","0"
"POINT (10.023948639000000 53.568309388999999)","Unfall 94574 (2016) Kat:3, Licht: 2","94574","3","7","3","03","20","3","","2","0","1","0","0"
"POINT (10.138208748000000 53.572341033000001)","Unfall 94575 (2016) Kat:3, Licht: 2","94575","3","7","5","02","21","2","","2","0","0","0","0"
"POINT (9.990591118999999 53.560422650000000)","Unfall 94576 (2016) Kat:3, Licht: 2","94576","3","3","5","02","04","1","","2","0","1","0","0"
"POINT (10.080776069000001 53.516522719999998)","Unfall 94577 (2016) Kat:3, Licht: 1","94577","3","2","2","03","06","6","","1","0","1","0","0"
"POINT (10.098207272000000 53.553223033999998)","Unfall 94578 (2016) Kat:3, Licht: 0","94578","3","3","5","02","08","6","","0","0","1","0","0"
"POINT (9.961968259000001 53.465068057000003)","Unfall 94579 (2016) Kat:3, Licht: 0","94579","3","5","5","02","17","4","","0","0","1","0","1"
"POINT (10.054084445999999 53.572722591000002)","Unfall 94580 (2016) Kat:3, Licht: 0","94580","3","2","3","02","16","1","","0","0","1","0","0"
"POINT (10.128597289000000 53.678486446000001)","Unfall 94581 (2016) Kat:2, Licht: 0","94581","2","3","5","03","12","6","","0","1","0","0","0"
"POINT (10.054110361999999 53.592262816000002)","Unfall 94582 (2016) Kat:3, Licht: 0","94582","3","6","2","02","13","6","","0","0","1","0","0"
"POINT (10.147822806000001 53.569787021000003)","Unfall 94583 (2016) Kat:3, Licht: 0","94583","3","6","2","03","16","3","","0","0","1","0","0"
"POINT (9.955323732000000 53.549321775999999)","Unfall 94584 (2016) Kat:3, Licht: 0","94584","3","7","6","03","11","4","","0","0","1","1","0"
"POINT (10.103949792000000 53.574705223000002)","Unfall 94585 (2016) Kat:3, Licht: 0","94585","3","2","5","02","17","3","","0","0","1","0","0"
"POINT (9.966424282000000 53.571487949000002)","Unfall 94586 (2016) Kat:3, Licht: 0","94586","3","2","3","03","16","3","","0","1","1","0","0"
"POINT (10.032117912000000 53.557271604999997)","Unfall 94587 (2016) Kat:3, Licht: 0","94587","3","6","2","03","15","3","","0","0","1","0","0"
"POINT (10.128990782000001 53.587756038999999)","Unfall 94588 (2016) Kat:3, Licht: 0","94588","3","4","6","03","15","4","","0","0","1","1","0"