WKT,Name,OBJECTID,UKATEGORIE,UTYP1,UART,UMONAT,USTUNDE,UWOCHENTAG,STRZUSTAND,ULICHTVERH,ISTRAD,ISTPKW,ISTFUSS,ISTKRAD
"POINT (10.070854663000000 53.572391684000003)","Unfall 94589 (2016) Kat:3, Licht: 1","94589","3","2","5","02","16","3","","1","1","1","0","0"
"POINT (9.894928170000000 53.613825145000000)","Unfall 94590 (2016) Kat:3, Licht: 2","94590","3","5","1","03","23","3","","2","0","1","0","0"
"POINT (10.075633480000000 53.613499259000001)","Unfall 94591 (2016) Kat:3, Licht: 2","94591","3","6","2","02","19","2","","2","0","1","0","0"
"POINT (10.100951173000000 53.540478360999998)","Unfall 94592 (2016) Kat:3, Licht: 2","94592","3","2","6","02","19","7","","2","0","1","1","0"
"POINT (10.065774454000000 53.597921376999999)","Unfall 94593 (2016) Kat:3, Licht: 0","94593","3","6","3","02","08","6","","0","0","1","0","0"
"POINT (9.935416387000000 53.572022590000003)","Unfall 94594 (2016) Kat:3, Licht: 0","94594","3","2","2","02","15","4","","0","0","0","0","0"
"POINT (9.962810641000001 53.628492897000001)","Unfall 94595 (2016) Kat:3, Licht: 0","94595","3","4","6","03","08","6","","0","0","1","1","0"
"POINT (9.962772427999999 53.552461217999998)","Unfall 94596 (2016) Kat:3, Licht: 2","94596","3","3","5","02","18","6","","2","1","1","0","0"
"POINT (10.159226789000000 53.604148633999998)","Unfall 94597 (2016) Kat:3, Licht: 0","94597","3","3","5","02","17","2","","0","0","1","0","1"
"POINT (10.018598992999999 53.491422620000002)","Unfall 94598 (2016) Kat:3, Licht: 2","94598","3","4","0","03","22","2","","2","0","1","1","0"
"POINT (10.167548661000000 53.481027582000003)","Unfall 94599 (2016) Kat:2, Licht: 0","94599","2","5","9","03","12","3","","0","0","1","0","0"
"POINT (10.085499665000000 53.586179868999999)","Unfall 94600 (2016) Kat:3, Licht: 0","94600","3","2","4","02","14","3","","0","0","1","0","0"
"POINT (10.068770886999999 53.559540562999999)","Unfall 94601 (2016) Kat:3, Licht: 0","94601","3","3","5","02","12","3","","0","1","1","0","0"
"POINT (10.075062889000000 53.557957746000000)","Unfall 94602 (2016) Kat:2, Licht: 2","94602","2","3","6","02","20","7","","2","0","1","1","0"
"POINT (9.986308761000000 53.588722822999998)","Unfall 94603 (2016) Kat:3, Licht: 0","94603","3","7","6","03","07","5","","0","0","1","1","0"
"POINT (9.960888870000000 53.449733492999997)","Unfall 94604 (2016) Kat:3, Licht: 0","94604","3","1","8","02","07","5","","0","0","1","0","0"
"POINT (10.038733275000000 53.577952449000001)","Unfall 94605 (2016) Kat:2, Licht: 0","94605","2","7","6","02","15","7","","0","1","0","1","0"
"POINT (10.069491972000000 53.583498566000003)","Unfall 94606 (2016) Kat:3, Licht: 2","94606","3","2","6","02","19","5","","2","0","1","1","0"
"POINT (10.174749009999999 53.594423876000000)","Unfall 94607 (2016) Kat:3, Licht: 0","94607","3","3","5","03","16","5","","0","1","1","0","0"
"POINT (10.145316387999999 53.544268402999997)","Unfall 94608 (2016) Kat:3, Licht: 2","94608","3","2","2","02","19","5","","2","0","1","0","0"
"POINT (10.071685839000001 53.571412528000003)","Unfall 94609 (2016) Kat:3, Licht: 0","94609","3","6","2","02","13","3","","0","0","1","0","0"
"POINT (10.008267961000000 53.603140115999999)","Unfall 94610 (2016) Kat:3, Licht: 0","94610","3","3","5","02","15","2","","0","1","1","0","0"
"POINT (9.935504324000000 53.546330761000000)","Unfall 94611 (2016) Kat:3, Licht: 0","94611","3","6","2","03","10","2","","0","0","1","0","0"
"POINT (10.022413761999999 53.550920607000002)","Unfall 94612 (2016) Kat:3, Licht: 2","94612","3","6","0","03","18","3","","2","0","1","0","0"
"POINT (10.001909175000000 53.667968543000001)","Unfall 94613 (2016) Kat:3, Licht: 1","94613","3","4","6","02","07","3","","1","0","1","1","0"
"POINT (9.897141784000000 53.604947455000001)","Unfall 94614 (2016) Kat:3, Licht: 0","94614","3","6","2","03","14","7","","0","0","1","0","0"
"POINT (10.072768529999999 53.608944330000000)","Unfall 94615 (2016) Kat:3, Licht: 0","94615","3","6","2","02","17","3","","0","0","1","0","0"
"POINT (9.979767783000000 53.578785515000000)","Unfall 94616 (2016) Kat:3, Licht: 0","94616","3","3","5","02","14","7","","0","0","1","0","0"
"POINT (10.092781211000000 53.555111287999999)","Unfall 94617 (2016) Kat:3, Licht: 0","94617","3","3","5","02","14","7","","0","0","1","0","0"
"POINT (10.124446303999999 53.538578516999998)","Unfall 94618 (2016) Kat:2, Licht: 2","94618","2","3","5","02","18","5","","2","0","1","0","0"
"POINT (10.039310716999999 53.569916098000000)","Unfall 94619 (2016) Kat:3, Licht: 0","94619","3","6","2","03","06","4","","0","0","1","0","0"
"POINT (10.043033848000000 53.596991619000001)","Unfall 94620 (2016) Kat:3, Licht: 0","94620","3","3","5","02","07","3","","0","0","1","0","0"
"POINT (10.081127864000001 53.593559079999999)","Unfall 94621 (2016) Kat:3, Licht: 1","94621","3","5","1","03","08","3","","1","0","1","0","0"
"POINT (10.093158938000000 53.612693413000002)","Unfall 94622 (2016) Kat:3, Licht: 0","94622","3","3","5","02","16","2","","0","1","1","0","0"
"POINT (10.022569601000001 53.529835634000001)","Unfall 94623 (2016) Kat:3, Licht: 0","94623","3","6","3","02","15","1","","0","0","1","0","0"
"POINT (10.013356499000000 53.600624240000002)","Unfall 94624 (2016) Kat:3, Licht: 1","94624","3","4","6","03","18","7","","1","0","1","1","0"
"POINT (9.917905291000000 53.551427255999997)","Unfall 94625 (2016) Kat:2, Licht: 2","94625","2","1","9","02","18","3","","2","0","1","0","0"
"POINT (9.981773659000000 53.572492601999997)","Unfall 94626 (2016) Kat:2, Licht: 0","94626","2","2","5","02","16","2","","0","1","1","0","0"
"POINT (9.908424443000000 53.584878439999997)","Unfall 94627 (2016) Kat:3, Licht: 2","94627","3","1","0","03","20","1","","2","0","1","0","0"
"POINT (9.970441977000000 53.639891231000000)","Unfall 94628 (2016) Kat:3, Licht: 1","94628","3","6","1","03","17","7","","1","0","1","0","0"
"POINT (10.046786658000000 53.583450982000002)","Unfall 94629 (2016) Kat:3, Licht: 0","94629","3","6","2","02","14","5","","0","0","1","0","0"
"POINT (9.975616227000000 53.598094592999999)","Unfall 94630 (2016) Kat:3, Licht: 0","94630","3","6","2","02","07","3","","0","0","1","0","0"
"POINT (10.112872670000000 53.538093359999998)","Unfall 94631 (2016) Kat:3, Licht: 0","94631","3","3","5","02","14","6","","0","0","1","0","0"
"POINT (10.138917340000001 53.581640350999997)","Unfall 94632 (2016) Kat:3, Licht: 1","94632","3","3","5","02","16","7","","1","0","1","0","0"
"POINT (10.166114287999999 53.489059390000001)","Unfall 94633 (2016) Kat:3, Licht: 0","94633","3","2","5","03","15","3","","0","0","1","0","0"
"POINT (10.077350212000001 53.570305390999998)","Unfall 94634 (2016) Kat:3, Licht: 1","94634","3","3","5","02","18","2","","1","1","1","0","0"
"POINT (10.057248518000000 53.566196296999998)","Unfall 94635 (2016) Kat:3, Licht: 0","94635","3","6","2","03","08","3","","0","0","1","0","0"
"POINT (10.090510582000000 53.618109779999997)","Unfall 94636 (2016) Kat:2, Licht: 0","94636","2","4","6","02","15","2","","0","0","1","1","0"
"POINT (10.013288255000001 53.553825042000000)","Unfall 94637 (2016) Kat:3, Licht: 2","94637","3","1","0","02","06","1","","2","0","1","0","0"
"POINT (10.088821812999999 53.591602549000001)","Unfall 94638 (2016) Kat:3, Licht: 0","94638","3","3","5","03","07","6","","0","0","1","0","0"
"POINT (10.117164411999999 53.607213487000003)","Unfall 94639 (2016) Kat:3, Licht: 0","94639","3","6","2","02","09","6","","0","0","1","0","0"
"POINT (10.062262162000000 53.596062258000003)","Unfall 94640 (2016) Kat:3, Licht: 0","94640","3","2","5","02","09","4","","0","1","1","0","0"
"POINT (9.990599733000000 53.560432896000002)","Unfall 94641 (2016) Kat:3, Licht: 2","94641","3","3","5","02","03","1","","2","0","1","0","0"
"POINT (10.033529574999999 53.574070020000001)","Unfall 94642 (2016) Kat:3, Licht: 0","94642","3","6","2","03","13","6","","0","0","1","0","0"
"POINT (9.893093587999999 53.573427361999997)","Unfall 94643 (2016) Kat:3, Licht: 2","94643","3","4","0","02","20","6","","2","0","1","1","0"
"POINT (10.010026491000000 53.611641128000002)","Unfall 94644 (2016) Kat:3, Licht: 0","94644","3","2","4","02","12","1","","0","0","1","0","0"
"POINT (9.966633086000000 53.440320051000000)","Unfall 94645 (2016) Kat:3, Licht: 0","94645","3","2","5","03","14","6","","0","1","1","0","0"
"POINT (9.914940572000001 53.514967118999998)","Unfall 94646 (2016) Kat:3, Licht: 0","94646","3","6","2","02","15","6","","0","0","1","0","0"
"POINT (9.976004568000001 53.570334604999999)","Unfall 94647 (2016) Kat:3, Licht: 2","94647","3","6","2","02","18","5","","2","0","1","0","0"
"POINT (10.006266579000000 53.548336779000003)","Unfall 94648 (2016) Kat:3, Licht: 0","94648","3","2","3","02","12","1","","0","0","1","0","0"
"POINT (10.141286242000000 53.570528314999997)","Unfall 94649 (2016) Kat:3, Licht: 0","94649","3","6","1","02","13","6","","0","0","1","0","0"
"POINT (10.119985126000000 53.606642090000001)","Unfall 94650 (2016) Kat:3, Licht: 0","94650","3","2","2","02","12","7","","0","0","1","0","0"
"POINT (10.053128694000000 53.557267375999999)","Unfall 94651 (2016) Kat:3, Licht: 1","94651","3","3","5","03","06","3","","1","1","1","0","0"
"POINT (10.051383229000001 53.578978690000000)","Unfall 94652 (2016) Kat:3, Licht: 0","94652","3","1","0","03","12","4","","0","0","0","0","1"
"POINT (10.085030347000000 53.623462895999999)","Unfall 94653 (2016) Kat:3, Licht: 2","94653","3","3","6","02","20","2","","2","0","1","1","0"
"POINT (9.881420608999999 53.558914909999999)","Unfall 94654 (2016) Kat:3, Licht: 0","94654","3","7","3","03","07","3","","0","1","0","0","0"
"POINT (10.026736422999999 53.626293336000003)","Unfall 94655 (2016) Kat:3, Licht: 2","94655","3","3","5","02","21","2","","2","0","1","0","0"
"POINT (10.069636828000000 53.579591813999997)","Unfall 94656 (2016) Kat:3, Licht: 0","94656","3","7","1","02","14","7","","0","0","1","0","0"
"POINT (9.816193842000001 53.578211502999999)","Unfall 94657 (2016) Kat:3, Licht: 0","94657","3","5","1","02","16","6","","0","1","1","0","0"
"POINT (9.820037555000001 53.566487389999999)","Unfall 94658 (2016) Kat:3, Licht: 2","94658","3","7","0","02","06","4","","2","1","0","0","0"
"POINT (9.993572640000000 53.558382450000003)","Unfall 94659 (2016) Kat:3, Licht: 2","94659","3","6","4","03","17","6","","2","1","0","0","0"
"POINT (10.090541362000000 53.549005909999998)","Unfall 94660 (2016) Kat:3, Licht: 0","94660","3","6","2","02","15","5","","0","0","1","0","0"
"POINT (10.077595587999999 53.652652656999997)","Unfall 94661 (2016) Kat:3, Licht: 0","94661","3","6","3","02","07","2","","0","1","0","0","0"
"POINT (10.066148978999999 53.571302895000002)","Unfall 94662 (2016) Kat:3, Licht: 2","94662","3","2","3","02","19","2","","2","1","1","0","0"
"POINT (10.012497906000000 53.580392928000002)","Unfall 94663 (2016) Kat:3, Licht: 1","94663","3","4","6","03","18","2","","1","0","1","1","0"
"POINT (10.189664661000000 53.477123579999997)","Unfall 94664 (2016) Kat:3, Licht: 0","94664","3","6","1","03","07","3","","0","0","1","0","0"
"POINT (10.008293320000000 53.614306501999998)","Unfall 94665 (2016) Kat:3, Licht: 0","94665","3","6","2","02","09","2","","0","0","1","0","0"
"POINT (10.125183409000000 53.668941386000000)","Unfall 94666 (2016) Kat:2, Licht: 2","94666","2","4","6","03","19","3","","2","0","1","1","0"
"POINT (9.989089101999999 53.558157315999999)","Unfall 94667 (2016) Kat:3, Licht: 0","94667","3","7","3","03","08","4","","0","0","1","0","0"
"POINT (10.017329603000000 53.586447079000003)","Unfall 94668 (2016) Kat:3, Licht: 0","94668","3","1","8","02","16","2","","0","1","0","0","0"
"POINT (9.961499642000000 53.562349187999999)","Unfall 94669 (2016) Kat:3, Licht: 0","94669","3","6","6","03","13","3","","0","1","0","1","0"
"POINT (9.854515361000001 53.563889893999999)","Unfall 94670 (2016) Kat:3, Licht: 0","94670","3","5","1","02","12","2","","0","0","1","0","0"
"POINT (10.000878045000000 53.555574380000003)","Unfall 94671 (2016) Kat:3, Licht: 0","94671","3","7","5","02","11","4","","0","1","0","0","0"
"POINT (9.991772607000000 53.665985784999997)","Unfall 94672 (2016) Kat:3, Licht: 0","94672","3","3","5","03","13","5","","0","1","1","0","0"
"POINT (10.077300080000001 53.529757738999997)","Unfall 94673 (2016) Kat:3, Licht: 0","94673","3","2","4","02","09","5","","0","0","1","0","0"
"POINT (9.950094231000000 53.558894287999998)","Unfall 94674 (2016) Kat:3, Licht: 0","94674","3","7","1","02","11","2","","0","0","0","0","0"
"POINT (9.971270526000000 53.581667107000001)","Unfall 94675 (2016) Kat:3, Licht: 0","94675","3","6","2","02","08","2","","0","0","1","0","0"
"POINT (10.032470276000000 53.557513862000000)","Unfall 94676 (2016) Kat:3, Licht: 0","94676","3","6","1","03","15","1","","0","0","1","0","0"
"POINT (9.851904959000001 53.579134345999996)","Unfall 94677 (2016) Kat:3, Licht: 1","94677","3","6","1","03","17","7","","1","0","1","0","0"
"POINT (10.048718210000001 53.570965583000003)","Unfall 94678 (2016) Kat:3, Licht: 2","94678","3","7","0","02","20","3","","2","0","0","0","0"
"POINT (9.969608451999999 53.549807315000002)","Unfall 94679 (2016) Kat:3, Licht: 2","94679","3","2","6","02","18","7","","2","0","0","1","0"
"POINT (10.068911710000000 53.601189400000003)","Unfall 94680 (2016) Kat:3, Licht: 2","94680","3","2","5","02","18","7","","2","0","1","0","0"
"POINT (10.077919507000001 53.550400621999998)","Unfall 94681 (2016) Kat:3, Licht: 0","94681","3","5","3","02","11","3","","0","0","1","0","1"
"POINT (10.070548628999999 53.604765461000000)","Unfall 94682 (2016) Kat:3, Licht: 2","94682","3","7","0","02","00","7","","2","0","1","0","0"
"POINT (9.982210174000000 53.545919396000002)","Unfall 94683 (2016) Kat:2, Licht: 2","94683","2","7","6","03","22","5","","2","0","0","1","0"
"POINT (10.158083001000000 53.626456599999997)","Unfall 94684 (2016) Kat:3, Licht: 0","94684","3","3","5","02","07","5","","0","1","0","0","0"
"POINT (10.011105489000000 53.550943615999998)","Unfall 94685 (2016) Kat:3, Licht: 2","94685","3","3","5","02","18","2","","2","1","1","0","0"
"POINT (9.978311464000001 53.558449719999999)","Unfall 94686 (2016) Kat:3, Licht: 2","94686","3","7","0","02","19","2","","2","1","1","0","0"
"POINT (10.010518303000000 53.550949138000000)","Unfall 94687 (2016) Kat:3, Licht: 2","94687","3","3","6","03","20","1","","2","0","1","1","0"
"POINT (10.257343430000001 53.422576569000000)","Unfall 94688 (2016) Kat:3, Licht: 0","94688","3","3","0","02","15","1","","0","0","1","0","1"
"POINT (10.006111491000000 53.550109980999999)","Unfall 94689 (2016) Kat:3, Licht: 2","94689","3","3","5","03","20","7","","2","0","1","0","0"
"POINT (9.982565669000000 53.565712697000002)","Unfall 94690 (2016) Kat:3, Licht: 0","94690","3","6","2","02","10","7","","0","0","1","0","0"
"POINT (9.873969525000000 53.600481111999997)","Unfall 94691 (2016) Kat:3, Licht: 0","94691","3","2","4","02","12","5","","0","0","1","0","0"
"POINT (9.936248923000001 53.550258857999999)","Unfall 94692 (2016) Kat:3, Licht: 1","94692","3","2","4","02","06","3","","1","0","1","0","0"
"POINT (10.124361043000000 53.570970287000002)","Unfall 94693 (2016) Kat:3, Licht: 0","94693","3","3","5","02","16","6","","0","1","1","0","0"
"POINT (10.161143377000000 53.652166385000001)","Unfall 94694 (2016) Kat:3, Licht: 2","94694","3","2","5","02","18","7","","2","0","1","0","0"
"POINT (10.036691914000000 53.554880470999997)","Unfall 94695 (2016) Kat:3, Licht: 0","94695","3","7","6","03","08","3","","0","0","1","1","0"
"POINT (10.152262210000000 53.616036741000002)","Unfall 94696 (2016) Kat:3, Licht: 1","94696","3","6","2","03","06","4","","1","0","1","0","0"
"POINT (9.793018284000000 53.515310946000000)","Unfall 94697 (2016) Kat:3, Licht: 2","94697","3","2","5","02","17","1","","2","1","1","0","0"
"POINT (10.016294736000001 53.563636480000000)","Unfall 94698 (2016) Kat:3, Licht: 0","94698","3","7","4","03","08","3","","0","1","0","0","0"
"POINT (10.017405270999999 53.554679665999998)","Unfall 94699 (2016) Kat:3, Licht: 2","94699","3","5","1","02","22","2","","2","0","1","0","0"
"POINT (10.004123970000000 53.668422382000003)","Unfall 94700 (2016) Kat:3, Licht: 0","94700","3","4","6","02","17","5","","0","0","1","1","0"
"POINT (9.966105085000001 53.603545629000003)","Unfall 94701 (2016) Kat:3, Licht: 0","94701","3","6","3","03","15","4","","0","0","1","0","0"
"POINT (9.954537529000000 53.455635121999997)","Unfall 94702 (2016) Kat:2, Licht: 2","94702","2","2","6","02","19","1","","2","0","1","1","0"
"POINT (10.129236590000000 53.672155537000002)","Unfall 94703 (2016) Kat:3, Licht: 0","94703","3","2","3","03","08","3","","0","1","0","0","0"
"POINT (10.021822276000000 53.557861615000000)","Unfall 94704 (2016) Kat:3, Licht: 0","94704","3","2","2","02","13","2","","0","0","1","0","0"
"POINT (10.011312629000001 53.575614991999998)","Unfall 94705 (2016) Kat:3, Licht: 0","94705","3","6","3","02","12","1","","0","0","1","0","0"
"POINT (10.149848642000000 53.526043895999997)","Unfall 94706 (2016) Kat:3, Licht: 0","94706","3","3","5","03","16","6","","0","0","1","0","1"
"POINT (10.177833121999999 53.491639421999999)","Unfall 94707 (2016) Kat:3, Licht: 0","94707","3","3","5","02","10","6","","0","1","1","0","0"
"POINT (9.969587647999999 53.549835788000003)","Unfall 94708 (2016) Kat:3, Licht: 2","94708","3","2","5","02","19","5","","2","1","1","0","0"
"POINT (9.992035669000000 53.553590960000001)","Unfall 94709 (2016) Kat:3, Licht: 2","94709","3","4","6","02","02","1","","2","0","0","1","0"
"POINT (10.018771195999999 53.652080658999999)","Unfall 94710 (2016) Kat:3, Licht: 1","94710","3","6","2","02","18","6","","1","0","1","0","0"
"POINT (10.148920249000000 53.595443959999997)","Unfall 94711 (2016) Kat:3, Licht: 0","94711","3","3","5","03","12","3","","0","0","1","0","0"
"POINT (9.948460285000000 53.595076095000003)","Unfall 94712 (2016) Kat:3, Licht: 2","94712","3","2","6","03","20","4","","2","0","1","1","0"
"POINT (10.215009406000000 53.428666360000001)","Unfall 94713 (2016) Kat:2, Licht: 2","94713","2","1","8","02","20","1","","2","0","1","0","0"
"POINT (9.936076344000000 53.552831001000001)","Unfall 94714 (2016) Kat:3, Licht: 0","94714","3","4","6","03","07","3","","0","1","0","1","0"
"POINT (10.106950317000001 53.547359743999998)","Unfall 94715 (2016) Kat:3, Licht: 2","94715","3","6","2","02","03","1","","2","0","1","0","0"
"POINT (10.033909995000000 53.576301086000001)","Unfall 94716 (2016) Kat:3, Licht: 2","94716","3","5","1","02","01","7","","2","0","1","0","0"
"POINT (10.219375048000000 53.504710394999996)","Unfall 94717 (2016) Kat:3, Licht: 0","94717","3","4","6","02","16","5","","0","0","1","1","0"
"POINT (9.955105774000000 53.598979714999999)","Unfall 94718 (2016) Kat:2, Licht: 0","94718","2","5","3","02","16","4","","0","0","1","0","0"
"POINT (10.201800049999999 53.485212001999997)","Unfall 94719 (2016) Kat:3, Licht: 2","94719","3","3","5","03","18","5","","2","1","1","0","0"
"POINT (10.082785415000000 53.535589422000001)","Unfall 94720 (2016) Kat:2, Licht: 2","94720","2","2","3","02","18","4","","2","0","1","0","0"
"POINT (10.011149063000000 53.495623125000002)","Unfall 94721 (2016) Kat:3, Licht: 2","94721","3","1","1","02","02","7","","2","0","1","0","0"
"POINT (10.044652451999999 53.607976073000003)","Unfall 94722 (2016) Kat:3, Licht: 2","94722","3","6","3","02","23","6","","2","0","1","0","0"
"POINT (10.036930415000000 53.574225192999997)","Unfall 94723 (2016) Kat:2, Licht: 2","94723","2","4","6","02","18","4","","2","0","1","1","0"
"POINT (9.882258454000001 53.592918214000001)","Unfall 94724 (2016) Kat:3, Licht: 0","94724","3","6","2","03","13","6","","0","0","1","0","0"
"POINT (9.918869428000001 53.631565739999999)","Unfall 94725 (2016) Kat:3, Licht: 0","94725","3","3","1","03","15","3","","0","0","1","0","0"
"POINT (10.017875139999999 53.549130992000002)","Unfall 94726 (2016) Kat:3, Licht: 0","94726","3","2","2","02","14","2","","0","0","1","0","0"
"POINT (10.005912758999999 53.555923057999998)","Unfall 94727 (2016) Kat:3, Licht: 0","94727","3","5","1","03","14","3","","0","1","1","0","0"
"POINT (9.927219134000000 53.518422235999999)","Unfall 94728 (2016) Kat:3, Licht: 2","94728","3","3","4","03","07","4","","2","0","1","0","0"
"POINT (10.182712112999999 53.511837559000000)","Unfall 94729 (2016) Kat:3, Licht: 2","94729","3","3","5","02","17","1","","2","0","1","0","0"
"POINT (9.926457359000001 53.477837338999997)","Unfall 94730 (2016) Kat:3, Licht: 0","94730","3","6","1","02","14","3","","0","0","1","0","0"
"POINT (10.009872870000001 53.584057309000002)","Unfall 94731 (2016) Kat:3, Licht: 0","94731","3","4","6","02","14","7","","0","0","1","1","0"
"POINT (9.902020030999999 53.556546574999999)","Unfall 94732 (2016) Kat:3, Licht: 0","94732","3","6","2","03","16","5","","0","0","1","0","0"
"POINT (10.106231553000001 53.568726196999997)","Unfall 94733 (2016) Kat:3, Licht: 0","94733","3","6","2","02","13","4","","0","0","1","0","0"
"POINT (10.090945485000001 53.507201324000000)","Unfall 94734 (2016) Kat:3, Licht: 0","94734","3","2","3","02","12","1","","0","0","1","0","0"
"POINT (10.063272712000000 53.557772192999998)","Unfall 94735 (2016) Kat:3, Licht: 2","94735","3","3","5","02","19","1","","2","1","1","0","0"
"POINT (9.997388837000001 53.620545219999997)","Unfall 94736 (2016) Kat:3, Licht: 2","94736","3","3","5","02","00","2","","2","0","1","0","0"
"POINT (9.966047009000000 53.593205140999999)","Unfall 94737 (2016) Kat:3, Licht: 0","94737","3","3","4","03","08","2","","0","1","1","0","0"
"POINT (10.101335190000000 53.553080962999999)","Unfall 94738 (2016) Kat:2, Licht: 0","94738","2","4","6","03","07","3","","0","0","1","1","0"
"POINT (10.125631017000000 53.581391883999999)","Unfall 94739 (2016) Kat:3, Licht: 0","94739","3","7","0","02","10","1","","0","0","1","0","0"
"POINT (9.919356914000000 53.590360081000000)","Unfall 94740 (2016) Kat:3, Licht: 0","94740","3","4","0","03","14","7","","0","0","1","1","0"
"POINT (10.088691448000001 53.575159978000002)","Unfall 94741 (2016) Kat:3, Licht: 0","94741","3","3","5","02","13","3","","0","0","1","0","0"
"POINT (9.926170140000000 53.564456755999998)","Unfall 94742 (2016) Kat:3, Licht: 0","94742","3","3","5","02","15","7","","0","0","1","0","0"
"POINT (9.865373156000000 53.596940535999998)","Unfall 94743 (2016) Kat:3, Licht: 2","94743","3","3","5","02","19","7","","2","0","1","0","0"
"POINT (10.065427070000000 53.569814756000000)","Unfall 94744 (2016) Kat:3, Licht: 1","94744","3","2","3","02","17","4","","1","0","1","0","0"
"POINT (10.027135737000000 53.606029280000001)","Unfall 94745 (2016) Kat:3, Licht: 2","94745","3","1","0","03","05","4","","2","1","0","0","0"
"POINT (10.168072543999999 53.605641648000002)","Unfall 94746 (2016) Kat:3, Licht: 0","94746","3","6","2","03","10","3","","0","0","1","0","0"
"POINT (10.118575823000000 53.605043467000002)","Unfall 94747 (2016) Kat:2, Licht: 0","94747","2","3","5","02","11","1","","0","1","1","0","0"
"POINT (10.007389065000000 53.520733991000000)","Unfall 94748 (2016) Kat:2, Licht: 0","94748","2","4","6","02","14","1","","0","0","1","1","0"
"POINT (10.013034052000000 53.639817186000002)","Unfall 94749 (2016) Kat:3, Licht: 0","94749","3","2","5","03","09","7","","0","1","1","0","0"
"POINT (10.085170302000000 53.656699936999999)","Unfall 94750 (2016) Kat:3, Licht: 0","94750","3","2","2","02","20","1","","0","0","1","0","0"
"POINT (9.784804971000000 53.516911268999998)","Unfall 94751 (2016) Kat:3, Licht: 0","94751","3","2","2","03","14","6","","0","0","1","0","0"
"POINT (10.013326773999999 53.552709254000000)","Unfall 94752 (2016) Kat:3, Licht: 0","94752","3","4","6","02","13","7","","0","0","1","1","0"
"POINT (9.987304378999999 53.562730817000002)","Unfall 94753 (2016) Kat:3, Licht: 2","94753","3","6","3","02","19","5","","2","0","1","0","0"
"POINT (9.969543945000000 53.550242087999997)","Unfall 94754 (2016) Kat:2, Licht: 2","94754","2","2","6","02","18","1","","2","0","1","1","0"
"POINT (9.988795629000000 53.579460556999997)","Unfall 94755 (2016) Kat:3, Licht: 2","94755","3","2","5","02","17","3","","2","0","1","0","0"
"POINT (10.149988258000000 53.619130943999998)","Unfall 94756 (2016) Kat:3, Licht: 0","94756","3","3","5","02","11","6","","0","0","1","0","0"
"POINT (9.934891794000000 53.592788476999999)","Unfall 94757 (2016) Kat:3, Licht: 1","94757","3","3","5","03","06","3","","1","1","1","0","0"
"POINT (9.959613083000001 53.549479816000002)","Unfall 94758 (2016) Kat:3, Licht: 0","94758","3","6","2","04","09","6","","0","0","1","0","1"
"POINT (10.162882245000000 53.589590678999997)","Unfall 94759 (2016) Kat:3, Licht: 0","94759","3","2","5","03","09","5","","0","1","0","0","0"
"POINT (9.963249314000001 53.599752352000003)","Unfall 94760 (2016) Kat:3, Licht: 0","94760","3","6","3","04","19","2","","0","1","0","0","0"
"POINT (9.866974482000000 53.476564052000001)","Unfall 94761 (2016) Kat:2, Licht: 0","94761","2","4","6","03","16","3","","0","0","1","1","0"
"POINT (10.110672449000001 53.592999335999998)","Unfall 94762 (2016) Kat:3, Licht: 0","94762","3","3","5","04","16","7","","0","0","1","0","0"
"POINT (10.122378184000000 53.567136306000002)","Unfall 94763 (2016) Kat:3, Licht: 0","94763","3","6","2","03","14","4","","0","0","1","0","0"
"POINT (9.939824766999999 53.579568954999999)","Unfall 94764 (2016) Kat:3, Licht: 0","94764","3","7","0","03","12","2","","0","1","1","0","0"
"POINT (10.025105984000000 53.561863905999999)","Unfall 94765 (2016) Kat:2, Licht: 0","94765","2","6","3","03","07","6","","0","1","0","0","0"
"POINT (9.990118987000001 53.516746732999998)","Unfall 94766 (2016) Kat:3, Licht: 2","94766","3","3","0","03","20","1","","2","0","1","0","0"
"POINT (10.040999851000000 53.601177708000002)","Unfall 94767 (2016) Kat:3, Licht: 0","94767","3","6","2","03","14","4","","0","0","1","0","1"
"POINT (9.993478106000000 53.558782327000003)","Unfall 94768 (2016) Kat:3, Licht: 0","94768","3","6","1","03","14","3","","0","0","1","0","0"
"POINT (10.013065614000000 53.643805172000000)","Unfall 94769 (2016) Kat:2, Licht: 2","94769","2","4","6","04","20","3","","2","0","1","1","0"
"POINT (9.888886527000000 53.568171079000003)","Unfall 94770 (2016) Kat:3, Licht: 0","94770","3","6","2","03","16","2","","0","0","1","0","0"
"POINT (9.887002437000000 53.478211559999998)","Unfall 94771 (2016) Kat:3, Licht: 0","94771","3","3","5","03","12","4","","0","0","1","0","1"
"POINT (10.148007022000000 53.569680826000003)","Unfall 94772 (2016) Kat:3, Licht: 0","94772","3","2","4","03","14","7","","0","0","1","0","1"
"POINT (10.043765316000000 53.611849872000001)","Unfall 94773 (2016) Kat:3, Licht: 0","94773","3","3","5","03","13","5","","0","1","1","0","0"
"POINT (10.013342842000000 53.554043049999997)","Unfall 94774 (2016) Kat:3, Licht: 0","94774","3","2","5","03","14","5","","0","1","1","0","0"
"POINT (9.965469032000000 53.565312030000001)","Unfall 94775 (2016) Kat:3, Licht: 2","94775","3","6","1","04","23","7","","2","0","1","0","0"
"POINT (10.025988234000000 53.551896085000003)","Unfall 94776 (2016) Kat:3, Licht: 0","94776","3","3","5","03","10","4","","0","0","1","0","0"
"POINT (9.902551185000000 53.608719575000002)","Unfall 94777 (2016) Kat:3, Licht: 0","94777","3","7","6","03","13","7","","0","1","0","1","0"