WKT,Name,OBJECTID,UKATEGORIE,UTYP1,UART,UMONAT,USTUNDE,UWOCHENTAG,STRZUSTAND,ULICHTVERH,ISTRAD,ISTPKW,ISTFUSS,ISTKRAD
"POINT (9.917355193000001 53.599625969000002)","Unfall 94778 (2016) Kat:3, Licht: 2","94778","3","2","6","03","04","6","","2","0","1","1","0"
"POINT (9.796404467000000 53.566610535999999)","Unfall 94779 (2016) Kat:3, Licht: 0","94779","3","2","2","03","07","6","","0","0","1","0","0"
"POINT (10.027266728000001 53.606095029999999)","Unfall 94780 (2016) Kat:3, Licht: 2","94780","3","1","7","03","00","1","","2","0","1","0","0"
"POINT (10.024329291999999 53.565082134999997)","Unfall 94781 (2016) Kat:3, Licht: 0","94781","3","6","2","03","17","4","","0","0","1","0","0"
"POINT (9.998626556000000 53.557537322999998)","Unfall 94782 (2016) Kat:3, Licht: 0","94782","3","6","2","03","14","3","","0","0","1","0","0"
"POINT (9.983962013999999 53.570337932999998)","Unfall 94783 (2016) Kat:3, Licht: 0","94783","3","7","1","04","09","3","","0","1","1","0","0"
"POINT (9.990591900000000 53.560423579000002)","Unfall 94784 (2016) Kat:3, Licht: 0","94784","3","3","5","03","13","2","","0","0","1","0","0"
"POINT (10.035847879000000 53.629103905999997)","Unfall 94785 (2016) Kat:3, Licht: 0","94785","3","6","2","03","15","7","","0","0","1","0","0"
"POINT (9.962011152000001 53.549448345999998)","Unfall 94786 (2016) Kat:3, Licht: 2","94786","3","6","1","03","19","5","","2","0","1","0","0"
"POINT (9.953447332000000 53.473927140000001)","Unfall 94787 (2016) Kat:3, Licht: 0","94787","3","6","4","04","17","7","","0","0","1","0","0"
"POINT (10.124529219999999 53.587316240000000)","Unfall 94788 (2016) Kat:3, Licht: 0","94788","3","6","2","03","11","4","","0","0","1","0","0"
"POINT (10.141788583000000 53.593257092999998)","Unfall 94789 (2016) Kat:3, Licht: 0","94789","3","3","5","03","14","6","","0","0","1","0","1"
"POINT (10.141788878000000 53.676089980000000)","Unfall 94790 (2016) Kat:3, Licht: 0","94790","3","6","4","03","16","3","","0","0","1","0","0"
"POINT (10.024970381999999 53.600335397999999)","Unfall 94791 (2016) Kat:3, Licht: 0","94791","3","6","2","04","16","6","","0","0","1","0","0"
"POINT (9.903607027000000 53.568656283000003)","Unfall 94792 (2016) Kat:3, Licht: 1","94792","3","3","5","03","06","1","","1","0","1","0","0"
"POINT (10.030547952999999 53.679971477999999)","Unfall 94793 (2016) Kat:3, Licht: 0","94793","3","3","5","04","09","2","","0","0","1","0","0"
"POINT (10.157848645000000 53.648771676000003)","Unfall 94794 (2016) Kat:2, Licht: 1","94794","2","2","5","03","18","4","","1","1","1","0","0"
"POINT (9.940369885999999 53.592983992000001)","Unfall 94795 (2016) Kat:3, Licht: 0","94795","3","6","2","04","10","1","","0","0","1","0","0"
"POINT (9.987711457000000 53.452604159000003)","Unfall 94796 (2016) Kat:3, Licht: 0","94796","3","3","5","03","15","1","","0","0","1","0","0"
"POINT (9.959703364999999 53.631809994000001)","Unfall 94797 (2016) Kat:3, Licht: 1","94797","3","3","5","03","18","1","","1","0","1","0","0"
"POINT (9.954798408000000 53.456254307000002)","Unfall 94798 (2016) Kat:3, Licht: 0","94798","3","4","6","03","16","3","","0","0","1","1","0"
"POINT (10.066363224000000 53.614936653000001)","Unfall 94799 (2016) Kat:3, Licht: 0","94799","3","3","5","04","11","2","","0","1","1","0","0"
"POINT (10.200867282000001 53.510417197000002)","Unfall 94800 (2016) Kat:3, Licht: 0","94800","3","5","1","04","15","1","","0","0","1","0","1"
"POINT (9.878936176000000 53.585822899999997)","Unfall 94801 (2016) Kat:3, Licht: 0","94801","3","7","3","03","09","3","","0","0","1","0","0"
"POINT (10.067752145000000 53.582338231999998)","Unfall 94802 (2016) Kat:2, Licht: 2","94802","2","2","5","03","23","1","","2","0","1","0","1"
"POINT (10.156364224000001 53.609332987999998)","Unfall 94803 (2016) Kat:3, Licht: 0","94803","3","7","4","04","17","6","","0","0","1","0","1"
"POINT (10.099702851000000 53.587272267000003)","Unfall 94804 (2016) Kat:3, Licht: 0","94804","3","7","3","03","06","4","","0","0","1","0","0"
"POINT (9.991910698000000 53.667107934000001)","Unfall 94805 (2016) Kat:3, Licht: 0","94805","3","3","5","03","11","6","","0","0","1","0","0"
"POINT (9.883570437000000 53.526548792000000)","Unfall 94806 (2016) Kat:3, Licht: 0","94806","3","1","9","03","17","7","","0","0","1","0","0"
"POINT (10.017233432999999 53.617560906999998)","Unfall 94807 (2016) Kat:3, Licht: 0","94807","3","6","1","03","15","3","","0","0","1","0","0"
"POINT (9.949104236000000 53.640117470000000)","Unfall 94808 (2016) Kat:3, Licht: 0","94808","3","2","5","04","09","6","","0","1","1","0","0"
"POINT (10.027420873000001 53.551735002999997)","Unfall 94809 (2016) Kat:3, Licht: 0","94809","3","7","6","03","17","5","","0","0","1","1","0"
"POINT (9.873620940000000 53.590818251000002)","Unfall 94810 (2016) Kat:3, Licht: 0","94810","3","2","6","04","09","2","","0","0","1","1","0"
"POINT (9.997476410999999 53.578381593000003)","Unfall 94811 (2016) Kat:3, Licht: 2","94811","3","2","4","03","19","4","","2","1","1","0","0"
"POINT (9.989231899000000 53.456524188000003)","Unfall 94812 (2016) Kat:3, Licht: 0","94812","3","6","1","04","13","7","","0","0","1","0","0"
"POINT (10.049424459999999 53.601869862999997)","Unfall 94813 (2016) Kat:3, Licht: 2","94813","3","2","4","03","19","4","","2","1","0","0","0"
"POINT (10.092888460999999 53.546637453999999)","Unfall 94814 (2016) Kat:3, Licht: 1","94814","3","7","5","03","18","1","","1","0","1","0","0"
"POINT (10.083980416999999 53.610746452999997)","Unfall 94815 (2016) Kat:3, Licht: 0","94815","3","7","6","03","17","4","","0","0","1","1","0"
"POINT (9.797089934000001 53.566281840000002)","Unfall 94816 (2016) Kat:3, Licht: 0","94816","3","2","2","03","08","6","","0","0","1","0","0"
"POINT (10.010040824000001 53.623954460999997)","Unfall 94817 (2016) Kat:3, Licht: 0","94817","3","2","5","03","07","4","","0","1","1","0","0"
"POINT (10.124222158000000 53.585906967000000)","Unfall 94818 (2016) Kat:3, Licht: 0","94818","3","5","1","03","11","7","","0","0","1","0","0"
"POINT (10.026589447999999 53.553863948999997)","Unfall 94819 (2016) Kat:3, Licht: 0","94819","3","3","5","04","18","3","","0","1","1","0","0"
"POINT (9.918257724000000 53.571124580999999)","Unfall 94820 (2016) Kat:3, Licht: 0","94820","3","6","1","03","15","3","","0","0","1","0","0"
"POINT (9.993629177000001 53.557692324000001)","Unfall 94821 (2016) Kat:3, Licht: 0","94821","3","2","4","04","15","6","","0","0","1","0","0"
"POINT (10.071438452000001 53.608675691999998)","Unfall 94822 (2016) Kat:3, Licht: 0","94822","3","6","2","03","10","5","","0","0","1","0","0"
"POINT (9.889954102000001 53.557031322999997)","Unfall 94823 (2016) Kat:3, Licht: 0","94823","3","6","3","03","12","1","","0","0","1","0","0"
"POINT (9.961971036000000 53.549446680000003)","Unfall 94824 (2016) Kat:3, Licht: 0","94824","3","6","2","03","12","7","","0","0","1","0","0"
"POINT (9.984219113000000 53.583597234000003)","Unfall 94825 (2016) Kat:3, Licht: 0","94825","3","6","2","04","07","2","","0","1","1","0","0"
"POINT (10.067802626000001 53.582241303000004)","Unfall 94826 (2016) Kat:3, Licht: 0","94826","3","2","3","03","14","3","","0","1","1","0","0"
"POINT (10.161880546000001 53.604941748999998)","Unfall 94827 (2016) Kat:3, Licht: 2","94827","3","6","2","04","21","7","","2","0","1","0","0"
"POINT (10.020058288000000 53.565792350000002)","Unfall 94828 (2016) Kat:3, Licht: 0","94828","3","3","5","03","17","4","","0","1","1","0","0"
"POINT (10.108926471000000 53.549544562999998)","Unfall 94829 (2016) Kat:3, Licht: 0","94829","3","6","2","03","16","1","","0","0","1","0","0"
"POINT (9.953772157000000 53.559502008999999)","Unfall 94830 (2016) Kat:2, Licht: 0","94830","2","6","4","03","16","6","","0","1","1","0","0"
"POINT (9.878399170000000 53.553464662000003)","Unfall 94831 (2016) Kat:3, Licht: 0","94831","3","3","5","03","17","7","","0","0","1","0","0"
"POINT (10.012141756000000 53.625279272999997)","Unfall 94832 (2016) Kat:3, Licht: 0","94832","3","6","2","03","12","4","","0","0","1","0","0"
"POINT (9.991105835000001 53.445248444000001)","Unfall 94833 (2016) Kat:3, Licht: 2","94833","3","6","2","03","19","2","","2","0","1","0","0"
"POINT (10.053531839000000 53.584531046000002)","Unfall 94834 (2016) Kat:2, Licht: 0","94834","2","4","6","04","14","3","","0","0","1","1","0"
"POINT (9.947525773000001 53.585944865000002)","Unfall 94835 (2016) Kat:3, Licht: 0","94835","3","2","5","03","15","2","","0","1","1","0","0"
"POINT (10.130734166000000 53.584140259999998)","Unfall 94836 (2016) Kat:3, Licht: 2","94836","3","7","0","03","23","4","","2","0","1","0","0"
"POINT (10.069757173999999 53.602941506999997)","Unfall 94837 (2016) Kat:3, Licht: 2","94837","3","7","0","03","22","7","","2","1","0","0","0"
"POINT (10.015734816000000 53.563218999000000)","Unfall 94838 (2016) Kat:3, Licht: 0","94838","3","6","2","03","09","5","","0","0","1","0","0"
"POINT (9.857173510999999 53.508134753000000)","Unfall 94839 (2016) Kat:2, Licht: 0","94839","2","1","4","03","17","4","","0","0","1","0","0"
"POINT (9.982811971000000 53.589180044000003)","Unfall 94840 (2016) Kat:3, Licht: 0","94840","3","7","0","03","16","7","","0","0","1","0","0"
"POINT (10.149850818999999 53.624914412000003)","Unfall 94841 (2016) Kat:3, Licht: 0","94841","3","4","6","03","17","4","","0","0","1","1","0"
"POINT (9.955925710000001 53.464334594000000)","Unfall 94842 (2016) Kat:3, Licht: 0","94842","3","3","5","03","11","2","","0","0","1","0","0"
"POINT (10.053298093000000 53.604533662999998)","Unfall 94843 (2016) Kat:3, Licht: 0","94843","3","4","6","04","12","3","","0","1","0","1","0"
"POINT (9.996123685000001 53.464490939000001)","Unfall 94844 (2016) Kat:3, Licht: 2","94844","3","2","4","03","05","5","","2","0","1","0","0"
"POINT (10.175566855000000 53.495861443000003)","Unfall 94845 (2016) Kat:3, Licht: 0","94845","3","1","8","03","19","2","","0","0","0","0","1"
"POINT (9.988731533999999 53.571063678000002)","Unfall 94846 (2016) Kat:3, Licht: 0","94846","3","3","0","03","17","5","","0","1","0","0","0"
"POINT (10.093311548000001 53.543019524999998)","Unfall 94847 (2016) Kat:3, Licht: 0","94847","3","7","6","03","14","7","","0","1","0","1","0"
"POINT (9.985660389000000 53.459371599999997)","Unfall 94848 (2016) Kat:3, Licht: 0","94848","3","7","8","03","12","5","","0","0","1","0","0"
"POINT (9.848364692000001 53.536574600000002)","Unfall 94849 (2016) Kat:2, Licht: 2","94849","2","1","0","03","06","4","","2","0","0","0","1"
"POINT (9.917529048000001 53.635223130999996)","Unfall 94850 (2016) Kat:3, Licht: 0","94850","3","3","5","04","13","7","","0","0","1","0","0"
"POINT (10.046396987000000 53.586637576999998)","Unfall 94851 (2016) Kat:3, Licht: 0","94851","3","3","5","03","16","4","","0","0","1","0","1"
"POINT (9.977758841000000 53.561744355000002)","Unfall 94852 (2016) Kat:3, Licht: 0","94852","3","3","5","03","11","6","","0","0","0","0","0"
"POINT (10.208358745000000 53.481526084999999)","Unfall 94853 (2016) Kat:3, Licht: 0","94853","3","6","2","03","11","6","","0","0","1","0","0"
"POINT (9.907852846999999 53.632574359000003)","Unfall 94854 (2016) Kat:3, Licht: 0","94854","3","6","1","03","06","4","","0","0","1","0","0"
"POINT (10.008500560000000 53.502061730000001)","Unfall 94855 (2016) Kat:3, Licht: 2","94855","3","2","5","03","18","2","","2","1","1","0","0"
"POINT (9.985209291000000 53.435785944999999)","Unfall 94856 (2016) Kat:3, Licht: 1","94856","3","2","5","04","19","2","","1","0","1","0","0"
"POINT (9.909314479000001 53.548439039000002)","Unfall 94857 (2016) Kat:3, Licht: 0","94857","3","7","5","03","08","3","","0","1","1","0","0"
"POINT (10.147407150999999 53.483330258000002)","Unfall 94858 (2016) Kat:3, Licht: 0","94858","3","3","5","03","17","1","","0","1","1","0","0"
"POINT (9.814144508000000 53.563296129999998)","Unfall 94859 (2016) Kat:2, Licht: 0","94859","2","6","2","03","10","7","","0","0","1","0","0"
"POINT (9.985196138999999 53.435788295999998)","Unfall 94860 (2016) Kat:2, Licht: 0","94860","2","2","5","03","16","4","","0","0","1","0","0"
"POINT (9.977030902999999 53.511251618000003)","Unfall 94861 (2016) Kat:3, Licht: 0","94861","3","2","3","04","07","6","","0","1","0","0","0"
"POINT (9.868318937000000 53.595228292999998)","Unfall 94862 (2016) Kat:3, Licht: 0","94862","3","6","2","03","13","4","","0","0","1","0","0"
"POINT (10.030489743000000 53.537901853999998)","Unfall 94863 (2016) Kat:3, Licht: 0","94863","3","3","5","04","10","3","","0","1","0","0","0"
"POINT (10.151088107000000 53.617601549000000)","Unfall 94864 (2016) Kat:3, Licht: 0","94864","3","6","2","03","12","6","","0","0","1","0","0"
"POINT (10.067285710000000 53.573510302000003)","Unfall 94865 (2016) Kat:3, Licht: 0","94865","3","7","6","03","09","6","","0","0","1","1","0"
"POINT (9.960516339000000 53.549451328000004)","Unfall 94866 (2016) Kat:3, Licht: 2","94866","3","7","2","04","04","7","","2","0","1","0","0"
"POINT (9.983337526000000 53.564143811999998)","Unfall 94867 (2016) Kat:3, Licht: 0","94867","3","6","1","03","15","7","","0","0","1","0","0"
"POINT (9.954680797000000 53.455985898000002)","Unfall 94868 (2016) Kat:3, Licht: 2","94868","3","2","6","03","05","5","","2","0","1","1","0"
"POINT (9.992712563000000 53.510325582000000)","Unfall 94869 (2016) Kat:3, Licht: 0","94869","3","3","6","03","11","3","","0","0","0","1","0"
"POINT (10.081403974000001 53.620003324999999)","Unfall 94870 (2016) Kat:3, Licht: 0","94870","3","7","0","04","11","6","","0","0","1","0","1"
"POINT (10.067082134000000 53.579135632000003)","Unfall 94871 (2016) Kat:3, Licht: 0","94871","3","3","5","03","15","6","","0","0","1","0","0"
"POINT (10.164266716000000 53.646758611000003)","Unfall 94872 (2016) Kat:3, Licht: 2","94872","3","3","5","04","19","2","","2","1","1","0","0"
"POINT (10.111181904000000 53.531064590000000)","Unfall 94873 (2016) Kat:3, Licht: 0","94873","3","3","5","03","15","4","","0","0","1","0","0"
"POINT (10.070678653000000 53.572928081000001)","Unfall 94874 (2016) Kat:3, Licht: 0","94874","3","1","0","04","13","1","","0","1","0","0","0"
"POINT (10.049498100999999 53.601842279000003)","Unfall 94875 (2016) Kat:3, Licht: 0","94875","3","2","4","03","16","1","","0","0","1","0","0"
"POINT (10.082847722000000 53.570851589999997)","Unfall 94876 (2016) Kat:2, Licht: 0","94876","2","4","6","04","15","6","","0","0","0","1","1"
"POINT (9.917456811999999 53.625498284999999)","Unfall 94877 (2016) Kat:3, Licht: 0","94877","3","5","3","03","12","4","","0","0","1","0","0"
"POINT (10.071570854999999 53.608681764000004)","Unfall 94878 (2016) Kat:3, Licht: 2","94878","3","7","0","03","03","6","","2","0","1","0","0"
"POINT (10.031298960000001 53.559618598999997)","Unfall 94879 (2016) Kat:3, Licht: 2","94879","3","2","6","03","05","3","","2","0","1","1","0"
"POINT (9.967683796999999 53.566499049999997)","Unfall 94880 (2016) Kat:2, Licht: 2","94880","2","3","5","04","20","6","","2","0","1","0","1"
"POINT (10.100184753000001 53.596126167999998)","Unfall 94881 (2016) Kat:3, Licht: 0","94881","3","5","5","03","07","5","","0","0","1","0","1"
"POINT (9.954825031000000 53.632986121000002)","Unfall 94882 (2016) Kat:3, Licht: 0","94882","3","3","5","04","16","2","","0","1","0","0","0"
"POINT (10.008922846000001 53.552155141999997)","Unfall 94883 (2016) Kat:3, Licht: 2","94883","3","7","3","03","18","4","","2","0","0","0","0"
"POINT (10.145510746999999 53.544419824999999)","Unfall 94884 (2016) Kat:2, Licht: 0","94884","2","3","5","04","14","7","","0","0","1","0","0"
"POINT (10.110583236000000 53.653252680000001)","Unfall 94885 (2016) Kat:3, Licht: 0","94885","3","6","2","03","09","3","","0","0","1","0","1"
"POINT (9.873129428000000 53.591166446000003)","Unfall 94886 (2016) Kat:2, Licht: 1","94886","2","4","6","04","19","6","","1","0","0","1","0"
"POINT (10.043986359000000 53.579009317999997)","Unfall 94887 (2016) Kat:3, Licht: 0","94887","3","3","5","03","08","6","","0","1","1","0","0"
"POINT (9.909304132999999 53.605229438000002)","Unfall 94888 (2016) Kat:3, Licht: 0","94888","3","2","5","04","08","2","","0","1","0","0","0"
"POINT (10.012304621000000 53.580635968000003)","Unfall 94889 (2016) Kat:3, Licht: 1","94889","3","6","3","03","18","4","","1","1","1","0","0"
"POINT (9.995253876000000 53.557367223000000)","Unfall 94890 (2016) Kat:3, Licht: 0","94890","3","6","1","04","15","1","","0","0","1","0","0"
"POINT (9.998990938000000 53.659980226000002)","Unfall 94891 (2016) Kat:3, Licht: 0","94891","3","3","5","03","15","1","","0","0","1","0","0"
"POINT (10.208739398000001 53.492916721999997)","Unfall 94892 (2016) Kat:3, Licht: 0","94892","3","3","6","03","11","3","","0","1","0","1","0"
"POINT (9.978150721000000 53.458355722999997)","Unfall 94893 (2016) Kat:3, Licht: 0","94893","3","7","0","03","15","5","","0","0","0","0","0"
"POINT (10.016149304000001 53.568574118000001)","Unfall 94894 (2016) Kat:3, Licht: 0","94894","3","4","6","03","17","6","","0","1","0","1","0"
"POINT (10.117138643000001 53.607222618999998)","Unfall 94895 (2016) Kat:3, Licht: 1","94895","3","6","2","03","19","4","","1","0","1","0","0"
"POINT (10.204865372000000 53.511018258000000)","Unfall 94896 (2016) Kat:2, Licht: 0","94896","2","2","5","03","08","2","","0","1","1","0","0"
"POINT (10.113335597000001 53.576550089999998)","Unfall 94897 (2016) Kat:3, Licht: 0","94897","3","6","2","04","11","3","","0","0","1","0","0"
"POINT (9.987751964999999 53.595732583000000)","Unfall 94898 (2016) Kat:3, Licht: 0","94898","3","3","5","03","18","3","","0","1","1","0","0"
"POINT (9.909449146000000 53.513619130999999)","Unfall 94899 (2016) Kat:2, Licht: 0","94899","2","6","1","03","15","5","","0","0","1","0","0"
"POINT (10.006119586000001 53.550184289999997)","Unfall 94900 (2016) Kat:3, Licht: 0","94900","3","3","5","03","12","3","","0","0","1","0","0"
"POINT (9.907114685000000 53.591728046000000)","Unfall 94901 (2016) Kat:3, Licht: 0","94901","3","6","2","03","07","5","","0","0","1","0","0"
"POINT (9.988235810000001 53.448785761000003)","Unfall 94902 (2016) Kat:3, Licht: 0","94902","3","7","6","03","11","7","","0","0","1","1","0"
"POINT (10.107198040000000 53.653647597999999)","Unfall 94903 (2016) Kat:3, Licht: 0","94903","3","2","8","03","15","6","","0","0","1","0","0"
"POINT (10.007453203000001 53.462878496999998)","Unfall 94904 (2016) Kat:3, Licht: 0","94904","3","6","2","03","07","4","","0","0","1","0","0"
"POINT (9.978078458000001 53.548581032999998)","Unfall 94905 (2016) Kat:3, Licht: 0","94905","3","7","1","04","09","2","","0","1","1","0","0"
"POINT (10.022759338000000 53.558491838000002)","Unfall 94906 (2016) Kat:3, Licht: 0","94906","3","2","3","03","17","3","","0","1","0","0","0"
"POINT (10.044303726000001 53.582097517999998)","Unfall 94907 (2016) Kat:3, Licht: 0","94907","3","6","0","04","14","7","","0","0","0","0","1"
"POINT (10.084824283000000 53.553250710999997)","Unfall 94908 (2016) Kat:2, Licht: 2","94908","2","4","6","03","19","3","","2","0","1","1","0"
"POINT (9.917953463000000 53.567597943999999)","Unfall 94909 (2016) Kat:3, Licht: 2","94909","3","3","5","03","04","1","","2","0","1","0","0"
"POINT (10.105365283999999 53.553032225000003)","Unfall 94910 (2016) Kat:3, Licht: 2","94910","3","1","8","03","19","3","","2","0","0","0","1"
"POINT (9.936367154999999 53.552455090000002)","Unfall 94911 (2016) Kat:3, Licht: 0","94911","3","3","5","03","14","1","","0","1","1","0","0"
"POINT (10.035505620000000 53.552402561999997)","Unfall 94912 (2016) Kat:3, Licht: 0","94912","3","6","2","03","08","5","","0","0","1","0","1"
"POINT (9.950218014000001 53.556446348000001)","Unfall 94913 (2016) Kat:3, Licht: 0","94913","3","2","3","03","10","6","","0","1","0","0","0"
"POINT (10.072157109999999 53.596839559000003)","Unfall 94914 (2016) Kat:3, Licht: 0","94914","3","3","5","03","17","4","","0","0","1","0","1"
"POINT (10.152265321000000 53.542800884000002)","Unfall 94915 (2016) Kat:3, Licht: 0","94915","3","6","2","03","17","2","","0","0","1","0","1"
"POINT (10.021126885999999 53.648960252999998)","Unfall 94916 (2016) Kat:3, Licht: 0","94916","3","2","1","04","15","3","","0","0","1","0","0"
"POINT (9.938451873000000 53.592777738000002)","Unfall 94917 (2016) Kat:3, Licht: 0","94917","3","7","0","03","16","2","","0","1","0","0","0"
"POINT (9.993182187000000 53.557752456999999)","Unfall 94918 (2016) Kat:3, Licht: 2","94918","3","3","5","03","21","5","","2","0","1","0","0"
"POINT (10.137759088999999 53.608070126999998)","Unfall 94919 (2016) Kat:3, Licht: 0","94919","3","3","5","03","09","7","","0","1","1","0","0"
"POINT (10.033678956999999 53.555882050000001)","Unfall 94920 (2016) Kat:2, Licht: 2","94920","2","2","6","03","20","5","","2","0","1","1","0"
"POINT (10.104840971000000 53.522408188999997)","Unfall 94921 (2016) Kat:3, Licht: 2","94921","3","3","5","03","05","4","","2","1","0","0","0"
"POINT (9.928695327000000 53.544994041000002)","Unfall 94922 (2016) Kat:2, Licht: 0","94922","2","7","0","04","16","7","","0","1","0","0","0"
"POINT (10.095742413000000 53.531701474000002)","Unfall 94923 (2016) Kat:3, Licht: 0","94923","3","6","2","03","17","3","","0","0","1","0","0"
"POINT (10.151836510000001 53.600071282000002)","Unfall 94924 (2016) Kat:3, Licht: 2","94924","3","7","0","03","19","5","","2","1","0","0","0"
"POINT (10.012110427000000 53.558043875999999)","Unfall 94925 (2016) Kat:3, Licht: 0","94925","3","5","1","03","12","6","","0","1","1","0","0"
"POINT (9.891978748000000 53.477824138999999)","Unfall 94926 (2016) Kat:3, Licht: 0","94926","3","3","5","03","12","3","","0","1","1","0","0"
"POINT (10.066092646000000 53.571292872999997)","Unfall 94927 (2016) Kat:3, Licht: 0","94927","3","6","2","04","12","2","","0","0","1","0","0"
"POINT (10.090863757999999 53.656177757000002)","Unfall 94928 (2016) Kat:3, Licht: 0","94928","3","6","2","03","17","5","","0","0","1","0","0"
"POINT (9.982289333000001 53.518881635000000)","Unfall 94929 (2016) Kat:3, Licht: 0","94929","3","4","6","03","17","5","","0","1","0","1","0"
"POINT (10.006200765000001 53.582600098000000)","Unfall 94930 (2016) Kat:3, Licht: 0","94930","3","3","5","03","12","4","","0","1","1","0","0"
"POINT (10.065470412000000 53.579608854000000)","Unfall 94931 (2016) Kat:3, Licht: 0","94931","3","3","5","03","12","2","","0","0","1","0","0"
"POINT (9.952889561999999 53.613564015999998)","Unfall 94932 (2016) Kat:3, Licht: 0","94932","3","5","1","04","18","3","","0","1","1","0","0"
"POINT (9.983663065000000 53.564781791000001)","Unfall 94933 (2016) Kat:3, Licht: 2","94933","3","6","2","03","20","2","","2","0","1","0","0"
"POINT (10.110365061000000 53.656940210000002)","Unfall 94934 (2016) Kat:3, Licht: 1","94934","3","6","2","03","18","7","","1","0","1","0","0"
"POINT (9.984695322000000 53.563987664999999)","Unfall 94935 (2016) Kat:3, Licht: 0","94935","3","3","5","03","14","5","","0","0","1","0","0"
"POINT (9.991540945000001 53.555288482000002)","Unfall 94936 (2016) Kat:3, Licht: 0","94936","3","6","2","04","17","7","","0","0","1","0","0"
"POINT (10.078055530000000 53.585595325000000)","Unfall 94937 (2016) Kat:3, Licht: 1","94937","3","6","2","03","17","3","","1","0","1","0","0"
"POINT (9.949541504000001 53.462747983000000)","Unfall 94938 (2016) Kat:3, Licht: 0","94938","3","3","5","03","13","6","","0","0","1","0","0"
"POINT (10.147887698000000 53.621761528999997)","Unfall 94939 (2016) Kat:3, Licht: 0","94939","3","3","5","03","07","3","","0","1","1","0","0"
"POINT (10.017125343000000 53.629332230000003)","Unfall 94940 (2016) Kat:3, Licht: 2","94940","3","3","5","04","22","6","","2","0","1","0","0"
"POINT (9.986658711000001 53.510354704999997)","Unfall 94941 (2016) Kat:2, Licht: 0","94941","2","4","6","03","14","5","","0","0","0","1","0"
"POINT (10.056933590000000 53.647612944000002)","Unfall 94942 (2016) Kat:3, Licht: 0","94942","3","2","4","04","15","2","","0","1","1","0","0"
"POINT (10.069764285000000 53.571788462000001)","Unfall 94943 (2016) Kat:3, Licht: 2","94943","3","7","6","03","23","4","","2","0","1","1","0"
"POINT (9.933616474000001 53.592578705000001)","Unfall 94944 (2016) Kat:3, Licht: 0","94944","3","6","2","04","18","1","","0","0","1","0","0"
"POINT (9.969471232000000 53.546118788999998)","Unfall 94945 (2016) Kat:3, Licht: 0","94945","3","2","4","03","17","1","","0","1","1","0","0"
"POINT (10.026731070000000 53.606631667999999)","Unfall 94946 (2016) Kat:3, Licht: 0","94946","3","6","2","03","07","3","","0","0","1","0","0"
"POINT (10.106114887000000 53.593521848000002)","Unfall 94947 (2016) Kat:3, Licht: 0","94947","3","7","1","03","14","1","","0","1","1","0","0"
"POINT (9.945417961000000 53.593208721000003)","Unfall 94948 (2016) Kat:3, Licht: 0","94948","3","7","6","03","16","7","","0","0","1","1","0"
"POINT (10.096410428000000 53.532430476999998)","Unfall 94949 (2016) Kat:3, Licht: 0","94949","3","2","5","04","16","6","","0","1","0","0","0"
"POINT (10.044330643000000 53.592964533000000)","Unfall 94950 (2016) Kat:3, Licht: 0","94950","3","2","3","03","11","3","","0","1","1","0","0"
"POINT (10.019315418000000 53.653044668000000)","Unfall 94951 (2016) Kat:3, Licht: 1","94951","3","6","0","03","17","6","","1","0","1","0","0"
"POINT (10.011004462000001 53.497057177000002)","Unfall 94952 (2016) Kat:3, Licht: 0","94952","3","7","6","03","08","5","","0","0","0","1","0"
"POINT (10.027184385000000 53.631296769000002)","Unfall 94953 (2016) Kat:3, Licht: 2","94953","3","6","2","03","21","3","","2","0","1","0","0"
"POINT (9.928563193000001 53.644137243000003)","Unfall 94954 (2016) Kat:3, Licht: 0","94954","3","6","1","04","15","6","","0","0","0","0","1"
"POINT (10.015537338000000 53.519732361999999)","Unfall 94955 (2016) Kat:3, Licht: 0","94955","3","6","3","03","08","5","","0","0","1","0","0"
"POINT (10.098377541000000 53.550116619999997)","Unfall 94956 (2016) Kat:3, Licht: 2","94956","3","4","6","03","05","5","","2","0","1","1","0"
"POINT (9.796138109999999 53.566231197000000)","Unfall 94957 (2016) Kat:3, Licht: 0","94957","3","6","2","04","09","2","","0","0","1","0","0"
"POINT (9.926251900000001 53.560578202000002)","Unfall 94958 (2016) Kat:3, Licht: 0","94958","3","5","1","03","13","4","","0","0","1","0","1"
"POINT (9.903495726999999 53.502887063999999)","Unfall 94959 (2016) Kat:2, Licht: 0","94959","2","1","8","04","18","7","","0","0","0","0","1"
"POINT (9.852611410000000 53.592222501999998)","Unfall 94960 (2016) Kat:3, Licht: 0","94960","3","3","5","03","09","3","","0","0","1","0","0"
"POINT (9.979063278000000 53.555267913000002)","Unfall 94961 (2016) Kat:3, Licht: 2","94961","3","6","2","03","00","1","","2","0","1","0","0"
"POINT (9.905005070000000 53.595342877999997)","Unfall 94962 (2016) Kat:3, Licht: 0","94962","3","7","1","03","16","3","","0","0","1","0","0"
"POINT (10.091236103000000 53.634602102999999)","Unfall 94963 (2016) Kat:2, Licht: 0","94963","2","7","8","03","13","5","","0","0","1","0","0"
"POINT (10.208275874000000 53.489730442000003)","Unfall 94964 (2016) Kat:2, Licht: 0","94964","2","2","6","03","15","5","","0","0","1","1","0"
"POINT (10.106880839000000 53.572979324999999)","Unfall 94965 (2016) Kat:3, Licht: 0","94965","3","4","6","03","13","4","","0","0","1","1","0"