WKT,Name,OBJECTID,UKATEGORIE,UTYP1,UART,UMONAT,USTUNDE,UWOCHENTAG,STRZUSTAND,ULICHTVERH,ISTRAD,ISTPKW,ISTFUSS,ISTKRAD
"POINT (10.058316917999999 53.610330847000000)","Unfall 94966 (2016) Kat:3, Licht: 0","94966","3","7","0","03","11","2","","0","0","0","0","0"
"POINT (10.092919128000000 53.587758733000001)","Unfall 94967 (2016) Kat:3, Licht: 0","94967","3","6","2","04","14","3","","0","0","1","0","0"
"POINT (9.990897500000001 53.572674425999999)","Unfall 94968 (2016) Kat:2, Licht: 0","94968","2","4","6","03","14","3","","0","0","1","1","0"
"POINT (9.981843697000000 53.462371791999999)","Unfall 94969 (2016) Kat:3, Licht: 0","94969","3","2","0","03","14","5","","0","1","1","0","0"
"POINT (10.064679659999999 53.586557513000002)","Unfall 94970 (2016) Kat:3, Licht: 0","94970","3","2","4","03","08","5","","0","0","1","0","0"
"POINT (9.837366998000000 53.574021172999998)","Unfall 94971 (2016) Kat:3, Licht: 0","94971","3","2","4","03","18","3","","0","1","0","0","0"
"POINT (9.998266567000000 53.554134775000001)","Unfall 94972 (2016) Kat:3, Licht: 0","94972","3","4","6","04","18","6","","0","1","0","1","0"
"POINT (10.072621422999999 53.608776884000001)","Unfall 94973 (2016) Kat:3, Licht: 0","94973","3","6","1","03","10","5","","0","0","1","0","0"
"POINT (9.982233274000000 53.596258067000001)","Unfall 94974 (2016) Kat:3, Licht: 0","94974","3","6","2","03","11","7","","0","0","1","0","0"
"POINT (9.951429488000001 53.546550984000000)","Unfall 94975 (2016) Kat:3, Licht: 0","94975","3","2","2","04","15","2","","0","0","1","0","1"
"POINT (10.102546524999999 53.542106603000001)","Unfall 94976 (2016) Kat:2, Licht: 0","94976","2","7","6","03","12","3","","0","0","1","1","0"
"POINT (10.101452181999999 53.605461474000002)","Unfall 94977 (2016) Kat:3, Licht: 0","94977","3","3","5","04","10","7","","0","1","1","0","0"
"POINT (9.949245621999999 53.558783626999997)","Unfall 94978 (2016) Kat:3, Licht: 0","94978","3","6","2","03","14","3","","0","0","1","0","0"
"POINT (9.982048470000001 53.461152804000001)","Unfall 94979 (2016) Kat:3, Licht: 0","94979","3","6","2","03","15","7","","0","0","1","0","0"
"POINT (10.044813542000000 53.582272060000001)","Unfall 94980 (2016) Kat:3, Licht: 0","94980","3","7","0","03","12","5","","0","0","1","0","0"
"POINT (10.066529852000000 53.614006635999999)","Unfall 94981 (2016) Kat:3, Licht: 2","94981","3","7","0","03","20","5","","2","0","0","0","0"
"POINT (10.116435764000000 53.650503700999998)","Unfall 94982 (2016) Kat:3, Licht: 0","94982","3","6","2","03","15","4","","0","0","1","0","0"
"POINT (10.059800194999999 53.594151357999998)","Unfall 94983 (2016) Kat:3, Licht: 0","94983","3","7","0","03","12","2","","0","0","0","0","1"
"POINT (10.033197102999999 53.589280959000000)","Unfall 94984 (2016) Kat:3, Licht: 0","94984","3","6","6","04","15","3","","0","1","0","1","0"
"POINT (9.941465957000000 53.577910076000002)","Unfall 94985 (2016) Kat:3, Licht: 1","94985","3","3","5","03","19","2","","1","0","1","0","0"
"POINT (9.990121985000000 53.447552934000001)","Unfall 94986 (2016) Kat:3, Licht: 0","94986","3","5","1","03","07","4","","0","0","1","0","0"
"POINT (10.124567531000000 53.570879687999998)","Unfall 94987 (2016) Kat:2, Licht: 2","94987","2","2","5","03","19","7","","2","0","1","0","1"
"POINT (10.161248967000001 53.647846758000000)","Unfall 94988 (2016) Kat:3, Licht: 0","94988","3","7","5","03","16","5","","0","0","1","0","1"
"POINT (10.108914415999999 53.570827653999999)","Unfall 94989 (2016) Kat:3, Licht: 0","94989","3","7","5","03","08","4","","0","1","1","0","0"
"POINT (9.962344156000000 53.549777196999997)","Unfall 94990 (2016) Kat:3, Licht: 0","94990","3","4","6","04","17","7","","0","0","1","1","0"
"POINT (9.966877795000000 53.515997990000002)","Unfall 94991 (2016) Kat:3, Licht: 0","94991","3","6","3","03","15","3","","0","0","1","0","0"
"POINT (9.869074940999999 53.594539093000002)","Unfall 94992 (2016) Kat:1, Licht: 2","94992","1","5","0","03","20","7","","2","0","1","0","1"
"POINT (9.918631934000000 53.515265667999998)","Unfall 94993 (2016) Kat:3, Licht: 0","94993","3","3","3","03","08","3","","0","0","1","0","0"
"POINT (9.942306692000001 53.555419284999999)","Unfall 94994 (2016) Kat:3, Licht: 1","94994","3","2","5","03","05","5","","1","0","1","0","0"
"POINT (10.007885784000001 53.496537840999999)","Unfall 94995 (2016) Kat:3, Licht: 0","94995","3","1","2","03","18","7","","0","0","1","0","0"
"POINT (10.050232382000001 53.572992067999998)","Unfall 94996 (2016) Kat:2, Licht: 0","94996","2","3","5","03","15","6","","0","0","1","0","0"
"POINT (10.115509793999999 53.607443250999999)","Unfall 94997 (2016) Kat:3, Licht: 2","94997","3","3","5","03","18","4","","2","0","1","0","0"
"POINT (9.861651634999999 53.597829107999999)","Unfall 94998 (2016) Kat:2, Licht: 0","94998","2","3","5","04","09","7","","0","0","1","0","1"
"POINT (10.010782622000001 53.460137690000003)","Unfall 94999 (2016) Kat:3, Licht: 0","94999","3","5","1","03","15","2","","0","0","1","0","0"
"POINT (9.991474150000000 53.502624652000002)","Unfall 95000 (2016) Kat:3, Licht: 0","95000","3","6","2","03","12","7","","0","0","1","0","0"
"POINT (10.035148982000001 53.574964164999997)","Unfall 95001 (2016) Kat:3, Licht: 0","95001","3","3","5","03","15","5","","0","1","0","0","0"
"POINT (10.065431350000001 53.598000656000004)","Unfall 95002 (2016) Kat:3, Licht: 2","95002","3","2","4","03","19","5","","2","1","1","0","0"
"POINT (9.924138437000000 53.591833284000003)","Unfall 95003 (2016) Kat:3, Licht: 2","95003","3","3","5","03","19","4","","2","0","1","0","0"
"POINT (10.107704033999999 53.653700477999998)","Unfall 95004 (2016) Kat:3, Licht: 0","95004","3","6","3","03","10","2","","0","0","1","0","0"
"POINT (10.001477417000000 53.556155920999998)","Unfall 95005 (2016) Kat:3, Licht: 0","95005","3","6","2","04","15","3","","0","0","1","0","0"
"POINT (10.015478969000000 53.518734821000002)","Unfall 95006 (2016) Kat:3, Licht: 0","95006","3","2","3","03","17","1","","0","0","1","0","0"
"POINT (10.036393691000001 53.597362349999997)","Unfall 95007 (2016) Kat:3, Licht: 0","95007","3","1","0","03","12","7","","0","0","0","0","1"
"POINT (9.855837889000000 53.473088644999997)","Unfall 95008 (2016) Kat:3, Licht: 0","95008","3","6","2","03","07","4","","0","0","1","0","0"
"POINT (9.922940235000000 53.432423081000003)","Unfall 95009 (2016) Kat:3, Licht: 1","95009","3","3","5","04","19","6","","1","0","1","0","0"
"POINT (10.254233750999999 53.419218125000000)","Unfall 95010 (2016) Kat:3, Licht: 2","95010","3","6","1","03","20","2","","2","0","1","0","0"
"POINT (10.127670002000000 53.602730387999998)","Unfall 95011 (2016) Kat:3, Licht: 0","95011","3","4","6","03","14","6","","0","0","1","1","0"
"POINT (10.076644817000000 53.660717169999998)","Unfall 95012 (2016) Kat:3, Licht: 2","95012","3","2","4","03","20","5","","2","1","1","0","0"
"POINT (10.125769818000000 53.669568826999999)","Unfall 95013 (2016) Kat:3, Licht: 0","95013","3","6","2","03","18","3","","0","0","1","0","0"
"POINT (10.055417397999999 53.570891189999998)","Unfall 95014 (2016) Kat:3, Licht: 0","95014","3","7","0","04","17","6","","0","0","1","0","0"
"POINT (10.040446763000000 53.641920605999999)","Unfall 95015 (2016) Kat:3, Licht: 1","95015","3","3","5","03","07","5","","1","1","1","0","0"
"POINT (9.948963693000000 53.618314984000001)","Unfall 95016 (2016) Kat:3, Licht: 0","95016","3","3","5","03","17","5","","0","1","1","0","0"
"POINT (10.053564575999999 53.584500171999998)","Unfall 95017 (2016) Kat:3, Licht: 1","95017","3","6","1","03","06","5","","1","0","1","0","0"
"POINT (10.026581888000001 53.527253223999999)","Unfall 95018 (2016) Kat:3, Licht: 0","95018","3","3","5","03","14","3","","0","1","1","0","0"
"POINT (10.094927845000001 53.686149471999997)","Unfall 95019 (2016) Kat:2, Licht: 2","95019","2","4","6","03","19","2","","2","0","1","1","0"
"POINT (10.074678395999999 53.612152453000000)","Unfall 95020 (2016) Kat:3, Licht: 2","95020","3","6","2","04","20","2","","2","0","1","0","0"
"POINT (10.024351564000000 53.527910091000003)","Unfall 95021 (2016) Kat:3, Licht: 1","95021","3","2","5","03","05","4","","1","1","1","0","0"
"POINT (10.080029456000000 53.556123765999999)","Unfall 95022 (2016) Kat:3, Licht: 0","95022","3","7","5","04","14","1","","0","1","1","0","0"
"POINT (10.065248973999999 53.578935282000003)","Unfall 95023 (2016) Kat:3, Licht: 0","95023","3","3","5","04","09","6","","0","1","1","0","0"
"POINT (10.124773065999999 53.571206164000003)","Unfall 95024 (2016) Kat:3, Licht: 0","95024","3","6","1","03","12","2","","0","0","1","0","0"
"POINT (10.012277005000000 53.625607008999999)","Unfall 95025 (2016) Kat:3, Licht: 0","95025","3","6","2","03","12","6","","0","0","1","0","0"
"POINT (9.864764385000001 53.573172321999998)","Unfall 95026 (2016) Kat:3, Licht: 2","95026","3","3","0","03","18","5","","2","0","1","0","0"
"POINT (10.024984829999999 53.601498274000001)","Unfall 95027 (2016) Kat:3, Licht: 0","95027","3","6","2","03","08","3","","0","0","1","0","0"
"POINT (9.974630763000000 53.610261455000000)","Unfall 95028 (2016) Kat:3, Licht: 0","95028","3","7","5","04","12","6","","0","0","1","0","0"
"POINT (10.171513101000000 53.588405072999997)","Unfall 95029 (2016) Kat:3, Licht: 0","95029","3","4","6","03","07","5","","0","0","1","1","0"
"POINT (9.970553834000000 53.640058203000002)","Unfall 95030 (2016) Kat:2, Licht: 0","95030","2","6","2","04","16","2","","0","0","1","0","0"
"POINT (9.988874508000000 53.557877482999999)","Unfall 95031 (2016) Kat:3, Licht: 0","95031","3","6","2","03","07","4","","0","0","1","0","0"
"POINT (10.207977875999999 53.484722941000001)","Unfall 95032 (2016) Kat:3, Licht: 0","95032","3","6","1","04","13","7","","0","0","1","0","0"
"POINT (10.084570462000000 53.611068213000003)","Unfall 95033 (2016) Kat:3, Licht: 0","95033","3","3","5","03","10","2","","0","1","1","0","0"
"POINT (10.205662305000001 53.501669210999999)","Unfall 95034 (2016) Kat:3, Licht: 0","95034","3","4","6","03","15","7","","0","0","1","1","0"
"POINT (9.894487345000000 53.608083813999997)","Unfall 95035 (2016) Kat:3, Licht: 0","95035","3","4","6","04","17","2","","0","0","1","1","0"
"POINT (10.065054744999999 53.655334646000000)","Unfall 95036 (2016) Kat:3, Licht: 0","95036","3","3","5","03","08","4","","0","1","1","0","0"
"POINT (9.965558871000001 53.564262222000004)","Unfall 95037 (2016) Kat:3, Licht: 0","95037","3","7","2","04","15","1","","0","0","0","0","1"
"POINT (10.101584151999999 53.541146195000003)","Unfall 95038 (2016) Kat:3, Licht: 0","95038","3","6","2","03","13","7","","0","0","1","0","0"
"POINT (10.106836394000000 53.653593047000001)","Unfall 95039 (2016) Kat:3, Licht: 0","95039","3","3","5","03","15","2","","0","0","1","0","0"
"POINT (9.896155020000000 53.560039836000001)","Unfall 95040 (2016) Kat:3, Licht: 0","95040","3","2","6","03","16","5","","0","0","1","1","0"
"POINT (10.031750886999999 53.538406645999999)","Unfall 95041 (2016) Kat:3, Licht: 2","95041","3","6","3","04","23","3","","2","0","1","0","0"
"POINT (9.931187298999999 53.614159975000000)","Unfall 95042 (2016) Kat:3, Licht: 0","95042","3","7","8","03","15","3","","0","0","1","0","0"
"POINT (9.980407981999999 53.551594987999998)","Unfall 95043 (2016) Kat:3, Licht: 0","95043","3","2","5","04","09","6","","0","1","1","0","0"
"POINT (9.971706647000000 53.566823775000003)","Unfall 95044 (2016) Kat:3, Licht: 0","95044","3","6","3","03","12","3","","0","0","1","0","0"
"POINT (10.044320638000000 53.592890771000000)","Unfall 95045 (2016) Kat:3, Licht: 0","95045","3","2","3","03","16","5","","0","1","1","0","0"
"POINT (9.972641878999999 53.545357617999997)","Unfall 95046 (2016) Kat:3, Licht: 0","95046","3","6","2","03","12","1","","0","0","1","0","0"
"POINT (10.062510381999999 53.560110735999999)","Unfall 95047 (2016) Kat:3, Licht: 2","95047","3","6","1","03","18","6","","2","0","1","0","0"
"POINT (9.988038915000001 53.558285112000000)","Unfall 95048 (2016) Kat:3, Licht: 0","95048","3","6","1","04","13","2","","0","0","1","0","0"
"POINT (10.068884386000001 53.634415689000001)","Unfall 95049 (2016) Kat:3, Licht: 2","95049","3","6","4","03","19","3","","2","1","1","0","0"
"POINT (10.041233652000001 53.579597299000000)","Unfall 95050 (2016) Kat:3, Licht: 0","95050","3","3","5","04","13","7","","0","1","1","0","0"
"POINT (10.081610531000001 53.642042066999998)","Unfall 95051 (2016) Kat:3, Licht: 0","95051","3","6","3","03","16","2","","0","0","1","0","0"
"POINT (10.108654323000000 53.563134290999997)","Unfall 95052 (2016) Kat:3, Licht: 0","95052","3","6","2","03","15","7","","0","0","1","0","0"
"POINT (9.953108288999999 53.549631116999997)","Unfall 95053 (2016) Kat:3, Licht: 0","95053","3","3","5","03","17","5","","0","0","1","0","0"
"POINT (9.918823991000000 53.573325605000001)","Unfall 95054 (2016) Kat:3, Licht: 0","95054","3","7","1","03","12","5","","0","0","1","0","0"
"POINT (10.029299515000000 53.606801189000002)","Unfall 95055 (2016) Kat:3, Licht: 0","95055","3","5","3","03","15","4","","0","0","1","0","0"
"POINT (10.003628807000000 53.618947552000002)","Unfall 95056 (2016) Kat:3, Licht: 1","95056","3","7","0","03","07","2","","1","0","0","0","1"
"POINT (9.816380981000000 53.562777758999999)","Unfall 95057 (2016) Kat:3, Licht: 0","95057","3","5","1","03","13","2","","0","1","1","0","0"
"POINT (9.964012269000000 53.551091749999998)","Unfall 95058 (2016) Kat:3, Licht: 0","95058","3","7","0","03","15","5","","0","0","1","0","0"
"POINT (9.948844625000000 53.589289268000002)","Unfall 95059 (2016) Kat:3, Licht: 0","95059","3","1","0","03","17","5","","0","0","0","0","1"
"POINT (10.082968879999999 53.575978822000003)","Unfall 95060 (2016) Kat:3, Licht: 0","95060","3","3","5","03","18","4","","0","1","1","0","0"
"POINT (10.045305830000000 53.589695968999997)","Unfall 95061 (2016) Kat:3, Licht: 0","95061","3","6","3","03","13","2","","0","0","1","0","0"
"POINT (10.099190268999999 53.643525744000002)","Unfall 95062 (2016) Kat:3, Licht: 0","95062","3","7","5","04","16","3","","0","0","1","0","0"
"POINT (10.081338637000000 53.618793486999998)","Unfall 95063 (2016) Kat:3, Licht: 1","95063","3","3","5","03","18","2","","1","0","1","0","1"
"POINT (9.997488536000001 53.570668181999999)","Unfall 95064 (2016) Kat:3, Licht: 0","95064","3","3","5","03","07","5","","0","1","1","0","0"
"POINT (10.111795983000000 53.552806854000004)","Unfall 95065 (2016) Kat:3, Licht: 0","95065","3","6","2","03","14","7","","0","0","1","0","0"
"POINT (9.975832386000000 53.506788383999996)","Unfall 95066 (2016) Kat:3, Licht: 0","95066","3","3","5","03","15","5","","0","1","1","0","0"
"POINT (10.070849611000000 53.574664462999998)","Unfall 95067 (2016) Kat:3, Licht: 1","95067","3","6","3","03","17","4","","1","0","1","0","0"
"POINT (9.957737485999999 53.582881606999997)","Unfall 95068 (2016) Kat:3, Licht: 0","95068","3","3","5","04","10","7","","0","0","1","0","0"
"POINT (9.957808055999999 53.612138866000002)","Unfall 95069 (2016) Kat:3, Licht: 0","95069","3","3","5","03","16","2","","0","0","1","0","1"
"POINT (10.004904504000001 53.551668522000000)","Unfall 95070 (2016) Kat:3, Licht: 0","95070","3","4","0","03","12","5","","0","0","0","1","0"
"POINT (9.947404764000000 53.599029293000001)","Unfall 95071 (2016) Kat:3, Licht: 0","95071","3","3","5","03","13","5","","0","1","0","0","0"
"POINT (9.960343498000000 53.563811291999997)","Unfall 95072 (2016) Kat:3, Licht: 0","95072","3","7","6","03","09","4","","0","1","0","1","0"
"POINT (9.906189935000000 53.607040302999998)","Unfall 95073 (2016) Kat:3, Licht: 2","95073","3","3","5","03","18","2","","2","0","1","0","0"
"POINT (9.917427042000000 53.481169227999999)","Unfall 95074 (2016) Kat:3, Licht: 1","95074","3","6","1","04","06","2","","1","0","1","0","0"
"POINT (10.047766956000000 53.558731070999997)","Unfall 95075 (2016) Kat:3, Licht: 0","95075","3","6","1","03","12","1","","0","0","1","0","0"
"POINT (9.929293424000001 53.567501931999999)","Unfall 95076 (2016) Kat:3, Licht: 2","95076","3","3","5","03","19","7","","2","0","1","0","0"
"POINT (9.983455754000000 53.460071124000002)","Unfall 95077 (2016) Kat:3, Licht: 0","95077","3","3","5","03","11","4","","0","1","1","0","0"
"POINT (10.045280121999999 53.509586026999997)","Unfall 95078 (2016) Kat:3, Licht: 0","95078","3","6","2","04","15","6","","0","0","1","0","0"
"POINT (9.953306480000000 53.581882200000003)","Unfall 95079 (2016) Kat:3, Licht: 2","95079","3","3","5","03","06","2","","2","1","1","0","0"
"POINT (9.777450948000000 53.580165006000001)","Unfall 95080 (2016) Kat:3, Licht: 0","95080","3","6","2","04","12","3","","0","0","1","0","0"
"POINT (9.924896586999999 53.550911423000002)","Unfall 95081 (2016) Kat:3, Licht: 0","95081","3","3","5","03","15","2","","0","1","1","0","0"
"POINT (10.043076103000001 53.607645970999997)","Unfall 95082 (2016) Kat:3, Licht: 0","95082","3","2","5","03","14","7","","0","0","1","0","1"
"POINT (9.892099492000000 53.546646813000002)","Unfall 95083 (2016) Kat:3, Licht: 0","95083","3","6","4","03","13","5","","0","0","1","0","0"
"POINT (9.974192985000000 53.545724532000001)","Unfall 95084 (2016) Kat:3, Licht: 2","95084","3","7","6","04","20","7","","2","0","1","1","0"
"POINT (9.967914854000000 53.458224342000001)","Unfall 95085 (2016) Kat:3, Licht: 0","95085","3","3","5","03","16","6","","0","0","1","0","0"
"POINT (9.981960581999999 53.452123755000002)","Unfall 95086 (2016) Kat:3, Licht: 0","95086","3","7","0","03","17","4","","0","1","0","1","0"
"POINT (10.098564719000001 53.542414182999998)","Unfall 95087 (2016) Kat:3, Licht: 0","95087","3","3","5","03","16","3","","0","1","1","0","0"
"POINT (10.075562003000000 53.613395623999999)","Unfall 95088 (2016) Kat:3, Licht: 0","95088","3","6","2","04","09","6","","0","0","1","0","0"
"POINT (9.981657890999999 53.596459959000001)","Unfall 95089 (2016) Kat:3, Licht: 0","95089","3","1","9","03","06","5","","0","0","1","0","0"
"POINT (10.120930720000000 53.643884962000001)","Unfall 95090 (2016) Kat:3, Licht: 0","95090","3","3","5","04","16","2","","0","0","1","0","0"
"POINT (10.032462261999999 53.538964151000002)","Unfall 95091 (2016) Kat:3, Licht: 0","95091","3","3","0","03","07","4","","0","1","1","0","0"
"POINT (9.994252004000000 53.602092599000002)","Unfall 95092 (2016) Kat:3, Licht: 0","95092","3","3","5","04","13","1","","0","1","1","0","0"
"POINT (10.072089309000001 53.583655264999997)","Unfall 95093 (2016) Kat:3, Licht: 2","95093","3","6","2","03","21","7","","2","0","1","0","0"
"POINT (10.081865940000000 53.576492426999998)","Unfall 95094 (2016) Kat:3, Licht: 0","95094","3","6","3","04","12","6","","0","0","1","0","1"
"POINT (9.948190169000000 53.588299976000002)","Unfall 95095 (2016) Kat:3, Licht: 2","95095","3","5","8","03","18","2","","2","0","1","0","0"
"POINT (10.004275639999999 53.551591316000000)","Unfall 95096 (2016) Kat:3, Licht: 0","95096","3","4","6","03","13","5","","0","1","0","1","0"
"POINT (10.076696691000000 53.613881481999996)","Unfall 95097 (2016) Kat:3, Licht: 0","95097","3","7","6","03","11","6","","0","0","1","1","0"
"POINT (10.004567723999999 53.542249990999998)","Unfall 95098 (2016) Kat:3, Licht: 0","95098","3","7","6","03","14","5","","0","0","1","1","0"
"POINT (10.128743425000000 53.697030380000001)","Unfall 95099 (2016) Kat:3, Licht: 0","95099","3","6","2","03","14","3","","0","0","1","0","0"
"POINT (9.880557418000000 53.549240296999997)","Unfall 95100 (2016) Kat:3, Licht: 0","95100","3","3","5","04","13","6","","0","0","1","0","0"
"POINT (10.004918330000001 53.551670182999999)","Unfall 95101 (2016) Kat:3, Licht: 0","95101","3","4","0","03","10","5","","0","0","0","1","0"
"POINT (10.109348819999999 53.539394772999998)","Unfall 95102 (2016) Kat:3, Licht: 0","95102","3","7","5","03","11","5","","0","0","1","0","0"
"POINT (9.812422047000000 53.563287651000003)","Unfall 95103 (2016) Kat:3, Licht: 0","95103","3","2","4","04","10","2","","0","0","1","0","0"
"POINT (10.021103961000000 53.584122790999999)","Unfall 95104 (2016) Kat:3, Licht: 0","95104","3","2","4","03","07","4","","0","0","1","0","1"
"POINT (10.014937126000000 53.554385263999997)","Unfall 95105 (2016) Kat:3, Licht: 0","95105","3","7","6","04","17","1","","0","0","1","1","0"
"POINT (9.932947040000000 53.553941569000003)","Unfall 95106 (2016) Kat:3, Licht: 0","95106","3","3","5","03","11","2","","0","1","0","0","0"
"POINT (9.919760853000000 53.598297107999997)","Unfall 95107 (2016) Kat:3, Licht: 0","95107","3","2","4","03","18","7","","0","0","1","0","0"
"POINT (9.926624537000000 53.523995042999999)","Unfall 95108 (2016) Kat:3, Licht: 0","95108","3","6","2","03","11","2","","0","0","0","0","0"
"POINT (10.208088270999999 53.481020033999997)","Unfall 95109 (2016) Kat:3, Licht: 0","95109","3","6","2","03","17","4","","0","0","1","0","0"
"POINT (10.162753069000001 53.636008310999998)","Unfall 95110 (2016) Kat:3, Licht: 0","95110","3","6","1","03","12","4","","0","0","1","0","0"
"POINT (9.927392436000000 53.560087047000003)","Unfall 95111 (2016) Kat:3, Licht: 0","95111","3","4","6","03","16","2","","0","0","1","1","0"
"POINT (10.126626913999999 53.582185406999997)","Unfall 95112 (2016) Kat:2, Licht: 2","95112","2","2","5","04","05","3","","2","0","1","0","1"
"POINT (9.983996557999999 53.614400344000003)","Unfall 95113 (2016) Kat:3, Licht: 0","95113","3","3","5","03","08","3","","0","1","1","0","0"
"POINT (9.874998325000000 53.477481109999999)","Unfall 95114 (2016) Kat:2, Licht: 0","95114","2","4","6","03","15","5","","0","0","0","1","0"
"POINT (10.005115127000000 53.557864090000002)","Unfall 95115 (2016) Kat:3, Licht: 1","95115","3","6","2","03","19","3","","1","0","1","0","0"
"POINT (9.951740485000000 53.566024556999999)","Unfall 95116 (2016) Kat:3, Licht: 0","95116","3","2","5","03","19","5","","0","1","1","0","0"
"POINT (9.974583586000000 53.462450406999999)","Unfall 95117 (2016) Kat:3, Licht: 0","95117","3","2","5","03","15","7","","0","1","1","0","0"
"POINT (10.026056233000000 53.622785735999997)","Unfall 95118 (2016) Kat:3, Licht: 2","95118","3","3","5","03","23","6","","2","0","1","0","0"
"POINT (10.058158118000000 53.576014385000001)","Unfall 95119 (2016) Kat:3, Licht: 0","95119","3","2","4","03","15","4","","0","1","1","0","0"
"POINT (9.996251319000001 53.430723974999999)","Unfall 95120 (2016) Kat:3, Licht: 0","95120","3","4","6","04","18","1","","0","0","1","1","0"
"POINT (9.826727583000000 53.565581246000001)","Unfall 95121 (2016) Kat:3, Licht: 0","95121","3","3","5","03","08","3","","0","0","1","0","0"
"POINT (9.907142136999999 53.606515520999999)","Unfall 95122 (2016) Kat:3, Licht: 0","95122","3","6","0","04","13","7","","0","0","1","0","0"
"POINT (10.207784240000001 53.480472900999999)","Unfall 95123 (2016) Kat:3, Licht: 0","95123","3","2","5","04","16","6","","0","0","1","0","0"
"POINT (10.100828796000000 53.535556743000001)","Unfall 95124 (2016) Kat:3, Licht: 0","95124","3","2","5","04","20","5","","0","0","1","0","1"
"POINT (9.991284383000000 53.560868499000001)","Unfall 95125 (2016) Kat:3, Licht: 2","95125","3","6","2","04","20","4","","2","0","1","0","1"
"POINT (9.999841741999999 53.557307416999997)","Unfall 95126 (2016) Kat:3, Licht: 0","95126","3","6","2","04","13","2","","0","0","1","0","0"
"POINT (9.978947697000001 53.579405580000000)","Unfall 95127 (2016) Kat:3, Licht: 0","95127","3","6","3","04","15","6","","0","1","0","0","0"
"POINT (9.849927251000000 53.473134745000003)","Unfall 95128 (2016) Kat:3, Licht: 0","95128","3","7","6","04","11","2","","0","0","1","1","0"
"POINT (9.941645550000001 53.577918812000000)","Unfall 95129 (2016) Kat:3, Licht: 2","95129","3","3","5","04","21","7","","2","1","1","0","0"
"POINT (10.074092582000000 53.568064589999999)","Unfall 95130 (2016) Kat:3, Licht: 0","95130","3","3","5","04","19","3","","0","1","1","0","0"
"POINT (10.025749882000000 53.600140676999999)","Unfall 95131 (2016) Kat:3, Licht: 0","95131","3","6","2","04","15","2","","0","0","1","0","1"
"POINT (9.866226178000000 53.578712011999997)","Unfall 95132 (2016) Kat:3, Licht: 0","95132","3","6","3","04","11","6","","0","0","1","0","0"
"POINT (9.853452946000001 53.583897647999997)","Unfall 95133 (2016) Kat:3, Licht: 0","95133","3","4","6","04","18","1","","0","0","0","1","0"
"POINT (10.094832972000001 53.639069210000002)","Unfall 95134 (2016) Kat:3, Licht: 0","95134","3","6","2","04","19","1","","0","0","1","0","0"
"POINT (9.996625029000001 53.560741583999999)","Unfall 95135 (2016) Kat:3, Licht: 0","95135","3","3","5","04","09","5","","0","1","0","0","0"
"POINT (9.929042605999999 53.601989637000003)","Unfall 95136 (2016) Kat:3, Licht: 0","95136","3","4","6","04","18","5","","0","0","1","1","0"
"POINT (9.917857568000001 53.568541050000000)","Unfall 95137 (2016) Kat:3, Licht: 0","95137","3","2","4","04","08","3","","0","1","1","0","0"
"POINT (9.936123403000000 53.555822511000002)","Unfall 95138 (2016) Kat:3, Licht: 0","95138","3","2","5","04","18","4","","0","1","0","0","1"
"POINT (9.984657614000000 53.583342043999998)","Unfall 95139 (2016) Kat:3, Licht: 0","95139","3","3","5","04","14","6","","0","0","1","0","0"
"POINT (9.983464425999999 53.460067879000000)","Unfall 95140 (2016) Kat:2, Licht: 0","95140","2","3","0","04","09","2","","0","0","1","0","0"
"POINT (10.043951603000000 53.591346567000002)","Unfall 95141 (2016) Kat:3, Licht: 0","95141","3","3","5","04","18","3","","0","1","1","0","0"
"POINT (9.889573714000001 53.601374536000002)","Unfall 95142 (2016) Kat:3, Licht: 0","95142","3","4","6","04","15","6","","0","0","1","1","0"
"POINT (10.016593545999999 53.523707987000002)","Unfall 95143 (2016) Kat:3, Licht: 0","95143","3","3","5","04","17","1","","0","0","1","0","0"
"POINT (9.950615750000001 53.636863562000002)","Unfall 95144 (2016) Kat:3, Licht: 0","95144","3","6","1","04","13","6","","0","0","1","0","0"
"POINT (10.012850642000000 53.642575462000003)","Unfall 95145 (2016) Kat:3, Licht: 0","95145","3","3","5","04","16","3","","0","1","1","0","0"
"POINT (9.887691367000000 53.598644202000003)","Unfall 95146 (2016) Kat:3, Licht: 1","95146","3","3","5","04","06","2","","1","1","1","0","0"
"POINT (9.963973083999999 53.580547459000002)","Unfall 95147 (2016) Kat:3, Licht: 0","95147","3","5","1","04","16","6","","0","1","0","0","0"
"POINT (9.962022396000000 53.628745401000003)","Unfall 95148 (2016) Kat:3, Licht: 0","95148","3","7","0","04","17","1","","0","1","0","0","0"
"POINT (10.077864513000000 53.641433513000003)","Unfall 95149 (2016) Kat:3, Licht: 0","95149","3","3","5","04","11","1","","0","0","1","0","0"
"POINT (9.988239373000001 53.517188191999999)","Unfall 95150 (2016) Kat:3, Licht: 0","95150","3","7","0","04","13","4","","0","1","1","0","0"
"POINT (10.126921425999999 53.599350389000001)","Unfall 95151 (2016) Kat:3, Licht: 0","95151","3","6","6","04","15","4","","0","0","0","1","0"
"POINT (9.963481529999999 53.516690869000001)","Unfall 95152 (2016) Kat:3, Licht: 0","95152","3","6","4","04","11","3","","0","0","0","0","0"
"POINT (9.962214576999999 53.564313964999997)","Unfall 95153 (2016) Kat:3, Licht: 0","95153","3","2","4","04","11","6","","0","1","1","0","0"
"POINT (10.011512691000000 53.521143866000003)","Unfall 95154 (2016) Kat:3, Licht: 0","95154","3","6","2","04","17","2","","0","0","1","0","0"