WKT,Name,OBJECTID,UKATEGORIE,UTYP1,UART,UMONAT,USTUNDE,UWOCHENTAG,STRZUSTAND,ULICHTVERH,ISTRAD,ISTPKW,ISTFUSS,ISTKRAD
"POINT (9.948182327000000 53.587856191000000)","Unfall 95155 (2016) Kat:3, Licht: 0","95155","3","2","2","04","15","6","","0","0","1","0","0"
"POINT (10.032971101999999 53.588052306999998)","Unfall 95156 (2016) Kat:3, Licht: 0","95156","3","2","3","04","19","1","","0","1","1","0","0"
"POINT (9.978525328000000 53.570943079999999)","Unfall 95157 (2016) Kat:3, Licht: 0","95157","3","7","3","04","12","7","","0","0","1","0","1"
"POINT (9.958226192000000 53.602104308000001)","Unfall 95158 (2016) Kat:3, Licht: 2","95158","3","7","0","04","05","1","","2","0","1","1","0"
"POINT (10.052730637000000 53.588403233999998)","Unfall 95159 (2016) Kat:3, Licht: 0","95159","3","7","3","04","12","4","","0","0","1","0","0"
"POINT (10.039275469000000 53.566320392999998)","Unfall 95160 (2016) Kat:3, Licht: 0","95160","3","6","2","04","16","2","","0","0","1","0","0"
"POINT (9.955265832000000 53.456857822000003)","Unfall 95161 (2016) Kat:3, Licht: 0","95161","3","2","3","04","15","5","","0","1","1","0","0"
"POINT (9.976489743000000 53.597928224999997)","Unfall 95162 (2016) Kat:3, Licht: 0","95162","3","2","5","04","16","7","","0","1","1","0","0"
"POINT (9.894981285000000 53.611215577000003)","Unfall 95163 (2016) Kat:3, Licht: 0","95163","3","2","2","04","17","4","","0","0","1","0","0"
"POINT (9.951967086000000 53.545713945000003)","Unfall 95164 (2016) Kat:3, Licht: 0","95164","3","4","6","04","15","1","","0","1","0","1","0"
"POINT (10.169242872000000 53.626814993000004)","Unfall 95165 (2016) Kat:3, Licht: 0","95165","3","5","1","04","07","4","","0","0","0","0","0"
"POINT (10.206737699000000 53.478243480000003)","Unfall 95166 (2016) Kat:3, Licht: 0","95166","3","2","1","04","12","5","","0","0","1","0","1"
"POINT (10.110501323999999 53.627536552999999)","Unfall 95167 (2016) Kat:3, Licht: 0","95167","3","6","5","04","14","4","","0","1","1","0","0"
"POINT (10.067752145000000 53.582338231999998)","Unfall 95168 (2016) Kat:3, Licht: 2","95168","3","2","4","04","00","1","","2","0","1","0","0"
"POINT (10.126100950000000 53.529874864000000)","Unfall 95169 (2016) Kat:3, Licht: 2","95169","3","4","6","04","22","5","","2","0","1","1","0"
"POINT (10.098522486000000 53.541367602999998)","Unfall 95170 (2016) Kat:3, Licht: 0","95170","3","5","1","04","15","2","","0","0","1","0","0"
"POINT (9.941769986000001 53.578048260000003)","Unfall 95171 (2016) Kat:3, Licht: 0","95171","3","7","6","04","07","6","","0","0","1","1","0"
"POINT (9.981675499000000 53.458378684000003)","Unfall 95172 (2016) Kat:3, Licht: 2","95172","3","1","8","04","22","7","","2","0","1","0","0"
"POINT (9.977229470999999 53.564239207000000)","Unfall 95173 (2016) Kat:3, Licht: 0","95173","3","2","5","04","14","1","","0","0","1","0","0"
"POINT (9.965541372000001 53.570871605999997)","Unfall 95174 (2016) Kat:3, Licht: 1","95174","3","6","2","04","19","4","","1","0","1","0","0"
"POINT (10.012384417000000 53.463251991000000)","Unfall 95175 (2016) Kat:2, Licht: 0","95175","2","6","1","04","19","6","","0","0","1","0","0"
"POINT (9.978688832000000 53.593280272999998)","Unfall 95176 (2016) Kat:3, Licht: 0","95176","3","4","6","04","06","6","","0","0","1","1","0"
"POINT (9.911164308000000 53.636439604000003)","Unfall 95177 (2016) Kat:3, Licht: 2","95177","3","3","5","04","23","4","","2","1","1","0","0"
"POINT (9.952120914000000 53.577356105000000)","Unfall 95178 (2016) Kat:3, Licht: 0","95178","3","7","5","04","18","2","","0","1","1","0","0"
"POINT (10.057510691999999 53.554865169000003)","Unfall 95179 (2016) Kat:3, Licht: 2","95179","3","2","2","04","21","5","","2","0","1","0","0"
"POINT (10.051366550999999 53.532491505000003)","Unfall 95180 (2016) Kat:3, Licht: 0","95180","3","3","5","04","08","2","","0","0","1","0","0"
"POINT (9.986998665000000 53.589705719000001)","Unfall 95181 (2016) Kat:3, Licht: 0","95181","3","7","7","04","15","7","","0","1","0","0","0"
"POINT (10.008684825000000 53.559176524999998)","Unfall 95182 (2016) Kat:2, Licht: 0","95182","2","6","4","04","17","4","","0","1","0","0","0"
"POINT (10.065446954000000 53.581852546000000)","Unfall 95183 (2016) Kat:3, Licht: 0","95183","3","7","0","04","14","2","","0","1","0","0","0"
"POINT (10.153229308000000 53.597362255999997)","Unfall 95184 (2016) Kat:3, Licht: 0","95184","3","6","3","04","10","2","","0","1","1","0","0"
"POINT (9.950592422000000 53.549297660999997)","Unfall 95185 (2016) Kat:3, Licht: 0","95185","3","7","3","04","13","6","","0","0","1","0","0"
"POINT (10.196623746000000 53.488908887999997)","Unfall 95186 (2016) Kat:3, Licht: 0","95186","3","3","5","04","17","2","","0","0","1","0","0"
"POINT (10.103141834000001 53.610375181999999)","Unfall 95187 (2016) Kat:3, Licht: 0","95187","3","3","1","04","12","2","","0","1","1","0","0"
"POINT (9.973170157000000 53.554388717000002)","Unfall 95188 (2016) Kat:3, Licht: 1","95188","3","7","6","04","19","1","","1","0","1","1","0"
"POINT (9.902199488000001 53.511768574999998)","Unfall 95189 (2016) Kat:3, Licht: 0","95189","3","6","2","04","16","3","","0","0","1","0","0"
"POINT (9.900398246000000 53.609500427000000)","Unfall 95190 (2016) Kat:2, Licht: 0","95190","2","2","5","04","07","5","","0","1","1","0","0"
"POINT (10.132342338000001 53.561955750000003)","Unfall 95191 (2016) Kat:3, Licht: 0","95191","3","3","0","04","17","6","","0","1","0","0","1"
"POINT (10.137185204000000 53.608043983999998)","Unfall 95192 (2016) Kat:3, Licht: 0","95192","3","6","2","04","13","5","","0","0","1","0","0"
"POINT (10.136153035000000 53.613090775000003)","Unfall 95193 (2016) Kat:3, Licht: 0","95193","3","3","5","04","18","3","","0","1","0","0","0"
"POINT (9.999715828999999 53.550899661999999)","Unfall 95194 (2016) Kat:3, Licht: 0","95194","3","4","0","04","16","4","","0","1","0","1","0"
"POINT (9.864014176000000 53.533996131999999)","Unfall 95195 (2016) Kat:3, Licht: 0","95195","3","6","2","04","14","1","","0","0","1","0","0"
"POINT (10.150897279000000 53.584141496999997)","Unfall 95196 (2016) Kat:3, Licht: 0","95196","3","6","3","04","10","5","","0","1","1","0","0"
"POINT (10.100414771000001 53.584692681999996)","Unfall 95197 (2016) Kat:3, Licht: 0","95197","3","2","3","04","13","2","","0","1","0","0","0"
"POINT (9.931823203000000 53.548721008000001)","Unfall 95198 (2016) Kat:3, Licht: 0","95198","3","3","5","04","08","7","","0","1","1","0","0"
"POINT (10.065267497000001 53.598001439999997)","Unfall 95199 (2016) Kat:3, Licht: 0","95199","3","2","5","04","19","3","","0","0","1","0","1"
"POINT (9.893418455999999 53.603537942000003)","Unfall 95200 (2016) Kat:3, Licht: 0","95200","3","6","2","04","12","2","","0","0","1","0","0"
"POINT (9.978808094000000 53.555065702999997)","Unfall 95201 (2016) Kat:2, Licht: 2","95201","2","4","6","04","22","6","","2","0","1","1","0"
"POINT (9.973422911000000 53.549780444000000)","Unfall 95202 (2016) Kat:3, Licht: 0","95202","3","3","5","04","16","1","","0","0","1","0","1"
"POINT (10.013211289999999 53.639855892999996)","Unfall 95203 (2016) Kat:3, Licht: 0","95203","3","2","5","04","12","1","","0","0","1","0","0"
"POINT (9.994420876000000 53.552056759999999)","Unfall 95204 (2016) Kat:2, Licht: 0","95204","2","4","6","04","17","5","","0","0","1","1","0"
"POINT (9.947122401000000 53.583590854999997)","Unfall 95205 (2016) Kat:3, Licht: 0","95205","3","2","5","04","17","5","","0","1","1","0","0"
"POINT (9.966087419000001 53.551040694999998)","Unfall 95206 (2016) Kat:3, Licht: 0","95206","3","2","5","04","19","3","","0","1","1","0","0"
"POINT (9.981239982000000 53.564777763999999)","Unfall 95207 (2016) Kat:3, Licht: 0","95207","3","7","6","04","15","4","","0","0","1","1","0"
"POINT (10.195817324000000 53.476307607000003)","Unfall 95208 (2016) Kat:3, Licht: 0","95208","3","1","0","04","06","7","","0","0","1","0","0"
"POINT (10.017128467999999 53.629317462000003)","Unfall 95209 (2016) Kat:3, Licht: 0","95209","3","3","5","04","13","1","","0","0","1","0","0"
"POINT (10.061343983000000 53.580984450000003)","Unfall 95210 (2016) Kat:3, Licht: 0","95210","3","6","1","04","08","3","","0","0","1","0","0"
"POINT (9.960470830000000 53.574253091999999)","Unfall 95211 (2016) Kat:3, Licht: 0","95211","3","7","0","04","14","5","","0","1","0","0","0"
"POINT (10.044194290000000 53.568005812000003)","Unfall 95212 (2016) Kat:3, Licht: 0","95212","3","3","5","04","16","6","","0","0","1","0","0"
"POINT (10.023226632000000 53.623177712000000)","Unfall 95213 (2016) Kat:3, Licht: 0","95213","3","3","0","04","07","5","","0","1","1","0","0"
"POINT (10.001889496000000 53.667866148999998)","Unfall 95214 (2016) Kat:3, Licht: 0","95214","3","6","1","04","12","3","","0","0","1","0","0"
"POINT (9.967038472000001 53.572541438000002)","Unfall 95215 (2016) Kat:3, Licht: 0","95215","3","6","3","04","09","4","","0","1","1","0","0"
"POINT (10.122213202999999 53.579006821000000)","Unfall 95216 (2016) Kat:3, Licht: 0","95216","3","3","5","04","17","5","","0","0","1","0","0"
"POINT (10.051780970999999 53.608496758000001)","Unfall 95217 (2016) Kat:3, Licht: 1","95217","3","2","3","04","07","2","","1","1","0","0","0"
"POINT (10.012219053999999 53.580743558999998)","Unfall 95218 (2016) Kat:3, Licht: 0","95218","3","5","1","04","13","3","","0","1","1","0","0"
"POINT (9.986503925999999 53.582595767999997)","Unfall 95219 (2016) Kat:2, Licht: 0","95219","2","7","6","04","08","2","","0","1","0","1","0"
"POINT (10.006704846000000 53.550217275000001)","Unfall 95220 (2016) Kat:3, Licht: 0","95220","3","3","5","04","11","6","","0","1","1","0","0"
"POINT (10.077377187000000 53.496923735999999)","Unfall 95221 (2016) Kat:3, Licht: 2","95221","3","6","5","04","01","7","","2","0","1","0","0"
"POINT (10.024777374999999 53.667246040999999)","Unfall 95222 (2016) Kat:3, Licht: 1","95222","3","3","5","04","20","1","","1","0","1","0","0"
"POINT (10.159378880000000 53.624761825000000)","Unfall 95223 (2016) Kat:3, Licht: 0","95223","3","3","5","04","09","4","","0","1","1","0","0"
"POINT (10.124543526000000 53.583923703000004)","Unfall 95224 (2016) Kat:3, Licht: 2","95224","3","3","5","04","20","4","","2","0","1","0","0"
"POINT (10.064491530000000 53.603651489000001)","Unfall 95225 (2016) Kat:3, Licht: 2","95225","3","5","1","04","03","1","","2","0","1","0","0"
"POINT (9.991250284000000 53.484662206000003)","Unfall 95226 (2016) Kat:3, Licht: 0","95226","3","5","1","04","17","2","","0","0","1","0","0"
"POINT (10.119929256000001 53.606280013000003)","Unfall 95227 (2016) Kat:3, Licht: 0","95227","3","2","5","04","12","5","","0","0","1","0","0"
"POINT (10.104667964000001 53.632973456999999)","Unfall 95228 (2016) Kat:3, Licht: 0","95228","3","3","5","04","08","2","","0","1","1","0","0"
"POINT (10.012987422000000 53.554324663999999)","Unfall 95229 (2016) Kat:3, Licht: 0","95229","3","4","6","04","17","3","","0","0","1","1","0"
"POINT (10.006071511000000 53.549850030999998)","Unfall 95230 (2016) Kat:2, Licht: 0","95230","2","7","0","04","09","6","","0","0","0","0","1"
"POINT (9.936099148000000 53.582343274000003)","Unfall 95231 (2016) Kat:3, Licht: 0","95231","3","7","1","04","11","1","","0","0","1","0","0"
"POINT (10.208735986000001 53.482281491999998)","Unfall 95232 (2016) Kat:3, Licht: 0","95232","3","3","5","04","12","7","","0","0","1","0","0"
"POINT (10.116721607000001 53.608063328000000)","Unfall 95233 (2016) Kat:3, Licht: 2","95233","3","4","6","04","21","5","","2","0","1","1","0"
"POINT (9.887387704000000 53.599380390999997)","Unfall 95234 (2016) Kat:3, Licht: 0","95234","3","7","4","04","07","3","","0","0","1","0","1"
"POINT (9.984409972000000 53.463250881000000)","Unfall 95235 (2016) Kat:3, Licht: 0","95235","3","3","5","04","16","6","","0","1","1","0","0"
"POINT (10.136264027999999 53.527430938999998)","Unfall 95236 (2016) Kat:2, Licht: 0","95236","2","5","1","04","07","1","","0","0","1","0","0"
"POINT (10.092898307000000 53.546639239999998)","Unfall 95237 (2016) Kat:2, Licht: 0","95237","2","2","5","04","19","5","","0","0","1","0","1"
"POINT (9.893611629000001 53.603597835000002)","Unfall 95238 (2016) Kat:3, Licht: 0","95238","3","6","1","04","18","7","","0","0","1","0","0"
"POINT (10.104545427000000 53.573099587999998)","Unfall 95239 (2016) Kat:3, Licht: 2","95239","3","7","5","04","20","7","","2","0","0","0","0"
"POINT (10.059743309000000 53.654784737999996)","Unfall 95240 (2016) Kat:3, Licht: 0","95240","3","7","1","04","16","4","","0","0","1","0","1"
"POINT (10.000856576000000 53.589468705000002)","Unfall 95241 (2016) Kat:3, Licht: 0","95241","3","3","5","04","15","2","","0","1","1","0","0"
"POINT (10.077999043000000 53.589741742999998)","Unfall 95242 (2016) Kat:3, Licht: 0","95242","3","2","3","04","17","5","","0","1","1","0","0"
"POINT (9.961311824999999 53.559483450000002)","Unfall 95243 (2016) Kat:3, Licht: 1","95243","3","1","0","04","20","7","","1","1","0","0","0"
"POINT (10.067388174000000 53.667761949000003)","Unfall 95244 (2016) Kat:3, Licht: 0","95244","3","6","1","04","17","4","","0","0","1","0","0"
"POINT (10.015575612999999 53.584517677000001)","Unfall 95245 (2016) Kat:3, Licht: 0","95245","3","3","5","04","16","3","","0","1","1","0","0"
"POINT (10.036833086000000 53.611908571999997)","Unfall 95246 (2016) Kat:2, Licht: 0","95246","2","4","6","04","13","5","","0","0","1","1","0"
"POINT (10.145069616000001 53.668960601999999)","Unfall 95247 (2016) Kat:3, Licht: 0","95247","3","3","5","04","12","2","","0","0","1","0","1"
"POINT (10.038061359000000 53.609389737000001)","Unfall 95248 (2016) Kat:3, Licht: 0","95248","3","6","2","04","17","7","","0","0","1","0","0"
"POINT (10.134744644000000 53.606379136999998)","Unfall 95249 (2016) Kat:3, Licht: 0","95249","3","3","5","04","13","7","","0","1","1","0","0"
"POINT (9.975307660000000 53.560419441999997)","Unfall 95250 (2016) Kat:3, Licht: 0","95250","3","2","5","04","18","4","","0","1","1","0","0"
"POINT (9.993718157000000 53.500112262000002)","Unfall 95251 (2016) Kat:3, Licht: 0","95251","3","6","2","04","17","6","","0","0","1","0","0"
"POINT (10.187963938999999 53.490451309999997)","Unfall 95252 (2016) Kat:3, Licht: 0","95252","3","3","5","04","11","5","","0","1","1","0","0"
"POINT (9.938524867000000 53.552185258000002)","Unfall 95253 (2016) Kat:3, Licht: 0","95253","3","6","4","04","14","4","","0","0","0","0","0"
"POINT (9.960573540000000 53.569404679999998)","Unfall 95254 (2016) Kat:2, Licht: 0","95254","2","6","3","04","07","2","","0","0","1","0","1"
"POINT (10.071385164000001 53.597855660999997)","Unfall 95255 (2016) Kat:3, Licht: 1","95255","3","7","0","04","19","5","","1","1","0","0","0"
"POINT (9.913169034999999 53.601989177999997)","Unfall 95256 (2016) Kat:3, Licht: 0","95256","3","7","6","04","10","4","","0","0","1","1","0"
"POINT (9.960805857000000 53.549652449000000)","Unfall 95257 (2016) Kat:3, Licht: 2","95257","3","5","6","04","02","7","","2","0","1","1","0"
"POINT (10.091854690000000 53.615942392000001)","Unfall 95258 (2016) Kat:3, Licht: 0","95258","3","7","0","04","14","7","","0","1","0","0","0"
"POINT (9.866801598000000 53.581301818000000)","Unfall 95259 (2016) Kat:3, Licht: 0","95259","3","2","1","04","08","4","","0","0","1","0","0"
"POINT (10.017827985000000 53.569122454999999)","Unfall 95260 (2016) Kat:2, Licht: 0","95260","2","3","4","04","15","2","","0","1","1","0","0"
"POINT (10.012019674999999 53.667581996999999)","Unfall 95261 (2016) Kat:3, Licht: 0","95261","3","3","5","04","08","5","","0","1","1","0","0"
"POINT (9.956621623000000 53.459030660000003)","Unfall 95262 (2016) Kat:3, Licht: 0","95262","3","6","1","04","13","6","","0","0","1","0","0"
"POINT (9.965240836000000 53.561496796000000)","Unfall 95263 (2016) Kat:2, Licht: 0","95263","2","4","0","04","09","4","","0","1","0","1","0"
"POINT (10.127323880000000 53.538868029000000)","Unfall 95264 (2016) Kat:3, Licht: 0","95264","3","2","6","04","15","2","","0","0","1","1","0"
"POINT (10.042708709999999 53.589433284000002)","Unfall 95265 (2016) Kat:3, Licht: 0","95265","3","6","2","04","17","2","","0","0","1","0","0"
"POINT (10.044296028000000 53.539916933999997)","Unfall 95266 (2016) Kat:3, Licht: 0","95266","3","2","5","04","17","5","","0","0","1","0","0"
"POINT (10.019833213000000 53.649315690000002)","Unfall 95267 (2016) Kat:3, Licht: 0","95267","3","7","6","04","12","7","","0","1","0","1","0"
"POINT (10.043907575000000 53.594845327999998)","Unfall 95268 (2016) Kat:3, Licht: 0","95268","3","6","2","04","12","1","","0","0","1","0","0"
"POINT (9.993148706000000 53.514167772000000)","Unfall 95269 (2016) Kat:2, Licht: 0","95269","2","4","6","04","17","3","","0","0","1","1","0"
"POINT (9.953045203000000 53.619278907000002)","Unfall 95270 (2016) Kat:3, Licht: 0","95270","3","7","0","04","17","5","","0","0","0","0","0"
"POINT (10.079673451000000 53.612610519000000)","Unfall 95271 (2016) Kat:3, Licht: 0","95271","3","7","1","04","16","6","","0","0","1","0","0"
"POINT (10.044040056000000 53.654011240999999)","Unfall 95272 (2016) Kat:3, Licht: 0","95272","3","2","5","04","07","5","","0","0","1","0","1"
"POINT (10.156278764000000 53.602949174000003)","Unfall 95273 (2016) Kat:3, Licht: 0","95273","3","2","5","04","07","3","","0","1","1","0","0"
"POINT (9.962681998000001 53.555636429000003)","Unfall 95274 (2016) Kat:3, Licht: 0","95274","3","5","3","04","16","4","","0","1","1","0","0"
"POINT (10.105311143000000 53.545442370000004)","Unfall 95275 (2016) Kat:3, Licht: 0","95275","3","6","2","04","16","3","","0","0","1","0","0"
"POINT (9.981914636999999 53.427577202999998)","Unfall 95276 (2016) Kat:3, Licht: 0","95276","3","2","2","04","09","1","","0","0","1","0","0"
"POINT (10.024988763000000 53.603405727999998)","Unfall 95277 (2016) Kat:2, Licht: 0","95277","2","7","6","04","08","5","","0","0","1","1","0"
"POINT (9.923199255000000 53.570932632000002)","Unfall 95278 (2016) Kat:3, Licht: 0","95278","3","2","2","04","08","2","","0","0","1","0","0"
"POINT (10.187663101000000 53.454595783999999)","Unfall 95279 (2016) Kat:3, Licht: 1","95279","3","1","9","04","19","6","","1","0","1","0","0"
"POINT (10.107207040000000 53.653648992999997)","Unfall 95280 (2016) Kat:2, Licht: 2","95280","2","2","5","04","21","3","","2","1","1","0","0"
"POINT (9.797952585000001 53.561784219000003)","Unfall 95281 (2016) Kat:3, Licht: 0","95281","3","7","1","04","10","2","","0","0","0","0","0"
"POINT (9.918254403000001 53.571113488000002)","Unfall 95282 (2016) Kat:3, Licht: 0","95282","3","6","2","04","18","2","","0","0","1","0","1"
"POINT (10.178333694000001 53.484304514999998)","Unfall 95283 (2016) Kat:3, Licht: 0","95283","3","3","6","04","12","6","","0","1","0","1","0"
"POINT (10.122819936000001 53.567552562000003)","Unfall 95284 (2016) Kat:3, Licht: 0","95284","3","3","5","04","12","3","","0","0","1","0","0"
"POINT (10.156948808999999 53.659986531000001)","Unfall 95285 (2016) Kat:3, Licht: 0","95285","3","6","2","04","10","2","","0","0","1","0","0"
"POINT (10.055242023000000 53.536750495000000)","Unfall 95286 (2016) Kat:3, Licht: 0","95286","3","3","5","04","10","5","","0","0","1","0","0"
"POINT (10.011623092000001 53.623961545000000)","Unfall 95287 (2016) Kat:3, Licht: 1","95287","3","6","3","04","04","7","","1","0","1","0","1"
"POINT (10.044620931000001 53.567301073000003)","Unfall 95288 (2016) Kat:3, Licht: 2","95288","3","4","6","04","00","1","","2","0","1","1","0"
"POINT (9.986121671999999 53.578209815999998)","Unfall 95289 (2016) Kat:2, Licht: 0","95289","2","2","2","04","19","5","","0","0","1","0","1"
"POINT (10.017256204000001 53.561698055999997)","Unfall 95290 (2016) Kat:3, Licht: 0","95290","3","6","2","04","09","5","","0","0","1","0","0"
"POINT (10.035097792000000 53.575242637999999)","Unfall 95291 (2016) Kat:3, Licht: 0","95291","3","3","5","04","11","3","","0","0","1","0","0"
"POINT (10.008894658999999 53.552151961000000)","Unfall 95292 (2016) Kat:3, Licht: 0","95292","3","7","5","04","16","4","","0","0","1","0","0"
"POINT (10.017189900000000 53.600252023000003)","Unfall 95293 (2016) Kat:3, Licht: 0","95293","3","6","2","04","17","5","","0","0","1","0","0"
"POINT (9.882392036000001 53.593035376000003)","Unfall 95294 (2016) Kat:3, Licht: 0","95294","3","2","3","04","08","2","","0","1","1","0","0"
"POINT (10.042993925999999 53.597058689000001)","Unfall 95295 (2016) Kat:3, Licht: 0","95295","3","3","0","04","15","3","","0","1","0","0","0"
"POINT (9.981754962000000 53.554407028999996)","Unfall 95296 (2016) Kat:3, Licht: 0","95296","3","6","1","04","15","2","","0","1","1","0","0"
"POINT (10.166486604999999 53.605840352000001)","Unfall 95297 (2016) Kat:3, Licht: 0","95297","3","2","5","04","09","5","","0","1","1","0","0"
"POINT (9.820107229000000 53.562681998999999)","Unfall 95298 (2016) Kat:3, Licht: 0","95298","3","4","6","04","07","7","","0","0","1","1","0"
"POINT (10.124760351999999 53.571186781999998)","Unfall 95299 (2016) Kat:3, Licht: 0","95299","3","6","2","04","11","4","","0","0","1","0","0"
"POINT (10.102875463000000 53.578708575999997)","Unfall 95300 (2016) Kat:3, Licht: 0","95300","3","7","2","04","15","5","","0","0","1","0","0"
"POINT (9.876752493000000 53.602612082000000)","Unfall 95301 (2016) Kat:3, Licht: 2","95301","3","7","0","04","04","7","","2","0","0","0","1"
"POINT (9.981073995999999 53.460605245000004)","Unfall 95302 (2016) Kat:3, Licht: 0","95302","3","6","3","04","17","7","","0","0","1","0","0"
"POINT (9.978653660999999 53.527738130000003)","Unfall 95303 (2016) Kat:3, Licht: 1","95303","3","6","6","04","05","5","","1","0","1","0","0"
"POINT (10.162495011000001 53.605114804999999)","Unfall 95304 (2016) Kat:3, Licht: 1","95304","3","6","1","04","18","4","","1","0","1","0","0"
"POINT (9.984536723000000 53.548274053000000)","Unfall 95305 (2016) Kat:3, Licht: 0","95305","3","3","5","04","14","3","","0","1","1","0","0"
"POINT (10.023914030000000 53.576260410000003)","Unfall 95306 (2016) Kat:3, Licht: 0","95306","3","6","2","04","17","5","","0","0","1","0","0"
"POINT (9.962340002000000 53.604643791000001)","Unfall 95307 (2016) Kat:3, Licht: 0","95307","3","5","1","04","19","2","","0","1","1","0","0"
"POINT (10.103333900000001 53.577002268999998)","Unfall 95308 (2016) Kat:3, Licht: 0","95308","3","6","3","04","12","5","","0","0","1","0","0"
"POINT (10.103785453000000 53.701925780000003)","Unfall 95309 (2016) Kat:3, Licht: 0","95309","3","3","5","04","10","1","","0","1","1","0","0"
"POINT (9.992762179000000 53.566605396000000)","Unfall 95310 (2016) Kat:3, Licht: 0","95310","3","3","5","04","18","7","","0","0","1","0","0"
"POINT (9.924881361000001 53.557672492000002)","Unfall 95311 (2016) Kat:3, Licht: 0","95311","3","7","5","04","09","7","","0","1","0","0","0"
"POINT (10.036263688000000 53.648811166999998)","Unfall 95312 (2016) Kat:3, Licht: 0","95312","3","7","8","04","12","4","","0","0","1","0","0"
"POINT (9.994111930000001 53.601760227000000)","Unfall 95313 (2016) Kat:3, Licht: 1","95313","3","3","5","04","06","2","","1","1","1","0","0"
"POINT (9.853408611000001 53.579635826000001)","Unfall 95314 (2016) Kat:3, Licht: 0","95314","3","3","5","04","17","5","","0","1","1","0","0"
"POINT (10.126491650000000 53.586733088000003)","Unfall 95315 (2016) Kat:3, Licht: 0","95315","3","6","1","04","13","6","","0","0","1","0","0"
"POINT (10.001905287000000 53.667948308000000)","Unfall 95316 (2016) Kat:2, Licht: 0","95316","2","2","6","04","11","4","","0","0","1","1","0"
"POINT (10.031714727000001 53.566332221000003)","Unfall 95317 (2016) Kat:3, Licht: 0","95317","3","1","0","04","07","3","","0","0","0","0","1"
"POINT (9.932804439000000 53.552242382000003)","Unfall 95318 (2016) Kat:3, Licht: 0","95318","3","7","6","04","13","2","","0","1","0","1","0"
"POINT (10.033960729000000 53.607498681999999)","Unfall 95319 (2016) Kat:2, Licht: 0","95319","2","2","3","04","13","4","","0","1","0","0","0"
"POINT (9.918011140000001 53.567736582999999)","Unfall 95320 (2016) Kat:3, Licht: 0","95320","3","3","5","04","07","5","","0","1","0","0","0"
"POINT (9.955414441000000 53.552449598000003)","Unfall 95321 (2016) Kat:3, Licht: 0","95321","3","7","3","04","09","2","","0","0","1","0","1"
"POINT (10.154307015000001 53.604314922999997)","Unfall 95322 (2016) Kat:3, Licht: 0","95322","3","7","6","04","12","5","","0","0","0","1","0"
"POINT (9.979754936000001 53.565602949999999)","Unfall 95323 (2016) Kat:3, Licht: 0","95323","3","7","6","04","10","1","","0","0","1","1","0"
"POINT (9.980442819000000 53.564182473000002)","Unfall 95324 (2016) Kat:3, Licht: 2","95324","3","1","9","04","23","7","","2","0","1","0","0"
"POINT (9.918329784000001 53.556913045999998)","Unfall 95325 (2016) Kat:3, Licht: 0","95325","3","1","0","04","16","4","","0","0","0","0","1"
"POINT (9.822473863000001 53.512787281999998)","Unfall 95326 (2016) Kat:3, Licht: 0","95326","3","6","3","04","07","6","","0","0","1","0","0"
"POINT (9.991049449000000 53.580505989999999)","Unfall 95327 (2016) Kat:2, Licht: 0","95327","2","3","5","04","18","7","","0","0","1","0","1"
"POINT (9.961911343000001 53.628357362999999)","Unfall 95328 (2016) Kat:3, Licht: 0","95328","3","6","1","04","15","6","","0","0","1","0","0"
"POINT (9.847930441000001 53.553259386000001)","Unfall 95329 (2016) Kat:3, Licht: 0","95329","3","6","2","04","07","4","","0","1","1","0","0"
"POINT (9.870310289000001 53.593382966999997)","Unfall 95330 (2016) Kat:2, Licht: 0","95330","2","4","6","04","07","2","","0","0","1","1","0"
"POINT (9.928096506999999 53.560343644000000)","Unfall 95331 (2016) Kat:3, Licht: 0","95331","3","2","5","04","14","5","","0","1","1","0","0"
"POINT (9.935419422000001 53.555679922000003)","Unfall 95332 (2016) Kat:3, Licht: 0","95332","3","6","3","04","09","2","","0","1","1","0","0"
"POINT (10.117138453000001 53.607222686999997)","Unfall 95333 (2016) Kat:3, Licht: 0","95333","3","6","2","04","13","6","","0","0","1","0","0"
"POINT (9.987728890000000 53.541407739000000)","Unfall 95334 (2016) Kat:3, Licht: 0","95334","3","7","6","04","13","4","","0","0","1","1","0"
"POINT (10.018421572999999 53.549809410999998)","Unfall 95335 (2016) Kat:3, Licht: 0","95335","3","1","0","04","15","2","","0","0","0","0","1"
"POINT (9.922007424000000 53.546166053999997)","Unfall 95336 (2016) Kat:3, Licht: 0","95336","3","2","3","04","08","2","","0","0","0","0","1"
"POINT (10.082402330000001 53.618503640999997)","Unfall 95337 (2016) Kat:2, Licht: 0","95337","2","4","6","04","08","5","","0","0","1","1","0"
"POINT (9.963688706999999 53.559801127000000)","Unfall 95338 (2016) Kat:3, Licht: 1","95338","3","2","0","04","18","7","","1","0","1","0","1"
"POINT (10.004080479000001 53.507462085000000)","Unfall 95339 (2016) Kat:3, Licht: 0","95339","3","1","1","04","15","7","","0","0","1","0","0"
"POINT (10.167243594000000 53.605814142000000)","Unfall 95340 (2016) Kat:3, Licht: 0","95340","3","2","3","04","14","3","","0","1","1","0","0"
"POINT (9.993488623999999 53.585631939999999)","Unfall 95341 (2016) Kat:3, Licht: 0","95341","3","2","0","04","09","5","","0","1","1","0","0"
"POINT (10.017806353999999 53.564319140999999)","Unfall 95342 (2016) Kat:3, Licht: 0","95342","3","6","4","04","17","6","","0","1","0","0","0"
"POINT (9.993873499999999 53.599954509000000)","Unfall 95343 (2016) Kat:3, Licht: 0","95343","3","6","3","04","13","7","","0","0","1","0","1"