WKT,Name,OBJECTID,UKATEGORIE,UTYP1,UART,UMONAT,USTUNDE,UWOCHENTAG,STRZUSTAND,ULICHTVERH,ISTRAD,ISTPKW,ISTFUSS,ISTKRAD
"POINT (9.965018467000000 53.549724458000000)","Unfall 95344 (2016) Kat:2, Licht: 2","95344","2","4","6","04","03","7","","2","0","1","1","0"
"POINT (10.017454749000001 53.527984228999998)","Unfall 95345 (2016) Kat:3, Licht: 0","95345","3","6","2","04","16","4","","0","0","1","0","0"
"POINT (10.119463038999999 53.562038747999999)","Unfall 95346 (2016) Kat:3, Licht: 0","95346","3","3","0","04","12","6","","0","0","1","0","1"
"POINT (10.082536433000000 53.534891055000003)","Unfall 95347 (2016) Kat:2, Licht: 0","95347","2","3","5","04","13","5","","0","0","1","0","0"
"POINT (10.028073021999999 53.544638652000003)","Unfall 95348 (2016) Kat:3, Licht: 0","95348","3","3","5","04","11","3","","0","0","1","0","1"
"POINT (9.969251144999999 53.550055770999997)","Unfall 95349 (2016) Kat:3, Licht: 2","95349","3","2","5","04","23","4","","2","1","1","0","0"
"POINT (10.017667976000000 53.554465248000000)","Unfall 95350 (2016) Kat:3, Licht: 0","95350","3","7","1","04","07","2","","0","0","1","0","1"
"POINT (9.972765572000000 53.610046433000001)","Unfall 95351 (2016) Kat:3, Licht: 0","95351","3","3","5","04","16","5","","0","1","1","0","0"
"POINT (9.975458676000001 53.565713887999998)","Unfall 95352 (2016) Kat:2, Licht: 0","95352","2","2","6","04","11","2","","0","0","1","1","0"
"POINT (10.079552171000000 53.572792266000000)","Unfall 95353 (2016) Kat:3, Licht: 0","95353","3","3","5","04","07","6","","0","1","1","0","0"
"POINT (10.066852575000000 53.572032868999997)","Unfall 95354 (2016) Kat:3, Licht: 0","95354","3","6","2","04","17","3","","0","0","1","0","0"
"POINT (10.007352821000000 53.599527883000000)","Unfall 95355 (2016) Kat:3, Licht: 0","95355","3","6","3","04","15","2","","0","0","1","0","0"
"POINT (10.022507095000000 53.629745634000002)","Unfall 95356 (2016) Kat:3, Licht: 0","95356","3","6","3","04","14","5","","0","0","1","0","1"
"POINT (10.016150275999999 53.555686917000003)","Unfall 95357 (2016) Kat:3, Licht: 0","95357","3","6","2","04","13","7","","0","0","1","0","0"
"POINT (10.179037562000000 53.485431552999998)","Unfall 95358 (2016) Kat:2, Licht: 1","95358","2","7","6","04","19","7","","1","0","1","1","0"
"POINT (9.985305154000001 53.578786461999997)","Unfall 95359 (2016) Kat:3, Licht: 0","95359","3","6","2","04","14","5","","0","1","1","0","0"
"POINT (9.932870306000000 53.594387009000002)","Unfall 95360 (2016) Kat:3, Licht: 2","95360","3","3","5","04","21","5","","2","1","1","0","0"
"POINT (9.930758524000000 53.547821714999998)","Unfall 95361 (2016) Kat:3, Licht: 0","95361","3","6","3","04","09","3","","0","1","1","0","0"
"POINT (10.023359958000000 53.529431340999999)","Unfall 95362 (2016) Kat:3, Licht: 0","95362","3","7","5","04","12","3","","0","0","1","0","0"
"POINT (9.986776429000001 53.594742502000003)","Unfall 95363 (2016) Kat:3, Licht: 0","95363","3","6","2","04","07","5","","0","0","1","0","0"
"POINT (10.089605527000000 53.553903525999999)","Unfall 95364 (2016) Kat:3, Licht: 1","95364","3","6","2","04","20","1","","1","0","1","0","0"
"POINT (9.840428881999999 53.576925168000002)","Unfall 95365 (2016) Kat:3, Licht: 0","95365","3","2","3","04","15","3","","0","1","0","0","0"
"POINT (10.023765729999999 53.664770795999999)","Unfall 95366 (2016) Kat:3, Licht: 0","95366","3","6","2","04","14","5","","0","0","1","0","0"
"POINT (10.119556767000001 53.664176535999999)","Unfall 95367 (2016) Kat:3, Licht: 0","95367","3","6","2","04","08","5","","0","0","1","0","0"
"POINT (10.107159802000000 53.653641673000003)","Unfall 95368 (2016) Kat:3, Licht: 2","95368","3","3","5","04","23","3","","2","0","1","0","0"
"POINT (10.007905063000001 53.490423509000003)","Unfall 95369 (2016) Kat:3, Licht: 0","95369","3","6","4","04","10","3","","0","0","1","0","0"
"POINT (9.963017990999999 53.560781073999998)","Unfall 95370 (2016) Kat:3, Licht: 0","95370","3","7","6","04","09","5","","0","1","0","1","0"
"POINT (10.144798627000000 53.530891635000003)","Unfall 95371 (2016) Kat:3, Licht: 0","95371","3","3","5","04","17","1","","0","1","1","0","0"
"POINT (10.067288628000000 53.583164064999998)","Unfall 95372 (2016) Kat:3, Licht: 0","95372","3","6","2","04","13","6","","0","0","1","0","0"
"POINT (10.030009640999999 53.600058097999998)","Unfall 95373 (2016) Kat:3, Licht: 0","95373","3","6","1","04","14","3","","0","0","1","0","0"
"POINT (9.930735811000000 53.556832909000001)","Unfall 95374 (2016) Kat:3, Licht: 0","95374","3","6","2","04","17","2","","0","0","1","0","1"
"POINT (10.017880126000000 53.600269535000002)","Unfall 95375 (2016) Kat:3, Licht: 0","95375","3","1","8","04","17","5","","0","0","1","0","0"
"POINT (9.988767935000000 53.440957107000003)","Unfall 95376 (2016) Kat:2, Licht: 0","95376","2","6","1","04","17","6","","0","0","1","0","0"
"POINT (10.149196914999999 53.524422311999999)","Unfall 95377 (2016) Kat:3, Licht: 0","95377","3","3","0","04","07","7","","0","0","1","0","1"
"POINT (10.115896610000000 53.571024694999998)","Unfall 95378 (2016) Kat:3, Licht: 0","95378","3","4","6","04","16","4","","0","0","1","1","0"
"POINT (10.116756103000000 53.607962336999996)","Unfall 95379 (2016) Kat:3, Licht: 0","95379","3","3","5","04","07","4","","0","0","1","0","0"
"POINT (9.989467506000000 53.456167632000003)","Unfall 95380 (2016) Kat:3, Licht: 0","95380","3","4","6","04","15","2","","0","0","0","1","0"
"POINT (9.868428920000000 53.476203448000000)","Unfall 95381 (2016) Kat:3, Licht: 0","95381","3","3","5","04","12","4","","0","1","1","0","0"
"POINT (10.032933033000001 53.554668259000003)","Unfall 95382 (2016) Kat:3, Licht: 0","95382","3","6","2","04","17","1","","0","0","1","0","0"
"POINT (9.954526175000000 53.619825659999997)","Unfall 95383 (2016) Kat:2, Licht: 0","95383","2","7","9","04","17","5","","0","1","0","0","0"
"POINT (10.016916477000001 53.600424007999997)","Unfall 95384 (2016) Kat:3, Licht: 0","95384","3","7","0","04","12","1","","0","0","1","1","0"
"POINT (9.958171972000001 53.441729633999998)","Unfall 95385 (2016) Kat:3, Licht: 0","95385","3","3","5","04","07","6","","0","0","1","0","0"
"POINT (10.052421843999999 53.585634753000001)","Unfall 95386 (2016) Kat:3, Licht: 0","95386","3","7","2","04","07","4","","0","1","0","0","0"
"POINT (9.965893433000000 53.562167588999998)","Unfall 95387 (2016) Kat:3, Licht: 1","95387","3","6","1","04","05","7","","1","0","1","0","0"
"POINT (10.082878895000000 53.548362654999998)","Unfall 95388 (2016) Kat:3, Licht: 0","95388","3","6","3","04","09","6","","0","0","1","0","0"
"POINT (10.179880444000000 53.496275548000000)","Unfall 95389 (2016) Kat:3, Licht: 1","95389","3","1","0","04","20","1","","1","0","0","0","1"
"POINT (9.982427118000000 53.547342241000003)","Unfall 95390 (2016) Kat:3, Licht: 0","95390","3","6","5","04","18","5","","0","1","0","0","0"
"POINT (10.055654716999999 53.560936834000003)","Unfall 95391 (2016) Kat:3, Licht: 0","95391","3","6","1","04","12","6","","0","0","1","0","0"
"POINT (10.067881464999999 53.559556241000003)","Unfall 95392 (2016) Kat:3, Licht: 0","95392","3","6","3","04","13","7","","0","0","1","0","0"
"POINT (10.076283526999999 53.614790206000002)","Unfall 95393 (2016) Kat:3, Licht: 1","95393","3","4","6","04","20","4","","1","0","1","1","0"
"POINT (10.107937515000000 53.653707230999999)","Unfall 95394 (2016) Kat:3, Licht: 0","95394","3","3","5","04","07","2","","0","1","1","0","0"
"POINT (9.877495439000001 53.502099651999998)","Unfall 95395 (2016) Kat:3, Licht: 2","95395","3","2","4","04","05","4","","2","0","1","0","0"
"POINT (10.067516732000000 53.667699157999998)","Unfall 95396 (2016) Kat:3, Licht: 0","95396","3","6","1","04","17","4","","0","0","1","0","0"
"POINT (10.012838345000000 53.627000952000003)","Unfall 95397 (2016) Kat:3, Licht: 0","95397","3","6","1","04","08","3","","0","0","1","0","0"
"POINT (10.097024032000000 53.556553817000001)","Unfall 95398 (2016) Kat:3, Licht: 0","95398","3","2","6","04","15","4","","0","0","1","1","0"
"POINT (10.151309625000000 53.600408330999997)","Unfall 95399 (2016) Kat:2, Licht: 0","95399","2","1","0","04","16","1","","0","0","0","0","1"
"POINT (10.000744100000000 53.555541230999999)","Unfall 95400 (2016) Kat:3, Licht: 0","95400","3","3","5","04","12","5","","0","0","1","0","0"
"POINT (10.053143471000000 53.561041766000002)","Unfall 95401 (2016) Kat:3, Licht: 0","95401","3","6","1","04","19","7","","0","0","1","0","0"
"POINT (10.124375156999999 53.587859332000001)","Unfall 95402 (2016) Kat:3, Licht: 2","95402","3","6","2","04","20","6","","2","0","1","0","0"
"POINT (9.967543734000000 53.550048568000001)","Unfall 95403 (2016) Kat:3, Licht: 0","95403","3","6","3","04","11","4","","0","1","0","0","0"
"POINT (9.922349063000000 53.450923398999997)","Unfall 95404 (2016) Kat:2, Licht: 0","95404","2","2","5","04","13","6","","0","0","1","0","1"
"POINT (10.007843231000001 53.558810510000001)","Unfall 95405 (2016) Kat:2, Licht: 2","95405","2","6","3","04","22","6","","2","1","0","0","0"
"POINT (9.909649902000000 53.632712935999997)","Unfall 95406 (2016) Kat:3, Licht: 0","95406","3","2","3","04","12","4","","0","1","1","0","0"
"POINT (9.971688100000000 53.600411977999997)","Unfall 95407 (2016) Kat:3, Licht: 0","95407","3","3","5","04","17","2","","0","1","1","0","0"
"POINT (10.125428066000000 53.586333410000002)","Unfall 95408 (2016) Kat:3, Licht: 2","95408","3","6","2","04","20","4","","2","0","1","0","0"
"POINT (10.081428469000000 53.593113019999997)","Unfall 95409 (2016) Kat:3, Licht: 2","95409","3","3","5","04","22","1","","2","0","1","0","0"
"POINT (10.175459384000000 53.654882413000003)","Unfall 95410 (2016) Kat:3, Licht: 0","95410","3","3","5","04","10","6","","0","0","1","0","0"
"POINT (10.055088905000000 53.555446597000000)","Unfall 95411 (2016) Kat:3, Licht: 0","95411","3","4","6","04","07","3","","0","0","1","1","0"
"POINT (10.038529500999999 53.608241327999998)","Unfall 95412 (2016) Kat:3, Licht: 1","95412","3","2","5","04","19","2","","1","0","1","0","0"
"POINT (9.864264495000001 53.569992020000001)","Unfall 95413 (2016) Kat:3, Licht: 0","95413","3","2","5","04","17","4","","0","1","1","0","0"
"POINT (10.028782102999999 53.571284810000002)","Unfall 95414 (2016) Kat:3, Licht: 0","95414","3","2","2","04","12","2","","0","0","1","0","0"
"POINT (10.058424733000001 53.575836766000002)","Unfall 95415 (2016) Kat:3, Licht: 0","95415","3","6","2","04","15","4","","0","0","1","0","0"
"POINT (10.009387218000001 53.624919773999999)","Unfall 95416 (2016) Kat:3, Licht: 0","95416","3","6","3","04","11","6","","0","0","1","0","0"
"POINT (9.875774816000000 53.593671194000002)","Unfall 95417 (2016) Kat:3, Licht: 1","95417","3","3","6","04","19","4","","1","0","1","1","0"
"POINT (10.089045324000001 53.553547297999998)","Unfall 95418 (2016) Kat:3, Licht: 0","95418","3","3","5","04","11","2","","0","0","1","0","1"
"POINT (10.072348057999999 53.577652506000000)","Unfall 95419 (2016) Kat:2, Licht: 2","95419","2","1","1","04","21","1","","2","1","1","0","0"
"POINT (10.072801769000000 53.574464116000001)","Unfall 95420 (2016) Kat:3, Licht: 0","95420","3","5","0","04","16","6","","0","1","1","0","0"
"POINT (9.956635656000000 53.459262350000003)","Unfall 95421 (2016) Kat:3, Licht: 0","95421","3","2","3","04","15","3","","0","1","1","0","0"
"POINT (9.909448954000000 53.551254739000001)","Unfall 95422 (2016) Kat:3, Licht: 0","95422","3","3","5","04","07","5","","0","1","1","0","0"
"POINT (10.068535663000000 53.580835995000001)","Unfall 95423 (2016) Kat:3, Licht: 0","95423","3","2","4","04","09","6","","0","0","1","0","0"
"POINT (10.069682143000000 53.600085370999999)","Unfall 95424 (2016) Kat:3, Licht: 0","95424","3","6","2","04","16","5","","0","0","1","0","0"
"POINT (10.155426822000001 53.599488506000000)","Unfall 95425 (2016) Kat:3, Licht: 0","95425","3","6","1","04","18","3","","0","0","1","0","1"
"POINT (10.157047916000000 53.516573663000003)","Unfall 95426 (2016) Kat:3, Licht: 0","95426","3","7","0","04","08","3","","0","1","1","0","0"
"POINT (9.821467424000000 53.472121270999999)","Unfall 95427 (2016) Kat:3, Licht: 0","95427","3","7","0","04","19","1","","0","0","1","0","0"
"POINT (10.128609551000000 53.678767839000002)","Unfall 95428 (2016) Kat:2, Licht: 0","95428","2","6","4","04","13","4","","0","0","1","0","0"
"POINT (10.060188424000000 53.594460517999998)","Unfall 95429 (2016) Kat:3, Licht: 0","95429","3","6","1","04","13","1","","0","0","1","0","0"
"POINT (10.009011166000001 53.627368754000003)","Unfall 95430 (2016) Kat:3, Licht: 0","95430","3","6","2","04","08","6","","0","0","1","0","0"
"POINT (10.167001712999999 53.651707672999997)","Unfall 95431 (2016) Kat:3, Licht: 0","95431","3","3","5","04","18","3","","0","1","1","0","0"
"POINT (9.819414420999999 53.580978780000002)","Unfall 95432 (2016) Kat:2, Licht: 0","95432","2","3","5","04","12","2","","0","1","1","0","0"
"POINT (9.989085867000000 53.456787143000000)","Unfall 95433 (2016) Kat:3, Licht: 0","95433","3","6","3","04","17","4","","0","0","1","0","0"
"POINT (10.071740096999999 53.607537180999998)","Unfall 95434 (2016) Kat:3, Licht: 0","95434","3","6","2","04","13","6","","0","0","1","0","0"
"POINT (10.037346684999999 53.537688304000000)","Unfall 95435 (2016) Kat:3, Licht: 0","95435","3","7","5","04","17","7","","0","0","1","0","0"
"POINT (10.131915954000000 53.709808973000001)","Unfall 95436 (2016) Kat:3, Licht: 0","95436","3","6","2","04","16","1","","0","1","1","0","0"
"POINT (10.124587668000000 53.533532633000000)","Unfall 95437 (2016) Kat:3, Licht: 0","95437","3","6","2","04","10","4","","0","0","1","0","1"
"POINT (10.122071993000000 53.672920359999999)","Unfall 95438 (2016) Kat:3, Licht: 0","95438","3","3","5","04","16","6","","0","0","1","0","0"
"POINT (10.120392476999999 53.622439042000003)","Unfall 95439 (2016) Kat:3, Licht: 0","95439","3","7","1","04","13","7","","0","1","1","0","0"
"POINT (10.086323957999999 53.604206632999997)","Unfall 95440 (2016) Kat:3, Licht: 1","95440","3","5","1","04","04","3","","1","0","1","0","0"
"POINT (9.949091173999999 53.561235901000003)","Unfall 95441 (2016) Kat:3, Licht: 0","95441","3","4","6","04","12","5","","0","0","0","1","0"
"POINT (10.015959672999999 53.567872102000003)","Unfall 95442 (2016) Kat:3, Licht: 0","95442","3","6","2","04","18","5","","0","1","1","0","0"
"POINT (10.025280133000001 53.669659936000002)","Unfall 95443 (2016) Kat:3, Licht: 0","95443","3","6","2","04","15","3","","0","0","1","0","0"
"POINT (10.227875638000000 53.445191950000002)","Unfall 95444 (2016) Kat:3, Licht: 0","95444","3","7","0","04","16","3","","0","1","0","0","0"
"POINT (10.102043395000001 53.647127169999997)","Unfall 95445 (2016) Kat:3, Licht: 0","95445","3","6","4","04","17","4","","0","1","0","0","0"
"POINT (10.096319113000000 53.661083316999999)","Unfall 95446 (2016) Kat:3, Licht: 0","95446","3","3","5","04","11","1","","0","0","1","0","1"
"POINT (10.042663413000000 53.564500383000002)","Unfall 95447 (2016) Kat:3, Licht: 0","95447","3","3","5","04","11","3","","0","0","1","0","0"
"POINT (9.988753112000000 53.566420948000001)","Unfall 95448 (2016) Kat:3, Licht: 0","95448","3","2","6","04","07","2","","0","0","1","1","0"
"POINT (10.081453169000000 53.558741781000002)","Unfall 95449 (2016) Kat:3, Licht: 2","95449","3","5","1","04","20","4","","2","0","1","0","0"
"POINT (9.993795942000000 53.624592581000002)","Unfall 95450 (2016) Kat:3, Licht: 0","95450","3","7","0","04","13","6","","0","0","1","0","0"
"POINT (10.092469989000000 53.595544097000001)","Unfall 95451 (2016) Kat:2, Licht: 2","95451","2","3","5","04","23","7","","2","0","1","0","0"
"POINT (10.159618534000000 53.603752100000001)","Unfall 95452 (2016) Kat:3, Licht: 0","95452","3","6","1","04","07","4","","0","0","1","0","0"
"POINT (10.056006803000001 53.582195929999997)","Unfall 95453 (2016) Kat:3, Licht: 0","95453","3","3","5","04","18","4","","0","1","0","0","0"
"POINT (10.162805927999999 53.635923535000003)","Unfall 95454 (2016) Kat:3, Licht: 0","95454","3","3","5","04","14","2","","0","0","1","0","0"
"POINT (10.046696263999999 53.585961320999999)","Unfall 95455 (2016) Kat:3, Licht: 1","95455","3","6","0","04","18","4","","1","0","1","0","0"
"POINT (10.061452194999999 53.649196854000003)","Unfall 95456 (2016) Kat:2, Licht: 0","95456","2","6","1","04","15","1","","0","0","1","0","1"
"POINT (9.998197224000000 53.550726425999997)","Unfall 95457 (2016) Kat:3, Licht: 0","95457","3","5","1","04","15","5","","0","1","0","0","0"
"POINT (9.969660739000000 53.550069565999998)","Unfall 95458 (2016) Kat:3, Licht: 0","95458","3","6","2","04","17","3","","0","0","1","0","0"
"POINT (10.028291257999999 53.571500477999997)","Unfall 95459 (2016) Kat:3, Licht: 1","95459","3","3","5","04","06","4","","1","1","1","0","0"
"POINT (9.963049070000000 53.546499097999998)","Unfall 95460 (2016) Kat:3, Licht: 0","95460","3","3","5","04","15","3","","0","1","1","0","0"
"POINT (10.014130105000000 53.546002248000001)","Unfall 95461 (2016) Kat:3, Licht: 1","95461","3","3","5","04","20","4","","1","0","1","0","0"
"POINT (10.036912969999999 53.557316825999997)","Unfall 95462 (2016) Kat:3, Licht: 0","95462","3","3","5","04","14","1","","0","1","1","0","0"
"POINT (10.042002949000000 53.535235579999998)","Unfall 95463 (2016) Kat:3, Licht: 0","95463","3","3","5","04","19","4","","0","1","0","0","0"
"POINT (9.983955014999999 53.577263037999998)","Unfall 95464 (2016) Kat:2, Licht: 0","95464","2","6","3","04","18","7","","0","1","0","0","0"
"POINT (9.995399733999999 53.619922269000000)","Unfall 95465 (2016) Kat:3, Licht: 1","95465","3","3","5","04","06","6","","1","1","1","0","0"
"POINT (10.122111702000000 53.642357756999999)","Unfall 95466 (2016) Kat:3, Licht: 0","95466","3","1","0","04","06","4","","0","0","0","0","1"
"POINT (10.023233614000000 53.589054957999998)","Unfall 95467 (2016) Kat:3, Licht: 0","95467","3","2","3","04","09","2","","0","1","0","0","0"
"POINT (9.925094658000001 53.566774186000004)","Unfall 95468 (2016) Kat:3, Licht: 2","95468","3","3","5","04","19","4","","2","0","1","0","1"
"POINT (10.006123970000001 53.599490289999999)","Unfall 95469 (2016) Kat:3, Licht: 0","95469","3","6","1","04","13","6","","0","0","1","0","0"
"POINT (10.149934946000000 53.649353486999999)","Unfall 95470 (2016) Kat:3, Licht: 0","95470","3","3","0","04","16","4","","0","1","1","0","0"
"POINT (10.033179204000000 53.588106344000003)","Unfall 95471 (2016) Kat:3, Licht: 0","95471","3","2","5","04","14","3","","0","0","1","0","0"
"POINT (9.926061220999999 53.571598987999998)","Unfall 95472 (2016) Kat:3, Licht: 0","95472","3","3","5","04","10","4","","0","1","1","0","0"
"POINT (10.045122437000000 53.566438028999997)","Unfall 95473 (2016) Kat:3, Licht: 0","95473","3","7","0","04","15","1","","0","1","1","0","0"
"POINT (9.995857701000000 53.593839973999998)","Unfall 95474 (2016) Kat:3, Licht: 0","95474","3","2","3","04","12","7","","0","0","1","0","1"
"POINT (9.997235532000000 53.605025675000000)","Unfall 95475 (2016) Kat:3, Licht: 0","95475","3","2","4","04","14","6","","0","1","1","0","0"
"POINT (9.999880578000001 53.554949032000003)","Unfall 95476 (2016) Kat:3, Licht: 0","95476","3","3","5","04","07","4","","0","0","1","0","0"
"POINT (10.063749501000000 53.554161710999999)","Unfall 95477 (2016) Kat:2, Licht: 2","95477","2","7","5","04","23","4","","2","0","1","0","0"
"POINT (9.908181444000000 53.626925161999999)","Unfall 95478 (2016) Kat:3, Licht: 0","95478","3","3","5","04","10","1","","0","1","1","0","0"
"POINT (9.911178171000000 53.603123138999997)","Unfall 95479 (2016) Kat:3, Licht: 0","95479","3","6","1","04","13","6","","0","0","1","0","0"
"POINT (9.880067977000000 53.601012576999999)","Unfall 95480 (2016) Kat:3, Licht: 0","95480","3","2","2","04","08","4","","0","1","1","0","0"
"POINT (9.990351059000000 53.558182391999999)","Unfall 95481 (2016) Kat:3, Licht: 0","95481","3","6","2","04","09","7","","0","0","1","0","0"
"POINT (9.966845249000000 53.593730917999999)","Unfall 95482 (2016) Kat:3, Licht: 0","95482","3","3","5","04","15","6","","0","1","1","0","0"
"POINT (9.909844558000000 53.559999013999999)","Unfall 95483 (2016) Kat:3, Licht: 0","95483","3","7","6","04","18","6","","0","1","0","1","0"
"POINT (9.866453252000000 53.585262153000002)","Unfall 95484 (2016) Kat:3, Licht: 0","95484","3","2","5","04","07","4","","0","1","1","0","0"
"POINT (9.928444921000001 53.598249787000000)","Unfall 95485 (2016) Kat:3, Licht: 0","95485","3","6","4","04","15","2","","0","1","1","0","0"
"POINT (9.962332460000001 53.549554204000003)","Unfall 95486 (2016) Kat:2, Licht: 0","95486","2","1","7","04","16","4","","0","1","0","0","0"
"POINT (10.031419695000000 53.576171735999999)","Unfall 95487 (2016) Kat:3, Licht: 0","95487","3","3","5","04","16","1","","0","0","1","0","0"
"POINT (9.858886868000001 53.576956670999998)","Unfall 95488 (2016) Kat:3, Licht: 0","95488","3","3","5","04","15","6","","0","0","1","0","1"
"POINT (9.993544759000001 53.551124424000001)","Unfall 95489 (2016) Kat:3, Licht: 0","95489","3","3","6","04","15","4","","0","0","1","1","0"
"POINT (10.043995669999999 53.555365557000002)","Unfall 95490 (2016) Kat:3, Licht: 0","95490","3","6","3","04","17","2","","0","0","1","0","0"
"POINT (10.025737484000000 53.569501148000001)","Unfall 95491 (2016) Kat:3, Licht: 0","95491","3","6","3","04","17","1","","0","0","1","0","1"
"POINT (10.047771969999999 53.550660288000003)","Unfall 95492 (2016) Kat:3, Licht: 0","95492","3","3","5","04","09","4","","0","0","1","0","0"
"POINT (9.797057120000000 53.566255816999998)","Unfall 95493 (2016) Kat:3, Licht: 1","95493","3","3","0","04","21","7","","1","1","1","0","0"
"POINT (10.045843117000000 53.548282743999998)","Unfall 95494 (2016) Kat:3, Licht: 0","95494","3","3","5","04","10","3","","0","0","1","0","0"
"POINT (9.978662678999999 53.590116612000003)","Unfall 95495 (2016) Kat:2, Licht: 0","95495","2","3","5","04","16","5","","0","1","1","0","0"
"POINT (10.077787021000001 53.613658620999999)","Unfall 95496 (2016) Kat:3, Licht: 0","95496","3","3","5","04","13","6","","0","0","1","0","0"
"POINT (10.148669044000000 53.664138805000000)","Unfall 95497 (2016) Kat:3, Licht: 0","95497","3","3","5","04","12","5","","0","1","1","0","0"
"POINT (10.055684674000000 53.606448550000003)","Unfall 95498 (2016) Kat:2, Licht: 0","95498","2","3","5","04","17","3","","0","0","1","0","0"
"POINT (10.055073212000000 53.555447860999998)","Unfall 95499 (2016) Kat:2, Licht: 0","95499","2","4","6","04","15","3","","0","0","0","1","0"
"POINT (10.114784349000001 53.545392358000001)","Unfall 95500 (2016) Kat:1, Licht: 0","95500","1","2","5","04","10","3","","0","0","1","0","1"
"POINT (10.029153948999999 53.539233912999997)","Unfall 95501 (2016) Kat:3, Licht: 0","95501","3","3","5","04","13","1","","0","0","1","0","1"
"POINT (9.990641518000000 53.442099441000003)","Unfall 95502 (2016) Kat:2, Licht: 0","95502","2","4","0","05","14","6","","0","0","1","1","0"
"POINT (10.031886811000000 53.593558532000003)","Unfall 95503 (2016) Kat:3, Licht: 0","95503","3","2","5","05","11","6","","0","1","1","0","0"
"POINT (10.003012351000001 53.454336595999997)","Unfall 95504 (2016) Kat:3, Licht: 0","95504","3","3","5","05","16","4","","0","1","1","0","0"
"POINT (9.997340278999999 53.556870975000002)","Unfall 95505 (2016) Kat:3, Licht: 0","95505","3","6","2","05","18","4","","0","0","1","0","0"
"POINT (10.120348399999999 53.635111141000003)","Unfall 95506 (2016) Kat:3, Licht: 0","95506","3","5","1","05","16","2","","0","1","1","0","0"
"POINT (10.113002185999999 53.554191594000002)","Unfall 95507 (2016) Kat:3, Licht: 0","95507","3","6","2","05","13","6","","0","0","1","0","0"
"POINT (10.050391051000000 53.632415192000003)","Unfall 95508 (2016) Kat:3, Licht: 0","95508","3","5","1","05","13","3","","0","1","1","0","0"
"POINT (10.085443094000000 53.635178355999997)","Unfall 95509 (2016) Kat:2, Licht: 0","95509","2","1","9","05","06","1","","0","0","1","0","0"
"POINT (10.148076157000000 53.526344283000000)","Unfall 95510 (2016) Kat:2, Licht: 2","95510","2","2","5","05","22","3","","2","0","1","0","1"
"POINT (9.951989415000000 53.582104197000000)","Unfall 95511 (2016) Kat:3, Licht: 0","95511","3","2","4","05","08","4","","0","1","1","0","0"
"POINT (9.950136878000000 53.555836339999999)","Unfall 95512 (2016) Kat:3, Licht: 0","95512","3","2","5","05","16","3","","0","1","0","0","0"
"POINT (10.182519059000001 53.488557100000001)","Unfall 95513 (2016) Kat:3, Licht: 0","95513","3","3","6","04","07","6","","0","0","0","1","0"
"POINT (10.067491618000000 53.608467169999997)","Unfall 95514 (2016) Kat:3, Licht: 2","95514","3","2","5","05","23","4","","2","0","1","0","0"
"POINT (10.095938555000000 53.587527399000003)","Unfall 95515 (2016) Kat:3, Licht: 0","95515","3","2","4","05","19","5","","0","0","1","0","1"
"POINT (9.983584907999999 53.565386451999998)","Unfall 95516 (2016) Kat:3, Licht: 0","95516","3","4","6","05","17","6","","0","1","0","1","0"
"POINT (10.006636632999999 53.549766697999999)","Unfall 95517 (2016) Kat:3, Licht: 1","95517","3","6","3","04","20","5","","1","0","1","0","0"
"POINT (10.020754026000001 53.677872880000002)","Unfall 95518 (2016) Kat:3, Licht: 0","95518","3","6","4","05","17","2","","0","1","0","0","0"
"POINT (10.129349514999999 53.600226501999998)","Unfall 95519 (2016) Kat:3, Licht: 0","95519","3","3","5","05","14","6","","0","1","1","0","0"
"POINT (10.015684446000000 53.590330786999999)","Unfall 95520 (2016) Kat:3, Licht: 0","95520","3","6","1","05","18","1","","0","0","1","0","1"
"POINT (9.989145804000000 53.552824463000000)","Unfall 95521 (2016) Kat:3, Licht: 0","95521","3","6","3","05","14","3","","0","1","1","0","0"
"POINT (9.935666737000000 53.476873083999998)","Unfall 95522 (2016) Kat:3, Licht: 2","95522","3","6","2","05","21","3","","2","0","1","0","0"
"POINT (10.073930918000000 53.572388339000000)","Unfall 95523 (2016) Kat:3, Licht: 0","95523","3","6","3","05","19","3","","0","0","1","0","0"
"POINT (10.218330074000001 53.488652322999997)","Unfall 95524 (2016) Kat:3, Licht: 0","95524","3","3","5","05","10","2","","0","0","1","0","0"
"POINT (10.015596644000000 53.591027162000003)","Unfall 95525 (2016) Kat:2, Licht: 2","95525","2","4","6","05","22","1","","2","0","1","1","0"
"POINT (10.088491606000000 53.646687684000000)","Unfall 95526 (2016) Kat:3, Licht: 0","95526","3","6","2","05","19","3","","0","0","1","0","0"
"POINT (10.008886137999999 53.552150998999998)","Unfall 95527 (2016) Kat:3, Licht: 0","95527","3","7","3","05","10","4","","0","0","0","0","0"
"POINT (10.109206620000000 53.537967250000001)","Unfall 95528 (2016) Kat:3, Licht: 0","95528","3","6","3","05","10","2","","0","0","1","0","0"
"POINT (10.122245075000000 53.538440295000001)","Unfall 95529 (2016) Kat:3, Licht: 0","95529","3","7","3","04","19","6","","0","0","1","0","0"
"POINT (10.072069064000001 53.596962910000002)","Unfall 95530 (2016) Kat:3, Licht: 0","95530","3","6","2","05","15","4","","0","0","1","0","0"
"POINT (10.025900182999999 53.567754966999999)","Unfall 95531 (2016) Kat:2, Licht: 0","95531","2","6","3","05","14","5","","0","0","1","0","0"