WKT,Name,OBJECTID,UKATEGORIE,UTYP1,UART,UMONAT,USTUNDE,UWOCHENTAG,STRZUSTAND,ULICHTVERH,ISTRAD,ISTPKW,ISTFUSS,ISTKRAD
"POINT (10.040724325999999 53.598416516999997)","Unfall 95532 (2016) Kat:2, Licht: 0","95532","2","1","0","05","18","1","","0","1","0","0","0"
"POINT (9.897696607000000 53.550575846999998)","Unfall 95533 (2016) Kat:3, Licht: 0","95533","3","5","0","05","17","2","","0","1","1","0","0"
"POINT (10.011039051999999 53.582057034999998)","Unfall 95534 (2016) Kat:3, Licht: 0","95534","3","6","1","05","10","6","","0","1","1","0","0"
"POINT (10.000859067000000 53.481693407000002)","Unfall 95535 (2016) Kat:3, Licht: 0","95535","3","2","5","05","06","5","","0","1","1","0","0"
"POINT (10.124826213000000 53.586088302000000)","Unfall 95536 (2016) Kat:3, Licht: 2","95536","3","3","5","05","22","2","","2","0","1","0","0"
"POINT (9.827254679999999 53.566807881000003)","Unfall 95537 (2016) Kat:3, Licht: 0","95537","3","2","3","05","16","2","","0","1","1","0","0"
"POINT (10.152355707000000 53.542846390999998)","Unfall 95538 (2016) Kat:3, Licht: 2","95538","3","2","4","05","21","7","","2","0","1","0","0"
"POINT (10.122943545000000 53.533932542999999)","Unfall 95539 (2016) Kat:3, Licht: 0","95539","3","2","2","04","17","6","","0","0","1","0","0"
"POINT (9.980427043000001 53.567790201999998)","Unfall 95540 (2016) Kat:3, Licht: 0","95540","3","6","3","05","14","5","","0","0","0","0","0"
"POINT (9.934924458999999 53.430881280000001)","Unfall 95541 (2016) Kat:3, Licht: 0","95541","3","3","5","05","17","3","","0","0","1","0","0"
"POINT (9.908157808000000 53.632575369999998)","Unfall 95542 (2016) Kat:3, Licht: 0","95542","3","6","2","05","08","2","","0","0","1","0","0"
"POINT (10.118445641999999 53.654992757000002)","Unfall 95543 (2016) Kat:3, Licht: 0","95543","3","3","5","05","17","3","","0","1","1","0","0"
"POINT (9.788859167000000 53.570843781999997)","Unfall 95544 (2016) Kat:3, Licht: 0","95544","3","2","2","05","11","1","","0","1","1","0","0"
"POINT (10.084288203000000 53.554800675000003)","Unfall 95545 (2016) Kat:3, Licht: 2","95545","3","2","5","04","21","6","","2","0","1","0","0"
"POINT (9.917693024000000 53.553747637000001)","Unfall 95546 (2016) Kat:3, Licht: 0","95546","3","2","3","05","18","5","","0","1","1","0","0"
"POINT (9.935467597000001 53.582629431000001)","Unfall 95547 (2016) Kat:3, Licht: 0","95547","3","7","6","05","10","2","","0","1","0","1","0"
"POINT (9.912430444000000 53.558938972000000)","Unfall 95548 (2016) Kat:3, Licht: 0","95548","3","3","5","05","13","1","","0","0","1","0","0"
"POINT (10.136092042000000 53.574833206999998)","Unfall 95549 (2016) Kat:3, Licht: 0","95549","3","4","6","05","17","4","","0","0","1","1","0"
"POINT (9.971320613000000 53.582467268999999)","Unfall 95550 (2016) Kat:3, Licht: 0","95550","3","6","2","05","19","2","","0","0","1","0","0"
"POINT (10.048239239000001 53.568008843999998)","Unfall 95551 (2016) Kat:3, Licht: 0","95551","3","6","2","05","15","6","","0","0","1","0","0"
"POINT (10.068967920000000 53.584404366000001)","Unfall 95552 (2016) Kat:3, Licht: 0","95552","3","7","5","05","20","5","","0","1","1","0","0"
"POINT (10.111119135999999 53.595496429000001)","Unfall 95553 (2016) Kat:2, Licht: 0","95553","2","3","5","05","17","2","","0","1","1","0","0"
"POINT (10.075865050000001 53.592188862999997)","Unfall 95554 (2016) Kat:3, Licht: 0","95554","3","7","3","05","14","1","","0","0","1","0","0"
"POINT (10.130612457000000 53.539136264000000)","Unfall 95555 (2016) Kat:3, Licht: 1","95555","3","5","1","04","05","6","","1","0","1","0","0"
"POINT (9.948006226000000 53.558101280999999)","Unfall 95556 (2016) Kat:3, Licht: 0","95556","3","2","4","05","18","3","","0","1","1","0","0"
"POINT (9.949341674999999 53.558605313999998)","Unfall 95557 (2016) Kat:3, Licht: 2","95557","3","3","4","05","23","7","","2","0","1","0","0"
"POINT (10.012683113000000 53.649256590999997)","Unfall 95558 (2016) Kat:3, Licht: 0","95558","3","6","2","05","12","6","","0","0","1","0","0"
"POINT (9.985963965000000 53.526929260999999)","Unfall 95559 (2016) Kat:3, Licht: 0","95559","3","2","4","05","12","5","","0","0","0","0","0"
"POINT (9.990825480000000 53.445175775000003)","Unfall 95560 (2016) Kat:3, Licht: 0","95560","3","5","1","05","11","3","","0","0","1","0","0"
"POINT (9.987404888000000 53.590205629000003)","Unfall 95561 (2016) Kat:3, Licht: 0","95561","3","2","5","05","17","2","","0","1","1","0","0"
"POINT (10.057252527999999 53.565894663000002)","Unfall 95562 (2016) Kat:3, Licht: 0","95562","3","3","5","05","12","6","","0","0","1","0","0"
"POINT (10.182807235000000 53.652090346999998)","Unfall 95563 (2016) Kat:2, Licht: 0","95563","2","6","4","05","13","3","","0","1","0","0","0"
"POINT (9.890138913000000 53.601913705999998)","Unfall 95564 (2016) Kat:3, Licht: 0","95564","3","2","5","05","12","1","","0","1","1","0","0"
"POINT (9.934636260000000 53.550350743999999)","Unfall 95565 (2016) Kat:2, Licht: 0","95565","2","3","5","05","07","4","","0","1","1","0","0"
"POINT (10.018894664999999 53.565026891000002)","Unfall 95566 (2016) Kat:2, Licht: 0","95566","2","6","3","05","19","6","","0","0","1","0","0"
"POINT (9.999651754000000 53.519971193000003)","Unfall 95567 (2016) Kat:3, Licht: 0","95567","3","3","5","05","17","4","","0","0","1","0","1"
"POINT (10.023051777999999 53.567607047000003)","Unfall 95568 (2016) Kat:3, Licht: 0","95568","3","2","3","05","11","4","","0","1","1","0","0"
"POINT (10.173718408999999 53.614913481000002)","Unfall 95569 (2016) Kat:3, Licht: 0","95569","3","6","2","05","08","2","","0","0","1","0","0"
"POINT (10.016364104999999 53.567909870999998)","Unfall 95570 (2016) Kat:3, Licht: 0","95570","3","5","1","05","05","4","","0","1","1","0","0"
"POINT (9.803024404000000 53.557130549999997)","Unfall 95571 (2016) Kat:3, Licht: 0","95571","3","7","0","05","09","6","","0","1","0","0","0"
"POINT (9.857297016000000 53.598106155000004)","Unfall 95572 (2016) Kat:3, Licht: 0","95572","3","7","1","05","12","5","","0","0","1","0","0"
"POINT (10.036622940999999 53.544564688000001)","Unfall 95573 (2016) Kat:3, Licht: 0","95573","3","2","4","04","12","6","","0","0","1","0","0"
"POINT (9.977353922000001 53.577321578000003)","Unfall 95574 (2016) Kat:3, Licht: 0","95574","3","2","5","05","10","3","","0","1","1","0","0"
"POINT (9.854303831999999 53.468735408999997)","Unfall 95575 (2016) Kat:3, Licht: 0","95575","3","6","3","05","19","5","","0","1","1","0","0"
"POINT (10.033705525000000 53.553644136999999)","Unfall 95576 (2016) Kat:3, Licht: 0","95576","3","7","3","05","09","6","","0","0","1","0","1"
"POINT (10.012188864000001 53.569422273000001)","Unfall 95577 (2016) Kat:3, Licht: 0","95577","3","5","1","05","12","6","","0","1","1","0","0"
"POINT (10.182457618999999 53.486012393999999)","Unfall 95578 (2016) Kat:3, Licht: 0","95578","3","2","5","05","16","4","","0","1","1","0","0"
"POINT (10.000136874000001 53.463371498000001)","Unfall 95579 (2016) Kat:3, Licht: 0","95579","3","6","0","05","15","3","","0","0","0","0","1"
"POINT (9.936889525000000 53.552036465999997)","Unfall 95580 (2016) Kat:3, Licht: 0","95580","3","6","2","05","14","2","","0","0","1","0","0"
"POINT (9.880518260000001 53.593181448000003)","Unfall 95581 (2016) Kat:3, Licht: 0","95581","3","7","0","05","18","6","","0","0","1","0","0"
"POINT (10.005808820000000 53.655175274000001)","Unfall 95582 (2016) Kat:3, Licht: 0","95582","3","6","1","05","15","3","","0","0","1","0","0"
"POINT (9.857769449999999 53.599226213000001)","Unfall 95583 (2016) Kat:3, Licht: 0","95583","3","3","5","05","19","1","","0","0","1","0","0"
"POINT (10.147492424999999 53.529623897000000)","Unfall 95584 (2016) Kat:3, Licht: 0","95584","3","7","1","05","12","3","","0","0","1","0","0"
"POINT (10.010263604000000 53.552286281999997)","Unfall 95585 (2016) Kat:3, Licht: 0","95585","3","4","6","05","13","4","","0","0","0","1","0"
"POINT (10.178273303999999 53.610935105000003)","Unfall 95586 (2016) Kat:3, Licht: 0","95586","3","6","3","05","16","2","","0","0","1","0","0"
"POINT (10.141730175999999 53.600308753000000)","Unfall 95587 (2016) Kat:3, Licht: 0","95587","3","3","5","04","07","6","","0","1","0","0","0"
"POINT (10.077719391000000 53.617069096999998)","Unfall 95588 (2016) Kat:3, Licht: 0","95588","3","7","0","05","14","4","","0","0","1","0","0"
"POINT (10.069681474999999 53.666592383000001)","Unfall 95589 (2016) Kat:3, Licht: 0","95589","3","6","1","05","17","5","","0","0","1","0","0"
"POINT (9.994455864000001 53.551996678999998)","Unfall 95590 (2016) Kat:3, Licht: 0","95590","3","3","5","05","07","6","","0","1","0","0","0"
"POINT (10.014117406000000 53.554407484999999)","Unfall 95591 (2016) Kat:3, Licht: 0","95591","3","6","1","04","09","5","","0","0","1","0","0"
"POINT (10.143580965000000 53.583935576999998)","Unfall 95592 (2016) Kat:3, Licht: 0","95592","3","6","2","04","11","6","","0","0","1","0","0"
"POINT (10.013004036000000 53.643369700000001)","Unfall 95593 (2016) Kat:3, Licht: 0","95593","3","6","2","05","15","4","","0","0","1","0","0"
"POINT (9.954852526000000 53.548602930000001)","Unfall 95594 (2016) Kat:3, Licht: 0","95594","3","3","5","05","17","3","","0","1","1","0","0"
"POINT (10.208994516000001 53.482596022999999)","Unfall 95595 (2016) Kat:3, Licht: 0","95595","3","2","5","05","08","5","","0","0","1","0","0"
"POINT (10.062141549000000 53.610875108999998)","Unfall 95596 (2016) Kat:3, Licht: 0","95596","3","3","5","05","10","6","","0","1","1","0","0"
"POINT (9.901699051000000 53.556766314000001)","Unfall 95597 (2016) Kat:3, Licht: 0","95597","3","6","1","05","17","6","","0","0","1","0","0"
"POINT (9.947855568000000 53.462415731000000)","Unfall 95598 (2016) Kat:3, Licht: 0","95598","3","4","6","04","16","4","","0","0","1","1","0"
"POINT (9.989916573000000 53.561762367000000)","Unfall 95599 (2016) Kat:3, Licht: 0","95599","3","6","2","05","14","2","","0","0","1","0","0"
"POINT (9.957091691000001 53.565906363000003)","Unfall 95600 (2016) Kat:3, Licht: 0","95600","3","3","5","05","14","6","","0","1","1","0","0"
"POINT (9.989185270000000 53.558436272999998)","Unfall 95601 (2016) Kat:3, Licht: 1","95601","3","3","5","05","20","1","","1","1","1","0","0"
"POINT (9.833543511000000 53.579064416999998)","Unfall 95602 (2016) Kat:3, Licht: 0","95602","3","1","9","05","17","3","","0","0","0","0","1"
"POINT (10.004079476999999 53.508996240999998)","Unfall 95603 (2016) Kat:3, Licht: 0","95603","3","2","5","05","07","3","","0","0","1","0","0"
"POINT (10.119661107000001 53.603782772999999)","Unfall 95604 (2016) Kat:3, Licht: 0","95604","3","3","5","05","14","2","","0","1","1","0","0"
"POINT (10.164092029000001 53.596191703000002)","Unfall 95605 (2016) Kat:3, Licht: 0","95605","3","6","2","04","17","6","","0","0","1","0","0"
"POINT (10.015708769000000 53.562800916000000)","Unfall 95606 (2016) Kat:3, Licht: 0","95606","3","6","3","05","18","4","","0","0","1","0","0"
"POINT (10.052163921000000 53.593136299999998)","Unfall 95607 (2016) Kat:3, Licht: 0","95607","3","7","0","05","15","5","","0","1","1","0","0"
"POINT (9.996867678999999 53.547538719999999)","Unfall 95608 (2016) Kat:3, Licht: 0","95608","3","6","3","05","13","1","","0","0","1","0","1"
"POINT (10.098979919000000 53.588685159999997)","Unfall 95609 (2016) Kat:3, Licht: 0","95609","3","6","2","05","17","4","","0","0","1","0","0"
"POINT (9.998995001000001 53.549929526000000)","Unfall 95610 (2016) Kat:3, Licht: 2","95610","3","7","3","05","21","2","","2","0","1","0","0"
"POINT (10.091860895000000 53.513842982000000)","Unfall 95611 (2016) Kat:2, Licht: 0","95611","2","1","0","05","19","5","","0","1","0","0","0"
"POINT (10.089348358000001 53.511462510000001)","Unfall 95612 (2016) Kat:3, Licht: 0","95612","3","6","2","05","14","5","","0","0","1","0","0"
"POINT (10.040615679000000 53.519396420000000)","Unfall 95613 (2016) Kat:3, Licht: 2","95613","3","7","5","05","01","7","","2","0","1","0","0"
"POINT (10.078108042000000 53.620121859000001)","Unfall 95614 (2016) Kat:3, Licht: 0","95614","3","7","6","05","18","2","","0","0","1","1","0"
"POINT (10.196233420000000 53.511979240999999)","Unfall 95615 (2016) Kat:3, Licht: 2","95615","3","3","5","05","00","1","","2","0","1","0","0"
"POINT (10.065611697000000 53.585525947999997)","Unfall 95616 (2016) Kat:3, Licht: 0","95616","3","6","1","04","17","6","","0","0","1","0","0"
"POINT (9.981993332000000 53.547972715000000)","Unfall 95617 (2016) Kat:3, Licht: 0","95617","3","5","1","05","17","2","","0","1","1","0","0"
"POINT (10.108608432000000 53.559231890000000)","Unfall 95618 (2016) Kat:3, Licht: 0","95618","3","6","2","05","18","7","","0","0","1","0","1"
"POINT (10.008794682000000 53.648186322000001)","Unfall 95619 (2016) Kat:3, Licht: 0","95619","3","3","5","05","14","2","","0","1","1","0","0"
"POINT (10.075889438999999 53.613877422999998)","Unfall 95620 (2016) Kat:2, Licht: 0","95620","2","3","5","05","13","2","","0","1","1","0","0"
"POINT (9.851861261000000 53.588643775000001)","Unfall 95621 (2016) Kat:2, Licht: 0","95621","2","3","5","05","11","3","","0","0","1","0","0"
"POINT (10.031157652999999 53.646667966000003)","Unfall 95622 (2016) Kat:3, Licht: 0","95622","3","3","5","05","16","2","","0","0","1","0","0"
"POINT (9.992176620000000 53.559217676000003)","Unfall 95623 (2016) Kat:3, Licht: 0","95623","3","6","2","05","14","1","","0","0","1","0","0"
"POINT (10.064669395999999 53.571382372999999)","Unfall 95624 (2016) Kat:3, Licht: 0","95624","3","6","3","04","13","6","","0","0","1","0","0"
"POINT (9.937922656000000 53.547864836999999)","Unfall 95625 (2016) Kat:3, Licht: 0","95625","3","2","4","05","12","5","","0","1","1","0","0"
"POINT (10.011193536000000 53.493868137000000)","Unfall 95626 (2016) Kat:3, Licht: 0","95626","3","6","2","05","11","3","","0","0","1","0","0"
"POINT (9.995905091999999 53.550556807000000)","Unfall 95627 (2016) Kat:3, Licht: 0","95627","3","3","5","05","13","2","","0","1","1","0","0"
"POINT (10.019303121000000 53.661352469999997)","Unfall 95628 (2016) Kat:3, Licht: 0","95628","3","4","0","05","14","3","","0","0","0","1","0"
"POINT (10.069016818000000 53.559488686000002)","Unfall 95629 (2016) Kat:3, Licht: 0","95629","3","6","3","05","08","7","","0","0","1","0","0"
"POINT (10.087671762999999 53.646414047999997)","Unfall 95630 (2016) Kat:3, Licht: 0","95630","3","6","3","05","08","4","","0","0","1","0","0"
"POINT (10.017200774000001 53.552149063000002)","Unfall 95631 (2016) Kat:2, Licht: 0","95631","2","6","3","05","09","2","","0","0","1","0","1"
"POINT (10.172825182000000 53.499324399999999)","Unfall 95632 (2016) Kat:3, Licht: 2","95632","3","1","0","05","02","5","","2","0","1","0","0"
"POINT (10.042438958000000 53.565382347000003)","Unfall 95633 (2016) Kat:3, Licht: 0","95633","3","3","5","05","15","5","","0","0","1","0","0"
"POINT (10.085511740999999 53.644649997999998)","Unfall 95634 (2016) Kat:3, Licht: 0","95634","3","7","4","05","13","1","","0","0","1","0","0"
"POINT (10.085548061000001 53.568625345000001)","Unfall 95635 (2016) Kat:3, Licht: 0","95635","3","6","2","04","14","6","","0","0","1","0","0"
"POINT (9.996022184999999 53.549232148000002)","Unfall 95636 (2016) Kat:3, Licht: 0","95636","3","3","5","05","11","3","","0","0","1","0","0"
"POINT (9.990648812000000 53.447208097999997)","Unfall 95637 (2016) Kat:2, Licht: 2","95637","2","4","6","05","22","6","","2","0","1","1","0"
"POINT (9.995192820000000 53.599289859999999)","Unfall 95638 (2016) Kat:3, Licht: 0","95638","3","3","5","05","16","6","","0","1","1","0","0"
"POINT (9.781187201000000 53.518414636000003)","Unfall 95639 (2016) Kat:2, Licht: 0","95639","2","1","0","05","15","4","","0","0","0","0","1"
"POINT (9.995530934000000 53.477779634000001)","Unfall 95640 (2016) Kat:3, Licht: 0","95640","3","3","5","05","18","3","","0","1","1","0","0"
"POINT (10.100450431000001 53.552202364000003)","Unfall 95641 (2016) Kat:2, Licht: 0","95641","2","3","5","05","20","1","","0","1","1","0","0"
"POINT (9.912229070000000 53.512696685999998)","Unfall 95642 (2016) Kat:3, Licht: 0","95642","3","6","2","05","06","2","","0","0","1","0","0"
"POINT (10.099801435000000 53.637082605000003)","Unfall 95643 (2016) Kat:3, Licht: 0","95643","3","3","5","05","18","7","","0","1","1","0","0"
"POINT (10.078448743999999 53.574438768999997)","Unfall 95644 (2016) Kat:3, Licht: 0","95644","3","7","0","04","08","6","","0","0","1","0","0"
"POINT (9.963539755999999 53.560050376000000)","Unfall 95645 (2016) Kat:3, Licht: 0","95645","3","7","6","05","07","5","","0","1","0","1","0"
"POINT (10.199418012000001 53.488937559000000)","Unfall 95646 (2016) Kat:3, Licht: 0","95646","3","3","5","05","10","3","","0","1","1","0","0"
"POINT (10.053315222000000 53.557312396000000)","Unfall 95647 (2016) Kat:3, Licht: 0","95647","3","3","5","05","11","1","","0","1","1","0","0"
"POINT (10.016191467000001 53.634865243999997)","Unfall 95648 (2016) Kat:3, Licht: 0","95648","3","6","1","05","13","3","","0","0","1","0","0"
"POINT (10.026995352000000 53.551610023999999)","Unfall 95649 (2016) Kat:3, Licht: 1","95649","3","3","5","05","21","7","","1","0","1","0","0"
"POINT (10.040580158999999 53.580018832000000)","Unfall 95650 (2016) Kat:2, Licht: 0","95650","2","6","3","05","11","4","","0","0","1","0","1"
"POINT (10.084520445000001 53.482501079999999)","Unfall 95651 (2016) Kat:3, Licht: 2","95651","3","1","0","05","00","5","","2","0","0","0","1"
"POINT (9.952629798000000 53.598782948000000)","Unfall 95652 (2016) Kat:3, Licht: 0","95652","3","7","2","05","08","5","","0","1","0","0","0"
"POINT (10.024681756000000 53.627400012000003)","Unfall 95653 (2016) Kat:3, Licht: 0","95653","3","2","5","05","08","2","","0","1","1","0","0"
"POINT (10.054078623000001 53.605190679000003)","Unfall 95654 (2016) Kat:3, Licht: 2","95654","3","3","5","04","01","6","","2","0","1","0","0"
"POINT (10.056174350999999 53.591648753000001)","Unfall 95655 (2016) Kat:3, Licht: 0","95655","3","6","2","05","09","4","","0","0","1","0","1"
"POINT (9.993837498000000 53.464970694999998)","Unfall 95656 (2016) Kat:3, Licht: 0","95656","3","6","2","05","12","2","","0","0","1","0","0"
"POINT (9.800986543000001 53.514224548000001)","Unfall 95657 (2016) Kat:3, Licht: 0","95657","3","2","2","05","16","5","","0","0","1","0","0"
"POINT (10.141016952999999 53.629150125000002)","Unfall 95658 (2016) Kat:3, Licht: 0","95658","3","3","5","05","10","6","","0","1","1","0","0"
"POINT (9.906435668000000 53.614624284000001)","Unfall 95659 (2016) Kat:3, Licht: 0","95659","3","2","3","05","15","6","","0","1","1","0","0"
"POINT (10.149681883000000 53.525064295000000)","Unfall 95660 (2016) Kat:3, Licht: 0","95660","3","3","5","04","17","4","","0","0","1","0","0"
"POINT (10.106150141000001 53.572588304000000)","Unfall 95661 (2016) Kat:3, Licht: 0","95661","3","2","5","05","14","4","","0","0","0","0","1"
"POINT (10.109589400000001 53.536595454999997)","Unfall 95662 (2016) Kat:3, Licht: 0","95662","3","7","3","05","10","3","","0","0","1","0","0"
"POINT (9.989245485000000 53.581363406999998)","Unfall 95663 (2016) Kat:3, Licht: 0","95663","3","3","5","05","10","1","","0","1","1","0","0"
"POINT (10.091769704000001 53.543842814000001)","Unfall 95664 (2016) Kat:3, Licht: 0","95664","3","6","3","05","16","5","","0","0","1","0","0"
"POINT (9.994518574000001 53.602024448999998)","Unfall 95665 (2016) Kat:3, Licht: 0","95665","3","2","5","05","19","3","","0","0","1","0","1"
"POINT (10.109442633000000 53.591385387999999)","Unfall 95666 (2016) Kat:3, Licht: 0","95666","3","3","5","05","08","7","","0","0","1","0","0"
"POINT (10.079077245000001 53.613102028999997)","Unfall 95667 (2016) Kat:3, Licht: 0","95667","3","6","3","05","17","3","","0","0","1","0","0"
"POINT (10.013356181000001 53.561141036000002)","Unfall 95668 (2016) Kat:3, Licht: 0","95668","3","3","5","05","11","4","","0","0","1","0","0"
"POINT (10.064955863000000 53.554010931000001)","Unfall 95669 (2016) Kat:3, Licht: 0","95669","3","7","6","05","18","5","","0","1","0","1","0"
"POINT (10.014015676000000 53.600034371000000)","Unfall 95670 (2016) Kat:3, Licht: 0","95670","3","6","1","05","10","3","","0","0","1","0","0"
"POINT (10.176131343000000 53.591311437999998)","Unfall 95671 (2016) Kat:2, Licht: 0","95671","2","3","5","05","18","7","","0","0","1","0","0"
"POINT (10.008828669000000 53.555570852000002)","Unfall 95672 (2016) Kat:3, Licht: 0","95672","3","3","5","05","14","4","","0","0","1","0","0"
"POINT (10.114352651000001 53.624897687999997)","Unfall 95673 (2016) Kat:3, Licht: 1","95673","3","6","0","05","21","4","","1","0","1","0","0"
"POINT (9.947488462999999 53.582379783999997)","Unfall 95674 (2016) Kat:3, Licht: 0","95674","3","2","5","05","16","4","","0","1","1","0","0"
"POINT (10.030452735000001 53.586413049000001)","Unfall 95675 (2016) Kat:3, Licht: 0","95675","3","5","1","05","12","2","","0","1","1","0","0"
"POINT (10.028050101000000 53.674881587999998)","Unfall 95676 (2016) Kat:2, Licht: 2","95676","2","7","5","04","23","6","","2","0","1","0","0"
"POINT (9.937152190999999 53.592552390000002)","Unfall 95677 (2016) Kat:3, Licht: 0","95677","3","6","2","05","13","4","","0","0","1","0","0"
"POINT (10.143150389000001 53.600380827000002)","Unfall 95678 (2016) Kat:3, Licht: 0","95678","3","6","2","05","13","5","","0","0","1","0","0"
"POINT (9.950145876000001 53.556625795000002)","Unfall 95679 (2016) Kat:3, Licht: 2","95679","3","7","3","05","23","6","","2","0","1","0","1"
"POINT (10.023921106000000 53.546571585000002)","Unfall 95680 (2016) Kat:3, Licht: 0","95680","3","2","4","04","18","4","","0","0","1","0","0"
"POINT (9.894742365000001 53.477459396000000)","Unfall 95681 (2016) Kat:3, Licht: 0","95681","3","3","5","04","10","7","","0","0","1","0","0"
"POINT (10.057171578000000 53.580148610000002)","Unfall 95682 (2016) Kat:3, Licht: 0","95682","3","2","4","05","06","5","","0","0","1","0","0"
"POINT (10.107156699000001 53.573126999000003)","Unfall 95683 (2016) Kat:3, Licht: 0","95683","3","2","2","05","18","7","","0","0","1","0","1"
"POINT (10.016413211000000 53.552005862999998)","Unfall 95684 (2016) Kat:3, Licht: 0","95684","3","6","1","05","10","3","","0","0","1","0","1"
"POINT (10.132894179999999 53.637338407000001)","Unfall 95685 (2016) Kat:2, Licht: 0","95685","2","1","4","05","11","3","","0","0","1","0","0"
"POINT (10.035708914000001 53.601091046999997)","Unfall 95686 (2016) Kat:3, Licht: 0","95686","3","2","2","05","20","2","","0","0","1","0","0"
"POINT (10.021600996000000 53.614709640999997)","Unfall 95687 (2016) Kat:3, Licht: 0","95687","3","2","0","04","14","6","","0","0","1","1","0"
"POINT (9.890209885000001 53.574987229000001)","Unfall 95688 (2016) Kat:3, Licht: 0","95688","3","3","5","05","12","5","","0","1","1","0","0"
"POINT (9.912522640000001 53.560464408999998)","Unfall 95689 (2016) Kat:3, Licht: 0","95689","3","4","6","05","15","2","","0","1","0","1","0"
"POINT (10.022866552000000 53.584480169999999)","Unfall 95690 (2016) Kat:3, Licht: 0","95690","3","4","6","04","09","6","","0","0","1","1","0"
"POINT (9.822605977000000 53.569836684000002)","Unfall 95691 (2016) Kat:3, Licht: 0","95691","3","3","5","05","18","4","","0","1","1","0","0"
"POINT (10.041146789000001 53.586977322999999)","Unfall 95692 (2016) Kat:3, Licht: 0","95692","3","6","2","05","18","5","","0","0","0","0","1"
"POINT (10.065394952000000 53.572847613999997)","Unfall 95693 (2016) Kat:3, Licht: 0","95693","3","2","6","05","08","7","","0","0","1","1","0"
"POINT (9.986763994000000 53.511137232000003)","Unfall 95694 (2016) Kat:3, Licht: 2","95694","3","7","2","04","00","7","","2","0","1","0","1"
"POINT (10.071294447000000 53.663353282999999)","Unfall 95695 (2016) Kat:3, Licht: 0","95695","3","2","0","05","18","5","","0","0","1","0","1"
"POINT (9.967469988000000 53.439237100000000)","Unfall 95696 (2016) Kat:3, Licht: 0","95696","3","6","1","05","20","5","","0","0","1","0","0"
"POINT (9.908231849000000 53.591594561999997)","Unfall 95697 (2016) Kat:3, Licht: 0","95697","3","2","5","05","14","2","","0","0","0","0","1"
"POINT (10.020386557000000 53.567968250000000)","Unfall 95698 (2016) Kat:3, Licht: 0","95698","3","3","5","05","11","2","","0","1","0","0","0"
"POINT (9.993721944000001 53.557759926999999)","Unfall 95699 (2016) Kat:3, Licht: 2","95699","3","3","4","05","03","1","","2","1","1","0","0"
"POINT (10.011185747000001 53.569670172000002)","Unfall 95700 (2016) Kat:3, Licht: 0","95700","3","6","4","04","16","6","","0","1","0","0","0"
"POINT (9.995473692999999 53.568631064999998)","Unfall 95701 (2016) Kat:2, Licht: 0","95701","2","2","3","05","18","5","","0","0","1","0","1"
"POINT (10.053326529000000 53.537298825999997)","Unfall 95702 (2016) Kat:3, Licht: 0","95702","3","2","5","05","17","3","","0","0","1","0","1"
"POINT (10.183672476000000 53.488520717000000)","Unfall 95703 (2016) Kat:2, Licht: 2","95703","2","6","6","04","22","7","","2","0","0","1","0"
"POINT (10.003230611999999 53.580698386000002)","Unfall 95704 (2016) Kat:3, Licht: 0","95704","3","2","0","05","09","3","","0","1","1","0","0"
"POINT (10.016055373000000 53.634586706000000)","Unfall 95705 (2016) Kat:3, Licht: 0","95705","3","2","5","05","18","7","","0","0","1","0","0"
"POINT (10.105271917000000 53.651084271000002)","Unfall 95706 (2016) Kat:3, Licht: 0","95706","3","7","3","05","11","4","","0","0","1","0","0"
"POINT (10.014439145000001 53.627038990999999)","Unfall 95707 (2016) Kat:2, Licht: 0","95707","2","3","0","05","10","5","","0","0","1","0","0"
"POINT (10.059410531999999 53.589909732999999)","Unfall 95708 (2016) Kat:3, Licht: 0","95708","3","6","2","05","18","5","","0","0","1","0","0"
"POINT (10.014555142000001 53.649377475000001)","Unfall 95709 (2016) Kat:2, Licht: 0","95709","2","4","6","05","19","7","","0","0","1","1","0"
"POINT (10.106290097000000 53.546591767000002)","Unfall 95710 (2016) Kat:3, Licht: 0","95710","3","2","2","04","14","7","","0","0","1","0","0"
"POINT (10.015644866000001 53.590619869999998)","Unfall 95711 (2016) Kat:3, Licht: 0","95711","3","4","6","05","13","5","","0","0","1","1","0"
"POINT (10.132094195000001 53.602757576000002)","Unfall 95712 (2016) Kat:3, Licht: 0","95712","3","7","1","05","08","5","","0","0","1","0","0"
"POINT (9.866363920000000 53.596602492000002)","Unfall 95713 (2016) Kat:3, Licht: 0","95713","3","3","5","05","20","2","","0","1","1","0","0"
"POINT (10.125409782000000 53.627444083000000)","Unfall 95714 (2016) Kat:2, Licht: 0","95714","2","6","4","05","18","1","","0","0","1","0","0"
"POINT (10.047452845000000 53.572191568000001)","Unfall 95715 (2016) Kat:3, Licht: 0","95715","3","3","5","04","07","6","","0","0","1","0","0"
"POINT (9.983661356000001 53.518430226000000)","Unfall 95716 (2016) Kat:3, Licht: 0","95716","3","6","2","05","08","2","","0","1","1","0","0"
"POINT (9.975320226999999 53.579041658999998)","Unfall 95717 (2016) Kat:3, Licht: 0","95717","3","2","4","05","13","7","","0","1","0","0","0"
"POINT (9.897782380000001 53.605228650000001)","Unfall 95718 (2016) Kat:3, Licht: 0","95718","3","6","1","04","19","6","","0","0","1","0","0"
"POINT (10.017064637000001 53.640104862000001)","Unfall 95719 (2016) Kat:3, Licht: 0","95719","3","3","0","05","07","6","","0","1","1","0","0"
"POINT (9.991872846000000 53.553695724000001)","Unfall 95720 (2016) Kat:3, Licht: 0","95720","3","6","2","05","14","5","","0","0","1","0","1"