WKT,Name,OBJECTID,UKATEGORIE,UTYP1,UART,UMONAT,USTUNDE,UWOCHENTAG,STRZUSTAND,ULICHTVERH,ISTRAD,ISTPKW,ISTFUSS,ISTKRAD
"POINT (10.141614097000000 53.570497009000000)","Unfall 95721 (2016) Kat:3, Licht: 0","95721","3","3","5","05","19","3","","0","1","1","0","0"
"POINT (10.124626556999999 53.570982802000003)","Unfall 95722 (2016) Kat:3, Licht: 2","95722","3","2","5","04","23","7","","2","0","1","0","0"
"POINT (9.863098926999999 53.599123486000003)","Unfall 95723 (2016) Kat:3, Licht: 0","95723","3","4","6","05","14","5","","0","0","1","1","0"
"POINT (10.057432460999999 53.565009619000001)","Unfall 95724 (2016) Kat:3, Licht: 0","95724","3","4","6","05","09","3","","0","0","1","1","0"
"POINT (10.001063936000000 53.676954408999997)","Unfall 95725 (2016) Kat:3, Licht: 0","95725","3","2","2","05","15","7","","0","0","1","0","0"
"POINT (9.889113183999999 53.600939900999997)","Unfall 95726 (2016) Kat:3, Licht: 0","95726","3","2","0","05","06","4","","0","0","1","1","0"
"POINT (9.931003617000000 53.545256950999999)","Unfall 95727 (2016) Kat:3, Licht: 0","95727","3","1","8","05","14","5","","0","1","0","0","0"
"POINT (9.937540310999999 53.555710611000002)","Unfall 95728 (2016) Kat:3, Licht: 0","95728","3","6","0","05","19","5","","0","0","1","0","1"
"POINT (10.032990992000000 53.590543811000003)","Unfall 95729 (2016) Kat:3, Licht: 0","95729","3","6","6","05","06","4","","0","1","0","1","0"
"POINT (9.932572379000000 53.566443671999998)","Unfall 95730 (2016) Kat:3, Licht: 0","95730","3","3","1","05","11","2","","0","1","1","0","0"
"POINT (9.883103587000001 53.598960693000002)","Unfall 95731 (2016) Kat:3, Licht: 0","95731","3","5","1","04","07","6","","0","0","1","0","1"
"POINT (9.908925963000000 53.591508046999998)","Unfall 95732 (2016) Kat:3, Licht: 0","95732","3","7","2","05","14","4","","0","0","1","0","0"
"POINT (10.047383250999999 53.520341029999997)","Unfall 95733 (2016) Kat:2, Licht: 0","95733","2","7","0","05","18","2","","0","1","0","0","0"
"POINT (9.985608612000000 53.436469019000000)","Unfall 95734 (2016) Kat:2, Licht: 0","95734","2","3","0","05","16","5","","0","1","0","0","0"
"POINT (10.074272921000000 53.611679320000000)","Unfall 95735 (2016) Kat:3, Licht: 0","95735","3","3","5","05","09","6","","0","1","0","0","0"
"POINT (9.961875477000000 53.632211050999999)","Unfall 95736 (2016) Kat:2, Licht: 0","95736","2","7","6","05","15","1","","0","1","0","1","0"
"POINT (9.938293806000001 53.553140810999999)","Unfall 95737 (2016) Kat:3, Licht: 0","95737","3","6","3","04","12","6","","0","0","0","0","0"
"POINT (10.047025030000000 53.561254640000001)","Unfall 95738 (2016) Kat:3, Licht: 0","95738","3","6","3","05","15","2","","0","0","1","0","0"
"POINT (9.981909520000000 53.417799522999999)","Unfall 95739 (2016) Kat:3, Licht: 0","95739","3","2","4","05","09","6","","0","0","1","0","0"
"POINT (10.035050787999999 53.572478830999998)","Unfall 95740 (2016) Kat:3, Licht: 0","95740","3","2","5","05","19","6","","0","0","1","0","1"
"POINT (9.991926432000000 53.504379319000002)","Unfall 95741 (2016) Kat:3, Licht: 0","95741","3","7","6","05","13","4","","0","1","0","1","0"
"POINT (10.116987325000000 53.625456651000000)","Unfall 95742 (2016) Kat:3, Licht: 0","95742","3","2","3","05","13","3","","0","1","0","0","0"
"POINT (10.018326893999999 53.568307978000000)","Unfall 95743 (2016) Kat:3, Licht: 0","95743","3","2","0","04","17","7","","0","0","1","0","0"
"POINT (9.990607875000000 53.560442576000000)","Unfall 95744 (2016) Kat:3, Licht: 0","95744","3","3","5","05","10","5","","0","0","1","0","0"
"POINT (9.866105401000000 53.577803029999998)","Unfall 95745 (2016) Kat:3, Licht: 0","95745","3","3","3","05","14","3","","0","1","1","0","0"
"POINT (10.012876157999999 53.569197080000002)","Unfall 95746 (2016) Kat:2, Licht: 0","95746","2","5","0","05","16","7","","0","1","1","0","0"
"POINT (10.119600175000000 53.535388427999997)","Unfall 95747 (2016) Kat:3, Licht: 0","95747","3","4","6","05","19","3","","0","0","1","1","0"
"POINT (10.008480275000000 53.559077311000003)","Unfall 95748 (2016) Kat:3, Licht: 2","95748","3","6","3","05","23","4","","2","0","1","0","0"
"POINT (9.874952362000000 53.587900515000001)","Unfall 95749 (2016) Kat:3, Licht: 0","95749","3","2","5","05","10","2","","0","1","1","0","0"
"POINT (9.984493426000000 53.564107432999997)","Unfall 95750 (2016) Kat:2, Licht: 0","95750","2","3","5","04","13","6","","0","1","0","0","0"
"POINT (9.904147774000000 53.587573745000000)","Unfall 95751 (2016) Kat:3, Licht: 0","95751","3","3","5","05","07","4","","0","1","1","0","0"
"POINT (10.058365861000000 53.580453663999997)","Unfall 95752 (2016) Kat:3, Licht: 0","95752","3","2","3","05","07","5","","0","1","1","0","0"
"POINT (9.986576258000000 53.555636601000003)","Unfall 95753 (2016) Kat:3, Licht: 0","95753","3","2","4","05","11","6","","0","1","1","0","0"
"POINT (10.084925862000000 53.614296641000003)","Unfall 95754 (2016) Kat:2, Licht: 0","95754","2","3","5","04","13","4","","0","0","1","0","1"
"POINT (10.024662995000000 53.557670455999997)","Unfall 95755 (2016) Kat:3, Licht: 0","95755","3","6","3","04","15","7","","0","0","1","0","0"
"POINT (10.007459195999999 53.558664252000000)","Unfall 95756 (2016) Kat:3, Licht: 0","95756","3","6","2","05","16","5","","0","0","1","0","0"
"POINT (9.898661552000000 53.611941324000000)","Unfall 95757 (2016) Kat:3, Licht: 0","95757","3","2","4","05","12","7","","0","0","1","0","1"
"POINT (9.968707050000001 53.580542921000003)","Unfall 95758 (2016) Kat:3, Licht: 0","95758","3","7","0","05","18","2","","0","1","0","0","0"
"POINT (9.881566914000000 53.593213773000002)","Unfall 95759 (2016) Kat:3, Licht: 0","95759","3","1","8","05","13","6","","0","0","0","0","1"
"POINT (10.053956105999999 53.646392921000000)","Unfall 95760 (2016) Kat:3, Licht: 0","95760","3","6","2","04","07","4","","0","0","1","0","0"
"POINT (10.049666016000000 53.590910516000001)","Unfall 95761 (2016) Kat:3, Licht: 0","95761","3","5","9","04","11","7","","0","0","1","0","0"
"POINT (9.850087715000001 53.471932694000003)","Unfall 95762 (2016) Kat:3, Licht: 0","95762","3","3","5","05","17","4","","0","0","1","0","1"
"POINT (9.904949698999999 53.595235991000003)","Unfall 95763 (2016) Kat:3, Licht: 0","95763","3","6","1","05","10","3","","0","0","1","0","0"
"POINT (9.919341681000001 53.628738368000000)","Unfall 95764 (2016) Kat:3, Licht: 0","95764","3","3","5","05","16","7","","0","1","1","0","0"
"POINT (9.808444078000001 53.569972028999999)","Unfall 95765 (2016) Kat:3, Licht: 2","95765","3","1","9","05","22","3","","2","0","1","0","0"
"POINT (9.986622797000001 53.452963355000001)","Unfall 95766 (2016) Kat:3, Licht: 2","95766","3","3","5","05","23","3","","2","0","1","0","0"
"POINT (9.935043422000000 53.547712486000002)","Unfall 95767 (2016) Kat:3, Licht: 0","95767","3","7","0","05","19","2","","0","1","0","0","0"
"POINT (9.977247148000000 53.564264074000000)","Unfall 95768 (2016) Kat:3, Licht: 0","95768","3","3","5","04","14","6","","0","0","1","0","0"
"POINT (9.878667243000001 53.562011949000002)","Unfall 95769 (2016) Kat:3, Licht: 0","95769","3","3","5","05","17","4","","0","1","1","0","0"
"POINT (10.032268973000001 53.580768171000003)","Unfall 95770 (2016) Kat:3, Licht: 0","95770","3","4","6","05","15","5","","0","0","1","1","0"
"POINT (9.946295498000000 53.593635687000003)","Unfall 95771 (2016) Kat:2, Licht: 0","95771","2","6","2","05","16","7","","0","0","1","0","1"
"POINT (10.041020977000001 53.579858231000003)","Unfall 95772 (2016) Kat:3, Licht: 0","95772","3","6","1","04","17","7","","0","0","1","0","0"
"POINT (9.988523667999999 53.440426426999998)","Unfall 95773 (2016) Kat:3, Licht: 0","95773","3","6","2","05","18","4","","0","0","1","0","0"
"POINT (10.084655708000000 53.550715230000002)","Unfall 95774 (2016) Kat:3, Licht: 0","95774","3","3","5","05","11","5","","0","0","1","0","0"
"POINT (9.988781074000000 53.575221706000001)","Unfall 95775 (2016) Kat:3, Licht: 0","95775","3","2","4","05","12","2","","0","0","1","0","1"
"POINT (9.845778495999999 53.557933476000002)","Unfall 95776 (2016) Kat:3, Licht: 2","95776","3","5","1","05","02","2","","2","0","1","0","0"
"POINT (9.997767980000001 53.519786711000002)","Unfall 95777 (2016) Kat:3, Licht: 0","95777","3","2","1","04","14","5","","0","0","1","0","0"
"POINT (10.059812276000001 53.572175915999999)","Unfall 95778 (2016) Kat:3, Licht: 0","95778","3","6","1","05","14","2","","0","0","1","0","0"
"POINT (10.117670622000000 53.607034394000003)","Unfall 95779 (2016) Kat:3, Licht: 2","95779","3","7","3","05","22","7","","2","0","1","0","0"
"POINT (10.100330275999999 53.496619275999997)","Unfall 95780 (2016) Kat:3, Licht: 0","95780","3","3","5","04","16","5","","0","0","1","0","1"
"POINT (10.077825864999999 53.497964156999998)","Unfall 95781 (2016) Kat:3, Licht: 0","95781","3","3","1","05","14","2","","0","1","1","0","0"
"POINT (9.825694966000000 53.559015817000002)","Unfall 95782 (2016) Kat:3, Licht: 0","95782","3","6","3","05","20","3","","0","1","1","0","0"
"POINT (9.970964760999999 53.557216932999999)","Unfall 95783 (2016) Kat:2, Licht: 0","95783","2","4","6","05","15","2","","0","0","1","1","0"
"POINT (10.184530912000000 53.507610129000000)","Unfall 95784 (2016) Kat:3, Licht: 0","95784","3","7","0","04","15","5","","0","0","1","0","0"
"POINT (9.905419274000000 53.633509982000000)","Unfall 95785 (2016) Kat:3, Licht: 0","95785","3","4","6","05","08","4","","0","0","1","1","0"
"POINT (9.935137182000000 53.547713532000003)","Unfall 95786 (2016) Kat:3, Licht: 0","95786","3","5","1","05","17","5","","0","1","1","0","0"
"POINT (10.178678831999999 53.635864966000000)","Unfall 95787 (2016) Kat:3, Licht: 0","95787","3","3","5","05","11","3","","0","0","1","0","0"
"POINT (10.042694883999999 53.589413071999999)","Unfall 95788 (2016) Kat:3, Licht: 0","95788","3","6","3","04","09","7","","0","0","1","0","0"
"POINT (9.941976983000000 53.578016953999999)","Unfall 95789 (2016) Kat:3, Licht: 0","95789","3","2","3","05","15","7","","0","1","1","0","0"
"POINT (10.084869808000001 53.659502234999998)","Unfall 95790 (2016) Kat:1, Licht: 0","95790","1","2","6","05","12","4","","0","0","1","1","0"
"POINT (9.865935209000000 53.576784377000003)","Unfall 95791 (2016) Kat:3, Licht: 0","95791","3","6","3","04","11","7","","0","1","0","0","0"
"POINT (10.237529132000001 53.468097481999997)","Unfall 95792 (2016) Kat:2, Licht: 0","95792","2","6","1","05","18","4","","0","0","1","0","0"
"POINT (10.108047855000001 53.655669144000001)","Unfall 95793 (2016) Kat:2, Licht: 0","95793","2","3","5","05","14","5","","0","1","1","0","0"
"POINT (9.956376822999999 53.551713384000003)","Unfall 95794 (2016) Kat:3, Licht: 0","95794","3","6","3","05","15","2","","0","1","0","0","0"
"POINT (10.065499768000000 53.598174671999999)","Unfall 95795 (2016) Kat:3, Licht: 0","95795","3","6","2","05","13","1","","0","0","1","0","0"
"POINT (10.098930777000000 53.588995255999997)","Unfall 95796 (2016) Kat:3, Licht: 2","95796","3","3","5","04","22","5","","2","0","1","0","0"
"POINT (10.083043374000001 53.581396282000000)","Unfall 95797 (2016) Kat:3, Licht: 0","95797","3","3","5","05","19","2","","0","0","1","0","0"
"POINT (9.854653559000001 53.472029224000003)","Unfall 95798 (2016) Kat:3, Licht: 0","95798","3","6","2","05","13","6","","0","0","1","0","1"
"POINT (10.033235711000000 53.621370032000002)","Unfall 95799 (2016) Kat:2, Licht: 0","95799","2","6","3","05","08","6","","0","0","1","0","0"
"POINT (9.869194488000000 53.533891099999998)","Unfall 95800 (2016) Kat:3, Licht: 0","95800","3","7","6","05","14","4","","0","1","0","1","0"
"POINT (10.185405769999999 53.635981868999998)","Unfall 95801 (2016) Kat:3, Licht: 0","95801","3","1","8","05","10","3","","0","0","1","0","0"
"POINT (9.812103912000000 53.561858012999998)","Unfall 95802 (2016) Kat:3, Licht: 0","95802","3","6","2","04","10","7","","0","0","1","0","0"
"POINT (10.057656318999999 53.554070289000002)","Unfall 95803 (2016) Kat:3, Licht: 0","95803","3","3","5","05","18","4","","0","0","1","0","0"
"POINT (9.898199263000000 53.625159580999998)","Unfall 95804 (2016) Kat:2, Licht: 0","95804","2","2","5","05","17","3","","0","0","1","0","1"
"POINT (9.946799607000001 53.580652979000000)","Unfall 95805 (2016) Kat:3, Licht: 0","95805","3","4","6","05","11","7","","0","1","0","1","0"
"POINT (10.005138746000000 53.557872338000003)","Unfall 95806 (2016) Kat:3, Licht: 0","95806","3","6","2","05","16","4","","0","0","1","0","1"
"POINT (9.973145046999999 53.566925560000001)","Unfall 95807 (2016) Kat:3, Licht: 0","95807","3","7","0","05","09","5","","0","1","0","0","0"
"POINT (10.163030635000000 53.598523184000001)","Unfall 95808 (2016) Kat:3, Licht: 0","95808","3","7","6","05","17","3","","0","1","0","1","0"
"POINT (9.929295185999999 53.567490954999997)","Unfall 95809 (2016) Kat:2, Licht: 0","95809","2","3","5","04","11","7","","0","0","1","0","0"
"POINT (9.940764865000000 53.616910975000003)","Unfall 95810 (2016) Kat:3, Licht: 0","95810","3","6","2","05","16","3","","0","0","1","0","0"
"POINT (9.943395556000001 53.548254632999999)","Unfall 95811 (2016) Kat:3, Licht: 0","95811","3","5","8","05","07","7","","0","0","1","0","0"
"POINT (10.015929012000001 53.568883706999998)","Unfall 95812 (2016) Kat:2, Licht: 2","95812","2","5","1","05","00","4","","2","1","1","0","0"
"POINT (10.040098223999999 53.556024579000002)","Unfall 95813 (2016) Kat:3, Licht: 0","95813","3","3","5","05","17","4","","0","1","1","0","0"
"POINT (9.909943479000001 53.554778917999997)","Unfall 95814 (2016) Kat:3, Licht: 0","95814","3","2","2","05","08","5","","0","1","1","0","0"
"POINT (10.088298267000001 53.575162341000002)","Unfall 95815 (2016) Kat:3, Licht: 0","95815","3","3","5","04","16","5","","0","1","1","0","0"
"POINT (10.040722714999999 53.602769459000001)","Unfall 95816 (2016) Kat:3, Licht: 0","95816","3","4","6","05","09","2","","0","0","0","1","0"
"POINT (9.855890365000001 53.473323401999998)","Unfall 95817 (2016) Kat:3, Licht: 0","95817","3","2","4","05","17","5","","0","1","1","0","0"
"POINT (10.052682082000000 53.550069080999997)","Unfall 95818 (2016) Kat:3, Licht: 0","95818","3","3","5","05","11","6","","0","1","1","0","0"
"POINT (10.013687458000000 53.578909088000003)","Unfall 95819 (2016) Kat:3, Licht: 0","95819","3","2","3","05","09","6","","0","1","1","0","0"
"POINT (10.186591548000001 53.489995035000000)","Unfall 95820 (2016) Kat:3, Licht: 0","95820","3","3","5","05","20","4","","0","1","1","0","0"
"POINT (10.059956894999999 53.584727243000003)","Unfall 95821 (2016) Kat:2, Licht: 0","95821","2","2","4","05","19","3","","0","0","1","0","1"
"POINT (9.952097372000001 53.582145564000001)","Unfall 95822 (2016) Kat:3, Licht: 0","95822","3","3","5","04","10","7","","0","1","1","0","0"
"POINT (10.052881412000000 53.557374566999997)","Unfall 95823 (2016) Kat:3, Licht: 0","95823","3","2","3","05","09","4","","0","1","1","0","0"
"POINT (9.944254583999999 53.593381141999998)","Unfall 95824 (2016) Kat:3, Licht: 0","95824","3","6","1","05","09","3","","0","0","1","0","0"
"POINT (9.962759608000001 53.552423433999998)","Unfall 95825 (2016) Kat:3, Licht: 0","95825","3","3","5","05","16","7","","0","1","1","0","0"
"POINT (10.080873905000001 53.559810753999997)","Unfall 95826 (2016) Kat:3, Licht: 0","95826","3","2","4","05","10","3","","0","0","1","0","1"
"POINT (9.997765089000000 53.557768523999997)","Unfall 95827 (2016) Kat:3, Licht: 0","95827","3","6","2","05","12","4","","0","0","1","0","0"
"POINT (9.993991511000001 53.445164144000003)","Unfall 95828 (2016) Kat:2, Licht: 0","95828","2","4","6","05","11","1","","0","0","1","1","0"
"POINT (10.067097564000001 53.579137699000000)","Unfall 95829 (2016) Kat:3, Licht: 0","95829","3","3","5","04","19","5","","0","1","1","0","0"
"POINT (9.949836079000001 53.578979553000003)","Unfall 95830 (2016) Kat:3, Licht: 1","95830","3","7","0","05","04","4","","1","0","0","0","1"
"POINT (10.123286125000000 53.568817803000002)","Unfall 95831 (2016) Kat:3, Licht: 0","95831","3","3","5","05","12","4","","0","0","1","0","1"
"POINT (10.083647149999999 53.540368778000001)","Unfall 95832 (2016) Kat:3, Licht: 0","95832","3","2","3","05","08","4","","0","1","0","0","0"
"POINT (9.934242854000001 53.573606626999997)","Unfall 95833 (2016) Kat:3, Licht: 2","95833","3","1","9","05","23","4","","2","0","1","0","0"
"POINT (10.015473303000000 53.521364218999999)","Unfall 95834 (2016) Kat:3, Licht: 2","95834","3","7","0","05","23","1","","2","0","1","0","0"
"POINT (10.097171864000000 53.618235022999997)","Unfall 95835 (2016) Kat:3, Licht: 0","95835","3","3","5","04","14","5","","0","0","1","0","0"
"POINT (9.953550465999999 53.568515605000002)","Unfall 95836 (2016) Kat:3, Licht: 0","95836","3","7","6","05","17","4","","0","0","1","1","0"
"POINT (10.149250826999999 53.642854528999997)","Unfall 95837 (2016) Kat:2, Licht: 0","95837","2","4","6","05","16","2","","0","0","1","1","0"
"POINT (10.071003327000000 53.552589099999999)","Unfall 95838 (2016) Kat:3, Licht: 0","95838","3","6","1","05","12","5","","0","0","1","0","0"
"POINT (9.950869894000000 53.626488428999998)","Unfall 95839 (2016) Kat:3, Licht: 2","95839","3","7","0","05","22","6","","2","1","0","0","0"
"POINT (10.032144580000001 53.593195860999998)","Unfall 95840 (2016) Kat:2, Licht: 0","95840","2","2","5","04","08","4","","0","0","1","0","1"
"POINT (9.977187512000000 53.589481528000000)","Unfall 95841 (2016) Kat:3, Licht: 2","95841","3","7","1","04","00","7","","2","0","1","0","0"
"POINT (10.071248065000001 53.570597739000000)","Unfall 95842 (2016) Kat:3, Licht: 0","95842","3","3","5","05","18","4","","0","0","1","0","0"
"POINT (9.964663656999999 53.547097786000002)","Unfall 95843 (2016) Kat:3, Licht: 2","95843","3","7","3","05","23","7","","2","1","1","0","0"
"POINT (10.004078957999999 53.546638184000003)","Unfall 95844 (2016) Kat:3, Licht: 0","95844","3","3","5","05","11","3","","0","1","1","0","0"
"POINT (10.125646141000001 53.572667334000002)","Unfall 95845 (2016) Kat:3, Licht: 0","95845","3","6","2","05","12","3","","0","0","1","0","0"
"POINT (10.006604812000001 53.496779994999997)","Unfall 95846 (2016) Kat:3, Licht: 0","95846","3","6","2","05","12","1","","0","0","1","0","0"
"POINT (10.022006123000001 53.629756161000003)","Unfall 95847 (2016) Kat:3, Licht: 0","95847","3","7","0","04","12","5","","0","1","1","0","0"
"POINT (9.921572386999999 53.556021250999997)","Unfall 95848 (2016) Kat:3, Licht: 0","95848","3","2","4","05","10","4","","0","0","1","0","1"
"POINT (9.831686977000000 53.565406328999998)","Unfall 95849 (2016) Kat:2, Licht: 0","95849","2","4","0","05","16","5","","0","0","1","1","0"
"POINT (9.961699469999999 53.546906077000003)","Unfall 95850 (2016) Kat:3, Licht: 2","95850","3","7","6","05","22","7","","2","0","1","1","0"
"POINT (9.993778007000000 53.578321813000002)","Unfall 95851 (2016) Kat:3, Licht: 2","95851","3","7","5","04","23","7","","2","0","1","0","0"
"POINT (10.080526894000000 53.619141440000000)","Unfall 95852 (2016) Kat:3, Licht: 0","95852","3","2","5","05","11","4","","0","1","1","0","0"
"POINT (10.020933850000000 53.618533552999999)","Unfall 95853 (2016) Kat:3, Licht: 0","95853","3","2","5","05","07","5","","0","1","0","0","0"
"POINT (9.953135323000000 53.546454308000001)","Unfall 95854 (2016) Kat:3, Licht: 0","95854","3","2","6","04","12","7","","0","0","1","1","0"
"POINT (9.958102493000000 53.464593538999999)","Unfall 95855 (2016) Kat:3, Licht: 0","95855","3","6","4","05","18","5","","0","0","1","0","1"
"POINT (9.987821184000000 53.556131342000000)","Unfall 95856 (2016) Kat:3, Licht: 0","95856","3","6","2","05","06","7","","0","1","1","0","0"
"POINT (10.112358022000000 53.564578300999997)","Unfall 95857 (2016) Kat:3, Licht: 0","95857","3","3","5","05","12","1","","0","1","1","0","0"
"POINT (10.026771163999999 53.578760101000000)","Unfall 95858 (2016) Kat:3, Licht: 1","95858","3","7","0","05","20","2","","1","1","1","0","0"
"POINT (9.988247447999999 53.591928469999999)","Unfall 95859 (2016) Kat:3, Licht: 0","95859","3","7","3","05","19","3","","0","0","1","0","1"
"POINT (10.165703751000001 53.622400159999998)","Unfall 95860 (2016) Kat:3, Licht: 0","95860","3","3","5","05","13","1","","0","0","1","0","0"
"POINT (9.962734899000001 53.549590969999997)","Unfall 95861 (2016) Kat:3, Licht: 0","95861","3","5","2","05","20","1","","0","1","1","0","0"
"POINT (10.055473147000001 53.574504373000003)","Unfall 95862 (2016) Kat:3, Licht: 0","95862","3","2","3","04","07","5","","0","0","1","0","0"
"POINT (9.947673574000000 53.549217313000000)","Unfall 95863 (2016) Kat:3, Licht: 0","95863","3","5","1","05","09","5","","0","1","1","0","0"
"POINT (10.085606726000000 53.564995574000001)","Unfall 95864 (2016) Kat:3, Licht: 0","95864","3","3","5","05","07","3","","0","1","1","0","0"
"POINT (9.985738434000000 53.557966567000001)","Unfall 95865 (2016) Kat:3, Licht: 0","95865","3","6","2","04","16","7","","0","0","1","0","0"
"POINT (9.974403449000000 53.586112063999998)","Unfall 95866 (2016) Kat:3, Licht: 0","95866","3","3","5","05","16","3","","0","1","1","0","0"
"POINT (10.013161982000000 53.553997088999999)","Unfall 95867 (2016) Kat:3, Licht: 0","95867","3","4","6","05","16","7","","0","0","1","1","0"
"POINT (10.070567397000000 53.666171171000002)","Unfall 95868 (2016) Kat:3, Licht: 0","95868","3","7","0","05","13","4","","0","1","1","0","0"
"POINT (9.912607045000000 53.514354982000000)","Unfall 95869 (2016) Kat:3, Licht: 0","95869","3","6","1","04","11","6","","0","0","1","0","0"
"POINT (10.092999774999999 53.655056954000003)","Unfall 95870 (2016) Kat:3, Licht: 2","95870","3","7","0","05","22","4","","2","1","1","0","0"
"POINT (10.059065382000000 53.567158593999999)","Unfall 95871 (2016) Kat:3, Licht: 0","95871","3","3","5","05","12","5","","0","0","1","0","0"
"POINT (10.052903796000001 53.588660124999997)","Unfall 95872 (2016) Kat:3, Licht: 0","95872","3","6","3","05","18","1","","0","0","1","0","0"
"POINT (9.936598022000000 53.592517588000000)","Unfall 95873 (2016) Kat:3, Licht: 0","95873","3","1","8","04","18","5","","0","0","0","0","1"
"POINT (10.077271499000000 53.653107740999999)","Unfall 95874 (2016) Kat:3, Licht: 0","95874","3","2","4","05","08","2","","0","0","1","0","0"
"POINT (10.152510985999999 53.596455638000002)","Unfall 95875 (2016) Kat:3, Licht: 0","95875","3","3","5","05","15","5","","0","0","1","0","1"
"POINT (10.086564643000001 53.578557001999997)","Unfall 95876 (2016) Kat:3, Licht: 0","95876","3","3","5","05","18","1","","0","1","1","0","0"
"POINT (10.121740423000000 53.571004045000002)","Unfall 95877 (2016) Kat:3, Licht: 2","95877","3","5","1","05","01","1","","2","0","1","0","0"
"POINT (9.878703859000000 53.562019145000001)","Unfall 95878 (2016) Kat:3, Licht: 0","95878","3","3","5","04","17","5","","0","0","1","0","0"
"POINT (10.094293170000000 53.638336996000000)","Unfall 95879 (2016) Kat:3, Licht: 0","95879","3","6","2","05","14","2","","0","0","1","0","0"
"POINT (10.004788160000000 53.671743149000001)","Unfall 95880 (2016) Kat:3, Licht: 0","95880","3","5","1","05","13","7","","0","0","1","0","0"
"POINT (9.973604454000000 53.611848774999999)","Unfall 95881 (2016) Kat:3, Licht: 0","95881","3","3","5","04","16","5","","0","1","1","0","0"
"POINT (10.021159816000001 53.626812440000002)","Unfall 95882 (2016) Kat:3, Licht: 0","95882","3","3","5","05","08","6","","0","1","0","0","0"
"POINT (9.968091820000000 53.548946884999999)","Unfall 95883 (2016) Kat:3, Licht: 0","95883","3","5","1","05","12","5","","0","1","1","0","0"
"POINT (10.063643837000001 53.631778963999999)","Unfall 95884 (2016) Kat:3, Licht: 0","95884","3","5","1","05","17","3","","0","0","1","0","0"
"POINT (9.960095023999999 53.456760436000003)","Unfall 95885 (2016) Kat:3, Licht: 0","95885","3","3","5","04","14","6","","0","1","1","0","0"
"POINT (10.105131235000000 53.642486142000003)","Unfall 95886 (2016) Kat:3, Licht: 0","95886","3","3","5","05","14","4","","0","1","1","0","0"
"POINT (9.975302234999999 53.578864623000001)","Unfall 95887 (2016) Kat:3, Licht: 0","95887","3","2","5","05","12","3","","0","0","1","0","0"
"POINT (9.911957222000000 53.514188642000001)","Unfall 95888 (2016) Kat:1, Licht: 0","95888","1","3","5","05","10","6","","0","0","1","0","0"
"POINT (9.905665236999999 53.603261973999999)","Unfall 95889 (2016) Kat:3, Licht: 0","95889","3","7","1","05","15","4","","0","1","1","0","0"
"POINT (10.015616055000001 53.633462801000000)","Unfall 95890 (2016) Kat:3, Licht: 0","95890","3","6","2","05","15","4","","0","0","1","0","0"
"POINT (9.945642313000001 53.593612405999998)","Unfall 95891 (2016) Kat:3, Licht: 0","95891","3","6","2","05","16","5","","0","0","1","0","0"
"POINT (10.033567834999999 53.588009440999997)","Unfall 95892 (2016) Kat:3, Licht: 0","95892","3","4","5","05","14","4","","0","0","1","1","0"
"POINT (10.068470392000000 53.580822613000002)","Unfall 95893 (2016) Kat:3, Licht: 0","95893","3","3","5","05","06","1","","0","0","1","0","0"
"POINT (9.968549252000001 53.549334090999999)","Unfall 95894 (2016) Kat:3, Licht: 0","95894","3","2","0","05","18","4","","0","0","1","0","1"
"POINT (10.097324745000000 53.641919123999998)","Unfall 95895 (2016) Kat:3, Licht: 0","95895","3","3","5","05","07","2","","0","1","0","0","0"
"POINT (9.969223969000000 53.445192333000001)","Unfall 95896 (2016) Kat:2, Licht: 2","95896","2","1","8","05","23","5","","2","0","1","0","0"
"POINT (10.176922695000000 53.604288801000003)","Unfall 95897 (2016) Kat:3, Licht: 0","95897","3","3","5","05","07","6","","0","1","1","0","0"
"POINT (9.887171707000000 53.601064719000000)","Unfall 95898 (2016) Kat:2, Licht: 0","95898","2","3","5","05","14","6","","0","1","1","0","0"
"POINT (10.023084695000000 53.558408681000003)","Unfall 95899 (2016) Kat:3, Licht: 0","95899","3","6","2","04","17","4","","0","0","1","0","0"
"POINT (10.126872251000000 53.574783062000002)","Unfall 95900 (2016) Kat:3, Licht: 0","95900","3","4","6","05","13","4","","0","0","1","1","0"
"POINT (10.042878311999999 53.581049833999998)","Unfall 95901 (2016) Kat:3, Licht: 0","95901","3","6","0","06","17","6","","0","0","1","0","1"
"POINT (10.108191174000000 53.606191635999998)","Unfall 95902 (2016) Kat:2, Licht: 0","95902","2","6","0","06","19","3","","0","0","1","0","0"
"POINT (9.887117888000001 53.598843965000000)","Unfall 95903 (2016) Kat:3, Licht: 0","95903","3","7","0","06","15","3","","0","1","0","0","0"
"POINT (10.092204005999999 53.514077446000002)","Unfall 95904 (2016) Kat:3, Licht: 0","95904","3","3","5","05","19","3","","0","0","1","0","0"
"POINT (10.014601525000000 53.548220391999998)","Unfall 95905 (2016) Kat:3, Licht: 0","95905","3","6","2","06","12","7","","0","0","1","0","1"
"POINT (10.083522739999999 53.546312127999997)","Unfall 95906 (2016) Kat:3, Licht: 0","95906","3","6","1","05","12","5","","0","0","1","0","0"
"POINT (10.013574765000000 53.581584980999999)","Unfall 95907 (2016) Kat:3, Licht: 0","95907","3","3","5","06","10","5","","0","0","1","0","1"
"POINT (9.896117833000000 53.515644649000002)","Unfall 95908 (2016) Kat:3, Licht: 0","95908","3","2","3","06","10","1","","0","0","1","0","1"