WKT,Name,OBJECTID,UKATEGORIE,UTYP1,UART,UMONAT,USTUNDE,UWOCHENTAG,STRZUSTAND,ULICHTVERH,ISTRAD,ISTPKW,ISTFUSS,ISTKRAD
"POINT (10.189992581000000 53.504273642999998)","Unfall 95909 (2016) Kat:3, Licht: 0","95909","3","3","6","05","10","2","","0","0","1","1","0"
"POINT (9.984987601000000 53.572591490999997)","Unfall 95910 (2016) Kat:3, Licht: 0","95910","3","7","5","06","18","4","","0","0","1","0","1"
"POINT (9.989223315000000 53.581376701000003)","Unfall 95911 (2016) Kat:3, Licht: 0","95911","3","2","5","06","07","5","","0","1","1","0","0"
"POINT (9.948621065999999 53.551218493999997)","Unfall 95912 (2016) Kat:3, Licht: 0","95912","3","2","3","05","10","7","","0","1","1","0","0"
"POINT (10.197519797000000 53.492638941000003)","Unfall 95913 (2016) Kat:3, Licht: 0","95913","3","7","0","06","21","6","","0","1","1","0","0"
"POINT (10.050256409999999 53.532747530999998)","Unfall 95914 (2016) Kat:3, Licht: 0","95914","3","3","5","05","11","1","","0","0","1","0","0"
"POINT (10.114162972000001 53.564656794000001)","Unfall 95915 (2016) Kat:3, Licht: 0","95915","3","3","5","06","16","2","","0","1","1","0","0"
"POINT (10.205095955999999 53.474463755000002)","Unfall 95916 (2016) Kat:3, Licht: 0","95916","3","2","4","05","10","3","","0","0","1","0","0"
"POINT (10.013278943000000 53.561084053999998)","Unfall 95917 (2016) Kat:3, Licht: 0","95917","3","7","6","06","18","6","","0","1","0","1","0"
"POINT (9.956616428000000 53.450933194999998)","Unfall 95918 (2016) Kat:3, Licht: 0","95918","3","6","4","06","18","2","","0","1","0","0","0"
"POINT (10.039289384000000 53.579146578000000)","Unfall 95919 (2016) Kat:3, Licht: 0","95919","3","6","3","05","17","6","","0","1","1","0","0"
"POINT (10.102639220000000 53.558225806000003)","Unfall 95920 (2016) Kat:3, Licht: 0","95920","3","2","2","05","14","5","","0","0","1","0","0"
"POINT (9.939914296000000 53.592812150000000)","Unfall 95921 (2016) Kat:3, Licht: 0","95921","3","6","2","06","13","5","","0","0","1","0","0"
"POINT (9.948840481000000 53.562473074000003)","Unfall 95922 (2016) Kat:3, Licht: 0","95922","3","1","0","05","16","2","","0","0","0","0","1"
"POINT (9.978542473999999 53.571593268000001)","Unfall 95923 (2016) Kat:3, Licht: 0","95923","3","6","4","06","18","4","","0","1","0","0","0"
"POINT (10.196023345000000 53.476376410000000)","Unfall 95924 (2016) Kat:3, Licht: 0","95924","3","7","4","06","08","6","","0","1","0","0","0"
"POINT (10.161145732000000 53.604684063999997)","Unfall 95925 (2016) Kat:3, Licht: 0","95925","3","6","2","06","20","4","","0","0","1","0","0"
"POINT (9.994945694000000 53.571223031999999)","Unfall 95926 (2016) Kat:3, Licht: 0","95926","3","2","0","05","14","7","","0","0","1","0","1"
"POINT (10.055169447000001 53.560697716000000)","Unfall 95927 (2016) Kat:3, Licht: 0","95927","3","6","3","06","17","6","","0","1","0","0","0"
"POINT (9.988629939999999 53.572221822000003)","Unfall 95928 (2016) Kat:3, Licht: 0","95928","3","3","5","06","12","4","","0","0","1","0","0"
"POINT (9.945539717000001 53.471055108999998)","Unfall 95929 (2016) Kat:2, Licht: 0","95929","2","3","5","06","12","4","","0","0","1","0","0"
"POINT (9.975521679000000 53.544730391999998)","Unfall 95930 (2016) Kat:3, Licht: 0","95930","3","6","0","05","17","7","","0","1","0","1","0"
"POINT (10.027968746000001 53.552192705000003)","Unfall 95931 (2016) Kat:3, Licht: 0","95931","3","6","2","06","07","6","","0","0","1","0","0"
"POINT (10.117083778000000 53.598300021999997)","Unfall 95932 (2016) Kat:3, Licht: 0","95932","3","6","2","05","10","1","","0","0","1","0","0"
"POINT (10.062299120000000 53.555849338999998)","Unfall 95933 (2016) Kat:3, Licht: 0","95933","3","3","5","06","17","2","","0","1","1","0","0"
"POINT (10.100366194999999 53.584496985000001)","Unfall 95934 (2016) Kat:3, Licht: 0","95934","3","2","3","05","17","3","","0","1","0","0","0"
"POINT (10.105951051000000 53.538278990999999)","Unfall 95935 (2016) Kat:3, Licht: 0","95935","3","6","1","06","09","5","","0","0","1","0","0"
"POINT (9.993760310000001 53.583198864000003)","Unfall 95936 (2016) Kat:3, Licht: 0","95936","3","2","5","06","11","4","","0","0","1","0","0"
"POINT (10.132937479000001 53.605217820000000)","Unfall 95937 (2016) Kat:3, Licht: 0","95937","3","3","5","05","17","5","","0","1","1","0","0"
"POINT (9.890747440000000 53.612500990999997)","Unfall 95938 (2016) Kat:3, Licht: 0","95938","3","5","1","06","08","5","","0","1","1","0","0"
"POINT (9.963448896999999 53.564661063999999)","Unfall 95939 (2016) Kat:3, Licht: 0","95939","3","6","4","05","15","2","","0","1","0","0","0"
"POINT (10.127802025999999 53.576359363999998)","Unfall 95940 (2016) Kat:2, Licht: 0","95940","2","5","1","06","20","6","","0","0","1","0","1"
"POINT (10.015018502000000 53.574149679999998)","Unfall 95941 (2016) Kat:3, Licht: 0","95941","3","6","3","06","15","4","","0","1","0","0","0"
"POINT (10.081405832000000 53.593095157000000)","Unfall 95942 (2016) Kat:3, Licht: 0","95942","3","3","5","06","14","6","","0","0","1","0","0"
"POINT (9.928061644000000 53.558707630000001)","Unfall 95943 (2016) Kat:3, Licht: 0","95943","3","3","5","06","08","4","","0","0","1","0","0"
"POINT (9.830457579000001 53.557529320999997)","Unfall 95944 (2016) Kat:3, Licht: 0","95944","3","6","2","05","11","1","","0","0","1","0","0"
"POINT (10.068635019000000 53.580825373000003)","Unfall 95945 (2016) Kat:3, Licht: 0","95945","3","2","4","05","11","3","","0","0","1","0","0"
"POINT (10.120954720000000 53.607910582999999)","Unfall 95946 (2016) Kat:3, Licht: 0","95946","3","6","1","06","16","7","","0","0","1","0","0"
"POINT (10.185802110999999 53.648741518000001)","Unfall 95947 (2016) Kat:3, Licht: 0","95947","3","6","4","05","07","5","","0","1","0","0","0"
"POINT (10.116505834000000 53.489400975999999)","Unfall 95948 (2016) Kat:3, Licht: 0","95948","3","7","0","06","18","1","","0","0","0","0","1"
"POINT (10.001205600000000 53.543407981999998)","Unfall 95949 (2016) Kat:3, Licht: 0","95949","3","4","6","06","11","4","","0","0","1","1","0"
"POINT (9.976380005999999 53.570467231999999)","Unfall 95950 (2016) Kat:2, Licht: 0","95950","2","7","4","05","16","1","","0","1","0","0","0"
"POINT (10.040974562000001 53.601325064000001)","Unfall 95951 (2016) Kat:2, Licht: 0","95951","2","2","5","05","16","3","","0","1","1","0","0"
"POINT (9.995929631999999 53.620088228000000)","Unfall 95952 (2016) Kat:3, Licht: 0","95952","3","5","3","05","15","5","","0","0","1","0","0"
"POINT (10.105649266000000 53.641664528000000)","Unfall 95953 (2016) Kat:3, Licht: 0","95953","3","3","5","06","08","5","","0","0","1","0","0"
"POINT (9.987312836999999 53.548756245000000)","Unfall 95954 (2016) Kat:3, Licht: 0","95954","3","6","2","06","07","4","","0","0","1","0","0"
"POINT (10.103914926000000 53.539256299999998)","Unfall 95955 (2016) Kat:3, Licht: 0","95955","3","6","1","06","14","2","","0","0","1","0","0"
"POINT (10.010223551999999 53.648644762000004)","Unfall 95956 (2016) Kat:3, Licht: 0","95956","3","6","2","05","11","5","","0","0","1","0","0"
"POINT (9.901616213000001 53.556792883000000)","Unfall 95957 (2016) Kat:3, Licht: 2","95957","3","6","2","06","22","5","","2","0","1","0","0"
"POINT (9.964562985000001 53.464713385000003)","Unfall 95958 (2016) Kat:3, Licht: 0","95958","3","6","2","05","16","1","","0","0","1","0","0"
"POINT (10.091359228000000 53.587440835000002)","Unfall 95959 (2016) Kat:3, Licht: 0","95959","3","5","8","06","13","6","","0","0","1","0","0"
"POINT (9.892001670999999 53.619926796999998)","Unfall 95960 (2016) Kat:3, Licht: 0","95960","3","2","4","06","14","4","","0","0","1","0","1"
"POINT (9.962859148000000 53.546491521999997)","Unfall 95961 (2016) Kat:3, Licht: 2","95961","3","6","3","05","03","1","","2","0","1","0","0"
"POINT (10.006276446999999 53.551812239999997)","Unfall 95962 (2016) Kat:3, Licht: 0","95962","3","2","3","05","12","7","","0","0","0","0","1"
"POINT (10.080581255000000 53.618999012000003)","Unfall 95963 (2016) Kat:3, Licht: 0","95963","3","2","1","06","11","6","","0","0","1","0","0"
"POINT (10.070327741000000 53.559703304999999)","Unfall 95964 (2016) Kat:3, Licht: 0","95964","3","6","2","06","13","3","","0","0","1","0","0"
"POINT (10.051063923999999 53.586997363999998)","Unfall 95965 (2016) Kat:3, Licht: 2","95965","3","6","2","06","23","3","","2","0","1","0","0"
"POINT (10.119502980000000 53.655305878000000)","Unfall 95966 (2016) Kat:3, Licht: 0","95966","3","6","2","05","08","3","","0","0","1","0","0"
"POINT (10.069742303000000 53.579491001000001)","Unfall 95967 (2016) Kat:3, Licht: 0","95967","3","2","4","06","11","7","","0","0","1","0","0"
"POINT (10.015975801000000 53.650990331000003)","Unfall 95968 (2016) Kat:3, Licht: 0","95968","3","5","0","05","10","5","","0","1","1","0","0"
"POINT (9.913346574000000 53.548927343999999)","Unfall 95969 (2016) Kat:3, Licht: 0","95969","3","3","5","06","11","5","","0","1","1","0","0"
"POINT (10.208093650000000 53.489576872999997)","Unfall 95970 (2016) Kat:3, Licht: 0","95970","3","5","1","06","16","1","","0","0","1","0","1"
"POINT (10.205033194000000 53.485066041000003)","Unfall 95971 (2016) Kat:3, Licht: 0","95971","3","6","2","05","15","2","","0","0","1","0","0"
"POINT (10.013528806000000 53.561266834000001)","Unfall 95972 (2016) Kat:3, Licht: 0","95972","3","7","6","06","17","4","","0","1","0","1","0"
"POINT (9.958019801000001 53.599812440999997)","Unfall 95973 (2016) Kat:3, Licht: 0","95973","3","3","5","06","13","5","","0","1","1","0","0"
"POINT (9.962104139999999 53.630084760000003)","Unfall 95974 (2016) Kat:3, Licht: 0","95974","3","2","3","06","18","5","","0","0","1","0","1"
"POINT (10.032921656999999 53.535961827000001)","Unfall 95975 (2016) Kat:3, Licht: 0","95975","3","4","6","05","14","1","","0","0","1","1","0"
"POINT (9.977156044999999 53.459881631000002)","Unfall 95976 (2016) Kat:3, Licht: 1","95976","3","7","2","05","20","6","","1","0","0","0","1"
"POINT (10.056900353000000 53.608508802999999)","Unfall 95977 (2016) Kat:2, Licht: 0","95977","2","6","2","06","15","6","","0","0","1","0","0"
"POINT (9.895866997000001 53.604402845999999)","Unfall 95978 (2016) Kat:3, Licht: 0","95978","3","7","0","06","15","5","","0","1","0","0","0"
"POINT (9.957838230000000 53.566531865999998)","Unfall 95979 (2016) Kat:3, Licht: 0","95979","3","6","3","06","15","5","","0","1","1","0","0"
"POINT (10.158659021000000 53.602479617999997)","Unfall 95980 (2016) Kat:3, Licht: 2","95980","3","3","5","05","23","1","","2","0","1","0","0"
"POINT (10.046156710000000 53.501261874000001)","Unfall 95981 (2016) Kat:3, Licht: 1","95981","3","7","7","05","04","7","","1","0","0","0","1"
"POINT (10.010197002000000 53.498738985999999)","Unfall 95982 (2016) Kat:3, Licht: 0","95982","3","3","5","05","15","6","","0","1","1","0","0"
"POINT (10.126941961000000 53.642357240000003)","Unfall 95983 (2016) Kat:3, Licht: 0","95983","3","6","4","05","15","3","","0","0","0","0","0"
"POINT (9.925735767999999 53.567666588999998)","Unfall 95984 (2016) Kat:3, Licht: 0","95984","3","2","3","06","08","6","","0","1","1","0","0"
"POINT (10.077109338000000 53.565849771000003)","Unfall 95985 (2016) Kat:3, Licht: 0","95985","3","7","5","06","13","3","","0","1","1","0","0"
"POINT (9.921269382000000 53.556082150999998)","Unfall 95986 (2016) Kat:3, Licht: 0","95986","3","2","4","06","16","3","","0","1","1","0","0"
"POINT (10.090931678000000 53.634220835000001)","Unfall 95987 (2016) Kat:3, Licht: 0","95987","3","6","3","05","18","3","","0","0","1","0","1"
"POINT (10.092479762000000 53.652651640999999)","Unfall 95988 (2016) Kat:3, Licht: 0","95988","3","6","1","06","15","7","","0","0","0","0","0"
"POINT (10.016654862999999 53.600392890000002)","Unfall 95989 (2016) Kat:3, Licht: 0","95989","3","6","3","05","15","5","","0","0","1","0","0"
"POINT (9.990263725000000 53.602829470000003)","Unfall 95990 (2016) Kat:3, Licht: 0","95990","3","2","4","06","10","5","","0","0","1","0","0"
"POINT (10.082926643000000 53.456632810999999)","Unfall 95991 (2016) Kat:3, Licht: 0","95991","3","6","1","06","13","1","","0","0","1","0","0"
"POINT (10.061150994000000 53.547813310999999)","Unfall 95992 (2016) Kat:3, Licht: 0","95992","3","3","5","05","11","2","","0","0","1","0","0"
"POINT (9.981906490000000 53.427552259000002)","Unfall 95993 (2016) Kat:2, Licht: 0","95993","2","2","4","05","17","3","","0","0","1","0","1"
"POINT (10.001528413999999 53.547841380000001)","Unfall 95994 (2016) Kat:3, Licht: 0","95994","3","3","5","06","11","5","","0","1","1","0","0"
"POINT (10.013711904999999 53.518118268000002)","Unfall 95995 (2016) Kat:3, Licht: 0","95995","3","3","5","05","16","6","","0","1","1","0","0"
"POINT (10.078481475000000 53.651306787999999)","Unfall 95996 (2016) Kat:3, Licht: 0","95996","3","2","5","06","12","6","","0","0","1","0","1"
"POINT (10.208070911000000 53.480988793000002)","Unfall 95997 (2016) Kat:3, Licht: 0","95997","3","6","2","05","16","7","","0","1","0","0","0"
"POINT (10.016477313999999 53.548713145999997)","Unfall 95998 (2016) Kat:3, Licht: 0","95998","3","5","1","06","11","2","","0","0","1","0","0"
"POINT (10.015022248999999 53.623605966000000)","Unfall 95999 (2016) Kat:3, Licht: 0","95999","3","3","5","05","09","3","","0","0","1","0","0"
"POINT (10.205116809000000 53.474510170999999)","Unfall 96000 (2016) Kat:3, Licht: 0","96000","3","3","5","06","18","5","","0","0","1","0","0"
"POINT (10.085978961000000 53.488534014999999)","Unfall 96001 (2016) Kat:3, Licht: 0","96001","3","1","9","06","11","2","","0","0","0","0","1"
"POINT (9.846617198000001 53.590575643000001)","Unfall 96002 (2016) Kat:3, Licht: 0","96002","3","6","2","05","17","6","","0","0","1","0","0"
"POINT (10.085329627000000 53.562242525000002)","Unfall 96003 (2016) Kat:3, Licht: 0","96003","3","7","0","05","15","7","","0","0","0","1","0"
"POINT (10.015528364000000 53.548453885999997)","Unfall 96004 (2016) Kat:3, Licht: 0","96004","3","6","2","06","13","2","","0","0","1","0","0"
"POINT (10.201121798000001 53.505390050999999)","Unfall 96005 (2016) Kat:3, Licht: 0","96005","3","3","5","05","08","6","","0","0","1","0","0"
"POINT (10.015045477999999 53.617842132000000)","Unfall 96006 (2016) Kat:3, Licht: 0","96006","3","7","0","05","08","3","","0","0","0","0","0"
"POINT (9.962677393000000 53.555611982999999)","Unfall 96007 (2016) Kat:3, Licht: 0","96007","3","5","3","06","13","6","","0","1","1","0","0"
"POINT (10.056955187000000 53.647628877999999)","Unfall 96008 (2016) Kat:3, Licht: 0","96008","3","2","4","06","07","3","","0","1","1","0","0"
"POINT (10.007073383000000 53.545797976000003)","Unfall 96009 (2016) Kat:3, Licht: 1","96009","3","3","5","06","22","3","","1","1","1","0","0"
"POINT (9.975702979999999 53.609345398000002)","Unfall 96010 (2016) Kat:3, Licht: 0","96010","3","3","5","05","15","6","","0","1","1","0","0"
"POINT (10.032375418999999 53.600925801000002)","Unfall 96011 (2016) Kat:3, Licht: 0","96011","3","1","0","05","17","5","","0","0","0","0","1"
"POINT (9.982011798000000 53.613649109999997)","Unfall 96012 (2016) Kat:3, Licht: 0","96012","3","2","3","06","08","5","","0","1","1","0","0"
"POINT (9.960467194000000 53.627502374000002)","Unfall 96013 (2016) Kat:3, Licht: 0","96013","3","7","5","05","18","2","","0","0","1","0","0"
"POINT (10.215368558000000 53.490541759000003)","Unfall 96014 (2016) Kat:3, Licht: 0","96014","3","3","5","05","20","3","","0","1","1","0","0"
"POINT (10.013205725000001 53.493393900999997)","Unfall 96015 (2016) Kat:2, Licht: 0","96015","2","7","6","06","11","4","","0","1","0","1","0"
"POINT (10.208885319000000 53.510064856000000)","Unfall 96016 (2016) Kat:3, Licht: 0","96016","3","6","2","05","16","6","","0","0","1","0","0"
"POINT (10.037445926000000 53.595454721000003)","Unfall 96017 (2016) Kat:3, Licht: 0","96017","3","2","5","06","11","6","","0","0","1","0","0"
"POINT (10.066687427000000 53.582124520000001)","Unfall 96018 (2016) Kat:3, Licht: 0","96018","3","6","6","05","18","7","","0","1","0","1","0"
"POINT (10.137961110000001 53.631122495000000)","Unfall 96019 (2016) Kat:3, Licht: 0","96019","3","7","5","06","14","2","","0","0","1","0","0"
"POINT (10.051286752999999 53.586819933999998)","Unfall 96020 (2016) Kat:3, Licht: 0","96020","3","3","5","05","06","3","","0","0","1","0","0"
"POINT (10.123785547000001 53.569487408000001)","Unfall 96021 (2016) Kat:3, Licht: 0","96021","3","2","5","06","16","5","","0","0","1","0","0"
"POINT (10.216623533000000 53.483590675000002)","Unfall 96022 (2016) Kat:3, Licht: 0","96022","3","6","0","05","07","3","","0","0","1","0","0"
"POINT (10.147628944999999 53.529751492000003)","Unfall 96023 (2016) Kat:3, Licht: 0","96023","3","4","6","06","16","2","","0","0","1","1","0"
"POINT (10.051698456000000 53.586408935999998)","Unfall 96024 (2016) Kat:3, Licht: 0","96024","3","6","2","05","13","5","","0","0","1","0","0"
"POINT (9.951955903000000 53.561895514000000)","Unfall 96025 (2016) Kat:3, Licht: 0","96025","3","6","2","06","15","5","","0","0","0","0","0"
"POINT (10.030210109000000 53.677457631999999)","Unfall 96026 (2016) Kat:3, Licht: 0","96026","3","3","5","05","13","1","","0","1","1","0","0"
"POINT (10.118172258000000 53.532308796999999)","Unfall 96027 (2016) Kat:3, Licht: 0","96027","3","5","3","05","19","3","","0","0","1","0","0"
"POINT (10.057325121000000 53.565737669000001)","Unfall 96028 (2016) Kat:3, Licht: 0","96028","3","6","2","06","13","6","","0","0","1","0","0"
"POINT (10.056918015000001 53.573735665000001)","Unfall 96029 (2016) Kat:3, Licht: 0","96029","3","3","5","06","17","4","","0","0","1","0","0"
"POINT (10.056292901999999 53.672817092999999)","Unfall 96030 (2016) Kat:3, Licht: 0","96030","3","3","0","05","14","7","","0","0","1","0","1"
"POINT (10.025060156000000 53.562083332999997)","Unfall 96031 (2016) Kat:3, Licht: 0","96031","3","3","5","05","15","5","","0","1","0","0","0"
"POINT (10.144463261000000 53.527079585999999)","Unfall 96032 (2016) Kat:3, Licht: 0","96032","3","5","1","05","09","3","","0","0","1","0","1"
"POINT (10.044571995000000 53.567294337000000)","Unfall 96033 (2016) Kat:3, Licht: 0","96033","3","7","0","06","15","6","","0","0","1","0","0"
"POINT (10.117357774000000 53.598888819000003)","Unfall 96034 (2016) Kat:3, Licht: 0","96034","3","3","5","06","11","4","","0","1","1","0","0"
"POINT (10.079283446000000 53.532091051000002)","Unfall 96035 (2016) Kat:2, Licht: 0","96035","2","6","2","05","13","6","","0","0","0","0","0"
"POINT (9.865118812000000 53.571823752999997)","Unfall 96036 (2016) Kat:3, Licht: 0","96036","3","6","2","06","19","6","","0","0","1","0","0"
"POINT (9.944180111000000 53.593374011000002)","Unfall 96037 (2016) Kat:3, Licht: 0","96037","3","6","1","06","17","4","","0","0","1","0","1"
"POINT (10.009854396000000 53.583602698000000)","Unfall 96038 (2016) Kat:3, Licht: 0","96038","3","2","4","05","09","7","","0","1","1","0","0"
"POINT (10.024236486000000 53.564455313000003)","Unfall 96039 (2016) Kat:3, Licht: 0","96039","3","6","1","05","15","3","","0","0","1","0","0"
"POINT (10.139947203000000 53.675446874999999)","Unfall 96040 (2016) Kat:2, Licht: 0","96040","2","3","5","06","11","7","","0","1","1","0","0"
"POINT (10.048978833000000 53.578668534000002)","Unfall 96041 (2016) Kat:3, Licht: 0","96041","3","6","1","05","18","5","","0","0","1","0","0"
"POINT (10.096085702000000 53.656143894000003)","Unfall 96042 (2016) Kat:3, Licht: 0","96042","3","6","1","06","17","5","","0","0","1","0","0"
"POINT (10.210209905999999 53.485576139999999)","Unfall 96043 (2016) Kat:3, Licht: 0","96043","3","7","4","06","11","1","","0","1","1","0","0"
"POINT (10.108635417000000 53.559624669000002)","Unfall 96044 (2016) Kat:3, Licht: 0","96044","3","2","3","05","07","3","","0","1","1","0","0"
"POINT (10.012440780000000 53.607435764999998)","Unfall 96045 (2016) Kat:3, Licht: 0","96045","3","3","5","06","07","5","","0","1","1","0","0"
"POINT (9.898340434000000 53.605411560000000)","Unfall 96046 (2016) Kat:3, Licht: 0","96046","3","3","5","05","16","5","","0","1","1","0","0"
"POINT (9.986062292000000 53.582789122999998)","Unfall 96047 (2016) Kat:3, Licht: 0","96047","3","5","2","06","18","5","","0","0","1","0","1"
"POINT (9.989162381000000 53.649433950999999)","Unfall 96048 (2016) Kat:3, Licht: 0","96048","3","6","2","05","10","1","","0","0","1","0","0"
"POINT (9.845311680000000 53.563593494999999)","Unfall 96049 (2016) Kat:3, Licht: 0","96049","3","3","5","06","16","4","","0","0","1","0","0"
"POINT (10.006081751000000 53.582751706000003)","Unfall 96050 (2016) Kat:3, Licht: 0","96050","3","5","1","05","17","7","","0","1","1","0","0"
"POINT (10.089906770000001 53.607351864999998)","Unfall 96051 (2016) Kat:3, Licht: 0","96051","3","6","2","05","18","6","","0","0","1","0","0"
"POINT (10.032179108999999 53.580006175000001)","Unfall 96052 (2016) Kat:3, Licht: 0","96052","3","7","4","06","08","6","","0","1","0","0","0"
"POINT (10.124699095000000 53.571093390000001)","Unfall 96053 (2016) Kat:3, Licht: 0","96053","3","2","5","06","06","3","","0","1","1","0","0"
"POINT (9.865772266000001 53.575522448999997)","Unfall 96054 (2016) Kat:3, Licht: 0","96054","3","6","2","06","11","3","","0","0","1","0","0"
"POINT (9.909675246999999 53.641598266000003)","Unfall 96055 (2016) Kat:3, Licht: 0","96055","3","3","5","05","12","3","","0","0","1","0","0"
"POINT (10.062160221999999 53.642577611000000)","Unfall 96056 (2016) Kat:3, Licht: 0","96056","3","3","5","06","14","7","","0","1","1","0","0"
"POINT (9.918561361000000 53.577649309999998)","Unfall 96057 (2016) Kat:3, Licht: 0","96057","3","2","3","05","14","5","","0","1","1","0","0"
"POINT (10.110214725000001 53.652901389000000)","Unfall 96058 (2016) Kat:3, Licht: 0","96058","3","2","4","05","17","6","","0","1","1","0","0"
"POINT (10.040944289000000 53.608186582000002)","Unfall 96059 (2016) Kat:2, Licht: 0","96059","2","3","5","06","10","6","","0","1","1","0","0"
"POINT (10.003908554000001 53.551542120000001)","Unfall 96060 (2016) Kat:3, Licht: 0","96060","3","4","6","06","18","4","","0","1","0","1","0"
"POINT (10.057883871000000 53.566329326999998)","Unfall 96061 (2016) Kat:3, Licht: 0","96061","3","7","6","05","11","7","","0","0","1","1","0"
"POINT (9.915925980999999 53.639969747999999)","Unfall 96062 (2016) Kat:3, Licht: 0","96062","3","3","5","05","07","3","","0","1","1","0","0"
"POINT (10.015649046000000 53.590593986999998)","Unfall 96063 (2016) Kat:3, Licht: 1","96063","3","6","2","06","20","7","","1","0","1","0","0"
"POINT (9.904362914000000 53.587591789000001)","Unfall 96064 (2016) Kat:3, Licht: 2","96064","3","7","6","05","23","5","","2","0","1","1","0"
"POINT (10.100620771999999 53.549577962999997)","Unfall 96065 (2016) Kat:3, Licht: 0","96065","3","2","2","06","15","1","","0","0","1","0","1"
"POINT (10.061305968999999 53.563387218999999)","Unfall 96066 (2016) Kat:3, Licht: 0","96066","3","3","5","05","17","3","","0","0","1","0","0"
"POINT (9.923968307999999 53.638918382000000)","Unfall 96067 (2016) Kat:3, Licht: 0","96067","3","6","2","06","15","5","","0","0","1","0","0"
"POINT (9.990597398000000 53.560430117000003)","Unfall 96068 (2016) Kat:3, Licht: 0","96068","3","3","5","06","06","5","","0","0","1","0","0"
"POINT (10.024917346000001 53.562695388999998)","Unfall 96069 (2016) Kat:3, Licht: 0","96069","3","6","2","05","17","1","","0","0","1","0","0"
"POINT (9.862708128000000 53.569994262000002)","Unfall 96070 (2016) Kat:3, Licht: 0","96070","3","5","1","06","10","6","","0","1","1","0","0"
"POINT (9.919167968000000 53.590912307000004)","Unfall 96071 (2016) Kat:2, Licht: 0","96071","2","6","2","05","14","7","","0","0","1","0","1"
"POINT (10.123421370000001 53.568884789000002)","Unfall 96072 (2016) Kat:3, Licht: 0","96072","3","6","2","06","13","2","","0","0","1","0","0"
"POINT (10.093460938000000 53.648618333999998)","Unfall 96073 (2016) Kat:3, Licht: 0","96073","3","3","5","05","16","6","","0","0","1","0","0"
"POINT (9.966385274000000 53.547527659000004)","Unfall 96074 (2016) Kat:3, Licht: 1","96074","3","2","3","05","20","3","","1","0","1","0","1"
"POINT (9.935248417000000 53.555663420000002)","Unfall 96075 (2016) Kat:3, Licht: 2","96075","3","6","2","06","23","6","","2","0","1","0","0"
"POINT (10.059076464000000 53.594859503999999)","Unfall 96076 (2016) Kat:3, Licht: 0","96076","3","6","2","06","10","3","","0","0","1","0","0"
"POINT (9.949148406000001 53.558665949000002)","Unfall 96077 (2016) Kat:3, Licht: 0","96077","3","2","2","06","12","3","","0","0","1","0","0"
"POINT (9.937892582000000 53.555581650000001)","Unfall 96078 (2016) Kat:3, Licht: 0","96078","3","3","5","05","19","6","","0","1","1","0","0"
"POINT (9.994957318000001 53.551272044999997)","Unfall 96079 (2016) Kat:3, Licht: 0","96079","3","7","6","05","12","3","","0","1","0","0","0"
"POINT (10.028182280999999 53.571595717000001)","Unfall 96080 (2016) Kat:3, Licht: 0","96080","3","4","6","06","19","7","","0","0","1","1","0"
"POINT (9.947977177000000 53.624782443000001)","Unfall 96081 (2016) Kat:3, Licht: 0","96081","3","3","5","05","19","5","","0","0","1","0","0"
"POINT (9.974826486000000 53.556148604999997)","Unfall 96082 (2016) Kat:2, Licht: 0","96082","2","7","3","06","09","5","","0","0","1","0","1"
"POINT (10.043042356000001 53.542360361999997)","Unfall 96083 (2016) Kat:3, Licht: 0","96083","3","3","5","06","09","1","","0","1","0","0","0"
"POINT (10.074005151000000 53.611294219999998)","Unfall 96084 (2016) Kat:3, Licht: 0","96084","3","2","5","05","07","2","","0","1","0","0","0"
"POINT (10.105943818000000 53.569479227000002)","Unfall 96085 (2016) Kat:3, Licht: 0","96085","3","3","5","05","11","3","","0","1","0","0","0"
"POINT (10.014455098999999 53.561934866000001)","Unfall 96086 (2016) Kat:3, Licht: 0","96086","3","6","1","06","15","5","","0","0","1","0","1"
"POINT (10.086995356999999 53.652536390000002)","Unfall 96087 (2016) Kat:3, Licht: 0","96087","3","6","0","05","05","6","","0","0","1","0","1"
"POINT (9.965117436000000 53.548727888000002)","Unfall 96088 (2016) Kat:3, Licht: 0","96088","3","3","5","06","05","5","","0","0","1","0","0"
"POINT (10.125589415000000 53.572567214000003)","Unfall 96089 (2016) Kat:3, Licht: 0","96089","3","6","2","06","12","1","","0","0","1","0","0"
"POINT (10.193431596000000 53.472907859000003)","Unfall 96090 (2016) Kat:3, Licht: 0","96090","3","7","0","05","14","2","","0","0","0","0","0"
"POINT (10.108576947000000 53.606265163000003)","Unfall 96091 (2016) Kat:3, Licht: 0","96091","3","6","2","05","15","3","","0","0","0","0","1"
"POINT (9.991513296000001 53.572693985999997)","Unfall 96092 (2016) Kat:3, Licht: 0","96092","3","7","6","06","18","5","","0","0","1","1","0"
"POINT (9.988970765000000 53.572657337999999)","Unfall 96093 (2016) Kat:3, Licht: 0","96093","3","6","3","05","20","1","","0","0","1","0","0"
"POINT (10.014175375000001 53.638331655000002)","Unfall 96094 (2016) Kat:3, Licht: 0","96094","3","7","6","05","17","6","","0","1","1","1","0"
"POINT (9.891704716000000 53.574063182000003)","Unfall 96095 (2016) Kat:3, Licht: 0","96095","3","3","5","06","10","6","","0","0","1","0","0"
"POINT (9.822683831999999 53.560859530000002)","Unfall 96096 (2016) Kat:3, Licht: 0","96096","3","6","3","05","20","7","","0","0","1","0","0"
"POINT (10.099248697000000 53.569456404999997)","Unfall 96097 (2016) Kat:3, Licht: 0","96097","3","2","4","06","08","2","","0","0","1","0","0"