WKT,Name,OBJECTID,UKATEGORIE,UTYP1,UART,UMONAT,USTUNDE,UWOCHENTAG,STRZUSTAND,ULICHTVERH,ISTRAD,ISTPKW,ISTFUSS,ISTKRAD
"POINT (9.987085475000001 53.548916687999998)","Unfall 96098 (2016) Kat:3, Licht: 0","96098","3","6","0","05","17","3","","0","0","1","0","0"
"POINT (9.990603873000000 53.549927613999998)","Unfall 96099 (2016) Kat:3, Licht: 0","96099","3","6","5","06","15","6","","0","0","1","0","0"
"POINT (9.855888144000000 53.473324357000003)","Unfall 96100 (2016) Kat:2, Licht: 0","96100","2","2","5","06","15","2","","0","1","0","0","0"
"POINT (9.967217650000000 53.557422877000000)","Unfall 96101 (2016) Kat:2, Licht: 0","96101","2","3","5","05","13","6","","0","1","1","0","0"
"POINT (9.912179212000000 53.633449329000001)","Unfall 96102 (2016) Kat:3, Licht: 0","96102","3","3","1","05","16","5","","0","0","1","0","1"
"POINT (9.956507586000001 53.459304701999997)","Unfall 96103 (2016) Kat:3, Licht: 0","96103","3","3","5","06","15","4","","0","1","1","0","0"
"POINT (9.936107624000000 53.550390935999999)","Unfall 96104 (2016) Kat:3, Licht: 2","96104","3","2","3","05","23","2","","2","0","1","0","1"
"POINT (10.174762314000001 53.594435150000002)","Unfall 96105 (2016) Kat:3, Licht: 0","96105","3","3","5","05","11","3","","0","1","1","0","0"
"POINT (10.151573082000001 53.609400334000000)","Unfall 96106 (2016) Kat:3, Licht: 0","96106","3","6","2","06","20","4","","0","0","1","0","0"
"POINT (10.028387600000000 53.618089955999999)","Unfall 96107 (2016) Kat:3, Licht: 0","96107","3","2","5","05","07","6","","0","1","1","0","0"
"POINT (9.988655007000000 53.589638844000000)","Unfall 96108 (2016) Kat:2, Licht: 0","96108","2","7","0","06","18","6","","0","1","0","1","0"
"POINT (9.787766123000001 53.571734567000000)","Unfall 96109 (2016) Kat:3, Licht: 0","96109","3","7","9","05","18","7","","0","0","1","0","0"
"POINT (9.978193622999999 53.544058780999997)","Unfall 96110 (2016) Kat:3, Licht: 0","96110","3","2","3","05","08","3","","0","1","1","0","0"
"POINT (10.116644580000001 53.627015252000000)","Unfall 96111 (2016) Kat:3, Licht: 0","96111","3","3","5","06","07","5","","0","0","1","0","0"
"POINT (9.947774128000001 53.558157375000000)","Unfall 96112 (2016) Kat:3, Licht: 0","96112","3","6","0","06","11","6","","0","1","0","1","0"
"POINT (9.741782996000000 53.571234935000000)","Unfall 96113 (2016) Kat:3, Licht: 0","96113","3","7","0","05","13","7","","0","1","0","0","0"
"POINT (10.040473511000000 53.603666261999997)","Unfall 96114 (2016) Kat:3, Licht: 0","96114","3","7","0","06","14","2","","0","1","0","0","0"
"POINT (9.983477381000000 53.455875722999998)","Unfall 96115 (2016) Kat:3, Licht: 0","96115","3","4","6","05","16","2","","0","0","1","1","0"
"POINT (10.198217572000001 53.479856554000001)","Unfall 96116 (2016) Kat:3, Licht: 0","96116","3","6","4","06","07","5","","0","1","1","0","0"
"POINT (10.072634121000000 53.577387770999998)","Unfall 96117 (2016) Kat:3, Licht: 0","96117","3","3","5","05","07","3","","0","1","1","0","0"
"POINT (9.949113154999999 53.576676988000003)","Unfall 96118 (2016) Kat:3, Licht: 0","96118","3","3","5","05","16","5","","0","1","1","0","0"
"POINT (10.238645189000000 53.477622875000002)","Unfall 96119 (2016) Kat:3, Licht: 1","96119","3","7","0","06","20","4","","1","1","0","0","0"
"POINT (9.961653172000000 53.548500375000003)","Unfall 96120 (2016) Kat:3, Licht: 2","96120","3","7","6","05","02","1","","2","0","1","1","0"
"POINT (9.993406681000000 53.545048749000003)","Unfall 96121 (2016) Kat:3, Licht: 0","96121","3","6","6","06","16","6","","0","1","0","1","0"
"POINT (10.134485878000000 53.568998374000003)","Unfall 96122 (2016) Kat:3, Licht: 0","96122","3","7","0","06","18","4","","0","0","0","0","1"
"POINT (10.152983014000000 53.625482362000000)","Unfall 96123 (2016) Kat:2, Licht: 0","96123","2","3","5","06","15","6","","0","1","1","0","0"
"POINT (9.963110115999999 53.569641222999998)","Unfall 96124 (2016) Kat:3, Licht: 2","96124","3","7","0","06","00","4","","2","1","0","0","0"
"POINT (9.886643915000001 53.593179700000000)","Unfall 96125 (2016) Kat:2, Licht: 0","96125","2","2","3","05","18","7","","0","0","1","0","1"
"POINT (10.020036697000000 53.495170651000002)","Unfall 96126 (2016) Kat:3, Licht: 0","96126","3","1","0","05","09","2","","0","0","0","0","0"
"POINT (9.928385854000000 53.561357612000002)","Unfall 96127 (2016) Kat:3, Licht: 2","96127","3","3","5","06","23","7","","2","1","1","0","0"
"POINT (9.957038068999999 53.582792640999998)","Unfall 96128 (2016) Kat:3, Licht: 0","96128","3","6","2","05","11","5","","0","0","1","0","0"
"POINT (10.088878365999999 53.609278903000003)","Unfall 96129 (2016) Kat:3, Licht: 0","96129","3","5","1","06","18","1","","0","1","1","0","0"
"POINT (10.061918269000000 53.599993939999997)","Unfall 96130 (2016) Kat:3, Licht: 0","96130","3","7","5","05","09","3","","0","0","1","0","0"
"POINT (9.934424033000001 53.580397337000001)","Unfall 96131 (2016) Kat:3, Licht: 0","96131","3","3","5","06","11","5","","0","1","1","0","0"
"POINT (10.138271826000000 53.527365181000000)","Unfall 96132 (2016) Kat:3, Licht: 0","96132","3","3","5","06","19","4","","0","0","1","0","0"
"POINT (10.000601597999999 53.555633272000001)","Unfall 96133 (2016) Kat:3, Licht: 0","96133","3","2","4","05","17","1","","0","0","1","0","1"
"POINT (10.041045237000001 53.600870370000003)","Unfall 96134 (2016) Kat:3, Licht: 0","96134","3","2","6","05","09","3","","0","0","1","1","0"
"POINT (9.937584225000000 53.550206121999999)","Unfall 96135 (2016) Kat:3, Licht: 0","96135","3","6","3","05","12","5","","0","0","1","0","0"
"POINT (10.100659807000000 53.549567087000000)","Unfall 96136 (2016) Kat:3, Licht: 0","96136","3","2","4","06","15","4","","0","0","1","0","0"
"POINT (9.888444120000001 53.470708873000000)","Unfall 96137 (2016) Kat:2, Licht: 0","96137","2","3","5","05","11","7","","0","1","1","0","0"
"POINT (10.010370661000000 53.559899750000000)","Unfall 96138 (2016) Kat:2, Licht: 0","96138","2","4","6","06","11","6","","0","0","1","1","0"
"POINT (9.938450147999999 53.583125860999999)","Unfall 96139 (2016) Kat:2, Licht: 0","96139","2","5","1","06","09","4","","0","1","1","0","0"
"POINT (9.958321531999999 53.569837706000001)","Unfall 96140 (2016) Kat:2, Licht: 0","96140","2","6","3","05","16","7","","0","0","1","0","0"
"POINT (10.010113587999999 53.611697888999998)","Unfall 96141 (2016) Kat:3, Licht: 0","96141","3","2","4","05","06","6","","0","0","1","0","0"
"POINT (10.057446758999999 53.607784168000002)","Unfall 96142 (2016) Kat:3, Licht: 0","96142","3","2","4","06","15","6","","0","0","1","0","0"
"POINT (10.114978650999999 53.556658890999998)","Unfall 96143 (2016) Kat:2, Licht: 0","96143","2","6","3","06","13","3","","0","1","1","0","0"
"POINT (9.936102711000000 53.555899904000000)","Unfall 96144 (2016) Kat:3, Licht: 0","96144","3","3","5","05","10","7","","0","1","0","0","0"
"POINT (10.012065050000000 53.580937202999998)","Unfall 96145 (2016) Kat:3, Licht: 0","96145","3","6","1","06","07","3","","0","1","0","0","0"
"POINT (10.106495466000000 53.468321121000002)","Unfall 96146 (2016) Kat:3, Licht: 0","96146","3","1","8","05","13","2","","0","0","1","0","0"
"POINT (9.900944707000001 53.556861734999998)","Unfall 96147 (2016) Kat:3, Licht: 0","96147","3","6","3","06","15","7","","0","0","1","0","0"
"POINT (9.986546713999999 53.583757589000001)","Unfall 96148 (2016) Kat:3, Licht: 0","96148","3","7","6","05","18","5","","0","1","0","1","0"
"POINT (10.130669894000000 53.603646480000002)","Unfall 96149 (2016) Kat:3, Licht: 0","96149","3","4","6","06","18","4","","0","0","1","1","0"
"POINT (10.046565445000001 53.680177086999997)","Unfall 96150 (2016) Kat:3, Licht: 0","96150","3","6","1","06","12","1","","0","0","1","0","1"
"POINT (9.997419609000000 53.496103931999997)","Unfall 96151 (2016) Kat:3, Licht: 0","96151","3","3","5","05","14","2","","0","0","1","0","0"
"POINT (10.050694595000000 53.634673665999998)","Unfall 96152 (2016) Kat:3, Licht: 0","96152","3","6","2","05","09","3","","0","0","1","0","0"
"POINT (9.961173403000000 53.573830063999999)","Unfall 96153 (2016) Kat:3, Licht: 0","96153","3","2","5","06","16","5","","0","1","1","0","0"
"POINT (10.145527344000000 53.602573784000001)","Unfall 96154 (2016) Kat:3, Licht: 0","96154","3","7","1","06","13","4","","0","0","0","0","1"
"POINT (10.119915345000001 53.606285704999998)","Unfall 96155 (2016) Kat:3, Licht: 0","96155","3","2","4","05","08","7","","0","0","1","0","0"
"POINT (10.038724706000000 53.591392153000001)","Unfall 96156 (2016) Kat:2, Licht: 0","96156","2","3","5","05","14","6","","0","0","1","0","0"
"POINT (9.981334604000001 53.527822274000002)","Unfall 96157 (2016) Kat:2, Licht: 0","96157","2","2","1","06","09","6","","0","1","1","0","0"
"POINT (9.963228222000000 53.553916864999998)","Unfall 96158 (2016) Kat:3, Licht: 2","96158","3","2","5","05","00","7","","2","1","1","0","0"
"POINT (10.041423418000001 53.647359123000001)","Unfall 96159 (2016) Kat:3, Licht: 0","96159","3","6","3","06","12","2","","0","0","1","0","0"
"POINT (10.025377287000000 53.566930544000002)","Unfall 96160 (2016) Kat:3, Licht: 0","96160","3","2","4","05","14","6","","0","1","1","0","0"
"POINT (10.105145975999999 53.571583592000003)","Unfall 96161 (2016) Kat:3, Licht: 0","96161","3","2","5","05","15","2","","0","0","1","0","0"
"POINT (9.974057180000001 53.569250721000003)","Unfall 96162 (2016) Kat:3, Licht: 0","96162","3","2","0","06","12","6","","0","0","1","0","0"
"POINT (10.128590475999999 53.697083100000000)","Unfall 96163 (2016) Kat:2, Licht: 0","96163","2","3","5","06","17","3","","0","1","1","0","0"
"POINT (9.967584958000000 53.586051449000003)","Unfall 96164 (2016) Kat:3, Licht: 0","96164","3","2","4","06","16","4","","0","1","1","0","0"
"POINT (9.962207697000000 53.549546972000002)","Unfall 96165 (2016) Kat:2, Licht: 1","96165","2","4","6","05","04","7","","1","0","1","1","0"
"POINT (10.018415198000000 53.568146593000002)","Unfall 96166 (2016) Kat:3, Licht: 0","96166","3","5","3","05","14","6","","0","0","1","0","1"
"POINT (9.917946537000001 53.580517524000001)","Unfall 96167 (2016) Kat:3, Licht: 0","96167","3","3","5","06","12","6","","0","1","1","0","0"
"POINT (10.092690938000001 53.571518822000002)","Unfall 96168 (2016) Kat:2, Licht: 0","96168","2","3","5","06","13","3","","0","0","1","0","0"
"POINT (9.928285941000000 53.638715896000001)","Unfall 96169 (2016) Kat:3, Licht: 0","96169","3","7","0","06","18","3","","0","1","0","0","0"
"POINT (10.132001007000000 53.597141309999998)","Unfall 96170 (2016) Kat:3, Licht: 0","96170","3","3","5","05","18","2","","0","0","1","0","0"
"POINT (9.951502143000001 53.576114161000000)","Unfall 96171 (2016) Kat:3, Licht: 0","96171","3","2","3","06","14","7","","0","1","1","0","0"
"POINT (10.009476086999999 53.552611982999998)","Unfall 96172 (2016) Kat:3, Licht: 0","96172","3","6","6","05","18","5","","0","0","1","1","0"
"POINT (10.134766203000000 53.574594775999998)","Unfall 96173 (2016) Kat:3, Licht: 0","96173","3","3","5","06","16","4","","0","1","1","0","0"
"POINT (10.011873802000000 53.646886047999999)","Unfall 96174 (2016) Kat:3, Licht: 0","96174","3","3","5","06","17","1","","0","0","1","0","0"
"POINT (10.205602388999999 53.491639202000002)","Unfall 96175 (2016) Kat:3, Licht: 0","96175","3","2","6","05","09","2","","0","0","1","1","0"
"POINT (10.066103592999999 53.636212557000000)","Unfall 96176 (2016) Kat:2, Licht: 0","96176","2","3","5","05","16","3","","0","1","1","0","0"
"POINT (9.963334811999999 53.546482515000001)","Unfall 96177 (2016) Kat:3, Licht: 1","96177","3","3","5","06","19","5","","1","0","1","0","0"
"POINT (10.024266925999999 53.564918423999998)","Unfall 96178 (2016) Kat:3, Licht: 0","96178","3","6","4","05","18","6","","0","1","0","0","0"
"POINT (9.983074327000001 53.524009986000003)","Unfall 96179 (2016) Kat:2, Licht: 0","96179","2","1","0","06","14","6","","0","0","0","0","1"
"POINT (9.990281177000000 53.558192476000002)","Unfall 96180 (2016) Kat:3, Licht: 0","96180","3","7","6","05","20","7","","0","0","1","1","0"
"POINT (10.170193761000000 53.647758955999997)","Unfall 96181 (2016) Kat:3, Licht: 0","96181","3","7","0","06","14","2","","0","1","1","0","0"
"POINT (10.097162339000000 53.618258050000001)","Unfall 96182 (2016) Kat:3, Licht: 0","96182","3","3","5","05","19","2","","0","1","1","0","0"
"POINT (9.942534736000001 53.458130726000000)","Unfall 96183 (2016) Kat:3, Licht: 0","96183","3","7","6","06","05","5","","0","0","1","1","0"
"POINT (10.207892633000000 53.503772701000003)","Unfall 96184 (2016) Kat:3, Licht: 0","96184","3","3","5","06","07","2","","0","1","0","0","0"
"POINT (10.012946693000000 53.552269297000002)","Unfall 96185 (2016) Kat:3, Licht: 0","96185","3","2","4","05","12","6","","0","1","1","0","0"
"POINT (9.951022702000000 53.494140741999999)","Unfall 96186 (2016) Kat:3, Licht: 0","96186","3","6","4","05","05","5","","0","1","0","0","0"
"POINT (10.087651746000001 53.586670024999997)","Unfall 96187 (2016) Kat:3, Licht: 2","96187","3","7","1","06","23","4","","2","1","1","0","0"
"POINT (10.010396193000000 53.638135818000002)","Unfall 96188 (2016) Kat:3, Licht: 0","96188","3","6","0","05","20","3","","0","1","0","1","0"
"POINT (9.857610115000000 53.476582841999999)","Unfall 96189 (2016) Kat:2, Licht: 0","96189","2","1","0","06","19","5","","0","0","0","0","1"
"POINT (9.962949971000001 53.546985685000003)","Unfall 96190 (2016) Kat:3, Licht: 0","96190","3","2","5","06","21","3","","0","1","1","0","0"
"POINT (10.006344343000000 53.551820478000003)","Unfall 96191 (2016) Kat:3, Licht: 0","96191","3","7","1","05","09","6","","0","0","1","0","1"
"POINT (9.936250877000001 53.489077788000003)","Unfall 96192 (2016) Kat:3, Licht: 0","96192","3","7","0","05","16","4","","0","1","0","0","0"
"POINT (10.105002260999999 53.632612025999997)","Unfall 96193 (2016) Kat:3, Licht: 0","96193","3","3","5","06","16","4","","0","0","1","0","0"
"POINT (10.012905994000000 53.644318265999999)","Unfall 96194 (2016) Kat:3, Licht: 0","96194","3","3","5","06","10","1","","0","1","1","0","0"
"POINT (10.013178394000001 53.627790296999997)","Unfall 96195 (2016) Kat:2, Licht: 0","96195","2","2","5","05","07","2","","0","0","1","0","1"
"POINT (10.026647130000001 53.626155160000003)","Unfall 96196 (2016) Kat:3, Licht: 0","96196","3","6","3","05","16","3","","0","1","1","0","0"
"POINT (9.982558486000000 53.460381994999999)","Unfall 96197 (2016) Kat:3, Licht: 0","96197","3","6","6","06","11","4","","0","1","0","1","0"
"POINT (10.022417696000000 53.559021686000001)","Unfall 96198 (2016) Kat:3, Licht: 0","96198","3","3","5","05","10","6","","0","0","1","0","0"
"POINT (10.019606401000001 53.489797942999999)","Unfall 96199 (2016) Kat:3, Licht: 0","96199","3","3","0","06","12","5","","0","1","1","0","0"
"POINT (9.842715684000000 53.534283006999999)","Unfall 96200 (2016) Kat:3, Licht: 0","96200","3","2","4","05","07","6","","0","1","1","0","0"
"POINT (10.033295725000000 53.573937565000001)","Unfall 96201 (2016) Kat:3, Licht: 0","96201","3","2","5","06","08","2","","0","1","0","0","0"
"POINT (10.077313739999999 53.613812461999999)","Unfall 96202 (2016) Kat:3, Licht: 0","96202","3","7","6","05","16","2","","0","0","1","1","0"
"POINT (10.081595663000000 53.558467946999997)","Unfall 96203 (2016) Kat:3, Licht: 0","96203","3","3","5","06","08","5","","0","0","1","0","0"
"POINT (10.026687788000000 53.626472989000000)","Unfall 96204 (2016) Kat:3, Licht: 0","96204","3","6","2","05","16","3","","0","1","1","0","0"
"POINT (10.106422218000001 53.556458302000003)","Unfall 96205 (2016) Kat:3, Licht: 2","96205","3","5","8","05","01","4","","2","0","1","0","0"
"POINT (10.041327539999999 53.599333401999999)","Unfall 96206 (2016) Kat:3, Licht: 0","96206","3","3","5","06","17","4","","0","1","1","0","0"
"POINT (10.057150681000000 53.580187567000003)","Unfall 96207 (2016) Kat:3, Licht: 2","96207","3","3","5","05","02","7","","2","0","1","0","0"
"POINT (10.071870927999999 53.552351381000001)","Unfall 96208 (2016) Kat:3, Licht: 0","96208","3","6","3","06","08","5","","0","0","1","0","0"
"POINT (10.055527035000001 53.587746737000003)","Unfall 96209 (2016) Kat:3, Licht: 0","96209","3","5","1","06","14","4","","0","1","0","0","0"
"POINT (10.208761325999999 53.482332235999998)","Unfall 96210 (2016) Kat:3, Licht: 0","96210","3","3","5","05","12","6","","0","1","1","0","0"
"POINT (9.897539466000000 53.612524737000001)","Unfall 96211 (2016) Kat:3, Licht: 0","96211","3","7","0","05","10","6","","0","0","1","0","1"
"POINT (10.071124831000001 53.571994644000000)","Unfall 96212 (2016) Kat:3, Licht: 0","96212","3","3","5","06","09","6","","0","0","1","0","0"
"POINT (9.936577246000001 53.550243557000002)","Unfall 96213 (2016) Kat:3, Licht: 0","96213","3","7","6","06","17","4","","0","1","0","1","0"
"POINT (10.093246485000000 53.543041633000001)","Unfall 96214 (2016) Kat:2, Licht: 0","96214","2","7","8","05","14","6","","0","0","1","0","0"
"POINT (10.136206409000000 53.607416813000000)","Unfall 96215 (2016) Kat:3, Licht: 0","96215","3","3","5","06","07","4","","0","1","1","0","0"
"POINT (9.936419121000000 53.573321602000000)","Unfall 96216 (2016) Kat:3, Licht: 0","96216","3","7","0","05","07","6","","0","0","0","0","1"
"POINT (10.097203413000001 53.534010039000002)","Unfall 96217 (2016) Kat:3, Licht: 0","96217","3","4","6","06","09","5","","0","0","1","1","0"
"POINT (10.112409932000000 53.538180654000001)","Unfall 96218 (2016) Kat:3, Licht: 0","96218","3","6","2","05","17","6","","0","0","1","0","0"
"POINT (9.930806722000000 53.596941696000002)","Unfall 96219 (2016) Kat:3, Licht: 0","96219","3","5","1","06","18","2","","0","1","1","0","0"
"POINT (10.006325121000000 53.654297083000003)","Unfall 96220 (2016) Kat:3, Licht: 0","96220","3","6","3","05","17","2","","0","1","0","0","0"
"POINT (9.944596689999999 53.550851710000003)","Unfall 96221 (2016) Kat:3, Licht: 0","96221","3","2","5","06","18","7","","0","1","1","0","0"
"POINT (10.038486810000000 53.547534355000003)","Unfall 96222 (2016) Kat:3, Licht: 0","96222","3","6","3","05","19","4","","0","0","1","0","0"
"POINT (10.099898616000001 53.647860887999997)","Unfall 96223 (2016) Kat:3, Licht: 0","96223","3","7","5","06","08","5","","0","0","1","0","0"
"POINT (10.012488726999999 53.580404471999998)","Unfall 96224 (2016) Kat:3, Licht: 0","96224","3","6","2","05","12","3","","0","0","1","0","0"
"POINT (10.004169372000000 53.585239874000003)","Unfall 96225 (2016) Kat:3, Licht: 0","96225","3","2","4","06","08","5","","0","1","1","0","0"
"POINT (10.114255207999999 53.624879935999999)","Unfall 96226 (2016) Kat:3, Licht: 0","96226","3","2","4","05","11","4","","0","0","1","0","0"
"POINT (10.092680761000000 53.636384014000001)","Unfall 96227 (2016) Kat:3, Licht: 0","96227","3","6","2","06","16","4","","0","0","1","0","0"
"POINT (10.107049846000001 53.708656380999997)","Unfall 96228 (2016) Kat:3, Licht: 0","96228","3","2","4","05","08","7","","0","1","1","0","0"
"POINT (10.040305461000001 53.546436698999997)","Unfall 96229 (2016) Kat:3, Licht: 0","96229","3","3","4","06","17","5","","0","0","1","0","0"
"POINT (9.893092045000000 53.605798252000000)","Unfall 96230 (2016) Kat:3, Licht: 0","96230","3","7","0","06","08","4","","0","1","0","0","0"
"POINT (10.050598344999999 53.559871854999997)","Unfall 96231 (2016) Kat:3, Licht: 0","96231","3","7","5","05","09","6","","0","0","1","0","1"
"POINT (9.757569084000000 53.577336979000002)","Unfall 96232 (2016) Kat:3, Licht: 0","96232","3","3","5","05","17","6","","0","0","1","0","0"
"POINT (10.033276203000000 53.586752283999999)","Unfall 96233 (2016) Kat:3, Licht: 0","96233","3","6","2","06","12","6","","0","0","1","0","0"
"POINT (10.171921364999999 53.604765430999997)","Unfall 96234 (2016) Kat:3, Licht: 0","96234","3","2","3","06","14","3","","0","0","1","0","0"
"POINT (9.939293814999999 53.592914309000001)","Unfall 96235 (2016) Kat:3, Licht: 0","96235","3","2","1","06","13","3","","0","0","0","0","1"
"POINT (10.029074330000000 53.644768018000001)","Unfall 96236 (2016) Kat:3, Licht: 0","96236","3","5","1","05","16","2","","0","1","1","0","0"
"POINT (9.918254780000000 53.554033277000002)","Unfall 96237 (2016) Kat:3, Licht: 0","96237","3","2","5","06","14","7","","0","1","1","0","0"
"POINT (10.009365817000001 53.615061246000003)","Unfall 96238 (2016) Kat:3, Licht: 0","96238","3","3","0","05","07","4","","0","1","1","0","0"
"POINT (10.104261706000001 53.649928844999998)","Unfall 96239 (2016) Kat:3, Licht: 0","96239","3","3","5","06","13","4","","0","0","1","0","0"
"POINT (10.038720125999999 53.591392073999998)","Unfall 96240 (2016) Kat:2, Licht: 2","96240","2","1","9","06","22","1","","2","0","1","0","0"
"POINT (10.199350420000000 53.488936668999997)","Unfall 96241 (2016) Kat:3, Licht: 0","96241","3","2","3","05","16","2","","0","1","1","0","0"
"POINT (9.995818204000001 53.583456699999999)","Unfall 96242 (2016) Kat:3, Licht: 0","96242","3","3","5","05","08","3","","0","1","1","0","0"
"POINT (9.946836188000001 53.578535141000003)","Unfall 96243 (2016) Kat:3, Licht: 0","96243","3","6","2","06","12","5","","0","0","1","0","1"
"POINT (10.011515728999999 53.610260940000003)","Unfall 96244 (2016) Kat:3, Licht: 0","96244","3","3","5","05","08","2","","0","0","1","0","0"
"POINT (9.973255406000000 53.574317102000002)","Unfall 96245 (2016) Kat:3, Licht: 0","96245","3","3","5","06","12","7","","0","0","1","0","0"
"POINT (10.032982667000001 53.590587157999998)","Unfall 96246 (2016) Kat:3, Licht: 0","96246","3","6","2","05","16","4","","0","0","1","0","0"
"POINT (9.933818938000000 53.590730145999999)","Unfall 96247 (2016) Kat:3, Licht: 0","96247","3","2","4","06","12","1","","0","1","1","0","0"
"POINT (10.018491331000000 53.564771309999998)","Unfall 96248 (2016) Kat:3, Licht: 0","96248","3","2","5","05","15","3","","0","1","0","0","1"
"POINT (9.887025378000001 53.598880244000000)","Unfall 96249 (2016) Kat:3, Licht: 2","96249","3","2","4","06","00","5","","2","0","1","0","0"
"POINT (10.165051527999999 53.646846390000000)","Unfall 96250 (2016) Kat:3, Licht: 0","96250","3","6","4","06","12","4","","0","1","1","0","0"
"POINT (10.055578512000000 53.569255663000000)","Unfall 96251 (2016) Kat:3, Licht: 2","96251","3","5","1","05","23","7","","2","0","1","0","0"
"POINT (10.021523300000000 53.544533475000001)","Unfall 96252 (2016) Kat:3, Licht: 0","96252","3","4","6","05","14","6","","0","0","1","1","0"
"POINT (9.870054600000000 53.595772308999997)","Unfall 96253 (2016) Kat:3, Licht: 0","96253","3","7","6","05","18","6","","0","0","0","1","0"
"POINT (9.918884532000000 53.573666265999996)","Unfall 96254 (2016) Kat:3, Licht: 0","96254","3","3","5","05","10","2","","0","0","1","0","0"
"POINT (9.983460643000001 53.593747444999998)","Unfall 96255 (2016) Kat:3, Licht: 0","96255","3","6","6","06","15","6","","0","0","1","1","0"
"POINT (10.067780167000000 53.582343858999998)","Unfall 96256 (2016) Kat:3, Licht: 0","96256","3","2","5","06","14","3","","0","0","0","0","0"
"POINT (9.952402435000000 53.545269328000003)","Unfall 96257 (2016) Kat:3, Licht: 0","96257","3","2","4","06","15","3","","0","1","1","0","0"
"POINT (9.911667390000000 53.546126999999998)","Unfall 96258 (2016) Kat:3, Licht: 0","96258","3","6","2","05","08","2","","0","0","1","0","0"
"POINT (9.961340267000001 53.546403001000002)","Unfall 96259 (2016) Kat:3, Licht: 0","96259","3","7","5","06","18","7","","0","0","1","0","0"
"POINT (10.027171743000000 53.570326874000003)","Unfall 96260 (2016) Kat:2, Licht: 0","96260","2","6","1","05","20","4","","0","0","1","0","0"
"POINT (10.032359846000000 53.635436568999999)","Unfall 96261 (2016) Kat:3, Licht: 0","96261","3","3","4","06","17","4","","0","1","1","0","0"
"POINT (9.944643843000000 53.577493036000000)","Unfall 96262 (2016) Kat:3, Licht: 0","96262","3","1","0","06","20","1","","0","0","1","0","1"
"POINT (10.091314739000000 53.568775058000000)","Unfall 96263 (2016) Kat:3, Licht: 0","96263","3","2","4","05","07","2","","0","1","1","0","0"
"POINT (9.812759313999999 53.563271976999999)","Unfall 96264 (2016) Kat:3, Licht: 0","96264","3","2","5","05","15","3","","0","1","1","0","0"
"POINT (9.999389328000000 53.550847728999997)","Unfall 96265 (2016) Kat:3, Licht: 0","96265","3","4","0","06","11","5","","0","1","0","1","0"
"POINT (9.890207426000000 53.574986258999999)","Unfall 96266 (2016) Kat:3, Licht: 0","96266","3","3","5","05","17","6","","0","1","1","0","0"
"POINT (10.160893664000000 53.596132015999999)","Unfall 96267 (2016) Kat:2, Licht: 0","96267","2","4","6","06","14","5","","0","0","1","1","0"
"POINT (10.064842335000000 53.586595430999999)","Unfall 96268 (2016) Kat:3, Licht: 0","96268","3","2","3","05","14","6","","0","1","1","0","0"
"POINT (9.932624905999999 53.566899116999998)","Unfall 96269 (2016) Kat:3, Licht: 0","96269","3","7","0","06","12","2","","0","0","1","0","0"
"POINT (10.026826188999999 53.631218896999997)","Unfall 96270 (2016) Kat:3, Licht: 0","96270","3","2","4","06","16","4","","0","1","1","0","0"
"POINT (9.936090572000000 53.575601165000002)","Unfall 96271 (2016) Kat:3, Licht: 0","96271","3","7","1","05","19","7","","0","0","1","0","0"
"POINT (9.931807631000000 53.545353832000004)","Unfall 96272 (2016) Kat:3, Licht: 2","96272","3","2","5","05","22","6","","2","1","0","0","1"
"POINT (10.073257316999999 53.585240011000003)","Unfall 96273 (2016) Kat:3, Licht: 2","96273","3","7","1","06","23","5","","2","0","1","0","0"
"POINT (10.072482253000000 53.608629329000003)","Unfall 96274 (2016) Kat:3, Licht: 0","96274","3","3","5","05","09","6","","0","0","1","0","0"
"POINT (9.954704058000001 53.622205147000003)","Unfall 96275 (2016) Kat:3, Licht: 0","96275","3","6","2","06","15","2","","0","0","1","0","0"
"POINT (9.932592723999999 53.554053598000003)","Unfall 96276 (2016) Kat:3, Licht: 0","96276","3","5","1","05","17","6","","0","1","1","0","0"
"POINT (9.925838867000000 53.628899791000002)","Unfall 96277 (2016) Kat:3, Licht: 0","96277","3","2","2","05","09","2","","0","0","1","0","0"
"POINT (9.959901810000000 53.549558658999999)","Unfall 96278 (2016) Kat:3, Licht: 2","96278","3","3","5","06","21","6","","2","1","1","0","0"
"POINT (10.010008224000000 53.552271779000002)","Unfall 96279 (2016) Kat:3, Licht: 0","96279","3","7","3","06","15","3","","0","0","1","0","0"
"POINT (9.956637660000000 53.459295437000002)","Unfall 96280 (2016) Kat:2, Licht: 2","96280","2","3","5","05","22","5","","2","1","1","0","0"
"POINT (10.024921077000000 53.562679406999997)","Unfall 96281 (2016) Kat:3, Licht: 1","96281","3","6","1","05","19","4","","1","0","1","0","0"
"POINT (10.025342373000001 53.560849664000003)","Unfall 96282 (2016) Kat:3, Licht: 0","96282","3","6","2","06","16","4","","0","0","1","0","0"
"POINT (9.952963458999999 53.568090943000001)","Unfall 96283 (2016) Kat:3, Licht: 0","96283","3","2","3","05","16","2","","0","1","1","0","0"
"POINT (9.955465307000001 53.549679365000003)","Unfall 96284 (2016) Kat:3, Licht: 2","96284","3","2","4","05","23","3","","2","0","1","0","1"
"POINT (10.079276437000001 53.552788368000002)","Unfall 96285 (2016) Kat:3, Licht: 0","96285","3","3","5","06","17","4","","0","1","1","0","0"
"POINT (9.929060594999999 53.556376489000002)","Unfall 96286 (2016) Kat:3, Licht: 0","96286","3","6","4","05","16","6","","0","0","1","0","0"