WKT,Name,OBJECTID,UKATEGORIE,UTYP1,UART,UMONAT,USTUNDE,UWOCHENTAG,STRZUSTAND,ULICHTVERH,ISTRAD,ISTPKW,ISTFUSS,ISTKRAD
"POINT (10.059795791000001 53.594147960999997)","Unfall 96287 (2016) Kat:3, Licht: 0","96287","3","2","3","06","19","5","","0","1","1","0","0"
"POINT (10.076378289999999 53.682843808999998)","Unfall 96288 (2016) Kat:3, Licht: 0","96288","3","2","5","05","16","6","","0","1","1","0","0"
"POINT (10.004750967000000 53.553444380999998)","Unfall 96289 (2016) Kat:2, Licht: 0","96289","2","3","5","06","16","2","","0","1","1","0","0"
"POINT (9.968849654000000 53.602721439000000)","Unfall 96290 (2016) Kat:3, Licht: 0","96290","3","6","2","05","17","2","","0","0","1","0","0"
"POINT (10.173402271000000 53.622773064000000)","Unfall 96291 (2016) Kat:3, Licht: 0","96291","3","6","6","06","14","5","","0","1","0","1","0"
"POINT (9.994083902000000 53.572724518999998)","Unfall 96292 (2016) Kat:3, Licht: 0","96292","3","6","2","05","09","3","","0","0","1","0","0"
"POINT (9.873351376000001 53.547196966999998)","Unfall 96293 (2016) Kat:3, Licht: 0","96293","3","6","2","05","16","4","","0","0","1","0","0"
"POINT (10.016145613000001 53.568579302000003)","Unfall 96294 (2016) Kat:3, Licht: 2","96294","3","1","8","06","22","4","","2","0","1","0","0"
"POINT (9.960533834000000 53.569404423000002)","Unfall 96295 (2016) Kat:3, Licht: 0","96295","3","6","3","05","09","2","","0","0","1","0","0"
"POINT (10.198797372000000 53.508363480000000)","Unfall 96296 (2016) Kat:3, Licht: 0","96296","3","3","0","06","13","5","","0","1","1","0","0"
"POINT (9.893912541000001 53.573145533000002)","Unfall 96297 (2016) Kat:3, Licht: 0","96297","3","2","4","05","15","4","","0","0","1","0","0"
"POINT (9.932724480999999 53.595428447000003)","Unfall 96298 (2016) Kat:3, Licht: 0","96298","3","6","4","05","19","7","","0","1","1","0","0"
"POINT (9.966329844000001 53.557252943999998)","Unfall 96299 (2016) Kat:3, Licht: 0","96299","3","6","3","05","18","3","","0","0","1","0","0"
"POINT (10.066537432000001 53.597755272000001)","Unfall 96300 (2016) Kat:3, Licht: 0","96300","3","3","5","06","16","5","","0","1","1","0","0"
"POINT (10.099629688000000 53.589143624999998)","Unfall 96301 (2016) Kat:3, Licht: 0","96301","3","4","6","06","11","4","","0","0","1","1","0"
"POINT (9.968824449000000 53.550043012000003)","Unfall 96302 (2016) Kat:3, Licht: 0","96302","3","6","2","05","19","6","","0","0","1","0","0"
"POINT (10.082912471000000 53.640662900000002)","Unfall 96303 (2016) Kat:3, Licht: 0","96303","3","2","5","06","10","5","","0","1","1","0","0"
"POINT (10.114913190999999 53.595230995999998)","Unfall 96304 (2016) Kat:3, Licht: 0","96304","3","3","5","06","17","6","","0","0","1","0","1"
"POINT (9.947813087000000 53.582354539000001)","Unfall 96305 (2016) Kat:3, Licht: 0","96305","3","6","3","06","15","4","","0","0","1","0","1"
"POINT (9.996626117000000 53.585718579999998)","Unfall 96306 (2016) Kat:3, Licht: 0","96306","3","7","0","05","13","6","","0","1","0","0","0"
"POINT (9.911784502000000 53.514259725999999)","Unfall 96307 (2016) Kat:2, Licht: 0","96307","2","3","5","05","13","1","","0","0","1","0","1"
"POINT (9.980014465000000 53.527713245000001)","Unfall 96308 (2016) Kat:3, Licht: 0","96308","3","2","2","06","19","7","","0","0","1","0","0"
"POINT (9.959994169000000 53.563836762999998)","Unfall 96309 (2016) Kat:3, Licht: 0","96309","3","2","5","05","18","4","","0","1","1","0","0"
"POINT (9.991195459000000 53.498902121000000)","Unfall 96310 (2016) Kat:2, Licht: 0","96310","2","7","0","06","16","7","","0","1","0","0","0"
"POINT (10.006037849000000 53.548519876000000)","Unfall 96311 (2016) Kat:3, Licht: 0","96311","3","6","1","05","16","3","","0","0","1","0","0"
"POINT (10.033370588000000 53.588155712999999)","Unfall 96312 (2016) Kat:3, Licht: 0","96312","3","6","3","06","18","5","","0","1","0","0","0"
"POINT (9.962956800000001 53.556412577000003)","Unfall 96313 (2016) Kat:3, Licht: 0","96313","3","2","6","05","09","4","","0","0","1","1","0"
"POINT (10.016382226999999 53.567618666000001)","Unfall 96314 (2016) Kat:3, Licht: 0","96314","3","2","5","06","16","4","","0","1","1","0","0"
"POINT (9.865445665999999 53.570181667000000)","Unfall 96315 (2016) Kat:3, Licht: 0","96315","3","2","5","05","14","7","","0","1","1","0","0"
"POINT (9.949431870000000 53.577074160000002)","Unfall 96316 (2016) Kat:3, Licht: 0","96316","3","7","0","06","19","4","","0","1","1","0","0"
"POINT (10.022897842000001 53.584487078000002)","Unfall 96317 (2016) Kat:3, Licht: 0","96317","3","6","3","05","12","6","","0","1","0","0","0"
"POINT (9.983188030999999 53.553360493000000)","Unfall 96318 (2016) Kat:3, Licht: 0","96318","3","2","4","05","07","6","","0","1","1","0","0"
"POINT (9.985723514000000 53.592584539000001)","Unfall 96319 (2016) Kat:3, Licht: 0","96319","3","5","1","05","17","7","","0","0","1","0","1"
"POINT (9.994249296000000 53.593210888000002)","Unfall 96320 (2016) Kat:3, Licht: 0","96320","3","3","5","06","17","5","","0","1","1","0","0"
"POINT (10.040049765999999 53.580271523999997)","Unfall 96321 (2016) Kat:3, Licht: 0","96321","3","3","5","06","20","4","","0","1","0","0","0"
"POINT (10.003291967999999 53.592453132000003)","Unfall 96322 (2016) Kat:3, Licht: 0","96322","3","3","5","05","18","6","","0","1","1","0","0"
"POINT (10.000331358000000 53.557278983000003)","Unfall 96323 (2016) Kat:3, Licht: 0","96323","3","6","3","05","11","6","","0","0","1","0","0"
"POINT (10.040932227000001 53.608155514000003)","Unfall 96324 (2016) Kat:3, Licht: 0","96324","3","3","5","06","06","6","","0","1","1","0","0"
"POINT (9.967298812999999 53.438771299000003)","Unfall 96325 (2016) Kat:3, Licht: 0","96325","3","6","2","06","16","3","","0","0","1","0","0"
"POINT (10.014544001999999 53.579870024999998)","Unfall 96326 (2016) Kat:3, Licht: 0","96326","3","6","4","05","13","6","","0","1","0","0","0"
"POINT (10.031588482000000 53.625869696000002)","Unfall 96327 (2016) Kat:3, Licht: 0","96327","3","2","4","06","21","3","","0","0","1","0","0"
"POINT (10.104710241999999 53.522275311000001)","Unfall 96328 (2016) Kat:3, Licht: 0","96328","3","7","0","05","15","1","","0","0","0","0","1"
"POINT (10.010229932000000 53.458449115000001)","Unfall 96329 (2016) Kat:3, Licht: 0","96329","3","2","2","06","15","6","","0","0","1","0","0"
"POINT (9.990372703000000 53.452527672000002)","Unfall 96330 (2016) Kat:3, Licht: 0","96330","3","2","4","05","13","3","","0","0","1","0","1"
"POINT (9.845288071000001 53.563556423999998)","Unfall 96331 (2016) Kat:3, Licht: 0","96331","3","2","4","06","13","4","","0","1","1","0","0"
"POINT (10.097240720000000 53.544814553000002)","Unfall 96332 (2016) Kat:3, Licht: 0","96332","3","2","0","06","18","7","","0","1","1","0","0"
"POINT (9.989732498000000 53.549994605999998)","Unfall 96333 (2016) Kat:2, Licht: 0","96333","2","5","1","05","09","3","","0","1","0","0","0"
"POINT (9.981445816000001 53.583052326000001)","Unfall 96334 (2016) Kat:2, Licht: 0","96334","2","3","5","06","08","5","","0","1","0","0","0"
"POINT (9.937974482000000 53.556748710999997)","Unfall 96335 (2016) Kat:3, Licht: 0","96335","3","6","0","06","12","4","","0","1","0","0","0"
"POINT (9.973066104999999 53.594098938000002)","Unfall 96336 (2016) Kat:3, Licht: 0","96336","3","3","5","05","13","7","","0","0","1","0","1"
"POINT (10.069052262000000 53.524249421000000)","Unfall 96337 (2016) Kat:3, Licht: 0","96337","3","7","3","05","13","5","","0","0","1","0","1"
"POINT (9.996465574000000 53.593532750999998)","Unfall 96338 (2016) Kat:3, Licht: 0","96338","3","5","2","06","15","5","","0","0","1","0","0"
"POINT (10.019947158000001 53.557019425000000)","Unfall 96339 (2016) Kat:3, Licht: 0","96339","3","6","2","06","17","2","","0","0","1","0","0"
"POINT (10.087198826000000 53.512530732000002)","Unfall 96340 (2016) Kat:3, Licht: 0","96340","3","7","6","05","14","5","","0","0","0","1","0"
"POINT (10.017480716000000 53.549540147000002)","Unfall 96341 (2016) Kat:3, Licht: 2","96341","3","2","3","05","02","1","","2","0","1","0","0"
"POINT (9.949650630000001 53.558742537000001)","Unfall 96342 (2016) Kat:3, Licht: 2","96342","3","3","5","06","03","6","","2","1","1","0","0"
"POINT (10.076548583999999 53.615953644999998)","Unfall 96343 (2016) Kat:3, Licht: 0","96343","3","2","3","06","08","3","","0","1","1","0","0"
"POINT (9.942616832000001 53.546140268000002)","Unfall 96344 (2016) Kat:3, Licht: 0","96344","3","6","3","06","08","3","","0","1","0","0","1"
"POINT (9.987532929000000 53.451888930000003)","Unfall 96345 (2016) Kat:3, Licht: 1","96345","3","2","5","05","21","5","","1","0","1","0","0"
"POINT (10.056802523000000 53.673658981000003)","Unfall 96346 (2016) Kat:3, Licht: 0","96346","3","6","2","05","15","2","","0","0","1","0","0"
"POINT (9.893208224000000 53.614905041000000)","Unfall 96347 (2016) Kat:3, Licht: 0","96347","3","3","5","06","13","7","","0","0","1","0","0"
"POINT (9.866276195999999 53.606898925000003)","Unfall 96348 (2016) Kat:3, Licht: 0","96348","3","3","5","07","08","6","","0","0","1","0","0"
"POINT (10.052654358000000 53.550036319000000)","Unfall 96349 (2016) Kat:3, Licht: 0","96349","3","6","2","06","12","5","","0","0","1","0","0"
"POINT (10.010576347000001 53.651784609000003)","Unfall 96350 (2016) Kat:3, Licht: 0","96350","3","4","6","06","09","4","","0","1","0","1","0"
"POINT (9.918879576000000 53.597903979999998)","Unfall 96351 (2016) Kat:3, Licht: 0","96351","3","3","5","06","12","3","","0","0","1","0","0"
"POINT (9.977986056000001 53.556784096000001)","Unfall 96352 (2016) Kat:3, Licht: 0","96352","3","6","4","06","16","6","","0","1","1","0","0"
"POINT (9.969879621000001 53.545892612999999)","Unfall 96353 (2016) Kat:3, Licht: 0","96353","3","2","5","06","16","3","","0","0","1","0","1"
"POINT (9.963080666000000 53.557212440999997)","Unfall 96354 (2016) Kat:3, Licht: 0","96354","3","6","2","06","15","4","","0","1","1","0","0"
"POINT (10.076830595000001 53.584990974999997)","Unfall 96355 (2016) Kat:2, Licht: 0","96355","2","7","0","06","21","4","","0","1","1","0","0"
"POINT (9.932769032000000 53.479598621000001)","Unfall 96356 (2016) Kat:3, Licht: 0","96356","3","6","4","06","05","6","","0","0","0","0","1"
"POINT (10.105682486999999 53.587731955000002)","Unfall 96357 (2016) Kat:3, Licht: 0","96357","3","7","5","07","13","7","","0","0","1","0","0"
"POINT (10.114931871000000 53.625066953000001)","Unfall 96358 (2016) Kat:3, Licht: 0","96358","3","3","5","06","10","7","","0","1","1","0","0"
"POINT (10.012310732000000 53.605989362000003)","Unfall 96359 (2016) Kat:3, Licht: 0","96359","3","3","5","06","15","2","","0","1","1","0","0"
"POINT (10.081374156000001 53.558893621999999)","Unfall 96360 (2016) Kat:3, Licht: 0","96360","3","7","6","07","19","1","","0","1","0","1","0"
"POINT (9.924929624000001 53.550936258999997)","Unfall 96361 (2016) Kat:3, Licht: 0","96361","3","2","4","06","07","3","","0","1","0","0","0"
"POINT (9.822660859999999 53.526491485000001)","Unfall 96362 (2016) Kat:3, Licht: 0","96362","3","6","2","06","14","4","","0","0","1","0","0"
"POINT (10.025821431000001 53.669619169999997)","Unfall 96363 (2016) Kat:3, Licht: 0","96363","3","2","5","06","08","4","","0","1","1","0","0"
"POINT (9.973237493999999 53.578300849000001)","Unfall 96364 (2016) Kat:3, Licht: 0","96364","3","5","1","06","11","7","","0","1","1","0","0"
"POINT (9.961819036000000 53.566634178000001)","Unfall 96365 (2016) Kat:3, Licht: 0","96365","3","4","6","06","10","5","","0","1","0","1","0"
"POINT (10.069004123999999 53.560812460999998)","Unfall 96366 (2016) Kat:3, Licht: 0","96366","3","7","3","06","16","7","","0","0","1","0","0"
"POINT (9.793715067999999 53.533958456999997)","Unfall 96367 (2016) Kat:3, Licht: 0","96367","3","4","6","06","15","5","","0","0","1","1","0"
"POINT (9.976963272000001 53.552200235999997)","Unfall 96368 (2016) Kat:3, Licht: 0","96368","3","7","0","06","09","3","","0","1","0","0","0"
"POINT (10.086459413000000 53.568909005999998)","Unfall 96369 (2016) Kat:3, Licht: 0","96369","3","6","2","06","08","4","","0","0","1","0","0"
"POINT (9.910314565000000 53.495739125999997)","Unfall 96370 (2016) Kat:2, Licht: 0","96370","2","3","5","06","14","5","","0","0","0","0","1"
"POINT (9.996972797000000 53.597329277999997)","Unfall 96371 (2016) Kat:3, Licht: 0","96371","3","7","3","06","15","2","","0","0","1","0","1"
"POINT (9.930632984000001 53.549611489999997)","Unfall 96372 (2016) Kat:3, Licht: 2","96372","3","3","5","07","01","7","","2","1","1","0","0"
"POINT (10.179713580000000 53.603248182999998)","Unfall 96373 (2016) Kat:3, Licht: 0","96373","3","3","5","06","10","7","","0","1","1","0","0"
"POINT (10.053157159000000 53.573844430000001)","Unfall 96374 (2016) Kat:3, Licht: 0","96374","3","3","5","06","09","2","","0","0","1","0","0"
"POINT (9.910219310000000 53.495665500999998)","Unfall 96375 (2016) Kat:3, Licht: 0","96375","3","3","5","06","13","5","","0","0","1","0","0"
"POINT (10.014789199000001 53.631430106000003)","Unfall 96376 (2016) Kat:3, Licht: 1","96376","3","3","5","07","20","7","","1","0","1","0","0"
"POINT (10.123152394000000 53.568395441000000)","Unfall 96377 (2016) Kat:3, Licht: 0","96377","3","6","3","06","08","7","","0","0","1","0","0"
"POINT (10.018274693000000 53.564632897000003)","Unfall 96378 (2016) Kat:2, Licht: 0","96378","2","7","5","06","07","2","","0","0","1","0","1"
"POINT (9.928185421000000 53.557366977000001)","Unfall 96379 (2016) Kat:3, Licht: 0","96379","3","5","1","06","10","3","","0","0","1","0","1"
"POINT (9.950202101000000 53.461818246000000)","Unfall 96380 (2016) Kat:3, Licht: 0","96380","3","3","5","06","17","4","","0","0","1","0","0"
"POINT (10.019351078000000 53.654924305000002)","Unfall 96381 (2016) Kat:3, Licht: 0","96381","3","3","5","06","07","4","","0","1","1","0","0"
"POINT (9.943785040000000 53.544404599000003)","Unfall 96382 (2016) Kat:3, Licht: 0","96382","3","7","5","06","15","7","","0","0","1","0","0"
"POINT (9.883142581000000 53.474245259999996)","Unfall 96383 (2016) Kat:2, Licht: 0","96383","2","2","5","06","09","5","","0","1","1","0","0"
"POINT (9.976390463000000 53.461563003999999)","Unfall 96384 (2016) Kat:2, Licht: 1","96384","2","6","2","06","21","5","","1","0","1","0","0"
"POINT (10.022644391000000 53.529656666000001)","Unfall 96385 (2016) Kat:3, Licht: 0","96385","3","7","0","06","11","2","","0","1","0","0","0"
"POINT (10.078150381000000 53.564735038999999)","Unfall 96386 (2016) Kat:3, Licht: 0","96386","3","3","5","06","07","4","","0","1","1","0","0"
"POINT (9.904510238000000 53.608242891000003)","Unfall 96387 (2016) Kat:3, Licht: 0","96387","3","7","6","06","15","2","","0","0","0","1","0"
"POINT (10.116794827000000 53.536811041000000)","Unfall 96388 (2016) Kat:3, Licht: 2","96388","3","6","2","07","22","6","","2","0","1","0","0"
"POINT (9.988713116000000 53.580243697000000)","Unfall 96389 (2016) Kat:3, Licht: 0","96389","3","2","2","06","11","7","","0","0","1","0","0"
"POINT (10.006582270999999 53.631112491000003)","Unfall 96390 (2016) Kat:3, Licht: 0","96390","3","7","0","07","16","6","","0","0","1","0","0"
"POINT (9.964151405999999 53.558943962000001)","Unfall 96391 (2016) Kat:3, Licht: 0","96391","3","6","6","06","07","3","","0","1","0","1","0"
"POINT (10.001657715000000 53.580969889999999)","Unfall 96392 (2016) Kat:3, Licht: 0","96392","3","2","3","06","18","4","","0","1","0","0","0"
"POINT (9.840139599000001 53.564694541999998)","Unfall 96393 (2016) Kat:2, Licht: 0","96393","2","3","0","06","16","3","","0","1","1","0","0"
"POINT (9.989127741000001 53.456710616999999)","Unfall 96394 (2016) Kat:3, Licht: 0","96394","3","3","0","06","07","5","","0","0","1","0","0"
"POINT (10.005405175000000 53.548345597999997)","Unfall 96395 (2016) Kat:2, Licht: 0","96395","2","7","0","06","17","4","","0","1","0","0","0"
"POINT (9.801199522999999 53.521501202000003)","Unfall 96396 (2016) Kat:3, Licht: 0","96396","3","3","5","06","13","5","","0","1","1","0","0"
"POINT (10.008211150999999 53.554248977000000)","Unfall 96397 (2016) Kat:3, Licht: 1","96397","3","3","5","06","23","3","","1","0","1","0","0"
"POINT (10.023266960000001 53.584567931999999)","Unfall 96398 (2016) Kat:3, Licht: 0","96398","3","7","1","06","07","4","","0","1","1","0","0"
"POINT (9.990691933000001 53.493620487000001)","Unfall 96399 (2016) Kat:3, Licht: 2","96399","3","2","4","06","02","5","","2","1","1","0","0"
"POINT (9.966543165999999 53.544466016000001)","Unfall 96400 (2016) Kat:3, Licht: 0","96400","3","6","6","06","14","7","","0","1","0","1","0"
"POINT (9.993924525000001 53.470254474999997)","Unfall 96401 (2016) Kat:2, Licht: 0","96401","2","2","5","06","16","5","","0","0","1","0","1"
"POINT (9.933179102000000 53.557265090999998)","Unfall 96402 (2016) Kat:3, Licht: 0","96402","3","6","4","06","14","5","","0","1","0","0","0"
"POINT (9.988222214000000 53.517193130000003)","Unfall 96403 (2016) Kat:3, Licht: 0","96403","3","2","3","06","16","5","","0","1","0","0","0"
"POINT (10.127059680000000 53.538784686000000)","Unfall 96404 (2016) Kat:3, Licht: 0","96404","3","2","5","06","16","2","","0","1","1","0","0"
"POINT (10.038792230000000 53.607622046000003)","Unfall 96405 (2016) Kat:3, Licht: 0","96405","3","3","5","06","18","4","","0","1","1","0","0"
"POINT (9.935789751000000 53.592624135999998)","Unfall 96406 (2016) Kat:3, Licht: 0","96406","3","6","2","06","19","2","","0","0","1","0","0"
"POINT (10.033116184000001 53.549052668000002)","Unfall 96407 (2016) Kat:3, Licht: 0","96407","3","3","5","07","15","6","","0","1","1","0","0"
"POINT (9.946756073000000 53.462208764000003)","Unfall 96408 (2016) Kat:2, Licht: 0","96408","2","3","5","06","09","2","","0","0","1","0","0"
"POINT (10.137433608000000 53.592762977000000)","Unfall 96409 (2016) Kat:3, Licht: 0","96409","3","2","5","06","11","7","","0","1","0","0","0"
"POINT (9.973564642000000 53.549935701999999)","Unfall 96410 (2016) Kat:3, Licht: 2","96410","3","3","3","06","23","7","","2","1","1","0","0"
"POINT (9.894815412000000 53.583866800000003)","Unfall 96411 (2016) Kat:3, Licht: 0","96411","3","7","1","07","20","6","","0","0","1","0","0"
"POINT (10.145375054000001 53.544314108999998)","Unfall 96412 (2016) Kat:3, Licht: 0","96412","3","2","6","06","16","5","","0","0","1","1","0"
"POINT (9.908681852999999 53.605823813000001)","Unfall 96413 (2016) Kat:3, Licht: 0","96413","3","2","5","06","08","4","","0","1","1","0","0"
"POINT (9.885135870999999 53.596645914000000)","Unfall 96414 (2016) Kat:3, Licht: 0","96414","3","4","6","06","16","3","","0","0","1","1","0"
"POINT (10.126825420999999 53.586857653999999)","Unfall 96415 (2016) Kat:3, Licht: 0","96415","3","3","5","06","16","5","","0","1","1","0","0"
"POINT (10.048853907000000 53.552196107999997)","Unfall 96416 (2016) Kat:3, Licht: 0","96416","3","3","5","06","14","2","","0","0","1","0","0"
"POINT (9.931250962000000 53.454106732000000)","Unfall 96417 (2016) Kat:3, Licht: 0","96417","3","3","5","06","09","3","","0","0","1","0","0"
"POINT (10.110427110000000 53.705286450000003)","Unfall 96418 (2016) Kat:3, Licht: 0","96418","3","3","5","06","15","4","","0","1","0","0","1"
"POINT (9.984389441999999 53.431464429999998)","Unfall 96419 (2016) Kat:3, Licht: 0","96419","3","7","1","06","11","5","","0","0","1","0","0"
"POINT (10.136185779000000 53.540595252999999)","Unfall 96420 (2016) Kat:3, Licht: 0","96420","3","2","4","07","18","7","","0","0","1","0","0"
"POINT (10.042296264999999 53.555290997000000)","Unfall 96421 (2016) Kat:2, Licht: 0","96421","2","2","5","06","11","2","","0","1","1","0","0"
"POINT (10.125818598000000 53.645033417000000)","Unfall 96422 (2016) Kat:3, Licht: 0","96422","3","4","6","06","07","4","","0","1","0","1","0"
"POINT (10.092652460000000 53.618404968999997)","Unfall 96423 (2016) Kat:3, Licht: 0","96423","3","6","2","06","13","7","","0","0","1","0","0"
"POINT (9.888603395000001 53.621518930999997)","Unfall 96424 (2016) Kat:3, Licht: 0","96424","3","4","6","06","18","2","","0","0","1","1","0"
"POINT (9.992222418000001 53.506753275000001)","Unfall 96425 (2016) Kat:3, Licht: 0","96425","3","5","1","07","15","1","","0","0","1","0","0"
"POINT (9.980058883000000 53.580147361000002)","Unfall 96426 (2016) Kat:3, Licht: 2","96426","3","5","1","07","23","1","","2","1","1","0","0"
"POINT (10.051651265000000 53.557520814999997)","Unfall 96427 (2016) Kat:3, Licht: 0","96427","3","3","5","06","08","2","","0","0","1","0","0"
"POINT (10.032419920000001 53.635493291000003)","Unfall 96428 (2016) Kat:3, Licht: 0","96428","3","6","1","06","15","4","","0","0","1","0","1"
"POINT (9.967281471000000 53.605782529999999)","Unfall 96429 (2016) Kat:3, Licht: 0","96429","3","3","5","07","13","2","","0","0","1","0","0"
"POINT (9.987188820000000 53.510449319000003)","Unfall 96430 (2016) Kat:2, Licht: 0","96430","2","4","6","06","16","2","","0","0","1","1","0"
"POINT (10.101436880000000 53.654284345999997)","Unfall 96431 (2016) Kat:3, Licht: 0","96431","3","6","2","06","19","7","","0","0","1","0","0"
"POINT (9.905599455999999 53.607661903999997)","Unfall 96432 (2016) Kat:3, Licht: 0","96432","3","6","2","06","07","4","","0","0","1","0","0"
"POINT (9.910286964000001 53.495689906000003)","Unfall 96433 (2016) Kat:3, Licht: 0","96433","3","2","5","06","18","6","","0","0","1","0","0"
"POINT (9.983050950000001 53.553497458000002)","Unfall 96434 (2016) Kat:3, Licht: 0","96434","3","5","1","07","13","6","","0","1","1","0","0"
"POINT (10.014210846999999 53.638274127000003)","Unfall 96435 (2016) Kat:3, Licht: 0","96435","3","2","0","06","15","5","","0","1","1","0","0"
"POINT (9.974139603999999 53.586324199000003)","Unfall 96436 (2016) Kat:3, Licht: 0","96436","3","2","3","06","13","4","","0","1","1","0","0"
"POINT (9.921180987000000 53.647045343000002)","Unfall 96437 (2016) Kat:3, Licht: 0","96437","3","5","1","06","12","3","","0","0","1","0","0"
"POINT (10.134551124000000 53.575173405999998)","Unfall 96438 (2016) Kat:3, Licht: 2","96438","3","6","1","06","23","5","","2","0","1","0","0"
"POINT (10.021367960999999 53.544740157000000)","Unfall 96439 (2016) Kat:3, Licht: 1","96439","3","3","5","06","20","2","","1","1","1","0","0"
"POINT (10.181484406999999 53.483415634000004)","Unfall 96440 (2016) Kat:2, Licht: 0","96440","2","2","3","06","15","3","","0","1","0","0","0"
"POINT (9.996053218000000 53.648420684000001)","Unfall 96441 (2016) Kat:3, Licht: 0","96441","3","6","2","06","20","4","","0","0","1","0","1"
"POINT (10.142448484000001 53.529824478000002)","Unfall 96442 (2016) Kat:3, Licht: 0","96442","3","3","5","06","18","5","","0","1","1","0","0"
"POINT (10.167635303000001 53.649588797000000)","Unfall 96443 (2016) Kat:3, Licht: 2","96443","3","1","8","07","02","7","","2","1","0","0","0"
"POINT (10.046183757000000 53.642218868000000)","Unfall 96444 (2016) Kat:3, Licht: 0","96444","3","3","5","06","09","7","","0","0","1","0","0"
"POINT (9.923969621000000 53.592077576999998)","Unfall 96445 (2016) Kat:3, Licht: 0","96445","3","3","5","06","16","2","","0","0","1","0","0"
"POINT (10.126262628999999 53.619458149000003)","Unfall 96446 (2016) Kat:3, Licht: 0","96446","3","4","6","07","12","1","","0","0","1","1","0"
"POINT (10.081615524000000 53.555588602000000)","Unfall 96447 (2016) Kat:3, Licht: 0","96447","3","6","2","06","14","2","","0","0","1","0","1"
"POINT (9.945529210000000 53.461950387000002)","Unfall 96448 (2016) Kat:3, Licht: 0","96448","3","3","5","06","16","4","","0","0","1","0","0"
"POINT (9.978537649000000 53.570903743999999)","Unfall 96449 (2016) Kat:3, Licht: 0","96449","3","7","0","06","17","4","","0","0","0","0","0"
"POINT (9.980575440000001 53.463994063999998)","Unfall 96450 (2016) Kat:3, Licht: 0","96450","3","3","0","06","14","6","","0","1","1","0","0"
"POINT (9.954626150999999 53.549724325000000)","Unfall 96451 (2016) Kat:3, Licht: 0","96451","3","6","2","06","18","5","","0","0","1","0","0"
"POINT (10.130353927000000 53.645624681999998)","Unfall 96452 (2016) Kat:3, Licht: 0","96452","3","3","5","06","13","7","","0","0","1","0","1"
"POINT (10.056751884000001 53.563261095999998)","Unfall 96453 (2016) Kat:3, Licht: 0","96453","3","3","5","06","17","2","","0","1","1","0","0"
"POINT (10.229488628000000 53.445146661000003)","Unfall 96454 (2016) Kat:3, Licht: 0","96454","3","3","5","06","17","4","","0","1","1","0","0"
"POINT (10.028049101000001 53.674881730000003)","Unfall 96455 (2016) Kat:3, Licht: 0","96455","3","3","5","06","20","7","","0","0","1","0","0"
"POINT (9.965429042000000 53.570793750999997)","Unfall 96456 (2016) Kat:3, Licht: 0","96456","3","2","3","06","12","4","","0","1","1","0","0"
"POINT (10.179617905000001 53.478405530000003)","Unfall 96457 (2016) Kat:3, Licht: 0","96457","3","2","0","06","21","6","","0","0","0","0","1"
"POINT (10.100305948999999 53.496639928999997)","Unfall 96458 (2016) Kat:3, Licht: 0","96458","3","3","5","06","16","5","","0","0","1","0","1"
"POINT (9.942703056999999 53.593334439000003)","Unfall 96459 (2016) Kat:3, Licht: 0","96459","3","6","2","06","14","5","","0","0","1","0","0"
"POINT (10.013589574999999 53.595670767000001)","Unfall 96460 (2016) Kat:3, Licht: 1","96460","3","1","9","06","03","7","","1","0","0","0","1"
"POINT (10.078967965000000 53.563275064999999)","Unfall 96461 (2016) Kat:3, Licht: 0","96461","3","6","2","06","13","5","","0","0","1","0","0"
"POINT (10.069918327000000 53.578128335000002)","Unfall 96462 (2016) Kat:3, Licht: 0","96462","3","6","2","06","16","2","","0","0","1","0","0"
"POINT (10.018089717000001 53.562686743000000)","Unfall 96463 (2016) Kat:3, Licht: 0","96463","3","2","3","06","08","4","","0","1","1","0","0"
"POINT (10.016390524000000 53.548689512000003)","Unfall 96464 (2016) Kat:3, Licht: 0","96464","3","6","3","06","16","5","","0","0","1","0","1"
"POINT (10.047010290999999 53.578875339000000)","Unfall 96465 (2016) Kat:3, Licht: 0","96465","3","6","1","07","19","7","","0","0","1","0","0"
"POINT (10.011484919999999 53.649155225000001)","Unfall 96466 (2016) Kat:3, Licht: 0","96466","3","3","5","06","14","7","","0","1","1","0","0"
"POINT (9.851852060000001 53.584322675999999)","Unfall 96467 (2016) Kat:3, Licht: 0","96467","3","2","3","06","16","2","","0","1","1","0","0"
"POINT (10.125529321000000 53.572461154000003)","Unfall 96468 (2016) Kat:2, Licht: 0","96468","2","7","3","06","18","2","","0","0","1","0","0"
"POINT (10.126690630000001 53.603778194999997)","Unfall 96469 (2016) Kat:3, Licht: 0","96469","3","3","5","06","09","4","","0","1","1","0","0"
"POINT (9.995508235999999 53.568360319000000)","Unfall 96470 (2016) Kat:3, Licht: 0","96470","3","7","3","06","14","4","","0","1","1","0","0"
"POINT (10.057506281000000 53.554713429000003)","Unfall 96471 (2016) Kat:3, Licht: 0","96471","3","7","8","06","20","6","","0","0","1","0","0"
"POINT (10.047843200000001 53.555397777000003)","Unfall 96472 (2016) Kat:2, Licht: 0","96472","2","6","2","06","13","5","","0","0","1","0","0"
"POINT (9.994771257000000 53.557454814000003)","Unfall 96473 (2016) Kat:2, Licht: 0","96473","2","6","2","06","17","5","","0","0","1","0","1"
"POINT (10.065777488000000 53.646237841000001)","Unfall 96474 (2016) Kat:3, Licht: 0","96474","3","3","5","06","21","5","","0","1","1","0","0"