WKT,Name,OBJECTID,UKATEGORIE,UTYP1,UART,UMONAT,USTUNDE,UWOCHENTAG,STRZUSTAND,ULICHTVERH,ISTRAD,ISTPKW,ISTFUSS,ISTKRAD
"POINT (10.076306110000001 53.578466712999997)","Unfall 96475 (2016) Kat:3, Licht: 0","96475","3","5","1","06","13","2","","0","0","1","0","0"
"POINT (9.924793274000001 53.590726855000000)","Unfall 96476 (2016) Kat:3, Licht: 0","96476","3","7","1","06","10","4","","0","1","1","0","0"
"POINT (10.035091354000000 53.551782158999998)","Unfall 96477 (2016) Kat:3, Licht: 0","96477","3","6","3","06","05","5","","0","0","1","0","0"
"POINT (9.924380973000000 53.555635369000001)","Unfall 96478 (2016) Kat:3, Licht: 0","96478","3","6","4","06","12","2","","0","0","1","0","0"
"POINT (10.100393243999999 53.539883226000001)","Unfall 96479 (2016) Kat:3, Licht: 0","96479","3","6","3","07","17","6","","0","0","1","0","1"
"POINT (10.116416463000000 53.603390757000000)","Unfall 96480 (2016) Kat:3, Licht: 0","96480","3","3","5","06","16","2","","0","1","1","0","0"
"POINT (10.013941251000000 53.593925806999998)","Unfall 96481 (2016) Kat:3, Licht: 0","96481","3","3","5","06","15","5","","0","1","1","0","0"
"POINT (10.040537272000000 53.546469610999999)","Unfall 96482 (2016) Kat:3, Licht: 0","96482","3","2","4","06","11","5","","0","0","1","0","1"
"POINT (9.952353691000001 53.549588282999999)","Unfall 96483 (2016) Kat:3, Licht: 0","96483","3","2","3","06","17","2","","0","1","0","0","0"
"POINT (9.959882177000001 53.549469448000004)","Unfall 96484 (2016) Kat:3, Licht: 2","96484","3","4","0","07","01","7","","2","0","1","1","0"
"POINT (9.875802158000001 53.588678817999998)","Unfall 96485 (2016) Kat:3, Licht: 2","96485","3","2","5","06","00","7","","2","0","1","0","0"
"POINT (9.967687268000001 53.568654502999998)","Unfall 96486 (2016) Kat:3, Licht: 0","96486","3","2","5","06","05","2","","0","1","1","0","0"
"POINT (10.056287702000001 53.598181021999999)","Unfall 96487 (2016) Kat:3, Licht: 0","96487","3","3","5","07","19","6","","0","0","1","0","1"
"POINT (10.065225016999999 53.578947790000001)","Unfall 96488 (2016) Kat:3, Licht: 0","96488","3","3","5","06","08","2","","0","1","1","0","0"
"POINT (9.970722570000000 53.545670008000002)","Unfall 96489 (2016) Kat:3, Licht: 0","96489","3","6","4","06","18","4","","0","1","0","0","1"
"POINT (9.984069891000001 53.586902930000001)","Unfall 96490 (2016) Kat:3, Licht: 0","96490","3","3","5","06","08","3","","0","0","1","0","1"
"POINT (10.050029814000000 53.568461241999998)","Unfall 96491 (2016) Kat:3, Licht: 0","96491","3","2","3","06","18","5","","0","1","1","0","0"
"POINT (10.032821065000000 53.540825632999997)","Unfall 96492 (2016) Kat:3, Licht: 0","96492","3","6","3","06","14","6","","0","0","1","0","0"
"POINT (10.074890412000000 53.556159039000001)","Unfall 96493 (2016) Kat:3, Licht: 0","96493","3","1","8","06","15","3","","0","0","1","1","0"
"POINT (10.115687554999999 53.571023224000001)","Unfall 96494 (2016) Kat:3, Licht: 0","96494","3","2","4","06","17","5","","0","0","1","0","1"
"POINT (10.007083195000000 53.627686623000002)","Unfall 96495 (2016) Kat:3, Licht: 0","96495","3","6","3","07","19","1","","0","0","1","0","0"
"POINT (10.044277001999999 53.593560517999997)","Unfall 96496 (2016) Kat:3, Licht: 0","96496","3","6","0","06","07","5","","0","1","1","0","0"
"POINT (10.073717286000001 53.606009579000002)","Unfall 96497 (2016) Kat:3, Licht: 0","96497","3","2","5","06","16","2","","0","1","0","0","0"
"POINT (9.899349710999999 53.576934897000001)","Unfall 96498 (2016) Kat:3, Licht: 0","96498","3","3","5","06","18","4","","0","1","0","0","0"
"POINT (10.141427170000000 53.583976999999997)","Unfall 96499 (2016) Kat:3, Licht: 1","96499","3","2","2","07","20","6","","1","0","1","0","0"
"POINT (9.939177961000000 53.622492498000000)","Unfall 96500 (2016) Kat:3, Licht: 0","96500","3","1","0","07","18","2","","0","1","0","0","0"
"POINT (10.022898856999999 53.577448703999998)","Unfall 96501 (2016) Kat:3, Licht: 0","96501","3","5","1","06","20","2","","0","1","1","0","0"
"POINT (9.945371935000001 53.557106677000000)","Unfall 96502 (2016) Kat:3, Licht: 0","96502","3","3","5","06","12","7","","0","1","1","0","0"
"POINT (10.016556107000000 53.545199572000001)","Unfall 96503 (2016) Kat:3, Licht: 0","96503","3","2","2","06","21","6","","0","0","1","0","0"
"POINT (9.907241594000000 53.567250620999999)","Unfall 96504 (2016) Kat:2, Licht: 0","96504","2","2","5","07","16","6","","0","1","1","0","0"
"POINT (10.051219495000000 53.562230556000003)","Unfall 96505 (2016) Kat:3, Licht: 2","96505","3","1","8","06","03","5","","2","0","1","0","0"
"POINT (9.987847115999999 53.552292203999997)","Unfall 96506 (2016) Kat:3, Licht: 0","96506","3","3","6","06","11","4","","0","0","1","1","0"
"POINT (9.946872274000000 53.561198675000000)","Unfall 96507 (2016) Kat:3, Licht: 0","96507","3","3","5","06","08","3","","0","1","0","0","0"
"POINT (9.863664863000000 53.584469050000003)","Unfall 96508 (2016) Kat:3, Licht: 0","96508","3","3","5","06","14","5","","0","1","0","0","0"
"POINT (9.981910241000000 53.559678011999999)","Unfall 96509 (2016) Kat:3, Licht: 1","96509","3","2","6","06","22","7","","1","0","1","1","0"
"POINT (10.152102285000000 53.616005506999997)","Unfall 96510 (2016) Kat:3, Licht: 0","96510","3","3","5","06","05","6","","0","1","1","0","0"
"POINT (10.026575552000001 53.569769303000001)","Unfall 96511 (2016) Kat:3, Licht: 0","96511","3","6","2","07","19","6","","0","0","1","0","0"
"POINT (10.041904550000000 53.569386776999998)","Unfall 96512 (2016) Kat:3, Licht: 0","96512","3","7","0","06","09","2","","0","0","1","0","0"
"POINT (10.022605361000000 53.553315552000001)","Unfall 96513 (2016) Kat:3, Licht: 0","96513","3","6","2","06","15","4","","0","0","1","0","0"
"POINT (10.014511362000000 53.559988099000002)","Unfall 96514 (2016) Kat:3, Licht: 0","96514","3","4","6","06","10","3","","0","0","0","1","0"
"POINT (9.907226897999999 53.591712756000000)","Unfall 96515 (2016) Kat:3, Licht: 0","96515","3","6","1","06","18","5","","0","0","1","0","0"
"POINT (10.032090175000000 53.558086191999998)","Unfall 96516 (2016) Kat:3, Licht: 0","96516","3","5","1","06","15","3","","0","0","1","0","0"
"POINT (10.127835036000000 53.587267662999999)","Unfall 96517 (2016) Kat:3, Licht: 0","96517","3","2","2","06","16","5","","0","0","1","0","0"
"POINT (9.986462714000000 53.456916982000003)","Unfall 96518 (2016) Kat:2, Licht: 0","96518","2","4","6","07","13","7","","0","0","0","1","0"
"POINT (10.120128627000000 53.664603913000001)","Unfall 96519 (2016) Kat:3, Licht: 0","96519","3","3","3","06","13","2","","0","1","1","0","0"
"POINT (9.973383504999999 53.598279845000000)","Unfall 96520 (2016) Kat:3, Licht: 0","96520","3","2","4","06","20","4","","0","1","1","0","0"
"POINT (9.966270280000000 53.569352604999999)","Unfall 96521 (2016) Kat:3, Licht: 0","96521","3","2","5","06","18","2","","0","1","1","0","0"
"POINT (10.004920992000001 53.557790003000001)","Unfall 96522 (2016) Kat:2, Licht: 0","96522","2","4","6","07","07","2","","0","0","1","1","0"
"POINT (9.888492779000000 53.618923490999997)","Unfall 96523 (2016) Kat:3, Licht: 0","96523","3","6","3","06","11","2","","0","1","1","0","0"
"POINT (10.041136819000000 53.600250172000003)","Unfall 96524 (2016) Kat:3, Licht: 0","96524","3","6","2","06","08","4","","0","0","0","0","1"
"POINT (9.985564815000000 53.551930124999998)","Unfall 96525 (2016) Kat:3, Licht: 0","96525","3","3","5","06","11","7","","0","0","1","0","0"
"POINT (10.019524072999999 53.556831322999997)","Unfall 96526 (2016) Kat:3, Licht: 0","96526","3","7","6","06","09","4","","0","1","0","1","0"
"POINT (10.075399473999999 53.613157678000000)","Unfall 96527 (2016) Kat:3, Licht: 0","96527","3","6","2","06","11","6","","0","0","1","0","0"
"POINT (9.929343427999999 53.494814566999999)","Unfall 96528 (2016) Kat:3, Licht: 0","96528","3","6","4","06","17","5","","0","0","1","0","0"
"POINT (10.034757708000001 53.574753606999998)","Unfall 96529 (2016) Kat:3, Licht: 1","96529","3","1","0","06","22","5","","1","0","0","0","1"
"POINT (9.902721782000000 53.618192340000000)","Unfall 96530 (2016) Kat:3, Licht: 2","96530","3","7","0","06","00","7","","2","0","0","0","1"
"POINT (9.977320850000000 53.460876880000001)","Unfall 96531 (2016) Kat:3, Licht: 0","96531","3","2","5","06","08","3","","0","0","1","0","0"
"POINT (9.896355841000000 53.477294157999999)","Unfall 96532 (2016) Kat:3, Licht: 0","96532","3","6","2","06","06","2","","0","0","1","0","1"
"POINT (9.925921748000000 53.564941482000002)","Unfall 96533 (2016) Kat:3, Licht: 0","96533","3","3","5","06","08","5","","0","1","1","0","0"
"POINT (10.000430293000001 53.621512367000001)","Unfall 96534 (2016) Kat:3, Licht: 0","96534","3","3","5","06","12","2","","0","0","1","0","0"
"POINT (10.008059705000001 53.547714753000001)","Unfall 96535 (2016) Kat:3, Licht: 0","96535","3","6","3","06","08","3","","0","0","1","0","0"
"POINT (9.962339157000001 53.599658669000000)","Unfall 96536 (2016) Kat:3, Licht: 0","96536","3","6","1","06","11","4","","0","0","1","0","0"
"POINT (10.126616250000000 53.586779589999999)","Unfall 96537 (2016) Kat:3, Licht: 0","96537","3","6","2","06","12","5","","0","0","1","0","0"
"POINT (10.022594325000000 53.649057943999999)","Unfall 96538 (2016) Kat:3, Licht: 0","96538","3","6","2","07","08","7","","0","0","1","0","0"
"POINT (9.994973918000000 53.547210335999999)","Unfall 96539 (2016) Kat:3, Licht: 0","96539","3","3","5","06","11","7","","0","1","1","0","0"
"POINT (9.868284142000000 53.595372906999998)","Unfall 96540 (2016) Kat:3, Licht: 0","96540","3","3","5","06","16","2","","0","0","1","0","0"
"POINT (10.056082057999999 53.561917549999997)","Unfall 96541 (2016) Kat:3, Licht: 0","96541","3","2","4","06","15","3","","0","1","1","0","0"
"POINT (9.988629810999999 53.572217379000001)","Unfall 96542 (2016) Kat:3, Licht: 0","96542","3","6","2","06","19","4","","0","0","1","0","0"
"POINT (10.123412555000000 53.568870351999998)","Unfall 96543 (2016) Kat:3, Licht: 0","96543","3","3","5","06","12","5","","0","0","1","0","0"
"POINT (10.064880828000000 53.554018941000002)","Unfall 96544 (2016) Kat:2, Licht: 2","96544","2","4","6","07","23","7","","2","0","0","1","1"
"POINT (9.960079747000000 53.563739274000000)","Unfall 96545 (2016) Kat:3, Licht: 0","96545","3","2","2","06","15","4","","0","0","1","0","1"
"POINT (9.997120255000001 53.550674315999998)","Unfall 96546 (2016) Kat:3, Licht: 0","96546","3","6","0","06","15","7","","0","1","1","0","0"
"POINT (10.013201727000000 53.558877508000002)","Unfall 96547 (2016) Kat:3, Licht: 0","96547","3","3","5","06","11","2","","0","0","1","0","1"
"POINT (10.085447103000000 53.554768367000001)","Unfall 96548 (2016) Kat:3, Licht: 0","96548","3","6","2","07","14","1","","0","0","1","0","0"
"POINT (9.838609707000000 53.580248885000003)","Unfall 96549 (2016) Kat:3, Licht: 0","96549","3","7","0","06","11","2","","0","1","0","0","0"
"POINT (10.090845273999999 53.634110358000001)","Unfall 96550 (2016) Kat:3, Licht: 0","96550","3","6","3","06","13","4","","0","0","1","0","0"
"POINT (10.003778042000000 53.512721089999999)","Unfall 96551 (2016) Kat:3, Licht: 0","96551","3","6","4","06","16","3","","0","0","1","0","0"
"POINT (10.093980403000000 53.606718241000003)","Unfall 96552 (2016) Kat:3, Licht: 0","96552","3","6","4","06","14","6","","0","0","1","0","0"
"POINT (9.918958721999999 53.567644946000001)","Unfall 96553 (2016) Kat:3, Licht: 0","96553","3","6","3","06","08","5","","0","1","1","0","0"
"POINT (9.962208473000001 53.630816881999998)","Unfall 96554 (2016) Kat:3, Licht: 0","96554","3","6","2","06","12","7","","0","0","1","0","0"
"POINT (9.853041540000000 53.594348605000000)","Unfall 96555 (2016) Kat:2, Licht: 0","96555","2","3","5","06","07","5","","0","1","1","0","0"
"POINT (9.927394249000001 53.552728655000003)","Unfall 96556 (2016) Kat:3, Licht: 1","96556","3","3","5","06","19","2","","1","1","1","0","0"
"POINT (9.977980736999999 53.553207956000001)","Unfall 96557 (2016) Kat:3, Licht: 0","96557","3","5","1","06","20","4","","0","0","1","0","1"
"POINT (10.174063791000000 53.588531082999999)","Unfall 96558 (2016) Kat:3, Licht: 0","96558","3","2","2","06","20","5","","0","0","1","0","0"
"POINT (9.946163343000000 53.551143717999999)","Unfall 96559 (2016) Kat:3, Licht: 0","96559","3","5","0","07","18","7","","0","0","1","0","0"
"POINT (10.203705281000000 53.471498392000001)","Unfall 96560 (2016) Kat:3, Licht: 0","96560","3","6","2","06","13","6","","0","0","1","0","0"
"POINT (10.244582498000000 53.429600594000000)","Unfall 96561 (2016) Kat:3, Licht: 0","96561","3","5","1","06","19","1","","0","1","1","0","0"
"POINT (9.907539405000000 53.632492102999997)","Unfall 96562 (2016) Kat:3, Licht: 0","96562","3","6","1","06","20","2","","0","0","1","0","0"
"POINT (10.039522163999999 53.492102760999998)","Unfall 96563 (2016) Kat:3, Licht: 0","96563","3","6","4","06","08","3","","0","0","1","0","1"
"POINT (10.074673572000000 53.612146588999998)","Unfall 96564 (2016) Kat:3, Licht: 0","96564","3","6","1","06","15","6","","0","0","1","0","0"
"POINT (10.028457211999999 53.544693373999998)","Unfall 96565 (2016) Kat:3, Licht: 0","96565","3","7","5","06","12","1","","0","0","1","0","0"
"POINT (9.962481100000000 53.610037298000002)","Unfall 96566 (2016) Kat:3, Licht: 0","96566","3","3","5","06","16","2","","0","0","1","0","0"
"POINT (9.993016065000001 53.670156397000000)","Unfall 96567 (2016) Kat:3, Licht: 0","96567","3","5","1","06","16","4","","0","0","1","0","0"
"POINT (10.210596170000001 53.503019932000001)","Unfall 96568 (2016) Kat:3, Licht: 0","96568","3","6","2","06","16","3","","0","0","1","0","0"
"POINT (10.050950218000001 53.601312434999997)","Unfall 96569 (2016) Kat:3, Licht: 0","96569","3","2","5","06","17","6","","0","1","1","0","0"
"POINT (10.086036121999999 53.580602503000001)","Unfall 96570 (2016) Kat:3, Licht: 0","96570","3","6","2","06","13","5","","0","1","1","0","0"
"POINT (9.908391539000000 53.649250805999998)","Unfall 96571 (2016) Kat:3, Licht: 0","96571","3","3","5","06","08","5","","0","0","1","0","0"
"POINT (9.990595800000000 53.560428217000002)","Unfall 96572 (2016) Kat:3, Licht: 0","96572","3","3","5","06","12","2","","0","0","1","0","0"
"POINT (9.902045472999999 53.514477098000000)","Unfall 96573 (2016) Kat:3, Licht: 0","96573","3","1","8","06","06","3","","0","0","1","0","0"
"POINT (10.124966261000001 53.570969335999997)","Unfall 96574 (2016) Kat:3, Licht: 0","96574","3","2","6","06","17","1","","0","0","1","1","0"
"POINT (10.172085425000001 53.481537977999999)","Unfall 96575 (2016) Kat:3, Licht: 0","96575","3","3","5","07","07","6","","0","1","1","0","0"
"POINT (10.094572997000000 53.657805842000002)","Unfall 96576 (2016) Kat:3, Licht: 0","96576","3","3","5","06","17","6","","0","1","1","0","0"
"POINT (10.162945474000001 53.646640390999998)","Unfall 96577 (2016) Kat:3, Licht: 0","96577","3","3","5","07","09","6","","0","0","1","0","0"
"POINT (9.984606377000000 53.587337382999998)","Unfall 96578 (2016) Kat:3, Licht: 0","96578","3","4","6","06","16","2","","0","0","1","1","0"
"POINT (10.108505040000001 53.541253095000002)","Unfall 96579 (2016) Kat:3, Licht: 0","96579","3","6","2","06","15","3","","0","1","1","0","0"
"POINT (9.874627882000000 53.477293103000001)","Unfall 96580 (2016) Kat:3, Licht: 0","96580","3","7","4","06","12","2","","0","1","0","0","0"
"POINT (9.963792092000000 53.573768647999998)","Unfall 96581 (2016) Kat:3, Licht: 1","96581","3","7","1","06","20","5","","1","1","1","0","0"
"POINT (10.083680432000000 53.574449850000001)","Unfall 96582 (2016) Kat:2, Licht: 1","96582","2","2","2","06","20","3","","1","0","1","0","0"
"POINT (10.060179195000000 53.594453154999997)","Unfall 96583 (2016) Kat:3, Licht: 0","96583","3","7","6","06","20","5","","0","1","0","1","0"
"POINT (9.988647043000000 53.603147350999997)","Unfall 96584 (2016) Kat:3, Licht: 0","96584","3","6","2","07","17","1","","0","0","1","0","0"
"POINT (9.960228431999999 53.551437227000001)","Unfall 96585 (2016) Kat:3, Licht: 0","96585","3","2","5","06","19","2","","0","0","1","0","0"
"POINT (9.842856250000001 53.534320719000000)","Unfall 96586 (2016) Kat:2, Licht: 0","96586","2","2","5","06","06","3","","0","0","1","0","0"
"POINT (10.009065359999999 53.627219670999999)","Unfall 96587 (2016) Kat:3, Licht: 0","96587","3","6","2","06","15","5","","0","0","1","0","0"
"POINT (9.938487968000000 53.552190228000001)","Unfall 96588 (2016) Kat:3, Licht: 0","96588","3","6","3","06","11","5","","0","1","0","0","0"
"POINT (9.983512117000000 53.555647747000002)","Unfall 96589 (2016) Kat:3, Licht: 0","96589","3","3","5","06","17","2","","0","1","0","0","0"
"POINT (9.876632979000000 53.533450426999998)","Unfall 96590 (2016) Kat:3, Licht: 0","96590","3","7","0","06","16","3","","0","1","0","0","0"
"POINT (10.087298903000001 53.577724858000003)","Unfall 96591 (2016) Kat:3, Licht: 0","96591","3","6","6","06","20","1","","0","1","0","1","0"
"POINT (10.098922193000000 53.541175412999998)","Unfall 96592 (2016) Kat:3, Licht: 0","96592","3","6","2","07","16","6","","0","0","0","0","0"
"POINT (9.973570228000000 53.588024546000000)","Unfall 96593 (2016) Kat:3, Licht: 0","96593","3","3","5","06","10","2","","0","1","1","0","0"
"POINT (10.090382404000000 53.511997878000003)","Unfall 96594 (2016) Kat:3, Licht: 0","96594","3","7","3","06","09","6","","0","0","1","0","0"
"POINT (10.128903441000000 53.681267927999997)","Unfall 96595 (2016) Kat:3, Licht: 0","96595","3","1","8","06","16","6","","0","0","1","0","0"
"POINT (9.846602681000000 53.572598644999999)","Unfall 96596 (2016) Kat:3, Licht: 0","96596","3","7","1","07","11","6","","0","0","1","0","0"
"POINT (9.951737224000000 53.566026303000001)","Unfall 96597 (2016) Kat:3, Licht: 0","96597","3","6","4","06","13","2","","0","1","0","0","0"
"POINT (10.100742192000000 53.540423906000001)","Unfall 96598 (2016) Kat:3, Licht: 0","96598","3","3","5","06","20","5","","0","0","1","0","0"
"POINT (10.088272734000000 53.550944299999998)","Unfall 96599 (2016) Kat:3, Licht: 0","96599","3","7","0","06","17","3","","0","0","0","0","1"
"POINT (9.955009705000000 53.450077194000002)","Unfall 96600 (2016) Kat:3, Licht: 1","96600","3","2","4","06","20","2","","1","1","1","0","0"
"POINT (9.940337188000001 53.550085991000003)","Unfall 96601 (2016) Kat:3, Licht: 0","96601","3","6","1","06","16","5","","0","0","1","0","0"
"POINT (9.981411553999999 53.548375638000003)","Unfall 96602 (2016) Kat:3, Licht: 1","96602","3","3","5","06","20","2","","1","1","1","0","0"
"POINT (10.137164379000000 53.669872863999998)","Unfall 96603 (2016) Kat:2, Licht: 0","96603","2","3","0","06","19","3","","0","0","1","0","0"
"POINT (10.002271196000001 53.463103136000001)","Unfall 96604 (2016) Kat:3, Licht: 0","96604","3","7","0","06","08","3","","0","0","1","0","0"
"POINT (10.013040086000000 53.640143999999999)","Unfall 96605 (2016) Kat:3, Licht: 0","96605","3","6","2","06","13","5","","0","0","1","0","0"
"POINT (10.104909728000001 53.558769419999997)","Unfall 96606 (2016) Kat:3, Licht: 2","96606","3","7","8","07","23","7","","2","0","1","0","0"
"POINT (10.018180965000001 53.552583425999998)","Unfall 96607 (2016) Kat:2, Licht: 1","96607","2","2","5","06","21","2","","1","1","1","0","0"
"POINT (10.212970137999999 53.513348376000003)","Unfall 96608 (2016) Kat:3, Licht: 0","96608","3","3","5","06","17","3","","0","0","1","0","0"
"POINT (10.109449468999999 53.538128338000000)","Unfall 96609 (2016) Kat:3, Licht: 1","96609","3","3","5","06","21","6","","1","0","1","1","0"
"POINT (10.011788749000001 53.581248961000000)","Unfall 96610 (2016) Kat:3, Licht: 0","96610","3","6","3","06","14","1","","0","1","1","0","0"
"POINT (9.937471038000000 53.439152399999998)","Unfall 96611 (2016) Kat:3, Licht: 0","96611","3","3","5","07","14","1","","0","0","1","1","0"
"POINT (9.971802000000000 53.568145356999999)","Unfall 96612 (2016) Kat:3, Licht: 0","96612","3","2","1","06","09","2","","0","1","1","0","0"
"POINT (10.010897049000000 53.578933972000002)","Unfall 96613 (2016) Kat:3, Licht: 0","96613","3","2","0","06","09","4","","0","0","1","0","1"
"POINT (10.165506384000000 53.624356056000003)","Unfall 96614 (2016) Kat:3, Licht: 0","96614","3","5","1","06","16","6","","0","0","1","0","0"
"POINT (10.040803452000000 53.558106260000002)","Unfall 96615 (2016) Kat:3, Licht: 0","96615","3","3","6","06","19","3","","0","0","1","1","0"
"POINT (10.113710111000000 53.659174935999999)","Unfall 96616 (2016) Kat:3, Licht: 0","96616","3","6","2","06","18","6","","0","0","1","0","1"
"POINT (9.880059845000000 53.528038662999997)","Unfall 96617 (2016) Kat:3, Licht: 0","96617","3","6","2","06","17","5","","0","0","1","0","0"
"POINT (10.163740878000000 53.605429348999998)","Unfall 96618 (2016) Kat:3, Licht: 0","96618","3","6","2","07","15","6","","0","0","1","0","0"
"POINT (9.952939274000000 53.581962453999999)","Unfall 96619 (2016) Kat:3, Licht: 0","96619","3","3","5","07","12","2","","0","1","0","0","0"
"POINT (9.954866550000000 53.545641582999998)","Unfall 96620 (2016) Kat:3, Licht: 0","96620","3","1","8","06","07","2","","0","0","1","0","0"
"POINT (10.098920367000000 53.588801273000001)","Unfall 96621 (2016) Kat:3, Licht: 0","96621","3","2","4","06","13","6","","0","1","1","0","0"
"POINT (10.054652607000000 53.592006359999999)","Unfall 96622 (2016) Kat:3, Licht: 0","96622","3","3","4","06","20","6","","0","1","1","0","0"
"POINT (9.978546586000000 53.571109462000003)","Unfall 96623 (2016) Kat:3, Licht: 0","96623","3","3","5","07","13","6","","0","1","0","0","0"
"POINT (10.014765692999999 53.631522940000004)","Unfall 96624 (2016) Kat:3, Licht: 2","96624","3","7","0","06","23","5","","2","0","1","0","0"
"POINT (10.126997455000000 53.586921855999996)","Unfall 96625 (2016) Kat:3, Licht: 0","96625","3","3","5","06","16","3","","0","1","1","0","0"
"POINT (10.012071641000000 53.494186458000001)","Unfall 96626 (2016) Kat:3, Licht: 0","96626","3","3","0","06","09","2","","0","0","1","0","0"
"POINT (9.978880258000000 53.579577657999998)","Unfall 96627 (2016) Kat:3, Licht: 0","96627","3","2","3","06","18","5","","0","1","1","0","0"
"POINT (9.994180499000001 53.465259191000001)","Unfall 96628 (2016) Kat:2, Licht: 0","96628","2","2","3","06","12","1","","0","1","1","0","0"
"POINT (10.057141845000000 53.636589575000002)","Unfall 96629 (2016) Kat:3, Licht: 0","96629","3","6","2","06","16","3","","0","0","1","0","0"
"POINT (10.208007252000000 53.494673274999997)","Unfall 96630 (2016) Kat:3, Licht: 0","96630","3","2","5","06","09","3","","0","0","1","0","0"
"POINT (10.022987358000000 53.663054778999999)","Unfall 96631 (2016) Kat:2, Licht: 0","96631","2","2","4","06","11","5","","0","0","1","0","1"
"POINT (10.034339259999999 53.609827951000000)","Unfall 96632 (2016) Kat:3, Licht: 0","96632","3","4","6","07","18","7","","0","0","1","1","0"
"POINT (10.063424385999999 53.638727729999999)","Unfall 96633 (2016) Kat:3, Licht: 0","96633","3","3","5","06","13","6","","0","1","1","0","0"
"POINT (9.960924613000000 53.583488019000001)","Unfall 96634 (2016) Kat:3, Licht: 0","96634","3","7","0","06","19","1","","0","1","0","0","0"
"POINT (10.026403878000000 53.551464557999999)","Unfall 96635 (2016) Kat:3, Licht: 0","96635","3","2","1","07","14","1","","0","0","1","0","0"
"POINT (9.995852398000000 53.550597465000003)","Unfall 96636 (2016) Kat:3, Licht: 0","96636","3","3","5","06","10","2","","0","1","0","0","0"
"POINT (10.057263064000001 53.565900339000002)","Unfall 96637 (2016) Kat:3, Licht: 2","96637","3","3","5","06","23","4","","2","0","1","0","0"
"POINT (10.145633327000001 53.618241861000001)","Unfall 96638 (2016) Kat:3, Licht: 0","96638","3","7","2","06","18","3","","0","1","0","0","0"
"POINT (10.034881503999999 53.564401537999998)","Unfall 96639 (2016) Kat:3, Licht: 0","96639","3","6","2","06","14","6","","0","0","1","0","0"
"POINT (9.929287203000000 53.553296402999997)","Unfall 96640 (2016) Kat:3, Licht: 0","96640","3","6","6","06","18","5","","0","1","0","1","0"
"POINT (9.937229165000000 53.577417675000000)","Unfall 96641 (2016) Kat:3, Licht: 2","96641","3","2","4","06","23","7","","2","0","1","0","0"
"POINT (10.000643930000001 53.555472385999998)","Unfall 96642 (2016) Kat:2, Licht: 0","96642","2","3","5","06","11","5","","0","1","0","0","1"
"POINT (9.985672147000001 53.456482827999999)","Unfall 96643 (2016) Kat:3, Licht: 0","96643","3","7","0","06","20","1","","0","0","1","0","1"
"POINT (9.933970072999999 53.592089127999998)","Unfall 96644 (2016) Kat:3, Licht: 0","96644","3","2","5","06","17","5","","0","1","1","0","0"
"POINT (9.986084205999999 53.588541483999997)","Unfall 96645 (2016) Kat:3, Licht: 0","96645","3","6","4","06","13","1","","0","1","0","0","0"
"POINT (9.946309659000001 53.584220821999999)","Unfall 96646 (2016) Kat:3, Licht: 0","96646","3","3","5","06","17","5","","0","0","1","0","0"
"POINT (9.950423623000001 53.550894284999998)","Unfall 96647 (2016) Kat:3, Licht: 0","96647","3","6","3","06","12","7","","0","0","1","0","0"
"POINT (9.854390883000001 53.470719549000002)","Unfall 96648 (2016) Kat:3, Licht: 0","96648","3","3","5","06","14","4","","0","1","1","0","0"
"POINT (10.021981894000000 53.525068767000000)","Unfall 96649 (2016) Kat:3, Licht: 0","96649","3","6","2","06","14","1","","0","0","1","0","0"
"POINT (10.140710552000000 53.652988481000001)","Unfall 96650 (2016) Kat:3, Licht: 0","96650","3","6","2","06","16","3","","0","0","1","0","0"
"POINT (10.061119806000001 53.546944054000001)","Unfall 96651 (2016) Kat:3, Licht: 0","96651","3","6","2","06","16","3","","0","0","1","0","0"
"POINT (9.857919533000001 53.598141376999997)","Unfall 96652 (2016) Kat:3, Licht: 0","96652","3","2","5","06","20","5","","0","1","1","0","0"
"POINT (10.044311005999999 53.582126451000001)","Unfall 96653 (2016) Kat:3, Licht: 1","96653","3","6","2","07","21","7","","1","0","1","0","0"
"POINT (10.006640994000000 53.653764934999998)","Unfall 96654 (2016) Kat:3, Licht: 0","96654","3","3","5","06","13","6","","0","1","1","0","0"
"POINT (9.948452528000001 53.561382688000002)","Unfall 96655 (2016) Kat:3, Licht: 2","96655","3","3","4","06","22","1","","2","0","1","0","1"
"POINT (10.015228711000001 53.520805561000003)","Unfall 96656 (2016) Kat:3, Licht: 2","96656","3","7","0","06","00","1","","2","1","0","0","0"
"POINT (10.038971665000000 53.575005091999998)","Unfall 96657 (2016) Kat:3, Licht: 0","96657","3","3","6","06","20","4","","0","0","1","1","0"
"POINT (10.077196620000000 53.565723660000003)","Unfall 96658 (2016) Kat:3, Licht: 0","96658","3","6","2","06","09","3","","0","0","1","0","0"
"POINT (9.917551506000001 53.560649253000001)","Unfall 96659 (2016) Kat:3, Licht: 2","96659","3","6","3","06","23","6","","2","1","1","0","0"
"POINT (9.893492044000000 53.573393019999997)","Unfall 96660 (2016) Kat:3, Licht: 1","96660","3","1","7","06","04","5","","1","0","1","0","0"
"POINT (10.022632131000000 53.529669104000000)","Unfall 96661 (2016) Kat:2, Licht: 0","96661","2","4","6","06","17","4","","0","0","1","1","0"
"POINT (10.201586731000001 53.430640199999999)","Unfall 96662 (2016) Kat:2, Licht: 2","96662","2","1","9","06","02","1","","2","0","1","0","0"
"POINT (10.134707561999999 53.619981072000002)","Unfall 96663 (2016) Kat:3, Licht: 0","96663","3","3","0","06","07","3","","0","1","1","0","0"