WKT,Name,OBJECTID,UKATEGORIE,UTYP1,UART,UMONAT,USTUNDE,UWOCHENTAG,STRZUSTAND,ULICHTVERH,ISTRAD,ISTPKW,ISTFUSS,ISTKRAD
"POINT (10.002043264999999 53.556963647000003)","Unfall 96664 (2016) Kat:3, Licht: 0","96664","3","3","5","06","20","1","","0","1","1","0","0"
"POINT (10.095467326000000 53.547954343000001)","Unfall 96665 (2016) Kat:3, Licht: 0","96665","3","5","1","07","17","6","","0","1","1","0","0"
"POINT (10.114971797999999 53.537809772000003)","Unfall 96666 (2016) Kat:3, Licht: 0","96666","3","3","5","06","11","1","","0","0","1","0","0"
"POINT (10.024981457000001 53.604261721999997)","Unfall 96667 (2016) Kat:3, Licht: 0","96667","3","3","5","06","08","6","","0","0","1","0","0"
"POINT (9.898908871000000 53.592830391000000)","Unfall 96668 (2016) Kat:3, Licht: 0","96668","3","4","6","06","10","6","","0","0","1","1","0"
"POINT (9.996977246000000 53.584242934000002)","Unfall 96669 (2016) Kat:3, Licht: 0","96669","3","7","0","07","08","6","","0","1","1","0","0"
"POINT (10.127374141000001 53.539654091000003)","Unfall 96670 (2016) Kat:3, Licht: 0","96670","3","7","0","06","14","1","","0","0","1","0","1"
"POINT (9.962330295999999 53.551096739000002)","Unfall 96671 (2016) Kat:3, Licht: 2","96671","3","4","6","07","23","7","","2","0","0","1","1"
"POINT (10.038930975000000 53.566176388999999)","Unfall 96672 (2016) Kat:2, Licht: 0","96672","2","4","6","06","17","6","","0","0","1","1","0"
"POINT (9.980139948000000 53.526324625000001)","Unfall 96673 (2016) Kat:3, Licht: 2","96673","3","7","0","06","22","1","","2","1","0","0","0"
"POINT (10.028070627000000 53.552223109000003)","Unfall 96674 (2016) Kat:3, Licht: 0","96674","3","1","9","06","16","1","","0","0","1","0","0"
"POINT (10.046603148999999 53.596000062999998)","Unfall 96675 (2016) Kat:3, Licht: 0","96675","3","3","5","06","15","4","","0","0","1","0","0"
"POINT (10.077338672000000 53.616926440999997)","Unfall 96676 (2016) Kat:3, Licht: 0","96676","3","2","3","06","08","3","","0","1","1","0","0"
"POINT (10.164432692000000 53.443975473999998)","Unfall 96677 (2016) Kat:3, Licht: 0","96677","3","4","6","06","08","2","","0","0","1","1","0"
"POINT (9.992487605999999 53.508787642999998)","Unfall 96678 (2016) Kat:2, Licht: 0","96678","2","6","2","06","10","4","","0","0","1","0","0"
"POINT (9.933753400000001 53.630235083999999)","Unfall 96679 (2016) Kat:3, Licht: 0","96679","3","5","1","06","21","6","","0","1","1","0","0"
"POINT (9.955808620999999 53.570151307000003)","Unfall 96680 (2016) Kat:3, Licht: 0","96680","3","6","2","06","19","5","","0","0","1","0","0"
"POINT (10.080519150000001 53.662658856000000)","Unfall 96681 (2016) Kat:3, Licht: 0","96681","3","3","5","07","15","1","","0","0","1","0","1"
"POINT (10.083422365000001 53.546133931999996)","Unfall 96682 (2016) Kat:3, Licht: 0","96682","3","2","4","06","08","4","","0","0","1","0","0"
"POINT (10.226969833000000 53.482778125000003)","Unfall 96683 (2016) Kat:3, Licht: 0","96683","3","3","5","06","15","1","","0","1","1","0","0"
"POINT (10.063690445000001 53.573245202999999)","Unfall 96684 (2016) Kat:3, Licht: 0","96684","3","3","5","06","15","3","","0","1","1","0","0"
"POINT (10.014609563000000 53.548742722999997)","Unfall 96685 (2016) Kat:3, Licht: 0","96685","3","2","3","06","08","7","","0","0","1","0","0"
"POINT (10.048271609000000 53.540770405000004)","Unfall 96686 (2016) Kat:3, Licht: 0","96686","3","6","3","07","15","6","","0","0","1","0","0"
"POINT (9.844831733000000 53.550402167000001)","Unfall 96687 (2016) Kat:3, Licht: 0","96687","3","3","5","07","14","2","","0","1","1","0","0"
"POINT (10.081432059999999 53.593113826000000)","Unfall 96688 (2016) Kat:3, Licht: 0","96688","3","3","5","06","20","1","","0","0","1","0","0"
"POINT (10.057443556000001 53.566020270999999)","Unfall 96689 (2016) Kat:2, Licht: 0","96689","2","1","1","06","13","6","","0","0","1","0","0"
"POINT (9.929468067000000 53.629317137000001)","Unfall 96690 (2016) Kat:3, Licht: 0","96690","3","3","5","06","12","6","","0","1","1","0","0"
"POINT (9.881083221000001 53.600962965999997)","Unfall 96691 (2016) Kat:3, Licht: 0","96691","3","3","5","07","17","6","","0","1","1","0","0"
"POINT (10.057280395999999 53.564444158999997)","Unfall 96692 (2016) Kat:2, Licht: 0","96692","2","2","5","06","10","5","","0","0","1","0","0"
"POINT (10.089011678000000 53.607437644999997)","Unfall 96693 (2016) Kat:3, Licht: 0","96693","3","6","2","06","17","3","","0","0","1","0","0"
"POINT (10.118108572000001 53.625621211999999)","Unfall 96694 (2016) Kat:3, Licht: 0","96694","3","3","5","06","16","2","","0","1","1","0","0"
"POINT (10.029525343000000 53.552607365999997)","Unfall 96695 (2016) Kat:3, Licht: 0","96695","3","4","6","06","18","4","","0","0","1","1","0"
"POINT (10.142803191000000 53.543348889999997)","Unfall 96696 (2016) Kat:3, Licht: 0","96696","3","7","5","06","17","1","","0","0","1","0","0"
"POINT (10.000103429999999 53.590612022000002)","Unfall 96697 (2016) Kat:3, Licht: 0","96697","3","6","3","06","12","3","","0","0","1","0","0"
"POINT (10.072431265000001 53.580083930999997)","Unfall 96698 (2016) Kat:3, Licht: 0","96698","3","3","5","06","12","3","","0","1","1","0","0"
"POINT (9.958229098000000 53.556642119999999)","Unfall 96699 (2016) Kat:3, Licht: 2","96699","3","1","0","06","01","5","","2","1","0","0","0"
"POINT (10.124099491999999 53.538558612999999)","Unfall 96700 (2016) Kat:3, Licht: 0","96700","3","6","2","07","15","7","","0","0","1","0","0"
"POINT (10.105718289000000 53.710678983000001)","Unfall 96701 (2016) Kat:3, Licht: 0","96701","3","7","0","06","08","3","","0","1","0","0","0"
"POINT (10.119496190000000 53.643558056000003)","Unfall 96702 (2016) Kat:2, Licht: 0","96702","2","3","5","06","14","2","","0","1","1","0","0"
"POINT (10.032863713999999 53.554072507999997)","Unfall 96703 (2016) Kat:3, Licht: 0","96703","3","6","2","06","17","4","","0","0","1","0","0"
"POINT (10.019870789000000 53.613874348000003)","Unfall 96704 (2016) Kat:3, Licht: 0","96704","3","3","5","06","12","3","","0","0","1","0","0"
"POINT (9.993205875999999 53.552845873000003)","Unfall 96705 (2016) Kat:3, Licht: 0","96705","3","6","4","06","07","5","","0","1","0","0","0"
"POINT (9.980998582000000 53.422181332999997)","Unfall 96706 (2016) Kat:3, Licht: 0","96706","3","7","0","07","12","7","","0","0","1","1","0"
"POINT (10.067099766000000 53.553618010000001)","Unfall 96707 (2016) Kat:3, Licht: 0","96707","3","3","6","06","19","1","","0","1","0","1","0"
"POINT (10.010705167999999 53.648786940000001)","Unfall 96708 (2016) Kat:3, Licht: 0","96708","3","1","0","06","08","3","","0","0","0","0","1"
"POINT (10.008918919999999 53.552154698000002)","Unfall 96709 (2016) Kat:3, Licht: 0","96709","3","7","0","07","14","2","","0","0","1","0","0"
"POINT (9.915612603000000 53.548735737999998)","Unfall 96710 (2016) Kat:2, Licht: 1","96710","2","5","1","06","04","1","","1","0","1","0","1"
"POINT (10.025238763000001 53.561310734000003)","Unfall 96711 (2016) Kat:3, Licht: 0","96711","3","7","6","06","12","6","","0","0","1","1","0"
"POINT (10.004696612000000 53.657370665999998)","Unfall 96712 (2016) Kat:3, Licht: 0","96712","3","2","5","06","20","3","","0","1","1","0","0"
"POINT (9.953226282999999 53.578012596999997)","Unfall 96713 (2016) Kat:3, Licht: 0","96713","3","5","1","06","14","6","","0","1","1","0","0"
"POINT (10.015179485999999 53.561002623000000)","Unfall 96714 (2016) Kat:3, Licht: 0","96714","3","5","0","07","12","6","","0","1","1","0","0"
"POINT (10.027169908999999 53.606241588000003)","Unfall 96715 (2016) Kat:3, Licht: 0","96715","3","2","5","06","14","5","","0","1","1","0","0"
"POINT (10.026373672000000 53.670789227999997)","Unfall 96716 (2016) Kat:3, Licht: 0","96716","3","6","2","06","16","3","","0","0","1","0","0"
"POINT (10.149436932000000 53.662292903000001)","Unfall 96717 (2016) Kat:3, Licht: 0","96717","3","6","1","06","14","2","","0","1","1","0","0"
"POINT (10.016541467000000 53.548730614999997)","Unfall 96718 (2016) Kat:3, Licht: 0","96718","3","3","5","06","14","4","","0","1","1","0","0"
"POINT (10.106785168000000 53.653586034000000)","Unfall 96719 (2016) Kat:3, Licht: 0","96719","3","2","4","06","14","1","","0","0","1","0","0"
"POINT (10.031930377000000 53.572552805999997)","Unfall 96720 (2016) Kat:3, Licht: 0","96720","3","3","5","06","14","3","","0","1","1","0","0"
"POINT (10.004550218000000 53.584593835000000)","Unfall 96721 (2016) Kat:3, Licht: 0","96721","3","3","5","06","20","3","","0","1","1","0","0"
"POINT (10.007191422000000 53.556022501000001)","Unfall 96722 (2016) Kat:3, Licht: 2","96722","3","4","6","06","21","5","","2","0","1","1","0"
"POINT (10.024126749000001 53.665437111999999)","Unfall 96723 (2016) Kat:3, Licht: 0","96723","3","6","3","07","14","7","","0","0","1","0","0"
"POINT (10.039119144000001 53.578171093999998)","Unfall 96724 (2016) Kat:3, Licht: 0","96724","3","6","0","06","11","6","","0","1","0","0","0"
"POINT (10.043584365999999 53.602375066999997)","Unfall 96725 (2016) Kat:3, Licht: 0","96725","3","5","8","06","14","7","","0","0","1","0","1"
"POINT (10.098853805999999 53.627607329000000)","Unfall 96726 (2016) Kat:3, Licht: 0","96726","3","2","5","07","21","1","","0","1","1","0","1"
"POINT (9.934448147000000 53.555587164999999)","Unfall 96727 (2016) Kat:3, Licht: 0","96727","3","4","9","06","13","1","","0","0","1","1","0"
"POINT (9.897726016000000 53.605203908000000)","Unfall 96728 (2016) Kat:3, Licht: 0","96728","3","6","2","06","11","4","","0","0","1","0","0"
"POINT (9.892224614000000 53.614717136000003)","Unfall 96729 (2016) Kat:3, Licht: 0","96729","3","7","1","06","17","1","","0","1","1","0","0"
"POINT (10.029901581000001 53.586241133000001)","Unfall 96730 (2016) Kat:3, Licht: 0","96730","3","6","2","06","08","3","","0","0","1","0","0"
"POINT (10.026859483000001 53.568627890999998)","Unfall 96731 (2016) Kat:3, Licht: 0","96731","3","6","0","06","07","6","","0","0","1","0","1"
"POINT (10.082428116999999 53.660276828000001)","Unfall 96732 (2016) Kat:3, Licht: 2","96732","3","5","8","06","00","7","","2","0","1","0","0"
"POINT (10.215401103000000 53.487680701000002)","Unfall 96733 (2016) Kat:2, Licht: 2","96733","2","5","1","07","00","1","","2","0","1","0","1"
"POINT (9.995211014000001 53.558461948000001)","Unfall 96734 (2016) Kat:2, Licht: 0","96734","2","7","0","06","14","1","","0","0","0","0","1"
"POINT (9.880491357000000 53.546559870999999)","Unfall 96735 (2016) Kat:3, Licht: 0","96735","3","6","2","06","08","4","","0","0","1","0","0"
"POINT (10.046665664000001 53.578909744999997)","Unfall 96736 (2016) Kat:3, Licht: 0","96736","3","2","4","06","16","6","","0","1","1","0","0"
"POINT (10.043024741000000 53.563586182999998)","Unfall 96737 (2016) Kat:3, Licht: 0","96737","3","3","5","06","19","3","","0","0","1","0","0"
"POINT (9.975640227000000 53.588811645000000)","Unfall 96738 (2016) Kat:3, Licht: 0","96738","3","2","4","06","13","6","","0","1","1","0","0"
"POINT (9.918094123000000 53.579837736999998)","Unfall 96739 (2016) Kat:3, Licht: 0","96739","3","3","5","06","16","5","","0","1","1","0","0"
"POINT (9.978286603000001 53.572115140000001)","Unfall 96740 (2016) Kat:3, Licht: 0","96740","3","7","0","06","14","7","","0","0","0","0","1"
"POINT (10.016642092000000 53.545700437999997)","Unfall 96741 (2016) Kat:3, Licht: 0","96741","3","1","9","06","10","4","","0","0","1","0","0"
"POINT (9.975236086000001 53.588648167999999)","Unfall 96742 (2016) Kat:3, Licht: 0","96742","3","2","6","06","20","1","","0","0","1","1","0"
"POINT (10.016253723000000 53.562167504999998)","Unfall 96743 (2016) Kat:3, Licht: 0","96743","3","6","2","06","06","3","","0","0","1","0","0"
"POINT (10.017346539000000 53.555841686999997)","Unfall 96744 (2016) Kat:3, Licht: 0","96744","3","6","1","06","16","5","","0","0","1","0","0"
"POINT (10.040485177000001 53.570246580999999)","Unfall 96745 (2016) Kat:3, Licht: 0","96745","3","2","0","07","12","7","","0","0","1","0","0"
"POINT (10.016179647000000 53.561843447999998)","Unfall 96746 (2016) Kat:3, Licht: 0","96746","3","3","5","06","19","6","","0","1","1","0","0"
"POINT (10.053638525000000 53.646258064999998)","Unfall 96747 (2016) Kat:3, Licht: 0","96747","3","1","9","06","11","7","","0","0","1","0","0"
"POINT (9.967545135000000 53.566429647000000)","Unfall 96748 (2016) Kat:3, Licht: 0","96748","3","3","5","06","17","1","","0","1","1","0","0"
"POINT (9.889113183999999 53.600939900999997)","Unfall 96749 (2016) Kat:3, Licht: 0","96749","3","3","5","06","07","4","","0","1","1","0","0"
"POINT (10.014083568000000 53.578352955000000)","Unfall 96750 (2016) Kat:3, Licht: 0","96750","3","4","6","06","11","3","","0","0","0","1","0"
"POINT (9.949211626000000 53.558685965000002)","Unfall 96751 (2016) Kat:3, Licht: 0","96751","3","2","4","06","10","6","","0","0","1","0","0"
"POINT (9.978002182999999 53.512808061999998)","Unfall 96752 (2016) Kat:3, Licht: 0","96752","3","6","3","06","19","4","","0","0","0","0","1"
"POINT (10.078010062000001 53.564557645999997)","Unfall 96753 (2016) Kat:3, Licht: 0","96753","3","6","3","06","16","4","","0","0","1","0","0"
"POINT (9.918883788000001 53.556736930000000)","Unfall 96754 (2016) Kat:3, Licht: 0","96754","3","6","2","06","16","1","","0","0","1","0","0"
"POINT (10.018305932000001 53.564653825000001)","Unfall 96755 (2016) Kat:3, Licht: 0","96755","3","6","2","06","13","3","","0","0","1","0","0"
"POINT (9.988396818000000 53.583455862999998)","Unfall 96756 (2016) Kat:3, Licht: 0","96756","3","6","2","06","12","6","","0","0","1","0","0"
"POINT (10.080467936000000 53.601080979999999)","Unfall 96757 (2016) Kat:2, Licht: 0","96757","2","4","6","06","16","4","","0","0","1","1","0"
"POINT (9.887261473000001 53.599248969999998)","Unfall 96758 (2016) Kat:3, Licht: 0","96758","3","7","1","06","16","3","","0","0","1","0","0"
"POINT (10.084333692000000 53.554785625999997)","Unfall 96759 (2016) Kat:3, Licht: 0","96759","3","2","4","06","11","4","","0","0","1","0","0"
"POINT (10.076188987000000 53.662243025000002)","Unfall 96760 (2016) Kat:3, Licht: 0","96760","3","5","0","06","09","7","","0","0","1","0","0"
"POINT (9.934410188999999 53.476780908999999)","Unfall 96761 (2016) Kat:3, Licht: 0","96761","3","2","4","07","15","7","","0","0","1","0","0"
"POINT (9.764396616999999 53.576789882999996)","Unfall 96762 (2016) Kat:3, Licht: 0","96762","3","6","2","06","15","6","","0","0","1","0","0"
"POINT (10.033028564000000 53.590348200000001)","Unfall 96763 (2016) Kat:3, Licht: 0","96763","3","6","2","06","15","7","","0","0","1","0","0"
"POINT (9.993669632000000 53.577803578999998)","Unfall 96764 (2016) Kat:3, Licht: 0","96764","3","2","6","06","11","6","","0","0","1","1","0"
"POINT (10.098295252000000 53.637834841999997)","Unfall 96765 (2016) Kat:3, Licht: 0","96765","3","7","4","07","19","6","","0","0","1","0","1"
"POINT (9.964285194000000 53.549743280999998)","Unfall 96766 (2016) Kat:3, Licht: 2","96766","3","5","1","06","02","1","","2","0","1","0","1"
"POINT (10.044324639999999 53.582245835000002)","Unfall 96767 (2016) Kat:3, Licht: 0","96767","3","7","9","06","21","3","","0","0","1","0","0"
"POINT (9.995591386999999 53.665190870000004)","Unfall 96768 (2016) Kat:3, Licht: 0","96768","3","6","4","06","16","2","","0","1","0","0","0"
"POINT (10.044364869000001 53.608259023000002)","Unfall 96769 (2016) Kat:3, Licht: 0","96769","3","6","2","06","20","4","","0","0","1","0","0"
"POINT (10.032526979000000 53.581508227999997)","Unfall 96770 (2016) Kat:3, Licht: 0","96770","3","6","2","06","14","3","","0","0","1","0","0"
"POINT (10.123990446000001 53.570154756999997)","Unfall 96771 (2016) Kat:3, Licht: 0","96771","3","3","5","06","18","4","","0","1","1","0","0"
"POINT (10.019409645000000 53.560473559000002)","Unfall 96772 (2016) Kat:3, Licht: 2","96772","3","6","2","07","00","1","","2","0","1","0","0"
"POINT (10.125887535000000 53.671428366000001)","Unfall 96773 (2016) Kat:3, Licht: 0","96773","3","6","2","06","15","4","","0","0","1","0","0"
"POINT (9.972803192000001 53.527657517000002)","Unfall 96774 (2016) Kat:3, Licht: 0","96774","3","7","0","06","14","1","","0","1","0","0","0"
"POINT (9.912463162000000 53.632080741000003)","Unfall 96775 (2016) Kat:3, Licht: 0","96775","3","7","0","06","18","3","","0","0","0","0","1"
"POINT (10.124817122000000 53.586191083000003)","Unfall 96776 (2016) Kat:3, Licht: 0","96776","3","2","4","07","11","6","","0","0","1","0","0"
"POINT (9.923370954999999 53.631533136000002)","Unfall 96777 (2016) Kat:3, Licht: 0","96777","3","2","3","07","07","2","","0","1","1","0","0"
"POINT (10.198944246000000 53.488932061000000)","Unfall 96778 (2016) Kat:3, Licht: 0","96778","3","6","3","06","18","7","","0","1","1","0","0"
"POINT (9.957695232000001 53.570191346999998)","Unfall 96779 (2016) Kat:3, Licht: 0","96779","3","2","2","06","12","6","","0","1","1","0","0"
"POINT (9.956331456999999 53.582287213000001)","Unfall 96780 (2016) Kat:3, Licht: 0","96780","3","6","3","06","12","3","","0","1","0","0","0"
"POINT (10.007435139000000 53.586746935999997)","Unfall 96781 (2016) Kat:3, Licht: 0","96781","3","7","3","06","12","7","","0","0","0","0","1"
"POINT (10.140328609000001 53.542612165000001)","Unfall 96782 (2016) Kat:3, Licht: 0","96782","3","2","2","07","13","6","","0","0","1","0","0"
"POINT (10.185319462000001 53.508463329999998)","Unfall 96783 (2016) Kat:3, Licht: 0","96783","3","3","5","06","21","7","","0","0","1","0","0"
"POINT (9.963286006000001 53.573474517999998)","Unfall 96784 (2016) Kat:3, Licht: 0","96784","3","3","5","06","11","6","","0","1","1","0","0"
"POINT (9.977489143000000 53.564309811000001)","Unfall 96785 (2016) Kat:3, Licht: 2","96785","3","3","5","06","01","6","","2","0","1","0","0"
"POINT (9.893041761999999 53.614822939000000)","Unfall 96786 (2016) Kat:3, Licht: 0","96786","3","3","5","07","08","6","","0","1","1","0","0"
"POINT (10.136195115000000 53.570962563000002)","Unfall 96787 (2016) Kat:2, Licht: 0","96787","2","4","6","06","16","7","","0","0","1","1","0"
"POINT (10.209888281000000 53.497563272000001)","Unfall 96788 (2016) Kat:3, Licht: 0","96788","3","3","5","06","12","5","","0","1","1","0","0"
"POINT (9.930457771000000 53.590722045000000)","Unfall 96789 (2016) Kat:3, Licht: 0","96789","3","7","3","06","15","3","","0","0","1","0","0"
"POINT (10.006962171000000 53.623040035999999)","Unfall 96790 (2016) Kat:2, Licht: 0","96790","2","2","4","06","05","2","","0","0","1","0","0"
"POINT (10.030126698000000 53.677490532000000)","Unfall 96791 (2016) Kat:3, Licht: 0","96791","3","3","5","06","13","4","","0","1","1","0","0"
"POINT (9.980566064000000 53.463980092000000)","Unfall 96792 (2016) Kat:3, Licht: 0","96792","3","3","5","06","11","7","","0","1","1","0","0"
"POINT (10.038269175000000 53.592585640999999)","Unfall 96793 (2016) Kat:3, Licht: 0","96793","3","3","5","06","16","3","","0","1","1","0","0"
"POINT (10.153319054000001 53.597517658000001)","Unfall 96794 (2016) Kat:3, Licht: 0","96794","3","3","5","06","05","4","","0","1","1","0","0"
"POINT (9.996799695000000 53.499274595999999)","Unfall 96795 (2016) Kat:3, Licht: 0","96795","3","6","1","07","09","7","","0","0","1","0","0"
"POINT (10.017792876000000 53.549629046000000)","Unfall 96796 (2016) Kat:3, Licht: 0","96796","3","6","2","06","16","7","","0","0","1","0","0"
"POINT (9.965939768000000 53.565563525000002)","Unfall 96797 (2016) Kat:3, Licht: 0","96797","3","6","1","06","20","3","","0","0","1","0","0"
"POINT (9.994031800000000 53.579750111000003)","Unfall 96798 (2016) Kat:3, Licht: 0","96798","3","2","5","06","21","6","","0","0","1","0","0"
"POINT (10.053408788000000 53.592593389999998)","Unfall 96799 (2016) Kat:3, Licht: 0","96799","3","3","5","06","17","7","","0","0","1","0","0"
"POINT (9.974568994000000 53.467724222000001)","Unfall 96800 (2016) Kat:3, Licht: 0","96800","3","6","2","07","15","2","","0","0","1","0","0"
"POINT (9.987952457000001 53.572670774000002)","Unfall 96801 (2016) Kat:3, Licht: 0","96801","3","3","5","06","13","4","","0","1","1","0","0"
"POINT (9.958456011000001 53.549632357999997)","Unfall 96802 (2016) Kat:3, Licht: 2","96802","3","3","5","06","00","6","","2","1","0","0","0"
"POINT (9.915098558000000 53.582558413999998)","Unfall 96803 (2016) Kat:2, Licht: 0","96803","2","3","0","06","12","3","","0","1","0","0","0"
"POINT (10.018067936000000 53.556215518999998)","Unfall 96804 (2016) Kat:3, Licht: 0","96804","3","2","3","06","19","6","","0","1","1","0","0"
"POINT (9.847064611000000 53.537358240000003)","Unfall 96805 (2016) Kat:3, Licht: 0","96805","3","3","5","06","14","5","","0","0","1","0","1"
"POINT (9.905240070000000 53.608152025999999)","Unfall 96806 (2016) Kat:3, Licht: 2","96806","3","6","3","06","21","5","","2","0","1","0","0"
"POINT (9.996867169000000 53.547584106000002)","Unfall 96807 (2016) Kat:3, Licht: 0","96807","3","2","3","06","19","7","","0","1","1","0","0"
"POINT (10.008689985000000 53.559179080000000)","Unfall 96808 (2016) Kat:3, Licht: 0","96808","3","6","2","07","19","2","","0","0","1","0","0"
"POINT (9.959934283000001 53.563685032999999)","Unfall 96809 (2016) Kat:3, Licht: 0","96809","3","2","5","07","19","4","","0","1","1","0","0"
"POINT (9.967038731000001 53.579801795999998)","Unfall 96810 (2016) Kat:3, Licht: 0","96810","3","5","1","07","10","3","","0","1","1","0","0"
"POINT (9.875836016999999 53.588646451999999)","Unfall 96811 (2016) Kat:3, Licht: 0","96811","3","2","6","07","10","5","","0","0","1","1","0"
"POINT (9.963068460000001 53.603639240000000)","Unfall 96812 (2016) Kat:3, Licht: 0","96812","3","3","5","07","11","6","","0","1","0","0","0"
"POINT (9.988549950000000 53.562092567000001)","Unfall 96813 (2016) Kat:3, Licht: 0","96813","3","6","2","07","16","7","","0","0","1","0","0"
"POINT (9.845784712000000 53.569518997999999)","Unfall 96814 (2016) Kat:3, Licht: 0","96814","3","1","1","07","18","5","","0","1","0","0","0"
"POINT (10.102066121000000 53.647292110999999)","Unfall 96815 (2016) Kat:3, Licht: 0","96815","3","2","4","07","11","7","","0","0","1","0","0"
"POINT (10.047615769000000 53.550654971999997)","Unfall 96816 (2016) Kat:3, Licht: 0","96816","3","6","2","07","19","3","","0","0","1","0","0"
"POINT (10.151569436000001 53.482358501000000)","Unfall 96817 (2016) Kat:3, Licht: 0","96817","3","3","5","07","07","6","","0","0","1","0","0"
"POINT (10.068584727999999 53.580886215000000)","Unfall 96818 (2016) Kat:3, Licht: 0","96818","3","3","5","07","17","5","","0","0","1","0","0"
"POINT (10.009688772000001 53.556254309000003)","Unfall 96819 (2016) Kat:3, Licht: 0","96819","3","5","3","07","17","5","","0","1","1","0","0"
"POINT (9.958684131000000 53.565700440000001)","Unfall 96820 (2016) Kat:3, Licht: 0","96820","3","2","2","07","16","2","","0","1","1","0","0"
"POINT (10.036566579000000 53.612675111000001)","Unfall 96821 (2016) Kat:3, Licht: 0","96821","3","6","2","07","20","3","","0","0","1","0","0"
"POINT (9.993900306000001 53.600251938000000)","Unfall 96822 (2016) Kat:2, Licht: 0","96822","2","7","3","07","07","4","","0","0","1","0","1"
"POINT (10.108163835999999 53.611003085999997)","Unfall 96823 (2016) Kat:3, Licht: 0","96823","3","2","4","07","15","3","","0","0","1","0","1"
"POINT (9.905357807000000 53.513717816000003)","Unfall 96824 (2016) Kat:2, Licht: 0","96824","2","1","8","07","20","1","","0","0","0","0","1"
"POINT (9.941975933000000 53.547654090999998)","Unfall 96825 (2016) Kat:3, Licht: 2","96825","3","1","0","07","23","5","","2","0","0","0","1"
"POINT (10.084776102999999 53.656838096000001)","Unfall 96826 (2016) Kat:3, Licht: 0","96826","3","3","5","08","12","3","","0","1","1","0","0"
"POINT (10.024215608000000 53.527955738999999)","Unfall 96827 (2016) Kat:3, Licht: 2","96827","3","3","5","07","21","6","","2","0","1","0","0"
"POINT (10.018128988999999 53.491419010999998)","Unfall 96828 (2016) Kat:3, Licht: 0","96828","3","6","2","07","20","1","","0","0","1","0","0"
"POINT (10.101618518000000 53.583348301999997)","Unfall 96829 (2016) Kat:3, Licht: 0","96829","3","3","5","07","13","2","","0","0","1","0","0"
"POINT (10.013727808000001 53.600041126999997)","Unfall 96830 (2016) Kat:2, Licht: 0","96830","2","2","4","07","07","2","","0","0","1","0","1"
"POINT (9.960710858000001 53.546345211999999)","Unfall 96831 (2016) Kat:3, Licht: 2","96831","3","6","2","07","23","7","","2","0","1","0","0"
"POINT (9.957249322999999 53.578435280999997)","Unfall 96832 (2016) Kat:3, Licht: 0","96832","3","7","0","07","14","5","","0","0","1","0","1"
"POINT (10.114037969000000 53.600997020999998)","Unfall 96833 (2016) Kat:2, Licht: 0","96833","2","2","5","07","17","3","","0","0","1","0","1"
"POINT (10.115796264000000 53.488128426999999)","Unfall 96834 (2016) Kat:3, Licht: 0","96834","3","2","4","07","16","6","","0","0","1","0","0"
"POINT (10.067316169000000 53.607547924999999)","Unfall 96835 (2016) Kat:3, Licht: 0","96835","3","7","1","07","16","3","","0","0","1","0","0"
"POINT (9.952354046000000 53.567361245000001)","Unfall 96836 (2016) Kat:3, Licht: 0","96836","3","2","5","07","09","5","","0","1","1","0","0"
"POINT (10.096655681000000 53.533108933999998)","Unfall 96837 (2016) Kat:3, Licht: 0","96837","3","6","3","07","20","4","","0","0","1","0","0"
"POINT (9.958875460000000 53.599196499999998)","Unfall 96838 (2016) Kat:3, Licht: 0","96838","3","7","1","07","07","2","","0","1","1","0","0"
"POINT (10.080638446000000 53.503935447000003)","Unfall 96839 (2016) Kat:3, Licht: 0","96839","3","6","4","07","07","1","","0","0","1","0","0"
"POINT (10.084166805000001 53.660437236000000)","Unfall 96840 (2016) Kat:3, Licht: 0","96840","3","3","5","07","18","3","","0","1","1","0","0"
"POINT (10.013045329000001 53.546401635999999)","Unfall 96841 (2016) Kat:3, Licht: 0","96841","3","2","3","07","08","6","","0","0","1","0","0"
"POINT (10.038563452000000 53.572454770999997)","Unfall 96842 (2016) Kat:3, Licht: 0","96842","3","7","3","07","20","5","","0","1","1","0","0"
"POINT (10.022381505000000 53.523049282000002)","Unfall 96843 (2016) Kat:3, Licht: 0","96843","3","1","0","07","11","4","","0","0","0","0","1"
"POINT (9.932843775000000 53.544682131000002)","Unfall 96844 (2016) Kat:3, Licht: 0","96844","3","2","2","07","20","2","","0","0","1","0","0"
"POINT (9.960074610000000 53.549551938000000)","Unfall 96845 (2016) Kat:3, Licht: 0","96845","3","3","5","08","12","2","","0","0","1","0","0"
"POINT (10.075874673000000 53.663709277999999)","Unfall 96846 (2016) Kat:3, Licht: 0","96846","3","2","3","07","08","3","","0","1","1","0","0"
"POINT (10.061587489000001 53.595492651999997)","Unfall 96847 (2016) Kat:3, Licht: 0","96847","3","3","5","07","15","3","","0","0","1","0","0"
"POINT (9.976719333000000 53.511477433000003)","Unfall 96848 (2016) Kat:3, Licht: 0","96848","3","7","0","07","13","1","","0","0","0","0","1"
"POINT (9.990646722999999 53.560714410000003)","Unfall 96849 (2016) Kat:3, Licht: 0","96849","3","3","5","07","11","5","","0","1","0","0","1"
"POINT (9.962059663000000 53.550415446000002)","Unfall 96850 (2016) Kat:3, Licht: 0","96850","3","3","5","08","09","3","","0","0","1","0","0"
"POINT (10.033719055000001 53.620062959000002)","Unfall 96851 (2016) Kat:3, Licht: 0","96851","3","2","5","07","09","6","","0","0","0","0","0"
"POINT (10.209000804000000 53.482595885000002)","Unfall 96852 (2016) Kat:3, Licht: 0","96852","3","3","5","07","20","1","","0","0","1","0","0"