WKT,Name,OBJECTID,UKATEGORIE,UTYP1,UART,UMONAT,USTUNDE,UWOCHENTAG,STRZUSTAND,ULICHTVERH,ISTRAD,ISTPKW,ISTFUSS,ISTKRAD
"POINT (10.162000043000001 53.604975787999997)","Unfall 96853 (2016) Kat:3, Licht: 0","96853","3","6","1","07","18","6","","0","0","1","0","0"
"POINT (9.992879344000000 53.557180731999999)","Unfall 96854 (2016) Kat:2, Licht: 0","96854","2","6","3","07","15","7","","0","0","1","0","1"
"POINT (9.991135606000000 53.618064367999999)","Unfall 96855 (2016) Kat:3, Licht: 0","96855","3","5","1","07","11","5","","0","0","1","0","0"
"POINT (10.174289925000000 53.614624616999997)","Unfall 96856 (2016) Kat:3, Licht: 0","96856","3","3","5","07","20","3","","0","0","1","0","0"
"POINT (10.004966244000000 53.587320093999999)","Unfall 96857 (2016) Kat:3, Licht: 0","96857","3","2","5","07","11","3","","0","1","1","0","0"
"POINT (10.009801337000001 53.559696095000000)","Unfall 96858 (2016) Kat:3, Licht: 0","96858","3","6","1","07","09","5","","0","0","1","0","0"
"POINT (10.013930672000001 53.596157482999999)","Unfall 96859 (2016) Kat:3, Licht: 0","96859","3","6","2","07","09","4","","0","0","1","0","0"
"POINT (9.952012389000000 53.577219771000003)","Unfall 96860 (2016) Kat:3, Licht: 0","96860","3","4","1","07","11","1","","0","1","1","1","0"
"POINT (10.140961810000000 53.629179768999997)","Unfall 96861 (2016) Kat:3, Licht: 0","96861","3","3","5","07","14","1","","0","0","1","0","0"
"POINT (9.906013918999999 53.613410035999998)","Unfall 96862 (2016) Kat:3, Licht: 0","96862","3","2","5","07","18","4","","0","1","1","0","0"
"POINT (10.077862901000000 53.613609828000001)","Unfall 96863 (2016) Kat:3, Licht: 0","96863","3","6","2","07","16","3","","0","0","1","0","0"
"POINT (9.981147384000000 53.421060975000003)","Unfall 96864 (2016) Kat:2, Licht: 0","96864","2","7","0","07","12","4","","0","0","1","0","1"
"POINT (10.010441822000001 53.623850662000002)","Unfall 96865 (2016) Kat:3, Licht: 0","96865","3","3","5","08","10","2","","0","0","1","0","0"
"POINT (9.949246306999999 53.563028586000001)","Unfall 96866 (2016) Kat:3, Licht: 0","96866","3","2","5","07","20","6","","0","1","1","0","0"
"POINT (9.985951688000000 53.526894890000001)","Unfall 96867 (2016) Kat:3, Licht: 0","96867","3","3","5","07","18","7","","0","0","1","0","0"
"POINT (10.113624036999999 53.653202671000003)","Unfall 96868 (2016) Kat:3, Licht: 0","96868","3","6","4","07","11","7","","0","1","0","0","0"
"POINT (10.034312244000001 53.606347257000003)","Unfall 96869 (2016) Kat:3, Licht: 0","96869","3","6","1","07","16","6","","0","0","1","0","0"
"POINT (10.118295437000000 53.643354272000003)","Unfall 96870 (2016) Kat:3, Licht: 0","96870","3","3","5","07","15","3","","0","1","1","0","0"
"POINT (9.988011038000000 53.457157021000000)","Unfall 96871 (2016) Kat:3, Licht: 0","96871","3","6","2","07","09","4","","0","0","1","0","0"
"POINT (10.108644030000001 53.560154249000000)","Unfall 96872 (2016) Kat:3, Licht: 0","96872","3","4","6","08","16","2","","0","0","1","1","0"
"POINT (9.981042021000000 53.422001154000000)","Unfall 96873 (2016) Kat:3, Licht: 0","96873","3","3","5","07","16","6","","0","0","1","0","1"
"POINT (10.094452153000001 53.594744853000002)","Unfall 96874 (2016) Kat:3, Licht: 0","96874","3","3","6","07","15","1","","0","0","1","1","0"
"POINT (10.077494043000000 53.653202272000001)","Unfall 96875 (2016) Kat:3, Licht: 0","96875","3","2","6","07","05","6","","0","0","1","1","0"
"POINT (10.136146676999999 53.647281302000003)","Unfall 96876 (2016) Kat:3, Licht: 2","96876","3","1","8","07","21","2","","2","0","1","0","0"
"POINT (10.022373247999999 53.523018770000000)","Unfall 96877 (2016) Kat:2, Licht: 0","96877","2","6","4","07","15","6","","0","0","0","0","0"
"POINT (9.941323013000000 53.544561887000000)","Unfall 96878 (2016) Kat:3, Licht: 0","96878","3","7","0","07","19","5","","0","0","1","0","0"
"POINT (10.105365679000000 53.570986109000003)","Unfall 96879 (2016) Kat:3, Licht: 0","96879","3","6","2","07","16","3","","0","0","1","0","0"
"POINT (9.908299862000000 53.591529797000000)","Unfall 96880 (2016) Kat:3, Licht: 0","96880","3","2","5","07","15","3","","0","0","1","0","1"
"POINT (10.092894097000000 53.546262429999999)","Unfall 96881 (2016) Kat:3, Licht: 0","96881","3","5","1","07","12","4","","0","0","1","0","0"
"POINT (10.095303922999999 53.656144220999998)","Unfall 96882 (2016) Kat:3, Licht: 0","96882","3","2","4","07","11","3","","0","1","1","0","0"
"POINT (9.938313518999999 53.555552605000003)","Unfall 96883 (2016) Kat:3, Licht: 0","96883","3","6","2","07","16","2","","0","1","1","0","0"
"POINT (10.142718069000001 53.543334405000003)","Unfall 96884 (2016) Kat:3, Licht: 0","96884","3","7","4","07","10","7","","0","0","1","0","0"
"POINT (10.120712246000000 53.682640300999999)","Unfall 96885 (2016) Kat:3, Licht: 2","96885","3","6","4","07","21","1","","2","0","1","0","0"
"POINT (9.948586113999999 53.576839591000002)","Unfall 96886 (2016) Kat:3, Licht: 0","96886","3","6","0","07","18","4","","0","1","1","0","0"
"POINT (9.874751371000000 53.547009774000003)","Unfall 96887 (2016) Kat:3, Licht: 0","96887","3","2","3","07","18","3","","0","0","1","0","1"
"POINT (10.010886302999999 53.487744206999999)","Unfall 96888 (2016) Kat:2, Licht: 0","96888","2","6","4","07","13","4","","0","0","1","0","1"
"POINT (9.898901579000000 53.605603721000001)","Unfall 96889 (2016) Kat:3, Licht: 0","96889","3","3","5","08","16","2","","0","1","0","0","0"
"POINT (9.927911333999999 53.555986648999998)","Unfall 96890 (2016) Kat:3, Licht: 0","96890","3","7","0","07","15","6","","0","1","1","0","0"
"POINT (10.012563493000000 53.498640590000001)","Unfall 96891 (2016) Kat:3, Licht: 0","96891","3","3","5","07","11","6","","0","0","1","0","0"
"POINT (9.980815348000000 53.567032697000002)","Unfall 96892 (2016) Kat:3, Licht: 0","96892","3","3","1","07","09","5","","0","0","1","0","0"
"POINT (10.111774645000001 53.653258637999997)","Unfall 96893 (2016) Kat:3, Licht: 0","96893","3","3","5","07","11","7","","0","1","1","0","0"
"POINT (10.064132955000000 53.578630414000003)","Unfall 96894 (2016) Kat:3, Licht: 0","96894","3","3","5","07","07","3","","0","0","1","0","0"
"POINT (10.107772278000001 53.655657136000002)","Unfall 96895 (2016) Kat:3, Licht: 0","96895","3","2","4","07","08","6","","0","1","0","0","0"
"POINT (10.018522222000000 53.491366368000001)","Unfall 96896 (2016) Kat:3, Licht: 2","96896","3","3","5","07","21","5","","2","0","1","0","0"
"POINT (9.963037742999999 53.551155455000000)","Unfall 96897 (2016) Kat:3, Licht: 0","96897","3","6","3","07","19","5","","0","1","1","0","0"
"POINT (10.076888464000000 53.570550095999998)","Unfall 96898 (2016) Kat:3, Licht: 0","96898","3","1","9","07","16","3","","0","0","1","0","0"
"POINT (9.936711956000000 53.551717816000000)","Unfall 96899 (2016) Kat:3, Licht: 0","96899","3","4","6","07","11","2","","0","0","0","1","0"
"POINT (9.906030542000000 53.561879828000002)","Unfall 96900 (2016) Kat:3, Licht: 0","96900","3","3","5","07","14","3","","0","1","1","0","0"
"POINT (10.049239753000000 53.578787128000002)","Unfall 96901 (2016) Kat:3, Licht: 0","96901","3","2","5","07","19","4","","0","1","1","0","0"
"POINT (9.905726174000000 53.545612108999997)","Unfall 96902 (2016) Kat:3, Licht: 0","96902","3","6","1","07","11","6","","0","0","1","0","0"
"POINT (9.978282542000001 53.544062744000001)","Unfall 96903 (2016) Kat:3, Licht: 0","96903","3","3","5","07","17","5","","0","0","1","0","0"
"POINT (10.065773655999999 53.598374081000003)","Unfall 96904 (2016) Kat:3, Licht: 0","96904","3","6","1","07","16","3","","0","0","1","0","0"
"POINT (9.909373423000000 53.549334504999997)","Unfall 96905 (2016) Kat:2, Licht: 0","96905","2","2","5","07","13","4","","0","1","1","0","0"
"POINT (10.113003278000001 53.658672340999999)","Unfall 96906 (2016) Kat:3, Licht: 0","96906","3","6","2","07","08","3","","0","0","1","0","0"
"POINT (9.943806399000000 53.548315572999996)","Unfall 96907 (2016) Kat:3, Licht: 0","96907","3","7","5","07","20","2","","0","0","1","0","0"
"POINT (10.152039001000000 53.487750335000001)","Unfall 96908 (2016) Kat:3, Licht: 0","96908","3","3","5","07","19","4","","0","0","1","0","0"
"POINT (9.978906881000000 53.460873264000000)","Unfall 96909 (2016) Kat:2, Licht: 0","96909","2","3","6","08","10","3","","0","1","0","1","0"
"POINT (10.041518434000000 53.586346716000001)","Unfall 96910 (2016) Kat:3, Licht: 0","96910","3","5","8","07","15","7","","0","0","1","0","1"
"POINT (10.007066297000000 53.630571453999998)","Unfall 96911 (2016) Kat:3, Licht: 0","96911","3","4","6","07","09","1","","0","0","0","1","0"
"POINT (9.899593260000000 53.481014612999999)","Unfall 96912 (2016) Kat:3, Licht: 0","96912","3","6","2","07","16","3","","0","0","1","0","0"
"POINT (9.963064001999999 53.569442533000000)","Unfall 96913 (2016) Kat:2, Licht: 0","96913","2","6","4","07","08","3","","0","1","0","0","0"
"POINT (10.187257720000000 53.480576436000000)","Unfall 96914 (2016) Kat:3, Licht: 0","96914","3","3","5","07","17","4","","0","1","1","0","0"
"POINT (9.931553571000000 53.557055699000003)","Unfall 96915 (2016) Kat:3, Licht: 2","96915","3","6","1","07","00","6","","2","0","1","0","0"
"POINT (10.099221146000000 53.541031668000002)","Unfall 96916 (2016) Kat:3, Licht: 0","96916","3","6","2","07","16","6","","0","0","1","0","0"
"POINT (9.989633871000001 53.544725499000002)","Unfall 96917 (2016) Kat:3, Licht: 0","96917","3","2","5","07","14","5","","0","1","0","0","0"
"POINT (10.040652851000001 53.581383875000000)","Unfall 96918 (2016) Kat:3, Licht: 2","96918","3","3","5","07","23","7","","2","0","1","0","0"
"POINT (10.047395625000000 53.608370802000003)","Unfall 96919 (2016) Kat:3, Licht: 0","96919","3","7","8","07","14","3","","0","0","1","0","0"
"POINT (10.032963192000000 53.589517678999997)","Unfall 96920 (2016) Kat:3, Licht: 0","96920","3","3","5","07","19","6","","0","1","1","0","0"
"POINT (10.076901253000001 53.655457167000002)","Unfall 96921 (2016) Kat:3, Licht: 0","96921","3","3","5","07","17","5","","0","1","1","0","0"
"POINT (9.862286605000000 53.476757519000003)","Unfall 96922 (2016) Kat:3, Licht: 0","96922","3","6","2","07","07","4","","0","0","1","0","0"
"POINT (9.959801220999999 53.549472495000003)","Unfall 96923 (2016) Kat:3, Licht: 0","96923","3","6","2","07","08","2","","0","0","1","0","0"
"POINT (9.978210684000000 53.597586550000003)","Unfall 96924 (2016) Kat:3, Licht: 0","96924","3","3","5","07","06","3","","0","0","1","0","0"
"POINT (9.907230604000000 53.587931646999998)","Unfall 96925 (2016) Kat:3, Licht: 0","96925","3","6","4","07","06","4","","0","0","0","0","0"
"POINT (10.008914768000000 53.587620497000003)","Unfall 96926 (2016) Kat:3, Licht: 0","96926","3","3","5","07","11","3","","0","1","1","0","0"
"POINT (10.117199929000000 53.482128001000000)","Unfall 96927 (2016) Kat:3, Licht: 0","96927","3","5","3","07","15","1","","0","0","1","0","1"
"POINT (10.084471206000000 53.554420886999999)","Unfall 96928 (2016) Kat:3, Licht: 0","96928","3","6","2","07","17","4","","0","0","1","0","0"
"POINT (9.851718789000000 53.587182161000001)","Unfall 96929 (2016) Kat:3, Licht: 0","96929","3","3","0","08","15","3","","0","0","0","1","0"
"POINT (10.068864550000001 53.553284564999998)","Unfall 96930 (2016) Kat:3, Licht: 0","96930","3","3","5","07","18","6","","0","1","1","0","0"
"POINT (10.052977009999999 53.588769122000002)","Unfall 96931 (2016) Kat:3, Licht: 2","96931","3","7","0","07","23","1","","2","0","1","1","0"
"POINT (10.108550769000001 53.622274920999999)","Unfall 96932 (2016) Kat:3, Licht: 0","96932","3","4","6","07","18","2","","0","0","1","1","0"
"POINT (9.994107213000000 53.598201297000003)","Unfall 96933 (2016) Kat:3, Licht: 0","96933","3","6","3","07","16","2","","0","0","1","0","0"
"POINT (10.046720711000001 53.582905590000003)","Unfall 96934 (2016) Kat:3, Licht: 0","96934","3","2","5","07","10","3","","0","1","1","0","0"
"POINT (10.126442286000000 53.574039112999998)","Unfall 96935 (2016) Kat:3, Licht: 0","96935","3","3","0","07","10","1","","0","0","1","0","1"
"POINT (9.993847056000000 53.547408494000003)","Unfall 96936 (2016) Kat:3, Licht: 0","96936","3","7","5","07","10","2","","0","0","1","0","0"
"POINT (10.115559037000001 53.607361111000003)","Unfall 96937 (2016) Kat:3, Licht: 0","96937","3","2","4","07","17","4","","0","1","1","0","0"
"POINT (10.041072718000001 53.600684270000002)","Unfall 96938 (2016) Kat:3, Licht: 0","96938","3","6","2","08","17","3","","0","0","1","0","0"
"POINT (9.804897165000000 53.529998804000002)","Unfall 96939 (2016) Kat:3, Licht: 0","96939","3","2","1","07","15","6","","0","0","1","0","0"
"POINT (9.901336669999999 53.556761690000002)","Unfall 96940 (2016) Kat:3, Licht: 2","96940","3","7","0","07","04","1","","2","0","0","0","1"
"POINT (10.174897996000000 53.653964176999999)","Unfall 96941 (2016) Kat:3, Licht: 0","96941","3","2","3","07","09","3","","0","0","1","0","0"
"POINT (10.151515415000000 53.523516200000003)","Unfall 96942 (2016) Kat:3, Licht: 0","96942","3","2","5","07","16","2","","0","1","1","0","0"
"POINT (10.051389893000000 53.586730482999997)","Unfall 96943 (2016) Kat:3, Licht: 0","96943","3","3","5","07","19","2","","0","0","1","0","0"
"POINT (10.106414395000000 53.557198020000001)","Unfall 96944 (2016) Kat:3, Licht: 0","96944","3","3","5","07","16","6","","0","0","1","0","0"
"POINT (9.956727022999999 53.494959760999997)","Unfall 96945 (2016) Kat:3, Licht: 0","96945","3","6","4","07","07","5","","0","1","0","0","0"
"POINT (10.049116015999999 53.646616971999997)","Unfall 96946 (2016) Kat:1, Licht: 0","96946","1","3","5","07","09","3","","0","0","1","0","1"
"POINT (10.027560869000000 53.588540471000002)","Unfall 96947 (2016) Kat:3, Licht: 0","96947","3","6","3","07","16","6","","0","1","1","0","0"
"POINT (10.022849846000000 53.562596093000003)","Unfall 96948 (2016) Kat:3, Licht: 0","96948","3","4","6","07","16","5","","0","1","0","1","0"
"POINT (10.208318214000000 53.490516569000000)","Unfall 96949 (2016) Kat:3, Licht: 0","96949","3","5","1","07","18","4","","0","1","1","0","0"
"POINT (10.001999817000000 53.442511605999997)","Unfall 96950 (2016) Kat:3, Licht: 0","96950","3","5","1","07","06","1","","0","1","1","0","0"
"POINT (9.994413239000000 53.552028421999999)","Unfall 96951 (2016) Kat:3, Licht: 0","96951","3","2","6","08","16","2","","0","1","0","1","0"
"POINT (9.984559587000000 53.564053809999997)","Unfall 96952 (2016) Kat:3, Licht: 0","96952","3","3","5","07","10","3","","0","1","0","0","0"
"POINT (9.926245312000001 53.598796649999997)","Unfall 96953 (2016) Kat:3, Licht: 0","96953","3","2","5","07","06","3","","0","1","1","0","0"
"POINT (10.061595219999999 53.599191146999999)","Unfall 96954 (2016) Kat:3, Licht: 0","96954","3","1","8","07","18","1","","0","0","1","0","0"
"POINT (10.132179973000000 53.602183046999997)","Unfall 96955 (2016) Kat:3, Licht: 0","96955","3","3","5","07","07","4","","0","1","1","0","0"
"POINT (9.981050138000001 53.458133779999997)","Unfall 96956 (2016) Kat:3, Licht: 0","96956","3","7","0","08","12","2","","0","0","1","0","1"
"POINT (9.912537927000001 53.633628440999999)","Unfall 96957 (2016) Kat:3, Licht: 0","96957","3","6","6","07","16","1","","0","1","0","1","0"
"POINT (10.053598403000001 53.568809971999997)","Unfall 96958 (2016) Kat:3, Licht: 0","96958","3","2","4","07","17","6","","0","0","1","0","0"
"POINT (10.103632824000000 53.701809382000000)","Unfall 96959 (2016) Kat:3, Licht: 0","96959","3","4","6","07","17","2","","0","0","1","1","0"
"POINT (10.140413392999999 53.542553417000001)","Unfall 96960 (2016) Kat:3, Licht: 1","96960","3","3","5","07","21","6","","1","0","1","0","0"
"POINT (10.084050642999999 53.553236321999997)","Unfall 96961 (2016) Kat:3, Licht: 2","96961","3","3","5","07","22","4","","2","0","0","0","0"
"POINT (10.006116740000000 53.585977434999997)","Unfall 96962 (2016) Kat:3, Licht: 0","96962","3","2","5","07","11","3","","0","0","1","0","0"
"POINT (10.052298921000000 53.587800051999999)","Unfall 96963 (2016) Kat:3, Licht: 0","96963","3","4","6","07","18","6","","0","1","0","1","0"
"POINT (9.963945760000000 53.564803327000000)","Unfall 96964 (2016) Kat:3, Licht: 0","96964","3","6","2","07","18","3","","0","0","1","0","0"
"POINT (10.171940080000001 53.483968781999998)","Unfall 96965 (2016) Kat:3, Licht: 0","96965","3","3","5","07","16","4","","0","1","1","0","0"
"POINT (9.917855502000000 53.568551874999997)","Unfall 96966 (2016) Kat:3, Licht: 0","96966","3","3","5","07","17","3","","0","0","1","0","1"
"POINT (10.055081278999999 53.555447211999997)","Unfall 96967 (2016) Kat:3, Licht: 0","96967","3","4","6","07","14","6","","0","0","1","1","0"
"POINT (10.044104079000000 53.597403831999998)","Unfall 96968 (2016) Kat:3, Licht: 0","96968","3","6","3","07","15","6","","0","0","1","0","0"
"POINT (9.986766776000000 53.548590891000003)","Unfall 96969 (2016) Kat:3, Licht: 0","96969","3","2","5","07","20","3","","0","1","1","0","0"
"POINT (9.981466280999999 53.566631737000002)","Unfall 96970 (2016) Kat:3, Licht: 0","96970","3","4","6","07","19","5","","0","0","0","1","0"
"POINT (10.102404590000001 53.579772499999997)","Unfall 96971 (2016) Kat:3, Licht: 0","96971","3","2","3","07","19","4","","0","1","1","0","0"
"POINT (10.069369090000000 53.559566232999998)","Unfall 96972 (2016) Kat:3, Licht: 0","96972","3","3","3","07","13","1","","0","0","1","0","1"
"POINT (10.041237003000001 53.599646184999997)","Unfall 96973 (2016) Kat:3, Licht: 0","96973","3","6","1","07","18","1","","0","0","1","0","0"
"POINT (10.005610580000001 53.558035906000001)","Unfall 96974 (2016) Kat:3, Licht: 0","96974","3","7","0","07","17","3","","0","1","0","0","0"
"POINT (10.113481583000000 53.616367132999997)","Unfall 96975 (2016) Kat:3, Licht: 0","96975","3","2","4","07","16","4","","0","0","0","0","1"
"POINT (9.875560909000001 53.605154053000000)","Unfall 96976 (2016) Kat:3, Licht: 0","96976","3","2","2","07","11","3","","0","0","1","0","0"
"POINT (10.080273000000000 53.576181230000003)","Unfall 96977 (2016) Kat:3, Licht: 0","96977","3","3","5","07","17","4","","0","0","1","0","0"
"POINT (10.076230023999999 53.572243921000002)","Unfall 96978 (2016) Kat:2, Licht: 0","96978","2","2","4","08","13","2","","0","0","1","0","0"
"POINT (9.859005484000001 53.531711387000001)","Unfall 96979 (2016) Kat:3, Licht: 0","96979","3","6","4","07","05","5","","0","0","0","0","0"
"POINT (10.141717487999999 53.622072502999998)","Unfall 96980 (2016) Kat:3, Licht: 0","96980","3","7","6","07","14","6","","0","1","0","1","0"
"POINT (9.930127459000000 53.551010021000003)","Unfall 96981 (2016) Kat:3, Licht: 0","96981","3","7","6","07","20","1","","0","0","1","1","0"
"POINT (9.975320008000001 53.601636450999997)","Unfall 96982 (2016) Kat:3, Licht: 0","96982","3","2","4","07","14","7","","0","1","1","0","0"
"POINT (9.928985429999999 53.605729650999997)","Unfall 96983 (2016) Kat:3, Licht: 0","96983","3","4","6","07","13","6","","0","0","1","1","0"
"POINT (10.048119671000000 53.567844420000000)","Unfall 96984 (2016) Kat:3, Licht: 0","96984","3","3","5","07","06","6","","0","1","1","0","0"
"POINT (10.102214345000000 53.698806109000003)","Unfall 96985 (2016) Kat:3, Licht: 0","96985","3","6","4","07","16","6","","0","0","1","0","0"
"POINT (10.083775362000001 53.539163621999997)","Unfall 96986 (2016) Kat:3, Licht: 0","96986","3","6","2","07","12","4","","0","0","1","0","0"
"POINT (10.013858321000001 53.604923358999997)","Unfall 96987 (2016) Kat:3, Licht: 0","96987","3","3","0","07","11","3","","0","1","1","0","0"
"POINT (10.032678824000000 53.557398542000001)","Unfall 96988 (2016) Kat:3, Licht: 0","96988","3","6","2","07","18","4","","0","0","1","0","0"
"POINT (9.951848286000001 53.636757828000000)","Unfall 96989 (2016) Kat:3, Licht: 0","96989","3","3","5","07","08","4","","0","1","1","0","0"
"POINT (9.896284438000000 53.592997410000002)","Unfall 96990 (2016) Kat:3, Licht: 0","96990","3","6","2","07","08","3","","0","0","0","0","1"
"POINT (10.052686037000001 53.639496700000002)","Unfall 96991 (2016) Kat:3, Licht: 0","96991","3","1","8","07","07","1","","0","0","1","0","0"
"POINT (10.010354131000000 53.550924201000001)","Unfall 96992 (2016) Kat:2, Licht: 0","96992","2","4","6","08","15","4","","0","0","1","1","0"
"POINT (10.064685171000001 53.586519717999998)","Unfall 96993 (2016) Kat:3, Licht: 0","96993","3","7","0","07","14","7","","0","0","0","0","1"
"POINT (9.987706168000001 53.562524936999999)","Unfall 96994 (2016) Kat:3, Licht: 0","96994","3","7","3","07","12","1","","0","1","1","0","0"
"POINT (9.966025507000000 53.571207141000002)","Unfall 96995 (2016) Kat:3, Licht: 0","96995","3","5","1","07","09","4","","0","1","1","0","0"
"POINT (9.956132495000000 53.615915358999999)","Unfall 96996 (2016) Kat:3, Licht: 0","96996","3","2","5","07","15","3","","0","1","1","0","0"
"POINT (10.071003677000000 53.572241099999999)","Unfall 96997 (2016) Kat:3, Licht: 0","96997","3","6","2","07","08","4","","0","0","1","0","0"
"POINT (10.098257909000001 53.536065876999999)","Unfall 96998 (2016) Kat:3, Licht: 0","96998","3","2","3","07","17","5","","0","1","1","0","0"
"POINT (10.095160761000001 53.639480620000000)","Unfall 96999 (2016) Kat:3, Licht: 0","96999","3","6","2","07","14","6","","0","0","1","0","0"
"POINT (10.027163530999999 53.626215807000001)","Unfall 97000 (2016) Kat:3, Licht: 0","97000","3","1","1","07","16","1","","0","0","1","0","0"
"POINT (9.971619260000001 53.557148550999997)","Unfall 97001 (2016) Kat:3, Licht: 2","97001","3","7","0","07","02","1","","2","0","1","0","0"
"POINT (9.993830195999999 53.557591580999997)","Unfall 97002 (2016) Kat:3, Licht: 0","97002","3","4","6","07","11","1","","0","1","0","1","0"
"POINT (9.873911464000001 53.564821168999998)","Unfall 97003 (2016) Kat:3, Licht: 0","97003","3","3","5","07","11","4","","0","1","1","0","0"
"POINT (9.918804085000000 53.573244391000003)","Unfall 97004 (2016) Kat:3, Licht: 0","97004","3","5","0","07","09","3","","0","0","0","0","0"
"POINT (10.091647265000001 53.635112966999998)","Unfall 97005 (2016) Kat:3, Licht: 0","97005","3","7","2","07","08","4","","0","0","1","0","0"
"POINT (10.003464545000000 53.589632659999999)","Unfall 97006 (2016) Kat:2, Licht: 0","97006","2","2","3","08","15","2","","0","0","1","0","1"
"POINT (10.093398779999999 53.545661361000001)","Unfall 97007 (2016) Kat:3, Licht: 0","97007","3","5","1","07","10","5","","0","1","1","0","0"
"POINT (10.014702065000000 53.649381839000000)","Unfall 97008 (2016) Kat:3, Licht: 0","97008","3","2","4","07","20","6","","0","0","1","0","0"
"POINT (9.991447938000000 53.553751945000002)","Unfall 97009 (2016) Kat:3, Licht: 0","97009","3","2","6","07","17","7","","0","0","1","1","0"
"POINT (9.902792909000000 53.618168693999998)","Unfall 97010 (2016) Kat:3, Licht: 0","97010","3","3","5","07","12","6","","0","1","1","0","0"
"POINT (10.005559012999999 53.558019076999997)","Unfall 97011 (2016) Kat:3, Licht: 0","97011","3","7","0","07","12","6","","0","1","1","0","0"
"POINT (10.053048524999999 53.550507029999999)","Unfall 97012 (2016) Kat:3, Licht: 0","97012","3","7","0","07","07","4","","0","0","1","0","1"
"POINT (10.016256853000000 53.563186248999997)","Unfall 97013 (2016) Kat:3, Licht: 0","97013","3","6","2","07","16","3","","0","0","1","0","0"
"POINT (9.955103591000000 53.451998811999999)","Unfall 97014 (2016) Kat:3, Licht: 2","97014","3","7","5","07","22","2","","2","0","1","0","0"
"POINT (9.942021060000000 53.572769205000000)","Unfall 97015 (2016) Kat:2, Licht: 0","97015","2","6","3","07","14","4","","0","1","0","0","1"
"POINT (9.962066717000001 53.566221040000002)","Unfall 97016 (2016) Kat:2, Licht: 0","97016","2","3","5","07","18","3","","0","1","1","0","0"
"POINT (9.923890480000001 53.638806852000002)","Unfall 97017 (2016) Kat:3, Licht: 0","97017","3","6","1","07","18","1","","0","0","1","0","0"
"POINT (9.992031234000001 53.649057636000002)","Unfall 97018 (2016) Kat:3, Licht: 0","97018","3","6","1","07","13","1","","0","0","1","0","0"
"POINT (10.007055563000000 53.622943542000002)","Unfall 97019 (2016) Kat:3, Licht: 0","97019","3","3","5","07","17","4","","0","1","0","0","0"
"POINT (10.057128984000000 53.564173441000001)","Unfall 97020 (2016) Kat:2, Licht: 0","97020","2","7","6","08","14","3","","0","0","0","1","0"
"POINT (10.002584785000000 53.550088524000003)","Unfall 97021 (2016) Kat:3, Licht: 0","97021","3","7","5","07","18","7","","0","0","1","0","1"
"POINT (9.972445127000000 53.545386293000000)","Unfall 97022 (2016) Kat:2, Licht: 0","97022","2","7","0","07","12","1","","0","1","0","0","0"
"POINT (10.141571416000000 53.570501084000000)","Unfall 97023 (2016) Kat:3, Licht: 0","97023","3","6","1","07","11","3","","0","0","1","0","0"
"POINT (10.000203777999999 53.550983901999999)","Unfall 97024 (2016) Kat:3, Licht: 0","97024","3","4","6","07","10","3","","0","0","0","1","0"
"POINT (10.035747331000000 53.601030895999997)","Unfall 97025 (2016) Kat:3, Licht: 0","97025","3","2","4","07","11","2","","0","0","1","0","0"
"POINT (10.032671554000000 53.623078534999998)","Unfall 97026 (2016) Kat:3, Licht: 0","97026","3","7","0","07","11","4","","0","0","1","0","0"
"POINT (10.119713927999999 53.606252978999997)","Unfall 97027 (2016) Kat:2, Licht: 2","97027","2","2","4","07","22","5","","2","0","1","0","0"
"POINT (10.057712258000000 53.569828542000003)","Unfall 97028 (2016) Kat:3, Licht: 0","97028","3","6","3","07","21","6","","0","0","1","0","0"
"POINT (10.131930488000000 53.571117948999998)","Unfall 97029 (2016) Kat:3, Licht: 0","97029","3","3","5","07","17","4","","0","1","0","0","0"
"POINT (9.857618984000000 53.476484333999998)","Unfall 97030 (2016) Kat:3, Licht: 0","97030","3","3","5","07","20","6","","0","1","1","0","0"
"POINT (10.042725147000001 53.584464867000001)","Unfall 97031 (2016) Kat:3, Licht: 0","97031","3","5","0","07","15","3","","0","1","1","0","0"
"POINT (9.815841208000000 53.559919088999997)","Unfall 97032 (2016) Kat:3, Licht: 0","97032","3","3","5","07","08","6","","0","1","1","0","0"
"POINT (10.075446734000000 53.652723406000000)","Unfall 97033 (2016) Kat:3, Licht: 0","97033","3","6","2","07","16","5","","0","0","0","0","0"
"POINT (9.975981437000000 53.459403618000003)","Unfall 97034 (2016) Kat:3, Licht: 2","97034","3","3","5","07","22","4","","2","0","1","0","0"
"POINT (10.013446800000001 53.672592760000001)","Unfall 97035 (2016) Kat:3, Licht: 0","97035","3","3","5","07","16","1","","0","0","1","0","0"
"POINT (10.164980800000000 53.605748873000003)","Unfall 97036 (2016) Kat:3, Licht: 0","97036","3","3","5","07","08","4","","0","1","1","0","0"
"POINT (10.101237143000001 53.540937990000003)","Unfall 97037 (2016) Kat:3, Licht: 0","97037","3","6","2","07","11","6","","0","0","1","0","0"
"POINT (10.033525364999999 53.574067634999999)","Unfall 97038 (2016) Kat:3, Licht: 0","97038","3","6","2","07","11","3","","0","0","1","0","0"
"POINT (9.979404425000000 53.581360474999997)","Unfall 97039 (2016) Kat:2, Licht: 0","97039","2","2","5","07","19","6","","0","0","1","0","0"
"POINT (10.105343824000000 53.570458758999997)","Unfall 97040 (2016) Kat:3, Licht: 0","97040","3","2","3","07","14","5","","0","1","0","0","0"