WKT,Name,OBJECTID,UKATEGORIE,UTYP1,UART,UMONAT,USTUNDE,UWOCHENTAG,STRZUSTAND,ULICHTVERH,ISTRAD,ISTPKW,ISTFUSS,ISTKRAD
"POINT (9.939598170000000 53.572797876999999)","Unfall 97041 (2016) Kat:3, Licht: 0","97041","3","3","5","07","18","3","","0","1","1","0","0"
"POINT (10.018555367999999 53.614897407999997)","Unfall 97042 (2016) Kat:2, Licht: 0","97042","2","3","5","07","10","1","","0","0","1","0","0"
"POINT (9.965358860000000 53.436923794000002)","Unfall 97043 (2016) Kat:2, Licht: 0","97043","2","3","5","07","07","2","","0","1","1","0","0"
"POINT (9.988437653000000 53.569091694000001)","Unfall 97044 (2016) Kat:3, Licht: 0","97044","3","6","1","07","15","4","","0","0","1","0","0"
"POINT (9.955767973000000 53.551643095999999)","Unfall 97045 (2016) Kat:3, Licht: 2","97045","3","3","5","07","03","3","","2","0","1","0","0"
"POINT (9.960017757999999 53.569186663000004)","Unfall 97046 (2016) Kat:3, Licht: 0","97046","3","7","5","07","13","1","","0","1","1","0","0"
"POINT (10.013291664000000 53.639898596000002)","Unfall 97047 (2016) Kat:3, Licht: 0","97047","3","2","5","07","06","4","","0","0","1","0","0"
"POINT (10.094898848000000 53.639162990999999)","Unfall 97048 (2016) Kat:3, Licht: 0","97048","3","2","5","08","16","3","","0","0","1","0","0"
"POINT (9.976298242000000 53.454832713000002)","Unfall 97049 (2016) Kat:3, Licht: 0","97049","3","7","0","07","18","6","","0","1","1","0","0"
"POINT (9.982586117000000 53.510734755999998)","Unfall 97050 (2016) Kat:3, Licht: 0","97050","3","3","5","07","20","7","","0","0","1","0","0"
"POINT (10.040995964000000 53.555734936999997)","Unfall 97051 (2016) Kat:3, Licht: 0","97051","3","3","5","07","08","2","","0","1","1","0","0"
"POINT (9.900317698000000 53.610625908000003)","Unfall 97052 (2016) Kat:3, Licht: 0","97052","3","3","5","07","13","2","","0","0","1","0","1"
"POINT (10.044771590000000 53.570383993000000)","Unfall 97053 (2016) Kat:3, Licht: 0","97053","3","2","4","07","09","6","","0","0","1","0","0"
"POINT (10.137880848000000 53.593362571999997)","Unfall 97054 (2016) Kat:3, Licht: 0","97054","3","3","5","07","15","4","","0","1","1","0","0"
"POINT (9.940177754000001 53.618432286999997)","Unfall 97055 (2016) Kat:3, Licht: 0","97055","3","3","0","07","18","3","","0","1","1","0","0"
"POINT (9.979604509000000 53.606781161000001)","Unfall 97056 (2016) Kat:3, Licht: 0","97056","3","6","2","07","14","6","","0","0","1","0","0"
"POINT (9.951705926000001 53.620218604000002)","Unfall 97057 (2016) Kat:3, Licht: 0","97057","3","7","6","07","15","5","","0","1","0","1","0"
"POINT (10.107108726000000 53.547543363000003)","Unfall 97058 (2016) Kat:3, Licht: 1","97058","3","3","0","07","22","4","","1","0","1","0","0"
"POINT (9.884873142000000 53.596285307999999)","Unfall 97059 (2016) Kat:3, Licht: 0","97059","3","2","0","07","17","1","","0","1","1","0","0"
"POINT (10.203958259000000 53.491644401000002)","Unfall 97060 (2016) Kat:2, Licht: 0","97060","2","2","5","07","19","1","","0","1","1","0","0"
"POINT (10.198488372000000 53.510637471999999)","Unfall 97061 (2016) Kat:3, Licht: 0","97061","3","3","5","07","07","2","","0","0","1","0","0"
"POINT (9.974217786000001 53.569295967999999)","Unfall 97062 (2016) Kat:3, Licht: 0","97062","3","3","5","07","17","3","","0","1","1","0","0"
"POINT (10.019604056000000 53.649345787000001)","Unfall 97063 (2016) Kat:3, Licht: 0","97063","3","6","2","07","08","4","","0","0","1","0","0"
"POINT (10.098452880000000 53.541401069999999)","Unfall 97064 (2016) Kat:3, Licht: 0","97064","3","3","5","08","17","2","","0","0","1","0","0"
"POINT (10.183846292000000 53.495586176000003)","Unfall 97065 (2016) Kat:3, Licht: 0","97065","3","3","5","07","12","7","","0","1","1","0","0"
"POINT (9.952703251000001 53.635342141999999)","Unfall 97066 (2016) Kat:3, Licht: 0","97066","3","2","4","08","17","2","","0","1","1","0","0"
"POINT (10.039138303000000 53.559356913000002)","Unfall 97067 (2016) Kat:3, Licht: 0","97067","3","3","5","07","16","2","","0","1","1","0","0"
"POINT (9.875035695999999 53.477366979999999)","Unfall 97068 (2016) Kat:3, Licht: 2","97068","3","3","0","07","23","2","","2","0","1","0","0"
"POINT (9.936157560000000 53.546895128999999)","Unfall 97069 (2016) Kat:3, Licht: 0","97069","3","6","3","07","16","1","","0","1","1","0","0"
"POINT (10.012601183999999 53.606292664000001)","Unfall 97070 (2016) Kat:3, Licht: 0","97070","3","2","3","07","08","4","","0","1","1","0","0"
"POINT (9.946699091999999 53.593748322000003)","Unfall 97071 (2016) Kat:3, Licht: 0","97071","3","7","5","08","17","3","","0","0","1","0","0"
"POINT (10.182318391000001 53.631154696999999)","Unfall 97072 (2016) Kat:3, Licht: 0","97072","3","6","2","07","15","6","","0","0","1","0","0"
"POINT (10.128234212000001 53.579486977999998)","Unfall 97073 (2016) Kat:3, Licht: 0","97073","3","2","0","07","09","7","","0","1","1","0","0"
"POINT (9.933704417000000 53.551863523999998)","Unfall 97074 (2016) Kat:3, Licht: 0","97074","3","7","3","07","13","6","","0","1","0","0","0"
"POINT (10.048474009000000 53.585024656000002)","Unfall 97075 (2016) Kat:3, Licht: 0","97075","3","3","5","07","16","6","","0","0","1","0","0"
"POINT (10.072996557000000 53.580712384000002)","Unfall 97076 (2016) Kat:3, Licht: 0","97076","3","6","2","07","09","4","","0","0","1","0","0"
"POINT (9.954497046000000 53.553195250000002)","Unfall 97077 (2016) Kat:3, Licht: 0","97077","3","2","5","07","15","3","","0","1","1","0","0"
"POINT (10.068081403000001 53.610009839000000)","Unfall 97078 (2016) Kat:3, Licht: 0","97078","3","3","5","07","18","2","","0","1","1","0","0"
"POINT (9.956236260000001 53.549704235000000)","Unfall 97079 (2016) Kat:3, Licht: 0","97079","3","2","3","07","15","5","","0","1","1","0","0"
"POINT (10.033331885999999 53.621104731000003)","Unfall 97080 (2016) Kat:3, Licht: 0","97080","3","5","1","07","13","4","","0","0","1","1","0"
"POINT (10.016344218000000 53.568006674000003)","Unfall 97081 (2016) Kat:3, Licht: 0","97081","3","6","3","07","16","1","","0","0","1","0","1"
"POINT (10.091606296000000 53.568690985000003)","Unfall 97082 (2016) Kat:3, Licht: 0","97082","3","6","2","07","17","7","","0","0","1","0","0"
"POINT (10.072535523000001 53.608685418000000)","Unfall 97083 (2016) Kat:3, Licht: 0","97083","3","2","4","07","10","4","","0","0","1","0","0"
"POINT (9.866466834000001 53.512711345000000)","Unfall 97084 (2016) Kat:2, Licht: 0","97084","2","1","9","07","19","2","","0","0","0","0","1"
"POINT (10.006014799000001 53.577119113000002)","Unfall 97085 (2016) Kat:3, Licht: 0","97085","3","3","5","07","18","4","","0","1","1","0","0"
"POINT (10.004389929000000 53.657528585000001)","Unfall 97086 (2016) Kat:3, Licht: 0","97086","3","6","2","08","15","2","","0","0","1","0","0"
"POINT (10.102545391000000 53.620962482000003)","Unfall 97087 (2016) Kat:3, Licht: 0","97087","3","7","0","07","12","5","","0","1","1","0","0"
"POINT (10.034459472000000 53.564214864999997)","Unfall 97088 (2016) Kat:3, Licht: 0","97088","3","3","4","07","07","6","","0","0","1","0","1"
"POINT (10.160910009000000 53.596595628999999)","Unfall 97089 (2016) Kat:3, Licht: 0","97089","3","3","5","07","06","6","","0","1","0","0","0"
"POINT (9.994512585000001 53.558591309000001)","Unfall 97090 (2016) Kat:3, Licht: 0","97090","3","2","0","07","09","6","","0","1","1","0","0"
"POINT (9.894101791000001 53.557238116999997)","Unfall 97091 (2016) Kat:3, Licht: 0","97091","3","6","2","07","13","6","","0","0","1","0","0"
"POINT (10.065124444000000 53.586048570999999)","Unfall 97092 (2016) Kat:3, Licht: 0","97092","3","6","3","07","15","4","","0","0","1","0","0"
"POINT (9.944329645000000 53.569574220000000)","Unfall 97093 (2016) Kat:3, Licht: 0","97093","3","2","5","07","13","3","","0","1","0","0","0"
"POINT (9.994968065000000 53.548597172000001)","Unfall 97094 (2016) Kat:3, Licht: 0","97094","3","7","5","07","10","6","","0","0","1","0","1"
"POINT (9.911343753000001 53.602550200000003)","Unfall 97095 (2016) Kat:3, Licht: 0","97095","3","2","3","07","14","6","","0","1","0","0","0"
"POINT (10.177422607000000 53.654524549000001)","Unfall 97096 (2016) Kat:3, Licht: 0","97096","3","1","0","07","17","4","","0","0","0","0","1"
"POINT (9.957775642000000 53.562576528999998)","Unfall 97097 (2016) Kat:3, Licht: 0","97097","3","2","5","07","16","3","","0","1","1","0","0"
"POINT (10.059085079000001 53.593595284999999)","Unfall 97098 (2016) Kat:3, Licht: 0","97098","3","6","1","07","17","2","","0","0","1","0","0"
"POINT (10.096690567000000 53.551939304000001)","Unfall 97099 (2016) Kat:3, Licht: 0","97099","3","7","0","07","09","4","","0","0","1","0","0"
"POINT (9.853764020000000 53.519011290999998)","Unfall 97100 (2016) Kat:3, Licht: 0","97100","3","7","5","07","17","2","","0","1","1","0","0"
"POINT (9.988628965000000 53.572188271000002)","Unfall 97101 (2016) Kat:3, Licht: 0","97101","3","6","3","07","11","1","","0","0","1","0","1"
"POINT (10.201885583999999 53.487945774000003)","Unfall 97102 (2016) Kat:3, Licht: 0","97102","3","6","2","07","14","7","","0","0","1","0","0"
"POINT (10.087706739000000 53.625678590000000)","Unfall 97103 (2016) Kat:3, Licht: 0","97103","3","3","5","07","11","7","","0","1","1","0","0"
"POINT (9.925032801000000 53.563736202000001)","Unfall 97104 (2016) Kat:3, Licht: 0","97104","3","3","5","07","17","4","","0","1","1","0","0"
"POINT (9.979148493000000 53.423896446999997)","Unfall 97105 (2016) Kat:3, Licht: 0","97105","3","3","5","07","15","2","","0","0","1","0","0"
"POINT (10.034615951999999 53.564070573000002)","Unfall 97106 (2016) Kat:3, Licht: 0","97106","3","2","5","07","14","3","","0","1","0","0","0"
"POINT (10.030832246999999 53.565584723000001)","Unfall 97107 (2016) Kat:3, Licht: 0","97107","3","3","5","07","20","4","","0","1","1","0","0"
"POINT (10.009669101000000 53.570622876000002)","Unfall 97108 (2016) Kat:3, Licht: 1","97108","3","3","5","08","21","2","","1","1","0","0","0"
"POINT (10.050188425000000 53.638505541000001)","Unfall 97109 (2016) Kat:3, Licht: 0","97109","3","7","0","07","20","5","","0","1","0","0","0"
"POINT (9.875234404000000 53.588065483999998)","Unfall 97110 (2016) Kat:3, Licht: 0","97110","3","6","1","07","14","6","","0","0","1","0","0"
"POINT (10.057596496000000 53.646318737000001)","Unfall 97111 (2016) Kat:3, Licht: 1","97111","3","1","0","07","21","4","","1","0","0","0","1"
"POINT (10.123627766000000 53.627205420999999)","Unfall 97112 (2016) Kat:3, Licht: 0","97112","3","3","5","07","17","6","","0","1","1","0","0"
"POINT (9.968732146000001 53.549486209000001)","Unfall 97113 (2016) Kat:3, Licht: 0","97113","3","7","6","07","16","3","","0","0","1","1","0"
"POINT (10.017259251000000 53.552870181999999)","Unfall 97114 (2016) Kat:3, Licht: 0","97114","3","7","0","07","13","6","","0","1","1","0","0"
"POINT (10.003238570000001 53.497468458000000)","Unfall 97115 (2016) Kat:3, Licht: 0","97115","3","7","6","07","15","5","","0","0","0","1","0"
"POINT (10.015665695999999 53.635938787999997)","Unfall 97116 (2016) Kat:3, Licht: 1","97116","3","7","3","07","21","4","","1","0","1","0","0"
"POINT (9.993963600000001 53.540251449000003)","Unfall 97117 (2016) Kat:3, Licht: 0","97117","3","7","2","07","12","3","","0","0","1","0","0"
"POINT (10.000742318000000 53.555540006000001)","Unfall 97118 (2016) Kat:3, Licht: 0","97118","3","2","5","07","00","1","","0","0","1","0","0"
"POINT (10.077351451000000 53.653169470000002)","Unfall 97119 (2016) Kat:3, Licht: 0","97119","3","2","5","07","20","2","","0","0","1","0","0"
"POINT (9.960619919999999 53.554257417999999)","Unfall 97120 (2016) Kat:3, Licht: 0","97120","3","3","5","07","10","4","","0","1","1","0","0"
"POINT (10.022833106000000 53.529456017000001)","Unfall 97121 (2016) Kat:3, Licht: 0","97121","3","6","3","07","06","2","","0","0","1","0","0"
"POINT (9.952337921000000 53.545385265000000)","Unfall 97122 (2016) Kat:3, Licht: 0","97122","3","7","6","07","05","1","","0","0","1","1","0"
"POINT (10.010524192000000 53.550949957999997)","Unfall 97123 (2016) Kat:3, Licht: 2","97123","3","4","6","07","23","1","","2","0","1","1","0"
"POINT (10.046774182000000 53.592009371000003)","Unfall 97124 (2016) Kat:3, Licht: 0","97124","3","7","6","07","17","4","","0","0","1","1","0"
"POINT (10.040922877000000 53.608131428999997)","Unfall 97125 (2016) Kat:3, Licht: 0","97125","3","3","5","08","16","3","","0","0","1","0","0"
"POINT (9.855715931000001 53.535265856999999)","Unfall 97126 (2016) Kat:2, Licht: 0","97126","2","6","4","07","06","6","","0","0","1","0","1"
"POINT (10.137380471000000 53.695103523999997)","Unfall 97127 (2016) Kat:3, Licht: 2","97127","3","3","6","07","03","7","","2","0","0","1","0"
"POINT (10.106898687999999 53.653563574000003)","Unfall 97128 (2016) Kat:3, Licht: 0","97128","3","3","5","07","21","3","","0","0","1","0","0"
"POINT (10.031609605000000 53.552176174000003)","Unfall 97129 (2016) Kat:3, Licht: 0","97129","3","3","5","07","15","4","","0","0","1","0","0"
"POINT (9.956726849000001 53.545873532999998)","Unfall 97130 (2016) Kat:3, Licht: 0","97130","3","3","5","07","06","4","","0","1","1","0","0"
"POINT (10.211302048000000 53.501796169000002)","Unfall 97131 (2016) Kat:3, Licht: 0","97131","3","4","6","07","19","2","","0","0","1","1","0"
"POINT (9.992558105000001 53.467274377000003)","Unfall 97132 (2016) Kat:2, Licht: 0","97132","2","1","9","07","14","1","","0","0","0","0","1"
"POINT (9.912240905000001 53.513291301000002)","Unfall 97133 (2016) Kat:3, Licht: 0","97133","3","6","3","08","06","3","","0","0","1","0","0"
"POINT (10.158670238999999 53.646424332999999)","Unfall 97134 (2016) Kat:3, Licht: 0","97134","3","6","2","07","11","7","","0","0","1","0","0"
"POINT (9.995493237000000 53.602145483999998)","Unfall 97135 (2016) Kat:3, Licht: 0","97135","3","6","2","07","19","7","","0","0","1","0","0"
"POINT (9.984838171000000 53.554058656999999)","Unfall 97136 (2016) Kat:3, Licht: 0","97136","3","6","3","07","16","4","","0","1","1","0","0"
"POINT (9.983504250999999 53.583907891999999)","Unfall 97137 (2016) Kat:3, Licht: 0","97137","3","7","3","07","08","3","","0","1","1","0","0"
"POINT (10.046737382000000 53.582894730000000)","Unfall 97138 (2016) Kat:3, Licht: 0","97138","3","6","4","07","17","4","","0","1","0","0","0"
"POINT (10.000858107000001 53.665564218999997)","Unfall 97139 (2016) Kat:3, Licht: 0","97139","3","6","2","07","18","5","","0","0","1","0","0"
"POINT (9.962046043000001 53.629124253000001)","Unfall 97140 (2016) Kat:3, Licht: 0","97140","3","6","2","07","08","6","","0","0","1","0","0"
"POINT (10.006898933000000 53.653334020999999)","Unfall 97141 (2016) Kat:2, Licht: 0","97141","2","4","6","07","18","4","","0","0","1","1","0"
"POINT (10.167197242000000 53.595306045000001)","Unfall 97142 (2016) Kat:3, Licht: 0","97142","3","3","5","07","15","6","","0","1","1","0","0"
"POINT (10.005753574000000 53.550123714999998)","Unfall 97143 (2016) Kat:3, Licht: 0","97143","3","6","2","07","09","3","","0","0","1","0","0"
"POINT (10.054641804999999 53.486234435999997)","Unfall 97144 (2016) Kat:2, Licht: 0","97144","2","3","5","07","20","5","","0","0","1","0","1"
"POINT (10.056588028000000 53.583116068000002)","Unfall 97145 (2016) Kat:3, Licht: 0","97145","3","5","1","07","18","5","","0","1","1","0","0"
"POINT (10.013522097999999 53.561261977000001)","Unfall 97146 (2016) Kat:3, Licht: 0","97146","3","3","5","07","16","5","","0","1","1","0","0"
"POINT (9.849223788000000 53.532506230999999)","Unfall 97147 (2016) Kat:3, Licht: 2","97147","3","3","2","07","03","7","","2","0","1","0","1"
"POINT (10.000726634999999 53.672904457999998)","Unfall 97148 (2016) Kat:3, Licht: 0","97148","3","3","5","07","08","2","","0","1","1","0","0"
"POINT (9.993914640000000 53.551900558000000)","Unfall 97149 (2016) Kat:3, Licht: 0","97149","3","4","0","07","15","4","","0","0","0","1","0"
"POINT (10.116183543000000 53.488486430000002)","Unfall 97150 (2016) Kat:3, Licht: 0","97150","3","6","0","07","16","2","","0","0","0","1","1"
"POINT (9.951233236000000 53.561993221000002)","Unfall 97151 (2016) Kat:3, Licht: 2","97151","3","7","5","07","02","1","","2","0","1","0","0"
"POINT (10.035432018000000 53.564645900999999)","Unfall 97152 (2016) Kat:3, Licht: 0","97152","3","6","2","07","12","4","","0","0","1","0","0"
"POINT (10.037960617000000 53.581881992000000)","Unfall 97153 (2016) Kat:3, Licht: 0","97153","3","3","5","08","18","3","","0","0","1","0","1"
"POINT (10.121661602000000 53.538388208999997)","Unfall 97154 (2016) Kat:2, Licht: 0","97154","2","2","5","07","18","6","","0","1","1","0","0"
"POINT (10.048197655999999 53.595110615000003)","Unfall 97155 (2016) Kat:3, Licht: 2","97155","3","7","3","07","23","7","","2","0","1","0","0"
"POINT (10.152147228000000 53.621002283999999)","Unfall 97156 (2016) Kat:3, Licht: 0","97156","3","7","0","07","16","2","","0","1","0","0","0"
"POINT (9.980827744999999 53.596752477999999)","Unfall 97157 (2016) Kat:3, Licht: 1","97157","3","7","3","07","21","2","","1","0","1","0","0"
"POINT (9.928421460999999 53.553935266000003)","Unfall 97158 (2016) Kat:3, Licht: 0","97158","3","3","5","07","20","6","","0","1","0","0","0"
"POINT (9.905206980000001 53.626198745000003)","Unfall 97159 (2016) Kat:3, Licht: 0","97159","3","3","5","07","14","4","","0","0","1","0","0"
"POINT (10.087606336000000 53.511709367000002)","Unfall 97160 (2016) Kat:3, Licht: 0","97160","3","6","1","07","07","5","","0","0","1","0","0"
"POINT (10.017820044000000 53.605543089999998)","Unfall 97161 (2016) Kat:3, Licht: 0","97161","3","7","0","07","09","2","","0","0","0","0","0"
"POINT (10.110785785999999 53.561767087000000)","Unfall 97162 (2016) Kat:2, Licht: 0","97162","2","4","6","07","16","2","","0","0","1","1","0"
"POINT (9.939892910999999 53.550104754000003)","Unfall 97163 (2016) Kat:3, Licht: 0","97163","3","2","5","07","09","2","","0","1","1","0","0"
"POINT (9.997501124999999 53.578580594999998)","Unfall 97164 (2016) Kat:3, Licht: 0","97164","3","2","4","07","07","6","","0","1","1","0","0"
"POINT (9.972912834000001 53.582291112000000)","Unfall 97165 (2016) Kat:3, Licht: 1","97165","3","5","1","07","20","4","","1","1","1","0","0"
"POINT (10.013179853000000 53.639865643000000)","Unfall 97166 (2016) Kat:3, Licht: 0","97166","3","2","4","07","13","6","","0","0","1","0","0"
"POINT (10.007085734000000 53.452578340000002)","Unfall 97167 (2016) Kat:3, Licht: 2","97167","3","1","8","07","00","2","","2","0","0","0","1"
"POINT (10.163320908999999 53.506468151000000)","Unfall 97168 (2016) Kat:3, Licht: 1","97168","3","1","8","07","18","5","","1","0","1","0","0"
"POINT (10.038723724000000 53.566089753999997)","Unfall 97169 (2016) Kat:3, Licht: 0","97169","3","2","4","07","14","5","","0","1","1","0","0"
"POINT (10.229921575000001 53.448683324000001)","Unfall 97170 (2016) Kat:3, Licht: 0","97170","3","3","5","07","20","4","","0","0","1","0","0"
"POINT (9.987875763000000 53.445457023000003)","Unfall 97171 (2016) Kat:3, Licht: 0","97171","3","7","2","07","11","7","","0","0","1","0","1"
"POINT (9.996544229000000 53.552894662000000)","Unfall 97172 (2016) Kat:3, Licht: 0","97172","3","2","4","08","16","2","","0","0","1","0","1"
"POINT (10.031686930999999 53.579500588000002)","Unfall 97173 (2016) Kat:3, Licht: 0","97173","3","7","3","07","17","2","","0","0","1","0","1"
"POINT (10.069031074000000 53.553129454999997)","Unfall 97174 (2016) Kat:3, Licht: 0","97174","3","4","6","07","08","2","","0","0","0","1","0"
"POINT (10.005817972999999 53.548078109999999)","Unfall 97175 (2016) Kat:3, Licht: 0","97175","3","6","3","07","13","1","","0","0","1","0","0"
"POINT (9.844500697999999 53.550464814000001)","Unfall 97176 (2016) Kat:3, Licht: 0","97176","3","6","5","07","13","4","","0","0","1","0","0"
"POINT (9.994408429000000 53.552054890000001)","Unfall 97177 (2016) Kat:3, Licht: 0","97177","3","3","5","08","08","3","","0","1","0","0","0"
"POINT (10.067697081000000 53.616065417000002)","Unfall 97178 (2016) Kat:3, Licht: 2","97178","3","5","1","07","21","6","","2","1","1","0","0"
"POINT (10.054654044999999 53.592005679000003)","Unfall 97179 (2016) Kat:3, Licht: 0","97179","3","2","0","07","14","7","","0","1","1","0","0"
"POINT (10.103392584000000 53.543302144999998)","Unfall 97180 (2016) Kat:1, Licht: 0","97180","1","2","6","07","17","5","","0","0","0","1","0"
"POINT (9.993668032000000 53.550249929000003)","Unfall 97181 (2016) Kat:3, Licht: 0","97181","3","4","6","07","11","6","","0","0","0","1","0"
"POINT (9.947727709000001 53.583577998000003)","Unfall 97182 (2016) Kat:2, Licht: 0","97182","2","1","0","07","09","4","","0","0","1","0","1"
"POINT (9.980489571000000 53.461256771000002)","Unfall 97183 (2016) Kat:3, Licht: 0","97183","3","6","4","07","09","2","","0","1","0","0","0"
"POINT (9.911645345000000 53.602700042999999)","Unfall 97184 (2016) Kat:3, Licht: 0","97184","3","2","2","07","15","2","","0","0","1","0","0"
"POINT (9.879824148000001 53.473662499000000)","Unfall 97185 (2016) Kat:3, Licht: 0","97185","3","3","5","07","19","4","","0","1","1","0","0"
"POINT (10.067196257999999 53.553595074999997)","Unfall 97186 (2016) Kat:3, Licht: 2","97186","3","2","1","07","22","2","","2","0","1","0","0"
"POINT (10.229274502000001 53.445025108000003)","Unfall 97187 (2016) Kat:3, Licht: 0","97187","3","3","6","07","13","7","","0","0","1","1","0"
"POINT (9.990861529000000 53.560623931999999)","Unfall 97188 (2016) Kat:3, Licht: 0","97188","3","3","5","07","11","1","","0","0","1","0","0"
"POINT (10.027628139000001 53.570573926999998)","Unfall 97189 (2016) Kat:3, Licht: 0","97189","3","6","3","07","11","7","","0","0","1","0","1"
"POINT (9.866381117000000 53.565930584000000)","Unfall 97190 (2016) Kat:3, Licht: 0","97190","3","3","5","07","16","4","","0","1","1","0","0"
"POINT (10.100346366000000 53.589295761000002)","Unfall 97191 (2016) Kat:3, Licht: 0","97191","3","3","5","07","10","2","","0","0","1","0","0"
"POINT (9.979302991000001 53.566023800000004)","Unfall 97192 (2016) Kat:3, Licht: 2","97192","3","7","7","07","22","5","","2","1","0","0","0"
"POINT (10.126807762000000 53.570996180999998)","Unfall 97193 (2016) Kat:3, Licht: 0","97193","3","2","3","07","14","4","","0","1","1","0","0"
"POINT (10.158682889000000 53.522847558999999)","Unfall 97194 (2016) Kat:3, Licht: 0","97194","3","7","8","07","20","7","","0","0","1","0","0"
"POINT (10.105410504000000 53.538532453000002)","Unfall 97195 (2016) Kat:3, Licht: 0","97195","3","6","2","07","15","1","","0","0","1","0","0"
"POINT (9.851721417000000 53.587077764999997)","Unfall 97196 (2016) Kat:3, Licht: 0","97196","3","3","5","07","07","2","","0","0","1","0","0"
"POINT (10.127759300999999 53.602489587999997)","Unfall 97197 (2016) Kat:3, Licht: 0","97197","3","3","1","07","11","2","","0","1","1","0","0"
"POINT (10.198405552000001 53.492914179000003)","Unfall 97198 (2016) Kat:3, Licht: 2","97198","3","3","5","07","23","7","","2","0","1","0","0"
"POINT (9.880671565000000 53.584128034999999)","Unfall 97199 (2016) Kat:3, Licht: 0","97199","3","6","1","07","15","4","","0","0","1","0","0"
"POINT (10.055698220000000 53.555055021999998)","Unfall 97200 (2016) Kat:3, Licht: 0","97200","3","1","0","08","06","2","","0","0","0","0","1"
"POINT (9.991919236999999 53.667241566999998)","Unfall 97201 (2016) Kat:3, Licht: 0","97201","3","6","1","07","13","5","","0","0","1","0","0"
"POINT (10.020235199000000 53.557276295999998)","Unfall 97202 (2016) Kat:3, Licht: 0","97202","3","2","3","07","08","6","","0","1","0","0","0"
"POINT (9.906322131000000 53.614297407000002)","Unfall 97203 (2016) Kat:3, Licht: 1","97203","3","2","4","07","20","7","","1","0","1","0","1"
"POINT (10.134479683000000 53.575026768999997)","Unfall 97204 (2016) Kat:3, Licht: 0","97204","3","2","5","07","10","5","","0","0","1","0","0"
"POINT (10.047370363000001 53.579713018000000)","Unfall 97205 (2016) Kat:3, Licht: 0","97205","3","4","6","07","13","6","","0","0","0","1","0"
"POINT (9.875110736000000 53.477125291999997)","Unfall 97206 (2016) Kat:3, Licht: 0","97206","3","7","0","07","15","5","","0","0","0","1","0"
"POINT (9.989274470000000 53.617315562000002)","Unfall 97207 (2016) Kat:3, Licht: 0","97207","3","2","3","07","07","4","","0","0","1","0","0"
"POINT (9.988008560999999 53.509784992000000)","Unfall 97208 (2016) Kat:2, Licht: 0","97208","2","4","6","07","16","2","","0","0","1","1","0"
"POINT (9.915754949000000 53.560832785000002)","Unfall 97209 (2016) Kat:3, Licht: 0","97209","3","2","4","07","18","2","","0","1","1","0","0"
"POINT (10.032806415000000 53.557542591999997)","Unfall 97210 (2016) Kat:3, Licht: 0","97210","3","6","2","07","18","4","","0","0","1","0","0"
"POINT (9.978534088000000 53.555697643999999)","Unfall 97211 (2016) Kat:3, Licht: 2","97211","3","7","0","07","23","4","","2","1","0","0","0"
"POINT (10.069194816000000 53.572775469000000)","Unfall 97212 (2016) Kat:3, Licht: 0","97212","3","6","2","07","14","2","","0","0","1","0","0"
"POINT (10.043035090000000 53.556149812999998)","Unfall 97213 (2016) Kat:3, Licht: 0","97213","3","6","3","07","12","7","","0","0","1","0","0"
"POINT (9.961494008000001 53.579978027999999)","Unfall 97214 (2016) Kat:3, Licht: 0","97214","3","3","5","08","08","4","","0","0","1","0","0"
"POINT (10.181775202000001 53.608096500000002)","Unfall 97215 (2016) Kat:2, Licht: 0","97215","2","6","2","07","10","7","","0","0","1","0","0"
"POINT (9.761192316000001 53.577100371000000)","Unfall 97216 (2016) Kat:3, Licht: 2","97216","3","3","5","07","22","7","","2","0","1","0","0"
"POINT (9.980412867000000 53.572746510000002)","Unfall 97217 (2016) Kat:3, Licht: 0","97217","3","7","2","07","20","4","","0","0","1","0","0"
"POINT (9.947036595000000 53.640355556000003)","Unfall 97218 (2016) Kat:3, Licht: 0","97218","3","7","0","07","18","3","","0","1","0","0","0"
"POINT (9.897917356000001 53.568567963000000)","Unfall 97219 (2016) Kat:3, Licht: 0","97219","3","3","5","07","12","4","","0","0","1","0","0"
"POINT (9.841987057000001 53.551300292999997)","Unfall 97220 (2016) Kat:3, Licht: 0","97220","3","2","4","08","12","2","","0","0","1","0","1"
"POINT (9.925369464999999 53.648706775000001)","Unfall 97221 (2016) Kat:3, Licht: 0","97221","3","5","1","07","21","5","","0","1","1","0","0"
"POINT (9.981931074000000 53.521062733999997)","Unfall 97222 (2016) Kat:3, Licht: 0","97222","3","2","5","07","14","5","","0","1","0","0","0"
"POINT (9.955597241000000 53.551722695000002)","Unfall 97223 (2016) Kat:3, Licht: 2","97223","3","2","5","07","22","4","","2","0","1","0","0"
"POINT (10.021031426000000 53.566427922000003)","Unfall 97224 (2016) Kat:3, Licht: 0","97224","3","2","3","07","17","6","","0","1","1","0","0"
"POINT (10.039105692000000 53.476083674000002)","Unfall 97225 (2016) Kat:2, Licht: 0","97225","2","3","5","07","16","2","","0","1","1","0","0"
"POINT (10.108924431000000 53.581662272999999)","Unfall 97226 (2016) Kat:3, Licht: 0","97226","3","2","0","07","07","5","","0","1","0","0","0"
"POINT (10.063754390000000 53.554160996999997)","Unfall 97227 (2016) Kat:3, Licht: 0","97227","3","6","2","07","07","5","","0","0","1","0","0"
"POINT (9.904824369000000 53.595326217999997)","Unfall 97228 (2016) Kat:3, Licht: 0","97228","3","3","5","07","16","4","","0","1","1","0","0"
"POINT (10.001254634000000 53.665596946000001)","Unfall 97229 (2016) Kat:3, Licht: 0","97229","3","3","5","08","15","2","","0","0","1","0","0"