WKT,Name,OBJECTID,UKATEGORIE,UTYP1,UART,UMONAT,USTUNDE,UWOCHENTAG,STRZUSTAND,ULICHTVERH,ISTRAD,ISTPKW,ISTFUSS,ISTKRAD
"POINT (9.935688335000000 53.579468658000003)","Unfall 97230 (2016) Kat:3, Licht: 0","97230","3","3","5","07","13","5","","0","1","1","0","0"
"POINT (10.023108559000001 53.496843953999999)","Unfall 97231 (2016) Kat:3, Licht: 0","97231","3","6","4","07","14","5","","0","0","1","0","0"
"POINT (10.034632713000001 53.564056104999999)","Unfall 97232 (2016) Kat:3, Licht: 0","97232","3","2","5","07","13","6","","0","1","0","0","0"
"POINT (10.098193029000001 53.569324924000000)","Unfall 97233 (2016) Kat:3, Licht: 0","97233","3","6","1","07","13","5","","0","0","1","0","0"
"POINT (9.985897249000001 53.563483128000001)","Unfall 97234 (2016) Kat:3, Licht: 0","97234","3","7","3","07","11","6","","0","0","1","0","0"
"POINT (9.957588325000000 53.547875615999999)","Unfall 97235 (2016) Kat:3, Licht: 1","97235","3","4","6","07","21","4","","1","1","0","1","0"
"POINT (10.062315259000000 53.555848742999999)","Unfall 97236 (2016) Kat:3, Licht: 0","97236","3","2","4","07","16","2","","0","1","1","0","0"
"POINT (9.979660759000000 53.462624804000001)","Unfall 97237 (2016) Kat:3, Licht: 0","97237","3","2","2","07","16","3","","0","1","0","0","1"
"POINT (10.074013272000000 53.598036026000003)","Unfall 97238 (2016) Kat:3, Licht: 0","97238","3","3","5","07","19","2","","0","0","1","0","0"
"POINT (10.145126200000000 53.580935107999998)","Unfall 97239 (2016) Kat:3, Licht: 0","97239","3","5","3","07","11","7","","0","1","0","0","0"
"POINT (9.874894474000000 53.587866656000003)","Unfall 97240 (2016) Kat:3, Licht: 0","97240","3","2","3","07","16","4","","0","1","1","0","0"
"POINT (9.982114467000001 53.521753791999998)","Unfall 97241 (2016) Kat:3, Licht: 0","97241","3","4","6","08","14","3","","0","0","0","1","0"
"POINT (9.834761283000001 53.575241689000002)","Unfall 97242 (2016) Kat:2, Licht: 0","97242","2","3","5","07","18","7","","0","0","1","0","1"
"POINT (9.987165222000000 53.603468833999997)","Unfall 97243 (2016) Kat:3, Licht: 2","97243","3","3","5","07","22","7","","2","0","1","0","0"
"POINT (9.987277184000000 53.455256333999998)","Unfall 97244 (2016) Kat:3, Licht: 0","97244","3","2","3","07","17","3","","0","1","1","0","0"
"POINT (9.977925194999999 53.556815456000002)","Unfall 97245 (2016) Kat:3, Licht: 2","97245","3","7","7","07","23","3","","2","1","0","0","0"
"POINT (9.933759940000000 53.552307906999999)","Unfall 97246 (2016) Kat:3, Licht: 0","97246","3","4","6","07","20","4","","0","0","0","1","0"
"POINT (9.951711182000000 53.566040250999997)","Unfall 97247 (2016) Kat:3, Licht: 0","97247","3","2","3","07","09","5","","0","1","1","0","0"
"POINT (10.127912870999999 53.627736089999999)","Unfall 97248 (2016) Kat:2, Licht: 0","97248","2","2","2","07","16","5","","0","0","1","0","0"
"POINT (9.966616402000000 53.551041388000002)","Unfall 97249 (2016) Kat:3, Licht: 0","97249","3","2","4","07","12","4","","0","1","1","0","0"
"POINT (9.846420588000001 53.563621541000003)","Unfall 97250 (2016) Kat:3, Licht: 0","97250","3","3","5","07","17","6","","0","0","1","0","0"
"POINT (10.058216312000001 53.560736042999999)","Unfall 97251 (2016) Kat:3, Licht: 0","97251","3","2","3","07","14","2","","0","1","1","0","0"
"POINT (10.076811287000000 53.591415679999997)","Unfall 97252 (2016) Kat:2, Licht: 2","97252","2","4","6","07","01","5","","2","0","1","1","0"
"POINT (10.105912137000001 53.708635938000000)","Unfall 97253 (2016) Kat:3, Licht: 0","97253","3","3","5","07","17","5","","0","1","1","0","0"
"POINT (9.788768611000000 53.535584962999998)","Unfall 97254 (2016) Kat:3, Licht: 0","97254","3","6","2","07","16","4","","0","0","1","0","0"
"POINT (10.038577750000000 53.608424771000003)","Unfall 97255 (2016) Kat:3, Licht: 0","97255","3","3","5","07","20","7","","0","0","1","0","0"
"POINT (9.858038063000000 53.589045569000000)","Unfall 97256 (2016) Kat:2, Licht: 0","97256","2","3","5","08","08","2","","0","1","0","0","0"
"POINT (9.911534441000001 53.583680407999999)","Unfall 97257 (2016) Kat:3, Licht: 0","97257","3","6","2","07","12","2","","0","0","1","0","0"
"POINT (9.957378874000000 53.456312021999999)","Unfall 97258 (2016) Kat:2, Licht: 0","97258","2","7","6","07","08","3","","0","0","1","1","0"
"POINT (10.089242897000000 53.639447726000000)","Unfall 97259 (2016) Kat:3, Licht: 0","97259","3","3","5","07","16","2","","0","0","1","0","0"
"POINT (10.071427836000000 53.552472786999999)","Unfall 97260 (2016) Kat:3, Licht: 2","97260","3","7","1","07","04","7","","2","0","1","0","0"
"POINT (9.914129212000001 53.518846513000000)","Unfall 97261 (2016) Kat:3, Licht: 0","97261","3","6","2","07","12","4","","0","0","0","0","0"
"POINT (10.159845290000000 53.656565266999998)","Unfall 97262 (2016) Kat:3, Licht: 0","97262","3","6","2","07","17","2","","0","0","1","0","0"
"POINT (10.099589996000001 53.655175055999997)","Unfall 97263 (2016) Kat:2, Licht: 0","97263","2","6","4","07","19","7","","0","0","1","0","0"
"POINT (9.991301041000000 53.602465109999997)","Unfall 97264 (2016) Kat:3, Licht: 0","97264","3","3","5","07","17","2","","0","1","1","0","0"
"POINT (9.949603723999999 53.462738786000003)","Unfall 97265 (2016) Kat:3, Licht: 0","97265","3","2","4","07","16","3","","0","1","1","0","0"
"POINT (10.094985478000000 53.679845974000003)","Unfall 97266 (2016) Kat:3, Licht: 0","97266","3","6","2","07","10","2","","0","0","1","0","0"
"POINT (10.057291166000001 53.554922523999998)","Unfall 97267 (2016) Kat:3, Licht: 0","97267","3","3","4","07","05","7","","0","1","1","0","0"
"POINT (10.045722479000000 53.564160809999997)","Unfall 97268 (2016) Kat:3, Licht: 0","97268","3","6","3","07","20","7","","0","1","1","0","0"
"POINT (9.942307510999999 53.571889491000000)","Unfall 97269 (2016) Kat:3, Licht: 0","97269","3","3","5","07","14","4","","0","1","1","0","0"
"POINT (10.056089533000000 53.647118356999997)","Unfall 97270 (2016) Kat:3, Licht: 0","97270","3","3","4","08","18","3","","0","1","1","0","0"
"POINT (9.995620685000000 53.464754356999997)","Unfall 97271 (2016) Kat:3, Licht: 0","97271","3","2","2","07","05","6","","0","0","1","0","0"
"POINT (9.989390759999999 53.561663520000003)","Unfall 97272 (2016) Kat:3, Licht: 2","97272","3","6","2","07","22","7","","2","0","1","0","0"
"POINT (10.035692597000001 53.551001755000001)","Unfall 97273 (2016) Kat:3, Licht: 0","97273","3","3","5","07","18","2","","0","0","1","0","0"
"POINT (9.939984336000000 53.560289859999997)","Unfall 97274 (2016) Kat:3, Licht: 0","97274","3","6","2","07","17","2","","0","1","1","0","0"
"POINT (10.174487147000001 53.614625861999997)","Unfall 97275 (2016) Kat:3, Licht: 2","97275","3","2","2","07","22","5","","2","0","1","0","0"
"POINT (9.977689268000001 53.459002108000000)","Unfall 97276 (2016) Kat:3, Licht: 0","97276","3","6","2","07","10","3","","0","0","1","0","0"
"POINT (10.103550432000000 53.701586276000000)","Unfall 97277 (2016) Kat:3, Licht: 0","97277","3","6","3","07","14","2","","0","1","0","0","0"
"POINT (10.059136486000000 53.593630247999997)","Unfall 97278 (2016) Kat:3, Licht: 0","97278","3","2","5","07","19","5","","0","1","1","0","0"
"POINT (9.814900986000000 53.563200094999999)","Unfall 97279 (2016) Kat:3, Licht: 0","97279","3","7","4","07","14","5","","0","0","1","0","0"
"POINT (10.182664936000000 53.498423123000002)","Unfall 97280 (2016) Kat:2, Licht: 0","97280","2","3","5","07","17","4","","0","1","1","0","0"
"POINT (10.044328128000000 53.593115580000003)","Unfall 97281 (2016) Kat:3, Licht: 0","97281","3","4","6","07","15","7","","0","0","1","1","0"
"POINT (9.995403516000000 53.515936517000000)","Unfall 97282 (2016) Kat:3, Licht: 2","97282","3","1","7","07","02","1","","2","0","1","0","0"
"POINT (9.953542941000000 53.582793522000003)","Unfall 97283 (2016) Kat:3, Licht: 0","97283","3","7","1","07","09","2","","0","0","1","0","1"
"POINT (10.011478366000000 53.649166901000001)","Unfall 97284 (2016) Kat:3, Licht: 0","97284","3","3","5","07","08","2","","0","1","1","0","0"
"POINT (10.027424141999999 53.533826103000003)","Unfall 97285 (2016) Kat:3, Licht: 0","97285","3","3","5","07","14","7","","0","1","1","0","0"
"POINT (9.977409366000000 53.574871078000001)","Unfall 97286 (2016) Kat:3, Licht: 0","97286","3","7","0","07","11","4","","0","0","1","0","0"
"POINT (10.135270816000000 53.451562346000003)","Unfall 97287 (2016) Kat:3, Licht: 0","97287","3","1","0","08","13","2","","0","0","0","0","1"
"POINT (9.977213331000000 53.553759225000000)","Unfall 97288 (2016) Kat:3, Licht: 2","97288","3","2","5","07","22","7","","2","0","1","0","0"
"POINT (10.037807446000000 53.630275290999997)","Unfall 97289 (2016) Kat:2, Licht: 0","97289","2","2","4","07","18","5","","0","1","1","0","0"
"POINT (9.992293165000000 53.649027783000001)","Unfall 97290 (2016) Kat:3, Licht: 0","97290","3","3","5","07","09","5","","0","0","1","0","0"
"POINT (9.991578898000000 53.501895275000003)","Unfall 97291 (2016) Kat:3, Licht: 0","97291","3","6","0","07","09","3","","0","0","0","0","1"
"POINT (9.978451854999999 53.544295968999997)","Unfall 97292 (2016) Kat:3, Licht: 0","97292","3","3","6","07","12","4","","0","1","0","1","0"
"POINT (9.797948807999999 53.561799458000003)","Unfall 97293 (2016) Kat:3, Licht: 0","97293","3","3","5","08","19","3","","0","0","1","0","1"
"POINT (10.045623253000000 53.548297413999997)","Unfall 97294 (2016) Kat:3, Licht: 0","97294","3","3","5","07","17","6","","0","0","1","0","0"
"POINT (9.977244890000000 53.553714366999998)","Unfall 97295 (2016) Kat:3, Licht: 0","97295","3","2","5","07","18","7","","0","0","1","0","0"
"POINT (10.031707341000001 53.595642683999998)","Unfall 97296 (2016) Kat:3, Licht: 0","97296","3","6","3","07","15","5","","0","0","1","0","1"
"POINT (10.005375963000001 53.617840426000001)","Unfall 97297 (2016) Kat:3, Licht: 0","97297","3","4","6","07","11","2","","0","0","1","1","0"
"POINT (10.044238608000001 53.568025378000002)","Unfall 97298 (2016) Kat:3, Licht: 0","97298","3","3","5","07","15","5","","0","0","1","0","1"
"POINT (9.938116491000001 53.550257459000001)","Unfall 97299 (2016) Kat:3, Licht: 0","97299","3","2","4","07","17","2","","0","0","1","0","0"
"POINT (9.997623737000000 53.578650817000003)","Unfall 97300 (2016) Kat:3, Licht: 0","97300","3","6","2","07","16","5","","0","0","1","0","1"
"POINT (10.151984473000001 53.596112748000003)","Unfall 97301 (2016) Kat:3, Licht: 0","97301","3","2","3","07","10","4","","0","1","1","0","0"
"POINT (9.911608103000001 53.607544996999998)","Unfall 97302 (2016) Kat:3, Licht: 0","97302","3","5","1","07","15","7","","0","1","0","0","0"
"POINT (10.084496422999999 53.635174859999999)","Unfall 97303 (2016) Kat:3, Licht: 0","97303","3","3","5","07","08","1","","0","1","0","0","0"
"POINT (9.987864555000000 53.581740056999998)","Unfall 97304 (2016) Kat:3, Licht: 0","97304","3","6","3","07","10","2","","0","0","1","0","1"
"POINT (10.002369448000000 53.554850201999997)","Unfall 97305 (2016) Kat:3, Licht: 0","97305","3","6","0","07","13","7","","0","1","1","0","0"
"POINT (10.059875776000000 53.576516673000000)","Unfall 97306 (2016) Kat:3, Licht: 0","97306","3","6","0","07","09","4","","0","1","1","0","0"
"POINT (10.026451850999999 53.629162600999997)","Unfall 97307 (2016) Kat:3, Licht: 0","97307","3","6","2","07","14","2","","0","0","1","0","1"
"POINT (10.012089119000001 53.550019143000000)","Unfall 97308 (2016) Kat:3, Licht: 0","97308","3","3","6","07","17","4","","0","1","0","1","0"
"POINT (10.057152198000001 53.580184738000000)","Unfall 97309 (2016) Kat:3, Licht: 0","97309","3","2","4","08","13","2","","0","0","1","0","0"
"POINT (9.999757523000000 53.576987586999998)","Unfall 97310 (2016) Kat:3, Licht: 0","97310","3","6","0","07","17","5","","0","1","1","0","0"
"POINT (10.016528576000001 53.567075516999999)","Unfall 97311 (2016) Kat:3, Licht: 0","97311","3","2","3","07","16","5","","0","1","1","0","0"
"POINT (9.875461573000001 53.605209692999999)","Unfall 97312 (2016) Kat:3, Licht: 0","97312","3","6","2","07","14","6","","0","0","1","0","0"
"POINT (10.042291721000000 53.598637910999997)","Unfall 97313 (2016) Kat:3, Licht: 0","97313","3","6","3","07","15","5","","0","0","1","0","0"
"POINT (9.901828441999999 53.556607358999997)","Unfall 97314 (2016) Kat:3, Licht: 2","97314","3","7","0","07","22","6","","2","0","0","0","0"
"POINT (9.887136236000000 53.559294788999999)","Unfall 97315 (2016) Kat:2, Licht: 0","97315","2","6","6","07","15","5","","0","1","0","1","0"
"POINT (10.043136342000000 53.542072369000003)","Unfall 97316 (2016) Kat:3, Licht: 0","97316","3","6","1","07","16","3","","0","0","1","0","0"
"POINT (10.011483814000000 53.649157195999997)","Unfall 97317 (2016) Kat:2, Licht: 0","97317","2","3","5","07","08","2","","0","1","1","0","0"
"POINT (10.032055365000000 53.538777500999998)","Unfall 97318 (2016) Kat:3, Licht: 0","97318","3","6","1","07","14","4","","0","0","1","0","0"
"POINT (10.091579370000000 53.543957352000000)","Unfall 97319 (2016) Kat:3, Licht: 0","97319","3","3","5","07","21","3","","0","0","1","0","0"
"POINT (10.000274336000000 53.587697579000000)","Unfall 97320 (2016) Kat:3, Licht: 0","97320","3","3","5","07","18","2","","0","1","1","0","0"
"POINT (9.873736448000001 53.590725264000000)","Unfall 97321 (2016) Kat:3, Licht: 0","97321","3","6","2","07","16","7","","0","0","1","0","0"
"POINT (9.942014968000001 53.524798515999997)","Unfall 97322 (2016) Kat:3, Licht: 1","97322","3","6","2","08","06","4","","1","0","1","0","0"
"POINT (10.161661766000000 53.651062406999998)","Unfall 97323 (2016) Kat:2, Licht: 0","97323","2","6","2","07","11","7","","0","0","1","0","0"
"POINT (10.037757951000000 53.600297699000002)","Unfall 97324 (2016) Kat:3, Licht: 0","97324","3","6","4","07","18","2","","0","1","0","0","0"
"POINT (9.974899426000000 53.556209987000003)","Unfall 97325 (2016) Kat:3, Licht: 0","97325","3","3","5","07","12","2","","0","1","1","0","0"
"POINT (10.121367491000001 53.531643035000002)","Unfall 97326 (2016) Kat:3, Licht: 0","97326","3","6","1","07","15","4","","0","0","1","0","0"
"POINT (10.026787977000000 53.570137920999997)","Unfall 97327 (2016) Kat:3, Licht: 0","97327","3","2","4","07","15","2","","0","1","1","0","0"
"POINT (9.970966154999999 53.582818693000000)","Unfall 97328 (2016) Kat:3, Licht: 0","97328","3","3","5","07","18","7","","0","0","1","0","0"
"POINT (9.972843354000000 53.554027558000001)","Unfall 97329 (2016) Kat:3, Licht: 0","97329","3","3","4","07","14","1","","0","1","1","0","0"
"POINT (9.888985961000000 53.517899403000001)","Unfall 97330 (2016) Kat:3, Licht: 0","97330","3","6","2","07","09","6","","0","0","1","0","0"
"POINT (9.918494464000000 53.576713570000003)","Unfall 97331 (2016) Kat:3, Licht: 0","97331","3","3","5","07","13","4","","0","1","1","0","0"
"POINT (10.016104070000001 53.571660311000002)","Unfall 97332 (2016) Kat:3, Licht: 0","97332","3","4","6","07","15","2","","0","1","0","1","0"
"POINT (10.035422841999999 53.575111761000002)","Unfall 97333 (2016) Kat:3, Licht: 2","97333","3","3","4","07","23","3","","2","0","1","0","0"
"POINT (10.098015735000001 53.535163130000001)","Unfall 97334 (2016) Kat:3, Licht: 0","97334","3","2","1","07","17","3","","0","0","1","0","0"
"POINT (10.007442554000001 53.580910949000000)","Unfall 97335 (2016) Kat:2, Licht: 0","97335","2","3","5","08","12","2","","0","0","1","0","0"
"POINT (9.959091943000001 53.563327581000003)","Unfall 97336 (2016) Kat:3, Licht: 0","97336","3","5","1","07","18","5","","0","1","1","0","0"
"POINT (9.890513712000001 53.552413534000003)","Unfall 97337 (2016) Kat:3, Licht: 0","97337","3","2","2","07","15","5","","0","0","1","0","0"
"POINT (10.051727349000000 53.539804185000001)","Unfall 97338 (2016) Kat:3, Licht: 0","97338","3","6","3","07","16","3","","0","0","1","0","0"
"POINT (9.889582831000000 53.601383142000003)","Unfall 97339 (2016) Kat:3, Licht: 0","97339","3","6","3","07","12","6","","0","0","1","0","0"
"POINT (9.912610137000000 53.596398399999998)","Unfall 97340 (2016) Kat:3, Licht: 0","97340","3","3","5","07","08","5","","0","0","1","0","0"
"POINT (9.949535201000000 53.519844583999998)","Unfall 97341 (2016) Kat:3, Licht: 0","97341","3","6","2","07","15","6","","0","0","1","0","0"
"POINT (10.011942749999999 53.547871979999996)","Unfall 97342 (2016) Kat:3, Licht: 0","97342","3","6","3","07","13","3","","0","0","1","0","0"
"POINT (9.982733297999999 53.585541423000002)","Unfall 97343 (2016) Kat:3, Licht: 0","97343","3","3","5","07","15","2","","0","1","0","0","0"
"POINT (9.989045745000000 53.586346527000003)","Unfall 97344 (2016) Kat:3, Licht: 0","97344","3","2","4","07","16","7","","0","0","1","0","0"
"POINT (9.959767297000001 53.563622766999998)","Unfall 97345 (2016) Kat:3, Licht: 0","97345","3","6","0","07","19","2","","0","0","1","0","1"
"POINT (10.125987078000000 53.530139103000003)","Unfall 97346 (2016) Kat:3, Licht: 1","97346","3","3","5","07","04","3","","1","1","1","0","0"
"POINT (10.071352664000001 53.606944343000002)","Unfall 97347 (2016) Kat:3, Licht: 0","97347","3","3","5","07","12","7","","0","1","1","0","0"
"POINT (9.952079005000000 53.598629801000001)","Unfall 97348 (2016) Kat:3, Licht: 0","97348","3","6","2","07","11","7","","0","0","1","0","0"
"POINT (10.108984072000000 53.559024475999998)","Unfall 97349 (2016) Kat:3, Licht: 0","97349","3","6","1","07","14","3","","0","0","1","0","0"
"POINT (10.038527990000000 53.555257312999998)","Unfall 97350 (2016) Kat:3, Licht: 0","97350","3","1","0","08","15","3","","0","0","0","0","1"
"POINT (9.879705810999999 53.533902853999997)","Unfall 97351 (2016) Kat:3, Licht: 0","97351","3","4","6","07","13","6","","0","0","0","1","0"
"POINT (9.982588694000000 53.510700876000001)","Unfall 97352 (2016) Kat:3, Licht: 0","97352","3","3","5","07","06","6","","0","0","0","0","0"
"POINT (10.067092391999999 53.571430859000003)","Unfall 97353 (2016) Kat:3, Licht: 0","97353","3","7","3","07","15","3","","0","0","1","0","1"
"POINT (10.025126282000000 53.480029199999997)","Unfall 97354 (2016) Kat:2, Licht: 0","97354","2","2","4","07","08","2","","0","0","0","0","1"
"POINT (10.064451854000000 53.534476112999997)","Unfall 97355 (2016) Kat:1, Licht: 1","97355","1","1","8","08","20","4","","1","0","1","0","0"
"POINT (9.990079092000000 53.561210439000000)","Unfall 97356 (2016) Kat:3, Licht: 0","97356","3","6","2","08","09","6","","0","0","1","0","0"
"POINT (9.986540485000001 53.547594060999998)","Unfall 97357 (2016) Kat:3, Licht: 0","97357","3","2","5","08","10","6","","0","1","1","0","0"
"POINT (10.129700869000001 53.588059657999999)","Unfall 97358 (2016) Kat:2, Licht: 0","97358","2","3","5","09","13","7","","0","0","1","1","0"
"POINT (10.167790866000001 53.629631371999999)","Unfall 97359 (2016) Kat:3, Licht: 2","97359","3","4","6","08","21","3","","2","0","1","1","0"
"POINT (10.114293600000000 53.615406796000002)","Unfall 97360 (2016) Kat:3, Licht: 0","97360","3","3","5","08","18","3","","0","0","1","0","0"
"POINT (9.898561417000000 53.477085262000003)","Unfall 97361 (2016) Kat:3, Licht: 0","97361","3","2","4","08","17","5","","0","0","1","0","0"
"POINT (10.207352056000000 53.480032629000000)","Unfall 97362 (2016) Kat:3, Licht: 0","97362","3","3","5","08","16","5","","0","1","1","0","0"
"POINT (9.943528843999999 53.560224546000001)","Unfall 97363 (2016) Kat:3, Licht: 0","97363","3","7","0","08","13","3","","0","1","1","0","0"
"POINT (10.063153839000000 53.602520841999997)","Unfall 97364 (2016) Kat:3, Licht: 0","97364","3","2","5","08","21","7","","0","0","1","0","0"
"POINT (9.968768992999999 53.567024637999999)","Unfall 97365 (2016) Kat:3, Licht: 0","97365","3","2","5","08","19","3","","0","1","1","0","0"
"POINT (9.987618738000000 53.451850477999997)","Unfall 97366 (2016) Kat:2, Licht: 0","97366","2","6","2","09","13","6","","0","0","1","0","1"
"POINT (10.010043040999999 53.547443358000002)","Unfall 97367 (2016) Kat:3, Licht: 0","97367","3","3","5","08","17","6","","0","1","1","0","0"
"POINT (10.067573027000000 53.616120154000001)","Unfall 97368 (2016) Kat:3, Licht: 0","97368","3","1","0","08","14","1","","0","0","1","0","1"
"POINT (9.967980125000000 53.551044683999997)","Unfall 97369 (2016) Kat:3, Licht: 0","97369","3","6","3","08","07","2","","0","0","1","0","0"
"POINT (10.041807503999999 53.555485183000002)","Unfall 97370 (2016) Kat:3, Licht: 0","97370","3","6","1","08","18","6","","0","0","1","0","0"
"POINT (9.988591088000000 53.557247932000003)","Unfall 97371 (2016) Kat:3, Licht: 0","97371","3","7","3","08","19","1","","0","0","1","0","1"
"POINT (9.986901743000001 53.542803446000001)","Unfall 97372 (2016) Kat:3, Licht: 0","97372","3","6","3","08","08","4","","0","0","1","0","1"
"POINT (10.105666190000001 53.570495286000003)","Unfall 97373 (2016) Kat:3, Licht: 0","97373","3","2","5","08","09","3","","0","0","1","0","0"
"POINT (9.896517310000000 53.515179023999998)","Unfall 97374 (2016) Kat:3, Licht: 0","97374","3","6","2","08","10","3","","0","0","1","0","0"
"POINT (10.122102138000001 53.593471131000001)","Unfall 97375 (2016) Kat:3, Licht: 0","97375","3","5","1","08","12","4","","0","1","1","0","0"
"POINT (10.018231403000000 53.548723371000001)","Unfall 97376 (2016) Kat:3, Licht: 2","97376","3","2","5","08","22","4","","2","0","1","0","0"
"POINT (9.996478087000000 53.557102037999996)","Unfall 97377 (2016) Kat:3, Licht: 0","97377","3","6","2","08","10","6","","0","0","1","0","0"
"POINT (10.014224968000001 53.578275050000002)","Unfall 97378 (2016) Kat:3, Licht: 0","97378","3","3","5","08","17","4","","0","1","1","0","0"
"POINT (9.990873627999999 53.445681622999999)","Unfall 97379 (2016) Kat:3, Licht: 2","97379","3","6","2","08","23","5","","2","1","1","0","0"
"POINT (10.121076785000000 53.494469311000003)","Unfall 97380 (2016) Kat:2, Licht: 0","97380","2","3","5","08","13","5","","0","0","0","0","0"
"POINT (10.086581140000000 53.656425599999999)","Unfall 97381 (2016) Kat:3, Licht: 0","97381","3","7","0","08","16","7","","0","0","1","1","0"
"POINT (10.006002898000000 53.551691151999997)","Unfall 97382 (2016) Kat:2, Licht: 0","97382","2","2","5","08","13","3","","0","1","0","0","0"
"POINT (9.987986831000001 53.450256994999997)","Unfall 97383 (2016) Kat:3, Licht: 0","97383","3","3","5","08","15","1","","0","1","1","0","0"
"POINT (10.010824718000000 53.648091504999996)","Unfall 97384 (2016) Kat:3, Licht: 0","97384","3","6","3","09","13","6","","0","0","1","0","0"
"POINT (10.152165775000000 53.620978471999997)","Unfall 97385 (2016) Kat:3, Licht: 0","97385","3","3","5","08","09","6","","0","1","0","0","0"
"POINT (10.139197000999999 53.718063301999997)","Unfall 97386 (2016) Kat:3, Licht: 0","97386","3","1","8","08","07","1","","0","0","1","0","0"
"POINT (10.069885101000001 53.577475636000003)","Unfall 97387 (2016) Kat:3, Licht: 0","97387","3","3","5","09","16","5","","0","1","1","0","0"
"POINT (9.979351498000000 53.511090828000000)","Unfall 97388 (2016) Kat:2, Licht: 0","97388","2","7","0","08","12","1","","0","1","0","0","0"
"POINT (10.005887055000001 53.551281914999997)","Unfall 97389 (2016) Kat:3, Licht: 0","97389","3","6","3","08","09","3","","0","1","0","0","0"
"POINT (10.123270142000001 53.570996209999997)","Unfall 97390 (2016) Kat:3, Licht: 0","97390","3","3","5","09","19","6","","0","0","1","0","0"
"POINT (10.125936364999999 53.599037602999999)","Unfall 97391 (2016) Kat:3, Licht: 0","97391","3","7","0","08","09","6","","0","0","1","0","0"
"POINT (10.100385062999999 53.636607101000003)","Unfall 97392 (2016) Kat:3, Licht: 0","97392","3","5","1","08","07","1","","0","0","1","0","0"
"POINT (10.007788418000001 53.490428346000002)","Unfall 97393 (2016) Kat:3, Licht: 1","97393","3","6","3","09","19","5","","1","0","1","0","1"
"POINT (10.137897402000000 53.478199613000001)","Unfall 97394 (2016) Kat:3, Licht: 0","97394","3","5","1","08","10","1","","0","1","1","0","0"
"POINT (9.981142104000000 53.421252658999997)","Unfall 97395 (2016) Kat:3, Licht: 1","97395","3","3","5","08","21","7","","1","0","1","0","0"
"POINT (10.003950172000000 53.557306891000003)","Unfall 97396 (2016) Kat:2, Licht: 0","97396","2","3","1","08","19","4","","0","1","0","0","0"
"POINT (10.065723547999999 53.571324689999997)","Unfall 97397 (2016) Kat:3, Licht: 1","97397","3","3","5","08","20","3","","1","1","1","0","0"
"POINT (9.799513202000000 53.520348953000003)","Unfall 97398 (2016) Kat:3, Licht: 2","97398","3","5","1","08","04","3","","2","1","1","0","0"
"POINT (10.130199901999999 53.645549701000000)","Unfall 97399 (2016) Kat:3, Licht: 0","97399","3","6","2","08","12","4","","0","0","1","0","0"
"POINT (10.067697618000000 53.582326404000000)","Unfall 97400 (2016) Kat:3, Licht: 0","97400","3","2","4","08","19","4","","0","0","1","0","0"
"POINT (9.973607293000001 53.524671382000001)","Unfall 97401 (2016) Kat:3, Licht: 0","97401","3","3","5","08","14","3","","0","0","1","0","0"
"POINT (10.186103837999999 53.488780161000001)","Unfall 97402 (2016) Kat:2, Licht: 2","97402","2","4","6","08","20","5","","2","0","1","1","0"
"POINT (10.039001333000000 53.552513075000000)","Unfall 97403 (2016) Kat:3, Licht: 0","97403","3","6","2","08","17","5","","0","0","1","0","0"
"POINT (10.029929406000001 53.626071805000002)","Unfall 97404 (2016) Kat:3, Licht: 0","97404","3","6","3","08","16","7","","0","0","0","0","1"
"POINT (10.069239960999999 53.559507394000001)","Unfall 97405 (2016) Kat:2, Licht: 0","97405","2","3","5","08","14","1","","0","0","1","0","0"
"POINT (9.910254931000001 53.632764455000000)","Unfall 97406 (2016) Kat:3, Licht: 0","97406","3","3","5","09","10","6","","0","1","1","0","0"
"POINT (10.074774280000000 53.593421104999997)","Unfall 97407 (2016) Kat:3, Licht: 0","97407","3","6","2","08","12","6","","0","0","1","0","0"
"POINT (10.040640509999999 53.579743268000001)","Unfall 97408 (2016) Kat:3, Licht: 0","97408","3","3","2","09","13","5","","0","1","1","0","0"
"POINT (10.093202735000000 53.578424441000003)","Unfall 97409 (2016) Kat:3, Licht: 0","97409","3","6","2","08","08","4","","0","0","1","0","0"
"POINT (10.013530675000000 53.561268188000000)","Unfall 97410 (2016) Kat:3, Licht: 0","97410","3","4","6","08","16","6","","0","1","0","1","0"
"POINT (9.981159563000000 53.420533083000002)","Unfall 97411 (2016) Kat:3, Licht: 0","97411","3","2","4","08","17","7","","0","0","1","0","0"
"POINT (10.071694719000000 53.597481018000003)","Unfall 97412 (2016) Kat:3, Licht: 2","97412","3","2","0","08","22","3","","2","0","1","0","1"
"POINT (10.065027564999999 53.554003278000003)","Unfall 97413 (2016) Kat:3, Licht: 0","97413","3","6","1","08","10","3","","0","0","1","0","0"
"POINT (10.064026176000000 53.572470615999997)","Unfall 97414 (2016) Kat:3, Licht: 0","97414","3","3","5","08","16","3","","0","0","1","0","0"
"POINT (10.055855525000000 53.561910972000000)","Unfall 97415 (2016) Kat:3, Licht: 0","97415","3","2","5","08","11","5","","0","1","1","0","0"
"POINT (9.959344679999999 53.554453297999999)","Unfall 97416 (2016) Kat:3, Licht: 0","97416","3","5","1","08","16","3","","0","1","1","0","0"
"POINT (9.897769461999999 53.508539605999999)","Unfall 97417 (2016) Kat:2, Licht: 0","97417","2","3","5","08","15","2","","0","0","1","0","1"
"POINT (10.011421437999999 53.496968824000000)","Unfall 97418 (2016) Kat:3, Licht: 2","97418","3","2","1","08","22","7","","2","0","1","0","0"