WKT,Name,OBJECTID,UKATEGORIE,UTYP1,UART,UMONAT,USTUNDE,UWOCHENTAG,STRZUSTAND,ULICHTVERH,ISTRAD,ISTPKW,ISTFUSS,ISTKRAD
"POINT (10.075234683000000 53.592818530000002)","Unfall 97419 (2016) Kat:3, Licht: 0","97419","3","5","0","08","12","3","","0","0","1","0","0"
"POINT (10.134569797999999 53.620420762000002)","Unfall 97420 (2016) Kat:3, Licht: 0","97420","3","7","1","08","16","3","","0","0","1","0","1"
"POINT (10.070082927000000 53.573579684999999)","Unfall 97421 (2016) Kat:3, Licht: 0","97421","3","6","2","08","12","5","","0","0","1","0","0"
"POINT (10.038780919000001 53.607662148000003)","Unfall 97422 (2016) Kat:3, Licht: 0","97422","3","3","5","08","16","4","","0","0","1","0","0"
"POINT (9.842729172000000 53.534282480999998)","Unfall 97423 (2016) Kat:3, Licht: 0","97423","3","3","5","08","14","2","","0","1","1","0","0"
"POINT (10.027203865000001 53.672567651999998)","Unfall 97424 (2016) Kat:3, Licht: 2","97424","3","3","5","08","04","4","","2","0","1","0","0"
"POINT (10.068450671000001 53.561464532999999)","Unfall 97425 (2016) Kat:3, Licht: 0","97425","3","7","3","08","11","5","","0","0","1","0","0"
"POINT (10.088685218000000 53.646776555000002)","Unfall 97426 (2016) Kat:3, Licht: 0","97426","3","2","4","08","13","5","","0","0","1","0","0"
"POINT (9.890832001000000 53.594559750999998)","Unfall 97427 (2016) Kat:3, Licht: 0","97427","3","4","6","08","11","7","","0","0","1","1","0"
"POINT (10.122934086000001 53.567991308000003)","Unfall 97428 (2016) Kat:3, Licht: 0","97428","3","1","4","08","20","1","","0","0","1","0","0"
"POINT (9.978498427000000 53.571155765999997)","Unfall 97429 (2016) Kat:3, Licht: 0","97429","3","7","5","09","16","6","","0","1","0","0","0"
"POINT (9.982498185000001 53.508246931999999)","Unfall 97430 (2016) Kat:2, Licht: 0","97430","2","7","0","08","09","7","","0","1","0","0","0"
"POINT (9.997758325000000 53.588181325000001)","Unfall 97431 (2016) Kat:3, Licht: 0","97431","3","3","5","08","12","1","","0","0","1","0","0"
"POINT (9.948009816000001 53.577321136999998)","Unfall 97432 (2016) Kat:3, Licht: 0","97432","3","7","6","09","11","5","","0","1","0","1","0"
"POINT (10.062044471000000 53.608695060999999)","Unfall 97433 (2016) Kat:3, Licht: 0","97433","3","1","2","08","14","4","","0","0","1","0","0"
"POINT (9.973657192999999 53.528155671000000)","Unfall 97434 (2016) Kat:2, Licht: 0","97434","2","2","5","08","20","6","","0","1","1","0","0"
"POINT (10.206514894000000 53.477767843000002)","Unfall 97435 (2016) Kat:3, Licht: 0","97435","3","3","5","08","15","5","","0","1","1","0","0"
"POINT (10.083566930000000 53.542376324999999)","Unfall 97436 (2016) Kat:2, Licht: 0","97436","2","7","4","09","12","7","","0","0","1","0","1"
"POINT (10.064133996000001 53.597253086000002)","Unfall 97437 (2016) Kat:3, Licht: 0","97437","3","5","1","08","14","3","","0","0","1","0","0"
"POINT (10.088309947000001 53.575140447999999)","Unfall 97438 (2016) Kat:3, Licht: 0","97438","3","3","5","08","16","3","","0","0","1","0","0"
"POINT (9.999318769000000 53.648350624999999)","Unfall 97439 (2016) Kat:3, Licht: 0","97439","3","3","5","08","07","3","","0","1","0","0","0"
"POINT (10.049590546999999 53.646727130000002)","Unfall 97440 (2016) Kat:3, Licht: 0","97440","3","6","1","08","14","5","","0","0","1","0","0"
"POINT (9.998931017000000 53.621034059999999)","Unfall 97441 (2016) Kat:3, Licht: 0","97441","3","6","3","08","06","5","","0","1","0","0","0"
"POINT (9.911396307000000 53.481855480000000)","Unfall 97442 (2016) Kat:3, Licht: 0","97442","3","6","2","08","11","2","","0","0","1","0","0"
"POINT (9.980071542999999 53.613472051999999)","Unfall 97443 (2016) Kat:3, Licht: 0","97443","3","3","5","08","16","7","","0","0","1","1","0"
"POINT (9.981893038999999 53.461472792000002)","Unfall 97444 (2016) Kat:3, Licht: 0","97444","3","6","2","08","13","2","","0","0","1","0","0"
"POINT (9.962240877999999 53.561641932000001)","Unfall 97445 (2016) Kat:3, Licht: 0","97445","3","5","1","09","18","7","","0","0","1","0","0"
"POINT (10.019619154000001 53.640241701000001)","Unfall 97446 (2016) Kat:3, Licht: 0","97446","3","6","2","08","16","5","","0","0","1","0","0"
"POINT (9.970402844000001 53.583338265000002)","Unfall 97447 (2016) Kat:3, Licht: 0","97447","3","7","0","08","11","7","","0","0","1","0","0"
"POINT (10.033964943999999 53.579905779999997)","Unfall 97448 (2016) Kat:3, Licht: 0","97448","3","3","5","08","19","1","","0","0","1","0","1"
"POINT (10.016205254999999 53.634783929999998)","Unfall 97449 (2016) Kat:3, Licht: 0","97449","3","6","2","08","13","1","","0","0","1","0","0"
"POINT (10.036846639000000 53.611864830999998)","Unfall 97450 (2016) Kat:3, Licht: 0","97450","3","2","2","08","15","6","","0","0","1","0","0"
"POINT (9.999620330000001 53.591932624000002)","Unfall 97451 (2016) Kat:3, Licht: 2","97451","3","5","1","09","22","7","","2","1","1","0","0"
"POINT (10.035154295000000 53.575208897000003)","Unfall 97452 (2016) Kat:3, Licht: 0","97452","3","3","6","08","18","5","","0","1","0","1","0"
"POINT (9.975683404000000 53.574674850000001)","Unfall 97453 (2016) Kat:3, Licht: 0","97453","3","5","1","08","12","7","","0","1","1","0","0"
"POINT (10.163324206000000 53.646662745999997)","Unfall 97454 (2016) Kat:3, Licht: 0","97454","3","5","1","08","18","6","","0","0","1","0","0"
"POINT (10.127089192000000 53.482616102000001)","Unfall 97455 (2016) Kat:3, Licht: 0","97455","3","1","9","08","10","7","","0","0","1","0","0"
"POINT (9.957693975000000 53.569998239999997)","Unfall 97456 (2016) Kat:3, Licht: 0","97456","3","2","2","08","11","1","","0","0","1","0","0"
"POINT (10.052523194000001 53.603706121999998)","Unfall 97457 (2016) Kat:3, Licht: 0","97457","3","3","5","08","07","3","","0","1","0","0","0"
"POINT (10.078805961000000 53.588336965000003)","Unfall 97458 (2016) Kat:3, Licht: 0","97458","3","5","1","08","18","3","","0","1","1","0","0"
"POINT (10.013623060000000 53.561335090000000)","Unfall 97459 (2016) Kat:3, Licht: 0","97459","3","3","6","09","08","5","","0","1","0","1","0"
"POINT (10.025276324000000 53.604990629000000)","Unfall 97460 (2016) Kat:3, Licht: 0","97460","3","6","8","08","17","4","","0","0","1","0","0"
"POINT (10.104505049000000 53.538917353999999)","Unfall 97461 (2016) Kat:3, Licht: 0","97461","3","2","5","08","15","5","","0","0","1","0","0"
"POINT (10.036472653000001 53.535661953000002)","Unfall 97462 (2016) Kat:3, Licht: 0","97462","3","6","2","08","15","5","","0","0","1","0","0"
"POINT (10.066253908000000 53.598722527000000)","Unfall 97463 (2016) Kat:3, Licht: 0","97463","3","6","1","09","15","7","","0","0","1","0","0"
"POINT (10.105870427999999 53.709641513000001)","Unfall 97464 (2016) Kat:3, Licht: 0","97464","3","6","4","08","15","3","","0","1","0","0","0"
"POINT (10.025828237000001 53.669632894000003)","Unfall 97465 (2016) Kat:2, Licht: 0","97465","2","2","6","08","18","3","","0","0","1","1","0"
"POINT (10.115309965000000 53.636257636000003)","Unfall 97466 (2016) Kat:3, Licht: 1","97466","3","7","0","08","19","5","","1","1","0","0","0"
"POINT (10.026782916000000 53.570135289000000)","Unfall 97467 (2016) Kat:3, Licht: 0","97467","3","2","3","08","18","5","","0","1","1","0","0"
"POINT (10.022727415000000 53.519235893999998)","Unfall 97468 (2016) Kat:3, Licht: 0","97468","3","3","0","08","18","2","","0","0","1","0","0"
"POINT (10.002157423000000 53.557339110999997)","Unfall 97469 (2016) Kat:2, Licht: 2","97469","2","4","6","08","22","7","","2","0","1","1","0"
"POINT (10.201835238999999 53.488923479999997)","Unfall 97470 (2016) Kat:3, Licht: 0","97470","3","2","6","08","12","2","","0","0","1","1","0"
"POINT (10.178854567000000 53.443595348000002)","Unfall 97471 (2016) Kat:3, Licht: 0","97471","3","6","1","09","08","6","","0","0","1","0","0"
"POINT (10.033661542999999 53.587837266999998)","Unfall 97472 (2016) Kat:3, Licht: 0","97472","3","2","3","08","11","6","","0","1","1","0","0"
"POINT (9.948933906000001 53.558598031000002)","Unfall 97473 (2016) Kat:3, Licht: 0","97473","3","3","5","08","07","1","","0","1","1","0","0"
"POINT (10.027369115999999 53.606229102000000)","Unfall 97474 (2016) Kat:3, Licht: 0","97474","3","6","1","08","18","1","","0","0","1","0","0"
"POINT (9.994408477000000 53.601826522000003)","Unfall 97475 (2016) Kat:3, Licht: 2","97475","3","6","2","08","21","6","","2","0","1","0","0"
"POINT (10.111119283000001 53.531034179999999)","Unfall 97476 (2016) Kat:3, Licht: 0","97476","3","3","5","08","12","7","","0","0","1","0","0"
"POINT (10.002772803999999 53.556855765000002)","Unfall 97477 (2016) Kat:3, Licht: 0","97477","3","6","3","08","08","4","","0","1","0","0","0"
"POINT (10.077123866999999 53.653491445999997)","Unfall 97478 (2016) Kat:3, Licht: 0","97478","3","7","0","08","12","3","","0","0","0","0","0"
"POINT (10.098030187000001 53.623167467000002)","Unfall 97479 (2016) Kat:2, Licht: 0","97479","2","2","4","08","08","3","","0","1","1","0","0"
"POINT (10.036839404000000 53.611888182000001)","Unfall 97480 (2016) Kat:3, Licht: 0","97480","3","2","5","08","15","4","","0","0","1","0","1"
"POINT (10.006138697000001 53.585849830999997)","Unfall 97481 (2016) Kat:3, Licht: 0","97481","3","2","5","08","08","4","","0","1","1","0","0"
"POINT (10.053340199999999 53.557362054999999)","Unfall 97482 (2016) Kat:3, Licht: 0","97482","3","7","0","08","18","5","","0","1","0","0","0"
"POINT (9.926256864000001 53.598804506999997)","Unfall 97483 (2016) Kat:3, Licht: 0","97483","3","2","4","08","18","4","","0","1","1","0","0"
"POINT (10.057596996999999 53.554035196999997)","Unfall 97484 (2016) Kat:3, Licht: 0","97484","3","2","4","08","17","7","","0","1","1","0","0"
"POINT (9.923149434999999 53.520289753000000)","Unfall 97485 (2016) Kat:3, Licht: 0","97485","3","6","3","08","08","4","","0","0","1","0","0"
"POINT (9.961122035000001 53.551347147000001)","Unfall 97486 (2016) Kat:3, Licht: 2","97486","3","4","0","08","01","1","","2","0","1","1","0"
"POINT (10.013043498000000 53.643648763999998)","Unfall 97487 (2016) Kat:2, Licht: 2","97487","2","3","5","08","23","3","","2","0","1","0","0"
"POINT (10.032113284999999 53.588101684999998)","Unfall 97488 (2016) Kat:3, Licht: 1","97488","3","2","4","08","21","3","","1","1","1","0","0"
"POINT (10.060927145000001 53.529041634999999)","Unfall 97489 (2016) Kat:3, Licht: 0","97489","3","6","2","08","18","4","","0","1","0","0","0"
"POINT (9.930041787000000 53.584637731000001)","Unfall 97490 (2016) Kat:3, Licht: 0","97490","3","3","5","08","14","4","","0","0","0","0","1"
"POINT (10.129329451000000 53.658396097000001)","Unfall 97491 (2016) Kat:2, Licht: 0","97491","2","5","1","08","15","5","","0","0","1","0","0"
"POINT (10.016979113000000 53.674768006000001)","Unfall 97492 (2016) Kat:3, Licht: 0","97492","3","3","5","08","14","5","","0","1","1","0","0"
"POINT (9.933695814000000 53.592622659000000)","Unfall 97493 (2016) Kat:3, Licht: 0","97493","3","2","5","08","08","4","","0","0","1","0","1"
"POINT (10.096987546999999 53.651104496000002)","Unfall 97494 (2016) Kat:3, Licht: 0","97494","3","5","0","08","14","5","","0","1","1","0","0"
"POINT (9.932621160000000 53.597019218000000)","Unfall 97495 (2016) Kat:3, Licht: 1","97495","3","7","2","08","20","5","","1","0","1","0","1"
"POINT (10.018337517999999 53.554828985999997)","Unfall 97496 (2016) Kat:3, Licht: 2","97496","3","7","6","08","20","7","","2","0","1","1","0"
"POINT (10.109648408000000 53.537817453000002)","Unfall 97497 (2016) Kat:3, Licht: 0","97497","3","4","0","08","06","2","","0","1","0","1","0"
"POINT (10.064717569999999 53.586484970000001)","Unfall 97498 (2016) Kat:3, Licht: 0","97498","3","2","3","09","08","6","","0","1","1","0","0"
"POINT (9.947154941000001 53.551152049000002)","Unfall 97499 (2016) Kat:3, Licht: 0","97499","3","3","5","08","08","6","","0","1","1","0","0"
"POINT (10.083694031000000 53.538847822000001)","Unfall 97500 (2016) Kat:3, Licht: 0","97500","3","3","5","08","06","7","","0","0","1","0","0"
"POINT (10.214211784000000 53.513526957000003)","Unfall 97501 (2016) Kat:3, Licht: 0","97501","3","6","2","09","18","5","","0","0","1","0","0"
"POINT (9.924130636999999 53.595069592999998)","Unfall 97502 (2016) Kat:3, Licht: 0","97502","3","3","5","08","16","1","","0","0","1","0","0"
"POINT (10.133288440999999 53.584500016000000)","Unfall 97503 (2016) Kat:3, Licht: 0","97503","3","3","5","08","08","7","","0","0","1","0","0"
"POINT (9.854725235000000 53.468453945000000)","Unfall 97504 (2016) Kat:3, Licht: 0","97504","3","7","5","08","14","3","","0","0","0","1","0"
"POINT (10.015631580999999 53.590728894999998)","Unfall 97505 (2016) Kat:3, Licht: 0","97505","3","4","6","08","15","3","","0","0","1","1","0"
"POINT (10.006023967000001 53.599438755000001)","Unfall 97506 (2016) Kat:3, Licht: 0","97506","3","6","2","08","09","3","","0","0","1","0","0"
"POINT (9.911634739000000 53.602855419000001)","Unfall 97507 (2016) Kat:3, Licht: 0","97507","3","2","5","08","08","4","","0","1","1","0","0"
"POINT (10.069787048000000 53.559831695000000)","Unfall 97508 (2016) Kat:3, Licht: 0","97508","3","1","0","08","17","2","","0","0","0","0","1"
"POINT (10.020876038999999 53.566324266999999)","Unfall 97509 (2016) Kat:2, Licht: 0","97509","2","7","0","08","12","4","","0","1","0","0","0"
"POINT (10.014020657000000 53.638584193000000)","Unfall 97510 (2016) Kat:3, Licht: 0","97510","3","3","5","08","14","5","","0","0","1","0","1"
"POINT (9.930946256000000 53.589519873000000)","Unfall 97511 (2016) Kat:3, Licht: 0","97511","3","6","2","08","16","5","","0","0","1","0","0"
"POINT (10.010474304000001 53.552298247000003)","Unfall 97512 (2016) Kat:3, Licht: 2","97512","3","4","6","08","02","7","","2","0","1","1","0"
"POINT (10.072832798000000 53.552080914999998)","Unfall 97513 (2016) Kat:3, Licht: 0","97513","3","7","1","08","07","2","","0","0","1","0","0"
"POINT (9.800204333000000 53.521393480000000)","Unfall 97514 (2016) Kat:3, Licht: 0","97514","3","7","0","08","18","7","","0","1","1","0","0"
"POINT (9.978026860000000 53.601529476000003)","Unfall 97515 (2016) Kat:3, Licht: 0","97515","3","6","1","09","12","6","","0","0","1","0","0"
"POINT (10.098034100000000 53.593385832999999)","Unfall 97516 (2016) Kat:2, Licht: 0","97516","2","3","5","08","13","7","","0","1","1","0","0"
"POINT (10.045891120000000 53.564025125000001)","Unfall 97517 (2016) Kat:3, Licht: 1","97517","3","2","6","08","04","5","","1","0","1","1","0"
"POINT (10.042379340000000 53.537818676000001)","Unfall 97518 (2016) Kat:3, Licht: 2","97518","3","6","6","08","23","2","","2","0","0","1","1"
"POINT (10.010197002000000 53.498738985999999)","Unfall 97519 (2016) Kat:3, Licht: 0","97519","3","3","5","08","11","7","","0","1","1","0","0"
"POINT (9.994111930000001 53.601760227000000)","Unfall 97520 (2016) Kat:2, Licht: 0","97520","2","3","5","09","09","6","","0","1","1","0","0"
"POINT (9.964301605999999 53.549744893000003)","Unfall 97521 (2016) Kat:3, Licht: 0","97521","3","7","1","08","16","6","","0","0","0","0","1"
"POINT (10.111412981000001 53.597357946000002)","Unfall 97522 (2016) Kat:3, Licht: 0","97522","3","1","8","08","05","7","","0","0","1","0","0"
"POINT (9.997741782000000 53.589904073000000)","Unfall 97523 (2016) Kat:3, Licht: 0","97523","3","6","2","09","20","5","","0","1","0","0","0"
"POINT (10.210205915000000 53.499394545000001)","Unfall 97524 (2016) Kat:3, Licht: 0","97524","3","3","5","08","18","7","","0","1","1","0","0"
"POINT (10.014811667000000 53.631633414000000)","Unfall 97525 (2016) Kat:3, Licht: 0","97525","3","6","2","08","18","5","","0","0","1","0","0"
"POINT (10.059969161000000 53.596649427999999)","Unfall 97526 (2016) Kat:3, Licht: 0","97526","3","7","6","08","13","7","","0","0","1","1","0"
"POINT (10.024713502999999 53.580834801999998)","Unfall 97527 (2016) Kat:3, Licht: 2","97527","3","1","8","08","00","3","","2","0","1","0","1"
"POINT (10.046464399000000 53.586451402000002)","Unfall 97528 (2016) Kat:3, Licht: 0","97528","3","2","3","08","15","3","","0","1","1","0","0"
"POINT (10.033257046999999 53.587265932999998)","Unfall 97529 (2016) Kat:3, Licht: 0","97529","3","2","4","08","15","3","","0","0","1","0","0"
"POINT (10.026667530999999 53.580586732000000)","Unfall 97530 (2016) Kat:2, Licht: 0","97530","2","3","0","08","08","5","","0","1","1","0","0"
"POINT (9.883644039000000 53.557451084999997)","Unfall 97531 (2016) Kat:3, Licht: 0","97531","3","3","5","08","10","4","","0","0","1","0","1"
"POINT (9.991753089000000 53.503242274999998)","Unfall 97532 (2016) Kat:3, Licht: 0","97532","3","3","5","08","16","2","","0","1","0","0","0"
"POINT (10.041419165000001 53.551356407000000)","Unfall 97533 (2016) Kat:3, Licht: 0","97533","3","2","5","08","13","2","","0","1","1","0","0"
"POINT (10.084141491000000 53.607909601999999)","Unfall 97534 (2016) Kat:3, Licht: 0","97534","3","6","2","09","12","7","","0","0","1","0","0"
"POINT (10.045460775000000 53.589393706999999)","Unfall 97535 (2016) Kat:3, Licht: 0","97535","3","2","3","08","13","5","","0","0","1","0","0"
"POINT (9.938504526999999 53.553180214999998)","Unfall 97536 (2016) Kat:3, Licht: 0","97536","3","2","6","08","13","5","","0","0","1","1","0"
"POINT (9.787334329000000 53.506584799999999)","Unfall 97537 (2016) Kat:3, Licht: 0","97537","3","7","8","08","12","6","","0","0","1","0","0"
"POINT (9.976392068999999 53.546167126000000)","Unfall 97538 (2016) Kat:3, Licht: 0","97538","3","7","0","09","17","6","","0","1","1","0","0"
"POINT (9.980339795000001 53.555205628000003)","Unfall 97539 (2016) Kat:3, Licht: 0","97539","3","2","4","08","19","6","","0","1","1","0","0"
"POINT (10.016133901000000 53.582363418000000)","Unfall 97540 (2016) Kat:3, Licht: 0","97540","3","5","0","08","14","7","","0","1","1","0","0"
"POINT (10.069401460000000 53.611153047999998)","Unfall 97541 (2016) Kat:3, Licht: 0","97541","3","3","5","08","13","7","","0","1","1","0","0"
"POINT (9.889922025000001 53.601609236000002)","Unfall 97542 (2016) Kat:3, Licht: 0","97542","3","3","5","08","09","3","","0","1","1","0","0"
"POINT (9.939711508000000 53.549833663000001)","Unfall 97543 (2016) Kat:3, Licht: 0","97543","3","7","0","09","13","5","","0","0","1","1","0"
"POINT (9.966370136000000 53.596131517000003)","Unfall 97544 (2016) Kat:3, Licht: 0","97544","3","3","5","08","12","4","","0","1","1","0","0"
"POINT (10.015903893000001 53.589151932999997)","Unfall 97545 (2016) Kat:3, Licht: 0","97545","3","7","6","08","06","5","","0","1","0","1","0"
"POINT (10.016818428000001 53.565513142000000)","Unfall 97546 (2016) Kat:3, Licht: 1","97546","3","6","2","08","19","5","","1","0","1","0","1"
"POINT (10.100923484999999 53.540612209999999)","Unfall 97547 (2016) Kat:3, Licht: 0","97547","3","6","2","09","15","7","","0","0","1","0","0"
"POINT (9.916841261000000 53.582158477000000)","Unfall 97548 (2016) Kat:3, Licht: 0","97548","3","3","5","08","11","3","","0","0","1","0","0"
"POINT (9.999419133000000 53.606699771999999)","Unfall 97549 (2016) Kat:3, Licht: 0","97549","3","3","5","08","11","3","","0","1","1","0","0"
"POINT (9.878501317000000 53.586206949000001)","Unfall 97550 (2016) Kat:3, Licht: 0","97550","3","6","2","08","09","5","","0","0","1","0","0"
"POINT (10.044738585999999 53.571380134000002)","Unfall 97551 (2016) Kat:3, Licht: 2","97551","3","7","4","08","04","7","","2","0","1","0","0"
"POINT (10.037717596000000 53.564577935000003)","Unfall 97552 (2016) Kat:2, Licht: 2","97552","2","6","6","09","04","5","","2","0","1","1","0"
"POINT (9.983756931000000 53.594409964000000)","Unfall 97553 (2016) Kat:2, Licht: 0","97553","2","3","5","08","08","4","","0","1","1","0","0"
"POINT (10.042117067000000 53.579332608000001)","Unfall 97554 (2016) Kat:2, Licht: 0","97554","2","7","0","08","19","5","","0","0","1","0","0"
"POINT (10.052033006000000 53.593193950000000)","Unfall 97555 (2016) Kat:3, Licht: 2","97555","3","6","2","08","23","7","","2","0","1","0","0"
"POINT (9.963139976000001 53.557486824999998)","Unfall 97556 (2016) Kat:3, Licht: 0","97556","3","3","5","08","18","3","","0","1","0","0","0"
"POINT (9.949767047000000 53.622359226000000)","Unfall 97557 (2016) Kat:3, Licht: 0","97557","3","7","6","08","09","3","","0","0","1","1","0"
"POINT (9.998708762000000 53.594859956999997)","Unfall 97558 (2016) Kat:2, Licht: 0","97558","2","3","0","08","10","3","","0","0","0","0","0"
"POINT (9.983924541000000 53.588296507999999)","Unfall 97559 (2016) Kat:3, Licht: 0","97559","3","5","1","08","12","5","","0","1","1","0","0"
"POINT (10.069974784999999 53.526555459000001)","Unfall 97560 (2016) Kat:3, Licht: 2","97560","3","1","8","08","21","2","","2","0","1","0","0"
"POINT (10.102421698000001 53.589727205000003)","Unfall 97561 (2016) Kat:3, Licht: 0","97561","3","3","5","08","13","2","","0","0","1","0","0"
"POINT (9.921139617000000 53.634809326999999)","Unfall 97562 (2016) Kat:3, Licht: 0","97562","3","3","5","09","08","7","","0","1","0","0","0"
"POINT (9.938979872000001 53.553516031000001)","Unfall 97563 (2016) Kat:3, Licht: 0","97563","3","5","0","08","11","5","","0","0","1","0","1"
"POINT (9.987999342000000 53.448944378999997)","Unfall 97564 (2016) Kat:3, Licht: 0","97564","3","3","5","08","18","6","","0","0","1","0","0"
"POINT (10.069762776999999 53.526374744999998)","Unfall 97565 (2016) Kat:3, Licht: 2","97565","3","2","4","08","23","7","","2","0","1","0","0"
"POINT (10.004520767000001 53.554266853999998)","Unfall 97566 (2016) Kat:3, Licht: 0","97566","3","2","2","08","18","6","","0","0","1","0","0"
"POINT (9.934262521000001 53.583171065999998)","Unfall 97567 (2016) Kat:3, Licht: 2","97567","3","3","5","08","01","7","","2","0","1","0","0"
"POINT (9.830270806000000 53.471408429999997)","Unfall 97568 (2016) Kat:3, Licht: 0","97568","3","3","5","08","11","3","","0","1","1","0","0"
"POINT (9.932153559000000 53.566252464000002)","Unfall 97569 (2016) Kat:3, Licht: 0","97569","3","3","5","08","14","7","","0","1","1","0","0"
"POINT (9.983221093999999 53.553379126999999)","Unfall 97570 (2016) Kat:3, Licht: 0","97570","3","2","4","08","08","3","","0","1","0","0","0"
"POINT (9.942900862000000 53.575287631999998)","Unfall 97571 (2016) Kat:3, Licht: 0","97571","3","7","6","08","18","3","","0","0","1","1","0"
"POINT (10.202078879000000 53.490093274000003)","Unfall 97572 (2016) Kat:2, Licht: 0","97572","2","3","5","08","15","4","","0","1","1","0","0"
"POINT (9.917420067000000 53.548517506000003)","Unfall 97573 (2016) Kat:3, Licht: 0","97573","3","2","2","08","16","4","","0","0","1","0","1"
"POINT (10.054551246000001 53.572092394000002)","Unfall 97574 (2016) Kat:3, Licht: 0","97574","3","6","1","08","15","5","","0","1","1","0","0"
"POINT (9.929565423000000 53.591859999999997)","Unfall 97575 (2016) Kat:3, Licht: 2","97575","3","4","6","08","21","5","","2","0","0","1","1"
"POINT (9.796752728000000 53.580065040000001)","Unfall 97576 (2016) Kat:3, Licht: 0","97576","3","3","1","08","18","4","","0","1","1","0","0"
"POINT (10.008422246000000 53.552089889999998)","Unfall 97577 (2016) Kat:2, Licht: 0","97577","2","3","5","08","18","3","","0","1","0","0","0"
"POINT (10.015235056000000 53.562848651000003)","Unfall 97578 (2016) Kat:3, Licht: 0","97578","3","6","2","08","14","3","","0","0","1","0","0"
"POINT (9.962383679000000 53.561483711000001)","Unfall 97579 (2016) Kat:3, Licht: 0","97579","3","6","2","08","18","5","","0","0","1","0","0"
"POINT (9.988440712999999 53.569163080000003)","Unfall 97580 (2016) Kat:3, Licht: 0","97580","3","2","3","08","08","5","","0","0","1","0","1"
"POINT (10.115441772000000 53.548525208999997)","Unfall 97581 (2016) Kat:3, Licht: 0","97581","3","3","5","08","17","2","","0","1","0","0","0"
"POINT (9.997790739999999 53.498115343999999)","Unfall 97582 (2016) Kat:2, Licht: 0","97582","2","6","3","08","18","6","","0","0","1","0","1"
"POINT (10.074656043999999 53.574799495000001)","Unfall 97583 (2016) Kat:3, Licht: 0","97583","3","6","2","08","12","2","","0","0","0","0","0"
"POINT (10.035614829000000 53.551104015999996)","Unfall 97584 (2016) Kat:3, Licht: 0","97584","3","7","2","09","14","6","","0","0","1","0","0"
"POINT (10.004920360000000 53.556648553000002)","Unfall 97585 (2016) Kat:3, Licht: 2","97585","3","7","6","08","20","6","","2","0","1","1","0"
"POINT (9.955355851000000 53.551693718000003)","Unfall 97586 (2016) Kat:3, Licht: 0","97586","3","2","3","08","12","7","","0","1","1","0","0"
"POINT (9.982590609000001 53.568226686000003)","Unfall 97587 (2016) Kat:3, Licht: 0","97587","3","4","6","08","16","5","","0","0","1","1","0"
"POINT (10.081586786000001 53.552657736000000)","Unfall 97588 (2016) Kat:3, Licht: 0","97588","3","6","3","08","10","2","","0","1","1","0","0"
"POINT (10.197329396000001 53.510867634000000)","Unfall 97589 (2016) Kat:3, Licht: 2","97589","3","3","5","08","20","6","","2","0","1","0","1"
"POINT (10.062006354999999 53.580931741000001)","Unfall 97590 (2016) Kat:3, Licht: 0","97590","3","7","6","08","07","2","","0","1","0","1","0"
"POINT (9.959910674000000 53.549468445000002)","Unfall 97591 (2016) Kat:3, Licht: 2","97591","3","6","2","09","03","7","","2","0","1","0","0"
"POINT (10.099052434000001 53.538156901999997)","Unfall 97592 (2016) Kat:2, Licht: 0","97592","2","6","3","08","17","6","","0","0","1","0","1"
"POINT (9.990883381000000 53.560351171999997)","Unfall 97593 (2016) Kat:3, Licht: 2","97593","3","2","6","08","01","7","","2","0","1","1","0"
"POINT (10.102161332000000 53.540008612999998)","Unfall 97594 (2016) Kat:3, Licht: 0","97594","3","6","3","08","16","7","","0","0","1","0","1"
"POINT (10.013310762000000 53.554038607000003)","Unfall 97595 (2016) Kat:3, Licht: 0","97595","3","2","5","08","10","6","","0","1","1","0","0"
"POINT (9.947164358000000 53.551338125999997)","Unfall 97596 (2016) Kat:3, Licht: 0","97596","3","6","3","08","14","7","","0","0","1","0","1"
"POINT (9.935185924000001 53.458261559000000)","Unfall 97597 (2016) Kat:2, Licht: 0","97597","2","2","5","08","09","3","","0","0","1","0","1"
"POINT (9.896393606000000 53.505043653999998)","Unfall 97598 (2016) Kat:3, Licht: 0","97598","3","7","8","08","17","2","","0","0","0","0","1"
"POINT (9.947887337999999 53.558237769999998)","Unfall 97599 (2016) Kat:2, Licht: 0","97599","2","2","5","08","14","3","","0","1","1","0","0"
"POINT (10.145223000000000 53.610345264999999)","Unfall 97600 (2016) Kat:3, Licht: 0","97600","3","6","0","08","10","4","","0","1","0","0","0"
"POINT (9.930053352000000 53.556646974000003)","Unfall 97601 (2016) Kat:3, Licht: 0","97601","3","6","3","08","16","4","","0","1","1","0","0"
"POINT (9.845886625000000 53.571048769999997)","Unfall 97602 (2016) Kat:3, Licht: 0","97602","3","3","5","08","12","5","","0","1","1","0","0"
"POINT (9.932204268000000 53.547916897999997)","Unfall 97603 (2016) Kat:3, Licht: 0","97603","3","6","2","08","08","4","","0","1","1","0","0"
"POINT (9.994924610000000 53.551076954999999)","Unfall 97604 (2016) Kat:3, Licht: 0","97604","3","2","6","08","11","5","","0","0","0","1","0"
"POINT (9.967479260999999 53.545785699000000)","Unfall 97605 (2016) Kat:3, Licht: 0","97605","3","5","1","08","17","5","","0","1","1","0","0"
"POINT (10.145480767000000 53.587904891000001)","Unfall 97606 (2016) Kat:3, Licht: 0","97606","3","5","1","08","12","6","","0","0","1","0","0"