WKT,Name,OBJECTID,UKATEGORIE,UTYP1,UART,UMONAT,USTUNDE,UWOCHENTAG,STRZUSTAND,ULICHTVERH,ISTRAD,ISTPKW,ISTFUSS,ISTKRAD
"POINT (10.070492104000000 53.572891540999997)","Unfall 97607 (2016) Kat:3, Licht: 1","97607","3","6","1","08","05","2","","1","0","1","0","0"
"POINT (10.147272434000000 53.667467508000001)","Unfall 97608 (2016) Kat:3, Licht: 0","97608","3","7","1","09","08","6","","0","0","1","0","0"
"POINT (10.008517244000000 53.550460444000002)","Unfall 97609 (2016) Kat:3, Licht: 0","97609","3","3","5","08","12","6","","0","1","1","0","0"
"POINT (10.015517077000000 53.555007836999998)","Unfall 97610 (2016) Kat:2, Licht: 0","97610","2","3","6","08","16","7","","0","1","0","1","0"
"POINT (10.124209287999999 53.588308623000003)","Unfall 97611 (2016) Kat:3, Licht: 0","97611","3","6","2","09","16","5","","0","0","1","0","0"
"POINT (10.083604705000001 53.538823891000000)","Unfall 97612 (2016) Kat:3, Licht: 0","97612","3","3","5","08","05","7","","0","0","1","0","0"
"POINT (9.969221321999999 53.557335358000003)","Unfall 97613 (2016) Kat:3, Licht: 1","97613","3","6","3","08","21","7","","1","1","1","0","0"
"POINT (10.051875424000000 53.561093227999997)","Unfall 97614 (2016) Kat:3, Licht: 0","97614","3","1","0","08","09","2","","0","0","0","0","1"
"POINT (9.980774438999999 53.570946456000001)","Unfall 97615 (2016) Kat:3, Licht: 0","97615","3","7","1","08","10","3","","0","1","1","0","0"
"POINT (9.981561991000000 53.566551386999997)","Unfall 97616 (2016) Kat:3, Licht: 0","97616","3","6","3","08","16","4","","0","1","1","0","0"
"POINT (9.896693575000001 53.515480900000000)","Unfall 97617 (2016) Kat:3, Licht: 0","97617","3","3","5","09","12","5","","0","0","1","0","0"
"POINT (10.025393854000001 53.530921380999999)","Unfall 97618 (2016) Kat:3, Licht: 0","97618","3","6","2","08","14","7","","0","0","1","0","0"
"POINT (9.978946146000000 53.561228876000001)","Unfall 97619 (2016) Kat:3, Licht: 0","97619","3","3","5","08","15","7","","0","1","1","0","0"
"POINT (9.987048257000000 53.455593530000002)","Unfall 97620 (2016) Kat:3, Licht: 0","97620","3","7","0","08","16","3","","0","1","0","0","0"
"POINT (10.018896440000001 53.633145902000003)","Unfall 97621 (2016) Kat:3, Licht: 0","97621","3","6","2","08","19","2","","0","0","1","0","0"
"POINT (10.015893373000001 53.555240294000001)","Unfall 97622 (2016) Kat:2, Licht: 0","97622","2","7","5","08","20","3","","0","0","1","0","1"
"POINT (10.101213592000001 53.655878289000000)","Unfall 97623 (2016) Kat:3, Licht: 0","97623","3","7","6","08","15","4","","0","1","0","1","0"
"POINT (9.993613967000000 53.558449897999999)","Unfall 97624 (2016) Kat:3, Licht: 0","97624","3","3","3","08","07","4","","0","1","1","0","0"
"POINT (10.066104611000000 53.597819862999998)","Unfall 97625 (2016) Kat:3, Licht: 0","97625","3","2","4","08","12","2","","0","0","1","0","1"
"POINT (10.004358159000001 53.556929480999997)","Unfall 97626 (2016) Kat:3, Licht: 0","97626","3","5","1","08","06","5","","0","1","1","0","0"
"POINT (9.850381394999999 53.470502846999999)","Unfall 97627 (2016) Kat:3, Licht: 0","97627","3","2","4","08","09","4","","0","1","1","0","0"
"POINT (10.070313526000000 53.573129190000003)","Unfall 97628 (2016) Kat:3, Licht: 0","97628","3","6","3","08","19","6","","0","0","1","0","0"
"POINT (10.097843367999999 53.579135065999999)","Unfall 97629 (2016) Kat:3, Licht: 0","97629","3","3","4","08","14","7","","0","1","1","0","0"
"POINT (9.904924839000000 53.590601868999997)","Unfall 97630 (2016) Kat:3, Licht: 0","97630","3","3","5","09","07","6","","0","1","1","0","0"
"POINT (9.917903215000001 53.506826234999998)","Unfall 97631 (2016) Kat:3, Licht: 2","97631","3","2","0","08","22","6","","2","0","1","0","0"
"POINT (10.029323386000000 53.560373333000001)","Unfall 97632 (2016) Kat:3, Licht: 0","97632","3","6","2","09","16","5","","0","0","1","0","0"
"POINT (9.993762997999999 53.552496445999999)","Unfall 97633 (2016) Kat:3, Licht: 0","97633","3","3","5","08","08","4","","0","1","1","0","0"
"POINT (9.946073796000000 53.620554228000003)","Unfall 97634 (2016) Kat:3, Licht: 0","97634","3","7","6","08","10","5","","0","0","1","1","0"
"POINT (9.777997931000000 53.531696302999997)","Unfall 97635 (2016) Kat:3, Licht: 0","97635","3","6","4","08","14","6","","0","0","1","0","0"
"POINT (9.890726677000000 53.602336338000001)","Unfall 97636 (2016) Kat:2, Licht: 0","97636","2","4","6","08","13","2","","0","0","1","1","0"
"POINT (10.007750828000001 53.554974153000003)","Unfall 97637 (2016) Kat:3, Licht: 0","97637","3","2","6","08","07","3","","0","0","0","1","1"
"POINT (10.044012451000000 53.594545042999997)","Unfall 97638 (2016) Kat:2, Licht: 0","97638","2","3","5","08","09","3","","0","0","1","0","1"
"POINT (9.878736436000001 53.535402982999997)","Unfall 97639 (2016) Kat:3, Licht: 0","97639","3","7","1","08","10","4","","0","1","0","0","0"
"POINT (10.016109465000000 53.549160602999997)","Unfall 97640 (2016) Kat:3, Licht: 1","97640","3","4","6","08","17","2","","1","0","1","1","0"
"POINT (10.080069553000000 53.613980151000000)","Unfall 97641 (2016) Kat:3, Licht: 0","97641","3","7","0","08","09","2","","0","1","0","0","0"
"POINT (10.017914166000001 53.650442861000002)","Unfall 97642 (2016) Kat:3, Licht: 0","97642","3","7","0","09","11","7","","0","0","0","0","1"
"POINT (9.999699371000000 53.430704102000000)","Unfall 97643 (2016) Kat:3, Licht: 0","97643","3","3","5","08","09","4","","0","1","1","0","0"
"POINT (10.099602882999999 53.667961912000003)","Unfall 97644 (2016) Kat:2, Licht: 0","97644","2","7","6","08","18","6","","0","0","1","1","0"
"POINT (10.102801486000001 53.653591212999999)","Unfall 97645 (2016) Kat:2, Licht: 0","97645","2","7","0","08","15","2","","0","1","0","0","0"
"POINT (10.015559403999999 53.518485951000002)","Unfall 97646 (2016) Kat:3, Licht: 0","97646","3","2","4","08","17","4","","0","0","1","0","0"
"POINT (9.972086375000000 53.451834480000002)","Unfall 97647 (2016) Kat:2, Licht: 1","97647","2","2","5","08","05","4","","1","1","1","0","0"
"POINT (10.012527235000000 53.646199166000002)","Unfall 97648 (2016) Kat:2, Licht: 0","97648","2","2","5","08","17","6","","0","0","1","0","1"
"POINT (10.059729458000000 53.572651530000002)","Unfall 97649 (2016) Kat:3, Licht: 0","97649","3","2","4","08","12","7","","0","1","1","0","0"
"POINT (9.987480449000000 53.581386651999999)","Unfall 97650 (2016) Kat:3, Licht: 0","97650","3","5","0","09","12","6","","0","1","1","0","0"
"POINT (9.988104776000000 53.450121697000000)","Unfall 97651 (2016) Kat:3, Licht: 0","97651","3","7","0","08","15","6","","0","1","0","0","0"
"POINT (9.909022722000000 53.500997841000000)","Unfall 97652 (2016) Kat:2, Licht: 0","97652","2","1","9","08","13","6","","0","0","1","0","0"
"POINT (9.904420105000000 53.589268709000002)","Unfall 97653 (2016) Kat:3, Licht: 0","97653","3","3","5","09","16","5","","0","1","1","0","0"
"POINT (9.978241567000000 53.462907602000001)","Unfall 97654 (2016) Kat:3, Licht: 0","97654","3","3","2","08","13","3","","0","0","1","0","0"
"POINT (9.961672562000000 53.549526600000000)","Unfall 97655 (2016) Kat:3, Licht: 2","97655","3","4","6","08","02","5","","2","0","1","1","0"
"POINT (9.991669419999999 53.514607271999999)","Unfall 97656 (2016) Kat:3, Licht: 0","97656","3","3","5","08","16","6","","0","1","0","0","0"
"POINT (9.994089669999999 53.465261525999999)","Unfall 97657 (2016) Kat:3, Licht: 1","97657","3","2","3","08","21","4","","1","1","0","0","0"
"POINT (10.014458513999999 53.521230267000000)","Unfall 97658 (2016) Kat:3, Licht: 0","97658","3","6","2","09","12","7","","0","0","1","0","0"
"POINT (9.962095345000000 53.629932492000002)","Unfall 97659 (2016) Kat:3, Licht: 0","97659","3","6","2","08","16","2","","0","0","1","0","0"
"POINT (9.842741345000000 53.534282007000002)","Unfall 97660 (2016) Kat:3, Licht: 0","97660","3","3","5","08","15","2","","0","1","1","0","0"
"POINT (10.027082879000000 53.569943434000002)","Unfall 97661 (2016) Kat:2, Licht: 0","97661","2","7","0","08","08","3","","0","0","0","0","1"
"POINT (10.144998305000000 53.623934495999997)","Unfall 97662 (2016) Kat:2, Licht: 0","97662","2","3","5","08","08","4","","0","1","1","0","0"
"POINT (10.148753476000000 53.416257633000001)","Unfall 97663 (2016) Kat:2, Licht: 0","97663","2","2","4","08","15","4","","0","0","0","0","1"
"POINT (10.058049285999999 53.564251343000002)","Unfall 97664 (2016) Kat:3, Licht: 0","97664","3","5","1","08","19","2","","0","1","1","0","0"
"POINT (10.026779381000001 53.649984041000003)","Unfall 97665 (2016) Kat:3, Licht: 0","97665","3","3","0","08","14","6","","0","1","0","0","0"
"POINT (10.057842548000000 53.592733652000000)","Unfall 97666 (2016) Kat:3, Licht: 0","97666","3","6","2","08","10","2","","0","0","1","0","0"
"POINT (9.973135631000000 53.574226457000002)","Unfall 97667 (2016) Kat:3, Licht: 0","97667","3","7","5","09","11","7","","0","0","1","0","0"
"POINT (10.185303900999999 53.508457618000001)","Unfall 97668 (2016) Kat:3, Licht: 0","97668","3","3","5","08","07","4","","0","0","0","0","0"
"POINT (10.021159363000001 53.649060660000004)","Unfall 97669 (2016) Kat:3, Licht: 0","97669","3","2","4","08","13","6","","0","0","1","0","0"
"POINT (9.913943164999999 53.514728441999999)","Unfall 97670 (2016) Kat:2, Licht: 0","97670","2","3","5","08","13","6","","0","0","1","0","0"
"POINT (10.079648155999999 53.612639234000000)","Unfall 97671 (2016) Kat:3, Licht: 0","97671","3","3","5","08","16","7","","0","0","1","0","1"
"POINT (10.092619726000001 53.526257592999997)","Unfall 97672 (2016) Kat:3, Licht: 0","97672","3","2","5","08","12","5","","0","1","0","0","0"
"POINT (10.176170936000000 53.487793437999997)","Unfall 97673 (2016) Kat:3, Licht: 0","97673","3","3","5","08","14","6","","0","1","1","0","0"
"POINT (9.993034432000000 53.511967437000003)","Unfall 97674 (2016) Kat:3, Licht: 0","97674","3","6","4","08","14","3","","0","1","0","0","0"
"POINT (10.144678631000000 53.545187218999999)","Unfall 97675 (2016) Kat:3, Licht: 1","97675","3","2","4","08","19","6","","1","0","1","0","1"
"POINT (9.947810267000000 53.577626547999998)","Unfall 97676 (2016) Kat:3, Licht: 0","97676","3","2","4","08","13","2","","0","0","1","0","0"
"POINT (9.982481832000000 53.459817715000000)","Unfall 97677 (2016) Kat:3, Licht: 0","97677","3","7","6","08","10","2","","0","0","0","1","0"
"POINT (10.038889608000000 53.547648256999999)","Unfall 97678 (2016) Kat:3, Licht: 0","97678","3","6","1","08","15","4","","0","0","1","0","1"
"POINT (9.931598222000000 53.428234564999997)","Unfall 97679 (2016) Kat:3, Licht: 0","97679","3","6","2","08","08","3","","0","0","1","0","0"
"POINT (9.989466051000001 53.514851141999998)","Unfall 97680 (2016) Kat:3, Licht: 0","97680","3","3","5","08","19","4","","0","1","1","0","0"
"POINT (9.983250921000000 53.524302433999999)","Unfall 97681 (2016) Kat:3, Licht: 0","97681","3","3","5","09","10","6","","0","1","1","0","0"
"POINT (10.115506372000000 53.557050363000002)","Unfall 97682 (2016) Kat:3, Licht: 0","97682","3","6","2","08","16","5","","0","0","1","0","0"
"POINT (10.179645524000000 53.478403114000002)","Unfall 97683 (2016) Kat:3, Licht: 0","97683","3","1","0","08","14","6","","0","0","0","0","1"
"POINT (10.042367707000000 53.537756426000001)","Unfall 97684 (2016) Kat:3, Licht: 0","97684","3","6","1","08","17","6","","0","0","1","0","0"
"POINT (10.179346394000000 53.448566341000003)","Unfall 97685 (2016) Kat:1, Licht: 0","97685","1","2","5","08","15","2","","0","0","0","0","1"
"POINT (9.990268019000000 53.557970499000000)","Unfall 97686 (2016) Kat:3, Licht: 0","97686","3","7","1","09","13","5","","0","1","1","0","0"
"POINT (10.125613865000000 53.530424298000000)","Unfall 97687 (2016) Kat:3, Licht: 2","97687","3","1","9","08","23","3","","2","0","1","0","0"
"POINT (10.100513400000001 53.540015468999997)","Unfall 97688 (2016) Kat:3, Licht: 0","97688","3","6","2","08","19","4","","0","0","1","0","0"
"POINT (10.102227793000001 53.551548636000000)","Unfall 97689 (2016) Kat:3, Licht: 0","97689","3","6","2","08","09","4","","0","0","1","0","0"
"POINT (10.069501684000000 53.587682127000001)","Unfall 97690 (2016) Kat:3, Licht: 0","97690","3","5","1","09","14","7","","0","1","1","0","0"
"POINT (9.967798685000000 53.582044875000001)","Unfall 97691 (2016) Kat:3, Licht: 0","97691","3","5","1","08","12","2","","0","1","1","0","0"
"POINT (9.801675549000001 53.565433374999998)","Unfall 97692 (2016) Kat:3, Licht: 2","97692","3","3","5","08","20","3","","2","1","1","0","0"
"POINT (10.144156192000001 53.578240569000002)","Unfall 97693 (2016) Kat:2, Licht: 0","97693","2","7","6","08","08","4","","0","0","0","1","0"
"POINT (10.043796650000001 53.542524688999997)","Unfall 97694 (2016) Kat:3, Licht: 0","97694","3","3","5","08","12","4","","0","0","1","0","0"
"POINT (10.072471219000001 53.608617711999997)","Unfall 97695 (2016) Kat:3, Licht: 0","97695","3","3","5","08","10","2","","0","0","1","0","0"
"POINT (10.018094619999999 53.661422236000000)","Unfall 97696 (2016) Kat:3, Licht: 0","97696","3","7","0","08","18","6","","0","1","0","0","0"
"POINT (9.918913556000000 53.597913720000001)","Unfall 97697 (2016) Kat:3, Licht: 1","97697","3","3","5","08","19","2","","1","0","1","0","1"
"POINT (10.221272165000000 53.446392220000000)","Unfall 97698 (2016) Kat:3, Licht: 0","97698","3","6","3","09","09","6","","0","1","1","0","0"
"POINT (10.015252840000000 53.549013146999997)","Unfall 97699 (2016) Kat:3, Licht: 0","97699","3","3","5","08","08","5","","0","1","1","0","0"
"POINT (10.128202618000000 53.601626136000000)","Unfall 97700 (2016) Kat:3, Licht: 0","97700","3","7","0","08","19","6","","0","0","1","0","0"
"POINT (10.116065631000000 53.660672810999998)","Unfall 97701 (2016) Kat:3, Licht: 0","97701","3","7","0","08","10","7","","0","1","0","0","0"
"POINT (10.014650398000001 53.618370882000001)","Unfall 97702 (2016) Kat:3, Licht: 0","97702","3","2","3","08","17","5","","0","1","1","0","0"
"POINT (10.028454667000000 53.544696651000002)","Unfall 97703 (2016) Kat:2, Licht: 0","97703","2","7","4","08","06","6","","0","0","1","0","1"
"POINT (9.977219713000000 53.511527796000003)","Unfall 97704 (2016) Kat:3, Licht: 0","97704","3","6","2","08","12","3","","0","0","1","0","0"
"POINT (9.932399790000000 53.553728642999999)","Unfall 97705 (2016) Kat:3, Licht: 0","97705","3","3","5","08","13","2","","0","1","1","0","0"
"POINT (10.084136835000001 53.553180431000001)","Unfall 97706 (2016) Kat:3, Licht: 0","97706","3","3","5","08","12","2","","0","1","1","0","0"
"POINT (10.074810937000001 53.566429153999998)","Unfall 97707 (2016) Kat:3, Licht: 0","97707","3","2","4","08","18","4","","0","0","1","0","1"
"POINT (10.127641746000000 53.543084485999998)","Unfall 97708 (2016) Kat:3, Licht: 0","97708","3","3","5","08","19","3","","0","0","1","0","1"
"POINT (10.040546503000000 53.540887462000001)","Unfall 97709 (2016) Kat:3, Licht: 0","97709","3","3","5","08","16","4","","0","1","1","0","0"
"POINT (9.961759700000000 53.546429828000001)","Unfall 97710 (2016) Kat:3, Licht: 0","97710","3","7","3","08","18","4","","0","1","0","0","1"
"POINT (10.067752145000000 53.582338231999998)","Unfall 97711 (2016) Kat:3, Licht: 0","97711","3","3","5","08","17","4","","0","0","1","0","0"
"POINT (10.127407169000000 53.587000519000000)","Unfall 97712 (2016) Kat:3, Licht: 0","97712","3","2","5","08","14","4","","0","1","1","0","0"
"POINT (9.982988635000000 53.613884880000001)","Unfall 97713 (2016) Kat:3, Licht: 0","97713","3","2","4","08","17","2","","0","1","1","0","0"
"POINT (10.006706908000000 53.617086436999998)","Unfall 97714 (2016) Kat:3, Licht: 0","97714","3","1","8","08","17","7","","0","0","0","0","1"
"POINT (10.117911325000000 53.577731473999997)","Unfall 97715 (2016) Kat:3, Licht: 0","97715","3","3","5","08","12","4","","0","0","1","0","0"
"POINT (9.995667901999999 53.549034804999998)","Unfall 97716 (2016) Kat:3, Licht: 0","97716","3","7","3","08","17","4","","0","0","0","0","1"
"POINT (10.034764021000001 53.604713388000000)","Unfall 97717 (2016) Kat:3, Licht: 0","97717","3","2","5","08","16","4","","0","0","1","0","0"
"POINT (10.113461935000000 53.599678963999999)","Unfall 97718 (2016) Kat:2, Licht: 0","97718","2","2","5","08","07","4","","0","0","1","0","1"
"POINT (10.011475448000001 53.649172100999998)","Unfall 97719 (2016) Kat:3, Licht: 1","97719","3","3","5","08","20","2","","1","1","1","0","0"
"POINT (10.019204917000000 53.614200388999997)","Unfall 97720 (2016) Kat:3, Licht: 0","97720","3","6","1","08","13","6","","0","0","1","0","0"
"POINT (9.951444254000000 53.599555336000002)","Unfall 97721 (2016) Kat:3, Licht: 1","97721","3","3","5","08","05","2","","1","1","1","0","0"
"POINT (10.165484681000001 53.628963562000003)","Unfall 97722 (2016) Kat:3, Licht: 0","97722","3","4","6","09","07","6","","0","0","1","1","0"
"POINT (9.994602580000001 53.602152167000000)","Unfall 97723 (2016) Kat:3, Licht: 0","97723","3","2","4","08","20","5","","0","0","1","0","1"
"POINT (10.102966294000000 53.586230534999999)","Unfall 97724 (2016) Kat:3, Licht: 0","97724","3","3","5","08","13","6","","0","0","1","0","0"
"POINT (9.993316613999999 53.516270437000003)","Unfall 97725 (2016) Kat:3, Licht: 0","97725","3","7","0","09","19","5","","0","0","0","0","1"
"POINT (10.028649174000000 53.571195289999999)","Unfall 97726 (2016) Kat:2, Licht: 0","97726","2","3","5","08","09","7","","0","0","1","0","0"
"POINT (10.168543410000000 53.615086359000003)","Unfall 97727 (2016) Kat:3, Licht: 0","97727","3","6","3","08","14","6","","0","0","1","0","0"
"POINT (10.200277260000000 53.499921659999998)","Unfall 97728 (2016) Kat:2, Licht: 2","97728","2","2","5","08","21","3","","2","1","1","0","0"
"POINT (9.985685731000000 53.563584927999997)","Unfall 97729 (2016) Kat:3, Licht: 0","97729","3","6","1","08","12","2","","0","0","1","0","0"
"POINT (10.071405954999999 53.597830498999997)","Unfall 97730 (2016) Kat:3, Licht: 0","97730","3","5","1","08","15","2","","0","1","1","0","0"
"POINT (9.999603101000000 53.665428550000001)","Unfall 97731 (2016) Kat:3, Licht: 0","97731","3","2","5","08","08","4","","0","1","1","0","0"
"POINT (10.040962778999999 53.551953140999998)","Unfall 97732 (2016) Kat:3, Licht: 0","97732","3","7","0","08","16","3","","0","1","1","0","0"
"POINT (9.989919556000000 53.561809044999997)","Unfall 97733 (2016) Kat:3, Licht: 0","97733","3","6","2","08","18","2","","0","0","1","0","0"
"POINT (10.040712021999999 53.608129322000003)","Unfall 97734 (2016) Kat:3, Licht: 0","97734","3","1","0","08","20","4","","0","0","0","0","1"
"POINT (10.122803316000001 53.591939887000002)","Unfall 97735 (2016) Kat:3, Licht: 0","97735","3","2","5","08","13","4","","0","1","1","0","0"
"POINT (9.749953388000000 53.580082083000001)","Unfall 97736 (2016) Kat:3, Licht: 0","97736","3","4","6","08","11","6","","0","0","1","1","0"
"POINT (9.880122002000000 53.584768349999997)","Unfall 97737 (2016) Kat:3, Licht: 0","97737","3","7","4","08","17","7","","0","0","1","0","1"
"POINT (9.951765233000000 53.576534338000002)","Unfall 97738 (2016) Kat:3, Licht: 0","97738","3","3","5","09","13","6","","0","1","0","0","0"
"POINT (10.073378725000000 53.574444233999998)","Unfall 97739 (2016) Kat:3, Licht: 2","97739","3","7","0","08","23","6","","2","0","1","1","0"
"POINT (10.088676870000000 53.575157965000002)","Unfall 97740 (2016) Kat:3, Licht: 0","97740","3","3","5","08","15","6","","0","0","1","0","0"
"POINT (10.033085053000001 53.573818582000001)","Unfall 97741 (2016) Kat:3, Licht: 0","97741","3","6","1","09","15","5","","0","0","1","0","0"
"POINT (10.155894318000000 53.586457617000001)","Unfall 97742 (2016) Kat:3, Licht: 0","97742","3","2","5","08","18","3","","0","0","1","0","0"
"POINT (10.105942950999999 53.572477763999999)","Unfall 97743 (2016) Kat:3, Licht: 0","97743","3","3","5","08","09","4","","0","1","1","0","0"
"POINT (10.035599709000000 53.614432045000001)","Unfall 97744 (2016) Kat:3, Licht: 0","97744","3","7","4","08","15","6","","0","0","1","0","0"
"POINT (10.015617418000000 53.590853570000000)","Unfall 97745 (2016) Kat:3, Licht: 0","97745","3","6","1","09","15","6","","0","0","1","0","0"
"POINT (10.019330155000000 53.580428234000003)","Unfall 97746 (2016) Kat:3, Licht: 0","97746","3","3","5","08","05","5","","0","1","1","0","0"
"POINT (10.062862617000000 53.596379810000002)","Unfall 97747 (2016) Kat:3, Licht: 0","97747","3","6","2","08","14","6","","0","0","1","0","0"
"POINT (10.075456240999999 53.582965776000002)","Unfall 97748 (2016) Kat:3, Licht: 0","97748","3","5","1","09","16","5","","0","1","1","0","0"
"POINT (9.975083903000000 53.579244520000003)","Unfall 97749 (2016) Kat:2, Licht: 0","97749","2","7","5","08","14","7","","0","0","1","0","0"
"POINT (10.094022214000001 53.656646170999998)","Unfall 97750 (2016) Kat:3, Licht: 0","97750","3","6","2","08","17","6","","0","0","1","0","0"
"POINT (10.201730840000000 53.485077441000001)","Unfall 97751 (2016) Kat:3, Licht: 0","97751","3","7","6","08","14","3","","0","0","1","1","0"
"POINT (9.963515778000000 53.560090496999997)","Unfall 97752 (2016) Kat:3, Licht: 2","97752","3","6","0","08","22","2","","2","1","0","0","0"
"POINT (10.073678263000000 53.606166338000001)","Unfall 97753 (2016) Kat:3, Licht: 2","97753","3","7","1","08","22","2","","2","0","1","0","1"
"POINT (9.918100154999999 53.579809955999998)","Unfall 97754 (2016) Kat:3, Licht: 0","97754","3","3","5","08","17","3","","0","1","1","0","0"
"POINT (10.082101616999999 53.655682014000000)","Unfall 97755 (2016) Kat:3, Licht: 0","97755","3","6","1","08","14","4","","0","0","1","0","0"
"POINT (10.031602738000000 53.596294526999998)","Unfall 97756 (2016) Kat:3, Licht: 0","97756","3","6","2","08","14","3","","0","0","1","0","0"
"POINT (9.969230412000000 53.573458905999999)","Unfall 97757 (2016) Kat:3, Licht: 0","97757","3","3","5","08","11","2","","0","1","1","0","0"
"POINT (10.087118858000000 53.617934925999997)","Unfall 97758 (2016) Kat:3, Licht: 0","97758","3","2","2","09","08","7","","0","0","1","0","0"
"POINT (9.993571662000001 53.665304212000002)","Unfall 97759 (2016) Kat:3, Licht: 0","97759","3","3","5","08","08","4","","0","1","0","0","0"
"POINT (10.159659082999999 53.638354626999998)","Unfall 97760 (2016) Kat:3, Licht: 1","97760","3","7","0","08","19","4","","1","1","0","0","0"
"POINT (9.868068698000000 53.595467122000002)","Unfall 97761 (2016) Kat:3, Licht: 0","97761","3","6","3","08","10","6","","0","0","1","0","0"
"POINT (9.971964894999999 53.598563544999998)","Unfall 97762 (2016) Kat:3, Licht: 0","97762","3","6","1","08","13","7","","0","0","1","0","0"
"POINT (9.957173052000000 53.553338009000001)","Unfall 97763 (2016) Kat:3, Licht: 2","97763","3","7","6","09","23","6","","2","0","1","1","0"
"POINT (10.040442009000000 53.570212458999997)","Unfall 97764 (2016) Kat:3, Licht: 0","97764","3","2","5","08","15","5","","0","0","1","0","1"
"POINT (10.115010568000001 53.649070614000003)","Unfall 97765 (2016) Kat:3, Licht: 0","97765","3","3","5","08","12","6","","0","1","1","0","0"
"POINT (9.992730356999999 53.665628626000000)","Unfall 97766 (2016) Kat:3, Licht: 0","97766","3","7","0","08","15","6","","0","0","1","0","1"
"POINT (10.014327123999999 53.638085545000003)","Unfall 97767 (2016) Kat:2, Licht: 0","97767","2","6","0","08","16","2","","0","0","1","0","0"
"POINT (9.942354060000000 53.581806596000000)","Unfall 97768 (2016) Kat:3, Licht: 0","97768","3","7","0","09","08","5","","0","0","1","0","0"
"POINT (10.053882970000000 53.572635648000002)","Unfall 97769 (2016) Kat:3, Licht: 0","97769","3","3","5","08","16","3","","0","0","1","0","0"
"POINT (10.150429550000000 53.628345777000000)","Unfall 97770 (2016) Kat:2, Licht: 0","97770","2","4","6","08","08","4","","0","0","1","1","0"
"POINT (10.126054141999999 53.603883144000001)","Unfall 97771 (2016) Kat:3, Licht: 0","97771","3","1","0","08","19","4","","0","0","0","0","1"
"POINT (10.139720747000000 53.546607369000000)","Unfall 97772 (2016) Kat:2, Licht: 0","97772","2","7","9","09","09","7","","0","0","1","0","0"
"POINT (9.984039972000000 53.557712248000001)","Unfall 97773 (2016) Kat:2, Licht: 0","97773","2","2","5","08","08","2","","0","1","0","0","0"
"POINT (10.029129955000000 53.676758444000001)","Unfall 97774 (2016) Kat:3, Licht: 2","97774","3","3","0","08","04","2","","2","0","1","0","1"
"POINT (9.928434910000000 53.561311478999997)","Unfall 97775 (2016) Kat:3, Licht: 0","97775","3","3","5","08","13","3","","0","1","1","0","0"
"POINT (10.006391004999999 53.635974548999997)","Unfall 97776 (2016) Kat:3, Licht: 0","97776","3","3","5","08","14","4","","0","0","1","0","0"
"POINT (10.008682873000000 53.635266786999999)","Unfall 97777 (2016) Kat:3, Licht: 0","97777","3","6","2","08","17","4","","0","0","1","0","0"
"POINT (10.037711244000000 53.576200366999998)","Unfall 97778 (2016) Kat:3, Licht: 0","97778","3","3","5","08","17","2","","0","1","0","0","0"
"POINT (9.923934260999999 53.644068832999999)","Unfall 97779 (2016) Kat:3, Licht: 0","97779","3","7","2","08","15","6","","0","0","1","0","0"
"POINT (10.087618997000000 53.490037532000002)","Unfall 97780 (2016) Kat:3, Licht: 0","97780","3","1","8","08","06","1","","0","0","1","0","0"
"POINT (9.959121457000000 53.551549022000003)","Unfall 97781 (2016) Kat:3, Licht: 0","97781","3","6","2","09","12","7","","0","0","1","0","0"
"POINT (10.008622293000000 53.555567437000001)","Unfall 97782 (2016) Kat:3, Licht: 2","97782","3","3","5","08","23","2","","2","0","1","0","0"
"POINT (9.763154423000000 53.581044646000002)","Unfall 97783 (2016) Kat:3, Licht: 0","97783","3","6","4","08","09","2","","0","0","1","0","0"
"POINT (9.959244468000000 53.571964504000000)","Unfall 97784 (2016) Kat:3, Licht: 0","97784","3","3","5","08","15","3","","0","1","0","0","0"
"POINT (10.051071553000000 53.586473587999997)","Unfall 97785 (2016) Kat:3, Licht: 1","97785","3","6","2","08","18","4","","1","0","1","0","0"
"POINT (10.045289064000000 53.569477683000002)","Unfall 97786 (2016) Kat:3, Licht: 0","97786","3","3","5","08","10","2","","0","0","1","0","0"
"POINT (10.134026910999999 53.590600362000004)","Unfall 97787 (2016) Kat:3, Licht: 0","97787","3","3","5","08","13","1","","0","0","1","0","1"
"POINT (10.045432645000000 53.589447335999999)","Unfall 97788 (2016) Kat:3, Licht: 0","97788","3","5","3","09","10","7","","0","1","1","0","0"
"POINT (10.060068518000000 53.589604002999998)","Unfall 97789 (2016) Kat:3, Licht: 0","97789","3","6","2","08","15","4","","0","0","1","0","0"
"POINT (9.952134407999999 53.567051520000000)","Unfall 97790 (2016) Kat:3, Licht: 0","97790","3","6","2","08","14","6","","0","0","1","0","0"
"POINT (9.891720248000000 53.602848577000003)","Unfall 97791 (2016) Kat:3, Licht: 2","97791","3","7","0","08","23","5","","2","1","0","1","0"
"POINT (10.041835096000000 53.584697634000001)","Unfall 97792 (2016) Kat:3, Licht: 0","97792","3","2","4","08","14","6","","0","0","1","0","0"
"POINT (10.011236552000000 53.623886874999997)","Unfall 97793 (2016) Kat:2, Licht: 0","97793","2","3","5","08","08","6","","0","1","1","0","0"
"POINT (9.898801632000000 53.477683313000000)","Unfall 97794 (2016) Kat:3, Licht: 0","97794","3","7","0","08","18","1","","0","0","1","0","0"
"POINT (9.936332994000001 53.550726638000000)","Unfall 97795 (2016) Kat:3, Licht: 0","97795","3","3","6","08","11","2","","0","1","0","1","0"