WKT,Name,OBJECTID,UKATEGORIE,UTYP1,UART,UMONAT,USTUNDE,UWOCHENTAG,STRZUSTAND,ULICHTVERH,ISTRAD,ISTPKW,ISTFUSS,ISTKRAD
"POINT (9.878334997000000 53.526782034000000)","Unfall 97796 (2016) Kat:3, Licht: 0","97796","3","6","2","08","11","4","","0","0","1","0","0"
"POINT (10.044331751000000 53.592975936999999)","Unfall 97797 (2016) Kat:3, Licht: 0","97797","3","2","3","08","15","3","","0","0","1","0","1"
"POINT (10.071023000000000 53.572219066000002)","Unfall 97798 (2016) Kat:3, Licht: 0","97798","3","6","2","08","08","4","","0","0","1","0","0"
"POINT (10.061966292999999 53.569051834000000)","Unfall 97799 (2016) Kat:3, Licht: 0","97799","3","2","5","08","12","4","","0","0","1","0","0"
"POINT (10.211259532000000 53.500389167000002)","Unfall 97800 (2016) Kat:3, Licht: 2","97800","3","6","3","08","23","1","","2","0","1","0","0"
"POINT (9.976216647999999 53.584693121999997)","Unfall 97801 (2016) Kat:3, Licht: 0","97801","3","3","5","08","16","3","","0","1","1","0","0"
"POINT (10.051290114000000 53.586691663000003)","Unfall 97802 (2016) Kat:2, Licht: 0","97802","2","3","5","08","16","4","","0","0","1","0","0"
"POINT (10.022478064000000 53.560170300000003)","Unfall 97803 (2016) Kat:3, Licht: 0","97803","3","7","2","08","15","4","","0","0","1","0","1"
"POINT (9.926043473000000 53.571682522000003)","Unfall 97804 (2016) Kat:3, Licht: 0","97804","3","6","2","08","17","2","","0","0","1","0","1"
"POINT (9.952310153000001 53.549583243999997)","Unfall 97805 (2016) Kat:2, Licht: 0","97805","2","2","3","08","15","6","","0","1","1","0","0"
"POINT (10.119820575000000 53.606324485999998)","Unfall 97806 (2016) Kat:3, Licht: 0","97806","3","2","4","08","11","1","","0","0","1","0","1"
"POINT (10.146600855999999 53.530936908000001)","Unfall 97807 (2016) Kat:3, Licht: 0","97807","3","7","1","09","15","6","","0","0","1","0","0"
"POINT (9.800531337000001 53.565654100000003)","Unfall 97808 (2016) Kat:3, Licht: 0","97808","3","2","4","08","08","5","","0","1","1","0","0"
"POINT (9.896577206000000 53.604701927000001)","Unfall 97809 (2016) Kat:3, Licht: 0","97809","3","6","2","08","16","6","","0","0","1","0","0"
"POINT (9.933279010000000 53.510649260999998)","Unfall 97810 (2016) Kat:3, Licht: 2","97810","3","6","0","09","22","6","","2","0","1","0","0"
"POINT (9.970623642000000 53.548417794999999)","Unfall 97811 (2016) Kat:3, Licht: 2","97811","3","6","6","08","22","7","","2","1","1","1","0"
"POINT (9.853402654000000 53.580380796000000)","Unfall 97812 (2016) Kat:3, Licht: 0","97812","3","5","1","08","15","5","","0","0","1","0","1"
"POINT (9.919416040000000 53.598058060000000)","Unfall 97813 (2016) Kat:3, Licht: 2","97813","3","7","5","08","22","6","","2","0","1","0","1"
"POINT (10.094723471000000 53.529689122000001)","Unfall 97814 (2016) Kat:3, Licht: 0","97814","3","2","3","08","14","3","","0","1","1","0","0"
"POINT (9.909591606999999 53.562715195000003)","Unfall 97815 (2016) Kat:3, Licht: 0","97815","3","6","2","08","14","4","","0","0","1","0","0"
"POINT (9.949272826000000 53.549079206999998)","Unfall 97816 (2016) Kat:3, Licht: 0","97816","3","4","6","08","11","6","","0","0","0","1","0"
"POINT (9.971218288999999 53.598558003999997)","Unfall 97817 (2016) Kat:3, Licht: 0","97817","3","6","4","08","15","6","","0","1","0","0","0"
"POINT (9.993731915000000 53.541428101999998)","Unfall 97818 (2016) Kat:3, Licht: 0","97818","3","3","5","08","08","7","","0","0","1","0","0"
"POINT (9.917413549999999 53.581778591000003)","Unfall 97819 (2016) Kat:3, Licht: 0","97819","3","2","3","08","16","5","","0","1","0","0","0"
"POINT (9.932646825000001 53.587978419000002)","Unfall 97820 (2016) Kat:3, Licht: 0","97820","3","2","2","08","15","6","","0","0","1","0","1"
"POINT (10.028789589000001 53.552112696999998)","Unfall 97821 (2016) Kat:3, Licht: 0","97821","3","7","9","08","19","3","","0","0","1","0","0"
"POINT (9.974744465000001 53.610103142000000)","Unfall 97822 (2016) Kat:3, Licht: 0","97822","3","6","2","08","14","6","","0","0","1","0","0"
"POINT (10.156003586000001 53.614367600999998)","Unfall 97823 (2016) Kat:3, Licht: 0","97823","3","3","5","08","20","1","","0","0","1","0","0"
"POINT (9.949737896000000 53.552069846999999)","Unfall 97824 (2016) Kat:3, Licht: 0","97824","3","7","1","08","19","2","","0","1","1","0","0"
"POINT (10.130528612000001 53.603469990999997)","Unfall 97825 (2016) Kat:3, Licht: 2","97825","3","3","5","08","22","4","","2","0","1","0","0"
"POINT (9.913318236000000 53.546123162999997)","Unfall 97826 (2016) Kat:3, Licht: 0","97826","3","2","0","08","08","3","","0","0","1","0","1"
"POINT (10.055007558000000 53.608456777000001)","Unfall 97827 (2016) Kat:3, Licht: 0","97827","3","7","1","08","13","4","","0","0","1","0","1"
"POINT (9.991837064000000 53.557967937000001)","Unfall 97828 (2016) Kat:2, Licht: 0","97828","2","7","7","08","12","4","","0","1","0","0","0"
"POINT (10.046684347999999 53.583311432000002)","Unfall 97829 (2016) Kat:3, Licht: 0","97829","3","6","1","08","17","4","","0","0","1","0","0"
"POINT (9.900297719999999 53.553458292999998)","Unfall 97830 (2016) Kat:3, Licht: 0","97830","3","6","4","08","17","4","","0","1","0","0","0"
"POINT (9.971188217000000 53.567884044000003)","Unfall 97831 (2016) Kat:3, Licht: 2","97831","3","6","2","08","20","6","","2","0","1","0","0"
"POINT (10.129118243000001 53.579560471999997)","Unfall 97832 (2016) Kat:3, Licht: 0","97832","3","4","6","08","12","1","","0","0","1","1","0"
"POINT (10.102268079000000 53.647244641999997)","Unfall 97833 (2016) Kat:3, Licht: 0","97833","3","3","5","09","07","6","","0","0","1","0","0"
"POINT (9.906333352000001 53.561927490000002)","Unfall 97834 (2016) Kat:3, Licht: 0","97834","3","2","3","08","10","5","","0","1","1","0","0"
"POINT (9.966660651000000 53.599445791999997)","Unfall 97835 (2016) Kat:3, Licht: 0","97835","3","3","5","08","06","6","","0","1","1","0","0"
"POINT (10.175633057000001 53.487858631999998)","Unfall 97836 (2016) Kat:3, Licht: 0","97836","3","6","1","09","14","5","","0","0","1","0","0"
"POINT (9.958454156000000 53.449775668000001)","Unfall 97837 (2016) Kat:3, Licht: 0","97837","3","3","5","08","12","6","","0","1","1","0","0"
"POINT (9.890237813000001 53.622806767000000)","Unfall 97838 (2016) Kat:3, Licht: 0","97838","3","4","6","08","19","6","","0","0","1","1","0"
"POINT (10.122237539000000 53.585144417000002)","Unfall 97839 (2016) Kat:3, Licht: 1","97839","3","3","5","08","06","3","","1","1","1","0","0"
"POINT (10.069147156000000 53.560643937999998)","Unfall 97840 (2016) Kat:2, Licht: 0","97840","2","6","2","08","14","1","","0","0","1","0","0"
"POINT (9.991006020000000 53.560168585000000)","Unfall 97841 (2016) Kat:3, Licht: 0","97841","3","6","3","08","16","2","","0","0","1","0","0"
"POINT (9.874330024000001 53.602864900000000)","Unfall 97842 (2016) Kat:3, Licht: 0","97842","3","1","0","08","08","3","","0","0","0","0","1"
"POINT (10.046449401000000 53.602970689999999)","Unfall 97843 (2016) Kat:3, Licht: 0","97843","3","5","1","08","16","1","","0","1","0","0","0"
"POINT (9.892897436000000 53.557422197000001)","Unfall 97844 (2016) Kat:3, Licht: 0","97844","3","3","5","08","16","4","","0","0","1","0","0"
"POINT (9.957193802000001 53.567121454000002)","Unfall 97845 (2016) Kat:3, Licht: 0","97845","3","2","3","08","08","4","","0","1","0","0","0"
"POINT (10.058408328000001 53.575939062000003)","Unfall 97846 (2016) Kat:3, Licht: 0","97846","3","2","6","08","10","1","","0","0","1","1","0"
"POINT (10.087312584999999 53.488620591000000)","Unfall 97847 (2016) Kat:3, Licht: 0","97847","3","6","0","08","13","1","","0","1","1","0","0"
"POINT (10.092001198000000 53.616650767000003)","Unfall 97848 (2016) Kat:3, Licht: 0","97848","3","4","6","08","19","4","","0","1","0","1","0"
"POINT (9.948522697000000 53.562174939000002)","Unfall 97849 (2016) Kat:3, Licht: 0","97849","3","2","3","08","08","3","","0","1","1","0","0"
"POINT (9.886126892000000 53.601103113000001)","Unfall 97850 (2016) Kat:3, Licht: 0","97850","3","2","5","08","12","4","","0","0","1","0","0"
"POINT (9.999564061999999 53.554748322999998)","Unfall 97851 (2016) Kat:3, Licht: 0","97851","3","5","1","08","16","6","","0","0","1","0","1"
"POINT (10.007991516000001 53.666037754000001)","Unfall 97852 (2016) Kat:3, Licht: 0","97852","3","3","5","08","09","1","","0","0","1","0","0"
"POINT (10.004801296000000 53.497120066000001)","Unfall 97853 (2016) Kat:3, Licht: 0","97853","3","3","5","08","17","6","","0","0","1","0","0"
"POINT (10.019959009000001 53.565594240000003)","Unfall 97854 (2016) Kat:3, Licht: 2","97854","3","3","5","09","21","6","","2","1","1","0","0"
"POINT (10.007044132000001 53.540544607000001)","Unfall 97855 (2016) Kat:3, Licht: 0","97855","3","3","5","08","06","5","","0","0","1","0","0"
"POINT (9.986523938000000 53.547577351999998)","Unfall 97856 (2016) Kat:3, Licht: 2","97856","3","2","4","08","20","6","","2","0","1","0","1"
"POINT (9.993415292000000 53.601955212999997)","Unfall 97857 (2016) Kat:3, Licht: 0","97857","3","2","5","09","19","5","","0","1","1","0","0"
"POINT (10.183770610000000 53.506528347000000)","Unfall 97858 (2016) Kat:3, Licht: 0","97858","3","3","5","08","20","6","","0","0","1","0","0"
"POINT (9.994476011000000 53.558793309000002)","Unfall 97859 (2016) Kat:3, Licht: 0","97859","3","2","4","08","14","3","","0","1","0","0","0"
"POINT (10.086253553000001 53.656449750000000)","Unfall 97860 (2016) Kat:3, Licht: 0","97860","3","6","3","08","14","4","","0","0","1","0","0"
"POINT (9.868029137000001 53.595506061999998)","Unfall 97861 (2016) Kat:3, Licht: 0","97861","3","6","1","08","13","6","","0","0","1","0","0"
"POINT (10.027894707000000 53.570310319999997)","Unfall 97862 (2016) Kat:3, Licht: 0","97862","3","2","3","08","09","1","","0","0","1","0","0"
"POINT (10.040680938000000 53.555562809999998)","Unfall 97863 (2016) Kat:3, Licht: 0","97863","3","2","4","08","14","1","","0","0","1","0","0"
"POINT (9.951628447999999 53.576061701999997)","Unfall 97864 (2016) Kat:3, Licht: 0","97864","3","2","2","08","16","3","","0","1","1","0","0"
"POINT (10.206296148000000 53.488917579999999)","Unfall 97865 (2016) Kat:3, Licht: 0","97865","3","7","0","08","11","3","","0","0","0","0","0"
"POINT (9.948821112999999 53.576434562000003)","Unfall 97866 (2016) Kat:3, Licht: 2","97866","3","6","3","08","21","2","","2","1","1","0","0"
"POINT (9.959062359000001 53.626902413000003)","Unfall 97867 (2016) Kat:3, Licht: 0","97867","3","3","5","08","13","1","","0","1","1","0","0"
"POINT (10.019939929000000 53.657170956000002)","Unfall 97868 (2016) Kat:3, Licht: 0","97868","3","6","5","09","11","7","","0","0","1","0","0"
"POINT (10.123559909000001 53.616106760000001)","Unfall 97869 (2016) Kat:2, Licht: 0","97869","2","2","5","08","12","3","","0","0","1","0","0"
"POINT (9.960999069000000 53.600719056000003)","Unfall 97870 (2016) Kat:3, Licht: 0","97870","3","7","2","08","07","4","","0","0","1","0","1"
"POINT (9.984028531000000 53.557708921000000)","Unfall 97871 (2016) Kat:3, Licht: 0","97871","3","2","5","08","11","6","","0","1","1","0","0"
"POINT (9.990210698000000 53.558202647000002)","Unfall 97872 (2016) Kat:2, Licht: 0","97872","2","6","0","09","11","6","","0","0","0","0","1"
"POINT (9.863809496000000 53.465215331000003)","Unfall 97873 (2016) Kat:3, Licht: 0","97873","3","3","5","08","19","4","","0","0","1","0","1"
"POINT (9.905163526000001 53.632065494000003)","Unfall 97874 (2016) Kat:3, Licht: 2","97874","3","3","5","08","01","6","","2","0","1","0","0"
"POINT (9.985809759000000 53.557971631999997)","Unfall 97875 (2016) Kat:3, Licht: 2","97875","3","6","2","08","01","6","","2","0","1","0","0"
"POINT (10.089531031000000 53.577970596000000)","Unfall 97876 (2016) Kat:2, Licht: 0","97876","2","7","6","08","13","1","","0","1","0","1","0"
"POINT (9.994289652999999 53.564528813999999)","Unfall 97877 (2016) Kat:3, Licht: 0","97877","3","3","5","09","09","5","","0","1","1","0","0"
"POINT (10.020601270000000 53.550712329000000)","Unfall 97878 (2016) Kat:3, Licht: 0","97878","3","6","5","08","13","6","","0","1","0","0","0"
"POINT (10.151577017999999 53.486379427000003)","Unfall 97879 (2016) Kat:3, Licht: 0","97879","3","3","5","08","17","6","","0","1","1","0","0"
"POINT (9.935553928999999 53.551614008999998)","Unfall 97880 (2016) Kat:2, Licht: 0","97880","2","6","6","09","14","6","","0","1","0","1","0"
"POINT (9.941149948000000 53.554128222999999)","Unfall 97881 (2016) Kat:3, Licht: 0","97881","3","2","6","08","16","6","","0","0","1","1","0"
"POINT (10.002193828999999 53.551309388000000)","Unfall 97882 (2016) Kat:3, Licht: 0","97882","3","4","6","08","13","6","","0","1","0","1","0"
"POINT (9.973476671000000 53.491482427999998)","Unfall 97883 (2016) Kat:3, Licht: 0","97883","3","6","2","08","17","4","","0","0","1","0","0"
"POINT (9.931209480000000 53.599899481999998)","Unfall 97884 (2016) Kat:3, Licht: 0","97884","3","7","1","09","16","5","","0","0","1","0","0"
"POINT (9.999461428000000 53.575237539000000)","Unfall 97885 (2016) Kat:3, Licht: 0","97885","3","6","4","08","08","3","","0","1","1","0","0"
"POINT (10.024924514000000 53.568861859000002)","Unfall 97886 (2016) Kat:3, Licht: 0","97886","3","6","2","08","12","4","","0","0","1","0","0"
"POINT (9.984597224000000 53.564023306999999)","Unfall 97887 (2016) Kat:3, Licht: 2","97887","3","7","3","08","23","6","","2","0","1","0","0"
"POINT (9.979670780999999 53.606752004000001)","Unfall 97888 (2016) Kat:3, Licht: 0","97888","3","4","6","08","15","4","","0","0","1","1","0"
"POINT (10.042727127999999 53.597424306999997)","Unfall 97889 (2016) Kat:3, Licht: 0","97889","3","6","3","08","17","1","","0","1","1","0","0"
"POINT (10.087590547000000 53.620358459999999)","Unfall 97890 (2016) Kat:3, Licht: 0","97890","3","6","4","08","19","1","","0","1","1","0","0"
"POINT (9.942431320000001 53.599175973000001)","Unfall 97891 (2016) Kat:3, Licht: 0","97891","3","7","0","08","18","3","","0","1","0","0","0"
"POINT (10.116666713000001 53.622490163000002)","Unfall 97892 (2016) Kat:3, Licht: 0","97892","3","7","0","08","19","3","","0","0","0","0","1"
"POINT (10.000097017000000 53.571016170999997)","Unfall 97893 (2016) Kat:3, Licht: 0","97893","3","6","3","08","13","4","","0","1","0","0","0"
"POINT (9.961341544000000 53.549547296000000)","Unfall 97894 (2016) Kat:3, Licht: 0","97894","3","2","5","08","16","2","","0","1","1","0","0"
"POINT (10.060359077999999 53.544782552000001)","Unfall 97895 (2016) Kat:2, Licht: 2","97895","2","1","9","08","01","7","","2","0","1","0","0"
"POINT (9.977881365000000 53.571758266000003)","Unfall 97896 (2016) Kat:3, Licht: 0","97896","3","5","1","09","16","7","","0","1","1","0","0"
"POINT (9.988670787000000 53.571064706999998)","Unfall 97897 (2016) Kat:3, Licht: 0","97897","3","2","4","08","12","4","","0","1","1","0","0"
"POINT (9.969918291000001 53.515226128000002)","Unfall 97898 (2016) Kat:3, Licht: 0","97898","3","7","0","08","20","6","","0","0","0","0","1"
"POINT (9.923050777000000 53.515914702000003)","Unfall 97899 (2016) Kat:3, Licht: 0","97899","3","6","3","08","13","6","","0","0","1","0","0"
"POINT (10.240669673999999 53.477185474000002)","Unfall 97900 (2016) Kat:3, Licht: 0","97900","3","7","0","08","18","6","","0","1","0","0","0"
"POINT (10.113754152000000 53.496281873000001)","Unfall 97901 (2016) Kat:3, Licht: 0","97901","3","2","5","08","10","4","","0","0","0","0","0"
"POINT (10.118625780000000 53.606727329999998)","Unfall 97902 (2016) Kat:2, Licht: 0","97902","2","7","6","08","16","3","","0","1","0","1","0"
"POINT (9.825283476999999 53.513864042000002)","Unfall 97903 (2016) Kat:2, Licht: 0","97903","2","1","9","08","17","5","","0","0","0","0","0"
"POINT (9.873528866999999 53.547176847999999)","Unfall 97904 (2016) Kat:2, Licht: 0","97904","2","4","6","08","18","1","","0","0","1","1","0"
"POINT (10.057196354000000 53.597405549000001)","Unfall 97905 (2016) Kat:2, Licht: 2","97905","2","7","0","08","01","1","","2","0","1","0","0"
"POINT (10.184131229000000 53.506324085000003)","Unfall 97906 (2016) Kat:3, Licht: 0","97906","3","6","3","08","10","4","","0","1","1","0","0"
"POINT (9.988427250999999 53.577650441999999)","Unfall 97907 (2016) Kat:3, Licht: 0","97907","3","7","6","08","14","3","","0","1","0","1","0"
"POINT (9.971292402000000 53.582495420999997)","Unfall 97908 (2016) Kat:3, Licht: 0","97908","3","6","2","08","13","4","","0","0","1","0","0"
"POINT (10.114986555000000 53.556394265000002)","Unfall 97909 (2016) Kat:3, Licht: 0","97909","3","6","2","09","16","2","","0","0","1","0","0"
"POINT (10.142108339000000 53.543205182000001)","Unfall 97910 (2016) Kat:3, Licht: 0","97910","3","2","2","09","07","2","","0","0","1","0","0"
"POINT (10.063920561000000 53.597108214999999)","Unfall 97911 (2016) Kat:3, Licht: 0","97911","3","6","2","09","18","3","","0","0","1","0","0"
"POINT (10.064143804000000 53.571244710000002)","Unfall 97912 (2016) Kat:3, Licht: 2","97912","3","5","3","09","00","1","","2","0","1","0","0"
"POINT (10.040636552000000 53.570286428000003)","Unfall 97913 (2016) Kat:3, Licht: 0","97913","3","2","3","09","10","4","","0","0","1","0","0"
"POINT (10.034054159000000 53.445982872999998)","Unfall 97914 (2016) Kat:3, Licht: 0","97914","3","2","5","09","13","2","","0","0","1","0","0"
"POINT (10.103785407000000 53.543330900999997)","Unfall 97915 (2016) Kat:3, Licht: 0","97915","3","2","5","09","16","5","","0","1","1","0","0"
"POINT (9.943557061000000 53.565274013000000)","Unfall 97916 (2016) Kat:3, Licht: 0","97916","3","6","3","09","10","2","","0","1","1","0","0"
"POINT (10.021125391000000 53.581312889000003)","Unfall 97917 (2016) Kat:3, Licht: 0","97917","3","6","3","09","09","3","","0","1","1","0","0"
"POINT (9.874758387000000 53.478213852000003)","Unfall 97918 (2016) Kat:3, Licht: 2","97918","3","5","0","09","20","6","","2","1","1","0","0"
"POINT (9.947655412000000 53.582200311999998)","Unfall 97919 (2016) Kat:3, Licht: 0","97919","3","3","5","09","13","4","","0","1","1","0","0"
"POINT (10.044097492000001 53.594285847999998)","Unfall 97920 (2016) Kat:3, Licht: 0","97920","3","6","3","09","14","5","","0","1","0","0","0"
"POINT (10.084869033000000 53.550448431000000)","Unfall 97921 (2016) Kat:3, Licht: 0","97921","3","4","6","09","07","2","","0","0","1","1","0"
"POINT (10.006332265999999 53.654284930999999)","Unfall 97922 (2016) Kat:3, Licht: 2","97922","3","2","2","09","20","7","","2","0","1","0","0"
"POINT (10.137763274999999 53.570770097000000)","Unfall 97923 (2016) Kat:3, Licht: 0","97923","3","3","5","09","15","3","","0","0","1","0","1"
"POINT (9.931351598999999 53.563447109000002)","Unfall 97924 (2016) Kat:3, Licht: 0","97924","3","3","5","09","18","3","","0","1","1","0","0"
"POINT (10.011484399000000 53.523092449000004)","Unfall 97925 (2016) Kat:3, Licht: 0","97925","3","7","0","09","11","1","","0","1","0","0","0"
"POINT (10.128314734000000 53.670990781999997)","Unfall 97926 (2016) Kat:3, Licht: 0","97926","3","6","4","09","08","2","","0","1","0","0","0"
"POINT (10.108116151000001 53.543605063000001)","Unfall 97927 (2016) Kat:3, Licht: 0","97927","3","3","5","09","14","2","","0","0","1","0","0"
"POINT (10.016279793000001 53.567651312999999)","Unfall 97928 (2016) Kat:3, Licht: 0","97928","3","3","5","09","08","3","","0","1","1","0","0"
"POINT (10.163136140000001 53.514247158000003)","Unfall 97929 (2016) Kat:3, Licht: 0","97929","3","6","3","09","11","6","","0","1","1","0","0"
"POINT (10.025444149000000 53.555687396000003)","Unfall 97930 (2016) Kat:3, Licht: 0","97930","3","3","5","09","14","4","","0","1","0","0","0"
"POINT (9.897676152000001 53.550871678000000)","Unfall 97931 (2016) Kat:3, Licht: 0","97931","3","5","1","09","07","5","","0","1","1","0","0"
"POINT (9.962608353000000 53.564509817000001)","Unfall 97932 (2016) Kat:3, Licht: 0","97932","3","3","5","09","16","7","","0","1","1","0","0"
"POINT (9.929019364000000 53.551959103999998)","Unfall 97933 (2016) Kat:3, Licht: 0","97933","3","7","0","09","11","4","","0","1","0","0","0"
"POINT (10.056499763000000 53.549597247000001)","Unfall 97934 (2016) Kat:2, Licht: 0","97934","2","3","5","09","11","2","","0","1","1","0","0"
"POINT (10.011134565000001 53.615646812000001)","Unfall 97935 (2016) Kat:3, Licht: 0","97935","3","7","6","09","19","6","","0","0","1","1","0"
"POINT (10.160912587000000 53.596668760999997)","Unfall 97936 (2016) Kat:3, Licht: 0","97936","3","3","5","09","09","4","","0","0","1","0","1"
"POINT (10.152446595000001 53.603976107999998)","Unfall 97937 (2016) Kat:3, Licht: 0","97937","3","3","5","09","13","6","","0","1","1","0","0"
"POINT (10.060408265000000 53.473008436000001)","Unfall 97938 (2016) Kat:3, Licht: 0","97938","3","5","1","09","08","4","","0","1","1","0","0"
"POINT (10.135553292999999 53.570488496000003)","Unfall 97939 (2016) Kat:3, Licht: 0","97939","3","6","3","09","18","3","","0","0","1","0","1"
"POINT (9.988622105999999 53.581185900000001)","Unfall 97940 (2016) Kat:3, Licht: 2","97940","3","3","5","09","22","5","","2","1","1","0","0"
"POINT (10.005426846000001 53.557972929999998)","Unfall 97941 (2016) Kat:3, Licht: 0","97941","3","6","2","09","13","4","","0","0","1","0","0"
"POINT (10.048408607000001 53.568045656000002)","Unfall 97942 (2016) Kat:3, Licht: 0","97942","3","6","3","09","15","6","","0","0","1","0","0"
"POINT (10.110235845000000 53.653730240000002)","Unfall 97943 (2016) Kat:3, Licht: 0","97943","3","3","5","09","14","2","","0","0","1","0","0"
"POINT (10.148652413000001 53.605174126000001)","Unfall 97944 (2016) Kat:3, Licht: 0","97944","3","6","4","09","09","2","","0","1","0","0","0"
"POINT (10.113267278000000 53.599601939000003)","Unfall 97945 (2016) Kat:3, Licht: 2","97945","3","3","5","09","21","2","","2","0","1","0","0"
"POINT (10.099394170000000 53.587877435999999)","Unfall 97946 (2016) Kat:3, Licht: 0","97946","3","2","0","09","08","3","","0","1","1","0","0"
"POINT (10.012943928000000 53.552293354000000)","Unfall 97947 (2016) Kat:3, Licht: 0","97947","3","2","4","09","10","2","","0","1","0","0","0"
"POINT (9.996063805000000 53.584644894999997)","Unfall 97948 (2016) Kat:3, Licht: 0","97948","3","7","0","09","17","4","","0","1","1","0","0"
"POINT (10.001201933000001 53.567132649999998)","Unfall 97949 (2016) Kat:3, Licht: 0","97949","3","7","0","09","13","3","","0","0","1","0","0"
"POINT (10.154438995000000 53.602823782999998)","Unfall 97950 (2016) Kat:3, Licht: 0","97950","3","3","5","09","13","3","","0","0","1","0","1"
"POINT (9.875603239000000 53.473820879999998)","Unfall 97951 (2016) Kat:3, Licht: 1","97951","3","4","6","09","07","5","","1","0","0","1","0"
"POINT (9.952338723000000 53.567339637000003)","Unfall 97952 (2016) Kat:3, Licht: 0","97952","3","2","5","09","10","2","","0","1","1","0","0"
"POINT (10.177981033000000 53.485234992000002)","Unfall 97953 (2016) Kat:3, Licht: 0","97953","3","3","5","09","16","3","","0","1","1","0","0"
"POINT (9.940078239000000 53.618816713999998)","Unfall 97954 (2016) Kat:2, Licht: 0","97954","2","6","3","09","13","6","","0","1","1","0","0"
"POINT (9.763543942000000 53.578885380000003)","Unfall 97955 (2016) Kat:3, Licht: 0","97955","3","5","1","09","18","2","","0","1","1","0","0"
"POINT (10.124938152000000 53.598554559000000)","Unfall 97956 (2016) Kat:2, Licht: 0","97956","2","7","5","09","17","2","","0","1","0","0","0"
"POINT (10.023793065000000 53.567361378999998)","Unfall 97957 (2016) Kat:3, Licht: 0","97957","3","6","3","09","09","4","","0","1","1","0","0"
"POINT (10.109400376000000 53.591438908000001)","Unfall 97958 (2016) Kat:3, Licht: 0","97958","3","7","0","09","07","2","","0","0","0","0","1"
"POINT (10.082612583000000 53.556515687000001)","Unfall 97959 (2016) Kat:3, Licht: 0","97959","3","2","2","09","14","7","","0","0","1","0","0"
"POINT (10.087006169000000 53.604825667000000)","Unfall 97960 (2016) Kat:3, Licht: 0","97960","3","2","4","09","10","3","","0","0","1","0","0"
"POINT (9.776987355999999 53.576035455000003)","Unfall 97961 (2016) Kat:3, Licht: 0","97961","3","2","5","09","13","1","","0","1","1","0","0"
"POINT (10.080603995000001 53.503467665000002)","Unfall 97962 (2016) Kat:3, Licht: 0","97962","3","7","9","09","14","2","","0","0","1","0","0"
"POINT (9.990189614000000 53.543140975000000)","Unfall 97963 (2016) Kat:3, Licht: 0","97963","3","2","3","09","16","2","","0","1","0","0","0"
"POINT (9.932443406000001 53.587551275999999)","Unfall 97964 (2016) Kat:3, Licht: 0","97964","3","4","6","09","09","3","","0","0","1","1","0"
"POINT (10.212102791000000 53.504022257000003)","Unfall 97965 (2016) Kat:3, Licht: 0","97965","3","3","5","09","16","6","","0","1","1","0","0"
"POINT (9.965444701999999 53.572916991000000)","Unfall 97966 (2016) Kat:3, Licht: 0","97966","3","7","0","09","16","4","","0","1","0","0","0"
"POINT (9.794388480000000 53.558796090999998)","Unfall 97967 (2016) Kat:3, Licht: 0","97967","3","7","0","09","19","5","","0","1","0","0","0"
"POINT (10.106336548000000 53.686813917000002)","Unfall 97968 (2016) Kat:3, Licht: 0","97968","3","7","0","09","08","2","","0","0","0","0","1"
"POINT (9.853032194000001 53.593240330999997)","Unfall 97969 (2016) Kat:3, Licht: 2","97969","3","2","5","09","21","7","","2","0","1","0","0"
"POINT (10.116130053999999 53.571024876999999)","Unfall 97970 (2016) Kat:3, Licht: 2","97970","3","5","1","09","05","3","","2","0","1","0","0"
"POINT (9.862011226000000 53.577805267999999)","Unfall 97971 (2016) Kat:3, Licht: 0","97971","3","3","5","09","17","3","","0","1","1","0","0"
"POINT (10.011024772000001 53.648883255000001)","Unfall 97972 (2016) Kat:3, Licht: 0","97972","3","6","2","09","13","2","","0","0","1","0","0"
"POINT (9.826515595000000 53.564767201999999)","Unfall 97973 (2016) Kat:3, Licht: 0","97973","3","6","2","09","12","4","","0","0","1","0","0"
"POINT (9.887076716999999 53.598860109999997)","Unfall 97974 (2016) Kat:3, Licht: 0","97974","3","3","5","09","07","4","","0","1","1","0","0"
"POINT (10.015279384999999 53.632936876999999)","Unfall 97975 (2016) Kat:3, Licht: 0","97975","3","2","4","09","07","5","","0","1","1","0","0"
"POINT (10.000440395000000 53.621532569999999)","Unfall 97976 (2016) Kat:3, Licht: 0","97976","3","3","5","09","11","2","","0","0","1","0","0"
"POINT (10.084986341000000 53.568508684000001)","Unfall 97977 (2016) Kat:3, Licht: 0","97977","3","3","0","09","15","7","","0","1","1","0","0"
"POINT (10.086275876000000 53.628629574000001)","Unfall 97978 (2016) Kat:3, Licht: 0","97978","3","7","3","09","18","3","","0","0","1","0","0"
"POINT (9.901304162000001 53.610110181000003)","Unfall 97979 (2016) Kat:1, Licht: 2","97979","1","4","6","09","04","3","","2","0","1","1","0"
"POINT (9.970392618000000 53.546747093000000)","Unfall 97980 (2016) Kat:3, Licht: 0","97980","3","7","0","09","14","1","","0","1","0","1","0"
"POINT (10.026590755999999 53.553876004999999)","Unfall 97981 (2016) Kat:3, Licht: 0","97981","3","3","5","09","18","2","","0","1","1","0","0"
"POINT (9.832982324000000 53.556182743999997)","Unfall 97982 (2016) Kat:3, Licht: 0","97982","3","6","1","09","12","3","","0","0","1","0","1"
"POINT (10.110474292999999 53.592884599999998)","Unfall 97983 (2016) Kat:2, Licht: 0","97983","2","3","5","09","07","6","","0","0","1","0","0"
"POINT (9.975292649000000 53.560419768999999)","Unfall 97984 (2016) Kat:3, Licht: 0","97984","3","2","5","09","14","5","","0","1","1","0","0"