WKT,Name,OBJECTID,UKATEGORIE,UTYP1,UART,UMONAT,USTUNDE,UWOCHENTAG,STRZUSTAND,ULICHTVERH,ISTRAD,ISTPKW,ISTFUSS,ISTKRAD
"POINT (9.976285710000001 53.465266921999998)","Unfall 97985 (2016) Kat:3, Licht: 0","97985","3","3","5","09","09","3","","0","1","1","0","0"
"POINT (10.148946143000000 53.606308961000003)","Unfall 97986 (2016) Kat:3, Licht: 0","97986","3","2","5","09","09","3","","0","0","1","0","0"
"POINT (9.983829809000000 53.595718224000002)","Unfall 97987 (2016) Kat:3, Licht: 1","97987","3","3","5","09","05","5","","1","0","1","0","0"
"POINT (9.993117627000000 53.543161498000003)","Unfall 97988 (2016) Kat:2, Licht: 0","97988","2","3","5","09","10","7","","0","1","1","0","0"
"POINT (9.986854559999999 53.572644320000002)","Unfall 97989 (2016) Kat:3, Licht: 1","97989","3","5","1","09","19","4","","1","1","0","0","0"
"POINT (10.018305932000001 53.564653825000001)","Unfall 97990 (2016) Kat:2, Licht: 0","97990","2","6","2","09","17","6","","0","0","1","0","0"
"POINT (9.942061387000001 53.599143802000000)","Unfall 97991 (2016) Kat:3, Licht: 0","97991","3","3","5","09","18","3","","0","1","0","0","0"
"POINT (10.013793886000000 53.502745275999999)","Unfall 97992 (2016) Kat:3, Licht: 0","97992","3","5","1","09","12","7","","0","0","1","0","0"
"POINT (10.033204158000000 53.621454941000003)","Unfall 97993 (2016) Kat:3, Licht: 0","97993","3","6","3","09","08","2","","0","0","1","0","0"
"POINT (10.073766839999999 53.588734662999997)","Unfall 97994 (2016) Kat:3, Licht: 0","97994","3","5","0","09","15","6","","0","1","1","0","0"
"POINT (10.208742234000001 53.482294005999997)","Unfall 97995 (2016) Kat:3, Licht: 0","97995","3","3","5","09","14","4","","0","1","1","0","0"
"POINT (9.894047176000001 53.473147085000001)","Unfall 97996 (2016) Kat:3, Licht: 0","97996","3","3","5","09","15","3","","0","1","1","0","0"
"POINT (9.898791902999999 53.605811486000000)","Unfall 97997 (2016) Kat:3, Licht: 0","97997","3","2","5","09","15","6","","0","1","1","0","0"
"POINT (10.011013123000000 53.582088482000003)","Unfall 97998 (2016) Kat:3, Licht: 0","97998","3","6","3","09","09","2","","0","1","1","0","0"
"POINT (10.024926161000000 53.562657620000003)","Unfall 97999 (2016) Kat:3, Licht: 0","97999","3","7","3","09","17","2","","0","0","1","0","0"
"POINT (10.035665873999999 53.575070898000000)","Unfall 98000 (2016) Kat:3, Licht: 0","98000","3","2","3","09","08","2","","0","1","1","0","0"
"POINT (10.057630672000000 53.590714749999997)","Unfall 98001 (2016) Kat:3, Licht: 0","98001","3","6","3","09","10","2","","0","0","1","0","0"
"POINT (10.004094040000000 53.585440312999999)","Unfall 98002 (2016) Kat:3, Licht: 0","98002","3","3","5","09","08","6","","0","0","1","0","1"
"POINT (10.084584095000000 53.643977372999998)","Unfall 98003 (2016) Kat:3, Licht: 0","98003","3","6","2","09","17","4","","0","0","1","0","0"
"POINT (9.953121179000000 53.549555792000000)","Unfall 98004 (2016) Kat:3, Licht: 0","98004","3","3","5","09","18","3","","0","0","1","0","1"
"POINT (10.084586168000000 53.550821896000002)","Unfall 98005 (2016) Kat:3, Licht: 2","98005","3","2","4","09","05","3","","2","0","1","0","0"
"POINT (9.988964542000000 53.558174317000002)","Unfall 98006 (2016) Kat:3, Licht: 0","98006","3","6","1","09","11","6","","0","1","1","0","0"
"POINT (9.894446815000000 53.552758478999998)","Unfall 98007 (2016) Kat:3, Licht: 0","98007","3","3","5","09","17","2","","0","1","1","0","0"
"POINT (9.775882269000000 53.576392376999998)","Unfall 98008 (2016) Kat:3, Licht: 0","98008","3","5","1","09","10","3","","0","0","1","0","0"
"POINT (9.883752358000001 53.611890197999998)","Unfall 98009 (2016) Kat:3, Licht: 0","98009","3","3","6","09","11","2","","0","1","0","1","0"
"POINT (9.907181797000000 53.616266950000004)","Unfall 98010 (2016) Kat:3, Licht: 0","98010","3","2","5","09","16","4","","0","1","1","0","0"
"POINT (10.020635356000000 53.550427073000002)","Unfall 98011 (2016) Kat:3, Licht: 1","98011","3","2","6","09","19","5","","1","0","1","1","0"
"POINT (9.904837585999999 53.606642936000000)","Unfall 98012 (2016) Kat:3, Licht: 0","98012","3","3","5","09","12","2","","0","1","1","0","0"
"POINT (10.059272084000000 53.549746020000001)","Unfall 98013 (2016) Kat:3, Licht: 2","98013","3","5","5","09","03","7","","2","0","1","0","0"
"POINT (10.032685958000000 53.612046964999998)","Unfall 98014 (2016) Kat:3, Licht: 0","98014","3","1","1","09","15","3","","0","0","1","0","0"
"POINT (10.184098128000000 53.657897370000001)","Unfall 98015 (2016) Kat:3, Licht: 0","98015","3","3","5","09","08","3","","0","1","0","0","0"
"POINT (9.935925424000001 53.550280376000003)","Unfall 98016 (2016) Kat:3, Licht: 0","98016","3","2","3","09","17","1","","0","1","1","0","0"
"POINT (10.080100599000000 53.562064532999997)","Unfall 98017 (2016) Kat:3, Licht: 1","98017","3","3","5","09","19","2","","1","1","1","0","0"
"POINT (10.049556081000000 53.601820744000001)","Unfall 98018 (2016) Kat:2, Licht: 2","98018","2","3","5","09","19","3","","2","0","1","0","1"
"POINT (9.990471983000001 53.447325724000002)","Unfall 98019 (2016) Kat:2, Licht: 0","98019","2","2","6","09","11","1","","0","0","1","1","0"
"POINT (10.037010499999999 53.565125567000003)","Unfall 98020 (2016) Kat:3, Licht: 2","98020","3","2","2","09","20","4","","2","0","1","0","0"
"POINT (9.895902616000001 53.519309401000001)","Unfall 98021 (2016) Kat:3, Licht: 0","98021","3","7","6","09","15","3","","0","0","0","1","0"
"POINT (10.123054433000000 53.570998021999998)","Unfall 98022 (2016) Kat:3, Licht: 0","98022","3","7","1","09","08","3","","0","1","1","0","0"
"POINT (10.174661876000000 53.476745561000001)","Unfall 98023 (2016) Kat:2, Licht: 0","98023","2","7","6","09","17","5","","0","0","1","1","0"
"POINT (9.952252644000000 53.601384985000003)","Unfall 98024 (2016) Kat:3, Licht: 0","98024","3","4","6","09","16","2","","0","0","1","1","0"
"POINT (9.884002188000000 53.601087128000003)","Unfall 98025 (2016) Kat:2, Licht: 0","98025","2","4","6","09","07","3","","0","0","1","1","0"
"POINT (9.944615909000000 53.578682631000000)","Unfall 98026 (2016) Kat:2, Licht: 0","98026","2","5","1","09","16","4","","0","1","1","0","0"
"POINT (9.922148282000000 53.548153454999998)","Unfall 98027 (2016) Kat:3, Licht: 1","98027","3","3","5","09","19","4","","1","1","0","0","0"
"POINT (10.010344448000000 53.583777560999998)","Unfall 98028 (2016) Kat:3, Licht: 0","98028","3","3","6","09","08","5","","0","1","0","1","0"
"POINT (9.912406735999999 53.554062096000003)","Unfall 98029 (2016) Kat:2, Licht: 0","98029","2","3","5","09","13","2","","0","1","1","0","0"
"POINT (10.025795706000000 53.669567295000000)","Unfall 98030 (2016) Kat:3, Licht: 2","98030","3","2","4","09","21","7","","2","0","1","0","0"
"POINT (10.057534655000000 53.646406134000003)","Unfall 98031 (2016) Kat:3, Licht: 1","98031","3","3","5","09","05","3","","1","1","1","0","0"
"POINT (9.898425678000001 53.570634800000001)","Unfall 98032 (2016) Kat:2, Licht: 2","98032","2","2","4","09","22","3","","2","1","1","0","0"
"POINT (10.011917714999999 53.552554153999999)","Unfall 98033 (2016) Kat:2, Licht: 0","98033","2","7","6","09","13","1","","0","0","1","1","0"
"POINT (10.080271456000000 53.609300812000001)","Unfall 98034 (2016) Kat:3, Licht: 0","98034","3","5","1","09","16","2","","0","0","1","0","0"
"POINT (10.102076407000000 53.580516289000002)","Unfall 98035 (2016) Kat:3, Licht: 0","98035","3","3","5","09","18","6","","0","0","1","0","0"
"POINT (9.905662384999999 53.633336090000000)","Unfall 98036 (2016) Kat:2, Licht: 0","98036","2","3","5","09","08","3","","0","1","1","0","0"
"POINT (10.194779357000000 53.474228740999997)","Unfall 98037 (2016) Kat:3, Licht: 0","98037","3","2","3","09","13","6","","0","1","1","0","0"
"POINT (9.960305283000000 53.563800856999997)","Unfall 98038 (2016) Kat:3, Licht: 0","98038","3","7","8","09","08","4","","0","0","1","0","0"
"POINT (9.889659788000000 53.570208645000001)","Unfall 98039 (2016) Kat:3, Licht: 0","98039","3","6","1","09","16","5","","0","0","1","0","0"
"POINT (9.948000290000000 53.553512812000001)","Unfall 98040 (2016) Kat:3, Licht: 0","98040","3","4","6","09","12","7","","0","0","1","1","0"
"POINT (9.920386161000000 53.637715540000002)","Unfall 98041 (2016) Kat:3, Licht: 0","98041","3","6","3","09","15","2","","0","0","1","0","0"
"POINT (10.098015958000000 53.655625268999998)","Unfall 98042 (2016) Kat:3, Licht: 0","98042","3","2","6","09","12","6","","0","0","0","1","0"
"POINT (10.037794780000000 53.544991846999999)","Unfall 98043 (2016) Kat:3, Licht: 0","98043","3","5","1","09","09","4","","0","0","1","0","1"
"POINT (9.995840052000000 53.499546784000003)","Unfall 98044 (2016) Kat:3, Licht: 0","98044","3","6","2","09","15","3","","0","0","1","0","0"
"POINT (9.952787597000000 53.634303807999999)","Unfall 98045 (2016) Kat:2, Licht: 2","98045","2","6","4","09","21","6","","2","1","0","0","0"
"POINT (9.906658160999999 53.489457920000000)","Unfall 98046 (2016) Kat:3, Licht: 0","98046","3","2","2","09","09","4","","0","0","1","0","0"
"POINT (9.972709860000000 53.574603568000001)","Unfall 98047 (2016) Kat:3, Licht: 0","98047","3","7","6","09","16","5","","0","0","1","1","0"
"POINT (9.993190141000000 53.552779772999997)","Unfall 98048 (2016) Kat:3, Licht: 0","98048","3","3","5","09","15","4","","0","0","1","0","0"
"POINT (10.056320212999999 53.573572513000002)","Unfall 98049 (2016) Kat:3, Licht: 0","98049","3","2","2","09","15","6","","0","0","1","0","1"
"POINT (10.064852489000000 53.653542145999999)","Unfall 98050 (2016) Kat:3, Licht: 0","98050","3","2","5","09","11","2","","0","1","1","0","0"
"POINT (9.976988794000000 53.589395496999998)","Unfall 98051 (2016) Kat:3, Licht: 0","98051","3","3","6","09","13","2","","0","1","0","1","0"
"POINT (9.945104260000001 53.546126245000004)","Unfall 98052 (2016) Kat:3, Licht: 2","98052","3","3","5","09","21","2","","2","0","1","0","1"
"POINT (10.132844316000000 53.628772689999998)","Unfall 98053 (2016) Kat:2, Licht: 0","98053","2","3","5","09","12","3","","0","1","1","0","0"
"POINT (9.991592732000001 53.545952073000002)","Unfall 98054 (2016) Kat:3, Licht: 0","98054","3","7","1","09","06","2","","0","0","1","0","0"
"POINT (10.010105235999999 53.611718379000003)","Unfall 98055 (2016) Kat:3, Licht: 0","98055","3","2","5","09","13","4","","0","0","1","0","0"
"POINT (9.994450122000000 53.558776588999997)","Unfall 98056 (2016) Kat:3, Licht: 0","98056","3","3","5","09","15","3","","0","1","1","0","0"
"POINT (10.015232673000000 53.545618654999998)","Unfall 98057 (2016) Kat:3, Licht: 0","98057","3","6","3","09","15","3","","0","0","1","0","1"
"POINT (9.896564144999999 53.515515483000001)","Unfall 98058 (2016) Kat:3, Licht: 0","98058","3","2","4","09","09","5","","0","0","1","0","0"
"POINT (9.973407400999999 53.598375967999999)","Unfall 98059 (2016) Kat:3, Licht: 0","98059","3","3","5","09","18","2","","0","1","1","0","0"
"POINT (9.936284934000000 53.548098715999998)","Unfall 98060 (2016) Kat:3, Licht: 1","98060","3","7","1","09","19","3","","1","1","1","0","0"
"POINT (9.945547618000001 53.554519087999999)","Unfall 98061 (2016) Kat:3, Licht: 0","98061","3","7","0","09","11","2","","0","1","0","0","0"
"POINT (9.926863248000000 53.592029873999998)","Unfall 98062 (2016) Kat:3, Licht: 0","98062","3","6","2","09","18","4","","0","0","1","0","0"
"POINT (10.057163782000000 53.590925263000003)","Unfall 98063 (2016) Kat:3, Licht: 0","98063","3","6","2","09","17","2","","0","0","1","0","0"
"POINT (9.977090758999999 53.553660108999999)","Unfall 98064 (2016) Kat:3, Licht: 0","98064","3","7","3","09","10","2","","0","0","1","0","0"
"POINT (10.017748469000001 53.564280361000002)","Unfall 98065 (2016) Kat:3, Licht: 0","98065","3","3","0","09","11","4","","0","1","1","0","0"
"POINT (9.968227132999999 53.546101411999999)","Unfall 98066 (2016) Kat:3, Licht: 0","98066","3","6","0","09","08","2","","0","0","1","0","1"
"POINT (10.071111785999999 53.558999085000004)","Unfall 98067 (2016) Kat:3, Licht: 0","98067","3","6","2","09","14","7","","0","0","1","0","0"
"POINT (10.077045600000000 53.616448306999999)","Unfall 98068 (2016) Kat:3, Licht: 0","98068","3","6","2","09","09","3","","0","0","1","0","0"
"POINT (9.926094596000000 53.597508785999999)","Unfall 98069 (2016) Kat:3, Licht: 2","98069","3","7","6","09","01","1","","2","0","1","1","0"
"POINT (10.190869056000000 53.493937279999997)","Unfall 98070 (2016) Kat:3, Licht: 0","98070","3","6","4","09","15","2","","0","1","1","0","0"
"POINT (10.043949328000000 53.539828436999997)","Unfall 98071 (2016) Kat:3, Licht: 0","98071","3","3","5","09","14","5","","0","1","0","0","0"
"POINT (9.981228314000001 53.567381990999998)","Unfall 98072 (2016) Kat:3, Licht: 0","98072","3","4","6","09","07","2","","0","1","0","0","0"
"POINT (9.962533162000000 53.554961306000003)","Unfall 98073 (2016) Kat:3, Licht: 1","98073","3","2","4","09","20","3","","1","1","1","0","0"
"POINT (9.943138542000000 53.457911123000002)","Unfall 98074 (2016) Kat:3, Licht: 0","98074","3","1","1","09","17","6","","0","1","1","0","0"
"POINT (9.945253072000000 53.548527688000000)","Unfall 98075 (2016) Kat:3, Licht: 2","98075","3","3","5","09","05","4","","2","1","1","0","0"
"POINT (9.936055218000000 53.572831463000000)","Unfall 98076 (2016) Kat:2, Licht: 0","98076","2","2","3","09","12","5","","0","1","0","0","0"
"POINT (9.995184551000000 53.543361681999997)","Unfall 98077 (2016) Kat:3, Licht: 0","98077","3","2","3","09","07","2","","0","1","1","0","0"
"POINT (9.776629810999999 53.562592557999999)","Unfall 98078 (2016) Kat:3, Licht: 0","98078","3","6","0","09","14","7","","0","1","0","1","0"
"POINT (10.046535618000000 53.679939288999996)","Unfall 98079 (2016) Kat:3, Licht: 0","98079","3","6","2","09","14","3","","0","0","1","0","0"
"POINT (9.963020231000000 53.573359605999997)","Unfall 98080 (2016) Kat:3, Licht: 0","98080","3","2","5","09","19","3","","0","1","1","0","0"
"POINT (10.007140683999999 53.462860077000002)","Unfall 98081 (2016) Kat:3, Licht: 2","98081","3","4","6","09","23","7","","2","0","1","1","0"
"POINT (10.107102618000001 53.658249151000000)","Unfall 98082 (2016) Kat:3, Licht: 0","98082","3","3","5","09","14","2","","0","1","0","0","0"
"POINT (9.901195884000000 53.556910084000002)","Unfall 98083 (2016) Kat:3, Licht: 0","98083","3","2","6","09","17","4","","0","0","1","1","0"
"POINT (10.004480874000000 53.657378977999997)","Unfall 98084 (2016) Kat:3, Licht: 0","98084","3","6","2","09","18","5","","0","0","1","0","0"
"POINT (10.016753637000001 53.527455353999997)","Unfall 98085 (2016) Kat:3, Licht: 0","98085","3","3","5","09","18","2","","0","0","1","0","0"
"POINT (10.073814341000000 53.572391443000001)","Unfall 98086 (2016) Kat:2, Licht: 2","98086","2","3","5","09","22","7","","2","1","0","0","1"
"POINT (10.004462153000000 53.588077691000002)","Unfall 98087 (2016) Kat:3, Licht: 0","98087","3","5","3","09","09","3","","0","1","0","0","0"
"POINT (10.049771043000000 53.573731856999999)","Unfall 98088 (2016) Kat:2, Licht: 0","98088","2","7","0","09","10","3","","0","1","0","0","0"
"POINT (9.998319592000000 53.579191729999998)","Unfall 98089 (2016) Kat:3, Licht: 0","98089","3","3","5","09","11","1","","0","1","1","0","0"
"POINT (10.127544954999999 53.541907921000004)","Unfall 98090 (2016) Kat:3, Licht: 0","98090","3","7","0","09","10","2","","0","0","1","0","0"
"POINT (9.970273236000001 53.557279336000001)","Unfall 98091 (2016) Kat:3, Licht: 0","98091","3","6","2","09","10","3","","0","0","1","0","0"
"POINT (10.101546732999999 53.585303324999998)","Unfall 98092 (2016) Kat:2, Licht: 0","98092","2","5","1","09","10","6","","0","1","1","0","0"
"POINT (10.005962462999999 53.551447154999998)","Unfall 98093 (2016) Kat:3, Licht: 0","98093","3","6","0","09","12","5","","0","0","1","0","0"
"POINT (10.006374716000000 53.554858496999998)","Unfall 98094 (2016) Kat:3, Licht: 0","98094","3","2","4","09","07","4","","0","1","1","0","0"
"POINT (9.973117071000001 53.594796670000001)","Unfall 98095 (2016) Kat:3, Licht: 0","98095","3","6","1","09","10","5","","0","1","1","0","0"
"POINT (9.997662142999999 53.550697599000003)","Unfall 98096 (2016) Kat:3, Licht: 1","98096","3","4","0","09","19","7","","1","1","0","1","0"
"POINT (9.938024350999999 53.550189758000002)","Unfall 98097 (2016) Kat:3, Licht: 0","98097","3","3","5","09","16","4","","0","0","1","0","0"
"POINT (9.977408140000000 53.506809822000001)","Unfall 98098 (2016) Kat:3, Licht: 2","98098","3","7","8","09","21","1","","2","0","1","0","0"
"POINT (9.988508894000001 53.557562685999997)","Unfall 98099 (2016) Kat:3, Licht: 0","98099","3","3","0","09","14","3","","0","1","0","0","0"
"POINT (10.193471472000001 53.609808624000003)","Unfall 98100 (2016) Kat:3, Licht: 0","98100","3","7","0","09","16","6","","0","0","0","0","1"
"POINT (10.065691070000000 53.467884818999998)","Unfall 98101 (2016) Kat:3, Licht: 1","98101","3","6","1","09","20","4","","1","1","1","0","0"
"POINT (9.992122853000000 53.466828679000002)","Unfall 98102 (2016) Kat:3, Licht: 0","98102","3","7","1","09","13","4","","0","0","1","0","0"
"POINT (10.056867350999999 53.567993283000000)","Unfall 98103 (2016) Kat:3, Licht: 0","98103","3","3","5","09","16","6","","0","1","1","0","0"
"POINT (10.009085647999999 53.613022514000001)","Unfall 98104 (2016) Kat:3, Licht: 0","98104","3","6","4","09","07","2","","0","1","0","0","0"
"POINT (10.013611357000000 53.501595043000002)","Unfall 98105 (2016) Kat:3, Licht: 0","98105","3","2","6","09","14","1","","0","0","1","1","0"
"POINT (10.069738445000000 53.526351529000003)","Unfall 98106 (2016) Kat:3, Licht: 2","98106","3","3","5","09","23","1","","2","0","1","0","0"
"POINT (10.095157257000000 53.588221498999999)","Unfall 98107 (2016) Kat:3, Licht: 0","98107","3","6","2","09","18","3","","0","0","1","0","0"
"POINT (10.007083296999999 53.558521091000003)","Unfall 98108 (2016) Kat:3, Licht: 0","98108","3","6","1","09","07","2","","0","0","1","0","0"
"POINT (10.046850171000001 53.582821266000003)","Unfall 98109 (2016) Kat:3, Licht: 0","98109","3","6","3","09","18","4","","0","0","1","0","0"
"POINT (10.000871906000000 53.555491220000000)","Unfall 98110 (2016) Kat:3, Licht: 2","98110","3","2","6","09","21","2","","2","0","1","1","0"
"POINT (10.019156558000001 53.623786381000002)","Unfall 98111 (2016) Kat:3, Licht: 0","98111","3","3","4","09","07","6","","0","1","1","0","0"
"POINT (10.137012650000001 53.574883034000003)","Unfall 98112 (2016) Kat:3, Licht: 0","98112","3","6","2","09","19","4","","0","0","1","0","1"
"POINT (10.087960208000000 53.518150857000002)","Unfall 98113 (2016) Kat:3, Licht: 0","98113","3","3","5","09","16","3","","0","0","1","0","1"
"POINT (9.950954073000000 53.546503956000002)","Unfall 98114 (2016) Kat:3, Licht: 0","98114","3","7","7","09","16","6","","0","1","0","0","0"
"POINT (9.866621126000000 53.580266428000002)","Unfall 98115 (2016) Kat:3, Licht: 0","98115","3","3","5","09","08","2","","0","0","1","0","0"
"POINT (10.096907160000001 53.619876056999999)","Unfall 98116 (2016) Kat:3, Licht: 0","98116","3","1","8","09","19","1","","0","0","1","0","0"
"POINT (10.044638408000001 53.579115895999998)","Unfall 98117 (2016) Kat:3, Licht: 0","98117","3","3","5","09","10","4","","0","1","1","0","0"
"POINT (10.064515331000001 53.560054764999997)","Unfall 98118 (2016) Kat:3, Licht: 0","98118","3","3","5","09","07","5","","0","1","1","0","0"
"POINT (9.991696299999999 53.618292318999998)","Unfall 98119 (2016) Kat:3, Licht: 0","98119","3","6","0","09","14","1","","0","0","0","0","1"
"POINT (10.021513072999999 53.544547082999998)","Unfall 98120 (2016) Kat:3, Licht: 2","98120","3","5","1","09","02","7","","2","0","1","0","0"
"POINT (10.069976319000000 53.603164155999998)","Unfall 98121 (2016) Kat:2, Licht: 0","98121","2","2","4","09","12","3","","0","0","1","0","0"
"POINT (9.911198918000000 53.636442502000001)","Unfall 98122 (2016) Kat:3, Licht: 0","98122","3","3","5","09","17","1","","0","1","1","0","0"
"POINT (10.203074070000000 53.491311848000002)","Unfall 98123 (2016) Kat:3, Licht: 0","98123","3","6","3","09","08","2","","0","0","1","0","0"
"POINT (9.977050657000000 53.563684101000000)","Unfall 98124 (2016) Kat:2, Licht: 0","98124","2","3","5","09","09","2","","0","1","1","0","0"
"POINT (9.980818394000000 53.424476531000003)","Unfall 98125 (2016) Kat:3, Licht: 1","98125","3","2","1","09","19","2","","1","0","1","0","0"
"POINT (10.136209590000000 53.613769988999998)","Unfall 98126 (2016) Kat:3, Licht: 0","98126","3","3","5","09","09","3","","0","1","1","0","0"
"POINT (10.030337740000000 53.522728311000002)","Unfall 98127 (2016) Kat:3, Licht: 1","98127","3","7","3","09","06","5","","1","0","1","0","1"
"POINT (9.979141608000001 53.606988688000001)","Unfall 98128 (2016) Kat:3, Licht: 0","98128","3","7","1","09","18","2","","0","0","1","0","0"
"POINT (9.959024688000000 53.443430690000000)","Unfall 98129 (2016) Kat:3, Licht: 0","98129","3","7","6","09","15","2","","0","0","1","1","0"
"POINT (9.900732007000000 53.545830610000003)","Unfall 98130 (2016) Kat:3, Licht: 0","98130","3","3","0","09","08","4","","0","0","1","0","0"
"POINT (9.976934234000000 53.601574288000002)","Unfall 98131 (2016) Kat:3, Licht: 0","98131","3","5","1","09","18","4","","0","0","1","0","1"
"POINT (10.024962710000000 53.600869170999999)","Unfall 98132 (2016) Kat:3, Licht: 0","98132","3","6","3","09","08","5","","0","0","1","0","0"
"POINT (9.996810443999999 53.558030244000001)","Unfall 98133 (2016) Kat:3, Licht: 2","98133","3","4","6","09","00","1","","2","0","1","1","0"
"POINT (10.108017266999999 53.701799831999999)","Unfall 98134 (2016) Kat:3, Licht: 0","98134","3","6","6","09","18","7","","0","0","1","1","0"
"POINT (10.046806809000000 53.567697496000001)","Unfall 98135 (2016) Kat:3, Licht: 1","98135","3","7","0","09","20","3","","1","1","1","0","0"
"POINT (9.812281027999999 53.562352351999998)","Unfall 98136 (2016) Kat:3, Licht: 0","98136","3","7","0","09","11","3","","0","1","1","0","0"
"POINT (9.999685316000001 53.547011687000001)","Unfall 98137 (2016) Kat:3, Licht: 0","98137","3","6","0","09","12","1","","0","0","1","0","1"
"POINT (10.085570661000000 53.586053722000003)","Unfall 98138 (2016) Kat:3, Licht: 0","98138","3","3","4","09","15","2","","0","1","0","0","0"
"POINT (10.105492469000000 53.493186580000000)","Unfall 98139 (2016) Kat:3, Licht: 0","98139","3","3","5","09","17","2","","0","0","1","0","0"
"POINT (10.102994811000000 53.577990473000000)","Unfall 98140 (2016) Kat:3, Licht: 0","98140","3","7","5","09","15","6","","0","0","1","1","0"
"POINT (9.974513522000001 53.467771761000002)","Unfall 98141 (2016) Kat:3, Licht: 0","98141","3","7","0","09","16","5","","0","0","0","0","1"
"POINT (10.027423296000000 53.533826263000002)","Unfall 98142 (2016) Kat:3, Licht: 0","98142","3","3","5","09","17","3","","0","1","1","0","0"
"POINT (9.942125473000001 53.566115086000003)","Unfall 98143 (2016) Kat:3, Licht: 0","98143","3","5","1","09","18","5","","0","1","1","0","0"
"POINT (9.994342831999999 53.550615479999998)","Unfall 98144 (2016) Kat:3, Licht: 0","98144","3","4","6","09","15","7","","0","1","0","1","0"
"POINT (10.184530103000000 53.486483512000000)","Unfall 98145 (2016) Kat:3, Licht: 0","98145","3","6","2","09","13","6","","0","0","1","0","0"
"POINT (9.965687447000001 53.570972849000000)","Unfall 98146 (2016) Kat:3, Licht: 0","98146","3","5","5","09","09","4","","0","1","1","0","0"
"POINT (9.871772736000001 53.554959007999997)","Unfall 98147 (2016) Kat:3, Licht: 0","98147","3","3","5","09","19","5","","0","1","1","0","0"
"POINT (9.969522651000000 53.576595836000003)","Unfall 98148 (2016) Kat:3, Licht: 0","98148","3","3","5","09","07","7","","0","1","1","0","0"
"POINT (9.947453438000000 53.577896650000000)","Unfall 98149 (2016) Kat:3, Licht: 0","98149","3","3","5","09","18","3","","0","0","1","0","1"
"POINT (10.132703288000000 53.547175406999997)","Unfall 98150 (2016) Kat:3, Licht: 2","98150","3","3","0","09","21","7","","2","0","1","0","1"
"POINT (9.977015996000000 53.553599871000003)","Unfall 98151 (2016) Kat:3, Licht: 2","98151","3","7","2","09","05","1","","2","0","1","0","0"
"POINT (10.090523274000001 53.672119119000001)","Unfall 98152 (2016) Kat:3, Licht: 0","98152","3","7","5","09","09","6","","0","0","1","0","0"
"POINT (10.083487911000001 53.549942559000002)","Unfall 98153 (2016) Kat:3, Licht: 0","98153","3","3","5","09","09","4","","0","0","1","0","0"
"POINT (9.864495705000000 53.537575965000002)","Unfall 98154 (2016) Kat:3, Licht: 0","98154","3","3","5","09","13","3","","0","0","1","0","0"
"POINT (9.907312254000001 53.567334901999999)","Unfall 98155 (2016) Kat:3, Licht: 1","98155","3","3","6","09","19","6","","1","0","0","1","0"
"POINT (10.010399197000000 53.608678568000002)","Unfall 98156 (2016) Kat:3, Licht: 0","98156","3","6","1","09","12","2","","0","0","1","0","0"
"POINT (9.971501157000001 53.568007712000004)","Unfall 98157 (2016) Kat:3, Licht: 0","98157","3","6","3","09","16","4","","0","0","1","0","1"
"POINT (10.043041843999999 53.596978188000001)","Unfall 98158 (2016) Kat:2, Licht: 0","98158","2","6","3","09","16","6","","0","0","0","0","0"
"POINT (10.002181285000001 53.557083188999997)","Unfall 98159 (2016) Kat:3, Licht: 2","98159","3","3","5","09","21","1","","2","0","1","0","0"
"POINT (10.014360160000001 53.521086318999998)","Unfall 98160 (2016) Kat:3, Licht: 0","98160","3","7","0","09","18","7","","0","0","1","0","0"
"POINT (10.019493840999999 53.653283448000003)","Unfall 98161 (2016) Kat:3, Licht: 2","98161","3","2","4","09","05","4","","2","0","1","0","0"
"POINT (9.948715769000000 53.559686108000001)","Unfall 98162 (2016) Kat:3, Licht: 0","98162","3","6","2","09","13","3","","0","0","1","0","0"
"POINT (10.032629310000001 53.554654472000003)","Unfall 98163 (2016) Kat:3, Licht: 0","98163","3","6","2","09","18","3","","0","0","1","0","0"
"POINT (9.977572239000001 53.527987097000000)","Unfall 98164 (2016) Kat:3, Licht: 0","98164","3","7","1","09","14","6","","0","0","0","0","0"
"POINT (9.918462573999999 53.578356796000001)","Unfall 98165 (2016) Kat:3, Licht: 0","98165","3","2","2","09","09","2","","0","0","1","0","1"
"POINT (10.069231251000000 53.559434254000003)","Unfall 98166 (2016) Kat:3, Licht: 0","98166","3","6","3","09","17","2","","0","0","1","0","0"
"POINT (9.935611770000000 53.579472537000001)","Unfall 98167 (2016) Kat:3, Licht: 0","98167","3","3","5","09","08","4","","0","1","1","0","0"
"POINT (10.033483325000001 53.620679279999997)","Unfall 98168 (2016) Kat:3, Licht: 0","98168","3","6","6","09","18","5","","0","1","0","1","0"
"POINT (10.020537173999999 53.522932709999999)","Unfall 98169 (2016) Kat:3, Licht: 0","98169","3","6","2","09","17","7","","0","0","1","0","0"
"POINT (10.145336398000000 53.602354214999998)","Unfall 98170 (2016) Kat:3, Licht: 0","98170","3","7","8","09","17","7","","0","0","0","0","1"
"POINT (10.034254414999999 53.574478661000001)","Unfall 98171 (2016) Kat:3, Licht: 0","98171","3","6","2","09","16","3","","0","0","1","0","0"
"POINT (10.018944232000001 53.580454346000003)","Unfall 98172 (2016) Kat:3, Licht: 0","98172","3","2","4","09","16","3","","0","1","1","0","0"