WKT,Name,OBJECTID,UKATEGORIE,UTYP1,UART,UMONAT,USTUNDE,UWOCHENTAG,STRZUSTAND,ULICHTVERH,ISTRAD,ISTPKW,ISTFUSS,ISTKRAD
"POINT (9.980368566999999 53.567878551000000)","Unfall 98173 (2016) Kat:3, Licht: 0","98173","3","6","2","09","19","1","","0","0","1","0","0"
"POINT (9.973668290999999 53.550049242000000)","Unfall 98174 (2016) Kat:3, Licht: 0","98174","3","6","2","09","14","6","","0","0","1","0","0"
"POINT (9.999975473999999 53.549982421000003)","Unfall 98175 (2016) Kat:2, Licht: 0","98175","2","7","3","09","12","6","","0","0","0","0","1"
"POINT (10.000545774000001 53.555595046999997)","Unfall 98176 (2016) Kat:2, Licht: 0","98176","2","3","5","09","15","2","","0","1","1","0","0"
"POINT (10.216918786999999 53.504366898999997)","Unfall 98177 (2016) Kat:3, Licht: 0","98177","3","3","5","09","16","2","","0","1","1","0","0"
"POINT (10.046302053000000 53.608261327999998)","Unfall 98178 (2016) Kat:3, Licht: 2","98178","3","3","5","09","22","2","","2","1","1","0","0"
"POINT (10.054202434000000 53.572772587999999)","Unfall 98179 (2016) Kat:3, Licht: 2","98179","3","4","0","09","19","6","","2","0","1","1","0"
"POINT (10.097373533000001 53.588675619000000)","Unfall 98180 (2016) Kat:3, Licht: 2","98180","3","3","5","09","19","4","","2","0","1","0","1"
"POINT (10.004579970000000 53.591922984999997)","Unfall 98181 (2016) Kat:3, Licht: 0","98181","3","7","0","09","13","5","","0","1","1","0","0"
"POINT (10.143324550000001 53.569859395999998)","Unfall 98182 (2016) Kat:3, Licht: 0","98182","3","7","6","09","16","7","","0","0","1","1","0"
"POINT (10.059182764000001 53.665848852000003)","Unfall 98183 (2016) Kat:3, Licht: 0","98183","3","3","0","09","13","2","","0","0","1","0","0"
"POINT (10.111430157999999 53.582324118000002)","Unfall 98184 (2016) Kat:2, Licht: 0","98184","2","2","6","09","17","4","","0","0","1","1","0"
"POINT (9.959682101000000 53.593934605000001)","Unfall 98185 (2016) Kat:3, Licht: 0","98185","3","3","5","09","07","4","","0","1","0","0","0"
"POINT (9.999851136000000 53.554930362999997)","Unfall 98186 (2016) Kat:3, Licht: 0","98186","3","7","5","09","08","6","","0","0","1","0","0"
"POINT (10.003456978999999 53.554017657000003)","Unfall 98187 (2016) Kat:3, Licht: 0","98187","3","2","2","09","18","3","","0","0","1","0","0"
"POINT (10.079279390000000 53.572775776999997)","Unfall 98188 (2016) Kat:2, Licht: 0","98188","2","4","6","09","16","4","","0","1","0","1","0"
"POINT (9.999054197000000 53.550807839999997)","Unfall 98189 (2016) Kat:2, Licht: 0","98189","2","7","0","09","18","2","","0","1","0","0","0"
"POINT (9.894756662000001 53.583787375000000)","Unfall 98190 (2016) Kat:3, Licht: 0","98190","3","2","4","09","13","2","","0","0","1","0","0"
"POINT (10.033972044000000 53.584523294000000)","Unfall 98191 (2016) Kat:3, Licht: 2","98191","3","2","6","09","20","5","","2","0","1","1","0"
"POINT (9.914055409000000 53.564884212999999)","Unfall 98192 (2016) Kat:3, Licht: 1","98192","3","3","5","09","18","4","","1","1","1","0","0"
"POINT (10.109462786000000 53.638981684000001)","Unfall 98193 (2016) Kat:3, Licht: 0","98193","3","6","2","09","07","2","","0","1","0","0","0"
"POINT (10.093431469000000 53.656326116999999)","Unfall 98194 (2016) Kat:3, Licht: 0","98194","3","2","5","09","16","4","","0","1","1","0","0"
"POINT (10.025136085000000 53.561747674999999)","Unfall 98195 (2016) Kat:2, Licht: 0","98195","2","7","0","09","15","7","","0","0","1","0","1"
"POINT (10.022499650000000 53.629811164000003)","Unfall 98196 (2016) Kat:3, Licht: 0","98196","3","3","5","09","13","2","","0","0","1","0","0"
"POINT (10.036539690000000 53.600772276999997)","Unfall 98197 (2016) Kat:3, Licht: 0","98197","3","3","5","09","09","4","","0","1","0","0","0"
"POINT (9.969757440000000 53.550073087000001)","Unfall 98198 (2016) Kat:3, Licht: 0","98198","3","6","1","09","13","4","","0","0","1","0","0"
"POINT (9.987602396000000 53.457077546999997)","Unfall 98199 (2016) Kat:2, Licht: 0","98199","2","6","2","09","15","2","","0","0","1","0","1"
"POINT (9.898850049000000 53.477373262999997)","Unfall 98200 (2016) Kat:3, Licht: 0","98200","3","6","2","09","12","1","","0","0","1","0","0"
"POINT (9.990461300000000 53.548589731000000)","Unfall 98201 (2016) Kat:3, Licht: 0","98201","3","3","5","09","17","4","","0","1","1","0","0"
"POINT (9.992895601000001 53.462932592000001)","Unfall 98202 (2016) Kat:3, Licht: 0","98202","3","7","3","09","14","5","","0","0","1","0","0"
"POINT (10.122644610000000 53.538471190000003)","Unfall 98203 (2016) Kat:3, Licht: 0","98203","3","2","5","09","10","6","","0","0","1","0","0"
"POINT (9.975558253999999 53.588776152999998)","Unfall 98204 (2016) Kat:3, Licht: 2","98204","3","2","5","09","06","3","","2","0","1","0","1"
"POINT (9.974748220000000 53.461434648000001)","Unfall 98205 (2016) Kat:3, Licht: 2","98205","3","6","2","09","21","6","","2","1","0","0","1"
"POINT (10.002641478999999 53.587065721000002)","Unfall 98206 (2016) Kat:3, Licht: 0","98206","3","6","2","09","09","3","","0","0","1","0","0"
"POINT (10.051076425000000 53.646818392000000)","Unfall 98207 (2016) Kat:2, Licht: 0","98207","2","3","5","09","11","2","","0","1","1","0","0"
"POINT (10.147647564000000 53.489080749999999)","Unfall 98208 (2016) Kat:2, Licht: 0","98208","2","4","6","09","17","3","","0","0","1","1","0"
"POINT (10.020126291000000 53.565838665999998)","Unfall 98209 (2016) Kat:3, Licht: 0","98209","3","7","0","09","15","1","","0","1","1","0","0"
"POINT (9.989056520000000 53.593578346000001)","Unfall 98210 (2016) Kat:3, Licht: 2","98210","3","7","0","09","20","7","","2","0","0","0","0"
"POINT (9.961947393999999 53.633350231000001)","Unfall 98211 (2016) Kat:3, Licht: 0","98211","3","5","1","09","13","6","","0","1","1","0","0"
"POINT (10.035541939000000 53.551199863000001)","Unfall 98212 (2016) Kat:3, Licht: 0","98212","3","3","3","09","17","3","","0","0","1","0","0"
"POINT (10.202033931000001 53.489732992000000)","Unfall 98213 (2016) Kat:3, Licht: 0","98213","3","6","2","09","18","5","","0","0","1","0","0"
"POINT (10.072321763000000 53.577710084000003)","Unfall 98214 (2016) Kat:3, Licht: 0","98214","3","7","1","09","14","6","","0","1","1","0","0"
"POINT (10.098358216999999 53.536050648000000)","Unfall 98215 (2016) Kat:3, Licht: 0","98215","3","2","3","09","07","5","","0","1","0","0","0"
"POINT (9.967839435000000 53.468048471000003)","Unfall 98216 (2016) Kat:2, Licht: 0","98216","2","3","5","09","14","1","","0","0","1","0","1"
"POINT (9.977930561000001 53.556812690999998)","Unfall 98217 (2016) Kat:3, Licht: 0","98217","3","6","3","09","15","3","","0","0","1","0","0"
"POINT (10.057710977999999 53.575941075999999)","Unfall 98218 (2016) Kat:3, Licht: 0","98218","3","6","2","09","16","2","","0","0","1","0","0"
"POINT (10.013133422999999 53.644418850000001)","Unfall 98219 (2016) Kat:3, Licht: 0","98219","3","1","0","09","12","7","","0","0","0","0","1"
"POINT (10.021446880999999 53.566705974000001)","Unfall 98220 (2016) Kat:2, Licht: 0","98220","2","7","5","09","11","6","","0","0","1","0","0"
"POINT (10.036254505000000 53.541313287999998)","Unfall 98221 (2016) Kat:3, Licht: 1","98221","3","6","2","09","07","4","","1","0","1","0","0"
"POINT (10.082229692000000 53.620933233000002)","Unfall 98222 (2016) Kat:3, Licht: 0","98222","3","2","3","09","17","5","","0","1","1","0","0"
"POINT (10.208109767000000 53.495933588000000)","Unfall 98223 (2016) Kat:3, Licht: 0","98223","3","2","5","09","14","7","","0","0","1","0","0"
"POINT (10.191412141000001 53.503785551999997)","Unfall 98224 (2016) Kat:3, Licht: 0","98224","3","3","5","09","12","6","","0","0","1","0","0"
"POINT (9.986355659999999 53.558014686000000)","Unfall 98225 (2016) Kat:3, Licht: 0","98225","3","6","2","09","14","5","","0","0","1","0","0"
"POINT (9.980081063000000 53.568311172000001)","Unfall 98226 (2016) Kat:3, Licht: 0","98226","3","6","3","09","15","6","","0","1","0","0","0"
"POINT (10.052115307999999 53.609954559000002)","Unfall 98227 (2016) Kat:3, Licht: 1","98227","3","3","5","09","06","3","","1","1","1","0","0"
"POINT (10.149602676000001 53.569814438999998)","Unfall 98228 (2016) Kat:3, Licht: 0","98228","3","6","2","09","10","5","","0","0","1","0","0"
"POINT (9.855478907000000 53.598173031000002)","Unfall 98229 (2016) Kat:3, Licht: 0","98229","3","2","1","09","15","5","","0","0","1","0","0"
"POINT (10.113796578000001 53.624796385000003)","Unfall 98230 (2016) Kat:3, Licht: 0","98230","3","3","5","09","19","5","","0","0","1","0","0"
"POINT (10.163712343000000 53.589945147000002)","Unfall 98231 (2016) Kat:3, Licht: 0","98231","3","3","5","09","10","3","","0","1","1","0","0"
"POINT (10.100652658000000 53.549655506000001)","Unfall 98232 (2016) Kat:3, Licht: 0","98232","3","2","6","09","10","1","","0","0","1","1","0"
"POINT (10.104767258000001 53.626172705999998)","Unfall 98233 (2016) Kat:3, Licht: 0","98233","3","3","5","09","08","2","","0","0","1","0","0"
"POINT (10.065212585999999 53.578954279999998)","Unfall 98234 (2016) Kat:3, Licht: 0","98234","3","3","5","09","17","4","","0","1","1","0","0"
"POINT (10.046331158999999 53.583168268000001)","Unfall 98235 (2016) Kat:3, Licht: 0","98235","3","2","5","09","08","5","","0","1","1","0","0"
"POINT (10.091776176000000 53.598597245999997)","Unfall 98236 (2016) Kat:3, Licht: 0","98236","3","4","6","09","16","7","","0","0","1","1","0"
"POINT (10.018885832000000 53.629501163999997)","Unfall 98237 (2016) Kat:3, Licht: 0","98237","3","2","6","09","08","2","","0","0","1","1","0"
"POINT (10.097841551000000 53.655764660999999)","Unfall 98238 (2016) Kat:3, Licht: 0","98238","3","3","5","09","08","4","","0","1","1","0","0"
"POINT (9.940229886999999 53.551954862000002)","Unfall 98239 (2016) Kat:3, Licht: 0","98239","3","4","6","09","11","4","","0","1","0","1","0"
"POINT (10.060096968000000 53.571604029000000)","Unfall 98240 (2016) Kat:3, Licht: 0","98240","3","6","2","09","09","5","","0","0","1","0","0"
"POINT (10.005734759999999 53.557386459000000)","Unfall 98241 (2016) Kat:2, Licht: 0","98241","2","5","1","09","12","3","","0","1","0","0","0"
"POINT (10.078452851000000 53.584962380000000)","Unfall 98242 (2016) Kat:2, Licht: 0","98242","2","4","6","09","13","4","","0","0","1","1","0"
"POINT (10.096241689999999 53.542316333999999)","Unfall 98243 (2016) Kat:3, Licht: 0","98243","3","5","1","09","14","7","","0","0","1","0","0"
"POINT (10.018819736999999 53.661326105000001)","Unfall 98244 (2016) Kat:3, Licht: 0","98244","3","3","0","09","16","2","","0","1","0","0","0"
"POINT (10.098214412000001 53.588847817000001)","Unfall 98245 (2016) Kat:3, Licht: 0","98245","3","6","1","09","09","5","","0","0","1","0","0"
"POINT (10.006121252000000 53.550202055000000)","Unfall 98246 (2016) Kat:3, Licht: 0","98246","3","2","4","09","18","5","","0","0","1","0","0"
"POINT (10.041657110999999 53.579496863000003)","Unfall 98247 (2016) Kat:3, Licht: 0","98247","3","6","3","09","14","6","","0","0","1","0","0"
"POINT (9.958875693000000 53.620340487000000)","Unfall 98248 (2016) Kat:3, Licht: 2","98248","3","7","0","09","23","4","","2","1","0","0","0"
"POINT (10.065835291999999 53.571605538000000)","Unfall 98249 (2016) Kat:3, Licht: 0","98249","3","3","5","09","08","5","","0","1","1","1","0"
"POINT (10.046576938999999 53.583172091999998)","Unfall 98250 (2016) Kat:3, Licht: 0","98250","3","2","5","09","09","3","","0","1","1","0","0"
"POINT (10.077389763999999 53.599626309000001)","Unfall 98251 (2016) Kat:3, Licht: 0","98251","3","3","5","09","11","4","","0","0","1","0","0"
"POINT (10.133199632000000 53.577979929999998)","Unfall 98252 (2016) Kat:2, Licht: 2","98252","2","5","9","09","05","1","","2","0","1","0","0"
"POINT (9.928611656999999 53.592248574999999)","Unfall 98253 (2016) Kat:3, Licht: 2","98253","3","2","4","09","00","2","","2","0","1","0","0"
"POINT (10.025680241000000 53.649958726000001)","Unfall 98254 (2016) Kat:2, Licht: 0","98254","2","2","5","09","15","4","","0","1","1","0","0"
"POINT (9.943937774000000 53.628884026999998)","Unfall 98255 (2016) Kat:3, Licht: 2","98255","3","2","5","09","00","7","","2","1","1","0","0"
"POINT (10.013023836000000 53.640171567000003)","Unfall 98256 (2016) Kat:3, Licht: 0","98256","3","7","0","09","15","2","","0","0","0","0","1"
"POINT (10.160227789000000 53.646485662000003)","Unfall 98257 (2016) Kat:3, Licht: 0","98257","3","3","5","09","08","3","","0","0","1","0","0"
"POINT (10.049851650000001 53.568337882999998)","Unfall 98258 (2016) Kat:3, Licht: 0","98258","3","3","4","09","08","4","","0","1","1","0","0"
"POINT (10.121165611000000 53.655422639999998)","Unfall 98259 (2016) Kat:3, Licht: 0","98259","3","3","5","09","17","2","","0","1","1","0","0"
"POINT (10.205386056000000 53.485025069000002)","Unfall 98260 (2016) Kat:3, Licht: 0","98260","3","3","5","09","16","3","","0","1","1","0","0"
"POINT (10.076684648000001 53.566856811000001)","Unfall 98261 (2016) Kat:3, Licht: 0","98261","3","2","5","09","18","2","","0","1","1","0","0"
"POINT (10.013073070000001 53.644719297000002)","Unfall 98262 (2016) Kat:2, Licht: 0","98262","2","7","2","09","10","1","","0","0","1","0","1"
"POINT (10.043137059999999 53.581792172999997)","Unfall 98263 (2016) Kat:3, Licht: 0","98263","3","3","5","09","16","7","","0","1","1","0","0"
"POINT (10.180571323000001 53.603076913999999)","Unfall 98264 (2016) Kat:3, Licht: 0","98264","3","7","0","09","17","1","","0","0","0","0","1"
"POINT (9.918906994000000 53.627926873000000)","Unfall 98265 (2016) Kat:3, Licht: 1","98265","3","3","5","09","06","5","","1","0","1","0","0"
"POINT (9.940090862000000 53.547735617999997)","Unfall 98266 (2016) Kat:3, Licht: 0","98266","3","3","5","09","11","4","","0","1","1","0","0"
"POINT (10.057769883000001 53.575950732999999)","Unfall 98267 (2016) Kat:3, Licht: 0","98267","3","3","5","09","08","5","","0","1","1","0","0"
"POINT (10.164809504000001 53.472464770000002)","Unfall 98268 (2016) Kat:3, Licht: 1","98268","3","7","5","09","18","6","","1","0","1","0","1"
"POINT (9.875816887999999 53.586242614000000)","Unfall 98269 (2016) Kat:3, Licht: 2","98269","3","3","5","09","20","3","","2","0","1","0","0"
"POINT (9.983976607000001 53.544773294000002)","Unfall 98270 (2016) Kat:3, Licht: 0","98270","3","6","2","09","15","1","","0","0","1","0","0"
"POINT (9.984572066000000 53.458631130000001)","Unfall 98271 (2016) Kat:3, Licht: 0","98271","3","3","5","09","12","6","","0","0","1","0","0"
"POINT (9.951656821000000 53.577530920000001)","Unfall 98272 (2016) Kat:3, Licht: 0","98272","3","5","1","09","07","5","","0","0","1","0","1"
"POINT (9.930537580999999 53.556778903000001)","Unfall 98273 (2016) Kat:3, Licht: 2","98273","3","5","1","09","00","6","","2","1","1","0","0"
"POINT (10.080669840000001 53.581009651000002)","Unfall 98274 (2016) Kat:3, Licht: 0","98274","3","2","4","09","07","3","","0","0","1","0","1"
"POINT (10.166262696000000 53.659028939999999)","Unfall 98275 (2016) Kat:3, Licht: 1","98275","3","6","0","09","19","5","","1","1","1","0","0"
"POINT (10.117314352999999 53.649455248000002)","Unfall 98276 (2016) Kat:3, Licht: 0","98276","3","3","5","09","14","5","","0","0","1","0","0"
"POINT (9.976847290000000 53.460612472999998)","Unfall 98277 (2016) Kat:3, Licht: 0","98277","3","6","3","09","08","3","","0","0","1","0","0"
"POINT (10.073109390000001 53.645761503999999)","Unfall 98278 (2016) Kat:3, Licht: 0","98278","3","6","1","09","17","5","","0","1","1","0","0"
"POINT (10.120891671000001 53.564276151999998)","Unfall 98279 (2016) Kat:3, Licht: 0","98279","3","4","6","09","07","6","","0","0","1","1","0"
"POINT (9.981792201999999 53.579090669000003)","Unfall 98280 (2016) Kat:3, Licht: 0","98280","3","6","4","09","09","3","","0","1","1","0","0"
"POINT (10.209196392999999 53.489869869000003)","Unfall 98281 (2016) Kat:3, Licht: 0","98281","3","7","0","09","09","2","","0","1","0","0","0"
"POINT (10.069277421000001 53.559511461000000)","Unfall 98282 (2016) Kat:3, Licht: 0","98282","3","6","0","09","17","7","","0","0","1","0","0"
"POINT (10.136177848999999 53.635035436000003)","Unfall 98283 (2016) Kat:3, Licht: 0","98283","3","4","6","09","14","6","","0","0","1","1","0"
"POINT (9.990594752000000 53.494270944999997)","Unfall 98284 (2016) Kat:3, Licht: 1","98284","3","4","6","09","19","4","","1","0","0","1","0"
"POINT (9.962637479000000 53.548404673000000)","Unfall 98285 (2016) Kat:3, Licht: 2","98285","3","1","1","09","01","6","","2","0","1","0","1"
"POINT (10.034532287999999 53.601212474999997)","Unfall 98286 (2016) Kat:3, Licht: 0","98286","3","6","3","09","10","2","","0","0","1","0","0"
"POINT (10.053855021000000 53.591551858999999)","Unfall 98287 (2016) Kat:3, Licht: 0","98287","3","7","0","09","09","5","","0","1","1","0","0"
"POINT (9.957528821000000 53.568864452000000)","Unfall 98288 (2016) Kat:2, Licht: 2","98288","2","4","6","09","19","5","","2","0","1","1","0"
"POINT (9.895275788999999 53.557345542999997)","Unfall 98289 (2016) Kat:3, Licht: 0","98289","3","3","5","09","13","4","","0","1","0","0","1"
"POINT (9.923161417999999 53.595948600000000)","Unfall 98290 (2016) Kat:3, Licht: 0","98290","3","6","2","09","10","5","","0","0","1","0","0"
"POINT (10.120953954999999 53.655484317999999)","Unfall 98291 (2016) Kat:3, Licht: 0","98291","3","3","5","09","09","3","","0","1","1","0","0"
"POINT (10.116835752000000 53.707258971999998)","Unfall 98292 (2016) Kat:3, Licht: 0","98292","3","5","1","09","11","4","","0","1","1","0","0"
"POINT (10.070821208000000 53.571002354999997)","Unfall 98293 (2016) Kat:3, Licht: 0","98293","3","3","1","09","12","1","","0","0","1","0","0"
"POINT (10.077175016000000 53.653128576000000)","Unfall 98294 (2016) Kat:3, Licht: 0","98294","3","2","4","09","14","2","","0","0","1","0","0"
"POINT (10.126703070000000 53.693315282999997)","Unfall 98295 (2016) Kat:3, Licht: 0","98295","3","3","5","09","16","1","","0","0","1","0","0"
"POINT (9.933920192000000 53.450427931999997)","Unfall 98296 (2016) Kat:3, Licht: 0","98296","3","4","6","09","12","2","","0","0","0","1","0"
"POINT (10.055467273000000 53.582590721999999)","Unfall 98297 (2016) Kat:3, Licht: 0","98297","3","2","4","09","15","2","","0","0","1","0","0"
"POINT (10.017982084000000 53.568736762000000)","Unfall 98298 (2016) Kat:3, Licht: 2","98298","3","3","5","09","21","7","","2","0","1","0","0"
"POINT (10.049635388000000 53.594345850000003)","Unfall 98299 (2016) Kat:3, Licht: 0","98299","3","3","5","09","17","6","","0","1","1","0","0"
"POINT (10.143623043000000 53.600377965000000)","Unfall 98300 (2016) Kat:3, Licht: 2","98300","3","2","5","09","19","4","","2","0","1","0","0"
"POINT (10.008795041000001 53.648168878000000)","Unfall 98301 (2016) Kat:3, Licht: 0","98301","3","2","5","09","16","5","","0","1","1","0","0"
"POINT (10.124780863000000 53.586090177000003)","Unfall 98302 (2016) Kat:3, Licht: 2","98302","3","2","5","09","19","7","","2","0","1","0","0"
"POINT (10.009657760000000 53.611558412999997)","Unfall 98303 (2016) Kat:3, Licht: 1","98303","3","3","4","09","19","2","","1","1","1","0","0"
"POINT (10.039263152000000 53.559600324000002)","Unfall 98304 (2016) Kat:3, Licht: 0","98304","3","6","2","09","11","4","","0","0","1","0","0"
"POINT (9.928136619000000 53.560333391999997)","Unfall 98305 (2016) Kat:3, Licht: 1","98305","3","3","5","09","18","6","","1","1","1","0","0"
"POINT (9.982774314000000 53.595213969000000)","Unfall 98306 (2016) Kat:3, Licht: 0","98306","3","7","6","09","11","4","","0","0","1","1","0"
"POINT (9.826311330999999 53.564389880999997)","Unfall 98307 (2016) Kat:3, Licht: 0","98307","3","3","5","09","13","5","","0","1","1","0","0"
"POINT (9.992006313999999 53.591020639000000)","Unfall 98308 (2016) Kat:3, Licht: 0","98308","3","3","5","09","15","3","","0","1","1","0","0"
"POINT (10.019242358000000 53.566634800999999)","Unfall 98309 (2016) Kat:3, Licht: 0","98309","3","6","4","09","18","4","","0","1","0","1","0"
"POINT (10.028072173000000 53.568322801000001)","Unfall 98310 (2016) Kat:3, Licht: 0","98310","3","2","2","09","19","1","","0","0","1","0","1"
"POINT (9.799489648000000 53.567432064999998)","Unfall 98311 (2016) Kat:3, Licht: 0","98311","3","5","1","09","07","2","","0","1","1","0","0"
"POINT (10.031425948000001 53.596036599999998)","Unfall 98312 (2016) Kat:3, Licht: 1","98312","3","2","3","09","06","5","","1","1","1","0","0"
"POINT (9.823672627000001 53.560732776000002)","Unfall 98313 (2016) Kat:3, Licht: 0","98313","3","2","5","09","08","4","","0","0","1","0","0"
"POINT (9.993721944000001 53.557759926999999)","Unfall 98314 (2016) Kat:2, Licht: 2","98314","2","3","5","09","20","7","","2","1","1","0","0"
"POINT (10.104517167999999 53.646973920999997)","Unfall 98315 (2016) Kat:3, Licht: 0","98315","3","3","5","09","14","4","","0","1","0","0","0"
"POINT (10.009239056000000 53.612803820000003)","Unfall 98316 (2016) Kat:3, Licht: 0","98316","3","2","5","09","09","7","","0","1","1","0","0"
"POINT (10.016748172000000 53.565933651999998)","Unfall 98317 (2016) Kat:3, Licht: 0","98317","3","2","5","09","18","2","","0","1","1","0","0"
"POINT (10.032821544999999 53.573138548999999)","Unfall 98318 (2016) Kat:3, Licht: 0","98318","3","6","1","09","16","4","","0","0","1","0","0"
"POINT (9.968644649000000 53.571135818999998)","Unfall 98319 (2016) Kat:3, Licht: 0","98319","3","3","5","09","09","4","","0","1","1","0","0"
"POINT (9.958958380000000 53.456606954000002)","Unfall 98320 (2016) Kat:2, Licht: 0","98320","2","4","6","09","07","2","","0","0","1","1","0"
"POINT (9.967584958000000 53.586051449000003)","Unfall 98321 (2016) Kat:3, Licht: 0","98321","3","2","5","09","15","5","","0","1","1","0","0"
"POINT (9.990362215999999 53.556503870000000)","Unfall 98322 (2016) Kat:3, Licht: 0","98322","3","3","5","09","09","4","","0","1","0","0","0"
"POINT (9.865511694000000 53.599284629000003)","Unfall 98323 (2016) Kat:3, Licht: 0","98323","3","2","6","09","13","5","","0","0","1","1","0"
"POINT (10.228096451000001 53.484407545000003)","Unfall 98324 (2016) Kat:3, Licht: 0","98324","3","7","0","09","07","6","","0","1","0","0","0"
"POINT (9.960189834000000 53.600548160999999)","Unfall 98325 (2016) Kat:3, Licht: 0","98325","3","7","1","09","18","3","","0","1","1","0","0"
"POINT (10.222098390999999 53.505747200999998)","Unfall 98326 (2016) Kat:3, Licht: 2","98326","3","1","8","09","20","7","","2","0","1","0","0"
"POINT (10.010966583000000 53.503175147999997)","Unfall 98327 (2016) Kat:3, Licht: 0","98327","3","3","5","09","18","6","","0","0","0","0","0"
"POINT (9.960234080999999 53.549458274999999)","Unfall 98328 (2016) Kat:3, Licht: 2","98328","3","7","4","09","19","5","","2","0","1","0","0"
"POINT (10.006916894000000 53.630320341000001)","Unfall 98329 (2016) Kat:3, Licht: 0","98329","3","6","2","09","19","3","","0","0","1","0","0"
"POINT (10.210240100000000 53.486583477000003)","Unfall 98330 (2016) Kat:2, Licht: 0","98330","2","3","5","09","09","3","","0","0","1","0","0"
"POINT (10.010657510000000 53.575577248999998)","Unfall 98331 (2016) Kat:3, Licht: 0","98331","3","2","4","09","18","1","","0","1","1","0","0"
"POINT (9.906384281999999 53.567501706000002)","Unfall 98332 (2016) Kat:3, Licht: 2","98332","3","5","1","09","19","7","","2","1","1","0","0"
"POINT (9.815891261000001 53.562920804000001)","Unfall 98333 (2016) Kat:3, Licht: 0","98333","3","5","5","09","11","6","","0","0","1","0","0"
"POINT (10.090828582000000 53.547401483999998)","Unfall 98334 (2016) Kat:3, Licht: 2","98334","3","3","5","09","22","3","","2","1","0","0","1"
"POINT (9.935323006999999 53.566018260000000)","Unfall 98335 (2016) Kat:3, Licht: 0","98335","3","3","5","09","17","5","","0","1","1","0","0"
"POINT (10.092355445000001 53.568661747999997)","Unfall 98336 (2016) Kat:3, Licht: 0","98336","3","2","5","09","16","6","","0","0","1","0","1"
"POINT (9.972533828000000 53.568493713999999)","Unfall 98337 (2016) Kat:3, Licht: 0","98337","3","5","5","09","17","5","","0","1","0","0","0"
"POINT (9.928437347999999 53.592222626999998)","Unfall 98338 (2016) Kat:3, Licht: 0","98338","3","6","2","09","14","1","","0","0","1","0","0"
"POINT (9.961344754000001 53.549588067000002)","Unfall 98339 (2016) Kat:3, Licht: 0","98339","3","7","4","09","16","3","","0","0","1","0","1"
"POINT (10.165210629000001 53.632515398000002)","Unfall 98340 (2016) Kat:2, Licht: 1","98340","2","3","5","09","07","2","","1","1","1","0","0"
"POINT (10.074780706000000 53.574595375000001)","Unfall 98341 (2016) Kat:3, Licht: 2","98341","3","2","5","09","23","7","","2","0","1","0","0"
"POINT (10.034877354000001 53.604714635999997)","Unfall 98342 (2016) Kat:3, Licht: 0","98342","3","3","5","09","07","6","","0","1","1","0","0"
"POINT (10.096724442999999 53.542143697000000)","Unfall 98343 (2016) Kat:3, Licht: 2","98343","3","7","9","09","19","4","","2","0","1","0","0"
"POINT (10.015468179000001 53.554786886000002)","Unfall 98344 (2016) Kat:3, Licht: 0","98344","3","3","5","09","14","6","","0","1","1","0","0"
"POINT (9.883564163000001 53.478342624000000)","Unfall 98345 (2016) Kat:2, Licht: 2","98345","2","4","6","09","02","7","","2","0","1","1","0"
"POINT (9.906578027000000 53.598407084000002)","Unfall 98346 (2016) Kat:3, Licht: 0","98346","3","1","8","09","11","2","","0","0","1","0","0"
"POINT (9.980317061999999 53.566647344000003)","Unfall 98347 (2016) Kat:3, Licht: 0","98347","3","6","3","09","11","5","","0","0","1","0","0"
"POINT (9.993907880000000 53.549480254999999)","Unfall 98348 (2016) Kat:3, Licht: 0","98348","3","7","0","09","07","5","","0","0","1","1","0"
"POINT (9.936328188999999 53.556277983000001)","Unfall 98349 (2016) Kat:3, Licht: 0","98349","3","3","5","09","10","6","","0","1","1","0","0"
"POINT (10.117794189000000 53.627241925000000)","Unfall 98350 (2016) Kat:3, Licht: 0","98350","3","7","6","09","16","3","","0","0","1","1","0"
"POINT (9.990382749000000 53.557954105000000)","Unfall 98351 (2016) Kat:3, Licht: 2","98351","3","5","1","09","23","5","","2","1","1","0","0"
"POINT (9.757194308000001 53.588298211000001)","Unfall 98352 (2016) Kat:3, Licht: 0","98352","3","3","5","09","15","5","","0","1","1","0","0"
"POINT (10.005120152000000 53.550199685999999)","Unfall 98353 (2016) Kat:3, Licht: 0","98353","3","3","5","09","18","5","","0","0","1","0","0"
"POINT (10.121690966999999 53.586550402999997)","Unfall 98354 (2016) Kat:1, Licht: 2","98354","1","2","4","09","22","3","","2","0","0","0","1"
"POINT (9.868366724000000 53.595184334000002)","Unfall 98355 (2016) Kat:3, Licht: 0","98355","3","6","2","09","14","1","","0","0","1","0","0"
"POINT (10.036903282999999 53.611682012000003)","Unfall 98356 (2016) Kat:3, Licht: 2","98356","3","6","1","09","19","2","","2","0","1","0","0"
"POINT (9.853403629000001 53.579633694000002)","Unfall 98357 (2016) Kat:3, Licht: 0","98357","3","3","5","09","13","6","","0","1","1","0","0"
"POINT (10.067757201999999 53.570379539999998)","Unfall 98358 (2016) Kat:3, Licht: 2","98358","3","3","5","09","19","4","","2","0","1","0","1"
"POINT (10.004471384000000 53.609222981999999)","Unfall 98359 (2016) Kat:3, Licht: 0","98359","3","7","0","09","16","5","","0","1","0","0","0"
"POINT (10.071903797999999 53.570103226999997)","Unfall 98360 (2016) Kat:3, Licht: 0","98360","3","6","3","09","14","7","","0","1","0","0","0"
"POINT (9.888192699999999 53.557402433000000)","Unfall 98361 (2016) Kat:3, Licht: 0","98361","3","5","1","09","10","2","","0","0","1","0","0"