WKT,Name,OBJECTID,UKATEGORIE,UTYP1,UART,UMONAT,USTUNDE,UWOCHENTAG,STRZUSTAND,ULICHTVERH,ISTRAD,ISTPKW,ISTFUSS,ISTKRAD
"POINT (10.092262578000000 53.618350649999996)","Unfall 98362 (2016) Kat:3, Licht: 2","98362","3","3","5","09","20","4","","2","0","1","0","1"
"POINT (9.943226253000001 53.555891328000001)","Unfall 98363 (2016) Kat:3, Licht: 0","98363","3","6","0","09","12","4","","0","0","0","0","0"
"POINT (9.995322714000000 53.552349046000003)","Unfall 98364 (2016) Kat:3, Licht: 0","98364","3","7","6","09","17","5","","0","1","0","1","0"
"POINT (9.976737030000001 53.562187964000003)","Unfall 98365 (2016) Kat:3, Licht: 0","98365","3","6","6","09","17","3","","0","1","0","1","0"
"POINT (10.061325647000000 53.588946167000003)","Unfall 98366 (2016) Kat:3, Licht: 1","98366","3","3","5","09","19","4","","1","0","1","0","0"
"POINT (9.898169804000000 53.625172919000001)","Unfall 98367 (2016) Kat:2, Licht: 0","98367","2","3","5","09","13","1","","0","1","1","0","1"
"POINT (10.006033066000001 53.551257507000003)","Unfall 98368 (2016) Kat:3, Licht: 0","98368","3","6","3","09","09","2","","0","0","1","0","0"
"POINT (10.057387648000001 53.590824857000001)","Unfall 98369 (2016) Kat:3, Licht: 0","98369","3","6","1","09","07","5","","0","0","1","0","0"
"POINT (9.997893329000000 53.563293686999998)","Unfall 98370 (2016) Kat:3, Licht: 0","98370","3","7","6","09","17","6","","0","1","0","1","0"
"POINT (9.956562694000001 53.642645917999999)","Unfall 98371 (2016) Kat:3, Licht: 0","98371","3","6","3","09","07","4","","0","1","1","0","0"
"POINT (9.985663658000000 53.551046438999997)","Unfall 98372 (2016) Kat:3, Licht: 0","98372","3","3","5","09","15","5","","0","1","1","0","0"
"POINT (10.019933525000001 53.600531813000003)","Unfall 98373 (2016) Kat:3, Licht: 0","98373","3","6","3","09","08","3","","0","0","1","0","0"
"POINT (9.932803722999999 53.596167487000002)","Unfall 98374 (2016) Kat:3, Licht: 0","98374","3","3","0","09","15","4","","0","1","1","0","0"
"POINT (9.990887571000000 53.572674198000001)","Unfall 98375 (2016) Kat:3, Licht: 2","98375","3","7","0","09","21","1","","2","1","0","0","0"
"POINT (10.051309784000001 53.586711471999998)","Unfall 98376 (2016) Kat:3, Licht: 2","98376","3","2","4","09","22","2","","2","0","1","0","0"
"POINT (10.020555935999999 53.626880125000000)","Unfall 98377 (2016) Kat:3, Licht: 0","98377","3","7","0","09","11","4","","0","1","0","0","0"
"POINT (9.936117957000000 53.592509196000002)","Unfall 98378 (2016) Kat:3, Licht: 0","98378","3","2","5","09","17","7","","0","0","1","0","0"
"POINT (9.908814983999999 53.563315359999997)","Unfall 98379 (2016) Kat:3, Licht: 0","98379","3","3","5","09","07","2","","0","1","1","0","0"
"POINT (10.084281255000000 53.640357334999997)","Unfall 98380 (2016) Kat:3, Licht: 0","98380","3","3","5","09","12","3","","0","0","1","0","0"
"POINT (10.016745580000000 53.562014273999999)","Unfall 98381 (2016) Kat:2, Licht: 0","98381","2","3","5","09","11","4","","0","1","1","0","0"
"POINT (9.966502885000001 53.542248579000002)","Unfall 98382 (2016) Kat:3, Licht: 0","98382","3","7","6","09","09","4","","0","0","1","1","0"
"POINT (10.095219025000000 53.562519965000000)","Unfall 98383 (2016) Kat:3, Licht: 0","98383","3","3","5","09","14","2","","0","1","0","0","0"
"POINT (10.040674769000001 53.555559439000000)","Unfall 98384 (2016) Kat:3, Licht: 0","98384","3","2","4","09","17","1","","0","0","1","0","0"
"POINT (9.871041924000000 53.480707901999999)","Unfall 98385 (2016) Kat:3, Licht: 0","98385","3","3","5","09","07","3","","0","1","1","0","0"
"POINT (9.999967598000000 53.555995862000003)","Unfall 98386 (2016) Kat:3, Licht: 0","98386","3","6","3","09","12","5","","0","0","1","0","1"
"POINT (10.149861319999999 53.527263249999997)","Unfall 98387 (2016) Kat:3, Licht: 0","98387","3","3","5","09","09","6","","0","1","1","0","0"
"POINT (9.947071436000000 53.551235751999997)","Unfall 98388 (2016) Kat:3, Licht: 0","98388","3","7","0","09","14","4","","0","0","0","0","1"
"POINT (9.979345652999999 53.423894754000003)","Unfall 98389 (2016) Kat:3, Licht: 0","98389","3","6","2","09","13","6","","0","0","1","0","0"
"POINT (9.953641655000000 53.629617547999999)","Unfall 98390 (2016) Kat:3, Licht: 0","98390","3","3","5","09","11","2","","0","0","1","0","0"
"POINT (10.025903250000001 53.558893834000003)","Unfall 98391 (2016) Kat:3, Licht: 0","98391","3","3","5","09","06","3","","0","0","1","0","0"
"POINT (9.945526898000001 53.562829180999998)","Unfall 98392 (2016) Kat:2, Licht: 0","98392","2","1","7","09","07","1","","0","0","1","0","0"
"POINT (10.004404581999999 53.551607296999997)","Unfall 98393 (2016) Kat:3, Licht: 0","98393","3","7","0","09","14","7","","0","0","0","0","0"
"POINT (9.940984758000001 53.550087894999997)","Unfall 98394 (2016) Kat:2, Licht: 2","98394","2","6","2","09","22","6","","2","0","1","0","1"
"POINT (10.114662514000001 53.595151977999997)","Unfall 98395 (2016) Kat:3, Licht: 0","98395","3","4","6","09","07","3","","0","0","1","1","0"
"POINT (9.926140360000000 53.516277952999999)","Unfall 98396 (2016) Kat:3, Licht: 1","98396","3","1","8","09","20","5","","1","0","0","0","1"
"POINT (10.158036769000001 53.641583681999997)","Unfall 98397 (2016) Kat:3, Licht: 2","98397","3","1","9","09","21","6","","2","0","0","0","1"
"POINT (9.991719376000001 53.442982948999997)","Unfall 98398 (2016) Kat:3, Licht: 0","98398","3","2","3","09","08","4","","0","1","1","0","0"
"POINT (9.997833030000001 53.556731788000000)","Unfall 98399 (2016) Kat:3, Licht: 1","98399","3","6","2","09","19","1","","1","0","1","0","0"
"POINT (9.962788156000000 53.463994257000003)","Unfall 98400 (2016) Kat:3, Licht: 2","98400","3","3","5","09","18","2","","2","0","1","0","0"
"POINT (10.081288147000000 53.593082635999998)","Unfall 98401 (2016) Kat:2, Licht: 0","98401","2","2","6","09","07","2","","0","0","1","1","0"
"POINT (9.925180730999999 53.549874783999996)","Unfall 98402 (2016) Kat:3, Licht: 0","98402","3","5","1","09","17","3","","0","1","1","0","0"
"POINT (10.196003876000001 53.476340641999997)","Unfall 98403 (2016) Kat:3, Licht: 0","98403","3","3","5","09","11","7","","0","0","1","0","0"
"POINT (10.119114720000001 53.602286519000003)","Unfall 98404 (2016) Kat:3, Licht: 2","98404","3","3","0","09","19","6","","2","0","1","0","0"
"POINT (9.963293223999999 53.461459197000003)","Unfall 98405 (2016) Kat:3, Licht: 0","98405","3","5","1","09","12","4","","0","1","1","0","0"
"POINT (9.990269971000000 53.561043638999998)","Unfall 98406 (2016) Kat:3, Licht: 0","98406","3","4","6","09","11","6","","0","0","0","1","0"
"POINT (9.955435710000000 53.455946717000003)","Unfall 98407 (2016) Kat:3, Licht: 0","98407","3","5","1","09","13","4","","0","0","0","0","0"
"POINT (9.912789040000000 53.632335419000000)","Unfall 98408 (2016) Kat:3, Licht: 0","98408","3","3","0","09","07","5","","0","1","1","0","0"
"POINT (9.899700021999999 53.604994435000002)","Unfall 98409 (2016) Kat:3, Licht: 0","98409","3","6","6","09","13","4","","0","1","0","1","0"
"POINT (10.024597234000000 53.530502925999997)","Unfall 98410 (2016) Kat:3, Licht: 2","98410","3","7","7","09","23","4","","2","1","0","0","0"
"POINT (10.069605889000000 53.579660683000000)","Unfall 98411 (2016) Kat:3, Licht: 0","98411","3","6","2","09","18","3","","0","0","1","0","0"
"POINT (9.976373140000000 53.562972733999999)","Unfall 98412 (2016) Kat:3, Licht: 0","98412","3","6","3","09","14","1","","0","0","1","0","0"
"POINT (10.059327164999999 53.595719271999997)","Unfall 98413 (2016) Kat:3, Licht: 0","98413","3","6","1","09","07","2","","0","0","1","0","0"
"POINT (10.096625620999999 53.613365235000003)","Unfall 98414 (2016) Kat:2, Licht: 0","98414","2","7","9","09","10","4","","0","0","1","0","0"
"POINT (10.046567902000000 53.583162027000000)","Unfall 98415 (2016) Kat:3, Licht: 0","98415","3","6","2","09","18","5","","0","0","1","0","0"
"POINT (10.099011240999999 53.655405979999998)","Unfall 98416 (2016) Kat:3, Licht: 0","98416","3","6","3","09","11","7","","0","0","1","0","1"
"POINT (9.982136814000000 53.596291338999997)","Unfall 98417 (2016) Kat:3, Licht: 0","98417","3","6","2","09","08","2","","0","0","1","0","0"
"POINT (10.008954644999999 53.581305657999998)","Unfall 98418 (2016) Kat:3, Licht: 0","98418","3","5","1","09","13","7","","0","1","1","0","0"
"POINT (10.054086738000001 53.572783381999997)","Unfall 98419 (2016) Kat:3, Licht: 2","98419","3","2","5","09","00","6","","2","1","1","0","0"
"POINT (10.160403686000000 53.606073895999998)","Unfall 98420 (2016) Kat:3, Licht: 2","98420","3","6","3","09","22","4","","2","1","1","0","0"
"POINT (10.121127126999999 53.643923493000003)","Unfall 98421 (2016) Kat:3, Licht: 0","98421","3","4","0","09","16","5","","0","0","1","1","0"
"POINT (10.081814529000001 53.558032718000000)","Unfall 98422 (2016) Kat:3, Licht: 0","98422","3","6","1","09","11","7","","0","0","1","0","0"
"POINT (9.969816775000000 53.612983598000000)","Unfall 98423 (2016) Kat:2, Licht: 0","98423","2","3","5","09","15","2","","0","1","1","0","0"
"POINT (10.010525189000001 53.550950096999998)","Unfall 98424 (2016) Kat:2, Licht: 0","98424","2","4","6","09","11","5","","0","0","1","1","0"
"POINT (9.959279259000001 53.559178154000001)","Unfall 98425 (2016) Kat:3, Licht: 0","98425","3","2","5","09","17","6","","0","1","0","0","1"
"POINT (9.956080462999999 53.585612417999997)","Unfall 98426 (2016) Kat:3, Licht: 0","98426","3","3","5","09","16","4","","0","0","1","0","0"
"POINT (10.187510344000000 53.469300588999999)","Unfall 98427 (2016) Kat:2, Licht: 0","98427","2","2","4","09","18","4","","0","1","1","0","0"
"POINT (9.900691224999999 53.545812959000003)","Unfall 98428 (2016) Kat:3, Licht: 0","98428","3","3","5","09","07","3","","0","0","1","0","1"
"POINT (9.809547341000000 53.563459320000000)","Unfall 98429 (2016) Kat:3, Licht: 2","98429","3","3","0","09","19","4","","2","1","1","0","0"
"POINT (10.013597233000000 53.554153317000001)","Unfall 98430 (2016) Kat:3, Licht: 1","98430","3","2","5","09","19","1","","1","0","1","0","0"
"POINT (9.796732549000000 53.580080205999998)","Unfall 98431 (2016) Kat:3, Licht: 0","98431","3","3","5","09","08","2","","0","1","1","0","0"
"POINT (10.001125052000001 53.675956007000003)","Unfall 98432 (2016) Kat:3, Licht: 0","98432","3","2","4","09","10","5","","0","1","1","0","0"
"POINT (10.026019858000000 53.556911902000003)","Unfall 98433 (2016) Kat:3, Licht: 0","98433","3","3","5","09","17","4","","0","0","1","0","0"
"POINT (9.966208413000000 53.609956328999999)","Unfall 98434 (2016) Kat:3, Licht: 1","98434","3","6","4","09","06","7","","1","0","1","0","0"
"POINT (9.949682428999999 53.558753414999998)","Unfall 98435 (2016) Kat:3, Licht: 0","98435","3","6","0","09","17","2","","0","1","0","0","0"
"POINT (10.117391709000000 53.681451277999997)","Unfall 98436 (2016) Kat:3, Licht: 0","98436","3","6","4","09","08","3","","0","1","0","0","0"
"POINT (10.057250978000001 53.566184270000001)","Unfall 98437 (2016) Kat:2, Licht: 0","98437","2","1","0","09","10","4","","0","1","0","0","0"
"POINT (10.215844848000000 53.487775067999998)","Unfall 98438 (2016) Kat:3, Licht: 0","98438","3","3","5","09","15","3","","0","0","1","0","0"
"POINT (10.148292784000001 53.649093591000003)","Unfall 98439 (2016) Kat:3, Licht: 2","98439","3","6","2","09","21","2","","2","0","1","0","0"
"POINT (10.015680828000001 53.590362439000003)","Unfall 98440 (2016) Kat:3, Licht: 0","98440","3","6","2","09","12","4","","0","0","1","0","0"
"POINT (9.954090760000000 53.564686842999997)","Unfall 98441 (2016) Kat:2, Licht: 0","98441","2","3","5","09","08","4","","0","1","0","0","0"
"POINT (9.969015246000000 53.534248175000002)","Unfall 98442 (2016) Kat:2, Licht: 0","98442","2","7","4","09","15","3","","0","1","0","0","1"
"POINT (9.875107776000000 53.477135973000003)","Unfall 98443 (2016) Kat:3, Licht: 0","98443","3","6","2","09","11","7","","0","0","1","0","0"
"POINT (9.960882573999999 53.592433753999998)","Unfall 98444 (2016) Kat:3, Licht: 2","98444","3","2","6","09","19","5","","2","0","1","1","0"
"POINT (9.978356663000000 53.578867670000001)","Unfall 98445 (2016) Kat:3, Licht: 0","98445","3","3","5","09","17","4","","0","1","1","0","0"
"POINT (10.207619334000000 53.491621570000000)","Unfall 98446 (2016) Kat:3, Licht: 0","98446","3","6","2","09","15","4","","0","1","1","0","0"
"POINT (10.240039841000000 53.476091949000001)","Unfall 98447 (2016) Kat:3, Licht: 0","98447","3","3","5","09","13","6","","0","1","1","0","0"
"POINT (9.880088719000000 53.546655907999998)","Unfall 98448 (2016) Kat:3, Licht: 1","98448","3","2","5","09","19","3","","1","0","1","0","1"
"POINT (9.854367964000000 53.471133662000000)","Unfall 98449 (2016) Kat:3, Licht: 0","98449","3","2","4","09","13","7","","0","1","1","0","0"
"POINT (9.985682709000001 53.456019685000001)","Unfall 98450 (2016) Kat:3, Licht: 0","98450","3","2","4","09","10","6","","0","1","1","0","0"
"POINT (9.946758644999999 53.569614880000003)","Unfall 98451 (2016) Kat:3, Licht: 2","98451","3","7","0","09","02","5","","2","1","0","0","0"
"POINT (9.954043278000000 53.551352037999997)","Unfall 98452 (2016) Kat:3, Licht: 1","98452","3","2","4","09","19","6","","1","1","0","0","0"
"POINT (10.088453281000000 53.581147164000001)","Unfall 98453 (2016) Kat:3, Licht: 1","98453","3","3","5","09","18","3","","1","0","1","0","0"
"POINT (9.999567529000000 53.585307614000001)","Unfall 98454 (2016) Kat:3, Licht: 0","98454","3","2","4","09","17","1","","0","0","1","0","1"
"POINT (9.928632511000000 53.592236061000001)","Unfall 98455 (2016) Kat:3, Licht: 2","98455","3","2","5","09","21","7","","2","0","1","0","0"
"POINT (9.937676193000000 53.459850353000000)","Unfall 98456 (2016) Kat:3, Licht: 0","98456","3","2","3","09","07","3","","0","0","1","0","1"
"POINT (10.106440665999999 53.541123984000002)","Unfall 98457 (2016) Kat:3, Licht: 0","98457","3","6","0","09","18","4","","0","0","1","0","1"
"POINT (10.123692155000001 53.597701321999999)","Unfall 98458 (2016) Kat:2, Licht: 0","98458","2","3","5","09","10","6","","0","1","1","0","0"
"POINT (10.132845127000000 53.628764717999999)","Unfall 98459 (2016) Kat:3, Licht: 0","98459","3","3","5","09","16","4","","0","1","1","0","0"
"POINT (9.972958598000000 53.554154916000002)","Unfall 98460 (2016) Kat:3, Licht: 0","98460","3","6","2","09","12","3","","0","0","1","0","0"
"POINT (10.108135272000000 53.550956739000000)","Unfall 98461 (2016) Kat:3, Licht: 0","98461","3","7","6","09","14","2","","0","1","0","1","0"
"POINT (10.125782265000000 53.572157717000003)","Unfall 98462 (2016) Kat:3, Licht: 2","98462","3","5","1","09","00","7","","2","1","1","0","0"
"POINT (10.097281101000000 53.569150465000000)","Unfall 98463 (2016) Kat:3, Licht: 0","98463","3","6","2","09","10","6","","0","0","1","0","0"
"POINT (10.204671004000000 53.499608258000002)","Unfall 98464 (2016) Kat:3, Licht: 0","98464","3","3","5","09","13","4","","0","0","1","0","0"
"POINT (10.001039572000000 53.543071998000002)","Unfall 98465 (2016) Kat:3, Licht: 0","98465","3","3","5","09","15","6","","0","0","1","0","1"
"POINT (9.973433718000001 53.574148158000000)","Unfall 98466 (2016) Kat:3, Licht: 0","98466","3","6","3","09","19","2","","0","0","1","0","1"
"POINT (9.930925676999999 53.546537755999999)","Unfall 98467 (2016) Kat:3, Licht: 0","98467","3","2","5","09","09","5","","0","0","1","0","1"
"POINT (9.962074291000000 53.630092390000002)","Unfall 98468 (2016) Kat:3, Licht: 0","98468","3","2","2","09","16","4","","0","0","1","0","1"
"POINT (10.076114443000000 53.591985473000001)","Unfall 98469 (2016) Kat:3, Licht: 0","98469","3","3","5","09","12","4","","0","1","1","0","0"
"POINT (10.029396278000000 53.626076783999999)","Unfall 98470 (2016) Kat:3, Licht: 0","98470","3","6","2","09","16","3","","0","0","1","0","0"
"POINT (9.815858831000000 53.562930276000003)","Unfall 98471 (2016) Kat:3, Licht: 0","98471","3","6","1","09","09","4","","0","0","1","0","0"
"POINT (9.936185212000000 53.546364666000002)","Unfall 98472 (2016) Kat:3, Licht: 0","98472","3","3","5","10","18","7","","0","0","1","0","0"
"POINT (9.947639051000000 53.560907346000000)","Unfall 98473 (2016) Kat:3, Licht: 0","98473","3","7","6","10","09","7","","0","1","0","1","0"
"POINT (10.014888459000000 53.650333965999998)","Unfall 98474 (2016) Kat:3, Licht: 0","98474","3","6","2","10","11","3","","0","0","1","0","0"
"POINT (9.952522567999999 53.633273076999998)","Unfall 98475 (2016) Kat:3, Licht: 0","98475","3","3","5","10","07","4","","0","1","0","0","0"
"POINT (9.986077745999999 53.463917567999999)","Unfall 98476 (2016) Kat:3, Licht: 2","98476","3","7","1","10","06","4","","2","0","1","0","0"
"POINT (9.928699870000001 53.554677167999998)","Unfall 98477 (2016) Kat:3, Licht: 0","98477","3","7","0","10","13","4","","0","1","0","0","0"
"POINT (10.051312865000000 53.578964950000000)","Unfall 98478 (2016) Kat:2, Licht: 0","98478","2","4","6","10","16","1","","0","0","0","1","0"
"POINT (9.963783078000001 53.577369009000002)","Unfall 98479 (2016) Kat:3, Licht: 2","98479","3","3","5","10","05","2","","2","1","1","0","0"
"POINT (10.018562684999999 53.479461493999999)","Unfall 98480 (2016) Kat:2, Licht: 0","98480","2","3","6","10","10","6","","0","0","1","1","0"
"POINT (10.084662294999999 53.603094093000003)","Unfall 98481 (2016) Kat:2, Licht: 2","98481","2","2","6","10","05","5","","2","0","1","1","0"
"POINT (9.962529091000000 53.549570748999997)","Unfall 98482 (2016) Kat:3, Licht: 0","98482","3","2","1","10","14","3","","0","0","1","0","0"
"POINT (10.001568847000000 53.675109151000001)","Unfall 98483 (2016) Kat:3, Licht: 0","98483","3","7","0","10","14","4","","0","0","0","0","1"
"POINT (10.102288026000000 53.685638672000003)","Unfall 98484 (2016) Kat:3, Licht: 2","98484","3","3","4","10","19","6","","2","0","1","0","0"
"POINT (10.039166368000000 53.606514259999997)","Unfall 98485 (2016) Kat:3, Licht: 0","98485","3","3","5","10","13","6","","0","0","1","0","0"
"POINT (10.144959055999999 53.525068199000003)","Unfall 98486 (2016) Kat:3, Licht: 0","98486","3","7","6","10","17","5","","0","0","0","1","0"
"POINT (9.968773242999999 53.550041481000001)","Unfall 98487 (2016) Kat:3, Licht: 2","98487","3","6","1","10","01","7","","2","0","1","0","0"
"POINT (9.949229054000000 53.558813493999999)","Unfall 98488 (2016) Kat:3, Licht: 0","98488","3","6","3","10","15","5","","0","0","1","0","0"
"POINT (10.007402706000001 53.585712637999997)","Unfall 98489 (2016) Kat:3, Licht: 2","98489","3","2","5","10","21","3","","2","1","1","0","0"
"POINT (10.057875579999999 53.595558681999997)","Unfall 98490 (2016) Kat:3, Licht: 0","98490","3","5","1","10","13","3","","0","0","1","0","0"
"POINT (10.180819793000000 53.604178697000002)","Unfall 98491 (2016) Kat:3, Licht: 0","98491","3","7","1","10","16","3","","0","1","1","0","0"
"POINT (9.994325873999999 53.465248903999999)","Unfall 98492 (2016) Kat:3, Licht: 0","98492","3","6","2","10","11","7","","0","0","1","0","0"
"POINT (10.125900379999999 53.570982579000002)","Unfall 98493 (2016) Kat:3, Licht: 0","98493","3","7","3","10","11","3","","0","0","1","0","0"
"POINT (10.107953371000001 53.542369284000003)","Unfall 98494 (2016) Kat:2, Licht: 0","98494","2","4","6","10","16","3","","0","0","0","1","0"
"POINT (10.039093028000000 53.606679227000001)","Unfall 98495 (2016) Kat:3, Licht: 2","98495","3","5","9","10","04","1","","2","0","1","0","0"
"POINT (10.208748207999999 53.496366291999998)","Unfall 98496 (2016) Kat:3, Licht: 0","98496","3","6","3","10","15","2","","0","0","1","0","1"
"POINT (10.047481317000001 53.582581152000003)","Unfall 98497 (2016) Kat:3, Licht: 0","98497","3","3","5","10","14","4","","0","0","1","0","0"
"POINT (9.967281715000000 53.591899071999997)","Unfall 98498 (2016) Kat:3, Licht: 2","98498","3","3","5","10","20","6","","2","1","1","0","0"
"POINT (9.924128816000000 53.591845642000003)","Unfall 98499 (2016) Kat:3, Licht: 2","98499","3","3","5","10","20","6","","2","0","1","0","0"
"POINT (10.175546173000001 53.611548200999998)","Unfall 98500 (2016) Kat:3, Licht: 0","98500","3","7","6","10","14","5","","0","1","0","1","0"
"POINT (9.966210632999999 53.638581174999999)","Unfall 98501 (2016) Kat:3, Licht: 0","98501","3","6","3","10","08","5","","0","1","0","0","0"
"POINT (10.046336117999999 53.633289591999997)","Unfall 98502 (2016) Kat:3, Licht: 0","98502","3","6","2","10","12","3","","0","0","1","0","0"
"POINT (10.031951179000000 53.626349595000001)","Unfall 98503 (2016) Kat:3, Licht: 0","98503","3","7","0","10","13","7","","0","0","0","0","1"
"POINT (9.999394836000001 53.498573851000003)","Unfall 98504 (2016) Kat:3, Licht: 0","98504","3","6","2","09","12","6","","0","0","1","0","0"
"POINT (10.124763936000001 53.586084626999998)","Unfall 98505 (2016) Kat:3, Licht: 1","98505","3","2","4","10","18","2","","1","0","1","0","0"
"POINT (10.124680755000000 53.530791712999999)","Unfall 98506 (2016) Kat:3, Licht: 0","98506","3","6","2","10","17","4","","0","0","1","0","0"
"POINT (10.141409729999999 53.583859085000000)","Unfall 98507 (2016) Kat:2, Licht: 2","98507","2","2","6","10","20","2","","2","0","1","1","0"
"POINT (10.012742669000000 53.558526843999999)","Unfall 98508 (2016) Kat:3, Licht: 2","98508","3","4","6","10","20","5","","2","1","0","1","0"
"POINT (10.128300654000000 53.529652634999998)","Unfall 98509 (2016) Kat:3, Licht: 0","98509","3","2","2","10","09","5","","0","0","1","0","0"
"POINT (9.909920250000001 53.632739072000000)","Unfall 98510 (2016) Kat:3, Licht: 0","98510","3","6","2","10","12","5","","0","0","1","0","0"
"POINT (9.939643939000000 53.632062918000003)","Unfall 98511 (2016) Kat:3, Licht: 0","98511","3","7","5","10","08","5","","0","1","1","0","0"
"POINT (10.047732591000001 53.550607481000000)","Unfall 98512 (2016) Kat:1, Licht: 2","98512","1","3","5","10","21","4","","2","0","1","0","1"
"POINT (10.044794293000001 53.567408784000001)","Unfall 98513 (2016) Kat:1, Licht: 0","98513","1","2","3","10","16","3","","0","1","0","0","0"
"POINT (9.991912593000000 53.667139011000003)","Unfall 98514 (2016) Kat:3, Licht: 0","98514","3","3","5","10","13","2","","0","0","1","0","0"
"POINT (10.023748948000000 53.529066313000001)","Unfall 98515 (2016) Kat:3, Licht: 0","98515","3","6","2","10","18","7","","0","0","1","0","0"
"POINT (9.984352376000000 53.572575729000000)","Unfall 98516 (2016) Kat:2, Licht: 0","98516","2","6","3","10","09","6","","0","0","0","0","1"
"POINT (9.901288731999999 53.472820382999998)","Unfall 98517 (2016) Kat:3, Licht: 0","98517","3","6","3","10","15","6","","0","0","1","0","1"
"POINT (10.147266532000000 53.523139817999997)","Unfall 98518 (2016) Kat:3, Licht: 0","98518","3","3","5","09","09","6","","0","0","1","0","0"
"POINT (10.067961536000000 53.571536488000000)","Unfall 98519 (2016) Kat:3, Licht: 2","98519","3","7","0","10","00","2","","2","0","1","0","0"
"POINT (10.059031773999999 53.593560914999998)","Unfall 98520 (2016) Kat:3, Licht: 2","98520","3","6","2","09","21","6","","2","0","1","0","1"
"POINT (10.033036383000001 53.590307490999997)","Unfall 98521 (2016) Kat:3, Licht: 0","98521","3","6","0","10","19","3","","0","1","0","0","0"
"POINT (10.059411423000000 53.593847289999999)","Unfall 98522 (2016) Kat:3, Licht: 0","98522","3","4","6","10","08","4","","0","0","1","1","0"
"POINT (9.995976475999999 53.550482252999998)","Unfall 98523 (2016) Kat:3, Licht: 0","98523","3","2","5","10","16","4","","0","1","0","0","0"
"POINT (9.928645835999999 53.629415879000000)","Unfall 98524 (2016) Kat:3, Licht: 2","98524","3","2","3","10","20","4","","2","1","1","0","0"
"POINT (10.055456803000000 53.561205694999998)","Unfall 98525 (2016) Kat:3, Licht: 1","98525","3","6","2","10","18","2","","1","0","1","0","0"
"POINT (10.028809735999999 53.556643889999997)","Unfall 98526 (2016) Kat:3, Licht: 0","98526","3","6","2","10","17","1","","0","0","1","0","0"
"POINT (10.031605848000000 53.625842874999996)","Unfall 98527 (2016) Kat:3, Licht: 2","98527","3","2","4","10","22","2","","2","0","1","0","0"
"POINT (9.965874679000001 53.599323689999999)","Unfall 98528 (2016) Kat:3, Licht: 2","98528","3","5","8","10","21","7","","2","0","1","0","0"
"POINT (10.057483840000000 53.554985858999999)","Unfall 98529 (2016) Kat:2, Licht: 0","98529","2","2","4","10","14","5","","0","0","1","0","0"
"POINT (10.068919695000000 53.668161898999998)","Unfall 98530 (2016) Kat:3, Licht: 0","98530","3","3","5","10","16","4","","0","1","1","0","0"
"POINT (9.992646279000001 53.559023377999999)","Unfall 98531 (2016) Kat:3, Licht: 0","98531","3","6","2","10","16","3","","0","0","1","0","0"
"POINT (9.904819585000000 53.610000206999999)","Unfall 98532 (2016) Kat:3, Licht: 0","98532","3","3","5","10","10","2","","0","1","1","0","0"
"POINT (9.962168929000001 53.561814724000001)","Unfall 98533 (2016) Kat:3, Licht: 2","98533","3","2","4","10","20","3","","2","1","1","0","0"
"POINT (10.148999763999999 53.606459504000000)","Unfall 98534 (2016) Kat:3, Licht: 0","98534","3","6","2","10","11","7","","0","0","1","0","0"
"POINT (10.000778074999999 53.555613776000001)","Unfall 98535 (2016) Kat:3, Licht: 0","98535","3","2","4","10","08","6","","0","0","1","0","0"
"POINT (10.075196369000000 53.557785299999999)","Unfall 98536 (2016) Kat:3, Licht: 2","98536","3","3","5","10","01","6","","2","0","1","0","0"
"POINT (10.061519511000000 53.610767430999999)","Unfall 98537 (2016) Kat:3, Licht: 1","98537","3","3","5","09","19","6","","1","1","1","0","0"
"POINT (10.146590828000001 53.530458625000001)","Unfall 98538 (2016) Kat:3, Licht: 0","98538","3","3","5","10","13","6","","0","0","1","0","0"
"POINT (10.044254260000001 53.608903181000002)","Unfall 98539 (2016) Kat:3, Licht: 0","98539","3","2","5","09","12","6","","0","0","1","1","0"
"POINT (10.058094050999999 53.569928056999998)","Unfall 98540 (2016) Kat:3, Licht: 2","98540","3","6","2","10","19","3","","2","0","1","0","0"
"POINT (10.181519644000000 53.483506525000003)","Unfall 98541 (2016) Kat:3, Licht: 0","98541","3","2","5","10","15","3","","0","0","1","0","0"
"POINT (9.983425109000001 53.557522534999997)","Unfall 98542 (2016) Kat:3, Licht: 0","98542","3","6","3","10","15","4","","0","0","1","0","0"
"POINT (10.004259422000001 53.548545324999999)","Unfall 98543 (2016) Kat:3, Licht: 0","98543","3","2","3","10","11","2","","0","0","0","0","1"
"POINT (10.171025478000001 53.513613862000000)","Unfall 98544 (2016) Kat:3, Licht: 0","98544","3","1","0","10","11","6","","0","0","0","0","1"
"POINT (10.185230178999999 53.655322333000001)","Unfall 98545 (2016) Kat:3, Licht: 0","98545","3","3","5","10","10","5","","0","1","1","0","0"
"POINT (10.050742434000000 53.599478873000002)","Unfall 98546 (2016) Kat:3, Licht: 0","98546","3","6","2","10","16","2","","0","0","1","0","0"
"POINT (9.957922780000001 53.632241980000003)","Unfall 98547 (2016) Kat:3, Licht: 0","98547","3","5","0","10","08","4","","0","0","1","0","0"
"POINT (10.038227681000000 53.577227612000001)","Unfall 98548 (2016) Kat:2, Licht: 0","98548","2","6","3","10","11","6","","0","1","0","0","0"
"POINT (10.008194501000000 53.627692128000000)","Unfall 98549 (2016) Kat:3, Licht: 2","98549","3","6","2","10","06","6","","2","0","1","0","0"
"POINT (10.129611182000000 53.530574119999997)","Unfall 98550 (2016) Kat:3, Licht: 0","98550","3","7","6","10","08","5","","0","0","0","1","0"