WKT,Name,OBJECTID,UKATEGORIE,UTYP1,UART,UMONAT,USTUNDE,UWOCHENTAG,STRZUSTAND,ULICHTVERH,ISTRAD,ISTPKW,ISTFUSS,ISTKRAD
"POINT (10.083707631999999 53.614651690999999)","Unfall 98551 (2016) Kat:3, Licht: 0","98551","3","3","5","09","17","6","","0","1","1","0","0"
"POINT (9.956227030999999 53.549704149000000)","Unfall 98552 (2016) Kat:3, Licht: 2","98552","3","6","2","10","02","5","","2","0","1","0","0"
"POINT (10.026382293999999 53.569926942999999)","Unfall 98553 (2016) Kat:2, Licht: 2","98553","2","4","6","10","20","5","","2","1","0","1","0"
"POINT (9.983000524000000 53.523842188000003)","Unfall 98554 (2016) Kat:3, Licht: 2","98554","3","1","9","10","01","2","","2","0","1","0","0"
"POINT (9.961177887000000 53.573833743999998)","Unfall 98555 (2016) Kat:3, Licht: 0","98555","3","2","5","10","11","4","","0","1","1","0","0"
"POINT (10.102899702000000 53.640092265000000)","Unfall 98556 (2016) Kat:3, Licht: 0","98556","3","7","0","09","10","6","","0","1","0","0","0"
"POINT (10.128132627999999 53.577809659000003)","Unfall 98557 (2016) Kat:3, Licht: 0","98557","3","3","5","10","07","6","","0","0","1","0","0"
"POINT (10.185876319000000 53.607546616999997)","Unfall 98558 (2016) Kat:3, Licht: 2","98558","3","3","5","10","06","6","","2","0","1","0","0"
"POINT (9.886472709000000 53.479287243999998)","Unfall 98559 (2016) Kat:3, Licht: 2","98559","3","1","0","10","19","1","","2","0","0","0","1"
"POINT (9.994229268000000 53.519439894999998)","Unfall 98560 (2016) Kat:3, Licht: 1","98560","3","6","1","10","18","5","","1","0","0","0","0"
"POINT (10.081567793000000 53.642015145000002)","Unfall 98561 (2016) Kat:3, Licht: 0","98561","3","6","2","09","08","6","","0","0","1","0","0"
"POINT (9.969537440000000 53.550065076000003)","Unfall 98562 (2016) Kat:3, Licht: 2","98562","3","2","4","10","18","5","","2","0","1","0","0"
"POINT (10.056081626999999 53.591394655999999)","Unfall 98563 (2016) Kat:3, Licht: 0","98563","3","2","4","10","15","3","","0","1","1","0","0"
"POINT (10.060118340000001 53.594404605999998)","Unfall 98564 (2016) Kat:3, Licht: 0","98564","3","3","5","10","18","3","","0","1","1","0","0"
"POINT (10.152396457000000 53.542851343000002)","Unfall 98565 (2016) Kat:2, Licht: 0","98565","2","2","3","10","15","3","","0","0","1","0","0"
"POINT (10.011431011000001 53.575431702000003)","Unfall 98566 (2016) Kat:3, Licht: 0","98566","3","6","3","10","10","1","","0","0","1","0","0"
"POINT (10.178140535000001 53.512478754000000)","Unfall 98567 (2016) Kat:3, Licht: 0","98567","3","6","0","10","16","1","","0","0","1","0","0"
"POINT (10.011860263999999 53.557754615000000)","Unfall 98568 (2016) Kat:3, Licht: 0","98568","3","6","2","10","11","4","","0","0","1","0","0"
"POINT (9.962890980999999 53.568966977999999)","Unfall 98569 (2016) Kat:3, Licht: 1","98569","3","7","6","10","18","5","","1","0","1","1","0"
"POINT (9.978014740000001 53.576672397999999)","Unfall 98570 (2016) Kat:3, Licht: 0","98570","3","6","2","10","16","6","","0","0","1","0","0"
"POINT (9.872143340999999 53.591851513000002)","Unfall 98571 (2016) Kat:3, Licht: 0","98571","3","7","6","10","11","6","","0","0","1","0","0"
"POINT (9.938724273000000 53.553539880000002)","Unfall 98572 (2016) Kat:3, Licht: 2","98572","3","4","6","10","19","5","","2","0","1","1","0"
"POINT (10.143533635000001 53.583935556000000)","Unfall 98573 (2016) Kat:3, Licht: 0","98573","3","3","5","10","16","5","","0","0","1","0","0"
"POINT (9.899414368000000 53.479652923000003)","Unfall 98574 (2016) Kat:3, Licht: 2","98574","3","6","2","10","22","4","","2","0","1","0","1"
"POINT (10.006152450000000 53.657725004000000)","Unfall 98575 (2016) Kat:3, Licht: 0","98575","3","3","5","10","17","3","","0","1","1","0","0"
"POINT (10.152903264000001 53.603640853999998)","Unfall 98576 (2016) Kat:3, Licht: 0","98576","3","6","3","10","16","2","","0","1","0","0","0"
"POINT (9.986170389000000 53.588611081000003)","Unfall 98577 (2016) Kat:3, Licht: 0","98577","3","7","0","10","09","6","","0","0","1","0","0"
"POINT (10.058107125999999 53.571331716000003)","Unfall 98578 (2016) Kat:2, Licht: 0","98578","2","2","6","10","08","3","","0","0","1","1","0"
"POINT (10.031599596000000 53.625852530000003)","Unfall 98579 (2016) Kat:3, Licht: 0","98579","3","2","5","10","10","3","","0","0","1","0","0"
"POINT (10.160228210000000 53.646488902999998)","Unfall 98580 (2016) Kat:2, Licht: 0","98580","2","3","5","10","16","7","","0","1","1","0","0"
"POINT (9.999538148999999 53.665456138000003)","Unfall 98581 (2016) Kat:3, Licht: 0","98581","3","3","5","09","08","6","","0","0","1","0","0"
"POINT (10.036731278000000 53.549630420000000)","Unfall 98582 (2016) Kat:3, Licht: 0","98582","3","7","0","10","16","1","","0","0","0","0","1"
"POINT (9.993953940000001 53.469904251000003)","Unfall 98583 (2016) Kat:2, Licht: 0","98583","2","6","2","10","13","4","","0","0","1","0","0"
"POINT (10.108634340000000 53.609652785999998)","Unfall 98584 (2016) Kat:3, Licht: 0","98584","3","6","3","10","07","5","","0","1","1","0","0"
"POINT (10.063413062000000 53.587555064999997)","Unfall 98585 (2016) Kat:3, Licht: 2","98585","3","7","5","10","18","4","","2","1","0","0","0"
"POINT (9.887150839000000 53.559161166000003)","Unfall 98586 (2016) Kat:3, Licht: 0","98586","3","6","2","10","16","3","","0","0","1","0","0"
"POINT (10.031761125999999 53.678314542999999)","Unfall 98587 (2016) Kat:3, Licht: 0","98587","3","3","6","10","16","2","","0","0","1","1","0"
"POINT (9.846789598000001 53.573283791000001)","Unfall 98588 (2016) Kat:3, Licht: 0","98588","3","3","5","10","17","3","","0","1","1","0","0"
"POINT (10.180240739000000 53.496868360000001)","Unfall 98589 (2016) Kat:3, Licht: 0","98589","3","2","2","10","14","7","","0","0","1","0","0"
"POINT (9.966053859000001 53.551040649999997)","Unfall 98590 (2016) Kat:3, Licht: 0","98590","3","6","3","10","16","6","","0","0","1","0","0"
"POINT (10.226612370000000 53.445172028000002)","Unfall 98591 (2016) Kat:2, Licht: 0","98591","2","2","2","10","16","6","","0","1","1","0","0"
"POINT (10.011166578999999 53.588891940000003)","Unfall 98592 (2016) Kat:2, Licht: 0","98592","2","3","5","09","13","6","","0","0","1","0","1"
"POINT (10.009856963000001 53.578459864999999)","Unfall 98593 (2016) Kat:3, Licht: 0","98593","3","6","3","09","16","6","","0","1","1","0","0"
"POINT (9.898136523000000 53.625171682000001)","Unfall 98594 (2016) Kat:3, Licht: 0","98594","3","2","5","10","13","7","","0","1","1","0","0"
"POINT (9.994809650000001 53.596074879000000)","Unfall 98595 (2016) Kat:3, Licht: 0","98595","3","2","3","09","10","6","","0","0","1","0","1"
"POINT (10.123004842000000 53.610647530000001)","Unfall 98596 (2016) Kat:3, Licht: 2","98596","3","7","1","10","02","1","","2","0","1","0","0"
"POINT (10.066608990000001 53.552627874000002)","Unfall 98597 (2016) Kat:3, Licht: 0","98597","3","7","6","10","11","4","","0","0","1","1","0"
"POINT (9.977015429000000 53.608178543999998)","Unfall 98598 (2016) Kat:3, Licht: 0","98598","3","3","5","10","07","4","","0","1","0","0","0"
"POINT (10.017079605999999 53.649425106999999)","Unfall 98599 (2016) Kat:3, Licht: 2","98599","3","3","6","10","06","4","","2","1","0","1","0"
"POINT (9.954870911000000 53.456390829000000)","Unfall 98600 (2016) Kat:3, Licht: 0","98600","3","4","6","10","12","2","","0","0","1","1","0"
"POINT (9.879862875000001 53.565323560000003)","Unfall 98601 (2016) Kat:3, Licht: 1","98601","3","3","0","10","19","2","","1","0","0","1","0"
"POINT (9.983471056000001 53.527245163000003)","Unfall 98602 (2016) Kat:3, Licht: 0","98602","3","6","2","10","07","3","","0","0","1","0","0"
"POINT (10.106083931000001 53.644621481000001)","Unfall 98603 (2016) Kat:3, Licht: 0","98603","3","3","5","10","17","7","","0","1","1","0","0"
"POINT (10.009758278000000 53.451462151000001)","Unfall 98604 (2016) Kat:3, Licht: 0","98604","3","4","6","10","16","5","","0","0","1","1","0"
"POINT (9.846300174000000 53.470088550000000)","Unfall 98605 (2016) Kat:3, Licht: 0","98605","3","7","2","10","14","3","","0","0","1","0","0"
"POINT (10.043949639999999 53.591343487000003)","Unfall 98606 (2016) Kat:2, Licht: 0","98606","2","4","6","09","16","6","","0","1","0","1","0"
"POINT (10.046070912999999 53.548615791000003)","Unfall 98607 (2016) Kat:3, Licht: 0","98607","3","7","5","10","13","6","","0","0","1","0","1"
"POINT (9.984064805999999 53.555666705000000)","Unfall 98608 (2016) Kat:3, Licht: 1","98608","3","4","5","10","19","6","","1","1","0","1","0"
"POINT (9.981227199999999 53.596614510000002)","Unfall 98609 (2016) Kat:3, Licht: 2","98609","3","6","3","09","21","6","","2","1","0","0","0"
"POINT (9.997029848000000 53.546443754000002)","Unfall 98610 (2016) Kat:3, Licht: 0","98610","3","6","2","10","12","5","","0","1","1","0","0"
"POINT (9.905904967000000 53.604902101999997)","Unfall 98611 (2016) Kat:3, Licht: 0","98611","3","6","0","10","18","3","","0","1","0","0","0"
"POINT (10.128127220000000 53.578857931000002)","Unfall 98612 (2016) Kat:3, Licht: 0","98612","3","6","2","10","14","3","","0","0","1","0","0"
"POINT (10.004371281999999 53.520434619000000)","Unfall 98613 (2016) Kat:3, Licht: 0","98613","3","6","2","10","10","3","","0","0","1","0","0"
"POINT (9.826353655000000 53.564388039000001)","Unfall 98614 (2016) Kat:3, Licht: 0","98614","3","3","5","10","15","3","","0","0","1","0","1"
"POINT (9.932139235999999 53.566246040000003)","Unfall 98615 (2016) Kat:3, Licht: 0","98615","3","3","5","10","13","4","","0","0","1","0","0"
"POINT (9.992745255999999 53.470951290999999)","Unfall 98616 (2016) Kat:3, Licht: 0","98616","3","7","0","10","08","4","","0","0","1","0","0"
"POINT (9.979997818999999 53.593701267000000)","Unfall 98617 (2016) Kat:3, Licht: 2","98617","3","4","6","10","06","4","","2","0","1","1","0"
"POINT (10.115760192000000 53.602907190000003)","Unfall 98618 (2016) Kat:3, Licht: 0","98618","3","6","3","10","12","2","","0","0","1","0","1"
"POINT (10.007306176000000 53.609297009000002)","Unfall 98619 (2016) Kat:3, Licht: 2","98619","3","3","5","10","23","1","","2","1","1","0","0"
"POINT (9.902168084000000 53.592342414999997)","Unfall 98620 (2016) Kat:3, Licht: 2","98620","3","6","1","10","18","2","","2","0","1","0","0"
"POINT (9.982055110999999 53.458194945999999)","Unfall 98621 (2016) Kat:2, Licht: 0","98621","2","6","4","10","09","6","","0","1","0","0","1"
"POINT (10.100422163999999 53.584536896000003)","Unfall 98622 (2016) Kat:3, Licht: 0","98622","3","2","4","10","07","5","","0","0","1","0","0"
"POINT (10.016505298000000 53.672236206000001)","Unfall 98623 (2016) Kat:3, Licht: 0","98623","3","3","5","10","17","1","","0","0","1","0","1"
"POINT (10.181977774000000 53.478135342999998)","Unfall 98624 (2016) Kat:3, Licht: 0","98624","3","3","5","10","15","3","","0","0","1","0","0"
"POINT (10.081111796000000 53.606421640999997)","Unfall 98625 (2016) Kat:3, Licht: 2","98625","3","6","2","10","21","6","","2","0","1","0","0"
"POINT (10.043803347000001 53.611837838000000)","Unfall 98626 (2016) Kat:3, Licht: 0","98626","3","3","5","10","13","6","","0","1","1","0","0"
"POINT (10.021680745999999 53.559281769999998)","Unfall 98627 (2016) Kat:2, Licht: 2","98627","2","1","9","10","19","1","","2","0","1","0","0"
"POINT (10.100627920999999 53.554786978999999)","Unfall 98628 (2016) Kat:2, Licht: 1","98628","2","1","0","10","16","5","","1","0","0","0","1"
"POINT (9.975118599000000 53.578826214000003)","Unfall 98629 (2016) Kat:3, Licht: 0","98629","3","2","3","09","08","6","","0","1","1","0","0"
"POINT (10.006123297000000 53.550223858000003)","Unfall 98630 (2016) Kat:3, Licht: 0","98630","3","3","5","10","08","5","","0","0","1","0","0"
"POINT (9.918980359000001 53.564911252000002)","Unfall 98631 (2016) Kat:3, Licht: 0","98631","3","3","5","10","08","3","","0","0","1","0","0"
"POINT (10.083778743000000 53.602644738999999)","Unfall 98632 (2016) Kat:3, Licht: 1","98632","3","3","5","10","17","3","","1","0","1","0","0"
"POINT (10.140406909999999 53.624227660999999)","Unfall 98633 (2016) Kat:3, Licht: 2","98633","3","4","6","10","18","3","","2","0","1","1","0"
"POINT (10.015561397999999 53.554709191999997)","Unfall 98634 (2016) Kat:3, Licht: 0","98634","3","4","6","10","15","1","","0","0","1","1","0"
"POINT (10.053313838999999 53.584738631999997)","Unfall 98635 (2016) Kat:3, Licht: 0","98635","3","3","5","10","14","1","","0","0","1","0","0"
"POINT (10.102124138000001 53.579992836000002)","Unfall 98636 (2016) Kat:3, Licht: 2","98636","3","2","4","10","18","1","","2","0","1","0","0"
"POINT (9.924624165000001 53.587315400000001)","Unfall 98637 (2016) Kat:3, Licht: 0","98637","3","6","2","10","15","1","","0","0","1","0","1"
"POINT (10.206718227000000 53.478201915000000)","Unfall 98638 (2016) Kat:3, Licht: 0","98638","3","6","6","10","15","3","","0","0","1","1","0"
"POINT (9.833027768999999 53.556161723999999)","Unfall 98639 (2016) Kat:2, Licht: 0","98639","2","6","1","10","09","6","","0","0","1","0","0"
"POINT (10.038244281000001 53.576689870999999)","Unfall 98640 (2016) Kat:3, Licht: 0","98640","3","3","0","10","14","6","","0","1","0","0","0"
"POINT (10.054971137000001 53.555456085000003)","Unfall 98641 (2016) Kat:3, Licht: 0","98641","3","6","1","10","16","5","","0","0","1","0","0"
"POINT (9.860813909999999 53.597930413999997)","Unfall 98642 (2016) Kat:3, Licht: 1","98642","3","2","4","10","07","5","","1","0","1","0","0"
"POINT (10.043417141999999 53.581511343999999)","Unfall 98643 (2016) Kat:2, Licht: 0","98643","2","6","3","10","12","3","","0","1","0","0","0"
"POINT (10.027236007999999 53.672563189999998)","Unfall 98644 (2016) Kat:3, Licht: 0","98644","3","3","5","10","10","7","","0","1","1","0","0"
"POINT (9.961295570000001 53.550790982999999)","Unfall 98645 (2016) Kat:3, Licht: 2","98645","3","4","6","09","02","6","","2","0","1","1","0"
"POINT (9.978100924000000 53.548470690999999)","Unfall 98646 (2016) Kat:2, Licht: 0","98646","2","7","6","10","17","1","","0","0","1","1","0"
"POINT (10.215355311000000 53.490590308999998)","Unfall 98647 (2016) Kat:3, Licht: 0","98647","3","2","6","10","07","4","","0","0","1","1","0"
"POINT (10.107672929000000 53.629214924999999)","Unfall 98648 (2016) Kat:3, Licht: 0","98648","3","3","4","10","14","4","","0","1","1","0","0"
"POINT (9.995912387000001 53.571340708999998)","Unfall 98649 (2016) Kat:3, Licht: 0","98649","3","7","0","10","16","3","","0","1","1","0","0"
"POINT (10.041174752000000 53.579775839000000)","Unfall 98650 (2016) Kat:3, Licht: 2","98650","3","3","5","10","21","2","","2","0","1","0","0"
"POINT (9.949355677000000 53.558578138999998)","Unfall 98651 (2016) Kat:3, Licht: 0","98651","3","2","4","10","09","3","","0","0","1","0","0"
"POINT (9.953549640000000 53.546898296999998)","Unfall 98652 (2016) Kat:3, Licht: 0","98652","3","5","1","10","17","5","","0","1","1","0","0"
"POINT (9.987449659999999 53.450188965000002)","Unfall 98653 (2016) Kat:2, Licht: 1","98653","2","2","5","10","07","5","","1","0","1","0","0"
"POINT (9.889379284000000 53.601191040000003)","Unfall 98654 (2016) Kat:3, Licht: 0","98654","3","6","2","10","14","5","","0","0","1","0","0"
"POINT (9.965538226000000 53.463433518000002)","Unfall 98655 (2016) Kat:3, Licht: 2","98655","3","3","5","10","18","4","","2","0","1","0","0"
"POINT (10.017287614000001 53.569904905000001)","Unfall 98656 (2016) Kat:3, Licht: 0","98656","3","7","3","10","20","3","","0","1","1","0","0"
"POINT (10.126019970000000 53.655059989999998)","Unfall 98657 (2016) Kat:2, Licht: 0","98657","2","6","2","10","15","2","","0","0","1","0","0"
"POINT (9.987679827999999 53.439057398999999)","Unfall 98658 (2016) Kat:3, Licht: 2","98658","3","4","6","10","19","7","","2","0","1","1","0"
"POINT (9.917897807999999 53.551362451999999)","Unfall 98659 (2016) Kat:2, Licht: 2","98659","2","2","6","10","18","6","","2","0","1","1","0"
"POINT (9.877237128000001 53.502328616000000)","Unfall 98660 (2016) Kat:3, Licht: 0","98660","3","6","2","10","15","6","","0","0","1","0","0"
"POINT (9.992335105000000 53.557896057000001)","Unfall 98661 (2016) Kat:3, Licht: 0","98661","3","6","2","09","08","6","","0","0","1","0","0"
"POINT (10.010343928999999 53.550922444999998)","Unfall 98662 (2016) Kat:2, Licht: 0","98662","2","4","6","10","16","1","","0","0","1","1","0"
"POINT (10.016583919000000 53.555330890999997)","Unfall 98663 (2016) Kat:3, Licht: 0","98663","3","2","0","09","14","6","","0","1","0","0","0"
"POINT (9.905560830000001 53.632135355999999)","Unfall 98664 (2016) Kat:3, Licht: 0","98664","3","3","5","10","15","3","","0","1","1","0","0"
"POINT (10.033706845999999 53.620093707000002)","Unfall 98665 (2016) Kat:3, Licht: 0","98665","3","3","5","10","07","4","","0","1","1","0","0"
"POINT (9.926351674999999 53.553129304999999)","Unfall 98666 (2016) Kat:3, Licht: 2","98666","3","4","6","10","21","4","","2","0","1","1","0"
"POINT (10.048547600999999 53.586070874000001)","Unfall 98667 (2016) Kat:3, Licht: 2","98667","3","2","5","10","18","4","","2","0","1","0","0"
"POINT (10.208200549000001 53.492199994000003)","Unfall 98668 (2016) Kat:3, Licht: 0","98668","3","2","2","10","13","2","","0","0","1","0","0"
"POINT (10.006594808999999 53.550144801000002)","Unfall 98669 (2016) Kat:3, Licht: 2","98669","3","3","5","10","00","2","","2","0","1","0","0"
"POINT (10.097686102000001 53.620187493000003)","Unfall 98670 (2016) Kat:2, Licht: 0","98670","2","3","5","10","14","2","","0","0","1","0","1"
"POINT (10.024984625000000 53.601491877000001)","Unfall 98671 (2016) Kat:3, Licht: 0","98671","3","6","3","10","16","7","","0","0","0","0","1"
"POINT (10.015930556000001 53.548564116999998)","Unfall 98672 (2016) Kat:3, Licht: 2","98672","3","6","3","10","19","5","","2","0","1","0","0"
"POINT (9.995473420000000 53.445473239999998)","Unfall 98673 (2016) Kat:3, Licht: 1","98673","3","4","6","10","18","7","","1","0","1","1","0"
"POINT (10.110553188000001 53.526199724999998)","Unfall 98674 (2016) Kat:3, Licht: 0","98674","3","3","5","10","18","3","","0","0","1","0","0"
"POINT (9.859490406999999 53.534739811999998)","Unfall 98675 (2016) Kat:3, Licht: 2","98675","3","5","5","09","20","5","","2","0","1","0","1"
"POINT (10.106422552000000 53.605837800000003)","Unfall 98676 (2016) Kat:3, Licht: 0","98676","3","6","3","10","16","6","","0","0","1","0","0"
"POINT (10.025564497000000 53.543532696000000)","Unfall 98677 (2016) Kat:3, Licht: 0","98677","3","6","3","10","08","6","","0","0","1","0","0"
"POINT (10.069287668999999 53.559512574000003)","Unfall 98678 (2016) Kat:3, Licht: 2","98678","3","3","5","10","19","7","","2","0","1","0","0"
"POINT (9.999105828999999 53.554457743000000)","Unfall 98679 (2016) Kat:2, Licht: 0","98679","2","6","2","10","12","6","","0","0","1","0","1"
"POINT (10.092824781999999 53.555125257999997)","Unfall 98680 (2016) Kat:3, Licht: 2","98680","3","5","1","10","00","6","","2","1","1","0","0"
"POINT (9.770853907999999 53.521266171999997)","Unfall 98681 (2016) Kat:3, Licht: 2","98681","3","6","2","09","06","5","","2","0","1","0","0"
"POINT (10.098850814000000 53.541209733999999)","Unfall 98682 (2016) Kat:3, Licht: 0","98682","3","7","3","10","16","6","","0","0","1","0","0"
"POINT (9.987546366000000 53.450671260000000)","Unfall 98683 (2016) Kat:3, Licht: 2","98683","3","2","3","09","22","5","","2","0","1","0","0"
"POINT (9.959218363000000 53.620564092999999)","Unfall 98684 (2016) Kat:3, Licht: 0","98684","3","7","0","10","15","3","","0","0","0","0","1"
"POINT (9.888549092000000 53.471646851000003)","Unfall 98685 (2016) Kat:3, Licht: 2","98685","3","2","2","10","06","3","","2","0","1","0","0"
"POINT (9.988856257000000 53.555302552999997)","Unfall 98686 (2016) Kat:3, Licht: 0","98686","3","7","4","10","15","4","","0","1","1","0","0"
"POINT (9.948800663000000 53.549012509000001)","Unfall 98687 (2016) Kat:3, Licht: 0","98687","3","6","2","10","14","1","","0","0","1","0","0"
"POINT (9.977358078000000 53.577609072999998)","Unfall 98688 (2016) Kat:3, Licht: 2","98688","3","6","2","10","18","2","","2","0","1","0","0"
"POINT (10.095183258000000 53.498162909000001)","Unfall 98689 (2016) Kat:3, Licht: 0","98689","3","6","4","10","13","6","","0","0","0","0","0"
"POINT (10.085163656000001 53.657972278999999)","Unfall 98690 (2016) Kat:3, Licht: 2","98690","3","3","5","10","21","5","","2","0","1","0","0"
"POINT (10.207986687000000 53.480837227000002)","Unfall 98691 (2016) Kat:3, Licht: 0","98691","3","6","2","10","12","7","","0","0","1","0","0"
"POINT (10.105754917000001 53.538370958999998)","Unfall 98692 (2016) Kat:3, Licht: 0","98692","3","2","3","10","11","3","","0","1","1","0","0"
"POINT (10.016119797000000 53.561803769999997)","Unfall 98693 (2016) Kat:3, Licht: 0","98693","3","7","5","10","15","6","","0","0","1","0","0"
"POINT (10.157776503999999 53.659001861999997)","Unfall 98694 (2016) Kat:3, Licht: 0","98694","3","3","5","10","12","6","","0","0","1","0","0"
"POINT (10.112513594999999 53.535251971999998)","Unfall 98695 (2016) Kat:3, Licht: 0","98695","3","3","5","10","16","5","","0","1","1","0","0"
"POINT (9.955834928000000 53.455045460999997)","Unfall 98696 (2016) Kat:3, Licht: 0","98696","3","7","0","09","18","5","","0","0","0","0","1"
"POINT (10.059299110000000 53.595680878000003)","Unfall 98697 (2016) Kat:3, Licht: 0","98697","3","2","5","10","09","4","","0","0","1","0","0"
"POINT (10.033864552000001 53.576367390000001)","Unfall 98698 (2016) Kat:2, Licht: 1","98698","2","7","6","10","18","5","","1","1","0","1","0"
"POINT (9.988672999000000 53.603142097000003)","Unfall 98699 (2016) Kat:3, Licht: 0","98699","3","2","2","10","11","3","","0","0","1","0","0"
"POINT (10.095306642000001 53.656148475000002)","Unfall 98700 (2016) Kat:3, Licht: 0","98700","3","3","0","10","15","3","","0","1","1","0","0"
"POINT (10.086028343000001 53.656528110000004)","Unfall 98701 (2016) Kat:3, Licht: 0","98701","3","7","0","10","10","3","","0","0","0","0","1"
"POINT (10.175498022999999 53.476476255999998)","Unfall 98702 (2016) Kat:3, Licht: 0","98702","3","3","6","10","14","7","","0","0","1","1","0"
"POINT (9.826144031000000 53.512967633000002)","Unfall 98703 (2016) Kat:3, Licht: 2","98703","3","3","5","10","19","5","","2","0","1","0","0"
"POINT (10.207471169000000 53.494895657999997)","Unfall 98704 (2016) Kat:3, Licht: 0","98704","3","6","2","09","16","5","","0","0","1","0","0"
"POINT (10.077824136000000 53.637467407999999)","Unfall 98705 (2016) Kat:3, Licht: 0","98705","3","1","7","10","09","4","","0","0","1","0","0"
"POINT (9.943848847000000 53.578387028000002)","Unfall 98706 (2016) Kat:2, Licht: 0","98706","2","4","6","10","11","3","","0","0","1","1","0"
"POINT (10.079124673999999 53.567306240999997)","Unfall 98707 (2016) Kat:3, Licht: 0","98707","3","2","4","10","09","3","","0","1","0","0","0"
"POINT (10.090744919000000 53.549104380000003)","Unfall 98708 (2016) Kat:3, Licht: 0","98708","3","3","5","10","13","3","","0","1","1","0","0"
"POINT (10.036649017000000 53.597424617999998)","Unfall 98709 (2016) Kat:3, Licht: 2","98709","3","2","6","10","01","1","","2","0","1","1","0"
"POINT (10.091035801000000 53.513049056000000)","Unfall 98710 (2016) Kat:3, Licht: 0","98710","3","6","2","10","12","7","","0","0","1","0","0"
"POINT (10.156847939000000 53.601585002000000)","Unfall 98711 (2016) Kat:3, Licht: 0","98711","3","6","6","10","17","3","","0","1","0","1","0"
"POINT (10.023445998000000 53.563237831000002)","Unfall 98712 (2016) Kat:3, Licht: 2","98712","3","7","0","10","18","5","","2","1","0","0","0"
"POINT (9.918999154000000 53.545919351999999)","Unfall 98713 (2016) Kat:3, Licht: 0","98713","3","2","5","10","13","6","","0","0","1","0","0"
"POINT (9.895441639000000 53.620488625999997)","Unfall 98714 (2016) Kat:3, Licht: 0","98714","3","2","5","10","16","6","","0","0","1","0","0"
"POINT (10.124592414000000 53.587104396999997)","Unfall 98715 (2016) Kat:3, Licht: 0","98715","3","7","0","10","17","5","","0","0","0","0","1"
"POINT (9.988234588999999 53.594522345999998)","Unfall 98716 (2016) Kat:3, Licht: 0","98716","3","6","3","10","07","5","","0","0","1","0","0"
"POINT (10.026041655000000 53.622547314999998)","Unfall 98717 (2016) Kat:3, Licht: 0","98717","3","6","1","10","17","3","","0","0","1","0","0"
"POINT (10.014259523000000 53.577676941999997)","Unfall 98718 (2016) Kat:3, Licht: 2","98718","3","4","6","10","21","7","","2","1","0","1","0"
"POINT (10.177389758000000 53.475637395000000)","Unfall 98719 (2016) Kat:3, Licht: 0","98719","3","2","5","09","12","5","","0","1","0","0","0"
"POINT (10.096851382000001 53.542098301999999)","Unfall 98720 (2016) Kat:3, Licht: 0","98720","3","7","0","10","15","7","","0","1","1","0","0"
"POINT (10.096871191000000 53.641361846000002)","Unfall 98721 (2016) Kat:3, Licht: 0","98721","3","6","3","10","16","7","","0","0","1","0","0"
"POINT (10.008622000000001 53.579367550000001)","Unfall 98722 (2016) Kat:3, Licht: 1","98722","3","5","1","10","18","7","","1","0","1","0","0"
"POINT (10.100482640999999 53.579706277000000)","Unfall 98723 (2016) Kat:3, Licht: 0","98723","3","4","6","10","14","3","","0","1","1","1","0"
"POINT (9.937516406000000 53.476484462999998)","Unfall 98724 (2016) Kat:3, Licht: 2","98724","3","1","0","10","05","5","","2","0","0","0","1"
"POINT (10.126654810000000 53.603704970000003)","Unfall 98725 (2016) Kat:3, Licht: 2","98725","3","3","5","10","19","5","","2","0","1","0","1"
"POINT (10.149437147000000 53.590880255000002)","Unfall 98726 (2016) Kat:3, Licht: 0","98726","3","6","4","10","10","4","","0","1","0","0","0"
"POINT (10.043961233999999 53.591361681999999)","Unfall 98727 (2016) Kat:3, Licht: 0","98727","3","2","4","10","09","3","","0","1","1","0","0"
"POINT (10.006283868000001 53.634167208999997)","Unfall 98728 (2016) Kat:3, Licht: 0","98728","3","7","0","10","07","2","","0","0","0","0","0"
"POINT (10.020194095000001 53.516810221000000)","Unfall 98729 (2016) Kat:3, Licht: 2","98729","3","5","1","10","02","7","","2","0","1","0","0"
"POINT (9.959357212000001 53.559349859999998)","Unfall 98730 (2016) Kat:3, Licht: 2","98730","3","1","1","10","06","6","","2","1","1","0","0"
"POINT (10.019775285000000 53.524509426999998)","Unfall 98731 (2016) Kat:2, Licht: 2","98731","2","5","3","10","06","6","","2","0","1","0","1"
"POINT (10.057486348999999 53.554979021000001)","Unfall 98732 (2016) Kat:3, Licht: 1","98732","3","2","2","09","17","5","","1","1","1","0","0"
"POINT (10.024741216000001 53.600432847999997)","Unfall 98733 (2016) Kat:3, Licht: 0","98733","3","3","5","10","13","7","","0","1","1","0","0"
"POINT (10.128673160000000 53.585456120000003)","Unfall 98734 (2016) Kat:3, Licht: 0","98734","3","6","4","09","17","5","","0","0","1","0","1"
"POINT (9.944087433000000 53.549512941000003)","Unfall 98735 (2016) Kat:3, Licht: 0","98735","3","3","6","10","08","3","","0","0","1","1","0"
"POINT (10.053230924999999 53.573802577999999)","Unfall 98736 (2016) Kat:3, Licht: 0","98736","3","4","6","10","12","4","","0","0","1","1","0"
"POINT (10.002487543000001 53.557342964000000)","Unfall 98737 (2016) Kat:3, Licht: 0","98737","3","3","5","10","08","4","","0","1","1","0","0"
"POINT (9.966153707000000 53.637264915999999)","Unfall 98738 (2016) Kat:3, Licht: 0","98738","3","3","5","10","09","4","","0","1","1","0","0"