WKT,Name,OBJECTID,UKATEGORIE,UTYP1,UART,UMONAT,USTUNDE,UWOCHENTAG,STRZUSTAND,ULICHTVERH,ISTRAD,ISTPKW,ISTFUSS,ISTKRAD
"POINT (10.089406194000000 53.554319151000001)","Unfall 98739 (2016) Kat:3, Licht: 0","98739","3","6","2","10","10","4","","0","0","1","0","0"
"POINT (10.030143262999999 53.677483998000000)","Unfall 98740 (2016) Kat:3, Licht: 0","98740","3","3","5","10","13","4","","0","1","1","0","0"
"POINT (9.988233147000001 53.572676936000001)","Unfall 98741 (2016) Kat:3, Licht: 0","98741","3","7","0","10","12","3","","0","0","0","0","1"
"POINT (9.898559665000001 53.546013203999998)","Unfall 98742 (2016) Kat:3, Licht: 2","98742","3","1","9","10","22","2","","2","0","1","0","0"
"POINT (9.961893267000001 53.549533552000000)","Unfall 98743 (2016) Kat:3, Licht: 0","98743","3","6","3","10","15","3","","0","0","1","0","0"
"POINT (10.071685681000000 53.573592697000002)","Unfall 98744 (2016) Kat:3, Licht: 2","98744","3","6","1","10","23","7","","2","0","1","0","0"
"POINT (9.981534657999999 53.426362015999999)","Unfall 98745 (2016) Kat:3, Licht: 0","98745","3","6","2","10","17","5","","0","0","1","0","0"
"POINT (10.068585728000000 53.601086420000001)","Unfall 98746 (2016) Kat:3, Licht: 1","98746","3","4","6","09","19","5","","1","0","1","1","0"
"POINT (10.057092143000000 53.564106361999997)","Unfall 98747 (2016) Kat:3, Licht: 2","98747","3","6","2","10","19","6","","2","0","1","0","0"
"POINT (9.960108182000001 53.549437902999998)","Unfall 98748 (2016) Kat:3, Licht: 1","98748","3","3","5","10","18","6","","1","1","1","0","0"
"POINT (10.054758648000000 53.605685545999997)","Unfall 98749 (2016) Kat:3, Licht: 1","98749","3","7","2","09","18","5","","1","0","1","0","1"
"POINT (9.953475215999999 53.550440596999998)","Unfall 98750 (2016) Kat:3, Licht: 0","98750","3","7","6","10","17","3","","0","1","0","1","0"
"POINT (10.010377767000000 53.547335949999997)","Unfall 98751 (2016) Kat:3, Licht: 0","98751","3","6","2","10","09","3","","0","0","1","0","0"
"POINT (9.858604075000001 53.537750815000003)","Unfall 98752 (2016) Kat:3, Licht: 2","98752","3","1","8","10","19","3","","2","0","1","0","0"
"POINT (10.057292888999999 53.564466428000003)","Unfall 98753 (2016) Kat:3, Licht: 0","98753","3","2","4","10","14","1","","0","0","1","0","0"
"POINT (10.196166786999999 53.512017573999998)","Unfall 98754 (2016) Kat:3, Licht: 2","98754","3","3","4","10","01","6","","2","0","1","0","0"
"POINT (10.056582779999999 53.569248790000003)","Unfall 98755 (2016) Kat:3, Licht: 2","98755","3","2","3","10","07","5","","2","1","1","0","0"
"POINT (10.038009384000000 53.597547656000003)","Unfall 98756 (2016) Kat:3, Licht: 0","98756","3","7","0","10","11","7","","0","0","1","0","0"
"POINT (10.167012192000000 53.651712234999998)","Unfall 98757 (2016) Kat:3, Licht: 0","98757","3","3","5","10","13","3","","0","1","1","0","0"
"POINT (10.030191706000000 53.556954513000001)","Unfall 98758 (2016) Kat:3, Licht: 0","98758","3","6","1","10","10","2","","0","0","1","0","0"
"POINT (10.069740024000000 53.565253198999997)","Unfall 98759 (2016) Kat:3, Licht: 0","98759","3","3","5","10","11","1","","0","0","1","0","1"
"POINT (10.050676890000000 53.586099200000000)","Unfall 98760 (2016) Kat:3, Licht: 0","98760","3","3","5","10","13","2","","0","0","1","0","0"
"POINT (9.989354333000000 53.558295958000002)","Unfall 98761 (2016) Kat:3, Licht: 2","98761","3","3","5","10","00","7","","2","0","1","0","0"
"POINT (10.055341052999999 53.561002907000002)","Unfall 98762 (2016) Kat:3, Licht: 0","98762","3","2","0","10","10","5","","0","0","1","0","0"
"POINT (10.041844108999999 53.598592302999997)","Unfall 98763 (2016) Kat:3, Licht: 0","98763","3","6","3","10","17","7","","0","1","0","0","0"
"POINT (10.079641530000000 53.640474161999997)","Unfall 98764 (2016) Kat:3, Licht: 0","98764","3","3","5","10","09","3","","0","0","1","0","1"
"POINT (10.130790669000000 53.578679678999997)","Unfall 98765 (2016) Kat:3, Licht: 0","98765","3","3","5","10","15","6","","0","0","1","0","0"
"POINT (10.084163171000000 53.574516555999999)","Unfall 98766 (2016) Kat:3, Licht: 0","98766","3","1","0","10","14","6","","0","0","0","0","1"
"POINT (10.058452507000000 53.570021115999999)","Unfall 98767 (2016) Kat:3, Licht: 0","98767","3","7","0","10","13","7","","0","1","0","0","0"
"POINT (10.203971671000000 53.491649445000000)","Unfall 98768 (2016) Kat:3, Licht: 2","98768","3","2","6","10","20","5","","2","0","1","1","0"
"POINT (10.161773319000000 53.650479109000003)","Unfall 98769 (2016) Kat:3, Licht: 2","98769","3","3","5","09","19","5","","2","1","1","0","0"
"POINT (10.026414812000001 53.628614769999999)","Unfall 98770 (2016) Kat:3, Licht: 0","98770","3","6","3","10","14","4","","0","0","1","0","0"
"POINT (9.929470616000000 53.554546197999997)","Unfall 98771 (2016) Kat:3, Licht: 0","98771","3","3","5","10","08","3","","0","1","1","0","0"
"POINT (10.057398358000000 53.608581907999998)","Unfall 98772 (2016) Kat:3, Licht: 0","98772","3","2","2","10","14","3","","0","0","1","0","0"
"POINT (10.117786632000000 53.530009939000003)","Unfall 98773 (2016) Kat:3, Licht: 0","98773","3","1","8","10","08","3","","0","0","1","0","0"
"POINT (9.984362141000000 53.595538107000003)","Unfall 98774 (2016) Kat:3, Licht: 2","98774","3","6","1","10","00","1","","2","0","1","0","0"
"POINT (9.919687418000001 53.598335521999999)","Unfall 98775 (2016) Kat:3, Licht: 2","98775","3","6","3","10","23","7","","2","0","1","0","0"
"POINT (10.081192627000000 53.661742728000000)","Unfall 98776 (2016) Kat:3, Licht: 0","98776","3","6","0","10","15","3","","0","1","0","0","0"
"POINT (9.937139831000000 53.552317576999997)","Unfall 98777 (2016) Kat:3, Licht: 0","98777","3","6","2","10","13","5","","0","0","1","0","1"
"POINT (9.976616508999999 53.553260047000002)","Unfall 98778 (2016) Kat:3, Licht: 0","98778","3","7","3","10","10","6","","0","0","1","0","1"
"POINT (9.981415156000001 53.587960625999997)","Unfall 98779 (2016) Kat:3, Licht: 0","98779","3","2","3","10","15","6","","0","1","1","0","0"
"POINT (10.045384319000000 53.589539473000002)","Unfall 98780 (2016) Kat:3, Licht: 0","98780","3","2","3","10","14","5","","0","0","1","0","0"
"POINT (9.857096287999999 53.508144432000002)","Unfall 98781 (2016) Kat:2, Licht: 2","98781","2","3","5","10","07","4","","2","1","1","0","0"
"POINT (10.039364876000000 53.591402647999999)","Unfall 98782 (2016) Kat:3, Licht: 0","98782","3","2","5","10","15","6","","0","1","1","0","0"
"POINT (10.016980351000001 53.670547046999999)","Unfall 98783 (2016) Kat:3, Licht: 0","98783","3","7","9","10","08","6","","0","0","1","0","0"
"POINT (10.041422878000001 53.546595584000002)","Unfall 98784 (2016) Kat:3, Licht: 0","98784","3","3","0","10","17","5","","0","0","1","0","1"
"POINT (9.928564105000000 53.561444102000003)","Unfall 98785 (2016) Kat:3, Licht: 2","98785","3","7","0","10","23","5","","2","1","0","0","0"
"POINT (9.972035146000000 53.575033617000003)","Unfall 98786 (2016) Kat:3, Licht: 0","98786","3","5","1","10","15","3","","0","1","1","0","0"
"POINT (10.024518870000000 53.563772477000001)","Unfall 98787 (2016) Kat:2, Licht: 0","98787","2","4","6","10","13","3","","0","0","0","1","0"
"POINT (10.015741298000000 53.676652629000003)","Unfall 98788 (2016) Kat:3, Licht: 2","98788","3","5","1","10","23","7","","2","0","1","0","0"
"POINT (10.174497648999999 53.647840326000001)","Unfall 98789 (2016) Kat:3, Licht: 0","98789","3","6","2","09","17","5","","0","0","1","0","0"
"POINT (9.908602208000000 53.605871704999998)","Unfall 98790 (2016) Kat:3, Licht: 0","98790","3","6","0","10","15","7","","0","0","1","0","0"
"POINT (10.214708968000000 53.486825047000004)","Unfall 98791 (2016) Kat:3, Licht: 0","98791","3","7","6","10","07","4","","0","1","0","1","0"
"POINT (10.048402445000001 53.570867790000001)","Unfall 98792 (2016) Kat:3, Licht: 0","98792","3","2","6","10","08","5","","0","0","1","1","0"
"POINT (10.057285867999999 53.580137098000002)","Unfall 98793 (2016) Kat:3, Licht: 2","98793","3","2","5","10","07","4","","2","0","1","0","0"
"POINT (9.923287862000001 53.642488503000003)","Unfall 98794 (2016) Kat:3, Licht: 0","98794","3","6","3","10","13","3","","0","1","0","0","0"
"POINT (10.028482252000000 53.559990317999997)","Unfall 98795 (2016) Kat:3, Licht: 1","98795","3","6","2","10","19","2","","1","0","1","0","0"
"POINT (9.946025167000000 53.592065118000001)","Unfall 98796 (2016) Kat:3, Licht: 2","98796","3","3","5","10","21","3","","2","0","1","0","0"
"POINT (10.205818316000000 53.476147585000000)","Unfall 98797 (2016) Kat:3, Licht: 2","98797","3","7","3","10","00","7","","2","0","1","0","0"
"POINT (9.987933544000001 53.556367850999997)","Unfall 98798 (2016) Kat:3, Licht: 1","98798","3","6","2","10","18","6","","1","0","1","0","0"
"POINT (10.233953129000000 53.483182249000002)","Unfall 98799 (2016) Kat:3, Licht: 0","98799","3","7","0","10","14","6","","0","0","0","0","0"
"POINT (10.023160274000000 53.615481735000003)","Unfall 98800 (2016) Kat:3, Licht: 0","98800","3","3","5","10","14","3","","0","0","1","0","0"
"POINT (10.080139588000000 53.582025586999997)","Unfall 98801 (2016) Kat:2, Licht: 0","98801","2","6","3","10","15","2","","0","1","0","0","0"
"POINT (9.944616087000000 53.549373860000003)","Unfall 98802 (2016) Kat:3, Licht: 2","98802","3","3","5","10","06","6","","2","0","1","0","1"
"POINT (9.956140443000001 53.640861270000002)","Unfall 98803 (2016) Kat:3, Licht: 0","98803","3","3","5","10","12","7","","0","1","1","0","0"
"POINT (10.158579251999999 53.645378291000000)","Unfall 98804 (2016) Kat:3, Licht: 1","98804","3","6","2","09","18","5","","1","0","1","0","0"
"POINT (9.948910135000000 53.579567846000003)","Unfall 98805 (2016) Kat:3, Licht: 1","98805","3","3","5","10","17","7","","1","1","1","0","0"
"POINT (10.039648284000000 53.631159793000002)","Unfall 98806 (2016) Kat:3, Licht: 2","98806","3","6","0","09","01","5","","2","0","1","0","0"
"POINT (10.032421434000000 53.539271517000003)","Unfall 98807 (2016) Kat:3, Licht: 0","98807","3","1","0","10","15","4","","0","0","0","0","1"
"POINT (9.951826023000001 53.566609130000003)","Unfall 98808 (2016) Kat:3, Licht: 0","98808","3","6","2","10","09","4","","0","0","1","0","0"
"POINT (10.010769040000000 53.670573230000002)","Unfall 98809 (2016) Kat:3, Licht: 2","98809","3","6","6","10","18","4","","2","0","1","1","0"
"POINT (10.105547867000000 53.456619375999999)","Unfall 98810 (2016) Kat:1, Licht: 0","98810","1","4","6","10","13","2","","0","0","0","1","0"
"POINT (9.988456927000000 53.557044914999999)","Unfall 98811 (2016) Kat:3, Licht: 0","98811","3","7","4","10","15","2","","0","1","1","0","0"
"POINT (9.922015953000001 53.520687139000003)","Unfall 98812 (2016) Kat:2, Licht: 2","98812","2","4","6","10","19","3","","2","0","0","1","0"
"POINT (10.129468238999999 53.683782317999999)","Unfall 98813 (2016) Kat:3, Licht: 0","98813","3","2","2","10","15","7","","0","0","1","0","0"
"POINT (10.112121924000000 53.523508784999997)","Unfall 98814 (2016) Kat:2, Licht: 0","98814","2","3","5","10","10","5","","0","0","1","0","0"
"POINT (10.137798025000000 53.653314262999999)","Unfall 98815 (2016) Kat:3, Licht: 0","98815","3","5","1","10","16","3","","0","0","1","0","0"
"POINT (10.062130284000000 53.554420919999998)","Unfall 98816 (2016) Kat:3, Licht: 0","98816","3","6","2","10","08","6","","0","0","1","0","0"
"POINT (9.996502532999999 53.552869071000003)","Unfall 98817 (2016) Kat:3, Licht: 0","98817","3","2","4","10","14","6","","0","0","1","0","0"
"POINT (10.028041324000000 53.674763435000003)","Unfall 98818 (2016) Kat:3, Licht: 0","98818","3","7","0","09","14","5","","0","0","1","0","1"
"POINT (10.007762528000001 53.558779774999998)","Unfall 98819 (2016) Kat:2, Licht: 2","98819","2","4","6","10","21","3","","2","0","1","1","0"
"POINT (9.977780194999999 53.465828346000002)","Unfall 98820 (2016) Kat:3, Licht: 0","98820","3","6","1","10","16","3","","0","0","1","0","0"
"POINT (10.040317237000000 53.566901960000003)","Unfall 98821 (2016) Kat:3, Licht: 2","98821","3","6","2","10","04","7","","2","0","1","0","0"
"POINT (9.976758814000000 53.578084339000000)","Unfall 98822 (2016) Kat:3, Licht: 0","98822","3","6","0","11","12","5","","0","0","1","0","0"
"POINT (9.890966447000000 53.608661347999998)","Unfall 98823 (2016) Kat:3, Licht: 0","98823","3","7","0","11","10","6","","0","1","0","0","0"
"POINT (10.182050099000000 53.498054312000001)","Unfall 98824 (2016) Kat:3, Licht: 0","98824","3","2","4","11","09","4","","0","1","1","0","0"
"POINT (9.898210631000000 53.625174827999999)","Unfall 98825 (2016) Kat:3, Licht: 0","98825","3","2","4","11","12","3","","0","0","1","0","0"
"POINT (9.993866237000001 53.583229613000000)","Unfall 98826 (2016) Kat:3, Licht: 0","98826","3","2","4","10","16","5","","0","0","1","0","0"
"POINT (9.978650462999999 53.607213426000001)","Unfall 98827 (2016) Kat:3, Licht: 2","98827","3","2","6","11","21","3","","2","0","1","1","0"
"POINT (9.979111268000001 53.569774498000001)","Unfall 98828 (2016) Kat:3, Licht: 2","98828","3","7","0","11","20","4","","2","1","0","0","0"
"POINT (10.122146941000000 53.605217347999996)","Unfall 98829 (2016) Kat:3, Licht: 0","98829","3","3","5","11","10","7","","0","0","1","0","0"
"POINT (10.040061638999999 53.557958683000003)","Unfall 98830 (2016) Kat:3, Licht: 1","98830","3","7","5","10","07","2","","1","1","1","0","0"
"POINT (9.878887780000000 53.530433739000003)","Unfall 98831 (2016) Kat:3, Licht: 0","98831","3","6","3","10","17","3","","0","1","0","0","0"
"POINT (10.032214209999999 53.635446385000002)","Unfall 98832 (2016) Kat:3, Licht: 2","98832","3","4","6","10","18","6","","2","0","1","1","0"
"POINT (10.107015903000001 53.547435768000000)","Unfall 98833 (2016) Kat:3, Licht: 2","98833","3","2","6","10","21","6","","2","0","1","1","0"
"POINT (9.940047592999999 53.592949896000000)","Unfall 98834 (2016) Kat:3, Licht: 0","98834","3","6","2","10","14","2","","0","0","1","0","0"
"POINT (9.981164408000000 53.425246350999998)","Unfall 98835 (2016) Kat:3, Licht: 2","98835","3","4","6","10","19","2","","2","0","1","1","0"
"POINT (9.921916556999999 53.554661615000001)","Unfall 98836 (2016) Kat:3, Licht: 0","98836","3","7","0","10","15","1","","0","0","1","0","1"
"POINT (10.047241709000000 53.579745952000003)","Unfall 98837 (2016) Kat:3, Licht: 0","98837","3","1","0","10","10","7","","0","1","0","0","0"
"POINT (9.934281235000000 53.555571151000002)","Unfall 98838 (2016) Kat:3, Licht: 0","98838","3","7","0","11","08","6","","0","1","0","0","0"
"POINT (9.951156017000001 53.623906773000002)","Unfall 98839 (2016) Kat:3, Licht: 0","98839","3","2","4","11","13","4","","0","1","1","0","0"
"POINT (10.166339414999999 53.651907676999997)","Unfall 98840 (2016) Kat:3, Licht: 0","98840","3","3","5","11","07","2","","0","1","1","0","0"
"POINT (9.979482995000000 53.566134484000003)","Unfall 98841 (2016) Kat:3, Licht: 0","98841","3","6","3","10","18","4","","0","1","1","0","0"
"POINT (10.177856166000000 53.476601375999998)","Unfall 98842 (2016) Kat:3, Licht: 2","98842","3","3","5","11","17","6","","2","1","1","0","0"
"POINT (10.054397236000000 53.585266181000001)","Unfall 98843 (2016) Kat:3, Licht: 0","98843","3","4","6","11","08","6","","0","0","1","1","0"
"POINT (10.125644747000001 53.643169475999997)","Unfall 98844 (2016) Kat:3, Licht: 0","98844","3","3","6","11","14","4","","0","0","1","1","0"
"POINT (9.948375108000001 53.555656661999997)","Unfall 98845 (2016) Kat:3, Licht: 0","98845","3","7","6","11","15","3","","0","1","0","1","0"
"POINT (10.055522377000001 53.606510974000003)","Unfall 98846 (2016) Kat:3, Licht: 0","98846","3","2","3","10","14","4","","0","1","0","0","0"
"POINT (9.931427351000000 53.545308220999999)","Unfall 98847 (2016) Kat:3, Licht: 2","98847","3","7","8","11","17","7","","2","0","1","0","0"
"POINT (10.004470763000000 53.600183282000003)","Unfall 98848 (2016) Kat:3, Licht: 0","98848","3","6","1","10","17","6","","0","0","1","0","0"
"POINT (10.108727545000001 53.559513705999997)","Unfall 98849 (2016) Kat:3, Licht: 2","98849","3","3","5","10","20","6","","2","1","1","0","0"
"POINT (10.003011452999999 53.542191586000001)","Unfall 98850 (2016) Kat:3, Licht: 0","98850","3","6","2","10","08","2","","0","0","1","0","0"
"POINT (9.878747776000001 53.532611000000003)","Unfall 98851 (2016) Kat:3, Licht: 2","98851","3","3","6","11","06","3","","2","0","1","1","0"
"POINT (9.972450869999999 53.583594277000003)","Unfall 98852 (2016) Kat:3, Licht: 2","98852","3","3","5","11","18","4","","2","0","1","0","0"
"POINT (10.084532183000000 53.551008246999999)","Unfall 98853 (2016) Kat:3, Licht: 2","98853","3","2","6","11","19","5","","2","0","1","1","0"
"POINT (10.159547108000000 53.604053407999999)","Unfall 98854 (2016) Kat:3, Licht: 0","98854","3","3","5","11","07","6","","0","1","1","0","0"
"POINT (9.979461122000000 53.460811675999999)","Unfall 98855 (2016) Kat:3, Licht: 0","98855","3","4","6","10","15","2","","0","0","0","1","0"
"POINT (10.033502040000000 53.574054424000003)","Unfall 98856 (2016) Kat:3, Licht: 0","98856","3","6","2","10","13","6","","0","0","1","0","0"
"POINT (10.077912209999999 53.617228122000000)","Unfall 98857 (2016) Kat:3, Licht: 0","98857","3","6","2","11","12","5","","0","0","1","0","0"
"POINT (10.027374225000001 53.559508977000000)","Unfall 98858 (2016) Kat:3, Licht: 2","98858","3","6","2","10","19","6","","2","1","1","1","0"
"POINT (10.004831204000000 53.462829986999999)","Unfall 98859 (2016) Kat:3, Licht: 0","98859","3","6","2","11","15","5","","0","0","1","0","0"
"POINT (9.919266110000001 53.564099722999998)","Unfall 98860 (2016) Kat:3, Licht: 2","98860","3","2","4","10","17","1","","2","0","1","0","0"
"POINT (10.055033155000000 53.555130321999997)","Unfall 98861 (2016) Kat:3, Licht: 2","98861","3","7","0","11","06","3","","2","0","0","0","1"
"POINT (9.983577762000000 53.553129841000001)","Unfall 98862 (2016) Kat:3, Licht: 0","98862","3","3","5","11","09","4","","0","1","1","0","0"
"POINT (9.997747250000000 53.620658730999999)","Unfall 98863 (2016) Kat:3, Licht: 0","98863","3","6","1","11","12","3","","0","0","1","0","0"
"POINT (10.101133985000001 53.645749277999997)","Unfall 98864 (2016) Kat:3, Licht: 0","98864","3","3","5","11","09","5","","0","0","1","0","0"
"POINT (9.958616283000000 53.563096027000000)","Unfall 98865 (2016) Kat:3, Licht: 2","98865","3","6","2","11","19","3","","2","0","1","0","0"
"POINT (9.993968743000000 53.470164003000001)","Unfall 98866 (2016) Kat:3, Licht: 2","98866","3","2","4","10","21","3","","2","0","1","0","0"
"POINT (10.025303848000000 53.560522046000003)","Unfall 98867 (2016) Kat:3, Licht: 0","98867","3","2","3","11","10","6","","0","1","1","0","0"
"POINT (9.997015864000000 53.491276610000000)","Unfall 98868 (2016) Kat:3, Licht: 0","98868","3","6","2","10","13","2","","0","0","1","0","0"
"POINT (10.040689177000001 53.580047465000000)","Unfall 98869 (2016) Kat:3, Licht: 1","98869","3","4","6","10","08","6","","1","0","1","1","0"
"POINT (10.091792119999999 53.543829324999997)","Unfall 98870 (2016) Kat:3, Licht: 0","98870","3","3","5","10","12","2","","0","0","1","0","0"
"POINT (9.896940261999999 53.588784830000002)","Unfall 98871 (2016) Kat:3, Licht: 2","98871","3","2","4","10","18","7","","2","0","1","0","0"
"POINT (9.896677527000000 53.604780773999998)","Unfall 98872 (2016) Kat:3, Licht: 2","98872","3","6","2","11","19","5","","2","0","1","0","0"
"POINT (10.029629871999999 53.571288074999998)","Unfall 98873 (2016) Kat:3, Licht: 0","98873","3","6","2","11","12","6","","0","0","1","0","0"
"POINT (10.013864098000001 53.559200683000000)","Unfall 98874 (2016) Kat:3, Licht: 2","98874","3","5","1","11","22","5","","2","1","1","0","0"
"POINT (9.820389464000000 53.562601489999999)","Unfall 98875 (2016) Kat:3, Licht: 0","98875","3","3","5","11","16","3","","0","1","1","0","0"
"POINT (10.078200364000001 53.587127148000000)","Unfall 98876 (2016) Kat:3, Licht: 0","98876","3","6","2","11","11","3","","0","0","1","0","0"
"POINT (9.958609136000000 53.599039009000002)","Unfall 98877 (2016) Kat:3, Licht: 0","98877","3","2","3","11","08","3","","0","1","0","0","0"
"POINT (9.874469130000000 53.589969910999997)","Unfall 98878 (2016) Kat:3, Licht: 0","98878","3","2","4","11","06","4","","0","0","1","0","0"
"POINT (9.970997839000001 53.463613072000001)","Unfall 98879 (2016) Kat:3, Licht: 0","98879","3","3","5","11","09","7","","0","1","1","0","0"
"POINT (10.077819135000000 53.518356578999999)","Unfall 98880 (2016) Kat:3, Licht: 0","98880","3","3","5","10","13","2","","0","0","1","0","0"
"POINT (9.999469360999999 53.498551640999999)","Unfall 98881 (2016) Kat:3, Licht: 1","98881","3","6","2","10","17","3","","1","0","1","0","0"
"POINT (10.055444636000001 53.599384141999998)","Unfall 98882 (2016) Kat:3, Licht: 0","98882","3","5","1","11","07","3","","0","0","1","0","0"
"POINT (9.986186275000000 53.454846836000002)","Unfall 98883 (2016) Kat:2, Licht: 0","98883","2","4","6","11","07","3","","0","0","1","1","0"
"POINT (9.918103776000001 53.579793272000003)","Unfall 98884 (2016) Kat:3, Licht: 2","98884","3","3","5","11","18","3","","2","0","1","0","0"
"POINT (10.147644719000001 53.529751234000003)","Unfall 98885 (2016) Kat:3, Licht: 2","98885","3","4","6","11","19","4","","2","0","1","1","0"
"POINT (10.163748440999999 53.646652164999999)","Unfall 98886 (2016) Kat:3, Licht: 2","98886","3","3","5","11","17","1","","2","0","1","0","0"
"POINT (9.936345445000001 53.454888801999999)","Unfall 98887 (2016) Kat:3, Licht: 0","98887","3","3","5","10","11","2","","0","0","1","0","0"
"POINT (10.096717871999999 53.533211250000001)","Unfall 98888 (2016) Kat:3, Licht: 0","98888","3","6","2","10","14","3","","0","0","1","0","0"
"POINT (9.919494719999999 53.558487900999999)","Unfall 98889 (2016) Kat:3, Licht: 0","98889","3","3","5","11","13","6","","0","0","1","0","0"
"POINT (10.062783052000000 53.577853312000002)","Unfall 98890 (2016) Kat:3, Licht: 0","98890","3","7","0","10","10","2","","0","1","0","0","0"
"POINT (10.076988681000000 53.656391247999998)","Unfall 98891 (2016) Kat:3, Licht: 0","98891","3","3","5","10","15","2","","0","0","1","0","0"
"POINT (10.102185779999999 53.647350652999997)","Unfall 98892 (2016) Kat:3, Licht: 1","98892","3","2","5","10","18","2","","1","1","1","0","0"
"POINT (9.960218869000000 53.552115501999999)","Unfall 98893 (2016) Kat:3, Licht: 0","98893","3","7","0","10","13","7","","0","1","0","0","0"
"POINT (9.889970708000000 53.601751602999997)","Unfall 98894 (2016) Kat:3, Licht: 0","98894","3","6","2","11","13","6","","0","0","1","0","0"
"POINT (10.147365906999999 53.608956397999997)","Unfall 98895 (2016) Kat:3, Licht: 0","98895","3","7","5","11","10","4","","0","1","1","0","0"
"POINT (9.940741578000001 53.576037157999998)","Unfall 98896 (2016) Kat:3, Licht: 0","98896","3","3","5","11","13","3","","0","0","1","0","0"
"POINT (10.206101923000000 53.494286694000003)","Unfall 98897 (2016) Kat:3, Licht: 0","98897","3","6","2","10","15","4","","0","0","1","0","0"
"POINT (10.076753593999999 53.566872158999999)","Unfall 98898 (2016) Kat:3, Licht: 2","98898","3","1","8","11","05","7","","2","0","1","0","0"
"POINT (10.070480418000001 53.572907092000001)","Unfall 98899 (2016) Kat:3, Licht: 0","98899","3","6","2","10","14","2","","0","0","1","0","1"
"POINT (10.051020318999999 53.540007352000003)","Unfall 98900 (2016) Kat:3, Licht: 0","98900","3","2","4","10","09","3","","0","1","1","0","0"
"POINT (10.022425770000000 53.559024952999998)","Unfall 98901 (2016) Kat:3, Licht: 0","98901","3","6","2","10","16","6","","0","0","1","0","0"
"POINT (10.086877227000000 53.552208292000003)","Unfall 98902 (2016) Kat:3, Licht: 0","98902","3","2","3","10","17","6","","0","1","1","0","0"
"POINT (9.947963827000001 53.577788656999999)","Unfall 98903 (2016) Kat:2, Licht: 0","98903","2","5","1","10","15","2","","0","1","1","0","0"
"POINT (9.909410803000000 53.560182806999997)","Unfall 98904 (2016) Kat:3, Licht: 0","98904","3","6","3","10","08","2","","0","1","1","0","0"
"POINT (10.008506800999999 53.550469802000002)","Unfall 98905 (2016) Kat:3, Licht: 2","98905","3","2","3","10","03","1","","2","1","1","0","0"
"POINT (10.007597496000001 53.558579383000001)","Unfall 98906 (2016) Kat:3, Licht: 2","98906","3","7","1","11","21","4","","2","0","1","0","0"
"POINT (9.905475597000001 53.607800572999999)","Unfall 98907 (2016) Kat:3, Licht: 0","98907","3","6","2","10","10","6","","0","0","1","0","0"
"POINT (10.048484133000001 53.559140440000000)","Unfall 98908 (2016) Kat:3, Licht: 1","98908","3","7","0","10","07","6","","1","1","0","0","0"
"POINT (9.907147717000001 53.650180698000000)","Unfall 98909 (2016) Kat:3, Licht: 2","98909","3","7","0","10","18","2","","2","0","1","0","0"
"POINT (10.050037662999999 53.582325322000003)","Unfall 98910 (2016) Kat:3, Licht: 0","98910","3","7","1","10","13","2","","0","0","1","0","0"
"POINT (9.880489816000001 53.614734050999999)","Unfall 98911 (2016) Kat:3, Licht: 1","98911","3","3","5","10","07","6","","1","0","0","0","1"
"POINT (9.948933280000000 53.558597831999997)","Unfall 98912 (2016) Kat:2, Licht: 0","98912","2","6","4","10","16","2","","0","1","0","0","0"
"POINT (10.078282255000000 53.554796217000003)","Unfall 98913 (2016) Kat:3, Licht: 1","98913","3","6","0","10","17","7","","1","1","1","0","0"
"POINT (10.015875567000000 53.551719147000000)","Unfall 98914 (2016) Kat:3, Licht: 2","98914","3","7","0","10","05","7","","2","1","0","0","0"
"POINT (9.941255737000001 53.572868256000000)","Unfall 98915 (2016) Kat:3, Licht: 2","98915","3","3","5","11","19","6","","2","1","1","0","0"
"POINT (10.044460807000000 53.574990256000000)","Unfall 98916 (2016) Kat:3, Licht: 1","98916","3","3","5","11","06","4","","1","0","1","0","0"
"POINT (9.970994419000000 53.450077454999999)","Unfall 98917 (2016) Kat:2, Licht: 2","98917","2","5","1","11","18","2","","2","0","1","0","0"
"POINT (10.090909007000000 53.670206708999999)","Unfall 98918 (2016) Kat:3, Licht: 2","98918","3","5","1","10","23","4","","2","0","1","0","0"
"POINT (9.962875906000001 53.546492250999997)","Unfall 98919 (2016) Kat:3, Licht: 0","98919","3","6","2","11","13","7","","0","0","1","0","0"
"POINT (9.857522883000000 53.588524853999999)","Unfall 98920 (2016) Kat:3, Licht: 0","98920","3","5","3","10","15","6","","0","0","1","0","0"
"POINT (10.036436012999999 53.550011052000002)","Unfall 98921 (2016) Kat:3, Licht: 0","98921","3","3","5","10","17","6","","0","0","1","0","0"
"POINT (9.914063089000001 53.514763481999999)","Unfall 98922 (2016) Kat:3, Licht: 2","98922","3","7","4","11","06","5","","2","0","0","0","0"
"POINT (10.058682645999999 53.610281925999999)","Unfall 98923 (2016) Kat:2, Licht: 0","98923","2","4","6","10","16","1","","0","0","1","1","0"
"POINT (9.972000561000000 53.644291709000001)","Unfall 98924 (2016) Kat:3, Licht: 0","98924","3","7","6","10","12","1","","0","0","0","1","1"
"POINT (10.204739139999999 53.491543110000002)","Unfall 98925 (2016) Kat:3, Licht: 0","98925","3","3","5","11","14","3","","0","0","1","0","0"
"POINT (9.938108376000001 53.550213636999999)","Unfall 98926 (2016) Kat:3, Licht: 0","98926","3","2","5","11","13","4","","0","0","1","0","0"
"POINT (10.080192703000000 53.608451748999997)","Unfall 98927 (2016) Kat:3, Licht: 1","98927","3","2","1","11","06","3","","1","0","1","0","0"