WKT,Name,OBJECTID,UKATEGORIE,UTYP1,UART,UMONAT,USTUNDE,UWOCHENTAG,STRZUSTAND,ULICHTVERH,ISTRAD,ISTPKW,ISTFUSS,ISTKRAD
"POINT (10.148489979000001 53.529737367999999)","Unfall 98928 (2016) Kat:3, Licht: 1","98928","3","4","6","11","07","5","","1","0","1","1","0"
"POINT (10.124237878000001 53.588086951000001)","Unfall 98929 (2016) Kat:2, Licht: 0","98929","2","2","4","10","16","3","","0","0","1","0","1"
"POINT (9.984759889999999 53.457031993999998)","Unfall 98930 (2016) Kat:3, Licht: 0","98930","3","6","2","10","14","6","","0","0","1","0","0"
"POINT (10.004642072999999 53.550135652000002)","Unfall 98931 (2016) Kat:3, Licht: 2","98931","3","6","3","11","22","6","","2","0","1","0","0"
"POINT (10.046733119000001 53.583117166000001)","Unfall 98932 (2016) Kat:3, Licht: 2","98932","3","2","3","11","22","2","","2","1","1","0","0"
"POINT (10.075315845000000 53.558320680999998)","Unfall 98933 (2016) Kat:3, Licht: 1","98933","3","5","1","11","07","6","","1","1","1","0","0"
"POINT (9.992893654000000 53.558940200999999)","Unfall 98934 (2016) Kat:3, Licht: 0","98934","3","6","2","10","09","2","","0","0","1","0","0"
"POINT (9.904315950999999 53.593577463999999)","Unfall 98935 (2016) Kat:3, Licht: 0","98935","3","2","2","10","16","6","","0","0","1","0","0"
"POINT (10.127323880000000 53.538868029000000)","Unfall 98936 (2016) Kat:3, Licht: 0","98936","3","2","3","11","13","5","","0","1","1","0","0"
"POINT (10.075875778000000 53.572161649999998)","Unfall 98937 (2016) Kat:3, Licht: 2","98937","3","6","4","11","21","3","","2","0","1","0","0"
"POINT (10.010718181000000 53.550976976999998)","Unfall 98938 (2016) Kat:3, Licht: 0","98938","3","6","2","11","14","4","","0","0","1","0","0"
"POINT (10.015387006999999 53.591902027000003)","Unfall 98939 (2016) Kat:3, Licht: 0","98939","3","2","5","11","07","3","","0","0","1","0","1"
"POINT (10.019423115000000 53.577133852999999)","Unfall 98940 (2016) Kat:3, Licht: 2","98940","3","1","8","11","05","5","","2","0","1","0","0"
"POINT (9.952169787000001 53.554593087000001)","Unfall 98941 (2016) Kat:3, Licht: 0","98941","3","6","2","11","10","2","","0","0","1","0","0"
"POINT (10.013556552000001 53.561286928000001)","Unfall 98942 (2016) Kat:3, Licht: 2","98942","3","2","5","11","19","3","","2","1","1","0","0"
"POINT (10.115996389999999 53.610326235999999)","Unfall 98943 (2016) Kat:3, Licht: 0","98943","3","3","5","10","15","3","","0","0","1","0","0"
"POINT (10.043128361999999 53.596813388000001)","Unfall 98944 (2016) Kat:3, Licht: 2","98944","3","6","2","11","17","6","","2","0","1","0","0"
"POINT (9.990589177000000 53.560420340999997)","Unfall 98945 (2016) Kat:3, Licht: 2","98945","3","3","5","10","06","2","","2","0","1","0","0"
"POINT (9.955472199000001 53.561519912999998)","Unfall 98946 (2016) Kat:3, Licht: 2","98946","3","3","6","10","20","2","","2","0","1","1","0"
"POINT (10.061846040000001 53.610745410000000)","Unfall 98947 (2016) Kat:3, Licht: 2","98947","3","3","5","11","22","6","","2","1","0","0","0"
"POINT (9.996430753000000 53.549492532000002)","Unfall 98948 (2016) Kat:3, Licht: 0","98948","3","2","0","10","14","2","","0","0","1","0","0"
"POINT (9.910927097000000 53.632965222000003)","Unfall 98949 (2016) Kat:3, Licht: 2","98949","3","3","0","10","20","6","","2","0","0","0","0"
"POINT (10.020009019000000 53.640258912999997)","Unfall 98950 (2016) Kat:3, Licht: 2","98950","3","3","5","11","04","5","","2","1","1","0","0"
"POINT (10.111011721000001 53.644766462000000)","Unfall 98951 (2016) Kat:3, Licht: 0","98951","3","7","0","11","09","6","","0","1","0","0","0"
"POINT (9.980313587000000 53.576324083999999)","Unfall 98952 (2016) Kat:3, Licht: 2","98952","3","7","0","11","22","5","","2","1","0","0","0"
"POINT (9.997738050000001 53.605155084000003)","Unfall 98953 (2016) Kat:3, Licht: 0","98953","3","3","5","11","11","3","","0","0","1","0","0"
"POINT (10.141505646000001 53.570507364999997)","Unfall 98954 (2016) Kat:3, Licht: 0","98954","3","3","4","11","14","3","","0","0","1","0","1"
"POINT (9.876776544000000 53.587802951999997)","Unfall 98955 (2016) Kat:3, Licht: 2","98955","3","7","2","11","21","3","","2","0","1","0","0"
"POINT (10.079949566000000 53.580983603999996)","Unfall 98956 (2016) Kat:3, Licht: 2","98956","3","2","5","11","22","4","","2","1","1","0","0"
"POINT (9.964944008000000 53.567149639999997)","Unfall 98957 (2016) Kat:3, Licht: 2","98957","3","7","0","11","20","1","","2","0","1","1","0"
"POINT (10.015559403999999 53.518485951000002)","Unfall 98958 (2016) Kat:3, Licht: 2","98958","3","2","4","10","19","2","","2","0","1","0","0"
"POINT (10.071247306000000 53.564770613000000)","Unfall 98959 (2016) Kat:2, Licht: 2","98959","2","4","6","10","18","3","","2","0","1","1","0"
"POINT (10.153887365999999 53.614619408000003)","Unfall 98960 (2016) Kat:3, Licht: 2","98960","3","3","5","10","22","6","","2","1","1","0","0"
"POINT (10.005940200000000 53.551500879000002)","Unfall 98961 (2016) Kat:3, Licht: 0","98961","3","6","3","10","12","2","","0","0","1","0","0"
"POINT (10.018776257000001 53.564951858999997)","Unfall 98962 (2016) Kat:3, Licht: 0","98962","3","3","5","10","11","2","","0","0","1","0","0"
"POINT (9.989342819999999 53.558296511000002)","Unfall 98963 (2016) Kat:3, Licht: 2","98963","3","2","4","10","02","2","","2","0","1","0","0"
"POINT (10.136669862000000 53.527428096999998)","Unfall 98964 (2016) Kat:3, Licht: 2","98964","3","6","6","10","02","7","","2","0","1","1","0"
"POINT (9.960865582000000 53.462626772999997)","Unfall 98965 (2016) Kat:3, Licht: 0","98965","3","3","5","10","13","6","","0","0","1","0","0"
"POINT (9.890596111000001 53.582803738999999)","Unfall 98966 (2016) Kat:3, Licht: 0","98966","3","1","9","11","11","6","","0","0","1","0","0"
"POINT (10.134552076000000 53.575003983999999)","Unfall 98967 (2016) Kat:3, Licht: 2","98967","3","2","5","11","18","4","","2","0","1","0","0"
"POINT (9.917195790999999 53.546103189999997)","Unfall 98968 (2016) Kat:3, Licht: 0","98968","3","6","2","11","11","3","","0","0","1","0","0"
"POINT (10.137207704000000 53.607982927999998)","Unfall 98969 (2016) Kat:3, Licht: 1","98969","3","3","5","10","07","4","","1","0","1","0","0"
"POINT (10.207231145000000 53.493531113000003)","Unfall 98970 (2016) Kat:3, Licht: 1","98970","3","7","6","10","08","6","","1","1","0","1","0"
"POINT (9.948014192000001 53.582339474999998)","Unfall 98971 (2016) Kat:3, Licht: 0","98971","3","3","5","11","11","5","","0","1","1","0","0"
"POINT (10.043004213000000 53.563650039999999)","Unfall 98972 (2016) Kat:2, Licht: 0","98972","2","2","5","11","07","6","","0","1","1","0","0"
"POINT (9.906735156000000 53.598299441000002)","Unfall 98973 (2016) Kat:3, Licht: 2","98973","3","3","0","11","06","6","","2","0","1","0","1"
"POINT (9.822414236000000 53.526275781999999)","Unfall 98974 (2016) Kat:3, Licht: 0","98974","3","6","2","11","13","4","","0","0","1","0","0"
"POINT (9.888641581000000 53.601019919999999)","Unfall 98975 (2016) Kat:3, Licht: 0","98975","3","6","2","11","07","3","","0","0","1","0","0"
"POINT (10.070713824000000 53.573265902999999)","Unfall 98976 (2016) Kat:3, Licht: 2","98976","3","6","2","11","17","3","","2","0","1","0","0"
"POINT (9.960774356000000 53.571044215000001)","Unfall 98977 (2016) Kat:3, Licht: 2","98977","3","6","4","11","00","3","","2","1","0","0","0"
"POINT (9.954615701000000 53.580125299000002)","Unfall 98978 (2016) Kat:3, Licht: 0","98978","3","3","5","11","08","4","","0","1","1","0","0"
"POINT (10.130460150999999 53.529837493000002)","Unfall 98979 (2016) Kat:3, Licht: 2","98979","3","3","5","11","18","7","","2","0","1","0","0"
"POINT (10.043943590000000 53.555367812999997)","Unfall 98980 (2016) Kat:3, Licht: 0","98980","3","7","3","10","16","2","","0","0","1","0","0"
"POINT (10.041449032999999 53.647822427000001)","Unfall 98981 (2016) Kat:3, Licht: 0","98981","3","2","4","10","16","3","","0","0","1","0","0"
"POINT (9.969893492000001 53.598820705000001)","Unfall 98982 (2016) Kat:3, Licht: 0","98982","3","6","2","10","16","6","","0","0","1","0","0"
"POINT (10.069759318999999 53.579150032999998)","Unfall 98983 (2016) Kat:3, Licht: 2","98983","3","6","1","10","05","6","","2","0","1","0","0"
"POINT (9.902671240000000 53.618133079000003)","Unfall 98984 (2016) Kat:3, Licht: 0","98984","3","2","5","10","16","2","","0","1","1","0","0"
"POINT (9.975132103000000 53.585526295999998)","Unfall 98985 (2016) Kat:3, Licht: 0","98985","3","7","0","10","09","6","","0","1","1","0","0"
"POINT (9.922526473000000 53.515742891999999)","Unfall 98986 (2016) Kat:3, Licht: 0","98986","3","6","3","10","13","2","","0","0","0","0","0"
"POINT (10.113229352999999 53.582819997000001)","Unfall 98987 (2016) Kat:3, Licht: 0","98987","3","6","2","10","13","7","","0","0","1","0","1"
"POINT (10.084148587000000 53.553126810999998)","Unfall 98988 (2016) Kat:3, Licht: 0","98988","3","4","6","10","07","6","","0","0","1","1","0"
"POINT (9.934577778000000 53.551846333999997)","Unfall 98989 (2016) Kat:3, Licht: 0","98989","3","3","6","11","09","6","","0","0","0","1","0"
"POINT (9.920922783000000 53.591220081000003)","Unfall 98990 (2016) Kat:3, Licht: 2","98990","3","4","6","11","19","4","","2","0","1","1","0"
"POINT (10.152133863000000 53.600314384000001)","Unfall 98991 (2016) Kat:3, Licht: 0","98991","3","6","2","11","11","2","","0","0","1","0","0"
"POINT (9.949645432000001 53.557928504000003)","Unfall 98992 (2016) Kat:3, Licht: 2","98992","3","7","7","10","18","4","","2","1","0","0","0"
"POINT (10.013677464000001 53.432033631000003)","Unfall 98993 (2016) Kat:3, Licht: 0","98993","3","1","9","11","11","6","","0","0","1","0","0"
"POINT (9.936357399000000 53.550938961999996)","Unfall 98994 (2016) Kat:3, Licht: 0","98994","3","7","6","10","14","6","","0","1","0","1","0"
"POINT (9.960802323999999 53.599430233000000)","Unfall 98995 (2016) Kat:3, Licht: 0","98995","3","5","1","11","08","7","","0","0","1","0","0"
"POINT (9.988635222999999 53.572403262000002)","Unfall 98996 (2016) Kat:3, Licht: 0","98996","3","6","3","10","10","6","","0","0","1","0","0"
"POINT (10.068072734999999 53.582516667999997)","Unfall 98997 (2016) Kat:3, Licht: 1","98997","3","2","2","10","17","6","","1","0","1","0","0"
"POINT (9.966640199000000 53.569101017000001)","Unfall 98998 (2016) Kat:3, Licht: 0","98998","3","6","2","10","10","2","","0","0","1","0","0"
"POINT (9.875082313000000 53.477354228000003)","Unfall 98999 (2016) Kat:3, Licht: 0","98999","3","2","2","11","08","3","","0","0","1","0","0"
"POINT (10.010891039000001 53.463073559999998)","Unfall 99000 (2016) Kat:2, Licht: 2","99000","2","2","4","11","18","5","","2","0","1","0","0"
"POINT (9.928042629000000 53.560357414000002)","Unfall 99001 (2016) Kat:3, Licht: 2","99001","3","2","2","11","20","2","","2","1","1","0","0"
"POINT (10.038089521000000 53.560456856000002)","Unfall 99002 (2016) Kat:3, Licht: 0","99002","3","3","5","11","07","6","","0","0","1","0","0"
"POINT (9.987805701999999 53.453481658999998)","Unfall 99003 (2016) Kat:3, Licht: 0","99003","3","6","2","10","16","1","","0","0","1","0","0"
"POINT (9.983350832999999 53.457114386000001)","Unfall 99004 (2016) Kat:3, Licht: 0","99004","3","1","0","10","09","5","","0","1","0","0","0"
"POINT (10.081384614999999 53.619984299999999)","Unfall 99005 (2016) Kat:3, Licht: 0","99005","3","6","3","11","11","5","","0","0","1","0","0"
"POINT (10.069734852000000 53.600013562000001)","Unfall 99006 (2016) Kat:3, Licht: 2","99006","3","6","2","11","18","3","","2","0","1","0","0"
"POINT (9.987502261000000 53.450462739000002)","Unfall 99007 (2016) Kat:3, Licht: 0","99007","3","3","5","11","10","3","","0","1","1","0","0"
"POINT (9.941061673000000 53.589722778999999)","Unfall 99008 (2016) Kat:3, Licht: 1","99008","3","3","8","11","16","3","","1","0","1","0","0"
"POINT (9.953543603000000 53.560513962999998)","Unfall 99009 (2016) Kat:3, Licht: 2","99009","3","6","1","11","17","5","","2","0","1","0","0"
"POINT (10.095825941999999 53.558662941999998)","Unfall 99010 (2016) Kat:3, Licht: 2","99010","3","1","8","11","01","1","","2","0","1","0","0"
"POINT (9.974484566999999 53.460064678000002)","Unfall 99011 (2016) Kat:3, Licht: 0","99011","3","4","6","11","13","5","","0","0","1","1","0"
"POINT (10.020442354000000 53.550375187999997)","Unfall 99012 (2016) Kat:3, Licht: 2","99012","3","2","4","11","06","3","","2","1","1","0","0"
"POINT (9.992145169000001 53.559231212000000)","Unfall 99013 (2016) Kat:3, Licht: 0","99013","3","6","2","11","12","4","","0","0","1","0","0"
"POINT (10.083901753999999 53.660053202000000)","Unfall 99014 (2016) Kat:3, Licht: 0","99014","3","4","6","11","13","3","","0","0","1","1","0"
"POINT (10.057154767000000 53.580179950999998)","Unfall 99015 (2016) Kat:3, Licht: 2","99015","3","2","5","11","20","5","","2","0","1","0","0"
"POINT (9.954766411000000 53.558509215999997)","Unfall 99016 (2016) Kat:3, Licht: 0","99016","3","7","5","11","07","3","","0","1","0","0","0"
"POINT (10.010065156000000 53.648600598000002)","Unfall 99017 (2016) Kat:3, Licht: 2","99017","3","2","3","10","06","3","","2","1","0","0","0"
"POINT (10.033871309000000 53.633219908999997)","Unfall 99018 (2016) Kat:3, Licht: 0","99018","3","2","5","11","14","6","","0","0","1","0","0"
"POINT (10.146907557000000 53.418054314000003)","Unfall 99019 (2016) Kat:3, Licht: 0","99019","3","3","5","10","11","1","","0","1","1","0","0"
"POINT (9.994174000999999 53.465259650999997)","Unfall 99020 (2016) Kat:3, Licht: 0","99020","3","2","4","10","08","5","","0","1","1","0","0"
"POINT (10.071231391000000 53.571980222999997)","Unfall 99021 (2016) Kat:3, Licht: 0","99021","3","2","4","10","13","1","","0","0","1","0","0"
"POINT (10.021807167000000 53.549422018999998)","Unfall 99022 (2016) Kat:3, Licht: 0","99022","3","3","5","10","15","6","","0","1","1","0","0"
"POINT (10.044619881999999 53.591104020000003)","Unfall 99023 (2016) Kat:3, Licht: 0","99023","3","6","3","11","15","5","","0","0","1","0","0"
"POINT (10.028808346000000 53.676380610999999)","Unfall 99024 (2016) Kat:3, Licht: 0","99024","3","4","6","11","16","6","","0","0","1","1","0"
"POINT (9.996438314000001 53.549475917999999)","Unfall 99025 (2016) Kat:2, Licht: 0","99025","2","3","5","11","15","5","","0","1","1","0","0"
"POINT (10.017899852999999 53.561299450000000)","Unfall 99026 (2016) Kat:3, Licht: 0","99026","3","5","0","11","15","3","","0","0","1","0","0"
"POINT (10.115590641000001 53.583585220000003)","Unfall 99027 (2016) Kat:3, Licht: 0","99027","3","1","0","11","08","3","","0","0","0","0","1"
"POINT (9.961486760000000 53.599539688999997)","Unfall 99028 (2016) Kat:3, Licht: 0","99028","3","6","2","11","16","3","","0","0","1","0","0"
"POINT (9.918293184000000 53.609498100000003)","Unfall 99029 (2016) Kat:3, Licht: 2","99029","3","7","0","11","21","4","","2","1","0","0","0"
"POINT (9.957804247000000 53.549613204000003)","Unfall 99030 (2016) Kat:3, Licht: 2","99030","3","6","2","11","03","1","","2","0","1","0","0"
"POINT (10.111502150000000 53.546282077000001)","Unfall 99031 (2016) Kat:3, Licht: 2","99031","3","3","5","10","18","2","","2","0","1","0","0"
"POINT (10.043224880000000 53.586992158999998)","Unfall 99032 (2016) Kat:2, Licht: 0","99032","2","7","9","10","11","3","","0","0","1","0","0"
"POINT (10.015559403999999 53.518485951000002)","Unfall 99033 (2016) Kat:3, Licht: 0","99033","3","2","5","10","14","5","","0","0","1","0","0"
"POINT (10.071796550000000 53.597346561999998)","Unfall 99034 (2016) Kat:3, Licht: 0","99034","3","2","5","10","11","6","","0","1","1","0","0"
"POINT (10.071094630999999 53.651666401000000)","Unfall 99035 (2016) Kat:3, Licht: 1","99035","3","5","1","10","17","1","","1","0","1","0","0"
"POINT (10.022342031000001 53.560718614000002)","Unfall 99036 (2016) Kat:3, Licht: 0","99036","3","6","0","10","08","2","","0","1","1","0","0"
"POINT (9.966326310000000 53.457943808000003)","Unfall 99037 (2016) Kat:3, Licht: 0","99037","3","6","2","10","16","2","","0","0","1","0","0"
"POINT (10.051485628000000 53.582115455999997)","Unfall 99038 (2016) Kat:3, Licht: 0","99038","3","7","1","10","16","3","","0","0","1","0","0"
"POINT (9.930111022000000 53.558873466000001)","Unfall 99039 (2016) Kat:3, Licht: 2","99039","3","5","1","11","05","6","","2","0","1","0","0"
"POINT (9.823625734000000 53.560621433999998)","Unfall 99040 (2016) Kat:3, Licht: 2","99040","3","7","6","10","00","1","","2","0","0","1","0"
"POINT (10.038958982000000 53.607048822000003)","Unfall 99041 (2016) Kat:3, Licht: 0","99041","3","5","0","10","15","2","","0","1","1","0","0"
"POINT (9.969765475000001 53.571858669999997)","Unfall 99042 (2016) Kat:3, Licht: 0","99042","3","2","5","10","14","1","","0","0","1","0","0"
"POINT (10.141171711000000 53.583302734000000)","Unfall 99043 (2016) Kat:3, Licht: 2","99043","3","6","3","10","18","6","","2","0","1","0","0"
"POINT (9.880557578000000 53.552112786999999)","Unfall 99044 (2016) Kat:3, Licht: 0","99044","3","6","4","11","07","6","","0","1","1","0","0"
"POINT (10.149784125000000 53.525568180999997)","Unfall 99045 (2016) Kat:3, Licht: 0","99045","3","3","5","11","12","4","","0","1","1","0","0"
"POINT (9.956347030000000 53.609263773999999)","Unfall 99046 (2016) Kat:3, Licht: 2","99046","3","5","1","11","06","3","","2","0","1","0","1"
"POINT (10.208997009999999 53.483011750000003)","Unfall 99047 (2016) Kat:3, Licht: 0","99047","3","6","2","10","16","4","","0","0","1","0","0"
"POINT (9.936910448000001 53.552333965999999)","Unfall 99048 (2016) Kat:3, Licht: 0","99048","3","6","2","11","12","3","","0","0","1","0","0"
"POINT (9.967800985000000 53.548701981999997)","Unfall 99049 (2016) Kat:3, Licht: 0","99049","3","2","5","11","08","4","","0","1","1","0","0"
"POINT (10.119902689000000 53.606290884000003)","Unfall 99050 (2016) Kat:3, Licht: 0","99050","3","2","4","11","10","7","","0","0","1","0","0"
"POINT (10.132856031999999 53.624240082000000)","Unfall 99051 (2016) Kat:2, Licht: 2","99051","2","3","5","10","19","2","","2","0","1","0","1"
"POINT (10.046300947000001 53.587331339000002)","Unfall 99052 (2016) Kat:3, Licht: 0","99052","3","3","5","10","08","3","","0","1","0","0","0"
"POINT (10.128151455999999 53.578678512000003)","Unfall 99053 (2016) Kat:3, Licht: 0","99053","3","2","4","10","11","5","","0","0","1","0","1"
"POINT (10.061083426000000 53.595150394999997)","Unfall 99054 (2016) Kat:3, Licht: 2","99054","3","6","2","10","17","6","","2","0","1","0","0"
"POINT (9.815978059000001 53.566575309999998)","Unfall 99055 (2016) Kat:3, Licht: 0","99055","3","2","4","10","08","2","","0","1","1","0","0"
"POINT (10.102801516000000 53.539918290999999)","Unfall 99056 (2016) Kat:3, Licht: 2","99056","3","2","2","10","23","7","","2","0","1","0","0"
"POINT (10.063980652000000 53.601352585000001)","Unfall 99057 (2016) Kat:3, Licht: 1","99057","3","5","1","10","17","7","","1","1","1","0","0"
"POINT (10.002363286000000 53.551332291000001)","Unfall 99058 (2016) Kat:3, Licht: 0","99058","3","3","0","11","15","4","","0","1","0","0","0"
"POINT (10.116455019000000 53.625262425000003)","Unfall 99059 (2016) Kat:3, Licht: 0","99059","3","3","5","10","14","6","","0","0","1","0","0"
"POINT (9.960855022000001 53.556576704999998)","Unfall 99060 (2016) Kat:3, Licht: 1","99060","3","7","0","11","07","6","","1","1","0","0","0"
"POINT (9.970803806999999 53.585898853000003)","Unfall 99061 (2016) Kat:3, Licht: 0","99061","3","4","6","11","13","4","","0","0","1","1","0"
"POINT (10.017993672999999 53.600492006000003)","Unfall 99062 (2016) Kat:3, Licht: 0","99062","3","7","6","11","08","2","","0","0","1","1","0"
"POINT (10.077601082999999 53.616973567000002)","Unfall 99063 (2016) Kat:3, Licht: 0","99063","3","6","2","10","08","5","","0","0","1","0","0"
"POINT (10.141873664000000 53.570472221999999)","Unfall 99064 (2016) Kat:3, Licht: 0","99064","3","6","2","10","14","7","","0","0","1","0","0"
"POINT (10.023279795000001 53.558282052000003)","Unfall 99065 (2016) Kat:3, Licht: 2","99065","3","3","5","10","20","7","","2","0","1","0","0"
"POINT (10.124270148000001 53.587956611999999)","Unfall 99066 (2016) Kat:3, Licht: 2","99066","3","2","4","10","23","6","","2","0","1","0","0"
"POINT (9.951770719000001 53.598753045000002)","Unfall 99067 (2016) Kat:3, Licht: 0","99067","3","2","1","11","10","6","","0","0","1","0","0"
"POINT (10.075778307000000 53.642151581999997)","Unfall 99068 (2016) Kat:3, Licht: 0","99068","3","6","3","11","08","4","","0","0","0","0","1"
"POINT (9.886485582000001 53.478248321999999)","Unfall 99069 (2016) Kat:3, Licht: 0","99069","3","2","4","11","14","2","","0","0","1","0","0"
"POINT (10.125976907000000 53.671401854000003)","Unfall 99070 (2016) Kat:3, Licht: 1","99070","3","4","6","10","07","4","","1","0","1","1","0"
"POINT (9.961281292000001 53.551163862999999)","Unfall 99071 (2016) Kat:3, Licht: 2","99071","3","4","6","11","00","7","","2","0","1","1","0"
"POINT (10.062538617000000 53.596154847000001)","Unfall 99072 (2016) Kat:3, Licht: 0","99072","3","6","2","10","12","5","","0","0","1","0","0"
"POINT (10.005974137999999 53.599784966000001)","Unfall 99073 (2016) Kat:3, Licht: 0","99073","3","6","2","10","14","6","","0","0","1","0","0"
"POINT (9.996736765000000 53.572078582000003)","Unfall 99074 (2016) Kat:3, Licht: 0","99074","3","6","2","11","16","6","","0","0","1","0","0"
"POINT (10.204790349000000 53.496324451000000)","Unfall 99075 (2016) Kat:3, Licht: 2","99075","3","4","6","10","21","1","","2","0","1","1","0"
"POINT (10.198149945999999 53.492767364000002)","Unfall 99076 (2016) Kat:3, Licht: 2","99076","3","2","6","11","17","3","","2","0","0","1","0"
"POINT (9.979227900000000 53.606951172999999)","Unfall 99077 (2016) Kat:2, Licht: 0","99077","2","2","3","11","08","4","","0","0","1","0","1"
"POINT (10.076096726999999 53.550977422000003)","Unfall 99078 (2016) Kat:3, Licht: 0","99078","3","6","2","11","10","5","","0","0","1","0","0"
"POINT (10.071792167000000 53.574639556999998)","Unfall 99079 (2016) Kat:3, Licht: 0","99079","3","6","3","11","15","6","","0","1","1","0","0"
"POINT (10.167642273000000 53.627541372000003)","Unfall 99080 (2016) Kat:3, Licht: 0","99080","3","3","5","10","08","7","","0","1","1","0","0"
"POINT (10.027157430999999 53.672574097999998)","Unfall 99081 (2016) Kat:3, Licht: 1","99081","3","2","4","10","08","5","","1","0","1","0","0"
"POINT (10.002400195000000 53.553470544000000)","Unfall 99082 (2016) Kat:3, Licht: 0","99082","3","4","6","10","12","4","","0","0","1","1","0"
"POINT (10.199272021000001 53.481331236999999)","Unfall 99083 (2016) Kat:3, Licht: 0","99083","3","3","5","11","16","6","","0","0","1","0","0"
"POINT (10.016942092000001 53.563863654999999)","Unfall 99084 (2016) Kat:3, Licht: 2","99084","3","6","2","10","22","5","","2","0","1","0","0"
"POINT (10.043809091000000 53.586882991000003)","Unfall 99085 (2016) Kat:3, Licht: 2","99085","3","4","6","10","18","6","","2","0","1","1","0"
"POINT (10.018613086000000 53.479562624000003)","Unfall 99086 (2016) Kat:3, Licht: 2","99086","3","3","5","11","21","5","","2","0","1","0","0"
"POINT (10.123435094000000 53.568907267000000)","Unfall 99087 (2016) Kat:3, Licht: 1","99087","3","6","2","11","16","3","","1","0","1","0","0"
"POINT (9.988857610000000 53.557835888000000)","Unfall 99088 (2016) Kat:3, Licht: 1","99088","3","7","1","11","07","4","","1","1","0","0","0"
"POINT (10.025255108000000 53.604247725000000)","Unfall 99089 (2016) Kat:3, Licht: 1","99089","3","3","5","11","06","3","","1","0","1","0","0"
"POINT (10.046770982000000 53.582872844999997)","Unfall 99090 (2016) Kat:3, Licht: 0","99090","3","2","5","11","10","5","","0","1","0","0","0"
"POINT (10.001960328999999 53.551278258000004)","Unfall 99091 (2016) Kat:3, Licht: 0","99091","3","3","6","11","13","3","","0","1","0","1","0"
"POINT (10.045274158000000 53.567403646000002)","Unfall 99092 (2016) Kat:3, Licht: 2","99092","3","5","1","10","06","3","","2","0","1","0","0"
"POINT (10.036769233999999 53.565239445000003)","Unfall 99093 (2016) Kat:3, Licht: 2","99093","3","7","0","11","22","6","","2","0","1","0","0"
"POINT (10.035683689000001 53.601334221999998)","Unfall 99094 (2016) Kat:3, Licht: 0","99094","3","6","1","10","14","7","","0","0","1","0","0"
"POINT (10.051207788999999 53.571782654000003)","Unfall 99095 (2016) Kat:3, Licht: 0","99095","3","3","5","10","12","5","","0","0","1","0","0"
"POINT (10.009343636000001 53.615053721000002)","Unfall 99096 (2016) Kat:2, Licht: 0","99096","2","1","0","10","15","7","","0","0","0","0","1"
"POINT (10.119183262000000 53.606546283999997)","Unfall 99097 (2016) Kat:3, Licht: 1","99097","3","6","1","10","07","6","","1","0","1","0","0"
"POINT (9.957307357000000 53.569632433000002)","Unfall 99098 (2016) Kat:3, Licht: 2","99098","3","7","0","11","22","5","","2","1","0","0","0"
"POINT (10.021864901000001 53.570845495000000)","Unfall 99099 (2016) Kat:3, Licht: 0","99099","3","3","5","11","08","6","","0","1","1","0","0"
"POINT (10.025232128000001 53.566759349000002)","Unfall 99100 (2016) Kat:3, Licht: 1","99100","3","2","6","11","06","6","","1","1","0","1","0"
"POINT (10.017515355000000 53.552884343000002)","Unfall 99101 (2016) Kat:3, Licht: 0","99101","3","2","5","11","12","5","","0","1","1","0","0"
"POINT (9.889850674000000 53.546642861999999)","Unfall 99102 (2016) Kat:3, Licht: 1","99102","3","2","4","11","16","3","","1","0","1","0","0"
"POINT (9.987619121000000 53.649429931999997)","Unfall 99103 (2016) Kat:3, Licht: 0","99103","3","3","5","11","11","5","","0","0","1","0","0"
"POINT (10.125863751000001 53.643032144999999)","Unfall 99104 (2016) Kat:3, Licht: 0","99104","3","6","2","11","13","3","","0","0","1","0","0"
"POINT (10.073681211000000 53.551784791999999)","Unfall 99105 (2016) Kat:3, Licht: 2","99105","3","3","5","11","18","3","","2","0","1","0","0"
"POINT (9.870474313000001 53.593225097999998)","Unfall 99106 (2016) Kat:2, Licht: 2","99106","2","7","6","11","22","3","","2","0","1","1","0"
"POINT (10.058982262000001 53.550616486999999)","Unfall 99107 (2016) Kat:3, Licht: 2","99107","3","6","2","11","19","4","","2","0","1","0","0"
"POINT (9.917770566000000 53.545899104000000)","Unfall 99108 (2016) Kat:3, Licht: 1","99108","3","6","3","11","16","1","","1","0","1","0","0"
"POINT (9.980408609000000 53.460693482000003)","Unfall 99109 (2016) Kat:3, Licht: 0","99109","3","4","6","10","09","2","","0","1","0","1","0"
"POINT (10.020606684000001 53.566162417000001)","Unfall 99110 (2016) Kat:3, Licht: 1","99110","3","6","2","10","18","3","","1","0","1","0","0"
"POINT (10.051015012000001 53.578906781000001)","Unfall 99111 (2016) Kat:3, Licht: 0","99111","3","6","4","10","17","7","","0","0","1","0","0"
"POINT (10.025274458000000 53.626446942000001)","Unfall 99112 (2016) Kat:3, Licht: 2","99112","3","2","3","10","17","2","","2","1","1","0","0"
"POINT (10.026559746000000 53.569764147000001)","Unfall 99113 (2016) Kat:3, Licht: 2","99113","3","6","2","10","03","7","","2","0","1","0","0"
"POINT (10.131613360999999 53.569858007999997)","Unfall 99114 (2016) Kat:3, Licht: 2","99114","3","2","5","10","17","6","","2","0","1","0","0"
"POINT (9.857601766000000 53.598095387000001)","Unfall 99115 (2016) Kat:3, Licht: 0","99115","3","6","2","11","12","6","","0","0","1","0","0"