WKT,Name,OBJECTID,UKATEGORIE,UTYP1,UART,UMONAT,USTUNDE,UWOCHENTAG,STRZUSTAND,ULICHTVERH,ISTRAD,ISTPKW,ISTFUSS,ISTKRAD
"POINT (10.140637119000001 53.623181703999997)","Unfall 99116 (2016) Kat:3, Licht: 0","99116","3","4","6","11","14","4","","0","0","1","1","0"
"POINT (9.985835332000001 53.604167337000000)","Unfall 99117 (2016) Kat:2, Licht: 1","99117","2","4","5","11","17","3","","1","0","1","1","0"
"POINT (10.058603587000000 53.537760263999999)","Unfall 99118 (2016) Kat:3, Licht: 2","99118","3","2","4","10","06","4","","2","0","1","0","1"
"POINT (10.052767836999999 53.588097445000002)","Unfall 99119 (2016) Kat:3, Licht: 0","99119","3","3","5","11","09","7","","0","1","1","0","0"
"POINT (10.082549556000000 53.618463521999999)","Unfall 99120 (2016) Kat:3, Licht: 0","99120","3","3","5","10","10","2","","0","0","1","1","0"
"POINT (10.049906223000001 53.594053586000001)","Unfall 99121 (2016) Kat:3, Licht: 0","99121","3","1","1","10","16","3","","0","1","1","0","0"
"POINT (9.902575935000000 53.618245621000000)","Unfall 99122 (2016) Kat:3, Licht: 0","99122","3","6","2","10","09","5","","0","0","1","0","0"
"POINT (10.042352489000001 53.585263048999998)","Unfall 99123 (2016) Kat:3, Licht: 2","99123","3","7","8","10","23","6","","2","0","1","0","0"
"POINT (10.099526683000001 53.569569973000000)","Unfall 99124 (2016) Kat:3, Licht: 2","99124","3","4","6","11","17","3","","2","0","1","1","0"
"POINT (9.977222209000001 53.605889269999999)","Unfall 99125 (2016) Kat:3, Licht: 0","99125","3","1","0","11","07","3","","0","0","0","0","1"
"POINT (9.965528019000001 53.585155923000002)","Unfall 99126 (2016) Kat:2, Licht: 2","99126","2","4","6","11","18","4","","2","0","1","1","0"
"POINT (10.149933148000001 53.529520505000001)","Unfall 99127 (2016) Kat:3, Licht: 2","99127","3","6","2","11","19","7","","2","0","1","0","0"
"POINT (10.057594588000001 53.560859180000001)","Unfall 99128 (2016) Kat:3, Licht: 2","99128","3","3","5","10","23","2","","2","1","1","0","0"
"POINT (9.938591625999999 53.592802222000003)","Unfall 99129 (2016) Kat:3, Licht: 0","99129","3","6","3","10","08","3","","0","0","1","0","0"
"POINT (9.924710059000001 53.567724415000001)","Unfall 99130 (2016) Kat:3, Licht: 0","99130","3","2","4","10","08","5","","0","1","1","0","0"
"POINT (9.941868814999999 53.599024899000000)","Unfall 99131 (2016) Kat:3, Licht: 2","99131","3","3","5","10","06","6","","2","1","1","0","0"
"POINT (10.035561056000001 53.572052096999997)","Unfall 99132 (2016) Kat:3, Licht: 0","99132","3","5","0","10","15","2","","0","1","1","0","0"
"POINT (9.903375244999999 53.568688944000002)","Unfall 99133 (2016) Kat:3, Licht: 1","99133","3","6","2","10","07","5","","1","0","1","0","0"
"POINT (9.988562544000001 53.571055401999999)","Unfall 99134 (2016) Kat:3, Licht: 0","99134","3","7","4","10","11","7","","0","0","1","0","1"
"POINT (10.019217707999999 53.566024970000001)","Unfall 99135 (2016) Kat:3, Licht: 0","99135","3","6","0","10","16","7","","0","1","0","0","1"
"POINT (10.090539198000000 53.587270166000003)","Unfall 99136 (2016) Kat:3, Licht: 0","99136","3","3","5","10","13","6","","0","0","1","0","1"
"POINT (9.949350843000000 53.558587519000000)","Unfall 99137 (2016) Kat:3, Licht: 2","99137","3","3","5","11","18","6","","2","0","1","0","0"
"POINT (10.054010006000000 53.572663904999999)","Unfall 99138 (2016) Kat:3, Licht: 0","99138","3","3","5","11","08","4","","0","0","1","0","0"
"POINT (10.009083475000001 53.496464924999998)","Unfall 99139 (2016) Kat:3, Licht: 2","99139","3","4","6","11","18","2","","2","0","1","1","0"
"POINT (10.041299921000000 53.570461047000002)","Unfall 99140 (2016) Kat:3, Licht: 2","99140","3","6","2","10","07","4","","2","0","1","0","0"
"POINT (9.969572518000000 53.550066354000002)","Unfall 99141 (2016) Kat:3, Licht: 2","99141","3","2","5","11","22","7","","2","0","1","0","0"
"POINT (9.958245834000000 53.647400126999997)","Unfall 99142 (2016) Kat:3, Licht: 0","99142","3","7","6","10","14","5","","0","0","1","1","0"
"POINT (9.892821997000000 53.550745321999997)","Unfall 99143 (2016) Kat:3, Licht: 0","99143","3","7","0","10","12","6","","0","1","0","0","0"
"POINT (9.985552005000001 53.436396909999999)","Unfall 99144 (2016) Kat:3, Licht: 2","99144","3","2","4","11","22","5","","2","0","1","0","0"
"POINT (9.757350625999999 53.574344623000002)","Unfall 99145 (2016) Kat:2, Licht: 0","99145","2","1","8","10","13","1","","0","0","1","0","0"
"POINT (10.019088184999999 53.549428435999999)","Unfall 99146 (2016) Kat:2, Licht: 2","99146","2","6","2","11","18","3","","2","0","1","0","0"
"POINT (9.977172656000001 53.564159287999999)","Unfall 99147 (2016) Kat:3, Licht: 2","99147","3","2","3","10","19","2","","2","1","1","0","0"
"POINT (10.003018635000000 53.557285757999999)","Unfall 99148 (2016) Kat:3, Licht: 2","99148","3","6","3","11","18","4","","2","0","1","0","0"
"POINT (10.076269251999999 53.663600879000001)","Unfall 99149 (2016) Kat:3, Licht: 0","99149","3","2","4","10","08","6","","0","1","1","0","0"
"POINT (9.980423854000000 53.473564514000003)","Unfall 99150 (2016) Kat:3, Licht: 1","99150","3","7","0","11","07","6","","1","1","0","0","0"
"POINT (9.934909615000001 53.582889883000000)","Unfall 99151 (2016) Kat:3, Licht: 0","99151","3","7","1","11","13","2","","0","0","1","0","0"
"POINT (10.038856155000000 53.552505781999997)","Unfall 99152 (2016) Kat:3, Licht: 2","99152","3","7","4","11","17","6","","2","0","1","0","0"
"POINT (9.960008707000000 53.549554501000003)","Unfall 99153 (2016) Kat:3, Licht: 2","99153","3","6","3","10","05","7","","2","0","1","0","0"
"POINT (9.958376404999999 53.566106853999997)","Unfall 99154 (2016) Kat:2, Licht: 1","99154","2","3","5","10","18","5","","1","0","1","0","1"
"POINT (10.133032722999999 53.632968613000003)","Unfall 99155 (2016) Kat:3, Licht: 0","99155","3","3","5","11","12","5","","0","1","1","0","0"
"POINT (10.078197903000000 53.575782693999997)","Unfall 99156 (2016) Kat:3, Licht: 0","99156","3","6","2","11","14","3","","0","0","1","0","0"
"POINT (9.911804097999999 53.514443905999997)","Unfall 99157 (2016) Kat:3, Licht: 0","99157","3","3","5","11","06","4","","0","0","0","0","0"
"POINT (10.057908454000000 53.592775054999997)","Unfall 99158 (2016) Kat:3, Licht: 0","99158","3","6","2","11","17","3","","0","0","1","0","0"
"POINT (9.963079446000000 53.599738596000002)","Unfall 99159 (2016) Kat:3, Licht: 0","99159","3","7","3","11","13","5","","0","0","1","0","0"
"POINT (10.207787464999999 53.480478705000003)","Unfall 99160 (2016) Kat:3, Licht: 2","99160","3","2","5","11","16","1","","2","1","1","0","0"
"POINT (9.890091564000000 53.517882229000001)","Unfall 99161 (2016) Kat:3, Licht: 0","99161","3","6","1","10","15","2","","0","0","1","0","0"
"POINT (9.812293922000000 53.564002639000002)","Unfall 99162 (2016) Kat:3, Licht: 2","99162","3","3","6","10","18","3","","2","0","1","1","0"
"POINT (9.892206436000000 53.606845388000004)","Unfall 99163 (2016) Kat:3, Licht: 1","99163","3","2","5","11","07","6","","1","1","1","0","0"
"POINT (9.992041678000000 53.559275753000001)","Unfall 99164 (2016) Kat:3, Licht: 0","99164","3","6","2","11","15","4","","0","0","1","0","0"
"POINT (10.160518056000001 53.653116212999997)","Unfall 99165 (2016) Kat:3, Licht: 0","99165","3","2","1","11","14","3","","0","0","1","0","0"
"POINT (10.152073383999999 53.600040608000000)","Unfall 99166 (2016) Kat:3, Licht: 2","99166","3","2","6","11","17","5","","2","0","1","1","0"
"POINT (9.972237678999999 53.587517566000002)","Unfall 99167 (2016) Kat:3, Licht: 0","99167","3","3","0","10","14","3","","0","1","1","0","0"
"POINT (10.011578972000001 53.615793435000000)","Unfall 99168 (2016) Kat:3, Licht: 0","99168","3","6","3","11","12","6","","0","0","1","0","0"
"POINT (9.958458057000000 53.549632121999998)","Unfall 99169 (2016) Kat:3, Licht: 2","99169","3","4","6","10","03","7","","2","0","1","1","0"
"POINT (9.947856574999999 53.558037867000003)","Unfall 99170 (2016) Kat:3, Licht: 0","99170","3","6","2","10","13","5","","0","0","1","0","0"
"POINT (9.863744043000001 53.484423354999997)","Unfall 99171 (2016) Kat:2, Licht: 2","99171","2","7","0","10","02","6","","2","0","1","0","0"
"POINT (10.032224508000001 53.580846313999999)","Unfall 99172 (2016) Kat:3, Licht: 0","99172","3","6","2","11","12","5","","0","0","1","0","0"
"POINT (10.016771429000000 53.649421429999997)","Unfall 99173 (2016) Kat:3, Licht: 0","99173","3","6","2","11","14","6","","0","0","1","0","0"
"POINT (9.989321822000001 53.544797271999997)","Unfall 99174 (2016) Kat:3, Licht: 0","99174","3","6","2","11","15","5","","0","0","1","0","0"
"POINT (10.008751221000001 53.613519682000003)","Unfall 99175 (2016) Kat:3, Licht: 0","99175","3","4","6","11","14","3","","0","0","1","1","0"
"POINT (10.119637561999999 53.620495134000002)","Unfall 99176 (2016) Kat:3, Licht: 0","99176","3","3","5","11","16","3","","0","1","1","0","0"
"POINT (9.982011076999999 53.586355046999998)","Unfall 99177 (2016) Kat:3, Licht: 1","99177","3","6","2","11","18","3","","1","0","1","0","0"
"POINT (10.015488259000000 53.617249524000002)","Unfall 99178 (2016) Kat:3, Licht: 0","99178","3","6","2","11","15","4","","0","0","1","0","0"
"POINT (9.994596138000000 53.558870890000001)","Unfall 99179 (2016) Kat:3, Licht: 0","99179","3","2","5","11","15","1","","0","1","0","0","0"
"POINT (10.213310816000000 53.490672578000002)","Unfall 99180 (2016) Kat:3, Licht: 2","99180","3","5","1","10","20","2","","2","1","1","0","0"
"POINT (9.993196351000000 53.552851922999999)","Unfall 99181 (2016) Kat:3, Licht: 0","99181","3","4","6","10","09","3","","0","0","1","1","0"
"POINT (9.919516952000000 53.564008416000000)","Unfall 99182 (2016) Kat:3, Licht: 0","99182","3","6","2","10","09","6","","0","0","1","0","0"
"POINT (10.053257708000000 53.589166265999999)","Unfall 99183 (2016) Kat:3, Licht: 0","99183","3","2","3","10","08","2","","0","1","1","0","0"
"POINT (10.068879501000000 53.559652471000000)","Unfall 99184 (2016) Kat:3, Licht: 0","99184","3","3","5","11","08","2","","0","1","1","0","0"
"POINT (9.823475531000000 53.575255071000001)","Unfall 99185 (2016) Kat:2, Licht: 2","99185","2","3","5","11","20","5","","2","0","1","0","1"
"POINT (10.071023232000000 53.558644250999997)","Unfall 99186 (2016) Kat:3, Licht: 2","99186","3","1","8","11","22","2","","2","0","1","0","0"
"POINT (9.964697751999999 53.567575810000001)","Unfall 99187 (2016) Kat:3, Licht: 0","99187","3","7","0","12","12","2","","0","1","0","0","0"
"POINT (10.015886388000000 53.548552010999998)","Unfall 99188 (2016) Kat:3, Licht: 2","99188","3","6","2","11","17","3","","2","0","1","0","0"
"POINT (10.179786345000000 53.478310985999997)","Unfall 99189 (2016) Kat:3, Licht: 2","99189","3","2","4","12","19","5","","2","0","1","0","0"
"POINT (10.123677884999999 53.569302780000001)","Unfall 99190 (2016) Kat:3, Licht: 2","99190","3","6","2","11","00","1","","2","0","1","0","0"
"POINT (10.068057588000000 53.581679135999998)","Unfall 99191 (2016) Kat:3, Licht: 0","99191","3","2","4","12","10","6","","0","0","1","0","0"
"POINT (9.955504634000000 53.640898782000001)","Unfall 99192 (2016) Kat:3, Licht: 0","99192","3","5","1","11","11","4","","0","0","1","0","0"
"POINT (10.016553677999999 53.523664455999999)","Unfall 99193 (2016) Kat:3, Licht: 1","99193","3","3","5","11","16","5","","1","1","1","0","0"
"POINT (9.875059892000000 53.587963410000000)","Unfall 99194 (2016) Kat:3, Licht: 2","99194","3","3","5","11","19","4","","2","0","1","0","0"
"POINT (10.021393402999999 53.566671436999997)","Unfall 99195 (2016) Kat:3, Licht: 2","99195","3","3","5","11","17","3","","2","1","1","0","0"
"POINT (10.144830787000000 53.487158882000003)","Unfall 99196 (2016) Kat:2, Licht: 0","99196","2","2","3","11","16","4","","0","1","1","0","0"
"POINT (9.987349094000001 53.586321832000003)","Unfall 99197 (2016) Kat:3, Licht: 2","99197","3","3","5","11","17","4","","2","1","1","0","0"
"POINT (9.880153710000000 53.600928572999997)","Unfall 99198 (2016) Kat:3, Licht: 2","99198","3","3","5","11","03","7","","2","0","1","0","0"
"POINT (9.986538382000001 53.455940857999998)","Unfall 99199 (2016) Kat:3, Licht: 0","99199","3","7","6","11","14","6","","0","1","0","1","0"
"POINT (9.898974808000000 53.605782937999997)","Unfall 99200 (2016) Kat:3, Licht: 0","99200","3","4","6","11","07","2","","0","0","1","1","0"
"POINT (10.013033273000000 53.549838837999999)","Unfall 99201 (2016) Kat:3, Licht: 2","99201","3","4","6","11","17","5","","2","0","1","1","0"
"POINT (10.108162194000000 53.563654341000003)","Unfall 99202 (2016) Kat:3, Licht: 0","99202","3","4","6","11","07","2","","0","0","1","1","0"
"POINT (9.857522308000000 53.548430201000002)","Unfall 99203 (2016) Kat:3, Licht: 2","99203","3","6","2","11","18","4","","2","0","1","0","0"
"POINT (10.080818626999999 53.581022646000001)","Unfall 99204 (2016) Kat:3, Licht: 0","99204","3","3","5","11","13","3","","0","1","1","0","0"
"POINT (10.089920298999999 53.607350189999998)","Unfall 99205 (2016) Kat:3, Licht: 0","99205","3","6","2","12","07","5","","0","0","1","0","0"
"POINT (10.210249476000000 53.498217527000001)","Unfall 99206 (2016) Kat:3, Licht: 2","99206","3","6","4","11","19","7","","2","1","0","0","0"
"POINT (9.939378217000000 53.550127963999998)","Unfall 99207 (2016) Kat:3, Licht: 2","99207","3","6","2","12","18","6","","2","0","1","0","0"
"POINT (9.988507397999999 53.570331107000001)","Unfall 99208 (2016) Kat:3, Licht: 2","99208","3","2","3","11","22","4","","2","0","1","0","0"
"POINT (10.104272579000000 53.544238958999998)","Unfall 99209 (2016) Kat:3, Licht: 0","99209","3","4","6","11","09","2","","0","1","0","1","0"
"POINT (10.070003068000000 53.572883974000000)","Unfall 99210 (2016) Kat:3, Licht: 0","99210","3","6","2","12","14","5","","0","0","1","0","0"
"POINT (9.901696973000000 53.545620796999998)","Unfall 99211 (2016) Kat:3, Licht: 0","99211","3","7","6","11","13","1","","0","0","1","1","0"
"POINT (9.975615311000000 53.588800857000003)","Unfall 99212 (2016) Kat:3, Licht: 2","99212","3","3","0","12","22","6","","2","1","1","0","0"
"POINT (9.979904865000000 53.568571102999996)","Unfall 99213 (2016) Kat:3, Licht: 2","99213","3","5","1","11","17","4","","2","1","1","0","0"
"POINT (9.988404635000000 53.568104259000002)","Unfall 99214 (2016) Kat:3, Licht: 2","99214","3","2","6","11","18","3","","2","0","1","1","0"
"POINT (9.948190469000000 53.594848294999998)","Unfall 99215 (2016) Kat:3, Licht: 0","99215","3","6","2","11","12","7","","0","0","1","0","0"
"POINT (9.949475516000000 53.462883003999998)","Unfall 99216 (2016) Kat:3, Licht: 0","99216","3","6","2","11","12","6","","0","0","1","0","0"
"POINT (9.988880810000000 53.594152751999999)","Unfall 99217 (2016) Kat:3, Licht: 0","99217","3","7","3","11","10","2","","0","0","1","0","0"
"POINT (10.157963712999999 53.590912826000000)","Unfall 99218 (2016) Kat:3, Licht: 0","99218","3","7","0","11","10","4","","0","0","1","0","0"
"POINT (10.124890947000001 53.586129628999998)","Unfall 99219 (2016) Kat:2, Licht: 2","99219","2","2","4","12","18","7","","2","0","1","0","0"
"POINT (10.055187363000000 53.569149996000000)","Unfall 99220 (2016) Kat:3, Licht: 2","99220","3","3","6","12","00","5","","2","0","1","1","0"
"POINT (10.079271432000001 53.634846279000001)","Unfall 99221 (2016) Kat:3, Licht: 0","99221","3","3","5","11","15","2","","0","1","1","0","0"
"POINT (10.099851584000000 53.589190729999999)","Unfall 99222 (2016) Kat:2, Licht: 2","99222","2","3","5","11","20","2","","2","0","1","0","1"
"POINT (9.978207261000000 53.572042390999997)","Unfall 99223 (2016) Kat:3, Licht: 0","99223","3","2","3","11","15","7","","0","1","1","0","0"
"POINT (10.034125187000001 53.579914578000000)","Unfall 99224 (2016) Kat:3, Licht: 2","99224","3","3","5","12","16","2","","2","1","0","0","0"
"POINT (9.989354912000000 53.544795997999998)","Unfall 99225 (2016) Kat:3, Licht: 1","99225","3","2","1","11","16","7","","1","0","1","0","0"
"POINT (10.121483868000000 53.605513229000003)","Unfall 99226 (2016) Kat:3, Licht: 0","99226","3","7","0","12","10","2","","0","0","0","0","0"
"POINT (10.019668344999999 53.581481607000001)","Unfall 99227 (2016) Kat:3, Licht: 0","99227","3","3","5","11","13","4","","0","1","1","0","0"
"POINT (10.169369035000001 53.647540802000002)","Unfall 99228 (2016) Kat:3, Licht: 2","99228","3","3","6","11","22","4","","2","0","1","1","0"
"POINT (9.982369385000000 53.607023996000002)","Unfall 99229 (2016) Kat:3, Licht: 2","99229","3","6","4","12","18","7","","2","0","1","0","1"
"POINT (9.953466503000000 53.553817100000003)","Unfall 99230 (2016) Kat:2, Licht: 0","99230","2","7","8","11","11","7","","0","0","1","0","0"
"POINT (10.056883049000000 53.563725640999998)","Unfall 99231 (2016) Kat:3, Licht: 2","99231","3","5","1","11","17","4","","2","1","1","0","0"
"POINT (10.139515356000000 53.592999740000003)","Unfall 99232 (2016) Kat:3, Licht: 0","99232","3","3","5","11","15","5","","0","0","1","0","0"
"POINT (9.989480549000000 53.558289901000002)","Unfall 99233 (2016) Kat:3, Licht: 0","99233","3","3","5","11","09","4","","0","1","1","0","0"
"POINT (9.893368146000000 53.605412778000002)","Unfall 99234 (2016) Kat:3, Licht: 0","99234","3","5","1","11","08","2","","0","1","1","0","0"
"POINT (10.102402725999999 53.589723266000000)","Unfall 99235 (2016) Kat:3, Licht: 0","99235","3","3","5","11","16","2","","0","0","1","0","0"
"POINT (9.985713584999999 53.551770758000004)","Unfall 99236 (2016) Kat:2, Licht: 0","99236","2","3","6","11","15","7","","0","1","0","1","0"
"POINT (10.067230300000000 53.608539827999998)","Unfall 99237 (2016) Kat:3, Licht: 2","99237","3","4","6","11","19","5","","2","0","1","1","0"
"POINT (10.012891455000000 53.604922314000000)","Unfall 99238 (2016) Kat:3, Licht: 0","99238","3","2","3","11","15","2","","0","1","1","0","0"
"POINT (9.975293818000001 53.583099095999998)","Unfall 99239 (2016) Kat:3, Licht: 2","99239","3","2","4","12","17","2","","2","1","1","0","0"
"POINT (10.084717683999999 53.611538858000003)","Unfall 99240 (2016) Kat:3, Licht: 0","99240","3","5","0","11","15","3","","0","1","1","0","0"
"POINT (10.062621117999999 53.653808577000000)","Unfall 99241 (2016) Kat:3, Licht: 2","99241","3","2","6","11","07","4","","2","0","0","1","0"
"POINT (9.995925046000000 53.499524489999999)","Unfall 99242 (2016) Kat:2, Licht: 2","99242","2","2","4","11","02","1","","2","0","1","0","0"
"POINT (10.156296985000001 53.614698304000001)","Unfall 99243 (2016) Kat:3, Licht: 2","99243","3","6","2","12","23","6","","2","0","1","0","0"
"POINT (9.942293394000000 53.550249911000002)","Unfall 99244 (2016) Kat:3, Licht: 2","99244","3","5","1","11","00","6","","2","0","1","0","0"
"POINT (10.021101278000000 53.566474913999997)","Unfall 99245 (2016) Kat:3, Licht: 0","99245","3","2","3","11","08","4","","0","0","1","0","1"
"POINT (10.066072502999999 53.634507100999997)","Unfall 99246 (2016) Kat:3, Licht: 0","99246","3","4","6","11","08","3","","0","0","1","1","0"
"POINT (9.994005064000000 53.579657494999999)","Unfall 99247 (2016) Kat:3, Licht: 1","99247","3","2","5","11","16","5","","1","0","1","0","0"
"POINT (9.999264674999999 53.498871620999999)","Unfall 99248 (2016) Kat:3, Licht: 2","99248","3","6","1","11","18","3","","2","0","1","0","0"
"POINT (10.008800653000000 53.552218850999999)","Unfall 99249 (2016) Kat:3, Licht: 2","99249","3","2","4","12","19","7","","2","0","1","0","0"
"POINT (10.016864867000001 53.674681820000004)","Unfall 99250 (2016) Kat:3, Licht: 0","99250","3","2","3","11","15","6","","0","1","1","0","0"
"POINT (10.095429161000000 53.651542353000004)","Unfall 99251 (2016) Kat:3, Licht: 0","99251","3","3","5","11","15","4","","0","1","1","0","0"
"POINT (9.962200116000000 53.549546532999997)","Unfall 99252 (2016) Kat:3, Licht: 2","99252","3","2","6","11","18","4","","2","0","1","1","0"
"POINT (10.052546533999999 53.568603889999999)","Unfall 99253 (2016) Kat:3, Licht: 2","99253","3","1","8","11","22","5","","2","0","1","0","0"
"POINT (10.182678657000000 53.485777149000000)","Unfall 99254 (2016) Kat:3, Licht: 0","99254","3","6","1","11","08","3","","0","0","1","0","0"
"POINT (9.970661351000000 53.572410626000000)","Unfall 99255 (2016) Kat:3, Licht: 2","99255","3","6","3","11","16","2","","2","1","1","0","0"
"POINT (9.917052313999999 53.635919203999997)","Unfall 99256 (2016) Kat:3, Licht: 0","99256","3","7","0","11","10","2","","0","0","1","0","0"
"POINT (9.941999091000000 53.579291415000000)","Unfall 99257 (2016) Kat:3, Licht: 1","99257","3","3","5","11","16","2","","1","1","1","0","0"
"POINT (9.978183702999999 53.597566542999999)","Unfall 99258 (2016) Kat:3, Licht: 2","99258","3","3","5","11","20","5","","2","0","1","0","1"
"POINT (9.965978099000001 53.585304774000001)","Unfall 99259 (2016) Kat:3, Licht: 0","99259","3","3","5","11","14","2","","0","0","1","0","0"
"POINT (9.991579671000000 53.501901807000003)","Unfall 99260 (2016) Kat:3, Licht: 2","99260","3","6","2","12","18","1","","2","0","1","0","0"
"POINT (10.147267191999999 53.667163399000003)","Unfall 99261 (2016) Kat:3, Licht: 0","99261","3","6","2","11","14","3","","0","0","1","0","0"
"POINT (10.179583191000001 53.486562008000000)","Unfall 99262 (2016) Kat:3, Licht: 0","99262","3","6","1","12","14","5","","0","0","1","0","0"
"POINT (10.042437892000001 53.607763321999997)","Unfall 99263 (2016) Kat:3, Licht: 2","99263","3","1","8","11","01","1","","2","0","1","0","0"
"POINT (10.022882916000000 53.567676980000002)","Unfall 99264 (2016) Kat:3, Licht: 0","99264","3","2","5","12","09","6","","0","1","0","0","0"
"POINT (10.212343210000000 53.484529119000001)","Unfall 99265 (2016) Kat:3, Licht: 0","99265","3","3","5","11","08","3","","0","0","1","0","0"
"POINT (9.981511021999999 53.605919780000001)","Unfall 99266 (2016) Kat:3, Licht: 2","99266","3","4","6","11","18","3","","2","0","1","1","0"
"POINT (10.033364786000000 53.621012303999997)","Unfall 99267 (2016) Kat:3, Licht: 2","99267","3","6","1","11","18","4","","2","0","1","0","0"
"POINT (10.083279403000001 53.545775388000003)","Unfall 99268 (2016) Kat:3, Licht: 2","99268","3","6","2","11","16","3","","2","0","1","0","0"
"POINT (9.980819283000001 53.560379462999997)","Unfall 99269 (2016) Kat:3, Licht: 0","99269","3","2","5","11","09","7","","0","0","1","0","0"
"POINT (10.019783310999999 53.488254898999998)","Unfall 99270 (2016) Kat:3, Licht: 2","99270","3","7","3","11","19","6","","2","0","1","0","0"
"POINT (9.990900294999999 53.554250515000000)","Unfall 99271 (2016) Kat:3, Licht: 2","99271","3","3","5","11","21","2","","2","0","1","0","1"
"POINT (10.095325090999999 53.531064960999998)","Unfall 99272 (2016) Kat:3, Licht: 2","99272","3","6","4","11","17","4","","2","1","0","0","0"
"POINT (9.947599793000000 53.560935432000001)","Unfall 99273 (2016) Kat:3, Licht: 0","99273","3","3","2","11","11","2","","0","1","1","0","0"
"POINT (9.879141042000001 53.561685973000003)","Unfall 99274 (2016) Kat:3, Licht: 2","99274","3","5","1","11","17","4","","2","1","1","0","0"
"POINT (9.779740539000001 53.532546453999998)","Unfall 99275 (2016) Kat:3, Licht: 2","99275","3","1","8","12","22","7","","2","0","1","0","0"
"POINT (9.933294885000001 53.510322203000001)","Unfall 99276 (2016) Kat:3, Licht: 2","99276","3","7","9","11","04","7","","2","0","1","0","0"
"POINT (10.184768584000000 53.486573714000002)","Unfall 99277 (2016) Kat:2, Licht: 2","99277","2","2","5","11","17","6","","2","0","1","0","0"
"POINT (9.943547531000000 53.550576612999997)","Unfall 99278 (2016) Kat:3, Licht: 0","99278","3","6","3","11","12","2","","0","0","1","0","0"
"POINT (10.149261015000000 53.524199092000003)","Unfall 99279 (2016) Kat:3, Licht: 0","99279","3","3","6","11","13","1","","0","0","1","1","0"
"POINT (10.100624470000000 53.540299570999998)","Unfall 99280 (2016) Kat:3, Licht: 2","99280","3","3","5","11","21","6","","2","0","1","0","0"
"POINT (9.989281403000000 53.581341872000003)","Unfall 99281 (2016) Kat:3, Licht: 1","99281","3","3","6","11","16","5","","1","0","1","1","0"
"POINT (9.989191540000000 53.581395751999999)","Unfall 99282 (2016) Kat:3, Licht: 2","99282","3","3","5","11","06","2","","2","1","0","0","0"
"POINT (9.926385612000001 53.564052902999997)","Unfall 99283 (2016) Kat:3, Licht: 2","99283","3","6","2","11","07","4","","2","1","1","0","0"
"POINT (10.041391065999999 53.647737112999998)","Unfall 99284 (2016) Kat:3, Licht: 1","99284","3","2","4","11","06","3","","1","0","1","0","0"
"POINT (10.067388510000001 53.571336297999999)","Unfall 99285 (2016) Kat:2, Licht: 1","99285","2","2","6","12","07","5","","1","0","1","1","0"
"POINT (9.964165060999999 53.558861950999997)","Unfall 99286 (2016) Kat:3, Licht: 0","99286","3","6","2","11","12","1","","0","0","1","0","0"
"POINT (9.947621213000000 53.585968346000001)","Unfall 99287 (2016) Kat:3, Licht: 0","99287","3","5","1","12","08","6","","0","0","1","0","0"
"POINT (10.153554551999999 53.604901423999998)","Unfall 99288 (2016) Kat:3, Licht: 2","99288","3","2","6","11","20","3","","2","0","1","1","0"
"POINT (10.002259438999999 53.557080712999998)","Unfall 99289 (2016) Kat:3, Licht: 2","99289","3","3","5","11","05","3","","2","0","1","0","0"
"POINT (10.140362774000000 53.542511247999997)","Unfall 99290 (2016) Kat:3, Licht: 2","99290","3","4","6","11","16","6","","2","0","1","1","0"
"POINT (10.180728677999999 53.497202428999998)","Unfall 99291 (2016) Kat:3, Licht: 0","99291","3","6","1","11","14","6","","0","0","1","0","0"
"POINT (10.013037238000001 53.499992929999998)","Unfall 99292 (2016) Kat:3, Licht: 0","99292","3","3","6","12","12","2","","0","0","0","1","0"
"POINT (10.116637567000000 53.577304269999999)","Unfall 99293 (2016) Kat:3, Licht: 0","99293","3","6","4","11","13","1","","0","0","1","0","0"
"POINT (9.906951201000000 53.616288271000002)","Unfall 99294 (2016) Kat:2, Licht: 0","99294","2","2","4","11","15","4","","0","1","1","0","0"
"POINT (10.149028412000000 53.606303949000001)","Unfall 99295 (2016) Kat:3, Licht: 0","99295","3","3","6","11","08","4","","0","0","1","1","0"
"POINT (10.087632092000000 53.651048482000000)","Unfall 99296 (2016) Kat:3, Licht: 0","99296","3","2","3","12","13","7","","0","0","1","0","0"
"POINT (10.144284226000000 53.608759986000003)","Unfall 99297 (2016) Kat:3, Licht: 0","99297","3","7","6","11","12","7","","0","0","0","1","0"
"POINT (10.206789430000001 53.484868233000000)","Unfall 99298 (2016) Kat:3, Licht: 0","99298","3","6","1","11","11","4","","0","0","1","0","0"
"POINT (10.106205695000000 53.568797742000001)","Unfall 99299 (2016) Kat:3, Licht: 0","99299","3","7","5","11","12","3","","0","0","1","0","0"
"POINT (9.937215210000000 53.592561861999997)","Unfall 99300 (2016) Kat:3, Licht: 0","99300","3","6","2","11","09","3","","0","0","1","0","0"
"POINT (10.021566710000000 53.649121061000002)","Unfall 99301 (2016) Kat:3, Licht: 0","99301","3","6","2","12","15","5","","0","0","1","0","0"
"POINT (10.006121295000000 53.550202507000002)","Unfall 99302 (2016) Kat:3, Licht: 2","99302","3","2","4","12","18","6","","2","0","1","0","0"
"POINT (10.039522346000000 53.546528600000002)","Unfall 99303 (2016) Kat:3, Licht: 0","99303","3","6","2","11","11","2","","0","0","1","0","0"
"POINT (9.986007820999999 53.547405484000002)","Unfall 99304 (2016) Kat:3, Licht: 0","99304","3","6","2","11","07","2","","0","0","1","0","0"