WKT,Name,OBJECTID,UKATEGORIE,UTYP1,UART,UMONAT,USTUNDE,UWOCHENTAG,STRZUSTAND,ULICHTVERH,ISTRAD,ISTPKW,ISTFUSS,ISTKRAD
"POINT (10.140178555000000 53.625210762000002)","Unfall 99305 (2016) Kat:2, Licht: 0","99305","2","4","6","11","10","6","","0","0","1","1","0"
"POINT (10.080391847000000 53.579661367000000)","Unfall 99306 (2016) Kat:3, Licht: 2","99306","3","6","2","12","17","2","","2","0","1","0","0"
"POINT (9.961767102000000 53.562101878000000)","Unfall 99307 (2016) Kat:3, Licht: 2","99307","3","4","6","12","02","7","","2","1","0","1","0"
"POINT (10.090486778000001 53.504860006999998)","Unfall 99308 (2016) Kat:3, Licht: 0","99308","3","2","6","11","14","6","","0","0","0","1","0"
"POINT (10.104797586000000 53.614762949999999)","Unfall 99309 (2016) Kat:3, Licht: 2","99309","3","2","5","11","17","4","","2","1","1","0","0"
"POINT (9.947909352000000 53.560695924999997)","Unfall 99310 (2016) Kat:3, Licht: 2","99310","3","6","1","11","22","4","","2","0","1","0","0"
"POINT (10.068520470999999 53.601000470999999)","Unfall 99311 (2016) Kat:3, Licht: 2","99311","3","6","2","11","16","5","","2","0","1","0","0"
"POINT (10.064697506000000 53.586506489000001)","Unfall 99312 (2016) Kat:3, Licht: 0","99312","3","2","2","11","13","3","","0","0","1","0","0"
"POINT (9.890559356000001 53.552373289999998)","Unfall 99313 (2016) Kat:3, Licht: 0","99313","3","2","2","11","16","2","","0","0","1","0","0"
"POINT (9.990421452000000 53.452466971000000)","Unfall 99314 (2016) Kat:3, Licht: 2","99314","3","2","6","11","20","1","","2","0","1","1","0"
"POINT (9.931470708999999 53.597812890999997)","Unfall 99315 (2016) Kat:3, Licht: 0","99315","3","2","2","11","07","5","","0","1","1","0","0"
"POINT (10.201345375000001 53.488969527999998)","Unfall 99316 (2016) Kat:3, Licht: 2","99316","3","1","4","11","05","1","","2","0","1","0","0"
"POINT (9.970419994000000 53.583322586999998)","Unfall 99317 (2016) Kat:3, Licht: 0","99317","3","6","2","12","13","2","","0","0","1","0","0"
"POINT (10.061123175000001 53.589060973999999)","Unfall 99318 (2016) Kat:3, Licht: 2","99318","3","4","6","11","19","2","","2","0","1","1","0"
"POINT (10.119866402000000 53.562912861000001)","Unfall 99319 (2016) Kat:3, Licht: 0","99319","3","6","3","11","18","1","","0","0","1","0","0"
"POINT (10.149749108000000 53.586385217000000)","Unfall 99320 (2016) Kat:3, Licht: 2","99320","3","3","5","11","18","6","","2","0","1","0","0"
"POINT (9.918472446000001 53.578081013000002)","Unfall 99321 (2016) Kat:3, Licht: 0","99321","3","6","2","12","11","2","","0","0","1","0","0"
"POINT (10.123159159000000 53.644322113000001)","Unfall 99322 (2016) Kat:3, Licht: 0","99322","3","3","5","11","15","4","","0","1","1","0","0"
"POINT (9.992907848000000 53.564155599000003)","Unfall 99323 (2016) Kat:3, Licht: 0","99323","3","6","2","11","09","2","","0","0","1","0","0"
"POINT (10.036338993999999 53.504695925999997)","Unfall 99324 (2016) Kat:3, Licht: 2","99324","3","6","2","12","16","6","","2","0","1","0","0"
"POINT (10.025989228000000 53.649922164000003)","Unfall 99325 (2016) Kat:3, Licht: 0","99325","3","6","2","11","13","6","","0","0","1","0","0"
"POINT (10.037383002000000 53.648687514999999)","Unfall 99326 (2016) Kat:2, Licht: 2","99326","2","2","6","11","17","4","","2","0","1","1","0"
"POINT (10.100607479000001 53.542486543000003)","Unfall 99327 (2016) Kat:3, Licht: 0","99327","3","7","6","11","12","3","","0","0","0","1","0"
"POINT (9.753175116000000 53.583981549000001)","Unfall 99328 (2016) Kat:3, Licht: 0","99328","3","2","4","11","09","5","","0","0","1","0","0"
"POINT (10.012532561000000 53.606406124999999)","Unfall 99329 (2016) Kat:3, Licht: 2","99329","3","6","2","11","22","3","","2","0","1","0","0"
"POINT (10.030140843000000 53.545212902000003)","Unfall 99330 (2016) Kat:3, Licht: 0","99330","3","6","1","11","08","6","","0","0","1","0","0"
"POINT (10.055378005000000 53.560951097000000)","Unfall 99331 (2016) Kat:3, Licht: 2","99331","3","3","5","11","06","1","","2","0","1","0","0"
"POINT (9.915925682999999 53.563859336999997)","Unfall 99332 (2016) Kat:3, Licht: 0","99332","3","3","5","11","11","1","","0","1","1","0","0"
"POINT (9.958673406000001 53.571540255999999)","Unfall 99333 (2016) Kat:3, Licht: 0","99333","3","7","6","11","10","5","","0","0","1","1","0"
"POINT (10.145979895000000 53.633894198000000)","Unfall 99334 (2016) Kat:3, Licht: 1","99334","3","7","0","11","16","1","","1","1","0","0","0"
"POINT (9.992313896000001 53.591187474000002)","Unfall 99335 (2016) Kat:3, Licht: 0","99335","3","2","2","11","10","4","","0","0","1","0","1"
"POINT (9.940025961000000 53.580340540000002)","Unfall 99336 (2016) Kat:3, Licht: 2","99336","3","5","1","11","19","3","","2","0","1","0","0"
"POINT (10.033489832000001 53.552329233999998)","Unfall 99337 (2016) Kat:3, Licht: 2","99337","3","6","2","12","17","5","","2","0","1","0","0"
"POINT (10.022767867000001 53.584458384000001)","Unfall 99338 (2016) Kat:3, Licht: 2","99338","3","1","1","11","21","1","","2","0","1","0","0"
"POINT (9.918048263999999 53.580048965000003)","Unfall 99339 (2016) Kat:3, Licht: 0","99339","3","6","1","12","13","6","","0","0","1","0","0"
"POINT (9.933725881999999 53.590702514999997)","Unfall 99340 (2016) Kat:3, Licht: 2","99340","3","3","5","11","17","3","","2","0","1","0","1"
"POINT (9.951515175999999 53.599557451000003)","Unfall 99341 (2016) Kat:3, Licht: 0","99341","3","3","5","11","15","3","","0","0","1","0","0"
"POINT (10.052578694999999 53.585644545999997)","Unfall 99342 (2016) Kat:3, Licht: 2","99342","3","2","6","11","23","4","","2","0","1","1","0"
"POINT (10.018675795000000 53.484652756999999)","Unfall 99343 (2016) Kat:3, Licht: 2","99343","3","6","0","12","17","5","","2","0","1","0","0"
"POINT (10.179259322000000 53.606926809999997)","Unfall 99344 (2016) Kat:2, Licht: 0","99344","2","3","5","11","10","1","","0","1","1","0","0"
"POINT (10.059851295000000 53.584675349000001)","Unfall 99345 (2016) Kat:3, Licht: 0","99345","3","6","2","12","14","6","","0","1","1","0","0"
"POINT (9.896708317000000 53.515476960999997)","Unfall 99346 (2016) Kat:3, Licht: 2","99346","3","3","5","11","19","5","","2","0","1","0","0"
"POINT (9.867791433000001 53.599412917000002)","Unfall 99347 (2016) Kat:3, Licht: 2","99347","3","4","6","11","16","4","","2","0","1","1","0"
"POINT (10.018527154999999 53.614882790999999)","Unfall 99348 (2016) Kat:3, Licht: 2","99348","3","2","5","11","17","3","","2","0","1","0","0"
"POINT (10.022560673999999 53.529832556000002)","Unfall 99349 (2016) Kat:3, Licht: 0","99349","3","7","0","11","08","4","","0","1","0","1","0"
"POINT (9.870966630000000 53.588132061000003)","Unfall 99350 (2016) Kat:3, Licht: 2","99350","3","3","5","11","23","3","","2","0","1","0","0"
"POINT (10.083543203000000 53.574795797000000)","Unfall 99351 (2016) Kat:3, Licht: 2","99351","3","3","5","11","22","6","","2","0","1","0","0"
"POINT (10.147847262999999 53.605200339000000)","Unfall 99352 (2016) Kat:3, Licht: 0","99352","3","6","3","11","11","6","","0","0","1","0","0"
"POINT (9.956135390000000 53.570379871999997)","Unfall 99353 (2016) Kat:3, Licht: 2","99353","3","3","5","11","22","1","","2","0","1","0","0"
"POINT (10.064131597999999 53.571242195000004)","Unfall 99354 (2016) Kat:3, Licht: 0","99354","3","6","3","11","13","6","","0","0","1","0","0"
"POINT (9.987041494000000 53.557596683000000)","Unfall 99355 (2016) Kat:3, Licht: 0","99355","3","2","4","11","08","5","","0","1","1","0","0"
"POINT (10.128117528000001 53.601760787000003)","Unfall 99356 (2016) Kat:3, Licht: 2","99356","3","3","5","11","18","1","","2","0","1","0","0"
"POINT (10.000816024000001 53.555551297000001)","Unfall 99357 (2016) Kat:3, Licht: 0","99357","3","2","5","11","06","4","","0","0","1","0","0"
"POINT (9.938894274999999 53.553630464000001)","Unfall 99358 (2016) Kat:3, Licht: 2","99358","3","3","4","11","21","3","","2","1","1","0","0"
"POINT (10.054551536000000 53.608447181999999)","Unfall 99359 (2016) Kat:2, Licht: 2","99359","2","2","6","12","20","5","","2","0","1","1","0"
"POINT (9.991375031000001 53.500149374000003)","Unfall 99360 (2016) Kat:3, Licht: 0","99360","3","6","0","11","10","7","","0","0","1","0","0"
"POINT (9.964950581000000 53.580916051000003)","Unfall 99361 (2016) Kat:3, Licht: 2","99361","3","6","2","12","19","6","","2","0","1","0","0"
"POINT (9.944028301000000 53.617013845000002)","Unfall 99362 (2016) Kat:3, Licht: 0","99362","3","7","8","11","14","3","","0","0","1","0","0"
"POINT (10.108654270000001 53.563009393999998)","Unfall 99363 (2016) Kat:2, Licht: 2","99363","2","4","6","11","17","2","","2","0","1","1","0"
"POINT (10.060572479999999 53.597578800999997)","Unfall 99364 (2016) Kat:3, Licht: 2","99364","3","1","6","11","23","6","","2","0","1","1","0"
"POINT (10.149502174000000 53.602177562999998)","Unfall 99365 (2016) Kat:3, Licht: 0","99365","3","2","5","12","13","2","","0","1","1","0","0"
"POINT (9.980079988000000 53.582802815999997)","Unfall 99366 (2016) Kat:3, Licht: 0","99366","3","2","6","11","11","3","","0","0","1","1","0"
"POINT (10.145165476000001 53.668973094000002)","Unfall 99367 (2016) Kat:3, Licht: 0","99367","3","3","5","11","12","6","","0","0","1","0","0"
"POINT (10.111411952999999 53.575309998000002)","Unfall 99368 (2016) Kat:3, Licht: 1","99368","3","6","2","11","07","6","","1","0","1","0","0"
"POINT (9.950074852000000 53.564170277999999)","Unfall 99369 (2016) Kat:2, Licht: 2","99369","2","7","9","11","17","1","","2","0","1","0","0"
"POINT (10.130972016999999 53.599799572999999)","Unfall 99370 (2016) Kat:3, Licht: 2","99370","3","6","1","11","20","4","","2","0","1","0","0"
"POINT (10.225652501000001 53.481782762999998)","Unfall 99371 (2016) Kat:2, Licht: 2","99371","2","5","0","12","03","7","","2","1","1","0","0"
"POINT (10.032758941000001 53.567499744000003)","Unfall 99372 (2016) Kat:3, Licht: 0","99372","3","2","0","12","09","5","","0","1","0","0","0"
"POINT (10.019687941000001 53.551839555999997)","Unfall 99373 (2016) Kat:3, Licht: 0","99373","3","7","6","12","12","6","","0","0","1","1","0"
"POINT (10.076603754000001 53.615954473000002)","Unfall 99374 (2016) Kat:3, Licht: 0","99374","3","6","2","11","15","2","","0","0","1","0","0"
"POINT (10.064073720000000 53.587012469000001)","Unfall 99375 (2016) Kat:3, Licht: 0","99375","3","5","1","11","08","1","","0","0","1","0","0"
"POINT (10.068547172000001 53.655443536999996)","Unfall 99376 (2016) Kat:3, Licht: 0","99376","3","4","6","11","14","6","","0","0","1","1","0"
"POINT (10.035143363000000 53.591063750000004)","Unfall 99377 (2016) Kat:3, Licht: 0","99377","3","2","1","12","08","2","","0","0","1","0","0"
"POINT (10.005416437999999 53.552866862999998)","Unfall 99378 (2016) Kat:3, Licht: 2","99378","3","4","0","12","19","7","","2","0","0","1","0"
"POINT (10.000670468999999 53.659247909999998)","Unfall 99379 (2016) Kat:3, Licht: 1","99379","3","3","5","11","16","6","","1","0","1","0","1"
"POINT (10.039566927999999 53.605745573999997)","Unfall 99380 (2016) Kat:3, Licht: 0","99380","3","4","6","11","14","4","","0","0","1","1","0"
"POINT (9.968125097000000 53.566719927999998)","Unfall 99381 (2016) Kat:3, Licht: 0","99381","3","2","5","11","10","4","","0","1","1","0","0"
"POINT (10.076632534000000 53.613886559000001)","Unfall 99382 (2016) Kat:3, Licht: 0","99382","3","3","5","11","15","4","","0","1","1","0","0"
"POINT (9.834082378000000 53.555665169000001)","Unfall 99383 (2016) Kat:3, Licht: 0","99383","3","1","9","12","08","7","","0","0","1","0","1"
"POINT (9.900619237000001 53.592569015999999)","Unfall 99384 (2016) Kat:3, Licht: 2","99384","3","4","6","11","17","7","","2","0","1","1","0"
"POINT (10.050608591000000 53.547616998999999)","Unfall 99385 (2016) Kat:3, Licht: 0","99385","3","4","6","11","17","4","","0","0","1","1","0"
"POINT (10.101389970000000 53.557998302999998)","Unfall 99386 (2016) Kat:3, Licht: 2","99386","3","2","5","11","16","5","","2","1","1","0","0"
"POINT (9.921095503000000 53.632506863000003)","Unfall 99387 (2016) Kat:3, Licht: 2","99387","3","2","5","11","06","3","","2","1","1","0","0"
"POINT (9.930766348000001 53.589926427000002)","Unfall 99388 (2016) Kat:3, Licht: 2","99388","3","6","2","11","19","2","","2","0","1","0","0"
"POINT (10.087785895000000 53.617926179999998)","Unfall 99389 (2016) Kat:3, Licht: 0","99389","3","3","5","11","13","1","","0","0","1","0","0"
"POINT (10.033253384000000 53.644582690000000)","Unfall 99390 (2016) Kat:3, Licht: 2","99390","3","4","6","11","06","6","","2","0","1","1","0"
"POINT (10.058529212000000 53.576640230000002)","Unfall 99391 (2016) Kat:3, Licht: 2","99391","3","4","6","11","18","5","","2","1","0","1","0"
"POINT (9.994942198000000 53.571233016999997)","Unfall 99392 (2016) Kat:3, Licht: 2","99392","3","2","4","11","18","1","","2","0","1","0","0"
"POINT (9.984994052999999 53.587653381999999)","Unfall 99393 (2016) Kat:3, Licht: 2","99393","3","7","0","12","17","2","","2","0","1","1","0"
"POINT (9.946368430000000 53.561941615000002)","Unfall 99394 (2016) Kat:2, Licht: 0","99394","2","4","6","11","15","3","","0","0","1","1","0"
"POINT (9.897416593000001 53.605068086000003)","Unfall 99395 (2016) Kat:3, Licht: 0","99395","3","6","2","11","13","4","","0","0","1","0","0"
"POINT (9.990614078000000 53.549917393999998)","Unfall 99396 (2016) Kat:3, Licht: 0","99396","3","6","0","11","15","2","","0","0","1","0","0"
"POINT (10.034996618999999 53.551786743999997)","Unfall 99397 (2016) Kat:3, Licht: 0","99397","3","3","5","12","13","6","","0","0","1","0","1"
"POINT (9.973410296000001 53.598375605000001)","Unfall 99398 (2016) Kat:3, Licht: 0","99398","3","3","0","11","09","6","","0","1","1","0","0"
"POINT (10.050500817000000 53.587378897000001)","Unfall 99399 (2016) Kat:3, Licht: 2","99399","3","6","2","11","17","4","","2","0","1","0","0"
"POINT (10.110929502999999 53.596387444999998)","Unfall 99400 (2016) Kat:2, Licht: 0","99400","2","1","8","11","14","3","","0","0","1","0","0"
"POINT (9.948559550000001 53.555724687000001)","Unfall 99401 (2016) Kat:3, Licht: 0","99401","3","7","1","11","13","5","","0","1","1","0","0"
"POINT (9.946807451000000 53.593915598000002)","Unfall 99402 (2016) Kat:3, Licht: 0","99402","3","6","1","11","13","3","","0","0","1","0","0"
"POINT (10.008655194999999 53.614842088000003)","Unfall 99403 (2016) Kat:3, Licht: 2","99403","3","7","0","11","18","6","","2","0","1","0","0"
"POINT (10.117806431000000 53.624307057999999)","Unfall 99404 (2016) Kat:3, Licht: 0","99404","3","1","0","11","09","6","","0","1","1","0","0"
"POINT (9.969993212000000 53.549280693000000)","Unfall 99405 (2016) Kat:3, Licht: 2","99405","3","6","2","11","18","1","","2","0","1","0","0"
"POINT (9.975274197999999 53.575764788999997)","Unfall 99406 (2016) Kat:3, Licht: 2","99406","3","3","5","11","20","1","","2","0","1","0","0"
"POINT (10.054039427999999 53.572633908999997)","Unfall 99407 (2016) Kat:3, Licht: 2","99407","3","4","6","11","17","5","","2","0","1","1","0"
"POINT (9.960875715000000 53.592429582000001)","Unfall 99408 (2016) Kat:3, Licht: 2","99408","3","3","5","11","17","3","","2","1","0","0","0"
"POINT (9.944291970000000 53.556461929999998)","Unfall 99409 (2016) Kat:3, Licht: 0","99409","3","6","3","11","15","2","","0","0","1","0","0"
"POINT (9.999917591000001 53.554973167000000)","Unfall 99410 (2016) Kat:3, Licht: 2","99410","3","3","5","11","01","1","","2","0","1","0","0"
"POINT (10.023450641000000 53.553441327000002)","Unfall 99411 (2016) Kat:2, Licht: 2","99411","2","4","6","11","00","1","","2","0","1","1","0"
"POINT (9.922004445000001 53.563896259000003)","Unfall 99412 (2016) Kat:3, Licht: 0","99412","3","6","3","11","15","5","","0","0","0","0","0"
"POINT (9.991990494000000 53.505292150000002)","Unfall 99413 (2016) Kat:3, Licht: 2","99413","3","2","4","11","18","7","","2","0","1","0","0"
"POINT (9.988585972999999 53.448553240000003)","Unfall 99414 (2016) Kat:3, Licht: 1","99414","3","3","5","12","16","1","","1","0","1","0","0"
"POINT (9.904756690999999 53.502929420000001)","Unfall 99415 (2016) Kat:3, Licht: 2","99415","3","2","6","11","05","2","","2","0","1","1","0"
"POINT (10.207621051000000 53.480170489999999)","Unfall 99416 (2016) Kat:3, Licht: 2","99416","3","4","6","12","17","5","","2","0","0","1","0"
"POINT (10.099187526000000 53.588280371000003)","Unfall 99417 (2016) Kat:3, Licht: 2","99417","3","6","3","11","16","1","","2","0","1","0","1"
"POINT (10.082502267000001 53.668961613000000)","Unfall 99418 (2016) Kat:3, Licht: 0","99418","3","3","5","12","09","6","","0","1","0","0","0"
"POINT (9.917908648999999 53.545891754000003)","Unfall 99419 (2016) Kat:2, Licht: 2","99419","2","4","6","11","05","3","","2","0","1","1","0"
"POINT (10.188150016000000 53.486718725000003)","Unfall 99420 (2016) Kat:3, Licht: 2","99420","3","2","0","11","07","5","","2","1","1","0","0"
"POINT (9.950055187000000 53.556863767000003)","Unfall 99421 (2016) Kat:3, Licht: 0","99421","3","2","5","11","09","4","","0","1","1","0","0"
"POINT (9.963024667999999 53.569647502000002)","Unfall 99422 (2016) Kat:2, Licht: 2","99422","2","3","5","11","21","3","","2","1","0","0","1"
"POINT (10.136814055000000 53.607688779999997)","Unfall 99423 (2016) Kat:3, Licht: 0","99423","3","5","1","11","11","4","","0","0","0","0","0"
"POINT (9.977725258000000 53.564295158999997)","Unfall 99424 (2016) Kat:3, Licht: 2","99424","3","6","2","11","23","3","","2","0","1","0","0"
"POINT (10.037958248000001 53.569510362999999)","Unfall 99425 (2016) Kat:3, Licht: 0","99425","3","3","5","11","14","6","","0","0","1","0","0"
"POINT (10.166032129000000 53.605739262999997)","Unfall 99426 (2016) Kat:3, Licht: 0","99426","3","4","6","11","13","6","","0","0","1","1","0"
"POINT (9.903532245999999 53.512948457000000)","Unfall 99427 (2016) Kat:3, Licht: 0","99427","3","1","0","11","10","7","","0","0","0","0","1"
"POINT (9.997344113000001 53.495527686999999)","Unfall 99428 (2016) Kat:3, Licht: 2","99428","3","6","3","11","19","4","","2","0","1","0","0"
"POINT (10.041675416000000 53.534265283000003)","Unfall 99429 (2016) Kat:3, Licht: 2","99429","3","6","3","11","20","7","","2","1","1","0","0"
"POINT (10.187571205999999 53.494204213000003)","Unfall 99430 (2016) Kat:2, Licht: 2","99430","2","3","6","11","18","3","","2","0","0","1","0"
"POINT (9.848960652000001 53.536538460000003)","Unfall 99431 (2016) Kat:3, Licht: 2","99431","3","1","8","12","23","7","","2","0","1","0","0"
"POINT (9.975628452000001 53.460085733000000)","Unfall 99432 (2016) Kat:3, Licht: 2","99432","3","5","1","11","18","2","","2","0","1","0","0"
"POINT (10.041462482000000 53.647959874000001)","Unfall 99433 (2016) Kat:2, Licht: 2","99433","2","2","5","12","16","5","","2","1","1","0","0"
"POINT (10.095063239000000 53.542586163999999)","Unfall 99434 (2016) Kat:3, Licht: 0","99434","3","5","3","11","10","7","","0","0","1","0","0"
"POINT (9.999487625000000 53.556201301999998)","Unfall 99435 (2016) Kat:3, Licht: 2","99435","3","7","0","12","22","6","","2","1","0","0","0"
"POINT (10.033623313000000 53.573695727999997)","Unfall 99436 (2016) Kat:3, Licht: 2","99436","3","2","5","11","17","6","","2","0","1","0","0"
"POINT (9.972354246000000 53.581579652000002)","Unfall 99437 (2016) Kat:3, Licht: 0","99437","3","6","3","11","08","5","","0","0","1","0","0"
"POINT (10.015173889000000 53.548356732000002)","Unfall 99438 (2016) Kat:3, Licht: 2","99438","3","1","8","11","00","7","","2","0","0","0","0"
"POINT (10.173253494000001 53.480678525000002)","Unfall 99439 (2016) Kat:3, Licht: 0","99439","3","2","5","11","13","3","","0","1","1","0","0"
"POINT (10.088142958000001 53.535746136999997)","Unfall 99440 (2016) Kat:2, Licht: 0","99440","2","4","6","11","13","2","","0","0","0","1","0"
"POINT (10.081334517000000 53.579684137000001)","Unfall 99441 (2016) Kat:3, Licht: 0","99441","3","6","2","12","09","5","","0","0","1","0","0"
"POINT (9.986659591000000 53.603648761999999)","Unfall 99442 (2016) Kat:3, Licht: 0","99442","3","6","1","11","15","1","","0","0","1","0","0"
"POINT (9.988239460000001 53.591915186999998)","Unfall 99443 (2016) Kat:3, Licht: 0","99443","3","7","6","12","09","6","","0","1","0","1","0"
"POINT (9.986789557000000 53.562994609999997)","Unfall 99444 (2016) Kat:3, Licht: 2","99444","3","7","0","11","17","3","","2","0","1","0","0"
"POINT (9.953077659000000 53.546473657000000)","Unfall 99445 (2016) Kat:3, Licht: 2","99445","3","2","4","11","17","3","","2","0","1","0","0"
"POINT (9.915463598000001 53.553876571000004)","Unfall 99446 (2016) Kat:3, Licht: 2","99446","3","6","2","11","16","6","","2","0","1","0","0"
"POINT (10.126149800000000 53.597725046000001)","Unfall 99447 (2016) Kat:3, Licht: 0","99447","3","7","0","11","07","6","","0","1","0","0","0"
"POINT (10.167116651000001 53.439158235000001)","Unfall 99448 (2016) Kat:2, Licht: 0","99448","2","7","8","11","13","7","","0","0","1","0","0"
"POINT (10.121277493999999 53.626450714999997)","Unfall 99449 (2016) Kat:3, Licht: 0","99449","3","6","2","11","11","4","","0","0","1","0","0"
"POINT (10.130081023000001 53.599691704000001)","Unfall 99450 (2016) Kat:3, Licht: 2","99450","3","2","4","12","16","7","","2","0","1","0","0"
"POINT (10.089549874999999 53.511333827000001)","Unfall 99451 (2016) Kat:3, Licht: 0","99451","3","3","5","11","09","4","","0","0","1","0","0"
"POINT (9.994385637000001 53.602094186000002)","Unfall 99452 (2016) Kat:3, Licht: 0","99452","3","2","3","11","08","2","","0","1","1","0","0"
"POINT (10.146655343000001 53.622920090999997)","Unfall 99453 (2016) Kat:3, Licht: 0","99453","3","7","3","11","14","7","","0","0","1","0","0"
"POINT (9.887140744000000 53.560509355999997)","Unfall 99454 (2016) Kat:1, Licht: 0","99454","1","3","5","11","13","6","","0","0","1","0","1"
"POINT (9.954839058999999 53.548564267000003)","Unfall 99455 (2016) Kat:3, Licht: 0","99455","3","3","5","11","16","3","","0","1","1","0","0"
"POINT (10.037683965999999 53.555928272999999)","Unfall 99456 (2016) Kat:3, Licht: 0","99456","3","3","5","11","14","2","","0","0","1","0","0"
"POINT (9.997046460000000 53.546300657000003)","Unfall 99457 (2016) Kat:3, Licht: 2","99457","3","3","5","11","21","6","","2","0","1","0","0"
"POINT (10.041295057999999 53.599429419000003)","Unfall 99458 (2016) Kat:3, Licht: 0","99458","3","6","1","11","13","6","","0","0","1","0","0"
"POINT (10.088537510000000 53.586855866999997)","Unfall 99459 (2016) Kat:3, Licht: 1","99459","3","6","2","12","16","2","","1","0","1","0","0"
"POINT (9.983535594999999 53.592099028000000)","Unfall 99460 (2016) Kat:3, Licht: 0","99460","3","2","5","12","09","7","","0","1","1","0","0"
"POINT (9.991274521999999 53.560862143999998)","Unfall 99461 (2016) Kat:3, Licht: 2","99461","3","7","6","11","20","7","","2","0","1","1","0"
"POINT (10.057134589000000 53.554931965000002)","Unfall 99462 (2016) Kat:3, Licht: 2","99462","3","2","6","11","19","4","","2","0","1","1","0"
"POINT (10.105097584999999 53.632678714000001)","Unfall 99463 (2016) Kat:3, Licht: 0","99463","3","3","0","11","12","5","","0","1","1","0","0"
"POINT (9.985511325999999 53.551923369000001)","Unfall 99464 (2016) Kat:3, Licht: 2","99464","3","3","5","11","18","3","","2","0","1","0","0"
"POINT (9.910560568999999 53.549221469000003)","Unfall 99465 (2016) Kat:2, Licht: 0","99465","2","4","6","11","12","2","","0","0","1","1","0"
"POINT (10.163294651999999 53.596906119000003)","Unfall 99466 (2016) Kat:3, Licht: 0","99466","3","4","6","11","09","7","","0","0","1","1","0"
"POINT (9.987834522000000 53.552208727000000)","Unfall 99467 (2016) Kat:3, Licht: 0","99467","3","5","1","11","08","6","","0","0","0","0","1"
"POINT (10.019591629000001 53.565485781000000)","Unfall 99468 (2016) Kat:3, Licht: 1","99468","3","6","2","11","16","5","","1","0","1","0","0"
"POINT (10.086107135000001 53.594122695999999)","Unfall 99469 (2016) Kat:3, Licht: 0","99469","3","3","5","11","13","7","","0","0","1","0","0"
"POINT (9.955390906000000 53.581425690000003)","Unfall 99470 (2016) Kat:2, Licht: 1","99470","2","4","6","12","16","2","","1","0","1","1","0"
"POINT (10.078075158000001 53.564470487999998)","Unfall 99471 (2016) Kat:3, Licht: 1","99471","3","4","6","11","07","2","","1","0","1","1","0"
"POINT (9.889864113000000 53.570103314000001)","Unfall 99472 (2016) Kat:3, Licht: 0","99472","3","3","5","11","09","4","","0","1","1","0","0"
"POINT (9.986066454000000 53.455351221000001)","Unfall 99473 (2016) Kat:3, Licht: 0","99473","3","4","6","12","11","5","","0","0","0","1","0"
"POINT (9.994419045000001 53.510996636000002)","Unfall 99474 (2016) Kat:3, Licht: 0","99474","3","4","6","11","14","1","","0","0","1","1","0"
"POINT (10.094558299999999 53.568712669999996)","Unfall 99475 (2016) Kat:3, Licht: 0","99475","3","7","3","12","16","6","","0","0","1","0","0"
"POINT (9.866686800000000 53.565807792999998)","Unfall 99476 (2016) Kat:3, Licht: 2","99476","3","3","5","12","18","2","","2","1","1","0","0"
"POINT (9.884147042000000 53.531364183000001)","Unfall 99477 (2016) Kat:3, Licht: 0","99477","3","6","3","12","09","6","","0","1","1","0","0"
"POINT (10.026058361000000 53.670096934000000)","Unfall 99478 (2016) Kat:2, Licht: 2","99478","2","2","4","11","23","6","","2","0","1","0","0"
"POINT (10.015023153000000 53.647460219999999)","Unfall 99479 (2016) Kat:3, Licht: 2","99479","3","7","1","11","19","4","","2","1","1","0","0"
"POINT (10.010754071999999 53.550981976999999)","Unfall 99480 (2016) Kat:3, Licht: 2","99480","3","6","6","11","18","4","","2","1","0","1","0"
"POINT (9.899432121000000 53.620638624999998)","Unfall 99481 (2016) Kat:3, Licht: 1","99481","3","3","5","11","08","5","","1","1","1","0","0"
"POINT (9.977687809000001 53.554147942000000)","Unfall 99482 (2016) Kat:3, Licht: 0","99482","3","7","3","11","13","3","","0","0","1","0","0"
"POINT (10.022947794000000 53.662976278000002)","Unfall 99483 (2016) Kat:3, Licht: 2","99483","3","6","2","11","17","7","","2","0","1","0","0"
"POINT (10.193472452000000 53.503032427999997)","Unfall 99484 (2016) Kat:2, Licht: 2","99484","2","4","6","11","22","7","","2","0","1","1","0"
"POINT (9.975200960000000 53.584426628999999)","Unfall 99485 (2016) Kat:3, Licht: 0","99485","3","3","5","11","11","5","","0","0","1","0","0"
"POINT (10.018981180999999 53.560702390000003)","Unfall 99486 (2016) Kat:3, Licht: 2","99486","3","6","2","11","18","7","","2","0","1","0","0"
"POINT (10.078373759000000 53.587412065999999)","Unfall 99487 (2016) Kat:2, Licht: 2","99487","2","2","3","12","17","1","","2","1","0","0","0"
"POINT (10.111931016000000 53.684470980000000)","Unfall 99488 (2016) Kat:3, Licht: 1","99488","3","3","5","11","07","2","","1","1","1","0","0"
"POINT (10.089259078000000 53.479076816999999)","Unfall 99489 (2016) Kat:3, Licht: 0","99489","3","1","9","12","12","5","","0","0","1","0","0"
"POINT (10.064757382000000 53.597676135000000)","Unfall 99490 (2016) Kat:3, Licht: 2","99490","3","5","1","11","03","1","","2","0","1","0","0"
"POINT (10.056336263000000 53.591755061000001)","Unfall 99491 (2016) Kat:3, Licht: 2","99491","3","6","3","12","18","6","","2","0","1","0","0"
"POINT (10.002264889999999 53.557051616000003)","Unfall 99492 (2016) Kat:3, Licht: 1","99492","3","3","5","11","07","3","","1","0","1","0","0"
"POINT (9.952245992000000 53.598916744000000)","Unfall 99493 (2016) Kat:3, Licht: 2","99493","3","2","6","11","06","3","","2","0","1","1","0"