WKT,Name,OBJECTID,UKATEGORIE,UTYP1,UART,UMONAT,USTUNDE,UWOCHENTAG,STRZUSTAND,ULICHTVERH,ISTRAD,ISTPKW,ISTFUSS,ISTKRAD
"POINT (10.011927039000000 53.607089709999997)","Unfall 99494 (2016) Kat:2, Licht: 0","99494","2","4","6","11","11","4","","0","0","1","1","0"
"POINT (9.854493099000001 53.468608936000003)","Unfall 99495 (2016) Kat:3, Licht: 0","99495","3","4","6","11","11","2","","0","0","1","1","0"
"POINT (9.865605112000001 53.533955136000003)","Unfall 99496 (2016) Kat:3, Licht: 1","99496","3","3","5","11","16","5","","1","0","1","0","0"
"POINT (10.039214770999999 53.606563586000000)","Unfall 99497 (2016) Kat:3, Licht: 0","99497","3","3","5","11","08","6","","0","0","1","0","0"
"POINT (9.972833208000001 53.561222260000001)","Unfall 99498 (2016) Kat:3, Licht: 0","99498","3","1","4","11","13","6","","0","0","1","0","1"
"POINT (10.042642702000000 53.591424842000002)","Unfall 99499 (2016) Kat:3, Licht: 0","99499","3","2","5","11","11","4","","0","0","1","0","1"
"POINT (10.028111172999999 53.626043742999997)","Unfall 99500 (2016) Kat:3, Licht: 2","99500","3","6","3","11","18","3","","2","0","1","0","0"
"POINT (9.986783950000000 53.547843207000000)","Unfall 99501 (2016) Kat:3, Licht: 2","99501","3","2","5","11","18","5","","2","1","1","0","0"
"POINT (9.854390339000000 53.470757656000004)","Unfall 99502 (2016) Kat:3, Licht: 0","99502","3","3","6","11","07","2","","0","0","1","1","0"
"POINT (9.793835723000001 53.533915458000003)","Unfall 99503 (2016) Kat:3, Licht: 2","99503","3","3","5","11","06","5","","2","0","1","0","0"
"POINT (10.100981447000001 53.657809882000002)","Unfall 99504 (2016) Kat:3, Licht: 0","99504","3","1","0","11","07","6","","0","1","0","0","0"
"POINT (10.062227773000000 53.600784177000001)","Unfall 99505 (2016) Kat:3, Licht: 2","99505","3","6","0","11","03","7","","2","0","1","0","0"
"POINT (9.997845779000000 53.498992438000002)","Unfall 99506 (2016) Kat:3, Licht: 2","99506","3","6","3","11","17","5","","2","0","1","0","0"
"POINT (9.987739722000001 53.552256294999999)","Unfall 99507 (2016) Kat:3, Licht: 0","99507","3","2","4","11","08","5","","0","1","1","0","0"
"POINT (9.977446268000000 53.553950059999998)","Unfall 99508 (2016) Kat:3, Licht: 2","99508","3","6","3","11","17","7","","2","0","1","0","0"
"POINT (10.086655080000000 53.552130427000002)","Unfall 99509 (2016) Kat:3, Licht: 2","99509","3","3","5","11","22","3","","2","0","1","0","0"
"POINT (10.059944421999999 53.659202149000002)","Unfall 99510 (2016) Kat:2, Licht: 0","99510","2","6","3","11","13","2","","0","1","1","0","0"
"POINT (10.033706751000000 53.620020261999997)","Unfall 99511 (2016) Kat:3, Licht: 2","99511","3","2","5","12","16","5","","2","0","1","0","0"
"POINT (9.990793834000000 53.459339874999998)","Unfall 99512 (2016) Kat:3, Licht: 2","99512","3","7","3","11","22","7","","2","0","1","0","0"
"POINT (9.948208328000000 53.594863429999997)","Unfall 99513 (2016) Kat:3, Licht: 0","99513","3","6","1","12","07","6","","0","0","1","0","0"
"POINT (10.186828636000000 53.490599957000001)","Unfall 99514 (2016) Kat:3, Licht: 0","99514","3","6","2","11","08","2","","0","0","1","0","0"
"POINT (10.100602286999999 53.540275788999999)","Unfall 99515 (2016) Kat:3, Licht: 2","99515","3","1","9","11","20","2","","2","0","1","0","0"
"POINT (10.164479376999999 53.486109214000003)","Unfall 99516 (2016) Kat:3, Licht: 0","99516","3","4","6","11","14","5","","0","1","0","1","0"
"POINT (10.129932128000000 53.689375415999997)","Unfall 99517 (2016) Kat:3, Licht: 0","99517","3","1","8","11","08","6","","0","0","1","0","0"
"POINT (10.208112692000000 53.495931994000003)","Unfall 99518 (2016) Kat:3, Licht: 2","99518","3","2","5","12","18","2","","2","0","1","0","0"
"POINT (10.072903454000000 53.652110682999997)","Unfall 99519 (2016) Kat:3, Licht: 2","99519","3","7","0","11","17","7","","2","0","1","0","0"
"POINT (10.065999366000000 53.574608363999999)","Unfall 99520 (2016) Kat:3, Licht: 2","99520","3","4","6","11","18","4","","2","0","0","1","1"
"POINT (10.022740325999999 53.588993281999997)","Unfall 99521 (2016) Kat:3, Licht: 0","99521","3","7","0","12","12","7","","0","1","0","0","0"
"POINT (10.033043564000000 53.573795204000000)","Unfall 99522 (2016) Kat:3, Licht: 2","99522","3","6","2","11","18","7","","2","0","1","0","0"
"POINT (10.021194702000001 53.544955915000003)","Unfall 99523 (2016) Kat:3, Licht: 0","99523","3","6","4","11","14","4","","0","0","1","0","1"
"POINT (9.904886877999999 53.502952567000001)","Unfall 99524 (2016) Kat:2, Licht: 2","99524","2","1","8","12","21","7","","2","0","1","0","0"
"POINT (10.011206197000000 53.581859645999998)","Unfall 99525 (2016) Kat:3, Licht: 0","99525","3","2","0","11","13","2","","0","1","1","0","0"
"POINT (10.016570440000001 53.612702861999999)","Unfall 99526 (2016) Kat:3, Licht: 0","99526","3","1","0","12","12","5","","0","1","0","0","0"
"POINT (9.972719586000000 53.547565530000000)","Unfall 99527 (2016) Kat:3, Licht: 2","99527","3","2","5","12","17","6","","2","1","1","0","0"
"POINT (10.116656944000001 53.625333378000001)","Unfall 99528 (2016) Kat:3, Licht: 1","99528","3","4","6","11","07","2","","1","0","1","1","0"
"POINT (10.005218069000000 53.547931202000001)","Unfall 99529 (2016) Kat:3, Licht: 2","99529","3","3","5","11","17","7","","2","0","1","0","0"
"POINT (10.112093742000001 53.496470705000000)","Unfall 99530 (2016) Kat:3, Licht: 2","99530","3","3","5","11","17","5","","2","0","1","0","0"
"POINT (10.038512132999999 53.641790768000000)","Unfall 99531 (2016) Kat:3, Licht: 0","99531","3","2","5","12","12","2","","0","1","1","0","0"
"POINT (9.982177265000001 53.543902602000003)","Unfall 99532 (2016) Kat:1, Licht: 2","99532","1","1","9","12","04","7","","2","0","1","0","0"
"POINT (10.086215744000000 53.620324205999999)","Unfall 99533 (2016) Kat:3, Licht: 2","99533","3","3","5","11","06","6","","2","0","1","0","0"
"POINT (10.101745254000001 53.583226080999999)","Unfall 99534 (2016) Kat:3, Licht: 2","99534","3","3","5","11","17","4","","2","0","1","0","0"
"POINT (9.979547180999999 53.572450834999998)","Unfall 99535 (2016) Kat:3, Licht: 2","99535","3","3","5","11","16","4","","2","0","1","0","0"
"POINT (10.029498014000000 53.626083203999997)","Unfall 99536 (2016) Kat:3, Licht: 0","99536","3","6","3","11","11","5","","0","0","1","0","0"
"POINT (10.166322428000001 53.514460708999998)","Unfall 99537 (2016) Kat:3, Licht: 2","99537","3","3","5","11","05","2","","2","0","1","0","0"
"POINT (9.986942266000000 53.603546586999997)","Unfall 99538 (2016) Kat:3, Licht: 0","99538","3","3","5","11","14","2","","0","0","1","0","0"
"POINT (10.102158316000001 53.647307523000002)","Unfall 99539 (2016) Kat:3, Licht: 2","99539","3","2","4","11","18","7","","2","0","1","0","0"
"POINT (10.109354442000001 53.541423457999997)","Unfall 99540 (2016) Kat:3, Licht: 0","99540","3","6","2","11","13","4","","0","0","1","0","0"
"POINT (10.104398816000000 53.544387974000003)","Unfall 99541 (2016) Kat:2, Licht: 2","99541","2","6","3","11","17","2","","2","0","0","0","1"
"POINT (10.028807222999999 53.571301726999998)","Unfall 99542 (2016) Kat:3, Licht: 1","99542","3","2","2","11","16","2","","1","0","1","0","0"
"POINT (9.989030724999999 53.555244565999999)","Unfall 99543 (2016) Kat:3, Licht: 2","99543","3","6","0","11","18","7","","2","0","1","0","0"
"POINT (10.139015448000000 53.583499344000003)","Unfall 99544 (2016) Kat:3, Licht: 0","99544","3","7","6","11","14","5","","0","0","1","1","0"
"POINT (9.881511713000000 53.532560740999998)","Unfall 99545 (2016) Kat:3, Licht: 0","99545","3","6","4","11","10","6","","0","1","1","0","0"
"POINT (9.912203070000000 53.645499493999999)","Unfall 99546 (2016) Kat:3, Licht: 0","99546","3","6","1","12","09","2","","0","0","1","0","0"
"POINT (9.893668735000000 53.573293976000002)","Unfall 99547 (2016) Kat:3, Licht: 0","99547","3","3","6","11","08","4","","0","0","1","1","0"
"POINT (9.992665568000000 53.557626403000000)","Unfall 99548 (2016) Kat:3, Licht: 2","99548","3","7","0","11","19","2","","2","1","0","0","0"
"POINT (10.021366744000000 53.550062054000001)","Unfall 99549 (2016) Kat:3, Licht: 2","99549","3","2","5","12","19","6","","2","1","1","0","0"
"POINT (9.822485047000001 53.584047851999998)","Unfall 99550 (2016) Kat:3, Licht: 2","99550","3","3","5","11","18","6","","2","1","1","0","0"
"POINT (10.013457797999999 53.628419317999999)","Unfall 99551 (2016) Kat:3, Licht: 0","99551","3","6","2","11","10","4","","0","0","1","0","0"
"POINT (10.047314144000000 53.558102687999998)","Unfall 99552 (2016) Kat:3, Licht: 0","99552","3","2","5","11","07","3","","0","1","1","0","0"
"POINT (9.881126523000001 53.559362641000000)","Unfall 99553 (2016) Kat:3, Licht: 0","99553","3","2","6","11","12","5","","0","0","1","1","0"
"POINT (10.148325376000001 53.522126645999997)","Unfall 99554 (2016) Kat:3, Licht: 2","99554","3","2","1","11","16","2","","2","0","1","0","0"
"POINT (10.038516894000001 53.642228082000003)","Unfall 99555 (2016) Kat:3, Licht: 0","99555","3","3","5","11","11","6","","0","1","1","0","0"
"POINT (9.962054267999999 53.565399241999998)","Unfall 99556 (2016) Kat:3, Licht: 0","99556","3","5","1","11","10","5","","0","1","1","0","0"
"POINT (9.852380961000000 53.590830118000000)","Unfall 99557 (2016) Kat:2, Licht: 2","99557","2","4","6","12","20","5","","2","0","1","1","0"
"POINT (9.943487756000000 53.544412283000000)","Unfall 99558 (2016) Kat:3, Licht: 0","99558","3","7","6","12","12","2","","0","0","0","1","0"
"POINT (9.872280540000000 53.584896536999999)","Unfall 99559 (2016) Kat:3, Licht: 2","99559","3","3","5","12","16","5","","2","1","1","0","0"
"POINT (9.999590293000001 53.665485027999999)","Unfall 99560 (2016) Kat:3, Licht: 2","99560","3","3","5","12","20","5","","2","0","1","0","0"
"POINT (10.055259451000000 53.597650227999999)","Unfall 99562 (2016) Kat:3, Licht: 2","99562","3","7","6","12","23","2","","2","0","1","1","0"
"POINT (10.024639140000000 53.553565900999999)","Unfall 99563 (2016) Kat:3, Licht: 0","99563","3","3","5","12","09","4","","0","1","1","0","0"
"POINT (9.987478716000000 53.581386375999998)","Unfall 99564 (2016) Kat:3, Licht: 2","99564","3","6","4","12","22","4","","2","0","1","0","0"
"POINT (10.029119819000000 53.600105372000002)","Unfall 99565 (2016) Kat:3, Licht: 0","99565","3","6","2","12","12","6","","0","0","1","0","0"
"POINT (9.960625986000000 53.456904119999997)","Unfall 99566 (2016) Kat:3, Licht: 0","99566","3","7","6","12","13","6","","0","0","0","1","0"
"POINT (10.101576351000000 53.541405712000000)","Unfall 99567 (2016) Kat:3, Licht: 0","99567","3","3","5","12","10","6","","0","0","1","0","0"
"POINT (9.879100120000000 53.592589275000002)","Unfall 99568 (2016) Kat:3, Licht: 0","99568","3","2","3","12","11","6","","0","1","0","0","0"
"POINT (9.948857864000001 53.462600784000003)","Unfall 99569 (2016) Kat:3, Licht: 0","99569","3","6","4","12","09","6","","0","1","1","0","0"
"POINT (10.068607079000000 53.601114541999998)","Unfall 99570 (2016) Kat:3, Licht: 0","99570","3","7","5","12","12","4","","0","1","1","0","0"
"POINT (9.996009030000000 53.583878914000003)","Unfall 99571 (2016) Kat:3, Licht: 2","99571","3","7","0","12","21","3","","2","0","1","0","1"
"POINT (9.795894301000001 53.528908729999998)","Unfall 99572 (2016) Kat:3, Licht: 2","99572","3","6","8","12","06","6","","2","0","1","0","0"
"POINT (9.995400107000000 53.550948374999997)","Unfall 99573 (2016) Kat:3, Licht: 0","99573","3","5","1","12","10","2","","0","1","1","0","0"
"POINT (9.957555150999999 53.599131368000002)","Unfall 99574 (2016) Kat:3, Licht: 2","99574","3","7","6","12","16","5","","2","1","0","1","0"
"POINT (10.089362519000000 53.511453467000003)","Unfall 99575 (2016) Kat:3, Licht: 1","99575","3","6","2","12","07","2","","1","0","1","0","0"
"POINT (10.083750413000001 53.656336910999997)","Unfall 99577 (2016) Kat:3, Licht: 2","99577","3","1","8","12","23","2","","2","0","1","0","0"
"POINT (10.068346957999999 53.568857377999997)","Unfall 99578 (2016) Kat:3, Licht: 2","99578","3","3","5","12","20","2","","2","0","1","0","0"
"POINT (9.908411012000000 53.566694579000000)","Unfall 99579 (2016) Kat:2, Licht: 1","99579","2","4","6","12","16","3","","1","0","1","1","0"
"POINT (10.099433670000000 53.587800420999997)","Unfall 99580 (2016) Kat:3, Licht: 0","99580","3","6","2","12","14","5","","0","0","1","0","0"
"POINT (10.234007771000000 53.486591931000000)","Unfall 99581 (2016) Kat:3, Licht: 0","99581","3","3","5","12","12","6","","0","0","1","0","0"
"POINT (10.086787049000000 53.653390743000003)","Unfall 99582 (2016) Kat:3, Licht: 2","99582","3","6","2","12","17","5","","2","0","1","0","0"
"POINT (9.998409833000000 53.669840704999999)","Unfall 99584 (2016) Kat:2, Licht: 0","99584","2","4","6","12","10","3","","0","0","1","1","0"
"POINT (10.147064959000000 53.581144831000003)","Unfall 99585 (2016) Kat:3, Licht: 2","99585","3","6","6","12","23","3","","2","0","0","1","0"
"POINT (10.010291726000000 53.552287878999998)","Unfall 99586 (2016) Kat:3, Licht: 1","99586","3","4","6","12","16","6","","1","0","1","1","0"
"POINT (10.069503203000000 53.579829293000003)","Unfall 99587 (2016) Kat:3, Licht: 0","99587","3","6","0","12","08","6","","0","0","0","0","0"
"POINT (10.021578383000000 53.519087524000000)","Unfall 99588 (2016) Kat:3, Licht: 0","99588","3","6","2","12","14","5","","0","0","1","0","0"
"POINT (9.954845919000000 53.632938154999998)","Unfall 99589 (2016) Kat:3, Licht: 1","99589","3","2","5","12","07","4","","1","1","1","0","0"
"POINT (10.044278715000001 53.592143083000003)","Unfall 99590 (2016) Kat:3, Licht: 0","99590","3","6","3","12","12","3","","0","0","1","0","0"
"POINT (9.822449070999999 53.473912525999999)","Unfall 99591 (2016) Kat:2, Licht: 0","99591","2","4","6","12","14","6","","0","0","1","1","0"
"POINT (10.014439777000000 53.553580443000001)","Unfall 99592 (2016) Kat:3, Licht: 0","99592","3","7","6","12","10","2","","0","0","1","1","0"
"POINT (10.043032902000000 53.534116466000000)","Unfall 99593 (2016) Kat:3, Licht: 0","99593","3","6","1","12","08","7","","0","0","1","0","0"
"POINT (10.024462765000001 53.568648899000003)","Unfall 99595 (2016) Kat:3, Licht: 2","99595","3","7","3","12","22","2","","2","0","1","0","0"
"POINT (9.988151338000000 53.562296826999997)","Unfall 99596 (2016) Kat:3, Licht: 0","99596","3","6","1","12","09","5","","0","0","1","0","0"
"POINT (9.950331506000000 53.597252214000001)","Unfall 99598 (2016) Kat:3, Licht: 2","99598","3","6","2","12","16","5","","2","0","1","0","0"
"POINT (9.943317951999999 53.579873802999998)","Unfall 99599 (2016) Kat:3, Licht: 0","99599","3","3","5","12","08","4","","0","0","1","0","0"
"POINT (10.030642880000000 53.572431463999997)","Unfall 99600 (2016) Kat:3, Licht: 2","99600","3","6","2","12","16","5","","2","0","1","0","0"
"POINT (9.962754888999999 53.552410055999999)","Unfall 99602 (2016) Kat:3, Licht: 0","99602","3","7","6","12","14","4","","0","0","1","1","0"
"POINT (9.880600039000001 53.572140242000003)","Unfall 99603 (2016) Kat:3, Licht: 0","99603","3","2","4","12","15","5","","0","0","1","0","0"
"POINT (9.978175286000001 53.572013073000001)","Unfall 99604 (2016) Kat:3, Licht: 1","99604","3","2","3","12","07","3","","1","1","1","0","0"
"POINT (9.926542868000000 53.516999609000003)","Unfall 99605 (2016) Kat:3, Licht: 0","99605","3","6","3","12","19","2","","0","0","1","0","0"
"POINT (10.035776971000001 53.638402636999999)","Unfall 99606 (2016) Kat:3, Licht: 0","99606","3","6","2","12","13","7","","0","0","1","0","0"
"POINT (10.032763473999999 53.590699221000001)","Unfall 99608 (2016) Kat:3, Licht: 2","99608","3","2","6","12","20","1","","2","0","1","1","0"
"POINT (10.002501583999999 53.587456164000002)","Unfall 99609 (2016) Kat:3, Licht: 0","99609","3","6","2","12","09","6","","0","0","1","0","0"
"POINT (10.022718819000000 53.447887027999997)","Unfall 99610 (2016) Kat:3, Licht: 2","99610","3","3","5","12","19","4","","2","0","1","0","0"
"POINT (9.928756504000001 53.551925633000003)","Unfall 99612 (2016) Kat:3, Licht: 0","99612","3","4","6","12","08","5","","0","1","0","1","0"
"POINT (9.994143864000000 53.551386698000002)","Unfall 99613 (2016) Kat:3, Licht: 1","99613","3","5","1","12","07","4","","1","0","1","0","0"
"POINT (9.991611403000000 53.502169975000001)","Unfall 99614 (2016) Kat:3, Licht: 2","99614","3","6","2","12","16","1","","2","0","1","0","0"
"POINT (9.978369333000000 53.572375596999997)","Unfall 99615 (2016) Kat:3, Licht: 0","99615","3","3","5","12","11","5","","0","1","0","0","0"
"POINT (9.909374267000001 53.549291054000001)","Unfall 99616 (2016) Kat:2, Licht: 0","99616","2","2","5","12","14","5","","0","1","1","0","0"
"POINT (10.042597809000000 53.539006958000002)","Unfall 99618 (2016) Kat:3, Licht: 2","99618","3","4","6","12","17","1","","2","0","1","1","0"
"POINT (10.109542150999999 53.536617559000000)","Unfall 99619 (2016) Kat:2, Licht: 2","99619","2","7","3","12","20","1","","2","0","1","0","0"
"POINT (9.922715784999999 53.561978314999998)","Unfall 99620 (2016) Kat:3, Licht: 0","99620","3","2","5","12","08","4","","0","1","0","0","0"
"POINT (10.177916091000000 53.476529812999999)","Unfall 99621 (2016) Kat:3, Licht: 0","99621","3","3","5","12","10","6","","0","1","1","0","0"
"POINT (10.194135982000001 53.483551460999998)","Unfall 99622 (2016) Kat:3, Licht: 0","99622","3","6","0","12","08","6","","0","1","0","0","0"
"POINT (10.051040358000000 53.586443977999998)","Unfall 99623 (2016) Kat:3, Licht: 0","99623","3","6","2","12","13","6","","0","0","1","0","0"
"POINT (10.017843343999999 53.564343921999999)","Unfall 99624 (2016) Kat:3, Licht: 0","99624","3","6","2","12","11","6","","0","0","1","0","0"
"POINT (9.963849830999999 53.559544293000002)","Unfall 99625 (2016) Kat:3, Licht: 2","99625","3","6","2","12","22","7","","2","0","1","1","0"
"POINT (9.926850192000000 53.602723245999996)","Unfall 99626 (2016) Kat:3, Licht: 2","99626","3","5","1","12","22","7","","2","0","1","0","0"
"POINT (10.087897975000001 53.630512070999998)","Unfall 99627 (2016) Kat:3, Licht: 1","99627","3","3","5","12","17","6","","1","0","1","0","0"
"POINT (10.032464415000000 53.578651004000001)","Unfall 99628 (2016) Kat:3, Licht: 2","99628","3","3","0","12","17","6","","2","0","1","0","0"
"POINT (10.114549287000001 53.545209896999999)","Unfall 99629 (2016) Kat:3, Licht: 0","99629","3","3","5","12","13","5","","0","0","0","0","0"
"POINT (9.996047791000001 53.648420944000001)","Unfall 99630 (2016) Kat:3, Licht: 0","99630","3","4","6","12","17","4","","0","0","1","1","0"
"POINT (10.009643447000000 53.457630379999998)","Unfall 99631 (2016) Kat:3, Licht: 0","99631","3","4","6","12","15","4","","0","0","1","1","0"
"POINT (9.995942416000000 53.464465803000003)","Unfall 99632 (2016) Kat:3, Licht: 2","99632","3","6","2","12","16","6","","2","0","1","0","0"
"POINT (10.091115955999999 53.549248333999998)","Unfall 99633 (2016) Kat:3, Licht: 0","99633","3","4","6","12","13","1","","0","0","1","1","0"
"POINT (10.201904258000001 53.487410435000001)","Unfall 99634 (2016) Kat:3, Licht: 0","99634","3","4","6","12","14","4","","0","0","1","1","0"
"POINT (9.904260419000000 53.593280077000003)","Unfall 99635 (2016) Kat:3, Licht: 0","99635","3","2","3","12","09","5","","0","1","1","0","0"
"POINT (10.147200756000000 53.585037288999999)","Unfall 99637 (2016) Kat:3, Licht: 2","99637","3","1","9","12","07","1","","2","0","1","0","0"
"POINT (9.981747569000000 53.601336990000000)","Unfall 99638 (2016) Kat:3, Licht: 0","99638","3","3","5","12","13","4","","0","0","1","0","0"
"POINT (10.000841549000000 53.555588761999999)","Unfall 99639 (2016) Kat:3, Licht: 0","99639","3","7","4","12","11","4","","0","0","1","0","0"
"POINT (9.890148476000000 53.595264569999998)","Unfall 99640 (2016) Kat:3, Licht: 0","99640","3","7","0","12","09","6","","0","1","0","0","0"
"POINT (9.811283206000001 53.560616455999998)","Unfall 99641 (2016) Kat:3, Licht: 2","99641","3","4","6","12","16","6","","2","0","1","1","0"
"POINT (9.984671319000000 53.563996385999999)","Unfall 99642 (2016) Kat:3, Licht: 2","99642","3","3","3","12","17","6","","2","1","0","0","0"
"POINT (9.846474429000001 53.563621273999999)","Unfall 99643 (2016) Kat:3, Licht: 0","99643","3","3","5","12","15","6","","0","0","1","0","0"
"POINT (10.015979930000000 53.463491652999998)","Unfall 99644 (2016) Kat:3, Licht: 2","99644","3","6","2","12","06","3","","2","0","1","0","0"
"POINT (9.937132798000000 53.583176602000002)","Unfall 99645 (2016) Kat:3, Licht: 0","99645","3","5","1","12","12","3","","0","0","1","0","0"
"POINT (10.213136614000000 53.487116268999998)","Unfall 99646 (2016) Kat:3, Licht: 0","99646","3","7","6","12","12","6","","0","0","1","1","0"
"POINT (10.170849442000000 53.588483044999997)","Unfall 99647 (2016) Kat:3, Licht: 2","99647","3","1","8","12","23","1","","2","0","1","0","0"
"POINT (10.173711990999999 53.498729343000001)","Unfall 99648 (2016) Kat:3, Licht: 1","99648","3","6","4","12","08","4","","1","0","1","0","0"
"POINT (10.027439926000000 53.556206580000001)","Unfall 99649 (2016) Kat:3, Licht: 1","99649","3","4","6","12","17","2","","1","0","1","1","0"
"POINT (10.168191974999999 53.488866672999997)","Unfall 99651 (2016) Kat:2, Licht: 1","99651","2","1","8","12","16","3","","1","0","1","0","0"
"POINT (9.891677446999999 53.574080473999999)","Unfall 99652 (2016) Kat:3, Licht: 2","99652","3","3","4","12","23","3","","2","0","1","0","0"
"POINT (10.046452134999999 53.608277536000003)","Unfall 99653 (2016) Kat:3, Licht: 0","99653","3","6","2","12","12","5","","0","0","1","0","0"
"POINT (10.106070345999999 53.558934348999998)","Unfall 99654 (2016) Kat:2, Licht: 2","99654","2","2","6","12","17","4","","2","0","1","1","0"
"POINT (10.070913497999999 53.552613713000000)","Unfall 99655 (2016) Kat:3, Licht: 2","99655","3","6","3","12","19","6","","2","0","1","0","0"
"POINT (10.150928325000001 53.523813859000001)","Unfall 99656 (2016) Kat:3, Licht: 2","99656","3","4","6","12","16","3","","2","0","1","1","0"
"POINT (10.166088412000001 53.629034849000000)","Unfall 99657 (2016) Kat:2, Licht: 0","99657","2","2","6","12","13","1","","0","0","1","1","0"
"POINT (10.077622638999999 53.558636751999998)","Unfall 99658 (2016) Kat:3, Licht: 0","99658","3","4","6","12","07","4","","0","0","1","1","0"
"POINT (10.167677103999999 53.627383864999999)","Unfall 99659 (2016) Kat:3, Licht: 1","99659","3","4","6","12","17","2","","1","0","1","1","0"
"POINT (10.078652654000001 53.584786379999997)","Unfall 99661 (2016) Kat:3, Licht: 0","99661","3","2","4","12","10","1","","0","0","1","0","0"
"POINT (9.992361120000000 53.557892301999999)","Unfall 99662 (2016) Kat:3, Licht: 2","99662","3","6","3","12","16","3","","2","0","1","0","0"
"POINT (10.069614237000000 53.579479663999997)","Unfall 99663 (2016) Kat:3, Licht: 2","99663","3","3","5","12","05","3","","2","0","1","0","0"
"POINT (10.047732076000001 53.550606813999998)","Unfall 99664 (2016) Kat:3, Licht: 0","99664","3","3","5","12","12","5","","0","0","1","0","0"
"POINT (9.914764978999999 53.557694067000000)","Unfall 99665 (2016) Kat:3, Licht: 1","99665","3","6","0","12","07","6","","1","1","1","0","0"
"POINT (10.097053294000000 53.556473361999998)","Unfall 99666 (2016) Kat:3, Licht: 0","99666","3","3","5","12","13","5","","0","0","1","0","0"
"POINT (10.028632222000001 53.552076624999998)","Unfall 99668 (2016) Kat:2, Licht: 2","99668","2","6","3","12","20","3","","2","0","1","0","1"
"POINT (9.893806923000000 53.573208053000002)","Unfall 99669 (2016) Kat:3, Licht: 2","99669","3","3","5","12","18","3","","2","0","1","0","0"
"POINT (9.970862739999999 53.583113845000000)","Unfall 99670 (2016) Kat:3, Licht: 2","99670","3","7","0","12","17","5","","2","1","1","0","0"
"POINT (10.114170755000000 53.583070184999997)","Unfall 99671 (2016) Kat:3, Licht: 2","99671","3","6","4","12","17","6","","2","0","1","0","0"
"POINT (9.994545494000001 53.557491738000003)","Unfall 99672 (2016) Kat:3, Licht: 0","99672","3","6","1","12","10","3","","0","0","1","0","0"
"POINT (10.174981060000000 53.654064828999999)","Unfall 99673 (2016) Kat:3, Licht: 2","99673","3","1","8","12","05","1","","2","0","1","0","0"
"POINT (10.132016203999999 53.587517994999999)","Unfall 99674 (2016) Kat:2, Licht: 0","99674","2","3","5","12","15","7","","0","1","1","0","0"
"POINT (10.108593718000000 53.563341565999998)","Unfall 99676 (2016) Kat:3, Licht: 2","99676","3","1","8","12","05","1","","2","0","1","0","0"
"POINT (9.913838130000000 53.558790559999998)","Unfall 99677 (2016) Kat:3, Licht: 2","99677","3","2","3","12","07","6","","2","1","1","0","0"
"POINT (10.022186809999999 53.661407498000003)","Unfall 99679 (2016) Kat:3, Licht: 0","99679","3","3","5","12","14","1","","0","1","1","0","0"
"POINT (10.091864153000000 53.607092879000000)","Unfall 99680 (2016) Kat:3, Licht: 0","99680","3","6","2","12","12","2","","0","0","1","0","0"
"POINT (9.997120847000000 53.602134403000001)","Unfall 99681 (2016) Kat:3, Licht: 2","99681","3","2","4","12","18","5","","2","0","1","0","0"
"POINT (9.872791471999999 53.591402242000001)","Unfall 99682 (2016) Kat:3, Licht: 2","99682","3","4","6","12","17","5","","2","0","1","1","0"
"POINT (10.180696442000000 53.603045016999999)","Unfall 99684 (2016) Kat:3, Licht: 2","99684","3","3","5","12","18","4","","2","0","1","0","0"
"POINT (10.078358331000000 53.564091343999998)","Unfall 99685 (2016) Kat:2, Licht: 2","99685","2","3","6","12","16","3","","2","0","1","1","0"
"POINT (9.987994580000001 53.594483508000003)","Unfall 99686 (2016) Kat:3, Licht: 1","99686","3","2","4","12","08","5","","1","1","1","0","0"
"POINT (10.019696423999999 53.676896792999997)","Unfall 99688 (2016) Kat:3, Licht: 2","99688","3","4","6","12","20","7","","2","0","1","1","0"
"POINT (10.004184984000000 53.553722434000001)","Unfall 99690 (2016) Kat:2, Licht: 0","99690","2","7","9","12","11","1","","0","0","1","0","0"
"POINT (10.083161766000000 53.590143621000003)","Unfall 99691 (2016) Kat:3, Licht: 0","99691","3","7","1","12","10","6","","0","0","1","0","0"
"POINT (9.911971117000000 53.554110362000003)","Unfall 99692 (2016) Kat:3, Licht: 2","99692","3","7","0","12","18","6","","2","0","1","0","0"
"POINT (10.160709052000000 53.605023844000002)","Unfall 99693 (2016) Kat:3, Licht: 2","99693","3","6","2","12","18","4","","2","0","1","0","0"
"POINT (10.160314702000001 53.605165194000001)","Unfall 99694 (2016) Kat:3, Licht: 2","99694","3","2","4","12","05","4","","2","1","1","0","0"
"POINT (9.976412871999999 53.578199951000002)","Unfall 99695 (2016) Kat:2, Licht: 2","99695","2","4","6","12","17","1","","2","0","1","1","0"
"POINT (10.132186142000000 53.597171410000001)","Unfall 99696 (2016) Kat:3, Licht: 0","99696","3","3","5","12","15","4","","0","1","1","0","0"
"POINT (9.983721502000000 53.579140504000001)","Unfall 99697 (2016) Kat:3, Licht: 2","99697","3","6","4","12","20","5","","2","1","0","0","0"
"POINT (9.969618507000000 53.530139200000001)","Unfall 99698 (2016) Kat:3, Licht: 2","99698","3","7","8","12","19","5","","2","0","0","0","0"
"POINT (10.092403488000000 53.587767644000003)","Unfall 99700 (2016) Kat:3, Licht: 2","99700","3","2","4","12","17","4","","2","1","1","0","0"
"POINT (10.088465480000000 53.652846232999998)","Unfall 99701 (2016) Kat:3, Licht: 0","99701","3","3","5","12","14","3","","0","1","1","0","0"