WKT,Name,OBJECTID,UKATEGORIE,UTYP1,UART,UMONAT,USTUNDE,UWOCHENTAG,STRZUSTAND,ULICHTVERH,ISTRAD,ISTPKW,ISTFUSS,ISTKRAD
"POINT (9.975679096000000 53.572767579999997)","Unfall 99702 (2016) Kat:3, Licht: 0","99702","3","2","5","12","13","5","","0","1","1","0","0"
"POINT (9.970217168000000 53.567541781000003)","Unfall 99704 (2016) Kat:3, Licht: 2","99704","3","6","2","12","03","1","","2","0","1","0","0"
"POINT (10.040239897999999 53.580303938999997)","Unfall 99705 (2016) Kat:3, Licht: 0","99705","3","3","5","12","09","4","","0","0","1","1","0"
"POINT (9.964818132000000 53.549704540999997)","Unfall 99706 (2016) Kat:3, Licht: 2","99706","3","4","6","12","23","7","","2","0","1","1","0"
"POINT (9.988621538000000 53.581190976999999)","Unfall 99707 (2016) Kat:3, Licht: 0","99707","3","3","5","12","11","7","","0","1","1","0","0"
"POINT (10.068012376000000 53.667451489000001)","Unfall 99708 (2016) Kat:3, Licht: 0","99708","3","2","4","12","13","6","","0","1","1","0","0"
"POINT (9.919885736000000 53.633726410000001)","Unfall 99709 (2016) Kat:3, Licht: 0","99709","3","5","1","12","11","6","","0","0","1","0","0"
"POINT (9.918321548000000 53.578790136000002)","Unfall 99710 (2016) Kat:3, Licht: 0","99710","3","6","2","12","11","3","","0","0","1","0","0"
"POINT (10.136368861999999 53.572227908999999)","Unfall 99711 (2016) Kat:3, Licht: 0","99711","3","6","0","12","08","5","","0","0","0","0","0"
"POINT (10.078598232999999 53.617783686999999)","Unfall 99712 (2016) Kat:3, Licht: 0","99712","3","6","2","12","13","4","","0","0","1","0","0"
"POINT (10.111143547999999 53.575172719000001)","Unfall 99713 (2016) Kat:3, Licht: 0","99713","3","2","2","12","10","6","","0","0","1","0","0"
"POINT (9.964800331999999 53.550485617000000)","Unfall 99714 (2016) Kat:3, Licht: 2","99714","3","3","5","12","05","1","","2","0","1","0","0"
"POINT (10.061692881999999 53.650927695999997)","Unfall 99715 (2016) Kat:3, Licht: 0","99715","3","7","1","12","09","4","","0","0","1","0","0"
"POINT (10.123639402000000 53.598671091000000)","Unfall 99716 (2016) Kat:2, Licht: 0","99716","2","4","6","12","15","2","","0","0","1","1","0"
"POINT (9.822940293000000 53.580906126999999)","Unfall 99718 (2016) Kat:3, Licht: 0","99718","3","6","2","12","15","1","","0","0","1","0","0"
"POINT (10.157052858000000 53.604180161000002)","Unfall 99719 (2016) Kat:3, Licht: 1","99719","3","3","5","12","16","3","","1","1","1","0","0"
"POINT (10.008430996000000 53.553494749000002)","Unfall 99720 (2016) Kat:3, Licht: 0","99720","3","3","6","12","12","4","","0","0","1","1","0"
"POINT (9.988836537999999 53.577651549999999)","Unfall 99721 (2016) Kat:3, Licht: 0","99721","3","2","4","12","08","6","","0","1","1","0","0"
"POINT (9.918693528000000 53.635213984000004)","Unfall 99722 (2016) Kat:3, Licht: 0","99722","3","5","1","12","09","6","","0","0","1","0","0"
"POINT (10.174526338000000 53.497944937000000)","Unfall 99724 (2016) Kat:2, Licht: 2","99724","2","1","9","12","05","7","","2","0","1","0","0"
"POINT (10.178061748999999 53.512490913999997)","Unfall 99725 (2016) Kat:3, Licht: 2","99725","3","6","2","12","18","7","","2","0","1","0","0"
"POINT (9.996497031000001 53.549345955000000)","Unfall 99726 (2016) Kat:3, Licht: 2","99726","3","2","4","12","07","5","","2","0","1","0","0"
"POINT (9.934636447000001 53.550363754999999)","Unfall 99727 (2016) Kat:3, Licht: 0","99727","3","3","5","12","08","4","","0","1","1","0","0"
"POINT (10.098761680999999 53.541252591000003)","Unfall 99728 (2016) Kat:3, Licht: 0","99728","3","3","5","12","15","6","","0","0","1","0","1"
"POINT (10.104722246000000 53.544764911999998)","Unfall 99729 (2016) Kat:3, Licht: 0","99729","3","7","3","12","10","6","","0","0","1","0","0"
"POINT (9.918548940000001 53.572244159999997)","Unfall 99730 (2016) Kat:3, Licht: 0","99730","3","6","2","12","12","6","","0","0","1","0","0"
"POINT (9.918171360000001 53.556820815000002)","Unfall 99731 (2016) Kat:3, Licht: 2","99731","3","2","6","12","07","6","","2","0","1","1","0"
"POINT (10.004693056000001 53.662770715999997)","Unfall 99732 (2016) Kat:3, Licht: 0","99732","3","3","5","12","15","3","","0","1","0","0","1"
"POINT (9.988000099000001 53.591517240000002)","Unfall 99733 (2016) Kat:3, Licht: 0","99733","3","7","0","12","14","3","","0","0","0","0","0"
"POINT (10.099722509999999 53.579573570999997)","Unfall 99734 (2016) Kat:3, Licht: 2","99734","3","6","2","12","19","6","","2","0","1","0","0"
"POINT (10.024993359000000 53.601799776999997)","Unfall 99735 (2016) Kat:3, Licht: 1","99735","3","3","5","12","16","3","","1","0","1","0","0"
"POINT (10.087792498000001 53.552768176999997)","Unfall 99736 (2016) Kat:3, Licht: 1","99736","3","5","1","12","16","7","","1","0","1","0","0"
"POINT (10.041261349999999 53.647756188999999)","Unfall 99737 (2016) Kat:3, Licht: 2","99737","3","2","1","12","19","4","","2","0","1","0","0"
"POINT (10.133306268000000 53.584500427999998)","Unfall 99738 (2016) Kat:3, Licht: 2","99738","3","2","4","12","06","2","","2","0","1","0","0"
"POINT (10.078251125000000 53.564234884000001)","Unfall 99740 (2016) Kat:3, Licht: 2","99740","3","7","3","12","22","7","","2","0","1","0","0"
"POINT (10.115449519000000 53.533244981999999)","Unfall 99741 (2016) Kat:2, Licht: 2","99741","2","7","0","12","23","2","","2","1","0","0","0"
"POINT (9.890092239000000 53.601868725000003)","Unfall 99742 (2016) Kat:3, Licht: 2","99742","3","3","5","12","17","3","","2","1","1","0","0"
"POINT (10.055509488000000 53.582638772000003)","Unfall 99743 (2016) Kat:3, Licht: 2","99743","3","3","5","12","20","5","","2","0","1","0","0"
"POINT (9.987937733000001 53.581917353999998)","Unfall 99744 (2016) Kat:3, Licht: 2","99744","3","3","5","12","23","6","","2","1","1","0","0"
"POINT (10.047414120999999 53.642366449000001)","Unfall 99745 (2016) Kat:3, Licht: 2","99745","3","4","6","12","22","5","","2","0","1","1","0"
"POINT (10.033507018000000 53.588015331999998)","Unfall 99747 (2016) Kat:3, Licht: 2","99747","3","3","5","12","19","3","","2","1","1","0","0"
"POINT (9.993132652000000 53.575903679000000)","Unfall 99748 (2016) Kat:3, Licht: 0","99748","3","6","3","12","09","5","","0","1","1","0","0"
"POINT (9.990598589999999 53.554410279999999)","Unfall 99749 (2016) Kat:3, Licht: 2","99749","3","3","5","12","19","6","","2","1","1","0","0"
"POINT (10.021198748000000 53.566540486000001)","Unfall 99750 (2016) Kat:3, Licht: 2","99750","3","7","4","12","19","3","","2","0","1","0","0"
"POINT (9.939751330000000 53.550110732999997)","Unfall 99751 (2016) Kat:3, Licht: 1","99751","3","6","2","12","17","3","","1","0","1","0","0"
"POINT (10.024989440000001 53.627179890999997)","Unfall 99752 (2016) Kat:3, Licht: 0","99752","3","7","1","12","08","6","","0","1","0","0","0"
"POINT (10.080329010000000 53.560903275999998)","Unfall 99753 (2016) Kat:3, Licht: 2","99753","3","3","5","12","18","7","","2","0","1","0","0"
"POINT (10.083431184000000 53.549963536000000)","Unfall 99754 (2016) Kat:3, Licht: 0","99754","3","3","5","12","13","7","","0","0","1","0","0"
"POINT (10.004600566000001 53.657342743999997)","Unfall 99756 (2016) Kat:3, Licht: 2","99756","3","3","5","12","20","2","","2","0","1","0","0"
"POINT (9.987233543000000 53.594395488000004)","Unfall 99757 (2016) Kat:3, Licht: 0","99757","3","3","0","12","08","5","","0","1","0","0","0"
"POINT (9.972301677000001 53.568382374999999)","Unfall 99758 (2016) Kat:3, Licht: 0","99758","3","7","3","12","09","5","","0","0","1","0","1"
"POINT (10.015576606000000 53.591884804999999)","Unfall 99760 (2016) Kat:3, Licht: 2","99760","3","2","4","12","17","4","","2","1","1","0","0"
"POINT (9.883731498000000 53.581133545999997)","Unfall 99761 (2016) Kat:3, Licht: 2","99761","3","2","3","12","18","3","","2","1","1","0","0"
"POINT (9.965456551000001 53.566260118000002)","Unfall 99762 (2016) Kat:3, Licht: 0","99762","3","5","1","12","13","5","","0","1","1","0","0"
"POINT (9.883646594000000 53.601055287000001)","Unfall 99764 (2016) Kat:2, Licht: 1","99764","2","4","6","12","15","7","","1","0","1","1","0"
"POINT (10.088650790999999 53.651095257999998)","Unfall 99766 (2016) Kat:3, Licht: 0","99766","3","7","3","12","11","7","","0","0","1","0","0"
"POINT (10.040890601999999 53.601565892000004)","Unfall 99767 (2016) Kat:3, Licht: 2","99767","3","3","5","12","07","6","","2","0","1","0","0"
"POINT (10.142021501000000 53.628606533999999)","Unfall 99768 (2016) Kat:2, Licht: 2","99768","2","2","6","12","20","7","","2","0","1","1","0"
"POINT (10.097944739000001 53.655735829000001)","Unfall 99769 (2016) Kat:3, Licht: 0","99769","3","6","2","12","11","7","","0","0","1","0","0"
"POINT (10.105060700999999 53.650837826000000)","Unfall 99771 (2016) Kat:3, Licht: 2","99771","3","3","5","12","17","1","","2","0","1","0","0"
"POINT (9.975083873000001 53.556365208000003)","Unfall 99772 (2016) Kat:3, Licht: 2","99772","3","6","2","12","18","6","","2","0","1","0","1"
"POINT (9.887906813000001 53.517901360000003)","Unfall 99773 (2016) Kat:3, Licht: 2","99773","3","6","2","12","05","4","","2","0","1","0","0"
"POINT (10.000387509999999 53.590237412000000)","Unfall 99775 (2016) Kat:3, Licht: 2","99775","3","7","0","12","22","4","","2","1","0","0","0"
"POINT (9.898319486000000 53.557415433000003)","Unfall 99776 (2016) Kat:2, Licht: 0","99776","2","3","5","12","16","3","","0","1","0","0","0"
"POINT (10.067926762999999 53.582487266000001)","Unfall 99777 (2016) Kat:3, Licht: 2","99777","3","4","6","12","19","7","","2","0","1","1","0"
"POINT (10.051535269000000 53.564480473000003)","Unfall 99778 (2016) Kat:3, Licht: 0","99778","3","3","5","12","11","4","","0","0","1","0","0"
"POINT (9.991533544999999 53.558011741000001)","Unfall 99779 (2016) Kat:3, Licht: 2","99779","3","6","2","12","18","5","","2","0","1","0","0"
"POINT (10.084195042999999 53.577072411000003)","Unfall 99781 (2016) Kat:3, Licht: 0","99781","3","2","2","12","14","7","","0","0","1","0","0"
"POINT (9.991759608000001 53.649092635999999)","Unfall 99782 (2016) Kat:2, Licht: 2","99782","2","4","6","12","17","7","","2","0","1","1","0"
"POINT (9.907402106999999 53.617357972999997)","Unfall 99783 (2016) Kat:3, Licht: 1","99783","3","6","2","12","07","4","","1","0","1","0","0"
"POINT (10.185190469000000 53.505965556000000)","Unfall 99784 (2016) Kat:3, Licht: 2","99784","3","3","5","12","16","6","","2","0","1","0","0"
"POINT (10.205843765999999 53.487030109999999)","Unfall 99785 (2016) Kat:2, Licht: 0","99785","2","3","5","12","10","6","","0","1","1","0","0"
"POINT (10.014581067000000 53.590082838999997)","Unfall 99786 (2016) Kat:3, Licht: 0","99786","3","6","3","12","08","6","","0","0","1","0","1"
"POINT (9.985246462999999 53.551889912999997)","Unfall 99787 (2016) Kat:2, Licht: 0","99787","2","7","6","12","08","6","","0","0","1","1","0"
"POINT (9.956546500000000 53.582751715999997)","Unfall 99788 (2016) Kat:2, Licht: 2","99788","2","2","6","12","19","3","","2","0","1","1","0"
"POINT (9.965470029000001 53.566231082000002)","Unfall 99789 (2016) Kat:3, Licht: 2","99789","3","2","6","12","20","3","","2","0","1","1","0"
"POINT (10.099600571000000 53.587636224999997)","Unfall 99790 (2016) Kat:3, Licht: 0","99790","3","2","4","12","07","5","","0","0","1","0","0"
"POINT (10.054830054000000 53.591829382999997)","Unfall 99791 (2016) Kat:3, Licht: 0","99791","3","6","2","12","11","4","","0","0","1","0","0"
"POINT (9.996096724999999 53.592066578999997)","Unfall 99792 (2016) Kat:3, Licht: 2","99792","3","7","7","12","17","6","","2","1","0","0","0"
"POINT (9.992629900000001 53.456249438000000)","Unfall 99793 (2016) Kat:3, Licht: 2","99793","3","4","6","12","16","5","","2","0","1","1","0"
"POINT (10.224507494999999 53.484984257000001)","Unfall 99794 (2016) Kat:3, Licht: 2","99794","3","4","6","12","07","5","","2","1","0","1","0"
"POINT (10.140486624999999 53.648239738999997)","Unfall 99795 (2016) Kat:2, Licht: 0","99795","2","7","9","12","15","4","","0","0","1","0","0"
"POINT (10.011954759000000 53.574659339000000)","Unfall 99796 (2016) Kat:3, Licht: 0","99796","3","6","3","12","11","4","","0","0","1","0","0"
"POINT (10.036937177000000 53.565182026999999)","Unfall 99797 (2016) Kat:3, Licht: 2","99797","3","3","5","12","16","6","","2","1","1","0","0"
"POINT (10.044328169000000 53.579118846000000)","Unfall 99798 (2016) Kat:3, Licht: 0","99798","3","6","4","12","14","7","","0","0","1","0","0"
"POINT (9.846979778000000 53.550019610000000)","Unfall 99799 (2016) Kat:3, Licht: 2","99799","3","6","2","12","18","4","","2","0","1","0","0"
"POINT (10.004906603000000 53.551668773999999)","Unfall 99800 (2016) Kat:3, Licht: 2","99800","3","4","6","12","16","5","","2","1","0","1","0"
"POINT (10.058208234000000 53.569957729000002)","Unfall 99802 (2016) Kat:3, Licht: 2","99802","3","3","5","12","16","7","","2","0","1","0","0"
"POINT (10.045692016000000 53.580236651000000)","Unfall 99803 (2016) Kat:3, Licht: 2","99803","3","4","6","12","17","4","","2","0","0","1","0"
"POINT (9.964634738000001 53.549777618999997)","Unfall 99804 (2016) Kat:3, Licht: 1","99804","3","6","2","12","16","4","","1","0","1","0","0"
"POINT (10.026365468000000 53.569918192999999)","Unfall 99805 (2016) Kat:2, Licht: 1","99805","2","7","6","12","18","6","","1","0","0","1","0"
"POINT (10.017030609000001 53.486107871999998)","Unfall 99806 (2016) Kat:3, Licht: 0","99806","3","1","0","12","10","5","","0","0","0","0","1"
"POINT (10.154625727000001 53.603018906000003)","Unfall 99807 (2016) Kat:3, Licht: 1","99807","3","2","4","12","07","6","","1","1","1","0","0"
"POINT (9.931770351999999 53.552137412000000)","Unfall 99808 (2016) Kat:2, Licht: 0","99808","2","7","6","12","12","6","","0","0","0","1","0"
"POINT (10.112899299000000 53.538103305999996)","Unfall 99809 (2016) Kat:3, Licht: 0","99809","3","3","5","12","07","5","","0","0","1","0","0"
"POINT (9.929473409000000 53.554536075999998)","Unfall 99810 (2016) Kat:3, Licht: 1","99810","3","3","5","12","07","3","","1","1","1","0","0"
"POINT (9.954879122000000 53.548618185999999)","Unfall 99811 (2016) Kat:3, Licht: 0","99811","3","3","5","12","13","3","","0","0","1","0","0"
"POINT (9.904868043000001 53.608840835999999)","Unfall 99812 (2016) Kat:3, Licht: 0","99812","3","6","2","12","10","6","","0","0","1","0","0"
"POINT (9.890058508999999 53.617443051999999)","Unfall 99813 (2016) Kat:3, Licht: 0","99813","3","7","0","12","15","7","","0","0","1","0","1"
"POINT (9.788771370999999 53.570924366000000)","Unfall 99814 (2016) Kat:3, Licht: 2","99814","3","3","5","12","17","4","","2","0","1","0","0"
"POINT (10.143431046000000 53.570289078000002)","Unfall 99815 (2016) Kat:3, Licht: 2","99815","3","3","5","12","07","2","","2","0","0","0","1"
"POINT (10.046586271000001 53.583182487000002)","Unfall 99818 (2016) Kat:3, Licht: 2","99818","3","6","2","12","18","7","","2","0","1","0","0"
"POINT (10.051742564000000 53.609407285000003)","Unfall 99819 (2016) Kat:3, Licht: 0","99819","3","1","8","12","14","2","","0","0","1","0","0"
"POINT (9.950468448000001 53.549276429999999)","Unfall 99820 (2016) Kat:3, Licht: 1","99820","3","6","2","12","16","3","","1","0","1","0","0"
"POINT (10.000991547000000 53.677232103000001)","Unfall 99821 (2016) Kat:3, Licht: 2","99821","3","2","3","12","20","5","","2","0","1","0","0"
"POINT (9.990931340000000 53.560655328000003)","Unfall 99822 (2016) Kat:3, Licht: 2","99822","3","6","4","12","07","3","","2","1","0","0","0"
"POINT (9.770482802000000 53.578040583000003)","Unfall 99823 (2016) Kat:3, Licht: 2","99823","3","2","6","12","19","7","","2","0","0","1","0"
"POINT (9.873601976000000 53.590833517000000)","Unfall 99824 (2016) Kat:3, Licht: 2","99824","3","2","6","12","21","4","","2","0","0","1","0"
"POINT (10.148799123000000 53.585872436000002)","Unfall 99825 (2016) Kat:3, Licht: 0","99825","3","3","5","12","07","2","","0","0","1","0","0"
"POINT (9.875800083000000 53.605106907000000)","Unfall 99827 (2016) Kat:1, Licht: 0","99827","1","3","5","12","10","7","","0","1","1","0","0"
"POINT (9.996658728000000 53.552071896999998)","Unfall 99828 (2016) Kat:2, Licht: 0","99828","2","2","6","12","15","3","","0","0","1","1","0"
"POINT (10.143994061000001 53.577405462000002)","Unfall 99829 (2016) Kat:3, Licht: 0","99829","3","7","5","12","15","3","","0","0","1","0","0"
"POINT (10.202178652000001 53.488977159999997)","Unfall 99830 (2016) Kat:2, Licht: 0","99830","2","6","1","12","09","5","","0","1","1","0","0"
"POINT (10.166081317000000 53.629062640000001)","Unfall 99831 (2016) Kat:3, Licht: 0","99831","3","2","5","12","17","5","","0","1","1","0","0"
"POINT (10.205286643000001 53.487141755000003)","Unfall 99832 (2016) Kat:3, Licht: 2","99832","3","4","6","12","18","5","","2","0","1","1","0"
"POINT (9.952973492000000 53.546364683000000)","Unfall 99834 (2016) Kat:3, Licht: 2","99834","3","2","4","12","16","3","","2","0","1","0","0"
"POINT (9.978273828000001 53.544349588000003)","Unfall 99835 (2016) Kat:3, Licht: 2","99835","3","2","3","12","17","3","","2","1","1","0","0"
"POINT (9.898362538000001 53.557410834000002)","Unfall 99836 (2016) Kat:3, Licht: 2","99836","3","3","5","12","21","6","","2","0","0","0","0"
"POINT (9.810638209000000 53.563297865000003)","Unfall 99837 (2016) Kat:3, Licht: 2","99837","3","1","1","12","03","7","","2","0","1","0","0"
"POINT (10.110486248999999 53.592892149999997)","Unfall 99838 (2016) Kat:3, Licht: 2","99838","3","3","5","12","17","7","","2","0","1","0","0"
"POINT (10.069791006999999 53.552921255000001)","Unfall 99840 (2016) Kat:3, Licht: 2","99840","3","6","3","12","19","1","","2","0","1","0","0"
"POINT (10.002444565999999 53.554527708000002)","Unfall 99841 (2016) Kat:3, Licht: 2","99841","3","3","5","12","06","5","","2","1","1","0","0"
"POINT (9.871667474000001 53.586169884999997)","Unfall 99843 (2016) Kat:2, Licht: 2","99843","2","4","0","12","19","4","","2","0","1","1","0"
"POINT (10.133131814000000 53.575186358000003)","Unfall 99844 (2016) Kat:2, Licht: 2","99844","2","4","6","12","16","2","","2","0","1","1","0"
"POINT (10.124592144999999 53.587105280999999)","Unfall 99845 (2016) Kat:3, Licht: 0","99845","3","6","2","12","15","5","","0","0","1","0","0"
"POINT (10.019955939000001 53.581400313000003)","Unfall 99846 (2016) Kat:2, Licht: 2","99846","2","3","5","12","20","5","","2","0","1","0","0"
"POINT (10.147271094000001 53.586538075999997)","Unfall 99848 (2016) Kat:2, Licht: 2","99848","2","3","6","12","18","2","","2","0","1","1","0"
"POINT (9.957148837000000 53.519243410999998)","Unfall 99849 (2016) Kat:3, Licht: 0","99849","3","1","8","12","14","3","","0","0","0","0","0"
"POINT (9.988914507000001 53.557975937999998)","Unfall 99850 (2016) Kat:2, Licht: 0","99850","2","7","0","12","13","5","","0","0","0","1","0"
"POINT (10.019117002000000 53.623694241000003)","Unfall 99852 (2016) Kat:2, Licht: 0","99852","2","4","6","12","10","7","","0","0","1","1","0"
"POINT (9.917804212000000 53.631526086000001)","Unfall 99854 (2016) Kat:3, Licht: 2","99854","3","4","6","12","17","1","","2","0","1","1","0"
"POINT (10.073759283999999 53.594740201999997)","Unfall 99855 (2016) Kat:3, Licht: 0","99855","3","1","8","12","12","5","","0","0","1","0","0"
"POINT (10.189519044000001 53.492848275000000)","Unfall 99856 (2016) Kat:3, Licht: 0","99856","3","3","6","12","13","4","","0","0","1","1","0"
"POINT (9.984448394999999 53.569836307999999)","Unfall 99858 (2016) Kat:3, Licht: 0","99858","3","2","3","12","13","4","","0","1","1","0","0"
"POINT (10.089313499999999 53.587017342000003)","Unfall 99859 (2016) Kat:2, Licht: 0","99859","2","7","0","12","14","2","","0","1","1","0","0"
"POINT (9.958562068999999 53.612226487999997)","Unfall 99860 (2016) Kat:3, Licht: 2","99860","3","7","3","12","19","7","","2","0","1","0","0"
"POINT (10.026051843999999 53.524165658000001)","Unfall 99861 (2016) Kat:3, Licht: 2","99861","3","7","0","12","22","3","","2","0","0","0","1"
"POINT (9.875594463000001 53.473821964999999)","Unfall 99862 (2016) Kat:2, Licht: 2","99862","2","4","6","12","07","4","","2","0","1","1","0"
"POINT (9.918325590000000 53.553840991000001)","Unfall 99864 (2016) Kat:3, Licht: 2","99864","3","3","5","12","19","7","","2","0","1","0","0"
"POINT (9.955416435000000 53.549547083999997)","Unfall 99865 (2016) Kat:2, Licht: 2","99865","2","4","6","12","20","7","","2","0","1","1","0"
"POINT (9.938774223999999 53.553566601999997)","Unfall 99866 (2016) Kat:3, Licht: 2","99866","3","2","4","12","06","5","","2","0","1","0","0"
"POINT (9.987979929000000 53.591483705000002)","Unfall 99867 (2016) Kat:3, Licht: 0","99867","3","6","1","12","14","4","","0","0","1","0","0"
"POINT (10.185774304000001 53.487963714999999)","Unfall 99868 (2016) Kat:3, Licht: 2","99868","3","1","9","12","00","6","","2","0","1","0","0"
"POINT (9.800879426000000 53.526832859000002)","Unfall 99869 (2016) Kat:3, Licht: 1","99869","3","7","0","12","07","4","","1","0","0","0","1"
"POINT (9.970719071000000 53.557261900000000)","Unfall 99871 (2016) Kat:3, Licht: 2","99871","3","4","6","12","01","7","","2","0","1","1","0"
"POINT (9.932721422000000 53.557361075999999)","Unfall 99872 (2016) Kat:3, Licht: 0","99872","3","6","2","12","10","7","","0","0","1","0","0"
"POINT (10.049466110999999 53.601787555999998)","Unfall 99873 (2016) Kat:3, Licht: 0","99873","3","3","5","12","08","6","","0","0","1","0","0"
"POINT (10.074441305000001 53.611876657000003)","Unfall 99874 (2016) Kat:3, Licht: 1","99874","3","2","6","12","07","5","","1","0","1","1","0"
"POINT (10.126492332000000 53.586733342999999)","Unfall 99875 (2016) Kat:3, Licht: 2","99875","3","5","1","12","20","5","","2","0","1","0","0"
"POINT (10.187509670000001 53.469300148999999)","Unfall 99876 (2016) Kat:3, Licht: 0","99876","3","3","5","12","12","3","","0","1","1","0","0"
"POINT (9.977946987999999 53.642288080000000)","Unfall 99877 (2016) Kat:3, Licht: 2","99877","3","7","6","12","17","6","","2","0","1","1","0"
"POINT (9.958005820000000 53.551654431000003)","Unfall 99878 (2016) Kat:2, Licht: 2","99878","2","4","6","12","00","7","","2","0","1","1","0"
"POINT (10.126380130999999 53.538737044000001)","Unfall 99879 (2016) Kat:3, Licht: 2","99879","3","4","6","12","16","3","","2","0","1","1","0"
"POINT (9.991034633000000 53.446036980000002)","Unfall 99880 (2016) Kat:3, Licht: 2","99880","3","2","5","12","20","4","","2","0","1","0","0"
"POINT (9.947710679000000 53.560854376999998)","Unfall 99882 (2016) Kat:3, Licht: 1","99882","3","2","0","12","16","7","","1","0","0","0","0"
"POINT (10.006386259999999 53.548742494000003)","Unfall 99883 (2016) Kat:3, Licht: 2","99883","3","6","2","12","17","4","","2","0","1","0","0"
"POINT (10.016733678000000 53.556451891000002)","Unfall 99884 (2016) Kat:3, Licht: 2","99884","3","3","5","12","16","4","","2","1","1","0","0"
"POINT (9.942317991000000 53.555451873999999)","Unfall 99885 (2016) Kat:3, Licht: 0","99885","3","2","3","12","11","6","","0","0","1","0","0"
"POINT (10.007462648000001 53.616127319999997)","Unfall 99886 (2016) Kat:3, Licht: 2","99886","3","4","6","12","06","5","","2","0","1","1","0"
"POINT (10.000776886000001 53.555591137000000)","Unfall 99887 (2016) Kat:3, Licht: 2","99887","3","7","4","12","22","6","","2","0","1","0","0"
"POINT (10.017904498000000 53.650408437999999)","Unfall 99888 (2016) Kat:3, Licht: 2","99888","3","3","5","12","17","5","","2","1","0","0","0"
"POINT (10.069779699000000 53.579029392000002)","Unfall 99889 (2016) Kat:3, Licht: 0","99889","3","6","2","12","14","2","","0","0","1","0","0"
"POINT (9.974275284000001 53.459985914999997)","Unfall 99890 (2016) Kat:3, Licht: 0","99890","3","2","6","12","15","2","","0","0","1","1","0"
"POINT (10.091700693000000 53.552266041000003)","Unfall 99891 (2016) Kat:3, Licht: 0","99891","3","5","0","12","15","6","","0","0","1","1","0"
"POINT (9.812234756000001 53.562855616999997)","Unfall 99892 (2016) Kat:2, Licht: 0","99892","2","7","4","12","14","6","","0","0","1","0","0"
"POINT (10.033526849999999 53.586993925999998)","Unfall 99893 (2016) Kat:3, Licht: 2","99893","3","6","2","12","17","5","","2","0","1","0","0"
"POINT (10.005957881000000 53.648579542999997)","Unfall 99894 (2016) Kat:2, Licht: 2","99894","2","4","6","12","17","2","","2","0","1","1","0"
"POINT (10.000674872999999 53.440689221000000)","Unfall 99895 (2016) Kat:3, Licht: 0","99895","3","3","5","12","11","2","","0","0","1","0","0"
"POINT (9.990605413999999 53.560439649999999)","Unfall 99896 (2016) Kat:3, Licht: 2","99896","3","2","3","12","17","6","","2","0","1","0","0"
"POINT (10.039245641000001 53.578355227999999)","Unfall 99897 (2016) Kat:3, Licht: 0","99897","3","6","2","12","11","2","","0","0","1","0","0"
"POINT (9.988533000000000 53.557035511999999)","Unfall 99898 (2016) Kat:3, Licht: 2","99898","3","7","6","12","20","7","","2","0","1","1","0"
"POINT (10.022248304000000 53.548715938000001)","Unfall 99899 (2016) Kat:3, Licht: 0","99899","3","3","5","12","09","3","","0","0","1","0","0"
"POINT (10.066776680000000 53.574680495000003)","Unfall 99900 (2016) Kat:3, Licht: 2","99900","3","4","6","12","18","2","","2","0","1","1","0"
"POINT (9.969586303000000 53.516805955000002)","Unfall 99902 (2016) Kat:3, Licht: 0","99902","3","3","5","12","10","7","","0","0","1","0","0"
"POINT (9.967954990000001 53.458126831999998)","Unfall 99903 (2016) Kat:3, Licht: 2","99903","3","3","4","12","19","2","","2","1","0","0","0"
"POINT (10.076158618999999 53.611852579000001)","Unfall 99904 (2016) Kat:3, Licht: 0","99904","3","7","6","12","13","3","","0","0","1","1","0"
"POINT (10.150118719000000 53.628362938000002)","Unfall 99905 (2016) Kat:3, Licht: 2","99905","3","3","5","12","16","5","","2","0","1","0","0"
"POINT (10.009633400000000 53.578037659000003)","Unfall 99906 (2016) Kat:3, Licht: 0","99906","3","7","6","12","11","5","","0","1","0","1","0"
"POINT (10.037003531000000 53.549280926000002)","Unfall 99907 (2016) Kat:2, Licht: 1","99907","2","2","3","12","17","5","","1","0","1","1","0"
"POINT (9.975769530999999 53.598074785000001)","Unfall 99909 (2016) Kat:3, Licht: 1","99909","3","3","5","12","07","2","","1","1","0","0","0"
"POINT (10.012817039000000 53.463301913999999)","Unfall 99910 (2016) Kat:3, Licht: 0","99910","3","6","2","12","13","2","","0","0","1","0","0"
"POINT (10.078290561999999 53.550296512999999)","Unfall 99911 (2016) Kat:3, Licht: 2","99911","3","4","6","12","06","4","","2","0","1","1","0"
"POINT (9.960975859000000 53.563978349000003)","Unfall 99912 (2016) Kat:3, Licht: 0","99912","3","6","1","12","11","6","","0","0","1","0","0"
"POINT (9.912187713000000 53.513684445000003)","Unfall 99913 (2016) Kat:3, Licht: 2","99913","3","6","3","12","17","6","","2","0","1","0","0"
"POINT (10.079735745000001 53.618592847000002)","Unfall 99914 (2016) Kat:3, Licht: 2","99914","3","7","6","12","21","7","","2","0","0","1","0"
"POINT (10.016330339000000 53.555370250999999)","Unfall 99916 (2016) Kat:3, Licht: 0","99916","3","6","2","12","14","6","","0","0","1","0","0"
"POINT (9.990827765000001 53.459388703999998)","Unfall 99917 (2016) Kat:2, Licht: 0","99917","2","6","1","12","10","6","","0","0","1","0","0"
"POINT (9.859154028000001 53.534791265000003)","Unfall 99920 (2016) Kat:3, Licht: 0","99920","3","3","5","12","11","6","","0","0","1","0","0"