WKT,Name,OBJECTID,UKATEGORIE,UTYP1,UART,UMONAT,USTUNDE,UWOCHENTAG,STRZUSTAND,ULICHTVERH,ISTRAD,ISTPKW,ISTFUSS,ISTKRAD
"POINT (10.075783008000000 53.613717751000003)","Unfall 99921 (2016) Kat:2, Licht: 2","99921","2","4","6","12","19","2","","2","0","0","1","0"
"POINT (9.898486098999999 53.610068376999997)","Unfall 99922 (2016) Kat:2, Licht: 0","99922","2","3","5","12","12","5","","0","1","1","0","0"
"POINT (9.887770062000000 53.601050268000002)","Unfall 99923 (2016) Kat:2, Licht: 2","99923","2","4","6","12","06","5","","2","0","1","1","0"
"POINT (10.056085819000000 53.582878844000000)","Unfall 99925 (2016) Kat:3, Licht: 2","99925","3","4","6","12","16","3","","2","0","1","1","0"
"POINT (9.943192817000000 53.582121534000002)","Unfall 99926 (2016) Kat:3, Licht: 2","99926","3","6","6","12","06","2","","2","0","0","1","0"
"POINT (10.135833783000001 53.571001744999997)","Unfall 99927 (2016) Kat:3, Licht: 2","99927","3","7","3","12","16","4","","2","0","1","0","0"
"POINT (10.044694279000000 53.579454914999999)","Unfall 99929 (2016) Kat:3, Licht: 0","99929","3","3","5","12","13","7","","0","0","1","0","0"
"POINT (9.854430356000000 53.469605115999997)","Unfall 99931 (2016) Kat:3, Licht: 0","99931","3","4","6","12","12","7","","0","0","1","1","0"
"POINT (10.055585002000001 53.606486885999999)","Unfall 99932 (2016) Kat:3, Licht: 2","99932","3","3","5","12","16","6","","2","1","1","0","0"
"POINT (10.035219504000001 53.575174961999998)","Unfall 99933 (2016) Kat:3, Licht: 2","99933","3","7","0","12","18","5","","2","1","1","0","0"
"POINT (10.007867438000000 53.558819730000003)","Unfall 99934 (2016) Kat:2, Licht: 2","99934","2","7","0","12","01","6","","2","1","0","0","0"
"POINT (10.085570834000000 53.586053413999998)","Unfall 99935 (2016) Kat:3, Licht: 2","99935","3","7","0","12","00","4","","2","1","0","0","0"
"POINT (10.105260737000000 53.606646122000001)","Unfall 99936 (2016) Kat:3, Licht: 0","99936","3","5","3","12","12","1","","0","0","1","0","0"
"POINT (9.930096954000000 53.584577078999999)","Unfall 99937 (2016) Kat:3, Licht: 0","99937","3","2","4","12","08","5","","0","1","1","0","0"
"POINT (9.886816553999999 53.523436531999998)","Unfall 99938 (2016) Kat:3, Licht: 2","99938","3","5","3","12","05","4","","2","0","1","0","0"
"POINT (10.085887652000000 53.628418396000001)","Unfall 99940 (2016) Kat:3, Licht: 0","99940","3","7","0","12","12","3","","0","1","0","0","0"
"POINT (9.949143378000001 53.558664356000001)","Unfall 99941 (2016) Kat:3, Licht: 2","99941","3","2","0","12","18","2","","2","0","1","0","0"
"POINT (10.006593076000000 53.634649181000000)","Unfall 99942 (2016) Kat:3, Licht: 0","99942","3","3","5","12","12","3","","0","0","1","0","0"
"POINT (10.097046153999999 53.613806017000002)","Unfall 99943 (2016) Kat:2, Licht: 1","99943","2","2","4","12","07","4","","1","1","1","0","0"
"POINT (9.978959714000000 53.458954599000002)","Unfall 99945 (2016) Kat:3, Licht: 1","99945","3","7","6","12","16","6","","1","0","1","1","0"
"POINT (9.920470078999999 53.589653980000001)","Unfall 99946 (2016) Kat:3, Licht: 2","99946","3","3","5","12","21","4","","2","1","1","0","0"
"POINT (9.993051033000000 53.552944228999998)","Unfall 99947 (2016) Kat:2, Licht: 2","99947","2","4","6","12","22","7","","2","0","1","1","0"
"POINT (9.978172141000000 53.458331491000003)","Unfall 99948 (2016) Kat:3, Licht: 0","99948","3","7","0","12","11","6","","0","0","1","1","0"
"POINT (10.134735136000000 53.670281314999997)","Unfall 99949 (2016) Kat:3, Licht: 1","99949","3","3","5","12","08","6","","1","1","1","0","0"
"POINT (9.908848412999999 53.610362504000001)","Unfall 99950 (2016) Kat:3, Licht: 1","99950","3","6","2","12","07","5","","1","0","1","0","0"
"POINT (10.014119308000000 53.518401390000001)","Unfall 99951 (2016) Kat:3, Licht: 0","99951","3","7","0","12","14","2","","0","1","0","0","0"
"POINT (10.178387493000001 53.590644779999998)","Unfall 99952 (2016) Kat:3, Licht: 0","99952","3","3","5","12","14","5","","0","0","1","0","0"
"POINT (10.038275375000069 53.560165403000042)","Unfall 6028 (2017) Kat:3, Licht: 0","6028","3","6","2","01","09","4","0","0","0","1","0","0"
"POINT (10.098702057000025 53.494603109000082)","Unfall 6074 (2017) Kat:3, Licht: 2","6074","3","6","2","01","19","7","0","2","0","1","0","0"
"POINT (10.063400770000044 53.509314337000035)","Unfall 6082 (2017) Kat:3, Licht: 0","6082","3","6","2","02","09","4","1","0","0","1","0","0"
"POINT (10.019865300000049 53.581400044000077)","Unfall 6092 (2017) Kat:3, Licht: 0","6092","3","4","6","02","10","7","1","0","0","1","1","0"
"POINT (9.928018210000062 53.425911603000031)","Unfall 6099 (2017) Kat:2, Licht: 0","6099","2","1","8","02","14","6","0","0","0","1","0","0"
"POINT (9.963729546000025 53.599994047000052)","Unfall 6105 (2017) Kat:1, Licht: 0","6105","1","7","0","02","09","5","0","0","0","0","0","1"
"POINT (10.032836994000036 53.512702021000052)","Unfall 6143 (2017) Kat:2, Licht: 0","6143","2","6","2","01","15","2","0","0","0","1","0","0"
"POINT (9.913348008000071 53.619530045000033)","Unfall 6147 (2017) Kat:3, Licht: 1","6147","3","6","2","01","16","5","0","1","0","1","0","0"
"POINT (10.031374703000040 53.537979994000068)","Unfall 6150 (2017) Kat:3, Licht: 0","6150","3","6","2","01","07","3","0","0","0","1","0","0"
"POINT (9.871290578000071 53.571131792000074)","Unfall 6155 (2017) Kat:3, Licht: 1","6155","3","6","2","02","17","7","0","1","0","1","0","0"
"POINT (9.897560725000062 53.553069944000072)","Unfall 6164 (2017) Kat:3, Licht: 1","6164","3","6","2","02","17","5","0","1","0","1","0","0"
"POINT (9.983916727000064 53.599353182000073)","Unfall 6208 (2017) Kat:3, Licht: 2","6208","3","6","3","01","17","4","1","2","0","1","0","0"
"POINT (10.026240101000042 53.556774303000054)","Unfall 6212 (2017) Kat:3, Licht: 1","6212","3","6","2","01","17","2","1","1","0","1","0","0"
"POINT (9.937247807000063 53.577395322000029)","Unfall 6216 (2017) Kat:2, Licht: 1","6216","2","2","4","01","16","6","1","1","0","1","0","0"
"POINT (10.031004743000040 53.567080924000038)","Unfall 6246 (2017) Kat:3, Licht: 2","6246","3","6","2","02","18","3","0","2","0","1","0","0"
"POINT (9.968588330000046 53.586090249000051)","Unfall 6250 (2017) Kat:3, Licht: 1","6250","3","3","5","02","05","1","1","1","0","1","0","0"
"POINT (9.956700478000073 53.570979691000048)","Unfall 6255 (2017) Kat:3, Licht: 2","6255","3","6","2","01","06","2","0","2","0","1","0","0"
"POINT (9.932739223000056 53.585919649000061)","Unfall 6263 (2017) Kat:3, Licht: 2","6263","3","3","5","01","17","6","0","2","1","1","0","0"
"POINT (9.889848741000037 53.471892062000052)","Unfall 6271 (2017) Kat:3, Licht: 0","6271","3","6","3","01","13","3","1","0","0","1","0","0"
"POINT (10.024517440000068 53.482454084000040)","Unfall 6278 (2017) Kat:3, Licht: 0","6278","3","6","1","02","14","6","0","0","0","1","0","0"
"POINT (9.955281759000059 53.611818377000077)","Unfall 6283 (2017) Kat:3, Licht: 0","6283","3","6","0","02","07","5","0","0","0","1","0","0"
"POINT (9.959729195000023 53.560159444000078)","Unfall 6314 (2017) Kat:3, Licht: 2","6314","3","2","4","02","18","4","0","2","1","1","0","0"
"POINT (10.034030002000065 53.493937555000059)","Unfall 6321 (2017) Kat:3, Licht: 1","6321","3","6","2","02","07","6","1","1","0","1","0","0"
"POINT (10.078291944000057 53.507281955000053)","Unfall 6328 (2017) Kat:2, Licht: 1","6328","2","6","3","02","06","5","0","1","0","1","0","0"
"POINT (10.132129935000023 53.527855837000061)","Unfall 6336 (2017) Kat:3, Licht: 0","6336","3","6","3","02","07","3","1","0","0","1","0","0"
"POINT (9.996645265000041 53.594218670000032)","Unfall 6375 (2017) Kat:2, Licht: 2","6375","2","7","6","01","17","4","0","2","1","0","1","0"
"POINT (9.966622168000072 53.582295964000082)","Unfall 6379 (2017) Kat:3, Licht: 2","6379","3","5","1","01","17","2","0","2","1","1","0","0"
"POINT (10.129790679000052 53.528332443000068)","Unfall 6382 (2017) Kat:3, Licht: 0","6382","3","6","2","01","08","6","2","0","0","1","0","0"
"POINT (10.025914026000066 53.484544086000028)","Unfall 6387 (2017) Kat:3, Licht: 0","6387","3","1","8","01","15","4","0","0","0","1","0","0"
"POINT (10.017574160000038 53.586526577000029)","Unfall 6415 (2017) Kat:3, Licht: 2","6415","3","2","5","02","19","2","1","2","0","1","0","0"
"POINT (10.024860348000061 53.542821639000067)","Unfall 6419 (2017) Kat:3, Licht: 0","6419","3","3","5","02","15","6","0","0","0","1","0","0"
"POINT (9.969622990000062 53.584051193000050)","Unfall 6424 (2017) Kat:3, Licht: 2","6424","3","2","5","01","21","7","0","2","0","1","0","0"
"POINT (10.024813277000021 53.466543129000058)","Unfall 6429 (2017) Kat:3, Licht: 0","6429","3","6","3","01","15","4","0","0","0","1","0","0"
"POINT (10.030486397000061 53.545216435000043)","Unfall 6446 (2017) Kat:3, Licht: 0","6446","3","6","1","02","15","6","0","0","0","1","0","0"
"POINT (9.933367234000059 53.529522265000082)","Unfall 6453 (2017) Kat:3, Licht: 0","6453","3","6","3","01","15","5","0","0","0","1","0","0"
"POINT (10.156263095000043 53.559008437000045)","Unfall 6458 (2017) Kat:3, Licht: 1","6458","3","6","3","01","07","2","1","1","0","1","0","0"
"POINT (9.929960162000043 53.536090424000065)","Unfall 6466 (2017) Kat:3, Licht: 0","6466","3","6","2","02","13","5","0","0","0","1","0","0"
"POINT (9.908802604000073 53.622824135000030)","Unfall 6472 (2017) Kat:2, Licht: 0","6472","2","2","6","02","15","2","0","0","0","1","1","0"
"POINT (9.924658369000042 53.594926430000044)","Unfall 6477 (2017) Kat:3, Licht: 2","6477","3","6","2","02","19","7","0","2","0","1","0","0"
"POINT (9.857896606000054 53.471539462000067)","Unfall 6517 (2017) Kat:2, Licht: 1","6517","2","7","5","01","07","2","1","1","0","1","0","0"
"POINT (9.981691249000050 53.463757000000044)","Unfall 6520 (2017) Kat:3, Licht: 1","6520","3","6","3","01","17","6","0","1","0","1","0","0"
"POINT (9.958286275000035 53.610180987000035)","Unfall 6524 (2017) Kat:3, Licht: 0","6524","3","4","6","01","13","4","1","0","0","1","1","0"
"POINT (10.022359731000051 53.574246335000055)","Unfall 6528 (2017) Kat:3, Licht: 0","6528","3","4","6","01","10","2","0","0","0","1","1","0"
"POINT (9.908823688000041 53.622913190000077)","Unfall 6531 (2017) Kat:3, Licht: 2","6531","3","2","5","01","05","6","1","2","0","1","0","1"
"POINT (9.935740054000064 53.579171058000043)","Unfall 6555 (2017) Kat:3, Licht: 2","6555","3","4","6","01","18","4","1","2","0","1","1","0"
"POINT (10.028477343000077 53.547809147000066)","Unfall 6559 (2017) Kat:2, Licht: 0","6559","2","2","5","01","11","3","0","0","0","1","0","0"
"POINT (10.026217393000024 53.570972691000065)","Unfall 6564 (2017) Kat:3, Licht: 0","6564","3","5","1","01","11","6","1","0","0","1","0","0"
"POINT (10.088170313000035 53.501095813000063)","Unfall 6589 (2017) Kat:3, Licht: 1","6589","3","1","9","02","19","6","0","1","0","1","0","0"
"POINT (9.964061077000054 53.557286316000045)","Unfall 6593 (2017) Kat:3, Licht: 0","6593","3","6","1","02","09","4","1","0","0","1","0","0"
"POINT (9.901281897000047 53.471011091000037)","Unfall 6601 (2017) Kat:3, Licht: 2","6601","3","2","4","01","05","2","0","2","0","1","0","0"
"POINT (9.978104314000063 53.464811885000074)","Unfall 6608 (2017) Kat:3, Licht: 0","6608","3","6","2","01","14","6","0","0","0","1","0","0"
"POINT (9.947903446000055 53.562472025000034)","Unfall 6615 (2017) Kat:3, Licht: 1","6615","3","6","3","02","07","4","0","1","0","1","0","0"
"POINT (10.022779185000047 53.475970127000039)","Unfall 6621 (2017) Kat:3, Licht: 0","6621","3","6","2","02","14","6","1","0","0","1","0","0"
"POINT (9.923533114000065 53.597984500000052)","Unfall 6664 (2017) Kat:3, Licht: 2","6664","3","6","2","01","17","2","1","2","0","1","0","0"
"POINT (10.032394040000042 53.540422636000073)","Unfall 6668 (2017) Kat:3, Licht: 0","6668","3","3","5","01","11","4","1","0","0","1","0","0"
"POINT (9.934555579000062 53.646857911000041)","Unfall 6671 (2017) Kat:3, Licht: 2","6671","3","6","2","01","16","2","0","2","0","1","0","0"
"POINT (9.932969898000067 53.585459216000061)","Unfall 6673 (2017) Kat:3, Licht: 2","6673","3","6","2","01","18","7","0","2","0","1","0","0"
"POINT (9.943277733000059 53.572717829000055)","Unfall 6713 (2017) Kat:3, Licht: 0","6713","3","6","3","01","13","5","0","0","0","1","0","0"
"POINT (10.239713626000025 53.475822906000076)","Unfall 6716 (2017) Kat:3, Licht: 0","6716","3","1","0","01","08","2","0","0","0","1","0","0"
"POINT (10.027101225000024 53.533239839000032)","Unfall 6720 (2017) Kat:3, Licht: 2","6720","3","1","8","01","18","7","1","2","0","1","0","0"
"POINT (9.925737384000058 53.638022647000071)","Unfall 6724 (2017) Kat:3, Licht: 0","6724","3","6","2","01","08","5","0","0","0","1","0","0"
"POINT (10.210234868000043 53.487518099000056)","Unfall 6753 (2017) Kat:3, Licht: 0","6753","3","6","1","02","13","2","1","0","0","1","0","0"
"POINT (10.160999031000074 53.477265529000078)","Unfall 6757 (2017) Kat:3, Licht: 2","6757","3","6","2","02","06","6","1","2","0","1","0","0"
"POINT (10.148419433000072 53.542983827000057)","Unfall 6762 (2017) Kat:2, Licht: 2","6762","2","1","8","01","18","1","0","2","0","1","0","0"
"POINT (10.000082971000040 53.639477195000040)","Unfall 6768 (2017) Kat:3, Licht: 0","6768","3","6","3","01","09","5","1","0","0","1","0","0"
"POINT (9.922111895000057 53.452638918000048)","Unfall 6773 (2017) Kat:3, Licht: 0","6773","3","6","3","01","16","2","2","0","0","1","0","0"
"POINT (10.183613616000059 53.506181942000069)","Unfall 6812 (2017) Kat:3, Licht: 0","6812","3","6","2","02","11","6","0","0","0","1","0","0"
"POINT (9.983722810000074 53.591736487000048)","Unfall 6815 (2017) Kat:3, Licht: 1","6815","3","6","2","01","07","2","0","1","0","1","0","0"
"POINT (9.984397795000064 53.601109272000031)","Unfall 6820 (2017) Kat:3, Licht: 0","6820","3","6","2","01","14","6","0","0","0","1","0","0"
"POINT (9.822848663000059 53.576436880000074)","Unfall 6828 (2017) Kat:3, Licht: 2","6828","3","2","4","01","17","3","0","2","1","1","0","0"
"POINT (10.184768141000063 53.504108289000044)","Unfall 6835 (2017) Kat:3, Licht: 0","6835","3","7","8","02","07","6","0","0","0","1","0","0"
"POINT (10.025353332000066 53.463219639000044)","Unfall 6842 (2017) Kat:3, Licht: 0","6842","3","6","2","02","16","3","0","0","0","1","0","0"
"POINT (10.025973128000032 53.520554265000044)","Unfall 6847 (2017) Kat:3, Licht: 2","6847","3","6","2","02","06","2","0","2","0","1","0","0"
"POINT (10.026953861000038 53.570349002000057)","Unfall 6887 (2017) Kat:3, Licht: 2","6887","3","2","6","01","20","3","1","2","0","1","1","0"
"POINT (10.139119822000055 53.533291318000067)","Unfall 6891 (2017) Kat:3, Licht: 2","6891","3","1","9","01","18","7","2","2","0","1","0","0"
"POINT (9.999302185000033 53.594525061000070)","Unfall 6894 (2017) Kat:3, Licht: 0","6894","3","6","2","01","07","5","1","0","0","1","0","0"
"POINT (9.954925453000044 53.561314428000060)","Unfall 6897 (2017) Kat:3, Licht: 2","6897","3","6","2","01","20","4","0","2","0","1","0","0"
"POINT (10.033958518000077 53.493853483000066)","Unfall 6929 (2017) Kat:3, Licht: 0","6929","3","6","2","02","13","6","1","0","0","1","0","0"
"POINT (10.004613276000043 53.592012129000068)","Unfall 6933 (2017) Kat:3, Licht: 0","6933","3","3","5","02","11","5","1","0","0","1","0","0"
"POINT (9.853473754000049 53.472560717000079)","Unfall 6939 (2017) Kat:3, Licht: 1","6939","3","6","2","01","08","2","1","1","0","1","0","0"
"POINT (9.898815107000075 53.563387157000079)","Unfall 6952 (2017) Kat:3, Licht: 2","6952","3","6","2","02","21","7","0","2","0","1","0","0"
"POINT (10.132470055000056 53.524967817000061)","Unfall 6955 (2017) Kat:3, Licht: 0","6955","3","6","2","02","15","5","1","0","0","1","0","0"
"POINT (10.183176302000049 53.506431582000062)","Unfall 6959 (2017) Kat:3, Licht: 2","6959","3","6","2","01","19","6","1","2","0","1","0","0"
"POINT (9.898723947000065 53.565346406000060)","Unfall 6965 (2017) Kat:3, Licht: 2","6965","3","3","5","01","19","4","0","2","1","1","0","0"
"POINT (9.918163108000044 53.564146824000034)","Unfall 6972 (2017) Kat:3, Licht: 1","6972","3","6","3","01","08","7","0","1","0","1","0","0"
"POINT (10.126997432000053 53.567196076000073)","Unfall 6978 (2017) Kat:3, Licht: 0","6978","3","6","2","02","08","4","0","0","0","1","0","0"
"POINT (9.934050083000045 53.582215999000027)","Unfall 6983 (2017) Kat:3, Licht: 0","6983","3","7","3","02","15","7","1","0","0","1","0","0"
"POINT (10.135595480000063 53.529663531000040)","Unfall 7025 (2017) Kat:3, Licht: 0","7025","3","6","2","01","11","2","1","0","0","1","0","0"
"POINT (9.986948691000066 53.603465279000034)","Unfall 7028 (2017) Kat:3, Licht: 0","7028","3","3","5","01","15","5","0","0","0","1","0","0"
"POINT (9.864725281000062 53.571591379000040)","Unfall 7030 (2017) Kat:3, Licht: 1","7030","3","6","2","01","17","3","1","1","0","1","0","0"
"POINT (9.923064143000033 53.634615717000031)","Unfall 7059 (2017) Kat:3, Licht: 0","7059","3","6","2","01","09","2","1","0","0","1","0","0"
"POINT (9.908192277000069 53.620429807000050)","Unfall 7062 (2017) Kat:3, Licht: 2","7062","3","2","4","01","18","5","0","2","0","1","0","0"
"POINT (10.011205511000071 53.623618418000035)","Unfall 7090 (2017) Kat:3, Licht: 2","7090","3","1","8","02","20","5","1","2","0","1","0","0"
"POINT (9.987018280000029 53.547651952000081)","Unfall 7094 (2017) Kat:3, Licht: 2","7094","3","6","2","02","19","3","0","2","0","1","0","1"
"POINT (10.124797634000060 53.529138165000063)","Unfall 7099 (2017) Kat:2, Licht: 0","7099","2","1","2","02","08","7","1","0","0","1","0","0"
"POINT (9.969519985000034 53.584036894000064)","Unfall 7103 (2017) Kat:3, Licht: 0","7103","3","2","5","01","14","2","0","0","0","1","0","0"
"POINT (9.933429684000032 53.529714092000063)","Unfall 7108 (2017) Kat:3, Licht: 2","7108","3","6","3","01","19","6","0","2","0","1","0","0"
"POINT (10.134152039000071 53.528458777000026)","Unfall 7112 (2017) Kat:3, Licht: 0","7112","3","6","3","01","12","3","1","0","0","1","0","0"
"POINT (10.009610380000026 53.547781489000045)","Unfall 7158 (2017) Kat:3, Licht: 2","7158","3","6","2","01","17","3","1","2","0","1","0","0"
"POINT (9.951202355000021 53.615713446000029)","Unfall 7204 (2017) Kat:2, Licht: 2","7204","2","4","6","01","18","2","0","2","0","0","1","0"
"POINT (9.964635081000040 53.555032659000062)","Unfall 7207 (2017) Kat:3, Licht: 0","7207","3","6","2","01","13","4","0","0","0","1","0","0"
"POINT (9.983994516000053 53.600694553000039)","Unfall 7211 (2017) Kat:3, Licht: 2","7211","3","6","2","01","23","1","1","2","0","1","0","0"
"POINT (9.983936007000068 53.594388462000040)","Unfall 7213 (2017) Kat:3, Licht: 0","7213","3","2","3","01","15","6","2","0","1","0","0","0"
"POINT (9.911018147000050 53.637372730000038)","Unfall 7247 (2017) Kat:3, Licht: 0","7247","3","6","2","02","12","2","1","0","0","1","0","0"
"POINT (9.898289762000047 53.559433942000055)","Unfall 7250 (2017) Kat:3, Licht: 0","7250","3","6","2","02","14","6","0","0","0","1","0","0"
"POINT (10.023674731000028 53.470572033000053)","Unfall 7254 (2017) Kat:3, Licht: 0","7254","3","6","2","01","10","6","1","0","0","1","0","0"
"POINT (9.831689195000024 53.574950946000058)","Unfall 7257 (2017) Kat:3, Licht: 0","7257","3","6","2","01","15","4","0","0","0","1","0","0"
"POINT (9.930704066000033 53.590093924000030)","Unfall 7273 (2017) Kat:3, Licht: 2","7273","3","7","3","02","19","3","0","2","0","1","0","0"
"POINT (9.860006306000059 53.571987997000065)","Unfall 7311 (2017) Kat:3, Licht: 0","7311","3","6","1","01","14","1","1","0","0","1","0","0"
"POINT (9.944082809000065 53.568769475000067)","Unfall 7316 (2017) Kat:2, Licht: 0","7316","2","3","6","02","07","5","0","0","0","0","1","0"
"POINT (9.931883766000055 53.470888263000063)","Unfall 7362 (2017) Kat:3, Licht: 0","7362","3","7","0","01","12","2","0","0","0","1","0","0"
"POINT (10.206040721000022 53.488243281000052)","Unfall 7364 (2017) Kat:3, Licht: 2","7364","3","3","5","01","22","6","0","2","0","1","0","0"
"POINT (9.997761150000031 53.547586912000043)","Unfall 7400 (2017) Kat:3, Licht: 2","7400","3","6","2","02","18","6","1","2","0","1","0","0"
"POINT (10.222067794000054 53.487694007000073)","Unfall 7421 (2017) Kat:3, Licht: 0","7421","3","3","5","02","13","1","0","0","0","1","0","0"
"POINT (9.941043211000022 53.563594339000076)","Unfall 7434 (2017) Kat:3, Licht: 0","7434","3","6","2","02","07","6","1","0","0","1","0","0"
"POINT (10.024094864000062 53.468595380000068)","Unfall 7438 (2017) Kat:3, Licht: 0","7438","3","6","2","02","14","3","0","0","0","1","0","0"
"POINT (10.013869589000024 53.589706407000051)","Unfall 7447 (2017) Kat:3, Licht: 2","7447","3","6","2","01","06","2","1","2","0","1","0","0"
"POINT (10.026949097000056 53.485077946000047)","Unfall 7452 (2017) Kat:3, Licht: 2","7452","3","7","9","01","18","6","0","2","0","1","0","0"
"POINT (9.924676796000028 53.633399606000069)","Unfall 7503 (2017) Kat:3, Licht: 2","7503","3","6","3","01","20","2","1","2","0","1","0","0"
"POINT (10.041087136000044 53.552601203000052)","Unfall 7575 (2017) Kat:2, Licht: 2","7575","2","2","6","02","19","2","1","2","0","1","1","0"
"POINT (9.964609394000036 53.555131681000034)","Unfall 7581 (2017) Kat:3, Licht: 2","7581","3","7","0","01","00","1","0","2","1","0","1","0"
"POINT (9.932526953000036 53.646362157000056)","Unfall 7597 (2017) Kat:3, Licht: 1","7597","3","6","2","02","07","6","0","1","0","1","0","0"
"POINT (10.039232571000070 53.505284432000053)","Unfall 7604 (2017) Kat:2, Licht: 0","7604","2","6","2","02","16","3","0","0","0","1","0","0"
"POINT (9.942034256000056 53.563470910000035)","Unfall 7660 (2017) Kat:3, Licht: 2","7660","3","6","2","01","18","5","0","2","0","1","0","0"
"POINT (9.958287018000021 53.647625219000076)","Unfall 7689 (2017) Kat:3, Licht: 2","7689","3","7","4","01","17","3","1","2","0","1","0","0"
"POINT (9.901213891000054 53.471019970000043)","Unfall 7691 (2017) Kat:2, Licht: 2","7691","2","2","5","01","05","6","0","2","0","1","0","0"
"POINT (9.930515994000075 53.590573758000062)","Unfall 7745 (2017) Kat:3, Licht: 1","7745","3","2","2","02","17","5","0","1","0","1","0","0"
"POINT (9.920278634000056 53.604326677000074)","Unfall 7752 (2017) Kat:3, Licht: 0","7752","3","6","3","02","15","2","0","0","0","1","0","0"
"POINT (10.013384556000062 53.589910898000028)","Unfall 7759 (2017) Kat:3, Licht: 0","7759","3","2","4","02","14","7","0","0","0","1","0","0"
"POINT (10.031751305000057 53.566469565000034)","Unfall 7847 (2017) Kat:3, Licht: 0","7847","3","3","5","01","09","2","1","0","1","1","0","0"
"POINT (10.048268088000043 53.552229301000068)","Unfall 7867 (2017) Kat:3, Licht: 2","7867","3","6","2","01","16","6","1","2","0","1","0","0"
"POINT (9.946547155000076 53.619163243000060)","Unfall 7904 (2017) Kat:3, Licht: 0","7904","3","2","4","01","12","7","0","0","0","1","0","1"
"POINT (9.983935990000077 53.594410428000060)","Unfall 7911 (2017) Kat:3, Licht: 2","7911","3","3","5","02","21","4","0","2","1","1","0","0"
"POINT (10.039266634000057 53.503708719000031)","Unfall 7920 (2017) Kat:3, Licht: 2","7920","3","6","2","02","06","6","0","2","0","1","0","0"
"POINT (10.032319986000061 53.540355882000028)","Unfall 7927 (2017) Kat:3, Licht: 0","7927","3","6","3","02","12","6","0","0","0","1","0","0"
"POINT (9.978463369000053 53.549314392000042)","Unfall 7935 (2017) Kat:3, Licht: 0","7935","3","6","2","02","08","4","0","0","0","1","0","0"
"POINT (9.925792037000065 53.594244605000029)","Unfall 7945 (2017) Kat:3, Licht: 0","7945","3","6","2","02","15","5","0","0","0","1","0","0"
"POINT (10.025875806000045 53.551497766000068)","Unfall 7971 (2017) Kat:3, Licht: 0","7971","3","6","2","02","10","6","0","0","0","1","0","0"
"POINT (10.039631268000051 53.557425601000034)","Unfall 7980 (2017) Kat:3, Licht: 0","7980","3","3","5","02","17","4","0","0","1","1","0","0"
"POINT (9.885555203000024 53.472095320000051)","Unfall 8030 (2017) Kat:3, Licht: 0","8030","3","6","2","01","13","7","1","0","0","1","0","0"
"POINT (9.948380076000035 53.649583912000082)","Unfall 8035 (2017) Kat:2, Licht: 2","8035","2","3","5","01","21","5","0","2","0","1","0","0"
"POINT (9.998402792000036 53.460021902000051)","Unfall 8065 (2017) Kat:2, Licht: 1","8065","2","6","2","02","17","2","1","1","0","1","0","0"
"POINT (10.227908800000023 53.488051318000032)","Unfall 8107 (2017) Kat:3, Licht: 0","8107","3","4","6","02","13","6","0","0","0","1","1","0"
"POINT (9.842473637000069 53.472557116000075)","Unfall 8114 (2017) Kat:2, Licht: 0","8114","2","3","5","02","16","4","0","0","0","1","0","0"
"POINT (9.983922876000065 53.598069423000027)","Unfall 8122 (2017) Kat:3, Licht: 0","8122","3","2","2","02","14","3","0","0","0","1","0","0"
"POINT (9.900577355000053 53.471112634000065)","Unfall 8167 (2017) Kat:3, Licht: 0","8167","3","6","2","01","10","7","2","0","0","1","0","0"
"POINT (9.996925424000040 53.547525663000044)","Unfall 8171 (2017) Kat:3, Licht: 0","8171","3","2","4","01","15","6","1","0","0","1","0","0"
"POINT (9.797312788000056 53.580255405000059)","Unfall 8175 (2017) Kat:3, Licht: 0","8175","3","6","3","01","10","4","0","0","0","1","0","0"
"POINT (10.125964202000034 53.521871332000046)","Unfall 8180 (2017) Kat:3, Licht: 2","8180","3","6","2","01","19","6","1","2","0","1","0","0"
"POINT (9.936120153000047 53.578734655000062)","Unfall 8193 (2017) Kat:3, Licht: 2","8193","3","6","3","09","19","3","0","2","0","1","0","0"
"POINT (9.967395449000037 53.583237487000076)","Unfall 8194 (2017) Kat:3, Licht: 2","8194","3","6","3","09","19","3","1","2","0","1","0","1"
"POINT (9.969683711000073 53.584178991000044)","Unfall 8195 (2017) Kat:3, Licht: 0","8195","3","2","3","09","18","2","0","0","1","1","0","0"
"POINT (9.986781225000073 53.603313988000082)","Unfall 8196 (2017) Kat:3, Licht: 0","8196","3","3","5","09","17","2","1","0","1","1","0","0"
"POINT (9.881348593000041 53.472095159000048)","Unfall 8197 (2017) Kat:3, Licht: 0","8197","3","4","6","09","15","1","1","0","0","1","1","0"
"POINT (9.898595870000065 53.565371046000053)","Unfall 8198 (2017) Kat:3, Licht: 0","8198","3","3","5","09","12","1","0","0","0","1","0","1"
"POINT (9.897120953000069 53.554251909000072)","Unfall 8199 (2017) Kat:3, Licht: 2","8199","3","6","2","09","05","1","0","2","0","1","0","0"
"POINT (9.944093557000031 53.563173350000056)","Unfall 8200 (2017) Kat:3, Licht: 2","8200","3","7","1","09","20","1","0","2","1","1","0","0"
"POINT (10.006331924000051 53.547875221000027)","Unfall 8201 (2017) Kat:3, Licht: 0","8201","3","1","0","06","16","7","0","0","0","0","0","1"
"POINT (10.024425256000029 53.482741557000054)","Unfall 8202 (2017) Kat:3, Licht: 0","8202","3","6","2","09","13","7","0","0","0","1","0","0"
"POINT (9.914088327000059 53.482038560000035)","Unfall 8203 (2017) Kat:3, Licht: 0","8203","3","6","2","06","08","6","0","0","0","1","0","0"
"POINT (10.033468320000054 53.540860170000030)","Unfall 8204 (2017) Kat:3, Licht: 0","8204","3","6","0","09","17","7","0","0","0","1","0","1"
"POINT (10.134474898000065 53.526848436000080)","Unfall 8205 (2017) Kat:3, Licht: 0","8205","3","6","2","06","17","6","1","0","0","1","0","0"
"POINT (9.920634803000041 53.592670532000056)","Unfall 8206 (2017) Kat:3, Licht: 0","8206","3","6","2","06","16","6","1","0","0","1","0","0"