WKT,Name,OBJECTID,UKATEGORIE,UTYP1,UART,UMONAT,USTUNDE,UWOCHENTAG,STRZUSTAND,ULICHTVERH,ISTRAD,ISTPKW,ISTFUSS,ISTKRAD
"POINT (9.942653718000031 53.648840415000052)","Unfall 8207 (2017) Kat:3, Licht: 0","8207","3","6","2","06","16","6","1","0","0","1","0","0"
"POINT (10.059310001000028 53.550913253000033)","Unfall 8208 (2017) Kat:3, Licht: 2","8208","3","6","2","09","23","7","0","2","0","1","0","0"
"POINT (9.948062123000057 53.649500465000074)","Unfall 8209 (2017) Kat:3, Licht: 0","8209","3","6","2","06","13","6","0","0","0","1","0","0"
"POINT (9.956124786000032 53.570400997000036)","Unfall 8210 (2017) Kat:3, Licht: 0","8210","3","6","2","06","14","6","0","0","0","1","0","0"
"POINT (9.987054134000061 53.547646446000044)","Unfall 8211 (2017) Kat:3, Licht: 0","8211","3","6","2","06","07","6","0","0","0","1","0","0"
"POINT (10.023388723000039 53.528426315000047)","Unfall 8213 (2017) Kat:3, Licht: 2","8213","3","6","2","06","22","5","0","2","0","1","0","0"
"POINT (10.049180628000045 53.552119448000042)","Unfall 8215 (2017) Kat:3, Licht: 1","8215","3","2","2","06","21","5","0","1","0","1","0","0"
"POINT (10.057512271000064 53.551120972000035)","Unfall 8218 (2017) Kat:3, Licht: 0","8218","3","2","4","06","13","5","1","0","0","1","0","0"
"POINT (9.802319012000055 53.579507476000060)","Unfall 8219 (2017) Kat:2, Licht: 0","8219","2","3","5","06","11","5","0","0","0","1","0","0"
"POINT (9.914029306000032 53.482532954000078)","Unfall 8220 (2017) Kat:3, Licht: 0","8220","3","6","3","06","08","4","0","0","0","1","0","0"
"POINT (9.937266560000069 53.471016526000028)","Unfall 8222 (2017) Kat:3, Licht: 0","8222","3","3","5","06","12","4","1","0","0","1","0","0"
"POINT (10.126947745000052 53.567193377000081)","Unfall 8223 (2017) Kat:3, Licht: 0","8223","3","6","2","06","15","4","1","0","0","1","0","0"
"POINT (10.006504497000037 53.617475759000058)","Unfall 8225 (2017) Kat:3, Licht: 0","8225","3","6","1","06","10","4","0","0","0","1","0","0"
"POINT (9.879852029000062 53.568939696000029)","Unfall 8227 (2017) Kat:3, Licht: 0","8227","3","3","6","06","18","4","1","0","0","1","1","0"
"POINT (10.080118732000074 53.508276266000053)","Unfall 8228 (2017) Kat:3, Licht: 2","8228","3","1","8","12","07","1","1","2","0","1","0","0"
"POINT (9.920454081000059 53.450859418000050)","Unfall 8229 (2017) Kat:3, Licht: 0","8229","3","6","2","06","16","3","1","0","0","1","0","0"
"POINT (9.961727964000033 53.559235651000051)","Unfall 8230 (2017) Kat:3, Licht: 2","8230","3","2","5","12","16","1","1","2","1","1","0","0"
"POINT (9.922068164000052 53.439168548000055)","Unfall 8231 (2017) Kat:3, Licht: 0","8231","3","6","2","06","15","3","0","0","0","1","0","0"
"POINT (9.862322616000029 53.471435413000052)","Unfall 8232 (2017) Kat:3, Licht: 0","8232","3","6","2","12","13","7","1","0","0","1","0","0"
"POINT (9.964102658000059 53.557016162000082)","Unfall 8233 (2017) Kat:3, Licht: 0","8233","3","3","5","09","17","7","0","0","1","0","0","1"
"POINT (10.030645389000028 53.545407621000038)","Unfall 8234 (2017) Kat:3, Licht: 0","8234","3","4","6","06","16","3","1","0","0","1","1","0"
"POINT (10.112834748000068 53.534062231000064)","Unfall 8235 (2017) Kat:2, Licht: 2","8235","2","7","0","12","20","7","1","2","0","1","0","1"
"POINT (10.019101480000074 53.583543912000039)","Unfall 8236 (2017) Kat:3, Licht: 0","8236","3","2","2","12","14","7","1","0","0","1","0","0"
"POINT (9.920237586000042 53.470582127000057)","Unfall 8237 (2017) Kat:3, Licht: 0","8237","3","3","5","09","16","5","0","0","0","1","0","0"
"POINT (10.040698816000031 53.552901434000034)","Unfall 8238 (2017) Kat:3, Licht: 0","8238","3","6","1","06","09","3","0","0","0","1","0","1"
"POINT (9.955449038000040 53.570532296000067)","Unfall 8239 (2017) Kat:3, Licht: 0","8239","3","6","2","12","14","7","1","0","0","1","0","0"
"POINT (10.212738759000047 53.486608746000059)","Unfall 8240 (2017) Kat:3, Licht: 2","8240","3","7","5","09","21","5","0","2","0","1","0","0"
"POINT (9.934761091000041 53.580330857000035)","Unfall 8241 (2017) Kat:3, Licht: 2","8241","3","6","3","12","22","6","1","2","0","1","0","0"
"POINT (9.931410185000061 53.588584463000075)","Unfall 8242 (2017) Kat:3, Licht: 0","8242","3","3","5","09","17","5","0","0","0","1","0","0"
"POINT (9.853565418000073 53.572145746000047)","Unfall 8243 (2017) Kat:3, Licht: 0","8243","3","6","2","09","13","5","0","0","0","1","0","0"
"POINT (9.923204585000065 53.563833003000070)","Unfall 8244 (2017) Kat:3, Licht: 0","8244","3","2","6","12","13","6","0","0","0","1","1","0"
"POINT (9.927909965000026 53.523478454000042)","Unfall 8245 (2017) Kat:3, Licht: 0","8245","3","6","2","09","16","5","0","0","0","1","0","0"
"POINT (9.903221893000023 53.470913530000075)","Unfall 8246 (2017) Kat:3, Licht: 0","8246","3","6","3","09","08","4","0","0","0","1","0","0"
"POINT (9.854918378000036 53.472370007000052)","Unfall 8247 (2017) Kat:2, Licht: 0","8247","2","2","5","09","09","4","0","0","0","1","0","0"
"POINT (9.998776702000043 53.594482620000065)","Unfall 8248 (2017) Kat:3, Licht: 1","8248","3","6","2","09","19","4","0","1","0","1","0","0"
"POINT (9.987014471000066 53.547652537000033)","Unfall 8249 (2017) Kat:3, Licht: 0","8249","3","6","2","12","13","6","0","0","0","1","0","0"
"POINT (9.932992628000022 53.585413846000051)","Unfall 8250 (2017) Kat:3, Licht: 0","8250","3","2","3","09","16","3","0","0","1","1","0","0"
"POINT (10.028889059000051 53.547646816000054)","Unfall 8251 (2017) Kat:3, Licht: 2","8251","3","6","2","12","18","4","1","2","0","1","0","0"
"POINT (9.869929484000068 53.471708426000077)","Unfall 8252 (2017) Kat:3, Licht: 0","8252","3","6","2","09","12","2","0","0","0","1","0","0"
"POINT (10.032934058000023 53.565479628000048)","Unfall 8253 (2017) Kat:3, Licht: 1","8253","3","7","0","12","16","4","1","1","1","0","1","0"
"POINT (10.198538505000045 53.492776213000070)","Unfall 8254 (2017) Kat:3, Licht: 0","8254","3","6","4","09","17","2","0","0","1","0","0","0"
"POINT (10.034527072000060 53.564147290000051)","Unfall 8255 (2017) Kat:3, Licht: 2","8255","3","2","3","12","22","3","1","2","1","1","0","0"
"POINT (10.024818149000055 53.572207729000070)","Unfall 8256 (2017) Kat:3, Licht: 0","8256","3","6","1","06","16","3","1","0","0","1","0","0"
"POINT (9.974125146000063 53.451435331000027)","Unfall 8257 (2017) Kat:3, Licht: 2","8257","3","6","2","12","18","7","1","2","0","1","0","0"
"POINT (9.957219049000059 53.610866862000080)","Unfall 8258 (2017) Kat:3, Licht: 0","8258","3","2","5","12","08","6","0","0","1","1","0","0"
"POINT (9.970035271000029 53.550696596000080)","Unfall 8259 (2017) Kat:3, Licht: 0","8259","3","2","2","12","11","6","1","0","0","1","0","0"
"POINT (9.931442733000040 53.429225811000038)","Unfall 8260 (2017) Kat:3, Licht: 0","8260","3","6","2","12","11","5","0","0","0","1","0","0"
"POINT (9.909773303000065 53.627331828000081)","Unfall 8261 (2017) Kat:3, Licht: 0","8261","3","2","4","09","09","2","0","0","1","0","0","0"
"POINT (9.821451539000066 53.576643597000043)","Unfall 8262 (2017) Kat:3, Licht: 0","8262","3","3","0","12","14","5","1","0","1","1","0","0"
"POINT (9.945617686000048 53.471050303000027)","Unfall 8263 (2017) Kat:3, Licht: 0","8263","3","2","4","09","16","1","1","0","0","1","0","0"
"POINT (9.931095372000073 53.629276377000053)","Unfall 8264 (2017) Kat:2, Licht: 2","8264","2","3","5","12","21","5","0","2","0","1","0","0"
"POINT (9.927961974000027 53.425580691000050)","Unfall 8265 (2017) Kat:3, Licht: 0","8265","3","6","2","09","16","1","1","0","0","1","0","0"
"POINT (9.986358439000071 53.547753893000049)","Unfall 8266 (2017) Kat:2, Licht: 0","8266","2","6","6","12","15","5","0","0","1","0","1","0"
"POINT (10.016251943000043 53.545654863000038)","Unfall 8267 (2017) Kat:3, Licht: 0","8267","3","6","2","09","10","1","0","0","0","1","0","0"
"POINT (9.898125496000034 53.560826415000065)","Unfall 8268 (2017) Kat:3, Licht: 0","8268","3","6","2","09","14","1","1","0","0","1","0","0"
"POINT (9.923305740000046 53.563827671000070)","Unfall 8269 (2017) Kat:3, Licht: 0","8269","3","6","3","09","13","1","0","0","0","1","0","0"
"POINT (9.947281559000032 53.562601745000052)","Unfall 8270 (2017) Kat:3, Licht: 0","8270","3","6","3","09","15","1","1","0","0","1","0","0"
"POINT (10.034284417000038 53.494236770000043)","Unfall 8271 (2017) Kat:3, Licht: 0","8271","3","6","2","09","09","7","0","0","0","1","0","0"
"POINT (9.956106487000056 53.570387047000054)","Unfall 8272 (2017) Kat:3, Licht: 0","8272","3","7","0","09","09","7","0","0","1","0","0","0"
"POINT (9.979438204000076 53.464422796000065)","Unfall 8273 (2017) Kat:3, Licht: 0","8273","3","7","0","09","17","6","0","0","1","0","0","0"
"POINT (9.898219597000036 53.559126701000082)","Unfall 8274 (2017) Kat:3, Licht: 0","8274","3","6","3","09","08","6","0","0","0","1","0","0"
"POINT (9.983837601000062 53.592140978000032)","Unfall 8275 (2017) Kat:2, Licht: 0","8275","2","4","6","09","07","6","1","0","0","0","1","0"
"POINT (10.036548480000022 53.562096482000072)","Unfall 8276 (2017) Kat:2, Licht: 0","8276","2","3","6","09","17","5","0","0","1","0","1","0"
"POINT (10.005255977000047 53.547715314000072)","Unfall 8277 (2017) Kat:3, Licht: 0","8277","3","6","2","06","18","3","0","0","0","1","0","0"
"POINT (9.931397680000032 53.588609439000038)","Unfall 8278 (2017) Kat:3, Licht: 0","8278","3","3","5","09","09","5","0","0","0","1","0","0"
"POINT (9.823669330000030 53.470669394000026)","Unfall 8279 (2017) Kat:3, Licht: 0","8279","3","6","2","06","19","7","0","0","0","1","0","0"
"POINT (9.909435423000048 53.565738468000063)","Unfall 8280 (2017) Kat:3, Licht: 0","8280","3","6","3","09","14","5","0","0","0","1","0","0"
"POINT (10.033820488000060 53.493689764000067)","Unfall 8281 (2017) Kat:3, Licht: 0","8281","3","6","2","06","14","7","1","0","0","1","0","0"
"POINT (10.026515511000071 53.551476592000029)","Unfall 8282 (2017) Kat:3, Licht: 0","8282","3","2","3","06","12","7","1","0","0","1","0","0"
"POINT (9.946030480000047 53.619690242000047)","Unfall 8283 (2017) Kat:3, Licht: 0","8283","3","6","2","09","14","5","0","0","0","1","0","0"
"POINT (9.931831086000045 53.628751614000066)","Unfall 8284 (2017) Kat:3, Licht: 0","8284","3","3","5","09","08","5","0","0","1","1","0","0"
"POINT (9.928492176000077 53.523510791000035)","Unfall 8285 (2017) Kat:3, Licht: 0","8285","3","6","2","06","15","7","0","0","0","1","0","0"
"POINT (9.992868217000023 53.592753765000054)","Unfall 8286 (2017) Kat:3, Licht: 0","8286","3","6","9","06","12","7","1","0","0","1","0","0"
"POINT (9.950623799000027 53.572481954000068)","Unfall 8287 (2017) Kat:3, Licht: 0","8287","3","4","0","09","09","5","0","0","1","0","1","0"
"POINT (9.877885939000066 53.471972666000056)","Unfall 8288 (2017) Kat:3, Licht: 0","8288","3","3","5","06","12","6","0","0","1","1","0","0"
"POINT (9.810705675000065 53.467870492000031)","Unfall 8289 (2017) Kat:3, Licht: 0","8289","3","6","2","09","19","4","1","0","0","1","0","0"
"POINT (10.029354149000028 53.449636098000042)","Unfall 8290 (2017) Kat:3, Licht: 0","8290","3","6","2","06","10","6","0","0","0","1","0","0"
"POINT (10.209496980000040 53.476084570000069)","Unfall 8291 (2017) Kat:2, Licht: 0","8291","2","6","3","06","13","6","0","0","0","1","0","0"
"POINT (10.066557332000059 53.509027321000076)","Unfall 8292 (2017) Kat:3, Licht: 0","8292","3","6","3","06","09","6","0","0","0","1","0","0"
"POINT (10.131254552000030 53.527983775000052)","Unfall 8293 (2017) Kat:3, Licht: 0","8293","3","6","2","06","19","6","0","0","0","1","0","0"
"POINT (10.031096394000031 53.544439743000055)","Unfall 8294 (2017) Kat:3, Licht: 0","8294","3","3","3","06","07","6","0","0","1","1","0","0"
"POINT (10.023570549000056 53.522966504000067)","Unfall 8295 (2017) Kat:3, Licht: 2","8295","3","6","2","12","17","4","1","2","0","1","0","0"
"POINT (9.930169633000048 53.536519142000031)","Unfall 8296 (2017) Kat:3, Licht: 0","8296","3","6","2","06","13","6","0","0","0","1","0","0"
"POINT (9.938665021000077 53.575735423000026)","Unfall 8297 (2017) Kat:3, Licht: 0","8297","3","2","4","06","09","6","0","0","1","1","0","0"
"POINT (10.156724128000064 53.478655394000043)","Unfall 8298 (2017) Kat:3, Licht: 2","8298","3","6","2","12","07","4","1","2","0","1","0","0"
"POINT (9.959357487000034 53.560280496000075)","Unfall 8299 (2017) Kat:3, Licht: 0","8299","3","6","4","06","14","6","0","0","1","0","0","0"
"POINT (10.047043486000064 53.552376698000046)","Unfall 8300 (2017) Kat:3, Licht: 0","8300","3","6","2","12","13","4","1","0","0","1","0","0"
"POINT (10.035564466000039 53.496081187000073)","Unfall 8301 (2017) Kat:3, Licht: 0","8301","3","6","3","06","08","5","0","0","0","1","0","0"
"POINT (9.913473354000075 53.619688317000055)","Unfall 8302 (2017) Kat:3, Licht: 2","8302","3","6","2","12","17","4","1","2","0","1","0","0"
"POINT (10.033193279000045 53.541536356000051)","Unfall 8303 (2017) Kat:3, Licht: 0","8303","3","6","1","06","14","5","0","0","0","1","0","0"
"POINT (9.907528617000025 53.617867695000029)","Unfall 8304 (2017) Kat:3, Licht: 0","8304","3","2","5","12","15","4","1","0","0","1","0","0"
"POINT (9.938265747000060 53.625327897000034)","Unfall 8305 (2017) Kat:3, Licht: 0","8305","3","3","6","06","12","5","0","0","1","0","1","0"
"POINT (9.966487891000043 53.582135289000064)","Unfall 8306 (2017) Kat:3, Licht: 0","8306","3","2","3","12","13","4","1","0","1","1","0","0"
"POINT (10.221312876000070 53.487645519000068)","Unfall 8307 (2017) Kat:3, Licht: 0","8307","3","2","4","05","07","4","0","0","1","1","0","0"
"POINT (9.911911236000037 53.506770360000075)","Unfall 8308 (2017) Kat:3, Licht: 2","8308","3","6","3","12","06","3","1","2","0","1","0","0"
"POINT (10.215837744000055 53.486201656000048)","Unfall 8309 (2017) Kat:3, Licht: 0","8309","3","2","5","12","17","3","0","0","1","1","0","0"
"POINT (9.896921083000052 53.622397238000076)","Unfall 8310 (2017) Kat:3, Licht: 0","8310","3","6","3","09","13","4","1","0","0","1","0","0"
"POINT (10.227287574000059 53.481037283000035)","Unfall 8311 (2017) Kat:3, Licht: 0","8311","3","2","3","05","07","4","0","0","1","0","0","0"
"POINT (10.079471275000060 53.508516232000034)","Unfall 8312 (2017) Kat:3, Licht: 2","8312","3","1","8","09","20","3","1","2","0","1","0","0"
"POINT (10.039466739000034 53.557845257000054)","Unfall 8313 (2017) Kat:3, Licht: 0","8313","3","2","4","12","13","3","0","0","1","1","0","0"
"POINT (9.974929242000030 53.549498924000034)","Unfall 8314 (2017) Kat:3, Licht: 0","8314","3","6","2","09","16","3","0","0","0","1","0","0"
"POINT (10.201810084000044 53.474617744000057)","Unfall 8315 (2017) Kat:3, Licht: 2","8315","3","6","3","09","05","2","0","2","0","1","0","0"
"POINT (10.025986459000023 53.551349903000073)","Unfall 8316 (2017) Kat:3, Licht: 2","8316","3","3","5","12","22","3","1","2","0","1","0","0"
"POINT (10.030678871000021 53.545365157000049)","Unfall 8317 (2017) Kat:3, Licht: 0","8317","3","2","4","09","12","2","0","0","0","1","0","0"
"POINT (9.984769807000021 53.601607276000038)","Unfall 8318 (2017) Kat:3, Licht: 0","8318","3","6","2","09","11","2","0","0","0","1","0","0"
"POINT (10.064755995000041 53.550223817000074)","Unfall 8319 (2017) Kat:3, Licht: 0","8319","3","7","0","09","13","1","0","0","0","0","0","0"
"POINT (9.907527053000024 53.617861682000068)","Unfall 8320 (2017) Kat:3, Licht: 0","8320","3","2","4","09","15","1","0","0","0","1","0","0"
"POINT (9.901237293000065 53.471016915000064)","Unfall 8321 (2017) Kat:2, Licht: 2","8321","2","2","5","09","22","7","0","2","0","1","0","0"
"POINT (10.026566713000022 53.551375288000031)","Unfall 8322 (2017) Kat:3, Licht: 0","8322","3","3","5","12","08","3","1","0","1","1","0","0"
"POINT (9.933204125000032 53.434170175000077)","Unfall 8323 (2017) Kat:3, Licht: 0","8323","3","7","4","09","16","7","1","0","0","1","0","0"
"POINT (10.045396912000058 53.552547093000044)","Unfall 8324 (2017) Kat:3, Licht: 0","8324","3","6","2","05","16","4","0","0","0","1","0","0"
"POINT (10.030956183000058 53.537512597000045)","Unfall 8325 (2017) Kat:3, Licht: 0","8325","3","6","1","05","09","4","0","0","0","1","0","0"
"POINT (10.050786767000034 53.551926114000082)","Unfall 8326 (2017) Kat:3, Licht: 0","8326","3","3","3","12","11","3","1","0","1","1","1","0"
"POINT (10.002101744000072 53.592614199000081)","Unfall 8327 (2017) Kat:3, Licht: 0","8327","3","2","5","05","20","4","0","0","0","1","0","1"
"POINT (9.924974641000063 53.466740720000075)","Unfall 8328 (2017) Kat:3, Licht: 0","8328","3","4","6","05","15","3","0","0","0","1","1","0"
"POINT (10.026235754000027 53.542533442000035)","Unfall 8329 (2017) Kat:3, Licht: 2","8329","3","2","4","12","18","3","1","2","1","1","0","0"
"POINT (9.913614587000041 53.490648307000072)","Unfall 8330 (2017) Kat:3, Licht: 0","8330","3","6","2","05","08","3","0","0","0","1","0","0"
"POINT (9.908194758000036 53.620439873000066)","Unfall 8331 (2017) Kat:3, Licht: 0","8331","3","2","5","05","19","3","0","0","0","1","0","0"
"POINT (10.007846775000075 53.618309586000066)","Unfall 8332 (2017) Kat:3, Licht: 2","8332","3","6","2","12","06","3","1","2","0","1","0","0"
"POINT (9.961770075000061 53.604082021000067)","Unfall 8333 (2017) Kat:3, Licht: 0","8333","3","2","3","05","17","3","0","0","0","1","0","0"
"POINT (10.004838550000045 53.591961742000080)","Unfall 8334 (2017) Kat:3, Licht: 0","8334","3","6","2","05","17","2","0","0","0","1","0","1"
"POINT (9.950212168000064 53.617715166000039)","Unfall 8335 (2017) Kat:3, Licht: 1","8335","3","6","3","12","07","3","1","1","0","1","0","0"
"POINT (9.926133302000039 53.563674581000043)","Unfall 8336 (2017) Kat:3, Licht: 0","8336","3","6","0","05","09","2","0","0","0","1","0","0"
"POINT (9.962758616000031 53.601415786000075)","Unfall 8337 (2017) Kat:3, Licht: 0","8337","3","7","5","12","11","3","0","0","0","1","0","0"
"POINT (9.945346927000060 53.563060262000079)","Unfall 8338 (2017) Kat:3, Licht: 2","8338","3","2","5","12","07","3","1","2","1","0","0","0"
"POINT (9.849595101000034 53.572660631000076)","Unfall 8339 (2017) Kat:3, Licht: 0","8339","3","3","5","09","11","7","1","0","1","1","0","0"
"POINT (9.914838179000071 53.564813149000031)","Unfall 8340 (2017) Kat:3, Licht: 0","8340","3","2","3","05","08","2","0","0","1","1","0","0"
"POINT (9.945379716000048 53.471064969000054)","Unfall 8341 (2017) Kat:3, Licht: 2","8341","3","4","6","12","17","2","0","2","0","1","1","0"
"POINT (9.947621309000056 53.618553266000049)","Unfall 8342 (2017) Kat:3, Licht: 0","8342","3","7","3","09","17","7","1","0","0","1","0","1"
"POINT (10.225318336000043 53.487891703000059)","Unfall 8343 (2017) Kat:3, Licht: 2","8343","3","2","5","12","16","2","0","2","1","1","0","0"
"POINT (9.983927582000035 53.595773482000027)","Unfall 8344 (2017) Kat:3, Licht: 0","8344","3","2","4","09","15","7","1","0","0","1","0","0"
"POINT (9.984272776000069 53.548210253000036)","Unfall 8345 (2017) Kat:3, Licht: 2","8345","3","7","0","09","02","7","1","2","0","0","0","1"
"POINT (10.202628167000057 53.491043725000054)","Unfall 8346 (2017) Kat:3, Licht: 1","8346","3","2","3","12","16","2","0","1","0","1","0","0"
"POINT (9.977593139000021 53.549349719000077)","Unfall 8347 (2017) Kat:3, Licht: 0","8347","3","7","0","09","14","7","1","0","0","0","0","1"
"POINT (10.171653716000037 53.512105196000050)","Unfall 8348 (2017) Kat:3, Licht: 0","8348","3","6","2","09","10","6","1","0","0","1","0","0"
"POINT (10.119576252000059 53.566421261000073)","Unfall 8349 (2017) Kat:3, Licht: 0","8349","3","6","2","09","14","6","1","0","0","1","0","0"
"POINT (9.998268388000042 53.594440433000045)","Unfall 8350 (2017) Kat:3, Licht: 0","8350","3","4","6","09","17","6","1","0","0","1","1","0"
"POINT (10.027209867000067 53.570139309000069)","Unfall 8351 (2017) Kat:3, Licht: 0","8351","3","6","1","09","14","6","1","0","0","1","0","0"
"POINT (9.930162999000061 53.525304885000082)","Unfall 8352 (2017) Kat:3, Licht: 0","8352","3","6","3","09","06","6","1","0","0","1","0","0"
"POINT (10.011092703000031 53.623848029000044)","Unfall 8353 (2017) Kat:2, Licht: 0","8353","2","3","5","09","09","5","0","0","1","1","0","0"
"POINT (9.966784957000073 53.582487966000031)","Unfall 8354 (2017) Kat:2, Licht: 0","8354","2","4","5","09","15","5","0","0","1","0","1","0"
"POINT (9.965202116000057 53.581087748000073)","Unfall 8355 (2017) Kat:3, Licht: 0","8355","3","3","6","09","17","5","0","0","1","0","1","0"
"POINT (9.954244063000033 53.612362110000049)","Unfall 8356 (2017) Kat:3, Licht: 0","8356","3","3","0","09","07","4","1","0","1","1","0","0"
"POINT (9.985483250000073 53.547928154000033)","Unfall 8357 (2017) Kat:3, Licht: 0","8357","3","6","2","09","12","4","1","0","0","1","0","0"
"POINT (9.917944546000058 53.608876729000031)","Unfall 8358 (2017) Kat:3, Licht: 0","8358","3","6","2","05","13","1","0","0","0","1","0","0"
"POINT (9.872348232000036 53.471804895000048)","Unfall 8359 (2017) Kat:3, Licht: 2","8359","3","6","2","09","05","3","0","2","0","1","0","0"
"POINT (10.007669612000029 53.547968257000036)","Unfall 8360 (2017) Kat:3, Licht: 0","8360","3","6","1","09","07","3","0","0","0","1","0","0"
"POINT (9.857901036000044 53.471538378000048)","Unfall 8361 (2017) Kat:3, Licht: 0","8361","3","6","2","05","20","7","0","0","0","1","0","0"
"POINT (9.922120051000036 53.594052488000045)","Unfall 8362 (2017) Kat:3, Licht: 0","8362","3","6","2","09","07","3","0","0","0","1","0","0"
"POINT (9.959490986000049 53.574782345000074)","Unfall 8363 (2017) Kat:3, Licht: 0","8363","3","2","3","09","18","3","0","0","1","1","0","0"
"POINT (9.854688262000025 53.472425579000060)","Unfall 8364 (2017) Kat:3, Licht: 0","8364","3","2","3","05","12","7","0","0","1","1","0","0"
"POINT (10.027976828000021 53.569520333000071)","Unfall 8365 (2017) Kat:3, Licht: 0","8365","3","2","0","09","06","2","0","0","0","1","0","1"
"POINT (9.842484360000071 53.472558174000028)","Unfall 8366 (2017) Kat:3, Licht: 0","8366","3","2","3","05","12","6","0","0","1","0","0","0"
"POINT (9.916436581000028 53.611643733000051)","Unfall 8367 (2017) Kat:3, Licht: 0","8367","3","6","3","09","15","2","0","0","0","1","0","0"
"POINT (9.935563607000063 53.579368767000062)","Unfall 8368 (2017) Kat:3, Licht: 0","8368","3","6","2","05","13","6","0","0","0","1","0","0"
"POINT (9.991912166000077 53.592746450000050)","Unfall 8369 (2017) Kat:3, Licht: 0","8369","3","6","2","12","14","2","0","0","0","1","0","0"
"POINT (9.987801195000031 53.547524711000051)","Unfall 8370 (2017) Kat:2, Licht: 0","8370","2","6","3","05","09","6","0","0","0","0","0","1"
"POINT (10.035569115000044 53.495727333000048)","Unfall 8371 (2017) Kat:2, Licht: 0","8371","2","6","2","05","09","5","0","0","0","1","0","1"
"POINT (9.929413170000032 53.536952968000037)","Unfall 8372 (2017) Kat:2, Licht: 0","8372","2","6","0","05","19","5","0","0","0","1","0","1"
"POINT (10.045845968000037 53.552505217000032)","Unfall 8373 (2017) Kat:3, Licht: 2","8373","3","2","2","12","21","1","0","2","0","1","0","0"
"POINT (9.983978114000024 53.600669872000026)","Unfall 8374 (2017) Kat:3, Licht: 0","8374","3","6","2","05","11","5","0","0","0","1","0","0"
"POINT (9.969169727000065 53.583982334000041)","Unfall 8375 (2017) Kat:3, Licht: 0","8375","3","6","2","05","11","5","0","0","0","1","0","0"
"POINT (10.052042453000070 53.551774951000027)","Unfall 8376 (2017) Kat:3, Licht: 0","8376","3","6","1","12","14","1","0","0","0","1","0","0"
"POINT (9.970963226000038 53.550296635000052)","Unfall 8377 (2017) Kat:3, Licht: 0","8377","3","6","1","05","17","5","0","0","1","0","0","0"
"POINT (9.972662838000076 53.645413499000028)","Unfall 8378 (2017) Kat:3, Licht: 0","8378","3","2","4","12","11","1","0","0","1","1","0","0"
"POINT (9.953441546000022 53.470613532000073)","Unfall 8379 (2017) Kat:3, Licht: 1","8379","3","2","4","05","20","4","0","1","0","1","0","0"
"POINT (9.968599774000040 53.586057807000032)","Unfall 8380 (2017) Kat:3, Licht: 2","8380","3","1","0","12","21","1","2","2","0","0","0","1"
"POINT (9.897861691000060 53.553272272000072)","Unfall 8381 (2017) Kat:3, Licht: 0","8381","3","6","2","05","16","4","0","0","0","1","0","1"
"POINT (9.854932770000062 53.472366151000074)","Unfall 8382 (2017) Kat:2, Licht: 2","8382","2","2","4","12","21","6","0","2","0","1","0","1"
"POINT (9.878111280000042 53.569616040000028)","Unfall 8383 (2017) Kat:3, Licht: 0","8383","3","6","2","05","13","4","0","0","0","1","0","0"
"POINT (10.203980068000021 53.488709643000050)","Unfall 8384 (2017) Kat:2, Licht: 1","8384","2","6","6","12","07","6","0","1","1","0","1","0"
"POINT (9.848926061000043 53.472736265000037)","Unfall 8385 (2017) Kat:3, Licht: 0","8385","3","6","2","05","15","3","1","0","0","0","0","0"
"POINT (10.029766420000044 53.445184506000032)","Unfall 8386 (2017) Kat:3, Licht: 0","8386","3","1","9","05","15","3","1","0","0","1","0","0"
"POINT (9.818962153000030 53.577024399000038)","Unfall 8387 (2017) Kat:3, Licht: 0","8387","3","2","4","09","17","1","0","0","0","1","0","0"
"POINT (9.995870749000062 53.593926218000036)","Unfall 8388 (2017) Kat:3, Licht: 0","8388","3","6","2","05","16","3","0","0","0","1","0","0"
"POINT (10.020423590000064 53.543950468000048)","Unfall 8389 (2017) Kat:3, Licht: 0","8389","3","1","0","05","16","2","0","0","0","0","0","1"
"POINT (9.974077424000029 53.586391989000049)","Unfall 8390 (2017) Kat:3, Licht: 0","8390","3","2","5","05","08","2","0","0","1","0","0","0"
"POINT (9.916354236000075 53.611762383000041)","Unfall 8391 (2017) Kat:3, Licht: 2","8391","3","6","3","12","17","6","2","2","0","1","0","0"
"POINT (9.901282970000068 53.471010951000039)","Unfall 8392 (2017) Kat:3, Licht: 0","8392","3","2","8","05","13","1","0","0","0","1","0","0"
"POINT (9.893699749000064 53.566584353000053)","Unfall 8393 (2017) Kat:3, Licht: 0","8393","3","7","6","12","07","6","0","0","1","0","1","0"
"POINT (9.932241842000053 53.586917472000039)","Unfall 8394 (2017) Kat:3, Licht: 2","8394","3","3","5","12","19","5","1","2","1","1","0","0"
"POINT (10.216185634000055 53.486047017000033)","Unfall 8395 (2017) Kat:3, Licht: 0","8395","3","1","8","05","05","1","0","0","0","1","0","0"
"POINT (10.150841796000066 53.552658627000028)","Unfall 8396 (2017) Kat:3, Licht: 0","8396","3","6","2","05","13","1","0","0","0","1","0","0"
"POINT (9.849562149000064 53.572665005000033)","Unfall 8397 (2017) Kat:3, Licht: 0","8397","3","6","2","12","12","5","1","0","0","1","0","0"
"POINT (10.103525925000042 53.564843947000043)","Unfall 8398 (2017) Kat:3, Licht: 0","8398","3","6","2","05","11","1","0","0","0","1","0","0"
"POINT (9.963254271000039 53.600508651000041)","Unfall 8399 (2017) Kat:3, Licht: 2","8399","3","6","3","05","22","1","0","2","0","1","0","0"
"POINT (9.943282854000074 53.572409069000059)","Unfall 8400 (2017) Kat:3, Licht: 2","8400","3","3","5","12","16","5","1","2","0","1","0","0"
"POINT (9.837344762000043 53.573782579000067)","Unfall 8401 (2017) Kat:3, Licht: 0","8401","3","2","3","05","11","7","0","0","1","1","0","0"
"POINT (9.923692366000068 53.563807291000046)","Unfall 8402 (2017) Kat:3, Licht: 0","8402","3","6","3","05","10","7","0","0","0","1","0","0"
"POINT (9.996933172000070 53.547526232000052)","Unfall 8403 (2017) Kat:3, Licht: 2","8403","3","2","4","12","01","5","1","2","0","1","0","0"