WKT,Name,OBJECTID,UKATEGORIE,UTYP1,UART,UMONAT,USTUNDE,UWOCHENTAG,STRZUSTAND,ULICHTVERH,ISTRAD,ISTPKW,ISTFUSS,ISTKRAD
"POINT (9.961430267000026 53.605013222000082)","Unfall 8404 (2017) Kat:3, Licht: 0","8404","3","6","2","05","19","7","0","0","0","1","0","0"
"POINT (9.945562319000032 53.471053715000039)","Unfall 8405 (2017) Kat:2, Licht: 2","8405","2","2","4","12","17","4","1","2","0","1","0","1"
"POINT (9.961448748000066 53.604967045000080)","Unfall 8406 (2017) Kat:3, Licht: 0","8406","3","6","2","05","10","7","0","0","0","1","0","0"
"POINT (10.002670153000054 53.592477168000073)","Unfall 8407 (2017) Kat:3, Licht: 2","8407","3","6","2","12","19","4","1","2","0","1","0","0"
"POINT (9.998843813000065 53.594488210000065)","Unfall 8408 (2017) Kat:3, Licht: 1","8408","3","2","3","12","07","4","1","1","1","1","0","0"
"POINT (9.948270901000058 53.618352474000062)","Unfall 8409 (2017) Kat:2, Licht: 0","8409","2","7","5","09","18","7","0","0","0","1","0","1"
"POINT (9.964043525000022 53.557392532000051)","Unfall 8410 (2017) Kat:3, Licht: 0","8410","3","6","3","05","17","7","0","0","0","1","0","1"
"POINT (9.753533714000071 53.583399401000065)","Unfall 8411 (2017) Kat:3, Licht: 2","8411","3","3","5","12","21","4","1","2","0","1","0","0"
"POINT (9.944153906000054 53.649005093000028)","Unfall 8412 (2017) Kat:3, Licht: 0","8412","3","3","5","09","13","7","0","0","0","1","0","0"
"POINT (9.973263633000045 53.549757971000076)","Unfall 8413 (2017) Kat:1, Licht: 2","8413","1","4","6","05","03","7","1","2","0","1","1","0"
"POINT (9.923020862000044 53.563842688000079)","Unfall 8414 (2017) Kat:3, Licht: 2","8414","3","2","2","12","17","4","1","2","0","1","0","0"
"POINT (10.196055919000059 53.493894412000031)","Unfall 8415 (2017) Kat:3, Licht: 0","8415","3","7","3","09","06","6","0","0","0","1","0","0"
"POINT (10.026179233000050 53.554568888000063)","Unfall 8416 (2017) Kat:3, Licht: 0","8416","3","6","2","09","15","6","0","0","0","1","0","0"
"POINT (9.983935314000064 53.592480513000055)","Unfall 8417 (2017) Kat:2, Licht: 0","8417","2","7","4","12","13","4","1","0","0","0","0","1"
"POINT (9.914145912000038 53.620414084000060)","Unfall 8418 (2017) Kat:3, Licht: 0","8418","3","3","5","09","11","6","0","0","0","1","0","0"
"POINT (10.000567287000024 53.547635748000062)","Unfall 8419 (2017) Kat:3, Licht: 0","8419","3","6","4","09","17","6","0","0","1","0","0","0"
"POINT (9.971035012000073 53.550265096000032)","Unfall 8420 (2017) Kat:3, Licht: 0","8420","3","6","3","09","13","6","0","0","0","1","0","0"
"POINT (9.846570167000039 53.472820726000066)","Unfall 8421 (2017) Kat:3, Licht: 0","8421","3","3","5","08","14","5","0","0","1","1","0","0"
"POINT (9.975686908000057 53.465568261000044)","Unfall 8422 (2017) Kat:3, Licht: 1","8422","3","3","5","08","06","5","0","1","0","1","0","0"
"POINT (9.847946148000062 53.572842785000034)","Unfall 8423 (2017) Kat:3, Licht: 2","8423","3","2","4","08","05","5","1","2","1","0","0","0"
"POINT (9.977521644000035 53.549351983000065)","Unfall 8424 (2017) Kat:3, Licht: 2","8424","3","3","6","12","16","4","1","2","0","1","1","0"
"POINT (9.911791048000055 53.565569133000054)","Unfall 8425 (2017) Kat:3, Licht: 0","8425","3","2","5","08","13","5","0","0","0","0","0","0"
"POINT (10.025588210000024 53.463444928000058)","Unfall 8426 (2017) Kat:3, Licht: 0","8426","3","6","2","12","08","3","1","0","0","1","0","0"
"POINT (10.024495614000045 53.466202046000035)","Unfall 8427 (2017) Kat:3, Licht: 0","8427","3","6","2","08","07","4","0","0","0","1","0","0"
"POINT (9.983803304000048 53.592020542000057)","Unfall 8428 (2017) Kat:3, Licht: 0","8428","3","3","5","08","06","4","0","0","1","1","0","0"
"POINT (10.070714656000064 53.508512013000029)","Unfall 8429 (2017) Kat:2, Licht: 0","8429","2","6","3","08","15","3","0","0","0","1","0","0"
"POINT (9.952566072000025 53.571498473000077)","Unfall 8430 (2017) Kat:3, Licht: 0","8430","3","7","0","08","14","3","0","0","0","1","0","0"
"POINT (9.882524630000034 53.472129414000051)","Unfall 8431 (2017) Kat:3, Licht: 0","8431","3","6","2","08","16","2","0","0","0","1","0","0"
"POINT (10.215613165000036 53.486132305000069)","Unfall 8432 (2017) Kat:3, Licht: 0","8432","3","3","6","08","15","2","0","0","1","0","1","0"
"POINT (9.846547040000075 53.472819532000074)","Unfall 8433 (2017) Kat:3, Licht: 0","8433","3","3","5","05","17","6","0","0","1","1","0","0"
"POINT (10.025754047000021 53.552765447000070)","Unfall 8434 (2017) Kat:2, Licht: 0","8434","2","4","6","08","17","2","0","0","0","0","1","0"
"POINT (9.922577779000051 53.594591420000029)","Unfall 8435 (2017) Kat:3, Licht: 0","8435","3","3","5","08","12","2","0","0","0","1","0","0"
"POINT (9.855265763000034 53.572008871000037)","Unfall 8436 (2017) Kat:2, Licht: 2","8436","2","2","3","08","20","2","0","2","1","1","0","0"
"POINT (9.911796161000041 53.565567837000060)","Unfall 8437 (2017) Kat:3, Licht: 2","8437","3","6","2","05","22","6","1","2","0","1","0","0"
"POINT (9.961889589000066 53.559144112000070)","Unfall 8438 (2017) Kat:3, Licht: 0","8438","3","6","2","08","07","2","0","0","0","1","0","0"
"POINT (10.022724694000033 53.543307137000056)","Unfall 8439 (2017) Kat:3, Licht: 0","8439","3","6","1","05","07","5","0","0","0","1","0","0"
"POINT (9.847729575000074 53.472785509000062)","Unfall 8440 (2017) Kat:3, Licht: 0","8440","3","7","0","08","16","7","0","0","1","1","0","0"
"POINT (9.952799575000029 53.561778489000062)","Unfall 8441 (2017) Kat:3, Licht: 2","8441","3","3","5","05","20","5","0","2","1","0","0","0"
"POINT (9.923064143000033 53.634615717000031)","Unfall 8442 (2017) Kat:3, Licht: 0","8442","3","3","5","08","12","7","0","0","0","1","0","0"
"POINT (9.941738208000061 53.563522451000040)","Unfall 8443 (2017) Kat:3, Licht: 0","8443","3","3","5","08","10","7","0","0","1","1","0","0"
"POINT (9.987639949000027 53.547552273000065)","Unfall 8444 (2017) Kat:3, Licht: 0","8444","3","6","2","08","10","7","0","0","0","1","0","0"
"POINT (9.878646767000021 53.471989321000081)","Unfall 8445 (2017) Kat:3, Licht: 0","8445","3","5","0","05","06","4","0","0","1","0","0","0"
"POINT (10.045053220000057 53.509826389000068)","Unfall 8446 (2017) Kat:3, Licht: 0","8446","3","6","3","08","12","6","0","0","0","1","0","0"
"POINT (9.934906273000024 53.436582394000027)","Unfall 8447 (2017) Kat:2, Licht: 0","8447","2","3","5","05","18","4","0","0","0","1","0","1"
"POINT (9.918619408000041 53.564084705000027)","Unfall 8448 (2017) Kat:3, Licht: 0","8448","3","6","2","08","16","6","0","0","0","1","0","0"
"POINT (10.025788162000026 53.553069648000076)","Unfall 8449 (2017) Kat:3, Licht: 0","8449","3","6","3","08","06","5","0","0","0","1","0","0"
"POINT (9.986048599000071 53.591892218000055)","Unfall 8450 (2017) Kat:3, Licht: 0","8450","3","6","2","05","08","4","0","0","0","1","0","0"
"POINT (9.966524858000071 53.468468520000044)","Unfall 8451 (2017) Kat:3, Licht: 0","8451","3","2","5","05","16","3","1","0","0","1","0","0"
"POINT (9.977763083000070 53.549344338000026)","Unfall 8452 (2017) Kat:3, Licht: 0","8452","3","2","5","08","12","5","0","0","0","1","0","0"
"POINT (9.961545174000037 53.469710952000071)","Unfall 8453 (2017) Kat:3, Licht: 0","8453","3","3","5","05","11","3","1","0","0","1","0","0"
"POINT (9.820878454000024 53.576734198000054)","Unfall 8454 (2017) Kat:3, Licht: 0","8454","3","6","3","05","16","3","1","0","0","1","0","0"
"POINT (9.998407105000069 53.480014122000057)","Unfall 8455 (2017) Kat:2, Licht: 0","8455","2","1","9","08","12","4","0","0","0","0","0","1"
"POINT (9.930370889000074 53.646139916000038)","Unfall 8456 (2017) Kat:3, Licht: 1","8456","3","6","3","05","05","3","1","1","0","1","0","0"
"POINT (9.949280940000051 53.573193608000054)","Unfall 8457 (2017) Kat:3, Licht: 0","8457","3","6","2","05","11","3","1","0","0","1","0","0"
"POINT (10.079870299000049 53.508392872000059)","Unfall 8458 (2017) Kat:3, Licht: 0","8458","3","7","8","05","05","2","0","0","0","0","0","0"
"POINT (10.131225096000037 53.527990413000055)","Unfall 8459 (2017) Kat:2, Licht: 0","8459","2","6","2","05","15","2","0","0","0","1","0","0"
"POINT (9.960086996000030 53.560020267000027)","Unfall 8460 (2017) Kat:3, Licht: 2","8460","3","6","3","12","17","3","1","2","0","1","0","0"
"POINT (9.920562014000041 53.603921060000062)","Unfall 8461 (2017) Kat:3, Licht: 0","8461","3","6","2","05","17","2","0","0","0","1","0","0"
"POINT (9.881336043000033 53.568709726000066)","Unfall 8462 (2017) Kat:3, Licht: 0","8462","3","6","3","05","12","2","0","0","0","1","0","0"
"POINT (10.025040257000057 53.572016531000031)","Unfall 8463 (2017) Kat:3, Licht: 2","8463","3","6","2","12","16","2","1","2","0","1","0","0"
"POINT (10.167028861000063 53.514439507000077)","Unfall 8464 (2017) Kat:3, Licht: 0","8464","3","6","2","05","19","1","0","0","0","1","0","0"
"POINT (9.984196927000028 53.548227005000058)","Unfall 8465 (2017) Kat:3, Licht: 2","8465","3","6","2","05","01","7","1","2","0","1","0","0"
"POINT (9.955244953000033 53.570576499000026)","Unfall 8466 (2017) Kat:3, Licht: 0","8466","3","7","5","12","14","2","1","0","1","1","0","0"
"POINT (10.035287154000059 53.495402795000075)","Unfall 8467 (2017) Kat:2, Licht: 0","8467","2","6","3","05","16","6","0","0","0","1","0","0"
"POINT (9.963896800000043 53.599856975000080)","Unfall 8468 (2017) Kat:3, Licht: 2","8468","3","6","3","12","16","2","1","2","1","0","0","0"
"POINT (9.856303881000031 53.571929066000052)","Unfall 8469 (2017) Kat:3, Licht: 0","8469","3","6","3","05","13","6","1","0","1","0","0","0"
"POINT (9.964612687000056 53.555118987000071)","Unfall 8470 (2017) Kat:3, Licht: 0","8470","3","3","5","12","13","2","1","0","1","1","0","0"
"POINT (9.909616926000069 53.641608442000063)","Unfall 8471 (2017) Kat:3, Licht: 0","8471","3","3","5","05","13","6","0","0","0","1","0","0"
"POINT (9.865023725000071 53.471520416000033)","Unfall 8472 (2017) Kat:3, Licht: 2","8472","3","6","4","12","23","1","2","2","0","1","0","0"
"POINT (9.923171352000054 53.595939142000077)","Unfall 8473 (2017) Kat:3, Licht: 2","8473","3","6","3","12","21","1","1","2","0","1","0","0"
"POINT (10.029647563000026 53.546289702000081)","Unfall 8474 (2017) Kat:3, Licht: 0","8474","3","6","2","05","15","5","0","0","0","1","0","0"
"POINT (9.922294919000024 53.593680758000062)","Unfall 8475 (2017) Kat:3, Licht: 0","8475","3","3","5","12","10","7","1","0","0","1","0","0"
"POINT (9.912631252000040 53.565355746000080)","Unfall 8476 (2017) Kat:3, Licht: 0","8476","3","6","2","08","18","4","0","0","0","1","0","0"
"POINT (10.058639339000024 53.550993241000072)","Unfall 8477 (2017) Kat:3, Licht: 0","8477","3","6","2","05","13","5","0","0","0","1","0","0"
"POINT (9.915586568000038 53.581450905000054)","Unfall 8478 (2017) Kat:3, Licht: 1","8478","3","6","3","08","20","4","0","1","0","1","0","0"
"POINT (9.961332692000042 53.605257015000063)","Unfall 8479 (2017) Kat:3, Licht: 0","8479","3","2","3","12","12","7","1","0","0","1","0","0"
"POINT (9.909274456000048 53.625065226000061)","Unfall 8480 (2017) Kat:3, Licht: 0","8480","3","2","4","08","07","4","0","0","0","1","0","1"
"POINT (9.983936291000077 53.594020942000043)","Unfall 8481 (2017) Kat:3, Licht: 0","8481","3","6","3","08","13","4","0","0","1","0","0","0"
"POINT (9.944136091000075 53.563167259000068)","Unfall 8482 (2017) Kat:2, Licht: 2","8482","2","5","1","08","04","4","0","2","0","1","0","1"
"POINT (9.965459077000048 53.553485588000058)","Unfall 8483 (2017) Kat:2, Licht: 0","8483","2","6","3","08","14","4","0","0","0","1","0","1"
"POINT (10.006637345000058 53.547951503000036)","Unfall 8484 (2017) Kat:2, Licht: 0","8484","2","7","0","08","17","4","0","0","0","0","0","1"
"POINT (9.876103096000065 53.570366273000047)","Unfall 8485 (2017) Kat:3, Licht: 0","8485","3","2","3","08","08","3","0","0","1","1","0","0"
"POINT (10.184382533000075 53.505399769000064)","Unfall 8486 (2017) Kat:3, Licht: 0","8486","3","6","2","12","15","6","1","0","0","1","0","0"
"POINT (10.055508925000026 53.509496801000068)","Unfall 8487 (2017) Kat:3, Licht: 0","8487","3","6","2","08","18","2","0","0","0","1","0","0"
"POINT (10.100365595000028 53.539353792000043)","Unfall 8488 (2017) Kat:3, Licht: 0","8488","3","6","2","12","15","6","1","0","0","1","0","0"
"POINT (9.932712635000030 53.585972716000072)","Unfall 8489 (2017) Kat:3, Licht: 0","8489","3","2","3","12","09","6","1","0","1","0","0","0"
"POINT (9.865219689000071 53.571650080000040)","Unfall 8490 (2017) Kat:3, Licht: 2","8490","3","2","4","12","18","6","0","2","0","1","0","0"
"POINT (9.911474408000061 53.565653031000068)","Unfall 8491 (2017) Kat:3, Licht: 0","8491","3","4","6","12","13","6","1","0","0","1","1","0"
"POINT (9.916861579000056 53.542280619000053)","Unfall 8492 (2017) Kat:3, Licht: 0","8492","3","6","2","12","13","6","1","0","0","1","0","0"
"POINT (10.124662086000058 53.566313800000046)","Unfall 8493 (2017) Kat:3, Licht: 0","8493","3","7","8","08","18","2","0","0","0","0","0","1"
"POINT (10.026346947000036 53.531948157000045)","Unfall 8494 (2017) Kat:3, Licht: 2","8494","3","6","3","08","01","1","0","2","0","1","0","0"
"POINT (10.023000373000059 53.573687261000032)","Unfall 8495 (2017) Kat:3, Licht: 0","8495","3","2","4","08","17","1","1","0","1","1","0","0"
"POINT (9.908194758000036 53.620439873000066)","Unfall 8496 (2017) Kat:3, Licht: 0","8496","3","2","4","08","13","1","0","0","0","1","0","0"
"POINT (9.901288180000051 53.471010271000068)","Unfall 8497 (2017) Kat:3, Licht: 2","8497","3","2","4","08","01","7","1","2","0","1","0","0"
"POINT (10.025283134000063 53.542732466000075)","Unfall 8498 (2017) Kat:3, Licht: 1","8498","3","1","0","08","21","7","1","1","0","0","0","1"
"POINT (9.930569295000055 53.648668655000051)","Unfall 8499 (2017) Kat:3, Licht: 0","8499","3","6","2","08","13","7","1","0","0","1","0","0"
"POINT (9.964546137000070 53.599273163000078)","Unfall 8500 (2017) Kat:3, Licht: 0","8500","3","2","3","12","11","6","1","0","0","1","0","0"
"POINT (9.929200861000027 53.537059510000063)","Unfall 8501 (2017) Kat:3, Licht: 0","8501","3","6","2","08","13","6","0","0","0","1","0","0"
"POINT (9.992042520000041 53.547243085000048)","Unfall 8502 (2017) Kat:3, Licht: 0","8502","3","6","2","08","10","6","0","0","0","1","0","0"
"POINT (10.032497784000043 53.539385438000068)","Unfall 8503 (2017) Kat:3, Licht: 0","8503","3","6","2","08","18","5","1","0","0","1","0","0"
"POINT (9.963501319000045 53.579233827000053)","Unfall 8504 (2017) Kat:3, Licht: 0","8504","3","2","3","08","17","5","1","0","1","1","0","0"
"POINT (10.052546093000046 53.551714320000031)","Unfall 8505 (2017) Kat:3, Licht: 0","8505","3","6","1","08","18","4","0","0","0","1","0","0"
"POINT (10.131982014000073 53.527907769000080)","Unfall 8506 (2017) Kat:3, Licht: 2","8506","3","1","3","12","21","5","1","2","0","1","0","0"
"POINT (9.934878873000059 53.563749559000030)","Unfall 8507 (2017) Kat:3, Licht: 0","8507","3","6","2","08","18","4","0","0","0","1","0","0"
"POINT (9.956460590000063 53.560995734000073)","Unfall 8508 (2017) Kat:3, Licht: 0","8508","3","6","3","08","13","4","0","0","0","1","0","0"
"POINT (10.026939207000055 53.463987593000070)","Unfall 8509 (2017) Kat:3, Licht: 0","8509","3","7","0","08","10","3","0","0","0","1","0","0"
"POINT (10.023375771000076 53.480757381000046)","Unfall 8510 (2017) Kat:3, Licht: 0","8510","3","6","2","08","13","3","0","0","0","1","0","0"
"POINT (10.059692741000049 53.509234759000037)","Unfall 8511 (2017) Kat:3, Licht: 0","8511","3","6","3","08","13","3","0","0","0","1","0","0"
"POINT (10.031830568000032 53.566409168000064)","Unfall 8512 (2017) Kat:3, Licht: 0","8512","3","2","3","08","13","3","0","0","0","1","0","1"
"POINT (9.966332007000062 53.595476635000068)","Unfall 8513 (2017) Kat:3, Licht: 0","8513","3","3","6","08","12","3","0","0","1","0","1","0"
"POINT (9.953497195000068 53.561623877000045)","Unfall 8514 (2017) Kat:3, Licht: 2","8514","3","6","6","08","01","3","0","2","1","0","1","0"
"POINT (9.757928266000022 53.582971790000045)","Unfall 8515 (2017) Kat:3, Licht: 0","8515","3","6","2","08","17","2","0","0","0","1","0","0"
"POINT (10.053120926000076 53.551645108000059)","Unfall 8516 (2017) Kat:3, Licht: 0","8516","3","2","3","05","18","4","0","0","1","1","0","0"
"POINT (9.898788331000048 53.565201537000064)","Unfall 8517 (2017) Kat:3, Licht: 0","8517","3","2","3","08","09","2","0","0","1","1","0","0"
"POINT (9.958193945000062 53.647525089000055)","Unfall 8518 (2017) Kat:3, Licht: 0","8518","3","7","9","08","15","2","0","0","0","1","0","0"
"POINT (10.024708631000067 53.542690578000077)","Unfall 8519 (2017) Kat:2, Licht: 0","8519","2","6","1","05","09","4","1","0","0","1","0","1"
"POINT (9.934658028000058 53.563744929000052)","Unfall 8520 (2017) Kat:3, Licht: 0","8520","3","6","2","08","09","2","0","0","0","1","0","0"
"POINT (10.040563771000052 53.555590288000076)","Unfall 8521 (2017) Kat:3, Licht: 0","8521","3","2","4","08","11","1","0","0","0","1","0","0"
"POINT (9.828381831000058 53.575530214000082)","Unfall 8522 (2017) Kat:3, Licht: 0","8522","3","6","2","05","12","4","0","0","0","1","0","0"
"POINT (9.923166750000064 53.595943523000074)","Unfall 8523 (2017) Kat:3, Licht: 0","8523","3","6","1","08","07","1","0","0","0","1","0","0"
"POINT (9.961373550000076 53.559447805000048)","Unfall 8524 (2017) Kat:3, Licht: 0","8524","3","6","3","05","10","4","0","0","0","1","0","0"
"POINT (9.979838357000062 53.451448900000059)","Unfall 8525 (2017) Kat:3, Licht: 0","8525","3","6","3","08","17","7","1","0","0","1","0","0"
"POINT (10.176778162000062 53.508811683000033)","Unfall 8526 (2017) Kat:3, Licht: 0","8526","3","6","2","05","16","3","0","0","0","1","0","0"
"POINT (10.030407505000028 53.545317122000029)","Unfall 8527 (2017) Kat:3, Licht: 2","8527","3","2","4","12","21","5","1","2","0","1","0","0"
"POINT (9.911108711000054 53.577298450000058)","Unfall 8528 (2017) Kat:3, Licht: 0","8528","3","6","2","05","17","3","0","0","0","1","0","0"
"POINT (9.957112994000056 53.571511989000044)","Unfall 8529 (2017) Kat:3, Licht: 0","8529","3","4","6","05","16","3","0","0","1","0","1","0"
"POINT (9.898977710000054 53.565164271000071)","Unfall 8530 (2017) Kat:3, Licht: 0","8530","3","2","5","12","13","5","0","0","0","1","0","0"
"POINT (9.969859964000023 53.584054492000064)","Unfall 8531 (2017) Kat:3, Licht: 0","8531","3","2","5","05","18","3","0","0","1","0","0","0"
"POINT (9.961771979000048 53.469679231000043)","Unfall 8532 (2017) Kat:3, Licht: 2","8532","3","6","2","05","23","2","0","2","0","0","0","0"
"POINT (9.987933899000041 53.547502028000054)","Unfall 8533 (2017) Kat:3, Licht: 0","8533","3","6","3","12","08","5","0","0","0","1","0","1"
"POINT (10.194652546000043 53.473080713000058)","Unfall 8534 (2017) Kat:3, Licht: 0","8534","3","6","3","05","15","1","0","0","0","1","0","0"
"POINT (9.962915640000063 53.578640523000047)","Unfall 8535 (2017) Kat:3, Licht: 0","8535","3","3","5","05","15","1","0","0","1","1","0","0"
"POINT (9.919534283000075 53.442710218000059)","Unfall 8536 (2017) Kat:3, Licht: 2","8536","3","6","3","12","07","4","0","2","0","1","0","0"
"POINT (9.932207560000052 53.431121906000044)","Unfall 8537 (2017) Kat:3, Licht: 0","8537","3","3","5","05","16","7","0","0","0","1","0","0"
"POINT (9.906471534000048 53.618373573000042)","Unfall 8538 (2017) Kat:3, Licht: 2","8538","3","6","2","12","06","4","1","2","0","1","0","0"
"POINT (10.151996097000051 53.480401089000054)","Unfall 8539 (2017) Kat:2, Licht: 0","8539","2","1","8","05","16","7","0","0","0","1","0","0"
"POINT (9.933109670000022 53.585180226000034)","Unfall 8540 (2017) Kat:3, Licht: 2","8540","3","3","5","12","07","4","0","2","0","1","0","0"
"POINT (9.962547166000036 53.601930535000065)","Unfall 8541 (2017) Kat:3, Licht: 0","8541","3","7","3","05","16","7","0","0","0","1","0","0"
"POINT (9.948732975000041 53.562299349000057)","Unfall 8542 (2017) Kat:3, Licht: 2","8542","3","2","4","12","19","4","0","2","0","1","0","0"
"POINT (9.901158840000051 53.621616888000062)","Unfall 8543 (2017) Kat:3, Licht: 0","8543","3","6","2","12","09","3","1","0","0","1","0","0"
"POINT (9.989564096000038 53.547254744000043)","Unfall 8544 (2017) Kat:3, Licht: 0","8544","3","7","0","05","17","7","0","0","1","0","1","0"
"POINT (9.857403999000042 53.571919378000075)","Unfall 8545 (2017) Kat:3, Licht: 0","8545","3","6","0","12","13","3","1","0","0","1","0","1"
"POINT (10.132190433000062 53.527834597000037)","Unfall 8546 (2017) Kat:3, Licht: 0","8546","3","6","2","05","13","6","1","0","0","1","0","0"
"POINT (9.933522411000070 53.563679531000048)","Unfall 8547 (2017) Kat:3, Licht: 0","8547","3","1","0","12","08","3","1","0","1","0","0","0"
"POINT (9.897720235000065 53.555087406000041)","Unfall 8548 (2017) Kat:3, Licht: 0","8548","3","7","2","08","12","7","1","0","0","1","0","0"
"POINT (9.989389603000063 53.593141769000056)","Unfall 8549 (2017) Kat:3, Licht: 0","8549","3","2","3","08","17","7","1","0","0","1","0","0"
"POINT (10.025110913000049 53.530613232000064)","Unfall 8550 (2017) Kat:3, Licht: 0","8550","3","6","1","05","06","6","0","0","0","1","0","0"
"POINT (10.008793329000071 53.638697757000045)","Unfall 8551 (2017) Kat:2, Licht: 2","8551","2","1","8","08","02","6","0","2","0","1","0","0"
"POINT (9.930569258000048 53.648648662000028)","Unfall 8552 (2017) Kat:3, Licht: 0","8552","3","6","2","08","17","6","1","0","0","1","0","0"
"POINT (9.907686613000067 53.647345083000062)","Unfall 8553 (2017) Kat:2, Licht: 2","8553","2","4","6","12","17","3","0","2","0","1","1","0"
"POINT (9.983929657000033 53.595588525000039)","Unfall 8554 (2017) Kat:2, Licht: 0","8554","2","7","4","08","14","6","1","0","0","1","0","0"
"POINT (9.932166155000061 53.470898323000029)","Unfall 8555 (2017) Kat:3, Licht: 0","8555","3","6","2","12","10","2","1","0","0","1","0","0"
"POINT (10.100125021000053 53.510721339000042)","Unfall 8556 (2017) Kat:3, Licht: 2","8556","3","6","3","12","07","2","1","2","0","1","0","0"
"POINT (10.053808677000063 53.551562303000082)","Unfall 8557 (2017) Kat:3, Licht: 1","8557","3","2","5","12","07","2","1","1","1","1","0","0"
"POINT (10.000131877000058 53.594164680000063)","Unfall 8558 (2017) Kat:3, Licht: 1","8558","3","6","4","12","16","2","0","1","1","0","0","0"
"POINT (9.799414281000054 53.579943956000079)","Unfall 8559 (2017) Kat:3, Licht: 2","8559","3","7","0","12","18","2","0","2","1","0","0","0"
"POINT (9.916815462000045 53.564398039000082)","Unfall 8560 (2017) Kat:3, Licht: 2","8560","3","6","2","12","17","2","0","2","0","1","0","0"
"POINT (9.913402870000027 53.614981225000065)","Unfall 8561 (2017) Kat:2, Licht: 0","8561","2","6","2","05","15","6","1","0","0","1","0","0"
"POINT (9.935831927000038 53.647333014000026)","Unfall 8562 (2017) Kat:3, Licht: 1","8562","3","7","4","12","07","2","0","1","0","1","0","0"
"POINT (9.899730201000068 53.563864130000070)","Unfall 8563 (2017) Kat:3, Licht: 0","8563","3","6","2","05","14","6","1","0","0","1","0","0"
"POINT (9.877006737000045 53.471963360000075)","Unfall 8564 (2017) Kat:3, Licht: 2","8564","3","2","6","12","19","1","1","2","0","1","1","0"
"POINT (9.930871731000025 53.645700476000059)","Unfall 8565 (2017) Kat:3, Licht: 1","8565","3","6","1","05","20","6","0","1","0","1","0","0"
"POINT (9.930584367000051 53.649905552000064)","Unfall 8566 (2017) Kat:3, Licht: 2","8566","3","1","8","05","02","6","1","2","0","0","0","0"
"POINT (10.019286014000045 53.582888549000074)","Unfall 8567 (2017) Kat:3, Licht: 1","8567","3","6","1","12","16","1","1","1","0","1","0","0"
"POINT (10.197659534000024 53.493171025000038)","Unfall 8568 (2017) Kat:2, Licht: 0","8568","2","3","5","05","12","4","0","0","1","1","0","0"
"POINT (9.955735530000027 53.611589438000067)","Unfall 8569 (2017) Kat:3, Licht: 2","8569","3","2","4","12","19","1","1","2","0","1","0","0"
"POINT (10.091121442000031 53.541979601000037)","Unfall 8570 (2017) Kat:3, Licht: 0","8570","3","6","3","05","07","4","0","0","0","1","0","1"
"POINT (10.081987796000021 53.505170650000082)","Unfall 8571 (2017) Kat:3, Licht: 2","8571","3","6","2","12","23","7","1","2","0","1","0","0"
"POINT (9.987019414000031 53.547651778000045)","Unfall 8572 (2017) Kat:3, Licht: 0","8572","3","6","2","05","17","3","1","0","0","1","0","0"
"POINT (10.183515253000053 53.506243795000046)","Unfall 8573 (2017) Kat:3, Licht: 0","8573","3","6","2","12","13","7","0","0","0","1","0","0"
"POINT (9.983936215000028 53.594119124000031)","Unfall 8574 (2017) Kat:3, Licht: 2","8574","3","6","2","12","17","7","0","2","0","1","0","0"
"POINT (10.023362958000064 53.529073650000043)","Unfall 8575 (2017) Kat:3, Licht: 0","8575","3","6","0","05","18","2","0","0","0","1","0","0"
"POINT (10.088415059000056 53.507941398000071)","Unfall 8576 (2017) Kat:2, Licht: 2","8576","2","1","9","12","22","6","0","2","0","1","0","0"
"POINT (9.966935967000040 53.592607305000058)","Unfall 8577 (2017) Kat:3, Licht: 1","8577","3","6","1","08","21","6","1","1","0","1","0","0"
"POINT (9.922849986000074 53.596001169000033)","Unfall 8578 (2017) Kat:3, Licht: 0","8578","3","2","5","05","11","2","0","0","0","1","0","0"
"POINT (10.016368969000041 53.545404733000055)","Unfall 8579 (2017) Kat:3, Licht: 0","8579","3","6","1","12","14","6","0","0","0","1","0","0"
"POINT (9.919862427000055 53.604927786000076)","Unfall 8580 (2017) Kat:3, Licht: 0","8580","3","6","3","08","08","5","0","0","0","1","0","0"
"POINT (10.040709513000024 53.552662741000063)","Unfall 8581 (2017) Kat:2, Licht: 2","8581","2","2","4","12","20","6","0","2","0","1","0","0"
"POINT (9.921240093000051 53.540720722000060)","Unfall 8582 (2017) Kat:3, Licht: 0","8582","3","6","2","08","15","5","0","0","0","1","0","0"
"POINT (9.916490694000061 53.564460090000068)","Unfall 8583 (2017) Kat:3, Licht: 0","8583","3","2","5","08","17","5","0","0","1","0","0","0"
"POINT (9.938713469000049 53.575681254000074)","Unfall 8584 (2017) Kat:2, Licht: 0","8584","2","6","2","08","11","5","0","0","0","1","0","1"
"POINT (9.964391856000077 53.556046122000055)","Unfall 8585 (2017) Kat:3, Licht: 0","8585","3","3","5","08","08","5","0","0","1","1","0","0"
"POINT (10.059642188000055 53.509394216000032)","Unfall 8586 (2017) Kat:3, Licht: 2","8586","3","1","8","08","21","4","0","2","0","1","0","0"
"POINT (9.908179766000046 53.620379031000027)","Unfall 8587 (2017) Kat:3, Licht: 0","8587","3","2","3","08","13","4","0","0","0","1","0","0"
"POINT (10.019200430000069 53.583193353000070)","Unfall 8588 (2017) Kat:3, Licht: 0","8588","3","2","3","11","15","5","0","0","1","1","0","0"
"POINT (10.025661946000071 53.553214526000033)","Unfall 8589 (2017) Kat:3, Licht: 0","8589","3","7","6","08","07","3","0","0","1","0","1","0"
"POINT (9.929966831000058 53.525137270000073)","Unfall 8590 (2017) Kat:2, Licht: 0","8590","2","6","3","11","11","5","0","0","0","1","0","0"
"POINT (10.017238928000040 53.587027346000070)","Unfall 8591 (2017) Kat:2, Licht: 0","8591","2","3","6","08","17","2","0","0","1","0","1","0"
"POINT (9.842468626000027 53.472556621000081)","Unfall 8592 (2017) Kat:3, Licht: 2","8592","3","3","5","11","16","4","0","2","1","1","0","0"
"POINT (9.995917734000045 53.593943785000079)","Unfall 8593 (2017) Kat:3, Licht: 0","8593","3","3","5","08","17","2","0","0","0","1","0","0"
"POINT (9.927014654000061 53.593548829000042)","Unfall 8594 (2017) Kat:3, Licht: 0","8594","3","6","2","08","11","2","0","0","0","1","0","0"