WKT,Name,OBJECTID,UKATEGORIE,UTYP1,UART,UMONAT,USTUNDE,UWOCHENTAG,STRZUSTAND,ULICHTVERH,ISTRAD,ISTPKW,ISTFUSS,ISTKRAD
"POINT (10.032918418000065 53.542502875000082)","Unfall 8595 (2017) Kat:3, Licht: 1","8595","3","6","3","08","21","1","0","1","0","1","0","0"
"POINT (10.212599728000043 53.486656957000037)","Unfall 8596 (2017) Kat:3, Licht: 0","8596","3","3","5","08","10","7","0","0","0","1","0","0"
"POINT (10.025665865000065 53.551776618000076)","Unfall 8597 (2017) Kat:3, Licht: 2","8597","3","3","5","08","00","7","0","2","0","1","0","0"
"POINT (9.929418379000026 53.644943117000082)","Unfall 8598 (2017) Kat:3, Licht: 0","8598","3","3","5","08","16","7","0","0","0","1","0","0"
"POINT (9.932981538000036 53.585435984000071)","Unfall 8599 (2017) Kat:3, Licht: 0","8599","3","6","3","08","07","6","0","0","0","1","0","0"
"POINT (9.738440418000039 53.585097674000053)","Unfall 8600 (2017) Kat:3, Licht: 0","8600","3","3","5","08","18","6","0","0","0","1","0","0"
"POINT (9.968901369000037 53.585210677000077)","Unfall 8601 (2017) Kat:3, Licht: 0","8601","3","6","2","05","19","2","0","0","1","0","0","0"
"POINT (9.983924347000027 53.596267472000079)","Unfall 8602 (2017) Kat:3, Licht: 0","8602","3","6","1","08","10","6","0","0","0","1","0","0"
"POINT (10.004992307000066 53.547676128000035)","Unfall 8603 (2017) Kat:3, Licht: 0","8603","3","3","5","08","11","6","0","0","0","1","0","0"
"POINT (10.057159064000075 53.509291175000044)","Unfall 8604 (2017) Kat:3, Licht: 0","8604","3","6","3","08","17","5","0","0","0","1","0","0"
"POINT (9.930341084000077 53.648876788000052)","Unfall 8605 (2017) Kat:2, Licht: 2","8605","2","7","8","04","22","1","0","2","0","1","0","0"
"POINT (9.932720596000024 53.585956826000029)","Unfall 8606 (2017) Kat:3, Licht: 0","8606","3","7","3","08","17","5","0","0","0","1","0","0"
"POINT (10.127768194000055 53.567098290000047)","Unfall 8607 (2017) Kat:3, Licht: 0","8607","3","6","1","04","11","7","0","0","0","1","0","0"
"POINT (9.897443514000031 53.565460916000063)","Unfall 8608 (2017) Kat:2, Licht: 0","8608","2","2","5","04","11","7","0","0","1","1","0","0"
"POINT (10.086274400000036 53.502087664000044)","Unfall 8609 (2017) Kat:3, Licht: 2","8609","3","6","2","11","07","4","1","2","0","1","0","0"
"POINT (9.980054347000021 53.549073148000048)","Unfall 8610 (2017) Kat:3, Licht: 0","8610","3","4","6","04","16","7","0","0","1","0","1","0"
"POINT (10.055531899000073 53.509325982000064)","Unfall 8611 (2017) Kat:3, Licht: 2","8611","3","6","2","11","06","3","0","2","0","1","0","0"
"POINT (9.848262589000058 53.472766447000026)","Unfall 8612 (2017) Kat:3, Licht: 0","8612","3","3","5","04","14","6","0","0","0","1","0","0"
"POINT (10.101826509000034 53.564603817000034)","Unfall 8613 (2017) Kat:3, Licht: 0","8613","3","6","3","11","13","3","0","0","0","1","0","0"
"POINT (10.033593379000024 53.541464331000043)","Unfall 8614 (2017) Kat:3, Licht: 0","8614","3","6","1","04","17","6","1","0","0","1","0","0"
"POINT (9.933707864000041 53.583385302000067)","Unfall 8615 (2017) Kat:3, Licht: 2","8615","3","2","4","11","23","3","1","2","0","1","0","0"
"POINT (10.008957586000065 53.591007140000045)","Unfall 8616 (2017) Kat:3, Licht: 0","8616","3","6","2","04","16","6","1","0","0","1","0","0"
"POINT (9.897050338000042 53.565655112000059)","Unfall 8617 (2017) Kat:3, Licht: 0","8617","3","2","6","11","15","3","1","0","0","1","1","0"
"POINT (9.780917161000048 53.580699817000038)","Unfall 8618 (2017) Kat:3, Licht: 0","8618","3","3","5","04","07","6","0","0","1","1","0","0"
"POINT (9.959314905000042 53.574462959000073)","Unfall 8619 (2017) Kat:3, Licht: 0","8619","3","2","4","11","15","3","0","0","1","1","0","0"
"POINT (10.147505014000046 53.564192296000044)","Unfall 8620 (2017) Kat:3, Licht: 0","8620","3","6","2","04","17","5","0","0","0","1","0","0"
"POINT (10.009097514000075 53.627611798000032)","Unfall 8621 (2017) Kat:3, Licht: 2","8621","3","3","5","04","22","5","0","2","0","1","0","0"
"POINT (9.983255537000048 53.548425548000068)","Unfall 8622 (2017) Kat:3, Licht: 0","8622","3","2","5","11","08","3","0","0","1","0","0","0"
"POINT (9.986288004000073 53.602459805000080)","Unfall 8623 (2017) Kat:3, Licht: 0","8623","3","6","3","04","18","5","0","0","0","1","0","1"
"POINT (9.957139188000042 53.446326471000077)","Unfall 8624 (2017) Kat:3, Licht: 2","8624","3","2","6","11","19","2","1","2","0","1","1","0"
"POINT (10.019273144000067 53.576948982000033)","Unfall 8625 (2017) Kat:3, Licht: 2","8625","3","2","6","11","16","2","1","2","0","1","1","0"
"POINT (10.017615474000024 53.586456736000059)","Unfall 8626 (2017) Kat:3, Licht: 0","8626","3","6","2","04","12","4","0","0","0","1","0","0"
"POINT (9.921903578000070 53.601650329000051)","Unfall 8627 (2017) Kat:3, Licht: 2","8627","3","6","2","11","04","2","1","2","0","0","0","0"
"POINT (9.897173860000066 53.555441381000037)","Unfall 8628 (2017) Kat:3, Licht: 0","8628","3","6","0","04","19","4","0","0","0","0","0","0"
"POINT (9.931496455000058 53.535842699000057)","Unfall 8629 (2017) Kat:3, Licht: 2","8629","3","1","7","11","07","2","0","2","0","1","0","0"
"POINT (9.904689757000028 53.573804542000062)","Unfall 8630 (2017) Kat:3, Licht: 2","8630","3","1","9","11","00","2","0","2","0","1","0","0"
"POINT (9.972941947000038 53.549803587000042)","Unfall 8631 (2017) Kat:3, Licht: 0","8631","3","6","2","08","13","5","0","0","0","1","0","0"
"POINT (9.826991528000065 53.471029011000041)","Unfall 8632 (2017) Kat:3, Licht: 0","8632","3","6","2","04","07","3","1","0","0","1","0","0"
"POINT (10.026449813000056 53.460504611000033)","Unfall 8633 (2017) Kat:3, Licht: 0","8633","3","6","2","04","17","3","0","0","0","0","0","0"
"POINT (9.983922587000052 53.598208079000074)","Unfall 8634 (2017) Kat:2, Licht: 0","8634","2","6","4","11","14","2","1","0","0","1","0","1"
"POINT (10.021135643000036 53.543697429000076)","Unfall 8635 (2017) Kat:3, Licht: 0","8635","3","6","2","04","18","3","0","0","0","1","0","0"
"POINT (9.996989578000068 53.594318435000048)","Unfall 8636 (2017) Kat:3, Licht: 2","8636","3","7","9","11","20","1","1","2","0","1","0","0"
"POINT (10.005207181000060 53.640047572000071)","Unfall 8637 (2017) Kat:3, Licht: 0","8637","3","1","9","04","08","3","1","0","0","1","0","0"
"POINT (10.025579374000074 53.552864102000058)","Unfall 8638 (2017) Kat:3, Licht: 0","8638","3","6","2","04","16","2","1","0","0","1","0","0"
"POINT (9.922714910000025 53.594784826000080)","Unfall 8639 (2017) Kat:3, Licht: 0","8639","3","3","5","11","15","1","1","0","0","1","0","0"
"POINT (9.920798045000026 53.540907689000051)","Unfall 8640 (2017) Kat:3, Licht: 2","8640","3","6","2","04","18","2","0","2","0","1","0","0"
"POINT (10.025662914000065 53.551780539000049)","Unfall 8641 (2017) Kat:3, Licht: 2","8641","3","3","5","11","17","7","0","2","0","1","0","0"
"POINT (9.897109840000042 53.554801263000058)","Unfall 8642 (2017) Kat:3, Licht: 0","8642","3","6","3","04","13","2","0","0","0","1","0","0"
"POINT (9.908966726000074 53.623622624000063)","Unfall 8643 (2017) Kat:3, Licht: 2","8643","3","7","5","11","00","7","0","2","0","1","0","1"
"POINT (9.986684005000029 53.547703286000058)","Unfall 8644 (2017) Kat:3, Licht: 0","8644","3","2","3","04","10","2","0","0","0","1","0","0"
"POINT (9.973254405000034 53.549759229000074)","Unfall 8645 (2017) Kat:3, Licht: 2","8645","3","3","5","11","20","7","0","2","0","1","0","0"
"POINT (10.024304090000044 53.542941796000036)","Unfall 8646 (2017) Kat:3, Licht: 2","8646","3","6","2","11","17","6","0","2","0","1","0","0"
"POINT (9.888591387000076 53.471932315000060)","Unfall 8647 (2017) Kat:3, Licht: 0","8647","3","6","2","04","13","1","1","0","0","1","0","0"
"POINT (10.030678871000021 53.545365157000049)","Unfall 8648 (2017) Kat:3, Licht: 0","8648","3","2","3","11","10","6","0","0","0","1","0","0"
"POINT (9.856124552000040 53.572040881000078)","Unfall 8649 (2017) Kat:3, Licht: 2","8649","3","7","0","11","16","6","1","2","1","0","0","0"
"POINT (9.995780110000055 53.497353155000042)","Unfall 8650 (2017) Kat:3, Licht: 1","8650","3","6","4","04","06","1","1","1","0","1","0","0"
"POINT (9.916541395000024 53.589754507000066)","Unfall 8651 (2017) Kat:3, Licht: 2","8651","3","6","2","11","18","5","1","2","0","1","0","0"
"POINT (10.027049050000073 53.550092016000065)","Unfall 8652 (2017) Kat:3, Licht: 0","8652","3","2","3","08","17","4","0","0","1","1","0","0"
"POINT (9.923291451000068 53.596831995000059)","Unfall 8653 (2017) Kat:3, Licht: 0","8653","3","6","2","11","07","5","0","0","0","1","0","0"
"POINT (9.924109261000069 53.595085023000081)","Unfall 8654 (2017) Kat:3, Licht: 0","8654","3","2","4","08","13","4","0","0","0","1","0","0"
"POINT (9.967343014000051 53.591097151000042)","Unfall 8655 (2017) Kat:3, Licht: 2","8655","3","5","1","08","00","4","1","2","0","1","0","0"
"POINT (10.026491690000057 53.551510409000059)","Unfall 8656 (2017) Kat:3, Licht: 0","8656","3","3","5","08","20","3","1","0","0","1","0","0"
"POINT (9.922986089000062 53.595311806000041)","Unfall 8657 (2017) Kat:3, Licht: 0","8657","3","6","2","08","11","3","0","0","0","1","0","0"
"POINT (9.987832889000060 53.603625198000032)","Unfall 8658 (2017) Kat:3, Licht: 0","8658","3","7","0","08","08","3","1","0","1","0","0","0"
"POINT (9.962609337000060 53.578349368000033)","Unfall 8659 (2017) Kat:3, Licht: 2","8659","3","7","6","11","22","5","1","2","0","1","1","0"
"POINT (10.030697085000043 53.544948175000059)","Unfall 8660 (2017) Kat:3, Licht: 0","8660","3","6","3","07","11","2","0","0","0","1","0","0"
"POINT (9.956201493000037 53.561048433000053)","Unfall 8661 (2017) Kat:3, Licht: 0","8661","3","4","6","11","13","5","0","0","0","1","1","0"
"POINT (10.003633887000035 53.547489277000068)","Unfall 8664 (2017) Kat:3, Licht: 2","8664","3","6","3","11","22","5","1","2","0","1","0","0"
"POINT (9.945298739000066 53.471069959000033)","Unfall 8667 (2017) Kat:3, Licht: 2","8667","3","2","6","11","19","4","0","2","0","1","1","0"
"POINT (9.945494053000061 53.471057922000057)","Unfall 8668 (2017) Kat:3, Licht: 0","8668","3","2","4","11","09","4","1","0","0","1","0","0"
"POINT (10.024721535000026 53.466958856000076)","Unfall 8671 (2017) Kat:3, Licht: 0","8671","3","6","2","11","11","4","1","0","0","1","0","0"
"POINT (10.019106293000050 53.580424258000050)","Unfall 8673 (2017) Kat:3, Licht: 2","8673","3","2","5","11","17","4","1","2","1","1","0","0"
"POINT (9.923036827000033 53.595586466000043)","Unfall 8675 (2017) Kat:3, Licht: 2","8675","3","6","3","07","04","2","1","2","0","1","0","0"
"POINT (9.910603033000029 53.638622539000039)","Unfall 8676 (2017) Kat:2, Licht: 0","8676","2","3","5","07","14","2","0","0","0","1","0","1"
"POINT (9.991368646000069 53.547222063000049)","Unfall 8677 (2017) Kat:2, Licht: 0","8677","2","4","6","07","14","2","0","0","0","1","1","0"
"POINT (9.817597922000061 53.469558924000069)","Unfall 8678 (2017) Kat:3, Licht: 0","8678","3","6","4","07","13","1","0","0","0","1","0","0"
"POINT (9.918925133000073 53.445167517000073)","Unfall 8679 (2017) Kat:3, Licht: 0","8679","3","6","2","07","14","1","0","0","0","1","0","0"
"POINT (9.907559459000026 53.617986308000070)","Unfall 8680 (2017) Kat:3, Licht: 0","8680","3","2","5","07","17","1","0","0","1","1","0","0"
"POINT (9.900470370000051 53.567601931000070)","Unfall 8681 (2017) Kat:3, Licht: 0","8681","3","1","9","07","18","1","0","0","0","1","0","0"
"POINT (10.027870950000022 53.454494543000067)","Unfall 8682 (2017) Kat:3, Licht: 0","8682","3","6","2","07","11","6","0","0","0","1","0","0"
"POINT (9.909474168000031 53.625991449000082)","Unfall 8683 (2017) Kat:3, Licht: 0","8683","3","6","2","07","15","6","1","0","0","1","0","0"
"POINT (9.956106487000056 53.570387047000054)","Unfall 8684 (2017) Kat:3, Licht: 0","8684","3","2","3","07","13","5","0","0","1","1","0","0"
"POINT (9.977756915000043 53.549344533000067)","Unfall 8685 (2017) Kat:3, Licht: 2","8685","3","3","5","07","23","5","0","2","0","1","0","0"
"POINT (10.184616248000054 53.504683397000065)","Unfall 8686 (2017) Kat:2, Licht: 2","8686","2","1","8","04","23","1","0","2","0","0","0","0"
"POINT (10.203288321000059 53.490215404000082)","Unfall 8687 (2017) Kat:3, Licht: 2","8687","3","2","5","04","21","1","0","2","0","1","0","0"
"POINT (9.930373799000051 53.646160652000049)","Unfall 8688 (2017) Kat:3, Licht: 0","8688","3","3","5","04","09","1","1","0","0","1","0","0"
"POINT (9.985274300000071 53.591295355000057)","Unfall 8689 (2017) Kat:3, Licht: 0","8689","3","7","0","04","12","1","0","0","1","0","0","0"
"POINT (9.964659982000057 53.554936662000046)","Unfall 8690 (2017) Kat:3, Licht: 2","8690","3","6","0","04","22","1","0","2","1","0","0","0"
"POINT (9.839544617000058 53.573433660000035)","Unfall 8691 (2017) Kat:3, Licht: 2","8691","3","6","2","11","17","4","1","2","0","1","0","0"
"POINT (10.124807285000031 53.566480997000042)","Unfall 8692 (2017) Kat:3, Licht: 2","8692","3","1","0","04","00","7","1","2","0","0","0","1"
"POINT (9.916288792000046 53.583764789000043)","Unfall 8693 (2017) Kat:3, Licht: 1","8693","3","6","2","11","07","4","1","1","0","1","0","0"
"POINT (10.032190258000071 53.540504397000063)","Unfall 8694 (2017) Kat:2, Licht: 0","8694","2","2","4","04","17","7","0","0","1","1","0","0"
"POINT (9.880268305000072 53.568862012000068)","Unfall 8695 (2017) Kat:1, Licht: 0","8695","1","7","0","11","09","4","1","0","1","0","0","0"
"POINT (10.011080436000043 53.516953715000056)","Unfall 8696 (2017) Kat:3, Licht: 0","8696","3","1","8","07","08","4","1","0","0","1","0","0"
"POINT (10.057500774000061 53.509445283000048)","Unfall 8697 (2017) Kat:2, Licht: 0","8697","2","6","3","07","14","4","0","0","0","1","0","0"
"POINT (10.065522602000044 53.550133363000043)","Unfall 8699 (2017) Kat:3, Licht: 0","8699","3","3","5","07","16","4","0","0","0","1","0","0"
"POINT (10.022086391000073 53.574491409000075)","Unfall 8700 (2017) Kat:3, Licht: 0","8700","3","7","0","07","08","4","1","0","1","1","0","0"
"POINT (9.861178625000036 53.571964738000077)","Unfall 8701 (2017) Kat:3, Licht: 0","8701","3","7","6","04","13","7","0","0","1","0","1","0"
"POINT (9.919955669000046 53.604792380000049)","Unfall 8702 (2017) Kat:3, Licht: 0","8702","3","6","3","07","20","4","0","0","0","1","0","0"
"POINT (9.919124443000044 53.606036198000027)","Unfall 8703 (2017) Kat:3, Licht: 0","8703","3","6","3","07","09","4","1","0","0","1","0","0"
"POINT (9.985508426000024 53.547921983000037)","Unfall 8704 (2017) Kat:3, Licht: 0","8704","3","6","2","04","12","7","0","0","0","1","0","0"
"POINT (9.988389479000034 53.592457042000035)","Unfall 8705 (2017) Kat:3, Licht: 0","8705","3","3","5","07","19","4","0","0","0","1","0","0"
"POINT (10.025855266000065 53.531418472000041)","Unfall 8706 (2017) Kat:3, Licht: 0","8706","3","6","2","07","11","3","1","0","0","1","0","0"
"POINT (9.962283729000035 53.469605032000061)","Unfall 8707 (2017) Kat:3, Licht: 0","8707","3","6","3","04","12","6","0","0","0","1","0","0"
"POINT (9.914811115000077 53.512812826000072)","Unfall 8708 (2017) Kat:3, Licht: 0","8708","3","6","1","07","10","3","1","0","0","0","0","0"
"POINT (9.920549898000047 53.626346265000052)","Unfall 8709 (2017) Kat:3, Licht: 0","8709","3","6","2","04","11","6","0","0","0","1","0","0"
"POINT (9.823478209000029 53.470647689000032)","Unfall 8710 (2017) Kat:3, Licht: 0","8710","3","2","2","07","12","2","0","0","0","1","0","0"
"POINT (10.191809418000048 53.495919672000070)","Unfall 8711 (2017) Kat:3, Licht: 0","8711","3","2","2","04","15","5","0","0","0","0","0","1"
"POINT (10.086946199000067 53.543607332000079)","Unfall 8712 (2017) Kat:2, Licht: 2","8712","2","6","2","07","03","1","0","2","0","1","0","0"
"POINT (10.005184051000072 53.547704625000051)","Unfall 8713 (2017) Kat:3, Licht: 0","8713","3","6","2","04","19","5","0","0","0","1","0","0"
"POINT (9.853627473000074 53.572138191000079)","Unfall 8714 (2017) Kat:3, Licht: 0","8714","3","3","0","04","17","4","0","0","1","1","0","0"
"POINT (9.959691586000076 53.608370528000080)","Unfall 8715 (2017) Kat:3, Licht: 2","8715","3","7","4","11","17","4","0","2","0","1","0","0"
"POINT (10.008188682000025 53.547955461000072)","Unfall 8716 (2017) Kat:3, Licht: 0","8716","3","6","2","04","16","3","0","0","0","1","0","0"
"POINT (9.931423746000064 53.563446954000028)","Unfall 8717 (2017) Kat:3, Licht: 0","8717","3","2","3","04","13","3","0","0","1","1","0","0"
"POINT (9.950228695000021 53.617704416000038)","Unfall 8718 (2017) Kat:3, Licht: 1","8718","3","3","5","11","17","4","1","1","0","1","0","0"
"POINT (9.957908927000062 53.572583518000044)","Unfall 8719 (2017) Kat:3, Licht: 0","8719","3","6","4","04","18","3","0","0","1","0","0","0"
"POINT (9.962165789000039 53.602996832000031)","Unfall 8720 (2017) Kat:3, Licht: 2","8720","3","7","0","11","18","4","0","2","0","0","0","1"
"POINT (9.935497911000027 53.579442378000067)","Unfall 8721 (2017) Kat:3, Licht: 0","8721","3","3","5","04","16","3","0","0","1","1","0","0"
"POINT (9.945248971000069 53.563230277000059)","Unfall 8722 (2017) Kat:3, Licht: 0","8722","3","6","2","04","17","3","0","0","0","1","0","0"
"POINT (9.962541064000050 53.469561450000072)","Unfall 8723 (2017) Kat:3, Licht: 2","8723","3","2","6","11","17","3","1","2","0","1","1","0"
"POINT (9.897872589000031 53.557398444000057)","Unfall 8724 (2017) Kat:3, Licht: 0","8724","3","1","9","04","14","2","0","0","0","1","0","0"
"POINT (10.018940616000066 53.544477443000062)","Unfall 8725 (2017) Kat:3, Licht: 2","8725","3","6","3","11","16","3","1","2","0","1","0","0"
"POINT (9.923553064000032 53.633672076000039)","Unfall 8726 (2017) Kat:3, Licht: 0","8726","3","6","2","04","15","2","0","0","0","1","0","0"
"POINT (9.980055407000066 53.647115206000080)","Unfall 8727 (2017) Kat:3, Licht: 2","8727","3","6","2","11","05","3","1","2","0","1","0","0"
"POINT (10.022107423000023 53.543352080000034)","Unfall 8728 (2017) Kat:3, Licht: 0","8728","3","6","2","04","13","7","1","0","0","1","0","0"
"POINT (9.909663167000076 53.641463644000055)","Unfall 8729 (2017) Kat:3, Licht: 2","8729","3","3","5","11","16","3","1","2","1","1","0","0"
"POINT (9.945391297000072 53.562987488000033)","Unfall 8730 (2017) Kat:3, Licht: 1","8730","3","2","3","11","16","3","1","1","1","1","0","0"
"POINT (9.935192642000061 53.647155980000036)","Unfall 8731 (2017) Kat:3, Licht: 0","8731","3","6","2","04","14","7","1","0","0","1","0","0"
"POINT (9.908194758000036 53.620439873000066)","Unfall 8732 (2017) Kat:3, Licht: 2","8732","3","2","4","11","19","2","1","2","0","1","0","0"
"POINT (9.976642491000064 53.587484402000030)","Unfall 8733 (2017) Kat:3, Licht: 0","8733","3","2","6","11","16","2","1","0","0","1","1","0"
"POINT (9.816324388000055 53.469301504000043)","Unfall 8734 (2017) Kat:3, Licht: 2","8734","3","1","8","04","04","6","0","2","0","1","0","0"
"POINT (10.029227684000034 53.450482211000065)","Unfall 8735 (2017) Kat:3, Licht: 2","8735","3","1","3","11","23","7","1","2","0","1","0","0"
"POINT (9.938177607000057 53.563663878000057)","Unfall 8737 (2017) Kat:3, Licht: 0","8737","3","6","2","11","15","7","1","0","0","1","0","0"
"POINT (9.878120306000028 53.569611819000045)","Unfall 8738 (2017) Kat:3, Licht: 0","8738","3","3","5","07","09","1","1","0","0","1","0","0"
"POINT (9.930332123000028 53.645943291000037)","Unfall 8740 (2017) Kat:3, Licht: 2","8740","3","6","0","07","23","1","0","2","0","1","0","0"
"POINT (9.912665342000025 53.616736262000074)","Unfall 8742 (2017) Kat:3, Licht: 2","8742","3","6","2","11","16","6","0","2","0","1","0","0"
"POINT (9.963974766000035 53.599793077000072)","Unfall 8743 (2017) Kat:3, Licht: 2","8743","3","7","0","07","03","7","0","2","1","0","0","0"
"POINT (10.022467994000067 53.526328815000056)","Unfall 8745 (2017) Kat:3, Licht: 0","8745","3","6","3","11","10","5","1","0","0","1","0","0"
"POINT (10.211700122000025 53.476250796000045)","Unfall 8748 (2017) Kat:2, Licht: 0","8748","2","6","2","11","14","5","0","0","0","1","0","0"
"POINT (10.202344812000035 53.491194239000038)","Unfall 8751 (2017) Kat:3, Licht: 0","8751","3","3","5","11","07","5","0","0","1","1","0","0"
"POINT (10.026538673000061 53.551430767000056)","Unfall 8752 (2017) Kat:3, Licht: 0","8752","3","2","2","11","12","5","1","0","0","1","0","0"
"POINT (9.909773303000065 53.627331828000081)","Unfall 8755 (2017) Kat:3, Licht: 0","8755","3","3","5","11","20","5","0","0","1","1","0","0"
"POINT (9.987036296000042 53.602914780000049)","Unfall 8756 (2017) Kat:3, Licht: 2","8756","3","6","1","11","19","5","1","2","0","1","0","0"
"POINT (9.949354491000065 53.562202788000036)","Unfall 8758 (2017) Kat:3, Licht: 0","8758","3","5","0","11","10","5","0","0","0","0","0","0"
"POINT (9.996330103000048 53.594115613000042)","Unfall 8760 (2017) Kat:3, Licht: 0","8760","3","6","2","11","09","4","1","0","0","0","0","1"
"POINT (9.958341268000027 53.647496498000066)","Unfall 8761 (2017) Kat:3, Licht: 0","8761","3","2","5","07","18","6","0","0","0","1","0","0"
"POINT (9.936026655000035 53.647271166000053)","Unfall 8762 (2017) Kat:3, Licht: 0","8762","3","6","3","07","14","6","0","0","0","1","0","0"
"POINT (10.005257624000023 53.547715559000039)","Unfall 8763 (2017) Kat:3, Licht: 2","8763","3","1","8","07","21","6","0","2","0","0","0","1"
"POINT (9.846790803000033 53.472819703000027)","Unfall 8764 (2017) Kat:3, Licht: 0","8764","3","6","2","07","13","5","1","0","0","1","0","0"
"POINT (10.026542597000059 53.551423006000050)","Unfall 8765 (2017) Kat:3, Licht: 0","8765","3","2","2","07","19","5","0","0","0","1","0","0"
"POINT (10.016584626000054 53.587985533000051)","Unfall 8766 (2017) Kat:3, Licht: 0","8766","3","6","6","07","17","5","0","0","1","0","1","0"
"POINT (9.907552637000038 53.617960073000063)","Unfall 8767 (2017) Kat:3, Licht: 0","8767","3","2","5","07","17","5","0","0","0","1","0","0"
"POINT (9.897436666000033 53.565462238000066)","Unfall 8768 (2017) Kat:3, Licht: 0","8768","3","2","4","07","18","5","0","0","1","1","0","0"
"POINT (9.897546933000058 53.557956271000080)","Unfall 8769 (2017) Kat:3, Licht: 0","8769","3","6","2","07","13","5","0","0","0","1","0","0"
"POINT (9.897297829000024 53.565620757000033)","Unfall 8770 (2017) Kat:3, Licht: 0","8770","3","2","1","07","12","5","1","0","0","1","0","0"
"POINT (9.986409085000048 53.547748543000068)","Unfall 8772 (2017) Kat:3, Licht: 0","8772","3","6","2","07","12","5","1","0","0","1","0","0"
"POINT (9.919608310000058 53.442538930000069)","Unfall 8777 (2017) Kat:3, Licht: 0","8777","3","6","3","11","13","3","1","0","0","1","0","0"
"POINT (10.191765039000074 53.495950760000028)","Unfall 8780 (2017) Kat:3, Licht: 0","8780","3","3","5","11","07","3","0","0","1","1","0","0"
"POINT (10.215291948000072 53.486064412000076)","Unfall 8783 (2017) Kat:3, Licht: 0","8783","3","6","3","11","09","3","0","0","0","1","0","0"
"POINT (9.857326934000071 53.471688969000070)","Unfall 8784 (2017) Kat:3, Licht: 0","8784","3","3","5","07","15","4","0","0","1","1","0","0"
"POINT (9.957828493000022 53.572490641000059)","Unfall 8787 (2017) Kat:3, Licht: 2","8787","3","2","3","11","19","3","1","2","1","1","0","0"
"POINT (10.031063693000021 53.538637761000075)","Unfall 8791 (2017) Kat:3, Licht: 0","8791","3","6","3","07","16","4","0","0","0","0","0","1"
"POINT (10.215837744000055 53.486201656000048)","Unfall 8792 (2017) Kat:3, Licht: 0","8792","3","2","4","07","08","3","0","0","1","1","0","0"
"POINT (10.028745998000034 53.547829344000036)","Unfall 8793 (2017) Kat:3, Licht: 0","8793","3","2","5","07","15","3","0","0","1","1","0","0"
"POINT (9.983934460000057 53.592476907000048)","Unfall 8794 (2017) Kat:3, Licht: 2","8794","3","2","5","07","21","3","0","2","0","1","0","0"
"POINT (10.204988263000075 53.488247709000063)","Unfall 8795 (2017) Kat:3, Licht: 0","8795","3","6","2","07","18","1","1","0","0","1","0","0"
"POINT (9.936106137000024 53.647292062000076)","Unfall 8796 (2017) Kat:3, Licht: 0","8796","3","7","4","07","09","1","0","0","0","1","0","0"
"POINT (10.132179986000040 53.527838265000071)","Unfall 8797 (2017) Kat:3, Licht: 0","8797","3","6","3","07","16","7","0","0","0","1","0","0"
"POINT (10.031946573000027 53.543739198000026)","Unfall 8798 (2017) Kat:3, Licht: 0","8798","3","6","2","07","16","7","0","0","0","1","0","0"
"POINT (9.876393165000025 53.570261820000042)","Unfall 8799 (2017) Kat:3, Licht: 0","8799","3","6","2","07","19","7","0","0","0","1","0","0"
"POINT (10.149589877000039 53.549845072000039)","Unfall 8800 (2017) Kat:3, Licht: 0","8800","3","6","2","07","07","6","0","0","0","1","0","0"
"POINT (9.839938465000046 53.472276823000072)","Unfall 8801 (2017) Kat:2, Licht: 2","8801","2","3","5","04","02","6","0","2","0","1","0","0"
"POINT (10.040709333000052 53.552666760000079)","Unfall 8802 (2017) Kat:2, Licht: 0","8802","2","2","0","07","07","6","0","0","0","1","0","1"
"POINT (9.974808414000052 53.451573806000056)","Unfall 8803 (2017) Kat:2, Licht: 0","8803","2","1","8","04","07","6","0","0","0","1","0","0"
"POINT (9.995054021000044 53.609969908000039)","Unfall 8804 (2017) Kat:3, Licht: 0","8804","3","6","2","04","18","6","1","0","0","1","0","0"
"POINT (9.919017832000066 53.444341413000075)","Unfall 8805 (2017) Kat:3, Licht: 0","8805","3","6","3","04","08","5","0","0","0","1","0","0"
"POINT (9.905147344000056 53.470902918000036)","Unfall 8806 (2017) Kat:3, Licht: 0","8806","3","2","2","11","13","2","0","0","0","1","0","0"
"POINT (10.038038608000022 53.498756754000055)","Unfall 8807 (2017) Kat:3, Licht: 0","8807","3","6","3","04","08","5","0","0","0","1","0","0"
"POINT (9.867975578000028 53.571275368000045)","Unfall 8808 (2017) Kat:3, Licht: 0","8808","3","6","3","11","12","2","0","0","0","1","0","0"
"POINT (10.057515978000026 53.551120564000030)","Unfall 8809 (2017) Kat:3, Licht: 0","8809","3","3","5","04","15","5","1","0","1","1","0","0"
"POINT (9.944821593000029 53.572981606000042)","Unfall 8810 (2017) Kat:3, Licht: 0","8810","3","6","3","11","08","2","0","0","0","0","0","1"
"POINT (9.973158544000057 53.585934376000068)","Unfall 8811 (2017) Kat:3, Licht: 1","8811","3","3","5","11","07","2","0","1","1","1","0","0"
"POINT (10.051112994000050 53.551886843000034)","Unfall 8812 (2017) Kat:3, Licht: 0","8812","3","6","2","04","10","5","0","0","0","1","0","0"
"POINT (9.977072554000074 53.587587084000063)","Unfall 8813 (2017) Kat:3, Licht: 0","8813","3","2","5","11","08","2","0","0","0","1","0","0"
"POINT (9.822222693000072 53.576529500000049)","Unfall 8814 (2017) Kat:2, Licht: 0","8814","2","4","6","04","13","5","0","0","0","1","1","0"
"POINT (9.927690728000073 53.640663511000071)","Unfall 8815 (2017) Kat:3, Licht: 2","8815","3","6","2","11","18","1","0","2","0","1","0","0"
"POINT (9.853109242000073 53.472570105000045)","Unfall 8816 (2017) Kat:3, Licht: 0","8816","3","6","3","04","18","4","1","0","0","1","0","0"
"POINT (9.877110055000060 53.471964187000026)","Unfall 8817 (2017) Kat:3, Licht: 0","8817","3","6","2","04","12","4","1","0","0","1","0","0"
"POINT (9.967938786000048 53.588660185000037)","Unfall 8818 (2017) Kat:2, Licht: 2","8818","2","4","6","11","17","1","0","2","0","1","1","0"
"POINT (9.975655663000055 53.465578196000081)","Unfall 8819 (2017) Kat:3, Licht: 0","8819","3","6","2","04","17","4","1","0","0","1","0","0"