WKT,Name,OBJECTID,UKATEGORIE,UTYP1,UART,UMONAT,USTUNDE,UWOCHENTAG,STRZUSTAND,ULICHTVERH,ISTRAD,ISTPKW,ISTFUSS,ISTKRAD
"POINT (9.980847617000052 53.464007730000048)","Unfall 8820 (2017) Kat:3, Licht: 2","8820","3","1","8","11","03","7","1","2","0","1","0","0"
"POINT (9.945584944000075 53.471052321000059)","Unfall 8821 (2017) Kat:3, Licht: 0","8821","3","3","5","04","12","4","0","0","1","1","0","0"
"POINT (9.995184494000057 53.593665003000069)","Unfall 8822 (2017) Kat:3, Licht: 1","8822","3","1","4","11","16","7","1","1","0","1","0","1"
"POINT (10.024083818000065 53.572807258000068)","Unfall 8823 (2017) Kat:3, Licht: 2","8823","3","6","2","11","05","7","1","2","0","1","0","0"
"POINT (10.037925219000044 53.560539360000064)","Unfall 8824 (2017) Kat:3, Licht: 0","8824","3","4","6","04","15","4","1","0","0","0","1","0"
"POINT (9.932393317000049 53.586617533000037)","Unfall 8825 (2017) Kat:3, Licht: 2","8825","3","6","2","11","22","7","1","2","0","1","0","0"
"POINT (9.938861603000021 53.624909956000067)","Unfall 8826 (2017) Kat:3, Licht: 1","8826","3","2","6","11","16","7","1","1","0","1","1","0"
"POINT (9.966534929000034 53.594394040000054)","Unfall 8828 (2017) Kat:3, Licht: 0","8828","3","5","0","04","12","4","1","0","0","1","0","0"
"POINT (10.090688037000064 53.507906221000042)","Unfall 8829 (2017) Kat:3, Licht: 0","8829","3","6","2","04","13","3","1","0","0","1","0","0"
"POINT (9.992875915000070 53.592756980000047)","Unfall 8830 (2017) Kat:3, Licht: 2","8830","3","1","0","11","05","7","1","2","0","1","0","0"
"POINT (10.027719782000077 53.548754678000080)","Unfall 8831 (2017) Kat:3, Licht: 0","8831","3","6","4","07","09","6","0","0","1","0","0","0"
"POINT (9.863976661000038 53.471473634000063)","Unfall 8833 (2017) Kat:3, Licht: 0","8833","3","7","0","04","15","2","0","0","0","0","0","0"
"POINT (9.832998620000069 53.471602301000075)","Unfall 8834 (2017) Kat:3, Licht: 0","8834","3","6","2","11","11","6","1","0","0","0","0","0"
"POINT (10.222017356000038 53.483011953000073)","Unfall 8837 (2017) Kat:2, Licht: 0","8837","2","4","6","04","16","2","0","0","0","1","1","0"
"POINT (9.928699133000066 53.461170578000065)","Unfall 8838 (2017) Kat:3, Licht: 2","8838","3","1","3","11","20","6","1","2","0","1","0","0"
"POINT (9.920865015000061 53.563954736000028)","Unfall 8841 (2017) Kat:3, Licht: 0","8841","3","7","6","11","13","6","1","0","0","1","1","0"
"POINT (9.838483575000055 53.472155596000050)","Unfall 8842 (2017) Kat:3, Licht: 2","8842","3","6","2","11","18","5","0","2","0","1","0","0"
"POINT (10.009162962000062 53.547782179000080)","Unfall 8845 (2017) Kat:3, Licht: 0","8845","3","6","3","11","14","5","0","0","0","0","0","0"
"POINT (10.028251838000074 53.534492902000068)","Unfall 8846 (2017) Kat:3, Licht: 0","8846","3","6","2","11","15","5","0","0","0","1","0","0"
"POINT (9.870258814000067 53.571170936000044)","Unfall 8848 (2017) Kat:3, Licht: 0","8848","3","6","1","11","15","5","0","0","0","1","0","0"
"POINT (9.958634699000072 53.609687525000027)","Unfall 8850 (2017) Kat:3, Licht: 0","8850","3","2","4","11","15","5","0","0","0","1","0","0"
"POINT (10.040864896000073 53.552596252000058)","Unfall 8851 (2017) Kat:3, Licht: 0","8851","3","2","4","07","11","6","0","0","0","1","0","0"
"POINT (10.034714679000047 53.494742783000049)","Unfall 8852 (2017) Kat:3, Licht: 0","8852","3","6","3","11","09","4","0","0","0","1","0","0"
"POINT (10.016910151000047 53.587508632000038)","Unfall 8853 (2017) Kat:3, Licht: 0","8853","3","6","4","07","12","6","0","0","1","0","0","0"
"POINT (9.950848134000069 53.649128484000073)","Unfall 8854 (2017) Kat:3, Licht: 0","8854","3","6","2","07","08","5","0","0","0","1","0","0"
"POINT (10.032421993000071 53.540449017000071)","Unfall 8855 (2017) Kat:3, Licht: 2","8855","3","3","5","04","02","2","0","2","0","1","0","0"
"POINT (10.031158628000071 53.537735515000065)","Unfall 8856 (2017) Kat:3, Licht: 2","8856","3","2","4","11","00","4","0","2","0","1","0","0"
"POINT (9.922875334000025 53.599201643000072)","Unfall 8857 (2017) Kat:3, Licht: 2","8857","3","6","2","11","17","4","0","2","0","1","0","0"
"POINT (9.998182033000035 53.594432842000060)","Unfall 8859 (2017) Kat:3, Licht: 1","8859","3","7","0","04","19","2","1","1","1","1","0","0"
"POINT (9.953540390000057 53.561614410000061)","Unfall 8860 (2017) Kat:3, Licht: 0","8860","3","7","0","11","08","4","0","0","1","0","0","0"
"POINT (10.023982951000050 53.469113627000070)","Unfall 8862 (2017) Kat:3, Licht: 0","8862","3","6","2","11","16","3","1","0","0","1","0","0"
"POINT (9.936476387000027 53.438528555000062)","Unfall 8863 (2017) Kat:3, Licht: 0","8863","3","2","2","07","18","4","1","0","0","1","0","0"
"POINT (10.023708988000067 53.529007405000073)","Unfall 8864 (2017) Kat:3, Licht: 2","8864","3","6","3","11","05","3","1","2","0","1","0","0"
"POINT (10.036160141000039 53.496411889000058)","Unfall 8865 (2017) Kat:3, Licht: 0","8865","3","6","1","07","14","4","1","0","0","1","0","0"
"POINT (10.210755377000055 53.487319651000064)","Unfall 8866 (2017) Kat:3, Licht: 0","8866","3","2","6","07","14","4","1","0","0","1","1","0"
"POINT (10.135134444000073 53.526737197000045)","Unfall 8867 (2017) Kat:3, Licht: 0","8867","3","6","2","07","06","4","1","0","0","1","0","0"
"POINT (10.135051470000064 53.526767836000033)","Unfall 8868 (2017) Kat:3, Licht: 0","8868","3","6","5","07","06","4","1","0","0","1","0","0"
"POINT (10.202533561000052 53.491099466000037)","Unfall 8870 (2017) Kat:3, Licht: 0","8870","3","2","4","11","09","3","1","0","0","1","0","0"
"POINT (9.930995072000030 53.629345964000038)","Unfall 8871 (2017) Kat:3, Licht: 0","8871","3","6","2","07","20","4","0","0","0","1","0","0"
"POINT (9.837255134000031 53.573801952000053)","Unfall 8873 (2017) Kat:2, Licht: 0","8873","2","3","5","11","10","3","0","0","0","1","0","0"
"POINT (9.944131320000054 53.569474678000063)","Unfall 8876 (2017) Kat:3, Licht: 1","8876","3","2","5","11","07","3","1","1","0","1","0","0"
"POINT (9.849625292000042 53.472703686000045)","Unfall 8879 (2017) Kat:3, Licht: 2","8879","3","6","2","11","18","2","0","2","0","1","0","0"
"POINT (9.827392363000058 53.471063512000057)","Unfall 8880 (2017) Kat:3, Licht: 0","8880","3","4","6","11","08","2","0","0","0","1","1","0"
"POINT (9.753692579000074 53.582995817000040)","Unfall 8883 (2017) Kat:3, Licht: 1","8883","3","2","4","11","16","2","1","1","1","1","0","0"
"POINT (9.913483638000059 53.565125025000043)","Unfall 8885 (2017) Kat:3, Licht: 2","8885","3","6","2","11","18","2","0","2","0","1","0","0"
"POINT (9.913672889000054 53.497218312000030)","Unfall 8888 (2017) Kat:3, Licht: 0","8888","3","6","1","07","12","3","0","0","0","1","0","0"
"POINT (9.992989555000065 53.457550527000080)","Unfall 8889 (2017) Kat:3, Licht: 0","8889","3","3","4","07","17","3","0","0","0","1","0","0"
"POINT (9.930568647000030 53.648323492000031)","Unfall 8890 (2017) Kat:3, Licht: 0","8890","3","6","2","07","11","3","1","0","0","1","0","0"
"POINT (9.955339438000067 53.561222278000059)","Unfall 8891 (2017) Kat:3, Licht: 0","8891","3","6","6","07","16","3","1","0","1","0","1","0"
"POINT (10.032817348000037 53.492822350000040)","Unfall 8892 (2017) Kat:3, Licht: 0","8892","3","6","3","07","07","2","0","0","0","1","0","0"
"POINT (10.025985902000059 53.558603682000069)","Unfall 8893 (2017) Kat:3, Licht: 0","8893","3","6","2","07","17","2","1","0","0","1","0","0"
"POINT (9.977330588000029 53.587508045000050)","Unfall 8894 (2017) Kat:3, Licht: 0","8894","3","3","5","07","14","2","1","0","1","1","0","0"
"POINT (9.923279128000047 53.539591406000056)","Unfall 8895 (2017) Kat:3, Licht: 0","8895","3","7","6","07","14","1","0","0","0","0","1","1"
"POINT (9.984591617000035 53.601269436000052)","Unfall 8896 (2017) Kat:3, Licht: 0","8896","3","6","3","07","18","1","0","0","0","1","0","1"
"POINT (9.969537096000067 53.584039270000062)","Unfall 8898 (2017) Kat:3, Licht: 0","8898","3","2","4","07","15","1","0","0","1","1","0","0"
"POINT (10.021121383000036 53.575336707000076)","Unfall 8899 (2017) Kat:3, Licht: 0","8899","3","6","1","07","18","7","0","0","0","1","0","0"
"POINT (9.911629668000046 53.565611702000069)","Unfall 8900 (2017) Kat:3, Licht: 0","8900","3","7","0","04","16","2","0","0","0","1","0","1"
"POINT (10.028625257000044 53.547617906000028)","Unfall 8901 (2017) Kat:2, Licht: 0","8901","2","1","0","04","15","1","0","0","0","0","0","1"
"POINT (9.950302716000067 53.572657294000066)","Unfall 8902 (2017) Kat:2, Licht: 0","8902","2","3","5","04","12","1","0","0","1","1","0","0"
"POINT (9.936614889000055 53.626490213000068)","Unfall 8903 (2017) Kat:3, Licht: 0","8903","3","3","5","04","10","7","0","0","1","1","0","0"
"POINT (9.985321664000026 53.591448483000079)","Unfall 8904 (2017) Kat:3, Licht: 0","8904","3","3","5","04","15","6","0","0","1","1","0","0"
"POINT (9.951320440000075 53.615205091000064)","Unfall 8905 (2017) Kat:3, Licht: 0","8905","3","2","0","11","09","2","0","0","1","1","0","0"
"POINT (10.149963231000072 53.550796708000064)","Unfall 8906 (2017) Kat:3, Licht: 0","8906","3","6","2","04","12","5","0","0","0","1","0","0"
"POINT (10.102613279000025 53.564848460000064)","Unfall 8907 (2017) Kat:2, Licht: 0","8907","2","6","2","04","07","5","0","0","0","1","0","0"
"POINT (9.910672129000034 53.631616595000082)","Unfall 8908 (2017) Kat:3, Licht: 0","8908","3","6","1","11","14","2","0","0","0","1","0","0"
"POINT (9.922095838000075 53.593742993000035)","Unfall 8909 (2017) Kat:3, Licht: 0","8909","3","6","2","04","16","5","0","0","0","1","0","0"
"POINT (9.983263485000066 53.548423903000071)","Unfall 8910 (2017) Kat:3, Licht: 0","8910","3","2","3","11","11","2","0","0","1","0","0","0"
"POINT (10.004817205000052 53.547650104000070)","Unfall 8911 (2017) Kat:3, Licht: 0","8911","3","1","0","11","07","2","0","0","0","0","0","1"
"POINT (9.897168579000038 53.555406914000059)","Unfall 8912 (2017) Kat:3, Licht: 0","8912","3","6","2","04","16","5","0","0","0","1","0","0"
"POINT (10.029578790000073 53.447247190000041)","Unfall 8913 (2017) Kat:3, Licht: 0","8913","3","1","9","11","10","1","1","0","0","1","0","0"
"POINT (10.026266867000061 53.556957089000036)","Unfall 8914 (2017) Kat:3, Licht: 0","8914","3","3","6","04","10","4","0","0","0","1","1","0"
"POINT (10.040624971000057 53.555377387000078)","Unfall 8915 (2017) Kat:3, Licht: 1","8915","3","2","5","11","16","1","0","1","1","0","0","0"
"POINT (9.964146194000023 53.556887453000058)","Unfall 8916 (2017) Kat:3, Licht: 1","8916","3","2","0","11","16","1","0","1","1","1","0","0"
"POINT (9.898849889000076 53.565322175000063)","Unfall 8917 (2017) Kat:3, Licht: 0","8917","3","3","5","04","07","4","0","0","1","0","0","0"
"POINT (9.889110235000032 53.567851002000054)","Unfall 8918 (2017) Kat:3, Licht: 0","8918","3","6","1","11","13","7","0","0","0","1","0","1"
"POINT (9.936938237000049 53.563717751000070)","Unfall 8919 (2017) Kat:3, Licht: 0","8919","3","2","4","04","16","4","0","0","1","1","0","0"
"POINT (9.964100977000044 53.580034129000069)","Unfall 8920 (2017) Kat:3, Licht: 0","8920","3","6","2","11","14","7","0","0","0","1","0","0"
"POINT (9.868529715000022 53.471671691000040)","Unfall 8921 (2017) Kat:3, Licht: 0","8921","3","6","2","11","08","6","0","0","0","1","0","0"
"POINT (10.038912271000072 53.559188396000081)","Unfall 8923 (2017) Kat:3, Licht: 0","8923","3","2","2","04","19","3","0","0","0","1","0","0"
"POINT (9.921253460000060 53.593078389000027)","Unfall 8925 (2017) Kat:3, Licht: 0","8925","3","6","2","04","07","3","0","0","0","1","0","0"
"POINT (10.028744878000055 53.547830772000054)","Unfall 8926 (2017) Kat:3, Licht: 0","8926","3","2","6","11","11","6","0","0","0","1","1","0"
"POINT (9.986771247000036 53.603306300000042)","Unfall 8927 (2017) Kat:3, Licht: 0","8927","3","6","2","04","18","3","0","0","0","1","0","0"
"POINT (10.017626075000067 53.586438814000076)","Unfall 8928 (2017) Kat:3, Licht: 0","8928","3","7","7","11","08","6","0","0","1","0","0","0"
"POINT (10.019045097000060 53.580158108000035)","Unfall 8931 (2017) Kat:3, Licht: 0","8931","3","7","3","04","16","2","0","0","0","1","0","1"
"POINT (9.987091675000045 53.547640681000075)","Unfall 8932 (2017) Kat:3, Licht: 0","8932","3","6","2","04","11","2","0","0","0","1","0","0"
"POINT (9.946583034000071 53.619126450000067)","Unfall 8933 (2017) Kat:3, Licht: 0","8933","3","2","4","11","13","6","0","0","0","1","0","0"
"POINT (9.943453028000022 53.440015694000067)","Unfall 8934 (2017) Kat:3, Licht: 2","8934","3","1","9","04","03","1","0","2","0","1","0","0"
"POINT (10.026986915000066 53.458621929000060)","Unfall 8935 (2017) Kat:2, Licht: 0","8935","2","6","3","11","15","5","0","0","0","0","0","0"
"POINT (10.041226770000037 53.552604314000064)","Unfall 8936 (2017) Kat:3, Licht: 2","8936","3","6","2","04","03","1","0","2","0","1","0","0"
"POINT (9.870606770000052 53.571157355000082)","Unfall 8937 (2017) Kat:3, Licht: 1","8937","3","6","2","04","18","1","0","1","0","1","0","0"
"POINT (10.225172446000045 53.481717155000069)","Unfall 8938 (2017) Kat:3, Licht: 0","8938","3","3","6","11","08","5","1","0","0","1","1","0"
"POINT (9.960549169000046 53.647081804000038)","Unfall 8939 (2017) Kat:3, Licht: 2","8939","3","1","9","04","05","1","0","2","0","1","0","0"
"POINT (9.907519873000069 53.647842905000061)","Unfall 8940 (2017) Kat:3, Licht: 0","8940","3","3","5","11","08","5","1","0","0","1","0","0"
"POINT (9.919400798000027 53.443044516000043)","Unfall 8941 (2017) Kat:3, Licht: 0","8941","3","6","3","04","14","7","0","0","0","1","0","0"
"POINT (10.202371519000053 53.491180828000040)","Unfall 8942 (2017) Kat:3, Licht: 0","8942","3","3","5","04","11","7","0","0","1","1","0","0"
"POINT (9.945343557000058 53.620166937000079)","Unfall 8943 (2017) Kat:3, Licht: 0","8943","3","6","2","11","13","5","0","0","0","1","0","0"
"POINT (10.026169964000076 53.554057805000070)","Unfall 8944 (2017) Kat:2, Licht: 0","8944","2","6","0","04","19","7","0","0","0","1","0","1"
"POINT (9.979817858000047 53.588495937000062)","Unfall 8945 (2017) Kat:3, Licht: 0","8945","3","3","6","11","13","5","0","0","1","0","1","0"
"POINT (10.032415038000067 53.540410318000056)","Unfall 8946 (2017) Kat:3, Licht: 0","8946","3","2","3","04","08","7","0","0","0","1","0","0"
"POINT (10.172331240000062 53.511675921000062)","Unfall 8947 (2017) Kat:3, Licht: 0","8947","3","6","2","11","07","4","1","0","0","1","0","0"
"POINT (9.835175564000053 53.574234343000057)","Unfall 8948 (2017) Kat:3, Licht: 0","8948","3","2","2","04","11","7","0","0","0","1","0","0"
"POINT (10.026009918000057 53.551962921000040)","Unfall 8949 (2017) Kat:3, Licht: 2","8949","3","3","5","11","05","4","1","2","0","0","0","0"
"POINT (9.956135427000049 53.611395376000075)","Unfall 8950 (2017) Kat:3, Licht: 2","8950","3","6","2","10","18","3","0","2","0","1","0","0"
"POINT (9.899030450000055 53.565153592000058)","Unfall 8951 (2017) Kat:3, Licht: 0","8951","3","3","5","04","16","7","0","0","1","1","0","0"
"POINT (9.911021887000061 53.633494451000047)","Unfall 8952 (2017) Kat:3, Licht: 2","8952","3","3","5","10","22","3","1","2","0","1","0","0"
"POINT (10.028491763000034 53.547791338000081)","Unfall 8954 (2017) Kat:3, Licht: 0","8954","3","2","4","10","12","2","0","0","0","1","0","0"
"POINT (9.975331901000061 53.587082624000061)","Unfall 8955 (2017) Kat:3, Licht: 2","8955","3","6","3","10","19","2","0","2","1","1","0","0"
"POINT (9.856227795000052 53.472003975000064)","Unfall 8956 (2017) Kat:3, Licht: 0","8956","3","3","5","07","12","6","0","0","0","1","0","0"
"POINT (10.017790832000060 53.586160282000037)","Unfall 8957 (2017) Kat:3, Licht: 0","8957","3","7","6","07","11","6","0","0","1","0","1","0"
"POINT (9.952923444000021 53.613067282000031)","Unfall 8958 (2017) Kat:3, Licht: 0","8958","3","3","5","04","13","7","0","0","1","1","0","0"
"POINT (9.986508123000021 53.460039716000040)","Unfall 8959 (2017) Kat:3, Licht: 0","8959","3","6","1","07","18","5","0","0","0","1","0","1"
"POINT (9.898883410000053 53.561913607000065)","Unfall 8961 (2017) Kat:3, Licht: 2","8961","3","6","2","10","18","1","0","2","0","1","0","0"
"POINT (10.032409277000056 53.540437017000045)","Unfall 8962 (2017) Kat:3, Licht: 2","8962","3","2","4","07","01","5","0","2","0","1","0","0"
"POINT (9.901520127000026 53.568700022000030)","Unfall 8964 (2017) Kat:3, Licht: 2","8964","3","6","2","10","17","1","1","2","0","1","0","0"
"POINT (9.933482518000062 53.533353139000042)","Unfall 8967 (2017) Kat:3, Licht: 0","8967","3","6","2","10","15","7","1","0","0","1","0","0"
"POINT (9.907354542000064 53.648329385000068)","Unfall 8970 (2017) Kat:3, Licht: 2","8970","3","6","4","10","06","7","1","2","0","1","0","0"
"POINT (9.960436914000070 53.575769753000031)","Unfall 8971 (2017) Kat:3, Licht: 2","8971","3","1","9","10","06","7","1","2","0","1","0","0"
"POINT (9.980639767000071 53.548955445000047)","Unfall 8974 (2017) Kat:3, Licht: 2","8974","3","6","2","10","17","7","1","2","0","1","0","0"
"POINT (9.997474883000052 53.479841307000072)","Unfall 8975 (2017) Kat:3, Licht: 1","8975","3","6","2","10","18","6","1","1","0","1","0","0"
"POINT (10.022581105000029 53.478256090000059)","Unfall 8977 (2017) Kat:3, Licht: 0","8977","3","6","2","10","14","6","0","0","0","1","0","0"
"POINT (10.027588242000036 53.548923364000075)","Unfall 8978 (2017) Kat:3, Licht: 0","8978","3","2","5","10","15","6","0","0","1","1","0","0"
"POINT (10.065374134000024 53.550150845000076)","Unfall 8980 (2017) Kat:3, Licht: 0","8980","3","2","3","10","14","6","0","0","1","1","0","0"
"POINT (9.908191724000062 53.620427558000074)","Unfall 8982 (2017) Kat:3, Licht: 2","8982","3","2","4","10","18","6","0","2","0","1","0","0"
"POINT (10.026948030000028 53.570353941000064)","Unfall 8983 (2017) Kat:3, Licht: 0","8983","3","6","4","07","17","5","0","0","1","0","0","0"
"POINT (10.034969275000037 53.563765601000057)","Unfall 8984 (2017) Kat:3, Licht: 0","8984","3","6","3","07","15","5","0","0","0","1","0","0"
"POINT (9.931783713000073 53.587834652000026)","Unfall 8985 (2017) Kat:2, Licht: 0","8985","2","3","0","07","13","5","0","0","1","0","0","0"
"POINT (9.897626747000061 53.555872471000043)","Unfall 8986 (2017) Kat:3, Licht: 0","8986","3","6","3","07","17","5","0","0","0","1","0","0"
"POINT (9.976643803000059 53.646063986000058)","Unfall 8987 (2017) Kat:3, Licht: 0","8987","3","6","2","07","15","5","0","0","0","1","0","0"
"POINT (9.969795488000045 53.550818274000051)","Unfall 8988 (2017) Kat:3, Licht: 0","8988","3","6","6","07","18","5","0","0","1","0","1","0"
"POINT (10.131423863000066 53.567200985000056)","Unfall 8989 (2017) Kat:3, Licht: 0","8989","3","6","2","07","07","4","1","0","0","1","0","0"
"POINT (9.966683182000054 53.593692786000076)","Unfall 8990 (2017) Kat:3, Licht: 0","8990","3","2","5","07","15","4","0","0","1","0","0","0"
"POINT (9.827024147000032 53.471031819000075)","Unfall 8991 (2017) Kat:3, Licht: 0","8991","3","6","3","07","15","3","0","0","0","1","0","0"
"POINT (9.908189144000062 53.620417087000078)","Unfall 8993 (2017) Kat:3, Licht: 0","8993","3","2","5","07","13","3","0","0","0","1","0","0"
"POINT (9.988926915000036 53.592759269000055)","Unfall 8995 (2017) Kat:3, Licht: 0","8995","3","6","6","07","14","3","0","0","1","0","1","0"
"POINT (9.984098829000061 53.600820835000036)","Unfall 8997 (2017) Kat:3, Licht: 0","8997","3","6","6","04","14","7","0","0","1","0","1","0"
"POINT (9.937598551000065 53.563689736000072)","Unfall 8998 (2017) Kat:3, Licht: 0","8998","3","7","1","07","09","3","0","0","1","0","0","0"
"POINT (9.986963454000033 53.547660371000063)","Unfall 8999 (2017) Kat:3, Licht: 0","8999","3","1","0","04","13","7","0","0","0","0","0","1"
"POINT (9.823305947000051 53.470628126000065)","Unfall 9000 (2017) Kat:3, Licht: 0","9000","3","7","3","03","17","6","0","0","0","1","0","0"
"POINT (10.030883589000041 53.490518974000054)","Unfall 9001 (2017) Kat:2, Licht: 0","9001","2","6","3","03","11","6","0","0","0","1","0","0"
"POINT (10.030394055000045 53.545334410000066)","Unfall 9002 (2017) Kat:3, Licht: 0","9002","3","2","5","03","17","6","0","0","1","1","0","0"
"POINT (10.046175654000024 53.552473331000044)","Unfall 9003 (2017) Kat:3, Licht: 0","9003","3","6","1","03","11","6","0","0","0","1","0","0"
"POINT (10.010083701000042 53.620485417000054)","Unfall 9004 (2017) Kat:3, Licht: 0","9004","3","4","6","03","15","6","0","0","0","1","1","0"
"POINT (10.023741306000034 53.573085067000079)","Unfall 9005 (2017) Kat:3, Licht: 0","9005","3","2","3","03","08","6","0","0","1","0","0","0"
"POINT (9.958921860000032 53.573834353000052)","Unfall 9006 (2017) Kat:3, Licht: 0","9006","3","6","6","03","16","6","0","0","1","0","1","0"
"POINT (9.983936159000052 53.594190319000063)","Unfall 9007 (2017) Kat:3, Licht: 1","9007","3","6","1","10","07","6","1","1","0","1","0","0"
"POINT (9.948531170000024 53.562341084000082)","Unfall 9008 (2017) Kat:3, Licht: 0","9008","3","2","6","03","10","6","0","0","0","0","1","0"
"POINT (9.984042631000023 53.600762623000037)","Unfall 9009 (2017) Kat:3, Licht: 0","9009","3","1","9","10","13","6","0","0","0","1","0","0"
"POINT (9.959295112000064 53.560300418000054)","Unfall 9010 (2017) Kat:3, Licht: 2","9010","3","7","6","03","19","6","0","2","1","0","1","0"
"POINT (9.842463150000071 53.472556081000050)","Unfall 9011 (2017) Kat:3, Licht: 0","9011","3","3","5","10","11","5","0","0","1","1","0","0"
"POINT (9.911020894000046 53.633488906000082)","Unfall 9012 (2017) Kat:3, Licht: 0","9012","3","3","1","10","12","5","0","0","1","1","0","0"
"POINT (9.938988102000053 53.575374188000069)","Unfall 9013 (2017) Kat:3, Licht: 0","9013","3","6","3","10","16","5","0","0","0","1","0","0"
"POINT (9.944218596000042 53.471136520000073)","Unfall 9014 (2017) Kat:3, Licht: 0","9014","3","6","2","03","10","5","1","0","0","1","0","0"
"POINT (9.958009563000076 53.560662827000044)","Unfall 9015 (2017) Kat:3, Licht: 0","9015","3","4","6","07","19","3","0","0","1","0","1","0"
"POINT (9.961754597000038 53.559219207000069)","Unfall 9016 (2017) Kat:3, Licht: 0","9016","3","2","3","07","09","3","0","0","1","0","0","0"
"POINT (9.974605850000046 53.549538945000052)","Unfall 9017 (2017) Kat:3, Licht: 0","9017","3","3","0","07","13","3","0","0","1","0","0","0"
"POINT (10.212490284000069 53.486694988000067)","Unfall 9018 (2017) Kat:3, Licht: 0","9018","3","4","6","03","17","5","0","0","0","1","1","0"
"POINT (9.932169754000029 53.628509932000043)","Unfall 9019 (2017) Kat:3, Licht: 0","9019","3","3","5","03","07","5","0","0","1","1","0","0"
"POINT (9.969543541000064 53.584139562000075)","Unfall 9020 (2017) Kat:3, Licht: 2","9020","3","2","4","03","22","4","1","2","0","1","0","0"
"POINT (9.964484591000030 53.555657572000030)","Unfall 9021 (2017) Kat:3, Licht: 0","9021","3","2","5","03","18","4","1","0","1","1","0","0"
"POINT (9.948992640000029 53.562253272000078)","Unfall 9022 (2017) Kat:3, Licht: 0","9022","3","7","6","10","09","5","0","0","0","0","1","0"
"POINT (10.025570009000035 53.552587858000038)","Unfall 9023 (2017) Kat:3, Licht: 0","9023","3","6","4","03","09","3","0","0","1","0","0","0"
"POINT (10.207826169000043 53.488138388000039)","Unfall 9024 (2017) Kat:2, Licht: 0","9024","2","4","6","10","17","4","0","0","0","1","1","0"
"POINT (10.029433717000074 53.568367308000063)","Unfall 9025 (2017) Kat:3, Licht: 0","9025","3","4","6","03","15","3","0","0","1","0","1","0"
"POINT (10.024848930000076 53.542659031000028)","Unfall 9026 (2017) Kat:3, Licht: 0","9026","3","6","2","10","10","4","1","0","0","1","0","0"
"POINT (9.908190553000054 53.620422809000047)","Unfall 9027 (2017) Kat:3, Licht: 0","9027","3","2","4","03","10","3","0","0","0","0","0","0"
"POINT (9.900041067000075 53.565086297000050)","Unfall 9028 (2017) Kat:3, Licht: 1","9028","3","2","3","10","06","4","1","1","0","1","0","0"
"POINT (10.149205621000021 53.549557307000043)","Unfall 9029 (2017) Kat:2, Licht: 0","9029","2","6","3","03","10","2","0","0","0","1","0","0"
"POINT (9.907807778000063 53.575689598000054)","Unfall 9030 (2017) Kat:3, Licht: 1","9030","3","6","2","10","06","4","1","1","0","1","0","0"
"POINT (9.747598622000055 53.584650038000063)","Unfall 9031 (2017) Kat:3, Licht: 0","9031","3","6","4","03","17","2","0","0","0","1","0","0"
"POINT (9.816364333000024 53.577440707000051)","Unfall 9032 (2017) Kat:3, Licht: 0","9032","3","3","5","03","08","2","0","0","1","1","0","0"
"POINT (9.939803430000040 53.574462543000038)","Unfall 9033 (2017) Kat:3, Licht: 2","9033","3","6","1","10","06","4","1","2","0","1","0","0"
"POINT (9.916924033000043 53.564377296000032)","Unfall 9034 (2017) Kat:3, Licht: 0","9034","3","6","2","03","05","2","0","0","0","1","0","0"
"POINT (9.809955507000041 53.467615361000071)","Unfall 9035 (2017) Kat:3, Licht: 0","9035","3","6","2","10","10","3","0","0","0","1","0","0"
"POINT (10.124414997000031 53.566043154000056)","Unfall 9036 (2017) Kat:3, Licht: 0","9036","3","1","9","10","13","3","1","0","0","1","0","0"
"POINT (9.983924525000077 53.596109758000068)","Unfall 9037 (2017) Kat:3, Licht: 0","9037","3","6","2","03","07","2","0","0","0","1","0","0"
"POINT (10.032003395000061 53.543285117000039)","Unfall 9038 (2017) Kat:3, Licht: 2","9038","3","6","1","10","17","3","1","2","0","1","0","0"
"POINT (10.000022364000074 53.594368381000038)","Unfall 9039 (2017) Kat:3, Licht: 2","9039","3","1","9","10","22","3","1","2","0","1","0","0"
"POINT (9.927611696000042 53.593139907000079)","Unfall 9040 (2017) Kat:3, Licht: 0","9040","3","6","2","10","07","3","1","0","0","1","0","0"
"POINT (10.018034544000045 53.585768357000063)","Unfall 9041 (2017) Kat:3, Licht: 2","9041","3","7","5","03","22","1","0","2","0","1","0","0"
"POINT (10.002745355000059 53.615117532000056)","Unfall 9043 (2017) Kat:3, Licht: 0","9043","3","2","2","03","13","7","0","0","0","1","0","0"
"POINT (9.993792183000039 53.547323089000031)","Unfall 9044 (2017) Kat:3, Licht: 0","9044","3","6","2","10","17","3","0","0","0","1","0","0"
"POINT (9.991561466000064 53.607192772000076)","Unfall 9045 (2017) Kat:3, Licht: 0","9045","3","6","1","03","10","7","0","0","0","1","0","0"
"POINT (10.040802332000055 53.552594858000077)","Unfall 9046 (2017) Kat:3, Licht: 0","9046","3","2","4","10","16","2","1","0","0","1","0","0"
"POINT (10.214713695000057 53.486075345000074)","Unfall 9049 (2017) Kat:3, Licht: 0","9049","3","6","3","03","10","6","0","0","0","0","0","0"
"POINT (9.917751762000023 53.542196048000051)","Unfall 9050 (2017) Kat:3, Licht: 2","9050","3","6","2","10","18","2","1","2","0","1","0","0"
"POINT (10.031959365000034 53.543340896000075)","Unfall 9053 (2017) Kat:3, Licht: 0","9053","3","6","2","03","09","6","0","0","0","1","0","0"
"POINT (9.969963850000056 53.550733785000034)","Unfall 9054 (2017) Kat:3, Licht: 0","9054","3","3","5","10","14","1","1","0","0","1","0","0"
"POINT (9.974757623000073 53.549520163000068)","Unfall 9055 (2017) Kat:2, Licht: 2","9055","2","4","6","10","02","1","1","2","0","1","1","0"
"POINT (9.867251701000043 53.471621731000027)","Unfall 9058 (2017) Kat:3, Licht: 2","9058","3","6","3","10","19","7","1","2","0","1","0","0"
"POINT (10.024374547000036 53.529845919000081)","Unfall 9059 (2017) Kat:3, Licht: 0","9059","3","1","8","10","16","7","0","0","0","1","0","0"