WKT,Name,OBJECTID,UKATEGORIE,UTYP1,UART,UMONAT,USTUNDE,UWOCHENTAG,STRZUSTAND,ULICHTVERH,ISTRAD,ISTPKW,ISTFUSS,ISTKRAD
"POINT (9.987864501000047 53.603305016000036)","Unfall 121078 (2017) Kat:3, Licht: 0","121078","3","6","2","01","13","2","0","0","0","1","0","0"
"POINT (9.975508415000036 53.588753200000042)","Unfall 121079 (2017) Kat:3, Licht: 1","121079","3","2","4","01","07","2","0","1","0","1","0","0"
"POINT (9.988920644000075 53.557991044000062)","Unfall 121080 (2017) Kat:3, Licht: 2","121080","3","4","6","01","07","2","0","2","0","1","1","0"
"POINT (9.987174078000066 53.461569796000049)","Unfall 121081 (2017) Kat:3, Licht: 0","121081","3","6","2","01","08","2","0","0","0","1","0","0"
"POINT (10.137819154000056 53.580475827000043)","Unfall 121082 (2017) Kat:3, Licht: 0","121082","3","6","4","01","09","1","0","0","0","1","0","0"
"POINT (10.135313644000064 53.594386116000067)","Unfall 121083 (2017) Kat:2, Licht: 2","121083","2","2","4","01","00","1","0","2","0","1","0","0"
"POINT (10.183106024000040 53.606991895000078)","Unfall 121084 (2017) Kat:3, Licht: 2","121084","3","1","8","01","01","1","1","2","0","1","0","0"
"POINT (10.044024926000077 53.591489195000065)","Unfall 121085 (2017) Kat:3, Licht: 2","121085","3","3","5","01","21","1","0","2","0","1","0","0"
"POINT (9.934245502000067 53.551850953000041)","Unfall 121086 (2017) Kat:3, Licht: 1","121086","3","4","0","01","16","1","0","1","0","0","1","0"
"POINT (10.183390987000053 53.509559783000043)","Unfall 121087 (2017) Kat:3, Licht: 2","121087","3","1","9","01","20","7","1","2","0","1","0","0"
"POINT (10.084241910000060 53.550598833000038)","Unfall 121088 (2017) Kat:3, Licht: 2","121088","3","3","5","01","18","7","0","2","0","1","0","0"
"POINT (10.141638506000049 53.574035339000034)","Unfall 121089 (2017) Kat:3, Licht: 2","121089","3","7","6","01","17","7","0","2","0","1","1","0"
"POINT (10.128345905000060 53.601157338000064)","Unfall 121090 (2017) Kat:3, Licht: 0","121090","3","2","5","01","13","7","1","0","1","1","0","0"
"POINT (10.070520984000041 53.582357077000040)","Unfall 121091 (2017) Kat:3, Licht: 2","121091","3","4","6","01","21","7","0","2","0","1","1","0"
"POINT (10.037769373000060 53.648601016000043)","Unfall 121092 (2017) Kat:3, Licht: 0","121092","3","2","6","01","10","7","0","0","0","1","1","0"
"POINT (10.030844779000063 53.573724059000028)","Unfall 121093 (2017) Kat:3, Licht: 0","121093","3","3","5","01","16","7","0","0","0","1","0","0"
"POINT (10.046499937000021 53.586412607000057)","Unfall 121094 (2017) Kat:3, Licht: 2","121094","3","7","0","01","18","7","0","2","0","0","0","1"
"POINT (10.078007441000068 53.497989489000076)","Unfall 121095 (2017) Kat:3, Licht: 2","121095","3","1","0","01","05","6","0","2","0","1","0","0"
"POINT (10.161463975000061 53.472805510000057)","Unfall 121096 (2017) Kat:3, Licht: 2","121096","3","1","9","01","06","6","1","2","0","1","0","0"
"POINT (10.047696282000061 53.541008356000077)","Unfall 121097 (2017) Kat:3, Licht: 2","121097","3","3","5","01","22","6","1","2","0","1","0","0"
"POINT (10.021258507000027 53.549906820000047)","Unfall 121098 (2017) Kat:3, Licht: 0","121098","3","2","5","01","14","6","0","0","1","1","0","0"
"POINT (10.126977390000036 53.575151448000042)","Unfall 121099 (2017) Kat:3, Licht: 0","121099","3","7","4","01","08","6","1","0","0","1","0","0"
"POINT (10.070072613000036 53.564441997000074)","Unfall 121100 (2017) Kat:3, Licht: 0","121100","3","6","2","01","08","6","1","0","0","1","0","0"
"POINT (10.085509242000057 53.586163281000040)","Unfall 121101 (2017) Kat:3, Licht: 0","121101","3","2","4","01","08","6","1","0","0","1","0","0"
"POINT (10.054504901000030 53.583608248000075)","Unfall 121102 (2017) Kat:3, Licht: 2","121102","3","6","2","01","07","6","1","2","0","1","0","0"
"POINT (10.099459446000026 53.615710193000041)","Unfall 121103 (2017) Kat:3, Licht: 2","121103","3","6","3","01","07","6","0","2","1","1","0","0"
"POINT (10.105805162000024 53.651826906000053)","Unfall 121104 (2017) Kat:3, Licht: 2","121104","3","5","1","01","21","6","1","2","0","1","0","0"
"POINT (10.000532960000044 53.580734422000035)","Unfall 121105 (2017) Kat:3, Licht: 1","121105","3","6","3","01","08","6","1","1","1","1","0","0"
"POINT (10.026370076000035 53.605937026000049)","Unfall 121106 (2017) Kat:3, Licht: 0","121106","3","6","2","01","13","6","1","0","0","1","0","0"
"POINT (10.012975489000041 53.602575533000049)","Unfall 121107 (2017) Kat:3, Licht: 0","121107","3","6","3","01","18","6","0","0","1","0","0","0"
"POINT (10.008745255000065 53.578034649000074)","Unfall 121108 (2017) Kat:3, Licht: 0","121108","3","6","3","01","14","6","1","0","1","1","0","0"
"POINT (9.927574598000035 53.559940134000044)","Unfall 121109 (2017) Kat:3, Licht: 2","121109","3","2","0","01","22","6","0","2","1","1","0","0"
"POINT (9.909631170000068 53.623054705000072)","Unfall 121110 (2017) Kat:2, Licht: 2","121110","2","4","6","01","18","6","1","2","0","1","1","0"
"POINT (9.933304308000061 53.566747550000059)","Unfall 121111 (2017) Kat:2, Licht: 1","121111","2","3","5","01","07","6","1","1","1","0","0","0"
"POINT (10.019157966000023 53.556667927000035)","Unfall 121112 (2017) Kat:3, Licht: 0","121112","3","6","2","01","15","6","1","0","0","1","0","0"
"POINT (10.179784479000034 53.479383371000040)","Unfall 121113 (2017) Kat:3, Licht: 0","121113","3","3","5","01","08","5","0","0","1","1","0","0"
"POINT (10.069198189000076 53.553083672000071)","Unfall 121114 (2017) Kat:3, Licht: 0","121114","3","6","2","01","07","5","0","0","0","1","0","0"
"POINT (10.125111203000074 53.671557012000051)","Unfall 121115 (2017) Kat:2, Licht: 0","121115","2","1","0","01","16","5","1","0","0","1","0","0"
"POINT (10.035819038000056 53.600786526000036)","Unfall 121116 (2017) Kat:3, Licht: 2","121116","3","2","5","01","17","5","0","2","1","1","0","0"
"POINT (10.036640241000043 53.568868289000079)","Unfall 121117 (2017) Kat:3, Licht: 0","121117","3","6","2","01","15","5","0","0","0","1","0","0"
"POINT (10.032472285000040 53.581728580000060)","Unfall 121118 (2017) Kat:3, Licht: 1","121118","3","3","5","01","08","5","0","1","1","1","0","0"
"POINT (9.971513804000040 53.568013533000055)","Unfall 121119 (2017) Kat:3, Licht: 0","121119","3","6","2","01","15","5","0","0","0","1","0","0"
"POINT (9.973344477000069 53.574203025000031)","Unfall 121120 (2017) Kat:3, Licht: 2","121120","3","3","5","01","07","5","0","2","1","0","0","0"
"POINT (9.971483800000044 53.520473521000042)","Unfall 121121 (2017) Kat:3, Licht: 2","121121","3","7","8","01","17","5","1","2","0","0","0","0"
"POINT (10.283279229000073 53.455724843000041)","Unfall 121122 (2017) Kat:3, Licht: 2","121122","3","3","0","01","16","4","0","2","0","1","0","0"
"POINT (10.210447109000029 53.486585407000064)","Unfall 121123 (2017) Kat:2, Licht: 0","121123","2","3","5","01","08","4","0","0","1","1","0","0"
"POINT (10.211890817000040 53.504181667000069)","Unfall 121124 (2017) Kat:2, Licht: 2","121124","2","4","6","01","06","4","1","2","0","1","1","0"
"POINT (10.063513418000070 53.554196189000038)","Unfall 121125 (2017) Kat:3, Licht: 0","121125","3","3","5","01","11","4","1","0","0","1","0","0"
"POINT (10.051333404000047 53.532514884000079)","Unfall 121126 (2017) Kat:3, Licht: 0","121126","3","2","5","01","08","4","0","0","0","1","0","0"
"POINT (10.136199953000073 53.634992297000053)","Unfall 121127 (2017) Kat:1, Licht: 0","121127","1","4","5","01","11","4","0","0","0","0","1","0"
"POINT (10.080263711000043 53.576179438000054)","Unfall 121128 (2017) Kat:3, Licht: 2","121128","3","3","5","01","19","4","0","2","0","1","0","0"
"POINT (10.036799883000072 53.612015734000067)","Unfall 121129 (2017) Kat:3, Licht: 1","121129","3","6","2","01","17","4","1","1","0","1","0","0"
"POINT (10.033888021000053 53.636787778000041)","Unfall 121130 (2017) Kat:3, Licht: 0","121130","3","3","5","01","10","4","0","0","0","1","0","0"
"POINT (10.004406665000033 53.657277967000027)","Unfall 121131 (2017) Kat:3, Licht: 2","121131","3","2","4","01","19","4","0","2","1","1","0","0"
"POINT (10.032323964000057 53.623882378000076)","Unfall 121132 (2017) Kat:3, Licht: 1","121132","3","2","2","01","08","4","0","1","0","1","0","0"
"POINT (10.057244012000069 53.592351054000062)","Unfall 121133 (2017) Kat:3, Licht: 2","121133","3","7","7","01","04","4","0","2","0","1","0","0"
"POINT (9.890075662000072 53.612889948000031)","Unfall 121134 (2017) Kat:3, Licht: 0","121134","3","5","1","01","12","4","0","0","1","1","0","0"
"POINT (9.866650602000050 53.606929430000037)","Unfall 121135 (2017) Kat:3, Licht: 2","121135","3","4","6","01","17","4","0","2","0","1","1","0"
"POINT (9.978638984000043 53.590106606000063)","Unfall 121136 (2017) Kat:3, Licht: 2","121136","3","4","6","01","17","4","0","2","0","1","1","0"
"POINT (9.964828495000063 53.579005378000033)","Unfall 121137 (2017) Kat:3, Licht: 1","121137","3","6","3","01","07","4","0","1","1","0","0","0"
"POINT (9.964873140000066 53.567276316000061)","Unfall 121138 (2017) Kat:3, Licht: 0","121138","3","7","5","01","08","4","0","0","1","0","0","0"
"POINT (10.098431621000032 53.536039502000051)","Unfall 121139 (2017) Kat:2, Licht: 0","121139","2","3","5","01","11","3","0","0","0","1","0","0"
"POINT (10.091806236000025 53.547595527000055)","Unfall 121140 (2017) Kat:3, Licht: 0","121140","3","3","5","01","08","3","1","0","1","1","0","0"
"POINT (10.137418808000064 53.592843010000081)","Unfall 121141 (2017) Kat:3, Licht: 0","121141","3","1","8","01","12","3","0","0","0","1","0","0"
"POINT (10.038458218000073 53.608356771000047)","Unfall 121142 (2017) Kat:3, Licht: 2","121142","3","2","4","01","18","3","1","2","0","1","0","0"
"POINT (10.084292173000051 53.640432443000066)","Unfall 121143 (2017) Kat:3, Licht: 0","121143","3","3","5","01","16","3","0","0","1","1","0","0"
"POINT (10.126110540000070 53.670110418000036)","Unfall 121144 (2017) Kat:3, Licht: 0","121144","3","7","0","01","11","3","0","0","0","1","0","0"
"POINT (10.120076169000072 53.664676829000030)","Unfall 121145 (2017) Kat:3, Licht: 0","121145","3","3","5","01","13","3","0","0","0","1","0","0"
"POINT (10.013068063000048 53.644742470000040)","Unfall 121146 (2017) Kat:3, Licht: 0","121146","3","7","0","01","07","3","0","0","1","0","0","0"
"POINT (10.006084424000051 53.599290962000055)","Unfall 121147 (2017) Kat:3, Licht: 0","121147","3","2","2","01","12","3","0","0","0","1","0","0"
"POINT (10.053764453000042 53.589861857000074)","Unfall 121148 (2017) Kat:2, Licht: 0","121148","2","4","6","01","12","3","0","0","0","1","1","0"
"POINT (10.045185326000023 53.567388814000026)","Unfall 121149 (2017) Kat:3, Licht: 2","121149","3","5","1","01","21","3","0","2","0","1","0","0"
"POINT (9.803359382000053 53.560171853000043)","Unfall 121150 (2017) Kat:3, Licht: 0","121150","3","7","8","01","15","3","0","0","0","1","0","0"
"POINT (9.752920080000024 53.571362300000033)","Unfall 121151 (2017) Kat:3, Licht: 0","121151","3","2","4","01","07","3","1","0","1","1","0","0"
"POINT (9.893801108000048 53.557445835000067)","Unfall 121152 (2017) Kat:3, Licht: 2","121152","3","3","5","01","22","3","1","2","0","1","0","0"
"POINT (9.893635455000037 53.573314669000069)","Unfall 121153 (2017) Kat:2, Licht: 2","121153","2","3","6","01","07","3","0","2","0","1","1","0"
"POINT (9.872787416000051 53.591405072000043)","Unfall 121154 (2017) Kat:3, Licht: 1","121154","3","4","6","01","08","3","0","1","0","1","1","0"
"POINT (9.973085131000062 53.612697634000028)","Unfall 121155 (2017) Kat:3, Licht: 0","121155","3","2","6","01","07","3","0","0","0","1","1","0"
"POINT (9.917823170000077 53.553991643000074)","Unfall 121156 (2017) Kat:3, Licht: 0","121156","3","7","7","01","14","3","0","0","1","0","0","0"
"POINT (9.965773924000075 53.565241600000036)","Unfall 121157 (2017) Kat:3, Licht: 0","121157","3","2","5","01","12","3","0","0","1","1","0","0"
"POINT (9.963734997000074 53.559727340000052)","Unfall 121158 (2017) Kat:3, Licht: 2","121158","3","6","2","01","21","3","0","2","0","1","0","0"
"POINT (9.977869083000030 53.549527938000040)","Unfall 121159 (2017) Kat:3, Licht: 2","121159","3","4","6","01","18","3","0","2","0","0","1","1"
"POINT (9.997766038000066 53.544178760000079)","Unfall 121160 (2017) Kat:3, Licht: 0","121160","3","2","5","01","16","3","0","0","0","1","0","0"
"POINT (9.978415277000067 53.460884962000080)","Unfall 121161 (2017) Kat:3, Licht: 0","121161","3","4","6","01","11","2","0","0","0","1","1","0"
"POINT (10.149655440000060 53.529729916000065)","Unfall 121162 (2017) Kat:3, Licht: 1","121162","3","2","6","01","07","2","0","1","0","1","1","0"
"POINT (10.106148662000066 53.580930176000038)","Unfall 121163 (2017) Kat:2, Licht: 0","121163","2","4","6","01","11","2","1","0","0","1","1","0"
"POINT (10.075608438000074 53.592408884000065)","Unfall 121164 (2017) Kat:3, Licht: 2","121164","3","3","6","01","07","2","0","2","0","1","1","0"
"POINT (10.055616180000072 53.598947224000028)","Unfall 121165 (2017) Kat:3, Licht: 0","121165","3","5","1","01","12","2","0","0","0","1","0","0"
"POINT (10.032437318000063 53.612490530000059)","Unfall 121166 (2017) Kat:3, Licht: 0","121166","3","4","6","01","08","2","0","0","0","1","1","0"
"POINT (10.100533435000045 53.644988861000058)","Unfall 121167 (2017) Kat:3, Licht: 2","121167","3","3","5","01","18","2","1","2","0","1","0","0"
"POINT (10.092977981000047 53.655022764000080)","Unfall 121168 (2017) Kat:3, Licht: 0","121168","3","2","5","01","14","2","0","0","0","1","0","0"
"POINT (10.007294117000072 53.665992926000058)","Unfall 121169 (2017) Kat:3, Licht: 0","121169","3","3","5","01","16","2","1","0","1","0","0","0"
"POINT (10.001918745000069 53.668018333000077)","Unfall 121170 (2017) Kat:3, Licht: 0","121170","3","3","5","01","11","2","0","0","1","1","0","0"
"POINT (9.999700393000069 53.612944812000080)","Unfall 121171 (2017) Kat:3, Licht: 0","121171","3","2","2","01","14","2","1","0","0","1","0","0"
"POINT (9.991741152000031 53.665892524000071)","Unfall 121172 (2017) Kat:3, Licht: 0","121172","3","2","5","01","09","2","0","0","1","1","0","0"
"POINT (9.906774332000055 53.554923365000036)","Unfall 121173 (2017) Kat:3, Licht: 2","121173","3","6","1","01","20","2","1","2","0","1","0","0"
"POINT (9.905642150000062 53.632149655000035)","Unfall 121174 (2017) Kat:3, Licht: 0","121174","3","4","6","01","06","2","0","0","0","1","1","0"
"POINT (9.947221769000066 53.580613330000062)","Unfall 121175 (2017) Kat:3, Licht: 0","121175","3","2","4","01","14","2","0","0","0","1","0","0"
"POINT (9.975266270000077 53.551913840000054)","Unfall 121176 (2017) Kat:3, Licht: 0","121176","3","6","1","01","11","2","1","0","0","1","0","0"
"POINT (10.000112002000037 53.555934053000044)","Unfall 121177 (2017) Kat:3, Licht: 1","121177","3","3","5","01","06","2","1","1","0","1","0","0"
"POINT (10.100865728000031 53.540389612000070)","Unfall 121178 (2017) Kat:3, Licht: 2","121178","3","3","5","01","20","1","0","2","0","1","0","0"
"POINT (10.099191868000048 53.538544586000057)","Unfall 121179 (2017) Kat:3, Licht: 2","121179","3","2","2","01","21","1","0","2","0","1","0","0"
"POINT (10.100510159000066 53.540444960000059)","Unfall 121180 (2017) Kat:3, Licht: 2","121180","3","2","6","01","00","1","0","2","0","1","1","0"
"POINT (9.860766843000022 53.597933956000077)","Unfall 121181 (2017) Kat:3, Licht: 2","121181","3","3","5","01","18","1","1","2","0","1","0","0"
"POINT (9.895845582000050 53.546302722000064)","Unfall 121182 (2017) Kat:3, Licht: 0","121182","3","2","6","01","15","1","1","0","0","1","1","0"
"POINT (9.951418518000025 53.622495413000081)","Unfall 121183 (2017) Kat:3, Licht: 0","121183","3","3","5","01","09","1","0","0","1","1","0","0"
"POINT (9.980504149000069 53.564182649000031)","Unfall 121184 (2017) Kat:3, Licht: 0","121184","3","1","9","01","11","1","1","0","0","1","0","0"
"POINT (9.961724784000069 53.549437683000065)","Unfall 121185 (2017) Kat:2, Licht: 2","121185","2","7","6","01","02","1","1","2","0","1","1","0"
"POINT (10.191093249000062 53.411436152000078)","Unfall 121186 (2017) Kat:3, Licht: 2","121186","3","6","8","01","20","7","2","2","0","1","0","0"
"POINT (10.109417178000058 53.603340562000028)","Unfall 121187 (2017) Kat:3, Licht: 0","121187","3","3","5","01","15","7","0","0","0","1","0","0"
"POINT (10.011284713000066 53.575657305000050)","Unfall 121188 (2017) Kat:3, Licht: 0","121188","3","2","5","01","11","7","1","0","0","1","0","0"
"POINT (9.797080095000069 53.566271327000038)","Unfall 121189 (2017) Kat:3, Licht: 0","121189","3","3","6","01","10","7","2","0","0","1","1","0"
"POINT (9.873375284000076 53.590998323000065)","Unfall 121190 (2017) Kat:2, Licht: 2","121190","2","2","6","01","18","7","1","2","0","1","1","0"
"POINT (9.966245298000047 53.583026750000045)","Unfall 121191 (2017) Kat:3, Licht: 2","121191","3","2","6","01","20","7","1","2","0","1","1","0"
"POINT (9.953908194000064 53.569089671000029)","Unfall 121192 (2017) Kat:3, Licht: 0","121192","3","6","3","01","11","7","1","0","0","1","0","0"
"POINT (9.993978988000038 53.579495234000035)","Unfall 121193 (2017) Kat:3, Licht: 0","121193","3","1","0","01","10","7","2","0","1","0","0","0"
"POINT (9.907917669000028 53.513513391000060)","Unfall 121194 (2017) Kat:3, Licht: 0","121194","3","6","3","01","08","6","1","0","0","1","0","0"
"POINT (9.977591258000075 53.455833290000044)","Unfall 121195 (2017) Kat:3, Licht: 2","121195","3","2","1","01","17","6","1","2","0","1","0","0"
"POINT (10.107823552000070 53.539421885000081)","Unfall 121196 (2017) Kat:3, Licht: 0","121196","3","7","6","01","08","6","2","0","0","1","1","0"
"POINT (10.122704780000049 53.538475579000078)","Unfall 121197 (2017) Kat:3, Licht: 0","121197","3","7","6","01","13","6","2","0","0","1","1","0"
"POINT (10.136722258000077 53.570903966000060)","Unfall 121198 (2017) Kat:3, Licht: 2","121198","3","5","1","01","17","6","1","2","0","1","1","0"
"POINT (10.140785091000055 53.629250688000070)","Unfall 121199 (2017) Kat:3, Licht: 2","121199","3","2","4","01","18","6","2","2","0","1","0","0"
"POINT (10.078807825000069 53.588193941000043)","Unfall 121200 (2017) Kat:3, Licht: 0","121200","3","5","1","01","15","6","1","0","0","1","0","0"
"POINT (10.001319698000032 53.676100115000054)","Unfall 121201 (2017) Kat:3, Licht: 2","121201","3","2","6","01","19","6","1","2","0","1","1","0"
"POINT (10.002020546000040 53.668546927000079)","Unfall 121202 (2017) Kat:2, Licht: 2","121202","2","4","6","01","18","6","1","2","0","1","1","0"
"POINT (10.001358325000069 53.665596154000070)","Unfall 121203 (2017) Kat:3, Licht: 0","121203","3","6","2","01","14","6","1","0","0","1","0","0"
"POINT (9.815964564000069 53.562899393000066)","Unfall 121204 (2017) Kat:3, Licht: 0","121204","3","6","2","01","12","6","1","0","0","1","0","0"
"POINT (9.929195078000021 53.629359249000061)","Unfall 121205 (2017) Kat:3, Licht: 0","121205","3","7","1","01","14","6","0","0","1","0","0","0"
"POINT (9.958785538000029 53.565698189000045)","Unfall 121206 (2017) Kat:3, Licht: 0","121206","3","3","5","01","13","6","1","0","1","0","0","0"
"POINT (9.941494778000049 53.563062357000035)","Unfall 121207 (2017) Kat:2, Licht: 0","121207","2","4","6","01","15","6","0","0","0","1","1","0"
"POINT (9.973161623000067 53.568794219000040)","Unfall 121208 (2017) Kat:3, Licht: 0","121208","3","6","6","01","12","6","0","0","1","0","1","0"
"POINT (10.000846142000057 53.555684755000073)","Unfall 121209 (2017) Kat:3, Licht: 2","121209","3","2","5","01","20","6","1","2","0","1","0","0"
"POINT (10.005859128000054 53.551696518000028)","Unfall 121210 (2017) Kat:2, Licht: 2","121210","2","3","5","01","17","6","1","2","1","1","0","0"
"POINT (10.006071947000066 53.549852863000069)","Unfall 121211 (2017) Kat:2, Licht: 0","121211","2","5","1","01","10","6","1","0","0","0","0","0"
"POINT (10.006359293000060 53.554916967000054)","Unfall 121212 (2017) Kat:3, Licht: 0","121212","3","2","6","01","08","6","1","0","0","1","1","0"
"POINT (9.960096578000048 53.456814609000048)","Unfall 121213 (2017) Kat:3, Licht: 1","121213","3","2","4","01","07","5","1","1","0","1","0","0"
"POINT (10.174075899000059 53.470771711000054)","Unfall 121214 (2017) Kat:3, Licht: 1","121214","3","3","5","01","17","5","1","1","1","1","0","0"
"POINT (10.128014944000029 53.532240108000053)","Unfall 121215 (2017) Kat:3, Licht: 1","121215","3","2","6","01","07","5","1","1","0","1","1","0"
"POINT (10.027562681000063 53.556363574000045)","Unfall 121216 (2017) Kat:3, Licht: 2","121216","3","6","1","01","17","5","0","2","0","1","0","0"
"POINT (10.040579737000030 53.548002676000067)","Unfall 121217 (2017) Kat:2, Licht: 0","121217","2","3","5","01","10","5","1","0","0","1","0","0"
"POINT (10.047687000000053 53.550548568000067)","Unfall 121218 (2017) Kat:2, Licht: 2","121218","2","4","6","01","07","5","1","2","0","1","1","0"
"POINT (10.150443394000035 53.628344984000080)","Unfall 121219 (2017) Kat:3, Licht: 2","121219","3","3","6","01","07","5","1","2","0","1","1","0"
"POINT (10.058973362000074 53.574704759000042)","Unfall 121220 (2017) Kat:3, Licht: 1","121220","3","3","5","01","08","5","1","1","1","1","0","0"
"POINT (9.853318086000058 53.580352847000029)","Unfall 121221 (2017) Kat:3, Licht: 0","121221","3","2","5","01","08","5","1","0","1","1","0","0"
"POINT (9.875480082000024 53.591481869000063)","Unfall 121222 (2017) Kat:2, Licht: 1","121222","2","2","5","01","16","5","0","1","1","1","0","0"
"POINT (9.912765295000042 53.640262470000039)","Unfall 121223 (2017) Kat:3, Licht: 0","121223","3","2","6","01","15","5","0","0","0","1","1","0"
"POINT (9.988213488000042 53.572676506000050)","Unfall 121224 (2017) Kat:3, Licht: 2","121224","3","6","2","01","17","5","1","2","0","1","0","0"
"POINT (10.047517878000065 53.560876647000043)","Unfall 121225 (2017) Kat:3, Licht: 2","121225","3","5","0","01","18","4","1","2","1","1","0","0"
"POINT (10.143659011000068 53.583935612000062)","Unfall 121226 (2017) Kat:3, Licht: 2","121226","3","4","6","01","17","4","1","2","0","1","1","0"
"POINT (10.073241478000057 53.574161987000082)","Unfall 121227 (2017) Kat:3, Licht: 1","121227","3","2","5","01","16","4","1","1","0","1","0","0"
"POINT (10.065093001000037 53.581784901000049)","Unfall 121228 (2017) Kat:3, Licht: 0","121228","3","6","1","01","13","4","1","0","1","1","0","0"
"POINT (10.076251901000035 53.614685993000080)","Unfall 121229 (2017) Kat:3, Licht: 2","121229","3","6","3","01","17","4","1","2","0","1","0","0"
"POINT (10.026106491000064 53.623327119000066)","Unfall 121230 (2017) Kat:3, Licht: 2","121230","3","3","5","01","07","4","0","2","1","1","0","0"
"POINT (10.017342911000071 53.563953533000074)","Unfall 121231 (2017) Kat:2, Licht: 2","121231","2","7","6","01","02","4","0","2","0","0","1","0"
"POINT (9.911699476000024 53.608240131000059)","Unfall 121232 (2017) Kat:3, Licht: 0","121232","3","3","5","01","14","4","1","0","1","1","0","0"
"POINT (9.890795080000032 53.555265952000070)","Unfall 121233 (2017) Kat:3, Licht: 1","121233","3","3","5","01","07","4","1","1","1","1","0","0"
"POINT (9.958214562000023 53.599160420000032)","Unfall 121234 (2017) Kat:3, Licht: 0","121234","3","4","6","01","07","4","0","0","0","1","1","0"
"POINT (9.988644815000043 53.450646673000051)","Unfall 121235 (2017) Kat:3, Licht: 2","121235","3","3","5","01","18","3","1","2","0","1","0","0"
"POINT (10.010834653000074 53.496788069000047)","Unfall 121236 (2017) Kat:3, Licht: 2","121236","3","1","1","01","19","3","1","2","0","1","0","0"
"POINT (10.037046646000022 53.558567306000043)","Unfall 121237 (2017) Kat:2, Licht: 1","121237","2","6","2","01","07","3","1","1","0","1","0","0"
"POINT (10.064846041000067 53.550173476000055)","Unfall 121238 (2017) Kat:3, Licht: 2","121238","3","2","4","01","18","3","0","2","0","1","0","0"
"POINT (10.025690834000045 53.559613952000063)","Unfall 121239 (2017) Kat:3, Licht: 2","121239","3","6","0","01","18","3","1","2","0","1","0","0"
"POINT (10.030003001000068 53.561541543000033)","Unfall 121240 (2017) Kat:3, Licht: 2","121240","3","3","5","01","17","3","1","2","0","1","0","0"
"POINT (9.858728996000025 53.576946234000047)","Unfall 121241 (2017) Kat:3, Licht: 0","121241","3","2","6","01","11","3","1","0","0","0","1","0"
"POINT (9.860860153000033 53.598011456000052)","Unfall 121242 (2017) Kat:3, Licht: 0","121242","3","3","6","01","15","3","0","0","0","1","1","0"
"POINT (9.987205197000037 53.590253399000062)","Unfall 121243 (2017) Kat:3, Licht: 0","121243","3","2","0","01","13","3","1","0","1","1","0","0"
"POINT (9.994684643000028 53.588662502000034)","Unfall 121244 (2017) Kat:3, Licht: 0","121244","3","3","5","01","11","3","1","0","1","0","0","0"
"POINT (9.974002975000076 53.555309055000066)","Unfall 121245 (2017) Kat:3, Licht: 0","121245","3","6","2","01","14","3","0","0","0","1","0","0"
"POINT (9.959807113000068 53.549472266000066)","Unfall 121246 (2017) Kat:3, Licht: 0","121246","3","6","3","01","09","3","0","0","1","1","0","0"
"POINT (9.989293116000056 53.558298897000043)","Unfall 121247 (2017) Kat:3, Licht: 2","121247","3","2","5","01","20","3","0","2","0","1","0","0"
"POINT (10.005775733000064 53.551564462000044)","Unfall 121248 (2017) Kat:2, Licht: 2","121248","2","2","6","01","19","3","0","2","0","1","1","0"
"POINT (10.006388143000038 53.554743905000066)","Unfall 121249 (2017) Kat:3, Licht: 2","121249","3","3","5","01","23","3","0","2","1","1","0","0"
"POINT (10.019837177000056 53.552845580000053)","Unfall 121250 (2017) Kat:3, Licht: 2","121250","3","6","3","01","19","3","1","2","0","1","0","0"
"POINT (10.010840161000033 53.461478060000047)","Unfall 121251 (2017) Kat:3, Licht: 2","121251","3","6","2","01","18","2","1","2","0","1","0","0"
"POINT (10.143568950000031 53.610534215000030)","Unfall 121252 (2017) Kat:3, Licht: 2","121252","3","5","1","01","17","2","0","2","0","1","0","0"
"POINT (10.136577588000023 53.592289419000053)","Unfall 121253 (2017) Kat:3, Licht: 0","121253","3","2","2","01","15","2","1","0","0","1","0","0"
"POINT (10.124327422000022 53.588027601000078)","Unfall 121254 (2017) Kat:3, Licht: 2","121254","3","2","5","01","06","2","1","2","0","1","0","0"
"POINT (10.078040277000071 53.617321528000048)","Unfall 121255 (2017) Kat:2, Licht: 0","121255","2","4","6","01","10","2","1","0","0","1","1","0"
"POINT (10.060823444000050 53.594962180000039)","Unfall 121256 (2017) Kat:3, Licht: 2","121256","3","6","2","01","17","2","1","2","0","1","0","0"
"POINT (10.074057981000067 53.598057123000046)","Unfall 121257 (2017) Kat:3, Licht: 0","121257","3","3","5","01","14","2","1","0","0","1","0","0"
"POINT (10.037017258000049 53.600588024000047)","Unfall 121258 (2017) Kat:2, Licht: 2","121258","2","4","6","01","22","2","0","2","0","0","1","1"
"POINT (10.034308292000048 53.579938714000036)","Unfall 121259 (2017) Kat:3, Licht: 0","121259","3","6","2","01","09","2","0","0","0","1","0","0"
"POINT (10.042541557000050 53.597669979000045)","Unfall 121260 (2017) Kat:3, Licht: 0","121260","3","6","1","01","07","2","1","0","0","1","0","0"
"POINT (9.913041815000042 53.548969444000079)","Unfall 121261 (2017) Kat:3, Licht: 0","121261","3","6","6","01","10","2","0","0","1","0","1","0"
"POINT (9.959618556000066 53.627203302000055)","Unfall 121262 (2017) Kat:3, Licht: 2","121262","3","6","2","01","18","2","1","2","0","1","0","0"