WKT,Name,OBJECTID,UKATEGORIE,UTYP1,UART,UMONAT,USTUNDE,UWOCHENTAG,STRZUSTAND,ULICHTVERH,ISTRAD,ISTPKW,ISTFUSS,ISTKRAD
"POINT (10.009553765000021 53.626543328000082)","Unfall 121447 (2017) Kat:2, Licht: 0","121447","2","7","8","02","09","6","0","0","0","1","0","0"
"POINT (9.969678660000056 53.576610080000080)","Unfall 121448 (2017) Kat:3, Licht: 2","121448","3","2","4","02","22","6","0","2","1","1","0","0"
"POINT (9.971650304000036 53.587296058000049)","Unfall 121449 (2017) Kat:3, Licht: 0","121449","3","5","1","02","07","6","0","0","1","1","0","0"
"POINT (9.928576698000029 53.554310053000052)","Unfall 121450 (2017) Kat:3, Licht: 2","121450","3","6","1","02","19","6","0","2","1","1","0","0"
"POINT (9.980044417000045 53.580137865000040)","Unfall 121451 (2017) Kat:3, Licht: 0","121451","3","7","0","02","12","6","0","0","0","1","0","0"
"POINT (9.990917382000021 53.554396092000047)","Unfall 121452 (2017) Kat:3, Licht: 0","121452","3","2","3","02","09","6","0","0","1","1","0","0"
"POINT (9.987539923000043 53.449380285000075)","Unfall 121453 (2017) Kat:3, Licht: 2","121453","3","5","8","02","22","5","0","2","0","1","0","0"
"POINT (10.104105404000052 53.580429232000029)","Unfall 121454 (2017) Kat:3, Licht: 2","121454","3","6","2","02","18","5","0","2","0","1","0","0"
"POINT (10.183444444000031 53.607053286000053)","Unfall 121455 (2017) Kat:3, Licht: 2","121455","3","6","2","02","20","5","0","2","0","1","0","0"
"POINT (10.097300191000045 53.588660600000082)","Unfall 121456 (2017) Kat:3, Licht: 0","121456","3","6","1","02","16","5","0","0","0","1","0","0"
"POINT (10.069877043000076 53.578394382000056)","Unfall 121457 (2017) Kat:3, Licht: 0","121457","3","6","1","02","15","5","0","0","0","1","0","0"
"POINT (9.826928104000047 53.567103214000042)","Unfall 121458 (2017) Kat:3, Licht: 2","121458","3","3","5","02","18","5","0","2","1","1","0","0"
"POINT (9.757708360000038 53.572883912000066)","Unfall 121459 (2017) Kat:3, Licht: 2","121459","3","4","6","02","19","5","0","2","0","0","1","0"
"POINT (10.004937024000071 53.551672428000074)","Unfall 121460 (2017) Kat:3, Licht: 0","121460","3","4","6","02","11","5","0","0","0","0","1","0"
"POINT (10.002165450000064 53.524290785000062)","Unfall 121461 (2017) Kat:3, Licht: 2","121461","3","6","2","02","05","5","0","2","0","1","0","0"
"POINT (9.993923829000039 53.470305586000052)","Unfall 121462 (2017) Kat:3, Licht: 0","121462","3","7","8","02","09","4","0","0","0","0","0","0"
"POINT (10.192113768000070 53.506440779000059)","Unfall 121463 (2017) Kat:3, Licht: 0","121463","3","4","0","02","09","4","0","0","0","0","1","0"
"POINT (10.060836152000036 53.565185110000073)","Unfall 121464 (2017) Kat:3, Licht: 1","121464","3","7","6","02","07","4","0","1","0","0","1","0"
"POINT (10.025841981000042 53.543932430000041)","Unfall 121465 (2017) Kat:3, Licht: 2","121465","3","2","2","02","18","4","0","2","0","1","0","0"
"POINT (10.065920578000032 53.574599323000029)","Unfall 121466 (2017) Kat:3, Licht: 0","121466","3","4","6","02","15","4","0","0","0","1","1","0"
"POINT (10.049167483000076 53.614978171000075)","Unfall 121467 (2017) Kat:3, Licht: 0","121467","3","7","6","02","15","4","0","0","0","1","1","0"
"POINT (10.068875714000058 53.601469637000037)","Unfall 121468 (2017) Kat:3, Licht: 2","121468","3","4","6","02","20","4","0","2","0","1","1","0"
"POINT (10.045457598000041 53.589399765000053)","Unfall 121469 (2017) Kat:3, Licht: 2","121469","3","2","5","02","17","4","0","2","0","1","0","0"
"POINT (9.846796354000048 53.574475611000082)","Unfall 121470 (2017) Kat:3, Licht: 2","121470","3","3","6","02","17","4","0","2","0","1","1","0"
"POINT (9.924922137000067 53.557602001000078)","Unfall 121471 (2017) Kat:3, Licht: 0","121471","3","7","0","02","12","4","0","0","0","1","0","0"
"POINT (9.958606116000055 53.549615035000045)","Unfall 121472 (2017) Kat:3, Licht: 0","121472","3","2","3","02","13","4","0","0","1","1","0","0"
"POINT (9.980939115000069 53.424527119000061)","Unfall 121473 (2017) Kat:3, Licht: 0","121473","3","6","2","02","08","3","0","0","0","1","0","0"
"POINT (10.114002815000049 53.624833957000078)","Unfall 121474 (2017) Kat:3, Licht: 2","121474","3","3","5","02","17","3","0","2","0","1","0","0"
"POINT (10.064122327000064 53.571240287000080)","Unfall 121475 (2017) Kat:3, Licht: 0","121475","3","6","2","02","12","3","0","0","0","1","0","0"
"POINT (10.184807078000063 53.643912221000051)","Unfall 121476 (2017) Kat:3, Licht: 0","121476","3","7","6","02","08","3","0","0","0","1","1","0"
"POINT (10.023767775000067 53.568192063000026)","Unfall 121477 (2017) Kat:3, Licht: 2","121477","3","6","2","02","18","3","0","2","0","1","0","0"
"POINT (10.013253409000072 53.579430437000042)","Unfall 121478 (2017) Kat:3, Licht: 1","121478","3","6","3","02","07","3","0","1","1","0","0","0"
"POINT (10.044283409000059 53.593523295000068)","Unfall 121479 (2017) Kat:3, Licht: 1","121479","3","6","3","02","07","3","0","1","1","1","0","0"
"POINT (10.033702167000058 53.573578880000071)","Unfall 121480 (2017) Kat:3, Licht: 2","121480","3","3","5","02","22","3","1","2","1","0","0","1"
"POINT (9.886220998000056 53.579317370000069)","Unfall 121481 (2017) Kat:3, Licht: 2","121481","3","6","2","02","21","3","0","2","0","1","0","0"
"POINT (9.882816973000047 53.593482730000062)","Unfall 121482 (2017) Kat:3, Licht: 0","121482","3","6","2","02","13","3","0","0","0","1","0","0"
"POINT (9.875153226000066 53.477363292000064)","Unfall 121483 (2017) Kat:3, Licht: 1","121483","3","2","2","02","07","2","1","1","0","1","0","0"
"POINT (10.153586864000033 53.502268967000077)","Unfall 121484 (2017) Kat:3, Licht: 1","121484","3","4","6","02","07","2","0","1","0","1","1","0"
"POINT (10.168889450000052 53.626229247000026)","Unfall 121485 (2017) Kat:3, Licht: 0","121485","3","6","2","02","15","2","0","0","0","1","0","0"
"POINT (10.144391838000047 53.601266484000064)","Unfall 121486 (2017) Kat:3, Licht: 0","121486","3","7","3","02","15","2","0","0","0","1","0","0"
"POINT (10.090787281000075 53.568726794000042)","Unfall 121487 (2017) Kat:2, Licht: 2","121487","2","7","6","02","18","2","0","2","0","0","1","0"
"POINT (10.073161247000030 53.608742573000029)","Unfall 121488 (2017) Kat:3, Licht: 0","121488","3","6","2","02","12","2","0","0","0","1","0","0"
"POINT (10.082240015000025 53.620945444000029)","Unfall 121489 (2017) Kat:2, Licht: 0","121489","2","2","5","02","14","2","0","0","1","1","0","0"
"POINT (10.005808413000068 53.655364401000043)","Unfall 121490 (2017) Kat:3, Licht: 2","121490","3","3","5","02","07","2","0","2","0","1","0","1"
"POINT (10.025092505000032 53.561915951000060)","Unfall 121491 (2017) Kat:2, Licht: 0","121491","2","7","3","02","13","2","0","0","0","1","0","0"
"POINT (9.846278107000046 53.575971449000065)","Unfall 121492 (2017) Kat:3, Licht: 1","121492","3","4","6","02","16","2","0","1","0","1","1","0"
"POINT (9.951246205000075 53.594688528000063)","Unfall 121493 (2017) Kat:3, Licht: 0","121493","3","7","0","02","16","2","0","0","0","1","1","0"
"POINT (9.942102367000075 53.549867426000048)","Unfall 121494 (2017) Kat:3, Licht: 0","121494","3","5","1","02","07","2","1","0","1","0","0","0"
"POINT (9.986521035000067 53.541342788000065)","Unfall 121495 (2017) Kat:3, Licht: 2","121495","3","4","6","02","20","2","0","2","0","1","1","0"
"POINT (10.204614105000076 53.499547939000081)","Unfall 121496 (2017) Kat:2, Licht: 2","121496","2","2","6","02","06","1","0","2","0","1","1","0"
"POINT (9.956394012000033 53.545831084000042)","Unfall 121497 (2017) Kat:3, Licht: 2","121497","3","4","6","02","07","1","1","2","0","1","1","0"
"POINT (10.144493757000021 53.543692000000078)","Unfall 121498 (2017) Kat:3, Licht: 0","121498","3","1","8","02","14","7","1","0","0","1","0","0"
"POINT (10.085602035000022 53.568974874000048)","Unfall 121499 (2017) Kat:3, Licht: 2","121499","3","6","2","02","17","7","0","2","0","1","0","0"
"POINT (10.070675734000076 53.572624667000071)","Unfall 121500 (2017) Kat:3, Licht: 0","121500","3","6","2","02","08","7","1","0","0","1","0","0"
"POINT (10.086643444000060 53.617945249000059)","Unfall 121501 (2017) Kat:3, Licht: 1","121501","3","6","2","02","16","7","0","1","0","1","0","0"
"POINT (10.001812083000061 53.667463432000034)","Unfall 121502 (2017) Kat:3, Licht: 0","121502","3","6","2","02","15","7","1","0","0","1","0","0"
"POINT (10.038916325000059 53.577875864000077)","Unfall 121503 (2017) Kat:3, Licht: 0","121503","3","6","2","02","14","7","0","0","0","1","0","0"
"POINT (9.975273805000029 53.588662272000079)","Unfall 121504 (2017) Kat:3, Licht: 0","121504","3","6","3","02","14","7","0","0","0","1","0","0"
"POINT (9.994522695000057 53.552072053000074)","Unfall 121505 (2017) Kat:3, Licht: 2","121505","3","2","9","02","23","7","0","2","0","1","0","0"
"POINT (10.108657664000077 53.491336714000056)","Unfall 121506 (2017) Kat:2, Licht: 2","121506","2","3","5","02","19","6","1","2","0","1","0","0"
"POINT (10.110818797000036 53.542740023000079)","Unfall 121507 (2017) Kat:3, Licht: 2","121507","3","3","5","02","22","6","1","2","0","1","0","0"
"POINT (10.084299578000071 53.554796912000029)","Unfall 121508 (2017) Kat:3, Licht: 2","121508","3","3","5","02","20","6","1","2","0","1","0","0"
"POINT (10.085126586000058 53.547284371000046)","Unfall 121509 (2017) Kat:3, Licht: 1","121509","3","7","3","02","20","6","1","1","0","1","0","0"
"POINT (10.169686401000035 53.626980828000057)","Unfall 121510 (2017) Kat:3, Licht: 0","121510","3","3","5","02","11","6","0","0","0","1","0","0"
"POINT (10.172722624000073 53.606937558000027)","Unfall 121511 (2017) Kat:3, Licht: 0","121511","3","3","5","02","15","6","0","0","1","1","0","0"
"POINT (10.008185910000066 53.627619751000054)","Unfall 121512 (2017) Kat:3, Licht: 0","121512","3","3","5","02","14","6","0","0","0","1","0","0"
"POINT (10.029237869000042 53.637114585000063)","Unfall 121513 (2017) Kat:3, Licht: 0","121513","3","3","5","02","08","6","0","0","1","1","0","0"
"POINT (10.011610356000062 53.624010722000037)","Unfall 121514 (2017) Kat:3, Licht: 0","121514","3","6","0","02","14","6","0","0","0","0","0","0"
"POINT (9.981749521000040 53.585202442000082)","Unfall 121515 (2017) Kat:3, Licht: 0","121515","3","2","2","02","07","6","0","0","0","1","0","0"
"POINT (9.944527184000037 53.550833417000035)","Unfall 121516 (2017) Kat:3, Licht: 0","121516","3","7","6","02","12","6","0","0","0","1","1","0"
"POINT (9.964878324000040 53.567265604000056)","Unfall 121517 (2017) Kat:3, Licht: 2","121517","3","4","6","02","21","6","1","2","1","0","1","0"
"POINT (9.991298015000041 53.571009550000042)","Unfall 121518 (2017) Kat:3, Licht: 0","121518","3","2","4","02","13","6","0","0","1","1","0","0"
"POINT (9.987885624000057 53.581609004000029)","Unfall 121519 (2017) Kat:3, Licht: 0","121519","3","6","3","02","07","6","0","0","0","1","0","0"
"POINT (9.960948058000042 53.556607583000073)","Unfall 121520 (2017) Kat:3, Licht: 2","121520","3","4","0","02","21","6","1","2","0","0","1","0"
"POINT (10.001988641000025 53.550064561000056)","Unfall 121521 (2017) Kat:3, Licht: 0","121521","3","6","2","02","12","6","0","0","0","1","0","0"
"POINT (9.985146488000055 53.462929405000068)","Unfall 121522 (2017) Kat:3, Licht: 2","121522","3","3","5","02","18","6","1","2","1","1","0","0"
"POINT (9.877544642000032 53.534962221000058)","Unfall 121523 (2017) Kat:3, Licht: 2","121523","3","3","5","02","19","5","0","2","0","1","0","0"
"POINT (10.012195586000075 53.494187932000045)","Unfall 121524 (2017) Kat:3, Licht: 2","121524","3","3","5","02","20","5","0","2","0","1","0","0"
"POINT (10.201634768000076 53.488976618000038)","Unfall 121525 (2017) Kat:3, Licht: 2","121525","3","6","1","02","18","5","1","2","0","1","0","0"
"POINT (10.105471493000039 53.570471681000072)","Unfall 121526 (2017) Kat:3, Licht: 2","121526","3","3","5","02","17","5","0","2","0","1","0","0"
"POINT (10.064762217000066 53.574492818000067)","Unfall 121527 (2017) Kat:3, Licht: 2","121527","3","6","2","02","17","5","0","2","0","1","0","0"
"POINT (10.052577409000037 53.603963463000071)","Unfall 121528 (2017) Kat:3, Licht: 0","121528","3","6","2","02","15","5","0","0","0","1","0","0"
"POINT (10.079444013000057 53.618408364000061)","Unfall 121529 (2017) Kat:3, Licht: 2","121529","3","6","2","02","07","5","1","2","0","1","0","0"
"POINT (10.019615789000056 53.654342049000036)","Unfall 121530 (2017) Kat:3, Licht: 2","121530","3","2","2","02","02","5","1","2","0","1","0","0"
"POINT (10.013105168000038 53.672345002000043)","Unfall 121531 (2017) Kat:3, Licht: 0","121531","3","3","5","02","16","5","0","0","0","1","0","0"
"POINT (10.046191649000036 53.596234383000080)","Unfall 121532 (2017) Kat:3, Licht: 2","121532","3","6","2","02","04","5","0","2","0","1","0","0"
"POINT (10.039192152000055 53.599605050000036)","Unfall 121533 (2017) Kat:3, Licht: 2","121533","3","5","1","02","18","5","0","2","0","1","0","0"
"POINT (9.866388539000070 53.566129134000050)","Unfall 121534 (2017) Kat:3, Licht: 0","121534","3","7","0","02","16","5","0","0","0","0","0","0"
"POINT (9.970863998000027 53.582913891000032)","Unfall 121535 (2017) Kat:3, Licht: 2","121535","3","6","3","02","19","5","0","2","0","1","0","0"
"POINT (9.953828102000045 53.568928522000078)","Unfall 121536 (2017) Kat:3, Licht: 2","121536","3","3","5","02","19","5","0","2","1","1","0","0"
"POINT (9.984569751000038 53.564045573000044)","Unfall 121537 (2017) Kat:3, Licht: 2","121537","3","3","5","02","17","5","0","2","1","0","0","0"
"POINT (9.965442813000038 53.563404521000052)","Unfall 121538 (2017) Kat:3, Licht: 0","121538","3","6","3","02","09","5","1","0","1","1","0","0"
"POINT (9.891664414000047 53.517212216000075)","Unfall 121539 (2017) Kat:3, Licht: 2","121539","3","3","5","02","05","4","1","2","0","1","0","0"
"POINT (10.200474677000045 53.419512986000029)","Unfall 121540 (2017) Kat:3, Licht: 2","121540","3","7","8","02","23","4","1","2","0","1","0","0"
"POINT (10.024888746000045 53.545375337000053)","Unfall 121541 (2017) Kat:3, Licht: 0","121541","3","4","6","02","14","4","0","0","0","1","1","0"
"POINT (10.151567589000024 53.609393959000045)","Unfall 121542 (2017) Kat:3, Licht: 2","121542","3","6","2","02","18","4","0","2","0","1","0","0"
"POINT (10.035781375000056 53.600995388000058)","Unfall 121543 (2017) Kat:2, Licht: 2","121543","2","3","5","02","05","4","1","2","0","1","0","0"
"POINT (10.043681441000047 53.595559070000036)","Unfall 121544 (2017) Kat:3, Licht: 2","121544","3","3","5","02","18","4","0","2","1","0","0","1"
"POINT (9.924453591000031 53.639575375000049)","Unfall 121545 (2017) Kat:2, Licht: 2","121545","2","7","9","02","22","4","0","2","0","1","0","0"
"POINT (9.961889526000050 53.628611872000079)","Unfall 121546 (2017) Kat:3, Licht: 0","121546","3","2","5","02","09","4","0","0","1","1","0","0"
"POINT (9.982313818000023 53.596230286000036)","Unfall 121547 (2017) Kat:3, Licht: 0","121547","3","6","2","02","07","4","0","0","0","1","0","0"
"POINT (9.933223929000064 53.555928242000050)","Unfall 121548 (2017) Kat:3, Licht: 0","121548","3","7","0","02","09","4","0","0","0","1","0","0"
"POINT (9.990633217000038 53.560472714000070)","Unfall 121549 (2017) Kat:3, Licht: 2","121549","3","3","5","02","06","4","0","2","0","1","0","0"
"POINT (9.863241226000071 53.469935323000072)","Unfall 121550 (2017) Kat:3, Licht: 1","121550","3","3","5","01","07","3","1","1","1","1","0","0"
"POINT (10.052754574000062 53.532218402000069)","Unfall 121551 (2017) Kat:3, Licht: 2","121551","3","3","6","01","05","3","1","2","1","0","1","0"
"POINT (10.117340018000050 53.604125257000078)","Unfall 121552 (2017) Kat:3, Licht: 0","121552","3","6","3","01","16","3","0","0","0","1","0","0"
"POINT (10.078283783000074 53.589330770000061)","Unfall 121553 (2017) Kat:3, Licht: 0","121553","3","3","5","01","11","3","1","0","0","1","0","0"
"POINT (9.970573719000072 53.577095993000057)","Unfall 121554 (2017) Kat:3, Licht: 0","121554","3","6","2","01","15","3","1","0","1","1","0","0"
"POINT (9.966311754000060 53.569377886000041)","Unfall 121555 (2017) Kat:3, Licht: 1","121555","3","2","6","01","07","3","1","1","0","1","1","0"
"POINT (9.992832841000052 53.469041148000031)","Unfall 121556 (2017) Kat:3, Licht: 2","121556","3","6","1","01","17","3","1","2","0","1","0","0"
"POINT (9.927948758000071 53.524638771000070)","Unfall 121557 (2017) Kat:3, Licht: 0","121557","3","7","0","01","15","3","1","0","0","1","0","0"
"POINT (9.947996378000028 53.465960460000076)","Unfall 121558 (2017) Kat:3, Licht: 2","121558","3","3","5","01","17","2","1","2","0","1","0","0"
"POINT (9.987573169000029 53.517265074000079)","Unfall 121559 (2017) Kat:2, Licht: 0","121559","2","2","6","01","13","2","0","0","0","1","1","0"
"POINT (10.208619381000062 53.490334733000054)","Unfall 121560 (2017) Kat:3, Licht: 0","121560","3","3","5","01","14","2","1","0","0","1","0","0"
"POINT (10.085150633000069 53.547273257000029)","Unfall 121561 (2017) Kat:3, Licht: 1","121561","3","7","3","01","05","2","0","1","0","1","0","0"
"POINT (10.052585340000064 53.560943785000063)","Unfall 121562 (2017) Kat:3, Licht: 2","121562","3","6","2","01","18","2","1","2","0","1","0","0"
"POINT (10.117153440000038 53.608643764000078)","Unfall 121563 (2017) Kat:3, Licht: 0","121563","3","7","6","01","16","2","2","0","0","1","1","0"
"POINT (10.052504499000065 53.608512860000076)","Unfall 121564 (2017) Kat:3, Licht: 2","121564","3","4","6","01","18","2","1","2","0","1","1","0"
"POINT (10.047882247000075 53.643138025000042)","Unfall 121565 (2017) Kat:3, Licht: 0","121565","3","6","3","01","16","2","1","0","0","1","0","0"
"POINT (10.022206219000054 53.661404565000055)","Unfall 121566 (2017) Kat:2, Licht: 0","121566","2","3","5","01","14","2","2","0","1","1","0","0"
"POINT (10.037353448000033 53.648694151000029)","Unfall 121567 (2017) Kat:3, Licht: 0","121567","3","4","6","01","16","2","1","0","0","1","1","0"
"POINT (10.019750909000038 53.568782692000070)","Unfall 121568 (2017) Kat:3, Licht: 0","121568","3","2","5","01","08","2","1","0","0","1","0","1"
"POINT (9.947953338000048 53.588825216000032)","Unfall 121569 (2017) Kat:2, Licht: 0","121569","2","4","6","01","13","2","1","0","0","1","1","0"
"POINT (9.965120636000052 53.603551823000032)","Unfall 121570 (2017) Kat:3, Licht: 0","121570","3","3","5","01","10","2","1","0","0","1","0","0"
"POINT (9.988512501000059 53.570398138000030)","Unfall 121571 (2017) Kat:2, Licht: 2","121571","2","7","4","01","07","2","1","2","0","0","0","1"
"POINT (9.977611423000042 53.550206896000077)","Unfall 121572 (2017) Kat:3, Licht: 0","121572","3","2","5","01","12","2","1","0","1","1","0","0"
"POINT (10.008819490000064 53.552155192000043)","Unfall 121573 (2017) Kat:3, Licht: 0","121573","3","7","0","01","14","2","1","0","0","0","0","0"
"POINT (9.926097158000061 53.517959133000033)","Unfall 121574 (2017) Kat:3, Licht: 2","121574","3","6","1","01","18","2","1","2","0","1","0","0"
"POINT (9.981282368000052 53.527583196000080)","Unfall 121575 (2017) Kat:3, Licht: 0","121575","3","2","2","01","12","2","1","0","0","1","0","0"
"POINT (9.924819111000033 53.520505733000050)","Unfall 121576 (2017) Kat:3, Licht: 0","121576","3","6","2","01","15","2","1","0","0","1","0","0"
"POINT (10.102645261000021 53.539902589000064)","Unfall 121577 (2017) Kat:3, Licht: 1","121577","3","2","6","01","17","1","0","1","0","1","1","0"
"POINT (10.066077862000043 53.559685261000027)","Unfall 121578 (2017) Kat:3, Licht: 2","121578","3","6","2","01","04","1","1","2","0","1","0","0"
"POINT (9.962517359000060 53.603483986000072)","Unfall 121579 (2017) Kat:3, Licht: 0","121579","3","6","2","01","14","1","1","0","0","1","0","0"
"POINT (10.000740102000066 53.555538483000078)","Unfall 121580 (2017) Kat:3, Licht: 2","121580","3","3","4","01","19","1","1","2","0","1","0","0"
"POINT (9.934927220000077 53.430881068000076)","Unfall 121581 (2017) Kat:3, Licht: 0","121581","3","2","5","01","14","7","0","0","0","1","0","0"
"POINT (9.998224739000023 53.502388778000068)","Unfall 121582 (2017) Kat:3, Licht: 0","121582","3","6","0","01","11","7","0","0","0","1","0","0"
"POINT (10.108889633000047 53.549501792000058)","Unfall 121583 (2017) Kat:3, Licht: 0","121583","3","6","2","01","14","7","0","0","0","1","0","0"
"POINT (10.089331536000032 53.511467219000053)","Unfall 121584 (2017) Kat:3, Licht: 0","121584","3","2","2","01","12","7","0","0","0","1","0","0"
"POINT (10.020809018000023 53.550432120000039)","Unfall 121585 (2017) Kat:3, Licht: 2","121585","3","3","5","01","06","7","0","2","0","1","0","0"
"POINT (10.043695704000072 53.556738851000034)","Unfall 121586 (2017) Kat:3, Licht: 2","121586","3","3","5","01","17","7","0","2","1","1","0","0"
"POINT (10.126408877000074 53.586702197000079)","Unfall 121587 (2017) Kat:3, Licht: 2","121587","3","6","2","01","19","7","0","2","0","1","0","0"
"POINT (10.071308831000067 53.606573580000031)","Unfall 121588 (2017) Kat:3, Licht: 2","121588","3","4","6","01","00","7","0","2","0","1","1","0"
"POINT (10.034450236000055 53.617807021000033)","Unfall 121589 (2017) Kat:3, Licht: 2","121589","3","7","9","01","03","7","0","2","0","1","0","0"
"POINT (9.954754306000041 53.569392949000076)","Unfall 121590 (2017) Kat:2, Licht: 0","121590","2","3","5","01","14","7","0","0","1","1","0","0"
"POINT (9.980283922000069 53.580295080000042)","Unfall 121591 (2017) Kat:3, Licht: 0","121591","3","7","0","01","17","7","0","0","0","1","0","0"
"POINT (10.206253862000040 53.477216550000037)","Unfall 121592 (2017) Kat:3, Licht: 2","121592","3","6","2","01","06","6","1","2","0","1","0","0"
"POINT (10.057079241000054 53.564193394000029)","Unfall 121593 (2017) Kat:3, Licht: 0","121593","3","2","3","01","13","6","0","0","1","0","0","0"
"POINT (10.106677496000032 53.605927937000047)","Unfall 121594 (2017) Kat:3, Licht: 2","121594","3","3","5","01","21","6","0","2","0","1","0","0"
"POINT (10.166571321000049 53.590086228000075)","Unfall 121595 (2017) Kat:3, Licht: 0","121595","3","1","9","01","14","6","0","0","0","1","0","0"
"POINT (10.115500185000030 53.611860092000029)","Unfall 121596 (2017) Kat:3, Licht: 2","121596","3","4","6","01","07","6","0","2","0","1","1","0"
"POINT (10.055483859000049 53.582663269000079)","Unfall 121597 (2017) Kat:3, Licht: 2","121597","3","2","2","01","20","6","0","2","0","1","0","0"
"POINT (10.059188759000051 53.595487842000068)","Unfall 121598 (2017) Kat:3, Licht: 0","121598","3","6","2","01","13","6","0","0","0","1","0","0"
"POINT (10.038543529000037 53.608358536000082)","Unfall 121599 (2017) Kat:3, Licht: 0","121599","3","3","5","01","09","6","0","0","0","1","0","0"
"POINT (10.059364238000057 53.595770008000045)","Unfall 121600 (2017) Kat:3, Licht: 0","121600","3","3","5","01","09","6","0","0","0","1","0","0"
"POINT (10.094319753000036 53.638748385000042)","Unfall 121601 (2017) Kat:3, Licht: 0","121601","3","3","5","01","10","6","0","0","1","1","0","0"
"POINT (10.026356589000045 53.631561593000072)","Unfall 121602 (2017) Kat:3, Licht: 0","121602","3","4","6","01","07","6","0","0","1","0","1","0"
"POINT (9.995022689000052 53.595423947000029)","Unfall 121603 (2017) Kat:3, Licht: 0","121603","3","5","1","01","09","6","0","0","0","1","0","0"
"POINT (9.794551382000066 53.570782572000041)","Unfall 121604 (2017) Kat:3, Licht: 0","121604","3","7","0","01","13","6","0","0","1","0","0","0"
"POINT (9.823379232000036 53.575559918000067)","Unfall 121605 (2017) Kat:3, Licht: 0","121605","3","6","2","01","08","6","0","0","0","1","0","0"
"POINT (9.906165042000055 53.561887916000046)","Unfall 121606 (2017) Kat:3, Licht: 2","121606","3","6","4","01","18","6","0","2","0","1","0","0"
"POINT (9.918190276000075 53.556929483000033)","Unfall 121607 (2017) Kat:3, Licht: 0","121607","3","3","5","01","13","6","0","0","1","1","0","0"
"POINT (9.871494602000041 53.592276865000031)","Unfall 121608 (2017) Kat:3, Licht: 0","121608","3","7","1","01","14","6","0","0","0","1","0","1"
"POINT (9.957541012000036 53.566813307000075)","Unfall 121609 (2017) Kat:3, Licht: 2","121609","3","5","1","01","17","6","0","2","1","1","0","0"
"POINT (9.968723296000064 53.586240404000080)","Unfall 121610 (2017) Kat:3, Licht: 0","121610","3","3","5","01","10","6","0","0","0","1","0","0"
"POINT (9.988005816000054 53.589957484000081)","Unfall 121611 (2017) Kat:3, Licht: 0","121611","3","5","1","01","08","6","0","0","1","1","0","0"
"POINT (9.990551950000054 53.560376073000043)","Unfall 121612 (2017) Kat:3, Licht: 0","121612","3","3","5","01","13","6","0","0","1","1","0","0"
"POINT (9.959972610000023 53.546787646000041)","Unfall 121613 (2017) Kat:3, Licht: 0","121613","3","6","3","01","08","6","2","0","1","1","0","0"
"POINT (10.002154091000023 53.551304091000077)","Unfall 121614 (2017) Kat:3, Licht: 0","121614","3","4","0","01","09","6","0","0","0","0","1","0"
"POINT (10.185918372000060 53.489202515000045)","Unfall 121615 (2017) Kat:3, Licht: 0","121615","3","3","5","01","13","5","0","0","1","1","0","0"
"POINT (10.203343005000022 53.498038677000068)","Unfall 121616 (2017) Kat:3, Licht: 0","121616","3","4","6","01","10","5","0","0","0","1","1","0"
"POINT (10.145517091000045 53.544424768000056)","Unfall 121617 (2017) Kat:3, Licht: 2","121617","3","3","5","01","17","5","0","2","0","1","0","0"
"POINT (10.136169007000035 53.569292707000045)","Unfall 121618 (2017) Kat:3, Licht: 2","121618","3","4","6","01","17","5","0","2","0","1","1","0"
"POINT (10.124589446000073 53.587114213000064)","Unfall 121619 (2017) Kat:3, Licht: 0","121619","3","6","2","01","07","5","0","0","0","1","0","0"
"POINT (10.018592476000038 53.614662461000080)","Unfall 121620 (2017) Kat:3, Licht: 2","121620","3","6","3","01","20","5","0","2","1","1","0","0"
"POINT (10.012879460000022 53.627104013000064)","Unfall 121621 (2017) Kat:3, Licht: 0","121621","3","6","3","03","08","5","0","0","1","0","0","0"
"POINT (10.022682978000034 53.629606528000068)","Unfall 121622 (2017) Kat:3, Licht: 0","121622","3","5","1","03","18","5","0","0","1","1","0","0"
"POINT (10.020759770000041 53.559770143000037)","Unfall 121623 (2017) Kat:3, Licht: 0","121623","3","6","1","03","09","5","0","0","0","1","0","0"
"POINT (9.968388066000046 53.586134582000057)","Unfall 121624 (2017) Kat:3, Licht: 0","121624","3","3","5","03","08","4","0","0","1","0","0","0"
"POINT (9.975764333000029 53.638187168000059)","Unfall 121625 (2017) Kat:3, Licht: 0","121625","3","7","6","03","15","5","0","0","0","1","1","0"
"POINT (9.967080109000051 53.585690036000074)","Unfall 121626 (2017) Kat:3, Licht: 0","121626","3","2","2","03","16","5","0","0","0","1","0","0"
"POINT (9.955330259000050 53.551689855000063)","Unfall 121627 (2017) Kat:3, Licht: 2","121627","3","2","4","03","18","5","0","2","1","1","0","0"
"POINT (9.955672319000030 53.550319559000059)","Unfall 121628 (2017) Kat:3, Licht: 0","121628","3","6","3","03","16","5","0","0","0","1","0","0"
"POINT (9.967990698000051 53.566652659000056)","Unfall 121629 (2017) Kat:3, Licht: 0","121629","3","6","6","03","18","4","0","0","1","0","1","0"
"POINT (9.885389199000031 53.517860408000047)","Unfall 121630 (2017) Kat:3, Licht: 0","121630","3","1","0","03","13","3","0","0","0","0","0","1"
"POINT (10.021358037000027 53.494797180000035)","Unfall 121631 (2017) Kat:3, Licht: 0","121631","3","3","5","03","12","3","0","0","0","1","0","0"