WKT,Name,OBJECTID,UKATEGORIE,UTYP1,UART,UMONAT,USTUNDE,UWOCHENTAG,STRZUSTAND,ULICHTVERH,ISTRAD,ISTPKW,ISTFUSS,ISTKRAD
"POINT (9.995587175000026 53.497783419000029)","Unfall 121632 (2017) Kat:3, Licht: 0","121632","3","1","9","03","14","3","0","0","0","0","0","0"
"POINT (10.011664135000046 53.610223304000044)","Unfall 121633 (2017) Kat:3, Licht: 0","121633","3","3","5","03","07","3","0","0","0","1","0","0"
"POINT (9.909397906000038 53.551031922000050)","Unfall 121634 (2017) Kat:3, Licht: 0","121634","3","6","4","03","15","3","0","0","1","0","0","0"
"POINT (9.945975377000025 53.562874189000070)","Unfall 121635 (2017) Kat:3, Licht: 1","121635","3","6","2","03","18","3","0","1","0","1","0","0"
"POINT (10.011059354000054 53.557268922000048)","Unfall 121636 (2017) Kat:3, Licht: 0","121636","3","6","0","03","14","3","0","0","0","1","0","0"
"POINT (9.984483730000022 53.434549310000079)","Unfall 121637 (2017) Kat:2, Licht: 0","121637","2","3","5","03","09","2","0","0","0","1","0","0"
"POINT (10.060196204000022 53.548533023000061)","Unfall 121638 (2017) Kat:3, Licht: 2","121638","3","2","4","03","19","2","0","2","1","1","0","0"
"POINT (10.077342213000065 53.570303170000045)","Unfall 121639 (2017) Kat:3, Licht: 1","121639","3","3","5","03","18","2","0","1","1","1","0","0"
"POINT (10.092321456000036 53.587912015000029)","Unfall 121640 (2017) Kat:2, Licht: 0","121640","2","4","6","03","07","2","0","0","0","1","1","0"
"POINT (10.015323995000074 53.632817958000032)","Unfall 121641 (2017) Kat:3, Licht: 2","121641","3","3","5","03","21","2","1","2","1","1","0","0"
"POINT (10.018109845000026 53.650893805000067)","Unfall 121642 (2017) Kat:3, Licht: 0","121642","3","7","6","03","14","2","0","0","0","1","1","0"
"POINT (10.018687592000049 53.574928359000069)","Unfall 121643 (2017) Kat:3, Licht: 0","121643","3","7","0","03","07","2","0","0","0","1","0","0"
"POINT (9.813657599000067 53.563303510000026)","Unfall 121644 (2017) Kat:3, Licht: 2","121644","3","5","1","03","19","2","0","2","1","1","0","0"
"POINT (9.985206475000041 53.572597281000071)","Unfall 121645 (2017) Kat:3, Licht: 2","121645","3","5","1","03","20","5","0","2","0","1","0","0"
"POINT (9.979452538000032 53.579966580000075)","Unfall 121646 (2017) Kat:3, Licht: 2","121646","3","2","5","03","19","5","0","2","1","1","0","0"
"POINT (9.961350230000051 53.549657630000070)","Unfall 121647 (2017) Kat:3, Licht: 0","121647","3","2","5","03","15","5","0","0","1","1","0","0"
"POINT (9.875205838000056 53.477370018000045)","Unfall 121648 (2017) Kat:3, Licht: 2","121648","3","6","1","03","20","4","0","2","0","1","0","0"
"POINT (9.976275985000029 53.507382787000040)","Unfall 121649 (2017) Kat:3, Licht: 0","121649","3","3","5","03","13","4","0","0","0","0","0","0"
"POINT (10.104446729000074 53.558685407000041)","Unfall 121650 (2017) Kat:3, Licht: 0","121650","3","6","2","03","09","4","0","0","0","1","0","0"
"POINT (10.061982370000067 53.536862526000050)","Unfall 121651 (2017) Kat:3, Licht: 0","121651","3","3","5","03","08","4","0","0","0","0","0","0"
"POINT (10.145611138000049 53.606124428000044)","Unfall 121652 (2017) Kat:2, Licht: 0","121652","2","6","6","03","14","4","0","0","1","0","1","0"
"POINT (10.098872245000052 53.588895097000034)","Unfall 121653 (2017) Kat:3, Licht: 0","121653","3","2","5","03","11","4","0","0","0","1","0","0"
"POINT (10.046979705000069 53.602701767000042)","Unfall 121654 (2017) Kat:3, Licht: 0","121654","3","3","5","03","16","4","0","0","1","1","0","0"
"POINT (10.035715948000075 53.580181340000081)","Unfall 121655 (2017) Kat:3, Licht: 0","121655","3","3","5","03","17","4","0","0","0","1","0","0"
"POINT (10.041828065000061 53.564391584000077)","Unfall 121656 (2017) Kat:3, Licht: 0","121656","3","1","1","03","13","4","0","0","0","1","0","0"
"POINT (10.034313190000034 53.579939360000026)","Unfall 121657 (2017) Kat:3, Licht: 0","121657","3","1","0","03","16","4","0","0","0","0","0","1"
"POINT (9.819182025000032 53.561869394000041)","Unfall 121658 (2017) Kat:3, Licht: 2","121658","3","2","4","03","23","4","0","2","0","1","1","0"
"POINT (9.922035011000048 53.567698465000035)","Unfall 121659 (2017) Kat:2, Licht: 2","121659","2","7","1","03","02","4","1","2","0","1","0","0"
"POINT (9.954754930000036 53.623585415000036)","Unfall 121660 (2017) Kat:3, Licht: 2","121660","3","3","5","03","21","4","0","2","0","1","0","0"
"POINT (9.949218977000044 53.558831662000046)","Unfall 121661 (2017) Kat:3, Licht: 0","121661","3","6","2","03","16","2","0","0","0","1","0","0"
"POINT (9.988107597000067 53.572674180000035)","Unfall 121662 (2017) Kat:3, Licht: 2","121662","3","6","2","03","22","2","0","2","1","1","0","0"
"POINT (9.970005977000028 53.567624209000030)","Unfall 121663 (2017) Kat:3, Licht: 0","121663","3","2","3","03","11","2","0","0","1","1","0","0"
"POINT (10.025799715000062 53.556164024000054)","Unfall 121664 (2017) Kat:2, Licht: 0","121664","2","6","3","03","17","2","0","0","1","1","0","0"
"POINT (10.152705278000042 53.625431166000055)","Unfall 121665 (2017) Kat:2, Licht: 0","121665","2","5","1","03","13","1","0","0","1","1","0","0"
"POINT (10.133256543000073 53.584706017000030)","Unfall 121666 (2017) Kat:3, Licht: 0","121666","3","6","1","03","13","1","0","0","0","1","0","0"
"POINT (10.068068324000023 53.609992251000051)","Unfall 121667 (2017) Kat:3, Licht: 0","121667","3","3","5","03","12","1","0","0","1","1","0","0"
"POINT (9.921794467000041 53.599250676000054)","Unfall 121668 (2017) Kat:3, Licht: 2","121668","3","5","1","03","22","1","0","2","1","1","0","0"
"POINT (9.897471369000073 53.605092130000060)","Unfall 121669 (2017) Kat:3, Licht: 0","121669","3","6","2","03","16","1","0","0","0","1","0","1"
"POINT (9.940241402000027 53.579159123000068)","Unfall 121670 (2017) Kat:3, Licht: 0","121670","3","7","0","03","15","1","0","0","0","1","0","0"
"POINT (9.929721237000024 53.550546129000054)","Unfall 121671 (2017) Kat:3, Licht: 0","121671","3","6","3","03","11","1","0","0","0","1","0","1"
"POINT (9.986767459000021 53.548468694000064)","Unfall 121672 (2017) Kat:3, Licht: 0","121672","3","6","2","03","16","1","0","0","0","1","0","1"
"POINT (9.965444050000031 53.434567545000050)","Unfall 121673 (2017) Kat:3, Licht: 0","121673","3","3","5","03","13","7","0","0","1","1","0","0"
"POINT (10.103398759000072 53.543308989000082)","Unfall 121674 (2017) Kat:2, Licht: 0","121674","2","3","5","03","16","7","0","0","1","1","0","0"
"POINT (10.155108362000021 53.600765004000039)","Unfall 121675 (2017) Kat:3, Licht: 0","121675","3","4","6","03","10","7","0","0","1","0","1","0"
"POINT (10.122008830000027 53.585132694000038)","Unfall 121676 (2017) Kat:3, Licht: 0","121676","3","6","2","03","16","7","0","0","0","1","0","0"
"POINT (10.163390287000027 53.626004591000026)","Unfall 121677 (2017) Kat:3, Licht: 0","121677","3","7","1","03","14","7","0","0","0","1","1","0"
"POINT (10.085196383000039 53.664145423000036)","Unfall 121678 (2017) Kat:3, Licht: 0","121678","3","3","5","03","14","7","0","0","0","1","0","0"
"POINT (10.018178508000062 53.651035211000078)","Unfall 121679 (2017) Kat:3, Licht: 0","121679","3","2","5","03","11","7","0","0","0","1","0","0"
"POINT (10.044283041000028 53.574940747000028)","Unfall 121680 (2017) Kat:3, Licht: 2","121680","3","4","6","03","21","7","0","2","0","1","1","0"
"POINT (9.881522390000043 53.583064790000037)","Unfall 121681 (2017) Kat:3, Licht: 0","121681","3","7","3","03","12","7","0","0","0","1","0","0"
"POINT (9.872237892000044 53.584895632000041)","Unfall 121682 (2017) Kat:2, Licht: 0","121682","2","2","5","03","08","7","0","0","1","1","0","0"
"POINT (9.930274378000036 53.554469431000030)","Unfall 121683 (2017) Kat:3, Licht: 0","121683","3","3","5","03","14","7","0","0","0","0","0","1"
"POINT (9.974498167000036 53.558412389000068)","Unfall 121684 (2017) Kat:3, Licht: 0","121684","3","6","5","03","15","7","0","0","1","0","0","0"
"POINT (9.862582475000068 53.539466330000039)","Unfall 121685 (2017) Kat:3, Licht: 0","121685","3","3","5","03","17","6","0","0","0","1","0","0"
"POINT (9.875086312000065 53.477354739000077)","Unfall 121686 (2017) Kat:2, Licht: 2","121686","2","3","5","03","05","6","0","2","0","1","0","0"
"POINT (10.117853625000066 53.606973034000077)","Unfall 121687 (2017) Kat:3, Licht: 2","121687","3","7","6","03","22","6","0","2","1","0","1","0"
"POINT (10.091373129000033 53.568700473000035)","Unfall 121688 (2017) Kat:3, Licht: 0","121688","3","3","5","03","15","6","0","0","0","1","0","0"
"POINT (10.108438982000052 53.651964906000046)","Unfall 121689 (2017) Kat:3, Licht: 0","121689","3","5","1","03","13","6","0","0","0","1","0","0"
"POINT (10.061293181000053 53.655760425000040)","Unfall 121690 (2017) Kat:3, Licht: 0","121690","3","3","5","03","09","6","0","0","1","1","0","0"
"POINT (10.008939798000029 53.627607903000069)","Unfall 121691 (2017) Kat:3, Licht: 2","121691","3","7","0","03","01","6","1","2","0","1","0","0"
"POINT (10.026034127000059 53.628388808000068)","Unfall 121692 (2017) Kat:3, Licht: 0","121692","3","1","0","03","12","6","0","0","1","0","0","0"
"POINT (10.030865487000028 53.625994995000042)","Unfall 121693 (2017) Kat:3, Licht: 2","121693","3","7","8","03","01","6","1","2","0","1","0","0"
"POINT (10.011286990000031 53.579097956000055)","Unfall 121694 (2017) Kat:3, Licht: 1","121694","3","5","1","03","18","6","0","1","1","1","0","0"
"POINT (9.769068060000052 53.577506334000077)","Unfall 121695 (2017) Kat:3, Licht: 2","121695","3","3","5","03","20","6","0","2","1","1","0","0"
"POINT (9.926236060000065 53.564434591000065)","Unfall 121696 (2017) Kat:3, Licht: 0","121696","3","3","5","03","16","6","0","0","0","1","0","0"
"POINT (9.908296650000068 53.591522055000041)","Unfall 121697 (2017) Kat:3, Licht: 2","121697","3","3","5","03","00","6","0","2","0","1","0","0"
"POINT (9.937447617000032 53.552753955000071)","Unfall 121698 (2017) Kat:3, Licht: 0","121698","3","7","3","03","16","6","0","0","0","1","0","0"
"POINT (9.988652637000030 53.562039948000063)","Unfall 121699 (2017) Kat:3, Licht: 0","121699","3","7","5","03","14","6","0","0","1","1","0","0"
"POINT (9.990250789000072 53.561060401000077)","Unfall 121700 (2017) Kat:3, Licht: 0","121700","3","4","0","03","13","6","0","0","0","0","1","0"
"POINT (9.961200170000041 53.549525448000054)","Unfall 121701 (2017) Kat:3, Licht: 2","121701","3","4","6","03","23","6","0","2","0","1","1","0"
"POINT (9.981112846000031 53.556480437000062)","Unfall 121702 (2017) Kat:3, Licht: 2","121702","3","6","1","03","20","6","0","2","0","1","0","0"
"POINT (10.013239131000034 53.553689595000037)","Unfall 121703 (2017) Kat:3, Licht: 2","121703","3","6","2","03","22","6","0","2","0","1","0","0"
"POINT (9.932513468000025 53.431057704000068)","Unfall 121704 (2017) Kat:3, Licht: 0","121704","3","2","1","03","17","5","1","0","0","1","0","0"
"POINT (9.971214857000064 53.459283741000036)","Unfall 121705 (2017) Kat:2, Licht: 2","121705","2","2","6","03","19","5","1","2","0","1","1","0"
"POINT (10.089217532000021 53.511388292000049)","Unfall 121706 (2017) Kat:3, Licht: 0","121706","3","6","2","03","16","5","1","0","0","1","0","0"
"POINT (10.109154750000073 53.541696392000063)","Unfall 121707 (2017) Kat:3, Licht: 2","121707","3","2","6","03","19","5","1","2","0","1","1","0"
"POINT (10.110008647000029 53.538500704000057)","Unfall 121708 (2017) Kat:3, Licht: 2","121708","3","6","1","03","21","5","1","2","0","1","0","0"
"POINT (10.030378375000055 53.536641505000034)","Unfall 121709 (2017) Kat:3, Licht: 1","121709","3","6","2","03","06","5","0","1","0","1","0","0"
"POINT (10.056295602000034 53.560793882000041)","Unfall 121710 (2017) Kat:3, Licht: 0","121710","3","6","3","03","12","5","0","0","0","1","0","0"
"POINT (10.126041252000050 53.570984150000072)","Unfall 121711 (2017) Kat:3, Licht: 0","121711","3","6","3","03","07","5","1","0","0","0","0","0"
"POINT (10.183764997000026 53.607112223000058)","Unfall 121712 (2017) Kat:3, Licht: 0","121712","3","6","2","03","08","5","1","0","0","1","0","0"
"POINT (10.155984992000072 53.614346298000044)","Unfall 121713 (2017) Kat:3, Licht: 0","121713","3","2","4","03","05","5","0","0","0","1","0","0"
"POINT (10.069887334000043 53.578328061000036)","Unfall 121714 (2017) Kat:3, Licht: 2","121714","3","3","5","03","19","5","1","2","0","1","0","0"
"POINT (10.074184875000071 53.594184762000054)","Unfall 121715 (2017) Kat:2, Licht: 0","121715","2","6","4","03","14","5","0","0","0","1","0","0"
"POINT (10.092450311000050 53.651759929000036)","Unfall 121716 (2017) Kat:2, Licht: 0","121716","2","7","0","03","11","5","0","0","0","0","1","0"
"POINT (10.026595190000023 53.625866052000049)","Unfall 121717 (2017) Kat:3, Licht: 0","121717","3","7","5","03","12","5","0","0","0","1","0","0"
"POINT (10.024511372000063 53.584841346000076)","Unfall 121718 (2017) Kat:2, Licht: 0","121718","2","3","5","03","14","5","0","0","1","1","0","0"
"POINT (10.051023168000029 53.586427662000062)","Unfall 121719 (2017) Kat:3, Licht: 2","121719","3","6","1","03","19","5","1","2","0","1","0","0"
"POINT (10.049998740000035 53.594100842000046)","Unfall 121720 (2017) Kat:3, Licht: 2","121720","3","3","5","03","05","5","1","2","0","1","0","0"
"POINT (9.853395045000070 53.583918955000058)","Unfall 121721 (2017) Kat:3, Licht: 0","121721","3","2","0","03","11","5","1","0","0","1","1","0"
"POINT (9.872610252000072 53.547276504000081)","Unfall 121722 (2017) Kat:3, Licht: 0","121722","3","3","5","03","08","5","0","0","1","1","0","0"
"POINT (9.941988436000031 53.555384664000030)","Unfall 121723 (2017) Kat:3, Licht: 0","121723","3","3","5","03","15","5","1","0","1","1","0","0"
"POINT (10.004760750000059 53.557724888000052)","Unfall 121724 (2017) Kat:3, Licht: 0","121724","3","6","2","03","16","5","1","0","0","1","0","0"
"POINT (10.011105589000067 53.550943368000048)","Unfall 121725 (2017) Kat:3, Licht: 0","121725","3","3","5","03","10","5","0","0","1","1","0","0"
"POINT (10.081003151000061 53.531960905000062)","Unfall 121726 (2017) Kat:3, Licht: 0","121726","3","2","4","03","07","4","0","0","0","1","0","0"
"POINT (10.142223361000049 53.628441386000077)","Unfall 121727 (2017) Kat:3, Licht: 0","121727","3","2","5","03","06","4","0","0","1","1","0","0"
"POINT (10.031461322000041 53.576157945000034)","Unfall 121728 (2017) Kat:3, Licht: 2","121728","3","3","5","03","23","4","0","2","0","1","0","0"
"POINT (9.888457102000075 53.601027460000068)","Unfall 121729 (2017) Kat:3, Licht: 0","121729","3","3","5","03","17","4","1","0","0","1","0","0"
"POINT (9.958514547000050 53.599176512000042)","Unfall 121730 (2017) Kat:3, Licht: 2","121730","3","2","4","03","20","4","1","2","0","1","0","0"
"POINT (9.976911213000051 53.569248177000077)","Unfall 121731 (2017) Kat:3, Licht: 0","121731","3","5","1","03","11","4","0","0","0","1","0","0"
"POINT (9.954961274000027 53.548742843000070)","Unfall 121732 (2017) Kat:3, Licht: 0","121732","3","4","6","03","09","4","0","0","0","0","1","0"
"POINT (9.996673715000043 53.548926574000063)","Unfall 121733 (2017) Kat:3, Licht: 0","121733","3","7","0","03","13","4","0","0","0","1","0","0"
"POINT (9.977273831000048 53.553808790000062)","Unfall 121734 (2017) Kat:3, Licht: 2","121734","3","6","3","03","19","4","1","2","0","1","0","0"
"POINT (9.936787087000027 53.442402410000057)","Unfall 121735 (2017) Kat:3, Licht: 2","121735","3","5","1","03","19","3","1","2","0","1","0","0"
"POINT (10.201884547000077 53.488977008000063)","Unfall 121736 (2017) Kat:3, Licht: 2","121736","3","2","5","03","05","3","0","2","0","1","0","0"
"POINT (10.047477339000068 53.560641672000031)","Unfall 121737 (2017) Kat:3, Licht: 0","121737","3","7","0","03","17","3","0","0","0","1","0","0"
"POINT (10.131072926000058 53.588737820000063)","Unfall 121738 (2017) Kat:3, Licht: 0","121738","3","2","2","03","15","3","0","0","0","1","0","0"
"POINT (10.178339238000035 53.590658605000044)","Unfall 121739 (2017) Kat:3, Licht: 0","121739","3","3","5","03","11","3","0","0","0","1","0","0"
"POINT (10.161666423000042 53.648247410000067)","Unfall 121740 (2017) Kat:3, Licht: 0","121740","3","3","5","03","10","3","0","0","0","1","0","0"
"POINT (10.018753365000066 53.640203475000078)","Unfall 121741 (2017) Kat:3, Licht: 0","121741","3","4","0","03","12","3","0","0","0","0","1","0"
"POINT (10.000636667000038 53.678544801000044)","Unfall 121742 (2017) Kat:1, Licht: 0","121742","1","4","6","03","13","3","0","0","0","0","1","0"
"POINT (9.895475198000042 53.604237849000071)","Unfall 121743 (2017) Kat:3, Licht: 2","121743","3","3","5","03","19","3","0","2","0","1","0","0"
"POINT (10.009982093000076 53.552270295000028)","Unfall 121744 (2017) Kat:3, Licht: 2","121744","3","7","3","03","17","3","0","2","0","1","0","0"
"POINT (9.912245081000037 53.512729601000046)","Unfall 121745 (2017) Kat:3, Licht: 2","121745","3","6","2","03","05","2","0","2","0","1","0","0"
"POINT (9.976193570000021 53.507393977000049)","Unfall 121746 (2017) Kat:3, Licht: 0","121746","3","3","5","03","14","2","0","0","0","1","0","0"
"POINT (10.106328598000061 53.546636702000058)","Unfall 121747 (2017) Kat:3, Licht: 0","121747","3","6","2","03","15","2","1","0","0","1","0","0"
"POINT (10.020816597000021 53.550423094000053)","Unfall 121748 (2017) Kat:3, Licht: 2","121748","3","3","5","03","22","2","0","2","0","1","0","0"
"POINT (10.130756249000058 53.578603803000078)","Unfall 121749 (2017) Kat:3, Licht: 0","121749","3","3","5","03","12","2","0","0","1","1","0","0"
"POINT (10.002084807000074 53.651443368000059)","Unfall 121750 (2017) Kat:3, Licht: 0","121750","3","2","5","03","13","2","1","0","1","0","0","0"
"POINT (10.026486143000056 53.629206215000067)","Unfall 121751 (2017) Kat:3, Licht: 0","121751","3","6","2","03","11","2","0","0","0","1","0","0"
"POINT (10.042486980000035 53.565387131000080)","Unfall 121752 (2017) Kat:3, Licht: 0","121752","3","3","5","03","10","2","1","0","0","1","0","0"
"POINT (10.033097300000065 53.582683241000041)","Unfall 121753 (2017) Kat:3, Licht: 0","121753","3","3","5","03","08","2","1","0","0","1","0","0"
"POINT (9.822534593000057 53.584038909000071)","Unfall 121754 (2017) Kat:3, Licht: 0","121754","3","2","5","03","15","2","1","0","0","0","1","0"
"POINT (9.991010438000046 53.601717750000034)","Unfall 121755 (2017) Kat:3, Licht: 2","121755","3","1","9","03","23","2","0","2","0","0","0","1"
"POINT (9.977124661000062 53.564091775000065)","Unfall 121756 (2017) Kat:3, Licht: 0","121756","3","2","3","03","08","2","1","0","1","1","0","0"
"POINT (10.182023467000022 53.478257685000074)","Unfall 121757 (2017) Kat:3, Licht: 0","121757","3","6","2","03","16","1","0","0","0","1","0","1"
"POINT (9.879960132000065 53.516286861000026)","Unfall 121758 (2017) Kat:2, Licht: 2","121758","2","1","8","03","23","7","0","2","0","0","0","1"
"POINT (9.896281418000058 53.477302119000058)","Unfall 121759 (2017) Kat:3, Licht: 2","121759","3","7","9","03","22","7","0","2","0","1","0","0"
"POINT (9.983140498000068 53.457195545000047)","Unfall 121760 (2017) Kat:3, Licht: 0","121760","3","5","1","03","09","7","0","0","1","1","0","0"
"POINT (10.147886552000045 53.527423128000066)","Unfall 121761 (2017) Kat:3, Licht: 0","121761","3","6","2","03","14","7","0","0","0","1","0","0"
"POINT (10.045804334000024 53.548314557000026)","Unfall 121762 (2017) Kat:3, Licht: 0","121762","3","3","5","03","11","7","0","0","0","1","0","1"
"POINT (10.026951287000031 53.551597081000068)","Unfall 121763 (2017) Kat:3, Licht: 2","121763","3","6","3","03","06","7","1","2","0","1","0","0"
"POINT (10.080631714000049 53.581082798000068)","Unfall 121764 (2017) Kat:2, Licht: 0","121764","2","2","6","03","15","7","0","0","0","1","1","0"
"POINT (10.067632638000021 53.582314178000047)","Unfall 121765 (2017) Kat:3, Licht: 0","121765","3","2","2","03","16","7","0","0","0","1","0","0"
"POINT (10.018312792000074 53.661567674000082)","Unfall 121766 (2017) Kat:3, Licht: 0","121766","3","5","1","03","12","7","0","0","0","1","0","1"
"POINT (9.858705922000070 53.598050492000027)","Unfall 121767 (2017) Kat:3, Licht: 0","121767","3","6","2","03","14","7","0","0","0","1","0","0"
"POINT (9.874844589000077 53.589653131000034)","Unfall 121768 (2017) Kat:3, Licht: 2","121768","3","6","4","03","05","7","0","2","0","1","0","0"
"POINT (9.872204930000066 53.591839332000063)","Unfall 121769 (2017) Kat:3, Licht: 0","121769","3","3","5","03","14","7","0","0","0","1","0","0"
"POINT (9.961214506000033 53.546393208000040)","Unfall 121770 (2017) Kat:3, Licht: 2","121770","3","4","6","03","20","7","0","2","0","1","1","0"
"POINT (9.873471357000028 53.533675975000051)","Unfall 121771 (2017) Kat:3, Licht: 2","121771","3","2","5","03","18","6","0","2","1","1","0","0"
"POINT (9.938846614000056 53.450201449000076)","Unfall 121772 (2017) Kat:2, Licht: 0","121772","2","3","5","03","08","6","0","0","1","1","0","0"
"POINT (9.990203255000040 53.443888767000033)","Unfall 121773 (2017) Kat:3, Licht: 0","121773","3","2","5","03","14","6","0","0","1","1","0","0"
"POINT (9.976181835000034 53.507389156000045)","Unfall 121774 (2017) Kat:3, Licht: 0","121774","3","3","5","03","16","6","0","0","0","1","0","0"
"POINT (10.187665798000069 53.400886361000062)","Unfall 121775 (2017) Kat:3, Licht: 0","121775","3","6","4","03","12","6","0","0","0","1","0","0"
"POINT (10.136486714000057 53.427241838000043)","Unfall 121776 (2017) Kat:3, Licht: 0","121776","3","5","1","03","07","6","1","0","0","1","0","0"
"POINT (10.098464946000036 53.541519367000035)","Unfall 121777 (2017) Kat:3, Licht: 0","121777","3","3","5","03","13","6","0","0","1","1","0","0"
"POINT (10.069649199000025 53.526266370000030)","Unfall 121778 (2017) Kat:3, Licht: 0","121778","3","6","2","03","11","6","0","0","0","1","0","0"
"POINT (10.063735218000033 53.554163797000058)","Unfall 121779 (2017) Kat:3, Licht: 0","121779","3","6","2","03","15","6","0","0","0","1","0","0"
"POINT (10.110493077000058 53.574837456000068)","Unfall 121780 (2017) Kat:2, Licht: 2","121780","2","4","6","03","06","6","1","2","0","1","1","0"
"POINT (10.109147853000024 53.581721553000079)","Unfall 121781 (2017) Kat:3, Licht: 0","121781","3","2","2","03","12","6","0","0","0","1","0","0"
"POINT (10.095396855000047 53.588238104000027)","Unfall 121782 (2017) Kat:3, Licht: 0","121782","3","2","5","03","15","6","0","0","0","1","0","0"
"POINT (10.047700832000032 53.602508253000053)","Unfall 121783 (2017) Kat:3, Licht: 0","121783","3","4","6","03","12","6","0","0","0","1","1","0"
"POINT (10.087218773000075 53.622671657000069)","Unfall 121784 (2017) Kat:2, Licht: 0","121784","2","3","0","03","11","6","0","0","1","0","0","0"
"POINT (10.085248078000063 53.661096479000037)","Unfall 121785 (2017) Kat:3, Licht: 0","121785","3","7","6","03","14","6","0","0","0","1","1","0"
"POINT (10.076849317000040 53.655456711000056)","Unfall 121786 (2017) Kat:3, Licht: 0","121786","3","4","6","03","10","6","0","0","0","1","1","0"
"POINT (10.024618472000043 53.587070566000079)","Unfall 121787 (2017) Kat:3, Licht: 0","121787","3","3","5","03","08","6","1","0","0","1","0","0"
"POINT (10.033939564000036 53.576257945000066)","Unfall 121788 (2017) Kat:3, Licht: 2","121788","3","7","5","03","20","6","0","2","0","1","0","0"
"POINT (10.034860816000048 53.574937862000070)","Unfall 121789 (2017) Kat:3, Licht: 0","121789","3","3","5","03","10","6","0","0","1","1","0","0"
"POINT (9.758872498000073 53.577227571000037)","Unfall 121790 (2017) Kat:3, Licht: 2","121790","3","1","8","03","05","6","1","2","0","1","0","0"
"POINT (9.918263851000063 53.571145043000058)","Unfall 121791 (2017) Kat:3, Licht: 0","121791","3","6","2","03","14","6","0","0","0","1","0","0"
"POINT (9.967319610000061 53.635724549000031)","Unfall 121792 (2017) Kat:3, Licht: 2","121792","3","2","5","03","19","6","0","2","0","1","0","0"
"POINT (9.982595288000027 53.585703708000040)","Unfall 121793 (2017) Kat:3, Licht: 0","121793","3","6","3","03","13","6","0","0","0","1","0","0"
"POINT (9.953688172000057 53.547138304000043)","Unfall 121794 (2017) Kat:3, Licht: 2","121794","3","6","3","03","21","6","0","2","1","1","0","0"
"POINT (9.975464907000060 53.559188344000063)","Unfall 121795 (2017) Kat:3, Licht: 0","121795","3","6","2","03","08","6","0","0","0","1","0","0"
"POINT (9.984848643000021 53.542711863000079)","Unfall 121796 (2017) Kat:3, Licht: 0","121796","3","1","0","03","15","6","0","0","1","0","0","0"
"POINT (10.007734792000065 53.554972261000046)","Unfall 121797 (2017) Kat:3, Licht: 2","121797","3","2","6","03","23","6","1","2","0","1","1","0"
"POINT (10.013763412000060 53.559381533000078)","Unfall 121798 (2017) Kat:3, Licht: 0","121798","3","6","3","03","09","6","0","0","1","1","0","0"
"POINT (10.008949113000028 53.457562079000070)","Unfall 121799 (2017) Kat:3, Licht: 0","121799","3","3","0","03","11","5","1","0","0","1","0","0"
"POINT (9.997202902000026 53.483701256000074)","Unfall 121800 (2017) Kat:3, Licht: 0","121800","3","6","2","03","14","5","1","0","0","1","0","0"
"POINT (10.038318646000050 53.547572711000043)","Unfall 121801 (2017) Kat:3, Licht: 0","121801","3","4","6","03","13","5","0","0","0","0","1","0"
"POINT (10.109811471000057 53.611645355000064)","Unfall 121802 (2017) Kat:3, Licht: 0","121802","3","4","6","03","17","5","1","0","0","1","1","0"
"POINT (10.076264252000044 53.614726690000055)","Unfall 121803 (2017) Kat:3, Licht: 2","121803","3","7","3","03","06","5","1","2","0","1","0","0"
"POINT (10.125283672000023 53.668893030000049)","Unfall 121804 (2017) Kat:3, Licht: 0","121804","3","3","5","03","17","5","0","0","0","1","0","0"
"POINT (10.025795706000054 53.669567295000036)","Unfall 121805 (2017) Kat:3, Licht: 0","121805","3","2","4","03","11","5","0","0","0","1","0","0"
"POINT (10.017144996000070 53.561766926000075)","Unfall 121806 (2017) Kat:2, Licht: 0","121806","2","6","3","03","10","5","1","0","0","1","0","0"
"POINT (10.024794682000049 53.577091045000031)","Unfall 121807 (2017) Kat:3, Licht: 0","121807","3","5","1","03","09","5","1","0","0","1","0","0"
"POINT (9.844661225000039 53.554138603000069)","Unfall 121808 (2017) Kat:3, Licht: 0","121808","3","7","6","03","11","5","0","0","0","1","1","0"
"POINT (9.904418169000053 53.563091057000065)","Unfall 121809 (2017) Kat:2, Licht: 0","121809","2","3","5","03","14","5","1","0","1","1","0","0"
"POINT (9.914033130000064 53.644056838000040)","Unfall 121810 (2017) Kat:3, Licht: 0","121810","3","6","2","03","15","5","1","0","0","1","0","0"
"POINT (9.952639082000076 53.577674765000040)","Unfall 121811 (2017) Kat:3, Licht: 2","121811","3","5","0","03","20","5","1","2","0","1","0","1"
"POINT (9.932987614000069 53.553888701000062)","Unfall 121812 (2017) Kat:3, Licht: 0","121812","3","6","5","03","11","5","1","0","1","1","0","0"
"POINT (9.940320867000025 53.547844468000051)","Unfall 121813 (2017) Kat:1, Licht: 0","121813","1","4","6","03","10","5","1","0","0","1","1","0"
"POINT (9.991737358000023 53.549198282000077)","Unfall 121814 (2017) Kat:3, Licht: 0","121814","3","2","4","03","09","5","1","0","1","1","0","0"
"POINT (10.006264021000050 53.558235030000048)","Unfall 121815 (2017) Kat:2, Licht: 0","121815","2","1","0","03","11","5","1","0","0","0","0","1"
"POINT (9.868951689000028 53.533890229000065)","Unfall 121816 (2017) Kat:3, Licht: 2","121816","3","7","0","03","21","4","0","2","1","0","0","0"