WKT,Name,OBJECTID,UKATEGORIE,UTYP1,UART,UMONAT,USTUNDE,UWOCHENTAG,STRZUSTAND,ULICHTVERH,ISTRAD,ISTPKW,ISTFUSS,ISTKRAD
"POINT (10.210170840000046 53.490352513000062)","Unfall 121817 (2017) Kat:3, Licht: 2","121817","3","5","1","03","20","4","1","2","0","1","0","0"
"POINT (10.100107296000033 53.585844230000077)","Unfall 121818 (2017) Kat:3, Licht: 2","121818","3","2","5","03","18","4","0","2","0","1","0","0"
"POINT (10.069483093000031 53.600363034000054)","Unfall 121819 (2017) Kat:2, Licht: 0","121819","2","3","5","03","13","4","0","0","1","1","0","0"
"POINT (10.089784047000023 53.618009834000077)","Unfall 121820 (2017) Kat:3, Licht: 0","121820","3","4","6","03","15","4","0","0","0","1","1","0"
"POINT (10.164284837000025 53.651485970000067)","Unfall 121821 (2017) Kat:3, Licht: 0","121821","3","6","3","03","08","4","0","0","1","0","0","0"
"POINT (10.022517140000048 53.662189245000036)","Unfall 121822 (2017) Kat:3, Licht: 2","121822","3","5","1","03","19","4","0","2","1","1","0","0"
"POINT (10.010008559000028 53.584334430000069)","Unfall 121823 (2017) Kat:3, Licht: 1","121823","3","3","6","03","18","4","0","1","0","1","1","0"
"POINT (10.016347524000025 53.567629726000064)","Unfall 121824 (2017) Kat:3, Licht: 2","121824","3","2","5","03","18","4","0","2","0","1","0","0"
"POINT (9.898220578000064 53.625099434000049)","Unfall 121825 (2017) Kat:3, Licht: 0","121825","3","2","5","03","14","4","0","0","1","0","0","0"
"POINT (9.991065209000055 53.598654002000046)","Unfall 121826 (2017) Kat:3, Licht: 0","121826","3","4","6","03","17","4","0","0","0","1","1","0"
"POINT (9.933468793000031 53.553202269000053)","Unfall 121827 (2017) Kat:3, Licht: 1","121827","3","5","0","03","17","4","0","1","1","1","0","0"
"POINT (9.988941471000032 53.561890990000052)","Unfall 121828 (2017) Kat:3, Licht: 2","121828","3","7","5","03","19","4","0","2","0","1","0","1"
"POINT (10.009569269000053 53.550769237000054)","Unfall 121829 (2017) Kat:3, Licht: 2","121829","3","4","6","03","19","4","0","2","0","1","1","0"
"POINT (9.914080195000054 53.514768480000043)","Unfall 121830 (2017) Kat:3, Licht: 0","121830","3","6","2","02","15","3","0","0","0","1","0","0"
"POINT (9.996904916000062 53.442769138000074)","Unfall 121831 (2017) Kat:3, Licht: 2","121831","3","3","5","02","21","3","1","2","0","1","0","0"
"POINT (9.975578628000051 53.460181849000037)","Unfall 121832 (2017) Kat:2, Licht: 2","121832","2","7","6","02","19","3","1","2","0","1","1","0"
"POINT (9.981507920000070 53.521340437000049)","Unfall 121833 (2017) Kat:3, Licht: 0","121833","3","4","6","02","13","3","1","0","0","1","1","0"
"POINT (10.020296643000052 53.479443186000026)","Unfall 121834 (2017) Kat:3, Licht: 0","121834","3","2","2","02","08","3","0","0","0","1","0","0"
"POINT (10.208033919000059 53.495974959000080)","Unfall 121835 (2017) Kat:3, Licht: 0","121835","3","6","1","02","08","3","0","0","0","1","0","0"
"POINT (10.090056745000027 53.554169720000061)","Unfall 121836 (2017) Kat:3, Licht: 2","121836","3","2","6","02","19","3","1","2","0","1","1","0"
"POINT (10.113976007000076 53.557882213000028)","Unfall 121837 (2017) Kat:2, Licht: 0","121837","2","6","4","02","09","3","0","0","0","1","0","0"
"POINT (9.847192643000028 53.577727631000073)","Unfall 121838 (2017) Kat:3, Licht: 0","121838","3","6","2","03","11","7","0","0","0","1","0","0"
"POINT (10.141167043000053 53.583987153000066)","Unfall 121839 (2017) Kat:2, Licht: 0","121839","2","4","6","02","06","3","1","0","0","1","1","0"
"POINT (10.158069613000066 53.605555729000059)","Unfall 121840 (2017) Kat:3, Licht: 0","121840","3","7","6","02","12","3","0","0","0","1","1","0"
"POINT (9.963565453000058 53.423722120000036)","Unfall 121841 (2017) Kat:3, Licht: 0","121841","3","4","6","03","14","6","0","0","0","1","1","0"
"POINT (10.010824567000043 53.461053482000068)","Unfall 121842 (2017) Kat:3, Licht: 0","121842","3","6","1","03","12","6","0","0","0","1","0","0"
"POINT (10.062095118000059 53.608750099000076)","Unfall 121843 (2017) Kat:3, Licht: 0","121843","3","2","4","02","14","3","0","0","0","1","0","0"
"POINT (10.057285814000068 53.608520120000037)","Unfall 121844 (2017) Kat:3, Licht: 2","121844","3","2","5","02","05","3","1","2","0","1","0","0"
"POINT (10.048898971000028 53.630434950000051)","Unfall 121845 (2017) Kat:3, Licht: 0","121845","3","7","6","02","07","3","0","0","0","1","1","0"
"POINT (10.051087516000052 53.646849972000041)","Unfall 121846 (2017) Kat:3, Licht: 0","121846","3","3","5","02","17","3","0","0","1","1","0","0"
"POINT (10.024944320000031 53.600643109000032)","Unfall 121847 (2017) Kat:3, Licht: 0","121847","3","6","2","02","13","3","1","0","0","0","0","0"
"POINT (10.051536445000067 53.564403400000060)","Unfall 121848 (2017) Kat:3, Licht: 2","121848","3","3","0","02","21","3","1","2","0","1","0","0"
"POINT (10.028972381000074 53.570915370000080)","Unfall 121849 (2017) Kat:3, Licht: 0","121849","3","7","0","02","07","3","0","0","1","0","0","0"
"POINT (10.040963767000051 53.580174922000026)","Unfall 121850 (2017) Kat:3, Licht: 0","121850","3","4","6","02","13","3","1","0","0","1","1","0"
"POINT (9.897337000000050 53.565979994000031)","Unfall 121851 (2017) Kat:3, Licht: 0","121851","3","6","1","02","06","3","1","0","0","1","0","0"
"POINT (9.951757409000038 53.598734805000049)","Unfall 121852 (2017) Kat:3, Licht: 0","121852","3","6","2","02","10","3","0","0","0","1","0","0"
"POINT (9.946290012000077 53.562015379000059)","Unfall 121853 (2017) Kat:3, Licht: 0","121853","3","2","4","02","13","3","0","0","1","1","0","0"
"POINT (9.988641544000075 53.572620443000062)","Unfall 121854 (2017) Kat:3, Licht: 0","121854","3","3","5","02","10","3","0","0","0","1","0","0"
"POINT (10.005871670000033 53.550125366000032)","Unfall 121855 (2017) Kat:3, Licht: 0","121855","3","4","6","02","08","3","0","0","0","1","1","0"
"POINT (9.894117067000025 53.516112618000079)","Unfall 121856 (2017) Kat:3, Licht: 0","121856","3","6","2","02","14","2","0","0","0","1","0","0"
"POINT (9.984475107000037 53.459018265000054)","Unfall 121857 (2017) Kat:3, Licht: 0","121857","3","4","6","02","13","2","0","0","0","0","1","0"
"POINT (9.989916762000064 53.516776021000055)","Unfall 121858 (2017) Kat:3, Licht: 0","121858","3","3","5","03","10","6","0","0","1","1","0","0"
"POINT (10.236143177000031 53.437733465000065)","Unfall 121859 (2017) Kat:3, Licht: 2","121859","3","6","4","03","21","6","1","2","0","1","0","0"
"POINT (10.062553839000032 53.530775619000053)","Unfall 121860 (2017) Kat:3, Licht: 0","121860","3","7","0","03","11","6","0","0","0","1","0","0"
"POINT (9.925323931000037 53.477149087000043)","Unfall 121861 (2017) Kat:3, Licht: 2","121861","3","2","4","02","06","2","0","2","0","1","0","1"
"POINT (10.122028171000068 53.531463128000041)","Unfall 121862 (2017) Kat:2, Licht: 0","121862","2","4","6","02","15","2","0","0","0","1","1","0"
"POINT (10.117826677000039 53.606981610000048)","Unfall 121863 (2017) Kat:3, Licht: 2","121863","3","6","1","03","20","6","1","2","0","1","0","0"
"POINT (10.060675614000047 53.561909194000066)","Unfall 121864 (2017) Kat:3, Licht: 0","121864","3","3","5","02","09","2","0","0","1","1","0","0"
"POINT (10.042213245000028 53.601899655000068)","Unfall 121865 (2017) Kat:3, Licht: 0","121865","3","6","6","02","14","2","0","0","1","0","1","0"
"POINT (10.044352512000046 53.642278536000049)","Unfall 121866 (2017) Kat:2, Licht: 0","121866","2","3","5","02","09","2","0","0","1","1","0","0"
"POINT (10.158316197000033 53.653706463000049)","Unfall 121867 (2017) Kat:3, Licht: 0","121867","3","3","0","02","15","2","0","0","0","1","0","0"
"POINT (10.042297647000055 53.589048818000037)","Unfall 121868 (2017) Kat:3, Licht: 0","121868","3","2","3","02","08","2","0","0","1","1","0","0"
"POINT (9.920261396000058 53.563012874000037)","Unfall 121869 (2017) Kat:3, Licht: 2","121869","3","3","5","02","19","2","0","2","1","1","0","0"
"POINT (9.920675358000040 53.628057098000056)","Unfall 121870 (2017) Kat:3, Licht: 2","121870","3","7","2","02","19","2","0","2","0","1","0","0"
"POINT (9.930701239000030 53.556823490000056)","Unfall 121871 (2017) Kat:3, Licht: 0","121871","3","5","1","02","16","2","0","0","1","1","0","0"
"POINT (9.927959519000069 53.549310995000042)","Unfall 121872 (2017) Kat:3, Licht: 0","121872","3","6","3","02","08","2","0","0","1","1","0","0"
"POINT (9.997586347000038 53.557816042000070)","Unfall 121873 (2017) Kat:3, Licht: 1","121873","3","6","2","02","17","2","0","1","1","0","0","0"
"POINT (9.965331581000044 53.566490155000054)","Unfall 121874 (2017) Kat:3, Licht: 2","121874","3","4","6","02","21","2","1","2","1","0","1","0"
"POINT (9.998542078000071 53.556538383000031)","Unfall 121875 (2017) Kat:3, Licht: 0","121875","3","6","2","02","16","2","0","0","0","1","0","0"
"POINT (9.979437397000027 53.555949171000066)","Unfall 121876 (2017) Kat:3, Licht: 0","121876","3","3","5","02","08","2","0","0","1","1","0","0"
"POINT (10.007466164000050 53.558666906000042)","Unfall 121877 (2017) Kat:3, Licht: 1","121877","3","6","2","02","17","2","0","1","0","1","0","0"
"POINT (10.014080653000065 53.561672602000044)","Unfall 121878 (2017) Kat:3, Licht: 2","121878","3","6","2","02","18","2","0","2","0","1","0","0"
"POINT (10.123483431000068 53.538522481000030)","Unfall 121879 (2017) Kat:3, Licht: 0","121879","3","1","8","02","13","1","1","0","0","1","0","0"
"POINT (10.124230663000048 53.588082969000027)","Unfall 121880 (2017) Kat:3, Licht: 2","121880","3","2","5","02","19","1","0","2","0","1","0","0"
"POINT (10.076657765000050 53.615967483000077)","Unfall 121881 (2017) Kat:3, Licht: 2","121881","3","4","6","02","02","1","1","2","0","1","1","0"
"POINT (10.128088388000037 53.579180500000064)","Unfall 121882 (2017) Kat:3, Licht: 0","121882","3","6","3","03","12","6","0","0","0","1","0","0"
"POINT (10.060787754000046 53.576960506000034)","Unfall 121883 (2017) Kat:3, Licht: 2","121883","3","3","6","03","19","6","1","2","0","1","1","0"
"POINT (9.929053743000054 53.592191922000040)","Unfall 121884 (2017) Kat:3, Licht: 2","121884","3","2","4","02","16","1","1","2","0","1","0","0"
"POINT (9.788572847000069 53.565344979000031)","Unfall 121885 (2017) Kat:3, Licht: 1","121885","3","1","7","02","07","1","1","1","0","1","0","0"
"POINT (9.927628453000068 53.560082930000078)","Unfall 121886 (2017) Kat:3, Licht: 2","121886","3","2","5","02","01","1","1","2","1","1","0","0"
"POINT (9.922829567000065 53.631767352000054)","Unfall 121887 (2017) Kat:3, Licht: 1","121887","3","7","0","02","17","1","1","1","1","0","0","0"
"POINT (9.978377163000062 53.564253802000053)","Unfall 121888 (2017) Kat:3, Licht: 0","121888","3","6","2","02","14","1","1","0","0","1","0","0"
"POINT (9.978198070000076 53.572033964000070)","Unfall 121889 (2017) Kat:3, Licht: 0","121889","3","4","6","02","13","1","1","0","0","0","1","0"
"POINT (10.004728544000045 53.553460020000045)","Unfall 121890 (2017) Kat:3, Licht: 2","121890","3","7","6","02","17","1","1","2","0","1","1","0"
"POINT (10.082220699000061 53.620922592000056)","Unfall 121891 (2017) Kat:3, Licht: 0","121891","3","2","2","03","11","6","0","0","0","1","0","1"
"POINT (9.946329726000045 53.455081481000036)","Unfall 121892 (2017) Kat:3, Licht: 0","121892","3","6","0","02","16","7","1","0","0","1","0","0"
"POINT (9.987958608000042 53.450202221000040)","Unfall 121893 (2017) Kat:3, Licht: 0","121893","3","3","5","02","15","7","1","0","0","1","0","1"
"POINT (10.038016120000066 53.641726348000077)","Unfall 121894 (2017) Kat:3, Licht: 2","121894","3","2","6","03","20","6","1","2","0","1","1","0"
"POINT (10.022074107000037 53.661424530000033)","Unfall 121895 (2017) Kat:3, Licht: 2","121895","3","3","5","02","21","7","1","2","0","1","0","0"
"POINT (10.021126125000023 53.623693841000033)","Unfall 121896 (2017) Kat:2, Licht: 0","121896","2","6","3","02","14","7","1","0","1","1","0","0"
"POINT (10.016908101000070 53.562271155000076)","Unfall 121897 (2017) Kat:3, Licht: 2","121897","3","6","0","02","20","7","1","2","0","1","0","0"
"POINT (9.845584618000032 53.563600399000052)","Unfall 121898 (2017) Kat:2, Licht: 0","121898","2","6","1","02","09","7","1","0","1","1","0","0"
"POINT (9.898493213000052 53.570963527000060)","Unfall 121899 (2017) Kat:3, Licht: 2","121899","3","2","4","02","05","7","2","2","0","1","0","0"
"POINT (9.991443432000040 53.553750788000059)","Unfall 121900 (2017) Kat:3, Licht: 2","121900","3","2","6","02","20","7","1","2","0","1","1","0"
"POINT (10.012899510000068 53.554395644000067)","Unfall 121901 (2017) Kat:3, Licht: 2","121901","3","7","6","02","01","7","1","2","0","1","1","0"
"POINT (9.926168108000070 53.516295998000032)","Unfall 121902 (2017) Kat:3, Licht: 0","121902","3","1","8","02","13","7","1","0","0","0","0","0"
"POINT (9.949595766000073 53.462661489000027)","Unfall 121903 (2017) Kat:3, Licht: 1","121903","3","4","6","02","06","6","1","1","0","0","1","0"
"POINT (10.001315388000023 53.442981514000053)","Unfall 121904 (2017) Kat:3, Licht: 0","121904","3","5","1","02","16","6","1","0","1","1","0","0"
"POINT (9.956007097000054 53.463943479000079)","Unfall 121905 (2017) Kat:3, Licht: 2","121905","3","2","6","02","20","6","1","2","0","1","1","0"
"POINT (10.108695789000024 53.561774968000066)","Unfall 121906 (2017) Kat:3, Licht: 2","121906","3","3","0","02","06","6","1","2","0","1","0","1"
"POINT (10.071629742000027 53.571708345000047)","Unfall 121907 (2017) Kat:3, Licht: 2","121907","3","6","2","02","05","6","1","2","0","1","0","0"
"POINT (10.076373659000069 53.566852453000081)","Unfall 121908 (2017) Kat:3, Licht: 0","121908","3","2","4","02","09","6","1","0","0","1","0","0"
"POINT (10.074907778000068 53.593248606000031)","Unfall 121909 (2017) Kat:3, Licht: 0","121909","3","4","6","02","14","6","0","0","0","1","1","0"
"POINT (10.077360888000044 53.652982224000027)","Unfall 121910 (2017) Kat:2, Licht: 2","121910","2","2","6","02","18","6","1","2","0","0","1","0"
"POINT (10.001783545000023 53.618406873000026)","Unfall 121911 (2017) Kat:3, Licht: 0","121911","3","2","4","02","12","6","0","0","0","1","0","0"
"POINT (10.014676384000040 53.575757928000030)","Unfall 121912 (2017) Kat:3, Licht: 0","121912","3","6","2","02","12","6","0","0","0","1","0","0"
"POINT (9.846799313000076 53.574491127000044)","Unfall 121913 (2017) Kat:2, Licht: 2","121913","2","3","6","02","18","6","0","2","0","1","1","0"
"POINT (9.847869354000068 53.549869588000035)","Unfall 121914 (2017) Kat:3, Licht: 0","121914","3","6","2","02","13","6","0","0","0","1","0","1"
"POINT (10.001120189000062 53.555840766000074)","Unfall 121915 (2017) Kat:3, Licht: 0","121915","3","3","5","02","12","6","0","0","1","1","0","0"
"POINT (10.005652428000076 53.548378777000039)","Unfall 121916 (2017) Kat:3, Licht: 0","121916","3","6","2","02","09","6","0","0","0","1","0","0"
"POINT (10.017019694000055 53.554993668000066)","Unfall 121917 (2017) Kat:3, Licht: 0","121917","3","4","6","02","14","6","0","0","0","1","1","0"
"POINT (10.010964691000027 53.557201805000034)","Unfall 121918 (2017) Kat:3, Licht: 0","121918","3","4","0","02","09","6","1","0","0","0","1","0"
"POINT (9.955693414000052 53.455323316000033)","Unfall 121919 (2017) Kat:3, Licht: 0","121919","3","4","6","02","14","5","1","0","0","1","1","0"
"POINT (10.104971826000053 53.572049082000035)","Unfall 121920 (2017) Kat:3, Licht: 2","121920","3","4","6","02","20","5","1","2","0","1","1","0"
"POINT (10.050040533000072 53.593941071000074)","Unfall 121921 (2017) Kat:3, Licht: 0","121921","3","6","2","03","16","6","0","0","0","1","0","0"
"POINT (10.120265227000061 53.607030512000051)","Unfall 121922 (2017) Kat:3, Licht: 1","121922","3","6","3","02","16","5","1","1","0","1","0","0"
"POINT (10.069077103000041 53.560726476000070)","Unfall 121923 (2017) Kat:3, Licht: 2","121923","3","6","2","02","19","5","1","2","0","1","0","0"
"POINT (10.034656331000065 53.605065151000076)","Unfall 121924 (2017) Kat:3, Licht: 0","121924","3","6","4","02","13","5","1","0","0","1","0","0"
"POINT (10.087853418000066 53.656042635000063)","Unfall 121925 (2017) Kat:3, Licht: 2","121925","3","2","4","02","19","5","1","2","0","1","0","0"
"POINT (10.043984092000073 53.594626770000048)","Unfall 121926 (2017) Kat:3, Licht: 2","121926","3","4","6","03","20","6","1","2","0","1","1","0"
"POINT (10.167619127000023 53.648770159000037)","Unfall 121927 (2017) Kat:2, Licht: 2","121927","2","3","6","02","18","5","1","2","0","1","1","0"
"POINT (9.999729603000048 53.665471073000049)","Unfall 121928 (2017) Kat:3, Licht: 2","121928","3","1","0","02","19","5","1","2","0","0","0","1"
"POINT (10.035721671000033 53.601153218000036)","Unfall 121929 (2017) Kat:3, Licht: 0","121929","3","2","2","03","11","6","0","0","0","1","0","1"
"POINT (10.031961924000029 53.607266880000054)","Unfall 121930 (2017) Kat:3, Licht: 0","121930","3","4","6","02","13","5","1","0","0","1","1","0"
"POINT (10.041363751000063 53.598567943000035)","Unfall 121931 (2017) Kat:3, Licht: 0","121931","3","6","3","02","14","5","1","0","1","1","0","0"
"POINT (10.036330147000058 53.597346854000079)","Unfall 121932 (2017) Kat:3, Licht: 0","121932","3","6","3","02","07","5","1","0","1","0","0","0"
"POINT (9.809665107000058 53.568649627000070)","Unfall 121933 (2017) Kat:3, Licht: 2","121933","3","3","5","02","18","5","1","2","0","1","0","1"
"POINT (9.918184137000026 53.579423116000044)","Unfall 121934 (2017) Kat:3, Licht: 0","121934","3","2","4","02","14","5","1","0","1","1","0","0"
"POINT (9.938109404000045 53.550219191000053)","Unfall 121935 (2017) Kat:3, Licht: 1","121935","3","3","5","02","17","5","1","1","0","1","0","0"
"POINT (9.928677574000062 53.555400976000044)","Unfall 121936 (2017) Kat:3, Licht: 0","121936","3","4","0","02","08","5","1","0","1","0","1","0"
"POINT (9.982100312000057 53.596303930000033)","Unfall 121937 (2017) Kat:3, Licht: 2","121937","3","6","2","03","18","6","1","2","0","1","0","1"
"POINT (9.980327294000063 53.571138808000057)","Unfall 121938 (2017) Kat:3, Licht: 0","121938","3","7","6","02","15","5","1","0","0","1","1","0"
"POINT (9.965875716000028 53.562310117000038)","Unfall 121939 (2017) Kat:3, Licht: 0","121939","3","3","5","02","08","5","1","0","1","1","0","0"
"POINT (9.989092761000052 53.558308513000043)","Unfall 121940 (2017) Kat:3, Licht: 2","121940","3","6","0","02","23","5","1","2","0","0","0","0"
"POINT (10.022951405000072 53.519251056000030)","Unfall 121941 (2017) Kat:2, Licht: 2","121941","2","3","5","02","06","4","1","2","0","0","0","0"
"POINT (10.210511015000066 53.487080145000050)","Unfall 121942 (2017) Kat:3, Licht: 1","121942","3","6","2","02","07","4","1","1","0","1","0","0"
"POINT (10.115825667000024 53.557364522000057)","Unfall 121943 (2017) Kat:3, Licht: 0","121943","3","2","4","02","11","4","1","0","0","1","0","0"
"POINT (10.023761690000072 53.546789776000082)","Unfall 121944 (2017) Kat:3, Licht: 2","121944","3","6","1","02","23","4","0","2","0","1","0","0"
"POINT (10.047635638000031 53.561125030000028)","Unfall 121945 (2017) Kat:3, Licht: 2","121945","3","2","4","02","20","4","0","2","0","1","0","0"
"POINT (10.151784939000038 53.600202755000055)","Unfall 121946 (2017) Kat:3, Licht: 0","121946","3","2","2","02","07","4","1","0","0","1","0","0"
"POINT (10.092495056000075 53.595532984000045)","Unfall 121947 (2017) Kat:3, Licht: 0","121947","3","3","5","02","08","4","1","0","0","1","0","0"
"POINT (10.059085079000056 53.593595285000049)","Unfall 121948 (2017) Kat:3, Licht: 0","121948","3","3","5","02","17","4","0","0","1","1","0","0"
"POINT (10.002952603000040 53.659907372000077)","Unfall 121949 (2017) Kat:3, Licht: 0","121949","3","7","3","02","14","4","0","0","0","1","0","0"
"POINT (10.048074454000073 53.567973028000040)","Unfall 121950 (2017) Kat:3, Licht: 0","121950","3","7","5","02","14","4","0","0","0","1","0","0"
"POINT (9.996414997000045 53.558140493000053)","Unfall 121951 (2017) Kat:3, Licht: 0","121951","3","6","2","02","11","4","1","0","0","1","0","0"
"POINT (9.987675924000030 53.562540435000074)","Unfall 121952 (2017) Kat:3, Licht: 0","121952","3","6","2","02","10","4","1","0","0","1","0","0"
"POINT (9.965750020000030 53.565624868000043)","Unfall 121953 (2017) Kat:3, Licht: 1","121953","3","3","5","02","17","4","1","1","1","1","0","0"
"POINT (9.988438958000074 53.558311736000064)","Unfall 121954 (2017) Kat:3, Licht: 0","121954","3","6","2","02","11","4","1","0","0","1","0","0"
"POINT (10.019203424000068 53.552562524000052)","Unfall 121955 (2017) Kat:3, Licht: 0","121955","3","4","6","02","17","4","0","0","0","1","1","0"
"POINT (9.984206347000054 53.569551952000040)","Unfall 121956 (2017) Kat:3, Licht: 0","121956","3","4","6","03","13","6","0","0","1","0","1","0"
"POINT (9.994639221000057 53.551523856000074)","Unfall 121957 (2017) Kat:3, Licht: 0","121957","3","3","6","03","07","6","0","0","0","1","1","1"
"POINT (9.857799315000023 53.474616219000040)","Unfall 121958 (2017) Kat:3, Licht: 0","121958","3","1","8","02","17","3","0","0","0","0","0","1"
"POINT (10.019435821000059 53.490172819000065)","Unfall 121959 (2017) Kat:3, Licht: 2","121959","3","3","5","02","18","3","0","2","0","1","0","0"
"POINT (10.002313062000042 53.557109444000048)","Unfall 121960 (2017) Kat:3, Licht: 0","121960","3","3","5","03","07","6","0","0","0","1","0","0"
"POINT (10.008440100000030 53.520838352000055)","Unfall 121961 (2017) Kat:3, Licht: 0","121961","3","6","2","02","15","3","0","0","0","1","0","0"
"POINT (9.995825660000037 53.499550559000056)","Unfall 121962 (2017) Kat:3, Licht: 0","121962","3","2","4","03","17","5","0","0","1","1","0","0"
"POINT (9.997719416000052 53.498474542000054)","Unfall 121963 (2017) Kat:3, Licht: 0","121963","3","6","2","02","13","3","0","0","0","1","0","0"
"POINT (10.022965746000068 53.479448612000056)","Unfall 121964 (2017) Kat:3, Licht: 0","121964","3","6","1","02","07","3","1","0","0","1","0","0"
"POINT (10.089200730000073 53.511411143000032)","Unfall 121965 (2017) Kat:3, Licht: 0","121965","3","6","2","03","17","5","0","0","0","1","0","0"
"POINT (10.121727619000069 53.608918864000032)","Unfall 121966 (2017) Kat:3, Licht: 0","121966","3","6","3","02","15","3","0","0","0","1","0","1"
"POINT (10.009500478000064 53.584883206000029)","Unfall 121967 (2017) Kat:3, Licht: 2","121967","3","6","2","02","18","3","0","2","0","1","0","0"
"POINT (10.022959840000055 53.567637516000048)","Unfall 121968 (2017) Kat:3, Licht: 0","121968","3","3","5","02","09","3","1","0","0","1","0","0"
"POINT (9.904989583000031 53.632035420000079)","Unfall 121969 (2017) Kat:3, Licht: 2","121969","3","4","6","02","18","3","1","2","0","1","1","0"
"POINT (9.944216517000029 53.574644608000028)","Unfall 121970 (2017) Kat:3, Licht: 0","121970","3","7","6","02","15","3","0","0","0","1","1","0"
"POINT (9.950089140000046 53.585784165000064)","Unfall 121971 (2017) Kat:3, Licht: 0","121971","3","3","5","02","07","3","0","0","1","1","0","0"
"POINT (9.977962768000054 53.573119818000066)","Unfall 121972 (2017) Kat:3, Licht: 0","121972","3","6","3","02","09","3","1","0","0","1","0","0"
"POINT (9.977748722000058 53.544274249000068)","Unfall 121973 (2017) Kat:3, Licht: 1","121973","3","6","2","02","06","3","1","1","0","1","0","0"
"POINT (10.012757167000075 53.553817994000042)","Unfall 121974 (2017) Kat:2, Licht: 1","121974","2","4","0","02","17","3","0","1","0","1","1","0"
"POINT (9.857851561000075 53.474708522000071)","Unfall 121975 (2017) Kat:3, Licht: 0","121975","3","6","2","02","13","2","1","0","0","1","0","0"
"POINT (10.204098022000039 53.491696967000053)","Unfall 121976 (2017) Kat:3, Licht: 0","121976","3","2","2","02","12","2","1","0","0","1","0","0"
"POINT (10.202552711000067 53.485377622000044)","Unfall 121977 (2017) Kat:3, Licht: 2","121977","3","6","2","02","07","2","1","2","0","1","0","0"
"POINT (10.119892127000071 53.538229097000055)","Unfall 121978 (2017) Kat:3, Licht: 2","121978","3","6","2","02","17","2","1","2","0","1","0","0"
"POINT (10.125836481000022 53.530162852000046)","Unfall 121979 (2017) Kat:3, Licht: 0","121979","3","3","5","02","11","2","1","0","0","1","0","0"
"POINT (10.111299347000056 53.530961756000067)","Unfall 121980 (2017) Kat:3, Licht: 0","121980","3","3","5","03","11","5","0","0","1","1","0","0"
"POINT (10.095218601000056 53.639549695000028)","Unfall 121981 (2017) Kat:3, Licht: 0","121981","3","6","1","03","12","5","0","0","0","1","0","0"
"POINT (10.164188836000051 53.651466763000030)","Unfall 121982 (2017) Kat:3, Licht: 0","121982","3","6","3","03","11","5","0","0","1","1","0","0"
"POINT (10.122944018000055 53.568009695000057)","Unfall 121983 (2017) Kat:3, Licht: 0","121983","3","6","1","03","08","5","0","0","0","1","0","0"
"POINT (10.072362415000043 53.608493376000069)","Unfall 121984 (2017) Kat:3, Licht: 2","121984","3","6","1","03","20","5","0","2","0","1","0","0"
"POINT (10.067280490000030 53.607367729000032)","Unfall 121985 (2017) Kat:3, Licht: 2","121985","3","6","0","03","02","5","0","2","1","0","1","0"
"POINT (10.089315637000027 53.620401287000050)","Unfall 121986 (2017) Kat:3, Licht: 0","121986","3","1","8","03","11","5","1","0","0","1","0","0"
"POINT (10.089937411000051 53.554035738000039)","Unfall 121987 (2017) Kat:3, Licht: 2","121987","3","2","4","04","23","3","1","2","0","1","0","0"
"POINT (10.100760096000045 53.540342133000081)","Unfall 121988 (2017) Kat:3, Licht: 0","121988","3","3","5","04","18","3","0","0","0","1","0","0"
"POINT (10.068469112000059 53.651294023000048)","Unfall 121989 (2017) Kat:3, Licht: 0","121989","3","2","4","03","17","5","0","0","1","1","0","0"
"POINT (10.074866684000028 53.554815796000071)","Unfall 121990 (2017) Kat:3, Licht: 0","121990","3","3","5","04","07","3","1","0","1","1","0","0"
"POINT (10.061674445000051 53.562219501000072)","Unfall 121991 (2017) Kat:3, Licht: 0","121991","3","3","5","04","07","3","0","0","1","1","0","0"
"POINT (10.103324842000063 53.577339962000053)","Unfall 121992 (2017) Kat:3, Licht: 0","121992","3","7","5","04","09","3","1","0","0","1","0","0"
"POINT (10.140729501000067 53.597314973000039)","Unfall 121993 (2017) Kat:3, Licht: 0","121993","3","3","5","04","08","3","1","0","0","1","0","0"
"POINT (10.141351946000043 53.588264102000039)","Unfall 121994 (2017) Kat:3, Licht: 0","121994","3","3","5","04","07","3","1","0","0","1","0","0"
"POINT (10.094129426000052 53.588008986000034)","Unfall 121995 (2017) Kat:3, Licht: 2","121995","3","5","1","04","00","3","1","2","0","0","0","0"
"POINT (10.057393215000047 53.569746641000052)","Unfall 121996 (2017) Kat:3, Licht: 0","121996","3","4","6","04","16","3","0","0","0","1","1","0"
"POINT (10.020704196000054 53.575112475000026)","Unfall 121997 (2017) Kat:3, Licht: 0","121997","3","3","5","04","10","3","1","0","0","1","0","0"
"POINT (9.797298321000028 53.566295444000048)","Unfall 121998 (2017) Kat:3, Licht: 0","121998","3","1","0","04","11","3","1","0","0","0","0","1"
"POINT (9.812252927000031 53.562351580000040)","Unfall 121999 (2017) Kat:3, Licht: 0","121999","3","1","0","04","09","3","1","0","0","0","0","1"
"POINT (9.889319272000023 53.557564599000045)","Unfall 122000 (2017) Kat:3, Licht: 0","122000","3","6","2","04","09","3","1","0","0","1","0","0"
"POINT (9.933114815000067 53.566773556000044)","Unfall 122001 (2017) Kat:3, Licht: 0","122001","3","2","5","04","07","3","1","0","1","1","0","0"