WKT,Name,OBJECTID,UKATEGORIE,UTYP1,UART,UMONAT,USTUNDE,UWOCHENTAG,STRZUSTAND,ULICHTVERH,ISTRAD,ISTPKW,ISTFUSS,ISTKRAD
"POINT (9.907271359000049 53.565378528000053)","Unfall 122002 (2017) Kat:3, Licht: 0","122002","3","5","1","04","14","3","0","0","0","1","0","0"
"POINT (9.974664167000071 53.645390233000057)","Unfall 122003 (2017) Kat:3, Licht: 0","122003","3","6","3","04","19","3","1","0","0","1","0","0"
"POINT (9.964465666000024 53.567972089000079)","Unfall 122004 (2017) Kat:3, Licht: 0","122004","3","6","1","04","08","3","1","0","1","1","0","0"
"POINT (9.976924071000042 53.564389224000081)","Unfall 122005 (2017) Kat:3, Licht: 0","122005","3","6","1","04","08","3","1","0","0","1","0","1"
"POINT (10.008601487000021 53.552910805000067)","Unfall 122006 (2017) Kat:3, Licht: 0","122006","3","6","2","04","09","3","1","0","0","1","0","0"
"POINT (9.945562428000073 53.461981054000034)","Unfall 122007 (2017) Kat:3, Licht: 0","122007","3","2","2","04","19","2","0","0","0","0","0","1"
"POINT (10.015559404000044 53.518485951000059)","Unfall 122008 (2017) Kat:3, Licht: 0","122008","3","2","5","04","20","2","0","0","0","1","0","0"
"POINT (10.065260420000072 53.571520772000042)","Unfall 122009 (2017) Kat:3, Licht: 0","122009","3","6","3","04","17","2","0","0","0","1","0","0"
"POINT (10.070016676000023 53.572882329000038)","Unfall 122010 (2017) Kat:3, Licht: 0","122010","3","6","2","04","14","2","0","0","1","1","0","0"
"POINT (10.064573993000067 53.597551683000063)","Unfall 122011 (2017) Kat:3, Licht: 0","122011","3","3","5","04","16","2","0","0","0","1","0","0"
"POINT (10.012813036000068 53.640533192000078)","Unfall 122012 (2017) Kat:3, Licht: 0","122012","3","6","2","04","09","2","0","0","0","1","0","0"
"POINT (9.935425903000066 53.580792179000071)","Unfall 122013 (2017) Kat:3, Licht: 0","122013","3","7","0","04","18","2","0","0","0","1","1","0"
"POINT (9.921609194000041 53.591417620000072)","Unfall 122014 (2017) Kat:3, Licht: 0","122014","3","6","3","04","17","2","0","0","0","1","0","0"
"POINT (9.878977193000026 53.600803852000070)","Unfall 122015 (2017) Kat:3, Licht: 0","122015","3","4","6","04","13","2","0","0","0","0","1","0"
"POINT (9.940818376000038 53.555483471000059)","Unfall 122016 (2017) Kat:3, Licht: 0","122016","3","6","2","04","16","2","0","0","1","1","0","0"
"POINT (9.978223352000043 53.578927336000049)","Unfall 122017 (2017) Kat:3, Licht: 0","122017","3","3","0","04","12","2","0","0","0","1","0","1"
"POINT (10.107156411000062 53.711366698000063)","Unfall 122018 (2017) Kat:3, Licht: 0","122018","3","5","1","03","11","5","1","0","0","1","0","1"
"POINT (10.006619309000030 53.591404507000050)","Unfall 122019 (2017) Kat:3, Licht: 0","122019","3","2","3","03","09","5","0","0","1","0","0","0"
"POINT (9.885711442000059 53.557403588000057)","Unfall 122020 (2017) Kat:3, Licht: 0","122020","3","4","6","03","07","5","0","0","0","1","1","0"
"POINT (9.969210382000028 53.514821291000032)","Unfall 122021 (2017) Kat:3, Licht: 0","122021","3","6","2","04","10","2","0","0","0","1","0","0"
"POINT (9.906129813000064 53.488641695000069)","Unfall 122022 (2017) Kat:2, Licht: 0","122022","2","6","4","04","12","1","0","0","0","1","0","1"
"POINT (9.962105963000056 53.630451200000039)","Unfall 122023 (2017) Kat:3, Licht: 0","122023","3","6","2","03","08","5","0","0","1","1","0","0"
"POINT (10.300329920000024 53.434639955000080)","Unfall 122024 (2017) Kat:1, Licht: 0","122024","1","6","4","04","18","1","0","0","0","1","0","1"
"POINT (10.152215767000030 53.532268219000059)","Unfall 122025 (2017) Kat:3, Licht: 0","122025","3","3","5","04","16","1","0","0","1","1","0","0"
"POINT (9.976611847000072 53.601586707000081)","Unfall 122026 (2017) Kat:3, Licht: 0","122026","3","3","6","03","15","5","0","0","0","1","1","0"
"POINT (10.182900773000028 53.607154980000075)","Unfall 122027 (2017) Kat:3, Licht: 0","122027","3","1","9","04","18","1","0","0","0","0","0","1"
"POINT (9.951663483000061 53.576174482000056)","Unfall 122028 (2017) Kat:3, Licht: 0","122028","3","2","5","03","10","5","0","0","1","1","0","0"
"POINT (10.013849165000067 53.604947824000078)","Unfall 122029 (2017) Kat:3, Licht: 0","122029","3","3","0","04","18","1","0","0","0","1","0","0"
"POINT (9.975910123000062 53.570044303000032)","Unfall 122030 (2017) Kat:3, Licht: 0","122030","3","2","3","03","07","5","0","0","1","1","0","0"
"POINT (10.003501921000066 53.597548780000068)","Unfall 122031 (2017) Kat:3, Licht: 0","122031","3","6","2","04","11","1","0","0","0","1","0","0"
"POINT (9.893047824000064 53.603421308000065)","Unfall 122032 (2017) Kat:2, Licht: 2","122032","2","4","6","04","21","1","0","2","0","1","1","0"
"POINT (9.951927413000021 53.576693391000049)","Unfall 122033 (2017) Kat:3, Licht: 2","122033","3","6","6","04","04","1","0","2","1","0","1","0"
"POINT (9.928341069000055 53.556180441000038)","Unfall 122034 (2017) Kat:3, Licht: 0","122034","3","2","3","04","15","1","0","0","0","1","1","1"
"POINT (9.989309449000075 53.558298113000035)","Unfall 122035 (2017) Kat:3, Licht: 1","122035","3","3","5","04","05","1","0","1","0","1","0","0"
"POINT (10.186819595000031 53.479436556000053)","Unfall 122036 (2017) Kat:3, Licht: 0","122036","3","3","1","03","08","4","0","0","1","1","0","0"
"POINT (9.966569120000031 53.546291874000076)","Unfall 122037 (2017) Kat:3, Licht: 0","122037","3","7","0","04","14","1","0","0","1","0","0","0"
"POINT (9.914359014000070 53.514832852000040)","Unfall 122038 (2017) Kat:3, Licht: 0","122038","3","6","3","04","13","7","0","0","0","1","0","1"
"POINT (10.087284965000038 53.545642261000069)","Unfall 122039 (2017) Kat:3, Licht: 0","122039","3","3","5","03","07","4","0","0","0","1","0","0"
"POINT (10.010960369000031 53.501406927000062)","Unfall 122040 (2017) Kat:3, Licht: 1","122040","3","4","6","04","19","7","0","1","0","1","1","0"
"POINT (10.182035291000034 53.486100012000065)","Unfall 122041 (2017) Kat:3, Licht: 0","122041","3","3","5","04","12","7","0","0","1","1","0","0"
"POINT (10.052645522000034 53.550057935000041)","Unfall 122042 (2017) Kat:3, Licht: 0","122042","3","3","5","03","17","4","0","0","0","1","0","0"
"POINT (10.149898704000066 53.528423673000077)","Unfall 122043 (2017) Kat:2, Licht: 0","122043","2","4","6","04","16","7","0","0","0","0","1","0"
"POINT (10.152757525000027 53.625440797000067)","Unfall 122044 (2017) Kat:3, Licht: 2","122044","3","5","1","04","21","7","0","2","1","1","0","0"
"POINT (10.060883892000049 53.577007296000033)","Unfall 122045 (2017) Kat:3, Licht: 0","122045","3","2","5","04","06","7","0","0","1","1","0","0"
"POINT (10.103666860000033 53.703364758000077)","Unfall 122046 (2017) Kat:3, Licht: 0","122046","3","3","5","04","17","7","0","0","0","1","0","1"
"POINT (10.004556628000046 53.657253535000052)","Unfall 122047 (2017) Kat:3, Licht: 0","122047","3","3","5","04","16","7","0","0","1","0","0","0"
"POINT (10.024614125000028 53.587068171000055)","Unfall 122048 (2017) Kat:3, Licht: 0","122048","3","7","0","04","13","7","0","0","1","0","0","0"
"POINT (10.024836091000054 53.563043612000058)","Unfall 122049 (2017) Kat:3, Licht: 0","122049","3","5","1","04","19","7","0","0","1","1","0","0"
"POINT (10.057136122000031 53.573805010000058)","Unfall 122050 (2017) Kat:3, Licht: 0","122050","3","2","5","04","13","7","0","0","1","1","0","0"
"POINT (9.879826647000073 53.590986908000048)","Unfall 122051 (2017) Kat:3, Licht: 2","122051","3","2","5","04","00","7","0","2","0","1","0","0"
"POINT (9.986413005000031 53.568158059000041)","Unfall 122052 (2017) Kat:3, Licht: 0","122052","3","7","1","04","17","7","0","0","1","1","0","0"
"POINT (9.903847214000052 53.479126313000052)","Unfall 122053 (2017) Kat:3, Licht: 0","122053","3","7","5","04","08","6","0","0","0","1","0","0"
"POINT (9.982124313000043 53.460964949000072)","Unfall 122054 (2017) Kat:3, Licht: 0","122054","3","3","5","04","17","6","0","0","1","1","0","0"
"POINT (10.115440267000054 53.533411158000035)","Unfall 122055 (2017) Kat:3, Licht: 0","122055","3","3","5","04","16","6","0","0","1","1","0","0"
"POINT (10.042590052000037 53.555443776000061)","Unfall 122056 (2017) Kat:3, Licht: 0","122056","3","3","5","04","18","6","0","0","1","1","0","0"
"POINT (10.030276620000052 53.537188991000050)","Unfall 122057 (2017) Kat:3, Licht: 0","122057","3","6","3","04","11","6","0","0","0","1","0","0"
"POINT (10.135347684000067 53.594525548000036)","Unfall 122058 (2017) Kat:3, Licht: 0","122058","3","2","4","04","17","6","0","0","0","1","0","0"
"POINT (10.148610699000074 53.603530705000082)","Unfall 122059 (2017) Kat:3, Licht: 0","122059","3","7","0","03","14","4","0","0","0","1","0","0"
"POINT (10.135206810000057 53.571057787000029)","Unfall 122060 (2017) Kat:3, Licht: 0","122060","3","6","1","03","09","4","0","0","0","1","0","0"
"POINT (10.144530390000057 53.633064718000071)","Unfall 122061 (2017) Kat:2, Licht: 0","122061","2","2","4","03","13","4","0","0","0","1","0","0"
"POINT (10.138506195000048 53.626693338000052)","Unfall 122062 (2017) Kat:3, Licht: 0","122062","3","6","1","04","16","6","0","0","0","1","0","0"
"POINT (10.154353221000065 53.616952951000030)","Unfall 122063 (2017) Kat:3, Licht: 0","122063","3","3","5","03","09","4","0","0","0","1","0","0"
"POINT (10.085438076000059 53.594011239000054)","Unfall 122064 (2017) Kat:2, Licht: 0","122064","2","4","6","04","13","6","0","0","0","1","1","0"
"POINT (10.070474313000034 53.572915216000069)","Unfall 122065 (2017) Kat:3, Licht: 0","122065","3","6","2","03","12","4","0","0","0","1","0","0"
"POINT (10.185172075000025 53.655337726000027)","Unfall 122066 (2017) Kat:3, Licht: 0","122066","3","3","5","03","11","4","0","0","0","1","0","1"
"POINT (10.080567890000054 53.611603616000082)","Unfall 122067 (2017) Kat:3, Licht: 0","122067","3","2","5","04","17","6","0","0","1","1","0","0"
"POINT (10.077367703000050 53.616914059000067)","Unfall 122068 (2017) Kat:3, Licht: 0","122068","3","2","5","04","10","6","0","0","1","1","0","0"
"POINT (10.034905957000035 53.616246733000082)","Unfall 122069 (2017) Kat:3, Licht: 0","122069","3","4","0","04","08","6","0","0","1","0","1","0"
"POINT (10.075142328000027 53.612779379000074)","Unfall 122070 (2017) Kat:3, Licht: 0","122070","3","1","8","04","18","6","0","0","1","0","0","0"
"POINT (10.074386536000077 53.611817323000082)","Unfall 122071 (2017) Kat:3, Licht: 0","122071","3","7","0","04","18","6","0","0","1","0","1","0"
"POINT (10.094418495000070 53.638645496000038)","Unfall 122072 (2017) Kat:3, Licht: 0","122072","3","6","1","04","10","6","0","0","0","1","0","0"
"POINT (9.994368856000051 53.597401208000065)","Unfall 122073 (2017) Kat:3, Licht: 0","122073","3","6","2","04","14","6","0","0","0","1","0","0"
"POINT (9.854958151000062 53.583348455000078)","Unfall 122074 (2017) Kat:3, Licht: 0","122074","3","3","5","04","16","6","0","0","1","0","0","0"
"POINT (10.018689417000076 53.629534218000060)","Unfall 122075 (2017) Kat:3, Licht: 0","122075","3","3","5","03","08","4","0","0","0","1","0","0"
"POINT (10.014844515000050 53.649385347000077)","Unfall 122076 (2017) Kat:3, Licht: 0","122076","3","7","0","03","18","4","0","0","0","0","0","1"
"POINT (10.031976737000036 53.596286945000031)","Unfall 122077 (2017) Kat:3, Licht: 0","122077","3","6","2","03","08","4","0","0","0","1","0","0"
"POINT (9.840370925000059 53.556254966000040)","Unfall 122078 (2017) Kat:2, Licht: 2","122078","2","1","0","04","23","6","0","2","1","0","0","0"
"POINT (9.881099572000039 53.583594667000057)","Unfall 122079 (2017) Kat:2, Licht: 2","122079","2","7","3","04","23","6","0","2","0","1","0","1"
"POINT (9.916809568000076 53.560723190000033)","Unfall 122080 (2017) Kat:3, Licht: 0","122080","3","6","1","04","07","6","0","0","0","0","0","1"
"POINT (9.955657407000047 53.624775589000080)","Unfall 122081 (2017) Kat:3, Licht: 0","122081","3","3","0","04","18","6","0","0","0","1","1","0"
"POINT (9.983257990000027 53.548287152000057)","Unfall 122082 (2017) Kat:2, Licht: 0","122082","2","2","5","04","11","6","1","0","1","1","0","0"
"POINT (9.998373642000047 53.550740505000078)","Unfall 122083 (2017) Kat:3, Licht: 0","122083","3","4","6","04","13","6","0","0","0","0","1","0"
"POINT (10.002192194000031 53.557044416000053)","Unfall 122084 (2017) Kat:3, Licht: 0","122084","3","3","5","04","09","6","0","0","0","1","0","0"
"POINT (10.006435410000051 53.599518698000054)","Unfall 122085 (2017) Kat:3, Licht: 0","122085","3","6","3","03","10","4","0","0","0","1","0","1"
"POINT (9.893226697000046 53.569537146000073)","Unfall 122086 (2017) Kat:3, Licht: 0","122086","3","7","0","03","12","4","0","0","0","0","0","1"
"POINT (9.926042331000076 53.571643809000079)","Unfall 122087 (2017) Kat:3, Licht: 0","122087","3","6","2","03","16","4","0","0","0","1","0","0"
"POINT (9.980878964000056 53.584935374000054)","Unfall 122088 (2017) Kat:3, Licht: 0","122088","3","2","3","03","18","4","0","0","1","1","0","0"
"POINT (10.102375391000066 53.522475816000053)","Unfall 122089 (2017) Kat:3, Licht: 0","122089","3","2","5","04","07","5","0","0","0","1","0","0"
"POINT (10.036049300000059 53.535881516000074)","Unfall 122090 (2017) Kat:2, Licht: 0","122090","2","2","4","04","16","5","0","0","0","1","0","1"
"POINT (10.067475178000052 53.608379282000044)","Unfall 122091 (2017) Kat:2, Licht: 0","122091","2","2","4","04","12","5","0","0","1","1","0","0"
"POINT (10.097040715000048 53.641500104000045)","Unfall 122092 (2017) Kat:3, Licht: 0","122092","3","4","0","04","11","5","0","0","0","1","1","0"
"POINT (9.980096389000039 53.606564748000039)","Unfall 122093 (2017) Kat:3, Licht: 0","122093","3","6","2","03","09","4","0","0","0","1","0","0"
"POINT (10.079624394000064 53.641047967000077)","Unfall 122094 (2017) Kat:3, Licht: 0","122094","3","2","5","04","12","5","0","0","1","0","0","0"
"POINT (9.945576213000038 53.556945348000056)","Unfall 122095 (2017) Kat:3, Licht: 1","122095","3","2","5","03","18","4","0","1","0","1","0","1"
"POINT (10.016975621000029 53.674765133000051)","Unfall 122096 (2017) Kat:3, Licht: 0","122096","3","4","6","04","15","5","0","0","0","1","1","0"
"POINT (9.998764513000026 53.619411288000038)","Unfall 122097 (2017) Kat:3, Licht: 0","122097","3","3","5","04","07","5","0","0","0","1","0","1"
"POINT (10.010567117000051 53.576728100000082)","Unfall 122098 (2017) Kat:3, Licht: 0","122098","3","7","0","04","10","5","0","0","1","0","0","0"
"POINT (10.059405946000027 53.570251866000035)","Unfall 122099 (2017) Kat:3, Licht: 0","122099","3","6","1","04","16","5","0","0","0","1","0","0"
"POINT (9.909835066000028 53.566178397000044)","Unfall 122100 (2017) Kat:3, Licht: 0","122100","3","7","5","04","13","5","0","0","0","1","0","0"
"POINT (9.956881726000063 53.610354826000048)","Unfall 122101 (2017) Kat:3, Licht: 0","122101","3","3","5","04","13","5","0","0","0","1","0","0"
"POINT (9.942272593000041 53.565379709000069)","Unfall 122102 (2017) Kat:3, Licht: 0","122102","3","3","5","04","08","5","0","0","1","1","0","0"
"POINT (9.988561728000036 53.571044673000074)","Unfall 122103 (2017) Kat:3, Licht: 0","122103","3","2","4","04","09","5","0","0","0","1","0","1"
"POINT (9.962689079000029 53.564444846000072)","Unfall 122104 (2017) Kat:3, Licht: 2","122104","3","2","4","04","23","5","0","2","0","1","0","1"
"POINT (10.000782278000031 53.555567470000028)","Unfall 122105 (2017) Kat:3, Licht: 0","122105","3","2","4","04","10","5","0","0","0","1","0","0"
"POINT (9.989203726000028 53.555179535000036)","Unfall 122106 (2017) Kat:3, Licht: 0","122106","3","2","0","04","14","5","0","0","1","0","0","0"
"POINT (9.923083060000067 53.515924972000050)","Unfall 122107 (2017) Kat:2, Licht: 0","122107","2","6","3","04","09","5","0","0","0","1","0","0"
"POINT (10.208981627000071 53.493965475000039)","Unfall 122108 (2017) Kat:3, Licht: 0","122108","3","7","0","04","13","4","0","0","0","1","1","0"
"POINT (10.232583500000032 53.454012030000058)","Unfall 122109 (2017) Kat:2, Licht: 0","122109","2","6","2","04","14","4","0","0","0","1","0","0"
"POINT (10.103829249000057 53.553326309000056)","Unfall 122110 (2017) Kat:3, Licht: 0","122110","3","3","5","04","07","4","0","0","1","1","0","0"
"POINT (10.149268007000046 53.586170424000045)","Unfall 122111 (2017) Kat:3, Licht: 0","122111","3","6","2","04","13","4","1","0","0","1","0","0"
"POINT (10.138612328000022 53.600748531000079)","Unfall 122112 (2017) Kat:3, Licht: 0","122112","3","6","4","04","08","4","0","0","0","1","0","1"
"POINT (10.120752977000052 53.571005645000071)","Unfall 122113 (2017) Kat:3, Licht: 2","122113","3","5","1","04","21","4","1","2","0","1","0","0"
"POINT (10.134375737000028 53.575044808000030)","Unfall 122114 (2017) Kat:3, Licht: 2","122114","3","2","6","04","20","4","1","2","0","1","1","0"
"POINT (10.051213092000069 53.571776247000059)","Unfall 122115 (2017) Kat:3, Licht: 0","122115","3","3","5","04","11","4","0","0","0","1","0","0"
"POINT (10.046112186000073 53.591471352000042)","Unfall 122116 (2017) Kat:3, Licht: 0","122116","3","5","1","04","09","4","0","0","1","1","0","0"
"POINT (9.940758417000041 53.572797735000051)","Unfall 122117 (2017) Kat:3, Licht: 0","122117","3","6","1","04","07","4","0","0","0","1","0","0"
"POINT (9.921280757000034 53.632353469000066)","Unfall 122118 (2017) Kat:2, Licht: 0","122118","2","4","6","04","13","4","0","0","0","1","1","0"
"POINT (9.984538172000043 53.564071168000055)","Unfall 122119 (2017) Kat:3, Licht: 0","122119","3","3","5","03","08","4","0","0","1","0","0","0"
"POINT (9.961419659000057 53.546408079000059)","Unfall 122120 (2017) Kat:3, Licht: 2","122120","3","3","5","03","22","4","0","2","0","1","0","0"
"POINT (9.912101621000033 53.512549155000045)","Unfall 122121 (2017) Kat:3, Licht: 0","122121","3","6","1","03","16","3","0","0","0","1","0","0"
"POINT (9.880762560000051 53.478110710000067)","Unfall 122122 (2017) Kat:3, Licht: 0","122122","3","3","5","03","14","3","0","0","1","1","0","0"
"POINT (9.942018483000027 53.599140071000079)","Unfall 122123 (2017) Kat:3, Licht: 0","122123","3","3","5","04","07","4","0","0","1","1","0","0"
"POINT (9.859048887000029 53.507710490000079)","Unfall 122124 (2017) Kat:3, Licht: 0","122124","3","6","1","03","15","3","0","0","0","1","0","0"
"POINT (9.980799363000074 53.424432996000064)","Unfall 122125 (2017) Kat:2, Licht: 0","122125","2","2","5","03","07","3","1","0","1","1","0","0"
"POINT (9.949958637000066 53.574547385000074)","Unfall 122126 (2017) Kat:3, Licht: 0","122126","3","4","6","04","08","4","0","0","0","0","1","1"
"POINT (9.945705077000071 53.544366401000048)","Unfall 122127 (2017) Kat:3, Licht: 0","122127","3","7","0","04","16","4","0","0","1","0","0","0"
"POINT (9.953976933000035 53.561518733000071)","Unfall 122128 (2017) Kat:3, Licht: 2","122128","3","7","6","04","23","4","0","2","1","0","1","0"
"POINT (9.987420570000040 53.449960648000058)","Unfall 122129 (2017) Kat:3, Licht: 0","122129","3","6","2","04","13","3","0","0","1","1","0","0"
"POINT (10.180259976000059 53.496883390000050)","Unfall 122130 (2017) Kat:3, Licht: 0","122130","3","2","4","04","14","3","0","0","0","1","0","1"
"POINT (10.098460529000022 53.541514460000030)","Unfall 122131 (2017) Kat:3, Licht: 0","122131","3","7","5","04","18","3","0","0","1","1","0","0"
"POINT (10.051189973000021 53.555344289000061)","Unfall 122132 (2017) Kat:3, Licht: 0","122132","3","6","1","04","16","3","0","0","0","1","0","0"
"POINT (10.042672056000072 53.549831525000059)","Unfall 122133 (2017) Kat:3, Licht: 0","122133","3","3","0","04","15","3","0","0","1","0","0","0"
"POINT (10.024857145000055 53.545416185000079)","Unfall 122134 (2017) Kat:3, Licht: 0","122134","3","6","2","04","17","3","0","0","0","1","0","0"
"POINT (10.187774324000031 53.607983154000067)","Unfall 122135 (2017) Kat:3, Licht: 0","122135","3","6","2","04","11","3","0","0","0","1","0","0"
"POINT (10.123570737000023 53.579743419000067)","Unfall 122136 (2017) Kat:3, Licht: 0","122136","3","2","5","04","12","3","0","0","1","1","0","0"
"POINT (10.015345616000047 53.518450679000068)","Unfall 122137 (2017) Kat:3, Licht: 0","122137","3","3","5","03","12","3","0","0","0","1","0","0"
"POINT (10.161815746000059 53.604923291000034)","Unfall 122138 (2017) Kat:3, Licht: 0","122138","3","7","0","04","15","3","0","0","1","0","0","0"
"POINT (10.162483689000055 53.626961909000045)","Unfall 122139 (2017) Kat:3, Licht: 0","122139","3","3","5","04","14","3","0","0","1","1","0","0"
"POINT (9.997816599000032 53.499243189000026)","Unfall 122140 (2017) Kat:3, Licht: 0","122140","3","6","2","03","06","3","0","0","0","1","0","0"
"POINT (10.057130330000064 53.580225505000044)","Unfall 122141 (2017) Kat:3, Licht: 0","122141","3","2","0","04","14","3","0","0","1","1","0","0"
"POINT (10.106481406000057 53.538030305000063)","Unfall 122142 (2017) Kat:3, Licht: 0","122142","3","2","2","03","11","3","0","0","0","1","0","0"
"POINT (10.073388890000047 53.565733387000080)","Unfall 122143 (2017) Kat:3, Licht: 0","122143","3","2","6","04","17","3","0","0","0","1","1","0"
"POINT (10.037088580000045 53.611070060000031)","Unfall 122144 (2017) Kat:3, Licht: 1","122144","3","6","4","04","19","3","0","1","0","1","0","0"
"POINT (10.071477781000056 53.605744982000033)","Unfall 122145 (2017) Kat:3, Licht: 0","122145","3","2","5","04","13","3","0","0","1","1","0","0"
"POINT (10.068050037000035 53.608547756000064)","Unfall 122146 (2017) Kat:3, Licht: 0","122146","3","6","1","04","13","3","0","0","0","1","0","0"
"POINT (10.076650034000068 53.613885175000064)","Unfall 122147 (2017) Kat:3, Licht: 0","122147","3","2","4","04","15","3","0","0","1","1","0","0"
"POINT (10.116237864000027 53.660849039000027)","Unfall 122148 (2017) Kat:3, Licht: 0","122148","3","6","1","04","16","3","0","0","0","1","0","0"
"POINT (10.145047914000031 53.668963127000040)","Unfall 122149 (2017) Kat:3, Licht: 0","122149","3","3","5","04","15","3","0","0","0","1","0","0"
"POINT (10.027942915000040 53.570764917000076)","Unfall 122150 (2017) Kat:3, Licht: 0","122150","3","6","3","04","16","3","0","0","1","0","0","0"
"POINT (10.047578309000073 53.584142507000081)","Unfall 122151 (2017) Kat:3, Licht: 0","122151","3","7","3","04","12","3","0","0","1","0","0","0"
"POINT (10.034814530000062 53.564371850000043)","Unfall 122152 (2017) Kat:3, Licht: 2","122152","3","6","1","04","20","3","0","2","0","1","0","0"
"POINT (9.873886892000030 53.597820859000080)","Unfall 122153 (2017) Kat:3, Licht: 0","122153","3","7","1","04","07","3","0","0","1","1","0","0"
"POINT (9.960909175000040 53.631222812000033)","Unfall 122154 (2017) Kat:3, Licht: 0","122154","3","6","2","04","13","3","0","0","0","1","0","0"
"POINT (9.943510686000025 53.576259494000055)","Unfall 122155 (2017) Kat:3, Licht: 0","122155","3","4","6","04","18","3","0","0","1","1","1","0"
"POINT (9.970815642000048 53.567746443000033)","Unfall 122156 (2017) Kat:3, Licht: 0","122156","3","6","1","04","11","3","0","0","0","1","0","0"
"POINT (10.033790668000051 53.557651150000027)","Unfall 122157 (2017) Kat:3, Licht: 2","122157","3","2","2","03","19","3","0","2","0","1","0","0"
"POINT (10.062508982000054 53.530780395000079)","Unfall 122158 (2017) Kat:3, Licht: 0","122158","3","5","0","03","09","3","0","0","0","1","0","0"
"POINT (10.066695820000064 53.535504784000068)","Unfall 122159 (2017) Kat:2, Licht: 0","122159","2","3","5","03","08","3","0","0","0","1","0","0"
"POINT (10.003113755000072 53.554224598000076)","Unfall 122160 (2017) Kat:3, Licht: 0","122160","3","6","2","04","12","3","0","0","0","1","0","0"
"POINT (9.989298510000026 53.558298638000053)","Unfall 122161 (2017) Kat:3, Licht: 2","122161","3","3","5","04","03","3","0","2","0","1","0","0"
"POINT (10.109517969000024 53.593249419000074)","Unfall 122162 (2017) Kat:3, Licht: 0","122162","3","6","2","03","09","3","0","0","0","1","0","0"
"POINT (9.895887764000065 53.505215624000073)","Unfall 122163 (2017) Kat:2, Licht: 0","122163","2","1","8","04","10","2","0","0","0","0","0","1"
"POINT (10.140486118000069 53.627141538000046)","Unfall 122164 (2017) Kat:3, Licht: 0","122164","3","4","6","03","10","3","0","0","0","1","1","0"
"POINT (9.986838678000026 53.438036556000043)","Unfall 122165 (2017) Kat:2, Licht: 0","122165","2","6","2","04","18","2","0","0","0","1","0","0"
"POINT (9.987575364000065 53.517279796000082)","Unfall 122166 (2017) Kat:3, Licht: 2","122166","3","2","4","04","22","2","0","2","1","1","0","0"
"POINT (9.991708421000055 53.502924884000038)","Unfall 122167 (2017) Kat:3, Licht: 0","122167","3","3","0","04","13","2","0","0","1","0","0","0"
"POINT (10.178790371000048 53.496043686000064)","Unfall 122168 (2017) Kat:3, Licht: 0","122168","3","3","5","04","11","2","0","0","1","1","0","0"
"POINT (10.129263946000037 53.561371987000030)","Unfall 122169 (2017) Kat:3, Licht: 0","122169","3","6","2","04","15","2","0","0","0","1","0","0"
"POINT (10.112188826000022 53.621358945000054)","Unfall 122170 (2017) Kat:3, Licht: 0","122170","3","6","1","04","15","2","0","0","0","1","0","0"
"POINT (10.004484382000044 53.657373205000056)","Unfall 122171 (2017) Kat:3, Licht: 0","122171","3","2","2","04","17","2","0","0","0","1","0","0"
"POINT (10.018618870000068 53.614867179000044)","Unfall 122172 (2017) Kat:1, Licht: 2","122172","1","3","5","04","05","2","0","2","0","1","0","1"
"POINT (10.042417074000070 53.565393789000041)","Unfall 122173 (2017) Kat:2, Licht: 2","122173","2","3","5","04","20","2","0","2","0","1","0","0"
"POINT (10.047067412000047 53.583886154000027)","Unfall 122174 (2017) Kat:2, Licht: 0","122174","2","5","0","04","13","2","0","0","0","1","0","1"
"POINT (10.015714437000042 53.563202816000057)","Unfall 122175 (2017) Kat:3, Licht: 0","122175","3","6","2","04","16","2","0","0","0","1","0","0"
"POINT (9.868307565000066 53.595383782000056)","Unfall 122176 (2017) Kat:3, Licht: 0","122176","3","3","5","04","17","2","0","0","1","1","0","0"
"POINT (9.889933581000037 53.546608252000055)","Unfall 122177 (2017) Kat:3, Licht: 2","122177","3","2","5","04","21","2","0","2","0","1","0","0"
"POINT (10.081395755000074 53.618777923000039)","Unfall 122178 (2017) Kat:3, Licht: 0","122178","3","3","5","03","15","3","0","0","0","1","0","0"
"POINT (10.013997583000048 53.619232042000078)","Unfall 122179 (2017) Kat:3, Licht: 0","122179","3","3","5","03","08","3","0","0","1","1","0","0"
"POINT (9.947231870000053 53.594011375000036)","Unfall 122180 (2017) Kat:3, Licht: 0","122180","3","2","5","04","16","2","0","0","1","1","0","0"
"POINT (10.026847294000049 53.580562696000072)","Unfall 122181 (2017) Kat:3, Licht: 0","122181","3","3","5","03","08","3","0","0","1","1","0","0"
"POINT (9.776452250000034 53.579748307000045)","Unfall 122182 (2017) Kat:3, Licht: 1","122182","3","3","5","03","18","3","0","1","1","1","0","0"
"POINT (9.973827410000069 53.573906101000034)","Unfall 122183 (2017) Kat:3, Licht: 0","122183","3","7","0","03","13","3","0","0","0","1","0","1"
"POINT (9.993110440000066 53.544916587000046)","Unfall 122184 (2017) Kat:3, Licht: 0","122184","3","6","2","03","12","3","0","0","0","1","0","0"
"POINT (10.000499342000069 53.555754958000080)","Unfall 122185 (2017) Kat:3, Licht: 0","122185","3","6","2","03","08","3","0","0","0","1","0","0"