WKT,Name,OBJECTID,UKATEGORIE,UTYP1,UART,UMONAT,USTUNDE,UWOCHENTAG,STRZUSTAND,ULICHTVERH,ISTRAD,ISTPKW,ISTFUSS,ISTKRAD
"POINT (9.924888316000022 53.550905206000039)","Unfall 122186 (2017) Kat:3, Licht: 2","122186","3","3","5","04","05","2","0","2","1","0","0","0"
"POINT (9.937894748000076 53.553068316000065)","Unfall 122187 (2017) Kat:3, Licht: 0","122187","3","2","5","04","12","2","0","0","0","0","0","0"
"POINT (9.993829021000067 53.572794330000079)","Unfall 122188 (2017) Kat:3, Licht: 0","122188","3","2","5","04","17","2","0","0","1","1","0","0"
"POINT (9.972776226000065 53.553953371000034)","Unfall 122189 (2017) Kat:3, Licht: 0","122189","3","2","3","04","17","2","0","0","1","1","0","0"
"POINT (10.006551655000067 53.550283516000036)","Unfall 122190 (2017) Kat:3, Licht: 1","122190","3","3","0","04","17","2","0","1","0","1","0","0"
"POINT (10.001005980000059 53.555637329000035)","Unfall 122191 (2017) Kat:3, Licht: 0","122191","3","2","3","04","16","2","0","0","0","1","0","0"
"POINT (9.982226880000042 53.455263622000075)","Unfall 122192 (2017) Kat:2, Licht: 0","122192","2","5","1","04","19","1","0","0","1","1","0","0"
"POINT (10.213003876000073 53.504110492000052)","Unfall 122193 (2017) Kat:3, Licht: 0","122193","3","6","2","04","15","1","0","0","0","1","0","0"
"POINT (10.124771281000051 53.571203443000059)","Unfall 122194 (2017) Kat:3, Licht: 0","122194","3","6","2","04","11","1","0","0","0","1","0","0"
"POINT (10.124816268000075 53.586199536000038)","Unfall 122195 (2017) Kat:2, Licht: 0","122195","2","3","5","04","08","1","0","0","0","1","0","0"
"POINT (10.086246175000042 53.620324999000047)","Unfall 122196 (2017) Kat:3, Licht: 0","122196","3","3","5","04","13","1","0","0","0","1","0","0"
"POINT (10.076029820000031 53.656449324000050)","Unfall 122197 (2017) Kat:3, Licht: 0","122197","3","7","1","04","12","1","0","0","1","1","0","0"
"POINT (10.047573410000041 53.572206303000030)","Unfall 122198 (2017) Kat:3, Licht: 0","122198","3","6","3","04","18","1","0","0","0","1","0","0"
"POINT (10.056182498000055 53.591654102000064)","Unfall 122199 (2017) Kat:3, Licht: 0","122199","3","6","2","04","15","1","0","0","0","1","0","0"
"POINT (9.906077548000042 53.569370787000082)","Unfall 122200 (2017) Kat:3, Licht: 0","122200","3","7","6","04","18","1","0","0","0","1","1","0"
"POINT (9.967424161000054 53.546193655000081)","Unfall 122201 (2017) Kat:3, Licht: 0","122201","3","6","2","04","12","1","0","0","0","1","0","1"
"POINT (10.020550454000045 53.557285251000053)","Unfall 122202 (2017) Kat:2, Licht: 2","122202","2","4","6","04","01","1","1","2","0","1","1","0"
"POINT (9.986455406000061 53.517711113000075)","Unfall 122203 (2017) Kat:3, Licht: 0","122203","3","4","6","04","13","7","0","0","0","1","1","0"
"POINT (9.992872961000046 53.511988303000066)","Unfall 122204 (2017) Kat:2, Licht: 0","122204","2","3","5","04","11","7","0","0","0","1","0","1"
"POINT (10.108654264000052 53.562995571000044)","Unfall 122205 (2017) Kat:3, Licht: 1","122205","3","3","6","04","19","7","1","1","0","0","1","0"
"POINT (10.069753345000038 53.526365746000067)","Unfall 122206 (2017) Kat:3, Licht: 0","122206","3","2","4","04","16","7","0","0","0","1","0","1"
"POINT (10.073612041000047 53.583637688000067)","Unfall 122207 (2017) Kat:2, Licht: 2","122207","2","6","4","04","20","7","0","2","1","0","0","0"
"POINT (10.043730031000052 53.602132490000031)","Unfall 122208 (2017) Kat:2, Licht: 2","122208","2","7","0","04","21","7","0","2","1","0","0","0"
"POINT (10.104805011000053 53.650541507000071)","Unfall 122209 (2017) Kat:2, Licht: 0","122209","2","6","1","04","12","7","0","0","0","1","0","0"
"POINT (10.002414736000048 53.660800992000077)","Unfall 122210 (2017) Kat:3, Licht: 0","122210","3","6","3","04","13","7","0","0","0","1","0","0"
"POINT (10.048662801000035 53.588181171000031)","Unfall 122211 (2017) Kat:3, Licht: 2","122211","3","6","2","04","21","7","0","2","0","1","0","0"
"POINT (10.162061473000051 53.506597813000042)","Unfall 122212 (2017) Kat:3, Licht: 0","122212","3","3","5","03","07","2","1","0","1","1","0","0"
"POINT (10.136806435000040 53.607684437000046)","Unfall 122213 (2017) Kat:3, Licht: 2","122213","3","7","1","03","18","2","1","2","0","1","0","0"
"POINT (10.051242685000034 53.571742182000037)","Unfall 122214 (2017) Kat:2, Licht: 2","122214","2","3","5","04","20","7","0","2","0","1","0","1"
"POINT (9.953779334000046 53.601612391000060)","Unfall 122215 (2017) Kat:3, Licht: 0","122215","3","5","0","04","18","7","0","0","0","1","0","0"
"POINT (9.949556884000060 53.558715000000063)","Unfall 122216 (2017) Kat:3, Licht: 2","122216","3","2","3","04","23","7","0","2","1","1","0","0"
"POINT (9.963041566000072 53.546498939000060)","Unfall 122217 (2017) Kat:3, Licht: 2","122217","3","3","6","04","23","7","0","2","1","0","1","0"
"POINT (9.995651732000056 53.550619398000038)","Unfall 122218 (2017) Kat:3, Licht: 0","122218","3","4","6","04","13","7","0","0","1","0","1","0"
"POINT (9.996572010000023 53.553093635000039)","Unfall 122219 (2017) Kat:3, Licht: 2","122219","3","6","2","04","00","7","0","2","0","1","0","0"
"POINT (9.866860457000030 53.474424323000051)","Unfall 122220 (2017) Kat:3, Licht: 0","122220","3","5","0","03","17","6","0","0","0","1","0","1"
"POINT (9.872091451000074 53.476890824000066)","Unfall 122221 (2017) Kat:3, Licht: 2","122221","3","7","3","03","20","6","0","2","0","1","0","0"
"POINT (9.982029012000055 53.463479510000070)","Unfall 122222 (2017) Kat:3, Licht: 0","122222","3","2","0","03","18","6","0","0","0","0","0","0"
"POINT (10.080673229000070 53.502489685000057)","Unfall 122223 (2017) Kat:2, Licht: 0","122223","2","2","5","03","15","6","0","0","0","1","0","1"
"POINT (10.207682933000058 53.480290587000070)","Unfall 122224 (2017) Kat:3, Licht: 0","122224","3","6","1","03","09","6","0","0","0","1","0","0"
"POINT (10.085928255000056 53.617970064000076)","Unfall 122225 (2017) Kat:3, Licht: 0","122225","3","2","3","03","16","2","0","0","0","1","0","0"
"POINT (10.088679961000025 53.553310049000061)","Unfall 122226 (2017) Kat:3, Licht: 2","122226","3","4","6","03","22","6","0","2","0","1","1","0"
"POINT (10.113946997000028 53.653371499000059)","Unfall 122227 (2017) Kat:3, Licht: 0","122227","3","6","1","03","12","2","1","0","0","1","0","0"
"POINT (10.042540879000057 53.555447008000044)","Unfall 122228 (2017) Kat:2, Licht: 1","122228","2","3","5","03","19","6","0","1","1","1","0","0"
"POINT (10.162791974000072 53.589693746000080)","Unfall 122229 (2017) Kat:2, Licht: 0","122229","2","3","5","03","16","6","0","0","1","1","0","0"
"POINT (10.114905561000057 53.595231856000055)","Unfall 122230 (2017) Kat:3, Licht: 0","122230","3","3","5","03","07","6","0","0","1","1","0","0"
"POINT (10.063336001000039 53.573560047000058)","Unfall 122231 (2017) Kat:3, Licht: 0","122231","3","5","1","03","14","6","0","0","0","1","0","0"
"POINT (10.039631772000064 53.605635079000081)","Unfall 122232 (2017) Kat:3, Licht: 0","122232","3","7","3","03","10","6","0","0","0","1","0","0"
"POINT (10.005399117000024 53.648652488000039)","Unfall 122233 (2017) Kat:3, Licht: 0","122233","3","7","0","03","18","6","0","0","0","1","0","0"
"POINT (10.035667872000033 53.591116741000064)","Unfall 122234 (2017) Kat:2, Licht: 2","122234","2","1","0","03","22","6","0","2","0","0","0","1"
"POINT (9.866154966000067 53.563847677000069)","Unfall 122235 (2017) Kat:3, Licht: 0","122235","3","4","6","03","08","6","0","0","0","1","1","0"
"POINT (9.952485330000059 53.618847460000040)","Unfall 122236 (2017) Kat:3, Licht: 0","122236","3","6","3","03","18","6","0","0","0","1","0","0"
"POINT (9.919748340000069 53.637333736000073)","Unfall 122237 (2017) Kat:3, Licht: 0","122237","3","2","4","03","09","6","0","0","0","1","0","0"
"POINT (9.975368164000031 53.601634597000043)","Unfall 122238 (2017) Kat:3, Licht: 0","122238","3","6","2","03","11","6","0","0","0","1","0","0"
"POINT (9.983001599000033 53.565332922000039)","Unfall 122239 (2017) Kat:2, Licht: 0","122239","2","4","6","03","13","6","0","0","0","1","1","0"
"POINT (9.979083408000065 53.569815667000057)","Unfall 122240 (2017) Kat:3, Licht: 0","122240","3","3","5","03","11","6","0","0","0","0","0","1"
"POINT (10.018183619000069 53.552581719000045)","Unfall 122241 (2017) Kat:3, Licht: 0","122241","3","2","4","03","18","6","0","0","1","1","0","0"
"POINT (9.826544158000047 53.512834935000058)","Unfall 122242 (2017) Kat:2, Licht: 1","122242","2","6","4","03","20","5","0","1","0","1","0","0"
"POINT (9.995954176000055 53.464575394000065)","Unfall 122243 (2017) Kat:3, Licht: 0","122243","3","2","4","03","17","5","0","0","0","1","0","1"
"POINT (10.113363196000023 53.653353719000052)","Unfall 122244 (2017) Kat:3, Licht: 0","122244","3","4","6","03","18","2","1","0","0","1","1","0"
"POINT (10.102177684000026 53.495175311000082)","Unfall 122245 (2017) Kat:3, Licht: 0","122245","3","3","5","03","15","5","0","0","0","1","0","0"
"POINT (10.100620186000071 53.540294978000077)","Unfall 122246 (2017) Kat:3, Licht: 0","122246","3","3","5","03","07","5","1","0","0","0","0","1"
"POINT (10.027618531000030 53.606303992000051)","Unfall 122247 (2017) Kat:3, Licht: 0","122247","3","6","2","03","13","2","1","0","0","1","0","0"
"POINT (10.024995016000048 53.602281869000080)","Unfall 122248 (2017) Kat:3, Licht: 0","122248","3","6","2","03","10","2","1","0","0","1","0","0"
"POINT (10.047435735000022 53.541011374000050)","Unfall 122249 (2017) Kat:2, Licht: 0","122249","2","2","4","03","06","5","1","0","0","1","0","0"
"POINT (10.018277332000025 53.548669955000037)","Unfall 122250 (2017) Kat:3, Licht: 1","122250","3","7","3","03","06","5","1","1","0","1","0","1"
"POINT (10.149710356000071 53.619618726000056)","Unfall 122251 (2017) Kat:3, Licht: 0","122251","3","6","1","03","17","5","0","0","0","1","0","0"
"POINT (10.099322076000021 53.576220285000034)","Unfall 122252 (2017) Kat:3, Licht: 0","122252","3","3","5","03","17","5","0","0","0","1","0","0"
"POINT (10.033661264000045 53.620208501000036)","Unfall 122253 (2017) Kat:2, Licht: 0","122253","2","3","5","03","07","5","1","0","1","1","0","0"
"POINT (10.013858030000051 53.604924138000058)","Unfall 122254 (2017) Kat:3, Licht: 0","122254","3","7","6","03","13","5","0","0","1","0","1","0"
"POINT (10.018972048000023 53.565052900000069)","Unfall 122255 (2017) Kat:3, Licht: 0","122255","3","6","0","03","17","5","0","0","0","1","0","0"
"POINT (10.036301051000066 53.574606157000062)","Unfall 122256 (2017) Kat:3, Licht: 0","122256","3","7","4","03","07","5","0","0","0","1","0","0"
"POINT (9.919222059000049 53.594581596000069)","Unfall 122257 (2017) Kat:3, Licht: 0","122257","3","7","1","03","15","5","0","0","0","1","0","0"
"POINT (9.935470025000029 53.572095872000034)","Unfall 122258 (2017) Kat:3, Licht: 0","122258","3","3","5","03","18","5","0","0","1","1","0","0"
"POINT (9.942311181000036 53.521913519000066)","Unfall 122259 (2017) Kat:3, Licht: 0","122259","3","3","5","03","14","5","0","0","1","1","0","0"
"POINT (9.971249710000052 53.424596406000035)","Unfall 122260 (2017) Kat:3, Licht: 0","122260","3","7","3","03","17","4","1","0","0","1","0","0"
"POINT (10.018816649000030 53.484560134000048)","Unfall 122261 (2017) Kat:3, Licht: 0","122261","3","4","6","03","16","4","0","0","0","1","1","0"
"POINT (10.045617309000022 53.555375203000040)","Unfall 122262 (2017) Kat:3, Licht: 0","122262","3","6","2","03","09","4","1","0","0","1","0","0"
"POINT (10.055487349000032 53.582659934000048)","Unfall 122263 (2017) Kat:3, Licht: 0","122263","3","2","2","03","09","4","1","0","0","1","0","0"
"POINT (9.927623758000038 53.560078588000067)","Unfall 122264 (2017) Kat:3, Licht: 1","122264","3","2","4","03","17","2","1","1","1","1","0","0"
"POINT (9.889949729000023 53.570186462000038)","Unfall 122265 (2017) Kat:3, Licht: 0","122265","3","3","5","03","16","2","1","0","0","1","0","0"
"POINT (9.988284437000061 53.585455828000079)","Unfall 122266 (2017) Kat:3, Licht: 0","122266","3","3","5","03","08","2","1","0","0","1","0","0"
"POINT (10.117358069000034 53.649492583000040)","Unfall 122267 (2017) Kat:3, Licht: 0","122267","3","2","4","03","07","4","1","0","0","1","0","0"
"POINT (10.011478656000065 53.615760338000030)","Unfall 122268 (2017) Kat:3, Licht: 0","122268","3","6","1","03","09","4","1","0","0","1","0","0"
"POINT (9.955230146000076 53.551672240000073)","Unfall 122269 (2017) Kat:3, Licht: 0","122269","3","4","6","03","11","2","1","0","0","1","1","0"
"POINT (10.014720641000054 53.631554190000031)","Unfall 122270 (2017) Kat:2, Licht: 0","122270","2","2","5","03","08","4","1","0","1","1","0","0"
"POINT (10.003498189000027 53.589624877000062)","Unfall 122271 (2017) Kat:3, Licht: 0","122271","3","2","0","03","11","4","1","0","1","0","0","0"
"POINT (10.019905547000064 53.600531350000040)","Unfall 122272 (2017) Kat:3, Licht: 1","122272","3","6","0","03","07","4","1","1","0","1","0","1"
"POINT (10.043055221000031 53.596955713000057)","Unfall 122273 (2017) Kat:3, Licht: 0","122273","3","3","0","03","08","4","1","0","0","1","0","0"
"POINT (9.904986745000031 53.595309199000042)","Unfall 122274 (2017) Kat:3, Licht: 2","122274","3","6","3","03","23","4","1","2","0","1","0","0"
"POINT (9.962105910000048 53.630436378000070)","Unfall 122275 (2017) Kat:3, Licht: 0","122275","3","6","1","03","12","4","0","0","0","1","0","0"
"POINT (9.947929188000046 53.584525829000029)","Unfall 122276 (2017) Kat:3, Licht: 0","122276","3","2","3","03","18","4","1","0","0","1","0","0"
"POINT (9.992512809000061 53.557870409000031)","Unfall 122277 (2017) Kat:3, Licht: 0","122277","3","4","6","03","07","4","0","0","0","1","1","0"
"POINT (9.792727418000027 53.534342334000030)","Unfall 122278 (2017) Kat:3, Licht: 1","122278","3","7","0","03","06","3","0","1","1","0","0","0"
"POINT (9.971324675000062 53.459422899000060)","Unfall 122279 (2017) Kat:3, Licht: 0","122279","3","6","2","03","16","3","0","0","0","1","0","0"
"POINT (10.203216680000025 53.498117817000036)","Unfall 122280 (2017) Kat:2, Licht: 0","122280","2","3","5","03","18","3","0","0","0","1","0","1"
"POINT (10.014072091000060 53.546023608000041)","Unfall 122281 (2017) Kat:3, Licht: 0","122281","3","2","3","03","12","3","0","0","0","1","0","0"
"POINT (10.069814682000072 53.575102680000043)","Unfall 122282 (2017) Kat:3, Licht: 0","122282","3","6","2","03","17","3","0","0","0","1","0","0"
"POINT (10.072144390000062 53.579475011000056)","Unfall 122283 (2017) Kat:3, Licht: 0","122283","3","6","2","03","20","3","0","0","0","1","0","1"
"POINT (10.061781913000061 53.570759711000051)","Unfall 122284 (2017) Kat:3, Licht: 0","122284","3","6","3","03","13","3","0","0","0","1","0","0"
"POINT (10.148923758000024 53.644106058000034)","Unfall 122285 (2017) Kat:2, Licht: 0","122285","2","6","3","03","18","3","0","0","1","0","0","0"
"POINT (10.095272048000027 53.656255585000054)","Unfall 122286 (2017) Kat:3, Licht: 0","122286","3","2","4","03","15","3","0","0","0","1","0","0"
"POINT (10.129204846000050 53.672140729000034)","Unfall 122287 (2017) Kat:3, Licht: 0","122287","3","3","5","03","07","3","0","0","0","1","0","0"
"POINT (9.976832550000040 53.564416724000068)","Unfall 122288 (2017) Kat:3, Licht: 0","122288","3","6","2","03","17","2","1","0","0","1","0","0"
"POINT (9.968979912000066 53.550047662000054)","Unfall 122289 (2017) Kat:3, Licht: 0","122289","3","6","2","03","12","2","1","0","0","1","0","0"
"POINT (10.092497306000041 53.653315742000075)","Unfall 122290 (2017) Kat:3, Licht: 0","122290","3","3","5","03","16","3","0","0","1","1","0","0"
"POINT (10.032508237000059 53.591689688000031)","Unfall 122291 (2017) Kat:3, Licht: 0","122291","3","6","2","03","16","3","0","0","0","1","0","0"
"POINT (10.019056754000076 53.606720478000057)","Unfall 122292 (2017) Kat:3, Licht: 2","122292","3","5","1","03","21","3","0","2","0","1","0","0"
"POINT (10.012823029000060 53.573358279000047)","Unfall 122293 (2017) Kat:3, Licht: 2","122293","3","6","3","03","05","3","0","2","0","1","0","0"
"POINT (9.894000963000053 53.573097367000059)","Unfall 122294 (2017) Kat:3, Licht: 0","122294","3","2","4","03","09","3","0","0","1","1","0","0"
"POINT (9.928154836000033 53.558744140000044)","Unfall 122295 (2017) Kat:3, Licht: 0","122295","3","3","5","03","09","3","0","0","1","0","0","0"
"POINT (9.976941238000052 53.577976294000052)","Unfall 122296 (2017) Kat:3, Licht: 2","122296","3","3","5","03","23","3","0","2","0","1","0","1"
"POINT (10.096767560000046 53.542996511000069)","Unfall 122297 (2017) Kat:3, Licht: 2","122297","3","2","6","03","20","1","1","2","0","1","1","0"
"POINT (9.965454137000052 53.563890614000059)","Unfall 122298 (2017) Kat:3, Licht: 2","122298","3","3","5","03","01","3","0","2","1","1","0","0"
"POINT (9.977344658000050 53.553866816000038)","Unfall 122299 (2017) Kat:3, Licht: 0","122299","3","6","1","03","13","3","0","0","0","1","0","0"
"POINT (10.012881179000033 53.640413564000028)","Unfall 122300 (2017) Kat:2, Licht: 2","122300","2","6","9","03","21","1","1","2","0","1","0","0"
"POINT (9.994708554000056 53.557465263000040)","Unfall 122301 (2017) Kat:3, Licht: 0","122301","3","6","2","03","10","3","0","0","0","1","0","0"
"POINT (10.221868379000057 53.485219700000073)","Unfall 122302 (2017) Kat:3, Licht: 0","122302","3","6","2","03","07","2","0","0","1","1","0","0"
"POINT (10.207419642000048 53.489382219000049)","Unfall 122303 (2017) Kat:3, Licht: 0","122303","3","1","0","03","17","2","0","0","0","1","0","1"
"POINT (10.087321497000062 53.552480712000033)","Unfall 122304 (2017) Kat:3, Licht: 0","122304","3","3","6","03","12","2","0","0","1","0","1","0"
"POINT (10.141180870000028 53.583986613000036)","Unfall 122305 (2017) Kat:3, Licht: 0","122305","3","4","6","03","16","2","0","0","0","1","1","0"
"POINT (10.110376934000044 53.593048088000046)","Unfall 122306 (2017) Kat:3, Licht: 0","122306","3","3","5","03","08","2","0","0","1","1","0","0"
"POINT (10.104024129000038 53.570310227000050)","Unfall 122307 (2017) Kat:2, Licht: 0","122307","2","6","4","03","10","2","0","0","0","1","0","0"
"POINT (10.071354824000025 53.572227399000042)","Unfall 122308 (2017) Kat:3, Licht: 0","122308","3","3","5","03","08","2","0","0","1","1","0","0"
"POINT (10.083967163000068 53.611034726000071)","Unfall 122309 (2017) Kat:3, Licht: 0","122309","3","3","5","03","13","2","0","0","1","1","0","0"
"POINT (10.022655142000076 53.629875656000081)","Unfall 122310 (2017) Kat:3, Licht: 0","122310","3","2","6","03","09","2","0","0","0","1","1","0"
"POINT (10.024952757000051 53.600746814000047)","Unfall 122311 (2017) Kat:3, Licht: 0","122311","3","6","2","03","09","2","0","0","0","1","0","0"
"POINT (10.033277673000043 53.587868265000054)","Unfall 122312 (2017) Kat:3, Licht: 0","122312","3","3","5","03","08","2","0","0","0","1","0","0"
"POINT (9.998739303000036 53.601801061000060)","Unfall 122313 (2017) Kat:3, Licht: 0","122313","3","7","9","03","17","2","0","0","0","0","0","1"
"POINT (10.044179987000064 53.586839891000068)","Unfall 122314 (2017) Kat:3, Licht: 0","122314","3","4","6","03","18","2","0","0","0","1","1","0"
"POINT (9.917619325000032 53.640829166000060)","Unfall 122315 (2017) Kat:3, Licht: 0","122315","3","4","6","03","16","2","0","0","0","1","1","0"
"POINT (9.958654360000026 53.640364553000040)","Unfall 122316 (2017) Kat:3, Licht: 0","122316","3","7","6","03","07","2","0","0","0","1","1","0"
"POINT (9.963713399000028 53.589968072000033)","Unfall 122317 (2017) Kat:3, Licht: 0","122317","3","5","1","03","10","2","0","0","1","1","0","0"
"POINT (9.987206244000049 53.572654388000046)","Unfall 122318 (2017) Kat:3, Licht: 0","122318","3","5","0","03","14","2","0","0","0","0","0","0"
"POINT (9.962810070000046 53.556367112000032)","Unfall 122319 (2017) Kat:3, Licht: 0","122319","3","3","5","03","19","2","0","0","1","0","0","0"
"POINT (9.997951039000043 53.543874946000074)","Unfall 122320 (2017) Kat:3, Licht: 0","122320","3","2","3","03","12","2","0","0","0","1","0","1"
"POINT (10.000850487000037 53.541089167000052)","Unfall 122321 (2017) Kat:3, Licht: 0","122321","3","6","1","03","08","2","0","0","0","1","0","0"
"POINT (9.992395704000046 53.553360486000031)","Unfall 122322 (2017) Kat:3, Licht: 0","122322","3","7","3","03","17","2","0","0","0","1","0","1"
"POINT (10.017974001000027 53.549681164000049)","Unfall 122323 (2017) Kat:3, Licht: 0","122323","3","6","3","03","09","1","0","0","0","1","0","0"
"POINT (10.140000022000038 53.609030886000028)","Unfall 122324 (2017) Kat:3, Licht: 0","122324","3","7","4","03","18","1","0","0","0","1","0","0"
"POINT (10.012827148000042 53.626972262000038)","Unfall 122325 (2017) Kat:3, Licht: 0","122325","3","2","3","03","14","1","0","0","0","1","0","0"
"POINT (10.006536754000024 53.653940509000051)","Unfall 122326 (2017) Kat:2, Licht: 0","122326","2","2","4","03","14","1","0","0","0","1","0","1"
"POINT (9.999047065000070 53.592010742000070)","Unfall 122327 (2017) Kat:3, Licht: 0","122327","3","2","5","03","11","1","1","0","0","1","0","0"
"POINT (10.026284462000035 53.670575111000062)","Unfall 122328 (2017) Kat:2, Licht: 0","122328","2","4","6","03","18","1","0","0","0","1","1","0"
"POINT (10.022437631000059 53.629800714000055)","Unfall 122329 (2017) Kat:3, Licht: 2","122329","3","2","3","03","00","1","0","2","0","1","0","0"
"POINT (10.043450009000026 53.596112362000042)","Unfall 122330 (2017) Kat:3, Licht: 2","122330","3","2","4","03","20","1","0","2","0","1","0","1"
"POINT (9.980710346000024 53.606283405000056)","Unfall 122331 (2017) Kat:3, Licht: 0","122331","3","2","4","03","16","1","0","0","0","1","0","0"
"POINT (10.032675443000073 53.562402389000056)","Unfall 122332 (2017) Kat:3, Licht: 2","122332","3","7","3","03","19","1","1","2","0","1","0","0"
"POINT (9.970157515000039 53.576871764000032)","Unfall 122333 (2017) Kat:3, Licht: 2","122333","3","5","1","03","03","1","0","2","1","1","0","0"
"POINT (9.970739499000047 53.572468163000053)","Unfall 122334 (2017) Kat:3, Licht: 2","122334","3","3","5","03","22","1","0","2","0","1","0","0"
"POINT (10.032983994000062 53.573761636000029)","Unfall 122335 (2017) Kat:3, Licht: 0","122335","3","3","5","03","15","1","1","0","1","1","0","0"
"POINT (10.039025400000071 53.502657630000044)","Unfall 122336 (2017) Kat:3, Licht: 2","122336","3","6","2","03","23","7","0","2","0","1","0","0"
"POINT (10.081186691000028 53.580008819000057)","Unfall 122337 (2017) Kat:3, Licht: 2","122337","3","7","6","03","01","7","0","2","0","1","1","0"
"POINT (10.067744135000055 53.582352341000046)","Unfall 122338 (2017) Kat:2, Licht: 0","122338","2","2","4","03","17","7","0","0","0","1","0","0"
"POINT (10.037840362000054 53.630293710000046)","Unfall 122339 (2017) Kat:3, Licht: 0","122339","3","7","9","03","18","7","0","0","0","1","0","0"
"POINT (10.043455576000042 53.567139073000078)","Unfall 122340 (2017) Kat:3, Licht: 2","122340","3","2","3","03","22","7","0","2","1","1","0","0"
"POINT (10.027105039000048 53.570297784000047)","Unfall 122341 (2017) Kat:3, Licht: 0","122341","3","3","5","03","09","7","0","0","0","1","0","0"
"POINT (9.882364620000033 53.593011331000071)","Unfall 122342 (2017) Kat:3, Licht: 0","122342","3","2","4","03","17","7","0","0","1","1","0","0"
"POINT (10.042552040000032 53.589009931000078)","Unfall 122343 (2017) Kat:3, Licht: 2","122343","3","2","6","03","20","1","1","2","0","1","1","0"
"POINT (9.870194416000061 53.593493992000049)","Unfall 122344 (2017) Kat:3, Licht: 2","122344","3","7","3","03","01","7","0","2","0","1","0","0"
"POINT (9.969385100000068 53.557331655000041)","Unfall 122345 (2017) Kat:3, Licht: 0","122345","3","2","0","03","14","7","0","0","0","1","0","0"
"POINT (9.965871905000029 53.546369922000054)","Unfall 122346 (2017) Kat:3, Licht: 0","122346","3","2","2","03","16","7","0","0","0","1","0","0"
"POINT (9.993655372000035 53.557711414000039)","Unfall 122347 (2017) Kat:3, Licht: 0","122347","3","3","4","03","12","7","0","0","0","1","0","0"
"POINT (9.951241009000057 53.459773588000076)","Unfall 122348 (2017) Kat:3, Licht: 0","122348","3","6","2","03","14","6","0","0","0","1","0","1"
"POINT (9.982471738000072 53.457812845000035)","Unfall 122349 (2017) Kat:2, Licht: 0","122349","2","6","2","03","07","6","0","0","0","1","0","0"
"POINT (10.008365066000067 53.493375201000049)","Unfall 122350 (2017) Kat:3, Licht: 0","122350","3","7","1","03","18","6","0","0","0","1","0","0"
"POINT (10.184017107000045 53.499052728000038)","Unfall 122351 (2017) Kat:3, Licht: 0","122351","3","6","2","03","14","6","0","0","0","1","0","0"
"POINT (10.208347079000021 53.496016387000054)","Unfall 122352 (2017) Kat:3, Licht: 0","122352","3","6","1","03","09","6","0","0","0","1","0","0"
"POINT (10.098599038000032 53.541330795000079)","Unfall 122353 (2017) Kat:3, Licht: 0","122353","3","2","2","03","08","6","0","0","0","1","0","0"
"POINT (10.049082301000055 53.561200384000074)","Unfall 122354 (2017) Kat:3, Licht: 0","122354","3","2","3","03","15","6","0","0","1","0","0","0"
"POINT (10.048308050000060 53.555392432000076)","Unfall 122355 (2017) Kat:3, Licht: 0","122355","3","6","2","03","08","6","0","0","0","1","0","0"
"POINT (10.128413892000026 53.601833602000056)","Unfall 122356 (2017) Kat:3, Licht: 0","122356","3","3","6","03","07","6","0","0","0","1","1","0"
"POINT (10.070903745000066 53.573319621000053)","Unfall 122357 (2017) Kat:2, Licht: 0","122357","2","6","2","03","14","6","0","0","0","1","0","0"
"POINT (10.057286640000029 53.579940126000054)","Unfall 122358 (2017) Kat:2, Licht: 0","122358","2","3","6","03","12","6","0","0","1","0","1","0"
"POINT (10.100339013000053 53.584477602000050)","Unfall 122359 (2017) Kat:3, Licht: 0","122359","3","2","2","03","16","6","0","0","0","1","0","1"
"POINT (10.088242507000075 53.656021142000043)","Unfall 122360 (2017) Kat:3, Licht: 0","122360","3","6","1","03","14","6","0","0","0","1","0","0"
"POINT (10.098327367000024 53.655627943000070)","Unfall 122361 (2017) Kat:3, Licht: 0","122361","3","7","0","03","15","6","0","0","0","0","0","1"
"POINT (9.950516336000021 53.555877083000041)","Unfall 122362 (2017) Kat:3, Licht: 2","122362","3","3","5","03","04","1","0","2","1","1","0","0"
"POINT (9.996693160000064 53.515748723000058)","Unfall 122363 (2017) Kat:3, Licht: 2","122363","3","1","9","03","22","7","0","2","0","0","0","1"
"POINT (10.024270876000060 53.560374553000031)","Unfall 122364 (2017) Kat:3, Licht: 2","122364","3","2","0","03","19","6","0","2","0","1","0","0"
"POINT (10.023159109000062 53.558318510000049)","Unfall 122365 (2017) Kat:3, Licht: 0","122365","3","6","1","03","16","6","0","0","0","1","0","0"
"POINT (10.206475528000055 53.494608719000041)","Unfall 122366 (2017) Kat:2, Licht: 0","122366","2","7","2","03","11","7","0","0","0","1","0","0"
"POINT (10.049783018000028 53.582363932000078)","Unfall 122367 (2017) Kat:3, Licht: 0","122367","3","6","2","03","13","6","0","0","0","1","0","0"
"POINT (10.042874035000068 53.555811349000066)","Unfall 122368 (2017) Kat:3, Licht: 2","122368","3","1","0","03","05","7","1","2","0","1","0","0"
"POINT (10.055175265000059 53.569146728000078)","Unfall 122369 (2017) Kat:3, Licht: 0","122369","3","6","2","03","16","6","0","0","0","1","0","0"
"POINT (10.016740486000060 53.562017429000036)","Unfall 122370 (2017) Kat:3, Licht: 1","122370","3","3","5","03","21","6","0","1","1","1","0","0"