WKT,Name,OBJECTID,UKATEGORIE,UTYP1,UART,UMONAT,USTUNDE,UWOCHENTAG,STRZUSTAND,ULICHTVERH,ISTRAD,ISTPKW,ISTFUSS,ISTKRAD
"POINT (10.068116478000036 53.581635588000040)","Unfall 122371 (2017) Kat:3, Licht: 0","122371","3","6","2","03","13","7","1","0","0","1","0","0"
"POINT (9.816266721000034 53.571108936000030)","Unfall 122372 (2017) Kat:3, Licht: 0","122372","3","3","5","03","09","6","0","0","1","1","0","0"
"POINT (9.987748190000048 53.595732475000034)","Unfall 122373 (2017) Kat:3, Licht: 0","122373","3","3","5","03","17","6","0","0","1","1","0","0"
"POINT (9.946804277000069 53.561533318000045)","Unfall 122374 (2017) Kat:3, Licht: 0","122374","3","6","2","03","15","6","0","0","0","1","0","0"
"POINT (9.948506890000033 53.560002464000036)","Unfall 122375 (2017) Kat:3, Licht: 0","122375","3","6","4","03","09","6","0","0","1","0","0","0"
"POINT (9.974371101000031 53.569030032000057)","Unfall 122376 (2017) Kat:3, Licht: 0","122376","3","4","6","03","17","6","0","0","0","1","1","0"
"POINT (9.967226816000050 53.550033644000052)","Unfall 122377 (2017) Kat:3, Licht: 2","122377","3","4","6","03","19","6","0","2","0","0","1","0"
"POINT (10.001030641000057 53.555632810000077)","Unfall 122378 (2017) Kat:3, Licht: 0","122378","3","2","5","03","14","6","0","0","0","1","0","0"
"POINT (9.992607370000030 53.467351950000079)","Unfall 122379 (2017) Kat:3, Licht: 0","122379","3","3","5","03","13","6","0","0","0","1","0","1"
"POINT (9.888242266000077 53.477990349000038)","Unfall 122380 (2017) Kat:3, Licht: 0","122380","3","6","1","03","06","5","0","0","0","1","0","0"
"POINT (9.956978953000032 53.468544751000081)","Unfall 122381 (2017) Kat:3, Licht: 0","122381","3","7","2","03","12","5","0","0","0","1","0","0"
"POINT (10.224974056000065 53.481835161000049)","Unfall 122382 (2017) Kat:3, Licht: 0","122382","3","2","5","03","07","5","0","0","1","1","0","0"
"POINT (10.121058897000069 53.534530817000075)","Unfall 122383 (2017) Kat:3, Licht: 0","122383","3","4","6","03","16","5","0","0","0","1","1","0"
"POINT (10.050098138000067 53.555344399000035)","Unfall 122384 (2017) Kat:2, Licht: 2","122384","2","6","4","03","18","5","0","2","0","1","0","0"
"POINT (10.122373761000063 53.585255951000079)","Unfall 122385 (2017) Kat:3, Licht: 0","122385","3","6","2","03","15","5","0","0","0","1","0","0"
"POINT (10.172797313000046 53.647986972000069)","Unfall 122386 (2017) Kat:3, Licht: 2","122386","3","7","0","03","23","7","0","2","1","0","0","0"
"POINT (10.007337105000033 53.580882844000030)","Unfall 122387 (2017) Kat:3, Licht: 2","122387","3","2","2","03","23","7","0","2","0","1","0","0"
"POINT (10.032173038000053 53.579954704000045)","Unfall 122388 (2017) Kat:3, Licht: 0","122388","3","6","2","05","13","1","0","0","0","1","0","1"
"POINT (9.868745558000057 53.547758008000073)","Unfall 122389 (2017) Kat:3, Licht: 0","122389","3","7","1","05","15","1","0","0","1","1","0","0"
"POINT (9.963288654000053 53.569267282000055)","Unfall 122390 (2017) Kat:3, Licht: 0","122390","3","2","3","05","19","1","0","0","1","0","0","0"
"POINT (9.917271952000021 53.546837758000038)","Unfall 122391 (2017) Kat:3, Licht: 0","122391","3","5","0","05","14","1","0","0","1","1","0","0"
"POINT (9.989893077000033 53.562259222000080)","Unfall 122392 (2017) Kat:3, Licht: 0","122392","3","5","3","05","19","1","0","0","0","1","0","0"
"POINT (9.977757668000038 53.564293147000058)","Unfall 122393 (2017) Kat:3, Licht: 0","122393","3","7","1","05","14","1","0","0","0","1","0","0"
"POINT (9.976166137000064 53.558086989000060)","Unfall 122394 (2017) Kat:3, Licht: 2","122394","3","5","1","05","02","1","0","2","1","1","0","0"
"POINT (10.163357030000043 53.596530917000052)","Unfall 122395 (2017) Kat:3, Licht: 0","122395","3","7","0","04","13","2","1","0","0","0","0","1"
"POINT (10.201841189000049 53.489004173000069)","Unfall 122396 (2017) Kat:3, Licht: 0","122396","3","2","5","05","12","7","0","0","0","1","0","0"
"POINT (10.060690841000053 53.570682430000033)","Unfall 122397 (2017) Kat:3, Licht: 0","122397","3","3","5","04","16","2","0","0","1","1","0","0"
"POINT (10.097864776000051 53.620216866000078)","Unfall 122398 (2017) Kat:3, Licht: 0","122398","3","2","2","04","14","2","0","0","0","1","0","0"
"POINT (10.016181526000025 53.634923864000029)","Unfall 122399 (2017) Kat:3, Licht: 0","122399","3","6","2","04","17","2","0","0","0","1","0","0"
"POINT (10.048134800000071 53.530620767000073)","Unfall 122400 (2017) Kat:3, Licht: 0","122400","3","7","6","05","14","7","0","0","0","1","1","0"
"POINT (10.041119604000073 53.534259257000031)","Unfall 122401 (2017) Kat:3, Licht: 0","122401","3","2","4","05","16","7","0","0","0","1","0","0"
"POINT (9.946071037000024 53.584504814000070)","Unfall 122402 (2017) Kat:3, Licht: 0","122402","3","5","0","04","12","2","0","0","1","1","0","0"
"POINT (10.043842081000037 53.529951709000045)","Unfall 122403 (2017) Kat:3, Licht: 0","122403","3","5","1","05","14","7","0","0","1","1","0","0"
"POINT (10.070190269000022 53.655461694000053)","Unfall 122404 (2017) Kat:3, Licht: 0","122404","3","5","1","05","11","7","0","0","0","1","0","1"
"POINT (10.106915982000032 53.711502207000080)","Unfall 122405 (2017) Kat:3, Licht: 0","122405","3","7","6","05","17","7","0","0","0","1","1","0"
"POINT (10.046380449000026 53.596126875000039)","Unfall 122406 (2017) Kat:3, Licht: 0","122406","3","6","2","05","15","7","0","0","0","1","0","0"
"POINT (9.922707479000053 53.596244973000069)","Unfall 122407 (2017) Kat:3, Licht: 0","122407","3","6","2","05","17","7","0","0","0","1","0","0"
"POINT (9.999640508000027 53.554796800000076)","Unfall 122408 (2017) Kat:3, Licht: 0","122408","3","6","1","05","20","7","0","0","0","1","0","1"
"POINT (9.991769053000041 53.553762507000044)","Unfall 122409 (2017) Kat:3, Licht: 0","122409","3","3","6","05","19","7","0","0","1","0","1","0"
"POINT (10.025816284000030 53.559144159000027)","Unfall 122410 (2017) Kat:3, Licht: 0","122410","3","6","2","05","08","2","0","0","0","1","0","0"
"POINT (9.918115830000033 53.444999192000068)","Unfall 122411 (2017) Kat:3, Licht: 0","122411","3","1","4","05","16","6","1","0","0","1","0","0"
"POINT (9.971463338000035 53.459473355000057)","Unfall 122412 (2017) Kat:3, Licht: 2","122412","3","4","6","05","04","6","1","2","0","1","1","0"
"POINT (10.120582365000075 53.534697378000033)","Unfall 122413 (2017) Kat:3, Licht: 0","122413","3","4","6","05","12","6","1","0","0","1","1","0"
"POINT (10.055248692000021 53.560956906000058)","Unfall 122414 (2017) Kat:3, Licht: 1","122414","3","2","5","05","06","6","1","1","1","1","0","0"
"POINT (10.114621853000074 53.583186379000040)","Unfall 122415 (2017) Kat:3, Licht: 2","122415","3","1","4","05","22","6","0","2","0","1","0","0"
"POINT (10.171912901000042 53.607007989000067)","Unfall 122416 (2017) Kat:3, Licht: 2","122416","3","6","4","05","05","6","1","2","0","1","0","0"
"POINT (10.081425457000023 53.576403598000070)","Unfall 122417 (2017) Kat:3, Licht: 0","122417","3","6","2","05","13","6","0","0","0","1","0","0"
"POINT (10.079671151000070 53.576065098000072)","Unfall 122418 (2017) Kat:2, Licht: 0","122418","2","6","2","05","12","6","1","0","0","1","0","0"
"POINT (10.076839761000031 53.614126790000057)","Unfall 122419 (2017) Kat:3, Licht: 0","122419","3","2","0","05","11","6","1","0","1","1","0","0"
"POINT (10.059689128000059 53.596236540000064)","Unfall 122420 (2017) Kat:3, Licht: 0","122420","3","3","5","05","10","6","1","0","0","1","0","0"
"POINT (10.072466131000056 53.608725600000071)","Unfall 122421 (2017) Kat:3, Licht: 0","122421","3","6","1","05","11","6","1","0","0","1","0","0"
"POINT (10.080312687000060 53.611763805000066)","Unfall 122422 (2017) Kat:3, Licht: 0","122422","3","5","5","05","16","6","1","0","0","1","0","0"
"POINT (10.164266238000039 53.646758558000045)","Unfall 122423 (2017) Kat:3, Licht: 0","122423","3","3","5","05","13","6","1","0","1","1","0","0"
"POINT (10.158243193000033 53.641774401000077)","Unfall 122424 (2017) Kat:3, Licht: 0","122424","3","7","8","05","16","6","1","0","0","1","0","0"
"POINT (10.000321114000030 53.665519897000081)","Unfall 122425 (2017) Kat:3, Licht: 0","122425","3","2","5","05","17","6","1","0","0","1","0","0"
"POINT (10.011773824000045 53.624387676000026)","Unfall 122426 (2017) Kat:3, Licht: 0","122426","3","7","3","05","13","6","1","0","0","1","0","0"
"POINT (10.005562497000028 53.580325112000082)","Unfall 122427 (2017) Kat:3, Licht: 0","122427","3","3","5","05","08","6","1","0","1","1","0","0"
"POINT (9.929708819000041 53.593509248000032)","Unfall 122428 (2017) Kat:3, Licht: 0","122428","3","3","5","05","08","6","1","0","1","1","0","0"
"POINT (9.927039183000034 53.588029621000032)","Unfall 122429 (2017) Kat:3, Licht: 1","122429","3","7","0","05","05","6","1","1","0","0","0","1"
"POINT (9.866478210000025 53.585268685000074)","Unfall 122430 (2017) Kat:3, Licht: 0","122430","3","6","2","05","13","6","1","0","0","0","0","0"
"POINT (9.929466427000023 53.629317390000040)","Unfall 122431 (2017) Kat:3, Licht: 0","122431","3","2","4","05","14","6","1","0","0","1","0","0"
"POINT (10.233131099000047 53.455505471000038)","Unfall 122432 (2017) Kat:3, Licht: 2","122432","3","5","1","04","00","1","1","2","0","1","0","0"
"POINT (10.136122727000043 53.571383908000030)","Unfall 122433 (2017) Kat:3, Licht: 0","122433","3","6","3","04","18","1","0","0","0","1","0","0"
"POINT (10.092156523000028 53.595757616000071)","Unfall 122434 (2017) Kat:3, Licht: 0","122434","3","6","2","04","15","1","0","0","0","1","0","0"
"POINT (9.980496600000038 53.567685111000060)","Unfall 122435 (2017) Kat:3, Licht: 0","122435","3","4","0","05","11","6","1","0","0","0","1","0"
"POINT (9.969806408000068 53.550074869000071)","Unfall 122436 (2017) Kat:3, Licht: 0","122436","3","2","6","05","15","6","0","0","0","1","1","0"
"POINT (9.913174141000070 53.551178579000066)","Unfall 122437 (2017) Kat:3, Licht: 0","122437","3","7","6","04","12","1","0","0","0","1","1","0"
"POINT (9.984224269000038 53.545400561000065)","Unfall 122438 (2017) Kat:3, Licht: 0","122438","3","4","6","05","12","6","1","0","0","1","1","0"
"POINT (9.998077009000042 53.557685600000070)","Unfall 122439 (2017) Kat:3, Licht: 0","122439","3","6","1","05","11","6","1","0","0","1","0","0"
"POINT (9.869417791000046 53.586056510000049)","Unfall 122440 (2017) Kat:3, Licht: 0","122440","3","5","1","04","11","1","0","0","0","1","0","0"
"POINT (9.932723109000051 53.479284478000068)","Unfall 122441 (2017) Kat:3, Licht: 0","122441","3","6","2","05","15","6","1","0","0","1","0","0"
"POINT (9.871098686000039 53.564797520000070)","Unfall 122442 (2017) Kat:3, Licht: 2","122442","3","1","8","04","00","1","1","2","0","1","0","0"
"POINT (9.991703064000035 53.453837893000070)","Unfall 122443 (2017) Kat:3, Licht: 0","122443","3","6","4","05","19","5","1","0","0","1","0","0"
"POINT (9.960124087000054 53.550535966000041)","Unfall 122444 (2017) Kat:3, Licht: 0","122444","3","1","0","04","20","1","1","0","1","0","0","0"
"POINT (9.950867367000058 53.468675640000072)","Unfall 122445 (2017) Kat:3, Licht: 0","122445","3","1","0","05","10","5","1","0","0","1","0","1"
"POINT (10.181143846000055 53.486212298000055)","Unfall 122446 (2017) Kat:3, Licht: 0","122446","3","2","5","05","16","5","1","0","0","1","0","0"
"POINT (10.206511955000053 53.477761571000030)","Unfall 122447 (2017) Kat:3, Licht: 0","122447","3","3","2","05","08","5","1","0","0","1","0","0"
"POINT (10.102681858000039 53.539905461000046)","Unfall 122448 (2017) Kat:2, Licht: 0","122448","2","3","5","05","16","5","1","0","0","1","0","1"
"POINT (10.066476731000023 53.535354938000069)","Unfall 122449 (2017) Kat:3, Licht: 0","122449","3","6","2","05","13","5","1","0","0","1","0","0"
"POINT (9.811673746000054 53.519213165000053)","Unfall 122450 (2017) Kat:3, Licht: 0","122450","3","4","6","04","11","7","1","0","0","1","1","0"
"POINT (10.032972665000045 53.546010842000044)","Unfall 122451 (2017) Kat:3, Licht: 0","122451","3","6","2","05","09","5","1","0","0","1","0","0"
"POINT (10.039077040000052 53.559325451000063)","Unfall 122452 (2017) Kat:3, Licht: 2","122452","3","2","4","05","00","5","0","2","0","1","0","0"
"POINT (9.884052314000030 53.475930303000041)","Unfall 122453 (2017) Kat:3, Licht: 0","122453","3","7","1","04","11","7","1","0","0","1","0","0"
"POINT (10.098525894000034 53.642884747000039)","Unfall 122454 (2017) Kat:3, Licht: 0","122454","3","6","2","05","07","5","1","0","0","1","0","0"
"POINT (10.006586387000027 53.631080832000066)","Unfall 122455 (2017) Kat:3, Licht: 2","122455","3","3","0","05","22","5","1","2","0","1","0","0"
"POINT (9.863190535000058 53.476819705000082)","Unfall 122456 (2017) Kat:3, Licht: 0","122456","3","6","3","04","14","7","1","0","0","1","0","0"
"POINT (10.002444337000043 53.618604442000048)","Unfall 122457 (2017) Kat:3, Licht: 0","122457","3","3","5","05","08","5","1","0","1","1","0","0"
"POINT (10.022082585000021 53.584338145000061)","Unfall 122458 (2017) Kat:3, Licht: 0","122458","3","3","5","05","07","5","1","0","0","1","0","0"
"POINT (9.897896954000032 53.612342127000034)","Unfall 122459 (2017) Kat:3, Licht: 0","122459","3","1","1","05","14","5","0","0","0","1","0","0"
"POINT (9.913248235000026 53.633983117000071)","Unfall 122460 (2017) Kat:3, Licht: 0","122460","3","6","2","05","12","5","0","0","0","1","0","0"
"POINT (9.939441755000075 53.553668160000029)","Unfall 122461 (2017) Kat:3, Licht: 0","122461","3","2","5","05","15","5","0","0","1","1","0","0"
"POINT (9.933772951000037 53.546461838000027)","Unfall 122462 (2017) Kat:3, Licht: 0","122462","3","6","2","05","09","5","1","0","0","1","0","0"
"POINT (9.994192507000037 53.558881648000067)","Unfall 122463 (2017) Kat:3, Licht: 2","122463","3","6","4","05","20","5","1","2","1","0","0","0"
"POINT (9.982328638000070 53.564187892000064)","Unfall 122464 (2017) Kat:3, Licht: 0","122464","3","7","0","05","09","5","1","0","1","0","0","0"
"POINT (9.965592700000059 53.565373068000042)","Unfall 122465 (2017) Kat:3, Licht: 0","122465","3","2","5","05","16","5","0","0","1","1","0","0"
"POINT (10.000544674000025 53.555404166000073)","Unfall 122466 (2017) Kat:1, Licht: 2","122466","1","1","4","05","04","5","0","2","0","1","0","0"
"POINT (9.998427828000047 53.550744829000053)","Unfall 122467 (2017) Kat:3, Licht: 0","122467","3","4","6","05","13","5","0","0","0","0","1","0"
"POINT (9.913461532000042 53.512428355000054)","Unfall 122468 (2017) Kat:3, Licht: 0","122468","3","6","1","05","15","4","0","0","0","1","0","0"
"POINT (10.209301399000026 53.489823837000074)","Unfall 122469 (2017) Kat:3, Licht: 0","122469","3","6","3","05","11","4","0","0","1","0","0","0"
"POINT (10.079357719000029 53.554787093000073)","Unfall 122470 (2017) Kat:3, Licht: 0","122470","3","6","2","05","14","4","0","0","0","1","0","0"
"POINT (10.154392998000048 53.630467873000043)","Unfall 122471 (2017) Kat:3, Licht: 0","122471","3","2","5","05","11","4","0","0","0","1","0","0"
"POINT (10.149722481000026 53.619600913000056)","Unfall 122472 (2017) Kat:3, Licht: 0","122472","3","7","5","05","12","4","0","0","1","1","0","0"
"POINT (9.986972084000058 53.512814633000062)","Unfall 122473 (2017) Kat:2, Licht: 0","122473","2","4","6","04","15","7","1","0","0","1","1","0"
"POINT (10.019855616000029 53.488817971000060)","Unfall 122474 (2017) Kat:3, Licht: 0","122474","3","6","2","04","12","7","0","0","0","1","0","0"
"POINT (10.212252083000067 53.490840150000054)","Unfall 122475 (2017) Kat:3, Licht: 0","122475","3","7","6","04","17","7","1","0","0","0","1","0"
"POINT (10.075847783000029 53.566836692000038)","Unfall 122476 (2017) Kat:3, Licht: 0","122476","3","6","2","05","15","4","0","0","0","1","0","0"
"POINT (10.185316887000056 53.486924711000029)","Unfall 122477 (2017) Kat:3, Licht: 2","122477","3","1","8","04","02","7","1","2","0","1","0","0"
"POINT (10.076092668000058 53.589336555000045)","Unfall 122478 (2017) Kat:3, Licht: 0","122478","3","3","5","05","12","4","0","0","1","1","0","0"
"POINT (10.078207347000046 53.587017257000070)","Unfall 122479 (2017) Kat:3, Licht: 0","122479","3","3","5","04","14","7","1","0","1","1","0","0"
"POINT (10.097101227000053 53.641549455000074)","Unfall 122480 (2017) Kat:3, Licht: 0","122480","3","6","1","04","17","7","0","0","0","1","0","0"
"POINT (10.033788341000047 53.607920581000030)","Unfall 122481 (2017) Kat:3, Licht: 0","122481","3","3","5","05","17","1","0","0","0","1","0","0"
"POINT (10.122675657000059 53.644649055000059)","Unfall 122482 (2017) Kat:3, Licht: 0","122482","3","2","4","05","08","4","0","0","1","0","0","0"
"POINT (10.030969548000030 53.678438497000059)","Unfall 122483 (2017) Kat:3, Licht: 0","122483","3","3","4","05","15","4","0","0","1","1","0","0"
"POINT (10.009085780000021 53.599687404000065)","Unfall 122484 (2017) Kat:3, Licht: 0","122484","3","7","0","05","17","4","0","0","1","1","0","0"
"POINT (9.908028399000045 53.606208264000031)","Unfall 122485 (2017) Kat:3, Licht: 0","122485","3","7","0","05","15","4","0","0","0","1","0","0"
"POINT (9.917908724000029 53.599320100000057)","Unfall 122486 (2017) Kat:3, Licht: 0","122486","3","3","5","05","09","4","0","0","1","1","0","0"
"POINT (9.990352593000068 53.589356107000071)","Unfall 122487 (2017) Kat:3, Licht: 0","122487","3","7","0","05","18","4","0","0","1","0","0","0"
"POINT (9.958532860000048 53.574786393000068)","Unfall 122488 (2017) Kat:3, Licht: 0","122488","3","7","0","05","16","4","0","0","0","1","0","1"
"POINT (9.973451591000071 53.598370430000045)","Unfall 122489 (2017) Kat:3, Licht: 0","122489","3","3","5","05","13","4","0","0","0","1","0","0"
"POINT (9.982526187000076 53.588203798000052)","Unfall 122490 (2017) Kat:3, Licht: 0","122490","3","6","3","04","13","7","1","0","0","1","0","0"
"POINT (9.950276924000036 53.556315427000072)","Unfall 122491 (2017) Kat:3, Licht: 0","122491","3","6","1","04","15","7","1","0","0","1","0","0"
"POINT (9.989915086000053 53.562826741000038)","Unfall 122492 (2017) Kat:3, Licht: 0","122492","3","7","6","04","13","7","0","0","0","1","1","0"
"POINT (9.978866271000072 53.580924648000064)","Unfall 122493 (2017) Kat:3, Licht: 0","122493","3","2","4","05","08","4","0","0","1","1","0","0"
"POINT (9.957765791000043 53.600015459000076)","Unfall 122494 (2017) Kat:3, Licht: 0","122494","3","6","2","05","18","4","0","0","1","1","0","0"
"POINT (9.950654393000036 53.565675830000032)","Unfall 122495 (2017) Kat:3, Licht: 0","122495","3","6","2","05","15","4","0","0","0","1","0","0"
"POINT (9.943630404000032 53.563239681000027)","Unfall 122496 (2017) Kat:3, Licht: 0","122496","3","6","3","05","13","4","0","0","0","1","0","0"
"POINT (9.992991493000034 53.574664410000082)","Unfall 122497 (2017) Kat:3, Licht: 0","122497","3","6","1","05","15","4","0","0","0","1","0","0"
"POINT (9.977397670000073 53.574462769000036)","Unfall 122498 (2017) Kat:3, Licht: 0","122498","3","3","5","05","18","4","0","0","1","1","0","0"
"POINT (9.962920355000051 53.560892066000065)","Unfall 122499 (2017) Kat:3, Licht: 0","122499","3","5","1","05","18","4","0","0","1","1","0","0"
"POINT (9.973234131000027 53.574300870000059)","Unfall 122500 (2017) Kat:3, Licht: 0","122500","3","2","4","04","09","7","0","0","0","1","0","0"
"POINT (10.192654582000046 53.489227133000043)","Unfall 122501 (2017) Kat:3, Licht: 2","122501","3","4","6","04","21","6","1","2","0","1","1","0"
"POINT (10.099175220000063 53.541053751000049)","Unfall 122502 (2017) Kat:3, Licht: 2","122502","3","7","3","04","20","6","1","2","0","1","0","0"
"POINT (10.138552720000064 53.593032652000034)","Unfall 122503 (2017) Kat:3, Licht: 0","122503","3","3","5","04","17","6","1","0","0","1","0","0"
"POINT (9.962654776000022 53.549235411000041)","Unfall 122504 (2017) Kat:3, Licht: 0","122504","3","7","0","05","17","4","0","0","1","0","0","0"
"POINT (9.987757400000021 53.556512324000039)","Unfall 122505 (2017) Kat:3, Licht: 0","122505","3","3","5","05","15","4","0","0","1","1","0","0"
"POINT (10.006572968000057 53.554829026000050)","Unfall 122506 (2017) Kat:3, Licht: 0","122506","3","7","6","05","16","4","0","0","0","1","1","0"
"POINT (10.016347741000061 53.555520900000033)","Unfall 122507 (2017) Kat:3, Licht: 0","122507","3","3","5","05","11","4","0","0","1","1","0","0"
"POINT (10.054537199000038 53.609937868000031)","Unfall 122508 (2017) Kat:3, Licht: 1","122508","3","6","2","04","20","6","1","1","0","1","0","0"
"POINT (10.177919986000063 53.485263698000040)","Unfall 122509 (2017) Kat:3, Licht: 0","122509","3","3","5","05","07","3","0","0","1","1","0","0"
"POINT (10.027538997000022 53.570136732000037)","Unfall 122510 (2017) Kat:2, Licht: 2","122510","2","4","6","04","20","6","1","2","0","1","1","0"
"POINT (10.149882096000056 53.527981189000059)","Unfall 122511 (2017) Kat:3, Licht: 0","122511","3","6","2","05","16","3","1","0","0","1","0","0"
"POINT (10.042321645000072 53.555364722000036)","Unfall 122512 (2017) Kat:3, Licht: 0","122512","3","3","0","05","16","3","1","0","1","1","0","0"
"POINT (10.054400651000037 53.559316527000078)","Unfall 122513 (2017) Kat:2, Licht: 0","122513","2","4","6","05","17","3","1","0","0","1","1","0"
"POINT (10.119488196000077 53.604320816000040)","Unfall 122514 (2017) Kat:3, Licht: 0","122514","3","6","1","05","18","3","1","0","0","1","0","0"
"POINT (10.135787285000049 53.573128777000079)","Unfall 122515 (2017) Kat:3, Licht: 0","122515","3","4","6","05","17","3","1","0","0","1","1","0"
"POINT (10.066720068000052 53.573514046000071)","Unfall 122516 (2017) Kat:3, Licht: 0","122516","3","4","6","05","18","3","0","0","1","0","1","0"
"POINT (10.074740931000065 53.574742936000064)","Unfall 122517 (2017) Kat:2, Licht: 0","122517","2","2","3","05","06","3","0","0","1","0","0","0"
"POINT (10.071633631000054 53.597554950000074)","Unfall 122518 (2017) Kat:3, Licht: 0","122518","3","3","6","05","19","3","0","0","1","0","1","0"
"POINT (9.918815561000031 53.573290576000034)","Unfall 122519 (2017) Kat:3, Licht: 0","122519","3","3","5","05","18","2","0","0","0","1","0","0"
"POINT (10.070438736000028 53.604518476000067)","Unfall 122520 (2017) Kat:3, Licht: 0","122520","3","2","5","05","17","3","1","0","1","1","0","0"
"POINT (10.028215589000069 53.618004758000041)","Unfall 122521 (2017) Kat:3, Licht: 0","122521","3","3","6","05","12","3","0","0","1","0","1","0"
"POINT (10.002945574000023 53.586876693000079)","Unfall 122522 (2017) Kat:3, Licht: 0","122522","3","7","0","05","09","3","0","0","1","0","0","0"
"POINT (10.023571446000062 53.558192232000067)","Unfall 122523 (2017) Kat:3, Licht: 2","122523","3","2","5","05","21","3","1","2","1","1","0","0"
"POINT (10.030453489000024 53.583984872000030)","Unfall 122524 (2017) Kat:3, Licht: 0","122524","3","3","5","05","13","3","0","0","1","1","0","0"
"POINT (10.016748910000047 53.562192929000048)","Unfall 122525 (2017) Kat:3, Licht: 0","122525","3","2","5","05","08","3","0","0","1","1","0","0"
"POINT (9.900061354000059 53.610798458000033)","Unfall 122526 (2017) Kat:3, Licht: 0","122526","3","6","3","05","06","3","0","0","0","1","0","1"
"POINT (9.942312100000038 53.577158052000073)","Unfall 122527 (2017) Kat:3, Licht: 0","122527","3","5","6","05","17","3","1","0","0","1","1","0"
"POINT (9.944297106000022 53.572975387000042)","Unfall 122528 (2017) Kat:3, Licht: 0","122528","3","3","5","05","07","3","0","0","1","1","0","0"
"POINT (9.978496809000035 53.571181611000043)","Unfall 122529 (2017) Kat:3, Licht: 0","122529","3","3","5","05","18","3","1","0","1","1","0","0"
"POINT (9.989281581000057 53.558299450000050)","Unfall 122530 (2017) Kat:3, Licht: 2","122530","3","2","4","05","21","3","1","2","0","1","0","0"
"POINT (10.007777528000076 53.558785488000069)","Unfall 122531 (2017) Kat:3, Licht: 0","122531","3","4","6","05","18","3","0","0","1","0","1","0"
"POINT (9.887246496000046 53.599233376000029)","Unfall 122532 (2017) Kat:3, Licht: 0","122532","3","6","2","05","14","2","0","0","0","1","0","1"
"POINT (9.926570214000037 53.546445849000065)","Unfall 122533 (2017) Kat:3, Licht: 0","122533","3","7","0","05","13","2","0","0","1","0","1","0"
"POINT (9.972739496000031 53.547626110000067)","Unfall 122534 (2017) Kat:3, Licht: 0","122534","3","4","6","05","12","2","0","0","0","0","1","0"
"POINT (9.872672380000040 53.477095691000045)","Unfall 122535 (2017) Kat:3, Licht: 0","122535","3","3","5","04","11","5","1","0","1","1","0","0"
"POINT (9.984858827000039 53.456970523000052)","Unfall 122536 (2017) Kat:3, Licht: 0","122536","3","2","3","04","19","5","0","0","1","1","0","0"
"POINT (10.206533261000061 53.492498754000053)","Unfall 122537 (2017) Kat:3, Licht: 0","122537","3","1","1","04","15","5","0","0","0","1","0","0"
"POINT (10.192825325000058 53.503283320000037)","Unfall 122538 (2017) Kat:3, Licht: 0","122538","3","3","5","04","11","5","0","0","1","1","0","0"
"POINT (9.981446175000031 53.554620747000058)","Unfall 122539 (2017) Kat:2, Licht: 0","122539","2","6","6","05","16","2","0","0","1","0","1","0"
"POINT (10.214865506000024 53.451080249000029)","Unfall 122540 (2017) Kat:2, Licht: 0","122540","2","5","1","04","11","5","0","0","1","0","0","0"
"POINT (10.085406872000021 53.551309424000067)","Unfall 122541 (2017) Kat:3, Licht: 0","122541","3","3","5","04","18","5","1","0","0","1","0","0"
"POINT (9.899998506000031 53.503933783000036)","Unfall 122542 (2017) Kat:3, Licht: 0","122542","3","2","3","04","14","1","0","0","0","0","0","1"
"POINT (9.894959171000039 53.499372414000050)","Unfall 122543 (2017) Kat:2, Licht: 0","122543","2","1","8","04","13","1","0","0","0","1","0","1"
"POINT (10.019334036000032 53.434880747000079)","Unfall 122544 (2017) Kat:3, Licht: 0","122544","3","6","2","04","13","1","0","0","1","0","0","1"
"POINT (10.166910331000054 53.589989544000048)","Unfall 122545 (2017) Kat:3, Licht: 0","122545","3","7","9","04","05","1","0","0","0","1","0","0"
"POINT (9.923453055000039 53.610246875000030)","Unfall 122546 (2017) Kat:3, Licht: 0","122546","3","7","3","04","12","1","0","0","0","1","0","0"
"POINT (9.867928449000033 53.547908867000046)","Unfall 122547 (2017) Kat:3, Licht: 0","122547","3","6","2","04","09","1","0","0","0","1","0","0"
"POINT (10.216639257000054 53.504308818000027)","Unfall 122548 (2017) Kat:3, Licht: 0","122548","3","3","6","04","12","7","0","0","0","1","1","0"
"POINT (10.142395854000029 53.605310369000051)","Unfall 122549 (2017) Kat:3, Licht: 0","122549","3","5","1","04","16","7","0","0","0","1","0","0"
"POINT (10.069752039000036 53.579491576000066)","Unfall 122550 (2017) Kat:3, Licht: 0","122550","3","2","5","04","08","7","0","0","0","1","0","0"
"POINT (10.075016703000074 53.612597089000076)","Unfall 122551 (2017) Kat:3, Licht: 0","122551","3","6","2","04","15","7","0","0","0","1","0","0"
"POINT (10.089586947000043 53.607379744000070)","Unfall 122552 (2017) Kat:2, Licht: 0","122552","2","4","6","04","17","7","0","0","0","1","1","0"
"POINT (10.102013318000047 53.528329655000050)","Unfall 122553 (2017) Kat:3, Licht: 0","122553","3","1","0","04","14","5","0","0","0","0","0","1"
"POINT (10.086891368000067 53.652910395000049)","Unfall 122554 (2017) Kat:3, Licht: 0","122554","3","7","0","04","09","7","1","0","0","0","0","1"
"POINT (10.030356734000065 53.619161625000061)","Unfall 122555 (2017) Kat:3, Licht: 0","122555","3","2","2","04","10","7","0","0","0","1","0","0"