WKT,Name,OBJECTID,UKATEGORIE,UTYP1,UART,UMONAT,USTUNDE,UWOCHENTAG,STRZUSTAND,ULICHTVERH,ISTRAD,ISTPKW,ISTFUSS,ISTKRAD
"POINT (10.100109549000024 53.585728663000054)","Unfall 122556 (2017) Kat:2, Licht: 0","122556","2","5","1","04","14","5","0","0","0","1","0","1"
"POINT (10.040018599000064 53.569115262000082)","Unfall 122557 (2017) Kat:3, Licht: 0","122557","3","2","5","04","17","7","1","0","0","1","0","0"
"POINT (10.041943961000072 53.645190572000047)","Unfall 122558 (2017) Kat:3, Licht: 0","122558","3","6","2","04","10","5","0","0","0","1","0","0"
"POINT (10.033468219000042 53.563264963000051)","Unfall 122559 (2017) Kat:3, Licht: 0","122559","3","4","6","04","08","7","1","0","0","1","1","0"
"POINT (10.012086318000058 53.574374893000027)","Unfall 122560 (2017) Kat:3, Licht: 0","122560","3","2","3","04","08","7","1","0","0","1","0","0"
"POINT (9.751254515000028 53.573577212000032)","Unfall 122561 (2017) Kat:3, Licht: 0","122561","3","5","1","04","16","7","0","0","0","1","0","0"
"POINT (9.893351777000021 53.573290736000047)","Unfall 122562 (2017) Kat:3, Licht: 0","122562","3","6","2","04","08","7","0","0","0","1","0","0"
"POINT (9.954766466000024 53.581563497000047)","Unfall 122563 (2017) Kat:3, Licht: 0","122563","3","2","4","04","13","7","0","0","0","1","0","0"
"POINT (10.004792794000025 53.557737909000082)","Unfall 122564 (2017) Kat:3, Licht: 0","122564","3","6","1","04","15","7","1","0","0","1","0","0"
"POINT (9.913195317000032 53.512493396000082)","Unfall 122565 (2017) Kat:3, Licht: 0","122565","3","6","2","04","16","6","0","0","0","1","0","0"
"POINT (10.019356510000023 53.550075231000051)","Unfall 122566 (2017) Kat:3, Licht: 0","122566","3","2","5","05","13","1","0","0","1","1","0","0"
"POINT (9.976892466000038 53.460370701000045)","Unfall 122567 (2017) Kat:3, Licht: 0","122567","3","6","2","04","12","6","0","0","0","1","0","0"
"POINT (9.994184299000040 53.465936599000031)","Unfall 122568 (2017) Kat:3, Licht: 0","122568","3","6","2","04","12","6","1","0","0","1","0","0"
"POINT (10.181510112000069 53.488558147000049)","Unfall 122569 (2017) Kat:3, Licht: 0","122569","3","4","6","04","07","6","0","0","0","0","1","0"
"POINT (10.180985356000065 53.486221062000027)","Unfall 122570 (2017) Kat:3, Licht: 0","122570","3","4","6","04","07","6","0","0","0","1","1","0"
"POINT (10.098384565000060 53.536046647000035)","Unfall 122571 (2017) Kat:3, Licht: 0","122571","3","3","5","04","16","6","1","0","0","0","0","0"
"POINT (10.108578035000050 53.547178901000052)","Unfall 122572 (2017) Kat:3, Licht: 0","122572","3","2","2","04","16","6","1","0","0","1","0","1"
"POINT (10.097871008000027 53.541660236000041)","Unfall 122573 (2017) Kat:3, Licht: 0","122573","3","5","1","04","17","6","1","0","0","1","0","0"
"POINT (10.000692622000031 53.678348626000059)","Unfall 122574 (2017) Kat:3, Licht: 0","122574","3","4","6","04","13","5","1","0","0","1","1","0"
"POINT (9.991690245000029 53.649102060000075)","Unfall 122575 (2017) Kat:3, Licht: 0","122575","3","5","3","04","16","5","0","0","0","1","0","0"
"POINT (9.993035389000056 53.599155127000074)","Unfall 122576 (2017) Kat:3, Licht: 0","122576","3","3","5","04","08","5","0","0","0","1","0","0"
"POINT (10.059000562000051 53.550558746000036)","Unfall 122577 (2017) Kat:3, Licht: 0","122577","3","2","4","04","16","6","0","0","1","1","0","0"
"POINT (10.054968196000061 53.555456322000055)","Unfall 122578 (2017) Kat:3, Licht: 0","122578","3","6","2","04","12","6","1","0","0","1","0","0"
"POINT (10.031421749000060 53.596076013000072)","Unfall 122579 (2017) Kat:3, Licht: 0","122579","3","6","2","04","08","5","1","0","0","1","0","0"
"POINT (10.125344803000075 53.584155436000060)","Unfall 122580 (2017) Kat:3, Licht: 0","122580","3","3","5","04","07","6","0","0","1","1","0","0"
"POINT (10.042388748000064 53.565378517000056)","Unfall 122581 (2017) Kat:3, Licht: 0","122581","3","3","5","04","17","5","1","0","0","1","0","0"
"POINT (10.075931880000041 53.579398443000059)","Unfall 122582 (2017) Kat:3, Licht: 0","122582","3","6","1","04","12","6","1","0","0","1","0","0"
"POINT (10.063344638000046 53.608659119000038)","Unfall 122583 (2017) Kat:3, Licht: 2","122583","3","7","6","04","21","6","1","2","1","0","1","0"
"POINT (10.098090282000044 53.616052092000075)","Unfall 122584 (2017) Kat:3, Licht: 0","122584","3","5","1","04","13","6","0","0","1","0","0","0"
"POINT (10.056122776000052 53.646986621000053)","Unfall 122585 (2017) Kat:3, Licht: 0","122585","3","6","2","04","12","6","0","0","0","1","0","0"
"POINT (10.106127888000060 53.644583605000037)","Unfall 122586 (2017) Kat:3, Licht: 0","122586","3","3","5","04","12","6","0","0","0","1","0","1"
"POINT (10.002969387000064 53.648727909000058)","Unfall 122587 (2017) Kat:3, Licht: 0","122587","3","3","5","04","16","6","1","0","1","1","0","0"
"POINT (10.032180218000065 53.580015585000069)","Unfall 122588 (2017) Kat:3, Licht: 2","122588","3","1","9","04","23","6","1","2","0","1","0","0"
"POINT (9.878003804000059 53.586667738000074)","Unfall 122589 (2017) Kat:3, Licht: 0","122589","3","6","1","04","06","6","0","0","0","1","0","0"
"POINT (9.952732160000039 53.554236660000072)","Unfall 122590 (2017) Kat:3, Licht: 2","122590","3","6","2","04","20","6","1","2","0","1","0","0"
"POINT (9.929420856000036 53.553803484000071)","Unfall 122591 (2017) Kat:3, Licht: 0","122591","3","5","1","04","15","6","0","0","1","1","0","0"
"POINT (9.938786542000059 53.553573192000044)","Unfall 122592 (2017) Kat:3, Licht: 0","122592","3","7","0","04","08","6","0","0","1","0","0","0"
"POINT (10.010522164000065 53.576793601000077)","Unfall 122593 (2017) Kat:3, Licht: 0","122593","3","2","3","05","10","2","1","0","0","1","0","0"
"POINT (9.970751196000038 53.567723520000072)","Unfall 122594 (2017) Kat:2, Licht: 0","122594","2","4","6","04","07","6","0","0","0","1","1","0"
"POINT (10.007550034000076 53.551974040000061)","Unfall 122595 (2017) Kat:3, Licht: 1","122595","3","6","6","04","20","6","1","1","1","0","1","0"
"POINT (9.865533364000044 53.596930414000042)","Unfall 122596 (2017) Kat:3, Licht: 0","122596","3","6","2","04","11","5","1","0","0","1","0","0"
"POINT (9.908294850000061 53.591517715000066)","Unfall 122597 (2017) Kat:3, Licht: 0","122597","3","2","4","04","10","5","0","0","0","1","0","0"
"POINT (10.179505359000075 53.486353343000076)","Unfall 122598 (2017) Kat:3, Licht: 0","122598","3","7","0","04","12","5","0","0","1","0","0","0"
"POINT (9.951589666000075 53.575955710000073)","Unfall 122599 (2017) Kat:3, Licht: 0","122599","3","5","1","04","17","5","1","0","1","1","0","0"
"POINT (9.956318676000024 53.586350791000029)","Unfall 122600 (2017) Kat:3, Licht: 0","122600","3","6","0","04","17","5","0","0","1","1","0","0"
"POINT (9.965397172000053 53.585113650000039)","Unfall 122601 (2017) Kat:3, Licht: 0","122601","3","3","5","04","06","5","0","0","1","1","0","0"
"POINT (9.951050811000073 53.544982180000034)","Unfall 122602 (2017) Kat:3, Licht: 0","122602","3","7","0","04","10","5","1","0","0","1","0","1"
"POINT (9.985774837000065 53.551356416000033)","Unfall 122603 (2017) Kat:3, Licht: 0","122603","3","2","0","04","11","5","1","0","1","1","0","0"
"POINT (10.080580981000026 53.560402267000029)","Unfall 122604 (2017) Kat:3, Licht: 0","122604","3","6","6","04","17","5","0","0","1","0","1","0"
"POINT (10.018254970000044 53.548696803000041)","Unfall 122605 (2017) Kat:3, Licht: 0","122605","3","6","2","04","16","5","0","0","0","1","0","0"
"POINT (10.038511358000051 53.534659510000040)","Unfall 122606 (2017) Kat:3, Licht: 0","122606","3","6","1","04","15","5","0","0","0","1","0","0"
"POINT (10.066176578000068 53.528896819000067)","Unfall 122607 (2017) Kat:3, Licht: 0","122607","3","7","0","04","18","5","0","0","1","0","0","0"
"POINT (10.121851811000056 53.609082851000039)","Unfall 122608 (2017) Kat:3, Licht: 0","122608","3","6","4","04","16","5","1","0","1","0","0","0"
"POINT (10.105358422000052 53.570460237000077)","Unfall 122609 (2017) Kat:3, Licht: 0","122609","3","3","5","04","12","5","0","0","0","1","0","0"
"POINT (10.059278326000026 53.573292614000081)","Unfall 122610 (2017) Kat:3, Licht: 0","122610","3","3","5","04","11","5","0","0","1","0","0","0"
"POINT (10.091333948000056 53.568734942000049)","Unfall 122611 (2017) Kat:3, Licht: 0","122611","3","3","5","04","18","5","0","0","0","1","0","0"
"POINT (10.076592577000042 53.592123052000034)","Unfall 122612 (2017) Kat:3, Licht: 0","122612","3","7","6","04","12","5","0","0","0","1","1","0"
"POINT (10.049483380000027 53.634288923000042)","Unfall 122613 (2017) Kat:3, Licht: 0","122613","3","6","2","04","18","5","0","0","0","1","0","0"
"POINT (10.006534415000033 53.650224636000075)","Unfall 122614 (2017) Kat:3, Licht: 0","122614","3","7","7","04","10","5","0","0","0","1","0","0"
"POINT (10.000769961000060 53.516856132000044)","Unfall 122615 (2017) Kat:3, Licht: 0","122615","3","3","5","05","16","1","0","0","1","1","0","0"
"POINT (9.892556939000031 53.573660496000059)","Unfall 122616 (2017) Kat:3, Licht: 0","122616","3","3","6","04","07","5","0","0","0","0","1","0"
"POINT (9.947704108000039 53.599085282000033)","Unfall 122617 (2017) Kat:3, Licht: 0","122617","3","6","1","04","08","5","0","0","0","1","0","0"
"POINT (9.942351198000040 53.555245789000082)","Unfall 122618 (2017) Kat:3, Licht: 1","122618","3","6","3","04","19","5","0","1","0","1","0","0"
"POINT (9.952455252000050 53.545280548000051)","Unfall 122619 (2017) Kat:3, Licht: 0","122619","3","2","3","04","09","5","0","0","1","1","0","0"
"POINT (10.011024514000042 53.554874874000063)","Unfall 122620 (2017) Kat:3, Licht: 0","122620","3","3","5","04","17","5","0","0","1","0","0","0"
"POINT (9.991433776000065 53.484143054000072)","Unfall 122621 (2017) Kat:3, Licht: 0","122621","3","6","2","04","10","4","0","0","0","1","0","0"
"POINT (10.216373591000036 53.485841176000065)","Unfall 122622 (2017) Kat:3, Licht: 0","122622","3","3","5","04","20","4","0","0","1","1","0","0"
"POINT (10.177832847000047 53.476442854000027)","Unfall 122623 (2017) Kat:3, Licht: 0","122623","3","7","8","04","07","4","0","0","0","1","0","0"
"POINT (10.150002080000036 53.619133793000060)","Unfall 122624 (2017) Kat:3, Licht: 0","122624","3","2","3","04","16","4","0","0","0","1","0","0"
"POINT (10.101893041000039 53.583250033000070)","Unfall 122625 (2017) Kat:3, Licht: 0","122625","3","7","2","04","09","4","0","0","0","1","0","0"
"POINT (9.960276064000027 53.549457242000074)","Unfall 122626 (2017) Kat:3, Licht: 0","122626","3","6","2","05","07","2","0","0","0","1","0","0"
"POINT (10.141595755000026 53.584790189000046)","Unfall 122627 (2017) Kat:3, Licht: 0","122627","3","6","2","04","08","4","0","0","1","0","0","0"
"POINT (10.118476752000049 53.571013490000041)","Unfall 122628 (2017) Kat:3, Licht: 0","122628","3","4","0","04","07","4","0","0","0","0","1","0"
"POINT (10.070334798000033 53.579514612000082)","Unfall 122629 (2017) Kat:3, Licht: 0","122629","3","3","5","04","17","4","0","0","0","1","0","0"
"POINT (10.006619621000027 53.626787275000027)","Unfall 122630 (2017) Kat:3, Licht: 0","122630","3","3","6","04","12","4","1","0","0","1","1","0"
"POINT (10.012700056000028 53.650473733000069)","Unfall 122631 (2017) Kat:3, Licht: 0","122631","3","6","6","04","07","4","0","0","1","0","1","0"
"POINT (9.999669378000021 53.556123508000042)","Unfall 122632 (2017) Kat:3, Licht: 0","122632","3","6","3","04","14","5","1","0","0","1","0","0"
"POINT (10.007010276000074 53.551901834000034)","Unfall 122633 (2017) Kat:3, Licht: 0","122633","3","7","0","04","11","5","1","0","0","0","0","0"
"POINT (10.055803017000073 53.591404662000059)","Unfall 122634 (2017) Kat:3, Licht: 0","122634","3","3","5","04","16","4","0","0","0","1","0","0"
"POINT (10.052725581000061 53.579240729000048)","Unfall 122635 (2017) Kat:3, Licht: 0","122635","3","6","2","04","15","4","0","0","0","1","0","0"
"POINT (10.056181180000067 53.591653236000070)","Unfall 122636 (2017) Kat:3, Licht: 0","122636","3","6","1","04","07","4","0","0","0","1","0","0"
"POINT (10.032485796000060 53.563901395000073)","Unfall 122637 (2017) Kat:3, Licht: 0","122637","3","7","0","04","15","4","1","0","0","0","0","1"
"POINT (9.763855609000075 53.580636131000063)","Unfall 122638 (2017) Kat:3, Licht: 1","122638","3","7","0","04","19","4","0","1","0","1","0","1"
"POINT (9.815992343000062 53.566576778000069)","Unfall 122639 (2017) Kat:3, Licht: 0","122639","3","7","0","04","07","4","0","0","0","1","1","0"
"POINT (9.837446973000056 53.574105249000070)","Unfall 122640 (2017) Kat:3, Licht: 0","122640","3","6","2","04","12","4","0","0","0","1","0","0"
"POINT (9.892720021000059 53.568364999000039)","Unfall 122641 (2017) Kat:2, Licht: 0","122641","2","4","6","04","16","4","0","0","0","0","1","0"
"POINT (9.980428921000055 53.606412522000028)","Unfall 122642 (2017) Kat:3, Licht: 0","122642","3","6","1","04","17","4","0","0","0","1","0","0"
"POINT (9.984543813000073 53.564066595000043)","Unfall 122643 (2017) Kat:3, Licht: 0","122643","3","4","6","04","16","4","0","0","0","0","1","0"
"POINT (9.985386056000039 53.583377277000068)","Unfall 122644 (2017) Kat:3, Licht: 0","122644","3","7","6","04","14","4","0","0","0","1","1","0"
"POINT (10.032161667000025 53.579858284000068)","Unfall 122645 (2017) Kat:2, Licht: 0","122645","2","3","5","05","17","1","0","0","0","1","0","0"
"POINT (9.896954780000044 53.515411108000080)","Unfall 122646 (2017) Kat:3, Licht: 0","122646","3","6","2","04","11","4","1","0","0","1","0","1"
"POINT (9.977641507000044 53.574566654000080)","Unfall 122647 (2017) Kat:3, Licht: 0","122647","3","3","3","04","09","4","0","0","1","1","0","0"
"POINT (9.981415209000033 53.519488342000045)","Unfall 122648 (2017) Kat:3, Licht: 0","122648","3","2","5","04","15","4","1","0","0","0","0","0"
"POINT (9.986118005000037 53.573147648000031)","Unfall 122649 (2017) Kat:3, Licht: 0","122649","3","3","5","04","09","4","0","0","1","0","0","0"
"POINT (9.995597249000070 53.550795352000080)","Unfall 122650 (2017) Kat:3, Licht: 0","122650","3","7","0","04","18","4","0","0","0","1","1","0"
"POINT (10.075384531000054 53.548029121000070)","Unfall 122651 (2017) Kat:3, Licht: 0","122651","3","3","5","04","08","3","1","0","1","1","0","0"
"POINT (10.084860773000059 53.554747141000064)","Unfall 122652 (2017) Kat:3, Licht: 0","122652","3","6","2","04","16","3","0","0","0","1","0","0"
"POINT (10.114494227000023 53.624923479000074)","Unfall 122653 (2017) Kat:3, Licht: 0","122653","3","7","0","04","14","3","0","0","0","1","0","0"
"POINT (10.148740135000025 53.585920710000039)","Unfall 122654 (2017) Kat:3, Licht: 0","122654","3","3","5","04","07","3","1","0","0","1","0","0"
"POINT (10.073513154000068 53.572360731000060)","Unfall 122655 (2017) Kat:3, Licht: 0","122655","3","7","0","04","08","3","1","0","1","1","1","0"
"POINT (10.000839938000070 53.589453190000029)","Unfall 122656 (2017) Kat:3, Licht: 0","122656","3","3","5","04","14","3","0","0","1","1","0","0"
"POINT (10.005188791000023 53.582336021000060)","Unfall 122657 (2017) Kat:3, Licht: 0","122657","3","7","5","04","10","3","0","0","0","1","0","0"
"POINT (10.094371138000042 53.638702849000026)","Unfall 122658 (2017) Kat:3, Licht: 0","122658","3","3","1","05","11","1","0","0","1","1","0","0"
"POINT (10.013688807000051 53.599616775000072)","Unfall 122659 (2017) Kat:3, Licht: 0","122659","3","7","0","04","08","3","1","0","1","0","0","0"
"POINT (10.055253574000062 53.574466038000082)","Unfall 122660 (2017) Kat:3, Licht: 0","122660","3","6","3","05","17","2","0","0","0","1","0","0"
"POINT (9.853449046000037 53.563919931000044)","Unfall 122661 (2017) Kat:3, Licht: 0","122661","3","6","4","04","14","3","0","0","0","1","0","1"
"POINT (9.819639466000069 53.566864016000068)","Unfall 122662 (2017) Kat:3, Licht: 0","122662","3","7","0","04","16","3","0","0","0","1","1","0"
"POINT (9.856881818000034 53.572947183000053)","Unfall 122663 (2017) Kat:3, Licht: 0","122663","3","6","6","04","12","3","0","0","1","0","1","0"
"POINT (9.936024555000074 53.547760707000066)","Unfall 122664 (2017) Kat:3, Licht: 0","122664","3","3","5","04","18","3","0","0","0","1","0","0"
"POINT (9.987595828000053 53.562581478000027)","Unfall 122665 (2017) Kat:3, Licht: 0","122665","3","6","2","04","08","3","1","0","0","1","0","0"
"POINT (9.966559598000060 53.545486248000032)","Unfall 122666 (2017) Kat:3, Licht: 0","122666","3","6","6","04","16","3","0","0","0","1","1","0"
"POINT (10.120718146000058 53.561690186000078)","Unfall 122667 (2017) Kat:3, Licht: 0","122667","3","2","3","04","17","4","1","0","1","1","0","0"
"POINT (9.878771402000041 53.532835945000045)","Unfall 122668 (2017) Kat:3, Licht: 0","122668","3","6","1","04","13","2","0","0","0","1","0","0"
"POINT (9.901140823000048 53.511809770000070)","Unfall 122669 (2017) Kat:2, Licht: 0","122669","2","2","4","04","09","2","0","0","0","1","0","0"
"POINT (10.161120877000030 53.625938912000038)","Unfall 122670 (2017) Kat:2, Licht: 0","122670","2","4","6","04","08","4","1","0","0","1","1","0"
"POINT (10.119794333000073 53.606370576000074)","Unfall 122671 (2017) Kat:3, Licht: 0","122671","3","2","5","04","10","4","1","0","0","1","0","0"
"POINT (9.956629402000033 53.459159108000051)","Unfall 122672 (2017) Kat:3, Licht: 0","122672","3","6","2","04","18","2","1","0","0","1","0","0"
"POINT (10.186812845000077 53.490559666000081)","Unfall 122673 (2017) Kat:3, Licht: 0","122673","3","3","5","04","15","2","0","0","1","1","0","0"
"POINT (10.054003820000048 53.605097170000079)","Unfall 122674 (2017) Kat:3, Licht: 2","122674","3","7","0","04","22","2","1","2","1","0","0","0"
"POINT (10.067613214000062 53.608531699000082)","Unfall 122675 (2017) Kat:3, Licht: 0","122675","3","2","4","04","17","2","1","0","0","1","0","0"
"POINT (10.043642675000058 53.595598875000064)","Unfall 122676 (2017) Kat:3, Licht: 0","122676","3","6","2","04","12","2","0","0","0","1","0","0"
"POINT (10.044273622000048 53.592612257000042)","Unfall 122677 (2017) Kat:2, Licht: 0","122677","2","3","5","04","11","2","0","0","1","1","0","0"
"POINT (9.929125192000072 53.592266292000033)","Unfall 122678 (2017) Kat:3, Licht: 0","122678","3","7","9","04","12","2","0","0","0","1","0","0"
"POINT (9.880767717000026 53.565390475000072)","Unfall 122679 (2017) Kat:3, Licht: 0","122679","3","6","2","04","16","2","0","0","0","1","0","1"
"POINT (9.884668819000069 53.580354369000077)","Unfall 122680 (2017) Kat:3, Licht: 0","122680","3","6","3","04","10","2","0","0","0","1","0","0"
"POINT (9.951905374000035 53.636766791000070)","Unfall 122681 (2017) Kat:3, Licht: 1","122681","3","2","4","04","19","2","1","1","1","1","0","0"
"POINT (9.987241261000065 53.590201619000027)","Unfall 122682 (2017) Kat:3, Licht: 0","122682","3","2","4","04","14","2","0","0","1","1","0","0"
"POINT (9.895370825000043 53.565834987000073)","Unfall 122683 (2017) Kat:3, Licht: 0","122683","3","2","2","05","11","2","0","0","0","1","0","0"
"POINT (9.949639239000021 53.556606624000040)","Unfall 122684 (2017) Kat:3, Licht: 0","122684","3","7","0","04","17","2","1","0","1","1","0","0"
"POINT (9.965605907000054 53.565379587000052)","Unfall 122685 (2017) Kat:2, Licht: 0","122685","2","2","4","04","17","2","1","0","0","1","0","0"
"POINT (10.023473272000047 53.526913789000048)","Unfall 122686 (2017) Kat:3, Licht: 0","122686","3","6","0","04","07","1","1","0","0","1","0","0"
"POINT (10.035540748000074 53.551201428000070)","Unfall 122687 (2017) Kat:3, Licht: 2","122687","3","1","8","04","03","1","1","2","0","1","0","0"
"POINT (10.067692963000070 53.582440174000055)","Unfall 122688 (2017) Kat:3, Licht: 0","122688","3","6","2","04","17","4","1","0","0","1","0","0"
"POINT (10.078523746000030 53.584849317000078)","Unfall 122689 (2017) Kat:3, Licht: 0","122689","3","2","4","04","12","4","1","0","0","1","0","0"
"POINT (10.057529056000021 53.607757757000059)","Unfall 122690 (2017) Kat:3, Licht: 0","122690","3","3","5","04","18","4","1","0","1","1","0","0"
"POINT (10.093437790000053 53.568651210000041)","Unfall 122691 (2017) Kat:3, Licht: 0","122691","3","3","1","04","14","1","1","0","0","1","0","0"
"POINT (10.078766814000062 53.584926031000066)","Unfall 122692 (2017) Kat:3, Licht: 0","122692","3","4","6","04","09","1","1","0","0","1","1","0"
"POINT (10.062287750000053 53.608646254000064)","Unfall 122693 (2017) Kat:3, Licht: 0","122693","3","7","1","04","15","4","1","0","0","1","0","0"
"POINT (10.018760124000039 53.640203773000053)","Unfall 122694 (2017) Kat:2, Licht: 2","122694","2","6","6","04","00","1","0","2","1","0","1","0"
"POINT (9.855942554000023 53.575783878000038)","Unfall 122695 (2017) Kat:3, Licht: 0","122695","3","3","5","04","19","1","0","0","1","1","0","0"
"POINT (9.887265020000029 53.594317345000036)","Unfall 122696 (2017) Kat:3, Licht: 0","122696","3","7","0","04","15","1","0","0","0","1","0","0"
"POINT (9.974283054000068 53.594280003000051)","Unfall 122697 (2017) Kat:3, Licht: 0","122697","3","3","5","04","12","1","0","0","1","1","0","0"
"POINT (9.989282962000061 53.558299384000065)","Unfall 122698 (2017) Kat:3, Licht: 2","122698","3","2","5","04","02","1","0","2","0","1","0","0"
"POINT (10.011102029000028 53.501886590000026)","Unfall 122699 (2017) Kat:3, Licht: 2","122699","3","5","1","04","01","7","1","2","0","1","0","0"
"POINT (10.167080636000037 53.627976522000040)","Unfall 122700 (2017) Kat:3, Licht: 0","122700","3","3","5","04","14","7","1","0","0","1","0","0"
"POINT (10.117907378000041 53.604561000000047)","Unfall 122701 (2017) Kat:3, Licht: 0","122701","3","6","2","04","12","7","1","0","0","1","0","0"
"POINT (10.146299363000026 53.603458327000055)","Unfall 122702 (2017) Kat:3, Licht: 0","122702","3","3","5","04","15","7","1","0","0","1","0","0"
"POINT (10.071620428000074 53.569787762000033)","Unfall 122703 (2017) Kat:2, Licht: 0","122703","2","5","1","04","14","7","1","0","1","1","0","0"
"POINT (10.061952853000037 53.569048814000041)","Unfall 122704 (2017) Kat:3, Licht: 0","122704","3","2","4","04","15","7","0","0","0","1","0","0"
"POINT (10.076248540000051 53.614674920000027)","Unfall 122705 (2017) Kat:3, Licht: 0","122705","3","6","2","04","13","7","1","0","0","1","0","0"
"POINT (10.048105966000037 53.642547971000056)","Unfall 122706 (2017) Kat:3, Licht: 0","122706","3","6","2","04","10","7","1","0","0","1","0","0"
"POINT (10.147509459000048 53.634788954000044)","Unfall 122707 (2017) Kat:3, Licht: 0","122707","3","7","4","04","10","7","0","0","0","1","0","0"
"POINT (10.039192811000021 53.571701725000082)","Unfall 122708 (2017) Kat:3, Licht: 0","122708","3","6","2","04","14","7","1","0","0","1","0","0"
"POINT (10.028656800000022 53.571200425000029)","Unfall 122709 (2017) Kat:2, Licht: 0","122709","2","3","5","04","14","7","1","0","0","1","0","0"
"POINT (9.867677361000062 53.595819516000063)","Unfall 122710 (2017) Kat:3, Licht: 0","122710","3","3","5","04","12","7","1","0","0","1","0","0"
"POINT (9.949541007000050 53.462749001000077)","Unfall 122711 (2017) Kat:3, Licht: 2","122711","3","2","4","04","21","6","1","2","0","1","0","0"
"POINT (10.089394036000044 53.664256878000060)","Unfall 122712 (2017) Kat:3, Licht: 0","122712","3","6","1","04","17","4","1","0","0","1","0","0"
"POINT (10.025614966000035 53.559901864000039)","Unfall 122713 (2017) Kat:3, Licht: 0","122713","3","4","6","04","10","4","1","0","0","1","1","0"
"POINT (10.067663472000049 53.572298738000029)","Unfall 122714 (2017) Kat:3, Licht: 0","122714","3","7","3","05","14","1","0","0","0","1","0","0"
"POINT (9.981089757000063 53.424501238000062)","Unfall 122715 (2017) Kat:3, Licht: 0","122715","3","7","0","04","08","6","0","0","0","0","0","0"
"POINT (10.205983018000040 53.494913203000067)","Unfall 122716 (2017) Kat:3, Licht: 0","122716","3","6","6","04","12","6","0","0","1","0","1","0"
"POINT (10.210573684000053 53.501638625000055)","Unfall 122717 (2017) Kat:3, Licht: 0","122717","3","2","0","04","16","6","1","0","1","1","0","0"
"POINT (10.011703405000048 53.649081937000062)","Unfall 122718 (2017) Kat:3, Licht: 0","122718","3","6","2","04","06","6","0","0","0","1","0","0"
"POINT (10.042429208000044 53.565355501000056)","Unfall 122719 (2017) Kat:3, Licht: 0","122719","3","3","5","04","15","6","0","0","0","1","0","0"
"POINT (9.894768390000024 53.603945099000043)","Unfall 122720 (2017) Kat:3, Licht: 0","122720","3","6","0","04","07","6","0","0","1","0","0","0"
"POINT (9.841561177000074 53.559702955000034)","Unfall 122721 (2017) Kat:3, Licht: 0","122721","3","3","5","04","07","6","0","0","1","1","0","0"
"POINT (9.866153813000040 53.565797385000053)","Unfall 122722 (2017) Kat:3, Licht: 2","122722","3","3","5","04","05","4","1","2","1","1","0","0"
"POINT (9.916509131000055 53.582296197000062)","Unfall 122723 (2017) Kat:3, Licht: 0","122723","3","2","1","04","13","6","0","0","0","1","0","0"
"POINT (9.941475170000047 53.577901784000062)","Unfall 122724 (2017) Kat:3, Licht: 2","122724","3","3","5","04","20","6","1","2","0","1","0","0"
"POINT (9.904355607000070 53.563055741000028)","Unfall 122725 (2017) Kat:3, Licht: 0","122725","3","3","5","04","13","4","1","0","0","1","0","0"
"POINT (9.957982277000042 53.582912742000076)","Unfall 122726 (2017) Kat:3, Licht: 0","122726","3","7","0","04","17","6","0","0","0","0","0","1"
"POINT (9.946183926000060 53.579184338000061)","Unfall 122727 (2017) Kat:3, Licht: 0","122727","3","7","5","04","10","6","0","0","1","1","0","0"
"POINT (9.985857952000060 53.589992662000043)","Unfall 122728 (2017) Kat:3, Licht: 0","122728","3","4","6","04","16","6","0","0","1","0","1","0"
"POINT (9.964718148000031 53.567540669000039)","Unfall 122729 (2017) Kat:3, Licht: 0","122729","3","6","4","04","08","6","0","0","1","0","0","0"
"POINT (10.010201067000025 53.548111344000063)","Unfall 122730 (2017) Kat:3, Licht: 0","122730","3","3","5","04","10","6","0","0","1","1","0","0"
"POINT (9.969284909000066 53.445086288000027)","Unfall 122731 (2017) Kat:3, Licht: 0","122731","3","6","4","04","16","5","0","0","0","1","0","1"
"POINT (10.009990328000072 53.482875591000038)","Unfall 122732 (2017) Kat:3, Licht: 0","122732","3","6","4","04","09","5","0","0","0","1","0","0"
"POINT (10.009576862000074 53.482438373000036)","Unfall 122733 (2017) Kat:3, Licht: 0","122733","3","3","5","04","05","5","0","0","0","1","0","0"
"POINT (10.187998916000026 53.490442161000033)","Unfall 122734 (2017) Kat:3, Licht: 0","122734","3","3","5","04","05","5","0","0","0","1","1","0"
"POINT (10.252056556000070 53.416439686000047)","Unfall 122735 (2017) Kat:2, Licht: 0","122735","2","5","1","04","14","5","0","0","1","0","0","0"
"POINT (10.079824449000057 53.561880002000066)","Unfall 122736 (2017) Kat:2, Licht: 0","122736","2","6","3","04","06","5","0","0","0","1","0","1"
"POINT (10.066553542000065 53.535545471000034)","Unfall 122737 (2017) Kat:2, Licht: 0","122737","2","3","5","04","16","5","0","0","0","1","0","0"
"POINT (10.100082590000056 53.589239768000027)","Unfall 122738 (2017) Kat:3, Licht: 0","122738","3","3","5","04","14","5","0","0","0","1","0","1"
"POINT (10.156333386000028 53.588083794000056)","Unfall 122739 (2017) Kat:3, Licht: 0","122739","3","3","5","04","16","5","0","0","1","1","0","0"
"POINT (10.133915798000032 53.595151628000053)","Unfall 122740 (2017) Kat:3, Licht: 0","122740","3","6","1","04","08","5","0","0","0","1","0","0"