WKT,Name,OBJECTID,UKATEGORIE,UTYP1,UART,UMONAT,USTUNDE,UWOCHENTAG,STRZUSTAND,ULICHTVERH,ISTRAD,ISTPKW,ISTFUSS,ISTKRAD
"POINT (10.124758051000072 53.571183272000042)","Unfall 122741 (2017) Kat:3, Licht: 0","122741","3","6","2","04","09","5","0","0","0","1","0","1"
"POINT (10.059169514000075 53.573542398000029)","Unfall 122742 (2017) Kat:3, Licht: 0","122742","3","2","5","04","18","5","0","0","0","1","0","0"
"POINT (10.057778168000027 53.595577844000047)","Unfall 122743 (2017) Kat:3, Licht: 0","122743","3","3","5","04","14","5","0","0","1","1","0","0"
"POINT (10.074857739000038 53.593163873000037)","Unfall 122744 (2017) Kat:3, Licht: 0","122744","3","6","2","04","07","5","0","0","1","1","0","0"
"POINT (10.006315115000064 53.633167289000028)","Unfall 122745 (2017) Kat:3, Licht: 0","122745","3","7","6","04","14","5","0","0","0","1","1","0"
"POINT (10.017397546000041 53.612936926000032)","Unfall 122746 (2017) Kat:3, Licht: 2","122746","3","1","0","04","22","5","0","2","1","0","0","0"
"POINT (9.904117745000065 53.608544731000052)","Unfall 122747 (2017) Kat:3, Licht: 0","122747","3","4","0","05","16","2","0","0","0","0","1","0"
"POINT (9.761844849000056 53.580377579000071)","Unfall 122748 (2017) Kat:3, Licht: 0","122748","3","3","5","04","16","5","0","0","0","1","0","0"
"POINT (9.879568491000043 53.566060090000065)","Unfall 122749 (2017) Kat:3, Licht: 0","122749","3","7","5","04","09","5","0","0","1","1","0","0"
"POINT (9.970492946000036 53.586865919000047)","Unfall 122750 (2017) Kat:2, Licht: 0","122750","2","7","0","04","14","5","0","0","1","0","0","0"
"POINT (9.950903568000058 53.565738589000034)","Unfall 122751 (2017) Kat:2, Licht: 0","122751","2","3","5","04","10","5","0","0","0","1","0","0"
"POINT (9.929750264000063 53.554544357000054)","Unfall 122752 (2017) Kat:3, Licht: 0","122752","3","6","4","04","08","5","0","0","1","1","0","0"
"POINT (9.902529817000072 53.556500816000039)","Unfall 122753 (2017) Kat:3, Licht: 0","122753","3","3","5","04","12","4","1","0","0","1","0","0"
"POINT (10.015854803000025 53.555264934000036)","Unfall 122754 (2017) Kat:3, Licht: 0","122754","3","2","3","04","11","5","0","0","1","0","0","0"
"POINT (9.880031913000039 53.477962023000032)","Unfall 122755 (2017) Kat:3, Licht: 0","122755","3","6","0","04","17","4","0","0","0","1","0","0"
"POINT (9.938051476000055 53.472550951000073)","Unfall 122756 (2017) Kat:2, Licht: 0","122756","2","1","7","04","10","4","0","0","1","0","0","0"
"POINT (10.198486674000037 53.510645852000039)","Unfall 122757 (2017) Kat:2, Licht: 0","122757","2","7","0","04","17","4","0","0","0","0","0","0"
"POINT (9.901696269000070 53.556649694000043)","Unfall 122758 (2017) Kat:3, Licht: 0","122758","3","6","2","04","12","4","1","0","0","1","0","0"
"POINT (10.075335726000048 53.551242606000073)","Unfall 122759 (2017) Kat:3, Licht: 0","122759","3","7","5","04","15","4","0","0","0","1","0","0"
"POINT (10.083210932000043 53.545301265000035)","Unfall 122760 (2017) Kat:3, Licht: 0","122760","3","6","1","04","07","4","0","0","0","1","0","0"
"POINT (9.945024307000040 53.548520095000072)","Unfall 122761 (2017) Kat:3, Licht: 0","122761","3","3","5","04","17","4","1","0","1","1","0","0"
"POINT (10.083249460000047 53.545620843000052)","Unfall 122762 (2017) Kat:3, Licht: 0","122762","3","6","3","04","07","4","0","0","0","1","0","0"
"POINT (10.093808731000024 53.536839241000052)","Unfall 122763 (2017) Kat:3, Licht: 0","122763","3","6","2","04","06","4","0","0","0","1","0","0"
"POINT (10.107778052000072 53.564645041000063)","Unfall 122764 (2017) Kat:3, Licht: 0","122764","3","6","2","04","18","4","0","0","0","1","0","0"
"POINT (10.127794068000071 53.602391004000026)","Unfall 122765 (2017) Kat:3, Licht: 0","122765","3","4","6","04","07","4","0","0","0","1","1","0"
"POINT (10.126748781000060 53.582274834000032)","Unfall 122766 (2017) Kat:2, Licht: 0","122766","2","3","5","04","08","4","0","0","0","1","0","0"
"POINT (10.062926816000072 53.574251644000071)","Unfall 122767 (2017) Kat:2, Licht: 0","122767","2","2","6","04","09","4","0","0","0","0","1","0"
"POINT (10.082723675000068 53.660149043000047)","Unfall 122768 (2017) Kat:3, Licht: 0","122768","3","3","5","04","17","4","0","0","0","1","0","0"
"POINT (9.936349540000038 53.565026649000060)","Unfall 122769 (2017) Kat:3, Licht: 0","122769","3","3","5","04","12","4","1","0","0","1","0","0"
"POINT (10.010146007000060 53.648920143000055)","Unfall 122770 (2017) Kat:3, Licht: 1","122770","3","6","1","04","05","4","0","1","0","1","0","0"
"POINT (10.003147489000071 53.580760942000040)","Unfall 122771 (2017) Kat:3, Licht: 0","122771","3","2","2","04","16","4","0","0","0","1","0","0"
"POINT (10.003674371000045 53.597702070000082)","Unfall 122772 (2017) Kat:3, Licht: 0","122772","3","6","2","04","11","4","0","0","0","1","0","0"
"POINT (10.028120398000056 53.565659965000066)","Unfall 122773 (2017) Kat:3, Licht: 0","122773","3","3","6","04","09","4","0","0","1","0","1","0"
"POINT (9.822339335000038 53.566315663000069)","Unfall 122774 (2017) Kat:3, Licht: 0","122774","3","3","5","04","11","4","0","0","1","1","0","0"
"POINT (9.852365071000065 53.572253709000051)","Unfall 122775 (2017) Kat:3, Licht: 0","122775","3","7","5","04","10","4","0","0","1","1","0","0"
"POINT (9.876676045000068 53.595211212000038)","Unfall 122776 (2017) Kat:3, Licht: 0","122776","3","3","5","04","15","4","0","0","1","1","0","0"
"POINT (9.852947740000047 53.593336109000063)","Unfall 122777 (2017) Kat:3, Licht: 0","122777","3","3","5","04","18","4","0","0","1","1","0","0"
"POINT (9.956199992000052 53.611793977000048)","Unfall 122778 (2017) Kat:3, Licht: 0","122778","3","6","2","04","07","4","0","0","0","1","0","0"
"POINT (9.919234683000070 53.634545864000074)","Unfall 122779 (2017) Kat:3, Licht: 0","122779","3","4","6","04","12","4","0","0","0","1","1","0"
"POINT (9.984981640000058 53.590296870000032)","Unfall 122780 (2017) Kat:3, Licht: 0","122780","3","7","0","04","12","4","0","0","1","0","0","0"
"POINT (9.976025022000044 53.578128752000055)","Unfall 122781 (2017) Kat:3, Licht: 0","122781","3","3","5","04","06","4","0","0","1","0","0","0"
"POINT (9.954749951000053 53.548621769000079)","Unfall 122782 (2017) Kat:3, Licht: 0","122782","3","7","6","04","08","4","0","0","0","1","1","0"
"POINT (9.986222455000075 53.515981188000069)","Unfall 122783 (2017) Kat:3, Licht: 0","122783","3","3","5","04","19","3","0","0","1","1","0","0"
"POINT (9.985028746000069 53.502078654000059)","Unfall 122784 (2017) Kat:3, Licht: 0","122784","3","3","5","04","16","3","0","0","0","1","0","0"
"POINT (10.221278496000025 53.480880291000062)","Unfall 122785 (2017) Kat:2, Licht: 0","122785","2","4","6","04","17","3","0","0","1","0","1","0"
"POINT (10.177986021000038 53.485193310000056)","Unfall 122786 (2017) Kat:3, Licht: 2","122786","3","7","0","04","21","3","1","2","1","1","0","0"
"POINT (10.147243586000059 53.611987629000055)","Unfall 122787 (2017) Kat:3, Licht: 0","122787","3","3","5","04","07","3","1","0","1","1","0","0"
"POINT (9.977124794000076 53.569358051000052)","Unfall 122788 (2017) Kat:3, Licht: 0","122788","3","4","6","04","14","4","1","0","1","0","1","0"
"POINT (10.000735791000068 53.566305381000063)","Unfall 122789 (2017) Kat:3, Licht: 0","122789","3","5","1","04","09","4","1","0","1","0","0","0"
"POINT (10.055528369000058 53.582620723000048)","Unfall 122790 (2017) Kat:3, Licht: 2","122790","3","2","3","04","23","3","0","2","0","1","0","0"
"POINT (10.066107911000074 53.584948100000076)","Unfall 122791 (2017) Kat:3, Licht: 0","122791","3","6","3","04","17","3","0","0","0","1","0","0"
"POINT (9.970222347000060 53.557283315000063)","Unfall 122792 (2017) Kat:3, Licht: 0","122792","3","6","3","04","15","4","1","0","1","0","0","0"
"POINT (10.083394899000041 53.622296207000034)","Unfall 122793 (2017) Kat:3, Licht: 0","122793","3","6","2","04","18","3","0","0","0","1","0","0"
"POINT (10.005579308000051 53.552339065000069)","Unfall 122794 (2017) Kat:3, Licht: 2","122794","3","6","3","04","21","4","1","2","0","1","0","0"
"POINT (10.115079362000074 53.630984201000047)","Unfall 122795 (2017) Kat:3, Licht: 0","122795","3","7","4","04","20","3","0","0","1","1","0","0"
"POINT (10.033396984000035 53.607512813000028)","Unfall 122796 (2017) Kat:3, Licht: 0","122796","3","6","1","04","16","3","0","0","0","1","0","0"
"POINT (10.006087677000039 53.549955139000076)","Unfall 122797 (2017) Kat:3, Licht: 0","122797","3","2","4","04","15","4","1","0","1","1","0","0"
"POINT (10.033118923000075 53.587225951000050)","Unfall 122798 (2017) Kat:3, Licht: 0","122798","3","2","5","04","07","3","0","0","1","1","0","0"
"POINT (10.036652026000070 53.570953435000035)","Unfall 122799 (2017) Kat:3, Licht: 0","122799","3","2","4","04","07","3","0","0","1","1","0","0"
"POINT (10.017011608000075 53.564278322000064)","Unfall 122800 (2017) Kat:3, Licht: 0","122800","3","6","1","04","14","3","0","0","0","1","0","0"
"POINT (9.815888644000040 53.567085768000027)","Unfall 122801 (2017) Kat:3, Licht: 0","122801","3","3","5","04","11","3","0","0","0","1","0","1"
"POINT (9.877325510000048 53.589346711000076)","Unfall 122802 (2017) Kat:3, Licht: 0","122802","3","6","1","04","18","3","0","0","0","1","0","0"
"POINT (9.873022415000037 53.591241108000077)","Unfall 122803 (2017) Kat:3, Licht: 0","122803","3","6","2","04","08","3","0","0","0","1","0","0"
"POINT (9.955198093000035 53.575327135000066)","Unfall 122804 (2017) Kat:3, Licht: 0","122804","3","2","0","04","15","3","0","0","1","1","0","0"
"POINT (9.988920413000074 53.590873630000033)","Unfall 122805 (2017) Kat:3, Licht: 0","122805","3","7","5","04","11","3","0","0","1","0","0","0"
"POINT (9.963538170000049 53.577314346000037)","Unfall 122806 (2017) Kat:3, Licht: 0","122806","3","6","1","04","14","3","0","0","0","1","0","0"
"POINT (9.957374193000021 53.570077599000058)","Unfall 122807 (2017) Kat:3, Licht: 0","122807","3","3","5","04","19","3","0","0","1","1","0","0"
"POINT (9.956077016000052 53.585601303000033)","Unfall 122808 (2017) Kat:3, Licht: 0","122808","3","3","5","04","18","3","0","0","1","1","0","0"
"POINT (9.947373947000074 53.561292151000032)","Unfall 122809 (2017) Kat:2, Licht: 0","122809","2","3","5","04","09","3","0","0","1","0","0","0"
"POINT (9.974273474000029 53.569322203000070)","Unfall 122810 (2017) Kat:3, Licht: 2","122810","3","4","6","04","21","3","0","2","0","1","1","0"
"POINT (10.211096767000072 53.507726277000074)","Unfall 122811 (2017) Kat:3, Licht: 0","122811","3","3","5","04","18","2","1","0","1","1","0","0"
"POINT (9.983639377000031 53.465844577000041)","Unfall 122812 (2017) Kat:3, Licht: 0","122812","3","6","2","04","16","4","1","0","0","1","0","0"
"POINT (10.051324271000055 53.586726061000036)","Unfall 122813 (2017) Kat:3, Licht: 0","122813","3","2","4","05","16","6","0","0","0","1","0","0"
"POINT (10.043918534000056 53.568144025000038)","Unfall 122814 (2017) Kat:2, Licht: 0","122814","2","7","0","05","13","2","0","0","1","1","0","0"
"POINT (9.919571748000067 53.598396030000060)","Unfall 122815 (2017) Kat:3, Licht: 0","122815","3","6","3","05","12","6","0","0","0","1","0","1"
"POINT (9.988979848000042 53.544810429000051)","Unfall 122816 (2017) Kat:3, Licht: 0","122816","3","7","3","05","12","3","0","0","0","1","0","0"
"POINT (9.871241613000052 53.554934508000031)","Unfall 122817 (2017) Kat:3, Licht: 0","122817","3","7","5","05","21","6","0","0","1","0","0","0"
"POINT (10.033625703000041 53.649438447000080)","Unfall 122818 (2017) Kat:3, Licht: 0","122818","3","3","5","05","15","3","0","0","1","1","0","0"
"POINT (9.967015273000072 53.603226987000028)","Unfall 122819 (2017) Kat:3, Licht: 0","122819","3","3","6","05","12","6","0","0","0","0","1","0"
"POINT (9.984609813000077 53.587340167000036)","Unfall 122820 (2017) Kat:3, Licht: 0","122820","3","3","5","05","15","6","0","0","1","1","0","0"
"POINT (9.872835152000050 53.536975368000071)","Unfall 122821 (2017) Kat:3, Licht: 0","122821","3","3","5","05","16","3","1","0","1","0","0","0"
"POINT (10.014422761000048 53.552533400000073)","Unfall 122822 (2017) Kat:3, Licht: 0","122822","3","5","1","05","16","6","0","0","0","1","0","0"
"POINT (10.049431471000048 53.568140857000060)","Unfall 122823 (2017) Kat:2, Licht: 0","122823","2","3","5","05","15","4","0","0","1","1","0","0"
"POINT (9.780813109000064 53.521049158000039)","Unfall 122824 (2017) Kat:3, Licht: 0","122824","3","3","5","05","13","5","0","0","1","1","0","0"
"POINT (10.090618577000043 53.553598900000054)","Unfall 122825 (2017) Kat:3, Licht: 0","122825","3","3","5","05","06","4","0","0","1","1","0","0"
"POINT (9.842852561000029 53.536468560000060)","Unfall 122826 (2017) Kat:2, Licht: 2","122826","2","1","4","05","03","5","0","2","0","1","0","0"
"POINT (10.210148503000028 53.499394610000081)","Unfall 122827 (2017) Kat:3, Licht: 2","122827","3","7","0","05","23","5","0","2","1","0","0","0"
"POINT (10.151442648000057 53.599687862000053)","Unfall 122828 (2017) Kat:3, Licht: 0","122828","3","7","0","05","17","5","0","0","1","0","0","0"
"POINT (10.100206634000074 53.584912448000068)","Unfall 122829 (2017) Kat:3, Licht: 0","122829","3","2","4","05","20","5","0","0","0","1","0","0"
"POINT (10.036554660000036 53.629541897000081)","Unfall 122830 (2017) Kat:3, Licht: 0","122830","3","2","3","05","16","5","0","0","1","0","0","1"
"POINT (9.856629758000054 53.548558837000030)","Unfall 122831 (2017) Kat:2, Licht: 0","122831","2","2","5","05","12","5","0","0","0","1","0","1"
"POINT (9.997340056000041 53.573083627000074)","Unfall 122832 (2017) Kat:3, Licht: 0","122832","3","3","5","05","14","5","0","0","1","1","0","0"
"POINT (9.981793847000063 53.457441472000028)","Unfall 122833 (2017) Kat:2, Licht: 0","122833","2","3","6","05","08","4","0","0","1","0","1","0"
"POINT (10.183687062000047 53.490635107000060)","Unfall 122834 (2017) Kat:3, Licht: 0","122834","3","2","5","05","19","4","0","0","0","1","0","0"
"POINT (10.109521799000049 53.538116575000060)","Unfall 122835 (2017) Kat:3, Licht: 0","122835","3","3","5","05","15","4","0","0","0","1","0","0"
"POINT (9.993100856000069 53.557618672000046)","Unfall 122836 (2017) Kat:3, Licht: 0","122836","3","3","5","05","19","7","0","0","0","1","0","0"
"POINT (10.103000637000036 53.542871568000066)","Unfall 122837 (2017) Kat:3, Licht: 0","122837","3","2","3","05","10","4","0","0","1","0","0","0"
"POINT (10.045338620000052 53.558365754000079)","Unfall 122838 (2017) Kat:3, Licht: 0","122838","3","3","5","05","08","4","0","0","0","1","0","1"
"POINT (10.016477371000065 53.674384690000068)","Unfall 122839 (2017) Kat:3, Licht: 0","122839","3","5","1","05","07","7","0","0","1","1","0","0"
"POINT (10.160240582000029 53.601565930000049)","Unfall 122840 (2017) Kat:3, Licht: 0","122840","3","6","3","05","18","4","0","0","1","1","0","0"
"POINT (10.127689644000043 53.622007443000030)","Unfall 122841 (2017) Kat:3, Licht: 0","122841","3","3","5","05","15","4","0","0","0","1","0","0"
"POINT (10.068767183000034 53.580905213000051)","Unfall 122842 (2017) Kat:3, Licht: 0","122842","3","2","5","05","20","1","0","0","1","1","0","0"
"POINT (10.175561495000068 53.606914874000040)","Unfall 122843 (2017) Kat:3, Licht: 0","122843","3","3","5","05","17","4","0","0","0","1","0","1"
"POINT (9.990463301000034 53.602676871000028)","Unfall 122844 (2017) Kat:3, Licht: 0","122844","3","2","3","05","13","2","0","0","0","1","0","0"
"POINT (10.069917531000044 53.578133464000075)","Unfall 122845 (2017) Kat:3, Licht: 0","122845","3","6","2","05","16","4","0","0","0","1","0","0"
"POINT (10.115608317000067 53.571126520000064)","Unfall 122846 (2017) Kat:3, Licht: 0","122846","3","3","5","05","10","2","0","0","1","1","0","0"
"POINT (10.090374563000069 53.578054787000042)","Unfall 122847 (2017) Kat:2, Licht: 0","122847","2","7","2","05","09","4","0","0","0","1","0","0"
"POINT (10.064837906000037 53.579176142000051)","Unfall 122848 (2017) Kat:3, Licht: 0","122848","3","3","5","05","13","4","0","0","0","1","0","1"
"POINT (10.064944463000074 53.669390732000068)","Unfall 122849 (2017) Kat:3, Licht: 0","122849","3","3","5","05","16","4","0","0","1","1","0","0"
"POINT (10.045238154000060 53.589839122000058)","Unfall 122850 (2017) Kat:2, Licht: 0","122850","2","2","5","05","19","4","0","0","1","1","0","0"
"POINT (9.822465040000054 53.584051463000037)","Unfall 122851 (2017) Kat:3, Licht: 0","122851","3","3","5","05","17","4","0","0","1","1","0","0"
"POINT (9.925277871000048 53.560881382000048)","Unfall 122852 (2017) Kat:3, Licht: 0","122852","3","3","5","05","14","4","0","0","1","1","0","0"
"POINT (9.943741665000061 53.550449456000081)","Unfall 122853 (2017) Kat:3, Licht: 0","122853","3","3","5","05","12","4","0","0","0","1","0","0"
"POINT (9.978884377000043 53.460874640000043)","Unfall 122854 (2017) Kat:3, Licht: 0","122854","3","6","4","05","12","3","0","0","0","1","0","0"
"POINT (10.151841683000043 53.600076703000070)","Unfall 122855 (2017) Kat:3, Licht: 0","122855","3","3","5","05","20","3","0","0","1","1","0","0"
"POINT (10.064184624000063 53.572171322000031)","Unfall 122856 (2017) Kat:3, Licht: 0","122856","3","5","1","05","17","3","0","0","1","1","0","0"
"POINT (10.102673013000071 53.579184494000060)","Unfall 122857 (2017) Kat:3, Licht: 2","122857","3","7","3","05","22","1","0","2","0","1","0","0"
"POINT (10.069403536000038 53.579972803000032)","Unfall 122858 (2017) Kat:3, Licht: 0","122858","3","6","2","05","16","3","0","0","0","1","0","1"
"POINT (9.941536616000064 53.577883579000058)","Unfall 122859 (2017) Kat:3, Licht: 0","122859","3","2","5","05","11","2","0","0","0","1","0","0"
"POINT (10.022163509000052 53.661411019000070)","Unfall 122860 (2017) Kat:3, Licht: 0","122860","3","3","5","05","07","3","0","0","1","1","0","0"
"POINT (10.121453125000073 53.605530589000068)","Unfall 122861 (2017) Kat:3, Licht: 0","122861","3","2","3","05","16","2","0","0","1","1","0","0"
"POINT (10.019517614000051 53.653446789000043)","Unfall 122862 (2017) Kat:3, Licht: 0","122862","3","3","5","05","14","3","0","0","1","1","0","0"
"POINT (9.955185008000058 53.575307037000073)","Unfall 122863 (2017) Kat:3, Licht: 0","122863","3","2","3","05","18","3","1","0","1","1","0","0"
"POINT (10.008372763000068 53.613946140000053)","Unfall 122864 (2017) Kat:3, Licht: 0","122864","3","3","5","05","08","3","0","0","1","1","0","0"
"POINT (10.079984143000047 53.561568140000077)","Unfall 122865 (2017) Kat:3, Licht: 0","122865","3","6","2","05","13","3","0","0","0","0","0","0"
"POINT (9.928238818000068 53.556384924000042)","Unfall 122866 (2017) Kat:3, Licht: 1","122866","3","7","1","05","21","4","0","1","0","1","0","0"
"POINT (10.017621893000069 53.568685980000055)","Unfall 122867 (2017) Kat:3, Licht: 0","122867","3","7","6","05","16","3","0","0","0","1","1","0"
"POINT (10.028684166000062 53.571218854000051)","Unfall 122868 (2017) Kat:3, Licht: 0","122868","3","3","5","05","16","3","0","0","0","1","0","0"
"POINT (10.053564610000024 53.568861235000043)","Unfall 122869 (2017) Kat:3, Licht: 0","122869","3","2","5","05","18","3","0","0","1","1","0","0"
"POINT (9.947489789000031 53.582883375000051)","Unfall 122870 (2017) Kat:3, Licht: 0","122870","3","6","2","05","19","3","0","0","0","1","0","0"
"POINT (9.905279004000022 53.608088305000081)","Unfall 122871 (2017) Kat:3, Licht: 0","122871","3","6","6","05","15","3","1","0","1","0","1","0"
"POINT (9.923669173000064 53.638537751000058)","Unfall 122872 (2017) Kat:3, Licht: 0","122872","3","7","8","05","17","3","0","0","0","1","0","0"
"POINT (9.946730738000042 53.599153816000069)","Unfall 122873 (2017) Kat:3, Licht: 0","122873","3","3","6","05","15","3","1","0","1","0","1","0"
"POINT (9.975865016000057 53.578579253000044)","Unfall 122874 (2017) Kat:3, Licht: 2","122874","3","7","0","05","23","3","0","2","0","0","0","1"
"POINT (9.939664473000050 53.548992642000030)","Unfall 122875 (2017) Kat:3, Licht: 0","122875","3","3","5","05","19","3","0","0","1","1","0","0"
"POINT (10.000371581000024 53.567232197000067)","Unfall 122876 (2017) Kat:3, Licht: 0","122876","3","5","1","05","16","3","0","0","1","1","0","0"
"POINT (9.975798991000033 53.558399869000027)","Unfall 122877 (2017) Kat:3, Licht: 0","122877","3","3","6","05","18","3","0","0","1","0","1","0"
"POINT (10.012502555000026 53.558343423000053)","Unfall 122878 (2017) Kat:3, Licht: 0","122878","3","7","4","05","19","3","0","0","1","1","0","0"
"POINT (9.969527882000023 53.530582495000033)","Unfall 122879 (2017) Kat:3, Licht: 0","122879","3","2","3","05","17","3","0","0","0","0","0","1"
"POINT (9.965582145000042 53.516304717000082)","Unfall 122880 (2017) Kat:3, Licht: 0","122880","3","6","1","05","14","3","0","0","0","1","0","0"
"POINT (9.989746579000041 53.449212907000060)","Unfall 122881 (2017) Kat:3, Licht: 0","122881","3","3","5","05","18","2","0","0","0","1","0","0"
"POINT (9.935942072000046 53.455772174000060)","Unfall 122882 (2017) Kat:3, Licht: 0","122882","3","3","5","05","11","2","0","0","0","1","0","0"
"POINT (10.018369682000070 53.526520681000079)","Unfall 122883 (2017) Kat:3, Licht: 0","122883","3","7","1","05","12","2","0","0","0","1","0","0"
"POINT (10.023804337000058 53.497614208000073)","Unfall 122884 (2017) Kat:3, Licht: 0","122884","3","7","0","05","11","2","0","0","0","0","0","1"
"POINT (10.210418017000052 53.509943091000082)","Unfall 122885 (2017) Kat:3, Licht: 0","122885","3","3","5","05","17","2","0","0","0","1","0","1"
"POINT (10.207275922000065 53.494976651000059)","Unfall 122886 (2017) Kat:3, Licht: 0","122886","3","2","3","05","15","2","0","0","1","0","0","0"
"POINT (10.079880419000062 53.561771422000049)","Unfall 122887 (2017) Kat:2, Licht: 0","122887","2","2","2","05","11","2","0","0","0","1","0","0"
"POINT (10.064220842000054 53.559801476000075)","Unfall 122888 (2017) Kat:3, Licht: 0","122888","3","7","6","05","08","2","0","0","0","1","1","0"
"POINT (10.135684411000057 53.591710044000081)","Unfall 122889 (2017) Kat:2, Licht: 0","122889","2","4","6","05","14","2","0","0","0","1","1","0"
"POINT (10.152854151000042 53.610842080000054)","Unfall 122890 (2017) Kat:3, Licht: 0","122890","3","6","2","05","08","2","0","0","0","1","0","0"
"POINT (10.078215995000050 53.580861558000038)","Unfall 122891 (2017) Kat:3, Licht: 0","122891","3","3","5","05","13","2","0","0","0","1","0","0"
"POINT (9.891587500000071 53.573995424000032)","Unfall 122892 (2017) Kat:3, Licht: 0","122892","3","2","3","05","15","1","0","0","1","1","0","0"
"POINT (10.002618761000065 53.608624932000055)","Unfall 122893 (2017) Kat:3, Licht: 0","122893","3","3","5","05","08","2","0","0","0","1","0","1"
"POINT (9.988660075000041 53.566712971000072)","Unfall 122894 (2017) Kat:3, Licht: 0","122894","3","6","3","05","08","2","0","0","0","1","0","1"
"POINT (10.039669371000059 53.578972006000072)","Unfall 122895 (2017) Kat:3, Licht: 0","122895","3","6","1","05","17","2","0","0","0","1","0","0"
"POINT (10.098898783000038 53.643240609000031)","Unfall 122896 (2017) Kat:3, Licht: 0","122896","3","6","1","05","18","2","0","0","0","1","0","1"
"POINT (10.058635627000058 53.570068633000062)","Unfall 122897 (2017) Kat:3, Licht: 0","122897","3","4","6","05","07","2","0","0","1","0","1","0"
"POINT (9.983834357000035 53.557802662000029)","Unfall 122898 (2017) Kat:3, Licht: 0","122898","3","6","2","05","19","3","0","0","0","1","0","1"
"POINT (10.056653353000058 53.568998590000035)","Unfall 122899 (2017) Kat:3, Licht: 0","122899","3","7","0","05","13","2","0","0","1","0","0","0"
"POINT (10.007893469000066 53.681243840000036)","Unfall 122900 (2017) Kat:3, Licht: 0","122900","3","6","3","05","16","3","0","0","1","1","0","0"
"POINT (9.921586147000028 53.598804499000039)","Unfall 122901 (2017) Kat:3, Licht: 0","122901","3","5","3","05","15","2","0","0","1","1","0","0"
"POINT (9.880482910000069 53.614724656000078)","Unfall 122902 (2017) Kat:3, Licht: 0","122902","3","3","5","05","12","2","0","0","0","1","0","0"
"POINT (9.905206532000022 53.608209109000029)","Unfall 122903 (2017) Kat:3, Licht: 0","122903","3","6","2","05","10","2","0","0","0","1","0","0"
"POINT (9.852832093000075 53.592270227000029)","Unfall 122904 (2017) Kat:2, Licht: 0","122904","2","3","0","05","11","2","0","0","0","1","0","0"
"POINT (9.875651411000035 53.546827355000062)","Unfall 122905 (2017) Kat:3, Licht: 0","122905","3","6","0","05","08","2","0","0","1","0","0","0"
"POINT (9.856206242000042 53.463798700000041)","Unfall 122906 (2017) Kat:3, Licht: 0","122906","3","5","1","05","12","6","0","0","0","1","0","0"
"POINT (9.991159919000040 53.588131486000066)","Unfall 122907 (2017) Kat:3, Licht: 0","122907","3","3","6","05","15","2","0","0","1","0","1","0"
"POINT (9.962872015000073 53.569712327000047)","Unfall 122908 (2017) Kat:3, Licht: 0","122908","3","3","5","05","13","2","0","0","1","1","0","0"
"POINT (9.930554239000060 53.549648239000078)","Unfall 122909 (2017) Kat:3, Licht: 0","122909","3","2","3","05","13","2","0","0","1","1","0","0"
"POINT (10.208254384000043 53.481318966000060)","Unfall 122910 (2017) Kat:3, Licht: 0","122910","3","3","5","05","11","7","0","0","0","1","0","0"
"POINT (9.988624418000029 53.572032098000079)","Unfall 122911 (2017) Kat:3, Licht: 0","122911","3","7","0","05","20","2","0","0","0","1","0","0"
"POINT (10.201779577000025 53.485172194000029)","Unfall 122912 (2017) Kat:3, Licht: 2","122912","3","7","0","05","23","1","0","2","1","0","0","0"
"POINT (9.993592083000067 53.552603519000058)","Unfall 122913 (2017) Kat:3, Licht: 0","122913","3","5","1","05","16","2","0","0","1","1","0","0"
"POINT (9.872501414000055 53.586290412000039)","Unfall 122914 (2017) Kat:3, Licht: 0","122914","3","4","6","05","16","2","0","0","0","1","1","0"
"POINT (10.005528763000029 53.540737632000059)","Unfall 122915 (2017) Kat:3, Licht: 0","122915","3","6","0","05","11","2","0","0","0","1","0","1"
"POINT (10.099152352000033 53.538486859000045)","Unfall 122916 (2017) Kat:3, Licht: 0","122916","3","3","5","05","16","2","0","0","0","1","0","0"
"POINT (10.012658547000058 53.552593914000056)","Unfall 122917 (2017) Kat:2, Licht: 0","122917","2","7","0","05","10","2","0","0","0","1","0","0"
"POINT (10.093394199000045 53.520548169000051)","Unfall 122918 (2017) Kat:2, Licht: 0","122918","2","5","1","05","14","1","0","0","0","1","0","0"
"POINT (10.070976384000062 53.558637089000058)","Unfall 122919 (2017) Kat:3, Licht: 0","122919","3","2","2","05","18","4","0","0","0","1","0","0"
"POINT (10.112037050000026 53.562461957000039)","Unfall 122920 (2017) Kat:3, Licht: 0","122920","3","3","6","05","14","1","0","0","0","1","1","0"
"POINT (9.921107231000065 53.567682580000053)","Unfall 122921 (2017) Kat:3, Licht: 0","122921","3","2","3","05","12","2","0","0","1","1","0","0"
"POINT (10.081975716000045 53.660709853000071)","Unfall 122922 (2017) Kat:1, Licht: 0","122922","1","3","5","05","19","1","0","0","0","1","0","1"
"POINT (9.934942823000029 53.430879867000044)","Unfall 122923 (2017) Kat:3, Licht: 0","122923","3","2","4","05","08","2","0","0","0","1","0","0"
"POINT (10.013991727000075 53.593880111000033)","Unfall 122924 (2017) Kat:3, Licht: 0","122924","3","6","2","05","18","1","0","0","0","1","0","1"