WKT,Name,OBJECTID,UKATEGORIE,UTYP1,UART,UMONAT,USTUNDE,UWOCHENTAG,STRZUSTAND,ULICHTVERH,ISTRAD,ISTPKW,ISTFUSS,ISTKRAD
"POINT (9.869278992000034 53.594353184000056)","Unfall 122925 (2017) Kat:2, Licht: 0","122925","2","6","3","05","07","3","1","0","0","0","0","1"
"POINT (10.031562634000068 53.597446436000041)","Unfall 122926 (2017) Kat:3, Licht: 0","122926","3","6","2","05","15","1","0","0","0","1","0","0"
"POINT (9.823352993000071 53.578514379000069)","Unfall 122927 (2017) Kat:3, Licht: 0","122927","3","1","8","05","11","1","0","0","0","0","0","1"
"POINT (10.060618044000023 53.467423461000067)","Unfall 122928 (2017) Kat:2, Licht: 0","122928","2","5","9","05","06","3","1","0","0","1","0","0"
"POINT (9.789081215000067 53.559904176000032)","Unfall 122929 (2017) Kat:3, Licht: 0","122929","3","1","8","05","12","1","0","0","1","0","0","0"
"POINT (9.867250296000066 53.606884215000036)","Unfall 122930 (2017) Kat:3, Licht: 0","122930","3","3","0","05","15","1","0","0","0","1","0","1"
"POINT (9.961349787000074 53.562488585000040)","Unfall 122931 (2017) Kat:3, Licht: 2","122931","3","4","6","05","03","1","0","2","0","1","1","0"
"POINT (9.993464039000060 53.552683734000027)","Unfall 122932 (2017) Kat:3, Licht: 0","122932","3","7","3","05","19","1","0","0","0","1","0","1"
"POINT (9.963439953000034 53.546502273000044)","Unfall 122933 (2017) Kat:3, Licht: 0","122933","3","6","2","05","08","1","0","0","0","1","0","0"
"POINT (9.983553983000036 53.465545220000081)","Unfall 122934 (2017) Kat:3, Licht: 0","122934","3","2","2","05","18","1","0","0","0","1","0","0"
"POINT (9.943238454000039 53.489366482000037)","Unfall 122935 (2017) Kat:3, Licht: 0","122935","3","1","8","05","19","7","0","0","0","1","0","0"
"POINT (10.199130604000061 53.434123758000055)","Unfall 122936 (2017) Kat:3, Licht: 1","122936","3","6","3","05","21","7","0","1","0","0","0","1"
"POINT (10.232667861000039 53.479305227000054)","Unfall 122937 (2017) Kat:2, Licht: 0","122937","2","4","6","05","18","7","0","0","0","1","1","0"
"POINT (10.079898006000064 53.561736955000072)","Unfall 122938 (2017) Kat:3, Licht: 0","122938","3","6","2","05","10","7","0","0","0","1","0","0"
"POINT (10.108648552000034 53.562396728000067)","Unfall 122939 (2017) Kat:3, Licht: 0","122939","3","4","6","05","08","7","1","0","0","1","1","0"
"POINT (10.067348858000059 53.553223215000060)","Unfall 122940 (2017) Kat:3, Licht: 2","122940","3","7","1","05","23","7","0","2","1","1","0","0"
"POINT (10.043445340000062 53.542315939000048)","Unfall 122941 (2017) Kat:3, Licht: 2","122941","3","3","5","05","00","7","1","2","0","1","0","0"
"POINT (10.176919740000073 53.604287047000071)","Unfall 122942 (2017) Kat:3, Licht: 0","122942","3","3","5","05","14","7","0","0","1","1","0","0"
"POINT (10.124578482000061 53.570964800000070)","Unfall 122943 (2017) Kat:3, Licht: 0","122943","3","2","4","05","20","7","0","0","0","1","0","0"
"POINT (10.206039573000055 53.486990906000074)","Unfall 122944 (2017) Kat:3, Licht: 0","122944","3","3","5","05","11","6","0","0","0","1","0","0"
"POINT (10.136123211000040 53.613803931000064)","Unfall 122945 (2017) Kat:3, Licht: 0","122945","3","3","5","05","19","7","0","0","0","1","0","0"
"POINT (10.137218982000036 53.607952317000070)","Unfall 122946 (2017) Kat:3, Licht: 0","122946","3","3","0","05","12","7","0","0","0","1","0","0"
"POINT (10.022316796000041 53.565385003000074)","Unfall 122947 (2017) Kat:3, Licht: 0","122947","3","5","1","05","12","1","0","0","1","0","1","0"
"POINT (10.067569609000032 53.582663733000061)","Unfall 122948 (2017) Kat:3, Licht: 0","122948","3","6","1","05","16","7","0","0","0","1","0","0"
"POINT (9.979991508000069 53.568443302000048)","Unfall 122949 (2017) Kat:3, Licht: 0","122949","3","5","1","05","16","2","0","0","1","1","0","0"
"POINT (10.012997404000032 53.579764843000078)","Unfall 122950 (2017) Kat:3, Licht: 0","122950","3","4","6","05","10","7","0","0","1","0","1","0"
"POINT (10.038667581000027 53.568694163000032)","Unfall 122951 (2017) Kat:3, Licht: 0","122951","3","3","5","05","12","7","0","0","0","1","0","0"
"POINT (9.907298015000038 53.606507873000055)","Unfall 122952 (2017) Kat:3, Licht: 0","122952","3","7","0","05","11","7","0","0","0","0","0","0"
"POINT (9.885077296000077 53.580213301000072)","Unfall 122953 (2017) Kat:3, Licht: 0","122953","3","6","1","05","10","7","0","0","0","1","0","0"
"POINT (9.948461335000047 53.559801824000033)","Unfall 122954 (2017) Kat:3, Licht: 0","122954","3","3","5","05","19","7","0","0","1","1","0","0"
"POINT (9.759914680000065 53.570620955000038)","Unfall 122955 (2017) Kat:3, Licht: 0","122955","3","1","1","05","15","7","0","0","0","1","0","1"
"POINT (9.925733778000051 53.551572091000082)","Unfall 122956 (2017) Kat:3, Licht: 1","122956","3","3","5","05","05","7","1","1","0","1","0","0"
"POINT (9.964947896000069 53.549415186000033)","Unfall 122957 (2017) Kat:3, Licht: 0","122957","3","7","6","05","14","7","0","0","1","0","1","0"
"POINT (10.016167573000075 53.635006151000027)","Unfall 122958 (2017) Kat:3, Licht: 0","122958","3","6","2","05","16","1","0","0","0","1","0","0"
"POINT (10.003345224000043 53.557068887000071)","Unfall 122959 (2017) Kat:3, Licht: 2","122959","3","6","3","05","02","7","1","2","0","1","0","0"
"POINT (9.953052369000034 53.560271461000070)","Unfall 122960 (2017) Kat:3, Licht: 0","122960","3","5","1","05","18","2","0","0","1","1","0","0"
"POINT (9.840062288000070 53.471978316000047)","Unfall 122961 (2017) Kat:3, Licht: 0","122961","3","6","2","05","14","6","0","0","0","1","0","0"
"POINT (10.074352513000065 53.582175914000061)","Unfall 122962 (2017) Kat:3, Licht: 0","122962","3","3","5","05","15","2","0","0","1","0","0","0"
"POINT (10.186587241000041 53.489984048000053)","Unfall 122963 (2017) Kat:2, Licht: 0","122963","2","3","5","05","17","6","0","0","1","1","0","0"
"POINT (9.990113705000056 53.602765214000044)","Unfall 122964 (2017) Kat:3, Licht: 0","122964","3","6","2","05","07","3","1","0","0","1","0","0"
"POINT (10.129414926000038 53.536328623000031)","Unfall 122965 (2017) Kat:3, Licht: 1","122965","3","4","6","05","20","6","1","1","0","1","1","0"
"POINT (10.141225993000035 53.523810398000080)","Unfall 122966 (2017) Kat:3, Licht: 0","122966","3","4","0","05","14","6","0","0","1","0","1","0"
"POINT (10.083831612000040 53.514624092000076)","Unfall 122967 (2017) Kat:3, Licht: 1","122967","3","2","4","05","04","6","0","1","0","1","0","0"
"POINT (10.120760277000045 53.620689489000029)","Unfall 122968 (2017) Kat:3, Licht: 0","122968","3","7","6","05","13","6","0","0","0","1","1","0"
"POINT (10.078101168000046 53.603199477000032)","Unfall 122969 (2017) Kat:3, Licht: 0","122969","3","5","3","05","18","6","0","0","1","1","0","0"
"POINT (10.019972757000062 53.633605543000044)","Unfall 122970 (2017) Kat:3, Licht: 0","122970","3","3","5","05","07","6","0","0","1","1","0","0"
"POINT (10.057295668000052 53.565965738000045)","Unfall 122971 (2017) Kat:3, Licht: 1","122971","3","3","5","05","19","6","1","1","0","1","0","0"
"POINT (9.900769734000050 53.618857345000038)","Unfall 122972 (2017) Kat:3, Licht: 0","122972","3","6","4","05","11","6","0","0","0","1","0","0"
"POINT (9.918115588000035 53.570813059000045)","Unfall 122973 (2017) Kat:3, Licht: 2","122973","3","3","5","05","21","6","1","2","0","1","0","0"
"POINT (9.928640279000035 53.561617908000073)","Unfall 122974 (2017) Kat:3, Licht: 0","122974","3","3","6","05","14","6","0","0","1","0","1","0"
"POINT (9.958501257000023 53.612219788000061)","Unfall 122975 (2017) Kat:3, Licht: 0","122975","3","6","2","05","18","6","0","0","0","1","0","0"
"POINT (9.958629754000071 53.597089050000079)","Unfall 122976 (2017) Kat:3, Licht: 0","122976","3","3","6","05","15","6","0","0","0","1","1","0"
"POINT (9.948534928000072 53.573694411000076)","Unfall 122977 (2017) Kat:2, Licht: 0","122977","2","2","4","05","11","6","0","0","0","1","0","0"
"POINT (9.928388328000040 53.556193317000066)","Unfall 122978 (2017) Kat:3, Licht: 2","122978","3","2","0","05","22","6","1","2","0","1","0","1"
"POINT (9.955344692000040 53.549745303000066)","Unfall 122979 (2017) Kat:3, Licht: 1","122979","3","2","5","05","19","6","1","1","1","1","0","0"
"POINT (9.966247685000042 53.569338832000028)","Unfall 122980 (2017) Kat:3, Licht: 0","122980","3","2","4","05","09","6","0","0","0","1","0","0"
"POINT (9.989853216000029 53.562819832000059)","Unfall 122981 (2017) Kat:3, Licht: 0","122981","3","3","5","05","16","6","0","0","0","1","0","1"
"POINT (9.985114459000045 53.441844390000028)","Unfall 122982 (2017) Kat:3, Licht: 0","122982","3","3","5","05","17","5","0","0","0","1","0","0"
"POINT (10.010862649000046 53.462090746000058)","Unfall 122983 (2017) Kat:3, Licht: 0","122983","3","3","5","05","17","5","0","0","0","1","0","0"
"POINT (9.991399703000070 53.500697778000074)","Unfall 122984 (2017) Kat:3, Licht: 0","122984","3","2","4","05","12","5","0","0","0","1","0","0"
"POINT (10.110875331000045 53.498457286000075)","Unfall 122985 (2017) Kat:3, Licht: 0","122985","3","2","5","05","13","5","0","0","1","1","0","0"
"POINT (10.110824016000038 53.542766618000030)","Unfall 122986 (2017) Kat:3, Licht: 0","122986","3","3","0","05","15","5","0","0","1","0","0","0"
"POINT (10.099797622000040 53.539365765000070)","Unfall 122987 (2017) Kat:3, Licht: 0","122987","3","7","0","05","07","5","0","0","1","0","0","0"
"POINT (10.021259184000030 53.549906088000057)","Unfall 122988 (2017) Kat:3, Licht: 0","122988","3","2","5","05","17","5","0","0","1","1","0","0"
"POINT (10.120528746000048 53.586038680000058)","Unfall 122989 (2017) Kat:3, Licht: 0","122989","3","6","2","05","17","6","0","0","0","1","0","0"
"POINT (10.023130650000041 53.550558137000053)","Unfall 122990 (2017) Kat:3, Licht: 0","122990","3","6","2","05","16","5","0","0","0","1","0","0"
"POINT (10.072807404000059 53.562369331000070)","Unfall 122991 (2017) Kat:3, Licht: 0","122991","3","2","4","05","16","5","0","0","1","0","0","0"
"POINT (10.082987610000032 53.575981800000079)","Unfall 122992 (2017) Kat:3, Licht: 0","122992","3","3","5","05","18","5","0","0","0","1","0","0"
"POINT (10.158261578000065 53.653704692000076)","Unfall 122993 (2017) Kat:3, Licht: 1","122993","3","7","1","05","20","5","1","1","0","1","0","0"
"POINT (10.006328424000060 53.548551781000072)","Unfall 122994 (2017) Kat:3, Licht: 0","122994","3","6","3","05","13","1","0","0","0","1","0","0"
"POINT (10.015948284000046 53.635482281000066)","Unfall 122995 (2017) Kat:3, Licht: 0","122995","3","6","0","05","16","5","0","0","0","0","0","1"
"POINT (9.912215596000067 53.512668983000026)","Unfall 122996 (2017) Kat:3, Licht: 0","122996","3","6","2","05","17","1","0","0","0","1","0","1"
"POINT (10.022039542000073 53.568825647000040)","Unfall 122997 (2017) Kat:3, Licht: 0","122997","3","3","5","05","07","5","0","0","0","1","0","0"
"POINT (9.858251657000039 53.557687650000048)","Unfall 122998 (2017) Kat:3, Licht: 0","122998","3","5","1","05","13","2","0","0","1","0","0","0"
"POINT (10.061981584000023 53.588525880000077)","Unfall 122999 (2017) Kat:3, Licht: 0","122999","3","2","5","05","17","5","0","0","1","1","0","0"
"POINT (10.057412661000058 53.607795111000030)","Unfall 123000 (2017) Kat:2, Licht: 0","123000","2","3","5","05","14","4","0","0","1","1","0","0"
"POINT (10.040899595000042 53.565244599000039)","Unfall 123001 (2017) Kat:3, Licht: 0","123001","3","3","0","05","20","5","1","0","0","1","0","1"
"POINT (9.853595700000028 53.551645053000072)","Unfall 123002 (2017) Kat:3, Licht: 0","123002","3","7","5","05","13","5","0","0","0","1","0","0"
"POINT (9.911921522000057 53.549124200000051)","Unfall 123003 (2017) Kat:3, Licht: 0","123003","3","5","1","05","09","5","0","0","1","1","0","0"
"POINT (9.951224357000058 53.622702853000078)","Unfall 123004 (2017) Kat:3, Licht: 0","123004","3","5","1","05","11","5","0","0","1","1","0","0"
"POINT (9.913470680000046 53.624955124000053)","Unfall 123005 (2017) Kat:3, Licht: 0","123005","3","4","6","05","07","5","0","0","0","1","1","0"
"POINT (9.928707664000058 53.550564135000059)","Unfall 123006 (2017) Kat:3, Licht: 0","123006","3","2","3","05","15","5","0","0","1","1","0","0"
"POINT (9.981693948000043 53.574579520000043)","Unfall 123007 (2017) Kat:3, Licht: 0","123007","3","3","5","05","18","5","0","0","1","1","0","0"
"POINT (9.981121183000028 53.572478275000037)","Unfall 123008 (2017) Kat:3, Licht: 0","123008","3","6","3","05","17","5","0","0","1","0","0","0"
"POINT (10.007446845000061 53.558659548000037)","Unfall 123009 (2017) Kat:1, Licht: 1","123009","1","4","6","05","21","5","1","1","0","1","1","0"
"POINT (10.017088043000058 53.554938008000079)","Unfall 123010 (2017) Kat:3, Licht: 0","123010","3","7","1","05","11","5","0","0","1","1","0","0"
"POINT (10.179161137000051 53.486068760000080)","Unfall 123011 (2017) Kat:3, Licht: 0","123011","3","6","4","05","19","4","0","0","1","0","0","0"
"POINT (10.042606380000052 53.555442703000040)","Unfall 123012 (2017) Kat:2, Licht: 0","123012","2","4","6","05","19","4","0","0","0","0","1","1"
"POINT (10.050741531000028 53.601681220000046)","Unfall 123013 (2017) Kat:3, Licht: 0","123013","3","6","3","05","17","4","0","0","0","0","0","1"
"POINT (10.045674380000037 53.603262852000057)","Unfall 123014 (2017) Kat:3, Licht: 0","123014","3","7","9","05","19","4","0","0","1","1","0","0"
"POINT (10.126232342000037 53.570986281000046)","Unfall 123015 (2017) Kat:3, Licht: 0","123015","3","7","5","05","15","6","0","0","0","1","0","0"
"POINT (10.082208518000073 53.640722035000067)","Unfall 123016 (2017) Kat:3, Licht: 0","123016","3","3","5","05","07","4","0","0","1","1","0","0"
"POINT (9.996551661000069 53.644257858000060)","Unfall 123017 (2017) Kat:3, Licht: 0","123017","3","6","4","05","13","7","0","0","1","1","0","0"
"POINT (9.995137593000038 53.595072538000068)","Unfall 123018 (2017) Kat:3, Licht: 0","123018","3","3","5","05","10","4","0","0","1","1","0","0"
"POINT (10.102461460000029 53.699134705000063)","Unfall 123019 (2017) Kat:2, Licht: 0","123019","2","6","2","05","10","1","0","0","0","0","0","1"
"POINT (9.902052673000071 53.480735786000082)","Unfall 123020 (2017) Kat:3, Licht: 0","123020","3","6","4","05","08","3","1","0","0","1","0","0"
"POINT (10.049105491000034 53.578659912000035)","Unfall 123021 (2017) Kat:3, Licht: 0","123021","3","2","4","05","10","4","0","0","0","1","0","0"
"POINT (10.017326181000044 53.549919645000045)","Unfall 123022 (2017) Kat:3, Licht: 0","123022","3","3","5","05","11","4","0","0","1","1","0","0"
"POINT (10.014275897000061 53.577595467000037)","Unfall 123023 (2017) Kat:3, Licht: 0","123023","3","5","1","05","13","4","0","0","1","1","0","0"
"POINT (10.058543047000057 53.570044609000036)","Unfall 123024 (2017) Kat:3, Licht: 0","123024","3","7","6","05","16","4","0","0","0","0","1","0"
"POINT (10.056142787000056 53.591628028000059)","Unfall 123025 (2017) Kat:3, Licht: 0","123025","3","6","1","05","08","4","0","0","0","1","0","0"
"POINT (10.042405182000039 53.569072313000049)","Unfall 123026 (2017) Kat:3, Licht: 2","123026","3","7","8","05","02","4","0","2","0","1","0","0"
"POINT (10.033091482000032 53.573822205000056)","Unfall 123027 (2017) Kat:3, Licht: 0","123027","3","2","4","05","15","4","0","0","0","1","0","0"
"POINT (9.823632787000065 53.560638181000058)","Unfall 123028 (2017) Kat:2, Licht: 0","123028","2","3","5","05","14","4","0","0","1","1","0","0"
"POINT (9.881120857000042 53.591942377000066)","Unfall 123029 (2017) Kat:3, Licht: 0","123029","3","3","5","05","10","4","0","0","0","1","0","0"
"POINT (9.952006884000070 53.636780269000042)","Unfall 123030 (2017) Kat:3, Licht: 0","123030","3","3","5","05","14","4","0","0","1","1","0","0"
"POINT (9.972574423000026 53.582177417000082)","Unfall 123031 (2017) Kat:3, Licht: 0","123031","3","2","5","05","17","4","0","0","1","0","0","0"
"POINT (9.941760260000024 53.557661398000050)","Unfall 123032 (2017) Kat:2, Licht: 1","123032","2","5","0","05","20","4","0","1","1","1","0","0"
"POINT (9.970774637000034 53.557238087000030)","Unfall 123033 (2017) Kat:3, Licht: 0","123033","3","7","6","05","13","4","0","0","0","1","1","0"
"POINT (9.973017450000043 53.547393015000068)","Unfall 123034 (2017) Kat:3, Licht: 0","123034","3","7","0","05","08","4","0","0","1","1","0","0"
"POINT (10.140357760000029 53.624387740000031)","Unfall 123035 (2017) Kat:3, Licht: 0","123035","3","4","6","05","13","6","0","0","1","0","1","0"
"POINT (10.002212870000051 53.557339738000053)","Unfall 123036 (2017) Kat:2, Licht: 0","123036","2","3","5","05","16","4","0","0","1","1","0","0"
"POINT (9.951699484000073 53.576302760000033)","Unfall 123037 (2017) Kat:3, Licht: 0","123037","3","5","1","05","16","3","0","0","1","1","0","0"
"POINT (9.823903482000048 53.525825535000081)","Unfall 123038 (2017) Kat:3, Licht: 0","123038","3","6","3","05","11","3","1","0","0","1","0","0"
"POINT (10.051521290000039 53.560346177000042)","Unfall 123039 (2017) Kat:3, Licht: 0","123039","3","6","3","05","19","3","0","0","0","1","0","0"
"POINT (9.956339156000070 53.463980124000045)","Unfall 123040 (2017) Kat:2, Licht: 0","123040","2","2","4","05","14","3","1","0","0","1","0","0"
"POINT (9.984860399000070 53.572588124000049)","Unfall 123041 (2017) Kat:3, Licht: 0","123041","3","6","2","05","17","4","0","0","0","1","0","0"
"POINT (10.009224889000052 53.490317798000035)","Unfall 123042 (2017) Kat:3, Licht: 0","123042","3","3","5","05","19","3","1","0","1","0","0","0"
"POINT (10.074523968000051 53.574887495000041)","Unfall 123043 (2017) Kat:3, Licht: 0","123043","3","6","3","05","15","4","0","0","0","1","0","0"
"POINT (10.132190502000071 53.497483789000057)","Unfall 123044 (2017) Kat:3, Licht: 0","123044","3","7","0","05","16","3","0","0","0","0","0","1"
"POINT (10.104647044000046 53.544680096000036)","Unfall 123045 (2017) Kat:3, Licht: 0","123045","3","6","2","05","09","3","1","0","0","1","0","0"
"POINT (10.119246852000060 53.532061686000077)","Unfall 123046 (2017) Kat:3, Licht: 0","123046","3","7","0","05","08","3","1","0","0","0","0","1"
"POINT (10.038323146000039 53.536231192000059)","Unfall 123047 (2017) Kat:3, Licht: 0","123047","3","3","5","05","17","3","0","0","0","1","0","0"
"POINT (10.055733016000033 53.560820607000039)","Unfall 123048 (2017) Kat:3, Licht: 0","123048","3","6","2","05","07","3","1","0","0","1","0","0"
"POINT (10.138604579000059 53.600158276000059)","Unfall 123049 (2017) Kat:3, Licht: 0","123049","3","3","5","05","13","3","1","0","1","1","0","0"
"POINT (10.065371294000045 53.585783803000027)","Unfall 123050 (2017) Kat:3, Licht: 0","123050","3","6","2","05","11","6","0","0","0","1","0","1"
"POINT (10.118565387000046 53.601241698000081)","Unfall 123051 (2017) Kat:3, Licht: 0","123051","3","2","2","05","14","3","1","0","0","1","0","0"
"POINT (10.057027003000030 53.580418129000066)","Unfall 123052 (2017) Kat:3, Licht: 0","123052","3","6","2","05","10","3","1","0","0","1","0","0"
"POINT (10.083142499000076 53.622003749000044)","Unfall 123053 (2017) Kat:3, Licht: 0","123053","3","4","5","05","20","3","0","0","1","0","1","0"
"POINT (9.947827804000042 53.585054291000063)","Unfall 123054 (2017) Kat:3, Licht: 0","123054","3","7","1","05","14","1","0","0","0","1","0","1"
"POINT (10.101219112000024 53.657965704000048)","Unfall 123055 (2017) Kat:3, Licht: 0","123055","3","7","0","05","08","3","1","0","1","1","0","0"
"POINT (9.963603533000025 53.549585163000074)","Unfall 123056 (2017) Kat:3, Licht: 0","123056","3","6","2","05","16","2","0","0","0","1","0","0"
"POINT (10.013035498000022 53.644893182000033)","Unfall 123057 (2017) Kat:2, Licht: 0","123057","2","3","5","05","20","3","0","0","0","1","0","0"
"POINT (10.070090476000075 53.572873410000057)","Unfall 123058 (2017) Kat:2, Licht: 1","123058","2","2","5","05","21","4","0","1","1","0","0","1"
"POINT (9.994143816000076 53.601738116000035)","Unfall 123059 (2017) Kat:3, Licht: 0","123059","3","3","5","05","15","3","1","0","1","1","0","0"
"POINT (10.016772793000030 53.565718603000050)","Unfall 123060 (2017) Kat:3, Licht: 0","123060","3","6","0","05","16","3","1","0","0","1","0","1"
"POINT (9.907819630000063 53.602270866000026)","Unfall 123061 (2017) Kat:3, Licht: 0","123061","3","4","6","05","12","3","1","0","0","1","1","0"
"POINT (9.864725043000021 53.573341036000045)","Unfall 123062 (2017) Kat:3, Licht: 0","123062","3","6","2","05","10","3","1","0","0","1","0","0"
"POINT (9.873570002000065 53.564746716000059)","Unfall 123063 (2017) Kat:3, Licht: 0","123063","3","6","2","05","09","3","1","0","0","1","0","0"
"POINT (9.921593076000022 53.548290359000077)","Unfall 123064 (2017) Kat:3, Licht: 0","123064","3","5","1","05","07","3","1","0","0","1","0","0"
"POINT (9.986699541000064 53.563040735000072)","Unfall 123065 (2017) Kat:3, Licht: 0","123065","3","6","1","05","11","3","1","0","0","1","0","0"
"POINT (9.967512152000040 53.566413138000030)","Unfall 123066 (2017) Kat:3, Licht: 0","123066","3","3","0","05","14","3","1","0","1","1","0","0"
"POINT (9.986872835000042 53.547937744000080)","Unfall 123067 (2017) Kat:3, Licht: 0","123067","3","7","0","05","17","3","0","0","1","0","0","0"
"POINT (9.977414555000053 53.551582325000027)","Unfall 123068 (2017) Kat:3, Licht: 0","123068","3","2","4","05","15","3","1","0","1","1","0","0"
"POINT (9.995914339000024 53.550549673000035)","Unfall 123069 (2017) Kat:3, Licht: 0","123069","3","2","6","05","14","3","1","0","0","1","1","0"
"POINT (10.081285240000057 53.606094185000075)","Unfall 123070 (2017) Kat:3, Licht: 0","123070","3","2","2","05","09","6","0","0","0","1","0","0"
"POINT (9.914552684000057 53.512180393000051)","Unfall 123071 (2017) Kat:3, Licht: 0","123071","3","6","3","05","09","2","0","0","0","1","0","0"
"POINT (9.949585074000027 53.462677520000057)","Unfall 123072 (2017) Kat:3, Licht: 2","123072","3","2","6","05","22","2","0","2","0","1","1","0"
"POINT (9.986500550000073 53.456922313000064)","Unfall 123073 (2017) Kat:3, Licht: 0","123073","3","4","0","05","18","2","0","0","0","0","1","0"
"POINT (9.949882864000074 53.458279106000077)","Unfall 123074 (2017) Kat:3, Licht: 0","123074","3","4","6","05","10","2","0","0","0","1","1","0"
"POINT (9.990143498000066 53.487754736000056)","Unfall 123075 (2017) Kat:3, Licht: 0","123075","3","6","2","05","14","2","0","0","0","1","0","0"
"POINT (9.986812720000046 53.511537964000070)","Unfall 123076 (2017) Kat:3, Licht: 0","123076","3","5","1","05","13","2","0","0","0","1","0","1"
"POINT (10.149792353000066 53.525619265000046)","Unfall 123077 (2017) Kat:3, Licht: 0","123077","3","2","2","05","09","2","0","0","0","1","0","0"
"POINT (10.040217307000034 53.544928844000026)","Unfall 123078 (2017) Kat:2, Licht: 0","123078","2","7","1","05","15","2","0","0","1","1","0","0"
"POINT (10.038504151000041 53.559085159000063)","Unfall 123079 (2017) Kat:3, Licht: 0","123079","3","6","3","05","15","2","0","0","0","1","0","1"
"POINT (10.038403379000044 53.552487805000055)","Unfall 123080 (2017) Kat:3, Licht: 0","123080","3","6","3","05","08","2","0","0","0","1","0","0"
"POINT (10.093018340000071 53.636792672000070)","Unfall 123081 (2017) Kat:2, Licht: 0","123081","2","3","0","05","15","6","0","0","1","1","0","0"
"POINT (10.150572392000072 53.618355810000082)","Unfall 123082 (2017) Kat:3, Licht: 0","123082","3","5","1","05","07","2","0","0","1","0","0","0"
"POINT (10.028178230000037 53.585706512000058)","Unfall 123083 (2017) Kat:3, Licht: 0","123083","3","5","1","05","11","6","0","0","1","0","0","0"
"POINT (10.110216961000049 53.581995899000049)","Unfall 123084 (2017) Kat:3, Licht: 0","123084","3","3","6","05","08","2","0","0","0","1","1","0"
"POINT (10.082271338000055 53.575383177000049)","Unfall 123085 (2017) Kat:3, Licht: 2","123085","3","3","6","05","23","7","0","2","0","0","1","0"
"POINT (10.062627119000069 53.601828993000026)","Unfall 123086 (2017) Kat:2, Licht: 0","123086","2","4","6","05","15","2","0","0","0","1","1","0"
"POINT (10.106357011000057 53.631187670000031)","Unfall 123087 (2017) Kat:3, Licht: 0","123087","3","3","5","05","09","2","0","0","1","0","0","0"
"POINT (10.004612309000038 53.557664567000074)","Unfall 123088 (2017) Kat:3, Licht: 0","123088","3","6","2","05","11","4","0","0","0","1","0","0"
"POINT (10.014136437000047 53.619064355000035)","Unfall 123089 (2017) Kat:3, Licht: 0","123089","3","6","2","05","14","4","0","0","0","1","0","0"
"POINT (10.079638175000071 53.559748641000056)","Unfall 123090 (2017) Kat:3, Licht: 0","123090","3","4","6","05","17","4","0","0","0","1","1","0"
"POINT (10.057130145000031 53.640778033000061)","Unfall 123091 (2017) Kat:3, Licht: 0","123091","3","6","1","05","17","2","0","0","0","1","0","1"
"POINT (10.084431886000061 53.656572769000036)","Unfall 123092 (2017) Kat:3, Licht: 0","123092","3","1","8","05","17","2","0","0","0","1","0","0"
"POINT (10.026032597000039 53.622399149000046)","Unfall 123093 (2017) Kat:3, Licht: 0","123093","3","3","5","05","16","2","0","0","1","1","0","0"
"POINT (10.010061898000060 53.581596034000029)","Unfall 123094 (2017) Kat:3, Licht: 0","123094","3","5","1","05","08","2","0","0","1","1","0","0"
"POINT (9.912070124000024 53.602609955000048)","Unfall 123095 (2017) Kat:3, Licht: 0","123095","3","6","3","05","17","2","0","0","0","1","0","0"
"POINT (9.875892414000077 53.615790532000062)","Unfall 123096 (2017) Kat:2, Licht: 0","123096","2","3","5","05","07","2","0","0","0","1","0","0"
"POINT (9.912180195000076 53.550585343000080)","Unfall 123097 (2017) Kat:3, Licht: 0","123097","3","6","4","05","16","2","0","0","1","0","0","0"
"POINT (9.913224293000042 53.558486813000059)","Unfall 123098 (2017) Kat:3, Licht: 0","123098","3","2","4","05","10","2","0","0","1","1","0","0"
"POINT (9.947696630000053 53.583525937000047)","Unfall 123099 (2017) Kat:3, Licht: 0","123099","3","2","5","05","18","2","0","0","1","1","0","0"
"POINT (9.977716145000045 53.574566244000039)","Unfall 123100 (2017) Kat:3, Licht: 0","123100","3","3","5","05","20","2","0","0","1","0","0","0"
"POINT (9.994378191000067 53.558714203000079)","Unfall 123101 (2017) Kat:3, Licht: 0","123101","3","3","5","05","17","2","0","0","0","1","0","0"
"POINT (9.986351280000065 53.547408370000028)","Unfall 123102 (2017) Kat:3, Licht: 0","123102","3","7","0","05","12","2","0","0","0","1","0","0"
"POINT (10.024309263000021 53.553703865000045)","Unfall 123103 (2017) Kat:3, Licht: 0","123103","3","3","5","05","19","2","0","0","1","1","0","0"
"POINT (10.008682853000039 53.498835816000053)","Unfall 123104 (2017) Kat:3, Licht: 0","123104","3","3","5","05","19","1","0","0","0","1","0","0"
"POINT (10.001227519000054 53.500166180000065)","Unfall 123105 (2017) Kat:3, Licht: 0","123105","3","4","6","05","17","1","0","0","0","1","1","0"
"POINT (10.141165414000056 53.597665419000066)","Unfall 123106 (2017) Kat:2, Licht: 0","123106","2","1","8","05","09","1","0","0","0","0","0","1"
"POINT (10.044188779000024 53.573395542000071)","Unfall 123107 (2017) Kat:3, Licht: 0","123107","3","3","5","05","19","6","0","0","0","1","0","0"
"POINT (10.116584790000047 53.596911933000058)","Unfall 123108 (2017) Kat:3, Licht: 0","123108","3","6","2","05","19","1","0","0","1","1","0","0"
"POINT (10.004163894000044 53.588554780000038)","Unfall 123109 (2017) Kat:3, Licht: 1","123109","3","2","4","05","19","1","1","1","1","1","0","0"