WKT,Name,OBJECTID,UKATEGORIE,UTYP1,UART,UMONAT,USTUNDE,UWOCHENTAG,STRZUSTAND,ULICHTVERH,ISTRAD,ISTPKW,ISTFUSS,ISTKRAD
"POINT (9.971716028000060 53.642316703000063)","Unfall 123110 (2017) Kat:3, Licht: 0","123110","3","7","0","05","10","3","0","0","1","0","0","0"
"POINT (10.016620103000037 53.570913345000065)","Unfall 123111 (2017) Kat:3, Licht: 0","123111","3","7","6","05","19","1","0","0","0","1","1","0"
"POINT (10.229971717000069 53.448709384000040)","Unfall 123112 (2017) Kat:3, Licht: 0","123112","3","6","2","05","10","3","0","0","0","1","0","0"
"POINT (9.992454821000024 53.591629229000034)","Unfall 123113 (2017) Kat:3, Licht: 0","123113","3","6","3","05","08","4","0","0","0","1","0","0"
"POINT (9.953163180000047 53.577853501000050)","Unfall 123114 (2017) Kat:3, Licht: 0","123114","3","2","5","05","13","1","0","0","1","1","0","0"
"POINT (10.080695795000054 53.581019359000038)","Unfall 123115 (2017) Kat:3, Licht: 0","123115","3","3","5","05","09","4","0","0","0","1","0","0"
"POINT (9.796042555000042 53.566237790000059)","Unfall 123116 (2017) Kat:3, Licht: 0","123116","3","7","0","05","13","4","0","0","0","1","0","1"
"POINT (10.114548243000058 53.621073873000057)","Unfall 123117 (2017) Kat:3, Licht: 0","123117","3","6","3","05","13","4","0","0","1","1","0","0"
"POINT (9.917695618000039 53.551207045000069)","Unfall 123118 (2017) Kat:3, Licht: 0","123118","3","2","5","05","12","1","0","0","0","1","0","1"
"POINT (9.975021207000054 53.556312472000059)","Unfall 123119 (2017) Kat:3, Licht: 2","123119","3","7","0","05","22","1","1","2","1","0","0","0"
"POINT (9.984933248000061 53.463041064000038)","Unfall 123120 (2017) Kat:3, Licht: 0","123120","3","3","5","05","13","1","0","0","1","1","0","0"
"POINT (10.092273262000049 53.479249882000033)","Unfall 123121 (2017) Kat:2, Licht: 0","123121","2","6","4","05","09","7","1","0","0","0","0","1"
"POINT (10.148986474000026 53.606444816000078)","Unfall 123122 (2017) Kat:3, Licht: 0","123122","3","6","2","05","13","7","0","0","0","1","0","0"
"POINT (10.071311331000061 53.665811793000046)","Unfall 123123 (2017) Kat:3, Licht: 0","123123","3","6","2","05","12","7","0","0","0","1","0","0"
"POINT (10.025693614000033 53.580689910000046)","Unfall 123124 (2017) Kat:3, Licht: 0","123124","3","7","4","05","17","7","1","0","1","1","0","0"
"POINT (9.978027480000037 53.595866414000056)","Unfall 123125 (2017) Kat:3, Licht: 0","123125","3","7","1","05","15","7","1","0","0","1","0","0"
"POINT (9.979709833000072 53.555633238000041)","Unfall 123126 (2017) Kat:3, Licht: 2","123126","3","3","5","05","01","7","1","2","0","1","0","0"
"POINT (10.034795305000046 53.505953321000050)","Unfall 123127 (2017) Kat:2, Licht: 0","123127","2","1","8","05","14","6","0","0","0","1","0","0"
"POINT (10.022718344000054 53.539900569000054)","Unfall 123128 (2017) Kat:3, Licht: 0","123128","3","7","0","05","17","6","0","0","1","0","0","0"
"POINT (10.126213659000030 53.601161518000026)","Unfall 123129 (2017) Kat:3, Licht: 0","123129","3","7","1","05","16","6","0","0","1","1","0","0"
"POINT (10.144869497000059 53.618084882000062)","Unfall 123130 (2017) Kat:3, Licht: 0","123130","3","3","0","05","16","6","0","0","1","1","0","0"
"POINT (10.120789668000043 53.599245014000076)","Unfall 123131 (2017) Kat:2, Licht: 0","123131","2","5","1","05","07","6","0","0","0","1","0","0"
"POINT (10.069983976000060 53.608623987000044)","Unfall 123132 (2017) Kat:3, Licht: 0","123132","3","2","5","05","13","2","0","0","1","0","0","0"
"POINT (10.091249505000064 53.587417462000076)","Unfall 123133 (2017) Kat:3, Licht: 0","123133","3","3","5","05","14","6","0","0","0","1","0","0"
"POINT (9.920019622000041 53.559171783000068)","Unfall 123134 (2017) Kat:3, Licht: 0","123134","3","7","1","05","15","3","0","0","1","1","0","0"
"POINT (10.033764440000027 53.619952354000077)","Unfall 123135 (2017) Kat:3, Licht: 2","123135","3","6","3","05","20","6","1","2","0","1","0","0"
"POINT (10.058482210000022 53.608549090000054)","Unfall 123136 (2017) Kat:3, Licht: 0","123136","3","7","0","05","06","3","1","0","0","0","0","1"
"POINT (10.041527659000053 53.647833270000035)","Unfall 123137 (2017) Kat:3, Licht: 2","123137","3","2","4","05","21","6","1","2","0","1","0","0"
"POINT (10.012868120000064 53.633313393000037)","Unfall 123138 (2017) Kat:3, Licht: 0","123138","3","6","3","05","13","6","0","0","1","1","0","0"
"POINT (9.997766303000049 53.544178264000038)","Unfall 123139 (2017) Kat:3, Licht: 0","123139","3","2","4","05","19","4","0","0","0","1","0","0"
"POINT (10.035619341000029 53.575044241000057)","Unfall 123140 (2017) Kat:3, Licht: 0","123140","3","2","5","05","18","6","0","0","0","1","0","0"
"POINT (10.012421464000056 53.649227804000077)","Unfall 123141 (2017) Kat:2, Licht: 0","123141","2","3","0","05","17","4","0","0","1","0","0","0"
"POINT (9.903823382000041 53.603688300000044)","Unfall 123142 (2017) Kat:3, Licht: 0","123142","3","5","0","05","16","6","0","0","1","1","0","0"
"POINT (10.034859755000070 53.564391897000064)","Unfall 123143 (2017) Kat:2, Licht: 0","123143","2","2","4","05","17","6","0","0","1","1","0","0"
"POINT (9.917930931000058 53.567595393000033)","Unfall 123144 (2017) Kat:3, Licht: 0","123144","3","2","5","05","10","6","1","0","1","1","0","0"
"POINT (9.898504405000040 53.570952705000082)","Unfall 123145 (2017) Kat:3, Licht: 0","123145","3","6","2","05","08","6","0","0","0","1","0","0"
"POINT (9.964045742000053 53.545895572000063)","Unfall 123146 (2017) Kat:3, Licht: 0","123146","3","6","3","05","09","1","0","0","1","0","0","0"
"POINT (9.925535221000075 53.565759657000058)","Unfall 123147 (2017) Kat:3, Licht: 0","123147","3","6","3","05","07","6","0","0","0","1","0","0"
"POINT (10.117915289000052 53.606953410000074)","Unfall 123148 (2017) Kat:3, Licht: 0","123148","3","6","1","05","06","3","1","0","0","1","0","0"
"POINT (9.954547288000072 53.625340306000055)","Unfall 123149 (2017) Kat:3, Licht: 0","123149","3","5","1","05","11","6","1","0","1","1","0","0"
"POINT (9.970446177000042 53.557265811000036)","Unfall 123150 (2017) Kat:3, Licht: 0","123150","3","6","2","05","17","4","0","0","0","1","0","0"
"POINT (10.035534874000064 53.638144021000073)","Unfall 123151 (2017) Kat:3, Licht: 0","123151","3","6","2","05","14","4","0","0","0","1","0","0"
"POINT (9.974322758000028 53.579897876000075)","Unfall 123152 (2017) Kat:3, Licht: 0","123152","3","4","6","05","14","6","0","0","0","1","1","0"
"POINT (10.181741280000040 53.493089647000033)","Unfall 123153 (2017) Kat:3, Licht: 0","123153","3","3","0","05","14","4","0","0","1","0","0","0"
"POINT (9.971668701000056 53.577676128000064)","Unfall 123154 (2017) Kat:3, Licht: 0","123154","3","6","3","05","14","6","0","0","0","1","0","1"
"POINT (9.963421791000030 53.603538218000040)","Unfall 123155 (2017) Kat:3, Licht: 0","123155","3","1","0","05","11","6","1","0","0","0","0","1"
"POINT (9.973404211000059 53.583949787000051)","Unfall 123156 (2017) Kat:3, Licht: 0","123156","3","3","5","05","07","6","0","0","1","1","0","0"
"POINT (9.972404576000031 53.557100463000040)","Unfall 123157 (2017) Kat:3, Licht: 0","123157","3","3","5","05","15","6","0","0","1","1","0","0"
"POINT (10.013897024000073 53.559483517000047)","Unfall 123158 (2017) Kat:3, Licht: 0","123158","3","7","0","05","13","6","0","0","1","0","0","0"
"POINT (9.987347920000048 53.514308805000042)","Unfall 123159 (2017) Kat:3, Licht: 0","123159","3","4","6","05","14","5","0","0","0","1","1","0"
"POINT (10.210215862000041 53.498117784000044)","Unfall 123160 (2017) Kat:3, Licht: 0","123160","3","6","3","05","16","5","0","0","0","1","0","0"
"POINT (10.209310085000027 53.486048238000080)","Unfall 123161 (2017) Kat:3, Licht: 0","123161","3","7","0","05","09","5","0","0","1","0","1","0"
"POINT (10.120770753000045 53.564072683000063)","Unfall 123162 (2017) Kat:3, Licht: 0","123162","3","1","4","05","16","5","0","0","1","0","0","0"
"POINT (10.082863507000070 53.555321515000060)","Unfall 123163 (2017) Kat:3, Licht: 0","123163","3","2","2","05","14","5","0","0","0","1","0","0"
"POINT (10.104880245000061 53.545134285000074)","Unfall 123164 (2017) Kat:2, Licht: 0","123164","2","3","5","05","08","5","0","0","1","1","0","0"
"POINT (10.087968416000024 53.512009627000054)","Unfall 123165 (2017) Kat:2, Licht: 0","123165","2","2","5","05","17","5","0","0","0","1","0","0"
"POINT (10.046309135000058 53.533608277000042)","Unfall 123166 (2017) Kat:3, Licht: 0","123166","3","6","3","05","17","5","0","0","0","0","0","1"
"POINT (10.063644602000068 53.552266925000026)","Unfall 123167 (2017) Kat:3, Licht: 0","123167","3","2","3","05","13","5","0","0","0","1","0","0"
"POINT (10.040854624000076 53.561463335000042)","Unfall 123168 (2017) Kat:3, Licht: 0","123168","3","2","4","05","18","5","0","0","0","1","0","1"
"POINT (9.878780435000067 53.532393705000061)","Unfall 123169 (2017) Kat:3, Licht: 0","123169","3","6","3","05","14","1","0","0","1","1","0","0"
"POINT (10.180177053000023 53.629659229000026)","Unfall 123170 (2017) Kat:3, Licht: 0","123170","3","6","1","05","12","5","0","0","0","1","0","0"
"POINT (10.086017814000058 53.594141094000065)","Unfall 123171 (2017) Kat:3, Licht: 0","123171","3","3","5","05","13","5","0","0","0","1","0","0"
"POINT (10.088225376000025 53.630892469000059)","Unfall 123172 (2017) Kat:3, Licht: 0","123172","3","6","1","05","15","5","0","0","0","1","0","0"
"POINT (10.042067662000022 53.644357164000041)","Unfall 123173 (2017) Kat:3, Licht: 0","123173","3","6","3","05","14","5","0","0","0","1","0","1"
"POINT (10.014197679000063 53.618982471000038)","Unfall 123174 (2017) Kat:3, Licht: 0","123174","3","6","2","05","12","5","0","0","0","1","0","0"
"POINT (10.011315366000076 53.581746087000056)","Unfall 123175 (2017) Kat:3, Licht: 0","123175","3","6","3","05","15","5","0","0","1","1","0","0"
"POINT (10.043934646000025 53.594768003000070)","Unfall 123176 (2017) Kat:3, Licht: 0","123176","3","6","2","05","16","5","0","0","0","1","0","0"
"POINT (9.937538094000047 53.576707458000044)","Unfall 123177 (2017) Kat:3, Licht: 0","123177","3","7","6","05","11","5","0","0","0","1","1","0"
"POINT (9.932905031000075 53.566827563000061)","Unfall 123178 (2017) Kat:3, Licht: 0","123178","3","3","5","05","17","5","0","0","1","1","0","0"
"POINT (9.962408738000022 53.575229654000054)","Unfall 123179 (2017) Kat:3, Licht: 0","123179","3","6","0","05","16","5","0","0","1","1","0","0"
"POINT (10.024812077000036 53.563146531000029)","Unfall 123180 (2017) Kat:3, Licht: 0","123180","3","5","0","05","19","6","0","0","1","1","0","0"
"POINT (9.988458818000026 53.585461818000056)","Unfall 123181 (2017) Kat:3, Licht: 0","123181","3","3","5","05","11","5","0","0","0","1","0","0"
"POINT (9.991056196000045 53.445270217000029)","Unfall 123182 (2017) Kat:3, Licht: 0","123182","3","2","1","05","12","2","0","0","0","1","0","0"
"POINT (9.952927667000040 53.573568217000059)","Unfall 123183 (2017) Kat:3, Licht: 0","123183","3","7","0","05","08","5","0","0","1","0","0","0"
"POINT (9.914557599000034 53.582823846000053)","Unfall 123184 (2017) Kat:3, Licht: 0","123184","3","2","4","05","19","3","0","0","0","1","0","0"
"POINT (9.934674561000065 53.551000515000055)","Unfall 123185 (2017) Kat:3, Licht: 0","123185","3","4","0","05","13","5","0","0","0","0","1","0"
"POINT (9.969169912000041 53.433073468000032)","Unfall 123186 (2017) Kat:3, Licht: 0","123186","3","6","2","05","07","3","0","0","0","1","0","0"
"POINT (9.960058399000047 53.563763594000079)","Unfall 123187 (2017) Kat:3, Licht: 0","123187","3","2","4","05","21","5","0","0","0","1","0","1"
"POINT (10.018657148000045 53.567704401000071)","Unfall 123188 (2017) Kat:3, Licht: 0","123188","3","5","0","05","13","4","0","0","1","1","0","0"
"POINT (9.974605151000048 53.545806685000059)","Unfall 123189 (2017) Kat:3, Licht: 2","123189","3","5","0","05","23","5","0","2","0","0","0","1"
"POINT (10.124376060000031 53.570969908000052)","Unfall 123190 (2017) Kat:3, Licht: 0","123190","3","4","0","05","19","4","0","0","0","0","1","0"
"POINT (9.985655864000023 53.551045770000030)","Unfall 123191 (2017) Kat:3, Licht: 0","123191","3","3","5","05","19","5","0","0","1","1","0","0"
"POINT (10.010401803000036 53.550932411000076)","Unfall 123192 (2017) Kat:1, Licht: 2","123192","1","4","6","05","22","5","0","2","0","1","1","0"
"POINT (10.008820778000029 53.559243834000029)","Unfall 123193 (2017) Kat:3, Licht: 0","123193","3","6","2","05","19","5","0","0","0","1","0","0"
"POINT (9.866233019000049 53.461034606000055)","Unfall 123194 (2017) Kat:3, Licht: 0","123194","3","3","5","05","07","4","0","0","1","1","0","0"
"POINT (9.981215807000069 53.458205115000055)","Unfall 123195 (2017) Kat:3, Licht: 0","123195","3","3","5","05","13","4","0","0","0","1","0","0"
"POINT (9.987961619000032 53.505487893000065)","Unfall 123196 (2017) Kat:2, Licht: 0","123196","2","7","4","05","08","4","0","0","1","0","0","0"
"POINT (10.090762692000055 53.549085903000048)","Unfall 123197 (2017) Kat:3, Licht: 0","123197","3","2","5","05","19","4","0","0","1","1","0","0"
"POINT (10.104347962000077 53.544327944000031)","Unfall 123198 (2017) Kat:3, Licht: 0","123198","3","6","2","05","17","4","0","0","0","1","0","0"
"POINT (10.100422146000028 53.540484532000050)","Unfall 123199 (2017) Kat:3, Licht: 0","123199","3","6","4","05","12","4","0","0","1","0","0","0"
"POINT (10.040600626000071 53.548006142000077)","Unfall 123200 (2017) Kat:3, Licht: 2","123200","3","6","3","05","22","4","0","2","0","1","0","0"
"POINT (10.030809191000060 53.552211630000045)","Unfall 123201 (2017) Kat:3, Licht: 0","123201","3","7","3","05","09","4","1","0","0","1","0","1"
"POINT (10.131124129000057 53.584230159000072)","Unfall 123202 (2017) Kat:3, Licht: 0","123202","3","3","5","05","18","4","0","0","1","1","0","0"
"POINT (10.148560500000031 53.621087705000036)","Unfall 123203 (2017) Kat:3, Licht: 0","123203","3","6","2","05","16","4","0","0","0","1","0","0"
"POINT (10.152412502000061 53.623263300000076)","Unfall 123204 (2017) Kat:2, Licht: 0","123204","2","2","4","05","07","4","0","0","1","0","0","0"
"POINT (10.078330657000038 53.579420043000027)","Unfall 123205 (2017) Kat:3, Licht: 0","123205","3","3","5","05","14","4","0","0","0","1","0","1"
"POINT (10.035644073000071 53.614353123000058)","Unfall 123206 (2017) Kat:3, Licht: 0","123206","3","6","2","05","18","4","0","0","0","1","0","0"
"POINT (10.019670901000040 53.581482030000075)","Unfall 123207 (2017) Kat:3, Licht: 0","123207","3","3","5","05","08","4","0","0","1","1","0","0"
"POINT (10.055804746000035 53.565454070000044)","Unfall 123208 (2017) Kat:3, Licht: 0","123208","3","3","5","05","14","4","0","0","1","1","0","0"
"POINT (9.929665598000042 53.592296345000079)","Unfall 123209 (2017) Kat:3, Licht: 0","123209","3","7","0","05","08","4","0","0","1","0","0","0"
"POINT (9.941120283000032 53.574626145000082)","Unfall 123210 (2017) Kat:3, Licht: 0","123210","3","7","6","05","20","4","0","0","1","0","1","0"
"POINT (9.979467880000073 53.577595219000045)","Unfall 123211 (2017) Kat:3, Licht: 0","123211","3","2","6","05","06","4","0","0","0","0","1","0"
"POINT (9.974407921000022 53.548905052000066)","Unfall 123212 (2017) Kat:3, Licht: 0","123212","3","4","6","05","14","4","0","0","0","1","1","0"
"POINT (10.017363439000064 53.555849503000047)","Unfall 123213 (2017) Kat:3, Licht: 0","123213","3","7","5","05","12","4","0","0","0","1","0","0"
"POINT (9.981273514000066 53.527584371000046)","Unfall 123214 (2017) Kat:3, Licht: 0","123214","3","3","5","05","12","4","0","0","0","1","0","0"
"POINT (9.940050499000051 53.550098099000081)","Unfall 123215 (2017) Kat:3, Licht: 0","123215","3","6","3","05","10","2","0","0","0","1","0","1"
"POINT (9.955218036000076 53.451892172000044)","Unfall 123216 (2017) Kat:2, Licht: 0","123216","2","3","5","05","07","3","0","0","0","1","0","1"
"POINT (10.072546795000051 53.569990742000073)","Unfall 123217 (2017) Kat:3, Licht: 0","123217","3","3","5","05","16","2","0","0","1","1","0","0"
"POINT (10.042638171000021 53.539213439000036)","Unfall 123218 (2017) Kat:3, Licht: 0","123218","3","2","5","05","10","3","0","0","1","0","0","0"
"POINT (9.984216093000043 53.592655199000035)","Unfall 123219 (2017) Kat:3, Licht: 0","123219","3","2","6","05","11","3","0","0","0","1","1","0"
"POINT (10.116687873000046 53.577319095000064)","Unfall 123220 (2017) Kat:3, Licht: 0","123220","3","7","0","05","09","3","0","0","0","1","0","0"
"POINT (10.139436654000065 53.630439434000039)","Unfall 123221 (2017) Kat:3, Licht: 0","123221","3","6","2","05","13","3","0","0","0","1","0","0"
"POINT (10.097548566000057 53.605906639000068)","Unfall 123222 (2017) Kat:3, Licht: 0","123222","3","6","2","05","08","3","0","0","0","1","0","1"
"POINT (10.068253691000052 53.581392199000049)","Unfall 123223 (2017) Kat:2, Licht: 0","123223","2","6","3","05","10","3","0","0","0","1","0","0"
"POINT (9.979767848000051 53.578821513000037)","Unfall 123224 (2017) Kat:3, Licht: 0","123224","3","2","4","05","15","4","0","0","1","1","0","0"
"POINT (10.039048425000033 53.606784639000068)","Unfall 123225 (2017) Kat:3, Licht: 0","123225","3","6","3","05","07","3","0","0","1","1","0","0"
"POINT (10.050819722000028 53.612685958000043)","Unfall 123226 (2017) Kat:3, Licht: 0","123226","3","6","2","05","16","3","0","0","1","1","0","0"
"POINT (10.032321640000021 53.593215648000069)","Unfall 123227 (2017) Kat:3, Licht: 0","123227","3","6","0","05","10","3","0","0","0","1","0","1"
"POINT (10.035664579000070 53.564749130000052)","Unfall 123228 (2017) Kat:2, Licht: 0","123228","2","5","1","05","15","3","0","0","0","1","0","0"
"POINT (10.018435979000060 53.568108614000039)","Unfall 123229 (2017) Kat:3, Licht: 0","123229","3","3","5","05","15","3","0","0","1","1","0","0"
"POINT (10.042409822000025 53.565417297000067)","Unfall 123230 (2017) Kat:3, Licht: 0","123230","3","3","5","05","18","3","0","0","0","1","0","0"
"POINT (9.915928777000033 53.563594083000055)","Unfall 123231 (2017) Kat:3, Licht: 0","123231","3","5","1","05","14","3","0","0","0","1","0","0"
"POINT (9.973797046000072 53.588110043000029)","Unfall 123232 (2017) Kat:3, Licht: 0","123232","3","6","3","05","12","3","0","0","1","0","0","0"
"POINT (9.993416975000059 53.585659134000082)","Unfall 123233 (2017) Kat:3, Licht: 0","123233","3","3","5","05","12","3","0","0","0","1","0","0"
"POINT (9.962118458000077 53.550416484000039)","Unfall 123234 (2017) Kat:3, Licht: 0","123234","3","3","5","05","12","3","0","0","0","1","0","1"
"POINT (9.989675602000034 53.558279864000042)","Unfall 123235 (2017) Kat:3, Licht: 0","123235","3","6","2","05","10","3","0","0","0","1","0","0"
"POINT (9.870179951000068 53.476484661000029)","Unfall 123236 (2017) Kat:3, Licht: 0","123236","3","3","5","05","16","2","0","0","1","1","0","0"
"POINT (9.981152953000049 53.420807877000072)","Unfall 123237 (2017) Kat:3, Licht: 0","123237","3","6","2","05","15","2","0","0","0","1","0","0"
"POINT (10.158570717000032 53.484017986000026)","Unfall 123238 (2017) Kat:3, Licht: 0","123238","3","4","6","05","13","2","0","0","0","1","1","0"
"POINT (10.035282767000069 53.541402212000037)","Unfall 123239 (2017) Kat:3, Licht: 0","123239","3","2","5","05","07","2","1","0","1","1","0","0"
"POINT (10.078363227000068 53.589145293000058)","Unfall 123240 (2017) Kat:3, Licht: 0","123240","3","6","2","05","17","2","0","0","0","1","0","0"
"POINT (9.953152192000061 53.546385776000079)","Unfall 123241 (2017) Kat:3, Licht: 2","123241","3","2","4","05","21","1","0","2","0","1","0","0"
"POINT (10.073088874000064 53.608741158000043)","Unfall 123242 (2017) Kat:3, Licht: 0","123242","3","6","1","05","17","2","0","0","0","1","0","0"
"POINT (10.002346498000065 53.557127359000049)","Unfall 123243 (2017) Kat:3, Licht: 0","123243","3","3","5","05","07","2","0","0","0","1","0","0"
"POINT (10.000413147000074 53.621563154000057)","Unfall 123244 (2017) Kat:3, Licht: 0","123244","3","3","5","05","08","2","1","0","1","1","0","0"
"POINT (10.013807685000074 53.578770503000044)","Unfall 123245 (2017) Kat:3, Licht: 0","123245","3","4","6","05","15","2","0","0","0","0","1","1"
"POINT (10.039367978000030 53.648335635000080)","Unfall 123246 (2017) Kat:3, Licht: 0","123246","3","3","6","05","13","2","0","0","1","0","1","0"
"POINT (9.954511297000067 53.455805558000066)","Unfall 123247 (2017) Kat:3, Licht: 2","123247","3","2","3","05","04","2","0","2","1","1","0","0"
"POINT (10.004121008000027 53.657970954000064)","Unfall 123248 (2017) Kat:2, Licht: 2","123248","2","4","6","05","22","2","0","2","0","1","1","0"
"POINT (10.042509451000058 53.597712483000066)","Unfall 123249 (2017) Kat:3, Licht: 0","123249","3","6","2","05","13","3","0","0","0","1","0","0"
"POINT (10.002104347000056 53.590988259000028)","Unfall 123250 (2017) Kat:3, Licht: 0","123250","3","3","5","05","18","2","0","0","1","1","0","0"
"POINT (10.128847703000076 53.482111435000036)","Unfall 123251 (2017) Kat:3, Licht: 0","123251","3","2","2","06","17","1","0","0","0","1","0","0"
"POINT (10.020878834000030 53.648115662000066)","Unfall 123252 (2017) Kat:3, Licht: 0","123252","3","3","5","06","13","2","0","0","1","1","0","0"
"POINT (10.149109351000050 53.663395069000046)","Unfall 123253 (2017) Kat:3, Licht: 0","123253","3","3","5","06","09","2","0","0","0","1","0","0"
"POINT (9.951713020000057 53.566039267000065)","Unfall 123254 (2017) Kat:3, Licht: 0","123254","3","3","5","06","10","3","1","0","1","1","0","0"
"POINT (9.988309737000066 53.603216324000073)","Unfall 123255 (2017) Kat:3, Licht: 0","123255","3","6","2","06","18","2","0","0","0","1","0","0"
"POINT (9.866666678000058 53.581965828000079)","Unfall 123256 (2017) Kat:2, Licht: 0","123256","2","6","2","06","21","3","0","0","0","1","0","0"
"POINT (10.005873479000059 53.550125392000041)","Unfall 123257 (2017) Kat:2, Licht: 0","123257","2","4","6","06","17","2","0","0","0","1","1","0"
"POINT (10.101344378000022 53.540886774000057)","Unfall 123258 (2017) Kat:3, Licht: 0","123258","3","6","2","06","15","3","0","0","0","1","0","0"
"POINT (10.007104843000036 53.551914283000031)","Unfall 123259 (2017) Kat:2, Licht: 0","123259","2","3","6","06","16","2","0","0","1","0","1","0"
"POINT (9.858029868000074 53.475533007000081)","Unfall 123260 (2017) Kat:2, Licht: 0","123260","2","1","8","06","16","1","0","0","0","0","0","1"
"POINT (10.208336036000048 53.481480610000062)","Unfall 123261 (2017) Kat:3, Licht: 0","123261","3","3","5","06","17","1","0","0","1","1","0","0"
"POINT (9.954165366000041 53.560835915000041)","Unfall 123262 (2017) Kat:3, Licht: 2","123262","3","7","0","06","03","6","0","2","1","0","0","0"
"POINT (10.094145667000021 53.638157449000062)","Unfall 123263 (2017) Kat:3, Licht: 0","123263","3","6","2","06","15","6","0","0","0","1","0","0"
"POINT (10.002936374000058 53.481437322000033)","Unfall 123264 (2017) Kat:3, Licht: 0","123264","3","2","3","06","09","6","0","0","0","1","0","0"
"POINT (10.210472173000028 53.509029118000058)","Unfall 123265 (2017) Kat:2, Licht: 0","123265","2","7","5","06","16","4","1","0","0","1","0","1"
"POINT (10.045046042000024 53.588651644000038)","Unfall 123266 (2017) Kat:3, Licht: 0","123266","3","6","0","06","16","5","1","0","0","1","0","1"
"POINT (9.959310798000047 53.564939867000078)","Unfall 123267 (2017) Kat:3, Licht: 0","123267","3","6","2","06","09","6","0","0","0","1","0","0"
"POINT (10.047760835000076 53.561905407000040)","Unfall 123268 (2017) Kat:3, Licht: 1","123268","3","2","0","06","20","6","1","1","0","0","0","1"
"POINT (9.975806825000063 53.570106179000049)","Unfall 123269 (2017) Kat:3, Licht: 0","123269","3","3","5","06","12","7","0","0","0","1","0","0"
"POINT (10.084164159000068 53.554972245000044)","Unfall 123270 (2017) Kat:3, Licht: 0","123270","3","3","5","06","19","1","0","0","1","1","0","0"
"POINT (10.094437473000028 53.544799045000047)","Unfall 123271 (2017) Kat:3, Licht: 2","123271","3","6","1","06","00","7","1","2","0","1","0","0"
"POINT (10.033153048000031 53.536076717000071)","Unfall 123272 (2017) Kat:3, Licht: 0","123272","3","3","5","06","18","1","0","0","0","1","0","1"
"POINT (9.910978819000036 53.646093082000050)","Unfall 123273 (2017) Kat:3, Licht: 0","123273","3","6","4","06","20","1","1","0","0","1","0","0"
"POINT (10.108522936000043 53.606254869000054)","Unfall 123274 (2017) Kat:3, Licht: 0","123274","3","6","2","06","15","1","0","0","0","1","0","0"
"POINT (9.956806082000071 53.562179313000058)","Unfall 123275 (2017) Kat:3, Licht: 0","123275","3","2","4","06","14","2","0","0","1","1","0","0"
"POINT (10.150439132000031 53.586528187000056)","Unfall 123276 (2017) Kat:3, Licht: 0","123276","3","2","3","06","10","1","1","0","0","1","0","0"
"POINT (10.124375489000045 53.587858166000046)","Unfall 123277 (2017) Kat:3, Licht: 0","123277","3","6","2","06","13","1","0","0","0","1","0","0"
"POINT (10.111062078000032 53.561765497000067)","Unfall 123278 (2017) Kat:3, Licht: 0","123278","3","4","6","06","18","7","0","0","0","1","1","0"
"POINT (9.887067759000047 53.559674337000047)","Unfall 123279 (2017) Kat:3, Licht: 0","123279","3","2","5","06","10","1","0","0","0","1","0","0"
"POINT (10.116759440000067 53.607952127000033)","Unfall 123280 (2017) Kat:2, Licht: 0","123280","2","3","5","06","19","1","0","0","1","1","0","0"
"POINT (9.981593664000059 53.566524313000059)","Unfall 123281 (2017) Kat:3, Licht: 0","123281","3","4","6","06","12","2","0","0","0","1","1","0"
"POINT (10.084685601000047 53.613577051000050)","Unfall 123282 (2017) Kat:3, Licht: 0","123282","3","4","6","06","16","1","0","0","0","1","1","0"
"POINT (9.962440170000036 53.470499161000077)","Unfall 123283 (2017) Kat:3, Licht: 0","123283","3","2","6","06","06","2","0","0","0","1","1","0"
"POINT (10.057341021000070 53.636630873000058)","Unfall 123284 (2017) Kat:3, Licht: 0","123284","3","3","5","06","10","1","1","0","0","1","0","0"
"POINT (9.956394570000043 53.567810376000068)","Unfall 123285 (2017) Kat:3, Licht: 0","123285","3","5","1","06","14","3","0","0","1","1","0","0"
"POINT (10.093246711000063 53.675868286000082)","Unfall 123286 (2017) Kat:3, Licht: 0","123286","3","2","5","06","18","1","0","0","1","1","0","0"
"POINT (10.032682631000057 53.591783946000078)","Unfall 123287 (2017) Kat:3, Licht: 0","123287","3","6","2","06","10","1","1","0","0","1","0","0"
"POINT (10.034006489000035 53.567509297000072)","Unfall 123288 (2017) Kat:3, Licht: 2","123288","3","7","0","06","01","1","1","2","0","1","1","0"
"POINT (10.071344125000053 53.582995216000029)","Unfall 123289 (2017) Kat:3, Licht: 0","123289","3","2","4","06","19","5","0","0","0","1","0","1"
"POINT (9.989085619000036 53.439298785000062)","Unfall 123290 (2017) Kat:3, Licht: 0","123290","3","6","2","06","18","5","0","0","0","1","0","0"
"POINT (9.913231629000052 53.559645923000062)","Unfall 123291 (2017) Kat:3, Licht: 0","123291","3","6","4","06","19","6","0","0","1","1","0","0"
"POINT (9.969821686000046 53.567705208000064)","Unfall 123292 (2017) Kat:3, Licht: 0","123292","3","2","4","06","16","4","1","0","1","1","0","0"
"POINT (10.061236595000025 53.560382201000039)","Unfall 123293 (2017) Kat:3, Licht: 0","123293","3","2","3","06","16","6","0","0","1","1","0","0"
"POINT (10.055583022000064 53.606487648000041)","Unfall 123294 (2017) Kat:3, Licht: 0","123294","3","3","5","06","08","4","0","0","1","1","0","0"