WKT,Name,OBJECTID,UKATEGORIE,UTYP1,UART,UMONAT,USTUNDE,UWOCHENTAG,STRZUSTAND,ULICHTVERH,ISTRAD,ISTPKW,ISTFUSS,ISTKRAD
"POINT (9.948235537000073 53.577099806000035)","Unfall 123295 (2017) Kat:3, Licht: 0","123295","3","7","0","06","19","5","0","0","1","1","0","0"
"POINT (10.031621669000060 53.596046949000026)","Unfall 123296 (2017) Kat:3, Licht: 0","123296","3","1","0","06","16","7","0","0","0","0","0","1"
"POINT (10.112293840000063 53.620707555000081)","Unfall 123297 (2017) Kat:3, Licht: 0","123297","3","3","5","06","17","5","1","0","0","1","0","1"
"POINT (10.010647991000042 53.559786417000055)","Unfall 123298 (2017) Kat:3, Licht: 0","123298","3","3","0","06","17","7","0","0","1","1","0","0"
"POINT (10.037964978000048 53.593639725000060)","Unfall 123299 (2017) Kat:3, Licht: 0","123299","3","5","1","06","14","7","0","0","0","1","0","1"
"POINT (10.006603107000046 53.550097752000056)","Unfall 123300 (2017) Kat:3, Licht: 2","123300","3","3","5","06","23","1","1","2","0","1","0","0"
"POINT (9.956286297000077 53.641877059000080)","Unfall 123301 (2017) Kat:3, Licht: 0","123301","3","5","1","06","16","1","0","0","1","1","0","0"
"POINT (10.179619572000036 53.496170372000051)","Unfall 123302 (2017) Kat:3, Licht: 0","123302","3","3","5","06","20","1","1","0","1","1","0","0"
"POINT (9.956034684000031 53.568281003000038)","Unfall 123303 (2017) Kat:3, Licht: 2","123303","3","7","6","06","23","1","0","2","0","1","1","0"
"POINT (10.165870390000066 53.652678896000054)","Unfall 123304 (2017) Kat:3, Licht: 0","123304","3","4","6","06","09","2","0","0","0","1","1","0"
"POINT (9.961104404000025 53.546382716000039)","Unfall 123305 (2017) Kat:3, Licht: 0","123305","3","5","1","06","14","1","0","0","1","1","0","0"
"POINT (9.925463723000064 53.431635659000051)","Unfall 123306 (2017) Kat:2, Licht: 0","123306","2","6","4","06","14","7","1","0","0","1","0","0"
"POINT (9.932820269000047 53.431035371000064)","Unfall 123307 (2017) Kat:3, Licht: 0","123307","3","7","0","06","09","7","1","0","0","0","0","1"
"POINT (10.206051149000075 53.493149301000074)","Unfall 123308 (2017) Kat:2, Licht: 0","123308","2","3","5","06","11","4","0","0","1","1","0","0"
"POINT (9.850432819000048 53.596172200000069)","Unfall 123309 (2017) Kat:3, Licht: 0","123309","3","3","5","06","18","5","0","0","1","0","0","0"
"POINT (10.080090994000045 53.549654912000051)","Unfall 123310 (2017) Kat:3, Licht: 0","123310","3","7","3","06","09","5","0","0","0","1","0","0"
"POINT (10.042685462000065 53.591424858000039)","Unfall 123311 (2017) Kat:3, Licht: 0","123311","3","2","4","06","10","3","0","0","1","1","0","0"
"POINT (9.949002767000025 53.576599229000067)","Unfall 123312 (2017) Kat:3, Licht: 0","123312","3","2","5","06","12","6","1","0","0","1","0","0"
"POINT (10.112270345000070 53.535269940000035)","Unfall 123313 (2017) Kat:3, Licht: 0","123313","3","2","1","06","16","3","1","0","0","1","0","0"
"POINT (10.052052292000042 53.635105873000043)","Unfall 123314 (2017) Kat:3, Licht: 0","123314","3","3","0","06","19","6","0","0","1","0","0","0"
"POINT (10.016031685000030 53.562454719000073)","Unfall 123315 (2017) Kat:3, Licht: 0","123315","3","6","1","06","12","4","1","0","0","1","0","0"
"POINT (9.970668421000028 53.546914921000052)","Unfall 123316 (2017) Kat:3, Licht: 1","123316","3","6","2","06","21","7","0","1","0","1","0","0"
"POINT (9.982570164000038 53.522846915000059)","Unfall 123317 (2017) Kat:3, Licht: 0","123317","3","2","3","06","16","4","1","0","1","0","0","0"
"POINT (10.015437941000073 53.617316868000046)","Unfall 123318 (2017) Kat:3, Licht: 0","123318","3","6","2","06","13","5","1","0","0","1","0","0"
"POINT (9.952589986000021 53.601622971000040)","Unfall 123319 (2017) Kat:3, Licht: 2","123319","3","7","9","06","01","6","1","2","0","1","0","0"
"POINT (10.089706922000062 53.607370055000047)","Unfall 123320 (2017) Kat:3, Licht: 0","123320","3","6","2","06","17","6","0","0","0","1","0","0"
"POINT (10.015913729000033 53.562521394000044)","Unfall 123321 (2017) Kat:3, Licht: 0","123321","3","6","1","06","12","4","1","0","0","1","0","0"
"POINT (9.961301452000043 53.550637410000036)","Unfall 123322 (2017) Kat:3, Licht: 2","123322","3","7","6","06","01","7","0","2","0","1","1","0"
"POINT (9.969281621000050 53.516609741000082)","Unfall 123323 (2017) Kat:3, Licht: 0","123323","3","6","2","06","11","5","0","0","0","1","0","0"
"POINT (10.004556516000036 53.657253723000053)","Unfall 123324 (2017) Kat:3, Licht: 0","123324","3","2","3","06","18","5","1","0","1","1","0","0"
"POINT (9.911704361000034 53.565198600000031)","Unfall 123325 (2017) Kat:3, Licht: 0","123325","3","5","1","06","14","6","0","0","1","1","0","0"
"POINT (10.075361962000045 53.553072947000032)","Unfall 123326 (2017) Kat:3, Licht: 2","123326","3","3","6","06","23","6","0","2","0","0","1","1"
"POINT (10.010152132000030 53.438766242000042)","Unfall 123327 (2017) Kat:3, Licht: 0","123327","3","7","0","06","12","7","1","0","1","1","0","0"
"POINT (9.960613358000046 53.573370562000036)","Unfall 123328 (2017) Kat:3, Licht: 0","123328","3","5","1","06","12","7","0","0","1","1","0","0"
"POINT (10.177972309000040 53.447561870000072)","Unfall 123329 (2017) Kat:3, Licht: 2","123329","3","7","9","06","01","7","1","2","0","1","0","0"
"POINT (10.011076634000062 53.495706914000039)","Unfall 123330 (2017) Kat:2, Licht: 2","123330","2","4","6","06","22","7","0","2","0","1","1","0"
"POINT (10.040235621000022 53.567035837000049)","Unfall 123331 (2017) Kat:3, Licht: 0","123331","3","7","5","06","18","1","1","0","0","1","0","0"
"POINT (10.105955679000033 53.558921534000035)","Unfall 123332 (2017) Kat:3, Licht: 2","123332","3","6","2","06","01","7","0","2","0","1","0","0"
"POINT (10.068058286000053 53.571549093000044)","Unfall 123333 (2017) Kat:3, Licht: 0","123333","3","7","3","06","10","7","1","0","0","1","0","0"
"POINT (10.107787697000049 53.655443619000039)","Unfall 123334 (2017) Kat:3, Licht: 0","123334","3","6","3","06","12","7","1","0","0","1","0","0"
"POINT (10.005284016000076 53.557923060000064)","Unfall 123335 (2017) Kat:3, Licht: 0","123335","3","6","3","06","09","4","0","0","1","0","0","0"
"POINT (10.106414437000069 53.647297845000082)","Unfall 123336 (2017) Kat:3, Licht: 0","123336","3","7","5","06","09","4","0","0","0","1","0","0"
"POINT (9.996717133000061 53.557043271000055)","Unfall 123337 (2017) Kat:2, Licht: 0","123337","2","4","6","06","16","5","0","0","0","1","1","0"
"POINT (10.031401074000030 53.596461012000077)","Unfall 123338 (2017) Kat:3, Licht: 0","123338","3","6","2","06","14","7","0","0","0","1","0","0"
"POINT (10.140297622000048 53.584015556000054)","Unfall 123339 (2017) Kat:3, Licht: 0","123339","3","5","1","06","09","5","0","0","0","1","0","0"
"POINT (9.983362603000046 53.583968501000072)","Unfall 123340 (2017) Kat:3, Licht: 0","123340","3","6","6","06","19","3","0","0","1","1","1","0"
"POINT (9.998916888000053 53.554522499000029)","Unfall 123341 (2017) Kat:3, Licht: 0","123341","3","6","2","06","07","6","0","0","1","0","0","0"
"POINT (10.055679594000026 53.606450504000065)","Unfall 123342 (2017) Kat:2, Licht: 0","123342","2","3","5","06","15","3","0","0","0","1","0","0"
"POINT (9.763153393000039 53.581331979000026)","Unfall 123343 (2017) Kat:3, Licht: 0","123343","3","1","0","06","20","6","0","0","1","0","0","0"
"POINT (9.973297690000038 53.598390131000031)","Unfall 123344 (2017) Kat:3, Licht: 0","123344","3","3","5","06","07","4","0","0","1","1","0","0"
"POINT (10.058518321000065 53.576756946000046)","Unfall 123345 (2017) Kat:3, Licht: 0","123345","3","6","1","06","13","4","1","0","0","1","0","0"
"POINT (10.050723343000072 53.582221353000079)","Unfall 123346 (2017) Kat:3, Licht: 0","123346","3","7","0","06","15","7","0","0","0","1","0","1"
"POINT (9.889015486000062 53.478009205000035)","Unfall 123347 (2017) Kat:3, Licht: 0","123347","3","6","1","06","17","2","1","0","0","1","0","0"
"POINT (10.020309582000039 53.565963500000066)","Unfall 123348 (2017) Kat:3, Licht: 0","123348","3","6","2","06","17","7","0","0","0","1","0","0"
"POINT (9.903912306000052 53.608743360000062)","Unfall 123349 (2017) Kat:3, Licht: 0","123349","3","5","1","06","17","7","0","0","0","1","0","0"
"POINT (9.928317510000056 53.560302506000028)","Unfall 123350 (2017) Kat:2, Licht: 2","123350","2","5","4","06","00","7","0","2","0","1","0","1"
"POINT (10.105635777000032 53.570491309000033)","Unfall 123351 (2017) Kat:3, Licht: 0","123351","3","6","3","06","19","5","1","0","0","1","0","0"
"POINT (9.988737134000076 53.548362787000030)","Unfall 123352 (2017) Kat:3, Licht: 0","123352","3","6","2","06","07","6","0","0","1","0","0","0"
"POINT (10.084830685000043 53.614311869000062)","Unfall 123353 (2017) Kat:3, Licht: 0","123353","3","3","0","06","17","3","1","0","1","0","0","0"
"POINT (9.845046065000076 53.557166298000027)","Unfall 123354 (2017) Kat:3, Licht: 0","123354","3","3","5","06","19","6","0","0","1","1","0","0"
"POINT (9.824506204000045 53.571752643000082)","Unfall 123355 (2017) Kat:2, Licht: 0","123355","2","4","6","06","12","4","1","0","0","1","1","0"
"POINT (10.104506166000021 53.544514693000053)","Unfall 123356 (2017) Kat:3, Licht: 0","123356","3","6","2","06","16","6","0","0","0","1","0","0"
"POINT (10.115529438000067 53.607289580000042)","Unfall 123357 (2017) Kat:3, Licht: 0","123357","3","3","5","06","16","4","1","0","1","1","0","0"
"POINT (9.919745897000041 53.570710907000034)","Unfall 123358 (2017) Kat:3, Licht: 0","123358","3","3","5","06","14","5","1","0","1","1","0","0"
"POINT (9.953433263000022 53.471210442000029)","Unfall 123359 (2017) Kat:3, Licht: 0","123359","3","6","4","06","13","7","0","0","0","1","0","0"
"POINT (10.101773663000074 53.455292695000082)","Unfall 123360 (2017) Kat:3, Licht: 0","123360","3","6","0","06","15","5","0","0","0","0","0","0"
"POINT (10.080181887000037 53.608291458000053)","Unfall 123361 (2017) Kat:3, Licht: 0","123361","3","3","5","06","16","6","1","0","0","1","0","0"
"POINT (10.003729454000052 53.557408599000041)","Unfall 123362 (2017) Kat:3, Licht: 0","123362","3","7","0","06","16","7","0","0","1","0","1","0"
"POINT (9.917747054000074 53.552253523000047)","Unfall 123363 (2017) Kat:3, Licht: 0","123363","3","6","2","06","20","7","0","0","1","1","0","0"
"POINT (10.005153042000074 53.582326225000031)","Unfall 123364 (2017) Kat:3, Licht: 0","123364","3","7","0","06","19","7","0","0","1","1","0","0"
"POINT (9.957209914000032 53.470322816000078)","Unfall 123365 (2017) Kat:3, Licht: 0","123365","3","7","6","06","15","6","0","0","1","0","1","0"
"POINT (10.013257283000030 53.493352587000061)","Unfall 123366 (2017) Kat:3, Licht: 0","123366","3","2","3","06","14","6","0","0","1","1","0","0"
"POINT (9.889928776000033 53.601606747000062)","Unfall 123367 (2017) Kat:3, Licht: 0","123367","3","3","5","06","15","3","0","0","1","0","0","0"
"POINT (10.144300304000069 53.588211891000071)","Unfall 123368 (2017) Kat:3, Licht: 0","123368","3","5","1","06","20","3","0","0","0","1","0","0"
"POINT (9.903564372000062 53.502873241000032)","Unfall 123369 (2017) Kat:2, Licht: 0","123369","2","1","8","06","21","7","0","0","0","0","0","1"
"POINT (10.112169598000037 53.575694346000034)","Unfall 123370 (2017) Kat:3, Licht: 0","123370","3","2","4","06","15","6","0","0","0","1","0","0"
"POINT (9.986736903000065 53.547794512000053)","Unfall 123371 (2017) Kat:3, Licht: 0","123371","3","6","1","06","15","7","0","0","0","1","0","1"
"POINT (10.026821855000037 53.630996182000047)","Unfall 123372 (2017) Kat:3, Licht: 0","123372","3","2","3","06","16","7","0","0","0","1","0","0"
"POINT (10.177406133000034 53.512588793000077)","Unfall 123373 (2017) Kat:3, Licht: 0","123373","3","6","2","06","16","6","0","0","0","1","0","0"
"POINT (9.990507291000029 53.560836257000062)","Unfall 123374 (2017) Kat:2, Licht: 0","123374","2","3","5","06","11","1","0","0","1","1","0","0"
"POINT (10.152356556000029 53.542846494000059)","Unfall 123375 (2017) Kat:3, Licht: 0","123375","3","2","4","06","11","6","0","0","0","1","0","0"
"POINT (10.008055201000047 53.554793345000064)","Unfall 123376 (2017) Kat:3, Licht: 0","123376","3","5","1","06","14","2","1","0","1","1","0","0"
"POINT (10.084550886000045 53.553459642000064)","Unfall 123377 (2017) Kat:3, Licht: 0","123377","3","3","5","06","08","6","0","0","0","0","0","0"
"POINT (10.046256004000043 53.558299464000072)","Unfall 123378 (2017) Kat:3, Licht: 0","123378","3","2","4","06","17","6","0","0","0","1","0","0"
"POINT (10.021757391000051 53.544222012000034)","Unfall 123379 (2017) Kat:3, Licht: 0","123379","3","7","2","06","09","6","0","0","0","1","0","0"
"POINT (10.020625970000026 53.530149108000046)","Unfall 123380 (2017) Kat:3, Licht: 0","123380","3","6","3","06","12","4","0","0","0","1","0","0"
"POINT (10.016168235000066 53.651853838000079)","Unfall 123381 (2017) Kat:3, Licht: 0","123381","3","3","5","06","07","5","0","0","1","1","0","0"
"POINT (10.010515588000032 53.556320320000054)","Unfall 123382 (2017) Kat:3, Licht: 0","123382","3","7","6","06","08","3","0","0","0","1","1","0"
"POINT (10.007787303000043 53.484063333000051)","Unfall 123383 (2017) Kat:3, Licht: 0","123383","3","1","4","06","15","5","0","0","1","1","0","0"
"POINT (10.008794705000071 53.648185203000082)","Unfall 123384 (2017) Kat:3, Licht: 0","123384","3","3","5","06","07","3","0","0","1","0","0","0"
"POINT (9.962916266000036 53.599723383000082)","Unfall 123385 (2017) Kat:3, Licht: 0","123385","3","6","2","06","09","6","0","0","0","1","0","0"
"POINT (10.185104561000060 53.486421755000038)","Unfall 123386 (2017) Kat:3, Licht: 0","123386","3","3","5","06","18","3","0","0","0","1","0","0"
"POINT (10.070673353000075 53.571175120000078)","Unfall 123387 (2017) Kat:3, Licht: 0","123387","3","5","1","06","18","6","0","0","0","1","0","0"
"POINT (10.033704268000065 53.573577386000068)","Unfall 123388 (2017) Kat:3, Licht: 0","123388","3","2","3","06","16","4","1","0","1","0","0","0"
"POINT (10.019221163000054 53.552968518000057)","Unfall 123389 (2017) Kat:3, Licht: 0","123389","3","3","5","06","07","5","0","0","1","1","0","0"
"POINT (10.094107709000070 53.682854558000031)","Unfall 123390 (2017) Kat:2, Licht: 0","123390","2","6","4","06","19","5","1","0","0","1","0","0"
"POINT (9.876793608000071 53.598610161000067)","Unfall 123391 (2017) Kat:3, Licht: 0","123391","3","7","1","06","11","6","0","0","0","1","0","0"
"POINT (10.141353931000026 53.455855637000070)","Unfall 123392 (2017) Kat:3, Licht: 0","123392","3","7","0","06","18","6","1","0","0","0","0","1"
"POINT (9.896663188000048 53.604793069000038)","Unfall 123393 (2017) Kat:3, Licht: 0","123393","3","3","5","06","14","7","0","0","0","1","0","0"
"POINT (10.069809840000062 53.599911397000028)","Unfall 123394 (2017) Kat:3, Licht: 0","123394","3","5","3","06","16","5","1","0","0","0","0","1"
"POINT (9.908227417000035 53.563979522000068)","Unfall 123395 (2017) Kat:3, Licht: 0","123395","3","3","5","06","17","6","1","0","1","1","0","0"
"POINT (9.982665472000065 53.509384345000058)","Unfall 123396 (2017) Kat:3, Licht: 0","123396","3","1","0","06","06","6","0","0","0","0","0","1"
"POINT (10.124510768000050 53.570777170000042)","Unfall 123397 (2017) Kat:3, Licht: 0","123397","3","2","5","06","11","6","0","0","1","0","0","0"
"POINT (9.927010937000034 53.642042660000072)","Unfall 123398 (2017) Kat:3, Licht: 0","123398","3","7","1","06","16","7","0","0","0","1","0","0"
"POINT (10.000891771000056 53.515504999000029)","Unfall 123399 (2017) Kat:3, Licht: 2","123399","3","6","6","06","22","7","0","2","1","0","1","0"
"POINT (10.104373891000023 53.573577813000043)","Unfall 123400 (2017) Kat:3, Licht: 0","123400","3","6","2","06","07","6","0","0","0","1","0","0"
"POINT (10.067752145000043 53.582338232000041)","Unfall 123401 (2017) Kat:3, Licht: 0","123401","3","3","5","06","05","6","0","0","0","1","0","0"
"POINT (10.061749825000049 53.581065213000045)","Unfall 123402 (2017) Kat:3, Licht: 0","123402","3","6","3","06","13","6","0","0","1","1","0","0"
"POINT (9.987320773000022 53.548448889000042)","Unfall 123403 (2017) Kat:3, Licht: 0","123403","3","7","2","06","08","4","0","0","0","1","0","1"
"POINT (10.073819304000040 53.575393915000063)","Unfall 123404 (2017) Kat:3, Licht: 0","123404","3","7","0","06","17","4","0","0","1","0","0","0"
"POINT (10.096522412000070 53.569003928000029)","Unfall 123405 (2017) Kat:3, Licht: 0","123405","3","2","1","06","07","6","0","0","0","1","0","0"
"POINT (9.942106209000031 53.579480230000058)","Unfall 123406 (2017) Kat:3, Licht: 0","123406","3","6","3","06","08","5","0","0","0","1","0","0"
"POINT (10.051072756000053 53.646806837000042)","Unfall 123407 (2017) Kat:2, Licht: 0","123407","2","3","5","06","17","2","0","0","1","1","0","0"
"POINT (10.158552425000039 53.613945039000043)","Unfall 123408 (2017) Kat:3, Licht: 0","123408","3","5","1","06","12","5","0","0","0","1","0","0"
"POINT (9.887744861000044 53.622646795000037)","Unfall 123409 (2017) Kat:3, Licht: 0","123409","3","6","4","06","15","3","0","0","0","1","0","0"
"POINT (9.959935838000035 53.563685613000075)","Unfall 123410 (2017) Kat:3, Licht: 0","123410","3","2","4","06","18","6","0","0","1","1","0","0"
"POINT (10.132946441000058 53.605360543000074)","Unfall 123411 (2017) Kat:3, Licht: 0","123411","3","2","4","06","17","3","1","0","0","1","0","0"
"POINT (9.864814746000036 53.573155347000068)","Unfall 123412 (2017) Kat:3, Licht: 1","123412","3","6","2","06","20","4","1","1","0","1","0","0"
"POINT (10.133263222000039 53.584518754000044)","Unfall 123413 (2017) Kat:3, Licht: 0","123413","3","2","2","06","13","4","1","0","1","1","0","0"
"POINT (9.906972342000074 53.616111066000030)","Unfall 123414 (2017) Kat:3, Licht: 0","123414","3","7","0","06","16","4","1","0","1","0","0","0"
"POINT (10.198271683000030 53.500885948000075)","Unfall 123415 (2017) Kat:3, Licht: 0","123415","3","2","1","06","10","6","1","0","0","1","0","0"
"POINT (10.064504272000022 53.560114418000069)","Unfall 123416 (2017) Kat:3, Licht: 0","123416","3","3","5","06","16","4","1","0","1","1","0","0"
"POINT (9.912541877000024 53.553956795000033)","Unfall 123417 (2017) Kat:3, Licht: 0","123417","3","3","5","06","18","5","1","0","1","1","0","0"
"POINT (9.940011681000044 53.592946097000038)","Unfall 123418 (2017) Kat:3, Licht: 0","123418","3","6","1","06","17","1","0","0","0","1","0","1"
"POINT (9.976922669000032 53.564389645000063)","Unfall 123419 (2017) Kat:3, Licht: 0","123419","3","6","2","06","17","6","1","0","0","1","0","0"
"POINT (10.102596618000064 53.578982704000055)","Unfall 123420 (2017) Kat:3, Licht: 0","123420","3","3","5","06","13","6","0","0","1","1","0","0"
"POINT (9.997219550000068 53.571817293000038)","Unfall 123421 (2017) Kat:3, Licht: 0","123421","3","5","1","06","13","7","0","0","0","1","0","1"
"POINT (10.072175787000049 53.570416426000065)","Unfall 123422 (2017) Kat:3, Licht: 0","123422","3","6","2","06","14","6","0","0","0","0","0","1"
"POINT (10.059085079000056 53.593595285000049)","Unfall 123423 (2017) Kat:3, Licht: 0","123423","3","3","5","06","17","6","0","0","1","1","0","0"
"POINT (10.097115163000069 53.620345972000052)","Unfall 123424 (2017) Kat:3, Licht: 0","123424","3","6","1","06","13","6","0","0","0","1","0","0"
"POINT (9.819698288000041 53.561756907000074)","Unfall 123425 (2017) Kat:3, Licht: 0","123425","3","2","3","06","17","3","0","0","1","1","0","0"
"POINT (10.041560566000044 53.551179267000066)","Unfall 123426 (2017) Kat:3, Licht: 0","123426","3","2","4","06","18","3","0","0","0","1","0","0"
"POINT (10.040777877000039 53.642150664000042)","Unfall 123427 (2017) Kat:3, Licht: 0","123427","3","3","5","06","12","6","0","0","0","1","0","0"
"POINT (9.925329755000064 53.640502639000033)","Unfall 123428 (2017) Kat:3, Licht: 0","123428","3","6","2","06","18","4","0","0","0","1","0","0"
"POINT (10.098514503000047 53.650668354000061)","Unfall 123429 (2017) Kat:3, Licht: 0","123429","3","7","0","06","09","6","0","0","1","0","0","0"
"POINT (9.990637178000043 53.440238750000049)","Unfall 123430 (2017) Kat:3, Licht: 0","123430","3","3","5","06","18","4","0","0","0","1","0","0"
"POINT (10.027717710000047 53.672496318000071)","Unfall 123431 (2017) Kat:3, Licht: 0","123431","3","7","0","06","18","6","0","0","0","0","1","0"
"POINT (10.084972378000032 53.603265188000080)","Unfall 123432 (2017) Kat:3, Licht: 0","123432","3","3","0","06","16","5","0","0","1","1","0","0"
"POINT (9.994057920000046 53.547667645000047)","Unfall 123433 (2017) Kat:3, Licht: 0","123433","3","6","2","06","18","3","0","0","0","1","0","0"
"POINT (10.097790797000073 53.650372490000052)","Unfall 123434 (2017) Kat:3, Licht: 0","123434","3","2","4","06","18","3","1","0","0","1","0","0"
"POINT (9.874821434000069 53.477319265000062)","Unfall 123435 (2017) Kat:3, Licht: 0","123435","3","2","5","06","15","3","0","0","1","1","0","0"
"POINT (10.100974252000071 53.654531509000037)","Unfall 123436 (2017) Kat:3, Licht: 0","123436","3","6","3","06","08","4","0","0","1","0","0","0"
"POINT (9.781219594000049 53.521093331000031)","Unfall 123437 (2017) Kat:2, Licht: 0","123437","2","3","5","06","19","4","0","0","1","1","0","0"
"POINT (10.066260032000059 53.586923876000071)","Unfall 123438 (2017) Kat:3, Licht: 0","123438","3","7","0","06","16","5","0","0","1","1","0","0"
"POINT (10.000228119000042 53.555377540000052)","Unfall 123439 (2017) Kat:3, Licht: 0","123439","3","7","3","06","19","3","0","0","0","1","0","0"
"POINT (9.994277488000023 53.465252328000076)","Unfall 123440 (2017) Kat:3, Licht: 0","123440","3","6","2","06","16","5","0","0","0","1","0","0"
"POINT (10.117538919000026 53.649203182000065)","Unfall 123441 (2017) Kat:3, Licht: 0","123441","3","3","5","06","17","3","1","0","1","1","0","0"
"POINT (9.960342770000068 53.565058911000051)","Unfall 123442 (2017) Kat:3, Licht: 1","123442","3","6","4","06","20","6","0","1","1","0","0","0"
"POINT (10.010508042000026 53.550947709000070)","Unfall 123443 (2017) Kat:3, Licht: 0","123443","3","3","6","06","17","4","1","0","1","0","1","0"
"POINT (10.140786940000055 53.652966525000068)","Unfall 123444 (2017) Kat:3, Licht: 0","123444","3","6","1","06","13","4","1","0","0","1","0","0"
"POINT (9.927753651000046 53.548935872000072)","Unfall 123445 (2017) Kat:3, Licht: 0","123445","3","3","5","06","09","5","0","0","1","1","0","0"
"POINT (9.928949220000050 53.588363000000072)","Unfall 123446 (2017) Kat:3, Licht: 0","123446","3","5","1","06","15","7","0","0","1","1","0","0"
"POINT (10.097995544000071 53.579278483000053)","Unfall 123447 (2017) Kat:3, Licht: 0","123447","3","3","0","06","06","5","0","0","1","1","0","0"
"POINT (10.023608521000028 53.558178741000063)","Unfall 123448 (2017) Kat:3, Licht: 0","123448","3","3","5","06","15","6","0","0","1","1","0","0"
"POINT (9.992637925000054 53.665654048000079)","Unfall 123449 (2017) Kat:3, Licht: 0","123449","3","3","5","06","08","6","0","0","1","1","0","0"
"POINT (10.098574346000021 53.536247685000035)","Unfall 123450 (2017) Kat:3, Licht: 0","123450","3","6","2","06","15","2","0","0","0","0","0","0"
"POINT (9.958694165000054 53.565707757000041)","Unfall 123451 (2017) Kat:3, Licht: 0","123451","3","3","5","06","13","3","0","0","0","1","0","0"
"POINT (10.014826745000050 53.585488337000072)","Unfall 123452 (2017) Kat:3, Licht: 0","123452","3","2","3","06","11","6","0","0","1","0","0","0"
"POINT (10.003488643000026 53.641011352000078)","Unfall 123453 (2017) Kat:3, Licht: 2","123453","3","5","1","06","23","3","0","2","0","1","0","0"
"POINT (10.027394526000023 53.585214460000032)","Unfall 123454 (2017) Kat:3, Licht: 0","123454","3","5","1","06","18","6","0","0","1","1","0","0"
"POINT (9.988525332000052 53.557129275000079)","Unfall 123455 (2017) Kat:3, Licht: 0","123455","3","6","3","06","09","4","0","0","0","1","0","0"
"POINT (10.008346124000070 53.573034995000057)","Unfall 123456 (2017) Kat:3, Licht: 0","123456","3","6","0","06","19","6","0","0","1","1","0","0"
"POINT (10.094300316000044 53.578432243000066)","Unfall 123457 (2017) Kat:3, Licht: 0","123457","3","7","2","06","15","4","0","0","0","1","0","0"
"POINT (10.043029461000060 53.581673561000059)","Unfall 123458 (2017) Kat:3, Licht: 0","123458","3","6","2","06","12","6","0","0","0","1","0","0"
"POINT (10.119106142000021 53.663723859000072)","Unfall 123459 (2017) Kat:3, Licht: 0","123459","3","6","2","06","17","6","1","0","0","1","0","0"
"POINT (9.964824673000067 53.516374521000046)","Unfall 123460 (2017) Kat:3, Licht: 0","123460","3","6","1","06","05","7","1","0","0","1","0","0"
"POINT (10.033279538000045 53.573928396000042)","Unfall 123461 (2017) Kat:2, Licht: 0","123461","2","7","0","06","18","6","0","0","0","0","0","1"
"POINT (10.057290053000031 53.565993197000068)","Unfall 123462 (2017) Kat:3, Licht: 1","123462","3","3","5","06","19","7","0","1","0","1","0","0"
"POINT (9.987789607000025 53.453656164000051)","Unfall 123463 (2017) Kat:3, Licht: 0","123463","3","3","5","06","19","7","1","0","0","1","0","0"
"POINT (10.052887467000062 53.573767057000055)","Unfall 123464 (2017) Kat:3, Licht: 0","123464","3","6","2","06","07","6","0","0","0","1","0","0"
"POINT (10.023277058000076 53.558456395000064)","Unfall 123465 (2017) Kat:3, Licht: 0","123465","3","6","3","06","13","6","0","0","0","1","0","0"
"POINT (10.096496195000043 53.619102590000068)","Unfall 123466 (2017) Kat:2, Licht: 2","123466","2","1","8","06","00","3","1","2","0","1","0","0"
"POINT (9.990609265000046 53.554404781000073)","Unfall 123467 (2017) Kat:3, Licht: 0","123467","3","7","6","06","19","4","0","0","1","0","1","0"
"POINT (10.178250087000038 53.590684146000058)","Unfall 123468 (2017) Kat:2, Licht: 0","123468","2","4","6","06","13","4","0","0","0","1","1","0"
"POINT (9.909953678000022 53.604338672000040)","Unfall 123469 (2017) Kat:3, Licht: 0","123469","3","3","5","06","19","6","0","0","0","1","0","0"
"POINT (9.992312760000061 53.591843170000061)","Unfall 123470 (2017) Kat:3, Licht: 0","123470","3","3","5","06","17","5","0","0","1","1","0","0"
"POINT (10.055357368000045 53.561031491000051)","Unfall 123471 (2017) Kat:3, Licht: 0","123471","3","2","3","06","17","2","0","0","1","1","0","0"
"POINT (10.042384243000072 53.555580885000040)","Unfall 123472 (2017) Kat:3, Licht: 0","123472","3","2","3","06","19","5","1","0","1","0","0","0"
"POINT (10.025007150000022 53.562310519000050)","Unfall 123473 (2017) Kat:3, Licht: 0","123473","3","7","7","06","17","3","1","0","1","1","1","0"
"POINT (10.104981291000058 53.545057074000056)","Unfall 123474 (2017) Kat:3, Licht: 0","123474","3","7","3","06","16","3","1","0","0","1","0","0"
"POINT (10.055193740000050 53.591766716000052)","Unfall 123475 (2017) Kat:3, Licht: 0","123475","3","6","1","06","13","4","1","0","0","1","0","0"
"POINT (9.909152554000059 53.602907174000052)","Unfall 123476 (2017) Kat:3, Licht: 0","123476","3","5","0","06","14","6","0","0","1","1","0","0"
"POINT (9.948082742000054 53.641254778000075)","Unfall 123477 (2017) Kat:3, Licht: 0","123477","3","3","5","06","15","6","0","0","1","1","0","0"
"POINT (10.105442639000046 53.542573223000034)","Unfall 123478 (2017) Kat:3, Licht: 0","123478","3","3","5","06","12","6","0","0","1","1","0","0"
"POINT (9.767823700000065 53.577068420000046)","Unfall 123479 (2017) Kat:3, Licht: 0","123479","3","5","3","06","11","6","0","0","1","1","0","0"