WKT,Name,OBJECTID,UKATEGORIE,UTYP1,UART,UMONAT,USTUNDE,UWOCHENTAG,STRZUSTAND,ULICHTVERH,ISTRAD,ISTPKW,ISTFUSS,ISTKRAD
"POINT (9.921938420000060 53.554594676000079)","Unfall 123480 (2017) Kat:3, Licht: 0","123480","3","5","1","06","18","7","0","0","0","1","0","0"
"POINT (9.905088145000036 53.568041691000076)","Unfall 123481 (2017) Kat:3, Licht: 0","123481","3","6","1","06","07","6","0","0","0","1","0","0"
"POINT (9.956497998000032 53.614621582000041)","Unfall 123482 (2017) Kat:3, Licht: 0","123482","3","1","0","06","10","6","0","0","0","0","0","1"
"POINT (9.951957643000071 53.566544332000035)","Unfall 123483 (2017) Kat:3, Licht: 0","123483","3","2","3","06","12","3","1","0","1","1","0","0"
"POINT (9.903376772000058 53.606521987000065)","Unfall 123484 (2017) Kat:3, Licht: 0","123484","3","1","0","06","09","3","1","0","0","0","0","1"
"POINT (10.081197985000074 53.559232167000062)","Unfall 123485 (2017) Kat:3, Licht: 0","123485","3","6","2","06","19","3","0","0","0","1","0","0"
"POINT (9.990595598000027 53.560427978000064)","Unfall 123486 (2017) Kat:3, Licht: 0","123486","3","3","5","06","10","6","0","0","0","1","0","0"
"POINT (10.056304991000047 53.647117457000036)","Unfall 123487 (2017) Kat:3, Licht: 0","123487","3","2","5","06","16","4","0","0","0","1","0","0"
"POINT (9.969370223000055 53.550059333000036)","Unfall 123488 (2017) Kat:3, Licht: 0","123488","3","6","3","06","15","6","0","0","1","1","0","0"
"POINT (9.996014816000070 53.549985105000076)","Unfall 123489 (2017) Kat:3, Licht: 0","123489","3","3","5","06","07","5","0","0","1","1","0","0"
"POINT (9.993299586000035 53.557499793000034)","Unfall 123490 (2017) Kat:3, Licht: 0","123490","3","6","0","06","06","6","0","0","0","1","0","1"
"POINT (9.944564540000044 53.578669786000034)","Unfall 123491 (2017) Kat:3, Licht: 0","123491","3","6","4","06","11","3","0","0","1","1","0","0"
"POINT (10.070358708000072 53.604338773000052)","Unfall 123492 (2017) Kat:3, Licht: 0","123492","3","3","5","06","13","3","0","0","1","1","0","0"
"POINT (9.793148057000053 53.515285380000080)","Unfall 123493 (2017) Kat:3, Licht: 0","123493","3","2","4","06","08","6","1","0","1","1","0","0"
"POINT (9.910155934000045 53.513734399000043)","Unfall 123494 (2017) Kat:3, Licht: 0","123494","3","6","1","06","08","6","0","0","0","1","0","0"
"POINT (9.982554653000022 53.452219985000056)","Unfall 123495 (2017) Kat:3, Licht: 1","123495","3","2","4","06","20","6","1","1","0","1","0","0"
"POINT (9.993558483000072 53.517312227000048)","Unfall 123496 (2017) Kat:3, Licht: 0","123496","3","3","5","06","15","6","0","0","1","1","0","0"
"POINT (9.996611892000033 53.499327182000059)","Unfall 123497 (2017) Kat:3, Licht: 0","123497","3","6","3","06","13","6","0","0","0","1","0","0"
"POINT (10.096863803000076 53.549079789000075)","Unfall 123498 (2017) Kat:3, Licht: 0","123498","3","3","5","06","13","6","0","0","1","1","0","0"
"POINT (10.021343474000048 53.544772737000073)","Unfall 123499 (2017) Kat:3, Licht: 0","123499","3","3","5","06","15","6","0","0","0","1","0","1"
"POINT (10.120615751000059 53.645439037000074)","Unfall 123500 (2017) Kat:3, Licht: 1","123500","3","1","9","06","03","7","0","1","0","1","0","0"
"POINT (10.161448790000065 53.619148779000056)","Unfall 123501 (2017) Kat:3, Licht: 0","123501","3","6","1","06","17","6","0","0","0","1","0","0"
"POINT (10.179888079000023 53.606833480000034)","Unfall 123502 (2017) Kat:3, Licht: 0","123502","3","6","0","06","11","6","1","0","0","1","0","1"
"POINT (10.055361828000059 53.582779920000064)","Unfall 123503 (2017) Kat:3, Licht: 1","123503","3","6","1","06","21","6","1","1","0","1","0","0"
"POINT (10.130177342000025 53.571171228000082)","Unfall 123504 (2017) Kat:3, Licht: 0","123504","3","3","5","06","14","5","0","0","1","1","0","0"
"POINT (10.063606048000054 53.573173346000033)","Unfall 123505 (2017) Kat:3, Licht: 0","123505","3","4","6","06","15","6","0","0","0","1","1","0"
"POINT (10.014393927000071 53.618926184000031)","Unfall 123506 (2017) Kat:3, Licht: 0","123506","3","6","2","06","07","6","1","0","0","1","0","0"
"POINT (10.074666190000073 53.611947708000059)","Unfall 123507 (2017) Kat:3, Licht: 0","123507","3","2","3","06","15","6","0","0","1","1","0","0"
"POINT (10.026182138000024 53.629507990000036)","Unfall 123508 (2017) Kat:3, Licht: 0","123508","3","6","1","06","12","6","0","0","0","1","0","0"
"POINT (10.036555512000064 53.574535183000080)","Unfall 123509 (2017) Kat:2, Licht: 0","123509","2","3","5","06","14","6","0","0","1","1","0","0"
"POINT (9.936267822000048 53.449627212000053)","Unfall 123510 (2017) Kat:3, Licht: 0","123510","3","7","0","06","17","5","0","0","0","1","0","0"
"POINT (10.031362523000041 53.572201523000047)","Unfall 123511 (2017) Kat:3, Licht: 0","123511","3","6","2","06","08","6","1","0","0","1","0","0"
"POINT (9.874372004000065 53.554031317000067)","Unfall 123512 (2017) Kat:2, Licht: 0","123512","2","3","5","06","14","2","0","0","1","1","0","0"
"POINT (9.960275940000031 53.456412307000051)","Unfall 123513 (2017) Kat:3, Licht: 0","123513","3","4","6","06","21","2","0","0","0","1","1","0"
"POINT (9.927837654000030 53.629212326000072)","Unfall 123514 (2017) Kat:3, Licht: 0","123514","3","2","3","06","09","3","1","0","1","1","0","0"
"POINT (9.926713030000030 53.571907711000051)","Unfall 123515 (2017) Kat:2, Licht: 0","123515","2","7","0","06","19","6","0","0","1","0","0","0"
"POINT (9.982149879000076 53.428295356000035)","Unfall 123516 (2017) Kat:3, Licht: 0","123516","3","2","3","06","07","5","0","0","0","1","0","1"
"POINT (10.094895798000039 53.582098288000054)","Unfall 123517 (2017) Kat:3, Licht: 0","123517","3","6","2","06","12","3","1","0","0","1","0","0"
"POINT (9.896278379000023 53.565136379000080)","Unfall 123518 (2017) Kat:3, Licht: 0","123518","3","7","6","06","15","6","0","0","0","1","1","0"
"POINT (10.013460200000054 53.521323123000059)","Unfall 123519 (2017) Kat:3, Licht: 0","123519","3","6","2","06","18","5","0","0","0","1","0","0"
"POINT (9.967225210000038 53.557352403000039)","Unfall 123520 (2017) Kat:3, Licht: 0","123520","3","2","4","06","13","4","0","0","1","1","0","0"
"POINT (9.996859975000064 53.519697777000033)","Unfall 123521 (2017) Kat:3, Licht: 0","123521","3","2","2","06","16","5","0","0","0","1","0","0"
"POINT (9.920035509000059 53.560390782000070)","Unfall 123522 (2017) Kat:3, Licht: 1","123522","3","7","0","06","21","6","1","1","0","1","0","1"
"POINT (10.103017787000056 53.542715340000029)","Unfall 123523 (2017) Kat:3, Licht: 1","123523","3","6","2","06","20","5","0","1","0","1","0","0"
"POINT (10.174152469000035 53.487968104000061)","Unfall 123524 (2017) Kat:3, Licht: 0","123524","3","2","5","06","16","2","0","0","1","1","0","0"
"POINT (10.088176216000022 53.511911037000061)","Unfall 123525 (2017) Kat:3, Licht: 0","123525","3","7","4","06","15","6","0","0","0","1","0","0"
"POINT (9.915741021000031 53.560834240000077)","Unfall 123526 (2017) Kat:3, Licht: 0","123526","3","7","0","06","19","5","0","0","1","0","0","0"
"POINT (9.982884088000049 53.565435297000079)","Unfall 123527 (2017) Kat:3, Licht: 0","123527","3","6","3","06","08","4","0","0","1","0","0","0"
"POINT (10.069676094000044 53.526487069000041)","Unfall 123528 (2017) Kat:3, Licht: 0","123528","3","2","3","06","19","5","0","0","1","1","0","0"
"POINT (9.986696762000065 53.510648209000067)","Unfall 123529 (2017) Kat:3, Licht: 0","123529","3","6","0","06","14","4","0","0","0","1","0","0"
"POINT (10.047568062000039 53.555357572000048)","Unfall 123530 (2017) Kat:3, Licht: 0","123530","3","2","0","06","19","5","0","0","0","1","0","1"
"POINT (10.022831934000067 53.558450220000054)","Unfall 123531 (2017) Kat:3, Licht: 2","123531","3","3","5","06","22","5","1","2","0","1","0","0"
"POINT (9.896151922000058 53.505118056000072)","Unfall 123532 (2017) Kat:2, Licht: 0","123532","2","1","8","06","19","2","0","0","0","0","0","1"
"POINT (10.204375764000076 53.491656488000046)","Unfall 123533 (2017) Kat:3, Licht: 0","123533","3","2","4","06","07","5","0","0","1","1","0","0"
"POINT (10.015974228000061 53.654592356000080)","Unfall 123534 (2017) Kat:3, Licht: 0","123534","3","2","4","06","10","3","0","0","1","0","0","1"
"POINT (10.104875225000058 53.544937449000031)","Unfall 123535 (2017) Kat:3, Licht: 0","123535","3","6","2","06","18","3","1","0","0","1","0","0"
"POINT (9.888410580000027 53.593173056000069)","Unfall 123536 (2017) Kat:2, Licht: 1","123536","2","5","1","06","20","6","1","1","0","1","0","0"
"POINT (9.911163793000071 53.636439561000032)","Unfall 123537 (2017) Kat:3, Licht: 0","123537","3","3","5","06","08","6","1","0","1","1","0","0"
"POINT (9.957488582000053 53.569897881000031)","Unfall 123538 (2017) Kat:3, Licht: 0","123538","3","2","3","06","16","6","0","0","1","1","0","0"
"POINT (9.942383584000027 53.544374866000055)","Unfall 123539 (2017) Kat:2, Licht: 0","123539","2","2","3","06","10","6","1","0","0","1","0","1"
"POINT (9.974168700000064 53.569173023000076)","Unfall 123540 (2017) Kat:3, Licht: 0","123540","3","2","4","06","18","6","0","0","1","1","0","0"
"POINT (9.988504352000064 53.572682890000067)","Unfall 123541 (2017) Kat:3, Licht: 0","123541","3","2","2","06","09","6","1","0","0","1","0","1"
"POINT (9.960022991000074 53.551457790000029)","Unfall 123542 (2017) Kat:2, Licht: 0","123542","2","4","6","06","16","6","0","0","0","1","1","0"
"POINT (9.992609490000064 53.553224692000072)","Unfall 123543 (2017) Kat:3, Licht: 0","123543","3","6","2","06","12","6","0","0","0","1","0","0"
"POINT (10.010874193000063 53.552446050000071)","Unfall 123544 (2017) Kat:2, Licht: 0","123544","2","4","6","06","10","6","0","0","0","0","1","0"
"POINT (10.008483254000055 53.553315767000072)","Unfall 123545 (2017) Kat:3, Licht: 0","123545","3","4","6","06","07","6","0","0","0","1","1","0"
"POINT (10.007903989000056 53.555431670000075)","Unfall 123546 (2017) Kat:3, Licht: 0","123546","3","3","5","06","18","6","0","0","1","1","0","0"
"POINT (9.865522642000030 53.527468560000045)","Unfall 123547 (2017) Kat:3, Licht: 0","123547","3","6","4","06","13","5","0","0","0","1","0","0"
"POINT (9.959854241000073 53.549470432000078)","Unfall 123548 (2017) Kat:3, Licht: 1","123548","3","4","6","06","21","1","1","1","0","1","1","0"
"POINT (9.932857208000030 53.454347149000057)","Unfall 123549 (2017) Kat:3, Licht: 1","123549","3","3","5","06","20","5","1","1","1","1","0","0"
"POINT (9.808663547000037 53.529412952000030)","Unfall 123550 (2017) Kat:2, Licht: 0","123550","2","7","9","06","18","1","0","0","0","1","0","0"
"POINT (10.034982125000056 53.616002071000082)","Unfall 123551 (2017) Kat:3, Licht: 1","123551","3","7","0","06","05","2","1","1","0","1","0","0"
"POINT (9.972108859000059 53.451844741000059)","Unfall 123552 (2017) Kat:3, Licht: 0","123552","3","2","5","06","13","5","0","0","1","1","0","0"
"POINT (10.063449769000044 53.554205484000079)","Unfall 123553 (2017) Kat:3, Licht: 0","123553","3","6","2","06","14","5","0","0","0","1","0","0"
"POINT (9.948282699000060 53.561421720000055)","Unfall 123554 (2017) Kat:3, Licht: 0","123554","3","3","5","06","16","3","0","0","1","1","0","0"
"POINT (9.961500325000031 53.462773084000048)","Unfall 123555 (2017) Kat:3, Licht: 0","123555","3","7","6","06","12","5","0","0","1","0","1","0"
"POINT (10.026704163000034 53.551535871000056)","Unfall 123556 (2017) Kat:3, Licht: 0","123556","3","2","6","06","11","5","0","0","0","1","1","0"
"POINT (10.016918280000027 53.589780925000071)","Unfall 123557 (2017) Kat:3, Licht: 0","123557","3","6","0","06","16","3","0","0","1","1","0","0"
"POINT (10.173660798000071 53.486870784000075)","Unfall 123558 (2017) Kat:3, Licht: 0","123558","3","7","0","06","13","5","0","0","1","0","0","0"
"POINT (10.135464302000059 53.603680883000038)","Unfall 123559 (2017) Kat:3, Licht: 0","123559","3","2","5","06","16","5","0","0","1","1","0","0"
"POINT (10.121451224000054 53.425407045000043)","Unfall 123560 (2017) Kat:3, Licht: 0","123560","3","2","1","06","14","5","0","0","1","1","0","0"
"POINT (10.124138452000068 53.569947321000029)","Unfall 123561 (2017) Kat:3, Licht: 0","123561","3","6","2","06","09","5","0","0","0","1","0","0"
"POINT (10.145961831000022 53.594361038000045)","Unfall 123562 (2017) Kat:3, Licht: 0","123562","3","2","0","06","06","5","0","0","0","0","0","1"
"POINT (10.177067076000071 53.629713693000042)","Unfall 123563 (2017) Kat:3, Licht: 0","123563","3","3","5","06","16","5","0","0","1","1","0","0"
"POINT (10.192626105000045 53.604821693000076)","Unfall 123564 (2017) Kat:2, Licht: 0","123564","2","1","8","06","05","5","0","0","0","1","0","0"
"POINT (10.061372790000064 53.569725435000066)","Unfall 123565 (2017) Kat:3, Licht: 0","123565","3","7","0","06","16","5","0","0","0","1","0","0"
"POINT (10.071320852000042 53.571873519000064)","Unfall 123566 (2017) Kat:3, Licht: 0","123566","3","2","2","06","08","5","0","0","0","1","0","0"
"POINT (10.076357812000026 53.566788113000030)","Unfall 123567 (2017) Kat:3, Licht: 0","123567","3","2","4","06","17","5","0","0","0","1","0","0"
"POINT (10.076549729000021 53.615953662000038)","Unfall 123568 (2017) Kat:3, Licht: 0","123568","3","2","3","06","08","5","0","0","1","1","0","0"
"POINT (10.095688523000035 53.659133286000042)","Unfall 123569 (2017) Kat:3, Licht: 0","123569","3","4","6","06","15","5","0","0","0","1","1","0"
"POINT (10.066084663000026 53.584980135000080)","Unfall 123570 (2017) Kat:3, Licht: 0","123570","3","6","2","06","15","2","0","0","0","1","0","0"
"POINT (9.943470603000037 53.593294602000071)","Unfall 123571 (2017) Kat:3, Licht: 0","123571","3","1","0","06","13","3","1","0","0","0","0","1"
"POINT (10.026366341000028 53.630374637000045)","Unfall 123572 (2017) Kat:2, Licht: 0","123572","2","7","6","06","07","3","1","0","1","0","1","0"
"POINT (10.055636275000040 53.606467166000073)","Unfall 123573 (2017) Kat:3, Licht: 0","123573","3","3","5","06","20","5","1","0","0","1","0","0"
"POINT (10.051596545000052 53.631000909000079)","Unfall 123574 (2017) Kat:3, Licht: 0","123574","3","3","5","06","13","5","0","0","1","0","0","0"
"POINT (10.016508164000072 53.555453973000056)","Unfall 123575 (2017) Kat:3, Licht: 0","123575","3","2","2","06","13","4","0","0","0","1","0","0"
"POINT (10.122154026000032 53.672912158000031)","Unfall 123576 (2017) Kat:3, Licht: 0","123576","3","3","5","06","18","5","0","0","1","1","0","0"
"POINT (10.020869643000026 53.651981904000081)","Unfall 123577 (2017) Kat:3, Licht: 0","123577","3","3","5","06","18","5","0","0","1","0","0","0"
"POINT (10.103221787000052 53.704325962000041)","Unfall 123578 (2017) Kat:3, Licht: 0","123578","3","2","2","06","17","4","0","0","0","1","0","1"
"POINT (10.020240365000063 53.624525741000070)","Unfall 123579 (2017) Kat:3, Licht: 0","123579","3","3","5","06","10","5","0","0","1","1","0","0"
"POINT (10.106129888000055 53.652279132000047)","Unfall 123580 (2017) Kat:3, Licht: 1","123580","3","6","3","06","20","5","1","1","0","1","0","0"
"POINT (9.954138740000076 53.545645145000037)","Unfall 123581 (2017) Kat:3, Licht: 0","123581","3","7","3","06","08","5","0","0","0","1","0","0"
"POINT (10.009786200000065 53.589441557000043)","Unfall 123582 (2017) Kat:3, Licht: 0","123582","3","2","5","06","18","5","0","0","1","1","0","0"
"POINT (9.884718065000072 53.601134089000027)","Unfall 123583 (2017) Kat:3, Licht: 0","123583","3","2","3","06","19","3","0","0","1","1","0","0"
"POINT (9.966859353000075 53.549998936000065)","Unfall 123584 (2017) Kat:3, Licht: 0","123584","3","6","3","06","06","7","0","0","0","1","0","0"
"POINT (10.031303459000071 53.681707969000058)","Unfall 123585 (2017) Kat:3, Licht: 0","123585","3","3","5","06","12","5","1","0","1","1","0","0"
"POINT (10.015205539000021 53.616992436000032)","Unfall 123586 (2017) Kat:3, Licht: 0","123586","3","6","1","06","10","5","0","0","0","1","0","0"
"POINT (9.826760452000031 53.565777172000082)","Unfall 123587 (2017) Kat:3, Licht: 0","123587","3","4","6","06","13","5","0","0","0","1","1","0"
"POINT (9.909820471000046 53.554448004000051)","Unfall 123588 (2017) Kat:3, Licht: 0","123588","3","2","4","06","07","5","0","0","1","1","0","0"
"POINT (9.871242848000065 53.586149914000032)","Unfall 123589 (2017) Kat:2, Licht: 0","123589","2","7","3","06","07","5","0","0","0","1","0","1"
"POINT (9.992623876000039 53.592084494000062)","Unfall 123590 (2017) Kat:3, Licht: 0","123590","3","2","3","06","15","5","0","0","1","1","0","0"
"POINT (9.978647003000049 53.590109992000066)","Unfall 123591 (2017) Kat:3, Licht: 0","123591","3","3","6","06","14","5","1","0","0","0","1","0"
"POINT (9.988799825000058 53.566231300000027)","Unfall 123592 (2017) Kat:2, Licht: 0","123592","2","6","2","06","13","5","0","0","0","1","0","0"
"POINT (9.978676558000075 53.572353507000059)","Unfall 123593 (2017) Kat:3, Licht: 0","123593","3","2","4","06","11","5","0","0","1","1","0","0"
"POINT (9.961745394000047 53.562121789000059)","Unfall 123594 (2017) Kat:3, Licht: 0","123594","3","6","2","06","12","5","1","0","0","1","0","0"
"POINT (9.998846355000069 53.557482287000028)","Unfall 123595 (2017) Kat:3, Licht: 2","123595","3","6","4","06","00","5","0","2","1","0","0","0"
"POINT (10.002186022000046 53.557339434000028)","Unfall 123596 (2017) Kat:2, Licht: 0","123596","2","3","5","06","07","5","0","0","1","1","0","0"
"POINT (9.951284511000040 53.602503145000071)","Unfall 123597 (2017) Kat:3, Licht: 2","123597","3","5","1","06","23","7","0","2","1","1","0","0"
"POINT (9.981265569000072 53.461758889000066)","Unfall 123598 (2017) Kat:3, Licht: 0","123598","3","2","1","06","20","4","0","0","0","1","0","0"
"POINT (10.015307114000052 53.518444326000065)","Unfall 123599 (2017) Kat:3, Licht: 0","123599","3","3","5","06","06","7","0","0","0","1","0","0"
"POINT (9.993278568000051 53.516276179000045)","Unfall 123600 (2017) Kat:3, Licht: 0","123600","3","2","3","06","20","4","0","0","1","1","0","0"
"POINT (10.028939109000021 53.650247428000057)","Unfall 123601 (2017) Kat:3, Licht: 0","123601","3","1","8","06","21","1","1","0","0","1","0","0"
"POINT (10.144690546000049 53.545177375000037)","Unfall 123602 (2017) Kat:3, Licht: 0","123602","3","2","4","06","16","4","0","0","0","1","0","1"
"POINT (10.042636244000050 53.598409489000062)","Unfall 123603 (2017) Kat:3, Licht: 0","123603","3","3","5","06","10","5","0","0","1","1","0","0"
"POINT (9.821480455000028 53.557530312000040)","Unfall 123604 (2017) Kat:3, Licht: 0","123604","3","7","0","06","07","2","1","0","1","0","0","0"
"POINT (10.063812197000061 53.560063335000052)","Unfall 123605 (2017) Kat:3, Licht: 0","123605","3","6","2","06","18","4","0","0","0","1","0","0"
"POINT (10.047728605000032 53.555399094000052)","Unfall 123606 (2017) Kat:3, Licht: 0","123606","3","7","5","06","14","4","0","0","0","1","0","1"
"POINT (10.041368374000058 53.532837052000048)","Unfall 123607 (2017) Kat:3, Licht: 0","123607","3","6","0","06","14","4","0","0","1","1","0","0"
"POINT (10.042748217000053 53.530402584000058)","Unfall 123608 (2017) Kat:2, Licht: 0","123608","2","1","0","06","14","4","0","0","1","0","0","0"
"POINT (10.174282959000038 53.614617892000069)","Unfall 123609 (2017) Kat:3, Licht: 0","123609","3","3","5","06","05","4","0","0","0","1","0","0"
"POINT (10.130403686000022 53.599752261000049)","Unfall 123610 (2017) Kat:3, Licht: 0","123610","3","4","6","06","07","4","0","0","0","1","1","0"
"POINT (10.167715433000069 53.623906125000076)","Unfall 123611 (2017) Kat:3, Licht: 0","123611","3","2","5","06","07","4","0","0","0","1","0","1"
"POINT (9.965720485000077 53.565436137000063)","Unfall 123612 (2017) Kat:3, Licht: 0","123612","3","2","5","06","18","6","0","0","1","1","0","0"
"POINT (10.078008200000056 53.651195315000052)","Unfall 123613 (2017) Kat:3, Licht: 0","123613","3","3","5","06","16","4","0","0","1","1","0","0"
"POINT (10.113866012000074 53.649698977000071)","Unfall 123614 (2017) Kat:3, Licht: 0","123614","3","6","4","06","13","4","0","0","1","1","0","0"
"POINT (10.038983386000041 53.642474809000078)","Unfall 123615 (2017) Kat:3, Licht: 0","123615","3","3","5","06","07","4","0","0","1","1","0","0"
"POINT (10.038572485000032 53.595828591000043)","Unfall 123616 (2017) Kat:3, Licht: 0","123616","3","5","1","06","09","5","0","0","0","1","0","0"
"POINT (10.069730303000028 53.526470403000076)","Unfall 123617 (2017) Kat:2, Licht: 0","123617","2","2","0","06","10","1","0","0","0","0","0","1"
"POINT (9.865798779000045 53.575693514000079)","Unfall 123618 (2017) Kat:3, Licht: 0","123618","3","3","5","06","07","2","0","0","1","0","0","0"
"POINT (9.961474646000056 53.564112479000073)","Unfall 123619 (2017) Kat:3, Licht: 0","123619","3","6","2","06","14","3","1","0","0","1","0","0"
"POINT (10.095010022000054 53.639301883000030)","Unfall 123620 (2017) Kat:3, Licht: 0","123620","3","2","3","06","17","4","0","0","1","1","0","0"
"POINT (9.874336624000023 53.616299888000071)","Unfall 123621 (2017) Kat:2, Licht: 0","123621","2","2","3","06","16","5","0","0","1","1","0","0"
"POINT (9.871084625000037 53.564879664000046)","Unfall 123622 (2017) Kat:3, Licht: 0","123622","3","6","2","06","15","3","0","0","0","1","0","0"
"POINT (10.039887229000044 53.566545659000042)","Unfall 123623 (2017) Kat:3, Licht: 0","123623","3","7","5","06","16","4","0","0","0","1","0","1"
"POINT (9.805833791000055 53.591931630000033)","Unfall 123624 (2017) Kat:3, Licht: 0","123624","3","6","0","06","14","5","0","0","0","0","0","1"
"POINT (10.166485944000044 53.605845727000030)","Unfall 123625 (2017) Kat:3, Licht: 0","123625","3","2","5","06","07","3","0","0","1","0","0","0"
"POINT (10.023203456000033 53.565414305000047)","Unfall 123626 (2017) Kat:3, Licht: 0","123626","3","1","0","06","20","4","0","0","1","0","0","0"
"POINT (9.857549188000064 53.598097245000076)","Unfall 123627 (2017) Kat:3, Licht: 0","123627","3","6","2","06","08","5","0","0","0","1","0","0"
"POINT (9.894438495000031 53.603958415000079)","Unfall 123628 (2017) Kat:3, Licht: 0","123628","3","6","2","06","15","4","0","0","0","1","0","1"
"POINT (9.934717602000035 53.551844390000042)","Unfall 123629 (2017) Kat:3, Licht: 0","123629","3","4","6","06","19","4","0","0","0","1","1","0"
"POINT (9.870303521000039 53.593389480000042)","Unfall 123630 (2017) Kat:3, Licht: 0","123630","3","4","6","06","17","5","0","0","0","1","1","0"
"POINT (9.866005216000076 53.577551605000053)","Unfall 123631 (2017) Kat:3, Licht: 0","123631","3","3","5","06","16","4","0","0","1","0","0","1"
"POINT (9.911709071000075 53.633225419000041)","Unfall 123632 (2017) Kat:3, Licht: 0","123632","3","6","1","06","15","5","0","0","0","1","0","0"
"POINT (10.015549556000053 53.562691503000053)","Unfall 123633 (2017) Kat:3, Licht: 0","123633","3","3","5","06","20","6","0","0","0","1","0","0"
"POINT (10.121607240000060 53.538383248000059)","Unfall 123634 (2017) Kat:3, Licht: 0","123634","3","6","6","06","18","6","0","0","1","0","1","0"
"POINT (9.884511170000053 53.580551728000046)","Unfall 123635 (2017) Kat:3, Licht: 0","123635","3","6","2","06","16","5","1","0","0","1","0","0"
"POINT (9.925863933000073 53.571629414000029)","Unfall 123636 (2017) Kat:3, Licht: 0","123636","3","2","4","06","09","4","0","0","1","1","0","0"
"POINT (9.973964239000054 53.601688643000045)","Unfall 123637 (2017) Kat:3, Licht: 0","123637","3","3","5","06","17","4","0","0","0","1","0","0"
"POINT (9.970002770000065 53.576322620000042)","Unfall 123638 (2017) Kat:3, Licht: 0","123638","3","6","4","06","07","4","0","0","1","0","0","0"
"POINT (9.983357985000055 53.565031952000027)","Unfall 123639 (2017) Kat:3, Licht: 0","123639","3","6","1","06","08","4","0","0","1","0","0","0"
"POINT (9.993220480000048 53.557570003000080)","Unfall 123640 (2017) Kat:3, Licht: 0","123640","3","6","3","06","16","4","0","0","0","0","0","1"
"POINT (10.005238225000028 53.553063943000041)","Unfall 123641 (2017) Kat:3, Licht: 0","123641","3","6","4","06","16","4","0","0","1","0","0","0"
"POINT (9.995478198000058 53.499643322000054)","Unfall 123642 (2017) Kat:3, Licht: 0","123642","3","6","3","06","16","3","0","0","0","1","0","0"
"POINT (10.070316801000047 53.558461160000036)","Unfall 123643 (2017) Kat:3, Licht: 0","123643","3","6","3","06","16","3","0","0","0","0","0","0"
"POINT (10.111982008000041 53.543531372000075)","Unfall 123644 (2017) Kat:3, Licht: 1","123644","3","3","6","06","06","3","0","1","1","0","1","0"
"POINT (10.123611252000046 53.614023175000057)","Unfall 123645 (2017) Kat:2, Licht: 0","123645","2","3","5","06","13","3","0","0","0","1","0","0"
"POINT (10.065520066000033 53.571597483000062)","Unfall 123646 (2017) Kat:3, Licht: 0","123646","3","6","2","06","11","3","0","0","0","1","0","0"
"POINT (10.093540526000027 53.648515774000032)","Unfall 123647 (2017) Kat:3, Licht: 0","123647","3","3","5","06","19","3","0","0","1","1","0","0"
"POINT (10.061000094000065 53.650529443000039)","Unfall 123648 (2017) Kat:3, Licht: 0","123648","3","6","2","06","10","3","0","0","0","1","0","0"
"POINT (10.131458709000071 53.670672795000030)","Unfall 123649 (2017) Kat:3, Licht: 0","123649","3","6","3","06","13","3","0","0","1","1","0","0"
"POINT (10.006100659000026 53.585981332000074)","Unfall 123650 (2017) Kat:3, Licht: 0","123650","3","2","4","06","19","3","0","0","0","1","0","0"
"POINT (10.024526626000068 53.584844150000038)","Unfall 123651 (2017) Kat:3, Licht: 0","123651","3","3","6","06","16","3","0","0","0","1","1","0"
"POINT (10.014123332000054 53.571481329000051)","Unfall 123652 (2017) Kat:3, Licht: 0","123652","3","2","3","06","09","3","0","0","1","0","0","1"
"POINT (9.862006874000031 53.577812291000043)","Unfall 123653 (2017) Kat:3, Licht: 0","123653","3","2","4","06","07","3","0","0","1","1","0","0"
"POINT (9.966762845000062 53.634985642000061)","Unfall 123654 (2017) Kat:2, Licht: 0","123654","2","2","4","06","16","3","0","0","0","1","0","0"
"POINT (9.958619852000027 53.599142500000028)","Unfall 123655 (2017) Kat:3, Licht: 0","123655","3","2","4","06","13","3","0","0","0","1","0","0"
"POINT (9.960947330000067 53.561300227000061)","Unfall 123656 (2017) Kat:3, Licht: 0","123656","3","3","5","06","07","3","0","0","1","0","0","0"
"POINT (10.141551440000057 53.570502991000069)","Unfall 123657 (2017) Kat:3, Licht: 0","123657","3","3","5","06","10","7","0","0","1","1","0","0"
"POINT (10.006125630000042 53.550248736000071)","Unfall 123658 (2017) Kat:3, Licht: 0","123658","3","3","5","06","19","3","0","0","0","1","0","1"
"POINT (9.987903993000032 53.592141230000038)","Unfall 123659 (2017) Kat:3, Licht: 0","123659","3","6","6","06","15","1","0","0","1","1","1","0"
"POINT (9.984228405000067 53.556631801000037)","Unfall 123660 (2017) Kat:3, Licht: 0","123660","3","3","5","06","17","3","0","0","1","1","0","0"
"POINT (9.971154694000063 53.545555974000081)","Unfall 123661 (2017) Kat:3, Licht: 0","123661","3","6","1","06","09","2","0","0","0","1","0","0"
"POINT (9.972723045000066 53.469351070000073)","Unfall 123662 (2017) Kat:3, Licht: 0","123662","3","1","8","06","09","3","0","0","0","1","0","0"
"POINT (9.981451821000064 53.605946179000057)","Unfall 123663 (2017) Kat:3, Licht: 0","123663","3","3","5","06","07","5","0","0","1","1","0","0"