WKT,Name,OBJECTID,UKATEGORIE,UTYP1,UART,UMONAT,USTUNDE,UWOCHENTAG,STRZUSTAND,ULICHTVERH,ISTRAD,ISTPKW,ISTFUSS,ISTKRAD
"POINT (10.179028548000076 53.591777022000031)","Unfall 123664 (2017) Kat:3, Licht: 0","123664","3","4","6","06","09","2","0","0","0","1","1","0"
"POINT (9.864076684000054 53.533993501000054)","Unfall 123665 (2017) Kat:2, Licht: 0","123665","2","7","0","06","16","2","0","0","1","0","0","0"
"POINT (9.954041317000076 53.560769841000081)","Unfall 123666 (2017) Kat:3, Licht: 0","123666","3","6","2","06","14","5","0","0","1","0","0","0"
"POINT (9.988385367000035 53.592710771000043)","Unfall 123667 (2017) Kat:3, Licht: 0","123667","3","4","6","06","10","3","1","0","0","1","1","0"
"POINT (10.083131467000044 53.555434611000067)","Unfall 123668 (2017) Kat:3, Licht: 0","123668","3","6","1","06","10","2","0","0","0","1","0","0"
"POINT (9.993946383000036 53.579292360000068)","Unfall 123669 (2017) Kat:3, Licht: 0","123669","3","6","2","06","09","5","0","0","0","1","0","0"
"POINT (10.000247506000051 53.617910973000050)","Unfall 123670 (2017) Kat:3, Licht: 0","123670","3","2","5","06","16","3","0","0","0","1","0","0"
"POINT (10.038572557000066 53.559110789000044)","Unfall 123671 (2017) Kat:3, Licht: 0","123671","3","2","5","06","12","2","0","0","1","1","0","0"
"POINT (9.967144149000035 53.557344867000040)","Unfall 123672 (2017) Kat:2, Licht: 0","123672","2","2","5","06","14","5","0","0","1","1","0","0"
"POINT (10.107179517000077 53.566222577000076)","Unfall 123673 (2017) Kat:2, Licht: 2","123673","2","7","6","06","00","2","0","2","0","1","1","0"
"POINT (10.124793274000069 53.613126386000033)","Unfall 123674 (2017) Kat:3, Licht: 0","123674","3","1","8","06","13","2","0","0","0","0","0","1"
"POINT (9.986058032000074 53.549858263000033)","Unfall 123675 (2017) Kat:2, Licht: 0","123675","2","7","0","06","16","5","0","0","1","0","0","0"
"POINT (10.092167162000067 53.673967254000047)","Unfall 123676 (2017) Kat:3, Licht: 0","123676","3","1","8","06","16","2","0","0","0","0","0","1"
"POINT (9.921496984000044 53.586733873000071)","Unfall 123677 (2017) Kat:3, Licht: 0","123677","3","7","0","06","08","2","0","0","1","0","0","0"
"POINT (9.984571725000023 53.458248758000082)","Unfall 123678 (2017) Kat:3, Licht: 0","123678","3","3","0","06","11","5","0","0","0","1","0","0"
"POINT (9.994003489000022 53.584900323000056)","Unfall 123679 (2017) Kat:2, Licht: 0","123679","2","3","5","06","14","6","0","0","1","1","0","0"
"POINT (10.136009088000037 53.593692411000063)","Unfall 123680 (2017) Kat:2, Licht: 0","123680","2","7","0","06","18","6","0","0","0","1","0","1"
"POINT (10.039175638000074 53.578578829000037)","Unfall 123681 (2017) Kat:2, Licht: 0","123681","2","3","5","06","17","4","1","0","1","1","0","0"
"POINT (9.954710300000045 53.569428986000048)","Unfall 123682 (2017) Kat:3, Licht: 0","123682","3","2","3","06","19","7","0","0","1","1","0","0"
"POINT (10.012306098000067 53.560466456000029)","Unfall 123683 (2017) Kat:2, Licht: 0","123683","2","6","6","06","17","5","0","0","1","0","1","0"
"POINT (10.076890291000041 53.614105285000051)","Unfall 123684 (2017) Kat:2, Licht: 0","123684","2","4","6","06","17","5","1","0","0","1","1","0"
"POINT (10.064709953000033 53.554037665000067)","Unfall 123685 (2017) Kat:3, Licht: 0","123685","3","6","2","06","14","2","0","0","0","1","0","0"
"POINT (10.041882579000060 53.564399840000078)","Unfall 123686 (2017) Kat:3, Licht: 0","123686","3","6","6","06","10","3","0","0","0","1","1","0"
"POINT (10.038849051000057 53.552505425000049)","Unfall 123687 (2017) Kat:3, Licht: 0","123687","3","6","1","06","14","6","0","0","0","1","0","0"
"POINT (9.875352075000023 53.588134311000033)","Unfall 123688 (2017) Kat:3, Licht: 0","123688","3","5","1","06","10","2","0","0","0","0","0","0"
"POINT (9.961817929000063 53.628200337000067)","Unfall 123689 (2017) Kat:3, Licht: 0","123689","3","3","5","06","19","2","0","0","1","1","0","0"
"POINT (9.962961595000024 53.569652137000048)","Unfall 123690 (2017) Kat:3, Licht: 0","123690","3","6","3","06","19","2","0","0","0","1","0","0"
"POINT (9.960772111000040 53.573500816000035)","Unfall 123691 (2017) Kat:3, Licht: 0","123691","3","6","2","06","08","2","0","0","1","1","0","0"
"POINT (9.941385237000077 53.546374831000037)","Unfall 123692 (2017) Kat:3, Licht: 0","123692","3","6","3","06","15","2","0","0","0","1","0","0"
"POINT (9.943594890000043 53.560144304000062)","Unfall 123693 (2017) Kat:3, Licht: 0","123693","3","3","5","06","14","2","0","0","1","1","0","0"
"POINT (9.969451777000074 53.546088514000076)","Unfall 123694 (2017) Kat:2, Licht: 0","123694","2","2","4","06","15","2","0","0","0","1","0","1"
"POINT (9.995976617000054 53.549191045000043)","Unfall 123695 (2017) Kat:3, Licht: 0","123695","3","7","3","06","09","2","0","0","0","1","0","0"
"POINT (9.982523445000027 53.464341443000080)","Unfall 123696 (2017) Kat:3, Licht: 0","123696","3","7","0","06","11","2","0","0","1","0","0","0"
"POINT (9.875907648000066 53.533500445000072)","Unfall 123697 (2017) Kat:3, Licht: 0","123697","3","6","3","06","20","1","0","0","0","1","0","1"
"POINT (9.896663757000056 53.477261219000070)","Unfall 123698 (2017) Kat:3, Licht: 0","123698","3","6","4","06","17","6","1","0","0","1","0","0"
"POINT (10.201850808000074 53.489072153000052)","Unfall 123699 (2017) Kat:3, Licht: 0","123699","3","3","0","06","12","1","0","0","1","0","0","0"
"POINT (10.029503626000064 53.573086650000050)","Unfall 123700 (2017) Kat:2, Licht: 0","123700","2","3","5","06","20","7","0","0","1","1","0","0"
"POINT (10.096177849000071 53.542339165000044)","Unfall 123701 (2017) Kat:2, Licht: 2","123701","2","4","6","06","22","1","0","2","0","1","1","0"
"POINT (9.995672686000034 53.464724414000045)","Unfall 123702 (2017) Kat:3, Licht: 0","123702","3","7","2","06","13","7","0","0","0","1","0","0"
"POINT (10.040801509000062 53.555516195000052)","Unfall 123703 (2017) Kat:3, Licht: 0","123703","3","3","5","06","20","1","0","0","1","1","0","0"
"POINT (10.069977218000076 53.571819371000061)","Unfall 123704 (2017) Kat:3, Licht: 2","123704","3","7","4","06","23","1","0","2","0","1","0","0"
"POINT (9.979911286000061 53.555361146000052)","Unfall 123705 (2017) Kat:3, Licht: 0","123705","3","6","3","06","16","5","0","0","0","0","0","0"
"POINT (10.084586023000043 53.509126415000026)","Unfall 123706 (2017) Kat:2, Licht: 0","123706","2","7","0","06","12","1","0","0","1","0","0","0"
"POINT (10.110190574000057 53.621390952000070)","Unfall 123707 (2017) Kat:3, Licht: 0","123707","3","5","6","06","16","1","0","0","0","1","1","0"
"POINT (9.983009530000061 53.553526265000073)","Unfall 123708 (2017) Kat:3, Licht: 0","123708","3","5","1","06","15","5","0","0","1","1","0","0"
"POINT (10.026734906000058 53.649973735000060)","Unfall 123709 (2017) Kat:3, Licht: 0","123709","3","1","0","06","13","2","1","0","0","0","0","1"
"POINT (10.064306145000046 53.612486272000069)","Unfall 123710 (2017) Kat:3, Licht: 0","123710","3","2","4","06","13","1","0","0","0","1","0","0"
"POINT (9.989028016000077 53.558168774000080)","Unfall 123711 (2017) Kat:3, Licht: 0","123711","3","2","0","06","14","5","0","0","0","1","0","0"
"POINT (9.995593435000046 53.568061233000037)","Unfall 123712 (2017) Kat:3, Licht: 0","123712","3","7","1","06","17","3","0","0","0","1","0","0"
"POINT (10.095379497000067 53.612158099000055)","Unfall 123713 (2017) Kat:3, Licht: 0","123713","3","7","0","06","13","1","0","0","1","0","0","0"
"POINT (10.001972730000034 53.555240771000058)","Unfall 123714 (2017) Kat:3, Licht: 0","123714","3","3","5","06","12","5","0","0","1","1","0","0"
"POINT (10.033812033000061 53.584711922000054)","Unfall 123715 (2017) Kat:2, Licht: 2","123715","2","4","6","06","00","1","0","2","0","1","1","0"
"POINT (10.026198241000031 53.556545212000060)","Unfall 123716 (2017) Kat:3, Licht: 0","123716","3","2","4","06","09","5","0","0","1","1","0","0"
"POINT (9.953443004000064 53.581852246000039)","Unfall 123717 (2017) Kat:3, Licht: 0","123717","3","7","4","06","17","5","0","0","1","1","0","0"
"POINT (10.046360618000051 53.562775955000063)","Unfall 123718 (2017) Kat:3, Licht: 0","123718","3","3","5","06","08","5","0","0","0","1","0","0"
"POINT (9.988610544000039 53.562061517000075)","Unfall 123719 (2017) Kat:3, Licht: 0","123719","3","3","5","06","13","6","0","0","1","0","0","0"
"POINT (10.124157860000025 53.587894771000038)","Unfall 123720 (2017) Kat:3, Licht: 0","123720","3","6","2","06","13","3","0","0","0","1","0","0"
"POINT (10.011301493000076 53.647520349000047)","Unfall 123721 (2017) Kat:3, Licht: 0","123721","3","2","5","06","17","6","0","0","0","1","0","0"
"POINT (9.959832087000052 53.563646927000036)","Unfall 123722 (2017) Kat:3, Licht: 0","123722","3","2","3","07","14","4","1","0","1","1","0","0"
"POINT (9.919635280000023 53.511710881000056)","Unfall 123723 (2017) Kat:2, Licht: 0","123723","2","7","5","07","10","4","1","0","0","1","0","0"
"POINT (9.912250195000070 53.514263637000056)","Unfall 123724 (2017) Kat:3, Licht: 0","123724","3","2","1","07","09","3","1","0","0","1","0","0"
"POINT (9.995946661000062 53.499518820000048)","Unfall 123725 (2017) Kat:3, Licht: 0","123725","3","2","4","07","09","3","1","0","0","1","0","0"
"POINT (10.202547013000071 53.498832350000043)","Unfall 123726 (2017) Kat:1, Licht: 0","123726","1","4","6","07","16","3","0","0","0","1","1","0"
"POINT (10.108587831000023 53.537075277000042)","Unfall 123727 (2017) Kat:3, Licht: 0","123727","3","6","1","07","15","3","0","0","0","1","0","0"
"POINT (10.114164612000025 53.545558397000036)","Unfall 123728 (2017) Kat:3, Licht: 0","123728","3","4","6","07","17","3","0","0","0","1","1","0"
"POINT (10.149909795000042 53.526042460000042)","Unfall 123729 (2017) Kat:3, Licht: 0","123729","3","3","5","07","19","3","1","0","0","1","0","0"
"POINT (10.083312666000040 53.555626845000063)","Unfall 123730 (2017) Kat:3, Licht: 0","123730","3","6","1","07","10","3","1","0","0","1","0","0"
"POINT (10.133776654000030 53.572049483000058)","Unfall 123731 (2017) Kat:2, Licht: 0","123731","2","6","0","07","17","3","1","0","0","0","0","1"
"POINT (10.144760194000071 53.580440204000070)","Unfall 123732 (2017) Kat:3, Licht: 0","123732","3","3","5","07","11","3","0","0","1","1","0","0"
"POINT (10.047015418000058 53.608220541000037)","Unfall 123733 (2017) Kat:3, Licht: 0","123733","3","6","3","07","15","3","1","0","1","0","0","0"
"POINT (10.070706798000060 53.597398364000071)","Unfall 123734 (2017) Kat:3, Licht: 0","123734","3","5","1","07","18","3","0","0","1","1","0","0"
"POINT (10.160127664000072 53.646416682000051)","Unfall 123735 (2017) Kat:3, Licht: 0","123735","3","3","5","07","16","3","1","0","1","1","0","0"
"POINT (10.105389702000025 53.708613146000062)","Unfall 123736 (2017) Kat:3, Licht: 0","123736","3","3","5","07","08","3","0","0","1","1","0","0"
"POINT (10.110524377000047 53.704939162000073)","Unfall 123737 (2017) Kat:3, Licht: 0","123737","3","3","5","07","14","3","1","0","1","1","0","0"
"POINT (10.026993097000059 53.650152253000044)","Unfall 123738 (2017) Kat:3, Licht: 0","123738","3","6","2","07","17","3","0","0","0","1","0","0"
"POINT (10.023225112000034 53.568862881000030)","Unfall 123739 (2017) Kat:3, Licht: 0","123739","3","5","1","07","12","3","1","0","1","1","0","0"
"POINT (10.018934797000043 53.580453594000062)","Unfall 123740 (2017) Kat:3, Licht: 0","123740","3","3","5","07","17","3","0","0","1","1","0","0"
"POINT (9.890379322000058 53.617179399000065)","Unfall 123741 (2017) Kat:3, Licht: 0","123741","3","6","4","07","14","3","1","0","0","1","0","0"
"POINT (9.842001912000058 53.551320248000081)","Unfall 123742 (2017) Kat:3, Licht: 0","123742","3","2","5","07","08","3","1","0","0","1","0","1"
"POINT (9.914924810000059 53.582606029000033)","Unfall 123743 (2017) Kat:3, Licht: 0","123743","3","6","4","07","16","3","0","0","1","0","0","0"
"POINT (9.904862933000061 53.549541685000065)","Unfall 123744 (2017) Kat:3, Licht: 0","123744","3","6","2","07","09","3","1","0","0","1","0","0"
"POINT (9.911058982000043 53.554200386000048)","Unfall 123745 (2017) Kat:3, Licht: 0","123745","3","3","6","07","18","3","1","0","1","0","1","0"
"POINT (9.869330175000073 53.554930945000081)","Unfall 123746 (2017) Kat:3, Licht: 0","123746","3","3","5","07","15","3","0","0","1","1","0","0"
"POINT (9.951753194000048 53.598541721000061)","Unfall 123747 (2017) Kat:3, Licht: 0","123747","3","7","6","07","12","3","0","0","1","0","1","0"
"POINT (9.927990971000043 53.557032632000073)","Unfall 123748 (2017) Kat:3, Licht: 0","123748","3","3","5","07","06","3","1","0","1","0","0","0"
"POINT (9.941594559000066 53.564955742000052)","Unfall 123749 (2017) Kat:3, Licht: 0","123749","3","6","4","07","08","3","1","0","1","0","0","0"
"POINT (9.969736569000077 53.550072326000077)","Unfall 123750 (2017) Kat:3, Licht: 1","123750","3","2","3","07","21","3","0","1","1","1","0","0"
"POINT (9.981952604000071 53.520983344000058)","Unfall 123751 (2017) Kat:3, Licht: 0","123751","3","3","5","07","12","2","1","0","0","1","0","0"
"POINT (10.109924852000063 53.538444895000055)","Unfall 123752 (2017) Kat:3, Licht: 0","123752","3","1","9","07","20","2","1","0","0","1","0","0"
"POINT (10.139351013000066 53.630488301000071)","Unfall 123753 (2017) Kat:3, Licht: 0","123753","3","6","2","07","17","2","1","0","0","1","0","0"
"POINT (10.106248763000053 53.610765165000032)","Unfall 123754 (2017) Kat:3, Licht: 0","123754","3","3","5","07","13","2","1","0","1","1","0","0"
"POINT (10.140776375000030 53.629143624000051)","Unfall 123755 (2017) Kat:3, Licht: 0","123755","3","2","4","07","15","2","1","0","0","1","0","0"
"POINT (10.082495983000058 53.571083434000059)","Unfall 123756 (2017) Kat:3, Licht: 0","123756","3","6","0","07","16","2","1","0","0","1","0","0"
"POINT (9.939560320000055 53.592950079000047)","Unfall 123757 (2017) Kat:3, Licht: 0","123757","3","7","0","07","11","2","1","0","1","0","0","0"
"POINT (9.904528619000075 53.591430738000042)","Unfall 123758 (2017) Kat:3, Licht: 0","123758","3","7","9","07","17","2","1","0","0","1","0","0"
"POINT (9.917008581000061 53.641687799000067)","Unfall 123759 (2017) Kat:3, Licht: 0","123759","3","7","0","07","12","2","1","0","1","0","0","0"
"POINT (9.946060138000064 53.593579713000054)","Unfall 123760 (2017) Kat:3, Licht: 0","123760","3","6","2","07","18","2","0","0","0","1","0","0"
"POINT (9.980365700000050 53.567882881000060)","Unfall 123761 (2017) Kat:3, Licht: 0","123761","3","4","6","07","09","2","0","0","0","1","1","0"
"POINT (9.962621024000043 53.549488587000042)","Unfall 123762 (2017) Kat:3, Licht: 0","123762","3","4","6","07","18","2","1","0","1","0","1","0"
"POINT (9.989308719000064 53.558298148000063)","Unfall 123763 (2017) Kat:3, Licht: 2","123763","3","2","4","07","22","2","0","2","0","1","0","0"
"POINT (10.019210907000058 53.552535616000057)","Unfall 123764 (2017) Kat:3, Licht: 0","123764","3","3","5","07","07","2","0","0","1","1","0","0"
"POINT (9.862947015000032 53.469628793000027)","Unfall 123765 (2017) Kat:3, Licht: 0","123765","3","3","0","07","21","1","0","0","1","0","0","0"
"POINT (9.993141321000053 53.478628309000044)","Unfall 123766 (2017) Kat:3, Licht: 0","123766","3","1","8","07","18","1","0","0","0","1","0","0"
"POINT (10.076826123000046 53.506771814000047)","Unfall 123767 (2017) Kat:3, Licht: 0","123767","3","6","3","07","14","1","0","0","1","0","0","1"
"POINT (10.126278726000066 53.492933250000078)","Unfall 123768 (2017) Kat:3, Licht: 2","123768","3","5","1","07","23","1","0","2","1","1","0","0"
"POINT (10.134345702000076 53.481316595000067)","Unfall 123769 (2017) Kat:3, Licht: 0","123769","3","6","2","07","14","1","0","0","0","0","0","1"
"POINT (10.014477605000025 53.545881023000049)","Unfall 123770 (2017) Kat:3, Licht: 0","123770","3","6","3","07","09","1","0","0","0","1","0","0"
"POINT (10.107239039000035 53.573168889000044)","Unfall 123771 (2017) Kat:3, Licht: 2","123771","3","3","6","07","00","1","0","2","0","1","1","0"
"POINT (10.124760263000042 53.571186644000079)","Unfall 123772 (2017) Kat:3, Licht: 0","123772","3","6","2","07","18","1","0","0","0","1","0","0"
"POINT (10.097673330000021 53.620167504000051)","Unfall 123773 (2017) Kat:3, Licht: 0","123773","3","3","5","07","13","1","0","0","0","1","0","1"
"POINT (10.023670553000045 53.628825427000038)","Unfall 123774 (2017) Kat:3, Licht: 1","123774","3","5","1","07","05","1","0","1","0","1","0","0"
"POINT (10.013816500000075 53.595989360000033)","Unfall 123775 (2017) Kat:3, Licht: 0","123775","3","4","6","07","17","1","0","0","0","1","1","0"
"POINT (10.011271130000068 53.581792101000076)","Unfall 123776 (2017) Kat:3, Licht: 0","123776","3","2","5","07","15","1","0","0","1","1","0","0"
"POINT (9.914236156000072 53.639718038000069)","Unfall 123777 (2017) Kat:3, Licht: 0","123777","3","3","5","07","17","1","0","0","0","1","0","0"
"POINT (9.954304293000064 53.573965915000031)","Unfall 123778 (2017) Kat:3, Licht: 0","123778","3","4","0","07","11","1","0","0","1","0","1","0"
"POINT (9.984322593000059 53.595551560000047)","Unfall 123779 (2017) Kat:3, Licht: 0","123779","3","6","2","07","15","1","0","0","0","1","0","0"
"POINT (9.976786922000031 53.578104560000043)","Unfall 123780 (2017) Kat:3, Licht: 0","123780","3","3","5","07","18","1","0","0","0","1","0","0"
"POINT (10.025774326000032 53.551843374000043)","Unfall 123781 (2017) Kat:3, Licht: 0","123781","3","6","6","07","09","7","0","0","0","0","1","0"
"POINT (10.122687194000036 53.592037910000045)","Unfall 123782 (2017) Kat:3, Licht: 0","123782","3","6","4","07","06","7","0","0","0","1","0","0"
"POINT (10.132712608000077 53.624220925000031)","Unfall 123783 (2017) Kat:3, Licht: 0","123783","3","2","2","07","19","7","0","0","0","1","0","0"
"POINT (10.024891629000024 53.627339688000063)","Unfall 123784 (2017) Kat:3, Licht: 2","123784","3","3","5","07","22","7","0","2","1","1","0","0"
"POINT (9.975304656000049 53.579055026000049)","Unfall 123785 (2017) Kat:2, Licht: 0","123785","2","6","3","07","18","7","0","0","0","0","0","1"
"POINT (9.942340289000072 53.555438256000059)","Unfall 123786 (2017) Kat:3, Licht: 0","123786","3","3","5","07","14","7","0","0","0","1","0","1"
"POINT (9.952918112000077 53.561752235000029)","Unfall 123787 (2017) Kat:3, Licht: 1","123787","3","7","7","07","04","7","0","1","0","1","1","0"
"POINT (9.981718229000023 53.459146832000044)","Unfall 123788 (2017) Kat:3, Licht: 0","123788","3","6","4","07","20","6","0","0","1","1","0","0"
"POINT (10.207411620000073 53.503650324000034)","Unfall 123789 (2017) Kat:3, Licht: 0","123789","3","6","3","07","09","6","0","0","1","1","0","0"
"POINT (10.026207591000059 53.556552970000041)","Unfall 123790 (2017) Kat:3, Licht: 0","123790","3","4","6","07","07","6","0","0","0","0","1","0"
"POINT (10.025460735000024 53.551762905000032)","Unfall 123791 (2017) Kat:2, Licht: 0","123791","2","3","5","07","05","6","0","0","1","1","0","0"
"POINT (10.135522529000070 53.617146068000068)","Unfall 123792 (2017) Kat:3, Licht: 0","123792","3","6","2","07","13","6","0","0","0","1","0","0"
"POINT (10.093065542000033 53.639176012000064)","Unfall 123793 (2017) Kat:3, Licht: 0","123793","3","7","4","07","11","6","0","0","0","1","0","0"
"POINT (10.020966889000022 53.630983308000054)","Unfall 123794 (2017) Kat:3, Licht: 0","123794","3","6","4","07","15","6","0","0","1","0","0","0"
"POINT (10.002052167000045 53.668706331000067)","Unfall 123795 (2017) Kat:2, Licht: 0","123795","2","7","2","07","15","6","0","0","0","1","0","1"
"POINT (10.019455368000024 53.653292563000036)","Unfall 123796 (2017) Kat:3, Licht: 0","123796","3","2","5","07","20","6","0","0","0","1","0","0"
"POINT (10.003635750000058 53.578949936000072)","Unfall 123797 (2017) Kat:2, Licht: 0","123797","2","5","1","07","08","6","0","0","1","0","0","0"
"POINT (10.053202841000029 53.589089542000067)","Unfall 123798 (2017) Kat:3, Licht: 0","123798","3","2","1","07","08","6","0","0","0","1","0","0"
"POINT (9.935227386000065 53.583001418000038)","Unfall 123799 (2017) Kat:3, Licht: 0","123799","3","6","4","07","14","6","0","0","1","0","0","1"
"POINT (9.910994817000074 53.583837055000060)","Unfall 123800 (2017) Kat:3, Licht: 0","123800","3","3","0","07","17","6","0","0","1","1","0","0"
"POINT (9.918548646000033 53.635527421000063)","Unfall 123801 (2017) Kat:3, Licht: 0","123801","3","3","5","07","13","6","0","0","1","1","0","0"
"POINT (9.951914663000025 53.554760082000030)","Unfall 123802 (2017) Kat:3, Licht: 0","123802","3","6","3","07","15","6","0","0","0","1","0","0"
"POINT (9.885116692000054 53.517856882000046)","Unfall 123803 (2017) Kat:3, Licht: 0","123803","3","3","5","07","14","5","0","0","1","1","0","0"
"POINT (10.117444300000045 53.430098840000028)","Unfall 123804 (2017) Kat:3, Licht: 0","123804","3","5","9","07","15","5","0","0","0","1","0","1"
"POINT (10.111276542000041 53.552232644000071)","Unfall 123805 (2017) Kat:3, Licht: 0","123805","3","4","6","07","14","5","0","0","1","0","1","0"
"POINT (10.111014922000038 53.542872621000072)","Unfall 123806 (2017) Kat:3, Licht: 0","123806","3","7","0","07","11","5","0","0","0","0","0","0"
"POINT (10.092386690000069 53.537148724000076)","Unfall 123807 (2017) Kat:3, Licht: 0","123807","3","7","0","07","12","5","0","0","1","0","0","0"
"POINT (10.028372103000038 53.534161498000060)","Unfall 123808 (2017) Kat:3, Licht: 1","123808","3","6","3","07","21","5","0","1","0","1","0","0"
"POINT (10.034664784000029 53.552385641000058)","Unfall 123809 (2017) Kat:3, Licht: 0","123809","3","2","4","07","13","5","0","0","0","1","0","1"
"POINT (10.113713484000073 53.624781248000033)","Unfall 123810 (2017) Kat:3, Licht: 0","123810","3","3","5","07","16","5","0","0","0","1","0","1"
"POINT (10.125063566000051 53.571663648000026)","Unfall 123811 (2017) Kat:3, Licht: 0","123811","3","4","6","07","16","5","0","0","0","0","1","1"
"POINT (10.147269716000039 53.605615930000056)","Unfall 123812 (2017) Kat:2, Licht: 0","123812","2","3","5","07","10","5","0","0","1","1","0","0"
"POINT (10.071757319000028 53.583307622000063)","Unfall 123813 (2017) Kat:3, Licht: 0","123813","3","2","4","07","15","5","0","0","1","1","0","0"
"POINT (10.074817412000073 53.572233235000056)","Unfall 123814 (2017) Kat:3, Licht: 0","123814","3","3","5","07","09","5","0","0","0","1","0","0"
"POINT (10.073649303000025 53.581331470000066)","Unfall 123815 (2017) Kat:3, Licht: 0","123815","3","3","6","07","18","5","0","0","0","1","1","0"
"POINT (10.088917500000036 53.617911333000052)","Unfall 123816 (2017) Kat:3, Licht: 0","123816","3","7","6","07","11","5","0","0","1","0","1","0"
"POINT (10.079673451000076 53.612610519000043)","Unfall 123817 (2017) Kat:3, Licht: 0","123817","3","3","5","07","12","5","0","0","1","1","0","0"
"POINT (10.084105512000065 53.623156462000054)","Unfall 123818 (2017) Kat:3, Licht: 0","123818","3","6","2","07","07","5","0","0","0","1","0","0"
"POINT (10.167616454000040 53.648774136000043)","Unfall 123819 (2017) Kat:2, Licht: 0","123819","2","4","6","07","16","5","0","0","0","1","1","0"
"POINT (10.095405567000057 53.651506887000039)","Unfall 123820 (2017) Kat:3, Licht: 2","123820","3","3","0","07","22","5","0","2","1","1","0","0"
"POINT (10.090082110000026 53.652821976000041)","Unfall 123821 (2017) Kat:3, Licht: 0","123821","3","3","5","07","07","5","0","0","1","1","0","0"
"POINT (10.101580013000046 53.671822090000035)","Unfall 123822 (2017) Kat:3, Licht: 0","123822","3","1","0","07","09","5","0","0","1","0","0","0"
"POINT (10.005661846000066 53.589937472000031)","Unfall 123823 (2017) Kat:3, Licht: 0","123823","3","6","2","07","14","5","0","0","0","1","0","0"
"POINT (10.052099921000035 53.585980137000035)","Unfall 123824 (2017) Kat:3, Licht: 0","123824","3","6","1","07","17","5","0","0","0","1","0","0"
"POINT (10.056535476000022 53.569516603000068)","Unfall 123825 (2017) Kat:3, Licht: 0","123825","3","2","5","07","19","5","0","0","1","1","0","0"
"POINT (10.055565161000061 53.572895691000042)","Unfall 123826 (2017) Kat:3, Licht: 0","123826","3","3","5","07","11","5","0","0","0","1","0","0"
"POINT (10.014676561000044 53.575939903000062)","Unfall 123827 (2017) Kat:3, Licht: 0","123827","3","3","5","07","12","5","0","0","1","1","0","0"
"POINT (9.866145689000064 53.565030625000077)","Unfall 123828 (2017) Kat:3, Licht: 0","123828","3","7","0","07","14","5","0","0","1","0","0","0"
"POINT (9.824947617000021 53.569944538000072)","Unfall 123829 (2017) Kat:3, Licht: 0","123829","3","3","5","07","08","5","0","0","1","1","0","0"
"POINT (9.918070137000029 53.567608668000048)","Unfall 123830 (2017) Kat:3, Licht: 2","123830","3","3","0","07","22","5","0","2","0","0","0","1"
"POINT (9.948467760000028 53.560059218000049)","Unfall 123831 (2017) Kat:3, Licht: 0","123831","3","6","2","07","17","5","0","0","0","1","0","0"
"POINT (9.986765895000076 53.581272875000082)","Unfall 123832 (2017) Kat:2, Licht: 0","123832","2","5","1","07","19","5","0","0","1","1","0","0"
"POINT (9.989086167000039 53.553985854000075)","Unfall 123833 (2017) Kat:3, Licht: 0","123833","3","7","0","07","21","5","0","0","1","0","0","0"
"POINT (10.010203516000047 53.548075364000056)","Unfall 123834 (2017) Kat:3, Licht: 0","123834","3","3","5","07","06","5","0","0","1","1","0","0"
"POINT (9.921166695000068 53.515440152000053)","Unfall 123835 (2017) Kat:3, Licht: 0","123835","3","6","3","07","05","5","0","0","0","1","0","0"
"POINT (9.999731463000046 53.519979006000028)","Unfall 123836 (2017) Kat:3, Licht: 0","123836","3","2","4","07","07","4","1","0","0","1","0","0"
"POINT (10.229280117000030 53.445031578000055)","Unfall 123837 (2017) Kat:3, Licht: 0","123837","3","6","2","07","14","4","0","0","0","1","0","0"
"POINT (10.199142429000062 53.462958805000028)","Unfall 123838 (2017) Kat:2, Licht: 0","123838","2","3","5","07","10","4","0","0","1","1","0","0"
"POINT (10.108229444000074 53.563657321000051)","Unfall 123839 (2017) Kat:3, Licht: 0","123839","3","2","2","07","15","4","0","0","0","1","0","0"
"POINT (10.083751140000061 53.537621958000045)","Unfall 123840 (2017) Kat:3, Licht: 0","123840","3","7","2","07","16","4","0","0","0","1","0","0"
"POINT (10.126219711000033 53.583028955000032)","Unfall 123841 (2017) Kat:3, Licht: 0","123841","3","7","3","07","08","4","1","0","0","1","0","0"
"POINT (10.077852286000052 53.570381946000055)","Unfall 123842 (2017) Kat:3, Licht: 0","123842","3","6","1","07","14","4","0","0","0","1","0","0"
"POINT (10.074838056000033 53.574678223000035)","Unfall 123843 (2017) Kat:3, Licht: 0","123843","3","2","4","07","12","4","0","0","0","1","0","0"
"POINT (10.105022747000021 53.632590002000029)","Unfall 123844 (2017) Kat:3, Licht: 0","123844","3","6","1","07","09","4","0","0","0","1","0","0"
"POINT (10.078127862000031 53.647088121000081)","Unfall 123845 (2017) Kat:2, Licht: 0","123845","2","1","1","07","14","4","0","0","0","1","0","0"
"POINT (10.133796255000050 53.646684347000075)","Unfall 123846 (2017) Kat:3, Licht: 0","123846","3","6","2","07","06","4","1","0","0","1","0","1"
"POINT (10.029299480000077 53.642689284000028)","Unfall 123847 (2017) Kat:3, Licht: 0","123847","3","3","5","07","15","4","0","0","1","1","0","0"
"POINT (10.041885264000030 53.580208034000066)","Unfall 123848 (2017) Kat:3, Licht: 0","123848","3","6","3","07","18","4","0","0","1","0","0","0"