WKT,Name,OBJECTID,UKATEGORIE,UTYP1,UART,UMONAT,USTUNDE,UWOCHENTAG,STRZUSTAND,ULICHTVERH,ISTRAD,ISTPKW,ISTFUSS,ISTKRAD
"POINT (9.905076366000060 53.610759695000070)","Unfall 123849 (2017) Kat:3, Licht: 0","123849","3","7","0","07","16","4","0","0","0","0","0","0"
"POINT (9.856554652000057 53.582741711000040)","Unfall 123850 (2017) Kat:3, Licht: 0","123850","3","3","5","07","12","4","0","0","0","1","0","0"
"POINT (9.839576544000067 53.556575851000048)","Unfall 123851 (2017) Kat:3, Licht: 0","123851","3","6","1","07","11","4","0","0","1","1","0","0"
"POINT (9.850294932000054 53.596078547000047)","Unfall 123852 (2017) Kat:3, Licht: 0","123852","3","7","0","07","19","4","0","0","1","0","0","0"
"POINT (9.887704710000037 53.598649949000048)","Unfall 123853 (2017) Kat:3, Licht: 0","123853","3","3","5","07","07","4","1","0","1","1","0","0"
"POINT (9.923206034000032 53.631699139000034)","Unfall 123854 (2017) Kat:3, Licht: 0","123854","3","6","2","07","08","4","0","0","0","1","0","0"
"POINT (9.930090491000044 53.552097121000031)","Unfall 123855 (2017) Kat:3, Licht: 0","123855","3","2","6","07","17","4","0","0","0","0","1","0"
"POINT (9.946759342000064 53.554445405000081)","Unfall 123856 (2017) Kat:3, Licht: 0","123856","3","3","5","07","11","4","0","0","0","1","0","0"
"POINT (9.951009265000039 53.559254613000064)","Unfall 123857 (2017) Kat:3, Licht: 0","123857","3","3","5","07","08","4","1","0","1","0","0","0"
"POINT (9.989118884000050 53.558342401000061)","Unfall 123858 (2017) Kat:2, Licht: 0","123858","2","2","3","07","12","4","0","0","0","1","0","0"
"POINT (10.001849724000067 53.454814952000049)","Unfall 123859 (2017) Kat:3, Licht: 0","123859","3","3","5","07","10","3","0","0","1","1","0","0"
"POINT (9.979561394000029 53.457418098000062)","Unfall 123860 (2017) Kat:3, Licht: 0","123860","3","2","2","07","12","3","0","0","0","1","0","0"
"POINT (10.178902473000051 53.485870698000042)","Unfall 123861 (2017) Kat:3, Licht: 0","123861","3","3","5","07","09","3","0","0","1","0","0","0"
"POINT (10.195159508000074 53.488894914000070)","Unfall 123862 (2017) Kat:3, Licht: 0","123862","3","6","0","07","09","3","0","0","1","0","0","0"
"POINT (10.041602374000036 53.550931215000048)","Unfall 123863 (2017) Kat:3, Licht: 0","123863","3","2","4","07","07","3","0","0","0","0","0","1"
"POINT (10.072411024000075 53.580083144000071)","Unfall 123864 (2017) Kat:3, Licht: 0","123864","3","2","2","07","16","3","0","0","0","1","0","0"
"POINT (10.118308743000057 53.654926995000039)","Unfall 123865 (2017) Kat:3, Licht: 0","123865","3","3","5","07","12","3","0","0","0","1","0","0"
"POINT (10.072225547000073 53.651939749000064)","Unfall 123866 (2017) Kat:3, Licht: 0","123866","3","3","5","07","15","3","0","0","0","1","0","0"
"POINT (10.010658861000024 53.648772984000061)","Unfall 123867 (2017) Kat:3, Licht: 0","123867","3","6","2","07","16","3","0","0","0","1","0","0"
"POINT (10.004842018000033 53.641736140000035)","Unfall 123868 (2017) Kat:3, Licht: 0","123868","3","3","5","07","16","3","0","0","1","1","0","0"
"POINT (10.011173042000053 53.588884375000077)","Unfall 123869 (2017) Kat:2, Licht: 0","123869","2","2","0","07","10","3","0","0","0","0","0","1"
"POINT (10.028116126000043 53.600036322000051)","Unfall 123870 (2017) Kat:3, Licht: 0","123870","3","6","3","07","16","3","0","0","0","1","0","1"
"POINT (9.993859319000023 53.599249876000044)","Unfall 123871 (2017) Kat:3, Licht: 0","123871","3","3","5","07","08","3","0","0","1","1","0","0"
"POINT (9.905657307000070 53.633333734000075)","Unfall 123872 (2017) Kat:3, Licht: 0","123872","3","3","5","07","17","3","0","0","1","1","0","0"
"POINT (9.922186241000077 53.644157135000057)","Unfall 123873 (2017) Kat:3, Licht: 0","123873","3","3","2","07","08","3","0","0","1","1","0","0"
"POINT (9.982914742000048 53.595888537000064)","Unfall 123874 (2017) Kat:3, Licht: 0","123874","3","3","5","07","16","3","0","0","1","1","0","0"
"POINT (9.952755457000023 53.601841890000060)","Unfall 123875 (2017) Kat:3, Licht: 0","123875","3","2","5","07","06","3","0","0","0","1","0","0"
"POINT (9.987652658000059 53.572664191000058)","Unfall 123876 (2017) Kat:3, Licht: 0","123876","3","2","5","07","18","3","0","0","1","1","0","0"
"POINT (9.982672383000022 53.558999556000060)","Unfall 123877 (2017) Kat:3, Licht: 0","123877","3","6","3","07","15","3","0","0","0","1","0","0"
"POINT (9.982843565000053 53.553641687000038)","Unfall 123878 (2017) Kat:3, Licht: 1","123878","3","5","1","07","04","3","0","1","0","1","0","0"
"POINT (9.974133824000035 53.549401551000074)","Unfall 123879 (2017) Kat:3, Licht: 0","123879","3","3","5","07","08","3","0","0","1","1","0","0"
"POINT (10.016597015000059 53.555320757000061)","Unfall 123880 (2017) Kat:3, Licht: 0","123880","3","3","0","07","14","3","0","0","1","1","0","0"
"POINT (9.876774444000034 53.533441316000051)","Unfall 123881 (2017) Kat:3, Licht: 0","123881","3","6","0","07","18","2","1","0","1","1","0","0"
"POINT (9.985735725000041 53.459493029000043)","Unfall 123882 (2017) Kat:3, Licht: 0","123882","3","4","6","07","12","2","0","0","0","1","1","0"
"POINT (10.210668736000059 53.501866486000040)","Unfall 123883 (2017) Kat:1, Licht: 0","123883","1","1","8","07","20","2","1","0","0","1","0","0"
"POINT (10.186822310000025 53.490660282000078)","Unfall 123884 (2017) Kat:3, Licht: 0","123884","3","6","2","07","17","2","0","0","0","1","0","0"
"POINT (10.177998832000071 53.476535507000051)","Unfall 123885 (2017) Kat:3, Licht: 0","123885","3","2","5","07","05","2","0","0","0","1","0","0"
"POINT (10.180592973000046 53.603071394000040)","Unfall 123886 (2017) Kat:2, Licht: 0","123886","2","7","6","07","13","2","0","0","0","0","1","0"
"POINT (10.127286169000058 53.575450296000042)","Unfall 123887 (2017) Kat:3, Licht: 0","123887","3","6","3","07","18","2","1","0","0","1","0","1"
"POINT (10.130997452000031 53.610431408000068)","Unfall 123888 (2017) Kat:3, Licht: 0","123888","3","3","5","07","09","2","0","0","1","1","0","0"
"POINT (10.135487884000042 53.617267672000082)","Unfall 123889 (2017) Kat:3, Licht: 0","123889","3","3","5","07","13","2","0","0","1","1","0","0"
"POINT (10.061794209000027 53.577473832000067)","Unfall 123890 (2017) Kat:3, Licht: 0","123890","3","6","3","07","08","2","0","0","1","0","0","0"
"POINT (10.051805355000056 53.603355040000054)","Unfall 123891 (2017) Kat:3, Licht: 0","123891","3","6","1","07","15","2","0","0","0","1","0","0"
"POINT (10.062634273000072 53.653830694000078)","Unfall 123892 (2017) Kat:3, Licht: 0","123892","3","2","4","07","13","2","0","0","1","1","0","0"
"POINT (10.013941251000062 53.593925807000062)","Unfall 123893 (2017) Kat:3, Licht: 0","123893","3","3","5","07","15","2","0","0","1","1","0","0"
"POINT (10.022845419000021 53.567594821000057)","Unfall 123894 (2017) Kat:3, Licht: 1","123894","3","6","1","07","18","2","1","1","0","1","0","0"
"POINT (9.917703265000057 53.599436310000044)","Unfall 123895 (2017) Kat:3, Licht: 0","123895","3","2","3","07","06","2","0","0","1","0","0","0"
"POINT (9.898499064000021 53.549559018000082)","Unfall 123896 (2017) Kat:3, Licht: 0","123896","3","4","6","07","14","2","0","0","0","1","1","0"
"POINT (9.962802222000050 53.575810660000059)","Unfall 123897 (2017) Kat:3, Licht: 0","123897","3","5","1","07","09","2","0","0","1","1","0","0"
"POINT (10.008477785000025 53.550495806000072)","Unfall 123898 (2017) Kat:3, Licht: 0","123898","3","2","5","07","17","2","1","0","1","0","0","0"
"POINT (9.827449108000053 53.469917544000054)","Unfall 123899 (2017) Kat:3, Licht: 0","123899","3","7","0","07","13","1","1","0","1","0","0","0"
"POINT (9.886192333000054 53.526509466000050)","Unfall 123900 (2017) Kat:3, Licht: 0","123900","3","7","0","07","16","1","0","0","0","1","0","0"
"POINT (10.104641577000052 53.587094217000072)","Unfall 123901 (2017) Kat:3, Licht: 0","123901","3","3","5","07","15","1","0","0","0","1","0","0"
"POINT (9.757477825000024 53.580884334000075)","Unfall 123902 (2017) Kat:3, Licht: 0","123902","3","3","5","07","15","1","0","0","0","1","0","1"
"POINT (9.967824872000051 53.550013113000034)","Unfall 123903 (2017) Kat:3, Licht: 2","123903","3","6","2","07","22","1","0","2","0","1","0","1"
"POINT (9.888840249000054 53.478022570000064)","Unfall 123904 (2017) Kat:3, Licht: 0","123904","3","6","2","07","13","7","1","0","0","1","0","0"
"POINT (10.145654751000052 53.529427620000035)","Unfall 123905 (2017) Kat:2, Licht: 0","123905","2","7","6","07","13","7","1","0","0","1","1","0"
"POINT (10.040671386000042 53.555557590000035)","Unfall 123906 (2017) Kat:3, Licht: 0","123906","3","3","5","07","19","7","0","0","0","1","0","0"
"POINT (10.148856283000043 53.620639958000027)","Unfall 123907 (2017) Kat:3, Licht: 0","123907","3","2","4","07","14","7","1","0","0","1","0","0"
"POINT (10.060006397000052 53.571766783000044)","Unfall 123908 (2017) Kat:3, Licht: 0","123908","3","2","5","07","18","7","0","0","1","1","0","0"
"POINT (10.056995269000026 53.608511607000082)","Unfall 123909 (2017) Kat:3, Licht: 0","123909","3","6","2","07","13","7","1","0","0","1","0","0"
"POINT (10.032865008000044 53.622376391000046)","Unfall 123910 (2017) Kat:3, Licht: 0","123910","3","7","3","07","09","7","1","0","0","1","0","0"
"POINT (10.003220080000062 53.580743840000082)","Unfall 123911 (2017) Kat:3, Licht: 2","123911","3","3","5","07","02","7","1","2","0","1","0","0"
"POINT (10.023015940000050 53.581048461000080)","Unfall 123912 (2017) Kat:3, Licht: 0","123912","3","4","6","07","12","7","1","0","0","1","1","0"
"POINT (9.867052324000042 53.574464490000082)","Unfall 123913 (2017) Kat:3, Licht: 1","123913","3","3","5","07","20","7","0","1","1","1","0","0"
"POINT (9.964506977000042 53.584476116000076)","Unfall 123914 (2017) Kat:2, Licht: 0","123914","2","7","0","07","16","7","0","0","1","0","0","0"
"POINT (9.918589093000037 53.556818228000054)","Unfall 123915 (2017) Kat:3, Licht: 0","123915","3","3","5","07","14","7","1","0","1","1","0","0"
"POINT (9.984888689000059 53.563916871000060)","Unfall 123916 (2017) Kat:3, Licht: 2","123916","3","6","2","07","00","7","1","2","0","1","0","0"
"POINT (9.863421000000074 53.469825022000066)","Unfall 123917 (2017) Kat:2, Licht: 0","123917","2","3","5","06","11","6","1","0","1","1","0","0"
"POINT (9.978265439000040 53.456349947000035)","Unfall 123918 (2017) Kat:3, Licht: 0","123918","3","6","2","06","12","6","1","0","0","1","0","0"
"POINT (10.130508413000030 53.529882345000033)","Unfall 123919 (2017) Kat:3, Licht: 0","123919","3","2","1","06","19","6","1","0","0","1","0","0"
"POINT (10.074805174000062 53.554859726000075)","Unfall 123920 (2017) Kat:3, Licht: 0","123920","3","3","5","06","08","6","1","0","0","1","0","0"
"POINT (10.050238634000038 53.538182678000055)","Unfall 123921 (2017) Kat:3, Licht: 0","123921","3","3","5","06","18","6","1","0","0","1","0","0"
"POINT (10.047650815000054 53.558811138000067)","Unfall 123922 (2017) Kat:3, Licht: 0","123922","3","6","2","06","08","6","1","0","0","1","0","0"
"POINT (10.152550312000074 53.603847328000029)","Unfall 123923 (2017) Kat:3, Licht: 0","123923","3","2","2","06","11","6","1","0","0","1","0","0"
"POINT (10.039048772000058 53.606783818000054)","Unfall 123924 (2017) Kat:3, Licht: 0","123924","3","2","5","06","15","6","1","0","1","1","0","0"
"POINT (10.077539972000068 53.653212838000059)","Unfall 123925 (2017) Kat:3, Licht: 0","123925","3","4","6","06","07","6","1","0","0","1","1","0"
"POINT (10.128732666000076 53.671920455000077)","Unfall 123926 (2017) Kat:3, Licht: 0","123926","3","6","2","06","18","6","1","0","0","1","0","0"
"POINT (10.006989544000021 53.630291616000079)","Unfall 123927 (2017) Kat:2, Licht: 0","123927","2","4","6","06","19","6","1","0","0","1","1","0"
"POINT (10.002047081000057 53.673327703000041)","Unfall 123928 (2017) Kat:3, Licht: 0","123928","3","6","2","06","14","6","1","0","0","1","0","0"
"POINT (10.009929347000025 53.624234597000054)","Unfall 123929 (2017) Kat:3, Licht: 0","123929","3","6","2","06","14","6","1","0","0","1","0","0"
"POINT (10.014533998000047 53.597833587000082)","Unfall 123930 (2017) Kat:3, Licht: 0","123930","3","7","5","06","19","6","1","0","1","1","0","0"
"POINT (10.024997896000059 53.569004575000065)","Unfall 123931 (2017) Kat:2, Licht: 0","123931","2","6","0","06","11","6","1","0","1","0","0","0"
"POINT (9.852509186000077 53.590384144000041)","Unfall 123932 (2017) Kat:3, Licht: 0","123932","3","3","5","06","17","6","1","0","1","1","0","0"
"POINT (9.822934704000033 53.560781294000037)","Unfall 123933 (2017) Kat:3, Licht: 0","123933","3","6","1","06","14","6","1","0","0","1","0","0"
"POINT (9.962915165000027 53.575977427000055)","Unfall 123934 (2017) Kat:3, Licht: 0","123934","3","5","1","06","12","6","1","0","1","1","0","0"
"POINT (9.982949160000032 53.583985419000044)","Unfall 123935 (2017) Kat:3, Licht: 0","123935","3","2","6","06","08","6","1","0","0","1","1","0"
"POINT (9.952602762000026 53.598779235000052)","Unfall 123936 (2017) Kat:3, Licht: 0","123936","3","3","6","06","07","6","1","0","0","1","1","0"
"POINT (9.994389933000036 53.559909638000079)","Unfall 123937 (2017) Kat:3, Licht: 1","123937","3","3","5","06","21","6","1","1","1","1","0","0"
"POINT (9.994942198000047 53.571233017000054)","Unfall 123938 (2017) Kat:3, Licht: 0","123938","3","2","4","06","20","6","1","0","0","1","0","1"
"POINT (9.962181685000076 53.549455163000061)","Unfall 123939 (2017) Kat:3, Licht: 2","123939","3","4","6","06","03","6","0","2","0","1","1","0"
"POINT (10.208461891000070 53.481732630000067)","Unfall 123940 (2017) Kat:3, Licht: 0","123940","3","2","4","06","15","5","0","0","1","1","0","0"
"POINT (10.208283341000026 53.492292739000050)","Unfall 123941 (2017) Kat:3, Licht: 0","123941","3","6","2","06","15","5","0","0","0","1","0","1"
"POINT (10.102872276000028 53.542554076000044)","Unfall 123942 (2017) Kat:3, Licht: 0","123942","3","6","0","06","17","5","0","0","0","1","0","0"
"POINT (10.068874824000034 53.553304808000064)","Unfall 123943 (2017) Kat:3, Licht: 0","123943","3","3","5","06","15","5","0","0","1","1","0","0"
"POINT (10.096841389000076 53.533414456000060)","Unfall 123944 (2017) Kat:3, Licht: 0","123944","3","7","7","06","10","5","0","0","0","0","0","0"
"POINT (10.101413661000038 53.557972097000061)","Unfall 123945 (2017) Kat:2, Licht: 0","123945","2","3","5","06","10","5","0","0","1","0","0","0"
"POINT (10.060156595000024 53.537386245000050)","Unfall 123946 (2017) Kat:3, Licht: 0","123946","3","7","5","06","16","5","0","0","0","1","0","0"
"POINT (10.044806391000066 53.597144937000053)","Unfall 123947 (2017) Kat:3, Licht: 0","123947","3","3","5","07","07","4","0","0","1","1","0","0"
"POINT (9.947487813000066 53.582939771000042)","Unfall 123948 (2017) Kat:3, Licht: 1","123948","3","3","5","07","21","4","0","1","1","1","0","0"
"POINT (9.924950484000021 53.587225574000058)","Unfall 123949 (2017) Kat:3, Licht: 0","123949","3","3","5","07","14","4","0","0","1","1","0","0"
"POINT (10.061381665000056 53.554544301000078)","Unfall 123950 (2017) Kat:3, Licht: 0","123950","3","3","5","06","08","5","0","0","0","1","0","0"
"POINT (9.957980538000072 53.599837522000030)","Unfall 123951 (2017) Kat:3, Licht: 0","123951","3","4","6","07","17","4","0","0","1","0","1","0"
"POINT (9.930179398000064 53.550485522000031)","Unfall 123952 (2017) Kat:3, Licht: 0","123952","3","2","5","07","19","4","0","0","1","1","0","0"
"POINT (9.924969366000028 53.550966134000078)","Unfall 123953 (2017) Kat:3, Licht: 0","123953","3","7","1","07","07","4","0","0","1","1","0","0"
"POINT (9.933337354000059 53.547885407000081)","Unfall 123954 (2017) Kat:3, Licht: 2","123954","3","5","0","07","22","4","1","2","1","1","0","0"
"POINT (9.943502761000048 53.556039379000026)","Unfall 123955 (2017) Kat:3, Licht: 2","123955","3","5","1","07","00","4","0","2","0","1","0","0"
"POINT (9.986099244000059 53.580540299000063)","Unfall 123956 (2017) Kat:3, Licht: 0","123956","3","4","6","07","17","4","0","0","1","0","1","0"
"POINT (10.115744428000028 53.571023624000077)","Unfall 123957 (2017) Kat:3, Licht: 0","123957","3","6","1","06","11","5","0","0","0","1","0","0"
"POINT (9.975471851000066 53.558959836000042)","Unfall 123958 (2017) Kat:2, Licht: 0","123958","2","3","5","07","19","4","0","0","1","0","0","1"
"POINT (9.923302009000054 53.520205269000030)","Unfall 123959 (2017) Kat:3, Licht: 0","123959","3","7","0","07","12","4","0","0","0","0","0","0"
"POINT (10.141832867000062 53.570476118000045)","Unfall 123960 (2017) Kat:3, Licht: 0","123960","3","6","1","06","09","5","0","0","0","1","0","0"
"POINT (9.839300369000057 53.473829719000037)","Unfall 123961 (2017) Kat:3, Licht: 0","123961","3","3","5","07","09","3","0","0","1","1","0","0"
"POINT (10.083476327000028 53.494658442000059)","Unfall 123962 (2017) Kat:2, Licht: 0","123962","2","2","4","07","19","3","0","0","1","1","0","0"
"POINT (10.117310458000077 53.598810588000049)","Unfall 123963 (2017) Kat:3, Licht: 0","123963","3","4","6","06","17","5","0","0","0","1","1","0"
"POINT (10.128365257000041 53.601809078000031)","Unfall 123964 (2017) Kat:3, Licht: 0","123964","3","2","2","06","13","5","0","0","0","1","0","0"
"POINT (10.156601789000035 53.489777164000031)","Unfall 123965 (2017) Kat:3, Licht: 0","123965","3","2","2","07","20","3","0","0","0","1","0","0"
"POINT (10.078268400000070 53.584690998000042)","Unfall 123966 (2017) Kat:3, Licht: 0","123966","3","6","1","06","18","5","1","0","0","1","0","0"
"POINT (10.070244555000045 53.523072507000052)","Unfall 123967 (2017) Kat:3, Licht: 0","123967","3","2","2","07","16","3","0","0","0","1","0","0"
"POINT (10.062634675000027 53.653831372000070)","Unfall 123968 (2017) Kat:3, Licht: 0","123968","3","2","4","06","14","5","0","0","1","1","0","0"
"POINT (10.059294734000048 53.562827909000077)","Unfall 123969 (2017) Kat:3, Licht: 0","123969","3","4","6","07","08","3","0","0","0","1","1","0"
"POINT (10.015107253000053 53.647551548000081)","Unfall 123970 (2017) Kat:3, Licht: 0","123970","3","2","4","06","19","5","0","0","1","1","0","0"
"POINT (9.931143032000023 53.583857235000039)","Unfall 123971 (2017) Kat:3, Licht: 0","123971","3","5","1","06","19","5","1","0","1","1","0","0"
"POINT (9.898297091000075 53.620736425000075)","Unfall 123972 (2017) Kat:3, Licht: 0","123972","3","6","3","06","06","5","0","0","1","1","0","0"
"POINT (10.059987105000062 53.554691609000031)","Unfall 123973 (2017) Kat:3, Licht: 0","123973","3","6","2","07","12","3","0","0","0","1","0","0"
"POINT (9.920487595000054 53.589645652000058)","Unfall 123974 (2017) Kat:3, Licht: 0","123974","3","3","5","06","06","5","0","0","0","1","0","1"
"POINT (9.820238073000041 53.562014311000041)","Unfall 123975 (2017) Kat:3, Licht: 0","123975","3","7","1","06","13","5","0","0","0","1","1","0"
"POINT (9.865856144000077 53.590381332000049)","Unfall 123976 (2017) Kat:3, Licht: 0","123976","3","3","5","06","14","5","0","0","1","1","0","0"
"POINT (9.915921636000064 53.642717790000063)","Unfall 123977 (2017) Kat:2, Licht: 0","123977","2","7","0","06","17","5","0","0","1","1","0","0"
"POINT (9.914908363000052 53.634781328000031)","Unfall 123978 (2017) Kat:2, Licht: 0","123978","2","2","0","06","14","5","0","0","1","1","0","0"
"POINT (9.946822183000052 53.561517219000052)","Unfall 123979 (2017) Kat:3, Licht: 0","123979","3","6","2","06","17","5","0","0","0","1","0","0"
"POINT (9.997492196000053 53.578575481000030)","Unfall 123980 (2017) Kat:3, Licht: 0","123980","3","2","4","06","17","5","0","0","1","1","0","0"
"POINT (10.041362021000054 53.555506289000050)","Unfall 123981 (2017) Kat:3, Licht: 0","123981","3","6","0","07","08","3","0","0","0","0","0","0"
"POINT (10.162806315000068 53.635922914000048)","Unfall 123982 (2017) Kat:3, Licht: 0","123982","3","3","5","07","10","3","0","0","0","1","0","0"
"POINT (10.132927491000032 53.624203659000045)","Unfall 123983 (2017) Kat:3, Licht: 0","123983","3","2","2","07","14","3","0","0","0","1","0","0"
"POINT (10.128418033000059 53.597172114000045)","Unfall 123984 (2017) Kat:3, Licht: 0","123984","3","3","5","07","07","3","0","0","1","1","0","0"
"POINT (10.070005949000063 53.599641802000065)","Unfall 123985 (2017) Kat:3, Licht: 0","123985","3","3","5","07","12","3","0","0","1","0","0","0"
"POINT (10.045263890000058 53.667414429000075)","Unfall 123986 (2017) Kat:3, Licht: 0","123986","3","6","2","07","15","3","0","0","0","1","0","0"
"POINT (10.102818402000025 53.653582722000067)","Unfall 123987 (2017) Kat:3, Licht: 0","123987","3","2","2","07","09","3","0","0","0","1","0","0"
"POINT (9.962680408000040 53.556328779000069)","Unfall 123988 (2017) Kat:3, Licht: 1","123988","3","3","4","06","20","5","1","1","1","0","0","0"
"POINT (10.019629485000053 53.654223316000071)","Unfall 123989 (2017) Kat:3, Licht: 0","123989","3","3","5","07","07","3","0","0","1","0","0","0"
"POINT (9.997818683000048 53.595843846000037)","Unfall 123990 (2017) Kat:3, Licht: 0","123990","3","5","0","07","09","3","0","0","1","1","0","0"
"POINT (9.796063161000063 53.566772128000082)","Unfall 123991 (2017) Kat:3, Licht: 0","123991","3","6","2","07","09","3","0","0","0","1","0","0"
"POINT (9.960181340000077 53.563638279000031)","Unfall 123992 (2017) Kat:3, Licht: 0","123992","3","2","4","06","15","5","0","0","1","1","0","0"
"POINT (9.805785420000063 53.563195016000066)","Unfall 123993 (2017) Kat:2, Licht: 2","123993","2","1","9","07","00","3","0","2","0","0","0","1"
"POINT (9.918629270000054 53.577319596000052)","Unfall 123994 (2017) Kat:3, Licht: 0","123994","3","7","1","07","16","3","0","0","1","1","0","0"
"POINT (9.957152401000030 53.562353924000035)","Unfall 123995 (2017) Kat:3, Licht: 0","123995","3","2","3","06","12","5","0","0","1","1","0","0"
"POINT (9.874928872000055 53.587886775000072)","Unfall 123996 (2017) Kat:3, Licht: 0","123996","3","2","3","07","17","3","0","0","1","1","0","0"
"POINT (9.945438845000069 53.593494544000066)","Unfall 123997 (2017) Kat:3, Licht: 0","123997","3","6","3","07","11","3","0","0","0","1","0","0"
"POINT (9.963338227000065 53.557937753000033)","Unfall 123998 (2017) Kat:3, Licht: 2","123998","3","6","4","06","02","5","0","2","1","0","0","0"
"POINT (9.972241718000021 53.553362653000079)","Unfall 123999 (2017) Kat:3, Licht: 0","123999","3","2","5","07","19","3","0","0","0","1","0","0"
"POINT (9.996411563000038 53.550646456000038)","Unfall 124000 (2017) Kat:3, Licht: 0","124000","3","4","0","06","10","5","0","0","0","0","1","0"
"POINT (9.986889519000044 53.555648311000027)","Unfall 124001 (2017) Kat:3, Licht: 0","124001","3","5","3","06","09","5","0","0","1","1","0","0"
"POINT (10.008111528000029 53.523402164000061)","Unfall 124002 (2017) Kat:3, Licht: 0","124002","3","2","3","06","09","5","0","0","0","1","0","0"
"POINT (9.968302410000035 53.566874783000060)","Unfall 124003 (2017) Kat:3, Licht: 0","124003","3","7","0","07","08","3","0","0","1","0","0","0"
"POINT (10.156094512000038 53.600043094000057)","Unfall 124004 (2017) Kat:2, Licht: 0","124004","2","7","6","06","17","4","0","0","0","1","1","0"
"POINT (10.124804560000030 53.586315432000049)","Unfall 124005 (2017) Kat:3, Licht: 0","124005","3","2","6","06","07","4","0","0","0","0","1","0"
"POINT (10.021426491000057 53.556454829000074)","Unfall 124006 (2017) Kat:3, Licht: 0","124006","3","6","4","07","09","3","0","0","1","0","0","0"
"POINT (10.182258054000044 53.598732772000062)","Unfall 124007 (2017) Kat:3, Licht: 0","124007","3","3","5","06","20","4","0","0","0","1","0","0"
"POINT (10.099402393000048 53.620469638000031)","Unfall 124008 (2017) Kat:2, Licht: 0","124008","2","6","2","06","14","4","0","0","1","1","0","0"
"POINT (10.102227446000029 53.647416087000067)","Unfall 124009 (2017) Kat:3, Licht: 0","124009","3","2","2","06","07","4","0","0","0","1","0","0"
"POINT (9.972003758000028 53.463435442000048)","Unfall 124010 (2017) Kat:3, Licht: 0","124010","3","6","2","07","17","2","0","0","0","1","0","1"
"POINT (10.095316899000068 53.656164524000076)","Unfall 124011 (2017) Kat:3, Licht: 0","124011","3","3","5","06","13","4","0","0","1","1","0","0"
"POINT (10.176857485000028 53.649955952000028)","Unfall 124012 (2017) Kat:3, Licht: 0","124012","3","1","9","06","11","4","0","0","0","1","0","0"
"POINT (10.008501621000050 53.613921063000078)","Unfall 124013 (2017) Kat:3, Licht: 0","124013","3","6","3","06","17","4","1","0","1","0","0","0"
"POINT (9.997669023000071 53.596040800000026)","Unfall 124014 (2017) Kat:2, Licht: 0","124014","2","5","0","06","09","4","0","0","1","1","0","0"
"POINT (10.013778869000021 53.585089157000027)","Unfall 124015 (2017) Kat:3, Licht: 0","124015","3","5","1","06","09","4","0","0","1","1","0","0"
"POINT (10.041329567000048 53.563153933000081)","Unfall 124016 (2017) Kat:3, Licht: 0","124016","3","5","1","06","17","4","1","0","1","1","0","0"
"POINT (9.865489846000060 53.570086463000052)","Unfall 124017 (2017) Kat:3, Licht: 0","124017","3","6","3","06","18","4","1","0","0","1","0","0"
"POINT (9.973582749000059 53.644232479000038)","Unfall 124018 (2017) Kat:3, Licht: 0","124018","3","6","3","06","12","4","0","0","0","1","0","0"
"POINT (9.954848436000077 53.569313253000075)","Unfall 124019 (2017) Kat:3, Licht: 0","124019","3","6","2","06","14","4","0","0","0","1","0","0"
"POINT (9.917874662000031 53.553910705000078)","Unfall 124020 (2017) Kat:3, Licht: 2","124020","3","3","4","06","22","4","0","2","0","1","0","0"
"POINT (9.936269586000037 53.554915591000054)","Unfall 124021 (2017) Kat:3, Licht: 1","124021","3","1","9","06","20","4","1","1","1","0","0","0"
"POINT (9.973393131000023 53.569692838000037)","Unfall 124022 (2017) Kat:3, Licht: 1","124022","3","2","4","06","21","4","0","1","1","1","0","0"
"POINT (9.971317420000048 53.567932771000073)","Unfall 124023 (2017) Kat:3, Licht: 0","124023","3","6","3","06","09","4","0","0","1","1","0","0"
"POINT (9.991738169000030 53.503136269000038)","Unfall 124024 (2017) Kat:3, Licht: 0","124024","3","2","4","07","07","2","0","0","1","1","0","0"
"POINT (10.137900701000035 53.478196830000059)","Unfall 124025 (2017) Kat:3, Licht: 0","124025","3","5","1","07","18","2","0","0","1","1","0","0"
"POINT (10.082365245000062 53.475087724000048)","Unfall 124026 (2017) Kat:2, Licht: 0","124026","2","6","4","07","18","2","0","0","1","0","0","0"
"POINT (10.115874350000070 53.557486003000065)","Unfall 124027 (2017) Kat:3, Licht: 0","124027","3","2","3","07","17","2","0","0","1","1","0","0"
"POINT (10.098029792000034 53.535182780000071)","Unfall 124028 (2017) Kat:3, Licht: 0","124028","3","3","5","07","16","2","0","0","0","1","0","0"
"POINT (10.065868034000061 53.553924680000080)","Unfall 124029 (2017) Kat:3, Licht: 1","124029","3","5","1","07","21","2","0","1","0","1","0","0"
"POINT (10.037978029000044 53.541162476000068)","Unfall 124030 (2017) Kat:3, Licht: 0","124030","3","3","5","07","17","2","0","0","1","1","0","0"
"POINT (10.020710483000073 53.550562280000065)","Unfall 124031 (2017) Kat:2, Licht: 0","124031","2","4","6","07","07","2","0","0","0","0","1","0"
"POINT (10.154819663000069 53.603098507000027)","Unfall 124032 (2017) Kat:3, Licht: 0","124032","3","2","2","07","12","2","0","0","0","1","0","0"
"POINT (10.135559583000031 53.616994804000058)","Unfall 124033 (2017) Kat:3, Licht: 0","124033","3","3","5","07","14","2","0","0","0","1","0","0"