WKT,Name,OBJECTID,UKATEGORIE,UTYP1,UART,UMONAT,USTUNDE,UWOCHENTAG,STRZUSTAND,ULICHTVERH,ISTRAD,ISTPKW,ISTFUSS,ISTKRAD
"POINT (10.098932367000032 53.588777874000073)","Unfall 124034 (2017) Kat:3, Licht: 0","124034","3","4","6","07","07","2","0","0","0","1","1","0"
"POINT (10.110348654000063 53.623243437000042)","Unfall 124035 (2017) Kat:3, Licht: 0","124035","3","2","5","07","17","2","0","0","1","1","0","0"
"POINT (9.962815633000048 53.556379408000055)","Unfall 124036 (2017) Kat:3, Licht: 1","124036","3","3","6","06","03","4","0","1","0","1","1","0"
"POINT (10.079947298000036 53.608389845000033)","Unfall 124037 (2017) Kat:3, Licht: 0","124037","3","4","6","07","09","2","0","0","0","1","1","0"
"POINT (9.961895399000071 53.550412546000075)","Unfall 124038 (2017) Kat:3, Licht: 0","124038","3","7","1","06","09","4","0","0","0","1","0","1"
"POINT (9.993053955000050 53.557792304000031)","Unfall 124039 (2017) Kat:3, Licht: 0","124039","3","3","5","06","17","4","1","0","1","1","0","0"
"POINT (10.136103541000068 53.680664038000032)","Unfall 124040 (2017) Kat:3, Licht: 0","124040","3","3","5","07","06","2","0","0","0","1","0","0"
"POINT (10.019220491000056 53.552960741000049)","Unfall 124041 (2017) Kat:3, Licht: 0","124041","3","2","5","06","08","4","0","0","1","1","0","0"
"POINT (9.793131003000042 53.515288740000074)","Unfall 124042 (2017) Kat:3, Licht: 0","124042","3","2","4","06","12","3","0","0","0","1","0","0"
"POINT (10.161772994000046 53.650469260000079)","Unfall 124043 (2017) Kat:3, Licht: 0","124043","3","3","5","07","10","2","0","0","1","1","0","0"
"POINT (9.981143231000033 53.458174354000050)","Unfall 124044 (2017) Kat:3, Licht: 0","124044","3","4","6","06","18","3","0","0","0","1","1","0"
"POINT (9.994903374000046 53.477989764000029)","Unfall 124045 (2017) Kat:3, Licht: 0","124045","3","3","5","06","16","3","0","0","0","1","0","1"
"POINT (10.016367369000022 53.634534301000031)","Unfall 124046 (2017) Kat:3, Licht: 0","124046","3","2","2","07","08","2","0","0","0","1","0","0"
"POINT (10.083220748000031 53.545429953000053)","Unfall 124047 (2017) Kat:3, Licht: 0","124047","3","6","2","06","11","3","0","0","0","1","0","0"
"POINT (10.006193039000038 53.582611209000049)","Unfall 124048 (2017) Kat:3, Licht: 0","124048","3","3","5","07","11","2","0","0","0","1","0","0"
"POINT (10.019441306000033 53.566129938000074)","Unfall 124049 (2017) Kat:2, Licht: 0","124049","2","3","5","07","15","2","0","0","1","1","0","0"
"POINT (10.161062878000052 53.613763485000050)","Unfall 124050 (2017) Kat:3, Licht: 0","124050","3","1","8","06","13","3","0","0","0","1","0","0"
"POINT (10.051598453000054 53.564432727000053)","Unfall 124051 (2017) Kat:3, Licht: 0","124051","3","3","5","07","10","2","0","0","0","1","0","0"
"POINT (10.134169696000072 53.571097895000037)","Unfall 124052 (2017) Kat:3, Licht: 0","124052","3","4","6","06","14","3","0","0","1","0","1","0"
"POINT (9.866353541000024 53.585343848000036)","Unfall 124053 (2017) Kat:3, Licht: 0","124053","3","2","5","07","13","2","0","0","1","1","0","0"
"POINT (10.101619509000045 53.583345877000056)","Unfall 124054 (2017) Kat:3, Licht: 0","124054","3","3","5","06","11","3","0","0","0","1","0","0"
"POINT (9.936102174000041 53.549904843000036)","Unfall 124055 (2017) Kat:3, Licht: 0","124055","3","6","1","07","11","2","0","0","0","1","0","1"
"POINT (9.987855049000075 53.562448649000032)","Unfall 124056 (2017) Kat:3, Licht: 0","124056","3","3","5","07","18","2","0","0","1","0","0","0"
"POINT (10.156960804000050 53.659972154000059)","Unfall 124057 (2017) Kat:2, Licht: 0","124057","2","6","2","06","16","3","0","0","0","1","0","0"
"POINT (10.055353238000066 53.674792181000043)","Unfall 124058 (2017) Kat:3, Licht: 0","124058","3","6","2","06","14","3","0","0","0","1","0","0"
"POINT (10.111204300000054 53.657495757000049)","Unfall 124059 (2017) Kat:3, Licht: 0","124059","3","3","5","06","12","3","0","0","1","1","0","0"
"POINT (10.092963550000036 53.655000126000061)","Unfall 124060 (2017) Kat:3, Licht: 0","124060","3","2","0","06","14","3","0","0","1","1","0","0"
"POINT (9.989264758000047 53.558124371000076)","Unfall 124061 (2017) Kat:3, Licht: 0","124061","3","2","3","07","18","2","0","0","1","1","0","0"
"POINT (10.156909296000038 53.639147846000071)","Unfall 124062 (2017) Kat:2, Licht: 0","124062","2","7","4","06","07","3","0","0","1","0","0","0"
"POINT (10.016727843000069 53.630620067000052)","Unfall 124063 (2017) Kat:3, Licht: 0","124063","3","5","1","06","07","3","0","0","1","1","0","0"
"POINT (10.011188107000066 53.522986898000056)","Unfall 124064 (2017) Kat:3, Licht: 0","124064","3","7","0","07","18","2","0","0","0","0","0","1"
"POINT (9.898084407000056 53.614975265000055)","Unfall 124065 (2017) Kat:3, Licht: 0","124065","3","7","6","06","09","3","0","0","0","0","1","0"
"POINT (9.830292649000057 53.557599947000028)","Unfall 124066 (2017) Kat:3, Licht: 0","124066","3","6","2","06","10","3","0","0","0","1","0","0"
"POINT (9.927653470000053 53.560106065000070)","Unfall 124067 (2017) Kat:3, Licht: 0","124067","3","2","4","06","19","3","0","0","1","1","0","0"
"POINT (10.136655374000043 53.584318154000073)","Unfall 124068 (2017) Kat:3, Licht: 0","124068","3","6","2","07","20","1","1","0","0","1","0","0"
"POINT (9.927252711000051 53.564699617000031)","Unfall 124069 (2017) Kat:3, Licht: 0","124069","3","3","5","06","14","3","0","0","1","1","0","0"
"POINT (9.907684678000067 53.626656165000043)","Unfall 124070 (2017) Kat:3, Licht: 0","124070","3","3","5","06","16","3","0","0","1","1","0","0"
"POINT (9.918811176000077 53.631563810000046)","Unfall 124071 (2017) Kat:3, Licht: 0","124071","3","7","6","06","15","3","0","0","1","0","1","0"
"POINT (9.915666579000060 53.635148503000039)","Unfall 124072 (2017) Kat:3, Licht: 0","124072","3","6","6","06","13","3","0","0","1","0","1","0"
"POINT (10.026060294000047 53.622837106000077)","Unfall 124073 (2017) Kat:3, Licht: 2","124073","3","3","5","07","00","1","0","2","0","1","0","0"
"POINT (10.027399745000025 53.570436891000043)","Unfall 124074 (2017) Kat:3, Licht: 0","124074","3","6","2","07","13","1","1","0","0","1","0","0"
"POINT (10.049705082000060 53.578692332000060)","Unfall 124075 (2017) Kat:3, Licht: 1","124075","3","6","2","07","20","1","1","1","0","1","0","1"
"POINT (9.875941010000076 53.588439890000075)","Unfall 124076 (2017) Kat:3, Licht: 0","124076","3","2","4","07","16","1","1","0","0","1","0","1"
"POINT (9.889822405000075 53.559939616000065)","Unfall 124077 (2017) Kat:2, Licht: 2","124077","2","4","0","07","01","1","0","2","0","1","1","0"
"POINT (9.929311275000032 53.551996440000039)","Unfall 124078 (2017) Kat:3, Licht: 0","124078","3","6","0","07","11","1","1","0","1","1","0","0"
"POINT (9.954566823000050 53.562255117000063)","Unfall 124079 (2017) Kat:2, Licht: 2","124079","2","5","6","07","02","1","0","2","0","1","1","0"
"POINT (9.985008840000035 53.441944202000059)","Unfall 124080 (2017) Kat:3, Licht: 0","124080","3","2","4","07","10","7","0","0","1","1","0","0"
"POINT (9.981533384000045 53.521408206000046)","Unfall 124081 (2017) Kat:3, Licht: 0","124081","3","4","6","07","15","7","0","0","0","1","1","0"
"POINT (10.192925723000030 53.479103054000063)","Unfall 124082 (2017) Kat:3, Licht: 0","124082","3","1","1","07","20","7","0","0","1","1","0","0"
"POINT (10.189742740000042 53.492722293000043)","Unfall 124083 (2017) Kat:3, Licht: 1","124083","3","1","9","07","05","7","0","1","0","0","0","1"
"POINT (10.083943202000057 53.554730172000063)","Unfall 124084 (2017) Kat:3, Licht: 0","124084","3","6","3","07","11","7","0","0","0","1","0","0"
"POINT (9.957488983000076 53.570049615000073)","Unfall 124085 (2017) Kat:3, Licht: 0","124085","3","6","1","06","11","3","0","0","0","1","0","0"
"POINT (10.056173533000049 53.606730434000042)","Unfall 124086 (2017) Kat:3, Licht: 0","124086","3","6","6","07","19","7","0","0","1","0","1","0"
"POINT (9.970040331000064 53.602348578000033)","Unfall 124087 (2017) Kat:3, Licht: 2","124087","3","1","7","06","00","3","0","2","0","1","0","0"
"POINT (10.111718445000065 53.648508929000059)","Unfall 124088 (2017) Kat:3, Licht: 0","124088","3","3","5","07","15","7","0","0","1","1","0","0"
"POINT (9.945869955000035 53.576474533000066)","Unfall 124089 (2017) Kat:3, Licht: 0","124089","3","6","4","06","13","3","0","0","1","0","0","0"
"POINT (10.062461320000068 53.638306024000030)","Unfall 124090 (2017) Kat:3, Licht: 0","124090","3","7","0","07","10","7","0","0","1","1","0","0"
"POINT (9.918344539000032 53.551175858000079)","Unfall 124091 (2017) Kat:3, Licht: 0","124091","3","6","6","06","07","3","0","0","1","0","1","0"
"POINT (9.930920635000064 53.546554123000078)","Unfall 124092 (2017) Kat:3, Licht: 0","124092","3","6","2","06","07","3","0","0","0","1","0","0"
"POINT (10.120758102000025 53.656295849000060)","Unfall 124093 (2017) Kat:2, Licht: 0","124093","2","3","5","07","12","7","0","0","1","1","0","0"
"POINT (10.014852973000075 53.574953885000070)","Unfall 124094 (2017) Kat:3, Licht: 0","124094","3","5","1","07","09","7","0","0","1","1","0","0"
"POINT (10.034531984000068 53.564143049000052)","Unfall 124095 (2017) Kat:3, Licht: 0","124095","3","3","5","07","13","7","0","0","1","0","0","0"
"POINT (9.956652563000034 53.587030765000065)","Unfall 124096 (2017) Kat:2, Licht: 0","124096","2","3","5","07","13","7","0","0","1","1","0","0"
"POINT (9.951724227000057 53.566033264000055)","Unfall 124097 (2017) Kat:3, Licht: 2","124097","3","6","4","07","01","7","1","2","1","0","0","0"
"POINT (9.974119959000063 53.569249880000029)","Unfall 124098 (2017) Kat:2, Licht: 0","124098","2","2","4","07","18","7","0","0","0","1","0","1"
"POINT (10.009321244000034 53.491837955000051)","Unfall 124099 (2017) Kat:3, Licht: 2","124099","3","2","4","07","22","6","0","2","1","1","0","0"
"POINT (9.952995659000067 53.546354816000076)","Unfall 124100 (2017) Kat:3, Licht: 0","124100","3","2","5","06","14","3","0","0","0","1","0","0"
"POINT (10.102469053000050 53.580062107000060)","Unfall 124101 (2017) Kat:3, Licht: 0","124101","3","6","2","07","15","6","0","0","0","1","0","0"
"POINT (10.124830663000068 53.585897595000063)","Unfall 124102 (2017) Kat:3, Licht: 0","124102","3","6","1","07","17","6","0","0","0","1","0","0"
"POINT (10.151854230000026 53.600089850000074)","Unfall 124103 (2017) Kat:3, Licht: 0","124103","3","3","5","07","08","6","0","0","1","1","0","0"
"POINT (9.975224767000043 53.551650337000069)","Unfall 124104 (2017) Kat:3, Licht: 2","124104","3","3","5","06","23","3","0","2","1","0","0","0"
"POINT (9.993560773000070 53.546821678000072)","Unfall 124105 (2017) Kat:2, Licht: 0","124105","2","3","5","06","16","3","0","0","1","0","0","0"
"POINT (10.020665250000036 53.557038124000030)","Unfall 124106 (2017) Kat:3, Licht: 0","124106","3","7","2","06","09","3","0","0","1","1","0","0"
"POINT (10.008731586000067 53.499316242000077)","Unfall 124107 (2017) Kat:3, Licht: 0","124107","3","3","5","06","19","2","0","0","0","1","0","1"
"POINT (10.143963530000065 53.619471431000079)","Unfall 124108 (2017) Kat:3, Licht: 0","124108","3","7","9","07","10","6","0","0","0","0","0","1"
"POINT (10.107846129000052 53.548346092000031)","Unfall 124109 (2017) Kat:3, Licht: 0","124109","3","6","2","06","19","2","0","0","0","1","0","0"
"POINT (10.082756971000038 53.535532108000041)","Unfall 124110 (2017) Kat:3, Licht: 0","124110","3","2","4","06","16","2","0","0","0","0","0","0"
"POINT (10.068178033000038 53.587374941000064)","Unfall 124111 (2017) Kat:2, Licht: 0","124111","2","6","2","07","14","6","0","0","1","1","0","0"
"POINT (10.099542855000038 53.540879864000033)","Unfall 124112 (2017) Kat:3, Licht: 0","124112","3","6","3","06","15","2","0","0","0","1","0","0"
"POINT (10.141038733000073 53.597557131000030)","Unfall 124113 (2017) Kat:3, Licht: 0","124113","3","3","0","06","05","2","1","0","0","0","0","1"
"POINT (10.098262699000031 53.591451367000047)","Unfall 124114 (2017) Kat:3, Licht: 0","124114","3","3","5","07","14","6","0","0","1","1","0","0"
"POINT (10.069807138000044 53.574964613000077)","Unfall 124115 (2017) Kat:3, Licht: 0","124115","3","6","2","06","08","2","0","0","0","1","0","0"
"POINT (10.062204496000049 53.581125350000036)","Unfall 124116 (2017) Kat:3, Licht: 0","124116","3","1","7","07","09","6","0","0","0","0","0","1"
"POINT (10.061381628000049 53.568778999000074)","Unfall 124117 (2017) Kat:3, Licht: 0","124117","3","7","0","06","11","2","0","0","0","1","0","0"
"POINT (10.154809128000068 53.639487598000073)","Unfall 124118 (2017) Kat:3, Licht: 0","124118","3","6","0","06","19","2","0","0","0","1","0","0"
"POINT (10.078153288000067 53.564735795000047)","Unfall 124119 (2017) Kat:3, Licht: 0","124119","3","3","5","07","12","6","0","0","1","1","0","0"
"POINT (10.183602199000063 53.645248687000048)","Unfall 124120 (2017) Kat:3, Licht: 0","124120","3","3","5","06","13","2","0","0","1","1","0","0"
"POINT (10.162603016000048 53.651958995000030)","Unfall 124121 (2017) Kat:2, Licht: 0","124121","2","3","5","06","10","2","0","0","1","1","0","0"
"POINT (10.107809484000029 53.655466169000078)","Unfall 124122 (2017) Kat:3, Licht: 0","124122","3","3","5","06","12","2","0","0","0","1","0","1"
"POINT (10.029358302000048 53.665984866000031)","Unfall 124123 (2017) Kat:3, Licht: 0","124123","3","7","0","06","17","2","0","0","1","0","0","0"
"POINT (10.078944457000034 53.563306543000067)","Unfall 124124 (2017) Kat:3, Licht: 0","124124","3","3","5","07","18","6","0","0","1","1","0","0"
"POINT (10.085546154000042 53.627309694000076)","Unfall 124125 (2017) Kat:3, Licht: 0","124125","3","3","5","07","08","6","0","0","0","1","0","0"
"POINT (10.139980069000046 53.675393555000028)","Unfall 124126 (2017) Kat:2, Licht: 0","124126","2","1","0","07","16","6","0","0","0","1","0","1"
"POINT (10.038660022000045 53.643573898000056)","Unfall 124127 (2017) Kat:3, Licht: 0","124127","3","2","2","07","14","6","0","0","1","1","0","0"
"POINT (10.005120910000073 53.589187054000035)","Unfall 124128 (2017) Kat:3, Licht: 0","124128","3","6","4","07","14","6","0","0","1","0","0","0"
"POINT (10.025538304000065 53.604215770000053)","Unfall 124129 (2017) Kat:3, Licht: 0","124129","3","2","3","07","08","6","0","0","1","1","0","0"
"POINT (10.009526198000060 53.578180106000048)","Unfall 124130 (2017) Kat:3, Licht: 0","124130","3","2","5","07","09","6","0","0","1","1","0","0"
"POINT (10.035276022000062 53.575145550000059)","Unfall 124131 (2017) Kat:3, Licht: 0","124131","3","3","5","07","09","6","0","0","1","1","0","0"
"POINT (9.898499844000071 53.610063572000058)","Unfall 124132 (2017) Kat:2, Licht: 0","124132","2","3","5","07","11","6","0","0","1","1","0","0"
"POINT (9.793183756000076 53.568147047000082)","Unfall 124133 (2017) Kat:3, Licht: 0","124133","3","3","5","07","08","6","0","0","1","1","0","0"
"POINT (9.852181591000033 53.579134255000042)","Unfall 124134 (2017) Kat:3, Licht: 0","124134","3","7","0","07","13","6","0","0","1","0","1","0"
"POINT (9.918240757000035 53.554057620000037)","Unfall 124135 (2017) Kat:3, Licht: 0","124135","3","6","5","07","18","6","0","0","1","0","0","0"
"POINT (9.952789991000032 53.551021515000059)","Unfall 124136 (2017) Kat:3, Licht: 0","124136","3","6","4","07","15","6","0","0","1","0","0","0"
"POINT (9.987499377000063 53.582159928000067)","Unfall 124137 (2017) Kat:2, Licht: 2","124137","2","1","0","07","02","6","0","2","1","0","0","0"
"POINT (10.004865965000022 53.547113423000042)","Unfall 124138 (2017) Kat:3, Licht: 0","124138","3","6","1","07","18","6","0","0","0","1","0","1"
"POINT (10.012227741000061 53.557507925000039)","Unfall 124139 (2017) Kat:3, Licht: 0","124139","3","4","6","07","15","6","0","0","0","1","1","0"
"POINT (9.957050118000041 53.450643958000057)","Unfall 124140 (2017) Kat:3, Licht: 0","124140","3","6","2","07","14","5","0","0","0","1","0","0"
"POINT (10.099333255000033 53.540977763000058)","Unfall 124141 (2017) Kat:3, Licht: 0","124141","3","7","4","07","06","5","0","0","1","1","0","0"
"POINT (10.101016630000061 53.540546351000046)","Unfall 124142 (2017) Kat:3, Licht: 0","124142","3","6","2","07","15","5","0","0","0","1","0","0"
"POINT (10.038139939000075 53.541147742000078)","Unfall 124143 (2017) Kat:3, Licht: 0","124143","3","2","3","07","10","5","0","0","1","1","0","0"
"POINT (10.152261540000040 53.616036576000056)","Unfall 124144 (2017) Kat:3, Licht: 0","124144","3","3","5","07","16","5","0","0","0","1","0","0"
"POINT (10.011259337000070 53.623890302000063)","Unfall 124145 (2017) Kat:3, Licht: 0","124145","3","3","5","06","15","2","0","0","1","1","0","0"
"POINT (10.165133036000043 53.628707558000031)","Unfall 124146 (2017) Kat:2, Licht: 0","124146","2","4","6","07","17","5","0","0","0","1","1","0"
"POINT (10.053552063000041 53.568881614000077)","Unfall 124147 (2017) Kat:2, Licht: 0","124147","2","2","3","06","15","2","0","0","1","1","0","0"
"POINT (10.033721681000031 53.607688668000037)","Unfall 124148 (2017) Kat:3, Licht: 0","124148","3","3","5","07","17","5","0","0","1","1","0","0"
"POINT (10.030285764000041 53.580103258000065)","Unfall 124149 (2017) Kat:3, Licht: 0","124149","3","2","4","06","19","2","0","0","1","1","0","0"
"POINT (10.002101810000056 53.592330516000061)","Unfall 124150 (2017) Kat:3, Licht: 0","124150","3","6","1","07","16","5","0","0","1","1","0","0"
"POINT (9.936075431000063 53.572855753000056)","Unfall 124151 (2017) Kat:3, Licht: 0","124151","3","2","3","06","14","2","0","0","1","0","0","0"
"POINT (9.842540530000065 53.555583973000068)","Unfall 124152 (2017) Kat:3, Licht: 0","124152","3","6","6","06","14","2","0","0","1","1","1","0"
"POINT (10.024548644000049 53.576514330000066)","Unfall 124153 (2017) Kat:3, Licht: 0","124153","3","3","6","07","09","5","0","0","1","0","1","0"
"POINT (9.944808900000055 53.577335790000063)","Unfall 124154 (2017) Kat:3, Licht: 0","124154","3","7","0","06","08","2","0","0","1","1","0","0"
"POINT (9.930544220000058 53.552480840000044)","Unfall 124155 (2017) Kat:3, Licht: 0","124155","3","3","6","06","09","2","0","0","1","0","1","0"
"POINT (10.051610352000068 53.564433688000065)","Unfall 124156 (2017) Kat:3, Licht: 1","124156","3","3","5","07","20","5","0","1","0","1","0","0"
"POINT (9.932895895000058 53.553993497000079)","Unfall 124157 (2017) Kat:3, Licht: 0","124157","3","3","5","06","11","2","0","0","1","0","0","0"
"POINT (10.019378463000066 53.551052675000051)","Unfall 124158 (2017) Kat:3, Licht: 0","124158","3","2","1","06","17","2","0","0","0","1","0","0"
"POINT (10.019730150000044 53.581491824000068)","Unfall 124159 (2017) Kat:3, Licht: 0","124159","3","2","4","07","10","5","0","0","1","1","0","0"
"POINT (9.969070606000059 53.516639775000044)","Unfall 124160 (2017) Kat:3, Licht: 0","124160","3","6","3","06","06","2","0","0","0","1","0","0"
"POINT (10.050721935000070 53.568285643000081)","Unfall 124161 (2017) Kat:3, Licht: 2","124161","3","3","5","07","22","5","0","2","1","1","0","0"
"POINT (10.014426091000075 53.576848099000074)","Unfall 124162 (2017) Kat:3, Licht: 0","124162","3","7","1","07","20","5","0","0","1","1","0","0"
"POINT (9.986403680000024 53.526781861000075)","Unfall 124163 (2017) Kat:3, Licht: 0","124163","3","6","2","06","05","2","0","0","0","1","0","0"
"POINT (10.045052502000033 53.566715258000045)","Unfall 124164 (2017) Kat:3, Licht: 0","124164","3","7","4","07","15","5","0","0","0","1","0","0"
"POINT (9.919191665000028 53.590424058000053)","Unfall 124165 (2017) Kat:2, Licht: 0","124165","2","3","5","07","14","5","0","0","1","1","0","0"
"POINT (9.990590093000037 53.459143533000031)","Unfall 124166 (2017) Kat:3, Licht: 0","124166","3","1","0","06","15","1","0","0","0","1","0","1"
"POINT (10.061090371000034 53.546831687000065)","Unfall 124167 (2017) Kat:3, Licht: 0","124167","3","6","2","06","15","1","0","0","0","1","0","0"
"POINT (10.070658965000064 53.572650564000071)","Unfall 124168 (2017) Kat:3, Licht: 0","124168","3","6","2","06","05","1","0","0","0","1","0","0"
"POINT (10.101037236000025 53.636269674000062)","Unfall 124169 (2017) Kat:2, Licht: 0","124169","2","6","4","06","19","1","0","0","0","1","0","0"
"POINT (10.003282855000066 53.659355573000028)","Unfall 124170 (2017) Kat:3, Licht: 0","124170","3","2","4","06","17","1","0","0","1","1","0","0"
"POINT (10.018761407000056 53.600297421000050)","Unfall 124171 (2017) Kat:3, Licht: 0","124171","3","5","1","06","10","1","1","0","0","1","0","0"
"POINT (10.033755713000062 53.573541549000026)","Unfall 124172 (2017) Kat:3, Licht: 0","124172","3","2","6","06","12","1","0","0","0","1","1","0"
"POINT (9.764649621000046 53.576790245000041)","Unfall 124173 (2017) Kat:3, Licht: 0","124173","3","3","5","06","13","1","0","0","1","1","0","0"
"POINT (9.881868614000041 53.582644258000073)","Unfall 124174 (2017) Kat:3, Licht: 0","124174","3","7","3","06","19","1","0","0","0","1","0","0"
"POINT (9.950512131000039 53.565639781000073)","Unfall 124175 (2017) Kat:3, Licht: 0","124175","3","6","2","06","13","1","1","0","0","1","0","0"
"POINT (9.884132443000055 53.601098687000047)","Unfall 124176 (2017) Kat:2, Licht: 0","124176","2","4","6","07","15","5","0","0","0","1","1","0"
"POINT (9.882720092000056 53.593366019000030)","Unfall 124177 (2017) Kat:2, Licht: 0","124177","2","3","6","07","15","5","0","0","0","1","1","0"
"POINT (9.983517754000047 53.605012284000054)","Unfall 124178 (2017) Kat:3, Licht: 0","124178","3","7","5","07","15","5","0","0","1","1","0","0"
"POINT (9.938308475000042 53.580982444000028)","Unfall 124179 (2017) Kat:3, Licht: 0","124179","3","6","3","07","13","5","0","0","0","1","0","1"
"POINT (9.960325667000063 53.563806424000063)","Unfall 124180 (2017) Kat:3, Licht: 2","124180","3","2","5","07","23","5","0","2","1","1","0","0"
"POINT (10.005101696000054 53.549955657000055)","Unfall 124181 (2017) Kat:3, Licht: 0","124181","3","6","4","07","14","5","0","0","1","0","0","0"
"POINT (9.985453895000035 53.462776776000055)","Unfall 124182 (2017) Kat:3, Licht: 0","124182","3","2","4","07","15","5","0","0","0","1","0","0"
"POINT (10.021176197000045 53.485779556000068)","Unfall 124183 (2017) Kat:3, Licht: 0","124183","3","3","5","07","20","4","0","0","1","1","0","0"
"POINT (10.188953972000036 53.502591624000047)","Unfall 124184 (2017) Kat:3, Licht: 0","124184","3","6","1","07","17","4","1","0","0","1","0","0"
"POINT (10.149403193000069 53.524114055000041)","Unfall 124185 (2017) Kat:3, Licht: 0","124185","3","3","5","07","08","4","1","0","1","1","0","0"
"POINT (9.970734754000034 53.557305728000074)","Unfall 124186 (2017) Kat:3, Licht: 0","124186","3","6","6","06","20","1","0","0","1","0","1","0"
"POINT (10.116641123000022 53.605179437000061)","Unfall 124187 (2017) Kat:2, Licht: 0","124187","2","4","6","07","11","4","1","0","0","1","1","0"
"POINT (9.962318298000071 53.551043612000058)","Unfall 124188 (2017) Kat:3, Licht: 0","124188","3","7","0","06","15","1","0","0","1","0","0","0"
"POINT (10.055694196000047 53.598810701000048)","Unfall 124189 (2017) Kat:3, Licht: 0","124189","3","2","2","07","08","4","1","0","0","1","0","0"
"POINT (9.972088438000071 53.545450129000074)","Unfall 124190 (2017) Kat:3, Licht: 2","124190","3","6","2","06","23","1","0","2","0","1","0","0"
"POINT (10.062988130000065 53.608769030000076)","Unfall 124191 (2017) Kat:3, Licht: 0","124191","3","6","2","07","15","4","1","0","0","1","0","0"
"POINT (10.043013297000073 53.581659493000075)","Unfall 124192 (2017) Kat:3, Licht: 0","124192","3","1","8","07","05","4","1","0","0","1","0","0"
"POINT (10.055368593000026 53.560951582000030)","Unfall 124193 (2017) Kat:3, Licht: 2","124193","3","3","4","06","00","7","1","2","0","1","0","0"
"POINT (10.121031620000053 53.608008412000061)","Unfall 124194 (2017) Kat:3, Licht: 0","124194","3","2","3","06","15","7","1","0","1","1","0","0"
"POINT (10.044940646000043 53.593546521000064)","Unfall 124195 (2017) Kat:3, Licht: 0","124195","3","3","5","07","19","4","1","0","0","1","0","0"
"POINT (10.083464467000056 53.589490649000027)","Unfall 124196 (2017) Kat:3, Licht: 0","124196","3","3","5","06","15","7","0","0","0","1","0","0"
"POINT (10.130095222000023 53.686185900000055)","Unfall 124197 (2017) Kat:3, Licht: 0","124197","3","1","0","06","09","7","1","0","0","0","0","1"
"POINT (9.938339647000021 53.580959814000039)","Unfall 124198 (2017) Kat:3, Licht: 0","124198","3","3","5","07","17","4","1","0","0","1","0","1"
"POINT (10.092423811000060 53.653865787000029)","Unfall 124199 (2017) Kat:3, Licht: 0","124199","3","2","3","06","16","7","1","0","1","0","0","0"
"POINT (10.012569726000038 53.606224341000029)","Unfall 124200 (2017) Kat:2, Licht: 0","124200","2","1","0","06","15","7","1","0","0","0","0","1"
"POINT (9.883268088000023 53.601083912000036)","Unfall 124201 (2017) Kat:3, Licht: 1","124201","3","3","5","07","04","4","1","1","1","1","0","0"
"POINT (10.012587701000029 53.606125566000060)","Unfall 124202 (2017) Kat:3, Licht: 0","124202","3","1","0","06","15","7","1","0","0","0","0","1"
"POINT (9.924810164000064 53.557663192000064)","Unfall 124203 (2017) Kat:3, Licht: 0","124203","3","3","5","07","11","4","1","0","0","1","0","0"
"POINT (9.983056496000074 53.564165331000027)","Unfall 124204 (2017) Kat:3, Licht: 0","124204","3","7","0","06","10","7","1","0","1","0","0","0"
"POINT (9.965613755000049 53.546473978000051)","Unfall 124205 (2017) Kat:3, Licht: 0","124205","3","6","2","06","20","7","0","0","1","1","0","0"
"POINT (9.993721944000072 53.557759927000063)","Unfall 124206 (2017) Kat:3, Licht: 0","124206","3","3","4","06","18","7","0","0","1","1","0","0"
"POINT (9.995926503000021 53.550540288000036)","Unfall 124207 (2017) Kat:3, Licht: 0","124207","3","4","6","06","18","7","0","0","1","0","1","0"
"POINT (9.996544229000051 53.552894662000028)","Unfall 124208 (2017) Kat:3, Licht: 0","124208","3","3","0","06","17","7","1","0","0","1","0","1"
"POINT (10.129380546000050 53.682946889000050)","Unfall 124209 (2017) Kat:3, Licht: 0","124209","3","3","5","07","12","4","0","0","1","1","0","0"
"POINT (10.103964293000047 53.590048205000073)","Unfall 124210 (2017) Kat:3, Licht: 0","124210","3","5","0","07","09","4","0","0","1","1","0","0"
"POINT (9.937242516000026 53.476941960000033)","Unfall 124211 (2017) Kat:3, Licht: 0","124211","3","2","4","08","15","1","0","0","0","1","0","0"
"POINT (9.771579633000044 53.542276828000070)","Unfall 124212 (2017) Kat:3, Licht: 0","124212","3","6","6","08","15","7","0","0","1","1","1","0"
"POINT (10.208764169000062 53.492990551000048)","Unfall 124213 (2017) Kat:3, Licht: 0","124213","3","3","5","08","15","7","0","0","0","1","0","0"
"POINT (10.043094351000036 53.589906375000055)","Unfall 124214 (2017) Kat:3, Licht: 0","124214","3","3","5","08","14","7","0","0","1","1","0","0"
"POINT (9.906318218000024 53.607039210000039)","Unfall 124215 (2017) Kat:3, Licht: 0","124215","3","7","9","08","07","7","0","0","0","1","0","0"
"POINT (9.997753976000070 53.562830654000038)","Unfall 124216 (2017) Kat:3, Licht: 0","124216","3","6","3","08","15","7","0","0","1","0","0","0"
"POINT (10.018150884000022 53.556158057000061)","Unfall 124217 (2017) Kat:3, Licht: 0","124217","3","3","3","08","11","7","0","0","0","1","0","0"
"POINT (9.807585540000048 53.526900530000034)","Unfall 124218 (2017) Kat:3, Licht: 0","124218","3","1","8","08","17","6","0","0","0","0","0","1"