WKT,Name,OBJECTID,UKATEGORIE,UTYP1,UART,UMONAT,USTUNDE,UWOCHENTAG,STRZUSTAND,ULICHTVERH,ISTRAD,ISTPKW,ISTFUSS,ISTKRAD
"POINT (9.934960193000052 53.430878529000040)","Unfall 124219 (2017) Kat:3, Licht: 0","124219","3","2","4","08","09","6","0","0","0","1","0","0"
"POINT (10.206740413000034 53.478249274000063)","Unfall 124220 (2017) Kat:3, Licht: 0","124220","3","3","5","08","10","6","0","0","1","1","0","0"
"POINT (10.124640043000056 53.588168920000044)","Unfall 124221 (2017) Kat:3, Licht: 1","124221","3","2","3","08","20","6","0","1","1","1","0","0"
"POINT (10.064249731000075 53.586418963000028)","Unfall 124222 (2017) Kat:3, Licht: 0","124222","3","6","2","08","18","6","0","0","0","1","0","0"
"POINT (10.015666176000025 53.640121701000055)","Unfall 124223 (2017) Kat:3, Licht: 0","124223","3","5","1","08","14","6","0","0","1","1","0","0"
"POINT (10.018457520000027 53.651525006000043)","Unfall 124224 (2017) Kat:2, Licht: 0","124224","2","5","5","08","09","6","0","0","0","1","0","0"
"POINT (10.021256453000035 53.572579042000029)","Unfall 124225 (2017) Kat:3, Licht: 0","124225","3","5","1","08","08","6","0","0","0","1","0","0"
"POINT (9.887026103000039 53.560841091000043)","Unfall 124226 (2017) Kat:3, Licht: 0","124226","3","5","1","08","13","6","0","0","1","1","0","0"
"POINT (9.931186352000054 53.614159522000080)","Unfall 124227 (2017) Kat:3, Licht: 0","124227","3","6","2","08","12","6","0","0","1","1","0","0"
"POINT (9.923375602000021 53.631551166000065)","Unfall 124228 (2017) Kat:3, Licht: 0","124228","3","3","6","08","07","6","0","0","0","1","1","0"
"POINT (9.946887062000030 53.590497938000055)","Unfall 124229 (2017) Kat:3, Licht: 0","124229","3","2","5","08","16","6","0","0","1","0","0","0"
"POINT (9.950046854000050 53.556888479000065)","Unfall 124230 (2017) Kat:3, Licht: 0","124230","3","3","2","08","16","6","0","0","1","1","0","0"
"POINT (9.987929877000056 53.556516419000047)","Unfall 124231 (2017) Kat:3, Licht: 0","124231","3","2","3","08","18","6","0","0","1","1","0","0"
"POINT (9.977004698000030 53.563679336000064)","Unfall 124232 (2017) Kat:3, Licht: 0","124232","3","3","5","08","18","6","0","0","1","0","0","0"
"POINT (10.005100118000030 53.550544807000051)","Unfall 124233 (2017) Kat:3, Licht: 0","124233","3","7","6","08","14","6","0","0","0","1","1","0"
"POINT (9.976286740000035 53.562383447000059)","Unfall 124234 (2017) Kat:3, Licht: 0","124234","3","6","4","08","10","6","0","0","1","0","0","0"
"POINT (10.004976524000028 53.557812568000031)","Unfall 124235 (2017) Kat:3, Licht: 0","124235","3","6","3","08","08","6","0","0","1","0","0","0"
"POINT (9.987801289000061 53.453402558000050)","Unfall 124236 (2017) Kat:3, Licht: 1","124236","3","6","2","08","20","5","0","1","0","1","0","0"
"POINT (10.207081320000043 53.478959009000050)","Unfall 124237 (2017) Kat:3, Licht: 0","124237","3","6","2","08","15","5","0","0","0","1","0","0"
"POINT (10.081679319000045 53.548943846000043)","Unfall 124238 (2017) Kat:3, Licht: 0","124238","3","2","4","08","18","5","0","0","0","1","0","0"
"POINT (10.083215854000059 53.545079885000064)","Unfall 124239 (2017) Kat:3, Licht: 0","124239","3","6","1","08","17","5","0","0","0","1","0","0"
"POINT (10.154837332000056 53.603094100000078)","Unfall 124240 (2017) Kat:3, Licht: 0","124240","3","6","2","08","16","5","0","0","0","1","0","0"
"POINT (10.091517144000022 53.613199511000062)","Unfall 124241 (2017) Kat:3, Licht: 2","124241","3","5","1","08","23","5","0","2","1","1","0","0"
"POINT (10.040535714000043 53.603476257000068)","Unfall 124242 (2017) Kat:3, Licht: 0","124242","3","6","2","08","10","5","1","0","0","1","0","1"
"POINT (9.994521998000039 53.602030606000028)","Unfall 124243 (2017) Kat:3, Licht: 0","124243","3","2","4","08","08","5","0","0","0","1","0","0"
"POINT (10.009645200000023 53.649493133000078)","Unfall 124244 (2017) Kat:3, Licht: 0","124244","3","2","2","07","10","4","0","0","0","0","0","0"
"POINT (9.906193013000063 53.607136035000053)","Unfall 124245 (2017) Kat:3, Licht: 0","124245","3","6","2","08","07","5","1","0","0","1","0","0"
"POINT (9.971791031000066 53.581894339000030)","Unfall 124246 (2017) Kat:3, Licht: 0","124246","3","2","5","08","16","5","1","0","1","1","0","0"
"POINT (9.957778871000073 53.569976523000037)","Unfall 124247 (2017) Kat:3, Licht: 0","124247","3","2","6","08","10","5","0","0","0","1","1","0"
"POINT (9.958887043000061 53.561904410000068)","Unfall 124248 (2017) Kat:3, Licht: 0","124248","3","5","4","08","14","5","0","0","1","1","0","0"
"POINT (9.979441324000050 53.464972115000080)","Unfall 124249 (2017) Kat:3, Licht: 0","124249","3","2","2","08","09","5","1","0","0","1","0","0"
"POINT (9.984524651000072 53.527074605000053)","Unfall 124250 (2017) Kat:3, Licht: 0","124250","3","6","3","08","18","5","0","0","0","1","0","0"
"POINT (9.991432082000074 53.500620529000059)","Unfall 124251 (2017) Kat:3, Licht: 0","124251","3","3","5","08","15","4","0","0","0","1","0","1"
"POINT (10.094312059000060 53.551430868000068)","Unfall 124252 (2017) Kat:2, Licht: 2","124252","2","6","4","08","23","4","0","2","0","1","0","0"
"POINT (10.078690168000037 53.550165665000065)","Unfall 124253 (2017) Kat:3, Licht: 0","124253","3","4","6","08","10","4","0","0","0","1","1","0"
"POINT (10.045810462000077 53.548321482000063)","Unfall 124254 (2017) Kat:3, Licht: 0","124254","3","3","5","08","06","4","0","0","0","1","0","0"
"POINT (10.057476381000072 53.530025974000068)","Unfall 124255 (2017) Kat:3, Licht: 0","124255","3","6","3","08","13","4","0","0","1","0","0","0"
"POINT (10.124829712000064 53.585938352000028)","Unfall 124256 (2017) Kat:3, Licht: 0","124256","3","2","3","08","16","4","0","0","1","1","0","0"
"POINT (10.134135883000056 53.625068992000081)","Unfall 124257 (2017) Kat:3, Licht: 0","124257","3","6","3","08","05","4","1","0","0","1","0","1"
"POINT (10.034317514000065 53.606330092000064)","Unfall 124258 (2017) Kat:3, Licht: 0","124258","3","3","5","08","16","4","0","0","1","1","0","0"
"POINT (10.077463854000030 53.599661189000074)","Unfall 124259 (2017) Kat:2, Licht: 0","124259","2","2","5","08","17","4","0","0","1","1","0","0"
"POINT (10.031469187000027 53.598765325000045)","Unfall 124260 (2017) Kat:3, Licht: 0","124260","3","6","2","08","08","4","0","0","0","1","0","1"
"POINT (10.007570723000072 53.585688996000044)","Unfall 124261 (2017) Kat:3, Licht: 0","124261","3","5","1","08","10","4","0","0","1","1","0","0"
"POINT (10.024791350000044 53.558675912000069)","Unfall 124262 (2017) Kat:3, Licht: 2","124262","3","7","6","08","22","4","1","2","0","0","1","0"
"POINT (10.037234785000066 53.596180623000066)","Unfall 124263 (2017) Kat:3, Licht: 0","124263","3","6","3","08","12","4","0","0","0","1","0","0"
"POINT (9.897961141000053 53.601099650000037)","Unfall 124264 (2017) Kat:3, Licht: 0","124264","3","6","6","08","07","4","0","0","1","0","1","0"
"POINT (9.923329257000034 53.631657256000040)","Unfall 124265 (2017) Kat:3, Licht: 0","124265","3","2","3","08","19","4","0","0","1","1","0","0"
"POINT (9.894509831000050 53.624866677000057)","Unfall 124266 (2017) Kat:3, Licht: 0","124266","3","3","5","08","15","4","0","0","1","1","0","0"
"POINT (9.991511378000041 53.602415488000076)","Unfall 124267 (2017) Kat:3, Licht: 0","124267","3","7","9","08","20","4","0","0","0","1","0","0"
"POINT (9.972178430000042 53.587495223000076)","Unfall 124268 (2017) Kat:2, Licht: 0","124268","2","3","6","08","16","4","0","0","0","1","1","0"
"POINT (9.943742392000047 53.550447934000033)","Unfall 124269 (2017) Kat:3, Licht: 0","124269","3","3","5","08","12","4","0","0","0","1","0","0"
"POINT (9.976887888000022 53.571004133000031)","Unfall 124270 (2017) Kat:3, Licht: 0","124270","3","6","2","08","18","4","0","0","0","1","0","0"
"POINT (9.971120368000072 53.552124409000044)","Unfall 124271 (2017) Kat:2, Licht: 1","124271","2","7","0","08","21","4","0","1","1","1","0","0"
"POINT (9.962437685000054 53.564375370000050)","Unfall 124272 (2017) Kat:3, Licht: 0","124272","3","4","6","08","16","4","0","0","0","1","1","0"
"POINT (9.949247300000025 53.520817129000079)","Unfall 124273 (2017) Kat:3, Licht: 0","124273","3","6","4","08","07","4","0","0","0","0","0","0"
"POINT (9.853129105000051 53.471845977000044)","Unfall 124274 (2017) Kat:3, Licht: 0","124274","3","7","6","08","12","3","0","0","0","0","1","0"
"POINT (10.149893491000057 53.528297446000067)","Unfall 124275 (2017) Kat:3, Licht: 0","124275","3","4","0","08","12","3","0","0","0","0","1","0"
"POINT (10.119605381000042 53.606094773000052)","Unfall 124276 (2017) Kat:3, Licht: 0","124276","3","6","2","08","09","3","0","0","0","0","0","1"
"POINT (10.032947595000053 53.590769748000071)","Unfall 124277 (2017) Kat:3, Licht: 0","124277","3","2","3","08","16","3","0","0","1","1","0","0"
"POINT (10.046761205000053 53.583416265000039)","Unfall 124278 (2017) Kat:3, Licht: 0","124278","3","6","3","08","07","3","1","0","0","1","0","1"
"POINT (10.076164008000035 53.663749856000038)","Unfall 124279 (2017) Kat:3, Licht: 0","124279","3","2","3","07","10","4","0","0","1","0","0","0"
"POINT (9.967514291000043 53.589242613000067)","Unfall 124280 (2017) Kat:3, Licht: 0","124280","3","5","4","08","10","3","0","0","1","1","0","0"
"POINT (9.983026624000047 53.584030259000031)","Unfall 124281 (2017) Kat:3, Licht: 0","124281","3","2","4","08","17","3","0","0","1","1","0","0"
"POINT (9.940044388000047 53.558069989000046)","Unfall 124282 (2017) Kat:3, Licht: 0","124282","3","2","3","08","16","3","0","0","1","0","0","0"
"POINT (9.940081160000034 53.547757606000062)","Unfall 124283 (2017) Kat:3, Licht: 0","124283","3","3","5","08","12","3","0","0","1","0","0","0"
"POINT (9.933062618000065 53.545611948000044)","Unfall 124284 (2017) Kat:3, Licht: 0","124284","3","6","1","08","09","3","0","0","0","1","0","1"
"POINT (9.968343139000069 53.550028617000066)","Unfall 124285 (2017) Kat:3, Licht: 0","124285","3","6","2","08","18","3","0","0","0","1","0","0"
"POINT (10.000752045000070 53.555546692000064)","Unfall 124286 (2017) Kat:3, Licht: 0","124286","3","2","4","08","12","3","0","0","0","1","0","0"
"POINT (10.100560962000031 53.584635317000050)","Unfall 124287 (2017) Kat:3, Licht: 0","124287","3","2","5","07","16","2","0","0","0","1","0","0"
"POINT (10.044512777000023 53.604055586000072)","Unfall 124288 (2017) Kat:3, Licht: 0","124288","3","6","1","07","16","2","0","0","0","1","0","0"
"POINT (10.034450936000042 53.605802290000042)","Unfall 124289 (2017) Kat:3, Licht: 0","124289","3","6","2","07","18","2","0","0","0","1","0","0"
"POINT (10.027171316000022 53.661919846000046)","Unfall 124290 (2017) Kat:3, Licht: 0","124290","3","2","3","07","17","2","0","0","1","0","0","0"
"POINT (10.009313472000031 53.624943622000046)","Unfall 124291 (2017) Kat:3, Licht: 0","124291","3","6","3","07","07","2","0","0","0","1","0","0"
"POINT (9.997349339000039 53.596461502000068)","Unfall 124292 (2017) Kat:3, Licht: 0","124292","3","5","1","07","17","2","0","0","1","1","0","0"
"POINT (9.849662652000063 53.588673249000067)","Unfall 124293 (2017) Kat:3, Licht: 1","124293","3","3","0","07","21","2","0","1","1","1","0","0"
"POINT (9.806939426000042 53.573338203000048)","Unfall 124294 (2017) Kat:3, Licht: 0","124294","3","3","5","07","14","2","0","0","1","1","0","0"
"POINT (9.960275508000052 53.569407213000034)","Unfall 124295 (2017) Kat:3, Licht: 1","124295","3","3","5","07","20","2","0","1","0","1","0","1"
"POINT (9.993721944000072 53.557759927000063)","Unfall 124296 (2017) Kat:3, Licht: 2","124296","3","3","0","07","01","2","0","2","1","1","0","0"
"POINT (9.850607444000048 53.473573984000041)","Unfall 124297 (2017) Kat:3, Licht: 0","124297","3","3","5","07","14","1","0","0","1","1","0","0"
"POINT (9.988632721000045 53.449833343000080)","Unfall 124298 (2017) Kat:3, Licht: 0","124298","3","6","3","07","15","1","0","0","0","1","0","1"
"POINT (9.934032107000064 53.430947150000065)","Unfall 124299 (2017) Kat:3, Licht: 0","124299","3","6","3","07","15","1","0","0","1","1","0","0"
"POINT (10.195718499000066 53.467158575000042)","Unfall 124300 (2017) Kat:3, Licht: 0","124300","3","5","1","07","14","1","0","0","1","1","0","0"
"POINT (10.181649123000057 53.630365768000047)","Unfall 124301 (2017) Kat:2, Licht: 2","124301","2","1","9","07","01","1","1","2","0","1","0","0"
"POINT (10.069066236000026 53.610862951000058)","Unfall 124302 (2017) Kat:2, Licht: 0","124302","2","6","4","07","16","1","0","0","0","1","0","1"
"POINT (10.086344912000072 53.610865089000072)","Unfall 124303 (2017) Kat:3, Licht: 0","124303","3","6","1","07","11","1","0","0","1","1","0","0"
"POINT (10.077981218000048 53.652111144000060)","Unfall 124304 (2017) Kat:3, Licht: 0","124304","3","6","3","07","14","1","0","0","1","1","0","0"
"POINT (9.889495981000039 53.595923433000053)","Unfall 124305 (2017) Kat:3, Licht: 0","124305","3","7","0","07","18","1","0","0","1","0","0","0"
"POINT (9.958550909000053 53.597459885000035)","Unfall 124306 (2017) Kat:3, Licht: 0","124306","3","7","7","07","07","1","0","0","1","0","0","0"
"POINT (9.952229835000026 53.598938053000040)","Unfall 124307 (2017) Kat:3, Licht: 0","124307","3","6","2","07","18","1","1","0","0","1","0","0"
"POINT (9.955406287000074 53.549746558000038)","Unfall 124308 (2017) Kat:3, Licht: 2","124308","3","2","4","07","02","1","1","2","0","1","0","0"
"POINT (9.977340913000035 53.571514467000043)","Unfall 124309 (2017) Kat:2, Licht: 0","124309","2","3","5","07","18","1","0","0","1","1","0","0"
"POINT (10.005304789000036 53.440365144000054)","Unfall 124310 (2017) Kat:3, Licht: 0","124310","3","5","1","07","07","7","1","0","0","1","0","1"
"POINT (10.090019500000039 53.510881137000069)","Unfall 124311 (2017) Kat:3, Licht: 0","124311","3","6","3","07","17","7","0","0","0","1","0","0"
"POINT (10.130484368000054 53.529859998000063)","Unfall 124312 (2017) Kat:3, Licht: 0","124312","3","2","2","07","13","7","0","0","0","1","0","0"
"POINT (10.042463614000042 53.555648476000044)","Unfall 124313 (2017) Kat:3, Licht: 0","124313","3","6","2","07","15","7","0","0","0","1","0","0"
"POINT (10.140041032000056 53.628947948000075)","Unfall 124314 (2017) Kat:3, Licht: 2","124314","3","7","6","07","21","7","1","2","0","1","1","0"
"POINT (10.150064978000046 53.619146613000055)","Unfall 124315 (2017) Kat:3, Licht: 0","124315","3","2","3","07","17","7","0","0","0","1","0","0"
"POINT (10.022094506000030 53.661421447000066)","Unfall 124316 (2017) Kat:3, Licht: 0","124316","3","3","5","07","14","7","1","0","0","1","0","0"
"POINT (10.031511139000031 53.566237419000061)","Unfall 124317 (2017) Kat:3, Licht: 0","124317","3","6","1","07","16","7","0","0","0","0","0","1"
"POINT (10.022109957000055 53.559012211000038)","Unfall 124318 (2017) Kat:3, Licht: 0","124318","3","6","1","07","18","7","0","0","0","1","0","0"
"POINT (9.959491029000049 53.564586082000062)","Unfall 124319 (2017) Kat:3, Licht: 0","124319","3","5","1","07","13","7","1","0","1","1","0","0"
"POINT (9.988687646000074 53.572682082000028)","Unfall 124320 (2017) Kat:3, Licht: 0","124320","3","3","5","07","12","7","1","0","0","1","0","0"
"POINT (10.203728327000022 53.471554304000051)","Unfall 124321 (2017) Kat:2, Licht: 0","124321","2","4","6","07","15","6","0","0","0","1","1","0"
"POINT (10.182041786000070 53.465699438000058)","Unfall 124322 (2017) Kat:3, Licht: 0","124322","3","6","4","07","15","6","0","0","0","1","0","1"
"POINT (10.148914623000053 53.523513011000034)","Unfall 124323 (2017) Kat:3, Licht: 0","124323","3","3","1","07","12","6","1","0","0","1","0","0"
"POINT (10.034478594000063 53.536688157000071)","Unfall 124324 (2017) Kat:3, Licht: 0","124324","3","2","3","07","17","6","1","0","0","1","0","0"
"POINT (10.151894385000048 53.600131924000038)","Unfall 124325 (2017) Kat:3, Licht: 0","124325","3","2","4","07","10","6","0","0","1","0","0","0"
"POINT (10.057688538000036 53.583629078000058)","Unfall 124326 (2017) Kat:3, Licht: 0","124326","3","3","5","07","13","6","1","0","1","1","0","0"
"POINT (10.062168974000031 53.577665989000081)","Unfall 124327 (2017) Kat:3, Licht: 0","124327","3","6","2","07","08","6","0","0","0","1","0","0"
"POINT (10.022392119000074 53.619053029000042)","Unfall 124328 (2017) Kat:3, Licht: 0","124328","3","3","5","07","10","6","0","0","1","1","0","0"
"POINT (10.046612104000076 53.582976329000076)","Unfall 124329 (2017) Kat:3, Licht: 0","124329","3","7","0","07","14","6","1","0","0","0","0","1"
"POINT (9.919555008000032 53.590194613000051)","Unfall 124330 (2017) Kat:3, Licht: 0","124330","3","3","5","07","06","6","0","0","1","1","0","0"
"POINT (9.991651582000031 53.665913783000065)","Unfall 124331 (2017) Kat:2, Licht: 0","124331","2","3","5","07","14","4","0","0","0","1","0","1"
"POINT (9.861201229000074 53.597888478000073)","Unfall 124332 (2017) Kat:3, Licht: 0","124332","3","6","1","07","20","6","1","0","0","1","0","0"
"POINT (9.876260140000056 53.588260400000081)","Unfall 124333 (2017) Kat:3, Licht: 0","124333","3","6","3","07","11","6","0","0","0","1","0","1"
"POINT (9.987552081000047 53.590774151000062)","Unfall 124334 (2017) Kat:3, Licht: 0","124334","3","2","6","07","19","6","1","0","0","1","1","0"
"POINT (9.928765609000038 53.544698794000055)","Unfall 124335 (2017) Kat:3, Licht: 0","124335","3","6","1","07","17","6","0","0","1","1","0","0"
"POINT (9.964510448000056 53.567897057000039)","Unfall 124336 (2017) Kat:3, Licht: 0","124336","3","2","5","07","16","6","1","0","0","1","0","1"
"POINT (9.967222056000026 53.549857730000042)","Unfall 124337 (2017) Kat:3, Licht: 0","124337","3","3","5","07","07","6","0","0","1","1","0","0"
"POINT (9.909092055000031 53.513573882000060)","Unfall 124338 (2017) Kat:3, Licht: 0","124338","3","6","2","07","14","5","0","0","0","1","0","0"
"POINT (10.025657476000049 53.543667608000078)","Unfall 124339 (2017) Kat:3, Licht: 0","124339","3","3","5","07","12","5","0","0","0","1","0","0"
"POINT (10.190686105000054 53.608881582000038)","Unfall 124340 (2017) Kat:3, Licht: 0","124340","3","6","2","07","11","5","0","0","0","1","0","0"
"POINT (10.094859613000040 53.639107138000043)","Unfall 124341 (2017) Kat:3, Licht: 0","124341","3","2","3","07","13","5","0","0","1","1","0","0"
"POINT (10.076045052000040 53.663450071000057)","Unfall 124342 (2017) Kat:3, Licht: 0","124342","3","6","2","07","08","5","0","0","0","1","0","1"
"POINT (10.031771978000052 53.575636692000046)","Unfall 124343 (2017) Kat:3, Licht: 0","124343","3","3","5","07","16","5","0","0","0","1","0","0"
"POINT (10.025953700000059 53.571056744000032)","Unfall 124344 (2017) Kat:3, Licht: 0","124344","3","3","5","07","20","5","0","0","1","1","0","0"
"POINT (10.032576162000055 53.572844011000029)","Unfall 124345 (2017) Kat:3, Licht: 0","124345","3","3","5","07","21","4","0","0","1","1","0","0"
"POINT (9.888175659000069 53.566413348000026)","Unfall 124346 (2017) Kat:3, Licht: 0","124346","3","6","3","07","15","5","0","0","0","0","0","1"
"POINT (9.947686849000036 53.583509555000035)","Unfall 124347 (2017) Kat:2, Licht: 0","124347","2","4","6","07","14","5","0","0","0","0","1","1"
"POINT (10.004587906000040 53.433617303000062)","Unfall 124348 (2017) Kat:3, Licht: 2","124348","3","3","5","07","21","4","0","2","0","1","0","0"
"POINT (10.209052485000029 53.489988364000055)","Unfall 124349 (2017) Kat:3, Licht: 0","124349","3","7","6","07","09","4","0","0","0","1","1","0"
"POINT (10.077212862000067 53.550598886000046)","Unfall 124350 (2017) Kat:3, Licht: 0","124350","3","6","2","07","08","4","1","0","0","1","0","0"
"POINT (10.104548500000021 53.522550573000046)","Unfall 124351 (2017) Kat:3, Licht: 0","124351","3","6","2","07","07","4","1","0","0","0","0","0"
"POINT (10.109609881000040 53.606462028000067)","Unfall 124352 (2017) Kat:3, Licht: 0","124352","3","2","4","07","13","4","1","0","1","1","0","0"
"POINT (10.124861150000072 53.586118324000040)","Unfall 124353 (2017) Kat:3, Licht: 0","124353","3","2","4","07","12","4","0","0","0","1","0","0"
"POINT (10.151338565000060 53.613624090000030)","Unfall 124354 (2017) Kat:3, Licht: 0","124354","3","6","3","07","16","4","0","0","1","1","0","0"
"POINT (10.100184606000028 53.584950879000075)","Unfall 124355 (2017) Kat:3, Licht: 0","124355","3","6","2","07","18","4","0","0","0","1","0","0"
"POINT (10.060938040000053 53.585154899000031)","Unfall 124356 (2017) Kat:3, Licht: 0","124356","3","6","2","07","17","4","0","0","0","1","0","0"
"POINT (10.076999094000030 53.599442406000037)","Unfall 124357 (2017) Kat:3, Licht: 0","124357","3","2","4","07","08","4","1","0","1","1","0","0"
"POINT (10.137024096000061 53.692112192000081)","Unfall 124358 (2017) Kat:2, Licht: 0","124358","2","4","6","07","17","4","0","0","0","1","1","0"
"POINT (10.043121003000067 53.589903051000078)","Unfall 124359 (2017) Kat:3, Licht: 0","124359","3","3","5","07","16","4","0","0","1","1","0","0"
"POINT (9.841691820000051 53.551401792000036)","Unfall 124360 (2017) Kat:2, Licht: 0","124360","2","3","5","07","15","4","0","0","1","0","0","1"
"POINT (9.855595675000075 53.548711064000031)","Unfall 124361 (2017) Kat:3, Licht: 0","124361","3","6","2","07","15","4","0","0","0","1","0","0"
"POINT (9.921799165000039 53.563906795000037)","Unfall 124362 (2017) Kat:3, Licht: 0","124362","3","2","5","07","14","4","0","0","0","1","0","0"
"POINT (9.943482609000057 53.593406153000046)","Unfall 124363 (2017) Kat:2, Licht: 0","124363","2","4","6","07","16","4","0","0","0","0","1","0"
"POINT (9.975471894000066 53.583021867000070)","Unfall 124364 (2017) Kat:3, Licht: 0","124364","3","2","6","07","07","4","1","0","1","0","1","0"
"POINT (9.993782614000054 53.578346813000053)","Unfall 124365 (2017) Kat:3, Licht: 0","124365","3","5","1","07","08","4","1","0","1","1","0","0"
"POINT (9.978771579000068 53.465311132000068)","Unfall 124366 (2017) Kat:3, Licht: 0","124366","3","6","2","07","09","4","0","0","0","1","0","0"
"POINT (9.985879869000030 53.459720405000041)","Unfall 124367 (2017) Kat:2, Licht: 0","124367","2","3","5","07","13","3","1","0","1","1","0","0"
"POINT (10.208797535000031 53.492996702000028)","Unfall 124368 (2017) Kat:3, Licht: 0","124368","3","3","0","07","12","3","0","0","0","0","0","0"
"POINT (10.152385788000061 53.484758674000034)","Unfall 124369 (2017) Kat:3, Licht: 0","124369","3","7","0","07","15","3","0","0","0","0","0","0"
"POINT (10.052387173000056 53.560711191000053)","Unfall 124370 (2017) Kat:3, Licht: 0","124370","3","3","5","07","15","3","1","0","1","1","0","0"
"POINT (10.028051022000056 53.551910249000059)","Unfall 124371 (2017) Kat:2, Licht: 0","124371","2","7","4","07","18","3","1","0","0","1","0","0"
"POINT (10.017628679000040 53.549474618000033)","Unfall 124372 (2017) Kat:3, Licht: 0","124372","3","6","3","07","06","3","0","0","0","1","0","0"
"POINT (10.163612321000073 53.589841053000043)","Unfall 124373 (2017) Kat:3, Licht: 0","124373","3","2","4","07","16","3","0","0","0","1","0","0"
"POINT (10.123700875000054 53.611619930000074)","Unfall 124374 (2017) Kat:3, Licht: 0","124374","3","6","2","07","14","3","1","0","0","1","0","0"
"POINT (10.043378114000063 53.607762083000068)","Unfall 124375 (2017) Kat:3, Licht: 0","124375","3","6","2","07","13","3","1","0","0","1","0","0"
"POINT (10.054506869000022 53.608446243000060)","Unfall 124376 (2017) Kat:3, Licht: 0","124376","3","3","5","07","14","3","1","0","1","1","0","0"
"POINT (10.063775434000036 53.597009708000030)","Unfall 124377 (2017) Kat:3, Licht: 0","124377","3","6","2","07","09","3","1","0","0","1","0","0"
"POINT (10.097867343000075 53.655757455000071)","Unfall 124378 (2017) Kat:3, Licht: 0","124378","3","3","5","07","14","3","1","0","1","1","0","0"
"POINT (10.041341934000059 53.647744338000052)","Unfall 124379 (2017) Kat:3, Licht: 0","124379","3","2","5","07","15","3","1","0","0","1","0","1"
"POINT (10.023563232000072 53.652185159000055)","Unfall 124380 (2017) Kat:3, Licht: 0","124380","3","3","5","07","13","3","1","0","0","1","0","0"
"POINT (10.026669598000069 53.606729305000044)","Unfall 124381 (2017) Kat:3, Licht: 0","124381","3","6","2","07","15","3","1","0","0","1","0","0"
"POINT (9.995727334000037 53.593937665000055)","Unfall 124382 (2017) Kat:3, Licht: 0","124382","3","2","4","07","12","3","1","0","0","1","0","0"
"POINT (10.012216492000050 53.608006922000072)","Unfall 124383 (2017) Kat:3, Licht: 0","124383","3","6","3","07","08","3","1","0","0","1","0","0"
"POINT (10.032246977000057 53.579367765000029)","Unfall 124384 (2017) Kat:3, Licht: 0","124384","3","6","2","07","15","3","1","0","0","1","0","1"
"POINT (10.035664042000064 53.580143782000050)","Unfall 124385 (2017) Kat:3, Licht: 0","124385","3","5","4","07","15","3","1","0","1","1","0","0"
"POINT (9.890102845000058 53.575164622000045)","Unfall 124386 (2017) Kat:3, Licht: 0","124386","3","6","2","07","09","3","1","0","0","1","0","0"
"POINT (9.891558653000061 53.573192499000072)","Unfall 124387 (2017) Kat:3, Licht: 0","124387","3","6","2","07","19","3","1","0","0","1","0","0"
"POINT (9.937895358000048 53.552879777000044)","Unfall 124388 (2017) Kat:3, Licht: 0","124388","3","5","1","07","16","3","1","0","0","1","0","0"
"POINT (9.937858064000068 53.553045587000042)","Unfall 124389 (2017) Kat:3, Licht: 0","124389","3","2","3","07","07","3","1","0","1","1","0","0"
"POINT (9.986464500000068 53.567431482000075)","Unfall 124390 (2017) Kat:3, Licht: 0","124390","3","7","6","07","13","3","1","0","0","1","1","0"
"POINT (9.980830294000043 53.567046990000051)","Unfall 124391 (2017) Kat:3, Licht: 0","124391","3","3","5","07","09","3","1","0","0","1","0","0"
"POINT (10.003621074000023 53.551503592000074)","Unfall 124392 (2017) Kat:3, Licht: 0","124392","3","7","0","07","10","3","1","0","0","1","1","0"
"POINT (10.004718216000072 53.551627384000028)","Unfall 124393 (2017) Kat:3, Licht: 0","124393","3","4","6","07","17","3","1","0","0","1","1","0"
"POINT (9.996986024000023 53.546377904000053)","Unfall 124394 (2017) Kat:3, Licht: 0","124394","3","2","4","07","06","3","1","0","0","1","0","0"
"POINT (9.983531950000042 53.553117028000031)","Unfall 124395 (2017) Kat:3, Licht: 0","124395","3","3","5","07","08","3","1","0","1","1","0","0"
"POINT (10.016856840000059 53.550463036000053)","Unfall 124396 (2017) Kat:3, Licht: 0","124396","3","3","5","07","16","3","1","0","0","1","0","0"
"POINT (9.972430935000034 53.496283052000081)","Unfall 124397 (2017) Kat:3, Licht: 0","124397","3","3","3","07","13","3","1","0","0","1","0","0"
"POINT (9.914198076000048 53.514795696000078)","Unfall 124398 (2017) Kat:3, Licht: 0","124398","3","2","3","07","14","3","1","0","0","1","0","0"
"POINT (10.025114803000065 53.493019342000082)","Unfall 124399 (2017) Kat:2, Licht: 0","124399","2","6","6","07","18","2","0","0","0","1","1","0"
"POINT (10.166567637000071 53.514204572000040)","Unfall 124400 (2017) Kat:3, Licht: 0","124400","3","3","5","07","16","2","0","0","1","1","0","0"
"POINT (10.080847115000040 53.531973514000072)","Unfall 124401 (2017) Kat:2, Licht: 0","124401","2","2","4","07","12","2","0","0","0","1","0","0"
"POINT (10.117492106000043 53.559285305000060)","Unfall 124402 (2017) Kat:3, Licht: 0","124402","3","6","1","07","10","2","0","0","0","1","0","0"