WKT,Name,OBJECTID,UKATEGORIE,UTYP1,UART,UMONAT,USTUNDE,UWOCHENTAG,STRZUSTAND,ULICHTVERH,ISTRAD,ISTPKW,ISTFUSS,ISTKRAD
"POINT (10.069277132000025 53.559511430000043)","Unfall 124403 (2017) Kat:3, Licht: 0","124403","3","3","5","07","09","2","0","0","0","1","0","0"
"POINT (10.022048844000039 53.543779440000037)","Unfall 124404 (2017) Kat:3, Licht: 0","124404","3","6","2","07","20","2","1","0","0","1","0","0"
"POINT (10.060912824000070 53.570388620000074)","Unfall 124405 (2017) Kat:3, Licht: 0","124405","3","2","6","07","17","2","1","0","0","1","1","0"
"POINT (10.050408219000076 53.607710901000075)","Unfall 124406 (2017) Kat:3, Licht: 0","124406","3","5","1","07","11","2","0","0","0","1","0","0"
"POINT (10.073036631000036 53.608740136000051)","Unfall 124407 (2017) Kat:3, Licht: 0","124407","3","6","2","07","13","2","0","0","0","1","0","0"
"POINT (10.012289896000027 53.599860882000030)","Unfall 124408 (2017) Kat:3, Licht: 0","124408","3","6","2","07","09","2","0","0","0","1","0","0"
"POINT (10.007352663000063 53.599527867000063)","Unfall 124409 (2017) Kat:3, Licht: 0","124409","3","6","2","07","17","2","1","0","0","1","0","0"
"POINT (10.046293054000046 53.587382297000033)","Unfall 124410 (2017) Kat:3, Licht: 0","124410","3","3","5","07","12","2","0","0","0","1","0","0"
"POINT (10.041016076000062 53.580195583000034)","Unfall 124411 (2017) Kat:2, Licht: 2","124411","2","1","9","07","20","2","1","2","0","1","0","0"
"POINT (10.056963083000028 53.647634704000041)","Unfall 124412 (2017) Kat:3, Licht: 0","124412","3","3","3","07","10","4","0","0","1","1","0","0"
"POINT (9.962187373000063 53.630797048000034)","Unfall 124413 (2017) Kat:3, Licht: 0","124413","3","1","0","07","09","2","0","0","0","0","0","1"
"POINT (9.957789203000061 53.566569989000072)","Unfall 124414 (2017) Kat:3, Licht: 0","124414","3","7","5","07","18","2","1","0","1","1","0","0"
"POINT (9.954380430000072 53.566704081000069)","Unfall 124415 (2017) Kat:3, Licht: 0","124415","3","3","0","07","18","2","1","0","0","1","0","1"
"POINT (9.984953450000035 53.563891656000067)","Unfall 124416 (2017) Kat:3, Licht: 0","124416","3","6","2","07","18","2","1","0","0","1","0","0"
"POINT (9.965510016000053 53.565332258000069)","Unfall 124417 (2017) Kat:3, Licht: 0","124417","3","4","6","07","19","2","1","0","1","0","1","0"
"POINT (10.005525990000024 53.551743181000063)","Unfall 124418 (2017) Kat:2, Licht: 0","124418","2","6","6","07","14","2","0","0","1","0","1","0"
"POINT (9.975549056000034 53.560900111000080)","Unfall 124419 (2017) Kat:2, Licht: 0","124419","2","4","6","07","11","2","0","0","0","1","1","0"
"POINT (10.023304107000058 53.462784662000047)","Unfall 124420 (2017) Kat:3, Licht: 0","124420","3","6","1","07","17","1","0","0","0","1","0","0"
"POINT (9.999180792000061 53.498822085000029)","Unfall 124421 (2017) Kat:3, Licht: 0","124421","3","6","1","07","16","1","0","0","0","1","0","1"
"POINT (10.235552644000052 53.462366082000074)","Unfall 124422 (2017) Kat:3, Licht: 0","124422","3","6","1","07","17","1","0","0","0","1","0","0"
"POINT (10.180628551000041 53.629660512000044)","Unfall 124423 (2017) Kat:3, Licht: 0","124423","3","7","6","07","18","1","0","0","0","1","1","0"
"POINT (10.062230015000068 53.596075682000048)","Unfall 124424 (2017) Kat:3, Licht: 0","124424","3","3","5","07","19","1","0","0","1","1","0","0"
"POINT (10.047168366000051 53.631741030000057)","Unfall 124425 (2017) Kat:3, Licht: 2","124425","3","6","4","07","01","1","0","2","1","1","0","0"
"POINT (10.028636949000031 53.571155000000033)","Unfall 124426 (2017) Kat:3, Licht: 2","124426","3","3","5","07","22","1","0","2","0","1","0","0"
"POINT (9.955572012000062 53.549979136000047)","Unfall 124427 (2017) Kat:3, Licht: 0","124427","3","6","2","07","10","1","1","0","0","1","0","0"
"POINT (9.975750150000067 53.570123837000040)","Unfall 124428 (2017) Kat:3, Licht: 0","124428","3","7","5","07","12","1","0","0","0","1","0","0"
"POINT (9.956385437000051 53.549662330000046)","Unfall 124429 (2017) Kat:3, Licht: 0","124429","3","2","5","07","15","1","0","0","1","1","0","0"
"POINT (9.999988655000038 53.557298886000069)","Unfall 124430 (2017) Kat:2, Licht: 0","124430","2","1","8","07","07","1","1","0","0","1","0","0"
"POINT (9.997404927000048 53.443144439000037)","Unfall 124431 (2017) Kat:3, Licht: 0","124431","3","6","4","07","12","7","1","0","0","1","0","0"
"POINT (10.192145857000071 53.506514174000074)","Unfall 124432 (2017) Kat:3, Licht: 0","124432","3","6","2","07","12","7","1","0","0","1","1","0"
"POINT (10.056005048000031 53.560918776000051)","Unfall 124433 (2017) Kat:3, Licht: 1","124433","3","6","3","07","20","7","0","1","0","1","0","0"
"POINT (10.181888410000056 53.630410128000051)","Unfall 124434 (2017) Kat:3, Licht: 0","124434","3","3","5","07","10","7","1","0","1","1","0","0"
"POINT (10.099953382000024 53.586809893000066)","Unfall 124435 (2017) Kat:3, Licht: 0","124435","3","6","2","07","13","7","1","0","0","1","0","0"
"POINT (10.070314499000062 53.579514732000064)","Unfall 124436 (2017) Kat:3, Licht: 0","124436","3","3","5","07","11","7","1","0","0","1","0","0"
"POINT (10.071683082000050 53.608687260000067)","Unfall 124437 (2017) Kat:3, Licht: 0","124437","3","7","1","07","16","7","1","0","0","1","0","0"
"POINT (10.115579076000074 53.660255991000042)","Unfall 124438 (2017) Kat:3, Licht: 0","124438","3","3","5","07","18","7","0","0","0","1","0","0"
"POINT (10.011495382000021 53.647296119000032)","Unfall 124439 (2017) Kat:3, Licht: 0","124439","3","6","2","07","18","7","0","0","0","1","0","0"
"POINT (9.997047610000038 53.596982613000080)","Unfall 124440 (2017) Kat:2, Licht: 0","124440","2","3","5","07","19","7","0","0","0","1","0","1"
"POINT (9.994157292000068 53.602088912000056)","Unfall 124441 (2017) Kat:3, Licht: 0","124441","3","6","1","07","20","7","0","0","0","1","0","0"
"POINT (10.046486913000024 53.583052767000027)","Unfall 124442 (2017) Kat:3, Licht: 2","124442","3","2","4","07","22","7","0","2","0","1","0","0"
"POINT (9.823170503000029 53.579586360000064)","Unfall 124443 (2017) Kat:3, Licht: 2","124443","3","4","6","07","04","7","0","2","0","1","1","0"
"POINT (9.860854849000077 53.598002159000032)","Unfall 124444 (2017) Kat:3, Licht: 0","124444","3","3","5","07","15","7","1","0","1","1","0","0"
"POINT (9.860955287000024 53.598178179000058)","Unfall 124445 (2017) Kat:3, Licht: 0","124445","3","6","6","07","14","7","1","0","0","1","1","0"
"POINT (9.896978232000038 53.588886528000046)","Unfall 124446 (2017) Kat:3, Licht: 0","124446","3","6","1","07","12","7","1","0","0","1","0","0"
"POINT (9.917640099000039 53.551031527000077)","Unfall 124447 (2017) Kat:3, Licht: 0","124447","3","3","0","07","15","7","1","0","1","1","0","0"
"POINT (10.015426827000056 53.551837729000056)","Unfall 124448 (2017) Kat:3, Licht: 0","124448","3","6","6","07","19","7","0","0","1","0","1","0"
"POINT (9.987102363000076 53.438370534000057)","Unfall 124449 (2017) Kat:3, Licht: 0","124449","3","6","2","07","12","6","0","0","0","1","0","0"
"POINT (10.244623300000057 53.405899703000046)","Unfall 124450 (2017) Kat:3, Licht: 0","124450","3","5","1","07","16","6","0","0","1","1","0","0"
"POINT (10.023910819000037 53.549126954000030)","Unfall 124451 (2017) Kat:3, Licht: 0","124451","3","3","6","07","12","6","0","0","1","0","1","0"
"POINT (10.042461539000044 53.638006247000078)","Unfall 124452 (2017) Kat:3, Licht: 0","124452","3","4","6","07","17","6","0","0","0","1","1","0"
"POINT (9.997352324000076 53.620533784000031)","Unfall 124453 (2017) Kat:3, Licht: 2","124453","3","3","5","07","00","6","0","2","0","1","0","0"
"POINT (10.013032377000059 53.627467801000080)","Unfall 124454 (2017) Kat:3, Licht: 0","124454","3","3","5","07","07","6","0","0","1","0","0","0"
"POINT (10.019647067000051 53.613979527000026)","Unfall 124455 (2017) Kat:3, Licht: 2","124455","3","6","2","07","23","6","0","2","0","1","0","0"
"POINT (9.999193484000045 53.601717442000052)","Unfall 124456 (2017) Kat:3, Licht: 0","124456","3","6","2","07","15","6","0","0","0","1","0","0"
"POINT (10.012094790000049 53.608688255000061)","Unfall 124457 (2017) Kat:3, Licht: 0","124457","3","7","6","07","14","6","0","0","1","0","1","0"
"POINT (10.028499790000069 53.579376127000046)","Unfall 124458 (2017) Kat:3, Licht: 0","124458","3","5","0","07","15","6","0","0","1","1","0","0"
"POINT (9.811039554000047 53.563267844000052)","Unfall 124459 (2017) Kat:3, Licht: 0","124459","3","3","2","07","10","6","0","0","0","1","0","1"
"POINT (9.813020715000050 53.563286043000062)","Unfall 124460 (2017) Kat:3, Licht: 0","124460","3","2","4","07","08","6","0","0","0","1","0","0"
"POINT (9.947453080000059 53.575453794000055)","Unfall 124461 (2017) Kat:3, Licht: 0","124461","3","5","1","07","14","6","0","0","1","1","0","0"
"POINT (9.945672615000035 53.576614948000042)","Unfall 124462 (2017) Kat:3, Licht: 2","124462","3","1","0","07","00","6","1","2","1","0","0","0"
"POINT (9.941317615000060 53.563575429000082)","Unfall 124463 (2017) Kat:3, Licht: 0","124463","3","2","2","07","13","6","0","0","1","1","0","0"
"POINT (10.012931463000029 53.549845168000047)","Unfall 124464 (2017) Kat:3, Licht: 0","124464","3","3","5","07","15","6","0","0","1","1","0","0"
"POINT (10.092048569000042 53.513971229000049)","Unfall 124465 (2017) Kat:3, Licht: 2","124465","3","6","1","07","01","5","1","2","0","1","0","0"
"POINT (10.210307023000041 53.486593955000046)","Unfall 124466 (2017) Kat:3, Licht: 0","124466","3","3","5","07","15","5","0","0","0","1","0","0"
"POINT (10.119482143000027 53.562618019000070)","Unfall 124467 (2017) Kat:3, Licht: 0","124467","3","3","5","07","16","5","1","0","1","1","0","0"
"POINT (10.110470805000034 53.551314497000078)","Unfall 124468 (2017) Kat:3, Licht: 0","124468","3","2","1","07","09","5","1","0","0","1","0","0"
"POINT (10.112785785000028 53.538109751000036)","Unfall 124469 (2017) Kat:3, Licht: 0","124469","3","7","0","07","16","5","0","0","1","0","0","0"
"POINT (10.136328143000071 53.572461180000062)","Unfall 124470 (2017) Kat:3, Licht: 0","124470","3","3","5","07","16","5","0","0","0","1","0","0"
"POINT (10.136268106000045 53.572468081000068)","Unfall 124471 (2017) Kat:3, Licht: 0","124471","3","6","2","07","16","5","0","0","0","1","0","0"
"POINT (10.034419819000050 53.605913963000035)","Unfall 124472 (2017) Kat:3, Licht: 0","124472","3","6","2","07","18","5","0","0","0","1","0","0"
"POINT (10.055693762000033 53.606445055000052)","Unfall 124473 (2017) Kat:2, Licht: 0","124473","2","2","4","07","14","5","0","0","0","1","0","0"
"POINT (10.082592063000050 53.616649349000056)","Unfall 124474 (2017) Kat:3, Licht: 0","124474","3","3","0","07","13","5","0","0","1","1","0","0"
"POINT (10.069895000000031 53.615076847000068)","Unfall 124475 (2017) Kat:3, Licht: 0","124475","3","3","4","07","18","5","0","0","1","1","0","0"
"POINT (10.000308437000058 53.679926540000054)","Unfall 124476 (2017) Kat:3, Licht: 2","124476","3","3","5","07","22","5","1","2","1","1","0","0"
"POINT (10.016025557000034 53.635357446000057)","Unfall 124477 (2017) Kat:3, Licht: 0","124477","3","1","0","07","07","5","0","0","0","0","0","1"
"POINT (9.945287435000068 53.579576243000076)","Unfall 124478 (2017) Kat:3, Licht: 0","124478","3","5","1","07","12","5","1","0","0","1","0","1"
"POINT (9.994861627000034 53.507453025000075)","Unfall 124479 (2017) Kat:3, Licht: 0","124479","3","4","6","07","06","4","0","0","0","0","1","1"
"POINT (10.183376006000060 53.509520618000067)","Unfall 124480 (2017) Kat:3, Licht: 0","124480","3","3","5","07","16","4","0","0","0","1","0","0"
"POINT (10.127870671000039 53.538850305000039)","Unfall 124481 (2017) Kat:3, Licht: 0","124481","3","7","0","07","09","4","0","0","1","0","1","0"
"POINT (10.076276790000065 53.566911298000036)","Unfall 124482 (2017) Kat:3, Licht: 0","124482","3","7","0","07","18","4","0","0","0","0","0","1"
"POINT (10.065487921000056 53.597987584000066)","Unfall 124483 (2017) Kat:3, Licht: 0","124483","3","2","4","08","14","6","0","0","1","1","0","0"
"POINT (10.107754407000073 53.655672262000053)","Unfall 124484 (2017) Kat:3, Licht: 0","124484","3","3","5","08","16","6","0","0","1","1","0","0"
"POINT (10.113124191000054 53.658687130000033)","Unfall 124485 (2017) Kat:3, Licht: 0","124485","3","3","5","08","17","6","0","0","0","1","0","0"
"POINT (10.025712926000040 53.605746055000054)","Unfall 124486 (2017) Kat:2, Licht: 0","124486","2","6","4","08","13","6","0","0","1","0","0","0"
"POINT (10.159580362000042 53.447575154000049)","Unfall 124487 (2017) Kat:2, Licht: 0","124487","2","7","0","08","19","4","0","0","1","0","0","0"
"POINT (10.039712700000052 53.579335508000042)","Unfall 124488 (2017) Kat:3, Licht: 0","124488","3","6","0","08","10","6","0","0","0","0","0","1"
"POINT (10.016778845000033 53.565692353000031)","Unfall 124489 (2017) Kat:3, Licht: 0","124489","3","6","4","08","18","6","0","0","1","0","0","0"
"POINT (10.017637909000030 53.569397686000059)","Unfall 124490 (2017) Kat:3, Licht: 0","124490","3","2","3","08","09","6","0","0","1","1","0","0"
"POINT (9.873596812000073 53.590837675000046)","Unfall 124491 (2017) Kat:3, Licht: 0","124491","3","2","5","08","16","6","0","0","1","1","0","0"
"POINT (9.890121360000023 53.601896790000069)","Unfall 124492 (2017) Kat:3, Licht: 0","124492","3","7","6","08","15","6","0","0","0","1","1","0"
"POINT (9.974644227000056 53.598220347000051)","Unfall 124493 (2017) Kat:3, Licht: 0","124493","3","2","5","08","13","6","0","0","1","1","0","0"
"POINT (9.963750561000040 53.569534071000078)","Unfall 124494 (2017) Kat:3, Licht: 1","124494","3","3","5","08","19","6","0","1","1","1","0","0"
"POINT (9.978142322000053 53.571982849000051)","Unfall 124495 (2017) Kat:3, Licht: 0","124495","3","6","3","08","18","6","0","0","0","1","0","0"
"POINT (9.997172226000032 53.561617755000043)","Unfall 124496 (2017) Kat:3, Licht: 1","124496","3","6","6","08","20","6","0","1","1","0","1","0"
"POINT (9.975181033000069 53.565167629000030)","Unfall 124497 (2017) Kat:2, Licht: 0","124497","2","4","6","08","14","6","0","0","0","1","1","0"
"POINT (9.878174987000023 53.478940916000056)","Unfall 124498 (2017) Kat:3, Licht: 0","124498","3","4","6","08","17","5","0","0","0","1","1","0"
"POINT (9.936369559000070 53.449961920000078)","Unfall 124499 (2017) Kat:3, Licht: 0","124499","3","3","5","08","18","5","0","0","0","1","0","1"
"POINT (10.185320503000071 53.508501691000049)","Unfall 124500 (2017) Kat:3, Licht: 0","124500","3","3","5","08","14","5","0","0","0","1","0","0"
"POINT (10.152722647000076 53.596637525000062)","Unfall 124501 (2017) Kat:3, Licht: 0","124501","3","6","0","08","10","5","1","0","0","1","0","0"
"POINT (10.108555088000060 53.581564724000032)","Unfall 124502 (2017) Kat:3, Licht: 0","124502","3","3","5","08","19","5","0","0","0","1","0","0"
"POINT (10.099253180000062 53.588152360000038)","Unfall 124503 (2017) Kat:3, Licht: 0","124503","3","2","4","08","14","5","0","0","0","1","0","0"
"POINT (10.061105607000059 53.608619115000067)","Unfall 124504 (2017) Kat:3, Licht: 0","124504","3","6","1","08","14","5","0","0","0","1","0","0"
"POINT (10.033679080000070 53.620013463000078)","Unfall 124505 (2017) Kat:3, Licht: 0","124505","3","2","4","08","17","5","0","0","0","1","0","0"
"POINT (10.018098016000067 53.649357355000063)","Unfall 124506 (2017) Kat:3, Licht: 0","124506","3","3","5","08","17","5","0","0","1","1","0","0"
"POINT (9.947431762000065 53.582383481000079)","Unfall 124507 (2017) Kat:3, Licht: 0","124507","3","2","5","08","17","5","0","0","1","1","0","0"
"POINT (9.971853017000058 53.587372505000076)","Unfall 124508 (2017) Kat:3, Licht: 0","124508","3","3","5","08","16","5","0","0","1","0","0","0"
"POINT (9.970277047000025 53.550094045000037)","Unfall 124509 (2017) Kat:3, Licht: 0","124509","3","7","5","08","12","5","0","0","0","1","0","0"
"POINT (9.976223315000027 53.503009071000065)","Unfall 124510 (2017) Kat:3, Licht: 0","124510","3","3","5","08","15","4","0","0","0","1","0","1"
"POINT (10.219707200000073 53.490560362000053)","Unfall 124511 (2017) Kat:3, Licht: 0","124511","3","3","5","08","16","4","0","0","1","1","0","0"
"POINT (10.209378869000034 53.482619775000046)","Unfall 124512 (2017) Kat:3, Licht: 0","124512","3","2","6","08","18","4","0","0","0","1","1","0"
"POINT (10.130505653000057 53.529795907000050)","Unfall 124513 (2017) Kat:2, Licht: 0","124513","2","2","4","08","08","4","0","0","1","1","0","0"
"POINT (10.072258351000073 53.563868515000081)","Unfall 124514 (2017) Kat:3, Licht: 0","124514","3","3","5","08","09","4","0","0","0","1","0","0"
"POINT (10.081399184000077 53.593106460000058)","Unfall 124515 (2017) Kat:3, Licht: 0","124515","3","3","5","08","14","4","0","0","0","1","0","0"
"POINT (10.010517884000024 53.623887382000078)","Unfall 124516 (2017) Kat:3, Licht: 0","124516","3","3","5","08","15","4","0","0","0","1","0","0"
"POINT (9.932290658000056 53.597473848000050)","Unfall 124517 (2017) Kat:3, Licht: 0","124517","3","6","4","08","08","4","0","0","1","0","0","0"
"POINT (9.923587584000075 53.591786574000082)","Unfall 124518 (2017) Kat:3, Licht: 0","124518","3","6","2","08","08","4","0","0","0","1","0","0"
"POINT (9.877055225000049 53.589127295000026)","Unfall 124519 (2017) Kat:3, Licht: 2","124519","3","3","5","08","22","4","0","2","0","1","0","0"
"POINT (9.982939482000063 53.596014472000036)","Unfall 124520 (2017) Kat:3, Licht: 0","124520","3","6","3","08","13","4","0","0","0","1","0","1"
"POINT (9.948478007000063 53.562139404000050)","Unfall 124521 (2017) Kat:3, Licht: 0","124521","3","4","6","08","13","4","0","0","0","1","1","0"
"POINT (9.988642844000026 53.572665127000050)","Unfall 124522 (2017) Kat:3, Licht: 0","124522","3","3","5","08","14","4","0","0","0","1","0","1"
"POINT (9.987479908000069 53.562640876000046)","Unfall 124523 (2017) Kat:2, Licht: 0","124523","2","6","3","08","17","4","0","0","0","1","0","0"
"POINT (9.981907505000038 53.564186684000049)","Unfall 124524 (2017) Kat:3, Licht: 2","124524","3","6","4","08","21","4","0","2","1","0","0","0"
"POINT (9.969625741000073 53.557320597000057)","Unfall 124525 (2017) Kat:3, Licht: 2","124525","3","2","0","08","22","4","0","2","0","1","0","0"
"POINT (10.006091016000028 53.551458627000045)","Unfall 124526 (2017) Kat:3, Licht: 0","124526","3","7","0","08","19","4","0","0","0","0","0","0"
"POINT (9.995647424000026 53.550756406000062)","Unfall 124527 (2017) Kat:3, Licht: 0","124527","3","6","3","08","09","4","0","0","1","0","0","1"
"POINT (10.009444053000038 53.457407845000034)","Unfall 124528 (2017) Kat:3, Licht: 0","124528","3","2","3","08","07","3","0","0","0","1","0","1"
"POINT (9.976084796000066 53.461588667000058)","Unfall 124529 (2017) Kat:2, Licht: 1","124529","2","3","5","08","19","3","0","1","1","1","0","0"
"POINT (9.992064618000029 53.461303641000029)","Unfall 124530 (2017) Kat:2, Licht: 0","124530","2","6","1","08","16","3","0","0","0","1","0","0"
"POINT (10.124224033000075 53.588274833000071)","Unfall 124531 (2017) Kat:2, Licht: 1","124531","2","2","6","08","05","3","1","1","0","1","1","0"
"POINT (10.102021324000077 53.579974888000038)","Unfall 124532 (2017) Kat:3, Licht: 0","124532","3","2","3","08","10","3","0","0","1","1","0","0"
"POINT (10.044947351000076 53.605796034000036)","Unfall 124533 (2017) Kat:3, Licht: 2","124533","3","7","0","08","21","3","0","2","0","0","0","1"
"POINT (10.015247135000038 53.632640255000069)","Unfall 124534 (2017) Kat:3, Licht: 0","124534","3","4","6","08","18","3","0","0","1","0","1","0"
"POINT (10.024709958000074 53.627959617000045)","Unfall 124535 (2017) Kat:2, Licht: 0","124535","2","6","0","08","13","3","0","0","1","0","0","0"
"POINT (10.012542723000024 53.606358821000072)","Unfall 124536 (2017) Kat:2, Licht: 0","124536","2","3","5","08","08","3","1","0","1","1","0","0"
"POINT (9.901913801000035 53.606514004000076)","Unfall 124537 (2017) Kat:3, Licht: 2","124537","3","3","5","08","22","3","0","2","1","1","0","0"
"POINT (9.791459147000069 53.568949308000072)","Unfall 124538 (2017) Kat:3, Licht: 0","124538","3","5","1","08","10","3","0","0","0","1","0","0"
"POINT (9.874710739000022 53.589805248000062)","Unfall 124539 (2017) Kat:3, Licht: 0","124539","3","6","0","08","17","3","0","0","0","0","0","0"
"POINT (9.878513800000064 53.561990834000028)","Unfall 124540 (2017) Kat:3, Licht: 0","124540","3","3","5","08","09","3","0","0","1","1","0","0"
"POINT (9.886887144000070 53.593180230000030)","Unfall 124541 (2017) Kat:2, Licht: 0","124541","2","7","1","08","13","3","0","0","0","1","0","0"
"POINT (9.953261885000075 53.546267761000081)","Unfall 124542 (2017) Kat:3, Licht: 0","124542","3","6","4","08","14","3","0","0","1","0","0","0"
"POINT (9.976056199000027 53.544559609000032)","Unfall 124543 (2017) Kat:3, Licht: 0","124543","3","4","6","08","12","3","0","0","1","0","1","0"
"POINT (9.991651054000045 53.549153376000049)","Unfall 124544 (2017) Kat:3, Licht: 0","124544","3","3","0","08","09","3","0","0","1","0","0","0"
"POINT (10.021251125000049 53.494826061000026)","Unfall 124545 (2017) Kat:3, Licht: 0","124545","3","3","5","08","13","2","1","0","1","1","0","0"
"POINT (10.095732118000058 53.542560033000029)","Unfall 124546 (2017) Kat:2, Licht: 0","124546","2","4","6","08","17","2","0","0","0","1","1","0"
"POINT (10.087950813000077 53.554865665000079)","Unfall 124547 (2017) Kat:3, Licht: 0","124547","3","2","0","08","11","2","1","0","0","1","0","1"
"POINT (10.025927175000049 53.551344558000039)","Unfall 124548 (2017) Kat:3, Licht: 0","124548","3","3","5","08","11","2","1","0","0","1","0","0"
"POINT (10.095297817000073 53.606426435000060)","Unfall 124549 (2017) Kat:3, Licht: 0","124549","3","6","2","08","14","2","0","0","0","1","0","0"
"POINT (10.143779407000068 53.600557638000055)","Unfall 124550 (2017) Kat:3, Licht: 0","124550","3","6","2","08","14","2","0","0","0","1","0","0"
"POINT (10.138628107000045 53.608462990000078)","Unfall 124551 (2017) Kat:3, Licht: 0","124551","3","3","5","08","07","2","1","0","0","1","0","0"
"POINT (10.154789716000039 53.621936042000073)","Unfall 124552 (2017) Kat:3, Licht: 0","124552","3","3","5","08","10","2","1","0","1","0","0","0"
"POINT (10.136930995000057 53.652669901000081)","Unfall 124553 (2017) Kat:3, Licht: 0","124553","3","7","0","08","09","2","1","0","0","1","1","0"
"POINT (10.094963945000075 53.639247497000042)","Unfall 124554 (2017) Kat:3, Licht: 0","124554","3","6","3","08","11","2","0","0","0","1","0","0"
"POINT (10.026609437000047 53.625945351000041)","Unfall 124555 (2017) Kat:3, Licht: 0","124555","3","6","2","08","18","2","0","0","0","1","0","0"
"POINT (10.028381928000044 53.630343302000028)","Unfall 124556 (2017) Kat:3, Licht: 0","124556","3","7","4","08","07","2","1","0","0","1","0","0"
"POINT (10.015553346000047 53.591886977000058)","Unfall 124557 (2017) Kat:3, Licht: 0","124557","3","2","4","08","17","2","0","0","1","1","0","0"
"POINT (10.003649779000057 53.606845576000069)","Unfall 124558 (2017) Kat:3, Licht: 0","124558","3","1","0","08","08","2","1","0","0","0","0","1"
"POINT (10.031966561000047 53.575335199000051)","Unfall 124559 (2017) Kat:3, Licht: 0","124559","3","5","1","08","06","2","1","0","0","1","0","1"
"POINT (10.034722046000070 53.574734560000081)","Unfall 124560 (2017) Kat:3, Licht: 0","124560","3","6","2","08","08","2","1","0","0","1","0","0"
"POINT (10.025796432000050 53.558871796000062)","Unfall 124561 (2017) Kat:3, Licht: 0","124561","3","6","3","08","14","2","0","0","0","1","0","1"
"POINT (9.951987961000043 53.601253217000078)","Unfall 124562 (2017) Kat:3, Licht: 0","124562","3","3","5","08","11","2","1","0","0","1","0","0"
"POINT (9.951836544000059 53.567077893000032)","Unfall 124563 (2017) Kat:3, Licht: 0","124563","3","2","4","08","08","2","0","0","1","0","0","0"
"POINT (9.927313770000069 53.552599092000037)","Unfall 124564 (2017) Kat:3, Licht: 0","124564","3","3","5","08","13","2","0","0","1","1","0","0"
"POINT (9.984538253000039 53.548276249000082)","Unfall 124565 (2017) Kat:2, Licht: 0","124565","2","2","4","08","06","2","1","0","1","1","0","0"
"POINT (9.990143129000046 53.557988344000080)","Unfall 124566 (2017) Kat:1, Licht: 2","124566","1","6","3","08","01","2","1","2","0","1","0","0"
"POINT (9.973131612000032 53.452411983000047)","Unfall 124567 (2017) Kat:3, Licht: 0","124567","3","7","0","08","15","1","1","0","1","0","0","0"
"POINT (9.984659044000068 53.447489039000061)","Unfall 124568 (2017) Kat:3, Licht: 0","124568","3","5","1","08","13","1","1","0","1","1","0","0"
"POINT (10.010876823000046 53.463125201000082)","Unfall 124569 (2017) Kat:3, Licht: 0","124569","3","2","4","08","10","1","0","0","0","1","0","0"
"POINT (9.986038868000037 53.501508933000082)","Unfall 124570 (2017) Kat:3, Licht: 2","124570","3","6","2","08","02","1","0","2","1","0","0","0"
"POINT (10.126687956000069 53.582203462000052)","Unfall 124571 (2017) Kat:3, Licht: 0","124571","3","2","4","08","17","1","1","0","0","1","0","1"
"POINT (10.058543394000026 53.641278621000026)","Unfall 124572 (2017) Kat:3, Licht: 0","124572","3","4","6","08","13","1","1","0","0","1","1","0"
"POINT (10.017830068000023 53.581178119000072)","Unfall 124573 (2017) Kat:3, Licht: 0","124573","3","6","2","08","19","1","1","0","0","1","0","0"
"POINT (9.742334016000029 53.571510364000062)","Unfall 124574 (2017) Kat:3, Licht: 0","124574","3","7","0","08","16","1","1","0","1","0","0","0"
"POINT (9.753316195000025 53.587995888000080)","Unfall 124575 (2017) Kat:3, Licht: 2","124575","3","1","9","08","21","1","0","2","0","1","0","0"
"POINT (9.951271584000040 53.550861833000056)","Unfall 124576 (2017) Kat:3, Licht: 0","124576","3","4","6","08","13","1","1","0","1","0","1","0"
"POINT (10.005020332000072 53.547546518000047)","Unfall 124577 (2017) Kat:3, Licht: 0","124577","3","3","5","08","20","1","0","0","0","1","0","0"
"POINT (9.877939469000069 53.477706942000054)","Unfall 124578 (2017) Kat:3, Licht: 0","124578","3","6","2","08","18","7","1","0","0","1","0","0"
"POINT (9.991193977000023 53.448331367000037)","Unfall 124579 (2017) Kat:3, Licht: 1","124579","3","6","0","08","17","7","1","1","0","1","0","1"
"POINT (9.966627577000054 53.437267893000069)","Unfall 124580 (2017) Kat:3, Licht: 0","124580","3","3","5","08","15","7","0","0","0","1","0","0"
"POINT (10.124713525000061 53.586068096000076)","Unfall 124581 (2017) Kat:3, Licht: 0","124581","3","2","5","08","16","7","0","0","0","1","0","0"
"POINT (10.136170358000072 53.571476558000029)","Unfall 124582 (2017) Kat:3, Licht: 0","124582","3","6","3","08","18","7","0","0","0","1","0","0"
"POINT (10.066175935000047 53.584854367000048)","Unfall 124583 (2017) Kat:3, Licht: 0","124583","3","6","2","08","11","7","0","0","0","1","0","0"
"POINT (10.067613698000059 53.608531716000073)","Unfall 124584 (2017) Kat:3, Licht: 0","124584","3","3","5","08","13","7","1","0","0","1","0","0"
"POINT (10.046753922000050 53.578900934000046)","Unfall 124585 (2017) Kat:3, Licht: 0","124585","3","6","2","08","12","7","1","0","0","1","0","0"
"POINT (9.874249771000052 53.581387091000067)","Unfall 124586 (2017) Kat:3, Licht: 0","124586","3","3","5","08","18","7","0","0","1","1","0","0"
"POINT (9.945399267000028 53.557088692000036)","Unfall 124587 (2017) Kat:3, Licht: 0","124587","3","3","5","08","13","7","0","0","1","1","0","0"