WKT,Name,OBJECTID,UKATEGORIE,UTYP1,UART,UMONAT,USTUNDE,UWOCHENTAG,STRZUSTAND,ULICHTVERH,ISTRAD,ISTPKW,ISTFUSS,ISTKRAD
"POINT (10.019219162000070 53.552945332000036)","Unfall 124588 (2017) Kat:3, Licht: 2","124588","3","2","5","08","21","7","1","2","1","1","0","0"
"POINT (10.021303697000064 53.557628497000053)","Unfall 124589 (2017) Kat:3, Licht: 2","124589","3","5","5","08","20","7","0","2","0","1","0","0"
"POINT (9.863254879000067 53.477912157000048)","Unfall 124590 (2017) Kat:3, Licht: 2","124590","3","5","1","08","00","6","0","2","0","1","0","0"
"POINT (10.196161108000069 53.512017156000070)","Unfall 124591 (2017) Kat:3, Licht: 0","124591","3","3","5","08","06","6","0","0","0","1","0","0"
"POINT (10.143462184000043 53.617848567000067)","Unfall 124592 (2017) Kat:3, Licht: 0","124592","3","3","5","08","14","6","1","0","1","1","0","0"
"POINT (10.128923026000052 53.600677188000077)","Unfall 124593 (2017) Kat:3, Licht: 0","124593","3","1","0","08","16","6","1","0","0","0","0","1"
"POINT (10.014197234000051 53.611867266000047)","Unfall 124594 (2017) Kat:3, Licht: 0","124594","3","7","6","08","10","6","0","0","0","1","1","0"
"POINT (10.024957182000037 53.605155961000037)","Unfall 124595 (2017) Kat:3, Licht: 0","124595","3","1","0","08","06","6","1","0","0","0","0","1"
"POINT (9.889841483000055 53.601627246000078)","Unfall 124596 (2017) Kat:3, Licht: 0","124596","3","7","4","08","19","6","1","0","0","1","0","0"
"POINT (9.954762888000062 53.623582223000028)","Unfall 124597 (2017) Kat:3, Licht: 2","124597","3","3","5","08","05","6","1","2","0","1","0","0"
"POINT (9.967565048000040 53.577674106000075)","Unfall 124598 (2017) Kat:3, Licht: 0","124598","3","2","3","08","15","6","1","0","0","1","0","1"
"POINT (9.917433326000037 53.548669005000079)","Unfall 124599 (2017) Kat:3, Licht: 0","124599","3","6","2","08","11","6","0","0","0","1","0","0"
"POINT (9.990894175000051 53.560335102000067)","Unfall 124600 (2017) Kat:3, Licht: 0","124600","3","6","2","08","11","6","0","0","0","1","0","0"
"POINT (9.978878747000067 53.572398497000052)","Unfall 124601 (2017) Kat:3, Licht: 0","124601","3","2","1","08","15","6","1","0","0","1","0","0"
"POINT (9.987380845000075 53.466055254000082)","Unfall 124602 (2017) Kat:3, Licht: 0","124602","3","6","2","08","13","6","1","0","0","1","0","0"
"POINT (9.987413048000065 53.449845185000072)","Unfall 124603 (2017) Kat:3, Licht: 0","124603","3","6","3","08","10","5","0","0","1","0","0","0"
"POINT (10.089862750000066 53.511423681000053)","Unfall 124604 (2017) Kat:3, Licht: 0","124604","3","7","2","08","17","5","1","0","0","0","0","0"
"POINT (10.210625100000073 53.487352379000072)","Unfall 124605 (2017) Kat:3, Licht: 1","124605","3","2","4","08","19","5","1","1","0","1","0","0"
"POINT (10.084474221000050 53.553473159000077)","Unfall 124606 (2017) Kat:2, Licht: 0","124606","2","3","5","08","16","5","0","0","0","1","0","1"
"POINT (10.061629003000064 53.560223540000038)","Unfall 124607 (2017) Kat:3, Licht: 1","124607","3","3","3","08","19","5","1","1","1","1","0","0"
"POINT (10.122224518000053 53.585168024000041)","Unfall 124608 (2017) Kat:3, Licht: 0","124608","3","5","5","08","17","5","1","0","0","1","0","0"
"POINT (10.061874422000074 53.595692556000074)","Unfall 124609 (2017) Kat:3, Licht: 0","124609","3","6","3","08","16","5","0","0","0","1","0","0"
"POINT (10.018524536000029 53.614945176000049)","Unfall 124610 (2017) Kat:3, Licht: 0","124610","3","3","0","08","16","5","0","0","0","1","0","0"
"POINT (10.013151711000035 53.599816506000082)","Unfall 124611 (2017) Kat:3, Licht: 0","124611","3","6","3","08","13","5","0","0","0","1","0","1"
"POINT (10.032619576000059 53.581711140000039)","Unfall 124612 (2017) Kat:3, Licht: 0","124612","3","6","2","08","13","5","0","0","0","1","0","0"
"POINT (9.926206148000063 53.564426794000042)","Unfall 124613 (2017) Kat:3, Licht: 0","124613","3","7","3","08","18","5","1","0","0","1","0","1"
"POINT (9.958329913000057 53.599165501000073)","Unfall 124614 (2017) Kat:1, Licht: 0","124614","1","3","5","08","14","5","0","0","1","1","0","0"
"POINT (9.958618558000069 53.571463166000058)","Unfall 124615 (2017) Kat:3, Licht: 0","124615","3","3","5","08","11","5","0","0","0","1","0","1"
"POINT (9.990960392000034 53.560236518000067)","Unfall 124616 (2017) Kat:3, Licht: 0","124616","3","6","3","08","09","5","0","0","1","1","0","0"
"POINT (9.984914976000027 53.542717393000032)","Unfall 124617 (2017) Kat:3, Licht: 2","124617","3","7","3","08","21","5","1","2","0","1","0","0"
"POINT (9.877599806000035 53.477655562000052)","Unfall 124618 (2017) Kat:3, Licht: 0","124618","3","6","2","08","18","4","0","0","0","1","0","0"
"POINT (9.878888749000055 53.530239402000063)","Unfall 124619 (2017) Kat:3, Licht: 0","124619","3","4","6","08","16","4","0","0","0","1","1","0"
"POINT (10.212210510000034 53.484578778000071)","Unfall 124620 (2017) Kat:3, Licht: 0","124620","3","3","5","08","12","4","0","0","1","1","0","0"
"POINT (10.109252844000025 53.528817180000033)","Unfall 124621 (2017) Kat:2, Licht: 0","124621","2","3","5","08","16","4","0","0","0","1","0","1"
"POINT (10.162665650000065 53.589834809000081)","Unfall 124622 (2017) Kat:2, Licht: 2","124622","2","5","1","08","21","4","0","2","1","1","0","0"
"POINT (10.069806606000043 53.574903105000033)","Unfall 124623 (2017) Kat:3, Licht: 0","124623","3","3","5","08","12","4","0","0","1","1","0","0"
"POINT (10.103688498000054 53.703223985000079)","Unfall 124624 (2017) Kat:2, Licht: 0","124624","2","4","6","08","18","4","0","0","0","1","1","0"
"POINT (10.031266203000030 53.563055395000049)","Unfall 124625 (2017) Kat:3, Licht: 0","124625","3","3","5","08","15","4","0","0","1","1","0","0"
"POINT (10.043170378000070 53.563662415000067)","Unfall 124626 (2017) Kat:3, Licht: 0","124626","3","4","6","08","19","4","0","0","1","0","1","0"
"POINT (9.906839691000073 53.563691186000028)","Unfall 124627 (2017) Kat:3, Licht: 0","124627","3","4","6","08","10","4","0","0","1","0","1","0"
"POINT (9.954862861000038 53.623472412000069)","Unfall 124628 (2017) Kat:3, Licht: 0","124628","3","6","3","08","09","4","0","0","0","1","0","1"
"POINT (9.926268194000045 53.628968119000035)","Unfall 124629 (2017) Kat:3, Licht: 0","124629","3","5","1","08","11","4","0","0","0","1","0","0"
"POINT (9.950467829000047 53.597440437000046)","Unfall 124630 (2017) Kat:1, Licht: 2","124630","1","4","6","08","21","4","0","2","0","1","1","1"
"POINT (9.953132296000035 53.546455324000078)","Unfall 124631 (2017) Kat:3, Licht: 0","124631","3","2","4","08","09","4","0","0","1","1","0","0"
"POINT (9.965554570000052 53.564247923000039)","Unfall 124632 (2017) Kat:3, Licht: 0","124632","3","6","2","08","18","4","0","0","1","1","0","0"
"POINT (9.961007677000055 53.546373498000037)","Unfall 124633 (2017) Kat:2, Licht: 0","124633","2","4","6","08","17","4","0","0","1","0","1","0"
"POINT (9.981168148000052 53.459229728000082)","Unfall 124634 (2017) Kat:3, Licht: 0","124634","3","4","6","08","16","3","0","0","0","1","1","0"
"POINT (10.108520187000067 53.537482723000039)","Unfall 124635 (2017) Kat:3, Licht: 1","124635","3","1","0","08","19","3","1","1","0","1","0","0"
"POINT (10.122317731000066 53.567030558000056)","Unfall 124636 (2017) Kat:2, Licht: 0","124636","2","6","3","08","17","3","0","0","0","0","0","1"
"POINT (10.125269347000028 53.530651493000050)","Unfall 124637 (2017) Kat:3, Licht: 0","124637","3","3","0","08","12","3","0","0","1","1","0","0"
"POINT (10.078049202000045 53.564708726000049)","Unfall 124638 (2017) Kat:3, Licht: 0","124638","3","3","5","08","10","3","0","0","0","1","0","0"
"POINT (10.064378154000053 53.650015250000081)","Unfall 124639 (2017) Kat:3, Licht: 2","124639","3","7","3","08","04","3","0","2","0","1","0","0"
"POINT (10.014762877000067 53.637595148000059)","Unfall 124640 (2017) Kat:3, Licht: 0","124640","3","3","5","08","13","3","0","0","1","1","0","0"
"POINT (10.013806120000027 53.595974786000056)","Unfall 124641 (2017) Kat:3, Licht: 0","124641","3","3","5","08","18","3","0","0","1","1","0","0"
"POINT (10.042770399000062 53.585530184000049)","Unfall 124642 (2017) Kat:3, Licht: 1","124642","3","5","1","08","19","3","1","1","1","1","0","0"
"POINT (10.015194781000048 53.562819914000045)","Unfall 124643 (2017) Kat:2, Licht: 0","124643","2","3","5","08","13","3","0","0","0","1","0","1"
"POINT (9.907504852000045 53.617773341000031)","Unfall 124644 (2017) Kat:3, Licht: 0","124644","3","3","5","08","11","3","0","0","1","1","0","0"
"POINT (9.901859330000036 53.608928540000079)","Unfall 124645 (2017) Kat:3, Licht: 0","124645","3","5","1","08","18","3","0","0","1","1","0","0"
"POINT (9.864165355000068 53.587048583000069)","Unfall 124646 (2017) Kat:3, Licht: 0","124646","3","7","1","08","07","3","0","0","0","1","0","0"
"POINT (9.915848389000075 53.627748260000033)","Unfall 124647 (2017) Kat:3, Licht: 0","124647","3","4","6","08","14","3","0","0","0","1","1","0"
"POINT (9.925478745000021 53.548757391000038)","Unfall 124648 (2017) Kat:3, Licht: 0","124648","3","2","3","08","17","3","0","0","1","1","0","0"
"POINT (9.936049307000076 53.554182789000038)","Unfall 124649 (2017) Kat:3, Licht: 0","124649","3","7","5","08","14","3","0","0","1","1","0","0"
"POINT (9.990608089000034 53.560442833000081)","Unfall 124650 (2017) Kat:3, Licht: 2","124650","3","7","3","08","23","3","1","2","0","1","0","0"
"POINT (10.004042528000070 53.553958745000045)","Unfall 124651 (2017) Kat:3, Licht: 0","124651","3","2","2","08","13","3","0","0","0","1","0","0"
"POINT (9.978889232000029 53.555131185000050)","Unfall 124652 (2017) Kat:3, Licht: 0","124652","3","6","1","08","17","3","0","0","0","1","0","0"
"POINT (10.011930408000069 53.557906357000036)","Unfall 124653 (2017) Kat:3, Licht: 0","124653","3","4","6","08","12","3","0","0","0","1","1","0"
"POINT (9.863327692000041 53.534044060000042)","Unfall 124654 (2017) Kat:3, Licht: 0","124654","3","3","5","08","16","2","0","0","1","1","0","0"
"POINT (10.150042845000030 53.619130273000053)","Unfall 124655 (2017) Kat:3, Licht: 0","124655","3","2","3","08","15","2","0","0","0","1","0","0"
"POINT (10.100091284000030 53.569673484000077)","Unfall 124656 (2017) Kat:3, Licht: 0","124656","3","6","2","08","18","2","0","0","0","1","0","0"
"POINT (10.082128866000062 53.611188347000052)","Unfall 124657 (2017) Kat:3, Licht: 0","124657","3","3","5","08","12","2","0","0","1","0","0","0"
"POINT (10.091588418000072 53.635039851000045)","Unfall 124658 (2017) Kat:3, Licht: 0","124658","3","6","2","08","16","2","0","0","0","1","0","0"
"POINT (10.113653154000076 53.659134869000070)","Unfall 124659 (2017) Kat:3, Licht: 0","124659","3","6","2","08","17","2","0","0","0","1","0","0"
"POINT (10.028000340000062 53.674670635000041)","Unfall 124660 (2017) Kat:3, Licht: 2","124660","3","7","3","08","21","2","0","2","0","1","0","0"
"POINT (10.000108719000025 53.665502366000055)","Unfall 124661 (2017) Kat:3, Licht: 0","124661","3","6","3","08","13","2","0","0","0","1","0","1"
"POINT (10.029217850000066 53.571564724000041)","Unfall 124662 (2017) Kat:2, Licht: 0","124662","2","6","1","08","07","2","0","0","0","1","0","0"
"POINT (9.909845270000062 53.604328043000066)","Unfall 124663 (2017) Kat:3, Licht: 0","124663","3","3","5","08","08","2","0","0","0","1","0","0"
"POINT (9.846778077000067 53.573206655000035)","Unfall 124664 (2017) Kat:2, Licht: 0","124664","2","4","6","08","16","2","0","0","0","1","1","0"
"POINT (9.898189694000052 53.549623944000075)","Unfall 124665 (2017) Kat:3, Licht: 0","124665","3","3","5","08","07","2","0","0","1","1","0","0"
"POINT (9.984433403000026 53.555674819000046)","Unfall 124666 (2017) Kat:3, Licht: 0","124666","3","2","5","08","16","2","0","0","1","1","0","0"
"POINT (10.002292990000058 53.557098691000078)","Unfall 124667 (2017) Kat:3, Licht: 0","124667","3","6","3","08","12","2","0","0","0","1","0","0"
"POINT (9.774159968000049 53.540670977000048)","Unfall 124668 (2017) Kat:3, Licht: 0","124668","3","5","3","08","12","1","0","0","0","1","0","1"
"POINT (9.895961441000054 53.505186111000057)","Unfall 124669 (2017) Kat:3, Licht: 0","124669","3","1","8","08","15","1","0","0","0","0","0","1"
"POINT (9.970732915000042 53.436003299000049)","Unfall 124670 (2017) Kat:3, Licht: 2","124670","3","5","1","08","00","1","1","2","0","1","0","0"
"POINT (10.167328218000023 53.605736872000080)","Unfall 124671 (2017) Kat:3, Licht: 2","124671","3","7","0","08","01","1","1","2","0","0","0","1"
"POINT (10.119740868000065 53.603231996000034)","Unfall 124672 (2017) Kat:3, Licht: 1","124672","3","3","5","08","20","1","0","1","0","1","0","1"
"POINT (10.080913397000074 53.618908265000073)","Unfall 124673 (2017) Kat:3, Licht: 0","124673","3","7","3","08","11","1","0","0","0","1","0","1"
"POINT (10.007364837000068 53.580890236000073)","Unfall 124674 (2017) Kat:3, Licht: 2","124674","3","6","4","08","03","1","1","2","0","1","0","0"
"POINT (10.013700200000073 53.600177995000081)","Unfall 124675 (2017) Kat:2, Licht: 0","124675","2","6","1","08","13","1","0","0","0","1","0","0"
"POINT (9.951417155000058 53.638116302000071)","Unfall 124676 (2017) Kat:3, Licht: 0","124676","3","7","6","08","11","1","0","0","1","0","1","0"
"POINT (10.010246897000059 53.549806362000027)","Unfall 124677 (2017) Kat:3, Licht: 0","124677","3","7","6","08","19","1","0","0","0","1","1","0"
"POINT (9.975233131000039 53.454013787000065)","Unfall 124678 (2017) Kat:3, Licht: 0","124678","3","2","4","08","18","7","1","0","0","1","0","1"
"POINT (10.001826815000072 53.454824587000076)","Unfall 124679 (2017) Kat:3, Licht: 0","124679","3","3","5","08","13","7","1","0","0","1","0","0"
"POINT (10.135142830000063 53.536920282000040)","Unfall 124680 (2017) Kat:2, Licht: 0","124680","2","6","6","08","10","7","0","0","1","0","1","0"
"POINT (10.054250540000055 53.609594625000057)","Unfall 124681 (2017) Kat:3, Licht: 0","124681","3","3","5","08","11","7","1","0","1","1","0","0"
"POINT (10.037020975000075 53.611302156000079)","Unfall 124682 (2017) Kat:3, Licht: 0","124682","3","6","2","08","13","7","1","0","0","1","0","0"
"POINT (9.996268616000066 53.648410348000027)","Unfall 124683 (2017) Kat:3, Licht: 0","124683","3","6","3","08","18","7","1","0","0","1","0","0"
"POINT (10.001774527000066 53.674333233000027)","Unfall 124684 (2017) Kat:3, Licht: 0","124684","3","4","6","08","14","7","1","0","0","1","1","0"
"POINT (10.012002496000036 53.552558704000035)","Unfall 124685 (2017) Kat:3, Licht: 0","124685","3","7","6","08","13","7","1","0","0","1","1","0"
"POINT (9.965616971000031 53.456593348000069)","Unfall 124686 (2017) Kat:3, Licht: 0","124686","3","3","5","08","14","6","0","0","1","1","0","0"
"POINT (9.987766919000023 53.451857809000046)","Unfall 124687 (2017) Kat:2, Licht: 0","124687","2","3","5","08","14","6","1","0","1","1","0","0"
"POINT (9.981921661000058 53.427598712000076)","Unfall 124688 (2017) Kat:3, Licht: 0","124688","3","6","2","08","15","6","1","0","0","1","0","0"
"POINT (9.982406033000075 53.522535311000070)","Unfall 124689 (2017) Kat:3, Licht: 0","124689","3","1","0","08","16","6","1","0","1","0","0","0"
"POINT (9.992702466000026 53.510230683000032)","Unfall 124690 (2017) Kat:3, Licht: 0","124690","3","2","4","08","16","6","1","0","0","1","0","0"
"POINT (10.208260288000076 53.492266916000062)","Unfall 124691 (2017) Kat:3, Licht: 0","124691","3","4","6","08","15","6","1","0","1","0","1","0"
"POINT (10.204072799000073 53.487386875000027)","Unfall 124692 (2017) Kat:2, Licht: 0","124692","2","6","3","08","11","6","1","0","1","1","0","0"
"POINT (10.217562727000029 53.485476777000031)","Unfall 124693 (2017) Kat:3, Licht: 0","124693","3","7","3","08","07","6","1","0","0","1","0","0"
"POINT (10.118475236000052 53.556937772000026)","Unfall 124694 (2017) Kat:3, Licht: 0","124694","3","2","2","08","15","6","1","0","0","1","0","0"
"POINT (10.109893243000045 53.538423842000043)","Unfall 124695 (2017) Kat:3, Licht: 0","124695","3","6","2","08","18","6","0","0","0","1","0","0"
"POINT (10.034676304000072 53.536586795000062)","Unfall 124696 (2017) Kat:3, Licht: 0","124696","3","6","2","08","18","6","0","0","0","1","0","0"
"POINT (10.060195375000035 53.554670607000048)","Unfall 124697 (2017) Kat:3, Licht: 0","124697","3","6","2","08","13","6","1","0","0","1","0","0"
"POINT (10.102225506000025 53.580161932000067)","Unfall 124698 (2017) Kat:3, Licht: 0","124698","3","2","5","08","15","6","1","0","1","1","0","0"
"POINT (10.112974419000068 53.582634370000051)","Unfall 124699 (2017) Kat:3, Licht: 0","124699","3","3","5","08","16","6","1","0","1","1","0","0"
"POINT (10.126950140000076 53.574917826000046)","Unfall 124700 (2017) Kat:2, Licht: 0","124700","2","6","2","08","12","6","1","0","0","1","0","0"
"POINT (10.082422777000033 53.621161647000065)","Unfall 124701 (2017) Kat:3, Licht: 0","124701","3","7","4","08","09","6","0","0","0","1","0","0"
"POINT (10.079276220000054 53.618303564000030)","Unfall 124702 (2017) Kat:3, Licht: 0","124702","3","7","6","08","11","6","1","0","0","1","1","0"
"POINT (10.038574906000065 53.608433211000033)","Unfall 124703 (2017) Kat:3, Licht: 0","124703","3","2","0","08","10","6","1","0","1","0","0","0"
"POINT (10.129832830000055 53.672433716000057)","Unfall 124704 (2017) Kat:3, Licht: 0","124704","3","6","2","08","13","6","1","0","0","1","0","0"
"POINT (10.186914789000070 53.644516174000046)","Unfall 124705 (2017) Kat:3, Licht: 0","124705","3","3","5","08","13","6","1","0","0","1","0","0"
"POINT (10.025541140000030 53.566904304000047)","Unfall 124706 (2017) Kat:3, Licht: 0","124706","3","3","5","08","17","6","1","0","1","1","0","0"
"POINT (10.044710323000061 53.582236031000036)","Unfall 124707 (2017) Kat:3, Licht: 0","124707","3","7","3","08","16","6","1","0","0","1","0","0"
"POINT (10.057616098000040 53.592589933000056)","Unfall 124708 (2017) Kat:3, Licht: 0","124708","3","6","2","08","15","6","1","0","0","1","0","0"
"POINT (10.044232967000028 53.573422283000070)","Unfall 124709 (2017) Kat:3, Licht: 0","124709","3","3","5","08","17","6","1","0","1","1","0","0"
"POINT (10.057640432000028 53.592605421000030)","Unfall 124710 (2017) Kat:3, Licht: 0","124710","3","6","2","08","15","6","1","0","0","1","0","0"
"POINT (9.909199706000038 53.602264155000057)","Unfall 124711 (2017) Kat:3, Licht: 0","124711","3","3","5","08","06","6","0","0","1","1","0","0"
"POINT (9.846977646000028 53.550020027000073)","Unfall 124712 (2017) Kat:3, Licht: 0","124712","3","6","1","08","17","6","1","0","0","1","0","0"
"POINT (9.977306140000053 53.564346213000078)","Unfall 124713 (2017) Kat:3, Licht: 2","124713","3","2","4","08","23","6","0","2","0","1","0","0"
"POINT (9.983610981000027 53.431621503000031)","Unfall 124714 (2017) Kat:3, Licht: 0","124714","3","3","5","08","13","5","0","0","1","1","0","0"
"POINT (9.993215818000067 53.514752124000040)","Unfall 124715 (2017) Kat:3, Licht: 0","124715","3","4","6","08","19","5","0","0","0","1","1","0"
"POINT (10.071130361000030 53.559184908000077)","Unfall 124716 (2017) Kat:3, Licht: 0","124716","3","6","3","08","18","5","0","0","0","1","0","1"
"POINT (10.049507678000055 53.557830411000054)","Unfall 124717 (2017) Kat:3, Licht: 0","124717","3","5","1","08","15","5","0","0","1","1","0","0"
"POINT (10.054486469000040 53.646445212000060)","Unfall 124718 (2017) Kat:3, Licht: 0","124718","3","6","3","08","06","5","0","0","0","0","0","1"
"POINT (10.014319822000061 53.680011751000052)","Unfall 124719 (2017) Kat:3, Licht: 0","124719","3","6","2","08","17","5","0","0","0","1","0","0"
"POINT (10.008857822000039 53.589423626000041)","Unfall 124720 (2017) Kat:3, Licht: 0","124720","3","4","6","08","16","5","0","0","1","0","1","0"
"POINT (10.044780524000032 53.572856341000033)","Unfall 124721 (2017) Kat:3, Licht: 0","124721","3","6","3","08","17","5","0","0","1","0","0","0"
"POINT (10.053946561000032 53.590090773000043)","Unfall 124722 (2017) Kat:3, Licht: 0","124722","3","3","5","08","18","5","0","0","0","1","0","0"
"POINT (9.935167833000037 53.571683017000055)","Unfall 124723 (2017) Kat:3, Licht: 0","124723","3","5","1","08","11","5","0","0","1","1","0","0"
"POINT (9.894532456000036 53.552747612000076)","Unfall 124724 (2017) Kat:3, Licht: 0","124724","3","3","5","08","18","5","0","0","1","1","0","0"
"POINT (9.961680254000044 53.599568705000081)","Unfall 124725 (2017) Kat:3, Licht: 0","124725","3","6","0","08","18","5","0","0","1","0","0","0"
"POINT (9.945577678000063 53.562769898000056)","Unfall 124726 (2017) Kat:3, Licht: 0","124726","3","6","3","08","17","5","0","0","0","1","0","1"
"POINT (9.958601012000031 53.549525065000068)","Unfall 124727 (2017) Kat:3, Licht: 0","124727","3","6","3","08","17","5","0","0","1","0","0","0"
"POINT (9.854178937000029 53.473604622000039)","Unfall 124728 (2017) Kat:3, Licht: 0","124728","3","7","6","08","09","4","0","0","0","0","1","0"
"POINT (10.098317092000059 53.541465996000056)","Unfall 124729 (2017) Kat:2, Licht: 1","124729","2","2","3","08","20","4","0","1","0","1","0","1"
"POINT (10.084856851000040 53.554747259000067)","Unfall 124730 (2017) Kat:3, Licht: 1","124730","3","6","2","08","20","4","0","1","0","1","0","0"
"POINT (10.126522390000048 53.582493160000070)","Unfall 124731 (2017) Kat:3, Licht: 0","124731","3","2","2","08","17","4","0","0","0","1","0","0"
"POINT (10.027620659000036 53.622718982000038)","Unfall 124732 (2017) Kat:3, Licht: 0","124732","3","5","1","08","17","4","0","0","1","1","0","0"
"POINT (10.028765224000040 53.585891058000072)","Unfall 124733 (2017) Kat:2, Licht: 2","124733","2","5","1","08","21","4","0","2","1","1","0","0"
"POINT (10.039199926000038 53.580320216000075)","Unfall 124734 (2017) Kat:3, Licht: 0","124734","3","6","3","08","18","4","0","0","0","1","0","0"
"POINT (9.974624787000039 53.585934102000067)","Unfall 124735 (2017) Kat:3, Licht: 0","124735","3","5","1","08","19","4","0","0","1","1","0","0"
"POINT (9.979676596000047 53.581407852000041)","Unfall 124736 (2017) Kat:3, Licht: 0","124736","3","5","1","08","18","4","0","0","1","1","0","0"
"POINT (9.992539259000068 53.583851003000063)","Unfall 124737 (2017) Kat:3, Licht: 0","124737","3","5","3","08","12","4","0","0","1","1","0","0"
"POINT (9.998232517000076 53.578067166000039)","Unfall 124738 (2017) Kat:3, Licht: 0","124738","3","6","4","08","08","4","0","0","1","0","0","0"
"POINT (9.961846637000065 53.562028926000039)","Unfall 124739 (2017) Kat:3, Licht: 0","124739","3","2","5","08","16","4","0","0","0","1","0","1"
"POINT (10.006271745000049 53.548198433000039)","Unfall 124740 (2017) Kat:3, Licht: 0","124740","3","2","3","08","11","4","0","0","0","0","0","0"
"POINT (9.965491047000057 53.546397259000059)","Unfall 124741 (2017) Kat:3, Licht: 0","124741","3","3","5","08","18","4","0","0","1","1","0","0"
"POINT (9.979824728000040 53.554834214000039)","Unfall 124742 (2017) Kat:3, Licht: 0","124742","3","4","6","08","08","4","0","0","1","0","1","0"
"POINT (10.013454886000034 53.561213303000045)","Unfall 124743 (2017) Kat:3, Licht: 0","124743","3","6","3","08","09","4","0","0","1","0","0","0"
"POINT (9.877770649000070 53.502191215000039)","Unfall 124744 (2017) Kat:3, Licht: 0","124744","3","6","1","08","07","3","0","0","0","1","0","1"
"POINT (9.966270766000037 53.456668040000068)","Unfall 124745 (2017) Kat:3, Licht: 0","124745","3","5","1","08","16","3","0","0","1","1","0","0"
"POINT (10.092246932000023 53.547467252000047)","Unfall 124746 (2017) Kat:3, Licht: 0","124746","3","2","3","08","12","3","0","0","1","1","0","0"
"POINT (10.014205872000048 53.545975442000042)","Unfall 124747 (2017) Kat:3, Licht: 0","124747","3","6","3","08","07","3","0","0","0","1","0","0"
"POINT (10.140771555000072 53.570572196000057)","Unfall 124748 (2017) Kat:2, Licht: 2","124748","2","6","4","08","20","3","1","2","0","1","0","0"
"POINT (10.104605873000025 53.572931069000049)","Unfall 124749 (2017) Kat:3, Licht: 0","124749","3","3","5","08","07","3","0","0","1","1","0","0"
"POINT (10.080984047000072 53.585278842000037)","Unfall 124750 (2017) Kat:3, Licht: 0","124750","3","6","2","08","13","3","0","0","0","1","0","0"
"POINT (10.060088000000064 53.594380403000059)","Unfall 124751 (2017) Kat:3, Licht: 0","124751","3","6","4","08","17","3","0","0","1","0","0","0"
"POINT (10.052319804000035 53.603753450000056)","Unfall 124752 (2017) Kat:3, Licht: 0","124752","3","5","3","08","10","3","0","0","0","1","0","0"
"POINT (10.159776294000039 53.646348681000063)","Unfall 124753 (2017) Kat:2, Licht: 0","124753","2","6","3","08","09","3","0","0","1","1","0","0"
"POINT (10.024915432000057 53.667582157000027)","Unfall 124754 (2017) Kat:3, Licht: 0","124754","3","6","2","08","14","3","0","0","0","1","0","0"
"POINT (9.996181079000053 53.584888125000077)","Unfall 124755 (2017) Kat:3, Licht: 0","124755","3","7","0","08","14","3","0","0","1","0","0","0"
"POINT (10.016415984000048 53.567657346000033)","Unfall 124756 (2017) Kat:3, Licht: 0","124756","3","2","3","08","17","3","0","0","0","1","0","1"
"POINT (9.928575066000065 53.592270532000043)","Unfall 124757 (2017) Kat:2, Licht: 2","124757","2","2","4","08","00","3","0","2","0","1","0","1"
"POINT (9.915486350000037 53.634970832000079)","Unfall 124758 (2017) Kat:3, Licht: 0","124758","3","3","5","08","15","3","0","0","1","1","0","0"
"POINT (9.984541378000074 53.604576125000051)","Unfall 124759 (2017) Kat:3, Licht: 0","124759","3","2","0","08","17","3","0","0","0","1","0","0"
"POINT (9.936374302000047 53.551563516000044)","Unfall 124760 (2017) Kat:3, Licht: 0","124760","3","2","4","08","10","3","0","0","1","1","0","0"
"POINT (9.969456019000063 53.550110200000063)","Unfall 124761 (2017) Kat:3, Licht: 0","124761","3","6","3","08","08","3","0","0","1","1","0","0"
"POINT (10.018644123000058 53.553753637000057)","Unfall 124762 (2017) Kat:3, Licht: 0","124762","3","4","6","08","20","3","1","0","0","1","1","0"
"POINT (9.879799308000031 53.528215707000072)","Unfall 124763 (2017) Kat:2, Licht: 0","124763","2","4","6","08","19","2","0","0","0","1","1","0"
"POINT (9.987781019000067 53.437398108000082)","Unfall 124764 (2017) Kat:3, Licht: 0","124764","3","7","6","08","11","2","0","0","0","1","1","0"
"POINT (10.092152418000069 53.552443398000037)","Unfall 124765 (2017) Kat:3, Licht: 0","124765","3","2","0","08","10","2","0","0","0","1","0","0"
"POINT (10.121834491000072 53.566207043000077)","Unfall 124766 (2017) Kat:3, Licht: 0","124766","3","6","2","08","19","2","0","0","0","1","0","0"
"POINT (10.041770757000052 53.534623468000063)","Unfall 124767 (2017) Kat:3, Licht: 0","124767","3","5","4","08","13","2","0","0","0","1","0","1"
"POINT (10.164297360000035 53.633463291000055)","Unfall 124768 (2017) Kat:3, Licht: 0","124768","3","3","5","08","13","2","0","0","0","1","0","0"
"POINT (10.059421621000070 53.567408621000027)","Unfall 124769 (2017) Kat:3, Licht: 0","124769","3","2","5","08","18","2","0","0","1","1","0","0"
"POINT (9.849341633000051 53.595242232000032)","Unfall 124770 (2017) Kat:3, Licht: 0","124770","3","3","5","08","19","2","0","0","0","1","0","0"
"POINT (9.955444794000073 53.591760121000050)","Unfall 124771 (2017) Kat:3, Licht: 2","124771","3","6","2","08","22","2","0","2","1","0","0","0"
"POINT (9.946243303000074 53.552539119000073)","Unfall 124772 (2017) Kat:3, Licht: 0","124772","3","7","6","08","16","2","0","0","0","1","1","0"