WKT,Name,OBJECTID,UKATEGORIE,UTYP1,UART,UMONAT,USTUNDE,UWOCHENTAG,STRZUSTAND,ULICHTVERH,ISTRAD,ISTPKW,ISTFUSS,ISTKRAD
"POINT (10.080823373000044 53.458332543000040)","Unfall 124773 (2017) Kat:3, Licht: 0","124773","3","1","8","08","20","1","0","0","0","1","0","0"
"POINT (10.311039192000067 53.447002269000052)","Unfall 124774 (2017) Kat:3, Licht: 0","124774","3","2","2","08","17","1","0","0","0","0","0","1"
"POINT (10.057988120000061 53.553287622000028)","Unfall 124775 (2017) Kat:3, Licht: 0","124775","3","3","5","08","20","1","0","0","0","1","0","0"
"POINT (10.105812842000034 53.653467770000077)","Unfall 124776 (2017) Kat:3, Licht: 0","124776","3","6","3","08","15","1","0","0","0","1","0","1"
"POINT (10.037400545000025 53.591284000000030)","Unfall 124777 (2017) Kat:3, Licht: 1","124777","3","7","0","08","21","1","0","1","1","0","0","0"
"POINT (10.056994531000043 53.567408891000071)","Unfall 124778 (2017) Kat:3, Licht: 0","124778","3","5","1","08","14","1","0","0","1","1","0","0"
"POINT (9.913835299000027 53.601617600000054)","Unfall 124779 (2017) Kat:2, Licht: 0","124779","2","4","6","08","18","1","0","0","0","1","1","0"
"POINT (9.983308506000071 53.586285210000028)","Unfall 124780 (2017) Kat:3, Licht: 0","124780","3","7","4","08","18","1","0","0","0","1","0","1"
"POINT (9.979184852000060 53.569665758000042)","Unfall 124781 (2017) Kat:3, Licht: 0","124781","3","7","0","08","13","1","0","0","0","1","0","0"
"POINT (9.999369022000053 53.573254861000066)","Unfall 124782 (2017) Kat:3, Licht: 0","124782","3","3","5","08","14","1","0","0","1","1","0","0"
"POINT (9.984237541000027 53.556378292000034)","Unfall 124783 (2017) Kat:2, Licht: 2","124783","2","4","6","08","01","1","0","2","0","1","1","0"
"POINT (10.010201403000053 53.556503950000035)","Unfall 124784 (2017) Kat:2, Licht: 0","124784","2","2","6","08","13","1","0","0","0","1","1","0"
"POINT (10.206489726000029 53.484902355000031)","Unfall 124785 (2017) Kat:3, Licht: 0","124785","3","6","2","09","17","3","1","0","0","1","0","0"
"POINT (10.188532186000032 53.504852316000040)","Unfall 124786 (2017) Kat:3, Licht: 0","124786","3","3","5","09","15","3","0","0","0","1","0","0"
"POINT (10.207710111000040 53.491110772000070)","Unfall 124787 (2017) Kat:3, Licht: 0","124787","3","6","4","09","11","3","0","0","1","0","0","0"
"POINT (10.089732591000029 53.553984323000066)","Unfall 124788 (2017) Kat:3, Licht: 0","124788","3","4","6","09","15","3","0","0","0","1","1","0"
"POINT (10.111844373000054 53.622150428000054)","Unfall 124789 (2017) Kat:3, Licht: 0","124789","3","3","5","09","18","3","0","0","1","1","0","0"
"POINT (10.071323827000072 53.571869968000044)","Unfall 124790 (2017) Kat:3, Licht: 0","124790","3","6","2","09","18","3","0","0","0","1","0","0"
"POINT (10.072352739000053 53.615890571000079)","Unfall 124791 (2017) Kat:3, Licht: 0","124791","3","2","3","09","18","3","0","0","1","1","0","0"
"POINT (10.058781694000061 53.594816913000045)","Unfall 124792 (2017) Kat:3, Licht: 0","124792","3","3","5","09","18","3","0","0","1","1","0","0"
"POINT (10.109442502000036 53.627304047000052)","Unfall 124793 (2017) Kat:3, Licht: 0","124793","3","7","5","09","07","3","0","0","1","1","0","0"
"POINT (10.042634655000029 53.589325026000040)","Unfall 124794 (2017) Kat:3, Licht: 0","124794","3","6","1","09","10","3","0","0","0","1","0","0"
"POINT (10.056947091000040 53.575749088000066)","Unfall 124795 (2017) Kat:3, Licht: 0","124795","3","6","3","09","07","3","0","0","1","0","0","0"
"POINT (10.044259701000044 53.568042510000055)","Unfall 124796 (2017) Kat:3, Licht: 0","124796","3","3","5","09","07","3","0","0","1","1","0","0"
"POINT (10.043194777000053 53.590168846000040)","Unfall 124797 (2017) Kat:3, Licht: 0","124797","3","4","6","09","11","3","0","0","0","1","1","0"
"POINT (10.036537972000076 53.574480075000054)","Unfall 124798 (2017) Kat:3, Licht: 0","124798","3","6","2","09","08","3","1","0","0","1","0","0"
"POINT (9.942741243000057 53.593226261000041)","Unfall 124799 (2017) Kat:3, Licht: 0","124799","3","6","1","09","14","3","1","0","0","1","0","0"
"POINT (9.875063829000055 53.587965713000074)","Unfall 124800 (2017) Kat:3, Licht: 2","124800","3","6","2","09","20","3","0","2","0","1","0","0"
"POINT (10.022725985000022 53.447896768000078)","Unfall 124801 (2017) Kat:2, Licht: 0","124801","2","3","5","09","18","3","0","0","0","1","0","1"
"POINT (9.978309418000038 53.460883457000079)","Unfall 124802 (2017) Kat:2, Licht: 0","124802","2","4","6","09","13","3","0","0","0","1","1","0"
"POINT (10.010027129000036 53.584407027000054)","Unfall 124803 (2017) Kat:3, Licht: 0","124803","3","3","5","09","13","4","1","0","1","1","0","0"
"POINT (9.971236004000048 53.579602751000039)","Unfall 124804 (2017) Kat:3, Licht: 0","124804","3","2","3","09","12","3","1","0","1","0","0","0"
"POINT (9.980834403000074 53.578795943000046)","Unfall 124805 (2017) Kat:3, Licht: 0","124805","3","6","3","09","18","3","0","0","1","1","0","0"
"POINT (9.965618257000074 53.564459715000055)","Unfall 124806 (2017) Kat:3, Licht: 2","124806","3","7","1","09","20","3","0","2","1","1","0","0"
"POINT (10.003378379000026 53.550116680000031)","Unfall 124807 (2017) Kat:3, Licht: 2","124807","3","5","1","09","20","3","0","2","1","1","0","0"
"POINT (10.012946725000063 53.552269013000057)","Unfall 124808 (2017) Kat:3, Licht: 2","124808","3","2","4","09","20","3","0","2","1","0","0","0"
"POINT (10.021318505000067 53.494807859000048)","Unfall 124809 (2017) Kat:3, Licht: 0","124809","3","2","0","09","16","2","0","0","1","1","0","0"
"POINT (10.205794727000068 53.495134278000080)","Unfall 124810 (2017) Kat:3, Licht: 0","124810","3","3","5","09","13","2","1","0","1","1","0","0"
"POINT (10.110628618000021 53.538541959000042)","Unfall 124811 (2017) Kat:3, Licht: 1","124811","3","6","2","09","06","2","0","1","0","1","0","0"
"POINT (10.038973216000045 53.541071910000028)","Unfall 124812 (2017) Kat:3, Licht: 0","124812","3","2","5","09","16","2","0","0","1","1","0","0"
"POINT (10.097554560000049 53.610996147000037)","Unfall 124813 (2017) Kat:3, Licht: 0","124813","3","6","6","09","07","2","1","0","1","0","1","0"
"POINT (10.150670409000043 53.584331176000035)","Unfall 124814 (2017) Kat:3, Licht: 0","124814","3","5","3","09","07","2","0","0","1","1","0","0"
"POINT (9.993859094000072 53.599284148000038)","Unfall 124815 (2017) Kat:3, Licht: 0","124815","3","2","3","09","17","2","1","0","1","1","0","0"
"POINT (10.031602938000049 53.596288781000055)","Unfall 124816 (2017) Kat:3, Licht: 0","124816","3","7","0","09","13","2","0","0","0","0","0","1"
"POINT (9.940978930000028 53.572797708000053)","Unfall 124817 (2017) Kat:3, Licht: 2","124817","3","6","2","09","21","2","0","2","0","1","0","1"
"POINT (9.864763818000029 53.558681278000051)","Unfall 124818 (2017) Kat:3, Licht: 0","124818","3","6","1","09","18","2","0","0","0","1","0","0"
"POINT (9.926301066000065 53.571906184000056)","Unfall 124819 (2017) Kat:3, Licht: 0","124819","3","2","1","09","14","2","0","0","0","1","0","0"
"POINT (9.879694939000046 53.601378086000068)","Unfall 124820 (2017) Kat:3, Licht: 0","124820","3","6","2","09","09","2","0","0","0","1","0","0"
"POINT (9.889924490000055 53.601608327000065)","Unfall 124821 (2017) Kat:3, Licht: 0","124821","3","2","3","09","10","2","0","0","1","1","0","0"
"POINT (9.921552807000069 53.629897986000060)","Unfall 124822 (2017) Kat:3, Licht: 0","124822","3","6","4","09","11","2","0","0","1","0","0","0"
"POINT (9.991638094000052 53.589222220000067)","Unfall 124823 (2017) Kat:3, Licht: 0","124823","3","2","3","09","16","2","0","0","1","1","0","0"
"POINT (9.988360650000061 53.585425600000065)","Unfall 124824 (2017) Kat:3, Licht: 0","124824","3","3","5","09","08","2","0","0","0","1","0","0"
"POINT (10.194424058000038 53.643056767000076)","Unfall 124825 (2017) Kat:3, Licht: 0","124825","3","6","2","09","16","4","1","0","0","1","0","0"
"POINT (9.987756737000041 53.555963780000070)","Unfall 124826 (2017) Kat:3, Licht: 0","124826","3","7","0","09","08","2","0","0","0","1","0","0"
"POINT (9.934743846000060 53.476812325000026)","Unfall 124827 (2017) Kat:3, Licht: 0","124827","3","6","2","09","14","4","0","0","0","1","0","0"
"POINT (10.185102241000038 53.607371837000073)","Unfall 124828 (2017) Kat:3, Licht: 0","124828","3","7","0","09","14","1","0","0","0","0","0","1"
"POINT (10.058197660000076 53.576020867000068)","Unfall 124829 (2017) Kat:2, Licht: 0","124829","2","2","4","09","12","1","0","0","1","1","0","0"
"POINT (10.026767221000057 53.569090139000082)","Unfall 124830 (2017) Kat:3, Licht: 0","124830","3","2","3","09","14","1","0","0","0","1","0","0"
"POINT (9.863330080000026 53.557199121000053)","Unfall 124831 (2017) Kat:2, Licht: 2","124831","2","7","0","09","06","1","1","2","1","0","0","0"
"POINT (9.961455617000070 53.612548644000071)","Unfall 124832 (2017) Kat:3, Licht: 0","124832","3","2","4","09","09","1","0","0","0","1","0","1"
"POINT (10.006274024000049 53.548364400000082)","Unfall 124833 (2017) Kat:3, Licht: 0","124833","3","6","3","09","09","1","0","0","0","1","0","0"
"POINT (9.973748304000026 53.548417566000069)","Unfall 124834 (2017) Kat:3, Licht: 0","124834","3","6","2","09","17","1","0","0","0","1","1","1"
"POINT (10.005391367000072 53.552896419000035)","Unfall 124835 (2017) Kat:3, Licht: 0","124835","3","4","6","09","16","1","0","0","1","0","1","0"
"POINT (10.004014086000041 53.553982939000036)","Unfall 124836 (2017) Kat:3, Licht: 0","124836","3","2","2","09","11","1","0","0","0","1","0","0"
"POINT (9.989290922000066 53.558299002000069)","Unfall 124837 (2017) Kat:2, Licht: 2","124837","2","2","5","09","03","1","1","2","0","1","0","0"
"POINT (9.965366813000060 53.435459934000050)","Unfall 124838 (2017) Kat:3, Licht: 0","124838","3","6","2","09","15","7","1","0","0","1","0","0"
"POINT (9.983746715000052 53.452121308000073)","Unfall 124839 (2017) Kat:2, Licht: 0","124839","2","4","1","09","15","7","1","0","0","1","1","0"
"POINT (9.945707332000040 53.470732592000047)","Unfall 124840 (2017) Kat:3, Licht: 0","124840","3","6","2","09","11","7","1","0","0","1","0","0"
"POINT (10.114605728000072 53.583182119000071)","Unfall 124841 (2017) Kat:3, Licht: 2","124841","3","1","9","09","22","7","1","2","0","1","0","0"
"POINT (10.154532988000028 53.603173608000077)","Unfall 124842 (2017) Kat:3, Licht: 0","124842","3","2","2","09","13","7","1","0","0","1","0","0"
"POINT (10.113095866000037 53.598340011000062)","Unfall 124843 (2017) Kat:3, Licht: 0","124843","3","1","9","09","07","7","1","0","0","1","0","0"
"POINT (10.063981562000038 53.653876156000081)","Unfall 124844 (2017) Kat:3, Licht: 0","124844","3","3","5","09","18","7","1","0","1","0","0","0"
"POINT (10.011246054000026 53.579085685000052)","Unfall 124845 (2017) Kat:3, Licht: 0","124845","3","2","6","09","17","7","0","0","0","1","1","0"
"POINT (10.006933475000039 53.599490539000044)","Unfall 124846 (2017) Kat:3, Licht: 0","124846","3","6","3","09","11","7","1","0","0","1","0","1"
"POINT (10.049880949000055 53.578718669000068)","Unfall 124847 (2017) Kat:3, Licht: 0","124847","3","2","3","09","06","7","1","0","0","1","0","0"
"POINT (9.953956128000073 53.620187280000039)","Unfall 124848 (2017) Kat:3, Licht: 0","124848","3","6","2","09","15","7","1","0","0","1","0","0"
"POINT (9.928509126000051 53.629551422000077)","Unfall 124849 (2017) Kat:3, Licht: 0","124849","3","2","4","09","09","7","1","0","1","0","0","0"
"POINT (9.988385588000028 53.592638283000042)","Unfall 124850 (2017) Kat:3, Licht: 2","124850","3","2","3","09","23","7","0","2","1","1","0","0"
"POINT (9.945938140000067 53.569640549000042)","Unfall 124851 (2017) Kat:3, Licht: 2","124851","3","3","5","09","01","7","1","2","0","1","0","0"
"POINT (9.981853595000075 53.567900053000074)","Unfall 124852 (2017) Kat:3, Licht: 2","124852","3","4","6","09","20","7","0","2","1","0","1","0"
"POINT (9.961178893000067 53.549525945000028)","Unfall 124853 (2017) Kat:3, Licht: 2","124853","3","3","6","09","03","7","1","2","0","0","1","0"
"POINT (9.888467086000048 53.471693789000028)","Unfall 124854 (2017) Kat:3, Licht: 0","124854","3","6","2","09","17","6","1","0","0","1","0","0"
"POINT (9.912208188000022 53.513520950000043)","Unfall 124855 (2017) Kat:3, Licht: 0","124855","3","6","3","09","14","6","1","0","0","1","0","0"
"POINT (9.965942010000049 53.467164483000033)","Unfall 124856 (2017) Kat:3, Licht: 2","124856","3","6","2","09","19","6","1","2","0","1","0","0"
"POINT (10.043639624000036 53.521565504000080)","Unfall 124857 (2017) Kat:3, Licht: 0","124857","3","3","5","09","13","6","1","0","0","1","0","0"
"POINT (10.201840260000040 53.485290177000081)","Unfall 124858 (2017) Kat:3, Licht: 0","124858","3","6","2","09","16","6","1","0","0","1","0","0"
"POINT (10.104835414000036 53.558756422000044)","Unfall 124859 (2017) Kat:3, Licht: 0","124859","3","7","0","09","13","6","1","0","0","1","0","0"
"POINT (9.958094313000061 53.599155122000070)","Unfall 124860 (2017) Kat:3, Licht: 0","124860","3","6","2","09","13","4","1","0","0","1","0","0"
"POINT (9.909845557000040 53.568043323000040)","Unfall 124861 (2017) Kat:3, Licht: 0","124861","3","6","4","09","14","4","1","0","1","1","0","0"
"POINT (10.011967763000030 53.574640550000026)","Unfall 124862 (2017) Kat:3, Licht: 0","124862","3","7","3","09","11","4","1","0","0","1","0","0"
"POINT (10.036904681000067 53.587445064000065)","Unfall 124863 (2017) Kat:3, Licht: 0","124863","3","2","3","09","13","4","1","0","0","1","0","0"
"POINT (10.151662058000056 53.643064311000046)","Unfall 124864 (2017) Kat:2, Licht: 0","124864","2","3","5","09","12","4","0","0","0","1","0","0"
"POINT (10.097752820000039 53.650394731000063)","Unfall 124865 (2017) Kat:3, Licht: 0","124865","3","2","4","09","15","4","1","0","0","1","0","0"
"POINT (10.006683772000031 53.635923847000072)","Unfall 124866 (2017) Kat:3, Licht: 0","124866","3","3","5","09","06","4","1","0","1","1","0","0"
"POINT (10.081845580000049 53.660716839000031)","Unfall 124867 (2017) Kat:3, Licht: 0","124867","3","7","9","09","13","4","1","0","0","1","0","0"
"POINT (10.040679910000051 53.555562247000069)","Unfall 124868 (2017) Kat:3, Licht: 0","124868","3","2","4","09","09","6","1","0","0","1","0","0"
"POINT (10.050741380000034 53.532642619000057)","Unfall 124869 (2017) Kat:2, Licht: 0","124869","2","5","1","09","17","6","1","0","0","1","0","0"
"POINT (10.128212794000035 53.601060045000054)","Unfall 124870 (2017) Kat:3, Licht: 0","124870","3","1","8","09","08","6","1","0","0","1","0","0"
"POINT (10.074762167000074 53.574728786000037)","Unfall 124871 (2017) Kat:3, Licht: 1","124871","3","2","6","09","17","6","1","1","0","1","1","0"
"POINT (10.099099013000057 53.588452955000037)","Unfall 124872 (2017) Kat:3, Licht: 2","124872","3","2","4","09","20","6","1","2","0","1","0","0"
"POINT (10.040568484000062 53.608154228000046)","Unfall 124873 (2017) Kat:3, Licht: 0","124873","3","4","0","09","16","6","1","0","0","1","1","0"
"POINT (9.992484849000050 53.665696147000062)","Unfall 124874 (2017) Kat:3, Licht: 0","124874","3","6","2","09","08","6","1","0","0","1","0","0"
"POINT (10.005795780000028 53.607421320000071)","Unfall 124875 (2017) Kat:3, Licht: 0","124875","3","1","0","09","10","6","1","0","0","0","0","1"
"POINT (10.048722420000047 53.578695817000039)","Unfall 124876 (2017) Kat:2, Licht: 0","124876","2","2","5","09","07","6","1","0","0","1","1","0"
"POINT (10.045793651000054 53.563375185000041)","Unfall 124877 (2017) Kat:3, Licht: 0","124877","3","1","8","09","13","6","1","0","0","1","0","0"
"POINT (9.898376685000073 53.554767165000044)","Unfall 124878 (2017) Kat:3, Licht: 0","124878","3","3","5","09","08","6","1","0","1","1","0","0"
"POINT (9.971241956000029 53.582545765000077)","Unfall 124879 (2017) Kat:3, Licht: 0","124879","3","6","2","09","11","6","1","0","0","1","0","0"
"POINT (9.988265299000034 53.562238429000047)","Unfall 124880 (2017) Kat:3, Licht: 0","124880","3","6","3","09","11","6","1","0","0","1","0","0"
"POINT (9.976384934000066 53.564589080000076)","Unfall 124881 (2017) Kat:3, Licht: 0","124881","3","6","2","09","17","6","1","0","0","1","0","0"
"POINT (10.000539993000075 53.555734460000053)","Unfall 124882 (2017) Kat:2, Licht: 0","124882","2","2","5","09","08","6","1","0","0","1","0","0"
"POINT (9.937416116000065 53.476935699000080)","Unfall 124883 (2017) Kat:2, Licht: 0","124883","2","2","4","09","11","6","1","0","0","1","0","0"
"POINT (9.937525372000039 53.476494471000080)","Unfall 124884 (2017) Kat:3, Licht: 2","124884","3","3","5","09","05","6","1","2","1","1","0","0"
"POINT (9.981241142000044 53.527588670000057)","Unfall 124885 (2017) Kat:3, Licht: 2","124885","3","3","5","09","22","6","1","2","0","1","0","0"
"POINT (9.967149692000021 53.438415251000038)","Unfall 124886 (2017) Kat:3, Licht: 0","124886","3","6","2","09","08","5","1","0","0","1","0","0"
"POINT (9.990366195000036 53.452536986000041)","Unfall 124887 (2017) Kat:3, Licht: 0","124887","3","2","4","09","16","5","0","0","0","1","0","1"
"POINT (10.100311150000039 53.496635514000047)","Unfall 124888 (2017) Kat:3, Licht: 0","124888","3","7","0","09","06","5","1","0","0","0","0","1"
"POINT (10.029392078000058 53.545005821000075)","Unfall 124889 (2017) Kat:3, Licht: 0","124889","3","3","5","09","16","5","1","0","1","1","0","0"
"POINT (10.146810215000073 53.630480615000067)","Unfall 124890 (2017) Kat:3, Licht: 0","124890","3","5","6","09","15","5","0","0","0","1","1","0"
"POINT (10.081483835000029 53.601554964000059)","Unfall 124891 (2017) Kat:3, Licht: 0","124891","3","3","5","09","16","5","0","0","0","1","0","0"
"POINT (10.034384353000064 53.606049186000064)","Unfall 124892 (2017) Kat:3, Licht: 0","124892","3","7","2","09","08","5","1","0","0","1","0","0"
"POINT (10.140219404000050 53.692163857000082)","Unfall 124893 (2017) Kat:3, Licht: 0","124893","3","5","0","09","10","5","1","0","1","1","0","0"
"POINT (10.013928795000027 53.593936335000080)","Unfall 124894 (2017) Kat:3, Licht: 0","124894","3","3","5","09","11","5","1","0","1","1","0","0"
"POINT (10.056046755000068 53.591564976000029)","Unfall 124895 (2017) Kat:3, Licht: 0","124895","3","2","4","09","12","5","0","0","1","1","0","0"
"POINT (10.035646046000068 53.575231219000045)","Unfall 124896 (2017) Kat:3, Licht: 0","124896","3","6","2","09","15","5","0","0","0","1","0","0"
"POINT (9.890736173000050 53.612344245000031)","Unfall 124897 (2017) Kat:3, Licht: 0","124897","3","7","6","09","11","5","1","0","0","1","1","0"
"POINT (9.810332584000037 53.563333974000045)","Unfall 124898 (2017) Kat:3, Licht: 0","124898","3","4","6","09","07","5","0","0","0","1","1","0"
"POINT (9.902889138000035 53.595792868000046)","Unfall 124899 (2017) Kat:3, Licht: 0","124899","3","3","5","09","15","5","1","0","0","1","0","1"
"POINT (9.960355834000040 53.625296401000071)","Unfall 124900 (2017) Kat:3, Licht: 0","124900","3","5","1","09","10","5","1","0","1","1","0","0"
"POINT (9.980017557000053 53.582633533000035)","Unfall 124901 (2017) Kat:3, Licht: 0","124901","3","5","1","09","13","5","1","0","0","0","0","1"
"POINT (9.947685758000034 53.560873064000077)","Unfall 124902 (2017) Kat:1, Licht: 2","124902","1","4","6","09","02","5","1","2","0","1","1","0"
"POINT (9.979768705000026 53.580424925000045)","Unfall 124903 (2017) Kat:2, Licht: 0","124903","2","3","5","09","13","5","1","0","1","1","0","0"
"POINT (9.967996662000076 53.547282427000027)","Unfall 124904 (2017) Kat:3, Licht: 0","124904","3","3","5","09","19","5","1","0","0","1","0","1"
"POINT (10.006281021000063 53.550957231000041)","Unfall 124905 (2017) Kat:3, Licht: 0","124905","3","7","0","09","15","5","0","0","0","1","0","0"
"POINT (10.000828726000066 53.555537640000068)","Unfall 124906 (2017) Kat:3, Licht: 2","124906","3","2","5","09","23","5","1","2","0","1","0","0"
"POINT (9.978740737000067 53.555010524000068)","Unfall 124907 (2017) Kat:3, Licht: 0","124907","3","7","2","09","17","5","1","0","0","1","0","0"
"POINT (9.848903639000071 53.469691276000049)","Unfall 124908 (2017) Kat:3, Licht: 0","124908","3","6","2","09","17","4","0","0","0","1","0","0"
"POINT (9.924185879000049 53.476163413000052)","Unfall 124909 (2017) Kat:3, Licht: 0","124909","3","7","0","09","13","4","1","0","0","0","0","1"
"POINT (9.982594436000056 53.510612967000043)","Unfall 124910 (2017) Kat:3, Licht: 0","124910","3","3","5","09","17","4","1","0","1","1","0","0"
"POINT (10.220349304000024 53.504908058000069)","Unfall 124911 (2017) Kat:3, Licht: 0","124911","3","3","5","09","08","4","0","0","0","1","0","0"
"POINT (10.124869706000027 53.586121570000046)","Unfall 124912 (2017) Kat:3, Licht: 2","124912","3","2","4","09","20","4","1","2","0","1","0","0"
"POINT (10.135549989000026 53.617049686000030)","Unfall 124913 (2017) Kat:3, Licht: 0","124913","3","3","5","09","17","4","1","0","0","1","0","0"
"POINT (10.152728991000060 53.614163920000067)","Unfall 124914 (2017) Kat:3, Licht: 1","124914","3","4","6","09","07","4","1","1","0","1","1","0"
"POINT (10.060693224000033 53.594865616000050)","Unfall 124915 (2017) Kat:3, Licht: 0","124915","3","5","3","09","13","4","1","0","0","1","0","0"
"POINT (10.007216760000063 53.620371651000028)","Unfall 124916 (2017) Kat:2, Licht: 0","124916","2","3","5","09","17","4","1","0","0","1","0","0"
"POINT (10.012065432000043 53.600802550000026)","Unfall 124917 (2017) Kat:3, Licht: 0","124917","3","6","2","09","15","4","1","0","0","1","0","0"
"POINT (9.993671524000035 53.602076796000063)","Unfall 124918 (2017) Kat:3, Licht: 0","124918","3","6","2","09","06","4","1","0","0","1","0","0"
"POINT (10.033458250000024 53.588020055000072)","Unfall 124919 (2017) Kat:3, Licht: 0","124919","3","3","5","09","13","4","1","0","1","1","0","0"
"POINT (10.026118138000072 53.568095581000080)","Unfall 124920 (2017) Kat:3, Licht: 0","124920","3","3","2","09","15","4","1","0","0","1","0","0"
"POINT (10.049410763000026 53.580654292000077)","Unfall 124921 (2017) Kat:3, Licht: 0","124921","3","3","5","09","16","4","0","0","0","1","0","0"
"POINT (9.979994612000041 53.582384682000054)","Unfall 124922 (2017) Kat:3, Licht: 0","124922","3","3","5","09","13","4","1","0","1","1","0","0"
"POINT (9.952046611000071 53.554676151000081)","Unfall 124923 (2017) Kat:3, Licht: 1","124923","3","2","4","09","06","4","1","1","1","1","0","0"
"POINT (9.978872111000044 53.564219416000071)","Unfall 124924 (2017) Kat:3, Licht: 0","124924","3","6","4","09","19","4","0","0","1","0","0","0"
"POINT (9.979597549000062 53.578786357000070)","Unfall 124925 (2017) Kat:3, Licht: 0","124925","3","3","5","09","08","4","1","0","1","1","0","0"
"POINT (9.989380731000040 53.564110307000078)","Unfall 124926 (2017) Kat:3, Licht: 0","124926","3","6","3","09","08","4","1","0","0","0","0","1"
"POINT (9.958756486000027 53.553031581000027)","Unfall 124927 (2017) Kat:3, Licht: 0","124927","3","5","0","09","16","4","1","0","1","1","0","0"
"POINT (9.953965124000035 53.496083747000057)","Unfall 124928 (2017) Kat:2, Licht: 0","124928","2","1","8","09","07","4","1","0","0","1","0","0"
"POINT (9.861162783000054 53.512164360000043)","Unfall 124929 (2017) Kat:2, Licht: 0","124929","2","6","4","09","16","3","0","0","0","1","0","0"
"POINT (9.982534025000064 53.452381999000067)","Unfall 124930 (2017) Kat:3, Licht: 0","124930","3","7","1","09","14","3","0","0","1","1","0","0"
"POINT (10.109784429000058 53.536504198000046)","Unfall 124931 (2017) Kat:2, Licht: 0","124931","2","7","0","09","14","3","0","0","0","1","0","0"
"POINT (10.126120638000032 53.575124729000038)","Unfall 124932 (2017) Kat:3, Licht: 0","124932","3","5","0","09","13","3","0","0","1","1","0","0"
"POINT (10.178258421000066 53.610449984000070)","Unfall 124933 (2017) Kat:2, Licht: 0","124933","2","3","5","09","07","3","0","0","1","0","0","0"
"POINT (10.059058301000050 53.574297675000082)","Unfall 124934 (2017) Kat:3, Licht: 0","124934","3","2","5","09","16","3","0","0","0","1","0","0"
"POINT (10.072635981000076 53.608732302000078)","Unfall 124935 (2017) Kat:3, Licht: 0","124935","3","6","2","09","14","3","0","0","0","1","0","0"
"POINT (10.047226770000066 53.608238632000052)","Unfall 124936 (2017) Kat:3, Licht: 0","124936","3","6","2","09","12","3","0","0","0","1","0","0"
"POINT (10.026789142000041 53.570138528000030)","Unfall 124937 (2017) Kat:3, Licht: 0","124937","3","2","5","09","16","3","0","0","1","1","0","0"
"POINT (10.014489818000072 53.575920940000060)","Unfall 124938 (2017) Kat:3, Licht: 0","124938","3","2","6","09","11","3","0","0","0","0","1","0"
"POINT (10.054030917000034 53.590184314000055)","Unfall 124939 (2017) Kat:3, Licht: 0","124939","3","6","2","09","15","3","0","0","0","1","0","0"
"POINT (10.040091023000059 53.579990037000073)","Unfall 124940 (2017) Kat:3, Licht: 0","124940","3","6","3","09","10","3","0","0","1","0","0","0"
"POINT (9.930440944000054 53.592339911000067)","Unfall 124941 (2017) Kat:3, Licht: 0","124941","3","6","2","09","07","3","0","0","0","1","0","0"
"POINT (9.755574088000060 53.577162102000045)","Unfall 124942 (2017) Kat:3, Licht: 2","124942","3","5","1","09","21","3","0","2","0","1","0","0"
"POINT (9.806075154000041 53.557760818000077)","Unfall 124943 (2017) Kat:2, Licht: 0","124943","2","1","9","09","17","3","0","0","1","1","0","0"
"POINT (9.830094240000051 53.557670974000075)","Unfall 124944 (2017) Kat:3, Licht: 0","124944","3","7","0","09","08","3","0","0","0","0","0","1"
"POINT (9.885318604000076 53.596891075000030)","Unfall 124945 (2017) Kat:3, Licht: 0","124945","3","6","2","09","14","3","0","0","0","1","0","0"
"POINT (9.970810299000050 53.582963932000041)","Unfall 124946 (2017) Kat:3, Licht: 0","124946","3","7","3","09","11","3","0","0","0","1","0","0"
"POINT (9.936444299000073 53.551250898000035)","Unfall 124947 (2017) Kat:3, Licht: 0","124947","3","6","2","09","13","3","0","0","0","0","0","0"
"POINT (9.983268151000061 53.548300927000071)","Unfall 124948 (2017) Kat:3, Licht: 0","124948","3","2","3","09","09","3","0","0","1","0","0","0"
"POINT (9.995782325000050 53.550623404000078)","Unfall 124949 (2017) Kat:3, Licht: 0","124949","3","3","5","09","13","3","0","0","1","1","0","0"
"POINT (10.023618150000061 53.553276785000037)","Unfall 124950 (2017) Kat:3, Licht: 0","124950","3","3","5","09","09","3","0","0","1","1","0","0"
"POINT (10.008742898000037 53.552133083000058)","Unfall 124951 (2017) Kat:3, Licht: 0","124951","3","7","5","09","12","3","0","0","0","1","0","0"
"POINT (9.787447687000054 53.531279194000035)","Unfall 124952 (2017) Kat:3, Licht: 0","124952","3","6","3","09","17","2","0","0","0","1","0","0"
"POINT (9.843067153000050 53.536565506000045)","Unfall 124953 (2017) Kat:3, Licht: 0","124953","3","6","4","09","14","2","0","0","0","1","0","0"
"POINT (10.229524621000053 53.445143282000060)","Unfall 124954 (2017) Kat:3, Licht: 0","124954","3","3","5","09","14","2","0","0","1","1","0","0"
"POINT (10.110384575000069 53.539674250000076)","Unfall 124955 (2017) Kat:3, Licht: 0","124955","3","3","5","09","11","2","0","0","0","1","0","0"
"POINT (10.144002867000040 53.600418534000028)","Unfall 124956 (2017) Kat:3, Licht: 0","124956","3","3","3","09","10","2","1","0","1","0","0","0"
"POINT (10.137447686000030 53.592751440000029)","Unfall 124957 (2017) Kat:3, Licht: 0","124957","3","7","0","09","11","2","0","0","0","0","0","0"