WKT,Name,OBJECTID,UKATEGORIE,UTYP1,UART,UMONAT,USTUNDE,UWOCHENTAG,STRZUSTAND,ULICHTVERH,ISTRAD,ISTPKW,ISTFUSS,ISTKRAD
"POINT (10.152212627000040 53.616045882000037)","Unfall 124958 (2017) Kat:3, Licht: 0","124958","3","6","3","09","17","2","0","0","0","1","0","0"
"POINT (10.137393449000058 53.607997274000070)","Unfall 124959 (2017) Kat:2, Licht: 0","124959","2","6","2","09","12","2","0","0","0","1","0","0"
"POINT (10.082877503000077 53.617008289000069)","Unfall 124960 (2017) Kat:3, Licht: 0","124960","3","6","0","09","10","2","0","0","1","1","0","0"
"POINT (10.082664746000034 53.621447889000081)","Unfall 124961 (2017) Kat:3, Licht: 0","124961","3","6","2","09","13","2","0","0","0","1","0","0"
"POINT (10.102268463000030 53.646885042000065)","Unfall 124962 (2017) Kat:3, Licht: 0","124962","3","6","4","09","14","2","0","0","1","0","0","0"
"POINT (10.033168051000075 53.587734296000065)","Unfall 124963 (2017) Kat:3, Licht: 0","124963","3","3","6","09","08","2","0","0","1","0","1","0"
"POINT (9.944438689000037 53.622370279000052)","Unfall 124964 (2017) Kat:3, Licht: 0","124964","3","7","2","09","15","2","0","0","1","1","0","0"
"POINT (9.968108429000040 53.580273888000079)","Unfall 124965 (2017) Kat:3, Licht: 0","124965","3","7","6","09","18","2","0","0","0","1","1","0"
"POINT (9.966650027000071 53.599330934000079)","Unfall 124966 (2017) Kat:3, Licht: 0","124966","3","3","5","09","08","2","0","0","1","1","0","0"
"POINT (9.965652203000047 53.576038229000062)","Unfall 124967 (2017) Kat:3, Licht: 0","124967","3","6","2","09","07","2","0","0","1","1","0","0"
"POINT (9.990583640000068 53.560769537000056)","Unfall 124968 (2017) Kat:3, Licht: 0","124968","3","7","6","09","10","2","0","0","0","1","1","0"
"POINT (9.988642034000066 53.572637229000065)","Unfall 124969 (2017) Kat:3, Licht: 0","124969","3","3","5","09","09","2","0","0","0","1","0","0"
"POINT (9.967338989000041 53.557357974000070)","Unfall 124970 (2017) Kat:2, Licht: 0","124970","2","2","6","09","10","2","0","0","0","1","1","0"
"POINT (9.973518281000054 53.524909888000082)","Unfall 124971 (2017) Kat:2, Licht: 2","124971","2","1","9","09","21","2","0","2","0","0","0","1"
"POINT (10.011606191000055 53.483828994000078)","Unfall 124972 (2017) Kat:3, Licht: 0","124972","3","6","2","09","16","1","0","0","0","1","0","0"
"POINT (10.300014349000037 53.434323499000072)","Unfall 124973 (2017) Kat:2, Licht: 0","124973","2","1","8","09","15","1","0","0","0","0","0","1"
"POINT (10.134309766000058 53.550795967000056)","Unfall 124974 (2017) Kat:3, Licht: 0","124974","3","7","0","09","13","1","0","0","1","1","0","0"
"POINT (10.124313850000021 53.588129552000055)","Unfall 124975 (2017) Kat:3, Licht: 0","124975","3","2","2","09","14","1","0","0","0","1","0","1"
"POINT (10.067514502000051 53.608583084000031)","Unfall 124976 (2017) Kat:3, Licht: 0","124976","3","2","4","09","12","1","0","0","0","1","0","0"
"POINT (10.083267006000028 53.617498081000065)","Unfall 124977 (2017) Kat:3, Licht: 0","124977","3","4","0","09","16","1","0","0","1","0","1","0"
"POINT (10.052938416000075 53.573741780000034)","Unfall 124978 (2017) Kat:2, Licht: 2","124978","2","2","5","09","01","1","0","2","1","1","0","0"
"POINT (9.927285405000021 53.582932659000051)","Unfall 124979 (2017) Kat:3, Licht: 0","124979","3","6","8","09","11","1","0","0","1","0","0","0"
"POINT (9.956791898000063 53.562172162000081)","Unfall 124980 (2017) Kat:3, Licht: 2","124980","3","3","0","09","03","1","0","2","1","1","0","0"
"POINT (9.926342685000066 53.519899053000074)","Unfall 124981 (2017) Kat:2, Licht: 0","124981","2","7","0","09","12","1","0","0","0","1","0","0"
"POINT (10.083080088000031 53.484458071000063)","Unfall 124982 (2017) Kat:3, Licht: 0","124982","3","6","0","09","10","7","0","0","1","1","0","0"
"POINT (10.231254391000050 53.444567971000026)","Unfall 124983 (2017) Kat:2, Licht: 2","124983","2","1","0","09","00","7","0","2","0","1","0","0"
"POINT (10.040536226000029 53.560152732000063)","Unfall 124984 (2017) Kat:3, Licht: 0","124984","3","3","5","09","17","7","0","0","1","1","0","0"
"POINT (10.142595901000050 53.570403253000052)","Unfall 124985 (2017) Kat:3, Licht: 0","124985","3","6","2","09","09","7","0","0","0","1","0","0"
"POINT (10.154116903000045 53.612251990000061)","Unfall 124986 (2017) Kat:2, Licht: 0","124986","2","7","0","09","14","7","0","0","0","0","0","1"
"POINT (10.037003558000038 53.611358370000062)","Unfall 124987 (2017) Kat:3, Licht: 0","124987","3","6","2","09","13","7","0","0","0","1","0","0"
"POINT (10.032304551000038 53.623950281000077)","Unfall 124988 (2017) Kat:3, Licht: 0","124988","3","6","2","09","12","7","0","0","0","1","0","0"
"POINT (10.029818402000046 53.571940500000039)","Unfall 124989 (2017) Kat:3, Licht: 0","124989","3","7","0","09","12","7","1","0","0","0","0","1"
"POINT (10.030555837000065 53.572380440000074)","Unfall 124990 (2017) Kat:3, Licht: 0","124990","3","6","3","09","11","7","0","0","0","0","0","1"
"POINT (10.032463053000072 53.573468087000037)","Unfall 124991 (2017) Kat:3, Licht: 0","124991","3","7","0","09","15","7","0","0","0","0","0","1"
"POINT (10.016364074000023 53.575738821000073)","Unfall 124992 (2017) Kat:3, Licht: 0","124992","3","7","0","09","11","7","0","0","1","1","0","0"
"POINT (10.044921616000067 53.567213397000046)","Unfall 124993 (2017) Kat:3, Licht: 2","124993","3","3","5","09","01","7","0","2","0","1","0","0"
"POINT (9.943523537000033 53.575858736000043)","Unfall 124994 (2017) Kat:3, Licht: 0","124994","3","6","6","09","17","7","0","0","1","0","1","0"
"POINT (9.980735570000036 53.567324056000075)","Unfall 124995 (2017) Kat:3, Licht: 0","124995","3","7","0","09","09","7","0","0","1","0","0","0"
"POINT (10.003264159000025 53.554133915000079)","Unfall 124996 (2017) Kat:3, Licht: 0","124996","3","2","2","09","19","7","0","0","0","1","0","0"
"POINT (9.992439266000076 53.557881023000050)","Unfall 124997 (2017) Kat:3, Licht: 0","124997","3","6","3","09","17","7","0","0","0","1","0","0"
"POINT (10.017950966000058 53.556126073000030)","Unfall 124998 (2017) Kat:2, Licht: 0","124998","2","6","2","09","17","7","0","0","0","1","1","0"
"POINT (9.989140215000077 53.456688290000045)","Unfall 124999 (2017) Kat:3, Licht: 0","124999","3","2","5","09","10","6","0","0","0","0","0","0"
"POINT (10.004528096000058 53.481168524000054)","Unfall 125000 (2017) Kat:2, Licht: 0","125000","2","6","4","09","14","6","0","0","0","1","0","1"
"POINT (10.202461549000077 53.490986118000080)","Unfall 125001 (2017) Kat:3, Licht: 0","125001","3","2","3","09","15","6","0","0","0","1","0","0"
"POINT (10.144759841000052 53.529804320000039)","Unfall 125002 (2017) Kat:3, Licht: 0","125002","3","6","2","09","13","6","0","0","0","1","0","0"
"POINT (10.080780475000040 53.537985128000059)","Unfall 125003 (2017) Kat:3, Licht: 0","125003","3","6","2","09","06","6","0","0","0","1","0","0"
"POINT (10.122104376000038 53.578960858000073)","Unfall 125004 (2017) Kat:3, Licht: 0","125004","3","3","5","09","06","6","0","0","0","1","0","0"
"POINT (10.137694860000067 53.593077477000065)","Unfall 125005 (2017) Kat:3, Licht: 0","125005","3","3","5","09","12","6","0","0","1","1","0","0"
"POINT (10.136811637000051 53.607687402000067)","Unfall 125006 (2017) Kat:3, Licht: 0","125006","3","3","5","09","10","6","0","0","0","1","0","0"
"POINT (10.064268055000070 53.581627239000056)","Unfall 125007 (2017) Kat:3, Licht: 0","125007","3","7","0","09","09","6","0","0","0","1","0","0"
"POINT (10.069298930000059 53.560435696000070)","Unfall 125008 (2017) Kat:3, Licht: 0","125008","3","6","2","09","18","6","0","0","0","1","0","0"
"POINT (10.072320732000037 53.608441689000074)","Unfall 125009 (2017) Kat:2, Licht: 2","125009","2","3","5","09","20","6","0","2","1","1","0","0"
"POINT (10.079885620000027 53.618689159000041)","Unfall 125010 (2017) Kat:3, Licht: 0","125010","3","7","0","09","14","6","0","0","0","1","0","0"
"POINT (10.084308052000040 53.623407684000028)","Unfall 125011 (2017) Kat:3, Licht: 0","125011","3","7","6","09","14","6","0","0","1","0","1","0"
"POINT (10.006655191000050 53.634775723000075)","Unfall 125012 (2017) Kat:3, Licht: 0","125012","3","6","1","09","08","6","0","0","0","1","0","0"
"POINT (10.019367926000029 53.654925078000076)","Unfall 125013 (2017) Kat:3, Licht: 0","125013","3","2","2","09","07","6","0","0","0","1","0","0"
"POINT (10.030600510000056 53.572406628000067)","Unfall 125014 (2017) Kat:3, Licht: 0","125014","3","6","2","09","17","6","0","0","0","1","0","0"
"POINT (10.059544704000075 53.568614114000070)","Unfall 125015 (2017) Kat:2, Licht: 0","125015","2","3","4","09","15","6","0","0","1","1","0","0"
"POINT (10.055490231000022 53.591198436000070)","Unfall 125016 (2017) Kat:3, Licht: 0","125016","3","6","1","09","14","6","0","0","0","1","0","0"
"POINT (10.038008745000070 53.573114143000055)","Unfall 125017 (2017) Kat:3, Licht: 0","125017","3","7","1","09","16","6","0","0","1","1","0","0"
"POINT (9.866409703000045 53.568262985000047)","Unfall 125018 (2017) Kat:2, Licht: 0","125018","2","4","6","09","11","6","0","0","0","1","1","0"
"POINT (9.838183141000059 53.557112085000028)","Unfall 125019 (2017) Kat:3, Licht: 0","125019","3","3","5","09","12","6","0","0","0","1","0","0"
"POINT (9.825249243000030 53.564412785000059)","Unfall 125020 (2017) Kat:3, Licht: 0","125020","3","6","2","09","12","6","0","0","1","1","0","0"
"POINT (9.918357140000069 53.578626182000050)","Unfall 125021 (2017) Kat:3, Licht: 0","125021","3","6","2","09","12","6","0","0","0","1","0","0"
"POINT (9.951112044000070 53.631546818000061)","Unfall 125022 (2017) Kat:3, Licht: 0","125022","3","2","4","09","12","6","0","0","1","1","0","0"
"POINT (9.978645170000050 53.590109218000066)","Unfall 125023 (2017) Kat:2, Licht: 0","125023","2","3","0","09","14","6","0","0","1","1","0","0"
"POINT (9.947692890000042 53.560960754000064)","Unfall 125024 (2017) Kat:3, Licht: 0","125024","3","3","0","09","15","6","0","0","1","0","0","0"
"POINT (9.976781400000050 53.578100588000041)","Unfall 125025 (2017) Kat:3, Licht: 0","125025","3","3","5","09","10","6","0","0","0","1","1","0"
"POINT (9.989906404000067 53.559896257000048)","Unfall 125026 (2017) Kat:2, Licht: 0","125026","2","2","3","09","16","6","0","0","1","0","0","0"
"POINT (9.960141666000027 53.546284245000038)","Unfall 125027 (2017) Kat:3, Licht: 0","125027","3","7","6","09","12","6","0","0","0","1","1","0"
"POINT (9.991843738000057 53.553714453000055)","Unfall 125028 (2017) Kat:2, Licht: 0","125028","2","6","3","09","09","6","0","0","1","0","0","0"
"POINT (10.013209781000057 53.553209470000070)","Unfall 125029 (2017) Kat:3, Licht: 2","125029","3","6","1","09","22","6","0","2","0","1","0","0"
"POINT (9.949714577000066 53.519900858000028)","Unfall 125030 (2017) Kat:2, Licht: 0","125030","2","6","2","09","20","6","0","0","0","1","0","1"
"POINT (9.985461176000058 53.455817692000039)","Unfall 125031 (2017) Kat:3, Licht: 0","125031","3","3","5","08","16","5","1","0","0","1","0","0"
"POINT (9.922905468000067 53.432438179000030)","Unfall 125032 (2017) Kat:3, Licht: 0","125032","3","3","5","08","12","5","1","0","0","1","0","0"
"POINT (9.995750806000046 53.499570193000068)","Unfall 125033 (2017) Kat:3, Licht: 0","125033","3","2","6","08","14","5","0","0","0","0","1","0"
"POINT (9.990940295000030 53.560266438000042)","Unfall 125034 (2017) Kat:3, Licht: 0","125034","3","6","2","09","13","4","1","0","0","1","0","0"
"POINT (9.966900874000032 53.605458867000038)","Unfall 125035 (2017) Kat:3, Licht: 0","125035","3","3","5","09","08","4","1","0","1","0","0","0"
"POINT (10.204575765000072 53.491895299000078)","Unfall 125036 (2017) Kat:3, Licht: 0","125036","3","6","2","08","14","5","0","0","0","1","0","0"
"POINT (10.084725864000063 53.550624848000041)","Unfall 125037 (2017) Kat:3, Licht: 0","125037","3","2","4","08","08","5","1","0","1","1","0","0"
"POINT (10.124158248000072 53.570141351000075)","Unfall 125038 (2017) Kat:3, Licht: 0","125038","3","6","2","08","09","5","0","0","0","1","0","0"
"POINT (10.084725164000076 53.612968271000057)","Unfall 125039 (2017) Kat:3, Licht: 2","125039","3","7","0","08","06","5","1","2","1","0","0","0"
"POINT (10.121131039000034 53.643594620000044)","Unfall 125040 (2017) Kat:3, Licht: 0","125040","3","6","3","08","13","5","0","0","1","1","0","0"
"POINT (9.995964400000048 53.584404941000059)","Unfall 125041 (2017) Kat:2, Licht: 2","125041","2","5","1","08","23","5","0","2","1","1","0","0"
"POINT (10.024919610000040 53.601759967000078)","Unfall 125042 (2017) Kat:3, Licht: 0","125042","3","2","4","08","16","5","1","0","0","1","0","0"
"POINT (10.026748535000024 53.617274825000038)","Unfall 125043 (2017) Kat:2, Licht: 2","125043","2","5","1","08","00","5","1","2","1","1","0","0"
"POINT (10.035632804000045 53.575224132000073)","Unfall 125044 (2017) Kat:3, Licht: 2","125044","3","2","5","08","22","5","0","2","1","1","0","0"
"POINT (10.045403239000052 53.589503402000048)","Unfall 125045 (2017) Kat:3, Licht: 0","125045","3","6","3","08","11","5","0","0","0","1","0","0"
"POINT (9.930089259000056 53.560294565000049)","Unfall 125046 (2017) Kat:3, Licht: 0","125046","3","3","5","08","17","5","1","0","1","1","0","0"
"POINT (9.962556914000061 53.603338140000062)","Unfall 125047 (2017) Kat:3, Licht: 0","125047","3","6","0","08","15","5","0","0","0","1","0","0"
"POINT (9.937825493000048 53.550197152000067)","Unfall 125048 (2017) Kat:3, Licht: 0","125048","3","6","3","08","11","5","0","0","0","1","0","1"
"POINT (9.980674428000043 53.570810714000061)","Unfall 125049 (2017) Kat:3, Licht: 0","125049","3","7","2","08","15","5","0","0","0","1","0","0"
"POINT (9.965416671000071 53.563743060000036)","Unfall 125050 (2017) Kat:3, Licht: 0","125050","3","4","6","08","14","5","0","0","0","1","1","0"
"POINT (9.899194162000072 53.479689926000049)","Unfall 125051 (2017) Kat:3, Licht: 0","125051","3","2","4","08","05","4","0","0","0","1","0","1"
"POINT (10.205964301000051 53.493167415000073)","Unfall 125052 (2017) Kat:3, Licht: 0","125052","3","3","5","08","13","4","0","0","1","1","0","0"
"POINT (10.208731352000029 53.482272215000080)","Unfall 125053 (2017) Kat:2, Licht: 0","125053","2","3","5","08","14","4","0","0","1","1","0","0"
"POINT (10.125388521000048 53.598796687000061)","Unfall 125054 (2017) Kat:3, Licht: 0","125054","3","6","3","08","12","4","0","0","1","0","0","0"
"POINT (10.076094443000045 53.567000382000060)","Unfall 125055 (2017) Kat:3, Licht: 0","125055","3","6","2","08","12","4","0","0","0","1","0","0"
"POINT (10.032806072000028 53.648087199000031)","Unfall 125056 (2017) Kat:3, Licht: 0","125056","3","7","0","08","07","4","0","0","0","0","0","0"
"POINT (10.002622721000023 53.596913925000081)","Unfall 125057 (2017) Kat:2, Licht: 2","125057","2","2","5","08","21","4","0","2","1","1","0","0"
"POINT (10.031050522000044 53.572022396000079)","Unfall 125058 (2017) Kat:3, Licht: 2","125058","3","7","0","08","04","4","0","2","0","1","0","0"
"POINT (10.033542799000031 53.583076900000037)","Unfall 125059 (2017) Kat:3, Licht: 0","125059","3","5","1","08","15","4","0","0","0","1","0","1"
"POINT (10.056166367000060 53.591643510000040)","Unfall 125060 (2017) Kat:2, Licht: 0","125060","2","6","1","08","13","4","0","0","0","1","0","1"
"POINT (9.822489863000044 53.584046983000064)","Unfall 125061 (2017) Kat:3, Licht: 0","125061","3","3","5","08","12","4","0","0","1","1","0","0"
"POINT (9.955815333000032 53.640748206000069)","Unfall 125062 (2017) Kat:3, Licht: 0","125062","3","6","4","08","15","4","0","0","1","0","0","0"
"POINT (9.958014508000076 53.589404605000027)","Unfall 125063 (2017) Kat:2, Licht: 0","125063","2","4","6","08","14","4","0","0","0","1","1","0"
"POINT (10.010266246000072 53.550969314000042)","Unfall 125064 (2017) Kat:3, Licht: 0","125064","3","2","5","08","14","4","0","0","1","0","0","0"
"POINT (10.020507103000057 53.557265660000041)","Unfall 125065 (2017) Kat:3, Licht: 0","125065","3","2","3","08","08","4","0","0","1","1","0","0"
"POINT (10.007871696000052 53.558821350000073)","Unfall 125066 (2017) Kat:3, Licht: 0","125066","3","6","2","08","18","4","0","0","0","1","0","0"
"POINT (9.989654807000022 53.455895021000060)","Unfall 125067 (2017) Kat:3, Licht: 0","125067","3","2","5","08","11","3","0","0","0","1","0","0"
"POINT (9.996932442000059 53.444654251000031)","Unfall 125068 (2017) Kat:3, Licht: 0","125068","3","3","5","08","10","3","0","0","1","1","0","0"
"POINT (10.190465873000051 53.480226157000061)","Unfall 125069 (2017) Kat:3, Licht: 0","125069","3","3","5","08","12","3","0","0","0","1","0","0"
"POINT (10.070597651000071 53.559625867000079)","Unfall 125070 (2017) Kat:3, Licht: 0","125070","3","6","2","08","18","3","0","0","0","1","0","0"
"POINT (10.078124731000059 53.532251538000082)","Unfall 125071 (2017) Kat:3, Licht: 2","125071","3","7","0","08","23","3","0","2","0","1","0","0"
"POINT (10.134984894000070 53.540209139000069)","Unfall 125072 (2017) Kat:3, Licht: 0","125072","3","3","5","08","15","3","0","0","1","1","0","0"
"POINT (10.132352769000022 53.592710542000077)","Unfall 125073 (2017) Kat:3, Licht: 0","125073","3","3","5","08","14","3","0","0","0","1","0","0"
"POINT (10.181579513000031 53.606792018000078)","Unfall 125074 (2017) Kat:3, Licht: 0","125074","3","6","4","08","16","3","0","0","1","0","0","0"
"POINT (10.162856329000022 53.635899222000035)","Unfall 125075 (2017) Kat:3, Licht: 0","125075","3","3","5","08","10","3","0","0","0","1","0","1"
"POINT (10.124231917000031 53.570273541000063)","Unfall 125076 (2017) Kat:3, Licht: 0","125076","3","6","3","08","17","3","0","0","0","1","0","0"
"POINT (10.158524849000059 53.644686289000049)","Unfall 125077 (2017) Kat:3, Licht: 0","125077","3","6","2","08","16","3","0","0","0","1","0","0"
"POINT (9.999550042000067 53.665712566000082)","Unfall 125078 (2017) Kat:3, Licht: 0","125078","3","7","6","08","18","3","0","0","0","1","1","0"
"POINT (10.027368394000064 53.622733771000071)","Unfall 125079 (2017) Kat:2, Licht: 0","125079","2","3","5","08","07","3","0","0","1","1","0","0"
"POINT (10.026841660000059 53.585570511000071)","Unfall 125080 (2017) Kat:3, Licht: 0","125080","3","6","4","08","14","3","0","0","1","0","0","0"
"POINT (10.057789781000054 53.566263286000037)","Unfall 125081 (2017) Kat:3, Licht: 0","125081","3","7","6","08","18","3","0","0","1","0","1","0"
"POINT (10.027644848000023 53.570187052000051)","Unfall 125082 (2017) Kat:3, Licht: 0","125082","3","7","1","08","18","3","0","0","0","1","0","1"
"POINT (10.036737947000063 53.597873489000051)","Unfall 125083 (2017) Kat:3, Licht: 0","125083","3","5","0","08","09","3","0","0","1","1","0","0"
"POINT (10.018330402000061 53.565991888000042)","Unfall 125084 (2017) Kat:3, Licht: 0","125084","3","4","6","08","10","3","0","0","1","0","1","0"
"POINT (10.016327470000022 53.567636117000063)","Unfall 125085 (2017) Kat:3, Licht: 0","125085","3","2","3","08","15","3","0","0","0","1","0","1"
"POINT (9.847138970000060 53.576101915000038)","Unfall 125086 (2017) Kat:3, Licht: 0","125086","3","6","1","08","17","3","0","0","1","1","0","0"
"POINT (9.904671260000043 53.594643910000059)","Unfall 125087 (2017) Kat:3, Licht: 0","125087","3","2","4","08","10","3","0","0","0","1","0","0"
"POINT (9.938782945000071 53.582252329000028)","Unfall 125088 (2017) Kat:3, Licht: 1","125088","3","3","5","08","19","3","0","1","0","1","0","0"
"POINT (9.951678998000034 53.599783621000029)","Unfall 125089 (2017) Kat:3, Licht: 0","125089","3","3","5","08","09","3","0","0","1","1","0","0"
"POINT (9.928313382000056 53.556200231000048)","Unfall 125090 (2017) Kat:3, Licht: 2","125090","3","2","4","08","22","3","0","2","0","1","0","1"
"POINT (9.917499033000070 53.549419786000044)","Unfall 125091 (2017) Kat:3, Licht: 0","125091","3","6","2","08","14","3","0","0","0","1","0","0"
"POINT (10.002707044000033 53.548590413000056)","Unfall 125092 (2017) Kat:3, Licht: 0","125092","3","3","5","08","15","3","0","0","1","1","0","0"
"POINT (10.010550292000062 53.550953593000031)","Unfall 125093 (2017) Kat:3, Licht: 0","125093","3","6","4","08","16","3","0","0","1","0","0","0"
"POINT (10.017662616000052 53.552122381000061)","Unfall 125094 (2017) Kat:3, Licht: 0","125094","3","7","6","08","13","3","0","0","0","0","1","0"
"POINT (10.196606788000054 53.488908706000075)","Unfall 125095 (2017) Kat:3, Licht: 0","125095","3","3","5","08","17","2","0","0","1","1","0","0"
"POINT (10.095606494000037 53.542748887000073)","Unfall 125096 (2017) Kat:3, Licht: 0","125096","3","6","2","08","09","2","0","0","0","1","0","0"
"POINT (10.071002314000054 53.558641054000077)","Unfall 125097 (2017) Kat:3, Licht: 0","125097","3","3","5","08","12","2","0","0","1","1","0","0"
"POINT (10.153896936000024 53.614623764000044)","Unfall 125098 (2017) Kat:2, Licht: 0","125098","2","3","5","08","08","2","0","0","1","1","0","0"
"POINT (10.124765381000032 53.586085101000037)","Unfall 125099 (2017) Kat:3, Licht: 0","125099","3","2","0","08","19","2","0","0","0","1","0","1"
"POINT (10.076651379000054 53.566511451000054)","Unfall 125100 (2017) Kat:3, Licht: 0","125100","3","6","0","08","16","2","0","0","0","0","0","0"
"POINT (10.070914801000072 53.571961267000063)","Unfall 125101 (2017) Kat:3, Licht: 2","125101","3","6","2","08","22","2","0","2","0","1","0","0"
"POINT (10.051737660000072 53.608495794000078)","Unfall 125102 (2017) Kat:3, Licht: 0","125102","3","2","5","08","07","2","0","0","1","1","0","0"
"POINT (10.034419233000051 53.617349431000036)","Unfall 125103 (2017) Kat:3, Licht: 0","125103","3","2","4","08","08","2","0","0","1","1","0","0"
"POINT (10.008067608000033 53.614716538000039)","Unfall 125104 (2017) Kat:3, Licht: 2","125104","3","3","5","08","21","2","0","2","0","1","0","1"
"POINT (10.010047893000035 53.611647315000027)","Unfall 125105 (2017) Kat:3, Licht: 0","125105","3","2","4","08","19","2","0","0","0","1","0","0"
"POINT (10.032985223000026 53.573762329000033)","Unfall 125106 (2017) Kat:3, Licht: 0","125106","3","4","6","08","16","2","0","0","1","0","1","0"
"POINT (9.940290079000022 53.593086475000064)","Unfall 125107 (2017) Kat:3, Licht: 2","125107","3","6","2","08","05","2","0","2","0","1","0","0"
"POINT (9.898666992000074 53.605613304000030)","Unfall 125108 (2017) Kat:3, Licht: 0","125108","3","3","5","08","08","2","0","0","1","1","0","0"
"POINT (9.891711646000033 53.557251569000073)","Unfall 125109 (2017) Kat:3, Licht: 0","125109","3","6","2","08","15","2","0","0","0","1","0","0"
"POINT (9.919635318000076 53.563596389000054)","Unfall 125110 (2017) Kat:3, Licht: 0","125110","3","7","0","08","10","2","0","0","0","1","0","1"
"POINT (9.973303599000076 53.612582095000050)","Unfall 125111 (2017) Kat:3, Licht: 0","125111","3","2","5","08","09","2","0","0","1","1","0","0"
"POINT (9.980869013000074 53.584930524000072)","Unfall 125112 (2017) Kat:3, Licht: 0","125112","3","2","3","08","17","2","0","0","1","1","0","0"
"POINT (9.937633325000036 53.552696352000055)","Unfall 125113 (2017) Kat:3, Licht: 0","125113","3","5","1","08","08","2","0","0","1","1","0","0"
"POINT (9.921738007000045 53.548268989000064)","Unfall 125114 (2017) Kat:3, Licht: 0","125114","3","6","0","08","11","2","0","0","1","1","0","0"
"POINT (9.989186009000036 53.581399068000053)","Unfall 125115 (2017) Kat:3, Licht: 2","125115","3","3","5","08","20","2","0","2","1","1","0","0"
"POINT (9.786886244000073 53.507898098000055)","Unfall 125116 (2017) Kat:2, Licht: 0","125116","2","1","8","08","17","1","0","0","0","0","0","1"
"POINT (10.128793526000038 53.561282659000028)","Unfall 125117 (2017) Kat:3, Licht: 2","125117","3","7","6","08","02","1","0","2","0","0","1","0"
"POINT (10.085184206000065 53.586722196000039)","Unfall 125118 (2017) Kat:3, Licht: 0","125118","3","4","6","08","17","1","0","0","0","1","1","0"
"POINT (9.994460675000028 53.602094315000045)","Unfall 125119 (2017) Kat:2, Licht: 0","125119","2","2","4","08","16","1","0","0","0","1","0","1"
"POINT (10.038381228000048 53.572671381000077)","Unfall 125120 (2017) Kat:3, Licht: 0","125120","3","2","6","08","14","1","0","0","0","1","1","0"
"POINT (9.847920814000077 53.588800917000071)","Unfall 125121 (2017) Kat:3, Licht: 0","125121","3","1","9","08","14","1","0","0","0","1","0","0"
"POINT (9.809512755000071 53.563413234000052)","Unfall 125122 (2017) Kat:3, Licht: 0","125122","3","3","5","08","10","1","0","0","1","1","0","0"
"POINT (9.951213531000064 53.555211437000082)","Unfall 125123 (2017) Kat:3, Licht: 1","125123","3","6","3","08","20","1","0","1","0","1","0","0"
"POINT (9.990896261000046 53.560331995000070)","Unfall 125124 (2017) Kat:3, Licht: 0","125124","3","6","3","08","18","1","0","0","0","1","0","1"
"POINT (9.963333003000059 53.546445123000069)","Unfall 125125 (2017) Kat:3, Licht: 0","125125","3","2","5","08","06","1","0","0","0","1","0","1"
"POINT (9.977979975000039 53.556787230000054)","Unfall 125126 (2017) Kat:3, Licht: 0","125126","3","3","5","08","17","1","0","0","1","1","0","0"
"POINT (10.008918263000055 53.552154624000082)","Unfall 125127 (2017) Kat:3, Licht: 0","125127","3","3","5","08","11","1","0","0","0","1","0","0"
"POINT (9.912415693000071 53.512900542000068)","Unfall 125128 (2017) Kat:2, Licht: 0","125128","2","7","8","08","19","7","0","0","0","0","0","1"
"POINT (10.202105169000049 53.485531520000052)","Unfall 125129 (2017) Kat:3, Licht: 1","125129","3","3","5","08","20","7","0","1","1","1","0","0"
"POINT (10.093434966000075 53.546031557000049)","Unfall 125130 (2017) Kat:2, Licht: 0","125130","2","5","1","08","15","7","0","0","1","0","0","0"
"POINT (10.100282060000040 53.589282111000045)","Unfall 125131 (2017) Kat:2, Licht: 0","125131","2","2","5","08","15","7","0","0","0","1","0","1"
"POINT (10.053047145000050 53.646368848000066)","Unfall 125132 (2017) Kat:3, Licht: 0","125132","3","6","1","08","18","7","0","0","0","1","0","0"
"POINT (10.100199478000036 53.654906179000079)","Unfall 125133 (2017) Kat:3, Licht: 0","125133","3","6","1","08","15","7","0","0","0","1","0","0"
"POINT (9.918823693000036 53.590877579000050)","Unfall 125134 (2017) Kat:3, Licht: 2","125134","3","2","4","08","22","7","0","2","0","1","0","0"
"POINT (9.805463182000040 53.576998186000026)","Unfall 125135 (2017) Kat:3, Licht: 0","125135","3","2","4","08","09","7","0","0","1","1","0","0"
"POINT (9.801487394000048 53.576942864000046)","Unfall 125136 (2017) Kat:3, Licht: 2","125136","3","5","1","08","03","7","0","2","0","1","0","0"
"POINT (9.891976296000053 53.477832183000032)","Unfall 125137 (2017) Kat:3, Licht: 2","125137","3","3","5","08","21","6","0","2","1","1","0","0"
"POINT (10.046076242000026 53.558223123000062)","Unfall 125138 (2017) Kat:3, Licht: 0","125138","3","2","6","08","12","6","0","0","0","1","1","0"
"POINT (10.048861315000067 53.578332667000041)","Unfall 125139 (2017) Kat:3, Licht: 0","125139","3","6","1","09","15","4","0","0","0","1","0","0"
"POINT (9.990430944000025 53.560902971000075)","Unfall 125140 (2017) Kat:3, Licht: 2","125140","3","6","1","09","05","4","1","2","0","1","0","0"
"POINT (10.151284594000060 53.613603136000052)","Unfall 125141 (2017) Kat:3, Licht: 0","125141","3","3","5","08","17","6","0","0","0","1","0","0"
"POINT (10.135900258000049 53.635557511000059)","Unfall 125142 (2017) Kat:3, Licht: 0","125142","3","4","6","08","18","6","0","0","0","1","1","0"