WKT,Name,OBJECTID,UKATEGORIE,UTYP1,UART,UMONAT,USTUNDE,UWOCHENTAG,STRZUSTAND,ULICHTVERH,ISTRAD,ISTPKW,ISTFUSS,ISTKRAD
"POINT (10.180751251000061 53.606824267000036)","Unfall 125143 (2017) Kat:3, Licht: 0","125143","3","7","7","10","14","5","1","0","0","0","0","0"
"POINT (10.036700261000021 53.612310134000040)","Unfall 125144 (2017) Kat:3, Licht: 0","125144","3","7","0","10","16","5","1","0","1","1","0","0"
"POINT (10.033902020000028 53.607686545000035)","Unfall 125145 (2017) Kat:3, Licht: 2","125145","3","3","5","10","06","5","1","2","0","1","0","0"
"POINT (10.073534487000074 53.645869716000050)","Unfall 125146 (2017) Kat:3, Licht: 0","125146","3","6","2","10","15","5","1","0","0","1","0","0"
"POINT (10.034858656000040 53.628413247000026)","Unfall 125147 (2017) Kat:3, Licht: 1","125147","3","6","2","10","18","5","1","1","0","1","0","0"
"POINT (10.026186329000041 53.629484911000077)","Unfall 125148 (2017) Kat:3, Licht: 0","125148","3","6","2","10","10","5","1","0","0","1","0","0"
"POINT (9.993902504000062 53.600274663000050)","Unfall 125149 (2017) Kat:3, Licht: 0","125149","3","5","1","10","14","5","1","0","0","1","0","0"
"POINT (10.050730763000047 53.568252038000082)","Unfall 125150 (2017) Kat:3, Licht: 0","125150","3","3","5","10","14","5","0","0","1","1","0","0"
"POINT (10.026873094000052 53.580559247000053)","Unfall 125151 (2017) Kat:3, Licht: 0","125151","3","3","5","10","15","5","1","0","1","1","0","0"
"POINT (10.016767799000036 53.562000514000033)","Unfall 125152 (2017) Kat:3, Licht: 2","125152","3","2","6","10","07","5","1","2","0","1","1","0"
"POINT (10.026879790000066 53.570185669000068)","Unfall 125153 (2017) Kat:3, Licht: 2","125153","3","2","2","10","23","5","1","2","0","1","0","0"
"POINT (10.026789696000037 53.570138815000064)","Unfall 125154 (2017) Kat:3, Licht: 2","125154","3","2","5","10","23","5","1","2","1","1","0","0"
"POINT (9.918516003000036 53.590922981000062)","Unfall 125155 (2017) Kat:3, Licht: 2","125155","3","2","6","10","21","5","1","2","0","1","1","0"
"POINT (9.826699218000044 53.569910362000030)","Unfall 125156 (2017) Kat:3, Licht: 1","125156","3","5","4","10","07","5","1","1","1","1","0","0"
"POINT (9.886582052000051 53.557402756000045)","Unfall 125157 (2017) Kat:3, Licht: 0","125157","3","5","1","10","13","5","1","0","0","1","0","0"
"POINT (9.862475550000056 53.597691577000035)","Unfall 125158 (2017) Kat:3, Licht: 1","125158","3","2","4","10","19","5","1","1","1","1","0","0"
"POINT (9.956641552000065 53.609835871000030)","Unfall 125159 (2017) Kat:3, Licht: 0","125159","3","2","2","10","11","6","1","0","0","1","0","0"
"POINT (9.918260002000068 53.636582884000063)","Unfall 125160 (2017) Kat:3, Licht: 0","125160","3","6","2","10","10","6","1","0","0","1","0","0"
"POINT (9.942790987000024 53.579952609000031)","Unfall 125161 (2017) Kat:3, Licht: 2","125161","3","3","5","10","19","6","0","2","1","0","0","0"
"POINT (9.860955515000057 53.597914389000039)","Unfall 125162 (2017) Kat:3, Licht: 0","125162","3","3","1","10","07","5","1","0","0","1","0","0"
"POINT (9.902787207000074 53.622833366000066)","Unfall 125163 (2017) Kat:3, Licht: 1","125163","3","5","6","10","07","5","0","1","0","1","1","0"
"POINT (9.950580819000038 53.576209805000076)","Unfall 125164 (2017) Kat:3, Licht: 0","125164","3","6","2","10","13","5","1","0","0","1","0","0"
"POINT (9.971745661000057 53.583394957000053)","Unfall 125165 (2017) Kat:3, Licht: 0","125165","3","7","5","10","13","5","1","0","1","0","0","0"
"POINT (9.977478733000055 53.578602266000075)","Unfall 125166 (2017) Kat:3, Licht: 0","125166","3","5","1","10","17","5","1","0","1","1","0","0"
"POINT (10.020102129000065 53.551308382000059)","Unfall 125167 (2017) Kat:3, Licht: 2","125167","3","3","6","10","07","5","1","2","1","0","1","0"
"POINT (10.020008935000021 53.551425553000058)","Unfall 125168 (2017) Kat:2, Licht: 0","125168","2","3","6","10","15","5","1","0","1","0","1","0"
"POINT (9.919679919000032 53.511707387000058)","Unfall 125169 (2017) Kat:2, Licht: 2","125169","2","7","5","10","06","5","1","2","0","1","0","0"
"POINT (9.846134858000028 53.470133326000052)","Unfall 125170 (2017) Kat:3, Licht: 0","125170","3","7","1","10","12","4","0","0","0","1","1","0"
"POINT (9.965971175000050 53.442257874000063)","Unfall 125171 (2017) Kat:3, Licht: 0","125171","3","7","0","10","10","4","0","0","0","0","0","1"
"POINT (10.211733069000047 53.504083157000082)","Unfall 125172 (2017) Kat:2, Licht: 0","125172","2","3","5","10","15","4","0","0","1","1","0","0"
"POINT (10.041934756000046 53.560122999000043)","Unfall 125173 (2017) Kat:3, Licht: 0","125173","3","6","0","10","08","4","1","0","1","1","0","0"
"POINT (10.057811342000036 53.554885204000072)","Unfall 125174 (2017) Kat:2, Licht: 0","125174","2","2","5","10","15","4","0","0","1","1","0","0"
"POINT (10.135979410000061 53.572853689000056)","Unfall 125175 (2017) Kat:2, Licht: 0","125175","2","4","6","10","17","4","0","0","0","1","1","0"
"POINT (10.069917903000032 53.578131069000051)","Unfall 125176 (2017) Kat:3, Licht: 2","125176","3","6","2","10","06","4","1","2","0","1","0","0"
"POINT (10.099732636000056 53.655114803000060)","Unfall 125177 (2017) Kat:3, Licht: 2","125177","3","3","5","10","20","4","1","2","0","1","0","0"
"POINT (10.109987868000076 53.691390944000034)","Unfall 125178 (2017) Kat:3, Licht: 0","125178","3","3","5","10","10","4","0","0","1","1","0","0"
"POINT (9.830681435000031 53.565628699000058)","Unfall 125179 (2017) Kat:3, Licht: 0","125179","3","3","5","10","12","4","0","0","0","1","0","0"
"POINT (9.873275761000059 53.591065766000042)","Unfall 125180 (2017) Kat:2, Licht: 2","125180","2","4","6","10","21","4","1","2","0","0","1","0"
"POINT (9.925363493000077 53.573085548000051)","Unfall 125181 (2017) Kat:3, Licht: 2","125181","3","2","3","10","20","4","1","2","0","1","0","0"
"POINT (9.906349229000057 53.561929824000060)","Unfall 125182 (2017) Kat:3, Licht: 0","125182","3","3","0","10","11","4","1","0","1","1","0","0"
"POINT (9.997591678000049 53.578632456000037)","Unfall 125183 (2017) Kat:3, Licht: 0","125183","3","6","1","10","08","6","1","0","0","1","0","0"
"POINT (9.874792061000051 53.567548101000057)","Unfall 125184 (2017) Kat:3, Licht: 1","125184","3","3","5","10","06","4","0","1","1","1","0","0"
"POINT (9.965006718000041 53.570501042000046)","Unfall 125185 (2017) Kat:3, Licht: 0","125185","3","7","0","10","08","6","1","0","1","1","0","0"
"POINT (9.958324929000071 53.632151847000046)","Unfall 125186 (2017) Kat:3, Licht: 0","125186","3","7","0","10","07","4","1","0","1","0","0","0"
"POINT (9.995040750000044 53.565526930000033)","Unfall 125187 (2017) Kat:3, Licht: 0","125187","3","7","0","10","13","4","0","0","1","1","0","0"
"POINT (9.941692194000041 53.455367062000050)","Unfall 125188 (2017) Kat:3, Licht: 0","125188","3","3","0","10","13","3","0","0","0","1","0","0"
"POINT (9.972225168000023 53.451168131000031)","Unfall 125189 (2017) Kat:2, Licht: 0","125189","2","1","8","10","10","3","1","0","0","1","0","0"
"POINT (10.070678042000054 53.558564729000068)","Unfall 125190 (2017) Kat:3, Licht: 0","125190","3","6","1","10","12","3","1","0","0","1","0","0"
"POINT (10.078741925000031 53.584468958000059)","Unfall 125191 (2017) Kat:3, Licht: 2","125191","3","6","2","10","01","3","0","2","0","1","0","0"
"POINT (10.017573834000075 53.617651304000049)","Unfall 125192 (2017) Kat:3, Licht: 0","125192","3","7","5","10","12","3","1","0","0","1","0","0"
"POINT (9.996285188000059 53.648409553000079)","Unfall 125193 (2017) Kat:3, Licht: 2","125193","3","6","2","10","21","3","1","2","0","1","0","0"
"POINT (9.919396141000050 53.627953971000068)","Unfall 125194 (2017) Kat:3, Licht: 2","125194","3","2","6","10","23","3","1","2","0","1","1","0"
"POINT (9.961465370000042 53.574080191000064)","Unfall 125195 (2017) Kat:3, Licht: 0","125195","3","7","5","10","14","3","1","0","0","1","0","1"
"POINT (9.979144263000023 53.555331533000071)","Unfall 125196 (2017) Kat:3, Licht: 2","125196","3","6","2","10","01","3","0","2","0","1","0","0"
"POINT (9.887471493000021 53.478152436000073)","Unfall 125197 (2017) Kat:3, Licht: 0","125197","3","6","4","10","15","2","0","0","0","1","0","0"
"POINT (10.113067829000045 53.544242207000082)","Unfall 125198 (2017) Kat:3, Licht: 0","125198","3","6","3","10","16","2","1","0","1","1","0","0"
"POINT (10.063085208000075 53.554264635000038)","Unfall 125199 (2017) Kat:3, Licht: 1","125199","3","2","2","10","18","2","0","1","0","1","0","1"
"POINT (10.029183564000050 53.547975879000035)","Unfall 125200 (2017) Kat:3, Licht: 0","125200","3","3","5","10","14","2","0","0","0","0","0","1"
"POINT (10.056131632000074 53.606701435000048)","Unfall 125201 (2017) Kat:3, Licht: 0","125201","3","2","4","10","15","2","0","0","1","1","0","0"
"POINT (10.081374048000043 53.618783838000070)","Unfall 125202 (2017) Kat:3, Licht: 0","125202","3","3","5","10","13","2","1","0","0","1","0","0"
"POINT (10.085192592000055 53.656982730000038)","Unfall 125203 (2017) Kat:3, Licht: 0","125203","3","6","2","10","12","2","1","0","0","1","0","0"
"POINT (10.076765336000051 53.655455974000063)","Unfall 125204 (2017) Kat:3, Licht: 0","125204","3","2","4","10","12","2","1","0","1","1","0","0"
"POINT (10.000123402000042 53.594846322000080)","Unfall 125205 (2017) Kat:3, Licht: 0","125205","3","4","6","10","10","2","1","0","0","0","1","0"
"POINT (10.019501292000029 53.566165596000076)","Unfall 125206 (2017) Kat:3, Licht: 0","125206","3","3","0","10","16","2","1","0","0","1","0","1"
"POINT (10.058705607000036 53.590227945000038)","Unfall 125207 (2017) Kat:3, Licht: 0","125207","3","6","2","10","12","2","1","0","0","1","0","0"
"POINT (10.043806271000051 53.595134677000033)","Unfall 125208 (2017) Kat:3, Licht: 0","125208","3","6","2","10","16","2","0","0","0","1","0","0"
"POINT (9.920271517000060 53.563008594000053)","Unfall 125209 (2017) Kat:3, Licht: 0","125209","3","3","5","10","08","2","1","0","0","1","0","0"
"POINT (9.981437073000052 53.596539755000038)","Unfall 125210 (2017) Kat:3, Licht: 0","125210","3","6","2","10","15","2","1","0","0","1","0","0"
"POINT (9.966525279000052 53.569142410000040)","Unfall 125211 (2017) Kat:3, Licht: 0","125211","3","6","2","10","11","2","1","0","0","1","0","0"
"POINT (9.993887241000039 53.579551373000072)","Unfall 125212 (2017) Kat:3, Licht: 0","125212","3","6","2","10","17","2","1","0","1","1","0","0"
"POINT (9.961546043000055 53.457059675000039)","Unfall 125213 (2017) Kat:3, Licht: 2","125213","3","3","5","10","20","1","0","2","0","1","0","1"
"POINT (9.991474041000060 53.501009494000073)","Unfall 125214 (2017) Kat:3, Licht: 2","125214","3","6","2","10","22","1","0","2","0","1","0","0"
"POINT (10.007928558000060 53.520787560000031)","Unfall 125215 (2017) Kat:3, Licht: 0","125215","3","6","4","10","07","1","1","0","0","1","0","0"
"POINT (10.104719180000075 53.499120694000055)","Unfall 125216 (2017) Kat:2, Licht: 0","125216","2","6","2","10","14","1","0","0","0","0","0","1"
"POINT (10.207775054000024 53.480456368000034)","Unfall 125217 (2017) Kat:3, Licht: 0","125217","3","7","0","10","07","1","1","0","0","0","0","1"
"POINT (9.985547790000055 53.551927974000080)","Unfall 125218 (2017) Kat:3, Licht: 2","125218","3","3","5","10","19","6","1","2","0","1","0","1"
"POINT (9.889266217000056 53.477990083000066)","Unfall 125219 (2017) Kat:3, Licht: 0","125219","3","6","2","10","17","5","1","0","0","1","0","0"
"POINT (9.866982096000072 53.476562025000078)","Unfall 125220 (2017) Kat:2, Licht: 1","125220","2","3","5","10","07","5","1","1","1","1","0","0"
"POINT (9.991089381000052 53.445255662000079)","Unfall 125221 (2017) Kat:3, Licht: 0","125221","3","6","2","10","17","5","0","0","0","1","0","0"
"POINT (9.986391808000064 53.508127465000030)","Unfall 125222 (2017) Kat:3, Licht: 2","125222","3","6","3","10","22","5","1","2","0","1","0","0"
"POINT (10.007559771000047 53.520750941000074)","Unfall 125223 (2017) Kat:3, Licht: 2","125223","3","4","0","10","19","5","1","2","0","0","1","1"
"POINT (10.206997827000066 53.489212328000065)","Unfall 125224 (2017) Kat:3, Licht: 2","125224","3","4","6","10","20","5","1","2","0","1","1","0"
"POINT (10.084207652000032 53.542317935000028)","Unfall 125225 (2017) Kat:3, Licht: 1","125225","3","6","1","10","17","5","1","1","0","0","0","1"
"POINT (9.908118736000063 53.545842775000040)","Unfall 125226 (2017) Kat:3, Licht: 0","125226","3","6","2","10","07","6","1","0","0","1","0","0"
"POINT (10.084553842000048 53.553470241000070)","Unfall 125227 (2017) Kat:2, Licht: 1","125227","2","3","5","10","06","1","1","1","0","1","0","0"
"POINT (10.047322761000032 53.550689120000072)","Unfall 125228 (2017) Kat:3, Licht: 0","125228","3","2","4","10","15","1","0","0","0","1","0","0"
"POINT (10.004274702000032 53.598195487000055)","Unfall 125229 (2017) Kat:3, Licht: 0","125229","3","5","1","10","09","1","1","0","0","1","0","1"
"POINT (9.961357852000049 53.550403055000061)","Unfall 125230 (2017) Kat:3, Licht: 2","125230","3","3","5","10","04","1","1","2","1","1","0","0"
"POINT (10.013378971000066 53.552558827000041)","Unfall 125231 (2017) Kat:3, Licht: 0","125231","3","7","5","10","14","1","0","0","0","1","0","0"
"POINT (10.008861484000022 53.552148217000081)","Unfall 125232 (2017) Kat:3, Licht: 0","125232","3","7","3","10","15","1","0","0","0","1","0","0"
"POINT (10.082795300000043 53.608052290000046)","Unfall 125233 (2017) Kat:2, Licht: 2","125233","2","6","4","09","21","7","1","2","0","1","0","0"
"POINT (10.113451084000076 53.658992718000036)","Unfall 125234 (2017) Kat:3, Licht: 2","125234","3","6","2","09","20","7","1","2","0","1","0","0"
"POINT (10.024412445000053 53.588913937000029)","Unfall 125235 (2017) Kat:3, Licht: 0","125235","3","5","1","09","16","7","0","0","1","1","0","0"
"POINT (10.045216506000031 53.582412715000032)","Unfall 125236 (2017) Kat:3, Licht: 2","125236","3","3","5","09","21","7","1","2","0","1","0","0"
"POINT (10.049524813000062 53.569433945000071)","Unfall 125237 (2017) Kat:3, Licht: 2","125237","3","5","1","09","02","7","0","2","1","0","0","0"
"POINT (9.866668676000074 53.585318527000027)","Unfall 125238 (2017) Kat:2, Licht: 2","125238","2","2","4","09","20","7","1","2","0","1","0","0"
"POINT (9.912201359000051 53.645500834000075)","Unfall 125239 (2017) Kat:3, Licht: 0","125239","3","6","2","09","10","7","0","0","0","1","0","0"
"POINT (9.926300529000059 53.555255519000070)","Unfall 125240 (2017) Kat:3, Licht: 0","125240","3","6","3","09","12","7","0","0","1","1","0","0"
"POINT (9.976410982000061 53.564577174000078)","Unfall 125241 (2017) Kat:3, Licht: 0","125241","3","6","2","09","16","7","0","0","0","1","0","0"
"POINT (9.964909807000026 53.567204847000028)","Unfall 125242 (2017) Kat:3, Licht: 2","125242","3","6","1","09","01","7","0","2","1","1","0","0"
"POINT (9.960160611000049 53.551375216000054)","Unfall 125243 (2017) Kat:3, Licht: 0","125243","3","2","6","09","06","7","1","0","0","1","1","0"
"POINT (10.012229433000073 53.551243114000044)","Unfall 125244 (2017) Kat:3, Licht: 2","125244","3","4","6","09","21","7","1","2","0","1","1","0"
"POINT (9.969297046000065 53.516773957000055)","Unfall 125245 (2017) Kat:3, Licht: 0","125245","3","1","8","09","09","7","1","0","0","1","0","0"
"POINT (9.876312767000059 53.534485050000058)","Unfall 125246 (2017) Kat:3, Licht: 0","125246","3","6","0","09","08","6","1","0","1","1","0","0"
"POINT (9.912199557000065 53.514250675000028)","Unfall 125247 (2017) Kat:3, Licht: 1","125247","3","6","2","09","18","6","0","1","0","1","0","0"
"POINT (10.026582771000051 53.501589677000027)","Unfall 125248 (2017) Kat:3, Licht: 0","125248","3","6","2","09","16","6","0","0","0","1","0","0"
"POINT (10.148804103000032 53.543558437000058)","Unfall 125249 (2017) Kat:3, Licht: 0","125249","3","3","5","09","14","6","0","0","0","1","0","0"
"POINT (10.080810064000048 53.559939670000063)","Unfall 125250 (2017) Kat:3, Licht: 0","125250","3","6","1","09","11","6","0","0","0","1","0","0"
"POINT (10.037075158000050 53.552435829000046)","Unfall 125251 (2017) Kat:2, Licht: 0","125251","2","1","0","09","07","6","1","0","0","0","0","1"
"POINT (10.127738497000053 53.621978661000071)","Unfall 125252 (2017) Kat:3, Licht: 0","125252","3","3","5","09","17","6","0","0","0","1","0","0"
"POINT (10.065229287000022 53.578863235000028)","Unfall 125253 (2017) Kat:3, Licht: 0","125253","3","7","0","09","12","6","1","0","1","0","0","0"
"POINT (10.058487545000048 53.577027552000061)","Unfall 125254 (2017) Kat:3, Licht: 0","125254","3","4","6","09","08","6","1","0","0","1","1","0"
"POINT (10.061564006000026 53.595476802000064)","Unfall 125255 (2017) Kat:3, Licht: 0","125255","3","6","3","09","10","6","0","0","0","1","0","0"
"POINT (10.061754105000034 53.608743183000058)","Unfall 125256 (2017) Kat:2, Licht: 0","125256","2","2","5","09","13","6","0","0","1","1","0","0"
"POINT (10.071339850000072 53.606651374000080)","Unfall 125257 (2017) Kat:3, Licht: 0","125257","3","6","1","09","14","6","0","0","0","1","0","0"
"POINT (10.085281846000044 53.657222646000037)","Unfall 125258 (2017) Kat:3, Licht: 2","125258","3","6","2","09","19","6","0","2","0","1","0","0"
"POINT (10.025043002000075 53.558721218000073)","Unfall 125259 (2017) Kat:3, Licht: 0","125259","3","6","2","09","14","6","0","0","0","1","0","0"
"POINT (9.915740512000070 53.635188795000033)","Unfall 125260 (2017) Kat:2, Licht: 0","125260","2","7","2","09","08","6","0","0","0","1","0","0"
"POINT (9.958717753000030 53.596597645000031)","Unfall 125261 (2017) Kat:3, Licht: 0","125261","3","2","4","09","09","6","0","0","1","0","0","0"
"POINT (9.969093326000063 53.581181296000068)","Unfall 125262 (2017) Kat:3, Licht: 0","125262","3","7","5","09","07","6","0","0","0","1","0","0"
"POINT (9.960688548000064 53.568231316000038)","Unfall 125263 (2017) Kat:3, Licht: 0","125263","3","7","0","09","10","6","0","0","1","0","0","0"
"POINT (9.938889964000055 53.553628208000077)","Unfall 125264 (2017) Kat:3, Licht: 2","125264","3","2","4","09","01","6","1","2","0","1","0","0"
"POINT (9.962097246000042 53.546451393000041)","Unfall 125265 (2017) Kat:3, Licht: 0","125265","3","6","2","09","13","6","0","0","0","1","0","0"
"POINT (9.995125397000038 53.557391111000072)","Unfall 125266 (2017) Kat:3, Licht: 2","125266","3","7","4","09","20","6","0","2","0","1","0","0"
"POINT (9.987676699000076 53.555682052000066)","Unfall 125267 (2017) Kat:3, Licht: 0","125267","3","7","0","09","10","6","0","0","0","1","0","0"
"POINT (10.008562219000055 53.559115824000060)","Unfall 125268 (2017) Kat:3, Licht: 0","125268","3","7","4","09","14","6","0","0","0","1","0","1"
"POINT (9.986055824000061 53.526835095000081)","Unfall 125269 (2017) Kat:3, Licht: 0","125269","3","6","2","09","14","6","0","0","0","1","0","0"
"POINT (10.024062194000066 53.528011060000040)","Unfall 125270 (2017) Kat:3, Licht: 0","125270","3","3","5","09","15","5","0","0","0","1","0","0"
"POINT (10.080084050000039 53.561372338000069)","Unfall 125271 (2017) Kat:2, Licht: 0","125271","2","4","6","09","11","5","0","0","0","1","1","0"
"POINT (10.141446293000058 53.583976254000049)","Unfall 125272 (2017) Kat:3, Licht: 0","125272","3","2","4","09","17","5","0","0","0","1","0","0"
"POINT (10.109845748000055 53.625285056000052)","Unfall 125273 (2017) Kat:3, Licht: 0","125273","3","7","0","09","12","5","0","0","1","0","0","0"
"POINT (10.006583899000077 53.631099972000072)","Unfall 125274 (2017) Kat:2, Licht: 0","125274","2","7","6","09","09","5","0","0","0","1","1","0"
"POINT (10.045826730000044 53.578994141000067)","Unfall 125275 (2017) Kat:3, Licht: 2","125275","3","1","0","09","22","5","1","2","0","0","0","1"
"POINT (9.928083743000059 53.629252376000068)","Unfall 125276 (2017) Kat:3, Licht: 0","125276","3","7","0","09","08","5","1","0","0","0","0","1"
"POINT (9.972182407000048 53.581724087000055)","Unfall 125277 (2017) Kat:3, Licht: 0","125277","3","6","2","09","11","5","0","0","0","1","0","0"
"POINT (9.934275833000072 53.554368037000074)","Unfall 125278 (2017) Kat:3, Licht: 0","125278","3","5","1","09","18","5","0","0","1","1","0","0"
"POINT (9.955651076000038 53.550199712000051)","Unfall 125279 (2017) Kat:2, Licht: 0","125279","2","5","1","09","11","5","1","0","1","1","0","0"
"POINT (9.965037783000071 53.565143245000058)","Unfall 125280 (2017) Kat:3, Licht: 0","125280","3","7","6","09","15","5","0","0","1","0","1","0"
"POINT (9.999401033000027 53.549951289000035)","Unfall 125281 (2017) Kat:3, Licht: 2","125281","3","3","5","09","05","5","1","2","0","1","0","0"
"POINT (10.009161135000056 53.496480400000053)","Unfall 125282 (2017) Kat:3, Licht: 0","125282","3","4","6","09","10","4","0","0","1","0","1","0"
"POINT (10.146601344000032 53.531022764000056)","Unfall 125283 (2017) Kat:3, Licht: 0","125283","3","3","5","09","17","4","0","0","1","1","0","0"
"POINT (10.080955152000058 53.559672947000081)","Unfall 125284 (2017) Kat:3, Licht: 0","125284","3","6","3","09","15","4","1","0","0","1","0","0"
"POINT (10.041622162000067 53.550933093000026)","Unfall 125285 (2017) Kat:3, Licht: 0","125285","3","3","5","09","07","4","0","0","1","1","0","0"
"POINT (10.106684810000047 53.588615404000052)","Unfall 125286 (2017) Kat:3, Licht: 0","125286","3","2","3","09","16","4","0","0","0","1","0","0"
"POINT (10.072397099000057 53.573829000000046)","Unfall 125287 (2017) Kat:3, Licht: 0","125287","3","6","2","09","17","4","1","0","0","1","0","0"
"POINT (10.071356918000049 53.572227065000050)","Unfall 125288 (2017) Kat:3, Licht: 0","125288","3","2","5","09","14","4","0","0","1","1","0","0"
"POINT (10.018151867000029 53.649356029000046)","Unfall 125289 (2017) Kat:3, Licht: 0","125289","3","1","0","09","18","4","1","0","0","0","0","1"
"POINT (10.037354768000057 53.600455864000082)","Unfall 125290 (2017) Kat:3, Licht: 0","125290","3","6","3","09","13","4","1","0","0","1","0","0"
"POINT (9.909387575000039 53.545943688000079)","Unfall 125291 (2017) Kat:3, Licht: 2","125291","3","7","5","09","20","4","1","2","1","1","0","0"
"POINT (9.881273872000065 53.565464320000046)","Unfall 125292 (2017) Kat:3, Licht: 0","125292","3","3","6","09","15","4","0","0","0","1","1","0"
"POINT (9.872934656000041 53.591302337000059)","Unfall 125293 (2017) Kat:3, Licht: 0","125293","3","4","6","09","12","4","0","0","0","1","1","0"
"POINT (9.891630608000071 53.573329351000041)","Unfall 125294 (2017) Kat:3, Licht: 0","125294","3","7","6","09","11","4","0","0","0","1","1","0"
"POINT (9.897497392000048 53.557388615000036)","Unfall 125295 (2017) Kat:3, Licht: 0","125295","3","6","1","09","09","4","0","0","0","1","0","0"
"POINT (9.936319409000021 53.550542846000042)","Unfall 125296 (2017) Kat:3, Licht: 0","125296","3","6","2","09","17","4","0","0","1","1","0","0"
"POINT (9.943926191000060 53.565243016000068)","Unfall 125297 (2017) Kat:3, Licht: 0","125297","3","6","1","09","17","4","0","0","0","1","0","1"
"POINT (9.949411636000036 53.558455844000036)","Unfall 125298 (2017) Kat:3, Licht: 1","125298","3","2","5","09","06","4","0","1","1","0","0","0"
"POINT (10.000127646000067 53.565677064000056)","Unfall 125299 (2017) Kat:3, Licht: 0","125299","3","6","4","09","13","4","0","0","1","0","0","0"
"POINT (9.957552511000074 53.562555653000061)","Unfall 125300 (2017) Kat:3, Licht: 0","125300","3","2","4","09","13","4","0","0","1","0","0","0"
"POINT (9.878786064000053 53.532362540000065)","Unfall 125301 (2017) Kat:3, Licht: 0","125301","3","3","5","09","16","3","0","0","0","1","0","0"
"POINT (10.019656763000057 53.512023774000056)","Unfall 125302 (2017) Kat:3, Licht: 0","125302","3","3","5","09","16","3","0","0","0","1","0","0"
"POINT (10.068070668000075 53.582516251000072)","Unfall 125303 (2017) Kat:3, Licht: 0","125303","3","6","2","09","10","3","0","0","0","1","0","0"
"POINT (10.076779627000064 53.614139916000056)","Unfall 125304 (2017) Kat:3, Licht: 0","125304","3","3","5","09","12","3","0","0","0","1","0","0"
"POINT (10.075878417000069 53.663708212000074)","Unfall 125305 (2017) Kat:3, Licht: 0","125305","3","2","5","09","15","3","0","0","1","1","0","0"
"POINT (10.015442485000051 53.590099164000037)","Unfall 125306 (2017) Kat:3, Licht: 0","125306","3","2","5","09","16","3","0","0","1","1","0","0"
"POINT (9.898486099000024 53.610068377000061)","Unfall 125307 (2017) Kat:3, Licht: 0","125307","3","3","5","09","08","3","0","0","1","1","0","0"
"POINT (9.892925669000022 53.615140294000071)","Unfall 125308 (2017) Kat:3, Licht: 1","125308","3","6","3","09","07","3","0","1","1","0","0","0"
"POINT (9.851721093000037 53.587090643000067)","Unfall 125309 (2017) Kat:3, Licht: 2","125309","3","6","3","09","20","3","0","2","0","1","0","1"
"POINT (9.927671102000033 53.560122370000045)","Unfall 125310 (2017) Kat:3, Licht: 0","125310","3","3","6","09","13","3","0","0","1","0","1","0"
"POINT (9.949211918000060 53.621588135000081)","Unfall 125311 (2017) Kat:3, Licht: 0","125311","3","7","0","09","15","3","0","0","1","1","0","0"
"POINT (9.990097308000031 53.589354301000071)","Unfall 125312 (2017) Kat:3, Licht: 2","125312","3","5","1","09","06","3","0","2","1","1","0","0"
"POINT (9.995695322000074 53.563311874000078)","Unfall 125313 (2017) Kat:3, Licht: 0","125313","3","5","1","09","07","3","1","0","1","1","0","0"
"POINT (9.993322579000051 53.573975488000031)","Unfall 125314 (2017) Kat:2, Licht: 0","125314","2","3","5","09","17","3","0","0","0","0","0","1"
"POINT (10.005541356000037 53.551745027000038)","Unfall 125315 (2017) Kat:3, Licht: 2","125315","3","4","6","09","19","3","1","2","0","0","1","0"
"POINT (10.091295679000041 53.544118357000059)","Unfall 125316 (2017) Kat:3, Licht: 0","125316","3","2","2","09","14","2","0","0","0","1","0","0"
"POINT (10.104890493000028 53.545132265000063)","Unfall 125317 (2017) Kat:3, Licht: 0","125317","3","3","5","09","17","2","1","0","1","0","0","0"
"POINT (10.112881560000062 53.538068424000073)","Unfall 125318 (2017) Kat:3, Licht: 0","125318","3","3","0","09","10","2","0","0","0","1","0","0"
"POINT (10.040367527000058 53.550807165000037)","Unfall 125319 (2017) Kat:3, Licht: 0","125319","3","5","1","09","16","2","1","0","1","1","0","0"
"POINT (10.119339054000022 53.604548500000078)","Unfall 125320 (2017) Kat:2, Licht: 0","125320","2","4","6","09","13","2","0","0","0","1","1","0"
"POINT (10.069405888000063 53.611156770000036)","Unfall 125321 (2017) Kat:3, Licht: 0","125321","3","3","5","09","16","2","1","0","1","1","0","0"
"POINT (10.073914770000044 53.611083625000049)","Unfall 125322 (2017) Kat:3, Licht: 0","125322","3","6","2","09","16","2","1","0","0","1","0","0"
"POINT (10.089620544000070 53.664490321000073)","Unfall 125323 (2017) Kat:3, Licht: 0","125323","3","3","5","09","14","2","0","0","1","1","0","0"
"POINT (10.005523308000022 53.679998872000056)","Unfall 125324 (2017) Kat:3, Licht: 0","125324","3","7","6","09","17","2","0","0","0","0","1","0"
"POINT (10.028974781000045 53.676594126000055)","Unfall 125325 (2017) Kat:1, Licht: 0","125325","1","7","5","09","13","2","0","0","0","1","0","1"
"POINT (10.012770704000047 53.626827641000034)","Unfall 125326 (2017) Kat:3, Licht: 0","125326","3","6","6","09","13","2","0","0","1","0","1","0"