WKT,Name,OBJECTID,UKATEGORIE,UTYP1,UART,UMONAT,USTUNDE,UWOCHENTAG,STRZUSTAND,ULICHTVERH,ISTRAD,ISTPKW,ISTFUSS,ISTKRAD
"POINT (10.011951720000070 53.593176579000044)","Unfall 125327 (2017) Kat:3, Licht: 0","125327","3","6","0","09","13","2","0","0","0","1","0","1"
"POINT (10.016895389000069 53.600421499000049)","Unfall 125328 (2017) Kat:3, Licht: 0","125328","3","1","0","09","16","2","0","0","0","0","0","1"
"POINT (10.024723161000054 53.606240865000075)","Unfall 125329 (2017) Kat:3, Licht: 0","125329","3","3","5","09","13","2","0","0","1","1","0","0"
"POINT (10.014474794000023 53.578086798000072)","Unfall 125330 (2017) Kat:3, Licht: 0","125330","3","7","0","09","12","2","0","0","0","1","0","0"
"POINT (10.035301612000069 53.601154960000031)","Unfall 125331 (2017) Kat:3, Licht: 0","125331","3","6","4","09","08","2","0","0","1","0","0","0"
"POINT (10.035714024000072 53.574907876000054)","Unfall 125332 (2017) Kat:2, Licht: 0","125332","2","2","3","09","17","2","0","0","1","0","0","0"
"POINT (9.874041168000076 53.601082822000080)","Unfall 125333 (2017) Kat:3, Licht: 0","125333","3","3","5","09","16","2","0","0","1","1","0","0"
"POINT (9.981251527000040 53.591230475000032)","Unfall 125334 (2017) Kat:3, Licht: 0","125334","3","3","5","09","13","2","0","0","1","1","0","0"
"POINT (9.991280242000073 53.602356634000046)","Unfall 125335 (2017) Kat:3, Licht: 0","125335","3","3","5","09","08","2","0","0","1","1","0","0"
"POINT (10.004095224000025 53.548332530000039)","Unfall 125336 (2017) Kat:3, Licht: 0","125336","3","7","6","09","17","2","0","0","0","0","1","0"
"POINT (9.999173907000056 53.557400269000027)","Unfall 125337 (2017) Kat:3, Licht: 1","125337","3","6","1","09","17","2","1","1","0","1","0","0"
"POINT (10.014197862000060 53.561762749000081)","Unfall 125338 (2017) Kat:3, Licht: 0","125338","3","6","2","09","11","2","0","0","0","1","0","0"
"POINT (9.993733174000056 53.519034136000073)","Unfall 125339 (2017) Kat:3, Licht: 0","125339","3","6","2","09","15","1","1","0","0","1","0","0"
"POINT (9.999552877000042 53.648304867000036)","Unfall 125340 (2017) Kat:3, Licht: 0","125340","3","6","2","09","12","1","0","0","0","1","0","0"
"POINT (9.937561512000059 53.581522818000053)","Unfall 125341 (2017) Kat:2, Licht: 2","125341","2","3","5","09","20","1","0","2","0","1","0","1"
"POINT (9.893369595000024 53.600326571000039)","Unfall 125342 (2017) Kat:3, Licht: 0","125342","3","6","4","09","19","1","0","0","0","1","0","0"
"POINT (9.964795166000044 53.549702284000034)","Unfall 125343 (2017) Kat:2, Licht: 2","125343","2","6","2","09","02","1","1","2","0","1","0","0"
"POINT (9.875127765000059 53.476793482000062)","Unfall 125344 (2017) Kat:2, Licht: 0","125344","2","7","0","09","14","7","0","0","0","0","0","0"
"POINT (10.101987321000024 53.443990615000075)","Unfall 125345 (2017) Kat:2, Licht: 0","125345","2","1","9","09","12","7","0","0","0","0","0","1"
"POINT (10.211733397000046 53.504081876000043)","Unfall 125346 (2017) Kat:3, Licht: 0","125346","3","3","5","09","15","7","0","0","1","1","0","0"
"POINT (10.075997804000053 53.583659602000068)","Unfall 125347 (2017) Kat:3, Licht: 0","125347","3","6","2","09","10","7","0","0","1","0","0","0"
"POINT (10.070098718000054 53.575935553000079)","Unfall 125348 (2017) Kat:3, Licht: 0","125348","3","7","4","09","11","7","0","0","0","1","0","0"
"POINT (9.967117810000048 53.603274113000055)","Unfall 125349 (2017) Kat:3, Licht: 0","125349","3","2","3","09","16","7","0","0","0","1","0","0"
"POINT (9.972948257000041 53.452293849000057)","Unfall 125350 (2017) Kat:3, Licht: 0","125350","3","2","4","09","14","6","0","0","1","1","0","0"
"POINT (9.988649654000028 53.449824150000040)","Unfall 125351 (2017) Kat:3, Licht: 0","125351","3","6","0","09","13","6","0","0","0","1","0","0"
"POINT (10.180729824000025 53.497203143000036)","Unfall 125352 (2017) Kat:3, Licht: 2","125352","3","3","5","09","05","6","0","2","0","1","0","0"
"POINT (10.071412699000064 53.558916363000037)","Unfall 125353 (2017) Kat:3, Licht: 2","125353","3","6","2","09","02","6","0","2","0","1","0","0"
"POINT (10.161022244000037 53.589183495000043)","Unfall 125354 (2017) Kat:3, Licht: 2","125354","3","4","6","09","19","6","0","2","0","1","1","0"
"POINT (10.157052798000052 53.591476247000060)","Unfall 125355 (2017) Kat:3, Licht: 0","125355","3","2","4","09","07","6","0","0","1","1","0","0"
"POINT (10.094926787000077 53.686082716000044)","Unfall 125356 (2017) Kat:2, Licht: 0","125356","2","2","0","09","13","6","0","0","0","1","0","0"
"POINT (10.026272129000063 53.670545508000032)","Unfall 125357 (2017) Kat:3, Licht: 0","125357","3","6","1","09","07","6","0","0","0","1","0","0"
"POINT (10.019396162000021 53.653187692000074)","Unfall 125358 (2017) Kat:3, Licht: 0","125358","3","2","3","09","14","6","0","0","1","1","0","0"
"POINT (10.023715606000053 53.565437361000079)","Unfall 125359 (2017) Kat:3, Licht: 0","125359","3","6","2","09","08","6","0","0","1","1","0","0"
"POINT (9.821371662000047 53.576509431000034)","Unfall 125360 (2017) Kat:3, Licht: 0","125360","3","7","0","09","10","6","0","0","1","1","0","0"
"POINT (9.851957941000023 53.595091762000038)","Unfall 125361 (2017) Kat:2, Licht: 2","125361","2","5","1","09","23","6","0","2","0","1","0","1"
"POINT (9.936987573000067 53.552159491000054)","Unfall 125362 (2017) Kat:3, Licht: 0","125362","3","6","3","09","15","6","0","0","0","1","0","0"
"POINT (9.988903005000054 53.578547916000048)","Unfall 125363 (2017) Kat:3, Licht: 0","125363","3","2","3","09","15","6","0","0","0","1","0","1"
"POINT (9.962981607000074 53.549264960000073)","Unfall 125364 (2017) Kat:3, Licht: 2","125364","3","7","6","09","23","6","0","2","0","1","1","0"
"POINT (10.032408738000072 53.514074130000040)","Unfall 125365 (2017) Kat:3, Licht: 1","125365","3","6","3","09","06","5","0","1","0","1","0","0"
"POINT (10.179663015000074 53.486495123000054)","Unfall 125366 (2017) Kat:2, Licht: 2","125366","2","3","5","09","20","5","0","2","1","1","0","0"
"POINT (10.118002957000044 53.537961550000034)","Unfall 125367 (2017) Kat:3, Licht: 0","125367","3","3","5","09","11","5","0","0","1","1","0","0"
"POINT (10.132278624000037 53.601545370000053)","Unfall 125368 (2017) Kat:3, Licht: 0","125368","3","5","1","09","17","5","0","0","1","1","0","0"
"POINT (10.123012674000051 53.591189548000045)","Unfall 125369 (2017) Kat:3, Licht: 0","125369","3","6","2","09","14","5","0","0","0","0","0","0"
"POINT (10.124599183000043 53.570936853000035)","Unfall 125370 (2017) Kat:2, Licht: 2","125370","2","2","4","09","05","5","0","2","0","1","0","0"
"POINT (10.079971630000045 53.576123079000070)","Unfall 125371 (2017) Kat:3, Licht: 0","125371","3","7","1","09","10","5","0","0","0","1","0","0"
"POINT (10.068452356000023 53.608563203000074)","Unfall 125372 (2017) Kat:3, Licht: 0","125372","3","5","3","09","17","5","0","0","0","1","0","0"
"POINT (10.070281422000050 53.597376864000069)","Unfall 125373 (2017) Kat:3, Licht: 0","125373","3","3","3","09","16","5","0","0","0","0","0","1"
"POINT (10.013829250000072 53.599070232000031)","Unfall 125374 (2017) Kat:3, Licht: 0","125374","3","6","1","09","08","5","0","0","1","1","0","0"
"POINT (10.037629903000038 53.561788421000074)","Unfall 125375 (2017) Kat:3, Licht: 0","125375","3","5","1","09","10","5","0","0","0","1","0","0"
"POINT (9.891117334000057 53.554053729000032)","Unfall 125376 (2017) Kat:3, Licht: 0","125376","3","2","4","10","16","6","1","0","1","1","0","0"
"POINT (9.866857918000051 53.586159051000038)","Unfall 125377 (2017) Kat:3, Licht: 0","125377","3","6","2","10","14","6","0","0","0","1","0","0"
"POINT (9.909244585000067 53.605307082000081)","Unfall 125378 (2017) Kat:3, Licht: 1","125378","3","6","4","10","18","6","0","1","1","0","0","0"
"POINT (9.858383718000027 53.548303221000026)","Unfall 125379 (2017) Kat:3, Licht: 0","125379","3","6","2","09","10","5","0","0","0","1","0","0"
"POINT (9.866002666000043 53.577523733000078)","Unfall 125380 (2017) Kat:2, Licht: 0","125380","2","6","3","09","15","5","0","0","0","1","0","1"
"POINT (9.910893501000032 53.583751663000044)","Unfall 125381 (2017) Kat:3, Licht: 0","125381","3","6","3","09","08","5","0","0","0","1","0","1"
"POINT (9.961244107000027 53.624246221000078)","Unfall 125382 (2017) Kat:3, Licht: 0","125382","3","2","6","09","16","5","0","0","0","1","1","0"
"POINT (9.983296856000038 53.544507788000033)","Unfall 125383 (2017) Kat:3, Licht: 0","125383","3","6","6","09","13","5","0","0","1","0","1","0"
"POINT (9.988651393000055 53.557378147000065)","Unfall 125384 (2017) Kat:3, Licht: 0","125384","3","3","0","09","14","5","0","0","1","0","0","0"
"POINT (10.098285037000039 53.541479954000067)","Unfall 125385 (2017) Kat:3, Licht: 1","125385","3","3","5","09","19","4","0","1","0","1","0","0"
"POINT (10.078730001000054 53.517794136000077)","Unfall 125386 (2017) Kat:2, Licht: 2","125386","2","6","3","09","04","4","0","2","0","1","0","0"
"POINT (10.163429265000048 53.627521958000045)","Unfall 125387 (2017) Kat:3, Licht: 0","125387","3","1","8","09","14","4","0","0","0","1","0","0"
"POINT (10.153891949000069 53.614621495000051)","Unfall 125388 (2017) Kat:3, Licht: 0","125388","3","3","5","09","08","4","1","0","1","1","0","0"
"POINT (10.146687547000056 53.592029655000033)","Unfall 125389 (2017) Kat:3, Licht: 0","125389","3","6","4","09","12","4","1","0","0","1","0","0"
"POINT (10.058425719000070 53.575830619000044)","Unfall 125390 (2017) Kat:3, Licht: 0","125390","3","6","3","09","14","4","0","0","0","1","0","1"
"POINT (10.065235476000055 53.578942330000075)","Unfall 125391 (2017) Kat:3, Licht: 0","125391","3","3","5","09","15","4","0","0","1","1","0","0"
"POINT (10.065449804000025 53.597996391000038)","Unfall 125392 (2017) Kat:3, Licht: 0","125392","3","2","3","09","13","4","0","0","1","1","0","0"
"POINT (10.014555618000031 53.597803771000031)","Unfall 125393 (2017) Kat:3, Licht: 0","125393","3","6","2","09","17","4","0","0","1","1","0","0"
"POINT (10.057033616000069 53.592212919000076)","Unfall 125394 (2017) Kat:3, Licht: 2","125394","3","7","9","09","20","4","0","2","0","0","0","1"
"POINT (9.933433336000064 53.593175768000037)","Unfall 125395 (2017) Kat:2, Licht: 0","125395","2","4","6","09","14","4","0","0","0","1","1","0"
"POINT (10.051704349000033 53.557593842000074)","Unfall 125396 (2017) Kat:3, Licht: 0","125396","3","3","5","10","16","5","1","0","1","1","0","0"
"POINT (10.041794640000035 53.555485792000070)","Unfall 125397 (2017) Kat:3, Licht: 0","125397","3","6","3","10","18","5","1","0","0","1","0","0"
"POINT (9.946904389000054 53.551371608000068)","Unfall 125398 (2017) Kat:3, Licht: 0","125398","3","6","4","09","17","4","0","0","1","0","0","0"
"POINT (9.929954965000036 53.554513404000033)","Unfall 125399 (2017) Kat:3, Licht: 0","125399","3","5","1","09","16","4","0","0","1","1","0","0"
"POINT (9.989867766000032 53.561460414000067)","Unfall 125400 (2017) Kat:3, Licht: 0","125400","3","6","1","09","09","4","0","0","0","1","0","0"
"POINT (9.967979635000063 53.557360618000075)","Unfall 125401 (2017) Kat:3, Licht: 0","125401","3","4","5","09","09","4","1","0","0","0","1","1"
"POINT (9.962730456000031 53.546485929000028)","Unfall 125402 (2017) Kat:3, Licht: 0","125402","3","6","2","09","14","4","0","0","0","1","0","1"
"POINT (9.997411491000037 53.552413523000041)","Unfall 125403 (2017) Kat:3, Licht: 2","125403","3","3","6","09","19","4","0","2","1","0","1","0"
"POINT (9.978707586000041 53.488561277000031)","Unfall 125404 (2017) Kat:2, Licht: 0","125404","2","5","1","09","16","4","0","0","0","0","0","0"
"POINT (9.973947522000060 53.524386680000077)","Unfall 125405 (2017) Kat:3, Licht: 0","125405","3","3","1","09","13","4","0","0","1","0","0","0"
"POINT (9.989343381000026 53.439411627000027)","Unfall 125406 (2017) Kat:3, Licht: 0","125406","3","7","6","09","10","3","0","0","0","1","1","0"
"POINT (9.996219904000043 53.477673786000082)","Unfall 125407 (2017) Kat:3, Licht: 0","125407","3","7","5","09","16","3","0","0","0","1","0","0"
"POINT (10.016595974000040 53.518686302000049)","Unfall 125408 (2017) Kat:3, Licht: 0","125408","3","6","2","09","14","3","0","0","0","1","0","0"
"POINT (10.015229545000068 53.518864595000082)","Unfall 125409 (2017) Kat:3, Licht: 1","125409","3","6","1","09","05","3","0","1","0","1","0","0"
"POINT (10.169557010000062 53.512534570000071)","Unfall 125410 (2017) Kat:2, Licht: 2","125410","2","4","6","09","05","3","0","2","1","0","1","0"
"POINT (10.127380698000024 53.540086587000076)","Unfall 125411 (2017) Kat:3, Licht: 0","125411","3","3","5","09","17","3","0","0","0","1","0","0"
"POINT (10.028949596000075 53.554095692000033)","Unfall 125412 (2017) Kat:3, Licht: 0","125412","3","6","2","09","14","3","0","0","0","1","0","0"
"POINT (10.127621526000041 53.575968310000064)","Unfall 125413 (2017) Kat:3, Licht: 0","125413","3","6","3","09","07","3","0","0","0","1","0","1"
"POINT (10.118151983000075 53.599955971000043)","Unfall 125414 (2017) Kat:3, Licht: 2","125414","3","2","6","09","06","3","0","2","0","1","1","0"
"POINT (10.069594005000056 53.587704862000066)","Unfall 125415 (2017) Kat:3, Licht: 0","125415","3","6","3","09","16","3","0","0","1","1","0","0"
"POINT (10.035855895000054 53.604660374000048)","Unfall 125416 (2017) Kat:3, Licht: 0","125416","3","7","6","09","15","3","0","0","0","1","1","0"
"POINT (10.077114734000077 53.657653551000067)","Unfall 125417 (2017) Kat:3, Licht: 2","125417","3","6","4","09","21","3","1","2","0","1","0","1"
"POINT (9.845073263000074 53.557161294000082)","Unfall 125418 (2017) Kat:3, Licht: 0","125418","3","3","5","09","08","3","0","0","0","1","0","0"
"POINT (9.802351674000022 53.565257745000054)","Unfall 125419 (2017) Kat:3, Licht: 1","125419","3","6","4","09","06","3","0","1","0","1","0","0"
"POINT (9.900318571000071 53.553456285000038)","Unfall 125420 (2017) Kat:2, Licht: 0","125420","2","3","5","09","18","3","0","0","1","0","0","0"
"POINT (9.870939902000032 53.572255315000064)","Unfall 125421 (2017) Kat:3, Licht: 0","125421","3","3","5","09","18","3","0","0","1","1","0","0"
"POINT (9.917802995000045 53.636308597000038)","Unfall 125422 (2017) Kat:3, Licht: 2","125422","3","2","3","09","22","3","1","2","0","1","0","0"
"POINT (9.962742473000048 53.603454349000060)","Unfall 125423 (2017) Kat:3, Licht: 0","125423","3","6","3","09","07","3","1","0","0","0","0","1"
"POINT (9.942031390000068 53.546365942000079)","Unfall 125424 (2017) Kat:2, Licht: 0","125424","2","2","6","09","17","3","0","0","0","1","1","0"
"POINT (9.963645436000036 53.547029239000040)","Unfall 125425 (2017) Kat:3, Licht: 2","125425","3","2","0","09","23","3","1","2","1","1","0","0"
"POINT (9.992756985000028 53.556943826000065)","Unfall 125426 (2017) Kat:3, Licht: 1","125426","3","7","0","09","19","3","0","1","0","1","0","0"
"POINT (9.991052328000023 53.446114639000029)","Unfall 125427 (2017) Kat:2, Licht: 2","125427","2","4","6","09","05","2","0","2","0","0","1","0"
"POINT (10.089787098000045 53.549671195000030)","Unfall 125428 (2017) Kat:3, Licht: 2","125428","3","6","2","09","20","2","1","2","0","1","0","0"
"POINT (10.125822031000041 53.570981707000044)","Unfall 125429 (2017) Kat:2, Licht: 0","125429","2","6","2","09","16","2","1","0","0","1","0","1"
"POINT (10.164522074000047 53.621502941000074)","Unfall 125430 (2017) Kat:3, Licht: 0","125430","3","2","5","09","16","2","0","0","1","1","0","0"
"POINT (10.128640485000062 53.601021572000036)","Unfall 125431 (2017) Kat:3, Licht: 0","125431","3","6","2","09","17","2","1","0","0","1","0","0"
"POINT (10.085904070000026 53.568928860000028)","Unfall 125432 (2017) Kat:3, Licht: 0","125432","3","6","3","09","14","2","1","0","0","1","0","0"
"POINT (10.070841426000072 53.634501483000065)","Unfall 125433 (2017) Kat:3, Licht: 0","125433","3","3","6","09","15","2","0","0","1","0","1","0"
"POINT (10.035577823000040 53.634033793000071)","Unfall 125434 (2017) Kat:3, Licht: 0","125434","3","7","3","09","12","2","0","0","0","1","0","0"
"POINT (10.000416403000031 53.621559499000057)","Unfall 125435 (2017) Kat:3, Licht: 0","125435","3","3","5","09","09","2","0","0","1","1","0","0"
"POINT (10.056976098000064 53.575781143000029)","Unfall 125436 (2017) Kat:3, Licht: 0","125436","3","3","5","09","08","2","1","0","1","1","0","0"
"POINT (10.016809884000054 53.563582193000059)","Unfall 125437 (2017) Kat:3, Licht: 1","125437","3","6","1","09","18","2","1","1","1","1","0","0"
"POINT (9.936208952000072 53.592560104000029)","Unfall 125438 (2017) Kat:3, Licht: 0","125438","3","6","2","09","18","2","0","0","0","1","0","0"
"POINT (9.884058920000030 53.557413745000076)","Unfall 125439 (2017) Kat:3, Licht: 0","125439","3","5","5","09","18","2","0","0","1","1","0","0"
"POINT (9.863406880000071 53.597513851000031)","Unfall 125440 (2017) Kat:3, Licht: 0","125440","3","6","2","09","14","2","0","0","0","1","0","0"
"POINT (9.953231473000074 53.621641809000039)","Unfall 125441 (2017) Kat:2, Licht: 0","125441","2","6","0","09","16","2","0","0","0","0","0","1"
"POINT (9.961970722000046 53.628481424000029)","Unfall 125442 (2017) Kat:3, Licht: 0","125442","3","3","5","09","08","2","0","0","1","1","0","0"
"POINT (9.955316177000043 53.569883437000044)","Unfall 125443 (2017) Kat:3, Licht: 0","125443","3","6","2","09","13","2","0","0","0","1","0","0"
"POINT (9.949149073000058 53.561222593000082)","Unfall 125444 (2017) Kat:3, Licht: 0","125444","3","6","2","09","16","2","0","0","0","1","0","0"
"POINT (9.929921282000066 53.548139684000034)","Unfall 125445 (2017) Kat:3, Licht: 0","125445","3","4","6","09","16","2","0","0","0","1","1","0"
"POINT (9.962625538000054 53.564476320000040)","Unfall 125446 (2017) Kat:3, Licht: 2","125446","3","3","5","09","21","2","1","2","0","1","0","0"
"POINT (10.006088375000047 53.549959682000065)","Unfall 125447 (2017) Kat:2, Licht: 0","125447","2","2","6","09","10","2","0","0","0","1","1","0"
"POINT (10.005887913000038 53.551627055000040)","Unfall 125448 (2017) Kat:3, Licht: 2","125448","3","4","6","09","03","2","0","2","0","0","1","0"
"POINT (9.993678930000044 53.557612695000046)","Unfall 125449 (2017) Kat:3, Licht: 0","125449","3","6","2","09","17","2","0","0","0","1","0","1"
"POINT (9.986210168000071 53.542754616000082)","Unfall 125450 (2017) Kat:3, Licht: 0","125450","3","6","3","09","11","2","0","0","0","1","0","0"
"POINT (10.106370352000056 53.546685431000071)","Unfall 125451 (2017) Kat:3, Licht: 0","125451","3","6","2","09","18","1","1","0","0","1","0","0"
"POINT (10.047693072000072 53.550645962000033)","Unfall 125452 (2017) Kat:3, Licht: 0","125452","3","3","5","09","16","1","1","0","0","1","0","0"
"POINT (10.101519596000060 53.583590250000043)","Unfall 125453 (2017) Kat:3, Licht: 0","125453","3","6","2","09","19","1","0","0","0","1","0","0"
"POINT (10.068928283000048 53.560901819000037)","Unfall 125454 (2017) Kat:3, Licht: 0","125454","3","7","5","09","14","1","1","0","0","1","0","1"
"POINT (10.044949454000061 53.582319500000040)","Unfall 125455 (2017) Kat:3, Licht: 0","125455","3","7","5","09","14","1","1","0","0","1","0","0"
"POINT (9.896706157000040 53.604756230000078)","Unfall 125456 (2017) Kat:3, Licht: 0","125456","3","3","0","09","08","1","1","0","0","0","0","1"
"POINT (9.950805517000049 53.546359046000077)","Unfall 125457 (2017) Kat:2, Licht: 2","125457","2","4","6","09","06","1","0","2","0","1","1","0"
"POINT (9.984184379000055 53.557892387000038)","Unfall 125458 (2017) Kat:3, Licht: 2","125458","3","6","2","09","22","1","1","2","0","1","0","0"
"POINT (10.107644760000028 53.612747270000057)","Unfall 125459 (2017) Kat:3, Licht: 0","125459","3","3","0","09","15","7","1","0","0","1","0","0"
"POINT (10.057507257000054 53.613539075000062)","Unfall 125460 (2017) Kat:3, Licht: 0","125460","3","4","6","09","14","7","0","0","0","1","1","0"
"POINT (10.101564478000057 53.630007099000068)","Unfall 125461 (2017) Kat:3, Licht: 2","125461","3","3","5","09","21","7","1","2","0","1","0","0"
"POINT (10.038912127000060 53.607199432000073)","Unfall 125462 (2017) Kat:3, Licht: 0","125462","3","1","7","09","12","7","0","0","0","0","0","1"
"POINT (9.872058762000052 53.584891899000070)","Unfall 125463 (2017) Kat:3, Licht: 0","125463","3","3","5","09","13","7","0","0","0","1","0","0"
"POINT (9.950070139000047 53.550934123000047)","Unfall 125464 (2017) Kat:3, Licht: 0","125464","3","2","3","09","17","7","0","0","0","1","0","0"
"POINT (9.965502575000073 53.566160960000047)","Unfall 125465 (2017) Kat:3, Licht: 0","125465","3","7","0","09","15","7","1","0","0","0","0","1"
"POINT (9.977642134000064 53.577348946000029)","Unfall 125466 (2017) Kat:3, Licht: 0","125466","3","3","5","09","13","7","0","0","1","0","0","0"
"POINT (9.990523419000056 53.443936459000042)","Unfall 125467 (2017) Kat:3, Licht: 2","125467","3","7","6","09","21","6","0","2","0","1","1","0"
"POINT (10.008244437000030 53.480621779000046)","Unfall 125468 (2017) Kat:3, Licht: 0","125468","3","6","2","09","18","6","1","0","0","1","0","0"
"POINT (10.042836130000069 53.581505309000079)","Unfall 125469 (2017) Kat:3, Licht: 2","125469","3","6","2","10","02","1","1","2","0","1","0","0"
"POINT (10.040506614000037 53.570135977000064)","Unfall 125470 (2017) Kat:2, Licht: 0","125470","2","2","6","10","16","1","0","0","0","1","1","0"
"POINT (10.016412134000063 53.577914238000062)","Unfall 125471 (2017) Kat:3, Licht: 0","125471","3","6","6","10","09","1","1","0","1","0","1","0"
"POINT (9.851732499000036 53.585569008000050)","Unfall 125472 (2017) Kat:2, Licht: 2","125472","2","1","9","10","04","1","1","2","0","1","0","0"
"POINT (9.908856088000050 53.563388110000062)","Unfall 125473 (2017) Kat:3, Licht: 0","125473","3","6","2","10","14","1","0","0","0","1","0","0"
"POINT (10.007318655000063 53.496609267000053)","Unfall 125474 (2017) Kat:2, Licht: 0","125474","2","4","6","09","10","6","0","0","0","1","1","0"
"POINT (9.894684700000028 53.583747364000033)","Unfall 125475 (2017) Kat:3, Licht: 2","125475","3","2","4","10","01","1","1","2","0","1","0","0"
"POINT (10.179883538000070 53.507836199000053)","Unfall 125476 (2017) Kat:3, Licht: 0","125476","3","2","5","09","09","6","0","0","1","0","0","1"
"POINT (9.952160170000070 53.598646503000055)","Unfall 125477 (2017) Kat:3, Licht: 0","125477","3","6","2","10","11","1","0","0","0","1","0","0"
"POINT (10.095251291000068 53.543770782000081)","Unfall 125478 (2017) Kat:3, Licht: 0","125478","3","5","1","09","13","6","0","0","1","1","0","0"
"POINT (9.989206171000035 53.581478088000040)","Unfall 125479 (2017) Kat:3, Licht: 0","125479","3","3","5","10","10","1","1","0","0","1","0","1"
"POINT (10.068603011000050 53.580863965000049)","Unfall 125480 (2017) Kat:3, Licht: 0","125480","3","6","2","09","13","6","0","0","0","1","0","0"
"POINT (10.068899739000074 53.580968704000043)","Unfall 125481 (2017) Kat:3, Licht: 0","125481","3","6","2","09","10","6","0","0","0","1","0","0"
"POINT (9.988653307000050 53.562039604000063)","Unfall 125482 (2017) Kat:1, Licht: 2","125482","1","4","6","10","03","1","1","2","0","0","1","0"
"POINT (10.110826219000046 53.653841973000056)","Unfall 125483 (2017) Kat:3, Licht: 0","125483","3","6","2","09","14","6","0","0","0","1","0","0"
"POINT (10.016979255000024 53.640096531000040)","Unfall 125484 (2017) Kat:3, Licht: 0","125484","3","4","6","09","15","6","0","0","0","1","1","0"
"POINT (9.993694764000054 53.518415440000069)","Unfall 125485 (2017) Kat:3, Licht: 0","125485","3","1","9","10","14","7","0","0","0","1","0","0"
"POINT (9.959724529000027 53.631799600000079)","Unfall 125486 (2017) Kat:3, Licht: 0","125486","3","3","5","09","15","6","0","0","1","1","0","0"
"POINT (9.935608430000059 53.551580036000075)","Unfall 125487 (2017) Kat:3, Licht: 0","125487","3","7","3","09","18","6","0","0","0","1","0","0"
"POINT (10.222198424000055 53.505878550000034)","Unfall 125488 (2017) Kat:3, Licht: 2","125488","3","1","8","10","05","7","1","2","0","1","0","0"
"POINT (9.988568815000065 53.571159405000060)","Unfall 125489 (2017) Kat:3, Licht: 0","125489","3","4","6","09","09","6","0","0","0","1","1","0"
"POINT (10.066709440000068 53.559601451000049)","Unfall 125490 (2017) Kat:3, Licht: 0","125490","3","6","2","10","14","7","1","0","0","1","0","0"
"POINT (10.149169046000054 53.524368860000038)","Unfall 125491 (2017) Kat:3, Licht: 1","125491","3","1","8","10","16","7","1","1","0","1","0","0"
"POINT (9.964386737000041 53.549753256000031)","Unfall 125492 (2017) Kat:2, Licht: 0","125492","2","4","6","09","14","6","0","0","0","1","1","0"
"POINT (10.032585521000044 53.554651964000072)","Unfall 125493 (2017) Kat:2, Licht: 2","125493","2","7","9","10","06","7","1","2","0","1","0","0"
"POINT (10.140185282000061 53.584018462000074)","Unfall 125494 (2017) Kat:3, Licht: 2","125494","3","4","6","10","20","7","1","2","0","1","1","0"
"POINT (10.002253366000048 53.557077461000063)","Unfall 125495 (2017) Kat:3, Licht: 2","125495","3","3","5","09","21","6","0","2","0","1","0","0"
"POINT (10.027412638000044 53.533828286000073)","Unfall 125496 (2017) Kat:2, Licht: 0","125496","2","3","5","09","17","5","0","0","1","0","0","0"
"POINT (10.103635388000043 53.575515987000074)","Unfall 125497 (2017) Kat:3, Licht: 0","125497","3","6","3","09","14","5","0","0","0","1","0","0"
"POINT (10.148067397000034 53.605374821000055)","Unfall 125498 (2017) Kat:3, Licht: 2","125498","3","3","5","09","23","5","0","2","0","1","0","0"
"POINT (10.043971980000038 53.601875533000054)","Unfall 125499 (2017) Kat:3, Licht: 2","125499","3","3","5","09","22","5","0","2","1","1","0","0"
"POINT (10.081811427000048 53.620439016000034)","Unfall 125500 (2017) Kat:3, Licht: 0","125500","3","6","2","09","09","5","0","0","0","1","0","0"
"POINT (10.036686715000030 53.647324487000049)","Unfall 125501 (2017) Kat:3, Licht: 0","125501","3","3","6","09","14","5","0","0","0","1","1","0"
"POINT (10.003712118000067 53.586719489000075)","Unfall 125502 (2017) Kat:3, Licht: 2","125502","3","6","6","09","20","5","0","2","1","0","1","0"
"POINT (9.997721873000046 53.605139620000045)","Unfall 125503 (2017) Kat:3, Licht: 0","125503","3","2","5","09","18","5","0","0","1","0","0","0"
"POINT (10.021922139000026 53.613258334000079)","Unfall 125504 (2017) Kat:3, Licht: 0","125504","3","7","1","09","11","5","0","0","0","1","0","0"
"POINT (10.001334482000061 53.676050984000028)","Unfall 125505 (2017) Kat:3, Licht: 2","125505","3","2","2","10","20","7","1","2","0","1","0","0"
"POINT (10.041391914000030 53.586888247000047)","Unfall 125506 (2017) Kat:2, Licht: 0","125506","2","3","6","10","07","7","1","0","0","1","1","0"
"POINT (10.033468794000044 53.576614614000050)","Unfall 125507 (2017) Kat:3, Licht: 0","125507","3","3","5","10","17","7","1","0","1","1","0","0"
"POINT (9.918195598000068 53.579370327000049)","Unfall 125508 (2017) Kat:3, Licht: 0","125508","3","7","0","10","15","7","1","0","0","0","0","1"
"POINT (9.978162361000045 53.607480990000056)","Unfall 125509 (2017) Kat:3, Licht: 0","125509","3","6","2","10","16","7","1","0","0","1","0","0"
"POINT (9.960350919000064 53.563469449000081)","Unfall 125510 (2017) Kat:3, Licht: 0","125510","3","6","3","10","13","7","1","0","1","1","0","0"
"POINT (9.795962035000059 53.514563662000057)","Unfall 125511 (2017) Kat:3, Licht: 2","125511","3","6","2","10","22","6","0","2","0","1","0","0"