WKT,Name,OBJECTID,UKATEGORIE,UTYP1,UART,UMONAT,USTUNDE,UWOCHENTAG,STRZUSTAND,ULICHTVERH,ISTRAD,ISTPKW,ISTFUSS,ISTKRAD
"POINT (9.894800548000035 53.477396242000054)","Unfall 125512 (2017) Kat:3, Licht: 0","125512","3","3","6","10","13","6","0","0","0","1","1","0"
"POINT (10.177776874000074 53.476637986000071)","Unfall 125513 (2017) Kat:3, Licht: 0","125513","3","2","0","10","07","6","1","0","1","1","0","0"
"POINT (10.127069769000059 53.538785394000058)","Unfall 125514 (2017) Kat:3, Licht: 0","125514","3","3","6","10","16","6","0","0","1","0","1","0"
"POINT (10.043576619000021 53.595774929000072)","Unfall 125515 (2017) Kat:3, Licht: 2","125515","3","5","3","09","21","5","0","2","0","1","0","0"
"POINT (10.017721785000049 53.549608590000048)","Unfall 125516 (2017) Kat:2, Licht: 2","125516","2","4","6","10","06","6","1","2","0","1","1","0"
"POINT (10.028980480000030 53.571416020000072)","Unfall 125517 (2017) Kat:3, Licht: 0","125517","3","6","2","09","12","5","0","0","0","1","0","0"
"POINT (10.047350426000037 53.561253162000071)","Unfall 125518 (2017) Kat:3, Licht: 2","125518","3","2","6","10","06","6","1","2","0","1","1","0"
"POINT (9.835828560000039 53.554968610000060)","Unfall 125519 (2017) Kat:3, Licht: 0","125519","3","6","2","09","18","5","0","0","0","1","0","1"
"POINT (10.124109146000023 53.569947964000050)","Unfall 125520 (2017) Kat:3, Licht: 0","125520","3","3","5","10","15","6","0","0","0","1","0","0"
"POINT (10.157111887000042 53.614235801000063)","Unfall 125521 (2017) Kat:3, Licht: 0","125521","3","7","3","10","13","6","1","0","0","1","0","0"
"POINT (9.889542758000061 53.561716720000049)","Unfall 125522 (2017) Kat:3, Licht: 0","125522","3","7","1","09","09","5","0","0","1","1","0","0"
"POINT (9.970984339000040 53.581542166000077)","Unfall 125523 (2017) Kat:3, Licht: 0","125523","3","5","1","09","16","5","0","0","1","1","0","0"
"POINT (10.152334782000025 53.615917048000028)","Unfall 125524 (2017) Kat:3, Licht: 0","125524","3","6","2","10","11","6","1","0","0","1","0","0"
"POINT (9.925181107000071 53.558656288000066)","Unfall 125525 (2017) Kat:3, Licht: 1","125525","3","3","5","09","19","5","0","1","1","0","0","0"
"POINT (9.986478467000040 53.582606914000053)","Unfall 125526 (2017) Kat:3, Licht: 0","125526","3","6","3","09","09","5","0","0","0","1","0","1"
"POINT (10.070258875000036 53.587866870000028)","Unfall 125527 (2017) Kat:3, Licht: 2","125527","3","6","4","10","20","6","0","2","0","1","0","0"
"POINT (9.965618764000055 53.565385932000027)","Unfall 125528 (2017) Kat:3, Licht: 0","125528","3","2","4","09","07","5","0","0","1","1","0","0"
"POINT (9.995453030000022 53.550907297000037)","Unfall 125529 (2017) Kat:3, Licht: 0","125529","3","6","6","09","17","5","0","0","0","1","1","0"
"POINT (10.100466414000039 53.574601683000026)","Unfall 125530 (2017) Kat:3, Licht: 2","125530","3","6","2","10","23","6","0","2","0","1","0","0"
"POINT (9.998665933000041 53.550763830000051)","Unfall 125531 (2017) Kat:3, Licht: 2","125531","3","3","6","09","20","5","0","2","0","0","1","0"
"POINT (10.074244396000040 53.594107140000062)","Unfall 125532 (2017) Kat:2, Licht: 0","125532","2","4","6","10","16","6","1","0","0","1","1","0"
"POINT (10.092627695000033 53.595468078000067)","Unfall 125533 (2017) Kat:3, Licht: 0","125533","3","2","5","09","13","4","1","0","0","1","0","0"
"POINT (10.013961208000069 53.596202448000042)","Unfall 125534 (2017) Kat:3, Licht: 0","125534","3","3","5","10","08","6","1","0","1","1","0","0"
"POINT (10.059304143000077 53.561625303000028)","Unfall 125535 (2017) Kat:3, Licht: 0","125535","3","3","5","10","08","5","1","0","0","1","0","0"
"POINT (9.881004589000042 53.583714581000038)","Unfall 125536 (2017) Kat:3, Licht: 0","125536","3","2","2","10","11","6","1","0","0","1","0","0"
"POINT (10.152448375000063 53.603981336000061)","Unfall 125537 (2017) Kat:3, Licht: 0","125537","3","4","6","10","11","5","1","0","0","1","1","0"
"POINT (10.082224394000036 53.620926963000045)","Unfall 125538 (2017) Kat:3, Licht: 0","125538","3","7","0","09","10","4","1","0","0","1","0","0"
"POINT (9.939592545000039 53.593828584000050)","Unfall 125539 (2017) Kat:3, Licht: 0","125539","3","7","0","10","10","6","0","0","0","1","0","0"
"POINT (9.893642225000065 53.603117152000038)","Unfall 125540 (2017) Kat:3, Licht: 0","125540","3","3","0","10","14","6","0","0","0","1","0","0"
"POINT (9.905656428000043 53.632152166000026)","Unfall 125541 (2017) Kat:3, Licht: 0","125541","3","3","0","10","15","6","0","0","1","1","0","0"
"POINT (9.945542783000064 53.551100695000059)","Unfall 125542 (2017) Kat:2, Licht: 0","125542","2","7","6","10","13","6","0","0","0","0","1","0"
"POINT (9.965742002000070 53.549796465000043)","Unfall 125543 (2017) Kat:3, Licht: 2","125543","3","4","6","10","20","6","0","2","0","1","1","0"
"POINT (10.000288073000036 53.547210631000041)","Unfall 125544 (2017) Kat:3, Licht: 2","125544","3","6","3","10","18","6","1","2","0","1","0","0"
"POINT (9.996901597000033 53.499246219000042)","Unfall 125545 (2017) Kat:2, Licht: 2","125545","2","3","5","10","06","5","1","2","1","1","0","0"
"POINT (9.992988108000077 53.478605935000076)","Unfall 125546 (2017) Kat:3, Licht: 2","125546","3","3","5","10","06","5","0","2","1","1","0","0"
"POINT (10.070452054000043 53.604548409000074)","Unfall 125547 (2017) Kat:3, Licht: 1","125547","3","2","3","10","18","3","1","1","1","1","0","0"
"POINT (10.064599301000044 53.597568857000056)","Unfall 125548 (2017) Kat:3, Licht: 0","125548","3","3","5","10","10","3","0","0","0","1","0","0"
"POINT (10.158721094000043 53.645751935000078)","Unfall 125549 (2017) Kat:3, Licht: 0","125549","3","3","4","10","15","3","1","0","1","0","0","0"
"POINT (10.232791915000064 53.454564023000046)","Unfall 125550 (2017) Kat:2, Licht: 2","125550","2","6","4","10","02","5","0","2","0","1","0","0"
"POINT (10.190851456000075 53.502896455000041)","Unfall 125551 (2017) Kat:2, Licht: 0","125551","2","7","0","10","09","5","1","0","0","1","0","1"
"POINT (10.192314691000036 53.489316093000070)","Unfall 125552 (2017) Kat:2, Licht: 0","125552","2","1","0","10","13","5","1","0","1","0","0","0"
"POINT (10.057521653000038 53.554559336000068)","Unfall 125553 (2017) Kat:3, Licht: 0","125553","3","6","1","10","16","5","1","0","0","1","0","0"
"POINT (10.059868987000073 53.572056393000082)","Unfall 125554 (2017) Kat:3, Licht: 2","125554","3","6","2","10","18","5","0","2","0","1","0","0"
"POINT (10.065514923000023 53.585629748000031)","Unfall 125555 (2017) Kat:3, Licht: 0","125555","3","6","1","10","17","5","0","0","0","1","0","0"
"POINT (10.083888699000056 53.622606028000064)","Unfall 125556 (2017) Kat:3, Licht: 0","125556","3","7","0","10","10","5","1","0","1","0","0","0"
"POINT (10.021100003000072 53.649029926000082)","Unfall 125557 (2017) Kat:3, Licht: 0","125557","3","2","5","10","12","5","0","0","0","1","0","0"
"POINT (10.000686086000030 53.678371543000026)","Unfall 125558 (2017) Kat:3, Licht: 0","125558","3","2","3","10","14","5","0","0","1","1","0","0"
"POINT (10.010228146000031 53.578629065000030)","Unfall 125559 (2017) Kat:3, Licht: 1","125559","3","6","4","10","17","5","0","1","1","1","0","0"
"POINT (10.025832930000036 53.569517644000030)","Unfall 125560 (2017) Kat:3, Licht: 0","125560","3","6","3","10","15","5","0","0","0","1","0","0"
"POINT (9.872353730000043 53.591707665000058)","Unfall 125561 (2017) Kat:3, Licht: 2","125561","3","7","1","10","19","5","0","2","0","1","0","0"
"POINT (9.909405440000057 53.572874196000043)","Unfall 125562 (2017) Kat:3, Licht: 0","125562","3","7","0","10","15","5","1","0","0","0","0","1"
"POINT (9.978030978000049 53.580296733000068)","Unfall 125563 (2017) Kat:3, Licht: 0","125563","3","6","4","10","16","5","0","0","1","0","0","0"
"POINT (9.970925896000040 53.567785759000060)","Unfall 125564 (2017) Kat:3, Licht: 0","125564","3","6","1","10","08","5","0","0","0","1","0","0"
"POINT (9.950986617000069 53.468543712000042)","Unfall 125565 (2017) Kat:2, Licht: 2","125565","2","2","5","10","22","4","1","2","1","1","0","0"
"POINT (9.987172559000044 53.502535291000072)","Unfall 125566 (2017) Kat:3, Licht: 0","125566","3","5","1","10","16","4","0","0","0","1","0","1"
"POINT (10.040397677000044 53.543871439000043)","Unfall 125567 (2017) Kat:3, Licht: 0","125567","3","6","2","10","14","4","1","0","0","1","0","0"
"POINT (10.055024536000076 53.583102330000031)","Unfall 125568 (2017) Kat:3, Licht: 0","125568","3","6","0","10","11","4","0","0","1","0","1","0"
"POINT (10.053790787000025 53.604922803000079)","Unfall 125569 (2017) Kat:2, Licht: 0","125569","2","2","5","10","08","4","1","0","1","0","0","0"
"POINT (10.131147411000029 53.692646178000075)","Unfall 125570 (2017) Kat:3, Licht: 2","125570","3","1","9","10","03","4","1","2","0","1","0","0"
"POINT (10.011443244000077 53.584187037000049)","Unfall 125571 (2017) Kat:2, Licht: 2","125571","2","4","6","10","20","4","0","2","1","0","1","0"
"POINT (9.993149071000062 53.602067180000063)","Unfall 125572 (2017) Kat:2, Licht: 1","125572","2","1","8","10","16","4","0","1","0","0","0","1"
"POINT (10.009475368000039 53.608423894000055)","Unfall 125573 (2017) Kat:3, Licht: 0","125573","3","1","0","10","14","4","1","0","0","0","0","1"
"POINT (10.022347435000029 53.574502452000047)","Unfall 125574 (2017) Kat:3, Licht: 0","125574","3","3","5","10","16","4","0","0","1","1","0","0"
"POINT (9.877658551000025 53.565259864000041)","Unfall 125575 (2017) Kat:3, Licht: 2","125575","3","3","5","10","07","4","1","2","1","1","0","0"
"POINT (9.952737806000073 53.633727606000036)","Unfall 125576 (2017) Kat:3, Licht: 2","125576","3","7","6","10","06","4","1","2","1","0","1","0"
"POINT (10.012946674000034 53.552269462000027)","Unfall 125577 (2017) Kat:3, Licht: 0","125577","3","2","3","10","10","4","1","0","1","1","0","0"
"POINT (10.175155818000064 53.408710261000067)","Unfall 125578 (2017) Kat:3, Licht: 0","125578","3","3","5","10","12","3","1","0","1","0","0","0"
"POINT (10.102346692000026 53.647603350000054)","Unfall 125579 (2017) Kat:3, Licht: 0","125579","3","6","2","10","15","3","1","0","1","1","0","0"
"POINT (10.097942762000059 53.655736381000054)","Unfall 125580 (2017) Kat:3, Licht: 0","125580","3","6","2","10","15","3","1","0","0","1","0","0"
"POINT (10.043136447000052 53.542583095000055)","Unfall 125581 (2017) Kat:3, Licht: 0","125581","3","6","3","10","07","3","0","0","0","1","0","0"
"POINT (10.040896864000047 53.601176900000041)","Unfall 125582 (2017) Kat:3, Licht: 1","125582","3","2","3","10","07","3","0","1","1","1","0","0"
"POINT (10.070067949000077 53.651451529000042)","Unfall 125583 (2017) Kat:3, Licht: 0","125583","3","6","2","10","15","3","1","0","0","1","0","0"
"POINT (10.033703699000057 53.636658307000062)","Unfall 125584 (2017) Kat:3, Licht: 0","125584","3","3","5","10","14","3","1","0","0","1","0","0"
"POINT (10.060832740000023 53.589225655000064)","Unfall 125585 (2017) Kat:3, Licht: 2","125585","3","6","2","10","20","3","1","2","0","1","0","0"
"POINT (10.024428632000024 53.565337842000076)","Unfall 125586 (2017) Kat:3, Licht: 2","125586","3","2","6","10","22","3","1","2","0","1","1","0"
"POINT (10.054576813000040 53.592042207000077)","Unfall 125587 (2017) Kat:3, Licht: 0","125587","3","6","1","10","16","3","1","0","0","1","0","0"
"POINT (10.016259743000035 53.579249715000060)","Unfall 125588 (2017) Kat:3, Licht: 0","125588","3","5","1","10","08","3","1","0","1","1","0","0"
"POINT (9.909381390000021 53.560194580000029)","Unfall 125589 (2017) Kat:3, Licht: 0","125589","3","6","2","10","12","3","1","0","0","1","0","0"
"POINT (9.918214913000043 53.566815247000079)","Unfall 125590 (2017) Kat:3, Licht: 0","125590","3","3","2","10","12","3","1","0","1","1","0","0"
"POINT (9.986610926000026 53.615952483000058)","Unfall 125591 (2017) Kat:3, Licht: 0","125591","3","3","4","10","10","3","0","0","0","1","0","0"
"POINT (9.934500154000034 53.546374979000063)","Unfall 125592 (2017) Kat:3, Licht: 2","125592","3","2","3","10","07","3","1","2","0","1","0","1"
"POINT (9.993028039000024 53.574481894000030)","Unfall 125593 (2017) Kat:2, Licht: 0","125593","2","2","6","10","10","3","0","0","0","1","1","0"
"POINT (10.014055499000051 53.555132392000075)","Unfall 125594 (2017) Kat:3, Licht: 1","125594","3","3","5","10","17","3","1","1","1","1","0","0"
"POINT (9.921952647000069 53.515588955000055)","Unfall 125595 (2017) Kat:3, Licht: 2","125595","3","6","3","10","07","3","0","2","0","1","0","0"
"POINT (9.987519820000046 53.451745211000059)","Unfall 125596 (2017) Kat:3, Licht: 1","125596","3","7","9","10","18","2","1","1","0","1","0","0"
"POINT (10.106842267000047 53.547234499000069)","Unfall 125597 (2017) Kat:3, Licht: 0","125597","3","4","6","10","16","2","1","0","0","1","1","0"
"POINT (10.108646246000035 53.560290472000077)","Unfall 125598 (2017) Kat:3, Licht: 0","125598","3","6","2","10","14","2","1","0","0","1","0","0"
"POINT (10.104887547000033 53.545132846000058)","Unfall 125599 (2017) Kat:3, Licht: 0","125599","3","3","5","10","09","2","1","0","1","1","0","0"
"POINT (10.055137386000069 53.560847020000040)","Unfall 125600 (2017) Kat:3, Licht: 2","125600","3","3","5","10","19","2","1","2","0","1","0","0"
"POINT (10.135895867000045 53.615074251000067)","Unfall 125601 (2017) Kat:3, Licht: 2","125601","3","6","9","10","22","2","1","2","0","1","0","0"
"POINT (10.107260871000051 53.606002294000064)","Unfall 125602 (2017) Kat:3, Licht: 1","125602","3","6","2","10","07","2","1","1","0","1","0","0"
"POINT (10.115144864000058 53.583324526000069)","Unfall 125603 (2017) Kat:3, Licht: 0","125603","3","7","3","10","12","2","1","0","0","1","0","0"
"POINT (10.118307528000059 53.606828599000039)","Unfall 125604 (2017) Kat:3, Licht: 2","125604","3","1","0","10","05","2","1","2","0","0","0","1"
"POINT (10.095626634000041 53.573697943000070)","Unfall 125605 (2017) Kat:3, Licht: 0","125605","3","2","2","10","09","2","1","0","0","1","0","0"
"POINT (10.054061989000047 53.594304790000081)","Unfall 125606 (2017) Kat:3, Licht: 2","125606","3","2","5","10","21","2","1","2","1","1","0","0"
"POINT (10.024000257000068 53.628561672000046)","Unfall 125607 (2017) Kat:2, Licht: 2","125607","2","2","5","10","18","2","0","2","1","1","0","0"
"POINT (10.018365033000066 53.649467742000070)","Unfall 125608 (2017) Kat:3, Licht: 0","125608","3","6","1","10","11","2","1","0","0","1","0","0"
"POINT (9.947604712000043 53.582534805000080)","Unfall 125609 (2017) Kat:3, Licht: 0","125609","3","3","5","10","17","2","1","0","1","1","0","0"
"POINT (9.930890052000052 53.563452531000053)","Unfall 125610 (2017) Kat:3, Licht: 0","125610","3","6","4","10","10","2","1","0","1","0","0","0"
"POINT (9.968831837000039 53.586278338000056)","Unfall 125611 (2017) Kat:3, Licht: 2","125611","3","2","3","10","22","2","1","2","1","1","0","0"
"POINT (9.955028369000047 53.569883347000030)","Unfall 125612 (2017) Kat:3, Licht: 0","125612","3","6","1","10","17","2","1","0","0","1","0","0"
"POINT (9.951273658000048 53.599552414000073)","Unfall 125613 (2017) Kat:3, Licht: 0","125613","3","2","1","10","10","2","1","0","0","1","0","0"
"POINT (9.988424938000037 53.571742429000039)","Unfall 125614 (2017) Kat:3, Licht: 0","125614","3","2","2","10","08","2","1","0","0","1","0","0"
"POINT (10.093489717000068 53.648553477000064)","Unfall 125615 (2017) Kat:3, Licht: 0","125615","3","3","5","10","08","3","0","0","0","1","0","0"
"POINT (10.041016582000054 53.579860617000065)","Unfall 125616 (2017) Kat:3, Licht: 0","125616","3","6","1","10","08","3","0","0","0","1","0","0"
"POINT (10.032804820000024 53.561980466000080)","Unfall 125617 (2017) Kat:3, Licht: 2","125617","3","6","2","10","18","3","1","2","0","1","0","0"
"POINT (10.025261684000043 53.580765151000037)","Unfall 125618 (2017) Kat:3, Licht: 0","125618","3","6","2","10","08","3","1","0","0","1","0","0"
"POINT (9.947585802000049 53.582582660000071)","Unfall 125619 (2017) Kat:3, Licht: 1","125619","3","4","6","10","18","3","1","1","0","1","1","0"
"POINT (9.920271680000042 53.563008525000043)","Unfall 125620 (2017) Kat:3, Licht: 2","125620","3","3","5","10","18","3","1","2","0","1","0","0"
"POINT (9.905674723000061 53.633341812000026)","Unfall 125621 (2017) Kat:3, Licht: 0","125621","3","2","5","10","06","3","0","0","1","0","0","0"
"POINT (9.995787213000028 53.588439595000068)","Unfall 125622 (2017) Kat:3, Licht: 2","125622","3","3","5","10","21","3","1","2","0","1","0","0"
"POINT (9.949190166000051 53.576528250000081)","Unfall 125623 (2017) Kat:3, Licht: 0","125623","3","2","6","10","12","3","0","0","0","1","1","1"
"POINT (9.787342789000036 53.506619509000075)","Unfall 125624 (2017) Kat:3, Licht: 2","125624","3","7","0","10","04","1","0","2","0","1","0","0"
"POINT (9.846158114000048 53.536556975000053)","Unfall 125625 (2017) Kat:3, Licht: 0","125625","3","3","5","10","11","1","0","0","1","1","0","0"
"POINT (9.990922111000032 53.454664209000043)","Unfall 125626 (2017) Kat:3, Licht: 0","125626","3","6","1","10","12","1","1","0","0","1","0","0"
"POINT (9.980412591000061 53.451502430000062)","Unfall 125627 (2017) Kat:3, Licht: 0","125627","3","3","5","10","11","1","0","0","0","1","0","0"
"POINT (10.124490389000073 53.570740366000052)","Unfall 125628 (2017) Kat:3, Licht: 0","125628","3","6","2","10","13","1","1","0","0","1","0","1"
"POINT (10.127505110000072 53.580847086000063)","Unfall 125629 (2017) Kat:3, Licht: 0","125629","3","6","3","10","15","1","1","0","0","1","0","0"
"POINT (10.039969410000026 53.608245804000035)","Unfall 125630 (2017) Kat:3, Licht: 2","125630","3","6","3","10","19","1","1","2","0","1","0","0"
"POINT (10.074037357000066 53.618647947000056)","Unfall 125631 (2017) Kat:3, Licht: 0","125631","3","3","5","10","13","1","1","0","0","1","0","0"
"POINT (10.072839200000033 53.615897891000031)","Unfall 125632 (2017) Kat:3, Licht: 2","125632","3","7","0","10","20","1","1","2","0","0","0","1"
"POINT (10.116331251000076 53.660944590000042)","Unfall 125633 (2017) Kat:2, Licht: 2","125633","2","1","8","10","22","1","1","2","0","1","0","0"
"POINT (10.048932090000051 53.578539118000037)","Unfall 125634 (2017) Kat:3, Licht: 2","125634","3","2","6","10","22","1","1","2","0","1","1","0"
"POINT (9.901939407000043 53.611094743000081)","Unfall 125635 (2017) Kat:3, Licht: 0","125635","3","5","5","10","14","1","1","0","1","1","0","0"
"POINT (9.954420295000034 53.623674495000046)","Unfall 125636 (2017) Kat:3, Licht: 2","125636","3","1","8","10","20","1","1","2","0","1","0","0"
"POINT (9.997483577000025 53.578570545000048)","Unfall 125637 (2017) Kat:3, Licht: 0","125637","3","2","5","10","11","1","0","0","1","1","0","0"
"POINT (9.899792503000072 53.514465648000055)","Unfall 125638 (2017) Kat:3, Licht: 2","125638","3","1","3","10","06","7","1","2","0","1","0","0"
"POINT (9.976343936000035 53.454867846000070)","Unfall 125639 (2017) Kat:3, Licht: 2","125639","3","3","0","10","05","7","0","2","0","1","0","0"
"POINT (9.992416750000075 53.508263679000038)","Unfall 125640 (2017) Kat:3, Licht: 2","125640","3","6","2","10","20","7","1","2","0","1","0","0"
"POINT (9.986265408000065 53.505567033000034)","Unfall 125641 (2017) Kat:3, Licht: 1","125641","3","4","6","10","18","7","1","1","0","1","1","0"
"POINT (10.149753426000075 53.524240665000036)","Unfall 125642 (2017) Kat:3, Licht: 0","125642","3","3","1","10","16","7","0","0","1","1","0","0"
"POINT (10.108635268000057 53.559615589000032)","Unfall 125643 (2017) Kat:3, Licht: 1","125643","3","4","6","10","17","7","1","1","0","1","1","0"
"POINT (10.041223879000029 53.534251767000057)","Unfall 125644 (2017) Kat:2, Licht: 2","125644","2","5","1","10","03","7","1","2","0","1","1","0"
"POINT (10.069769137000037 53.579492584000036)","Unfall 125645 (2017) Kat:3, Licht: 2","125645","3","2","4","10","21","7","1","2","0","1","0","0"
"POINT (10.113243877000059 53.653405015000033)","Unfall 125646 (2017) Kat:3, Licht: 2","125646","3","6","1","10","22","7","1","2","0","1","0","0"
"POINT (10.011204009000039 53.599801633000027)","Unfall 125647 (2017) Kat:3, Licht: 0","125647","3","7","0","10","11","7","0","0","1","1","0","0"
"POINT (9.870078169000067 53.593603921000067)","Unfall 125648 (2017) Kat:2, Licht: 0","125648","2","1","0","10","07","7","1","0","0","0","0","1"
"POINT (9.987801061000027 53.562476314000037)","Unfall 125649 (2017) Kat:3, Licht: 0","125649","3","6","3","10","16","7","0","0","0","1","0","0"
"POINT (9.925024295000071 53.520231184000068)","Unfall 125650 (2017) Kat:3, Licht: 2","125650","3","6","3","10","18","7","1","2","0","1","0","0"
"POINT (9.875626465000039 53.473818012000038)","Unfall 125651 (2017) Kat:3, Licht: 0","125651","3","4","6","10","13","6","1","0","0","1","1","0"
"POINT (9.985103837000054 53.435766803000035)","Unfall 125652 (2017) Kat:3, Licht: 0","125652","3","6","2","10","16","6","0","0","0","1","0","0"
"POINT (9.993076759000076 53.454816648000076)","Unfall 125653 (2017) Kat:3, Licht: 0","125653","3","3","5","10","13","6","1","0","1","1","0","0"
"POINT (10.141727988000071 53.525338656000031)","Unfall 125654 (2017) Kat:3, Licht: 0","125654","3","6","2","10","13","6","1","0","0","1","0","0"
"POINT (10.037784836000071 53.558821570000077)","Unfall 125655 (2017) Kat:3, Licht: 2","125655","3","6","2","10","21","6","1","2","0","1","0","0"
"POINT (10.163033286000029 53.627251597000054)","Unfall 125656 (2017) Kat:3, Licht: 2","125656","3","5","1","10","21","6","1","2","0","1","0","0"
"POINT (10.153891944000065 53.614621493000072)","Unfall 125657 (2017) Kat:3, Licht: 0","125657","3","3","5","10","17","6","1","0","1","1","0","0"
"POINT (10.121520255000064 53.608645048000028)","Unfall 125658 (2017) Kat:3, Licht: 2","125658","3","6","1","10","18","6","1","2","0","1","0","0"
"POINT (10.121678140000029 53.586543599000038)","Unfall 125659 (2017) Kat:3, Licht: 1","125659","3","6","2","10","17","6","1","1","0","1","0","0"
"POINT (10.023723412000038 53.584668057000044)","Unfall 125660 (2017) Kat:3, Licht: 0","125660","3","4","6","10","12","6","1","0","1","0","1","0"
"POINT (10.009713522000027 53.583754807000048)","Unfall 125661 (2017) Kat:3, Licht: 2","125661","3","6","4","10","03","6","0","2","0","1","0","0"
"POINT (10.002821150000045 53.587036434000026)","Unfall 125662 (2017) Kat:3, Licht: 2","125662","3","2","3","10","21","6","1","2","0","1","0","0"
"POINT (10.012491631000046 53.606582952000053)","Unfall 125663 (2017) Kat:3, Licht: 0","125663","3","6","2","10","17","6","1","0","0","1","0","0"
"POINT (10.010830821000070 53.579511453000066)","Unfall 125664 (2017) Kat:3, Licht: 0","125664","3","3","6","10","13","6","0","0","0","1","1","0"
"POINT (10.008485411000038 53.585603837000065)","Unfall 125665 (2017) Kat:3, Licht: 0","125665","3","5","1","10","18","6","1","0","1","1","0","0"
"POINT (10.028786305000040 53.571287640000037)","Unfall 125666 (2017) Kat:3, Licht: 2","125666","3","6","2","10","20","6","1","2","0","1","0","0"
"POINT (10.032062014000076 53.584336424000071)","Unfall 125667 (2017) Kat:3, Licht: 0","125667","3","3","6","10","12","6","0","0","0","1","1","0"
"POINT (10.040032680000024 53.580274095000050)","Unfall 125668 (2017) Kat:3, Licht: 0","125668","3","2","5","10","08","6","0","0","1","1","0","0"
"POINT (9.978975659000071 53.639792563000071)","Unfall 125669 (2017) Kat:3, Licht: 0","125669","3","3","5","10","12","6","1","0","1","1","0","0"
"POINT (9.942036207000058 53.599141612000039)","Unfall 125670 (2017) Kat:3, Licht: 0","125670","3","3","0","10","15","6","1","0","1","1","0","0"
"POINT (9.938972223000064 53.580383475000076)","Unfall 125671 (2017) Kat:3, Licht: 0","125671","3","2","5","10","07","6","0","0","0","1","0","1"
"POINT (9.964980970000056 53.557112647000054)","Unfall 125672 (2017) Kat:3, Licht: 0","125672","3","6","2","10","09","6","0","0","0","1","0","0"
"POINT (9.951344539000047 53.556042285000046)","Unfall 125673 (2017) Kat:3, Licht: 0","125673","3","7","5","10","13","6","1","0","1","0","0","0"
"POINT (9.962474672000042 53.549256957000068)","Unfall 125674 (2017) Kat:3, Licht: 2","125674","3","6","2","10","22","6","0","2","1","1","0","0"
"POINT (10.002248049000059 53.557074612000065)","Unfall 125675 (2017) Kat:3, Licht: 2","125675","3","3","5","10","06","6","0","2","0","1","0","0"
"POINT (9.926415260000056 53.518245149000052)","Unfall 125676 (2017) Kat:3, Licht: 0","125676","3","6","3","10","08","6","0","0","0","1","0","0"
"POINT (9.885194668000054 53.526705524000079)","Unfall 125677 (2017) Kat:3, Licht: 0","125677","3","3","5","10","14","5","0","0","1","1","0","0"
"POINT (9.850433606000024 53.510919184000045)","Unfall 125678 (2017) Kat:3, Licht: 0","125678","3","6","3","10","11","5","0","0","0","1","0","0"
"POINT (9.884796945000062 53.526779739000062)","Unfall 125679 (2017) Kat:3, Licht: 0","125679","3","6","2","10","15","5","0","0","0","1","0","0"
"POINT (10.034771053000043 53.506102946000055)","Unfall 125680 (2017) Kat:1, Licht: 2","125680","1","1","9","10","18","5","0","2","0","0","0","1"
"POINT (9.994217446000050 53.515360692000058)","Unfall 125681 (2017) Kat:3, Licht: 0","125681","3","4","6","10","16","5","0","0","1","0","1","0"
"POINT (10.112488809000070 53.543863159000068)","Unfall 125682 (2017) Kat:3, Licht: 0","125682","3","5","1","10","09","5","0","0","1","1","0","0"
"POINT (10.061982752000063 53.551804737000055)","Unfall 125683 (2017) Kat:3, Licht: 0","125683","3","6","6","10","17","5","0","0","0","1","1","0"
"POINT (10.049247847000061 53.550461476000066)","Unfall 125684 (2017) Kat:2, Licht: 1","125684","2","4","6","10","07","5","0","1","0","1","1","0"
"POINT (10.155118378000054 53.604354333000060)","Unfall 125685 (2017) Kat:3, Licht: 0","125685","3","7","6","10","13","5","0","0","0","1","1","0"
"POINT (10.057759062000059 53.583662339000057)","Unfall 125686 (2017) Kat:3, Licht: 0","125686","3","2","5","10","09","5","0","0","1","1","0","0"
"POINT (10.079269986000043 53.607501019000040)","Unfall 125687 (2017) Kat:3, Licht: 0","125687","3","6","4","10","13","5","0","0","1","1","0","0"
"POINT (10.098051834000046 53.642435501000080)","Unfall 125688 (2017) Kat:3, Licht: 2","125688","3","4","6","10","07","5","0","2","0","1","1","0"
"POINT (10.021735872000022 53.565366372000028)","Unfall 125689 (2017) Kat:3, Licht: 0","125689","3","3","6","10","09","5","1","0","1","0","1","0"
"POINT (9.945779876000074 53.564175448000071)","Unfall 125690 (2017) Kat:3, Licht: 0","125690","3","3","5","10","09","5","0","0","1","1","0","0"
"POINT (9.984768210000027 53.581248216000063)","Unfall 125691 (2017) Kat:3, Licht: 0","125691","3","7","5","10","09","5","0","0","1","1","0","0"
"POINT (10.020609161000039 53.557311781000067)","Unfall 125692 (2017) Kat:3, Licht: 1","125692","3","2","5","10","18","5","0","1","1","1","0","0"
"POINT (10.007747314000028 53.550418394000076)","Unfall 125693 (2017) Kat:3, Licht: 0","125693","3","3","5","10","08","5","0","0","1","0","0","0"
"POINT (9.990943037000022 53.445623775000058)","Unfall 125694 (2017) Kat:3, Licht: 0","125694","3","4","6","10","16","4","0","0","0","0","1","0"
"POINT (10.034518782000021 53.515503929000033)","Unfall 125695 (2017) Kat:2, Licht: 0","125695","2","3","5","10","14","4","0","0","0","0","0","1"
"POINT (10.069558894000068 53.559575805000065)","Unfall 125696 (2017) Kat:3, Licht: 0","125696","3","7","0","10","16","4","0","0","0","1","0","0"