WKT,Name,OBJECTID,UKATEGORIE,UTYP1,UART,UMONAT,USTUNDE,UWOCHENTAG,STRZUSTAND,ULICHTVERH,ISTRAD,ISTPKW,ISTFUSS,ISTKRAD
"POINT (10.091094827000063 53.544226918000049)","Unfall 125697 (2017) Kat:3, Licht: 2","125697","3","2","4","10","18","4","0","2","1","1","0","0"
"POINT (10.087456223000061 53.662571630000059)","Unfall 125698 (2017) Kat:3, Licht: 0","125698","3","2","2","10","11","4","0","0","0","0","0","0"
"POINT (10.160225704000027 53.646469592000074)","Unfall 125699 (2017) Kat:3, Licht: 2","125699","3","3","5","10","18","4","0","2","0","1","0","1"
"POINT (10.019428786000049 53.649368806000041)","Unfall 125700 (2017) Kat:3, Licht: 0","125700","3","6","3","10","14","4","0","0","0","1","0","0"
"POINT (10.037448785000038 53.576402439000049)","Unfall 125701 (2017) Kat:3, Licht: 2","125701","3","1","0","10","21","4","0","2","0","0","0","1"
"POINT (9.963202467000031 53.577440674000059)","Unfall 125702 (2017) Kat:3, Licht: 0","125702","3","3","5","10","12","4","0","0","1","1","0","0"
"POINT (9.931990322000047 53.546613447000027)","Unfall 125703 (2017) Kat:2, Licht: 0","125703","2","4","6","10","15","4","0","0","0","0","1","1"
"POINT (9.941740886000048 53.565406017000043)","Unfall 125704 (2017) Kat:3, Licht: 0","125704","3","3","5","10","18","4","0","0","1","0","0","0"
"POINT (9.981007738000074 53.567200335000052)","Unfall 125705 (2017) Kat:3, Licht: 0","125705","3","2","4","10","17","4","0","0","1","1","0","0"
"POINT (9.999721503000046 53.565168410000069)","Unfall 125706 (2017) Kat:3, Licht: 2","125706","3","6","0","10","20","4","0","2","1","0","0","0"
"POINT (9.978289432000054 53.572117735000063)","Unfall 125707 (2017) Kat:3, Licht: 2","125707","3","2","3","10","06","4","0","2","1","1","0","0"
"POINT (10.003712836000034 53.554216469000039)","Unfall 125708 (2017) Kat:3, Licht: 1","125708","3","2","5","10","17","4","0","1","1","1","0","0"
"POINT (9.910452382000074 53.513805778000062)","Unfall 125709 (2017) Kat:3, Licht: 0","125709","3","6","3","10","15","3","0","0","0","0","0","1"
"POINT (9.994368696000038 53.519453570000053)","Unfall 125710 (2017) Kat:3, Licht: 2","125710","3","6","2","10","06","3","0","2","0","1","0","0"
"POINT (10.182035291000034 53.486100012000065)","Unfall 125711 (2017) Kat:3, Licht: 0","125711","3","3","5","10","11","3","0","0","1","1","0","0"
"POINT (10.181761827000059 53.483476787000029)","Unfall 125712 (2017) Kat:3, Licht: 0","125712","3","3","5","10","12","3","0","0","0","1","0","0"
"POINT (10.182623526000043 53.506880287000058)","Unfall 125713 (2017) Kat:3, Licht: 0","125713","3","3","5","10","16","3","0","0","1","0","0","0"
"POINT (10.034802796000065 53.536521944000071)","Unfall 125714 (2017) Kat:3, Licht: 0","125714","3","6","2","10","17","3","0","0","0","1","0","0"
"POINT (10.109591318000071 53.591975435000052)","Unfall 125715 (2017) Kat:3, Licht: 2","125715","3","7","3","10","19","3","0","2","1","1","0","0"
"POINT (10.140177940000058 53.625209531000053)","Unfall 125716 (2017) Kat:3, Licht: 0","125716","3","4","6","10","07","3","0","0","0","1","1","0"
"POINT (10.073282750000033 53.609615206000058)","Unfall 125717 (2017) Kat:3, Licht: 0","125717","3","3","5","10","13","3","0","0","0","1","0","0"
"POINT (10.030264877000036 53.619288891000053)","Unfall 125718 (2017) Kat:3, Licht: 0","125718","3","3","5","10","07","3","0","0","1","0","0","0"
"POINT (9.993882023000026 53.600060333000044)","Unfall 125719 (2017) Kat:3, Licht: 1","125719","3","6","2","10","18","3","0","1","0","1","0","0"
"POINT (9.999983009000061 53.601550957000029)","Unfall 125720 (2017) Kat:3, Licht: 0","125720","3","6","2","10","11","3","0","0","0","1","0","0"
"POINT (10.021565150000072 53.600314689000072)","Unfall 125721 (2017) Kat:3, Licht: 0","125721","3","5","1","10","15","3","0","0","0","1","0","0"
"POINT (10.021242635000021 53.613007918000051)","Unfall 125722 (2017) Kat:3, Licht: 0","125722","3","2","5","10","07","3","0","0","1","0","0","0"
"POINT (10.022662227000069 53.558558078000033)","Unfall 125723 (2017) Kat:3, Licht: 0","125723","3","6","2","10","15","3","0","0","0","1","0","0"
"POINT (10.045292992000043 53.565792764000037)","Unfall 125724 (2017) Kat:3, Licht: 0","125724","3","7","4","10","12","3","0","0","0","1","0","1"
"POINT (10.036187480000024 53.575632662000032)","Unfall 125725 (2017) Kat:3, Licht: 2","125725","3","3","5","10","22","3","0","2","1","1","0","0"
"POINT (9.933876773000065 53.592303413000081)","Unfall 125726 (2017) Kat:3, Licht: 0","125726","3","6","2","10","12","3","0","0","0","1","0","0"
"POINT (9.854536921000033 53.563888536000036)","Unfall 125727 (2017) Kat:3, Licht: 2","125727","3","7","7","10","19","3","0","2","1","0","0","0"
"POINT (9.810031007000021 53.568316912000057)","Unfall 125728 (2017) Kat:3, Licht: 2","125728","3","4","6","10","05","3","1","2","0","1","1","0"
"POINT (9.887096960000065 53.559972505000076)","Unfall 125729 (2017) Kat:3, Licht: 1","125729","3","7","7","10","07","3","0","1","0","0","0","0"
"POINT (9.927118688000064 53.547768134000080)","Unfall 125730 (2017) Kat:3, Licht: 2","125730","3","5","1","10","20","3","0","2","1","1","0","0"
"POINT (9.953832614000021 53.560658674000081)","Unfall 125731 (2017) Kat:3, Licht: 0","125731","3","3","5","10","10","3","0","0","0","1","0","0"
"POINT (9.998135343000058 53.549858901000050)","Unfall 125732 (2017) Kat:3, Licht: 0","125732","3","6","3","10","10","3","0","0","1","1","0","0"
"POINT (9.855892592000032 53.473322444000075)","Unfall 125733 (2017) Kat:3, Licht: 0","125733","3","2","4","10","15","2","0","0","1","1","0","0"
"POINT (10.124837705000061 53.530758230000060)","Unfall 125734 (2017) Kat:3, Licht: 0","125734","3","6","2","10","15","2","0","0","0","1","0","0"
"POINT (10.091815202000021 53.543815435000056)","Unfall 125735 (2017) Kat:2, Licht: 0","125735","2","3","5","10","10","2","0","0","1","1","0","0"
"POINT (10.069772636000039 53.579492790000074)","Unfall 125736 (2017) Kat:3, Licht: 2","125736","3","2","4","10","20","2","0","2","0","1","0","0"
"POINT (10.094499475000021 53.606611545000078)","Unfall 125737 (2017) Kat:3, Licht: 0","125737","3","6","2","10","09","2","0","0","0","1","0","0"
"POINT (10.033833369000035 53.607913789000065)","Unfall 125738 (2017) Kat:3, Licht: 2","125738","3","3","5","10","19","2","0","2","0","1","0","0"
"POINT (10.139836588000037 53.719032745000050)","Unfall 125739 (2017) Kat:3, Licht: 0","125739","3","7","0","10","18","2","0","0","1","0","0","0"
"POINT (10.025882736000028 53.649896415000057)","Unfall 125740 (2017) Kat:3, Licht: 0","125740","3","2","3","10","09","2","0","0","1","1","0","0"
"POINT (10.026203307000060 53.629391449000082)","Unfall 125741 (2017) Kat:3, Licht: 0","125741","3","2","4","10","16","2","0","0","1","0","0","0"
"POINT (10.017119984000033 53.602129057000070)","Unfall 125742 (2017) Kat:2, Licht: 2","125742","2","3","5","10","20","2","0","2","1","1","0","0"
"POINT (10.051457666000033 53.586660579000068)","Unfall 125743 (2017) Kat:2, Licht: 0","125743","2","6","2","10","12","2","0","0","0","1","0","0"
"POINT (9.956044433000045 53.583542328000078)","Unfall 125744 (2017) Kat:3, Licht: 2","125744","3","4","6","10","19","3","1","2","0","1","1","0"
"POINT (9.948077135000062 53.560540103000051)","Unfall 125745 (2017) Kat:2, Licht: 2","125745","2","3","5","10","04","3","1","2","1","1","0","0"
"POINT (9.971032061000074 53.567825153000058)","Unfall 125746 (2017) Kat:3, Licht: 2","125746","3","4","6","10","19","3","1","2","0","1","1","0"
"POINT (10.026959870000042 53.569896280000080)","Unfall 125747 (2017) Kat:3, Licht: 2","125747","3","6","0","10","07","2","0","2","0","1","0","0"
"POINT (9.899978518000069 53.610797450000064)","Unfall 125748 (2017) Kat:3, Licht: 0","125748","3","6","2","10","07","2","0","0","0","1","0","0"
"POINT (9.877581105000047 53.571336692000045)","Unfall 125749 (2017) Kat:2, Licht: 0","125749","2","3","5","10","15","2","0","0","1","1","0","0"
"POINT (9.908369865000054 53.591578885000047)","Unfall 125750 (2017) Kat:3, Licht: 2","125750","3","2","5","10","18","2","0","2","0","1","0","1"
"POINT (9.901612975000035 53.625577167000074)","Unfall 125751 (2017) Kat:2, Licht: 1","125751","2","2","4","10","07","2","0","1","0","1","0","1"
"POINT (9.952735577000055 53.567896657000063)","Unfall 125752 (2017) Kat:3, Licht: 0","125752","3","3","5","10","14","2","0","0","1","1","0","0"
"POINT (9.979776653000045 53.606705425000030)","Unfall 125753 (2017) Kat:2, Licht: 2","125753","2","3","5","10","06","2","0","2","0","1","0","1"
"POINT (9.987688316000060 53.562534085000038)","Unfall 125754 (2017) Kat:3, Licht: 0","125754","3","4","6","10","13","2","0","0","0","0","1","0"
"POINT (9.982694071000026 53.544181148000064)","Unfall 125755 (2017) Kat:3, Licht: 2","125755","3","3","5","10","20","2","0","2","1","1","0","0"
"POINT (10.005649641000048 53.548279006000030)","Unfall 125756 (2017) Kat:3, Licht: 0","125756","3","3","0","10","10","2","0","0","0","1","0","1"
"POINT (9.991013833000068 53.445945712000082)","Unfall 125757 (2017) Kat:2, Licht: 0","125757","2","4","6","10","16","1","0","0","1","0","1","0"
"POINT (10.203750726000067 53.510964120000040)","Unfall 125758 (2017) Kat:3, Licht: 0","125758","3","6","2","10","17","1","0","0","0","1","0","0"
"POINT (10.209491048000075 53.512920212000040)","Unfall 125759 (2017) Kat:3, Licht: 0","125759","3","2","5","10","16","1","0","0","0","1","0","0"
"POINT (10.043334527000070 53.548303495000027)","Unfall 125760 (2017) Kat:3, Licht: 2","125760","3","6","2","10","20","1","0","2","0","1","0","0"
"POINT (10.076913161000050 53.655457272000035)","Unfall 125761 (2017) Kat:3, Licht: 0","125761","3","3","5","10","14","1","0","0","0","1","0","1"
"POINT (10.038071635000051 53.635202237000044)","Unfall 125762 (2017) Kat:2, Licht: 0","125762","2","3","5","10","16","1","0","0","1","0","0","1"
"POINT (10.009537409000075 53.578165206000051)","Unfall 125763 (2017) Kat:3, Licht: 0","125763","3","7","0","10","17","1","0","0","1","0","0","0"
"POINT (9.997434313000042 53.578404853000052)","Unfall 125764 (2017) Kat:3, Licht: 0","125764","3","2","2","10","08","3","1","0","0","0","0","1"
"POINT (10.005016844000068 53.547534744000075)","Unfall 125765 (2017) Kat:3, Licht: 2","125765","3","3","5","10","21","3","1","2","0","1","0","0"
"POINT (9.971250760000032 53.581658478000065)","Unfall 125766 (2017) Kat:3, Licht: 2","125766","3","7","5","10","21","1","0","2","1","1","0","0"
"POINT (9.980615121000028 53.572467164000045)","Unfall 125767 (2017) Kat:3, Licht: 2","125767","3","5","1","10","01","1","0","2","0","1","0","0"
"POINT (9.957246137000027 53.549757726000053)","Unfall 125768 (2017) Kat:2, Licht: 2","125768","2","3","6","10","01","1","0","2","0","1","1","0"
"POINT (9.992842515000064 53.549837407000041)","Unfall 125769 (2017) Kat:2, Licht: 0","125769","2","7","0","10","11","1","0","0","1","0","0","0"
"POINT (10.132128563000038 53.597163776000059)","Unfall 125770 (2017) Kat:3, Licht: 0","125770","3","3","5","10","11","7","0","0","0","1","0","0"
"POINT (10.105283431000032 53.572242153000047)","Unfall 125771 (2017) Kat:3, Licht: 0","125771","3","7","9","10","14","7","0","0","0","1","0","0"
"POINT (10.101351246000036 53.571519397000031)","Unfall 125772 (2017) Kat:3, Licht: 0","125772","3","3","5","10","16","7","0","0","0","1","0","1"
"POINT (10.117548455000076 53.706756981000069)","Unfall 125773 (2017) Kat:3, Licht: 0","125773","3","5","1","10","10","7","1","0","0","1","0","0"
"POINT (9.927038524000068 53.546464440000079)","Unfall 125774 (2017) Kat:3, Licht: 2","125774","3","5","1","10","06","7","1","2","0","1","0","0"
"POINT (9.948492703000056 53.560023041000079)","Unfall 125775 (2017) Kat:3, Licht: 0","125775","3","6","2","10","12","7","0","0","0","1","0","0"
"POINT (9.956759621000060 53.562155888000063)","Unfall 125776 (2017) Kat:3, Licht: 0","125776","3","2","3","10","16","7","0","0","1","1","0","0"
"POINT (9.998488101000021 53.554088800000045)","Unfall 125777 (2017) Kat:3, Licht: 2","125777","3","6","2","10","23","7","0","2","0","1","0","0"
"POINT (9.988366429000052 53.551755320000041)","Unfall 125778 (2017) Kat:3, Licht: 0","125778","3","5","1","10","11","7","0","0","0","1","0","0"
"POINT (9.979437397000027 53.555949171000066)","Unfall 125779 (2017) Kat:3, Licht: 0","125779","3","3","5","10","17","7","0","0","1","1","0","0"
"POINT (9.892338042000063 53.516908313000044)","Unfall 125780 (2017) Kat:3, Licht: 0","125780","3","1","9","10","08","6","0","0","0","1","0","0"
"POINT (9.912363714000037 53.495528564000040)","Unfall 125781 (2017) Kat:2, Licht: 0","125781","2","1","0","10","11","6","0","0","0","0","0","1"
"POINT (9.979628469000033 53.457375881000075)","Unfall 125782 (2017) Kat:3, Licht: 0","125782","3","3","5","10","13","6","0","0","1","0","0","0"
"POINT (9.954721764000055 53.456081741000048)","Unfall 125783 (2017) Kat:2, Licht: 0","125783","2","4","6","10","14","6","0","0","0","1","1","0"
"POINT (10.023025420000067 53.578585758000031)","Unfall 125784 (2017) Kat:3, Licht: 1","125784","3","3","5","11","07","5","1","1","1","0","0","0"
"POINT (9.899888291000025 53.610847210000031)","Unfall 125785 (2017) Kat:3, Licht: 0","125785","3","2","3","11","07","5","1","0","0","1","0","0"
"POINT (9.870679769000049 53.592903156000034)","Unfall 125786 (2017) Kat:3, Licht: 2","125786","3","3","5","11","17","5","0","2","0","1","0","0"
"POINT (9.880400643000030 53.600890292000031)","Unfall 125787 (2017) Kat:2, Licht: 2","125787","2","4","6","11","18","5","0","2","0","1","1","0"
"POINT (9.891252178000059 53.593294560000061)","Unfall 125788 (2017) Kat:3, Licht: 0","125788","3","2","2","11","14","5","0","0","1","0","0","0"
"POINT (9.958743634000030 53.599188500000082)","Unfall 125789 (2017) Kat:3, Licht: 0","125789","3","7","4","11","14","5","0","0","0","1","0","0"
"POINT (9.959124235000047 53.565221322000070)","Unfall 125790 (2017) Kat:3, Licht: 0","125790","3","2","0","11","09","5","1","0","1","1","0","0"
"POINT (9.948390628000027 53.548957318000078)","Unfall 125791 (2017) Kat:3, Licht: 0","125791","3","3","5","11","11","5","0","0","0","1","0","1"
"POINT (9.922323023000047 53.554218435000053)","Unfall 125792 (2017) Kat:3, Licht: 0","125792","3","7","0","11","10","5","1","0","1","0","0","0"
"POINT (9.927889045000029 53.559116632000041)","Unfall 125793 (2017) Kat:2, Licht: 1","125793","2","6","4","11","06","5","1","1","0","1","0","0"
"POINT (9.981161973000042 53.566876135000030)","Unfall 125794 (2017) Kat:3, Licht: 0","125794","3","6","1","11","12","5","0","0","0","1","0","0"
"POINT (9.963371234000022 53.560327380000047)","Unfall 125795 (2017) Kat:3, Licht: 2","125795","3","6","4","11","00","5","1","2","0","1","0","0"
"POINT (9.956552844000044 53.552585931000067)","Unfall 125796 (2017) Kat:3, Licht: 0","125796","3","5","1","11","13","5","1","0","1","1","0","0"
"POINT (10.010214587000064 53.458420853000064)","Unfall 125797 (2017) Kat:3, Licht: 0","125797","3","6","1","10","12","6","0","0","0","1","0","0"
"POINT (10.233939890000045 53.483235659000059)","Unfall 125798 (2017) Kat:3, Licht: 0","125798","3","3","5","10","07","6","0","0","1","1","0","0"
"POINT (10.078749168000058 53.550144472000056)","Unfall 125799 (2017) Kat:3, Licht: 1","125799","3","6","3","10","20","6","0","1","0","1","0","1"
"POINT (10.080278632000045 53.537809668000079)","Unfall 125800 (2017) Kat:3, Licht: 0","125800","3","2","2","10","14","6","0","0","0","1","0","0"
"POINT (10.100921567000057 53.540610216000061)","Unfall 125801 (2017) Kat:3, Licht: 2","125801","3","6","2","10","04","6","0","2","0","1","0","0"
"POINT (10.062755169000070 53.554318652000063)","Unfall 125802 (2017) Kat:3, Licht: 0","125802","3","6","3","10","09","6","0","0","1","0","0","0"
"POINT (10.163949008000031 53.627876813000057)","Unfall 125803 (2017) Kat:3, Licht: 0","125803","3","7","0","10","10","6","0","0","0","1","0","0"
"POINT (10.098283499000047 53.583399921000080)","Unfall 125804 (2017) Kat:3, Licht: 0","125804","3","3","5","10","12","6","0","0","1","0","0","0"
"POINT (10.038705224000068 53.607930498000030)","Unfall 125805 (2017) Kat:3, Licht: 0","125805","3","6","3","10","15","6","0","0","0","1","0","0"
"POINT (10.102047380000045 53.647296264000033)","Unfall 125806 (2017) Kat:3, Licht: 2","125806","3","2","5","10","19","6","0","2","0","1","0","0"
"POINT (10.009852359000035 53.583601971000064)","Unfall 125807 (2017) Kat:3, Licht: 2","125807","3","5","1","10","21","6","0","2","1","1","0","0"
"POINT (10.050406776000045 53.585890725000070)","Unfall 125808 (2017) Kat:3, Licht: 2","125808","3","2","6","10","07","6","0","2","0","0","1","0"
"POINT (10.005695720000062 53.550123762000055)","Unfall 125809 (2017) Kat:3, Licht: 0","125809","3","6","2","11","08","5","1","0","0","1","0","0"
"POINT (10.027359986000022 53.570051630000080)","Unfall 125810 (2017) Kat:3, Licht: 2","125810","3","3","5","10","22","6","0","2","0","1","0","0"
"POINT (10.224955305000037 53.481807568000079)","Unfall 125811 (2017) Kat:2, Licht: 2","125811","2","3","5","11","05","4","1","2","0","1","0","0"
"POINT (10.085466031000067 53.551321319000067)","Unfall 125812 (2017) Kat:2, Licht: 2","125812","2","3","5","11","18","4","1","2","0","1","0","1"
"POINT (10.014495310000029 53.576503648000028)","Unfall 125813 (2017) Kat:2, Licht: 0","125813","2","3","5","10","11","6","0","0","0","1","0","1"
"POINT (10.085169343000075 53.551162703000045)","Unfall 125814 (2017) Kat:2, Licht: 0","125814","2","4","6","11","14","4","1","0","0","1","1","0"
"POINT (10.058556169000042 53.563570131000063)","Unfall 125815 (2017) Kat:3, Licht: 2","125815","3","2","6","11","19","4","1","2","0","1","1","0"
"POINT (10.041935365000029 53.588309071000026)","Unfall 125816 (2017) Kat:3, Licht: 0","125816","3","2","4","10","09","6","0","0","0","1","0","0"
"POINT (10.060917472000028 53.570381917000077)","Unfall 125817 (2017) Kat:3, Licht: 2","125817","3","2","6","11","21","4","1","2","0","1","1","0"
"POINT (10.052509608000037 53.610125404000030)","Unfall 125818 (2017) Kat:3, Licht: 0","125818","3","3","5","11","14","4","1","0","1","1","0","0"
"POINT (9.904864391000047 53.606648105000033)","Unfall 125819 (2017) Kat:3, Licht: 0","125819","3","6","2","10","16","6","0","0","0","1","0","0"
"POINT (10.047175277000065 53.603981857000065)","Unfall 125820 (2017) Kat:3, Licht: 2","125820","3","6","4","11","20","4","1","2","0","0","0","1"
"POINT (9.889152613000022 53.600977114000045)","Unfall 125821 (2017) Kat:3, Licht: 2","125821","3","3","5","10","21","6","0","2","0","1","0","0"
"POINT (9.880729934000044 53.584056692000047)","Unfall 125822 (2017) Kat:3, Licht: 0","125822","3","2","3","10","16","6","0","0","1","0","0","0"
"POINT (9.991946386000052 53.667664783000077)","Unfall 125823 (2017) Kat:3, Licht: 2","125823","3","3","5","11","18","4","1","2","0","1","0","0"
"POINT (9.989118884000050 53.558342401000061)","Unfall 125824 (2017) Kat:3, Licht: 0","125824","3","3","0","10","16","6","0","0","1","0","0","1"
"POINT (10.014005905000033 53.638608511000029)","Unfall 125825 (2017) Kat:3, Licht: 1","125825","3","3","5","11","07","4","1","1","0","1","0","0"
"POINT (10.000818637000066 53.555548487000067)","Unfall 125826 (2017) Kat:2, Licht: 1","125826","2","2","4","10","06","6","0","1","0","1","0","1"
"POINT (10.016870019000066 53.600219143000061)","Unfall 125827 (2017) Kat:3, Licht: 0","125827","3","6","2","11","12","4","1","0","0","1","0","0"
"POINT (10.009545892000062 53.549860140000078)","Unfall 125828 (2017) Kat:3, Licht: 0","125828","3","5","1","10","11","6","0","0","0","1","0","0"
"POINT (10.012176675000035 53.610648105000053)","Unfall 125829 (2017) Kat:3, Licht: 1","125829","3","6","3","11","07","4","1","1","1","1","0","0"
"POINT (10.005638984000029 53.554591736000077)","Unfall 125830 (2017) Kat:3, Licht: 2","125830","3","7","8","10","21","6","0","2","0","0","0","1"
"POINT (10.055669351000063 53.591316533000054)","Unfall 125831 (2017) Kat:3, Licht: 1","125831","3","2","6","11","07","4","1","1","0","1","1","0"
"POINT (10.032736429000067 53.573079360000065)","Unfall 125832 (2017) Kat:2, Licht: 0","125832","2","6","3","11","10","4","1","0","0","1","0","1"
"POINT (10.021467188000031 53.575247777000072)","Unfall 125833 (2017) Kat:3, Licht: 2","125833","3","6","3","11","18","4","0","2","1","0","0","0"
"POINT (9.936105156000053 53.550120255000081)","Unfall 125834 (2017) Kat:3, Licht: 0","125834","3","2","4","11","14","4","1","0","1","1","0","0"
"POINT (10.209132030000035 53.496714344000054)","Unfall 125835 (2017) Kat:3, Licht: 0","125835","3","6","3","10","17","5","0","0","0","1","0","1"
"POINT (9.945201591000057 53.548520630000041)","Unfall 125836 (2017) Kat:3, Licht: 0","125836","3","1","0","11","10","4","1","0","0","0","0","1"
"POINT (9.990638173000036 53.560478606000061)","Unfall 125837 (2017) Kat:3, Licht: 2","125837","3","7","3","11","19","4","1","2","0","1","0","0"
"POINT (10.038581541000042 53.547561693000034)","Unfall 125838 (2017) Kat:3, Licht: 0","125838","3","2","3","10","17","5","0","0","1","1","0","0"
"POINT (9.962428604000024 53.549449408000044)","Unfall 125839 (2017) Kat:3, Licht: 0","125839","3","3","5","11","07","4","1","0","0","1","0","0"
"POINT (9.988958481000054 53.558309176000080)","Unfall 125840 (2017) Kat:3, Licht: 0","125840","3","2","5","11","11","4","1","0","1","0","0","0"
"POINT (9.988073304000068 53.510437148000051)","Unfall 125841 (2017) Kat:3, Licht: 2","125841","3","3","5","10","22","3","0","2","0","1","0","0"
"POINT (10.045798925000042 53.548308446000078)","Unfall 125842 (2017) Kat:3, Licht: 0","125842","3","3","5","10","12","5","0","0","0","1","0","0"
"POINT (10.116446574000065 53.608954753000035)","Unfall 125843 (2017) Kat:2, Licht: 2","125843","2","4","6","10","18","3","0","2","0","1","1","0"
"POINT (10.092890633000025 53.675316423000027)","Unfall 125844 (2017) Kat:2, Licht: 2","125844","2","4","6","10","17","3","0","2","0","1","1","0"
"POINT (10.014222718000042 53.581795343000067)","Unfall 125845 (2017) Kat:3, Licht: 2","125845","3","7","6","10","18","3","0","2","0","1","1","0"
"POINT (9.921480141000075 53.621284645000060)","Unfall 125846 (2017) Kat:3, Licht: 0","125846","3","7","6","10","16","3","0","0","1","0","1","0"
"POINT (10.071817710000062 53.614743057000055)","Unfall 125847 (2017) Kat:3, Licht: 0","125847","3","2","5","10","14","5","0","0","1","1","0","0"
"POINT (10.079218831000048 53.607481384000039)","Unfall 125848 (2017) Kat:3, Licht: 0","125848","3","5","1","10","14","5","0","0","0","1","0","1"
"POINT (10.090064580000046 53.631707735000077)","Unfall 125849 (2017) Kat:3, Licht: 0","125849","3","6","2","10","14","5","0","0","1","1","0","0"
"POINT (10.161270224000077 53.651972633000071)","Unfall 125850 (2017) Kat:3, Licht: 0","125850","3","6","2","10","15","5","0","0","0","1","0","0"
"POINT (10.076138507000053 53.663702551000029)","Unfall 125851 (2017) Kat:3, Licht: 1","125851","3","2","5","10","06","5","0","1","0","1","0","0"
"POINT (10.107512305000057 53.657178157000033)","Unfall 125852 (2017) Kat:3, Licht: 0","125852","3","7","0","10","07","5","0","0","1","0","0","0"
"POINT (10.021556309000061 53.660701768000081)","Unfall 125853 (2017) Kat:2, Licht: 2","125853","2","7","3","10","20","5","0","2","0","1","0","1"
"POINT (10.009582489000024 53.625485775000072)","Unfall 125854 (2017) Kat:3, Licht: 2","125854","3","6","3","10","22","5","0","2","0","1","0","0"
"POINT (10.013633070000026 53.589947754000036)","Unfall 125855 (2017) Kat:3, Licht: 0","125855","3","2","4","10","07","5","1","0","1","1","0","0"
"POINT (10.034636109000076 53.564053173000048)","Unfall 125856 (2017) Kat:3, Licht: 0","125856","3","2","5","10","08","5","1","0","1","0","0","0"
"POINT (9.886228046000042 53.565193412000042)","Unfall 125857 (2017) Kat:3, Licht: 0","125857","3","3","5","10","07","5","1","0","1","1","0","0"
"POINT (9.893686003000028 53.623496180000075)","Unfall 125858 (2017) Kat:3, Licht: 0","125858","3","7","1","10","10","5","0","0","0","1","0","0"
"POINT (9.816168516000062 53.562839819000033)","Unfall 125859 (2017) Kat:3, Licht: 0","125859","3","6","2","10","10","3","1","0","0","1","0","0"
"POINT (9.945471547000068 53.593497675000037)","Unfall 125860 (2017) Kat:3, Licht: 0","125860","3","6","2","10","11","5","0","0","0","1","0","0"
"POINT (9.946904389000054 53.551371608000068)","Unfall 125861 (2017) Kat:3, Licht: 2","125861","3","1","0","10","03","3","1","2","1","0","0","0"
"POINT (9.947655504000068 53.582201306000059)","Unfall 125862 (2017) Kat:3, Licht: 0","125862","3","3","5","10","08","5","1","0","1","0","0","0"
"POINT (9.795825828000034 53.514801244000068)","Unfall 125863 (2017) Kat:3, Licht: 1","125863","3","6","2","10","06","2","0","1","0","1","0","0"
"POINT (9.985447816000033 53.551915347000033)","Unfall 125864 (2017) Kat:3, Licht: 0","125864","3","3","5","10","08","5","1","0","1","1","0","0"
"POINT (9.959794124000041 53.456759705000081)","Unfall 125865 (2017) Kat:3, Licht: 0","125865","3","4","6","10","09","2","0","0","0","1","1","0"
"POINT (10.068747751000046 53.553206119000038)","Unfall 125866 (2017) Kat:3, Licht: 2","125866","3","2","4","10","19","2","0","2","0","1","0","0"
"POINT (9.998306650000075 53.549875794000059)","Unfall 125867 (2017) Kat:3, Licht: 2","125867","3","6","2","10","06","5","0","2","0","1","0","0"
"POINT (10.008398227000043 53.554133254000078)","Unfall 125868 (2017) Kat:3, Licht: 0","125868","3","3","5","10","17","5","0","0","0","1","0","0"
"POINT (9.987411763000068 53.516094823000060)","Unfall 125869 (2017) Kat:3, Licht: 0","125869","3","4","0","10","11","4","1","0","0","0","1","0"
"POINT (10.180055860000039 53.494265140000039)","Unfall 125870 (2017) Kat:2, Licht: 0","125870","2","4","6","10","11","4","1","0","0","1","1","0"
"POINT (10.118221256000027 53.540035066000030)","Unfall 125871 (2017) Kat:3, Licht: 0","125871","3","6","6","10","07","4","1","0","0","1","1","0"
"POINT (10.102371604000041 53.579840410000031)","Unfall 125872 (2017) Kat:3, Licht: 1","125872","3","4","6","10","18","4","0","1","0","1","1","0"
"POINT (10.081263021000041 53.579861011000048)","Unfall 125873 (2017) Kat:3, Licht: 2","125873","3","2","4","10","19","4","0","2","1","1","0","0"
"POINT (10.091113244000042 53.544216963000054)","Unfall 125874 (2017) Kat:3, Licht: 0","125874","3","6","2","10","09","2","0","0","0","1","0","0"
"POINT (10.098919487000046 53.588802988000054)","Unfall 125875 (2017) Kat:2, Licht: 0","125875","2","3","5","10","08","4","1","0","1","1","0","0"
"POINT (10.044178636000026 53.606405805000065)","Unfall 125876 (2017) Kat:3, Licht: 0","125876","3","2","2","10","08","4","1","0","1","0","0","0"
"POINT (10.134473149000030 53.674460444000033)","Unfall 125877 (2017) Kat:3, Licht: 0","125877","3","2","5","10","07","4","0","0","1","1","0","0"
"POINT (10.154067786000041 53.532715536000069)","Unfall 125878 (2017) Kat:2, Licht: 0","125878","2","3","5","10","10","2","0","0","1","1","0","0"
"POINT (10.050390871000047 53.602652773000045)","Unfall 125879 (2017) Kat:3, Licht: 0","125879","3","2","1","10","09","2","0","0","0","1","0","0"
"POINT (10.092642679000051 53.652516596000055)","Unfall 125880 (2017) Kat:3, Licht: 2","125880","3","7","6","10","17","2","0","2","1","0","1","0"
"POINT (10.089511885000036 53.710816524000052)","Unfall 125881 (2017) Kat:3, Licht: 2","125881","3","6","4","10","19","2","0","2","0","1","0","0"