WKT,Name,OBJECTID,UKATEGORIE,UTYP1,UART,UMONAT,USTUNDE,UWOCHENTAG,STRZUSTAND,ULICHTVERH,ISTRAD,ISTPKW,ISTFUSS,ISTKRAD
"POINT (10.174834513000064 53.658846396000058)","Unfall 125882 (2017) Kat:3, Licht: 0","125882","3","3","5","10","16","4","1","0","0","1","0","0"
"POINT (10.032923824000022 53.587169201000052)","Unfall 125883 (2017) Kat:3, Licht: 0","125883","3","6","2","10","12","2","0","0","0","1","0","0"
"POINT (10.042554077000034 53.589009624000028)","Unfall 125884 (2017) Kat:3, Licht: 0","125884","3","2","5","10","16","2","0","0","1","1","0","0"
"POINT (10.061246031000053 53.651640298000075)","Unfall 125885 (2017) Kat:3, Licht: 1","125885","3","7","0","10","17","4","1","1","0","1","0","1"
"POINT (9.765830699000048 53.569500733000041)","Unfall 125886 (2017) Kat:2, Licht: 0","125886","2","2","5","10","13","2","0","0","1","1","0","0"
"POINT (9.837207191000061 53.564750261000029)","Unfall 125887 (2017) Kat:2, Licht: 0","125887","2","5","0","10","08","2","0","0","1","1","0","0"
"POINT (10.021099204000052 53.648863830000039)","Unfall 125888 (2017) Kat:3, Licht: 1","125888","3","6","2","10","16","4","1","1","0","1","0","0"
"POINT (9.954851001000066 53.603306249000070)","Unfall 125889 (2017) Kat:3, Licht: 0","125889","3","3","5","10","15","2","0","0","1","1","0","0"
"POINT (10.019112620000044 53.623721736000050)","Unfall 125890 (2017) Kat:3, Licht: 2","125890","3","3","5","10","18","4","0","2","1","1","0","0"
"POINT (9.980023089000042 53.568396708000080)","Unfall 125891 (2017) Kat:2, Licht: 2","125891","2","6","2","10","17","2","0","2","0","1","0","1"
"POINT (9.974068418000059 53.569243239000059)","Unfall 125892 (2017) Kat:3, Licht: 0","125892","3","3","5","10","08","2","0","0","0","1","0","0"
"POINT (10.045775520000063 53.588549852000028)","Unfall 125893 (2017) Kat:3, Licht: 2","125893","3","2","4","10","20","4","0","2","0","1","0","0"
"POINT (9.956355503000054 53.561952132000044)","Unfall 125894 (2017) Kat:3, Licht: 1","125894","3","6","2","10","16","2","0","1","0","1","0","0"
"POINT (9.989643324000042 53.544697674000076)","Unfall 125895 (2017) Kat:3, Licht: 0","125895","3","2","3","10","10","2","0","0","1","1","0","0"
"POINT (9.948456729000043 53.464953646000026)","Unfall 125896 (2017) Kat:3, Licht: 2","125896","3","4","6","10","22","1","0","2","0","1","1","0"
"POINT (9.934974233000048 53.430877448000047)","Unfall 125897 (2017) Kat:3, Licht: 2","125897","3","2","4","10","18","1","0","2","0","1","0","0"
"POINT (10.018991942000071 53.565090082000040)","Unfall 125898 (2017) Kat:3, Licht: 0","125898","3","2","3","10","10","4","1","0","0","1","0","1"
"POINT (9.915242577000072 53.563854178000042)","Unfall 125899 (2017) Kat:3, Licht: 0","125899","3","5","1","10","21","4","0","0","1","1","0","0"
"POINT (9.908253566000042 53.591592008000077)","Unfall 125900 (2017) Kat:3, Licht: 0","125900","3","2","4","10","10","4","1","0","0","1","0","0"
"POINT (9.945434101000046 53.576808432000064)","Unfall 125901 (2017) Kat:3, Licht: 0","125901","3","7","0","10","08","4","1","0","1","1","0","0"
"POINT (9.951369660000069 53.598375191000059)","Unfall 125902 (2017) Kat:3, Licht: 0","125902","3","6","3","10","10","4","1","0","0","1","1","1"
"POINT (9.973061670000050 53.610142123000060)","Unfall 125903 (2017) Kat:3, Licht: 0","125903","3","4","0","10","07","4","1","0","0","1","1","0"
"POINT (9.956671480000068 53.579997777000074)","Unfall 125904 (2017) Kat:3, Licht: 0","125904","3","7","0","10","13","4","1","0","1","0","0","0"
"POINT (9.930541163000044 53.549646808000034)","Unfall 125905 (2017) Kat:3, Licht: 2","125905","3","3","5","10","22","4","0","2","1","1","0","0"
"POINT (9.971720233000042 53.575303529000053)","Unfall 125906 (2017) Kat:3, Licht: 0","125906","3","2","4","10","13","4","1","0","1","1","0","0"
"POINT (9.965652148000061 53.564582114000075)","Unfall 125907 (2017) Kat:3, Licht: 0","125907","3","5","1","10","14","4","1","0","1","1","0","0"
"POINT (10.001211077000050 53.555593904000034)","Unfall 125908 (2017) Kat:3, Licht: 0","125908","3","6","2","10","08","4","1","0","0","1","0","0"
"POINT (10.006117008000047 53.551797000000079)","Unfall 125909 (2017) Kat:3, Licht: 0","125909","3","3","6","10","10","4","1","0","0","0","1","0"
"POINT (10.016908577000038 53.550435588000028)","Unfall 125910 (2017) Kat:3, Licht: 0","125910","3","3","0","10","11","4","1","0","0","1","0","1"
"POINT (9.938632677000044 53.471294585000066)","Unfall 125911 (2017) Kat:3, Licht: 2","125911","3","6","2","10","21","3","0","2","0","1","0","0"
"POINT (10.072596576000024 53.577381700000046)","Unfall 125912 (2017) Kat:3, Licht: 0","125912","3","3","5","10","09","3","1","0","1","1","0","0"
"POINT (9.983546588000024 53.553126223000049)","Unfall 125913 (2017) Kat:3, Licht: 0","125913","3","3","5","10","08","3","1","0","1","1","0","0"
"POINT (9.925979910000024 53.519836528000042)","Unfall 125914 (2017) Kat:3, Licht: 0","125914","3","3","6","10","07","3","0","0","0","1","1","0"
"POINT (9.990627890000042 53.447222403000069)","Unfall 125915 (2017) Kat:3, Licht: 2","125915","3","1","0","10","20","2","1","2","0","0","0","1"
"POINT (10.054661768000074 53.497829218000049)","Unfall 125916 (2017) Kat:3, Licht: 1","125916","3","7","0","10","17","2","1","1","0","0","0","1"
"POINT (10.188516872000037 53.504802379000068)","Unfall 125917 (2017) Kat:3, Licht: 0","125917","3","3","5","10","09","2","0","0","0","1","0","1"
"POINT (10.209427422000033 53.490727070000048)","Unfall 125918 (2017) Kat:3, Licht: 0","125918","3","4","6","10","11","1","0","0","0","1","1","0"
"POINT (10.141945328000077 53.543109620000052)","Unfall 125919 (2017) Kat:3, Licht: 2","125919","3","3","5","10","21","2","1","2","0","1","0","0"
"POINT (10.171337170000072 53.613691536000033)","Unfall 125920 (2017) Kat:3, Licht: 0","125920","3","7","1","10","14","1","1","0","0","1","0","0"
"POINT (10.094748155000048 53.542651248000027)","Unfall 125921 (2017) Kat:3, Licht: 0","125921","3","7","3","10","10","2","0","0","0","1","0","0"
"POINT (10.131964213000060 53.592476432000069)","Unfall 125922 (2017) Kat:3, Licht: 2","125922","3","7","5","10","18","1","0","2","0","1","0","0"
"POINT (10.057507400000077 53.554751948000046)","Unfall 125923 (2017) Kat:3, Licht: 2","125923","3","3","5","10","21","2","1","2","1","1","0","0"
"POINT (10.147177626000030 53.634586740000032)","Unfall 125924 (2017) Kat:2, Licht: 2","125924","2","1","1","10","06","1","1","2","0","1","0","0"
"POINT (10.012652653000032 53.604237240000032)","Unfall 125925 (2017) Kat:3, Licht: 0","125925","3","6","1","10","10","1","1","0","0","1","0","0"
"POINT (10.174482287000046 53.604634367000074)","Unfall 125926 (2017) Kat:2, Licht: 0","125926","2","4","6","10","18","2","0","0","0","1","1","0"
"POINT (10.011235568000075 53.575730639000028)","Unfall 125927 (2017) Kat:2, Licht: 0","125927","2","6","3","10","12","1","1","0","0","1","0","0"
"POINT (9.918004770000039 53.570875320000027)","Unfall 125928 (2017) Kat:3, Licht: 0","125928","3","2","4","10","13","1","0","0","0","1","0","0"
"POINT (10.069471578000048 53.579462718000059)","Unfall 125929 (2017) Kat:3, Licht: 2","125929","3","2","4","10","22","2","1","2","1","1","0","0"
"POINT (9.924214989000063 53.650584665000054)","Unfall 125930 (2017) Kat:3, Licht: 0","125930","3","3","5","10","11","1","0","0","1","1","0","0"
"POINT (9.962416538000070 53.599667347000036)","Unfall 125931 (2017) Kat:3, Licht: 2","125931","3","6","3","10","01","1","1","2","0","1","0","0"
"POINT (10.093337681000037 53.581625716000076)","Unfall 125932 (2017) Kat:3, Licht: 2","125932","3","3","0","10","19","2","1","2","0","1","0","1"
"POINT (9.963345158000038 53.468053910000037)","Unfall 125933 (2017) Kat:3, Licht: 1","125933","3","3","5","10","17","7","1","1","0","1","0","0"
"POINT (10.043081212000061 53.607616360000065)","Unfall 125934 (2017) Kat:3, Licht: 0","125934","3","7","4","10","12","2","1","0","0","1","0","1"
"POINT (10.113317091000056 53.658898458000067)","Unfall 125935 (2017) Kat:3, Licht: 0","125935","3","6","2","10","13","2","0","0","0","1","0","0"
"POINT (10.200277263000032 53.499921662000077)","Unfall 125936 (2017) Kat:3, Licht: 0","125936","3","3","5","10","10","7","0","0","0","1","0","0"
"POINT (10.107260658000030 53.654430088000026)","Unfall 125937 (2017) Kat:3, Licht: 0","125937","3","2","5","10","15","2","0","0","0","1","0","0"
"POINT (9.993472584000074 53.601936859000034)","Unfall 125938 (2017) Kat:3, Licht: 0","125938","3","2","5","10","17","2","1","0","1","1","0","0"
"POINT (10.215282099000035 53.426566268000045)","Unfall 125939 (2017) Kat:3, Licht: 0","125939","3","6","6","10","10","7","0","0","0","1","1","0"
"POINT (10.069249355000068 53.559508414000049)","Unfall 125940 (2017) Kat:3, Licht: 0","125940","3","2","5","10","13","7","0","0","0","1","0","0"
"POINT (10.084835241000064 53.550953084000071)","Unfall 125941 (2017) Kat:3, Licht: 2","125941","3","2","6","10","20","7","1","2","0","1","1","0"
"POINT (10.123888997000051 53.570152274000066)","Unfall 125942 (2017) Kat:3, Licht: 0","125942","3","7","9","10","12","7","1","0","0","1","0","0"
"POINT (10.061795528000061 53.570762335000040)","Unfall 125943 (2017) Kat:3, Licht: 2","125943","3","7","4","10","00","7","1","2","0","1","0","0"
"POINT (9.857335685000066 53.598104789000047)","Unfall 125944 (2017) Kat:3, Licht: 0","125944","3","6","2","10","10","7","0","0","0","1","0","0"
"POINT (9.917140121000045 53.560689586000080)","Unfall 125945 (2017) Kat:3, Licht: 0","125945","3","3","5","10","17","7","1","0","1","1","0","0"
"POINT (9.899529001000076 53.592744160000052)","Unfall 125946 (2017) Kat:3, Licht: 2","125946","3","6","3","10","17","7","1","2","0","1","0","0"
"POINT (9.890686627000036 53.601326233000066)","Unfall 125947 (2017) Kat:3, Licht: 0","125947","3","6","2","10","12","7","1","0","0","1","0","0"
"POINT (9.975709617000064 53.558479852000062)","Unfall 125948 (2017) Kat:3, Licht: 2","125948","3","1","8","10","02","7","1","2","0","1","0","0"
"POINT (10.021564859000023 53.607127567000077)","Unfall 125949 (2017) Kat:3, Licht: 0","125949","3","3","5","10","11","2","1","0","0","1","0","1"
"POINT (10.019378359000029 53.589396067000052)","Unfall 125950 (2017) Kat:3, Licht: 0","125950","3","2","5","10","08","2","0","0","0","1","0","0"
"POINT (10.040598060000036 53.587008385000047)","Unfall 125951 (2017) Kat:3, Licht: 2","125951","3","2","3","10","22","2","1","2","1","1","0","0"
"POINT (10.025713288000077 53.573745533000078)","Unfall 125952 (2017) Kat:3, Licht: 1","125952","3","2","4","10","19","2","1","1","1","1","0","0"
"POINT (10.041481710000028 53.586443227000075)","Unfall 125953 (2017) Kat:3, Licht: 0","125953","3","2","3","10","14","2","0","0","1","1","0","0"
"POINT (10.046656872000028 53.583273953000059)","Unfall 125954 (2017) Kat:3, Licht: 0","125954","3","7","0","10","17","2","1","0","0","0","0","1"
"POINT (9.914082033000057 53.551099319000059)","Unfall 125955 (2017) Kat:3, Licht: 0","125955","3","6","1","10","16","2","1","0","0","1","0","1"
"POINT (9.901052176000064 53.625406276000035)","Unfall 125956 (2017) Kat:3, Licht: 0","125956","3","3","5","10","10","2","1","0","1","1","0","0"
"POINT (9.934922489000030 53.551841466000042)","Unfall 125957 (2017) Kat:2, Licht: 2","125957","2","5","3","10","19","2","1","2","1","1","0","0"
"POINT (9.946528651000051 53.548702576000039)","Unfall 125958 (2017) Kat:3, Licht: 0","125958","3","3","5","10","16","2","1","0","1","1","0","0"
"POINT (9.978953820000072 53.555613527000048)","Unfall 125959 (2017) Kat:3, Licht: 2","125959","3","6","2","10","23","7","1","2","0","1","0","0"
"POINT (9.972405133000052 53.557102966000059)","Unfall 125960 (2017) Kat:3, Licht: 1","125960","3","3","5","10","18","2","1","1","1","1","0","0"
"POINT (9.973893908000036 53.462781669000037)","Unfall 125961 (2017) Kat:2, Licht: 2","125961","2","4","6","10","18","6","1","2","0","1","1","0"
"POINT (9.993695467000066 53.557740632000048)","Unfall 125962 (2017) Kat:3, Licht: 2","125962","3","3","5","10","21","2","1","2","1","0","0","1"
"POINT (9.992254721000052 53.461669544000074)","Unfall 125963 (2017) Kat:3, Licht: 0","125963","3","7","5","10","17","6","0","0","0","1","0","0"
"POINT (9.992710967000051 53.557841808000035)","Unfall 125964 (2017) Kat:3, Licht: 2","125964","3","6","3","10","01","2","0","2","0","1","0","0"
"POINT (9.921664006000071 53.515653120000081)","Unfall 125965 (2017) Kat:3, Licht: 0","125965","3","6","2","10","16","2","1","0","0","1","0","0"
"POINT (10.047188481000035 53.561128099000030)","Unfall 125966 (2017) Kat:3, Licht: 0","125966","3","6","1","10","11","6","0","0","0","1","0","0"
"POINT (10.055401074000031 53.560949909000044)","Unfall 125967 (2017) Kat:3, Licht: 2","125967","3","3","5","10","04","6","1","2","0","1","0","0"
"POINT (9.989140376000023 53.456688004000057)","Unfall 125968 (2017) Kat:2, Licht: 1","125968","2","3","5","10","18","1","0","1","0","0","0","0"
"POINT (10.130025141000033 53.571008555000049)","Unfall 125969 (2017) Kat:3, Licht: 0","125969","3","3","5","10","15","6","0","0","1","1","0","0"
"POINT (10.072506635000025 53.569981713000061)","Unfall 125970 (2017) Kat:3, Licht: 0","125970","3","3","5","10","08","6","1","0","1","1","0","0"
"POINT (9.985034355000039 53.500953468000034)","Unfall 125971 (2017) Kat:3, Licht: 0","125971","3","1","9","10","15","1","0","0","0","1","0","0"
"POINT (10.078904239000053 53.572783710000067)","Unfall 125972 (2017) Kat:3, Licht: 2","125972","3","3","5","10","19","6","1","2","0","1","0","0"
"POINT (10.068409108000026 53.573476959000061)","Unfall 125973 (2017) Kat:3, Licht: 0","125973","3","5","1","10","17","6","0","0","0","1","0","1"
"POINT (10.154170176000036 53.482085967000046)","Unfall 125974 (2017) Kat:3, Licht: 2","125974","3","1","1","10","03","1","1","2","0","1","0","0"
"POINT (10.033903079000027 53.636798071000044)","Unfall 125975 (2017) Kat:3, Licht: 0","125975","3","6","1","10","09","6","0","0","0","1","0","0"
"POINT (10.208946439000044 53.510067994000053)","Unfall 125976 (2017) Kat:2, Licht: 2","125976","2","4","6","10","19","1","0","2","0","1","1","0"
"POINT (10.033700354000075 53.576610565000067)","Unfall 125977 (2017) Kat:3, Licht: 0","125977","3","7","0","10","15","6","0","0","0","0","0","0"
"POINT (10.095541703000038 53.547721051000053)","Unfall 125978 (2017) Kat:3, Licht: 0","125978","3","4","6","10","12","1","0","0","0","1","1","0"
"POINT (10.062575004000053 53.560215665000044)","Unfall 125979 (2017) Kat:3, Licht: 0","125979","3","6","2","10","12","1","0","0","0","1","0","0"
"POINT (10.129416840000033 53.682932321000067)","Unfall 125980 (2017) Kat:2, Licht: 0","125980","2","2","5","10","13","1","0","0","1","1","0","0"
"POINT (10.018524713000033 53.565999134000037)","Unfall 125981 (2017) Kat:3, Licht: 0","125981","3","5","0","10","13","1","1","0","1","1","0","0"
"POINT (10.099232373000063 53.569487590000051)","Unfall 125982 (2017) Kat:3, Licht: 2","125982","3","2","2","11","16","4","1","2","0","1","0","0"
"POINT (10.075897616000077 53.589243497000041)","Unfall 125983 (2017) Kat:3, Licht: 2","125983","3","4","6","11","07","4","1","2","0","1","1","0"
"POINT (10.076953782000032 53.655425739000066)","Unfall 125984 (2017) Kat:3, Licht: 0","125984","3","3","5","11","13","4","1","0","0","0","0","0"
"POINT (10.160229975000050 53.646502515000066)","Unfall 125985 (2017) Kat:3, Licht: 1","125985","3","3","5","11","07","4","1","1","1","1","0","0"
"POINT (10.037285115000032 53.596004893000043)","Unfall 125986 (2017) Kat:3, Licht: 0","125986","3","5","1","11","15","4","1","0","1","1","0","0"
"POINT (10.014807139000027 53.562483624000038)","Unfall 125987 (2017) Kat:3, Licht: 2","125987","3","6","1","11","18","4","1","2","0","1","0","0"
"POINT (10.047769679000055 53.567902326000080)","Unfall 125988 (2017) Kat:2, Licht: 2","125988","2","5","1","11","22","4","0","2","0","1","0","0"
"POINT (9.935062909000067 53.579942228000050)","Unfall 125989 (2017) Kat:2, Licht: 2","125989","2","2","5","11","17","4","1","2","0","1","0","1"
"POINT (9.741474206000021 53.584868062000055)","Unfall 125990 (2017) Kat:3, Licht: 0","125990","3","3","5","11","08","4","1","0","1","1","0","0"
"POINT (9.906461438000065 53.591817059000050)","Unfall 125991 (2017) Kat:3, Licht: 2","125991","3","5","1","11","19","4","0","2","0","0","0","0"
"POINT (9.985288027000024 53.563761387000056)","Unfall 125992 (2017) Kat:3, Licht: 2","125992","3","6","1","11","22","4","1","2","0","1","0","0"
"POINT (9.984824438000032 53.563940752000065)","Unfall 125993 (2017) Kat:3, Licht: 2","125993","3","3","5","11","19","4","1","2","0","0","0","0"
"POINT (10.014093668000044 53.556379956000058)","Unfall 125994 (2017) Kat:3, Licht: 2","125994","3","4","0","11","17","4","1","2","0","1","1","0"
"POINT (9.865735296000025 53.533950735000076)","Unfall 125995 (2017) Kat:2, Licht: 2","125995","2","4","6","11","06","3","1","2","0","1","1","0"
"POINT (9.863427700000045 53.469818372000077)","Unfall 125996 (2017) Kat:3, Licht: 0","125996","3","3","6","11","12","3","1","0","0","0","1","0"
"POINT (9.977419910000037 53.459675862000040)","Unfall 125997 (2017) Kat:2, Licht: 1","125997","2","2","5","11","16","3","1","1","1","1","0","0"
"POINT (10.016976011000054 53.485950575000061)","Unfall 125998 (2017) Kat:3, Licht: 0","125998","3","3","5","11","07","3","0","0","0","1","0","0"
"POINT (10.015120826000043 53.522814093000079)","Unfall 125999 (2017) Kat:3, Licht: 2","125999","3","2","6","11","19","3","1","2","0","1","1","0"
"POINT (10.201163733000044 53.484146870000075)","Unfall 126000 (2017) Kat:3, Licht: 0","126000","3","6","2","11","08","3","0","0","0","1","0","0"
"POINT (10.083227870000030 53.544910823000066)","Unfall 126001 (2017) Kat:3, Licht: 0","126001","3","3","5","11","13","3","1","0","0","1","0","0"
"POINT (10.090057911000031 53.554170219000071)","Unfall 126002 (2017) Kat:2, Licht: 2","126002","2","2","6","11","20","3","1","2","0","1","1","0"
"POINT (10.108643112000038 53.560386187000063)","Unfall 126003 (2017) Kat:3, Licht: 0","126003","3","2","2","11","13","3","1","0","0","1","0","0"
"POINT (10.045687222000026 53.548175510000078)","Unfall 126004 (2017) Kat:2, Licht: 2","126004","2","2","6","11","18","3","1","2","0","1","1","0"
"POINT (10.181887359000029 53.602795784000079)","Unfall 126005 (2017) Kat:3, Licht: 0","126005","3","3","5","11","10","3","1","0","1","1","0","0"
"POINT (10.061456655000029 53.579534753000075)","Unfall 126006 (2017) Kat:3, Licht: 0","126006","3","3","5","11","12","3","1","0","0","1","0","0"
"POINT (10.080869801000063 53.585137189000079)","Unfall 126007 (2017) Kat:3, Licht: 0","126007","3","3","5","11","07","3","1","0","1","1","0","0"
"POINT (10.016258747000052 53.640091137000070)","Unfall 126008 (2017) Kat:3, Licht: 1","126008","3","3","5","11","07","3","1","1","0","1","0","0"
"POINT (10.030329973000050 53.619204047000039)","Unfall 126009 (2017) Kat:3, Licht: 1","126009","3","4","6","11","19","3","1","1","0","1","1","0"
"POINT (10.037361925000027 53.573857639000039)","Unfall 126010 (2017) Kat:3, Licht: 0","126010","3","5","1","11","14","3","1","0","1","1","0","0"
"POINT (9.905837270000063 53.555199388000062)","Unfall 126011 (2017) Kat:3, Licht: 2","126011","3","3","5","11","17","3","1","2","1","1","0","0"
"POINT (9.886569002000044 53.560495185000036)","Unfall 126012 (2017) Kat:3, Licht: 0","126012","3","7","0","11","09","3","0","0","1","0","0","0"
"POINT (9.986857898000039 53.616101323000066)","Unfall 126013 (2017) Kat:2, Licht: 0","126013","2","3","5","11","09","3","1","0","1","0","0","0"
"POINT (9.966365443000029 53.569412570000054)","Unfall 126014 (2017) Kat:3, Licht: 2","126014","3","6","2","11","22","3","1","2","0","1","0","0"
"POINT (9.979875633000063 53.565532537000081)","Unfall 126015 (2017) Kat:3, Licht: 0","126015","3","3","6","11","12","3","1","0","1","0","1","0"
"POINT (9.963061815000060 53.546499368000070)","Unfall 126016 (2017) Kat:3, Licht: 2","126016","3","4","6","11","19","3","1","2","0","1","1","0"
"POINT (10.002437577000023 53.554524026000081)","Unfall 126017 (2017) Kat:3, Licht: 0","126017","3","3","5","11","15","3","1","0","1","1","0","0"
"POINT (9.990516610000043 53.555883434000066)","Unfall 126018 (2017) Kat:3, Licht: 1","126018","3","7","6","11","16","3","1","1","0","1","1","0"
"POINT (9.897130853000022 53.515364061000071)","Unfall 126019 (2017) Kat:3, Licht: 2","126019","3","6","2","11","05","2","1","2","0","1","0","0"
"POINT (10.005370957000025 53.462832781000031)","Unfall 126020 (2017) Kat:3, Licht: 0","126020","3","6","2","11","12","2","1","0","0","1","0","0"
"POINT (10.139398150000034 53.454581934000032)","Unfall 126021 (2017) Kat:3, Licht: 2","126021","3","6","1","11","17","2","0","2","0","1","0","0"
"POINT (10.212123014000042 53.504024396000034)","Unfall 126022 (2017) Kat:3, Licht: 0","126022","3","4","6","11","10","2","1","0","0","1","1","0"
"POINT (10.114923475000069 53.545455301000061)","Unfall 126023 (2017) Kat:3, Licht: 2","126023","3","2","6","11","18","2","0","2","0","1","1","0"
"POINT (10.142042283000023 53.628469476000078)","Unfall 126024 (2017) Kat:3, Licht: 0","126024","3","3","5","11","13","2","1","0","1","0","0","0"
"POINT (10.159680189000028 53.613838531000056)","Unfall 126025 (2017) Kat:3, Licht: 0","126025","3","3","5","11","09","2","1","0","1","1","0","0"
"POINT (10.087474562000068 53.605307634000042)","Unfall 126026 (2017) Kat:3, Licht: 2","126026","3","7","2","11","17","2","1","2","0","1","0","0"
"POINT (10.071820287000037 53.597313145000044)","Unfall 126027 (2017) Kat:3, Licht: 0","126027","3","3","5","11","12","2","1","0","1","1","0","0"
"POINT (10.044095454000058 53.636146502000031)","Unfall 126028 (2017) Kat:3, Licht: 0","126028","3","6","1","11","08","2","1","0","0","1","0","0"
"POINT (9.990830595000034 53.649227359000065)","Unfall 126029 (2017) Kat:3, Licht: 2","126029","3","6","2","11","16","2","1","2","0","1","0","0"
"POINT (10.022066753000047 53.661425641000051)","Unfall 126030 (2017) Kat:3, Licht: 0","126030","3","3","5","11","12","2","1","0","1","1","0","0"
"POINT (9.993856816000061 53.599632584000062)","Unfall 126031 (2017) Kat:3, Licht: 0","126031","3","6","3","11","13","2","1","0","1","0","0","0"
"POINT (10.020767438000064 53.581349278000062)","Unfall 126032 (2017) Kat:3, Licht: 0","126032","3","6","3","11","09","2","1","0","0","1","0","0"
"POINT (10.036659232000034 53.580375153000034)","Unfall 126033 (2017) Kat:3, Licht: 0","126033","3","3","5","11","10","2","1","0","1","1","0","0"
"POINT (9.866408157000024 53.568377987000076)","Unfall 126034 (2017) Kat:3, Licht: 0","126034","3","3","5","11","15","2","1","0","0","1","0","1"
"POINT (9.913832156000069 53.546118403000037)","Unfall 126035 (2017) Kat:3, Licht: 0","126035","3","6","2","11","09","2","1","0","0","1","0","0"
"POINT (9.883857563000049 53.599017401000026)","Unfall 126036 (2017) Kat:3, Licht: 0","126036","3","6","2","11","08","2","1","0","0","1","0","0"
"POINT (9.951489147000075 53.599556105000033)","Unfall 126037 (2017) Kat:3, Licht: 0","126037","3","2","2","11","08","2","1","0","0","1","0","0"
"POINT (9.941532187000064 53.564418762000059)","Unfall 126038 (2017) Kat:3, Licht: 2","126038","3","5","0","11","16","2","1","2","1","1","0","0"
"POINT (10.001411261000044 53.556102080000073)","Unfall 126039 (2017) Kat:3, Licht: 0","126039","3","6","0","11","14","2","1","0","0","1","0","1"
"POINT (9.991071337000051 53.554750144000081)","Unfall 126040 (2017) Kat:3, Licht: 0","126040","3","7","5","11","13","2","1","0","0","1","0","0"
"POINT (10.118093757000054 53.606896621000033)","Unfall 126041 (2017) Kat:3, Licht: 2","126041","3","3","5","11","19","1","0","2","0","1","0","0"
"POINT (10.149042816000076 53.612723776000053)","Unfall 126042 (2017) Kat:2, Licht: 2","126042","2","5","1","11","18","1","0","2","0","1","0","0"
"POINT (10.127986331000045 53.576986238000075)","Unfall 126043 (2017) Kat:3, Licht: 2","126043","3","6","4","11","02","1","1","2","0","1","0","0"
"POINT (10.128601816000071 53.678677212000082)","Unfall 126044 (2017) Kat:3, Licht: 2","126044","3","1","9","11","05","1","1","2","0","1","0","0"
"POINT (9.794957795000073 53.579892985000072)","Unfall 126045 (2017) Kat:3, Licht: 2","126045","3","5","1","11","19","1","1","2","0","1","0","0"
"POINT (9.928178653000032 53.560326216000078)","Unfall 126046 (2017) Kat:3, Licht: 2","126046","3","4","6","11","19","1","1","2","0","1","1","0"
"POINT (9.955002460000060 53.569869535000066)","Unfall 126047 (2017) Kat:3, Licht: 2","126047","3","6","2","11","18","1","0","2","0","1","0","0"
"POINT (9.934579411000073 53.546157785000048)","Unfall 126048 (2017) Kat:3, Licht: 0","126048","3","6","2","11","09","1","1","0","0","1","0","0"
"POINT (9.990592624000044 53.560424441000066)","Unfall 126049 (2017) Kat:3, Licht: 0","126049","3","3","5","11","09","1","1","0","0","1","0","0"
"POINT (9.964302804000056 53.559462353000072)","Unfall 126050 (2017) Kat:3, Licht: 2","126050","3","6","3","11","18","1","0","2","1","1","0","0"
"POINT (9.954938392000031 53.545647780000081)","Unfall 126051 (2017) Kat:3, Licht: 1","126051","3","7","3","11","07","1","1","1","0","1","0","0"
"POINT (9.854370313000061 53.471097865000047)","Unfall 126052 (2017) Kat:3, Licht: 0","126052","3","7","4","11","11","7","0","0","1","1","0","0"
"POINT (9.979726615000061 53.420351664000066)","Unfall 126053 (2017) Kat:3, Licht: 0","126053","3","6","1","11","13","7","1","0","0","1","0","0"
"POINT (10.204665766000062 53.491541676000054)","Unfall 126054 (2017) Kat:3, Licht: 2","126054","3","3","5","11","18","7","1","2","0","1","0","0"
"POINT (10.129171938000070 53.575172938000037)","Unfall 126055 (2017) Kat:3, Licht: 0","126055","3","3","5","11","15","7","1","0","0","1","0","0"
"POINT (10.079409469000041 53.562674340000058)","Unfall 126056 (2017) Kat:3, Licht: 1","126056","3","6","2","11","15","7","1","1","0","1","0","0"
"POINT (10.071324241000070 53.651718685000048)","Unfall 126057 (2017) Kat:2, Licht: 0","126057","2","6","4","11","10","7","1","0","0","1","0","0"
"POINT (10.003760482000075 53.609066408000047)","Unfall 126058 (2017) Kat:3, Licht: 0","126058","3","3","5","11","13","7","1","0","0","1","0","0"
"POINT (10.043249865000064 53.567110040000046)","Unfall 126059 (2017) Kat:3, Licht: 2","126059","3","6","2","11","17","7","1","2","0","1","0","0"
"POINT (9.830778987000031 53.579260012000077)","Unfall 126060 (2017) Kat:3, Licht: 1","126060","3","1","1","11","07","7","0","1","0","1","0","0"
"POINT (9.892900382000050 53.573678503000053)","Unfall 126061 (2017) Kat:3, Licht: 0","126061","3","7","6","11","11","7","1","0","0","0","1","0"
"POINT (9.910922089000053 53.556762285000048)","Unfall 126062 (2017) Kat:3, Licht: 0","126062","3","3","5","11","11","7","1","0","0","1","0","0"
"POINT (9.918462573000056 53.578356796000037)","Unfall 126063 (2017) Kat:3, Licht: 2","126063","3","2","5","11","16","7","1","2","0","1","0","0"
"POINT (9.899296475000028 53.631349799000077)","Unfall 126064 (2017) Kat:3, Licht: 2","126064","3","5","1","11","17","7","1","2","0","1","0","0"
"POINT (9.964739686000030 53.549696831000063)","Unfall 126065 (2017) Kat:3, Licht: 2","126065","3","5","1","11","20","7","1","2","1","1","0","0"