WKT,Name,OBJECTID,UKATEGORIE,UTYP1,UART,UMONAT,USTUNDE,UWOCHENTAG,STRZUSTAND,ULICHTVERH,ISTRAD,ISTPKW,ISTFUSS,ISTKRAD
"POINT (9.989219309000021 53.558484405000058)","Unfall 126066 (2017) Kat:2, Licht: 2","126066","2","4","6","11","22","7","1","2","0","0","1","0"
"POINT (10.006137404000071 53.548792405000029)","Unfall 126067 (2017) Kat:3, Licht: 0","126067","3","1","9","11","10","7","0","0","0","0","0","1"
"POINT (9.859065112000053 53.534657841000069)","Unfall 126068 (2017) Kat:3, Licht: 0","126068","3","2","4","11","14","6","0","0","1","1","0","0"
"POINT (9.904358529000035 53.482134630000076)","Unfall 126069 (2017) Kat:2, Licht: 2","126069","2","2","6","11","06","6","1","2","0","1","1","0"
"POINT (9.957311471000025 53.450476154000057)","Unfall 126070 (2017) Kat:3, Licht: 2","126070","3","6","2","11","17","6","0","2","0","1","0","0"
"POINT (10.199453945000073 53.488938031000032)","Unfall 126071 (2017) Kat:3, Licht: 0","126071","3","3","5","11","13","6","0","0","1","0","0","0"
"POINT (10.038889636000022 53.552507464000030)","Unfall 126072 (2017) Kat:3, Licht: 2","126072","3","6","3","11","22","6","0","2","0","1","0","0"
"POINT (10.043471791000059 53.542337735000046)","Unfall 126073 (2017) Kat:3, Licht: 0","126073","3","2","4","11","11","6","0","0","0","0","0","0"
"POINT (10.069921787000055 53.574717990000067)","Unfall 126074 (2017) Kat:3, Licht: 1","126074","3","2","5","11","16","6","0","1","0","1","0","0"
"POINT (10.083674222000070 53.580110279000053)","Unfall 126075 (2017) Kat:3, Licht: 0","126075","3","3","5","11","08","6","1","0","0","1","0","0"
"POINT (10.037455435000027 53.610274652000044)","Unfall 126076 (2017) Kat:2, Licht: 0","126076","2","7","0","11","12","6","0","0","0","1","0","1"
"POINT (10.027211186000045 53.626323966000029)","Unfall 126077 (2017) Kat:3, Licht: 2","126077","3","6","3","11","17","6","0","2","0","1","0","0"
"POINT (10.019467069000029 53.654897929000072)","Unfall 126078 (2017) Kat:3, Licht: 0","126078","3","3","5","11","12","6","0","0","0","1","0","0"
"POINT (10.014674044000060 53.631306683000048)","Unfall 126079 (2017) Kat:3, Licht: 0","126079","3","6","2","11","13","6","0","0","0","1","0","0"
"POINT (10.000528189000022 53.580805444000077)","Unfall 126080 (2017) Kat:2, Licht: 0","126080","2","2","0","11","08","6","1","0","1","0","0","0"
"POINT (10.057148193000046 53.592288144000065)","Unfall 126081 (2017) Kat:3, Licht: 0","126081","3","6","2","11","07","6","1","0","0","1","0","0"
"POINT (9.813241487000028 53.563292098000034)","Unfall 126082 (2017) Kat:3, Licht: 2","126082","3","6","2","11","22","6","0","2","0","1","0","0"
"POINT (9.947408271000029 53.643598422000082)","Unfall 126083 (2017) Kat:3, Licht: 0","126083","3","7","5","11","08","6","0","0","1","1","0","0"
"POINT (9.921387645000038 53.546142089000057)","Unfall 126084 (2017) Kat:3, Licht: 0","126084","3","6","2","11","11","6","0","0","0","1","0","0"
"POINT (9.947797313000024 53.558167199000081)","Unfall 126085 (2017) Kat:3, Licht: 0","126085","3","6","5","11","07","6","1","0","0","1","0","0"
"POINT (9.946860622000031 53.551228528000081)","Unfall 126086 (2017) Kat:3, Licht: 0","126086","3","3","0","11","10","6","0","0","1","1","0","0"
"POINT (9.993937428000038 53.582773772000053)","Unfall 126087 (2017) Kat:3, Licht: 0","126087","3","6","2","11","09","6","0","0","0","1","0","0"
"POINT (9.962297099000068 53.550419136000073)","Unfall 126088 (2017) Kat:3, Licht: 2","126088","3","3","5","11","06","6","1","2","0","1","0","0"
"POINT (10.004955397000060 53.551047358000062)","Unfall 126089 (2017) Kat:3, Licht: 0","126089","3","7","6","11","14","6","0","0","0","1","1","0"
"POINT (10.192708007000022 53.489213151000058)","Unfall 126090 (2017) Kat:3, Licht: 0","126090","3","6","1","11","15","5","1","0","0","1","0","0"
"POINT (10.134642663000022 53.574766182000076)","Unfall 126091 (2017) Kat:3, Licht: 0","126091","3","6","3","11","11","5","1","0","1","1","0","0"
"POINT (10.153585335000059 53.614488957000049)","Unfall 126092 (2017) Kat:3, Licht: 2","126092","3","6","3","11","17","5","1","2","1","1","0","0"
"POINT (10.102409317000024 53.579762768000080)","Unfall 126093 (2017) Kat:3, Licht: 2","126093","3","6","1","11","20","5","1","2","0","1","0","0"
"POINT (10.163266249000060 53.597086394000030)","Unfall 126094 (2017) Kat:3, Licht: 0","126094","3","5","1","11","09","5","1","0","0","1","0","0"
"POINT (10.003281843000025 53.659357265000040)","Unfall 126095 (2017) Kat:3, Licht: 0","126095","3","2","0","11","12","5","1","0","1","1","0","0"
"POINT (10.033649631000060 53.601005677000046)","Unfall 126096 (2017) Kat:3, Licht: 0","126096","3","6","2","11","11","5","0","0","0","1","0","0"
"POINT (10.007459640000036 53.574747035000030)","Unfall 126097 (2017) Kat:3, Licht: 0","126097","3","6","4","11","09","5","1","0","0","0","0","1"
"POINT (10.053898042000071 53.568847836000032)","Unfall 126098 (2017) Kat:2, Licht: 2","126098","2","2","6","11","17","5","0","2","0","1","1","0"
"POINT (10.035760813000024 53.600965805000044)","Unfall 126099 (2017) Kat:3, Licht: 2","126099","3","2","5","11","20","5","1","2","0","1","0","0"
"POINT (9.861650279000060 53.547612480000055)","Unfall 126100 (2017) Kat:3, Licht: 0","126100","3","6","2","11","08","5","1","0","0","1","0","0"
"POINT (9.918936151000025 53.627928439000073)","Unfall 126101 (2017) Kat:3, Licht: 0","126101","3","3","5","11","13","5","1","0","1","1","0","0"
"POINT (9.975973928000030 53.588410676000080)","Unfall 126102 (2017) Kat:3, Licht: 0","126102","3","6","2","11","14","5","1","0","0","1","0","0"
"POINT (9.958234629000060 53.565324805000046)","Unfall 126103 (2017) Kat:3, Licht: 0","126103","3","3","5","11","14","5","0","0","1","1","0","0"
"POINT (9.981903297000031 53.585309578000079)","Unfall 126104 (2017) Kat:3, Licht: 1","126104","3","2","3","11","16","5","0","1","1","1","0","0"
"POINT (9.875652817000059 53.472580141000037)","Unfall 126105 (2017) Kat:3, Licht: 2","126105","3","3","5","11","19","4","1","2","0","1","0","0"
"POINT (9.996868395000035 53.448515622000059)","Unfall 126106 (2017) Kat:3, Licht: 2","126106","3","7","6","11","18","4","1","2","0","1","1","0"
"POINT (9.950033821000034 53.469600705000062)","Unfall 126107 (2017) Kat:3, Licht: 0","126107","3","6","2","11","14","4","1","0","0","1","0","0"
"POINT (9.973778317000040 53.462837189000027)","Unfall 126108 (2017) Kat:3, Licht: 0","126108","3","7","0","11","10","4","1","0","0","1","0","0"
"POINT (10.100021424000033 53.539636201000064)","Unfall 126109 (2017) Kat:3, Licht: 2","126109","3","2","2","11","17","4","1","2","0","1","0","0"
"POINT (10.083589724000035 53.514774359000057)","Unfall 126110 (2017) Kat:3, Licht: 2","126110","3","6","2","11","16","4","1","2","0","1","0","0"
"POINT (10.037538647000076 53.547287610000069)","Unfall 126111 (2017) Kat:3, Licht: 0","126111","3","1","0","11","12","4","1","0","0","0","0","1"
"POINT (10.153914571000030 53.614631793000058)","Unfall 126112 (2017) Kat:3, Licht: 0","126112","3","3","5","11","08","4","1","0","1","1","0","0"
"POINT (10.108822994000036 53.627074235000066)","Unfall 126113 (2017) Kat:3, Licht: 0","126113","3","7","0","11","11","4","1","0","1","1","0","0"
"POINT (10.037077093000050 53.611111092000044)","Unfall 126114 (2017) Kat:3, Licht: 1","126114","3","6","2","11","16","4","0","1","0","1","0","0"
"POINT (10.097634943000060 53.620107416000053)","Unfall 126115 (2017) Kat:3, Licht: 2","126115","3","2","6","11","17","4","1","2","0","1","1","0"
"POINT (10.102079905000039 53.647289055000044)","Unfall 126116 (2017) Kat:2, Licht: 2","126116","2","2","4","11","19","4","1","2","0","1","0","0"
"POINT (10.085133854000048 53.656697631000043)","Unfall 126117 (2017) Kat:3, Licht: 2","126117","3","3","5","11","19","4","1","2","0","1","0","0"
"POINT (10.012450311000066 53.646279468000046)","Unfall 126118 (2017) Kat:3, Licht: 0","126118","3","5","1","11","13","4","1","0","0","1","0","0"
"POINT (10.037833347000060 53.648467714000049)","Unfall 126119 (2017) Kat:3, Licht: 0","126119","3","6","2","11","14","4","0","0","0","1","0","0"
"POINT (10.019371274000036 53.649376359000030)","Unfall 126120 (2017) Kat:3, Licht: 0","126120","3","5","1","11","10","4","1","0","0","1","0","0"
"POINT (10.019019939000032 53.560681605000070)","Unfall 126121 (2017) Kat:3, Licht: 0","126121","3","4","6","11","16","4","1","0","0","1","1","0"
"POINT (9.913218151000024 53.601833546000080)","Unfall 126122 (2017) Kat:3, Licht: 0","126122","3","3","0","11","09","4","1","0","1","1","0","0"
"POINT (9.992069163000053 53.587699343000054)","Unfall 126123 (2017) Kat:3, Licht: 0","126123","3","3","5","11","16","4","1","0","0","1","0","0"
"POINT (9.936488953000037 53.551764531000060)","Unfall 126124 (2017) Kat:3, Licht: 2","126124","3","7","2","11","19","4","1","2","0","1","0","0"
"POINT (9.985778346000075 53.551331134000066)","Unfall 126125 (2017) Kat:3, Licht: 0","126125","3","6","8","11","10","4","0","0","1","1","0","0"
"POINT (9.969649866000054 53.545953289000067)","Unfall 126126 (2017) Kat:3, Licht: 0","126126","3","1","9","11","15","4","1","0","0","1","0","0"
"POINT (9.972518509000054 53.545527439000068)","Unfall 126127 (2017) Kat:3, Licht: 0","126127","3","3","5","11","11","4","1","0","1","1","0","0"
"POINT (9.982493828000031 53.527403300000060)","Unfall 126128 (2017) Kat:3, Licht: 0","126128","3","2","5","11","15","4","1","0","1","0","0","0"
"POINT (9.910487510000053 53.520863779000081)","Unfall 126129 (2017) Kat:3, Licht: 2","126129","3","3","5","11","20","4","1","2","0","1","0","0"
"POINT (9.994189974000051 53.465258521000067)","Unfall 126130 (2017) Kat:2, Licht: 2","126130","2","2","6","11","16","3","1","2","0","1","1","0"
"POINT (9.962763084000073 53.465403193000043)","Unfall 126131 (2017) Kat:3, Licht: 2","126131","3","2","4","11","07","3","0","2","1","1","0","0"
"POINT (10.208263041000066 53.492123124000045)","Unfall 126132 (2017) Kat:3, Licht: 0","126132","3","2","3","11","07","3","0","0","1","1","0","0"
"POINT (10.188868677000073 53.504679715000066)","Unfall 126133 (2017) Kat:3, Licht: 0","126133","3","5","0","11","12","3","1","0","0","1","0","0"
"POINT (10.080150750000030 53.556311080000057)","Unfall 126134 (2017) Kat:3, Licht: 0","126134","3","3","5","11","11","3","0","0","0","1","0","0"
"POINT (10.153892194000036 53.614621607000061)","Unfall 126135 (2017) Kat:3, Licht: 2","126135","3","3","5","11","06","3","0","2","1","1","0","0"
"POINT (10.138330840000037 53.628997654000045)","Unfall 126136 (2017) Kat:3, Licht: 0","126136","3","6","3","11","12","3","1","0","0","1","0","0"
"POINT (10.063496961000055 53.604691776000038)","Unfall 126137 (2017) Kat:3, Licht: 2","126137","3","4","6","11","21","3","0","2","0","0","1","0"
"POINT (10.072375604000058 53.608721168000045)","Unfall 126138 (2017) Kat:3, Licht: 2","126138","3","2","6","11","19","3","1","2","0","1","1","0"
"POINT (10.013496093000072 53.584991703000071)","Unfall 126139 (2017) Kat:3, Licht: 0","126139","3","7","0","11","12","3","1","0","1","0","1","0"
"POINT (10.013648045000025 53.599985645000061)","Unfall 126140 (2017) Kat:3, Licht: 2","126140","3","3","5","11","05","3","0","2","0","1","0","0"
"POINT (9.921158041000069 53.597382297000081)","Unfall 126141 (2017) Kat:3, Licht: 2","126141","3","2","5","11","18","3","1","2","1","1","0","0"
"POINT (9.857491397000047 53.582090562000076)","Unfall 126142 (2017) Kat:3, Licht: 2","126142","3","6","1","11","18","3","1","2","0","1","0","0"
"POINT (9.894435146000035 53.552737541000056)","Unfall 126143 (2017) Kat:3, Licht: 0","126143","3","3","5","11","08","3","0","0","1","1","0","0"
"POINT (9.917048407000038 53.570312114000046)","Unfall 126144 (2017) Kat:3, Licht: 0","126144","3","5","1","11","11","3","1","0","0","1","0","0"
"POINT (9.975084950000053 53.601645501000064)","Unfall 126145 (2017) Kat:3, Licht: 2","126145","3","3","6","11","17","3","1","2","0","1","1","0"
"POINT (9.952131093000048 53.566750786000057)","Unfall 126146 (2017) Kat:3, Licht: 0","126146","3","2","4","11","14","3","1","0","1","1","0","0"
"POINT (9.854192287000046 53.474785484000051)","Unfall 126147 (2017) Kat:3, Licht: 1","126147","3","3","5","11","07","2","1","1","1","1","0","0"
"POINT (10.189541329000065 53.503187234000052)","Unfall 126148 (2017) Kat:3, Licht: 1","126148","3","6","2","11","16","2","0","1","0","1","0","0"
"POINT (10.092425231000050 53.554997149000030)","Unfall 126149 (2017) Kat:2, Licht: 2","126149","2","3","5","11","17","2","0","2","0","1","0","0"
"POINT (10.132870815000047 53.584471332000078)","Unfall 126150 (2017) Kat:2, Licht: 2","126150","2","4","6","11","18","2","0","2","0","1","1","0"
"POINT (10.159944312000050 53.605167387000051)","Unfall 126151 (2017) Kat:3, Licht: 0","126151","3","4","6","11","15","2","0","0","0","0","1","0"
"POINT (10.141288766000059 53.629762002000064)","Unfall 126152 (2017) Kat:3, Licht: 0","126152","3","6","2","11","09","2","0","0","0","1","0","0"
"POINT (10.134734430000037 53.594161133000057)","Unfall 126153 (2017) Kat:3, Licht: 0","126153","3","7","0","11","09","2","0","0","0","0","0","1"
"POINT (10.076499726000065 53.589264922000041)","Unfall 126154 (2017) Kat:3, Licht: 0","126154","3","3","0","11","12","2","0","0","1","1","0","0"
"POINT (10.068205010000042 53.651668765000068)","Unfall 126155 (2017) Kat:2, Licht: 1","126155","2","7","0","11","16","2","1","1","1","0","0","0"
"POINT (10.033927424000069 53.641437258000053)","Unfall 126156 (2017) Kat:3, Licht: 2","126156","3","4","6","11","18","2","1","2","1","0","1","0"
"POINT (10.024982598000065 53.604181772000061)","Unfall 126157 (2017) Kat:3, Licht: 2","126157","3","3","5","11","19","2","0","2","0","1","0","0"
"POINT (10.006442743000036 53.599377099000037)","Unfall 126158 (2017) Kat:3, Licht: 0","126158","3","6","2","11","13","2","0","0","0","1","0","0"
"POINT (10.016074226000057 53.582347793000054)","Unfall 126159 (2017) Kat:3, Licht: 2","126159","3","5","1","11","00","2","0","2","0","1","0","0"
"POINT (9.926451608000036 53.591965270000060)","Unfall 126160 (2017) Kat:3, Licht: 0","126160","3","6","2","11","07","2","0","0","0","1","0","0"
"POINT (9.854910389000054 53.598189915000034)","Unfall 126161 (2017) Kat:3, Licht: 0","126161","3","6","2","11","15","2","0","0","0","1","0","0"
"POINT (9.968016560000024 53.596200149000026)","Unfall 126162 (2017) Kat:3, Licht: 1","126162","3","7","5","11","07","2","1","1","1","0","0","0"
"POINT (10.000442851000059 53.547274942000058)","Unfall 126163 (2017) Kat:3, Licht: 0","126163","3","6","2","11","12","2","0","0","0","1","0","0"
"POINT (9.996642254000051 53.549002916000063)","Unfall 126164 (2017) Kat:3, Licht: 0","126164","3","7","0","11","10","2","1","0","0","1","0","0"
"POINT (10.008172825000031 53.554377625000029)","Unfall 126165 (2017) Kat:3, Licht: 2","126165","3","4","0","11","17","2","0","2","0","0","1","0"
"POINT (9.924527079000029 53.520637510000029)","Unfall 126166 (2017) Kat:3, Licht: 0","126166","3","6","2","11","14","2","0","0","0","1","0","0"
"POINT (10.131016937000027 53.478143079000063)","Unfall 126167 (2017) Kat:3, Licht: 2","126167","3","4","6","11","16","1","0","2","0","1","1","0"
"POINT (10.116805040000031 53.543388270000037)","Unfall 126168 (2017) Kat:2, Licht: 2","126168","2","4","6","11","20","1","0","2","0","1","1","0"
"POINT (10.066586544000074 53.580290960000070)","Unfall 126169 (2017) Kat:3, Licht: 0","126169","3","3","5","11","15","1","0","0","0","1","0","0"
"POINT (10.107395081000050 53.621679835000066)","Unfall 126170 (2017) Kat:3, Licht: 1","126170","3","1","8","11","07","1","1","1","0","1","0","0"
"POINT (10.102101542000071 53.647284259000060)","Unfall 126171 (2017) Kat:2, Licht: 2","126171","2","2","4","11","20","1","1","2","0","1","0","0"
"POINT (10.016655572000047 53.562070013000039)","Unfall 126172 (2017) Kat:3, Licht: 2","126172","3","2","5","11","18","1","0","2","0","1","0","0"
"POINT (9.954500603000042 53.553192983000031)","Unfall 126173 (2017) Kat:3, Licht: 1","126173","3","2","5","11","17","1","1","1","1","1","0","0"
"POINT (9.962182554000037 53.550442535000059)","Unfall 126174 (2017) Kat:3, Licht: 2","126174","3","3","5","11","04","1","1","2","0","1","0","0"
"POINT (9.898795917000030 53.477069941000082)","Unfall 126175 (2017) Kat:3, Licht: 0","126175","3","2","2","11","13","7","1","0","0","1","0","0"
"POINT (9.988733009000043 53.443636473000026)","Unfall 126176 (2017) Kat:3, Licht: 0","126176","3","7","6","11","09","7","1","0","0","1","1","0"
"POINT (9.965608568000050 53.463404600000047)","Unfall 126177 (2017) Kat:3, Licht: 0","126177","3","3","5","11","15","7","1","0","1","1","0","0"
"POINT (9.935267287000045 53.471730164000064)","Unfall 126178 (2017) Kat:3, Licht: 0","126178","3","3","5","11","14","7","0","0","0","1","0","0"
"POINT (10.061666692000074 53.560218716000065)","Unfall 126179 (2017) Kat:2, Licht: 2","126179","2","4","6","11","23","7","1","2","0","1","1","0"
"POINT (10.034853051000027 53.536496178000050)","Unfall 126180 (2017) Kat:3, Licht: 1","126180","3","7","4","11","07","7","1","1","0","1","0","0"
"POINT (10.070234452000022 53.576596403000053)","Unfall 126181 (2017) Kat:3, Licht: 0","126181","3","7","5","11","15","7","0","0","0","1","0","0"
"POINT (10.075873733000037 53.566903155000034)","Unfall 126182 (2017) Kat:3, Licht: 2","126182","3","2","2","11","18","7","1","2","0","1","0","0"
"POINT (10.063602570000057 53.573178761000065)","Unfall 126183 (2017) Kat:3, Licht: 0","126183","3","2","2","11","11","7","1","0","0","1","0","1"
"POINT (10.057111566000060 53.566865972000073)","Unfall 126184 (2017) Kat:3, Licht: 2","126184","3","3","5","11","17","7","1","2","0","1","0","0"
"POINT (9.851356454000040 53.578987382000037)","Unfall 126185 (2017) Kat:3, Licht: 2","126185","3","1","1","11","02","7","1","2","0","1","0","0"
"POINT (9.944010829000035 53.550697523000053)","Unfall 126186 (2017) Kat:3, Licht: 2","126186","3","2","6","11","19","7","1","2","0","1","1","0"
"POINT (9.934797069000069 53.569300756000075)","Unfall 126187 (2017) Kat:3, Licht: 0","126187","3","3","5","11","13","7","1","0","1","1","0","0"
"POINT (9.974266877000048 53.569319096000072)","Unfall 126188 (2017) Kat:3, Licht: 2","126188","3","2","6","11","18","7","1","2","0","1","1","0"
"POINT (10.001066934000050 53.555803919000027)","Unfall 126189 (2017) Kat:3, Licht: 0","126189","3","6","2","11","15","7","1","0","0","1","0","0"
"POINT (9.927706647000036 53.482535496000082)","Unfall 126190 (2017) Kat:3, Licht: 0","126190","3","1","8","11","13","6","1","0","0","0","0","1"
"POINT (9.829894603000071 53.517248322000057)","Unfall 126191 (2017) Kat:3, Licht: 0","126191","3","7","0","11","15","6","1","0","0","1","0","0"
"POINT (9.952912549000075 53.463365094000039)","Unfall 126192 (2017) Kat:3, Licht: 0","126192","3","2","3","11","15","6","1","0","0","1","0","0"
"POINT (9.992634928000030 53.510187215000030)","Unfall 126193 (2017) Kat:3, Licht: 2","126193","3","2","5","11","17","6","1","2","0","1","0","0"
"POINT (10.000600142000053 53.515054625000062)","Unfall 126194 (2017) Kat:3, Licht: 0","126194","3","3","5","11","14","6","1","0","1","1","0","0"
"POINT (10.127325911000071 53.538899768000078)","Unfall 126195 (2017) Kat:3, Licht: 2","126195","3","2","6","11","20","6","1","2","0","1","1","0"
"POINT (10.069251703000077 53.526357160000032)","Unfall 126196 (2017) Kat:3, Licht: 2","126196","3","2","2","11","18","6","1","2","0","1","0","0"
"POINT (10.115741058000026 53.537915252000062)","Unfall 126197 (2017) Kat:3, Licht: 0","126197","3","3","5","11","13","6","1","0","1","1","0","0"
"POINT (10.089849825000044 53.554083173000038)","Unfall 126198 (2017) Kat:3, Licht: 0","126198","3","2","4","11","12","6","1","0","0","1","0","0"
"POINT (10.099644076000061 53.587387967000041)","Unfall 126199 (2017) Kat:3, Licht: 2","126199","3","2","2","11","17","6","1","2","0","1","0","0"
"POINT (10.163339056000041 53.650214657000049)","Unfall 126200 (2017) Kat:3, Licht: 0","126200","3","4","6","11","13","6","1","0","0","1","1","0"
"POINT (10.052162365000072 53.635140778000050)","Unfall 126201 (2017) Kat:3, Licht: 0","126201","3","7","6","11","12","6","1","0","1","0","1","0"
"POINT (10.026591920000044 53.671341843000050)","Unfall 126202 (2017) Kat:3, Licht: 0","126202","3","6","2","11","09","6","0","0","0","1","0","0"
"POINT (10.000564789000066 53.580769394000072)","Unfall 126203 (2017) Kat:3, Licht: 2","126203","3","3","5","11","19","6","1","2","1","1","0","0"
"POINT (10.033150303000070 53.588311933000057)","Unfall 126204 (2017) Kat:3, Licht: 0","126204","3","6","2","11","15","6","1","0","0","1","0","0"
"POINT (10.041219638000030 53.579602213000044)","Unfall 126205 (2017) Kat:3, Licht: 1","126205","3","3","5","11","16","6","0","1","1","1","0","0"
"POINT (9.846742851000045 53.575956723000047)","Unfall 126206 (2017) Kat:3, Licht: 2","126206","3","2","6","11","16","6","1","2","0","1","1","0"
"POINT (9.749177422000059 53.577697707000027)","Unfall 126207 (2017) Kat:3, Licht: 0","126207","3","3","5","11","14","6","1","0","1","1","0","0"
"POINT (9.846583945000077 53.565180429000065)","Unfall 126208 (2017) Kat:3, Licht: 0","126208","3","2","4","11","15","6","1","0","0","1","0","1"
"POINT (9.886802033000038 53.578621017000046)","Unfall 126209 (2017) Kat:3, Licht: 0","126209","3","6","2","11","07","6","0","0","0","1","0","1"
"POINT (9.941772022000066 53.555131148000044)","Unfall 126210 (2017) Kat:3, Licht: 2","126210","3","3","5","11","19","6","1","2","1","1","0","0"
"POINT (9.928464023000061 53.553907943000070)","Unfall 126211 (2017) Kat:3, Licht: 2","126211","3","4","6","11","17","6","1","2","0","1","1","0"
"POINT (9.962632713000062 53.516890779000050)","Unfall 126212 (2017) Kat:3, Licht: 0","126212","3","6","2","11","10","6","1","0","0","1","0","0"
"POINT (10.013342069000032 53.521310395000057)","Unfall 126213 (2017) Kat:2, Licht: 0","126213","2","7","8","11","14","5","0","0","0","0","0","0"
"POINT (10.176670540000032 53.474079985000060)","Unfall 126214 (2017) Kat:3, Licht: 1","126214","3","2","4","11","07","5","0","1","0","1","0","0"
"POINT (10.142034088000059 53.422589862000052)","Unfall 126215 (2017) Kat:3, Licht: 0","126215","3","1","1","11","11","5","0","0","0","1","0","0"
"POINT (10.031718033000061 53.554567757000029)","Unfall 126216 (2017) Kat:3, Licht: 2","126216","3","6","2","11","17","5","0","2","0","1","0","0"
"POINT (10.101629707000029 53.583320935000074)","Unfall 126217 (2017) Kat:3, Licht: 0","126217","3","2","4","11","14","5","0","0","0","1","0","0"
"POINT (10.154917266000041 53.603074164000077)","Unfall 126218 (2017) Kat:3, Licht: 0","126218","3","6","0","11","15","5","0","0","0","1","0","0"
"POINT (10.083142296000062 53.622003520000078)","Unfall 126219 (2017) Kat:3, Licht: 0","126219","3","6","2","11","15","5","0","0","0","1","0","0"
"POINT (10.172542341000053 53.640824479000059)","Unfall 126220 (2017) Kat:3, Licht: 1","126220","3","6","0","11","07","5","1","1","1","1","0","0"
"POINT (10.120094372000040 53.664695467000058)","Unfall 126221 (2017) Kat:3, Licht: 0","126221","3","3","5","11","15","5","1","0","0","1","0","0"
"POINT (10.031378148000044 53.625968957000055)","Unfall 126222 (2017) Kat:2, Licht: 0","126222","2","3","5","11","09","5","0","0","0","1","0","0"
"POINT (10.008935079000025 53.587632487000064)","Unfall 126223 (2017) Kat:3, Licht: 0","126223","3","5","2","11","07","5","0","0","1","1","0","0"
"POINT (9.955092390000061 53.604160478000040)","Unfall 126224 (2017) Kat:3, Licht: 0","126224","3","3","5","11","16","5","0","0","1","1","0","0"
"POINT (9.973635606000073 53.598347368000077)","Unfall 126225 (2017) Kat:3, Licht: 2","126225","3","6","4","11","19","5","1","2","0","1","0","1"
"POINT (9.994319255000050 53.563044642000079)","Unfall 126226 (2017) Kat:3, Licht: 0","126226","3","6","2","11","15","5","0","0","1","1","0","0"
"POINT (9.973117928000022 53.574213120000081)","Unfall 126227 (2017) Kat:3, Licht: 2","126227","3","4","6","11","18","5","1","2","0","1","1","0"
"POINT (9.994565392000027 53.558582573000081)","Unfall 126228 (2017) Kat:3, Licht: 2","126228","3","7","8","11","06","5","0","2","0","1","0","0"
"POINT (9.956505245000074 53.549794492000046)","Unfall 126229 (2017) Kat:3, Licht: 0","126229","3","6","0","11","16","5","0","0","0","1","0","0"
"POINT (10.002273829000046 53.557088424000028)","Unfall 126230 (2017) Kat:3, Licht: 0","126230","3","3","5","11","11","5","0","0","0","1","0","0"
"POINT (9.985134826000035 53.458740646000081)","Unfall 126231 (2017) Kat:3, Licht: 0","126231","3","7","2","11","11","4","0","0","0","1","0","1"
"POINT (9.984425034000026 53.434209473000067)","Unfall 126232 (2017) Kat:3, Licht: 2","126232","3","3","5","11","18","4","0","2","1","1","0","0"
"POINT (10.119477485000061 53.494590137000046)","Unfall 126233 (2017) Kat:3, Licht: 2","126233","3","6","3","11","17","4","0","2","1","0","0","1"
"POINT (10.178870847000042 53.637975298000072)","Unfall 126234 (2017) Kat:3, Licht: 0","126234","3","6","4","11","13","4","0","0","1","0","0","0"
"POINT (10.098618514000066 53.588930567000034)","Unfall 126235 (2017) Kat:3, Licht: 2","126235","3","3","5","11","18","4","1","2","1","1","0","0"
"POINT (10.084241515000031 53.623559409000052)","Unfall 126236 (2017) Kat:3, Licht: 2","126236","3","2","3","11","17","4","0","2","1","1","0","0"
"POINT (10.096970906000024 53.620286911000051)","Unfall 126237 (2017) Kat:3, Licht: 0","126237","3","3","5","11","07","4","1","0","1","1","0","0"
"POINT (10.008203940000044 53.627088653000044)","Unfall 126238 (2017) Kat:3, Licht: 2","126238","3","6","2","11","22","4","0","2","0","1","0","0"
"POINT (10.033907797000040 53.584518448000040)","Unfall 126239 (2017) Kat:3, Licht: 0","126239","3","2","4","11","13","4","0","0","1","0","0","0"
"POINT (10.017177944000025 53.563823775000060)","Unfall 126240 (2017) Kat:3, Licht: 0","126240","3","3","5","11","14","4","0","0","1","1","0","0"
"POINT (10.048388871000043 53.595007141000053)","Unfall 126241 (2017) Kat:3, Licht: 1","126241","3","7","3","11","16","4","0","1","0","1","0","0"
"POINT (10.055948647000037 53.591500558000064)","Unfall 126242 (2017) Kat:3, Licht: 2","126242","3","3","5","11","19","4","0","2","0","1","0","0"
"POINT (9.888519478000035 53.601024910000035)","Unfall 126243 (2017) Kat:3, Licht: 0","126243","3","6","3","11","11","4","0","0","0","1","0","0"
"POINT (9.979280266000046 53.592826401000082)","Unfall 126244 (2017) Kat:3, Licht: 0","126244","3","5","5","11","15","4","0","0","0","1","0","1"
"POINT (9.979626521000057 53.555459117000055)","Unfall 126245 (2017) Kat:3, Licht: 0","126245","3","2","5","11","09","4","0","0","1","1","0","0"
"POINT (9.984536498000068 53.458813163000059)","Unfall 126246 (2017) Kat:2, Licht: 0","126246","2","4","6","11","09","3","0","0","0","1","1","0"
"POINT (10.011657712000044 53.494893955000066)","Unfall 126247 (2017) Kat:3, Licht: 0","126247","3","6","3","11","11","3","0","0","0","1","0","0"
"POINT (10.052626144000044 53.550060237000082)","Unfall 126248 (2017) Kat:3, Licht: 2","126248","3","3","5","11","17","3","0","2","0","1","0","1"
"POINT (10.042328458000043 53.555384515000071)","Unfall 126249 (2017) Kat:3, Licht: 0","126249","3","3","5","11","15","3","0","0","0","1","0","0"
"POINT (10.076137783000036 53.614348360000065)","Unfall 126250 (2017) Kat:3, Licht: 0","126250","3","3","6","11","13","3","0","0","0","1","1","0"