WKT,Name,OBJECTID,UKATEGORIE,UTYP1,UART,UMONAT,USTUNDE,UWOCHENTAG,STRZUSTAND,ULICHTVERH,ISTRAD,ISTPKW,ISTFUSS,ISTKRAD
"POINT (10.095604319000074 53.640010365000080)","Unfall 126251 (2017) Kat:3, Licht: 2","126251","3","7","3","11","16","3","0","2","0","1","0","1"
"POINT (9.968139023000049 53.566726898000070)","Unfall 126252 (2017) Kat:2, Licht: 0","126252","2","2","5","11","12","2","1","0","1","1","0","0"
"POINT (9.950970296000037 53.565753029000064)","Unfall 126253 (2017) Kat:3, Licht: 2","126253","3","3","5","11","01","1","0","2","0","1","0","0"
"POINT (10.019622674000061 53.649343342000066)","Unfall 126254 (2017) Kat:2, Licht: 0","126254","2","1","9","11","13","3","0","0","0","1","0","0"
"POINT (10.029262107000022 53.637259469000071)","Unfall 126255 (2017) Kat:3, Licht: 2","126255","3","3","5","11","18","3","0","2","1","1","0","0"
"POINT (10.021582756000043 53.614700541000047)","Unfall 126256 (2017) Kat:3, Licht: 2","126256","3","4","6","11","19","3","1","2","1","0","1","0"
"POINT (10.058469211000045 53.570025450000060)","Unfall 126257 (2017) Kat:3, Licht: 0","126257","3","4","0","11","08","3","0","0","1","0","1","0"
"POINT (10.040402979000021 53.570259287000056)","Unfall 126258 (2017) Kat:3, Licht: 2","126258","3","3","5","11","04","3","1","2","0","1","0","0"
"POINT (9.919348904000060 53.590921054000034)","Unfall 126259 (2017) Kat:3, Licht: 0","126259","3","6","3","11","10","3","0","0","0","1","0","0"
"POINT (9.904411767000056 53.570832501000041)","Unfall 126260 (2017) Kat:3, Licht: 2","126260","3","3","6","11","17","3","0","2","0","0","1","0"
"POINT (9.885858876000043 53.601113055000042)","Unfall 126261 (2017) Kat:3, Licht: 2","126261","3","4","6","11","20","3","0","2","0","1","1","0"
"POINT (9.943439629000068 53.593290524000054)","Unfall 126262 (2017) Kat:3, Licht: 0","126262","3","3","5","11","08","3","0","0","1","1","0","0"
"POINT (9.967173227000046 53.579866332000051)","Unfall 126263 (2017) Kat:3, Licht: 0","126263","3","5","3","11","07","3","1","0","1","0","0","0"
"POINT (9.930863019000071 53.556867567000040)","Unfall 126264 (2017) Kat:3, Licht: 2","126264","3","7","5","11","03","3","1","2","0","1","0","1"
"POINT (9.973482085000057 53.459882286000038)","Unfall 126265 (2017) Kat:2, Licht: 0","126265","2","4","6","11","13","2","0","0","0","1","1","0"
"POINT (9.981918173000054 53.564422852000064)","Unfall 126266 (2017) Kat:3, Licht: 0","126266","3","6","4","11","15","1","1","0","1","1","0","0"
"POINT (9.997398267000051 53.519750500000043)","Unfall 126267 (2017) Kat:3, Licht: 0","126267","3","6","2","11","15","2","0","0","0","1","0","0"
"POINT (9.972857710000028 53.554043421000074)","Unfall 126268 (2017) Kat:3, Licht: 1","126268","3","5","1","11","19","1","0","1","1","1","0","0"
"POINT (10.172188873000039 53.399554885000043)","Unfall 126269 (2017) Kat:3, Licht: 2","126269","3","5","1","11","17","2","1","2","0","1","0","0"
"POINT (9.994316483000034 53.467318863000060)","Unfall 126270 (2017) Kat:3, Licht: 0","126270","3","3","5","11","14","7","1","0","1","1","0","0"
"POINT (10.038373976000059 53.547501792000048)","Unfall 126271 (2017) Kat:3, Licht: 1","126271","3","2","4","11","16","2","1","1","0","1","0","0"
"POINT (10.080808556000022 53.531931560000032)","Unfall 126272 (2017) Kat:3, Licht: 2","126272","3","2","5","11","02","7","0","2","0","1","0","0"
"POINT (10.032367664000049 53.635443950000081)","Unfall 126273 (2017) Kat:3, Licht: 0","126273","3","3","5","11","14","7","0","0","0","1","0","1"
"POINT (10.128500154000051 53.619330415000036)","Unfall 126274 (2017) Kat:3, Licht: 1","126274","3","5","1","11","16","2","1","1","0","1","0","0"
"POINT (10.088934761000075 53.617912373000081)","Unfall 126275 (2017) Kat:3, Licht: 0","126275","3","3","6","11","07","2","1","0","1","0","1","0"
"POINT (10.050743109000052 53.599516963000042)","Unfall 126276 (2017) Kat:3, Licht: 0","126276","3","4","6","11","12","2","0","0","0","1","1","0"
"POINT (10.123927587000026 53.671288495000056)","Unfall 126277 (2017) Kat:3, Licht: 2","126277","3","3","5","11","17","2","1","2","0","1","0","0"
"POINT (10.001926769000022 53.651460226000040)","Unfall 126278 (2017) Kat:3, Licht: 0","126278","3","3","5","11","13","2","0","0","0","1","0","0"
"POINT (10.020827356000041 53.667403119000028)","Unfall 126279 (2017) Kat:3, Licht: 2","126279","3","3","5","11","18","2","1","2","1","1","0","0"
"POINT (10.048751305000053 53.585079827000072)","Unfall 126280 (2017) Kat:3, Licht: 0","126280","3","3","6","11","12","2","0","0","1","0","1","0"
"POINT (9.825080967000076 53.562653958000055)","Unfall 126281 (2017) Kat:3, Licht: 2","126281","3","5","1","11","16","7","0","2","0","1","0","0"
"POINT (9.838890911000021 53.557687802000032)","Unfall 126282 (2017) Kat:3, Licht: 0","126282","3","3","5","11","07","2","0","0","1","1","0","0"
"POINT (9.925254463000044 53.560978387000034)","Unfall 126283 (2017) Kat:3, Licht: 0","126283","3","3","5","11","12","2","0","0","1","1","0","0"
"POINT (9.881576346000031 53.582999036000047)","Unfall 126284 (2017) Kat:3, Licht: 0","126284","3","6","3","11","09","2","0","0","0","1","0","0"
"POINT (9.973939901000051 53.598309231000030)","Unfall 126285 (2017) Kat:3, Licht: 0","126285","3","7","5","11","13","7","0","0","0","1","0","1"
"POINT (9.933753777000050 53.552234572000032)","Unfall 126286 (2017) Kat:2, Licht: 2","126286","2","4","6","11","18","7","0","2","0","0","1","0"
"POINT (9.946251586000074 53.551279221000073)","Unfall 126287 (2017) Kat:3, Licht: 0","126287","3","4","6","11","12","7","0","0","0","1","1","0"
"POINT (9.988602821000029 53.571600822000050)","Unfall 126288 (2017) Kat:3, Licht: 2","126288","3","5","1","11","21","7","0","2","1","1","0","0"
"POINT (9.891959770000028 53.593168233000029)","Unfall 126289 (2017) Kat:2, Licht: 2","126289","2","6","2","11","19","2","1","2","0","1","0","1"
"POINT (9.999507838000056 53.548445686000036)","Unfall 126290 (2017) Kat:3, Licht: 0","126290","3","7","6","11","14","7","0","0","0","1","1","0"
"POINT (9.991628805000062 53.552099949000080)","Unfall 126291 (2017) Kat:3, Licht: 1","126291","3","6","4","11","16","7","0","1","1","1","0","0"
"POINT (9.966298710000046 53.594502452000029)","Unfall 126292 (2017) Kat:3, Licht: 1","126292","3","3","5","11","16","2","1","1","1","1","0","0"
"POINT (9.912219333000053 53.512676664000082)","Unfall 126293 (2017) Kat:3, Licht: 0","126293","3","6","2","11","10","6","1","0","0","1","0","0"
"POINT (10.024046580000061 53.528016950000051)","Unfall 126294 (2017) Kat:3, Licht: 2","126294","3","3","5","11","19","6","1","2","0","1","0","0"
"POINT (9.955760844000054 53.551203497000074)","Unfall 126295 (2017) Kat:3, Licht: 0","126295","3","6","2","11","11","2","0","0","0","1","0","0"
"POINT (9.992712002000076 53.510320314000069)","Unfall 126296 (2017) Kat:3, Licht: 2","126296","3","2","6","11","06","6","1","2","0","0","1","0"
"POINT (9.998419884000043 53.579344752000054)","Unfall 126297 (2017) Kat:3, Licht: 0","126297","3","7","0","11","08","2","0","0","0","0","0","1"
"POINT (10.206248079000034 53.494420156000047)","Unfall 126298 (2017) Kat:3, Licht: 0","126298","3","3","6","11","07","6","1","0","0","1","1","0"
"POINT (10.047313686000052 53.558102789000031)","Unfall 126299 (2017) Kat:3, Licht: 2","126299","3","2","5","11","07","6","1","2","1","1","0","0"
"POINT (9.997557956000037 53.525023395000062)","Unfall 126300 (2017) Kat:3, Licht: 0","126300","3","6","3","11","14","2","0","0","0","1","0","0"
"POINT (10.055822449000061 53.561850536000065)","Unfall 126301 (2017) Kat:3, Licht: 0","126301","3","6","1","11","11","6","1","0","0","1","0","0"
"POINT (10.063543092000032 53.581666096000049)","Unfall 126302 (2017) Kat:3, Licht: 0","126302","3","6","2","11","13","6","1","0","0","1","0","0"
"POINT (10.096276362000026 53.618946551000079)","Unfall 126303 (2017) Kat:3, Licht: 0","126303","3","2","6","11","08","6","1","0","0","1","1","0"
"POINT (10.050743138000030 53.599518595000063)","Unfall 126304 (2017) Kat:2, Licht: 0","126304","2","4","6","11","09","6","1","0","0","1","1","0"
"POINT (9.970293324000068 53.517593501000079)","Unfall 126305 (2017) Kat:3, Licht: 0","126305","3","6","2","11","16","2","1","0","0","1","0","0"
"POINT (9.956515307000075 53.458375735000061)","Unfall 126306 (2017) Kat:3, Licht: 0","126306","3","2","2","11","14","1","0","0","0","1","0","0"
"POINT (10.143684858000029 53.632487148000052)","Unfall 126307 (2017) Kat:2, Licht: 0","126307","2","3","5","11","15","1","1","0","0","1","0","1"
"POINT (10.110716297000067 53.606672886000069)","Unfall 126308 (2017) Kat:3, Licht: 0","126308","3","6","4","11","11","1","1","0","0","1","0","0"
"POINT (10.007490769000071 53.668006126000080)","Unfall 126309 (2017) Kat:3, Licht: 0","126309","3","7","0","11","16","1","0","0","1","0","0","0"
"POINT (9.994562687000041 53.558583020000071)","Unfall 126310 (2017) Kat:3, Licht: 0","126310","3","1","9","11","13","1","1","0","0","1","0","0"
"POINT (9.998922621000077 53.554347859000075)","Unfall 126311 (2017) Kat:3, Licht: 2","126311","3","6","1","11","18","1","1","2","0","1","0","0"
"POINT (9.982216445000063 53.460459727000057)","Unfall 126312 (2017) Kat:2, Licht: 2","126312","2","3","5","11","23","7","0","2","0","1","0","0"
"POINT (9.958126724000067 53.441764931000080)","Unfall 126313 (2017) Kat:3, Licht: 0","126313","3","3","5","11","10","7","0","0","0","1","0","0"
"POINT (10.183768956000051 53.488691762000030)","Unfall 126314 (2017) Kat:2, Licht: 0","126314","2","1","8","11","08","7","0","0","0","1","0","0"
"POINT (10.127108874000044 53.482566962000078)","Unfall 126315 (2017) Kat:3, Licht: 0","126315","3","3","5","11","14","7","0","0","0","1","0","1"
"POINT (10.019752963000030 53.574974696000027)","Unfall 126316 (2017) Kat:3, Licht: 2","126316","3","3","5","11","21","7","0","2","0","1","0","0"
"POINT (9.947161808000033 53.551321211000072)","Unfall 126317 (2017) Kat:3, Licht: 0","126317","3","6","3","11","13","7","0","0","0","1","0","0"
"POINT (9.994062773000053 53.579684039000028)","Unfall 126318 (2017) Kat:3, Licht: 0","126318","3","2","2","11","15","7","0","0","0","1","0","0"
"POINT (9.961378513000057 53.562461345000031)","Unfall 126319 (2017) Kat:3, Licht: 2","126319","3","4","6","11","02","7","0","2","0","1","1","0"
"POINT (9.964885642000070 53.560225482000078)","Unfall 126320 (2017) Kat:3, Licht: 0","126320","3","6","0","11","11","7","0","0","1","0","0","0"
"POINT (9.965888476000032 53.551041551000026)","Unfall 126321 (2017) Kat:3, Licht: 2","126321","3","6","6","11","19","7","0","2","1","0","1","0"
"POINT (9.983523740000067 53.557707850000043)","Unfall 126322 (2017) Kat:3, Licht: 2","126322","3","7","4","11","19","7","0","2","0","1","0","0"
"POINT (9.997178343000030 53.553469421000045)","Unfall 126323 (2017) Kat:3, Licht: 0","126323","3","7","6","11","13","7","0","0","1","0","1","0"
"POINT (9.930651008000041 53.450679205000029)","Unfall 126324 (2017) Kat:3, Licht: 2","126324","3","5","1","11","17","6","0","2","0","1","0","0"
"POINT (10.106260954000049 53.653519263000078)","Unfall 126325 (2017) Kat:3, Licht: 0","126325","3","6","2","11","11","6","1","0","0","1","0","0"
"POINT (10.149907031000055 53.607481318000055)","Unfall 126326 (2017) Kat:3, Licht: 2","126326","3","7","5","11","19","6","0","2","0","1","0","0"
"POINT (10.093134317000022 53.686311174000082)","Unfall 126327 (2017) Kat:3, Licht: 0","126327","3","4","6","11","15","6","1","0","0","1","1","0"
"POINT (10.142027667000036 53.628601898000056)","Unfall 126328 (2017) Kat:2, Licht: 2","126328","2","2","4","11","22","6","0","2","1","1","0","0"
"POINT (9.864281825000035 53.552331348000052)","Unfall 126329 (2017) Kat:3, Licht: 0","126329","3","6","2","11","08","6","1","0","1","1","0","0"
"POINT (10.151483406000068 53.600336087000073)","Unfall 126330 (2017) Kat:3, Licht: 0","126330","3","7","0","11","13","6","0","0","1","0","0","0"
"POINT (9.921513904000051 53.632160417000080)","Unfall 126331 (2017) Kat:3, Licht: 0","126331","3","4","6","11","15","6","1","0","0","1","1","0"
"POINT (9.947345357000074 53.589759241000081)","Unfall 126332 (2017) Kat:3, Licht: 2","126332","3","3","5","11","22","6","1","2","1","1","0","0"
"POINT (10.161861171000055 53.589394088000063)","Unfall 126333 (2017) Kat:3, Licht: 0","126333","3","4","6","11","13","6","0","0","0","1","1","0"
"POINT (9.988638258000037 53.572507572000063)","Unfall 126334 (2017) Kat:3, Licht: 0","126334","3","6","3","11","13","6","0","0","1","1","0","0"
"POINT (9.989890783000021 53.553130574000079)","Unfall 126335 (2017) Kat:3, Licht: 0","126335","3","7","0","11","09","6","1","0","1","0","0","0"
"POINT (10.154159312000047 53.601922041000080)","Unfall 126336 (2017) Kat:3, Licht: 2","126336","3","5","1","11","18","6","0","2","1","1","0","0"
"POINT (9.982652096000038 53.544215815000030)","Unfall 126337 (2017) Kat:3, Licht: 0","126337","3","3","5","11","08","6","1","0","1","1","0","0"
"POINT (10.209164204000047 53.484155929000053)","Unfall 126338 (2017) Kat:3, Licht: 2","126338","3","6","1","11","18","5","1","2","0","1","0","0"
"POINT (10.043140552000068 53.598825684000076)","Unfall 126339 (2017) Kat:3, Licht: 0","126339","3","6","2","11","07","6","0","0","0","1","0","0"
"POINT (10.270778113000063 53.429853405000074)","Unfall 126340 (2017) Kat:3, Licht: 0","126340","3","7","6","11","12","5","0","0","0","1","1","0"
"POINT (10.070320347000063 53.599208480000073)","Unfall 126341 (2017) Kat:3, Licht: 0","126341","3","3","5","11","16","6","0","0","0","1","0","1"
"POINT (10.003460415000063 53.587728751000043)","Unfall 126342 (2017) Kat:3, Licht: 0","126342","3","7","6","11","16","6","1","0","0","1","1","0"
"POINT (10.149855865000063 53.527065513000082)","Unfall 126343 (2017) Kat:3, Licht: 2","126343","3","6","1","11","18","5","1","2","0","1","0","0"
"POINT (10.030501947000062 53.619125974000042)","Unfall 126344 (2017) Kat:2, Licht: 0","126344","2","3","5","11","11","6","0","0","0","1","0","0"
"POINT (10.043954485000029 53.594711339000071)","Unfall 126345 (2017) Kat:3, Licht: 2","126345","3","2","3","11","19","6","0","2","1","1","0","0"
"POINT (10.052138417000037 53.555309309000052)","Unfall 126346 (2017) Kat:3, Licht: 2","126346","3","6","2","11","19","5","1","2","0","1","0","0"
"POINT (10.114720045000070 53.595188713000027)","Unfall 126347 (2017) Kat:3, Licht: 0","126347","3","3","5","11","15","5","0","0","1","1","0","0"
"POINT (10.123478497000065 53.568978354000080)","Unfall 126348 (2017) Kat:3, Licht: 1","126348","3","6","2","11","07","5","0","1","0","1","0","0"
"POINT (10.086171870000044 53.579711303000067)","Unfall 126349 (2017) Kat:3, Licht: 2","126349","3","3","5","11","07","5","0","2","0","1","0","0"
"POINT (10.069340169000043 53.570783229000028)","Unfall 126350 (2017) Kat:3, Licht: 0","126350","3","6","2","11","15","5","1","0","0","1","0","0"
"POINT (10.088103101000058 53.586764725000080)","Unfall 126351 (2017) Kat:3, Licht: 2","126351","3","6","1","11","21","5","0","2","0","1","0","0"
"POINT (10.085634716000072 53.568968011000038)","Unfall 126352 (2017) Kat:3, Licht: 0","126352","3","6","2","11","12","5","1","0","0","1","0","0"
"POINT (10.000542509000070 53.648410761000036)","Unfall 126353 (2017) Kat:3, Licht: 1","126353","3","6","2","11","16","5","1","1","0","1","0","0"
"POINT (10.029399948000048 53.622609733000047)","Unfall 126354 (2017) Kat:3, Licht: 2","126354","3","3","5","11","17","5","1","2","1","0","0","0"
"POINT (10.057099700000038 53.566923995000082)","Unfall 126355 (2017) Kat:3, Licht: 2","126355","3","6","2","11","17","5","1","2","0","1","0","0"
"POINT (10.031803607000029 53.564561308000066)","Unfall 126356 (2017) Kat:3, Licht: 1","126356","3","6","4","11","16","6","1","1","1","1","0","0"
"POINT (10.042479146000062 53.597752603000060)","Unfall 126357 (2017) Kat:3, Licht: 2","126357","3","6","2","11","20","6","0","2","0","1","0","0"
"POINT (10.020921263000048 53.559686839000051)","Unfall 126358 (2017) Kat:3, Licht: 0","126358","3","6","2","11","12","6","0","0","0","1","0","0"
"POINT (9.902635093000072 53.608121922000066)","Unfall 126359 (2017) Kat:2, Licht: 0","126359","2","4","0","11","10","6","0","0","1","0","1","0"
"POINT (9.909992068000065 53.566219637000074)","Unfall 126360 (2017) Kat:3, Licht: 2","126360","3","7","5","11","20","6","0","2","1","1","0","0"
"POINT (9.981408469000030 53.585348468000063)","Unfall 126361 (2017) Kat:3, Licht: 0","126361","3","7","0","11","12","6","0","0","1","0","0","0"
"POINT (9.981142379000062 53.585223163000080)","Unfall 126362 (2017) Kat:3, Licht: 0","126362","3","1","0","11","12","6","0","0","1","0","0","0"
"POINT (9.945398680000039 53.557089077000057)","Unfall 126363 (2017) Kat:3, Licht: 0","126363","3","2","0","11","10","6","0","0","1","0","0","0"
"POINT (9.990558427000053 53.560383774000059)","Unfall 126364 (2017) Kat:3, Licht: 2","126364","3","6","3","11","19","6","0","2","0","1","0","0"
"POINT (10.257353123000030 53.422572985000045)","Unfall 126365 (2017) Kat:3, Licht: 2","126365","3","2","5","11","17","5","1","2","1","1","0","0"
"POINT (10.026865344000043 53.569670621000057)","Unfall 126366 (2017) Kat:3, Licht: 2","126366","3","6","2","11","18","5","1","2","0","1","0","0"
"POINT (10.102812171000039 53.497966772000041)","Unfall 126367 (2017) Kat:2, Licht: 0","126367","2","3","5","11","14","5","1","0","0","1","0","0"
"POINT (9.764672572000052 53.576767243000063)","Unfall 126368 (2017) Kat:3, Licht: 0","126368","3","3","5","11","08","5","0","0","0","1","0","0"
"POINT (10.037833452000029 53.544908213000042)","Unfall 126369 (2017) Kat:3, Licht: 1","126369","3","1","0","11","07","5","1","1","0","0","0","1"
"POINT (9.819629568000039 53.564677450000033)","Unfall 126370 (2017) Kat:3, Licht: 1","126370","3","7","0","11","16","5","1","1","1","0","0","0"
"POINT (10.124757379000073 53.586525226000049)","Unfall 126371 (2017) Kat:3, Licht: 2","126371","3","6","3","11","19","5","0","2","0","1","0","0"
"POINT (10.163315327000021 53.650196782000080)","Unfall 126372 (2017) Kat:3, Licht: 0","126372","3","3","5","11","09","5","1","0","1","1","0","0"
"POINT (9.887129197000036 53.598839531000067)","Unfall 126373 (2017) Kat:3, Licht: 0","126373","3","2","4","11","15","5","0","0","1","1","0","0"
"POINT (9.931338228000072 53.562844802000029)","Unfall 126374 (2017) Kat:3, Licht: 2","126374","3","2","4","11","17","5","1","2","1","1","0","0"
"POINT (10.022116616000062 53.625574650000033)","Unfall 126375 (2017) Kat:3, Licht: 0","126375","3","2","3","11","15","5","0","0","1","1","0","0"
"POINT (10.005934510000031 53.547912567000026)","Unfall 126376 (2017) Kat:3, Licht: 0","126376","3","6","0","11","15","5","0","0","0","1","0","1"
"POINT (9.982666993000066 53.549259635000055)","Unfall 126377 (2017) Kat:3, Licht: 1","126377","3","6","4","11","07","5","0","1","1","0","0","0"
"POINT (10.002205309000033 53.672748415000058)","Unfall 126378 (2017) Kat:3, Licht: 0","126378","3","7","5","11","12","5","0","0","0","1","0","0"
"POINT (10.014165252000055 53.554428642000062)","Unfall 126379 (2017) Kat:3, Licht: 2","126379","3","7","6","11","19","5","1","2","0","1","1","0"
"POINT (9.971379488000025 53.459443422000049)","Unfall 126380 (2017) Kat:3, Licht: 0","126380","3","4","6","11","09","4","1","0","1","0","1","0"
"POINT (10.020953288000044 53.667984114000035)","Unfall 126381 (2017) Kat:3, Licht: 1","126381","3","6","4","11","07","5","1","1","1","1","0","0"
"POINT (10.211255897000058 53.500383999000064)","Unfall 126382 (2017) Kat:3, Licht: 0","126382","3","6","6","11","15","4","1","0","1","0","1","0"
"POINT (10.026831321000031 53.671942785000056)","Unfall 126383 (2017) Kat:3, Licht: 0","126383","3","4","6","11","07","5","1","0","0","1","1","0"
"POINT (10.031989723000038 53.538695709000081)","Unfall 126384 (2017) Kat:3, Licht: 2","126384","3","6","2","11","17","4","1","2","0","1","0","0"
"POINT (9.994437522000055 53.602094275000070)","Unfall 126385 (2017) Kat:3, Licht: 0","126385","3","2","5","11","15","5","0","0","0","1","0","0"
"POINT (10.017537481000033 53.605361949000041)","Unfall 126386 (2017) Kat:3, Licht: 2","126386","3","2","6","11","17","5","1","2","0","1","1","0"
"POINT (10.024651053000071 53.568773236000027)","Unfall 126387 (2017) Kat:3, Licht: 1","126387","3","6","2","11","17","5","1","1","0","1","0","0"
"POINT (10.015172002000043 53.548356214000080)","Unfall 126388 (2017) Kat:3, Licht: 1","126388","3","6","3","12","07","3","0","1","0","1","0","0"
"POINT (10.116712745000029 53.608089271000040)","Unfall 126389 (2017) Kat:3, Licht: 2","126389","3","6","2","12","18","3","1","2","0","1","0","0"
"POINT (10.176175390000026 53.587546158000066)","Unfall 126390 (2017) Kat:3, Licht: 0","126390","3","7","1","12","14","3","0","0","0","1","0","0"
"POINT (10.135337497000023 53.573773397000082)","Unfall 126391 (2017) Kat:3, Licht: 2","126391","3","5","1","12","06","3","1","2","0","1","0","0"
"POINT (10.156819490000032 53.601567060000036)","Unfall 126392 (2017) Kat:3, Licht: 1","126392","3","7","0","12","08","3","1","1","1","0","0","0"
"POINT (10.076760114000024 53.566354347000072)","Unfall 126393 (2017) Kat:3, Licht: 1","126393","3","6","2","12","07","3","0","1","0","1","0","0"
"POINT (10.047619684000040 53.595436653000036)","Unfall 126394 (2017) Kat:3, Licht: 2","126394","3","6","2","12","17","3","0","2","0","1","0","0"
"POINT (9.858378980000055 53.586210469000036)","Unfall 126395 (2017) Kat:3, Licht: 2","126395","3","7","2","12","17","3","1","2","0","1","0","0"
"POINT (9.899768082000037 53.551603519000082)","Unfall 126396 (2017) Kat:3, Licht: 1","126396","3","4","6","12","07","3","0","1","0","1","1","0"
"POINT (9.960671924000053 53.569407663000050)","Unfall 126397 (2017) Kat:3, Licht: 0","126397","3","6","2","12","13","3","1","0","0","1","0","0"
"POINT (9.984975520000035 53.606652164000081)","Unfall 126398 (2017) Kat:3, Licht: 1","126398","3","5","1","12","07","3","1","1","0","1","0","0"
"POINT (9.951805171000046 53.567109784000081)","Unfall 126399 (2017) Kat:3, Licht: 0","126399","3","2","4","12","08","3","0","0","1","1","0","0"
"POINT (9.988952256000061 53.558309207000036)","Unfall 126400 (2017) Kat:3, Licht: 0","126400","3","2","3","12","08","3","0","0","1","1","0","0"
"POINT (9.990988330000050 53.445299984000030)","Unfall 126401 (2017) Kat:2, Licht: 0","126401","2","3","5","12","11","2","0","0","1","1","0","0"
"POINT (10.185281345000021 53.508449337000059)","Unfall 126402 (2017) Kat:3, Licht: 2","126402","3","3","5","12","17","2","0","2","0","1","0","0"
"POINT (10.201790291000066 53.465796343000079)","Unfall 126403 (2017) Kat:3, Licht: 0","126403","3","6","2","12","12","2","0","0","0","1","0","0"
"POINT (10.124890702000073 53.586129535000055)","Unfall 126404 (2017) Kat:3, Licht: 0","126404","3","2","4","12","10","2","0","0","0","1","0","0"
"POINT (10.073495606000051 53.574189444000069)","Unfall 126405 (2017) Kat:3, Licht: 2","126405","3","6","3","12","18","2","0","2","0","1","0","0"
"POINT (10.070122863000051 53.579513450000036)","Unfall 126406 (2017) Kat:3, Licht: 0","126406","3","6","2","12","08","2","0","0","0","1","0","0"
"POINT (10.158332308000070 53.648289357000067)","Unfall 126407 (2017) Kat:3, Licht: 0","126407","3","6","4","12","15","2","0","0","0","1","0","0"
"POINT (10.074321695000037 53.655434499000080)","Unfall 126408 (2017) Kat:3, Licht: 1","126408","3","3","5","12","16","2","1","1","1","1","0","0"
"POINT (10.033583893000070 53.620403365000072)","Unfall 126409 (2017) Kat:3, Licht: 0","126409","3","6","2","12","14","2","0","0","0","1","0","0"
"POINT (10.010631551000074 53.576631954000050)","Unfall 126410 (2017) Kat:3, Licht: 2","126410","3","2","3","12","17","2","0","2","1","1","0","0"
"POINT (10.038743969000052 53.564866525000070)","Unfall 126411 (2017) Kat:3, Licht: 0","126411","3","7","5","12","09","2","0","0","0","1","0","0"
"POINT (9.918202392000069 53.570850418000077)","Unfall 126412 (2017) Kat:3, Licht: 0","126412","3","2","5","12","14","2","0","0","0","1","0","0"
"POINT (9.973313407000035 53.612739085000044)","Unfall 126413 (2017) Kat:2, Licht: 2","126413","2","2","5","12","18","2","0","2","0","1","0","0"
"POINT (9.956106523000074 53.563569385000051)","Unfall 126414 (2017) Kat:3, Licht: 0","126414","3","6","6","12","15","2","0","0","1","0","1","0"
"POINT (9.969019755000034 53.513940696000077)","Unfall 126415 (2017) Kat:3, Licht: 0","126415","3","6","3","12","07","2","1","0","0","1","0","0"
"POINT (9.991690501000051 53.453765672000031)","Unfall 126416 (2017) Kat:3, Licht: 2","126416","3","1","4","12","05","1","2","2","0","1","0","0"
"POINT (9.955725198000039 53.443968788000063)","Unfall 126417 (2017) Kat:2, Licht: 2","126417","2","1","8","12","05","1","2","2","0","1","0","0"
"POINT (10.204982111000049 53.419524763000027)","Unfall 126418 (2017) Kat:3, Licht: 2","126418","3","1","9","12","05","1","1","2","0","1","0","0"
"POINT (10.072649589000036 53.527970605000064)","Unfall 126419 (2017) Kat:3, Licht: 2","126419","3","6","1","12","17","1","0","2","0","1","0","0"
"POINT (10.109112482000057 53.564493458000072)","Unfall 126420 (2017) Kat:3, Licht: 2","126420","3","7","6","12","20","1","1","2","0","1","1","0"
"POINT (10.026235673000031 53.622799035000071)","Unfall 126421 (2017) Kat:3, Licht: 2","126421","3","2","6","12","18","1","0","2","0","1","1","0"
"POINT (10.045261635000031 53.569525724000073)","Unfall 126422 (2017) Kat:3, Licht: 2","126422","3","2","6","12","17","1","1","2","0","1","1","0"
"POINT (9.983813226000052 53.595723702000043)","Unfall 126423 (2017) Kat:3, Licht: 0","126423","3","2","3","12","13","1","0","0","0","1","0","1"
"POINT (9.960060690000034 53.549310042000059)","Unfall 126424 (2017) Kat:3, Licht: 2","126424","3","7","6","12","02","1","0","2","0","1","1","0"
"POINT (10.016787445000034 53.527469869000072)","Unfall 126425 (2017) Kat:3, Licht: 0","126425","3","7","5","12","12","1","0","0","0","1","0","0"
"POINT (10.207164178000028 53.495023005000064)","Unfall 126426 (2017) Kat:3, Licht: 2","126426","3","2","5","12","20","7","1","2","0","1","0","0"
"POINT (10.107808097000031 53.542489295000053)","Unfall 126427 (2017) Kat:3, Licht: 2","126427","3","7","1","12","18","7","0","2","0","0","0","0"
"POINT (10.084833540000034 53.550490838000030)","Unfall 126428 (2017) Kat:3, Licht: 0","126428","3","7","8","12","12","7","0","0","0","1","0","0"
"POINT (10.135799253000073 53.571004902000027)","Unfall 126429 (2017) Kat:3, Licht: 2","126429","3","2","2","12","16","7","1","2","0","1","0","0"
"POINT (10.073695515000054 53.618381489000058)","Unfall 126430 (2017) Kat:3, Licht: 0","126430","3","3","5","12","15","7","1","0","1","1","0","0"
"POINT (10.131630907000044 53.673326384000063)","Unfall 126431 (2017) Kat:3, Licht: 0","126431","3","3","5","12","15","7","1","0","1","1","0","0"
"POINT (10.013358024000070 53.639917600000047)","Unfall 126432 (2017) Kat:3, Licht: 0","126432","3","2","5","12","12","7","1","0","1","1","0","0"
"POINT (10.031729658000074 53.579520773000070)","Unfall 126433 (2017) Kat:3, Licht: 0","126433","3","7","2","12","13","7","1","0","0","1","0","0"
"POINT (10.047978898000054 53.567951137000080)","Unfall 126434 (2017) Kat:3, Licht: 0","126434","3","2","6","12","13","7","0","0","0","1","1","0"
"POINT (10.045309572000065 53.589630149000072)","Unfall 126435 (2017) Kat:3, Licht: 0","126435","3","6","3","12","11","7","1","0","0","1","0","0"