WKT,Name,OBJECTID,UKATEGORIE,UTYP1,UART,UMONAT,USTUNDE,UWOCHENTAG,STRZUSTAND,ULICHTVERH,ISTRAD,ISTPKW,ISTFUSS,ISTKRAD
"POINT (10.024582496000050 53.606390368000064)","Unfall 126812 (2017) Kat:3, Licht: 2","126812","3","1","9","12","23","4","1","2","0","1","0","0"
"POINT (10.001804866000043 53.588378501000079)","Unfall 126813 (2017) Kat:3, Licht: 0","126813","3","6","2","12","09","4","1","0","0","1","0","0"
"POINT (10.033380196000053 53.573985410000034)","Unfall 126814 (2017) Kat:3, Licht: 2","126814","3","6","2","11","17","3","1","2","0","1","0","0"
"POINT (10.003961448000041 53.577714077000053)","Unfall 126815 (2017) Kat:3, Licht: 1","126815","3","6","4","12","07","4","1","1","1","0","0","0"
"POINT (9.858720037000069 53.570715614000051)","Unfall 126816 (2017) Kat:3, Licht: 2","126816","3","4","6","11","17","3","1","2","0","1","1","0"
"POINT (9.918122887000038 53.579705250000075)","Unfall 126817 (2017) Kat:3, Licht: 0","126817","3","3","5","11","18","3","1","0","1","1","0","0"
"POINT (10.032181457000036 53.580026088000068)","Unfall 126818 (2017) Kat:2, Licht: 0","126818","2","2","5","12","08","4","1","0","1","1","0","0"
"POINT (9.902645599000039 53.564067090000037)","Unfall 126819 (2017) Kat:3, Licht: 0","126819","3","6","1","11","12","3","1","0","0","1","0","0"
"POINT (9.949520552000024 53.582396500000073)","Unfall 126820 (2017) Kat:3, Licht: 0","126820","3","4","6","11","15","3","1","0","0","1","1","0"
"POINT (10.038183536000076 53.565863941000032)","Unfall 126821 (2017) Kat:3, Licht: 2","126821","3","7","5","12","19","4","1","2","0","1","0","0"
"POINT (10.045655180000040 53.588988844000028)","Unfall 126822 (2017) Kat:3, Licht: 1","126822","3","7","1","12","07","4","1","1","0","1","0","0"
"POINT (9.898542263000024 53.612010740000073)","Unfall 126823 (2017) Kat:3, Licht: 0","126823","3","3","5","12","08","4","0","0","0","1","0","0"
"POINT (9.906474600000024 53.597463164000033)","Unfall 126824 (2017) Kat:3, Licht: 0","126824","3","3","5","12","15","4","0","0","0","0","0","1"
"POINT (9.810182369000074 53.561762697000063)","Unfall 126825 (2017) Kat:3, Licht: 0","126825","3","7","2","12","07","4","1","0","0","1","0","0"
"POINT (9.918780430000027 53.573149205000050)","Unfall 126826 (2017) Kat:3, Licht: 0","126826","3","6","2","12","14","4","1","0","0","1","0","0"
"POINT (9.890561090000062 53.552379373000065)","Unfall 126827 (2017) Kat:3, Licht: 2","126827","3","2","2","12","17","4","1","2","0","1","0","0"
"POINT (9.908346071000040 53.591635563000068)","Unfall 126828 (2017) Kat:3, Licht: 2","126828","3","2","4","12","20","4","1","2","0","1","0","0"
"POINT (9.927264689000026 53.564702740000030)","Unfall 126829 (2017) Kat:3, Licht: 0","126829","3","3","5","12","09","4","1","0","1","1","0","0"
"POINT (9.965470429000050 53.585137436000082)","Unfall 126830 (2017) Kat:3, Licht: 0","126830","3","2","6","12","15","4","1","0","0","1","1","0"
"POINT (9.953249385000049 53.575825014000031)","Unfall 126831 (2017) Kat:3, Licht: 0","126831","3","7","0","11","13","3","1","0","1","0","0","0"
"POINT (9.928436828000031 53.555770251000069)","Unfall 126832 (2017) Kat:3, Licht: 2","126832","3","4","6","11","17","3","1","2","1","0","1","0"
"POINT (9.986734172000070 53.547791685000050)","Unfall 126833 (2017) Kat:3, Licht: 0","126833","3","6","2","11","11","3","1","0","0","1","0","0"
"POINT (9.973996853000074 53.546289606000073)","Unfall 126834 (2017) Kat:3, Licht: 2","126834","3","7","6","11","16","3","1","2","0","1","1","0"
"POINT (10.095764170000052 53.516506945000060)","Unfall 126835 (2017) Kat:3, Licht: 2","126835","3","4","6","11","17","2","1","2","0","1","1","0"
"POINT (10.180614335000030 53.508211938000045)","Unfall 126836 (2017) Kat:2, Licht: 2","126836","2","4","6","11","18","2","1","2","0","1","1","0"
"POINT (10.084160077000035 53.554974846000050)","Unfall 126837 (2017) Kat:3, Licht: 2","126837","3","3","5","11","16","2","1","2","1","1","0","0"
"POINT (10.071118630000058 53.559209631000044)","Unfall 126838 (2017) Kat:3, Licht: 0","126838","3","2","5","11","13","2","1","0","0","1","0","0"
"POINT (10.130217277000042 53.599565385000062)","Unfall 126839 (2017) Kat:3, Licht: 0","126839","3","3","5","11","08","2","0","0","1","1","0","0"
"POINT (10.126627091000046 53.582309075000069)","Unfall 126840 (2017) Kat:3, Licht: 2","126840","3","3","5","11","18","2","1","2","0","1","0","0"
"POINT (9.953749986000048 53.573125589000028)","Unfall 126841 (2017) Kat:3, Licht: 2","126841","3","6","6","12","18","4","1","2","1","0","1","0"
"POINT (10.122410914000056 53.609827216000042)","Unfall 126842 (2017) Kat:3, Licht: 0","126842","3","6","3","11","14","2","1","0","1","0","0","0"
"POINT (9.981320642000071 53.585137044000078)","Unfall 126843 (2017) Kat:3, Licht: 1","126843","3","6","1","12","19","4","1","1","0","1","0","0"
"POINT (10.000752263000038 53.678139530000067)","Unfall 126844 (2017) Kat:3, Licht: 2","126844","3","5","1","11","17","2","1","2","0","1","0","0"
"POINT (9.949132518000056 53.579416812000034)","Unfall 126845 (2017) Kat:3, Licht: 1","126845","3","3","5","12","07","4","1","1","1","0","0","0"
"POINT (10.007032497000068 53.581490031000044)","Unfall 126846 (2017) Kat:2, Licht: 0","126846","2","5","1","11","12","2","1","0","0","1","0","0"
"POINT (9.904851223000037 53.608884604000082)","Unfall 126847 (2017) Kat:3, Licht: 0","126847","3","3","5","11","14","2","1","0","1","0","0","0"
"POINT (9.972801633000074 53.612721204000081)","Unfall 126848 (2017) Kat:3, Licht: 2","126848","3","6","2","12","05","4","1","2","0","1","0","0"
"POINT (9.998116183000036 53.557675186000040)","Unfall 126849 (2017) Kat:3, Licht: 0","126849","3","6","2","12","14","4","0","0","0","1","0","0"
"POINT (9.761356306000039 53.577044094000030)","Unfall 126850 (2017) Kat:2, Licht: 2","126850","2","4","6","11","17","2","1","2","0","1","1","0"
"POINT (10.002198333000024 53.557077778000064)","Unfall 126851 (2017) Kat:3, Licht: 2","126851","3","3","5","12","01","4","1","2","0","1","0","0"
"POINT (10.008979613000065 53.550654652000048)","Unfall 126852 (2017) Kat:3, Licht: 2","126852","3","4","6","12","20","4","1","2","1","0","1","0"
"POINT (9.881092784000032 53.553559007000047)","Unfall 126853 (2017) Kat:3, Licht: 2","126853","3","7","8","11","17","2","1","2","0","1","0","0"
"POINT (9.954536170000040 53.455631656000037)","Unfall 126854 (2017) Kat:2, Licht: 0","126854","2","4","6","12","13","3","0","0","0","1","1","0"
"POINT (10.020172813000045 53.516861772000027)","Unfall 126855 (2017) Kat:3, Licht: 2","126855","3","1","9","12","19","3","1","2","0","1","0","0"
"POINT (9.889834208000025 53.601620379000053)","Unfall 126856 (2017) Kat:3, Licht: 0","126856","3","3","0","11","12","2","1","0","0","1","0","0"
"POINT (10.066671445000054 53.535609391000037)","Unfall 126857 (2017) Kat:3, Licht: 0","126857","3","2","5","12","12","3","1","0","0","0","0","1"
"POINT (9.945423597000058 53.640800555000055)","Unfall 126858 (2017) Kat:3, Licht: 0","126858","3","7","6","11","11","2","1","0","0","1","1","0"
"POINT (10.061516751000056 53.560283923000043)","Unfall 126859 (2017) Kat:3, Licht: 0","126859","3","2","4","12","15","3","1","0","0","1","0","0"
"POINT (9.932850942000073 53.548042690000045)","Unfall 126860 (2017) Kat:3, Licht: 2","126860","3","4","6","11","19","2","1","2","0","1","1","0"
"POINT (9.930746292000038 53.558721066000032)","Unfall 126861 (2017) Kat:2, Licht: 0","126861","2","6","4","11","08","2","0","0","1","0","0","0"
"POINT (9.919348735000028 53.564014088000079)","Unfall 6023 (2018) Kat:3, Licht: 0","6023","3","2","5","05","17","2","0","0","1","1","0","0"
"POINT (9.916496920000043 53.564449333000027)","Unfall 6024 (2018) Kat:3, Licht: 2","6024","3","3","4","04","20","4","1","2","1","0","0","0"
"POINT (10.136668922000069 53.526141261000078)","Unfall 6025 (2018) Kat:3, Licht: 2","6025","3","6","2","01","06","5","1","2","0","0","0","0"
"POINT (9.922112105000053 53.452625058000081)","Unfall 6036 (2018) Kat:2, Licht: 0","6036","2","1","8","02","11","1","1","0","0","1","0","0"
"POINT (10.034348241000032 53.564080372000035)","Unfall 6042 (2018) Kat:3, Licht: 0","6042","3","2","5","04","18","6","0","0","1","1","0","0"
"POINT (9.965023091000035 53.580966460000070)","Unfall 6045 (2018) Kat:2, Licht: 0","6045","2","7","2","03","14","1","0","0","0","1","0","0"
"POINT (10.015015313000049 53.517461129000026)","Unfall 6056 (2018) Kat:3, Licht: 0","6056","3","6","3","04","12","7","0","0","0","1","0","1"
"POINT (9.862260210000045 53.471434338000051)","Unfall 6058 (2018) Kat:3, Licht: 2","6058","3","6","3","01","18","2","1","2","0","1","0","0"
"POINT (10.100400460000060 53.539338338000050)","Unfall 6070 (2018) Kat:3, Licht: 0","6070","3","2","2","03","08","7","0","0","0","1","0","0"
"POINT (9.938536649000071 53.625119005000045)","Unfall 6076 (2018) Kat:3, Licht: 0","6076","3","3","5","05","09","3","0","0","1","0","0","0"
"POINT (10.024111524000034 53.542802004000066)","Unfall 6077 (2018) Kat:3, Licht: 0","6077","3","6","3","04","06","3","0","0","0","1","0","0"
"POINT (10.015356911000026 53.546167430000082)","Unfall 6079 (2018) Kat:3, Licht: 2","6079","3","6","1","01","06","1","1","2","0","1","0","0"
"POINT (9.929211965000036 53.563488247000066)","Unfall 6091 (2018) Kat:2, Licht: 2","6091","2","7","5","02","21","2","0","2","0","1","0","0"
"POINT (9.944863440000063 53.563063091000060)","Unfall 6096 (2018) Kat:2, Licht: 2","6096","2","6","3","01","19","4","1","2","1","0","0","0"
"POINT (9.992329264000034 53.457572973000026)","Unfall 6097 (2018) Kat:3, Licht: 0","6097","3","6","3","05","10","6","0","0","0","1","0","0"
"POINT (10.008770454000057 53.547790695000060)","Unfall 6100 (2018) Kat:3, Licht: 0","6100","3","6","3","03","14","6","0","0","0","1","0","0"
"POINT (10.059007952000059 53.509250159000032)","Unfall 6101 (2018) Kat:3, Licht: 2","6101","3","1","9","01","06","2","2","2","0","1","0","0"
"POINT (9.959329539000066 53.574466823000080)","Unfall 6112 (2018) Kat:3, Licht: 0","6112","3","6","1","02","07","6","0","0","0","1","0","0"
"POINT (9.945396687000027 53.471049889000028)","Unfall 6116 (2018) Kat:3, Licht: 0","6116","3","2","6","04","07","4","1","0","0","1","1","0"
"POINT (10.032551124000065 53.539481145000082)","Unfall 6119 (2018) Kat:3, Licht: 0","6119","3","6","1","03","11","4","0","0","0","1","0","0"
"POINT (9.965670307000039 53.597496839000030)","Unfall 6130 (2018) Kat:3, Licht: 0","6130","3","3","6","04","20","4","0","0","1","0","1","0"
"POINT (9.857294156000023 53.471693122000033)","Unfall 6132 (2018) Kat:3, Licht: 0","6132","3","3","5","01","13","6","0","0","1","1","0","0"
"POINT (9.941443638000067 53.572720264000054)","Unfall 6146 (2018) Kat:3, Licht: 0","6146","3","6","1","03","08","6","0","0","0","1","0","0"
"POINT (9.977407600000049 53.646587242000066)","Unfall 6152 (2018) Kat:3, Licht: 1","6152","3","1","9","05","21","6","0","1","0","1","0","0"
"POINT (9.998503307000021 53.594447695000042)","Unfall 6160 (2018) Kat:2, Licht: 0","6160","2","4","6","04","09","6","0","0","0","0","1","0"
"POINT (9.933654243000035 53.583692637000070)","Unfall 6162 (2018) Kat:3, Licht: 2","6162","3","6","2","01","17","2","1","2","0","1","0","0"
"POINT (10.025523301000021 53.516740402000039)","Unfall 6174 (2018) Kat:3, Licht: 0","6174","3","6","2","05","12","5","0","0","0","1","0","0"
"POINT (9.923914816000035 53.594897636000042)","Unfall 6178 (2018) Kat:3, Licht: 0","6178","3","6","2","03","14","6","0","0","0","1","0","0"
"POINT (10.035599202000071 53.495741594000037)","Unfall 6184 (2018) Kat:2, Licht: 0","6184","2","6","2","05","18","7","0","0","0","1","0","0"
"POINT (9.880620262000036 53.568801563000079)","Unfall 6186 (2018) Kat:3, Licht: 0","6186","3","2","2","04","10","2","0","0","0","1","0","0"
"POINT (9.976395569000033 53.549398928000073)","Unfall 6188 (2018) Kat:3, Licht: 0","6188","3","6","2","01","15","6","1","0","0","1","0","0"
"POINT (10.034621846000050 53.564043164000054)","Unfall 6199 (2018) Kat:3, Licht: 0","6199","3","2","5","02","15","5","1","0","1","1","0","0"
"POINT (9.954566960000022 53.561378441000045)","Unfall 6204 (2018) Kat:3, Licht: 2","6204","3","4","6","01","03","2","1","2","0","1","1","0"
"POINT (9.966697572000044 53.552427225000031)","Unfall 6205 (2018) Kat:3, Licht: 0","6205","3","1","0","05","14","6","0","0","0","0","0","1"
"POINT (9.928370847000053 53.592608260000077)","Unfall 6208 (2018) Kat:3, Licht: 0","6208","3","6","2","03","17","4","1","0","0","1","0","0"
"POINT (9.933226622000063 53.532668447000049)","Unfall 6218 (2018) Kat:3, Licht: 0","6218","3","6","3","02","10","3","0","0","0","1","0","0"
"POINT (10.016355287000067 53.545392324000034)","Unfall 6222 (2018) Kat:3, Licht: 0","6222","3","6","2","04","09","3","0","0","0","0","0","0"
"POINT (9.994043423000051 53.547325272000080)","Unfall 6225 (2018) Kat:3, Licht: 0","6225","3","2","3","03","14","3","0","0","1","0","0","0"
"POINT (9.927237425000044 53.522913728000049)","Unfall 6235 (2018) Kat:3, Licht: 0","6235","3","6","2","04","10","3","0","0","0","1","0","0"
"POINT (9.954735267000046 53.470504885000082)","Unfall 6237 (2018) Kat:3, Licht: 2","6237","3","4","6","01","20","4","0","2","0","1","1","0"
"POINT (9.953749056000049 53.561568679000061)","Unfall 6250 (2018) Kat:3, Licht: 0","6250","3","6","3","02","08","4","0","0","0","0","0","0"
"POINT (9.997173901000053 53.611408977000053)","Unfall 6256 (2018) Kat:3, Licht: 0","6256","3","6","2","05","15","3","0","0","0","1","0","0"
"POINT (9.916896243000053 53.610431709000068)","Unfall 6257 (2018) Kat:3, Licht: 2","6257","3","6","3","04","20","6","0","2","0","1","0","0"
"POINT (9.915737874000058 53.541974934000052)","Unfall 6259 (2018) Kat:3, Licht: 0","6259","3","6","1","01","10","3","0","0","0","0","0","0"
"POINT (9.915665847000071 53.542003103000070)","Unfall 6269 (2018) Kat:3, Licht: 0","6269","3","6","2","02","10","3","0","0","0","0","0","0"
"POINT (9.985734139000044 53.547874871000033)","Unfall 6274 (2018) Kat:3, Licht: 0","6274","3","6","2","05","12","4","0","0","0","1","0","0"
"POINT (9.963887131000035 53.599872895000033)","Unfall 6277 (2018) Kat:3, Licht: 0","6277","3","6","3","03","10","3","0","0","0","1","0","0"
"POINT (9.983935998000050 53.594399334000059)","Unfall 6282 (2018) Kat:3, Licht: 0","6282","3","3","5","04","18","7","0","0","1","1","0","0"
"POINT (9.913092149000022 53.614611134000029)","Unfall 6284 (2018) Kat:3, Licht: 0","6284","3","6","2","01","08","4","1","0","0","1","0","0"
"POINT (9.853629386000023 53.572139391000064)","Unfall 6294 (2018) Kat:3, Licht: 0","6294","3","3","5","02","15","4","0","0","0","1","0","0"
"POINT (10.032791351000071 53.540797591000057)","Unfall 6300 (2018) Kat:3, Licht: 0","6300","3","6","3","05","19","4","0","0","0","1","0","0"
"POINT (10.032524479000074 53.540545737000059)","Unfall 6303 (2018) Kat:2, Licht: 0","6303","2","1","9","03","09","3","0","0","0","1","0","0"
"POINT (10.022702544000026 53.476397140000074)","Unfall 6313 (2018) Kat:3, Licht: 0","6313","3","6","2","02","15","6","1","0","0","1","0","0"
"POINT (10.039299584000048 53.502404823000063)","Unfall 6319 (2018) Kat:3, Licht: 0","6319","3","6","2","03","16","5","0","0","0","1","0","0"
"POINT (9.921372052000038 53.439479172000063)","Unfall 6324 (2018) Kat:3, Licht: 2","6324","3","6","3","03","20","6","0","2","0","1","0","0"
"POINT (9.962109609000038 53.603153817000077)","Unfall 6330 (2018) Kat:3, Licht: 0","6330","3","2","3","04","14","2","0","0","0","1","0","0"
"POINT (9.911074840000026 53.637245297000050)","Unfall 6332 (2018) Kat:3, Licht: 0","6332","3","3","5","01","09","4","1","0","0","1","0","0"
"POINT (9.928109848000077 53.592580869000074)","Unfall 6344 (2018) Kat:3, Licht: 2","6344","3","6","2","02","05","3","2","2","0","1","0","0"
"POINT (10.061892832000069 53.509327810000059)","Unfall 6350 (2018) Kat:3, Licht: 0","6350","3","6","3","05","08","2","0","0","0","1","0","0"
"POINT (9.914345092000076 53.614617403000068)","Unfall 6351 (2018) Kat:3, Licht: 1","6351","3","6","3","04","06","5","1","1","0","1","0","0"
"POINT (9.920848585000044 53.517537184000048)","Unfall 6352 (2018) Kat:3, Licht: 1","6352","3","6","2","01","07","6","1","1","0","0","0","1"
"POINT (9.898825559000045 53.565186690000075)","Unfall 6363 (2018) Kat:3, Licht: 1","6363","3","2","2","02","16","2","1","1","0","1","0","0"
"POINT (10.031329309000057 53.537871790000054)","Unfall 6368 (2018) Kat:2, Licht: 0","6368","2","1","9","04","07","7","0","0","0","1","0","0"
"POINT (9.908183799000028 53.620395399000074)","Unfall 6371 (2018) Kat:3, Licht: 2","6371","3","2","4","03","21","2","0","2","0","1","0","0"
"POINT (10.197949882000046 53.493036652000058)","Unfall 6381 (2018) Kat:3, Licht: 0","6381","3","6","2","04","13","1","0","0","0","1","0","0"
"POINT (9.955342110000061 53.570555456000079)","Unfall 6383 (2018) Kat:3, Licht: 0","6383","3","6","2","01","14","3","1","0","0","1","0","0"
"POINT (9.983926606000068 53.592443737000053)","Unfall 6389 (2018) Kat:3, Licht: 0","6389","3","2","5","03","11","2","1","0","0","1","0","0"
"POINT (9.997174821000044 53.547540445000038)","Unfall 6395 (2018) Kat:3, Licht: 2","6395","3","4","6","03","19","3","0","2","0","1","1","0"
"POINT (10.026012028000025 53.551960879000035)","Unfall 6401 (2018) Kat:3, Licht: 0","6401","3","3","5","05","06","4","0","0","0","1","0","0"
"POINT (9.938310280000053 53.576145451000059)","Unfall 6402 (2018) Kat:3, Licht: 0","6402","3","6","3","04","12","4","0","0","0","1","0","0"
"POINT (9.977969764000022 53.549358955000059)","Unfall 6404 (2018) Kat:3, Licht: 2","6404","3","2","4","01","18","2","1","2","0","1","0","0"
"POINT (9.987845487000072 53.603640176000056)","Unfall 6411 (2018) Kat:3, Licht: 2","6411","3","3","5","04","23","3","1","2","1","1","0","0"
"POINT (9.983924075000061 53.597449315000063)","Unfall 6413 (2018) Kat:3, Licht: 0","6413","3","6","2","02","15","5","0","0","0","1","0","0"
"POINT (9.894240561000061 53.471743717000038)","Unfall 6419 (2018) Kat:2, Licht: 0","6419","2","4","6","03","15","3","0","0","0","1","1","0"
"POINT (10.005745962000049 53.591754943000069)","Unfall 6425 (2018) Kat:3, Licht: 0","6425","3","6","3","03","10","5","1","0","0","1","0","0"
"POINT (9.991503449000049 53.592877149000060)","Unfall 6431 (2018) Kat:3, Licht: 0","6431","3","7","5","04","10","6","0","0","0","1","0","1"
"POINT (9.923280485000021 53.596576952000078)","Unfall 6433 (2018) Kat:3, Licht: 0","6433","3","6","2","01","08","3","1","0","0","1","0","0"
"POINT (10.026164937000033 53.484405762000051)","Unfall 6445 (2018) Kat:3, Licht: 2","6445","3","1","9","02","22","6","0","2","0","1","0","0"
"POINT (9.833935330000031 53.471702943000082)","Unfall 6451 (2018) Kat:3, Licht: 0","6451","3","7","9","05","10","1","0","0","0","1","1","0"
"POINT (9.863142961000051 53.571856001000072)","Unfall 6454 (2018) Kat:3, Licht: 0","6454","3","6","2","04","14","3","0","0","0","1","0","0"
"POINT (9.983862797000029 53.592226631000074)","Unfall 6455 (2018) Kat:2, Licht: 2","6455","2","4","6","01","17","5","1","2","0","1","1","0"
"POINT (9.963138447000063 53.448657506000075)","Unfall 6466 (2018) Kat:3, Licht: 0","6466","3","6","2","02","11","7","0","0","0","1","0","0"
"POINT (9.979173696000032 53.549235464000049)","Unfall 6471 (2018) Kat:2, Licht: 2","6471","2","7","6","04","03","6","0","2","0","1","1","0"
"POINT (9.963681890000032 53.579472924000072)","Unfall 6474 (2018) Kat:3, Licht: 2","6474","3","6","2","03","19","7","0","2","0","1","0","0"
"POINT (9.923072920000038 53.563828059000059)","Unfall 6485 (2018) Kat:3, Licht: 0","6485","3","6","2","04","10","7","0","0","0","1","0","0"
"POINT (10.096253532000048 53.540004788000033)","Unfall 6487 (2018) Kat:2, Licht: 2","6487","2","6","2","01","21","2","1","2","0","1","0","0"
"POINT (9.930324032000044 53.645904162000079)","Unfall 6500 (2018) Kat:3, Licht: 0","6500","3","6","2","03","15","7","0","0","0","1","0","0"
"POINT (9.922057963000043 53.563886230000037)","Unfall 6506 (2018) Kat:3, Licht: 0","6506","3","3","5","05","16","2","0","0","1","1","0","0"
"POINT (9.939862403000063 53.439454665000028)","Unfall 6508 (2018) Kat:2, Licht: 0","6508","2","6","2","04","16","2","0","0","0","1","0","0"
"POINT (9.858506584000054 53.571906015000081)","Unfall 6510 (2018) Kat:3, Licht: 0","6510","3","3","5","01","13","1","0","0","0","1","0","0"
"POINT (9.937888939000061 53.471020981000038)","Unfall 6522 (2018) Kat:3, Licht: 2","6522","3","6","3","02","02","7","0","2","0","1","0","0"
"POINT (10.040708875000064 53.552635546000033)","Unfall 6527 (2018) Kat:3, Licht: 2","6527","3","2","5","01","07","3","0","2","0","1","0","0"
"POINT (10.023772102000066 53.573024862000068)","Unfall 6528 (2018) Kat:3, Licht: 2","6528","3","2","2","05","23","6","0","2","0","1","0","0"
"POINT (9.852049661000024 53.572343580000052)","Unfall 6531 (2018) Kat:3, Licht: 0","6531","3","6","2","03","11","5","1","0","0","1","0","0"
"POINT (9.944063947000075 53.572821941000029)","Unfall 6532 (2018) Kat:3, Licht: 2","6532","3","6","2","01","17","1","0","2","0","1","0","0"
"POINT (9.891968651000070 53.471825611000042)","Unfall 6553 (2018) Kat:3, Licht: 0","6553","3","7","5","02","10","4","0","0","0","1","0","0"
"POINT (9.963568287000044 53.579323393000038)","Unfall 6558 (2018) Kat:3, Licht: 2","6558","3","2","1","01","18","5","0","2","0","1","0","0"
"POINT (9.996439152000050 53.611060769000062)","Unfall 6559 (2018) Kat:3, Licht: 0","6559","3","3","5","05","10","7","0","0","1","1","0","0"
"POINT (9.948048290000031 53.573400995000043)","Unfall 6562 (2018) Kat:3, Licht: 2","6562","3","1","4","03","20","7","1","2","0","1","0","0"
"POINT (9.964913359000036 53.580892018000043)","Unfall 6563 (2018) Kat:3, Licht: 2","6563","3","6","2","01","17","3","0","2","0","1","0","0"
"POINT (10.212496914000042 53.486692676000075)","Unfall 6574 (2018) Kat:3, Licht: 0","6574","3","7","6","02","11","6","0","0","0","0","1","0"
"POINT (9.928169568000044 53.641288899000074)","Unfall 6578 (2018) Kat:3, Licht: 0","6578","3","6","2","04","09","5","0","0","0","1","0","0"
"POINT (9.963990797000065 53.599778491000052)","Unfall 6581 (2018) Kat:3, Licht: 0","6581","3","2","3","03","07","5","1","0","0","1","0","0"
"POINT (9.937763240000038 53.625715167000067)","Unfall 6592 (2018) Kat:3, Licht: 0","6592","3","3","0","04","11","6","0","0","1","1","0","0"
"POINT (9.911606966000022 53.577568951000046)","Unfall 6594 (2018) Kat:3, Licht: 2","6594","3","1","9","01","04","1","1","2","0","1","0","0"
"POINT (9.933444012000052 53.563679215000036)","Unfall 6606 (2018) Kat:3, Licht: 0","6606","3","6","2","05","07","5","0","0","0","1","0","0"
"POINT (9.926410465000060 53.638973628000031)","Unfall 6610 (2018) Kat:3, Licht: 0","6610","3","6","1","03","16","6","0","0","0","1","0","0"
"POINT (9.997936663000075 53.594392420000077)","Unfall 6616 (2018) Kat:3, Licht: 0","6616","3","7","0","05","18","7","0","0","1","1","0","0"
"POINT (10.016232509000076 53.545449940000026)","Unfall 6617 (2018) Kat:3, Licht: 0","6617","3","2","3","04","19","1","0","0","0","1","0","0"
"POINT (9.988660935000041 53.457948112000054)","Unfall 6619 (2018) Kat:3, Licht: 0","6619","3","6","2","01","12","5","2","0","0","1","0","0"
"POINT (9.875220335000051 53.471904868000081)","Unfall 6630 (2018) Kat:3, Licht: 0","6630","3","6","1","02","07","4","1","0","0","1","0","0"
"POINT (10.039084034000041 53.558863505000033)","Unfall 6636 (2018) Kat:3, Licht: 0","6636","3","5","1","05","06","5","0","0","0","1","0","0"
"POINT (9.995537059000071 53.547423073000061)","Unfall 6639 (2018) Kat:3, Licht: 0","6639","3","2","5","03","10","4","1","0","1","1","0","0"
"POINT (10.002373906000059 53.547395302000041)","Unfall 6649 (2018) Kat:3, Licht: 0","6649","3","6","2","02","10","3","0","0","0","1","0","0"
"POINT (9.903965565000021 53.620664337000051)","Unfall 6655 (2018) Kat:3, Licht: 0","6655","3","6","2","03","07","2","0","0","0","1","0","0"
"POINT (9.919316385000059 53.605735717000073)","Unfall 6665 (2018) Kat:3, Licht: 0","6665","3","6","3","04","12","2","0","0","0","1","0","0"
"POINT (9.934801105000076 53.436383611000053)","Unfall 6667 (2018) Kat:3, Licht: 2","6667","3","4","6","01","07","4","1","2","0","1","1","0"
"POINT (10.218351882000036 53.485022316000027)","Unfall 6673 (2018) Kat:3, Licht: 1","6673","3","3","0","02","06","3","0","1","0","1","1","0"
"POINT (9.916197367000052 53.584558194000067)","Unfall 6677 (2018) Kat:2, Licht: 2","6677","2","1","8","04","01","4","1","2","0","0","0","0"
"POINT (9.913528318000033 53.498301067000057)","Unfall 6680 (2018) Kat:3, Licht: 0","6680","3","1","9","03","07","3","1","0","0","0","0","0"
"POINT (10.026384466000025 53.520389069000032)","Unfall 6691 (2018) Kat:3, Licht: 0","6691","3","6","2","04","08","3","0","0","0","1","0","0"
"POINT (10.059954843000071 53.509372500000040)","Unfall 6693 (2018) Kat:3, Licht: 0","6693","3","6","3","01","13","5","0","0","0","1","0","0"
"POINT (9.916229623000049 53.589821052000048)","Unfall 6707 (2018) Kat:2, Licht: 0","6707","2","6","3","03","14","5","0","0","0","1","0","0"
"POINT (10.129254494000065 53.524328522000076)","Unfall 6713 (2018) Kat:3, Licht: 0","6713","3","6","2","05","09","4","0","0","0","0","0","0"
"POINT (9.927293384000052 53.470063636000077)","Unfall 6714 (2018) Kat:3, Licht: 2","6714","3","1","0","04","22","6","0","2","0","0","0","1"
"POINT (9.868721685000025 53.471662910000077)","Unfall 6716 (2018) Kat:3, Licht: 2","6716","3","6","2","01","18","3","1","2","0","1","0","0"
"POINT (10.060224810000022 53.509367011000052)","Unfall 6726 (2018) Kat:3, Licht: 0","6726","3","6","2","02","16","3","0","0","0","1","0","0"
"POINT (9.958325082000044 53.647591367000075)","Unfall 6732 (2018) Kat:3, Licht: 0","6732","3","2","4","05","08","4","0","0","0","1","0","0"
"POINT (9.921105550000050 53.592979124000067)","Unfall 6735 (2018) Kat:3, Licht: 0","6735","3","6","2","03","14","3","0","0","0","1","0","0"
"POINT (10.003242469000043 53.592340775000082)","Unfall 6746 (2018) Kat:3, Licht: 1","6746","3","6","2","02","07","5","1","1","0","1","0","0"
"POINT (9.927953692000074 53.640994980000073)","Unfall 6752 (2018) Kat:3, Licht: 0","6752","3","3","5","03","07","5","0","0","0","1","0","0"
"POINT (9.868698515000062 53.571216231000051)","Unfall 6758 (2018) Kat:3, Licht: 0","6758","3","6","2","03","12","6","0","0","0","1","0","0"
"POINT (9.963875015000042 53.599883930000033)","Unfall 6765 (2018) Kat:3, Licht: 0","6765","3","3","5","04","18","2","0","0","1","1","0","0"
"POINT (9.978763552000032 53.549288789000059)","Unfall 6768 (2018) Kat:3, Licht: 0","6768","3","6","3","01","12","4","0","0","0","1","0","0"
"POINT (9.983922879000033 53.598068063000028)","Unfall 6780 (2018) Kat:3, Licht: 2","6780","3","3","5","02","21","7","0","2","1","1","0","0"
"POINT (10.047926945000029 53.552258296000048)","Unfall 6786 (2018) Kat:3, Licht: 0","6786","3","3","5","05","17","2","0","0","1","1","0","0"
"POINT (10.113947395000025 53.566019822000044)","Unfall 6787 (2018) Kat:3, Licht: 0","6787","3","6","2","04","16","4","0","0","0","1","0","0"
"POINT (10.100591371000064 53.510689117000027)","Unfall 6788 (2018) Kat:3, Licht: 1","6788","3","7","2","01","08","5","1","1","0","1","0","0"
"POINT (9.984478624000076 53.548164339000039)","Unfall 6799 (2018) Kat:3, Licht: 0","6799","3","3","5","02","09","2","1","0","1","1","0","0"