WKT,Name,OBJECTID,UKATEGORIE,UTYP1,UART,UMONAT,USTUNDE,UWOCHENTAG,STRZUSTAND,ULICHTVERH,ISTRAD,ISTPKW,ISTFUSS,ISTKRAD
"POINT (10.213364562000038 53.486391735000041)","Unfall 6807 (2018) Kat:3, Licht: 0","6807","3","6","4","02","14","3","2","0","0","1","0","0"
"POINT (9.965842580000071 53.553124999000033)","Unfall 6813 (2018) Kat:3, Licht: 0","6813","3","2","3","05","15","3","0","0","1","1","0","0"
"POINT (9.922558478000042 53.470633985000063)","Unfall 6814 (2018) Kat:3, Licht: 0","6814","3","2","5","04","13","5","0","0","1","1","0","0"
"POINT (9.909805296000059 53.627434392000055)","Unfall 6815 (2018) Kat:3, Licht: 2","6815","3","2","6","01","17","3","1","2","0","1","1","0"
"POINT (10.070432508000067 53.508725740000045)","Unfall 6825 (2018) Kat:3, Licht: 0","6825","3","6","3","02","09","2","1","0","0","1","0","0"
"POINT (10.032416233000049 53.562130520000039)","Unfall 6830 (2018) Kat:3, Licht: 0","6830","3","6","3","04","16","2","0","0","0","1","0","0"
"POINT (9.978096868000023 53.549353263000057)","Unfall 6833 (2018) Kat:3, Licht: 0","6833","3","3","5","03","14","3","0","0","1","1","0","0"
"POINT (10.033388015000071 53.541892641000061)","Unfall 6843 (2018) Kat:3, Licht: 0","6843","3","6","1","04","17","2","0","0","0","1","0","0"
"POINT (10.127073958000040 53.522562916000027)","Unfall 6845 (2018) Kat:3, Licht: 0","6845","3","6","3","01","09","4","0","0","0","1","0","0"
"POINT (10.015580256000021 53.546263739000040)","Unfall 6851 (2018) Kat:2, Licht: 0","6851","2","4","6","03","15","3","0","0","0","1","1","0"
"POINT (9.983433205000040 53.548390007000080)","Unfall 6857 (2018) Kat:3, Licht: 2","6857","3","7","9","03","20","5","1","2","0","1","0","0"
"POINT (10.016845841000077 53.587602003000029)","Unfall 6864 (2018) Kat:3, Licht: 0","6864","3","6","2","04","07","5","0","0","0","1","0","0"
"POINT (9.945888364000041 53.619825913000057)","Unfall 6866 (2018) Kat:3, Licht: 0","6866","3","2","5","01","13","3","0","0","1","1","0","0"
"POINT (9.968757849000042 53.585609875000046)","Unfall 6878 (2018) Kat:3, Licht: 2","6878","3","4","6","02","18","6","0","2","0","1","1","0"
"POINT (9.969731503000048 53.550912214000050)","Unfall 6884 (2018) Kat:3, Licht: 2","6884","3","3","5","01","22","6","1","2","1","1","0","0"
"POINT (10.191855408000038 53.472758349000060)","Unfall 6885 (2018) Kat:3, Licht: 0","6885","3","1","9","05","14","1","0","0","0","1","0","0"
"POINT (10.033098442000039 53.562855278000029)","Unfall 6888 (2018) Kat:3, Licht: 2","6888","3","7","6","04","00","1","1","2","0","1","1","0"
"POINT (10.000468032000072 53.613513289000082)","Unfall 6889 (2018) Kat:3, Licht: 2","6889","3","6","2","01","19","4","0","2","0","1","0","0"
"POINT (10.030500040000049 53.560930911000071)","Unfall 6900 (2018) Kat:3, Licht: 2","6900","3","4","6","02","20","7","0","2","0","1","1","0"
"POINT (9.936822712000037 53.470994674000053)","Unfall 6905 (2018) Kat:3, Licht: 0","6905","3","6","2","04","10","5","1","0","0","1","0","0"
"POINT (10.022543683000038 53.574075686000072)","Unfall 6908 (2018) Kat:3, Licht: 0","6908","3","2","5","03","08","5","1","0","1","1","0","0"
"POINT (9.944266510000034 53.570267120000040)","Unfall 6920 (2018) Kat:3, Licht: 0","6920","3","5","1","04","11","7","0","0","0","1","0","0"
"POINT (10.011741564000033 53.548049985000034)","Unfall 6922 (2018) Kat:3, Licht: 0","6922","3","6","3","01","15","2","1","0","0","1","0","0"
"POINT (10.012750380000057 53.547691935000046)","Unfall 6939 (2018) Kat:3, Licht: 2","6939","3","1","9","04","01","6","1","2","0","1","0","0"
"POINT (9.907864995000068 53.646827996000070)","Unfall 6942 (2018) Kat:3, Licht: 0","6942","3","6","2","03","15","1","0","0","0","1","0","0"
"POINT (9.914395968000065 53.620653216000051)","Unfall 6953 (2018) Kat:3, Licht: 0","6953","3","6","2","04","18","1","0","0","0","1","0","0"
"POINT (9.986256872000070 53.547772454000039)","Unfall 6955 (2018) Kat:3, Licht: 0","6955","3","2","5","01","08","3","0","0","1","1","0","0"
"POINT (10.023793340000054 53.573007327000028)","Unfall 6961 (2018) Kat:3, Licht: 0","6961","3","2","6","03","12","7","0","0","0","1","1","0"
"POINT (10.232401600000060 53.479373629000065)","Unfall 6967 (2018) Kat:3, Licht: 2","6967","3","1","9","03","04","1","0","2","0","1","0","0"
"POINT (10.017609606000065 53.586469141000066)","Unfall 6974 (2018) Kat:3, Licht: 0","6974","3","7","4","05","17","3","0","0","0","1","0","0"
"POINT (10.122624634000033 53.529857363000076)","Unfall 6975 (2018) Kat:3, Licht: 0","6975","3","6","8","04","14","3","0","0","0","1","0","0"
"POINT (10.041373653000051 53.552607586000079)","Unfall 6977 (2018) Kat:3, Licht: 1","6977","3","6","2","01","16","1","1","1","0","1","0","0"
"POINT (9.941178696000065 53.563586629000042)","Unfall 6990 (2018) Kat:3, Licht: 0","6990","3","6","2","02","15","3","0","0","0","1","0","0"
"POINT (9.957277077000072 53.571735474000036)","Unfall 6995 (2018) Kat:3, Licht: 0","6995","3","6","3","01","15","4","1","0","0","1","0","0"
"POINT (10.027806202000022 53.455841611000039)","Unfall 6996 (2018) Kat:3, Licht: 0","6996","3","6","2","05","17","6","0","0","0","1","0","0"
"POINT (10.039081317000068 53.500739705000058)","Unfall 6999 (2018) Kat:3, Licht: 0","6999","3","6","2","03","11","6","0","0","0","1","0","0"
"POINT (10.022863180000058 53.474228446000041)","Unfall 7000 (2018) Kat:3, Licht: 2","7000","3","6","9","01","05","2","1","2","0","1","0","0"
"POINT (9.937369638000064 53.577236951000032)","Unfall 7011 (2018) Kat:3, Licht: 2","7011","3","3","5","02","17","6","0","2","0","1","0","0"
"POINT (9.967373968000061 53.468197206000070)","Unfall 7015 (2018) Kat:3, Licht: 0","7015","3","7","6","04","16","4","0","0","0","1","1","0"
"POINT (10.168825036000044 53.513632985000072)","Unfall 7018 (2018) Kat:3, Licht: 0","7018","3","6","2","03","17","4","0","0","0","1","0","0"
"POINT (9.902966641000035 53.571093543000075)","Unfall 7030 (2018) Kat:3, Licht: 0","7030","3","6","2","04","14","5","0","0","0","1","0","0"
"POINT (10.240819413000054 53.477800199000058)","Unfall 7032 (2018) Kat:3, Licht: 2","7032","3","2","2","01","18","7","0","2","0","1","0","0"
"POINT (9.923497872000041 53.633511391000070)","Unfall 7046 (2018) Kat:3, Licht: 0","7046","3","3","3","03","11","6","0","0","0","1","0","0"
"POINT (9.965730413000074 53.553227024000080)","Unfall 7053 (2018) Kat:3, Licht: 0","7053","3","6","2","05","17","7","0","0","0","1","0","0"
"POINT (9.921484942000063 53.563918235000074)","Unfall 7054 (2018) Kat:3, Licht: 0","7054","3","6","2","04","13","7","0","0","0","1","0","0"
"POINT (10.003232133000040 53.592343239000058)","Unfall 7056 (2018) Kat:3, Licht: 0","7056","3","2","3","01","08","4","1","0","1","1","0","0"
"POINT (10.027245657000037 53.570112094000081)","Unfall 7066 (2018) Kat:3, Licht: 0","7066","3","6","2","02","11","4","0","0","0","1","0","0"
"POINT (10.024509703000035 53.542723190000061)","Unfall 7072 (2018) Kat:3, Licht: 0","7072","3","6","2","05","19","4","0","0","0","1","0","0"
"POINT (10.019716120000055 53.581676511000069)","Unfall 7077 (2018) Kat:3, Licht: 0","7077","3","6","2","03","12","6","0","0","0","1","0","0"
"POINT (9.943557647000034 53.648914929000057)","Unfall 7083 (2018) Kat:3, Licht: 0","7083","3","6","2","05","12","1","0","0","0","1","0","0"
"POINT (9.915099962000056 53.612873619000027)","Unfall 7084 (2018) Kat:3, Licht: 0","7084","3","6","3","04","09","2","0","0","0","1","0","0"
"POINT (9.894044653000037 53.566326306000065)","Unfall 7086 (2018) Kat:3, Licht: 2","7086","3","5","2","01","20","6","1","2","0","1","0","0"
"POINT (9.848725254000044 53.472737661000053)","Unfall 7097 (2018) Kat:3, Licht: 0","7097","3","6","2","02","11","6","1","0","0","1","0","0"
"POINT (10.120604068000034 53.566506615000037)","Unfall 7102 (2018) Kat:3, Licht: 2","7102","3","7","1","01","02","2","1","2","0","1","0","0"
"POINT (9.907256547000031 53.565802289000032)","Unfall 7103 (2018) Kat:3, Licht: 0","7103","3","7","0","05","16","6","0","0","1","0","0","0"
"POINT (9.987249387000077 53.451504581000052)","Unfall 7106 (2018) Kat:3, Licht: 0","7106","3","1","9","03","15","4","1","0","0","1","0","0"
"POINT (10.130295229000069 53.528146059000051)","Unfall 7116 (2018) Kat:2, Licht: 0","7116","2","6","2","02","13","3","0","0","0","1","0","0"
"POINT (10.058897758000057 53.550969981000037)","Unfall 7120 (2018) Kat:3, Licht: 0","7120","3","6","2","04","15","3","0","0","0","1","0","0"
"POINT (9.943872399000043 53.648949779000077)","Unfall 7123 (2018) Kat:3, Licht: 0","7123","3","6","2","03","15","3","0","0","0","1","0","0"
"POINT (9.920435799000074 53.563976596000032)","Unfall 7135 (2018) Kat:3, Licht: 0","7135","3","2","4","04","16","3","0","0","1","1","0","0"
"POINT (9.826887746000068 53.471000486000037)","Unfall 7137 (2018) Kat:3, Licht: 2","7137","3","4","5","01","18","4","0","2","0","1","1","0"
"POINT (9.916959071000065 53.470479296000065)","Unfall 7151 (2018) Kat:3, Licht: 0","7151","3","6","2","02","13","4","0","0","0","1","0","0"
"POINT (9.909795748000022 53.627388699000051)","Unfall 7157 (2018) Kat:3, Licht: 0","7157","3","2","3","05","06","3","0","0","1","0","0","0"
"POINT (10.014373559000035 53.589507163000064)","Unfall 7158 (2018) Kat:3, Licht: 0","7158","3","6","2","04","13","6","0","0","0","1","0","0"
"POINT (10.026114633000077 53.553725938000071)","Unfall 7160 (2018) Kat:3, Licht: 2","7160","3","6","2","01","18","3","1","2","0","1","0","0"
"POINT (10.029450010000062 53.568370757000082)","Unfall 7170 (2018) Kat:3, Licht: 0","7170","3","3","5","02","14","3","0","0","1","0","0","0"
"POINT (9.942809033000060 53.563350072000048)","Unfall 7175 (2018) Kat:3, Licht: 0","7175","3","5","1","05","08","4","0","0","1","1","0","0"
"POINT (9.915626352000061 53.542018549000034)","Unfall 7178 (2018) Kat:3, Licht: 0","7178","3","6","2","03","12","3","0","0","0","0","0","0"
"POINT (9.916060846000050 53.588985316000048)","Unfall 7188 (2018) Kat:3, Licht: 0","7188","3","6","3","04","09","3","0","0","0","1","0","0"
"POINT (9.908190914000045 53.620424271000047)","Unfall 7190 (2018) Kat:3, Licht: 0","7190","3","2","0","02","09","5","0","0","0","0","0","0"
"POINT (9.875253067000074 53.570659466000052)","Unfall 7196 (2018) Kat:3, Licht: 0","7196","3","7","0","03","16","4","0","0","1","0","0","0"
"POINT (9.945428700000036 53.471047645000056)","Unfall 7202 (2018) Kat:2, Licht: 2","7202","2","4","6","03","22","5","1","2","0","1","1","0"
"POINT (10.026411483000061 53.542334437000079)","Unfall 7203 (2018) Kat:3, Licht: 0","7203","3","6","2","03","11","3","0","0","0","1","0","0"
"POINT (10.179419365000058 53.507865264000031)","Unfall 7213 (2018) Kat:3, Licht: 2","7213","3","6","3","02","19","7","1","2","0","1","0","0"
"POINT (10.094989746000067 53.509294781000051)","Unfall 7219 (2018) Kat:2, Licht: 0","7219","2","7","1","03","16","6","0","0","0","1","0","0"
"POINT (9.915727906000029 53.541978833000030)","Unfall 7230 (2018) Kat:2, Licht: 2","7230","2","6","2","04","20","2","0","2","0","1","0","1"
"POINT (9.922450463000075 53.594416563000038)","Unfall 7232 (2018) Kat:3, Licht: 2","7232","3","3","5","01","03","4","1","2","0","1","0","0"
"POINT (10.037221922000072 53.561307027000055)","Unfall 7244 (2018) Kat:3, Licht: 0","7244","3","6","2","02","13","3","1","0","0","1","0","0"
"POINT (9.975342751000028 53.549461906000033)","Unfall 7250 (2018) Kat:3, Licht: 0","7250","3","6","1","05","17","3","1","0","0","1","0","0"
"POINT (9.886017433000063 53.472065889000078)","Unfall 7251 (2018) Kat:3, Licht: 2","7251","3","6","1","04","05","5","1","2","0","1","0","0"
"POINT (9.931857436000030 53.527003412000056)","Unfall 7252 (2018) Kat:3, Licht: 2","7252","3","6","3","01","06","6","1","2","0","1","0","0"
"POINT (10.028831050000065 53.535139195000056)","Unfall 7263 (2018) Kat:3, Licht: 0","7263","3","6","2","02","16","2","1","0","0","1","0","0"
"POINT (10.076845727000034 53.713806705000081)","Unfall 7268 (2018) Kat:2, Licht: 0","7268","2","1","0","04","11","1","0","0","0","0","0","1"
"POINT (9.933713428000033 53.583472629000028)","Unfall 7271 (2018) Kat:3, Licht: 2","7271","3","2","4","03","01","2","0","2","1","1","0","0"
"POINT (9.958931157000052 53.573856615000068)","Unfall 7281 (2018) Kat:3, Licht: 0","7281","3","6","2","04","18","2","0","0","0","1","0","0"
"POINT (10.034526098000072 53.506293772000049)","Unfall 7283 (2018) Kat:3, Licht: 1","7283","3","6","3","01","16","3","0","1","0","1","0","0"
"POINT (9.895845833000067 53.565826777000041)","Unfall 7289 (2018) Kat:3, Licht: 0","7289","3","6","3","03","16","2","1","0","0","1","0","0"
"POINT (9.923336680000034 53.595643739000081)","Unfall 7295 (2018) Kat:3, Licht: 0","7295","3","6","1","03","16","3","0","0","0","1","0","0"
"POINT (10.030310401000065 53.545441939000057)","Unfall 7302 (2018) Kat:2, Licht: 0","7302","2","7","6","05","17","4","0","0","1","0","1","0"
"POINT (9.915732085000059 53.587868246000028)","Unfall 7303 (2018) Kat:3, Licht: 0","7303","3","6","2","04","17","4","0","0","0","1","0","0"
"POINT (9.913804080000034 53.510948323000036)","Unfall 7305 (2018) Kat:2, Licht: 2","7305","2","1","3","01","19","2","1","2","0","1","0","0"
"POINT (9.913116988000070 53.510598800000082)","Unfall 7317 (2018) Kat:3, Licht: 2","7317","3","6","2","02","01","5","1","2","0","1","0","0"
"POINT (10.040840173000049 53.552595701000030)","Unfall 7322 (2018) Kat:3, Licht: 2","7322","3","2","4","01","20","5","1","2","0","1","0","0"
"POINT (9.932686302000036 53.470917051000072)","Unfall 7323 (2018) Kat:3, Licht: 0","7323","3","6","2","05","07","7","0","0","0","1","0","0"
"POINT (10.065246903000059 53.550286685000060)","Unfall 7326 (2018) Kat:3, Licht: 0","7326","3","6","2","03","10","7","1","0","0","1","0","0"
"POINT (10.090715375000059 53.508083941000052)","Unfall 7327 (2018) Kat:3, Licht: 0","7327","3","7","3","01","11","3","0","0","0","1","0","0"
"POINT (10.019744452000054 53.581616722000035)","Unfall 7336 (2018) Kat:3, Licht: 1","7336","3","6","2","04","19","6","0","1","0","1","0","0"
"POINT (10.028833305000035 53.547717950000049)","Unfall 7338 (2018) Kat:3, Licht: 1","7338","3","6","2","01","16","3","1","1","0","1","0","0"
"POINT (10.022576306000076 53.478176871000073)","Unfall 7350 (2018) Kat:3, Licht: 0","7350","3","6","2","02","15","6","0","0","0","1","0","0"
"POINT (9.959362368000029 53.574521139000069)","Unfall 7356 (2018) Kat:3, Licht: 0","7356","3","2","3","05","17","2","0","0","1","0","0","0"
"POINT (10.027881640000032 53.454484841000067)","Unfall 7358 (2018) Kat:3, Licht: 2","7358","3","6","2","04","02","3","1","2","0","1","0","0"
"POINT (9.910907677000068 53.632734962000029)","Unfall 7359 (2018) Kat:3, Licht: 2","7359","3","7","9","01","00","5","0","2","0","0","0","0"
"POINT (9.894542700000045 53.471728297000027)","Unfall 7370 (2018) Kat:3, Licht: 2","7370","3","7","3","02","18","7","0","2","0","1","0","0"
"POINT (9.923153847000037 53.519328678000079)","Unfall 7376 (2018) Kat:3, Licht: 0","7376","3","6","2","04","17","6","0","0","0","1","0","0"
"POINT (10.145407187000046 53.541044976000080)","Unfall 7379 (2018) Kat:2, Licht: 0","7379","2","6","2","03","14","7","0","0","0","1","0","0"
"POINT (9.916673896000077 53.589923452000050)","Unfall 7391 (2018) Kat:3, Licht: 0","7391","3","6","2","04","12","7","0","0","0","1","0","0"
"POINT (10.213126814000077 53.486474179000027)","Unfall 7393 (2018) Kat:3, Licht: 2","7393","3","6","2","01","17","2","1","2","0","1","0","0"
"POINT (9.957472851000034 53.647645436000062)","Unfall 7405 (2018) Kat:3, Licht: 2","7405","3","6","2","03","20","7","1","2","0","1","0","0"
"POINT (9.802347319000035 53.579503187000057)","Unfall 7412 (2018) Kat:3, Licht: 0","7412","3","2","4","05","17","2","0","0","0","1","0","0"
"POINT (9.910540657000070 53.638844340000048)","Unfall 7413 (2018) Kat:3, Licht: 0","7413","3","3","0","04","11","3","0","0","0","1","0","0"
"POINT (9.999187360000065 53.594517184000040)","Unfall 7415 (2018) Kat:3, Licht: 0","7415","3","6","2","01","15","1","1","0","0","1","0","0"
"POINT (9.979832896000062 53.549115659000051)","Unfall 7428 (2018) Kat:3, Licht: 2","7428","3","6","2","02","00","1","0","2","0","1","0","0"
"POINT (10.032123525000031 53.540531171000055)","Unfall 7433 (2018) Kat:2, Licht: 2","7433","2","2","5","01","16","3","0","2","1","1","0","0"
"POINT (10.027698600000065 53.549167724000029)","Unfall 7434 (2018) Kat:3, Licht: 0","7434","3","7","0","05","18","6","0","0","0","1","0","0"
"POINT (9.856168177000029 53.472011534000046)","Unfall 7437 (2018) Kat:3, Licht: 0","7437","3","6","2","03","16","5","0","0","0","1","0","0"
"POINT (9.912641293000036 53.565363972000057)","Unfall 7438 (2018) Kat:3, Licht: 0","7438","3","6","3","01","09","2","0","0","0","0","0","0"
"POINT (9.982965149000052 53.590023247000033)","Unfall 7449 (2018) Kat:2, Licht: 2","7449","2","3","5","02","17","4","0","2","1","1","0","0"
"POINT (10.138967964000074 53.532752595000034)","Unfall 7453 (2018) Kat:3, Licht: 0","7453","3","6","2","04","10","4","0","0","0","1","0","0"
"POINT (9.929224445000045 53.563487866000060)","Unfall 7456 (2018) Kat:3, Licht: 0","7456","3","6","1","03","11","4","0","0","0","1","0","0"
"POINT (10.034204032000048 53.494068317000028)","Unfall 7476 (2018) Kat:3, Licht: 0","7476","3","6","2","02","13","6","0","0","0","1","0","0"
"POINT (9.899978392000037 53.564966284000036)","Unfall 7480 (2018) Kat:3, Licht: 0","7480","3","6","1","04","11","5","1","0","0","1","0","0"
"POINT (9.933668658000045 53.532862043000080)","Unfall 7483 (2018) Kat:3, Licht: 0","7483","3","7","0","03","11","5","1","0","0","1","0","0"
"POINT (9.916455577000022 53.589639666000039)","Unfall 7495 (2018) Kat:3, Licht: 0","7495","3","1","0","04","17","6","0","0","0","0","0","1"
"POINT (9.888512174000027 53.567939876000082)","Unfall 7497 (2018) Kat:3, Licht: 0","7497","3","3","5","01","11","2","1","0","0","1","0","0"
"POINT (10.082299047000049 53.504418654000062)","Unfall 7509 (2018) Kat:3, Licht: 0","7509","3","6","0","05","17","5","0","0","0","1","0","1"
"POINT (9.920444111000052 53.563976133000040)","Unfall 7512 (2018) Kat:3, Licht: 2","7512","3","6","2","03","18","6","0","2","0","1","0","0"
"POINT (9.987314547000040 53.647038814000041)","Unfall 7519 (2018) Kat:2, Licht: 0","7519","2","1","9","05","07","7","0","0","0","1","0","0"
"POINT (9.950578897000071 53.562067349000074)","Unfall 7520 (2018) Kat:3, Licht: 0","7520","3","6","2","04","11","2","0","0","0","1","0","0"
"POINT (9.978314970000042 53.464753104000067)","Unfall 7522 (2018) Kat:3, Licht: 2","7522","3","2","2","01","18","5","1","2","0","1","0","0"
"POINT (9.958395468000049 53.573126860000059)","Unfall 7533 (2018) Kat:3, Licht: 0","7533","3","4","6","02","16","5","1","0","1","0","1","0"
"POINT (9.839902410000036 53.472274668000068)","Unfall 7539 (2018) Kat:3, Licht: 0","7539","3","2","4","05","18","5","0","0","0","1","0","0"
"POINT (9.966601540000056 53.594078854000031)","Unfall 7542 (2018) Kat:3, Licht: 0","7542","3","2","0","03","10","4","1","0","1","0","0","1"
"POINT (9.961245542000029 53.559520602000077)","Unfall 7553 (2018) Kat:3, Licht: 0","7553","3","5","1","02","13","3","0","0","1","1","0","0"
"POINT (10.010083701000042 53.620485417000054)","Unfall 7557 (2018) Kat:3, Licht: 0","7557","3","6","2","04","08","3","0","0","0","1","0","0"
"POINT (10.184633794000035 53.472885572000052)","Unfall 7560 (2018) Kat:3, Licht: 0","7560","3","6","2","03","07","2","0","0","0","1","0","0"
"POINT (9.971022049000055 53.550274582000043)","Unfall 7571 (2018) Kat:3, Licht: 2","7571","3","6","3","04","22","3","0","2","0","1","0","0"
"POINT (9.936129229000073 53.438248126000076)","Unfall 7573 (2018) Kat:3, Licht: 0","7573","3","2","2","01","09","4","1","0","0","1","0","0"
"POINT (9.986054206000063 53.547809491000066)","Unfall 7585 (2018) Kat:3, Licht: 0","7585","3","6","2","02","17","4","1","0","0","1","0","0"
"POINT (9.968494506000070 53.586350720000041)","Unfall 7592 (2018) Kat:3, Licht: 0","7592","3","2","3","05","05","3","0","0","1","1","0","0"
"POINT (9.983939616000043 53.593228362000048)","Unfall 7593 (2018) Kat:3, Licht: 0","7593","3","6","1","04","07","6","0","0","0","1","0","0"
"POINT (9.877551054000037 53.569839194000053)","Unfall 7595 (2018) Kat:3, Licht: 2","7595","3","3","5","01","18","3","1","2","0","1","0","0"
"POINT (9.969530970000051 53.583991253000079)","Unfall 7599 (2018) Kat:3, Licht: 0","7599","3","2","4","04","06","4","0","0","0","1","0","1"
"POINT (9.972418073000029 53.466608588000042)","Unfall 7601 (2018) Kat:3, Licht: 0","7601","3","1","1","01","10","5","0","0","0","1","0","0"
"POINT (10.017422180000040 53.545181576000061)","Unfall 7615 (2018) Kat:3, Licht: 0","7615","3","7","8","03","07","5","0","0","0","1","0","0"
"POINT (10.157223721000037 53.478499342000077)","Unfall 7622 (2018) Kat:2, Licht: 0","7622","2","6","2","05","08","4","0","0","0","1","0","0"
"POINT (9.987663334000047 53.603413075000049)","Unfall 7623 (2018) Kat:3, Licht: 0","7623","3","3","5","04","08","7","0","0","0","1","0","0"
"POINT (9.870081612000035 53.571178842000052)","Unfall 7625 (2018) Kat:3, Licht: 2","7625","3","4","6","01","08","4","1","2","0","1","1","0"
"POINT (9.952915766000047 53.613070366000045)","Unfall 7635 (2018) Kat:3, Licht: 0","7635","3","3","5","02","15","4","0","0","1","1","0","0"
"POINT (9.754291102000025 53.583325289000072)","Unfall 7641 (2018) Kat:3, Licht: 0","7641","3","6","1","05","13","4","0","0","0","1","0","0"
"POINT (9.918458578000070 53.591367377000040)","Unfall 7644 (2018) Kat:3, Licht: 0","7644","3","6","2","03","14","3","0","0","0","1","0","0"
"POINT (10.049707829000056 53.552043725000033)","Unfall 7654 (2018) Kat:3, Licht: 2","7654","3","6","2","02","19","6","1","2","0","1","0","0"
"POINT (9.928617947000021 53.592445371000053)","Unfall 7660 (2018) Kat:3, Licht: 0","7660","3","1","0","03","10","5","0","0","0","0","0","1"
"POINT (10.167118464000055 53.514403734000041)","Unfall 7666 (2018) Kat:2, Licht: 0","7666","2","5","6","03","08","6","0","0","0","0","1","0"
"POINT (9.954068992000032 53.570932263000032)","Unfall 7673 (2018) Kat:3, Licht: 0","7673","3","6","2","04","15","2","1","0","0","1","0","0"
"POINT (9.984302127000035 53.601008783000054)","Unfall 7675 (2018) Kat:3, Licht: 1","7675","3","2","2","01","08","4","1","1","0","1","0","0"
"POINT (9.943393344000072 53.620842305000053)","Unfall 7687 (2018) Kat:1, Licht: 2","7687","1","1","9","02","06","1","0","2","0","1","0","0"
"POINT (10.165154907000044 53.476116703000059)","Unfall 7693 (2018) Kat:3, Licht: 0","7693","3","6","2","05","07","2","0","0","0","1","0","0"
"POINT (9.999093077000055 53.508111779000046)","Unfall 7694 (2018) Kat:3, Licht: 0","7694","3","6","2","04","07","4","0","0","0","1","0","0"
"POINT (9.906349523000074 53.565729505000036)","Unfall 7695 (2018) Kat:3, Licht: 0","7695","3","3","6","01","11","6","0","0","0","1","1","0"
"POINT (9.983923866000055 53.596694737000064)","Unfall 7706 (2018) Kat:2, Licht: 2","7706","2","7","0","02","20","2","2","2","1","0","0","0"
"POINT (9.962839563000046 53.469495916000028)","Unfall 7711 (2018) Kat:3, Licht: 1","7711","3","2","5","04","04","6","1","1","0","0","0","0"
"POINT (9.927966640000022 53.641012409000041)","Unfall 7714 (2018) Kat:3, Licht: 0","7714","3","3","3","03","14","2","0","0","0","1","0","0"
"POINT (10.181881220000037 53.473019070000078)","Unfall 7724 (2018) Kat:3, Licht: 0","7724","3","6","0","04","13","1","0","0","0","1","0","0"
"POINT (9.986781225000073 53.603313988000082)","Unfall 7726 (2018) Kat:3, Licht: 0","7726","3","2","3","01","14","3","0","0","1","1","0","0"
"POINT (9.972017026000060 53.549953885000036)","Unfall 7733 (2018) Kat:3, Licht: 0","7733","3","6","3","02","13","3","0","0","0","1","0","0"
"POINT (9.945011327000032 53.563697022000042)","Unfall 7738 (2018) Kat:3, Licht: 2","7738","3","5","0","05","21","3","0","2","1","1","0","0"
"POINT (9.986931680000055 53.547665251000069)","Unfall 7741 (2018) Kat:3, Licht: 0","7741","3","6","2","03","16","3","0","0","0","1","0","1"
"POINT (9.885705036000047 53.472078592000059)","Unfall 7751 (2018) Kat:3, Licht: 0","7751","3","6","2","04","18","2","0","0","0","1","0","0"
"POINT (9.966456474000040 53.552616922000027)","Unfall 7753 (2018) Kat:3, Licht: 0","7753","3","3","0","02","12","5","0","0","1","0","0","0"
"POINT (9.947956701000067 53.441906731000074)","Unfall 7759 (2018) Kat:2, Licht: 0","7759","2","7","8","03","12","3","0","0","0","1","0","0"
"POINT (9.931502330000058 53.645897716000036)","Unfall 7765 (2018) Kat:3, Licht: 0","7765","3","6","2","03","15","5","0","0","0","1","0","0"
"POINT (9.959862247000046 53.560101576000079)","Unfall 7772 (2018) Kat:3, Licht: 0","7772","3","3","5","04","08","6","0","0","1","0","1","0"
"POINT (9.917842567000037 53.542157645000032)","Unfall 7774 (2018) Kat:3, Licht: 2","7774","3","6","2","01","07","3","0","2","0","1","0","0"
"POINT (9.915327776000027 53.612596356000040)","Unfall 7786 (2018) Kat:3, Licht: 0","7786","3","6","3","02","09","6","0","0","0","1","0","0"
"POINT (9.893203763000031 53.471787285000062)","Unfall 7792 (2018) Kat:2, Licht: 0","7792","2","4","6","01","12","6","1","0","0","1","1","0"
"POINT (10.028686891000063 53.487362780000069)","Unfall 7793 (2018) Kat:3, Licht: 0","7793","3","6","2","05","14","1","0","0","0","1","0","0"
"POINT (9.989983781000035 53.593114951000075)","Unfall 7796 (2018) Kat:3, Licht: 0","7796","3","7","3","04","08","3","1","0","0","1","0","0"
"POINT (10.031894315000045 53.543449451000072)","Unfall 7797 (2018) Kat:3, Licht: 2","7797","3","6","2","01","22","4","0","2","0","1","0","0"
"POINT (10.039543258000037 53.557602380000048)","Unfall 7808 (2018) Kat:3, Licht: 0","7808","3","7","0","02","15","7","1","0","0","0","1","0"
"POINT (9.986608780000040 53.547717355000032)","Unfall 7813 (2018) Kat:3, Licht: 0","7813","3","6","3","04","10","6","0","0","0","1","0","0"
"POINT (10.027714914000057 53.548760920000063)","Unfall 7816 (2018) Kat:3, Licht: 0","7816","3","6","3","03","13","6","0","0","0","1","0","0"
"POINT (9.924754447000055 53.637077703000045)","Unfall 7828 (2018) Kat:3, Licht: 0","7828","3","6","2","04","12","7","0","0","0","1","0","0"
"POINT (10.024848634000023 53.542656102000080)","Unfall 7830 (2018) Kat:3, Licht: 0","7830","3","6","2","01","14","2","1","0","0","1","0","0"
"POINT (10.019048790000056 53.544423437000034)","Unfall 7842 (2018) Kat:3, Licht: 0","7842","3","6","2","03","15","6","0","0","0","1","0","0"
"POINT (9.997993657000052 53.594396864000032)","Unfall 7849 (2018) Kat:3, Licht: 0","7849","3","6","4","05","15","1","0","0","1","0","0","0"
"POINT (10.153152242000033 53.556453900000065)","Unfall 7850 (2018) Kat:3, Licht: 0","7850","3","1","8","04","07","2","0","0","0","1","0","0"
"POINT (9.985712750000062 53.547879279000028)","Unfall 7852 (2018) Kat:3, Licht: 2","7852","3","6","2","01","18","7","1","2","0","1","0","0"
"POINT (9.949971973000061 53.617788771000050)","Unfall 7866 (2018) Kat:3, Licht: 2","7866","3","1","8","03","05","1","1","2","0","1","0","0"
"POINT (9.941480494000075 53.648686823000048)","Unfall 7872 (2018) Kat:2, Licht: 0","7872","2","3","5","03","16","2","0","0","0","1","0","1"
"POINT (9.822836017000043 53.576450310000041)","Unfall 7878 (2018) Kat:3, Licht: 0","7878","3","2","5","05","13","4","0","0","1","1","0","0"
"POINT (9.980268909000074 53.549031053000078)","Unfall 7879 (2018) Kat:3, Licht: 2","7879","3","7","0","04","01","4","0","2","1","0","0","0"