WKT,Name,OBJECTID,UKATEGORIE,UTYP1,UART,UMONAT,USTUNDE,UWOCHENTAG,STRZUSTAND,ULICHTVERH,ISTRAD,ISTPKW,ISTFUSS,ISTKRAD
"POINT (9.986995513000068 53.547655448000057)","Unfall 7881 (2018) Kat:3, Licht: 0","7881","3","6","2","01","13","2","1","0","0","1","0","0"
"POINT (9.881355443000075 53.472081305000074)","Unfall 7893 (2018) Kat:2, Licht: 0","7893","2","2","2","02","07","3","0","0","0","1","0","0"
"POINT (9.822845232000077 53.576449176000040)","Unfall 7898 (2018) Kat:3, Licht: 0","7898","3","2","6","01","15","4","1","0","0","1","1","0"
"POINT (9.937111908000077 53.563711666000074)","Unfall 7899 (2018) Kat:3, Licht: 0","7899","3","6","2","05","10","7","0","0","0","1","0","0"
"POINT (9.964479640000036 53.555767971000080)","Unfall 7902 (2018) Kat:3, Licht: 2","7902","3","6","3","03","04","7","0","2","0","1","0","0"
"POINT (10.022996692000049 53.473609357000043)","Unfall 7903 (2018) Kat:3, Licht: 2","7903","3","6","2","01","05","2","1","2","0","1","0","0"
"POINT (9.922368539000047 53.600626329000079)","Unfall 7914 (2018) Kat:3, Licht: 2","7914","3","6","3","02","19","6","0","2","0","1","0","0"
"POINT (9.963532139000051 53.579276353000068)","Unfall 7918 (2018) Kat:3, Licht: 0","7918","3","2","5","04","14","5","1","0","1","1","0","0"
"POINT (9.944081853000057 53.568769549000081)","Unfall 7921 (2018) Kat:3, Licht: 2","7921","3","3","5","03","20","5","0","2","1","1","0","0"
"POINT (10.072318218000021 53.508186730000034)","Unfall 7932 (2018) Kat:2, Licht: 0","7932","2","6","2","04","17","5","0","0","0","1","0","0"
"POINT (9.959313902000076 53.574440950000053)","Unfall 7934 (2018) Kat:3, Licht: 2","7934","3","6","2","01","17","1","1","2","0","1","0","0"
"POINT (10.240721890000032 53.475629475000062)","Unfall 7946 (2018) Kat:2, Licht: 0","7946","2","1","0","05","10","4","0","0","0","0","0","1"
"POINT (9.930488672000024 53.646979126000076)","Unfall 7949 (2018) Kat:3, Licht: 0","7949","3","6","2","03","12","6","0","0","0","1","0","0"
"POINT (9.939334578000057 53.563638495000077)","Unfall 7955 (2018) Kat:3, Licht: 0","7955","3","3","2","05","12","7","0","0","0","1","0","0"
"POINT (9.947254080000050 53.470942551000064)","Unfall 7956 (2018) Kat:2, Licht: 0","7956","2","6","3","04","11","7","0","0","0","1","0","0"
"POINT (10.032205391000048 53.540498326000034)","Unfall 7958 (2018) Kat:3, Licht: 2","7958","3","2","2","01","18","5","2","2","0","1","0","0"
"POINT (10.086132593000059 53.543931300000054)","Unfall 7968 (2018) Kat:3, Licht: 0","7968","3","6","2","02","09","4","0","0","0","1","0","0"
"POINT (9.977945689000023 53.414885275000074)","Unfall 7974 (2018) Kat:1, Licht: 0","7974","1","6","2","05","09","4","0","0","0","1","0","0"
"POINT (10.030443398000045 53.545271142000047)","Unfall 7977 (2018) Kat:3, Licht: 0","7977","3","3","5","03","17","3","0","0","0","1","0","0"
"POINT (9.934666438000022 53.580439009000031)","Unfall 7987 (2018) Kat:2, Licht: 0","7987","2","3","5","02","08","2","0","0","1","1","0","0"
"POINT (9.922849986000074 53.596001169000033)","Unfall 7996 (2018) Kat:3, Licht: 2","7996","3","2","3","02","17","7","0","2","0","1","0","0"
"POINT (9.982617819000041 53.589731273000041)","Unfall 8001 (2018) Kat:3, Licht: 0","8001","3","3","5","01","12","3","0","0","1","1","0","0"
"POINT (9.869874034000077 53.571188103000054)","Unfall 8002 (2018) Kat:3, Licht: 0","8002","3","5","1","05","14","6","0","0","1","1","0","0"
"POINT (9.907688925000059 53.647337918000062)","Unfall 8005 (2018) Kat:3, Licht: 0","8005","3","4","0","03","12","5","1","0","0","1","1","0"
"POINT (10.202188654000054 53.491271298000072)","Unfall 8016 (2018) Kat:3, Licht: 0","8016","3","6","2","02","15","3","0","0","0","1","0","0"
"POINT (10.057523775000050 53.509283429000050)","Unfall 8020 (2018) Kat:3, Licht: 0","8020","3","6","3","04","16","3","0","0","0","1","0","0"
"POINT (9.957094306000045 53.610923527000068)","Unfall 8023 (2018) Kat:3, Licht: 0","8023","3","2","5","03","07","3","1","0","1","1","0","0"
"POINT (10.024812781000037 53.542663199000060)","Unfall 8034 (2018) Kat:3, Licht: 0","8034","3","6","2","04","16","3","0","0","0","1","0","0"
"POINT (10.160333232000028 53.477480705000062)","Unfall 8036 (2018) Kat:3, Licht: 2","8036","3","6","2","01","07","5","1","2","0","1","0","0"
"POINT (9.969497030000071 53.584204617000069)","Unfall 8050 (2018) Kat:3, Licht: 0","8050","3","6","0","03","09","5","0","0","0","1","0","0"
"POINT (9.832607047000067 53.471560376000070)","Unfall 8056 (2018) Kat:3, Licht: 0","8056","3","7","0","05","12","3","0","0","1","0","0","0"
"POINT (10.050239424000040 53.551977765000061)","Unfall 8057 (2018) Kat:3, Licht: 0","8057","3","6","1","04","09","6","0","0","0","1","0","0"
"POINT (9.963929732000054 53.469267516000059)","Unfall 8059 (2018) Kat:3, Licht: 2","8059","3","6","1","01","16","3","1","2","0","1","0","0"
"POINT (10.033526270000038 53.541665640000076)","Unfall 8069 (2018) Kat:3, Licht: 2","8069","3","6","3","02","06","3","1","2","0","1","0","0"
"POINT (9.948355775000039 53.649591469000029)","Unfall 8074 (2018) Kat:3, Licht: 0","8074","3","3","5","05","06","4","0","0","1","0","0","0"
"POINT (9.899321124000039 53.562876186000040)","Unfall 8077 (2018) Kat:3, Licht: 0","8077","3","6","2","03","13","3","0","0","0","1","0","0"
"POINT (10.034343100000058 53.564075803000037)","Unfall 8087 (2018) Kat:2, Licht: 0","8087","2","2","5","04","16","3","1","0","1","0","0","0"
"POINT (9.922846387000050 53.594982778000031)","Unfall 8089 (2018) Kat:3, Licht: 0","8089","3","6","3","02","08","5","0","0","0","1","0","0"
"POINT (9.967188708000037 53.552067814000054)","Unfall 8095 (2018) Kat:3, Licht: 0","8095","3","2","6","03","17","5","0","0","0","0","1","0"
"POINT (9.970913579000069 53.550327752000044)","Unfall 8101 (2018) Kat:3, Licht: 0","8101","3","4","6","03","15","6","0","0","0","1","1","0"
"POINT (10.031987705000063 53.543327725000040)","Unfall 8107 (2018) Kat:3, Licht: 0","8107","3","2","4","04","13","6","1","0","0","1","0","0"
"POINT (10.028350111000066 53.547966282000061)","Unfall 8110 (2018) Kat:3, Licht: 2","8110","3","6","2","01","18","3","1","2","0","1","0","0"
"POINT (10.022226706000026 53.477935158000037)","Unfall 8122 (2018) Kat:3, Licht: 0","8122","3","6","3","02","14","6","0","0","0","1","0","0"
"POINT (9.950942790000056 53.572283462000030)","Unfall 8123 (2018) Kat:2, Licht: 2","8123","2","7","3","03","21","7","0","2","0","1","0","0"
"POINT (9.876290458000028 53.570296559000042)","Unfall 8133 (2018) Kat:3, Licht: 0","8133","3","2","5","04","17","2","1","0","1","1","0","0"
"POINT (10.040659581000057 53.554326235000076)","Unfall 8135 (2018) Kat:3, Licht: 0","8135","3","3","5","01","15","4","0","0","0","1","0","0"
"POINT (10.055643052000050 53.551327604000051)","Unfall 8147 (2018) Kat:3, Licht: 2","8147","3","6","3","02","19","3","2","2","0","1","0","0"
"POINT (9.956716735000043 53.560917521000079)","Unfall 8153 (2018) Kat:3, Licht: 0","8153","3","6","2","05","11","3","0","0","0","1","0","1"
"POINT (9.842465226000059 53.472556288000078)","Unfall 8154 (2018) Kat:3, Licht: 0","8154","3","3","5","04","12","5","0","0","1","1","0","0"
"POINT (10.002129169000057 53.547428653000054)","Unfall 8155 (2018) Kat:3, Licht: 0","8155","3","6","2","01","13","2","0","0","0","1","0","0"
"POINT (10.069898153000054 53.508830607000050)","Unfall 8166 (2018) Kat:3, Licht: 0","8166","3","6","2","02","09","2","1","0","0","1","0","0"
"POINT (9.907969979000029 53.619562378000069)","Unfall 8171 (2018) Kat:3, Licht: 1","8171","3","6","2","04","20","2","0","1","0","1","0","0"
"POINT (10.026549557000067 53.551409232000026)","Unfall 8174 (2018) Kat:3, Licht: 1","8174","3","6","2","03","06","2","0","1","0","1","0","0"
"POINT (10.033444266000060 53.540818411000032)","Unfall 8184 (2018) Kat:3, Licht: 0","8184","3","6","2","04","08","2","0","0","0","0","0","1"
"POINT (9.838499427000045 53.472161139000036)","Unfall 8186 (2018) Kat:3, Licht: 0","8186","3","7","6","01","14","3","0","0","0","1","1","0"
"POINT (10.033324854000057 53.512109024000040)","Unfall 8192 (2018) Kat:2, Licht: 2","8192","2","6","2","03","18","2","1","2","0","1","0","0"
"POINT (9.928154076000055 53.523625636000077)","Unfall 8198 (2018) Kat:3, Licht: 0","8198","3","6","3","03","13","4","1","0","0","1","0","0"
"POINT (10.032421249000038 53.491928219000044)","Unfall 8204 (2018) Kat:3, Licht: 0","8204","3","6","3","04","17","4","0","0","0","1","0","0"
"POINT (9.964060307000068 53.557291591000080)","Unfall 8206 (2018) Kat:3, Licht: 1","8206","3","6","2","01","17","3","1","1","0","1","0","0"
"POINT (9.883888014000036 53.472114762000047)","Unfall 8218 (2018) Kat:2, Licht: 0","8218","2","6","2","02","16","5","0","0","0","1","0","0"
"POINT (10.097291107000046 53.509726996000040)","Unfall 8224 (2018) Kat:2, Licht: 2","8224","2","6","2","01","19","5","1","2","0","1","0","0"
"POINT (9.988334013000042 53.547424439000054)","Unfall 8225 (2018) Kat:3, Licht: 0","8225","3","6","2","05","16","1","0","0","0","1","0","0"
"POINT (9.945397054000068 53.471049862000029)","Unfall 8229 (2018) Kat:3, Licht: 0","8229","3","2","6","03","11","7","1","0","0","1","1","0"
"POINT (9.823542671000041 53.576352454000073)","Unfall 8230 (2018) Kat:3, Licht: 0","8230","3","2","4","01","14","4","0","0","1","1","0","0"
"POINT (9.870933685000068 53.571145136000041)","Unfall 8241 (2018) Kat:3, Licht: 0","8241","3","3","0","02","11","7","0","0","0","1","0","1"
"POINT (9.998280036000040 53.594419194000068)","Unfall 8245 (2018) Kat:3, Licht: 0","8245","3","3","5","04","18","5","1","0","1","1","0","0"
"POINT (9.921671402000072 53.518160529000056)","Unfall 8248 (2018) Kat:3, Licht: 2","8248","3","1","9","03","22","5","1","2","0","1","0","0"
"POINT (9.813499011000033 53.577737810000031)","Unfall 8251 (2018) Kat:3, Licht: 0","8251","3","2","5","06","14","6","0","0","0","1","0","0"
"POINT (10.083022347000053 53.504244049000079)","Unfall 8252 (2018) Kat:2, Licht: 0","8252","2","6","2","09","09","7","0","0","0","1","0","0"
"POINT (9.879663031000064 53.472022621000065)","Unfall 8253 (2018) Kat:3, Licht: 0","8253","3","6","2","06","15","6","0","0","0","1","0","0"
"POINT (9.944100263000053 53.569016366000028)","Unfall 8256 (2018) Kat:3, Licht: 2","8256","3","1","8","11","00","3","1","2","0","1","0","0"
"POINT (9.938624103000052 53.625061536000032)","Unfall 8257 (2018) Kat:3, Licht: 2","8257","3","1","8","12","21","5","1","2","0","1","0","0"
"POINT (9.863264588000050 53.471440335000068)","Unfall 8258 (2018) Kat:3, Licht: 0","8258","3","2","4","10","15","4","0","0","1","1","0","0"
"POINT (9.983353893000071 53.590049325000052)","Unfall 8259 (2018) Kat:3, Licht: 0","8259","3","2","4","07","16","1","0","0","0","1","0","0"
"POINT (9.931421699000055 53.563446959000032)","Unfall 8260 (2018) Kat:3, Licht: 0","8260","3","2","5","08","18","2","0","0","1","1","0","0"
"POINT (10.005106744000045 53.591899382000065)","Unfall 8261 (2018) Kat:3, Licht: 0","8261","3","1","0","09","09","5","0","0","1","0","0","0"
"POINT (9.917459266000037 53.542030193000073)","Unfall 8262 (2018) Kat:3, Licht: 2","8262","3","6","2","06","08","6","1","2","0","1","0","0"
"POINT (10.032119201000057 53.561862334000068)","Unfall 8263 (2018) Kat:2, Licht: 2","8263","2","3","5","08","00","5","0","2","1","1","0","0"
"POINT (9.962208654000051 53.558937207000042)","Unfall 8266 (2018) Kat:3, Licht: 0","8266","3","6","3","11","15","6","0","0","0","1","0","0"
"POINT (9.937240749000068 53.577390639000043)","Unfall 8267 (2018) Kat:3, Licht: 0","8267","3","2","3","06","16","6","0","0","1","1","0","0"
"POINT (9.934990839000022 53.436672121000072)","Unfall 8268 (2018) Kat:3, Licht: 0","8268","3","6","2","10","08","4","0","0","0","1","0","0"
"POINT (10.092602176000071 53.507782627000040)","Unfall 8269 (2018) Kat:3, Licht: 2","8269","3","7","9","06","22","5","1","2","0","1","0","0"
"POINT (10.040708073000076 53.552644634000046)","Unfall 8270 (2018) Kat:3, Licht: 1","8270","3","2","4","07","22","6","0","1","0","1","0","0"
"POINT (10.028133010000033 53.569405894000056)","Unfall 8271 (2018) Kat:3, Licht: 0","8271","3","2","2","11","13","4","0","0","0","1","0","0"
"POINT (9.962061818000052 53.577814246000059)","Unfall 8272 (2018) Kat:3, Licht: 0","8272","3","3","5","08","09","5","0","0","1","0","0","0"
"POINT (9.923680043000047 53.467819831000043)","Unfall 8273 (2018) Kat:3, Licht: 0","8273","3","6","3","12","10","2","0","0","0","1","0","0"
"POINT (9.948008303000052 53.573398935000057)","Unfall 8275 (2018) Kat:3, Licht: 0","8275","3","6","3","10","17","7","0","0","0","1","0","0"
"POINT (10.011029572000041 53.547864660000073)","Unfall 8276 (2018) Kat:3, Licht: 0","8276","3","4","6","06","14","5","1","0","0","0","1","0"
"POINT (10.037715467000055 53.506559262000053)","Unfall 8277 (2018) Kat:3, Licht: 0","8277","3","7","0","08","09","7","0","0","0","1","0","0"
"POINT (9.917524444000037 53.542002884000055)","Unfall 8278 (2018) Kat:3, Licht: 0","8278","3","6","2","09","17","6","0","0","0","1","0","0"
"POINT (9.910472093000067 53.639054382000040)","Unfall 8279 (2018) Kat:3, Licht: 0","8279","3","3","0","06","14","5","1","0","1","1","0","0"
"POINT (10.019384749000039 53.582572315000050)","Unfall 8280 (2018) Kat:2, Licht: 0","8280","2","6","4","07","11","4","0","0","1","0","0","0"
"POINT (9.975504135000051 53.465625987000067)","Unfall 8282 (2018) Kat:2, Licht: 2","8282","2","2","5","11","20","6","0","2","0","1","0","0"
"POINT (10.032263227000044 53.543333198000028)","Unfall 8283 (2018) Kat:3, Licht: 2","8283","3","2","4","12","18","5","0","2","0","1","0","0"
"POINT (10.166224181000075 53.514759160000040)","Unfall 8284 (2018) Kat:3, Licht: 0","8284","3","6","1","07","11","5","0","0","0","1","0","0"
"POINT (9.972983381000063 53.549796814000047)","Unfall 8285 (2018) Kat:3, Licht: 0","8285","3","6","3","08","20","7","0","0","0","1","0","0"
"POINT (10.000021471000025 53.594374710000068)","Unfall 8286 (2018) Kat:3, Licht: 0","8286","3","6","2","09","17","5","0","0","0","1","0","0"
"POINT (9.837129495000056 53.472024140000030)","Unfall 8287 (2018) Kat:2, Licht: 0","8287","2","7","3","06","15","4","0","0","0","1","0","0"
"POINT (9.966314588000046 53.595530662000044)","Unfall 8288 (2018) Kat:3, Licht: 0","8288","3","7","0","09","15","4","0","0","1","0","0","0"
"POINT (9.901476284000069 53.564817417000029)","Unfall 8291 (2018) Kat:3, Licht: 2","8291","3","3","5","11","18","2","1","2","0","1","0","1"
"POINT (10.038879439000027 53.559265533000030)","Unfall 8292 (2018) Kat:3, Licht: 0","8292","3","6","2","12","08","3","1","0","0","1","0","0"
"POINT (9.997548985000037 53.497829474000071)","Unfall 8293 (2018) Kat:3, Licht: 0","8293","3","6","4","10","10","2","0","0","0","1","0","0"
"POINT (10.028402293000056 53.534194305000028)","Unfall 8294 (2018) Kat:3, Licht: 0","8294","3","6","4","07","09","5","0","0","1","0","0","0"
"POINT (10.212101678000067 53.486830543000053)","Unfall 8295 (2018) Kat:3, Licht: 0","8295","3","4","6","08","14","4","0","0","0","1","1","0"
"POINT (10.010333820000028 53.621051071000068)","Unfall 8298 (2018) Kat:3, Licht: 0","8298","3","6","2","11","14","3","0","0","0","1","0","0"
"POINT (9.914020317000052 53.492327539000030)","Unfall 8299 (2018) Kat:3, Licht: 0","8299","3","6","2","06","08","4","0","0","0","0","0","0"
"POINT (10.027871122000022 53.518866199000058)","Unfall 8300 (2018) Kat:2, Licht: 0","8300","2","6","0","10","13","7","0","0","0","1","0","1"
"POINT (10.005359603000045 53.591841726000041)","Unfall 8301 (2018) Kat:3, Licht: 0","8301","3","6","2","06","12","4","0","0","0","1","0","0"
"POINT (10.171483889000058 53.512208486000077)","Unfall 8302 (2018) Kat:2, Licht: 0","8302","2","7","2","07","18","3","0","0","0","1","0","1"
"POINT (10.130726403000040 53.528226835000055)","Unfall 8304 (2018) Kat:3, Licht: 2","8304","3","3","3","11","18","6","0","2","0","1","0","0"
"POINT (10.014126914000030 53.589606165000077)","Unfall 8305 (2018) Kat:3, Licht: 2","8305","3","7","4","08","21","7","0","2","0","1","0","1"
"POINT (9.928922424000064 53.592271411000070)","Unfall 8306 (2018) Kat:3, Licht: 0","8306","3","6","2","12","10","5","1","0","0","1","0","0"
"POINT (10.026981375000048 53.556095805000041)","Unfall 8308 (2018) Kat:3, Licht: 0","8308","3","3","5","10","15","4","0","0","1","0","0","0"
"POINT (10.003153782000027 53.547390643000028)","Unfall 8309 (2018) Kat:3, Licht: 0","8309","3","6","4","06","15","4","0","0","1","0","1","0"
"POINT (9.924091949000058 53.595097519000035)","Unfall 8310 (2018) Kat:3, Licht: 0","8310","3","3","4","08","10","5","0","0","0","1","0","0"
"POINT (10.050567826000076 53.509412729000076)","Unfall 8311 (2018) Kat:3, Licht: 0","8311","3","6","3","08","13","3","0","0","0","1","0","0"
"POINT (10.052483856000038 53.509584590000031)","Unfall 8312 (2018) Kat:3, Licht: 0","8312","3","6","2","09","08","3","0","0","0","1","0","0"
"POINT (9.915052834000051 53.478436391000059)","Unfall 8313 (2018) Kat:3, Licht: 2","8313","3","6","3","06","22","3","0","2","0","1","0","0"
"POINT (10.137827602000073 53.531943257000080)","Unfall 8314 (2018) Kat:3, Licht: 0","8314","3","6","3","07","14","2","0","0","0","1","0","0"
"POINT (9.933321453000076 53.434058542000059)","Unfall 8315 (2018) Kat:3, Licht: 0","8315","3","2","2","10","12","3","0","0","0","1","0","0"
"POINT (10.019354779000025 53.517604211000048)","Unfall 8316 (2018) Kat:3, Licht: 0","8316","3","6","1","06","16","3","0","0","0","0","0","0"
"POINT (9.983961438000051 53.592694331000075)","Unfall 8317 (2018) Kat:3, Licht: 0","8317","3","6","2","07","08","5","0","0","0","1","0","0"
"POINT (9.933080850000067 53.534057881000081)","Unfall 8319 (2018) Kat:3, Licht: 0","8319","3","6","3","11","15","1","0","0","0","1","0","0"
"POINT (9.913071984000055 53.619133730000044)","Unfall 8320 (2018) Kat:3, Licht: 0","8320","3","6","2","08","11","2","0","0","0","0","0","0"
"POINT (9.983927789000063 53.595751277000033)","Unfall 8321 (2018) Kat:3, Licht: 2","8321","3","7","4","12","18","7","1","2","0","1","0","0"
"POINT (10.028307876000042 53.487002031000031)","Unfall 8323 (2018) Kat:3, Licht: 0","8323","3","6","2","10","17","5","0","0","0","1","0","0"
"POINT (10.140738607000060 53.483022207000033)","Unfall 8324 (2018) Kat:3, Licht: 0","8324","3","6","3","06","15","3","0","0","0","1","0","0"
"POINT (9.956524239000032 53.611207163000074)","Unfall 8325 (2018) Kat:3, Licht: 0","8325","3","7","0","08","13","6","0","0","1","0","0","0"
"POINT (10.023665277000021 53.573113063000051)","Unfall 8326 (2018) Kat:3, Licht: 0","8326","3","3","6","08","16","5","0","0","1","0","1","0"
"POINT (9.943083364000074 53.572706886000049)","Unfall 8327 (2018) Kat:3, Licht: 0","8327","3","6","2","09","08","5","0","0","0","1","0","1"
"POINT (10.026489377000075 53.554758791000040)","Unfall 8328 (2018) Kat:3, Licht: 0","8328","3","6","1","06","07","6","0","0","0","1","0","0"
"POINT (10.115171191000059 53.566136707000055)","Unfall 8329 (2018) Kat:3, Licht: 0","8329","3","6","2","06","16","3","0","0","0","1","0","0"
"POINT (10.000358963000053 53.593474290000074)","Unfall 8330 (2018) Kat:3, Licht: 0","8330","3","3","5","07","11","3","0","0","1","1","0","0"
"POINT (10.031605244000048 53.543791653000028)","Unfall 8331 (2018) Kat:3, Licht: 0","8331","3","6","3","06","13","5","0","0","0","1","0","0"
"POINT (9.929841784000075 53.536987276000048)","Unfall 8333 (2018) Kat:3, Licht: 0","8333","3","6","3","11","08","6","0","0","0","1","0","0"
"POINT (9.918897355000070 53.591922970000041)","Unfall 8334 (2018) Kat:3, Licht: 2","8334","3","6","3","12","05","4","1","2","0","1","0","0"
"POINT (9.920182872000055 53.604854528000033)","Unfall 8335 (2018) Kat:3, Licht: 0","8335","3","6","2","10","11","2","0","0","0","0","0","0"
"POINT (9.966630031000022 53.468434915000046)","Unfall 8336 (2018) Kat:3, Licht: 0","8336","3","2","1","07","09","4","0","0","0","1","0","1"
"POINT (9.917777486000034 53.609239125000045)","Unfall 8337 (2018) Kat:3, Licht: 0","8337","3","6","3","08","08","6","0","0","0","1","0","0"
"POINT (9.953280493000023 53.612868881000054)","Unfall 8338 (2018) Kat:3, Licht: 0","8338","3","2","3","09","17","4","0","0","1","0","0","0"
"POINT (9.876099134000071 53.570364921000078)","Unfall 8339 (2018) Kat:3, Licht: 0","8339","3","2","4","06","16","3","0","0","1","1","0","0"
"POINT (9.998578075000069 53.594456884000067)","Unfall 8340 (2018) Kat:3, Licht: 0","8340","3","2","5","09","11","3","0","0","1","1","0","0"
"POINT (9.963616992000027 53.579389326000069)","Unfall 8343 (2018) Kat:3, Licht: 2","8343","3","6","2","11","03","1","0","2","0","1","0","0"
"POINT (9.970880523000062 53.550343956000063)","Unfall 8344 (2018) Kat:3, Licht: 0","8344","3","2","3","12","10","3","1","0","1","0","0","0"
"POINT (9.898811276000060 53.565358428000081)","Unfall 8345 (2018) Kat:3, Licht: 0","8345","3","6","2","10","09","2","0","0","0","1","0","0"
"POINT (10.042767763000029 53.552622308000082)","Unfall 8346 (2018) Kat:3, Licht: 0","8346","3","4","6","07","12","3","0","0","0","0","1","0"
"POINT (10.200114797000026 53.492130293000059)","Unfall 8347 (2018) Kat:3, Licht: 0","8347","3","3","5","08","17","3","0","0","1","1","0","0"
"POINT (9.993211235000047 53.592910437000057)","Unfall 8350 (2018) Kat:3, Licht: 1","8350","3","1","4","11","06","1","0","1","0","1","0","0"
"POINT (9.912623307000047 53.508473581000032)","Unfall 8351 (2018) Kat:3, Licht: 0","8351","3","6","2","06","08","2","0","0","0","0","0","1"
"POINT (10.092013366000060 53.508559041000069)","Unfall 8352 (2018) Kat:3, Licht: 0","8352","3","6","2","10","18","6","0","0","0","1","0","0"
"POINT (9.927877119000073 53.470735973000046)","Unfall 8353 (2018) Kat:3, Licht: 1","8353","3","6","2","06","21","2","1","1","0","1","0","0"
"POINT (9.987635649000026 53.592422744000032)","Unfall 8354 (2018) Kat:3, Licht: 0","8354","3","6","2","07","17","2","0","0","0","1","0","0"
"POINT (10.029431860000045 53.560425891000079)","Unfall 8356 (2018) Kat:3, Licht: 0","8356","3","6","3","11","14","5","1","0","0","1","0","0"
"POINT (10.038292748000060 53.499112781000065)","Unfall 8357 (2018) Kat:3, Licht: 0","8357","3","6","2","08","13","6","0","0","0","1","0","0"
"POINT (9.957193780000068 53.610877100000039)","Unfall 8358 (2018) Kat:3, Licht: 1","8358","3","2","2","12","07","4","1","1","0","1","0","0"
"POINT (9.931945811000048 53.587510275000056)","Unfall 8360 (2018) Kat:3, Licht: 0","8360","3","3","6","07","12","3","0","0","1","0","1","0"
"POINT (9.923251178000044 53.539870078000035)","Unfall 8361 (2018) Kat:1, Licht: 0","8361","1","6","2","08","07","3","0","0","0","1","0","0"
"POINT (9.940566544000035 53.471091238000042)","Unfall 8362 (2018) Kat:3, Licht: 0","8362","3","7","3","09","12","2","0","0","0","1","0","0"
"POINT (10.025551734000032 53.552943946000028)","Unfall 8363 (2018) Kat:3, Licht: 0","8363","3","6","1","06","08","2","0","0","0","1","0","0"
"POINT (9.915892866000036 53.586261198000045)","Unfall 8364 (2018) Kat:3, Licht: 0","8364","3","3","5","09","15","2","0","0","0","1","0","0"
"POINT (9.948712301000057 53.649550756000053)","Unfall 8365 (2018) Kat:3, Licht: 0","8365","3","6","4","07","15","1","0","0","1","0","0","0"
"POINT (9.964288307000061 53.580286972000067)","Unfall 8367 (2018) Kat:3, Licht: 0","8367","3","6","2","11","14","4","0","0","0","1","0","0"
"POINT (9.966891309000062 53.552274791000059)","Unfall 8368 (2018) Kat:3, Licht: 0","8368","3","3","5","12","09","7","1","0","1","1","0","0"
"POINT (9.918547303000025 53.607551096000066)","Unfall 8369 (2018) Kat:3, Licht: 0","8369","3","6","2","10","14","6","0","0","0","1","0","0"
"POINT (9.906165021000049 53.565703096000050)","Unfall 8370 (2018) Kat:3, Licht: 0","8370","3","2","3","07","08","2","0","0","1","1","0","0"
"POINT (9.915458941000054 53.586423082000067)","Unfall 8371 (2018) Kat:3, Licht: 0","8371","3","6","3","08","16","4","0","0","0","1","0","0"
"POINT (9.926207404000024 53.563670431000048)","Unfall 8372 (2018) Kat:3, Licht: 0","8372","3","3","5","09","16","2","0","0","1","0","0","0"
"POINT (10.025844492000033 53.552146656000048)","Unfall 8373 (2018) Kat:3, Licht: 0","8373","3","3","5","06","09","2","0","0","0","1","0","0"
"POINT (10.134899876000077 53.526877359000082)","Unfall 8374 (2018) Kat:3, Licht: 0","8374","3","6","2","09","14","7","0","0","0","1","0","0"
"POINT (10.166735424000024 53.514556654000046)","Unfall 8377 (2018) Kat:2, Licht: 1","8377","2","3","3","11","07","6","0","1","0","1","0","0"
"POINT (9.923277546000065 53.596539467000071)","Unfall 8378 (2018) Kat:3, Licht: 0","8378","3","6","2","06","16","2","0","0","0","1","0","0"
"POINT (10.105886728000030 53.490493841000045)","Unfall 8379 (2018) Kat:3, Licht: 2","8379","3","6","3","12","21","1","1","2","0","1","0","0"
"POINT (10.030829509000057 53.544778559000065)","Unfall 8380 (2018) Kat:3, Licht: 1","8380","3","6","0","10","07","6","0","1","0","1","0","1"
"POINT (10.065427699000054 53.509255175000078)","Unfall 8382 (2018) Kat:3, Licht: 2","8382","3","6","2","11","06","4","0","2","0","1","0","0"
"POINT (9.948352885000077 53.562381407000032)","Unfall 8383 (2018) Kat:3, Licht: 2","8383","3","6","4","12","07","3","0","2","1","0","0","0"
"POINT (9.989744779000034 53.547225265000066)","Unfall 8384 (2018) Kat:2, Licht: 0","8384","2","6","2","10","09","2","1","0","0","1","0","1"
"POINT (9.945866090000038 53.471021955000026)","Unfall 8385 (2018) Kat:2, Licht: 0","8385","2","6","2","07","18","3","0","0","0","1","0","0"
"POINT (10.025472536000052 53.520759894000037)","Unfall 8386 (2018) Kat:3, Licht: 1","8386","3","1","8","08","19","5","1","1","0","1","0","0"
"POINT (9.964903262000064 53.554225356000074)","Unfall 8387 (2018) Kat:3, Licht: 0","8387","3","3","5","09","08","3","0","0","1","0","0","0"
"POINT (9.930467242000077 53.651610043000062)","Unfall 8388 (2018) Kat:3, Licht: 2","8388","3","6","3","06","23","2","0","2","0","1","0","0"
"POINT (10.215423475000023 53.486086172000057)","Unfall 8389 (2018) Kat:3, Licht: 0","8389","3","6","2","09","11","2","0","0","0","1","0","0"
"POINT (9.928956508000056 53.642265925000061)","Unfall 8392 (2018) Kat:3, Licht: 2","8392","3","6","2","11","17","7","1","2","0","1","0","0"
"POINT (9.911098352000067 53.637169956000037)","Unfall 8393 (2018) Kat:2, Licht: 0","8393","2","2","2","12","08","2","1","0","0","1","0","0"
"POINT (10.028788599000052 53.560123373000067)","Unfall 8394 (2018) Kat:3, Licht: 0","8394","3","7","8","10","15","7","0","0","0","1","0","0"
"POINT (9.891297729000030 53.567247711000050)","Unfall 8395 (2018) Kat:2, Licht: 0","8395","2","6","3","07","17","2","0","0","0","1","0","0"
"POINT (9.907519875000048 53.617834080000080)","Unfall 8397 (2018) Kat:3, Licht: 2","8397","3","3","5","11","18","6","1","2","1","1","0","0"
"POINT (10.025082996000037 53.530582185000071)","Unfall 8398 (2018) Kat:3, Licht: 0","8398","3","6","2","08","09","3","0","0","0","1","0","0"
"POINT (10.019736122000040 53.581175218000055)","Unfall 8399 (2018) Kat:3, Licht: 0","8399","3","7","6","12","08","2","1","0","0","0","1","1"
"POINT (9.969719545000032 53.450651630000038)","Unfall 8401 (2018) Kat:3, Licht: 2","8401","3","2","6","10","19","3","1","2","0","1","1","0"
"POINT (9.968733069000052 53.585679959000061)","Unfall 8402 (2018) Kat:3, Licht: 0","8402","3","6","2","06","10","2","0","0","0","1","0","0"