WKT,Name,OBJECTID,UKATEGORIE,UTYP1,UART,UMONAT,USTUNDE,UWOCHENTAG,STRZUSTAND,ULICHTVERH,ISTRAD,ISTPKW,ISTFUSS,ISTKRAD
"POINT (10.030846932000031 53.545149609000077)","Unfall 8637 (2018) Kat:3, Licht: 2","8637","3","6","1","09","01","1","1","2","0","1","0","0"
"POINT (9.849998085000038 53.472685397000078)","Unfall 8638 (2018) Kat:3, Licht: 0","8638","3","2","0","06","14","7","0","0","0","1","0","1"
"POINT (10.058981974000062 53.509250743000052)","Unfall 8640 (2018) Kat:3, Licht: 0","8640","3","6","2","11","07","3","1","0","0","1","0","0"
"POINT (9.837441062000039 53.573765546000061)","Unfall 8641 (2018) Kat:2, Licht: 2","8641","2","3","5","12","18","6","1","2","0","1","0","0"
"POINT (9.898944514000050 53.565334176000079)","Unfall 8642 (2018) Kat:3, Licht: 2","8642","3","6","2","10","05","6","0","2","0","1","0","0"
"POINT (9.907137317000036 53.649015130000066)","Unfall 8643 (2018) Kat:3, Licht: 0","8643","3","2","5","07","16","2","0","0","0","1","0","1"
"POINT (9.984640952000063 53.548126002000060)","Unfall 8644 (2018) Kat:3, Licht: 2","8644","3","7","6","08","22","4","0","2","1","0","1","0"
"POINT (9.928315734000023 53.592434850000075)","Unfall 8645 (2018) Kat:3, Licht: 2","8645","3","6","2","09","00","1","0","2","0","1","0","0"
"POINT (10.134689563000052 53.528501455000082)","Unfall 8646 (2018) Kat:3, Licht: 0","8646","3","6","2","06","10","2","0","0","0","0","0","0"
"POINT (9.924113207000062 53.595082174000026)","Unfall 8647 (2018) Kat:3, Licht: 0","8647","3","2","4","09","13","7","0","0","0","1","0","0"
"POINT (10.019159386000069 53.577095795000048)","Unfall 8650 (2018) Kat:3, Licht: 0","8650","3","1","0","11","13","6","1","0","0","0","0","1"
"POINT (9.865132157000062 53.571658847000037)","Unfall 8651 (2018) Kat:3, Licht: 0","8651","3","2","3","06","18","2","0","0","1","1","0","0"
"POINT (9.967929439000045 53.588704791000055)","Unfall 8652 (2018) Kat:3, Licht: 2","8652","3","4","6","12","00","1","1","2","1","0","1","0"
"POINT (9.968766141000060 53.585586426000077)","Unfall 8653 (2018) Kat:3, Licht: 0","8653","3","1","7","10","16","6","0","0","1","0","0","0"
"POINT (10.032620197000028 53.562344445000065)","Unfall 8654 (2018) Kat:3, Licht: 0","8654","3","6","3","07","18","1","0","0","0","1","0","0"
"POINT (10.033062143000052 53.542319066000061)","Unfall 8655 (2018) Kat:3, Licht: 0","8655","3","6","2","11","08","5","1","0","0","1","0","0"
"POINT (9.922063645000037 53.629153966000047)","Unfall 8656 (2018) Kat:3, Licht: 0","8656","3","6","2","08","13","7","1","0","0","1","0","0"
"POINT (9.935706727000024 53.563754131000053)","Unfall 8657 (2018) Kat:3, Licht: 0","8657","3","6","2","12","14","6","0","0","0","1","0","0"
"POINT (9.989132668000025 53.457345128000043)","Unfall 8659 (2018) Kat:3, Licht: 2","8659","3","2","3","10","18","1","1","2","0","1","0","0"
"POINT (9.898751845000049 53.565202597000052)","Unfall 8660 (2018) Kat:3, Licht: 1","8660","3","6","2","06","20","2","0","1","0","1","0","0"
"POINT (10.087298914000030 53.543489309000051)","Unfall 8661 (2018) Kat:1, Licht: 2","8661","1","4","6","09","02","1","0","2","0","1","1","0"
"POINT (9.946635344000072 53.562745858000028)","Unfall 8662 (2018) Kat:3, Licht: 0","8662","3","6","3","06","08","2","0","0","1","1","0","0"
"POINT (10.026269914000068 53.570928213000059)","Unfall 8663 (2018) Kat:3, Licht: 0","8663","3","7","3","07","18","5","0","0","0","1","0","1"
"POINT (10.025407650000034 53.571667083000079)","Unfall 8664 (2018) Kat:3, Licht: 0","8664","3","6","4","06","14","3","0","0","1","0","0","0"
"POINT (9.998744081000041 53.456137369000032)","Unfall 8666 (2018) Kat:3, Licht: 2","8666","3","2","2","11","05","2","0","2","0","1","0","0"
"POINT (10.002343731000053 53.614863664000040)","Unfall 8667 (2018) Kat:3, Licht: 0","8667","3","3","5","12","08","6","0","0","0","1","0","0"
"POINT (9.960280945000022 53.447624915000063)","Unfall 8669 (2018) Kat:3, Licht: 0","8669","3","6","2","07","15","6","0","0","0","1","0","0"
"POINT (10.036049830000024 53.496281411000041)","Unfall 8670 (2018) Kat:3, Licht: 0","8670","3","6","2","08","15","1","0","0","0","1","0","0"
"POINT (10.183663177000028 53.506130798000072)","Unfall 8671 (2018) Kat:3, Licht: 0","8671","3","6","2","09","17","6","1","0","0","1","0","0"
"POINT (10.027948154000057 53.534159677000048)","Unfall 8672 (2018) Kat:2, Licht: 0","8672","2","6","1","06","14","1","0","0","0","0","0","1"
"POINT (9.964265274000070 53.580251979000082)","Unfall 8673 (2018) Kat:2, Licht: 2","8673","2","7","6","09","22","6","0","2","1","0","1","0"
"POINT (10.221338660000072 53.487647373000073)","Unfall 8674 (2018) Kat:3, Licht: 0","8674","3","2","3","06","11","6","0","0","1","1","0","0"
"POINT (9.860586227000056 53.471402123000075)","Unfall 8676 (2018) Kat:2, Licht: 0","8676","2","7","5","06","19","4","0","0","0","1","0","1"
"POINT (10.213067147000061 53.476541504000068)","Unfall 8678 (2018) Kat:3, Licht: 2","8678","3","6","2","11","06","2","1","2","0","1","0","0"
"POINT (9.917459965000035 53.609407461000046)","Unfall 8679 (2018) Kat:3, Licht: 0","8679","3","6","3","12","10","4","0","0","0","1","0","0"
"POINT (9.920249322000075 53.604368633000036)","Unfall 8680 (2018) Kat:3, Licht: 0","8680","3","1","9","10","16","4","0","0","0","1","0","0"
"POINT (9.897404810000069 53.565491752000071)","Unfall 8681 (2018) Kat:3, Licht: 0","8681","3","1","0","07","17","6","0","0","0","0","0","1"
"POINT (9.845525026000075 53.472749300000032)","Unfall 8682 (2018) Kat:3, Licht: 0","8682","3","2","2","08","12","7","0","0","0","1","0","0"
"POINT (9.994921069000043 53.547374673000036)","Unfall 8683 (2018) Kat:3, Licht: 0","8683","3","2","4","09","08","4","1","0","1","0","0","0"
"POINT (9.970277920000058 53.584152995000068)","Unfall 8684 (2018) Kat:3, Licht: 2","8684","3","6","4","08","21","5","0","2","1","0","0","1"
"POINT (9.962285418000022 53.602644017000046)","Unfall 8687 (2018) Kat:3, Licht: 2","8687","3","3","5","11","21","5","0","2","0","1","0","0"
"POINT (9.931187977000036 53.589028290000044)","Unfall 8688 (2018) Kat:3, Licht: 0","8688","3","2","3","06","20","1","0","0","0","1","0","1"
"POINT (9.983665525000049 53.591495212000041)","Unfall 8689 (2018) Kat:3, Licht: 2","8689","3","3","5","10","22","4","0","2","1","0","0","1"
"POINT (9.850490540000067 53.472658025000044)","Unfall 8690 (2018) Kat:3, Licht: 0","8690","3","6","2","06","14","7","0","0","0","1","0","0"
"POINT (9.877076023000029 53.570015865000073)","Unfall 8691 (2018) Kat:3, Licht: 0","8691","3","2","0","07","16","5","0","0","1","1","0","0"
"POINT (9.753216683000062 53.583432700000060)","Unfall 8692 (2018) Kat:3, Licht: 0","8692","3","6","2","06","11","3","0","0","0","1","0","0"
"POINT (9.931742759000031 53.535278558000073)","Unfall 8694 (2018) Kat:3, Licht: 2","8694","3","1","0","11","06","2","1","2","0","0","0","1"
"POINT (9.853607906000036 53.572141428000066)","Unfall 8695 (2018) Kat:3, Licht: 0","8695","3","3","5","08","18","3","0","0","0","1","0","0"
"POINT (9.901140811000062 53.564810627000043)","Unfall 8696 (2018) Kat:3, Licht: 0","8696","3","6","2","12","11","7","1","0","0","1","0","0"
"POINT (9.954055741000047 53.561500703000036)","Unfall 8698 (2018) Kat:3, Licht: 2","8698","3","6","6","10","19","6","1","2","1","0","1","0"
"POINT (9.997853978000023 53.594385973000044)","Unfall 8699 (2018) Kat:3, Licht: 0","8699","3","6","4","06","16","7","0","0","1","1","0","0"
"POINT (9.917206345000068 53.610517501000061)","Unfall 8700 (2018) Kat:3, Licht: 0","8700","3","6","2","08","11","6","0","0","0","1","0","1"
"POINT (9.976895698000021 53.549376352000081)","Unfall 8701 (2018) Kat:3, Licht: 1","8701","3","6","2","08","19","6","0","1","0","1","0","0"
"POINT (9.924093142000061 53.595096658000045)","Unfall 8702 (2018) Kat:2, Licht: 2","8702","2","2","4","06","01","7","0","2","0","1","0","0"
"POINT (10.024495769000055 53.517115627000067)","Unfall 8703 (2018) Kat:2, Licht: 0","8703","2","1","0","08","07","5","1","0","0","0","0","1"
"POINT (9.969438854000032 53.584285989000080)","Unfall 8706 (2018) Kat:3, Licht: 0","8706","3","3","0","11","11","6","0","0","1","0","0","0"
"POINT (10.039072350000026 53.500708395000061)","Unfall 8707 (2018) Kat:2, Licht: 0","8707","2","6","2","06","13","6","0","0","0","1","0","1"
"POINT (9.959143409000035 53.574180192000028)","Unfall 8708 (2018) Kat:3, Licht: 0","8708","3","5","1","10","16","5","0","0","1","1","0","0"
"POINT (9.942058275000022 53.563466729000027)","Unfall 8709 (2018) Kat:3, Licht: 0","8709","3","6","2","06","10","6","0","0","0","1","0","0"
"POINT (10.023963417000061 53.469089621000080)","Unfall 8710 (2018) Kat:3, Licht: 0","8710","3","6","2","07","13","6","0","0","0","1","0","0"
"POINT (9.996711263000066 53.547511236000048)","Unfall 8711 (2018) Kat:3, Licht: 0","8711","3","3","5","11","11","5","1","0","0","1","0","0"
"POINT (9.928058787000055 53.641499788000033)","Unfall 8712 (2018) Kat:3, Licht: 0","8712","3","6","2","08","11","5","0","0","0","1","0","0"
"POINT (9.948500590000037 53.562349323000035)","Unfall 8713 (2018) Kat:3, Licht: 2","8713","3","4","6","12","21","4","0","2","0","0","1","0"
"POINT (9.921706466000046 53.439147777000073)","Unfall 8715 (2018) Kat:3, Licht: 2","8715","3","6","2","10","06","7","1","2","0","1","0","0"
"POINT (9.893978237000056 53.471757660000037)","Unfall 8716 (2018) Kat:3, Licht: 0","8716","3","3","5","06","06","5","0","0","0","1","0","0"
"POINT (10.021516816000030 53.574962301000028)","Unfall 8717 (2018) Kat:3, Licht: 0","8717","3","6","2","09","17","6","1","0","0","1","0","1"
"POINT (10.012829487000033 53.547848504000058)","Unfall 8718 (2018) Kat:3, Licht: 0","8718","3","6","2","06","05","5","0","0","0","1","0","0"
"POINT (10.025483736000069 53.542695823000031)","Unfall 8719 (2018) Kat:3, Licht: 0","8719","3","4","6","07","13","4","0","0","1","0","1","0"
"POINT (9.984042321000061 53.548261148000051)","Unfall 8720 (2018) Kat:3, Licht: 0","8720","3","6","2","06","17","3","0","0","0","1","0","0"
"POINT (10.001481432000048 53.547523975000047)","Unfall 8722 (2018) Kat:3, Licht: 0","8722","3","6","2","11","11","7","0","0","0","1","0","0"
"POINT (10.015893833000064 53.545654228000046)","Unfall 8723 (2018) Kat:3, Licht: 2","8723","3","3","5","12","18","5","0","2","1","1","0","0"
"POINT (9.960903259000077 53.425775133000059)","Unfall 8724 (2018) Kat:3, Licht: 0","8724","3","6","2","07","11","5","0","0","0","1","0","0"
"POINT (9.983910879000064 53.599948853000058)","Unfall 8725 (2018) Kat:3, Licht: 0","8725","3","1","9","08","12","7","1","0","0","1","0","0"
"POINT (9.842210943000055 53.472531051000033)","Unfall 8726 (2018) Kat:3, Licht: 0","8726","3","6","2","09","18","5","0","0","0","1","0","0"
"POINT (9.819049161000066 53.577017659000035)","Unfall 8727 (2018) Kat:3, Licht: 0","8727","3","3","5","06","19","5","0","0","1","1","0","0"
"POINT (9.966588219000073 53.594141884000067)","Unfall 8728 (2018) Kat:3, Licht: 0","8728","3","3","5","09","15","4","0","0","1","0","0","0"
"POINT (9.928067621000025 53.592819785000074)","Unfall 8731 (2018) Kat:3, Licht: 0","8731","3","6","3","11","11","2","1","0","0","1","0","1"
"POINT (10.024692207000044 53.530605047000051)","Unfall 8732 (2018) Kat:3, Licht: 2","8732","3","4","6","12","17","3","0","2","0","1","1","0"
"POINT (9.936368075000075 53.470982954000078)","Unfall 8733 (2018) Kat:3, Licht: 0","8733","3","2","5","10","13","2","0","0","1","1","0","0"
"POINT (10.135435626000060 53.529490660000079)","Unfall 8734 (2018) Kat:3, Licht: 0","8734","3","6","2","07","07","5","0","0","0","1","0","0"
"POINT (9.959468546000039 53.560239296000077)","Unfall 8735 (2018) Kat:3, Licht: 0","8735","3","6","2","08","12","5","1","0","0","1","0","0"
"POINT (9.969778184000063 53.550891784000044)","Unfall 8738 (2018) Kat:3, Licht: 0","8738","3","3","5","11","14","4","0","0","1","1","0","0"
"POINT (9.897104423000030 53.565543767000065)","Unfall 8739 (2018) Kat:3, Licht: 0","8739","3","2","5","06","19","5","0","0","1","1","0","0"
"POINT (10.022372288000042 53.574222176000035)","Unfall 8740 (2018) Kat:3, Licht: 1","8740","3","6","4","10","17","2","0","1","1","0","0","0"
"POINT (9.969209650000039 53.584094530000073)","Unfall 8741 (2018) Kat:3, Licht: 0","8741","3","3","5","06","05","5","0","0","1","0","0","0"
"POINT (9.959241270000064 53.574329607000038)","Unfall 8742 (2018) Kat:3, Licht: 0","8742","3","6","2","07","18","4","1","0","0","1","0","0"
"POINT (9.991382566000027 53.547196704000044)","Unfall 8743 (2018) Kat:3, Licht: 0","8743","3","6","4","06","08","3","0","0","1","0","0","0"
"POINT (9.970159080000030 53.550697588000048)","Unfall 8745 (2018) Kat:3, Licht: 2","8745","3","6","3","11","19","7","0","2","0","1","0","0"
"POINT (10.028734672000041 53.451474323000070)","Unfall 8746 (2018) Kat:3, Licht: 0","8746","3","6","2","08","12","7","0","0","0","1","0","0"
"POINT (9.865197871000021 53.571652259000075)","Unfall 8747 (2018) Kat:3, Licht: 2","8747","3","2","6","12","16","6","1","2","0","1","1","0"
"POINT (10.132644956000036 53.527721712000073)","Unfall 8749 (2018) Kat:3, Licht: 0","8749","3","6","2","10","09","4","1","0","0","1","0","0"
"POINT (9.948816082000064 53.562284437000073)","Unfall 8750 (2018) Kat:3, Licht: 0","8750","3","2","5","06","16","5","0","0","0","1","0","1"
"POINT (10.026572566000027 53.551363709000043)","Unfall 8751 (2018) Kat:3, Licht: 0","8751","3","3","5","08","07","5","0","0","1","1","0","0"
"POINT (9.927082661000043 53.563611388000027)","Unfall 8752 (2018) Kat:3, Licht: 0","8752","3","7","8","08","13","4","0","0","0","1","0","0"
"POINT (9.994311011000036 53.547340335000058)","Unfall 8753 (2018) Kat:3, Licht: 0","8753","3","6","3","09","14","4","0","0","0","1","0","1"
"POINT (9.840126045000034 53.472296627000048)","Unfall 8754 (2018) Kat:3, Licht: 0","8754","3","2","5","06","16","4","0","0","1","0","0","0"
"POINT (9.878519785000037 53.471993954000027)","Unfall 8755 (2018) Kat:3, Licht: 0","8755","3","6","1","07","11","2","0","0","0","1","0","0"
"POINT (9.845559825000066 53.472750243000064)","Unfall 8756 (2018) Kat:3, Licht: 0","8756","3","3","5","06","17","2","0","0","1","1","0","0"
"POINT (10.059465134000050 53.509239877000027)","Unfall 8758 (2018) Kat:3, Licht: 2","8758","3","6","3","11","17","4","0","2","0","1","0","0"
"POINT (9.958256190000043 53.647604659000081)","Unfall 8759 (2018) Kat:2, Licht: 0","8759","2","1","0","12","11","3","1","0","0","0","0","1"
"POINT (9.973679036000021 53.549687200000051)","Unfall 8760 (2018) Kat:3, Licht: 0","8760","3","6","2","10","15","2","0","0","0","1","0","0"
"POINT (9.948832031000052 53.562281361000032)","Unfall 8761 (2018) Kat:3, Licht: 0","8761","3","2","3","07","10","4","0","0","1","1","0","0"
"POINT (9.950249410000026 53.470765420000077)","Unfall 8762 (2018) Kat:3, Licht: 0","8762","3","6","2","08","14","5","0","0","0","1","0","0"
"POINT (9.938790118000043 53.648140324000053)","Unfall 8763 (2018) Kat:3, Licht: 0","8763","3","6","2","09","15","3","0","0","0","1","0","0"
"POINT (10.098045864000028 53.509944529000052)","Unfall 8764 (2018) Kat:3, Licht: 0","8764","3","6","3","06","05","3","0","0","0","1","0","0"
"POINT (10.022698128000059 53.481046296000045)","Unfall 8765 (2018) Kat:3, Licht: 0","8765","3","7","9","09","13","2","0","0","0","1","0","0"
"POINT (9.983393670000055 53.590218267000068)","Unfall 8767 (2018) Kat:3, Licht: 0","8767","3","3","5","09","14","5","0","0","0","1","0","0"
"POINT (10.147575210000070 53.481443225000078)","Unfall 8768 (2018) Kat:3, Licht: 0","8768","3","7","0","06","14","3","0","0","0","1","0","0"
"POINT (10.036037264000072 53.496266549000040)","Unfall 8769 (2018) Kat:3, Licht: 0","8769","3","6","1","07","09","3","0","0","0","1","0","0"
"POINT (9.915671290000034 53.542000975000064)","Unfall 8771 (2018) Kat:3, Licht: 1","8771","3","6","2","11","16","6","0","1","0","1","0","0"
"POINT (10.029846531000032 53.546425155000065)","Unfall 8772 (2018) Kat:3, Licht: 0","8772","3","6","3","12","15","4","1","0","0","1","0","1"
"POINT (10.023885437000047 53.572929244000079)","Unfall 8773 (2018) Kat:3, Licht: 0","8773","3","6","2","10","14","2","0","0","0","1","0","1"
"POINT (9.963651774000027 53.558133695000038)","Unfall 8774 (2018) Kat:3, Licht: 0","8774","3","3","6","07","19","5","0","0","1","0","1","0"
"POINT (10.033736287000067 53.564813653000044)","Unfall 8775 (2018) Kat:3, Licht: 0","8775","3","4","6","08","16","6","0","0","0","1","1","0"
"POINT (9.915754207000077 53.583692389000078)","Unfall 8776 (2018) Kat:3, Licht: 0","8776","3","6","3","09","11","4","0","0","0","1","0","0"
"POINT (9.952889784000035 53.613084878000052)","Unfall 8777 (2018) Kat:3, Licht: 0","8777","3","3","5","06","19","3","0","0","1","1","0","0"
"POINT (10.101143455000056 53.511017704000039)","Unfall 8778 (2018) Kat:3, Licht: 0","8778","3","6","2","09","08","3","0","0","0","1","0","0"
"POINT (9.908194758000036 53.620439873000066)","Unfall 8781 (2018) Kat:3, Licht: 2","8781","3","2","4","11","18","1","1","2","0","1","0","0"
"POINT (9.963683505000063 53.558107804000031)","Unfall 8782 (2018) Kat:3, Licht: 0","8782","3","6","2","12","12","3","0","0","0","1","0","0"
"POINT (9.907559662000040 53.617987091000032)","Unfall 8783 (2018) Kat:2, Licht: 2","8783","2","2","4","10","20","2","0","2","1","1","0","0"
"POINT (9.987372913000058 53.547597491000033)","Unfall 8784 (2018) Kat:2, Licht: 0","8784","2","7","3","07","17","4","0","0","1","1","0","0"
"POINT (9.945409919000042 53.562984330000063)","Unfall 8785 (2018) Kat:3, Licht: 0","8785","3","2","3","08","11","4","0","0","1","1","0","0"
"POINT (9.977803941000047 53.549361981000061)","Unfall 8788 (2018) Kat:3, Licht: 0","8788","3","2","4","11","14","2","0","0","0","1","0","0"
"POINT (9.989978423000025 53.605907917000081)","Unfall 8789 (2018) Kat:2, Licht: 0","8789","2","3","5","06","20","3","0","0","1","1","0","0"
"POINT (10.034486691000041 53.494407514000045)","Unfall 8790 (2018) Kat:3, Licht: 0","8790","3","6","2","10","13","6","0","0","0","1","0","0"
"POINT (10.026355929000033 53.531957831000057)","Unfall 8791 (2018) Kat:3, Licht: 0","8791","3","6","3","06","10","2","0","0","0","1","0","0"
"POINT (10.210123756000030 53.487558370000045)","Unfall 8792 (2018) Kat:3, Licht: 0","8792","3","6","2","07","17","2","0","0","0","1","0","0"
"POINT (9.901297319000037 53.470993769000074)","Unfall 8793 (2018) Kat:3, Licht: 0","8793","3","2","5","06","19","2","1","0","0","1","0","0"
"POINT (9.910473049000075 53.639051543000051)","Unfall 8795 (2018) Kat:3, Licht: 0","8795","3","3","5","11","08","6","0","0","0","1","0","0"
"POINT (9.956609907000029 53.446100672000057)","Unfall 8796 (2018) Kat:3, Licht: 0","8796","3","6","2","08","13","6","0","0","0","1","0","0"
"POINT (10.031889276000072 53.566347138000026)","Unfall 8797 (2018) Kat:2, Licht: 2","8797","2","3","5","12","18","4","1","2","0","1","0","0"
"POINT (9.924486996000042 53.635923150000053)","Unfall 8799 (2018) Kat:2, Licht: 2","8799","2","6","3","10","21","4","1","2","0","1","0","0"
"POINT (10.019445327000028 53.544457767000040)","Unfall 8800 (2018) Kat:3, Licht: 0","8800","3","4","6","06","09","2","0","0","0","1","1","0"
"POINT (10.027869619000057 53.534073501000080)","Unfall 8801 (2018) Kat:3, Licht: 0","8801","3","6","3","07","08","3","0","0","1","0","0","0"
"POINT (9.913705626000024 53.619959280000046)","Unfall 8802 (2018) Kat:3, Licht: 0","8802","3","3","5","08","19","3","0","0","0","1","0","0"
"POINT (9.960447707000071 53.425786869000035)","Unfall 8803 (2018) Kat:3, Licht: 0","8803","3","1","9","09","12","2","1","0","0","1","0","0"
"POINT (9.987964855000030 53.603809821000027)","Unfall 8804 (2018) Kat:3, Licht: 0","8804","3","6","2","06","08","2","0","0","0","1","0","0"
"POINT (10.121495550000077 53.567135166000071)","Unfall 8805 (2018) Kat:3, Licht: 0","8805","3","6","2","09","19","2","0","0","0","1","0","0"
"POINT (9.915043899000068 53.580541125000082)","Unfall 8806 (2018) Kat:3, Licht: 0","8806","3","6","2","07","13","2","0","0","0","1","0","0"
"POINT (9.926552494000021 53.639164555000036)","Unfall 8808 (2018) Kat:3, Licht: 2","8808","3","6","2","11","06","4","0","2","0","1","0","0"
"POINT (9.942827732000069 53.563347328000077)","Unfall 8809 (2018) Kat:3, Licht: 0","8809","3","6","2","12","12","2","1","0","0","1","0","0"
"POINT (10.032259407000026 53.540297671000076)","Unfall 8810 (2018) Kat:3, Licht: 2","8810","3","6","2","10","22","6","0","2","0","1","0","0"
"POINT (10.024257957000032 53.572631845000046)","Unfall 8811 (2018) Kat:3, Licht: 0","8811","3","6","2","07","07","2","0","0","0","1","0","1"
"POINT (9.940602910000052 53.471092072000033)","Unfall 8812 (2018) Kat:3, Licht: 0","8812","3","6","0","08","12","4","0","0","0","1","0","1"
"POINT (9.930777451000040 53.589896562000035)","Unfall 8813 (2018) Kat:3, Licht: 0","8813","3","7","0","09","16","2","0","0","0","1","0","1"
"POINT (9.936808390000067 53.563722303000077)","Unfall 8814 (2018) Kat:3, Licht: 0","8814","3","6","3","06","14","2","0","0","1","0","0","0"
"POINT (9.972054112000024 53.466725564000058)","Unfall 8815 (2018) Kat:3, Licht: 0","8815","3","3","5","09","17","7","0","0","0","1","0","0"
"POINT (9.949129993000042 53.442415710000034)","Unfall 8818 (2018) Kat:3, Licht: 2","8818","3","6","4","11","17","6","0","2","0","1","0","0"
"POINT (10.011070384000050 53.622854786000062)","Unfall 8819 (2018) Kat:2, Licht: 0","8819","2","7","3","06","20","1","0","0","0","1","0","1"
"POINT (9.988738231000070 53.547351077000030)","Unfall 8820 (2018) Kat:3, Licht: 2","8820","3","3","5","12","17","2","1","2","1","1","0","0"
"POINT (10.027798414000074 53.486782752000067)","Unfall 8821 (2018) Kat:3, Licht: 0","8821","3","6","2","10","12","6","0","0","0","1","0","0"
"POINT (10.037894722000033 53.498536973000057)","Unfall 8822 (2018) Kat:3, Licht: 0","8822","3","6","2","07","10","1","0","0","0","1","0","0"
"POINT (9.966842410000027 53.582572503000051)","Unfall 8823 (2018) Kat:3, Licht: 0","8823","3","3","0","11","15","6","0","0","1","1","0","0"
"POINT (10.074513524000054 53.507962617000032)","Unfall 8824 (2018) Kat:3, Licht: 0","8824","3","6","2","08","10","1","0","0","0","1","0","0"
"POINT (9.917414608000058 53.610170422000067)","Unfall 8825 (2018) Kat:3, Licht: 2","8825","3","6","2","12","16","6","1","2","0","1","0","0"
"POINT (9.956061183000031 53.570397150000076)","Unfall 8827 (2018) Kat:3, Licht: 2","8827","3","2","4","10","06","3","1","2","0","1","0","0"
"POINT (9.958936222000034 53.573864241000081)","Unfall 8828 (2018) Kat:3, Licht: 2","8828","3","7","0","06","22","7","0","2","1","0","0","0"
"POINT (10.026423659000045 53.554597890000082)","Unfall 8829 (2018) Kat:3, Licht: 0","8829","3","6","6","10","17","3","1","0","1","0","1","0"
"POINT (9.908191651000038 53.620427263000067)","Unfall 8831 (2018) Kat:2, Licht: 0","8831","2","2","4","11","13","7","1","0","0","1","0","0"
"POINT (9.910854362000066 53.632361486000036)","Unfall 8832 (2018) Kat:3, Licht: 0","8832","3","3","5","12","14","2","1","0","0","1","0","0"
"POINT (9.964510090000033 53.555655468000054)","Unfall 8833 (2018) Kat:3, Licht: 0","8833","3","2","3","10","10","2","0","0","1","0","0","0"
"POINT (10.030498933000047 53.537570351000056)","Unfall 8834 (2018) Kat:3, Licht: 0","8834","3","3","5","07","16","2","0","0","0","0","0","0"
"POINT (10.029194372000063 53.450819578000051)","Unfall 8835 (2018) Kat:3, Licht: 0","8835","3","6","2","11","12","6","0","0","0","1","0","0"
"POINT (10.025915044000044 53.551445648000026)","Unfall 8836 (2018) Kat:3, Licht: 0","8836","3","6","3","08","08","3","0","0","0","1","0","0"
"POINT (10.221171226000024 53.487631248000071)","Unfall 8837 (2018) Kat:3, Licht: 0","8837","3","6","2","12","13","2","1","0","0","1","0","0"
"POINT (9.983536418000028 53.548370095000053)","Unfall 8839 (2018) Kat:3, Licht: 2","8839","3","6","2","11","18","5","0","2","0","1","0","0"
"POINT (10.036025205000044 53.496252284000036)","Unfall 8840 (2018) Kat:3, Licht: 0","8840","3","6","2","06","12","6","0","0","0","1","0","0"
"POINT (9.988726902000053 53.644772580000051)","Unfall 8841 (2018) Kat:3, Licht: 0","8841","3","1","8","10","14","5","1","0","0","1","0","0"
"POINT (10.157384146000027 53.478441839000027)","Unfall 8842 (2018) Kat:3, Licht: 0","8842","3","6","3","06","07","6","0","0","0","1","0","0"
"POINT (9.924215484000058 53.595208958000057)","Unfall 8843 (2018) Kat:3, Licht: 0","8843","3","6","3","07","18","7","0","0","0","1","0","0"
"POINT (9.907765356000027 53.546113065000043)","Unfall 8844 (2018) Kat:3, Licht: 0","8844","3","6","2","06","12","2","0","0","0","1","0","0"
"POINT (9.887052088000075 53.472021733000076)","Unfall 8846 (2018) Kat:3, Licht: 2","8846","3","7","4","11","06","4","0","2","0","1","0","0"
"POINT (10.119445618000043 53.531292173000054)","Unfall 8847 (2018) Kat:3, Licht: 0","8847","3","6","2","12","08","2","1","0","0","1","0","0"
"POINT (10.026054325000075 53.558918079000080)","Unfall 8849 (2018) Kat:3, Licht: 0","8849","3","3","5","07","09","2","0","0","1","1","0","0"
"POINT (9.918972857000028 53.444749656000056)","Unfall 8850 (2018) Kat:3, Licht: 0","8850","3","6","3","08","06","2","0","0","0","1","0","0"
"POINT (9.913541440000074 53.619769548000079)","Unfall 8851 (2018) Kat:3, Licht: 0","8851","3","6","2","09","15","2","0","0","0","1","0","0"
"POINT (10.013201101000050 53.589970562000076)","Unfall 8852 (2018) Kat:3, Licht: 0","8852","3","2","3","06","14","6","0","0","1","1","0","0"
"POINT (9.933238456000026 53.528274248000059)","Unfall 8853 (2018) Kat:3, Licht: 0","8853","3","6","2","09","11","1","0","0","0","1","0","0"
"POINT (10.009403288000044 53.516412083000034)","Unfall 8854 (2018) Kat:3, Licht: 0","8854","3","6","2","06","11","7","0","0","0","1","0","0"
"POINT (10.054459985000051 53.551483646000065)","Unfall 8856 (2018) Kat:3, Licht: 2","8856","3","6","2","11","17","3","1","2","0","1","0","0"
"POINT (9.986097858000051 53.547801513000081)","Unfall 8857 (2018) Kat:3, Licht: 1","8857","3","6","1","12","17","6","1","1","0","1","0","0"
"POINT (9.845473667000022 53.472747908000031)","Unfall 8858 (2018) Kat:3, Licht: 0","8858","3","6","2","10","15","5","0","0","0","1","0","0"
"POINT (9.996598867000046 53.456883441000059)","Unfall 8859 (2018) Kat:3, Licht: 0","8859","3","6","2","07","20","1","0","0","0","1","0","1"
"POINT (9.842882846000066 53.572985520000032)","Unfall 8860 (2018) Kat:3, Licht: 0","8860","3","6","1","08","08","3","0","0","0","1","0","0"
"POINT (9.842475402000048 53.472557293000079)","Unfall 8861 (2018) Kat:3, Licht: 0","8861","3","3","5","09","09","7","0","0","1","1","0","0"
"POINT (9.855991957000072 53.572041653000042)","Unfall 8862 (2018) Kat:3, Licht: 0","8862","3","7","5","06","10","6","0","0","0","1","0","0"
"POINT (9.916562399000043 53.589781828000071)","Unfall 8863 (2018) Kat:3, Licht: 0","8863","3","6","2","08","10","6","0","0","0","1","0","0"
"POINT (9.898811349000027 53.565189756000052)","Unfall 8866 (2018) Kat:3, Licht: 2","8866","3","2","3","11","19","6","1","2","1","0","0","0"
"POINT (9.950295548000042 53.572661273000051)","Unfall 8867 (2018) Kat:3, Licht: 0","8867","3","3","5","06","19","6","0","0","1","1","0","0"
"POINT (10.132808793000038 53.527482084000042)","Unfall 8868 (2018) Kat:3, Licht: 0","8868","3","6","2","10","13","5","0","0","0","1","0","0"
"POINT (10.063251559000037 53.509297418000074)","Unfall 8869 (2018) Kat:3, Licht: 0","8869","3","1","8","07","19","7","0","0","0","1","0","0"