WKT,Name,OBJECTID,UKATEGORIE,UTYP1,UART,UMONAT,USTUNDE,UWOCHENTAG,STRZUSTAND,ULICHTVERH,ISTRAD,ISTPKW,ISTFUSS,ISTKRAD
"POINT (9.917846229000077 53.542156097000031)","Unfall 8870 (2018) Kat:3, Licht: 0","8870","3","6","2","11","11","5","0","0","0","0","0","0"
"POINT (10.025802183000053 53.552680531000078)","Unfall 8871 (2018) Kat:3, Licht: 0","8871","3","6","2","08","10","5","0","0","0","1","0","0"
"POINT (10.034218150000072 53.494085258000041)","Unfall 8872 (2018) Kat:3, Licht: 0","8872","3","6","2","12","11","4","1","0","0","1","0","0"
"POINT (9.923942652000051 53.595382167000082)","Unfall 8874 (2018) Kat:3, Licht: 0","8874","3","6","4","10","11","1","0","0","0","1","0","0"
"POINT (9.976665195000066 53.549386757000036)","Unfall 8875 (2018) Kat:3, Licht: 0","8875","3","6","4","06","19","6","0","0","1","0","0","0"
"POINT (9.961032131000025 53.469782001000056)","Unfall 8876 (2018) Kat:3, Licht: 0","8876","3","6","2","09","13","7","0","0","0","1","0","0"
"POINT (10.025280743000053 53.464581763000069)","Unfall 8877 (2018) Kat:3, Licht: 0","8877","3","6","2","05","15","5","0","0","0","1","0","0"
"POINT (9.964186800000050 53.423804240000038)","Unfall 8878 (2018) Kat:3, Licht: 0","8878","3","7","1","07","15","4","0","0","0","0","0","1"
"POINT (9.944316315000037 53.572878414000058)","Unfall 8879 (2018) Kat:3, Licht: 0","8879","3","3","5","06","16","2","0","0","1","1","0","0"
"POINT (9.842906296000024 53.572982603000071)","Unfall 8881 (2018) Kat:3, Licht: 0","8881","3","2","5","11","12","2","0","0","1","1","0","0"
"POINT (9.821474046000049 53.576640267000073)","Unfall 8882 (2018) Kat:3, Licht: 0","8882","3","3","5","12","12","6","0","0","1","1","0","0"
"POINT (10.147521641000026 53.545184139000071)","Unfall 8884 (2018) Kat:2, Licht: 0","8884","2","6","3","07","07","6","0","0","0","0","0","1"
"POINT (10.036242764000065 53.496509616000026)","Unfall 8885 (2018) Kat:3, Licht: 0","8885","3","6","2","08","11","7","0","0","0","1","0","0"
"POINT (9.898900290000029 53.562236426000027)","Unfall 8886 (2018) Kat:3, Licht: 0","8886","3","6","2","09","10","6","0","0","0","1","0","0"
"POINT (9.963155057000051 53.600660723000033)","Unfall 8887 (2018) Kat:3, Licht: 0","8887","3","6","2","05","13","5","0","0","0","1","0","0"
"POINT (9.854527817000076 53.572046382000053)","Unfall 8888 (2018) Kat:2, Licht: 0","8888","2","2","3","09","12","5","0","0","1","0","0","0"
"POINT (10.040736978000041 53.552593402000070)","Unfall 8891 (2018) Kat:3, Licht: 0","8891","3","2","4","11","13","2","1","0","0","1","0","0"
"POINT (9.977720031000047 53.587639136000064)","Unfall 8892 (2018) Kat:3, Licht: 0","8892","3","5","1","05","11","5","0","0","1","1","0","0"
"POINT (10.020056672000067 53.517591287000073)","Unfall 8893 (2018) Kat:3, Licht: 0","8893","3","6","2","07","17","5","0","0","0","1","0","0"
"POINT (9.983921732000056 53.599595888000067)","Unfall 8894 (2018) Kat:3, Licht: 0","8894","3","2","5","06","09","2","0","0","1","0","0","0"
"POINT (9.920234748000041 53.604389494000031)","Unfall 8896 (2018) Kat:3, Licht: 0","8896","3","6","3","11","12","3","0","0","0","1","0","0"
"POINT (9.854028899000070 53.572097369000062)","Unfall 8897 (2018) Kat:3, Licht: 0","8897","3","2","3","12","11","7","0","0","1","1","0","0"
"POINT (9.954738193000026 53.427753820000078)","Unfall 8899 (2018) Kat:3, Licht: 0","8899","3","1","8","07","13","1","0","0","0","1","0","0"
"POINT (9.957854794000070 53.647564106000061)","Unfall 8900 (2018) Kat:3, Licht: 1","8900","3","6","2","08","18","2","1","1","0","1","0","0"
"POINT (9.904768336000075 53.470898707000060)","Unfall 8901 (2018) Kat:3, Licht: 0","8901","3","6","2","09","16","7","1","0","0","1","0","0"
"POINT (9.988851216000057 53.457605746000070)","Unfall 8902 (2018) Kat:3, Licht: 0","8902","3","6","3","05","15","4","0","0","0","0","0","1"
"POINT (9.951263123000047 53.572102612000037)","Unfall 8903 (2018) Kat:3, Licht: 0","8903","3","6","2","09","17","7","0","0","0","1","0","0"
"POINT (10.038118860000054 53.498857416000078)","Unfall 8904 (2018) Kat:3, Licht: 0","8904","3","6","2","06","11","6","0","0","0","1","0","0"
"POINT (9.835959099000036 53.471916727000064)","Unfall 8907 (2018) Kat:3, Licht: 2","8907","3","6","0","11","17","2","1","2","0","1","0","1"
"POINT (9.930642126000066 53.652823115000047)","Unfall 8908 (2018) Kat:3, Licht: 1","8908","3","6","2","12","07","5","1","1","0","1","0","0"
"POINT (9.973421065000025 53.466289039000060)","Unfall 8909 (2018) Kat:3, Licht: 2","8909","3","6","2","10","20","4","0","2","0","1","0","0"
"POINT (10.021856604000050 53.543398746000037)","Unfall 8910 (2018) Kat:3, Licht: 1","8910","3","2","5","07","20","6","0","1","0","1","0","0"
"POINT (9.965435903000071 53.581245332000037)","Unfall 8911 (2018) Kat:2, Licht: 0","8911","2","7","2","08","16","2","0","0","0","1","0","1"
"POINT (10.025615454000047 53.551857426000026)","Unfall 8912 (2018) Kat:3, Licht: 0","8912","3","6","2","09","07","4","1","0","0","1","0","0"
"POINT (9.941710366000052 53.622195309000062)","Unfall 8913 (2018) Kat:3, Licht: 1","8913","3","6","3","05","21","4","0","1","0","1","0","0"
"POINT (9.795579735000047 53.580482017000065)","Unfall 8914 (2018) Kat:3, Licht: 0","8914","3","6","2","08","08","5","1","0","0","1","0","0"
"POINT (9.969939509000028 53.550821178000035)","Unfall 8917 (2018) Kat:3, Licht: 2","8917","3","3","5","11","04","6","0","2","0","1","0","0"
"POINT (9.910899773000040 53.632625152000060)","Unfall 8918 (2018) Kat:3, Licht: 0","8918","3","7","0","05","09","4","0","0","0","0","0","1"
"POINT (10.149326387000031 53.549141355000074)","Unfall 8919 (2018) Kat:3, Licht: 0","8919","3","6","3","10","13","4","0","0","0","1","0","0"
"POINT (9.968705199000056 53.585758961000067)","Unfall 8920 (2018) Kat:3, Licht: 0","8920","3","7","3","05","08","4","0","0","0","1","0","0"
"POINT (9.928275378000024 53.592463472000077)","Unfall 8921 (2018) Kat:3, Licht: 0","8921","3","6","2","07","18","6","0","0","0","1","0","0"
"POINT (9.983894012000064 53.600393632000078)","Unfall 8922 (2018) Kat:3, Licht: 0","8922","3","1","0","06","19","2","1","0","0","0","0","1"
"POINT (9.900758433000021 53.548612195000032)","Unfall 8923 (2018) Kat:3, Licht: 0","8923","3","1","9","11","11","4","0","0","0","0","0","0"
"POINT (9.863140409000039 53.471439593000071)","Unfall 8924 (2018) Kat:3, Licht: 0","8924","3","2","6","08","07","4","0","0","0","1","1","0"
"POINT (10.010909550000065 53.622561164000047)","Unfall 8925 (2018) Kat:3, Licht: 0","8925","3","6","3","12","15","2","0","0","0","1","0","0"
"POINT (9.983886248000033 53.600258942000039)","Unfall 8927 (2018) Kat:3, Licht: 2","8927","3","6","4","10","23","7","1","2","0","1","0","0"
"POINT (9.989184852000051 53.593033671000057)","Unfall 8928 (2018) Kat:3, Licht: 0","8928","3","2","3","05","15","4","0","0","0","0","0","0"
"POINT (9.897690551000039 53.553866272000050)","Unfall 8929 (2018) Kat:3, Licht: 0","8929","3","6","1","08","10","7","0","0","0","1","0","0"
"POINT (9.839933206000069 53.472277240000039)","Unfall 8930 (2018) Kat:3, Licht: 0","8930","3","3","5","09","12","5","0","0","1","0","0","0"
"POINT (9.965857514000049 53.553111415000046)","Unfall 8931 (2018) Kat:3, Licht: 0","8931","3","2","3","05","12","4","0","0","1","1","0","0"
"POINT (9.939372813000034 53.563637512000071)","Unfall 8932 (2018) Kat:3, Licht: 0","8932","3","6","2","07","19","4","0","0","0","1","0","1"
"POINT (9.958163719000027 53.560625640000069)","Unfall 8933 (2018) Kat:3, Licht: 0","8933","3","6","3","06","12","2","0","0","0","1","0","0"
"POINT (10.180244901000037 53.507578986000055)","Unfall 8935 (2018) Kat:3, Licht: 0","8935","3","6","2","11","10","6","0","0","0","1","0","0"
"POINT (9.849571120000064 53.572663814000066)","Unfall 8936 (2018) Kat:3, Licht: 2","8936","3","3","5","12","16","5","0","2","0","1","0","0"
"POINT (9.975029072000041 53.549489584000071)","Unfall 8937 (2018) Kat:3, Licht: 0","8937","3","3","5","06","08","4","0","0","1","1","0","0"
"POINT (9.968539613000075 53.586225683000066)","Unfall 8938 (2018) Kat:3, Licht: 0","8938","3","2","3","10","14","4","0","0","1","1","0","0"
"POINT (10.059257373000037 53.509386679000045)","Unfall 8939 (2018) Kat:3, Licht: 0","8939","3","6","2","07","16","5","0","0","0","1","0","1"
"POINT (9.932413564000058 53.431236494000075)","Unfall 8940 (2018) Kat:2, Licht: 0","8940","2","6","3","08","17","6","0","0","0","1","0","1"
"POINT (9.960190593000050 53.575566796000032)","Unfall 8941 (2018) Kat:3, Licht: 0","8941","3","6","4","09","08","5","0","0","1","0","0","0"
"POINT (9.986244664000026 53.547774685000036)","Unfall 8942 (2018) Kat:3, Licht: 0","8942","3","2","3","05","19","4","0","0","1","1","0","0"
"POINT (9.918972114000042 53.444754944000067)","Unfall 8943 (2018) Kat:3, Licht: 0","8943","3","6","3","09","15","3","0","0","0","1","0","0"
"POINT (9.908191721000037 53.620427547000077)","Unfall 8946 (2018) Kat:3, Licht: 0","8946","3","2","4","11","17","2","1","0","0","1","0","0"
"POINT (9.999933321000071 53.613167935000035)","Unfall 8947 (2018) Kat:3, Licht: 2","8947","3","1","9","12","21","3","1","2","0","1","0","0"
"POINT (10.202226353000071 53.491253305000043)","Unfall 8948 (2018) Kat:3, Licht: 0","8948","3","3","5","10","17","2","0","0","1","1","0","0"
"POINT (10.017539909000050 53.586577218000059)","Unfall 8949 (2018) Kat:3, Licht: 0","8949","3","1","0","07","06","5","0","0","1","0","0","0"
"POINT (10.130609315000072 53.528097279000065)","Unfall 8950 (2018) Kat:3, Licht: 0","8950","3","6","2","08","18","4","0","0","0","1","0","0"
"POINT (9.966811561000043 53.468376909000028)","Unfall 8953 (2018) Kat:3, Licht: 0","8953","3","6","2","11","10","2","0","0","0","1","0","0"
"POINT (9.901590498000076 53.470972124000070)","Unfall 8954 (2018) Kat:3, Licht: 0","8954","3","6","2","05","18","3","1","0","0","1","0","0"
"POINT (9.984468571000036 53.601162627000065)","Unfall 8955 (2018) Kat:3, Licht: 0","8955","3","6","2","10","12","7","0","0","0","1","0","0"
"POINT (10.022098310000047 53.543307963000075)","Unfall 8956 (2018) Kat:3, Licht: 0","8956","3","6","2","05","13","3","0","0","0","1","0","0"
"POINT (9.897064067000031 53.555825689000073)","Unfall 8957 (2018) Kat:3, Licht: 0","8957","3","3","5","07","06","3","1","0","0","1","0","0"
"POINT (10.208728672000063 53.475830482000049)","Unfall 8958 (2018) Kat:2, Licht: 0","8958","2","1","9","06","10","1","1","0","0","0","0","1"
"POINT (9.901476284000069 53.564817417000029)","Unfall 8959 (2018) Kat:3, Licht: 2","8959","3","3","5","12","20","4","0","2","0","1","0","0"
"POINT (9.930862303000026 53.563448998000069)","Unfall 8960 (2018) Kat:3, Licht: 2","8960","3","6","4","10","21","4","0","2","1","0","0","0"
"POINT (9.969890754000062 53.550842517000035)","Unfall 8961 (2018) Kat:3, Licht: 0","8961","3","2","5","07","15","6","0","0","1","1","0","0"
"POINT (10.204932677000045 53.488247879000028)","Unfall 8962 (2018) Kat:3, Licht: 0","8962","3","6","1","09","07","3","1","0","0","1","0","0"
"POINT (9.968295949000037 53.586988177000080)","Unfall 8963 (2018) Kat:3, Licht: 0","8963","3","6","2","08","12","5","1","0","0","1","0","0"
"POINT (10.167145805000075 53.514392818000033)","Unfall 8966 (2018) Kat:3, Licht: 2","8966","3","4","6","11","18","4","0","2","0","1","1","0"
"POINT (9.912583068000060 53.617337632000044)","Unfall 8967 (2018) Kat:3, Licht: 0","8967","3","6","2","05","06","3","0","0","0","1","0","0"
"POINT (10.024929359000055 53.572076902000049)","Unfall 8968 (2018) Kat:3, Licht: 0","8968","3","3","0","10","09","3","0","0","1","0","0","1"
"POINT (9.933747728000071 53.583287420000033)","Unfall 8969 (2018) Kat:3, Licht: 0","8969","3","2","4","05","18","3","0","0","1","1","0","0"
"POINT (10.022081133000029 53.543524388000037)","Unfall 8970 (2018) Kat:3, Licht: 1","8970","3","2","2","07","21","4","1","1","0","1","0","0"
"POINT (10.032262941000056 53.543333564000079)","Unfall 8971 (2018) Kat:3, Licht: 0","8971","3","6","3","06","13","1","0","0","0","1","0","0"
"POINT (10.079381699000066 53.508538148000071)","Unfall 8973 (2018) Kat:3, Licht: 2","8973","3","6","3","11","16","7","1","2","0","1","0","0"
"POINT (9.938000731000045 53.576499390000038)","Unfall 8974 (2018) Kat:3, Licht: 0","8974","3","3","5","08","17","2","0","0","1","1","0","0"
"POINT (9.901198842000042 53.471003641000038)","Unfall 8975 (2018) Kat:3, Licht: 2","8975","3","2","4","12","07","6","1","2","0","1","0","0"
"POINT (10.018722947000072 53.584658389000026)","Unfall 8977 (2018) Kat:2, Licht: 1","8977","2","4","6","10","18","5","0","1","0","1","1","0"
"POINT (9.919461153000043 53.605510506000030)","Unfall 8978 (2018) Kat:2, Licht: 0","8978","2","6","3","05","17","3","0","0","0","1","0","0"
"POINT (9.956264082000075 53.570536933000028)","Unfall 8979 (2018) Kat:3, Licht: 0","8979","3","3","5","08","07","6","0","0","1","0","0","0"
"POINT (9.927037484000039 53.563613944000053)","Unfall 8980 (2018) Kat:3, Licht: 0","8980","3","6","1","08","15","5","0","0","0","1","0","0"
"POINT (9.943179428000065 53.471150162000072)","Unfall 8981 (2018) Kat:3, Licht: 0","8981","3","6","2","09","13","4","0","0","0","0","0","0"
"POINT (9.936769487000049 53.577951679000080)","Unfall 8982 (2018) Kat:3, Licht: 0","8982","3","3","5","05","13","3","0","0","0","1","0","0"
"POINT (9.913522736000061 53.619747233000055)","Unfall 8983 (2018) Kat:3, Licht: 0","8983","3","6","2","07","13","3","0","0","0","1","0","0"
"POINT (10.012715133000029 53.547699937000061)","Unfall 8984 (2018) Kat:3, Licht: 2","8984","3","1","9","06","00","1","1","2","0","1","0","0"
"POINT (9.888616689000060 53.471947232000048)","Unfall 8986 (2018) Kat:3, Licht: 1","8986","3","2","2","11","16","5","0","1","0","1","0","0"
"POINT (9.932325009000067 53.586754172000042)","Unfall 8987 (2018) Kat:3, Licht: 2","8987","3","2","2","12","17","3","0","2","0","1","0","0"
"POINT (9.926244815000075 53.563668335000045)","Unfall 8988 (2018) Kat:3, Licht: 0","8988","3","3","5","10","16","2","0","0","1","1","0","0"
"POINT (10.034626313000047 53.564038630000027)","Unfall 8989 (2018) Kat:3, Licht: 0","8989","3","2","3","07","18","4","1","0","1","1","0","0"
"POINT (9.889066162000063 53.567715950000036)","Unfall 8990 (2018) Kat:3, Licht: 0","8990","3","6","2","08","15","6","1","0","0","1","0","0"
"POINT (9.950234157000068 53.617644950000056)","Unfall 8991 (2018) Kat:3, Licht: 0","8991","3","1","8","09","15","4","0","0","1","1","0","0"
"POINT (9.826650758000028 53.470983312000044)","Unfall 8992 (2018) Kat:3, Licht: 0","8992","3","2","5","05","16","2","0","0","0","1","0","0"
"POINT (9.986781225000073 53.603313988000082)","Unfall 8993 (2018) Kat:3, Licht: 1","8993","3","2","3","09","19","3","0","1","1","1","0","0"
"POINT (10.003347270000063 53.592315627000062)","Unfall 8996 (2018) Kat:3, Licht: 0","8996","3","6","2","11","11","7","1","0","0","1","0","1"
"POINT (9.937857588000043 53.471020139000075)","Unfall 8997 (2018) Kat:3, Licht: 2","8997","3","6","2","12","17","2","1","2","0","1","0","0"
"POINT (9.997759982000048 53.594378643000027)","Unfall 8998 (2018) Kat:3, Licht: 0","8998","3","6","2","06","08","6","1","0","0","1","0","1"
"POINT (9.914869874000033 53.564796857000033)","Unfall 8999 (2018) Kat:3, Licht: 2","8999","3","3","5","10","19","2","0","2","0","1","0","0"
"POINT (9.873150848000023 53.471821040000066)","Unfall 9000 (2018) Kat:3, Licht: 0","9000","3","1","0","07","12","2","0","0","0","0","0","1"
"POINT (10.058414577000065 53.509403805000034)","Unfall 9001 (2018) Kat:3, Licht: 0","9001","3","6","2","08","12","3","0","0","0","1","0","0"
"POINT (9.969956655000033 53.584076513000070)","Unfall 9004 (2018) Kat:3, Licht: 0","9004","3","2","5","11","07","6","0","0","1","1","0","0"
"POINT (10.159173006000060 53.560472827000069)","Unfall 9005 (2018) Kat:3, Licht: 0","9005","3","6","3","05","11","2","0","0","0","1","0","0"
"POINT (10.019166698000049 53.580503940000028)","Unfall 9006 (2018) Kat:3, Licht: 0","9006","3","3","5","10","10","6","0","0","1","1","0","0"
"POINT (9.996697078000068 53.456857276000051)","Unfall 9007 (2018) Kat:3, Licht: 0","9007","3","4","6","05","11","1","0","0","0","1","1","0"
"POINT (9.918747943000028 53.591560997000045)","Unfall 9008 (2018) Kat:2, Licht: 0","9008","2","6","2","07","13","1","0","0","0","1","0","0"
"POINT (9.935873074000028 53.579035147000070)","Unfall 9009 (2018) Kat:3, Licht: 1","9009","3","2","4","06","06","1","1","1","0","1","0","0"
"POINT (10.028309343000046 53.569272407000028)","Unfall 9011 (2018) Kat:3, Licht: 2","9011","3","3","6","11","16","5","0","2","1","0","1","0"
"POINT (9.949924546000034 53.572863606000055)","Unfall 9012 (2018) Kat:3, Licht: 0","9012","3","6","2","12","15","4","1","0","0","1","0","0"
"POINT (9.951890633000062 53.613837248000038)","Unfall 9014 (2018) Kat:3, Licht: 0","9014","3","6","2","07","13","3","0","0","0","1","0","0"
"POINT (9.934121277000031 53.627461198000049)","Unfall 9015 (2018) Kat:3, Licht: 0","9015","3","6","1","08","19","3","0","0","0","1","0","0"
"POINT (10.089981597000076 53.507773933000067)","Unfall 9016 (2018) Kat:3, Licht: 2","9016","3","6","2","09","02","2","1","2","0","1","0","0"
"POINT (10.025979973000062 53.551359405000028)","Unfall 9017 (2018) Kat:3, Licht: 0","9017","3","6","3","05","12","1","0","0","0","1","0","1"
"POINT (9.974543273000052 53.549546689000067)","Unfall 9018 (2018) Kat:3, Licht: 0","9018","3","6","3","09","15","2","0","0","0","1","0","0"
"POINT (9.955582290000052 53.570503435000035)","Unfall 9019 (2018) Kat:3, Licht: 0","9019","3","6","2","07","15","1","0","0","0","1","0","0"
"POINT (9.906063139000025 53.574591780000048)","Unfall 9020 (2018) Kat:3, Licht: 0","9020","3","6","0","06","06","1","1","0","0","1","0","0"
"POINT (9.941245173000027 53.471110569000075)","Unfall 9022 (2018) Kat:3, Licht: 0","9022","3","6","2","11","14","3","1","0","0","1","0","0"
"POINT (10.015283019000037 53.546255866000081)","Unfall 9023 (2018) Kat:3, Licht: 2","9023","3","6","2","12","22","6","1","2","0","1","0","0"
"POINT (9.777263834000053 53.580500701000062)","Unfall 9024 (2018) Kat:3, Licht: 0","9024","3","2","5","10","15","6","0","0","1","1","0","0"
"POINT (10.028771422000034 53.547796906000031)","Unfall 9026 (2018) Kat:3, Licht: 0","9026","3","3","5","11","11","6","0","0","1","1","0","0"
"POINT (9.908107786000073 53.646019975000058)","Unfall 9027 (2018) Kat:3, Licht: 0","9027","3","6","5","08","11","7","0","0","0","1","0","1"
"POINT (9.942573907000053 53.572710446000031)","Unfall 9028 (2018) Kat:3, Licht: 2","9028","3","6","4","12","18","5","1","2","1","0","0","0"
"POINT (9.907557913000062 53.617980365000051)","Unfall 9030 (2018) Kat:3, Licht: 2","9030","3","2","4","10","04","4","1","2","0","1","0","0"
"POINT (10.076487662000034 53.507457921000082)","Unfall 9031 (2018) Kat:3, Licht: 0","9031","3","6","2","05","19","7","0","0","0","1","0","0"
"POINT (9.899057966000044 53.565146152000068)","Unfall 9032 (2018) Kat:3, Licht: 0","9032","3","6","2","08","16","5","0","0","0","1","0","0"
"POINT (10.152785245000075 53.555481914000040)","Unfall 9033 (2018) Kat:3, Licht: 0","9033","3","7","8","08","15","3","0","0","0","1","0","0"
"POINT (10.025593228000048 53.552127662000032)","Unfall 9034 (2018) Kat:3, Licht: 0","9034","3","6","3","09","14","3","0","0","0","1","0","0"
"POINT (9.965840663000051 53.553126742000075)","Unfall 9035 (2018) Kat:3, Licht: 1","9035","3","3","5","05","05","7","0","1","0","1","0","0"
"POINT (9.739826879000077 53.585034212000039)","Unfall 9036 (2018) Kat:3, Licht: 0","9036","3","6","2","07","12","2","0","0","0","1","0","0"
"POINT (9.949558538000076 53.573046269000031)","Unfall 9037 (2018) Kat:3, Licht: 2","9037","3","5","1","06","03","1","1","2","0","0","0","0"
"POINT (10.128924462000043 53.528422658000068)","Unfall 9039 (2018) Kat:3, Licht: 1","9039","3","6","2","11","06","4","0","1","0","1","0","0"
"POINT (10.019798296000033 53.581503089000080)","Unfall 9040 (2018) Kat:3, Licht: 1","9040","3","2","5","12","07","2","1","1","1","1","0","0"
"POINT (9.918420041000047 53.607831233000070)","Unfall 9041 (2018) Kat:3, Licht: 0","9041","3","6","2","10","16","7","0","0","0","1","0","0"
"POINT (10.202256196000064 53.491238733000046)","Unfall 9042 (2018) Kat:3, Licht: 0","9042","3","3","5","07","14","3","0","0","1","0","0","0"
"POINT (10.166206168000031 53.514766272000031)","Unfall 9043 (2018) Kat:3, Licht: 0","9043","3","6","3","08","18","5","0","0","0","1","0","0"
"POINT (9.838774215000058 53.472182727000074)","Unfall 9044 (2018) Kat:3, Licht: 0","9044","3","3","5","09","15","2","0","0","1","1","0","0"
"POINT (9.935430201000031 53.470958771000028)","Unfall 9045 (2018) Kat:3, Licht: 0","9045","3","3","5","05","13","6","0","0","0","1","0","0"
"POINT (10.031591253000045 53.539441937000049)","Unfall 9046 (2018) Kat:2, Licht: 0","9046","2","2","3","09","08","2","0","0","1","1","0","0"
"POINT (9.992308883000021 53.592653252000048)","Unfall 9049 (2018) Kat:3, Licht: 0","9049","3","4","6","11","11","7","0","0","0","1","1","0"
"POINT (9.987491760000069 53.603255250000075)","Unfall 9050 (2018) Kat:3, Licht: 2","9050","3","3","5","12","22","2","1","2","0","1","0","0"
"POINT (9.932230408000066 53.586940948000063)","Unfall 9051 (2018) Kat:3, Licht: 0","9051","3","6","2","10","16","7","0","0","0","1","0","0"
"POINT (9.931244575000051 53.629172491000077)","Unfall 9052 (2018) Kat:3, Licht: 0","9052","3","2","1","07","14","2","0","0","0","1","0","0"
"POINT (9.932115298000042 53.587177284000063)","Unfall 9054 (2018) Kat:3, Licht: 0","9054","3","6","2","11","14","6","0","0","0","1","0","0"
"POINT (9.983056942000076 53.548464949000049)","Unfall 9055 (2018) Kat:3, Licht: 0","9055","3","6","4","08","15","3","0","0","1","0","0","0"
"POINT (9.939260137000076 53.575060573000030)","Unfall 9056 (2018) Kat:3, Licht: 2","9056","3","5","1","12","17","1","1","2","0","1","0","0"
"POINT (10.023568837000028 53.472357967000050)","Unfall 9058 (2018) Kat:3, Licht: 1","9058","3","6","2","10","06","3","1","1","0","1","0","0"
"POINT (10.009602682000036 53.590849525000067)","Unfall 9059 (2018) Kat:2, Licht: 0","9059","2","2","4","05","17","6","0","0","1","1","0","1"
"POINT (9.984162422000054 53.600859439000033)","Unfall 9060 (2018) Kat:3, Licht: 0","9060","3","3","5","10","08","5","1","0","1","1","0","0"
"POINT (10.020118472000036 53.576194451000049)","Unfall 9061 (2018) Kat:3, Licht: 0","9061","3","7","1","05","16","6","0","0","0","1","0","0"
"POINT (9.961972998000022 53.603518466000082)","Unfall 9062 (2018) Kat:2, Licht: 0","9062","2","3","5","07","09","7","0","0","1","1","0","0"
"POINT (10.026008171000058 53.551318095000056)","Unfall 9063 (2018) Kat:3, Licht: 0","9063","3","6","2","06","17","7","1","0","0","1","0","0"
"POINT (9.798679445000062 53.580058155000074)","Unfall 9065 (2018) Kat:3, Licht: 1","9065","3","6","0","11","07","4","1","1","0","1","0","1"
"POINT (9.983896081000069 53.592332246000069)","Unfall 9066 (2018) Kat:2, Licht: 2","9066","2","2","4","12","16","2","1","2","0","1","0","0"
"POINT (9.900020142000074 53.565571569000042)","Unfall 9068 (2018) Kat:3, Licht: 0","9068","3","6","2","07","19","2","0","0","0","1","0","0"
"POINT (10.022439513000052 53.574164699000050)","Unfall 9069 (2018) Kat:3, Licht: 1","9069","3","6","1","08","19","2","1","1","0","1","0","0"
"POINT (9.942745028000047 53.572707000000037)","Unfall 9070 (2018) Kat:3, Licht: 0","9070","3","6","0","09","09","2","0","0","0","0","0","1"
"POINT (9.871951461000037 53.571107816000051)","Unfall 9071 (2018) Kat:3, Licht: 0","9071","3","2","3","05","16","6","0","0","0","1","0","1"
"POINT (9.955604631000028 53.570498596000050)","Unfall 9072 (2018) Kat:3, Licht: 0","9072","3","3","0","09","17","1","0","0","1","1","0","0"
"POINT (9.879710858000067 53.568966485000033)","Unfall 9073 (2018) Kat:3, Licht: 0","9073","3","6","2","06","16","7","0","0","0","1","0","0"
"POINT (9.948091059000035 53.649523238000029)","Unfall 9075 (2018) Kat:3, Licht: 1","9075","3","6","2","11","05","3","0","1","0","1","0","0"
"POINT (10.032994247000033 53.562739835000059)","Unfall 9076 (2018) Kat:3, Licht: 2","9076","3","2","5","12","16","5","0","2","1","1","0","0"
"POINT (10.058907256000055 53.509252423000078)","Unfall 9077 (2018) Kat:3, Licht: 2","9077","3","6","3","10","00","5","0","2","0","1","0","0"
"POINT (10.062605748000067 53.550480239000080)","Unfall 9078 (2018) Kat:3, Licht: 0","9078","3","2","3","07","14","1","0","0","0","1","0","1"
"POINT (9.889567554000053 53.471910198000046)","Unfall 9079 (2018) Kat:3, Licht: 0","9079","3","3","6","08","13","2","0","0","1","0","1","0"
"POINT (9.933542131000024 53.646542513000043)","Unfall 9080 (2018) Kat:3, Licht: 0","9080","3","6","3","09","12","6","0","0","0","1","0","1"
"POINT (9.983920105000038 53.599708593000059)","Unfall 9081 (2018) Kat:2, Licht: 2","9081","2","1","8","05","03","6","0","2","0","1","0","0"
"POINT (9.916867362000062 53.542278196000041)","Unfall 9082 (2018) Kat:3, Licht: 0","9082","3","6","2","08","19","6","0","0","0","1","0","0"
"POINT (9.956151475000070 53.611387611000055)","Unfall 9085 (2018) Kat:3, Licht: 0","9085","3","7","0","11","13","6","1","0","0","0","0","1"
"POINT (9.983938233000060 53.592492836000076)","Unfall 9086 (2018) Kat:3, Licht: 2","9086","3","3","5","05","22","6","0","2","0","1","0","1"
"POINT (9.878755000000069 53.569321484000056)","Unfall 9087 (2018) Kat:2, Licht: 0","9087","2","6","2","10","09","5","0","0","0","0","0","1"
"POINT (10.023966155000039 53.469076646000076)","Unfall 9088 (2018) Kat:3, Licht: 0","9088","3","6","2","07","13","6","0","0","0","1","0","0"
"POINT (9.963624282000069 53.579399194000075)","Unfall 9089 (2018) Kat:3, Licht: 0","9089","3","2","5","11","08","5","1","0","1","1","0","0"
"POINT (9.936607374000062 53.626505996000049)","Unfall 9090 (2018) Kat:3, Licht: 0","9090","3","3","5","07","19","2","0","0","1","1","0","0"
"POINT (9.898625128000049 53.565392137000060)","Unfall 9091 (2018) Kat:3, Licht: 0","9091","3","6","3","08","09","4","0","0","0","1","0","1"
"POINT (9.908578331000058 53.576075621000030)","Unfall 9092 (2018) Kat:2, Licht: 0","9092","2","6","3","09","09","2","0","0","0","1","0","1"
"POINT (9.871653247000040 53.471766733000038)","Unfall 9093 (2018) Kat:3, Licht: 0","9093","3","6","3","05","18","5","0","0","0","1","0","0"
"POINT (10.000232131000075 53.593851767000046)","Unfall 9094 (2018) Kat:2, Licht: 0","9094","2","7","5","09","18","7","0","0","0","1","0","1"
"POINT (9.999566352000045 53.594529493000039)","Unfall 9097 (2018) Kat:3, Licht: 0","9097","3","6","2","11","12","6","1","0","0","1","0","1"
"POINT (10.024043387000063 53.470178070000031)","Unfall 9098 (2018) Kat:3, Licht: 0","9098","3","6","2","05","16","5","0","0","0","1","0","0"
"POINT (9.931990688000042 53.527171629000065)","Unfall 9099 (2018) Kat:3, Licht: 2","9099","3","6","3","12","20","1","1","2","0","1","0","0"
"POINT (9.937655266000036 53.576897122000048)","Unfall 9100 (2018) Kat:3, Licht: 2","9100","3","1","8","10","22","6","0","2","0","1","1","0"
"POINT (10.028656191000039 53.560065865000070)","Unfall 9101 (2018) Kat:3, Licht: 0","9101","3","6","0","07","15","1","0","0","0","1","0","0"
"POINT (9.839427584000021 53.472235012000056)","Unfall 9102 (2018) Kat:3, Licht: 0","9102","3","1","0","11","13","5","1","0","0","0","0","1"