WKT,Name,OBJECTID,UKATEGORIE,UTYP1,UART,UMONAT,USTUNDE,UWOCHENTAG,STRZUSTAND,ULICHTVERH,ISTRAD,ISTPKW,ISTFUSS,ISTKRAD
"POINT (9.999912065000046 53.594434236000041)","Unfall 9103 (2018) Kat:3, Licht: 0","9103","3","3","5","08","15","7","1","0","0","1","0","0"
"POINT (9.992735132000064 53.592682535000051)","Unfall 9104 (2018) Kat:3, Licht: 2","9104","3","1","2","12","23","6","1","2","0","1","0","0"
"POINT (10.003507435000074 53.592277020000040)","Unfall 9106 (2018) Kat:2, Licht: 0","9106","2","4","6","10","10","2","0","0","0","0","1","0"
"POINT (9.988049055000033 53.458464165000066)","Unfall 9107 (2018) Kat:3, Licht: 0","9107","3","6","2","05","12","5","0","0","0","1","0","0"
"POINT (10.015949905000070 53.517527515000040)","Unfall 9108 (2018) Kat:3, Licht: 0","9108","3","1","0","09","13","1","0","0","0","0","0","1"
"POINT (10.027441784000075 53.569955489000051)","Unfall 9109 (2018) Kat:3, Licht: 0","9109","3","6","2","05","17","5","0","0","0","1","0","0"
"POINT (10.017565791000038 53.586540726000067)","Unfall 9110 (2018) Kat:3, Licht: 0","9110","3","2","5","07","12","5","0","0","1","0","0","0"
"POINT (10.007953174000022 53.591237288000059)","Unfall 9111 (2018) Kat:3, Licht: 0","9111","3","6","3","06","16","7","1","0","0","1","0","0"
"POINT (9.888278966000030 53.471962733000055)","Unfall 9113 (2018) Kat:3, Licht: 2","9113","3","6","2","11","17","2","0","2","0","1","0","0"
"POINT (10.166237141000067 53.514754042000050)","Unfall 9114 (2018) Kat:3, Licht: 2","9114","3","6","1","12","17","6","1","2","0","1","0","0"
"POINT (9.870272393000050 53.471719090000079)","Unfall 9116 (2018) Kat:3, Licht: 0","9116","3","6","2","07","18","7","0","0","0","1","0","0"
"POINT (10.027079278000031 53.457250465000072)","Unfall 9117 (2018) Kat:3, Licht: 0","9117","3","6","2","08","13","1","0","0","0","1","0","0"
"POINT (10.026240056000063 53.557062450000046)","Unfall 9118 (2018) Kat:3, Licht: 0","9118","3","3","5","09","17","7","0","0","0","1","0","0"
"POINT (9.748868800000025 53.584456887000044)","Unfall 9119 (2018) Kat:3, Licht: 0","9119","3","2","4","05","19","5","0","0","0","1","0","0"
"POINT (10.100742621000052 53.493469552000079)","Unfall 9120 (2018) Kat:2, Licht: 2","9120","2","6","2","09","23","6","0","2","0","1","0","0"
"POINT (10.181780422000031 53.506955492000031)","Unfall 9121 (2018) Kat:3, Licht: 0","9121","3","6","2","06","18","6","0","0","0","1","0","1"
"POINT (9.921828727000047 53.563899109000033)","Unfall 9123 (2018) Kat:3, Licht: 0","9123","3","6","2","06","16","4","0","0","0","1","0","0"
"POINT (9.948246695000023 53.442033569000046)","Unfall 9125 (2018) Kat:3, Licht: 2","9125","3","2","2","11","18","2","1","2","0","1","0","0"
"POINT (10.053620485000067 53.551580660000070)","Unfall 9126 (2018) Kat:3, Licht: 0","9126","3","6","2","12","13","4","0","0","0","1","0","0"
"POINT (9.917130079000060 53.610032804000070)","Unfall 9127 (2018) Kat:3, Licht: 0","9127","3","6","3","10","09","4","0","0","0","1","0","0"
"POINT (10.019120164000071 53.580394996000052)","Unfall 9128 (2018) Kat:3, Licht: 0","9128","3","7","5","07","09","6","0","0","0","1","0","0"
"POINT (9.927318628000023 53.640161630000080)","Unfall 9129 (2018) Kat:3, Licht: 1","9129","3","6","2","08","04","1","0","1","0","1","0","0"
"POINT (9.976627757000074 53.587300743000071)","Unfall 9130 (2018) Kat:2, Licht: 0","9130","2","1","0","09","10","4","1","0","0","0","0","1"
"POINT (9.898355459000072 53.559981147000030)","Unfall 9131 (2018) Kat:3, Licht: 0","9131","3","6","2","08","13","5","1","0","0","1","0","1"
"POINT (9.949974721000046 53.617787314000054)","Unfall 9134 (2018) Kat:3, Licht: 0","9134","3","3","5","11","16","5","0","0","1","1","0","0"
"POINT (9.933247486000028 53.532620770000051)","Unfall 9135 (2018) Kat:3, Licht: 0","9135","3","6","3","05","09","5","0","0","0","1","0","0"
"POINT (9.930434640000044 53.646594153000080)","Unfall 9136 (2018) Kat:3, Licht: 0","9136","3","6","2","10","07","4","0","0","0","1","0","0"
"POINT (9.944989514000042 53.563745643000061)","Unfall 9137 (2018) Kat:3, Licht: 0","9137","3","7","2","05","17","5","0","0","0","1","0","1"
"POINT (10.025580223000077 53.551934704000075)","Unfall 9138 (2018) Kat:3, Licht: 0","9138","3","3","1","07","10","5","0","0","1","1","0","0"
"POINT (9.909017155000072 53.623867786000062)","Unfall 9139 (2018) Kat:3, Licht: 0","9139","3","7","0","06","19","7","1","0","0","0","0","1"
"POINT (9.901135470000043 53.471010712000066)","Unfall 9141 (2018) Kat:3, Licht: 0","9141","3","6","2","11","11","2","0","0","0","1","0","0"
"POINT (9.945460055000069 53.440820370000040)","Unfall 9142 (2018) Kat:2, Licht: 0","9142","2","3","5","08","07","4","0","0","1","1","0","0"
"POINT (10.049241593000033 53.552101851000032)","Unfall 9143 (2018) Kat:3, Licht: 2","9143","3","6","2","12","20","7","1","2","0","1","0","0"
"POINT (10.008074583000052 53.618447185000036)","Unfall 9145 (2018) Kat:3, Licht: 1","9145","3","6","2","10","07","6","0","1","0","1","0","0"
"POINT (9.968001769000068 53.551650644000063)","Unfall 9146 (2018) Kat:3, Licht: 0","9146","3","7","1","05","11","5","0","0","0","1","0","1"
"POINT (10.038992184000051 53.559043129000031)","Unfall 9147 (2018) Kat:3, Licht: 0","9147","3","2","5","08","07","6","0","0","1","1","0","0"
"POINT (9.912004242000023 53.565542089000076)","Unfall 9148 (2018) Kat:3, Licht: 0","9148","3","6","1","08","18","6","0","0","0","1","0","1"
"POINT (9.908834557000034 53.617818947000046)","Unfall 9149 (2018) Kat:3, Licht: 0","9149","3","6","2","09","14","5","0","0","0","1","0","0"
"POINT (10.168214040000066 53.513961938000079)","Unfall 9150 (2018) Kat:3, Licht: 0","9150","3","2","4","05","16","4","0","0","0","1","0","0"
"POINT (9.941232904000060 53.471110198000076)","Unfall 9151 (2018) Kat:3, Licht: 0","9151","3","6","3","07","12","3","0","0","0","1","0","0"
"POINT (9.993176786000049 53.547269301000028)","Unfall 9152 (2018) Kat:3, Licht: 0","9152","3","6","3","06","15","7","0","0","0","1","0","1"
"POINT (9.924071749000063 53.595112100000051)","Unfall 9154 (2018) Kat:3, Licht: 2","9154","3","2","4","11","06","6","0","2","0","1","0","1"
"POINT (10.079804217000060 53.507306837000044)","Unfall 9155 (2018) Kat:3, Licht: 2","9155","3","6","3","12","18","4","1","2","0","1","0","0"
"POINT (10.009840304000022 53.625347425000029)","Unfall 9156 (2018) Kat:3, Licht: 1","9156","3","1","8","10","07","2","1","1","0","1","0","0"
"POINT (10.077706321000051 53.714343934000055)","Unfall 9157 (2018) Kat:3, Licht: 0","9157","3","7","0","07","11","5","0","0","1","0","0","0"
"POINT (10.102682657000059 53.538316212000041)","Unfall 9158 (2018) Kat:3, Licht: 0","9158","3","6","3","08","17","6","0","0","0","1","0","0"
"POINT (9.927181776000055 53.538201803000049)","Unfall 9159 (2018) Kat:2, Licht: 0","9159","2","6","2","08","06","5","0","0","0","0","0","1"
"POINT (9.975357579000047 53.645803718000082)","Unfall 9160 (2018) Kat:3, Licht: 2","9160","3","1","8","12","01","4","1","2","0","1","0","0"
"POINT (9.923277001000031 53.437903894000044)","Unfall 9162 (2018) Kat:3, Licht: 2","9162","3","7","7","10","06","7","1","2","0","1","0","0"
"POINT (10.033121908000055 53.540314834000071)","Unfall 9163 (2018) Kat:3, Licht: 0","9163","3","6","3","05","16","4","0","0","0","1","0","0"
"POINT (9.973345016000053 53.549746887000026)","Unfall 9164 (2018) Kat:3, Licht: 2","9164","3","3","5","09","23","7","0","2","0","1","0","1"
"POINT (10.031842861000030 53.566385630000070)","Unfall 9165 (2018) Kat:3, Licht: 0","9165","3","6","2","05","11","4","0","0","0","1","0","0"
"POINT (9.947104054000022 53.441535928000064)","Unfall 9166 (2018) Kat:3, Licht: 0","9166","3","7","0","07","10","4","0","0","0","1","0","0"
"POINT (9.948974783000040 53.562255763000053)","Unfall 9168 (2018) Kat:3, Licht: 2","9168","3","4","6","11","20","7","0","2","0","1","1","0"
"POINT (9.901200008000046 53.471003524000082)","Unfall 9169 (2018) Kat:3, Licht: 2","9169","3","1","9","12","22","5","0","2","0","1","0","0"
"POINT (9.948453723000057 53.562359503000039)","Unfall 9171 (2018) Kat:3, Licht: 0","9171","3","2","5","07","07","6","0","0","1","1","0","0"
"POINT (10.014151500000025 53.589596296000082)","Unfall 9172 (2018) Kat:3, Licht: 0","9172","3","6","3","08","20","7","0","0","0","1","0","0"
"POINT (9.983346229000063 53.548406786000044)","Unfall 9173 (2018) Kat:3, Licht: 0","9173","3","7","9","09","08","6","0","0","0","1","0","0"
"POINT (9.927982899000028 53.563549741000031)","Unfall 9174 (2018) Kat:3, Licht: 0","9174","3","5","0","05","19","4","0","0","1","1","0","0"
"POINT (9.936081463000051 53.647392696000054)","Unfall 9175 (2018) Kat:3, Licht: 0","9175","3","6","2","09","17","4","0","0","0","1","0","0"
"POINT (10.022569442000076 53.574053739000078)","Unfall 9178 (2018) Kat:3, Licht: 2","9178","3","3","5","11","04","2","1","2","0","1","0","0"
"POINT (9.900783136000030 53.471057572000063)","Unfall 9179 (2018) Kat:3, Licht: 1","9179","3","6","3","12","07","3","0","1","0","1","0","0"
"POINT (9.923516859000074 53.633566667000082)","Unfall 9180 (2018) Kat:3, Licht: 0","9180","3","6","2","10","13","3","0","0","0","1","0","0"
"POINT (10.125090477000072 53.484991466000054)","Unfall 9181 (2018) Kat:3, Licht: 0","9181","3","6","2","07","15","5","0","0","0","1","0","0"
"POINT (9.983928398000046 53.594939808000049)","Unfall 9182 (2018) Kat:3, Licht: 1","9182","3","6","2","08","19","5","0","1","0","1","0","1"
"POINT (9.986831067000026 53.592380092000042)","Unfall 9185 (2018) Kat:3, Licht: 0","9185","3","3","5","11","07","4","0","0","1","1","0","0"
"POINT (9.924748080000029 53.633349194000061)","Unfall 9186 (2018) Kat:3, Licht: 0","9186","3","3","4","05","13","4","0","0","0","1","0","0"
"POINT (9.992879923000032 53.457559103000051)","Unfall 9187 (2018) Kat:3, Licht: 2","9187","3","2","4","10","20","2","0","2","0","1","0","0"
"POINT (9.986889938000047 53.603407050000044)","Unfall 9188 (2018) Kat:3, Licht: 0","9188","3","7","0","05","17","4","0","0","1","0","0","0"
"POINT (9.907537407000064 53.617901507000056)","Unfall 9189 (2018) Kat:3, Licht: 2","9189","3","3","5","07","21","4","1","2","0","1","0","0"
"POINT (9.917073863000042 53.610137267000027)","Unfall 9191 (2018) Kat:3, Licht: 2","9191","3","6","3","11","19","7","0","2","0","1","0","0"
"POINT (10.159759101000077 53.516906421000044)","Unfall 9192 (2018) Kat:3, Licht: 0","9192","3","6","4","08","16","1","0","0","0","1","0","0"
"POINT (10.032081197000025 53.491920721000042)","Unfall 9193 (2018) Kat:3, Licht: 2","9193","3","1","8","12","21","6","1","2","0","1","0","0"
"POINT (9.977016817000049 53.549370884000041)","Unfall 9195 (2018) Kat:3, Licht: 0","9195","3","6","3","10","10","5","1","0","1","0","0","0"
"POINT (9.961040312000023 53.559633043000076)","Unfall 9196 (2018) Kat:3, Licht: 0","9196","3","2","3","05","07","4","0","0","1","1","0","0"
"POINT (10.028266271000064 53.548446360000071)","Unfall 9197 (2018) Kat:3, Licht: 0","9197","3","6","2","08","16","5","0","0","0","1","0","0"
"POINT (10.000167115000067 53.547643979000043)","Unfall 9198 (2018) Kat:3, Licht: 0","9198","3","6","2","08","07","5","0","0","0","1","0","0"
"POINT (9.852028147000056 53.572346004000053)","Unfall 9199 (2018) Kat:3, Licht: 2","9199","3","6","2","09","19","4","0","2","0","1","0","0"
"POINT (10.203100318000054 53.490609300000074)","Unfall 9200 (2018) Kat:3, Licht: 0","9200","3","6","3","05","14","3","0","0","0","1","0","0"
"POINT (9.950222124000050 53.617655034000052)","Unfall 9201 (2018) Kat:3, Licht: 0","9201","3","3","4","07","09","3","0","0","1","1","0","0"
"POINT (9.853269736000073 53.472565973000030)","Unfall 9203 (2018) Kat:3, Licht: 2","9203","3","3","5","11","18","4","0","2","1","1","0","0"
"POINT (9.909657823000032 53.641481075000058)","Unfall 9204 (2018) Kat:3, Licht: 0","9204","3","3","5","12","12","3","0","0","0","1","0","0"
"POINT (9.930143223000073 53.645190678000063)","Unfall 9205 (2018) Kat:3, Licht: 0","9205","3","6","2","10","13","2","0","0","0","1","0","0"
"POINT (9.957334883000044 53.571814206000056)","Unfall 9206 (2018) Kat:3, Licht: 0","9206","3","2","3","07","16","4","0","0","1","1","0","0"
"POINT (9.964329666000026 53.599470138000072)","Unfall 9207 (2018) Kat:3, Licht: 0","9207","3","6","2","08","12","6","0","0","0","1","0","0"
"POINT (9.923265620000052 53.470651423000049)","Unfall 9208 (2018) Kat:2, Licht: 0","9208","2","6","2","09","17","3","0","0","0","1","0","0"
"POINT (9.944624141000077 53.572786499000074)","Unfall 9209 (2018) Kat:3, Licht: 0","9209","3","1","5","05","14","3","0","0","1","1","0","0"
"POINT (10.036514665000027 53.507964986000047)","Unfall 9210 (2018) Kat:3, Licht: 0","9210","3","6","0","09","17","2","0","0","0","1","0","0"
"POINT (9.911984651000068 53.565547498000058)","Unfall 9213 (2018) Kat:3, Licht: 1","9213","3","6","3","11","18","7","1","1","0","1","0","0"
"POINT (9.921122466000043 53.517678401000069)","Unfall 9214 (2018) Kat:3, Licht: 2","9214","3","1","8","12","04","2","1","2","0","1","0","0"
"POINT (9.969489666000072 53.584214916000064)","Unfall 9215 (2018) Kat:3, Licht: 0","9215","3","2","6","10","16","2","0","0","0","0","1","0"
"POINT (9.963862153000036 53.469282899000063)","Unfall 9216 (2018) Kat:3, Licht: 0","9216","3","6","1","07","16","2","0","0","0","1","0","0"
"POINT (10.031883787000027 53.540173259000028)","Unfall 9217 (2018) Kat:3, Licht: 2","9217","3","3","5","08","01","3","0","2","0","1","0","0"
"POINT (9.946362812000075 53.470993540000052)","Unfall 9218 (2018) Kat:2, Licht: 0","9218","2","5","1","12","15","2","1","0","0","1","0","0"
"POINT (10.023929916000043 53.522539234000078)","Unfall 9219 (2018) Kat:3, Licht: 0","9219","3","6","2","09","16","4","0","0","0","1","0","0"
"POINT (9.990973168000039 53.593032967000056)","Unfall 9220 (2018) Kat:3, Licht: 0","9220","3","7","5","05","18","3","0","0","0","1","0","0"
"POINT (9.988863214000048 53.457537468000055)","Unfall 9221 (2018) Kat:3, Licht: 0","9221","3","6","2","09","12","3","0","0","0","1","0","0"
"POINT (9.983923927000035 53.597565184000075)","Unfall 9224 (2018) Kat:3, Licht: 0","9224","3","6","1","11","15","2","1","0","0","1","0","0"
"POINT (9.938666467000076 53.575731683000072)","Unfall 9225 (2018) Kat:3, Licht: 0","9225","3","3","5","12","09","3","0","0","1","1","0","0"
"POINT (9.932736837000050 53.585925872000075)","Unfall 9226 (2018) Kat:3, Licht: 0","9226","3","3","5","10","13","2","0","0","1","1","0","0"
"POINT (9.923317419000057 53.470652700000073)","Unfall 9227 (2018) Kat:3, Licht: 0","9227","3","3","5","07","15","4","0","0","0","1","0","0"
"POINT (9.924076939000031 53.595108355000036)","Unfall 9228 (2018) Kat:3, Licht: 0","9228","3","3","4","08","08","4","0","0","0","1","0","0"
"POINT (9.949293903000068 53.573177771000076)","Unfall 9231 (2018) Kat:3, Licht: 0","9231","3","6","2","11","17","2","0","0","0","1","0","0"
"POINT (9.959462355000028 53.574695087000066)","Unfall 9232 (2018) Kat:3, Licht: 0","9232","3","4","6","05","17","3","0","0","1","0","1","0"
"POINT (9.957218465000040 53.470298643000035)","Unfall 9233 (2018) Kat:3, Licht: 0","9233","3","6","2","10","15","6","0","0","0","1","0","0"
"POINT (9.994034441000053 53.547324766000031)","Unfall 9234 (2018) Kat:3, Licht: 0","9234","3","2","5","05","15","3","0","0","1","1","0","0"
"POINT (10.022659002000069 53.526922984000066)","Unfall 9235 (2018) Kat:3, Licht: 0","9235","3","6","3","07","16","2","0","0","0","1","0","0"
"POINT (9.920315936000065 53.563981474000059)","Unfall 9237 (2018) Kat:3, Licht: 0","9237","3","6","2","11","15","6","0","0","0","1","0","0"
"POINT (9.966139333000058 53.581758520000051)","Unfall 9238 (2018) Kat:3, Licht: 0","9238","3","4","6","08","13","7","0","0","0","1","1","1"
"POINT (10.028252145000067 53.548464534000061)","Unfall 9239 (2018) Kat:3, Licht: 2","9239","3","2","4","12","05","4","0","2","1","1","0","0"
"POINT (9.929947913000035 53.563467461000073)","Unfall 9241 (2018) Kat:3, Licht: 0","9241","3","7","0","10","08","4","1","0","1","0","1","0"
"POINT (9.998899015000063 53.456076427000028)","Unfall 9242 (2018) Kat:3, Licht: 2","9242","3","2","4","05","23","2","0","2","0","1","0","0"
"POINT (10.065252352000073 53.509257842000068)","Unfall 9243 (2018) Kat:3, Licht: 0","9243","3","1","8","07","14","3","0","0","0","1","0","0"
"POINT (9.916645035000045 53.611345739000058)","Unfall 9244 (2018) Kat:3, Licht: 2","9244","3","6","3","08","04","3","0","2","0","1","0","0"
"POINT (9.796344575000035 53.580377162000048)","Unfall 9245 (2018) Kat:3, Licht: 0","9245","3","2","4","09","15","3","0","0","0","1","0","0"
"POINT (9.968955216000040 53.585073728000054)","Unfall 9246 (2018) Kat:3, Licht: 0","9246","3","4","0","05","20","2","0","0","0","0","1","0"
"POINT (9.971959073000051 53.466755469000077)","Unfall 9247 (2018) Kat:2, Licht: 0","9247","2","6","2","09","15","2","0","0","0","1","0","0"
"POINT (9.925665216000027 53.563700790000041)","Unfall 9248 (2018) Kat:3, Licht: 0","9248","3","7","0","07","16","2","0","0","1","0","0","0"
"POINT (9.930165278000061 53.591280014000063)","Unfall 9250 (2018) Kat:3, Licht: 0","9250","3","6","4","11","13","4","0","0","1","0","0","0"
"POINT (9.986236808000058 53.602891191000026)","Unfall 9251 (2018) Kat:3, Licht: 0","9251","3","2","4","12","12","2","1","0","1","1","0","0"
"POINT (10.208961916000021 53.487891660000059)","Unfall 9252 (2018) Kat:3, Licht: 0","9252","3","6","2","10","11","6","0","0","0","1","0","0"
"POINT (10.032319937000068 53.491807135000045)","Unfall 9253 (2018) Kat:3, Licht: 0","9253","3","6","2","07","13","2","0","0","0","1","0","0"
"POINT (9.989206374000048 53.547282781000035)","Unfall 9254 (2018) Kat:3, Licht: 0","9254","3","6","4","08","09","5","0","0","1","0","0","0"
"POINT (9.939760347000060 53.431217940000067)","Unfall 9255 (2018) Kat:3, Licht: 0","9255","3","6","2","09","08","2","0","0","0","1","0","0"
"POINT (10.025672836000069 53.553335514000082)","Unfall 9256 (2018) Kat:3, Licht: 0","9256","3","6","4","05","17","1","0","0","1","0","0","0"
"POINT (9.839602705000061 53.573437538000064)","Unfall 9257 (2018) Kat:3, Licht: 2","9257","3","7","8","09","22","2","0","2","0","1","0","0"
"POINT (9.840330153000025 53.472320799000045)","Unfall 9260 (2018) Kat:2, Licht: 0","9260","2","4","6","11","12","6","1","0","0","1","1","0"
"POINT (9.991980317000071 53.607525752000072)","Unfall 9261 (2018) Kat:2, Licht: 2","9261","2","1","7","05","23","1","0","2","0","1","0","0"
"POINT (9.997001877000059 53.547529740000073)","Unfall 9262 (2018) Kat:3, Licht: 0","9262","3","3","5","12","15","2","1","0","1","1","0","0"
"POINT (10.029517952000049 53.444924389000050)","Unfall 9263 (2018) Kat:3, Licht: 0","9263","3","6","2","10","15","6","0","0","0","1","0","0"
"POINT (10.009519647000047 53.516432902000076)","Unfall 9264 (2018) Kat:3, Licht: 0","9264","3","6","2","07","12","1","0","0","0","1","0","0"
"POINT (9.788341874000025 53.580590303000065)","Unfall 9266 (2018) Kat:3, Licht: 0","9266","3","7","3","11","08","6","0","0","0","1","0","1"
"POINT (10.002525909000042 53.592511543000057)","Unfall 9267 (2018) Kat:3, Licht: 0","9267","3","3","6","08","11","2","0","0","1","0","1","0"
"POINT (9.835602544000039 53.471883248000040)","Unfall 9268 (2018) Kat:3, Licht: 2","9268","3","5","1","12","22","7","1","2","0","1","0","0"
"POINT (9.899740911000038 53.563872277000030)","Unfall 9270 (2018) Kat:3, Licht: 2","9270","3","6","2","10","17","3","0","2","0","1","0","0"
"POINT (9.920704802000046 53.470589514000039)","Unfall 9271 (2018) Kat:3, Licht: 0","9271","3","7","0","05","14","7","0","0","1","0","0","0"
"POINT (10.045540586000072 53.552523935000067)","Unfall 9272 (2018) Kat:3, Licht: 0","9272","3","6","2","10","14","3","1","0","0","1","0","0"
"POINT (9.907519875000048 53.617834080000080)","Unfall 9273 (2018) Kat:3, Licht: 0","9273","3","3","5","05","12","7","0","0","0","1","0","0"
"POINT (9.954932886000051 53.561302758000068)","Unfall 9274 (2018) Kat:3, Licht: 0","9274","3","3","5","07","13","6","0","0","0","1","0","0"
"POINT (10.023012236000056 53.473537282000052)","Unfall 9275 (2018) Kat:3, Licht: 1","9275","3","1","9","06","05","6","1","1","0","1","0","0"
"POINT (10.031853557000034 53.543497701000035)","Unfall 9277 (2018) Kat:3, Licht: 2","9277","3","6","1","11","05","3","0","2","0","1","0","0"
"POINT (9.918653916000039 53.607337542000039)","Unfall 9278 (2018) Kat:3, Licht: 2","9278","3","6","3","12","19","7","0","2","0","1","0","0"
"POINT (9.898421522000035 53.560263280000072)","Unfall 9280 (2018) Kat:3, Licht: 0","9280","3","6","2","07","12","2","0","0","0","1","0","0"
"POINT (9.920591804000026 53.540076436000049)","Unfall 9281 (2018) Kat:3, Licht: 2","9281","3","6","2","08","20","2","0","2","0","1","0","0"
"POINT (9.983927513000026 53.595001546000049)","Unfall 9282 (2018) Kat:3, Licht: 0","9282","3","6","2","09","18","1","1","0","0","1","0","1"
"POINT (10.005697540000028 53.591765220000070)","Unfall 9284 (2018) Kat:3, Licht: 2","9284","3","2","3","11","17","5","0","2","1","1","0","0"
"POINT (9.932760022000025 53.470918814000072)","Unfall 9285 (2018) Kat:3, Licht: 0","9285","3","6","1","05","18","6","0","0","0","1","0","0"
"POINT (9.984060861000046 53.600745418000031)","Unfall 9286 (2018) Kat:3, Licht: 0","9286","3","6","2","10","13","6","0","0","0","1","0","0"
"POINT (9.994391855000060 53.454003455000077)","Unfall 9287 (2018) Kat:3, Licht: 0","9287","3","6","2","05","15","6","0","0","0","1","0","0"
"POINT (10.026093346000039 53.551888101000031)","Unfall 9288 (2018) Kat:3, Licht: 0","9288","3","3","5","07","16","7","0","0","0","1","0","0"
"POINT (9.963272525000036 53.600472723000053)","Unfall 9290 (2018) Kat:3, Licht: 0","9290","3","6","3","11","10","5","1","0","0","0","0","1"
"POINT (9.867418793000070 53.471618001000081)","Unfall 9291 (2018) Kat:3, Licht: 0","9291","3","5","1","12","13","2","1","0","0","1","0","0"
"POINT (10.233972163000033 53.488422407000030)","Unfall 9293 (2018) Kat:3, Licht: 2","9293","3","2","4","07","22","2","0","2","0","1","0","0"
"POINT (9.920321610000030 53.440724796000040)","Unfall 9294 (2018) Kat:3, Licht: 0","9294","3","6","3","08","13","2","0","0","0","1","0","0"
"POINT (9.927949197000032 53.592902937000076)","Unfall 9295 (2018) Kat:3, Licht: 2","9295","3","6","3","09","20","2","1","2","0","1","0","0"
"POINT (10.216012977000048 53.486120669000059)","Unfall 9296 (2018) Kat:3, Licht: 0","9296","3","2","6","05","12","6","0","0","0","0","1","0"
"POINT (10.016441393000036 53.588168925000048)","Unfall 9297 (2018) Kat:3, Licht: 0","9297","3","6","2","09","11","1","0","0","0","1","0","0"
"POINT (10.036042933000033 53.496273253000027)","Unfall 9298 (2018) Kat:3, Licht: 0","9298","3","6","2","06","08","7","0","0","0","1","0","0"
"POINT (10.251532094000027 53.472295637000059)","Unfall 9300 (2018) Kat:3, Licht: 2","9300","3","6","2","11","19","3","0","2","0","1","0","0"
"POINT (9.932916597000030 53.646479393000050)","Unfall 9301 (2018) Kat:3, Licht: 0","9301","3","6","2","12","07","6","1","0","0","1","0","0"
"POINT (9.943156095000063 53.620949900000028)","Unfall 9302 (2018) Kat:2, Licht: 1","9302","2","6","2","10","18","6","0","1","0","1","0","0"
"POINT (9.966952091000053 53.592557311000064)","Unfall 9303 (2018) Kat:3, Licht: 0","9303","3","4","1","07","15","2","0","0","1","1","1","0"
"POINT (9.932882438000036 53.585644043000059)","Unfall 9304 (2018) Kat:3, Licht: 0","9304","3","6","0","08","16","3","0","0","0","0","0","0"
"POINT (9.989079688000061 53.592933586000072)","Unfall 9305 (2018) Kat:3, Licht: 0","9305","3","6","2","09","14","1","0","0","0","1","0","1"
"POINT (10.026488545000063 53.551514136000037)","Unfall 9306 (2018) Kat:3, Licht: 0","9306","3","3","5","05","19","6","0","0","0","1","0","0"
"POINT (10.138694576000034 53.532827798000028)","Unfall 9307 (2018) Kat:3, Licht: 0","9307","3","6","2","08","16","6","0","0","0","1","0","0"
"POINT (9.926488008000035 53.563654717000077)","Unfall 9310 (2018) Kat:3, Licht: 2","9310","3","2","5","11","18","6","0","2","1","1","0","0"
"POINT (10.025564611000050 53.553043624000054)","Unfall 9311 (2018) Kat:3, Licht: 0","9311","3","7","6","05","16","6","0","0","1","0","1","0"
"POINT (9.996376981000026 53.547489444000064)","Unfall 9312 (2018) Kat:3, Licht: 2","9312","3","6","2","12","04","7","0","2","0","1","0","0"
"POINT (9.948402193000050 53.562370696000073)","Unfall 9313 (2018) Kat:3, Licht: 0","9313","3","2","4","10","16","6","0","0","1","1","0","0"
"POINT (9.987451006000072 53.603225181000028)","Unfall 9314 (2018) Kat:3, Licht: 2","9314","3","3","5","07","03","1","0","2","1","1","0","0"
"POINT (10.031935788000055 53.566308564000053)","Unfall 9315 (2018) Kat:3, Licht: 2","9315","3","2","5","11","19","5","1","2","1","1","0","0"
"POINT (9.909896981000031 53.627866365000045)","Unfall 9316 (2018) Kat:3, Licht: 0","9316","3","3","5","08","07","6","1","0","0","1","0","0"
"POINT (9.895444861000044 53.565855845000044)","Unfall 9317 (2018) Kat:3, Licht: 2","9317","3","3","5","12","17","5","1","2","1","1","0","0"
"POINT (10.026101805000053 53.558937628000081)","Unfall 9319 (2018) Kat:3, Licht: 2","9319","3","2","6","10","20","1","0","2","0","1","1","0"
"POINT (10.017398905000050 53.586776024000073)","Unfall 9320 (2018) Kat:3, Licht: 0","9320","3","6","2","05","15","6","0","0","0","1","0","0"
"POINT (10.025275274000023 53.542742194000027)","Unfall 9321 (2018) Kat:3, Licht: 2","9321","3","6","1","09","20","1","0","2","0","1","0","0"
"POINT (9.916190957000026 53.612022313000068)","Unfall 9322 (2018) Kat:3, Licht: 0","9322","3","6","0","05","14","6","0","0","0","0","0","1"
"POINT (9.911337957000058 53.636367759000052)","Unfall 9323 (2018) Kat:3, Licht: 0","9323","3","3","5","07","07","5","0","0","1","1","0","0"
"POINT (10.007114845000046 53.617844722000029)","Unfall 9325 (2018) Kat:3, Licht: 2","9325","3","6","1","11","05","2","1","2","0","1","0","0"
"POINT (10.019215779000035 53.583230295000078)","Unfall 9326 (2018) Kat:3, Licht: 0","9326","3","2","4","12","09","6","0","0","0","1","0","1"
"POINT (10.066984755000021 53.509169821000057)","Unfall 9328 (2018) Kat:3, Licht: 0","9328","3","6","2","07","10","6","0","0","0","1","0","0"
"POINT (9.914449748000038 53.512541915000043)","Unfall 9329 (2018) Kat:3, Licht: 0","9329","3","1","8","08","13","7","0","0","0","1","0","0"
"POINT (10.009566622000023 53.619623851000028)","Unfall 9330 (2018) Kat:3, Licht: 0","9330","3","6","2","09","11","6","0","0","0","1","0","0"
"POINT (9.922713942000030 53.595056628000066)","Unfall 9331 (2018) Kat:3, Licht: 0","9331","3","6","3","05","12","6","0","0","0","1","0","0"
"POINT (10.037998995000066 53.560461416000066)","Unfall 9332 (2018) Kat:3, Licht: 0","9332","3","3","5","09","10","5","0","0","0","1","0","0"
"POINT (10.025144845000057 53.542595902000073)","Unfall 9333 (2018) Kat:3, Licht: 2","9333","3","6","2","06","23","6","0","2","0","1","0","0"
"POINT (9.866940227000043 53.571479063000027)","Unfall 9335 (2018) Kat:3, Licht: 0","9335","3","3","5","06","07","4","0","0","1","1","0","0"
"POINT (10.147467852000034 53.564197858000057)","Unfall 9337 (2018) Kat:3, Licht: 2","9337","3","6","2","11","18","2","1","2","0","1","0","0"
"POINT (9.916793834000032 53.610592738000037)","Unfall 9338 (2018) Kat:2, Licht: 2","9338","2","6","2","12","17","4","0","2","0","1","0","0"