WKT,Name,OBJECTID,UKATEGORIE,UTYP1,UART,UMONAT,USTUNDE,UWOCHENTAG,STRZUSTAND,ULICHTVERH,ISTRAD,ISTPKW,ISTFUSS,ISTKRAD
"POINT (9.850843944000076 53.572494833000064)","Unfall 9339 (2018) Kat:3, Licht: 0","9339","3","6","2","10","16","4","0","0","0","1","0","0"
"POINT (9.983927753000046 53.595755237000049)","Unfall 9340 (2018) Kat:3, Licht: 0","9340","3","2","4","07","13","6","0","0","0","1","0","0"
"POINT (9.962949007000077 53.423953590000053)","Unfall 9341 (2018) Kat:3, Licht: 0","9341","3","7","6","08","08","7","0","0","0","1","1","0"
"POINT (9.884200316000033 53.472111670000061)","Unfall 9342 (2018) Kat:3, Licht: 0","9342","3","6","0","09","14","3","0","0","0","1","0","0"
"POINT (9.974063176000072 53.586385649000079)","Unfall 9343 (2018) Kat:3, Licht: 0","9343","3","2","3","08","17","5","0","0","1","1","0","0"
"POINT (9.968854924000027 53.450578834000055)","Unfall 9346 (2018) Kat:3, Licht: 2","9346","3","6","2","11","18","4","0","2","0","1","0","0"
"POINT (9.997402143000045 53.556853230000058)","Unfall 122816 (2018) Kat:3, Licht: 2","122816","3","7","3","01","00","2","1","2","0","1","0","0"
"POINT (10.040251930000068 53.567009086000041)","Unfall 122862 (2018) Kat:3, Licht: 0","122862","3","2","4","01","08","3","1","0","0","1","0","0"
"POINT (10.070381866000048 53.573038245000077)","Unfall 122880 (2018) Kat:3, Licht: 0","122880","3","3","5","01","08","2","0","0","0","1","0","0"
"POINT (9.983393779000039 53.586517167000068)","Unfall 122925 (2018) Kat:3, Licht: 2","122925","3","7","5","01","19","3","0","2","1","1","0","0"
"POINT (9.977664124000057 53.577343866000035)","Unfall 122939 (2018) Kat:2, Licht: 2","122939","2","1","9","01","01","2","1","2","0","1","0","0"
"POINT (10.089681360000043 53.553951743000027)","Unfall 122985 (2018) Kat:3, Licht: 2","122985","3","2","6","01","04","2","1","2","0","1","1","0"
"POINT (10.031624081000075 53.596034858000053)","Unfall 122989 (2018) Kat:3, Licht: 0","122989","3","6","2","01","07","3","1","0","0","1","0","0"
"POINT (9.844357029000037 53.550487923000048)","Unfall 123056 (2018) Kat:3, Licht: 2","123056","3","4","6","01","07","3","1","2","1","0","1","0"
"POINT (9.836314904000062 53.554791376000082)","Unfall 123071 (2018) Kat:2, Licht: 2","123071","2","4","6","01","01","2","1","2","0","1","1","0"
"POINT (9.960093500000028 53.456770422000034)","Unfall 123112 (2018) Kat:3, Licht: 2","123112","3","2","4","01","21","2","0","2","0","1","0","1"
"POINT (10.046611761000065 53.562653171000079)","Unfall 123115 (2018) Kat:2, Licht: 2","123115","2","4","6","01","17","5","1","2","0","1","1","0"
"POINT (10.043644602000029 53.556693491000033)","Unfall 123116 (2018) Kat:3, Licht: 0","123116","3","7","6","01","16","3","0","0","0","1","1","0"
"POINT (10.129879500000072 53.599798020000037)","Unfall 123117 (2018) Kat:3, Licht: 0","123117","3","3","5","01","13","5","0","0","1","1","0","0"
"POINT (9.992091403000075 53.587749692000045)","Unfall 123118 (2018) Kat:3, Licht: 2","123118","3","3","5","01","20","1","1","2","0","1","0","0"
"POINT (10.128172066000047 53.600946288000046)","Unfall 123119 (2018) Kat:3, Licht: 2","123119","3","2","6","01","22","5","0","2","0","1","1","0"
"POINT (10.041439060000073 53.647638098000073)","Unfall 123120 (2018) Kat:3, Licht: 2","123120","3","2","5","01","07","5","1","2","1","1","0","0"
"POINT (9.875835048000056 53.473795534000033)","Unfall 123121 (2018) Kat:2, Licht: 0","123121","2","1","0","01","15","1","0","0","0","0","0","1"
"POINT (10.070149809000043 53.571943552000050)","Unfall 123122 (2018) Kat:3, Licht: 2","123122","3","2","6","01","16","5","1","2","0","0","1","0"
"POINT (10.087799914000072 53.607885812000063)","Unfall 123123 (2018) Kat:3, Licht: 0","123123","3","3","6","01","14","5","0","0","1","0","1","0"
"POINT (9.812190459000021 53.563235922000047)","Unfall 123124 (2018) Kat:3, Licht: 0","123124","3","3","5","01","14","3","0","0","1","1","0","0"
"POINT (10.059001442000067 53.594811476000075)","Unfall 123125 (2018) Kat:3, Licht: 0","123125","3","2","5","01","11","5","0","0","0","1","0","0"
"POINT (10.027479767000045 53.570108574000074)","Unfall 123126 (2018) Kat:2, Licht: 2","123126","2","4","6","01","04","7","1","2","0","1","1","0"
"POINT (10.076041493000048 53.662860289000037)","Unfall 123127 (2018) Kat:3, Licht: 0","123127","3","7","0","01","13","5","0","0","1","0","0","0"
"POINT (10.130281738000065 53.694637489000058)","Unfall 123128 (2018) Kat:3, Licht: 1","123128","3","7","0","01","16","4","1","1","1","0","0","0"
"POINT (10.021460194000042 53.580012841000041)","Unfall 123129 (2018) Kat:3, Licht: 2","123129","3","5","1","01","21","7","0","2","0","1","0","0"
"POINT (10.111581305000072 53.582365020000054)","Unfall 123130 (2018) Kat:3, Licht: 2","123130","3","6","2","01","20","7","0","2","0","1","0","0"
"POINT (10.167600420000042 53.648810774000026)","Unfall 123131 (2018) Kat:3, Licht: 0","123131","3","3","6","01","15","5","0","0","0","1","1","0"
"POINT (10.032076404000065 53.548771104000082)","Unfall 123132 (2018) Kat:3, Licht: 0","123132","3","7","0","01","13","4","0","0","0","1","0","0"
"POINT (9.953189260000045 53.546468543000060)","Unfall 123133 (2018) Kat:3, Licht: 1","123133","3","6","2","01","07","3","1","1","0","1","0","0"
"POINT (9.954874929000027 53.548611822000055)","Unfall 123134 (2018) Kat:3, Licht: 0","123134","3","3","5","01","14","1","0","0","0","1","0","0"
"POINT (10.150832305000051 53.608549468000035)","Unfall 123135 (2018) Kat:3, Licht: 1","123135","3","7","0","01","08","3","0","1","1","0","0","0"
"POINT (10.060964454000043 53.654921847000082)","Unfall 123136 (2018) Kat:3, Licht: 1","123136","3","7","6","01","17","5","1","1","0","1","1","0"
"POINT (9.997215256000061 53.620490859000029)","Unfall 123137 (2018) Kat:3, Licht: 2","123137","3","2","6","01","18","5","1","2","0","1","1","0"
"POINT (10.103618911000069 53.575182441000038)","Unfall 123138 (2018) Kat:3, Licht: 0","123138","3","2","2","01","14","2","1","0","0","1","0","0"
"POINT (10.007376822000026 53.616329108000059)","Unfall 123139 (2018) Kat:3, Licht: 0","123139","3","6","1","01","09","5","0","0","0","1","0","0"
"POINT (10.075256311000032 53.557770159000029)","Unfall 123140 (2018) Kat:2, Licht: 2","123140","2","2","4","01","17","6","1","2","0","1","0","0"
"POINT (10.018904120000059 53.633135670000058)","Unfall 123141 (2018) Kat:3, Licht: 2","123141","3","6","2","01","16","5","1","2","0","1","0","0"
"POINT (9.874481535000030 53.568147843000077)","Unfall 123142 (2018) Kat:3, Licht: 0","123142","3","6","5","01","15","4","1","0","1","1","0","0"
"POINT (10.029206284000054 53.552150348000055)","Unfall 123143 (2018) Kat:3, Licht: 2","123143","3","1","2","01","00","6","0","2","0","1","0","0"
"POINT (10.007216044000074 53.622596300000055)","Unfall 123144 (2018) Kat:3, Licht: 1","123144","3","5","1","01","07","5","0","1","1","1","0","0"
"POINT (9.997190677000049 53.602017407000062)","Unfall 123145 (2018) Kat:3, Licht: 0","123145","3","2","4","01","12","5","0","0","0","1","0","0"
"POINT (9.918072632000076 53.579936727000074)","Unfall 123146 (2018) Kat:3, Licht: 1","123146","3","6","2","01","17","2","1","1","0","1","0","0"
"POINT (10.010342346000073 53.582877858000074)","Unfall 123147 (2018) Kat:3, Licht: 2","123147","3","6","2","01","18","5","1","2","0","1","0","0"
"POINT (10.026526381000053 53.606956776000061)","Unfall 123148 (2018) Kat:3, Licht: 2","123148","3","6","2","01","19","5","1","2","0","1","0","0"
"POINT (10.034857668000029 53.560968853000077)","Unfall 123149 (2018) Kat:3, Licht: 2","123149","3","7","1","01","23","2","1","2","0","1","0","0"
"POINT (10.045476337000025 53.589116901000068)","Unfall 123150 (2018) Kat:3, Licht: 0","123150","3","2","6","01","15","5","1","0","0","1","1","0"
"POINT (10.032350364000024 53.635427616000072)","Unfall 123151 (2018) Kat:3, Licht: 2","123151","3","3","5","01","16","6","1","2","0","1","0","0"
"POINT (10.053560762000075 53.573961135000047)","Unfall 123152 (2018) Kat:3, Licht: 2","123152","3","5","1","01","22","5","1","2","0","1","0","0"
"POINT (9.993347801000027 53.454435229000069)","Unfall 123153 (2018) Kat:3, Licht: 0","123153","3","7","2","01","14","3","1","0","0","1","0","0"
"POINT (9.940849511000067 53.578500479000070)","Unfall 123154 (2018) Kat:3, Licht: 2","123154","3","7","6","01","17","6","1","2","0","1","1","0"
"POINT (9.846976302000030 53.576132395000059)","Unfall 123155 (2018) Kat:3, Licht: 2","123155","3","3","5","01","17","5","1","2","0","1","0","0"
"POINT (9.868414637000058 53.585841518000052)","Unfall 123156 (2018) Kat:3, Licht: 0","123156","3","7","3","01","08","5","0","0","0","1","0","0"
"POINT (10.135356598000044 53.527547850000076)","Unfall 123157 (2018) Kat:3, Licht: 2","123157","3","1","8","01","00","1","1","2","0","1","0","0"
"POINT (9.980078164000076 53.597016243000041)","Unfall 123158 (2018) Kat:3, Licht: 2","123158","3","6","2","01","17","5","1","2","0","1","0","0"
"POINT (10.137634282000022 53.628938617000074)","Unfall 123159 (2018) Kat:3, Licht: 0","123159","3","6","4","01","15","5","2","0","0","1","0","0"
"POINT (9.950477825000064 53.564780923000058)","Unfall 123160 (2018) Kat:3, Licht: 0","123160","3","3","6","01","15","2","0","0","1","0","1","0"
"POINT (9.979295280000031 53.581352563000053)","Unfall 123161 (2018) Kat:3, Licht: 0","123161","3","2","5","01","09","5","0","0","0","1","0","0"
"POINT (9.933366192000051 53.557035967000047)","Unfall 123162 (2018) Kat:3, Licht: 1","123162","3","6","0","01","08","5","0","1","1","0","0","0"
"POINT (9.948698412000056 53.562352257000043)","Unfall 123163 (2018) Kat:3, Licht: 2","123163","3","2","5","01","17","6","1","2","0","1","0","0"
"POINT (9.953438181000024 53.549664561000043)","Unfall 123164 (2018) Kat:3, Licht: 0","123164","3","7","3","01","09","5","0","0","0","1","0","0"
"POINT (10.140695121000022 53.623339677000047)","Unfall 123165 (2018) Kat:3, Licht: 0","123165","3","6","2","01","14","3","1","0","0","1","0","0"
"POINT (9.917753904000051 53.552331808000076)","Unfall 123166 (2018) Kat:1, Licht: 2","123166","1","4","6","01","17","5","1","2","0","1","1","0"
"POINT (10.074844809000069 53.579417720000038)","Unfall 123167 (2018) Kat:3, Licht: 1","123167","3","1","8","01","15","3","0","1","0","0","0","1"
"POINT (10.078609308000068 53.584703492000074)","Unfall 123168 (2018) Kat:3, Licht: 2","123168","3","2","6","01","19","3","1","2","0","1","1","0"
"POINT (9.969580532000066 53.549845529000038)","Unfall 123169 (2018) Kat:3, Licht: 2","123169","3","2","3","01","19","5","1","2","1","1","0","0"
"POINT (10.105501316000073 53.542737292000027)","Unfall 123170 (2018) Kat:3, Licht: 2","123170","3","7","5","01","20","7","0","2","0","1","0","0"
"POINT (10.084723743000040 53.550627582000061)","Unfall 123171 (2018) Kat:3, Licht: 2","123171","3","2","5","01","06","4","0","2","1","1","0","0"
"POINT (9.975486151000041 53.598111399000061)","Unfall 123172 (2018) Kat:3, Licht: 2","123172","3","7","3","01","19","5","1","2","0","1","0","0"
"POINT (9.857828867000023 53.535092187000032)","Unfall 123173 (2018) Kat:3, Licht: 1","123173","3","3","5","01","07","2","0","1","1","1","0","0"
"POINT (10.124661131000039 53.586050915000044)","Unfall 123174 (2018) Kat:3, Licht: 0","123174","3","3","5","01","10","1","0","0","0","1","0","0"
"POINT (10.064093151000066 53.571234277000030)","Unfall 123175 (2018) Kat:3, Licht: 0","123175","3","5","1","01","16","3","0","0","0","1","0","0"
"POINT (10.114473848000046 53.533880291000060)","Unfall 123176 (2018) Kat:3, Licht: 2","123176","3","5","1","01","19","4","0","2","0","1","0","0"
"POINT (10.068774078000047 53.559543898000072)","Unfall 123177 (2018) Kat:3, Licht: 0","123177","3","3","5","01","09","4","0","0","1","1","0","0"
"POINT (10.006624236000050 53.549977947000059)","Unfall 123178 (2018) Kat:3, Licht: 0","123178","3","2","2","01","12","3","0","0","0","1","0","0"
"POINT (10.045451308000054 53.569522173000053)","Unfall 123179 (2018) Kat:3, Licht: 2","123179","3","2","4","01","17","3","1","2","1","1","0","0"
"POINT (10.088081263000049 53.568842042000028)","Unfall 123180 (2018) Kat:3, Licht: 0","123180","3","6","2","01","09","4","1","0","0","1","0","0"
"POINT (10.043682822000051 53.595559252000044)","Unfall 123181 (2018) Kat:3, Licht: 2","123181","3","2","4","01","20","3","1","2","1","1","0","0"
"POINT (10.086120349000055 53.571627154000055)","Unfall 123182 (2018) Kat:3, Licht: 0","123182","3","3","5","01","10","4","0","0","0","1","0","0"
"POINT (10.090153232000034 53.618060621000041)","Unfall 123183 (2018) Kat:3, Licht: 2","123183","3","7","1","01","19","7","0","2","0","1","0","0"
"POINT (10.012782921000053 53.604893517000050)","Unfall 123184 (2018) Kat:3, Licht: 2","123184","3","3","5","01","06","4","0","2","0","1","0","0"
"POINT (10.119825853000066 53.606415430000027)","Unfall 123185 (2018) Kat:3, Licht: 0","123185","3","7","5","01","09","4","1","0","0","1","0","0"
"POINT (9.968347783000070 53.462141057000053)","Unfall 123186 (2018) Kat:3, Licht: 1","123186","3","6","3","01","07","2","0","1","1","1","0","0"
"POINT (10.040111407000040 53.556009823000068)","Unfall 123187 (2018) Kat:2, Licht: 2","123187","2","3","5","01","07","7","1","2","1","1","0","0"
"POINT (10.051236917000040 53.586638090000065)","Unfall 123188 (2018) Kat:3, Licht: 2","123188","3","3","5","01","18","4","0","2","0","1","0","1"
"POINT (9.923944621000032 53.592083936000051)","Unfall 123189 (2018) Kat:3, Licht: 0","123189","3","3","5","01","14","4","0","0","0","1","0","0"
"POINT (10.155984565000040 53.614446864000058)","Unfall 123190 (2018) Kat:3, Licht: 2","123190","3","2","5","01","20","2","1","2","0","1","0","0"
"POINT (9.921882285000038 53.554163109000058)","Unfall 123191 (2018) Kat:3, Licht: 2","123191","3","7","0","01","19","4","0","2","0","0","0","1"
"POINT (10.101149540000051 53.597325749000049)","Unfall 123192 (2018) Kat:2, Licht: 0","123192","2","7","0","01","12","6","1","0","0","1","0","0"
"POINT (9.992979997000077 53.500311157000056)","Unfall 123193 (2018) Kat:3, Licht: 0","123193","3","6","0","01","11","3","0","0","0","1","0","0"
"POINT (10.192354059000024 53.489305788000081)","Unfall 123194 (2018) Kat:3, Licht: 0","123194","3","3","5","01","17","3","0","0","1","1","0","0"
"POINT (9.980821054000046 53.556319466000048)","Unfall 123195 (2018) Kat:3, Licht: 2","123195","3","1","0","01","22","7","1","2","0","0","0","1"
"POINT (10.201837653000041 53.488864237000030)","Unfall 123196 (2018) Kat:2, Licht: 2","123196","2","3","6","01","20","3","0","2","0","1","1","0"
"POINT (10.048754965000057 53.582519803000082)","Unfall 123197 (2018) Kat:3, Licht: 0","123197","3","2","2","01","10","4","1","0","0","1","0","0"
"POINT (9.793442224000046 53.568027277000056)","Unfall 123198 (2018) Kat:3, Licht: 0","123198","3","3","5","01","12","7","1","0","0","1","0","0"
"POINT (10.206524736000063 53.477788853000050)","Unfall 123199 (2018) Kat:3, Licht: 0","123199","3","3","5","01","14","3","0","0","0","1","0","0"
"POINT (10.097059972000068 53.542013382000050)","Unfall 123200 (2018) Kat:3, Licht: 0","123200","3","6","3","01","15","3","0","0","0","1","0","0"
"POINT (10.041160261000073 53.593155142000057)","Unfall 123201 (2018) Kat:3, Licht: 2","123201","3","3","5","01","22","2","0","2","0","1","0","0"
"POINT (10.084515426000053 53.554757555000037)","Unfall 123202 (2018) Kat:3, Licht: 0","123202","3","6","2","01","15","3","0","0","0","1","0","0"
"POINT (9.903379061000067 53.608599438000056)","Unfall 123203 (2018) Kat:3, Licht: 0","123203","3","6","2","01","12","6","1","0","0","1","0","0"
"POINT (9.953016720000051 53.463384566000059)","Unfall 123204 (2018) Kat:3, Licht: 0","123204","3","2","3","01","11","2","0","0","0","1","0","0"
"POINT (10.103722120000043 53.702300629000035)","Unfall 123205 (2018) Kat:3, Licht: 0","123205","3","3","5","01","10","3","1","0","1","0","0","0"
"POINT (10.081658550000043 53.642072315000064)","Unfall 123206 (2018) Kat:3, Licht: 2","123206","3","7","5","01","18","3","0","2","0","1","0","0"
"POINT (10.032238824000046 53.539074023000069)","Unfall 123207 (2018) Kat:3, Licht: 0","123207","3","2","3","01","08","3","1","0","0","1","0","0"
"POINT (10.116437642000051 53.564832518000060)","Unfall 123208 (2018) Kat:3, Licht: 0","123208","3","3","5","01","15","5","1","0","1","1","0","0"
"POINT (10.167359557000054 53.650256206000051)","Unfall 123209 (2018) Kat:2, Licht: 2","123209","2","3","6","01","17","3","0","2","0","1","1","0"
"POINT (10.075070069000049 53.652633013000070)","Unfall 123210 (2018) Kat:3, Licht: 0","123210","3","6","2","01","14","3","0","0","0","1","0","0"
"POINT (9.931784910000033 53.554188980000049)","Unfall 123211 (2018) Kat:3, Licht: 2","123211","3","1","1","01","05","4","1","2","1","0","0","1"
"POINT (10.067764131000047 53.570361166000055)","Unfall 123212 (2018) Kat:3, Licht: 1","123212","3","3","0","01","07","6","1","1","0","1","0","1"
"POINT (9.996243587000038 53.583967097000027)","Unfall 123213 (2018) Kat:3, Licht: 0","123213","3","6","2","01","08","3","0","0","0","1","0","0"
"POINT (10.043094752000059 53.596878790000062)","Unfall 123214 (2018) Kat:3, Licht: 1","123214","3","6","2","01","17","3","0","1","0","1","0","0"
"POINT (9.947199965000038 53.551645983000071)","Unfall 123215 (2018) Kat:3, Licht: 0","123215","3","5","1","01","10","2","1","0","1","1","0","0"
"POINT (9.988135329000045 53.577649650000069)","Unfall 123216 (2018) Kat:3, Licht: 2","123216","3","4","6","01","18","3","0","2","1","0","1","0"
"POINT (9.857793202000039 53.535042868000062)","Unfall 123217 (2018) Kat:2, Licht: 1","123217","2","2","4","01","08","5","1","1","0","1","0","1"
"POINT (9.985105854000040 53.510555976000035)","Unfall 123218 (2018) Kat:3, Licht: 0","123218","3","7","8","01","13","2","0","0","0","1","0","0"
"POINT (9.982026599000051 53.427919098000075)","Unfall 123219 (2018) Kat:3, Licht: 2","123219","3","6","1","01","17","2","0","2","0","1","0","0"
"POINT (10.209058969000068 53.483241383000063)","Unfall 123220 (2018) Kat:3, Licht: 0","123220","3","3","5","01","09","2","0","0","1","0","0","0"
"POINT (10.077882787000021 53.579412580000053)","Unfall 123221 (2018) Kat:3, Licht: 0","123221","3","3","5","01","13","3","0","0","1","0","0","0"
"POINT (10.077335908000066 53.653017300000045)","Unfall 123222 (2018) Kat:3, Licht: 1","123222","3","2","3","01","07","3","1","1","1","1","0","0"
"POINT (10.089562322000063 53.511275902000079)","Unfall 123223 (2018) Kat:3, Licht: 0","123223","3","3","5","01","11","2","0","0","0","1","0","0"
"POINT (10.021398923000049 53.550071104000040)","Unfall 123224 (2018) Kat:2, Licht: 2","123224","2","4","6","01","21","7","1","2","0","1","1","0"
"POINT (10.085488912000073 53.549704178000070)","Unfall 123225 (2018) Kat:3, Licht: 0","123225","3","6","1","01","12","2","0","0","0","1","0","0"
"POINT (10.047187485000052 53.555346030000067)","Unfall 123226 (2018) Kat:3, Licht: 0","123226","3","6","2","01","15","2","0","0","0","1","0","0"
"POINT (9.878950447000023 53.585811485000079)","Unfall 123227 (2018) Kat:3, Licht: 2","123227","3","6","2","01","19","1","1","2","0","1","0","0"
"POINT (10.144486236000034 53.579481695000027)","Unfall 123228 (2018) Kat:3, Licht: 0","123228","3","3","5","01","14","2","0","0","0","1","0","0"
"POINT (10.088229808000051 53.651105433000055)","Unfall 123229 (2018) Kat:3, Licht: 0","123229","3","6","3","01","11","5","2","0","0","1","0","0"
"POINT (9.997459248000041 53.556836849000035)","Unfall 123230 (2018) Kat:3, Licht: 2","123230","3","6","2","01","18","2","1","2","0","1","0","0"
"POINT (10.028837395000039 53.544852413000058)","Unfall 123231 (2018) Kat:3, Licht: 2","123231","3","6","2","01","07","2","0","2","0","1","0","0"
"POINT (10.065119219000053 53.569759128000044)","Unfall 123232 (2018) Kat:3, Licht: 2","123232","3","2","3","01","07","2","0","2","1","1","0","0"
"POINT (10.057033070000045 53.575819649000039)","Unfall 123233 (2018) Kat:3, Licht: 2","123233","3","6","4","01","07","2","0","2","0","1","0","0"
"POINT (9.858291045000044 53.582417514000042)","Unfall 123234 (2018) Kat:3, Licht: 2","123234","3","7","2","01","18","3","1","2","0","1","0","0"
"POINT (9.856744185000025 53.548524540000074)","Unfall 123235 (2018) Kat:3, Licht: 1","123235","3","6","2","01","07","2","0","1","0","1","0","0"
"POINT (10.042669776000025 53.598351363000063)","Unfall 123236 (2018) Kat:3, Licht: 2","123236","3","3","5","01","19","7","0","2","1","1","0","0"
"POINT (10.141214272000070 53.629044048000026)","Unfall 123237 (2018) Kat:3, Licht: 0","123237","3","6","2","01","09","2","0","0","0","1","0","0"
"POINT (9.887119396000060 53.598843374000069)","Unfall 123238 (2018) Kat:3, Licht: 0","123238","3","2","5","01","12","2","0","0","1","1","0","0"
"POINT (10.161899673000050 53.650226801000031)","Unfall 123239 (2018) Kat:3, Licht: 2","123239","3","6","2","01","08","4","1","2","0","1","0","0"
"POINT (10.109000604000073 53.592808177000052)","Unfall 123240 (2018) Kat:3, Licht: 0","123240","3","6","2","01","15","7","0","0","0","1","0","0"
"POINT (10.137434979000034 53.592761853000070)","Unfall 123241 (2018) Kat:2, Licht: 0","123241","2","7","0","01","15","2","0","0","0","0","0","0"
"POINT (9.957848293000041 53.589163919000043)","Unfall 123242 (2018) Kat:3, Licht: 0","123242","3","7","0","01","13","2","1","0","0","0","0","0"
"POINT (10.006124568000075 53.550237416000073)","Unfall 123243 (2018) Kat:3, Licht: 2","123243","3","2","4","01","16","2","0","2","0","1","0","0"
"POINT (10.000518383000042 53.515055330000052)","Unfall 123244 (2018) Kat:3, Licht: 1","123244","3","3","5","01","16","4","0","1","1","1","0","0"
"POINT (9.966105418000041 53.557226407000030)","Unfall 123245 (2018) Kat:3, Licht: 0","123245","3","7","0","01","14","1","0","0","1","0","0","0"
"POINT (10.211351815000057 53.500753329000077)","Unfall 123246 (2018) Kat:3, Licht: 2","123246","3","1","8","01","03","1","1","2","0","1","0","0"
"POINT (9.998492748000047 53.648304327000062)","Unfall 123247 (2018) Kat:3, Licht: 0","123247","3","7","5","01","13","1","0","0","0","1","0","0"
"POINT (10.148342800000023 53.522156830000029)","Unfall 123248 (2018) Kat:3, Licht: 2","123248","3","7","2","01","19","2","1","2","0","1","0","0"
"POINT (10.023302215000058 53.558275534000074)","Unfall 123249 (2018) Kat:3, Licht: 0","123249","3","3","5","01","14","1","0","0","0","1","0","0"
"POINT (10.106226050000032 53.546516570000051)","Unfall 123250 (2018) Kat:3, Licht: 1","123250","3","6","2","01","15","6","1","1","0","1","0","0"
"POINT (10.117831618000025 53.606980038000074)","Unfall 123251 (2018) Kat:3, Licht: 2","123251","3","6","2","01","19","2","0","2","0","1","0","0"
"POINT (10.005745345000037 53.551961904000052)","Unfall 123252 (2018) Kat:3, Licht: 0","123252","3","2","1","01","15","1","0","0","0","1","0","0"
"POINT (9.908889383000030 53.559514928000056)","Unfall 123253 (2018) Kat:3, Licht: 2","123253","3","4","6","01","18","4","1","2","0","1","1","0"
"POINT (9.936318686000050 53.550316223000038)","Unfall 123254 (2018) Kat:3, Licht: 2","123254","3","3","5","01","03","7","1","2","0","1","0","0"
"POINT (10.069792357000040 53.579493954000043)","Unfall 123255 (2018) Kat:3, Licht: 2","123255","3","2","4","01","22","7","0","2","0","1","0","0"
"POINT (10.069903194000062 53.603317355000058)","Unfall 123256 (2018) Kat:3, Licht: 0","123256","3","6","3","01","15","7","0","0","0","1","0","0"
"POINT (9.919201015000056 53.564284595000061)","Unfall 123257 (2018) Kat:3, Licht: 2","123257","3","6","2","01","17","2","1","2","0","1","0","0"
"POINT (10.053268907000074 53.584783650000077)","Unfall 123258 (2018) Kat:3, Licht: 2","123258","3","2","6","01","17","7","0","2","0","1","1","0"
"POINT (9.852194699000052 53.579257895000069)","Unfall 123259 (2018) Kat:3, Licht: 0","123259","3","2","5","01","14","6","1","0","0","1","0","0"
"POINT (10.025670743000035 53.649969996000038)","Unfall 123260 (2018) Kat:3, Licht: 2","123260","3","2","3","01","19","2","1","2","1","1","0","0"
"POINT (9.981304003000048 53.591262522000079)","Unfall 123261 (2018) Kat:3, Licht: 0","123261","3","3","5","01","10","7","1","0","1","1","0","0"
"POINT (10.083764741000039 53.574439651000034)","Unfall 123262 (2018) Kat:3, Licht: 2","123262","3","2","4","01","21","6","0","2","1","1","0","0"
"POINT (10.148739951000039 53.585920860000044)","Unfall 123263 (2018) Kat:3, Licht: 2","123263","3","3","5","01","07","2","0","2","0","1","0","0"
"POINT (9.989341793000051 53.558296561000077)","Unfall 123264 (2018) Kat:3, Licht: 2","123264","3","3","5","01","02","7","1","2","0","1","0","0"
"POINT (9.969802677000075 53.550074733000031)","Unfall 123265 (2018) Kat:3, Licht: 2","123265","3","2","6","01","19","4","1","2","0","1","1","0"
"POINT (9.860962525000048 53.597826938000082)","Unfall 123266 (2018) Kat:3, Licht: 2","123266","3","3","5","01","17","6","1","2","1","1","0","0"
"POINT (9.878882710000028 53.529624247000072)","Unfall 123267 (2018) Kat:2, Licht: 0","123267","2","4","6","01","16","6","1","0","0","1","1","0"
"POINT (10.201801972000055 53.485733794000055)","Unfall 123268 (2018) Kat:1, Licht: 2","123268","1","2","6","01","06","6","1","2","0","0","1","0"
"POINT (10.210677328000031 53.509006774000056)","Unfall 123269 (2018) Kat:3, Licht: 0","123269","3","3","5","01","09","1","1","0","0","1","0","0"
"POINT (10.149386928000069 53.527415816000030)","Unfall 123270 (2018) Kat:3, Licht: 0","123270","3","2","5","01","15","6","0","0","1","1","0","0"
"POINT (10.028242892000037 53.526558201000057)","Unfall 123271 (2018) Kat:3, Licht: 0","123271","3","3","5","01","14","5","1","0","0","1","0","0"
"POINT (9.980661525000073 53.596810670000082)","Unfall 123272 (2018) Kat:3, Licht: 2","123272","3","2","4","01","05","2","0","2","1","0","0","0"
"POINT (10.067584650000072 53.582636474000026)","Unfall 123273 (2018) Kat:3, Licht: 1","123273","3","6","2","01","16","2","1","1","0","1","0","0"
"POINT (10.097868598000048 53.541661288000057)","Unfall 123274 (2018) Kat:3, Licht: 2","123274","3","7","4","01","19","6","1","2","0","1","0","0"
"POINT (10.041829642000039 53.550947843000074)","Unfall 123275 (2018) Kat:3, Licht: 2","123275","3","3","5","01","00","6","1","2","0","1","0","0"
"POINT (10.100102799000069 53.586074844000052)","Unfall 123276 (2018) Kat:3, Licht: 2","123276","3","6","2","01","18","2","1","2","0","1","0","0"
"POINT (10.058149190000051 53.578451208000047)","Unfall 123277 (2018) Kat:3, Licht: 0","123277","3","3","5","01","12","6","1","0","0","1","0","0"
"POINT (10.015373985000053 53.548411574000056)","Unfall 123278 (2018) Kat:3, Licht: 2","123278","3","6","3","01","20","3","1","2","0","1","0","0"
"POINT (10.076685175000023 53.660738335000076)","Unfall 123279 (2018) Kat:3, Licht: 0","123279","3","3","5","01","13","6","1","0","0","1","0","0"
"POINT (10.102044385000056 53.647296928000060)","Unfall 123280 (2018) Kat:3, Licht: 0","123280","3","2","4","01","14","6","1","0","0","1","0","0"
"POINT (10.151540117000025 53.609362067000063)","Unfall 123281 (2018) Kat:3, Licht: 2","123281","3","2","6","01","19","3","1","2","0","1","1","0"
"POINT (10.029702072000021 53.630822964000060)","Unfall 123282 (2018) Kat:3, Licht: 0","123282","3","6","0","01","12","6","1","0","0","1","0","0"
"POINT (10.105060226000035 53.456939954000063)","Unfall 123283 (2018) Kat:3, Licht: 0","123283","3","3","5","01","09","7","1","0","0","1","0","0"