WKT,Name,OBJECTID,UKATEGORIE,UTYP1,UART,UMONAT,USTUNDE,UWOCHENTAG,STRZUSTAND,ULICHTVERH,ISTRAD,ISTPKW,ISTFUSS,ISTKRAD
"POINT (10.100088057000050 53.586414584000067)","Unfall 123284 (2018) Kat:2, Licht: 0","123284","2","3","5","01","09","2","0","0","1","1","0","0"
"POINT (10.005168009000045 53.607258193000064)","Unfall 123285 (2018) Kat:3, Licht: 0","123285","3","3","5","01","13","6","1","0","1","1","0","0"
"POINT (9.888459766000040 53.601027351000027)","Unfall 123286 (2018) Kat:3, Licht: 0","123286","3","2","2","01","13","5","0","0","0","1","0","0"
"POINT (9.960787032000042 53.462660234000055)","Unfall 123287 (2018) Kat:3, Licht: 0","123287","3","3","5","01","14","1","0","0","0","1","0","0"
"POINT (10.035516871000027 53.638127263000058)","Unfall 123288 (2018) Kat:3, Licht: 0","123288","3","4","6","01","14","2","0","0","0","1","1","0"
"POINT (10.018901730000039 53.580449763000047)","Unfall 123289 (2018) Kat:3, Licht: 0","123289","3","3","5","01","10","6","1","0","1","1","0","0"
"POINT (9.959034825000060 53.626914690000035)","Unfall 123290 (2018) Kat:3, Licht: 0","123290","3","3","5","01","08","3","0","0","1","1","0","0"
"POINT (9.928260179000063 53.579369256000064)","Unfall 123291 (2018) Kat:3, Licht: 0","123291","3","3","5","01","09","6","1","0","0","1","0","0"
"POINT (9.962944202000074 53.581118031000074)","Unfall 123292 (2018) Kat:3, Licht: 2","123292","3","2","6","01","22","3","0","2","0","1","1","0"
"POINT (9.893141290000074 53.610022343000082)","Unfall 123293 (2018) Kat:3, Licht: 0","123293","3","7","7","01","16","6","1","0","1","0","0","0"
"POINT (9.918366715000047 53.578582065000035)","Unfall 123294 (2018) Kat:3, Licht: 0","123294","3","6","2","01","11","7","1","0","0","1","0","0"
"POINT (10.033860000000061 53.633229066000069)","Unfall 123295 (2018) Kat:3, Licht: 1","123295","3","2","4","01","08","2","0","1","0","1","0","0"
"POINT (10.016627205000077 53.562087580000082)","Unfall 123296 (2018) Kat:3, Licht: 0","123296","3","2","4","01","09","3","1","0","0","1","0","0"
"POINT (9.881071804000044 53.583629724000048)","Unfall 123297 (2018) Kat:3, Licht: 1","123297","3","2","2","01","16","6","1","1","0","1","0","0"
"POINT (10.082394672000021 53.621128400000032)","Unfall 123298 (2018) Kat:3, Licht: 0","123298","3","7","5","01","14","7","0","0","0","1","0","0"
"POINT (10.001965810000058 53.591898870000080)","Unfall 123299 (2018) Kat:3, Licht: 0","123299","3","2","4","01","08","2","0","0","1","1","0","0"
"POINT (9.916340216000037 53.553859372000034)","Unfall 123300 (2018) Kat:2, Licht: 2","123300","2","7","0","01","00","6","1","2","1","0","0","0"
"POINT (10.106307473000072 53.568516139000053)","Unfall 123301 (2018) Kat:3, Licht: 2","123301","3","6","3","01","18","4","1","2","0","1","0","0"
"POINT (10.144686667000030 53.545180580000078)","Unfall 123302 (2018) Kat:2, Licht: 2","123302","2","2","4","01","18","7","0","2","0","1","0","0"
"POINT (10.020277751000037 53.613773772000059)","Unfall 123303 (2018) Kat:3, Licht: 2","123303","3","6","2","01","20","2","1","2","0","1","0","0"
"POINT (9.959504797000022 53.612330342000064)","Unfall 123304 (2018) Kat:3, Licht: 0","123304","3","3","5","01","15","6","1","0","0","1","0","0"
"POINT (9.964985048000074 53.578965251000056)","Unfall 123305 (2018) Kat:3, Licht: 0","123305","3","2","5","01","12","6","1","0","1","1","0","0"
"POINT (10.092573556000048 53.651931433000073)","Unfall 123306 (2018) Kat:3, Licht: 0","123306","3","3","6","01","12","3","0","0","1","0","1","0"
"POINT (10.136932228000035 53.592519756000058)","Unfall 123307 (2018) Kat:3, Licht: 2","123307","3","6","2","01","17","2","1","2","0","1","0","0"
"POINT (9.951733023000031 53.577439899000069)","Unfall 123308 (2018) Kat:3, Licht: 2","123308","3","7","1","01","17","6","0","2","1","1","0","0"
"POINT (10.117446432000065 53.532495170000061)","Unfall 123309 (2018) Kat:3, Licht: 2","123309","3","7","3","01","19","6","1","2","0","1","0","0"
"POINT (10.012536923000027 53.606385824000029)","Unfall 123310 (2018) Kat:3, Licht: 0","123310","3","6","2","01","08","2","0","0","0","1","0","0"
"POINT (9.990869468000028 53.560627503000035)","Unfall 123311 (2018) Kat:3, Licht: 2","123311","3","3","5","01","07","6","1","2","0","1","0","0"
"POINT (9.965471113000035 53.603556837000042)","Unfall 123312 (2018) Kat:3, Licht: 2","123312","3","1","4","01","20","4","1","2","0","1","0","0"
"POINT (10.146945103000064 53.629890263000050)","Unfall 123313 (2018) Kat:3, Licht: 0","123313","3","2","2","01","13","6","1","0","0","1","0","0"
"POINT (10.025887305000026 53.558939050000049)","Unfall 123314 (2018) Kat:3, Licht: 2","123314","3","6","2","01","19","2","1","2","0","1","0","0"
"POINT (9.967064024000024 53.558669817000066)","Unfall 123315 (2018) Kat:3, Licht: 2","123315","3","7","0","01","19","6","1","2","1","0","0","0"
"POINT (9.964915530000042 53.565095230000054)","Unfall 123316 (2018) Kat:3, Licht: 2","123316","3","7","3","01","16","6","0","2","0","1","0","0"
"POINT (10.027066841000021 53.631212206000043)","Unfall 123317 (2018) Kat:3, Licht: 2","123317","3","6","2","01","18","4","1","2","0","1","0","0"
"POINT (10.056789885000057 53.568360307000034)","Unfall 123318 (2018) Kat:3, Licht: 2","123318","3","5","1","01","22","7","0","2","0","1","0","0"
"POINT (10.049539327000048 53.580659508000053)","Unfall 123319 (2018) Kat:3, Licht: 0","123319","3","3","5","01","15","2","0","0","0","1","0","0"
"POINT (9.996670490000042 53.548934396000050)","Unfall 123320 (2018) Kat:3, Licht: 0","123320","3","7","3","01","15","6","1","0","0","1","0","0"
"POINT (10.107346452000058 53.541928409000036)","Unfall 123321 (2018) Kat:3, Licht: 2","123321","3","4","6","01","20","5","1","2","0","1","1","0"
"POINT (10.042359314000066 53.588923433000048)","Unfall 123322 (2018) Kat:3, Licht: 2","123322","3","2","3","01","07","2","1","2","1","1","0","0"
"POINT (10.156231119000040 53.600139993000028)","Unfall 123323 (2018) Kat:2, Licht: 1","123323","2","3","5","01","08","5","1","1","1","1","0","0"
"POINT (10.042530491000036 53.597684630000060)","Unfall 123324 (2018) Kat:3, Licht: 2","123324","3","7","0","01","20","6","1","2","0","1","0","0"
"POINT (9.820217686000035 53.561751673000060)","Unfall 123325 (2018) Kat:3, Licht: 0","123325","3","6","6","01","15","2","0","0","1","0","1","0"
"POINT (10.126996092000070 53.586921348000033)","Unfall 123326 (2018) Kat:3, Licht: 2","123326","3","7","4","01","17","5","1","2","0","1","0","0"
"POINT (10.149513478000074 53.529730222000069)","Unfall 123327 (2018) Kat:3, Licht: 2","123327","3","4","6","01","20","3","1","2","0","1","1","0"
"POINT (9.974181000000044 53.555505783000058)","Unfall 123328 (2018) Kat:2, Licht: 2","123328","2","3","5","01","18","6","1","2","1","0","0","0"
"POINT (10.071126538000044 53.608664606000048)","Unfall 123329 (2018) Kat:3, Licht: 0","123329","3","6","2","01","14","5","1","0","0","1","0","0"
"POINT (10.042590308000058 53.579163822000055)","Unfall 123330 (2018) Kat:3, Licht: 2","123330","3","6","3","01","17","5","1","2","0","1","0","0"
"POINT (10.057823406000068 53.554884237000067)","Unfall 123331 (2018) Kat:3, Licht: 2","123331","3","2","5","01","19","1","1","2","1","1","0","0"
"POINT (9.878640756000038 53.618733384000052)","Unfall 123332 (2018) Kat:3, Licht: 2","123332","3","3","5","01","18","5","1","2","0","1","0","0"
"POINT (9.980541595000034 53.588693445000047)","Unfall 123333 (2018) Kat:3, Licht: 0","123333","3","3","5","01","09","5","1","0","1","1","0","0"
"POINT (9.948087009000062 53.548916214000030)","Unfall 123334 (2018) Kat:3, Licht: 0","123334","3","6","1","01","13","2","1","0","0","1","0","0"
"POINT (9.935941122000031 53.550279553000053)","Unfall 123335 (2018) Kat:3, Licht: 2","123335","3","2","5","01","18","5","0","2","1","1","1","0"
"POINT (9.965845530000024 53.546371815000043)","Unfall 123336 (2018) Kat:3, Licht: 0","123336","3","6","2","01","11","6","1","0","0","1","0","0"
"POINT (9.862029532000065 53.577775727000073)","Unfall 123337 (2018) Kat:3, Licht: 1","123337","3","2","4","01","16","2","1","1","1","1","0","0"
"POINT (10.006061079000062 53.550128013000062)","Unfall 123338 (2018) Kat:3, Licht: 2","123338","3","2","5","01","05","5","1","2","1","1","0","0"
"POINT (10.067640981000068 53.582534383000052)","Unfall 123339 (2018) Kat:3, Licht: 0","123339","3","3","5","01","14","3","1","0","1","1","0","0"
"POINT (9.916555408000022 53.481416063000040)","Unfall 123340 (2018) Kat:3, Licht: 1","123340","3","6","2","01","08","4","1","1","0","1","0","0"
"POINT (10.058467916000041 53.577175065000063)","Unfall 123341 (2018) Kat:2, Licht: 0","123341","2","1","9","01","11","3","0","0","0","1","0","0"
"POINT (10.095411367000054 53.588218828000038)","Unfall 123342 (2018) Kat:3, Licht: 2","123342","3","2","4","01","20","3","1","2","0","1","0","0"
"POINT (9.962973838000039 53.465368088000048)","Unfall 123343 (2018) Kat:2, Licht: 2","123343","2","2","6","01","18","4","1","2","0","1","1","0"
"POINT (10.089835246000064 53.513363532000028)","Unfall 123344 (2018) Kat:2, Licht: 0","123344","2","7","6","01","09","7","0","0","0","1","1","0"
"POINT (9.875053179000076 53.595001319000062)","Unfall 123345 (2018) Kat:3, Licht: 0","123345","3","3","5","01","13","2","0","0","1","1","0","0"
"POINT (9.995833640000058 53.499548466000078)","Unfall 123346 (2018) Kat:3, Licht: 2","123346","3","2","4","01","17","4","1","2","0","1","0","0"
"POINT (9.975434385000028 53.561051996000060)","Unfall 123347 (2018) Kat:3, Licht: 2","123347","3","4","6","01","16","5","2","2","0","0","1","0"
"POINT (9.980849161000037 53.567065033000063)","Unfall 123348 (2018) Kat:3, Licht: 0","123348","3","3","5","01","13","1","0","0","0","1","0","0"
"POINT (9.900855490000026 53.627824277000059)","Unfall 123349 (2018) Kat:3, Licht: 0","123349","3","3","5","01","15","2","0","0","1","1","0","0"
"POINT (10.188734385000032 53.502368040000079)","Unfall 123350 (2018) Kat:3, Licht: 2","123350","3","1","0","01","20","4","1","2","0","0","0","1"
"POINT (10.115808859000026 53.602887130000056)","Unfall 123351 (2018) Kat:3, Licht: 0","123351","3","3","5","01","12","5","1","0","0","1","0","0"
"POINT (9.958004877000064 53.562785050000059)","Unfall 123352 (2018) Kat:2, Licht: 0","123352","2","7","0","01","14","2","1","0","1","0","0","0"
"POINT (10.102869361000046 53.552274867000051)","Unfall 123353 (2018) Kat:2, Licht: 2","123353","2","4","6","01","18","4","1","2","0","1","1","0"
"POINT (10.151214379000066 53.529777808000063)","Unfall 123354 (2018) Kat:3, Licht: 2","123354","3","7","6","01","16","4","1","2","0","1","1","0"
"POINT (10.024438030000056 53.565362280000045)","Unfall 123355 (2018) Kat:3, Licht: 2","123355","3","2","6","01","05","3","1","2","0","1","1","0"
"POINT (10.168698918000075 53.624690927000074)","Unfall 123356 (2018) Kat:3, Licht: 2","123356","3","7","0","01","06","4","1","2","0","1","0","0"
"POINT (10.047083456000053 53.602731273000074)","Unfall 123357 (2018) Kat:3, Licht: 2","123357","3","4","6","01","19","7","1","2","0","1","1","0"
"POINT (10.104568919000030 53.587091606000058)","Unfall 123358 (2018) Kat:3, Licht: 2","123358","3","2","2","01","18","4","1","2","0","1","0","0"
"POINT (10.059759645000042 53.594122378000066)","Unfall 123359 (2018) Kat:3, Licht: 2","123359","3","2","3","01","18","4","0","2","1","0","0","0"
"POINT (10.140887056000054 53.629279667000048)","Unfall 123360 (2018) Kat:3, Licht: 2","123360","3","2","5","01","22","7","0","2","0","1","0","0"
"POINT (10.098440717000074 53.590422345000036)","Unfall 123361 (2018) Kat:3, Licht: 0","123361","3","3","5","01","14","4","1","0","0","1","0","0"
"POINT (10.036134771000036 53.640052130000072)","Unfall 123362 (2018) Kat:3, Licht: 2","123362","3","1","0","01","17","4","1","2","0","0","0","1"
"POINT (10.113011636000067 53.616268894000029)","Unfall 123363 (2018) Kat:3, Licht: 1","123363","3","2","4","01","07","2","1","1","1","1","0","0"
"POINT (10.101396699000077 53.654490063000083)","Unfall 123364 (2018) Kat:3, Licht: 0","123364","3","3","5","01","09","4","1","0","1","1","0","0"
"POINT (10.163030413000058 53.649529781000069)","Unfall 123365 (2018) Kat:3, Licht: 0","123365","3","4","6","01","10","4","1","0","0","1","1","0"
"POINT (10.020442644000070 53.531012241000042)","Unfall 123366 (2018) Kat:3, Licht: 0","123366","3","6","2","01","09","3","1","0","0","1","0","0"
"POINT (10.013122923000026 53.627319238000041)","Unfall 123367 (2018) Kat:3, Licht: 0","123367","3","2","6","01","08","4","0","0","0","1","1","0"
"POINT (9.992414045000032 53.441942916000073)","Unfall 123368 (2018) Kat:3, Licht: 2","123368","3","2","6","01","06","6","2","2","0","1","1","0"
"POINT (10.006528496000044 53.599446405000037)","Unfall 123369 (2018) Kat:3, Licht: 2","123369","3","6","2","01","19","4","1","2","0","1","0","0"
"POINT (9.918281789000048 53.578973287000053)","Unfall 123370 (2018) Kat:3, Licht: 0","123370","3","3","5","01","14","4","0","0","0","1","0","0"
"POINT (9.987703507000049 53.591024130000051)","Unfall 123371 (2018) Kat:3, Licht: 0","123371","3","4","0","01","11","7","0","0","0","0","0","1"
"POINT (9.995789676000072 53.603282375000049)","Unfall 123372 (2018) Kat:3, Licht: 2","123372","3","7","1","01","18","4","1","2","1","1","0","0"
"POINT (9.769497175000026 53.582623113000068)","Unfall 123373 (2018) Kat:3, Licht: 0","123373","3","7","1","01","15","4","1","0","1","1","0","0"
"POINT (9.863372139000035 53.547526083000037)","Unfall 123374 (2018) Kat:3, Licht: 2","123374","3","1","0","01","21","2","1","2","0","1","0","0"
"POINT (9.889671430000021 53.601466757000082)","Unfall 123375 (2018) Kat:3, Licht: 2","123375","3","6","2","01","17","4","1","2","0","1","0","0"
"POINT (9.761984703000053 53.580391254000062)","Unfall 123376 (2018) Kat:3, Licht: 2","123376","3","4","6","01","07","6","2","2","0","0","1","0"
"POINT (10.009740474000068 53.589426703000072)","Unfall 123377 (2018) Kat:3, Licht: 0","123377","3","7","0","01","14","3","1","0","0","0","0","1"
"POINT (9.907919486000026 53.591631304000032)","Unfall 123378 (2018) Kat:3, Licht: 2","123378","3","6","1","01","17","4","1","2","0","1","0","0"
"POINT (10.045860879000031 53.548280906000059)","Unfall 123379 (2018) Kat:3, Licht: 0","123379","3","3","5","01","15","3","1","0","0","1","0","0"
"POINT (10.058228495000037 53.554851751000058)","Unfall 123380 (2018) Kat:3, Licht: 2","123380","3","6","2","01","07","5","0","2","0","1","0","0"
"POINT (10.156225172000063 53.614406692000045)","Unfall 123381 (2018) Kat:3, Licht: 2","123381","3","3","5","01","20","6","1","2","0","1","0","0"
"POINT (9.981803196000044 53.601335716000051)","Unfall 123382 (2018) Kat:2, Licht: 0","123382","2","2","5","01","14","4","1","0","1","1","0","0"
"POINT (9.991855223000073 53.553707063000047)","Unfall 123383 (2018) Kat:3, Licht: 2","123383","3","6","0","01","17","4","1","2","0","1","0","0"
"POINT (10.077384012000039 53.616907103000074)","Unfall 123384 (2018) Kat:3, Licht: 0","123384","3","2","4","01","16","6","1","0","0","1","0","1"
"POINT (9.980686325000022 53.564183174000050)","Unfall 123385 (2018) Kat:3, Licht: 0","123385","3","6","2","01","09","4","1","0","0","1","0","0"
"POINT (10.131192029000033 53.535597210000049)","Unfall 123386 (2018) Kat:3, Licht: 2","123386","3","2","6","01","17","3","0","2","0","1","1","0"
"POINT (10.023318646000064 53.529022854000061)","Unfall 123387 (2018) Kat:3, Licht: 0","123387","3","6","9","01","15","1","1","0","0","1","0","0"
"POINT (10.037826642000027 53.555171854000037)","Unfall 123388 (2018) Kat:3, Licht: 2","123388","3","6","3","01","16","3","0","2","0","1","0","0"
"POINT (9.975246762000040 53.462130209000065)","Unfall 123389 (2018) Kat:3, Licht: 0","123389","3","6","2","01","11","5","1","0","0","1","0","0"
"POINT (10.052680722000048 53.550067456000079)","Unfall 123390 (2018) Kat:2, Licht: 2","123390","2","3","5","01","21","3","0","2","0","1","0","0"
"POINT (10.055102974000022 53.547336274000031)","Unfall 123391 (2018) Kat:3, Licht: 1","123391","3","7","5","01","16","3","0","1","1","1","0","0"
"POINT (10.077363359000060 53.653172209000047)","Unfall 123392 (2018) Kat:3, Licht: 0","123392","3","3","5","01","14","3","1","0","0","1","0","0"
"POINT (10.052751000000058 53.572237961000042)","Unfall 123393 (2018) Kat:3, Licht: 2","123393","3","3","5","01","19","3","1","2","0","1","0","0"
"POINT (10.076286246000052 53.579398339000079)","Unfall 123394 (2018) Kat:3, Licht: 0","123394","3","6","2","02","15","5","0","0","0","1","0","0"
"POINT (10.006390357000043 53.554705712000043)","Unfall 123395 (2018) Kat:3, Licht: 2","123395","3","7","5","01","18","4","1","2","0","1","0","0"
"POINT (10.105985408000038 53.527588660000049)","Unfall 123396 (2018) Kat:3, Licht: 0","123396","3","3","1","02","16","3","0","0","0","1","0","0"
"POINT (10.008878985000024 53.552150192000056)","Unfall 123397 (2018) Kat:3, Licht: 0","123397","3","7","3","01","14","4","1","0","0","1","0","0"
"POINT (10.102723725000033 53.498012376000077)","Unfall 123398 (2018) Kat:3, Licht: 0","123398","3","3","5","02","09","6","1","0","0","0","0","0"
"POINT (9.983805965000045 53.459908162000033)","Unfall 123399 (2018) Kat:3, Licht: 0","123399","3","4","0","01","14","3","0","0","0","0","1","0"
"POINT (9.955489965000027 53.445455302000028)","Unfall 123400 (2018) Kat:3, Licht: 2","123400","3","2","6","02","18","6","0","2","0","1","1","0"
"POINT (9.987497356000063 53.450439550000056)","Unfall 123401 (2018) Kat:3, Licht: 0","123401","3","2","6","01","08","4","0","0","0","1","1","0"
"POINT (9.998494039000036 53.557570504000068)","Unfall 123402 (2018) Kat:3, Licht: 0","123402","3","6","2","02","08","5","0","0","0","1","0","0"
"POINT (10.116578644000072 53.650364287000059)","Unfall 123403 (2018) Kat:3, Licht: 0","123403","3","3","5","01","12","3","0","0","1","1","0","0"
"POINT (10.065836826000066 53.639548849000050)","Unfall 123404 (2018) Kat:3, Licht: 0","123404","3","5","0","02","14","3","0","0","1","1","0","0"
"POINT (10.014604771000052 53.631159955000044)","Unfall 123405 (2018) Kat:3, Licht: 2","123405","3","6","2","01","19","3","0","2","0","1","0","0"
"POINT (9.846806975000050 53.573515990000033)","Unfall 123406 (2018) Kat:3, Licht: 2","123406","3","3","5","02","19","2","1","2","1","1","0","0"
"POINT (10.026814589000026 53.570151761000034)","Unfall 123407 (2018) Kat:3, Licht: 1","123407","3","2","5","02","16","6","0","1","1","1","0","0"
"POINT (9.780060814000024 53.575028814000063)","Unfall 123408 (2018) Kat:3, Licht: 0","123408","3","4","0","01","14","3","0","0","0","0","1","0"
"POINT (10.133061510000061 53.584485237000081)","Unfall 123409 (2018) Kat:3, Licht: 0","123409","3","4","0","02","15","3","0","0","0","0","1","0"
"POINT (9.864855280000029 53.558525571000075)","Unfall 123410 (2018) Kat:2, Licht: 2","123410","2","1","4","01","17","3","0","2","0","1","0","0"
"POINT (10.091203437000047 53.634561514000040)","Unfall 123411 (2018) Kat:2, Licht: 0","123411","2","6","2","02","15","2","1","0","0","1","0","0"
"POINT (10.075084574000073 53.588552169000081)","Unfall 123412 (2018) Kat:3, Licht: 0","123412","3","7","3","02","13","6","1","0","0","1","0","0"
"POINT (9.904137814000023 53.634086109000066)","Unfall 123413 (2018) Kat:3, Licht: 0","123413","3","3","5","01","08","3","0","0","0","1","0","0"
"POINT (10.077221288000032 53.653201993000039)","Unfall 123414 (2018) Kat:3, Licht: 0","123414","3","2","4","02","14","1","1","0","0","1","0","0"
"POINT (9.937906722000037 53.550194132000058)","Unfall 123415 (2018) Kat:3, Licht: 0","123415","3","2","6","01","10","4","0","0","0","1","1","0"
"POINT (10.031884311000056 53.552252135000060)","Unfall 123416 (2018) Kat:2, Licht: 0","123416","2","4","6","02","12","6","0","0","0","0","1","0"
"POINT (10.195148362000054 53.605291885000042)","Unfall 123417 (2018) Kat:3, Licht: 2","123417","3","6","1","01","17","4","1","2","0","1","0","0"
"POINT (10.057487043000037 53.554983818000039)","Unfall 123418 (2018) Kat:3, Licht: 0","123418","3","2","4","02","14","4","0","0","0","1","0","0"
"POINT (9.969313936000049 53.576710803000026)","Unfall 123419 (2018) Kat:3, Licht: 0","123419","3","5","1","01","08","3","1","0","1","0","0","0"
"POINT (9.953690119000044 53.566084729000067)","Unfall 123420 (2018) Kat:3, Licht: 2","123420","3","7","6","02","18","3","0","2","0","1","1","0"
"POINT (9.958219263000046 53.569863868000027)","Unfall 123421 (2018) Kat:3, Licht: 0","123421","3","6","1","01","09","3","0","0","0","1","0","0"
"POINT (9.936073912000040 53.555669095000042)","Unfall 123422 (2018) Kat:3, Licht: 2","123422","3","2","6","02","21","2","1","2","0","1","1","0"
"POINT (10.014581760000056 53.559732366000048)","Unfall 123423 (2018) Kat:2, Licht: 1","123423","2","4","6","02","16","6","1","1","0","1","1","0"
"POINT (9.990162618000056 53.465794589000041)","Unfall 123424 (2018) Kat:3, Licht: 0","123424","3","6","2","01","14","3","1","0","0","1","0","0"
"POINT (9.823840458000063 53.525862181000036)","Unfall 123425 (2018) Kat:3, Licht: 0","123425","3","6","1","02","09","5","0","0","0","1","0","0"
"POINT (9.857916484000043 53.598171685000068)","Unfall 123426 (2018) Kat:3, Licht: 0","123426","3","2","6","01","08","4","1","0","0","1","1","0"
"POINT (9.876307179000037 53.588672920000079)","Unfall 123427 (2018) Kat:3, Licht: 2","123427","3","2","2","02","06","4","0","2","0","1","0","0"
"POINT (9.914828251000074 53.481840409000029)","Unfall 123428 (2018) Kat:3, Licht: 0","123428","3","6","2","01","13","2","1","0","0","1","0","0"
"POINT (10.036184268000056 53.575634899000079)","Unfall 123429 (2018) Kat:3, Licht: 0","123429","3","2","5","02","07","6","0","0","1","1","0","0"
"POINT (10.014301943000021 53.616697360000046)","Unfall 123430 (2018) Kat:2, Licht: 2","123430","2","4","6","01","18","4","1","2","1","0","1","0"
"POINT (10.084859048000055 53.659520585000053)","Unfall 123431 (2018) Kat:3, Licht: 0","123431","3","4","0","02","07","4","0","0","0","1","1","0"
"POINT (9.985253425000053 53.452004344000045)","Unfall 123432 (2018) Kat:3, Licht: 0","123432","3","3","5","01","11","2","0","0","0","1","0","0"
"POINT (9.969832975000031 53.512697246000073)","Unfall 123433 (2018) Kat:3, Licht: 0","123433","3","2","5","02","15","3","0","0","1","1","0","0"
"POINT (9.987433524000039 53.450068039000030)","Unfall 123434 (2018) Kat:3, Licht: 2","123434","3","3","6","01","19","2","1","2","0","1","1","0"
"POINT (10.119894273000057 53.599489238000046)","Unfall 123435 (2018) Kat:3, Licht: 0","123435","3","4","6","02","14","1","1","0","0","1","1","0"
"POINT (10.098556940000037 53.588917959000071)","Unfall 123436 (2018) Kat:2, Licht: 2","123436","2","4","6","02","06","5","0","2","0","1","1","0"
"POINT (9.976084370000024 53.461588354000071)","Unfall 123437 (2018) Kat:3, Licht: 2","123437","3","3","1","01","20","2","1","2","1","0","0","0"
"POINT (10.173591803000022 53.607046083000057)","Unfall 123438 (2018) Kat:3, Licht: 1","123438","3","3","5","02","07","5","0","1","1","1","0","0"
"POINT (9.921499473000040 53.556685497000046)","Unfall 123439 (2018) Kat:3, Licht: 0","123439","3","4","6","01","11","4","0","0","0","0","1","0"
"POINT (9.988644447000070 53.557347566000033)","Unfall 123440 (2018) Kat:3, Licht: 2","123440","3","4","0","02","19","4","0","2","0","0","1","0"
"POINT (10.080144190000055 53.556207599000061)","Unfall 123441 (2018) Kat:3, Licht: 2","123441","3","2","4","01","19","2","1","2","0","1","0","0"
"POINT (10.095913340000038 53.550826148000056)","Unfall 123442 (2018) Kat:3, Licht: 0","123442","3","6","2","01","11","2","0","0","0","1","0","0"
"POINT (10.007318995000048 53.609370966000029)","Unfall 123443 (2018) Kat:3, Licht: 0","123443","3","3","5","02","10","2","1","0","0","1","0","1"
"POINT (10.106684644000040 53.605924094000045)","Unfall 123444 (2018) Kat:3, Licht: 2","123444","3","2","5","01","22","2","1","2","0","1","0","0"
"POINT (9.965331128000059 53.552088182000034)","Unfall 123445 (2018) Kat:3, Licht: 2","123445","3","2","6","02","03","1","1","2","0","1","1","0"
"POINT (10.025777270000049 53.573690120000037)","Unfall 123446 (2018) Kat:3, Licht: 2","123446","3","4","6","02","20","5","0","2","0","1","1","0"
"POINT (10.162686028000053 53.599312182000062)","Unfall 123447 (2018) Kat:3, Licht: 0","123447","3","3","5","01","13","2","1","0","0","1","0","0"
"POINT (10.002624151000077 53.551367748000075)","Unfall 123448 (2018) Kat:2, Licht: 1","123448","2","7","6","01","16","4","0","1","0","0","1","0"
"POINT (9.989198363000071 53.649435167000036)","Unfall 123449 (2018) Kat:3, Licht: 2","123449","3","6","2","02","06","5","0","2","0","1","0","0"
"POINT (10.078980725000065 53.563259102000075)","Unfall 123450 (2018) Kat:3, Licht: 0","123450","3","6","2","01","08","2","0","0","0","1","0","0"
"POINT (10.055369721000034 53.531669808000061)","Unfall 123451 (2018) Kat:2, Licht: 1","123451","2","4","6","02","16","3","0","1","0","1","1","0"
"POINT (10.040945104000059 53.601493364000078)","Unfall 123452 (2018) Kat:3, Licht: 2","123452","3","2","6","01","17","2","1","2","0","1","1","0"
"POINT (10.076491957000030 53.589265444000034)","Unfall 123453 (2018) Kat:3, Licht: 0","123453","3","2","5","02","16","2","0","0","1","0","0","0"
"POINT (10.106230462000042 53.546521751000057)","Unfall 123454 (2018) Kat:3, Licht: 1","123454","3","6","2","02","20","6","0","1","0","1","0","0"
"POINT (10.015712118000067 53.635994931000027)","Unfall 123455 (2018) Kat:3, Licht: 0","123455","3","3","5","01","15","2","1","0","0","1","0","0"
"POINT (10.005780903000073 53.648612123000078)","Unfall 123456 (2018) Kat:3, Licht: 2","123456","3","6","4","02","07","1","1","2","0","1","0","0"
"POINT (9.996477551000055 53.549389323000071)","Unfall 123457 (2018) Kat:3, Licht: 0","123457","3","2","4","01","11","4","0","0","0","1","0","0"
"POINT (10.211566808000043 53.483407356000043)","Unfall 123458 (2018) Kat:3, Licht: 0","123458","3","4","6","02","15","6","0","0","1","0","1","0"
"POINT (10.088904963000061 53.535611023000058)","Unfall 123459 (2018) Kat:3, Licht: 0","123459","3","3","5","01","15","4","1","0","0","1","0","1"
"POINT (9.976061986000048 53.461571867000032)","Unfall 123460 (2018) Kat:3, Licht: 1","123460","3","3","5","02","07","4","0","1","1","1","0","0"
"POINT (10.025264727000035 53.604584514000067)","Unfall 123461 (2018) Kat:3, Licht: 0","123461","3","6","2","01","07","2","0","0","0","1","0","0"
"POINT (9.816459693000070 53.575961894000045)","Unfall 123462 (2018) Kat:3, Licht: 0","123462","3","6","2","02","15","7","0","0","0","1","0","0"
"POINT (9.951761181000052 53.566795292000052)","Unfall 123463 (2018) Kat:3, Licht: 2","123463","3","3","6","02","18","5","0","2","0","1","1","0"
"POINT (9.921174609000047 53.556104942000047)","Unfall 123464 (2018) Kat:3, Licht: 0","123464","3","2","3","02","10","2","0","0","1","1","0","0"
"POINT (9.752963865000027 53.587882566000076)","Unfall 123465 (2018) Kat:3, Licht: 2","123465","3","6","2","02","17","5","0","2","1","0","0","0"
"POINT (10.010737971000026 53.582563554000046)","Unfall 123466 (2018) Kat:2, Licht: 0","123466","2","7","6","01","10","2","0","0","0","1","1","0"
"POINT (10.106369495000024 53.626303870000072)","Unfall 123467 (2018) Kat:3, Licht: 2","123467","3","6","3","02","19","3","0","2","1","1","0","0"
"POINT (10.053318399000034 53.589251135000040)","Unfall 123468 (2018) Kat:3, Licht: 2","123468","3","6","1","01","19","2","1","2","0","1","0","0"