WKT,Name,OBJECTID,UKATEGORIE,UTYP1,UART,UMONAT,USTUNDE,UWOCHENTAG,STRZUSTAND,ULICHTVERH,ISTRAD,ISTPKW,ISTFUSS,ISTKRAD
"POINT (10.019080216000077 53.649414585000045)","Unfall 123469 (2018) Kat:3, Licht: 0","123469","3","6","2","02","10","2","2","0","0","1","0","0"
"POINT (10.080205080000042 53.608499164000079)","Unfall 123470 (2018) Kat:2, Licht: 2","123470","2","3","5","02","17","6","1","2","1","1","0","0"
"POINT (9.925092667000058 53.648879894000061)","Unfall 123471 (2018) Kat:3, Licht: 1","123471","3","5","1","01","07","2","1","1","1","1","0","0"
"POINT (10.022831719000067 53.559588427000051)","Unfall 123472 (2018) Kat:3, Licht: 0","123472","3","7","1","02","09","1","1","0","0","1","0","0"
"POINT (10.075725354000042 53.613632471000074)","Unfall 123473 (2018) Kat:3, Licht: 0","123473","3","6","3","02","16","6","0","0","0","1","0","0"
"POINT (10.117499014000032 53.600010187000066)","Unfall 123474 (2018) Kat:3, Licht: 2","123474","3","1","8","01","19","4","1","2","0","1","0","0"
"POINT (10.088243440000042 53.630913395000050)","Unfall 123475 (2018) Kat:3, Licht: 0","123475","3","6","2","02","12","4","0","0","0","1","0","0"
"POINT (9.951086432000068 53.576147661000050)","Unfall 123476 (2018) Kat:3, Licht: 2","123476","3","6","0","01","17","2","1","2","0","1","0","0"
"POINT (9.988905923000061 53.577429204000055)","Unfall 123477 (2018) Kat:3, Licht: 2","123477","3","6","3","02","18","3","0","2","1","1","0","0"
"POINT (9.947425462000069 53.558009620000064)","Unfall 123478 (2018) Kat:2, Licht: 2","123478","2","4","6","01","17","2","1","2","0","1","1","0"
"POINT (10.019829528000059 53.556968106000056)","Unfall 123479 (2018) Kat:3, Licht: 0","123479","3","6","2","02","12","2","1","0","0","1","0","0"
"POINT (10.220327549000046 53.504903380000030)","Unfall 123480 (2018) Kat:3, Licht: 2","123480","3","3","5","02","17","5","0","2","0","1","0","0"
"POINT (10.030317558000036 53.580099206000057)","Unfall 123481 (2018) Kat:3, Licht: 2","123481","3","4","6","02","20","3","0","2","0","1","1","0"
"POINT (9.983918496000058 53.581239357000072)","Unfall 123482 (2018) Kat:3, Licht: 0","123482","3","2","5","01","10","2","0","0","1","1","0","0"
"POINT (9.920473156000071 53.638613526000029)","Unfall 123483 (2018) Kat:3, Licht: 0","123483","3","7","1","02","13","2","1","0","1","1","0","0"
"POINT (9.822947250000027 53.580856341000072)","Unfall 123484 (2018) Kat:3, Licht: 0","123484","3","3","5","02","15","6","1","0","1","1","0","0"
"POINT (9.994005294000033 53.579658927000082)","Unfall 123485 (2018) Kat:3, Licht: 0","123485","3","2","4","01","12","2","1","0","0","1","0","0"
"POINT (9.954789760000040 53.569756145000042)","Unfall 123486 (2018) Kat:3, Licht: 0","123486","3","6","1","02","08","6","2","0","0","1","0","0"
"POINT (10.019411487000070 53.653214836000075)","Unfall 123487 (2018) Kat:2, Licht: 2","123487","2","7","0","01","04","4","0","2","0","1","0","0"
"POINT (10.053625447000059 53.579416949000063)","Unfall 123488 (2018) Kat:3, Licht: 0","123488","3","6","1","02","15","4","0","0","0","1","0","0"
"POINT (10.003863022000075 53.553798730000040)","Unfall 123489 (2018) Kat:3, Licht: 2","123489","3","4","6","01","17","2","1","2","0","1","1","0"
"POINT (10.107384798000055 53.591325637000068)","Unfall 123490 (2018) Kat:3, Licht: 0","123490","3","6","2","02","13","2","0","0","0","1","0","0"
"POINT (9.793565885000021 53.515207678000081)","Unfall 123491 (2018) Kat:3, Licht: 0","123491","3","6","1","01","13","1","0","0","0","1","0","0"
"POINT (9.866661937000060 53.565807195000048)","Unfall 123492 (2018) Kat:3, Licht: 2","123492","3","6","2","02","01","1","1","2","0","1","0","0"
"POINT (9.971905446000051 53.598570065000047)","Unfall 123493 (2018) Kat:3, Licht: 0","123493","3","2","5","02","10","2","0","0","1","1","0","0"
"POINT (10.097111434000055 53.620145517000026)","Unfall 123494 (2018) Kat:3, Licht: 2","123494","3","3","6","02","17","1","1","2","0","1","1","0"
"POINT (10.019132793000040 53.623562760000027)","Unfall 123495 (2018) Kat:3, Licht: 2","123495","3","4","6","02","19","5","1","2","0","1","1","0"
"POINT (9.979227846000072 53.457628026000066)","Unfall 123496 (2018) Kat:3, Licht: 0","123496","3","6","1","01","15","1","1","0","0","1","0","0"
"POINT (10.156054620000077 53.614426069000046)","Unfall 123497 (2018) Kat:3, Licht: 0","123497","3","2","2","02","15","5","0","0","0","1","0","0"
"POINT (9.989125745000024 53.558352104000051)","Unfall 123498 (2018) Kat:3, Licht: 0","123498","3","6","3","01","14","4","1","0","0","1","0","0"
"POINT (10.198393954000039 53.492905067000038)","Unfall 123499 (2018) Kat:3, Licht: 2","123499","3","3","5","01","01","1","1","2","0","1","0","0"
"POINT (10.061203530000057 53.547700614000064)","Unfall 123500 (2018) Kat:3, Licht: 2","123500","3","1","9","02","18","5","2","2","0","1","0","0"
"POINT (9.929004618000022 53.562449183000069)","Unfall 123501 (2018) Kat:3, Licht: 0","123501","3","7","1","01","08","4","1","0","1","1","0","0"
"POINT (9.944240106000052 53.548379898000064)","Unfall 123502 (2018) Kat:3, Licht: 0","123502","3","6","3","02","13","4","0","0","0","1","0","0"
"POINT (10.082954132000054 53.553099071000076)","Unfall 123503 (2018) Kat:3, Licht: 2","123503","3","2","6","01","17","1","1","2","0","1","1","0"
"POINT (9.852692241000057 53.549132639000049)","Unfall 123504 (2018) Kat:3, Licht: 0","123504","3","6","1","02","09","2","1","0","0","1","0","0"
"POINT (10.062030882000045 53.555862642000079)","Unfall 123505 (2018) Kat:3, Licht: 2","123505","3","2","6","01","17","1","1","2","1","0","1","0"
"POINT (9.914436433000049 53.582861152000078)","Unfall 123506 (2018) Kat:3, Licht: 2","123506","3","3","5","02","00","1","1","2","0","1","0","0"
"POINT (9.889918848000036 53.610960495000029)","Unfall 123507 (2018) Kat:3, Licht: 2","123507","3","3","5","02","21","7","0","2","0","1","0","0"
"POINT (9.963220251000053 53.597531232000051)","Unfall 123508 (2018) Kat:3, Licht: 2","123508","3","5","1","02","17","5","0","2","0","1","0","0"
"POINT (9.995946661000062 53.499518820000048)","Unfall 123509 (2018) Kat:2, Licht: 2","123509","2","2","4","01","18","3","1","2","0","1","0","0"
"POINT (10.013128119000044 53.603089420000060)","Unfall 123510 (2018) Kat:3, Licht: 0","123510","3","6","2","02","11","5","0","0","0","1","0","0"
"POINT (10.136027388000059 53.614339349000034)","Unfall 123511 (2018) Kat:3, Licht: 0","123511","3","3","5","01","11","1","0","0","0","1","0","1"
"POINT (10.113260576000073 53.599587662000033)","Unfall 123512 (2018) Kat:3, Licht: 0","123512","3","3","5","02","15","3","0","0","0","1","0","0"
"POINT (10.079424350000068 53.618396082000061)","Unfall 123513 (2018) Kat:3, Licht: 2","123513","3","6","2","01","17","1","1","2","0","1","0","0"
"POINT (9.978183703000070 53.597566543000028)","Unfall 123514 (2018) Kat:3, Licht: 2","123514","3","3","5","02","20","1","1","2","0","1","0","0"
"POINT (10.069880561000048 53.603266519000044)","Unfall 123515 (2018) Kat:2, Licht: 0","123515","2","4","6","02","10","2","2","0","0","0","1","0"
"POINT (10.058395171000029 53.583962340000028)","Unfall 123516 (2018) Kat:2, Licht: 2","123516","2","4","6","02","18","6","1","2","0","1","1","0"
"POINT (9.996076210000069 53.464514711000049)","Unfall 123517 (2018) Kat:3, Licht: 0","123517","3","2","4","02","13","3","0","0","0","1","0","0"
"POINT (10.001527204000070 53.666149649000033)","Unfall 123518 (2018) Kat:3, Licht: 2","123518","3","3","5","01","17","1","1","2","0","1","0","0"
"POINT (10.207939453000051 53.480752223000081)","Unfall 123519 (2018) Kat:3, Licht: 0","123519","3","2","2","02","16","6","1","0","0","1","0","0"
"POINT (9.958684307000056 53.565807319000044)","Unfall 123520 (2018) Kat:3, Licht: 2","123520","3","4","0","01","17","1","1","2","0","1","1","0"
"POINT (9.936700016000032 53.556522432000065)","Unfall 123521 (2018) Kat:3, Licht: 0","123521","3","5","1","02","14","1","2","0","1","1","0","0"
"POINT (9.874845772000072 53.477322553000079)","Unfall 123522 (2018) Kat:3, Licht: 1","123522","3","2","5","02","06","6","0","1","1","1","0","0"
"POINT (9.984973548000028 53.555679495000049)","Unfall 123523 (2018) Kat:3, Licht: 0","123523","3","4","6","02","12","5","0","0","1","1","1","0"
"POINT (9.928409732000034 53.550440979000030)","Unfall 123524 (2018) Kat:3, Licht: 0","123524","3","5","1","02","17","5","0","0","1","1","0","0"
"POINT (9.957663943000057 53.565631543000052)","Unfall 123525 (2018) Kat:3, Licht: 2","123525","3","5","9","01","01","1","1","2","1","1","0","0"
"POINT (10.041551343000037 53.647711869000034)","Unfall 123526 (2018) Kat:3, Licht: 0","123526","3","2","4","02","09","3","0","0","0","1","0","0"
"POINT (9.974336199000049 53.573379279000051)","Unfall 123527 (2018) Kat:3, Licht: 0","123527","3","3","5","01","09","1","0","0","1","1","0","0"
"POINT (9.936318562000054 53.550277372000039)","Unfall 123528 (2018) Kat:3, Licht: 2","123528","3","2","4","02","00","1","1","2","0","1","0","0"
"POINT (9.880498265000028 53.614745546000051)","Unfall 123529 (2018) Kat:3, Licht: 0","123529","3","3","5","02","13","2","1","0","0","1","0","0"
"POINT (10.052771718000031 53.572245240000029)","Unfall 123530 (2018) Kat:3, Licht: 2","123530","3","3","5","02","19","6","0","2","0","1","0","0"
"POINT (9.953870328000050 53.545663693000051)","Unfall 123531 (2018) Kat:3, Licht: 0","123531","3","2","5","01","08","1","1","0","1","1","0","0"
"POINT (9.995841719000055 53.550605704000077)","Unfall 123532 (2018) Kat:3, Licht: 0","123532","3","3","5","02","10","1","1","0","1","1","0","0"
"POINT (10.035789841000053 53.600865988000066)","Unfall 123533 (2018) Kat:3, Licht: 2","123533","3","2","5","02","20","6","0","2","0","1","0","0"
"POINT (10.066059974000041 53.634527776000027)","Unfall 123534 (2018) Kat:2, Licht: 2","123534","2","2","6","01","18","4","1","2","0","1","1","0"
"POINT (10.004238976000067 53.554180931000076)","Unfall 123535 (2018) Kat:3, Licht: 2","123535","3","6","2","01","05","1","1","2","0","1","0","0"
"POINT (10.064402972000039 53.558704892000037)","Unfall 123536 (2018) Kat:3, Licht: 2","123536","3","7","6","02","18","6","0","2","1","0","1","0"
"POINT (10.037422005000053 53.552449402000036)","Unfall 123537 (2018) Kat:3, Licht: 0","123537","3","6","2","01","13","4","1","0","0","1","0","0"
"POINT (10.206733373000077 53.478234247000046)","Unfall 123538 (2018) Kat:3, Licht: 0","123538","3","3","5","02","16","4","0","0","1","1","0","0"
"POINT (10.169582879000075 53.625413189000028)","Unfall 123539 (2018) Kat:3, Licht: 0","123539","3","3","5","01","10","7","0","0","0","1","0","0"
"POINT (9.928153232000057 53.560330556000054)","Unfall 123540 (2018) Kat:3, Licht: 0","123540","3","4","6","02","08","3","0","0","0","1","1","0"
"POINT (10.062388665000071 53.570883221000031)","Unfall 123541 (2018) Kat:3, Licht: 1","123541","3","7","6","01","18","7","0","1","0","1","1","0"
"POINT (10.171351232000063 53.410108888000082)","Unfall 123542 (2018) Kat:3, Licht: 1","123542","3","6","0","02","16","7","1","1","0","1","0","0"
"POINT (9.977116486000057 53.579615841000077)","Unfall 123543 (2018) Kat:3, Licht: 0","123543","3","2","4","02","12","2","0","0","0","1","0","0"
"POINT (9.978052630000036 53.595109992000062)","Unfall 123544 (2018) Kat:3, Licht: 0","123544","3","3","5","02","09","6","1","0","1","1","0","0"
"POINT (10.003843751000034 53.658426384000052)","Unfall 123545 (2018) Kat:2, Licht: 0","123545","2","6","0","01","12","7","0","0","0","1","0","0"
"POINT (9.962231643000052 53.549548360000074)","Unfall 123546 (2018) Kat:3, Licht: 2","123546","3","3","6","02","02","6","0","2","0","1","1","0"
"POINT (10.039063190000036 53.578089648000059)","Unfall 123547 (2018) Kat:3, Licht: 2","123547","3","4","6","01","17","4","1","2","1","0","1","0"
"POINT (9.846448625000051 53.563548385000047)","Unfall 123548 (2018) Kat:3, Licht: 0","123548","3","4","6","02","13","4","0","0","0","1","1","0"
"POINT (10.013130466000064 53.627679775000047)","Unfall 123549 (2018) Kat:3, Licht: 2","123549","3","7","8","01","00","7","1","2","0","1","0","0"
"POINT (10.070895708000023 53.605563674000052)","Unfall 123550 (2018) Kat:3, Licht: 0","123550","3","6","2","02","11","2","0","0","0","1","0","0"
"POINT (9.851834495000048 53.587038250000035)","Unfall 123551 (2018) Kat:3, Licht: 0","123551","3","3","5","01","13","7","0","0","0","0","0","0"
"POINT (10.109313868000072 53.707608990000040)","Unfall 123552 (2018) Kat:1, Licht: 0","123552","1","2","6","02","11","4","0","0","0","1","1","0"
"POINT (9.757646020000038 53.577302520000046)","Unfall 123553 (2018) Kat:3, Licht: 2","123553","3","3","5","01","18","7","0","2","0","1","0","0"
"POINT (10.007964945000026 53.558856864000063)","Unfall 123554 (2018) Kat:3, Licht: 0","123554","3","3","6","02","16","3","2","0","1","0","1","0"
"POINT (9.945783036000023 53.579477348000069)","Unfall 123555 (2018) Kat:3, Licht: 2","123555","3","6","3","01","18","7","0","2","1","1","0","0"
"POINT (10.117192745000068 53.599990092000041)","Unfall 123556 (2018) Kat:3, Licht: 0","123556","3","2","5","02","14","7","1","0","0","1","0","1"
"POINT (9.987637193000069 53.439008044000047)","Unfall 123557 (2018) Kat:3, Licht: 2","123557","3","4","6","02","23","1","1","2","0","1","1","0"
"POINT (10.037922679000076 53.541167512000072)","Unfall 123558 (2018) Kat:3, Licht: 0","123558","3","3","5","02","09","5","0","0","0","1","0","0"
"POINT (9.972061718000077 53.545449161000079)","Unfall 123559 (2018) Kat:3, Licht: 2","123559","3","7","0","01","22","7","0","2","0","1","0","0"
"POINT (10.115476311000066 53.583530520000068)","Unfall 123560 (2018) Kat:3, Licht: 1","123560","3","3","5","02","07","5","0","1","0","1","0","1"
"POINT (9.952772784000047 53.545345798000028)","Unfall 123561 (2018) Kat:3, Licht: 0","123561","3","6","1","01","12","4","1","0","1","1","0","0"
"POINT (9.966606318000061 53.569113877000063)","Unfall 123562 (2018) Kat:3, Licht: 2","123562","3","6","2","02","07","4","0","2","0","1","0","0"
"POINT (9.988546143000065 53.457238978000078)","Unfall 123563 (2018) Kat:3, Licht: 0","123563","3","4","6","01","13","6","0","0","0","0","1","0"
"POINT (10.025491559000045 53.527526201000057)","Unfall 123564 (2018) Kat:3, Licht: 0","123564","3","6","2","01","14","6","0","0","0","1","0","0"
"POINT (10.119293168000070 53.573945772000059)","Unfall 123565 (2018) Kat:3, Licht: 0","123565","3","7","4","02","10","7","1","0","0","1","0","0"
"POINT (9.812466638000046 53.563255611000045)","Unfall 123566 (2018) Kat:2, Licht: 0","123566","2","3","5","02","13","7","0","0","0","1","0","0"
"POINT (9.934945078000055 53.546335335000038)","Unfall 123567 (2018) Kat:3, Licht: 0","123567","3","7","0","02","12","5","0","0","0","1","0","1"
"POINT (10.107768123000028 53.655423357000075)","Unfall 123568 (2018) Kat:3, Licht: 0","123568","3","3","5","02","10","7","1","0","0","1","0","0"
"POINT (9.898557811000046 53.570936512000060)","Unfall 123569 (2018) Kat:3, Licht: 2","123569","3","7","6","02","02","1","1","2","0","0","1","0"
"POINT (10.053504476000057 53.564687255000081)","Unfall 123570 (2018) Kat:2, Licht: 2","123570","2","7","0","02","19","5","0","2","1","0","0","0"
"POINT (10.228742552000028 53.484271697000054)","Unfall 123571 (2018) Kat:3, Licht: 1","123571","3","7","0","01","07","6","1","1","1","1","0","0"
"POINT (10.143753713000024 53.677143593000039)","Unfall 123572 (2018) Kat:3, Licht: 2","123572","3","2","3","02","06","5","1","2","0","1","0","0"
"POINT (10.099901862000024 53.539501605000055)","Unfall 123573 (2018) Kat:3, Licht: 0","123573","3","7","5","01","11","6","1","0","0","1","0","1"
"POINT (10.083331500000043 53.544081672000061)","Unfall 123574 (2018) Kat:3, Licht: 2","123574","3","6","1","02","17","3","0","2","0","1","0","0"
"POINT (10.061125362000041 53.546965266000029)","Unfall 123575 (2018) Kat:3, Licht: 0","123575","3","6","2","01","09","6","1","0","0","1","0","0"
"POINT (10.033322458000043 53.588480604000040)","Unfall 123576 (2018) Kat:3, Licht: 0","123576","3","6","2","02","12","7","1","0","0","1","0","0"
"POINT (10.156143797000027 53.586004869000078)","Unfall 123577 (2018) Kat:3, Licht: 0","123577","3","6","4","02","08","2","2","0","1","0","0","0"
"POINT (10.069507315000067 53.559563287000060)","Unfall 123578 (2018) Kat:3, Licht: 2","123578","3","3","5","02","20","6","1","2","0","1","0","0"
"POINT (10.081153349000033 53.580073385000048)","Unfall 123579 (2018) Kat:2, Licht: 2","123579","2","7","0","01","20","6","0","2","0","0","1","0"
"POINT (9.902631038000038 53.608119148000071)","Unfall 123580 (2018) Kat:3, Licht: 0","123580","3","2","6","02","10","7","1","0","0","1","1","0"
"POINT (10.201504472000067 53.488974791000032)","Unfall 123581 (2018) Kat:3, Licht: 0","123581","3","3","5","02","11","6","0","0","1","1","0","0"
"POINT (10.092671090000067 53.546526661000030)","Unfall 123582 (2018) Kat:3, Licht: 2","123582","3","6","1","01","19","4","1","2","0","1","0","0"
"POINT (9.992986561000066 53.575250509000057)","Unfall 123583 (2018) Kat:2, Licht: 0","123583","2","5","6","02","08","2","0","0","0","1","0","0"
"POINT (9.850267555000073 53.471923982000078)","Unfall 123584 (2018) Kat:3, Licht: 0","123584","3","2","6","02","10","4","0","0","0","1","1","0"
"POINT (10.079539851000050 53.600639275000049)","Unfall 123585 (2018) Kat:3, Licht: 1","123585","3","2","3","01","06","6","0","1","1","0","0","0"
"POINT (10.033556644000043 53.588010525000072)","Unfall 123586 (2018) Kat:3, Licht: 1","123586","3","3","5","02","07","3","0","1","1","1","0","0"
"POINT (10.105859426000052 53.651902477000078)","Unfall 123587 (2018) Kat:3, Licht: 2","123587","3","2","2","01","21","6","1","2","0","1","0","0"
"POINT (9.969173280000064 53.550053443000081)","Unfall 123588 (2018) Kat:3, Licht: 2","123588","3","4","6","02","03","7","1","2","0","1","1","0"
"POINT (9.826862409000057 53.565562334000049)","Unfall 123589 (2018) Kat:3, Licht: 2","123589","3","3","5","02","06","5","0","2","1","1","0","0"
"POINT (10.160582160000047 53.653115207000042)","Unfall 123590 (2018) Kat:3, Licht: 0","123590","3","3","5","01","14","6","0","0","1","1","0","0"
"POINT (10.106309712000041 53.568509941000059)","Unfall 123591 (2018) Kat:3, Licht: 2","123591","3","6","3","02","05","3","1","2","0","1","0","0"
"POINT (10.057284386000049 53.566020908000041)","Unfall 123592 (2018) Kat:3, Licht: 2","123592","3","3","3","01","20","6","0","2","0","1","0","0"
"POINT (9.966555887000027 53.545171444000061)","Unfall 123593 (2018) Kat:3, Licht: 0","123593","3","6","6","02","11","7","0","0","1","0","1","0"
"POINT (10.158685086000048 53.645746076000080)","Unfall 123594 (2018) Kat:3, Licht: 0","123594","3","6","2","02","11","2","2","0","0","1","0","0"
"POINT (10.081583912000042 53.611376547000077)","Unfall 123595 (2018) Kat:3, Licht: 2","123595","3","2","6","02","18","6","1","2","0","1","1","0"
"POINT (10.058577070000069 53.590177648000065)","Unfall 123596 (2018) Kat:3, Licht: 0","123596","3","2","5","01","14","6","0","0","1","0","0","0"
"POINT (9.855750213000022 53.535262767000063)","Unfall 123597 (2018) Kat:3, Licht: 0","123597","3","2","5","02","15","6","1","0","1","0","0","0"
"POINT (10.070191697000041 53.573376374000077)","Unfall 123598 (2018) Kat:3, Licht: 0","123598","3","6","2","02","08","6","0","0","0","1","0","0"
"POINT (10.124003036000033 53.613173097000072)","Unfall 123599 (2018) Kat:3, Licht: 0","123599","3","2","2","01","15","4","1","0","0","1","0","0"
"POINT (10.124506722000035 53.570966612000063)","Unfall 123600 (2018) Kat:3, Licht: 2","123600","3","2","4","02","05","4","1","2","0","1","0","0"
"POINT (9.884708784000054 53.559561195000072)","Unfall 123601 (2018) Kat:3, Licht: 0","123601","3","7","6","02","13","2","0","0","0","1","1","0"
"POINT (9.840015018000031 53.558420596000076)","Unfall 123602 (2018) Kat:3, Licht: 2","123602","3","3","5","01","17","6","0","2","0","1","0","0"
"POINT (9.922611335000056 53.554249811000034)","Unfall 123603 (2018) Kat:3, Licht: 0","123603","3","4","6","02","15","3","0","0","0","1","1","0"
"POINT (9.979285546000028 53.585956596000074)","Unfall 123604 (2018) Kat:3, Licht: 0","123604","3","3","5","01","14","6","0","0","1","1","0","0"
"POINT (9.994300111000030 53.465250727000068)","Unfall 123605 (2018) Kat:3, Licht: 1","123605","3","6","2","02","17","6","1","1","0","1","0","0"
"POINT (9.984914621000030 53.563906774000031)","Unfall 123606 (2018) Kat:3, Licht: 2","123606","3","3","3","02","20","2","1","2","0","1","0","0"
"POINT (10.028811820000044 53.503434641000069)","Unfall 123607 (2018) Kat:3, Licht: 0","123607","3","1","9","02","14","5","0","0","0","0","0","0"
"POINT (9.950514705000046 53.564837252000075)","Unfall 123608 (2018) Kat:3, Licht: 0","123608","3","7","0","01","09","6","0","0","0","1","0","0"
"POINT (9.977549251000028 53.461500701000034)","Unfall 123609 (2018) Kat:2, Licht: 0","123609","2","4","6","02","16","6","1","0","0","1","1","0"
"POINT (9.854614195000067 53.468452497000044)","Unfall 123610 (2018) Kat:3, Licht: 2","123610","3","3","5","02","07","5","0","2","1","1","0","0"
"POINT (9.918091307000054 53.570864432000064)","Unfall 123611 (2018) Kat:3, Licht: 2","123611","3","2","4","01","18","4","1","2","0","1","0","0"
"POINT (9.883288486000026 53.594080008000049)","Unfall 123612 (2018) Kat:3, Licht: 0","123612","3","6","2","02","11","2","1","0","0","1","0","0"
"POINT (9.865042996000057 53.572145559000035)","Unfall 123613 (2018) Kat:3, Licht: 0","123613","3","7","7","02","17","6","0","0","1","0","0","0"
"POINT (9.946539212000062 53.455068584000060)","Unfall 123614 (2018) Kat:3, Licht: 2","123614","3","2","5","01","07","5","1","2","1","1","0","0"
"POINT (9.973406008000040 53.456272761000037)","Unfall 123615 (2018) Kat:3, Licht: 0","123615","3","3","5","02","14","6","0","0","1","0","0","0"
"POINT (9.939843163000035 53.629727647000038)","Unfall 123616 (2018) Kat:3, Licht: 0","123616","3","3","5","02","09","6","0","0","1","1","0","0"
"POINT (10.002355527000077 53.672201278000045)","Unfall 123617 (2018) Kat:3, Licht: 0","123617","3","4","6","01","14","4","1","0","0","0","1","0"
"POINT (9.997207209000067 53.602015547000065)","Unfall 123618 (2018) Kat:3, Licht: 0","123618","3","2","4","02","12","4","0","0","1","1","0","0"
"POINT (10.210588806000032 53.487266846000068)","Unfall 123619 (2018) Kat:3, Licht: 2","123619","3","2","2","01","19","5","0","2","0","1","0","0"
"POINT (9.854792308000071 53.467641384000046)","Unfall 123620 (2018) Kat:2, Licht: 0","123620","2","7","6","02","13","2","0","0","1","0","1","0"
"POINT (10.120792086000051 53.531782928000041)","Unfall 123621 (2018) Kat:3, Licht: 2","123621","3","1","8","01","04","5","1","2","0","1","0","0"
"POINT (10.014362934000076 53.497145089000071)","Unfall 123622 (2018) Kat:3, Licht: 0","123622","3","6","4","02","15","6","0","0","0","1","0","1"
"POINT (10.069291173000067 53.563958302000060)","Unfall 123623 (2018) Kat:3, Licht: 2","123623","3","7","4","02","18","1","1","2","0","1","0","0"
"POINT (10.091905149000070 53.673497995000048)","Unfall 123624 (2018) Kat:3, Licht: 2","123624","3","2","0","02","20","5","0","2","0","1","0","1"
"POINT (10.067459588000077 53.529385132000073)","Unfall 123625 (2018) Kat:3, Licht: 1","123625","3","3","5","01","16","5","0","1","0","1","0","0"
"POINT (10.153818850000050 53.614588219000041)","Unfall 123626 (2018) Kat:3, Licht: 2","123626","3","2","3","02","06","5","0","2","1","1","0","0"
"POINT (9.965724669000053 53.565663175000054)","Unfall 123627 (2018) Kat:3, Licht: 0","123627","3","2","4","01","07","4","1","0","1","1","0","0"
"POINT (10.001178971000058 53.555605624000066)","Unfall 123628 (2018) Kat:3, Licht: 2","123628","3","2","2","02","19","4","0","2","0","1","0","0"
"POINT (10.172580706000076 53.607000044000074)","Unfall 123629 (2018) Kat:3, Licht: 0","123629","3","2","3","01","11","5","0","0","1","1","0","0"
"POINT (9.972469513000021 53.606141590000050)","Unfall 123630 (2018) Kat:2, Licht: 0","123630","2","7","6","02","14","4","0","0","0","1","1","0"
"POINT (10.157951158000060 53.614068028000077)","Unfall 123631 (2018) Kat:3, Licht: 2","123631","3","6","3","01","16","5","0","2","0","1","0","0"
"POINT (9.887123997000060 53.620291688000066)","Unfall 123632 (2018) Kat:3, Licht: 0","123632","3","5","1","02","08","2","1","0","0","1","0","0"
"POINT (9.927958969000031 53.592896075000056)","Unfall 123633 (2018) Kat:3, Licht: 0","123633","3","6","3","01","08","5","0","0","0","1","0","0"
"POINT (10.012377552000032 53.498656385000061)","Unfall 123634 (2018) Kat:3, Licht: 0","123634","3","6","2","02","08","6","1","0","0","1","0","0"
"POINT (9.965502653000044 53.463387951000072)","Unfall 123635 (2018) Kat:3, Licht: 2","123635","3","3","5","02","22","7","0","2","0","1","0","0"
"POINT (9.869415691000029 53.594228634000046)","Unfall 123636 (2018) Kat:3, Licht: 0","123636","3","6","3","02","11","5","0","0","0","1","0","0"
"POINT (9.865060757000038 53.557963281000070)","Unfall 123637 (2018) Kat:3, Licht: 2","123637","3","3","5","01","17","5","0","2","1","1","0","0"
"POINT (10.224768366000035 53.492032332000065)","Unfall 123638 (2018) Kat:3, Licht: 0","123638","3","7","2","01","07","3","1","0","1","1","0","0"
"POINT (10.016845337000063 53.587304507000056)","Unfall 123639 (2018) Kat:3, Licht: 0","123639","3","3","5","02","13","5","0","0","1","1","0","0"
"POINT (9.950641897000025 53.623020605000079)","Unfall 123640 (2018) Kat:3, Licht: 0","123640","3","3","5","01","11","5","0","0","1","1","0","0"
"POINT (10.169526057000041 53.598132976000045)","Unfall 123641 (2018) Kat:3, Licht: 0","123641","3","5","1","02","14","3","0","0","0","1","0","0"
"POINT (9.990530174000071 53.560350176000043)","Unfall 123642 (2018) Kat:3, Licht: 2","123642","3","4","0","01","19","5","0","2","0","0","1","0"
"POINT (9.987805667000032 53.498240108000061)","Unfall 123643 (2018) Kat:3, Licht: 0","123643","3","7","7","02","12","6","1","0","0","0","1","0"
"POINT (10.100143537000065 53.585086631000081)","Unfall 123644 (2018) Kat:3, Licht: 0","123644","3","6","3","02","10","2","1","0","0","1","0","0"
"POINT (10.124924766000049 53.560526945000049)","Unfall 123645 (2018) Kat:3, Licht: 2","123645","3","6","4","02","18","6","1","2","0","1","0","0"
"POINT (9.979074554000022 53.464018265000050)","Unfall 123646 (2018) Kat:3, Licht: 0","123646","3","7","6","01","13","4","0","0","0","1","1","0"
"POINT (10.205852500000049 53.487028362000046)","Unfall 123647 (2018) Kat:3, Licht: 1","123647","3","2","6","02","18","6","0","1","0","1","1","0"
"POINT (10.208178256000053 53.498012996000057)","Unfall 123648 (2018) Kat:3, Licht: 0","123648","3","3","5","02","11","6","0","0","0","1","0","0"
"POINT (10.025261617000069 53.555312843000081)","Unfall 123649 (2018) Kat:3, Licht: 0","123649","3","6","2","01","10","4","1","0","0","1","0","0"
"POINT (10.202191888000073 53.490901686000029)","Unfall 123650 (2018) Kat:3, Licht: 2","123650","3","3","5","02","19","6","1","2","0","1","0","0"
"POINT (10.201588594000043 53.486323978000030)","Unfall 123651 (2018) Kat:3, Licht: 2","123651","3","6","1","01","06","4","1","2","0","1","0","0"
"POINT (9.965750755000045 53.596779819000062)","Unfall 123652 (2018) Kat:3, Licht: 0","123652","3","3","6","02","07","7","0","0","0","1","1","0"
"POINT (9.974234021000029 53.569303617000060)","Unfall 123653 (2018) Kat:2, Licht: 2","123653","2","2","6","02","07","5","0","2","0","0","1","0"