WKT,Name,OBJECTID,UKATEGORIE,UTYP1,UART,UMONAT,USTUNDE,UWOCHENTAG,STRZUSTAND,ULICHTVERH,ISTRAD,ISTPKW,ISTFUSS,ISTKRAD
"POINT (9.925711768000042 53.546521611000060)","Unfall 123654 (2018) Kat:3, Licht: 0","123654","3","2","6","02","08","5","0","0","0","0","1","0"
"POINT (10.108071696000025 53.559058142000026)","Unfall 123655 (2018) Kat:3, Licht: 2","123655","3","7","6","01","18","4","0","2","0","0","1","0"
"POINT (10.079626203000032 53.600680738000051)","Unfall 123656 (2018) Kat:2, Licht: 0","123656","2","4","6","02","13","3","0","0","0","1","1","0"
"POINT (10.097162047000040 53.534146562000046)","Unfall 123657 (2018) Kat:3, Licht: 0","123657","3","3","5","01","11","4","0","0","0","1","0","0"
"POINT (10.017826923000030 53.562716116000047)","Unfall 123658 (2018) Kat:2, Licht: 2","123658","2","4","6","02","07","2","1","2","0","0","1","0"
"POINT (10.067922257000021 53.609795812000073)","Unfall 123659 (2018) Kat:3, Licht: 0","123659","3","6","2","02","10","6","0","0","1","0","0","0"
"POINT (10.135545514000057 53.617065395000054)","Unfall 123660 (2018) Kat:3, Licht: 2","123660","3","3","5","01","17","4","0","2","0","1","0","0"
"POINT (10.039106303000040 53.641810298000053)","Unfall 123661 (2018) Kat:3, Licht: 0","123661","3","7","0","02","15","6","0","0","1","0","0","0"
"POINT (10.065798589000053 53.608603577000054)","Unfall 123662 (2018) Kat:3, Licht: 1","123662","3","3","5","01","08","4","1","1","0","1","0","0"
"POINT (10.073497148000058 53.664695193000057)","Unfall 123663 (2018) Kat:3, Licht: 1","123663","3","6","2","02","16","4","0","1","0","1","0","0"
"POINT (10.128003707000062 53.583085492000066)","Unfall 123664 (2018) Kat:2, Licht: 2","123664","2","3","5","01","07","4","1","2","1","1","0","0"
"POINT (10.007034907000047 53.497665334000033)","Unfall 123665 (2018) Kat:3, Licht: 0","123665","3","3","0","02","13","4","0","0","0","1","0","0"
"POINT (10.106598928000039 53.605867259000036)","Unfall 123666 (2018) Kat:3, Licht: 2","123666","3","2","5","01","06","4","1","2","0","1","0","0"
"POINT (9.801666162000061 53.565404389000037)","Unfall 123667 (2018) Kat:3, Licht: 0","123667","3","6","2","02","13","3","0","0","0","1","0","1"
"POINT (10.097116082000070 53.620136216000049)","Unfall 123668 (2018) Kat:3, Licht: 2","123668","3","4","6","01","18","4","0","2","0","0","1","0"
"POINT (9.949929732000044 53.628774678000070)","Unfall 123669 (2018) Kat:3, Licht: 2","123669","3","6","2","02","18","2","2","2","1","1","0","0"
"POINT (9.903895545000069 53.556024544000081)","Unfall 123670 (2018) Kat:3, Licht: 0","123670","3","6","6","02","15","6","1","0","1","0","1","0"
"POINT (10.069119325000031 53.668272184000045)","Unfall 123671 (2018) Kat:3, Licht: 1","123671","3","3","5","01","08","4","1","1","0","1","0","0"
"POINT (9.994000848000042 53.579631259000053)","Unfall 123672 (2018) Kat:3, Licht: 0","123672","3","2","4","02","07","6","0","0","1","1","0","0"
"POINT (10.044282217000045 53.593530218000069)","Unfall 123673 (2018) Kat:3, Licht: 2","123673","3","2","6","01","07","4","1","2","0","1","1","0"
"POINT (9.903572876000055 53.608718676000080)","Unfall 123674 (2018) Kat:3, Licht: 0","123674","3","2","5","02","11","4","0","0","1","1","0","0"
"POINT (10.092568354000036 53.674720044000082)","Unfall 123675 (2018) Kat:3, Licht: 2","123675","3","6","2","01","17","4","0","2","0","1","0","0"
"POINT (10.102181683000026 53.580269301000044)","Unfall 123676 (2018) Kat:3, Licht: 0","123676","3","6","2","02","08","2","1","0","0","1","0","0"
"POINT (10.011481960000026 53.649160499000061)","Unfall 123677 (2018) Kat:2, Licht: 1","123677","2","3","5","01","07","4","1","1","1","1","0","0"
"POINT (9.954238940000039 53.581677782000042)","Unfall 123678 (2018) Kat:3, Licht: 0","123678","3","7","5","02","09","2","1","0","0","1","0","1"
"POINT (10.028007536000075 53.674686926000049)","Unfall 123679 (2018) Kat:3, Licht: 0","123679","3","1","4","02","09","1","1","0","0","1","0","0"
"POINT (10.044108572000027 53.592665722000049)","Unfall 123680 (2018) Kat:3, Licht: 0","123680","3","3","5","02","12","5","0","0","1","1","0","0"
"POINT (10.009893625000075 53.615237376000039)","Unfall 123681 (2018) Kat:1, Licht: 0","123681","1","4","6","01","09","4","1","0","0","0","0","1"
"POINT (9.987289673000021 53.556522190000067)","Unfall 123682 (2018) Kat:3, Licht: 2","123682","3","4","6","02","17","3","0","2","0","1","1","0"
"POINT (10.018495978000033 53.614973008000050)","Unfall 123683 (2018) Kat:3, Licht: 1","123683","3","2","5","01","07","4","1","1","1","1","0","0"
"POINT (9.815536879000035 53.513394724000079)","Unfall 123684 (2018) Kat:3, Licht: 0","123684","3","2","5","02","14","1","1","0","0","1","0","0"
"POINT (10.075338762000058 53.558508659000040)","Unfall 123685 (2018) Kat:3, Licht: 0","123685","3","4","6","02","11","5","0","0","0","0","1","0"
"POINT (9.922164489000068 53.577049882000040)","Unfall 123686 (2018) Kat:3, Licht: 0","123686","3","3","5","01","14","4","0","0","0","1","0","0"
"POINT (10.102806308000027 53.578868235000073)","Unfall 123687 (2018) Kat:3, Licht: 2","123687","3","6","2","02","18","5","0","2","0","1","0","0"
"POINT (9.979274254000075 53.581246909000072)","Unfall 123688 (2018) Kat:3, Licht: 2","123688","3","2","6","01","07","4","1","2","0","1","1","0"
"POINT (9.979781846000037 53.577696203000073)","Unfall 123689 (2018) Kat:3, Licht: 0","123689","3","3","5","02","09","4","0","0","1","1","0","0"
"POINT (9.874706331000027 53.589810461000070)","Unfall 123690 (2018) Kat:3, Licht: 2","123690","3","6","2","01","20","4","1","2","0","1","0","0"
"POINT (9.932089729000040 53.567042252000078)","Unfall 123691 (2018) Kat:3, Licht: 0","123691","3","4","6","01","11","4","1","0","0","1","1","0"
"POINT (9.858703230000060 53.574396185000069)","Unfall 123692 (2018) Kat:3, Licht: 0","123692","3","2","3","02","16","7","0","0","0","1","0","0"
"POINT (9.963186891000021 53.577424167000061)","Unfall 123693 (2018) Kat:3, Licht: 2","123693","3","4","6","02","07","5","0","2","0","1","1","0"
"POINT (10.026599412000053 53.553919788000030)","Unfall 123694 (2018) Kat:3, Licht: 2","123694","3","3","5","01","21","3","1","2","1","1","0","0"
"POINT (9.906431872000042 53.614613365000082)","Unfall 123695 (2018) Kat:3, Licht: 2","123695","3","4","6","02","21","5","0","2","0","1","1","0"
"POINT (10.131151331000069 53.433014053000079)","Unfall 123696 (2018) Kat:2, Licht: 0","123696","2","6","6","02","10","4","0","0","0","1","1","0"
"POINT (9.993286139000077 53.541699118000054)","Unfall 123697 (2018) Kat:3, Licht: 0","123697","3","2","4","03","12","2","0","0","0","1","1","0"
"POINT (10.030944214000044 53.538413244000026)","Unfall 123698 (2018) Kat:3, Licht: 2","123698","3","6","1","02","18","7","0","2","0","1","0","0"
"POINT (10.152911559000074 53.603635903000054)","Unfall 123699 (2018) Kat:1, Licht: 0","123699","1","7","0","02","11","4","0","0","1","0","0","0"
"POINT (10.056200251000064 53.606748925000034)","Unfall 123700 (2018) Kat:3, Licht: 0","123700","3","3","5","03","07","5","0","0","0","1","0","0"
"POINT (9.998608656000044 53.498795519000055)","Unfall 123701 (2018) Kat:3, Licht: 2","123701","3","6","2","02","06","4","0","2","0","1","0","0"
"POINT (10.032403419000048 53.635385547000055)","Unfall 123702 (2018) Kat:2, Licht: 0","123702","2","3","5","03","15","4","1","0","0","1","0","0"
"POINT (10.100561702000050 53.584635837000064)","Unfall 123703 (2018) Kat:3, Licht: 2","123703","3","2","4","02","19","4","0","2","0","1","0","0"
"POINT (10.174535438000021 53.497908798000026)","Unfall 123704 (2018) Kat:2, Licht: 1","123704","2","6","0","03","17","3","0","1","0","1","0","0"
"POINT (10.066494859000045 53.639722548000066)","Unfall 123705 (2018) Kat:3, Licht: 2","123705","3","7","0","02","01","4","0","2","0","1","1","0"
"POINT (10.106000734000077 53.605767347000040)","Unfall 123706 (2018) Kat:3, Licht: 2","123706","3","6","0","03","20","7","1","2","0","0","0","0"
"POINT (10.058543309000072 53.610257759000035)","Unfall 123707 (2018) Kat:3, Licht: 0","123707","3","4","6","02","07","6","0","0","0","1","1","0"
"POINT (10.033591060000049 53.568143481000050)","Unfall 123708 (2018) Kat:3, Licht: 0","123708","3","5","1","02","13","4","0","0","1","1","0","0"
"POINT (9.937329020000050 53.581669791000081)","Unfall 123709 (2018) Kat:3, Licht: 2","123709","3","5","0","02","19","4","0","2","1","1","0","0"
"POINT (9.899459327000045 53.620719312000062)","Unfall 123710 (2018) Kat:2, Licht: 0","123710","2","3","5","02","09","4","0","0","1","1","0","0"
"POINT (9.956082804000062 53.549111741000047)","Unfall 123711 (2018) Kat:3, Licht: 2","123711","3","6","2","03","17","5","2","2","0","1","0","0"
"POINT (9.851999095000053 53.584412295000050)","Unfall 123712 (2018) Kat:3, Licht: 0","123712","3","3","5","02","10","4","0","0","1","1","0","0"
"POINT (9.907819116000042 53.632575200000076)","Unfall 123713 (2018) Kat:3, Licht: 0","123713","3","3","5","02","13","4","0","0","1","1","0","0"
"POINT (9.952971910000031 53.546367115000066)","Unfall 123714 (2018) Kat:3, Licht: 1","123714","3","2","4","02","18","3","1","1","0","1","0","0"
"POINT (9.857580342000063 53.582280958000069)","Unfall 123715 (2018) Kat:3, Licht: 0","123715","3","4","6","02","07","4","0","0","0","1","1","0"
"POINT (9.857241386000055 53.581959170000061)","Unfall 123716 (2018) Kat:3, Licht: 0","123716","3","6","3","03","08","3","0","0","0","1","0","0"
"POINT (9.858891078000056 53.576986762000047)","Unfall 123717 (2018) Kat:3, Licht: 0","123717","3","3","5","02","09","4","0","0","0","1","0","0"
"POINT (10.186168982000027 53.488934066000070)","Unfall 123718 (2018) Kat:3, Licht: 0","123718","3","6","1","03","16","6","2","0","0","1","0","0"
"POINT (9.941519062000054 53.563879651000036)","Unfall 123719 (2018) Kat:3, Licht: 2","123719","3","6","2","02","17","6","0","2","0","1","0","0"
"POINT (9.915844246000063 53.639984699000081)","Unfall 123720 (2018) Kat:3, Licht: 0","123720","3","3","5","02","10","4","0","0","1","1","0","0"
"POINT (9.936233901000037 53.551269422000075)","Unfall 123721 (2018) Kat:3, Licht: 0","123721","3","6","2","02","15","4","0","0","0","1","0","0"
"POINT (9.953434190000053 53.551066484000046)","Unfall 123722 (2018) Kat:3, Licht: 0","123722","3","3","5","02","14","4","0","0","1","1","0","0"
"POINT (10.092934396000032 53.587761890000081)","Unfall 123723 (2018) Kat:3, Licht: 0","123723","3","6","1","03","17","2","0","0","0","1","0","0"
"POINT (9.988371743000073 53.556944279000049)","Unfall 123724 (2018) Kat:3, Licht: 0","123724","3","6","3","02","17","4","0","0","0","1","0","0"
"POINT (10.003883076000022 53.553787993000071)","Unfall 123725 (2018) Kat:2, Licht: 0","123725","2","4","6","02","12","4","0","0","0","1","1","0"
"POINT (9.926291275000040 53.477911065000058)","Unfall 123726 (2018) Kat:3, Licht: 1","123726","3","2","4","03","07","2","1","1","0","1","0","0"
"POINT (9.980578703000049 53.555087634000074)","Unfall 123727 (2018) Kat:3, Licht: 0","123727","3","6","1","02","14","4","0","0","0","1","0","0"
"POINT (10.042193951000058 53.585039910000035)","Unfall 123728 (2018) Kat:3, Licht: 0","123728","3","1","0","03","09","6","2","0","1","0","0","0"
"POINT (9.979318378000073 53.462025590000053)","Unfall 123729 (2018) Kat:2, Licht: 0","123729","2","2","0","02","07","5","2","0","1","0","0","0"
"POINT (9.854645783000024 53.468452909000064)","Unfall 123730 (2018) Kat:3, Licht: 2","123730","3","2","6","02","17","3","0","2","0","1","1","0"
"POINT (9.956361869000034 53.463952091000067)","Unfall 123731 (2018) Kat:3, Licht: 0","123731","3","2","6","02","08","3","0","0","0","1","1","0"
"POINT (10.181412925000075 53.405804087000035)","Unfall 123732 (2018) Kat:2, Licht: 2","123732","2","6","2","02","17","3","0","2","0","1","0","0"
"POINT (9.885494961000063 53.601126555000064)","Unfall 123733 (2018) Kat:3, Licht: 0","123733","3","6","2","03","14","2","0","0","0","1","0","0"
"POINT (10.121568208000042 53.615935999000044)","Unfall 123734 (2018) Kat:3, Licht: 0","123734","3","4","6","02","08","3","0","0","0","1","1","0"
"POINT (10.102599555000040 53.579362737000054)","Unfall 123735 (2018) Kat:3, Licht: 0","123735","3","6","2","03","16","5","0","0","0","1","0","0"
"POINT (9.942339026000070 53.576588753000067)","Unfall 123736 (2018) Kat:3, Licht: 0","123736","3","5","1","02","12","5","0","0","1","1","0","0"
"POINT (9.989235714000074 53.564648282000064)","Unfall 123737 (2018) Kat:3, Licht: 0","123737","3","2","3","03","08","6","0","0","0","1","0","0"
"POINT (10.066164063000031 53.650484381000069)","Unfall 123738 (2018) Kat:3, Licht: 0","123738","3","6","2","02","08","5","1","0","0","1","0","0"
"POINT (10.054297577000057 53.640110580000055)","Unfall 123739 (2018) Kat:3, Licht: 2","123739","3","2","6","02","19","3","0","2","0","1","1","0"
"POINT (10.055355781000060 53.531672093000054)","Unfall 123740 (2018) Kat:3, Licht: 0","123740","3","4","6","03","08","4","1","0","0","1","1","0"
"POINT (10.100029565000057 53.696192109000037)","Unfall 123741 (2018) Kat:3, Licht: 0","123741","3","6","4","02","07","3","0","0","0","1","0","0"
"POINT (9.959955855000032 53.563880411000071)","Unfall 123742 (2018) Kat:3, Licht: 2","123742","3","2","6","03","19","4","1","2","0","0","1","0"
"POINT (9.970120814000040 53.550086315000044)","Unfall 123743 (2018) Kat:3, Licht: 0","123743","3","4","6","02","13","3","0","0","0","1","1","0"
"POINT (9.996178144000055 53.592002140000034)","Unfall 123744 (2018) Kat:3, Licht: 0","123744","3","5","1","02","13","3","0","0","1","1","0","0"
"POINT (9.995294792000038 53.443466472000068)","Unfall 123745 (2018) Kat:3, Licht: 0","123745","3","6","2","03","14","1","0","0","0","1","0","0"
"POINT (10.008202185000073 53.581109330000061)","Unfall 123746 (2018) Kat:2, Licht: 2","123746","2","4","6","02","20","7","0","2","0","0","1","1"
"POINT (10.011221869000053 53.584313049000059)","Unfall 123747 (2018) Kat:3, Licht: 0","123747","3","7","0","02","11","3","0","0","1","1","0","0"
"POINT (9.944892880000054 53.638183563000041)","Unfall 123748 (2018) Kat:3, Licht: 0","123748","3","2","6","03","09","5","0","0","0","1","1","0"
"POINT (9.918636559000049 53.574426259000063)","Unfall 123749 (2018) Kat:3, Licht: 0","123749","3","6","1","02","09","3","0","0","1","0","0","0"
"POINT (9.992930458000046 53.512529513000061)","Unfall 123750 (2018) Kat:3, Licht: 0","123750","3","4","6","02","08","3","1","0","0","1","1","0"
"POINT (10.004953740000076 53.556631873000072)","Unfall 123751 (2018) Kat:3, Licht: 0","123751","3","5","0","02","12","3","0","0","1","1","0","0"
"POINT (9.963441255000021 53.599767895000070)","Unfall 123752 (2018) Kat:3, Licht: 0","123752","3","6","2","02","09","3","0","0","0","1","0","0"
"POINT (10.058283769000070 53.577906891000055)","Unfall 123753 (2018) Kat:3, Licht: 0","123753","3","3","5","03","10","3","0","0","1","1","0","0"
"POINT (9.976589896000064 53.564501513000039)","Unfall 123754 (2018) Kat:3, Licht: 0","123754","3","6","2","02","08","3","0","0","0","1","0","0"
"POINT (10.013118861000066 53.644181751000076)","Unfall 123755 (2018) Kat:3, Licht: 0","123755","3","1","0","03","16","7","1","0","0","0","0","1"
"POINT (10.125071132000073 53.669018775000040)","Unfall 123756 (2018) Kat:3, Licht: 0","123756","3","6","2","03","09","4","1","0","0","1","0","0"
"POINT (10.007374702000050 53.554374872000039)","Unfall 123757 (2018) Kat:3, Licht: 1","123757","3","7","0","02","07","3","0","1","0","0","1","0"
"POINT (9.908392281000033 53.591736003000051)","Unfall 123758 (2018) Kat:3, Licht: 2","123758","3","7","8","02","02","4","2","2","0","1","0","0"
"POINT (10.006350981000026 53.558086508000031)","Unfall 123759 (2018) Kat:3, Licht: 0","123759","3","5","1","03","06","4","1","0","1","0","0","0"
"POINT (10.015228075000039 53.520410508000055)","Unfall 123760 (2018) Kat:3, Licht: 2","123760","3","3","5","02","06","2","0","2","1","1","0","0"
"POINT (10.207900906000077 53.496047508000061)","Unfall 123761 (2018) Kat:3, Licht: 1","123761","3","7","9","03","05","7","2","1","0","1","0","0"
"POINT (9.934409954000046 53.476780887000075)","Unfall 123762 (2018) Kat:3, Licht: 2","123762","3","2","4","02","21","7","0","2","0","1","0","0"
"POINT (10.090183093000064 53.554223807000028)","Unfall 123763 (2018) Kat:2, Licht: 2","123763","2","6","2","02","17","2","0","2","0","1","0","0"
"POINT (9.801251927000067 53.521723012000052)","Unfall 123764 (2018) Kat:3, Licht: 2","123764","3","7","8","02","05","4","0","2","0","1","0","0"
"POINT (10.027414386000032 53.533107695000069)","Unfall 123765 (2018) Kat:3, Licht: 0","123765","3","6","3","02","11","2","0","0","0","1","0","0"
"POINT (10.115775608000035 53.537856901000055)","Unfall 123766 (2018) Kat:3, Licht: 0","123766","3","3","5","02","07","3","2","0","0","1","0","0"
"POINT (10.040682794000077 53.555563824000046)","Unfall 123767 (2018) Kat:3, Licht: 0","123767","3","2","5","02","09","2","0","0","0","1","0","0"
"POINT (9.986829480000040 53.572643540000058)","Unfall 123768 (2018) Kat:3, Licht: 1","123768","3","6","3","03","18","3","0","1","1","1","0","0"
"POINT (10.047910574000070 53.558913785000072)","Unfall 123769 (2018) Kat:3, Licht: 0","123769","3","5","1","02","10","2","0","0","1","1","0","0"
"POINT (10.113274970000077 53.599618317000079)","Unfall 123770 (2018) Kat:3, Licht: 0","123770","3","3","5","03","09","6","0","0","0","1","0","0"
"POINT (9.992522461000021 53.566588537000030)","Unfall 123771 (2018) Kat:3, Licht: 0","123771","3","3","5","02","08","6","0","0","1","1","0","0"
"POINT (10.120572578000065 53.607426230000044)","Unfall 123772 (2018) Kat:3, Licht: 2","123772","3","5","1","02","22","2","0","2","1","1","0","0"
"POINT (10.064152051000065 53.566515388000028)","Unfall 123773 (2018) Kat:3, Licht: 0","123773","3","7","6","02","15","2","0","0","1","0","1","0"
"POINT (10.027103177000072 53.650174975000027)","Unfall 123774 (2018) Kat:3, Licht: 0","123774","3","6","2","02","14","6","0","0","0","1","0","0"
"POINT (10.032336318000034 53.623852000000056)","Unfall 123775 (2018) Kat:3, Licht: 0","123775","3","2","2","02","07","2","0","0","0","1","0","0"
"POINT (10.044557995000048 53.586582891000035)","Unfall 123776 (2018) Kat:3, Licht: 0","123776","3","3","5","02","16","2","0","0","1","1","0","0"
"POINT (9.887069640000050 53.560365724000064)","Unfall 123777 (2018) Kat:3, Licht: 0","123777","3","3","5","02","11","2","0","0","1","1","0","0"
"POINT (10.058626877000052 53.554819801000065)","Unfall 123778 (2018) Kat:3, Licht: 2","123778","3","6","2","03","19","2","0","2","0","1","0","0"
"POINT (9.967298139000036 53.557355973000028)","Unfall 123779 (2018) Kat:3, Licht: 0","123779","3","7","4","02","09","2","0","0","0","1","0","0"
"POINT (9.865252698000063 53.570910261000051)","Unfall 123780 (2018) Kat:3, Licht: 0","123780","3","7","0","03","13","6","0","0","0","1","0","0"
"POINT (10.068716800000061 53.571503730000074)","Unfall 123781 (2018) Kat:3, Licht: 2","123781","3","6","6","02","07","5","2","2","1","0","1","0"
"POINT (9.983216278000043 53.462262369000030)","Unfall 123782 (2018) Kat:2, Licht: 2","123782","2","4","6","02","21","1","0","2","0","1","1","0"
"POINT (10.183810536000067 53.602756916000033)","Unfall 123783 (2018) Kat:3, Licht: 0","123783","3","2","2","02","16","3","2","0","0","1","0","0"
"POINT (10.002132259000064 53.596135453000045)","Unfall 123784 (2018) Kat:3, Licht: 0","123784","3","6","2","02","07","4","2","0","0","1","0","0"
"POINT (10.229216480000048 53.445179296000049)","Unfall 123785 (2018) Kat:3, Licht: 0","123785","3","4","6","03","12","4","1","0","0","1","1","0"
"POINT (10.208101552000073 53.495938069000033)","Unfall 123786 (2018) Kat:3, Licht: 0","123786","3","3","5","02","12","1","0","0","0","1","0","0"
"POINT (10.016405300000031 53.567709344000036)","Unfall 123787 (2018) Kat:3, Licht: 0","123787","3","2","0","03","11","4","1","0","0","1","1","0"
"POINT (10.026709185000072 53.629482710000048)","Unfall 123788 (2018) Kat:3, Licht: 0","123788","3","6","2","02","13","1","0","0","0","1","0","0"
"POINT (9.914734198000076 53.582770720000042)","Unfall 123789 (2018) Kat:3, Licht: 0","123789","3","6","3","03","08","2","1","0","0","1","0","0"
"POINT (9.989118884000050 53.558342401000061)","Unfall 123790 (2018) Kat:3, Licht: 2","123790","3","7","5","02","00","1","0","2","0","1","0","0"
"POINT (10.076879256000041 53.713875396000049)","Unfall 123791 (2018) Kat:3, Licht: 2","123791","3","2","5","03","18","2","0","2","0","1","0","0"
"POINT (10.000710127000048 53.556183071000078)","Unfall 123792 (2018) Kat:3, Licht: 0","123792","3","6","3","02","13","1","0","0","0","0","0","0"
"POINT (10.011316499000031 53.495389627000066)","Unfall 123793 (2018) Kat:3, Licht: 2","123793","3","4","6","03","19","5","0","2","0","1","1","0"
"POINT (10.016145350000045 53.571600560000036)","Unfall 123794 (2018) Kat:3, Licht: 0","123794","3","6","1","02","10","5","1","0","0","1","0","0"
"POINT (9.971107289000031 53.459341890000076)","Unfall 123795 (2018) Kat:3, Licht: 2","123795","3","3","5","02","20","7","0","2","0","1","0","0"
"POINT (10.114663912000026 53.607469865000041)","Unfall 123796 (2018) Kat:3, Licht: 2","123796","3","2","2","02","17","3","2","2","0","1","0","0"
"POINT (10.109649891000061 53.593358358000046)","Unfall 123797 (2018) Kat:3, Licht: 0","123797","3","2","4","03","09","4","1","0","0","1","0","0"
"POINT (9.995863529000076 53.499540626000055)","Unfall 123798 (2018) Kat:3, Licht: 2","123798","3","2","4","02","19","7","0","2","0","1","0","0"
"POINT (9.973367399000040 53.583919665000053)","Unfall 123799 (2018) Kat:2, Licht: 0","123799","2","3","5","03","07","4","1","0","1","1","0","0"
"POINT (10.010825071000056 53.461067210000067)","Unfall 123800 (2018) Kat:3, Licht: 0","123800","3","2","1","02","12","2","0","0","0","1","0","0"
"POINT (10.187643002000073 53.437266974000067)","Unfall 123801 (2018) Kat:3, Licht: 0","123801","3","6","4","02","12","7","0","0","0","1","0","0"
"POINT (10.071241958000030 53.570602218000033)","Unfall 123802 (2018) Kat:3, Licht: 0","123802","3","3","5","03","15","1","0","0","0","1","0","0"
"POINT (9.984133520000057 53.604748696000058)","Unfall 123803 (2018) Kat:3, Licht: 0","123803","3","5","1","02","13","7","0","0","0","1","0","0"
"POINT (10.092663440000024 53.537088493000056)","Unfall 123804 (2018) Kat:2, Licht: 0","123804","2","2","2","02","10","7","0","0","0","1","0","0"
"POINT (9.951354897000044 53.555111452000062)","Unfall 123805 (2018) Kat:3, Licht: 2","123805","3","4","6","03","18","5","0","2","0","1","1","0"
"POINT (10.068464959000039 53.608563686000082)","Unfall 123806 (2018) Kat:3, Licht: 0","123806","3","6","2","02","15","3","1","0","0","1","0","0"
"POINT (10.055250616000023 53.560843266000063)","Unfall 123807 (2018) Kat:2, Licht: 2","123807","2","2","4","02","22","7","0","2","1","1","0","0"
"POINT (9.983304570000030 53.595891751000067)","Unfall 123808 (2018) Kat:3, Licht: 2","123808","3","6","2","02","19","1","2","2","0","1","0","0"
"POINT (10.140608452000038 53.570585925000046)","Unfall 123809 (2018) Kat:3, Licht: 0","123809","3","6","2","02","14","7","0","0","0","1","0","0"
"POINT (10.138993551000056 53.574976001000039)","Unfall 123810 (2018) Kat:3, Licht: 0","123810","3","4","6","03","07","5","0","0","0","0","1","0"
"POINT (10.000734718000047 53.555630862000044)","Unfall 123811 (2018) Kat:3, Licht: 2","123811","3","2","4","02","06","5","0","2","0","1","0","0"
"POINT (9.904157501000043 53.592904676000046)","Unfall 123812 (2018) Kat:3, Licht: 0","123812","3","2","5","02","12","3","1","0","1","1","0","0"
"POINT (10.032365724000044 53.635442120000050)","Unfall 123813 (2018) Kat:3, Licht: 0","123813","3","3","5","03","13","4","1","0","0","1","0","0"
"POINT (10.153869373000077 53.614611218000050)","Unfall 123814 (2018) Kat:3, Licht: 0","123814","3","6","2","02","16","7","1","0","0","1","0","0"
"POINT (9.971521345000042 53.435961295000027)","Unfall 123815 (2018) Kat:3, Licht: 0","123815","3","6","1","03","10","3","1","0","0","1","0","0"
"POINT (10.055845860000034 53.591432918000066)","Unfall 123816 (2018) Kat:3, Licht: 2","123816","3","2","4","02","19","7","0","2","0","1","0","0"
"POINT (10.081603724000047 53.558451763000051)","Unfall 123817 (2018) Kat:3, Licht: 0","123817","3","3","5","03","13","7","0","0","0","1","0","0"
"POINT (10.084135416000038 53.554708644000073)","Unfall 123818 (2018) Kat:3, Licht: 0","123818","3","6","2","02","11","6","0","0","0","1","0","0"
"POINT (10.035770496000055 53.600918636000074)","Unfall 123819 (2018) Kat:3, Licht: 2","123819","3","2","4","02","01","7","0","2","0","1","0","0"
"POINT (10.160910038000054 53.596596459000068)","Unfall 123820 (2018) Kat:3, Licht: 0","123820","3","3","5","02","08","4","2","0","0","1","0","0"
"POINT (9.928260214000034 53.643486174000031)","Unfall 123821 (2018) Kat:3, Licht: 0","123821","3","6","1","02","12","3","1","0","0","1","0","0"
"POINT (10.035451876000025 53.575127301000066)","Unfall 123822 (2018) Kat:3, Licht: 2","123822","3","2","4","02","00","7","0","2","0","1","0","0"
"POINT (9.968454047000023 53.586152778000042)","Unfall 123823 (2018) Kat:2, Licht: 0","123823","2","3","5","02","14","3","2","0","1","0","0","0"
"POINT (9.916585947000044 53.600039786000082)","Unfall 123824 (2018) Kat:3, Licht: 1","123824","3","6","2","02","17","7","0","1","0","1","0","0"
"POINT (9.975644592000037 53.460276365000027)","Unfall 123825 (2018) Kat:3, Licht: 2","123825","3","2","5","03","18","2","1","2","0","1","0","0"
"POINT (9.924711437000042 53.567718898000066)","Unfall 123826 (2018) Kat:3, Licht: 0","123826","3","3","5","02","08","7","0","0","0","1","0","0"
"POINT (9.996117808000065 53.583919810000054)","Unfall 123827 (2018) Kat:3, Licht: 0","123827","3","2","3","03","11","3","0","0","1","1","0","0"
"POINT (9.967208533000076 53.599154300000066)","Unfall 123828 (2018) Kat:3, Licht: 2","123828","3","7","0","02","19","7","0","2","0","0","0","1"
"POINT (9.913014278000048 53.514460548000045)","Unfall 123829 (2018) Kat:3, Licht: 1","123829","3","6","2","03","06","6","0","1","0","1","0","0"
"POINT (9.889485870000044 53.569398319000072)","Unfall 123830 (2018) Kat:3, Licht: 2","123830","3","5","1","02","18","6","0","2","0","1","0","0"
"POINT (9.987984319000077 53.562382410000055)","Unfall 123831 (2018) Kat:3, Licht: 2","123831","3","6","3","02","18","7","0","2","0","1","0","0"
"POINT (9.988878330000034 53.457289986000035)","Unfall 123832 (2018) Kat:3, Licht: 2","123832","3","3","5","02","05","2","2","2","0","1","0","0"
"POINT (9.980240386000048 53.566600197000071)","Unfall 123833 (2018) Kat:3, Licht: 0","123833","3","7","0","02","17","7","0","0","1","1","0","0"
"POINT (10.122091345000058 53.566637431000061)","Unfall 123834 (2018) Kat:3, Licht: 0","123834","3","6","2","02","12","6","1","0","0","1","0","0"
"POINT (10.144481640000038 53.579464431000076)","Unfall 123835 (2018) Kat:3, Licht: 0","123835","3","3","5","03","11","2","1","0","0","1","0","0"
"POINT (10.098582622000038 53.542434966000030)","Unfall 123836 (2018) Kat:3, Licht: 2","123836","3","3","5","02","22","6","1","2","0","1","0","0"
"POINT (9.964212059000033 53.580462467000075)","Unfall 123837 (2018) Kat:3, Licht: 2","123837","3","3","5","03","22","6","0","2","1","0","0","0"