WKT,Name,OBJECTID,UKATEGORIE,UTYP1,UART,UMONAT,USTUNDE,UWOCHENTAG,STRZUSTAND,ULICHTVERH,ISTRAD,ISTPKW,ISTFUSS,ISTKRAD
"POINT (10.075797400000056 53.613739341000041)","Unfall 123838 (2018) Kat:3, Licht: 2","123838","3","7","5","02","06","5","1","2","0","1","0","0"
"POINT (10.016973594000035 53.548848286000066)","Unfall 123839 (2018) Kat:3, Licht: 0","123839","3","6","2","02","15","6","0","0","0","1","0","0"
"POINT (10.133042018000026 53.575191039000060)","Unfall 123840 (2018) Kat:3, Licht: 0","123840","3","6","2","02","15","6","0","0","0","1","0","0"
"POINT (10.077572829000076 53.663279890000069)","Unfall 123841 (2018) Kat:3, Licht: 0","123841","3","6","2","03","17","6","0","0","0","1","0","0"
"POINT (9.980157072000054 53.460728295000081)","Unfall 123842 (2018) Kat:3, Licht: 0","123842","3","6","2","02","15","5","0","0","0","1","0","0"
"POINT (10.172239792000028 53.615234731000044)","Unfall 123843 (2018) Kat:3, Licht: 0","123843","3","6","2","02","12","6","1","0","0","1","0","0"
"POINT (10.135977543000024 53.635426348000067)","Unfall 123844 (2018) Kat:3, Licht: 2","123844","3","6","4","02","04","2","1","2","0","1","0","0"
"POINT (10.139002932000039 53.584072547000062)","Unfall 123845 (2018) Kat:3, Licht: 0","123845","3","3","5","02","16","6","1","0","0","1","0","0"
"POINT (10.050592769000048 53.601438011000027)","Unfall 123846 (2018) Kat:3, Licht: 2","123846","3","4","6","02","20","6","0","2","0","1","1","0"
"POINT (10.031173658000057 53.566109348000055)","Unfall 123847 (2018) Kat:3, Licht: 0","123847","3","6","2","03","12","2","0","0","0","1","0","0"
"POINT (10.076951973000064 53.653076289000069)","Unfall 123848 (2018) Kat:3, Licht: 0","123848","3","6","2","02","15","6","1","0","0","1","0","0"
"POINT (10.162889362000044 53.599305024000046)","Unfall 123849 (2018) Kat:3, Licht: 2","123849","3","3","5","03","19","5","2","2","0","1","0","0"
"POINT (9.974843780000072 53.601654785000051)","Unfall 123850 (2018) Kat:3, Licht: 0","123850","3","3","5","02","14","5","0","0","0","1","0","1"
"POINT (10.086933575000046 53.577808591000064)","Unfall 123851 (2018) Kat:3, Licht: 0","123851","3","6","1","02","09","2","1","0","0","1","0","0"
"POINT (10.061335099000075 53.580717712000080)","Unfall 123852 (2018) Kat:3, Licht: 0","123852","3","3","5","03","14","4","0","0","0","1","0","1"
"POINT (10.013294307000024 53.599953835000065)","Unfall 123853 (2018) Kat:3, Licht: 0","123853","3","3","4","02","15","6","0","0","1","1","0","0"
"POINT (9.989643554000054 53.544696997000074)","Unfall 123854 (2018) Kat:3, Licht: 2","123854","3","1","0","03","18","4","1","2","0","0","0","1"
"POINT (10.039409767000052 53.606042868000031)","Unfall 123855 (2018) Kat:3, Licht: 0","123855","3","6","4","02","07","2","2","0","0","1","0","0"
"POINT (10.046500696000066 53.562715135000076)","Unfall 123856 (2018) Kat:3, Licht: 2","123856","3","4","6","03","21","4","1","2","0","1","1","0"
"POINT (10.035887825000032 53.561343559000079)","Unfall 123857 (2018) Kat:3, Licht: 0","123857","3","7","1","02","13","6","0","0","0","1","0","0"
"POINT (9.902604884000027 53.556358717000080)","Unfall 123858 (2018) Kat:3, Licht: 2","123858","3","2","6","03","20","4","1","2","0","1","1","0"
"POINT (9.904731701000060 53.609567746000039)","Unfall 123859 (2018) Kat:3, Licht: 2","123859","3","6","3","02","23","6","1","2","0","1","0","0"
"POINT (9.999404431000073 53.549227472000041)","Unfall 123860 (2018) Kat:3, Licht: 0","123860","3","7","0","03","13","2","1","0","1","1","0","0"
"POINT (10.026195726000026 53.629433186000028)","Unfall 123861 (2018) Kat:2, Licht: 1","123861","2","1","0","02","07","7","0","1","0","1","0","0"
"POINT (9.910334292000073 53.566000376000034)","Unfall 123862 (2018) Kat:3, Licht: 0","123862","3","6","2","02","10","6","0","0","0","1","0","0"
"POINT (10.043055757000047 53.581201817000078)","Unfall 123863 (2018) Kat:3, Licht: 1","123863","3","7","6","03","17","5","0","1","1","0","1","0"
"POINT (10.116802665000023 53.706206237000060)","Unfall 123864 (2018) Kat:3, Licht: 2","123864","3","6","4","02","21","2","2","2","0","1","0","0"
"POINT (9.890843034000056 53.623890570000071)","Unfall 123865 (2018) Kat:3, Licht: 2","123865","3","6","2","02","06","6","2","2","1","1","0","0"
"POINT (10.066666444000077 53.653238248000036)","Unfall 123866 (2018) Kat:3, Licht: 0","123866","3","3","5","02","13","2","1","0","0","1","0","0"
"POINT (10.044293216000028 53.593462362000082)","Unfall 123867 (2018) Kat:3, Licht: 0","123867","3","3","5","03","17","4","1","0","1","1","0","0"
"POINT (9.916903586000046 53.515328784000076)","Unfall 123868 (2018) Kat:3, Licht: 2","123868","3","6","1","02","06","6","2","2","0","1","0","0"
"POINT (9.864738356000032 53.607066128000042)","Unfall 123869 (2018) Kat:3, Licht: 0","123869","3","4","6","02","16","4","0","0","0","0","1","0"
"POINT (10.146785585000032 53.523069574000033)","Unfall 123870 (2018) Kat:3, Licht: 0","123870","3","5","1","03","16","3","0","0","0","1","0","0"
"POINT (9.995893491000061 53.499532766000073)","Unfall 123871 (2018) Kat:3, Licht: 2","123871","3","2","5","02","20","5","1","2","0","1","0","0"
"POINT (10.080921280000041 53.580522768000037)","Unfall 123872 (2018) Kat:3, Licht: 1","123872","3","6","1","03","18","7","0","1","0","1","0","0"
"POINT (10.026795322000055 53.649987735000082)","Unfall 123873 (2018) Kat:3, Licht: 0","123873","3","3","0","02","16","6","0","0","1","1","0","0"
"POINT (9.990839522000044 53.516644274000043)","Unfall 123874 (2018) Kat:3, Licht: 0","123874","3","3","5","02","13","5","1","0","0","1","0","0"
"POINT (9.907048454000062 53.616311486000029)","Unfall 123875 (2018) Kat:3, Licht: 0","123875","3","2","5","02","15","2","1","0","0","1","0","0"
"POINT (10.199438502000021 53.488937828000076)","Unfall 123876 (2018) Kat:3, Licht: 2","123876","3","3","5","02","19","5","2","2","1","1","0","0"
"POINT (10.006084254000029 53.558178110000028)","Unfall 123877 (2018) Kat:3, Licht: 2","123877","3","6","2","03","05","1","0","2","0","1","0","0"
"POINT (10.008864565000067 53.552148564000049)","Unfall 123878 (2018) Kat:3, Licht: 0","123878","3","7","0","02","16","7","0","0","0","1","0","0"
"POINT (10.012845746000039 53.548248639000064)","Unfall 123879 (2018) Kat:3, Licht: 2","123879","3","6","1","02","18","5","2","2","0","1","0","0"
"POINT (9.964991311000063 53.551020098000038)","Unfall 123880 (2018) Kat:3, Licht: 0","123880","3","4","6","03","12","5","0","0","0","1","1","0"
"POINT (9.939900197000043 53.572785989000067)","Unfall 123881 (2018) Kat:3, Licht: 0","123881","3","6","3","02","14","2","1","0","0","1","0","0"
"POINT (10.061491448000027 53.579531333000034)","Unfall 123882 (2018) Kat:3, Licht: 0","123882","3","3","5","02","12","5","0","0","0","1","0","0"
"POINT (9.872355790000029 53.606964803000039)","Unfall 123883 (2018) Kat:3, Licht: 1","123883","3","6","2","02","07","2","2","1","0","1","0","0"
"POINT (10.083448099000066 53.576883917000032)","Unfall 123884 (2018) Kat:3, Licht: 0","123884","3","3","5","02","12","5","1","0","0","1","0","0"
"POINT (9.903436520000071 53.568682001000070)","Unfall 123885 (2018) Kat:3, Licht: 0","123885","3","2","5","03","14","3","0","0","1","1","0","0"
"POINT (10.045556783000052 53.588568915000053)","Unfall 123886 (2018) Kat:3, Licht: 2","123886","3","2","6","02","06","5","0","2","0","1","1","0"
"POINT (10.136065607000035 53.635254483000040)","Unfall 123887 (2018) Kat:3, Licht: 1","123887","3","1","9","02","17","4","2","1","0","1","0","0"
"POINT (10.047653171000036 53.561346698000079)","Unfall 123888 (2018) Kat:3, Licht: 2","123888","3","2","5","03","05","6","0","2","1","1","0","0"
"POINT (9.980172795000044 53.572459406000064)","Unfall 123889 (2018) Kat:3, Licht: 0","123889","3","6","2","02","11","6","0","0","0","1","0","0"
"POINT (10.044109745000071 53.586848054000029)","Unfall 123890 (2018) Kat:3, Licht: 1","123890","3","4","6","02","16","5","0","1","1","0","1","0"
"POINT (9.921624810000026 53.631858454000053)","Unfall 123891 (2018) Kat:3, Licht: 1","123891","3","2","6","02","18","2","1","1","0","1","1","0"
"POINT (9.939168910000035 53.594780222000054)","Unfall 123892 (2018) Kat:3, Licht: 2","123892","3","4","6","02","18","5","1","2","0","1","1","0"
"POINT (10.017200929000069 53.527491738000037)","Unfall 123893 (2018) Kat:3, Licht: 0","123893","3","6","3","02","15","2","1","0","0","1","0","0"
"POINT (9.970634663000055 53.583126322000055)","Unfall 123894 (2018) Kat:3, Licht: 0","123894","3","6","2","02","14","5","1","0","0","1","0","0"
"POINT (9.983366784000054 53.548439192000046)","Unfall 123895 (2018) Kat:3, Licht: 2","123895","3","2","6","02","21","5","1","2","0","1","1","0"
"POINT (9.951150884000072 53.460083036000071)","Unfall 123896 (2018) Kat:3, Licht: 0","123896","3","2","4","02","10","1","1","0","0","1","0","0"
"POINT (9.983518830000037 53.557706262000067)","Unfall 123897 (2018) Kat:3, Licht: 2","123897","3","7","0","02","01","5","0","2","1","0","0","0"
"POINT (10.078678297000067 53.550169930000038)","Unfall 123898 (2018) Kat:2, Licht: 0","123898","2","3","5","03","14","2","0","0","1","1","0","0"
"POINT (10.012884523000025 53.560660989000041)","Unfall 123899 (2018) Kat:3, Licht: 2","123899","3","2","3","02","18","5","1","2","1","1","0","0"
"POINT (9.794956268000021 53.567298027000049)","Unfall 123900 (2018) Kat:3, Licht: 0","123900","3","3","5","03","16","6","0","0","0","1","0","0"
"POINT (10.024776720000034 53.530257402000075)","Unfall 123901 (2018) Kat:3, Licht: 2","123901","3","7","7","02","01","5","1","2","0","1","0","0"
"POINT (9.876118307000070 53.533485135000035)","Unfall 123902 (2018) Kat:3, Licht: 0","123902","3","4","6","02","16","4","0","0","0","1","1","0"
"POINT (9.965543470000057 53.463422448000074)","Unfall 123903 (2018) Kat:3, Licht: 0","123903","3","3","5","02","08","1","0","0","0","1","0","0"
"POINT (10.186311875000058 53.505573709000032)","Unfall 123904 (2018) Kat:3, Licht: 0","123904","3","4","6","03","16","4","1","0","0","1","1","0"
"POINT (10.253122955000038 53.417754191000029)","Unfall 123905 (2018) Kat:3, Licht: 0","123905","3","2","5","02","14","4","0","0","0","1","0","0"
"POINT (10.053247111000076 53.557045305000031)","Unfall 123906 (2018) Kat:3, Licht: 0","123906","3","2","5","02","07","4","0","0","1","1","0","0"
"POINT (9.905368870000075 53.591965930000072)","Unfall 123907 (2018) Kat:3, Licht: 1","123907","3","6","3","03","05","2","2","1","0","1","0","0"
"POINT (10.153879890000042 53.614616006000062)","Unfall 123908 (2018) Kat:3, Licht: 0","123908","3","6","2","02","07","4","0","0","0","1","0","0"
"POINT (10.118161462000046 53.599954002000061)","Unfall 123909 (2018) Kat:3, Licht: 0","123909","3","2","6","03","10","5","0","0","0","1","1","0"
"POINT (10.159713749000048 53.656608794000078)","Unfall 123910 (2018) Kat:2, Licht: 0","123910","2","2","4","03","11","2","1","0","0","1","0","0"
"POINT (9.884652366000069 53.593182466000030)","Unfall 123911 (2018) Kat:3, Licht: 2","123911","3","6","2","02","18","4","0","2","0","1","0","0"
"POINT (9.883050605000051 53.478298273000064)","Unfall 123912 (2018) Kat:3, Licht: 0","123912","3","6","2","03","09","5","0","0","0","1","0","0"
"POINT (10.025413172000071 53.649656411000080)","Unfall 123913 (2018) Kat:3, Licht: 0","123913","3","6","2","02","14","5","0","0","0","1","0","0"
"POINT (9.988737806000074 53.581284382000035)","Unfall 123914 (2018) Kat:3, Licht: 0","123914","3","3","5","02","08","4","0","0","1","1","0","0"
"POINT (10.117121191000024 53.607228804000044)","Unfall 123915 (2018) Kat:3, Licht: 2","123915","3","6","1","02","21","1","2","2","0","1","0","0"
"POINT (10.141222298000059 53.583984996000027)","Unfall 123916 (2018) Kat:3, Licht: 0","123916","3","4","6","03","16","4","1","0","0","1","1","0"
"POINT (10.006328024000027 53.551818539000067)","Unfall 123917 (2018) Kat:3, Licht: 0","123917","3","3","5","02","08","4","0","0","1","1","0","0"
"POINT (9.987851039000077 53.603307570000027)","Unfall 123918 (2018) Kat:3, Licht: 0","123918","3","3","5","03","09","4","1","0","0","1","0","0"
"POINT (9.986738099000036 53.519352433000051)","Unfall 123919 (2018) Kat:2, Licht: 2","123919","2","6","4","02","07","2","1","2","0","1","0","0"
"POINT (10.011236169000028 53.560026950000065)","Unfall 123920 (2018) Kat:3, Licht: 2","123920","3","6","2","02","22","4","0","2","0","1","0","1"
"POINT (10.085426554000037 53.551321581000082)","Unfall 123921 (2018) Kat:3, Licht: 0","123921","3","3","5","03","07","1","0","0","0","1","0","0"
"POINT (10.043319882000048 53.597714265000036)","Unfall 123922 (2018) Kat:3, Licht: 2","123922","3","5","8","02","22","7","0","2","0","1","0","0"
"POINT (9.874879393000072 53.475611201000049)","Unfall 123923 (2018) Kat:3, Licht: 0","123923","3","4","6","02","07","3","2","0","0","1","1","0"
"POINT (9.992651377000072 53.592192183000066)","Unfall 123924 (2018) Kat:3, Licht: 0","123924","3","7","0","03","16","5","0","0","0","1","0","0"
"POINT (10.033272972000077 53.573924677000036)","Unfall 123925 (2018) Kat:3, Licht: 0","123925","3","3","5","02","10","1","1","0","0","1","0","0"
"POINT (9.879120908000061 53.533285965000061)","Unfall 123926 (2018) Kat:3, Licht: 0","123926","3","4","6","02","09","3","2","0","0","1","1","0"
"POINT (9.819797084000072 53.560742303000040)","Unfall 123927 (2018) Kat:3, Licht: 2","123927","3","5","1","02","20","1","2","2","0","1","0","0"
"POINT (9.994005251000033 53.465257929000074)","Unfall 123928 (2018) Kat:2, Licht: 0","123928","2","2","4","02","09","3","1","0","0","1","0","0"
"POINT (10.082215348000034 53.620916264000073)","Unfall 123929 (2018) Kat:3, Licht: 0","123929","3","3","5","03","12","3","0","0","0","1","0","0"
"POINT (9.925264616000050 53.550074998000071)","Unfall 123930 (2018) Kat:3, Licht: 2","123930","3","3","5","02","18","5","0","2","0","1","0","0"
"POINT (10.102201689000026 53.647375636000049)","Unfall 123931 (2018) Kat:3, Licht: 2","123931","3","2","6","03","06","4","1","2","0","1","1","0"
"POINT (10.210118070000021 53.510128155000075)","Unfall 123932 (2018) Kat:2, Licht: 0","123932","2","2","6","02","12","3","1","0","0","1","1","0"
"POINT (9.987429527000074 53.450034913000081)","Unfall 123933 (2018) Kat:3, Licht: 2","123933","3","7","2","03","19","3","0","2","0","1","0","0"
"POINT (10.185682338000049 53.487719575000028)","Unfall 123934 (2018) Kat:3, Licht: 0","123934","3","6","2","02","12","3","1","0","0","1","0","0"
"POINT (10.182375703000048 53.491873775000045)","Unfall 123935 (2018) Kat:3, Licht: 0","123935","3","3","5","03","09","7","0","0","0","1","0","0"
"POINT (10.209746689000042 53.512507527000082)","Unfall 123936 (2018) Kat:3, Licht: 2","123936","3","1","8","02","23","6","0","2","0","1","0","0"
"POINT (10.150118704000022 53.531044625000050)","Unfall 123937 (2018) Kat:3, Licht: 0","123937","3","4","6","02","10","3","2","0","0","1","1","0"
"POINT (10.017860735000056 53.525979581000058)","Unfall 123938 (2018) Kat:3, Licht: 0","123938","3","7","9","02","09","4","2","0","0","0","1","0"
"POINT (10.150632127000051 53.608320474000038)","Unfall 123939 (2018) Kat:3, Licht: 2","123939","3","2","2","02","19","3","1","2","0","1","0","0"
"POINT (10.133000077000077 53.624166660000071)","Unfall 123940 (2018) Kat:3, Licht: 0","123940","3","6","1","02","10","3","1","0","0","1","0","0"
"POINT (9.993939158000046 53.550859722000041)","Unfall 123941 (2018) Kat:3, Licht: 0","123941","3","7","0","03","09","3","0","0","0","0","1","0"
"POINT (10.119009142000039 53.605388878000042)","Unfall 123942 (2018) Kat:3, Licht: 0","123942","3","2","1","02","14","3","1","0","0","1","0","0"
"POINT (10.099314871000047 53.660414827000068)","Unfall 123943 (2018) Kat:3, Licht: 0","123943","3","3","5","03","13","6","2","0","0","1","0","0"
"POINT (9.962120169000059 53.556398957000056)","Unfall 123944 (2018) Kat:3, Licht: 0","123944","3","5","1","02","17","6","0","0","1","1","0","0"
"POINT (10.123819899000068 53.613542069000061)","Unfall 123945 (2018) Kat:3, Licht: 2","123945","3","1","8","02","01","3","2","2","0","1","0","0"
"POINT (9.923663332000047 53.638409123000031)","Unfall 123946 (2018) Kat:3, Licht: 0","123946","3","1","9","03","09","7","0","0","0","1","0","0"
"POINT (10.026942712000050 53.569923324000058)","Unfall 123947 (2018) Kat:2, Licht: 2","123947","2","1","8","02","20","6","0","2","0","1","0","0"
"POINT (10.103098236000051 53.648600376000047)","Unfall 123948 (2018) Kat:3, Licht: 0","123948","3","7","6","02","09","3","1","0","0","1","1","0"
"POINT (10.012610526000060 53.646083200000078)","Unfall 123949 (2018) Kat:3, Licht: 0","123949","3","4","6","02","10","3","1","0","0","1","1","0"
"POINT (10.003623674000039 53.589459821000048)","Unfall 123950 (2018) Kat:3, Licht: 2","123950","3","6","3","02","20","3","0","2","1","1","0","0"
"POINT (10.061759552000069 53.547818378000045)","Unfall 123951 (2018) Kat:3, Licht: 1","123951","3","1","1","03","06","2","2","1","0","1","0","0"
"POINT (10.040935239000021 53.566761444000065)","Unfall 123952 (2018) Kat:3, Licht: 0","123952","3","7","0","02","15","3","1","0","0","0","0","1"
"POINT (9.812544839000054 53.560158622000074)","Unfall 123953 (2018) Kat:3, Licht: 0","123953","3","7","6","03","12","6","0","0","0","1","1","0"
"POINT (10.037553296000056 53.610131734000049)","Unfall 123954 (2018) Kat:2, Licht: 2","123954","2","6","2","02","18","5","0","2","0","1","0","0"
"POINT (9.908071026000073 53.606186610000066)","Unfall 123955 (2018) Kat:3, Licht: 0","123955","3","2","5","02","14","3","1","0","0","1","0","0"
"POINT (10.041532915000062 53.579911371000037)","Unfall 123956 (2018) Kat:3, Licht: 2","123956","3","6","2","02","19","4","2","2","0","1","0","0"
"POINT (10.181929753000077 53.478010521000044)","Unfall 123957 (2018) Kat:3, Licht: 0","123957","3","4","6","03","12","4","1","0","0","1","1","0"
"POINT (9.902655614000025 53.608135960000027)","Unfall 123958 (2018) Kat:3, Licht: 0","123958","3","4","6","02","10","3","0","0","0","1","1","0"
"POINT (10.036552784000037 53.561529236000069)","Unfall 123959 (2018) Kat:3, Licht: 2","123959","3","7","2","03","01","4","0","2","0","1","0","0"
"POINT (9.916935932000058 53.599844129000076)","Unfall 123960 (2018) Kat:3, Licht: 0","123960","3","7","0","02","10","3","1","0","0","0","0","1"
"POINT (9.864724351000064 53.573501545000056)","Unfall 123961 (2018) Kat:3, Licht: 2","123961","3","1","8","02","20","3","1","2","0","1","0","0"
"POINT (9.898570514000028 53.570979709000028)","Unfall 123962 (2018) Kat:3, Licht: 0","123962","3","2","2","02","14","3","0","0","0","1","0","0"
"POINT (10.051109000000054 53.580943479000041)","Unfall 123963 (2018) Kat:3, Licht: 0","123963","3","7","6","03","18","2","0","0","0","1","1","0"
"POINT (9.872034426000028 53.586096914000052)","Unfall 123964 (2018) Kat:2, Licht: 0","123964","2","3","5","02","15","3","0","0","1","1","0","0"
"POINT (10.089834193000058 53.554091883000069)","Unfall 123965 (2018) Kat:3, Licht: 2","123965","3","2","5","03","19","5","1","2","0","1","0","0"
"POINT (9.874070279000023 53.587345220000032)","Unfall 123966 (2018) Kat:3, Licht: 0","123966","3","6","2","02","16","5","0","0","0","1","0","0"
"POINT (10.067952877000039 53.582378537000068)","Unfall 123967 (2018) Kat:3, Licht: 1","123967","3","2","6","03","20","4","0","1","0","1","1","0"
"POINT (9.945615067000063 53.556964694000044)","Unfall 123968 (2018) Kat:3, Licht: 0","123968","3","2","4","02","09","3","0","0","1","1","0","0"
"POINT (9.945373935000021 53.557105361000026)","Unfall 123969 (2018) Kat:3, Licht: 2","123969","3","3","6","03","18","4","0","2","0","0","1","0"
"POINT (10.117530435000049 53.607083673000034)","Unfall 123970 (2018) Kat:3, Licht: 0","123970","3","4","6","02","09","2","1","0","0","1","1","0"
"POINT (9.852482004000024 53.592250747000037)","Unfall 123971 (2018) Kat:3, Licht: 2","123971","3","6","2","03","19","1","0","2","0","1","0","0"
"POINT (9.949426317000075 53.563272948000076)","Unfall 123972 (2018) Kat:3, Licht: 0","123972","3","7","0","02","14","7","0","0","0","1","0","0"
"POINT (9.978168777000064 53.597547928000040)","Unfall 123973 (2018) Kat:3, Licht: 0","123973","3","3","5","03","10","5","1","0","1","1","0","0"
"POINT (10.061542205000023 53.595462817000055)","Unfall 123974 (2018) Kat:2, Licht: 2","123974","2","4","6","04","23","3","0","2","0","1","1","0"
"POINT (9.942158423000024 53.550214749000077)","Unfall 123975 (2018) Kat:3, Licht: 2","123975","3","6","2","03","18","5","1","2","0","1","0","0"
"POINT (9.938085577000038 53.563667988000077)","Unfall 123976 (2018) Kat:3, Licht: 0","123976","3","7","6","03","14","5","1","0","1","0","1","0"
"POINT (10.034474542000055 53.564192630000036)","Unfall 123977 (2018) Kat:3, Licht: 1","123977","3","3","5","03","06","6","0","1","0","1","0","0"
"POINT (9.972403171000053 53.557094141000050)","Unfall 123978 (2018) Kat:3, Licht: 1","123978","3","2","3","03","18","5","0","1","1","1","0","0"
"POINT (10.105625290000035 53.658134299000039)","Unfall 123979 (2018) Kat:3, Licht: 0","123979","3","3","5","03","07","3","0","0","1","1","0","0"
"POINT (9.986046842000064 53.557990022000070)","Unfall 123980 (2018) Kat:3, Licht: 0","123980","3","1","0","03","15","5","1","0","0","0","0","1"
"POINT (9.998730327000033 53.606051255000068)","Unfall 123981 (2018) Kat:3, Licht: 0","123981","3","4","6","04","17","5","1","0","0","1","1","0"
"POINT (9.975487427000076 53.560600087000068)","Unfall 123982 (2018) Kat:3, Licht: 0","123982","3","6","2","03","17","5","1","0","0","1","0","0"
"POINT (10.155007965000038 53.587606922000077)","Unfall 123983 (2018) Kat:3, Licht: 0","123983","3","3","0","04","17","2","0","0","1","1","0","0"
"POINT (9.926939221000055 53.518860232000065)","Unfall 123984 (2018) Kat:3, Licht: 0","123984","3","6","2","03","07","5","1","0","0","1","0","0"
"POINT (9.975564254000062 53.460209574000032)","Unfall 123985 (2018) Kat:3, Licht: 0","123985","3","3","5","03","16","4","0","0","1","0","0","0"
"POINT (10.133495294000056 53.623642523000058)","Unfall 123986 (2018) Kat:2, Licht: 0","123986","2","4","6","03","09","5","1","0","0","1","1","0"
"POINT (10.024207042000057 53.529646075000073)","Unfall 123987 (2018) Kat:3, Licht: 0","123987","3","6","3","03","14","4","0","0","0","1","0","0"
"POINT (9.894446162000065 53.552759515000048)","Unfall 123988 (2018) Kat:3, Licht: 0","123988","3","3","5","03","17","2","0","0","1","1","0","0"
"POINT (10.168525445000057 53.515569705000075)","Unfall 123989 (2018) Kat:3, Licht: 2","123989","3","3","5","03","18","4","0","2","1","0","0","0"
"POINT (10.070162003000064 53.559740932000068)","Unfall 123990 (2018) Kat:3, Licht: 0","123990","3","6","3","03","13","5","1","0","0","1","0","0"
"POINT (10.123257962000025 53.538390814000081)","Unfall 123991 (2018) Kat:3, Licht: 0","123991","3","2","2","03","09","4","0","0","0","1","0","0"
"POINT (10.121335373000022 53.605597085000056)","Unfall 123992 (2018) Kat:3, Licht: 0","123992","3","6","0","03","11","6","0","0","0","1","0","0"
"POINT (10.014454226000055 53.561934422000036)","Unfall 123993 (2018) Kat:3, Licht: 1","123993","3","6","2","03","06","3","0","1","0","1","0","1"
"POINT (9.967707937000057 53.577595404000078)","Unfall 123994 (2018) Kat:3, Licht: 0","123994","3","5","1","03","08","5","1","0","1","1","0","0"
"POINT (10.109606151000037 53.570874686000082)","Unfall 123995 (2018) Kat:3, Licht: 0","123995","3","6","1","03","16","4","0","0","0","1","0","0"
"POINT (9.967817688000025 53.557362350000062)","Unfall 123996 (2018) Kat:3, Licht: 0","123996","3","4","0","04","09","5","1","0","0","0","1","0"
"POINT (10.136995685000045 53.592560971000069)","Unfall 123997 (2018) Kat:2, Licht: 0","123997","2","6","3","03","07","4","0","0","1","1","0","0"
"POINT (10.145072507000066 53.532810959000074)","Unfall 123998 (2018) Kat:3, Licht: 0","123998","3","4","6","04","14","1","0","0","0","0","1","0"
"POINT (10.064635176000024 53.597593204000077)","Unfall 123999 (2018) Kat:3, Licht: 0","123999","3","6","2","03","10","4","0","0","0","1","0","0"
"POINT (10.000443826000037 53.665530026000056)","Unfall 124000 (2018) Kat:3, Licht: 0","124000","3","2","5","03","15","4","1","0","0","1","0","0"
"POINT (9.948921833000043 53.559354868000071)","Unfall 124001 (2018) Kat:3, Licht: 2","124001","3","2","2","03","20","5","0","2","0","1","0","0"
"POINT (10.009324277000076 53.658963392000032)","Unfall 124002 (2018) Kat:3, Licht: 2","124002","3","7","5","03","05","4","0","2","0","1","0","0"
"POINT (10.120870671000034 53.605865301000051)","Unfall 124003 (2018) Kat:3, Licht: 2","124003","3","7","5","03","19","1","0","2","0","1","0","0"
"POINT (9.866914882000060 53.585444099000028)","Unfall 124004 (2018) Kat:3, Licht: 0","124004","3","2","4","03","08","4","0","0","1","0","0","0"
"POINT (9.989988210000036 53.582118595000054)","Unfall 124005 (2018) Kat:3, Licht: 0","124005","3","2","4","04","08","4","0","0","1","1","0","0"
"POINT (9.916425629000059 53.582205465000072)","Unfall 124006 (2018) Kat:3, Licht: 0","124006","3","6","2","03","07","4","0","0","0","1","0","0"
"POINT (10.030212236000068 53.677720404000070)","Unfall 124007 (2018) Kat:3, Licht: 0","124007","3","7","0","03","14","7","1","0","0","0","0","0"
"POINT (10.009077857000023 53.552172634000044)","Unfall 124008 (2018) Kat:3, Licht: 2","124008","3","4","0","03","18","4","0","2","0","0","1","0"
"POINT (10.016810062000047 53.486014392000072)","Unfall 124009 (2018) Kat:2, Licht: 0","124009","2","2","0","04","13","4","0","0","0","0","0","0"
"POINT (9.912195604000033 53.513923465000062)","Unfall 124010 (2018) Kat:3, Licht: 0","124010","3","6","3","03","17","3","0","0","0","1","0","0"
"POINT (10.109186143000045 53.541716552000082)","Unfall 124011 (2018) Kat:3, Licht: 0","124011","3","6","2","03","09","7","0","0","0","1","0","0"
"POINT (9.991185900000062 53.500691857000049)","Unfall 124012 (2018) Kat:3, Licht: 1","124012","3","2","5","03","05","3","1","1","1","1","0","0"
"POINT (10.174868879000030 53.479643748000058)","Unfall 124013 (2018) Kat:3, Licht: 0","124013","3","7","1","03","14","3","0","0","0","1","0","0"
"POINT (10.033030229000076 53.573283663000041)","Unfall 124014 (2018) Kat:3, Licht: 0","124014","3","6","2","03","16","4","1","0","0","1","0","0"
"POINT (10.106944343000066 53.542795162000061)","Unfall 124015 (2018) Kat:3, Licht: 0","124015","3","6","1","03","10","3","0","0","0","0","0","0"
"POINT (9.957655325000076 53.580493185000080)","Unfall 124016 (2018) Kat:3, Licht: 0","124016","3","3","5","04","08","6","0","0","1","1","0","0"
"POINT (10.002335446000075 53.557121438000081)","Unfall 124017 (2018) Kat:3, Licht: 0","124017","3","3","5","03","12","1","0","0","0","1","0","0"
"POINT (10.047285118000048 53.540820863000079)","Unfall 124018 (2018) Kat:3, Licht: 0","124018","3","6","2","03","16","3","0","0","0","0","0","0"
"POINT (10.112205944000038 53.606957303000058)","Unfall 124019 (2018) Kat:3, Licht: 0","124019","3","7","4","04","08","3","1","0","0","1","0","0"
"POINT (10.152547515000037 53.603848926000069)","Unfall 124020 (2018) Kat:3, Licht: 0","124020","3","6","1","03","07","3","0","0","0","1","0","0"
"POINT (10.023240895000072 53.506535321000058)","Unfall 124021 (2018) Kat:3, Licht: 2","124021","3","5","1","03","02","6","0","2","0","1","0","0"
"POINT (10.175411871000051 53.606918381000071)","Unfall 124022 (2018) Kat:3, Licht: 0","124022","3","1","0","03","10","3","0","0","0","0","0","1"