WKT,Name,OBJECTID,UKATEGORIE,UTYP1,UART,UMONAT,USTUNDE,UWOCHENTAG,STRZUSTAND,ULICHTVERH,ISTRAD,ISTPKW,ISTFUSS,ISTKRAD
"POINT (10.161194272000046 53.510153644000070)","Unfall 124023 (2018) Kat:3, Licht: 0","124023","3","7","0","03","17","3","0","0","1","0","0","0"
"POINT (10.134948995000059 53.619169753000051)","Unfall 124024 (2018) Kat:3, Licht: 0","124024","3","7","8","03","11","3","0","0","0","0","0","1"
"POINT (10.152276360000030 53.616040231000056)","Unfall 124025 (2018) Kat:3, Licht: 0","124025","3","2","3","03","15","3","0","0","0","1","0","0"
"POINT (9.965441278000071 53.551047798000070)","Unfall 124026 (2018) Kat:3, Licht: 0","124026","3","2","2","03","12","4","1","0","0","1","0","0"
"POINT (10.066727130000061 53.584073748000037)","Unfall 124027 (2018) Kat:3, Licht: 0","124027","3","6","3","03","11","3","0","0","0","1","0","0"
"POINT (9.994333094000069 53.550450692000027)","Unfall 124028 (2018) Kat:3, Licht: 0","124028","3","4","6","04","14","6","0","0","1","0","1","0"
"POINT (9.954856840000048 53.548586919000059)","Unfall 124029 (2018) Kat:3, Licht: 0","124029","3","2","5","03","15","7","0","0","0","1","0","0"
"POINT (9.969708103000073 53.567755131000069)","Unfall 124030 (2018) Kat:3, Licht: 0","124030","3","6","3","03","14","5","0","0","0","1","0","0"
"POINT (10.061418500000059 53.570689697000034)","Unfall 124031 (2018) Kat:3, Licht: 0","124031","3","6","2","03","11","3","0","0","0","1","0","0"
"POINT (9.802378229000055 53.576436076000050)","Unfall 124032 (2018) Kat:3, Licht: 0","124032","3","4","6","04","16","3","0","0","0","1","1","0"
"POINT (10.058482867000066 53.576249669000049)","Unfall 124033 (2018) Kat:3, Licht: 2","124033","3","2","6","03","19","3","0","2","0","1","1","0"
"POINT (10.081969723000043 53.620625761000042)","Unfall 124034 (2018) Kat:3, Licht: 0","124034","3","6","2","03","07","3","1","0","0","1","0","0"
"POINT (9.990044696000041 53.543301035000070)","Unfall 124035 (2018) Kat:3, Licht: 0","124035","3","6","3","03","17","6","0","0","1","1","0","0"
"POINT (10.034403856000040 53.605971250000039)","Unfall 124036 (2018) Kat:3, Licht: 0","124036","3","5","1","03","16","3","0","0","0","1","0","0"
"POINT (10.077674184000045 53.575662627000042)","Unfall 124037 (2018) Kat:2, Licht: 0","124037","2","7","4","03","13","6","0","0","0","1","0","0"
"POINT (9.907229615000063 53.587455627000054)","Unfall 124038 (2018) Kat:3, Licht: 0","124038","3","6","2","03","08","3","1","0","0","1","0","0"
"POINT (9.996463253000059 53.543712189000075)","Unfall 124039 (2018) Kat:3, Licht: 1","124039","3","6","3","03","17","5","1","1","0","1","0","0"
"POINT (10.005589216000033 53.580415808000055)","Unfall 124040 (2018) Kat:3, Licht: 0","124040","3","3","5","03","07","3","0","0","1","1","0","0"
"POINT (10.033490970000059 53.573604048000050)","Unfall 124041 (2018) Kat:3, Licht: 0","124041","3","6","2","04","17","5","1","0","0","1","0","0"
"POINT (10.000070405000031 53.601531812000076)","Unfall 124042 (2018) Kat:3, Licht: 0","124042","3","7","1","03","10","3","0","0","0","1","0","0"
"POINT (9.981457068000054 53.544049360000031)","Unfall 124043 (2018) Kat:2, Licht: 0","124043","2","6","2","04","13","2","0","0","0","1","0","0"
"POINT (9.938647709000065 53.582301885000049)","Unfall 124044 (2018) Kat:3, Licht: 0","124044","3","3","5","03","09","3","0","0","0","1","0","0"
"POINT (10.025634931000070 53.543634896000071)","Unfall 124045 (2018) Kat:2, Licht: 1","124045","2","3","0","03","18","6","0","1","0","1","0","1"
"POINT (10.073225955000055 53.608743837000077)","Unfall 124046 (2018) Kat:3, Licht: 0","124046","3","6","1","04","09","5","0","0","0","1","0","0"
"POINT (9.932917505000035 53.550340486000039)","Unfall 124047 (2018) Kat:2, Licht: 0","124047","2","4","6","03","14","3","0","0","0","1","1","0"
"POINT (9.981812415000036 53.554366207000044)","Unfall 124048 (2018) Kat:3, Licht: 0","124048","3","7","0","04","13","3","0","0","1","1","0","0"
"POINT (9.941460747000065 53.547967189000076)","Unfall 124049 (2018) Kat:3, Licht: 0","124049","3","6","2","03","05","3","2","0","1","0","0","0"
"POINT (9.923962973000073 53.516097832000071)","Unfall 124050 (2018) Kat:3, Licht: 0","124050","3","6","2","03","17","3","0","0","0","1","0","0"
"POINT (10.021513821000042 53.544546089000050)","Unfall 124051 (2018) Kat:3, Licht: 0","124051","3","7","6","03","17","5","1","0","0","1","1","0"
"POINT (9.984625304000076 53.458202729000050)","Unfall 124052 (2018) Kat:3, Licht: 0","124052","3","5","1","03","08","2","0","0","0","1","0","0"
"POINT (10.036968769000055 53.611470660000066)","Unfall 124053 (2018) Kat:3, Licht: 0","124053","3","2","4","03","17","6","0","0","1","1","0","0"
"POINT (10.190346271000067 53.504146061000029)","Unfall 124054 (2018) Kat:3, Licht: 0","124054","3","3","5","03","13","2","0","0","1","0","0","0"
"POINT (10.082942833000061 53.555341242000054)","Unfall 124055 (2018) Kat:3, Licht: 0","124055","3","2","2","03","07","2","0","0","0","1","0","0"
"POINT (9.984141412000042 53.557882843000073)","Unfall 124056 (2018) Kat:3, Licht: 0","124056","3","6","2","04","15","5","1","0","0","1","0","1"
"POINT (10.069738375000043 53.558485250000047)","Unfall 124057 (2018) Kat:3, Licht: 0","124057","3","1","8","03","11","2","0","0","0","1","0","0"
"POINT (9.955128455000022 53.561249462000035)","Unfall 124058 (2018) Kat:3, Licht: 0","124058","3","2","4","04","19","1","0","0","1","1","0","0"
"POINT (10.065223382000056 53.530515481000066)","Unfall 124059 (2018) Kat:3, Licht: 2","124059","3","4","6","03","05","2","0","2","0","1","1","0"
"POINT (10.008949767000047 53.548017857000048)","Unfall 124060 (2018) Kat:3, Licht: 0","124060","3","6","2","03","14","2","0","0","0","1","0","0"
"POINT (10.105091530000038 53.571729112000071)","Unfall 124061 (2018) Kat:3, Licht: 0","124061","3","5","1","03","11","4","1","0","0","1","0","0"
"POINT (10.060831141000051 53.570506388000069)","Unfall 124062 (2018) Kat:3, Licht: 0","124062","3","3","5","03","12","2","0","0","0","1","1","0"
"POINT (10.011878960000047 53.579275405000033)","Unfall 124063 (2018) Kat:3, Licht: 0","124063","3","6","1","04","18","6","0","0","1","1","0","0"
"POINT (10.023086673000023 53.629287243000078)","Unfall 124064 (2018) Kat:3, Licht: 0","124064","3","6","1","03","11","2","0","0","0","1","0","0"
"POINT (10.031243886000027 53.565151285000070)","Unfall 124065 (2018) Kat:3, Licht: 0","124065","3","3","5","03","09","2","0","0","1","1","0","0"
"POINT (10.091300989000047 53.568803773000070)","Unfall 124066 (2018) Kat:3, Licht: 0","124066","3","4","6","03","08","5","2","0","0","1","1","0"
"POINT (9.852526735000026 53.584356711000055)","Unfall 124067 (2018) Kat:3, Licht: 0","124067","3","6","3","03","13","2","0","0","0","1","0","0"
"POINT (9.995035215000030 53.570965494000063)","Unfall 124068 (2018) Kat:3, Licht: 0","124068","3","5","0","03","10","2","0","0","0","1","0","1"
"POINT (9.918223680000040 53.571028374000036)","Unfall 124069 (2018) Kat:3, Licht: 0","124069","3","6","2","03","12","2","0","0","0","1","0","0"
"POINT (10.054852418000053 53.631174159000068)","Unfall 124070 (2018) Kat:3, Licht: 0","124070","3","3","0","04","09","4","0","0","1","1","0","0"
"POINT (9.972306207000031 53.577976513000067)","Unfall 124071 (2018) Kat:3, Licht: 0","124071","3","4","6","03","17","2","0","0","0","1","1","0"
"POINT (10.065409892000048 53.571411318000060)","Unfall 124072 (2018) Kat:3, Licht: 2","124072","3","7","0","03","03","7","0","2","1","0","0","0"
"POINT (9.954665410000075 53.582762800000069)","Unfall 124073 (2018) Kat:3, Licht: 0","124073","3","5","1","03","11","2","0","0","0","1","0","1"
"POINT (9.988633713000070 53.572351434000041)","Unfall 124074 (2018) Kat:3, Licht: 0","124074","3","6","3","03","16","2","0","0","1","1","0","0"
"POINT (9.953345581000065 53.623787371000049)","Unfall 124075 (2018) Kat:3, Licht: 2","124075","3","7","4","03","21","4","1","2","0","1","0","0"
"POINT (10.087044260000027 53.601388863000068)","Unfall 124076 (2018) Kat:3, Licht: 0","124076","3","6","4","03","16","6","0","0","0","0","0","1"
"POINT (9.993216147000055 53.447002152000039)","Unfall 124077 (2018) Kat:3, Licht: 0","124077","3","7","6","03","07","6","0","0","0","1","1","0"
"POINT (9.988887164000062 53.578651360000038)","Unfall 124078 (2018) Kat:3, Licht: 0","124078","3","4","6","03","15","2","0","0","0","0","1","0"
"POINT (9.943019122000067 53.559988139000041)","Unfall 124079 (2018) Kat:3, Licht: 0","124079","3","3","5","04","09","6","0","0","1","0","0","0"
"POINT (10.063467619000050 53.571105446000047)","Unfall 124080 (2018) Kat:3, Licht: 0","124080","3","6","2","03","14","7","0","0","0","1","0","0"
"POINT (9.966813953000042 53.550484296000036)","Unfall 124081 (2018) Kat:3, Licht: 0","124081","3","5","1","03","15","2","0","0","0","1","0","0"
"POINT (10.067757880000045 53.582327221000071)","Unfall 124082 (2018) Kat:3, Licht: 0","124082","3","6","5","04","06","3","1","0","0","1","0","0"
"POINT (10.062285065000026 53.638213483000072)","Unfall 124083 (2018) Kat:3, Licht: 0","124083","3","7","1","03","12","1","0","0","1","1","0","0"
"POINT (10.009987855000077 53.552270622000037)","Unfall 124084 (2018) Kat:3, Licht: 2","124084","3","3","5","03","19","2","0","2","0","0","0","0"
"POINT (9.981291715000054 53.425565541000026)","Unfall 124085 (2018) Kat:3, Licht: 0","124085","3","3","0","04","08","3","1","0","1","0","0","0"
"POINT (10.020677024000065 53.554451680000057)","Unfall 124086 (2018) Kat:3, Licht: 0","124086","3","6","4","03","08","2","0","0","1","1","0","0"
"POINT (9.863298630000031 53.600588067000047)","Unfall 124087 (2018) Kat:3, Licht: 0","124087","3","7","0","03","14","7","1","0","1","0","0","0"
"POINT (9.979752645000076 53.527727236000032)","Unfall 124088 (2018) Kat:3, Licht: 0","124088","3","2","4","03","07","2","0","0","0","1","0","0"
"POINT (10.130870002000051 53.547159525000041)","Unfall 124089 (2018) Kat:2, Licht: 0","124089","2","6","4","03","16","1","0","0","0","1","0","0"
"POINT (9.989986201000022 53.559891958000037)","Unfall 124090 (2018) Kat:3, Licht: 0","124090","3","2","3","03","08","4","1","0","1","1","0","0"
"POINT (10.080192859000022 53.607855257000040)","Unfall 124091 (2018) Kat:3, Licht: 0","124091","3","3","5","03","08","6","0","0","0","1","0","0"
"POINT (10.123195353000028 53.627072058000067)","Unfall 124092 (2018) Kat:3, Licht: 0","124092","3","3","5","03","17","1","0","0","0","1","0","0"
"POINT (10.080804478000061 53.559965457000033)","Unfall 124093 (2018) Kat:3, Licht: 0","124093","3","7","7","04","18","5","0","0","1","0","0","0"
"POINT (9.986928061000072 53.549061169000026)","Unfall 124094 (2018) Kat:3, Licht: 0","124094","3","2","3","03","09","5","1","0","1","0","0","0"
"POINT (10.122089779000021 53.666378234000035)","Unfall 124095 (2018) Kat:3, Licht: 0","124095","3","6","2","03","13","1","0","0","0","1","0","0"
"POINT (9.918105728000057 53.579784287000052)","Unfall 124096 (2018) Kat:3, Licht: 0","124096","3","6","3","04","09","3","1","0","0","1","0","0"
"POINT (9.942752298000073 53.578971777000049)","Unfall 124097 (2018) Kat:3, Licht: 0","124097","3","5","1","03","14","1","0","0","1","1","0","0"
"POINT (9.956538017000071 53.549703413000032)","Unfall 124098 (2018) Kat:3, Licht: 2","124098","3","4","6","03","04","1","0","2","0","0","1","0"
"POINT (10.207677743000033 53.463771841000039)","Unfall 124099 (2018) Kat:2, Licht: 2","124099","2","6","6","03","20","5","0","2","0","1","1","0"
"POINT (9.822507394000070 53.583431753000070)","Unfall 124100 (2018) Kat:3, Licht: 0","124100","3","6","2","03","06","6","0","0","0","1","0","1"
"POINT (10.215346914000065 53.486486042000081)","Unfall 124101 (2018) Kat:2, Licht: 0","124101","2","7","6","03","16","7","0","0","1","0","1","0"
"POINT (10.126621900000032 53.589381605000028)","Unfall 124102 (2018) Kat:3, Licht: 0","124102","3","1","4","03","16","7","0","0","0","1","0","0"
"POINT (10.016773582000042 53.561996933000046)","Unfall 124103 (2018) Kat:3, Licht: 0","124103","3","4","6","03","12","7","0","0","0","1","1","0"
"POINT (10.084793588000025 53.553513649000081)","Unfall 124104 (2018) Kat:3, Licht: 2","124104","3","6","0","03","20","6","0","2","0","1","0","0"
"POINT (9.931409905000066 53.557016560000079)","Unfall 124105 (2018) Kat:3, Licht: 2","124105","3","2","4","03","00","7","0","2","0","1","0","0"
"POINT (10.076637438000034 53.615932994000048)","Unfall 124106 (2018) Kat:3, Licht: 0","124106","3","2","6","03","09","3","0","0","0","1","1","0"
"POINT (9.902451676000055 53.565692227000056)","Unfall 124107 (2018) Kat:3, Licht: 0","124107","3","3","5","03","06","6","1","0","0","1","0","1"
"POINT (10.060945773000071 53.570341114000030)","Unfall 124108 (2018) Kat:2, Licht: 2","124108","2","1","2","03","18","6","0","2","0","1","0","1"
"POINT (10.023612855000067 53.626446885000064)","Unfall 124109 (2018) Kat:3, Licht: 0","124109","3","3","5","04","07","5","1","0","1","1","0","0"
"POINT (10.026135421000049 53.605868835000081)","Unfall 124110 (2018) Kat:2, Licht: 2","124110","2","4","6","03","19","6","0","2","0","1","1","0"
"POINT (10.138051651000069 53.600132936000080)","Unfall 124111 (2018) Kat:3, Licht: 1","124111","3","7","0","04","18","2","0","1","1","0","0","0"
"POINT (10.047048606000033 53.584896838000077)","Unfall 124112 (2018) Kat:3, Licht: 0","124112","3","7","1","03","15","6","0","0","0","1","0","0"
"POINT (9.902210059000026 53.606571661000032)","Unfall 124113 (2018) Kat:3, Licht: 0","124113","3","6","1","03","15","6","0","0","0","1","0","0"
"POINT (10.132233585000051 53.571119530000033)","Unfall 124114 (2018) Kat:3, Licht: 0","124114","3","7","0","03","11","5","0","0","0","0","0","0"
"POINT (9.924173947000043 53.631361582000068)","Unfall 124115 (2018) Kat:3, Licht: 0","124115","3","3","0","03","11","6","0","0","1","1","0","0"
"POINT (9.943153687000063 53.593415318000041)","Unfall 124116 (2018) Kat:3, Licht: 0","124116","3","2","4","03","07","6","0","0","0","1","0","0"
"POINT (10.149535358000037 53.605231590000074)","Unfall 124117 (2018) Kat:3, Licht: 0","124117","3","6","2","03","14","2","0","0","0","1","0","0"
"POINT (9.917649844000039 53.548429412000075)","Unfall 124118 (2018) Kat:3, Licht: 2","124118","3","2","4","03","18","6","0","2","0","1","0","0"
"POINT (9.967859716000021 53.612990007000064)","Unfall 124119 (2018) Kat:3, Licht: 0","124119","3","6","2","03","14","6","0","0","0","1","0","0"
"POINT (9.996824125000046 53.548461845000077)","Unfall 124120 (2018) Kat:3, Licht: 0","124120","3","2","3","04","13","5","0","0","1","1","0","0"
"POINT (9.948386686000049 53.561397820000082)","Unfall 124121 (2018) Kat:3, Licht: 0","124121","3","3","5","03","09","3","0","0","1","1","0","0"
"POINT (9.962475393000034 53.549253943000053)","Unfall 124122 (2018) Kat:3, Licht: 2","124122","3","6","6","03","04","6","0","2","1","0","1","0"
"POINT (9.875770650000050 53.588708937000035)","Unfall 124123 (2018) Kat:3, Licht: 0","124123","3","6","1","04","07","5","1","0","0","1","0","0"
"POINT (9.989350002000037 53.558296167000037)","Unfall 124124 (2018) Kat:3, Licht: 2","124124","3","2","4","03","23","6","0","2","0","1","0","0"
"POINT (10.179901476000055 53.496092701000066)","Unfall 124125 (2018) Kat:2, Licht: 2","124125","2","1","9","04","04","1","0","2","0","1","0","0"
"POINT (9.988637790000041 53.555369643000063)","Unfall 124126 (2018) Kat:3, Licht: 0","124126","3","6","2","03","18","6","0","0","0","1","0","0"
"POINT (10.114320452000072 53.615345897000054)","Unfall 124127 (2018) Kat:3, Licht: 2","124127","3","3","5","03","19","5","0","2","0","1","0","0"
"POINT (9.887148188000026 53.601065277000032)","Unfall 124128 (2018) Kat:3, Licht: 0","124128","3","6","2","03","08","5","2","0","0","1","0","0"
"POINT (9.924726726000074 53.550872223000056)","Unfall 124129 (2018) Kat:3, Licht: 0","124129","3","7","0","03","12","6","0","0","0","1","0","0"
"POINT (9.934834823000074 53.582922382000049)","Unfall 124130 (2018) Kat:2, Licht: 2","124130","2","4","6","03","18","5","0","2","0","1","1","0"
"POINT (10.198584855000036 53.500744446000056)","Unfall 124131 (2018) Kat:3, Licht: 0","124131","3","6","2","03","14","1","0","0","0","1","0","0"
"POINT (9.855919564000033 53.582975487000056)","Unfall 124132 (2018) Kat:3, Licht: 0","124132","3","7","0","03","09","5","0","0","0","0","0","0"
"POINT (9.908083978000036 53.632571756000061)","Unfall 124133 (2018) Kat:3, Licht: 2","124133","3","7","0","04","20","4","1","2","0","0","0","1"
"POINT (9.898114250000049 53.571124762000068)","Unfall 124134 (2018) Kat:3, Licht: 0","124134","3","6","2","03","16","5","0","0","0","1","0","0"
"POINT (10.060389595000061 53.584930487000065)","Unfall 124135 (2018) Kat:2, Licht: 2","124135","2","3","5","03","21","7","1","2","0","1","0","0"
"POINT (9.913425671000027 53.634058253000035)","Unfall 124136 (2018) Kat:3, Licht: 0","124136","3","3","5","03","15","5","0","0","0","1","0","0"
"POINT (9.950108865000061 53.547384176000037)","Unfall 124137 (2018) Kat:3, Licht: 2","124137","3","7","0","03","19","5","0","2","0","1","0","1"
"POINT (9.948565316000043 53.573654431000080)","Unfall 124138 (2018) Kat:2, Licht: 2","124138","2","3","6","03","22","4","1","2","0","1","1","0"
"POINT (9.950658855000029 53.546343608000029)","Unfall 124139 (2018) Kat:3, Licht: 0","124139","3","6","2","03","14","5","0","0","0","1","0","0"
"POINT (9.966049944000076 53.562352029000067)","Unfall 124140 (2018) Kat:3, Licht: 0","124140","3","3","5","04","17","1","0","0","1","1","0","0"
"POINT (10.014084733000061 53.552699790000077)","Unfall 124141 (2018) Kat:3, Licht: 0","124141","3","7","0","03","17","5","0","0","1","1","0","0"
"POINT (10.205451515000050 53.492555589000062)","Unfall 124142 (2018) Kat:3, Licht: 1","124142","3","6","2","03","17","4","0","1","0","1","0","0"
"POINT (10.108455480000032 53.647759591000067)","Unfall 124143 (2018) Kat:3, Licht: 0","124143","3","3","5","03","07","4","1","0","1","1","0","0"
"POINT (9.936610595000047 53.547774974000049)","Unfall 124144 (2018) Kat:3, Licht: 0","124144","3","6","2","03","07","6","0","0","0","1","0","0"
"POINT (10.126954817000069 53.574898287000053)","Unfall 124145 (2018) Kat:3, Licht: 0","124145","3","6","2","03","17","4","0","0","0","1","0","0"
"POINT (9.866929436000021 53.585447948000080)","Unfall 124146 (2018) Kat:3, Licht: 0","124146","3","2","5","04","07","6","0","0","1","1","0","0"
"POINT (10.004528257000061 53.600160337000034)","Unfall 124147 (2018) Kat:3, Licht: 2","124147","3","5","1","03","01","1","1","2","1","1","0","0"
"POINT (10.069733793000069 53.597349082000051)","Unfall 124148 (2018) Kat:3, Licht: 0","124148","3","5","1","03","12","4","0","0","0","1","0","0"
"POINT (10.102039363000074 53.580741766000074)","Unfall 124149 (2018) Kat:2, Licht: 0","124149","2","6","2","04","13","3","0","0","0","1","1","0"
"POINT (10.161913849000030 53.650224622000053)","Unfall 124150 (2018) Kat:3, Licht: 0","124150","3","3","0","03","16","4","0","0","0","1","0","1"
"POINT (9.930300503000069 53.553710752000029)","Unfall 124151 (2018) Kat:3, Licht: 0","124151","3","5","1","03","08","7","0","0","0","1","0","0"
"POINT (10.007872340000063 53.585777557000029)","Unfall 124152 (2018) Kat:3, Licht: 0","124152","3","3","5","03","09","4","0","0","1","1","0","0"
"POINT (9.966149106000046 53.507451094000032)","Unfall 124153 (2018) Kat:3, Licht: 0","124153","3","6","2","03","14","4","1","0","0","1","0","0"
"POINT (9.932547906000025 53.557285874000058)","Unfall 124154 (2018) Kat:3, Licht: 0","124154","3","2","4","03","16","6","0","0","1","1","0","0"
"POINT (10.020536495000044 53.583977847000028)","Unfall 124155 (2018) Kat:3, Licht: 0","124155","3","6","3","03","08","4","0","0","0","1","0","0"
"POINT (10.154419271000052 53.612587587000064)","Unfall 124156 (2018) Kat:2, Licht: 0","124156","2","2","4","04","16","5","0","0","0","1","0","0"
"POINT (9.994035933000021 53.558817331000057)","Unfall 124157 (2018) Kat:3, Licht: 2","124157","3","3","5","03","18","6","0","2","0","1","0","0"
"POINT (9.976040363000038 53.552713732000029)","Unfall 124158 (2018) Kat:3, Licht: 0","124158","3","6","3","03","13","4","0","0","0","1","0","0"
"POINT (9.986041015000069 53.549907969000060)","Unfall 124159 (2018) Kat:3, Licht: 0","124159","3","6","2","04","15","6","0","0","0","1","0","1"
"POINT (9.934165234000034 53.551852068000073)","Unfall 124160 (2018) Kat:2, Licht: 2","124160","2","7","6","03","22","7","0","2","0","0","1","0"
"POINT (9.984425303000023 53.433069846000080)","Unfall 124161 (2018) Kat:3, Licht: 0","124161","3","2","6","03","13","3","1","0","0","1","1","0"
"POINT (9.896011116000068 53.619273565000071)","Unfall 124162 (2018) Kat:3, Licht: 2","124162","3","5","1","04","05","3","1","2","0","1","0","0"
"POINT (10.110682836000024 53.459537839000063)","Unfall 124163 (2018) Kat:3, Licht: 2","124163","3","6","0","03","19","3","0","2","0","1","1","0"
"POINT (10.045814942000050 53.662453491000065)","Unfall 124164 (2018) Kat:3, Licht: 0","124164","3","7","4","03","16","3","0","0","0","1","0","0"
"POINT (9.977398137000023 53.577576560000068)","Unfall 124165 (2018) Kat:3, Licht: 0","124165","3","4","6","03","19","6","0","0","0","0","1","0"
"POINT (9.957943750000027 53.553184355000042)","Unfall 124166 (2018) Kat:2, Licht: 1","124166","2","3","5","03","06","6","0","1","1","1","0","0"
"POINT (10.032752480000056 53.622746069000073)","Unfall 124167 (2018) Kat:3, Licht: 2","124167","3","1","8","03","00","3","1","2","0","1","0","0"
"POINT (9.821386163000057 53.576542620000055)","Unfall 124168 (2018) Kat:3, Licht: 0","124168","3","3","5","03","11","3","0","0","1","1","0","0"
"POINT (10.104588328000034 53.551843362000056)","Unfall 124169 (2018) Kat:2, Licht: 0","124169","2","3","0","03","16","5","1","0","0","1","0","1"
"POINT (9.996895150000057 53.598449345000063)","Unfall 124170 (2018) Kat:2, Licht: 0","124170","2","4","6","03","16","3","0","0","1","0","1","0"
"POINT (10.168115114000045 53.593976372000043)","Unfall 124171 (2018) Kat:3, Licht: 0","124171","3","1","8","03","17","6","0","0","0","1","0","0"
"POINT (10.007424564000075 53.586740692000035)","Unfall 124172 (2018) Kat:3, Licht: 0","124172","3","2","4","04","07","5","1","0","1","1","0","0"
"POINT (10.041678219000062 53.598791439000081)","Unfall 124173 (2018) Kat:3, Licht: 0","124173","3","3","5","03","18","3","0","0","0","1","0","0"
"POINT (9.939537040000062 53.552048916000047)","Unfall 124174 (2018) Kat:3, Licht: 2","124174","3","6","3","04","21","2","1","2","0","1","0","0"
"POINT (9.909812607000049 53.553456587000028)","Unfall 124175 (2018) Kat:3, Licht: 0","124175","3","2","2","03","13","3","0","0","0","1","0","0"
"POINT (9.914949934000049 53.627687018000074)","Unfall 124176 (2018) Kat:3, Licht: 0","124176","3","7","8","03","11","3","0","0","0","1","0","0"
"POINT (10.125319910000030 53.570974793000062)","Unfall 124177 (2018) Kat:3, Licht: 0","124177","3","4","6","03","14","5","0","0","0","1","1","0"
"POINT (10.124677465000048 53.586822997000070)","Unfall 124178 (2018) Kat:3, Licht: 0","124178","3","6","1","03","17","5","0","0","0","1","0","0"
"POINT (9.919635072000062 53.637340755000082)","Unfall 124179 (2018) Kat:3, Licht: 0","124179","3","2","4","03","16","3","0","0","0","1","0","0"
"POINT (9.980726180000033 53.567338243000052)","Unfall 124180 (2018) Kat:3, Licht: 0","124180","3","6","2","04","18","3","0","0","0","1","0","0"
"POINT (9.990358216000061 53.455142843000033)","Unfall 124181 (2018) Kat:3, Licht: 2","124181","3","2","6","03","19","2","1","2","0","1","1","0"
"POINT (10.019678228000032 53.489638184000057)","Unfall 124182 (2018) Kat:3, Licht: 0","124182","3","5","1","03","11","2","1","0","0","1","0","0"
"POINT (10.110400746000039 53.539747778000049)","Unfall 124183 (2018) Kat:2, Licht: 0","124183","2","6","2","03","17","5","1","0","0","1","0","0"
"POINT (10.092886788000044 53.578265288000068)","Unfall 124184 (2018) Kat:3, Licht: 0","124184","3","3","5","03","06","5","1","0","0","1","0","0"
"POINT (10.057756413000050 53.583661091000067)","Unfall 124185 (2018) Kat:2, Licht: 0","124185","2","5","0","03","13","2","1","0","0","1","0","0"
"POINT (10.012053870000045 53.494178503000057)","Unfall 124186 (2018) Kat:3, Licht: 0","124186","3","3","5","03","07","2","0","0","1","1","0","0"
"POINT (10.073867723000035 53.594598568000038)","Unfall 124187 (2018) Kat:3, Licht: 0","124187","3","3","5","03","09","5","1","0","0","1","0","0"
"POINT (10.003517444000067 53.579460520000055)","Unfall 124188 (2018) Kat:3, Licht: 0","124188","3","5","1","03","08","2","0","0","1","1","0","0"
"POINT (9.965656703000036 53.565404658000034)","Unfall 124189 (2018) Kat:3, Licht: 2","124189","3","2","4","04","23","5","0","2","0","1","0","0"
"POINT (10.058815719000052 53.570023802000037)","Unfall 124190 (2018) Kat:3, Licht: 0","124190","3","7","0","03","13","2","1","0","0","1","0","0"
"POINT (10.006127823000043 53.550349498000060)","Unfall 124191 (2018) Kat:3, Licht: 2","124191","3","4","6","03","23","7","0","2","0","1","1","0"
"POINT (10.067185466000069 53.639904550000040)","Unfall 124192 (2018) Kat:3, Licht: 0","124192","3","6","2","04","15","1","0","0","0","1","0","0"
"POINT (10.055928826000070 53.591487543000028)","Unfall 124193 (2018) Kat:3, Licht: 0","124193","3","3","5","03","12","2","1","0","0","1","0","0"
"POINT (10.036922051000033 53.565307374000042)","Unfall 124194 (2018) Kat:3, Licht: 0","124194","3","1","3","03","13","2","1","0","1","0","0","0"
"POINT (9.966751956000053 53.559953699000062)","Unfall 124195 (2018) Kat:3, Licht: 0","124195","3","6","1","03","16","5","1","0","0","1","0","0"
"POINT (10.059733679000033 53.609608426000079)","Unfall 124196 (2018) Kat:3, Licht: 1","124196","3","4","6","03","07","5","0","1","0","0","1","0"
"POINT (9.910227647000056 53.554279331000032)","Unfall 124197 (2018) Kat:3, Licht: 2","124197","3","6","2","03","20","2","1","2","0","1","0","0"
"POINT (10.010004511000034 53.611636198000042)","Unfall 124198 (2018) Kat:3, Licht: 0","124198","3","2","5","04","12","6","0","0","0","1","0","0"
"POINT (10.102827652000030 53.605455031000076)","Unfall 124199 (2018) Kat:2, Licht: 2","124199","2","1","8","03","06","1","0","2","0","1","0","0"
"POINT (10.100801944000068 53.651618293000070)","Unfall 124200 (2018) Kat:3, Licht: 2","124200","3","2","3","03","19","5","0","2","1","1","0","0"
"POINT (9.973168907000058 53.612697891000039)","Unfall 124201 (2018) Kat:2, Licht: 2","124201","2","4","6","03","21","2","1","2","0","0","1","0"
"POINT (9.994104695000033 53.539757008000038)","Unfall 124202 (2018) Kat:3, Licht: 0","124202","3","7","6","04","08","4","0","0","0","1","1","0"
"POINT (9.951947510000025 53.582179792000034)","Unfall 124203 (2018) Kat:3, Licht: 0","124203","3","7","4","03","12","2","1","0","0","1","0","0"
"POINT (9.955786780000040 53.624918527000034)","Unfall 124204 (2018) Kat:3, Licht: 0","124204","3","3","0","03","12","2","0","0","1","0","1","0"
"POINT (10.030759716000034 53.586504961000060)","Unfall 124205 (2018) Kat:3, Licht: 0","124205","3","3","5","03","15","5","1","0","1","1","0","0"
"POINT (9.972358278000058 53.581576261000066)","Unfall 124206 (2018) Kat:3, Licht: 0","124206","3","6","2","03","17","2","1","0","0","1","0","0"
"POINT (10.095548381000071 53.531417932000068)","Unfall 124207 (2018) Kat:3, Licht: 0","124207","3","6","2","04","08","4","0","0","0","0","0","0"