WKT,Name,OBJECTID,UKATEGORIE,UTYP1,UART,UMONAT,USTUNDE,UWOCHENTAG,STRZUSTAND,ULICHTVERH,ISTRAD,ISTPKW,ISTFUSS,ISTKRAD
"POINT (10.100252333000071 53.549667536000072)","Unfall 124393 (2018) Kat:3, Licht: 0","124393","3","6","1","04","18","7","0","0","0","1","0","0"
"POINT (10.013831704000040 53.521174035000058)","Unfall 124394 (2018) Kat:3, Licht: 0","124394","3","6","1","04","09","6","0","0","0","1","0","0"
"POINT (10.014729499000055 53.649382653000032)","Unfall 124395 (2018) Kat:3, Licht: 0","124395","3","2","3","04","07","4","0","0","1","0","0","0"
"POINT (10.041832669000030 53.534961886000076)","Unfall 124396 (2018) Kat:3, Licht: 0","124396","3","7","1","04","08","3","0","0","1","1","0","0"
"POINT (10.038863639000056 53.586275329000046)","Unfall 124397 (2018) Kat:3, Licht: 0","124397","3","3","5","04","07","4","1","0","1","1","0","0"
"POINT (9.956259095000064 53.518333409000036)","Unfall 124398 (2018) Kat:3, Licht: 0","124398","3","6","2","04","08","6","0","0","0","0","0","0"
"POINT (10.039688190000049 53.575028661000033)","Unfall 124399 (2018) Kat:3, Licht: 0","124399","3","7","6","04","11","4","0","0","0","1","1","0"
"POINT (10.086155202000043 53.577539641000044)","Unfall 124400 (2018) Kat:3, Licht: 0","124400","3","6","2","04","16","4","0","0","0","1","0","0"
"POINT (9.822905419000051 53.581014452000034)","Unfall 124401 (2018) Kat:3, Licht: 0","124401","3","3","5","04","16","2","0","0","0","1","0","0"
"POINT (10.046371302000068 53.583137406000048)","Unfall 124402 (2018) Kat:3, Licht: 0","124402","3","3","5","04","13","4","0","0","0","1","0","0"
"POINT (10.060067654000022 53.571652046000054)","Unfall 124403 (2018) Kat:3, Licht: 0","124403","3","3","5","04","15","2","0","0","0","1","0","0"
"POINT (10.019081271000061 53.528772722000042)","Unfall 124404 (2018) Kat:3, Licht: 0","124404","3","6","3","04","17","3","0","0","1","1","0","0"
"POINT (9.964152760000047 53.557581127000049)","Unfall 124405 (2018) Kat:3, Licht: 0","124405","3","6","3","04","17","7","0","0","1","1","0","0"
"POINT (9.850088713000048 53.556143684000062)","Unfall 124406 (2018) Kat:3, Licht: 0","124406","3","7","0","04","07","4","0","0","0","1","1","0"
"POINT (10.126773823000065 53.602140981000048)","Unfall 124407 (2018) Kat:3, Licht: 0","124407","3","7","6","04","07","6","0","0","0","1","1","0"
"POINT (9.784210887000029 53.561260725000068)","Unfall 124408 (2018) Kat:3, Licht: 0","124408","3","5","1","04","11","4","0","0","1","0","0","0"
"POINT (9.875957857000060 53.588448632000052)","Unfall 124409 (2018) Kat:3, Licht: 0","124409","3","3","5","04","17","4","0","0","0","1","0","0"
"POINT (10.117189276000033 53.574159630000054)","Unfall 124410 (2018) Kat:3, Licht: 0","124410","3","3","5","04","07","5","0","0","1","1","0","0"
"POINT (9.987414985000044 53.590743893000081)","Unfall 124411 (2018) Kat:3, Licht: 0","124411","3","3","5","04","16","4","0","0","1","1","0","0"
"POINT (9.977601185000026 53.577405124000052)","Unfall 124412 (2018) Kat:3, Licht: 0","124412","3","6","1","04","12","4","0","0","0","1","0","0"
"POINT (10.209091461000071 53.493618450000042)","Unfall 124413 (2018) Kat:2, Licht: 0","124413","2","5","1","04","16","5","0","0","0","1","0","0"
"POINT (10.058729051000057 53.593341480000049)","Unfall 124414 (2018) Kat:3, Licht: 0","124414","3","6","2","04","15","3","0","0","0","1","0","0"
"POINT (9.979868570000065 53.568624623000062)","Unfall 124415 (2018) Kat:3, Licht: 0","124415","3","5","1","04","14","4","0","0","1","1","0","0"
"POINT (10.018056285000057 53.583090365000032)","Unfall 124416 (2018) Kat:3, Licht: 0","124416","3","3","5","04","08","4","0","0","1","1","0","0"
"POINT (10.046044029000029 53.466303714000048)","Unfall 124417 (2018) Kat:3, Licht: 0","124417","3","2","5","04","12","1","0","0","1","0","0","0"
"POINT (9.994250520000037 53.580310391000069)","Unfall 124418 (2018) Kat:3, Licht: 0","124418","3","6","2","04","18","4","0","0","0","1","0","0"
"POINT (10.054910271000040 53.580937044000052)","Unfall 124419 (2018) Kat:3, Licht: 0","124419","3","7","6","04","15","2","0","0","1","0","1","0"
"POINT (9.994004320000045 53.465257889000043)","Unfall 124420 (2018) Kat:2, Licht: 0","124420","2","2","5","04","12","6","0","0","0","1","0","0"
"POINT (9.967110986000023 53.562380184000062)","Unfall 124421 (2018) Kat:3, Licht: 0","124421","3","2","3","04","11","4","0","0","0","1","0","1"
"POINT (10.119393785000057 53.629925237000066)","Unfall 124422 (2018) Kat:3, Licht: 0","124422","3","7","1","04","15","6","0","0","0","1","0","0"
"POINT (10.100969801000076 53.589425803000040)","Unfall 124423 (2018) Kat:2, Licht: 0","124423","2","7","8","04","11","6","0","0","0","1","0","0"
"POINT (9.962985017000051 53.560818557000061)","Unfall 124424 (2018) Kat:3, Licht: 0","124424","3","7","2","04","18","4","0","0","1","1","0","0"
"POINT (9.918065357000046 53.579970237000055)","Unfall 124425 (2018) Kat:3, Licht: 0","124425","3","6","2","04","17","5","0","0","0","1","0","0"
"POINT (9.987771639000073 53.556006562000050)","Unfall 124426 (2018) Kat:3, Licht: 0","124426","3","6","2","04","17","3","0","0","0","1","0","0"
"POINT (9.963262026000052 53.560490268000081)","Unfall 124427 (2018) Kat:3, Licht: 0","124427","3","6","2","04","12","4","0","0","0","1","0","0"
"POINT (10.036475317000054 53.558380090000071)","Unfall 124428 (2018) Kat:3, Licht: 0","124428","3","6","2","04","09","3","0","0","0","1","0","1"
"POINT (10.031990674000042 53.561972685000057)","Unfall 124429 (2018) Kat:2, Licht: 0","124429","2","3","5","04","17","2","1","0","1","1","0","0"
"POINT (9.994427482000049 53.563597590000029)","Unfall 124430 (2018) Kat:3, Licht: 0","124430","3","2","3","04","17","1","0","0","0","1","0","1"
"POINT (9.951805867000076 53.598820476000071)","Unfall 124431 (2018) Kat:3, Licht: 0","124431","3","6","2","04","17","7","1","0","0","1","0","0"
"POINT (9.875971607000054 53.588516837000043)","Unfall 124432 (2018) Kat:3, Licht: 0","124432","3","3","5","04","16","3","0","0","0","1","0","0"
"POINT (9.988514575000068 53.447101744000065)","Unfall 124433 (2018) Kat:3, Licht: 0","124433","3","3","5","04","19","3","0","0","1","1","0","0"
"POINT (9.989167028000054 53.558410477000052)","Unfall 124434 (2018) Kat:3, Licht: 0","124434","3","6","3","04","12","4","0","0","0","1","0","0"
"POINT (10.013210909000065 53.581463874000065)","Unfall 124435 (2018) Kat:2, Licht: 0","124435","2","7","0","04","18","1","0","0","1","1","0","0"
"POINT (10.091596556000070 53.599834199000043)","Unfall 124436 (2018) Kat:3, Licht: 0","124436","3","3","5","04","14","7","1","0","1","1","0","0"
"POINT (9.977250084000048 53.459645205000072)","Unfall 124437 (2018) Kat:3, Licht: 0","124437","3","6","2","04","16","3","0","0","0","1","0","0"
"POINT (9.836978747000046 53.573519402000045)","Unfall 124438 (2018) Kat:3, Licht: 0","124438","3","6","2","04","18","2","1","0","0","1","0","0"
"POINT (10.115749653000023 53.557344838000063)","Unfall 124439 (2018) Kat:3, Licht: 0","124439","3","2","4","04","14","6","0","0","0","1","0","0"
"POINT (10.130897389000040 53.496623396000075)","Unfall 124440 (2018) Kat:2, Licht: 0","124440","2","6","2","04","16","3","0","0","0","1","0","1"
"POINT (10.049420041000076 53.574224731000072)","Unfall 124441 (2018) Kat:3, Licht: 0","124441","3","3","5","04","15","6","0","0","1","0","0","1"
"POINT (10.081889549000039 53.549118128000032)","Unfall 124442 (2018) Kat:3, Licht: 0","124442","3","7","1","04","17","3","0","0","0","1","0","0"
"POINT (10.006036549000044 53.548448573000030)","Unfall 124443 (2018) Kat:3, Licht: 0","124443","3","6","0","04","18","5","0","0","0","1","0","1"
"POINT (9.982161392000023 53.510711728000047)","Unfall 124444 (2018) Kat:3, Licht: 2","124444","3","6","3","04","05","2","0","2","0","1","0","0"
"POINT (10.069220747000031 53.555399626000053)","Unfall 124445 (2018) Kat:3, Licht: 0","124445","3","3","5","04","16","3","0","0","0","1","0","1"
"POINT (9.947883953000030 53.561210332000030)","Unfall 124446 (2018) Kat:3, Licht: 0","124446","3","6","4","04","16","3","0","0","1","0","0","0"
"POINT (9.869105869000066 53.591977891000056)","Unfall 124447 (2018) Kat:3, Licht: 0","124447","3","3","5","04","19","2","0","0","1","1","0","0"
"POINT (9.984865870000022 53.518151399000033)","Unfall 124448 (2018) Kat:3, Licht: 0","124448","3","6","4","04","12","7","0","0","1","1","0","0"
"POINT (9.979541357000073 53.527736576000052)","Unfall 124449 (2018) Kat:3, Licht: 0","124449","3","3","5","04","14","7","1","0","0","1","0","0"
"POINT (10.091105213000048 53.544221303000029)","Unfall 124450 (2018) Kat:2, Licht: 0","124450","2","2","5","04","13","3","0","0","1","1","0","0"
"POINT (9.911198800000022 53.633018311000058)","Unfall 124451 (2018) Kat:3, Licht: 0","124451","3","3","5","04","07","2","0","0","1","1","0","0"
"POINT (10.239993838000032 53.437883034000038)","Unfall 124452 (2018) Kat:3, Licht: 0","124452","3","3","5","04","08","3","0","0","0","1","0","0"
"POINT (10.041763073000027 53.550943877000066)","Unfall 124453 (2018) Kat:3, Licht: 0","124453","3","2","5","04","10","3","0","0","0","1","0","1"
"POINT (9.975670005000040 53.556784988000061)","Unfall 124454 (2018) Kat:3, Licht: 0","124454","3","6","3","04","09","6","0","0","0","1","0","0"
"POINT (10.125791845000037 53.627488836000055)","Unfall 124455 (2018) Kat:3, Licht: 0","124455","3","2","5","04","08","3","0","0","1","1","0","0"
"POINT (10.033716276000064 53.620069957000055)","Unfall 124456 (2018) Kat:3, Licht: 0","124456","3","2","3","04","08","3","0","0","1","1","0","0"
"POINT (9.956609490000062 53.609780519000026)","Unfall 124457 (2018) Kat:3, Licht: 0","124457","3","7","0","04","13","6","0","0","0","0","0","1"
"POINT (10.117047824000053 53.661670299000036)","Unfall 124458 (2018) Kat:3, Licht: 0","124458","3","6","2","04","08","3","0","0","0","1","0","0"
"POINT (9.981148459000053 53.421018550000042)","Unfall 124459 (2018) Kat:3, Licht: 0","124459","3","7","3","04","11","4","0","0","0","1","0","1"
"POINT (10.107540357000062 53.547494599000061)","Unfall 124460 (2018) Kat:3, Licht: 0","124460","3","7","8","04","17","2","0","0","0","1","0","0"
"POINT (9.998681741000041 53.675144444000068)","Unfall 124461 (2018) Kat:3, Licht: 0","124461","3","2","6","04","12","3","0","0","1","1","1","0"
"POINT (9.943133633000059 53.565309568000032)","Unfall 124462 (2018) Kat:3, Licht: 0","124462","3","2","3","04","11","2","0","0","1","1","0","0"
"POINT (10.152431066000076 53.600502753000058)","Unfall 124463 (2018) Kat:3, Licht: 2","124463","3","6","3","04","23","7","0","2","0","1","0","1"
"POINT (10.069267586000024 53.559466470000075)","Unfall 124464 (2018) Kat:3, Licht: 0","124464","3","6","3","04","16","6","0","0","0","1","0","0"
"POINT (10.031727665000062 53.566333800000052)","Unfall 124465 (2018) Kat:2, Licht: 0","124465","2","2","3","04","16","3","0","0","1","0","0","0"
"POINT (10.084534246000032 53.659773676000043)","Unfall 124466 (2018) Kat:2, Licht: 0","124466","2","1","0","04","14","3","0","0","0","1","1","0"
"POINT (9.898124421000034 53.592910757000027)","Unfall 124467 (2018) Kat:3, Licht: 0","124467","3","6","2","04","13","3","0","0","0","1","0","0"
"POINT (9.984494739000070 53.434532610000076)","Unfall 124468 (2018) Kat:3, Licht: 0","124468","3","6","3","04","09","5","0","0","0","0","0","0"
"POINT (9.874267726000028 53.604618131000052)","Unfall 124469 (2018) Kat:3, Licht: 0","124469","3","2","6","04","07","3","0","0","0","0","1","0"
"POINT (10.090386965000050 53.618092774000047)","Unfall 124470 (2018) Kat:3, Licht: 0","124470","3","7","0","04","10","4","0","0","0","1","0","0"
"POINT (9.995743073000028 53.567558769000073)","Unfall 124471 (2018) Kat:3, Licht: 0","124471","3","5","1","04","16","2","0","0","0","1","0","0"
"POINT (9.953785589000063 53.553644387000077)","Unfall 124472 (2018) Kat:3, Licht: 0","124472","3","3","5","04","17","3","0","0","0","1","0","0"
"POINT (9.977952023000057 53.577591291000033)","Unfall 124473 (2018) Kat:3, Licht: 0","124473","3","6","2","04","17","3","0","0","0","1","0","1"
"POINT (10.055265400000053 53.555104027000027)","Unfall 124474 (2018) Kat:3, Licht: 0","124474","3","6","1","04","16","4","0","0","0","1","0","1"
"POINT (10.124730387000056 53.655153882000036)","Unfall 124475 (2018) Kat:3, Licht: 0","124475","3","4","6","04","15","2","0","0","0","1","1","0"
"POINT (9.990943403000074 53.560661543000037)","Unfall 124476 (2018) Kat:3, Licht: 0","124476","3","2","3","04","16","3","0","0","1","0","0","0"
"POINT (9.994340475000058 53.550452171000074)","Unfall 124477 (2018) Kat:3, Licht: 0","124477","3","4","6","04","14","2","0","0","1","0","1","0"
"POINT (9.797800581000047 53.561814015000039)","Unfall 124478 (2018) Kat:3, Licht: 0","124478","3","7","6","04","20","7","0","0","0","0","1","0"
"POINT (9.990120959000024 53.554680801000075)","Unfall 124479 (2018) Kat:3, Licht: 2","124479","3","3","3","04","22","3","0","2","1","1","0","0"
"POINT (10.017885783000054 53.556095199000026)","Unfall 124480 (2018) Kat:3, Licht: 0","124480","3","6","1","04","12","3","0","0","0","1","0","0"
"POINT (9.945499960000063 53.456427662000067)","Unfall 124481 (2018) Kat:3, Licht: 0","124481","3","3","5","04","17","2","0","0","0","1","0","1"
"POINT (10.118788520000066 53.584325066000076)","Unfall 124482 (2018) Kat:3, Licht: 0","124482","3","6","4","04","16","5","0","0","1","0","0","0"
"POINT (9.922773606000021 53.591721131000043)","Unfall 124483 (2018) Kat:3, Licht: 0","124483","3","7","5","04","15","3","0","0","0","1","0","0"
"POINT (10.083331412000064 53.536690544000066)","Unfall 124484 (2018) Kat:3, Licht: 0","124484","3","7","0","04","15","2","0","0","0","1","0","0"
"POINT (9.891228232000060 53.574365338000064)","Unfall 124485 (2018) Kat:3, Licht: 0","124485","3","6","2","04","08","4","0","0","0","1","0","0"
"POINT (10.106746202000068 53.614901181000050)","Unfall 124486 (2018) Kat:3, Licht: 0","124486","3","3","5","04","10","1","0","0","1","1","0","0"
"POINT (10.084638472000051 53.550823816000047)","Unfall 124487 (2018) Kat:3, Licht: 0","124487","3","2","5","04","14","2","0","0","0","1","0","0"
"POINT (9.979438566000056 53.555516041000033)","Unfall 124488 (2018) Kat:3, Licht: 0","124488","3","6","2","04","17","2","1","0","0","1","0","0"
"POINT (10.102019164000069 53.549188329000060)","Unfall 124489 (2018) Kat:3, Licht: 0","124489","3","6","2","04","19","6","0","0","0","1","0","0"
"POINT (10.139746262000074 53.584032827000044)","Unfall 124490 (2018) Kat:3, Licht: 0","124490","3","3","5","04","11","2","0","0","1","0","0","0"
"POINT (10.018410791000065 53.614843864000079)","Unfall 124491 (2018) Kat:2, Licht: 0","124491","2","2","4","04","15","6","0","0","0","1","0","1"
"POINT (9.874479353000027 53.479789795000045)","Unfall 124492 (2018) Kat:3, Licht: 0","124492","3","4","6","04","16","1","0","0","0","1","1","0"
"POINT (9.992751450000071 53.553134521000061)","Unfall 124493 (2018) Kat:3, Licht: 0","124493","3","7","0","04","13","7","0","0","0","1","0","0"
"POINT (10.139385693000065 53.584045360000061)","Unfall 124494 (2018) Kat:3, Licht: 0","124494","3","2","2","04","17","2","0","0","0","1","0","0"
"POINT (10.069806112000038 53.574845898000035)","Unfall 124495 (2018) Kat:3, Licht: 0","124495","3","2","2","04","17","6","0","0","0","1","0","0"
"POINT (10.125363623000055 53.570975468000029)","Unfall 124496 (2018) Kat:3, Licht: 0","124496","3","6","3","04","09","2","0","0","0","1","0","0"
"POINT (10.059275073000038 53.573305741000070)","Unfall 124497 (2018) Kat:3, Licht: 0","124497","3","3","5","04","18","2","0","0","1","1","0","0"
"POINT (10.088684098000044 53.646787953000057)","Unfall 124498 (2018) Kat:3, Licht: 0","124498","3","3","5","04","10","5","0","0","0","1","0","0"
"POINT (9.956445183000028 53.642310024000039)","Unfall 124499 (2018) Kat:3, Licht: 0","124499","3","3","5","04","13","3","1","0","1","1","0","0"
"POINT (10.111048619000030 53.653847828000039)","Unfall 124500 (2018) Kat:2, Licht: 0","124500","2","2","6","04","15","2","0","0","0","1","1","0"
"POINT (9.985959430000037 53.456314041000041)","Unfall 124501 (2018) Kat:3, Licht: 2","124501","3","7","3","04","05","3","0","2","0","1","0","1"
"POINT (10.080447151000044 53.560674148000032)","Unfall 124502 (2018) Kat:3, Licht: 0","124502","3","6","1","04","19","1","0","0","0","1","0","0"
"POINT (9.915420931000028 53.546052652000071)","Unfall 124503 (2018) Kat:3, Licht: 0","124503","3","6","6","04","17","1","0","0","1","0","1","0"
"POINT (10.008779596000068 53.587540694000040)","Unfall 124504 (2018) Kat:3, Licht: 2","124504","3","6","2","04","21","7","1","2","0","1","0","0"
"POINT (10.007178734000036 53.616855526000052)","Unfall 124505 (2018) Kat:3, Licht: 0","124505","3","2","5","04","16","2","0","0","1","1","0","0"
"POINT (10.019064484000069 53.563104968000061)","Unfall 124506 (2018) Kat:3, Licht: 0","124506","3","5","1","04","15","1","1","0","1","1","0","0"
"POINT (10.052734839000038 53.550132134000080)","Unfall 124507 (2018) Kat:3, Licht: 0","124507","3","3","5","04","14","6","0","0","0","1","0","0"
"POINT (10.119228826000040 53.537738933000071)","Unfall 124508 (2018) Kat:3, Licht: 0","124508","3","7","2","04","08","2","0","0","1","1","0","0"
"POINT (10.012090026000067 53.580905800000039)","Unfall 124509 (2018) Kat:3, Licht: 0","124509","3","7","0","04","19","2","0","0","1","0","0","0"
"POINT (9.917155847000061 53.560687988000041)","Unfall 124510 (2018) Kat:3, Licht: 0","124510","3","3","5","04","19","6","0","0","1","1","0","0"
"POINT (10.035584141000072 53.601113176000069)","Unfall 124511 (2018) Kat:2, Licht: 0","124511","2","2","4","04","14","2","0","0","0","1","0","1"
"POINT (9.781601050000063 53.537775424000074)","Unfall 124512 (2018) Kat:3, Licht: 0","124512","3","2","2","04","17","4","0","0","0","1","0","0"
"POINT (10.021250732000055 53.486092082000027)","Unfall 124513 (2018) Kat:3, Licht: 0","124513","3","3","5","04","09","2","0","0","0","1","0","0"
"POINT (9.899838891000059 53.610874454000054)","Unfall 124514 (2018) Kat:3, Licht: 0","124514","3","4","6","04","11","2","0","0","0","1","1","0"
"POINT (9.875418299000046 53.589058850000072)","Unfall 124515 (2018) Kat:3, Licht: 0","124515","3","6","1","04","15","1","1","0","0","1","0","0"
"POINT (9.846384271000034 53.563620623000077)","Unfall 124516 (2018) Kat:3, Licht: 0","124516","3","3","5","04","16","2","0","0","0","1","0","1"
"POINT (9.925665364000054 53.551622972000075)","Unfall 124517 (2018) Kat:2, Licht: 0","124517","2","3","5","04","09","5","0","0","1","0","0","0"
"POINT (9.805710409000028 53.523084081000036)","Unfall 124518 (2018) Kat:3, Licht: 0","124518","3","1","0","04","05","2","0","0","0","0","0","1"
"POINT (9.870917872000064 53.584868788000051)","Unfall 124519 (2018) Kat:3, Licht: 0","124519","3","4","6","04","16","2","0","0","0","1","1","0"
"POINT (10.055620259000023 53.591284211000072)","Unfall 124520 (2018) Kat:3, Licht: 2","124520","3","6","1","04","22","3","0","2","0","1","0","1"
"POINT (9.987950741000077 53.581929330000037)","Unfall 124521 (2018) Kat:3, Licht: 0","124521","3","3","5","04","10","1","1","0","1","1","0","0"
"POINT (9.892014178000068 53.462368601000037)","Unfall 124522 (2018) Kat:3, Licht: 0","124522","3","6","2","04","15","7","0","0","0","1","0","1"
"POINT (9.995079673000021 53.558490881000068)","Unfall 124523 (2018) Kat:3, Licht: 1","124523","3","6","3","04","18","7","1","1","0","1","0","0"
"POINT (9.909485243000063 53.552069010000082)","Unfall 124524 (2018) Kat:3, Licht: 0","124524","3","5","1","04","08","2","0","0","1","1","0","0"
"POINT (9.979362829000024 53.544334677000052)","Unfall 124525 (2018) Kat:2, Licht: 0","124525","2","4","6","04","13","1","1","0","0","1","1","0"
"POINT (9.917649762000053 53.548428624000053)","Unfall 124526 (2018) Kat:3, Licht: 0","124526","3","2","5","04","16","2","0","0","0","1","0","0"
"POINT (9.953970469000069 53.553722360000052)","Unfall 124527 (2018) Kat:3, Licht: 0","124527","3","3","5","04","17","6","0","0","1","1","0","0"
"POINT (9.918122856000025 53.552744157000063)","Unfall 124528 (2018) Kat:3, Licht: 0","124528","3","3","5","04","07","3","0","0","1","1","0","0"
"POINT (9.966050279000058 53.562352038000029)","Unfall 124529 (2018) Kat:3, Licht: 0","124529","3","2","6","04","14","2","0","0","0","1","1","0"
"POINT (10.183892217000050 53.490411922000078)","Unfall 124530 (2018) Kat:3, Licht: 0","124530","3","6","1","04","08","4","0","0","0","1","0","1"
"POINT (10.140914132000034 53.570560196000031)","Unfall 124531 (2018) Kat:3, Licht: 0","124531","3","6","2","04","18","2","0","0","0","1","0","0"
"POINT (10.000808281000047 53.555559620000054)","Unfall 124532 (2018) Kat:3, Licht: 0","124532","3","3","5","04","10","2","0","0","0","1","0","0"
"POINT (9.983695562000037 53.557720249000056)","Unfall 124533 (2018) Kat:3, Licht: 2","124533","3","2","5","04","04","1","1","2","0","1","0","0"
"POINT (10.050100930000042 53.646632771000043)","Unfall 124534 (2018) Kat:3, Licht: 0","124534","3","5","1","04","08","7","0","0","0","1","0","0"
"POINT (9.880546303000074 53.481225296000048)","Unfall 124535 (2018) Kat:3, Licht: 0","124535","3","3","5","04","16","1","0","0","1","1","0","0"
"POINT (10.124332729000059 53.588008898000055)","Unfall 124536 (2018) Kat:3, Licht: 2","124536","3","2","4","04","00","1","0","2","0","1","0","0"
"POINT (9.903329177000046 53.512456822000047)","Unfall 124537 (2018) Kat:3, Licht: 0","124537","3","6","4","04","16","7","1","0","0","1","0","0"
"POINT (10.067848095000045 53.667463205000047)","Unfall 124538 (2018) Kat:3, Licht: 0","124538","3","2","3","04","07","3","0","0","1","0","0","0"
"POINT (10.101065275000053 53.579807991000052)","Unfall 124539 (2018) Kat:3, Licht: 2","124539","3","7","6","04","21","1","0","2","0","1","1","0"
"POINT (10.077543315000071 53.535795017000055)","Unfall 124540 (2018) Kat:2, Licht: 0","124540","2","1","9","04","06","7","0","0","0","1","0","0"
"POINT (10.013587922000056 53.432202944000039)","Unfall 124541 (2018) Kat:3, Licht: 0","124541","3","1","8","04","16","6","0","0","0","1","0","0"
"POINT (10.062057084000060 53.608933610000065)","Unfall 124542 (2018) Kat:3, Licht: 0","124542","3","7","0","04","19","1","0","0","0","1","0","0"
"POINT (9.988493508000033 53.448614216000067)","Unfall 124543 (2018) Kat:3, Licht: 0","124543","3","6","2","04","15","7","1","0","0","1","0","0"
"POINT (10.030987728000071 53.555327914000031)","Unfall 124544 (2018) Kat:3, Licht: 0","124544","3","5","5","04","16","3","1","0","1","1","0","0"
"POINT (10.017938983000022 53.600271511000074)","Unfall 124545 (2018) Kat:3, Licht: 0","124545","3","6","3","04","16","1","0","0","0","1","0","1"
"POINT (10.016835620000052 53.550527541000065)","Unfall 124546 (2018) Kat:3, Licht: 0","124546","3","6","3","04","17","6","0","0","1","1","0","0"
"POINT (9.823339723000061 53.578182553000033)","Unfall 124547 (2018) Kat:3, Licht: 0","124547","3","6","2","04","18","1","0","0","0","1","0","0"
"POINT (10.092464269000061 53.595546633000026)","Unfall 124548 (2018) Kat:3, Licht: 2","124548","3","3","5","04","23","4","0","2","0","1","0","0"
"POINT (10.013866463000056 53.574528862000079)","Unfall 124549 (2018) Kat:3, Licht: 0","124549","3","7","6","04","09","2","0","0","0","1","1","0"
"POINT (9.823713449000024 53.560537055000054)","Unfall 124550 (2018) Kat:3, Licht: 0","124550","3","3","0","04","11","1","0","0","1","1","0","0"
"POINT (10.117990986000052 53.532351138000081)","Unfall 124551 (2018) Kat:2, Licht: 2","124551","2","2","4","04","23","7","1","2","0","1","0","0"
"POINT (9.889960788000053 53.601742045000037)","Unfall 124552 (2018) Kat:3, Licht: 0","124552","3","6","2","04","18","7","0","0","0","1","0","0"
"POINT (9.821288584000058 53.558119454000064)","Unfall 124553 (2018) Kat:2, Licht: 0","124553","2","1","0","04","16","1","0","0","1","0","0","0"
"POINT (9.894096182000055 53.558965900000032)","Unfall 124554 (2018) Kat:2, Licht: 0","124554","2","4","6","04","18","1","0","0","0","1","1","0"
"POINT (9.917723491000061 53.636417271000028)","Unfall 124555 (2018) Kat:3, Licht: 1","124555","3","7","5","04","19","1","0","1","1","1","0","0"
"POINT (10.124829979000026 53.585926892000032)","Unfall 124556 (2018) Kat:2, Licht: 2","124556","2","3","5","04","05","5","0","2","1","0","0","1"
"POINT (9.785870331000069 53.580877016000045)","Unfall 124557 (2018) Kat:3, Licht: 0","124557","3","6","2","04","09","3","0","0","0","1","0","0"
"POINT (9.970461750000027 53.583284413000058)","Unfall 124558 (2018) Kat:3, Licht: 0","124558","3","2","5","04","17","1","0","0","0","1","0","1"
"POINT (9.922414611000022 53.557699355000068)","Unfall 124559 (2018) Kat:2, Licht: 0","124559","2","7","0","04","08","4","0","0","0","0","0","1"
"POINT (10.207828465000034 53.480552488000058)","Unfall 124560 (2018) Kat:3, Licht: 0","124560","3","6","3","04","17","5","0","0","0","1","0","0"
"POINT (9.944891917000064 53.563059013000043)","Unfall 124561 (2018) Kat:3, Licht: 0","124561","3","6","2","04","10","1","0","0","0","1","0","0"
"POINT (10.015258496000058 53.609604585000056)","Unfall 124562 (2018) Kat:3, Licht: 0","124562","3","5","1","04","18","4","0","0","0","1","0","0"
"POINT (9.934306655000057 53.476771710000037)","Unfall 124563 (2018) Kat:3, Licht: 0","124563","3","3","5","04","07","2","0","0","0","1","0","0"
"POINT (9.993614329000025 53.558763061000036)","Unfall 124564 (2018) Kat:2, Licht: 0","124564","2","3","2","04","14","1","0","0","1","1","0","0"
"POINT (10.128090751000059 53.538869056000067)","Unfall 124565 (2018) Kat:3, Licht: 0","124565","3","7","5","04","17","7","1","0","0","1","0","0"
"POINT (9.984755844000063 53.458653901000048)","Unfall 124566 (2018) Kat:3, Licht: 0","124566","3","2","3","04","14","6","0","0","1","1","0","0"
"POINT (9.983754307000027 53.557779462000042)","Unfall 124567 (2018) Kat:3, Licht: 0","124567","3","2","5","04","16","1","0","0","0","1","0","0"
"POINT (10.064238094000075 53.597323731000074)","Unfall 124568 (2018) Kat:3, Licht: 0","124568","3","2","5","04","09","6","0","0","1","1","0","0"
"POINT (10.008475063000049 53.553343817000041)","Unfall 124569 (2018) Kat:2, Licht: 0","124569","2","4","0","04","17","1","0","0","0","1","1","0"
"POINT (10.061144305000028 53.580944551000073)","Unfall 124570 (2018) Kat:3, Licht: 0","124570","3","3","5","04","12","6","0","0","1","1","0","0"
"POINT (10.010027570000034 53.538085749000061)","Unfall 124571 (2018) Kat:3, Licht: 2","124571","3","7","0","04","01","1","0","2","0","0","0","1"
"POINT (10.026706429000058 53.569171736000044)","Unfall 124572 (2018) Kat:3, Licht: 0","124572","3","6","3","04","12","5","0","0","0","1","0","0"
"POINT (9.980669125000077 53.569479950000073)","Unfall 124573 (2018) Kat:3, Licht: 0","124573","3","4","6","04","13","3","1","0","1","0","1","0"
"POINT (9.986489426000048 53.456920746000037)","Unfall 124574 (2018) Kat:3, Licht: 0","124574","3","3","6","04","11","7","0","0","1","0","1","0"
"POINT (10.133085029000028 53.430911210000033)","Unfall 124575 (2018) Kat:2, Licht: 0","124575","2","6","1","04","08","3","0","0","0","1","0","0"
"POINT (10.068748740000046 53.559521501000063)","Unfall 124576 (2018) Kat:3, Licht: 0","124576","3","2","2","04","15","7","1","0","0","1","0","0"
"POINT (9.925404990000061 53.544733717000042)","Unfall 124577 (2018) Kat:3, Licht: 0","124577","3","7","0","04","12","1","0","0","1","0","0","0"