WKT,Name,OBJECTID,UKATEGORIE,UTYP1,UART,UMONAT,USTUNDE,UWOCHENTAG,STRZUSTAND,ULICHTVERH,ISTRAD,ISTPKW,ISTFUSS,ISTKRAD
"POINT (9.829905851000035 53.580503943000053)","Unfall 124578 (2018) Kat:3, Licht: 0","124578","3","7","3","04","15","7","1","0","0","1","0","0"
"POINT (10.037320652000062 53.547231715000066)","Unfall 124579 (2018) Kat:3, Licht: 0","124579","3","6","2","04","16","7","0","0","0","1","0","1"
"POINT (10.041983665000032 53.553826522000065)","Unfall 124580 (2018) Kat:3, Licht: 2","124580","3","7","1","04","22","7","0","2","0","1","0","0"
"POINT (10.117126825000071 53.607226807000075)","Unfall 124581 (2018) Kat:3, Licht: 0","124581","3","6","0","04","17","7","0","0","0","1","0","0"
"POINT (9.918155703000025 53.639818452000043)","Unfall 124582 (2018) Kat:2, Licht: 0","124582","2","5","1","04","14","6","0","0","0","1","0","0"
"POINT (10.070764047000068 53.571937310000067)","Unfall 124583 (2018) Kat:3, Licht: 1","124583","3","6","2","04","22","1","1","1","0","1","0","0"
"POINT (10.066550135000057 53.571933707000028)","Unfall 124584 (2018) Kat:3, Licht: 1","124584","3","6","2","04","18","7","1","1","0","1","0","0"
"POINT (10.086021493000032 53.617993030000036)","Unfall 124585 (2018) Kat:2, Licht: 0","124585","2","2","2","04","12","7","0","0","0","1","0","0"
"POINT (10.102748065000071 53.558259283000041)","Unfall 124586 (2018) Kat:2, Licht: 0","124586","2","4","6","04","08","6","0","0","0","0","1","0"
"POINT (10.096311564000075 53.656103203000043)","Unfall 124587 (2018) Kat:3, Licht: 0","124587","3","6","2","04","12","7","0","0","0","1","0","0"
"POINT (10.044556755000031 53.591160131000038)","Unfall 124588 (2018) Kat:3, Licht: 2","124588","3","6","2","04","00","6","0","2","0","1","0","0"
"POINT (10.077001068000072 53.656515302000059)","Unfall 124589 (2018) Kat:3, Licht: 0","124589","3","6","2","04","12","7","0","0","0","1","0","0"
"POINT (9.978628419000074 53.572338745000081)","Unfall 124590 (2018) Kat:3, Licht: 0","124590","3","2","5","04","17","5","0","0","0","1","0","0"
"POINT (9.995896909000066 53.464605207000034)","Unfall 124591 (2018) Kat:3, Licht: 0","124591","3","2","5","04","07","2","0","0","0","1","0","0"
"POINT (10.091303519000064 53.710366261000047)","Unfall 124592 (2018) Kat:3, Licht: 2","124592","3","7","0","04","21","7","0","2","0","0","0","1"
"POINT (9.966619353000056 53.634825243000080)","Unfall 124593 (2018) Kat:3, Licht: 0","124593","3","3","5","04","09","3","0","0","0","1","0","0"
"POINT (9.991404346000024 53.443229937000069)","Unfall 124594 (2018) Kat:3, Licht: 0","124594","3","2","4","04","10","7","0","0","1","1","0","0"
"POINT (10.019220742000073 53.552963633000047)","Unfall 124595 (2018) Kat:3, Licht: 0","124595","3","6","3","04","14","7","1","0","1","0","0","0"
"POINT (10.012055870000040 53.580948746000047)","Unfall 124596 (2018) Kat:3, Licht: 0","124596","3","6","3","04","16","7","0","0","1","1","0","0"
"POINT (10.198787429000049 53.508397270000046)","Unfall 124597 (2018) Kat:3, Licht: 0","124597","3","3","5","04","07","3","0","0","1","1","0","0"
"POINT (10.026088133000030 53.618610582000031)","Unfall 124598 (2018) Kat:2, Licht: 0","124598","2","7","1","04","18","7","0","0","1","1","0","0"
"POINT (9.953910579000024 53.547078356000043)","Unfall 124599 (2018) Kat:3, Licht: 0","124599","3","3","5","04","06","6","0","0","1","1","0","0"
"POINT (10.010592346000067 53.582595837000042)","Unfall 124600 (2018) Kat:2, Licht: 2","124600","2","4","6","04","23","7","0","2","0","1","1","0"
"POINT (10.148122426000043 53.522208328000033)","Unfall 124601 (2018) Kat:3, Licht: 0","124601","3","3","5","04","12","4","0","0","0","1","0","0"
"POINT (10.039095010000040 53.606674547000068)","Unfall 124602 (2018) Kat:3, Licht: 0","124602","3","6","2","04","14","2","0","0","0","1","0","0"
"POINT (9.874257991000036 53.581375010000045)","Unfall 124603 (2018) Kat:3, Licht: 0","124603","3","3","5","04","10","7","0","0","1","1","0","0"
"POINT (9.988346346000071 53.457209063000050)","Unfall 124604 (2018) Kat:3, Licht: 0","124604","3","6","1","04","07","4","0","0","0","1","0","0"
"POINT (10.175214054000037 53.400165165000033)","Unfall 124605 (2018) Kat:3, Licht: 0","124605","3","3","5","04","18","2","0","0","0","1","0","1"
"POINT (9.945669925000061 53.579518294000081)","Unfall 124606 (2018) Kat:3, Licht: 0","124606","3","3","5","04","12","7","0","0","1","1","0","0"
"POINT (10.053320447000033 53.557322782000028)","Unfall 124607 (2018) Kat:3, Licht: 0","124607","3","3","5","04","16","7","0","0","0","1","0","1"
"POINT (10.127998778000062 53.538861220000058)","Unfall 124608 (2018) Kat:3, Licht: 0","124608","3","2","5","04","08","6","0","0","1","1","0","0"
"POINT (9.949185046000025 53.558892829000058)","Unfall 124609 (2018) Kat:3, Licht: 0","124609","3","6","3","04","16","7","0","0","0","1","0","0"
"POINT (10.116676722000022 53.608508766000057)","Unfall 124610 (2018) Kat:3, Licht: 0","124610","3","3","5","04","07","3","0","0","1","1","0","0"
"POINT (9.977126740000074 53.577786778000075)","Unfall 124611 (2018) Kat:3, Licht: 0","124611","3","4","6","04","18","7","0","0","0","1","1","0"
"POINT (9.811324476000038 53.516402789000040)","Unfall 124612 (2018) Kat:3, Licht: 0","124612","3","2","3","04","07","5","0","0","1","1","0","0"
"POINT (9.965627874000063 53.565390428000057)","Unfall 124613 (2018) Kat:3, Licht: 2","124613","3","2","5","04","02","7","0","2","0","1","0","0"
"POINT (10.094668351000053 53.631351787000028)","Unfall 124614 (2018) Kat:2, Licht: 0","124614","2","4","6","04","12","4","0","0","1","0","1","0"
"POINT (9.812424208000039 53.563346141000068)","Unfall 124615 (2018) Kat:3, Licht: 0","124615","3","4","6","04","15","2","0","0","0","1","1","0"
"POINT (9.962418333000073 53.551200546000075)","Unfall 124616 (2018) Kat:3, Licht: 0","124616","3","3","5","04","18","7","0","0","0","1","0","0"
"POINT (9.966686025000058 53.461094971000080)","Unfall 124617 (2018) Kat:3, Licht: 0","124617","3","3","5","04","14","2","0","0","0","1","0","0"
"POINT (10.006194129000050 53.551186530000052)","Unfall 124618 (2018) Kat:3, Licht: 0","124618","3","6","0","04","17","7","0","0","1","1","0","0"
"POINT (9.976373387000024 53.562973130000046)","Unfall 124619 (2018) Kat:3, Licht: 0","124619","3","1","1","04","18","7","0","0","0","1","0","0"
"POINT (10.160157490000074 53.625288082000054)","Unfall 124620 (2018) Kat:3, Licht: 0","124620","3","6","2","04","15","6","0","0","0","1","0","0"
"POINT (9.997342869000022 53.553389851000077)","Unfall 124621 (2018) Kat:3, Licht: 0","124621","3","7","0","04","16","7","0","0","0","1","0","1"
"POINT (9.844018342000027 53.536631697000075)","Unfall 124622 (2018) Kat:3, Licht: 0","124622","3","3","5","04","11","6","0","0","0","1","0","1"
"POINT (10.052667853000059 53.572210560000030)","Unfall 124623 (2018) Kat:3, Licht: 0","124623","3","2","3","04","18","7","0","0","0","1","0","1"
"POINT (9.959839740000064 53.456768042000078)","Unfall 124624 (2018) Kat:3, Licht: 0","124624","3","4","6","04","18","6","0","0","0","1","1","0"
"POINT (10.141589852000038 53.464188905000071)","Unfall 124625 (2018) Kat:3, Licht: 0","124625","3","6","4","04","15","6","0","0","0","1","0","0"
"POINT (10.222214887000064 53.446042083000066)","Unfall 124626 (2018) Kat:2, Licht: 0","124626","2","4","6","04","16","6","0","0","0","0","1","1"
"POINT (10.085040207000077 53.550243909000073)","Unfall 124627 (2018) Kat:3, Licht: 0","124627","3","7","0","04","14","5","0","0","0","1","0","1"
"POINT (10.042169666000063 53.578926173000070)","Unfall 124628 (2018) Kat:3, Licht: 0","124628","3","7","6","04","19","3","0","0","0","1","1","0"
"POINT (10.090816409000070 53.512701809000077)","Unfall 124629 (2018) Kat:2, Licht: 0","124629","2","7","4","04","13","6","0","0","0","1","0","0"
"POINT (10.033054330000027 53.573801271000036)","Unfall 124630 (2018) Kat:3, Licht: 0","124630","3","3","5","04","13","4","0","0","0","1","0","0"
"POINT (10.148276879000036 53.420093255000040)","Unfall 124631 (2018) Kat:2, Licht: 2","124631","2","3","5","04","22","1","0","2","0","1","0","0"
"POINT (10.068787258000043 53.559481361000053)","Unfall 124632 (2018) Kat:3, Licht: 0","124632","3","4","6","04","07","6","0","0","0","0","1","0"
"POINT (10.239118449000046 53.473634686000082)","Unfall 124633 (2018) Kat:3, Licht: 0","124633","3","3","5","04","15","6","0","0","0","1","0","0"
"POINT (10.084134604000042 53.546942164000029)","Unfall 124634 (2018) Kat:3, Licht: 0","124634","3","6","1","04","17","6","0","0","0","1","0","1"
"POINT (10.068588318000025 53.600850746000049)","Unfall 124635 (2018) Kat:3, Licht: 0","124635","3","2","3","04","16","6","0","0","1","1","0","0"
"POINT (10.076096010000072 53.655450097000028)","Unfall 124636 (2018) Kat:3, Licht: 0","124636","3","3","5","04","13","6","0","0","1","1","0","0"
"POINT (9.945934448000060 53.639322630000038)","Unfall 124637 (2018) Kat:3, Licht: 0","124637","3","3","5","04","07","5","0","0","1","1","0","0"
"POINT (9.879112670000041 53.533284229000060)","Unfall 124638 (2018) Kat:3, Licht: 0","124638","3","3","5","04","15","2","0","0","1","1","0","0"
"POINT (10.124900716000070 53.586133334000067)","Unfall 124639 (2018) Kat:3, Licht: 2","124639","3","2","4","05","21","5","1","2","0","1","0","0"
"POINT (10.002251142000034 53.590844212000036)","Unfall 124640 (2018) Kat:3, Licht: 0","124640","3","6","2","05","18","5","0","0","0","1","0","0"
"POINT (10.031637289000059 53.595968628000037)","Unfall 124641 (2018) Kat:2, Licht: 0","124641","2","4","6","05","17","3","0","0","0","1","1","0"
"POINT (10.033209958000043 53.587222046000079)","Unfall 124642 (2018) Kat:3, Licht: 0","124642","3","3","5","05","18","5","0","0","1","1","0","0"
"POINT (9.928395264000073 53.553952084000059)","Unfall 124643 (2018) Kat:3, Licht: 0","124643","3","6","2","05","14","3","0","0","1","1","0","0"
"POINT (9.908425349000027 53.549324665000029)","Unfall 124644 (2018) Kat:3, Licht: 0","124644","3","5","1","05","09","2","0","0","0","1","0","0"
"POINT (10.032174033000047 53.579779535000057)","Unfall 124645 (2018) Kat:3, Licht: 0","124645","3","6","3","05","11","5","0","0","0","1","0","0"
"POINT (10.206956684000033 53.494958043000054)","Unfall 124646 (2018) Kat:2, Licht: 0","124646","2","3","5","05","12","1","0","0","1","1","0","0"
"POINT (10.044064638000066 53.591635889000031)","Unfall 124647 (2018) Kat:3, Licht: 0","124647","3","6","3","05","15","5","0","0","1","0","0","0"
"POINT (9.968931480000038 53.557343051000032)","Unfall 124648 (2018) Kat:3, Licht: 0","124648","3","6","3","05","17","1","0","0","1","0","0","0"
"POINT (10.014126096000041 53.619069410000066)","Unfall 124649 (2018) Kat:3, Licht: 2","124649","3","7","4","05","21","7","0","2","0","1","0","0"
"POINT (9.869184749000056 53.599615344000028)","Unfall 124650 (2018) Kat:3, Licht: 0","124650","3","3","5","05","16","5","0","0","1","0","0","0"
"POINT (9.926711472000022 53.544475987000055)","Unfall 124651 (2018) Kat:3, Licht: 0","124651","3","6","2","05","09","5","0","0","1","1","0","0"
"POINT (10.036658975000023 53.558434779000038)","Unfall 124652 (2018) Kat:3, Licht: 0","124652","3","6","2","05","17","4","0","0","0","1","0","0"
"POINT (9.979193210000062 53.577592678000030)","Unfall 124653 (2018) Kat:3, Licht: 0","124653","3","3","5","05","14","5","0","0","1","1","0","0"
"POINT (9.885990252000056 53.481376825000041)","Unfall 124654 (2018) Kat:3, Licht: 0","124654","3","6","0","05","08","2","0","0","0","1","0","1"
"POINT (9.981658023000023 53.567735874000050)","Unfall 124655 (2018) Kat:3, Licht: 0","124655","3","5","1","05","08","5","0","0","1","1","0","0"
"POINT (10.006141043000071 53.558195158000046)","Unfall 124656 (2018) Kat:2, Licht: 2","124656","2","5","0","05","22","3","0","2","0","1","0","1"
"POINT (9.976556277000043 53.552329140000040)","Unfall 124657 (2018) Kat:3, Licht: 0","124657","3","7","1","05","17","2","0","0","0","1","0","0"
"POINT (9.995180652000045 53.570288151000057)","Unfall 124658 (2018) Kat:3, Licht: 0","124658","3","6","2","05","11","5","0","0","0","1","0","0"
"POINT (10.044967027000041 53.590343138000037)","Unfall 124659 (2018) Kat:3, Licht: 0","124659","3","2","3","05","14","7","0","0","1","1","0","0"
"POINT (10.098808485000063 53.589026288000071)","Unfall 124660 (2018) Kat:2, Licht: 0","124660","2","3","5","05","14","6","0","0","1","1","0","0"
"POINT (9.953124863000028 53.546389852000061)","Unfall 124661 (2018) Kat:3, Licht: 0","124661","3","2","5","05","08","3","0","0","0","1","0","0"
"POINT (9.917325471000027 53.548491002000048)","Unfall 124662 (2018) Kat:3, Licht: 0","124662","3","2","3","05","07","2","0","0","1","1","0","0"
"POINT (9.999390198000072 53.550850935000028)","Unfall 124663 (2018) Kat:3, Licht: 0","124663","3","3","0","05","08","5","0","0","1","0","0","0"
"POINT (9.853450330000044 53.535733413000059)","Unfall 124664 (2018) Kat:3, Licht: 0","124664","3","3","0","05","18","4","0","0","1","1","0","0"
"POINT (10.062877816000025 53.560047034000036)","Unfall 124665 (2018) Kat:3, Licht: 0","124665","3","2","5","05","10","7","0","0","0","1","0","0"
"POINT (9.975302376000059 53.577788365000060)","Unfall 124666 (2018) Kat:3, Licht: 0","124666","3","6","4","05","13","7","0","0","1","0","0","0"
"POINT (9.974847888000056 53.579447112000082)","Unfall 124667 (2018) Kat:3, Licht: 2","124667","3","5","3","05","22","7","0","2","0","1","0","1"
"POINT (9.812576812000032 53.523573157000044)","Unfall 124668 (2018) Kat:3, Licht: 0","124668","3","6","4","05","06","6","0","0","0","1","0","0"
"POINT (10.012488530000041 53.521237869000061)","Unfall 124669 (2018) Kat:3, Licht: 0","124669","3","6","1","05","07","4","0","0","0","1","0","0"
"POINT (9.887303441000029 53.620111723000036)","Unfall 124670 (2018) Kat:3, Licht: 0","124670","3","4","0","05","12","4","0","0","0","0","1","0"
"POINT (10.209065692000024 53.484341053000037)","Unfall 124671 (2018) Kat:3, Licht: 0","124671","3","3","5","05","14","4","0","0","0","1","0","0"
"POINT (10.086412442000039 53.568908556000054)","Unfall 124672 (2018) Kat:3, Licht: 0","124672","3","6","2","05","14","2","0","0","0","1","0","0"
"POINT (10.059056878000035 53.481284440000081)","Unfall 124673 (2018) Kat:2, Licht: 0","124673","2","2","4","05","12","4","0","0","1","1","0","0"
"POINT (10.206664920000037 53.489095691000045)","Unfall 124674 (2018) Kat:2, Licht: 0","124674","2","6","3","05","08","2","0","0","1","1","0","0"
"POINT (10.061251278000043 53.554526453000051)","Unfall 124675 (2018) Kat:2, Licht: 2","124675","2","3","5","05","23","1","0","2","0","1","0","0"
"POINT (10.084243670000035 53.554921579000052)","Unfall 124676 (2018) Kat:3, Licht: 0","124676","3","3","0","05","16","4","0","0","1","0","0","0"
"POINT (10.057301765000034 53.569722116000037)","Unfall 124677 (2018) Kat:2, Licht: 0","124677","2","3","1","05","19","6","0","0","1","1","0","0"
"POINT (10.069204704000072 53.559503567000036)","Unfall 124678 (2018) Kat:3, Licht: 0","124678","3","3","1","05","07","4","0","0","0","1","0","0"
"POINT (9.994035713000073 53.469181962000050)","Unfall 124679 (2018) Kat:3, Licht: 0","124679","3","6","3","05","12","3","0","0","1","1","0","0"
"POINT (9.921174391000022 53.597370503000036)","Unfall 124680 (2018) Kat:3, Licht: 0","124680","3","3","5","05","07","3","0","0","1","1","0","0"
"POINT (10.100583886000038 53.549572349000073)","Unfall 124681 (2018) Kat:3, Licht: 0","124681","3","2","4","05","15","4","0","0","0","1","0","1"
"POINT (9.988640781000072 53.572594205000030)","Unfall 124682 (2018) Kat:3, Licht: 0","124682","3","2","2","05","11","4","0","0","0","1","0","0"
"POINT (10.038438061000022 53.552489163000075)","Unfall 124683 (2018) Kat:3, Licht: 0","124683","3","2","1","05","18","4","0","0","0","1","0","1"
"POINT (9.879615860000058 53.583751550000045)","Unfall 124684 (2018) Kat:3, Licht: 0","124684","3","3","5","05","16","2","0","0","1","1","0","0"
"POINT (10.073063117000061 53.576222183000027)","Unfall 124685 (2018) Kat:3, Licht: 0","124685","3","7","0","05","17","4","0","0","0","0","0","1"
"POINT (10.101800333000028 53.574842769000043)","Unfall 124686 (2018) Kat:3, Licht: 0","124686","3","3","5","05","09","2","0","0","0","1","0","0"
"POINT (10.053860270000030 53.572662232000027)","Unfall 124687 (2018) Kat:3, Licht: 0","124687","3","3","5","05","15","1","0","0","0","1","0","0"
"POINT (10.068677256000058 53.571549432000040)","Unfall 124688 (2018) Kat:3, Licht: 0","124688","3","3","5","05","13","4","0","0","1","1","0","0"
"POINT (10.205034291000061 53.496035027000062)","Unfall 124689 (2018) Kat:3, Licht: 1","124689","3","3","5","05","21","5","1","1","0","1","0","0"
"POINT (10.081304181000064 53.634950087000050)","Unfall 124690 (2018) Kat:3, Licht: 0","124690","3","5","1","05","07","4","0","0","1","1","0","0"
"POINT (10.076148584000066 53.614590680000049)","Unfall 124691 (2018) Kat:3, Licht: 0","124691","3","6","2","05","14","3","0","0","0","1","0","0"
"POINT (10.017945993000069 53.617750011000055)","Unfall 124692 (2018) Kat:3, Licht: 0","124692","3","6","4","05","18","4","0","0","0","1","0","0"
"POINT (9.918300128000055 53.556898860000047)","Unfall 124693 (2018) Kat:3, Licht: 0","124693","3","6","3","05","16","3","0","0","1","1","0","0"
"POINT (10.015508161000071 53.562661059000050)","Unfall 124694 (2018) Kat:3, Licht: 0","124694","3","3","5","05","09","2","0","0","0","1","0","1"
"POINT (10.032478395000055 53.645090351000078)","Unfall 124695 (2018) Kat:3, Licht: 0","124695","3","5","1","05","16","4","0","0","0","0","0","0"
"POINT (9.982477829000061 53.510674596000058)","Unfall 124696 (2018) Kat:2, Licht: 0","124696","2","3","5","05","20","1","0","0","0","1","0","0"
"POINT (10.052533503000063 53.579203245000031)","Unfall 124697 (2018) Kat:3, Licht: 0","124697","3","6","2","05","15","4","0","0","0","1","0","0"
"POINT (10.043646497000054 53.597619620000046)","Unfall 124698 (2018) Kat:3, Licht: 2","124698","3","6","3","05","00","1","0","2","0","1","0","0"
"POINT (10.071004884000047 53.605820436000045)","Unfall 124699 (2018) Kat:3, Licht: 0","124699","3","2","2","05","20","7","0","0","0","1","0","0"
"POINT (9.902476099000069 53.608739047000029)","Unfall 124700 (2018) Kat:3, Licht: 0","124700","3","4","6","05","13","4","0","0","0","1","1","0"
"POINT (9.993645515000026 53.577686175000053)","Unfall 124701 (2018) Kat:3, Licht: 0","124701","3","3","5","05","17","2","0","0","1","1","0","0"
"POINT (9.907211336000046 53.567159035000032)","Unfall 124702 (2018) Kat:3, Licht: 0","124702","3","2","2","05","11","4","0","0","0","1","0","0"
"POINT (10.077340343000060 53.616925729000059)","Unfall 124703 (2018) Kat:3, Licht: 0","124703","3","2","5","05","15","1","0","0","1","1","0","0"
"POINT (10.019811935000064 53.653208081000059)","Unfall 124704 (2018) Kat:3, Licht: 0","124704","3","2","2","05","17","2","0","0","0","1","0","0"
"POINT (10.168920243000059 53.514284610000061)","Unfall 124705 (2018) Kat:2, Licht: 2","124705","2","1","8","05","01","7","0","2","0","1","0","0"
"POINT (9.887150847000044 53.601202359000069)","Unfall 124706 (2018) Kat:3, Licht: 0","124706","3","4","6","05","10","4","0","0","0","1","1","0"
"POINT (9.919787231000043 53.560425287000044)","Unfall 124707 (2018) Kat:3, Licht: 0","124707","3","3","5","05","07","4","0","0","1","1","0","0"
"POINT (10.095671983000045 53.578868252000063)","Unfall 124708 (2018) Kat:3, Licht: 0","124708","3","6","0","05","16","5","1","0","0","1","0","1"
"POINT (9.967696012000033 53.440221989000065)","Unfall 124709 (2018) Kat:3, Licht: 0","124709","3","3","5","05","14","6","0","0","0","1","0","0"
"POINT (9.889848309000058 53.546653611000067)","Unfall 124710 (2018) Kat:3, Licht: 0","124710","3","2","0","05","06","4","0","0","0","1","0","1"
"POINT (10.037036255000032 53.565105739000046)","Unfall 124711 (2018) Kat:3, Licht: 0","124711","3","3","5","05","08","3","0","0","1","1","0","0"
"POINT (9.972821071000055 53.601734148000048)","Unfall 124712 (2018) Kat:2, Licht: 0","124712","2","6","2","05","15","4","0","0","1","1","0","0"
"POINT (9.988459094000064 53.581284851000078)","Unfall 124713 (2018) Kat:3, Licht: 0","124713","3","6","2","05","18","3","0","0","1","1","0","0"
"POINT (9.970374745000072 53.583363950000034)","Unfall 124714 (2018) Kat:3, Licht: 0","124714","3","7","3","05","12","2","0","0","0","0","0","0"
"POINT (9.943677856000022 53.551816859000041)","Unfall 124715 (2018) Kat:3, Licht: 0","124715","3","4","6","05","16","4","0","0","1","0","1","0"
"POINT (10.014567090000071 53.545849929000042)","Unfall 124716 (2018) Kat:3, Licht: 0","124716","3","2","3","05","11","1","0","0","0","1","0","0"
"POINT (9.959796634000043 53.549472673000082)","Unfall 124717 (2018) Kat:3, Licht: 0","124717","3","6","3","05","07","4","0","0","1","0","0","0"
"POINT (10.203733834000047 53.402484928000035)","Unfall 124718 (2018) Kat:3, Licht: 0","124718","3","6","2","05","11","7","0","0","1","0","0","0"
"POINT (9.988747425000042 53.552659494000068)","Unfall 124719 (2018) Kat:3, Licht: 1","124719","3","5","0","05","21","7","0","1","0","1","0","1"
"POINT (10.033511632000057 53.573618416000045)","Unfall 124720 (2018) Kat:3, Licht: 0","124720","3","3","5","05","18","7","0","0","0","1","0","0"
"POINT (9.984358445000055 53.459291048000068)","Unfall 124721 (2018) Kat:3, Licht: 0","124721","3","7","1","05","13","6","0","0","0","1","0","0"
"POINT (9.975382903000025 53.560417800000039)","Unfall 124722 (2018) Kat:3, Licht: 0","124722","3","2","4","05","10","4","0","0","0","1","0","1"
"POINT (10.029110442000047 53.572813270000040)","Unfall 124723 (2018) Kat:3, Licht: 0","124723","3","5","1","05","17","4","0","0","0","1","0","0"
"POINT (10.009487880000052 53.552655717000050)","Unfall 124724 (2018) Kat:3, Licht: 0","124724","3","4","6","05","11","4","0","0","0","1","1","0"
"POINT (9.963411406000034 53.453916252000056)","Unfall 124725 (2018) Kat:2, Licht: 1","124725","2","1","7","05","05","3","0","1","0","1","0","0"
"POINT (9.962357874000077 53.579595145000042)","Unfall 124726 (2018) Kat:3, Licht: 2","124726","3","5","1","05","22","7","0","2","1","1","0","0"
"POINT (10.069263907000050 53.559509994000052)","Unfall 124727 (2018) Kat:3, Licht: 2","124727","3","3","5","05","23","3","0","2","0","1","0","0"
"POINT (10.203362702000049 53.498015055000053)","Unfall 124728 (2018) Kat:3, Licht: 0","124728","3","6","1","05","16","4","0","0","0","1","0","0"
"POINT (10.041930515000047 53.560579192000034)","Unfall 124729 (2018) Kat:3, Licht: 0","124729","3","6","3","05","19","3","1","0","0","1","0","0"
"POINT (9.988626226000065 53.572094162000042)","Unfall 124730 (2018) Kat:2, Licht: 0","124730","2","7","0","05","18","3","0","0","0","1","0","0"
"POINT (10.040311143000054 53.552577371000041)","Unfall 124731 (2018) Kat:3, Licht: 0","124731","3","6","3","05","18","3","1","0","0","1","0","0"
"POINT (9.983759026000030 53.557780830000070)","Unfall 124732 (2018) Kat:3, Licht: 0","124732","3","2","4","05","13","3","0","0","0","1","0","0"
"POINT (9.981128141000056 53.566898912000056)","Unfall 124733 (2018) Kat:3, Licht: 0","124733","3","4","0","05","14","2","0","0","0","0","1","0"
"POINT (10.105213365000054 53.570445553000070)","Unfall 124734 (2018) Kat:3, Licht: 0","124734","3","7","9","05","19","3","1","0","0","1","0","0"
"POINT (10.015666869000029 53.635936891000028)","Unfall 124735 (2018) Kat:3, Licht: 0","124735","3","6","2","05","17","3","1","0","0","1","0","0"
"POINT (10.021121519000076 53.661545391000061)","Unfall 124736 (2018) Kat:3, Licht: 0","124736","3","5","1","05","13","7","0","0","1","1","0","0"
"POINT (10.005292827000062 53.553012586000079)","Unfall 124737 (2018) Kat:3, Licht: 0","124737","3","7","0","05","16","7","0","0","1","0","1","0"
"POINT (9.972203468000032 53.547508130000040)","Unfall 124738 (2018) Kat:3, Licht: 0","124738","3","7","0","05","16","7","0","0","1","0","0","0"
"POINT (10.013577123000061 53.595653283000047)","Unfall 124739 (2018) Kat:3, Licht: 0","124739","3","5","1","05","11","3","1","0","0","1","0","0"
"POINT (9.852402576000031 53.569234186000074)","Unfall 124740 (2018) Kat:3, Licht: 2","124740","3","7","0","05","21","4","0","2","0","1","0","0"
"POINT (10.043724419000057 53.581777837000061)","Unfall 124741 (2018) Kat:3, Licht: 2","124741","3","6","3","05","02","3","0","2","0","1","0","0"
"POINT (10.073834807000026 53.610871456000041)","Unfall 124742 (2018) Kat:3, Licht: 0","124742","3","5","3","05","09","2","0","0","0","1","0","0"
"POINT (9.957091764000040 53.569199779000030)","Unfall 124743 (2018) Kat:3, Licht: 0","124743","3","3","0","05","15","3","1","0","0","1","0","1"
"POINT (10.082171468000070 53.557357153000055)","Unfall 124744 (2018) Kat:3, Licht: 0","124744","3","6","2","05","08","2","0","0","0","1","0","0"
"POINT (10.006715658000076 53.633004134000032)","Unfall 124745 (2018) Kat:3, Licht: 0","124745","3","6","2","05","13","1","0","0","0","1","0","0"
"POINT (9.965893716000039 53.565532219000033)","Unfall 124746 (2018) Kat:3, Licht: 0","124746","3","2","4","05","15","3","1","0","0","1","0","0"
"POINT (9.989248243000077 53.448121474000061)","Unfall 124747 (2018) Kat:3, Licht: 0","124747","3","5","1","05","14","2","0","0","0","1","0","0"
"POINT (9.963542039000060 53.558219417000032)","Unfall 124748 (2018) Kat:2, Licht: 2","124748","2","4","6","05","03","3","0","2","0","0","1","0"
"POINT (9.956954994000057 53.450706535000052)","Unfall 124749 (2018) Kat:3, Licht: 0","124749","3","2","2","05","18","2","0","0","0","1","0","0"
"POINT (9.966709222000077 53.449975899000037)","Unfall 124750 (2018) Kat:3, Licht: 0","124750","3","3","5","05","15","1","0","0","1","1","0","0"
"POINT (9.978216405000069 53.544059796000056)","Unfall 124751 (2018) Kat:3, Licht: 2","124751","3","4","6","05","00","3","0","2","0","0","1","0"
"POINT (10.019817546000070 53.646144664000076)","Unfall 124752 (2018) Kat:3, Licht: 0","124752","3","6","2","05","11","6","0","0","0","1","0","0"
"POINT (9.982828511000037 53.457483531000037)","Unfall 124753 (2018) Kat:3, Licht: 0","124753","3","3","5","04","12","2","1","0","1","1","0","0"
"POINT (9.978184073000023 53.544808175000071)","Unfall 124754 (2018) Kat:3, Licht: 0","124754","3","7","6","05","10","4","0","0","0","0","1","0"
"POINT (9.911000796000053 53.602379803000076)","Unfall 124755 (2018) Kat:3, Licht: 0","124755","3","3","5","05","15","3","0","0","1","1","0","0"
"POINT (9.990576737000026 53.441214643000080)","Unfall 124756 (2018) Kat:2, Licht: 0","124756","2","4","6","04","17","2","0","0","0","1","1","0"
"POINT (9.957637688000034 53.588727053000071)","Unfall 124757 (2018) Kat:3, Licht: 0","124757","3","3","5","05","15","2","0","0","1","0","0","0"
"POINT (9.991530350000062 53.501485176000074)","Unfall 124758 (2018) Kat:3, Licht: 2","124758","3","6","2","04","22","2","0","2","0","1","0","0"
"POINT (10.067576629000030 53.608880739000028)","Unfall 124759 (2018) Kat:2, Licht: 0","124759","2","6","0","05","10","2","0","0","0","1","0","1"
"POINT (9.963625699000033 53.599780486000043)","Unfall 124760 (2018) Kat:3, Licht: 0","124760","3","3","5","05","19","1","0","0","1","1","0","0"
"POINT (10.041667545000053 53.551012640000067)","Unfall 124761 (2018) Kat:3, Licht: 2","124761","3","3","5","05","00","6","0","2","0","1","0","0"