WKT,Name,OBJECTID,UKATEGORIE,UTYP1,UART,UMONAT,USTUNDE,UWOCHENTAG,STRZUSTAND,ULICHTVERH,ISTRAD,ISTPKW,ISTFUSS,ISTKRAD
"POINT (9.873772091000035 53.586946580000074)","Unfall 124762 (2018) Kat:3, Licht: 0","124762","3","2","5","05","15","7","0","0","1","1","0","0"
"POINT (9.993351118000021 53.515858727000079)","Unfall 124763 (2018) Kat:3, Licht: 0","124763","3","2","4","04","18","2","0","0","0","1","0","1"
"POINT (10.149704665000058 53.529729811000038)","Unfall 124764 (2018) Kat:3, Licht: 0","124764","3","3","5","04","19","2","0","0","1","1","0","0"
"POINT (10.100608544000067 53.549602786000037)","Unfall 124765 (2018) Kat:3, Licht: 0","124765","3","2","4","05","14","5","1","0","0","1","0","1"
"POINT (10.099227542000051 53.538596701000074)","Unfall 124766 (2018) Kat:3, Licht: 0","124766","3","6","2","04","13","2","1","0","0","1","0","0"
"POINT (9.874492424000039 53.587628867000035)","Unfall 124767 (2018) Kat:3, Licht: 0","124767","3","3","5","05","16","6","0","0","1","1","0","0"
"POINT (10.102074888000061 53.540029137000033)","Unfall 124768 (2018) Kat:2, Licht: 0","124768","2","6","3","04","19","2","0","0","0","1","0","0"
"POINT (10.098802052000053 53.535969372000068)","Unfall 124769 (2018) Kat:3, Licht: 0","124769","3","7","0","05","18","3","0","0","0","0","0","1"
"POINT (10.053178832000071 53.533043278000036)","Unfall 124770 (2018) Kat:3, Licht: 0","124770","3","3","5","04","09","2","0","0","0","1","0","0"
"POINT (9.900714963000041 53.557032836000076)","Unfall 124771 (2018) Kat:3, Licht: 0","124771","3","6","1","05","08","3","0","0","0","1","0","1"
"POINT (10.025011525000025 53.553600501000062)","Unfall 124772 (2018) Kat:3, Licht: 0","124772","3","1","0","04","08","2","1","0","0","0","0","1"
"POINT (9.989321071000063 53.558297555000081)","Unfall 124773 (2018) Kat:3, Licht: 2","124773","3","2","4","05","03","2","0","2","0","1","0","0"
"POINT (10.034867841000050 53.533647996000070)","Unfall 124774 (2018) Kat:3, Licht: 0","124774","3","5","1","04","11","2","0","0","1","0","0","0"
"POINT (10.014394489000040 53.590079303000039)","Unfall 124775 (2018) Kat:3, Licht: 0","124775","3","5","1","05","20","1","0","0","1","1","0","0"
"POINT (10.004641547000062 53.587802027000066)","Unfall 124776 (2018) Kat:3, Licht: 0","124776","3","6","3","05","09","2","0","0","1","1","0","0"
"POINT (10.059259736000058 53.549778601000071)","Unfall 124777 (2018) Kat:3, Licht: 0","124777","3","5","0","05","19","7","0","0","1","1","0","0"
"POINT (10.134693593000065 53.637539304000029)","Unfall 124778 (2018) Kat:3, Licht: 2","124778","3","6","4","05","23","6","0","2","0","1","0","1"
"POINT (10.124406915000066 53.570969130000037)","Unfall 124779 (2018) Kat:3, Licht: 0","124779","3","3","6","04","17","2","0","0","0","1","1","0"
"POINT (10.063215510000077 53.581602741000040)","Unfall 124780 (2018) Kat:3, Licht: 0","124780","3","2","3","04","07","2","0","0","1","1","0","0"
"POINT (9.861192179000057 53.591224884000042)","Unfall 124781 (2018) Kat:3, Licht: 0","124781","3","3","5","05","17","5","0","0","1","1","0","0"
"POINT (10.115813100000025 53.488097430000039)","Unfall 124782 (2018) Kat:2, Licht: 0","124782","2","3","5","05","15","6","0","0","0","1","0","1"
"POINT (10.076444036000055 53.615553775000080)","Unfall 124783 (2018) Kat:3, Licht: 0","124783","3","7","0","04","15","2","1","0","1","1","0","0"
"POINT (9.914261971000030 53.546103146000064)","Unfall 124784 (2018) Kat:1, Licht: 0","124784","1","6","4","05","19","3","0","0","0","1","0","1"
"POINT (10.035524310000028 53.634005403000060)","Unfall 124785 (2018) Kat:3, Licht: 0","124785","3","2","2","04","11","2","1","0","0","1","0","0"
"POINT (9.963157130000070 53.560621061000063)","Unfall 124786 (2018) Kat:3, Licht: 0","124786","3","5","1","05","08","3","0","0","1","1","0","0"
"POINT (9.933327569000028 53.566748001000065)","Unfall 124787 (2018) Kat:3, Licht: 0","124787","3","4","6","05","09","2","0","0","0","1","1","0"
"POINT (10.019936964000067 53.570776422000051)","Unfall 124788 (2018) Kat:3, Licht: 0","124788","3","5","1","04","18","2","0","0","0","1","1","0"
"POINT (10.123252821000051 53.568817382000077)","Unfall 124789 (2018) Kat:3, Licht: 0","124789","3","3","5","05","12","6","0","0","0","1","0","0"
"POINT (9.902748135000024 53.556429368000067)","Unfall 124790 (2018) Kat:3, Licht: 0","124790","3","6","2","04","10","2","0","0","0","1","0","0"
"POINT (10.133431073000054 53.530290989000036)","Unfall 124791 (2018) Kat:3, Licht: 0","124791","3","3","5","05","15","7","0","0","1","1","0","0"
"POINT (10.028413074000071 53.675587415000052)","Unfall 124792 (2018) Kat:3, Licht: 0","124792","3","6","2","05","16","3","0","0","0","1","0","0"
"POINT (9.939580674000069 53.577112919000058)","Unfall 124793 (2018) Kat:3, Licht: 0","124793","3","3","5","04","07","2","0","0","1","0","0","0"
"POINT (9.936757088000036 53.547773916000040)","Unfall 124794 (2018) Kat:3, Licht: 0","124794","3","6","2","05","09","3","0","0","0","1","0","1"
"POINT (9.873478085000045 53.547182604000056)","Unfall 124795 (2018) Kat:3, Licht: 0","124795","3","4","6","05","17","2","0","0","0","1","1","0"
"POINT (9.982347257000072 53.585541924000040)","Unfall 124796 (2018) Kat:3, Licht: 0","124796","3","7","3","04","16","2","1","0","0","1","0","1"
"POINT (10.287769779000030 53.427976247000061)","Unfall 124797 (2018) Kat:2, Licht: 0","124797","2","6","2","05","12","1","0","0","0","1","0","1"
"POINT (9.966836652000040 53.566058278000071)","Unfall 124798 (2018) Kat:3, Licht: 0","124798","3","2","3","04","10","2","0","0","1","0","0","0"
"POINT (9.952211859000045 53.582120664000058)","Unfall 124799 (2018) Kat:3, Licht: 0","124799","3","5","1","05","17","1","0","0","0","1","0","1"
"POINT (10.076077931000043 53.663561451000078)","Unfall 124800 (2018) Kat:3, Licht: 0","124800","3","2","4","05","12","7","0","0","1","1","0","0"
"POINT (10.018168017000050 53.649472585000069)","Unfall 124801 (2018) Kat:3, Licht: 0","124801","3","6","1","05","14","6","0","0","0","1","0","0"
"POINT (10.103941593000059 53.553448999000068)","Unfall 124802 (2018) Kat:3, Licht: 0","124802","3","3","5","04","19","1","0","0","1","1","0","0"
"POINT (10.149357916000042 53.620190218000062)","Unfall 124803 (2018) Kat:3, Licht: 0","124803","3","3","4","04","15","1","0","0","0","1","0","0"
"POINT (10.052303455000072 53.555303221000031)","Unfall 124804 (2018) Kat:3, Licht: 0","124804","3","2","2","05","11","4","0","0","0","1","0","0"
"POINT (10.108023123000066 53.655651351000074)","Unfall 124805 (2018) Kat:3, Licht: 0","124805","3","6","2","04","09","1","0","0","0","1","0","0"
"POINT (10.021112646000063 53.553086322000070)","Unfall 124806 (2018) Kat:3, Licht: 0","124806","3","7","3","05","10","3","0","0","0","1","0","0"
"POINT (10.157976653000048 53.648755300000062)","Unfall 124807 (2018) Kat:3, Licht: 0","124807","3","3","5","04","09","1","0","0","0","1","0","0"
"POINT (10.003886481000052 53.544135845000028)","Unfall 124808 (2018) Kat:2, Licht: 0","124808","2","1","9","05","11","3","0","0","0","0","0","1"
"POINT (9.985254698000063 53.541556123000078)","Unfall 124809 (2018) Kat:3, Licht: 0","124809","3","6","1","05","19","2","0","0","1","1","0","0"
"POINT (10.120131897000022 53.682697435000080)","Unfall 124810 (2018) Kat:3, Licht: 2","124810","3","7","0","04","21","1","0","2","0","0","0","1"
"POINT (9.941867380000076 53.599035842000035)","Unfall 124811 (2018) Kat:3, Licht: 0","124811","3","3","5","05","09","6","0","0","0","1","0","1"
"POINT (9.919543109000074 53.590203880000047)","Unfall 124812 (2018) Kat:3, Licht: 2","124812","3","3","5","04","01","1","0","2","0","1","0","0"
"POINT (10.049768137000058 53.591471997000042)","Unfall 124813 (2018) Kat:3, Licht: 0","124813","3","7","0","05","18","7","0","0","0","1","0","0"
"POINT (10.027414272000044 53.533827977000044)","Unfall 124814 (2018) Kat:3, Licht: 0","124814","3","3","5","05","13","6","0","0","1","1","0","0"
"POINT (9.862530061000030 53.575904862000073)","Unfall 124815 (2018) Kat:3, Licht: 0","124815","3","7","6","05","08","6","0","0","1","0","1","0"
"POINT (9.823501355000076 53.560576598000068)","Unfall 124816 (2018) Kat:3, Licht: 0","124816","3","2","4","04","19","1","0","0","0","1","0","0"
"POINT (9.946960857000022 53.590512371000045)","Unfall 124817 (2018) Kat:3, Licht: 0","124817","3","2","4","05","08","4","0","0","1","1","0","0"
"POINT (9.921668836000038 53.632032127000059)","Unfall 124818 (2018) Kat:3, Licht: 0","124818","3","2","6","05","15","7","0","0","0","0","1","0"
"POINT (9.877857891000076 53.586802874000057)","Unfall 124819 (2018) Kat:3, Licht: 0","124819","3","4","6","04","19","1","0","0","0","1","1","0"
"POINT (9.937404490000063 53.576661355000056)","Unfall 124820 (2018) Kat:3, Licht: 0","124820","3","4","6","05","13","4","0","0","0","0","1","0"
"POINT (9.902530418000026 53.566120024000043)","Unfall 124821 (2018) Kat:3, Licht: 0","124821","3","7","0","04","14","1","0","0","1","1","0","0"
"POINT (10.078455689000066 53.588993665000032)","Unfall 124822 (2018) Kat:3, Licht: 0","124822","3","5","1","05","16","2","0","0","1","1","0","0"
"POINT (9.876969480000071 53.600681890000033)","Unfall 124823 (2018) Kat:3, Licht: 0","124823","3","3","5","04","13","1","0","0","0","1","0","0"
"POINT (10.214696263000064 53.494902639000031)","Unfall 124824 (2018) Kat:3, Licht: 0","124824","3","6","3","05","11","2","0","0","1","1","0","0"
"POINT (10.092679304000058 53.546595751000041)","Unfall 124825 (2018) Kat:3, Licht: 0","124825","3","3","5","05","16","1","0","0","0","1","0","0"
"POINT (9.846456878000026 53.560007091000045)","Unfall 124826 (2018) Kat:2, Licht: 0","124826","2","3","5","05","13","6","0","0","1","1","0","0"
"POINT (9.918171331000053 53.639789433000033)","Unfall 124827 (2018) Kat:3, Licht: 0","124827","3","5","1","04","05","1","0","0","0","1","0","0"
"POINT (10.052704250000033 53.572233505000042)","Unfall 124828 (2018) Kat:3, Licht: 0","124828","3","2","3","05","16","6","0","0","0","1","0","0"
"POINT (9.948593015000029 53.562040081000077)","Unfall 124829 (2018) Kat:3, Licht: 0","124829","3","6","3","04","15","1","0","0","0","1","0","1"
"POINT (9.853501235000067 53.473553379000066)","Unfall 124830 (2018) Kat:2, Licht: 0","124830","2","3","6","05","18","3","0","0","0","1","1","0"
"POINT (9.936322070000074 53.592544382000028)","Unfall 124831 (2018) Kat:3, Licht: 0","124831","3","2","3","05","17","3","0","0","1","1","0","0"
"POINT (9.954848239000057 53.548603376000074)","Unfall 124832 (2018) Kat:3, Licht: 2","124832","3","3","5","04","00","1","0","2","0","1","0","0"
"POINT (9.961456077000037 53.573849666000058)","Unfall 124833 (2018) Kat:1, Licht: 0","124833","1","2","3","05","08","2","0","0","1","0","0","0"
"POINT (9.980005244000040 53.556033040000045)","Unfall 124834 (2018) Kat:3, Licht: 2","124834","3","6","2","04","01","1","0","2","0","1","0","0"
"POINT (10.137420647000056 53.632509148000054)","Unfall 124835 (2018) Kat:3, Licht: 2","124835","3","7","1","05","00","1","0","2","1","1","0","0"
"POINT (10.002578989000028 53.672139835000053)","Unfall 124836 (2018) Kat:3, Licht: 0","124836","3","3","5","05","13","2","0","0","1","1","0","0"
"POINT (9.781657304000021 53.518263735000062)","Unfall 124837 (2018) Kat:2, Licht: 0","124837","2","7","8","04","18","7","0","0","0","1","0","0"
"POINT (9.918895173000067 53.574423356000068)","Unfall 124838 (2018) Kat:3, Licht: 0","124838","3","2","8","05","17","2","0","0","0","1","0","0"
"POINT (10.019629640000062 53.489746868000054)","Unfall 124839 (2018) Kat:3, Licht: 0","124839","3","2","2","04","12","7","0","0","0","1","0","0"
"POINT (10.078771830000051 53.588474648000044)","Unfall 124840 (2018) Kat:3, Licht: 0","124840","3","6","2","05","12","2","0","0","0","1","0","0"
"POINT (10.022472724000068 53.600291791000075)","Unfall 124841 (2018) Kat:3, Licht: 0","124841","3","6","0","05","15","1","1","0","0","0","0","1"
"POINT (9.898176476000060 53.592905642000062)","Unfall 124842 (2018) Kat:3, Licht: 0","124842","3","6","2","05","13","6","0","0","0","1","0","0"
"POINT (10.130498870000054 53.496357045000082)","Unfall 124843 (2018) Kat:3, Licht: 0","124843","3","4","6","04","12","7","0","0","0","1","1","0"
"POINT (9.963513668000076 53.563119112000038)","Unfall 124844 (2018) Kat:3, Licht: 0","124844","3","7","5","05","14","6","0","0","1","1","0","0"
"POINT (10.146115315000031 53.549456540000051)","Unfall 124845 (2018) Kat:3, Licht: 0","124845","3","3","5","04","10","7","0","0","0","1","0","0"
"POINT (10.092875444000072 53.587749701000064)","Unfall 124846 (2018) Kat:3, Licht: 0","124846","3","6","2","05","11","3","0","0","0","1","0","0"
"POINT (10.021592644000066 53.550125589000061)","Unfall 124847 (2018) Kat:3, Licht: 2","124847","3","5","1","04","00","7","0","2","0","1","0","0"
"POINT (9.981506726000021 53.585429748000081)","Unfall 124848 (2018) Kat:3, Licht: 0","124848","3","6","1","05","09","3","0","0","0","1","0","1"
"POINT (10.041108991000044 53.579810449000036)","Unfall 124849 (2018) Kat:3, Licht: 0","124849","3","6","2","05","17","2","0","0","0","1","0","0"
"POINT (10.032818779000024 53.557553426000027)","Unfall 124850 (2018) Kat:3, Licht: 0","124850","3","6","2","04","13","7","0","0","0","1","0","0"
"POINT (9.810515917000032 53.528791511000065)","Unfall 124851 (2018) Kat:3, Licht: 0","124851","3","2","4","05","13","1","0","0","0","1","0","1"
"POINT (10.167640165000023 53.649276462000046)","Unfall 124852 (2018) Kat:2, Licht: 0","124852","2","7","5","04","16","7","0","0","1","1","0","0"
"POINT (10.055970278000075 53.591443079000044)","Unfall 124853 (2018) Kat:3, Licht: 0","124853","3","3","5","05","12","1","0","0","0","1","0","0"
"POINT (10.059420443000022 53.593856639000080)","Unfall 124854 (2018) Kat:3, Licht: 0","124854","3","3","0","05","15","7","0","0","1","1","0","0"
"POINT (9.949301973000047 53.637009490000082)","Unfall 124855 (2018) Kat:3, Licht: 0","124855","3","6","2","05","17","6","0","0","0","1","0","0"
"POINT (10.005781646000059 53.606231844000035)","Unfall 124856 (2018) Kat:3, Licht: 0","124856","3","2","3","04","19","7","0","0","1","1","0","0"
"POINT (9.943833963000031 53.629003088000047)","Unfall 124857 (2018) Kat:3, Licht: 0","124857","3","1","8","04","16","7","0","0","0","0","0","1"
"POINT (9.971038088000057 53.567138749000037)","Unfall 124858 (2018) Kat:3, Licht: 0","124858","3","7","3","05","16","5","0","0","0","1","0","0"
"POINT (9.987545378000050 53.517388032000042)","Unfall 124859 (2018) Kat:3, Licht: 1","124859","3","3","5","05","21","7","0","1","0","1","0","0"
"POINT (9.907332049000047 53.632663323000031)","Unfall 124860 (2018) Kat:3, Licht: 0","124860","3","2","4","05","08","6","0","0","1","1","0","0"
"POINT (9.942485339000029 53.549806018000027)","Unfall 124861 (2018) Kat:3, Licht: 0","124861","3","5","1","04","20","7","0","0","0","1","0","0"
"POINT (9.980060405000074 53.568341651000026)","Unfall 124862 (2018) Kat:3, Licht: 0","124862","3","6","2","04","15","7","0","0","1","1","0","0"
"POINT (10.060340113000052 53.580564268000046)","Unfall 124863 (2018) Kat:3, Licht: 0","124863","3","3","5","05","13","5","0","0","1","1","0","0"
"POINT (9.955414432000055 53.549541664000060)","Unfall 124864 (2018) Kat:3, Licht: 2","124864","3","2","6","04","01","7","0","2","0","1","1","0"
"POINT (10.052609212000050 53.588223167000081)","Unfall 124865 (2018) Kat:3, Licht: 0","124865","3","3","5","05","06","3","0","0","1","1","0","0"
"POINT (9.998314347000076 53.553982509000036)","Unfall 124866 (2018) Kat:3, Licht: 0","124866","3","6","3","04","16","7","0","0","0","1","0","0"
"POINT (9.932479900000033 53.548426514000028)","Unfall 124867 (2018) Kat:3, Licht: 0","124867","3","4","0","05","09","3","0","0","1","0","1","0"
"POINT (9.890577913000072 53.552431644000080)","Unfall 124868 (2018) Kat:3, Licht: 0","124868","3","2","5","05","07","2","0","0","1","1","0","0"
"POINT (9.924255894000055 53.520764411000073)","Unfall 124869 (2018) Kat:3, Licht: 0","124869","3","6","2","04","10","7","0","0","0","1","0","0"
"POINT (9.941451104000066 53.574741511000070)","Unfall 124870 (2018) Kat:3, Licht: 0","124870","3","3","5","05","09","6","0","0","1","1","0","0"
"POINT (10.069720077000056 53.526334001000066)","Unfall 124871 (2018) Kat:3, Licht: 0","124871","3","2","2","05","09","1","0","0","0","1","0","0"
"POINT (10.015808603000039 53.523472994000031)","Unfall 124872 (2018) Kat:3, Licht: 0","124872","3","5","1","04","15","6","0","0","1","1","0","0"
"POINT (9.889910153000074 53.517909969000073)","Unfall 124873 (2018) Kat:3, Licht: 0","124873","3","1","8","05","20","7","0","0","0","0","0","0"
"POINT (10.038775765000025 53.578141383000059)","Unfall 124874 (2018) Kat:3, Licht: 1","124874","3","3","5","05","21","7","0","1","1","1","0","0"
"POINT (9.936303902000077 53.555802351000068)","Unfall 124875 (2018) Kat:2, Licht: 0","124875","2","6","4","05","13","6","0","0","1","0","0","0"
"POINT (10.188012123000021 53.490438706000077)","Unfall 124876 (2018) Kat:3, Licht: 0","124876","3","3","5","04","08","6","0","0","1","1","0","0"
"POINT (9.992979725000055 53.574892594000062)","Unfall 124877 (2018) Kat:3, Licht: 0","124877","3","6","2","05","14","7","0","0","0","1","0","0"
"POINT (10.110421197000051 53.539840807000076)","Unfall 124878 (2018) Kat:3, Licht: 0","124878","3","3","5","04","12","6","0","0","0","1","0","0"
"POINT (10.181211035000047 53.631878794000045)","Unfall 124879 (2018) Kat:3, Licht: 0","124879","3","4","6","05","12","4","0","0","0","1","1","0"
"POINT (10.030329561000030 53.548289993000026)","Unfall 124880 (2018) Kat:3, Licht: 0","124880","3","2","5","04","14","6","0","0","0","1","0","1"
"POINT (9.934844385000076 53.430869454000060)","Unfall 124881 (2018) Kat:3, Licht: 0","124881","3","3","5","05","13","2","0","0","0","1","0","0"
"POINT (10.024387753000042 53.551469900000029)","Unfall 124882 (2018) Kat:3, Licht: 0","124882","3","7","0","04","05","6","0","0","0","1","0","0"
"POINT (9.779734626000050 53.521175885000048)","Unfall 124883 (2018) Kat:3, Licht: 0","124883","3","4","6","05","14","2","0","0","0","1","1","0"
"POINT (10.012533328000075 53.552414831000078)","Unfall 124884 (2018) Kat:3, Licht: 0","124884","3","6","3","05","17","2","0","0","0","1","0","0"
"POINT (9.942464480000069 53.552139602000068)","Unfall 124885 (2018) Kat:3, Licht: 0","124885","3","7","0","05","15","6","0","0","1","1","0","0"
"POINT (10.118573638000044 53.606743921000032)","Unfall 124886 (2018) Kat:3, Licht: 0","124886","3","4","0","04","14","6","0","0","1","0","1","0"
"POINT (9.949450143000036 53.558369695000067)","Unfall 124887 (2018) Kat:3, Licht: 0","124887","3","6","1","05","16","3","0","0","0","1","0","0"
"POINT (10.126633683000023 53.582297484000037)","Unfall 124888 (2018) Kat:3, Licht: 2","124888","3","6","2","04","22","6","0","2","0","1","0","0"
"POINT (9.993781434000027 53.557821729000068)","Unfall 124889 (2018) Kat:3, Licht: 0","124889","3","2","4","05","15","3","0","0","1","1","0","0"
"POINT (9.943757424000069 53.550416451000046)","Unfall 124890 (2018) Kat:3, Licht: 0","124890","3","6","2","05","06","2","0","0","0","1","0","1"
"POINT (10.082532425000068 53.576775176000069)","Unfall 124891 (2018) Kat:3, Licht: 0","124891","3","2","5","04","08","6","0","0","0","1","0","0"
"POINT (9.957716327000071 53.562612021000064)","Unfall 124892 (2018) Kat:3, Licht: 0","124892","3","2","4","05","11","6","0","0","1","1","0","0"
"POINT (10.095928290000074 53.582430931000033)","Unfall 124893 (2018) Kat:3, Licht: 0","124893","3","3","5","04","08","6","0","0","0","1","0","0"
"POINT (10.073992723000060 53.611266590000071)","Unfall 124894 (2018) Kat:3, Licht: 1","124894","3","6","2","05","21","7","0","1","0","1","0","0"
"POINT (9.970715727000027 53.568595027000072)","Unfall 124895 (2018) Kat:2, Licht: 0","124895","2","7","6","05","13","7","0","0","0","1","1","0"
"POINT (9.979437678000068 53.555944029000045)","Unfall 124896 (2018) Kat:3, Licht: 0","124896","3","3","5","05","15","6","0","0","1","1","0","0"
"POINT (10.041170561000058 53.600021675000050)","Unfall 124897 (2018) Kat:3, Licht: 0","124897","3","2","3","04","12","6","0","0","0","1","0","1"
"POINT (9.799466887000051 53.557945830000051)","Unfall 124898 (2018) Kat:3, Licht: 0","124898","3","6","4","05","09","4","0","0","1","0","0","0"
"POINT (9.881378768000047 53.546515547000070)","Unfall 124899 (2018) Kat:2, Licht: 0","124899","2","2","4","05","18","7","0","0","1","1","0","0"
"POINT (10.077109955000026 53.657605693000050)","Unfall 124900 (2018) Kat:3, Licht: 0","124900","3","3","5","04","07","6","0","0","1","1","0","0"
"POINT (10.070050624000032 53.573659536000036)","Unfall 124901 (2018) Kat:3, Licht: 1","124901","3","7","0","05","21","2","0","1","1","0","0","0"
"POINT (10.047486086000049 53.582578672000068)","Unfall 124902 (2018) Kat:3, Licht: 0","124902","3","3","5","04","12","6","0","0","1","1","0","0"
"POINT (10.176050543000031 53.486039351000045)","Unfall 124903 (2018) Kat:3, Licht: 0","124903","3","7","0","05","13","2","0","0","0","0","0","1"
"POINT (10.119837419000021 53.606431889000078)","Unfall 124904 (2018) Kat:3, Licht: 2","124904","3","3","5","05","22","1","0","2","1","1","0","0"
"POINT (9.919553998000026 53.433776197000043)","Unfall 124905 (2018) Kat:3, Licht: 0","124905","3","6","2","05","14","5","0","0","0","1","0","0"
"POINT (9.940361258000053 53.593094065000059)","Unfall 124906 (2018) Kat:3, Licht: 0","124906","3","6","3","04","12","6","0","0","1","0","0","1"
"POINT (9.945142154000052 53.585306336000031)","Unfall 124907 (2018) Kat:3, Licht: 0","124907","3","3","5","05","16","6","0","0","0","1","0","0"
"POINT (10.132274905000031 53.497539993000032)","Unfall 124908 (2018) Kat:2, Licht: 0","124908","2","4","6","05","07","5","0","0","0","1","1","0"
"POINT (9.849717912000074 53.578396953000038)","Unfall 124909 (2018) Kat:3, Licht: 0","124909","3","3","5","04","09","6","0","0","1","0","0","0"
"POINT (10.087221845000045 53.651011101000051)","Unfall 124910 (2018) Kat:3, Licht: 0","124910","3","3","0","05","15","6","0","0","1","1","0","0"
"POINT (10.141435654000077 53.422099267000078)","Unfall 124911 (2018) Kat:3, Licht: 0","124911","3","7","9","05","18","5","0","0","0","1","0","0"
"POINT (9.889162934000069 53.557407952000062)","Unfall 124912 (2018) Kat:3, Licht: 0","124912","3","6","2","04","14","6","0","0","0","1","0","0"
"POINT (9.989919778000058 53.572651945000075)","Unfall 124913 (2018) Kat:3, Licht: 0","124913","3","7","0","05","15","4","0","0","1","0","0","0"
"POINT (9.965407171000038 53.589083882000068)","Unfall 124914 (2018) Kat:3, Licht: 0","124914","3","6","4","04","18","6","0","0","1","1","0","0"
"POINT (9.954697706000047 53.622165395000081)","Unfall 124915 (2018) Kat:3, Licht: 0","124915","3","6","2","05","16","2","0","0","0","1","0","0"
"POINT (9.948580444000072 53.604640658000051)","Unfall 124916 (2018) Kat:3, Licht: 0","124916","3","3","5","04","16","6","0","0","1","1","0","0"
"POINT (10.071711653000023 53.607482023000046)","Unfall 124917 (2018) Kat:2, Licht: 0","124917","2","6","4","05","09","2","0","0","0","1","0","0"
"POINT (9.856659772000057 53.550340900000037)","Unfall 124918 (2018) Kat:3, Licht: 0","124918","3","6","3","05","11","1","0","0","1","0","0","0"
"POINT (10.064515598000071 53.560053323000034)","Unfall 124919 (2018) Kat:3, Licht: 0","124919","3","3","5","05","20","5","0","0","1","1","0","0"
"POINT (9.951810635000072 53.566863817000069)","Unfall 124920 (2018) Kat:3, Licht: 0","124920","3","2","2","04","13","6","0","0","0","1","0","0"
"POINT (10.237520489000076 53.468073349000065)","Unfall 124921 (2018) Kat:3, Licht: 0","124921","3","2","3","05","17","5","1","0","0","1","0","0"
"POINT (9.983856258000060 53.572565267000073)","Unfall 124922 (2018) Kat:3, Licht: 0","124922","3","6","3","04","09","6","0","0","0","1","0","0"
"POINT (10.127186636000033 53.642200182000067)","Unfall 124923 (2018) Kat:3, Licht: 0","124923","3","3","0","05","15","3","0","0","0","1","0","0"
"POINT (9.988601450000033 53.571584291000079)","Unfall 124924 (2018) Kat:3, Licht: 0","124924","3","5","1","04","17","6","0","0","1","1","0","0"
"POINT (9.936367138000037 53.556298778000041)","Unfall 124925 (2018) Kat:3, Licht: 0","124925","3","3","5","05","11","3","0","0","1","1","0","0"
"POINT (9.929874793000067 53.597142286000064)","Unfall 124926 (2018) Kat:3, Licht: 0","124926","3","3","5","05","08","2","0","0","0","1","0","0"
"POINT (9.988913027000024 53.577685515000042)","Unfall 124927 (2018) Kat:3, Licht: 0","124927","3","2","5","04","08","6","0","0","1","1","0","0"
"POINT (9.990001973000062 53.553176520000079)","Unfall 124928 (2018) Kat:3, Licht: 1","124928","3","3","5","04","05","6","0","1","0","1","0","1"
"POINT (9.986613008000063 53.509967944000039)","Unfall 124929 (2018) Kat:2, Licht: 0","124929","2","4","6","05","18","3","0","0","0","1","1","0"
"POINT (9.891751861000046 53.600929345000054)","Unfall 124930 (2018) Kat:3, Licht: 0","124930","3","6","4","05","17","3","0","0","1","1","0","0"
"POINT (9.850004359000025 53.469363469000029)","Unfall 124931 (2018) Kat:3, Licht: 0","124931","3","6","4","04","10","5","1","0","0","1","0","1"
"POINT (10.001726166000026 53.551253839000026)","Unfall 124932 (2018) Kat:2, Licht: 0","124932","2","4","0","05","17","2","0","0","0","0","1","0"
"POINT (9.854492898000046 53.468609579000031)","Unfall 124933 (2018) Kat:3, Licht: 0","124933","3","3","5","04","07","5","1","0","1","1","0","0"
"POINT (10.029497218000074 53.632976548000045)","Unfall 124934 (2018) Kat:3, Licht: 0","124934","3","7","1","05","14","1","0","0","1","1","0","0"
"POINT (10.009896820000051 53.581552634000047)","Unfall 124935 (2018) Kat:3, Licht: 0","124935","3","7","1","05","21","2","0","0","1","1","0","0"
"POINT (10.084162308000032 53.554973424000082)","Unfall 124936 (2018) Kat:2, Licht: 0","124936","2","4","6","05","17","7","0","0","0","0","1","0"
"POINT (10.124184687000024 53.587909546000049)","Unfall 124937 (2018) Kat:2, Licht: 2","124937","2","2","5","05","22","5","0","2","0","1","0","0"
"POINT (10.132400697000037 53.547156464000068)","Unfall 124938 (2018) Kat:3, Licht: 0","124938","3","6","1","04","11","5","0","0","0","1","0","0"
"POINT (10.143743290000032 53.632435272000066)","Unfall 124939 (2018) Kat:3, Licht: 0","124939","3","3","5","04","06","5","1","0","0","1","0","0"
"POINT (9.913360849000071 53.601880745000074)","Unfall 124940 (2018) Kat:3, Licht: 0","124940","3","7","6","05","17","5","0","0","1","0","1","0"
"POINT (10.110598801000037 53.551240867000047)","Unfall 124941 (2018) Kat:3, Licht: 0","124941","3","2","4","05","14","6","0","0","1","1","0","0"
"POINT (10.061304694000057 53.568723466000051)","Unfall 124942 (2018) Kat:3, Licht: 0","124942","3","6","3","04","14","5","1","0","1","0","0","0"
"POINT (9.823204187000044 53.583918045000075)","Unfall 124943 (2018) Kat:3, Licht: 0","124943","3","4","6","05","11","3","0","0","0","1","1","0"
"POINT (10.055528369000058 53.582620723000048)","Unfall 124944 (2018) Kat:3, Licht: 0","124944","3","3","5","04","18","5","1","0","0","1","0","0"
"POINT (9.954591188000052 53.557157837000034)","Unfall 124945 (2018) Kat:3, Licht: 0","124945","3","5","0","05","14","3","0","0","1","1","0","0"
"POINT (9.967207992000056 53.603245170000037)","Unfall 124946 (2018) Kat:3, Licht: 0","124946","3","6","3","05","16","2","0","0","0","0","0","1"