WKT,Name,OBJECTID,UKATEGORIE,UTYP1,UART,UMONAT,USTUNDE,UWOCHENTAG,STRZUSTAND,ULICHTVERH,ISTRAD,ISTPKW,ISTFUSS,ISTKRAD
"POINT (10.097450617000050 53.634815172000060)","Unfall 124947 (2018) Kat:2, Licht: 0","124947","2","5","9","04","16","5","1","0","0","1","0","0"
"POINT (10.006870592000041 53.627744848000077)","Unfall 124948 (2018) Kat:3, Licht: 0","124948","3","7","3","05","13","5","0","0","0","1","0","1"
"POINT (10.041155238000044 53.532280263000075)","Unfall 124949 (2018) Kat:3, Licht: 0","124949","3","3","5","05","11","1","0","0","1","1","0","0"
"POINT (10.037831752000045 53.648468068000057)","Unfall 124950 (2018) Kat:3, Licht: 0","124950","3","2","4","04","15","5","0","0","1","1","0","0"
"POINT (10.115853645000072 53.557358018000059)","Unfall 124951 (2018) Kat:3, Licht: 0","124951","3","2","5","05","17","7","0","0","0","1","0","0"
"POINT (9.893767352000054 53.614480370000081)","Unfall 124952 (2018) Kat:2, Licht: 0","124952","2","3","0","05","18","7","0","0","0","1","0","1"
"POINT (10.009403004000035 53.615073859000063)","Unfall 124953 (2018) Kat:3, Licht: 0","124953","3","4","6","05","18","5","0","0","0","1","1","0"
"POINT (10.034639113000026 53.594771536000053)","Unfall 124954 (2018) Kat:3, Licht: 0","124954","3","2","6","04","17","5","0","0","0","1","1","0"
"POINT (10.200629702000072 53.499822699000049)","Unfall 124955 (2018) Kat:2, Licht: 2","124955","2","5","8","05","01","1","0","2","1","1","0","0"
"POINT (10.032688710000059 53.591760366000074)","Unfall 124956 (2018) Kat:3, Licht: 0","124956","3","6","2","04","06","5","1","0","0","1","0","0"
"POINT (9.889860867000039 53.601645747000077)","Unfall 124957 (2018) Kat:3, Licht: 0","124957","3","2","3","05","08","1","0","0","0","1","0","1"
"POINT (10.071541094000054 53.651890858000058)","Unfall 124958 (2018) Kat:3, Licht: 0","124958","3","2","5","05","12","7","0","0","1","1","0","0"
"POINT (9.992864104000034 53.592100455000036)","Unfall 124959 (2018) Kat:3, Licht: 0","124959","3","3","5","04","13","5","1","0","1","1","0","0"
"POINT (9.985972157000049 53.563441121000039)","Unfall 124960 (2018) Kat:3, Licht: 2","124960","3","7","3","04","22","5","1","2","0","1","0","0"
"POINT (10.166165631000069 53.514395440000044)","Unfall 124961 (2018) Kat:3, Licht: 0","124961","3","3","5","05","17","4","0","0","0","1","0","0"
"POINT (9.969875291000051 53.557309128000043)","Unfall 124962 (2018) Kat:3, Licht: 0","124962","3","6","2","04","13","5","1","0","0","1","0","1"
"POINT (9.970180661000029 53.551114904000030)","Unfall 124963 (2018) Kat:3, Licht: 2","124963","3","1","0","05","21","3","0","2","0","0","0","1"
"POINT (10.004679375000023 53.553292771000031)","Unfall 124964 (2018) Kat:3, Licht: 0","124964","3","6","2","04","08","5","1","0","0","1","0","0"
"POINT (10.004535868000062 53.546923444000072)","Unfall 124965 (2018) Kat:3, Licht: 0","124965","3","6","1","05","09","3","0","0","0","1","0","0"
"POINT (9.982577448000029 53.568218382000055)","Unfall 124966 (2018) Kat:2, Licht: 0","124966","2","7","0","05","09","2","0","0","0","0","1","0"
"POINT (10.008861798000055 53.550633206000043)","Unfall 124967 (2018) Kat:3, Licht: 0","124967","3","6","3","04","08","5","1","0","0","1","0","0"
"POINT (9.963513904000024 53.457426700000042)","Unfall 124968 (2018) Kat:3, Licht: 0","124968","3","7","0","04","12","4","0","0","0","0","0","0"
"POINT (10.009473653000043 53.578249924000033)","Unfall 124969 (2018) Kat:3, Licht: 0","124969","3","2","3","05","16","7","0","0","0","1","0","1"
"POINT (10.007408266000027 53.520735897000066)","Unfall 124970 (2018) Kat:1, Licht: 0","124970","1","4","6","05","19","6","0","0","0","1","1","0"
"POINT (10.191782442000033 53.505866274000027)","Unfall 124971 (2018) Kat:3, Licht: 0","124971","3","7","0","04","07","4","1","0","0","1","0","0"
"POINT (9.904492171000072 53.587926517000028)","Unfall 124972 (2018) Kat:3, Licht: 0","124972","3","6","2","05","19","4","0","0","1","1","0","0"
"POINT (10.098091366000062 53.550183546000028)","Unfall 124973 (2018) Kat:3, Licht: 0","124973","3","3","0","04","11","4","0","0","0","1","0","0"
"POINT (9.826934994000055 53.558695089000082)","Unfall 124974 (2018) Kat:3, Licht: 0","124974","3","1","9","05","14","2","0","0","0","0","0","0"
"POINT (10.127501395000024 53.540941104000069)","Unfall 124975 (2018) Kat:3, Licht: 0","124975","3","6","2","04","12","4","0","0","0","1","0","1"
"POINT (10.039856622000059 53.598236398000040)","Unfall 124976 (2018) Kat:3, Licht: 0","124976","3","2","3","05","15","4","0","0","1","1","0","0"
"POINT (10.028460537000058 53.552022354000030)","Unfall 124977 (2018) Kat:3, Licht: 0","124977","3","6","2","04","07","4","1","0","0","1","0","0"
"POINT (10.105442924000045 53.570468790000064)","Unfall 124978 (2018) Kat:3, Licht: 0","124978","3","3","5","05","10","2","0","0","0","1","0","1"
"POINT (10.114439899000047 53.616358024000078)","Unfall 124979 (2018) Kat:3, Licht: 0","124979","3","2","0","04","09","4","1","0","0","1","0","1"
"POINT (9.997767915000054 53.519786704000069)","Unfall 124980 (2018) Kat:2, Licht: 2","124980","2","1","8","05","22","2","0","2","0","0","0","1"
"POINT (9.990719252000076 53.495196251000039)","Unfall 124981 (2018) Kat:3, Licht: 0","124981","3","1","1","05","16","1","0","0","0","1","0","0"
"POINT (10.141577276000021 53.570500525000057)","Unfall 124982 (2018) Kat:3, Licht: 0","124982","3","3","5","04","08","4","1","0","1","1","0","0"
"POINT (10.030302266000035 53.559363991000055)","Unfall 124983 (2018) Kat:3, Licht: 0","124983","3","7","0","05","16","6","0","0","1","0","0","0"
"POINT (10.099274332000050 53.569407430000069)","Unfall 124984 (2018) Kat:3, Licht: 0","124984","3","3","5","04","08","4","1","0","1","1","0","0"
"POINT (9.970200401000056 53.550090253000064)","Unfall 124985 (2018) Kat:3, Licht: 0","124985","3","6","2","05","17","4","0","0","0","1","0","0"
"POINT (9.896977848000063 53.609043072000077)","Unfall 124986 (2018) Kat:3, Licht: 0","124986","3","5","1","05","11","3","0","0","1","1","0","0"
"POINT (10.064001410000060 53.597163092000073)","Unfall 124987 (2018) Kat:2, Licht: 0","124987","2","6","3","04","09","4","1","0","0","1","0","1"
"POINT (9.978071398000054 53.593979579000063)","Unfall 124988 (2018) Kat:3, Licht: 0","124988","3","5","1","05","06","2","0","0","1","1","0","0"
"POINT (10.099088568000070 53.643424797000080)","Unfall 124989 (2018) Kat:3, Licht: 0","124989","3","3","5","04","15","4","0","0","1","1","0","0"
"POINT (10.032482002000052 53.635357513000031)","Unfall 124990 (2018) Kat:3, Licht: 0","124990","3","3","5","05","19","2","0","0","0","1","0","0"
"POINT (9.986428382000042 53.547840791000056)","Unfall 124991 (2018) Kat:3, Licht: 0","124991","3","2","5","05","11","1","0","0","0","1","0","1"
"POINT (9.892962545000046 53.557095199000059)","Unfall 124992 (2018) Kat:3, Licht: 0","124992","3","3","5","05","13","7","0","0","0","1","0","0"
"POINT (10.101757584000040 53.652304293000043)","Unfall 124993 (2018) Kat:3, Licht: 0","124993","3","3","5","04","13","4","0","0","0","1","0","0"
"POINT (10.049114437000071 53.646729014000073)","Unfall 124994 (2018) Kat:3, Licht: 1","124994","3","3","5","04","20","4","0","1","0","1","0","0"
"POINT (10.031377325000051 53.539134453000031)","Unfall 124995 (2018) Kat:2, Licht: 0","124995","2","3","5","05","18","2","0","0","1","1","0","0"
"POINT (10.009219140000027 53.585081398000057)","Unfall 124996 (2018) Kat:3, Licht: 0","124996","3","2","3","05","11","1","0","0","0","1","0","1"
"POINT (10.145980882000060 53.648761116000060)","Unfall 124997 (2018) Kat:3, Licht: 0","124997","3","2","0","04","08","4","1","0","1","1","0","0"
"POINT (9.873483787000055 53.547181957000078)","Unfall 124998 (2018) Kat:3, Licht: 0","124998","3","6","2","05","10","6","0","0","0","1","0","0"
"POINT (10.064908914000057 53.669198990000041)","Unfall 124999 (2018) Kat:3, Licht: 0","124999","3","6","2","04","07","4","1","0","0","1","0","0"
"POINT (10.192009355000039 53.604640424000081)","Unfall 125000 (2018) Kat:2, Licht: 0","125000","2","1","8","05","13","3","0","0","0","1","0","0"
"POINT (10.168392088000076 53.647650253000052)","Unfall 125001 (2018) Kat:3, Licht: 2","125001","3","3","5","04","00","4","1","2","0","1","0","0"
"POINT (9.956405276000055 53.581270085000028)","Unfall 125002 (2018) Kat:3, Licht: 0","125002","3","6","2","05","17","3","0","0","0","1","0","0"
"POINT (10.015508663000048 53.591666947000078)","Unfall 125003 (2018) Kat:3, Licht: 0","125003","3","7","0","05","09","2","0","0","1","1","0","0"
"POINT (9.811281205000057 53.560616507000077)","Unfall 125004 (2018) Kat:3, Licht: 0","125004","3","4","6","04","07","4","1","0","0","1","1","0"
"POINT (9.979265130000044 53.547811498000044)","Unfall 125005 (2018) Kat:3, Licht: 0","125005","3","4","6","05","19","2","0","0","0","1","1","0"
"POINT (9.856960628000024 53.598118040000031)","Unfall 125006 (2018) Kat:3, Licht: 0","125006","3","3","5","04","16","4","0","0","0","1","0","0"
"POINT (10.055065766000041 53.591819836000070)","Unfall 125007 (2018) Kat:3, Licht: 0","125007","3","3","5","05","14","1","0","0","0","1","0","0"
"POINT (10.042343394000056 53.537869561000036)","Unfall 125008 (2018) Kat:3, Licht: 0","125008","3","5","1","05","15","7","0","0","0","1","0","0"
"POINT (9.991512449000027 53.589361902000064)","Unfall 125009 (2018) Kat:2, Licht: 0","125009","2","3","5","04","10","4","0","0","1","1","0","0"
"POINT (9.907338755000069 53.513150038000049)","Unfall 125010 (2018) Kat:3, Licht: 0","125010","3","6","3","04","11","3","0","0","0","1","0","0"
"POINT (9.921819791000075 53.546159240000065)","Unfall 125011 (2018) Kat:3, Licht: 0","125011","3","6","2","05","19","5","0","0","0","1","0","0"
"POINT (10.063524972000039 53.554191566000043)","Unfall 125012 (2018) Kat:3, Licht: 0","125012","3","3","5","05","17","6","0","0","0","1","0","0"
"POINT (9.991225180000072 53.454597717000070)","Unfall 125013 (2018) Kat:3, Licht: 0","125013","3","3","2","04","14","3","1","0","1","1","0","0"
"POINT (9.954770111000073 53.622651502000053)","Unfall 125014 (2018) Kat:2, Licht: 0","125014","2","2","4","05","08","3","0","0","0","1","0","0"
"POINT (9.992503277000026 53.508896639000056)","Unfall 125015 (2018) Kat:3, Licht: 0","125015","3","6","2","05","20","3","0","0","0","1","0","0"
"POINT (10.161721646000046 53.590897587000029)","Unfall 125016 (2018) Kat:2, Licht: 0","125016","2","3","4","05","18","3","0","0","0","1","0","1"
"POINT (10.020820104000052 53.530196628000056)","Unfall 125017 (2018) Kat:3, Licht: 0","125017","3","1","8","05","19","3","0","0","0","1","0","0"
"POINT (10.084927860000050 53.603144137000072)","Unfall 125018 (2018) Kat:3, Licht: 0","125018","3","3","5","05","17","2","0","0","1","0","0","0"
"POINT (10.003752096000028 53.502454045000036)","Unfall 125019 (2018) Kat:3, Licht: 0","125019","3","3","5","05","16","3","0","0","0","1","0","1"
"POINT (10.213166647000037 53.485934028000031)","Unfall 125020 (2018) Kat:3, Licht: 0","125020","3","7","0","05","15","3","0","0","1","1","0","0"
"POINT (9.878842049000070 53.533045525000034)","Unfall 125021 (2018) Kat:3, Licht: 0","125021","3","3","5","06","18","6","0","0","1","1","0","0"
"POINT (10.006810561000066 53.648380959000065)","Unfall 125022 (2018) Kat:3, Licht: 0","125022","3","6","2","05","12","7","0","0","0","1","0","0"
"POINT (10.074203529000044 53.533328949000065)","Unfall 125023 (2018) Kat:3, Licht: 0","125023","3","2","5","05","17","3","0","0","1","0","0","0"
"POINT (10.017850451000072 53.549645613000052)","Unfall 125024 (2018) Kat:3, Licht: 0","125024","3","6","1","05","19","3","0","0","0","1","0","0"
"POINT (10.078193792000036 53.530283125000039)","Unfall 125025 (2018) Kat:3, Licht: 0","125025","3","7","5","05","17","4","0","0","0","1","0","0"
"POINT (10.083363660000032 53.576862609000045)","Unfall 125026 (2018) Kat:3, Licht: 0","125026","3","6","2","05","08","5","0","0","0","1","0","0"
"POINT (9.874816330000044 53.477318573000048)","Unfall 125027 (2018) Kat:3, Licht: 0","125027","3","2","3","05","07","5","0","0","1","0","0","0"
"POINT (9.997223513000051 53.654677679000031)","Unfall 125028 (2018) Kat:3, Licht: 0","125028","3","6","6","05","17","5","0","0","0","0","1","0"
"POINT (10.038935822000042 53.541075313000078)","Unfall 125029 (2018) Kat:3, Licht: 0","125029","3","6","2","05","16","3","0","0","0","1","0","0"
"POINT (9.929310332000057 53.605159349000076)","Unfall 125030 (2018) Kat:2, Licht: 0","125030","2","3","5","05","12","3","0","0","0","1","0","0"
"POINT (10.044669768000063 53.557349759000033)","Unfall 125031 (2018) Kat:3, Licht: 0","125031","3","7","0","05","14","3","0","0","1","0","0","0"
"POINT (9.830415891000030 53.557552798000074)","Unfall 125032 (2018) Kat:3, Licht: 0","125032","3","7","8","05","12","2","0","0","0","1","0","0"
"POINT (10.119408247000024 53.604441062000035)","Unfall 125033 (2018) Kat:3, Licht: 0","125033","3","3","5","05","15","3","0","0","1","0","0","0"
"POINT (10.167687816000068 53.657046660000049)","Unfall 125034 (2018) Kat:3, Licht: 0","125034","3","3","5","06","08","6","0","0","0","1","0","0"
"POINT (10.061979290000068 53.570798901000046)","Unfall 125035 (2018) Kat:3, Licht: 2","125035","3","5","5","05","23","6","0","2","0","1","0","0"
"POINT (10.118785897000066 53.606676379000078)","Unfall 125036 (2018) Kat:2, Licht: 0","125036","2","6","2","05","11","3","0","0","0","1","0","0"
"POINT (10.103718801000070 53.575306960000034)","Unfall 125037 (2018) Kat:2, Licht: 0","125037","2","2","3","05","09","3","0","0","0","0","0","1"
"POINT (10.106668987000035 53.605878960000041)","Unfall 125038 (2018) Kat:2, Licht: 0","125038","2","2","4","05","05","3","0","0","0","1","0","0"
"POINT (10.102621974000044 53.556304226000066)","Unfall 125039 (2018) Kat:3, Licht: 1","125039","3","3","5","06","20","6","1","1","0","1","0","0"
"POINT (9.979857201000073 53.457483158000059)","Unfall 125040 (2018) Kat:3, Licht: 0","125040","3","6","3","05","16","6","0","0","1","1","0","0"
"POINT (10.141640484000050 53.583971814000051)","Unfall 125041 (2018) Kat:3, Licht: 0","125041","3","6","2","05","11","3","0","0","0","1","0","0"
"POINT (9.919940736000058 53.515462211000056)","Unfall 125042 (2018) Kat:3, Licht: 0","125042","3","6","2","05","13","5","0","0","0","1","0","1"
"POINT (10.076081815000066 53.589357164000035)","Unfall 125043 (2018) Kat:3, Licht: 0","125043","3","3","5","05","07","3","0","0","1","0","0","0"
"POINT (10.002339756000026 53.670126065000034)","Unfall 125044 (2018) Kat:3, Licht: 0","125044","3","7","5","05","15","3","0","0","0","1","0","0"
"POINT (10.047513691000063 53.572188532000041)","Unfall 125045 (2018) Kat:3, Licht: 0","125045","3","3","5","05","08","4","0","0","0","1","0","0"
"POINT (10.005451004000065 53.598865842000066)","Unfall 125046 (2018) Kat:3, Licht: 2","125046","3","7","5","05","23","5","0","2","0","1","0","0"
"POINT (10.021841681000069 53.566956896000079)","Unfall 125047 (2018) Kat:3, Licht: 0","125047","3","6","4","05","16","5","0","0","0","1","0","0"
"POINT (10.124032554000053 53.699155512000061)","Unfall 125048 (2018) Kat:3, Licht: 0","125048","3","7","0","05","13","3","0","0","0","1","0","0"
"POINT (9.925706031000061 53.546560927000030)","Unfall 125049 (2018) Kat:2, Licht: 2","125049","2","3","5","05","23","3","0","2","0","1","0","1"
"POINT (10.024868117000040 53.627435946000048)","Unfall 125050 (2018) Kat:3, Licht: 0","125050","3","4","6","05","16","3","0","0","0","1","1","0"
"POINT (9.897677235000060 53.571570442000052)","Unfall 125051 (2018) Kat:2, Licht: 0","125051","2","3","5","05","10","2","0","0","1","0","0","0"
"POINT (10.026417597000034 53.628242425000053)","Unfall 125052 (2018) Kat:3, Licht: 0","125052","3","6","2","05","08","3","0","0","0","1","0","0"
"POINT (9.917948400000057 53.580508947000055)","Unfall 125053 (2018) Kat:3, Licht: 0","125053","3","2","5","06","07","6","0","0","1","1","0","0"
"POINT (10.035964315000058 53.574779233000072)","Unfall 125054 (2018) Kat:2, Licht: 0","125054","2","3","5","05","18","6","0","0","1","1","0","0"
"POINT (10.000345015000050 53.595070218000046)","Unfall 125055 (2018) Kat:3, Licht: 0","125055","3","7","2","05","15","3","0","0","0","1","0","1"
"POINT (10.000941375000025 53.520097597000074)","Unfall 125056 (2018) Kat:3, Licht: 0","125056","3","6","2","05","15","3","0","0","0","1","0","0"
"POINT (9.964314640000055 53.559480876000066)","Unfall 125057 (2018) Kat:3, Licht: 0","125057","3","5","1","05","08","5","0","0","1","1","0","0"
"POINT (10.040447533000076 53.570206054000039)","Unfall 125058 (2018) Kat:3, Licht: 0","125058","3","6","2","05","17","3","0","0","0","1","0","0"
"POINT (10.037529359000075 53.552453604000050)","Unfall 125059 (2018) Kat:3, Licht: 0","125059","3","6","3","05","11","2","0","0","0","0","0","1"
"POINT (9.945378247000065 53.557102524000072)","Unfall 125060 (2018) Kat:3, Licht: 0","125060","3","3","5","05","18","4","0","0","1","1","0","0"
"POINT (9.925129748000074 53.567679699000053)","Unfall 125061 (2018) Kat:2, Licht: 0","125061","2","6","3","05","13","5","0","0","1","0","0","0"
"POINT (10.018787581000026 53.564959035000072)","Unfall 125062 (2018) Kat:3, Licht: 0","125062","3","6","3","05","12","3","0","0","0","1","0","0"
"POINT (9.902417227000058 53.513611908000030)","Unfall 125063 (2018) Kat:3, Licht: 0","125063","3","6","2","05","15","2","0","0","0","1","0","0"
"POINT (9.947486485000070 53.582977670000048)","Unfall 125064 (2018) Kat:2, Licht: 0","125064","2","4","6","05","14","3","0","0","0","1","1","0"
"POINT (10.215003078000052 53.428561786000046)","Unfall 125065 (2018) Kat:3, Licht: 0","125065","3","1","8","06","19","7","0","0","0","0","0","1"
"POINT (9.966591559000051 53.565931634000037)","Unfall 125066 (2018) Kat:3, Licht: 0","125066","3","6","6","05","18","2","0","0","1","0","1","0"
"POINT (9.798049294000066 53.566089234000060)","Unfall 125067 (2018) Kat:3, Licht: 0","125067","3","2","4","05","19","3","0","0","0","1","0","0"
"POINT (9.976616867000075 53.553260360000081)","Unfall 125068 (2018) Kat:3, Licht: 0","125068","3","6","3","06","08","6","0","0","1","0","0","0"
"POINT (9.874065877000021 53.591086392000079)","Unfall 125069 (2018) Kat:3, Licht: 0","125069","3","7","0","05","17","6","0","0","0","1","0","0"
"POINT (9.885841564000032 53.594349999000030)","Unfall 125070 (2018) Kat:3, Licht: 0","125070","3","7","5","05","08","3","0","0","1","1","0","0"
"POINT (10.031784050000056 53.535483159000080)","Unfall 125071 (2018) Kat:3, Licht: 0","125071","3","3","5","05","17","3","0","0","1","1","0","0"
"POINT (9.982821404000049 53.609867907000080)","Unfall 125072 (2018) Kat:3, Licht: 0","125072","3","6","3","05","19","3","0","0","1","1","0","0"
"POINT (10.100045380000040 53.569665068000063)","Unfall 125073 (2018) Kat:3, Licht: 0","125073","3","4","6","05","19","2","0","0","1","0","1","0"
"POINT (9.973009426000033 53.612701965000042)","Unfall 125074 (2018) Kat:3, Licht: 0","125074","3","4","0","05","13","3","0","0","0","0","1","0"
"POINT (9.986091830000021 53.581228730000078)","Unfall 125075 (2018) Kat:3, Licht: 0","125075","3","2","4","05","13","3","0","0","0","1","0","0"
"POINT (9.985454532000063 53.546827164000035)","Unfall 125076 (2018) Kat:3, Licht: 0","125076","3","2","5","06","15","7","0","0","1","1","0","0"
"POINT (10.092579422000028 53.571778522000045)","Unfall 125077 (2018) Kat:3, Licht: 0","125077","3","3","5","05","10","7","0","0","0","1","0","1"
"POINT (9.963007159000028 53.560793388000036)","Unfall 125078 (2018) Kat:3, Licht: 0","125078","3","7","1","05","12","3","0","0","1","1","0","0"
"POINT (9.974840280000024 53.556511505000060)","Unfall 125079 (2018) Kat:3, Licht: 0","125079","3","2","3","05","07","3","0","0","1","1","0","0"
"POINT (10.207893388000059 53.489510716000041)","Unfall 125080 (2018) Kat:2, Licht: 0","125080","2","6","2","05","12","4","0","0","0","1","0","0"
"POINT (9.984237356000051 53.556386835000069)","Unfall 125081 (2018) Kat:3, Licht: 0","125081","3","6","3","05","19","3","0","0","0","1","0","1"
"POINT (9.911563133000072 53.617068759000063)","Unfall 125082 (2018) Kat:3, Licht: 1","125082","3","7","0","06","21","7","0","1","0","1","0","0"
"POINT (9.786911082000074 53.507798227000080)","Unfall 125083 (2018) Kat:3, Licht: 0","125083","3","1","8","05","18","7","0","0","0","0","0","1"
"POINT (10.000539842000023 53.555590986000027)","Unfall 125084 (2018) Kat:3, Licht: 0","125084","3","2","2","05","16","3","0","0","1","1","0","0"
"POINT (9.970502566000050 53.517960153000047)","Unfall 125085 (2018) Kat:2, Licht: 0","125085","2","6","2","05","21","3","0","0","0","0","0","1"
"POINT (10.191642130000048 53.495932946000039)","Unfall 125086 (2018) Kat:3, Licht: 0","125086","3","3","5","05","16","5","0","0","1","1","0","0"
"POINT (9.968849542000044 53.550043763000076)","Unfall 125087 (2018) Kat:3, Licht: 0","125087","3","6","1","05","11","6","0","0","0","1","0","0"
"POINT (10.148114782000050 53.522195737000061)","Unfall 125088 (2018) Kat:3, Licht: 0","125088","3","3","5","05","17","5","0","0","0","1","0","0"
"POINT (9.841205825000031 53.511959557000068)","Unfall 125089 (2018) Kat:3, Licht: 0","125089","3","1","8","05","16","2","0","0","0","0","0","1"
"POINT (10.011874146000025 53.624630786000068)","Unfall 125090 (2018) Kat:3, Licht: 0","125090","3","2","2","05","13","3","0","0","0","1","0","0"
"POINT (10.080178025000066 53.608319687000062)","Unfall 125091 (2018) Kat:3, Licht: 0","125091","3","6","2","05","12","3","0","0","0","1","0","0"
"POINT (9.919684872000062 53.433810388000040)","Unfall 125092 (2018) Kat:3, Licht: 0","125092","3","3","5","05","16","2","0","0","0","1","0","0"
"POINT (10.019319116000077 53.589569578000066)","Unfall 125093 (2018) Kat:3, Licht: 0","125093","3","3","5","05","09","2","0","0","1","0","0","0"
"POINT (10.108599460000050 53.559131520000051)","Unfall 125094 (2018) Kat:3, Licht: 0","125094","3","2","5","05","14","2","0","0","1","1","0","0"
"POINT (10.098959374000060 53.549978265000050)","Unfall 125095 (2018) Kat:3, Licht: 0","125095","3","4","6","05","13","2","0","0","0","1","1","0"
"POINT (10.027328802000056 53.503472428000066)","Unfall 125096 (2018) Kat:3, Licht: 1","125096","3","4","6","06","21","6","1","1","0","0","1","0"
"POINT (10.039091251000059 53.599646494000069)","Unfall 125097 (2018) Kat:3, Licht: 0","125097","3","6","1","05","13","7","0","0","0","1","0","0"
"POINT (10.083265708000056 53.555206297000041)","Unfall 125098 (2018) Kat:3, Licht: 0","125098","3","4","6","05","18","2","0","0","0","1","1","0"
"POINT (9.981698364000067 53.460522317000027)","Unfall 125099 (2018) Kat:3, Licht: 0","125099","3","7","0","05","15","4","0","0","0","1","0","0"
"POINT (10.029011085000036 53.539461015000029)","Unfall 125100 (2018) Kat:2, Licht: 0","125100","2","3","5","05","11","2","0","0","0","0","0","1"
"POINT (10.015255074000038 53.632658611000068)","Unfall 125101 (2018) Kat:3, Licht: 0","125101","3","6","2","05","07","3","0","0","0","1","0","0"
"POINT (10.057456521000063 53.531349419000037)","Unfall 125102 (2018) Kat:3, Licht: 0","125102","3","3","5","05","14","4","0","0","1","1","0","0"
"POINT (10.080594004000034 53.618995328000040)","Unfall 125103 (2018) Kat:3, Licht: 0","125103","3","2","4","05","11","5","0","0","1","1","0","0"
"POINT (9.994674138000050 53.519483526000045)","Unfall 125104 (2018) Kat:3, Licht: 0","125104","3","6","1","05","10","5","0","0","0","1","0","0"
"POINT (10.024993404000043 53.601813257000060)","Unfall 125105 (2018) Kat:3, Licht: 0","125105","3","2","4","05","10","5","0","0","0","1","0","0"
"POINT (10.104366909000021 53.573597277000033)","Unfall 125106 (2018) Kat:3, Licht: 0","125106","3","6","1","05","19","2","0","0","0","1","0","0"
"POINT (9.865060088000064 53.556878760000075)","Unfall 125107 (2018) Kat:3, Licht: 0","125107","3","2","4","05","08","3","0","0","1","0","0","0"
"POINT (10.142231733000074 53.583058600000072)","Unfall 125108 (2018) Kat:2, Licht: 0","125108","2","4","6","05","19","5","0","0","0","1","1","0"
"POINT (10.012819996000076 53.558585912000069)","Unfall 125109 (2018) Kat:3, Licht: 0","125109","3","7","6","05","19","5","0","0","0","1","1","0"
"POINT (9.878090773000054 53.475509678000037)","Unfall 125110 (2018) Kat:3, Licht: 0","125110","3","3","5","05","17","5","0","0","1","0","0","0"
"POINT (10.149405603000048 53.615635072000032)","Unfall 125111 (2018) Kat:2, Licht: 0","125111","2","3","5","05","09","5","0","0","1","1","0","0"
"POINT (10.153836463000061 53.614596237000057)","Unfall 125112 (2018) Kat:3, Licht: 0","125112","3","2","2","05","19","2","0","0","0","1","0","0"
"POINT (10.004585515000031 53.588671784000041)","Unfall 125113 (2018) Kat:3, Licht: 2","125113","3","6","3","05","22","3","0","2","1","1","0","0"
"POINT (10.158054295000056 53.588445115000070)","Unfall 125114 (2018) Kat:3, Licht: 0","125114","3","7","5","05","14","2","0","0","1","1","0","0"
"POINT (10.043586835000042 53.595747700000061)","Unfall 125115 (2018) Kat:3, Licht: 0","125115","3","7","9","05","17","2","0","0","0","1","0","0"
"POINT (10.066410442000063 53.639700265000045)","Unfall 125116 (2018) Kat:2, Licht: 2","125116","2","6","3","05","22","2","0","2","1","1","0","0"
"POINT (10.135420838000073 53.573653451000041)","Unfall 125117 (2018) Kat:3, Licht: 0","125117","3","6","0","06","11","6","0","0","0","1","0","0"
"POINT (10.109345482000037 53.528840597000055)","Unfall 125118 (2018) Kat:3, Licht: 0","125118","3","2","4","05","07","6","0","0","1","1","0","0"
"POINT (10.156665793000059 53.639248764000058)","Unfall 125119 (2018) Kat:2, Licht: 0","125119","2","4","6","05","18","2","0","0","0","1","1","0"
"POINT (9.982511829000032 53.429424909000033)","Unfall 125120 (2018) Kat:2, Licht: 0","125120","2","3","0","05","08","4","0","0","0","1","0","0"
"POINT (10.094876794000072 53.639223284000082)","Unfall 125121 (2018) Kat:3, Licht: 0","125121","3","2","4","05","16","2","0","0","0","1","0","0"
"POINT (10.050862939000069 53.572199246000082)","Unfall 125122 (2018) Kat:3, Licht: 0","125122","3","7","1","05","16","4","0","0","0","1","0","0"
"POINT (9.900809896000055 53.610378286000071)","Unfall 125123 (2018) Kat:3, Licht: 0","125123","3","6","2","05","14","5","0","0","0","1","0","0"
"POINT (9.887237727000070 53.565141705000030)","Unfall 125124 (2018) Kat:3, Licht: 0","125124","3","2","0","05","14","5","0","0","0","1","0","0"
"POINT (10.085508178000055 53.657020560000035)","Unfall 125125 (2018) Kat:2, Licht: 0","125125","2","4","6","05","16","2","0","0","0","1","1","0"
"POINT (9.971153761000039 53.557197168000073)","Unfall 125126 (2018) Kat:3, Licht: 0","125126","3","6","2","05","08","3","0","0","0","1","0","1"
"POINT (10.005571633000045 53.648639324000044)","Unfall 125127 (2018) Kat:2, Licht: 0","125127","2","7","0","05","18","2","0","0","0","0","0","1"
"POINT (9.955952131000061 53.570229951000044)","Unfall 125128 (2018) Kat:3, Licht: 2","125128","3","6","2","06","03","1","1","2","0","1","0","0"
"POINT (9.918358238000053 53.570830714000067)","Unfall 125129 (2018) Kat:3, Licht: 0","125129","3","2","4","05","07","2","0","0","1","0","0","0"
"POINT (10.021188890000076 53.668733844000030)","Unfall 125130 (2018) Kat:3, Licht: 0","125130","3","6","3","05","15","2","0","0","1","1","0","0"
"POINT (9.987844462000055 53.582008835000067)","Unfall 125131 (2018) Kat:3, Licht: 2","125131","3","3","5","06","23","6","1","2","1","1","0","0"