WKT,Name,OBJECTID,UKATEGORIE,UTYP1,UART,UMONAT,USTUNDE,UWOCHENTAG,STRZUSTAND,ULICHTVERH,ISTRAD,ISTPKW,ISTFUSS,ISTKRAD
"POINT (10.005565714000056 53.606256206000069)","Unfall 125132 (2018) Kat:3, Licht: 0","125132","3","3","5","05","20","2","0","0","0","1","0","0"
"POINT (9.890037827000072 53.601566538000043)","Unfall 125133 (2018) Kat:3, Licht: 0","125133","3","6","2","05","17","2","0","0","0","1","0","0"
"POINT (10.055483247000041 53.570781657000055)","Unfall 125134 (2018) Kat:3, Licht: 0","125134","3","3","5","05","17","2","0","0","0","1","0","0"
"POINT (10.049106019000021 53.578683594000040)","Unfall 125135 (2018) Kat:3, Licht: 0","125135","3","3","5","06","18","6","0","0","0","1","0","1"
"POINT (10.091312119000065 53.639122666000048)","Unfall 125136 (2018) Kat:3, Licht: 0","125136","3","3","5","05","17","6","0","0","1","1","0","0"
"POINT (10.042326757000069 53.565374584000040)","Unfall 125137 (2018) Kat:3, Licht: 0","125137","3","3","5","05","15","2","0","0","0","1","0","0"
"POINT (9.980779314000074 53.577607257000068)","Unfall 125138 (2018) Kat:3, Licht: 0","125138","3","4","6","05","07","4","0","0","1","0","1","0"
"POINT (9.927781841000069 53.548925041000075)","Unfall 125139 (2018) Kat:3, Licht: 0","125139","3","3","5","05","08","5","0","0","1","1","0","0"
"POINT (10.046287477000021 53.587418308000053)","Unfall 125140 (2018) Kat:3, Licht: 0","125140","3","1","0","05","13","2","0","0","0","1","0","0"
"POINT (9.997482567000077 53.480217800000048)","Unfall 125141 (2018) Kat:3, Licht: 0","125141","3","6","3","05","14","2","0","0","0","1","0","0"
"POINT (9.826070167000069 53.568182060000026)","Unfall 125142 (2018) Kat:3, Licht: 0","125142","3","5","1","05","13","2","0","0","1","1","0","0"
"POINT (10.158671029000061 53.646446657000070)","Unfall 125143 (2018) Kat:3, Licht: 0","125143","3","6","1","06","13","7","0","0","0","1","0","0"
"POINT (10.145113827000046 53.529799476000051)","Unfall 125144 (2018) Kat:3, Licht: 0","125144","3","7","0","05","14","1","0","0","0","0","0","0"
"POINT (9.937008576000039 53.552432444000033)","Unfall 125145 (2018) Kat:3, Licht: 0","125145","3","7","0","05","14","2","0","0","0","1","0","0"
"POINT (10.158276423000075 53.449383148000038)","Unfall 125146 (2018) Kat:3, Licht: 0","125146","3","7","8","05","11","4","0","0","0","1","0","0"
"POINT (9.989080821000073 53.558293768000055)","Unfall 125147 (2018) Kat:3, Licht: 0","125147","3","7","0","05","09","5","0","0","0","0","0","0"
"POINT (9.875050272000067 53.477322178000065)","Unfall 125148 (2018) Kat:3, Licht: 0","125148","3","2","5","05","11","5","0","0","0","1","0","0"
"POINT (9.970714206000025 53.591199652000057)","Unfall 125149 (2018) Kat:2, Licht: 0","125149","2","7","5","05","10","6","0","0","1","1","0","0"
"POINT (9.947756812000023 53.560819787000071)","Unfall 125150 (2018) Kat:3, Licht: 0","125150","3","6","3","05","12","2","0","0","0","1","0","0"
"POINT (10.101760486000046 53.581760657000075)","Unfall 125151 (2018) Kat:3, Licht: 0","125151","3","3","0","05","17","3","0","0","1","0","0","0"
"POINT (9.887671563000026 53.619742691000056)","Unfall 125152 (2018) Kat:3, Licht: 0","125152","3","3","5","05","13","6","0","0","0","1","0","1"
"POINT (9.983709193000038 53.557766388000061)","Unfall 125153 (2018) Kat:3, Licht: 0","125153","3","2","5","05","17","2","0","0","0","1","0","0"
"POINT (10.187112661000072 53.507982674000061)","Unfall 125154 (2018) Kat:3, Licht: 0","125154","3","7","0","05","10","3","0","0","0","0","0","0"
"POINT (9.963458518000039 53.560186312000042)","Unfall 125155 (2018) Kat:3, Licht: 0","125155","3","5","1","05","14","5","0","0","1","1","0","0"
"POINT (9.907143495000071 53.496093053000038)","Unfall 125156 (2018) Kat:3, Licht: 0","125156","3","6","4","05","16","1","0","0","1","0","0","0"
"POINT (10.128203593000023 53.627771728000027)","Unfall 125157 (2018) Kat:3, Licht: 0","125157","3","6","5","05","15","2","0","0","0","1","0","0"
"POINT (9.830441885000028 53.530519156000082)","Unfall 125158 (2018) Kat:3, Licht: 0","125158","3","1","8","05","16","1","0","0","0","0","0","1"
"POINT (9.925922915000058 53.571646703000056)","Unfall 125159 (2018) Kat:3, Licht: 2","125159","3","3","5","06","00","7","1","2","1","1","0","0"
"POINT (10.095780447000038 53.550972429000069)","Unfall 125160 (2018) Kat:3, Licht: 0","125160","3","6","2","05","12","7","0","0","0","1","0","0"
"POINT (9.955138004000048 53.455901254000082)","Unfall 125161 (2018) Kat:2, Licht: 0","125161","2","6","2","05","07","1","0","0","0","1","0","0"
"POINT (9.984091830000068 53.457198864000077)","Unfall 125162 (2018) Kat:3, Licht: 0","125162","3","7","0","05","19","1","0","0","0","0","0","1"
"POINT (10.124563533000071 53.530816721000065)","Unfall 125163 (2018) Kat:3, Licht: 0","125163","3","1","8","05","11","4","0","0","0","1","0","0"
"POINT (9.959708113000033 53.456743985000060)","Unfall 125164 (2018) Kat:3, Licht: 0","125164","3","6","2","05","10","4","0","0","0","1","0","0"
"POINT (10.049622813000042 53.553427912000075)","Unfall 125165 (2018) Kat:3, Licht: 0","125165","3","3","5","05","17","5","0","0","1","0","0","0"
"POINT (9.995453238000039 53.550599186000056)","Unfall 125166 (2018) Kat:3, Licht: 0","125166","3","4","6","05","10","6","0","0","1","0","1","0"
"POINT (10.108463403000030 53.537442565000049)","Unfall 125167 (2018) Kat:3, Licht: 0","125167","3","2","5","05","10","5","0","0","1","1","0","0"
"POINT (10.087227991000077 53.511484531000065)","Unfall 125168 (2018) Kat:3, Licht: 0","125168","3","2","5","05","18","1","0","0","0","1","0","1"
"POINT (10.003731347000041 53.658471946000077)","Unfall 125169 (2018) Kat:3, Licht: 0","125169","3","2","4","05","14","3","0","0","0","1","0","0"
"POINT (10.059528355000054 53.665166600000077)","Unfall 125170 (2018) Kat:3, Licht: 0","125170","3","3","5","05","19","3","0","0","1","1","0","0"
"POINT (10.168274637000025 53.478019905000053)","Unfall 125171 (2018) Kat:3, Licht: 0","125171","3","7","6","05","13","1","0","0","0","1","1","0"
"POINT (10.045572165000067 53.589141440000049)","Unfall 125172 (2018) Kat:3, Licht: 0","125172","3","6","3","05","08","2","0","0","0","1","0","0"
"POINT (10.192939345000070 53.511783033000029)","Unfall 125173 (2018) Kat:2, Licht: 2","125173","2","4","6","05","01","1","0","2","0","1","1","0"
"POINT (10.083452817000023 53.549979881000070)","Unfall 125174 (2018) Kat:3, Licht: 0","125174","3","3","5","05","15","4","0","0","0","1","0","0"
"POINT (10.127792899000042 53.538843678000035)","Unfall 125175 (2018) Kat:3, Licht: 0","125175","3","6","1","06","08","6","0","0","0","1","0","0"
"POINT (9.983473290000063 53.544576703000075)","Unfall 125176 (2018) Kat:3, Licht: 2","125176","3","6","4","05","22","7","0","2","1","0","1","0"
"POINT (10.123299178000025 53.538511388000074)","Unfall 125177 (2018) Kat:3, Licht: 0","125177","3","2","4","05","09","1","0","0","0","1","0","0"
"POINT (10.155608024000060 53.628410295000037)","Unfall 125178 (2018) Kat:3, Licht: 0","125178","3","4","6","05","13","1","0","0","0","1","1","0"
"POINT (10.075873733000037 53.566903155000034)","Unfall 125179 (2018) Kat:2, Licht: 0","125179","2","3","5","05","07","2","0","0","1","0","0","0"
"POINT (10.070727040000065 53.604950768000037)","Unfall 125180 (2018) Kat:3, Licht: 0","125180","3","3","5","05","10","1","0","0","1","1","0","0"
"POINT (10.117701111000031 53.680645746000039)","Unfall 125181 (2018) Kat:2, Licht: 0","125181","2","6","2","05","18","1","0","0","1","0","0","0"
"POINT (10.017226973000049 53.554824861000043)","Unfall 125182 (2018) Kat:3, Licht: 0","125182","3","7","1","06","14","7","0","0","0","1","0","0"
"POINT (10.060883286000035 53.648911693000059)","Unfall 125183 (2018) Kat:3, Licht: 0","125183","3","6","3","05","12","7","0","0","0","1","0","1"
"POINT (10.002033799000060 53.673376703000031)","Unfall 125184 (2018) Kat:3, Licht: 0","125184","3","7","8","05","13","1","0","0","0","1","0","0"
"POINT (10.033372253000039 53.620991326000080)","Unfall 125185 (2018) Kat:3, Licht: 0","125185","3","6","2","05","13","1","0","0","0","1","0","0"
"POINT (10.041590684000028 53.540615739000032)","Unfall 125186 (2018) Kat:3, Licht: 0","125186","3","2","6","05","15","4","0","0","0","1","1","0"
"POINT (10.196024182000031 53.476290296000059)","Unfall 125187 (2018) Kat:3, Licht: 0","125187","3","3","5","05","08","4","0","0","0","1","0","0"
"POINT (10.101643376000027 53.597430496000072)","Unfall 125188 (2018) Kat:3, Licht: 0","125188","3","4","6","05","17","5","0","0","0","1","1","0"
"POINT (9.851070478000054 53.536624110000048)","Unfall 125189 (2018) Kat:3, Licht: 0","125189","3","3","5","05","13","5","0","0","1","0","0","1"
"POINT (10.152477974000021 53.637973594000073)","Unfall 125190 (2018) Kat:2, Licht: 0","125190","2","5","1","05","12","5","0","0","0","1","0","0"
"POINT (10.001638873000047 53.580896560000042)","Unfall 125191 (2018) Kat:3, Licht: 0","125191","3","3","6","05","14","1","0","0","1","0","1","0"
"POINT (10.038669189000075 53.597913604000041)","Unfall 125192 (2018) Kat:3, Licht: 0","125192","3","5","1","05","16","3","0","0","1","1","0","0"
"POINT (9.859301294000034 53.582798980000064)","Unfall 125193 (2018) Kat:3, Licht: 2","125193","3","1","8","05","00","1","0","2","0","1","0","0"
"POINT (9.894373796000025 53.604043484000044)","Unfall 125194 (2018) Kat:3, Licht: 0","125194","3","3","5","05","09","2","0","0","1","1","0","0"
"POINT (9.951531147000026 53.618272806000050)","Unfall 125195 (2018) Kat:3, Licht: 0","125195","3","7","3","05","16","1","0","0","0","1","0","0"
"POINT (10.033613429000070 53.619997332000082)","Unfall 125196 (2018) Kat:3, Licht: 0","125196","3","2","5","05","17","4","0","0","1","0","0","0"
"POINT (10.080736456000068 53.619347376000064)","Unfall 125197 (2018) Kat:3, Licht: 0","125197","3","7","1","06","13","6","0","0","0","1","0","1"
"POINT (10.118970500000046 53.617447355000081)","Unfall 125198 (2018) Kat:3, Licht: 0","125198","3","6","5","05","08","6","0","0","1","0","0","0"
"POINT (9.968009857000027 53.557360292000055)","Unfall 125199 (2018) Kat:3, Licht: 0","125199","3","3","3","05","20","1","0","0","1","1","0","0"
"POINT (10.015476795000041 53.518763795000041)","Unfall 125200 (2018) Kat:3, Licht: 2","125200","3","2","5","05","21","7","0","2","1","1","0","0"
"POINT (10.098230499000067 53.691921349000040)","Unfall 125201 (2018) Kat:3, Licht: 0","125201","3","3","5","05","07","4","0","0","1","1","0","0"
"POINT (9.870003976000021 53.599739520000071)","Unfall 125202 (2018) Kat:3, Licht: 0","125202","3","3","5","05","12","4","0","0","1","0","0","0"
"POINT (9.877993379000031 53.559083454000074)","Unfall 125203 (2018) Kat:3, Licht: 0","125203","3","3","5","05","15","5","0","0","1","1","0","0"
"POINT (9.986199379000027 53.555666090000045)","Unfall 125204 (2018) Kat:3, Licht: 0","125204","3","2","4","05","11","5","0","0","0","1","0","1"
"POINT (10.130087864000075 53.535559812000031)","Unfall 125205 (2018) Kat:3, Licht: 2","125205","3","7","5","05","22","7","0","2","0","1","0","0"
"POINT (10.082122692000041 53.557451266000044)","Unfall 125206 (2018) Kat:3, Licht: 0","125206","3","7","3","05","09","7","0","0","0","1","0","0"
"POINT (10.002196397000034 53.595841432000043)","Unfall 125207 (2018) Kat:3, Licht: 0","125207","3","7","6","05","12","4","0","0","0","1","1","0"
"POINT (10.129143940000063 53.651025095000080)","Unfall 125208 (2018) Kat:3, Licht: 0","125208","3","6","2","05","17","5","0","0","1","1","0","0"
"POINT (10.043025075000060 53.597006357000055)","Unfall 125209 (2018) Kat:3, Licht: 0","125209","3","7","0","05","17","5","0","0","0","1","0","0"
"POINT (10.184203653000054 53.593940007000072)","Unfall 125210 (2018) Kat:3, Licht: 2","125210","3","6","4","05","00","7","0","2","0","1","0","0"
"POINT (9.917660043000069 53.548546623000050)","Unfall 125211 (2018) Kat:3, Licht: 0","125211","3","3","5","05","20","3","0","0","1","0","0","0"
"POINT (10.168513087000065 53.647593824000069)","Unfall 125212 (2018) Kat:3, Licht: 0","125212","3","6","2","05","14","7","0","0","0","1","0","0"
"POINT (9.909314479000045 53.548439039000073)","Unfall 125213 (2018) Kat:3, Licht: 0","125213","3","3","5","05","07","2","0","0","1","1","0","0"
"POINT (10.086727961000065 53.661975729000062)","Unfall 125214 (2018) Kat:3, Licht: 0","125214","3","7","0","05","10","7","0","0","0","0","0","1"
"POINT (10.044281541000032 53.593534141000077)","Unfall 125215 (2018) Kat:3, Licht: 0","125215","3","3","5","05","06","4","0","0","0","1","0","0"
"POINT (9.864504433000036 53.559068558000035)","Unfall 125216 (2018) Kat:2, Licht: 0","125216","2","3","5","06","13","6","0","0","1","1","0","0"
"POINT (10.009860003000028 53.584033181000052)","Unfall 125217 (2018) Kat:3, Licht: 0","125217","3","5","1","05","12","6","0","0","1","1","0","0"
"POINT (10.010545860000036 53.623903790000043)","Unfall 125218 (2018) Kat:3, Licht: 0","125218","3","3","5","05","11","7","0","0","0","1","0","0"
"POINT (9.960349633000021 53.456320914000059)","Unfall 125219 (2018) Kat:2, Licht: 1","125219","2","4","6","05","21","3","0","1","0","1","1","0"
"POINT (9.970465929000056 53.568105188000061)","Unfall 125220 (2018) Kat:3, Licht: 0","125220","3","6","6","05","09","5","0","0","1","0","1","0"
"POINT (9.861145588000056 53.569975564000060)","Unfall 125221 (2018) Kat:3, Licht: 0","125221","3","7","6","05","17","7","0","0","0","1","1","0"
"POINT (10.036869874000047 53.557417397000052)","Unfall 125222 (2018) Kat:3, Licht: 0","125222","3","3","6","05","08","2","0","0","1","0","1","0"
"POINT (9.949121583000022 53.558657455000059)","Unfall 125223 (2018) Kat:3, Licht: 0","125223","3","4","6","05","19","7","0","0","0","1","1","0"
"POINT (10.017798962000029 53.561361930000032)","Unfall 125224 (2018) Kat:3, Licht: 0","125224","3","5","9","06","16","7","0","0","0","1","0","0"
"POINT (9.948628314000075 53.573570836000044)","Unfall 125225 (2018) Kat:3, Licht: 2","125225","3","3","5","05","04","1","0","2","0","1","0","0"
"POINT (9.968005347000030 53.557360340000059)","Unfall 125226 (2018) Kat:3, Licht: 0","125226","3","3","5","05","12","7","0","0","0","1","0","0"
"POINT (9.981641106000041 53.467260754000051)","Unfall 125227 (2018) Kat:3, Licht: 0","125227","3","3","5","05","06","3","0","0","0","1","0","1"
"POINT (10.090967619000025 53.507003282000028)","Unfall 125228 (2018) Kat:3, Licht: 0","125228","3","3","5","05","13","6","0","0","0","0","0","1"
"POINT (10.009409563000077 53.556033689000060)","Unfall 125229 (2018) Kat:3, Licht: 0","125229","3","5","1","06","07","1","0","0","1","1","0","0"
"POINT (9.984239954000032 53.583587836000049)","Unfall 125230 (2018) Kat:3, Licht: 0","125230","3","6","2","05","20","2","0","0","0","1","0","1"
"POINT (10.097116936000077 53.541988579000076)","Unfall 125231 (2018) Kat:2, Licht: 2","125231","2","3","5","05","22","6","0","2","0","1","0","1"
"POINT (10.042215007000038 53.598114570000064)","Unfall 125232 (2018) Kat:3, Licht: 0","125232","3","6","2","05","13","4","0","0","0","1","0","0"
"POINT (9.991772704000027 53.555527226000038)","Unfall 125233 (2018) Kat:3, Licht: 0","125233","3","7","6","06","20","6","0","0","1","0","1","0"
"POINT (9.874543493000033 53.590002946000027)","Unfall 125234 (2018) Kat:1, Licht: 0","125234","1","2","6","05","15","6","0","0","0","1","1","0"
"POINT (10.165603154000053 53.601767159000076)","Unfall 125235 (2018) Kat:3, Licht: 0","125235","3","3","5","05","18","6","0","0","1","0","0","0"
"POINT (10.110308335000070 53.539285959000040)","Unfall 125236 (2018) Kat:3, Licht: 0","125236","3","6","3","05","10","3","0","0","0","1","0","1"
"POINT (9.875134084000024 53.476982364000037)","Unfall 125237 (2018) Kat:3, Licht: 0","125237","3","6","4","05","14","4","0","0","0","1","0","0"
"POINT (10.137057944000048 53.635680010000044)","Unfall 125238 (2018) Kat:3, Licht: 0","125238","3","7","0","05","14","6","0","0","1","0","0","0"
"POINT (10.144296487000076 53.583973163000053)","Unfall 125239 (2018) Kat:2, Licht: 0","125239","2","4","6","05","16","2","0","0","0","0","1","1"
"POINT (10.123750805000043 53.611691677000067)","Unfall 125240 (2018) Kat:3, Licht: 0","125240","3","6","1","05","18","6","0","0","0","1","0","0"
"POINT (10.069912400000021 53.575494734000074)","Unfall 125241 (2018) Kat:3, Licht: 0","125241","3","7","0","05","19","6","0","0","1","0","0","0"
"POINT (10.000749965000068 53.555545261000077)","Unfall 125242 (2018) Kat:3, Licht: 2","125242","3","3","5","06","22","7","1","2","0","1","0","0"
"POINT (10.129711711000027 53.638927242000079)","Unfall 125243 (2018) Kat:3, Licht: 0","125243","3","6","2","05","13","7","0","0","0","1","0","0"
"POINT (10.034393590000036 53.618031188000032)","Unfall 125244 (2018) Kat:2, Licht: 0","125244","2","6","3","05","14","6","0","0","1","0","0","0"
"POINT (10.131285568000067 53.692773539000029)","Unfall 125245 (2018) Kat:3, Licht: 0","125245","3","3","5","05","17","6","0","0","1","1","0","0"
"POINT (10.041163925000035 53.569461835000027)","Unfall 125246 (2018) Kat:3, Licht: 0","125246","3","3","0","05","19","4","0","0","1","0","0","0"
"POINT (9.987576781000030 53.517289311000070)","Unfall 125247 (2018) Kat:3, Licht: 0","125247","3","2","5","05","17","4","0","0","1","1","0","0"
"POINT (10.050053485000035 53.554207483000027)","Unfall 125248 (2018) Kat:3, Licht: 0","125248","3","5","5","05","05","5","0","0","0","1","0","0"
"POINT (9.906523964000030 53.503073148000055)","Unfall 125249 (2018) Kat:2, Licht: 0","125249","2","1","8","05","18","5","0","0","0","0","0","1"
"POINT (10.152018516000055 53.583251668000059)","Unfall 125250 (2018) Kat:3, Licht: 0","125250","3","6","3","05","12","5","0","0","1","1","0","0"
"POINT (10.023411909000060 53.629029994000064)","Unfall 125251 (2018) Kat:3, Licht: 2","125251","3","7","7","05","23","6","0","2","0","0","0","1"
"POINT (10.000937453000063 53.615306088000068)","Unfall 125252 (2018) Kat:3, Licht: 0","125252","3","6","0","05","07","3","0","0","0","1","0","0"
"POINT (10.029600515000027 53.679549547000079)","Unfall 125253 (2018) Kat:3, Licht: 0","125253","3","5","1","05","17","6","0","0","1","1","0","0"
"POINT (10.018503679000048 53.564779134000048)","Unfall 125254 (2018) Kat:2, Licht: 0","125254","2","7","0","05","07","4","0","0","1","0","0","0"
"POINT (10.147450855000045 53.488379431000055)","Unfall 125255 (2018) Kat:3, Licht: 0","125255","3","7","6","05","18","5","0","0","0","0","1","0"
"POINT (9.954957876000037 53.548564871000053)","Unfall 125256 (2018) Kat:3, Licht: 1","125256","3","6","4","05","20","6","0","1","1","0","0","0"
"POINT (10.196643939000069 53.501622244000032)","Unfall 125257 (2018) Kat:3, Licht: 0","125257","3","3","5","05","14","5","0","0","1","1","0","0"
"POINT (10.000767116000077 53.678079214000036)","Unfall 125258 (2018) Kat:3, Licht: 0","125258","3","6","2","05","11","6","0","0","0","1","0","1"
"POINT (10.070997865000038 53.598323720000053)","Unfall 125259 (2018) Kat:3, Licht: 0","125259","3","3","5","05","12","3","0","0","1","0","0","0"
"POINT (9.994631202000051 53.596611436000046)","Unfall 125260 (2018) Kat:3, Licht: 0","125260","3","7","5","05","13","6","0","0","0","1","0","0"
"POINT (10.082512357000041 53.668954554000038)","Unfall 125261 (2018) Kat:3, Licht: 0","125261","3","7","0","05","07","2","0","0","1","1","0","0"
"POINT (9.991717192000067 53.590952346000051)","Unfall 125262 (2018) Kat:3, Licht: 0","125262","3","5","1","05","06","6","0","0","1","1","0","0"
"POINT (9.887613653000074 53.619800601000065)","Unfall 125263 (2018) Kat:3, Licht: 0","125263","3","2","4","05","18","4","0","0","1","1","0","0"
"POINT (9.934188080000070 53.547741537000036)","Unfall 125264 (2018) Kat:3, Licht: 0","125264","3","6","3","05","14","6","0","0","0","1","0","1"
"POINT (9.963073339000061 53.465371367000046)","Unfall 125265 (2018) Kat:3, Licht: 2","125265","3","1","8","06","21","6","1","2","0","1","0","0"
"POINT (10.006303740000021 53.648501175000035)","Unfall 125266 (2018) Kat:3, Licht: 0","125266","3","6","2","05","12","7","0","0","0","1","0","0"
"POINT (9.917413884000041 53.548446849000072)","Unfall 125267 (2018) Kat:3, Licht: 0","125267","3","2","4","05","11","6","0","0","1","0","0","0"
"POINT (9.987881981000044 53.556268170000067)","Unfall 125268 (2018) Kat:3, Licht: 0","125268","3","7","3","05","14","6","0","0","0","1","0","0"
"POINT (9.921883643000058 53.591438874000062)","Unfall 125269 (2018) Kat:3, Licht: 0","125269","3","3","5","05","16","4","0","0","0","1","0","0"
"POINT (10.039158877000034 53.559313655000039)","Unfall 125270 (2018) Kat:3, Licht: 0","125270","3","2","3","05","17","4","0","0","1","1","0","0"
"POINT (10.068876203000059 53.608579473000077)","Unfall 125271 (2018) Kat:3, Licht: 0","125271","3","6","2","05","12","5","0","0","0","1","0","0"
"POINT (9.988556097000071 53.465884853000034)","Unfall 125272 (2018) Kat:3, Licht: 0","125272","3","2","4","05","17","5","0","0","0","1","0","1"
"POINT (9.991084321000074 53.445257881000032)","Unfall 125273 (2018) Kat:3, Licht: 0","125273","3","6","2","05","11","5","0","0","0","1","0","0"
"POINT (10.034130483000069 53.596828170000038)","Unfall 125274 (2018) Kat:3, Licht: 0","125274","3","4","6","05","17","5","0","0","1","0","1","0"
"POINT (10.003530948000048 53.554342109000061)","Unfall 125275 (2018) Kat:3, Licht: 0","125275","3","1","9","05","18","6","0","0","0","1","0","0"
"POINT (9.921159212000021 53.597381455000061)","Unfall 125276 (2018) Kat:3, Licht: 0","125276","3","3","5","05","09","3","0","0","1","1","0","0"
"POINT (9.931427401000065 53.428987693000067)","Unfall 125277 (2018) Kat:3, Licht: 2","125277","3","7","3","05","04","5","0","2","0","1","0","0"
"POINT (9.916498152000031 53.557397612000045)","Unfall 125278 (2018) Kat:3, Licht: 0","125278","3","3","0","05","17","2","0","0","1","0","0","0"
"POINT (10.205596179000054 53.491627298000026)","Unfall 125279 (2018) Kat:3, Licht: 0","125279","3","7","0","05","11","5","0","0","1","0","0","0"
"POINT (9.914993900000070 53.582587095000065)","Unfall 125280 (2018) Kat:3, Licht: 0","125280","3","6","2","05","18","4","0","0","0","1","0","0"
"POINT (10.083211111000026 53.555299046000073)","Unfall 125281 (2018) Kat:3, Licht: 0","125281","3","6","3","05","13","5","0","0","0","1","0","0"
"POINT (10.035887243000047 53.575198090000072)","Unfall 125282 (2018) Kat:3, Licht: 0","125282","3","1","0","05","16","2","0","0","1","0","0","0"
"POINT (10.064599632000068 53.559861380000029)","Unfall 125283 (2018) Kat:3, Licht: 0","125283","3","3","5","05","11","5","0","0","1","1","0","0"
"POINT (9.980887958000039 53.584600802000068)","Unfall 125284 (2018) Kat:3, Licht: 0","125284","3","7","4","05","20","4","0","0","0","1","0","1"
"POINT (10.054104135000046 53.558742980000034)","Unfall 125285 (2018) Kat:3, Licht: 0","125285","3","4","6","06","12","6","0","0","1","0","1","0"
"POINT (10.108654285000057 53.563048084000059)","Unfall 125286 (2018) Kat:3, Licht: 0","125286","3","6","2","05","14","6","0","0","0","1","0","0"
"POINT (10.035191547000068 53.538204189000055)","Unfall 125287 (2018) Kat:3, Licht: 1","125287","3","5","8","05","04","5","0","1","0","1","0","0"
"POINT (10.058355826000025 53.552291760000060)","Unfall 125288 (2018) Kat:3, Licht: 0","125288","3","2","4","05","18","5","0","0","0","1","0","0"
"POINT (9.984998910000059 53.592578262000075)","Unfall 125289 (2018) Kat:3, Licht: 0","125289","3","5","0","05","12","4","0","0","1","1","0","0"
"POINT (10.042512499000054 53.565389674000073)","Unfall 125290 (2018) Kat:3, Licht: 0","125290","3","3","5","05","11","4","0","0","0","1","0","0"
"POINT (9.906254926000031 53.614103915000044)","Unfall 125291 (2018) Kat:3, Licht: 0","125291","3","7","3","05","19","5","0","0","0","1","0","0"
"POINT (10.037239252000063 53.600501097000063)","Unfall 125292 (2018) Kat:3, Licht: 0","125292","3","6","1","05","17","5","0","0","0","1","0","0"
"POINT (10.129332631000068 53.600242913000045)","Unfall 125293 (2018) Kat:3, Licht: 0","125293","3","2","5","05","07","5","0","0","1","1","0","0"
"POINT (9.987364970000044 53.562699770000052)","Unfall 125294 (2018) Kat:3, Licht: 0","125294","3","6","2","05","19","3","0","0","0","1","0","1"
"POINT (9.983590313000036 53.557848028000080)","Unfall 125295 (2018) Kat:3, Licht: 0","125295","3","2","3","05","10","5","0","0","1","1","0","0"
"POINT (10.112742229000048 53.624505203000069)","Unfall 125296 (2018) Kat:3, Licht: 0","125296","3","7","0","05","16","5","0","0","1","0","0","0"
"POINT (9.909548026000039 53.560127883000064)","Unfall 125297 (2018) Kat:3, Licht: 0","125297","3","3","5","05","10","2","0","0","1","1","0","0"
"POINT (10.040589154000031 53.603277661000050)","Unfall 125298 (2018) Kat:3, Licht: 2","125298","3","6","0","05","22","5","0","2","0","0","0","0"
"POINT (9.973903771000039 53.588149954000073)","Unfall 125299 (2018) Kat:3, Licht: 0","125299","3","7","0","05","15","4","0","0","0","0","0","0"
"POINT (9.943894166000064 53.551800186000037)","Unfall 125300 (2018) Kat:3, Licht: 2","125300","3","4","0","06","21","6","1","2","1","0","1","0"
"POINT (10.030645208000067 53.565961132000041)","Unfall 125301 (2018) Kat:3, Licht: 2","125301","3","7","0","05","21","6","0","2","1","0","0","0"
"POINT (10.020167743000059 53.657874942000035)","Unfall 125302 (2018) Kat:3, Licht: 0","125302","3","3","5","05","07","5","0","0","0","1","0","1"
"POINT (9.980791384000042 53.585354145000053)","Unfall 125303 (2018) Kat:3, Licht: 0","125303","3","5","1","05","08","4","0","0","1","0","0","0"
"POINT (10.200330106000024 53.499958699000047)","Unfall 125304 (2018) Kat:3, Licht: 0","125304","3","3","6","05","12","3","0","0","1","0","1","0"
"POINT (9.969078531000037 53.562423141000068)","Unfall 125305 (2018) Kat:3, Licht: 0","125305","3","3","5","05","21","5","0","0","0","1","0","1"
"POINT (10.042555968000045 53.564961024000070)","Unfall 125306 (2018) Kat:3, Licht: 0","125306","3","5","6","06","10","6","0","0","0","1","1","0"
"POINT (10.082712205000064 53.576462469000035)","Unfall 125307 (2018) Kat:3, Licht: 0","125307","3","6","1","05","07","6","0","0","0","1","0","0"
"POINT (10.043553591000034 53.581575475000079)","Unfall 125308 (2018) Kat:3, Licht: 0","125308","3","3","5","05","17","5","0","0","0","1","0","1"
"POINT (10.003966378000030 53.551549870000031)","Unfall 125309 (2018) Kat:3, Licht: 0","125309","3","7","0","05","14","4","0","0","0","0","1","0"
"POINT (9.933945861000041 53.547776361000047)","Unfall 125310 (2018) Kat:3, Licht: 0","125310","3","6","4","05","18","4","0","0","1","0","0","0"
"POINT (9.871903930000030 53.606722464000029)","Unfall 125311 (2018) Kat:3, Licht: 0","125311","3","1","9","05","10","5","0","0","0","1","0","0"
"POINT (10.035714098000028 53.574907839000048)","Unfall 125312 (2018) Kat:3, Licht: 0","125312","3","3","5","05","19","5","0","0","1","1","0","0"
"POINT (9.987585401000047 53.452172539000060)","Unfall 125313 (2018) Kat:3, Licht: 0","125313","3","6","2","05","17","2","0","0","0","1","0","1"
"POINT (9.915071146000059 53.600921792000065)","Unfall 125314 (2018) Kat:3, Licht: 0","125314","3","2","5","05","09","5","0","0","1","1","0","0"
"POINT (10.151507035000066 53.609323665000034)","Unfall 125315 (2018) Kat:2, Licht: 0","125315","2","7","9","06","17","7","0","0","0","1","0","0"
"POINT (10.163243326000043 53.516342984000062)","Unfall 125316 (2018) Kat:3, Licht: 0","125316","3","6","4","05","12","1","0","0","1","1","0","0"