WKT,Name,OBJECTID,UKATEGORIE,UTYP1,UART,UMONAT,USTUNDE,UWOCHENTAG,STRZUSTAND,ULICHTVERH,ISTRAD,ISTPKW,ISTFUSS,ISTKRAD
"POINT (9.851908008000066 53.588660881000067)","Unfall 125317 (2018) Kat:2, Licht: 0","125317","2","3","0","05","12","5","0","0","0","1","0","0"
"POINT (10.008283240000026 53.558993024000074)","Unfall 125318 (2018) Kat:2, Licht: 0","125318","2","2","6","05","17","4","0","0","0","1","1","0"
"POINT (10.002178577000052 53.551308215000063)","Unfall 125319 (2018) Kat:3, Licht: 0","125319","3","4","0","06","15","6","0","0","0","0","1","0"
"POINT (9.890578666000067 53.552433648000033)","Unfall 125320 (2018) Kat:3, Licht: 0","125320","3","2","4","05","08","6","0","0","1","1","0","0"
"POINT (9.957583419000059 53.612109850000081)","Unfall 125321 (2018) Kat:3, Licht: 0","125321","3","6","2","05","14","5","0","0","0","1","0","0"
"POINT (10.123959560000060 53.613256465000063)","Unfall 125322 (2018) Kat:3, Licht: 0","125322","3","2","4","05","19","3","0","0","1","0","0","1"
"POINT (9.980271302000062 53.566619207000031)","Unfall 125323 (2018) Kat:3, Licht: 1","125323","3","6","2","05","18","5","0","1","0","1","0","0"
"POINT (10.080594601000030 53.581153898000082)","Unfall 125324 (2018) Kat:3, Licht: 0","125324","3","7","3","05","14","2","0","0","0","1","0","0"
"POINT (9.860614701000031 53.534545844000036)","Unfall 125325 (2018) Kat:3, Licht: 0","125325","3","2","2","05","14","4","0","0","0","1","0","0"
"POINT (9.958533571000032 53.449774101000060)","Unfall 125326 (2018) Kat:3, Licht: 0","125326","3","3","5","05","17","4","0","0","1","1","0","0"
"POINT (10.061198373000025 53.547819614000048)","Unfall 125327 (2018) Kat:3, Licht: 0","125327","3","6","2","05","14","2","0","0","0","1","0","1"
"POINT (9.981580369000028 53.419137447000082)","Unfall 125328 (2018) Kat:3, Licht: 0","125328","3","6","2","05","07","4","0","0","0","1","0","0"
"POINT (9.866616201000056 53.585304795000070)","Unfall 125329 (2018) Kat:2, Licht: 2","125329","2","2","4","06","23","7","1","2","0","1","0","0"
"POINT (10.218950269000061 53.484645247000060)","Unfall 125330 (2018) Kat:3, Licht: 0","125330","3","2","5","05","18","7","0","0","1","1","0","0"
"POINT (9.995984283000041 53.499507802000039)","Unfall 125331 (2018) Kat:3, Licht: 0","125331","3","6","2","05","08","4","0","0","0","1","0","0"
"POINT (10.175604258000021 53.468821317000049)","Unfall 125332 (2018) Kat:3, Licht: 0","125332","3","1","9","05","19","4","0","0","0","1","0","0"
"POINT (9.916492428000026 53.481434957000033)","Unfall 125333 (2018) Kat:3, Licht: 0","125333","3","6","2","05","14","3","0","0","0","1","0","0"
"POINT (10.198047196000061 53.500987376000069)","Unfall 125334 (2018) Kat:2, Licht: 2","125334","2","2","2","05","22","5","0","2","0","1","0","0"
"POINT (9.996730124000067 53.548786080000070)","Unfall 125335 (2018) Kat:3, Licht: 0","125335","3","2","5","05","17","6","0","0","0","1","0","0"
"POINT (10.117410096000071 53.532505176000029)","Unfall 125336 (2018) Kat:3, Licht: 0","125336","3","3","6","05","13","5","0","0","1","0","1","0"
"POINT (10.122358590000033 53.494273669000052)","Unfall 125337 (2018) Kat:3, Licht: 0","125337","3","7","6","05","11","4","0","0","0","1","1","0"
"POINT (9.996724429000039 53.599303848000034)","Unfall 125338 (2018) Kat:2, Licht: 0","125338","2","3","5","05","08","3","0","0","0","1","0","1"
"POINT (10.076394191000077 53.615429032000065)","Unfall 125339 (2018) Kat:3, Licht: 0","125339","3","6","3","05","07","3","0","0","1","0","0","0"
"POINT (10.060319691000075 53.554658071000063)","Unfall 125340 (2018) Kat:3, Licht: 0","125340","3","6","2","05","08","4","0","0","0","1","0","0"
"POINT (10.043867646000024 53.594959391000032)","Unfall 125341 (2018) Kat:3, Licht: 0","125341","3","7","0","05","19","2","0","0","0","0","0","0"
"POINT (10.055320932000029 53.548516181000082)","Unfall 125342 (2018) Kat:2, Licht: 0","125342","2","1","8","05","15","4","0","0","0","1","0","0"
"POINT (9.981538484000055 53.461740329000065)","Unfall 125343 (2018) Kat:3, Licht: 0","125343","3","2","4","05","18","3","0","0","1","1","0","0"
"POINT (10.142163674000074 53.628494580000051)","Unfall 125344 (2018) Kat:3, Licht: 0","125344","3","2","5","05","16","4","0","0","0","1","0","0"
"POINT (10.079965323000067 53.549704253000073)","Unfall 125345 (2018) Kat:3, Licht: 0","125345","3","6","2","06","14","6","0","0","0","1","0","1"
"POINT (9.959369192000054 53.555313510000076)","Unfall 125346 (2018) Kat:2, Licht: 2","125346","2","1","1","05","02","7","0","2","0","1","0","1"
"POINT (10.159677223000074 53.604011212000046)","Unfall 125347 (2018) Kat:3, Licht: 0","125347","3","2","4","05","17","4","0","0","1","1","0","0"
"POINT (10.078596888000050 53.563772645000029)","Unfall 125348 (2018) Kat:3, Licht: 0","125348","3","6","3","05","12","4","0","0","0","1","0","0"
"POINT (9.991271148000067 53.454368148000071)","Unfall 125349 (2018) Kat:3, Licht: 0","125349","3","2","3","05","16","3","0","0","1","1","0","0"
"POINT (10.006483093000043 53.631875319000073)","Unfall 125350 (2018) Kat:3, Licht: 0","125350","3","7","6","05","08","4","0","0","0","1","1","0"
"POINT (10.041913884000053 53.647773543000028)","Unfall 125351 (2018) Kat:3, Licht: 0","125351","3","6","1","05","08","5","0","0","0","1","0","1"
"POINT (10.040936092000038 53.608165467000049)","Unfall 125352 (2018) Kat:3, Licht: 0","125352","3","3","5","05","12","4","0","0","1","1","0","0"
"POINT (10.005575357000055 53.547567027000071)","Unfall 125353 (2018) Kat:3, Licht: 2","125353","3","6","3","06","23","7","1","2","0","1","0","0"
"POINT (10.041178360000060 53.599968849000049)","Unfall 125354 (2018) Kat:3, Licht: 0","125354","3","6","3","05","10","7","0","0","1","0","0","0"
"POINT (10.059305748000043 53.643036075000055)","Unfall 125355 (2018) Kat:3, Licht: 0","125355","3","6","2","05","11","4","0","0","1","1","0","0"
"POINT (10.033454967000068 53.587764446000051)","Unfall 125356 (2018) Kat:3, Licht: 0","125356","3","2","3","05","20","4","0","0","1","0","0","0"
"POINT (10.206687329000033 53.503430457000036)","Unfall 125357 (2018) Kat:3, Licht: 0","125357","3","3","5","05","13","4","0","0","1","1","0","0"
"POINT (10.127666428000055 53.580715883000039)","Unfall 125358 (2018) Kat:3, Licht: 0","125358","3","6","2","05","13","5","0","0","0","1","0","0"
"POINT (9.903902601000027 53.513003009000045)","Unfall 125359 (2018) Kat:3, Licht: 0","125359","3","3","5","05","15","5","0","0","1","0","0","0"
"POINT (10.078674801000034 53.584587665000072)","Unfall 125360 (2018) Kat:3, Licht: 0","125360","3","2","4","05","11","5","0","0","1","1","0","0"
"POINT (9.994304083000031 53.597599288000026)","Unfall 125361 (2018) Kat:3, Licht: 0","125361","3","6","2","05","15","4","0","0","0","1","0","0"
"POINT (10.037470516000042 53.600383360000080)","Unfall 125362 (2018) Kat:3, Licht: 0","125362","3","2","3","05","07","3","0","0","0","0","0","1"
"POINT (10.041772433000062 53.598676586000067)","Unfall 125363 (2018) Kat:3, Licht: 0","125363","3","3","0","05","08","4","0","0","1","0","0","0"
"POINT (9.906005171000061 53.613384849000056)","Unfall 125364 (2018) Kat:3, Licht: 0","125364","3","3","5","05","12","2","0","0","1","1","0","0"
"POINT (10.014985172000024 53.574318332000075)","Unfall 125365 (2018) Kat:3, Licht: 2","125365","3","7","1","05","22","4","0","2","0","1","0","1"
"POINT (10.072779505000028 53.574479638000071)","Unfall 125366 (2018) Kat:3, Licht: 0","125366","3","4","6","06","15","6","0","0","0","1","1","0"
"POINT (10.040536281000072 53.560152756000036)","Unfall 125367 (2018) Kat:3, Licht: 2","125367","3","3","5","05","23","6","0","2","1","1","0","0"
"POINT (9.824943105000045 53.570136240000068)","Unfall 125368 (2018) Kat:3, Licht: 0","125368","3","6","2","05","07","4","0","0","1","0","0","0"
"POINT (9.901549183000043 53.564751303000037)","Unfall 125369 (2018) Kat:3, Licht: 0","125369","3","2","1","05","18","4","0","0","0","1","0","0"
"POINT (10.016791236000074 53.565638070000034)","Unfall 125370 (2018) Kat:3, Licht: 1","125370","3","6","4","05","21","4","0","1","1","0","0","0"
"POINT (9.846847233000062 53.575585013000079)","Unfall 125371 (2018) Kat:3, Licht: 0","125371","3","3","5","05","06","5","0","0","0","1","0","0"
"POINT (9.961592079000070 53.573800529000039)","Unfall 125372 (2018) Kat:3, Licht: 1","125372","3","6","6","05","21","5","0","1","1","0","1","0"
"POINT (9.880590147000021 53.572096128000055)","Unfall 125373 (2018) Kat:3, Licht: 0","125373","3","3","5","05","12","4","0","0","0","1","0","1"
"POINT (10.002001772000028 53.555225183000061)","Unfall 125374 (2018) Kat:3, Licht: 0","125374","3","6","3","05","15","3","0","0","1","1","0","0"
"POINT (9.959516062000034 53.574617050000029)","Unfall 125375 (2018) Kat:3, Licht: 0","125375","3","2","4","05","16","4","0","0","1","0","0","1"
"POINT (9.962553938000042 53.551806199000055)","Unfall 125376 (2018) Kat:2, Licht: 0","125376","2","7","0","06","19","1","0","0","1","0","0","0"
"POINT (10.025254628000027 53.604230956000038)","Unfall 125377 (2018) Kat:3, Licht: 0","125377","3","3","5","05","17","5","0","0","0","1","0","0"
"POINT (9.949400665000042 53.566236167000056)","Unfall 125378 (2018) Kat:3, Licht: 0","125378","3","3","6","05","15","4","0","0","1","0","1","0"
"POINT (9.979165192000039 53.614542673000074)","Unfall 125379 (2018) Kat:3, Licht: 0","125379","3","3","5","05","10","3","0","0","1","1","0","0"
"POINT (9.945887311000035 53.549440439000080)","Unfall 125380 (2018) Kat:3, Licht: 0","125380","3","3","5","05","08","4","0","0","1","1","0","0"
"POINT (9.907450403000041 53.565086326000028)","Unfall 125381 (2018) Kat:3, Licht: 0","125381","3","6","6","05","17","2","0","0","1","0","1","0"
"POINT (9.954496303000042 53.561012188000063)","Unfall 125382 (2018) Kat:3, Licht: 0","125382","3","7","0","05","09","4","0","0","1","0","0","0"
"POINT (10.057284387000038 53.566020901000059)","Unfall 125383 (2018) Kat:3, Licht: 0","125383","3","3","5","06","09","6","0","0","0","1","0","0"
"POINT (10.037838299000043 53.648466615000075)","Unfall 125384 (2018) Kat:2, Licht: 0","125384","2","2","5","05","12","6","0","0","1","1","0","0"
"POINT (9.961555793000059 53.562297250000029)","Unfall 125385 (2018) Kat:3, Licht: 0","125385","3","4","6","05","17","4","0","0","0","1","1","0"
"POINT (9.981080453000061 53.567260219000048)","Unfall 125386 (2018) Kat:3, Licht: 0","125386","3","4","6","05","14","4","0","0","1","0","1","0"
"POINT (9.947743639000066 53.561051140000075)","Unfall 125387 (2018) Kat:3, Licht: 0","125387","3","6","4","05","07","5","0","0","1","0","0","0"
"POINT (9.975373396000066 53.561052114000063)","Unfall 125388 (2018) Kat:3, Licht: 0","125388","3","2","6","05","17","4","0","0","0","0","1","0"
"POINT (10.080280412000036 53.560996192000061)","Unfall 125389 (2018) Kat:3, Licht: 0","125389","3","6","2","05","15","2","0","0","0","1","0","0"
"POINT (9.999107926000022 53.552726258000064)","Unfall 125390 (2018) Kat:3, Licht: 0","125390","3","7","0","05","14","4","0","0","0","1","0","0"
"POINT (10.055330808000065 53.569188747000055)","Unfall 125391 (2018) Kat:3, Licht: 0","125391","3","6","2","06","12","7","1","0","0","1","0","0"
"POINT (10.100698326000042 53.540378345000079)","Unfall 125392 (2018) Kat:3, Licht: 0","125392","3","3","5","05","05","1","0","0","0","1","0","0"
"POINT (10.011674918000040 53.494868958000040)","Unfall 125393 (2018) Kat:3, Licht: 0","125393","3","3","5","05","18","3","0","0","1","1","0","0"
"POINT (9.995341728000028 53.552194827000051)","Unfall 125394 (2018) Kat:3, Licht: 0","125394","3","6","4","05","08","5","0","0","1","0","0","0"
"POINT (10.161559696000040 53.435277831000064)","Unfall 125395 (2018) Kat:3, Licht: 0","125395","3","7","0","05","21","5","0","0","0","1","0","0"
"POINT (9.971492990000058 53.557161688000065)","Unfall 125396 (2018) Kat:3, Licht: 0","125396","3","6","3","05","18","6","0","0","0","1","0","1"
"POINT (10.208334972000046 53.481478492000065)","Unfall 125397 (2018) Kat:2, Licht: 1","125397","2","3","5","05","21","5","0","1","1","1","0","0"
"POINT (9.974105039000051 53.578575141000044)","Unfall 125398 (2018) Kat:3, Licht: 1","125398","3","3","5","05","20","2","0","1","1","0","0","0"
"POINT (10.201592879000032 53.484949900000061)","Unfall 125399 (2018) Kat:3, Licht: 0","125399","3","3","5","05","15","3","0","0","1","1","0","0"
"POINT (9.963041138000051 53.546498930000041)","Unfall 125400 (2018) Kat:3, Licht: 0","125400","3","7","0","06","13","6","0","0","1","0","0","0"
"POINT (9.905012143000022 53.555305860000033)","Unfall 125401 (2018) Kat:3, Licht: 0","125401","3","3","5","05","09","6","0","0","1","0","0","0"
"POINT (10.069206815000030 53.559412588000043)","Unfall 125402 (2018) Kat:3, Licht: 0","125402","3","2","5","05","12","3","0","0","0","1","0","1"
"POINT (10.106932255000061 53.547338808000063)","Unfall 125403 (2018) Kat:3, Licht: 0","125403","3","6","2","05","20","3","0","0","0","1","0","0"
"POINT (9.993971139000053 53.552348537000057)","Unfall 125404 (2018) Kat:3, Licht: 0","125404","3","7","0","05","19","5","0","0","0","1","0","1"
"POINT (10.140241785000057 53.624533842000062)","Unfall 125405 (2018) Kat:3, Licht: 0","125405","3","2","6","05","17","3","0","0","0","1","1","0"
"POINT (10.164476653000065 53.605602444000056)","Unfall 125406 (2018) Kat:2, Licht: 0","125406","2","6","2","05","14","2","0","0","0","1","0","1"
"POINT (10.124391760000037 53.570969513000080)","Unfall 125407 (2018) Kat:3, Licht: 0","125407","3","2","6","05","10","3","0","0","0","0","1","0"
"POINT (10.124157153000056 53.604338673000029)","Unfall 125408 (2018) Kat:3, Licht: 0","125408","3","6","2","05","15","3","0","0","0","1","0","0"
"POINT (9.933725271000071 53.552074278000077)","Unfall 125409 (2018) Kat:3, Licht: 0","125409","3","4","0","06","16","7","0","0","0","0","1","0"
"POINT (10.122102138000059 53.593471131000058)","Unfall 125410 (2018) Kat:3, Licht: 2","125410","3","1","9","05","22","7","0","2","0","1","0","0"
"POINT (10.093658986000037 53.578500584000039)","Unfall 125411 (2018) Kat:3, Licht: 0","125411","3","6","1","05","16","3","0","0","0","1","0","0"
"POINT (10.034328131000052 53.606285474000060)","Unfall 125412 (2018) Kat:3, Licht: 0","125412","3","2","3","05","15","3","0","0","1","1","0","0"
"POINT (9.987657185000046 53.497017703000040)","Unfall 125413 (2018) Kat:3, Licht: 0","125413","3","7","0","05","17","4","0","0","1","0","0","0"
"POINT (10.063627328000052 53.534464223000043)","Unfall 125414 (2018) Kat:2, Licht: 0","125414","2","4","6","05","11","5","0","0","0","1","1","0"
"POINT (9.951786543000026 53.520257358000038)","Unfall 125415 (2018) Kat:3, Licht: 0","125415","3","1","8","05","07","6","0","0","0","0","0","1"
"POINT (10.041833565000047 53.534966787000030)","Unfall 125416 (2018) Kat:2, Licht: 0","125416","2","3","6","05","16","5","0","0","1","0","1","0"
"POINT (9.995624416000055 53.665193090000059)","Unfall 125417 (2018) Kat:3, Licht: 0","125417","3","6","4","05","17","3","0","0","1","0","0","0"
"POINT (10.035617490000050 53.575215935000074)","Unfall 125418 (2018) Kat:3, Licht: 0","125418","3","7","0","05","19","3","0","0","1","0","0","0"
"POINT (10.011489524000069 53.649147024000058)","Unfall 125419 (2018) Kat:3, Licht: 0","125419","3","3","5","05","08","3","0","0","1","1","0","0"
"POINT (10.012443177000023 53.573932459000048)","Unfall 125420 (2018) Kat:3, Licht: 0","125420","3","4","6","05","08","2","0","0","1","0","1","0"
"POINT (9.940153637000037 53.641378131000067)","Unfall 125421 (2018) Kat:3, Licht: 0","125421","3","7","9","06","12","4","0","0","0","1","0","0"
"POINT (10.087778185000047 53.582283506000067)","Unfall 125422 (2018) Kat:3, Licht: 0","125422","3","5","1","06","20","2","0","0","1","1","0","0"
"POINT (10.107032088000039 53.573060293000026)","Unfall 125423 (2018) Kat:3, Licht: 0","125423","3","6","2","06","18","2","1","0","0","1","0","0"
"POINT (10.145850061000033 53.594319901000063)","Unfall 125424 (2018) Kat:3, Licht: 0","125424","3","2","5","06","09","2","0","0","1","1","0","0"
"POINT (10.080717122000067 53.601197244000048)","Unfall 125425 (2018) Kat:3, Licht: 0","125425","3","4","0","06","17","2","0","0","0","1","1","0"
"POINT (10.009545395000032 53.556139980000069)","Unfall 125426 (2018) Kat:3, Licht: 0","125426","3","7","0","06","16","2","0","0","1","0","0","0"
"POINT (9.979035118000070 53.597383799000056)","Unfall 125427 (2018) Kat:2, Licht: 0","125427","2","6","2","06","12","7","1","0","0","1","0","0"
"POINT (10.076617128000066 53.660817908000070)","Unfall 125428 (2018) Kat:3, Licht: 0","125428","3","6","2","06","09","2","0","0","0","1","0","0"
"POINT (10.021145173000036 53.669396895000034)","Unfall 125429 (2018) Kat:3, Licht: 0","125429","3","7","0","06","16","6","0","0","1","0","0","0"
"POINT (9.915830315000051 53.560824940000032)","Unfall 125430 (2018) Kat:3, Licht: 0","125430","3","2","5","06","08","5","0","0","1","1","0","0"
"POINT (10.018623640000044 53.624334099000066)","Unfall 125431 (2018) Kat:3, Licht: 0","125431","3","6","2","06","18","2","0","0","0","1","0","0"
"POINT (10.014860862000035 53.649385729000073)","Unfall 125432 (2018) Kat:3, Licht: 0","125432","3","2","4","06","12","2","0","0","0","1","0","0"
"POINT (10.005834510000057 53.548791101000063)","Unfall 125433 (2018) Kat:3, Licht: 1","125433","3","6","2","06","21","5","0","1","0","1","0","0"
"POINT (9.993914446000076 53.599227288000066)","Unfall 125434 (2018) Kat:2, Licht: 0","125434","2","2","5","06","15","2","0","0","0","1","0","0"
"POINT (10.001851577000025 53.547892705000038)","Unfall 125435 (2018) Kat:3, Licht: 0","125435","3","5","1","06","09","4","0","0","1","1","0","0"
"POINT (10.001664705000053 53.580955908000078)","Unfall 125436 (2018) Kat:3, Licht: 0","125436","3","3","5","06","10","2","0","0","1","1","0","0"
"POINT (9.875584261000029 53.605140973000061)","Unfall 125437 (2018) Kat:3, Licht: 1","125437","3","2","2","06","18","2","1","1","0","1","0","0"
"POINT (9.844700964000026 53.553990032000058)","Unfall 125438 (2018) Kat:3, Licht: 0","125438","3","6","3","06","08","2","0","0","1","1","0","0"
"POINT (10.137064023000050 53.592718325000078)","Unfall 125439 (2018) Kat:3, Licht: 0","125439","3","3","5","06","14","7","0","0","1","1","0","0"
"POINT (10.077234334000025 53.557161597000061)","Unfall 125440 (2018) Kat:3, Licht: 0","125440","3","5","1","06","10","6","0","0","0","1","0","0"
"POINT (9.948114248000024 53.639894936000076)","Unfall 125441 (2018) Kat:3, Licht: 0","125441","3","2","5","06","15","2","0","0","1","1","0","0"
"POINT (9.990635735000069 53.560475707000080)","Unfall 125442 (2018) Kat:3, Licht: 1","125442","3","3","5","06","03","6","0","1","0","1","0","0"
"POINT (10.026612282000031 53.553955503000054)","Unfall 125443 (2018) Kat:3, Licht: 2","125443","3","7","5","06","22","4","0","2","1","1","0","0"
"POINT (10.015889857000047 53.555242540000052)","Unfall 125444 (2018) Kat:3, Licht: 1","125444","3","2","4","06","18","7","1","1","0","1","0","0"
"POINT (9.962418582000055 53.575244188000056)","Unfall 125445 (2018) Kat:3, Licht: 0","125445","3","7","5","06","13","2","0","0","1","1","0","0"
"POINT (10.039957283000035 53.567334129000074)","Unfall 125446 (2018) Kat:3, Licht: 0","125446","3","7","0","06","18","6","0","0","1","1","0","0"
"POINT (10.132025076000048 53.603526609000028)","Unfall 125447 (2018) Kat:3, Licht: 0","125447","3","2","5","06","16","4","0","0","1","1","0","0"
"POINT (9.970246507000070 53.557281426000031)","Unfall 125448 (2018) Kat:3, Licht: 0","125448","3","7","3","06","16","5","1","0","0","1","0","0"
"POINT (10.015264771000034 53.584938046000048)","Unfall 125449 (2018) Kat:3, Licht: 0","125449","3","7","0","06","13","4","0","0","0","1","0","0"
"POINT (9.939464052000062 53.557699560000060)","Unfall 125450 (2018) Kat:3, Licht: 0","125450","3","5","1","06","13","2","0","0","1","1","0","0"
"POINT (9.950042447000044 53.557021473000077)","Unfall 125451 (2018) Kat:3, Licht: 0","125451","3","2","3","06","08","2","0","0","1","1","0","0"
"POINT (10.055454144000066 53.531655968000052)","Unfall 125452 (2018) Kat:3, Licht: 0","125452","3","6","3","06","13","3","0","0","1","0","0","0"
"POINT (9.919402148000074 53.558437044000073)","Unfall 125453 (2018) Kat:3, Licht: 0","125453","3","5","1","06","20","2","0","0","1","0","0","1"
"POINT (10.113499000000047 53.607203609000067)","Unfall 125454 (2018) Kat:3, Licht: 2","125454","3","6","4","06","02","1","1","2","0","1","0","0"
"POINT (9.996588230000043 53.546239066000055)","Unfall 125455 (2018) Kat:3, Licht: 0","125455","3","6","2","06","19","2","0","0","0","1","0","0"
"POINT (9.965695169000071 53.561666201000037)","Unfall 125456 (2018) Kat:3, Licht: 1","125456","3","7","6","06","21","7","0","1","1","1","1","0"
"POINT (10.085191913000074 53.656994077000036)","Unfall 125457 (2018) Kat:3, Licht: 0","125457","3","6","2","06","10","6","1","0","0","1","0","0"
"POINT (9.891150735000053 53.477840420000064)","Unfall 125458 (2018) Kat:3, Licht: 0","125458","3","7","5","06","16","1","0","0","0","1","0","0"
"POINT (10.205397719000075 53.502099736000048)","Unfall 125459 (2018) Kat:2, Licht: 0","125459","2","6","1","06","10","5","0","0","1","0","0","0"
"POINT (10.072530159000053 53.608679771000027)","Unfall 125460 (2018) Kat:3, Licht: 0","125460","3","2","5","06","15","4","0","0","0","1","0","0"
"POINT (9.883659486000056 53.477019470000073)","Unfall 125461 (2018) Kat:3, Licht: 0","125461","3","3","5","06","17","1","0","0","1","1","0","0"
"POINT (10.005737983000074 53.548257038000031)","Unfall 125462 (2018) Kat:3, Licht: 0","125462","3","3","5","06","15","3","0","0","0","1","0","0"
"POINT (9.913886992000073 53.554070127000045)","Unfall 125463 (2018) Kat:3, Licht: 0","125463","3","3","5","06","15","3","0","0","1","1","0","0"
"POINT (10.106448190000037 53.572078416000068)","Unfall 125464 (2018) Kat:3, Licht: 0","125464","3","3","5","06","12","1","0","0","1","1","0","0"
"POINT (10.010012572000051 53.649072534000027)","Unfall 125465 (2018) Kat:3, Licht: 0","125465","3","4","6","06","11","2","0","0","0","1","1","0"
"POINT (10.087010094000050 53.577656020000063)","Unfall 125466 (2018) Kat:3, Licht: 0","125466","3","3","5","06","15","7","1","0","0","1","0","0"
"POINT (10.082509348000031 53.571133889000066)","Unfall 125467 (2018) Kat:3, Licht: 0","125467","3","2","5","06","11","1","0","0","0","1","0","0"
"POINT (10.111476859000049 53.653855159000045)","Unfall 125468 (2018) Kat:2, Licht: 0","125468","2","4","6","06","13","3","0","0","1","0","1","0"
"POINT (10.090513520000059 53.609829815000069)","Unfall 125469 (2018) Kat:3, Licht: 0","125469","3","5","1","06","16","1","0","0","0","1","0","0"
"POINT (9.989512268000055 53.561601860000053)","Unfall 125470 (2018) Kat:3, Licht: 0","125470","3","7","6","06","15","1","0","0","0","1","1","0"
"POINT (9.822800065000024 53.581722140000068)","Unfall 125471 (2018) Kat:3, Licht: 0","125471","3","1","0","06","15","1","1","0","1","0","0","0"
"POINT (10.078681040000049 53.500355180000042)","Unfall 125472 (2018) Kat:3, Licht: 0","125472","3","1","0","06","16","6","0","0","0","0","0","1"
"POINT (10.033283958000027 53.573838115000058)","Unfall 125473 (2018) Kat:3, Licht: 0","125473","3","6","2","06","08","6","1","0","0","1","0","0"
"POINT (9.989204486000062 53.558463444000040)","Unfall 125474 (2018) Kat:3, Licht: 0","125474","3","7","5","06","12","6","0","0","1","1","0","0"
"POINT (9.898136448000059 53.571203962000027)","Unfall 125475 (2018) Kat:2, Licht: 2","125475","2","7","0","06","23","1","0","2","1","0","0","0"
"POINT (10.009491810000043 53.648440734000076)","Unfall 125476 (2018) Kat:2, Licht: 2","125476","2","4","6","06","22","5","0","2","0","0","1","1"
"POINT (10.029946443000028 53.575822814000048)","Unfall 125477 (2018) Kat:3, Licht: 0","125477","3","2","2","06","07","4","0","0","1","1","0","0"
"POINT (9.970619258000056 53.551584974000036)","Unfall 125478 (2018) Kat:3, Licht: 2","125478","3","7","3","06","03","1","0","2","1","1","0","0"
"POINT (10.056985271000030 53.563911768000082)","Unfall 125479 (2018) Kat:3, Licht: 0","125479","3","7","2","06","20","2","1","0","1","1","0","0"
"POINT (10.011620507000032 53.552538203000040)","Unfall 125480 (2018) Kat:3, Licht: 0","125480","3","7","6","06","14","3","0","0","0","1","1","0"
"POINT (10.006195288000072 53.468720733000055)","Unfall 125481 (2018) Kat:2, Licht: 1","125481","2","1","8","06","22","7","0","1","0","0","0","1"
"POINT (10.053199994000067 53.592683133000037)","Unfall 125482 (2018) Kat:3, Licht: 0","125482","3","6","2","06","16","2","1","0","0","1","0","0"
"POINT (9.905540299000052 53.562500808000038)","Unfall 125483 (2018) Kat:3, Licht: 0","125483","3","2","4","06","15","7","1","0","1","1","0","0"
"POINT (9.976831707000031 53.456126232000031)","Unfall 125484 (2018) Kat:3, Licht: 2","125484","3","7","6","06","00","7","0","2","0","1","1","0"
"POINT (10.097672865000050 53.634841353000070)","Unfall 125485 (2018) Kat:2, Licht: 0","125485","2","4","0","06","12","6","0","0","1","0","1","0"
"POINT (10.028512628000044 53.570634434000056)","Unfall 125486 (2018) Kat:3, Licht: 0","125486","3","1","1","06","10","5","0","0","0","1","0","0"
"POINT (10.041716356000052 53.534216014000037)","Unfall 125487 (2018) Kat:3, Licht: 2","125487","3","2","4","06","22","7","0","2","0","1","0","0"
"POINT (10.070110571000043 53.575955144000034)","Unfall 125488 (2018) Kat:3, Licht: 0","125488","3","2","3","06","12","7","0","0","1","0","0","0"
"POINT (10.076192523000032 53.589276019000067)","Unfall 125489 (2018) Kat:3, Licht: 0","125489","3","3","5","06","15","6","0","0","0","1","0","0"
"POINT (9.951698500000077 53.640680586000030)","Unfall 125490 (2018) Kat:3, Licht: 0","125490","3","7","6","06","12","6","0","0","0","1","1","0"
"POINT (10.076520129000073 53.615953218000072)","Unfall 125491 (2018) Kat:3, Licht: 0","125491","3","2","2","06","16","5","1","0","0","1","0","0"
"POINT (10.087771146000023 53.683480968000026)","Unfall 125492 (2018) Kat:3, Licht: 0","125492","3","6","4","06","18","7","0","0","1","0","0","0"
"POINT (9.853989402000025 53.584098838000045)","Unfall 125493 (2018) Kat:3, Licht: 0","125493","3","4","6","06","14","5","0","0","0","1","1","0"
"POINT (9.995924143000025 53.583847000000048)","Unfall 125494 (2018) Kat:3, Licht: 0","125494","3","6","6","06","08","7","0","0","1","0","1","0"
"POINT (9.984111201000076 53.598834784000076)","Unfall 125495 (2018) Kat:3, Licht: 0","125495","3","7","1","06","17","4","0","0","1","1","0","0"
"POINT (10.035362724000038 53.574880999000072)","Unfall 125496 (2018) Kat:3, Licht: 2","125496","3","6","3","06","21","4","0","2","0","1","0","0"
"POINT (9.812588997000034 53.563262454000039)","Unfall 125497 (2018) Kat:3, Licht: 0","125497","3","3","5","06","08","7","1","0","0","1","0","0"
"POINT (10.100571325000033 53.584642594000059)","Unfall 125498 (2018) Kat:3, Licht: 0","125498","3","2","4","06","15","2","0","0","0","1","0","0"
"POINT (10.035974539000051 53.608107050000058)","Unfall 125499 (2018) Kat:3, Licht: 0","125499","3","6","2","06","07","2","0","0","0","1","0","0"
"POINT (9.946954722000044 53.578412531000026)","Unfall 125500 (2018) Kat:3, Licht: 0","125500","3","4","6","06","13","7","0","0","0","1","1","0"