WKT,Name,OBJECTID,UKATEGORIE,UTYP1,UART,UMONAT,USTUNDE,UWOCHENTAG,STRZUSTAND,ULICHTVERH,ISTRAD,ISTPKW,ISTFUSS,ISTKRAD
"POINT (10.081947735000028 53.576512182000045)","Unfall 125501 (2018) Kat:3, Licht: 0","125501","3","6","2","06","06","1","1","0","0","1","0","0"
"POINT (9.953729323000061 53.547185598000056)","Unfall 125502 (2018) Kat:3, Licht: 0","125502","3","6","5","06","11","7","0","0","0","1","0","0"
"POINT (9.928692880000028 53.556276298000057)","Unfall 125503 (2018) Kat:2, Licht: 2","125503","2","4","6","06","23","7","0","2","0","1","1","0"
"POINT (9.996306788000027 53.593885771000032)","Unfall 125504 (2018) Kat:3, Licht: 0","125504","3","3","5","06","13","6","0","0","1","1","0","0"
"POINT (10.091775682000048 53.598600453000074)","Unfall 125505 (2018) Kat:2, Licht: 0","125505","2","2","4","06","17","4","0","0","1","1","0","0"
"POINT (9.965600546000076 53.569346697000071)","Unfall 125506 (2018) Kat:3, Licht: 0","125506","3","6","2","06","17","5","1","0","0","1","0","0"
"POINT (10.053927013000077 53.572653442000046)","Unfall 125507 (2018) Kat:3, Licht: 0","125507","3","3","5","06","08","4","0","0","1","1","0","0"
"POINT (9.928198114000054 53.556485744000042)","Unfall 125508 (2018) Kat:3, Licht: 2","125508","3","7","5","06","01","7","0","2","1","1","0","0"
"POINT (9.972154811000053 53.563990393000040)","Unfall 125509 (2018) Kat:3, Licht: 0","125509","3","7","5","06","17","7","0","0","1","1","0","0"
"POINT (9.957184566000024 53.549874421000027)","Unfall 125510 (2018) Kat:3, Licht: 1","125510","3","7","6","06","04","7","0","1","0","1","1","0"
"POINT (10.158696249000059 53.489849891000063)","Unfall 125511 (2018) Kat:3, Licht: 0","125511","3","7","0","06","19","3","0","0","0","0","1","0"
"POINT (9.854400610000027 53.470476192000035)","Unfall 125512 (2018) Kat:3, Licht: 0","125512","3","3","5","06","11","6","0","0","0","1","0","0"
"POINT (9.914868764000062 53.557830626000055)","Unfall 125513 (2018) Kat:3, Licht: 0","125513","3","3","5","06","08","2","0","0","0","1","0","0"
"POINT (10.104168613000070 53.544115409000028)","Unfall 125514 (2018) Kat:3, Licht: 0","125514","3","6","2","06","10","4","0","0","0","1","0","0"
"POINT (9.869021438000061 53.512812742000051)","Unfall 125515 (2018) Kat:3, Licht: 0","125515","3","6","4","06","05","6","0","0","0","1","0","0"
"POINT (9.928812291000043 53.553696349000063)","Unfall 125516 (2018) Kat:3, Licht: 0","125516","3","7","1","06","15","5","0","0","1","1","0","0"
"POINT (9.994181546000050 53.466595725000047)","Unfall 125517 (2018) Kat:3, Licht: 0","125517","3","2","3","06","13","6","0","0","1","1","0","0"
"POINT (9.964166298000066 53.557245361000071)","Unfall 125518 (2018) Kat:3, Licht: 2","125518","3","2","0","06","22","4","0","2","0","1","0","0"
"POINT (9.989680908000025 53.455857030000061)","Unfall 125519 (2018) Kat:2, Licht: 0","125519","2","3","5","06","18","6","0","0","0","1","0","0"
"POINT (10.040310857000065 53.567086269000072)","Unfall 125520 (2018) Kat:3, Licht: 0","125520","3","2","5","06","14","2","0","0","1","1","0","0"
"POINT (10.010866453000062 53.501738875000058)","Unfall 125521 (2018) Kat:3, Licht: 0","125521","3","2","2","06","13","6","0","0","1","1","0","0"
"POINT (9.992199322000033 53.549466396000071)","Unfall 125522 (2018) Kat:3, Licht: 0","125522","3","6","3","06","14","1","0","0","1","0","0","0"
"POINT (9.981957580000028 53.520995227000071)","Unfall 125523 (2018) Kat:2, Licht: 0","125523","2","2","2","06","13","6","0","0","0","1","0","0"
"POINT (10.186148988000070 53.489166359000080)","Unfall 125524 (2018) Kat:2, Licht: 0","125524","2","2","4","06","17","6","0","0","0","1","0","0"
"POINT (9.867728010000064 53.599405736000051)","Unfall 125525 (2018) Kat:3, Licht: 0","125525","3","7","6","06","07","6","0","0","1","0","1","0"
"POINT (10.004196666000041 53.580576105000034)","Unfall 125526 (2018) Kat:3, Licht: 2","125526","3","6","3","06","23","4","0","2","1","0","0","0"
"POINT (9.878846352000039 53.533057013000075)","Unfall 125527 (2018) Kat:3, Licht: 0","125527","3","4","6","06","16","4","0","0","0","1","1","0"
"POINT (10.210976262000031 53.507804827000029)","Unfall 125528 (2018) Kat:3, Licht: 0","125528","3","3","5","06","18","6","0","0","1","1","0","0"
"POINT (10.124356046000059 53.570970414000044)","Unfall 125529 (2018) Kat:3, Licht: 0","125529","3","3","5","06","08","6","0","0","1","1","0","0"
"POINT (10.075391011000022 53.613145227000075)","Unfall 125530 (2018) Kat:3, Licht: 0","125530","3","6","0","06","18","3","0","0","1","1","0","0"
"POINT (10.140771326000049 53.629253259000052)","Unfall 125531 (2018) Kat:3, Licht: 0","125531","3","2","4","06","08","6","0","0","0","1","0","0"
"POINT (9.994645107000054 53.602206622000040)","Unfall 125532 (2018) Kat:3, Licht: 0","125532","3","2","4","06","11","1","0","0","0","1","0","0"
"POINT (10.077337422000028 53.616926975000069)","Unfall 125533 (2018) Kat:3, Licht: 0","125533","3","2","3","06","07","6","0","0","1","1","0","0"
"POINT (9.854719642000021 53.467760701000032)","Unfall 125534 (2018) Kat:3, Licht: 0","125534","3","6","2","06","09","6","0","0","0","1","0","0"
"POINT (10.025728044000061 53.639485404000027)","Unfall 125535 (2018) Kat:3, Licht: 0","125535","3","3","5","06","16","6","0","0","0","1","0","1"
"POINT (10.030038353000066 53.677567349000071)","Unfall 125536 (2018) Kat:3, Licht: 0","125536","3","2","3","06","08","6","0","0","0","1","0","1"
"POINT (10.109702977000040 53.622895536000044)","Unfall 125537 (2018) Kat:3, Licht: 0","125537","3","3","5","06","16","7","0","0","1","1","0","0"
"POINT (10.088838342000031 53.586918983000032)","Unfall 125538 (2018) Kat:3, Licht: 0","125538","3","3","0","06","08","6","1","0","0","1","0","1"
"POINT (10.023667762000059 53.664472156000045)","Unfall 125539 (2018) Kat:3, Licht: 0","125539","3","2","5","06","13","6","0","0","1","1","0","0"
"POINT (9.991286770000045 53.460049243000071)","Unfall 125540 (2018) Kat:3, Licht: 0","125540","3","6","2","06","07","5","0","0","0","1","0","0"
"POINT (10.152215677000072 53.596040401000039)","Unfall 125541 (2018) Kat:3, Licht: 0","125541","3","7","2","06","11","4","0","0","0","0","0","1"
"POINT (10.003169182000022 53.610274955000079)","Unfall 125542 (2018) Kat:3, Licht: 0","125542","3","7","0","06","15","6","0","0","1","0","0","0"
"POINT (9.941530503000024 53.564392694000048)","Unfall 125543 (2018) Kat:3, Licht: 2","125543","3","7","3","06","22","3","0","2","0","1","0","1"
"POINT (10.025266061000025 53.601942300000076)","Unfall 125544 (2018) Kat:3, Licht: 0","125544","3","6","2","06","16","3","0","0","0","1","0","0"
"POINT (10.013926329000071 53.599876337000069)","Unfall 125545 (2018) Kat:3, Licht: 0","125545","3","2","5","06","07","6","0","0","1","1","0","0"
"POINT (10.025893634000056 53.551335126000026)","Unfall 125546 (2018) Kat:2, Licht: 0","125546","2","3","5","06","20","7","1","0","0","0","0","0"
"POINT (10.040288562000057 53.580410362000066)","Unfall 125547 (2018) Kat:2, Licht: 0","125547","2","3","0","06","16","6","0","0","1","1","0","0"
"POINT (10.136640859000067 53.578291095000054)","Unfall 125548 (2018) Kat:3, Licht: 0","125548","3","4","6","06","16","6","0","0","0","1","1","0"
"POINT (9.898431413000026 53.610087479000072)","Unfall 125549 (2018) Kat:3, Licht: 0","125549","3","3","0","06","10","6","0","0","1","1","0","0"
"POINT (10.094461792000061 53.542710399000043)","Unfall 125550 (2018) Kat:3, Licht: 0","125550","3","6","1","06","14","5","0","0","0","1","0","0"
"POINT (9.955872400000033 53.561711792000040)","Unfall 125551 (2018) Kat:3, Licht: 0","125551","3","6","2","06","15","4","0","0","0","1","0","0"
"POINT (10.013813024000058 53.548519170000077)","Unfall 125552 (2018) Kat:3, Licht: 2","125552","3","6","3","06","22","4","0","2","0","1","0","0"
"POINT (10.035339392000026 53.575112572000080)","Unfall 125553 (2018) Kat:3, Licht: 0","125553","3","3","5","06","12","6","0","0","1","1","0","0"
"POINT (10.019278677000045 53.606601623000074)","Unfall 125554 (2018) Kat:3, Licht: 2","125554","3","7","9","06","02","5","0","2","0","1","0","0"
"POINT (9.899228080000057 53.592789919000040)","Unfall 125555 (2018) Kat:3, Licht: 0","125555","3","6","0","06","20","4","0","0","0","1","0","1"
"POINT (10.011150218000068 53.575620033000064)","Unfall 125556 (2018) Kat:3, Licht: 0","125556","3","2","3","06","07","6","0","0","1","0","0","0"
"POINT (10.120005146000040 53.578294246000041)","Unfall 125557 (2018) Kat:3, Licht: 0","125557","3","5","1","06","05","2","0","0","1","1","0","0"
"POINT (9.944567035000034 53.575549599000055)","Unfall 125558 (2018) Kat:3, Licht: 0","125558","3","2","3","06","16","6","0","0","1","1","0","0"
"POINT (10.040772582000045 53.602547245000039)","Unfall 125559 (2018) Kat:3, Licht: 0","125559","3","7","1","06","18","5","0","0","0","1","0","0"
"POINT (10.127377511000077 53.676967191000074)","Unfall 125560 (2018) Kat:2, Licht: 0","125560","2","7","0","06","11","4","0","0","0","0","0","1"
"POINT (9.966981589000056 53.587175172000059)","Unfall 125561 (2018) Kat:3, Licht: 0","125561","3","7","0","06","18","6","0","0","1","0","0","0"
"POINT (9.907467573000076 53.512566566000032)","Unfall 125562 (2018) Kat:3, Licht: 0","125562","3","6","2","06","06","2","0","0","0","1","0","1"
"POINT (9.973210385000073 53.564143476000027)","Unfall 125563 (2018) Kat:3, Licht: 0","125563","3","2","4","06","19","3","0","0","1","0","0","0"
"POINT (9.945480782000061 53.593596942000033)","Unfall 125564 (2018) Kat:3, Licht: 0","125564","3","7","0","06","15","6","0","0","1","0","0","0"
"POINT (10.042602647000024 53.597589105000054)","Unfall 125565 (2018) Kat:3, Licht: 0","125565","3","7","1","06","12","2","0","0","0","1","0","0"
"POINT (10.097122587000058 53.638383156000032)","Unfall 125566 (2018) Kat:3, Licht: 0","125566","3","7","5","06","14","7","1","0","1","1","0","0"
"POINT (9.951158532000022 53.582447974000047)","Unfall 125567 (2018) Kat:3, Licht: 0","125567","3","2","5","06","12","6","0","0","1","1","0","0"
"POINT (10.045280739000077 53.667594816000076)","Unfall 125568 (2018) Kat:2, Licht: 0","125568","2","6","4","06","11","6","0","0","0","1","0","0"
"POINT (9.987195121000070 53.603458552000063)","Unfall 125569 (2018) Kat:3, Licht: 0","125569","3","6","2","06","07","6","1","0","0","1","0","0"
"POINT (10.115351217000068 53.651562053000077)","Unfall 125570 (2018) Kat:3, Licht: 0","125570","3","3","5","06","14","5","1","0","0","1","0","0"
"POINT (9.987367309000035 53.582217753000066)","Unfall 125571 (2018) Kat:3, Licht: 0","125571","3","7","6","06","13","4","0","0","0","1","1","0"
"POINT (9.938689088000047 53.546180245000073)","Unfall 125572 (2018) Kat:2, Licht: 0","125572","2","2","0","06","08","6","0","0","0","1","0","1"
"POINT (9.994537238000021 53.583429908000028)","Unfall 125573 (2018) Kat:3, Licht: 0","125573","3","6","3","06","17","6","0","0","0","1","0","0"
"POINT (9.982784272000060 53.589554537000026)","Unfall 125574 (2018) Kat:3, Licht: 2","125574","3","6","1","06","00","5","0","2","0","1","0","0"
"POINT (9.993572640000025 53.558382450000067)","Unfall 125575 (2018) Kat:3, Licht: 0","125575","3","6","4","06","10","6","0","0","1","0","0","0"
"POINT (9.961884151000049 53.576330773000052)","Unfall 125576 (2018) Kat:3, Licht: 0","125576","3","6","4","06","09","4","0","0","1","0","0","0"
"POINT (9.848644047000050 53.578047308000066)","Unfall 125577 (2018) Kat:3, Licht: 0","125577","3","3","5","06","07","4","0","0","1","1","0","0"
"POINT (9.995957473000033 53.559672646000081)","Unfall 125578 (2018) Kat:3, Licht: 0","125578","3","4","6","06","08","6","0","0","1","0","1","0"
"POINT (10.019482730000050 53.654843928000048)","Unfall 125579 (2018) Kat:3, Licht: 0","125579","3","6","2","06","14","2","0","0","0","1","0","0"
"POINT (9.957404753000049 53.554747585000030)","Unfall 125580 (2018) Kat:3, Licht: 0","125580","3","3","5","06","16","6","0","0","0","1","0","0"
"POINT (10.042843504000075 53.579099364000058)","Unfall 125581 (2018) Kat:3, Licht: 0","125581","3","7","1","06","15","1","0","0","0","1","0","0"
"POINT (9.978280608000034 53.553491022000060)","Unfall 125582 (2018) Kat:3, Licht: 0","125582","3","1","0","06","13","7","1","0","0","0","0","1"
"POINT (10.053536605000033 53.493287431000056)","Unfall 125583 (2018) Kat:2, Licht: 0","125583","2","2","5","06","10","3","0","0","0","1","0","0"
"POINT (10.008464033000052 53.558923808000031)","Unfall 125584 (2018) Kat:3, Licht: 0","125584","3","7","0","06","16","6","0","0","1","0","1","0"
"POINT (10.009843932000024 53.578453925000076)","Unfall 125585 (2018) Kat:3, Licht: 0","125585","3","7","0","06","11","6","0","0","1","1","0","0"
"POINT (10.213667259000033 53.488394216000074)","Unfall 125586 (2018) Kat:3, Licht: 0","125586","3","6","0","06","16","2","0","0","0","1","1","0"
"POINT (9.974642494000023 53.459236364000049)","Unfall 125587 (2018) Kat:3, Licht: 0","125587","3","3","5","06","16","5","0","0","1","1","0","0"
"POINT (10.000942524000038 53.555635816000063)","Unfall 125588 (2018) Kat:3, Licht: 0","125588","3","6","3","06","13","2","0","0","0","1","0","0"
"POINT (9.954772431000038 53.598951060000047)","Unfall 125589 (2018) Kat:3, Licht: 2","125589","3","4","6","06","22","7","1","2","0","1","1","0"
"POINT (9.972867630000053 53.424323588000050)","Unfall 125590 (2018) Kat:3, Licht: 0","125590","3","7","0","06","13","5","0","0","0","1","0","0"
"POINT (10.015688666000074 53.648177558000043)","Unfall 125591 (2018) Kat:3, Licht: 0","125591","3","4","0","06","19","6","0","0","0","1","1","0"
"POINT (9.851049332000059 53.549384976000056)","Unfall 125592 (2018) Kat:3, Licht: 0","125592","3","6","2","06","17","5","1","0","0","1","0","0"
"POINT (10.131933799000024 53.529204080000056)","Unfall 125593 (2018) Kat:3, Licht: 0","125593","3","6","1","06","19","3","0","0","0","1","0","0"
"POINT (9.992519761000040 53.509011273000056)","Unfall 125594 (2018) Kat:2, Licht: 0","125594","2","2","4","06","16","5","0","0","0","1","0","1"
"POINT (10.206060818000026 53.494249159000049)","Unfall 125595 (2018) Kat:3, Licht: 0","125595","3","6","2","06","20","5","0","0","0","1","1","0"
"POINT (9.994453983000028 53.564003699000068)","Unfall 125596 (2018) Kat:3, Licht: 0","125596","3","7","4","06","16","5","0","0","0","1","0","1"
"POINT (10.019787580000070 53.550197789000038)","Unfall 125597 (2018) Kat:3, Licht: 0","125597","3","6","2","06","07","5","0","0","0","1","0","0"
"POINT (10.007007768000051 53.545828405000066)","Unfall 125598 (2018) Kat:3, Licht: 0","125598","3","3","5","06","07","4","0","0","1","0","0","0"
"POINT (10.180777938000062 53.629904279000073)","Unfall 125599 (2018) Kat:3, Licht: 0","125599","3","7","0","06","16","5","0","0","0","0","0","1"
"POINT (9.874257540000031 53.605004771000040)","Unfall 125600 (2018) Kat:3, Licht: 0","125600","3","5","1","06","07","2","1","0","1","0","0","0"
"POINT (10.085124792000045 53.571757531000060)","Unfall 125601 (2018) Kat:3, Licht: 1","125601","3","6","2","06","22","5","0","1","0","1","0","0"
"POINT (10.056133575000047 53.557089766000047)","Unfall 125602 (2018) Kat:3, Licht: 2","125602","3","1","1","06","04","7","0","2","0","1","0","0"
"POINT (10.080646744000035 53.560278294000057)","Unfall 125603 (2018) Kat:3, Licht: 0","125603","3","3","5","06","08","6","1","0","0","1","0","0"
"POINT (10.052112114000067 53.539693690000036)","Unfall 125604 (2018) Kat:3, Licht: 0","125604","3","6","2","06","16","3","0","0","0","1","0","0"
"POINT (10.059280309000030 53.573293961000047)","Unfall 125605 (2018) Kat:2, Licht: 0","125605","2","2","4","06","16","5","0","0","1","1","0","0"
"POINT (9.985973773000069 53.582827877000057)","Unfall 125606 (2018) Kat:3, Licht: 0","125606","3","2","3","06","12","6","0","0","1","1","0","0"
"POINT (10.173482570000033 53.444082201000072)","Unfall 125607 (2018) Kat:3, Licht: 0","125607","3","3","5","06","18","4","0","0","1","1","0","0"
"POINT (10.162300777000041 53.605061450000051)","Unfall 125608 (2018) Kat:3, Licht: 0","125608","3","6","4","06","18","3","0","0","1","0","0","0"
"POINT (10.090840867000054 53.631441265000035)","Unfall 125609 (2018) Kat:3, Licht: 0","125609","3","6","3","06","12","5","0","0","1","0","0","0"
"POINT (10.053977094000061 53.605237722000027)","Unfall 125610 (2018) Kat:3, Licht: 0","125610","3","3","5","06","08","5","0","0","1","0","0","0"
"POINT (10.106549665000045 53.647328440000081)","Unfall 125611 (2018) Kat:3, Licht: 0","125611","3","7","0","06","20","3","0","0","1","0","0","0"
"POINT (9.982768876000023 53.568324590000032)","Unfall 125612 (2018) Kat:3, Licht: 0","125612","3","5","0","06","08","5","1","0","1","0","0","0"
"POINT (10.080963159000021 53.619570152000051)","Unfall 125613 (2018) Kat:3, Licht: 0","125613","3","6","4","06","16","5","0","0","1","0","0","0"
"POINT (10.050509749000071 53.638684756000032)","Unfall 125614 (2018) Kat:3, Licht: 0","125614","3","3","5","06","07","5","0","0","1","0","0","0"
"POINT (10.036667592000072 53.554963186000066)","Unfall 125615 (2018) Kat:3, Licht: 0","125615","3","3","5","06","11","3","0","0","0","1","0","0"
"POINT (10.167702521000024 53.649616248000029)","Unfall 125616 (2018) Kat:3, Licht: 1","125616","3","3","5","06","19","5","0","1","0","1","0","1"
"POINT (10.170176891000040 53.478761150000082)","Unfall 125617 (2018) Kat:3, Licht: 0","125617","3","4","6","06","11","1","0","0","0","1","1","0"
"POINT (10.007901071000049 53.614730705000056)","Unfall 125618 (2018) Kat:3, Licht: 0","125618","3","2","4","06","17","5","0","0","1","1","0","0"
"POINT (9.895993511000029 53.625088763000065)","Unfall 125619 (2018) Kat:3, Licht: 2","125619","3","3","5","06","01","7","0","2","0","1","0","0"
"POINT (10.186891992000028 53.644513644000028)","Unfall 125620 (2018) Kat:3, Licht: 0","125620","3","3","5","06","17","6","0","0","1","1","0","0"
"POINT (10.100159603000066 53.589256119000027)","Unfall 125621 (2018) Kat:3, Licht: 0","125621","3","3","5","06","05","3","0","0","0","1","0","0"
"POINT (9.991772842000046 53.665986482000051)","Unfall 125622 (2018) Kat:3, Licht: 0","125622","3","6","2","06","14","5","0","0","0","1","0","1"
"POINT (10.211150617000044 53.483089941000060)","Unfall 125623 (2018) Kat:3, Licht: 0","125623","3","3","5","06","11","5","0","0","1","1","0","0"
"POINT (10.065507819000061 53.585637368000050)","Unfall 125624 (2018) Kat:3, Licht: 2","125624","3","6","1","06","23","4","0","2","0","1","0","0"
"POINT (9.935971558000063 53.573012649000077)","Unfall 125625 (2018) Kat:3, Licht: 0","125625","3","2","5","06","15","5","0","0","1","0","0","0"
"POINT (9.979005194000024 53.554114169000059)","Unfall 125626 (2018) Kat:3, Licht: 0","125626","3","3","5","06","17","3","0","0","1","1","0","0"
"POINT (9.902708183000073 53.563980187000027)","Unfall 125627 (2018) Kat:3, Licht: 0","125627","3","2","4","06","18","3","0","0","1","1","0","0"
"POINT (9.868553133000034 53.599446572000033)","Unfall 125628 (2018) Kat:3, Licht: 0","125628","3","2","6","06","07","5","0","0","0","1","1","0"
"POINT (10.016189466000071 53.639698756000030)","Unfall 125629 (2018) Kat:3, Licht: 0","125629","3","3","5","06","07","2","0","0","1","1","0","0"
"POINT (10.082317456000055 53.579912364000052)","Unfall 125630 (2018) Kat:3, Licht: 0","125630","3","6","2","06","10","7","1","0","0","1","0","0"
"POINT (9.934371969000040 53.546029848000046)","Unfall 125631 (2018) Kat:3, Licht: 0","125631","3","6","2","06","16","5","0","0","1","1","0","1"
"POINT (10.074528899000029 53.574884210000050)","Unfall 125632 (2018) Kat:3, Licht: 0","125632","3","6","3","06","09","6","0","0","0","1","0","1"
"POINT (9.904227366000043 53.592043125000032)","Unfall 125633 (2018) Kat:3, Licht: 0","125633","3","7","4","06","07","6","0","0","0","1","0","0"
"POINT (9.938630938000074 53.546405290000052)","Unfall 125634 (2018) Kat:3, Licht: 0","125634","3","6","3","06","17","5","0","0","1","0","0","0"
"POINT (9.969600932000049 53.571907038000063)","Unfall 125635 (2018) Kat:3, Licht: 1","125635","3","3","5","06","21","1","0","1","1","1","0","0"
"POINT (9.986124468000071 53.577691387000073)","Unfall 125636 (2018) Kat:3, Licht: 2","125636","3","3","5","06","22","5","0","2","0","1","0","0"
"POINT (10.011102853000068 53.520711228000039)","Unfall 125637 (2018) Kat:3, Licht: 0","125637","3","7","0","06","16","6","0","0","1","0","0","0"
"POINT (10.019032012000025 53.572286833000078)","Unfall 125638 (2018) Kat:3, Licht: 0","125638","3","7","0","06","08","6","1","0","0","1","1","0"
"POINT (9.984516546000066 53.548245096000073)","Unfall 125639 (2018) Kat:3, Licht: 0","125639","3","3","5","06","16","6","1","0","0","1","0","0"
"POINT (10.164281861000063 53.605563575000076)","Unfall 125640 (2018) Kat:3, Licht: 0","125640","3","3","5","06","18","3","0","0","1","1","0","0"
"POINT (9.977467293000075 53.564311168000074)","Unfall 125641 (2018) Kat:3, Licht: 0","125641","3","2","4","06","11","5","0","0","0","1","0","1"
"POINT (10.184059064000053 53.657860756000048)","Unfall 125642 (2018) Kat:2, Licht: 0","125642","2","3","5","06","15","5","0","0","0","1","0","1"
"POINT (10.041396748000068 53.587122736000026)","Unfall 125643 (2018) Kat:3, Licht: 0","125643","3","5","3","06","20","4","0","0","0","1","0","1"
"POINT (10.007012613000029 53.548056322000036)","Unfall 125644 (2018) Kat:3, Licht: 0","125644","3","6","2","06","17","5","0","0","0","1","0","0"
"POINT (10.068846109000049 53.559619177000059)","Unfall 125645 (2018) Kat:3, Licht: 0","125645","3","2","2","06","15","2","0","0","0","1","0","0"
"POINT (9.995013922000055 53.550547919000053)","Unfall 125646 (2018) Kat:3, Licht: 0","125646","3","4","6","06","09","3","0","0","1","0","1","0"
"POINT (9.895893459000035 53.506649282000069)","Unfall 125647 (2018) Kat:3, Licht: 0","125647","3","7","0","06","16","4","0","0","1","0","0","0"
"POINT (10.026105928000050 53.568254600000046)","Unfall 125648 (2018) Kat:3, Licht: 0","125648","3","3","5","06","13","2","0","0","1","1","0","0"
"POINT (10.052601961000050 53.588145750000081)","Unfall 125649 (2018) Kat:3, Licht: 0","125649","3","1","0","06","16","7","1","0","0","0","0","1"
"POINT (9.985626800000034 53.456509472000050)","Unfall 125650 (2018) Kat:3, Licht: 0","125650","3","6","2","06","12","4","0","0","0","1","0","0"
"POINT (10.094242741000073 53.650044982000054)","Unfall 125651 (2018) Kat:3, Licht: 0","125651","3","3","5","06","11","6","0","0","0","1","0","0"
"POINT (10.012741494000068 53.599779651000063)","Unfall 125652 (2018) Kat:3, Licht: 0","125652","3","6","2","06","18","5","1","0","0","1","0","0"
"POINT (10.138642935000064 53.608455377000041)","Unfall 125653 (2018) Kat:3, Licht: 0","125653","3","3","0","06","16","3","0","0","0","1","0","1"
"POINT (9.945542660000058 53.461925690000044)","Unfall 125654 (2018) Kat:3, Licht: 0","125654","3","2","5","06","16","4","0","0","1","1","0","0"
"POINT (10.015532948000043 53.518483073000027)","Unfall 125655 (2018) Kat:3, Licht: 0","125655","3","3","5","06","08","4","0","0","0","1","0","0"
"POINT (9.968733069000052 53.585679959000061)","Unfall 125656 (2018) Kat:3, Licht: 0","125656","3","7","3","06","12","5","0","0","0","1","0","0"
"POINT (9.985715506000076 53.510528813000064)","Unfall 125657 (2018) Kat:3, Licht: 0","125657","3","2","0","06","05","4","0","0","1","1","0","0"
"POINT (9.946174827000050 53.557406057000037)","Unfall 125658 (2018) Kat:3, Licht: 0","125658","3","6","2","06","18","4","0","0","1","0","0","0"
"POINT (10.092634299000053 53.513937659000078)","Unfall 125659 (2018) Kat:3, Licht: 0","125659","3","6","1","06","12","4","0","0","0","1","0","0"
"POINT (10.070618895000052 53.571915225000055)","Unfall 125660 (2018) Kat:3, Licht: 0","125660","3","6","2","06","08","5","1","0","0","1","0","0"
"POINT (10.062378487000046 53.585840007000058)","Unfall 125661 (2018) Kat:3, Licht: 0","125661","3","3","5","06","13","3","0","0","1","1","0","0"
"POINT (10.113038263000021 53.575960622000082)","Unfall 125662 (2018) Kat:3, Licht: 0","125662","3","2","3","06","16","4","0","0","1","1","0","0"
"POINT (9.933770479000032 53.592511962000060)","Unfall 125663 (2018) Kat:3, Licht: 0","125663","3","2","3","06","08","5","0","0","1","1","0","0"
"POINT (10.123752443000058 53.569429802000059)","Unfall 125664 (2018) Kat:3, Licht: 0","125664","3","6","1","06","09","4","0","0","0","1","0","0"
"POINT (9.940299202000063 53.573887237000065)","Unfall 125665 (2018) Kat:3, Licht: 0","125665","3","7","3","06","19","4","0","0","0","1","0","0"
"POINT (10.088570250000032 53.631291939000050)","Unfall 125666 (2018) Kat:3, Licht: 0","125666","3","7","2","06","08","4","0","0","0","1","0","0"
"POINT (10.090638092000063 53.572773037000047)","Unfall 125667 (2018) Kat:2, Licht: 0","125667","2","7","0","06","16","2","0","0","1","0","0","0"
"POINT (10.077326956000036 53.565535665000027)","Unfall 125668 (2018) Kat:3, Licht: 0","125668","3","6","1","06","16","2","0","0","0","1","0","0"
"POINT (10.123823101000028 53.638013869000076)","Unfall 125669 (2018) Kat:3, Licht: 0","125669","3","7","4","06","07","4","0","0","1","1","0","0"
"POINT (10.156545789000063 53.614344902000028)","Unfall 125670 (2018) Kat:3, Licht: 0","125670","3","7","2","06","10","1","0","0","0","1","0","0"
"POINT (9.993578835000051 53.558768975000078)","Unfall 125671 (2018) Kat:2, Licht: 0","125671","2","4","6","06","16","7","1","0","0","1","1","0"
"POINT (10.100013780000040 53.569659275000049)","Unfall 125672 (2018) Kat:3, Licht: 0","125672","3","3","5","06","07","3","0","0","1","1","0","0"
"POINT (10.031220945000030 53.650025439000046)","Unfall 125673 (2018) Kat:3, Licht: 0","125673","3","4","0","06","14","4","0","0","0","0","1","0"
"POINT (10.031227441000055 53.598970268000073)","Unfall 125674 (2018) Kat:3, Licht: 0","125674","3","6","2","06","15","6","0","0","0","1","0","0"
"POINT (9.903990112000031 53.569734184000026)","Unfall 125675 (2018) Kat:3, Licht: 0","125675","3","4","6","06","09","5","1","0","1","0","1","0"
"POINT (10.028185256000029 53.569274459000042)","Unfall 125676 (2018) Kat:3, Licht: 0","125676","3","3","6","06","10","3","0","0","0","1","1","0"
"POINT (10.025320727000064 53.669652642000074)","Unfall 125677 (2018) Kat:2, Licht: 0","125677","2","3","5","06","07","4","0","0","1","1","0","0"
"POINT (10.081167614000037 53.538117926000041)","Unfall 125678 (2018) Kat:2, Licht: 0","125678","2","2","3","06","07","4","0","0","0","1","0","1"
"POINT (10.035610683000073 53.574960992000058)","Unfall 125679 (2018) Kat:3, Licht: 0","125679","3","2","4","06","20","4","0","0","0","1","0","0"
"POINT (10.015086468000050 53.555605877000062)","Unfall 125680 (2018) Kat:3, Licht: 0","125680","3","7","0","06","17","5","0","0","1","1","0","0"
"POINT (10.019693079000035 53.565811766000081)","Unfall 125681 (2018) Kat:3, Licht: 0","125681","3","2","5","06","08","4","0","0","1","0","0","0"
"POINT (9.947292612000069 53.501118850000069)","Unfall 125682 (2018) Kat:3, Licht: 0","125682","3","6","3","06","14","4","0","0","0","1","0","0"
"POINT (9.915192987000069 53.610482047000062)","Unfall 125683 (2018) Kat:3, Licht: 0","125683","3","6","2","06","17","4","0","0","0","1","0","0"
"POINT (9.868995946000041 53.557028710000054)","Unfall 125684 (2018) Kat:3, Licht: 0","125684","3","6","4","06","13","2","0","0","1","1","0","0"
"POINT (9.866792470000064 53.581364484000062)","Unfall 125685 (2018) Kat:3, Licht: 0","125685","3","3","5","06","13","4","0","0","0","1","0","0"