WKT,Name,OBJECTID,UKATEGORIE,UTYP1,UART,UMONAT,USTUNDE,UWOCHENTAG,STRZUSTAND,ULICHTVERH,ISTRAD,ISTPKW,ISTFUSS,ISTKRAD
"POINT (10.078440815000022 53.584991417000026)","Unfall 125686 (2018) Kat:3, Licht: 2","125686","3","4","6","06","23","7","0","2","0","1","1","0"
"POINT (10.062250247000065 53.555709138000054)","Unfall 125687 (2018) Kat:3, Licht: 0","125687","3","6","4","06","09","6","1","0","1","1","0","0"
"POINT (10.037628212000072 53.573562434000053)","Unfall 125688 (2018) Kat:3, Licht: 1","125688","3","3","6","06","21","3","0","1","1","0","1","0"
"POINT (10.038417466000055 53.592082948000041)","Unfall 125689 (2018) Kat:3, Licht: 0","125689","3","5","1","06","14","2","0","0","1","1","0","0"
"POINT (9.888434361000066 53.601028389000078)","Unfall 125690 (2018) Kat:3, Licht: 0","125690","3","2","5","06","19","4","0","0","1","1","0","0"
"POINT (9.980736034000074 53.567323355000042)","Unfall 125691 (2018) Kat:3, Licht: 0","125691","3","6","1","06","12","1","0","0","0","1","0","1"
"POINT (10.008382712000071 53.553653185000030)","Unfall 125692 (2018) Kat:3, Licht: 0","125692","3","4","6","06","15","7","1","0","0","1","1","0"
"POINT (9.949072554000054 53.562811522000061)","Unfall 125693 (2018) Kat:3, Licht: 0","125693","3","5","1","06","16","3","0","0","0","1","0","1"
"POINT (9.874618959000031 53.589913740000043)","Unfall 125694 (2018) Kat:3, Licht: 0","125694","3","2","3","06","15","4","0","0","0","1","0","1"
"POINT (9.754373156000042 53.581568614000048)","Unfall 125695 (2018) Kat:3, Licht: 0","125695","3","2","6","06","11","6","0","0","0","1","1","0"
"POINT (10.024749692000057 53.554247524000061)","Unfall 125696 (2018) Kat:3, Licht: 0","125696","3","3","5","06","17","5","1","0","1","1","0","0"
"POINT (9.954426532000070 53.551459635000072)","Unfall 125697 (2018) Kat:3, Licht: 0","125697","3","4","6","06","09","3","0","0","0","1","1","0"
"POINT (9.932662271000027 53.615521774000058)","Unfall 125698 (2018) Kat:3, Licht: 0","125698","3","1","8","06","08","4","0","0","0","1","0","0"
"POINT (9.965788646000021 53.565300514000057)","Unfall 125699 (2018) Kat:3, Licht: 0","125699","3","2","5","06","15","4","0","0","1","1","0","0"
"POINT (10.065303121000056 53.578907013000048)","Unfall 125700 (2018) Kat:2, Licht: 0","125700","2","2","5","06","10","3","0","0","0","1","0","1"
"POINT (9.996485767000024 53.550649245000045)","Unfall 125701 (2018) Kat:3, Licht: 0","125701","3","7","4","06","13","4","0","0","1","1","0","0"
"POINT (10.110497934000023 53.623323870000036)","Unfall 125702 (2018) Kat:3, Licht: 0","125702","3","5","1","06","15","1","0","0","0","1","0","0"
"POINT (10.180203371000061 53.496836803000065)","Unfall 125703 (2018) Kat:3, Licht: 0","125703","3","6","2","06","19","4","0","0","0","1","0","0"
"POINT (9.966155394000055 53.506693204000044)","Unfall 125704 (2018) Kat:3, Licht: 0","125704","3","6","2","06","16","4","0","0","0","0","0","0"
"POINT (9.989423836000071 53.558292623000057)","Unfall 125705 (2018) Kat:3, Licht: 1","125705","3","3","5","06","21","7","0","1","0","1","0","0"
"POINT (10.163594811000053 53.650597774000062)","Unfall 125706 (2018) Kat:3, Licht: 0","125706","3","4","6","06","12","6","0","0","0","1","1","0"
"POINT (9.977737480000030 53.577272469000036)","Unfall 125707 (2018) Kat:3, Licht: 2","125707","3","7","0","06","21","3","0","2","0","1","0","0"
"POINT (9.893562676000045 53.516566106000028)","Unfall 125708 (2018) Kat:3, Licht: 0","125708","3","6","3","06","07","3","0","0","0","1","0","0"
"POINT (10.127412310000068 53.586992406000036)","Unfall 125709 (2018) Kat:2, Licht: 0","125709","2","2","3","06","15","5","0","0","1","1","0","0"
"POINT (10.125823144000037 53.644966399000054)","Unfall 125710 (2018) Kat:3, Licht: 0","125710","3","3","5","06","08","4","0","0","1","1","0","0"
"POINT (9.997478704000059 53.578567754000062)","Unfall 125711 (2018) Kat:3, Licht: 0","125711","3","2","5","06","10","3","0","0","1","1","0","0"
"POINT (9.973416912000062 53.452618147000067)","Unfall 125712 (2018) Kat:3, Licht: 0","125712","3","2","3","06","08","3","0","0","1","1","0","0"
"POINT (9.981149449000043 53.466889306000041)","Unfall 125713 (2018) Kat:3, Licht: 0","125713","3","2","5","06","16","3","0","0","1","1","0","0"
"POINT (10.228874057000041 53.484244046000072)","Unfall 125714 (2018) Kat:3, Licht: 0","125714","3","4","6","06","17","3","0","0","0","1","1","0"
"POINT (9.986019514000077 53.558123872000067)","Unfall 125715 (2018) Kat:3, Licht: 0","125715","3","6","4","06","20","6","0","0","1","0","0","0"
"POINT (10.122973638000076 53.610604622000039)","Unfall 125716 (2018) Kat:2, Licht: 0","125716","2","7","5","06","07","4","0","0","0","1","0","1"
"POINT (9.993391424000038 53.558802355000068)","Unfall 125717 (2018) Kat:3, Licht: 0","125717","3","6","2","06","15","3","0","0","0","0","0","1"
"POINT (10.029622584000037 53.552633823000065)","Unfall 125718 (2018) Kat:3, Licht: 0","125718","3","3","5","06","15","3","0","0","1","1","0","0"
"POINT (10.033297147000042 53.586603765000064)","Unfall 125719 (2018) Kat:3, Licht: 0","125719","3","3","0","06","17","3","0","0","1","0","1","0"
"POINT (10.156352001000073 53.588009549000049)","Unfall 125720 (2018) Kat:3, Licht: 0","125720","3","2","3","06","19","3","0","0","0","1","0","1"
"POINT (10.210999024000046 53.507709542000043)","Unfall 125721 (2018) Kat:3, Licht: 0","125721","3","3","5","06","14","7","0","0","0","1","0","0"
"POINT (10.113654887000052 53.616263131000039)","Unfall 125722 (2018) Kat:2, Licht: 0","125722","2","2","3","06","15","3","0","0","1","1","0","0"
"POINT (10.070976384000062 53.558637089000058)","Unfall 125723 (2018) Kat:3, Licht: 2","125723","3","6","2","06","23","6","0","2","0","1","0","0"
"POINT (10.025634883000066 53.576370335000036)","Unfall 125724 (2018) Kat:3, Licht: 0","125724","3","4","6","06","08","6","1","0","0","1","1","0"
"POINT (9.954130441000075 53.449629916000049)","Unfall 125725 (2018) Kat:3, Licht: 0","125725","3","3","5","06","07","5","1","0","1","1","0","0"
"POINT (10.210252322000031 53.486585392000052)","Unfall 125726 (2018) Kat:3, Licht: 0","125726","3","7","0","06","18","2","0","0","0","1","0","1"
"POINT (10.084824006000076 53.614016073000073)","Unfall 125727 (2018) Kat:3, Licht: 0","125727","3","5","1","06","15","3","0","0","1","1","0","0"
"POINT (10.005574744000057 53.609277551000048)","Unfall 125728 (2018) Kat:3, Licht: 0","125728","3","5","1","06","16","5","0","0","1","1","0","0"
"POINT (9.907109005000052 53.616274135000026)","Unfall 125729 (2018) Kat:3, Licht: 2","125729","3","2","4","06","23","4","0","2","0","1","0","0"
"POINT (10.149977015000047 53.649359953000044)","Unfall 125730 (2018) Kat:2, Licht: 0","125730","2","4","6","06","16","3","0","0","1","0","1","0"
"POINT (10.117574410000032 53.607068032000029)","Unfall 125731 (2018) Kat:3, Licht: 0","125731","3","7","3","06","12","2","0","0","0","1","0","0"
"POINT (9.984505244000047 53.460647453000036)","Unfall 125732 (2018) Kat:3, Licht: 0","125732","3","7","0","06","14","2","0","0","0","0","1","0"
"POINT (10.057398997000064 53.565988996000044)","Unfall 125733 (2018) Kat:3, Licht: 2","125733","3","3","5","06","22","3","0","2","0","1","0","0"
"POINT (9.921140539000021 53.597394928000028)","Unfall 125734 (2018) Kat:3, Licht: 0","125734","3","3","5","06","12","2","0","0","1","1","0","0"
"POINT (9.926595301000077 53.560480189000032)","Unfall 125735 (2018) Kat:3, Licht: 0","125735","3","1","0","06","18","7","1","0","0","1","0","1"
"POINT (9.934808136000072 53.551842862000058)","Unfall 125736 (2018) Kat:3, Licht: 0","125736","3","7","0","06","08","3","0","0","1","1","0","0"
"POINT (10.045755847000066 53.563776163000057)","Unfall 125737 (2018) Kat:3, Licht: 0","125737","3","6","2","06","16","3","0","0","0","1","0","0"
"POINT (10.005601333000072 53.580419059000064)","Unfall 125738 (2018) Kat:3, Licht: 0","125738","3","3","5","06","17","2","0","0","1","1","0","0"
"POINT (10.061254777000045 53.654954134000036)","Unfall 125739 (2018) Kat:3, Licht: 0","125739","3","2","4","06","11","7","1","0","0","1","0","0"
"POINT (10.015694079000070 53.563186649000045)","Unfall 125740 (2018) Kat:3, Licht: 0","125740","3","6","2","06","16","3","0","0","0","1","0","0"
"POINT (10.065815294000060 53.598403456000028)","Unfall 125741 (2018) Kat:3, Licht: 0","125741","3","3","4","06","17","6","0","0","1","0","0","0"
"POINT (9.940054840000073 53.618907073000059)","Unfall 125742 (2018) Kat:3, Licht: 0","125742","3","7","0","06","08","6","1","0","1","0","0","1"
"POINT (10.062297548000060 53.596047480000038)","Unfall 125743 (2018) Kat:3, Licht: 0","125743","3","3","5","06","18","5","1","0","0","1","0","0"
"POINT (10.205164375000038 53.485050809000029)","Unfall 125744 (2018) Kat:3, Licht: 0","125744","3","6","2","06","15","2","0","0","0","1","0","1"
"POINT (10.033779911000067 53.584254223000073)","Unfall 125745 (2018) Kat:3, Licht: 0","125745","3","6","2","06","08","3","0","0","0","1","0","0"
"POINT (9.818353160000072 53.569217146000028)","Unfall 125746 (2018) Kat:2, Licht: 0","125746","2","3","5","06","14","5","0","0","1","1","0","0"
"POINT (10.056981034000046 53.575786599000082)","Unfall 125747 (2018) Kat:3, Licht: 0","125747","3","3","5","06","18","3","0","0","1","1","0","0"
"POINT (9.962535601000070 53.573137872000075)","Unfall 125748 (2018) Kat:3, Licht: 2","125748","3","4","0","06","00","4","0","2","0","0","1","1"
"POINT (9.912344860000076 53.623402893000048)","Unfall 125749 (2018) Kat:3, Licht: 0","125749","3","3","5","06","07","4","0","0","1","1","0","0"
"POINT (9.923744713000076 53.631515920000027)","Unfall 125750 (2018) Kat:3, Licht: 0","125750","3","6","2","06","15","3","0","0","0","1","0","0"
"POINT (10.091934316000049 53.587558026000067)","Unfall 125751 (2018) Kat:3, Licht: 0","125751","3","6","3","06","19","2","0","0","0","1","0","0"
"POINT (10.102259570000058 53.625947541000073)","Unfall 125752 (2018) Kat:3, Licht: 0","125752","3","3","5","06","16","2","0","0","1","1","0","0"
"POINT (9.946601052000062 53.625688016000026)","Unfall 125753 (2018) Kat:3, Licht: 0","125753","3","3","5","06","16","3","0","0","1","1","0","0"
"POINT (10.108445344000074 53.669944902000054)","Unfall 125754 (2018) Kat:3, Licht: 0","125754","3","7","0","06","17","1","0","0","1","0","0","0"
"POINT (9.969951703000049 53.550080159000061)","Unfall 125755 (2018) Kat:3, Licht: 0","125755","3","6","2","06","08","7","1","0","0","1","0","0"
"POINT (10.080593547000035 53.560383799000078)","Unfall 125756 (2018) Kat:3, Licht: 0","125756","3","7","7","06","12","2","0","0","0","1","0","0"
"POINT (9.960022987000059 53.572886165000057)","Unfall 125757 (2018) Kat:3, Licht: 0","125757","3","1","0","06","08","3","0","0","0","0","0","1"
"POINT (10.028907341000036 53.600080812000044)","Unfall 125758 (2018) Kat:3, Licht: 0","125758","3","6","0","06","07","6","0","0","0","0","0","1"
"POINT (9.990898606000030 53.560328505000030)","Unfall 125759 (2018) Kat:3, Licht: 0","125759","3","6","2","06","10","5","1","0","0","1","0","0"
"POINT (10.097209722000059 53.534138105000068)","Unfall 125760 (2018) Kat:2, Licht: 0","125760","2","3","5","06","14","2","0","0","0","1","0","0"
"POINT (9.955405369000062 53.561488358000076)","Unfall 125761 (2018) Kat:3, Licht: 0","125761","3","6","3","06","15","3","0","0","1","1","0","0"
"POINT (9.982484521000060 53.555625540000051)","Unfall 125762 (2018) Kat:3, Licht: 0","125762","3","7","1","06","19","3","0","0","1","1","0","0"
"POINT (10.005413099000066 53.617819491000034)","Unfall 125763 (2018) Kat:3, Licht: 0","125763","3","2","3","06","19","6","0","0","1","1","0","0"
"POINT (9.941451857000061 53.584290063000026)","Unfall 125764 (2018) Kat:3, Licht: 0","125764","3","3","5","06","15","5","1","0","1","1","0","0"
"POINT (9.966250181000021 53.501803925000047)","Unfall 125765 (2018) Kat:3, Licht: 0","125765","3","3","5","06","14","3","0","0","0","1","0","0"
"POINT (10.000595262000047 53.499648910000076)","Unfall 125766 (2018) Kat:3, Licht: 0","125766","3","3","5","06","14","2","0","0","1","1","0","0"
"POINT (9.931727961000036 53.549859637000054)","Unfall 125767 (2018) Kat:3, Licht: 0","125767","3","3","6","06","10","5","0","0","1","0","1","0"
"POINT (10.098191966000059 53.553176567000037)","Unfall 125768 (2018) Kat:3, Licht: 0","125768","3","3","5","06","20","2","0","0","0","1","0","0"
"POINT (9.982718790000035 53.555632414000058)","Unfall 125769 (2018) Kat:3, Licht: 0","125769","3","7","0","06","21","4","0","0","1","0","0","0"
"POINT (10.099253541000053 53.535877456000037)","Unfall 125770 (2018) Kat:3, Licht: 0","125770","3","2","2","06","07","2","0","0","0","1","0","0"
"POINT (10.024910204000037 53.562725999000065)","Unfall 125771 (2018) Kat:3, Licht: 1","125771","3","5","0","06","21","2","1","1","0","1","0","1"
"POINT (10.134614101000068 53.574822360000041)","Unfall 125772 (2018) Kat:3, Licht: 0","125772","3","6","1","06","14","2","0","0","0","1","0","0"
"POINT (9.981936558000029 53.463309912000057)","Unfall 125773 (2018) Kat:3, Licht: 0","125773","3","2","2","06","20","7","0","0","0","1","0","0"
"POINT (10.181466622000073 53.450099509000040)","Unfall 125774 (2018) Kat:3, Licht: 0","125774","3","5","1","06","15","6","0","0","0","1","0","0"
"POINT (10.092465920000052 53.595545902000026)","Unfall 125775 (2018) Kat:2, Licht: 2","125775","2","3","5","06","23","2","0","2","0","1","0","0"
"POINT (9.977902882000024 53.601535399000056)","Unfall 125776 (2018) Kat:3, Licht: 0","125776","3","3","5","06","19","6","0","0","1","1","0","0"
"POINT (10.015554500000064 53.518503060000057)","Unfall 125777 (2018) Kat:2, Licht: 0","125777","2","2","4","06","06","4","0","0","0","1","0","0"
"POINT (10.068574519000038 53.580843094000045)","Unfall 125778 (2018) Kat:3, Licht: 1","125778","3","2","4","06","22","2","0","1","0","1","0","1"
"POINT (10.079166567000073 53.575436219000039)","Unfall 125779 (2018) Kat:2, Licht: 0","125779","2","3","5","06","14","2","0","0","1","1","0","0"
"POINT (10.038794660000065 53.607613439000033)","Unfall 125780 (2018) Kat:3, Licht: 0","125780","3","3","5","06","14","3","0","0","0","1","0","0"
"POINT (10.035629570000026 53.614377444000070)","Unfall 125781 (2018) Kat:3, Licht: 0","125781","3","6","2","06","20","2","0","0","0","1","0","0"
"POINT (9.943996420000076 53.554500294000036)","Unfall 125782 (2018) Kat:3, Licht: 0","125782","3","3","5","06","11","1","1","0","1","1","0","0"
"POINT (10.072971527000050 53.609199717000081)","Unfall 125783 (2018) Kat:3, Licht: 0","125783","3","6","2","06","17","2","0","0","0","1","0","0"
"POINT (10.205801957000062 53.503160573000059)","Unfall 125784 (2018) Kat:3, Licht: 0","125784","3","7","0","06","18","3","0","0","1","0","0","0"
"POINT (9.851426439000022 53.549405596000042)","Unfall 125785 (2018) Kat:3, Licht: 0","125785","3","3","5","06","19","2","0","0","0","1","0","0"
"POINT (10.250849816000027 53.414968675000068)","Unfall 125786 (2018) Kat:2, Licht: 0","125786","2","5","1","06","12","1","0","0","1","1","0","0"
"POINT (9.905864703000077 53.570192106000036)","Unfall 125787 (2018) Kat:3, Licht: 0","125787","3","5","1","06","16","2","0","0","1","1","0","0"
"POINT (10.010171575000072 53.583070502000055)","Unfall 125788 (2018) Kat:3, Licht: 0","125788","3","2","0","06","12","7","0","0","0","1","0","0"
"POINT (10.056295567000063 53.581769371000064)","Unfall 125789 (2018) Kat:3, Licht: 0","125789","3","5","1","06","19","6","0","0","1","1","0","0"
"POINT (9.889324312000042 53.601139159000070)","Unfall 125790 (2018) Kat:3, Licht: 0","125790","3","7","0","06","08","2","0","0","0","0","0","0"
"POINT (9.982723214000032 53.505820457000027)","Unfall 125791 (2018) Kat:2, Licht: 0","125791","2","3","5","06","15","5","0","0","1","1","0","0"
"POINT (10.123674676000064 53.570987603000049)","Unfall 125792 (2018) Kat:3, Licht: 0","125792","3","6","2","06","14","4","0","0","0","1","0","0"
"POINT (9.914970486000073 53.634809608000069)","Unfall 125793 (2018) Kat:3, Licht: 1","125793","3","6","3","06","20","2","0","1","0","1","0","1"
"POINT (9.995471937000048 53.581167416000028)","Unfall 125794 (2018) Kat:3, Licht: 0","125794","3","7","1","06","13","3","0","0","1","1","0","0"
"POINT (9.828020898000034 53.580401338000058)","Unfall 125795 (2018) Kat:3, Licht: 0","125795","3","5","1","06","08","3","0","0","1","1","0","0"
"POINT (9.931260001000055 53.553077323000082)","Unfall 125796 (2018) Kat:3, Licht: 0","125796","3","3","2","06","13","2","0","0","1","0","0","0"
"POINT (10.145002522000027 53.604623254000046)","Unfall 125797 (2018) Kat:3, Licht: 0","125797","3","6","0","06","14","7","1","0","1","0","0","0"
"POINT (9.985779999000044 53.547169269000051)","Unfall 125798 (2018) Kat:3, Licht: 0","125798","3","6","3","06","09","2","0","0","0","1","0","1"
"POINT (10.087012207000043 53.577651880000076)","Unfall 125799 (2018) Kat:3, Licht: 0","125799","3","3","5","06","14","6","0","0","0","1","0","0"
"POINT (9.841530650000038 53.559739635000028)","Unfall 125800 (2018) Kat:3, Licht: 0","125800","3","3","5","06","21","6","0","0","1","1","0","0"
"POINT (10.045718560000068 53.558361431000037)","Unfall 125801 (2018) Kat:3, Licht: 0","125801","3","2","3","06","09","5","1","0","0","1","0","1"
"POINT (10.160912246000066 53.596659059000046)","Unfall 125802 (2018) Kat:3, Licht: 0","125802","3","3","5","06","10","4","0","0","1","1","0","0"
"POINT (10.208095971000034 53.510024317000045)","Unfall 125803 (2018) Kat:3, Licht: 0","125803","3","1","8","06","12","1","0","0","0","1","0","1"
"POINT (10.035607552000045 53.575037486000042)","Unfall 125804 (2018) Kat:3, Licht: 2","125804","3","2","5","06","23","5","0","2","0","1","0","0"
"POINT (10.103726710000046 53.539351421000049)","Unfall 125805 (2018) Kat:3, Licht: 0","125805","3","6","2","06","18","1","0","0","0","1","0","0"
"POINT (10.103701178000051 53.575198048000061)","Unfall 125806 (2018) Kat:3, Licht: 0","125806","3","2","4","06","15","1","0","0","0","1","0","0"
"POINT (9.936365375000037 53.454971507000039)","Unfall 125807 (2018) Kat:3, Licht: 0","125807","3","3","5","06","09","6","0","0","1","1","0","0"
"POINT (10.048644357000057 53.576177621000056)","Unfall 125808 (2018) Kat:3, Licht: 0","125808","3","2","5","06","13","6","0","0","0","1","0","0"
"POINT (10.190317329000038 53.605116366000061)","Unfall 125809 (2018) Kat:3, Licht: 0","125809","3","4","6","06","13","1","0","0","1","0","1","0"
"POINT (10.102583882000033 53.635348897000029)","Unfall 125810 (2018) Kat:3, Licht: 0","125810","3","6","4","06","07","5","0","0","1","0","0","0"
"POINT (10.001118662000067 53.676768207000066)","Unfall 125811 (2018) Kat:3, Licht: 0","125811","3","6","2","06","16","4","0","0","0","1","0","0"
"POINT (10.101880242000050 53.581326740000065)","Unfall 125812 (2018) Kat:3, Licht: 0","125812","3","3","5","06","19","1","0","0","1","1","0","0"
"POINT (9.863170311000033 53.475824321000061)","Unfall 125813 (2018) Kat:3, Licht: 0","125813","3","1","8","06","18","2","1","0","1","0","0","0"
"POINT (10.000518488000068 53.555576364000046)","Unfall 125814 (2018) Kat:3, Licht: 0","125814","3","2","3","06","16","3","0","0","1","1","0","0"
"POINT (10.082538504000070 53.576654860000076)","Unfall 125815 (2018) Kat:3, Licht: 0","125815","3","3","5","06","06","1","1","0","0","1","0","0"
"POINT (10.044291113000043 53.593476528000053)","Unfall 125816 (2018) Kat:3, Licht: 0","125816","3","2","0","06","11","2","0","0","0","1","0","0"
"POINT (10.004022964000058 53.658132227000067)","Unfall 125817 (2018) Kat:3, Licht: 1","125817","3","6","2","06","21","7","1","1","0","1","0","0"
"POINT (10.080272114000024 53.609306447000051)","Unfall 125818 (2018) Kat:2, Licht: 0","125818","2","5","1","06","10","1","0","0","0","1","0","0"
"POINT (10.085162624000077 53.658049174000041)","Unfall 125819 (2018) Kat:3, Licht: 0","125819","3","6","4","06","11","6","0","0","1","0","0","0"
"POINT (9.996211226000071 53.648426568000048)","Unfall 125820 (2018) Kat:3, Licht: 0","125820","3","6","1","06","13","5","1","0","0","1","0","0"
"POINT (10.020411427000056 53.658824389000074)","Unfall 125821 (2018) Kat:3, Licht: 0","125821","3","1","0","06","12","1","0","0","1","0","0","0"
"POINT (10.035979412000074 53.574771473000055)","Unfall 125822 (2018) Kat:3, Licht: 0","125822","3","3","5","06","12","1","0","0","1","1","0","0"
"POINT (9.951022258000023 53.588300633000074)","Unfall 125823 (2018) Kat:3, Licht: 0","125823","3","3","5","06","09","5","0","0","1","1","0","0"
"POINT (9.911811964000037 53.610961175000057)","Unfall 125824 (2018) Kat:3, Licht: 0","125824","3","6","2","06","13","1","0","0","1","1","0","0"
"POINT (9.954135224000027 53.553428499000063)","Unfall 125825 (2018) Kat:3, Licht: 0","125825","3","6","2","06","12","4","0","0","0","1","0","0"
"POINT (9.955767237000032 53.551430564000043)","Unfall 125826 (2018) Kat:3, Licht: 0","125826","3","4","6","06","18","4","0","0","1","0","1","0"
"POINT (9.898632737000071 53.571363529000052)","Unfall 125827 (2018) Kat:2, Licht: 0","125827","2","7","0","06","15","1","0","0","1","0","0","0"
"POINT (10.006490085000053 53.605446822000033)","Unfall 125828 (2018) Kat:3, Licht: 0","125828","3","7","1","06","07","2","0","0","1","1","0","0"
"POINT (9.875683245000062 53.588792490000060)","Unfall 125829 (2018) Kat:3, Licht: 1","125829","3","6","3","06","05","1","1","1","0","1","0","0"
"POINT (10.124831175000054 53.585875640000040)","Unfall 125830 (2018) Kat:3, Licht: 0","125830","3","6","1","07","08","2","0","0","0","1","0","0"
"POINT (10.016246902000034 53.648811556000055)","Unfall 125831 (2018) Kat:3, Licht: 0","125831","3","5","1","07","11","6","0","0","0","1","0","0"
"POINT (10.031428881000068 53.576162658000044)","Unfall 125832 (2018) Kat:3, Licht: 0","125832","3","3","5","07","18","4","0","0","0","1","0","0"
"POINT (10.002435165000065 53.600910374000080)","Unfall 125833 (2018) Kat:3, Licht: 0","125833","3","7","9","07","15","2","0","0","0","1","0","0"
"POINT (10.137413508000066 53.579726385000072)","Unfall 125834 (2018) Kat:3, Licht: 0","125834","3","2","3","07","09","2","0","0","1","1","0","0"
"POINT (10.004841529000032 53.551660956000035)","Unfall 125835 (2018) Kat:3, Licht: 0","125835","3","4","6","07","10","4","0","0","0","0","1","0"
"POINT (10.135660644000041 53.617060987000059)","Unfall 125836 (2018) Kat:3, Licht: 0","125836","3","3","5","07","10","2","0","0","0","1","0","0"
"POINT (10.004827855000030 53.551659314000062)","Unfall 125837 (2018) Kat:3, Licht: 0","125837","3","4","6","07","19","7","0","0","1","0","1","0"
"POINT (10.115744842000026 53.488011508000056)","Unfall 125838 (2018) Kat:3, Licht: 0","125838","3","3","5","07","20","2","0","0","0","1","0","0"
"POINT (10.166272676000062 53.605755444000067)","Unfall 125839 (2018) Kat:3, Licht: 0","125839","3","6","0","07","17","2","0","0","0","0","0","0"
"POINT (10.050143071000036 53.610433592000049)","Unfall 125840 (2018) Kat:3, Licht: 0","125840","3","2","6","07","14","2","0","0","0","1","1","0"
"POINT (9.983873945000028 53.604855898000039)","Unfall 125841 (2018) Kat:3, Licht: 0","125841","3","3","5","07","18","5","0","0","1","1","0","0"
"POINT (10.052611028000058 53.550062032000028)","Unfall 125842 (2018) Kat:3, Licht: 0","125842","3","3","5","07","14","6","0","0","0","1","0","0"
"POINT (10.040921615000059 53.601635798000075)","Unfall 125843 (2018) Kat:3, Licht: 0","125843","3","4","6","07","13","2","0","0","0","0","1","0"
"POINT (9.947155101000021 53.551149578000036)","Unfall 125844 (2018) Kat:3, Licht: 0","125844","3","3","5","07","15","4","1","0","1","1","0","0"
"POINT (10.091454418000069 53.605351754000026)","Unfall 125845 (2018) Kat:3, Licht: 0","125845","3","1","0","07","13","2","0","0","0","0","0","1"
"POINT (9.985022357000048 53.456868919000044)","Unfall 125846 (2018) Kat:3, Licht: 0","125846","3","2","6","07","11","5","0","0","0","1","1","0"
"POINT (9.958258035000029 53.456494287000055)","Unfall 125847 (2018) Kat:2, Licht: 0","125847","2","3","5","07","20","1","0","0","0","1","0","0"
"POINT (10.168793770000036 53.595229023000059)","Unfall 125848 (2018) Kat:3, Licht: 0","125848","3","2","5","07","11","3","0","0","1","1","0","0"
"POINT (10.093287591000035 53.675933117000056)","Unfall 125849 (2018) Kat:3, Licht: 0","125849","3","6","2","07","08","2","0","0","0","1","0","0"
"POINT (10.014655380000022 53.575845888000060)","Unfall 125850 (2018) Kat:3, Licht: 0","125850","3","2","3","07","11","6","0","0","0","1","0","1"
"POINT (10.077135993000070 53.617093719000081)","Unfall 125851 (2018) Kat:3, Licht: 0","125851","3","3","5","07","17","2","0","0","0","1","0","0"
"POINT (10.031531628000039 53.598288576000073)","Unfall 125852 (2018) Kat:3, Licht: 0","125852","3","2","1","07","18","2","0","0","0","0","0","1"
"POINT (9.936978836000037 53.476945360000059)","Unfall 125853 (2018) Kat:3, Licht: 0","125853","3","2","2","07","21","5","0","0","0","1","0","0"
"POINT (10.013788986000066 53.595950731000073)","Unfall 125854 (2018) Kat:3, Licht: 0","125854","3","3","5","07","08","2","0","0","1","1","0","0"
"POINT (10.124065784000038 53.573066360000041)","Unfall 125855 (2018) Kat:3, Licht: 0","125855","3","5","3","07","19","6","0","0","0","1","0","0"
"POINT (10.154819918000044 53.613032253000029)","Unfall 125856 (2018) Kat:3, Licht: 0","125856","3","2","5","07","15","2","0","0","1","1","0","0"
"POINT (10.020470626000076 53.566169019000029)","Unfall 125857 (2018) Kat:3, Licht: 0","125857","3","2","4","07","17","2","0","0","1","1","0","0"
"POINT (10.123142559000030 53.540856126000051)","Unfall 125858 (2018) Kat:3, Licht: 0","125858","3","2","4","07","09","3","0","0","0","1","0","0"
"POINT (10.006863024000040 53.591794606000065)","Unfall 125859 (2018) Kat:3, Licht: 0","125859","3","5","0","07","20","5","0","0","1","1","0","0"
"POINT (9.817080061000070 53.583193284000060)","Unfall 125860 (2018) Kat:2, Licht: 1","125860","2","1","0","07","22","2","0","1","1","0","0","0"
"POINT (9.975703233000047 53.570088081000051)","Unfall 125861 (2018) Kat:3, Licht: 0","125861","3","6","4","07","12","5","0","0","0","0","0","0"
"POINT (9.908721944000035 53.591538307000064)","Unfall 125862 (2018) Kat:3, Licht: 0","125862","3","6","2","06","09","3","0","0","0","1","0","0"
"POINT (10.160230942000055 53.646509973000036)","Unfall 125863 (2018) Kat:3, Licht: 0","125863","3","3","5","07","08","6","0","0","1","1","0","0"
"POINT (9.882240373000059 53.568522814000062)","Unfall 125864 (2018) Kat:3, Licht: 0","125864","3","5","1","07","08","3","0","0","1","1","0","0"
"POINT (9.863282386000037 53.578195806000053)","Unfall 125865 (2018) Kat:3, Licht: 0","125865","3","3","5","07","11","2","0","0","1","1","0","0"
"POINT (10.019620680000060 53.590069564000032)","Unfall 125866 (2018) Kat:3, Licht: 0","125866","3","7","0","07","16","5","0","0","1","0","0","0"
"POINT (10.024022236000064 53.568357990000038)","Unfall 125867 (2018) Kat:2, Licht: 0","125867","2","6","2","07","17","1","0","0","0","1","0","1"
"POINT (10.044156670000064 53.571213454000031)","Unfall 125868 (2018) Kat:3, Licht: 0","125868","3","3","5","07","17","3","0","0","1","1","0","0"
"POINT (9.962408612000047 53.607696334000082)","Unfall 125869 (2018) Kat:3, Licht: 0","125869","3","5","1","07","18","2","0","0","1","1","0","0"
"POINT (9.942660769000042 53.553035545000057)","Unfall 125870 (2018) Kat:3, Licht: 0","125870","3","3","5","07","14","6","0","0","0","1","0","0"