WKT,Name,OBJECTID,UKATEGORIE,UTYP1,UART,UMONAT,USTUNDE,UWOCHENTAG,STRZUSTAND,ULICHTVERH,ISTRAD,ISTPKW,ISTFUSS,ISTKRAD
"POINT (9.995759028000066 53.566495325000062)","Unfall 125871 (2018) Kat:3, Licht: 0","125871","3","2","3","07","08","2","0","0","0","1","0","1"
"POINT (9.967608166000048 53.586004718000027)","Unfall 125872 (2018) Kat:3, Licht: 0","125872","3","2","5","07","17","2","0","0","1","1","0","0"
"POINT (10.115535273000035 53.560390295000047)","Unfall 125873 (2018) Kat:3, Licht: 0","125873","3","3","5","07","17","4","1","0","1","1","0","0"
"POINT (9.926850162000051 53.550362740000082)","Unfall 125874 (2018) Kat:3, Licht: 0","125874","3","6","3","07","15","2","0","0","1","0","0","0"
"POINT (10.154991604000031 53.614562329000080)","Unfall 125875 (2018) Kat:3, Licht: 0","125875","3","6","2","07","14","4","0","0","0","1","0","1"
"POINT (10.025439650000067 53.524337559000060)","Unfall 125876 (2018) Kat:3, Licht: 0","125876","3","7","0","07","16","5","0","0","1","1","0","0"
"POINT (10.083686362000037 53.546517504000064)","Unfall 125877 (2018) Kat:3, Licht: 0","125877","3","6","2","07","13","2","0","0","0","0","0","0"
"POINT (9.918998892000047 53.545913851000080)","Unfall 125878 (2018) Kat:3, Licht: 0","125878","3","2","5","07","12","2","0","0","0","1","0","0"
"POINT (10.148834280000074 53.585843664000038)","Unfall 125879 (2018) Kat:3, Licht: 0","125879","3","3","5","07","17","4","0","0","0","1","0","0"
"POINT (10.014729531000057 53.560286528000063)","Unfall 125880 (2018) Kat:3, Licht: 0","125880","3","3","5","07","18","2","0","0","1","1","0","0"
"POINT (10.119141598000056 53.531973045000029)","Unfall 125881 (2018) Kat:3, Licht: 0","125881","3","3","5","07","18","4","0","0","1","1","0","0"
"POINT (9.965353943000025 53.546508607000078)","Unfall 125882 (2018) Kat:3, Licht: 2","125882","3","6","2","07","00","6","0","2","0","1","0","0"
"POINT (9.973418178000031 53.529568109000081)","Unfall 125883 (2018) Kat:3, Licht: 0","125883","3","6","6","07","11","3","0","0","0","0","1","1"
"POINT (9.998449950000065 53.506804414000044)","Unfall 125884 (2018) Kat:3, Licht: 0","125884","3","6","8","07","14","1","0","0","0","1","0","0"
"POINT (9.875677435000057 53.588303130000043)","Unfall 125885 (2018) Kat:3, Licht: 0","125885","3","4","6","07","06","5","0","0","0","1","1","0"
"POINT (10.022316236000052 53.535548013000039)","Unfall 125886 (2018) Kat:3, Licht: 0","125886","3","6","2","07","17","1","0","0","0","1","0","0"
"POINT (9.959379452000064 53.612316534000058)","Unfall 125887 (2018) Kat:3, Licht: 1","125887","3","2","5","07","05","3","0","1","0","1","0","1"
"POINT (10.105630735000034 53.437369504000060)","Unfall 125888 (2018) Kat:2, Licht: 0","125888","2","4","6","07","15","1","0","0","0","1","1","0"
"POINT (10.209095851000029 53.483343902000058)","Unfall 125889 (2018) Kat:2, Licht: 0","125889","2","1","0","07","12","1","0","0","0","0","0","1"
"POINT (9.962967299000070 53.551159792000078)","Unfall 125890 (2018) Kat:3, Licht: 1","125890","3","7","5","07","22","6","0","1","1","1","0","0"
"POINT (9.951225238000063 53.566313605000062)","Unfall 125891 (2018) Kat:3, Licht: 0","125891","3","3","5","07","11","1","0","0","1","1","0","0"
"POINT (10.102246706000074 53.541865877000077)","Unfall 125892 (2018) Kat:3, Licht: 0","125892","3","6","2","07","12","1","0","0","0","1","0","0"
"POINT (10.012885846000074 53.546460353000043)","Unfall 125893 (2018) Kat:3, Licht: 0","125893","3","6","3","07","10","4","1","0","0","1","0","0"
"POINT (10.098888413000054 53.537714249000032)","Unfall 125894 (2018) Kat:2, Licht: 0","125894","2","1","0","07","20","1","0","0","0","0","0","1"
"POINT (10.164261713000030 53.646758052000052)","Unfall 125895 (2018) Kat:2, Licht: 0","125895","2","4","6","07","13","4","0","0","0","1","1","0"
"POINT (10.071091278000040 53.573393710000062)","Unfall 125896 (2018) Kat:3, Licht: 0","125896","3","6","2","07","17","2","0","0","0","1","0","0"
"POINT (10.028674667000075 53.552216826000063)","Unfall 125897 (2018) Kat:3, Licht: 0","125897","3","1","0","07","18","1","0","0","0","0","0","1"
"POINT (9.954088642000045 53.569383116000040)","Unfall 125898 (2018) Kat:3, Licht: 0","125898","3","6","2","07","17","4","0","0","0","1","0","0"
"POINT (10.155893146000039 53.614241070000048)","Unfall 125899 (2018) Kat:2, Licht: 0","125899","2","2","5","07","16","1","0","0","1","1","0","0"
"POINT (9.937641649000057 53.550203988000078)","Unfall 125900 (2018) Kat:3, Licht: 0","125900","3","5","1","07","19","7","0","0","0","1","0","0"
"POINT (10.017909013000065 53.556106202000080)","Unfall 125901 (2018) Kat:3, Licht: 0","125901","3","7","0","07","16","3","0","0","0","1","0","0"
"POINT (10.155496588000062 53.614503171000081)","Unfall 125902 (2018) Kat:3, Licht: 0","125902","3","6","2","07","11","1","0","0","0","1","0","1"
"POINT (10.083392416000038 53.618244713000081)","Unfall 125903 (2018) Kat:3, Licht: 0","125903","3","6","4","07","19","1","0","0","1","0","0","0"
"POINT (9.845287164000069 53.563569285000028)","Unfall 125904 (2018) Kat:3, Licht: 0","125904","3","3","5","07","12","5","0","0","0","1","0","0"
"POINT (10.000405039000043 53.621572254000057)","Unfall 125905 (2018) Kat:3, Licht: 0","125905","3","3","5","07","10","7","0","0","0","1","0","0"
"POINT (9.950983604000044 53.565516989000059)","Unfall 125906 (2018) Kat:3, Licht: 0","125906","3","3","5","07","09","3","0","0","1","0","0","0"
"POINT (10.167685368000036 53.656582280000066)","Unfall 125907 (2018) Kat:3, Licht: 0","125907","3","5","1","07","17","1","0","0","0","1","0","0"
"POINT (10.012158131000035 53.646585367000057)","Unfall 125908 (2018) Kat:3, Licht: 0","125908","3","2","3","07","18","1","0","0","1","1","0","0"
"POINT (10.038872687000037 53.534295687000053)","Unfall 125909 (2018) Kat:3, Licht: 0","125909","3","3","5","07","16","5","0","0","1","1","0","0"
"POINT (10.051264650000064 53.557551877000037)","Unfall 125910 (2018) Kat:3, Licht: 0","125910","3","7","1","07","20","7","0","0","1","1","0","0"
"POINT (9.996888672000068 53.581899389000057)","Unfall 125911 (2018) Kat:3, Licht: 0","125911","3","5","1","07","09","1","0","0","1","1","0","0"
"POINT (10.035787531000040 53.600872273000050)","Unfall 125912 (2018) Kat:3, Licht: 0","125912","3","2","5","07","12","4","1","0","0","1","0","0"
"POINT (9.873970259000032 53.600495614000067)","Unfall 125913 (2018) Kat:3, Licht: 0","125913","3","2","5","07","11","1","0","0","0","1","0","0"
"POINT (10.029870360000075 53.578567547000034)","Unfall 125914 (2018) Kat:3, Licht: 2","125914","3","1","0","07","23","6","0","2","1","0","0","0"
"POINT (9.811787060000029 53.563240023000048)","Unfall 125915 (2018) Kat:3, Licht: 0","125915","3","7","6","07","14","4","0","0","0","1","1","0"
"POINT (9.955497805000050 53.570133598000041)","Unfall 125916 (2018) Kat:3, Licht: 0","125916","3","6","2","06","18","3","0","0","1","0","0","0"
"POINT (10.044715890000077 53.582237975000055)","Unfall 125917 (2018) Kat:3, Licht: 0","125917","3","7","3","07","16","2","0","0","0","1","0","0"
"POINT (9.890173108000056 53.550504296000042)","Unfall 125918 (2018) Kat:3, Licht: 0","125918","3","3","5","07","05","1","0","0","0","1","0","0"
"POINT (9.991604813000038 53.453614833000074)","Unfall 125919 (2018) Kat:1, Licht: 2","125919","1","6","4","07","23","3","0","2","0","1","0","0"
"POINT (9.936689009000077 53.551719796000043)","Unfall 125920 (2018) Kat:3, Licht: 0","125920","3","6","6","07","17","1","0","0","1","0","1","0"
"POINT (10.210681830000055 53.486562321000065)","Unfall 125921 (2018) Kat:3, Licht: 0","125921","3","3","5","07","11","6","0","0","1","1","0","0"
"POINT (10.080069060000028 53.556152704000056)","Unfall 125922 (2018) Kat:3, Licht: 2","125922","3","6","0","07","23","2","0","2","0","1","0","0"
"POINT (9.989888640000061 53.561500476000049)","Unfall 125923 (2018) Kat:2, Licht: 2","125923","2","3","5","07","01","1","0","2","0","1","0","0"
"POINT (10.038396880000050 53.533800035000070)","Unfall 125924 (2018) Kat:3, Licht: 0","125924","3","7","1","07","10","3","0","0","0","1","0","1"
"POINT (9.977190431000054 53.557803633000049)","Unfall 125925 (2018) Kat:3, Licht: 2","125925","3","7","2","07","02","1","0","2","0","1","0","0"
"POINT (9.922613657000056 53.546190505000027)","Unfall 125926 (2018) Kat:3, Licht: 0","125926","3","3","5","07","15","5","0","0","1","0","0","0"
"POINT (9.980419575000042 53.601398480000057)","Unfall 125927 (2018) Kat:3, Licht: 0","125927","3","3","5","06","16","3","0","0","0","1","0","0"
"POINT (10.188392782000051 53.607934650000061)","Unfall 125928 (2018) Kat:3, Licht: 0","125928","3","6","2","07","15","6","0","0","0","1","0","1"
"POINT (10.047441120000030 53.541009625000072)","Unfall 125929 (2018) Kat:3, Licht: 0","125929","3","2","4","07","18","3","0","0","0","1","0","0"
"POINT (10.204454445000067 53.491842756000040)","Unfall 125930 (2018) Kat:2, Licht: 0","125930","2","2","6","06","17","7","0","0","0","1","1","0"
"POINT (10.094758113000069 53.543967898000062)","Unfall 125931 (2018) Kat:2, Licht: 0","125931","2","6","3","07","17","5","0","0","0","1","0","1"
"POINT (9.928951738000023 53.550573747000044)","Unfall 125932 (2018) Kat:3, Licht: 0","125932","3","6","3","07","10","7","0","0","0","1","0","1"
"POINT (10.226996286000031 53.495410236000055)","Unfall 125933 (2018) Kat:3, Licht: 0","125933","3","1","9","07","12","3","0","0","1","0","0","0"
"POINT (10.086431820000030 53.498870768000074)","Unfall 125934 (2018) Kat:3, Licht: 0","125934","3","5","1","06","13","7","0","0","1","1","0","0"
"POINT (9.953773347000038 53.619977513000038)","Unfall 125935 (2018) Kat:3, Licht: 0","125935","3","3","5","07","07","4","1","0","0","1","0","0"
"POINT (10.084427365000067 53.551520664000066)","Unfall 125936 (2018) Kat:3, Licht: 0","125936","3","6","2","06","15","7","0","0","0","1","0","0"
"POINT (9.930941372000063 53.546486802000061)","Unfall 125937 (2018) Kat:3, Licht: 0","125937","3","3","0","07","12","6","0","0","0","1","0","1"
"POINT (9.982812690000060 53.574246534000054)","Unfall 125938 (2018) Kat:3, Licht: 2","125938","3","5","1","07","23","4","0","2","1","1","0","0"
"POINT (9.990502066000033 53.554460003000031)","Unfall 125939 (2018) Kat:3, Licht: 0","125939","3","6","0","07","15","2","0","0","0","1","0","1"
"POINT (10.163405069000021 53.614169430000061)","Unfall 125940 (2018) Kat:3, Licht: 0","125940","3","6","2","07","17","3","0","0","0","1","0","0"
"POINT (10.100793887000066 53.540477601000077)","Unfall 125941 (2018) Kat:3, Licht: 0","125941","3","7","6","06","14","7","0","0","1","0","1","0"
"POINT (10.132207288000075 53.596984585000030)","Unfall 125942 (2018) Kat:3, Licht: 0","125942","3","6","2","07","12","6","0","0","0","1","0","0"
"POINT (10.065785679000044 53.571305357000028)","Unfall 125943 (2018) Kat:3, Licht: 0","125943","3","2","3","07","19","2","0","0","1","1","0","0"
"POINT (10.112590830000045 53.616180924000048)","Unfall 125944 (2018) Kat:3, Licht: 0","125944","3","7","0","06","14","7","0","0","1","0","0","0"
"POINT (10.140738748000047 53.623199188000058)","Unfall 125945 (2018) Kat:3, Licht: 0","125945","3","2","4","07","11","3","0","0","1","1","0","0"
"POINT (10.010399318000054 53.610852199000078)","Unfall 125946 (2018) Kat:3, Licht: 0","125946","3","5","3","07","21","5","0","0","0","1","0","0"
"POINT (10.152449844000046 53.603985649000037)","Unfall 125947 (2018) Kat:3, Licht: 0","125947","3","3","5","06","13","7","0","0","1","0","0","0"
"POINT (9.990188720000049 53.559915751000062)","Unfall 125948 (2018) Kat:3, Licht: 0","125948","3","2","3","07","13","5","0","0","1","1","0","0"
"POINT (10.030779511000048 53.592224306000048)","Unfall 125949 (2018) Kat:3, Licht: 2","125949","3","3","6","07","00","6","0","2","1","0","1","0"
"POINT (9.962961595000024 53.569652137000048)","Unfall 125950 (2018) Kat:3, Licht: 2","125950","3","3","5","07","01","3","0","2","1","0","0","0"
"POINT (10.096163732000036 53.600001454000051)","Unfall 125951 (2018) Kat:3, Licht: 0","125951","3","3","5","06","19","7","0","0","1","1","0","0"
"POINT (10.027944280000042 53.569181819000050)","Unfall 125952 (2018) Kat:3, Licht: 0","125952","3","6","2","07","15","5","0","0","0","1","0","0"
"POINT (9.989511938000021 53.581979251000064)","Unfall 125953 (2018) Kat:2, Licht: 0","125953","2","3","5","07","15","1","0","0","1","1","0","0"
"POINT (10.041991597000049 53.566772959000048)","Unfall 125954 (2018) Kat:3, Licht: 0","125954","3","3","5","07","06","3","0","0","0","1","0","0"
"POINT (10.006870592000041 53.627744848000077)","Unfall 125955 (2018) Kat:3, Licht: 0","125955","3","3","5","06","14","7","0","0","0","1","0","1"
"POINT (9.977662082000052 53.575717637000082)","Unfall 125956 (2018) Kat:3, Licht: 0","125956","3","2","5","07","09","6","0","0","1","1","0","0"
"POINT (9.988261285000021 53.556817332000037)","Unfall 125957 (2018) Kat:3, Licht: 0","125957","3","6","3","07","16","2","0","0","0","1","0","0"
"POINT (10.124351506000039 53.587942708000071)","Unfall 125958 (2018) Kat:3, Licht: 0","125958","3","2","4","07","09","1","0","0","0","1","0","1"
"POINT (10.034350195000059 53.606192739000051)","Unfall 125959 (2018) Kat:3, Licht: 0","125959","3","2","6","07","13","3","0","0","0","1","1","0"
"POINT (10.040484317000050 53.579725306000057)","Unfall 125960 (2018) Kat:3, Licht: 0","125960","3","6","2","06","20","7","0","0","0","1","0","0"
"POINT (9.907625725000059 53.602279848000080)","Unfall 125961 (2018) Kat:3, Licht: 0","125961","3","2","2","07","18","6","0","0","1","1","0","0"
"POINT (10.065002543000048 53.604082396000081)","Unfall 125962 (2018) Kat:2, Licht: 0","125962","2","5","1","07","14","2","0","0","1","0","0","0"
"POINT (9.900591536000036 53.619514876000039)","Unfall 125963 (2018) Kat:3, Licht: 0","125963","3","5","0","06","12","7","0","0","0","1","0","0"
"POINT (9.986567973000035 53.456931812000050)","Unfall 125964 (2018) Kat:3, Licht: 0","125964","3","4","0","07","14","4","1","0","0","0","1","0"
"POINT (9.891658833000065 53.600964006000027)","Unfall 125965 (2018) Kat:3, Licht: 0","125965","3","6","6","06","06","7","0","0","0","1","1","0"
"POINT (10.040313433000051 53.555477145000054)","Unfall 125966 (2018) Kat:3, Licht: 0","125966","3","3","6","07","16","4","0","0","0","1","1","0"
"POINT (9.977933317000066 53.549217550000037)","Unfall 125967 (2018) Kat:3, Licht: 0","125967","3","2","5","07","08","6","0","0","1","0","0","0"
"POINT (10.240743801000065 53.477331818000039)","Unfall 125968 (2018) Kat:3, Licht: 0","125968","3","6","2","07","17","2","0","0","0","1","0","0"
"POINT (9.890250543000036 53.573352154000077)","Unfall 125969 (2018) Kat:3, Licht: 2","125969","3","1","0","06","03","7","0","2","1","0","0","0"
"POINT (10.000114503000077 53.520016551000026)","Unfall 125970 (2018) Kat:3, Licht: 0","125970","3","2","0","07","17","4","0","0","0","1","0","0"
"POINT (10.204994336000027 53.495998733000079)","Unfall 125971 (2018) Kat:3, Licht: 0","125971","3","2","5","07","14","7","0","0","1","1","0","0"
"POINT (9.963120056000037 53.569640492000076)","Unfall 125972 (2018) Kat:3, Licht: 0","125972","3","6","6","07","16","3","0","0","0","1","1","0"
"POINT (9.945628952000050 53.630083268000078)","Unfall 125973 (2018) Kat:3, Licht: 0","125973","3","5","1","06","12","7","0","0","1","1","0","0"
"POINT (9.993933190000064 53.572816313000033)","Unfall 125974 (2018) Kat:3, Licht: 0","125974","3","2","4","06","10","7","0","0","0","1","0","0"
"POINT (10.105599119000033 53.653445466000051)","Unfall 125975 (2018) Kat:3, Licht: 0","125975","3","6","2","07","11","3","0","0","0","1","0","1"
"POINT (9.898924076000071 53.476941016000069)","Unfall 125976 (2018) Kat:3, Licht: 0","125976","3","6","2","07","16","5","0","0","0","1","0","0"
"POINT (9.975549819000037 53.460237424000070)","Unfall 125977 (2018) Kat:3, Licht: 0","125977","3","3","5","07","16","3","0","0","0","1","0","1"
"POINT (9.980403388000070 53.576855771000055)","Unfall 125978 (2018) Kat:3, Licht: 0","125978","3","6","2","07","11","1","0","0","0","1","0","0"
"POINT (9.984471805000055 53.583484671000065)","Unfall 125979 (2018) Kat:2, Licht: 2","125979","2","1","8","06","01","7","0","2","0","1","0","0"
"POINT (10.001929696000047 53.590989330000070)","Unfall 125980 (2018) Kat:3, Licht: 0","125980","3","3","5","07","18","4","1","0","0","1","0","0"
"POINT (9.984249624000029 53.555455999000060)","Unfall 125981 (2018) Kat:3, Licht: 0","125981","3","7","0","06","13","7","0","0","1","0","0","0"
"POINT (10.017668056000048 53.634336749000056)","Unfall 125982 (2018) Kat:3, Licht: 2","125982","3","7","0","07","22","6","0","2","1","0","0","0"
"POINT (10.025255045000051 53.604147021000074)","Unfall 125983 (2018) Kat:3, Licht: 0","125983","3","2","5","07","16","4","0","0","0","1","0","1"
"POINT (10.009724749000043 53.653408691000038)","Unfall 125984 (2018) Kat:3, Licht: 0","125984","3","3","5","07","16","2","0","0","0","1","0","0"
"POINT (9.896663419000049 53.515488958000049)","Unfall 125985 (2018) Kat:2, Licht: 0","125985","2","2","5","06","10","6","0","0","0","1","0","0"
"POINT (10.081666077000023 53.533522689000051)","Unfall 125986 (2018) Kat:3, Licht: 0","125986","3","6","3","07","14","4","1","0","0","1","0","0"
"POINT (9.882710892000034 53.517557965000037)","Unfall 125987 (2018) Kat:3, Licht: 0","125987","3","6","2","06","09","6","0","0","0","1","0","0"
"POINT (10.083112845000073 53.576000357000055)","Unfall 125988 (2018) Kat:3, Licht: 0","125988","3","2","5","07","13","4","0","0","1","1","0","0"
"POINT (10.031255654000063 53.537773371000071)","Unfall 125989 (2018) Kat:3, Licht: 0","125989","3","6","1","07","09","5","0","0","0","1","0","0"
"POINT (10.140158993000057 53.609096609000062)","Unfall 125990 (2018) Kat:3, Licht: 0","125990","3","6","2","07","19","2","0","0","0","1","0","0"
"POINT (9.879561178000074 53.473668030000056)","Unfall 125991 (2018) Kat:3, Licht: 0","125991","3","1","1","06","15","6","0","0","0","1","0","1"
"POINT (10.053736020000031 53.568811936000031)","Unfall 125992 (2018) Kat:3, Licht: 0","125992","3","2","3","07","17","4","0","0","1","1","0","0"
"POINT (9.987733942000034 53.457099179000068)","Unfall 125993 (2018) Kat:3, Licht: 0","125993","3","3","5","06","15","6","0","0","1","0","0","0"
"POINT (9.909373518000052 53.549329567000029)","Unfall 125994 (2018) Kat:3, Licht: 0","125994","3","3","5","07","19","7","0","0","1","1","0","0"
"POINT (9.965822051000032 53.546373501000062)","Unfall 125995 (2018) Kat:3, Licht: 0","125995","3","6","2","07","16","3","0","0","0","1","0","0"
"POINT (10.025968319000071 53.527356640000050)","Unfall 125996 (2018) Kat:3, Licht: 0","125996","3","6","4","06","20","6","0","0","1","0","0","0"
"POINT (10.184898420000025 53.485682061000034)","Unfall 125997 (2018) Kat:2, Licht: 0","125997","2","5","1","06","20","6","0","0","1","1","0","0"
"POINT (10.009602337000047 53.578078933000029)","Unfall 125998 (2018) Kat:3, Licht: 0","125998","3","6","2","07","12","3","0","0","0","1","0","0"
"POINT (10.052243531000045 53.603694381000082)","Unfall 125999 (2018) Kat:3, Licht: 0","125999","3","6","3","07","21","5","0","0","1","0","0","0"
"POINT (10.011463261000074 53.639267174000054)","Unfall 126000 (2018) Kat:3, Licht: 1","126000","3","7","3","07","21","7","0","1","0","1","0","0"
"POINT (10.075994505000040 53.519488575000082)","Unfall 126001 (2018) Kat:3, Licht: 0","126001","3","5","8","06","13","6","0","0","0","1","0","0"
"POINT (10.055706736000047 53.591341214000067)","Unfall 126002 (2018) Kat:3, Licht: 0","126002","3","3","5","07","16","4","1","0","1","1","0","0"
"POINT (10.093686378000029 53.555329226000026)","Unfall 126003 (2018) Kat:2, Licht: 0","126003","2","2","4","06","09","6","0","0","0","1","0","0"
"POINT (10.049939846000029 53.589905936000036)","Unfall 126004 (2018) Kat:3, Licht: 0","126004","3","6","2","07","11","6","0","0","0","1","0","0"
"POINT (9.977804153000022 53.583916471000066)","Unfall 126005 (2018) Kat:3, Licht: 0","126005","3","3","5","07","18","4","0","0","1","1","0","0"
"POINT (9.963533111000061 53.577269805000071)","Unfall 126006 (2018) Kat:3, Licht: 0","126006","3","3","0","06","09","3","0","0","1","1","0","0"
"POINT (9.919594477000032 53.563641234000045)","Unfall 126007 (2018) Kat:3, Licht: 0","126007","3","6","3","07","17","2","0","0","0","1","0","0"
"POINT (10.098313348000033 53.536057460000052)","Unfall 126008 (2018) Kat:3, Licht: 0","126008","3","2","3","07","05","3","0","0","1","1","0","0"
"POINT (10.118811152000035 53.537182807000079)","Unfall 126009 (2018) Kat:3, Licht: 0","126009","3","7","2","06","07","6","0","0","0","1","0","1"
"POINT (10.054082541000071 53.572721704000060)","Unfall 126010 (2018) Kat:3, Licht: 0","126010","3","3","5","07","08","3","0","0","0","1","0","0"
"POINT (10.055465203000040 53.560946603000048)","Unfall 126011 (2018) Kat:3, Licht: 0","126011","3","2","2","07","17","6","0","0","0","1","0","0"
"POINT (10.035130086000038 53.552395006000040)","Unfall 126012 (2018) Kat:3, Licht: 0","126012","3","3","5","07","15","2","0","0","1","1","0","0"
"POINT (10.140380568000069 53.629461061000029)","Unfall 126013 (2018) Kat:3, Licht: 0","126013","3","6","2","06","17","6","0","0","0","1","0","0"
"POINT (10.159485428000039 53.620628551000038)","Unfall 126014 (2018) Kat:3, Licht: 0","126014","3","6","2","06","16","6","0","0","0","1","0","1"
"POINT (9.987464397000053 53.548957481000059)","Unfall 126015 (2018) Kat:3, Licht: 0","126015","3","3","5","07","15","4","0","0","0","1","0","0"
"POINT (10.153686394000033 53.603457690000027)","Unfall 126016 (2018) Kat:3, Licht: 0","126016","3","4","6","06","17","6","0","0","0","1","1","0"
"POINT (10.006118480000055 53.550515648000044)","Unfall 126017 (2018) Kat:3, Licht: 0","126017","3","6","2","07","13","7","0","0","0","1","0","0"
"POINT (9.962937948000047 53.469369943000061)","Unfall 126018 (2018) Kat:3, Licht: 2","126018","3","2","6","07","00","2","0","2","0","1","1","0"
"POINT (10.127326856000025 53.654964147000044)","Unfall 126019 (2018) Kat:3, Licht: 0","126019","3","6","2","06","14","6","0","0","0","1","0","0"
"POINT (10.015268117000062 53.562872240000047)","Unfall 126020 (2018) Kat:3, Licht: 0","126020","3","4","6","06","20","6","0","0","0","0","1","1"
"POINT (9.903270617000032 53.607715567000071)","Unfall 126021 (2018) Kat:3, Licht: 0","126021","3","2","6","07","13","3","0","0","0","1","1","0"
"POINT (9.874631197000042 53.589899275000050)","Unfall 126022 (2018) Kat:3, Licht: 0","126022","3","6","2","07","11","5","0","0","0","1","0","0"
"POINT (10.057507321000060 53.554749177000076)","Unfall 126023 (2018) Kat:2, Licht: 0","126023","2","2","5","07","17","6","0","0","1","1","0","0"
"POINT (9.936165046000042 53.594871753000064)","Unfall 126024 (2018) Kat:3, Licht: 0","126024","3","3","5","06","18","6","0","0","1","1","0","0"
"POINT (9.928355456000077 53.553901851000035)","Unfall 126025 (2018) Kat:3, Licht: 0","126025","3","3","5","07","09","4","1","0","1","1","0","0"
"POINT (9.904589784000052 53.605091052000034)","Unfall 126026 (2018) Kat:3, Licht: 0","126026","3","6","0","06","06","6","0","0","1","0","0","0"
"POINT (9.857264444000066 53.535106168000027)","Unfall 126027 (2018) Kat:3, Licht: 0","126027","3","6","2","07","11","5","0","0","0","1","0","0"
"POINT (9.982669211000030 53.544201679000082)","Unfall 126028 (2018) Kat:2, Licht: 2","126028","2","3","5","07","22","4","0","2","1","1","0","0"
"POINT (10.016500144000076 53.527072862000068)","Unfall 126029 (2018) Kat:2, Licht: 0","126029","2","6","2","07","05","2","0","0","0","0","0","1"
"POINT (10.102082912000071 53.580564796000033)","Unfall 126030 (2018) Kat:3, Licht: 0","126030","3","3","5","07","07","3","0","0","1","1","0","0"
"POINT (9.872879268000077 53.591340982000077)","Unfall 126031 (2018) Kat:3, Licht: 0","126031","3","6","3","06","12","6","0","0","0","1","0","0"
"POINT (9.835010822000072 53.572112868000033)","Unfall 126032 (2018) Kat:3, Licht: 0","126032","3","6","4","07","14","3","0","0","1","0","0","0"
"POINT (10.041219638000030 53.579602213000044)","Unfall 126033 (2018) Kat:2, Licht: 0","126033","2","3","5","07","14","6","0","0","1","1","0","0"
"POINT (10.070229511000036 53.573103462000063)","Unfall 126034 (2018) Kat:3, Licht: 0","126034","3","3","5","07","07","2","0","0","0","1","0","1"
"POINT (9.919899490000034 53.560418599000059)","Unfall 126035 (2018) Kat:3, Licht: 0","126035","3","6","2","06","08","6","0","0","1","1","0","0"
"POINT (9.943044976000067 53.552948780000065)","Unfall 126036 (2018) Kat:3, Licht: 0","126036","3","5","0","07","18","5","0","0","0","1","0","1"
"POINT (9.918118611000068 53.579724940000062)","Unfall 126037 (2018) Kat:3, Licht: 0","126037","3","2","5","06","15","6","0","0","1","0","0","0"
"POINT (9.905493155000045 53.562373166000043)","Unfall 126038 (2018) Kat:3, Licht: 2","126038","3","1","8","07","01","3","0","2","1","0","0","0"
"POINT (10.182117976000029 53.486086322000062)","Unfall 126039 (2018) Kat:3, Licht: 0","126039","3","2","5","07","19","4","0","0","1","1","0","0"
"POINT (9.897785901000077 53.567849146000071)","Unfall 126040 (2018) Kat:3, Licht: 0","126040","3","6","2","07","18","6","0","0","0","1","0","0"
"POINT (10.019652526000073 53.556889095000031)","Unfall 126041 (2018) Kat:3, Licht: 0","126041","3","6","2","07","12","3","0","0","0","1","0","1"
"POINT (9.937761271000056 53.552978933000077)","Unfall 126042 (2018) Kat:3, Licht: 0","126042","3","3","5","06","14","6","0","0","1","1","0","0"
"POINT (9.912904709000031 53.546125973000073)","Unfall 126043 (2018) Kat:3, Licht: 0","126043","3","5","1","07","11","5","0","0","0","1","0","0"
"POINT (10.077198001000056 53.608631076000052)","Unfall 126044 (2018) Kat:2, Licht: 0","126044","2","4","6","07","17","5","0","0","0","1","1","0"
"POINT (9.993744586000048 53.558630798000081)","Unfall 126045 (2018) Kat:3, Licht: 0","126045","3","3","5","06","16","6","0","0","0","1","0","0"
"POINT (9.932081459000074 53.546614865000038)","Unfall 126046 (2018) Kat:3, Licht: 0","126046","3","7","5","07","08","5","0","0","0","1","0","1"
"POINT (10.112023842000042 53.653267767000045)","Unfall 126047 (2018) Kat:3, Licht: 0","126047","3","1","0","07","17","6","0","0","0","1","0","0"
"POINT (10.053270728000030 53.589184475000081)","Unfall 126048 (2018) Kat:3, Licht: 0","126048","3","2","5","07","07","3","0","0","1","1","0","0"
"POINT (10.006249349000029 53.548142536000057)","Unfall 126049 (2018) Kat:3, Licht: 0","126049","3","6","3","06","12","6","0","0","0","1","0","0"
"POINT (10.052622962000044 53.608398571000066)","Unfall 126050 (2018) Kat:3, Licht: 0","126050","3","6","3","07","13","5","0","0","0","1","0","0"
"POINT (9.987833516000023 53.649438904000078)","Unfall 126051 (2018) Kat:3, Licht: 2","126051","3","4","6","07","00","1","0","2","0","1","1","0"
"POINT (10.029718593000041 53.600194023000029)","Unfall 126052 (2018) Kat:2, Licht: 0","126052","2","3","5","07","20","3","0","0","0","1","0","0"
"POINT (9.993550454000058 53.552629598000067)","Unfall 126053 (2018) Kat:3, Licht: 0","126053","3","7","0","06","14","6","0","0","1","0","0","0"
"POINT (9.963393703000065 53.581495811000082)","Unfall 126054 (2018) Kat:3, Licht: 0","126054","3","7","1","07","20","3","0","0","1","1","0","0"
"POINT (9.973707465000075 53.611836936000032)","Unfall 126055 (2018) Kat:3, Licht: 0","126055","3","3","5","07","16","6","0","0","1","1","0","0"