WKT,Name,OBJECTID,UKATEGORIE,UTYP1,UART,UMONAT,USTUNDE,UWOCHENTAG,STRZUSTAND,ULICHTVERH,ISTRAD,ISTPKW,ISTFUSS,ISTKRAD
"POINT (9.891575698000054 53.602774925000062)","Unfall 126056 (2018) Kat:3, Licht: 0","126056","3","7","0","07","18","2","0","0","1","0","1","0"
"POINT (9.877565112000070 53.533548530000076)","Unfall 126057 (2018) Kat:3, Licht: 1","126057","3","1","9","06","22","5","0","1","0","1","0","0"
"POINT (10.146465395000064 53.485465523000073)","Unfall 126058 (2018) Kat:2, Licht: 0","126058","2","2","4","07","16","4","0","0","1","0","0","0"
"POINT (9.886271589000046 53.517874769000059)","Unfall 126059 (2018) Kat:3, Licht: 0","126059","3","6","3","06","10","5","0","0","0","1","0","0"
"POINT (10.105166325000027 53.571529191000081)","Unfall 126060 (2018) Kat:3, Licht: 0","126060","3","2","4","07","16","4","0","0","0","1","0","0"
"POINT (9.913115674000039 53.514488344000029)","Unfall 126061 (2018) Kat:3, Licht: 0","126061","3","6","3","07","16","5","0","0","0","1","0","1"
"POINT (10.093771085000071 53.555241053000032)","Unfall 126062 (2018) Kat:3, Licht: 0","126062","3","3","5","07","12","2","0","0","0","1","0","0"
"POINT (9.984828970000024 53.456989074000035)","Unfall 126063 (2018) Kat:3, Licht: 0","126063","3","7","0","06","13","5","0","0","0","1","0","0"
"POINT (10.110665183000037 53.546538787000031)","Unfall 126064 (2018) Kat:3, Licht: 0","126064","3","5","0","07","11","4","0","0","0","0","0","0"
"POINT (10.057592804000024 53.554034916000035)","Unfall 126065 (2018) Kat:3, Licht: 0","126065","3","2","3","06","08","5","0","0","1","1","0","0"
"POINT (10.158545885000024 53.653768430000071)","Unfall 126066 (2018) Kat:3, Licht: 0","126066","3","6","2","07","11","7","0","0","0","1","0","0"
"POINT (9.984004776000063 53.614405280000028)","Unfall 126067 (2018) Kat:3, Licht: 0","126067","3","2","5","07","17","3","0","0","1","1","0","0"
"POINT (10.057313225000030 53.554921195000077)","Unfall 126068 (2018) Kat:3, Licht: 0","126068","3","3","5","06","07","5","0","0","1","1","0","0"
"POINT (9.993721944000072 53.557759927000063)","Unfall 126069 (2018) Kat:2, Licht: 0","126069","2","2","5","07","07","1","0","0","1","1","0","0"
"POINT (9.875417530000050 53.589059647000056)","Unfall 126070 (2018) Kat:2, Licht: 0","126070","2","6","3","07","14","3","0","0","0","1","0","0"
"POINT (10.143402849000040 53.627528706000078)","Unfall 126071 (2018) Kat:3, Licht: 0","126071","3","6","3","06","15","5","0","0","0","1","0","1"
"POINT (10.123381855000048 53.616057038000065)","Unfall 126072 (2018) Kat:3, Licht: 0","126072","3","3","5","06","09","5","0","0","1","1","0","0"
"POINT (9.960299695000060 53.583263966000061)","Unfall 126073 (2018) Kat:2, Licht: 0","126073","2","6","4","07","10","3","1","0","0","0","0","1"
"POINT (9.982017437000025 53.567967594000038)","Unfall 126074 (2018) Kat:3, Licht: 0","126074","3","6","3","07","14","6","0","0","1","1","0","0"
"POINT (10.105117328000063 53.456903960000034)","Unfall 126075 (2018) Kat:3, Licht: 0","126075","3","3","5","07","19","1","0","0","0","1","0","0"
"POINT (10.165134959000056 53.628778732000058)","Unfall 126076 (2018) Kat:2, Licht: 0","126076","2","3","5","06","14","5","0","0","0","1","0","1"
"POINT (10.144669442000065 53.545194811000044)","Unfall 126077 (2018) Kat:2, Licht: 0","126077","2","2","5","07","12","4","1","0","0","1","0","0"
"POINT (10.082880194000040 53.635077541000044)","Unfall 126078 (2018) Kat:3, Licht: 0","126078","3","3","5","06","19","5","0","0","1","1","0","0"
"POINT (10.079638876000047 53.655455561000053)","Unfall 126079 (2018) Kat:3, Licht: 0","126079","3","2","5","07","20","4","0","0","1","1","0","0"
"POINT (10.043887843000050 53.610464692000050)","Unfall 126080 (2018) Kat:3, Licht: 0","126080","3","3","5","07","16","5","0","0","1","1","0","0"
"POINT (10.128933269000072 53.600665266000078)","Unfall 126081 (2018) Kat:3, Licht: 0","126081","3","1","0","07","19","2","0","0","0","0","0","1"
"POINT (10.125291326000024 53.668789592000053)","Unfall 126082 (2018) Kat:3, Licht: 0","126082","3","3","5","06","09","5","0","0","1","0","0","0"
"POINT (9.893407463000074 53.557432351000045)","Unfall 126083 (2018) Kat:3, Licht: 0","126083","3","2","5","07","20","4","0","0","1","1","0","0"
"POINT (10.118401088000041 53.638093561000062)","Unfall 126084 (2018) Kat:3, Licht: 0","126084","3","3","5","06","18","5","0","0","0","1","0","1"
"POINT (9.960790990000021 53.569411273000071)","Unfall 126085 (2018) Kat:3, Licht: 2","126085","3","7","3","07","01","7","0","2","0","1","0","0"
"POINT (9.982156438000061 53.557006493000074)","Unfall 126086 (2018) Kat:3, Licht: 0","126086","3","6","3","07","14","3","0","0","0","1","0","0"
"POINT (10.079003661000058 53.664540070000044)","Unfall 126087 (2018) Kat:3, Licht: 0","126087","3","3","5","06","07","5","0","0","1","1","0","0"
"POINT (10.094995305000054 53.639187714000059)","Unfall 126088 (2018) Kat:3, Licht: 0","126088","3","7","2","06","10","5","0","0","0","1","0","1"
"POINT (9.997145403000047 53.573923690000072)","Unfall 126089 (2018) Kat:3, Licht: 0","126089","3","3","5","07","14","3","0","0","1","1","0","0"
"POINT (10.058346122000046 53.587422195000045)","Unfall 126090 (2018) Kat:3, Licht: 0","126090","3","7","6","07","16","5","0","0","1","0","1","0"
"POINT (9.949416585000051 53.582391319000067)","Unfall 126091 (2018) Kat:3, Licht: 2","126091","3","1","0","07","23","7","0","2","1","0","0","0"
"POINT (10.091750328000046 53.651324269000042)","Unfall 126092 (2018) Kat:2, Licht: 0","126092","2","7","0","06","15","5","0","0","1","0","0","0"
"POINT (9.935753380000051 53.573072137000054)","Unfall 126093 (2018) Kat:3, Licht: 0","126093","3","6","2","07","15","4","1","0","0","1","0","0"
"POINT (10.015238998000029 53.632621442000072)","Unfall 126094 (2018) Kat:2, Licht: 0","126094","2","6","2","06","14","5","0","0","0","1","0","0"
"POINT (9.874910686000021 53.587876142000027)","Unfall 126095 (2018) Kat:3, Licht: 0","126095","3","2","5","07","17","6","0","0","1","1","0","0"
"POINT (9.947344328000042 53.589760835000050)","Unfall 126096 (2018) Kat:3, Licht: 0","126096","3","6","2","07","07","4","0","0","0","1","0","0"
"POINT (10.012360812000054 53.580565314000069)","Unfall 126097 (2018) Kat:3, Licht: 0","126097","3","7","6","06","09","5","0","0","1","0","0","0"
"POINT (9.985784262000038 53.572072928000068)","Unfall 126098 (2018) Kat:3, Licht: 0","126098","3","7","0","07","10","3","0","0","1","0","0","0"
"POINT (10.188325874000043 53.504869170000063)","Unfall 126099 (2018) Kat:3, Licht: 0","126099","3","6","2","07","16","5","0","0","0","1","0","0"
"POINT (10.013231322000024 53.505565771000079)","Unfall 126100 (2018) Kat:3, Licht: 0","126100","3","6","4","07","10","7","0","0","1","1","0","0"
"POINT (10.018744329000072 53.614980944000081)","Unfall 126101 (2018) Kat:3, Licht: 0","126101","3","3","5","06","08","5","0","0","1","1","0","0"
"POINT (10.046271725000054 53.582829767000078)","Unfall 126102 (2018) Kat:3, Licht: 0","126102","3","6","2","07","16","4","1","0","0","1","0","0"
"POINT (10.024980859000038 53.604290033000041)","Unfall 126103 (2018) Kat:3, Licht: 0","126103","3","3","5","06","16","5","0","0","0","1","0","0"
"POINT (10.042008309000039 53.566718793000064)","Unfall 126104 (2018) Kat:3, Licht: 0","126104","3","6","4","07","11","6","0","0","1","0","0","0"
"POINT (10.036274543000047 53.597333290000051)","Unfall 126105 (2018) Kat:3, Licht: 0","126105","3","7","0","07","08","4","0","0","1","0","0","0"
"POINT (10.044696844000043 53.570514900000035)","Unfall 126106 (2018) Kat:3, Licht: 0","126106","3","3","5","07","14","2","0","0","0","1","0","0"
"POINT (10.025255499000025 53.604261440000073)","Unfall 126107 (2018) Kat:3, Licht: 0","126107","3","3","5","06","16","5","0","0","0","1","0","0"
"POINT (10.006153418000054 53.551800337000032)","Unfall 126108 (2018) Kat:3, Licht: 0","126108","3","2","3","07","10","4","0","0","1","1","0","0"
"POINT (10.030049045000055 53.600269233000063)","Unfall 126109 (2018) Kat:3, Licht: 0","126109","3","3","5","06","15","5","0","0","1","1","0","0"
"POINT (9.960773401000040 53.556587388000082)","Unfall 126110 (2018) Kat:3, Licht: 0","126110","3","3","5","07","08","3","0","0","1","1","0","0"
"POINT (9.987846963000038 53.457122303000062)","Unfall 126111 (2018) Kat:3, Licht: 0","126111","3","4","6","07","17","6","0","0","0","0","1","0"
"POINT (10.217448943000022 53.483185019000075)","Unfall 126112 (2018) Kat:2, Licht: 0","126112","2","3","5","07","12","2","0","0","1","1","0","0"
"POINT (10.036930415000029 53.574225193000075)","Unfall 126113 (2018) Kat:3, Licht: 0","126113","3","7","6","06","16","5","0","0","1","0","1","0"
"POINT (9.926501470000062 53.641564660000029)","Unfall 126114 (2018) Kat:3, Licht: 0","126114","3","6","2","06","10","5","0","0","0","1","0","0"
"POINT (9.965690146000043 53.564732120000031)","Unfall 126115 (2018) Kat:3, Licht: 2","126115","3","6","1","07","00","3","0","2","1","1","0","0"
"POINT (9.932019199000024 53.546614731000034)","Unfall 126116 (2018) Kat:3, Licht: 0","126116","3","2","4","07","19","5","0","0","0","1","0","1"
"POINT (10.149426321000021 53.620222075000072)","Unfall 126117 (2018) Kat:3, Licht: 0","126117","3","2","4","07","16","6","0","0","0","1","0","0"
"POINT (10.107700614000066 53.541835490000039)","Unfall 126118 (2018) Kat:3, Licht: 0","126118","3","2","3","07","14","3","0","0","1","1","0","0"
"POINT (9.939933596000060 53.619401571000026)","Unfall 126119 (2018) Kat:3, Licht: 0","126119","3","4","6","06","09","5","0","0","1","0","1","0"
"POINT (9.804991273000042 53.530065789000048)","Unfall 126120 (2018) Kat:3, Licht: 0","126120","3","3","5","07","16","3","0","0","0","0","0","1"
"POINT (9.920791634000068 53.558386707000068)","Unfall 126121 (2018) Kat:3, Licht: 0","126121","3","2","4","06","08","5","0","0","1","1","0","0"
"POINT (10.014958936000028 53.522063005000064)","Unfall 126122 (2018) Kat:3, Licht: 0","126122","3","6","2","07","18","5","0","0","0","1","0","0"
"POINT (10.009441959000071 53.547709581000049)","Unfall 126123 (2018) Kat:3, Licht: 0","126123","3","6","2","07","15","1","0","0","0","1","0","0"
"POINT (10.081849577000071 53.576377304000061)","Unfall 126124 (2018) Kat:3, Licht: 0","126124","3","2","0","07","10","3","0","0","1","0","0","0"
"POINT (10.005532176000031 53.552692559000036)","Unfall 126125 (2018) Kat:3, Licht: 0","126125","3","7","3","06","13","5","0","0","1","1","0","0"
"POINT (10.007995603000040 53.554442927000082)","Unfall 126126 (2018) Kat:3, Licht: 0","126126","3","4","6","07","07","3","0","0","0","1","1","0"
"POINT (9.986734652000052 53.563022744000079)","Unfall 126127 (2018) Kat:3, Licht: 0","126127","3","7","0","07","17","2","1","0","0","0","0","1"
"POINT (10.029761533000055 53.552184234000038)","Unfall 126128 (2018) Kat:3, Licht: 0","126128","3","6","3","07","08","3","0","0","0","1","0","0"
"POINT (10.000571237000031 53.555612483000061)","Unfall 126129 (2018) Kat:3, Licht: 0","126129","3","2","0","06","09","5","0","0","0","1","0","0"
"POINT (9.875532836000048 53.473831879000045)","Unfall 126130 (2018) Kat:3, Licht: 0","126130","3","3","0","07","14","2","0","0","1","1","0","0"
"POINT (10.108920160000025 53.581661145000055)","Unfall 126131 (2018) Kat:3, Licht: 0","126131","3","2","2","07","18","6","0","0","0","1","0","0"
"POINT (10.062867213000061 53.578001522000079)","Unfall 126132 (2018) Kat:3, Licht: 0","126132","3","6","0","07","12","2","0","0","0","1","0","1"
"POINT (10.006125857000029 53.550384452000060)","Unfall 126133 (2018) Kat:2, Licht: 2","126133","2","1","9","06","00","5","0","2","0","0","0","1"
"POINT (10.029177843000070 53.600311653000063)","Unfall 126134 (2018) Kat:2, Licht: 2","126134","2","1","0","07","04","5","1","2","0","0","0","1"
"POINT (10.008687247000069 53.552612829000054)","Unfall 126135 (2018) Kat:3, Licht: 0","126135","3","4","6","06","18","5","0","0","1","0","1","0"
"POINT (9.987554030000069 53.450257161000081)","Unfall 126136 (2018) Kat:3, Licht: 0","126136","3","2","4","07","10","2","0","0","0","1","0","0"
"POINT (9.987139320000040 53.542932874000030)","Unfall 126137 (2018) Kat:3, Licht: 0","126137","3","4","6","07","15","5","0","0","0","1","1","0"
"POINT (10.010696319000033 53.581766095000035)","Unfall 126138 (2018) Kat:3, Licht: 0","126138","3","6","3","07","09","6","0","0","1","0","0","0"
"POINT (9.982184138000037 53.584503448000078)","Unfall 126139 (2018) Kat:3, Licht: 0","126139","3","2","3","07","07","3","0","0","1","1","0","0"
"POINT (9.987216973000045 53.438514703000067)","Unfall 126140 (2018) Kat:3, Licht: 0","126140","3","6","2","06","17","4","0","0","0","1","0","0"
"POINT (10.046863466000048 53.583936532000052)","Unfall 126141 (2018) Kat:3, Licht: 0","126141","3","2","5","07","06","5","0","0","1","0","0","0"
"POINT (9.988509524000051 53.558176560000049)","Unfall 126142 (2018) Kat:3, Licht: 0","126142","3","6","2","07","17","4","0","0","1","1","0","0"
"POINT (9.955657708000047 53.552041850000080)","Unfall 126143 (2018) Kat:3, Licht: 2","126143","3","3","5","07","04","1","0","2","1","1","0","0"
"POINT (10.024066817000062 53.568387430000030)","Unfall 126144 (2018) Kat:3, Licht: 0","126144","3","6","2","07","16","3","0","0","0","1","0","0"
"POINT (9.926300625000067 53.477855756000054)","Unfall 126145 (2018) Kat:3, Licht: 0","126145","3","2","5","06","07","4","0","0","0","1","0","0"
"POINT (10.002572563000058 53.463063961000046)","Unfall 126146 (2018) Kat:3, Licht: 0","126146","3","6","2","07","09","2","0","0","0","1","0","0"
"POINT (9.989920700000027 53.561826930000052)","Unfall 126147 (2018) Kat:3, Licht: 0","126147","3","2","4","07","13","6","0","0","1","1","0","0"
"POINT (10.002430960000027 53.554520541000045)","Unfall 126148 (2018) Kat:3, Licht: 2","126148","3","3","5","07","22","2","0","2","1","1","0","0"
"POINT (10.210222476000069 53.498137408000048)","Unfall 126149 (2018) Kat:2, Licht: 0","126149","2","7","3","06","18","4","0","0","0","0","0","1"
"POINT (10.083518727000069 53.514818463000040)","Unfall 126150 (2018) Kat:3, Licht: 0","126150","3","1","0","07","17","4","1","0","0","0","0","1"
"POINT (10.100189466000074 53.528664563000063)","Unfall 126151 (2018) Kat:3, Licht: 0","126151","3","3","5","06","12","4","0","0","0","1","0","0"
"POINT (10.111163318000024 53.433707422000055)","Unfall 126152 (2018) Kat:3, Licht: 0","126152","3","7","1","07","19","2","0","0","1","1","0","0"
"POINT (10.135870442000055 53.576985015000048)","Unfall 126153 (2018) Kat:3, Licht: 0","126153","3","4","6","07","19","4","0","0","0","1","1","0"
"POINT (10.085826105000024 53.548990107000066)","Unfall 126154 (2018) Kat:3, Licht: 0","126154","3","6","4","07","14","5","0","0","0","1","0","0"
"POINT (10.024906900000076 53.566231375000029)","Unfall 126155 (2018) Kat:3, Licht: 0","126155","3","6","2","07","16","6","0","0","0","1","0","0"
"POINT (10.051465090000022 53.608489727000062)","Unfall 126156 (2018) Kat:3, Licht: 0","126156","3","6","2","07","18","2","0","0","0","1","0","0"
"POINT (10.114067983000041 53.532321280000076)","Unfall 126157 (2018) Kat:3, Licht: 0","126157","3","3","5","06","12","4","0","0","1","0","0","0"
"POINT (9.960329525000077 53.443837618000032)","Unfall 126158 (2018) Kat:3, Licht: 0","126158","3","1","8","07","16","4","1","0","0","1","0","0"
"POINT (10.114546618000077 53.545208170000080)","Unfall 126159 (2018) Kat:3, Licht: 0","126159","3","5","1","06","15","4","0","0","1","1","0","0"
"POINT (10.201889239000025 53.488094359000058)","Unfall 126160 (2018) Kat:3, Licht: 0","126160","3","6","1","07","15","2","0","0","0","1","0","0"
"POINT (10.083867508000026 53.514601792000065)","Unfall 126161 (2018) Kat:2, Licht: 0","126161","2","7","3","07","20","4","0","0","0","1","0","1"
"POINT (9.989374515000066 53.558294990000036)","Unfall 126162 (2018) Kat:3, Licht: 0","126162","3","3","5","07","18","6","0","0","1","1","0","0"
"POINT (9.987250999000025 53.502500004000069)","Unfall 126163 (2018) Kat:3, Licht: 0","126163","3","6","1","07","14","2","0","0","0","1","0","0"
"POINT (10.054477482000038 53.559456888000057)","Unfall 126164 (2018) Kat:3, Licht: 1","126164","3","2","2","06","21","4","0","1","0","1","0","0"
"POINT (9.994675030000053 53.571858116000044)","Unfall 126165 (2018) Kat:3, Licht: 0","126165","3","2","4","07","10","5","0","0","1","1","0","0"
"POINT (9.972465245000024 53.429217289000064)","Unfall 126166 (2018) Kat:2, Licht: 2","126166","2","1","0","07","00","7","0","2","1","0","0","0"
"POINT (9.983415571000023 53.614046016000032)","Unfall 126167 (2018) Kat:3, Licht: 0","126167","3","4","6","07","21","3","0","0","1","0","1","0"
"POINT (10.173583851000046 53.607000114000073)","Unfall 126168 (2018) Kat:3, Licht: 0","126168","3","2","4","06","19","4","0","0","0","1","0","0"
"POINT (10.103326255000070 53.577256985000076)","Unfall 126169 (2018) Kat:3, Licht: 0","126169","3","6","2","06","18","4","0","0","0","1","0","0"
"POINT (10.199455219000072 53.505794541000057)","Unfall 126170 (2018) Kat:3, Licht: 0","126170","3","6","4","07","19","2","0","0","1","1","0","0"
"POINT (10.009623417000057 53.552234196000029)","Unfall 126171 (2018) Kat:3, Licht: 0","126171","3","2","6","07","11","6","0","0","0","0","1","0"
"POINT (9.955767483000045 53.551501646000077)","Unfall 126172 (2018) Kat:3, Licht: 0","126172","3","3","5","07","05","1","0","0","1","0","0","0"
"POINT (10.124553877000039 53.588118599000040)","Unfall 126173 (2018) Kat:3, Licht: 0","126173","3","2","3","06","07","4","0","0","1","1","0","0"
"POINT (10.040425128000038 53.641956534000030)","Unfall 126174 (2018) Kat:3, Licht: 0","126174","3","3","5","07","18","4","1","0","0","1","0","0"
"POINT (10.166080204000025 53.629066997000052)","Unfall 126175 (2018) Kat:3, Licht: 0","126175","3","2","4","06","09","4","0","0","1","0","0","0"
"POINT (10.046992805000059 53.602709141000048)","Unfall 126176 (2018) Kat:3, Licht: 0","126176","3","3","5","07","17","6","0","0","0","1","0","0"
"POINT (10.106955412000048 53.653686065000045)","Unfall 126177 (2018) Kat:3, Licht: 0","126177","3","3","5","07","07","4","0","0","0","0","0","1"
"POINT (10.049594729000034 53.609255383000061)","Unfall 126178 (2018) Kat:3, Licht: 0","126178","3","2","5","07","15","2","0","0","0","0","0","1"
"POINT (10.156280346000074 53.602953430000071)","Unfall 126179 (2018) Kat:3, Licht: 0","126179","3","2","4","06","09","4","0","0","1","1","0","0"
"POINT (9.995667800000035 53.550619891000053)","Unfall 126180 (2018) Kat:3, Licht: 0","126180","3","2","4","07","19","4","0","0","1","1","0","0"
"POINT (10.168631560000051 53.624641222000037)","Unfall 126181 (2018) Kat:3, Licht: 0","126181","3","7","5","06","07","4","0","0","0","1","0","1"
"POINT (9.978661824000028 53.572349316000043)","Unfall 126182 (2018) Kat:3, Licht: 0","126182","3","2","4","07","10","7","0","0","1","1","0","0"
"POINT (10.042753327000071 53.542751371000065)","Unfall 126183 (2018) Kat:3, Licht: 0","126183","3","5","1","07","14","2","0","0","0","1","0","0"
"POINT (10.123283028000060 53.597230560000071)","Unfall 126184 (2018) Kat:2, Licht: 0","126184","2","3","5","06","18","4","0","0","1","1","0","0"
"POINT (10.131923994000033 53.597127001000047)","Unfall 126185 (2018) Kat:3, Licht: 0","126185","3","3","5","07","07","4","0","0","1","0","0","0"
"POINT (10.109710629000062 53.577700690000029)","Unfall 126186 (2018) Kat:3, Licht: 0","126186","3","7","0","06","12","4","0","0","1","0","0","0"
"POINT (9.785269700000072 53.565635142000076)","Unfall 126187 (2018) Kat:2, Licht: 0","126187","2","6","3","07","16","7","0","0","1","0","0","0"
"POINT (9.968361896000033 53.572876693000069)","Unfall 126188 (2018) Kat:3, Licht: 0","126188","3","7","5","07","07","3","0","0","1","1","0","0"
"POINT (10.079766138000025 53.576083430000040)","Unfall 126189 (2018) Kat:3, Licht: 0","126189","3","2","5","06","07","4","0","0","1","0","0","0"
"POINT (10.077604570000062 53.586021584000036)","Unfall 126190 (2018) Kat:3, Licht: 0","126190","3","3","5","06","15","4","0","0","0","1","0","1"
"POINT (10.026598218000061 53.553916473000072)","Unfall 126191 (2018) Kat:3, Licht: 0","126191","3","3","5","07","10","2","0","0","1","1","0","0"
"POINT (10.096581428000036 53.588513403000036)","Unfall 126192 (2018) Kat:3, Licht: 0","126192","3","6","2","07","17","5","0","0","0","1","0","0"
"POINT (10.133076575000075 53.583619469000041)","Unfall 126193 (2018) Kat:3, Licht: 0","126193","3","7","9","07","15","7","0","0","0","1","0","0"
"POINT (10.064262821000057 53.597340512000073)","Unfall 126194 (2018) Kat:3, Licht: 0","126194","3","2","2","06","20","4","0","0","0","1","0","0"
"POINT (10.035132342000054 53.574727761000076)","Unfall 126195 (2018) Kat:3, Licht: 0","126195","3","6","2","07","15","4","1","0","0","1","0","0"
"POINT (10.080304959000046 53.610218201000066)","Unfall 126196 (2018) Kat:2, Licht: 0","126196","2","6","2","06","14","4","0","0","0","1","0","0"
"POINT (10.056141251000042 53.569411797000043)","Unfall 126197 (2018) Kat:2, Licht: 0","126197","2","6","0","07","11","6","0","0","1","0","0","0"
"POINT (9.890846197000030 53.555179685000041)","Unfall 126198 (2018) Kat:2, Licht: 0","126198","2","3","5","07","11","4","0","0","1","1","0","0"
"POINT (9.927401222000071 53.558722488000058)","Unfall 126199 (2018) Kat:3, Licht: 0","126199","3","2","3","06","19","3","0","0","0","1","0","1"
"POINT (9.866635776000067 53.584812216000046)","Unfall 126200 (2018) Kat:3, Licht: 0","126200","3","1","0","07","13","2","0","0","0","0","0","1"
"POINT (10.080745908000040 53.611560019000081)","Unfall 126201 (2018) Kat:3, Licht: 0","126201","3","6","3","06","15","4","0","0","1","1","0","0"
"POINT (9.968460178000044 53.441521115000057)","Unfall 126202 (2018) Kat:3, Licht: 0","126202","3","3","5","07","13","3","0","0","1","1","0","0"
"POINT (10.102263105000077 53.698861843000032)","Unfall 126203 (2018) Kat:3, Licht: 0","126203","3","2","2","06","18","4","0","0","0","1","0","0"
"POINT (10.123277065000025 53.568626226000049)","Unfall 126204 (2018) Kat:2, Licht: 1","126204","2","6","4","07","22","2","0","1","1","0","0","0"
"POINT (10.080599322000069 53.560372349000033)","Unfall 126205 (2018) Kat:3, Licht: 0","126205","3","3","5","07","15","6","0","0","1","1","0","0"
"POINT (10.084932762000051 53.554744969000069)","Unfall 126206 (2018) Kat:3, Licht: 0","126206","3","6","2","07","16","2","0","0","0","1","0","0"
"POINT (10.041441273000032 53.647677582000028)","Unfall 126207 (2018) Kat:3, Licht: 2","126207","3","3","3","06","23","4","0","2","0","1","0","0"
"POINT (10.007250123000063 53.652792076000082)","Unfall 126208 (2018) Kat:3, Licht: 0","126208","3","4","6","06","06","4","0","0","0","1","1","0"
"POINT (10.151520482000024 53.609339273000046)","Unfall 126209 (2018) Kat:3, Licht: 0","126209","3","2","5","07","15","2","0","0","1","1","0","0"
"POINT (9.955039136000039 53.562562576000062)","Unfall 126210 (2018) Kat:3, Licht: 0","126210","3","3","6","07","08","5","0","0","1","0","1","0"
"POINT (10.067001216000051 53.572081605000051)","Unfall 126211 (2018) Kat:3, Licht: 0","126211","3","4","6","07","10","6","0","0","1","0","1","0"
"POINT (10.014662773000055 53.559806869000056)","Unfall 126212 (2018) Kat:3, Licht: 0","126212","3","7","0","07","14","3","0","0","0","0","0","1"
"POINT (10.010380106000071 53.582835262000060)","Unfall 126213 (2018) Kat:3, Licht: 0","126213","3","6","2","06","12","4","0","0","0","1","0","1"
"POINT (10.014722475000042 53.562390852000078)","Unfall 126214 (2018) Kat:3, Licht: 0","126214","3","2","4","06","18","4","0","0","1","0","0","0"
"POINT (9.863732889000062 53.584492778000026)","Unfall 126215 (2018) Kat:3, Licht: 0","126215","3","3","5","07","08","5","0","0","1","0","0","0"
"POINT (10.080889611000032 53.531954319000079)","Unfall 126216 (2018) Kat:3, Licht: 0","126216","3","2","4","07","15","6","0","0","0","0","0","1"
"POINT (10.033967647000054 53.579882003000080)","Unfall 126217 (2018) Kat:3, Licht: 0","126217","3","3","0","06","15","4","0","0","0","1","0","0"
"POINT (9.957120729000053 53.599112226000045)","Unfall 126218 (2018) Kat:3, Licht: 0","126218","3","6","2","07","12","4","1","0","0","1","0","0"
"POINT (10.018866515000070 53.565043843000069)","Unfall 126219 (2018) Kat:3, Licht: 0","126219","3","6","4","06","18","4","0","0","1","0","0","0"
"POINT (9.818913055000053 53.525233736000075)","Unfall 126220 (2018) Kat:3, Licht: 0","126220","3","6","2","07","12","5","0","0","0","1","0","0"
"POINT (9.978500031000067 53.571246734000056)","Unfall 126221 (2018) Kat:3, Licht: 0","126221","3","3","5","07","20","4","0","0","1","1","0","0"
"POINT (9.972323210000070 53.520951933000049)","Unfall 126222 (2018) Kat:3, Licht: 0","126222","3","3","5","07","11","2","0","0","0","0","0","1"
"POINT (10.111677993000058 53.623942762000070)","Unfall 126223 (2018) Kat:3, Licht: 0","126223","3","3","5","07","12","3","0","0","1","1","0","0"
"POINT (10.035670427000071 53.575073505000034)","Unfall 126224 (2018) Kat:3, Licht: 0","126224","3","2","5","06","11","4","0","0","1","1","0","0"
"POINT (10.070298102000038 53.571709938000026)","Unfall 126225 (2018) Kat:3, Licht: 0","126225","3","3","0","07","10","6","0","0","0","0","0","0"
"POINT (10.081509016000041 53.593131066000069)","Unfall 126226 (2018) Kat:3, Licht: 0","126226","3","3","5","07","18","2","0","0","1","1","0","0"
"POINT (10.050037578000058 53.593064353000045)","Unfall 126227 (2018) Kat:3, Licht: 0","126227","3","2","3","06","15","4","0","0","0","1","0","1"
"POINT (10.058754924000027 53.570199040000034)","Unfall 126228 (2018) Kat:3, Licht: 0","126228","3","2","0","07","15","5","0","0","1","1","0","0"
"POINT (9.898791903000074 53.605811486000050)","Unfall 126229 (2018) Kat:3, Licht: 2","126229","3","2","3","06","22","4","0","2","1","1","0","0"
"POINT (9.898672272000056 53.504342122000082)","Unfall 126230 (2018) Kat:2, Licht: 0","126230","2","6","4","07","12","4","0","0","0","1","0","0"
"POINT (9.893515293000064 53.603567966000071)","Unfall 126231 (2018) Kat:3, Licht: 0","126231","3","6","0","07","08","6","0","0","1","0","0","0"
"POINT (9.936965455000063 53.552433967000070)","Unfall 126232 (2018) Kat:3, Licht: 0","126232","3","2","4","07","10","3","1","0","1","1","0","0"
"POINT (9.925892212000065 53.600070706000054)","Unfall 126233 (2018) Kat:3, Licht: 0","126233","3","7","2","06","12","4","0","0","1","1","0","0"
"POINT (9.806839952000075 53.564223049000077)","Unfall 126234 (2018) Kat:3, Licht: 0","126234","3","2","2","07","10","5","0","0","0","1","0","0"
"POINT (9.998286845000052 53.563963001000047)","Unfall 126235 (2018) Kat:3, Licht: 0","126235","3","7","0","07","08","1","0","0","1","0","0","0"
"POINT (9.909373279000022 53.549341861000073)","Unfall 126236 (2018) Kat:3, Licht: 0","126236","3","3","5","07","05","3","0","0","1","1","0","0"
"POINT (10.092490291000047 53.575384373000077)","Unfall 126237 (2018) Kat:3, Licht: 0","126237","3","2","2","07","17","3","0","0","0","1","0","0"
"POINT (9.873767143000066 53.586948181000082)","Unfall 126238 (2018) Kat:3, Licht: 0","126238","3","2","4","06","07","4","0","0","1","1","0","0"
"POINT (10.040332973000034 53.555479552000065)","Unfall 126239 (2018) Kat:3, Licht: 0","126239","3","3","5","07","16","5","0","0","1","1","0","0"