WKT,Name,OBJECTID,UKATEGORIE,UTYP1,UART,UMONAT,USTUNDE,UWOCHENTAG,STRZUSTAND,ULICHTVERH,ISTRAD,ISTPKW,ISTFUSS,ISTKRAD
"POINT (10.074396056000069 53.646086945000036)","Unfall 126240 (2018) Kat:3, Licht: 0","126240","3","5","1","07","18","1","0","0","1","0","0","0"
"POINT (10.009657998000023 53.649477476000072)","Unfall 126241 (2018) Kat:3, Licht: 0","126241","3","6","3","07","09","3","0","0","0","1","0","1"
"POINT (9.902016736000064 53.625667280000073)","Unfall 126242 (2018) Kat:3, Licht: 0","126242","3","6","4","06","14","4","0","0","0","1","0","0"
"POINT (9.879629010000031 53.583710244000031)","Unfall 126243 (2018) Kat:3, Licht: 0","126243","3","3","0","07","14","6","0","0","1","1","0","0"
"POINT (10.036460901000055 53.582161469000027)","Unfall 126244 (2018) Kat:3, Licht: 0","126244","3","7","0","07","17","2","0","0","1","1","0","0"
"POINT (9.944464587000027 53.575673573000074)","Unfall 126245 (2018) Kat:3, Licht: 0","126245","3","6","2","06","08","4","0","0","0","1","0","0"
"POINT (9.993991782000023 53.470162175000041)","Unfall 126246 (2018) Kat:3, Licht: 0","126246","3","2","4","07","08","4","1","0","0","1","0","0"
"POINT (9.993727164000063 53.558613928000057)","Unfall 126247 (2018) Kat:3, Licht: 0","126247","3","3","5","06","13","4","0","0","0","1","0","0"
"POINT (10.052555594000069 53.549920584000063)","Unfall 126248 (2018) Kat:2, Licht: 0","126248","2","6","2","07","18","4","0","0","0","1","0","1"
"POINT (10.006732973000055 53.551868130000059)","Unfall 126249 (2018) Kat:3, Licht: 0","126249","3","7","3","07","09","6","0","0","0","1","0","0"
"POINT (10.096159845000045 53.556195184000046)","Unfall 126250 (2018) Kat:2, Licht: 0","126250","2","1","8","07","16","2","0","0","0","1","0","0"
"POINT (10.179730545000041 53.486499111000057)","Unfall 126251 (2018) Kat:3, Licht: 0","126251","3","3","5","06","06","3","0","0","1","1","0","0"
"POINT (10.210871985000040 53.507483784000044)","Unfall 126252 (2018) Kat:3, Licht: 0","126252","3","6","3","07","14","4","0","0","0","1","0","0"
"POINT (10.064680742000064 53.650116807000074)","Unfall 126253 (2018) Kat:3, Licht: 0","126253","3","6","3","07","11","7","0","0","0","1","0","0"
"POINT (9.995791533000045 53.588453896000033)","Unfall 126254 (2018) Kat:3, Licht: 0","126254","3","2","5","07","09","3","0","0","1","1","0","0"
"POINT (10.108640618000038 53.559048864000033)","Unfall 126255 (2018) Kat:3, Licht: 0","126255","3","2","4","06","07","3","0","0","0","1","0","0"
"POINT (10.124830392000035 53.585909191000042)","Unfall 126256 (2018) Kat:3, Licht: 0","126256","3","6","2","06","16","3","0","0","0","1","0","0"
"POINT (10.014912596000045 53.521236699000042)","Unfall 126257 (2018) Kat:3, Licht: 0","126257","3","3","5","07","19","5","0","0","1","0","0","1"
"POINT (9.977946533000022 53.456106841000064)","Unfall 126258 (2018) Kat:3, Licht: 0","126258","3","3","5","07","13","3","0","0","0","1","0","0"
"POINT (9.863647223000044 53.538405193000074)","Unfall 126259 (2018) Kat:3, Licht: 0","126259","3","7","2","07","13","7","0","0","0","1","0","1"
"POINT (10.070178896000073 53.579515531000027)","Unfall 126260 (2018) Kat:3, Licht: 0","126260","3","7","0","06","08","3","0","0","1","0","0","0"
"POINT (10.028027156000064 53.570816029000071)","Unfall 126261 (2018) Kat:3, Licht: 0","126261","3","6","2","07","19","4","1","0","0","1","0","0"
"POINT (10.097991472000047 53.579277787000080)","Unfall 126262 (2018) Kat:3, Licht: 1","126262","3","3","5","06","06","3","0","1","0","1","0","0"
"POINT (9.973043364000034 53.574387337000076)","Unfall 126263 (2018) Kat:3, Licht: 0","126263","3","7","0","07","17","6","0","0","1","0","0","0"
"POINT (9.997956366000040 53.556698144000052)","Unfall 126264 (2018) Kat:3, Licht: 0","126264","3","6","2","07","09","2","0","0","0","1","0","0"
"POINT (10.058896463000053 53.594811687000060)","Unfall 126265 (2018) Kat:3, Licht: 0","126265","3","3","5","06","06","3","0","0","1","1","0","0"
"POINT (10.116976791000070 53.532624496000039)","Unfall 126266 (2018) Kat:2, Licht: 0","126266","2","7","4","07","13","4","1","0","0","1","0","0"
"POINT (10.102821035000034 53.653581400000064)","Unfall 126267 (2018) Kat:3, Licht: 0","126267","3","6","2","06","14","3","0","0","0","1","0","0"
"POINT (10.054572040000039 53.599944896000068)","Unfall 126268 (2018) Kat:3, Licht: 0","126268","3","3","5","07","07","4","0","0","1","1","0","0"
"POINT (10.074932324000031 53.574646975000064)","Unfall 126269 (2018) Kat:3, Licht: 0","126269","3","2","4","07","13","5","0","0","0","1","0","0"
"POINT (10.116041370000062 53.571025404000068)","Unfall 126270 (2018) Kat:3, Licht: 0","126270","3","5","1","07","19","2","0","0","0","1","0","0"
"POINT (10.083938725000053 53.660151422000069)","Unfall 126271 (2018) Kat:3, Licht: 0","126271","3","3","5","06","11","3","0","0","1","1","0","0"
"POINT (9.820276188000037 53.562388847000079)","Unfall 126272 (2018) Kat:3, Licht: 0","126272","3","5","0","07","09","4","0","0","1","1","0","0"
"POINT (10.029373603000067 53.622610995000059)","Unfall 126273 (2018) Kat:3, Licht: 0","126273","3","2","5","06","15","3","0","0","0","1","0","0"
"POINT (9.903304433000074 53.568149141000049)","Unfall 126274 (2018) Kat:3, Licht: 0","126274","3","5","1","07","12","7","0","0","0","1","0","0"
"POINT (10.004229137000038 53.546731944000044)","Unfall 126275 (2018) Kat:3, Licht: 0","126275","3","6","3","07","15","3","0","0","0","1","0","0"
"POINT (10.020000781000022 53.657392407000032)","Unfall 126276 (2018) Kat:3, Licht: 0","126276","3","6","4","06","16","3","0","0","1","0","0","0"
"POINT (10.029577294000035 53.573121733000050)","Unfall 126277 (2018) Kat:1, Licht: 0","126277","1","1","0","06","18","3","0","0","0","1","0","0"
"POINT (10.050126818000024 53.610598289000052)","Unfall 126278 (2018) Kat:3, Licht: 0","126278","3","3","5","07","19","5","0","0","0","1","0","0"
"POINT (9.856002402000058 53.598155917000042)","Unfall 126279 (2018) Kat:3, Licht: 2","126279","3","6","4","07","23","7","0","2","0","1","0","0"
"POINT (10.040437368000028 53.570218024000042)","Unfall 126280 (2018) Kat:3, Licht: 0","126280","3","3","5","06","11","3","0","0","0","1","0","0"
"POINT (9.893174739000074 53.614888526000072)","Unfall 126281 (2018) Kat:3, Licht: 0","126281","3","2","4","07","18","4","1","0","0","1","0","0"
"POINT (10.025381770000024 53.560541155000067)","Unfall 126282 (2018) Kat:3, Licht: 0","126282","3","6","2","06","08","3","0","0","0","1","0","0"
"POINT (9.811162728000056 53.566375353000069)","Unfall 126283 (2018) Kat:3, Licht: 0","126283","3","2","4","07","19","6","0","0","0","1","0","1"
"POINT (9.982339825000054 53.587177522000047)","Unfall 126284 (2018) Kat:3, Licht: 0","126284","3","2","5","07","12","4","0","0","1","1","0","0"
"POINT (9.943805278000070 53.550316223000038)","Unfall 126285 (2018) Kat:3, Licht: 0","126285","3","3","5","06","09","3","0","0","1","1","0","0"
"POINT (9.943601732000047 53.565270262000070)","Unfall 126286 (2018) Kat:3, Licht: 0","126286","3","3","5","07","16","2","0","0","1","1","0","0"
"POINT (10.038589808000040 53.559335043000033)","Unfall 126287 (2018) Kat:3, Licht: 0","126287","3","2","4","07","18","3","0","0","1","1","0","0"
"POINT (9.949546370000064 53.549120169000048)","Unfall 126288 (2018) Kat:3, Licht: 0","126288","3","6","2","07","16","7","1","0","0","1","0","0"
"POINT (9.995568326000068 53.464784504000079)","Unfall 126289 (2018) Kat:3, Licht: 0","126289","3","3","5","08","19","6","0","0","0","1","0","0"
"POINT (10.121597397000073 53.599035311000080)","Unfall 126290 (2018) Kat:3, Licht: 0","126290","3","3","5","08","14","3","1","0","1","1","0","0"
"POINT (9.959123731000034 53.549498837000044)","Unfall 126291 (2018) Kat:2, Licht: 2","126291","2","4","6","07","04","7","0","2","0","1","1","0"
"POINT (9.951165971000023 53.621755442000051)","Unfall 126292 (2018) Kat:3, Licht: 0","126292","3","7","0","08","16","6","0","0","0","1","0","0"
"POINT (10.102029022000067 53.580783795000059)","Unfall 126293 (2018) Kat:3, Licht: 0","126293","3","3","5","08","12","5","0","0","1","1","0","0"
"POINT (10.003860735000046 53.552324831000078)","Unfall 126294 (2018) Kat:2, Licht: 2","126294","2","7","0","08","23","2","0","2","0","1","1","0"
"POINT (9.966804150000030 53.546264877000056)","Unfall 126295 (2018) Kat:3, Licht: 0","126295","3","6","2","07","14","7","0","0","0","1","0","0"
"POINT (10.195944648000022 53.476235314000064)","Unfall 126296 (2018) Kat:3, Licht: 0","126296","3","3","5","08","15","3","0","0","0","1","0","0"
"POINT (10.118226523000033 53.560136389000036)","Unfall 126297 (2018) Kat:3, Licht: 0","126297","3","6","0","08","15","6","0","0","0","0","0","0"
"POINT (10.141185892000067 53.583986417000062)","Unfall 126298 (2018) Kat:3, Licht: 0","126298","3","4","6","07","14","2","0","0","0","1","1","0"
"POINT (9.984388213000045 53.457262920000062)","Unfall 126299 (2018) Kat:3, Licht: 0","126299","3","2","2","07","12","6","0","0","0","1","0","0"
"POINT (10.017173483000022 53.570070158000078)","Unfall 126300 (2018) Kat:3, Licht: 0","126300","3","2","3","08","18","2","0","0","1","1","0","0"
"POINT (9.997962190000067 53.443468837000069)","Unfall 126301 (2018) Kat:3, Licht: 0","126301","3","4","6","08","07","4","0","0","0","1","1","0"
"POINT (10.216731428000060 53.485853144000032)","Unfall 126302 (2018) Kat:3, Licht: 0","126302","3","3","5","07","11","6","0","0","0","1","0","0"
"POINT (10.003446014000076 53.579768794000074)","Unfall 126303 (2018) Kat:3, Licht: 0","126303","3","6","4","08","07","6","0","0","1","0","0","0"
"POINT (10.052453472000025 53.588005055000053)","Unfall 126304 (2018) Kat:3, Licht: 2","126304","3","1","0","08","21","3","1","2","0","0","0","1"
"POINT (10.116292410000028 53.530663592000053)","Unfall 126305 (2018) Kat:3, Licht: 0","126305","3","2","3","07","16","6","0","0","0","0","0","1"
"POINT (10.119913851000035 53.606286317000070)","Unfall 126306 (2018) Kat:3, Licht: 0","126306","3","2","5","08","20","5","1","0","0","1","0","0"
"POINT (10.086563639000076 53.552186844000062)","Unfall 126307 (2018) Kat:2, Licht: 0","126307","2","3","5","08","12","1","0","0","0","0","0","1"
"POINT (9.920910290000052 53.637760053000079)","Unfall 126308 (2018) Kat:3, Licht: 0","126308","3","2","3","08","11","5","0","0","1","1","0","0"
"POINT (10.057618633000061 53.554036643000074)","Unfall 126309 (2018) Kat:3, Licht: 0","126309","3","2","5","08","15","7","0","0","1","1","0","0"
"POINT (10.096505302000025 53.556305347000034)","Unfall 126310 (2018) Kat:3, Licht: 0","126310","3","1","9","07","15","6","0","0","0","0","0","1"
"POINT (10.107256629000062 53.654418955000040)","Unfall 126311 (2018) Kat:3, Licht: 0","126311","3","2","4","08","07","3","0","0","0","1","0","0"
"POINT (9.987755051000022 53.603325786000028)","Unfall 126312 (2018) Kat:3, Licht: 0","126312","3","3","5","08","12","6","0","0","0","1","0","0"
"POINT (10.199162741000066 53.462803717000043)","Unfall 126313 (2018) Kat:3, Licht: 0","126313","3","2","2","07","16","1","0","0","1","1","0","0"
"POINT (10.014765782000040 53.575354848000075)","Unfall 126314 (2018) Kat:3, Licht: 0","126314","3","6","2","08","18","5","0","0","0","1","0","0"
"POINT (10.060107898000069 53.570412997000062)","Unfall 126315 (2018) Kat:3, Licht: 2","126315","3","6","2","08","01","1","0","2","0","1","0","0"
"POINT (10.150042315000064 53.619131047000053)","Unfall 126316 (2018) Kat:1, Licht: 0","126316","1","2","3","07","10","6","0","0","0","1","0","1"
"POINT (10.133109802000035 53.578020029000072)","Unfall 126317 (2018) Kat:2, Licht: 0","126317","2","6","4","08","17","3","0","0","1","0","0","0"
"POINT (10.014562367000053 53.562186658000030)","Unfall 126318 (2018) Kat:2, Licht: 0","126318","2","6","2","08","17","6","0","0","1","0","0","0"
"POINT (10.041039221000062 53.579677228000037)","Unfall 126319 (2018) Kat:3, Licht: 0","126319","3","6","2","08","16","4","0","0","0","1","0","1"
"POINT (9.949400114000071 53.555783377000068)","Unfall 126320 (2018) Kat:3, Licht: 0","126320","3","5","1","07","17","2","0","0","1","1","0","0"
"POINT (10.126164813000059 53.546735388000059)","Unfall 126321 (2018) Kat:3, Licht: 0","126321","3","6","2","07","10","6","0","0","0","1","0","0"
"POINT (10.174569457000075 53.614586720000034)","Unfall 126322 (2018) Kat:3, Licht: 0","126322","3","2","6","07","08","6","0","0","0","1","1","0"
"POINT (9.981140459000073 53.591187836000074)","Unfall 126323 (2018) Kat:3, Licht: 0","126323","3","6","3","08","18","2","0","0","1","1","0","0"
"POINT (9.885703910000075 53.599095870000042)","Unfall 126324 (2018) Kat:3, Licht: 0","126324","3","7","0","08","07","3","0","0","0","1","0","1"
"POINT (10.128986510000061 53.639595024000073)","Unfall 126325 (2018) Kat:3, Licht: 0","126325","3","7","8","08","07","4","0","0","0","1","0","0"
"POINT (10.128092577000075 53.618955399000072)","Unfall 126326 (2018) Kat:3, Licht: 0","126326","3","1","7","07","21","6","0","0","1","1","0","0"
"POINT (10.022577600000034 53.562458490000040)","Unfall 126327 (2018) Kat:3, Licht: 0","126327","3","7","0","08","13","6","0","0","1","0","0","0"
"POINT (10.006388194000067 53.554748534000055)","Unfall 126328 (2018) Kat:3, Licht: 2","126328","3","3","5","08","23","3","0","2","0","1","0","0"
"POINT (10.027497193000045 53.570116857000073)","Unfall 126329 (2018) Kat:3, Licht: 0","126329","3","6","2","08","20","2","0","0","0","1","0","0"
"POINT (10.079138181000076 53.583768160000034)","Unfall 126330 (2018) Kat:2, Licht: 0","126330","2","6","4","07","13","6","0","0","0","1","0","0"
"POINT (9.977860243000066 53.576147362000029)","Unfall 126331 (2018) Kat:3, Licht: 0","126331","3","5","0","08","18","5","0","0","1","1","0","0"
"POINT (10.020033634000072 53.565775558000041)","Unfall 126332 (2018) Kat:3, Licht: 0","126332","3","3","5","08","11","1","0","0","1","1","0","0"
"POINT (10.016344919000062 53.555377166000028)","Unfall 126333 (2018) Kat:3, Licht: 0","126333","3","2","2","08","10","5","0","0","0","1","0","0"
"POINT (10.046052197000051 53.578890082000044)","Unfall 126334 (2018) Kat:2, Licht: 0","126334","2","2","5","08","16","7","1","0","1","1","0","0"
"POINT (10.038592028000039 53.608382375000076)","Unfall 126335 (2018) Kat:2, Licht: 2","126335","2","2","3","07","22","6","0","2","1","0","0","0"
"POINT (10.025260777000028 53.604446216000042)","Unfall 126336 (2018) Kat:3, Licht: 0","126336","3","6","2","08","15","3","0","0","0","1","0","0"
"POINT (9.860224797000058 53.467315803000076)","Unfall 126337 (2018) Kat:3, Licht: 0","126337","3","5","1","08","08","5","0","0","1","1","0","0"
"POINT (9.782488882000052 53.566258654000080)","Unfall 126338 (2018) Kat:3, Licht: 0","126338","3","5","1","07","14","1","0","0","1","1","0","0"
"POINT (10.068303495000066 53.602627330000075)","Unfall 126339 (2018) Kat:3, Licht: 0","126339","3","3","5","07","13","6","0","0","1","1","0","0"
"POINT (10.162681104000058 53.599322720000032)","Unfall 126340 (2018) Kat:3, Licht: 0","126340","3","6","2","08","15","7","0","0","0","1","0","1"
"POINT (10.207254118000037 53.480075459000034)","Unfall 126341 (2018) Kat:3, Licht: 0","126341","3","3","5","08","16","2","0","0","1","1","0","0"
"POINT (9.987650086000031 53.572664135000082)","Unfall 126342 (2018) Kat:3, Licht: 1","126342","3","6","0","08","21","4","0","1","1","1","0","0"
"POINT (10.139733718000059 53.653270505000080)","Unfall 126343 (2018) Kat:3, Licht: 0","126343","3","2","4","07","14","6","0","0","0","1","0","0"
"POINT (9.990423594000049 53.582245973000056)","Unfall 126344 (2018) Kat:3, Licht: 0","126344","3","2","3","08","09","6","0","0","1","1","0","0"
"POINT (10.039176628000064 53.648168369000075)","Unfall 126345 (2018) Kat:3, Licht: 0","126345","3","6","2","08","16","2","0","0","0","1","0","0"
"POINT (10.046099607000031 53.675622958000076)","Unfall 126346 (2018) Kat:3, Licht: 0","126346","3","3","5","07","07","6","0","0","1","1","0","0"
"POINT (9.763495010000042 53.581286253000030)","Unfall 126347 (2018) Kat:3, Licht: 2","126347","3","6","2","08","00","1","0","2","1","1","0","0"
"POINT (9.880996374000063 53.473818380000068)","Unfall 126348 (2018) Kat:3, Licht: 0","126348","3","3","5","08","13","2","0","0","1","1","0","0"
"POINT (10.036527187000047 53.574520564000068)","Unfall 126349 (2018) Kat:3, Licht: 0","126349","3","2","4","08","18","4","0","0","0","1","0","1"
"POINT (10.003837830000066 53.648698429000035)","Unfall 126350 (2018) Kat:3, Licht: 0","126350","3","4","6","07","15","6","0","0","0","0","1","1"
"POINT (9.954343909000045 53.569522572000039)","Unfall 126351 (2018) Kat:3, Licht: 0","126351","3","3","5","08","08","6","0","0","1","0","0","0"
"POINT (10.036994021000055 53.552432654000029)","Unfall 126352 (2018) Kat:3, Licht: 0","126352","3","2","2","08","20","2","1","0","0","1","0","0"
"POINT (10.012546712000074 53.606340250000073)","Unfall 126353 (2018) Kat:2, Licht: 0","126353","2","7","0","07","15","6","0","0","0","0","0","0"
"POINT (10.116803332000075 53.532672262000062)","Unfall 126354 (2018) Kat:2, Licht: 0","126354","2","4","6","08","11","4","0","0","0","1","1","0"
"POINT (10.105383016000076 53.538545341000031)","Unfall 126355 (2018) Kat:3, Licht: 0","126355","3","6","2","08","14","7","0","0","0","1","0","0"
"POINT (10.134262959000068 53.550636653000026)","Unfall 126356 (2018) Kat:3, Licht: 0","126356","3","7","0","08","21","4","0","0","1","0","0","0"
"POINT (10.009586121000041 53.552591874000029)","Unfall 126357 (2018) Kat:3, Licht: 2","126357","3","7","6","08","23","7","0","2","0","1","0","0"
"POINT (10.026178449000042 53.569820931000038)","Unfall 126358 (2018) Kat:3, Licht: 2","126358","3","6","4","07","23","6","0","2","1","0","0","0"
"POINT (9.988681699000040 53.581277080000064)","Unfall 126359 (2018) Kat:3, Licht: 0","126359","3","3","5","08","19","3","0","0","1","1","0","0"
"POINT (10.058312816000068 53.576039747000038)","Unfall 126360 (2018) Kat:3, Licht: 0","126360","3","2","4","08","10","5","0","0","0","1","0","0"
"POINT (9.947649366000064 53.594368134000035)","Unfall 126361 (2018) Kat:3, Licht: 0","126361","3","1","8","07","17","7","0","0","0","1","0","0"
"POINT (9.863276886000051 53.578194340000039)","Unfall 126362 (2018) Kat:3, Licht: 0","126362","3","3","5","08","14","7","0","0","1","1","0","0"
"POINT (10.004124187000059 53.497256689000039)","Unfall 126363 (2018) Kat:3, Licht: 0","126363","3","4","6","08","16","3","0","0","0","0","1","0"
"POINT (10.045647482000049 53.564005957000063)","Unfall 126364 (2018) Kat:3, Licht: 0","126364","3","2","3","07","18","6","0","0","1","1","0","0"
"POINT (10.210029128000031 53.485593269000049)","Unfall 126365 (2018) Kat:3, Licht: 0","126365","3","3","5","08","07","5","0","0","1","1","0","0"
"POINT (9.952222163000045 53.559856283000045)","Unfall 126366 (2018) Kat:3, Licht: 0","126366","3","7","3","08","15","2","0","0","1","1","0","0"
"POINT (10.027507804000038 53.570121903000029)","Unfall 126367 (2018) Kat:3, Licht: 0","126367","3","4","6","07","21","6","0","0","1","0","1","0"
"POINT (9.874042359000043 53.547117336000042)","Unfall 126368 (2018) Kat:3, Licht: 0","126368","3","7","0","08","14","4","0","0","0","0","0","1"
"POINT (9.991180803000077 53.498791813000082)","Unfall 126369 (2018) Kat:3, Licht: 0","126369","3","4","6","08","17","6","0","0","0","1","1","0"
"POINT (10.020869695000044 53.513393007000047)","Unfall 126370 (2018) Kat:3, Licht: 2","126370","3","5","1","07","22","2","0","2","0","1","0","0"
"POINT (10.014980617000049 53.568428940000047)","Unfall 126371 (2018) Kat:3, Licht: 0","126371","3","7","0","07","18","6","0","0","1","1","0","0"
"POINT (10.115503472000057 53.660201612000037)","Unfall 126372 (2018) Kat:3, Licht: 0","126372","3","6","4","08","06","4","0","0","1","0","0","0"
"POINT (10.049991618000035 53.591683461000059)","Unfall 126373 (2018) Kat:3, Licht: 0","126373","3","7","0","08","20","7","0","0","1","0","0","0"
"POINT (10.156135817000063 53.600102052000068)","Unfall 126374 (2018) Kat:3, Licht: 0","126374","3","1","0","08","08","4","0","0","1","0","0","0"
"POINT (10.014103751000050 53.616631839000036)","Unfall 126375 (2018) Kat:3, Licht: 0","126375","3","6","1","08","17","6","0","0","0","1","0","0"
"POINT (9.954666134000036 53.575523834000080)","Unfall 126376 (2018) Kat:3, Licht: 0","126376","3","5","2","07","15","3","0","0","1","1","0","0"
"POINT (9.921750308000071 53.596954991000075)","Unfall 126377 (2018) Kat:3, Licht: 0","126377","3","6","3","07","09","6","0","0","0","1","0","0"
"POINT (9.993959722000056 53.442966536000029)","Unfall 126378 (2018) Kat:3, Licht: 0","126378","3","7","0","08","12","2","0","0","1","1","0","0"
"POINT (9.933801317000075 53.582971757000053)","Unfall 126379 (2018) Kat:3, Licht: 1","126379","3","7","1","08","19","5","0","1","0","1","0","0"
"POINT (9.935158209000065 53.573272590000045)","Unfall 126380 (2018) Kat:2, Licht: 2","126380","2","7","3","07","23","6","0","2","0","1","0","1"
"POINT (10.067163717000028 53.553602434000027)","Unfall 126381 (2018) Kat:3, Licht: 0","126381","3","2","5","07","09","6","0","0","1","1","0","0"
"POINT (10.144682772000067 53.545183798000039)","Unfall 126382 (2018) Kat:3, Licht: 0","126382","3","2","5","08","16","6","0","0","0","1","0","0"
"POINT (10.054931362000048 53.632353487000046)","Unfall 126383 (2018) Kat:3, Licht: 0","126383","3","6","0","08","14","3","0","0","1","1","0","0"
"POINT (9.901503779000052 53.588083232000031)","Unfall 126384 (2018) Kat:3, Licht: 0","126384","3","3","5","07","13","6","0","0","1","1","0","0"
"POINT (9.979578660000072 53.555845447000081)","Unfall 126385 (2018) Kat:3, Licht: 0","126385","3","6","2","08","17","6","0","0","0","1","0","1"
"POINT (10.092418696000038 53.595566838000082)","Unfall 126386 (2018) Kat:3, Licht: 1","126386","3","3","5","08","05","5","0","1","0","1","0","0"
"POINT (10.002425123000023 53.554517466000050)","Unfall 126387 (2018) Kat:3, Licht: 0","126387","3","3","5","08","17","2","0","0","1","1","0","0"
"POINT (9.876275998000040 53.588246485000070)","Unfall 126388 (2018) Kat:3, Licht: 0","126388","3","2","3","07","07","6","0","0","1","0","0","0"
"POINT (10.199469707000048 53.462920399000041)","Unfall 126389 (2018) Kat:3, Licht: 0","126389","3","3","5","08","08","3","0","0","0","1","0","0"
"POINT (10.139632096000071 53.630428030000076)","Unfall 126390 (2018) Kat:3, Licht: 2","126390","3","3","6","08","21","6","0","2","0","0","1","0"
"POINT (10.061592031000032 53.588780116000066)","Unfall 126391 (2018) Kat:3, Licht: 0","126391","3","6","2","08","08","4","0","0","0","1","0","0"
"POINT (10.142764327000066 53.570387170000060)","Unfall 126392 (2018) Kat:3, Licht: 0","126392","3","3","0","07","12","2","0","0","1","1","0","0"
"POINT (10.013381359000050 53.548398167000073)","Unfall 126393 (2018) Kat:3, Licht: 2","126393","3","3","5","07","00","6","0","2","1","1","0","0"
"POINT (9.919535343000064 53.634171741000046)","Unfall 126394 (2018) Kat:3, Licht: 0","126394","3","7","4","07","16","6","0","0","0","1","0","1"
"POINT (9.864298724000037 53.547834389000059)","Unfall 126395 (2018) Kat:3, Licht: 0","126395","3","6","2","08","15","2","0","0","1","1","0","0"
"POINT (10.044085071000040 53.586295479000057)","Unfall 126396 (2018) Kat:3, Licht: 0","126396","3","5","1","08","08","3","0","0","0","1","0","0"
"POINT (10.201815450000026 53.483041574000026)","Unfall 126397 (2018) Kat:3, Licht: 0","126397","3","7","0","08","07","4","0","0","1","0","0","0"
"POINT (9.953577554000049 53.553754906000052)","Unfall 126398 (2018) Kat:3, Licht: 0","126398","3","6","1","07","19","6","0","0","0","1","0","1"
"POINT (10.040359534000061 53.566797656000062)","Unfall 126399 (2018) Kat:3, Licht: 0","126399","3","2","3","08","07","6","0","0","1","1","0","0"
"POINT (9.994992362000062 53.547033864000070)","Unfall 126400 (2018) Kat:3, Licht: 0","126400","3","3","5","08","18","3","0","0","1","1","0","0"
"POINT (9.986281984000073 53.582692938000037)","Unfall 126401 (2018) Kat:3, Licht: 0","126401","3","7","6","07","09","6","0","0","0","1","1","0"
"POINT (10.113195811000026 53.658598934000054)","Unfall 126402 (2018) Kat:3, Licht: 0","126402","3","3","5","08","14","2","0","0","1","1","0","0"
"POINT (10.043264580000027 53.579043669000043)","Unfall 126403 (2018) Kat:3, Licht: 0","126403","3","6","2","08","16","4","0","0","0","1","0","0"
"POINT (9.961615240000072 53.546420589000036)","Unfall 126404 (2018) Kat:3, Licht: 2","126404","3","4","6","08","21","5","0","2","0","1","1","0"
"POINT (9.963686474000042 53.549684458000058)","Unfall 126405 (2018) Kat:3, Licht: 2","126405","3","6","2","07","22","6","0","2","0","1","0","0"
"POINT (10.067370446000041 53.607090291000077)","Unfall 126406 (2018) Kat:3, Licht: 0","126406","3","2","3","08","16","6","0","0","1","1","0","0"
"POINT (10.039275394000072 53.570867612000029)","Unfall 126407 (2018) Kat:3, Licht: 0","126407","3","2","0","08","14","3","1","0","1","0","0","0"
"POINT (9.954707699000039 53.548396921000062)","Unfall 126408 (2018) Kat:3, Licht: 0","126408","3","7","0","07","13","6","0","0","1","0","0","0"
"POINT (10.193650654000066 53.502898150000078)","Unfall 126409 (2018) Kat:3, Licht: 0","126409","3","3","5","08","12","5","0","0","1","1","0","0"
"POINT (9.854747273000044 53.462483962000078)","Unfall 126410 (2018) Kat:2, Licht: 0","126410","2","7","9","08","17","1","0","0","0","0","0","0"
"POINT (9.889946848000022 53.546609638000064)","Unfall 126411 (2018) Kat:3, Licht: 0","126411","3","2","4","08","18","5","0","0","0","1","0","0"
"POINT (10.023086198000044 53.611149350000062)","Unfall 126412 (2018) Kat:3, Licht: 0","126412","3","4","6","08","15","1","0","0","1","1","1","0"
"POINT (9.979445395000028 53.464969532000055)","Unfall 126413 (2018) Kat:3, Licht: 0","126413","3","6","2","07","07","6","0","0","0","0","0","0"
"POINT (10.128473106000058 53.601224700000046)","Unfall 126414 (2018) Kat:3, Licht: 0","126414","3","7","0","08","17","3","0","0","0","0","0","1"
"POINT (9.891138853000030 53.565273614000034)","Unfall 126415 (2018) Kat:3, Licht: 0","126415","3","2","4","08","16","6","0","0","1","1","0","0"
"POINT (9.919258975000048 53.602176906000068)","Unfall 126416 (2018) Kat:3, Licht: 0","126416","3","5","1","08","08","4","0","0","1","1","0","0"
"POINT (9.924876393000034 53.554571053000075)","Unfall 126417 (2018) Kat:3, Licht: 0","126417","3","3","0","07","16","2","0","0","1","1","0","0"
"POINT (9.987553322000053 53.452026286000034)","Unfall 126418 (2018) Kat:3, Licht: 0","126418","3","6","2","07","19","5","0","0","0","1","0","0"
"POINT (9.971396626000058 53.571103199000049)","Unfall 126419 (2018) Kat:3, Licht: 0","126419","3","7","0","08","16","2","0","0","1","0","0","0"
"POINT (9.920287189000021 53.556349774000068)","Unfall 126420 (2018) Kat:3, Licht: 0","126420","3","6","3","08","07","3","0","0","1","0","0","0"
"POINT (10.001877955000054 53.610808535000047)","Unfall 126421 (2018) Kat:3, Licht: 0","126421","3","6","2","08","17","4","0","0","1","1","0","0"
"POINT (9.994149418000063 53.465836996000064)","Unfall 126422 (2018) Kat:3, Licht: 0","126422","3","7","0","07","12","5","1","0","0","0","0","1"
"POINT (9.887125408000031 53.598841016000051)","Unfall 126423 (2018) Kat:3, Licht: 0","126423","3","2","4","08","13","6","0","0","1","1","0","0"
"POINT (10.168408992000025 53.488841423000054)","Unfall 126424 (2018) Kat:3, Licht: 1","126424","3","5","1","08","20","2","1","1","0","1","0","0"