WKT,Name,OBJECTID,UKATEGORIE,UTYP1,UART,UMONAT,USTUNDE,UWOCHENTAG,STRZUSTAND,ULICHTVERH,ISTRAD,ISTPKW,ISTFUSS,ISTKRAD
"POINT (10.022388667000030 53.548699296000052)","Unfall 126425 (2018) Kat:3, Licht: 0","126425","3","2","3","07","15","5","0","0","1","0","0","0"
"POINT (10.000213094000060 53.555176271000050)","Unfall 126426 (2018) Kat:3, Licht: 0","126426","3","6","3","08","19","5","0","0","1","1","0","0"
"POINT (9.990249872000049 53.548505010000042)","Unfall 126427 (2018) Kat:3, Licht: 0","126427","3","7","0","08","20","1","0","0","1","0","0","0"
"POINT (9.990791044000048 53.516573618000052)","Unfall 126428 (2018) Kat:3, Licht: 1","126428","3","3","5","08","21","4","0","1","0","1","0","0"
"POINT (9.962560232000044 53.569912650000049)","Unfall 126429 (2018) Kat:2, Licht: 2","126429","2","7","1","08","23","7","0","2","1","0","0","0"
"POINT (10.033996845000047 53.552353576000030)","Unfall 126430 (2018) Kat:3, Licht: 0","126430","3","6","2","07","17","5","0","0","0","1","0","0"
"POINT (9.872132251000039 53.591858418000072)","Unfall 126431 (2018) Kat:3, Licht: 0","126431","3","7","0","08","15","3","0","0","0","1","0","1"
"POINT (10.153780872000027 53.598965218000046)","Unfall 126432 (2018) Kat:3, Licht: 0","126432","3","6","2","08","13","5","0","0","0","1","0","0"
"POINT (10.021745232000058 53.614732695000043)","Unfall 126433 (2018) Kat:3, Licht: 0","126433","3","3","5","08","11","2","1","0","0","1","0","1"
"POINT (10.056251359000044 53.562610422000034)","Unfall 126434 (2018) Kat:2, Licht: 0","126434","2","2","5","07","13","5","0","0","0","1","0","1"
"POINT (10.019222555000056 53.565242252000075)","Unfall 126435 (2018) Kat:2, Licht: 0","126435","2","7","0","08","09","5","0","0","1","0","0","0"
"POINT (10.130109378000043 53.599698031000059)","Unfall 126436 (2018) Kat:3, Licht: 2","126436","3","2","5","08","22","1","0","2","0","1","0","0"
"POINT (9.962374879000038 53.564358084000048)","Unfall 126437 (2018) Kat:3, Licht: 0","126437","3","5","2","08","19","5","0","0","1","1","0","0"
"POINT (10.062522839000053 53.570910856000069)","Unfall 126438 (2018) Kat:3, Licht: 0","126438","3","6","4","08","14","7","1","0","1","0","0","0"
"POINT (10.056871539000042 53.580707942000060)","Unfall 126439 (2018) Kat:3, Licht: 0","126439","3","6","2","07","11","5","0","0","0","1","0","0"
"POINT (10.012978528000076 53.644316459000038)","Unfall 126440 (2018) Kat:3, Licht: 0","126440","3","3","5","08","18","3","0","0","1","1","0","0"
"POINT (9.942549881000048 53.567879332000075)","Unfall 126441 (2018) Kat:3, Licht: 0","126441","3","5","1","08","09","6","0","0","1","1","0","0"
"POINT (10.070495358000073 53.604645735000076)","Unfall 126442 (2018) Kat:3, Licht: 0","126442","3","6","4","07","20","1","0","0","1","0","0","0"
"POINT (10.069807488000038 53.575005228000066)","Unfall 126443 (2018) Kat:3, Licht: 0","126443","3","6","3","07","17","5","0","0","1","1","0","0"
"POINT (9.981026550000024 53.556432831000052)","Unfall 126444 (2018) Kat:3, Licht: 0","126444","3","1","8","08","19","1","0","0","0","0","0","1"
"POINT (10.058061422000037 53.481896843000072)","Unfall 126445 (2018) Kat:2, Licht: 0","126445","2","4","6","08","17","2","0","0","0","1","1","0"
"POINT (9.962440108000067 53.603468344000078)","Unfall 126446 (2018) Kat:3, Licht: 0","126446","3","6","3","08","06","4","0","0","0","1","0","1"
"POINT (10.083932825000034 53.660135749000062)","Unfall 126447 (2018) Kat:3, Licht: 0","126447","3","3","5","07","16","5","0","0","1","1","0","0"
"POINT (9.950186852000059 53.556519948000073)","Unfall 126448 (2018) Kat:3, Licht: 2","126448","3","5","1","08","03","6","0","2","0","1","0","0"
"POINT (10.117002487000036 53.607270872000072)","Unfall 126449 (2018) Kat:3, Licht: 0","126449","3","4","6","08","18","2","0","0","0","1","1","0"
"POINT (10.010034514000040 53.611882799000057)","Unfall 126450 (2018) Kat:3, Licht: 0","126450","3","6","2","07","18","5","0","0","0","1","0","1"
"POINT (10.100939228000072 53.569828395000059)","Unfall 126451 (2018) Kat:3, Licht: 0","126451","3","5","1","08","16","4","0","0","1","1","0","0"
"POINT (10.058480984000028 53.577076866000027)","Unfall 126452 (2018) Kat:3, Licht: 0","126452","3","2","3","08","10","7","0","0","0","0","0","1"
"POINT (10.024489572000050 53.545633947000056)","Unfall 126453 (2018) Kat:3, Licht: 0","126453","3","3","5","08","16","4","0","0","0","1","0","1"
"POINT (9.971685934000050 53.451658709000071)","Unfall 126454 (2018) Kat:3, Licht: 0","126454","3","2","4","08","13","6","0","0","1","1","0","0"
"POINT (9.751346523000052 53.571374320000075)","Unfall 126455 (2018) Kat:3, Licht: 0","126455","3","3","5","08","09","4","0","0","0","1","0","0"
"POINT (10.014048848000073 53.619168928000079)","Unfall 126456 (2018) Kat:3, Licht: 0","126456","3","2","5","08","08","4","0","0","1","1","0","0"
"POINT (10.012106932000052 53.574376524000058)","Unfall 126457 (2018) Kat:3, Licht: 0","126457","3","2","3","07","21","5","0","0","0","1","0","0"
"POINT (10.014394739000068 53.553628332000073)","Unfall 126458 (2018) Kat:3, Licht: 0","126458","3","7","2","08","13","3","0","0","0","1","0","0"
"POINT (10.022269043000051 53.643075286000055)","Unfall 126459 (2018) Kat:3, Licht: 0","126459","3","6","3","08","17","5","0","0","1","1","0","0"
"POINT (9.756276632000038 53.580920220000053)","Unfall 126460 (2018) Kat:3, Licht: 0","126460","3","3","5","07","07","5","0","0","1","1","0","0"
"POINT (9.973599440000044 53.582515627000078)","Unfall 126461 (2018) Kat:3, Licht: 2","126461","3","5","1","08","03","7","0","2","1","1","0","0"
"POINT (10.123408623000046 53.616052625000066)","Unfall 126462 (2018) Kat:3, Licht: 0","126462","3","2","2","08","14","3","0","0","0","1","0","0"
"POINT (9.975464984000041 53.559852701000068)","Unfall 126463 (2018) Kat:3, Licht: 0","126463","3","7","4","07","18","1","0","0","0","1","0","0"
"POINT (9.904926353000064 53.590572610000038)","Unfall 126464 (2018) Kat:3, Licht: 0","126464","3","7","5","07","15","5","0","0","0","1","0","0"
"POINT (10.051394432000052 53.634897188000082)","Unfall 126465 (2018) Kat:3, Licht: 0","126465","3","2","9","08","16","7","0","0","0","1","0","1"
"POINT (10.077993151000044 53.655472716000077)","Unfall 126466 (2018) Kat:3, Licht: 0","126466","3","5","1","08","13","2","1","0","1","0","0","0"
"POINT (9.969867537000027 53.529715264000060)","Unfall 126467 (2018) Kat:3, Licht: 0","126467","3","7","0","08","08","4","0","0","1","0","0","0"
"POINT (9.918023608000055 53.570872950000080)","Unfall 126468 (2018) Kat:2, Licht: 0","126468","2","3","5","07","15","5","0","0","1","1","0","0"
"POINT (9.991027342000052 53.548838578000073)","Unfall 126469 (2018) Kat:3, Licht: 0","126469","3","6","3","08","16","6","0","0","1","0","0","0"
"POINT (9.919989988000054 53.560465282000052)","Unfall 126470 (2018) Kat:2, Licht: 2","126470","2","6","3","08","21","2","0","2","1","0","0","0"
"POINT (9.947529840000073 53.582377087000054)","Unfall 126471 (2018) Kat:3, Licht: 0","126471","3","3","0","07","06","5","0","0","0","1","0","1"
"POINT (10.024156829000049 53.576357011000027)","Unfall 126472 (2018) Kat:3, Licht: 0","126472","3","3","5","08","19","4","0","0","0","1","0","0"
"POINT (9.941379286000029 53.577823400000057)","Unfall 126473 (2018) Kat:3, Licht: 0","126473","3","3","5","08","10","7","0","0","1","0","0","0"
"POINT (10.060289998000030 53.648849134000045)","Unfall 126474 (2018) Kat:3, Licht: 0","126474","3","3","5","08","08","4","0","0","0","1","0","0"
"POINT (9.924735119000047 53.571298512000055)","Unfall 126475 (2018) Kat:3, Licht: 0","126475","3","6","2","08","14","6","0","0","0","1","0","1"
"POINT (9.990514538000070 53.557935276000080)","Unfall 126476 (2018) Kat:3, Licht: 0","126476","3","6","2","07","11","3","0","0","0","1","0","0"
"POINT (9.918403677000072 53.571646477000058)","Unfall 126477 (2018) Kat:3, Licht: 0","126477","3","6","1","08","17","4","0","0","0","1","0","0"
"POINT (9.949441221000029 53.563293086000044)","Unfall 126478 (2018) Kat:3, Licht: 0","126478","3","6","3","07","13","5","0","0","1","0","0","0"
"POINT (10.042785625000022 53.508113673000082)","Unfall 126479 (2018) Kat:3, Licht: 2","126479","3","1","8","08","01","2","0","2","0","1","0","0"
"POINT (9.997928174000037 53.578825174000031)","Unfall 126480 (2018) Kat:3, Licht: 0","126480","3","6","3","08","18","5","0","0","1","1","0","0"
"POINT (9.988634953000030 53.562049009000077)","Unfall 126481 (2018) Kat:3, Licht: 0","126481","3","4","6","07","13","5","0","0","1","0","1","0"
"POINT (10.094951926000022 53.606517121000081)","Unfall 126482 (2018) Kat:3, Licht: 0","126482","3","6","1","07","17","6","0","0","0","1","0","1"
"POINT (10.031756139000038 53.535503834000053)","Unfall 126483 (2018) Kat:3, Licht: 0","126483","3","3","5","08","17","6","0","0","0","1","0","1"
"POINT (10.103449412000032 53.649004687000058)","Unfall 126484 (2018) Kat:3, Licht: 0","126484","3","6","3","08","16","3","0","0","0","1","0","0"
"POINT (9.971383759000048 53.563959558000079)","Unfall 126485 (2018) Kat:3, Licht: 1","126485","3","2","3","07","20","5","0","1","1","0","0","0"
"POINT (9.991342394000071 53.549405769000032)","Unfall 126486 (2018) Kat:3, Licht: 0","126486","3","7","0","08","16","6","0","0","1","0","1","0"
"POINT (9.944359552000037 53.575740496000037)","Unfall 126487 (2018) Kat:3, Licht: 0","126487","3","6","2","08","09","2","1","0","0","1","0","1"
"POINT (10.003317797000022 53.580322137000053)","Unfall 126488 (2018) Kat:3, Licht: 2","126488","3","6","0","08","22","5","0","2","1","1","0","0"
"POINT (10.119553735000068 53.562003894000043)","Unfall 126489 (2018) Kat:2, Licht: 2","126489","2","7","5","08","20","1","0","2","0","0","0","1"
"POINT (9.889717823000069 53.546582946000058)","Unfall 126490 (2018) Kat:3, Licht: 0","126490","3","1","0","08","13","4","0","0","0","0","0","1"
"POINT (9.989126821000070 53.558353625000052)","Unfall 126491 (2018) Kat:3, Licht: 2","126491","3","7","0","07","22","5","0","2","0","1","0","0"
"POINT (10.035609509000039 53.536109010000075)","Unfall 126492 (2018) Kat:3, Licht: 2","126492","3","2","2","08","21","3","0","2","0","1","0","1"
"POINT (10.014901456000075 53.578062980000027)","Unfall 126493 (2018) Kat:3, Licht: 0","126493","3","3","4","08","16","6","0","0","1","1","0","0"
"POINT (10.013065885000060 53.554261314000030)","Unfall 126494 (2018) Kat:3, Licht: 0","126494","3","5","1","07","19","5","0","0","1","1","0","0"
"POINT (9.909321890000058 53.560218394000060)","Unfall 126495 (2018) Kat:3, Licht: 0","126495","3","6","3","08","13","6","0","0","1","0","0","0"
"POINT (10.157806454000024 53.522802211000055)","Unfall 126496 (2018) Kat:3, Licht: 0","126496","3","6","4","08","09","5","0","0","0","1","0","1"
"POINT (9.994512585000052 53.558591309000064)","Unfall 126497 (2018) Kat:2, Licht: 0","126497","2","3","5","08","07","2","0","0","1","1","0","0"
"POINT (9.994092645000023 53.440375155000027)","Unfall 126498 (2018) Kat:3, Licht: 2","126498","3","6","6","07","22","4","0","2","0","0","1","1"
"POINT (9.859214625000050 53.467525826000042)","Unfall 126499 (2018) Kat:2, Licht: 0","126499","2","2","0","08","16","3","0","0","0","1","0","1"
"POINT (10.181631505000041 53.483494145000066)","Unfall 126500 (2018) Kat:2, Licht: 0","126500","2","3","5","08","15","6","0","0","0","1","0","0"
"POINT (10.065147524000054 53.491295395000066)","Unfall 126501 (2018) Kat:3, Licht: 0","126501","3","3","5","07","14","2","0","0","0","1","0","0"
"POINT (9.911601965000045 53.560284726000077)","Unfall 126502 (2018) Kat:3, Licht: 0","126502","3","4","0","08","08","4","0","0","0","0","1","1"
"POINT (10.098269312000070 53.536064146000058)","Unfall 126503 (2018) Kat:3, Licht: 0","126503","3","3","5","07","09","4","0","0","0","1","0","0"
"POINT (9.997443137000062 53.620538163000049)","Unfall 126504 (2018) Kat:3, Licht: 0","126504","3","2","4","08","13","2","0","0","0","1","0","0"
"POINT (10.007705446000045 53.551994318000027)","Unfall 126505 (2018) Kat:3, Licht: 0","126505","3","4","0","08","17","5","0","0","0","0","1","0"
"POINT (10.075843643000042 53.567032096000048)","Unfall 126506 (2018) Kat:3, Licht: 0","126506","3","6","2","07","14","4","0","0","0","1","0","0"
"POINT (10.000546579000059 53.621549200000061)","Unfall 126507 (2018) Kat:3, Licht: 0","126507","3","2","5","08","07","6","0","0","1","1","0","0"
"POINT (10.033589286000051 53.576781574000051)","Unfall 126508 (2018) Kat:3, Licht: 0","126508","3","1","0","08","09","3","0","0","0","0","0","1"
"POINT (10.056409439000049 53.608494384000039)","Unfall 126509 (2018) Kat:3, Licht: 0","126509","3","3","5","07","09","4","0","0","1","0","0","0"
"POINT (10.026685820000068 53.549894553000058)","Unfall 126510 (2018) Kat:3, Licht: 0","126510","3","3","5","08","15","5","0","0","1","1","0","0"
"POINT (9.992772305000074 53.444540792000055)","Unfall 126511 (2018) Kat:3, Licht: 2","126511","3","7","0","08","02","1","0","2","1","1","0","0"
"POINT (9.867674055000066 53.547953261000032)","Unfall 126512 (2018) Kat:2, Licht: 0","126512","2","3","5","08","07","5","0","0","1","1","0","0"
"POINT (9.959983268000030 53.459140353000066)","Unfall 126513 (2018) Kat:3, Licht: 0","126513","3","3","5","08","18","7","0","0","0","1","0","1"
"POINT (9.904108982000025 53.592708003000041)","Unfall 126514 (2018) Kat:3, Licht: 0","126514","3","2","5","08","07","4","0","0","1","0","0","0"
"POINT (10.028202946000022 53.626060763000055)","Unfall 126515 (2018) Kat:3, Licht: 0","126515","3","6","3","07","05","4","0","0","1","1","0","0"
"POINT (10.093158047000031 53.655305241000065)","Unfall 126516 (2018) Kat:3, Licht: 0","126516","3","6","3","08","11","3","0","0","0","1","0","1"
"POINT (9.959742603000052 53.564149760000078)","Unfall 126517 (2018) Kat:3, Licht: 0","126517","3","7","1","08","13","6","0","0","0","1","0","0"
"POINT (10.007012021000037 53.551902842000061)","Unfall 126518 (2018) Kat:3, Licht: 0","126518","3","7","0","07","08","2","0","0","1","0","0","0"
"POINT (9.946008960000029 53.579352324000070)","Unfall 126519 (2018) Kat:2, Licht: 0","126519","2","6","1","08","09","4","0","0","1","1","0","0"
"POINT (10.026525543000048 53.671171930000071)","Unfall 126520 (2018) Kat:3, Licht: 0","126520","3","6","1","07","16","4","0","0","0","1","0","1"
"POINT (10.014252008000028 53.577714336000042)","Unfall 126521 (2018) Kat:3, Licht: 0","126521","3","7","0","08","20","1","0","0","1","0","0","0"
"POINT (10.005231536000053 53.557641445000058)","Unfall 126522 (2018) Kat:3, Licht: 0","126522","3","6","1","08","18","3","0","0","0","1","0","0"
"POINT (10.030207487000041 53.586698697000031)","Unfall 126523 (2018) Kat:3, Licht: 0","126523","3","5","1","08","18","4","1","0","1","1","0","0"
"POINT (10.026926877000051 53.650014890000080)","Unfall 126524 (2018) Kat:3, Licht: 0","126524","3","1","8","07","17","4","1","0","0","0","0","1"
"POINT (10.017126817000076 53.601213430000030)","Unfall 126525 (2018) Kat:3, Licht: 0","126525","3","7","0","07","18","2","0","0","0","0","0","1"
"POINT (9.920021824000060 53.598271702000034)","Unfall 126526 (2018) Kat:3, Licht: 0","126526","3","3","5","07","19","4","0","0","1","1","0","0"
"POINT (9.939136880000035 53.636685447000048)","Unfall 126527 (2018) Kat:3, Licht: 0","126527","3","3","5","08","12","2","0","0","1","1","0","0"
"POINT (9.815663646000076 53.568167883000058)","Unfall 126528 (2018) Kat:3, Licht: 0","126528","3","3","5","08","16","3","0","0","1","1","0","0"
"POINT (10.164280347000044 53.646760137000058)","Unfall 126529 (2018) Kat:3, Licht: 0","126529","3","3","5","08","15","4","0","0","1","1","0","0"
"POINT (9.915717859000040 53.600553359000060)","Unfall 126530 (2018) Kat:3, Licht: 0","126530","3","7","0","07","09","4","0","0","0","0","0","0"
"POINT (10.025837458000069 53.567656940000063)","Unfall 126531 (2018) Kat:2, Licht: 0","126531","2","6","3","08","17","6","0","0","0","1","0","1"
"POINT (9.997770355000057 53.557767124000065)","Unfall 126532 (2018) Kat:3, Licht: 0","126532","3","6","2","08","13","3","0","0","0","1","0","0"
"POINT (10.060728011000037 53.589279579000049)","Unfall 126533 (2018) Kat:3, Licht: 0","126533","3","6","2","08","16","2","0","0","0","1","0","0"
"POINT (9.851184214000057 53.549364989000082)","Unfall 126534 (2018) Kat:3, Licht: 0","126534","3","6","2","07","16","4","1","0","0","1","0","0"
"POINT (9.917184738000060 53.545996560000049)","Unfall 126535 (2018) Kat:2, Licht: 2","126535","2","2","6","08","04","5","0","2","0","1","1","0"
"POINT (10.020156892000045 53.565073261000066)","Unfall 126536 (2018) Kat:3, Licht: 0","126536","3","6","4","08","13","1","0","0","1","1","0","0"
"POINT (9.962818758000026 53.561007557000039)","Unfall 126537 (2018) Kat:3, Licht: 0","126537","3","4","6","08","10","5","0","0","1","0","1","0"
"POINT (10.032359730000053 53.635436460000051)","Unfall 126538 (2018) Kat:3, Licht: 2","126538","3","3","5","08","01","7","0","2","0","1","0","0"
"POINT (9.956646595000052 53.563253895000059)","Unfall 126539 (2018) Kat:3, Licht: 0","126539","3","5","1","08","15","4","0","0","1","0","0","0"
"POINT (9.865433871000050 53.570216015000028)","Unfall 126540 (2018) Kat:3, Licht: 0","126540","3","2","3","07","10","4","0","0","1","0","0","0"
"POINT (10.012709563000044 53.603939611000044)","Unfall 126541 (2018) Kat:3, Licht: 2","126541","3","6","3","08","23","3","0","2","1","0","0","0"
"POINT (9.988025197000070 53.554732351000041)","Unfall 126542 (2018) Kat:3, Licht: 0","126542","3","7","0","08","09","6","0","0","1","0","0","0"
"POINT (10.055744854000068 53.591366340000036)","Unfall 126543 (2018) Kat:3, Licht: 2","126543","3","2","5","07","00","1","0","2","0","1","0","0"
"POINT (9.881124735000071 53.572157663000041)","Unfall 126544 (2018) Kat:3, Licht: 2","126544","3","7","0","07","23","4","0","2","1","0","0","0"
"POINT (9.979684927000051 53.527774627000042)","Unfall 126545 (2018) Kat:3, Licht: 0","126545","3","3","5","08","12","1","0","0","0","1","0","0"
"POINT (10.273503324000046 53.427790754000057)","Unfall 126546 (2018) Kat:2, Licht: 0","126546","2","5","1","08","13","2","0","0","0","1","0","1"
"POINT (9.948494917000062 53.550944965000042)","Unfall 126547 (2018) Kat:3, Licht: 0","126547","3","3","6","08","18","4","0","0","1","0","1","0"
"POINT (9.953241272000071 53.623854667000046)","Unfall 126548 (2018) Kat:3, Licht: 0","126548","3","3","5","07","19","4","0","0","1","1","0","0"
"POINT (9.979766248000033 53.580681318000074)","Unfall 126549 (2018) Kat:3, Licht: 0","126549","3","7","0","08","13","6","0","0","1","1","0","0"
"POINT (10.026054251000062 53.622753347000071)","Unfall 126550 (2018) Kat:3, Licht: 2","126550","3","3","5","08","23","2","1","2","0","1","0","0"
"POINT (9.978782982000041 53.590166569000075)","Unfall 126551 (2018) Kat:3, Licht: 0","126551","3","4","6","07","17","4","0","0","0","1","1","0"
"POINT (10.078072797000061 53.609561688000042)","Unfall 126552 (2018) Kat:3, Licht: 0","126552","3","4","6","08","19","4","0","0","1","0","1","0"
"POINT (10.013513792000026 53.611551618000078)","Unfall 126553 (2018) Kat:3, Licht: 2","126553","3","5","1","08","00","7","0","2","0","1","0","0"
"POINT (10.123897544000044 53.604447272000073)","Unfall 126554 (2018) Kat:3, Licht: 0","126554","3","6","2","08","11","4","0","0","0","1","0","0"
"POINT (10.006380314000069 53.632665853000049)","Unfall 126555 (2018) Kat:3, Licht: 0","126555","3","6","3","08","18","6","0","0","0","1","1","0"
"POINT (9.908669897000038 53.554516876000037)","Unfall 126556 (2018) Kat:3, Licht: 0","126556","3","2","0","08","09","6","0","0","1","1","0","0"
"POINT (10.080853846000025 53.559867543000053)","Unfall 126557 (2018) Kat:3, Licht: 0","126557","3","3","5","08","08","2","0","0","0","1","0","0"
"POINT (9.960437993000028 53.574266479000073)","Unfall 126558 (2018) Kat:2, Licht: 0","126558","2","7","4","07","14","4","0","0","0","1","0","1"
"POINT (9.996963004000065 53.477072467000028)","Unfall 126559 (2018) Kat:2, Licht: 0","126559","2","6","4","08","08","4","0","0","0","1","0","0"
"POINT (10.106343354000046 53.546653922000075)","Unfall 126560 (2018) Kat:3, Licht: 2","126560","3","2","2","08","22","7","0","2","0","1","0","0"
"POINT (10.233933178000029 53.483214182000040)","Unfall 126561 (2018) Kat:3, Licht: 0","126561","3","3","5","08","16","4","0","0","0","1","0","0"
"POINT (10.005794573000060 53.551516642000081)","Unfall 126562 (2018) Kat:3, Licht: 0","126562","3","6","2","08","15","7","0","0","0","1","0","0"
"POINT (9.994826318000037 53.551358948000029)","Unfall 126563 (2018) Kat:3, Licht: 0","126563","3","6","3","08","07","4","0","0","1","1","0","0"
"POINT (9.960233978000076 53.588879836000046)","Unfall 126564 (2018) Kat:3, Licht: 0","126564","3","3","5","07","07","4","0","0","1","1","0","0"
"POINT (9.948873474000038 53.549022309000065)","Unfall 126565 (2018) Kat:3, Licht: 0","126565","3","6","2","08","10","3","0","0","0","1","0","1"
"POINT (10.077130854000075 53.565819117000046)","Unfall 126566 (2018) Kat:3, Licht: 0","126566","3","3","5","08","07","5","0","0","1","1","0","0"
"POINT (10.134841563000066 53.574896910000064)","Unfall 126567 (2018) Kat:3, Licht: 2","126567","3","2","6","07","00","7","0","2","0","1","1","0"
"POINT (9.942371675000061 53.555416391000051)","Unfall 126568 (2018) Kat:3, Licht: 0","126568","3","2","4","07","10","4","0","0","0","1","0","0"
"POINT (10.054360567000060 53.574194609000074)","Unfall 126569 (2018) Kat:3, Licht: 0","126569","3","2","3","08","12","7","0","0","1","1","0","0"
"POINT (10.024996103000035 53.602598092000051)","Unfall 126570 (2018) Kat:3, Licht: 1","126570","3","6","2","08","19","2","0","1","0","1","0","0"
"POINT (10.004568531000075 53.497166790000051)","Unfall 126571 (2018) Kat:3, Licht: 1","126571","3","6","2","08","20","3","1","1","0","1","0","1"
"POINT (9.925687382000035 53.546460566000064)","Unfall 126572 (2018) Kat:3, Licht: 0","126572","3","6","2","07","14","4","0","0","0","1","0","1"
"POINT (9.988564635000046 53.457241818000057)","Unfall 126573 (2018) Kat:3, Licht: 0","126573","3","3","5","08","11","5","0","0","1","1","0","0"
"POINT (9.970914273000062 53.582867041000043)","Unfall 126574 (2018) Kat:3, Licht: 0","126574","3","2","3","08","14","2","0","0","0","1","0","0"
"POINT (9.971557871000073 53.575185286000078)","Unfall 126575 (2018) Kat:3, Licht: 0","126575","3","3","5","07","11","4","0","0","1","1","0","0"
"POINT (9.823115075000032 53.560724656000048)","Unfall 126576 (2018) Kat:3, Licht: 0","126576","3","6","2","08","09","4","0","0","0","1","0","0"
"POINT (9.983043857000041 53.430944098000055)","Unfall 126577 (2018) Kat:3, Licht: 0","126577","3","6","4","08","07","6","0","0","1","0","0","0"
"POINT (9.912202243000024 53.513568424000027)","Unfall 126578 (2018) Kat:3, Licht: 0","126578","3","6","2","07","16","2","0","0","0","1","0","0"
"POINT (9.922675146000074 53.519919415000061)","Unfall 126579 (2018) Kat:3, Licht: 0","126579","3","6","3","08","18","4","0","0","0","1","0","0"
"POINT (9.965506681000022 53.564067101000035)","Unfall 126580 (2018) Kat:3, Licht: 0","126580","3","7","3","07","16","4","0","0","1","1","0","0"
"POINT (10.148577316000058 53.605275377000055)","Unfall 126581 (2018) Kat:3, Licht: 0","126581","3","6","3","08","08","2","0","0","1","1","0","0"
"POINT (9.970184844000073 53.551120062000052)","Unfall 126582 (2018) Kat:3, Licht: 0","126582","3","7","3","08","08","5","0","0","0","1","0","1"
"POINT (10.006123321000075 53.550224110000045)","Unfall 126583 (2018) Kat:3, Licht: 0","126583","3","2","4","07","16","4","0","0","0","1","0","0"
"POINT (9.865357477000032 53.570487565000064)","Unfall 126584 (2018) Kat:3, Licht: 0","126584","3","6","2","07","11","3","0","0","0","0","0","0"
"POINT (9.921065735000070 53.515564410000081)","Unfall 126585 (2018) Kat:3, Licht: 0","126585","3","7","3","08","14","4","0","0","0","1","0","1"
"POINT (9.988366444000064 53.556938021000065)","Unfall 126586 (2018) Kat:3, Licht: 0","126586","3","7","3","07","14","4","0","0","0","1","0","0"
"POINT (9.895953832000032 53.477335739000068)","Unfall 126587 (2018) Kat:3, Licht: 0","126587","3","6","2","08","07","2","0","0","0","1","0","0"
"POINT (10.011288238000077 53.575652044000037)","Unfall 126588 (2018) Kat:3, Licht: 0","126588","3","2","3","08","06","5","0","0","0","1","0","0"
"POINT (10.210472810000056 53.509026517000052)","Unfall 126589 (2018) Kat:3, Licht: 0","126589","3","6","2","07","17","3","0","0","0","1","0","0"
"POINT (10.202210480000076 53.488977178000027)","Unfall 126590 (2018) Kat:3, Licht: 0","126590","3","3","5","08","12","6","0","0","1","1","0","0"
"POINT (10.078686452000056 53.617860037000071)","Unfall 126591 (2018) Kat:3, Licht: 0","126591","3","2","2","08","18","3","0","0","0","1","0","0"
"POINT (10.186508519000029 53.511421282000072)","Unfall 126592 (2018) Kat:3, Licht: 0","126592","3","6","1","07","18","3","0","0","0","1","0","0"
"POINT (9.963519533000067 53.551119342000050)","Unfall 126593 (2018) Kat:3, Licht: 0","126593","3","5","1","08","12","6","0","0","0","1","0","0"
"POINT (10.081319704000066 53.585343565000073)","Unfall 126594 (2018) Kat:3, Licht: 0","126594","3","7","3","08","10","5","0","0","0","1","0","0"
"POINT (9.975350490000039 53.561051576000068)","Unfall 126595 (2018) Kat:3, Licht: 0","126595","3","2","4","08","19","2","1","0","1","1","0","0"
"POINT (9.992152783000051 53.447381600000028)","Unfall 126596 (2018) Kat:3, Licht: 0","126596","3","3","5","07","11","3","0","0","1","1","0","0"
"POINT (10.111259530000041 53.531056486000068)","Unfall 126597 (2018) Kat:3, Licht: 0","126597","3","3","5","07","20","3","0","0","0","1","0","0"
"POINT (10.192514084000038 53.511752421000040)","Unfall 126598 (2018) Kat:3, Licht: 0","126598","3","6","1","08","12","3","0","0","0","1","0","0"
"POINT (10.056402049000042 53.562876195000058)","Unfall 126599 (2018) Kat:3, Licht: 0","126599","3","6","2","08","14","6","1","0","0","1","0","0"
"POINT (10.157247432000077 53.626938717000030)","Unfall 126600 (2018) Kat:3, Licht: 0","126600","3","5","1","07","21","2","0","0","0","1","0","0"
"POINT (10.198344944000041 53.488925537000057)","Unfall 126601 (2018) Kat:3, Licht: 0","126601","3","2","4","07","07","3","0","0","1","1","0","0"
"POINT (10.098674646000063 53.541294444000073)","Unfall 126602 (2018) Kat:3, Licht: 0","126602","3","2","5","07","12","3","0","0","1","1","0","0"
"POINT (10.027128534000042 53.570308031000081)","Unfall 126603 (2018) Kat:3, Licht: 0","126603","3","2","0","08","08","2","0","0","1","1","0","0"
"POINT (10.042353535000075 53.565376283000035)","Unfall 126604 (2018) Kat:3, Licht: 0","126604","3","6","2","08","17","4","0","0","1","1","0","0"
"POINT (10.050031605000072 53.568455151000080)","Unfall 126605 (2018) Kat:3, Licht: 0","126605","3","2","5","08","18","3","0","0","1","1","0","0"
"POINT (10.210892079000075 53.501406545000066)","Unfall 126606 (2018) Kat:3, Licht: 0","126606","3","6","4","08","15","4","0","0","0","1","0","0"
"POINT (10.049692575000051 53.557709198000055)","Unfall 126607 (2018) Kat:3, Licht: 0","126607","3","2","0","07","10","3","0","0","1","1","0","0"
"POINT (9.998572631000059 53.592487633000076)","Unfall 126608 (2018) Kat:3, Licht: 0","126608","3","7","0","08","14","6","0","0","0","0","0","1"
"POINT (9.962149282000041 53.550417028000027)","Unfall 126609 (2018) Kat:3, Licht: 0","126609","3","3","5","08","08","3","0","0","0","1","0","1"