WKT,Name,OBJECTID,UKATEGORIE,UTYP1,UART,UMONAT,USTUNDE,UWOCHENTAG,STRZUSTAND,ULICHTVERH,ISTRAD,ISTPKW,ISTFUSS,ISTKRAD
"POINT (10.094299142000068 53.578609194000080)","Unfall 126610 (2018) Kat:2, Licht: 0","126610","2","7","6","07","06","3","0","0","0","1","1","0"
"POINT (10.061301503000038 53.580779115000041)","Unfall 126611 (2018) Kat:2, Licht: 0","126611","2","2","5","08","16","5","0","0","0","1","0","1"
"POINT (10.061527344000069 53.560222225000075)","Unfall 126612 (2018) Kat:3, Licht: 2","126612","3","2","4","08","00","1","0","2","0","1","0","0"
"POINT (9.949169470000072 53.558530094000048)","Unfall 126613 (2018) Kat:3, Licht: 0","126613","3","3","5","08","11","5","0","0","1","1","0","0"
"POINT (10.155226492000054 53.613484977000041)","Unfall 126614 (2018) Kat:3, Licht: 0","126614","3","6","2","08","14","7","1","0","0","1","0","0"
"POINT (10.220336513000063 53.446565631000055)","Unfall 126615 (2018) Kat:3, Licht: 0","126615","3","6","4","07","09","3","0","0","1","1","0","0"
"POINT (10.060895790000075 53.570413178000081)","Unfall 126616 (2018) Kat:3, Licht: 0","126616","3","3","5","08","17","6","0","0","1","1","0","0"
"POINT (10.044085085000063 53.594323665000047)","Unfall 126617 (2018) Kat:3, Licht: 0","126617","3","7","0","08","16","3","0","0","1","1","0","0"
"POINT (10.081427703000031 53.581128381000042)","Unfall 126618 (2018) Kat:3, Licht: 0","126618","3","4","6","07","18","3","0","0","0","1","1","0"
"POINT (9.993576187000031 53.424588632000052)","Unfall 126619 (2018) Kat:3, Licht: 0","126619","3","3","0","08","07","5","0","0","1","1","0","0"
"POINT (10.006463284000063 53.544559825000078)","Unfall 126620 (2018) Kat:3, Licht: 0","126620","3","2","3","08","18","2","0","0","0","1","0","1"
"POINT (10.058480933000055 53.570028492000063)","Unfall 126621 (2018) Kat:3, Licht: 0","126621","3","6","2","08","15","5","0","0","0","1","0","0"
"POINT (10.015547412000046 53.643194265000034)","Unfall 126622 (2018) Kat:2, Licht: 0","126622","2","5","1","08","16","1","0","0","0","1","0","0"
"POINT (10.080785408000054 53.560003278000067)","Unfall 126623 (2018) Kat:3, Licht: 0","126623","3","6","1","07","16","3","0","0","0","1","0","0"
"POINT (10.083907472000021 53.660068394000064)","Unfall 126624 (2018) Kat:3, Licht: 0","126624","3","3","5","07","14","3","0","0","0","1","0","0"
"POINT (10.150962679000031 53.620669739000050)","Unfall 126625 (2018) Kat:3, Licht: 0","126625","3","3","5","08","06","3","0","0","1","1","0","0"
"POINT (9.924724048000030 53.587235227000065)","Unfall 126626 (2018) Kat:3, Licht: 0","126626","3","3","0","08","06","6","0","0","0","1","0","1"
"POINT (9.924892918000069 53.550906598000040)","Unfall 126627 (2018) Kat:3, Licht: 0","126627","3","3","5","07","18","2","0","0","1","1","0","0"
"POINT (10.071229454000047 53.571982533000039)","Unfall 126628 (2018) Kat:3, Licht: 0","126628","3","2","4","07","18","3","0","0","0","1","0","0"
"POINT (10.032185601000037 53.585271889000069)","Unfall 126629 (2018) Kat:3, Licht: 2","126629","3","7","0","07","21","3","0","2","0","0","0","1"
"POINT (9.988670129000070 53.573222358000066)","Unfall 126630 (2018) Kat:3, Licht: 0","126630","3","4","6","08","15","2","0","0","1","0","1","0"
"POINT (9.970453785000075 53.583291693000035)","Unfall 126631 (2018) Kat:3, Licht: 0","126631","3","7","3","08","11","3","0","0","0","1","0","0"
"POINT (10.076970236000022 53.653080570000043)","Unfall 126632 (2018) Kat:2, Licht: 0","126632","2","4","6","08","09","4","0","0","0","1","1","0"
"POINT (10.032365157000072 53.591547307000042)","Unfall 126633 (2018) Kat:3, Licht: 0","126633","3","6","4","07","15","3","0","0","1","0","0","0"
"POINT (9.905881690000058 53.606899683000051)","Unfall 126634 (2018) Kat:3, Licht: 0","126634","3","6","3","08","06","6","0","0","0","1","0","0"
"POINT (10.039097398000024 53.635395295000080)","Unfall 126635 (2018) Kat:3, Licht: 0","126635","3","6","4","08","06","4","1","0","1","0","0","0"
"POINT (10.003311189000044 53.497452994000071)","Unfall 126636 (2018) Kat:3, Licht: 0","126636","3","4","6","08","13","2","0","0","0","0","1","0"
"POINT (10.013768514000049 53.578818314000046)","Unfall 126637 (2018) Kat:3, Licht: 0","126637","3","2","4","07","09","3","0","0","0","1","0","1"
"POINT (9.953826158000027 53.547093507000056)","Unfall 126638 (2018) Kat:3, Licht: 0","126638","3","3","5","08","08","5","0","0","1","0","0","0"
"POINT (9.867165690000036 53.554848159000073)","Unfall 126639 (2018) Kat:3, Licht: 0","126639","3","1","0","08","09","1","0","0","1","0","0","0"
"POINT (9.984484793000036 53.458990063000044)","Unfall 126640 (2018) Kat:3, Licht: 0","126640","3","7","5","08","19","4","0","0","0","1","0","0"
"POINT (9.867095308000046 53.584749072000079)","Unfall 126641 (2018) Kat:2, Licht: 0","126641","2","6","2","08","08","7","0","0","0","1","0","0"
"POINT (10.066070940000031 53.608591451000052)","Unfall 126642 (2018) Kat:3, Licht: 0","126642","3","6","2","07","18","3","0","0","0","1","0","0"
"POINT (10.038272900000038 53.576960092000036)","Unfall 126643 (2018) Kat:3, Licht: 0","126643","3","2","5","07","17","3","0","0","1","1","0","0"
"POINT (9.904871024000045 53.608833688000061)","Unfall 126644 (2018) Kat:3, Licht: 0","126644","3","3","5","08","15","3","0","0","1","1","0","0"
"POINT (9.981908205000025 53.417799431000049)","Unfall 126645 (2018) Kat:3, Licht: 0","126645","3","2","5","08","17","5","0","0","0","1","0","0"
"POINT (9.970272599000055 53.639661492000073)","Unfall 126646 (2018) Kat:3, Licht: 0","126646","3","6","2","07","16","1","0","0","0","1","0","1"
"POINT (10.062281122000059 53.596054341000070)","Unfall 126647 (2018) Kat:3, Licht: 0","126647","3","2","5","07","15","3","0","0","1","1","0","0"
"POINT (9.874727920000055 53.589784939000026)","Unfall 126648 (2018) Kat:3, Licht: 0","126648","3","6","1","07","17","3","0","0","0","1","0","0"
"POINT (10.074969995000060 53.574663568000062)","Unfall 126649 (2018) Kat:3, Licht: 2","126649","3","2","5","08","22","7","0","2","0","1","0","0"
"POINT (10.117531185000075 53.607083406000072)","Unfall 126650 (2018) Kat:3, Licht: 0","126650","3","7","3","08","13","2","1","0","0","1","0","1"
"POINT (10.006594486000040 53.549499525000044)","Unfall 126651 (2018) Kat:3, Licht: 0","126651","3","6","3","08","17","4","1","0","0","1","0","0"
"POINT (9.981829830000038 53.601335106000079)","Unfall 126652 (2018) Kat:3, Licht: 0","126652","3","3","5","07","15","3","0","0","0","1","0","0"
"POINT (10.076090942000064 53.634625553000035)","Unfall 126653 (2018) Kat:2, Licht: 0","126653","2","3","5","08","13","3","0","0","1","1","0","0"
"POINT (9.948583210000038 53.558328205000066)","Unfall 126654 (2018) Kat:3, Licht: 0","126654","3","6","4","08","17","6","0","0","1","0","0","0"
"POINT (10.146393020000062 53.549411655000029)","Unfall 126655 (2018) Kat:3, Licht: 2","126655","3","7","0","07","00","1","1","2","1","0","0","0"
"POINT (10.098679062000031 53.649071931000037)","Unfall 126656 (2018) Kat:3, Licht: 0","126656","3","7","0","07","20","3","0","0","1","1","0","0"
"POINT (9.988509135000072 53.582177164000029)","Unfall 126657 (2018) Kat:3, Licht: 0","126657","3","3","5","07","10","3","0","0","1","0","0","0"
"POINT (9.868644260000053 53.595735169000079)","Unfall 126658 (2018) Kat:3, Licht: 2","126658","3","7","0","08","00","1","0","2","0","0","0","1"
"POINT (9.977416570000059 53.511821421000036)","Unfall 126659 (2018) Kat:3, Licht: 2","126659","3","7","0","08","04","2","0","2","1","0","0","0"
"POINT (9.956132247000028 53.615916002000063)","Unfall 126660 (2018) Kat:3, Licht: 2","126660","3","3","5","08","21","4","0","2","1","1","0","0"
"POINT (9.881856944000049 53.476975407000054)","Unfall 126661 (2018) Kat:3, Licht: 0","126661","3","3","5","07","14","2","0","0","1","1","0","0"
"POINT (9.962766109000029 53.604216978000068)","Unfall 126662 (2018) Kat:3, Licht: 0","126662","3","3","5","08","09","6","0","0","0","1","0","0"
"POINT (10.046988980000037 53.540879485000062)","Unfall 126663 (2018) Kat:3, Licht: 0","126663","3","6","1","08","13","2","0","0","0","1","0","0"
"POINT (9.900299317000076 53.482502766000039)","Unfall 126664 (2018) Kat:3, Licht: 0","126664","3","2","5","07","07","2","0","0","1","1","0","0"
"POINT (10.089779820000047 53.544864683000071)","Unfall 126665 (2018) Kat:2, Licht: 0","126665","2","6","1","08","11","4","0","0","0","1","0","1"
"POINT (10.045625591000032 53.557943292000061)","Unfall 126666 (2018) Kat:3, Licht: 0","126666","3","7","0","08","14","7","0","0","0","0","0","0"
"POINT (10.107417765000037 53.541909222000072)","Unfall 126667 (2018) Kat:3, Licht: 0","126667","3","4","6","08","17","4","0","0","0","1","1","0"
"POINT (10.010334495000052 53.552290307000078)","Unfall 126668 (2018) Kat:3, Licht: 0","126668","3","4","6","08","17","7","1","0","0","1","1","0"
"POINT (10.072967683000059 53.645722545000069)","Unfall 126669 (2018) Kat:3, Licht: 0","126669","3","6","2","07","17","3","0","0","0","1","0","0"
"POINT (10.089494051000031 53.497009712000079)","Unfall 126670 (2018) Kat:3, Licht: 0","126670","3","7","5","07","18","2","0","0","0","1","0","1"
"POINT (9.999348320000024 53.556332995000048)","Unfall 126671 (2018) Kat:3, Licht: 0","126671","3","6","3","08","14","3","0","0","0","1","0","0"
"POINT (10.092137647000072 53.635722442000031)","Unfall 126672 (2018) Kat:3, Licht: 0","126672","3","6","3","08","18","5","0","0","0","1","0","0"
"POINT (10.143425153000067 53.525088540000070)","Unfall 126673 (2018) Kat:3, Licht: 2","126673","3","2","4","07","22","2","0","2","1","1","0","0"
"POINT (9.876357575000043 53.588706442000046)","Unfall 126674 (2018) Kat:3, Licht: 0","126674","3","6","3","08","18","7","0","0","0","1","0","0"
"POINT (10.141309225000043 53.538877661000072)","Unfall 126675 (2018) Kat:3, Licht: 0","126675","3","7","0","08","14","3","0","0","0","0","0","0"
"POINT (10.105780698000046 53.548027705000038)","Unfall 126676 (2018) Kat:3, Licht: 0","126676","3","2","4","07","18","2","0","0","0","1","0","0"
"POINT (10.083277345000056 53.544474793000063)","Unfall 126677 (2018) Kat:3, Licht: 0","126677","3","6","4","08","17","5","0","0","1","0","0","0"
"POINT (9.945546669000066 53.556981539000049)","Unfall 126678 (2018) Kat:3, Licht: 0","126678","3","3","5","08","17","2","0","0","0","1","0","0"
"POINT (10.127327653000066 53.538730027000042)","Unfall 126679 (2018) Kat:3, Licht: 0","126679","3","2","4","07","17","2","0","0","0","1","0","0"
"POINT (9.962436787000058 53.561925868000060)","Unfall 126680 (2018) Kat:3, Licht: 1","126680","3","6","2","08","20","6","0","1","1","1","0","1"
"POINT (10.007436222000024 53.616189444000042)","Unfall 126681 (2018) Kat:3, Licht: 0","126681","3","3","5","08","17","2","0","0","1","1","0","0"
"POINT (10.090370100000030 53.587236049000069)","Unfall 126682 (2018) Kat:3, Licht: 0","126682","3","7","0","07","16","2","0","0","0","0","0","1"
"POINT (10.046310733000041 53.578945183000030)","Unfall 126683 (2018) Kat:3, Licht: 0","126683","3","6","1","08","16","4","0","0","0","1","0","0"
"POINT (9.924096643000041 53.644065469000054)","Unfall 126684 (2018) Kat:3, Licht: 0","126684","3","3","5","08","09","7","0","0","1","1","0","0"
"POINT (10.040461300000061 53.603317690000040)","Unfall 126685 (2018) Kat:3, Licht: 0","126685","3","2","5","08","07","4","0","0","1","1","0","0"
"POINT (10.006174379000072 53.585992744000066)","Unfall 126686 (2018) Kat:3, Licht: 0","126686","3","2","5","08","15","6","0","0","0","1","0","0"
"POINT (9.972462155000073 53.553606279000064)","Unfall 126687 (2018) Kat:3, Licht: 0","126687","3","2","5","07","20","3","0","0","0","1","0","0"
"POINT (10.027106469000046 53.590991585000040)","Unfall 126688 (2018) Kat:3, Licht: 0","126688","3","5","1","07","06","3","0","0","0","0","0","0"
"POINT (10.067726783000069 53.609447109000030)","Unfall 126689 (2018) Kat:2, Licht: 0","126689","2","4","6","07","11","2","0","0","0","1","1","0"
"POINT (10.021303324000030 53.494811960000050)","Unfall 126690 (2018) Kat:3, Licht: 0","126690","3","2","5","08","16","2","0","0","1","1","0","0"
"POINT (9.898290181000050 53.555161686000076)","Unfall 126691 (2018) Kat:2, Licht: 2","126691","2","4","6","08","21","5","0","2","0","1","1","0"
"POINT (10.000497395000025 53.590091102000031)","Unfall 126692 (2018) Kat:3, Licht: 0","126692","3","7","0","07","14","2","0","0","1","1","0","0"
"POINT (10.069414230000064 53.579957563000050)","Unfall 126693 (2018) Kat:3, Licht: 0","126693","3","6","1","07","20","6","0","0","0","1","0","0"
"POINT (10.080832967000049 53.516487152000082)","Unfall 126694 (2018) Kat:2, Licht: 0","126694","2","3","5","08","06","6","0","0","0","0","0","1"
"POINT (10.072398705000069 53.641272710000067)","Unfall 126695 (2018) Kat:3, Licht: 0","126695","3","6","2","08","18","3","0","0","0","1","0","0"
"POINT (10.045569525000076 53.593605589000049)","Unfall 126696 (2018) Kat:3, Licht: 0","126696","3","5","0","07","12","2","0","0","1","1","0","0"
"POINT (9.968053001000044 53.545791461000078)","Unfall 126697 (2018) Kat:3, Licht: 0","126697","3","7","6","08","16","6","0","0","0","0","1","0"
"POINT (9.936520996000070 53.582137582000030)","Unfall 126698 (2018) Kat:3, Licht: 2","126698","3","2","4","08","22","2","0","2","1","1","0","0"
"POINT (10.006403633000048 53.605554461000054)","Unfall 126699 (2018) Kat:3, Licht: 0","126699","3","2","0","08","13","5","0","0","0","1","0","0"
"POINT (10.006997990000059 53.497534505000033)","Unfall 126700 (2018) Kat:3, Licht: 2","126700","3","4","0","08","22","1","0","2","0","0","1","0"
"POINT (10.029187518000072 53.564114307000068)","Unfall 126701 (2018) Kat:3, Licht: 0","126701","3","7","5","07","19","3","0","0","0","1","0","0"
"POINT (10.043212240000059 53.568441358000030)","Unfall 126702 (2018) Kat:3, Licht: 0","126702","3","3","5","07","12","2","0","0","0","1","0","0"
"POINT (10.111205865000045 53.531083810000041)","Unfall 126703 (2018) Kat:3, Licht: 0","126703","3","3","5","08","18","3","0","0","0","1","0","0"
"POINT (10.006242028000031 53.635490591000064)","Unfall 126704 (2018) Kat:3, Licht: 2","126704","3","4","6","08","23","6","0","2","0","1","1","0"
"POINT (10.077618283000049 53.579410222000035)","Unfall 126705 (2018) Kat:3, Licht: 0","126705","3","3","5","07","17","2","0","0","1","1","0","0"
"POINT (9.905927637000048 53.606918222000047)","Unfall 126706 (2018) Kat:3, Licht: 1","126706","3","2","2","07","21","3","0","1","1","1","0","0"
"POINT (10.058052867000072 53.569917322000038)","Unfall 126707 (2018) Kat:3, Licht: 0","126707","3","7","0","07","18","2","0","0","1","0","1","0"
"POINT (9.881336228000066 53.583154809000064)","Unfall 126708 (2018) Kat:3, Licht: 0","126708","3","3","5","08","08","2","0","0","1","0","0","0"
"POINT (9.936477742000022 53.572914871000080)","Unfall 126709 (2018) Kat:3, Licht: 0","126709","3","2","4","08","15","3","0","0","1","1","0","0"
"POINT (10.063504902000034 53.554195060000040)","Unfall 126710 (2018) Kat:3, Licht: 0","126710","3","2","4","08","16","4","0","0","1","1","0","0"
"POINT (9.903436636000038 53.568681947000073)","Unfall 126711 (2018) Kat:3, Licht: 0","126711","3","2","5","07","08","2","0","0","1","1","0","0"
"POINT (9.938830020000069 53.606644729000038)","Unfall 126712 (2018) Kat:3, Licht: 0","126712","3","7","6","08","13","4","0","0","1","0","0","0"
"POINT (10.203796066000052 53.512456129000043)","Unfall 126713 (2018) Kat:3, Licht: 2","126713","3","5","1","08","22","6","0","2","1","1","0","0"
"POINT (9.982312511000032 53.514657996000039)","Unfall 126714 (2018) Kat:3, Licht: 0","126714","3","3","5","07","17","2","0","0","1","1","0","0"
"POINT (9.870530147000068 53.592827080000063)","Unfall 126715 (2018) Kat:3, Licht: 0","126715","3","3","5","07","08","2","0","0","1","1","0","0"
"POINT (10.080560619000039 53.641399888000080)","Unfall 126716 (2018) Kat:3, Licht: 0","126716","3","6","2","08","16","2","0","0","0","1","0","0"
"POINT (9.995432221000044 53.548903929000062)","Unfall 126717 (2018) Kat:3, Licht: 0","126717","3","5","1","08","12","5","0","0","1","1","0","0"
"POINT (9.948400896000067 53.595026418000032)","Unfall 126718 (2018) Kat:3, Licht: 0","126718","3","6","3","07","09","2","0","0","1","0","0","0"
"POINT (10.006832721000023 53.631761374000064)","Unfall 126719 (2018) Kat:3, Licht: 0","126719","3","7","6","08","14","6","0","0","0","1","1","0"
"POINT (10.026462322000043 53.569732369000064)","Unfall 126720 (2018) Kat:3, Licht: 0","126720","3","6","2","08","10","3","0","0","0","1","0","0"
"POINT (10.015904853000052 53.555232961000058)","Unfall 126721 (2018) Kat:3, Licht: 0","126721","3","2","4","07","12","2","0","0","0","1","1","0"
"POINT (10.106682498000055 53.537939084000072)","Unfall 126722 (2018) Kat:3, Licht: 0","126722","3","6","2","08","18","5","0","0","1","1","0","0"
"POINT (9.784216819000051 53.523251296000069)","Unfall 126723 (2018) Kat:3, Licht: 0","126723","3","5","1","08","19","1","0","0","1","1","0","0"
"POINT (9.891610017000062 53.573290938000071)","Unfall 126724 (2018) Kat:3, Licht: 0","126724","3","7","1","08","08","5","0","0","0","0","0","1"
"POINT (10.006599593000033 53.550117671000066)","Unfall 126725 (2018) Kat:3, Licht: 2","126725","3","3","5","08","00","1","0","2","0","1","0","0"
"POINT (10.180135580000069 53.479919725000059)","Unfall 126726 (2018) Kat:2, Licht: 0","126726","2","1","9","07","15","1","0","0","0","0","0","1"
"POINT (10.061499065000021 53.595433607000075)","Unfall 126727 (2018) Kat:3, Licht: 0","126727","3","6","2","08","16","3","0","0","0","1","0","0"
"POINT (9.919047382000031 53.635817488000043)","Unfall 126728 (2018) Kat:3, Licht: 0","126728","3","3","5","08","13","6","0","0","1","1","0","0"
"POINT (9.987539560000073 53.550374983000040)","Unfall 126729 (2018) Kat:3, Licht: 0","126729","3","4","6","07","17","2","0","0","1","0","1","0"
"POINT (10.094583166000064 53.529738322000071)","Unfall 126730 (2018) Kat:2, Licht: 0","126730","2","3","5","07","12","1","0","0","0","1","0","1"
"POINT (10.251159540000060 53.425543780000055)","Unfall 126731 (2018) Kat:3, Licht: 1","126731","3","7","8","08","05","1","0","1","0","1","0","0"
"POINT (9.983882571000038 53.557816635000052)","Unfall 126732 (2018) Kat:2, Licht: 0","126732","2","6","1","08","17","3","0","0","0","1","0","0"
"POINT (10.021580905000064 53.607777572000032)","Unfall 126733 (2018) Kat:3, Licht: 0","126733","3","2","5","08","08","4","0","0","1","1","0","0"
"POINT (10.049815823000074 53.559680930000070)","Unfall 126734 (2018) Kat:3, Licht: 0","126734","3","1","9","07","14","1","0","0","0","1","0","0"
"POINT (9.892791062000072 53.573730737000062)","Unfall 126735 (2018) Kat:1, Licht: 0","126735","1","4","6","08","12","6","0","0","0","1","1","0"
"POINT (10.155626781000024 53.488127128000031)","Unfall 126736 (2018) Kat:2, Licht: 0","126736","2","3","5","08","20","2","1","0","1","1","0","0"
"POINT (10.160912939000070 53.596678736000058)","Unfall 126737 (2018) Kat:3, Licht: 2","126737","3","3","5","07","04","1","0","2","1","1","0","0"
"POINT (9.862543152000058 53.539451805000056)","Unfall 126738 (2018) Kat:2, Licht: 0","126738","2","3","5","08","07","4","0","0","1","1","0","0"
"POINT (10.000372826000046 53.463344394000046)","Unfall 126739 (2018) Kat:3, Licht: 0","126739","3","1","9","08","12","7","0","0","0","0","0","0"
"POINT (10.110256078000077 53.653477838000072)","Unfall 126740 (2018) Kat:3, Licht: 0","126740","3","4","6","07","16","1","0","0","0","1","1","0"
"POINT (10.024435185000073 53.565354881000076)","Unfall 126741 (2018) Kat:2, Licht: 0","126741","2","2","5","08","09","6","0","0","1","1","0","0"
"POINT (10.007217617000038 53.540357136000068)","Unfall 126742 (2018) Kat:3, Licht: 0","126742","3","6","2","08","16","3","0","0","0","1","0","0"
"POINT (10.024499867000031 53.565504704000034)","Unfall 126743 (2018) Kat:3, Licht: 0","126743","3","3","5","08","18","2","0","0","1","0","0","1"
"POINT (10.012965388000055 53.643126175000077)","Unfall 126744 (2018) Kat:1, Licht: 0","126744","1","4","6","07","17","1","0","0","0","1","1","0"
"POINT (9.936557225000058 53.598158041000033)","Unfall 126745 (2018) Kat:3, Licht: 0","126745","3","3","5","08","08","5","0","0","1","1","0","0"
"POINT (10.104043519000072 53.586824082000078)","Unfall 126746 (2018) Kat:3, Licht: 0","126746","3","5","0","08","13","1","0","0","0","1","0","1"
"POINT (9.964376784000024 53.557054225000059)","Unfall 126747 (2018) Kat:3, Licht: 0","126747","3","2","5","08","10","5","0","0","1","0","0","0"
"POINT (10.052410629000065 53.635219504000077)","Unfall 126748 (2018) Kat:3, Licht: 0","126748","3","6","2","08","17","7","1","0","0","1","0","0"
"POINT (9.993897174000040 53.600219523000078)","Unfall 126749 (2018) Kat:3, Licht: 0","126749","3","5","1","07","13","1","0","0","1","1","0","0"
"POINT (10.022613661000037 53.611786005000056)","Unfall 126750 (2018) Kat:3, Licht: 0","126750","3","6","2","08","18","3","0","0","0","1","0","0"
"POINT (9.999429421000059 53.573285869000074)","Unfall 126751 (2018) Kat:3, Licht: 1","126751","3","2","3","08","19","6","0","1","1","1","0","0"
"POINT (10.050273878000041 53.572968975000038)","Unfall 126752 (2018) Kat:3, Licht: 0","126752","3","3","5","07","11","1","0","0","0","1","0","0"
"POINT (10.024988898000061 53.600418065000042)","Unfall 126753 (2018) Kat:3, Licht: 0","126753","3","3","5","07","15","1","0","0","0","1","0","0"
"POINT (9.982654378000063 53.544213930000069)","Unfall 126754 (2018) Kat:3, Licht: 0","126754","3","3","5","08","05","1","0","0","1","1","0","0"
"POINT (10.176967576000038 53.405731189000051)","Unfall 126755 (2018) Kat:3, Licht: 0","126755","3","7","0","08","10","2","1","0","1","0","0","0"
"POINT (9.947368538000035 53.577984474000061)","Unfall 126756 (2018) Kat:3, Licht: 0","126756","3","6","2","08","13","4","0","0","1","1","0","0"
"POINT (9.853029938000077 53.593228748000058)","Unfall 126757 (2018) Kat:3, Licht: 0","126757","3","2","5","07","10","1","0","0","0","1","0","1"
"POINT (9.977611858000046 53.571375911000075)","Unfall 126758 (2018) Kat:3, Licht: 0","126758","3","2","3","08","16","6","0","0","1","0","0","0"
"POINT (10.094805491000045 53.571926464000057)","Unfall 126759 (2018) Kat:3, Licht: 0","126759","3","2","3","08","05","2","0","0","0","1","0","1"
"POINT (9.979445458000043 53.555938588000060)","Unfall 126760 (2018) Kat:3, Licht: 0","126760","3","3","5","07","18","1","0","0","1","1","0","0"
"POINT (10.086060316000044 53.577522747000046)","Unfall 126761 (2018) Kat:3, Licht: 0","126761","3","6","2","08","13","4","0","0","0","1","0","0"
"POINT (10.090538243000026 53.637851745000034)","Unfall 126762 (2018) Kat:2, Licht: 0","126762","2","7","0","08","18","7","0","0","0","0","0","1"
"POINT (10.063555475000044 53.554187488000082)","Unfall 126763 (2018) Kat:3, Licht: 0","126763","3","3","5","08","16","4","0","0","0","1","0","1"
"POINT (10.083772715000066 53.537748314000055)","Unfall 126764 (2018) Kat:3, Licht: 0","126764","3","7","0","08","17","6","0","0","0","1","0","0"
"POINT (10.004291847000047 53.580559757000060)","Unfall 126765 (2018) Kat:3, Licht: 2","126765","3","6","3","08","00","4","0","2","1","0","0","0"
"POINT (9.879846413000053 53.477939726000045)","Unfall 126766 (2018) Kat:3, Licht: 0","126766","3","7","8","07","15","7","0","0","0","0","0","1"
"POINT (9.979340480000076 53.464945636000039)","Unfall 126767 (2018) Kat:3, Licht: 0","126767","3","6","0","08","10","3","0","0","0","1","0","0"
"POINT (10.015334077000034 53.591906675000075)","Unfall 126768 (2018) Kat:3, Licht: 0","126768","3","2","4","08","18","5","0","0","1","1","0","0"
"POINT (9.992684655000062 53.481372355000076)","Unfall 126769 (2018) Kat:3, Licht: 0","126769","3","3","5","08","11","4","0","0","1","1","0","0"
"POINT (9.990120680000075 53.563889517000064)","Unfall 126770 (2018) Kat:3, Licht: 0","126770","3","7","6","08","17","7","0","0","0","1","1","0"
"POINT (9.869352313000036 53.522668921000047)","Unfall 126771 (2018) Kat:3, Licht: 0","126771","3","5","1","07","13","7","0","0","0","1","0","1"
"POINT (9.979230512000072 53.597314946000040)","Unfall 126772 (2018) Kat:3, Licht: 0","126772","3","7","6","08","07","3","0","0","1","0","1","0"
"POINT (10.127010744000074 53.574993191000033)","Unfall 126773 (2018) Kat:3, Licht: 0","126773","3","2","6","08","10","5","0","0","0","1","1","0"
"POINT (10.176642760000050 53.512700087000042)","Unfall 126774 (2018) Kat:3, Licht: 0","126774","3","7","0","07","19","7","1","0","0","0","0","1"
"POINT (10.084702032000052 53.553323701000068)","Unfall 126775 (2018) Kat:3, Licht: 0","126775","3","2","4","07","14","7","0","0","1","1","0","0"
"POINT (10.154992842000070 53.665007152000044)","Unfall 126776 (2018) Kat:2, Licht: 0","126776","2","3","5","08","15","7","0","0","1","1","0","0"
"POINT (10.082683723000059 53.635028601000045)","Unfall 126777 (2018) Kat:3, Licht: 0","126777","3","6","2","08","07","2","0","0","1","1","0","0"
"POINT (9.888336266000067 53.469292724000070)","Unfall 126778 (2018) Kat:3, Licht: 0","126778","3","6","4","08","08","3","0","0","0","1","0","0"
"POINT (10.117162975000042 53.649784943000043)","Unfall 126779 (2018) Kat:2, Licht: 1","126779","2","1","7","07","03","7","0","1","0","1","0","0"
"POINT (10.008532951000063 53.550446368000053)","Unfall 126780 (2018) Kat:3, Licht: 0","126780","3","3","5","08","14","6","0","0","1","1","0","0"
"POINT (9.899212518000070 53.556016746000068)","Unfall 126781 (2018) Kat:3, Licht: 0","126781","3","6","0","08","18","2","0","0","0","1","0","0"
"POINT (9.745657413000060 53.571408187000031)","Unfall 126782 (2018) Kat:3, Licht: 0","126782","3","6","1","07","18","7","0","0","1","1","0","0"
"POINT (10.061379079000062 53.588915870000051)","Unfall 126783 (2018) Kat:3, Licht: 0","126783","3","3","5","08","12","4","0","0","0","1","0","0"
"POINT (9.917815820000044 53.515379711000037)","Unfall 126784 (2018) Kat:3, Licht: 0","126784","3","6","3","08","18","6","0","0","0","1","0","0"
"POINT (10.018267122000054 53.552528050000035)","Unfall 126785 (2018) Kat:3, Licht: 0","126785","3","2","3","07","07","3","0","0","1","1","0","0"
"POINT (9.988596591000032 53.457246725000061)","Unfall 126786 (2018) Kat:3, Licht: 0","126786","3","6","2","07","17","6","0","0","0","1","0","0"
"POINT (10.206736486000068 53.478240893000077)","Unfall 126787 (2018) Kat:3, Licht: 0","126787","3","3","5","08","15","2","0","0","1","1","0","0"
"POINT (9.974238706000051 53.569305825000072)","Unfall 126788 (2018) Kat:3, Licht: 2","126788","3","3","5","08","23","5","0","2","1","0","0","0"
"POINT (10.108188633000054 53.500207364000062)","Unfall 126789 (2018) Kat:2, Licht: 0","126789","2","1","8","07","16","6","0","0","0","0","0","0"
"POINT (10.071824769000045 53.597306835000040)","Unfall 126790 (2018) Kat:3, Licht: 0","126790","3","6","1","07","12","6","0","0","0","1","0","0"
"POINT (10.042037645000050 53.555474278000077)","Unfall 126791 (2018) Kat:2, Licht: 2","126791","2","1","9","08","23","6","0","2","0","1","0","0"
"POINT (10.015657415000021 53.633553324000047)","Unfall 126792 (2018) Kat:3, Licht: 0","126792","3","6","2","08","14","3","1","0","0","1","0","0"
"POINT (10.006592485000056 53.548080807000076)","Unfall 126793 (2018) Kat:3, Licht: 2","126793","3","1","0","08","21","6","0","2","0","0","0","1"
"POINT (9.946618547000071 53.561138085000039)","Unfall 126794 (2018) Kat:3, Licht: 0","126794","3","5","1","08","15","2","0","0","1","1","0","0"