WKT,Name,OBJECTID,UKATEGORIE,UTYP1,UART,UMONAT,USTUNDE,UWOCHENTAG,STRZUSTAND,ULICHTVERH,ISTRAD,ISTPKW,ISTFUSS,ISTKRAD
"POINT (10.018971179000062 53.614617834000057)","Unfall 126795 (2018) Kat:3, Licht: 0","126795","3","6","2","09","17","4","0","0","0","1","0","0"
"POINT (9.794175447000043 53.515090554000039)","Unfall 126796 (2018) Kat:3, Licht: 0","126796","3","3","5","09","16","2","0","0","1","1","0","0"
"POINT (10.014127217000066 53.556292735000056)","Unfall 126797 (2018) Kat:3, Licht: 0","126797","3","3","5","08","07","4","0","0","1","1","0","0"
"POINT (10.005877251000072 53.583009881000066)","Unfall 126798 (2018) Kat:3, Licht: 0","126798","3","6","6","09","08","3","0","0","1","0","1","0"
"POINT (10.086435561000030 53.660051987000031)","Unfall 126799 (2018) Kat:3, Licht: 0","126799","3","2","5","09","07","7","0","0","0","1","0","0"
"POINT (9.986450995000041 53.508596837000027)","Unfall 126800 (2018) Kat:3, Licht: 1","126800","3","7","3","08","20","3","0","1","0","1","0","0"
"POINT (10.102652094000064 53.579235254000082)","Unfall 126801 (2018) Kat:3, Licht: 2","126801","3","6","3","09","22","5","0","2","0","1","0","0"
"POINT (10.273407779000024 53.427527353000073)","Unfall 126802 (2018) Kat:2, Licht: 0","126802","2","3","5","08","19","3","0","0","1","1","0","0"
"POINT (9.966854093000052 53.601693828000066)","Unfall 126803 (2018) Kat:3, Licht: 0","126803","3","2","5","09","16","2","0","0","1","0","0","0"
"POINT (10.121537469000032 53.539140012000075)","Unfall 126804 (2018) Kat:3, Licht: 0","126804","3","7","1","09","10","5","0","0","0","1","0","0"
"POINT (10.069247986000050 53.580164305000039)","Unfall 126805 (2018) Kat:3, Licht: 1","126805","3","3","5","09","05","5","0","1","0","1","0","0"
"POINT (9.953891442000042 53.569248060000064)","Unfall 126806 (2018) Kat:3, Licht: 0","126806","3","6","1","09","11","4","1","0","0","1","0","0"
"POINT (10.211195363000058 53.463505760000032)","Unfall 126807 (2018) Kat:3, Licht: 0","126807","3","1","0","08","07","3","0","0","0","0","0","1"
"POINT (9.927251878000050 53.554712956000060)","Unfall 126808 (2018) Kat:3, Licht: 0","126808","3","7","1","09","13","7","0","0","1","1","0","0"
"POINT (10.032079674000045 53.566508341000031)","Unfall 126809 (2018) Kat:3, Licht: 0","126809","3","6","3","08","14","6","0","0","0","1","0","1"
"POINT (9.872468994000030 53.591627244000051)","Unfall 126810 (2018) Kat:3, Licht: 0","126810","3","6","3","09","08","4","0","0","0","1","0","0"
"POINT (9.858472771000038 53.570932704000029)","Unfall 126811 (2018) Kat:3, Licht: 0","126811","3","3","5","09","17","2","0","0","0","1","0","0"
"POINT (10.194272682000076 53.502689395000061)","Unfall 126812 (2018) Kat:3, Licht: 0","126812","3","2","2","08","16","3","0","0","0","1","0","0"
"POINT (10.111292220000053 53.531068024000035)","Unfall 126813 (2018) Kat:3, Licht: 0","126813","3","3","5","08","18","3","0","0","0","1","0","0"
"POINT (10.014184482000076 53.554437029000042)","Unfall 126814 (2018) Kat:3, Licht: 0","126814","3","3","6","09","08","3","0","0","1","0","1","0"
"POINT (10.107389669000042 53.541916781000054)","Unfall 126815 (2018) Kat:3, Licht: 0","126815","3","3","6","09","18","6","0","0","0","1","1","0"
"POINT (10.067074953000031 53.535397496000030)","Unfall 126816 (2018) Kat:3, Licht: 0","126816","3","2","3","08","17","3","0","0","0","0","0","1"
"POINT (9.934431480000058 53.555676606000077)","Unfall 126817 (2018) Kat:3, Licht: 0","126817","3","6","2","09","18","5","0","0","1","1","0","0"
"POINT (10.013880869000047 53.548538211000050)","Unfall 126818 (2018) Kat:3, Licht: 0","126818","3","3","6","08","08","3","0","0","1","0","1","0"
"POINT (10.106238291000068 53.546530943000050)","Unfall 126819 (2018) Kat:3, Licht: 1","126819","3","5","1","09","20","1","0","1","0","1","0","0"
"POINT (9.971316242000057 53.601990270000044)","Unfall 126820 (2018) Kat:3, Licht: 0","126820","3","6","2","09","18","7","0","0","0","1","0","0"
"POINT (10.062491184000066 53.601455394000027)","Unfall 126821 (2018) Kat:2, Licht: 0","126821","2","7","3","08","14","3","0","0","0","1","0","0"
"POINT (10.024365883000030 53.565175440000075)","Unfall 126822 (2018) Kat:3, Licht: 0","126822","3","6","2","09","08","5","0","0","0","1","0","0"
"POINT (10.089958357000057 53.600984943000071)","Unfall 126823 (2018) Kat:3, Licht: 0","126823","3","6","0","08","07","3","0","0","1","0","0","0"
"POINT (9.972733629000061 53.547608258000082)","Unfall 126824 (2018) Kat:3, Licht: 2","126824","3","3","0","09","22","2","0","2","1","0","0","1"
"POINT (10.125571335000075 53.586387765000040)","Unfall 126825 (2018) Kat:3, Licht: 0","126825","3","4","6","08","17","5","1","0","0","1","1","0"
"POINT (10.092357266000022 53.653297027000065)","Unfall 126826 (2018) Kat:3, Licht: 0","126826","3","7","0","08","18","5","0","0","0","1","0","1"
"POINT (10.013926547000040 53.593938234000063)","Unfall 126827 (2018) Kat:3, Licht: 0","126827","3","6","2","09","16","5","0","0","0","1","0","0"
"POINT (10.013280233000046 53.521306638000056)","Unfall 126828 (2018) Kat:3, Licht: 0","126828","3","3","5","09","13","3","0","0","1","0","0","0"
"POINT (10.009630431000062 53.649511200000063)","Unfall 126829 (2018) Kat:3, Licht: 0","126829","3","2","5","08","16","3","0","0","1","1","0","0"
"POINT (9.981839954000066 53.573967518000075)","Unfall 126830 (2018) Kat:3, Licht: 0","126830","3","7","1","08","13","6","0","0","1","1","0","0"
"POINT (9.936073554000075 53.555697186000032)","Unfall 126831 (2018) Kat:3, Licht: 1","126831","3","2","3","09","19","4","0","1","1","1","0","0"
"POINT (10.162953224000034 53.624121363000029)","Unfall 126832 (2018) Kat:3, Licht: 0","126832","3","3","5","09","11","1","0","0","1","1","0","0"
"POINT (10.000167663000070 53.614822072000038)","Unfall 126833 (2018) Kat:3, Licht: 0","126833","3","7","1","08","14","3","0","0","1","1","0","0"
"POINT (10.028045694000070 53.588483100000076)","Unfall 126834 (2018) Kat:2, Licht: 0","126834","2","3","5","08","15","3","0","0","1","1","0","0"
"POINT (10.086687166000047 53.554858533000072)","Unfall 126835 (2018) Kat:3, Licht: 0","126835","3","6","3","09","13","6","0","0","0","1","0","1"
"POINT (10.024787346000039 53.600430238000058)","Unfall 126836 (2018) Kat:3, Licht: 0","126836","3","2","0","08","19","3","0","0","1","1","0","0"
"POINT (10.191637811000021 53.495932028000027)","Unfall 126837 (2018) Kat:3, Licht: 0","126837","3","3","5","09","07","2","0","0","1","1","0","0"
"POINT (10.126655193000033 53.589400142000045)","Unfall 126838 (2018) Kat:3, Licht: 0","126838","3","6","0","09","13","6","0","0","0","1","0","1"
"POINT (9.915688116000069 53.589494976000026)","Unfall 126839 (2018) Kat:3, Licht: 0","126839","3","3","5","08","12","3","0","0","1","1","0","0"
"POINT (9.967514186000074 53.548455498000067)","Unfall 126840 (2018) Kat:3, Licht: 0","126840","3","2","4","09","08","5","0","0","1","1","0","0"
"POINT (9.987652430000026 53.590939208000066)","Unfall 126841 (2018) Kat:3, Licht: 0","126841","3","2","5","08","16","3","0","0","1","1","0","0"
"POINT (9.946226592000073 53.591651039000055)","Unfall 126842 (2018) Kat:3, Licht: 2","126842","3","7","0","09","00","1","0","2","1","0","0","0"
"POINT (10.086744266000039 53.552123609000034)","Unfall 126843 (2018) Kat:3, Licht: 0","126843","3","2","0","09","19","4","0","0","0","0","0","0"
"POINT (10.014080838000041 53.619128607000050)","Unfall 126844 (2018) Kat:3, Licht: 0","126844","3","4","6","09","13","3","0","0","1","0","1","0"
"POINT (9.956417605000070 53.582695362000038)","Unfall 126845 (2018) Kat:3, Licht: 0","126845","3","2","2","08","08","3","0","0","0","0","0","0"
"POINT (10.118121110000061 53.538092549000055)","Unfall 126846 (2018) Kat:3, Licht: 0","126846","3","3","5","09","07","3","0","0","0","1","0","0"
"POINT (10.141324070000053 53.583981024000082)","Unfall 126847 (2018) Kat:3, Licht: 0","126847","3","3","5","09","18","7","0","0","0","1","0","0"
"POINT (9.946313223000061 53.561993545000064)","Unfall 126848 (2018) Kat:3, Licht: 0","126848","3","6","0","08","18","3","0","0","1","1","0","0"
"POINT (9.949413199000048 53.558452347000070)","Unfall 126849 (2018) Kat:3, Licht: 2","126849","3","3","5","09","20","5","0","2","1","1","0","0"
"POINT (10.141618273000063 53.598115250000035)","Unfall 126850 (2018) Kat:3, Licht: 0","126850","3","7","3","09","13","3","0","0","0","1","0","0"
"POINT (9.939343754000049 53.553742610000029)","Unfall 126851 (2018) Kat:3, Licht: 0","126851","3","3","5","08","18","3","0","0","0","1","0","1"
"POINT (9.995214636000071 53.452971858000069)","Unfall 126852 (2018) Kat:3, Licht: 0","126852","3","2","5","09","09","3","0","0","1","1","0","0"
"POINT (9.961654715000066 53.568448682000053)","Unfall 126853 (2018) Kat:3, Licht: 0","126853","3","6","4","09","19","1","0","0","1","1","0","0"
"POINT (9.919964780000043 53.558958121000046)","Unfall 126854 (2018) Kat:3, Licht: 0","126854","3","3","5","08","16","3","0","0","1","1","0","0"
"POINT (10.159307817000069 53.602118601000029)","Unfall 126855 (2018) Kat:3, Licht: 0","126855","3","7","8","09","13","6","0","0","1","0","0","0"
"POINT (10.106361524000022 53.546569058000046)","Unfall 126856 (2018) Kat:3, Licht: 0","126856","3","3","5","08","07","2","0","0","0","1","0","0"
"POINT (10.102832520000049 53.578807719000054)","Unfall 126857 (2018) Kat:3, Licht: 0","126857","3","2","5","09","15","2","0","0","1","1","0","0"
"POINT (10.008393068000032 53.667909026000075)","Unfall 126858 (2018) Kat:2, Licht: 0","126858","2","7","0","09","18","6","1","0","0","0","0","1"
"POINT (10.071128856000030 53.559184560000062)","Unfall 126859 (2018) Kat:3, Licht: 0","126859","3","6","3","08","11","2","0","0","0","1","0","0"
"POINT (10.074878052000031 53.554900487000054)","Unfall 126860 (2018) Kat:2, Licht: 1","126860","2","3","5","09","07","4","1","1","1","1","0","0"
"POINT (10.056969079000055 53.563882287000069)","Unfall 126861 (2018) Kat:3, Licht: 0","126861","3","6","1","08","17","2","0","0","1","1","0","0"
"POINT (10.175479782000025 53.512864367000077)","Unfall 126862 (2018) Kat:3, Licht: 0","126862","3","6","2","09","11","7","0","0","0","1","0","0"
"POINT (10.095468179000022 53.578829799000061)","Unfall 126863 (2018) Kat:2, Licht: 0","126863","2","6","3","09","17","4","0","0","0","0","0","0"
"POINT (9.970410906000041 53.580234734000044)","Unfall 126864 (2018) Kat:3, Licht: 0","126864","3","3","5","09","15","3","0","0","1","1","0","0"
"POINT (10.117267483000035 53.607176959000071)","Unfall 126865 (2018) Kat:3, Licht: 0","126865","3","2","5","08","18","2","0","0","1","1","0","0"
"POINT (10.095038665000061 53.639335689000063)","Unfall 126866 (2018) Kat:3, Licht: 0","126866","3","2","6","09","12","3","0","0","0","0","1","0"
"POINT (10.075831700000037 53.575012004000030)","Unfall 126867 (2018) Kat:3, Licht: 0","126867","3","6","1","09","13","7","0","0","0","1","0","0"
"POINT (10.088135760000057 53.575082933000033)","Unfall 126868 (2018) Kat:3, Licht: 0","126868","3","6","2","08","14","2","1","0","0","1","0","0"
"POINT (9.976537420000057 53.456815453000047)","Unfall 126869 (2018) Kat:3, Licht: 0","126869","3","2","4","09","07","5","0","0","1","1","0","0"
"POINT (10.062112919000072 53.580951745000050)","Unfall 126870 (2018) Kat:3, Licht: 0","126870","3","6","2","08","17","2","0","0","0","1","0","0"
"POINT (9.887352957000076 53.563146680000045)","Unfall 126871 (2018) Kat:3, Licht: 0","126871","3","3","5","09","08","2","0","0","1","1","0","0"
"POINT (9.793747674000031 53.533946795000077)","Unfall 126872 (2018) Kat:3, Licht: 0","126872","3","6","2","09","07","5","0","0","0","1","0","0"
"POINT (10.119879564000030 53.606300347000058)","Unfall 126873 (2018) Kat:3, Licht: 0","126873","3","2","4","09","10","5","0","0","0","1","0","0"
"POINT (10.025940951000052 53.669541153000068)","Unfall 126874 (2018) Kat:2, Licht: 0","126874","2","2","0","09","13","6","0","0","1","1","0","0"
"POINT (10.096070072000032 53.652539487000070)","Unfall 126875 (2018) Kat:3, Licht: 0","126875","3","3","5","08","12","2","0","0","1","1","0","0"
"POINT (10.025237876000062 53.604217663000043)","Unfall 126876 (2018) Kat:3, Licht: 0","126876","3","3","5","09","17","2","0","0","0","1","0","0"
"POINT (9.901018643000043 53.556402655000056)","Unfall 126877 (2018) Kat:3, Licht: 0","126877","3","6","1","09","18","6","0","0","1","0","0","0"
"POINT (10.022681003000059 53.629608091000080)","Unfall 126878 (2018) Kat:3, Licht: 0","126878","3","7","1","08","10","2","0","0","1","1","0","0"
"POINT (10.072009832000049 53.588295323000068)","Unfall 126879 (2018) Kat:3, Licht: 2","126879","3","1","8","09","23","4","0","2","0","1","0","0"
"POINT (10.033324246000063 53.588468539000075)","Unfall 126880 (2018) Kat:3, Licht: 0","126880","3","6","2","08","18","2","0","0","0","1","0","1"
"POINT (10.042795940000076 53.632165181000062)","Unfall 126881 (2018) Kat:3, Licht: 2","126881","3","6","2","09","05","7","0","2","1","1","0","0"
"POINT (9.996275091000030 53.499422639000045)","Unfall 126882 (2018) Kat:3, Licht: 0","126882","3","6","2","08","15","6","0","0","0","1","0","0"
"POINT (10.012695981000036 53.645950772000049)","Unfall 126883 (2018) Kat:3, Licht: 0","126883","3","1","0","08","13","5","1","0","0","0","0","1"
"POINT (10.024975848000054 53.568835715000034)","Unfall 126884 (2018) Kat:3, Licht: 0","126884","3","2","3","09","19","4","0","0","1","1","0","0"
"POINT (10.116567329000077 53.583848896000063)","Unfall 126885 (2018) Kat:3, Licht: 2","126885","3","6","8","09","00","2","0","2","0","1","0","0"
"POINT (10.032551169000044 53.572868210000081)","Unfall 126886 (2018) Kat:3, Licht: 0","126886","3","3","5","08","07","2","1","0","1","1","0","0"
"POINT (9.889319425000053 53.608225260000040)","Unfall 126887 (2018) Kat:3, Licht: 0","126887","3","3","5","09","15","3","0","0","1","1","0","0"
"POINT (9.892832154000075 53.603342620000035)","Unfall 126888 (2018) Kat:3, Licht: 2","126888","3","7","6","09","05","7","0","2","0","0","1","0"
"POINT (10.028106439000055 53.580394313000056)","Unfall 126889 (2018) Kat:3, Licht: 0","126889","3","5","1","08","11","2","0","0","1","1","0","0"
"POINT (10.089574604000063 53.634314144000030)","Unfall 126890 (2018) Kat:3, Licht: 0","126890","3","7","2","09","07","5","0","0","1","1","0","0"
"POINT (9.760368227000072 53.575341472000048)","Unfall 126891 (2018) Kat:3, Licht: 0","126891","3","6","0","08","08","2","1","0","1","1","0","0"
"POINT (9.983702003000076 53.557764304000045)","Unfall 126892 (2018) Kat:3, Licht: 0","126892","3","2","4","09","17","2","0","0","0","1","0","0"
"POINT (10.124709065000047 53.571108592000030)","Unfall 126893 (2018) Kat:3, Licht: 0","126893","3","6","2","08","19","5","1","0","0","1","0","0"
"POINT (10.018168186000025 53.675668272000053)","Unfall 126894 (2018) Kat:3, Licht: 2","126894","3","4","6","08","05","5","1","2","1","0","1","0"
"POINT (10.012276122000060 53.612306699000044)","Unfall 126895 (2018) Kat:2, Licht: 0","126895","2","3","5","09","10","5","0","0","1","1","0","0"
"POINT (9.947710538000024 53.560998241000050)","Unfall 126896 (2018) Kat:3, Licht: 0","126896","3","6","2","09","15","4","1","0","0","1","0","0"
"POINT (9.961134412000035 53.583565056000054)","Unfall 126897 (2018) Kat:3, Licht: 0","126897","3","3","5","08","14","2","1","0","0","1","0","0"
"POINT (9.953796337000028 53.547098860000062)","Unfall 126898 (2018) Kat:3, Licht: 0","126898","3","3","5","09","19","7","0","0","1","1","0","0"
"POINT (9.876169114000049 53.588340277000043)","Unfall 126899 (2018) Kat:3, Licht: 0","126899","3","2","3","08","14","6","0","0","1","1","0","0"
"POINT (9.995948386000066 53.588465489000043)","Unfall 126900 (2018) Kat:3, Licht: 0","126900","3","3","5","09","14","4","0","0","1","1","0","0"
"POINT (9.962848362000045 53.564489779000041)","Unfall 126901 (2018) Kat:3, Licht: 0","126901","3","2","3","09","08","2","0","0","1","1","0","0"
"POINT (9.954353890000050 53.569527669000081)","Unfall 126902 (2018) Kat:3, Licht: 0","126902","3","3","5","08","08","2","0","0","1","0","0","0"
"POINT (10.099315523000030 53.538513798000054)","Unfall 126903 (2018) Kat:3, Licht: 0","126903","3","3","5","08","07","5","1","0","1","0","0","0"
"POINT (9.832317345000035 53.560251780000044)","Unfall 126904 (2018) Kat:3, Licht: 0","126904","3","5","1","09","13","4","1","0","1","1","0","0"
"POINT (9.927987624000025 53.558736011000065)","Unfall 126905 (2018) Kat:3, Licht: 2","126905","3","2","4","08","23","2","0","2","0","1","0","0"
"POINT (9.850288356000021 53.578622167000049)","Unfall 126906 (2018) Kat:3, Licht: 1","126906","3","5","1","09","06","7","0","1","0","1","0","0"
"POINT (10.060873592000064 53.570445184000050)","Unfall 126907 (2018) Kat:3, Licht: 0","126907","3","4","6","08","15","6","0","0","0","1","1","0"
"POINT (9.833639263000066 53.555879138000080)","Unfall 126908 (2018) Kat:3, Licht: 2","126908","3","2","2","09","21","4","0","2","0","1","0","1"
"POINT (10.066538196000067 53.597755115000041)","Unfall 126909 (2018) Kat:3, Licht: 0","126909","3","2","4","09","11","2","0","0","1","1","0","0"
"POINT (9.962954893000074 53.560852803000046)","Unfall 126910 (2018) Kat:3, Licht: 0","126910","3","4","0","08","16","2","1","0","0","0","1","1"
"POINT (9.958937821000063 53.563252554000030)","Unfall 126911 (2018) Kat:3, Licht: 0","126911","3","6","2","08","16","2","1","0","0","1","0","1"
"POINT (9.978104426000073 53.566677934000040)","Unfall 126912 (2018) Kat:3, Licht: 0","126912","3","2","3","09","19","3","0","0","1","1","0","0"
"POINT (9.857922490000021 53.476728107000042)","Unfall 126913 (2018) Kat:3, Licht: 2","126913","3","3","5","09","21","6","0","2","1","1","0","0"
"POINT (9.983508792000066 53.553102480000064)","Unfall 126914 (2018) Kat:3, Licht: 0","126914","3","3","5","08","10","2","1","0","0","1","0","1"
"POINT (9.873723310000059 53.559751238000047)","Unfall 126915 (2018) Kat:3, Licht: 0","126915","3","2","2","09","13","5","0","0","1","1","0","0"
"POINT (9.956587598000056 53.464053758000034)","Unfall 126916 (2018) Kat:3, Licht: 0","126916","3","4","0","08","11","1","0","0","0","1","1","0"
"POINT (10.012917890000040 53.549846261000027)","Unfall 126917 (2018) Kat:2, Licht: 2","126917","2","3","5","09","02","2","0","2","1","0","0","0"
"POINT (10.108921834000057 53.622525686000074)","Unfall 126918 (2018) Kat:3, Licht: 0","126918","3","3","5","08","07","5","1","0","1","1","0","0"
"POINT (10.019152530000042 53.565061556000046)","Unfall 126919 (2018) Kat:3, Licht: 2","126919","3","2","3","09","22","5","0","2","1","1","0","0"
"POINT (10.021363007000048 53.544746748000080)","Unfall 126920 (2018) Kat:3, Licht: 0","126920","3","3","5","09","17","3","0","0","0","1","0","1"
"POINT (10.042762055000026 53.539812387000040)","Unfall 126921 (2018) Kat:3, Licht: 0","126921","3","7","6","08","14","1","0","0","1","0","1","0"
"POINT (9.878845393000063 53.477827009000066)","Unfall 126922 (2018) Kat:3, Licht: 0","126922","3","4","6","08","13","5","0","0","0","1","1","0"
"POINT (10.013292362000072 53.553835194000044)","Unfall 126923 (2018) Kat:3, Licht: 2","126923","3","1","8","09","04","4","0","2","0","0","0","1"
"POINT (10.030875046000062 53.613368559000037)","Unfall 126924 (2018) Kat:3, Licht: 2","126924","3","6","0","09","04","1","0","2","0","0","1","0"
"POINT (10.175071507000041 53.615136654000082)","Unfall 126925 (2018) Kat:2, Licht: 0","126925","2","4","6","08","12","1","0","0","0","1","1","0"
"POINT (10.122610970000039 53.567577115000063)","Unfall 126926 (2018) Kat:3, Licht: 0","126926","3","6","2","09","15","6","0","0","0","1","0","0"
"POINT (10.103796296000041 53.653229290000070)","Unfall 126927 (2018) Kat:2, Licht: 2","126927","2","1","8","08","21","1","0","2","0","0","1","1"
"POINT (10.147226477000061 53.543860581000047)","Unfall 126928 (2018) Kat:3, Licht: 0","126928","3","2","4","09","14","2","0","0","0","1","0","0"
"POINT (10.046335954000028 53.633289540000078)","Unfall 126929 (2018) Kat:3, Licht: 0","126929","3","6","2","09","15","6","1","0","0","1","0","0"
"POINT (9.858960955000043 53.576513260000070)","Unfall 126930 (2018) Kat:3, Licht: 0","126930","3","6","6","08","18","1","0","0","1","0","1","0"
"POINT (9.779101643000047 53.522543545000076)","Unfall 126931 (2018) Kat:2, Licht: 0","126931","2","4","0","09","17","4","0","0","0","0","1","0"
"POINT (9.787339662000022 53.568000313000027)","Unfall 126932 (2018) Kat:3, Licht: 0","126932","3","5","1","08","12","1","0","0","1","1","0","0"
"POINT (9.949044637000043 53.582372783000039)","Unfall 126933 (2018) Kat:3, Licht: 0","126933","3","6","0","08","16","1","0","0","0","1","0","0"
"POINT (9.992332871000031 53.500484811000035)","Unfall 126934 (2018) Kat:3, Licht: 0","126934","3","6","3","09","10","6","0","0","0","1","0","0"
"POINT (9.918326201000070 53.553777858000046)","Unfall 126935 (2018) Kat:3, Licht: 0","126935","3","2","3","08","13","1","0","0","1","1","0","0"
"POINT (9.877246213000035 53.533415435000052)","Unfall 126936 (2018) Kat:3, Licht: 0","126936","3","6","2","09","14","2","0","0","0","1","0","1"
"POINT (10.109739741000055 53.592305132000035)","Unfall 126937 (2018) Kat:3, Licht: 2","126937","3","7","6","09","22","6","0","2","0","1","1","0"
"POINT (10.233092167000052 53.438150541000027)","Unfall 126938 (2018) Kat:3, Licht: 2","126938","3","6","3","08","03","7","0","2","1","1","0","0"
"POINT (9.986814909000032 53.582459611000047)","Unfall 126939 (2018) Kat:3, Licht: 0","126939","3","4","6","09","15","5","0","0","0","1","1","0"
"POINT (10.101000911000028 53.557712979000030)","Unfall 126940 (2018) Kat:2, Licht: 2","126940","2","6","4","08","04","7","1","2","0","1","0","0"
"POINT (10.163818890000073 53.620944013000042)","Unfall 126941 (2018) Kat:3, Licht: 0","126941","3","7","0","09","16","1","0","0","0","0","0","1"
"POINT (9.985873612000034 53.563496382000039)","Unfall 126942 (2018) Kat:3, Licht: 0","126942","3","7","3","09","12","5","0","0","0","1","0","0"
"POINT (10.118280614000071 53.585033275000058)","Unfall 126943 (2018) Kat:3, Licht: 2","126943","3","6","4","09","21","3","0","2","0","1","0","0"
"POINT (10.153867039000033 53.614610155000037)","Unfall 126944 (2018) Kat:3, Licht: 0","126944","3","6","2","08","17","7","0","0","0","1","0","0"
"POINT (10.122101915000030 53.482789553000032)","Unfall 126945 (2018) Kat:3, Licht: 2","126945","3","7","9","09","22","3","0","2","0","1","0","0"
"POINT (10.285518778000039 53.427568396000026)","Unfall 126946 (2018) Kat:3, Licht: 0","126946","3","3","5","09","11","7","0","0","0","1","0","1"
"POINT (10.122939335000069 53.570998988000042)","Unfall 126947 (2018) Kat:3, Licht: 0","126947","3","3","5","08","07","7","0","0","0","1","0","0"
"POINT (10.070117038000035 53.603797625000027)","Unfall 126948 (2018) Kat:3, Licht: 0","126948","3","3","5","09","11","6","0","0","1","1","0","0"
"POINT (10.151213568000060 53.613575560000072)","Unfall 126949 (2018) Kat:3, Licht: 0","126949","3","3","2","08","12","7","1","0","0","1","0","0"
"POINT (10.122289374000047 53.585225307000030)","Unfall 126950 (2018) Kat:3, Licht: 0","126950","3","6","4","09","06","2","0","0","0","1","0","0"
"POINT (10.025232463000066 53.561339607000036)","Unfall 126951 (2018) Kat:3, Licht: 0","126951","3","7","3","09","15","6","1","0","0","1","0","1"
"POINT (10.075544109000077 53.580765993000057)","Unfall 126952 (2018) Kat:3, Licht: 1","126952","3","3","5","08","19","7","0","1","0","1","0","0"
"POINT (9.953787936000026 53.560594090000052)","Unfall 126953 (2018) Kat:3, Licht: 0","126953","3","2","4","08","15","5","0","0","0","1","0","0"
"POINT (10.032019690000027 53.538775449000070)","Unfall 126954 (2018) Kat:3, Licht: 0","126954","3","6","2","08","08","5","1","0","0","1","0","0"
"POINT (10.140794294000045 53.623172641000053)","Unfall 126955 (2018) Kat:2, Licht: 1","126955","2","3","5","09","19","4","1","1","1","0","0","0"
"POINT (10.060619082000073 53.570524398000032)","Unfall 126956 (2018) Kat:3, Licht: 2","126956","3","3","5","08","22","7","0","2","0","1","0","0"
"POINT (10.160824434000062 53.594110621000027)","Unfall 126957 (2018) Kat:2, Licht: 2","126957","2","5","0","09","03","7","0","2","0","1","0","0"
"POINT (10.023635229000035 53.626341110000055)","Unfall 126958 (2018) Kat:3, Licht: 0","126958","3","3","5","09","08","4","0","0","1","1","0","0"
"POINT (10.000969214000065 53.555744282000035)","Unfall 126959 (2018) Kat:3, Licht: 2","126959","3","2","3","09","21","3","0","2","1","1","0","0"
"POINT (10.038468393000073 53.608356982000032)","Unfall 126960 (2018) Kat:3, Licht: 0","126960","3","3","5","08","13","7","1","0","0","1","0","0"
"POINT (9.971901121000030 53.545449540000050)","Unfall 126961 (2018) Kat:3, Licht: 0","126961","3","6","2","09","16","1","0","0","0","1","0","1"
"POINT (10.117403655000032 53.607128699000043)","Unfall 126962 (2018) Kat:3, Licht: 0","126962","3","6","4","09","18","4","0","0","1","0","0","0"
"POINT (10.055691592000073 53.591560060000063)","Unfall 126963 (2018) Kat:3, Licht: 0","126963","3","2","4","09","16","3","0","0","1","1","0","0"
"POINT (10.089593852000064 53.607379186000060)","Unfall 126964 (2018) Kat:3, Licht: 0","126964","3","2","6","08","12","7","1","0","0","1","1","0"
"POINT (10.154596051000055 53.598910351000029)","Unfall 126965 (2018) Kat:3, Licht: 0","126965","3","6","1","09","17","3","0","0","0","1","0","0"
"POINT (10.142491157000052 53.595341312000073)","Unfall 126966 (2018) Kat:3, Licht: 0","126966","3","4","6","09","11","7","0","0","0","1","1","0"
"POINT (10.162957585000072 53.649460423000050)","Unfall 126967 (2018) Kat:3, Licht: 0","126967","3","7","1","08","13","7","1","0","0","1","0","0"
"POINT (9.911206136000033 53.499394212000027)","Unfall 126968 (2018) Kat:3, Licht: 1","126968","3","2","3","09","06","5","0","1","1","1","0","0"
"POINT (10.026890936000029 53.569753636000030)","Unfall 126969 (2018) Kat:3, Licht: 0","126969","3","1","8","08","13","7","1","0","0","1","1","0"
"POINT (10.057735914000034 53.569834707000041)","Unfall 126970 (2018) Kat:3, Licht: 0","126970","3","4","6","09","10","2","0","0","0","1","1","0"
"POINT (9.938120757000036 53.550280500000042)","Unfall 126971 (2018) Kat:3, Licht: 0","126971","3","3","5","09","12","6","0","0","0","1","0","0"
"POINT (9.833445260000076 53.579107437000062)","Unfall 126972 (2018) Kat:1, Licht: 2","126972","1","1","8","08","22","7","1","2","0","1","0","0"
"POINT (9.863411811000049 53.472348645000068)","Unfall 126973 (2018) Kat:3, Licht: 0","126973","3","5","1","08","17","4","0","0","1","1","0","0"
"POINT (10.107788462000030 53.564612499000077)","Unfall 126974 (2018) Kat:3, Licht: 0","126974","3","6","1","09","09","5","0","0","0","1","0","0"
"POINT (10.017021615000033 53.615813072000037)","Unfall 126975 (2018) Kat:3, Licht: 0","126975","3","3","5","09","11","4","1","0","1","1","0","0"
"POINT (9.866174586000057 53.568404643000065)","Unfall 126976 (2018) Kat:3, Licht: 0","126976","3","2","5","08","08","7","0","0","1","1","0","0"
"POINT (10.052036507000025 53.593192409000039)","Unfall 126977 (2018) Kat:3, Licht: 0","126977","3","6","2","09","17","7","0","0","0","1","0","1"
"POINT (10.127337291000060 53.538711744000068)","Unfall 126978 (2018) Kat:2, Licht: 0","126978","2","2","6","08","15","6","0","0","0","0","1","0"