WKT,Name,OBJECTID,UKATEGORIE,UTYP1,UART,UMONAT,USTUNDE,UWOCHENTAG,STRZUSTAND,ULICHTVERH,ISTRAD,ISTPKW,ISTFUSS,ISTKRAD
"POINT (10.030249764000075 53.586351043000036)","Unfall 126979 (2018) Kat:3, Licht: 0","126979","3","4","6","08","10","5","1","0","0","0","1","0"
"POINT (10.045759786000076 53.577610540000080)","Unfall 126980 (2018) Kat:2, Licht: 0","126980","2","4","6","09","07","4","0","0","0","1","1","0"
"POINT (10.058432800000048 53.580412708000040)","Unfall 126981 (2018) Kat:3, Licht: 0","126981","3","2","5","09","18","2","0","0","1","1","0","0"
"POINT (9.988093550000031 53.595273553000027)","Unfall 126982 (2018) Kat:3, Licht: 0","126982","3","6","4","08","12","7","1","0","0","1","0","0"
"POINT (9.953899485000022 53.601592043000039)","Unfall 126983 (2018) Kat:3, Licht: 0","126983","3","7","1","08","12","7","1","0","1","1","0","0"
"POINT (9.874829879000060 53.587828878000039)","Unfall 126984 (2018) Kat:3, Licht: 0","126984","3","6","3","09","18","3","0","0","1","0","0","0"
"POINT (9.955152936000047 53.622663928000065)","Unfall 126985 (2018) Kat:3, Licht: 0","126985","3","6","2","09","18","7","0","0","0","1","0","0"
"POINT (9.960183500000028 53.563767604000077)","Unfall 126986 (2018) Kat:3, Licht: 0","126986","3","2","4","08","13","7","1","0","0","1","0","0"
"POINT (9.992352346000075 53.447584277000033)","Unfall 126987 (2018) Kat:3, Licht: 0","126987","3","7","2","08","11","4","0","0","0","0","0","1"
"POINT (10.030135502000064 53.677487059000043)","Unfall 126988 (2018) Kat:2, Licht: 0","126988","2","3","5","09","17","5","0","0","1","0","0","0"
"POINT (9.954697121000038 53.548383446000059)","Unfall 126989 (2018) Kat:3, Licht: 0","126989","3","6","2","08","17","7","1","0","0","1","0","0"
"POINT (10.006209091000073 53.548129137000046)","Unfall 126990 (2018) Kat:3, Licht: 0","126990","3","3","5","09","10","2","0","0","0","1","0","0"
"POINT (9.996712299000023 53.593419154000060)","Unfall 126991 (2018) Kat:3, Licht: 0","126991","3","7","1","09","15","3","0","0","1","1","0","0"
"POINT (10.071753326000021 53.597407414000031)","Unfall 126992 (2018) Kat:3, Licht: 0","126992","3","3","5","09","17","7","0","0","0","0","0","1"
"POINT (9.988470355000061 53.555502203000060)","Unfall 126993 (2018) Kat:3, Licht: 0","126993","3","7","6","08","17","7","0","0","0","1","1","0"
"POINT (10.089927485000032 53.554103147000035)","Unfall 126994 (2018) Kat:3, Licht: 0","126994","3","2","4","09","09","5","0","0","0","1","0","0"
"POINT (10.003718941000045 53.524056425000026)","Unfall 126995 (2018) Kat:3, Licht: 0","126995","3","7","0","08","13","7","1","0","0","0","0","1"
"POINT (9.953923133000046 53.622393061000082)","Unfall 126996 (2018) Kat:3, Licht: 0","126996","3","7","6","09","14","2","0","0","0","1","1","0"
"POINT (10.056068301000039 53.475818130000050)","Unfall 126997 (2018) Kat:3, Licht: 0","126997","3","3","0","09","17","5","0","0","1","0","0","0"
"POINT (10.085622950000072 53.553643722000061)","Unfall 126998 (2018) Kat:3, Licht: 0","126998","3","7","6","08","08","4","0","0","0","1","1","0"
"POINT (10.151085251000040 53.613577045000056)","Unfall 126999 (2018) Kat:3, Licht: 0","126999","3","3","5","09","09","5","0","0","0","1","0","0"
"POINT (9.955124369000032 53.605623541000057)","Unfall 127000 (2018) Kat:3, Licht: 0","127000","3","2","2","09","12","4","0","0","0","0","0","1"
"POINT (9.911397013000055 53.509920295000029)","Unfall 127001 (2018) Kat:2, Licht: 0","127001","2","6","2","08","19","6","0","0","0","0","0","1"
"POINT (9.947335808000048 53.582382009000071)","Unfall 127002 (2018) Kat:3, Licht: 0","127002","3","6","3","09","10","7","0","0","1","0","0","0"
"POINT (10.013057449000030 53.639824962000034)","Unfall 127003 (2018) Kat:3, Licht: 0","127003","3","2","3","08","07","6","0","0","1","1","0","0"
"POINT (9.925774756000067 53.572576243000071)","Unfall 127004 (2018) Kat:3, Licht: 0","127004","3","7","3","09","17","4","0","0","0","1","0","1"
"POINT (10.045891454000071 53.564025149000031)","Unfall 127005 (2018) Kat:3, Licht: 0","127005","3","2","3","09","09","2","0","0","1","1","0","0"
"POINT (9.965567034000060 53.463372954000079)","Unfall 127006 (2018) Kat:3, Licht: 0","127006","3","3","5","08","06","6","0","0","0","1","0","0"
"POINT (9.986056579000035 53.505623782000043)","Unfall 127007 (2018) Kat:3, Licht: 0","127007","3","4","6","08","11","6","0","0","0","1","1","0"
"POINT (9.988212863000058 53.556862972000033)","Unfall 127008 (2018) Kat:3, Licht: 0","127008","3","2","5","09","10","3","0","0","1","1","0","0"
"POINT (9.987541858000043 53.517389053000045)","Unfall 127009 (2018) Kat:3, Licht: 0","127009","3","3","5","09","14","6","0","0","0","1","0","0"
"POINT (10.098316904000058 53.518458994000071)","Unfall 127010 (2018) Kat:3, Licht: 0","127010","3","2","5","08","08","6","0","0","0","0","0","0"
"POINT (10.078059990000042 53.532261227000049)","Unfall 127011 (2018) Kat:3, Licht: 0","127011","3","6","3","08","15","4","0","0","0","1","0","0"
"POINT (9.971260614000073 53.598659161000057)","Unfall 127012 (2018) Kat:3, Licht: 0","127012","3","6","3","09","19","5","0","0","0","1","0","0"
"POINT (10.087839323000026 53.554879862000064)","Unfall 127013 (2018) Kat:3, Licht: 0","127013","3","6","2","08","12","6","0","0","0","1","0","0"
"POINT (10.083195862000025 53.470113710000078)","Unfall 127014 (2018) Kat:3, Licht: 0","127014","3","7","0","09","17","1","0","0","0","0","0","1"
"POINT (10.090041098000029 53.544739225000058)","Unfall 127015 (2018) Kat:2, Licht: 0","127015","2","3","6","08","09","4","0","0","1","0","1","0"
"POINT (9.955478682000035 53.605580735000046)","Unfall 127016 (2018) Kat:3, Licht: 0","127016","3","1","8","09","16","5","0","0","0","1","0","0"
"POINT (10.124493178000023 53.588083150000045)","Unfall 127017 (2018) Kat:3, Licht: 0","127017","3","2","3","09","12","3","0","0","0","1","0","0"
"POINT (10.021548595000070 53.549593144000028)","Unfall 127018 (2018) Kat:3, Licht: 0","127018","3","3","0","08","14","6","0","0","0","1","0","1"
"POINT (9.968446637000056 53.425031510000053)","Unfall 127019 (2018) Kat:3, Licht: 0","127019","3","1","0","08","14","5","1","0","0","0","0","1"
"POINT (10.000003821000064 53.592625361000046)","Unfall 127020 (2018) Kat:3, Licht: 0","127020","3","4","6","09","16","5","0","0","0","1","1","0"
"POINT (10.042627084000060 53.521896547000040)","Unfall 127021 (2018) Kat:3, Licht: 0","127021","3","3","5","09","13","3","0","0","0","1","0","0"
"POINT (10.008166606000032 53.548038508000047)","Unfall 127022 (2018) Kat:3, Licht: 2","127022","3","7","9","08","23","6","0","2","0","0","0","1"
"POINT (9.952290201000039 53.559889760000033)","Unfall 127023 (2018) Kat:3, Licht: 0","127023","3","3","5","08","13","6","0","0","1","1","0","0"
"POINT (9.932879579000030 53.546544760000074)","Unfall 127024 (2018) Kat:3, Licht: 0","127024","3","6","3","09","17","4","0","0","1","1","0","0"
"POINT (10.191517715000032 53.503748344000030)","Unfall 127025 (2018) Kat:3, Licht: 0","127025","3","7","0","09","17","1","0","0","0","1","0","0"
"POINT (10.149718778000022 53.586413692000065)","Unfall 127026 (2018) Kat:3, Licht: 0","127026","3","3","5","08","20","6","0","0","1","1","0","0"
"POINT (10.106342841000071 53.606107834000056)","Unfall 127027 (2018) Kat:3, Licht: 0","127027","3","6","2","08","17","6","0","0","0","1","0","0"
"POINT (10.082168781000064 53.555363615000033)","Unfall 127028 (2018) Kat:3, Licht: 0","127028","3","6","0","09","14","6","0","0","0","0","0","1"
"POINT (10.056197684000040 53.598269507000055)","Unfall 127029 (2018) Kat:3, Licht: 0","127029","3","7","6","08","18","6","1","0","0","1","1","0"
"POINT (10.178492352000035 53.512350432000062)","Unfall 127030 (2018) Kat:2, Licht: 0","127030","2","3","5","09","18","2","0","0","0","1","0","0"
"POINT (10.108029683000041 53.612018299000056)","Unfall 127031 (2018) Kat:3, Licht: 0","127031","3","2","6","09","15","6","1","0","0","1","1","0"
"POINT (10.062481828000045 53.654006523000078)","Unfall 127032 (2018) Kat:3, Licht: 0","127032","3","2","2","08","17","6","0","0","0","1","0","0"
"POINT (10.084007333000045 53.520629961000054)","Unfall 127033 (2018) Kat:3, Licht: 0","127033","3","7","0","08","06","4","0","0","1","0","0","0"
"POINT (9.956396632000065 53.549827146000041)","Unfall 127034 (2018) Kat:3, Licht: 2","127034","3","3","5","09","06","5","0","2","0","1","0","1"
"POINT (9.994310326000061 53.597580200000039)","Unfall 127035 (2018) Kat:3, Licht: 2","127035","3","6","2","08","01","6","0","2","0","1","0","0"
"POINT (10.008755803000042 53.650608158000068)","Unfall 127036 (2018) Kat:3, Licht: 0","127036","3","6","3","09","14","1","0","0","1","1","0","0"
"POINT (10.204161917000022 53.491819312000075)","Unfall 127037 (2018) Kat:3, Licht: 0","127037","3","3","5","09","16","4","0","0","0","1","0","0"
"POINT (10.061843970000041 53.652305982000030)","Unfall 127038 (2018) Kat:3, Licht: 0","127038","3","6","1","09","16","3","0","0","0","1","0","0"
"POINT (10.046724224000059 53.583107265000081)","Unfall 127039 (2018) Kat:3, Licht: 0","127039","3","2","5","08","15","6","1","0","1","1","0","0"
"POINT (10.068781488000070 53.559551641000041)","Unfall 127040 (2018) Kat:3, Licht: 0","127040","3","3","0","09","18","3","0","0","1","1","0","0"
"POINT (10.141146528000036 53.570540643000072)","Unfall 127041 (2018) Kat:3, Licht: 0","127041","3","3","5","09","08","7","0","0","1","1","0","0"
"POINT (10.040435633000072 53.570220067000037)","Unfall 127042 (2018) Kat:2, Licht: 0","127042","2","3","5","08","11","6","0","0","0","1","0","0"
"POINT (10.013775880000026 53.624453513000049)","Unfall 127043 (2018) Kat:3, Licht: 0","127043","3","3","5","09","18","6","0","0","1","1","0","0"
"POINT (10.025440560000050 53.560481012000082)","Unfall 127044 (2018) Kat:3, Licht: 0","127044","3","6","2","08","15","6","0","0","0","1","0","0"
"POINT (10.017714538000064 53.617688623000049)","Unfall 127045 (2018) Kat:3, Licht: 0","127045","3","7","0","09","18","2","0","0","1","1","0","0"
"POINT (9.853815114000042 53.583939240000063)","Unfall 127046 (2018) Kat:3, Licht: 0","127046","3","2","3","09","18","6","1","0","1","0","0","0"
"POINT (9.865299680000021 53.587547893000078)","Unfall 127047 (2018) Kat:3, Licht: 0","127047","3","1","1","08","17","6","0","0","0","1","0","1"
"POINT (9.862598152000032 53.483909462000042)","Unfall 127048 (2018) Kat:3, Licht: 0","127048","3","6","3","09","16","3","0","0","1","1","0","0"
"POINT (9.876944090000052 53.589096352000070)","Unfall 127049 (2018) Kat:3, Licht: 0","127049","3","7","3","09","17","1","0","0","0","1","0","0"
"POINT (9.910789234000049 53.583782883000026)","Unfall 127050 (2018) Kat:3, Licht: 2","127050","3","7","8","08","23","6","0","2","0","1","0","0"
"POINT (10.118292110000027 53.606833505000054)","Unfall 127051 (2018) Kat:3, Licht: 0","127051","3","6","2","09","07","6","0","0","0","1","0","0"
"POINT (9.881372696000028 53.583162133000030)","Unfall 127052 (2018) Kat:3, Licht: 0","127052","3","3","5","08","12","6","0","0","0","0","0","0"
"POINT (10.051576026000021 53.532472718000065)","Unfall 127053 (2018) Kat:3, Licht: 0","127053","3","4","6","09","17","2","0","0","0","1","1","0"
"POINT (10.111535975000038 53.653266374000054)","Unfall 127054 (2018) Kat:3, Licht: 0","127054","3","2","5","09","08","6","0","0","0","1","0","1"
"POINT (9.908195327000044 53.591598862000069)","Unfall 127055 (2018) Kat:2, Licht: 2","127055","2","3","5","08","03","6","0","2","0","1","0","0"
"POINT (10.155108183000038 53.605692229000056)","Unfall 127056 (2018) Kat:3, Licht: 0","127056","3","3","5","08","14","4","0","0","1","1","0","0"
"POINT (9.995069746000070 53.452930731000038)","Unfall 127057 (2018) Kat:2, Licht: 0","127057","2","4","6","09","15","4","1","0","0","1","1","0"
"POINT (9.907039136000037 53.567228981000028)","Unfall 127058 (2018) Kat:3, Licht: 0","127058","3","3","5","08","18","6","0","0","1","0","0","0"
"POINT (10.012164388000031 53.558085096000070)","Unfall 127059 (2018) Kat:3, Licht: 2","127059","3","6","2","09","20","1","0","2","1","1","0","0"
"POINT (10.114735693000057 53.571025618000078)","Unfall 127060 (2018) Kat:3, Licht: 0","127060","3","6","2","09","11","4","0","0","0","1","0","0"
"POINT (9.961600873000066 53.612565128000028)","Unfall 127061 (2018) Kat:3, Licht: 0","127061","3","3","5","09","17","3","0","0","0","1","0","1"
"POINT (9.926589932000070 53.641658581000058)","Unfall 127062 (2018) Kat:3, Licht: 0","127062","3","3","5","08","14","6","0","0","0","1","0","0"
"POINT (10.066577942000038 53.571942825000065)","Unfall 127063 (2018) Kat:3, Licht: 0","127063","3","6","4","09","12","3","0","0","1","0","0","0"
"POINT (10.064509763000046 53.586507744000073)","Unfall 127064 (2018) Kat:2, Licht: 0","127064","2","3","5","09","18","7","0","0","1","1","0","0"
"POINT (9.936087002000022 53.551545203000046)","Unfall 127065 (2018) Kat:3, Licht: 0","127065","3","6","6","08","15","6","0","0","1","0","1","0"
"POINT (9.958150560000036 53.427114103000065)","Unfall 127066 (2018) Kat:2, Licht: 0","127066","2","2","4","09","13","5","0","0","0","1","0","0"
"POINT (9.984353110000029 53.581243532000030)","Unfall 127067 (2018) Kat:3, Licht: 0","127067","3","2","3","08","14","6","0","0","1","0","0","0"
"POINT (10.015537413000061 53.572446781000053)","Unfall 127068 (2018) Kat:3, Licht: 0","127068","3","2","6","09","10","2","0","0","0","1","1","0"
"POINT (9.975582710000026 53.549836895000055)","Unfall 127069 (2018) Kat:3, Licht: 0","127069","3","6","3","09","18","6","0","0","1","1","0","0"
"POINT (10.192408481000029 53.592482114000063)","Unfall 127070 (2018) Kat:2, Licht: 0","127070","2","7","0","08","18","4","0","0","1","0","0","0"
"POINT (10.140275555000073 53.624690749000081)","Unfall 127071 (2018) Kat:2, Licht: 2","127071","2","6","2","09","23","5","0","2","0","0","0","1"
"POINT (9.829970486000036 53.557706020000069)","Unfall 127072 (2018) Kat:3, Licht: 0","127072","3","6","2","09","14","4","1","0","0","1","0","0"
"POINT (10.014491298000053 53.554570842000032)","Unfall 127073 (2018) Kat:3, Licht: 0","127073","3","4","6","08","17","6","0","0","0","1","1","0"
"POINT (9.846280107000041 53.563617989000079)","Unfall 127074 (2018) Kat:3, Licht: 0","127074","3","3","5","09","21","7","0","0","0","1","0","0"
"POINT (10.074970999000072 53.574567943000034)","Unfall 127075 (2018) Kat:3, Licht: 0","127075","3","2","5","08","16","6","0","0","0","1","0","0"
"POINT (10.031303967000042 53.565151023000055)","Unfall 127076 (2018) Kat:3, Licht: 0","127076","3","3","5","09","15","4","0","0","1","1","0","0"
"POINT (10.103294587000050 53.580246639000052)","Unfall 127077 (2018) Kat:3, Licht: 0","127077","3","6","2","08","12","4","0","0","0","1","0","0"
"POINT (10.097849165000071 53.583200970000064)","Unfall 127078 (2018) Kat:3, Licht: 0","127078","3","2","3","09","17","4","0","0","0","1","0","0"
"POINT (9.842530615000044 53.477455178000071)","Unfall 127079 (2018) Kat:2, Licht: 0","127079","2","3","5","08","15","5","0","0","1","1","0","0"
"POINT (10.078957285000058 53.563290463000044)","Unfall 127080 (2018) Kat:2, Licht: 1","127080","2","7","1","09","06","7","0","1","0","1","0","0"
"POINT (9.956083787000068 53.464191301000028)","Unfall 127081 (2018) Kat:3, Licht: 0","127081","3","7","0","08","17","6","0","0","0","1","0","0"
"POINT (9.996863825000048 53.584200291000059)","Unfall 127082 (2018) Kat:3, Licht: 0","127082","3","6","2","09","18","4","0","0","0","1","0","0"
"POINT (10.127210486000024 53.538795259000040)","Unfall 127083 (2018) Kat:3, Licht: 0","127083","3","3","5","09","07","2","0","0","0","1","0","0"
"POINT (10.207196874000033 53.479204075000041)","Unfall 127084 (2018) Kat:3, Licht: 0","127084","3","6","2","08","16","5","0","0","0","1","0","0"
"POINT (10.050215323000032 53.572987042000079)","Unfall 127085 (2018) Kat:3, Licht: 0","127085","3","7","5","09","18","3","0","0","0","1","0","1"
"POINT (10.010660448000067 53.648773463000055)","Unfall 127086 (2018) Kat:3, Licht: 0","127086","3","3","5","09","13","7","0","0","1","1","0","0"
"POINT (10.096667827000033 53.556357174000027)","Unfall 127087 (2018) Kat:3, Licht: 0","127087","3","6","2","08","15","5","0","0","0","1","0","1"
"POINT (10.161785632000033 53.590631554000026)","Unfall 127088 (2018) Kat:3, Licht: 0","127088","3","3","5","08","19","4","0","0","0","1","0","0"
"POINT (10.059901960000047 53.571986890000062)","Unfall 127089 (2018) Kat:3, Licht: 0","127089","3","6","2","09","19","5","0","0","0","1","0","0"
"POINT (10.107248711000068 53.547699204000082)","Unfall 127090 (2018) Kat:2, Licht: 0","127090","2","6","2","08","12","5","0","0","0","1","0","0"
"POINT (9.945927087000030 53.579594399000030)","Unfall 127091 (2018) Kat:3, Licht: 0","127091","3","5","5","09","11","2","0","0","1","1","0","0"
"POINT (10.111299007000071 53.531070421000038)","Unfall 127092 (2018) Kat:3, Licht: 0","127092","3","3","5","09","10","5","0","0","1","1","0","0"
"POINT (10.067950852000024 53.582378130000052)","Unfall 127093 (2018) Kat:3, Licht: 0","127093","3","2","2","08","10","4","0","0","1","1","0","0"
"POINT (10.001902213000051 53.667932317000066)","Unfall 127094 (2018) Kat:3, Licht: 0","127094","3","2","5","09","12","5","0","0","1","1","0","0"
"POINT (10.148371455000074 53.522618466000040)","Unfall 127095 (2018) Kat:3, Licht: 2","127095","3","1","8","08","02","5","0","2","0","1","0","0"
"POINT (9.960845789000075 53.569412934000070)","Unfall 127096 (2018) Kat:3, Licht: 0","127096","3","7","3","09","17","4","0","0","0","1","0","0"
"POINT (10.103351805000045 53.558437048000030)","Unfall 127097 (2018) Kat:3, Licht: 0","127097","3","4","0","08","13","5","0","0","0","1","1","0"
"POINT (9.979257833000077 53.569557909000082)","Unfall 127098 (2018) Kat:3, Licht: 0","127098","3","5","1","09","11","7","0","0","0","1","0","0"
"POINT (10.055089237000061 53.574416146000033)","Unfall 127099 (2018) Kat:3, Licht: 0","127099","3","5","0","08","07","6","0","0","1","1","0","0"
"POINT (9.951541942000063 53.577677916000027)","Unfall 127100 (2018) Kat:3, Licht: 1","127100","3","7","0","09","20","4","0","1","0","1","0","1"
"POINT (9.909239138000032 53.554426293000063)","Unfall 127101 (2018) Kat:3, Licht: 0","127101","3","6","1","09","14","2","0","0","0","1","0","0"
"POINT (10.069196724000051 53.526848960000052)","Unfall 127102 (2018) Kat:2, Licht: 0","127102","2","6","3","08","08","5","0","0","0","1","0","1"
"POINT (9.988097762000052 53.445052310000051)","Unfall 127103 (2018) Kat:3, Licht: 0","127103","3","5","1","09","16","6","0","0","1","1","0","0"
"POINT (10.115642849000039 53.602955555000051)","Unfall 127104 (2018) Kat:3, Licht: 0","127104","3","3","5","08","09","5","0","0","1","1","0","0"
"POINT (9.987508119000040 53.466036799000051)","Unfall 127105 (2018) Kat:3, Licht: 0","127105","3","6","2","09","17","3","0","0","1","0","0","0"
"POINT (10.050487808000071 53.555275052000070)","Unfall 127106 (2018) Kat:3, Licht: 0","127106","3","2","4","09","18","6","0","0","1","1","0","0"
"POINT (10.161634895000077 53.612860262000027)","Unfall 127107 (2018) Kat:3, Licht: 0","127107","3","7","2","08","14","5","0","0","1","1","0","0"
"POINT (10.033655501000055 53.636703997000041)","Unfall 127108 (2018) Kat:3, Licht: 0","127108","3","2","5","08","09","4","0","0","1","1","0","0"
"POINT (10.078159592000077 53.587060154000028)","Unfall 127109 (2018) Kat:2, Licht: 0","127109","2","3","5","09","07","2","0","0","1","1","0","0"
"POINT (10.072674797000047 53.577394350000077)","Unfall 127110 (2018) Kat:3, Licht: 0","127110","3","3","5","08","07","5","0","0","1","1","0","0"
"POINT (10.067037400000061 53.579189261000067)","Unfall 127111 (2018) Kat:3, Licht: 0","127111","3","3","5","08","08","5","0","0","1","1","0","0"
"POINT (9.903646090000052 53.595570098000053)","Unfall 127112 (2018) Kat:3, Licht: 0","127112","3","3","5","09","08","3","0","0","1","1","0","0"
"POINT (10.012941054000066 53.552318365000076)","Unfall 127113 (2018) Kat:3, Licht: 0","127113","3","2","4","09","13","7","0","0","1","0","0","0"
"POINT (10.016083402000049 53.635264008000036)","Unfall 127114 (2018) Kat:3, Licht: 0","127114","3","2","3","08","08","5","0","0","1","1","0","0"
"POINT (10.056472465000070 53.569401388000074)","Unfall 127115 (2018) Kat:3, Licht: 0","127115","3","2","3","08","16","4","0","0","1","0","0","0"
"POINT (9.893367988000023 53.573280999000076)","Unfall 127116 (2018) Kat:3, Licht: 0","127116","3","6","2","09","16","5","0","0","0","1","0","1"
"POINT (10.024604801000066 53.609821848000081)","Unfall 127117 (2018) Kat:3, Licht: 0","127117","3","6","2","08","16","5","0","0","0","1","0","0"
"POINT (10.005188449000059 53.556514171000060)","Unfall 127118 (2018) Kat:3, Licht: 0","127118","3","6","4","09","16","2","0","0","1","0","0","0"
"POINT (10.038775474000033 53.572202739000033)","Unfall 127119 (2018) Kat:3, Licht: 0","127119","3","6","2","08","14","4","0","0","0","1","0","0"
"POINT (9.998289707000026 53.594378780000056)","Unfall 127120 (2018) Kat:3, Licht: 0","127120","3","6","1","09","08","5","0","0","0","1","0","0"
"POINT (10.215445691000070 53.487410242000067)","Unfall 127121 (2018) Kat:3, Licht: 2","127121","3","6","4","09","20","3","0","2","1","0","0","0"
"POINT (10.023915801000044 53.579730163000079)","Unfall 127122 (2018) Kat:3, Licht: 0","127122","3","5","1","08","14","5","0","0","1","1","0","0"
"POINT (10.016899719000037 53.552094224000029)","Unfall 127123 (2018) Kat:3, Licht: 0","127123","3","6","2","08","18","6","0","0","0","1","0","0"
"POINT (9.959705631000077 53.560145848000047)","Unfall 127124 (2018) Kat:3, Licht: 0","127124","3","2","4","09","09","4","0","0","1","1","0","0"
"POINT (9.988696426000047 53.450617851000061)","Unfall 127125 (2018) Kat:3, Licht: 0","127125","3","3","0","08","08","5","1","0","0","1","0","1"
"POINT (10.065632994000055 53.598274851000042)","Unfall 127126 (2018) Kat:3, Licht: 0","127126","3","6","1","09","17","1","0","0","0","1","0","0"
"POINT (10.040270971000041 53.566638920000059)","Unfall 127127 (2018) Kat:3, Licht: 0","127127","3","2","3","08","08","5","0","0","0","1","0","1"
"POINT (10.113956717000065 53.558000773000060)","Unfall 127128 (2018) Kat:3, Licht: 0","127128","3","6","4","09","13","6","0","0","1","0","0","0"
"POINT (9.926269435000052 53.598813060000055)","Unfall 127129 (2018) Kat:3, Licht: 2","127129","3","3","5","08","21","5","0","2","1","1","0","0"
"POINT (10.105509499000050 53.493147808000060)","Unfall 127130 (2018) Kat:3, Licht: 0","127130","3","6","2","09","17","2","0","0","0","1","0","0"
"POINT (10.115681206000033 53.571023179000065)","Unfall 127131 (2018) Kat:3, Licht: 0","127131","3","3","0","09","14","6","0","0","0","1","0","0"
"POINT (9.887405057000024 53.615635788000077)","Unfall 127132 (2018) Kat:3, Licht: 0","127132","3","5","1","08","14","5","0","0","1","1","0","0"
"POINT (10.038853877000065 53.578500582000061)","Unfall 127133 (2018) Kat:3, Licht: 0","127133","3","6","2","08","10","4","0","0","1","0","0","0"
"POINT (10.001138814000058 53.555853652000053)","Unfall 127134 (2018) Kat:3, Licht: 0","127134","3","6","2","09","12","5","0","0","0","1","0","0"
"POINT (9.803863136000075 53.568978441000070)","Unfall 127135 (2018) Kat:2, Licht: 0","127135","2","6","0","08","17","5","0","0","1","0","1","0"
"POINT (9.987775951000060 53.544869992000031)","Unfall 127136 (2018) Kat:3, Licht: 0","127136","3","6","3","09","13","1","0","0","0","1","0","0"
"POINT (9.920440943000074 53.589667832000032)","Unfall 127137 (2018) Kat:3, Licht: 0","127137","3","2","5","08","16","4","0","0","1","1","0","0"
"POINT (10.127297396000074 53.544229702000052)","Unfall 127138 (2018) Kat:3, Licht: 0","127138","3","6","1","09","10","4","0","0","0","1","0","0"
"POINT (10.007876232000058 53.585704044000067)","Unfall 127139 (2018) Kat:3, Licht: 0","127139","3","3","5","09","08","3","1","0","1","1","0","0"
"POINT (9.867770507000046 53.565730279000036)","Unfall 127140 (2018) Kat:3, Licht: 0","127140","3","6","2","08","18","5","0","0","0","1","0","0"
"POINT (9.938041253000051 53.550189130000035)","Unfall 127141 (2018) Kat:3, Licht: 0","127141","3","3","5","09","13","5","0","0","0","1","0","1"
"POINT (9.926374723000038 53.571789967000029)","Unfall 127142 (2018) Kat:3, Licht: 0","127142","3","6","1","08","12","5","0","0","0","1","0","0"
"POINT (10.080835044000025 53.552202776000058)","Unfall 127143 (2018) Kat:3, Licht: 0","127143","3","7","1","09","10","1","0","0","1","1","0","0"
"POINT (9.877659291000043 53.546749272000056)","Unfall 127144 (2018) Kat:3, Licht: 0","127144","3","6","2","08","10","4","0","0","0","1","0","0"
"POINT (9.945459153000058 53.562908270000037)","Unfall 127145 (2018) Kat:3, Licht: 0","127145","3","2","3","09","07","5","0","0","1","0","0","0"
"POINT (10.139622519000056 53.629097068000078)","Unfall 127146 (2018) Kat:3, Licht: 0","127146","3","6","4","09","11","3","0","0","0","1","0","0"
"POINT (9.949331121000057 53.610969546000035)","Unfall 127147 (2018) Kat:3, Licht: 2","127147","3","5","1","08","03","5","0","2","1","1","0","0"
"POINT (10.017162834000032 53.518701951000082)","Unfall 127148 (2018) Kat:3, Licht: 0","127148","3","6","2","09","15","3","0","0","0","1","0","0"
"POINT (9.919946118000041 53.558959670000036)","Unfall 127149 (2018) Kat:2, Licht: 0","127149","2","6","2","09","15","1","0","0","0","1","0","1"
"POINT (9.962334162000047 53.565442030000042)","Unfall 127150 (2018) Kat:3, Licht: 0","127150","3","7","0","08","16","5","0","0","1","0","0","0"
"POINT (10.083345521000069 53.575267519000079)","Unfall 127151 (2018) Kat:2, Licht: 2","127151","2","4","6","09","23","6","0","2","0","1","1","0"
"POINT (9.995542135000051 53.579284475000065)","Unfall 127152 (2018) Kat:3, Licht: 2","127152","3","7","0","08","01","5","0","2","1","0","0","0"
"POINT (10.119593388000055 53.604186655000035)","Unfall 127153 (2018) Kat:3, Licht: 0","127153","3","2","3","09","08","2","0","0","1","1","0","0"
"POINT (10.053574190000063 53.589607400000034)","Unfall 127154 (2018) Kat:2, Licht: 0","127154","2","3","5","09","09","6","0","0","0","1","0","1"
"POINT (9.984917786000040 53.570582902000069)","Unfall 127155 (2018) Kat:3, Licht: 0","127155","3","6","1","08","19","5","0","0","1","1","0","0"
"POINT (9.988398476000043 53.592264854000064)","Unfall 127156 (2018) Kat:3, Licht: 0","127156","3","6","1","08","19","4","0","0","1","1","0","0"
"POINT (10.062135472000023 53.556037058000072)","Unfall 127157 (2018) Kat:3, Licht: 0","127157","3","1","0","09","11","4","1","0","0","0","0","1"
"POINT (9.781583682000075 53.537781844000051)","Unfall 127158 (2018) Kat:3, Licht: 0","127158","3","6","2","08","14","4","0","0","0","1","0","0"
"POINT (10.133541725000043 53.623557451000067)","Unfall 127159 (2018) Kat:3, Licht: 0","127159","3","6","3","09","15","7","0","0","0","1","0","0"
"POINT (10.058712849000074 53.576139044000058)","Unfall 127160 (2018) Kat:3, Licht: 0","127160","3","2","3","09","16","4","0","0","1","1","0","0"
"POINT (9.954140896000070 53.569259448000082)","Unfall 127161 (2018) Kat:3, Licht: 0","127161","3","6","3","09","11","3","0","0","0","1","0","0"
"POINT (10.152344859000038 53.484718810000061)","Unfall 127162 (2018) Kat:3, Licht: 0","127162","3","3","2","08","19","4","0","0","1","1","0","0"
"POINT (10.120930407000060 53.643847658000027)","Unfall 127163 (2018) Kat:3, Licht: 0","127163","3","3","5","09","17","3","0","0","1","1","0","0"