WKT,Name,OBJECTID,UKATEGORIE,UTYP1,UART,UMONAT,USTUNDE,UWOCHENTAG,STRZUSTAND,ULICHTVERH,ISTRAD,ISTPKW,ISTFUSS,ISTKRAD
"POINT (10.089340997000022 53.581231831000082)","Unfall 127164 (2018) Kat:3, Licht: 1","127164","3","5","1","09","06","7","0","1","0","1","0","0"
"POINT (10.179799670000023 53.496185169000057)","Unfall 127165 (2018) Kat:3, Licht: 0","127165","3","3","5","08","08","4","0","0","0","1","0","0"
"POINT (10.154758527000070 53.603113754000049)","Unfall 127166 (2018) Kat:3, Licht: 0","127166","3","4","6","09","07","3","0","0","0","1","1","0"
"POINT (10.109613683000021 53.593329493000056)","Unfall 127167 (2018) Kat:2, Licht: 0","127167","2","2","5","09","17","7","0","0","0","1","0","0"
"POINT (10.091815202000021 53.543815435000056)","Unfall 127168 (2018) Kat:3, Licht: 0","127168","3","3","5","08","15","4","0","0","1","1","0","0"
"POINT (9.908354882000026 53.591654712000036)","Unfall 127169 (2018) Kat:3, Licht: 2","127169","3","3","5","09","22","6","0","2","0","1","0","0"
"POINT (10.061875792000023 53.557402439000043)","Unfall 127170 (2018) Kat:3, Licht: 0","127170","3","3","5","08","14","4","0","0","1","1","0","0"
"POINT (10.013874883000028 53.578897863000066)","Unfall 127171 (2018) Kat:3, Licht: 0","127171","3","4","0","09","13","2","0","0","1","0","1","0"
"POINT (9.953521866000074 53.560503252000046)","Unfall 127172 (2018) Kat:3, Licht: 0","127172","3","2","3","09","14","6","1","0","1","1","0","0"
"POINT (10.128069489000040 53.578403486000070)","Unfall 127173 (2018) Kat:3, Licht: 0","127173","3","6","2","08","10","4","0","0","0","1","0","0"
"POINT (9.983885417000067 53.564600198000051)","Unfall 127174 (2018) Kat:3, Licht: 0","127174","3","3","6","08","18","4","0","0","1","0","1","0"
"POINT (10.060457138000061 53.584896289000028)","Unfall 127175 (2018) Kat:3, Licht: 0","127175","3","3","5","09","15","4","1","0","0","1","0","1"
"POINT (10.143003313000065 53.627837869000075)","Unfall 127176 (2018) Kat:3, Licht: 0","127176","3","6","2","08","19","4","0","0","1","1","0","0"
"POINT (10.035408999000026 53.575073730000042)","Unfall 127177 (2018) Kat:2, Licht: 2","127177","2","2","4","09","04","7","0","2","0","1","0","1"
"POINT (10.015226251000058 53.522794505000036)","Unfall 127178 (2018) Kat:3, Licht: 2","127178","3","6","0","08","20","6","0","2","0","0","0","0"
"POINT (10.021669732000021 53.579821953000078)","Unfall 127179 (2018) Kat:3, Licht: 0","127179","3","3","5","08","09","5","1","0","1","0","0","0"
"POINT (10.058716988000072 53.570089745000075)","Unfall 127180 (2018) Kat:3, Licht: 0","127180","3","7","5","09","16","4","0","0","0","1","0","1"
"POINT (10.128379444000075 53.601816232000033)","Unfall 127181 (2018) Kat:3, Licht: 0","127181","3","6","2","09","09","2","0","0","0","1","0","0"
"POINT (10.065965200000051 53.571741919000033)","Unfall 127182 (2018) Kat:1, Licht: 2","127182","1","4","6","08","22","4","0","2","0","1","1","0"
"POINT (10.076087298000061 53.566743615000064)","Unfall 127183 (2018) Kat:3, Licht: 0","127183","3","6","2","08","16","4","0","0","0","1","0","0"
"POINT (9.852534888000037 53.584244281000053)","Unfall 127184 (2018) Kat:3, Licht: 0","127184","3","2","3","09","15","3","0","0","0","1","0","0"
"POINT (9.822705882000037 53.563784188000056)","Unfall 127185 (2018) Kat:3, Licht: 0","127185","3","6","3","09","14","7","0","0","1","0","0","0"
"POINT (10.037120881000021 53.608492201000047)","Unfall 127186 (2018) Kat:3, Licht: 0","127186","3","4","6","08","07","4","0","0","1","1","1","0"
"POINT (9.957774471000050 53.562577228000066)","Unfall 127187 (2018) Kat:3, Licht: 0","127187","3","2","3","08","09","4","0","0","1","0","0","0"
"POINT (10.103773277000073 53.653265728000065)","Unfall 127188 (2018) Kat:3, Licht: 0","127188","3","2","5","09","08","5","0","0","1","1","0","0"
"POINT (10.076057484000046 53.611846904000060)","Unfall 127189 (2018) Kat:3, Licht: 0","127189","3","3","5","08","14","4","0","0","1","1","0","0"
"POINT (9.975259556000026 53.560420490000070)","Unfall 127190 (2018) Kat:3, Licht: 0","127190","3","6","3","09","17","2","0","0","1","0","0","0"
"POINT (10.010887815000046 53.560043463000056)","Unfall 127191 (2018) Kat:3, Licht: 0","127191","3","6","3","08","17","4","0","0","0","1","0","1"
"POINT (10.009037956000043 53.578134393000028)","Unfall 127192 (2018) Kat:3, Licht: 0","127192","3","6","4","09","09","5","0","0","1","0","0","0"
"POINT (9.823215117000075 53.473868187000051)","Unfall 127193 (2018) Kat:3, Licht: 0","127193","3","6","0","09","14","3","0","0","0","1","0","0"
"POINT (9.999754075000055 53.612642874000073)","Unfall 127194 (2018) Kat:3, Licht: 0","127194","3","7","5","08","15","4","0","0","0","1","0","0"
"POINT (10.182507773000054 53.511866557000076)","Unfall 127195 (2018) Kat:3, Licht: 0","127195","3","6","2","09","16","5","0","0","0","1","0","1"
"POINT (10.006048640000074 53.599190992000047)","Unfall 127196 (2018) Kat:3, Licht: 0","127196","3","3","5","08","17","4","0","0","1","1","0","0"
"POINT (9.918619678000027 53.635312989000056)","Unfall 127197 (2018) Kat:2, Licht: 0","127197","2","4","6","09","18","2","0","0","0","1","1","0"
"POINT (9.987992256000041 53.450183684000081)","Unfall 127198 (2018) Kat:3, Licht: 0","127198","3","3","5","09","06","5","0","0","1","1","0","0"
"POINT (10.155406190000065 53.615179900000044)","Unfall 127199 (2018) Kat:3, Licht: 0","127199","3","6","1","09","16","5","0","0","0","1","0","0"
"POINT (9.973308548000034 53.612711238000031)","Unfall 127200 (2018) Kat:3, Licht: 0","127200","3","2","2","09","07","4","1","0","0","1","0","0"
"POINT (10.004543529000046 53.598370735000060)","Unfall 127201 (2018) Kat:3, Licht: 0","127201","3","2","6","08","17","4","0","0","0","1","1","0"
"POINT (9.757636745000070 53.580864161000079)","Unfall 127202 (2018) Kat:3, Licht: 0","127202","3","6","2","09","12","7","0","0","0","1","0","0"
"POINT (10.123314272000073 53.644396551000057)","Unfall 127203 (2018) Kat:3, Licht: 2","127203","3","2","4","08","05","6","0","2","0","1","0","0"
"POINT (9.790308568000057 53.571422172000041)","Unfall 127204 (2018) Kat:3, Licht: 0","127204","3","3","5","09","15","4","0","0","0","1","0","0"
"POINT (10.043606908000072 53.581546233000040)","Unfall 127205 (2018) Kat:3, Licht: 0","127205","3","3","5","09","18","2","0","0","1","1","0","0"
"POINT (9.907811139000046 53.611926117000053)","Unfall 127206 (2018) Kat:3, Licht: 0","127206","3","5","1","08","08","4","0","0","0","1","0","0"
"POINT (9.889974563000067 53.547948573000042)","Unfall 127207 (2018) Kat:3, Licht: 0","127207","3","6","4","08","12","4","0","0","0","1","0","0"
"POINT (9.997896895000054 53.543961030000048)","Unfall 127208 (2018) Kat:3, Licht: 0","127208","3","7","4","09","13","3","0","0","0","1","0","1"
"POINT (9.978554382000027 53.461254477000068)","Unfall 127209 (2018) Kat:3, Licht: 0","127209","3","7","0","09","17","6","0","0","0","0","0","1"
"POINT (9.951278750000029 53.578003802000069)","Unfall 127210 (2018) Kat:3, Licht: 0","127210","3","6","1","08","15","4","0","0","0","1","0","1"
"POINT (9.965149259000043 53.603528125000082)","Unfall 127211 (2018) Kat:3, Licht: 0","127211","3","3","5","09","16","5","0","0","0","1","0","1"
"POINT (9.982847486000026 53.596046203000071)","Unfall 127212 (2018) Kat:3, Licht: 0","127212","3","4","6","08","05","4","0","0","0","1","1","0"
"POINT (10.012654602000055 53.553772617000050)","Unfall 127213 (2018) Kat:3, Licht: 0","127213","3","4","6","09","18","2","0","0","0","1","1","0"
"POINT (10.040361624000070 53.570309348000080)","Unfall 127214 (2018) Kat:3, Licht: 0","127214","3","7","6","09","16","5","0","0","1","0","1","0"
"POINT (10.025332956000057 53.551939783000080)","Unfall 127215 (2018) Kat:2, Licht: 0","127215","2","6","6","09","08","3","0","0","1","0","1","0"
"POINT (9.936298560000068 53.548868129000027)","Unfall 127216 (2018) Kat:3, Licht: 0","127216","3","6","0","08","15","4","0","0","1","0","0","0"
"POINT (9.984948751000047 53.441809517000081)","Unfall 127217 (2018) Kat:3, Licht: 0","127217","3","4","6","08","16","5","0","0","0","1","1","0"
"POINT (9.972398699000053 53.496309018000034)","Unfall 127218 (2018) Kat:3, Licht: 0","127218","3","2","0","09","07","4","0","0","1","1","0","0"
"POINT (10.102766601000042 53.685805619000064)","Unfall 127219 (2018) Kat:3, Licht: 0","127219","3","1","8","09","19","1","0","0","0","1","0","0"
"POINT (9.977361254000073 53.571352236000052)","Unfall 127220 (2018) Kat:3, Licht: 0","127220","3","2","3","08","17","4","0","0","1","1","0","0"
"POINT (10.115484377000030 53.583551395000029)","Unfall 127221 (2018) Kat:3, Licht: 0","127221","3","3","5","09","07","6","0","0","1","1","0","0"
"POINT (9.994469672000037 53.564884117000076)","Unfall 127222 (2018) Kat:2, Licht: 2","127222","2","2","4","08","23","4","0","2","0","1","0","1"
"POINT (9.948438490000058 53.595057864000069)","Unfall 127223 (2018) Kat:3, Licht: 0","127223","3","2","4","08","09","6","0","0","1","1","0","0"
"POINT (9.975774479000052 53.578979684000046)","Unfall 127224 (2018) Kat:3, Licht: 0","127224","3","2","3","09","09","4","0","0","1","0","0","0"
"POINT (10.015591621000056 53.561443025000074)","Unfall 127225 (2018) Kat:3, Licht: 0","127225","3","3","5","09","15","2","0","0","1","1","0","0"
"POINT (9.971612320000077 53.575273350000032)","Unfall 127226 (2018) Kat:3, Licht: 2","127226","3","2","3","08","23","4","0","2","1","1","0","0"
"POINT (9.978227267000023 53.571108503000062)","Unfall 127227 (2018) Kat:3, Licht: 0","127227","3","2","3","08","12","4","0","0","1","1","0","0"
"POINT (10.198508211000046 53.504593900000032)","Unfall 127228 (2018) Kat:3, Licht: 0","127228","3","5","1","09","12","6","0","0","1","1","0","0"
"POINT (9.969757832000028 53.549602859000061)","Unfall 127229 (2018) Kat:3, Licht: 2","127229","3","3","6","08","21","4","0","2","1","1","1","0"
"POINT (10.202108885000030 53.485810688000072)","Unfall 127230 (2018) Kat:3, Licht: 2","127230","3","6","3","09","20","2","0","2","1","0","0","1"
"POINT (10.184238759000038 53.607204204000027)","Unfall 127231 (2018) Kat:3, Licht: 0","127231","3","6","2","09","17","6","1","0","0","1","0","0"
"POINT (9.996389861000068 53.546169832000032)","Unfall 127232 (2018) Kat:3, Licht: 0","127232","3","7","3","08","07","4","0","0","1","1","0","0"
"POINT (9.962890336000044 53.546982063000030)","Unfall 127233 (2018) Kat:3, Licht: 0","127233","3","2","4","09","19","5","0","0","1","1","0","0"
"POINT (10.003398354000069 53.557365252000068)","Unfall 127234 (2018) Kat:3, Licht: 0","127234","3","6","4","08","12","4","0","0","1","0","0","0"
"POINT (10.111338957000044 53.582299437000074)","Unfall 127235 (2018) Kat:3, Licht: 0","127235","3","7","0","09","17","1","0","0","1","0","0","0"
"POINT (9.958311766000065 53.549648986000079)","Unfall 127236 (2018) Kat:2, Licht: 2","127236","2","4","6","09","04","5","0","2","0","1","1","0"
"POINT (10.074322894000034 53.574450187000082)","Unfall 127237 (2018) Kat:3, Licht: 0","127237","3","6","3","09","14","3","0","0","0","1","0","1"
"POINT (9.983318499000063 53.465069980000067)","Unfall 127238 (2018) Kat:3, Licht: 0","127238","3","5","1","08","14","4","0","0","1","0","0","0"
"POINT (10.139071047000073 53.423467970000047)","Unfall 127239 (2018) Kat:3, Licht: 0","127239","3","3","5","09","19","3","0","0","1","1","0","0"
"POINT (10.091844881000043 53.543797928000060)","Unfall 127240 (2018) Kat:3, Licht: 0","127240","3","3","5","09","18","7","0","0","0","1","0","0"
"POINT (9.973651814000050 53.528172887000039)","Unfall 127241 (2018) Kat:3, Licht: 0","127241","3","2","3","08","12","4","0","0","1","0","0","0"
"POINT (10.125263834000066 53.671613387000036)","Unfall 127242 (2018) Kat:3, Licht: 2","127242","3","3","5","09","20","6","1","2","0","1","0","1"
"POINT (10.120643508000057 53.425515119000067)","Unfall 127243 (2018) Kat:2, Licht: 0","127243","2","1","8","08","12","3","0","0","0","1","0","0"
"POINT (10.076934956000059 53.663427356000057)","Unfall 127244 (2018) Kat:3, Licht: 0","127244","3","2","4","09","10","2","0","0","1","1","0","0"
"POINT (9.851319854000053 53.563710254000057)","Unfall 127245 (2018) Kat:3, Licht: 0","127245","3","3","0","09","08","6","1","0","1","1","0","0"
"POINT (10.126746835000063 53.586828325000056)","Unfall 127246 (2018) Kat:3, Licht: 0","127246","3","3","5","08","10","3","0","0","1","1","0","0"
"POINT (10.102874484000040 53.578710837000074)","Unfall 127247 (2018) Kat:3, Licht: 0","127247","3","4","2","08","07","5","1","0","0","1","1","0"
"POINT (10.153904374000035 53.614627151000036)","Unfall 127248 (2018) Kat:3, Licht: 1","127248","3","3","5","09","06","4","1","1","1","1","0","0"
"POINT (10.119346839000059 53.606490116000032)","Unfall 127249 (2018) Kat:3, Licht: 0","127249","3","6","2","08","15","3","0","0","0","1","0","1"
"POINT (10.067614206000030 53.582310710000058)","Unfall 127250 (2018) Kat:3, Licht: 0","127250","3","3","5","09","14","7","0","0","0","1","0","1"
"POINT (10.001625673000035 53.442768484000055)","Unfall 127251 (2018) Kat:3, Licht: 0","127251","3","7","0","08","19","6","0","0","0","1","0","0"
"POINT (10.091091266000035 53.544228842000052)","Unfall 127252 (2018) Kat:3, Licht: 0","127252","3","3","5","09","08","2","0","0","0","1","0","0"
"POINT (10.125254003000066 53.668907340000032)","Unfall 127253 (2018) Kat:3, Licht: 0","127253","3","6","1","09","10","6","0","0","0","1","0","0"
"POINT (10.064525985000046 53.612661827000068)","Unfall 127254 (2018) Kat:3, Licht: 0","127254","3","6","2","08","06","3","0","0","0","1","0","0"
"POINT (9.868001369000069 53.487139993000028)","Unfall 127255 (2018) Kat:3, Licht: 2","127255","3","1","8","09","23","4","0","2","0","1","0","0"
"POINT (10.040935480000030 53.608163892000050)","Unfall 127256 (2018) Kat:3, Licht: 1","127256","3","3","5","08","04","3","0","1","1","1","0","0"
"POINT (10.008385081000029 53.553645657000061)","Unfall 127257 (2018) Kat:2, Licht: 0","127257","2","4","6","09","11","1","0","0","0","1","1","0"
"POINT (10.141685507000034 53.587684986000056)","Unfall 127258 (2018) Kat:3, Licht: 0","127258","3","3","5","09","17","4","0","0","1","1","0","0"
"POINT (9.924941750000073 53.573605148000070)","Unfall 127259 (2018) Kat:3, Licht: 0","127259","3","3","5","09","17","3","0","0","1","0","0","0"
"POINT (10.099634117000051 53.704777502000070)","Unfall 127260 (2018) Kat:3, Licht: 0","127260","3","3","5","08","14","3","0","0","1","0","0","0"
"POINT (10.082725196000069 53.593403528000067)","Unfall 127261 (2018) Kat:3, Licht: 0","127261","3","5","1","09","15","3","0","0","1","1","0","0"
"POINT (10.055196353000042 53.582938094000042)","Unfall 127262 (2018) Kat:3, Licht: 2","127262","3","3","5","09","20","7","0","2","0","1","0","0"
"POINT (10.027762337000070 53.674130090000062)","Unfall 127263 (2018) Kat:3, Licht: 0","127263","3","4","6","08","07","3","0","0","0","1","1","0"
"POINT (9.932591288000026 53.452419331000044)","Unfall 127264 (2018) Kat:3, Licht: 0","127264","3","5","1","09","18","5","0","0","0","1","0","1"
"POINT (10.047441529000025 53.572210207000069)","Unfall 127265 (2018) Kat:3, Licht: 0","127265","3","3","5","08","17","3","0","0","0","1","0","0"
"POINT (10.025788971000054 53.573793598000066)","Unfall 127266 (2018) Kat:3, Licht: 0","127266","3","2","4","09","07","2","0","0","1","0","0","0"
"POINT (9.993957945000034 53.558960144000082)","Unfall 127267 (2018) Kat:3, Licht: 0","127267","3","3","5","09","09","6","0","0","1","0","0","0"
"POINT (10.020707219000030 53.550566765000042)","Unfall 127268 (2018) Kat:3, Licht: 0","127268","3","2","3","09","16","5","0","0","1","1","0","0"
"POINT (9.998851784000067 53.613734504000035)","Unfall 127269 (2018) Kat:3, Licht: 0","127269","3","7","0","09","12","4","0","0","1","1","0","0"
"POINT (10.044287951000058 53.592092399000080)","Unfall 127270 (2018) Kat:3, Licht: 0","127270","3","7","5","08","17","3","0","0","0","1","0","0"
"POINT (9.901319770000043 53.610101579000059)","Unfall 127271 (2018) Kat:2, Licht: 2","127271","2","4","6","09","21","7","0","2","0","1","1","0"
"POINT (10.125103786000068 53.586210379000079)","Unfall 127272 (2018) Kat:3, Licht: 0","127272","3","2","2","08","09","6","0","0","0","1","0","0"
"POINT (9.959847748000072 53.570372207000048)","Unfall 127273 (2018) Kat:3, Licht: 0","127273","3","3","5","08","15","5","1","0","1","0","0","0"
"POINT (10.035395591000054 53.575082031000079)","Unfall 127274 (2018) Kat:3, Licht: 0","127274","3","2","4","09","05","4","0","0","0","1","0","0"
"POINT (10.076964451000038 53.591280465000068)","Unfall 127275 (2018) Kat:3, Licht: 0","127275","3","5","1","09","12","2","0","0","1","1","0","0"
"POINT (10.033754701000021 53.574197534000064)","Unfall 127276 (2018) Kat:3, Licht: 0","127276","3","6","2","08","14","3","0","0","0","1","0","0"
"POINT (9.881514446000040 53.583074469000053)","Unfall 127277 (2018) Kat:2, Licht: 0","127277","2","2","3","09","09","3","0","0","0","1","0","1"
"POINT (10.005728646000023 53.551683970000056)","Unfall 127278 (2018) Kat:3, Licht: 0","127278","3","6","3","09","16","7","1","0","0","1","0","0"
"POINT (10.151741072000050 53.609594988000026)","Unfall 127279 (2018) Kat:3, Licht: 0","127279","3","6","2","09","14","3","0","0","0","1","0","0"
"POINT (9.983255899000028 53.460143936000065)","Unfall 127280 (2018) Kat:3, Licht: 2","127280","3","4","6","09","19","6","0","2","0","0","1","0"
"POINT (9.940242550000050 53.430449570000064)","Unfall 127281 (2018) Kat:3, Licht: 0","127281","3","6","4","09","16","6","0","0","0","0","0","1"
"POINT (9.948494830000072 53.576896870000041)","Unfall 127282 (2018) Kat:3, Licht: 0","127282","3","6","2","09","11","7","0","0","0","1","0","0"
"POINT (9.992641201000026 53.456193097000039)","Unfall 127283 (2018) Kat:3, Licht: 0","127283","3","3","5","09","14","6","1","0","0","1","0","0"
"POINT (9.962566960000061 53.465627762000054)","Unfall 127284 (2018) Kat:3, Licht: 0","127284","3","7","0","09","12","6","1","0","0","1","0","1"
"POINT (9.946721111000045 53.565182251000067)","Unfall 127285 (2018) Kat:3, Licht: 0","127285","3","3","5","09","10","5","0","0","1","1","0","0"
"POINT (9.987572981000028 53.517430837000063)","Unfall 127286 (2018) Kat:3, Licht: 0","127286","3","3","5","09","11","6","0","0","0","1","0","0"
"POINT (10.173608430000058 53.444073528000047)","Unfall 127287 (2018) Kat:3, Licht: 0","127287","3","3","5","09","16","6","1","0","0","1","0","0"
"POINT (9.903133682000032 53.552890919000049)","Unfall 127288 (2018) Kat:3, Licht: 0","127288","3","5","1","09","15","3","0","0","1","1","0","0"
"POINT (10.056893708000075 53.563745049000033)","Unfall 127289 (2018) Kat:3, Licht: 0","127289","3","4","6","09","13","6","1","0","0","0","1","1"
"POINT (10.122262968000030 53.609626429000059)","Unfall 127290 (2018) Kat:3, Licht: 0","127290","3","3","5","09","16","6","1","0","1","1","0","0"
"POINT (10.078910766000035 53.563352702000032)","Unfall 127291 (2018) Kat:3, Licht: 0","127291","3","3","5","09","09","6","0","0","1","1","0","0"
"POINT (10.055457213000068 53.582688741000027)","Unfall 127292 (2018) Kat:2, Licht: 0","127292","2","3","5","09","13","6","1","0","0","0","0","1"
"POINT (10.040770104000046 53.534284362000051)","Unfall 127293 (2018) Kat:2, Licht: 0","127293","2","7","4","09","07","6","0","0","0","1","0","0"
"POINT (10.079753018000076 53.612529496000036)","Unfall 127294 (2018) Kat:3, Licht: 0","127294","3","3","5","09","16","2","0","0","0","1","0","1"
"POINT (10.018691573000069 53.614957892000064)","Unfall 127295 (2018) Kat:3, Licht: 0","127295","3","2","3","09","17","2","0","0","1","0","0","0"
"POINT (10.082421651000061 53.621160316000044)","Unfall 127296 (2018) Kat:3, Licht: 0","127296","3","7","1","09","11","6","0","0","1","1","0","0"
"POINT (10.088356867000073 53.562302324000029)","Unfall 127297 (2018) Kat:3, Licht: 0","127297","3","1","8","09","17","4","0","0","0","1","0","0"
"POINT (10.129378426000073 53.672221708000052)","Unfall 127298 (2018) Kat:3, Licht: 0","127298","3","3","5","09","15","6","1","0","0","1","0","0"
"POINT (10.006459406000033 53.632057526000040)","Unfall 127299 (2018) Kat:3, Licht: 0","127299","3","4","6","09","14","6","1","0","0","1","1","0"
"POINT (9.934616929000072 53.476800375000039)","Unfall 127300 (2018) Kat:3, Licht: 0","127300","3","6","2","09","08","3","0","0","0","1","0","0"
"POINT (10.045801518000076 53.588571840000043)","Unfall 127301 (2018) Kat:3, Licht: 0","127301","3","6","3","09","17","6","1","0","0","1","0","1"
"POINT (10.044612140000027 53.583875140000032)","Unfall 127302 (2018) Kat:3, Licht: 0","127302","3","2","4","09","09","6","0","0","1","1","0","0"
"POINT (9.971334890000037 53.582453021000049)","Unfall 127303 (2018) Kat:3, Licht: 0","127303","3","6","2","09","17","6","0","0","0","1","0","0"
"POINT (9.892934726000021 53.603380043000072)","Unfall 127304 (2018) Kat:3, Licht: 0","127304","3","6","2","09","14","6","0","0","1","1","0","0"
"POINT (9.912080402000072 53.554098254000053)","Unfall 127305 (2018) Kat:3, Licht: 0","127305","3","5","1","09","15","4","0","0","0","1","0","0"
"POINT (9.858116156000051 53.598073982000074)","Unfall 127306 (2018) Kat:2, Licht: 0","127306","2","3","5","09","07","6","0","0","1","1","0","0"
"POINT (9.939684503000024 53.639495606000082)","Unfall 127307 (2018) Kat:3, Licht: 2","127307","3","5","9","09","00","6","0","2","0","1","0","0"
"POINT (10.043074117000060 53.607657472000028)","Unfall 127308 (2018) Kat:3, Licht: 0","127308","3","2","4","09","15","4","0","0","0","1","0","0"
"POINT (9.942064821000031 53.599144101000036)","Unfall 127309 (2018) Kat:3, Licht: 0","127309","3","3","5","09","14","6","1","0","1","1","0","0"
"POINT (9.957603561000042 53.601997883000081)","Unfall 127310 (2018) Kat:3, Licht: 0","127310","3","5","0","09","10","6","0","0","1","1","0","0"
"POINT (9.917694208000057 53.553750724000054)","Unfall 127311 (2018) Kat:3, Licht: 0","127311","3","2","4","09","18","6","1","0","1","1","0","0"
"POINT (9.900666974000046 53.473982382000031)","Unfall 127312 (2018) Kat:3, Licht: 0","127312","3","7","0","09","10","5","0","0","1","0","0","0"
"POINT (9.936924210000029 53.552347778000069)","Unfall 127313 (2018) Kat:3, Licht: 0","127313","3","2","3","09","12","6","0","0","0","1","0","1"
"POINT (9.816248004000045 53.513303211000050)","Unfall 127314 (2018) Kat:2, Licht: 0","127314","2","6","1","09","15","3","0","0","0","1","0","1"
"POINT (9.918084355000076 53.556958787000042)","Unfall 127315 (2018) Kat:3, Licht: 0","127315","3","2","4","09","07","6","0","0","1","1","0","0"
"POINT (9.965771591000021 53.561818048000077)","Unfall 127316 (2018) Kat:3, Licht: 0","127316","3","6","2","09","16","6","0","0","0","1","0","0"
"POINT (10.050225159000036 53.573044984000035)","Unfall 127317 (2018) Kat:3, Licht: 0","127317","3","2","5","09","10","7","0","0","1","1","0","0"
"POINT (10.005549504000044 53.550129004000041)","Unfall 127318 (2018) Kat:3, Licht: 0","127318","3","6","0","09","18","6","1","0","0","1","0","1"
"POINT (10.015796321000039 53.555132875000027)","Unfall 127319 (2018) Kat:3, Licht: 0","127319","3","6","2","09","15","6","0","0","0","1","0","0"
"POINT (10.055264999000030 53.531686976000060)","Unfall 127320 (2018) Kat:3, Licht: 0","127320","3","7","0","09","10","7","0","0","0","0","0","0"
"POINT (9.854626092000046 53.468452653000043)","Unfall 127321 (2018) Kat:2, Licht: 0","127321","2","2","5","09","08","5","0","0","1","1","0","0"
"POINT (10.059928436000064 53.659878474000038)","Unfall 127322 (2018) Kat:3, Licht: 0","127322","3","2","5","09","17","5","0","0","1","1","0","0"
"POINT (9.987581041000055 53.517403821000073)","Unfall 127323 (2018) Kat:3, Licht: 1","127323","3","3","5","09","19","5","0","1","0","1","0","0"
"POINT (10.032963244000030 53.590688277000027)","Unfall 127324 (2018) Kat:2, Licht: 0","127324","2","6","2","09","08","2","1","0","0","1","0","0"
"POINT (9.987309490000030 53.493031992000056)","Unfall 127325 (2018) Kat:2, Licht: 0","127325","2","7","0","09","13","5","0","0","1","0","0","0"
"POINT (10.084797024000068 53.631681763000074)","Unfall 127326 (2018) Kat:3, Licht: 0","127326","3","6","4","09","07","3","0","0","0","1","0","1"
"POINT (10.080128146000050 53.501661791000060)","Unfall 127327 (2018) Kat:2, Licht: 0","127327","2","2","4","09","11","5","0","0","1","1","0","0"
"POINT (10.141424998000048 53.600294807000068)","Unfall 127328 (2018) Kat:3, Licht: 2","127328","3","2","2","09","05","5","0","2","0","1","0","0"
"POINT (9.947418451000033 53.558006649000049)","Unfall 127329 (2018) Kat:3, Licht: 0","127329","3","2","4","09","18","7","0","0","1","1","0","0"
"POINT (10.110248948000049 53.653566792000049)","Unfall 127330 (2018) Kat:3, Licht: 0","127330","3","7","2","09","15","2","0","0","0","1","0","0"
"POINT (10.055663043000038 53.591312413000082)","Unfall 127331 (2018) Kat:3, Licht: 0","127331","3","3","5","09","14","2","0","0","1","1","0","0"
"POINT (10.164281993000031 53.605563602000075)","Unfall 127332 (2018) Kat:3, Licht: 0","127332","3","3","5","09","14","5","0","0","1","1","0","0"
"POINT (10.069737352000061 53.579255041000067)","Unfall 127333 (2018) Kat:2, Licht: 0","127333","2","6","3","09","13","5","0","0","0","1","0","0"
"POINT (10.000835850000044 53.544901016000040)","Unfall 127334 (2018) Kat:3, Licht: 0","127334","3","2","5","09","12","5","0","0","1","0","0","0"
"POINT (10.057265153000060 53.579978727000082)","Unfall 127335 (2018) Kat:3, Licht: 0","127335","3","2","5","09","15","5","0","0","1","1","0","0"
"POINT (10.080193775000055 53.608204572000034)","Unfall 127336 (2018) Kat:3, Licht: 0","127336","3","6","1","09","16","5","0","0","0","1","0","0"
"POINT (9.979011398000068 53.555227157000047)","Unfall 127337 (2018) Kat:2, Licht: 1","127337","2","7","0","09","07","3","0","1","1","0","0","0"
"POINT (10.070081549000065 53.571834516000081)","Unfall 127338 (2018) Kat:3, Licht: 0","127338","3","2","4","09","13","2","0","0","0","1","0","0"
"POINT (10.141460753000047 53.675908388000039)","Unfall 127339 (2018) Kat:2, Licht: 0","127339","2","2","5","09","16","5","0","0","1","1","0","0"
"POINT (10.053535187000023 53.584527887000036)","Unfall 127340 (2018) Kat:3, Licht: 0","127340","3","6","3","09","15","5","0","0","0","1","0","0"
"POINT (10.097947376000036 53.650115542000037)","Unfall 127341 (2018) Kat:3, Licht: 0","127341","3","3","5","09","11","5","0","0","1","0","0","0"
"POINT (10.013043129000039 53.636369736000063)","Unfall 127342 (2018) Kat:2, Licht: 0","127342","2","4","6","09","17","5","0","0","0","1","1","0"
"POINT (10.050328578000062 53.572895227000060)","Unfall 127343 (2018) Kat:3, Licht: 0","127343","3","6","3","09","11","3","0","0","1","1","0","0"
"POINT (10.006241721000038 53.588605878000067)","Unfall 127344 (2018) Kat:3, Licht: 0","127344","3","5","1","09","14","5","0","0","1","1","0","0"
"POINT (10.042925977000039 53.567064325000047)","Unfall 127345 (2018) Kat:3, Licht: 0","127345","3","6","2","09","12","5","0","0","0","1","0","0"
"POINT (10.068568639000034 53.580841756000041)","Unfall 127346 (2018) Kat:3, Licht: 0","127346","3","2","4","09","16","6","0","0","0","1","0","0"
"POINT (10.004631935000077 53.584591507000027)","Unfall 127347 (2018) Kat:3, Licht: 2","127347","3","3","5","09","20","2","1","2","0","1","0","0"
"POINT (9.931070118000037 53.592374854000070)","Unfall 127348 (2018) Kat:3, Licht: 0","127348","3","6","2","09","16","5","0","0","0","1","0","0"