WKT,Name,OBJECTID,UKATEGORIE,UTYP1,UART,UMONAT,USTUNDE,UWOCHENTAG,STRZUSTAND,ULICHTVERH,ISTRAD,ISTPKW,ISTFUSS,ISTKRAD
"POINT (10.106927882000036 53.595620050000036)","Unfall 127349 (2018) Kat:3, Licht: 0","127349","3","6","2","09","07","4","0","0","0","1","1","0"
"POINT (9.865058967000039 53.557963238000070)","Unfall 127350 (2018) Kat:3, Licht: 0","127350","3","3","5","09","14","5","0","0","1","1","0","0"
"POINT (9.840136436000023 53.564679839000064)","Unfall 127351 (2018) Kat:3, Licht: 0","127351","3","3","5","09","09","5","0","0","0","1","0","0"
"POINT (9.874488474000032 53.587626322000062)","Unfall 127352 (2018) Kat:3, Licht: 0","127352","3","2","3","09","06","5","0","0","1","1","0","0"
"POINT (9.953696135000030 53.619899831000055)","Unfall 127353 (2018) Kat:3, Licht: 0","127353","3","2","0","09","12","5","0","0","1","1","0","0"
"POINT (9.924884768000027 53.546444269000062)","Unfall 127354 (2018) Kat:3, Licht: 1","127354","3","6","2","09","19","5","0","1","0","1","0","0"
"POINT (10.055151186000046 53.591784379000046)","Unfall 127355 (2018) Kat:3, Licht: 0","127355","3","6","2","09","11","6","0","0","0","1","0","0"
"POINT (9.937180807000061 53.552565676000029)","Unfall 127356 (2018) Kat:3, Licht: 0","127356","3","4","6","09","09","5","0","0","1","0","1","0"
"POINT (10.094346374000054 53.638728901000036)","Unfall 127357 (2018) Kat:3, Licht: 0","127357","3","3","5","09","07","4","0","0","1","1","0","0"
"POINT (9.999293552000040 53.574103378000075)","Unfall 127358 (2018) Kat:3, Licht: 0","127358","3","2","0","09","14","5","0","0","1","1","0","0"
"POINT (9.973458468000047 53.572795888000030)","Unfall 127359 (2018) Kat:3, Licht: 0","127359","3","6","3","09","07","5","0","0","1","1","0","0"
"POINT (9.904279670000051 53.568365937000067)","Unfall 127360 (2018) Kat:2, Licht: 0","127360","2","7","4","09","14","2","0","0","0","1","0","0"
"POINT (10.140563347000068 53.572056168000074)","Unfall 127361 (2018) Kat:2, Licht: 0","127361","2","5","1","09","08","2","1","0","1","1","0","0"
"POINT (9.989610798000058 53.554969199000027)","Unfall 127362 (2018) Kat:3, Licht: 0","127362","3","4","6","09","15","5","0","0","1","0","1","0"
"POINT (10.037053340000057 53.541240182000081)","Unfall 127363 (2018) Kat:3, Licht: 0","127363","3","6","1","09","09","5","0","0","0","1","0","0"
"POINT (9.968505559000050 53.546072643000059)","Unfall 127364 (2018) Kat:3, Licht: 0","127364","3","6","2","09","09","5","0","0","0","1","0","1"
"POINT (10.126221090000058 53.589158427000029)","Unfall 127365 (2018) Kat:3, Licht: 2","127365","3","6","2","09","20","3","0","2","0","1","0","0"
"POINT (10.008226138000055 53.554198668000026)","Unfall 127366 (2018) Kat:2, Licht: 0","127366","2","7","0","09","11","5","0","0","0","0","0","1"
"POINT (9.962353632000031 53.556371619000060)","Unfall 127367 (2018) Kat:3, Licht: 2","127367","3","4","6","09","21","6","0","2","1","0","1","0"
"POINT (9.901138281000044 53.511807093000073)","Unfall 127368 (2018) Kat:2, Licht: 0","127368","2","2","4","09","16","4","0","0","0","0","0","0"
"POINT (10.015401997000026 53.554842047000079)","Unfall 127369 (2018) Kat:3, Licht: 2","127369","3","4","6","09","21","4","0","2","1","0","1","0"
"POINT (9.952242478000073 53.448791435000032)","Unfall 127370 (2018) Kat:2, Licht: 0","127370","2","3","5","09","15","4","0","0","1","1","0","0"
"POINT (10.098696898000071 53.478811487000030)","Unfall 127371 (2018) Kat:3, Licht: 0","127371","3","1","9","09","16","4","0","0","0","1","0","0"
"POINT (10.124766150000028 53.571195621000072)","Unfall 127372 (2018) Kat:3, Licht: 0","127372","3","6","2","09","12","7","0","0","0","1","0","0"
"POINT (9.950215754000055 53.576274420000061)","Unfall 127373 (2018) Kat:2, Licht: 0","127373","2","6","3","09","08","2","0","0","1","1","0","0"
"POINT (10.202052490000028 53.487729116000082)","Unfall 127374 (2018) Kat:3, Licht: 0","127374","3","3","5","09","07","4","0","0","1","0","0","0"
"POINT (10.239749783000036 53.475589073000037)","Unfall 127375 (2018) Kat:3, Licht: 0","127375","3","2","4","09","14","4","0","0","0","1","0","0"
"POINT (10.002011025000058 53.668498359000068)","Unfall 127376 (2018) Kat:3, Licht: 0","127376","3","2","4","09","07","5","0","0","1","0","0","0"
"POINT (10.088296535000040 53.553083652000055)","Unfall 127377 (2018) Kat:2, Licht: 0","127377","2","4","6","09","17","4","0","0","0","1","1","0"
"POINT (9.917706824000049 53.599434322000036)","Unfall 127378 (2018) Kat:3, Licht: 1","127378","3","2","5","09","18","2","1","1","1","0","0","0"
"POINT (10.080020453000031 53.556209425000077)","Unfall 127379 (2018) Kat:3, Licht: 0","127379","3","2","4","09","10","4","0","0","0","1","0","1"
"POINT (10.184097833000067 53.657897277000075)","Unfall 127380 (2018) Kat:3, Licht: 0","127380","3","3","5","09","09","3","0","0","0","1","0","0"
"POINT (10.116856573000064 53.607532172000049)","Unfall 127381 (2018) Kat:3, Licht: 0","127381","3","2","3","09","16","4","0","0","1","1","0","0"
"POINT (9.917423250000070 53.548553882000078)","Unfall 127382 (2018) Kat:3, Licht: 0","127382","3","3","5","09","14","2","0","0","0","1","0","0"
"POINT (10.111182948000021 53.582097097000030)","Unfall 127383 (2018) Kat:3, Licht: 0","127383","3","3","5","09","07","4","0","0","1","0","0","0"
"POINT (9.979129331000024 53.555319803000032)","Unfall 127384 (2018) Kat:3, Licht: 0","127384","3","6","0","09","13","7","0","0","0","0","0","0"
"POINT (10.164642218000040 53.628364615000066)","Unfall 127385 (2018) Kat:2, Licht: 0","127385","2","2","3","09","10","4","0","0","1","1","0","0"
"POINT (10.083810039000070 53.602659711000058)","Unfall 127386 (2018) Kat:3, Licht: 1","127386","3","3","5","09","19","4","0","1","0","1","0","0"
"POINT (9.947124750000057 53.632378654000036)","Unfall 127387 (2018) Kat:3, Licht: 0","127387","3","5","1","09","13","7","0","0","0","1","0","0"
"POINT (9.985150653000062 53.551018343000067)","Unfall 127388 (2018) Kat:3, Licht: 0","127388","3","3","5","09","08","2","1","0","1","0","0","0"
"POINT (10.168477555000038 53.647597113000074)","Unfall 127389 (2018) Kat:3, Licht: 0","127389","3","2","4","09","07","4","0","0","0","1","0","0"
"POINT (10.004449086000022 53.618370014000050)","Unfall 127390 (2018) Kat:3, Licht: 0","127390","3","3","5","09","13","4","0","0","1","1","0","0"
"POINT (9.950988366000047 53.625582587000054)","Unfall 127391 (2018) Kat:3, Licht: 0","127391","3","6","2","09","09","5","0","0","0","1","0","0"
"POINT (10.024708565000026 53.620609907000073)","Unfall 127392 (2018) Kat:3, Licht: 0","127392","3","6","6","09","07","4","0","0","1","0","1","0"
"POINT (10.018066164000061 53.562730409000039)","Unfall 127393 (2018) Kat:3, Licht: 1","127393","3","3","5","09","19","4","0","1","1","1","0","0"
"POINT (10.032983505000061 53.573761361000038)","Unfall 127394 (2018) Kat:3, Licht: 0","127394","3","3","5","09","11","3","0","0","1","0","0","0"
"POINT (10.025046128000042 53.563951434000046)","Unfall 127395 (2018) Kat:2, Licht: 2","127395","2","6","2","09","22","4","0","2","0","1","0","1"
"POINT (10.005256174000067 53.552757268000050)","Unfall 127396 (2018) Kat:3, Licht: 2","127396","3","4","6","09","21","2","0","2","0","1","1","0"
"POINT (10.039522079000051 53.579066942000054)","Unfall 127397 (2018) Kat:3, Licht: 0","127397","3","6","2","09","08","4","0","0","0","1","0","0"
"POINT (10.067697618000068 53.582326404000071)","Unfall 127398 (2018) Kat:3, Licht: 0","127398","3","2","4","09","07","6","0","0","0","1","0","0"
"POINT (10.009025443000041 53.552166719000070)","Unfall 127399 (2018) Kat:2, Licht: 2","127399","2","6","3","09","21","2","1","2","0","1","0","0"
"POINT (9.888768988000038 53.618647950000081)","Unfall 127400 (2018) Kat:3, Licht: 0","127400","3","3","5","09","17","4","0","0","1","1","0","0"
"POINT (10.080227059000038 53.610098273000062)","Unfall 127401 (2018) Kat:3, Licht: 0","127401","3","3","5","09","14","4","0","0","0","1","0","0"
"POINT (9.879508203000057 53.592762839000045)","Unfall 127402 (2018) Kat:3, Licht: 2","127402","3","7","0","09","20","4","0","2","0","0","0","1"
"POINT (9.854226270000027 53.598169356000028)","Unfall 127403 (2018) Kat:3, Licht: 0","127403","3","2","4","09","18","4","0","0","0","1","0","0"
"POINT (10.205115449000061 53.495938485000067)","Unfall 127404 (2018) Kat:3, Licht: 1","127404","3","5","1","09","19","4","0","1","0","1","0","1"
"POINT (9.926272788000063 53.571942181000054)","Unfall 127405 (2018) Kat:3, Licht: 0","127405","3","2","3","09","08","4","0","0","1","1","0","0"
"POINT (9.961389470000029 53.574013477000051)","Unfall 127406 (2018) Kat:3, Licht: 0","127406","3","6","3","09","16","4","0","0","1","0","0","0"
"POINT (10.013351263000061 53.552260227000033)","Unfall 127407 (2018) Kat:2, Licht: 2","127407","2","3","5","09","20","3","0","2","1","0","0","0"
"POINT (9.994217932000026 53.606381234000082)","Unfall 127408 (2018) Kat:3, Licht: 0","127408","3","7","0","09","12","4","0","0","0","1","1","0"
"POINT (10.019354738000061 53.479511469000045)","Unfall 127409 (2018) Kat:3, Licht: 0","127409","3","1","8","09","12","1","0","0","0","1","0","0"
"POINT (9.994072829000061 53.606390183000030)","Unfall 127410 (2018) Kat:3, Licht: 0","127410","3","3","5","09","11","4","0","0","0","1","0","0"
"POINT (9.981628307000051 53.585239125000044)","Unfall 127411 (2018) Kat:3, Licht: 0","127411","3","3","5","09","14","6","0","0","1","1","0","0"
"POINT (9.960376177000057 53.563444101000073)","Unfall 127412 (2018) Kat:3, Licht: 2","127412","3","7","0","09","23","4","0","2","1","1","0","0"
"POINT (9.888257608000060 53.576931366000053)","Unfall 127413 (2018) Kat:3, Licht: 0","127413","3","2","3","09","09","4","0","0","1","1","0","0"
"POINT (9.986208977000047 53.549804157000040)","Unfall 127414 (2018) Kat:3, Licht: 2","127414","3","2","3","09","20","4","0","2","1","1","0","0"
"POINT (9.993209257000046 53.552790816000027)","Unfall 127415 (2018) Kat:3, Licht: 0","127415","3","3","5","09","19","4","0","0","0","1","0","1"
"POINT (10.088617442000043 53.511723720000077)","Unfall 127416 (2018) Kat:3, Licht: 0","127416","3","2","5","09","15","7","0","0","0","1","0","1"
"POINT (10.001624764000042 53.555242884000052)","Unfall 127417 (2018) Kat:3, Licht: 0","127417","3","6","3","09","06","4","0","0","0","1","0","1"
"POINT (9.993325279000032 53.525697621000063)","Unfall 127418 (2018) Kat:3, Licht: 0","127418","3","1","8","09","08","4","0","0","0","0","0","0"
"POINT (10.080581287000030 53.560408115000030)","Unfall 127419 (2018) Kat:3, Licht: 2","127419","3","5","9","09","19","1","1","2","0","1","0","0"
"POINT (9.978781734000052 53.460880919000033)","Unfall 127420 (2018) Kat:2, Licht: 2","127420","2","4","6","09","22","3","0","2","0","1","1","0"
"POINT (10.003193346000046 53.554176610000070)","Unfall 127421 (2018) Kat:3, Licht: 0","127421","3","6","3","09","11","6","0","0","0","1","0","1"
"POINT (9.991226071000028 53.454597818000082)","Unfall 127422 (2018) Kat:3, Licht: 0","127422","3","2","5","09","07","3","0","0","1","1","0","0"
"POINT (10.005372003000048 53.557953782000027)","Unfall 127423 (2018) Kat:3, Licht: 0","127423","3","6","1","09","15","4","0","0","0","1","0","0"
"POINT (9.981701573000066 53.424483966000082)","Unfall 127424 (2018) Kat:3, Licht: 0","127424","3","6","2","09","08","3","0","0","0","1","0","0"
"POINT (9.961764035000044 53.439434275000053)","Unfall 127425 (2018) Kat:3, Licht: 0","127425","3","1","9","09","09","3","0","0","0","1","0","0"
"POINT (10.159887322000031 53.656523453000034)","Unfall 127426 (2018) Kat:3, Licht: 0","127426","3","3","5","09","12","7","0","0","1","1","0","0"
"POINT (10.025267661000044 53.602446338000050)","Unfall 127427 (2018) Kat:3, Licht: 1","127427","3","6","2","09","17","1","1","1","0","1","0","0"
"POINT (10.215222763000043 53.484029388000067)","Unfall 127428 (2018) Kat:3, Licht: 0","127428","3","5","1","09","16","3","0","0","1","1","0","0"
"POINT (10.168209170000068 53.516983788000061)","Unfall 127429 (2018) Kat:3, Licht: 0","127429","3","1","0","09","15","3","0","0","1","0","0","0"
"POINT (10.033454689000052 53.573578819000033)","Unfall 127430 (2018) Kat:3, Licht: 0","127430","3","6","3","09","17","5","0","0","0","1","0","0"
"POINT (10.107752373000039 53.548244574000080)","Unfall 127431 (2018) Kat:3, Licht: 0","127431","3","6","2","09","15","3","0","0","0","1","0","0"
"POINT (10.103862750000076 53.539282669000045)","Unfall 127432 (2018) Kat:2, Licht: 0","127432","2","4","6","09","13","3","0","0","0","1","1","0"
"POINT (9.906178219000026 53.601843469000073)","Unfall 127433 (2018) Kat:3, Licht: 0","127433","3","3","5","09","15","1","1","0","0","1","0","0"
"POINT (10.029186229000061 53.547976602000062)","Unfall 127434 (2018) Kat:3, Licht: 0","127434","3","4","6","09","17","3","0","0","0","1","1","0"
"POINT (10.062097402000063 53.610980251000058)","Unfall 127435 (2018) Kat:3, Licht: 1","127435","3","3","5","09","19","5","0","1","1","1","0","0"
"POINT (10.053919505000067 53.560887395000066)","Unfall 127436 (2018) Kat:3, Licht: 0","127436","3","5","1","09","12","3","0","0","1","1","0","0"
"POINT (10.137686032000033 53.608125465000057)","Unfall 127437 (2018) Kat:3, Licht: 1","127437","3","1","0","09","20","3","0","1","0","0","0","1"
"POINT (10.134313817000077 53.637457887000039)","Unfall 127438 (2018) Kat:3, Licht: 0","127438","3","6","2","09","17","3","1","0","0","1","0","1"
"POINT (10.163384851000046 53.596368748000032)","Unfall 127439 (2018) Kat:3, Licht: 0","127439","3","3","5","09","07","3","0","0","1","1","0","0"
"POINT (9.947586123000065 53.581706944000075)","Unfall 127440 (2018) Kat:3, Licht: 0","127440","3","6","1","09","08","1","0","0","0","1","0","0"
"POINT (10.115437000000043 53.583502754000051)","Unfall 127441 (2018) Kat:3, Licht: 0","127441","3","6","4","09","07","3","0","0","1","0","0","0"
"POINT (9.953983404000041 53.573496722000073)","Unfall 127442 (2018) Kat:3, Licht: 0","127442","3","7","6","09","10","7","0","0","0","1","1","0"
"POINT (10.007550015000049 53.496560664000071)","Unfall 127443 (2018) Kat:3, Licht: 2","127443","3","7","3","09","23","7","1","2","0","1","0","0"
"POINT (10.078896767000060 53.584195115000057)","Unfall 127444 (2018) Kat:3, Licht: 0","127444","3","4","6","09","16","3","0","0","0","1","1","0"
"POINT (10.034586769000043 53.617290154000045)","Unfall 127445 (2018) Kat:3, Licht: 0","127445","3","6","2","09","16","2","0","0","0","1","0","0"
"POINT (10.059444777000067 53.593875603000072)","Unfall 127446 (2018) Kat:3, Licht: 0","127446","3","3","5","09","17","3","0","0","1","1","0","0"
"POINT (9.941770288000043 53.565438936000078)","Unfall 127447 (2018) Kat:3, Licht: 0","127447","3","3","5","09","07","5","0","0","1","1","0","0"
"POINT (10.061669194000046 53.610788528000057)","Unfall 127448 (2018) Kat:3, Licht: 0","127448","3","3","0","09","09","3","0","0","0","1","0","1"
"POINT (10.035378015000049 53.615239862000067)","Unfall 127449 (2018) Kat:3, Licht: 0","127449","3","2","4","09","09","3","0","0","1","1","0","0"
"POINT (9.963207893000060 53.577505856000073)","Unfall 127450 (2018) Kat:3, Licht: 0","127450","3","2","2","09","18","3","0","0","1","1","0","0"
"POINT (10.154476084000066 53.653421581000032)","Unfall 127451 (2018) Kat:2, Licht: 0","127451","2","1","8","09","17","3","0","0","0","1","0","0"
"POINT (10.196233709000069 53.511977013000035)","Unfall 127452 (2018) Kat:3, Licht: 0","127452","3","3","5","09","07","7","0","0","0","0","0","1"
"POINT (10.042933270000049 53.597156425000037)","Unfall 127453 (2018) Kat:2, Licht: 0","127453","2","6","2","09","14","3","0","0","0","1","0","0"
"POINT (10.016512625000075 53.563373941000066)","Unfall 127454 (2018) Kat:3, Licht: 0","127454","3","6","1","09","15","3","0","0","0","1","0","0"
"POINT (10.135648806000063 53.534167208000042)","Unfall 127455 (2018) Kat:3, Licht: 0","127455","3","6","0","09","12","7","1","0","0","1","0","0"
"POINT (10.043363712000030 53.567126087000076)","Unfall 127456 (2018) Kat:3, Licht: 0","127456","3","7","2","09","11","3","0","0","0","1","0","0"
"POINT (10.153901323000071 53.614625762000060)","Unfall 127457 (2018) Kat:3, Licht: 0","127457","3","3","5","09","06","6","0","0","1","1","0","0"
"POINT (10.099245208000070 53.541020098000047)","Unfall 127458 (2018) Kat:3, Licht: 0","127458","3","6","2","09","13","7","0","0","0","1","0","0"
"POINT (10.038643505000039 53.577289011000062)","Unfall 127459 (2018) Kat:3, Licht: 0","127459","3","2","3","09","08","3","0","0","1","0","0","0"
"POINT (10.143800382000052 53.528100789000064)","Unfall 127460 (2018) Kat:3, Licht: 0","127460","3","7","0","09","11","4","0","0","1","0","0","0"
"POINT (10.051242740000021 53.586643954000067)","Unfall 127461 (2018) Kat:2, Licht: 2","127461","2","3","5","09","00","3","0","2","0","1","0","0"
"POINT (9.896020232000069 53.605426425000076)","Unfall 127462 (2018) Kat:3, Licht: 0","127462","3","7","2","09","14","3","0","0","0","1","0","1"
"POINT (9.990156690000049 53.515574113000071)","Unfall 127463 (2018) Kat:3, Licht: 0","127463","3","3","5","09","14","2","0","0","0","1","0","0"
"POINT (9.935876555000050 53.582444132000035)","Unfall 127464 (2018) Kat:3, Licht: 0","127464","3","6","3","09","07","3","0","0","1","1","0","0"
"POINT (10.126958321000075 53.581904547000079)","Unfall 127465 (2018) Kat:3, Licht: 2","127465","3","6","4","09","22","7","0","2","1","0","0","0"
"POINT (9.988455535000071 53.589736750000043)","Unfall 127466 (2018) Kat:3, Licht: 0","127466","3","3","5","09","13","3","0","0","1","1","0","0"
"POINT (9.936197109000034 53.552459734000081)","Unfall 127467 (2018) Kat:3, Licht: 0","127467","3","7","6","09","13","6","0","0","0","1","1","0"
"POINT (10.125707387000034 53.570980430000077)","Unfall 127468 (2018) Kat:3, Licht: 0","127468","3","6","1","09","17","7","1","0","0","1","0","0"
"POINT (9.985589584000024 53.572607417000029)","Unfall 127469 (2018) Kat:2, Licht: 0","127469","2","6","2","09","15","3","0","0","0","1","0","0"
"POINT (9.985216748000028 53.435784613000067)","Unfall 127470 (2018) Kat:3, Licht: 0","127470","3","3","5","09","06","2","0","0","0","1","0","0"
"POINT (10.018199442000025 53.633985717000030)","Unfall 127471 (2018) Kat:3, Licht: 0","127471","3","6","4","09","14","6","0","0","1","0","0","0"
"POINT (10.103405048000070 53.576198255000065)","Unfall 127472 (2018) Kat:3, Licht: 0","127472","3","6","3","09","11","7","0","0","0","1","0","0"
"POINT (9.987574073000076 53.517489050000052)","Unfall 127473 (2018) Kat:3, Licht: 0","127473","3","3","5","09","12","2","0","0","0","1","0","0"
"POINT (10.103482553000049 53.703859590000036)","Unfall 127474 (2018) Kat:3, Licht: 0","127474","3","6","2","09","15","4","0","0","0","1","0","0"
"POINT (10.196245139000041 53.511888572000032)","Unfall 127475 (2018) Kat:3, Licht: 0","127475","3","3","5","09","11","2","0","0","0","1","0","0"
"POINT (10.072216703000038 53.555030868000074)","Unfall 127476 (2018) Kat:3, Licht: 0","127476","3","6","3","09","16","2","0","0","0","0","0","1"
"POINT (10.015972808000072 53.600123061000033)","Unfall 127477 (2018) Kat:2, Licht: 0","127477","2","7","9","09","14","7","1","0","0","0","0","1"
"POINT (10.040728711000042 53.552384537000080)","Unfall 127478 (2018) Kat:3, Licht: 0","127478","3","7","0","09","07","2","0","0","0","0","0","0"
"POINT (10.038153667000074 53.555915474000074)","Unfall 127479 (2018) Kat:3, Licht: 0","127479","3","7","2","09","12","5","0","0","1","1","0","0"
"POINT (10.099025798000071 53.611716308000041)","Unfall 127480 (2018) Kat:3, Licht: 0","127480","3","2","5","09","14","2","0","0","1","1","0","0"
"POINT (10.011549825000031 53.463180856000065)","Unfall 127481 (2018) Kat:3, Licht: 0","127481","3","6","2","09","12","3","0","0","0","1","0","0"
"POINT (10.147031866000077 53.600674195000067)","Unfall 127482 (2018) Kat:3, Licht: 0","127482","3","3","5","09","12","2","0","0","1","1","0","0"
"POINT (9.964165498000057 53.568475013000068)","Unfall 127483 (2018) Kat:2, Licht: 1","127483","2","5","1","09","06","4","0","1","1","1","0","0"
"POINT (10.153408578000040 53.614423472000055)","Unfall 127484 (2018) Kat:3, Licht: 0","127484","3","7","0","09","16","2","0","0","1","0","0","0"
"POINT (10.094087529000035 53.581819877000044)","Unfall 127485 (2018) Kat:3, Licht: 0","127485","3","3","2","09","18","2","0","0","1","1","0","0"
"POINT (10.021198618000028 53.549971579000044)","Unfall 127486 (2018) Kat:3, Licht: 2","127486","3","3","5","09","04","7","0","2","0","1","0","0"
"POINT (9.993479853000054 53.585644206000040)","Unfall 127487 (2018) Kat:2, Licht: 0","127487","2","3","5","09","16","7","1","0","0","1","0","1"
"POINT (10.184853773000043 53.652151446000062)","Unfall 127488 (2018) Kat:2, Licht: 0","127488","2","3","0","09","13","2","0","0","1","1","0","0"
"POINT (10.006620316000067 53.635041337000075)","Unfall 127489 (2018) Kat:3, Licht: 0","127489","3","3","5","09","13","5","0","0","0","1","0","0"
"POINT (10.018895477000058 53.652300809000053)","Unfall 127490 (2018) Kat:3, Licht: 0","127490","3","6","1","09","08","2","0","0","0","1","0","0"
"POINT (9.890589009000053 53.612143898000056)","Unfall 127491 (2018) Kat:3, Licht: 0","127491","3","7","0","09","08","2","1","0","0","0","0","1"
"POINT (9.781184093000036 53.561847193000062)","Unfall 127492 (2018) Kat:3, Licht: 0","127492","3","4","0","09","10","2","0","0","1","0","1","0"
"POINT (10.131608920000076 53.673315892000062)","Unfall 127493 (2018) Kat:3, Licht: 0","127493","3","3","5","09","17","3","0","0","1","1","0","0"
"POINT (9.762535099000047 53.579834291000054)","Unfall 127494 (2018) Kat:3, Licht: 0","127494","3","2","4","09","08","2","0","0","1","1","0","0"
"POINT (9.917640815000027 53.548342726000044)","Unfall 127495 (2018) Kat:3, Licht: 0","127495","3","6","2","09","16","7","1","0","0","1","0","0"
"POINT (9.854541990000030 53.576801486000079)","Unfall 127496 (2018) Kat:3, Licht: 0","127496","3","6","2","09","13","2","0","0","0","1","0","0"
"POINT (9.990658376000056 53.560496561000036)","Unfall 127497 (2018) Kat:3, Licht: 0","127497","3","7","0","09","10","7","0","0","0","0","0","1"
"POINT (9.968004751000024 53.548872420000066)","Unfall 127498 (2018) Kat:3, Licht: 0","127498","3","7","6","09","18","7","0","0","0","1","1","0"
"POINT (9.959158612000067 53.612292206000063)","Unfall 127499 (2018) Kat:3, Licht: 0","127499","3","2","2","09","10","2","0","0","0","1","0","0"
"POINT (9.988376266000046 53.558312045000037)","Unfall 127500 (2018) Kat:3, Licht: 0","127500","3","4","5","09","12","5","0","0","1","0","1","0"
"POINT (9.951439412000070 53.623916592000057)","Unfall 127501 (2018) Kat:3, Licht: 0","127501","3","2","4","09","08","2","0","0","1","1","0","0"
"POINT (9.793583205000061 53.568021604000080)","Unfall 127502 (2018) Kat:3, Licht: 0","127502","3","3","5","09","17","7","0","0","0","1","0","0"
"POINT (9.951960185000075 53.576689329000033)","Unfall 127503 (2018) Kat:3, Licht: 0","127503","3","2","3","09","17","2","0","0","1","1","0","0"
"POINT (9.965280818000053 53.603553952000027)","Unfall 127504 (2018) Kat:3, Licht: 0","127504","3","1","8","09","18","2","0","0","0","0","0","1"
"POINT (9.900110862000076 53.610807183000077)","Unfall 127505 (2018) Kat:3, Licht: 0","127505","3","2","4","09","16","5","0","0","1","1","0","0"
"POINT (9.921999683000024 53.546324080000034)","Unfall 127506 (2018) Kat:3, Licht: 0","127506","3","3","5","09","13","2","0","0","0","1","0","0"
"POINT (9.941764391000049 53.555127129000027)","Unfall 127507 (2018) Kat:3, Licht: 0","127507","3","3","0","09","18","2","0","0","1","0","0","0"
"POINT (10.021342491000041 53.566764076000027)","Unfall 127508 (2018) Kat:3, Licht: 0","127508","3","7","0","09","10","3","0","0","1","0","0","0"
"POINT (9.961309437000068 53.564068052000039)","Unfall 127509 (2018) Kat:3, Licht: 0","127509","3","6","1","09","17","2","0","0","0","1","0","0"
"POINT (9.985755311000048 53.547220082000081)","Unfall 127510 (2018) Kat:3, Licht: 2","127510","3","3","5","09","19","2","0","2","1","1","0","0"
"POINT (10.086591957000053 53.591155548000074)","Unfall 127511 (2018) Kat:3, Licht: 0","127511","3","6","2","09","13","6","0","0","0","0","0","0"
"POINT (9.991876217000026 53.553693554000063)","Unfall 127512 (2018) Kat:3, Licht: 0","127512","3","6","2","09","15","2","0","0","0","1","0","0"
"POINT (10.106699177000053 53.567432314000030)","Unfall 127513 (2018) Kat:3, Licht: 0","127513","3","3","5","09","10","4","0","0","1","1","0","0"
"POINT (9.984398691000024 53.556599220000066)","Unfall 127514 (2018) Kat:3, Licht: 0","127514","3","3","5","09","09","2","0","0","1","1","0","0"
"POINT (10.016391624000050 53.551078952000069)","Unfall 127515 (2018) Kat:3, Licht: 0","127515","3","6","3","09","09","2","0","0","0","1","0","0"
"POINT (9.971992915000044 53.451765831000046)","Unfall 127516 (2018) Kat:3, Licht: 0","127516","3","3","5","09","10","1","0","0","0","1","0","0"
"POINT (9.972366268000030 53.512205256000072)","Unfall 127517 (2018) Kat:3, Licht: 0","127517","3","6","2","09","13","1","0","0","0","1","0","0"
"POINT (10.013753375000022 53.552487152000026)","Unfall 127518 (2018) Kat:3, Licht: 0","127518","3","6","2","09","16","3","0","0","0","1","0","0"
"POINT (10.111195227000053 53.531032265000078)","Unfall 127519 (2018) Kat:3, Licht: 0","127519","3","3","5","09","16","1","0","0","0","1","0","0"
"POINT (10.052733185000022 53.550047319000043)","Unfall 127520 (2018) Kat:3, Licht: 0","127520","3","3","5","09","15","1","0","0","0","1","0","0"
"POINT (9.853157607000071 53.593268994000027)","Unfall 127521 (2018) Kat:3, Licht: 2","127521","3","3","5","09","19","6","0","2","1","1","0","0"
"POINT (10.044183991000068 53.611985764000053)","Unfall 127522 (2018) Kat:3, Licht: 2","127522","3","6","4","09","00","1","0","2","0","1","0","0"
"POINT (10.058798503000048 53.566971285000079)","Unfall 127523 (2018) Kat:2, Licht: 0","127523","2","2","5","09","08","4","0","0","1","0","0","0"
"POINT (10.161687776000065 53.650981639000065)","Unfall 127524 (2018) Kat:3, Licht: 0","127524","3","2","5","09","10","1","0","0","1","1","0","0"
"POINT (9.929449914000031 53.629319939000027)","Unfall 127525 (2018) Kat:2, Licht: 2","127525","2","1","0","09","02","1","0","2","1","0","0","0"
"POINT (10.092601715000058 53.546609864000061)","Unfall 127526 (2018) Kat:3, Licht: 0","127526","3","2","5","09","08","7","0","0","0","1","0","1"
"POINT (10.065766824000036 53.571311224000056)","Unfall 127527 (2018) Kat:3, Licht: 2","127527","3","4","5","09","20","2","0","2","1","0","1","0"
"POINT (10.004114325000046 53.554142172000070)","Unfall 127528 (2018) Kat:3, Licht: 0","127528","3","6","2","09","06","1","0","0","0","1","0","0"
"POINT (10.124393477000069 53.588176055000076)","Unfall 127529 (2018) Kat:3, Licht: 0","127529","3","3","5","09","09","5","0","0","0","1","0","0"
"POINT (9.964805396000031 53.516379062000055)","Unfall 127530 (2018) Kat:3, Licht: 1","127530","3","6","2","09","05","1","0","1","0","1","0","0"
"POINT (9.986396018000050 53.516891668000028)","Unfall 127531 (2018) Kat:2, Licht: 0","127531","2","7","0","09","18","7","0","0","1","0","0","0"
"POINT (10.037511570000049 53.505208281000080)","Unfall 127532 (2018) Kat:3, Licht: 0","127532","3","1","9","09","18","7","1","0","0","1","0","0"
"POINT (9.968574768000053 53.547313519000056)","Unfall 127533 (2018) Kat:2, Licht: 0","127533","2","5","1","09","09","6","0","0","1","1","0","0"