WKT,Name,OBJECTID,UKATEGORIE,UTYP1,UART,UMONAT,USTUNDE,UWOCHENTAG,STRZUSTAND,ULICHTVERH,ISTRAD,ISTPKW,ISTFUSS,ISTKRAD
"POINT (10.186354950000066 53.511311394000074)","Unfall 127534 (2018) Kat:2, Licht: 0","127534","2","7","0","09","12","7","0","0","0","1","0","0"
"POINT (10.011010817000056 53.560075202000064)","Unfall 127535 (2018) Kat:3, Licht: 0","127535","3","6","1","09","15","4","0","0","0","1","0","0"
"POINT (10.086003884000036 53.513274553000031)","Unfall 127536 (2018) Kat:3, Licht: 0","127536","3","6","2","09","14","7","1","0","0","1","0","0"
"POINT (10.054212031000077 53.608828489000075)","Unfall 127537 (2018) Kat:3, Licht: 0","127537","3","2","2","09","16","7","0","0","0","1","0","0"
"POINT (10.076078115000030 53.589364191000072)","Unfall 127538 (2018) Kat:3, Licht: 0","127538","3","3","5","09","11","7","0","0","1","1","0","0"
"POINT (9.906973019000077 53.616286492000029)","Unfall 127539 (2018) Kat:3, Licht: 0","127539","3","6","3","09","15","7","0","0","0","1","0","1"
"POINT (9.941945266000062 53.577450513000031)","Unfall 127540 (2018) Kat:3, Licht: 2","127540","3","5","8","09","23","7","0","2","0","1","0","0"
"POINT (10.006306960000074 53.633230005000030)","Unfall 127541 (2018) Kat:3, Licht: 0","127541","3","4","6","09","15","5","0","0","0","1","1","0"
"POINT (9.956439331000070 53.561994398000081)","Unfall 127542 (2018) Kat:3, Licht: 0","127542","3","2","4","09","13","7","0","0","1","1","0","0"
"POINT (9.877658987000075 53.565499652000028)","Unfall 127543 (2018) Kat:3, Licht: 0","127543","3","3","5","09","16","2","0","0","1","1","0","0"
"POINT (9.801621474000058 53.531239986000060)","Unfall 127544 (2018) Kat:2, Licht: 0","127544","2","6","2","09","07","6","0","0","0","1","0","1"
"POINT (10.033720104000054 53.583626861000027)","Unfall 127545 (2018) Kat:3, Licht: 0","127545","3","3","5","09","15","3","0","0","1","1","0","0"
"POINT (9.967259225000021 53.585762010000053)","Unfall 127546 (2018) Kat:3, Licht: 0","127546","3","1","0","10","15","5","1","0","0","0","0","1"
"POINT (10.107738805000054 53.606104797000057)","Unfall 127547 (2018) Kat:3, Licht: 0","127547","3","6","2","10","17","3","0","0","0","1","0","0"
"POINT (10.041982626000049 53.548202216000050)","Unfall 127548 (2018) Kat:3, Licht: 2","127548","3","7","3","10","04","6","0","2","0","1","0","1"
"POINT (10.068032998000035 53.601515317000064)","Unfall 127549 (2018) Kat:3, Licht: 0","127549","3","7","1","10","16","3","0","0","0","1","0","1"
"POINT (9.975609631000054 53.561143846000050)","Unfall 127550 (2018) Kat:3, Licht: 2","127550","3","2","4","10","19","2","0","2","1","1","0","0"
"POINT (9.992384257000026 53.559128310000062)","Unfall 127551 (2018) Kat:3, Licht: 0","127551","3","6","4","10","13","2","0","0","1","0","0","0"
"POINT (10.120323579000058 53.586088417000042)","Unfall 127552 (2018) Kat:2, Licht: 0","127552","2","7","8","10","18","6","0","0","0","1","0","0"
"POINT (10.184440796000047 53.477910430000065)","Unfall 127553 (2018) Kat:2, Licht: 2","127553","2","5","1","10","19","6","0","2","0","1","0","0"
"POINT (10.115887308000026 53.596085010000081)","Unfall 127554 (2018) Kat:3, Licht: 2","127554","3","3","5","10","22","6","0","2","1","1","0","0"
"POINT (10.069810491000055 53.575068517000034)","Unfall 127555 (2018) Kat:3, Licht: 2","127555","3","6","3","10","19","4","0","2","0","1","0","1"
"POINT (9.956911364000064 53.567323762000058)","Unfall 127556 (2018) Kat:3, Licht: 2","127556","3","2","5","10","19","3","0","2","1","1","0","0"
"POINT (10.062454487000025 53.596096432000081)","Unfall 127557 (2018) Kat:3, Licht: 0","127557","3","6","4","10","12","6","1","0","1","0","0","0"
"POINT (9.983375137000053 53.565017889000046)","Unfall 127558 (2018) Kat:3, Licht: 0","127558","3","7","0","10","16","3","0","0","1","1","0","0"
"POINT (10.108622623000031 53.559390742000062)","Unfall 127559 (2018) Kat:3, Licht: 0","127559","3","3","5","10","09","7","0","0","1","1","0","0"
"POINT (10.057556342000055 53.636678324000059)","Unfall 127560 (2018) Kat:3, Licht: 0","127560","3","6","2","10","12","1","0","0","0","1","0","0"
"POINT (10.006332266000072 53.654284931000063)","Unfall 127561 (2018) Kat:3, Licht: 0","127561","3","2","2","10","12","6","0","0","0","1","0","0"
"POINT (10.106374712000047 53.568330096000068)","Unfall 127562 (2018) Kat:2, Licht: 0","127562","2","6","3","10","16","1","0","0","0","1","0","0"
"POINT (10.007482051000068 53.580908535000049)","Unfall 127563 (2018) Kat:3, Licht: 0","127563","3","3","5","10","13","6","0","0","1","1","0","0"
"POINT (10.091559386000029 53.607139053000026)","Unfall 127564 (2018) Kat:3, Licht: 0","127564","3","3","5","10","17","5","0","0","1","1","0","0"
"POINT (9.780702351000059 53.538138243000049)","Unfall 127565 (2018) Kat:3, Licht: 2","127565","3","1","0","09","22","7","0","2","0","0","0","1"
"POINT (10.049169335000045 53.561197292000031)","Unfall 127566 (2018) Kat:3, Licht: 0","127566","3","6","2","10","18","6","0","0","0","1","0","1"
"POINT (9.905531022000048 53.632130115000052)","Unfall 127567 (2018) Kat:3, Licht: 0","127567","3","6","0","10","16","6","0","0","0","1","0","1"
"POINT (10.023401798000066 53.558609798000077)","Unfall 127568 (2018) Kat:3, Licht: 0","127568","3","6","2","10","14","4","0","0","0","1","0","1"
"POINT (10.007183975000032 53.558559434000074)","Unfall 127569 (2018) Kat:2, Licht: 2","127569","2","6","2","10","06","3","0","2","0","1","0","1"
"POINT (9.982681298000045 53.585566275000076)","Unfall 127570 (2018) Kat:3, Licht: 0","127570","3","3","0","10","11","6","0","0","1","1","0","0"
"POINT (10.004442216000029 53.551611962000038)","Unfall 127571 (2018) Kat:3, Licht: 0","127571","3","4","6","10","16","3","0","0","1","0","1","0"
"POINT (9.935961168000063 53.544772993000038)","Unfall 127572 (2018) Kat:3, Licht: 0","127572","3","3","6","10","11","7","0","0","0","1","1","0"
"POINT (9.951243340000076 53.598435526000060)","Unfall 127573 (2018) Kat:3, Licht: 0","127573","3","1","8","10","08","1","0","0","0","1","0","0"
"POINT (9.928599578000046 53.554451510000035)","Unfall 127574 (2018) Kat:3, Licht: 0","127574","3","7","8","10","13","6","0","0","1","0","0","0"
"POINT (10.018175801000041 53.552586744000052)","Unfall 127575 (2018) Kat:2, Licht: 1","127575","2","2","4","10","18","4","0","1","1","1","0","0"
"POINT (9.881017985000028 53.591866432000074)","Unfall 127576 (2018) Kat:3, Licht: 0","127576","3","6","4","10","12","6","0","0","0","1","0","0"
"POINT (9.973032249000028 53.568732682000075)","Unfall 127577 (2018) Kat:3, Licht: 2","127577","3","7","0","10","19","6","0","2","0","1","0","0"
"POINT (9.966579587000069 53.549971076000077)","Unfall 127578 (2018) Kat:3, Licht: 0","127578","3","6","2","10","14","4","0","0","0","1","0","1"
"POINT (10.033697674000052 53.636697247000029)","Unfall 127579 (2018) Kat:3, Licht: 0","127579","3","3","5","10","07","2","1","0","1","1","0","0"
"POINT (9.942412594000075 53.546361220000051)","Unfall 127580 (2018) Kat:3, Licht: 2","127580","3","7","5","10","06","4","0","2","1","1","0","0"
"POINT (10.059516986000062 53.572788101000071)","Unfall 127581 (2018) Kat:3, Licht: 0","127581","3","6","1","10","13","6","0","0","0","1","0","0"
"POINT (9.923981642000058 53.520605120000027)","Unfall 127582 (2018) Kat:3, Licht: 0","127582","3","2","3","10","17","6","0","0","0","1","0","0"
"POINT (9.974603939000076 53.579656515000067)","Unfall 127583 (2018) Kat:2, Licht: 0","127583","2","6","3","10","16","4","0","0","0","1","0","0"
"POINT (10.149374206000061 53.620207103000041)","Unfall 127584 (2018) Kat:3, Licht: 0","127584","3","2","4","10","08","2","0","0","0","1","0","0"
"POINT (10.193211405000056 53.511802616000068)","Unfall 127585 (2018) Kat:3, Licht: 0","127585","3","4","6","10","07","2","0","0","0","1","1","0"
"POINT (10.098513781000065 53.541371790000028)","Unfall 127586 (2018) Kat:3, Licht: 0","127586","3","4","6","10","11","6","0","0","0","1","1","0"
"POINT (10.210342865000030 53.510256584000047)","Unfall 127587 (2018) Kat:3, Licht: 0","127587","3","6","2","10","11","7","0","0","0","1","0","0"
"POINT (9.921451667000042 53.515475858000059)","Unfall 127588 (2018) Kat:3, Licht: 0","127588","3","6","3","10","15","6","0","0","0","1","0","0"
"POINT (9.854540432000022 53.572379950000027)","Unfall 127589 (2018) Kat:3, Licht: 2","127589","3","7","6","10","07","5","0","2","0","1","1","0"
"POINT (10.011958403000051 53.547872560000030)","Unfall 127590 (2018) Kat:3, Licht: 0","127590","3","6","3","10","13","3","0","0","0","1","0","0"
"POINT (10.229278321000038 53.481230826000058)","Unfall 127591 (2018) Kat:3, Licht: 0","127591","3","7","1","10","11","5","0","0","0","1","0","1"
"POINT (9.956985525000050 53.456237362000081)","Unfall 127592 (2018) Kat:3, Licht: 0","127592","3","7","6","10","11","5","0","0","0","1","1","0"
"POINT (10.095632828000021 53.559639321000077)","Unfall 127593 (2018) Kat:3, Licht: 0","127593","3","2","3","10","14","3","1","0","1","0","0","0"
"POINT (9.975694470000065 53.578721784000038)","Unfall 127594 (2018) Kat:3, Licht: 0","127594","3","4","0","10","13","2","0","0","0","0","1","0"
"POINT (9.914370029000054 53.582879868000077)","Unfall 127595 (2018) Kat:3, Licht: 1","127595","3","6","2","10","06","2","0","1","0","1","0","0"
"POINT (9.981141166000043 53.421286799000029)","Unfall 127596 (2018) Kat:3, Licht: 0","127596","3","3","5","10","13","5","1","0","0","1","0","0"
"POINT (10.064662503000022 53.571393578000027)","Unfall 127597 (2018) Kat:3, Licht: 0","127597","3","3","5","10","15","2","0","0","0","1","0","0"
"POINT (10.019018191000043 53.522979074000034)","Unfall 127598 (2018) Kat:3, Licht: 1","127598","3","2","4","10","18","5","1","1","1","1","0","0"
"POINT (10.085147940000070 53.659453884000072)","Unfall 127599 (2018) Kat:3, Licht: 2","127599","3","6","2","10","19","7","0","2","0","1","0","0"
"POINT (10.201522604000047 53.419746772000053)","Unfall 127600 (2018) Kat:3, Licht: 0","127600","3","3","5","10","16","5","0","0","0","1","0","0"
"POINT (9.872627276000060 53.477007688000072)","Unfall 127601 (2018) Kat:3, Licht: 2","127601","3","2","3","10","21","4","0","2","0","1","0","0"
"POINT (9.855023460000041 53.472441580000066)","Unfall 127602 (2018) Kat:3, Licht: 2","127602","3","2","2","09","21","7","0","2","0","1","0","0"
"POINT (10.152450059000046 53.603986279000026)","Unfall 127603 (2018) Kat:3, Licht: 0","127603","3","6","4","10","14","3","0","0","1","0","0","0"
"POINT (10.050634535000029 53.556293917000062)","Unfall 127604 (2018) Kat:3, Licht: 0","127604","3","7","2","10","11","5","1","0","0","1","0","0"
"POINT (10.080724264000025 53.662529249000045)","Unfall 127605 (2018) Kat:3, Licht: 0","127605","3","7","0","10","16","3","1","0","1","0","0","0"
"POINT (9.987810786000068 53.453572778000080)","Unfall 127606 (2018) Kat:3, Licht: 0","127606","3","6","2","10","13","1","0","0","0","1","0","0"
"POINT (9.960959169000034 53.551364598000077)","Unfall 127607 (2018) Kat:3, Licht: 0","127607","3","6","3","10","16","2","0","0","1","1","0","0"
"POINT (10.129328832000056 53.587899942000035)","Unfall 127608 (2018) Kat:3, Licht: 2","127608","3","6","2","10","19","5","1","2","0","1","0","0"
"POINT (10.048291520000021 53.581615685000031)","Unfall 127609 (2018) Kat:3, Licht: 0","127609","3","3","5","10","15","5","0","0","0","1","0","0"
"POINT (9.992355748000023 53.481331556000043)","Unfall 127610 (2018) Kat:2, Licht: 1","127610","2","3","5","09","07","7","0","1","0","1","0","0"
"POINT (10.102238060000047 53.542032600000027)","Unfall 127611 (2018) Kat:3, Licht: 0","127611","3","6","2","10","16","6","0","0","0","1","0","0"
"POINT (10.039974896000047 53.604989282000076)","Unfall 127612 (2018) Kat:3, Licht: 2","127612","3","6","2","10","20","5","1","2","0","1","0","0"
"POINT (10.108789817000059 53.622403590000033)","Unfall 127613 (2018) Kat:2, Licht: 2","127613","2","1","9","10","23","4","0","2","0","1","0","0"
"POINT (9.962504393000074 53.568784465000078)","Unfall 127614 (2018) Kat:3, Licht: 0","127614","3","7","0","10","12","3","0","0","0","0","0","1"
"POINT (10.077336671000069 53.616927294000050)","Unfall 127615 (2018) Kat:2, Licht: 0","127615","2","2","3","10","11","5","1","0","1","1","0","0"
"POINT (10.084641438000062 53.567105344000026)","Unfall 127616 (2018) Kat:3, Licht: 0","127616","3","7","0","10","17","5","0","0","1","1","0","0"
"POINT (9.960137650000036 53.550348437000082)","Unfall 127617 (2018) Kat:3, Licht: 2","127617","3","4","6","10","03","7","0","2","0","1","1","0"
"POINT (10.005367811000042 53.648654878000059)","Unfall 127618 (2018) Kat:3, Licht: 2","127618","3","4","6","10","20","5","1","2","0","1","1","0"
"POINT (10.060080022000022 53.548545090000061)","Unfall 127619 (2018) Kat:3, Licht: 0","127619","3","6","2","10","10","4","0","0","0","1","0","0"
"POINT (9.924232889000052 53.591691115000060)","Unfall 127620 (2018) Kat:3, Licht: 0","127620","3","3","5","10","14","3","0","0","0","1","0","1"
"POINT (10.004504543000053 53.588012555000034)","Unfall 127621 (2018) Kat:2, Licht: 0","127621","2","7","1","10","13","5","1","0","0","1","0","0"
"POINT (9.878238183000065 53.562928369000076)","Unfall 127622 (2018) Kat:3, Licht: 0","127622","3","7","0","10","16","3","0","0","1","0","0","0"
"POINT (10.099703321000050 53.644058004000044)","Unfall 127623 (2018) Kat:3, Licht: 0","127623","3","6","2","10","17","1","0","0","0","1","0","0"
"POINT (10.072473381000066 53.579490600000042)","Unfall 127624 (2018) Kat:2, Licht: 2","127624","2","3","5","10","19","1","0","2","0","1","0","0"
"POINT (9.997777175000067 53.588191046000077)","Unfall 127625 (2018) Kat:3, Licht: 1","127625","3","3","5","10","06","5","0","1","1","1","0","0"
"POINT (9.858945353000024 53.548188794000055)","Unfall 127626 (2018) Kat:3, Licht: 0","127626","3","1","9","10","15","5","0","0","0","1","0","0"
"POINT (10.110932851000030 53.582190763000028)","Unfall 127627 (2018) Kat:3, Licht: 0","127627","3","6","3","10","07","6","0","0","1","0","0","0"
"POINT (9.851998034000076 53.584411649000060)","Unfall 127628 (2018) Kat:3, Licht: 0","127628","3","3","5","10","15","5","0","0","1","1","0","0"
"POINT (9.904914309000048 53.555610463000050)","Unfall 127629 (2018) Kat:3, Licht: 0","127629","3","6","2","10","14","4","0","0","0","1","0","0"
"POINT (10.115883146000044 53.557351160000053)","Unfall 127630 (2018) Kat:3, Licht: 2","127630","3","2","4","10","18","2","0","2","0","1","0","0"
"POINT (10.010831321000069 53.461237332000053)","Unfall 127631 (2018) Kat:2, Licht: 2","127631","2","1","8","10","23","2","0","2","0","1","0","0"
"POINT (9.930298052000069 53.509304176000057)","Unfall 127632 (2018) Kat:2, Licht: 0","127632","2","1","8","10","13","7","0","0","0","0","0","1"
"POINT (9.971661855000036 53.552721792000057)","Unfall 127633 (2018) Kat:3, Licht: 0","127633","3","4","6","10","16","1","0","0","1","0","1","0"
"POINT (9.994041034000077 53.572741158000042)","Unfall 127634 (2018) Kat:3, Licht: 0","127634","3","2","6","10","08","3","0","0","0","0","1","0"
"POINT (10.151103176000049 53.628283408000073)","Unfall 127635 (2018) Kat:2, Licht: 0","127635","2","3","5","10","13","7","0","0","0","1","0","0"
"POINT (10.058688809000046 53.570082432000049)","Unfall 127636 (2018) Kat:1, Licht: 2","127636","1","4","6","10","00","1","0","2","0","1","1","0"
"POINT (9.985859217000041 53.603987351000058)","Unfall 127637 (2018) Kat:3, Licht: 0","127637","3","6","2","10","14","5","1","0","0","1","0","1"
"POINT (9.997935919000042 53.578164846000050)","Unfall 127638 (2018) Kat:3, Licht: 0","127638","3","3","5","10","08","4","0","0","1","1","0","0"
"POINT (10.026435745000072 53.628491848000067)","Unfall 127639 (2018) Kat:3, Licht: 2","127639","3","6","3","10","05","6","0","2","0","1","0","1"
"POINT (9.973657297000045 53.572937390000050)","Unfall 127640 (2018) Kat:3, Licht: 2","127640","3","7","0","10","21","5","1","2","0","0","0","1"
"POINT (9.939450751000038 53.552060540000070)","Unfall 127641 (2018) Kat:3, Licht: 0","127641","3","6","2","10","14","4","0","0","1","1","0","0"
"POINT (10.090654053000037 53.575425083000027)","Unfall 127642 (2018) Kat:3, Licht: 0","127642","3","6","1","10","18","2","0","0","0","1","0","1"
"POINT (10.032372238000050 53.557458676000067)","Unfall 127643 (2018) Kat:3, Licht: 0","127643","3","6","1","10","10","2","0","0","0","1","0","0"
"POINT (10.057596131000025 53.554902462000030)","Unfall 127644 (2018) Kat:3, Licht: 0","127644","3","2","5","10","09","6","0","0","0","1","0","0"
"POINT (9.865399994000029 53.596980249000069)","Unfall 127645 (2018) Kat:3, Licht: 0","127645","3","3","5","10","17","5","0","0","0","1","0","0"
"POINT (10.156015918000037 53.614381730000048)","Unfall 127646 (2018) Kat:3, Licht: 0","127646","3","2","5","10","14","5","0","0","0","1","0","0"
"POINT (10.100429339000073 53.584678515000064)","Unfall 127647 (2018) Kat:3, Licht: 0","127647","3","2","0","10","16","7","0","0","1","1","0","0"
"POINT (9.985989149000034 53.572409436000044)","Unfall 127648 (2018) Kat:3, Licht: 0","127648","3","6","6","10","13","5","1","0","1","0","1","0"
"POINT (9.937018888000068 53.630128596000077)","Unfall 127649 (2018) Kat:3, Licht: 0","127649","3","5","1","10","10","5","0","0","1","1","0","0"
"POINT (10.106709780000074 53.572887752000042)","Unfall 127650 (2018) Kat:3, Licht: 0","127650","3","3","5","10","14","3","0","0","0","1","0","0"
"POINT (10.185970959000031 53.511417524000080)","Unfall 127651 (2018) Kat:3, Licht: 0","127651","3","6","2","10","08","5","0","0","0","1","0","0"
"POINT (9.981914430000074 53.557065045000058)","Unfall 127652 (2018) Kat:3, Licht: 2","127652","3","5","1","10","04","5","0","2","0","1","0","0"
"POINT (10.069823448000022 53.574611888000049)","Unfall 127653 (2018) Kat:3, Licht: 2","127653","3","1","0","10","00","4","1","2","0","1","0","0"
"POINT (10.018456865000076 53.614844747000063)","Unfall 127654 (2018) Kat:2, Licht: 0","127654","2","2","4","10","14","5","1","0","0","1","0","0"
"POINT (10.204820083000072 53.511017036000055)","Unfall 127655 (2018) Kat:2, Licht: 2","127655","2","4","9","10","04","3","0","2","0","1","1","0"
"POINT (9.973959102000038 53.611329734000037)","Unfall 127656 (2018) Kat:3, Licht: 0","127656","3","6","4","10","17","6","0","0","1","0","0","0"
"POINT (10.072257659000059 53.578004799000041)","Unfall 127657 (2018) Kat:3, Licht: 2","127657","3","6","1","10","01","4","1","2","0","1","0","0"
"POINT (10.303726930000039 53.440935939000042)","Unfall 127658 (2018) Kat:2, Licht: 0","127658","2","7","8","10","13","3","0","0","0","1","0","0"
"POINT (10.049070763000032 53.578658751000034)","Unfall 127659 (2018) Kat:3, Licht: 2","127659","3","6","2","10","19","2","0","2","0","1","0","0"
"POINT (9.994551381000065 53.596851444000038)","Unfall 127660 (2018) Kat:3, Licht: 0","127660","3","6","2","10","14","2","0","0","0","1","0","0"
"POINT (10.086349404000032 53.617954795000060)","Unfall 127661 (2018) Kat:3, Licht: 0","127661","3","7","1","10","10","4","1","0","0","1","0","1"
"POINT (9.913937769000029 53.634315063000031)","Unfall 127662 (2018) Kat:3, Licht: 2","127662","3","5","1","10","22","5","0","2","0","1","0","0"
"POINT (10.018600215000049 53.614880324000069)","Unfall 127663 (2018) Kat:3, Licht: 2","127663","3","6","1","10","05","7","0","2","0","1","0","0"
"POINT (10.009857194000062 53.583425143000056)","Unfall 127664 (2018) Kat:3, Licht: 2","127664","3","4","6","10","05","4","1","2","0","0","1","0"
"POINT (10.197290778000024 53.488914053000030)","Unfall 127665 (2018) Kat:3, Licht: 0","127665","3","4","6","10","16","4","0","0","0","1","1","0"
"POINT (10.181441410000048 53.483516341000040)","Unfall 127666 (2018) Kat:3, Licht: 0","127666","3","2","5","09","14","7","0","0","1","1","0","0"
"POINT (10.091892549000022 53.673478176000060)","Unfall 127667 (2018) Kat:3, Licht: 0","127667","3","3","5","10","09","3","0","0","1","1","0","0"
"POINT (9.818891839000060 53.560501495000040)","Unfall 127668 (2018) Kat:3, Licht: 0","127668","3","3","5","10","10","4","1","0","0","1","0","0"
"POINT (10.015789204000043 53.563260580000076)","Unfall 127669 (2018) Kat:3, Licht: 0","127669","3","6","4","10","09","3","0","0","1","0","0","0"
"POINT (10.178229638000062 53.476545949000069)","Unfall 127670 (2018) Kat:3, Licht: 0","127670","3","1","0","10","15","1","0","0","0","0","0","1"
"POINT (9.916792127000065 53.637721451000061)","Unfall 127671 (2018) Kat:3, Licht: 0","127671","3","5","1","10","16","5","0","0","0","1","0","0"
"POINT (10.050280258000043 53.540267703000040)","Unfall 127672 (2018) Kat:3, Licht: 0","127672","3","2","4","10","16","1","0","0","0","1","0","0"
"POINT (9.990971504000072 53.445307365000076)","Unfall 127673 (2018) Kat:3, Licht: 0","127673","3","3","5","10","11","3","1","0","0","1","0","0"
"POINT (10.099563818000036 53.587628735000067)","Unfall 127674 (2018) Kat:3, Licht: 0","127674","3","3","5","10","10","3","0","0","0","1","0","0"
"POINT (9.941548947000058 53.564563057000044)","Unfall 127675 (2018) Kat:3, Licht: 0","127675","3","3","5","10","08","2","0","0","0","1","0","1"
"POINT (9.927840339000056 53.555952721000040)","Unfall 127676 (2018) Kat:3, Licht: 0","127676","3","2","4","10","14","2","0","0","0","1","0","1"
"POINT (9.999008664000030 53.463522146000059)","Unfall 127677 (2018) Kat:3, Licht: 1","127677","3","2","1","10","07","3","0","1","0","1","0","0"
"POINT (9.954637148000074 53.622587173000056)","Unfall 127678 (2018) Kat:3, Licht: 0","127678","3","2","4","10","09","5","0","0","0","1","0","0"
"POINT (9.884631069000022 53.478361633000077)","Unfall 127679 (2018) Kat:3, Licht: 2","127679","3","3","5","10","20","6","0","2","0","1","0","0"
"POINT (10.021743556000047 53.530080331000079)","Unfall 127680 (2018) Kat:3, Licht: 0","127680","3","6","2","10","14","3","1","0","0","1","0","0"
"POINT (10.159037358000035 53.603043266000043)","Unfall 127681 (2018) Kat:3, Licht: 0","127681","3","6","6","10","14","4","0","0","1","0","1","0"
"POINT (9.906937987000049 53.591752123000049)","Unfall 127682 (2018) Kat:3, Licht: 0","127682","3","2","0","10","07","3","0","0","0","0","0","0"
"POINT (10.144687501000021 53.545179890000043)","Unfall 127683 (2018) Kat:3, Licht: 0","127683","3","2","4","10","08","3","1","0","0","1","0","0"
"POINT (9.989051241000027 53.593678164000039)","Unfall 127684 (2018) Kat:3, Licht: 2","127684","3","1","9","10","00","3","0","2","0","1","0","0"
"POINT (9.990261464000071 53.543145562000063)","Unfall 127685 (2018) Kat:3, Licht: 0","127685","3","7","3","10","16","1","0","0","0","1","0","0"
"POINT (9.978166148000071 53.586557770000070)","Unfall 127686 (2018) Kat:3, Licht: 0","127686","3","3","5","10","15","5","0","0","0","1","0","1"
"POINT (10.037158815000055 53.610819236000054)","Unfall 127687 (2018) Kat:3, Licht: 2","127687","3","6","2","10","18","1","0","2","0","1","0","0"
"POINT (10.037043009000058 53.558703408000042)","Unfall 127688 (2018) Kat:3, Licht: 0","127688","3","6","2","10","17","3","1","0","0","1","0","0"
"POINT (9.925796357000024 53.546456063000051)","Unfall 127689 (2018) Kat:3, Licht: 2","127689","3","6","2","10","19","5","0","2","0","1","0","0"
"POINT (10.065186545000074 53.578852146000031)","Unfall 127690 (2018) Kat:3, Licht: 2","127690","3","6","2","10","19","6","0","2","1","1","0","0"
"POINT (10.120414206000021 53.606073564000042)","Unfall 127691 (2018) Kat:3, Licht: 0","127691","3","6","2","10","08","3","1","0","0","1","0","0"
"POINT (9.972224709000045 53.587512676000074)","Unfall 127692 (2018) Kat:3, Licht: 0","127692","3","4","6","10","07","4","0","0","0","1","1","0"
"POINT (10.063934933000041 53.554136306000032)","Unfall 127693 (2018) Kat:3, Licht: 0","127693","3","6","2","10","15","6","0","0","0","1","0","0"
"POINT (10.076641583000026 53.566526304000035)","Unfall 127694 (2018) Kat:3, Licht: 0","127694","3","6","3","10","07","3","1","0","0","1","0","0"
"POINT (10.013098844000069 53.640044324000030)","Unfall 127695 (2018) Kat:3, Licht: 2","127695","3","6","4","10","06","4","0","2","1","0","0","0"
"POINT (10.005978454000058 53.549328029000037)","Unfall 127696 (2018) Kat:3, Licht: 2","127696","3","1","8","10","20","3","0","2","0","1","0","0"
"POINT (10.072303274000035 53.578303573000028)","Unfall 127697 (2018) Kat:3, Licht: 2","127697","3","1","9","10","02","3","0","2","0","1","0","0"
"POINT (9.958144795000067 53.549576379000030)","Unfall 127698 (2018) Kat:3, Licht: 2","127698","3","6","2","10","05","3","0","2","1","1","0","0"
"POINT (10.052110481000057 53.650032131000046)","Unfall 127699 (2018) Kat:3, Licht: 0","127699","3","6","3","10","15","7","0","0","1","0","0","0"
"POINT (9.920699524000042 53.558721506000040)","Unfall 127700 (2018) Kat:3, Licht: 0","127700","3","3","5","10","08","5","0","0","1","1","0","0"
"POINT (9.876994812000021 53.600683430000061)","Unfall 127701 (2018) Kat:3, Licht: 0","127701","3","3","5","10","14","1","0","0","0","1","0","0"
"POINT (10.079028570000048 53.662997436000069)","Unfall 127702 (2018) Kat:3, Licht: 0","127702","3","6","2","10","14","3","1","0","0","1","0","0"
"POINT (9.986890397000025 53.558057381000026)","Unfall 127703 (2018) Kat:3, Licht: 0","127703","3","7","6","10","17","4","0","0","1","0","1","0"
"POINT (10.026813195000045 53.570151035000038)","Unfall 127704 (2018) Kat:3, Licht: 0","127704","3","2","6","10","17","6","0","0","0","1","1","0"
"POINT (10.019253247000051 53.600520554000070)","Unfall 127705 (2018) Kat:3, Licht: 1","127705","3","6","2","10","07","3","1","1","0","1","0","0"
"POINT (9.980956922000075 53.569059765000077)","Unfall 127706 (2018) Kat:3, Licht: 0","127706","3","6","2","10","13","4","0","0","1","1","0","0"
"POINT (10.033912976000067 53.636804836000067)","Unfall 127707 (2018) Kat:3, Licht: 0","127707","3","6","2","10","18","2","0","0","0","1","0","0"
"POINT (10.149535097000069 53.620253326000068)","Unfall 127708 (2018) Kat:2, Licht: 2","127708","2","2","6","10","04","2","0","2","0","1","1","0"
"POINT (10.012985118000074 53.599801539000055)","Unfall 127709 (2018) Kat:3, Licht: 0","127709","3","1","0","10","17","3","1","0","0","0","0","1"
"POINT (10.051396482000030 53.557541840000056)","Unfall 127710 (2018) Kat:3, Licht: 0","127710","3","7","0","10","11","2","0","0","0","1","0","0"
"POINT (10.166534510000076 53.514194686000053)","Unfall 127711 (2018) Kat:3, Licht: 0","127711","3","3","5","10","17","2","0","0","1","1","0","0"
"POINT (10.089535628000021 53.511264454000070)","Unfall 127712 (2018) Kat:3, Licht: 0","127712","3","2","3","10","17","6","0","0","0","1","0","0"
"POINT (10.207574760000057 53.491738492000081)","Unfall 127713 (2018) Kat:3, Licht: 0","127713","3","2","0","10","14","4","0","0","1","0","0","0"
"POINT (10.189060783000059 53.408594821000065)","Unfall 127714 (2018) Kat:3, Licht: 2","127714","3","5","1","10","23","7","0","2","0","0","0","0"
"POINT (10.032047615000067 53.566491729000063)","Unfall 127715 (2018) Kat:3, Licht: 0","127715","3","3","6","10","14","3","1","0","0","0","1","0"
"POINT (10.055930853000064 53.591460223000070)","Unfall 127716 (2018) Kat:2, Licht: 2","127716","2","3","5","10","20","5","0","2","0","1","0","1"
"POINT (10.071880311000029 53.536153124000066)","Unfall 127717 (2018) Kat:3, Licht: 0","127717","3","7","4","10","15","3","0","0","0","1","0","0"