WKT,Name,OBJECTID,UKATEGORIE,UTYP1,UART,UMONAT,USTUNDE,UWOCHENTAG,STRZUSTAND,ULICHTVERH,ISTRAD,ISTPKW,ISTFUSS,ISTKRAD
"POINT (9.976940238000054 53.557446440000035)","Unfall 127718 (2018) Kat:3, Licht: 0","127718","3","2","2","10","07","6","0","0","0","1","0","0"
"POINT (9.899889047000045 53.610846792000075)","Unfall 127719 (2018) Kat:3, Licht: 0","127719","3","7","0","10","14","3","1","0","0","1","0","0"
"POINT (10.130976342000054 53.529610985000033)","Unfall 127720 (2018) Kat:3, Licht: 1","127720","3","7","0","10","18","3","0","1","0","0","0","1"
"POINT (9.951809815000047 53.598829054000078)","Unfall 127721 (2018) Kat:3, Licht: 2","127721","3","6","2","10","18","2","0","2","0","1","0","0"
"POINT (9.873690293000038 53.590762420000033)","Unfall 127722 (2018) Kat:3, Licht: 0","127722","3","2","4","10","14","2","0","0","1","1","0","0"
"POINT (9.866716161000056 53.581731380000065)","Unfall 127723 (2018) Kat:3, Licht: 0","127723","3","6","2","10","17","3","1","0","0","1","0","0"
"POINT (10.110387022000054 53.434713584000065)","Unfall 127724 (2018) Kat:3, Licht: 0","127724","3","7","0","10","14","4","0","0","1","0","0","0"
"POINT (9.954211716000032 53.545632882000064)","Unfall 127725 (2018) Kat:2, Licht: 2","127725","2","1","9","10","02","7","0","2","0","1","0","0"
"POINT (9.948700130000077 53.562214183000037)","Unfall 127726 (2018) Kat:3, Licht: 0","127726","3","6","1","10","11","3","1","0","0","1","0","0"
"POINT (10.039267996000035 53.559380825000062)","Unfall 127727 (2018) Kat:3, Licht: 0","127727","3","1","8","10","17","4","0","0","0","0","0","1"
"POINT (10.037017655000056 53.565349974000071)","Unfall 127728 (2018) Kat:2, Licht: 0","127728","2","6","2","10","15","3","0","0","0","1","0","0"
"POINT (10.021249308000051 53.550596559000041)","Unfall 127729 (2018) Kat:3, Licht: 1","127729","3","6","2","10","19","4","0","1","0","1","0","0"
"POINT (10.069750119000048 53.579491463000068)","Unfall 127730 (2018) Kat:3, Licht: 2","127730","3","2","4","10","20","7","0","2","0","1","0","0"
"POINT (9.989874558000054 53.561473449000061)","Unfall 127731 (2018) Kat:3, Licht: 2","127731","3","3","5","10","21","3","1","2","0","1","0","0"
"POINT (9.927201704000026 53.518480977000081)","Unfall 127732 (2018) Kat:3, Licht: 2","127732","3","6","3","10","18","5","0","2","0","1","0","0"
"POINT (10.133563045000074 53.600704903000064)","Unfall 127733 (2018) Kat:3, Licht: 0","127733","3","3","5","10","14","3","0","0","1","1","0","0"
"POINT (9.971099602000038 53.552101532000052)","Unfall 127734 (2018) Kat:2, Licht: 0","127734","2","4","6","10","18","3","1","0","0","0","1","1"
"POINT (10.131937988000061 53.673472925000056)","Unfall 127735 (2018) Kat:3, Licht: 0","127735","3","6","2","10","07","3","0","0","0","1","0","0"
"POINT (9.985280627000066 53.452035530000046)","Unfall 127736 (2018) Kat:3, Licht: 0","127736","3","3","5","10","12","1","0","0","0","1","0","0"
"POINT (10.160261924000054 53.625508369000045)","Unfall 127737 (2018) Kat:3, Licht: 0","127737","3","2","4","10","16","4","0","0","1","1","0","0"
"POINT (9.973941764000074 53.569165287000033)","Unfall 127738 (2018) Kat:3, Licht: 0","127738","3","7","0","10","14","2","0","0","0","0","0","1"
"POINT (10.005442141000060 53.550132853000036)","Unfall 127739 (2018) Kat:3, Licht: 0","127739","3","6","2","10","14","3","1","0","0","1","0","0"
"POINT (10.126660420000064 53.582103578000044)","Unfall 127740 (2018) Kat:2, Licht: 2","127740","2","2","4","10","05","4","0","2","0","1","0","1"
"POINT (10.068671451000057 53.601199333000068)","Unfall 127741 (2018) Kat:3, Licht: 0","127741","3","2","4","10","11","5","0","0","0","1","0","0"
"POINT (10.098317987000030 53.518458519000035)","Unfall 127742 (2018) Kat:3, Licht: 2","127742","3","3","5","10","06","6","0","2","0","0","0","0"
"POINT (9.985520764000057 53.558086887000059)","Unfall 127743 (2018) Kat:3, Licht: 0","127743","3","6","3","10","12","3","1","0","0","1","0","0"
"POINT (10.087228175000064 53.586581152000065)","Unfall 127744 (2018) Kat:3, Licht: 0","127744","3","6","3","10","17","4","0","0","1","0","0","0"
"POINT (9.974591225000040 53.598151249000068)","Unfall 127745 (2018) Kat:3, Licht: 0","127745","3","3","6","10","15","3","0","0","1","0","1","0"
"POINT (9.980527409000047 53.461859519000029)","Unfall 127746 (2018) Kat:3, Licht: 0","127746","3","4","6","10","16","2","1","0","0","1","1","0"
"POINT (9.994623814000022 53.558865140000080)","Unfall 127747 (2018) Kat:3, Licht: 0","127747","3","3","5","10","08","3","0","0","1","1","0","0"
"POINT (10.108692857000051 53.599141643000053)","Unfall 127748 (2018) Kat:3, Licht: 0","127748","3","3","5","10","17","7","1","0","1","1","0","0"
"POINT (10.154630878000034 53.639370772000063)","Unfall 127749 (2018) Kat:2, Licht: 0","127749","2","7","2","10","14","4","0","0","0","1","0","0"
"POINT (10.211725458000046 53.504112949000046)","Unfall 127750 (2018) Kat:3, Licht: 0","127750","3","6","2","10","14","2","1","0","0","1","0","0"
"POINT (9.879699967000022 53.590967829000078)","Unfall 127751 (2018) Kat:3, Licht: 0","127751","3","3","5","10","15","3","0","0","0","1","0","0"
"POINT (10.130378618000066 53.529825053000081)","Unfall 127752 (2018) Kat:3, Licht: 2","127752","3","3","5","10","06","1","1","2","0","1","0","1"
"POINT (10.026017284000034 53.622148690000074)","Unfall 127753 (2018) Kat:3, Licht: 0","127753","3","6","4","10","12","4","0","0","1","0","0","0"
"POINT (10.105427914000074 53.570798688000082)","Unfall 127754 (2018) Kat:3, Licht: 0","127754","3","7","3","10","17","1","0","0","0","1","0","1"
"POINT (10.207446351000044 53.479991593000079)","Unfall 127755 (2018) Kat:3, Licht: 0","127755","3","3","5","10","16","2","0","0","0","1","0","0"
"POINT (10.008794295000030 53.648205115000053)","Unfall 127756 (2018) Kat:2, Licht: 0","127756","2","7","5","10","08","4","0","0","0","1","0","0"
"POINT (10.123526195000068 53.627179446000071)","Unfall 127757 (2018) Kat:3, Licht: 0","127757","3","6","3","10","09","6","0","0","0","1","0","0"
"POINT (10.098649224000042 53.536000485000045)","Unfall 127758 (2018) Kat:3, Licht: 0","127758","3","3","5","10","09","2","0","0","0","1","0","0"
"POINT (10.040002989000072 53.579805879000048)","Unfall 127759 (2018) Kat:3, Licht: 0","127759","3","6","6","10","17","4","0","0","1","0","1","0"
"POINT (10.205926226000031 53.476394794000043)","Unfall 127760 (2018) Kat:3, Licht: 0","127760","3","1","8","10","09","2","0","0","0","1","0","0"
"POINT (10.098700955000027 53.536944461000076)","Unfall 127761 (2018) Kat:3, Licht: 0","127761","3","6","2","10","14","5","0","0","0","1","0","0"
"POINT (9.997007159000077 53.548819491000074)","Unfall 127762 (2018) Kat:3, Licht: 0","127762","3","2","4","10","08","3","0","0","1","1","0","0"
"POINT (9.974979307000069 53.565386600000068)","Unfall 127763 (2018) Kat:3, Licht: 0","127763","3","3","5","10","10","7","0","0","1","1","0","0"
"POINT (9.996419098000047 53.593552814000077)","Unfall 127764 (2018) Kat:3, Licht: 0","127764","3","6","3","10","13","4","0","0","0","1","0","0"
"POINT (9.951155077000067 53.582436087000076)","Unfall 127765 (2018) Kat:2, Licht: 2","127765","2","4","6","10","04","1","0","2","0","1","1","0"
"POINT (10.071059003000073 53.527236703000028)","Unfall 127766 (2018) Kat:3, Licht: 0","127766","3","1","8","10","13","2","0","0","0","0","0","1"
"POINT (9.900080585000069 53.610801848000051)","Unfall 127767 (2018) Kat:3, Licht: 1","127767","3","3","5","10","18","4","0","1","1","1","0","0"
"POINT (10.021280796000042 53.584138586000051)","Unfall 127768 (2018) Kat:3, Licht: 2","127768","3","5","1","10","00","5","0","2","1","1","0","0"
"POINT (10.210327534000044 53.486597167000070)","Unfall 127769 (2018) Kat:3, Licht: 0","127769","3","3","2","10","17","3","0","0","0","1","0","0"
"POINT (9.905646504000060 53.566707499000074)","Unfall 127770 (2018) Kat:3, Licht: 0","127770","3","3","5","10","11","6","0","0","1","1","0","0"
"POINT (10.128812402000051 53.697080610000057)","Unfall 127771 (2018) Kat:3, Licht: 2","127771","3","1","8","10","02","1","0","2","0","1","0","0"
"POINT (10.072599938000053 53.521601048000036)","Unfall 127772 (2018) Kat:2, Licht: 0","127772","2","6","2","10","08","2","0","0","0","1","0","0"
"POINT (9.894305411000062 53.603812937000043)","Unfall 127773 (2018) Kat:3, Licht: 0","127773","3","6","0","10","13","4","0","0","0","1","0","0"
"POINT (9.985435509000070 53.572603341000047)","Unfall 127774 (2018) Kat:3, Licht: 1","127774","3","2","4","10","18","4","0","1","1","1","0","0"
"POINT (10.060901947000048 53.570404302000043)","Unfall 127775 (2018) Kat:3, Licht: 0","127775","3","3","5","10","13","6","0","0","1","1","0","0"
"POINT (10.054483506000054 53.559467690000076)","Unfall 127776 (2018) Kat:3, Licht: 0","127776","3","5","3","10","12","2","0","0","0","1","0","0"
"POINT (9.934900301000027 53.569158224000034)","Unfall 127777 (2018) Kat:3, Licht: 0","127777","3","6","6","10","16","4","0","0","1","0","1","0"
"POINT (10.058707699000024 53.576137662000065)","Unfall 127778 (2018) Kat:3, Licht: 0","127778","3","2","5","10","18","2","0","0","1","1","0","0"
"POINT (10.183470716000045 53.511729906000028)","Unfall 127779 (2018) Kat:3, Licht: 2","127779","3","3","5","10","07","2","0","2","0","1","0","0"
"POINT (10.014700115000039 53.545803707000061)","Unfall 127780 (2018) Kat:3, Licht: 0","127780","3","6","3","10","17","6","0","0","0","1","0","0"
"POINT (9.901496354000074 53.564799215000050)","Unfall 127781 (2018) Kat:3, Licht: 2","127781","3","2","4","10","19","4","0","2","1","1","0","0"
"POINT (10.040523193000070 53.547993296000072)","Unfall 127782 (2018) Kat:3, Licht: 2","127782","3","2","3","10","18","7","0","2","0","1","0","1"
"POINT (10.067068666000068 53.563026045000072)","Unfall 127783 (2018) Kat:3, Licht: 1","127783","3","2","4","10","18","2","1","1","1","1","0","0"
"POINT (9.904996324000024 53.632036576000075)","Unfall 127784 (2018) Kat:2, Licht: 0","127784","2","4","6","10","17","5","0","0","0","1","1","0"
"POINT (10.123944788000074 53.613284792000059)","Unfall 127785 (2018) Kat:3, Licht: 0","127785","3","4","6","10","11","3","0","0","0","0","1","0"
"POINT (10.209052225000050 53.483217262000039)","Unfall 127786 (2018) Kat:3, Licht: 0","127786","3","6","2","10","08","5","0","0","0","1","0","0"
"POINT (10.060201011000061 53.579662288000065)","Unfall 127787 (2018) Kat:3, Licht: 0","127787","3","3","5","10","17","2","1","0","0","1","0","0"
"POINT (10.140171078000037 53.624529706000033)","Unfall 127788 (2018) Kat:3, Licht: 0","127788","3","2","4","10","11","3","0","0","1","1","0","0"
"POINT (9.989149505000057 53.597493368000073)","Unfall 127789 (2018) Kat:3, Licht: 0","127789","3","7","0","10","08","2","0","0","0","0","0","0"
"POINT (10.122173394000072 53.651065269000071)","Unfall 127790 (2018) Kat:3, Licht: 0","127790","3","3","5","10","17","2","1","0","1","1","0","0"
"POINT (9.999387718000037 53.546935821000034)","Unfall 127791 (2018) Kat:3, Licht: 1","127791","3","3","5","10","07","4","0","1","0","1","0","1"
"POINT (9.993938544000059 53.599229943000068)","Unfall 127792 (2018) Kat:3, Licht: 0","127792","3","2","4","10","12","2","0","0","0","1","0","0"
"POINT (10.023119442000052 53.584535998000035)","Unfall 127793 (2018) Kat:3, Licht: 0","127793","3","2","3","10","16","2","0","0","1","1","0","0"
"POINT (10.032987708000064 53.590560913000047)","Unfall 127794 (2018) Kat:3, Licht: 1","127794","3","6","2","10","19","2","1","1","0","1","0","0"
"POINT (9.917587739000055 53.635203651000040)","Unfall 127795 (2018) Kat:2, Licht: 0","127795","2","3","5","10","11","4","0","0","1","1","0","0"
"POINT (10.026362874000029 53.626315604000069)","Unfall 127796 (2018) Kat:3, Licht: 0","127796","3","6","2","10","13","7","0","0","0","1","0","0"
"POINT (10.026178465000044 53.600333578000061)","Unfall 127797 (2018) Kat:3, Licht: 0","127797","3","6","2","10","06","2","0","0","0","1","0","0"
"POINT (9.986392611000042 53.458236921000037)","Unfall 127798 (2018) Kat:3, Licht: 0","127798","3","6","4","10","13","4","0","0","1","1","0","0"
"POINT (10.091348469000025 53.544089823000036)","Unfall 127799 (2018) Kat:3, Licht: 0","127799","3","6","2","09","15","7","0","0","0","1","0","0"
"POINT (10.093632708000030 53.656336922000037)","Unfall 127800 (2018) Kat:3, Licht: 2","127800","3","2","3","10","18","3","0","2","1","1","0","0"
"POINT (10.041856990000042 53.584697045000041)","Unfall 127801 (2018) Kat:3, Licht: 0","127801","3","2","4","10","18","2","1","0","1","1","0","0"
"POINT (9.996070604000067 53.583902063000039)","Unfall 127802 (2018) Kat:3, Licht: 0","127802","3","6","2","10","16","3","0","0","0","1","0","0"
"POINT (10.189520387000073 53.504447596000034)","Unfall 127803 (2018) Kat:3, Licht: 0","127803","3","7","1","10","08","1","0","0","0","1","0","0"
"POINT (9.987898494000035 53.592133902000057)","Unfall 127804 (2018) Kat:3, Licht: 0","127804","3","6","3","10","08","4","0","0","1","1","0","0"
"POINT (10.007079195000074 53.540550721000045)","Unfall 127805 (2018) Kat:3, Licht: 0","127805","3","3","5","10","16","2","0","0","0","1","0","1"
"POINT (9.913695814000050 53.561050743000067)","Unfall 127806 (2018) Kat:3, Licht: 0","127806","3","6","4","10","16","2","1","0","1","1","0","0"
"POINT (9.973270672000069 53.598393638000061)","Unfall 127807 (2018) Kat:3, Licht: 0","127807","3","2","3","10","07","4","0","0","1","0","0","0"
"POINT (10.111249732000033 53.531053027000041)","Unfall 127808 (2018) Kat:3, Licht: 0","127808","3","3","3","10","15","6","0","0","0","1","0","0"
"POINT (9.909960396000031 53.557316507000053)","Unfall 127809 (2018) Kat:3, Licht: 0","127809","3","2","3","10","07","2","1","0","0","1","0","1"
"POINT (9.960626885000067 53.568169730000079)","Unfall 127810 (2018) Kat:3, Licht: 0","127810","3","5","1","10","17","2","0","0","1","1","0","0"
"POINT (9.883411174000059 53.581375667000032)","Unfall 127811 (2018) Kat:3, Licht: 2","127811","3","6","3","10","00","2","0","2","0","1","0","0"
"POINT (10.012996407000060 53.552440861000036)","Unfall 127812 (2018) Kat:3, Licht: 2","127812","3","2","2","10","21","7","0","2","0","1","0","0"
"POINT (9.921874674000037 53.638038697000070)","Unfall 127813 (2018) Kat:3, Licht: 0","127813","3","6","2","10","17","2","1","0","0","1","0","0"
"POINT (10.114969040000062 53.571024799000043)","Unfall 127814 (2018) Kat:2, Licht: 0","127814","2","4","6","10","16","4","0","0","0","0","1","0"
"POINT (9.823155976000066 53.576863144000072)","Unfall 127815 (2018) Kat:3, Licht: 0","127815","3","6","2","10","14","3","0","0","0","1","0","0"
"POINT (9.968525834000047 53.581570929000065)","Unfall 127816 (2018) Kat:3, Licht: 0","127816","3","5","1","10","13","2","1","0","1","1","0","0"
"POINT (9.969567953000023 53.638748141000065)","Unfall 127817 (2018) Kat:2, Licht: 0","127817","2","6","1","10","08","3","0","0","0","1","0","1"
"POINT (10.049470420000034 53.638122285000065)","Unfall 127818 (2018) Kat:3, Licht: 0","127818","3","7","8","10","13","1","0","0","0","1","0","0"
"POINT (10.089397808000058 53.581235052000068)","Unfall 127819 (2018) Kat:2, Licht: 2","127819","2","1","1","10","03","1","0","2","0","1","0","0"
"POINT (9.950196887000061 53.544843528000058)","Unfall 127820 (2018) Kat:3, Licht: 0","127820","3","2","0","10","11","2","0","0","1","1","0","0"
"POINT (10.073981531000072 53.574341928000081)","Unfall 127821 (2018) Kat:3, Licht: 2","127821","3","7","2","10","22","6","0","2","0","0","0","1"
"POINT (9.953706270000055 53.553686233000064)","Unfall 127822 (2018) Kat:3, Licht: 2","127822","3","6","2","10","20","2","1","2","0","1","0","0"
"POINT (9.985525376000055 53.588088043000027)","Unfall 127823 (2018) Kat:3, Licht: 0","127823","3","7","0","10","16","4","0","0","1","0","1","0"
"POINT (10.042957440000066 53.549282811000069)","Unfall 127824 (2018) Kat:3, Licht: 0","127824","3","6","2","10","11","2","0","0","0","0","0","0"
"POINT (10.018318172000022 53.479587193000043)","Unfall 127825 (2018) Kat:3, Licht: 0","127825","3","3","5","10","08","2","0","0","1","0","0","0"
"POINT (10.096799094000062 53.638533473000052)","Unfall 127826 (2018) Kat:3, Licht: 2","127826","3","6","3","10","19","4","0","2","0","1","0","0"
"POINT (9.952357627000026 53.549588738000068)","Unfall 127827 (2018) Kat:3, Licht: 0","127827","3","2","3","10","18","3","0","0","1","1","0","0"
"POINT (9.917846542000063 53.554019217000075)","Unfall 127828 (2018) Kat:3, Licht: 0","127828","3","6","2","10","07","2","0","0","0","1","0","0"
"POINT (9.956484890000070 53.562017368000056)","Unfall 127829 (2018) Kat:3, Licht: 0","127829","3","2","4","10","14","3","0","0","1","0","0","0"
"POINT (10.110000878000051 53.581939953000074)","Unfall 127830 (2018) Kat:3, Licht: 2","127830","3","6","2","10","19","7","0","2","0","1","0","0"
"POINT (9.854394963000061 53.598282429000051)","Unfall 127831 (2018) Kat:3, Licht: 2","127831","3","6","2","10","19","1","0","2","0","1","0","0"
"POINT (9.997611920000054 53.550695429000029)","Unfall 127832 (2018) Kat:3, Licht: 1","127832","3","3","0","10","17","2","1","1","0","0","0","1"
"POINT (9.970265175000066 53.557279966000067)","Unfall 127833 (2018) Kat:3, Licht: 0","127833","3","7","3","10","17","4","0","0","0","1","0","1"
"POINT (10.043823875000044 53.597554011000057)","Unfall 127834 (2018) Kat:3, Licht: 0","127834","3","6","2","10","14","6","0","0","0","1","0","0"
"POINT (9.864737282000021 53.533977563000064)","Unfall 127835 (2018) Kat:3, Licht: 0","127835","3","6","2","09","13","1","0","0","0","1","0","0"
"POINT (9.941590486000052 53.551873897000064)","Unfall 127836 (2018) Kat:3, Licht: 0","127836","3","6","2","10","14","4","0","0","0","0","0","1"
"POINT (10.125302244000068 53.668805833000079)","Unfall 127837 (2018) Kat:3, Licht: 0","127837","3","3","5","10","15","2","0","0","1","1","0","0"
"POINT (10.124776635000046 53.571211605000030)","Unfall 127838 (2018) Kat:3, Licht: 0","127838","3","6","1","10","14","2","0","0","0","1","0","0"
"POINT (9.781559909000066 53.537790631000064)","Unfall 127839 (2018) Kat:3, Licht: 0","127839","3","6","2","09","10","1","0","0","0","1","0","1"
"POINT (10.151190606000057 53.608959339000080)","Unfall 127840 (2018) Kat:3, Licht: 0","127840","3","6","1","10","11","5","0","0","0","1","0","0"
"POINT (10.180456535000076 53.606830846000037)","Unfall 127841 (2018) Kat:3, Licht: 1","127841","3","4","6","10","20","7","0","1","0","0","0","0"
"POINT (10.124020116000054 53.671262140000067)","Unfall 127842 (2018) Kat:3, Licht: 0","127842","3","3","5","09","09","1","0","0","0","1","0","0"
"POINT (10.019489399000065 53.434793091000074)","Unfall 127843 (2018) Kat:3, Licht: 2","127843","3","7","0","10","05","6","0","2","1","0","0","0"
"POINT (9.990661660000058 53.557914254000082)","Unfall 127844 (2018) Kat:3, Licht: 2","127844","3","5","1","10","04","1","0","2","1","1","0","0"
"POINT (10.006339471000047 53.585928575000082)","Unfall 127845 (2018) Kat:3, Licht: 0","127845","3","1","0","09","10","1","0","0","1","0","0","0"
"POINT (10.034274820000064 53.578832665000050)","Unfall 127846 (2018) Kat:3, Licht: 0","127846","3","4","6","10","13","5","1","0","1","0","1","0"
"POINT (10.090889192000077 53.553351554000074)","Unfall 127847 (2018) Kat:3, Licht: 0","127847","3","7","4","10","15","3","0","0","0","1","0","0"
"POINT (9.989924480000070 53.561942908000049)","Unfall 127848 (2018) Kat:3, Licht: 0","127848","3","3","5","10","08","6","0","0","1","1","0","0"
"POINT (10.050123623000047 53.568368489000079)","Unfall 127849 (2018) Kat:3, Licht: 2","127849","3","5","3","09","00","1","0","2","0","1","0","0"
"POINT (10.121991774000037 53.564210965000029)","Unfall 127850 (2018) Kat:3, Licht: 0","127850","3","6","2","10","11","3","0","0","0","1","0","0"
"POINT (10.036555232000069 53.574535039000068)","Unfall 127851 (2018) Kat:3, Licht: 0","127851","3","3","5","10","08","2","0","0","1","1","0","0"
"POINT (9.823146124000061 53.576533614000027)","Unfall 127852 (2018) Kat:3, Licht: 0","127852","3","2","4","10","15","2","0","0","1","0","0","0"
"POINT (9.909719408000058 53.602185020000036)","Unfall 127853 (2018) Kat:3, Licht: 0","127853","3","2","4","09","12","1","0","0","0","1","0","0"
"POINT (9.925007130000040 53.544676186000061)","Unfall 127854 (2018) Kat:3, Licht: 1","127854","3","4","6","10","19","7","0","1","0","1","1","0"
"POINT (9.906847963000075 53.567306794000046)","Unfall 127855 (2018) Kat:3, Licht: 0","127855","3","4","2","09","16","1","0","0","0","1","1","0"
"POINT (10.162217182000063 53.507074104000026)","Unfall 127856 (2018) Kat:3, Licht: 0","127856","3","1","5","10","14","4","0","0","0","1","0","0"
"POINT (10.130158625000035 53.545719670000040)","Unfall 127857 (2018) Kat:3, Licht: 0","127857","3","6","4","09","15","7","0","0","0","1","0","0"
"POINT (10.105853809000052 53.653472477000037)","Unfall 127858 (2018) Kat:3, Licht: 0","127858","3","3","5","10","14","3","0","0","0","1","0","1"
"POINT (9.911715024000046 53.563729264000074)","Unfall 127859 (2018) Kat:3, Licht: 0","127859","3","3","5","10","16","3","0","0","1","1","0","0"
"POINT (10.168203965000032 53.400588196000058)","Unfall 127860 (2018) Kat:2, Licht: 0","127860","2","4","6","10","17","1","0","0","0","1","1","0"
"POINT (10.159919813000045 53.610982562000061)","Unfall 127861 (2018) Kat:3, Licht: 0","127861","3","3","5","10","12","5","1","0","1","1","0","0"
"POINT (10.140723075000039 53.590585091000037)","Unfall 127862 (2018) Kat:2, Licht: 0","127862","2","4","6","10","16","5","1","0","0","1","1","0"
"POINT (10.126803655000060 53.642516012000044)","Unfall 127863 (2018) Kat:3, Licht: 0","127863","3","3","5","10","07","3","1","0","0","1","0","1"
"POINT (10.062137391000022 53.569090294000034)","Unfall 127864 (2018) Kat:3, Licht: 0","127864","3","4","6","10","08","5","1","0","0","1","1","0"
"POINT (10.106826669000043 53.581108590000042)","Unfall 127865 (2018) Kat:3, Licht: 0","127865","3","6","2","11","11","3","1","0","0","1","0","0"
"POINT (9.940995714000053 53.578281392000065)","Unfall 127866 (2018) Kat:3, Licht: 2","127866","3","3","5","10","18","1","0","2","0","1","0","0"
"POINT (10.068509267000024 53.571607850000078)","Unfall 127867 (2018) Kat:3, Licht: 0","127867","3","2","2","10","14","5","1","0","0","1","0","0"
"POINT (10.108645799000044 53.560466369000039)","Unfall 127868 (2018) Kat:3, Licht: 1","127868","3","6","2","11","16","6","1","1","0","1","0","0"
"POINT (10.042943572000070 53.607715651000035)","Unfall 127869 (2018) Kat:3, Licht: 0","127869","3","2","4","10","08","5","1","0","1","1","0","0"
"POINT (9.936789862000069 53.552440167000043)","Unfall 127870 (2018) Kat:3, Licht: 0","127870","3","7","6","11","14","5","0","0","0","0","1","0"
"POINT (10.164324084000043 53.646765029000051)","Unfall 127871 (2018) Kat:3, Licht: 0","127871","3","4","6","10","15","5","0","0","0","1","1","0"
"POINT (9.999691652000024 53.580432037000037)","Unfall 127872 (2018) Kat:3, Licht: 0","127872","3","3","5","11","10","4","0","0","1","0","0","0"
"POINT (10.107874335000076 53.645008168000061)","Unfall 127873 (2018) Kat:3, Licht: 0","127873","3","3","0","10","15","5","0","0","1","1","0","0"
"POINT (10.108707274000039 53.537615032000076)","Unfall 127874 (2018) Kat:3, Licht: 0","127874","3","6","2","10","13","2","0","0","0","1","0","0"
"POINT (10.026255747000050 53.631644806000054)","Unfall 127875 (2018) Kat:3, Licht: 0","127875","3","2","4","10","16","5","0","0","1","1","0","0"
"POINT (9.945690698000021 53.565138012000034)","Unfall 127876 (2018) Kat:2, Licht: 2","127876","2","6","0","11","17","3","0","2","1","0","0","0"
"POINT (10.018343567000045 53.614791434000040)","Unfall 127877 (2018) Kat:3, Licht: 0","127877","3","2","4","10","14","5","0","0","1","1","0","0"
"POINT (10.026459423000063 53.625125788000048)","Unfall 127878 (2018) Kat:3, Licht: 0","127878","3","6","1","11","09","6","1","0","1","0","0","0"
"POINT (10.030382601000042 53.679896721000034)","Unfall 127879 (2018) Kat:3, Licht: 2","127879","3","7","2","11","19","3","0","2","0","1","0","0"
"POINT (9.904972985000029 53.608630921000042)","Unfall 127880 (2018) Kat:3, Licht: 2","127880","3","6","2","10","06","5","1","2","0","1","0","0"
"POINT (10.174655775000076 53.606936102000077)","Unfall 127881 (2018) Kat:3, Licht: 0","127881","3","2","5","11","13","6","0","0","1","1","0","0"
"POINT (9.917641314000036 53.599470918000065)","Unfall 127882 (2018) Kat:3, Licht: 0","127882","3","2","3","10","14","7","0","0","1","1","0","0"
"POINT (9.972027292000064 53.598556226000028)","Unfall 127883 (2018) Kat:3, Licht: 0","127883","3","6","1","10","14","7","0","0","0","1","0","0"
"POINT (9.962054158000058 53.566220936000036)","Unfall 127884 (2018) Kat:3, Licht: 0","127884","3","6","4","10","15","5","0","0","1","1","0","0"
"POINT (10.108819408000045 53.581634535000035)","Unfall 127885 (2018) Kat:3, Licht: 1","127885","3","2","3","10","17","4","0","1","1","1","0","0"
"POINT (9.949329908000038 53.558628150000061)","Unfall 127886 (2018) Kat:3, Licht: 0","127886","3","3","5","10","11","5","1","0","0","1","0","0"
"POINT (9.951792442000055 53.598791316000074)","Unfall 127887 (2018) Kat:2, Licht: 2","127887","2","3","5","11","06","4","0","2","1","1","0","0"
"POINT (9.950061743000049 53.564151731000038)","Unfall 127888 (2018) Kat:3, Licht: 0","127888","3","3","5","10","11","5","1","0","1","0","0","0"
"POINT (10.092646925000054 53.573143686000037)","Unfall 127889 (2018) Kat:2, Licht: 0","127889","2","4","6","10","16","2","0","0","0","1","1","0"
"POINT (9.973828033000075 53.555115732000047)","Unfall 127890 (2018) Kat:3, Licht: 0","127890","3","3","5","10","14","5","1","0","1","1","0","0"
"POINT (10.082504627000048 53.576646679000078)","Unfall 127891 (2018) Kat:3, Licht: 0","127891","3","3","5","11","15","2","0","0","0","1","0","0"
"POINT (9.965820389000044 53.565427551000028)","Unfall 127892 (2018) Kat:3, Licht: 0","127892","3","2","0","10","13","5","1","0","1","0","0","1"
"POINT (9.977390387000071 53.564315940000029)","Unfall 127893 (2018) Kat:3, Licht: 0","127893","3","2","5","11","14","6","0","0","0","1","0","0"
"POINT (9.961305543000037 53.549522992000050)","Unfall 127894 (2018) Kat:3, Licht: 0","127894","3","3","5","10","16","5","1","0","1","1","0","0"
"POINT (9.995651646000056 53.550619395000069)","Unfall 127895 (2018) Kat:3, Licht: 2","127895","3","7","0","10","20","5","0","2","0","1","0","0"
"POINT (9.961985443000060 53.561901608000028)","Unfall 127896 (2018) Kat:3, Licht: 0","127896","3","3","3","10","11","4","0","0","1","0","0","0"
"POINT (10.000299768000048 53.555235842000059)","Unfall 127897 (2018) Kat:3, Licht: 2","127897","3","6","2","10","18","5","0","2","0","1","0","0"
"POINT (9.981787225000062 53.462947175000068)","Unfall 127898 (2018) Kat:3, Licht: 0","127898","3","7","1","11","15","3","0","0","0","1","0","0"
"POINT (9.995201900000041 53.452962269000068)","Unfall 127899 (2018) Kat:3, Licht: 0","127899","3","2","4","10","09","4","1","0","1","1","0","0"
"POINT (10.179921466000053 53.495948081000051)","Unfall 127900 (2018) Kat:3, Licht: 0","127900","3","4","6","10","15","4","0","0","0","1","1","0"
"POINT (10.160228010000026 53.646487371000035)","Unfall 127901 (2018) Kat:3, Licht: 0","127901","3","3","5","10","13","4","0","0","1","1","0","0"
"POINT (10.198491098000034 53.510624028000052)","Unfall 127902 (2018) Kat:3, Licht: 0","127902","3","3","5","10","15","4","0","0","0","1","0","1"