WKT,Name,OBJECTID,UKATEGORIE,UTYP1,UART,UMONAT,USTUNDE,UWOCHENTAG,STRZUSTAND,ULICHTVERH,ISTRAD,ISTPKW,ISTFUSS,ISTKRAD
"POINT (9.993311732000052 53.576404584000045)","Unfall 127903 (2018) Kat:3, Licht: 0","127903","3","3","5","11","09","4","0","0","0","1","0","0"
"POINT (9.906436031000055 53.614625345000036)","Unfall 127904 (2018) Kat:3, Licht: 2","127904","3","2","3","10","06","2","0","2","1","1","0","0"
"POINT (10.203329929000063 53.498054361000072)","Unfall 127905 (2018) Kat:3, Licht: 0","127905","3","4","6","10","14","4","0","0","0","1","1","0"
"POINT (9.891026451000073 53.608530681000047)","Unfall 127906 (2018) Kat:3, Licht: 2","127906","3","3","5","11","21","1","1","2","0","1","0","0"
"POINT (10.205606913000054 53.491647870000065)","Unfall 127907 (2018) Kat:3, Licht: 0","127907","3","4","6","10","14","4","0","0","0","1","0","0"
"POINT (9.987707443000033 53.439089371000080)","Unfall 127908 (2018) Kat:3, Licht: 2","127908","3","3","5","11","17","5","0","2","0","1","0","0"
"POINT (10.211675148000040 53.483560240000031)","Unfall 127909 (2018) Kat:3, Licht: 0","127909","3","3","5","10","13","4","0","0","1","1","0","0"
"POINT (10.105886165000072 53.558870774000070)","Unfall 127910 (2018) Kat:3, Licht: 0","127910","3","6","2","10","07","4","1","0","0","1","0","0"
"POINT (10.038851887000021 53.607410551000044)","Unfall 127911 (2018) Kat:3, Licht: 2","127911","3","6","2","10","20","3","1","2","0","1","0","0"
"POINT (10.019221385000037 53.552497940000080)","Unfall 127912 (2018) Kat:3, Licht: 0","127912","3","4","6","10","12","4","0","0","0","1","1","0"
"POINT (10.025361201000067 53.530886201000044)","Unfall 127913 (2018) Kat:2, Licht: 2","127913","2","6","3","11","05","3","1","2","0","1","0","0"
"POINT (10.076567550000050 53.584254772000065)","Unfall 127914 (2018) Kat:2, Licht: 0","127914","2","4","6","10","10","1","0","0","1","0","1","0"
"POINT (10.118472363000024 53.606776147000062)","Unfall 127915 (2018) Kat:2, Licht: 0","127915","2","7","0","10","09","4","0","0","0","0","0","0"
"POINT (9.976565688000051 53.597972167000080)","Unfall 127916 (2018) Kat:3, Licht: 0","127916","3","6","2","11","12","7","0","0","0","1","0","0"
"POINT (9.977529641000047 53.564307298000074)","Unfall 127917 (2018) Kat:3, Licht: 0","127917","3","6","4","10","08","2","0","0","1","0","0","0"
"POINT (10.141030631000035 53.629142772000080)","Unfall 127918 (2018) Kat:3, Licht: 0","127918","3","6","2","10","07","4","1","0","0","1","0","0"
"POINT (10.010891206000053 53.463080022000042)","Unfall 127919 (2018) Kat:2, Licht: 2","127919","2","2","5","11","17","7","0","2","0","1","0","0"
"POINT (10.125740759000053 53.573052249000057)","Unfall 127920 (2018) Kat:3, Licht: 0","127920","3","3","5","10","17","4","1","0","1","1","0","0"
"POINT (10.070839897000042 53.598514438000052)","Unfall 127921 (2018) Kat:2, Licht: 0","127921","2","4","6","11","15","5","0","0","0","1","1","0"
"POINT (9.972034412000028 53.581995987000028)","Unfall 127922 (2018) Kat:3, Licht: 0","127922","3","3","5","10","11","7","0","0","0","1","0","0"
"POINT (10.037446000000045 53.630063534000044)","Unfall 127923 (2018) Kat:3, Licht: 0","127923","3","6","1","10","10","4","0","0","0","1","0","0"
"POINT (10.031648445000030 53.647082320000038)","Unfall 127924 (2018) Kat:3, Licht: 2","127924","3","3","5","10","06","4","1","2","0","0","0","1"
"POINT (10.008793993000040 53.648219722000078)","Unfall 127925 (2018) Kat:3, Licht: 0","127925","3","6","1","10","11","3","0","0","0","1","0","0"
"POINT (10.006567879000045 53.593105375000050)","Unfall 127926 (2018) Kat:3, Licht: 2","127926","3","7","0","10","19","4","1","2","0","1","0","1"
"POINT (10.059286409000038 53.580627729000071)","Unfall 127927 (2018) Kat:3, Licht: 0","127927","3","4","6","11","14","3","0","0","0","1","1","0"
"POINT (10.029888320000055 53.585097071000064)","Unfall 127928 (2018) Kat:3, Licht: 2","127928","3","1","0","10","22","4","1","2","0","0","0","1"
"POINT (10.110423318000073 53.539850449000028)","Unfall 127929 (2018) Kat:3, Licht: 0","127929","3","3","5","11","10","6","0","0","0","1","0","0"
"POINT (9.797949696000046 53.561795876000076)","Unfall 127930 (2018) Kat:3, Licht: 0","127930","3","3","0","10","09","7","0","0","0","1","0","1"
"POINT (9.979164601000036 53.555578657000069)","Unfall 127931 (2018) Kat:2, Licht: 2","127931","2","2","4","10","23","7","1","2","0","1","0","0"
"POINT (10.029921215000059 53.559279054000058)","Unfall 127932 (2018) Kat:3, Licht: 0","127932","3","7","6","10","13","4","0","0","0","1","1","0"
"POINT (9.925786267000035 53.516481982000073)","Unfall 127933 (2018) Kat:3, Licht: 0","127933","3","3","5","11","14","5","0","0","0","1","0","0"
"POINT (10.056394899000054 53.570997407000050)","Unfall 127934 (2018) Kat:2, Licht: 2","127934","2","7","3","10","07","4","1","2","1","1","0","0"
"POINT (10.013142407000032 53.579580068000041)","Unfall 127935 (2018) Kat:3, Licht: 2","127935","3","6","4","11","17","4","0","2","1","1","0","0"
"POINT (10.046331217000045 53.583005704000072)","Unfall 127936 (2018) Kat:3, Licht: 2","127936","3","6","3","10","06","4","1","2","0","1","0","0"
"POINT (10.025273652000067 53.604897020000067)","Unfall 127937 (2018) Kat:3, Licht: 2","127937","3","4","6","10","21","7","1","2","0","1","1","0"
"POINT (9.763044418000050 53.581973533000053)","Unfall 127938 (2018) Kat:3, Licht: 0","127938","3","3","5","10","13","4","0","0","1","1","0","0"
"POINT (10.050285514000052 53.587497055000028)","Unfall 127939 (2018) Kat:3, Licht: 0","127939","3","6","2","11","08","5","0","0","0","1","0","0"
"POINT (9.852819424000074 53.592199763000053)","Unfall 127940 (2018) Kat:3, Licht: 0","127940","3","6","2","10","13","4","0","0","0","1","0","0"
"POINT (9.861063343000069 53.585601652000037)","Unfall 127941 (2018) Kat:3, Licht: 0","127941","3","5","1","10","10","4","0","0","0","1","0","0"
"POINT (9.920774490000042 53.647927841000069)","Unfall 127942 (2018) Kat:3, Licht: 0","127942","3","2","3","10","12","3","0","0","1","1","0","0"
"POINT (9.910955248000050 53.556851711000036)","Unfall 127943 (2018) Kat:3, Licht: 1","127943","3","4","6","10","07","4","1","1","0","1","1","0"
"POINT (10.042571514000031 53.564489596000044)","Unfall 127944 (2018) Kat:3, Licht: 0","127944","3","3","5","11","08","3","0","0","1","1","0","0"
"POINT (9.880550357000061 53.552084945000047)","Unfall 127945 (2018) Kat:3, Licht: 0","127945","3","6","2","10","07","4","1","0","0","1","0","0"
"POINT (10.108750020000059 53.609295267000050)","Unfall 127946 (2018) Kat:3, Licht: 0","127946","3","3","5","11","15","6","0","0","1","1","0","0"
"POINT (9.889345990000038 53.575784038000052)","Unfall 127947 (2018) Kat:3, Licht: 2","127947","3","4","6","10","23","7","0","2","0","1","1","0"
"POINT (9.870875416000047 53.580816084000048)","Unfall 127948 (2018) Kat:3, Licht: 0","127948","3","1","1","10","14","4","0","0","1","1","0","0"
"POINT (10.059989778000045 53.570387257000050)","Unfall 127949 (2018) Kat:3, Licht: 2","127949","3","6","3","10","19","4","0","2","0","1","0","0"
"POINT (9.983002790000057 53.613865672000031)","Unfall 127950 (2018) Kat:3, Licht: 0","127950","3","3","5","10","15","4","0","0","1","1","0","0"
"POINT (9.925460446000045 53.550484111000060)","Unfall 127951 (2018) Kat:3, Licht: 2","127951","3","3","5","11","17","4","0","2","1","0","0","0"
"POINT (10.103677183000059 53.703312888000028)","Unfall 127952 (2018) Kat:3, Licht: 0","127952","3","6","2","10","13","2","0","0","0","1","0","0"
"POINT (9.965144447000057 53.603461307000032)","Unfall 127953 (2018) Kat:3, Licht: 2","127953","3","3","5","10","06","4","1","2","0","1","0","0"
"POINT (9.962992509000060 53.569440153000073)","Unfall 127954 (2018) Kat:3, Licht: 2","127954","3","3","5","11","23","2","0","2","1","1","0","0"
"POINT (10.176065780000044 53.629185240000027)","Unfall 127955 (2018) Kat:3, Licht: 0","127955","3","3","0","10","15","2","0","0","1","0","0","0"
"POINT (9.948609403000035 53.562064266000050)","Unfall 127956 (2018) Kat:3, Licht: 1","127956","3","6","2","10","21","4","1","1","0","1","0","0"
"POINT (9.953721896000047 53.547177062000060)","Unfall 127957 (2018) Kat:3, Licht: 0","127957","3","6","2","11","13","3","1","0","0","1","0","0"
"POINT (10.017156157000045 53.536853365000070)","Unfall 127958 (2018) Kat:3, Licht: 0","127958","3","5","1","10","15","4","0","0","1","1","0","0"
"POINT (9.906734016000030 53.598299542000063)","Unfall 127959 (2018) Kat:3, Licht: 0","127959","3","3","5","11","08","6","0","0","1","1","0","0"
"POINT (9.977898909000032 53.462319058000048)","Unfall 127960 (2018) Kat:3, Licht: 0","127960","3","6","1","10","08","3","1","0","0","1","0","0"
"POINT (10.127237218000062 53.540073538000058)","Unfall 127961 (2018) Kat:3, Licht: 0","127961","3","3","5","10","16","3","1","0","0","1","0","0"
"POINT (10.013719496000022 53.594139225000049)","Unfall 127962 (2018) Kat:3, Licht: 0","127962","3","6","2","10","10","4","0","0","0","1","0","0"
"POINT (10.114368702000036 53.557758205000027)","Unfall 127963 (2018) Kat:3, Licht: 0","127963","3","6","4","10","14","3","1","0","0","1","0","0"
"POINT (9.976683192000053 53.557513546000052)","Unfall 127964 (2018) Kat:3, Licht: 0","127964","3","3","5","11","09","4","0","0","0","1","0","0"
"POINT (9.840072066000062 53.571289878000073)","Unfall 127965 (2018) Kat:3, Licht: 2","127965","3","5","1","10","19","2","0","2","0","1","0","0"
"POINT (10.137415535000059 53.592840731000081)","Unfall 127966 (2018) Kat:3, Licht: 2","127966","3","2","5","10","20","3","1","2","1","1","0","0"
"POINT (9.961634156000059 53.546421799000029)","Unfall 127967 (2018) Kat:3, Licht: 2","127967","3","6","2","11","06","1","0","2","0","1","0","1"
"POINT (10.099632340000028 53.579558164000048)","Unfall 127968 (2018) Kat:3, Licht: 2","127968","3","6","1","10","18","6","1","2","0","1","0","0"
"POINT (9.985043443000052 53.456855817000076)","Unfall 127969 (2018) Kat:3, Licht: 0","127969","3","2","5","10","13","7","0","0","1","1","0","0"
"POINT (10.127973405000034 53.579894766000052)","Unfall 127970 (2018) Kat:2, Licht: 0","127970","2","7","8","10","17","3","1","0","0","1","1","0"
"POINT (10.207291496000039 53.494970191000050)","Unfall 127971 (2018) Kat:3, Licht: 2","127971","3","4","6","11","18","5","0","2","0","1","1","0"
"POINT (10.102638188000071 53.579268997000042)","Unfall 127972 (2018) Kat:2, Licht: 0","127972","2","6","3","10","14","3","1","0","0","1","0","0"
"POINT (10.156266272000039 53.614398771000026)","Unfall 127973 (2018) Kat:3, Licht: 2","127973","3","2","2","10","06","3","0","2","1","1","0","0"
"POINT (10.159171448000052 53.653573035000079)","Unfall 127974 (2018) Kat:2, Licht: 0","127974","2","3","3","10","09","3","0","0","0","0","0","1"
"POINT (10.109978361000060 53.707461259000070)","Unfall 127975 (2018) Kat:3, Licht: 2","127975","3","4","6","10","06","3","1","2","0","1","1","0"
"POINT (9.927411237000058 53.518689609000035)","Unfall 127976 (2018) Kat:2, Licht: 2","127976","2","6","2","11","05","6","0","2","0","1","0","0"
"POINT (10.036185317000047 53.640227347000064)","Unfall 127977 (2018) Kat:3, Licht: 2","127977","3","3","5","10","20","3","1","2","0","1","0","0"
"POINT (10.021059617000049 53.649035236000032)","Unfall 127978 (2018) Kat:3, Licht: 2","127978","3","2","4","10","19","3","1","2","0","1","0","0"
"POINT (10.209103374000051 53.482593654000027)","Unfall 127979 (2018) Kat:3, Licht: 0","127979","3","2","4","10","11","3","0","0","1","1","0","0"
"POINT (9.993894959000045 53.600196596000046)","Unfall 127980 (2018) Kat:3, Licht: 0","127980","3","6","3","10","09","3","1","0","1","1","0","0"
"POINT (10.182069113000068 53.498047843000052)","Unfall 127981 (2018) Kat:3, Licht: 0","127981","3","2","3","11","16","3","0","0","1","1","0","0"
"POINT (10.013541199000031 53.561275809000051)","Unfall 127982 (2018) Kat:3, Licht: 0","127982","3","3","5","10","09","2","0","0","1","1","0","0"
"POINT (10.038932471000066 53.572103669000057)","Unfall 127983 (2018) Kat:3, Licht: 0","127983","3","2","4","10","08","3","1","0","1","1","0","0"
"POINT (10.085714090000067 53.590968914000030)","Unfall 127984 (2018) Kat:3, Licht: 2","127984","3","4","6","11","17","7","0","2","0","0","1","0"
"POINT (10.100116624000066 53.585365828000079)","Unfall 127985 (2018) Kat:3, Licht: 2","127985","3","6","3","10","19","6","1","2","1","1","0","0"
"POINT (9.920374191000065 53.589633746000061)","Unfall 127986 (2018) Kat:3, Licht: 0","127986","3","2","4","10","08","3","1","0","1","1","0","0"
"POINT (10.083457403000068 53.651362126000038)","Unfall 127987 (2018) Kat:3, Licht: 1","127987","3","5","1","11","17","5","0","1","0","1","0","0"
"POINT (9.987803765000024 53.453446923000058)","Unfall 127988 (2018) Kat:3, Licht: 0","127988","3","6","2","10","15","6","1","0","0","1","0","0"
"POINT (9.921352702000036 53.637946822000060)","Unfall 127989 (2018) Kat:3, Licht: 0","127989","3","6","2","10","13","3","1","0","0","1","0","0"
"POINT (9.946843171000069 53.580646336000029)","Unfall 127990 (2018) Kat:3, Licht: 0","127990","3","4","6","10","09","3","1","0","0","1","1","0"
"POINT (10.001774411000042 53.586357892000080)","Unfall 127991 (2018) Kat:3, Licht: 0","127991","3","3","5","10","15","3","0","0","1","1","0","0"
"POINT (9.935897536000027 53.550281837000057)","Unfall 127992 (2018) Kat:3, Licht: 2","127992","3","2","6","10","18","3","1","2","0","1","1","0"
"POINT (10.078298432000054 53.608539851000046)","Unfall 127993 (2018) Kat:3, Licht: 2","127993","3","6","4","11","17","3","1","2","0","1","0","0"
"POINT (10.084941923000031 53.603130609000061)","Unfall 127994 (2018) Kat:3, Licht: 2","127994","3","2","3","10","19","6","1","2","1","1","0","0"
"POINT (9.960019890000069 53.563807461000067)","Unfall 127995 (2018) Kat:3, Licht: 0","127995","3","6","1","10","07","3","1","0","0","1","0","0"
"POINT (9.960322598000062 53.546306041000037)","Unfall 127996 (2018) Kat:3, Licht: 0","127996","3","6","2","10","12","3","1","0","0","1","0","0"
"POINT (10.111540115000025 53.570977119000077)","Unfall 127997 (2018) Kat:3, Licht: 2","127997","3","7","5","11","20","3","0","2","0","1","0","0"
"POINT (9.822132029000045 53.561001279000038)","Unfall 127998 (2018) Kat:3, Licht: 0","127998","3","7","8","10","13","1","0","0","0","1","0","0"
"POINT (9.979146559000071 53.555581641000060)","Unfall 127999 (2018) Kat:3, Licht: 0","127999","3","2","5","10","13","3","1","0","0","1","0","0"
"POINT (10.006685122000022 53.551862252000035)","Unfall 128000 (2018) Kat:3, Licht: 0","128000","3","7","0","11","15","7","0","0","0","1","0","0"
"POINT (10.079290334000063 53.618312380000077)","Unfall 128001 (2018) Kat:3, Licht: 2","128001","3","6","3","10","18","6","1","2","0","1","0","0"
"POINT (10.002049257000067 53.556966896000063)","Unfall 128002 (2018) Kat:2, Licht: 0","128002","2","3","5","10","10","3","1","0","1","1","0","0"
"POINT (9.965398107000056 53.614910630000054)","Unfall 128003 (2018) Kat:2, Licht: 0","128003","2","3","5","11","13","5","0","0","1","1","0","0"
"POINT (10.010515542000064 53.550948753000057)","Unfall 128004 (2018) Kat:3, Licht: 2","128004","3","4","6","10","19","3","1","2","0","1","1","0"
"POINT (10.011493306000034 53.609075090000033)","Unfall 128005 (2018) Kat:3, Licht: 0","128005","3","2","4","11","13","4","0","0","0","1","0","0"
"POINT (9.914566314000069 53.512177824000048)","Unfall 128006 (2018) Kat:3, Licht: 0","128006","3","6","3","10","14","3","1","0","0","1","0","0"
"POINT (9.960946954000065 53.513272850000078)","Unfall 128007 (2018) Kat:3, Licht: 0","128007","3","2","5","10","09","3","0","0","0","1","0","0"
"POINT (9.940325834000021 53.439531650000049)","Unfall 128008 (2018) Kat:3, Licht: 0","128008","3","4","6","10","12","2","0","0","0","1","1","0"
"POINT (9.977091456000039 53.583688770000037)","Unfall 128009 (2018) Kat:2, Licht: 2","128009","2","7","0","11","18","3","0","2","1","1","0","0"
"POINT (10.042112386000042 53.607818584000029)","Unfall 128010 (2018) Kat:3, Licht: 0","128010","3","6","2","10","11","6","0","0","0","1","0","0"
"POINT (9.986225223000076 53.456883522000055)","Unfall 128011 (2018) Kat:3, Licht: 2","128011","3","4","6","10","18","2","0","2","0","1","1","0"
"POINT (10.098152318000075 53.586651541000037)","Unfall 128012 (2018) Kat:2, Licht: 0","128012","2","3","5","11","15","6","0","0","0","1","0","1"
"POINT (10.016424685000061 53.568510922000030)","Unfall 128013 (2018) Kat:3, Licht: 0","128013","3","6","4","10","15","6","0","0","1","1","0","0"
"POINT (9.965848529000027 53.457857774000047)","Unfall 128014 (2018) Kat:3, Licht: 0","128014","3","3","5","10","16","2","0","0","0","1","0","0"
"POINT (10.084916788000044 53.624849981000068)","Unfall 128015 (2018) Kat:2, Licht: 2","128015","2","6","6","10","18","4","0","2","1","0","1","0"
"POINT (10.113951290000045 53.601042910000047)","Unfall 128016 (2018) Kat:3, Licht: 1","128016","3","2","5","11","16","6","0","1","0","0","0","0"
"POINT (9.977334500000040 53.460876946000042)","Unfall 128017 (2018) Kat:3, Licht: 0","128017","3","6","2","10","15","2","0","0","0","1","0","0"
"POINT (10.202684063000049 53.488977608000027)","Unfall 128018 (2018) Kat:3, Licht: 2","128018","3","2","5","10","19","4","0","2","1","1","0","0"
"POINT (9.965930005000075 53.463455377000059)","Unfall 128019 (2018) Kat:3, Licht: 0","128019","3","5","1","10","14","2","0","0","1","1","0","0"
"POINT (9.870714800000030 53.592920967000055)","Unfall 128020 (2018) Kat:3, Licht: 0","128020","3","2","4","11","07","4","0","0","0","1","0","0"
"POINT (9.991368811000029 53.500696922000031)","Unfall 128021 (2018) Kat:3, Licht: 2","128021","3","2","4","10","07","2","1","2","0","1","0","0"
"POINT (10.115538309000044 53.611744366000039)","Unfall 128022 (2018) Kat:3, Licht: 0","128022","3","2","3","10","11","2","0","0","1","0","0","0"
"POINT (10.086091307000061 53.544621450000079)","Unfall 128023 (2018) Kat:3, Licht: 0","128023","3","5","1","10","16","2","0","0","0","1","0","0"
"POINT (10.101180911000029 53.540879584000038)","Unfall 128024 (2018) Kat:3, Licht: 2","128024","3","4","6","11","21","2","1","2","1","1","1","0"
"POINT (10.032393555000056 53.576373993000061)","Unfall 128025 (2018) Kat:3, Licht: 2","128025","3","3","5","10","20","6","1","2","0","1","0","0"
"POINT (10.096816081000043 53.556404450000059)","Unfall 128026 (2018) Kat:3, Licht: 0","128026","3","6","2","10","15","2","0","0","0","1","0","0"
"POINT (9.933188667000025 53.555997501000036)","Unfall 128027 (2018) Kat:3, Licht: 0","128027","3","6","4","11","15","6","0","0","1","1","0","0"
"POINT (10.127297013000032 53.538788150000073)","Unfall 128028 (2018) Kat:3, Licht: 0","128028","3","3","5","10","10","2","0","0","0","1","0","0"
"POINT (10.086789083000042 53.552037845000029)","Unfall 128029 (2018) Kat:3, Licht: 2","128029","3","2","6","10","07","2","1","2","0","1","1","0"
"POINT (9.895417306000070 53.572261687000037)","Unfall 128030 (2018) Kat:3, Licht: 0","128030","3","6","3","10","14","4","0","0","1","1","0","0"
"POINT (10.084225289000074 53.554843633000075)","Unfall 128031 (2018) Kat:3, Licht: 2","128031","3","7","5","10","20","2","0","2","0","1","0","0"
"POINT (10.010411041000054 53.552781383000081)","Unfall 128032 (2018) Kat:3, Licht: 0","128032","3","7","6","11","15","4","0","0","0","0","1","0"
"POINT (9.980124986000021 53.601416291000078)","Unfall 128033 (2018) Kat:3, Licht: 0","128033","3","3","5","10","12","2","0","0","0","1","0","1"
"POINT (10.069942862000062 53.558451629000047)","Unfall 128034 (2018) Kat:3, Licht: 0","128034","3","6","3","10","14","2","0","0","0","1","0","0"
"POINT (10.026149152000073 53.471858249000036)","Unfall 128035 (2018) Kat:3, Licht: 2","128035","3","7","8","11","20","7","0","2","0","1","0","0"
"POINT (10.062259511000036 53.555670060000068)","Unfall 128036 (2018) Kat:3, Licht: 0","128036","3","5","0","10","10","2","1","0","1","1","0","0"
"POINT (9.990607523000051 53.560442157000068)","Unfall 128037 (2018) Kat:3, Licht: 0","128037","3","7","1","11","14","4","0","0","1","1","0","0"
"POINT (10.047040761000062 53.583894153000074)","Unfall 128038 (2018) Kat:2, Licht: 2","128038","2","7","0","10","02","2","0","2","0","1","1","0"
"POINT (10.123506072000055 53.615881599000033)","Unfall 128039 (2018) Kat:3, Licht: 0","128039","3","2","5","10","08","2","1","0","1","1","0","0"
"POINT (9.986411892000035 53.456909822000057)","Unfall 128040 (2018) Kat:3, Licht: 0","128040","3","4","6","11","12","1","0","0","0","1","1","0"
"POINT (9.947487926000065 53.582936539000059)","Unfall 128041 (2018) Kat:3, Licht: 2","128041","3","3","5","10","18","6","1","2","1","1","0","0"
"POINT (10.153937675000066 53.601423688000068)","Unfall 128042 (2018) Kat:3, Licht: 0","128042","3","6","2","10","09","2","0","0","1","0","0","0"
"POINT (9.875651196000035 53.473814957000059)","Unfall 128043 (2018) Kat:3, Licht: 2","128043","3","3","1","11","17","5","0","2","1","1","0","0"
"POINT (10.039168105000044 53.606510896000032)","Unfall 128044 (2018) Kat:3, Licht: 2","128044","3","3","5","10","18","2","0","2","0","1","0","0"
"POINT (10.038903468000058 53.608297272000073)","Unfall 128045 (2018) Kat:2, Licht: 2","128045","2","4","6","10","06","2","1","2","0","1","1","0"
"POINT (10.092614347000051 53.595525047000081)","Unfall 128046 (2018) Kat:3, Licht: 2","128046","3","6","2","10","05","3","1","2","0","1","0","0"
"POINT (10.015686486000050 53.617215705000035)","Unfall 128047 (2018) Kat:3, Licht: 1","128047","3","2","5","10","18","2","0","1","1","0","0","0"
"POINT (10.019444530000044 53.547143254000048)","Unfall 128048 (2018) Kat:3, Licht: 2","128048","3","3","5","11","17","3","0","2","0","1","0","1"
"POINT (10.148109745000056 53.605364118000068)","Unfall 128049 (2018) Kat:3, Licht: 2","128049","3","2","4","10","19","1","0","2","0","1","0","0"
"POINT (10.028977819000033 53.630559610000034)","Unfall 128050 (2018) Kat:3, Licht: 2","128050","3","2","0","10","07","2","1","2","1","1","0","0"
"POINT (9.916509131000055 53.582296197000062)","Unfall 128051 (2018) Kat:3, Licht: 0","128051","3","3","5","11","14","7","0","0","0","1","0","0"
"POINT (9.798949335000032 53.565943332000074)","Unfall 128052 (2018) Kat:3, Licht: 0","128052","3","4","6","10","08","6","0","0","0","1","1","0"
"POINT (10.024981724000043 53.604249144000050)","Unfall 128053 (2018) Kat:3, Licht: 0","128053","3","2","5","10","16","2","0","0","0","1","0","0"
"POINT (10.028671508000059 53.571210331000032)","Unfall 128054 (2018) Kat:3, Licht: 0","128054","3","3","5","11","11","5","0","0","0","1","0","0"
"POINT (10.007255106000059 53.604398725000067)","Unfall 128055 (2018) Kat:3, Licht: 0","128055","3","7","5","10","13","2","0","0","0","1","0","0"
"POINT (9.929289722000021 53.567524986000080)","Unfall 128056 (2018) Kat:2, Licht: 2","128056","2","3","5","10","19","6","1","2","0","1","0","0"
"POINT (10.024993375000065 53.601804744000049)","Unfall 128057 (2018) Kat:3, Licht: 0","128057","3","2","4","10","16","2","0","0","0","1","0","0"
"POINT (10.123204399000031 53.579502210000044)","Unfall 128058 (2018) Kat:3, Licht: 0","128058","3","7","0","11","09","5","0","0","1","0","0","0"
"POINT (10.033695901000044 53.583484530000078)","Unfall 128059 (2018) Kat:3, Licht: 0","128059","3","3","5","10","11","2","1","0","0","1","0","0"
"POINT (9.858807060000061 53.598046462000070)","Unfall 128060 (2018) Kat:3, Licht: 1","128060","3","3","5","10","17","2","0","1","0","1","0","0"
"POINT (10.167593406000037 53.649929724000060)","Unfall 128061 (2018) Kat:3, Licht: 1","128061","3","4","6","10","16","3","0","1","0","1","1","0"
"POINT (9.951781844000038 53.598768293000035)","Unfall 128062 (2018) Kat:3, Licht: 2","128062","3","6","1","10","17","2","0","2","0","1","0","0"
"POINT (10.061861290000024 53.585451978000037)","Unfall 128063 (2018) Kat:3, Licht: 0","128063","3","2","5","11","15","3","1","0","1","1","0","0"
"POINT (9.975702633000026 53.588634358000036)","Unfall 128064 (2018) Kat:3, Licht: 0","128064","3","7","3","10","14","6","1","0","1","1","0","0"
"POINT (10.021160111000029 53.557562190000056)","Unfall 128065 (2018) Kat:3, Licht: 0","128065","3","6","3","10","11","1","0","0","0","1","0","0"
"POINT (9.937365445000069 53.552508831000068)","Unfall 128066 (2018) Kat:2, Licht: 2","128066","2","2","5","10","19","2","0","2","1","1","0","0"
"POINT (10.115673841000046 53.545971349000069)","Unfall 128067 (2018) Kat:3, Licht: 0","128067","3","3","5","11","13","6","0","0","0","1","0","0"
"POINT (9.963257340000041 53.576482648000081)","Unfall 128068 (2018) Kat:3, Licht: 2","128068","3","5","1","10","03","6","0","2","1","1","0","0"
"POINT (10.033970272000033 53.579873089000046)","Unfall 128069 (2018) Kat:3, Licht: 0","128069","3","2","3","10","16","7","0","0","0","1","0","1"
"POINT (9.966397803000064 53.569433829000047)","Unfall 128070 (2018) Kat:3, Licht: 2","128070","3","2","6","10","05","2","1","2","0","1","1","0"
"POINT (9.977645939000070 53.550212137000074)","Unfall 128071 (2018) Kat:3, Licht: 0","128071","3","2","4","11","08","5","0","0","1","1","0","0"
"POINT (10.000582515000076 53.555620206000071)","Unfall 128072 (2018) Kat:3, Licht: 0","128072","3","2","4","10","08","2","1","0","0","1","0","0"
"POINT (9.997079875000054 53.586620531000051)","Unfall 128073 (2018) Kat:3, Licht: 2","128073","3","5","1","11","17","4","0","2","1","1","0","0"
"POINT (10.016958401000068 53.555662190000078)","Unfall 128074 (2018) Kat:2, Licht: 2","128074","2","7","1","10","19","2","0","2","1","1","0","0"
"POINT (10.041450346000033 53.551317345000029)","Unfall 128075 (2018) Kat:3, Licht: 0","128075","3","2","3","10","08","2","0","0","0","1","0","0"
"POINT (10.015284306000069 53.561158255000066)","Unfall 128076 (2018) Kat:3, Licht: 0","128076","3","2","5","10","14","2","0","0","1","1","0","0"
"POINT (9.960152753000045 53.549460277000037)","Unfall 128077 (2018) Kat:3, Licht: 2","128077","3","2","5","11","23","3","0","2","0","1","0","0"
"POINT (9.964525371000036 53.603548666000052)","Unfall 128078 (2018) Kat:3, Licht: 0","128078","3","6","2","10","14","6","1","0","0","1","0","0"
"POINT (10.202005931000031 53.485612026000069)","Unfall 128079 (2018) Kat:3, Licht: 1","128079","3","2","4","10","18","1","0","1","0","1","0","0"
"POINT (10.057610346000047 53.566137342000047)","Unfall 128080 (2018) Kat:3, Licht: 0","128080","3","2","3","10","08","3","0","0","1","1","0","0"
"POINT (10.172952995000060 53.483112312000060)","Unfall 128081 (2018) Kat:3, Licht: 0","128081","3","3","5","10","15","1","0","0","1","0","0","0"
"POINT (10.020410524000056 53.588962744000071)","Unfall 128082 (2018) Kat:3, Licht: 0","128082","3","5","1","11","16","3","0","0","1","1","0","0"
"POINT (9.938114026000051 53.550244151000072)","Unfall 128083 (2018) Kat:3, Licht: 2","128083","3","3","5","10","19","6","1","2","0","1","0","0"
"POINT (10.111369274000026 53.673150394000061)","Unfall 128084 (2018) Kat:3, Licht: 1","128084","3","7","0","10","18","1","0","1","1","0","0","0"
"POINT (10.154320101000053 53.616934965000041)","Unfall 128085 (2018) Kat:3, Licht: 0","128085","3","4","6","11","16","6","0","0","1","0","1","0"
"POINT (9.917646161000050 53.551100809000047)","Unfall 128086 (2018) Kat:3, Licht: 0","128086","3","7","0","10","14","6","1","0","0","0","0","1"
"POINT (10.058673068000076 53.570078348000038)","Unfall 128087 (2018) Kat:3, Licht: 2","128087","3","7","3","10","20","1","0","2","0","1","0","0"