WKT,Name,OBJECTID,UKATEGORIE,UTYP1,UART,UMONAT,USTUNDE,UWOCHENTAG,STRZUSTAND,ULICHTVERH,ISTRAD,ISTPKW,ISTFUSS,ISTKRAD
"POINT (10.158688601000051 53.602602719000060)","Unfall 128088 (2018) Kat:2, Licht: 2","128088","2","4","6","10","00","4","1","2","0","0","1","0"
"POINT (10.051257801000077 53.593548712000029)","Unfall 128089 (2018) Kat:3, Licht: 2","128089","3","1","0","10","19","1","0","2","0","0","0","1"
"POINT (10.006155466000052 53.554753382000058)","Unfall 128090 (2018) Kat:3, Licht: 0","128090","3","1","0","10","08","1","1","0","0","0","0","1"
"POINT (9.948703802000068 53.582355796000058)","Unfall 128091 (2018) Kat:3, Licht: 0","128091","3","7","0","11","15","4","0","0","0","0","0","1"
"POINT (10.093189822000056 53.587814705000028)","Unfall 128092 (2018) Kat:3, Licht: 0","128092","3","2","0","10","14","2","0","0","0","1","0","0"
"POINT (9.914010440000027 53.556600915000047)","Unfall 128093 (2018) Kat:3, Licht: 0","128093","3","3","5","10","14","1","0","0","1","1","0","0"
"POINT (9.873966650000057 53.600424281000073)","Unfall 128094 (2018) Kat:3, Licht: 0","128094","3","3","5","11","08","2","1","0","1","1","0","0"
"POINT (9.956110031000037 53.554977243000053)","Unfall 128095 (2018) Kat:3, Licht: 0","128095","3","3","5","10","12","6","1","0","0","1","0","0"
"POINT (9.887688468000022 53.593178748000071)","Unfall 128096 (2018) Kat:3, Licht: 0","128096","3","6","3","10","12","1","0","0","0","1","0","1"
"POINT (9.987240845000031 53.555632823000053)","Unfall 128097 (2018) Kat:3, Licht: 0","128097","3","5","1","11","12","6","0","0","1","1","0","0"
"POINT (9.962711735000028 53.548035449000054)","Unfall 128098 (2018) Kat:3, Licht: 2","128098","3","6","2","10","19","6","1","2","0","1","0","0"
"POINT (9.942499329000043 53.555352317000029)","Unfall 128099 (2018) Kat:3, Licht: 0","128099","3","7","8","10","16","1","0","0","1","0","0","0"
"POINT (10.015080223000041 53.554821852000032)","Unfall 128100 (2018) Kat:3, Licht: 0","128100","3","6","3","10","15","1","0","0","0","1","0","0"
"POINT (10.057581631000062 53.566117186000042)","Unfall 128101 (2018) Kat:3, Licht: 2","128101","3","6","2","11","20","6","0","2","0","1","0","0"
"POINT (10.091974908000054 53.552394172000049)","Unfall 128102 (2018) Kat:3, Licht: 2","128102","3","2","3","10","19","5","1","2","1","1","0","0"
"POINT (10.043861361000040 53.562374040000066)","Unfall 128103 (2018) Kat:3, Licht: 0","128103","3","6","2","10","11","7","0","0","0","1","0","1"
"POINT (10.057067080000024 53.552272657000060)","Unfall 128104 (2018) Kat:3, Licht: 0","128104","3","3","5","10","14","7","0","0","0","1","0","0"
"POINT (10.124590308000052 53.634409089000030)","Unfall 128105 (2018) Kat:3, Licht: 0","128105","3","3","5","10","15","4","0","0","1","0","0","0"
"POINT (10.125823850000074 53.572980970000060)","Unfall 128106 (2018) Kat:3, Licht: 0","128106","3","7","0","10","13","7","0","0","1","0","0","0"
"POINT (9.958331121000072 53.556898663000027)","Unfall 128107 (2018) Kat:3, Licht: 0","128107","3","2","5","11","15","4","0","0","1","1","0","0"
"POINT (9.933555217000048 53.596907026000054)","Unfall 128108 (2018) Kat:3, Licht: 0","128108","3","3","5","10","11","2","0","0","1","1","0","0"
"POINT (10.088478451000071 53.652867039000057)","Unfall 128109 (2018) Kat:3, Licht: 2","128109","3","3","5","10","19","7","0","2","1","1","0","0"
"POINT (9.953665735000072 53.553707680000059)","Unfall 128110 (2018) Kat:3, Licht: 2","128110","3","3","5","11","00","1","0","2","0","1","0","0"
"POINT (10.030218703000060 53.552190406000079)","Unfall 128111 (2018) Kat:3, Licht: 0","128111","3","6","2","10","11","5","1","0","0","1","0","0"
"POINT (10.046367657000076 53.596134160000076)","Unfall 128112 (2018) Kat:3, Licht: 2","128112","3","6","2","10","20","7","0","2","0","1","0","0"
"POINT (10.021804715000030 53.525015292000035)","Unfall 128113 (2018) Kat:3, Licht: 0","128113","3","2","4","11","12","5","0","0","1","1","0","0"
"POINT (10.047521957000072 53.572190992000060)","Unfall 128114 (2018) Kat:3, Licht: 0","128114","3","2","3","10","15","7","0","0","0","1","0","0"
"POINT (9.928279889000066 53.643535072000077)","Unfall 128115 (2018) Kat:3, Licht: 0","128115","3","6","2","10","16","7","0","0","0","1","0","0"
"POINT (10.128597778000028 53.678445741000075)","Unfall 128116 (2018) Kat:3, Licht: 0","128116","3","6","2","10","10","3","1","0","0","1","0","0"
"POINT (9.984057846000042 53.586893175000057)","Unfall 128117 (2018) Kat:3, Licht: 0","128117","3","7","1","10","11","7","0","0","0","1","0","1"
"POINT (10.064381930000025 53.559993631000054)","Unfall 128118 (2018) Kat:3, Licht: 0","128118","3","3","5","11","14","3","0","0","0","1","0","0"
"POINT (10.129544613000064 53.696063489000039)","Unfall 128119 (2018) Kat:3, Licht: 0","128119","3","3","5","10","11","1","0","0","1","1","0","0"
"POINT (10.006437970000036 53.487824919000047)","Unfall 128120 (2018) Kat:3, Licht: 0","128120","3","1","0","10","12","6","0","0","1","0","0","0"
"POINT (9.961336432000053 53.549915970000029)","Unfall 128121 (2018) Kat:2, Licht: 2","128121","2","7","1","10","01","4","1","2","0","1","0","0"
"POINT (10.257815177000055 53.424572392000073)","Unfall 128122 (2018) Kat:3, Licht: 0","128122","3","3","5","10","08","6","0","0","0","1","0","0"
"POINT (9.983717543000068 53.516613065000058)","Unfall 128123 (2018) Kat:3, Licht: 0","128123","3","4","6","11","16","3","0","0","0","1","1","0"
"POINT (9.980917594000061 53.549025175000054)","Unfall 128124 (2018) Kat:3, Licht: 0","128124","3","3","5","10","14","2","0","0","1","1","0","0"
"POINT (10.107954925000058 53.564115532000073)","Unfall 128125 (2018) Kat:3, Licht: 0","128125","3","4","6","10","12","6","0","0","1","1","1","0"
"POINT (10.125956386000041 53.586533322000037)","Unfall 128126 (2018) Kat:3, Licht: 0","128126","3","7","6","11","13","7","0","0","1","0","1","0"
"POINT (10.042569680000042 53.555445115000055)","Unfall 128127 (2018) Kat:3, Licht: 0","128127","3","4","6","10","10","5","1","0","0","0","1","0"
"POINT (10.055049338000060 53.555449785000064)","Unfall 128128 (2018) Kat:3, Licht: 0","128128","3","3","3","10","09","6","0","0","1","0","0","0"
"POINT (10.096820840000021 53.613553918000036)","Unfall 128129 (2018) Kat:3, Licht: 0","128129","3","2","4","11","08","5","0","0","1","1","0","0"
"POINT (10.124969979000070 53.604089685000076)","Unfall 128130 (2018) Kat:3, Licht: 2","128130","3","6","2","10","19","6","1","2","0","1","0","0"
"POINT (10.113644232000070 53.601114485000039)","Unfall 128131 (2018) Kat:3, Licht: 0","128131","3","5","1","10","17","6","0","0","1","1","0","0"
"POINT (10.064857732000064 53.597744255000066)","Unfall 128132 (2018) Kat:3, Licht: 2","128132","3","6","4","10","07","6","0","2","1","0","0","0"
"POINT (10.024229992000073 53.610229008000033)","Unfall 128133 (2018) Kat:3, Licht: 0","128133","3","3","6","10","16","3","0","0","1","0","1","0"
"POINT (10.070358708000072 53.604338773000052)","Unfall 128134 (2018) Kat:3, Licht: 0","128134","3","3","5","10","12","6","0","0","1","1","0","0"
"POINT (10.057407240000032 53.608423187000028)","Unfall 128135 (2018) Kat:3, Licht: 2","128135","3","2","5","11","17","3","0","2","1","1","0","0"
"POINT (10.034040579000077 53.536931332000051)","Unfall 128136 (2018) Kat:3, Licht: 0","128136","3","2","3","10","08","5","1","0","1","1","0","0"
"POINT (10.104994937000072 53.653392075000056)","Unfall 128137 (2018) Kat:3, Licht: 0","128137","3","6","2","10","17","6","0","0","0","1","0","0"
"POINT (10.053144261000057 53.557262905000073)","Unfall 128138 (2018) Kat:3, Licht: 2","128138","3","3","5","11","06","6","0","2","0","1","0","1"
"POINT (10.041627164000033 53.534095276000073)","Unfall 128139 (2018) Kat:3, Licht: 0","128139","3","4","6","10","08","5","1","0","0","1","1","0"
"POINT (10.119749157000058 53.664360644000055)","Unfall 128140 (2018) Kat:3, Licht: 0","128140","3","2","2","10","13","6","0","0","0","1","0","0"
"POINT (10.006919770000025 53.623033425000074)","Unfall 128141 (2018) Kat:3, Licht: 0","128141","3","2","4","10","14","6","0","0","1","1","0","0"
"POINT (9.939219184000024 53.544552889000045)","Unfall 128142 (2018) Kat:3, Licht: 0","128142","3","7","1","11","14","7","0","0","1","1","0","0"
"POINT (10.027476465000063 53.606261335000056)","Unfall 128143 (2018) Kat:3, Licht: 0","128143","3","6","2","10","07","6","0","0","0","1","0","0"
"POINT (9.864965727000026 53.572542344000055)","Unfall 128144 (2018) Kat:3, Licht: 2","128144","3","2","4","11","17","5","0","2","0","1","0","1"
"POINT (9.904637843000046 53.594559632000028)","Unfall 128145 (2018) Kat:3, Licht: 2","128145","3","2","2","10","23","6","0","2","0","1","0","0"
"POINT (9.870054690000075 53.593626117000042)","Unfall 128146 (2018) Kat:2, Licht: 0","128146","2","4","6","10","16","6","0","0","0","0","1","0"
"POINT (9.950373216000060 53.564621148000072)","Unfall 128147 (2018) Kat:3, Licht: 2","128147","3","1","9","10","20","3","1","2","0","1","0","0"
"POINT (9.914177218000077 53.548853955000027)","Unfall 128148 (2018) Kat:2, Licht: 2","128148","2","7","0","10","19","6","0","2","1","0","0","0"
"POINT (9.962914101000024 53.569438970000078)","Unfall 128149 (2018) Kat:3, Licht: 2","128149","3","7","0","11","23","3","0","2","1","0","0","0"
"POINT (9.953867917000025 53.569060286000081)","Unfall 128150 (2018) Kat:3, Licht: 0","128150","3","6","0","10","10","6","0","0","0","0","0","0"
"POINT (10.080679224000050 53.580991480000080)","Unfall 128151 (2018) Kat:3, Licht: 0","128151","3","3","5","11","14","6","0","0","0","1","0","0"
"POINT (9.941536404000033 53.577883510000049)","Unfall 128152 (2018) Kat:2, Licht: 0","128152","2","3","5","10","17","6","0","0","1","1","0","0"
"POINT (10.061796071000060 53.580892265000045)","Unfall 128153 (2018) Kat:3, Licht: 0","128153","3","1","0","10","12","4","0","0","0","0","0","1"
"POINT (9.919320835000065 53.550977601000056)","Unfall 128154 (2018) Kat:3, Licht: 0","128154","3","3","5","10","07","6","0","0","1","1","0","0"
"POINT (9.993322591000037 53.576545544000055)","Unfall 128155 (2018) Kat:3, Licht: 0","128155","3","6","2","11","09","4","0","0","0","1","0","1"
"POINT (10.004958297000030 53.587331249000044)","Unfall 128156 (2018) Kat:3, Licht: 2","128156","3","3","5","10","18","2","0","2","0","1","0","0"
"POINT (9.987516606000042 53.516885468000055)","Unfall 128157 (2018) Kat:3, Licht: 2","128157","3","7","0","10","19","4","0","2","0","0","1","0"
"POINT (9.949311471000044 53.558663346000060)","Unfall 128158 (2018) Kat:3, Licht: 0","128158","3","2","2","10","07","6","0","0","1","1","0","0"
"POINT (10.033731701000022 53.573557884000081)","Unfall 128159 (2018) Kat:3, Licht: 0","128159","3","2","5","11","13","4","0","0","1","1","0","0"
"POINT (9.993948747000047 53.572899586000062)","Unfall 128160 (2018) Kat:3, Licht: 0","128160","3","2","2","10","14","6","0","0","0","1","0","0"
"POINT (10.123863582000070 53.616855079000061)","Unfall 128161 (2018) Kat:2, Licht: 0","128161","2","2","4","10","08","2","0","0","0","1","0","1"
"POINT (9.985657333000063 53.582966418000069)","Unfall 128162 (2018) Kat:3, Licht: 0","128162","3","2","5","10","13","6","0","0","1","1","0","0"
"POINT (9.999625014000060 53.549963428000069)","Unfall 128163 (2018) Kat:3, Licht: 0","128163","3","7","3","11","13","3","0","0","0","1","0","1"
"POINT (9.962521054000035 53.548535749000052)","Unfall 128164 (2018) Kat:3, Licht: 2","128164","3","7","5","10","21","6","0","2","0","1","0","0"
"POINT (9.953145453000047 53.545422378000069)","Unfall 128165 (2018) Kat:3, Licht: 0","128165","3","3","5","11","14","6","0","0","0","0","0","1"
"POINT (10.013362350000023 53.554078946000061)","Unfall 128166 (2018) Kat:3, Licht: 0","128166","3","2","3","10","07","6","0","0","1","1","0","0"
"POINT (10.004077885000072 53.505863594000061)","Unfall 128167 (2018) Kat:3, Licht: 0","128167","3","6","0","10","16","5","0","0","1","1","0","0"
"POINT (9.939177852000057 53.598843845000033)","Unfall 128168 (2018) Kat:3, Licht: 0","128168","3","3","5","10","14","4","0","0","0","1","0","0"
"POINT (10.012437722000072 53.544785083000079)","Unfall 128169 (2018) Kat:3, Licht: 0","128169","3","6","4","10","09","5","0","0","1","0","0","0"
"POINT (10.009118630000046 53.552177234000055)","Unfall 128170 (2018) Kat:3, Licht: 0","128170","3","6","3","11","12","4","0","0","0","1","0","0"
"POINT (9.914319228000068 53.582894186000033)","Unfall 128171 (2018) Kat:3, Licht: 1","128171","3","6","2","10","17","2","0","1","0","1","0","0"
"POINT (10.124401262000049 53.570969273000060)","Unfall 128172 (2018) Kat:3, Licht: 1","128172","3","3","5","10","19","5","0","1","1","1","0","0"
"POINT (9.957552805000034 53.549834169000064)","Unfall 128173 (2018) Kat:3, Licht: 2","128173","3","7","6","11","06","1","0","2","0","1","1","0"
"POINT (10.081462734000070 53.533122098000035)","Unfall 128174 (2018) Kat:3, Licht: 2","128174","3","6","2","10","21","7","0","2","0","1","0","0"
"POINT (10.161775069000043 53.619397390000074)","Unfall 128175 (2018) Kat:3, Licht: 0","128175","3","3","5","10","15","5","0","0","0","1","0","0"
"POINT (10.138102090000075 53.593046623000077)","Unfall 128176 (2018) Kat:3, Licht: 2","128176","3","1","0","11","18","5","0","2","1","0","0","0"
"POINT (10.179648124000039 53.603148106000049)","Unfall 128177 (2018) Kat:3, Licht: 0","128177","3","6","0","10","17","5","0","0","0","1","0","1"
"POINT (9.961015477000046 53.548828114000059)","Unfall 128178 (2018) Kat:3, Licht: 0","128178","3","7","0","11","14","2","1","0","1","0","0","0"
"POINT (10.124514392000037 53.618225941000048)","Unfall 128179 (2018) Kat:3, Licht: 0","128179","3","3","5","10","07","5","0","0","1","0","0","0"
"POINT (9.850729046000026 53.536218640000072)","Unfall 128180 (2018) Kat:3, Licht: 0","128180","3","6","0","11","14","5","0","0","0","1","0","0"
"POINT (10.055809604000046 53.582371020000039)","Unfall 128181 (2018) Kat:3, Licht: 0","128181","3","6","0","10","14","5","1","0","0","1","0","1"
"POINT (10.072166754000023 53.608710944000052)","Unfall 128182 (2018) Kat:3, Licht: 2","128182","3","2","3","10","20","5","0","2","1","1","0","0"
"POINT (10.107552590000068 53.541872946000069)","Unfall 128183 (2018) Kat:3, Licht: 0","128183","3","3","5","10","12","3","0","0","0","1","0","0"
"POINT (10.100032010000064 53.654983611000034)","Unfall 128184 (2018) Kat:3, Licht: 2","128184","3","2","2","10","20","5","0","2","0","1","0","0"
"POINT (10.185330539000063 53.508488413000066)","Unfall 128185 (2018) Kat:3, Licht: 0","128185","3","3","5","11","07","3","0","0","0","1","0","0"
"POINT (9.943157640000038 53.451039038000033)","Unfall 128186 (2018) Kat:3, Licht: 2","128186","3","7","0","10","19","1","1","2","1","0","0","0"
"POINT (10.068755914000064 53.655452074000038)","Unfall 128187 (2018) Kat:3, Licht: 0","128187","3","6","6","10","13","5","1","0","1","0","1","0"
"POINT (10.008732793000036 53.585461524000038)","Unfall 128188 (2018) Kat:3, Licht: 2","128188","3","3","5","11","17","7","0","2","0","1","0","1"
"POINT (10.017017171000077 53.617503245000080)","Unfall 128189 (2018) Kat:3, Licht: 0","128189","3","2","2","10","13","5","1","0","0","1","0","0"
"POINT (10.042431302000068 53.565348984000082)","Unfall 128190 (2018) Kat:3, Licht: 0","128190","3","3","5","11","14","5","0","0","1","1","0","0"
"POINT (10.153870094000069 53.614611546000049)","Unfall 128191 (2018) Kat:3, Licht: 0","128191","3","3","5","10","15","6","1","0","1","1","0","0"
"POINT (10.012542807000045 53.606358428000078)","Unfall 128192 (2018) Kat:3, Licht: 1","128192","3","6","2","10","18","5","0","1","0","1","0","0"
"POINT (10.032555690000038 53.538890318000028)","Unfall 128193 (2018) Kat:3, Licht: 0","128193","3","6","2","10","09","5","1","0","0","1","0","0"
"POINT (10.050101167000037 53.585689057000081)","Unfall 128194 (2018) Kat:3, Licht: 0","128194","3","2","3","10","11","3","0","0","0","1","0","0"
"POINT (9.972605708000060 53.557003357000042)","Unfall 128195 (2018) Kat:3, Licht: 1","128195","3","6","6","11","07","4","0","1","1","0","1","0"
"POINT (9.955742029000021 53.550843491000080)","Unfall 128196 (2018) Kat:3, Licht: 0","128196","3","6","3","11","15","5","0","0","0","1","0","0"
"POINT (10.025818435000076 53.551313980000032)","Unfall 128197 (2018) Kat:3, Licht: 2","128197","3","3","5","11","20","4","0","2","1","1","0","0"
"POINT (9.951264878000075 53.565911956000036)","Unfall 128198 (2018) Kat:3, Licht: 0","128198","3","6","2","11","13","5","0","0","0","1","0","0"
"POINT (9.972437951000075 53.570364827000049)","Unfall 128199 (2018) Kat:3, Licht: 0","128199","3","6","3","11","11","5","0","0","1","0","0","0"
"POINT (9.887832573000026 53.601013983000030)","Unfall 128200 (2018) Kat:3, Licht: 2","128200","3","6","2","11","16","2","0","2","0","1","0","0"
"POINT (9.997367608000047 53.545073309000031)","Unfall 128201 (2018) Kat:3, Licht: 2","128201","3","4","6","11","17","5","0","2","0","1","1","0"
"POINT (10.010351139000022 53.580115915000079)","Unfall 128202 (2018) Kat:3, Licht: 0","128202","3","5","1","11","09","6","0","0","0","1","0","0"
"POINT (10.149924333000058 53.526042119000067)","Unfall 128203 (2018) Kat:3, Licht: 0","128203","3","2","5","11","09","4","0","0","1","1","0","0"
"POINT (9.940411347000065 53.591149080000037)","Unfall 128204 (2018) Kat:3, Licht: 1","128204","3","6","2","11","16","3","0","1","0","1","0","0"
"POINT (10.120018879000042 53.582397248000063)","Unfall 128205 (2018) Kat:3, Licht: 0","128205","3","5","5","11","09","4","0","0","1","1","0","0"
"POINT (10.049162986000056 53.646517435000078)","Unfall 128206 (2018) Kat:3, Licht: 2","128206","3","3","5","11","17","4","0","2","0","1","0","0"
"POINT (9.982181253000022 53.428391032000036)","Unfall 128207 (2018) Kat:3, Licht: 2","128207","3","3","5","11","22","3","0","2","0","1","0","0"
"POINT (10.023460594000028 53.497409769000058)","Unfall 128208 (2018) Kat:3, Licht: 0","128208","3","3","5","11","10","6","0","0","1","1","0","0"
"POINT (10.102094507000061 53.647285819000047)","Unfall 128209 (2018) Kat:1, Licht: 2","128209","1","3","5","11","23","4","0","2","0","1","0","0"
"POINT (9.910905448000051 53.632821683000031)","Unfall 128210 (2018) Kat:3, Licht: 2","128210","3","2","4","11","18","1","0","2","0","1","0","0"
"POINT (10.122810135000066 53.666791980000028)","Unfall 128211 (2018) Kat:3, Licht: 2","128211","3","6","2","11","19","4","0","2","0","1","0","0"
"POINT (10.021896326000046 53.661071410000034)","Unfall 128212 (2018) Kat:3, Licht: 2","128212","3","2","3","11","19","4","0","2","1","1","0","0"
"POINT (9.954877871000065 53.548616289000051)","Unfall 128213 (2018) Kat:3, Licht: 2","128213","3","3","5","11","07","2","0","2","1","0","0","0"
"POINT (10.000542796000047 53.678882999000052)","Unfall 128214 (2018) Kat:3, Licht: 0","128214","3","6","2","11","10","4","1","0","0","1","0","0"
"POINT (10.077066885000022 53.665058188000046)","Unfall 128215 (2018) Kat:2, Licht: 0","128215","2","3","5","11","15","6","0","0","1","1","0","0"
"POINT (10.055756239000061 53.565696643000081)","Unfall 128216 (2018) Kat:3, Licht: 0","128216","3","5","1","11","10","6","0","0","0","1","0","0"
"POINT (9.978594435000048 53.458897878000073)","Unfall 128217 (2018) Kat:3, Licht: 0","128217","3","7","0","11","09","5","0","0","0","1","0","0"
"POINT (10.020205270000076 53.629609418000030)","Unfall 128218 (2018) Kat:3, Licht: 1","128218","3","3","5","11","07","4","1","1","0","1","0","1"
"POINT (9.980769156000065 53.591679691000081)","Unfall 128219 (2018) Kat:3, Licht: 0","128219","3","6","2","11","08","3","0","0","1","1","0","0"
"POINT (10.015817009000045 53.617183240000031)","Unfall 128220 (2018) Kat:3, Licht: 0","128220","3","6","2","11","10","4","1","0","0","1","0","0"
"POINT (9.955519223000067 53.581397676000051)","Unfall 128221 (2018) Kat:3, Licht: 0","128221","3","1","0","11","15","2","1","0","1","0","0","0"
"POINT (10.055948053000066 53.591452744000037)","Unfall 128222 (2018) Kat:3, Licht: 0","128222","3","3","5","11","14","4","0","0","0","1","0","0"
"POINT (9.869958897000061 53.547474260000058)","Unfall 128223 (2018) Kat:3, Licht: 1","128223","3","3","5","11","08","3","0","1","1","1","0","0"
"POINT (10.040511688000038 53.603542261000030)","Unfall 128224 (2018) Kat:3, Licht: 2","128224","3","7","0","11","02","6","1","2","0","1","0","0"
"POINT (9.811547935000021 53.563248002000080)","Unfall 128225 (2018) Kat:3, Licht: 2","128225","3","4","6","11","18","4","1","2","0","1","1","0"
"POINT (10.207202632000076 53.489281176000077)","Unfall 128226 (2018) Kat:3, Licht: 0","128226","3","4","6","11","13","7","0","0","0","0","1","0"
"POINT (9.907035624000059 53.567230409000047)","Unfall 128227 (2018) Kat:3, Licht: 0","128227","3","3","5","11","16","4","1","0","1","1","0","0"
"POINT (9.987410750000038 53.548709482000049)","Unfall 128228 (2018) Kat:3, Licht: 0","128228","3","6","2","11","13","5","0","0","0","1","0","1"
"POINT (9.908385245000034 53.566651438000065)","Unfall 128229 (2018) Kat:3, Licht: 0","128229","3","2","4","11","08","4","0","0","1","1","0","0"
"POINT (9.905959400000029 53.610035278000055)","Unfall 128230 (2018) Kat:3, Licht: 1","128230","3","2","6","11","07","5","1","1","0","1","1","0"
"POINT (9.981632669000021 53.605865534000031)","Unfall 128231 (2018) Kat:3, Licht: 0","128231","3","3","5","11","16","4","1","0","1","1","0","0"
"POINT (10.114358120000077 53.601341552000065)","Unfall 128232 (2018) Kat:3, Licht: 1","128232","3","6","2","11","07","5","0","1","0","1","0","0"
"POINT (9.943217422000032 53.581614912000077)","Unfall 128233 (2018) Kat:3, Licht: 0","128233","3","7","0","11","10","4","0","0","0","0","0","1"
"POINT (10.006178275000025 53.585995830000059)","Unfall 128234 (2018) Kat:3, Licht: 0","128234","3","2","0","11","09","5","1","0","0","1","0","0"
"POINT (10.054911663000041 53.560854503000030)","Unfall 128235 (2018) Kat:3, Licht: 0","128235","3","6","2","11","08","2","0","0","0","1","0","0"
"POINT (9.920148561000076 53.559277862000044)","Unfall 128236 (2018) Kat:2, Licht: 0","128236","2","7","0","11","12","4","0","0","1","0","0","0"
"POINT (10.079325398000037 53.648092401000042)","Unfall 128237 (2018) Kat:3, Licht: 2","128237","3","5","9","11","04","1","0","2","0","1","0","0"
"POINT (9.995356008000044 53.550587568000026)","Unfall 128238 (2018) Kat:3, Licht: 2","128238","3","4","6","11","18","4","0","2","1","0","1","0"
"POINT (9.994535396000060 53.551881812000033)","Unfall 128239 (2018) Kat:3, Licht: 0","128239","3","4","6","11","12","3","0","0","1","0","1","0"
"POINT (9.960177523000027 53.563642073000040)","Unfall 128240 (2018) Kat:3, Licht: 0","128240","3","2","4","11","14","6","0","0","1","1","0","0"
"POINT (9.988542298000027 53.555394684000078)","Unfall 128241 (2018) Kat:3, Licht: 0","128241","3","1","0","11","12","4","0","0","1","0","0","0"
"POINT (10.025592167000070 53.559979138000074)","Unfall 128242 (2018) Kat:3, Licht: 0","128242","3","6","2","11","15","7","0","0","0","1","0","0"
"POINT (10.008755808000046 53.552372683000044)","Unfall 128243 (2018) Kat:3, Licht: 0","128243","3","4","0","11","14","4","0","0","0","0","1","0"
"POINT (9.918983633000039 53.560502652000082)","Unfall 128244 (2018) Kat:3, Licht: 2","128244","3","3","5","11","17","4","0","2","1","1","0","0"
"POINT (9.888359863000062 53.478059207000058)","Unfall 128245 (2018) Kat:3, Licht: 0","128245","3","3","5","11","10","3","1","0","1","1","0","0"
"POINT (9.979038808000041 53.457747000000040)","Unfall 128246 (2018) Kat:3, Licht: 0","128246","3","4","6","11","15","4","0","0","1","0","1","0"
"POINT (9.991423248000046 53.453354792000027)","Unfall 128247 (2018) Kat:3, Licht: 2","128247","3","6","2","11","06","3","1","2","0","1","0","0"
"POINT (9.951983912000060 53.468693150000036)","Unfall 128248 (2018) Kat:3, Licht: 0","128248","3","4","6","11","19","6","0","0","0","1","1","0"
"POINT (9.991662281000060 53.502597007000077)","Unfall 128249 (2018) Kat:3, Licht: 2","128249","3","2","4","11","05","3","1","2","0","1","0","0"
"POINT (10.083639337000022 53.618180609000035)","Unfall 128250 (2018) Kat:3, Licht: 0","128250","3","4","6","11","07","2","0","0","0","1","1","0"
"POINT (10.180460186000062 53.507624476000046)","Unfall 128251 (2018) Kat:3, Licht: 2","128251","3","3","5","11","19","3","0","2","0","1","0","0"
"POINT (9.918330994000030 53.563048904000027)","Unfall 128252 (2018) Kat:3, Licht: 0","128252","3","7","4","11","13","7","0","0","1","1","0","0"
"POINT (10.203728544000057 53.471554831000049)","Unfall 128253 (2018) Kat:3, Licht: 0","128253","3","4","6","11","07","3","1","0","0","1","1","0"
"POINT (10.042468111000062 53.549809009000057)","Unfall 128254 (2018) Kat:3, Licht: 0","128254","3","3","5","11","11","2","0","0","0","1","0","0"
"POINT (10.057674439000039 53.554022010000040)","Unfall 128255 (2018) Kat:3, Licht: 2","128255","3","2","2","11","17","5","1","2","0","1","0","0"
"POINT (10.187290374000042 53.490627500000073)","Unfall 128256 (2018) Kat:2, Licht: 0","128256","2","6","0","11","09","3","1","0","1","0","1","0"
"POINT (10.086483102000045 53.545167801000048)","Unfall 128257 (2018) Kat:3, Licht: 0","128257","3","6","2","11","09","6","0","0","0","1","0","0"
"POINT (10.212119308000069 53.504024004000030)","Unfall 128258 (2018) Kat:3, Licht: 0","128258","3","4","6","11","11","3","0","0","0","1","1","0"
"POINT (9.880473625000036 53.614705263000076)","Unfall 128259 (2018) Kat:3, Licht: 2","128259","3","3","5","11","17","6","0","2","1","1","0","0"
"POINT (9.975587510000025 53.558520670000064)","Unfall 128260 (2018) Kat:3, Licht: 0","128260","3","3","5","11","13","4","0","0","0","1","0","0"
"POINT (10.178638059000036 53.486985841000035)","Unfall 128261 (2018) Kat:2, Licht: 2","128261","2","4","6","11","17","3","1","2","0","1","1","0"
"POINT (10.136315130000071 53.573721864000049)","Unfall 128262 (2018) Kat:3, Licht: 2","128262","3","6","4","11","17","4","0","2","0","1","0","1"
"POINT (10.092152915000042 53.573056209000072)","Unfall 128263 (2018) Kat:3, Licht: 0","128263","3","3","5","11","14","3","1","0","0","1","0","1"
"POINT (9.904792107000048 53.595332895000070)","Unfall 128264 (2018) Kat:3, Licht: 2","128264","3","3","5","11","05","2","0","2","1","1","0","0"
"POINT (10.080239182000071 53.608994168000038)","Unfall 128265 (2018) Kat:3, Licht: 2","128265","3","1","0","11","17","3","1","2","0","0","0","1"
"POINT (10.086892985000077 53.652904770000077)","Unfall 128266 (2018) Kat:3, Licht: 1","128266","3","3","5","11","07","6","0","1","1","1","0","0"
"POINT (9.925430575000064 53.594443674000047)","Unfall 128267 (2018) Kat:3, Licht: 1","128267","3","1","1","11","17","6","0","1","0","1","0","0"
"POINT (9.816346735000025 53.574852625000062)","Unfall 128268 (2018) Kat:3, Licht: 0","128268","3","1","8","11","13","6","0","0","0","1","0","0"
"POINT (10.131705272000033 53.673361872000044)","Unfall 128269 (2018) Kat:3, Licht: 0","128269","3","6","2","11","08","3","1","0","0","1","0","0"
"POINT (9.874431622000031 53.589953248000029)","Unfall 128270 (2018) Kat:3, Licht: 1","128270","3","2","3","11","07","3","0","1","1","1","0","0"
"POINT (10.025133320000066 53.650648192000062)","Unfall 128271 (2018) Kat:3, Licht: 1","128271","3","3","5","11","16","3","1","1","0","1","0","0"
"POINT (10.027148615000044 53.570316788000071)","Unfall 128272 (2018) Kat:3, Licht: 2","128272","3","2","5","11","16","2","0","2","1","1","0","0"