WKT,Name,OBJECTID,UKATEGORIE,UTYP1,UART,UMONAT,USTUNDE,UWOCHENTAG,STRZUSTAND,ULICHTVERH,ISTRAD,ISTPKW,ISTFUSS,ISTKRAD
"POINT (10.086607589000039 53.660228204000077)","Unfall 128273 (2018) Kat:3, Licht: 2","128273","3","3","5","11","17","6","0","2","0","1","0","0"
"POINT (10.081838515000072 53.576394230000062)","Unfall 128274 (2018) Kat:3, Licht: 0","128274","3","2","0","11","13","6","0","0","1","1","0","0"
"POINT (10.052122591000057 53.593154501000072)","Unfall 128275 (2018) Kat:3, Licht: 2","128275","3","5","1","11","16","3","1","2","1","1","0","0"
"POINT (10.072053462000042 53.608705398000041)","Unfall 128276 (2018) Kat:3, Licht: 2","128276","3","6","2","11","02","3","0","2","0","1","0","1"
"POINT (9.976216373000057 53.647174211000049)","Unfall 128277 (2018) Kat:3, Licht: 0","128277","3","7","0","11","15","5","1","0","0","0","0","1"
"POINT (10.041416363000053 53.579643706000070)","Unfall 128278 (2018) Kat:3, Licht: 1","128278","3","3","5","11","06","3","0","1","1","1","0","0"
"POINT (9.889254654000069 53.601073416000077)","Unfall 128279 (2018) Kat:3, Licht: 2","128279","3","2","6","11","21","4","0","2","0","1","1","0"
"POINT (9.968203706000054 53.545793642000035)","Unfall 128280 (2018) Kat:3, Licht: 2","128280","3","4","6","12","23","7","1","2","0","1","1","0"
"POINT (10.044425734000072 53.574957926000081)","Unfall 128281 (2018) Kat:2, Licht: 2","128281","2","3","5","11","18","3","1","2","1","1","0","0"
"POINT (9.968852867000067 53.535346401000027)","Unfall 128282 (2018) Kat:2, Licht: 2","128282","2","6","2","11","17","2","1","2","0","1","0","0"
"POINT (9.864719688000037 53.573403177000046)","Unfall 128283 (2018) Kat:3, Licht: 0","128283","3","4","6","11","08","3","1","0","0","1","1","0"
"POINT (10.036163456000054 53.648832057000050)","Unfall 128284 (2018) Kat:3, Licht: 0","128284","3","6","1","11","09","6","1","0","0","1","0","0"
"POINT (10.197028137000075 53.488831658000038)","Unfall 128285 (2018) Kat:3, Licht: 2","128285","3","4","0","11","18","5","0","2","0","0","1","0"
"POINT (9.826713343000051 53.565614985000082)","Unfall 128286 (2018) Kat:3, Licht: 0","128286","3","3","5","11","10","3","0","0","0","0","0","0"
"POINT (10.070170495000070 53.573416493000082)","Unfall 128287 (2018) Kat:3, Licht: 2","128287","3","6","2","11","19","5","1","2","0","1","0","0"
"POINT (9.916203017000044 53.515180848000057)","Unfall 128288 (2018) Kat:3, Licht: 0","128288","3","6","3","11","08","2","0","0","0","1","0","0"
"POINT (9.840133272000060 53.564653724000038)","Unfall 128289 (2018) Kat:3, Licht: 0","128289","3","2","3","11","08","3","1","0","1","0","0","1"
"POINT (10.124744933000045 53.571163274000071)","Unfall 128290 (2018) Kat:3, Licht: 2","128290","3","1","8","11","04","1","0","2","0","1","0","0"
"POINT (9.907790496000075 53.564554103000035)","Unfall 128291 (2018) Kat:3, Licht: 2","128291","3","7","0","11","18","3","1","2","0","0","1","0"
"POINT (9.973945623000077 53.569324996000034)","Unfall 128292 (2018) Kat:3, Licht: 0","128292","3","4","6","11","16","3","0","0","1","0","1","0"
"POINT (9.996151645000055 53.592023112000049)","Unfall 128293 (2018) Kat:3, Licht: 0","128293","3","7","8","11","10","6","0","0","0","1","0","0"
"POINT (9.919270593000022 53.628042810000068)","Unfall 128294 (2018) Kat:3, Licht: 2","128294","3","2","6","11","18","3","1","2","0","0","1","0"
"POINT (10.119924932000060 53.606281782000053)","Unfall 128295 (2018) Kat:2, Licht: 2","128295","2","2","5","11","18","7","0","2","0","1","0","0"
"POINT (9.961641520000057 53.573783225000057)","Unfall 128296 (2018) Kat:3, Licht: 2","128296","3","7","1","11","17","3","1","2","1","1","0","0"
"POINT (10.216415046000066 53.485854459000052)","Unfall 128297 (2018) Kat:3, Licht: 0","128297","3","3","5","11","09","3","1","0","1","1","0","0"
"POINT (10.106673810000075 53.605929918000072)","Unfall 128298 (2018) Kat:2, Licht: 2","128298","2","2","4","11","17","6","0","2","0","1","0","1"
"POINT (9.972137697000051 53.582030688000032)","Unfall 128299 (2018) Kat:3, Licht: 2","128299","3","2","3","11","17","3","1","2","1","1","0","0"
"POINT (9.997034989000042 53.556958546000033)","Unfall 128300 (2018) Kat:3, Licht: 2","128300","3","6","2","11","17","1","1","2","0","1","0","0"
"POINT (9.971322544000032 53.552347134000058)","Unfall 128301 (2018) Kat:3, Licht: 0","128301","3","2","0","11","15","3","1","0","1","1","0","0"
"POINT (9.991870039000048 53.590039716000035)","Unfall 128302 (2018) Kat:3, Licht: 1","128302","3","3","6","11","15","5","0","1","1","0","1","0"
"POINT (9.985785393000072 53.456416293000075)","Unfall 128303 (2018) Kat:3, Licht: 0","128303","3","6","2","11","14","2","1","0","0","1","0","0"
"POINT (10.019178844000066 53.566750889000048)","Unfall 128304 (2018) Kat:3, Licht: 2","128304","3","4","6","11","18","5","1","2","0","1","1","0"
"POINT (10.167616944000031 53.648781343000053)","Unfall 128305 (2018) Kat:2, Licht: 0","128305","2","4","6","11","12","2","0","0","0","1","1","0"
"POINT (9.981840596000041 53.417794724000032)","Unfall 128306 (2018) Kat:3, Licht: 2","128306","3","1","0","11","17","2","1","2","0","0","0","1"
"POINT (10.119290403000036 53.532055074000027)","Unfall 128307 (2018) Kat:3, Licht: 2","128307","3","1","9","11","03","7","0","2","0","1","0","0"
"POINT (10.110036720000039 53.453782659000069)","Unfall 128308 (2018) Kat:3, Licht: 2","128308","3","1","8","11","18","2","1","2","0","1","0","0"
"POINT (10.240841318000037 53.477526168000054)","Unfall 128309 (2018) Kat:3, Licht: 1","128309","3","4","6","11","07","2","1","1","0","0","1","0"
"POINT (10.004813152000054 53.547096556000042)","Unfall 128310 (2018) Kat:3, Licht: 0","128310","3","6","2","11","09","6","0","0","0","1","0","0"
"POINT (10.213513479000028 53.504137241000080)","Unfall 128311 (2018) Kat:3, Licht: 2","128311","3","6","2","11","17","2","1","2","0","1","0","0"
"POINT (9.977181889000065 53.459633432000032)","Unfall 128312 (2018) Kat:3, Licht: 1","128312","3","2","5","11","16","5","0","1","1","1","0","0"
"POINT (10.028361358000041 53.534613072000070)","Unfall 128313 (2018) Kat:3, Licht: 0","128313","3","6","2","11","15","6","0","0","0","1","0","0"
"POINT (9.959829884000044 53.555599389000065)","Unfall 128314 (2018) Kat:3, Licht: 0","128314","3","1","9","11","12","7","0","0","0","1","0","0"
"POINT (10.100964348000048 53.540654652000057)","Unfall 128315 (2018) Kat:3, Licht: 0","128315","3","6","2","11","12","2","1","0","0","1","0","0"
"POINT (9.985808545000054 53.572613210000043)","Unfall 128316 (2018) Kat:3, Licht: 0","128316","3","6","2","11","11","4","0","0","0","1","0","0"
"POINT (10.057492906000050 53.554966271000069)","Unfall 128317 (2018) Kat:3, Licht: 2","128317","3","2","4","11","20","2","1","2","0","1","0","0"
"POINT (10.047760565000033 53.561904013000060)","Unfall 128318 (2018) Kat:3, Licht: 2","128318","3","4","6","11","20","2","1","2","0","1","1","0"
"POINT (10.201790948000053 53.465683532000071)","Unfall 128319 (2018) Kat:3, Licht: 2","128319","3","5","1","11","06","4","0","2","0","1","0","0"
"POINT (10.060396959000059 53.562152668000067)","Unfall 128320 (2018) Kat:3, Licht: 0","128320","3","4","6","11","15","2","1","0","0","0","1","0"
"POINT (9.951413785000057 53.622478659000080)","Unfall 128321 (2018) Kat:2, Licht: 2","128321","2","4","6","11","07","5","1","2","0","0","1","0"
"POINT (10.103963582000063 53.590048054000079)","Unfall 128322 (2018) Kat:3, Licht: 0","128322","3","6","3","11","09","2","1","0","0","1","0","0"
"POINT (10.002589487000023 53.554909715000065)","Unfall 128323 (2018) Kat:3, Licht: 2","128323","3","6","2","11","03","7","0","2","0","1","0","0"
"POINT (10.123804397000072 53.569520216000058)","Unfall 128324 (2018) Kat:3, Licht: 0","128324","3","4","6","11","10","2","1","0","1","0","1","0"
"POINT (10.031973990000040 53.535534092000034)","Unfall 128325 (2018) Kat:3, Licht: 0","128325","3","3","5","11","07","2","0","0","1","1","0","0"
"POINT (10.071980397000061 53.569871629000033)","Unfall 128326 (2018) Kat:3, Licht: 2","128326","3","6","2","11","05","5","1","2","0","1","0","0"
"POINT (10.088735146000033 53.586897332000035)","Unfall 128327 (2018) Kat:3, Licht: 2","128327","3","6","1","11","06","2","1","2","0","1","0","0"
"POINT (9.993913804000044 53.465313697000056)","Unfall 128328 (2018) Kat:3, Licht: 0","128328","3","2","5","11","10","5","0","0","0","1","0","0"
"POINT (10.027551837000033 53.555546848000063)","Unfall 128329 (2018) Kat:3, Licht: 0","128329","3","5","1","11","10","6","0","0","1","1","0","0"
"POINT (10.045486197000059 53.579029033000040)","Unfall 128330 (2018) Kat:2, Licht: 2","128330","2","7","0","11","18","2","0","2","1","0","0","0"
"POINT (9.955614415000071 53.552127850000034)","Unfall 128331 (2018) Kat:3, Licht: 2","128331","3","3","5","11","18","6","0","2","0","1","0","0"
"POINT (10.198565856000073 53.505864487000053)","Unfall 128332 (2018) Kat:2, Licht: 0","128332","2","7","6","11","14","3","0","0","0","1","1","0"
"POINT (10.044060343000069 53.586853794000035)","Unfall 128333 (2018) Kat:3, Licht: 2","128333","3","4","6","11","06","2","1","2","0","1","1","0"
"POINT (10.014705668000033 53.589964966000082)","Unfall 128334 (2018) Kat:3, Licht: 0","128334","3","1","8","11","14","4","0","0","1","0","0","0"
"POINT (9.903990213000043 53.608716515000026)","Unfall 128335 (2018) Kat:3, Licht: 0","128335","3","3","2","11","12","2","1","0","0","1","0","0"
"POINT (10.209031630000027 53.493891108000071)","Unfall 128336 (2018) Kat:3, Licht: 0","128336","3","2","3","11","11","5","0","0","1","1","0","0"
"POINT (9.974002665000057 53.569194254000081)","Unfall 128337 (2018) Kat:3, Licht: 2","128337","3","2","4","11","21","2","0","2","0","1","0","0"
"POINT (10.093786680000051 53.546944299000074)","Unfall 128338 (2018) Kat:3, Licht: 2","128338","3","4","6","11","16","4","0","2","0","1","1","0"
"POINT (9.917354729000067 53.599626195000042)","Unfall 128339 (2018) Kat:3, Licht: 2","128339","3","2","6","11","06","2","1","2","0","1","1","0"
"POINT (9.843531835000022 53.567327470000066)","Unfall 128340 (2018) Kat:3, Licht: 0","128340","3","1","8","11","12","2","1","0","0","1","0","0"
"POINT (10.044583319000026 53.596999844000038)","Unfall 128341 (2018) Kat:3, Licht: 0","128341","3","3","5","11","08","2","0","0","1","1","0","0"
"POINT (9.953080719000070 53.602034342000081)","Unfall 128342 (2018) Kat:3, Licht: 1","128342","3","6","2","11","16","2","1","1","0","1","0","0"
"POINT (10.207908201000066 53.494714364000060)","Unfall 128343 (2018) Kat:3, Licht: 0","128343","3","2","0","11","11","5","0","0","0","1","0","0"
"POINT (10.018377933000068 53.661404097000059)","Unfall 128344 (2018) Kat:2, Licht: 2","128344","2","2","6","11","17","6","0","2","0","1","1","0"
"POINT (9.972882698000035 53.598443986000063)","Unfall 128345 (2018) Kat:3, Licht: 1","128345","3","6","2","11","07","2","1","1","0","1","0","0"
"POINT (10.045551220000050 53.596598654000047)","Unfall 128346 (2018) Kat:2, Licht: 1","128346","2","6","4","11","07","3","0","1","0","1","0","0"
"POINT (9.988507124000023 53.582200057000080)","Unfall 128347 (2018) Kat:3, Licht: 0","128347","3","3","5","11","08","2","1","0","1","1","0","0"
"POINT (9.974120726000024 53.569206916000041)","Unfall 128348 (2018) Kat:3, Licht: 2","128348","3","7","0","11","20","2","1","2","1","1","0","0"
"POINT (9.936316553000040 53.546428967000054)","Unfall 128349 (2018) Kat:3, Licht: 2","128349","3","3","4","11","06","4","0","2","0","1","0","0"
"POINT (9.983567767000068 53.424449648000063)","Unfall 128350 (2018) Kat:3, Licht: 2","128350","3","5","1","11","19","6","0","2","0","1","0","0"
"POINT (10.011873186000059 53.550259658000073)","Unfall 128351 (2018) Kat:3, Licht: 1","128351","3","5","1","11","07","2","1","1","1","1","0","0"
"POINT (10.102256023000052 53.523635336000041)","Unfall 128352 (2018) Kat:2, Licht: 0","128352","2","2","2","11","08","5","0","0","0","1","0","1"
"POINT (10.036147135000022 53.574685267000064)","Unfall 128353 (2018) Kat:2, Licht: 2","128353","2","7","0","11","20","1","0","2","1","0","0","0"
"POINT (9.783097211000040 53.537222377000035)","Unfall 128354 (2018) Kat:3, Licht: 2","128354","3","4","6","11","22","1","1","2","0","1","1","0"
"POINT (10.038832456000023 53.552504592000048)","Unfall 128355 (2018) Kat:3, Licht: 0","128355","3","2","3","11","13","5","0","0","0","1","0","0"
"POINT (10.143610261000049 53.570309361000056)","Unfall 128356 (2018) Kat:3, Licht: 0","128356","3","3","5","11","14","5","0","0","1","1","0","0"
"POINT (10.076147935000051 53.575136275000034)","Unfall 128357 (2018) Kat:3, Licht: 2","128357","3","5","1","11","21","1","1","2","0","1","0","1"
"POINT (10.110705749000033 53.653836510000076)","Unfall 128358 (2018) Kat:3, Licht: 1","128358","3","6","2","11","07","5","1","1","0","1","0","0"
"POINT (10.163242975000060 53.649536318000060)","Unfall 128359 (2018) Kat:2, Licht: 0","128359","2","7","6","11","14","1","0","0","0","1","1","0"
"POINT (9.974432886000045 53.579803347000052)","Unfall 128360 (2018) Kat:3, Licht: 0","128360","3","4","0","11","10","6","0","0","0","0","1","0"
"POINT (10.019678509000073 53.581483288000072)","Unfall 128361 (2018) Kat:3, Licht: 0","128361","3","3","5","11","15","1","0","0","1","0","0","0"
"POINT (9.946990459000062 53.580623879000029)","Unfall 128362 (2018) Kat:3, Licht: 0","128362","3","4","6","11","08","3","0","0","0","1","1","0"
"POINT (9.921604206000040 53.632085643000039)","Unfall 128363 (2018) Kat:3, Licht: 2","128363","3","4","6","11","19","1","1","2","0","1","1","0"
"POINT (9.954955191000067 53.569222036000042)","Unfall 128364 (2018) Kat:3, Licht: 0","128364","3","6","2","11","07","2","0","0","0","1","0","0"
"POINT (9.956362402000025 53.570324253000081)","Unfall 128365 (2018) Kat:3, Licht: 2","128365","3","2","3","11","18","1","1","2","1","1","0","0"
"POINT (9.842643382000063 53.574679413000069)","Unfall 128366 (2018) Kat:3, Licht: 0","128366","3","6","4","11","10","3","0","0","0","0","0","1"
"POINT (10.041190576000076 53.599886123000033)","Unfall 128367 (2018) Kat:2, Licht: 2","128367","2","2","3","11","18","6","0","2","1","1","0","0"
"POINT (9.969957541000042 53.567645497000058)","Unfall 128368 (2018) Kat:3, Licht: 2","128368","3","2","5","11","21","1","1","2","1","1","0","0"
"POINT (10.129349877000038 53.600226149000036)","Unfall 128369 (2018) Kat:3, Licht: 0","128369","3","2","5","11","09","5","0","0","1","1","0","0"
"POINT (10.007490943000050 53.496573074000082)","Unfall 128370 (2018) Kat:3, Licht: 2","128370","3","6","2","11","22","7","0","2","0","1","0","0"
"POINT (9.986123707000047 53.575217982000026)","Unfall 128371 (2018) Kat:3, Licht: 2","128371","3","7","0","11","00","1","1","2","1","0","0","0"
"POINT (9.998369882000077 53.549882029000059)","Unfall 128372 (2018) Kat:3, Licht: 2","128372","3","7","5","11","00","5","0","2","0","1","0","0"
"POINT (9.991882163000071 53.561260867000044)","Unfall 128373 (2018) Kat:3, Licht: 2","128373","3","7","3","11","22","1","1","2","1","1","0","0"
"POINT (10.033636149000074 53.573704551000048)","Unfall 128374 (2018) Kat:3, Licht: 1","128374","3","3","5","11","08","5","1","1","0","1","0","0"
"POINT (10.031837902000063 53.631871027000045)","Unfall 128375 (2018) Kat:3, Licht: 1","128375","3","6","2","11","07","2","1","1","0","1","0","0"
"POINT (10.015324905000057 53.518460445000073)","Unfall 128376 (2018) Kat:3, Licht: 2","128376","3","3","5","11","20","7","1","2","0","1","0","0"
"POINT (9.811413368000046 53.558451131000027)","Unfall 128377 (2018) Kat:3, Licht: 0","128377","3","7","6","11","15","7","0","0","0","1","1","0"
"POINT (10.115012515000046 53.545515737000073)","Unfall 128378 (2018) Kat:3, Licht: 2","128378","3","2","6","11","17","7","1","2","0","1","1","0"
"POINT (10.065014001000065 53.554004726000073)","Unfall 128379 (2018) Kat:3, Licht: 0","128379","3","6","2","11","14","2","0","0","0","1","0","0"
"POINT (9.993422002000045 53.516384141000060)","Unfall 128380 (2018) Kat:3, Licht: 2","128380","3","4","6","11","07","5","1","2","0","1","1","0"
"POINT (10.149860274000048 53.527225361000035)","Unfall 128381 (2018) Kat:3, Licht: 2","128381","3","4","6","11","19","7","1","2","0","1","1","0"
"POINT (10.208115004000035 53.489780106000069)","Unfall 128382 (2018) Kat:3, Licht: 0","128382","3","7","6","11","10","2","0","0","0","1","1","0"
"POINT (10.073124648000032 53.608741856000051)","Unfall 128383 (2018) Kat:2, Licht: 0","128383","2","4","6","11","13","7","1","0","0","1","1","0"
"POINT (10.064379247000034 53.598384297000052)","Unfall 128384 (2018) Kat:3, Licht: 2","128384","3","6","2","11","21","1","1","2","0","1","0","1"
"POINT (10.018669546000069 53.562971860000061)","Unfall 128385 (2018) Kat:3, Licht: 0","128385","3","7","0","11","13","7","1","0","0","0","0","1"
"POINT (10.000805097000068 53.555563043000063)","Unfall 128386 (2018) Kat:3, Licht: 2","128386","3","2","4","11","07","3","0","2","0","1","0","0"
"POINT (9.938722372000029 53.550158242000066)","Unfall 128387 (2018) Kat:3, Licht: 2","128387","3","6","2","11","18","6","0","2","0","1","0","0"
"POINT (9.946341433000043 53.583069596000030)","Unfall 128388 (2018) Kat:3, Licht: 0","128388","3","7","6","11","14","7","1","0","0","1","1","0"
"POINT (10.142424860000062 53.599023419000048)","Unfall 128389 (2018) Kat:3, Licht: 0","128389","3","3","5","11","08","5","0","0","0","1","0","0"
"POINT (10.058797737000077 53.570049889000074)","Unfall 128390 (2018) Kat:3, Licht: 0","128390","3","6","2","11","14","7","0","0","0","1","0","0"
"POINT (9.866407129000038 53.568447623000054)","Unfall 128391 (2018) Kat:3, Licht: 1","128391","3","3","5","11","16","7","1","1","0","1","0","0"
"POINT (10.014953938000076 53.574476363000031)","Unfall 128392 (2018) Kat:3, Licht: 1","128392","3","2","5","11","07","4","0","1","1","1","0","0"
"POINT (9.846660270000029 53.573920795000049)","Unfall 128393 (2018) Kat:3, Licht: 0","128393","3","3","5","11","07","7","1","0","1","1","0","0"
"POINT (10.008763882000039 53.555601146000072)","Unfall 128394 (2018) Kat:3, Licht: 2","128394","3","3","5","11","19","5","1","2","0","1","0","0"
"POINT (9.942070515000069 53.543859897000061)","Unfall 128395 (2018) Kat:3, Licht: 2","128395","3","2","2","11","16","7","1","2","0","1","0","1"
"POINT (9.980601753000030 53.457930225000041)","Unfall 128396 (2018) Kat:3, Licht: 0","128396","3","4","0","11","15","6","0","0","0","0","1","0"
"POINT (9.947167175000061 53.550963870000032)","Unfall 128397 (2018) Kat:3, Licht: 0","128397","3","2","3","11","11","7","1","0","0","1","0","1"
"POINT (10.066361280000024 53.582027278000055)","Unfall 128398 (2018) Kat:3, Licht: 2","128398","3","7","2","11","16","2","0","2","0","1","0","0"
"POINT (9.993003856000030 53.557432950000077)","Unfall 128399 (2018) Kat:3, Licht: 0","128399","3","2","3","11","14","7","1","0","1","1","0","0"
"POINT (10.149385527000049 53.615602523000064)","Unfall 128400 (2018) Kat:3, Licht: 2","128400","3","3","5","11","06","5","1","2","0","1","0","0"
"POINT (10.049429183000029 53.601757603000067)","Unfall 128401 (2018) Kat:2, Licht: 2","128401","2","2","6","11","06","6","1","2","0","1","1","0"
"POINT (9.956252185000039 53.464024745000074)","Unfall 128402 (2018) Kat:3, Licht: 0","128402","3","2","5","11","09","6","0","0","1","0","0","0"
"POINT (10.062823850000029 53.569276544000047)","Unfall 128403 (2018) Kat:3, Licht: 0","128403","3","2","5","11","16","5","0","0","1","0","0","0"
"POINT (10.005144482000048 53.556536422000079)","Unfall 128404 (2018) Kat:3, Licht: 0","128404","3","6","4","11","15","7","0","0","1","0","0","0"
"POINT (9.996043776000022 53.439329641000029)","Unfall 128405 (2018) Kat:3, Licht: 0","128405","3","3","5","11","07","6","1","0","1","0","0","1"
"POINT (9.983851025000035 53.549230372000068)","Unfall 128406 (2018) Kat:3, Licht: 0","128406","3","5","1","11","09","4","0","0","1","1","0","0"
"POINT (10.184207902000026 53.506187328000067)","Unfall 128407 (2018) Kat:3, Licht: 0","128407","3","2","5","11","15","6","1","0","0","1","0","0"
"POINT (10.117520835000050 53.584571785000037)","Unfall 128408 (2018) Kat:3, Licht: 2","128408","3","3","1","11","18","4","0","2","1","1","0","0"
"POINT (10.213896682000041 53.488160964000031)","Unfall 128409 (2018) Kat:3, Licht: 0","128409","3","4","6","11","10","6","0","0","0","1","1","0"
"POINT (10.100292680000052 53.574569989000054)","Unfall 128410 (2018) Kat:3, Licht: 0","128410","3","3","5","11","12","5","0","0","0","1","0","0"
"POINT (10.069718011000077 53.555286515000034)","Unfall 128411 (2018) Kat:3, Licht: 0","128411","3","7","1","11","10","6","1","0","1","0","0","0"
"POINT (9.867324157000041 53.596087977000082)","Unfall 128412 (2018) Kat:3, Licht: 2","128412","3","2","4","11","22","2","1","2","1","1","0","0"
"POINT (10.125958878000063 53.538706049000041)","Unfall 128413 (2018) Kat:3, Licht: 0","128413","3","6","2","11","14","6","1","0","1","0","0","0"
"POINT (10.079538415000059 53.572791435000056)","Unfall 128414 (2018) Kat:3, Licht: 0","128414","3","2","6","11","13","5","0","0","0","1","1","0"
"POINT (10.038036089000059 53.574881548000064)","Unfall 128415 (2018) Kat:3, Licht: 2","128415","3","5","1","11","19","6","0","2","1","1","0","0"
"POINT (10.100102341000024 53.579639884000073)","Unfall 128416 (2018) Kat:3, Licht: 0","128416","3","6","2","11","11","6","0","0","0","1","0","0"
"POINT (10.041278498000054 53.534247843000060)","Unfall 128417 (2018) Kat:3, Licht: 0","128417","3","6","2","11","08","6","1","0","0","1","0","0"
"POINT (9.918270076000056 53.571165834000055)","Unfall 128418 (2018) Kat:3, Licht: 2","128418","3","6","2","11","17","3","0","2","0","1","0","0"
"POINT (10.135648219000075 53.617059717000075)","Unfall 128419 (2018) Kat:3, Licht: 2","128419","3","3","5","11","18","6","0","2","1","1","0","0"
"POINT (10.113608154000076 53.616322250000053)","Unfall 128420 (2018) Kat:3, Licht: 0","128420","3","6","2","11","16","6","1","0","0","1","0","0"
"POINT (9.980676889000051 53.461599193000040)","Unfall 128421 (2018) Kat:3, Licht: 2","128421","3","3","5","11","06","3","0","2","1","1","0","0"
"POINT (10.092108097000050 53.514011908000043)","Unfall 128422 (2018) Kat:3, Licht: 0","128422","3","4","6","11","13","6","0","0","0","0","1","0"
"POINT (10.064229039000054 53.578733998000075)","Unfall 128423 (2018) Kat:3, Licht: 2","128423","3","7","1","11","01","6","0","2","0","1","0","0"
"POINT (10.080031801000075 53.608382145000064)","Unfall 128424 (2018) Kat:3, Licht: 0","128424","3","2","4","11","14","5","0","0","1","1","0","0"
"POINT (10.151507255000070 53.586777228000074)","Unfall 128425 (2018) Kat:3, Licht: 0","128425","3","3","5","11","13","3","0","0","0","1","0","0"
"POINT (9.911784533000059 53.629411164000032)","Unfall 128426 (2018) Kat:3, Licht: 1","128426","3","6","4","11","07","5","0","1","1","0","0","0"
"POINT (9.998426238000036 53.648307362000082)","Unfall 128427 (2018) Kat:3, Licht: 0","128427","3","1","0","11","13","6","1","0","0","0","0","1"
"POINT (10.022765810000067 53.581024892000073)","Unfall 128428 (2018) Kat:3, Licht: 2","128428","3","3","5","11","16","4","0","2","1","1","0","0"
"POINT (10.008503796000070 53.589419613000075)","Unfall 128429 (2018) Kat:3, Licht: 0","128429","3","3","5","11","11","6","1","0","1","1","0","0"
"POINT (10.016204081000069 53.620836372000042)","Unfall 128430 (2018) Kat:3, Licht: 0","128430","3","2","6","11","14","5","0","0","0","1","1","0"
"POINT (10.004926933000036 53.557792417000030)","Unfall 128431 (2018) Kat:3, Licht: 2","128431","3","6","2","11","06","2","1","2","0","1","0","0"
"POINT (9.908514061000062 53.605924704000074)","Unfall 128432 (2018) Kat:3, Licht: 0","128432","3","2","3","11","15","6","1","0","1","1","0","0"
"POINT (10.001041199000042 53.677042805000042)","Unfall 128433 (2018) Kat:3, Licht: 0","128433","3","6","2","11","08","5","0","0","0","1","0","0"
"POINT (9.981096104000073 53.421753156000079)","Unfall 128434 (2018) Kat:3, Licht: 2","128434","3","6","1","11","18","5","1","2","0","1","0","0"
"POINT (9.905886856000052 53.596714347000045)","Unfall 128435 (2018) Kat:3, Licht: 0","128435","3","2","5","11","15","6","0","0","1","1","0","0"
"POINT (10.087470396000072 53.577745061000030)","Unfall 128436 (2018) Kat:3, Licht: 2","128436","3","7","1","11","17","5","1","2","0","1","0","0"
"POINT (9.955126946000064 53.562631647000046)","Unfall 128437 (2018) Kat:3, Licht: 0","128437","3","7","6","11","09","3","0","0","0","1","1","0"
"POINT (10.108654275000049 53.563023605000069)","Unfall 128438 (2018) Kat:2, Licht: 1","128438","2","4","6","11","07","6","1","1","0","1","1","0"
"POINT (9.900780629000053 53.606280774000027)","Unfall 128439 (2018) Kat:3, Licht: 0","128439","3","6","2","11","12","6","0","0","0","1","0","0"
"POINT (9.987940726000034 53.541421173000060)","Unfall 128440 (2018) Kat:3, Licht: 0","128440","3","6","0","11","11","2","0","0","1","0","0","0"
"POINT (9.960958437000045 53.569416349000051)","Unfall 128441 (2018) Kat:3, Licht: 0","128441","3","7","3","11","13","6","0","0","0","1","0","0"
"POINT (9.957752539000069 53.569983259000082)","Unfall 128442 (2018) Kat:3, Licht: 2","128442","3","3","5","11","23","3","0","2","1","0","0","0"
"POINT (10.057594928000071 53.646443269000031)","Unfall 128443 (2018) Kat:3, Licht: 1","128443","3","3","5","11","07","6","1","1","1","1","0","0"
"POINT (9.984617469000057 53.570068093000032)","Unfall 128444 (2018) Kat:3, Licht: 0","128444","3","3","5","11","10","6","1","0","1","1","0","0"
"POINT (10.001014441000052 53.672062827000047)","Unfall 128445 (2018) Kat:3, Licht: 0","128445","3","4","0","11","11","5","0","0","0","1","1","0"
"POINT (10.122255249000034 53.538441162000026)","Unfall 128446 (2018) Kat:3, Licht: 2","128446","3","5","1","11","19","7","0","2","0","1","0","0"
"POINT (9.968313978000026 53.557355756000049)","Unfall 128447 (2018) Kat:3, Licht: 0","128447","3","7","6","11","15","6","0","0","1","0","1","0"
"POINT (10.008248398000035 53.579707820000067)","Unfall 128448 (2018) Kat:3, Licht: 2","128448","3","4","6","11","19","5","0","2","0","1","1","0"
"POINT (9.999173907000056 53.557400269000027)","Unfall 128449 (2018) Kat:3, Licht: 2","128449","3","6","2","11","16","5","0","2","0","1","0","0"
"POINT (9.970032854000067 53.567486322000036)","Unfall 128450 (2018) Kat:3, Licht: 2","128450","3","6","1","11","22","1","0","2","0","1","0","0"
"POINT (9.775401557000066 53.533623704000036)","Unfall 128451 (2018) Kat:3, Licht: 2","128451","3","4","6","11","19","5","0","2","0","1","1","0"
"POINT (10.003623823000055 53.579001404000053)","Unfall 128452 (2018) Kat:3, Licht: 0","128452","3","7","0","11","11","5","0","0","1","0","0","0"
"POINT (9.905980758000055 53.609935369000027)","Unfall 128453 (2018) Kat:3, Licht: 1","128453","3","7","6","11","07","5","1","1","0","1","1","0"
"POINT (10.009703099000035 53.476373661000082)","Unfall 128454 (2018) Kat:3, Licht: 0","128454","3","6","2","11","07","5","1","0","0","1","0","0"
"POINT (10.042463855000051 53.598004270000047)","Unfall 128455 (2018) Kat:3, Licht: 2","128455","3","2","5","11","06","5","1","2","1","0","0","0"
"POINT (10.033452670000031 53.540833003000046)","Unfall 128456 (2018) Kat:3, Licht: 2","128456","3","1","8","11","21","2","0","2","0","1","0","0"