WKT,Name,OBJECTID,UKATEGORIE,UTYP1,UART,UMONAT,USTUNDE,UWOCHENTAG,STRZUSTAND,ULICHTVERH,ISTRAD,ISTPKW,ISTFUSS,ISTKRAD
"POINT (10.145818433000045 53.490075800000056)","Unfall 128457 (2018) Kat:3, Licht: 2","128457","3","7","8","11","20","5","0","2","0","1","0","0"
"POINT (9.938507072000050 53.581017376000034)","Unfall 128458 (2018) Kat:3, Licht: 0","128458","3","3","5","11","15","1","0","0","1","1","0","0"
"POINT (10.156372376000036 53.413015663000067)","Unfall 128459 (2018) Kat:3, Licht: 0","128459","3","3","5","11","11","5","0","0","0","1","0","0"
"POINT (9.978177177000021 53.464502461000052)","Unfall 128460 (2018) Kat:3, Licht: 0","128460","3","6","2","11","11","2","0","0","0","1","0","0"
"POINT (10.000600800000029 53.555632725000066)","Unfall 128461 (2018) Kat:3, Licht: 2","128461","3","2","4","11","18","6","0","2","0","1","0","0"
"POINT (10.226286040000048 53.445170233000056)","Unfall 128462 (2018) Kat:2, Licht: 0","128462","2","4","6","11","09","5","1","0","0","1","1","0"
"POINT (9.995100240000056 53.595186773000080)","Unfall 128463 (2018) Kat:3, Licht: 2","128463","3","2","4","11","17","5","0","2","1","1","0","0"
"POINT (9.903775991000032 53.592172445000074)","Unfall 128464 (2018) Kat:3, Licht: 2","128464","3","6","2","11","19","7","0","2","0","1","0","0"
"POINT (10.046805193000068 53.558223804000079)","Unfall 128465 (2018) Kat:3, Licht: 2","128465","3","2","5","11","17","5","0","2","1","1","0","0"
"POINT (9.976983834000066 53.578007300000081)","Unfall 128466 (2018) Kat:3, Licht: 0","128466","3","2","4","11","14","4","0","0","1","1","0","0"
"POINT (10.055289962000074 53.560915515000033)","Unfall 128467 (2018) Kat:2, Licht: 0","128467","2","6","2","11","13","5","0","0","0","1","0","0"
"POINT (10.234005821000039 53.488287765000052)","Unfall 128468 (2018) Kat:3, Licht: 0","128468","3","6","2","11","15","4","1","0","0","1","0","0"
"POINT (10.110464607000040 53.593006682000066)","Unfall 128469 (2018) Kat:3, Licht: 2","128469","3","3","5","11","20","5","0","2","1","1","0","0"
"POINT (10.011814116000039 53.494666746000064)","Unfall 128470 (2018) Kat:3, Licht: 0","128470","3","6","2","11","09","6","0","0","0","1","0","0"
"POINT (10.062816679000036 53.569290702000046)","Unfall 128471 (2018) Kat:3, Licht: 2","128471","3","2","4","11","18","5","0","2","1","1","0","0"
"POINT (10.071920514000055 53.570990691000077)","Unfall 128472 (2018) Kat:3, Licht: 2","128472","3","6","2","11","05","5","1","2","0","1","0","0"
"POINT (9.872359121000045 53.591703904000042)","Unfall 128473 (2018) Kat:3, Licht: 0","128473","3","7","3","11","14","5","1","0","0","1","0","0"
"POINT (10.064145884000027 53.598372824000080)","Unfall 128474 (2018) Kat:3, Licht: 2","128474","3","5","1","11","17","5","0","2","1","1","0","0"
"POINT (9.964390198000046 53.557055508000076)","Unfall 128475 (2018) Kat:3, Licht: 0","128475","3","2","1","11","15","7","0","0","0","1","0","0"
"POINT (10.160231215000067 53.646512062000056)","Unfall 128476 (2018) Kat:3, Licht: 0","128476","3","3","5","11","10","5","0","0","1","1","0","0"
"POINT (10.032009649000031 53.535301230000073)","Unfall 128477 (2018) Kat:3, Licht: 0","128477","3","3","5","11","10","2","0","0","1","1","0","0"
"POINT (10.153833394000060 53.614594839000063)","Unfall 128478 (2018) Kat:3, Licht: 2","128478","3","3","5","11","06","5","1","2","1","1","0","0"
"POINT (10.083840959000042 53.656207262000066)","Unfall 128479 (2018) Kat:3, Licht: 0","128479","3","3","5","11","14","5","0","0","1","1","0","0"
"POINT (9.811294342000053 53.560930078000069)","Unfall 128480 (2018) Kat:3, Licht: 0","128480","3","2","4","11","11","5","0","0","1","1","0","0"
"POINT (10.107630603000075 53.547467336000068)","Unfall 128481 (2018) Kat:3, Licht: 2","128481","3","6","2","11","19","6","1","2","0","1","0","0"
"POINT (10.001927215000023 53.668062390000046)","Unfall 128482 (2018) Kat:3, Licht: 2","128482","3","6","3","11","22","5","0","2","0","1","0","1"
"POINT (9.988642302000073 53.572646455000040)","Unfall 128483 (2018) Kat:3, Licht: 2","128483","3","3","5","11","20","6","0","2","0","1","0","0"
"POINT (9.996992031000048 53.477014554000050)","Unfall 128484 (2018) Kat:2, Licht: 2","128484","2","1","9","11","21","3","0","2","0","1","0","0"
"POINT (10.057429314000046 53.565025514000070)","Unfall 128485 (2018) Kat:3, Licht: 0","128485","3","4","6","11","16","5","0","0","1","1","1","0"
"POINT (10.097032036000030 53.620288049000067)","Unfall 128486 (2018) Kat:3, Licht: 2","128486","3","4","6","11","07","4","0","2","0","1","1","0"
"POINT (9.829505541000060 53.569094150000069)","Unfall 128487 (2018) Kat:3, Licht: 0","128487","3","7","6","11","14","5","0","0","0","1","1","0"
"POINT (9.908193824000023 53.563845054000069)","Unfall 128488 (2018) Kat:3, Licht: 2","128488","3","4","6","11","17","5","0","2","0","1","1","0"
"POINT (9.904520888000036 53.562966133000032)","Unfall 128489 (2018) Kat:3, Licht: 2","128489","3","2","5","11","18","2","0","2","1","1","0","0"
"POINT (9.993418278000036 53.588857938000046)","Unfall 128490 (2018) Kat:3, Licht: 0","128490","3","5","1","11","14","5","0","0","1","0","0","0"
"POINT (9.901934380000057 53.545561437000060)","Unfall 128491 (2018) Kat:3, Licht: 0","128491","3","7","0","11","12","5","0","0","0","1","0","0"
"POINT (9.755189946000030 53.582100398000080)","Unfall 128492 (2018) Kat:3, Licht: 0","128492","3","6","2","11","15","6","0","0","0","1","0","0"
"POINT (10.031215933000055 53.631543705000070)","Unfall 128493 (2018) Kat:3, Licht: 2","128493","3","5","3","11","21","2","0","2","0","1","0","0"
"POINT (9.945314901000074 53.593481884000028)","Unfall 128494 (2018) Kat:3, Licht: 0","128494","3","6","3","11","12","5","0","0","0","1","0","0"
"POINT (10.108972836000021 53.653746147000049)","Unfall 128495 (2018) Kat:3, Licht: 0","128495","3","6","2","11","07","6","0","0","0","1","0","0"
"POINT (9.981866097000022 53.572537914000065)","Unfall 128496 (2018) Kat:3, Licht: 2","128496","3","3","5","11","19","5","0","2","1","1","0","0"
"POINT (10.050054935000048 53.591681788000074)","Unfall 128497 (2018) Kat:3, Licht: 2","128497","3","2","6","11","18","3","0","2","0","1","1","0"
"POINT (9.974790804000065 53.582922285000052)","Unfall 128498 (2018) Kat:1, Licht: 0","128498","1","7","6","11","13","5","0","0","0","1","1","0"
"POINT (9.966457325000022 53.569166336000080)","Unfall 128499 (2018) Kat:3, Licht: 2","128499","3","2","6","11","06","5","1","2","0","0","1","0"
"POINT (9.874679204000074 53.586003193000067)","Unfall 128500 (2018) Kat:3, Licht: 0","128500","3","6","2","11","12","4","0","0","0","1","0","0"
"POINT (9.999427573000048 53.552204793000044)","Unfall 128501 (2018) Kat:3, Licht: 2","128501","3","4","6","12","17","7","0","2","0","1","1","0"
"POINT (9.973192769000036 53.556879861000027)","Unfall 128502 (2018) Kat:3, Licht: 2","128502","3","6","2","11","17","5","0","2","0","1","0","0"
"POINT (10.153168174000029 53.489701160000038)","Unfall 128503 (2018) Kat:2, Licht: 2","128503","2","1","9","11","02","1","1","2","0","1","0","0"
"POINT (9.963037917000065 53.564543253000068)","Unfall 128504 (2018) Kat:3, Licht: 0","128504","3","5","1","11","15","5","0","0","0","1","0","0"
"POINT (10.086966298000050 53.552193164000073)","Unfall 128505 (2018) Kat:3, Licht: 2","128505","3","3","5","11","22","5","0","2","0","1","0","0"
"POINT (10.011839987000030 53.557768492000037)","Unfall 128506 (2018) Kat:3, Licht: 2","128506","3","4","6","11","23","5","0","2","0","1","1","0"
"POINT (10.146895079000046 53.668738919000077)","Unfall 128507 (2018) Kat:3, Licht: 2","128507","3","4","6","11","18","5","1","2","0","1","1","0"
"POINT (10.192817972000057 53.502256771000077)","Unfall 128508 (2018) Kat:3, Licht: 2","128508","3","2","4","11","18","2","0","2","1","1","0","0"
"POINT (9.875006349000046 53.477456605000043)","Unfall 128509 (2018) Kat:3, Licht: 2","128509","3","2","3","11","17","4","0","2","1","1","0","0"
"POINT (10.118126676000031 53.606886146000079)","Unfall 128510 (2018) Kat:2, Licht: 2","128510","2","4","6","11","20","1","1","2","0","1","1","0"
"POINT (9.908161935000067 53.492040304000056)","Unfall 128511 (2018) Kat:3, Licht: 0","128511","3","6","2","11","14","4","0","0","0","1","0","0"
"POINT (9.983659786000033 53.572558294000032)","Unfall 128512 (2018) Kat:2, Licht: 2","128512","2","4","6","11","17","3","0","2","0","1","1","0"
"POINT (9.980834312000070 53.424512946000050)","Unfall 128513 (2018) Kat:3, Licht: 2","128513","3","3","5","11","17","4","0","2","0","1","0","0"
"POINT (9.959153495000066 53.569633089000035)","Unfall 128514 (2018) Kat:3, Licht: 0","128514","3","6","3","11","11","3","0","0","0","1","0","0"
"POINT (10.052643513000021 53.550023611000029)","Unfall 128515 (2018) Kat:3, Licht: 0","128515","3","3","5","11","13","4","0","0","0","1","0","0"
"POINT (9.852646150000055 53.592396087000054)","Unfall 128516 (2018) Kat:2, Licht: 1","128516","2","4","0","11","16","2","0","1","0","1","1","0"
"POINT (10.022125735000031 53.550840458000039)","Unfall 128517 (2018) Kat:3, Licht: 0","128517","3","4","6","11","08","4","0","0","1","0","1","0"
"POINT (10.026209689000041 53.617003299000032)","Unfall 128518 (2018) Kat:3, Licht: 0","128518","3","7","0","11","15","3","0","0","1","0","0","0"
"POINT (10.059188128000073 53.573501329000067)","Unfall 128519 (2018) Kat:3, Licht: 0","128519","3","6","3","11","13","6","0","0","0","1","0","0"
"POINT (10.155374314000028 53.613649841000040)","Unfall 128520 (2018) Kat:3, Licht: 0","128520","3","2","4","11","09","4","1","0","0","1","0","0"
"POINT (10.007838678000041 53.558676496000032)","Unfall 128521 (2018) Kat:3, Licht: 2","128521","3","3","5","11","17","1","0","2","1","1","0","0"
"POINT (10.104971960000057 53.572048720000055)","Unfall 128522 (2018) Kat:3, Licht: 0","128522","3","3","6","11","16","4","0","0","0","1","1","0"
"POINT (9.985712699000032 53.582942178000053)","Unfall 128523 (2018) Kat:3, Licht: 1","128523","3","7","0","11","15","5","0","1","1","0","0","0"
"POINT (10.154588736000051 53.587569587000075)","Unfall 128524 (2018) Kat:3, Licht: 0","128524","3","6","2","11","08","4","1","0","0","1","0","0"
"POINT (10.040933769000048 53.598543234000033)","Unfall 128525 (2018) Kat:3, Licht: 2","128525","3","4","6","11","07","5","1","2","0","1","1","0"
"POINT (10.140744070000039 53.669505605000040)","Unfall 128526 (2018) Kat:2, Licht: 0","128526","2","2","4","11","15","2","1","0","1","1","0","0"
"POINT (10.102178517000027 53.580278342000042)","Unfall 128527 (2018) Kat:3, Licht: 1","128527","3","6","1","11","06","4","1","1","0","1","0","1"
"POINT (10.070280268000033 53.573196669000026)","Unfall 128528 (2018) Kat:3, Licht: 0","128528","3","3","5","11","14","7","0","0","0","1","0","0"
"POINT (10.135513154000023 53.594611389000079)","Unfall 128529 (2018) Kat:3, Licht: 2","128529","3","4","6","11","19","4","0","2","0","1","1","0"
"POINT (10.100829129000033 53.540351597000040)","Unfall 128530 (2018) Kat:3, Licht: 0","128530","3","3","5","11","08","2","0","0","0","1","0","0"
"POINT (9.905698045000065 53.522854828000050)","Unfall 128531 (2018) Kat:3, Licht: 0","128531","3","3","5","11","11","6","0","0","0","1","0","0"
"POINT (10.161356665000028 53.621608255000069)","Unfall 128532 (2018) Kat:3, Licht: 2","128532","3","6","4","11","23","4","1","2","0","1","0","0"
"POINT (10.065117612000051 53.553955739000060)","Unfall 128533 (2018) Kat:3, Licht: 0","128533","3","3","5","11","10","6","0","0","0","1","0","0"
"POINT (10.001306932000034 53.555393472000048)","Unfall 128534 (2018) Kat:3, Licht: 2","128534","3","6","2","11","18","7","0","2","0","1","0","0"
"POINT (10.087869240000032 53.568851070000051)","Unfall 128535 (2018) Kat:2, Licht: 0","128535","2","4","6","11","09","4","1","0","0","0","1","0"
"POINT (9.850345628000071 53.596140299000069)","Unfall 128536 (2018) Kat:3, Licht: 2","128536","3","3","5","11","20","6","1","2","0","1","0","0"
"POINT (10.069605889000059 53.579660683000043)","Unfall 128537 (2018) Kat:3, Licht: 0","128537","3","4","0","11","14","4","0","0","0","0","1","0"
"POINT (10.105303966000065 53.653419384000074)","Unfall 128538 (2018) Kat:3, Licht: 0","128538","3","6","2","11","15","7","0","0","0","1","0","0"
"POINT (10.111714581000058 53.648557254000082)","Unfall 128539 (2018) Kat:3, Licht: 0","128539","3","4","6","11","15","4","0","0","0","1","1","0"
"POINT (10.040283233000025 53.580398705000050)","Unfall 128540 (2018) Kat:3, Licht: 0","128540","3","3","5","11","09","4","0","0","1","1","0","0"
"POINT (10.125762832000021 53.672619520000069)","Unfall 128541 (2018) Kat:3, Licht: 0","128541","3","3","5","11","08","4","0","0","1","0","0","0"
"POINT (9.925063169000055 53.551027614000077)","Unfall 128542 (2018) Kat:3, Licht: 0","128542","3","3","5","11","13","5","1","0","1","1","0","0"
"POINT (10.028389935000064 53.630346209000038)","Unfall 128543 (2018) Kat:3, Licht: 0","128543","3","7","3","11","11","4","0","0","0","1","0","0"
"POINT (9.980472040000052 53.526309919000028)","Unfall 128544 (2018) Kat:3, Licht: 2","128544","3","7","0","11","16","7","0","2","1","1","0","0"
"POINT (10.032934795000074 53.635979427000052)","Unfall 128545 (2018) Kat:3, Licht: 1","128545","3","5","1","11","07","4","1","1","1","1","0","0"
"POINT (10.140499681000051 53.582614835000072)","Unfall 128546 (2018) Kat:2, Licht: 2","128546","2","4","6","11","17","2","0","2","0","1","1","0"
"POINT (9.996685776000049 53.674458766000043)","Unfall 128547 (2018) Kat:3, Licht: 0","128547","3","3","5","11","15","4","0","0","0","1","0","0"
"POINT (10.070151035000038 53.571941775000028)","Unfall 128548 (2018) Kat:3, Licht: 0","128548","3","7","0","11","07","6","0","0","0","0","0","0"
"POINT (10.024993391000066 53.601809437000043)","Unfall 128549 (2018) Kat:3, Licht: 0","128549","3","2","5","11","15","4","0","0","0","1","0","0"
"POINT (9.890121114000067 53.517877710000050)","Unfall 128550 (2018) Kat:3, Licht: 2","128550","3","6","2","11","18","5","1","2","0","1","0","0"
"POINT (10.109661627000037 53.593367715000056)","Unfall 128551 (2018) Kat:3, Licht: 2","128551","3","2","4","11","17","3","0","2","0","1","0","0"
"POINT (10.045295310000029 53.569466743000078)","Unfall 128552 (2018) Kat:3, Licht: 0","128552","3","3","5","11","11","4","0","0","0","1","0","0"
"POINT (10.063180889000023 53.596600809000051)","Unfall 128553 (2018) Kat:3, Licht: 0","128553","3","6","2","12","14","4","1","0","0","1","0","0"
"POINT (9.922090784000034 53.591561333000072)","Unfall 128554 (2018) Kat:3, Licht: 0","128554","3","7","3","12","14","7","1","0","0","1","0","0"
"POINT (9.934840777000034 53.582919796000056)","Unfall 128555 (2018) Kat:3, Licht: 2","128555","3","7","0","12","03","7","1","2","0","1","1","0"
"POINT (10.141759624000031 53.583969090000039)","Unfall 128556 (2018) Kat:3, Licht: 0","128556","3","6","1","12","14","2","1","0","0","1","0","0"
"POINT (10.011143797000045 53.575619476000043)","Unfall 128557 (2018) Kat:3, Licht: 2","128557","3","7","0","12","18","1","1","2","0","0","0","1"
"POINT (9.866666829000053 53.581965108000077)","Unfall 128558 (2018) Kat:3, Licht: 0","128558","3","4","6","12","13","7","1","0","0","1","1","0"
"POINT (9.994002672000022 53.602082894000034)","Unfall 128559 (2018) Kat:3, Licht: 0","128559","3","6","2","12","14","6","0","0","0","1","0","0"
"POINT (9.993942315000027 53.572910482000054)","Unfall 128560 (2018) Kat:3, Licht: 2","128560","3","2","6","12","18","6","0","2","0","1","1","0"
"POINT (9.917493600000057 53.636161407000031)","Unfall 128561 (2018) Kat:3, Licht: 2","128561","3","3","5","12","16","7","1","2","0","1","0","0"
"POINT (9.936235109000052 53.551273246000051)","Unfall 128562 (2018) Kat:3, Licht: 0","128562","3","6","2","12","12","4","1","0","0","1","0","0"
"POINT (9.962633690000075 53.564429317000076)","Unfall 128563 (2018) Kat:3, Licht: 0","128563","3","3","5","12","09","4","1","0","1","1","0","0"
"POINT (9.932049209000070 53.545380460000047)","Unfall 128564 (2018) Kat:3, Licht: 2","128564","3","6","6","12","00","7","1","2","0","1","1","0"
"POINT (10.166018225000073 53.590175556000077)","Unfall 128565 (2018) Kat:3, Licht: 1","128565","3","7","1","12","16","4","1","1","0","1","0","0"
"POINT (9.980760465000060 53.566980211000043)","Unfall 128566 (2018) Kat:3, Licht: 2","128566","3","1","9","12","04","7","1","2","0","1","0","0"
"POINT (9.973825613000031 53.601693978000071)","Unfall 128567 (2018) Kat:3, Licht: 0","128567","3","6","3","12","15","2","1","0","0","1","0","0"
"POINT (10.074734907000050 53.574746951000066)","Unfall 128568 (2018) Kat:3, Licht: 2","128568","3","2","3","12","21","7","1","2","1","1","0","0"
"POINT (9.957366399000023 53.550017531000037)","Unfall 128569 (2018) Kat:3, Licht: 2","128569","3","4","6","12","06","7","1","2","0","1","1","0"
"POINT (10.109984826000073 53.706861712000034)","Unfall 128570 (2018) Kat:3, Licht: 1","128570","3","2","5","12","16","5","0","1","1","1","0","0"
"POINT (10.126465288000077 53.589294401000075)","Unfall 128571 (2018) Kat:3, Licht: 0","128571","3","6","2","12","15","5","1","0","0","1","0","0"
"POINT (10.008195016000059 53.554303135000055)","Unfall 128572 (2018) Kat:3, Licht: 2","128572","3","7","3","12","16","1","1","2","0","1","0","0"
"POINT (10.005586524000023 53.558028683000032)","Unfall 128573 (2018) Kat:3, Licht: 2","128573","3","6","2","12","18","7","1","2","0","1","0","0"
"POINT (10.012037675000045 53.552386866000063)","Unfall 128574 (2018) Kat:3, Licht: 2","128574","3","6","3","12","17","6","0","2","0","1","0","0"
"POINT (10.055353120000063 53.561024047000046)","Unfall 128575 (2018) Kat:3, Licht: 2","128575","3","3","5","12","07","2","1","2","1","0","0","0"
"POINT (10.104869377000057 53.544930853000039)","Unfall 128576 (2018) Kat:3, Licht: 0","128576","3","6","2","12","10","5","1","0","0","1","0","0"
"POINT (10.102978508000035 53.705022111000062)","Unfall 128577 (2018) Kat:3, Licht: 2","128577","3","3","5","12","17","2","1","2","0","1","0","0"
"POINT (9.888934731000063 53.517900905000033)","Unfall 128578 (2018) Kat:3, Licht: 2","128578","3","1","9","12","04","6","1","2","0","1","0","0"
"POINT (10.113408420000042 53.554651267000054)","Unfall 128579 (2018) Kat:3, Licht: 0","128579","3","2","5","12","10","3","0","0","0","1","0","0"
"POINT (9.994588966000038 53.478089153000042)","Unfall 128580 (2018) Kat:2, Licht: 0","128580","2","4","6","12","14","3","0","0","0","1","1","0"
"POINT (9.952548377000028 53.468782681000050)","Unfall 128581 (2018) Kat:3, Licht: 2","128581","3","5","1","12","19","6","1","2","0","1","0","0"
"POINT (9.997390964000033 53.480225436000069)","Unfall 128582 (2018) Kat:3, Licht: 0","128582","3","6","3","12","13","3","0","0","0","1","0","0"
"POINT (9.955247203000056 53.455917048000060)","Unfall 128583 (2018) Kat:3, Licht: 0","128583","3","4","6","12","12","6","1","0","0","1","1","0"
"POINT (9.940325883000071 53.439531425000041)","Unfall 128584 (2018) Kat:3, Licht: 2","128584","3","3","6","12","07","6","0","2","0","1","1","0"
"POINT (10.091577236000035 53.543958636000070)","Unfall 128585 (2018) Kat:3, Licht: 2","128585","3","3","5","12","19","1","1","2","0","1","0","0"
"POINT (9.879650145000028 53.600844724000069)","Unfall 128586 (2018) Kat:3, Licht: 0","128586","3","6","2","12","14","7","0","0","0","1","0","0"
"POINT (10.184424329000024 53.489799488000074)","Unfall 128587 (2018) Kat:2, Licht: 2","128587","2","3","5","12","17","6","1","2","1","1","0","0"
"POINT (9.991029246000039 53.588017602000036)","Unfall 128588 (2018) Kat:3, Licht: 2","128588","3","6","2","12","23","5","0","2","0","1","0","0"
"POINT (9.920587530000034 53.632933252000043)","Unfall 128589 (2018) Kat:3, Licht: 0","128589","3","3","0","12","13","5","1","0","0","1","0","0"
"POINT (10.198506888000054 53.510546134000037)","Unfall 128590 (2018) Kat:3, Licht: 2","128590","3","4","6","12","18","6","1","2","0","1","1","0"
"POINT (10.048861488000057 53.594756417000042)","Unfall 128591 (2018) Kat:2, Licht: 2","128591","2","7","4","12","06","3","0","2","0","1","0","0"
"POINT (10.206334344000027 53.494567034000056)","Unfall 128592 (2018) Kat:3, Licht: 0","128592","3","2","5","12","10","6","1","0","0","1","0","0"
"POINT (9.933904129000041 53.592608883000082)","Unfall 128593 (2018) Kat:3, Licht: 1","128593","3","2","4","12","06","3","1","1","1","1","0","0"
"POINT (10.017858398000044 53.562725254000043)","Unfall 128594 (2018) Kat:2, Licht: 2","128594","2","3","5","12","16","2","0","2","1","1","0","0"
"POINT (10.104693740000073 53.542987781000079)","Unfall 128595 (2018) Kat:2, Licht: 2","128595","2","7","4","12","17","6","1","2","0","1","0","0"
"POINT (10.100440306000053 53.584667847000048)","Unfall 128596 (2018) Kat:3, Licht: 1","128596","3","6","2","12","07","3","0","1","0","1","0","0"
"POINT (10.113041723000038 53.538061868000057)","Unfall 128597 (2018) Kat:3, Licht: 0","128597","3","6","1","12","13","6","1","0","0","1","0","0"
"POINT (10.026198317000024 53.631580589000066)","Unfall 128598 (2018) Kat:3, Licht: 1","128598","3","3","5","12","07","3","0","1","1","1","0","0"
"POINT (10.108601478000026 53.559154103000026)","Unfall 128599 (2018) Kat:2, Licht: 2","128599","2","2","6","12","17","6","1","2","0","1","1","0"
"POINT (9.982054266000034 53.459331250000048)","Unfall 128600 (2018) Kat:3, Licht: 0","128600","3","7","6","12","13","2","0","0","0","1","1","0"
"POINT (10.035679573000039 53.554920050000078)","Unfall 128601 (2018) Kat:3, Licht: 0","128601","3","7","4","12","14","6","1","0","0","1","0","0"
"POINT (10.044536026000060 53.558374750000041)","Unfall 128602 (2018) Kat:3, Licht: 0","128602","3","7","0","12","13","6","0","0","0","1","0","0"
"POINT (10.000571723000064 53.555612816000064)","Unfall 128603 (2018) Kat:3, Licht: 0","128603","3","2","4","12","15","1","1","0","0","1","0","0"
"POINT (10.019360329000051 53.518837310000038)","Unfall 128604 (2018) Kat:3, Licht: 2","128604","3","2","5","12","07","6","1","2","0","1","0","0"
"POINT (10.057378524000057 53.554020592000029)","Unfall 128605 (2018) Kat:3, Licht: 2","128605","3","3","5","12","18","6","1","2","1","1","0","0"
"POINT (9.977893736000056 53.462120793000054)","Unfall 128606 (2018) Kat:3, Licht: 2","128606","3","6","1","12","17","4","0","2","0","1","0","0"
"POINT (10.062037022000027 53.577598747000081)","Unfall 128607 (2018) Kat:3, Licht: 2","128607","3","7","2","12","19","4","1","2","0","1","0","0"
"POINT (10.135601073000032 53.571023023000066)","Unfall 128608 (2018) Kat:2, Licht: 2","128608","2","4","6","12","19","6","1","2","0","1","0","0"
"POINT (9.922098741000070 53.554143833000069)","Unfall 128609 (2018) Kat:3, Licht: 0","128609","3","2","4","12","11","3","0","0","1","1","0","0"
"POINT (10.148735614000032 53.585924410000075)","Unfall 128610 (2018) Kat:3, Licht: 0","128610","3","3","5","12","15","6","1","0","0","1","0","0"
"POINT (10.193586079000056 53.511717818000079)","Unfall 128611 (2018) Kat:3, Licht: 0","128611","3","5","1","12","13","2","1","0","1","1","0","0"
"POINT (10.064899164000053 53.571415845000047)","Unfall 128612 (2018) Kat:3, Licht: 2","128612","3","4","6","12","18","1","1","2","0","1","1","0"
"POINT (10.132656531000066 53.599882745000059)","Unfall 128613 (2018) Kat:3, Licht: 0","128613","3","6","2","12","10","6","1","0","0","1","0","0"
"POINT (10.191084602000046 53.604319624000027)","Unfall 128614 (2018) Kat:3, Licht: 2","128614","3","1","8","12","16","6","1","2","0","1","0","0"
"POINT (10.081748353000023 53.660688503000074)","Unfall 128615 (2018) Kat:3, Licht: 2","128615","3","3","5","12","07","6","1","2","1","1","0","0"
"POINT (10.031955217000075 53.579618652000079)","Unfall 128616 (2018) Kat:3, Licht: 2","128616","3","2","5","12","07","6","1","2","1","1","0","0"
"POINT (10.040111186000047 53.605207230000076)","Unfall 128617 (2018) Kat:3, Licht: 1","128617","3","2","6","12","07","6","1","1","0","1","1","0"
"POINT (10.098021254000059 53.655633953000063)","Unfall 128618 (2018) Kat:3, Licht: 0","128618","3","2","3","12","08","6","1","0","1","1","0","0"
"POINT (9.981900236000058 53.554449078000061)","Unfall 128619 (2018) Kat:3, Licht: 2","128619","3","3","5","12","17","7","0","2","1","1","0","0"
"POINT (10.123268305000067 53.644416300000046)","Unfall 128620 (2018) Kat:3, Licht: 2","128620","3","2","6","12","16","6","1","2","0","0","1","0"
"POINT (10.170922375000032 53.648029901000029)","Unfall 128621 (2018) Kat:3, Licht: 0","128621","3","3","5","12","15","6","1","0","1","1","0","0"
"POINT (10.076096622000023 53.613928967000049)","Unfall 128622 (2018) Kat:2, Licht: 0","128622","2","2","3","12","11","4","0","0","1","0","0","0"
"POINT (10.160464803000025 53.653122791000044)","Unfall 128623 (2018) Kat:3, Licht: 1","128623","3","6","2","12","17","4","0","1","0","1","0","0"
"POINT (10.132315800000072 53.646522453000046)","Unfall 128624 (2018) Kat:3, Licht: 0","128624","3","2","5","12","14","2","1","0","1","1","0","0"
"POINT (10.115562604000047 53.642677018000029)","Unfall 128625 (2018) Kat:3, Licht: 0","128625","3","4","6","12","13","6","1","0","0","1","1","0"
"POINT (10.013204503000054 53.627850507000062)","Unfall 128626 (2018) Kat:3, Licht: 2","128626","3","4","6","12","18","6","1","2","0","1","1","0"
"POINT (10.150485924000066 53.618482272000051)","Unfall 128627 (2018) Kat:3, Licht: 0","128627","3","3","5","12","15","2","1","0","0","1","0","0"
"POINT (9.973638416000028 53.580485278000026)","Unfall 128628 (2018) Kat:3, Licht: 0","128628","3","7","0","12","13","1","1","0","0","1","0","0"
"POINT (9.994494537000037 53.601981235000039)","Unfall 128629 (2018) Kat:3, Licht: 2","128629","3","2","6","12","07","6","1","2","0","1","1","0"
"POINT (9.941914840000038 53.565605593000043)","Unfall 128630 (2018) Kat:3, Licht: 0","128630","3","6","3","12","11","6","0","0","1","1","0","0"
"POINT (10.036621064000030 53.550017259000072)","Unfall 128631 (2018) Kat:3, Licht: 1","128631","3","7","6","12","07","2","1","1","0","0","1","0"
"POINT (9.850366960000031 53.470537825000065)","Unfall 128632 (2018) Kat:3, Licht: 1","128632","3","3","5","12","07","5","1","1","1","1","0","0"
"POINT (9.996978401000035 53.586418830000071)","Unfall 128633 (2018) Kat:3, Licht: 2","128633","3","4","2","12","17","2","1","2","1","0","1","0"
"POINT (10.022889493000037 53.613803566000058)","Unfall 128634 (2018) Kat:2, Licht: 2","128634","2","2","6","12","07","6","1","2","0","0","1","0"
"POINT (9.899268670000026 53.479675036000060)","Unfall 128635 (2018) Kat:3, Licht: 2","128635","3","2","5","12","07","3","1","2","1","0","0","0"
"POINT (9.995565866000050 53.550819712000077)","Unfall 128636 (2018) Kat:3, Licht: 0","128636","3","6","3","12","17","4","0","0","1","1","0","0"
"POINT (10.018370591000064 53.568228116000057)","Unfall 128637 (2018) Kat:3, Licht: 2","128637","3","5","0","12","19","6","1","2","0","1","0","0"
"POINT (9.882541705000051 53.582001843000057)","Unfall 128638 (2018) Kat:3, Licht: 2","128638","3","2","1","12","23","4","1","2","0","1","0","0"
"POINT (10.014573238000025 53.575929981000058)","Unfall 128639 (2018) Kat:3, Licht: 2","128639","3","3","5","12","20","6","1","2","0","1","0","0"
"POINT (9.917901279000034 53.580725984000082)","Unfall 128640 (2018) Kat:3, Licht: 2","128640","3","6","2","12","21","6","1","2","0","1","0","0"
"POINT (10.068695089000073 53.553219807000062)","Unfall 128641 (2018) Kat:3, Licht: 2","128641","3","2","4","12","16","2","1","2","0","1","0","0"