WKT,Name,OBJECTID,UKATEGORIE,UTYP1,UART,UMONAT,USTUNDE,UWOCHENTAG,STRZUSTAND,ULICHTVERH,ISTRAD,ISTPKW,ISTFUSS,ISTKRAD
"POINT (9.904639483000040 53.587586084000066)","Unfall 128642 (2018) Kat:3, Licht: 0","128642","3","6","2","12","09","4","0","0","0","0","0","0"
"POINT (9.884691405000069 53.580336337000062)","Unfall 128643 (2018) Kat:2, Licht: 0","128643","2","3","5","12","13","4","1","0","1","1","0","0"
"POINT (9.971075210000038 53.641012399000033)","Unfall 128644 (2018) Kat:3, Licht: 0","128644","3","6","1","12","10","6","1","0","0","1","0","0"
"POINT (10.005031385000052 53.557650490000071)","Unfall 128645 (2018) Kat:3, Licht: 2","128645","3","3","5","12","21","5","1","2","0","1","0","0"
"POINT (9.937990275000061 53.616558644000065)","Unfall 128646 (2018) Kat:3, Licht: 0","128646","3","1","9","12","09","6","1","0","0","0","0","0"
"POINT (10.046304447000068 53.587308748000055)","Unfall 128647 (2018) Kat:3, Licht: 2","128647","3","4","6","12","20","2","1","2","0","1","1","0"
"POINT (10.111247881000054 53.558706978000032)","Unfall 128648 (2018) Kat:3, Licht: 2","128648","3","6","2","12","16","7","1","2","0","1","0","0"
"POINT (9.987652430000026 53.590939208000066)","Unfall 128649 (2018) Kat:3, Licht: 0","128649","3","4","6","12","15","6","1","0","0","1","1","0"
"POINT (10.108654266000030 53.563000686000066)","Unfall 128650 (2018) Kat:2, Licht: 2","128650","2","4","6","12","07","5","0","2","0","1","1","0"
"POINT (10.106791236000049 53.614912459000038)","Unfall 128651 (2018) Kat:3, Licht: 0","128651","3","2","5","12","09","2","1","0","1","1","0","0"
"POINT (10.106701238000028 53.614889919000063)","Unfall 128652 (2018) Kat:3, Licht: 2","128652","3","3","5","12","21","5","1","2","1","0","0","0"
"POINT (9.925681307000048 53.551560489000053)","Unfall 128653 (2018) Kat:3, Licht: 0","128653","3","3","5","12","09","6","1","0","1","0","0","0"
"POINT (10.021383488000026 53.544784039000035)","Unfall 128654 (2018) Kat:3, Licht: 2","128654","3","3","5","12","18","3","0","2","0","1","0","0"
"POINT (9.941614786000059 53.565129881000075)","Unfall 128655 (2018) Kat:3, Licht: 0","128655","3","3","5","12","11","6","1","0","1","0","0","0"
"POINT (10.116411120000066 53.607376672000044)","Unfall 128656 (2018) Kat:3, Licht: 2","128656","3","3","5","12","22","3","0","2","1","1","0","0"
"POINT (9.990870375000043 53.580564762000051)","Unfall 128657 (2018) Kat:3, Licht: 2","128657","3","5","1","12","19","6","1","2","1","1","0","0"
"POINT (10.124251265000055 53.570308994000072)","Unfall 128658 (2018) Kat:2, Licht: 1","128658","2","6","4","12","07","3","0","1","0","1","0","0"
"POINT (10.018152064000049 53.556157213000063)","Unfall 128659 (2018) Kat:3, Licht: 1","128659","3","5","1","12","18","6","1","1","0","1","0","0"
"POINT (10.023577086000046 53.553345439000054)","Unfall 128660 (2018) Kat:3, Licht: 2","128660","3","3","5","12","20","6","1","2","0","1","0","0"
"POINT (10.148922515000038 53.595459874000028)","Unfall 128661 (2018) Kat:3, Licht: 0","128661","3","3","5","12","14","1","0","0","0","1","0","0"
"POINT (9.929551497000034 53.645024189000026)","Unfall 128662 (2018) Kat:3, Licht: 0","128662","3","6","3","12","13","7","1","0","0","1","0","0"
"POINT (9.969754106000039 53.516649903000030)","Unfall 128663 (2018) Kat:3, Licht: 2","128663","3","1","8","12","02","6","1","2","0","1","0","0"
"POINT (9.985849995000024 53.550896768000030)","Unfall 128664 (2018) Kat:2, Licht: 2","128664","2","6","3","12","16","5","0","2","1","0","0","0"
"POINT (9.932760022000025 53.470918814000072)","Unfall 128665 (2018) Kat:3, Licht: 1","128665","3","6","2","12","07","5","1","1","0","1","0","0"
"POINT (9.968253507000043 53.580338942000026)","Unfall 128666 (2018) Kat:3, Licht: 2","128666","3","6","2","12","18","2","1","2","0","1","0","1"
"POINT (10.003307471000028 53.592824526000072)","Unfall 128667 (2018) Kat:3, Licht: 2","128667","3","3","5","12","18","7","1","2","1","1","0","0"
"POINT (10.233110900000042 53.455449686000065)","Unfall 128668 (2018) Kat:3, Licht: 2","128668","3","5","1","12","06","5","1","2","0","1","0","0"
"POINT (9.918267371000070 53.579039706000060)","Unfall 128669 (2018) Kat:3, Licht: 2","128669","3","2","3","12","17","5","0","2","1","0","0","0"
"POINT (10.072544806000053 53.608729453000080)","Unfall 128670 (2018) Kat:3, Licht: 2","128670","3","3","5","12","18","5","1","2","0","1","0","0"
"POINT (10.111620002000052 53.552609993000033)","Unfall 128671 (2018) Kat:3, Licht: 2","128671","3","4","6","12","07","5","1","2","0","1","1","0"
"POINT (10.007510131000060 53.580928758000027)","Unfall 128672 (2018) Kat:3, Licht: 2","128672","3","7","0","12","00","3","1","2","0","1","1","0"
"POINT (10.029328268000029 53.552206680000040)","Unfall 128673 (2018) Kat:3, Licht: 0","128673","3","6","1","12","07","5","1","0","0","1","0","1"
"POINT (9.993936159000043 53.601820178000082)","Unfall 128674 (2018) Kat:3, Licht: 2","128674","3","2","5","12","18","3","0","2","1","1","0","0"
"POINT (10.162877236000043 53.589596543000027)","Unfall 128675 (2018) Kat:3, Licht: 0","128675","3","3","5","12","13","5","1","0","1","1","0","0"
"POINT (10.057498677000069 53.554949001000068)","Unfall 128676 (2018) Kat:2, Licht: 2","128676","2","2","4","12","18","2","1","2","0","1","0","0"
"POINT (10.137583378000045 53.628934328000071)","Unfall 128677 (2018) Kat:2, Licht: 2","128677","2","4","6","12","16","5","1","2","0","1","1","0"
"POINT (10.072816390000071 53.608735830000057)","Unfall 128678 (2018) Kat:2, Licht: 2","128678","2","4","6","12","16","5","1","2","0","1","1","0"
"POINT (10.090787800000044 53.634325128000057)","Unfall 128679 (2018) Kat:2, Licht: 0","128679","2","2","4","12","14","7","0","0","1","1","0","0"
"POINT (10.149156355000059 53.586125374000062)","Unfall 128680 (2018) Kat:3, Licht: 2","128680","3","7","6","12","16","6","1","2","1","0","1","0"
"POINT (9.955284824000046 53.598994224000080)","Unfall 128681 (2018) Kat:3, Licht: 2","128681","3","6","2","12","17","2","1","2","0","1","0","0"
"POINT (10.179561949000060 53.478535794000038)","Unfall 128682 (2018) Kat:3, Licht: 0","128682","3","6","2","12","13","2","1","0","0","1","0","0"
"POINT (10.116332421000038 53.650604537000049)","Unfall 128683 (2018) Kat:3, Licht: 2","128683","3","3","5","12","21","5","1","2","0","1","0","0"
"POINT (10.197526230000051 53.488916619000065)","Unfall 128684 (2018) Kat:2, Licht: 0","128684","2","4","6","12","14","4","0","0","0","0","1","1"
"POINT (10.067148492000058 53.572129893000067)","Unfall 128685 (2018) Kat:3, Licht: 2","128685","3","4","6","12","21","4","1","2","0","1","1","0"
"POINT (10.087399542000071 53.650965513000074)","Unfall 128686 (2018) Kat:2, Licht: 0","128686","2","2","5","12","15","5","1","0","0","1","0","0"
"POINT (9.927384280000069 53.518395065000050)","Unfall 128687 (2018) Kat:3, Licht: 0","128687","3","3","5","12","12","3","1","0","0","1","0","0"
"POINT (9.986118182000041 53.578777246000072)","Unfall 128688 (2018) Kat:3, Licht: 2","128688","3","6","2","12","18","5","1","2","1","1","0","0"
"POINT (10.124436925000055 53.667880187000037)","Unfall 128689 (2018) Kat:3, Licht: 0","128689","3","3","5","12","09","5","1","0","0","1","0","0"
"POINT (9.897603833000062 53.612491858000055)","Unfall 128690 (2018) Kat:3, Licht: 0","128690","3","2","0","12","12","3","0","0","0","1","0","0"
"POINT (10.016099382000050 53.634520588000044)","Unfall 128691 (2018) Kat:3, Licht: 2","128691","3","4","6","12","18","5","1","2","0","1","1","0"
"POINT (9.917881199000021 53.635106247000067)","Unfall 128692 (2018) Kat:3, Licht: 0","128692","3","3","5","12","12","3","0","0","1","1","0","0"
"POINT (9.884212327000057 53.526699312000062)","Unfall 128693 (2018) Kat:3, Licht: 2","128693","3","2","6","12","00","1","1","2","0","1","1","0"
"POINT (10.013756379000029 53.629065614000069)","Unfall 128694 (2018) Kat:3, Licht: 0","128694","3","2","3","12","15","5","1","0","0","1","0","1"
"POINT (10.041002936000041 53.647794192000049)","Unfall 128695 (2018) Kat:3, Licht: 1","128695","3","6","2","12","15","5","1","1","0","1","0","0"
"POINT (10.222182905000068 53.505853487000081)","Unfall 128696 (2018) Kat:3, Licht: 2","128696","3","1","8","12","23","6","0","2","0","1","0","0"
"POINT (10.021316997000042 53.649131507000050)","Unfall 128697 (2018) Kat:3, Licht: 0","128697","3","6","2","12","13","6","1","0","0","1","0","0"
"POINT (9.980561241000032 53.566801838000060)","Unfall 128698 (2018) Kat:3, Licht: 2","128698","3","6","2","12","19","2","1","2","0","1","0","0"
"POINT (10.026794082000038 53.650111174000074)","Unfall 128699 (2018) Kat:3, Licht: 2","128699","3","5","1","12","19","6","1","2","0","1","0","0"
"POINT (9.933904071000029 53.592608876000043)","Unfall 128700 (2018) Kat:3, Licht: 2","128700","3","2","4","12","16","5","1","2","1","1","0","0"
"POINT (9.994366399000057 53.597408726000026)","Unfall 128701 (2018) Kat:3, Licht: 0","128701","3","7","0","12","15","4","0","0","1","0","0","0"
"POINT (10.000861875000055 53.589473646000044)","Unfall 128702 (2018) Kat:3, Licht: 2","128702","3","3","5","12","17","4","1","2","1","1","0","0"
"POINT (10.012546196000073 53.606342646000030)","Unfall 128703 (2018) Kat:3, Licht: 2","128703","3","6","2","12","05","2","1","2","0","1","0","0"
"POINT (9.929136088000064 53.592266891000065)","Unfall 128704 (2018) Kat:3, Licht: 0","128704","3","2","6","12","09","5","1","0","0","1","1","0"
"POINT (9.981909194000025 53.613659982000058)","Unfall 128705 (2018) Kat:3, Licht: 2","128705","3","6","2","12","05","5","1","2","0","1","0","0"
"POINT (9.967996399000072 53.579551436000031)","Unfall 128706 (2018) Kat:3, Licht: 2","128706","3","4","0","12","19","5","1","2","1","0","1","0"
"POINT (10.078698349000035 53.663057705000028)","Unfall 128707 (2018) Kat:3, Licht: 1","128707","3","3","5","12","16","2","0","1","0","1","0","0"
"POINT (9.972101099000042 53.545450588000051)","Unfall 128708 (2018) Kat:3, Licht: 0","128708","3","6","2","12","11","1","1","0","0","1","0","0"
"POINT (9.993857947000038 53.579744559000062)","Unfall 128709 (2018) Kat:3, Licht: 2","128709","3","2","3","12","17","2","1","2","1","1","0","0"
"POINT (9.993853563000073 53.547437471000080)","Unfall 128710 (2018) Kat:3, Licht: 2","128710","3","4","6","12","05","5","1","2","0","1","1","0"
"POINT (9.930146600000057 53.550891223000065)","Unfall 128711 (2018) Kat:3, Licht: 0","128711","3","5","1","12","15","6","0","0","1","1","0","0"
"POINT (9.976951219000057 53.552204053000082)","Unfall 128712 (2018) Kat:3, Licht: 2","128712","3","1","0","12","19","5","1","2","0","0","0","1"
"POINT (10.092666775000055 53.546593043000030)","Unfall 128713 (2018) Kat:3, Licht: 2","128713","3","3","5","12","19","2","1","2","0","1","0","0"
"POINT (10.085588584000050 53.656948767000074)","Unfall 128714 (2018) Kat:3, Licht: 2","128714","3","4","6","12","19","1","1","2","0","1","1","0"
"POINT (9.894799422000062 53.477389832000028)","Unfall 128715 (2018) Kat:3, Licht: 1","128715","3","3","0","12","07","4","2","1","1","1","0","0"
"POINT (10.021106811000038 53.669485544000054)","Unfall 128716 (2018) Kat:3, Licht: 0","128716","3","3","0","12","15","6","0","0","1","1","0","0"
"POINT (9.987527850000049 53.552217343000052)","Unfall 128717 (2018) Kat:3, Licht: 2","128717","3","6","3","12","02","2","1","2","0","0","0","1"
"POINT (9.907484953000051 53.545800212000074)","Unfall 128718 (2018) Kat:3, Licht: 2","128718","3","2","5","12","23","6","1","2","0","1","0","0"
"POINT (10.019312135000064 53.518804429000056)","Unfall 128719 (2018) Kat:3, Licht: 0","128719","3","2","5","12","14","4","0","0","0","1","0","0"
"POINT (9.960009181000032 53.569198878000066)","Unfall 128720 (2018) Kat:3, Licht: 2","128720","3","3","5","12","17","4","0","2","1","0","0","0"
"POINT (9.968425886000034 53.572201215000064)","Unfall 128721 (2018) Kat:3, Licht: 2","128721","3","5","1","12","00","4","1","2","1","1","0","0"
"POINT (10.121297411000057 53.564365356000053)","Unfall 128722 (2018) Kat:3, Licht: 1","128722","3","6","2","12","08","4","1","1","0","1","0","0"
"POINT (9.966697646000057 53.461068162000061)","Unfall 128723 (2018) Kat:3, Licht: 0","128723","3","3","5","12","14","4","1","0","0","1","0","0"
"POINT (10.042555137000022 53.555446071000063)","Unfall 128724 (2018) Kat:2, Licht: 2","128724","2","3","5","12","07","4","2","2","1","1","1","0"
"POINT (9.963856153000052 53.599788799000066)","Unfall 128725 (2018) Kat:3, Licht: 0","128725","3","6","2","12","13","2","0","0","0","1","0","0"
"POINT (10.178476997000075 53.593808736000028)","Unfall 128726 (2018) Kat:3, Licht: 2","128726","3","2","6","12","16","7","1","2","0","1","1","0"
"POINT (10.008840483000029 53.559253589000036)","Unfall 128727 (2018) Kat:3, Licht: 2","128727","3","6","2","12","18","2","1","2","0","1","0","0"
"POINT (10.102895242000045 53.579503589000069)","Unfall 128728 (2018) Kat:3, Licht: 0","128728","3","3","5","12","07","4","1","0","1","1","0","0"
"POINT (10.101624571000059 53.579905629000052)","Unfall 128729 (2018) Kat:3, Licht: 0","128729","3","6","2","12","11","5","0","0","0","1","0","0"
"POINT (10.061237687000073 53.560271728000032)","Unfall 128730 (2018) Kat:3, Licht: 2","128730","3","1","9","12","02","1","1","2","0","1","0","0"
"POINT (10.149450378000040 53.620064121000041)","Unfall 128731 (2018) Kat:3, Licht: 2","128731","3","2","6","12","18","5","1","2","0","1","1","0"
"POINT (10.104240776000040 53.649905114000035)","Unfall 128732 (2018) Kat:3, Licht: 0","128732","3","3","5","12","10","4","0","0","0","1","0","0"
"POINT (10.060892979000073 53.570417232000068)","Unfall 128733 (2018) Kat:3, Licht: 0","128733","3","4","6","12","14","3","0","0","0","1","1","0"
"POINT (10.041370404000077 53.579774540000074)","Unfall 128734 (2018) Kat:3, Licht: 0","128734","3","2","4","12","09","4","0","0","0","1","0","0"
"POINT (10.080532185000038 53.619146640000054)","Unfall 128735 (2018) Kat:2, Licht: 0","128735","2","2","5","12","11","3","0","0","1","1","0","0"
"POINT (10.209820936000028 53.513002934000042)","Unfall 128736 (2018) Kat:3, Licht: 2","128736","3","2","6","12","20","5","1","2","0","1","1","0"
"POINT (10.033593347000021 53.565068585000063)","Unfall 128737 (2018) Kat:2, Licht: 1","128737","2","3","5","12","07","4","0","1","1","1","0","0"
"POINT (9.974015846000043 53.462723102000041)","Unfall 128738 (2018) Kat:2, Licht: 2","128738","2","4","6","12","20","3","0","2","0","1","1","0"
"POINT (9.986830876000056 53.511687267000070)","Unfall 128739 (2018) Kat:3, Licht: 0","128739","3","7","2","12","08","3","0","0","0","1","0","0"
"POINT (9.763506789000076 53.570333981000033)","Unfall 128740 (2018) Kat:2, Licht: 2","128740","2","1","9","12","00","4","1","2","0","1","0","0"
"POINT (9.859358717000021 53.534759956000073)","Unfall 128741 (2018) Kat:3, Licht: 0","128741","3","4","0","12","13","3","0","0","0","1","1","0"
"POINT (9.901419857000064 53.549739495000040)","Unfall 128742 (2018) Kat:3, Licht: 0","128742","3","4","6","12","13","4","0","0","0","0","1","0"
"POINT (9.878227106000054 53.564019133000045)","Unfall 128743 (2018) Kat:3, Licht: 0","128743","3","6","2","12","08","4","1","0","0","1","0","0"
"POINT (9.991525161000027 53.556274204000033)","Unfall 128744 (2018) Kat:3, Licht: 0","128744","3","7","6","12","15","2","0","0","0","1","1","0"
"POINT (9.906165020000060 53.613845070000082)","Unfall 128745 (2018) Kat:3, Licht: 0","128745","3","3","5","12","12","7","1","0","0","1","0","0"
"POINT (10.126230356000065 53.589163587000030)","Unfall 128746 (2018) Kat:3, Licht: 0","128746","3","6","2","12","14","1","1","0","0","1","0","0"
"POINT (9.955819928000040 53.614382033000027)","Unfall 128747 (2018) Kat:3, Licht: 0","128747","3","1","0","12","09","4","2","0","1","0","0","0"
"POINT (9.913261449000061 53.633989716000031)","Unfall 128748 (2018) Kat:3, Licht: 0","128748","3","6","2","12","13","5","0","0","0","1","0","0"
"POINT (10.051416915000061 53.565053780000028)","Unfall 128749 (2018) Kat:3, Licht: 0","128749","3","3","5","12","14","5","1","0","0","1","0","0"
"POINT (9.911726116000068 53.639053300000057)","Unfall 128750 (2018) Kat:2, Licht: 0","128750","2","3","5","12","09","4","2","0","1","1","0","0"
"POINT (10.022576031000028 53.581123755000078)","Unfall 128751 (2018) Kat:2, Licht: 1","128751","2","2","3","12","16","3","0","1","1","1","0","0"
"POINT (9.986023348000060 53.572618892000037)","Unfall 128752 (2018) Kat:3, Licht: 2","128752","3","2","3","12","16","4","1","2","1","1","0","0"
"POINT (10.031375335000064 53.576215569000055)","Unfall 128753 (2018) Kat:3, Licht: 0","128753","3","3","5","12","09","3","1","0","1","1","0","0"
"POINT (9.995549695000022 53.568208103000075)","Unfall 128754 (2018) Kat:2, Licht: 0","128754","2","6","3","12","10","4","0","0","1","1","0","0"
"POINT (10.068384366000032 53.651092851000044)","Unfall 128755 (2018) Kat:3, Licht: 2","128755","3","2","6","12","20","2","0","2","0","1","1","0"
"POINT (9.965456127000039 53.561201080000046)","Unfall 128756 (2018) Kat:3, Licht: 0","128756","3","6","3","12","09","4","1","0","1","1","0","0"
"POINT (10.000322225000048 53.550998678000042)","Unfall 128757 (2018) Kat:3, Licht: 2","128757","3","5","1","12","07","4","1","2","0","0","0","0"
"POINT (9.938125312000068 53.550305097000034)","Unfall 128758 (2018) Kat:3, Licht: 0","128758","3","3","5","12","15","7","0","0","1","0","0","0"
"POINT (10.100749453000049 53.620689444000050)","Unfall 128759 (2018) Kat:3, Licht: 2","128759","3","6","2","12","16","6","1","2","0","1","0","0"
"POINT (9.969733481000048 53.529870667000068)","Unfall 128760 (2018) Kat:3, Licht: 2","128760","3","2","3","12","07","4","1","2","1","1","0","0"
"POINT (10.080154243000038 53.618861778000053)","Unfall 128761 (2018) Kat:3, Licht: 0","128761","3","6","2","12","13","3","0","0","0","1","0","0"
"POINT (10.020043720000047 53.471915459000058)","Unfall 128762 (2018) Kat:3, Licht: 1","128762","3","6","2","12","07","3","1","1","0","1","0","0"
"POINT (10.236067554000044 53.463866792000033)","Unfall 128763 (2018) Kat:3, Licht: 0","128763","3","1","8","12","10","3","1","0","0","1","0","0"
"POINT (9.956037220000042 53.549792293000053)","Unfall 128764 (2018) Kat:3, Licht: 2","128764","3","6","2","12","02","1","0","2","0","1","0","0"
"POINT (9.995039753000071 53.565525632000060)","Unfall 128765 (2018) Kat:2, Licht: 2","128765","2","4","1","12","16","7","1","2","0","1","1","0"
"POINT (10.173512907000031 53.614331965000076)","Unfall 128766 (2018) Kat:3, Licht: 0","128766","3","6","4","12","11","1","1","0","0","1","0","0"
"POINT (10.206095386000072 53.493140075000042)","Unfall 128767 (2018) Kat:3, Licht: 2","128767","3","4","6","12","18","3","1","2","0","1","1","0"
"POINT (10.016837206000048 53.550525558000061)","Unfall 128768 (2018) Kat:3, Licht: 0","128768","3","6","3","12","10","5","0","0","0","1","0","0"
"POINT (10.159669150000070 53.604013831000032)","Unfall 128769 (2018) Kat:3, Licht: 0","128769","3","2","4","12","13","4","1","0","1","1","0","0"
"POINT (10.127640795000048 53.542189618000066)","Unfall 128770 (2018) Kat:3, Licht: 2","128770","3","2","6","12","17","3","1","2","0","1","1","0"
"POINT (9.984236930000066 53.587038202000031)","Unfall 128771 (2018) Kat:3, Licht: 1","128771","3","3","5","12","06","3","0","1","1","0","0","0"
"POINT (10.113396376000026 53.539172457000063)","Unfall 128772 (2018) Kat:3, Licht: 2","128772","3","6","3","12","19","3","0","2","1","0","0","0"
"POINT (9.988027621000072 53.448924359000046)","Unfall 128773 (2018) Kat:3, Licht: 0","128773","3","3","5","12","12","2","0","0","0","1","0","0"
"POINT (10.179366607000077 53.496149587000048)","Unfall 128774 (2018) Kat:3, Licht: 2","128774","3","7","0","12","16","1","1","2","1","0","0","0"
"POINT (10.026590865000060 53.553877018000037)","Unfall 128775 (2018) Kat:2, Licht: 2","128775","2","2","3","12","17","3","0","2","1","1","0","0"
"POINT (10.047897769000031 53.558008722000068)","Unfall 128776 (2018) Kat:3, Licht: 0","128776","3","2","5","12","14","3","0","0","1","1","0","0"
"POINT (10.051823787000046 53.540837580000073)","Unfall 128777 (2018) Kat:3, Licht: 2","128777","3","6","3","12","19","6","0","2","0","1","0","0"
"POINT (10.124008714000070 53.613162211000031)","Unfall 128778 (2018) Kat:3, Licht: 0","128778","3","3","5","12","12","1","1","0","0","1","0","0"
"POINT (10.033505979000040 53.574056655000049)","Unfall 128779 (2018) Kat:3, Licht: 2","128779","3","6","2","12","18","6","1","2","0","1","0","0"
"POINT (10.106625186000031 53.595758073000070)","Unfall 128780 (2018) Kat:3, Licht: 2","128780","3","6","0","12","16","3","1","2","1","1","0","0"
"POINT (9.905798811000068 53.555212437000080)","Unfall 128781 (2018) Kat:3, Licht: 2","128781","3","7","0","12","20","4","0","2","1","0","0","0"
"POINT (10.028650080000034 53.571136988000035)","Unfall 128782 (2018) Kat:3, Licht: 0","128782","3","3","5","12","11","4","1","0","0","1","0","0"
"POINT (10.010074040000063 53.599635338000041)","Unfall 128783 (2018) Kat:3, Licht: 0","128783","3","1","8","12","09","1","1","0","0","1","0","0"
"POINT (10.101932415000022 53.581145105000076)","Unfall 128784 (2018) Kat:3, Licht: 2","128784","3","2","0","12","07","3","1","2","1","0","0","0"
"POINT (10.070953199000030 53.574661215000049)","Unfall 128785 (2018) Kat:3, Licht: 1","128785","3","7","6","12","08","4","0","1","0","1","1","0"
"POINT (10.160658685000044 53.653223470000057)","Unfall 128786 (2018) Kat:3, Licht: 0","128786","3","6","2","12","15","4","1","0","0","1","0","0"
"POINT (10.118220146000056 53.599940455000080)","Unfall 128787 (2018) Kat:3, Licht: 2","128787","3","2","6","12","17","3","1","2","0","1","1","0"
"POINT (10.078302286000053 53.584819004000053)","Unfall 128788 (2018) Kat:3, Licht: 0","128788","3","2","6","12","10","3","0","0","0","1","1","0"
"POINT (10.126151786000037 53.586606248000066)","Unfall 128789 (2018) Kat:3, Licht: 0","128789","3","6","2","12","14","2","1","0","0","1","0","0"
"POINT (9.866260418000024 53.565798790000031)","Unfall 128790 (2018) Kat:2, Licht: 2","128790","2","1","9","12","04","1","1","2","0","1","0","0"
"POINT (9.970013673000040 53.550082415000077)","Unfall 128791 (2018) Kat:2, Licht: 2","128791","2","4","6","12","22","1","1","2","0","1","1","0"
"POINT (10.102311605000068 53.647234087000072)","Unfall 128792 (2018) Kat:3, Licht: 0","128792","3","2","3","12","13","3","0","0","1","1","0","0"
"POINT (10.054662702000030 53.592001586000038)","Unfall 128793 (2018) Kat:3, Licht: 0","128793","3","2","4","12","13","6","0","0","1","1","0","0"
"POINT (9.994930628000077 53.552175728000066)","Unfall 128794 (2018) Kat:3, Licht: 0","128794","3","6","2","12","10","1","1","0","0","1","0","0"
"POINT (9.987753229000077 53.582048781000026)","Unfall 128795 (2018) Kat:3, Licht: 0","128795","3","6","2","12","12","6","1","0","0","1","0","0"
"POINT (10.033076166000058 53.636112904000072)","Unfall 128796 (2018) Kat:3, Licht: 0","128796","3","1","0","12","15","3","1","0","1","0","0","0"
"POINT (10.060852856000054 53.562064188000079)","Unfall 128797 (2018) Kat:3, Licht: 0","128797","3","4","6","12","15","2","1","0","0","1","1","0"
"POINT (9.961811519000037 53.556438557000035)","Unfall 128798 (2018) Kat:3, Licht: 1","128798","3","4","6","12","16","4","0","1","0","1","1","0"
"POINT (9.964019829000051 53.549626112000055)","Unfall 128799 (2018) Kat:3, Licht: 2","128799","3","6","2","12","20","4","0","2","0","1","0","0"
"POINT (10.045232454000029 53.565431150000052)","Unfall 128800 (2018) Kat:3, Licht: 2","128800","3","4","6","12","16","3","1","2","0","1","1","0"
"POINT (10.085205164000058 53.656772660000058)","Unfall 128801 (2018) Kat:3, Licht: 2","128801","3","6","2","12","17","4","1","2","0","1","0","0"
"POINT (10.051493572000027 53.564290823000078)","Unfall 128802 (2018) Kat:3, Licht: 2","128802","3","4","6","12","07","3","1","2","0","1","1","0"
"POINT (9.963050308000049 53.569645617000049)","Unfall 128803 (2018) Kat:3, Licht: 2","128803","3","4","0","12","17","2","1","2","1","0","1","0"
"POINT (10.061972977000039 53.600133621000055)","Unfall 128804 (2018) Kat:3, Licht: 2","128804","3","2","6","12","16","7","1","2","0","1","1","0"
"POINT (10.009129611000048 53.493331860000069)","Unfall 128805 (2018) Kat:2, Licht: 0","128805","2","3","5","12","12","7","1","0","1","1","0","0"
"POINT (10.052731726000047 53.588107961000048)","Unfall 128806 (2018) Kat:3, Licht: 2","128806","3","2","4","12","16","3","1","2","1","1","0","0"
"POINT (9.954879122000023 53.548618185000066)","Unfall 128807 (2018) Kat:2, Licht: 2","128807","2","3","5","12","17","5","1","2","0","1","1","0"
"POINT (10.040427745000045 53.580263368000033)","Unfall 128808 (2018) Kat:3, Licht: 2","128808","3","6","2","12","16","3","1","2","0","1","0","0"
"POINT (10.006209721000062 53.586020741000027)","Unfall 128809 (2018) Kat:3, Licht: 2","128809","3","2","5","12","18","2","1","2","1","1","0","0"
"POINT (10.015847908000069 53.551754326000037)","Unfall 128810 (2018) Kat:2, Licht: 2","128810","2","2","6","12","18","1","1","2","0","1","1","0"
"POINT (10.082068536000065 53.534241630000054)","Unfall 128811 (2018) Kat:3, Licht: 2","128811","3","6","3","12","17","7","1","2","0","1","0","0"
"POINT (10.037662053000076 53.576232199000060)","Unfall 128812 (2018) Kat:3, Licht: 2","128812","3","2","3","12","17","3","0","2","1","0","0","0"
"POINT (9.873874584000021 53.474244458000044)","Unfall 128813 (2018) Kat:3, Licht: 2","128813","3","4","6","12","19","5","0","2","0","1","1","0"
"POINT (10.096027149000065 53.542387050000059)","Unfall 128814 (2018) Kat:3, Licht: 2","128814","3","7","5","12","17","7","1","2","0","1","0","0"
"POINT (10.020936037000070 53.550509377000026)","Unfall 128815 (2018) Kat:3, Licht: 2","128815","3","6","2","12","20","5","1","2","0","1","0","0"
"POINT (9.924673816000052 53.602141013000050)","Unfall 128816 (2018) Kat:3, Licht: 0","128816","3","4","6","12","07","3","0","0","0","0","1","0"
"POINT (10.141973933000031 53.545491827000035)","Unfall 128817 (2018) Kat:3, Licht: 2","128817","3","7","6","12","04","3","1","2","0","1","1","0"
"POINT (9.925872937000065 53.630686592000075)","Unfall 128818 (2018) Kat:2, Licht: 2","128818","2","3","5","12","16","3","0","2","0","1","0","1"
"POINT (10.209014887000023 53.490015653000057)","Unfall 128819 (2018) Kat:3, Licht: 0","128819","3","7","6","12","14","3","0","0","0","1","1","0"
"POINT (9.948510265000039 53.604607124000040)","Unfall 128820 (2018) Kat:3, Licht: 0","128820","3","3","5","12","11","3","1","0","0","1","0","0"
"POINT (9.993768070000044 53.500098499000046)","Unfall 128821 (2018) Kat:2, Licht: 2","128821","2","4","6","12","16","2","1","2","0","1","1","0"
"POINT (10.112488901000063 53.558333909000055)","Unfall 128822 (2018) Kat:3, Licht: 2","128822","3","6","2","12","17","3","0","2","0","1","0","0"
"POINT (9.973064737000073 53.582342145000041)","Unfall 128823 (2018) Kat:2, Licht: 0","128823","2","7","3","12","08","3","1","0","0","1","0","1"
"POINT (9.928188712000065 53.556115522000027)","Unfall 128824 (2018) Kat:3, Licht: 2","128824","3","4","6","12","06","3","0","2","0","1","1","0"
"POINT (10.025566936000075 53.551790963000030)","Unfall 128825 (2018) Kat:3, Licht: 0","128825","3","3","5","12","15","1","0","0","1","1","0","0"
"POINT (9.951110321000044 53.623903169000073)","Unfall 128826 (2018) Kat:3, Licht: 0","128826","3","2","6","12","15","7","1","0","0","1","1","0"