WKT,Name,OBJECTID,UKATEGORIE,UTYP1,UART,UMONAT,USTUNDE,UWOCHENTAG,STRZUSTAND,ULICHTVERH,ISTRAD,ISTPKW,ISTFUSS,ISTKRAD
"POINT (10.144679927000027 53.545186148000028)","Unfall 128827 (2018) Kat:2, Licht: 2","128827","2","2","4","12","18","7","1","2","0","1","0","0"
"POINT (10.000587402000065 53.555623551000053)","Unfall 128828 (2018) Kat:3, Licht: 0","128828","3","2","4","12","10","3","0","0","1","1","0","0"
"POINT (9.992798052000069 53.570943660000069)","Unfall 128829 (2018) Kat:2, Licht: 0","128829","2","3","5","12","10","5","0","0","1","1","0","0"
"POINT (10.152209025000047 53.616024838000044)","Unfall 128830 (2018) Kat:3, Licht: 2","128830","3","3","5","12","17","7","1","2","0","1","0","0"
"POINT (9.942633181000076 53.555415355000036)","Unfall 128831 (2018) Kat:3, Licht: 0","128831","3","6","6","12","13","5","1","0","0","1","1","0"
"POINT (9.859394065000060 53.529839807000030)","Unfall 128832 (2018) Kat:3, Licht: 2","128832","3","5","1","12","16","2","1","2","0","1","0","1"
"POINT (9.905611102000023 53.607650254000077)","Unfall 128833 (2018) Kat:3, Licht: 2","128833","3","6","0","12","18","3","0","2","0","1","0","0"
"POINT (9.984599561000039 53.458244321000052)","Unfall 128834 (2018) Kat:3, Licht: 2","128834","3","3","5","12","16","2","1","2","0","1","0","0"
"POINT (10.029392808000068 53.667139244000055)","Unfall 128835 (2018) Kat:3, Licht: 0","128835","3","6","4","12","14","5","0","0","0","1","0","0"
"POINT (10.160984992000067 53.596677136000039)","Unfall 128836 (2018) Kat:3, Licht: 2","128836","3","3","5","12","19","7","1","2","0","1","0","0"
"POINT (10.069879004000029 53.572894500000075)","Unfall 128837 (2018) Kat:3, Licht: 0","128837","3","6","2","12","14","5","1","0","0","1","0","0"
"POINT (9.951958972000057 53.467472846000078)","Unfall 128838 (2018) Kat:3, Licht: 2","128838","3","5","1","12","05","2","1","2","1","1","0","0"
"POINT (10.000891963000072 53.580816574000039)","Unfall 128839 (2018) Kat:3, Licht: 2","128839","3","5","1","12","18","3","0","2","1","1","0","0"
"POINT (9.987478853000027 53.450352068000029)","Unfall 128840 (2018) Kat:3, Licht: 0","128840","3","7","0","12","09","2","1","0","1","0","0","0"
"POINT (10.001575079000077 53.675083261000054)","Unfall 128841 (2018) Kat:3, Licht: 0","128841","3","4","6","12","13","3","1","0","0","0","1","0"
"POINT (10.034695066000040 53.511567633000027)","Unfall 128842 (2018) Kat:3, Licht: 2","128842","3","6","2","12","06","2","1","2","0","1","0","0"
"POINT (10.161707398000033 53.489585147000071)","Unfall 128843 (2018) Kat:3, Licht: 2","128843","3","5","1","12","22","2","1","2","0","1","0","0"
"POINT (10.096331763000023 53.542596892000063)","Unfall 128844 (2018) Kat:3, Licht: 2","128844","3","2","6","12","20","2","0","2","0","1","1","0"
"POINT (10.029608294000070 53.554214183000056)","Unfall 128845 (2018) Kat:3, Licht: 0","128845","3","2","2","12","09","2","1","0","0","1","0","0"
"POINT (10.109366346000058 53.591368028000034)","Unfall 128846 (2018) Kat:2, Licht: 0","128846","2","6","4","12","11","7","0","0","0","1","0","0"
"POINT (10.051741180000022 53.555323961000056)","Unfall 128847 (2018) Kat:3, Licht: 2","128847","3","4","6","12","18","6","1","2","0","1","1","0"
"POINT (10.141117013000041 53.597624044000042)","Unfall 128848 (2018) Kat:3, Licht: 0","128848","3","6","2","12","15","7","1","0","0","1","0","0"
"POINT (10.135056254000062 53.569332153000062)","Unfall 128849 (2018) Kat:3, Licht: 0","128849","3","2","4","12","16","2","1","0","0","1","0","0"
"POINT (9.990027526000063 53.447614255000076)","Unfall 128850 (2018) Kat:3, Licht: 1","128850","3","7","0","12","06","4","0","1","0","1","0","0"
"POINT (10.095108560000028 53.588211431000047)","Unfall 128851 (2018) Kat:3, Licht: 2","128851","3","2","6","12","18","4","1","2","0","1","1","0"
"POINT (10.122266418000038 53.609631014000058)","Unfall 128852 (2018) Kat:3, Licht: 0","128852","3","2","5","12","08","2","1","0","0","1","0","0"
"POINT (9.954789601000073 53.548501261000069)","Unfall 128853 (2018) Kat:3, Licht: 0","128853","3","4","6","12","11","3","0","0","1","0","1","0"
"POINT (10.140955708000035 53.597490212000082)","Unfall 128854 (2018) Kat:3, Licht: 0","128854","3","2","2","12","13","2","1","0","0","1","0","0"
"POINT (10.228798759000028 53.489027662000069)","Unfall 128855 (2018) Kat:3, Licht: 0","128855","3","7","0","12","15","2","0","0","1","1","0","0"
"POINT (10.072744224000076 53.608734418000040)","Unfall 128856 (2018) Kat:3, Licht: 2","128856","3","2","2","12","18","1","1","2","0","1","0","0"
"POINT (10.164514735000068 53.628275539000072)","Unfall 128857 (2018) Kat:3, Licht: 1","128857","3","4","6","12","08","2","1","1","0","1","1","0"
"POINT (10.078748725000025 53.584807235000028)","Unfall 128858 (2018) Kat:3, Licht: 0","128858","3","3","5","12","12","2","1","0","1","1","0","0"
"POINT (9.945312218000026 53.627496946000065)","Unfall 128859 (2018) Kat:2, Licht: 0","128859","2","5","1","12","14","3","1","0","0","1","0","0"
"POINT (9.929999179000049 53.584684573000061)","Unfall 128860 (2018) Kat:3, Licht: 0","128860","3","3","5","12","10","2","0","0","0","1","0","0"
"POINT (10.084746834000043 53.603136998000082)","Unfall 128861 (2018) Kat:3, Licht: 2","128861","3","4","6","12","07","2","1","2","0","0","1","0"
"POINT (10.080728533000070 53.601202567000030)","Unfall 128862 (2018) Kat:2, Licht: 2","128862","2","4","6","12","07","2","1","2","0","1","1","0"
"POINT (9.981661740000050 53.521061962000033)","Unfall 128863 (2018) Kat:3, Licht: 1","128863","3","4","6","12","16","6","0","1","0","0","1","0"
"POINT (10.094514346000039 53.655469898000035)","Unfall 128864 (2018) Kat:3, Licht: 0","128864","3","7","6","12","16","6","0","0","0","1","1","0"
"POINT (10.031605912000032 53.596203376000062)","Unfall 128865 (2018) Kat:3, Licht: 0","128865","3","2","5","12","13","7","1","0","0","1","0","0"
"POINT (10.160505094000030 53.654219072000046)","Unfall 128866 (2018) Kat:2, Licht: 2","128866","2","2","5","12","07","2","1","2","1","1","0","0"
"POINT (10.031719411000040 53.625539880000076)","Unfall 128867 (2018) Kat:3, Licht: 0","128867","3","1","0","12","11","4","1","0","0","0","0","1"
"POINT (10.009930740000073 53.656056519000060)","Unfall 128868 (2018) Kat:3, Licht: 0","128868","3","7","0","12","12","4","1","0","1","1","0","0"
"POINT (9.906663345000027 53.598305772000060)","Unfall 128869 (2018) Kat:3, Licht: 0","128869","3","3","5","12","15","2","1","0","0","1","0","0"
"POINT (10.084842535000064 53.644164768000053)","Unfall 128870 (2018) Kat:2, Licht: 1","128870","2","3","5","12","16","2","1","1","0","1","0","0"
"POINT (10.001104220000059 53.676816199000029)","Unfall 128871 (2018) Kat:3, Licht: 1","128871","3","6","3","12","07","2","1","1","0","1","0","0"
"POINT (10.060998435000045 53.570265185000039)","Unfall 128872 (2018) Kat:3, Licht: 0","128872","3","6","3","12","11","2","1","0","0","1","0","0"
"POINT (9.962615642000060 53.551185901000053)","Unfall 128873 (2018) Kat:3, Licht: 2","128873","3","6","2","12","21","1","0","2","0","1","0","0"
"POINT (10.010630668000033 53.582552605000046)","Unfall 128874 (2018) Kat:3, Licht: 0","128874","3","3","5","12","15","7","1","0","0","1","0","0"
"POINT (10.008555315000024 53.613834720000057)","Unfall 128875 (2018) Kat:3, Licht: 0","128875","3","4","6","12","10","2","1","0","0","1","1","0"
"POINT (9.937406567000039 53.546193484000071)","Unfall 128876 (2018) Kat:3, Licht: 2","128876","3","6","2","12","17","6","0","2","0","1","0","0"
"POINT (10.043245311000021 53.581724254000051)","Unfall 128877 (2018) Kat:3, Licht: 2","128877","3","1","9","12","01","7","1","2","0","1","0","0"
"POINT (10.183292848000065 53.496165678000068)","Unfall 128878 (2018) Kat:3, Licht: 0","128878","3","4","6","12","12","5","0","0","0","1","1","0"
"POINT (10.031603274000076 53.634718879000047)","Unfall 128879 (2018) Kat:2, Licht: 2","128879","2","5","1","12","06","2","1","2","0","1","0","0"
"POINT (9.976277938000067 53.465258136000045)","Unfall 128880 (2018) Kat:3, Licht: 0","128880","3","4","6","12","17","3","1","0","0","1","1","0"
"POINT (9.962203047000060 53.630811783000070)","Unfall 128881 (2018) Kat:3, Licht: 1","128881","3","4","6","12","08","2","0","1","0","1","1","0"
"POINT (10.100946381000028 53.645504379000045)","Unfall 128882 (2018) Kat:3, Licht: 0","128882","3","6","3","12","13","6","0","0","0","1","0","0"
"POINT (9.910585347000051 53.602222073000064)","Unfall 128883 (2018) Kat:3, Licht: 2","128883","3","4","6","12","17","6","1","2","0","0","1","1"
"POINT (9.955998849000025 53.583605833000036)","Unfall 128884 (2018) Kat:3, Licht: 0","128884","3","2","3","12","15","2","1","0","1","0","0","0"
"POINT (9.905540596000037 53.555300057000068)","Unfall 128885 (2018) Kat:3, Licht: 0","128885","3","6","1","12","08","4","1","0","0","1","0","0"
"POINT (9.978537139000025 53.590063595000061)","Unfall 128886 (2018) Kat:3, Licht: 2","128886","3","6","2","12","17","4","1","2","0","1","0","0"
"POINT (9.958739981000065 53.590239142000030)","Unfall 128887 (2018) Kat:3, Licht: 0","128887","3","7","0","12","11","2","1","0","1","0","0","0"
"POINT (9.878780075000066 53.513497127000051)","Unfall 128888 (2018) Kat:3, Licht: 0","128888","3","6","4","12","15","4","1","0","0","1","0","0"
"POINT (9.943618143000037 53.555304615000068)","Unfall 128889 (2018) Kat:3, Licht: 0","128889","3","2","3","12","12","2","1","0","1","0","0","0"
"POINT (10.046500129000037 53.587477682000042)","Unfall 128890 (2018) Kat:3, Licht: 0","128890","3","6","2","12","14","2","1","0","0","1","0","0"
"POINT (10.019018938000045 53.549979254000050)","Unfall 128891 (2018) Kat:3, Licht: 2","128891","3","3","5","12","00","7","1","2","0","1","0","0"
"POINT (10.001069807000022 53.555805906000046)","Unfall 128892 (2018) Kat:3, Licht: 2","128892","3","2","2","12","23","2","1","2","0","1","0","0"
"POINT (10.061981381000066 53.555865389000076)","Unfall 128893 (2018) Kat:3, Licht: 2","128893","3","2","6","12","19","5","0","2","0","1","1","0"
"POINT (10.109258892000071 53.581751175000079)","Unfall 128894 (2018) Kat:2, Licht: 2","128894","2","4","6","12","17","5","1","2","0","1","1","0"
"POINT (9.984097257000030 53.557191027000044)","Unfall 128895 (2018) Kat:2, Licht: 2","128895","2","4","6","12","19","2","0","2","0","1","1","0"
"POINT (10.061511195000037 53.579529392000040)","Unfall 128896 (2018) Kat:3, Licht: 0","128896","3","3","5","12","13","3","0","0","0","1","0","0"
"POINT (10.206779034000022 53.510465656000065)","Unfall 128897 (2018) Kat:3, Licht: 2","128897","3","2","5","12","16","1","1","2","0","1","0","0"
"POINT (10.040542633000030 53.603437890000066)","Unfall 128898 (2018) Kat:2, Licht: 1","128898","2","4","6","12","16","3","0","1","0","1","1","0"
"POINT (10.055000594000035 53.555453712000030)","Unfall 128899 (2018) Kat:3, Licht: 2","128899","3","6","2","12","20","1","1","2","0","1","0","0"
"POINT (10.084950054000046 53.593901922000043)","Unfall 128900 (2018) Kat:3, Licht: 2","128900","3","5","1","12","21","3","0","2","0","1","0","0"
"POINT (10.149947494000060 53.619270316000041)","Unfall 128901 (2018) Kat:3, Licht: 0","128901","3","7","3","12","13","1","1","0","0","1","0","0"
"POINT (10.107643989000053 53.612749816000075)","Unfall 128902 (2018) Kat:3, Licht: 0","128902","3","3","5","12","10","1","1","0","0","1","0","0"
"POINT (9.931020420000039 53.573426856000026)","Unfall 128903 (2018) Kat:3, Licht: 2","128903","3","1","9","12","23","1","2","2","0","1","0","0"
"POINT (10.008860053000035 53.559263278000060)","Unfall 128904 (2018) Kat:3, Licht: 0","128904","3","6","2","12","10","4","1","0","0","1","0","1"
"POINT (10.149405549000051 53.615635135000048)","Unfall 128905 (2018) Kat:3, Licht: 2","128905","3","3","5","12","20","1","1","2","0","1","0","0"
"POINT (9.876078580000069 53.588419720000047)","Unfall 128906 (2018) Kat:3, Licht: 2","128906","3","2","5","12","05","4","1","2","0","1","0","0"
"POINT (10.160922778000042 53.596735489000082)","Unfall 128907 (2018) Kat:3, Licht: 2","128907","3","3","5","12","19","1","1","2","0","1","0","0"
"POINT (10.055230697000070 53.612065177000034)","Unfall 128908 (2018) Kat:3, Licht: 0","128908","3","3","5","12","14","1","1","0","0","1","0","0"
"POINT (9.979083334000052 53.584324818000027)","Unfall 128909 (2018) Kat:3, Licht: 2","128909","3","7","0","12","07","2","1","2","1","1","0","0"
"POINT (9.901094252000064 53.610180832000026)","Unfall 128910 (2018) Kat:3, Licht: 2","128910","3","2","4","12","20","7","1","2","0","1","0","0"
"POINT (9.916662718000055 53.599995801000034)","Unfall 128911 (2018) Kat:3, Licht: 2","128911","3","6","1","12","17","1","1","2","0","1","0","0"
"POINT (9.860854947000064 53.598002334000057)","Unfall 128912 (2018) Kat:3, Licht: 2","128912","3","3","5","12","06","5","0","2","1","1","0","0"
"POINT (10.035651179000070 53.575233966000042)","Unfall 128913 (2018) Kat:3, Licht: 2","128913","3","6","2","12","16","5","1","2","0","1","0","0"
"POINT (9.961472593000053 53.579987051000046)","Unfall 128914 (2018) Kat:3, Licht: 0","128914","3","7","5","12","10","1","1","0","0","1","0","0"
"POINT (10.055779029000064 53.591523765000034)","Unfall 128915 (2018) Kat:3, Licht: 2","128915","3","2","3","12","18","3","0","2","1","1","0","0"
"POINT (9.917303179000044 53.545944481000049)","Unfall 128916 (2018) Kat:3, Licht: 0","128916","3","3","5","12","08","1","1","0","0","1","0","0"
"POINT (10.050125957000034 53.585703740000042)","Unfall 128917 (2018) Kat:3, Licht: 2","128917","3","6","3","12","07","3","1","2","0","1","0","1"
"POINT (9.926564817000042 53.555312818000061)","Unfall 128918 (2018) Kat:3, Licht: 2","128918","3","2","6","12","00","1","1","2","0","1","1","0"
"POINT (10.083428555000069 53.576878985000064)","Unfall 128919 (2018) Kat:3, Licht: 0","128919","3","6","3","12","13","2","0","0","0","1","0","0"
"POINT (9.955707435000022 53.551930491000064)","Unfall 128920 (2018) Kat:3, Licht: 2","128920","3","1","0","12","06","1","1","2","0","0","0","1"
"POINT (9.962273634000042 53.549550794000027)","Unfall 128921 (2018) Kat:3, Licht: 0","128921","3","2","6","12","12","1","1","0","0","1","1","0"
"POINT (9.847315085000048 53.576629943000057)","Unfall 128922 (2018) Kat:2, Licht: 0","128922","2","1","8","12","13","7","0","0","0","1","0","0"
"POINT (10.068764209000051 53.563714344000061)","Unfall 128923 (2018) Kat:3, Licht: 2","128923","3","6","2","12","15","6","1","2","0","1","0","0"
"POINT (10.084149774000025 53.553121397000041)","Unfall 128924 (2018) Kat:3, Licht: 0","128924","3","6","2","12","10","2","1","0","0","1","0","0"
"POINT (9.878842049000070 53.533045525000034)","Unfall 128925 (2018) Kat:3, Licht: 2","128925","3","3","5","12","17","7","0","2","1","1","0","0"
"POINT (10.257349349000037 53.422574380000071)","Unfall 128926 (2018) Kat:3, Licht: 2","128926","3","3","5","12","18","4","1","2","0","1","0","1"
"POINT (9.927290879000054 53.551685352000050)","Unfall 128927 (2018) Kat:3, Licht: 2","128927","3","2","6","12","18","7","1","2","0","1","1","0"
"POINT (10.188807052000072 53.502442208000048)","Unfall 128928 (2018) Kat:3, Licht: 2","128928","3","5","1","12","00","7","1","2","0","1","0","0"
"POINT (9.997373124000035 53.545057166000049)","Unfall 128929 (2018) Kat:3, Licht: 2","128929","3","4","6","12","16","5","0","2","0","1","1","0"
"POINT (10.050473664000037 53.547790128000031)","Unfall 128930 (2018) Kat:3, Licht: 2","128930","3","4","6","12","19","4","1","2","0","1","1","0"
"POINT (10.116047163000076 53.530836407000038)","Unfall 128931 (2018) Kat:3, Licht: 2","128931","3","7","6","12","20","7","0","2","0","1","0","0"
"POINT (9.889850488000036 53.546643705000065)","Unfall 128932 (2018) Kat:3, Licht: 2","128932","3","2","4","12","16","3","1","2","0","1","0","0"
"POINT (10.115883503000020 53.557496176000029)","Unfall 128933 (2018) Kat:3, Licht: 0","128933","3","2","5","12","09","7","0","0","1","0","0","0"
"POINT (9.854402011000047 53.470441200000039)","Unfall 128934 (2018) Kat:3, Licht: 0","128934","3","7","0","12","09","2","1","0","1","1","0","0"
"POINT (9.976861563000057 53.461340106000080)","Unfall 128935 (2018) Kat:3, Licht: 0","128935","3","6","2","12","15","1","1","0","0","1","0","0"
"POINT (10.137584024000034 53.603829209000082)","Unfall 128936 (2018) Kat:3, Licht: 0","128936","3","4","6","12","12","7","0","0","1","0","1","0"
"POINT (10.133661519000043 53.584508631000062)","Unfall 128937 (2018) Kat:3, Licht: 2","128937","3","6","2","12","21","7","1","2","0","1","0","0"
"POINT (10.090690055000039 53.553545014000065)","Unfall 128938 (2018) Kat:3, Licht: 2","128938","3","6","6","12","21","6","0","2","1","0","1","0"
"POINT (10.033817996000039 53.576435314000037)","Unfall 128939 (2018) Kat:3, Licht: 0","128939","3","7","1","12","11","6","1","0","0","1","0","0"
"POINT (10.072974649000059 53.574021447000064)","Unfall 128940 (2018) Kat:3, Licht: 2","128940","3","6","3","12","19","7","0","2","0","0","0","0"
"POINT (9.903611467000076 53.556126738000046)","Unfall 128941 (2018) Kat:3, Licht: 2","128941","3","7","0","12","18","4","0","2","1","0","0","0"
"POINT (10.021376371000031 53.559450902000037)","Unfall 128942 (2018) Kat:3, Licht: 2","128942","3","6","2","12","20","4","1","2","0","1","0","0"
"POINT (9.842209568000044 53.576026592000062)","Unfall 128943 (2018) Kat:3, Licht: 2","128943","3","5","1","12","16","2","1","2","1","1","0","0"
"POINT (9.904622158000052 53.587616553000032)","Unfall 128944 (2018) Kat:3, Licht: 0","128944","3","3","5","12","12","7","0","0","0","1","0","0"
"POINT (9.918325931000027 53.553805704000069)","Unfall 128945 (2018) Kat:2, Licht: 2","128945","2","3","5","12","18","5","0","2","0","1","0","0"
"POINT (10.083586487000048 53.640452266000068)","Unfall 128946 (2018) Kat:2, Licht: 2","128946","2","4","6","12","06","2","1","2","0","1","1","0"
"POINT (10.009370767000064 53.549586294000051)","Unfall 128966 (2018) Kat:3, Licht: 2","128966","3","1","8","12","21","6","1","2","0","1","0","0"
"POINT (9.979288331000021 53.423953441000037)","Unfall 128997 (2018) Kat:3, Licht: 2","128997","3","2","6","12","18","5","1","2","0","1","1","0"
"POINT (10.218231302000049 53.485142117000066)","Unfall 129005 (2018) Kat:2, Licht: 2","129005","2","3","5","12","07","5","1","2","1","1","0","0"
"POINT (10.077941965000036 53.550394321000056)","Unfall 129051 (2018) Kat:3, Licht: 0","129051","3","7","1","12","12","5","1","0","0","1","0","0"
"POINT (9.886496423000040 53.478177239000047)","Unfall 129149 (2018) Kat:3, Licht: 2","129149","3","3","5","12","08","2","0","2","1","1","0","0"
"POINT (9.963972474000059 53.456250699000066)","Unfall 129150 (2018) Kat:3, Licht: 0","129150","3","3","5","12","10","2","0","0","1","1","0","0"
"POINT (10.207358507000038 53.480029917000081)","Unfall 129151 (2018) Kat:3, Licht: 0","129151","3","3","5","12","12","2","1","0","1","1","0","0"
"POINT (10.019759551000050 53.656514521000076)","Unfall 129154 (2018) Kat:3, Licht: 2","129154","3","1","1","12","03","2","1","2","0","1","0","0"
"POINT (9.851454149000062 53.587043611000070)","Unfall 129156 (2018) Kat:3, Licht: 0","129156","3","3","5","12","14","2","1","0","1","1","0","0"
"POINT (9.961993329000052 53.591547915000035)","Unfall 129157 (2018) Kat:3, Licht: 2","129157","3","5","1","12","02","2","0","2","0","1","0","1"
"POINT (9.936238379000031 53.551283603000059)","Unfall 129159 (2018) Kat:3, Licht: 0","129159","3","5","1","12","14","2","0","0","0","1","0","0"
"POINT (9.954881755000031 53.548622181000042)","Unfall 129162 (2018) Kat:3, Licht: 2","129162","3","3","5","12","23","2","1","2","0","1","0","0"
"POINT (10.011977212000033 53.552383454000051)","Unfall 129164 (2018) Kat:3, Licht: 0","129164","3","5","1","12","14","2","0","0","0","1","0","0"
"POINT (10.179702644000031 53.496177197000065)","Unfall 129167 (2018) Kat:2, Licht: 0","129167","2","3","5","12","11","1","0","0","1","1","0","0"
"POINT (10.088902578000045 53.452233783000054)","Unfall 129169 (2018) Kat:3, Licht: 2","129169","3","7","9","12","03","1","1","2","0","1","0","0"
"POINT (10.061928186000046 53.560185249000028)","Unfall 129170 (2018) Kat:3, Licht: 2","129170","3","6","2","12","17","5","1","2","0","1","0","0"
"POINT (10.187892301000034 53.490470047000031)","Unfall 129172 (2018) Kat:3, Licht: 2","129172","3","7","0","12","23","1","0","2","1","0","0","0"
"POINT (9.965002543000026 53.549722871000029)","Unfall 129175 (2018) Kat:3, Licht: 2","129175","3","4","6","12","02","1","1","2","0","1","1","0"
"POINT (10.199536160000036 53.505824222000058)","Unfall 129178 (2018) Kat:3, Licht: 2","129178","3","3","5","12","18","7","1","2","0","1","0","0"
"POINT (10.110383011000067 53.539667122000026)","Unfall 129179 (2018) Kat:3, Licht: 2","129179","3","2","6","12","17","7","1","2","0","1","1","0"
"POINT (10.133016915000042 53.624158078000050)","Unfall 129180 (2018) Kat:3, Licht: 2","129180","3","2","6","12","20","7","0","2","0","1","1","0"
"POINT (10.125761899000054 53.588899629000082)","Unfall 129182 (2018) Kat:3, Licht: 2","129182","3","6","2","12","17","7","1","2","0","1","0","0"
"POINT (10.067200765000052 53.608541143000082)","Unfall 129183 (2018) Kat:3, Licht: 0","129183","3","6","1","12","14","7","1","0","0","1","0","0"
"POINT (10.054117794000035 53.609846895000032)","Unfall 129185 (2018) Kat:3, Licht: 2","129185","3","6","2","12","16","7","1","2","0","1","1","0"
"POINT (10.159044567000024 53.657500005000031)","Unfall 129186 (2018) Kat:2, Licht: 0","129186","2","4","6","12","15","7","1","0","0","1","1","0"
"POINT (10.012819776000072 53.604685526000026)","Unfall 129188 (2018) Kat:3, Licht: 0","129188","3","6","2","12","11","7","1","0","0","1","0","0"
"POINT (10.025594658000045 53.605484982000064)","Unfall 129190 (2018) Kat:3, Licht: 0","129190","3","1","9","12","14","7","1","0","0","1","0","0"
"POINT (9.928733631000057 53.592243893000045)","Unfall 129191 (2018) Kat:3, Licht: 2","129191","3","2","5","12","23","7","1","2","0","1","0","0"
"POINT (9.945831408000061 53.562910880000061)","Unfall 129192 (2018) Kat:3, Licht: 0","129192","3","6","2","12","15","7","1","0","0","1","0","0"
"POINT (9.965019976000065 53.560427179000044)","Unfall 129193 (2018) Kat:3, Licht: 0","129193","3","7","2","12","13","7","1","0","1","1","0","0"
"POINT (10.010685452000075 53.557003822000070)","Unfall 129194 (2018) Kat:3, Licht: 2","129194","3","7","6","12","18","7","1","2","0","1","1","0"
"POINT (10.057196396000052 53.554928238000059)","Unfall 129195 (2018) Kat:3, Licht: 2","129195","3","2","6","12","17","6","1","2","0","1","1","0"
"POINT (10.057290354000031 53.564461909000045)","Unfall 129197 (2018) Kat:3, Licht: 0","129197","3","2","4","12","07","6","1","0","0","1","0","0"
"POINT (10.153076692000070 53.614298906000045)","Unfall 129199 (2018) Kat:3, Licht: 0","129199","3","3","5","12","10","6","0","0","1","1","0","0"
"POINT (10.135130362000041 53.594403156000055)","Unfall 129200 (2018) Kat:3, Licht: 2","129200","3","2","4","12","17","6","1","2","0","1","0","1"
"POINT (10.036874752000074 53.611774098000069)","Unfall 129201 (2018) Kat:3, Licht: 0","129201","3","6","2","12","12","6","0","0","0","1","0","0"
"POINT (10.057421770000076 53.566004979000070)","Unfall 129202 (2018) Kat:3, Licht: 2","129202","3","3","5","12","18","6","1","2","0","1","0","0"
"POINT (10.026313548000076 53.579397124000081)","Unfall 129205 (2018) Kat:3, Licht: 0","129205","3","3","5","12","11","6","0","0","1","1","0","0"
"POINT (9.919378923000068 53.598047274000066)","Unfall 129208 (2018) Kat:3, Licht: 0","129208","3","7","3","12","13","6","0","0","0","1","0","0"
"POINT (9.876104053000063 53.588397368000074)","Unfall 129210 (2018) Kat:3, Licht: 2","129210","3","3","5","12","20","6","1","2","0","1","0","0"
"POINT (9.956473873000050 53.570297080000046)","Unfall 129211 (2018) Kat:3, Licht: 0","129211","3","6","2","12","15","6","0","0","0","1","0","0"
"POINT (9.924590963000071 53.546428538000043)","Unfall 129213 (2018) Kat:2, Licht: 2","129213","2","2","6","12","17","6","1","2","0","1","1","0"
"POINT (9.998122838000029 53.564818791000050)","Unfall 129215 (2018) Kat:3, Licht: 2","129215","3","7","6","12","17","6","1","2","0","1","1","0"
"POINT (9.959927577000030 53.563682533000076)","Unfall 129217 (2018) Kat:3, Licht: 1","129217","3","2","3","12","08","6","1","1","1","1","0","0"
"POINT (9.953691611000068 53.545839662000049)","Unfall 129218 (2018) Kat:3, Licht: 0","129218","3","7","2","12","14","6","1","0","0","1","0","0"
"POINT (9.973708131000024 53.545627889000059)","Unfall 129220 (2018) Kat:3, Licht: 0","129220","3","5","1","12","10","6","1","0","1","1","0","0"
"POINT (10.099725104000072 53.641404796000074)","Unfall 129221 (2018) Kat:3, Licht: 2","129221","3","5","1","12","22","5","1","2","0","1","0","0"
"POINT (10.001815250000050 53.592690385000026)","Unfall 6119 (2019) Kat:3, Licht: 0","6119","3","6","2","04","12","2","0","0","0","1","0","0"
"POINT (9.930382355000063 53.646221604000061)","Unfall 6123 (2019) Kat:3, Licht: 0","6123","3","6","2","01","15","5","0","0","0","1","0","0"
"POINT (10.011313495000024 53.548031842000057)","Unfall 6131 (2019) Kat:3, Licht: 2","6131","3","6","1","02","18","4","0","2","0","1","0","0"
"POINT (9.969257017000075 53.551112908000050)","Unfall 6135 (2019) Kat:3, Licht: 0","6135","3","6","2","02","07","4","0","0","0","1","0","0"
"POINT (9.898640593000039 53.561210447000065)","Unfall 6141 (2019) Kat:3, Licht: 0","6141","3","6","3","04","07","3","0","0","0","1","0","0"
"POINT (9.917168468000057 53.610391352000079)","Unfall 6147 (2019) Kat:3, Licht: 0","6147","3","6","2","04","12","3","0","0","0","1","0","0"
"POINT (9.967254550000064 53.583091796000076)","Unfall 6149 (2019) Kat:3, Licht: 0","6149","3","6","3","02","10","6","0","0","0","1","0","0"
"POINT (9.909801000000073 53.627413833000048)","Unfall 6155 (2019) Kat:3, Licht: 2","6155","3","2","5","01","17","2","2","2","1","1","0","0"
"POINT (9.944474845000059 53.572913501000073)","Unfall 6162 (2019) Kat:3, Licht: 0","6162","3","2","4","03","08","2","1","0","0","1","0","0"
"POINT (10.024657635000040 53.467342422000058)","Unfall 6168 (2019) Kat:3, Licht: 0","6168","3","6","2","04","14","2","0","0","0","1","0","0"
"POINT (10.135247067000023 53.526744510000071)","Unfall 6174 (2019) Kat:3, Licht: 2","6174","3","6","1","01","05","5","0","2","0","1","0","0"
"POINT (10.007024873000034 53.617786700000067)","Unfall 6181 (2019) Kat:3, Licht: 0","6181","3","6","2","03","17","6","0","0","0","1","0","0"
"POINT (9.947380609000049 53.441655422000053)","Unfall 6186 (2019) Kat:3, Licht: 0","6186","3","6","2","02","09","4","0","0","0","1","0","0"
"POINT (9.823166851000053 53.576409588000047)","Unfall 6187 (2019) Kat:3, Licht: 0","6187","3","2","3","04","14","5","0","0","1","1","0","0"
"POINT (9.923582524000040 53.596809495000059)","Unfall 6193 (2019) Kat:3, Licht: 0","6193","3","6","2","04","15","2","0","0","0","1","0","0"
"POINT (9.965201073000060 53.449370421000026)","Unfall 6200 (2019) Kat:3, Licht: 2","6200","3","6","2","02","18","7","0","2","0","1","0","0"
"POINT (10.023169628000062 53.524375107000026)","Unfall 6204 (2019) Kat:2, Licht: 2","6204","2","7","8","02","23","7","1","2","0","1","0","0"
"POINT (9.964641099000062 53.555065863000038)","Unfall 6210 (2019) Kat:3, Licht: 2","6210","3","7","6","04","03","2","0","2","0","1","1","0"