WKT,Name,OBJECTID,UKATEGORIE,UTYP1,UART,UMONAT,USTUNDE,UWOCHENTAG,STRZUSTAND,ULICHTVERH,ISTRAD,ISTPKW,ISTFUSS,ISTKRAD
"POINT (9.912719256000059 53.618358995000051)","Unfall 6216 (2019) Kat:3, Licht: 0","6216","3","6","2","04","12","7","0","0","0","1","0","0"
"POINT (9.907525838000026 53.617857011000069)","Unfall 6223 (2019) Kat:3, Licht: 0","6223","3","3","5","01","08","6","2","0","1","1","0","0"
"POINT (10.119374724000068 53.531170334000080)","Unfall 6230 (2019) Kat:3, Licht: 1","6230","3","6","2","03","18","5","0","1","0","1","0","0"
"POINT (9.938953998000045 53.471048349000057)","Unfall 6237 (2019) Kat:3, Licht: 0","6237","3","6","2","04","16","2","0","0","0","1","0","1"
"POINT (10.022848552000028 53.543289372000061)","Unfall 6243 (2019) Kat:3, Licht: 0","6243","3","6","2","04","20","2","0","0","0","1","0","0"
"POINT (9.931504854000025 53.563446780000049)","Unfall 6250 (2019) Kat:3, Licht: 0","6250","3","1","9","01","08","7","1","0","0","1","0","0"
"POINT (10.026379284000029 53.559051868000040)","Unfall 6257 (2019) Kat:3, Licht: 0","6257","3","7","8","03","14","7","0","0","0","0","0","1"
"POINT (10.002969040000039 53.547373585000059)","Unfall 6262 (2019) Kat:2, Licht: 2","6262","2","1","9","04","22","6","0","2","0","1","0","1"
"POINT (10.027095853000048 53.549554798000031)","Unfall 6267 (2019) Kat:3, Licht: 2","6267","3","6","1","01","17","4","0","2","0","1","0","0"
"POINT (9.931504854000025 53.563446780000049)","Unfall 6274 (2019) Kat:3, Licht: 0","6274","3","2","4","03","08","4","1","0","1","1","0","0"
"POINT (9.777262785000062 53.580500630000074)","Unfall 6279 (2019) Kat:3, Licht: 0","6279","3","2","4","02","13","2","0","0","1","1","0","0"
"POINT (9.916172771000049 53.585342130000072)","Unfall 6280 (2019) Kat:3, Licht: 0","6280","3","6","2","04","16","4","0","0","0","1","0","0"
"POINT (9.998006887000031 53.594397896000032)","Unfall 6285 (2019) Kat:3, Licht: 0","6285","3","6","2","04","13","1","0","0","0","1","0","0"
"POINT (9.911319568000067 53.636452318000067)","Unfall 6292 (2019) Kat:3, Licht: 0","6292","3","3","5","02","12","5","0","0","1","1","0","0"
"POINT (9.877075644000058 53.570016000000066)","Unfall 6296 (2019) Kat:3, Licht: 2","6296","3","6","2","02","17","6","0","2","0","1","0","0"
"POINT (9.941409045000057 53.648678919000076)","Unfall 6303 (2019) Kat:3, Licht: 0","6303","3","3","5","03","16","7","0","0","0","1","0","0"
"POINT (9.931446452000046 53.563446905000035)","Unfall 6309 (2019) Kat:3, Licht: 0","6309","3","2","3","04","13","6","0","0","1","0","0","0"
"POINT (9.959917206000057 53.447473109000043)","Unfall 6316 (2019) Kat:3, Licht: 0","6316","3","6","2","01","09","3","1","0","0","1","0","0"
"POINT (9.917071706000058 53.610141275000046)","Unfall 6324 (2019) Kat:3, Licht: 2","6324","3","6","2","03","19","2","1","2","0","1","0","0"
"POINT (10.039169446000074 53.558640158000060)","Unfall 6329 (2019) Kat:3, Licht: 0","6329","3","4","6","04","12","4","0","0","0","1","1","0"
"POINT (10.052688995000040 53.551678542000047)","Unfall 6334 (2019) Kat:3, Licht: 0","6334","3","6","2","01","14","1","0","0","0","1","0","0"
"POINT (9.822657237000044 53.576472314000057)","Unfall 6342 (2019) Kat:3, Licht: 0","6342","3","6","2","03","08","6","0","0","0","1","0","0"
"POINT (9.936859309000056 53.470995617000028)","Unfall 6346 (2019) Kat:3, Licht: 0","6346","3","6","1","02","14","5","0","0","0","1","0","0"
"POINT (9.978252360000056 53.464769984000043)","Unfall 6351 (2019) Kat:3, Licht: 0","6351","3","2","5","04","07","4","0","0","1","1","0","0"
"POINT (9.917754394000042 53.542194935000055)","Unfall 6352 (2019) Kat:3, Licht: 0","6352","3","6","2","04","19","5","0","0","0","1","0","0"
"POINT (9.897406514000068 53.565491387000066)","Unfall 6357 (2019) Kat:3, Licht: 0","6357","3","2","3","01","09","3","1","0","1","1","0","0"
"POINT (10.081895814000063 53.505499696000072)","Unfall 6364 (2019) Kat:3, Licht: 0","6364","3","6","3","03","14","1","1","0","0","1","0","0"
"POINT (9.923536362000050 53.633623449000027)","Unfall 6369 (2019) Kat:3, Licht: 2","6369","3","6","2","02","17","7","1","2","0","1","0","0"
"POINT (10.020579373000032 53.517460226000082)","Unfall 6374 (2019) Kat:3, Licht: 0","6374","3","6","3","04","06","6","0","0","0","1","0","0"
"POINT (9.989968798000064 53.605900030000043)","Unfall 6381 (2019) Kat:3, Licht: 0","6381","3","3","5","02","11","2","0","0","1","1","0","0"
"POINT (9.901687185000071 53.569811225000080)","Unfall 6387 (2019) Kat:3, Licht: 2","6387","3","6","2","01","17","5","1","2","0","1","0","0"
"POINT (9.931858597000030 53.587684039000067)","Unfall 6393 (2019) Kat:3, Licht: 0","6393","3","6","2","03","16","6","0","0","0","1","0","0"
"POINT (10.195895640000060 53.473392074000060)","Unfall 6399 (2019) Kat:3, Licht: 0","6399","3","6","2","04","07","5","1","0","0","1","0","1"
"POINT (9.916866944000049 53.542278371000066)","Unfall 6405 (2019) Kat:3, Licht: 2","6405","3","6","2","01","21","3","1","2","0","1","0","0"
"POINT (9.890900864000059 53.471864896000056)","Unfall 6412 (2019) Kat:3, Licht: 2","6412","3","5","1","03","22","6","0","2","0","1","0","0"
"POINT (9.907307652000043 53.651891199000033)","Unfall 6417 (2019) Kat:3, Licht: 0","6417","3","6","0","04","07","3","0","0","0","1","0","1"
"POINT (10.032520480000073 53.540541962000077)","Unfall 6421 (2019) Kat:3, Licht: 1","6421","3","6","2","01","16","5","1","1","0","1","0","0"
"POINT (9.925150160000044 53.563722056000074)","Unfall 6429 (2019) Kat:3, Licht: 2","6429","3","3","5","02","18","5","0","2","1","1","0","0"
"POINT (10.040999278000072 53.552599246000057)","Unfall 6433 (2019) Kat:3, Licht: 2","6433","3","2","6","02","20","4","1","2","0","1","1","0"
"POINT (9.941492179000022 53.563561355000047)","Unfall 6439 (2019) Kat:3, Licht: 0","6439","3","2","3","04","11","4","1","0","1","0","0","0"
"POINT (10.114318971000046 53.487410759000056)","Unfall 6445 (2019) Kat:3, Licht: 0","6445","3","1","9","04","15","3","0","0","0","0","0","1"
"POINT (9.954414899000028 53.648373657000036)","Unfall 6447 (2019) Kat:3, Licht: 2","6447","3","6","2","02","18","6","0","2","0","1","0","0"
"POINT (9.976993878000030 53.465156519000061)","Unfall 6453 (2019) Kat:1, Licht: 2","6453","1","4","6","01","18","4","0","2","0","1","1","0"
"POINT (9.888798261000034 53.471939580000026)","Unfall 6460 (2019) Kat:3, Licht: 1","6460","3","3","5","03","05","2","1","1","0","1","0","0"
"POINT (10.026282888000026 53.570917226000063)","Unfall 6466 (2019) Kat:3, Licht: 0","6466","3","5","1","04","17","3","0","0","0","1","0","0"
"POINT (9.937683107000055 53.576864018000038)","Unfall 6476 (2019) Kat:3, Licht: 0","6476","3","7","0","02","14","7","0","0","0","1","0","0"
"POINT (10.148299813000051 53.542848781000032)","Unfall 6482 (2019) Kat:3, Licht: 2","6482","3","7","3","01","00","1","1","2","0","1","0","0"
"POINT (10.024881678000042 53.530815034000057)","Unfall 6489 (2019) Kat:3, Licht: 0","6489","3","6","3","03","16","4","1","0","0","1","0","0"
"POINT (9.937652668000055 53.576900211000066)","Unfall 6495 (2019) Kat:3, Licht: 0","6495","3","7","2","04","17","4","0","0","0","1","0","1"
"POINT (9.955112865000046 53.561261092000052)","Unfall 6502 (2019) Kat:3, Licht: 2","6502","3","2","3","01","16","2","0","2","1","1","0","0"
"POINT (10.027208639000037 53.518535805000056)","Unfall 6509 (2019) Kat:3, Licht: 2","6509","3","1","8","03","23","3","1","2","0","1","0","0"
"POINT (10.024800843000037 53.572184193000055)","Unfall 6514 (2019) Kat:3, Licht: 0","6514","3","6","2","04","14","1","1","0","0","1","0","0"
"POINT (10.031842861000030 53.566385630000070)","Unfall 6518 (2019) Kat:3, Licht: 2","6518","3","3","5","01","18","4","0","2","0","1","0","0"
"POINT (9.916581773000075 53.610926181000082)","Unfall 6526 (2019) Kat:3, Licht: 0","6526","3","6","2","02","07","4","0","0","0","1","0","0"
"POINT (10.011150164000071 53.623791367000081)","Unfall 6530 (2019) Kat:3, Licht: 0","6530","3","6","2","02","09","3","1","0","0","1","0","0"
"POINT (9.911163201000022 53.634336514000040)","Unfall 6536 (2019) Kat:3, Licht: 0","6536","3","4","6","04","12","3","0","0","0","1","1","0"
"POINT (9.838429030000043 53.472155608000037)","Unfall 6541 (2019) Kat:3, Licht: 0","6541","3","2","5","04","13","2","0","0","1","1","0","0"
"POINT (10.026806426000064 53.570473861000039)","Unfall 6548 (2019) Kat:3, Licht: 2","6548","3","6","2","01","03","1","1","2","0","1","0","0"
"POINT (9.974993480000023 53.549492725000050)","Unfall 6555 (2019) Kat:3, Licht: 0","6555","3","3","5","03","09","2","1","0","1","1","0","0"
"POINT (9.955086040000026 53.561267680000071)","Unfall 6560 (2019) Kat:3, Licht: 0","6560","3","3","5","04","12","1","0","0","0","1","0","0"
"POINT (9.901367358000073 53.470986748000030)","Unfall 6565 (2019) Kat:3, Licht: 2","6565","3","6","2","01","06","4","0","2","0","1","1","0"
"POINT (9.964424754000049 53.424341481000056)","Unfall 6572 (2019) Kat:3, Licht: 0","6572","3","6","2","03","11","5","1","0","0","1","0","0"
"POINT (9.913031720000049 53.578504262000081)","Unfall 6577 (2019) Kat:3, Licht: 2","6577","3","6","3","02","17","3","0","2","0","1","0","0"
"POINT (9.924133238000024 53.636163226000065)","Unfall 6578 (2019) Kat:3, Licht: 0","6578","3","7","0","04","15","5","0","0","0","1","0","0"
"POINT (9.881548816000077 53.568687214000079)","Unfall 6584 (2019) Kat:3, Licht: 0","6584","3","2","5","04","07","2","0","0","1","1","0","0"
"POINT (9.978103178000026 53.549352980000037)","Unfall 6590 (2019) Kat:3, Licht: 2","6590","3","2","6","01","18","7","1","2","0","1","1","0"
"POINT (10.032108457000049 53.543170900000064)","Unfall 6597 (2019) Kat:3, Licht: 0","6597","3","1","0","03","08","1","0","0","0","0","0","1"
"POINT (10.026788584000030 53.532904535000057)","Unfall 6602 (2019) Kat:3, Licht: 0","6602","3","6","2","04","18","6","0","0","0","1","0","0"
"POINT (9.926393071000064 53.632288838000079)","Unfall 6608 (2019) Kat:3, Licht: 0","6608","3","4","6","04","13","3","0","0","0","1","1","0"
"POINT (10.032797920000064 53.492378395000060)","Unfall 6615 (2019) Kat:3, Licht: 2","6615","3","6","2","02","20","2","0","2","0","1","0","0"
"POINT (9.979346637000049 53.588318755000046)","Unfall 6619 (2019) Kat:3, Licht: 2","6619","3","3","5","02","17","3","0","2","1","1","0","0"
"POINT (9.834591146000037 53.574337958000058)","Unfall 6625 (2019) Kat:3, Licht: 0","6625","3","6","1","04","15","2","0","0","0","1","0","0"
"POINT (9.941257000000064 53.648658247000071)","Unfall 6631 (2019) Kat:3, Licht: 0","6631","3","3","5","04","14","2","0","0","0","1","0","0"
"POINT (10.040659581000057 53.554326235000076)","Unfall 6638 (2019) Kat:3, Licht: 2","6638","3","3","5","01","17","6","1","2","0","1","0","0"
"POINT (10.031842861000030 53.566385630000070)","Unfall 6645 (2019) Kat:3, Licht: 0","6645","3","3","5","03","11","6","0","0","0","1","0","0"
"POINT (10.064351575000046 53.509116397000071)","Unfall 6650 (2019) Kat:3, Licht: 0","6650","3","6","2","04","11","5","0","0","0","1","0","0"
"POINT (10.090816362000055 53.507936007000069)","Unfall 6655 (2019) Kat:3, Licht: 0","6655","3","6","3","01","13","3","1","0","0","1","0","0"
"POINT (9.950191442000062 53.617680748000055)","Unfall 6662 (2019) Kat:3, Licht: 2","6662","3","3","5","03","23","3","0","2","0","1","0","0"
"POINT (9.863473149000072 53.471447367000053)","Unfall 6667 (2019) Kat:3, Licht: 2","6667","3","2","2","02","18","1","1","2","0","1","0","0"
"POINT (10.207057711000061 53.475545976000035)","Unfall 6668 (2019) Kat:3, Licht: 0","6668","3","7","0","04","07","3","0","0","0","1","0","0"
"POINT (9.955423937000035 53.648165983000069)","Unfall 6673 (2019) Kat:3, Licht: 2","6673","3","1","8","04","23","1","0","2","0","1","0","0"
"POINT (9.917077571000050 53.610130375000040)","Unfall 6680 (2019) Kat:3, Licht: 2","6680","3","6","2","02","06","4","0","2","0","1","0","0"
"POINT (9.911354996000057 53.635450014000071)","Unfall 6684 (2019) Kat:3, Licht: 2","6684","3","3","5","02","16","6","0","2","0","1","0","0"
"POINT (10.180204941000056 53.507592851000027)","Unfall 6690 (2019) Kat:3, Licht: 0","6690","3","6","2","03","09","6","0","0","0","1","0","0"
"POINT (9.890003645000036 53.471893540000053)","Unfall 6696 (2019) Kat:3, Licht: 0","6696","3","3","5","04","10","5","0","0","1","1","0","0"
"POINT (10.025549753000064 53.552928619000056)","Unfall 6703 (2019) Kat:3, Licht: 0","6703","3","6","1","01","15","3","1","0","0","1","0","0"
"POINT (9.944203676000029 53.571457872000053)","Unfall 6708 (2019) Kat:3, Licht: 2","6708","3","1","0","02","21","6","0","2","0","1","0","0"
"POINT (9.919953315000043 53.604795797000065)","Unfall 6712 (2019) Kat:3, Licht: 0","6712","3","6","3","02","15","7","1","0","0","1","0","0"
"POINT (10.029027481000071 53.547470204000035)","Unfall 6718 (2019) Kat:3, Licht: 0","6718","3","1","0","03","13","7","0","0","1","0","0","0"
"POINT (10.082100726000021 53.507240628000034)","Unfall 6724 (2019) Kat:3, Licht: 0","6724","3","6","2","04","16","6","0","0","0","1","0","0"
"POINT (10.171289970000032 53.512321333000045)","Unfall 6731 (2019) Kat:3, Licht: 2","6731","3","1","9","01","20","5","1","2","0","1","0","0"
"POINT (10.032645514000023 53.565719868000031)","Unfall 6738 (2019) Kat:3, Licht: 0","6738","3","2","5","03","09","3","0","0","1","1","0","0"
"POINT (10.034857752000050 53.494852715000036)","Unfall 6743 (2019) Kat:2, Licht: 0","6743","2","6","2","04","14","4","0","0","0","1","0","0"
"POINT (10.117681409000056 53.532032050000055)","Unfall 6748 (2019) Kat:3, Licht: 2","6748","3","6","2","01","06","2","1","2","0","1","0","0"
"POINT (9.935672039000053 53.579253944000072)","Unfall 6756 (2019) Kat:3, Licht: 2","6756","3","6","1","03","20","1","1","2","0","1","0","0"
"POINT (10.029028462000042 53.568681595000044)","Unfall 6761 (2019) Kat:3, Licht: 0","6761","3","6","2","02","14","6","1","0","0","1","0","0"
"POINT (9.951841900000034 53.561907422000047)","Unfall 6766 (2019) Kat:3, Licht: 0","6766","3","4","6","04","19","6","0","0","1","0","1","0"
"POINT (9.960016913000061 53.560042399000054)","Unfall 6773 (2019) Kat:3, Licht: 0","6773","3","6","2","02","17","1","0","0","0","1","0","0"
"POINT (9.996889195000051 53.547522765000053)","Unfall 6779 (2019) Kat:3, Licht: 2","6779","3","2","4","01","17","3","1","2","0","1","0","0"
"POINT (9.978572451000048 53.549313610000070)","Unfall 6786 (2019) Kat:3, Licht: 2","6786","3","4","6","03","21","6","0","2","0","1","1","0"
"POINT (9.983794425000042 53.591989361000060)","Unfall 6792 (2019) Kat:3, Licht: 0","6792","3","2","5","04","18","5","0","0","1","1","0","0"
"POINT (9.900836684000069 53.568353733000038)","Unfall 6798 (2019) Kat:3, Licht: 2","6798","3","6","2","01","22","3","1","2","0","1","0","0"
"POINT (9.913828966000040 53.542721457000027)","Unfall 6805 (2019) Kat:3, Licht: 0","6805","3","6","2","03","15","5","0","0","0","0","0","0"
"POINT (10.032333005000055 53.543244093000055)","Unfall 6810 (2019) Kat:3, Licht: 0","6810","3","2","3","04","08","2","0","0","1","1","0","0"
"POINT (9.961208020000072 53.606411804000061)","Unfall 6814 (2019) Kat:3, Licht: 0","6814","3","3","5","01","11","5","0","0","1","1","0","0"
"POINT (9.918929846000026 53.445142420000082)","Unfall 6822 (2019) Kat:3, Licht: 2","6822","3","6","3","02","06","4","0","2","0","1","0","0"
"POINT (10.036313882000059 53.496594588000050)","Unfall 6829 (2019) Kat:3, Licht: 2","6829","3","6","3","03","01","1","0","2","0","1","0","0"
"POINT (10.034119146000023 53.563876749000030)","Unfall 6834 (2019) Kat:3, Licht: 0","6834","3","6","0","04","09","4","0","0","1","0","0","0"
"POINT (9.849819167000021 53.472692745000074)","Unfall 6839 (2019) Kat:3, Licht: 0","6839","3","7","0","01","09","6","1","0","0","0","0","0"
"POINT (10.030934538000054 53.490146268000046)","Unfall 6847 (2019) Kat:3, Licht: 2","6847","3","6","1","02","02","5","0","2","0","0","0","0"
"POINT (9.931395110000040 53.563447016000055)","Unfall 6851 (2019) Kat:3, Licht: 0","6851","3","3","5","02","11","5","1","0","1","1","0","0"
"POINT (10.011310689000027 53.623557210000058)","Unfall 6857 (2019) Kat:3, Licht: 0","6857","3","3","5","04","07","4","0","0","0","1","0","0"
"POINT (10.026004877000048 53.532045812000035)","Unfall 6864 (2019) Kat:3, Licht: 0","6864","3","6","1","02","15","6","0","0","0","1","0","0"
"POINT (9.991820518000054 53.592779410000048)","Unfall 6870 (2019) Kat:3, Licht: 0","6870","3","2","5","01","12","7","1","0","1","1","0","0"
"POINT (9.848476109000046 53.472747744000060)","Unfall 6877 (2019) Kat:3, Licht: 0","6877","3","6","2","03","16","3","1","0","0","1","0","0"
"POINT (10.119387073000041 53.531165272000067)","Unfall 6883 (2019) Kat:3, Licht: 0","6883","3","6","2","04","18","3","0","0","0","1","0","0"
"POINT (9.862095410000052 53.471433353000066)","Unfall 6889 (2019) Kat:3, Licht: 2","6889","3","6","2","01","17","7","1","2","0","1","0","0"
"POINT (9.967222114000037 53.552045097000075)","Unfall 6896 (2019) Kat:3, Licht: 0","6896","3","3","5","03","05","3","0","0","0","1","0","0"
"POINT (9.816051640000069 53.577479636000078)","Unfall 6901 (2019) Kat:3, Licht: 0","6901","3","3","5","04","07","7","1","0","0","1","0","0"
"POINT (9.926848257000074 53.639891308000074)","Unfall 6905 (2019) Kat:3, Licht: 0","6905","3","6","2","01","13","4","0","0","0","1","0","0"
"POINT (9.883800422000036 53.472115410000072)","Unfall 6913 (2019) Kat:3, Licht: 1","6913","3","3","5","02","06","3","0","1","0","1","0","0"
"POINT (9.932590655000070 53.527988439000069)","Unfall 6917 (2019) Kat:3, Licht: 0","6917","3","6","3","02","12","3","0","0","0","1","0","0"
"POINT (9.830711722000046 53.471379642000045)","Unfall 6923 (2019) Kat:3, Licht: 0","6923","3","6","1","04","18","2","0","0","0","1","0","0"
"POINT (10.057850185000063 53.509276188000058)","Unfall 6929 (2019) Kat:3, Licht: 0","6929","3","6","3","04","14","2","0","0","0","1","0","0"
"POINT (9.933806162000053 53.582952691000060)","Unfall 6936 (2019) Kat:3, Licht: 0","6936","3","6","1","01","14","7","0","0","0","1","0","0"
"POINT (9.983858132000023 53.592211827000028)","Unfall 6943 (2019) Kat:3, Licht: 0","6943","3","2","6","02","17","4","1","0","0","1","1","0"
"POINT (10.035986531000049 53.562730371000043)","Unfall 6949 (2019) Kat:3, Licht: 2","6949","3","2","5","04","20","3","0","2","1","1","0","0"
"POINT (9.999983962000044 53.594399296000063)","Unfall 6955 (2019) Kat:3, Licht: 0","6955","3","3","5","04","08","3","0","0","0","1","0","0"
"POINT (9.993096835000074 53.592858516000035)","Unfall 6957 (2019) Kat:3, Licht: 0","6957","3","7","5","02","14","6","0","0","0","1","0","0"
"POINT (10.011557871000036 53.517031541000051)","Unfall 6963 (2019) Kat:3, Licht: 2","6963","3","6","2","01","19","3","1","2","0","1","0","0"
"POINT (9.930413916000077 53.646446469000068)","Unfall 6970 (2019) Kat:3, Licht: 0","6970","3","6","2","03","12","2","1","0","0","1","0","0"
"POINT (9.960380924000049 53.469871222000052)","Unfall 6976 (2019) Kat:3, Licht: 0","6976","3","6","3","04","13","2","0","0","0","1","0","0"
"POINT (9.938226250000071 53.647984676000078)","Unfall 6982 (2019) Kat:3, Licht: 2","6982","3","1","8","01","22","6","0","2","0","1","0","0"
"POINT (10.037607856000022 53.498597346000054)","Unfall 6989 (2019) Kat:3, Licht: 1","6989","3","7","7","03","06","6","1","1","0","1","0","0"
"POINT (9.944980014000066 53.563046395000072)","Unfall 6994 (2019) Kat:3, Licht: 0","6994","3","6","3","02","13","5","0","0","1","0","0","0"
"POINT (9.917038638000065 53.610202722000054)","Unfall 6995 (2019) Kat:3, Licht: 0","6995","3","6","3","04","06","5","0","0","0","1","0","0"
"POINT (10.026060185000063 53.551241900000036)","Unfall 7001 (2019) Kat:3, Licht: 0","7001","3","4","6","04","08","2","0","0","1","0","1","0"
"POINT (9.962150596000072 53.603030842000067)","Unfall 7008 (2019) Kat:3, Licht: 0","7008","3","6","3","02","14","1","0","0","0","1","0","0"
"POINT (9.998940624000056 53.547639719000074)","Unfall 7012 (2019) Kat:2, Licht: 2","7012","2","6","8","02","04","1","1","2","0","1","0","0"
"POINT (9.950270720000049 53.572675051000033)","Unfall 7018 (2019) Kat:3, Licht: 0","7018","3","6","2","04","08","2","0","0","0","1","0","0"
"POINT (10.092218515000070 53.508005874000048)","Unfall 7024 (2019) Kat:3, Licht: 2","7024","3","6","3","04","02","7","1","2","0","1","0","0"
"POINT (10.031842861000030 53.566385630000070)","Unfall 7031 (2019) Kat:3, Licht: 2","7031","3","3","5","01","06","6","2","2","0","1","0","0"
"POINT (10.092973687000040 53.508786170000064)","Unfall 7038 (2019) Kat:3, Licht: 0","7038","3","6","2","03","16","5","0","0","0","1","0","0"
"POINT (9.930158178000056 53.525278537000077)","Unfall 7043 (2019) Kat:3, Licht: 0","7043","3","6","3","04","17","5","0","0","0","1","0","0"
"POINT (10.128633832000048 53.523981225000057)","Unfall 7048 (2019) Kat:3, Licht: 0","7048","3","6","2","01","08","3","1","0","0","1","0","0"
"POINT (9.920223024000052 53.604406275000031)","Unfall 7055 (2019) Kat:3, Licht: 0","7055","3","6","3","03","08","2","0","0","0","1","0","0"
"POINT (9.947653013000036 53.470919726000034)","Unfall 7060 (2019) Kat:3, Licht: 2","7060","3","1","1","02","00","7","1","2","0","1","0","0"
"POINT (9.907551871000067 53.617957126000078)","Unfall 7063 (2019) Kat:2, Licht: 0","7063","2","2","4","03","11","1","0","0","0","1","0","0"
"POINT (9.877494379000041 53.569861351000043)","Unfall 7068 (2019) Kat:3, Licht: 0","7068","3","3","5","04","11","7","0","0","1","1","0","0"
"POINT (10.028977659000077 53.547533771000076)","Unfall 7073 (2019) Kat:3, Licht: 0","7073","3","6","1","01","10","4","0","0","0","1","0","0"
"POINT (9.907519875000048 53.617834080000080)","Unfall 7080 (2019) Kat:3, Licht: 0","7080","3","3","5","03","10","5","1","0","0","1","0","0"
"POINT (9.945220487000029 53.620223166000073)","Unfall 7085 (2019) Kat:3, Licht: 0","7085","3","6","3","02","15","3","0","0","1","0","0","0"
"POINT (10.031365148000077 53.539115490000029)","Unfall 7086 (2019) Kat:3, Licht: 0","7086","3","3","5","04","07","4","0","0","1","1","0","0"
"POINT (9.997990213000037 53.594396596000081)","Unfall 7092 (2019) Kat:3, Licht: 0","7092","3","6","3","04","13","1","0","0","0","1","0","0"
"POINT (9.907519875000048 53.617834080000080)","Unfall 7099 (2019) Kat:3, Licht: 2","7099","3","3","5","02","05","5","0","2","1","1","0","0"
"POINT (9.856004815000063 53.472059892000061)","Unfall 7103 (2019) Kat:3, Licht: 2","7103","3","6","2","02","18","6","0","2","0","1","0","0"
"POINT (9.923064143000033 53.634615717000031)","Unfall 7110 (2019) Kat:3, Licht: 0","7110","3","3","5","03","13","7","0","0","0","1","0","0"
"POINT (9.898359026000037 53.561723204000032)","Unfall 7116 (2019) Kat:3, Licht: 0","7116","3","6","2","04","12","6","0","0","0","1","0","0"
"POINT (9.976987376000068 53.465158558000041)","Unfall 7123 (2019) Kat:3, Licht: 2","7123","3","3","5","01","17","3","1","2","1","1","0","0"
"POINT (10.041320254000027 53.552606396000044)","Unfall 7130 (2019) Kat:3, Licht: 0","7130","3","6","2","03","16","2","0","0","0","1","0","0"
"POINT (10.141014448000021 53.535404285000027)","Unfall 7135 (2019) Kat:3, Licht: 0","7135","3","6","2","04","17","4","0","0","0","1","0","0"
"POINT (9.869058825000025 53.571279532000062)","Unfall 7140 (2019) Kat:3, Licht: 2","7140","3","7","0","01","17","2","1","2","0","1","0","0"
"POINT (9.929661743000054 53.591604923000034)","Unfall 7148 (2019) Kat:3, Licht: 0","7148","3","3","5","03","08","6","0","0","1","1","0","0"
"POINT (9.894264740000040 53.471742408000068)","Unfall 7152 (2019) Kat:3, Licht: 2","7152","3","4","6","02","05","5","1","2","0","1","1","0"
"POINT (10.102035131000036 53.538615141000037)","Unfall 7157 (2019) Kat:3, Licht: 0","7157","3","6","2","04","16","5","0","0","0","1","0","0"
"POINT (9.946418368000025 53.649329492000049)","Unfall 7164 (2019) Kat:3, Licht: 0","7164","3","6","1","02","09","7","0","0","0","1","0","0"
"POINT (9.834177940000075 53.574426086000074)","Unfall 7170 (2019) Kat:3, Licht: 0","7170","3","6","2","01","14","2","1","0","0","1","0","0"
"POINT (9.959478663000027 53.574727369000072)","Unfall 7177 (2019) Kat:2, Licht: 0","7177","2","7","4","03","16","5","0","0","0","1","0","1"
"POINT (9.996191359000022 53.594058041000039)","Unfall 7183 (2019) Kat:3, Licht: 0","7183","3","3","5","04","16","7","0","0","1","1","0","0"
"POINT (9.923860764000040 53.634352896000053)","Unfall 7190 (2019) Kat:3, Licht: 0","7190","3","6","2","02","13","2","0","0","0","1","0","0"
"POINT (9.925463688000036 53.563712074000080)","Unfall 7195 (2019) Kat:3, Licht: 2","7195","3","2","0","01","18","5","0","2","1","1","0","0"
"POINT (9.994133873000067 53.593276919000061)","Unfall 7201 (2019) Kat:3, Licht: 0","7201","3","2","3","03","10","6","0","0","1","0","0","0"
"POINT (10.205565363000062 53.474402334000047)","Unfall 7207 (2019) Kat:3, Licht: 0","7207","3","6","1","04","15","5","0","0","0","1","0","0"
"POINT (9.816358200000025 53.577436501000079)","Unfall 7213 (2019) Kat:3, Licht: 0","7213","3","2","6","01","08","3","0","0","0","1","1","0"
"POINT (9.944164812000054 53.567188579000060)","Unfall 7220 (2019) Kat:3, Licht: 0","7220","3","6","4","03","13","7","1","0","0","1","0","0"
"POINT (9.963760197000056 53.599988505000056)","Unfall 7225 (2019) Kat:1, Licht: 0","7225","1","4","6","04","18","4","0","0","0","0","1","0"
"POINT (9.975413216000050 53.451638594000030)","Unfall 7230 (2019) Kat:3, Licht: 0","7230","3","6","2","01","15","5","1","0","0","1","0","0"
"POINT (10.053307061000055 53.551614231000030)","Unfall 7238 (2019) Kat:3, Licht: 0","7238","3","6","2","02","13","5","0","0","0","1","0","0"
"POINT (9.918935829000077 53.470538316000045)","Unfall 7242 (2019) Kat:2, Licht: 2","7242","2","1","8","02","21","4","1","2","0","1","0","0"
"POINT (9.983926027000052 53.595033927000031)","Unfall 7248 (2019) Kat:3, Licht: 0","7248","3","6","2","04","08","4","0","0","0","1","0","0"
"POINT (9.920315113000072 53.626043205000030)","Unfall 7255 (2019) Kat:3, Licht: 0","7255","3","6","3","02","11","6","0","0","0","1","0","0"
"POINT (10.203367552000032 53.489876862000074)","Unfall 7261 (2019) Kat:3, Licht: 2","7261","3","7","8","01","04","5","0","2","0","1","0","0"
"POINT (9.960676734000060 53.607604666000043)","Unfall 7268 (2019) Kat:3, Licht: 0","7268","3","3","6","03","07","3","0","0","1","0","1","0"
"POINT (10.081523807000053 53.562546310000073)","Unfall 7274 (2019) Kat:3, Licht: 0","7274","3","6","2","04","06","3","0","0","0","1","0","0"
"POINT (9.966646767000043 53.582329175000041)","Unfall 7280 (2019) Kat:3, Licht: 2","7280","3","6","2","01","00","7","0","2","0","1","0","0"
"POINT (9.941196051000077 53.471109084000034)","Unfall 7287 (2019) Kat:3, Licht: 0","7287","3","6","2","03","16","1","1","0","0","1","0","0"
"POINT (10.027206806000038 53.518831854000041)","Unfall 7292 (2019) Kat:2, Licht: 0","7292","2","6","3","04","16","6","0","0","0","1","0","0"
"POINT (9.928986538000061 53.592233165000039)","Unfall 7299 (2019) Kat:3, Licht: 0","7299","3","2","3","04","16","4","0","0","0","1","0","0"
"POINT (9.967369244000054 53.591030863000071)","Unfall 7306 (2019) Kat:3, Licht: 0","7306","3","4","6","01","16","2","0","0","0","1","1","0"
"POINT (10.055684976000066 53.509314297000060)","Unfall 7313 (2019) Kat:3, Licht: 1","7313","3","6","2","03","17","4","1","1","0","1","0","0"