WKT,Name,OBJECTID,UKATEGORIE,UTYP1,UART,UMONAT,USTUNDE,UWOCHENTAG,STRZUSTAND,ULICHTVERH,ISTRAD,ISTPKW,ISTFUSS,ISTKRAD
"POINT (9.854828943000030 53.472385012000075)","Unfall 7318 (2019) Kat:3, Licht: 0","7318","3","2","4","04","14","1","1","0","0","1","0","0"
"POINT (9.973774846000026 53.549669399000038)","Unfall 7322 (2019) Kat:3, Licht: 0","7322","3","3","5","01","13","5","0","0","1","1","0","0"
"POINT (9.917094033000069 53.610099786000035)","Unfall 7330 (2019) Kat:3, Licht: 2","7330","3","6","3","02","06","4","0","2","0","1","0","0"
"POINT (10.027917889000037 53.454359890000035)","Unfall 7334 (2019) Kat:3, Licht: 2","7334","3","6","2","02","17","3","0","2","0","1","0","0"
"POINT (9.920865993000064 53.563952667000081)","Unfall 7340 (2019) Kat:3, Licht: 0","7340","3","6","2","04","09","3","0","0","0","1","0","0"
"POINT (9.911549288000060 53.577535747000070)","Unfall 7346 (2019) Kat:3, Licht: 1","7346","3","6","2","04","05","3","0","1","0","1","0","0"
"POINT (9.974544694000031 53.465931390000037)","Unfall 7348 (2019) Kat:3, Licht: 0","7348","3","7","4","02","11","5","0","0","0","1","0","0"
"POINT (10.028173579000054 53.569376167000030)","Unfall 7354 (2019) Kat:3, Licht: 2","7354","3","3","5","01","21","1","0","2","0","1","0","0"
"POINT (9.968288945000040 53.587017308000043)","Unfall 7361 (2019) Kat:3, Licht: 0","7361","3","6","2","03","14","2","1","0","0","1","0","0"
"POINT (9.899139378000029 53.564359538000076)","Unfall 7366 (2019) Kat:3, Licht: 0","7366","3","6","2","04","12","2","0","0","0","1","0","0"
"POINT (9.973621254000022 53.549697879000064)","Unfall 7371 (2019) Kat:3, Licht: 2","7371","3","6","2","01","05","5","0","2","0","1","0","0"
"POINT (9.920427332000031 53.604113839000036)","Unfall 7378 (2019) Kat:3, Licht: 0","7378","3","6","3","03","14","6","0","0","0","1","0","0"
"POINT (10.021968270000059 53.543356805000030)","Unfall 7383 (2019) Kat:3, Licht: 2","7383","3","2","4","02","20","4","0","2","0","1","0","0"
"POINT (9.949336991000052 53.618036758000073)","Unfall 7384 (2019) Kat:3, Licht: 0","7384","3","7","0","04","17","5","0","0","0","0","0","1"
"POINT (9.887344418000055 53.624708905000034)","Unfall 7390 (2019) Kat:2, Licht: 0","7390","2","7","0","04","08","2","0","0","0","1","1","0"
"POINT (9.901476284000069 53.564817417000029)","Unfall 7397 (2019) Kat:3, Licht: 2","7397","3","3","5","02","23","6","0","2","0","1","0","1"
"POINT (10.136414817000059 53.526255435000053)","Unfall 7401 (2019) Kat:3, Licht: 0","7401","3","6","2","02","12","7","1","0","0","1","0","0"
"POINT (9.927871566000022 53.470735757000057)","Unfall 7407 (2019) Kat:3, Licht: 0","7407","3","6","2","03","12","7","0","0","0","1","0","0"
"POINT (9.983924486000035 53.596144716000026)","Unfall 7414 (2019) Kat:3, Licht: 2","7414","3","6","2","01","01","3","0","2","0","1","0","0"
"POINT (10.028437092000047 53.569165370000064)","Unfall 7416 (2019) Kat:3, Licht: 0","7416","3","6","3","04","15","3","0","0","1","0","0","0"
"POINT (9.915499623000073 53.586119131000032)","Unfall 7423 (2019) Kat:3, Licht: 0","7423","3","6","3","02","11","3","0","0","0","1","0","0"
"POINT (9.934944769000026 53.647076488000039)","Unfall 7427 (2019) Kat:3, Licht: 2","7427","3","6","2","02","18","3","0","2","0","0","0","0"
"POINT (10.026508481000064 53.551490505000061)","Unfall 7433 (2019) Kat:3, Licht: 0","7433","3","2","4","04","14","2","0","0","0","1","0","0"
"POINT (9.895392365000021 53.565873930000066)","Unfall 7439 (2019) Kat:3, Licht: 2","7439","3","2","4","04","22","2","0","2","0","1","0","0"
"POINT (9.990186830000027 53.547196085000053)","Unfall 7446 (2019) Kat:3, Licht: 0","7446","3","6","3","01","12","7","0","0","0","1","0","0"
"POINT (9.968683798000029 53.450544976000060)","Unfall 7453 (2019) Kat:3, Licht: 0","7453","3","3","5","03","12","6","0","0","0","1","0","0"
"POINT (9.850977434000072 53.472630349000042)","Unfall 7458 (2019) Kat:3, Licht: 0","7458","3","3","5","04","11","5","0","0","1","1","0","0"
"POINT (9.826746186000037 53.470990228000062)","Unfall 7463 (2019) Kat:3, Licht: 2","7463","3","2","6","01","06","3","1","2","0","1","1","0"
"POINT (9.980735153000069 53.589031546000058)","Unfall 7470 (2019) Kat:3, Licht: 2","7470","3","6","4","03","18","4","1","2","0","1","0","0"
"POINT (9.920855334000066 53.517542381000055)","Unfall 7475 (2019) Kat:3, Licht: 0","7475","3","6","3","02","07","2","0","0","0","1","0","0"
"POINT (9.935880278000070 53.647337168000035)","Unfall 7476 (2019) Kat:3, Licht: 0","7476","3","7","4","04","11","4","0","0","0","1","0","0"
"POINT (9.928541670000072 53.592290571000035)","Unfall 7481 (2019) Kat:3, Licht: 2","7481","3","2","4","04","21","1","0","2","0","1","0","0"
"POINT (10.128922077000027 53.567101329000081)","Unfall 7488 (2019) Kat:3, Licht: 2","7488","3","6","1","02","18","4","0","2","0","1","0","0"
"POINT (9.898380285000030 53.560087169000042)","Unfall 7492 (2019) Kat:3, Licht: 0","7492","3","6","2","02","15","6","0","0","0","1","0","0"
"POINT (9.985380573000043 53.591361049000056)","Unfall 7499 (2019) Kat:3, Licht: 1","7499","3","6","3","03","18","7","0","1","0","1","0","0"
"POINT (9.992969229000039 53.592799302000060)","Unfall 7505 (2019) Kat:3, Licht: 0","7505","3","6","2","04","18","6","0","0","0","1","0","0"
"POINT (10.048500279000052 53.552191480000033)","Unfall 7511 (2019) Kat:3, Licht: 2","7511","3","2","6","01","17","3","1","2","0","1","1","0"
"POINT (9.972730777000038 53.645517131000076)","Unfall 7518 (2019) Kat:3, Licht: 0","7518","3","6","2","03","15","2","1","0","0","1","0","0"
"POINT (10.032286488000068 53.539139282000065)","Unfall 7523 (2019) Kat:3, Licht: 0","7523","3","6","2","04","11","4","0","0","0","1","0","1"
"POINT (9.898121642000035 53.558817683000029)","Unfall 7528 (2019) Kat:3, Licht: 2","7528","3","6","3","01","17","1","1","2","0","1","0","0"
"POINT (9.978350610000064 53.549334651000038)","Unfall 7531 (2019) Kat:3, Licht: 1","7531","3","6","2","04","19","7","1","1","0","1","0","0"
"POINT (9.924850228000025 53.454643741000041)","Unfall 7538 (2019) Kat:3, Licht: 0","7538","3","7","0","01","14","5","1","0","0","1","0","0"
"POINT (9.917124880000074 53.610042466000039)","Unfall 7545 (2019) Kat:3, Licht: 0","7545","3","6","3","03","12","5","0","0","0","1","0","0"
"POINT (10.028362306000076 53.487061610000069)","Unfall 7550 (2019) Kat:3, Licht: 0","7550","3","6","2","04","16","4","0","0","0","1","0","0"
"POINT (10.092517609000026 53.507858044000045)","Unfall 7555 (2019) Kat:3, Licht: 0","7555","3","6","3","01","13","2","1","0","0","1","0","0"
"POINT (10.146473602000071 53.564591076000056)","Unfall 7563 (2019) Kat:2, Licht: 0","7563","2","6","2","03","11","1","1","0","0","1","0","0"
"POINT (9.880378594000035 53.472045515000048)","Unfall 7568 (2019) Kat:3, Licht: 0","7568","3","6","2","02","15","6","1","0","0","1","0","0"
"POINT (9.987553418000061 53.603306283000052)","Unfall 7573 (2019) Kat:3, Licht: 0","7573","3","3","5","04","11","6","0","0","0","1","0","0"
"POINT (10.202347258000032 53.491193011000064)","Unfall 7580 (2019) Kat:3, Licht: 2","7580","3","3","5","02","18","1","0","2","1","1","0","0"
"POINT (9.825050197000053 53.576089288000048)","Unfall 7586 (2019) Kat:3, Licht: 0","7586","3","6","2","01","12","3","1","0","0","1","0","0"
"POINT (9.930763038000066 53.536403883000048)","Unfall 7592 (2019) Kat:3, Licht: 2","7592","3","6","0","03","01","6","0","2","0","1","0","0"
"POINT (10.031111318000058 53.537601112000061)","Unfall 7598 (2019) Kat:3, Licht: 1","7598","3","6","2","04","19","5","0","1","0","1","0","0"
"POINT (9.898763627000051 53.565200054000059)","Unfall 7604 (2019) Kat:3, Licht: 2","7604","3","6","2","01","06","3","1","2","0","1","0","0"
"POINT (9.847217139000065 53.572869987000047)","Unfall 7611 (2019) Kat:3, Licht: 0","7611","3","6","1","03","13","6","1","0","0","1","0","0"
"POINT (9.922313380000048 53.470627937000074)","Unfall 7616 (2019) Kat:3, Licht: 0","7616","3","3","5","04","13","2","0","0","0","1","0","0"
"POINT (9.923277562000067 53.597064793000072)","Unfall 7620 (2019) Kat:3, Licht: 2","7620","3","6","2","01","05","5","0","2","0","1","0","0"
"POINT (9.918955969000024 53.444869904000029)","Unfall 7628 (2019) Kat:3, Licht: 0","7628","3","1","1","02","08","4","0","0","0","0","0","0"
"POINT (10.032677461000048 53.540185935000068)","Unfall 7632 (2019) Kat:3, Licht: 0","7632","3","6","2","02","14","4","1","0","0","1","0","0"
"POINT (9.992351650000046 53.457573004000039)","Unfall 7638 (2019) Kat:3, Licht: 2","7638","3","6","2","04","20","3","0","2","0","1","0","0"
"POINT (10.025562052000055 53.552014371000041)","Unfall 7644 (2019) Kat:3, Licht: 0","7644","3","6","2","04","15","3","0","0","0","1","0","0"
"POINT (9.924726575000022 53.636375645000044)","Unfall 7646 (2019) Kat:3, Licht: 0","7646","3","6","2","02","14","6","0","0","0","1","0","0"
"POINT (9.968564187000027 53.586158684000054)","Unfall 7655 (2019) Kat:3, Licht: 0","7655","3","3","5","03","14","6","0","0","0","1","0","0"
"POINT (10.030735857000025 53.544898037000053)","Unfall 7659 (2019) Kat:3, Licht: 0","7659","3","6","3","02","12","5","1","0","0","1","0","0"
"POINT (9.952881643000069 53.470635054000070)","Unfall 7664 (2019) Kat:3, Licht: 0","7664","3","2","2","04","18","4","0","0","0","1","0","0"
"POINT (10.038876476000041 53.559271471000045)","Unfall 7671 (2019) Kat:3, Licht: 2","7671","3","6","3","02","20","6","0","2","0","1","0","0"
"POINT (9.931048899000075 53.629308600000059)","Unfall 7677 (2019) Kat:3, Licht: 2","7677","3","2","4","01","20","1","1","2","0","1","0","0"
"POINT (9.959259711000073 53.574356467000030)","Unfall 7686 (2019) Kat:3, Licht: 1","7686","3","6","2","03","17","4","1","1","0","1","0","0"
"POINT (10.139407699000060 53.533237873000076)","Unfall 7692 (2019) Kat:3, Licht: 0","7692","3","6","2","04","17","3","0","0","0","1","0","0"
"POINT (10.009259359000055 53.547781597000039)","Unfall 7699 (2019) Kat:3, Licht: 0","7699","3","3","3","01","11","1","1","0","0","1","0","0"
"POINT (10.021377789000042 53.575085962000060)","Unfall 7706 (2019) Kat:3, Licht: 1","7706","3","2","5","03","18","3","1","1","0","1","0","0"
"POINT (9.790711552000062 53.580599260000042)","Unfall 7711 (2019) Kat:2, Licht: 0","7711","2","7","6","04","11","1","0","0","1","0","1","0"
"POINT (9.908180231000074 53.620380917000034)","Unfall 7715 (2019) Kat:3, Licht: 2","7715","3","2","4","01","17","4","0","2","0","1","0","0"
"POINT (9.948938579000071 53.562260814000069)","Unfall 7724 (2019) Kat:3, Licht: 0","7724","3","7","6","02","09","4","0","0","0","0","1","0"
"POINT (9.871864010000024 53.571110352000062)","Unfall 7728 (2019) Kat:3, Licht: 0","7728","3","3","5","02","12","3","1","0","1","1","0","0"
"POINT (9.956106487000056 53.570387047000054)","Unfall 7734 (2019) Kat:3, Licht: 0","7734","3","2","5","04","18","3","0","0","1","1","0","0"
"POINT (10.022528945000033 53.526544044000048)","Unfall 7739 (2019) Kat:3, Licht: 0","7739","3","6","2","04","15","2","0","0","0","1","0","0"
"POINT (10.022375114000056 53.543212115000074)","Unfall 7746 (2019) Kat:3, Licht: 0","7746","3","2","2","01","11","7","0","0","0","1","0","0"
"POINT (10.031715261000045 53.538363921000041)","Unfall 7753 (2019) Kat:3, Licht: 0","7753","3","6","2","03","14","1","0","0","0","1","0","0"
"POINT (9.933114308000029 53.585175916000082)","Unfall 7758 (2019) Kat:3, Licht: 0","7758","3","6","1","04","16","7","0","0","0","1","0","0"
"POINT (10.040472764000071 53.555768972000067)","Unfall 7763 (2019) Kat:2, Licht: 0","7763","2","6","2","01","12","4","0","0","0","1","0","1"
"POINT (9.865268413000024 53.571523825000043)","Unfall 7771 (2019) Kat:3, Licht: 2","7771","3","2","4","01","20","4","0","2","0","1","0","0"
"POINT (10.032878839000034 53.539925052000058)","Unfall 7779 (2019) Kat:3, Licht: 1","7779","3","6","0","03","06","2","1","1","0","1","0","0"
"POINT (9.920473882000067 53.563974477000045)","Unfall 7785 (2019) Kat:3, Licht: 0","7785","3","2","3","04","13","3","0","0","1","0","0","0"
"POINT (9.852364413000032 53.572308114000066)","Unfall 7791 (2019) Kat:3, Licht: 0","7791","3","3","5","01","14","6","1","0","0","1","0","0"
"POINT (10.027664319000053 53.533847394000077)","Unfall 7798 (2019) Kat:3, Licht: 2","7798","3","7","3","03","01","7","0","2","0","1","0","0"
"POINT (10.036756893000074 53.497132661000080)","Unfall 7803 (2019) Kat:3, Licht: 0","7803","3","6","2","02","15","5","0","0","0","1","0","0"
"POINT (9.919295633000047 53.564015879000067)","Unfall 7804 (2019) Kat:3, Licht: 0","7804","3","2","5","04","15","6","0","0","1","1","0","0"
"POINT (10.078399190000027 53.547264011000038)","Unfall 7810 (2019) Kat:3, Licht: 0","7810","3","6","3","04","12","2","0","0","0","1","0","0"
"POINT (10.038006192000068 53.560452758000054)","Unfall 7818 (2019) Kat:3, Licht: 2","7818","3","3","0","02","19","2","0","2","0","1","0","0"
"POINT (9.936965374000067 53.577718668000045)","Unfall 7822 (2019) Kat:3, Licht: 2","7822","3","3","5","02","20","3","0","2","0","1","0","0"
"POINT (9.945479523000074 53.620095295000056)","Unfall 7828 (2019) Kat:3, Licht: 0","7828","3","2","5","04","08","2","0","0","1","1","0","0"
"POINT (9.915996965000034 53.585652885000059)","Unfall 7834 (2019) Kat:3, Licht: 0","7834","3","6","3","04","14","1","0","0","0","1","0","0"
"POINT (10.031123621000063 53.566986227000029)","Unfall 7841 (2019) Kat:3, Licht: 0","7841","3","6","2","01","10","6","1","0","0","1","0","0"
"POINT (9.901363198000070 53.564815128000077)","Unfall 7849 (2019) Kat:3, Licht: 2","7849","3","2","2","03","19","6","0","2","0","1","0","0"
"POINT (10.025556542000061 53.552789952000069)","Unfall 7854 (2019) Kat:3, Licht: 0","7854","3","1","0","04","16","5","0","0","1","0","0","0"
"POINT (10.129025136000052 53.524262861000068)","Unfall 7859 (2019) Kat:3, Licht: 0","7859","3","6","2","01","08","3","1","0","0","1","0","0"
"POINT (9.983893949000049 53.600393334000046)","Unfall 7867 (2019) Kat:3, Licht: 0","7867","3","6","3","03","13","3","1","0","0","1","0","0"
"POINT (9.942573907000053 53.572710446000031)","Unfall 7872 (2019) Kat:3, Licht: 0","7872","3","2","5","02","15","1","1","0","0","1","0","0"
"POINT (9.977855111000054 53.549362059000032)","Unfall 7877 (2019) Kat:3, Licht: 0","7877","3","6","4","04","14","1","0","0","1","0","0","0"
"POINT (9.843189738000035 53.572947354000064)","Unfall 7885 (2019) Kat:3, Licht: 0","7885","3","6","0","02","15","4","0","0","0","1","0","0"
"POINT (9.994041722000077 53.547325176000072)","Unfall 7889 (2019) Kat:3, Licht: 2","7889","3","2","3","02","19","6","0","2","1","1","0","0"
"POINT (10.038778440000044 53.559441946000049)","Unfall 7894 (2019) Kat:3, Licht: 0","7894","3","6","2","03","12","5","0","0","0","1","0","0"
"POINT (9.909033191000049 53.643336935000036)","Unfall 7899 (2019) Kat:3, Licht: 0","7899","3","3","5","02","14","3","0","0","0","1","0","0"
"POINT (10.148602327000049 53.521496516000070)","Unfall 7900 (2019) Kat:3, Licht: 0","7900","3","6","4","04","13","4","0","0","0","1","0","0"
"POINT (9.944098448000034 53.567317405000040)","Unfall 7906 (2019) Kat:3, Licht: 0","7906","3","5","1","04","10","2","0","0","0","1","0","0"
"POINT (10.026572167000040 53.551364498000055)","Unfall 7914 (2019) Kat:3, Licht: 2","7914","3","7","0","02","18","5","1","2","1","0","0","0"
"POINT (9.926415322000025 53.563658787000065)","Unfall 7918 (2019) Kat:3, Licht: 2","7918","3","6","4","02","18","7","1","2","0","1","0","0"
"POINT (9.907524383000066 53.617851416000065)","Unfall 7926 (2019) Kat:3, Licht: 0","7926","3","3","5","03","14","7","0","0","0","1","0","0"
"POINT (9.921968204000052 53.601518738000038)","Unfall 7932 (2019) Kat:3, Licht: 0","7932","3","6","2","04","14","6","0","0","0","1","0","0"
"POINT (9.948775001000058 53.562292359000082)","Unfall 7939 (2019) Kat:3, Licht: 0","7939","3","2","4","01","13","5","1","0","0","1","0","0"
"POINT (9.902404548000050 53.570875851000039)","Unfall 7947 (2019) Kat:3, Licht: 0","7947","3","6","2","03","14","3","0","0","0","1","0","0"
"POINT (10.061174695000034 53.509347390000073)","Unfall 7952 (2019) Kat:3, Licht: 0","7952","3","6","3","04","10","4","0","0","0","1","0","0"
"POINT (9.902312053000060 53.570123720000026)","Unfall 7957 (2019) Kat:3, Licht: 2","7957","3","6","2","01","06","2","1","2","0","1","0","0"
"POINT (9.922996366000064 53.595893360000048)","Unfall 7965 (2019) Kat:2, Licht: 2","7965","2","1","8","03","04","1","1","2","0","1","0","0"
"POINT (9.983924032000061 53.597345284000028)","Unfall 7969 (2019) Kat:3, Licht: 0","7969","3","3","5","02","15","6","0","0","0","1","0","0"
"POINT (10.023305981000021 53.528279963000045)","Unfall 7974 (2019) Kat:3, Licht: 0","7974","3","6","3","04","10","5","0","0","0","1","0","0"
"POINT (10.032224655000050 53.539054625000063)","Unfall 7981 (2019) Kat:3, Licht: 0","7981","3","6","2","02","13","7","0","0","0","1","0","0"
"POINT (10.114549929000077 53.515978610000047)","Unfall 7987 (2019) Kat:3, Licht: 2","7987","3","6","2","01","07","2","1","2","0","1","0","0"
"POINT (10.033025364000025 53.540149865000046)","Unfall 7994 (2019) Kat:3, Licht: 0","7994","3","6","2","03","07","5","0","0","0","1","0","0"
"POINT (10.008792353000047 53.630784188000064)","Unfall 8000 (2019) Kat:3, Licht: 0","8000","3","1","8","04","18","4","0","0","0","1","0","0"
"POINT (10.037967220000041 53.560499641000035)","Unfall 8006 (2019) Kat:3, Licht: 0","8006","3","6","2","01","14","2","1","0","0","1","0","0"
"POINT (9.908174039000073 53.620355788000040)","Unfall 8013 (2019) Kat:2, Licht: 0","8013","2","2","4","03","12","5","1","0","0","1","0","0"
"POINT (10.025662537000073 53.551781039000048)","Unfall 8020 (2019) Kat:3, Licht: 0","8020","3","6","3","03","16","6","0","0","0","1","0","0"
"POINT (10.029814299000066 53.444658893000053)","Unfall 8026 (2019) Kat:2, Licht: 0","8026","2","6","2","04","13","5","0","0","0","1","0","0"
"POINT (9.934319969000057 53.581307780000031)","Unfall 8033 (2019) Kat:3, Licht: 2","8033","3","6","2","01","21","3","1","2","0","1","0","0"
"POINT (10.006262518000028 53.617328738000026)","Unfall 8040 (2019) Kat:3, Licht: 0","8040","3","2","5","03","11","1","0","0","0","1","0","0"
"POINT (9.943230269000026 53.620916262000037)","Unfall 8045 (2019) Kat:3, Licht: 0","8045","3","6","1","04","07","4","0","0","0","1","0","1"
"POINT (10.025979973000062 53.551359405000028)","Unfall 8050 (2019) Kat:3, Licht: 0","8050","3","3","5","01","09","6","1","0","0","1","0","0"
"POINT (10.094536882000057 53.563596616000041)","Unfall 8058 (2019) Kat:3, Licht: 0","8058","3","6","2","02","16","5","0","0","0","1","0","0"
"POINT (9.950396836000039 53.617489538000029)","Unfall 8062 (2019) Kat:3, Licht: 1","8062","3","6","0","02","17","5","0","1","0","1","0","0"
"POINT (9.939816846000042 53.574440452000033)","Unfall 8068 (2019) Kat:3, Licht: 0","8068","3","7","5","04","12","4","1","0","0","1","0","0"
"POINT (9.933970176000059 53.530600996000032)","Unfall 8075 (2019) Kat:3, Licht: 0","8075","3","6","2","02","15","6","0","0","0","1","0","0"
"POINT (9.990213597000036 53.593109139000035)","Unfall 8081 (2019) Kat:3, Licht: 0","8081","3","7","3","01","14","6","0","0","0","1","0","0"
"POINT (9.978202350000061 53.464783466000029)","Unfall 8089 (2019) Kat:2, Licht: 1","8089","2","2","6","03","18","3","1","1","0","0","1","0"
"POINT (10.128472365000050 53.567224557000031)","Unfall 8095 (2019) Kat:3, Licht: 0","8095","3","6","2","04","08","3","0","0","0","1","0","0"
"POINT (9.917662745000030 53.583879138000043)","Unfall 8101 (2019) Kat:2, Licht: 2","8101","2","1","8","01","02","7","1","2","0","1","0","0"
"POINT (10.012172041000042 53.517134509000073)","Unfall 8108 (2019) Kat:3, Licht: 2","8108","3","6","2","03","17","2","1","2","0","1","0","0"
"POINT (9.915749195000046 53.584731282000064)","Unfall 8113 (2019) Kat:3, Licht: 2","8113","3","6","3","04","04","7","0","2","0","1","0","0"
"POINT (9.984060861000046 53.600745418000031)","Unfall 8117 (2019) Kat:3, Licht: 0","8117","3","6","2","01","13","4","0","0","0","1","0","0"
"POINT (10.040061177000041 53.556408858000054)","Unfall 8119 (2019) Kat:3, Licht: 0","8119","3","2","3","04","17","3","0","0","1","1","0","0"
"POINT (9.755935749000059 53.583167414000059)","Unfall 8127 (2019) Kat:3, Licht: 0","8127","3","6","1","02","16","3","0","0","0","1","0","0"
"POINT (9.919533625000042 53.564007854000067)","Unfall 8131 (2019) Kat:3, Licht: 2","8131","3","2","6","02","06","3","0","2","0","1","1","0"
"POINT (9.929965139000046 53.434379312000033)","Unfall 8135 (2019) Kat:2, Licht: 0","8135","2","6","3","07","15","1","0","0","0","1","0","1"
"POINT (9.945383254000035 53.471050829000035)","Unfall 8137 (2019) Kat:2, Licht: 2","8137","2","2","6","09","21","1","1","2","0","1","1","0"
"POINT (10.034626687000070 53.494575509000072)","Unfall 8138 (2019) Kat:3, Licht: 0","8138","3","6","2","07","08","7","0","0","0","1","0","0"
"POINT (9.965997852000044 53.552993511000068)","Unfall 8141 (2019) Kat:3, Licht: 2","8141","3","6","2","12","20","4","1","2","0","1","0","1"
"POINT (9.983790186000022 53.590281864000076)","Unfall 8142 (2019) Kat:3, Licht: 0","8142","3","3","5","10","08","6","1","0","1","0","0","0"
"POINT (10.230477914000062 53.479873785000052)","Unfall 8143 (2019) Kat:3, Licht: 2","8143","3","7","6","07","22","7","0","2","0","0","1","1"
"POINT (10.202683721000028 53.491006085000038)","Unfall 8145 (2019) Kat:3, Licht: 0","8145","3","3","5","09","13","1","1","0","0","1","0","0"
"POINT (9.937289600000042 53.471006642000077)","Unfall 8146 (2019) Kat:3, Licht: 1","8146","3","3","5","11","06","3","1","1","0","1","0","0"
"POINT (10.132234718000063 53.526322548000053)","Unfall 8148 (2019) Kat:3, Licht: 2","8148","3","1","8","09","19","1","1","2","0","1","0","0"
"POINT (10.027040404000047 53.542363605000048)","Unfall 8149 (2019) Kat:3, Licht: 0","8149","3","6","3","07","17","7","0","0","0","1","0","0"
"POINT (10.036233384000070 53.508366667000075)","Unfall 8152 (2019) Kat:2, Licht: 0","8152","2","6","2","11","14","6","0","0","0","1","0","0"
"POINT (10.031530943000064 53.561436000000072)","Unfall 8153 (2019) Kat:3, Licht: 2","8153","3","6","3","07","22","6","0","2","1","0","0","0"
"POINT (10.026489749000064 53.554759704000048)","Unfall 8155 (2019) Kat:3, Licht: 1","8155","3","6","3","09","20","1","1","1","0","1","0","0"
"POINT (10.021622100000059 53.543686769000033)","Unfall 8156 (2019) Kat:3, Licht: 0","8156","3","6","3","10","11","4","0","0","0","1","0","0"
"POINT (9.964714903000072 53.554691390000073)","Unfall 8157 (2019) Kat:3, Licht: 0","8157","3","6","2","07","12","6","0","0","0","1","0","0"
"POINT (10.012199200000055 53.547998051000036)","Unfall 8159 (2019) Kat:3, Licht: 2","8159","3","3","5","09","00","1","1","2","0","1","0","0"
"POINT (9.935465930000021 53.470959693000054)","Unfall 8160 (2019) Kat:3, Licht: 0","8160","3","6","3","12","14","7","0","0","0","1","0","0"
"POINT (9.910894220000046 53.632678855000051)","Unfall 8161 (2019) Kat:3, Licht: 2","8161","3","3","0","10","17","1","0","2","1","1","0","0"
"POINT (9.866448552000065 53.471583535000036)","Unfall 8162 (2019) Kat:3, Licht: 0","8162","3","3","5","07","12","5","0","0","0","1","0","0"
"POINT (10.010710492000044 53.621950134000031)","Unfall 8164 (2019) Kat:3, Licht: 0","8164","3","6","1","09","15","1","1","0","0","1","0","0"
"POINT (9.826916338000046 53.471002558000066)","Unfall 8165 (2019) Kat:2, Licht: 2","8165","2","2","6","11","18","2","1","2","0","1","1","0"
"POINT (9.949355546000049 53.442514268000082)","Unfall 8166 (2019) Kat:3, Licht: 0","8166","3","2","3","07","16","5","0","0","0","1","0","0"
"POINT (9.915979131000029 53.585757102000059)","Unfall 8168 (2019) Kat:3, Licht: 0","8168","3","6","2","09","12","1","1","0","0","1","0","1"
"POINT (10.026222071000063 53.542535557000065)","Unfall 8169 (2019) Kat:3, Licht: 0","8169","3","2","3","07","08","5","0","0","1","0","0","0"
"POINT (10.120847767000043 53.566530011000054)","Unfall 8170 (2019) Kat:3, Licht: 2","8170","3","6","2","12","00","6","0","2","0","1","0","0"
"POINT (9.933373590000031 53.434141685000043)","Unfall 8171 (2019) Kat:2, Licht: 0","8171","2","2","4","10","13","5","1","0","0","1","0","0"
"POINT (9.929680387000076 53.645270280000034)","Unfall 8172 (2019) Kat:3, Licht: 0","8172","3","2","2","07","15","5","0","0","0","1","0","0"
"POINT (9.924410197000043 53.635768671000051)","Unfall 8174 (2019) Kat:2, Licht: 0","8174","2","6","0","09","09","1","1","0","0","1","0","0"
"POINT (9.967410603000076 53.590896985000029)","Unfall 8175 (2019) Kat:3, Licht: 2","8175","3","2","5","11","18","2","0","2","1","1","0","0"
"POINT (9.908192341000074 53.620430065000050)","Unfall 8176 (2019) Kat:3, Licht: 0","8176","3","2","4","07","10","5","0","0","0","1","0","0"
"POINT (10.000140733000023 53.594209230000047)","Unfall 8178 (2019) Kat:3, Licht: 2","8178","3","6","2","09","20","7","1","2","0","1","0","0"
"POINT (9.947339492000026 53.562601313000073)","Unfall 8179 (2019) Kat:3, Licht: 0","8179","3","4","6","07","09","5","0","0","1","0","1","0"
"POINT (9.907618329000059 53.647553196000047)","Unfall 8182 (2019) Kat:2, Licht: 2","8182","2","4","6","09","21","7","1","2","0","1","1","0"
"POINT (9.834900927000035 53.471814858000073)","Unfall 8183 (2019) Kat:3, Licht: 2","8183","3","6","2","12","17","6","1","2","0","1","0","0"
"POINT (9.870492578000039 53.471725938000077)","Unfall 8184 (2019) Kat:3, Licht: 0","8184","3","6","2","07","20","4","0","0","0","1","0","0"
"POINT (9.981152595000026 53.548855097000057)","Unfall 8186 (2019) Kat:3, Licht: 0","8186","3","6","4","09","09","7","0","0","1","0","0","0"
"POINT (9.926754327000026 53.563636801000030)","Unfall 8187 (2019) Kat:3, Licht: 1","8187","3","2","3","11","07","2","1","1","1","1","0","0"
"POINT (9.901401738000061 53.470983301000047)","Unfall 8189 (2019) Kat:3, Licht: 0","8189","3","6","2","09","13","6","0","0","0","1","0","0"
"POINT (10.026567576000048 53.551373581000064)","Unfall 8190 (2019) Kat:3, Licht: 0","8190","3","3","5","07","16","4","0","0","1","1","0","0"
"POINT (9.945214891000035 53.563277967000033)","Unfall 8193 (2019) Kat:3, Licht: 2","8193","3","6","2","11","23","4","1","2","0","1","0","0"
"POINT (10.010728120000067 53.621997203000035)","Unfall 8194 (2019) Kat:3, Licht: 1","8194","3","2","5","07","21","4","0","1","1","1","0","0"
"POINT (10.031651452000062 53.543736952000074)","Unfall 8196 (2019) Kat:3, Licht: 0","8196","3","2","3","09","15","6","0","0","1","0","0","0"
"POINT (10.017355019000036 53.586837900000035)","Unfall 8197 (2019) Kat:3, Licht: 0","8197","3","6","2","07","15","4","0","0","0","1","0","0"
"POINT (9.908474976000036 53.621443150000061)","Unfall 8199 (2019) Kat:3, Licht: 2","8199","3","6","2","09","20","6","1","2","0","1","0","0"
"POINT (9.897532093000052 53.557791930000064)","Unfall 8200 (2019) Kat:3, Licht: 2","8200","3","6","2","12","22","5","0","2","0","1","0","0"
"POINT (10.141043284000034 53.535437684000044)","Unfall 8201 (2019) Kat:3, Licht: 0","8201","3","6","2","10","15","5","0","0","0","1","0","0"
"POINT (9.898452795000026 53.562067644000081)","Unfall 8202 (2019) Kat:3, Licht: 0","8202","3","3","5","07","17","4","0","0","0","1","0","0"
"POINT (9.986755060000064 53.602710194000053)","Unfall 8204 (2019) Kat:3, Licht: 2","8204","3","6","2","09","19","6","0","2","0","1","0","0"
"POINT (9.889414234000071 53.471916054000076)","Unfall 8205 (2019) Kat:3, Licht: 2","8205","3","4","6","11","00","7","1","2","0","0","1","0"