WKT,Name,OBJECTID,UKATEGORIE,UTYP1,UART,UMONAT,USTUNDE,UWOCHENTAG,STRZUSTAND,ULICHTVERH,ISTRAD,ISTPKW,ISTFUSS,ISTKRAD
"POINT (9.935647283000037 53.579280887000039)","Unfall 8206 (2019) Kat:2, Licht: 0","8206","2","7","0","07","15","4","0","0","0","0","0","1"
"POINT (9.967300514000044 53.551994544000081)","Unfall 8208 (2019) Kat:3, Licht: 0","8208","3","6","4","09","16","6","0","0","1","0","0","0"
"POINT (10.022574973000076 53.478162647000033)","Unfall 8209 (2019) Kat:3, Licht: 1","8209","3","6","2","11","16","4","1","1","0","1","0","0"
"POINT (9.948441898000056 53.562362072000042)","Unfall 8210 (2019) Kat:3, Licht: 0","8210","3","3","5","07","06","4","0","0","1","0","0","0"
"POINT (9.921836577000022 53.469356586000060)","Unfall 8212 (2019) Kat:3, Licht: 0","8212","3","6","2","09","17","5","0","0","0","1","0","0"
"POINT (9.925254974000040 53.594390865000037)","Unfall 8213 (2019) Kat:3, Licht: 0","8213","3","6","3","07","07","3","0","0","0","1","0","1"
"POINT (9.895268216000034 53.565915448000055)","Unfall 8215 (2019) Kat:3, Licht: 0","8215","3","2","3","09","07","5","1","0","1","1","0","0"
"POINT (10.026295267000023 53.556736308000040)","Unfall 8216 (2019) Kat:3, Licht: 2","8216","3","2","2","12","17","6","0","2","0","1","0","0"
"POINT (10.117228379000039 53.517226608000044)","Unfall 8217 (2019) Kat:3, Licht: 0","8217","3","6","2","10","15","6","0","0","0","1","0","0"
"POINT (9.914768335000076 53.613263178000068)","Unfall 8218 (2019) Kat:3, Licht: 0","8218","3","6","3","07","14","3","0","0","0","1","0","0"
"POINT (9.969154142000036 53.583919539000078)","Unfall 8220 (2019) Kat:3, Licht: 2","8220","3","6","3","09","22","5","1","2","0","1","0","1"
"POINT (9.887486606000039 53.472000718000061)","Unfall 8221 (2019) Kat:3, Licht: 0","8221","3","6","2","11","15","1","0","0","0","1","0","0"
"POINT (9.951218630000028 53.615559302000065)","Unfall 8222 (2019) Kat:3, Licht: 0","8222","3","3","5","07","19","3","0","0","1","1","0","0"
"POINT (9.956661313000041 53.570935359000032)","Unfall 8224 (2019) Kat:3, Licht: 0","8224","3","6","3","09","15","5","0","0","0","1","0","0"
"POINT (9.983341327000062 53.590043895000065)","Unfall 8225 (2019) Kat:3, Licht: 0","8225","3","2","4","07","12","3","0","0","0","1","0","0"
"POINT (10.024468992000038 53.482793796000067)","Unfall 8227 (2019) Kat:2, Licht: 2","8227","2","6","2","12","18","5","1","2","0","1","0","0"
"POINT (9.912652458000025 53.565360035000026)","Unfall 8228 (2019) Kat:3, Licht: 0","8228","3","6","3","10","16","3","0","0","0","1","0","0"
"POINT (9.837798631000055 53.573708465000038)","Unfall 8229 (2019) Kat:3, Licht: 0","8229","3","1","0","07","20","2","0","0","1","0","0","0"
"POINT (10.147744142000022 53.545741066000062)","Unfall 8231 (2019) Kat:3, Licht: 0","8231","3","6","3","09","15","4","1","0","0","1","0","0"
"POINT (9.929566807000072 53.563477941000031)","Unfall 8232 (2019) Kat:3, Licht: 0","8232","3","2","4","11","14","1","0","0","1","1","0","0"
"POINT (9.944159036000031 53.569653380000034)","Unfall 8233 (2019) Kat:3, Licht: 0","8233","3","6","2","07","15","2","0","0","0","1","0","0"
"POINT (10.026310189000071 53.554314373000068)","Unfall 8235 (2019) Kat:3, Licht: 0","8235","3","7","0","09","17","4","1","0","0","0","0","1"
"POINT (10.038644067000064 53.500621387000081)","Unfall 8236 (2019) Kat:3, Licht: 2","8236","3","6","2","07","03","1","1","2","0","1","0","0"
"POINT (9.934733438000023 53.563746510000044)","Unfall 8239 (2019) Kat:3, Licht: 2","8239","3","6","3","12","16","6","1","2","0","1","0","0"
"POINT (10.206503540000028 53.488239385000043)","Unfall 8240 (2019) Kat:3, Licht: 0","8240","3","6","2","07","16","1","0","0","0","1","0","0"
"POINT (9.937951903000055 53.576554882000039)","Unfall 8242 (2019) Kat:3, Licht: 0","8242","3","2","3","09","11","4","1","0","1","1","0","0"
"POINT (9.964298574000054 53.556436949000044)","Unfall 8243 (2019) Kat:3, Licht: 0","8243","3","3","5","11","15","2","0","0","1","0","0","0"
"POINT (9.929093347000048 53.642726833000040)","Unfall 8245 (2019) Kat:3, Licht: 0","8245","3","6","2","09","08","3","0","0","0","1","0","0"
"POINT (10.035362427000052 53.563388345000078)","Unfall 8246 (2019) Kat:3, Licht: 0","8246","3","7","3","07","16","1","0","0","0","1","0","1"
"POINT (9.824473148000038 53.576188899000044)","Unfall 8249 (2019) Kat:3, Licht: 2","8249","3","2","4","11","05","3","1","2","0","1","0","1"
"POINT (9.930073342000071 53.644952915000033)","Unfall 8250 (2019) Kat:3, Licht: 0","8250","3","3","5","10","10","2","0","0","0","1","0","0"
"POINT (10.136789994000026 53.526086861000067)","Unfall 8251 (2019) Kat:2, Licht: 2","8251","2","6","4","07","04","7","0","2","0","1","0","0"
"POINT (9.943527858000039 53.570964133000075)","Unfall 8253 (2019) Kat:3, Licht: 0","8253","3","6","4","09","12","3","0","0","1","0","0","0"
"POINT (9.996792507000066 53.547516532000031)","Unfall 8254 (2019) Kat:3, Licht: 0","8254","3","2","4","07","12","7","0","0","0","1","0","0"
"POINT (9.968646564000039 53.450537609000037)","Unfall 8256 (2019) Kat:3, Licht: 0","8256","3","1","1","09","13","2","0","0","0","0","0","1"
"POINT (10.038645873000064 53.559643250000079)","Unfall 8257 (2019) Kat:3, Licht: 2","8257","3","6","2","12","21","4","0","2","0","1","0","0"
"POINT (9.932907978000060 53.534308700000054)","Unfall 8258 (2019) Kat:3, Licht: 1","8258","3","6","3","10","06","4","1","1","0","1","0","0"
"POINT (10.228186808000032 53.488067208000075)","Unfall 8259 (2019) Kat:3, Licht: 0","8259","3","3","5","10","16","3","1","0","1","1","0","0"
"POINT (10.077068172000054 53.561955796000063)","Unfall 8260 (2019) Kat:3, Licht: 0","8260","3","6","2","07","16","6","0","0","0","1","0","0"
"POINT (9.998612172000037 53.594460975000061)","Unfall 8262 (2019) Kat:3, Licht: 0","8262","3","3","5","09","10","2","0","0","1","1","0","0"
"POINT (9.923157823000054 53.597907257000031)","Unfall 8263 (2019) Kat:3, Licht: 0","8263","3","6","2","11","08","6","0","0","0","1","0","0"
"POINT (9.824555749000069 53.576174099000070)","Unfall 8264 (2019) Kat:3, Licht: 0","8264","3","3","5","07","10","6","0","0","1","1","0","0"
"POINT (10.031842861000030 53.566385630000070)","Unfall 8266 (2019) Kat:3, Licht: 2","8266","3","3","5","09","23","2","0","2","0","1","0","0"
"POINT (9.939439081000046 53.563635807000082)","Unfall 8267 (2019) Kat:3, Licht: 0","8267","3","6","2","07","17","6","0","0","0","1","0","0"
"POINT (9.928651238000043 53.592225672000041)","Unfall 8269 (2019) Kat:3, Licht: 0","8269","3","2","4","12","12","4","1","0","0","1","0","0"
"POINT (9.931405939000058 53.563446993000071)","Unfall 8270 (2019) Kat:3, Licht: 2","8270","3","2","0","10","17","1","1","2","1","1","0","0"
"POINT (9.920513491000065 53.470586532000027)","Unfall 8271 (2019) Kat:3, Licht: 0","8271","3","7","3","07","14","5","0","0","0","1","0","0"
"POINT (9.952926733000027 53.613064241000075)","Unfall 8273 (2019) Kat:3, Licht: 0","8273","3","3","5","09","16","2","0","0","1","1","0","0"
"POINT (10.049642983000069 53.552051809000034)","Unfall 8274 (2019) Kat:3, Licht: 0","8274","3","6","2","11","08","4","1","0","0","1","0","0"
"POINT (9.996050663000062 53.594002665000062)","Unfall 8276 (2019) Kat:3, Licht: 0","8276","3","6","4","09","17","7","0","0","1","0","0","0"
"POINT (9.924758453000038 53.633342004000042)","Unfall 8277 (2019) Kat:3, Licht: 0","8277","3","2","4","07","08","5","0","0","0","0","0","0"
"POINT (10.135099314000058 53.529168649000042)","Unfall 8280 (2019) Kat:2, Licht: 1","8280","2","6","2","12","07","2","1","1","0","1","0","0"
"POINT (9.966934700000024 53.582689929000082)","Unfall 8281 (2019) Kat:3, Licht: 0","8281","3","6","6","07","17","5","0","0","0","0","1","0"
"POINT (9.888363401000049 53.471958858000050)","Unfall 8283 (2019) Kat:2, Licht: 2","8283","2","2","6","12","07","4","1","2","0","1","1","0"
"POINT (9.936315525000055 53.470981599000027)","Unfall 8284 (2019) Kat:3, Licht: 0","8284","3","3","5","10","13","1","1","0","0","1","0","0"
"POINT (10.145268365000049 53.540357090000043)","Unfall 8285 (2019) Kat:3, Licht: 0","8285","3","6","3","07","16","4","0","0","0","1","0","0"
"POINT (9.931850099000030 53.526994149000075)","Unfall 8287 (2019) Kat:3, Licht: 0","8287","3","6","3","09","18","7","0","0","0","1","0","0"
"POINT (9.942573907000053 53.572710446000031)","Unfall 8288 (2019) Kat:3, Licht: 0","8288","3","6","3","11","15","6","0","0","0","1","0","0"
"POINT (9.912749438000049 53.565325833000031)","Unfall 8289 (2019) Kat:3, Licht: 0","8289","3","2","3","07","07","4","1","0","1","0","0","0"
"POINT (9.883807156000046 53.472115360000032)","Unfall 8291 (2019) Kat:3, Licht: 0","8291","3","3","5","09","09","6","0","0","0","1","0","0"
"POINT (9.963380047000044 53.579106456000034)","Unfall 8292 (2019) Kat:3, Licht: 0","8292","3","4","6","07","08","4","0","0","0","1","1","0"
"POINT (9.963593075000063 53.600139791000061)","Unfall 8295 (2019) Kat:3, Licht: 2","8295","3","6","1","12","17","4","0","2","0","1","0","0"
"POINT (9.862934243000041 53.471438363000061)","Unfall 8296 (2019) Kat:3, Licht: 0","8296","3","6","1","07","11","3","0","0","0","1","0","0"
"POINT (10.013588122000044 53.547681177000072)","Unfall 8298 (2019) Kat:3, Licht: 0","8298","3","6","2","09","18","6","0","0","0","1","0","0"
"POINT (10.206828715000029 53.488236102000030)","Unfall 8299 (2019) Kat:3, Licht: 2","8299","3","4","6","11","01","7","1","2","0","1","1","0"
"POINT (9.978349463000029 53.464743805000069)","Unfall 8300 (2019) Kat:2, Licht: 0","8300","2","2","4","07","19","3","0","0","0","1","0","0"
"POINT (9.951219894000076 53.615555571000073)","Unfall 8302 (2019) Kat:3, Licht: 0","8302","3","3","5","09","08","6","0","0","1","1","0","0"
"POINT (10.171102933000043 53.474769417000061)","Unfall 8303 (2019) Kat:3, Licht: 0","8303","3","6","3","12","15","2","0","0","0","1","0","0"
"POINT (9.949993295000070 53.617777461000060)","Unfall 8304 (2019) Kat:3, Licht: 0","8304","3","3","1","07","17","3","0","0","1","1","0","0"
"POINT (10.027824446000068 53.534023934000061)","Unfall 8307 (2019) Kat:3, Licht: 0","8307","3","3","5","11","14","7","0","0","1","0","0","0"
"POINT (10.018079252000064 53.544943704000048)","Unfall 8308 (2019) Kat:3, Licht: 0","8308","3","4","6","10","15","1","0","0","0","0","1","0"
"POINT (10.031635117000064 53.543756290000033)","Unfall 8309 (2019) Kat:3, Licht: 0","8309","3","2","3","07","15","2","0","0","1","1","0","0"
"POINT (9.964803486000051 53.580816018000064)","Unfall 8311 (2019) Kat:3, Licht: 0","8311","3","6","1","09","12","6","0","0","0","1","0","0"
"POINT (10.008692585000063 53.547792478000076)","Unfall 8312 (2019) Kat:3, Licht: 0","8312","3","6","3","07","09","2","0","0","0","1","0","0"
"POINT (9.907519875000048 53.617834080000080)","Unfall 8314 (2019) Kat:3, Licht: 0","8314","3","3","5","12","09","3","0","0","0","1","0","0"
"POINT (9.914979583000047 53.613297672000044)","Unfall 8315 (2019) Kat:3, Licht: 2","8315","3","6","2","10","18","2","0","2","0","1","0","0"
"POINT (10.022500725000043 53.574112363000040)","Unfall 8316 (2019) Kat:3, Licht: 0","8316","3","5","1","07","17","2","0","0","1","1","0","0"
"POINT (9.944883534000041 53.564005874000031)","Unfall 8318 (2019) Kat:3, Licht: 2","8318","3","2","3","09","20","6","0","2","1","1","0","0"
"POINT (9.961764761000040 53.448184127000047)","Unfall 8319 (2019) Kat:3, Licht: 0","8319","3","4","6","11","14","4","0","0","0","1","1","0"
"POINT (9.955658331000052 53.648118677000070)","Unfall 8320 (2019) Kat:3, Licht: 0","8320","3","1","9","07","10","2","0","0","0","1","0","0"
"POINT (9.870110401000034 53.471714050000060)","Unfall 8322 (2019) Kat:3, Licht: 0","8322","3","6","3","09","16","5","0","0","0","1","0","0"
"POINT (10.059489300000052 53.509381964000056)","Unfall 8323 (2019) Kat:3, Licht: 0","8323","3","6","2","07","16","1","0","0","0","1","0","0"
"POINT (9.919808638000063 53.563998580000032)","Unfall 8326 (2019) Kat:3, Licht: 0","8326","3","6","1","12","09","4","1","0","0","1","0","0"
"POINT (9.879117818000054 53.472006172000079)","Unfall 8327 (2019) Kat:3, Licht: 0","8327","3","6","2","10","12","6","1","0","0","1","0","0"
"POINT (10.125612810000064 53.521872123000037)","Unfall 8328 (2019) Kat:3, Licht: 0","8328","3","6","2","07","15","1","0","0","0","1","0","0"
"POINT (10.019850180000049 53.517464759000063)","Unfall 8330 (2019) Kat:3, Licht: 0","8330","3","6","2","09","16","5","0","0","0","1","0","0"
"POINT (9.955758003000028 53.445737545000043)","Unfall 8331 (2019) Kat:3, Licht: 2","8331","3","7","5","11","19","3","1","2","0","1","0","0"
"POINT (10.252507903000037 53.472085114000038)","Unfall 8333 (2019) Kat:3, Licht: 2","8333","3","7","0","09","02","5","0","2","0","1","0","0"
"POINT (9.997002585000075 53.547529784000062)","Unfall 8334 (2019) Kat:3, Licht: 0","8334","3","2","4","07","11","1","0","0","0","1","0","0"
"POINT (9.980399392000038 53.451474586000074)","Unfall 8337 (2019) Kat:2, Licht: 2","8337","2","3","5","11","21","7","1","2","0","1","0","0"
"POINT (10.098769385000026 53.564295632000039)","Unfall 8338 (2019) Kat:3, Licht: 0","8338","3","1","8","07","16","7","1","0","0","1","0","0"
"POINT (9.899781345000065 53.565004629000043)","Unfall 8340 (2019) Kat:3, Licht: 0","8340","3","6","2","09","07","5","0","0","0","1","0","0"
"POINT (9.945775777000051 53.562922299000036)","Unfall 8341 (2019) Kat:3, Licht: 2","8341","3","6","2","10","05","5","0","2","0","1","0","0"
"POINT (10.025959581000052 53.551386491000073)","Unfall 8342 (2019) Kat:2, Licht: 0","8342","2","3","5","07","10","7","0","0","0","1","0","0"
"POINT (9.942035502000067 53.563470693000056)","Unfall 8344 (2019) Kat:3, Licht: 2","8344","3","6","0","09","05","5","0","2","1","0","0","0"
"POINT (9.941856133000044 53.622036468000033)","Unfall 8345 (2019) Kat:3, Licht: 0","8345","3","6","3","12","14","3","1","0","0","1","0","0"
"POINT (9.928356901000029 53.523787311000035)","Unfall 8346 (2019) Kat:3, Licht: 1","8346","3","6","3","10","05","2","1","1","0","1","0","0"
"POINT (9.803830147000042 53.579275154000072)","Unfall 8347 (2019) Kat:2, Licht: 2","8347","2","1","8","07","02","7","0","2","0","1","0","0"
"POINT (10.030666133000068 53.537886566000054)","Unfall 8349 (2019) Kat:2, Licht: 2","8349","2","3","5","09","05","4","0","2","1","0","0","0"
"POINT (9.905935949000025 53.565647117000026)","Unfall 8350 (2019) Kat:3, Licht: 0","8350","3","6","3","11","15","3","0","0","0","1","0","0"
"POINT (9.953399482000066 53.612804360000041)","Unfall 8351 (2019) Kat:3, Licht: 0","8351","3","6","3","07","12","6","1","0","1","0","0","0"
"POINT (10.016741577000062 53.587757770000053)","Unfall 8353 (2019) Kat:3, Licht: 2","8353","3","7","3","09","19","4","0","2","0","1","0","1"
"POINT (9.941345711000054 53.563573164000047)","Unfall 8354 (2019) Kat:3, Licht: 0","8354","3","3","5","07","11","6","0","0","1","1","0","0"
"POINT (9.980654922000042 53.464065082000047)","Unfall 8355 (2019) Kat:3, Licht: 0","8355","3","3","5","07","11","5","0","0","1","1","0","0"
"POINT (9.923200568000027 53.597650136000027)","Unfall 8357 (2019) Kat:3, Licht: 0","8357","3","6","2","09","13","4","0","0","0","1","0","0"
"POINT (10.202403744000037 53.491164648000051)","Unfall 8358 (2019) Kat:3, Licht: 2","8358","3","6","2","11","17","6","1","2","0","1","0","0"
"POINT (9.929811025000049 53.563471225000058)","Unfall 8359 (2019) Kat:3, Licht: 0","8359","3","6","3","07","13","5","0","0","0","1","0","0"
"POINT (9.908208399000046 53.620490000000075)","Unfall 8361 (2019) Kat:3, Licht: 2","8361","3","2","2","09","23","4","0","2","0","1","0","0"
"POINT (9.945331725000074 53.562996020000071)","Unfall 8362 (2019) Kat:3, Licht: 0","8362","3","2","3","12","11","6","0","0","1","1","0","0"
"POINT (9.842641251000032 53.472573931000056)","Unfall 8363 (2019) Kat:2, Licht: 0","8363","2","3","5","10","14","2","0","0","1","1","0","0"
"POINT (9.835998848000031 53.471920426000054)","Unfall 8364 (2019) Kat:3, Licht: 0","8364","3","6","2","07","06","3","1","0","0","1","0","0"
"POINT (9.921159552000063 53.603403247000074)","Unfall 8366 (2019) Kat:3, Licht: 2","8366","3","6","3","11","06","5","0","2","0","1","0","0"
"POINT (9.936602484000048 53.626508487000081)","Unfall 8367 (2019) Kat:3, Licht: 2","8367","3","3","5","10","19","7","0","2","1","1","0","0"
"POINT (9.835963593000031 53.471917145000077)","Unfall 8368 (2019) Kat:3, Licht: 0","8368","3","6","2","07","06","3","1","0","0","1","0","1"
"POINT (10.120865947000027 53.566531757000064)","Unfall 8370 (2019) Kat:3, Licht: 0","8370","3","6","2","09","17","3","1","0","0","1","0","0"
"POINT (9.941346815000031 53.563573075000079)","Unfall 8371 (2019) Kat:3, Licht: 0","8371","3","6","4","07","13","3","0","0","1","0","0","0"
"POINT (10.026248395000039 53.557115499000076)","Unfall 8372 (2019) Kat:3, Licht: 0","8372","3","6","2","09","15","3","0","0","0","1","0","0"
"POINT (9.964464689000067 53.555823200000077)","Unfall 8373 (2019) Kat:3, Licht: 2","8373","3","6","3","12","17","2","1","2","0","1","0","0"
"POINT (10.148659025000029 53.548077347000060)","Unfall 8374 (2019) Kat:3, Licht: 0","8374","3","6","2","10","10","7","0","0","0","1","0","0"
"POINT (9.811378767000065 53.468076242000052)","Unfall 8375 (2019) Kat:3, Licht: 0","8375","3","6","2","07","15","2","0","0","0","1","0","0"
"POINT (9.920532811000044 53.592956190000052)","Unfall 8377 (2019) Kat:3, Licht: 2","8377","3","6","3","09","21","3","1","2","0","1","0","0"
"POINT (9.918578483000033 53.607008571000051)","Unfall 8378 (2019) Kat:3, Licht: 0","8378","3","6","3","11","14","3","0","0","0","1","0","0"
"POINT (10.022263433000035 53.478417838000041)","Unfall 8379 (2019) Kat:3, Licht: 0","8379","3","6","2","07","12","2","0","0","0","1","0","0"
"POINT (9.914861184000074 53.564798736000057)","Unfall 8381 (2019) Kat:3, Licht: 0","8381","3","2","3","09","17","3","1","0","1","1","0","0"
"POINT (10.057877031000032 53.551077288000045)","Unfall 8382 (2019) Kat:3, Licht: 0","8382","3","6","2","07","14","2","1","0","0","1","0","0"
"POINT (9.924291679000021 53.633665540000038)","Unfall 8385 (2019) Kat:3, Licht: 0","8385","3","6","2","12","15","3","0","0","0","1","0","0"
"POINT (10.004399274000036 53.547579379000069)","Unfall 8386 (2019) Kat:3, Licht: 0","8386","3","6","2","10","15","6","0","0","0","1","0","0"
"POINT (10.031787344000065 53.566433086000075)","Unfall 8387 (2019) Kat:3, Licht: 0","8387","3","6","4","07","18","1","0","0","0","1","0","0"
"POINT (9.970625693000045 53.584399992000044)","Unfall 8389 (2019) Kat:3, Licht: 0","8389","3","6","4","09","17","3","0","0","1","0","0","0"
"POINT (10.091190000000040 53.508542117000047)","Unfall 8390 (2019) Kat:3, Licht: 0","8390","3","6","2","11","12","3","1","0","0","1","0","0"
"POINT (10.139348883000025 53.533532738000076)","Unfall 8392 (2019) Kat:3, Licht: 0","8392","3","6","2","09","16","2","0","0","0","1","0","0"
"POINT (9.885629854000058 53.472081402000072)","Unfall 8393 (2019) Kat:3, Licht: 0","8393","3","2","3","07","14","7","1","0","0","1","0","0"
"POINT (10.217727873000058 53.486995546000060)","Unfall 8396 (2019) Kat:3, Licht: 2","8396","3","7","6","11","16","6","0","2","1","0","1","0"
"POINT (9.846483555000077 53.472807183000043)","Unfall 8397 (2019) Kat:3, Licht: 0","8397","3","3","5","07","10","7","0","0","1","1","0","0"
"POINT (10.008693562000076 53.629060312000036)","Unfall 8399 (2019) Kat:3, Licht: 2","8399","3","3","3","09","21","2","0","2","0","1","0","0"
"POINT (9.930052351000029 53.536594472000047)","Unfall 8400 (2019) Kat:3, Licht: 1","8400","3","1","7","07","05","7","1","1","0","0","0","1"
"POINT (9.913128390000054 53.619222631000071)","Unfall 8402 (2019) Kat:3, Licht: 0","8402","3","3","3","09","13","2","0","0","0","1","0","0"
"POINT (9.964146192000044 53.556887457000073)","Unfall 8403 (2019) Kat:3, Licht: 0","8403","3","2","6","12","10","7","0","0","0","1","1","0"
"POINT (10.040533849000042 53.555658480000034)","Unfall 8404 (2019) Kat:3, Licht: 2","8404","3","3","5","10","06","7","0","2","1","1","0","0"
"POINT (9.941652590000047 53.563537357000030)","Unfall 8405 (2019) Kat:3, Licht: 1","8405","3","2","5","07","21","7","0","1","1","1","0","0"
"POINT (10.147681335000073 53.545582167000077)","Unfall 8407 (2019) Kat:3, Licht: 0","8407","3","6","2","09","15","1","0","0","0","1","0","0"
"POINT (9.909790703000056 53.627364551000028)","Unfall 8408 (2019) Kat:3, Licht: 2","8408","3","2","6","11","16","2","1","2","0","1","1","0"
"POINT (10.139373655000043 53.525118901000042)","Unfall 8409 (2019) Kat:3, Licht: 2","8409","3","1","9","07","03","6","0","2","0","1","0","0"
"POINT (10.104848190000041 53.512048764000042)","Unfall 8411 (2019) Kat:3, Licht: 2","8411","3","6","2","09","03","1","0","2","0","1","0","0"
"POINT (9.930340868000030 53.648904129000073)","Unfall 8412 (2019) Kat:3, Licht: 0","8412","3","6","2","07","18","6","0","0","0","1","0","0"
"POINT (9.887896960000035 53.471980266000060)","Unfall 8414 (2019) Kat:3, Licht: 2","8414","3","6","2","12","18","5","1","2","0","1","0","0"
"POINT (10.022719211000037 53.573926132000054)","Unfall 8415 (2019) Kat:3, Licht: 0","8415","3","2","4","10","15","5","1","0","1","1","0","0"
"POINT (9.959393379000062 53.574572447000037)","Unfall 8416 (2019) Kat:3, Licht: 0","8416","3","2","3","07","13","6","1","0","1","1","0","0"
"POINT (10.028987388000075 53.547521358000040)","Unfall 8418 (2019) Kat:3, Licht: 0","8418","3","6","2","09","09","1","0","0","0","1","0","0"
"POINT (10.137954458000024 53.532072472000038)","Unfall 8419 (2019) Kat:3, Licht: 0","8419","3","6","2","11","12","1","0","0","0","1","0","0"
"POINT (9.991515036000067 53.607156013000065)","Unfall 8420 (2019) Kat:3, Licht: 0","8420","3","6","2","07","12","6","1","0","0","1","0","1"
"POINT (9.931025579000050 53.535327788000075)","Unfall 8422 (2019) Kat:3, Licht: 1","8422","3","6","2","09","05","1","0","1","0","1","0","1"
"POINT (9.978294098000049 53.549339054000029)","Unfall 8423 (2019) Kat:3, Licht: 0","8423","3","6","6","07","17","6","0","0","1","0","1","0"
"POINT (9.971822960000054 53.585265093000032)","Unfall 8426 (2019) Kat:3, Licht: 0","8426","3","3","5","09","11","1","0","0","1","1","0","0"
"POINT (10.040960581000036 53.552598384000078)","Unfall 8427 (2019) Kat:3, Licht: 1","8427","3","2","6","12","18","6","1","1","0","1","1","0"
"POINT (9.898015003000069 53.560021506000055)","Unfall 8428 (2019) Kat:3, Licht: 0","8428","3","6","2","07","18","5","0","0","0","1","0","0"
"POINT (9.830508693000070 53.471360018000041)","Unfall 8430 (2019) Kat:3, Licht: 0","8430","3","6","2","09","15","7","0","0","0","1","0","0"
"POINT (9.928272509000067 53.641376353000055)","Unfall 8431 (2019) Kat:3, Licht: 0","8431","3","6","2","12","13","7","1","0","0","1","0","0"
"POINT (9.989199151000037 53.593188171000065)","Unfall 8432 (2019) Kat:3, Licht: 0","8432","3","3","0","10","12","6","0","0","0","1","0","0"
"POINT (9.975733092000041 53.587030896000044)","Unfall 8433 (2019) Kat:3, Licht: 0","8433","3","3","5","07","19","5","0","0","1","0","0","0"
"POINT (9.996847016000061 53.456817330000035)","Unfall 8435 (2019) Kat:3, Licht: 0","8435","3","2","5","09","14","7","0","0","1","1","0","0"
"POINT (10.231675538000047 53.476719611000078)","Unfall 8436 (2019) Kat:3, Licht: 2","8436","3","6","2","11","17","2","0","2","0","1","0","0"
"POINT (9.988364822000051 53.547418847000074)","Unfall 8437 (2019) Kat:3, Licht: 0","8437","3","6","4","07","17","5","0","0","1","0","0","0"
"POINT (10.003216482000028 53.514733251000052)","Unfall 8439 (2019) Kat:3, Licht: 0","8439","3","6","1","09","13","7","0","0","0","1","0","0"
"POINT (10.030054212000039 53.536152400000049)","Unfall 8440 (2019) Kat:3, Licht: 0","8440","3","6","3","07","13","4","0","0","0","1","0","0"
"POINT (9.837244819000034 53.573796872000059)","Unfall 8443 (2019) Kat:2, Licht: 0","8443","2","3","5","12","11","7","1","0","0","1","0","0"
"POINT (10.027192489000072 53.549864292000052)","Unfall 8444 (2019) Kat:3, Licht: 0","8444","3","6","2","10","12","3","0","0","0","1","0","0"
"POINT (9.846274198000060 53.572872253000071)","Unfall 8445 (2019) Kat:3, Licht: 0","8445","3","2","2","07","07","4","0","0","0","1","0","0"
"POINT (10.044424480000032 53.552594819000035)","Unfall 8447 (2019) Kat:2, Licht: 0","8447","2","5","1","09","09","7","0","0","0","1","0","1"
"POINT (10.156412882000041 53.478773180000076)","Unfall 8448 (2019) Kat:3, Licht: 1","8448","3","6","2","11","06","2","1","1","0","1","0","0"
"POINT (9.965667685000028 53.553284080000026)","Unfall 8450 (2019) Kat:2, Licht: 2","8450","2","7","0","09","02","7","0","2","0","1","1","0"
"POINT (9.974186011000029 53.549595714000077)","Unfall 8451 (2019) Kat:3, Licht: 0","8451","3","2","3","07","09","4","0","0","1","1","0","0"
"POINT (10.028323407000073 53.569260623000048)","Unfall 8454 (2019) Kat:3, Licht: 0","8454","3","4","6","11","15","4","1","0","1","0","1","0"
"POINT (10.030851493000057 53.545143759000041)","Unfall 8455 (2019) Kat:3, Licht: 0","8455","3","6","2","07","18","3","0","0","0","1","0","0"
"POINT (9.981260487000043 53.548833526000067)","Unfall 8457 (2019) Kat:3, Licht: 0","8457","3","6","2","09","16","7","0","0","0","1","0","1"
"POINT (10.039346713000043 53.558176612000068)","Unfall 8458 (2019) Kat:2, Licht: 0","8458","2","6","3","07","06","3","0","0","0","1","0","1"
"POINT (10.029973437000024 53.567938218000052)","Unfall 8460 (2019) Kat:3, Licht: 0","8460","3","2","4","09","16","6","0","0","1","1","0","0"
"POINT (9.907531856000048 53.617880153000044)","Unfall 8461 (2019) Kat:3, Licht: 0","8461","3","3","5","12","13","6","0","0","0","1","0","0"
"POINT (10.030627879000065 53.567397401000051)","Unfall 8462 (2019) Kat:3, Licht: 2","8462","3","6","2","10","19","6","0","2","0","1","0","0"
"POINT (9.919837475000065 53.605349454000077)","Unfall 8463 (2019) Kat:3, Licht: 0","8463","3","6","3","07","07","3","0","0","0","1","0","0"
"POINT (9.941513815000064 53.572655773000065)","Unfall 8465 (2019) Kat:3, Licht: 0","8465","3","6","1","09","12","6","0","0","0","1","0","0"
"POINT (10.138777054000059 53.532916659000080)","Unfall 8466 (2019) Kat:3, Licht: 0","8466","3","6","2","11","14","1","0","0","0","1","0","0"
"POINT (9.925555146000022 53.470706207000035)","Unfall 8467 (2019) Kat:2, Licht: 0","8467","2","7","3","07","05","2","0","0","0","1","0","0"
"POINT (10.059789019000050 53.509375871000032)","Unfall 8469 (2019) Kat:3, Licht: 0","8469","3","6","3","09","09","5","0","0","0","1","0","0"
"POINT (9.941139201000055 53.572997392000048)","Unfall 8470 (2019) Kat:3, Licht: 0","8470","3","6","2","07","18","2","0","0","0","1","0","0"
"POINT (10.054374026000062 53.551494036000065)","Unfall 8472 (2019) Kat:2, Licht: 2","8472","2","6","2","12","19","5","0","2","0","1","0","0"
"POINT (10.148213597000051 53.546934932000056)","Unfall 8473 (2019) Kat:3, Licht: 2","8473","3","6","2","10","05","2","0","2","0","1","0","0"
"POINT (9.914036421000048 53.490319036000074)","Unfall 8474 (2019) Kat:3, Licht: 0","8474","3","6","3","06","05","7","0","0","0","1","0","0"
"POINT (9.945273346000022 53.563171494000073)","Unfall 8476 (2019) Kat:3, Licht: 0","8476","3","6","3","09","12","5","0","0","1","0","0","0"
"POINT (10.213041612000040 53.486503726000080)","Unfall 8477 (2019) Kat:3, Licht: 0","8477","3","6","2","11","12","7","1","0","0","1","0","0"