WKT,Name,OBJECTID,UKATEGORIE,UTYP1,UART,UMONAT,USTUNDE,UWOCHENTAG,STRZUSTAND,ULICHTVERH,ISTRAD,ISTPKW,ISTFUSS,ISTKRAD
"POINT (10.025654806000034 53.463290376000032)","Unfall 8478 (2019) Kat:2, Licht: 0","8478","2","6","2","06","12","7","0","0","0","0","0","1"
"POINT (9.945553560000064 53.471038899000064)","Unfall 8480 (2019) Kat:3, Licht: 0","8480","3","2","4","09","17","4","0","0","0","1","0","0"
"POINT (10.029749951000042 53.546548387000030)","Unfall 8481 (2019) Kat:3, Licht: 0","8481","3","6","3","06","18","7","0","0","0","1","0","0"
"POINT (10.022601483000074 53.476955312000030)","Unfall 8484 (2019) Kat:3, Licht: 2","8484","3","6","2","12","18","5","0","2","0","1","0","0"
"POINT (10.031015718000049 53.561164701000052)","Unfall 8485 (2019) Kat:3, Licht: 1","8485","3","6","3","06","19","7","0","1","0","1","0","1"
"POINT (9.977992604000065 53.464840012000082)","Unfall 8487 (2019) Kat:3, Licht: 0","8487","3","6","3","09","15","4","1","0","0","1","0","0"
"POINT (9.963438381000060 53.579171619000078)","Unfall 8488 (2019) Kat:3, Licht: 2","8488","3","7","4","11","22","1","0","2","0","1","0","0"
"POINT (10.024586609000039 53.467656047000048)","Unfall 8490 (2019) Kat:1, Licht: 0","8490","1","6","2","09","13","4","0","0","0","0","0","0"
"POINT (10.019791276000035 53.581290188000082)","Unfall 8491 (2019) Kat:3, Licht: 2","8491","3","6","3","06","23","7","0","2","0","1","0","0"
"POINT (9.933005081000033 53.585406647000070)","Unfall 8494 (2019) Kat:3, Licht: 2","8494","3","2","4","11","07","2","0","2","1","1","0","0"
"POINT (9.965471587000025 53.598014757000044)","Unfall 8495 (2019) Kat:3, Licht: 0","8495","3","6","3","10","16","7","0","0","0","1","0","1"
"POINT (10.026416034000022 53.556654553000044)","Unfall 8496 (2019) Kat:3, Licht: 0","8496","3","6","3","06","14","7","0","0","0","1","0","1"
"POINT (10.024581145000070 53.482504281000047)","Unfall 8498 (2019) Kat:3, Licht: 1","8498","3","6","2","09","07","4","0","1","0","1","0","0"
"POINT (9.956082156000036 53.561046115000067)","Unfall 8499 (2019) Kat:3, Licht: 0","8499","3","6","2","06","13","7","0","0","0","1","0","0"
"POINT (10.080174982000074 53.507113826000079)","Unfall 8501 (2019) Kat:3, Licht: 0","8501","3","6","3","09","10","4","0","0","0","1","0","0"
"POINT (9.917046214000038 53.475024362000056)","Unfall 8502 (2019) Kat:3, Licht: 0","8502","3","6","2","12","08","3","1","0","0","1","0","0"
"POINT (9.870733119000022 53.571152633000054)","Unfall 8503 (2019) Kat:3, Licht: 0","8503","3","3","5","10","14","3","0","0","1","1","0","0"
"POINT (9.989759903000049 53.605724567000038)","Unfall 8504 (2019) Kat:3, Licht: 1","8504","3","6","3","11","20","2","1","1","0","1","0","0"
"POINT (10.022458398000026 53.543403569000077)","Unfall 8506 (2019) Kat:3, Licht: 0","8506","3","6","2","09","13","4","0","0","0","1","0","0"
"POINT (9.845598701000029 53.472752269000068)","Unfall 8507 (2019) Kat:3, Licht: 0","8507","3","2","4","06","13","6","0","0","1","1","0","0"
"POINT (10.030319597000073 53.515526020000038)","Unfall 8510 (2019) Kat:3, Licht: 1","8510","3","6","2","11","16","3","0","1","0","1","0","0"
"POINT (9.861648013000036 53.471427706000043)","Unfall 8511 (2019) Kat:2, Licht: 0","8511","2","3","5","06","11","6","0","0","1","1","0","0"
"POINT (10.032494357000076 53.540363787000047)","Unfall 8513 (2019) Kat:3, Licht: 2","8513","3","3","0","09","20","4","1","2","0","1","0","0"
"POINT (9.897922721000043 53.471554877000074)","Unfall 8514 (2019) Kat:3, Licht: 0","8514","3","6","1","06","16","6","0","0","0","1","0","0"
"POINT (9.923186071000032 53.597737713000072)","Unfall 8516 (2019) Kat:3, Licht: 0","8516","3","6","3","09","12","4","0","0","0","1","0","0"
"POINT (9.983918845000062 53.595239150000054)","Unfall 8517 (2019) Kat:3, Licht: 0","8517","3","2","3","12","08","5","0","0","1","1","0","0"
"POINT (10.069658940000068 53.508876422000071)","Unfall 8518 (2019) Kat:3, Licht: 0","8518","3","3","5","10","15","4","0","0","0","0","0","0"
"POINT (10.034806149000076 53.494790850000072)","Unfall 8519 (2019) Kat:3, Licht: 0","8519","3","6","2","06","13","6","0","0","0","1","0","0"
"POINT (9.853576295000039 53.572144425000033)","Unfall 8521 (2019) Kat:3, Licht: 2","8521","3","6","3","09","20","4","1","2","0","1","0","0"
"POINT (10.145503985000062 53.522727424000038)","Unfall 8522 (2019) Kat:3, Licht: 1","8522","3","6","3","11","06","6","0","1","0","1","0","0"
"POINT (10.021844440000052 53.543403314000045)","Unfall 8524 (2019) Kat:3, Licht: 1","8524","3","6","1","06","22","6","0","1","0","1","0","1"
"POINT (9.963059288000068 53.558484475000057)","Unfall 8526 (2019) Kat:3, Licht: 0","8526","3","5","1","09","09","4","0","0","0","1","0","0"
"POINT (9.897154316000069 53.565633798000079)","Unfall 8527 (2019) Kat:3, Licht: 0","8527","3","3","5","06","15","6","0","0","0","1","0","0"
"POINT (9.936871774000053 53.470995939000034)","Unfall 8529 (2019) Kat:3, Licht: 2","8529","3","6","1","12","07","4","1","2","0","1","0","0"
"POINT (10.168076555000027 53.514021226000068)","Unfall 8530 (2019) Kat:3, Licht: 0","8530","3","2","2","10","21","1","1","0","0","1","0","0"
"POINT (9.945704332000048 53.562934413000050)","Unfall 8531 (2019) Kat:3, Licht: 1","8531","3","7","0","06","21","6","0","1","1","0","0","0"
"POINT (9.976114931000041 53.549411595000038)","Unfall 8533 (2019) Kat:2, Licht: 0","8533","2","6","3","09","16","4","1","0","1","0","0","0"
"POINT (10.138982346000034 53.525257515000078)","Unfall 8534 (2019) Kat:2, Licht: 0","8534","2","7","0","11","11","5","0","0","0","1","0","0"
"POINT (9.966146208000055 53.552869253000040)","Unfall 8535 (2019) Kat:3, Licht: 0","8535","3","7","3","06","13","6","0","0","0","1","0","0"
"POINT (10.037900937000074 53.560570627000061)","Unfall 8537 (2019) Kat:2, Licht: 2","8537","2","6","2","09","00","3","1","2","0","1","0","0"
"POINT (9.940529682000033 53.573621551000031)","Unfall 8538 (2019) Kat:3, Licht: 0","8538","3","6","3","06","11","5","0","0","0","1","0","0"
"POINT (10.024799098000074 53.483188086000041)","Unfall 8541 (2019) Kat:3, Licht: 1","8541","3","6","2","12","16","3","0","1","0","1","0","0"
"POINT (9.941383566000070 53.622555942000076)","Unfall 8542 (2019) Kat:3, Licht: 0","8542","3","3","5","06","09","4","0","0","1","0","0","0"
"POINT (9.990558141000065 53.593098045000033)","Unfall 8544 (2019) Kat:3, Licht: 0","8544","3","2","3","09","08","3","0","0","1","0","0","0"
"POINT (9.907524497000054 53.617851855000026)","Unfall 8545 (2019) Kat:3, Licht: 2","8545","3","2","4","11","19","7","1","2","0","1","0","0"
"POINT (9.978500102000055 53.549323006000066)","Unfall 8546 (2019) Kat:3, Licht: 0","8546","3","6","2","06","18","4","0","0","0","1","0","0"
"POINT (9.944101315000069 53.569034512000030)","Unfall 8548 (2019) Kat:3, Licht: 0","8548","3","6","2","09","09","3","0","0","0","1","0","0"
"POINT (10.140150032000065 53.483268395000039)","Unfall 8549 (2019) Kat:3, Licht: 2","8549","3","6","3","12","04","1","0","2","0","1","0","0"
"POINT (9.915025989000071 53.564763615000061)","Unfall 8550 (2019) Kat:2, Licht: 0","8550","2","6","3","10","12","4","0","0","0","0","0","1"
"POINT (10.194526260000032 53.473178899000061)","Unfall 8551 (2019) Kat:2, Licht: 0","8551","2","6","2","06","20","3","0","0","0","1","0","0"
"POINT (10.030469176000054 53.560917863000043)","Unfall 8553 (2019) Kat:3, Licht: 2","8553","3","2","2","11","21","6","0","2","0","1","0","0"
"POINT (9.932211750000022 53.431137130000081)","Unfall 8554 (2019) Kat:2, Licht: 0","8554","2","3","5","10","12","6","1","0","0","1","0","0"
"POINT (10.092983046000029 53.563578866000057)","Unfall 8555 (2019) Kat:3, Licht: 0","8555","3","1","9","06","14","3","0","0","0","1","0","0"
"POINT (10.029793555000026 53.444932580000057)","Unfall 8557 (2019) Kat:3, Licht: 0","8557","3","1","0","09","17","2","1","0","0","1","0","0"
"POINT (9.997811972000022 53.594382697000071)","Unfall 8558 (2019) Kat:3, Licht: 0","8558","3","6","0","06","09","3","0","0","1","0","0","0"
"POINT (9.912009226000066 53.543433057000072)","Unfall 8559 (2019) Kat:3, Licht: 0","8559","3","6","2","12","15","3","0","0","0","1","0","0"
"POINT (9.932173124000030 53.431006308000065)","Unfall 8560 (2019) Kat:3, Licht: 2","8560","3","2","4","10","20","1","1","2","0","1","0","0"
"POINT (9.933353739000040 53.584602461000031)","Unfall 8561 (2019) Kat:3, Licht: 0","8561","3","7","0","06","08","3","0","0","1","0","0","0"
"POINT (10.031815992000077 53.539763524000080)","Unfall 8563 (2019) Kat:3, Licht: 1","8563","3","1","9","09","19","2","1","1","0","1","0","0"
"POINT (10.083210659000031 53.562707199000045)","Unfall 8564 (2019) Kat:3, Licht: 2","8564","3","6","2","11","20","4","0","2","0","1","0","0"
"POINT (9.776878047000025 53.580367467000031)","Unfall 8565 (2019) Kat:3, Licht: 0","8565","3","6","2","06","18","3","0","0","0","1","0","0"
"POINT (10.021469943000056 53.543543972000066)","Unfall 8567 (2019) Kat:3, Licht: 1","8567","3","3","5","09","06","2","0","1","1","1","0","0"
"POINT (10.019082270000069 53.580251024000063)","Unfall 8568 (2019) Kat:2, Licht: 0","8568","2","4","6","06","15","2","0","0","0","1","1","0"
"POINT (9.983921843000076 53.599565342000062)","Unfall 8571 (2019) Kat:3, Licht: 0","8571","3","3","0","12","14","4","1","0","1","1","0","0"
"POINT (9.965102188000060 53.598718314000052)","Unfall 8572 (2019) Kat:3, Licht: 0","8572","3","6","2","10","12","6","1","0","0","1","0","0"
"POINT (9.904941812000061 53.574073654000074)","Unfall 8573 (2019) Kat:3, Licht: 0","8573","3","6","1","06","17","2","0","0","0","1","0","0"
"POINT (10.021179618000076 53.575261824000052)","Unfall 8575 (2019) Kat:3, Licht: 0","8575","3","2","4","09","17","2","1","0","1","1","0","0"
"POINT (10.024562304000028 53.467769853000050)","Unfall 8576 (2019) Kat:2, Licht: 0","8576","2","6","2","11","14","3","1","0","0","0","0","0"
"POINT (9.931090807000032 53.645899199000041)","Unfall 8577 (2019) Kat:3, Licht: 0","8577","3","7","4","06","12","2","0","0","0","1","0","0"
"POINT (9.985661637000021 53.602486436000049)","Unfall 8579 (2019) Kat:3, Licht: 0","8579","3","6","2","09","08","2","0","0","0","1","0","0"
"POINT (9.900607165000054 53.567886273000056)","Unfall 8580 (2019) Kat:3, Licht: 0","8580","3","6","2","11","14","6","0","0","0","1","0","0"
"POINT (9.917120347000036 53.622865640000043)","Unfall 8581 (2019) Kat:3, Licht: 0","8581","3","6","2","06","07","2","0","0","0","1","0","0"
"POINT (10.030222428000059 53.541115515000058)","Unfall 8583 (2019) Kat:2, Licht: 0","8583","2","6","2","09","12","1","0","0","0","1","0","1"
"POINT (9.965765400000066 53.597251710000080)","Unfall 8584 (2019) Kat:3, Licht: 0","8584","3","6","6","06","09","2","0","0","1","1","1","0"
"POINT (9.826232436000055 53.575892327000076)","Unfall 8586 (2019) Kat:3, Licht: 2","8586","3","6","2","12","16","4","1","2","0","1","0","0"
"POINT (9.916680792000022 53.513782292000030)","Unfall 8587 (2019) Kat:3, Licht: 0","8587","3","6","2","10","13","7","0","0","0","1","0","0"
"POINT (9.847863424000025 53.472771454000053)","Unfall 8588 (2019) Kat:3, Licht: 0","8588","3","6","2","06","17","1","0","0","0","1","0","0"
"POINT (10.025971470000059 53.558601691000035)","Unfall 8590 (2019) Kat:3, Licht: 2","8590","3","6","1","09","00","1","0","2","0","1","0","0"
"POINT (9.923362555000040 53.563812298000073)","Unfall 8591 (2019) Kat:2, Licht: 0","8591","2","3","5","11","15","4","0","0","1","1","0","0"
"POINT (9.953012850000050 53.470627528000080)","Unfall 8593 (2019) Kat:3, Licht: 0","8593","3","6","3","09","15","7","0","0","0","1","0","0"
"POINT (10.032439073000035 53.540465135000034)","Unfall 8594 (2019) Kat:3, Licht: 0","8594","3","2","0","06","13","7","0","0","1","1","0","0"
"POINT (9.961699879000037 53.425159246000078)","Unfall 8597 (2019) Kat:3, Licht: 2","8597","3","7","0","12","22","1","0","2","0","1","0","0"
"POINT (9.992595257000062 53.547238998000068)","Unfall 8598 (2019) Kat:3, Licht: 2","8598","3","6","4","06","01","7","0","2","0","1","0","0"
"POINT (9.920213921000027 53.604419304000032)","Unfall 8600 (2019) Kat:3, Licht: 0","8600","3","6","2","09","10","7","0","0","0","1","0","0"
"POINT (9.917366025000035 53.564292846000058)","Unfall 8601 (2019) Kat:3, Licht: 2","8601","3","2","4","11","19","6","1","2","0","1","0","1"
"POINT (10.215745775000073 53.486173255000040)","Unfall 8602 (2019) Kat:3, Licht: 0","8602","3","2","4","06","18","6","0","0","0","1","0","0"
"POINT (9.921766519000073 53.563902572000075)","Unfall 8604 (2019) Kat:3, Licht: 2","8604","3","6","3","09","01","7","1","2","0","1","0","1"
"POINT (10.206919896000045 53.474871753000059)","Unfall 8605 (2019) Kat:3, Licht: 2","8605","3","1","9","12","21","4","1","2","0","1","0","0"
"POINT (9.932325034000030 53.431548712000051)","Unfall 8606 (2019) Kat:3, Licht: 0","8606","3","6","2","10","09","2","0","0","0","1","0","0"
"POINT (10.073563425000032 53.507952773000056)","Unfall 8607 (2019) Kat:3, Licht: 0","8607","3","6","2","06","14","6","0","0","0","1","0","0"
"POINT (9.959397457000023 53.574579193000034)","Unfall 8609 (2019) Kat:3, Licht: 2","8609","3","3","5","09","05","7","0","2","0","1","0","0"
"POINT (9.924319441000023 53.595148907000066)","Unfall 8610 (2019) Kat:3, Licht: 0","8610","3","6","2","11","11","4","1","0","0","1","0","0"
"POINT (10.017565791000038 53.586540726000067)","Unfall 8611 (2019) Kat:3, Licht: 0","8611","3","2","3","06","14","6","0","0","1","1","0","0"
"POINT (9.883581240000069 53.472118637000051)","Unfall 8613 (2019) Kat:3, Licht: 0","8613","3","6","2","09","08","6","0","0","0","1","0","0"
"POINT (9.854140692000044 53.572085473000072)","Unfall 8614 (2019) Kat:3, Licht: 0","8614","3","2","3","06","17","6","0","0","1","1","0","0"
"POINT (9.955263086000059 53.445501013000069)","Unfall 8615 (2019) Kat:3, Licht: 1","8615","3","2","6","12","20","7","1","1","0","1","1","0"
"POINT (9.914818166000032 53.512289617000079)","Unfall 8616 (2019) Kat:2, Licht: 2","8616","2","6","2","10","18","6","1","2","0","1","0","0"
"POINT (9.931466134000061 53.428977049000082)","Unfall 8617 (2019) Kat:3, Licht: 0","8617","3","2","2","06","18","5","0","0","0","1","0","0"
"POINT (9.872351658000071 53.471791660000065)","Unfall 8619 (2019) Kat:2, Licht: 0","8619","2","6","3","09","07","6","0","0","0","1","0","1"
"POINT (9.966305650000038 53.595569045000047)","Unfall 8620 (2019) Kat:3, Licht: 2","8620","3","6","4","11","17","3","1","2","1","0","0","0"
"POINT (9.918588580000062 53.445346082000071)","Unfall 8621 (2019) Kat:3, Licht: 0","8621","3","1","9","06","19","5","1","0","0","1","0","0"
"POINT (9.917037016000052 53.475039214000049)","Unfall 8623 (2019) Kat:3, Licht: 0","8623","3","6","3","09","06","6","0","0","0","1","0","0"
"POINT (10.012559949000035 53.517265772000030)","Unfall 8624 (2019) Kat:3, Licht: 0","8624","3","6","2","06","16","5","0","0","0","1","0","0"
"POINT (10.037047727000072 53.561530723000033)","Unfall 8627 (2019) Kat:3, Licht: 2","8627","3","2","3","12","16","2","1","2","1","1","0","0"
"POINT (9.987052687000073 53.547646668000027)","Unfall 8628 (2019) Kat:3, Licht: 2","8628","3","6","2","10","19","5","1","2","0","1","0","0"
"POINT (10.032440107000070 53.513473593000072)","Unfall 8629 (2019) Kat:3, Licht: 0","8629","3","6","2","06","15","5","0","0","0","1","0","0"
"POINT (10.026497664000033 53.484539068000061)","Unfall 8631 (2019) Kat:3, Licht: 0","8631","3","6","3","09","15","6","0","0","0","1","0","0"
"POINT (9.977214969000045 53.587470129000053)","Unfall 8632 (2019) Kat:3, Licht: 0","8632","3","2","4","11","11","3","0","0","0","1","0","0"
"POINT (10.031957028000022 53.543368220000048)","Unfall 8634 (2019) Kat:2, Licht: 0","8634","2","3","5","09","14","6","0","0","1","0","0","0"
"POINT (10.022568121000063 53.477904073000047)","Unfall 8635 (2019) Kat:3, Licht: 0","8635","3","6","2","06","11","5","0","0","0","1","0","0"
"POINT (9.918833139000071 53.515982989000065)","Unfall 8638 (2019) Kat:3, Licht: 2","8638","3","6","2","11","17","5","1","2","0","1","0","0"
"POINT (10.092688790000068 53.563549816000034)","Unfall 8639 (2019) Kat:3, Licht: 0","8639","3","6","2","06","08","5","0","0","0","1","0","0"
"POINT (10.025567226000021 53.551966377000042)","Unfall 8641 (2019) Kat:3, Licht: 0","8641","3","3","5","09","08","6","0","0","1","1","0","0"
"POINT (9.960460872000056 53.607818481000038)","Unfall 8642 (2019) Kat:3, Licht: 0","8642","3","7","0","06","17","5","0","0","1","1","0","0"
"POINT (9.927302065000049 53.563597215000073)","Unfall 8644 (2019) Kat:3, Licht: 1","8644","3","6","3","09","19","6","0","1","1","0","0","0"
"POINT (9.962549658000057 53.469551751000040)","Unfall 8645 (2019) Kat:3, Licht: 2","8645","3","2","6","12","21","6","1","2","0","1","1","0"
"POINT (10.027877592000038 53.454498796000053)","Unfall 8646 (2019) Kat:3, Licht: 0","8646","3","6","2","10","15","6","0","0","0","1","0","0"
"POINT (9.964039326000034 53.557414116000075)","Unfall 8647 (2019) Kat:3, Licht: 1","8647","3","3","4","06","21","5","1","1","1","0","0","0"
"POINT (9.983926602000054 53.595878138000046)","Unfall 8649 (2019) Kat:3, Licht: 0","8649","3","2","5","09","15","6","0","0","1","1","0","0"
"POINT (9.964135731000056 53.556918382000049)","Unfall 8651 (2019) Kat:3, Licht: 0","8651","3","3","5","09","06","6","0","0","1","1","0","0"
"POINT (9.950285778000023 53.470763217000069)","Unfall 8652 (2019) Kat:3, Licht: 0","8652","3","7","1","06","19","4","0","0","0","1","0","0"
"POINT (9.924687921000043 53.633390893000069)","Unfall 8655 (2019) Kat:3, Licht: 0","8655","3","3","5","11","14","7","0","0","0","1","0","0"
"POINT (10.203662837000024 53.488959437000062)","Unfall 8656 (2019) Kat:3, Licht: 0","8656","3","6","4","06","10","4","0","0","1","0","0","0"
"POINT (9.922045562000051 53.470621039000036)","Unfall 8658 (2019) Kat:3, Licht: 0","8658","3","5","1","09","11","5","1","0","0","1","0","0"
"POINT (9.913313357000050 53.499547018000044)","Unfall 8659 (2019) Kat:3, Licht: 0","8659","3","6","2","10","10","4","0","0","0","0","0","0"
"POINT (10.025454648000050 53.531442892000030)","Unfall 8660 (2019) Kat:3, Licht: 1","8660","3","6","2","06","21","4","0","1","0","1","0","1"
"POINT (9.933107205000056 53.585191231000067)","Unfall 8662 (2019) Kat:3, Licht: 0","8662","3","2","3","09","17","5","1","0","1","1","0","0"
"POINT (9.908815977000074 53.622950472000070)","Unfall 8663 (2019) Kat:3, Licht: 2","8663","3","2","6","12","19","2","1","2","0","1","1","0"
"POINT (10.040545479000059 53.555637442000034)","Unfall 8664 (2019) Kat:3, Licht: 0","8664","3","2","3","10","12","1","0","0","0","1","0","0"
"POINT (10.026611393000053 53.559147429000063)","Unfall 8665 (2019) Kat:3, Licht: 0","8665","3","6","2","06","15","4","0","0","0","1","0","1"
"POINT (9.914346297000066 53.580270047000056)","Unfall 8667 (2019) Kat:3, Licht: 0","8667","3","6","2","09","13","5","1","0","0","0","0","0"
"POINT (9.958690763000050 53.647521983000047)","Unfall 8668 (2019) Kat:3, Licht: 2","8668","3","6","2","11","17","3","1","2","0","1","0","0"
"POINT (9.878173458000049 53.569586964000052)","Unfall 8669 (2019) Kat:3, Licht: 0","8669","3","3","5","06","09","4","0","0","0","1","0","0"
"POINT (9.935390108000036 53.563756956000077)","Unfall 8671 (2019) Kat:3, Licht: 0","8671","3","2","3","09","17","5","1","0","1","1","0","0"
"POINT (9.959375695000063 53.574543188000064)","Unfall 8672 (2019) Kat:2, Licht: 0","8672","2","2","0","06","08","4","0","0","0","1","0","0"
"POINT (10.200366565000024 53.492031305000069)","Unfall 8673 (2019) Kat:3, Licht: 0","8673","3","6","4","12","07","6","2","0","1","0","0","0"
"POINT (10.025294596000037 53.464532092000070)","Unfall 8674 (2019) Kat:3, Licht: 0","8674","3","6","2","10","15","5","1","0","0","1","0","0"
"POINT (10.270736529000033 53.466591640000047)","Unfall 8675 (2019) Kat:2, Licht: 2","8675","2","1","8","06","22","3","0","2","0","0","0","0"
"POINT (10.051269139000055 53.509396272000060)","Unfall 8677 (2019) Kat:3, Licht: 0","8677","3","6","3","09","06","4","0","0","0","1","0","0"
"POINT (9.989926220000029 53.593116132000034)","Unfall 8678 (2019) Kat:3, Licht: 0","8678","3","2","3","11","12","2","0","0","0","1","0","0"
"POINT (10.210562705000029 53.487399275000030)","Unfall 8679 (2019) Kat:3, Licht: 0","8679","3","2","3","06","16","3","0","0","1","1","0","0"
"POINT (9.900152448000029 53.565064351000046)","Unfall 8681 (2019) Kat:3, Licht: 0","8681","3","3","5","09","17","4","0","0","1","1","0","0"
"POINT (10.051422991000038 53.551832801000046)","Unfall 8682 (2019) Kat:3, Licht: 0","8682","3","3","5","06","09","3","0","0","1","1","0","0"
"POINT (10.001553591000061 53.547514314000068)","Unfall 8685 (2019) Kat:3, Licht: 2","8685","3","1","8","09","00","4","0","2","0","1","0","0"
"POINT (9.983927334000043 53.592446809000080)","Unfall 8686 (2019) Kat:3, Licht: 2","8686","3","2","4","12","21","7","1","2","0","1","0","0"
"POINT (10.027532950000023 53.533702933000029)","Unfall 8687 (2019) Kat:3, Licht: 0","8687","3","3","5","06","10","3","0","0","1","0","0","0"
"POINT (9.879280148000021 53.472010369000031)","Unfall 8689 (2019) Kat:3, Licht: 0","8689","3","6","3","09","17","3","1","0","0","1","0","0"
"POINT (9.812953011000047 53.577774998000052)","Unfall 8690 (2019) Kat:3, Licht: 0","8690","3","6","2","11","08","2","1","0","0","1","0","0"
"POINT (9.940705876000038 53.471094436000044)","Unfall 8692 (2019) Kat:3, Licht: 0","8692","3","6","2","09","17","3","1","0","0","1","0","0"
"POINT (9.855002886000023 53.572019670000032)","Unfall 8693 (2019) Kat:3, Licht: 0","8693","3","2","3","06","07","3","0","0","1","1","0","0"
"POINT (9.941502988000025 53.622424157000069)","Unfall 8696 (2019) Kat:2, Licht: 0","8696","2","6","3","11","13","4","1","0","0","1","0","0"
"POINT (9.927424609000070 53.563588358000061)","Unfall 8697 (2019) Kat:3, Licht: 0","8697","3","7","1","06","07","3","0","0","1","1","0","0"
"POINT (10.034153300000071 53.494007436000061)","Unfall 8699 (2019) Kat:3, Licht: 0","8699","3","6","2","09","16","3","0","0","0","1","0","0"
"POINT (9.948980105000032 53.562255021000055)","Unfall 8700 (2019) Kat:3, Licht: 1","8700","3","7","2","06","20","3","0","1","0","1","0","0"
"POINT (10.071973306000075 53.549335182000050)","Unfall 8702 (2019) Kat:3, Licht: 0","8702","3","6","2","09","07","3","1","0","0","0","0","1"
"POINT (9.980629481000051 53.548957901000051)","Unfall 8703 (2019) Kat:3, Licht: 2","8703","3","4","6","12","23","6","1","2","0","1","1","0"
"POINT (9.953083447000040 53.571287468000037)","Unfall 8704 (2019) Kat:3, Licht: 2","8704","3","6","2","10","22","6","0","2","0","1","0","0"
"POINT (10.215355279000050 53.486074890000054)","Unfall 8705 (2019) Kat:3, Licht: 0","8705","3","6","3","06","17","2","0","0","0","1","0","0"
"POINT (9.918059918000040 53.608623966000039)","Unfall 8707 (2019) Kat:3, Licht: 0","8707","3","6","3","09","06","3","1","0","0","1","0","0"
"POINT (9.962283602000071 53.558897275000049)","Unfall 8708 (2019) Kat:3, Licht: 2","8708","3","1","8","11","00","1","0","2","0","0","0","0"
"POINT (10.010442131000048 53.621305802000052)","Unfall 8709 (2019) Kat:3, Licht: 0","8709","3","6","3","06","17","2","0","0","0","1","0","0"
"POINT (9.951385780000067 53.614646244000028)","Unfall 8711 (2019) Kat:3, Licht: 0","8711","3","1","8","09","17","3","1","0","0","0","0","1"
"POINT (10.025135601000045 53.571898864000048)","Unfall 8712 (2019) Kat:3, Licht: 0","8712","3","1","8","06","13","2","0","0","0","1","0","0"
"POINT (9.854691101000071 53.472416835000047)","Unfall 8714 (2019) Kat:3, Licht: 1","8714","3","2","3","12","16","4","1","1","1","1","0","0"
"POINT (9.885675695000032 53.472079785000062)","Unfall 8715 (2019) Kat:3, Licht: 0","8715","3","6","2","10","10","1","1","0","0","1","0","0"
"POINT (10.019798296000033 53.581503089000080)","Unfall 8716 (2019) Kat:3, Licht: 0","8716","3","3","5","06","13","2","0","0","1","1","0","0"
"POINT (9.984837059000029 53.601750567000067)","Unfall 8718 (2019) Kat:3, Licht: 0","8718","3","6","3","09","18","3","0","0","0","1","0","0"
"POINT (9.899767292000036 53.563943320000078)","Unfall 8719 (2019) Kat:3, Licht: 2","8719","3","6","2","11","16","7","0","2","0","1","0","0"
"POINT (9.923519419000058 53.598053350000043)","Unfall 8720 (2019) Kat:3, Licht: 0","8720","3","6","2","06","12","2","0","0","0","1","0","0"
"POINT (10.000979462000032 53.547591177000072)","Unfall 8722 (2019) Kat:3, Licht: 0","8722","3","6","3","09","08","3","1","0","0","1","0","0"
"POINT (9.945391297000072 53.562987488000033)","Unfall 8723 (2019) Kat:3, Licht: 2","8723","3","3","5","11","18","2","1","2","1","1","0","0"
"POINT (9.984226192000051 53.548220541000035)","Unfall 8724 (2019) Kat:3, Licht: 0","8724","3","6","2","06","14","2","0","0","0","1","0","0"
"POINT (10.142146956000033 53.536744275000046)","Unfall 8726 (2019) Kat:3, Licht: 0","8726","3","6","2","09","05","2","0","0","0","1","0","0"
"POINT (10.078351253000051 53.507421719000035)","Unfall 8727 (2019) Kat:3, Licht: 0","8727","3","6","2","06","14","1","0","0","0","1","0","0"
"POINT (10.027885763000029 53.454470632000039)","Unfall 8729 (2019) Kat:3, Licht: 2","8729","3","6","2","12","16","5","0","2","0","1","0","0"
"POINT (10.235167130000036 53.476356454000040)","Unfall 8730 (2019) Kat:3, Licht: 0","8730","3","6","2","10","15","3","0","0","0","1","0","0"
"POINT (9.966160090000074 53.596111477000079)","Unfall 8731 (2019) Kat:3, Licht: 0","8731","3","3","5","06","11","1","0","0","1","1","0","0"
"POINT (10.142178710000053 53.536782284000026)","Unfall 8733 (2019) Kat:3, Licht: 1","8733","3","6","2","09","05","2","0","1","0","1","0","0"
"POINT (9.924387978000027 53.595109317000038)","Unfall 8734 (2019) Kat:3, Licht: 1","8734","3","6","3","11","17","1","0","1","0","1","0","0"
"POINT (9.910904010000024 53.632803392000028)","Unfall 8735 (2019) Kat:3, Licht: 0","8735","3","2","5","06","19","7","0","0","1","1","0","0"
"POINT (10.024696820000031 53.467199886000060)","Unfall 8737 (2019) Kat:3, Licht: 2","8737","3","6","3","09","00","1","0","2","0","1","0","0"
"POINT (9.990650497000047 53.593090244000052)","Unfall 8738 (2019) Kat:3, Licht: 0","8738","3","3","5","06","20","7","0","0","0","1","0","0"
"POINT (10.034840480000071 53.494832008000060)","Unfall 8741 (2019) Kat:3, Licht: 0","8741","3","6","2","08","10","7","0","0","0","1","0","0"
"POINT (10.040655786000059 53.554290860000037)","Unfall 8742 (2019) Kat:3, Licht: 0","8742","3","3","5","12","14","6","1","0","0","1","0","0"
"POINT (9.933173854000074 53.646560364000038)","Unfall 8743 (2019) Kat:3, Licht: 0","8743","3","6","2","06","10","6","0","0","0","1","0","0"
"POINT (10.202599199000076 53.491062575000058)","Unfall 8745 (2019) Kat:3, Licht: 0","8745","3","2","4","08","17","7","0","0","0","0","0","1"
"POINT (9.957899890000022 53.572570894000080)","Unfall 8746 (2019) Kat:3, Licht: 0","8746","3","6","3","11","10","2","1","0","1","0","0","0"
"POINT (10.222210958000062 53.482893885000067)","Unfall 8748 (2019) Kat:3, Licht: 0","8748","3","7","3","08","11","7","0","0","0","1","0","0"
"POINT (10.020724806000032 53.575662145000081)","Unfall 8749 (2019) Kat:2, Licht: 0","8749","2","3","5","06","16","5","0","0","0","1","0","1"
"POINT (10.009567782000033 53.626161085000035)","Unfall 8752 (2019) Kat:3, Licht: 1","8752","3","6","2","11","16","3","1","1","0","1","0","0"