WKT,Name,OBJECTID,UKATEGORIE,UTYP1,UART,UMONAT,USTUNDE,UWOCHENTAG,STRZUSTAND,ULICHTVERH,ISTRAD,ISTPKW,ISTFUSS,ISTKRAD
"POINT (10.022244198000067 53.477320796000072)","Unfall 8753 (2019) Kat:3, Licht: 0","8753","3","6","2","10","12","6","1","0","0","1","0","0"
"POINT (9.784736814000041 53.580623160000073)","Unfall 8754 (2019) Kat:3, Licht: 0","8754","3","6","2","06","07","5","0","0","0","1","0","0"
"POINT (9.983925932000034 53.595570169000041)","Unfall 8756 (2019) Kat:3, Licht: 2","8756","3","2","3","08","01","7","0","2","1","1","0","0"
"POINT (9.924580256000070 53.563746023000078)","Unfall 8757 (2019) Kat:3, Licht: 0","8757","3","2","4","06","09","5","0","0","1","0","0","0"
"POINT (10.032091118000039 53.561839344000077)","Unfall 8759 (2019) Kat:3, Licht: 0","8759","3","6","2","08","07","6","0","0","0","1","0","0"
"POINT (10.053325456000039 53.509347994000052)","Unfall 8760 (2019) Kat:3, Licht: 2","8760","3","6","3","12","18","4","0","2","0","1","0","0"
"POINT (10.059074932000044 53.509248653000043)","Unfall 8761 (2019) Kat:3, Licht: 0","8761","3","6","3","10","13","3","0","0","0","1","0","0"
"POINT (9.909020294000072 53.643374493000067)","Unfall 8762 (2019) Kat:3, Licht: 0","8762","3","2","5","06","17","5","0","0","1","1","0","0"
"POINT (10.029693730000076 53.446167286000048)","Unfall 8764 (2019) Kat:3, Licht: 0","8764","3","6","2","08","09","5","1","0","0","1","0","0"
"POINT (9.917117562000044 53.590377779000050)","Unfall 8765 (2019) Kat:3, Licht: 0","8765","3","6","2","11","13","6","0","0","0","1","0","0"
"POINT (9.956350833000045 53.570623946000069)","Unfall 8766 (2019) Kat:3, Licht: 0","8766","3","6","2","06","16","5","0","0","0","1","0","0"
"POINT (9.938685497000051 53.471042252000075)","Unfall 8768 (2019) Kat:3, Licht: 0","8768","3","2","3","08","07","5","1","0","1","0","0","0"
"POINT (9.963860160000024 53.599897460000079)","Unfall 8769 (2019) Kat:3, Licht: 0","8769","3","3","5","06","13","5","0","0","1","1","0","0"
"POINT (10.026025577000041 53.551947770000027)","Unfall 8771 (2019) Kat:3, Licht: 0","8771","3","3","5","12","14","4","1","0","0","1","0","0"
"POINT (10.031973148000077 53.543346942000028)","Unfall 8772 (2019) Kat:3, Licht: 0","8772","3","2","4","10","17","1","1","0","0","1","0","0"
"POINT (9.973338224000031 53.586242522000077)","Unfall 8773 (2019) Kat:3, Licht: 0","8773","3","2","3","06","07","5","0","0","1","0","0","0"
"POINT (10.032456466000042 53.539372002000050)","Unfall 8775 (2019) Kat:3, Licht: 0","8775","3","6","2","08","16","5","0","0","0","1","0","0"
"POINT (9.969663104000063 53.584160731000054)","Unfall 8776 (2019) Kat:3, Licht: 0","8776","3","2","2","11","12","5","0","0","0","1","0","0"
"POINT (10.019071921000034 53.577777889000060)","Unfall 8778 (2019) Kat:3, Licht: 2","8778","3","7","3","08","22","5","1","2","0","1","0","0"
"POINT (9.935050787000023 53.579949277000082)","Unfall 8779 (2019) Kat:3, Licht: 0","8779","3","6","2","06","17","4","1","0","0","1","0","0"
"POINT (10.187703374000023 53.499232656000061)","Unfall 8782 (2019) Kat:3, Licht: 2","8782","3","6","4","12","23","2","1","2","0","1","0","0"
"POINT (9.983925941000052 53.595035797000037)","Unfall 8783 (2019) Kat:3, Licht: 0","8783","3","6","2","06","17","4","1","0","0","1","0","0"
"POINT (10.024229583000022 53.529673800000069)","Unfall 8785 (2019) Kat:3, Licht: 1","8785","3","6","3","08","05","4","0","1","0","1","0","0"
"POINT (10.022926914000038 53.527555673000052)","Unfall 8786 (2019) Kat:3, Licht: 0","8786","3","6","3","11","11","6","0","0","0","1","0","0"
"POINT (10.040656200000058 53.554294718000051)","Unfall 8787 (2019) Kat:3, Licht: 0","8787","3","3","5","06","17","3","0","0","0","1","0","1"
"POINT (9.828106450000064 53.575586456000053)","Unfall 8789 (2019) Kat:3, Licht: 2","8789","3","7","0","08","20","4","1","2","0","1","0","0"
"POINT (10.134566208000024 53.528386401000034)","Unfall 8790 (2019) Kat:3, Licht: 2","8790","3","6","3","12","19","7","0","2","0","1","0","0"
"POINT (9.844550695000066 53.472722899000075)","Unfall 8791 (2019) Kat:2, Licht: 2","8791","2","4","6","10","18","2","0","2","0","1","1","0"
"POINT (10.031362942000044 53.539112055000032)","Unfall 8792 (2019) Kat:3, Licht: 0","8792","3","7","0","06","18","3","0","0","1","0","0","0"
"POINT (9.967839435000030 53.468048471000031)","Unfall 8794 (2019) Kat:3, Licht: 0","8794","3","3","8","11","15","5","1","0","0","1","0","0"
"POINT (10.148042536000048 53.546496184000034)","Unfall 8795 (2019) Kat:2, Licht: 2","8795","2","1","9","10","04","6","1","2","0","1","0","0"
"POINT (9.921249674000023 53.602861155000028)","Unfall 8796 (2019) Kat:3, Licht: 0","8796","3","6","3","06","19","3","0","0","0","1","0","0"
"POINT (9.995624177000025 53.593835457000068)","Unfall 8799 (2019) Kat:3, Licht: 0","8799","3","6","2","12","10","4","0","0","0","1","0","0"
"POINT (9.952315201000033 53.613443253000071)","Unfall 8800 (2019) Kat:3, Licht: 0","8800","3","3","5","06","08","3","0","0","1","1","0","0"
"POINT (9.986590055000022 53.459829488000082)","Unfall 8802 (2019) Kat:3, Licht: 0","8802","3","6","2","08","17","3","1","0","0","1","0","0"
"POINT (9.944511290000037 53.471111910000047)","Unfall 8803 (2019) Kat:3, Licht: 0","8803","3","6","3","11","11","7","1","0","0","1","0","0"
"POINT (9.962048975000073 53.603318586000057)","Unfall 8805 (2019) Kat:2, Licht: 0","8805","2","7","0","08","18","3","1","0","0","1","0","1"
"POINT (9.907519875000048 53.617834080000080)","Unfall 8806 (2019) Kat:2, Licht: 0","8806","2","2","4","12","13","3","0","0","0","1","0","1"
"POINT (9.990902511000058 53.547182503000045)","Unfall 8807 (2019) Kat:3, Licht: 0","8807","3","6","3","06","17","3","0","0","0","1","0","0"
"POINT (9.948631926000076 53.562320795000062)","Unfall 8810 (2019) Kat:3, Licht: 0","8810","3","3","5","11","08","1","0","0","0","1","0","0"
"POINT (10.085362882000027 53.502406336000035)","Unfall 8811 (2019) Kat:3, Licht: 0","8811","3","6","2","10","09","5","1","0","0","1","0","0"
"POINT (10.148533938000071 53.547756534000030)","Unfall 8812 (2019) Kat:3, Licht: 0","8812","3","6","2","06","19","2","0","0","0","1","0","0"
"POINT (10.032049822000033 53.538816322000059)","Unfall 8814 (2019) Kat:3, Licht: 0","8814","3","6","2","08","11","2","0","0","0","1","0","0"
"POINT (9.994624435000048 53.593464522000033)","Unfall 8815 (2019) Kat:3, Licht: 0","8815","3","6","3","06","09","2","1","0","0","1","0","1"
"POINT (10.011094821000029 53.622899399000062)","Unfall 8817 (2019) Kat:3, Licht: 2","8817","3","2","3","12","19","3","0","2","1","1","0","0"
"POINT (9.968140729000027 53.450391763000027)","Unfall 8818 (2019) Kat:3, Licht: 0","8818","3","6","2","10","16","2","0","0","0","1","0","0"
"POINT (9.987480253000058 53.603246760000047)","Unfall 8819 (2019) Kat:3, Licht: 2","8819","3","3","5","06","22","2","0","2","0","1","0","0"
"POINT (9.931562199000041 53.588279835000037)","Unfall 8821 (2019) Kat:3, Licht: 2","8821","3","6","4","08","21","2","0","2","1","0","0","0"
"POINT (10.025694916000077 53.531245723000040)","Unfall 8822 (2019) Kat:3, Licht: 0","8822","3","6","2","11","13","5","0","0","0","1","0","0"
"POINT (10.025997703000030 53.558498190000080)","Unfall 8823 (2019) Kat:3, Licht: 0","8823","3","6","2","06","18","1","0","0","0","1","0","0"
"POINT (10.034833731000049 53.494823917000076)","Unfall 8825 (2019) Kat:3, Licht: 0","8825","3","6","2","08","11","1","0","0","0","1","0","0"
"POINT (9.908811888000059 53.622899723000046)","Unfall 8826 (2019) Kat:3, Licht: 0","8826","3","3","5","06","17","1","0","0","0","1","0","0"
"POINT (9.922717195000075 53.540095947000054)","Unfall 8829 (2019) Kat:3, Licht: 0","8829","3","6","2","12","10","4","1","0","0","0","0","0"
"POINT (9.893446913000048 53.471777984000028)","Unfall 8830 (2019) Kat:3, Licht: 0","8830","3","5","1","10","11","6","1","0","0","0","0","0"
"POINT (9.982701514000041 53.548536409000064)","Unfall 8831 (2019) Kat:3, Licht: 1","8831","3","6","3","06","21","1","0","1","1","0","0","0"
"POINT (9.996110464000026 53.594025837000061)","Unfall 8833 (2019) Kat:3, Licht: 0","8833","3","6","6","08","12","1","0","0","1","0","1","0"
"POINT (9.942324105000068 53.572734193000031)","Unfall 8834 (2019) Kat:3, Licht: 2","8834","3","6","3","11","06","4","0","2","0","1","0","0"
"POINT (9.997149861000025 53.547538900000063)","Unfall 8836 (2019) Kat:2, Licht: 0","8836","2","6","2","08","06","1","0","0","0","1","0","0"
"POINT (10.148206809000044 53.546917522000058)","Unfall 8837 (2019) Kat:3, Licht: 0","8837","3","6","2","06","11","7","0","0","0","1","0","0"
"POINT (9.839763873000038 53.472263098000042)","Unfall 8840 (2019) Kat:3, Licht: 2","8840","3","2","6","11","18","7","1","2","0","1","1","0"
"POINT (10.032473855000035 53.540497961000028)","Unfall 8841 (2019) Kat:3, Licht: 2","8841","3","6","3","06","22","7","0","2","0","1","0","0"
"POINT (10.023956145000056 53.469124088000058)","Unfall 8843 (2019) Kat:3, Licht: 0","8843","3","6","2","08","12","7","0","0","0","1","0","1"
"POINT (9.946124726000051 53.562850672000081)","Unfall 8844 (2019) Kat:3, Licht: 0","8844","3","6","4","10","15","5","0","0","1","0","0","0"
"POINT (10.014319863000026 53.589528717000064)","Unfall 8845 (2019) Kat:3, Licht: 0","8845","3","7","2","06","15","7","0","0","0","1","0","0"
"POINT (10.032325116000038 53.539192169000046)","Unfall 8847 (2019) Kat:3, Licht: 0","8847","3","6","3","08","14","7","0","0","0","1","0","0"
"POINT (9.883804571000042 53.472115379000059)","Unfall 8848 (2019) Kat:3, Licht: 0","8848","3","3","5","12","13","3","1","0","0","1","0","0"
"POINT (9.979877605000070 53.647381685000028)","Unfall 8849 (2019) Kat:3, Licht: 1","8849","3","6","3","10","16","2","0","1","0","1","0","0"
"POINT (9.823302165000030 53.576389017000054)","Unfall 8850 (2019) Kat:2, Licht: 0","8850","2","2","5","06","19","7","0","0","0","1","0","0"
"POINT (9.964663125000072 53.554922627000053)","Unfall 8852 (2019) Kat:3, Licht: 0","8852","3","3","5","08","13","7","0","0","0","1","0","0"
"POINT (9.846847859000036 53.572872341000050)","Unfall 8853 (2019) Kat:3, Licht: 2","8853","3","2","4","11","17","3","0","2","0","1","0","0"
"POINT (9.948165176000032 53.649529938000057)","Unfall 8854 (2019) Kat:3, Licht: 0","8854","3","6","2","06","14","7","0","0","0","1","0","0"
"POINT (10.215751044000058 53.486174882000057)","Unfall 8856 (2019) Kat:3, Licht: 0","8856","3","2","3","08","07","6","0","0","1","1","0","0"
"POINT (9.965893776000030 53.581557642000064)","Unfall 8857 (2019) Kat:2, Licht: 0","8857","2","3","5","06","10","7","0","0","1","1","0","0"
"POINT (9.925301783000066 53.637368232000028)","Unfall 8858 (2019) Kat:3, Licht: 0","8858","3","6","2","12","14","7","1","0","0","1","0","0"
"POINT (9.947324860000038 53.618677662000039)","Unfall 8859 (2019) Kat:3, Licht: 0","8859","3","6","3","10","13","6","0","0","1","0","0","0"
"POINT (10.024179839000055 53.522903008000071)","Unfall 8860 (2019) Kat:3, Licht: 0","8860","3","6","2","06","15","6","0","0","0","1","0","0"
"POINT (10.268550263000066 53.467216976000032)","Unfall 8862 (2019) Kat:2, Licht: 2","8862","2","1","8","08","05","6","0","2","0","1","0","0"
"POINT (9.988555158000054 53.547384303000058)","Unfall 8863 (2019) Kat:3, Licht: 0","8863","3","6","3","11","08","3","0","0","0","1","0","0"
"POINT (9.924935084000026 53.594571463000079)","Unfall 8864 (2019) Kat:3, Licht: 0","8864","3","6","3","06","08","6","0","0","0","1","0","0"
"POINT (9.845519397000032 53.572874314000046)","Unfall 8866 (2019) Kat:3, Licht: 0","8866","3","6","2","08","18","6","0","0","0","1","0","0"
"POINT (9.854995885000051 53.572019957000066)","Unfall 8867 (2019) Kat:3, Licht: 0","8867","3","2","4","06","18","6","0","0","1","1","0","0"
"POINT (9.929655517000072 53.643907801000069)","Unfall 8870 (2019) Kat:3, Licht: 0","8870","3","6","2","06","14","6","0","0","0","1","0","0"
"POINT (9.813498927000069 53.577737816000081)","Unfall 8872 (2019) Kat:3, Licht: 0","8872","3","3","5","08","07","6","0","0","1","0","0","0"
"POINT (9.944296795000071 53.570845722000058)","Unfall 8873 (2019) Kat:3, Licht: 0","8873","3","3","6","06","09","6","0","0","1","0","1","0"
"POINT (9.940745715000048 53.623254963000079)","Unfall 8874 (2019) Kat:3, Licht: 0","8874","3","7","3","08","17","6","0","0","0","1","0","0"
"POINT (9.918018337000035 53.608715496000059)","Unfall 8875 (2019) Kat:3, Licht: 2","8875","3","6","3","12","22","2","0","2","0","1","0","0"
"POINT (10.026204894000045 53.484877019000066)","Unfall 8876 (2019) Kat:3, Licht: 0","8876","3","6","2","10","15","7","0","0","0","1","0","0"
"POINT (9.860163878000037 53.471391043000040)","Unfall 8877 (2019) Kat:3, Licht: 0","8877","3","6","2","06","07","5","0","0","0","1","0","0"
"POINT (10.022879469000031 53.527448243000038)","Unfall 8879 (2019) Kat:3, Licht: 0","8879","3","6","3","08","17","5","0","0","0","1","0","0"
"POINT (10.028699796000069 53.547888593000039)","Unfall 8880 (2019) Kat:3, Licht: 1","8880","3","6","3","11","16","3","0","1","0","1","0","0"
"POINT (9.920651007000060 53.440833288000078)","Unfall 8881 (2019) Kat:3, Licht: 0","8881","3","3","5","06","06","5","0","0","0","1","0","0"
"POINT (10.226624536000031 53.487972826000032)","Unfall 8883 (2019) Kat:3, Licht: 0","8883","3","7","0","08","11","5","0","0","0","0","0","0"
"POINT (10.092198397000061 53.508013002000041)","Unfall 8884 (2019) Kat:2, Licht: 0","8884","2","6","3","06","15","5","0","0","0","0","0","1"
"POINT (10.024048063000066 53.529446122000081)","Unfall 8887 (2019) Kat:2, Licht: 1","8887","2","6","3","12","17","3","0","1","0","1","0","0"
"POINT (9.941721148000056 53.563525421000065)","Unfall 8888 (2019) Kat:2, Licht: 0","8888","2","7","0","10","09","6","1","0","0","1","0","0"
"POINT (10.058855790000052 53.550974467000060)","Unfall 8889 (2019) Kat:3, Licht: 0","8889","3","2","4","06","12","5","0","0","1","1","0","0"
"POINT (10.226318226000046 53.487953735000076)","Unfall 8891 (2019) Kat:3, Licht: 0","8891","3","2","3","08","14","5","0","0","1","0","0","0"
"POINT (9.975259604000030 53.465704112000026)","Unfall 8892 (2019) Kat:2, Licht: 0","8892","2","6","2","11","10","3","1","0","0","1","0","0"
"POINT (9.948146044000055 53.649528208000049)","Unfall 8894 (2019) Kat:3, Licht: 0","8894","3","6","2","08","11","5","0","0","0","1","0","0"
"POINT (9.909775622000041 53.627294756000026)","Unfall 8895 (2019) Kat:3, Licht: 0","8895","3","3","5","06","19","5","0","0","0","1","0","1"
"POINT (10.022437252000032 53.526104037000039)","Unfall 8898 (2019) Kat:3, Licht: 2","8898","3","6","2","11","06","6","1","2","0","1","0","0"
"POINT (9.953102801000057 53.571280476000027)","Unfall 8899 (2019) Kat:3, Licht: 0","8899","3","2","3","06","19","5","0","0","1","1","0","0"
"POINT (9.949937040000066 53.572857243000044)","Unfall 8901 (2019) Kat:3, Licht: 0","8901","3","2","3","08","18","5","0","0","1","1","0","0"
"POINT (9.789821012000061 53.580601788000081)","Unfall 8902 (2019) Kat:3, Licht: 2","8902","3","6","3","10","20","4","1","2","0","1","0","1"
"POINT (9.850909795000064 53.472634194000079)","Unfall 8903 (2019) Kat:3, Licht: 0","8903","3","3","6","06","19","4","0","0","0","1","1","0"
"POINT (9.969665197000040 53.550941233000060)","Unfall 8905 (2019) Kat:3, Licht: 0","8905","3","3","5","08","12","5","0","0","1","1","0","0"
"POINT (9.937136906000035 53.647567704000039)","Unfall 8906 (2019) Kat:3, Licht: 0","8906","3","6","3","12","11","7","1","0","0","1","0","0"
"POINT (9.994140600000037 53.547330742000042)","Unfall 8907 (2019) Kat:3, Licht: 2","8907","3","1","8","10","03","1","1","2","0","1","0","0"
"POINT (9.993515969000043 53.457502213000055)","Unfall 8908 (2019) Kat:3, Licht: 0","8908","3","6","2","06","09","4","0","0","0","1","0","0"
"POINT (9.936160290000032 53.578704613000070)","Unfall 8910 (2019) Kat:3, Licht: 0","8910","3","5","1","08","16","4","0","0","0","1","0","0"
"POINT (9.842589315000055 53.573022023000078)","Unfall 8911 (2019) Kat:3, Licht: 0","8911","3","6","2","11","11","2","1","0","0","1","0","0"
"POINT (10.027486316000022 53.569918406000056)","Unfall 8912 (2019) Kat:3, Licht: 0","8912","3","3","5","06","10","4","0","0","1","1","0","0"
"POINT (10.008211076000066 53.516215693000049)","Unfall 8914 (2019) Kat:3, Licht: 2","8914","3","6","2","08","03","3","0","2","0","1","0","0"
"POINT (9.932748620000041 53.585903064000036)","Unfall 8915 (2019) Kat:3, Licht: 0","8915","3","3","5","06","10","4","0","0","1","1","0","0"
"POINT (9.988725970000075 53.592737710000051)","Unfall 8917 (2019) Kat:3, Licht: 2","8917","3","4","6","12","19","6","1","2","0","0","1","0"
"POINT (10.210389568000039 53.487462028000039)","Unfall 8918 (2019) Kat:3, Licht: 2","8918","3","2","6","10","00","5","0","2","0","0","1","0"
"POINT (9.931385855000031 53.645995330000062)","Unfall 8919 (2019) Kat:3, Licht: 0","8919","3","6","2","06","19","4","0","0","0","1","0","0"
"POINT (9.952581718000033 53.571469895000064)","Unfall 8921 (2019) Kat:3, Licht: 0","8921","3","7","6","08","08","3","0","0","0","0","1","0"
"POINT (10.142175979000058 53.536779015000036)","Unfall 8922 (2019) Kat:3, Licht: 2","8922","3","6","2","11","17","1","0","2","0","1","0","0"
"POINT (9.909497971000064 53.641964005000034)","Unfall 8923 (2019) Kat:3, Licht: 0","8923","3","3","5","06","10","4","0","0","1","1","0","0"
"POINT (10.202513690000046 53.491109444000074)","Unfall 8925 (2019) Kat:3, Licht: 0","8925","3","3","5","08","16","2","0","0","0","1","0","0"
"POINT (9.971046539000042 53.550262577000069)","Unfall 8926 (2019) Kat:2, Licht: 0","8926","2","3","5","06","17","4","0","0","1","1","0","0"
"POINT (10.058209117000047 53.509268119000069)","Unfall 8929 (2019) Kat:3, Licht: 0","8929","3","6","3","08","16","2","0","0","0","1","0","0"
"POINT (9.840284353000072 53.472315375000051)","Unfall 8930 (2019) Kat:3, Licht: 0","8930","3","2","6","12","07","6","1","0","0","1","1","0"
"POINT (10.024431857000025 53.521960572000069)","Unfall 8931 (2019) Kat:3, Licht: 0","8931","3","6","2","06","15","3","0","0","0","1","0","0"
"POINT (10.025867833000063 53.553012952000074)","Unfall 8933 (2019) Kat:3, Licht: 0","8933","3","6","1","08","16","2","0","0","0","0","0","1"
"POINT (9.928231571000026 53.641341574000080)","Unfall 8934 (2019) Kat:3, Licht: 0","8934","3","6","2","11","11","2","0","0","0","1","0","0"
"POINT (9.922354090000056 53.601236973000027)","Unfall 8936 (2019) Kat:3, Licht: 0","8936","3","6","3","08","16","2","0","0","0","1","0","0"
"POINT (10.033278956000061 53.512514714000076)","Unfall 8937 (2019) Kat:3, Licht: 0","8937","3","6","3","06","08","3","1","0","0","1","0","0"
"POINT (10.022226777000071 53.478099111000063)","Unfall 8940 (2019) Kat:3, Licht: 0","8940","3","6","2","11","15","3","0","0","0","1","0","0"
"POINT (10.003284133000022 53.592330846000038)","Unfall 8941 (2019) Kat:3, Licht: 0","8941","3","1","0","06","10","3","1","0","0","0","0","1"
"POINT (10.026765011000066 53.459436964000076)","Unfall 8943 (2019) Kat:3, Licht: 2","8943","3","1","9","08","22","7","1","2","0","1","0","0"
"POINT (9.931686407000029 53.628864756000041)","Unfall 8944 (2019) Kat:3, Licht: 2","8944","3","3","5","08","22","7","1","2","1","1","0","0"
"POINT (10.190261680000049 53.472787984000036)","Unfall 8945 (2019) Kat:3, Licht: 2","8945","3","1","2","12","21","7","1","2","0","1","0","0"
"POINT (9.944913674000077 53.563922082000033)","Unfall 8946 (2019) Kat:3, Licht: 0","8946","3","6","2","10","17","4","0","0","0","1","0","0"
"POINT (9.922564940000029 53.600147818000039)","Unfall 8947 (2019) Kat:3, Licht: 0","8947","3","6","2","06","13","3","0","0","0","1","0","0"
"POINT (10.027966260000028 53.517674282000030)","Unfall 8949 (2019) Kat:3, Licht: 0","8949","3","1","9","08","09","6","1","0","0","1","0","0"
"POINT (10.100714964000076 53.510668469000052)","Unfall 8950 (2019) Kat:3, Licht: 0","8950","3","6","2","11","14","2","0","0","0","1","0","0"
"POINT (10.023801967000054 53.573000204000039)","Unfall 8952 (2019) Kat:3, Licht: 2","8952","3","2","3","08","01","6","1","2","0","1","0","1"
"POINT (9.980890577000025 53.588985529000070)","Unfall 8953 (2019) Kat:3, Licht: 0","8953","3","5","1","06","11","3","0","0","0","1","0","0"
"POINT (10.002693057000045 53.592471710000041)","Unfall 8956 (2019) Kat:3, Licht: 0","8956","3","6","2","11","14","4","1","0","0","1","0","0"
"POINT (9.944788151000068 53.563073874000054)","Unfall 8957 (2019) Kat:3, Licht: 0","8957","3","6","3","06","17","3","0","0","1","0","0","0"
"POINT (9.929894947000037 53.643359505000035)","Unfall 8959 (2019) Kat:3, Licht: 2","8959","3","6","3","08","21","6","0","2","0","1","0","1"
"POINT (9.986313161000055 53.460929490000069)","Unfall 8960 (2019) Kat:3, Licht: 0","8960","3","6","2","06","13","2","0","0","0","1","0","0"
"POINT (9.938832007000030 53.563645231000066)","Unfall 8962 (2019) Kat:3, Licht: 0","8962","3","6","3","08","14","6","0","0","1","0","0","0"
"POINT (9.907531340000048 53.617878170000040)","Unfall 8963 (2019) Kat:3, Licht: 2","8963","3","2","4","12","17","6","0","2","0","1","0","0"
"POINT (10.197688101000040 53.493157804000077)","Unfall 8964 (2019) Kat:3, Licht: 2","8964","3","3","6","10","06","6","0","2","0","1","1","0"
"POINT (10.197530048000033 53.493230297000082)","Unfall 8965 (2019) Kat:3, Licht: 0","8965","3","4","6","06","20","2","0","0","0","1","1","0"
"POINT (9.989481618000070 53.457412185000067)","Unfall 8967 (2019) Kat:3, Licht: 0","8967","3","2","3","08","16","5","1","0","0","1","0","0"
"POINT (10.137571527000034 53.531682418000059)","Unfall 8968 (2019) Kat:3, Licht: 2","8968","3","6","2","11","16","1","1","2","0","1","0","0"
"POINT (9.956106487000056 53.570387047000054)","Unfall 8969 (2019) Kat:3, Licht: 0","8969","3","6","2","06","16","2","0","0","0","1","0","0"
"POINT (9.919465445000071 53.442891709000037)","Unfall 8971 (2019) Kat:3, Licht: 0","8971","3","6","3","08","06","5","0","0","0","1","0","0"
"POINT (9.998978727000065 53.594499588000076)","Unfall 8972 (2019) Kat:2, Licht: 0","8972","2","2","6","06","18","7","0","0","0","1","1","0"
"POINT (10.125685232000023 53.528731118000053)","Unfall 8974 (2019) Kat:3, Licht: 2","8974","3","1","2","12","16","5","0","2","0","1","0","0"
"POINT (9.857916869000064 53.471534505000079)","Unfall 8975 (2019) Kat:3, Licht: 0","8975","3","7","3","10","21","2","0","0","0","1","0","0"
"POINT (9.957245985000043 53.610852735000037)","Unfall 8976 (2019) Kat:3, Licht: 0","8976","3","2","5","06","10","7","0","0","1","1","0","0"
"POINT (10.225271169000052 53.487888776000034)","Unfall 8978 (2019) Kat:3, Licht: 0","8978","3","2","0","08","08","5","1","0","0","0","0","1"
"POINT (9.964807990000054 53.580819154000039)","Unfall 8979 (2019) Kat:3, Licht: 0","8979","3","6","2","11","11","1","0","0","0","1","0","0"
"POINT (9.983927262000066 53.592446504000065)","Unfall 8980 (2019) Kat:3, Licht: 0","8980","3","2","5","05","11","6","0","0","0","1","0","0"
"POINT (10.009414377000041 53.547780661000047)","Unfall 8982 (2019) Kat:3, Licht: 0","8982","3","6","3","08","08","5","1","0","0","1","0","0"
"POINT (9.983925986000031 53.595943904000080)","Unfall 8983 (2019) Kat:3, Licht: 0","8983","3","6","1","05","13","6","0","0","0","1","0","1"
"POINT (9.969901099000026 53.550837989000058)","Unfall 8986 (2019) Kat:3, Licht: 2","8986","3","2","4","12","23","6","0","2","1","1","0","0"
"POINT (9.961466431000076 53.559383890000049)","Unfall 8987 (2019) Kat:3, Licht: 0","8987","3","5","0","05","14","5","1","0","1","1","0","0"
"POINT (10.022953850000022 53.573726208000039)","Unfall 8989 (2019) Kat:3, Licht: 0","8989","3","7","3","08","11","5","0","0","0","1","0","0"
"POINT (10.148296756000036 53.547148219000064)","Unfall 8990 (2019) Kat:3, Licht: 2","8990","3","6","2","11","18","1","1","2","0","1","0","0"
"POINT (9.879889179000031 53.568932763000078)","Unfall 8992 (2019) Kat:3, Licht: 0","8992","3","3","5","08","07","5","1","0","1","1","0","0"
"POINT (9.927595353000072 53.470725024000046)","Unfall 8993 (2019) Kat:3, Licht: 0","8993","3","6","2","05","14","4","0","0","0","1","0","1"
"POINT (9.931874744000027 53.628739774000053)","Unfall 8996 (2019) Kat:3, Licht: 1","8996","3","3","5","11","16","3","1","1","1","0","0","0"
"POINT (10.233365376000052 53.488384726000049)","Unfall 8997 (2019) Kat:3, Licht: 2","8997","3","7","0","10","02","5","1","2","0","0","0","0"
"POINT (10.095394826000074 53.509221454000055)","Unfall 8998 (2019) Kat:3, Licht: 0","8998","3","6","2","05","19","4","0","0","0","1","0","0"
"POINT (9.930593036000062 53.650115850000077)","Unfall 9000 (2019) Kat:3, Licht: 0","9000","3","6","2","08","16","5","1","0","0","1","0","0"
"POINT (9.908464393000031 53.618075403000034)","Unfall 9001 (2019) Kat:3, Licht: 0","9001","3","6","2","05","07","4","0","0","0","1","0","0"
"POINT (9.955763035000075 53.561111202000063)","Unfall 9003 (2019) Kat:3, Licht: 1","9003","3","6","2","12","08","4","1","1","0","1","0","0"
"POINT (10.028610730000025 53.569021187000033)","Unfall 9004 (2019) Kat:3, Licht: 0","9004","3","4","6","10","17","3","0","0","1","0","1","0"
"POINT (9.953354264000041 53.612828881000041)","Unfall 9005 (2019) Kat:3, Licht: 0","9005","3","3","5","05","19","4","0","0","1","1","0","0"
"POINT (9.963606771000059 53.558170417000042)","Unfall 9007 (2019) Kat:2, Licht: 2","9007","2","3","5","08","00","5","0","2","1","1","0","0"
"POINT (9.884287564000033 53.568432498000050)","Unfall 9008 (2019) Kat:3, Licht: 0","9008","3","7","1","11","15","6","0","0","0","1","0","0"
"POINT (9.976689719000035 53.587497889000076)","Unfall 9009 (2019) Kat:3, Licht: 0","9009","3","2","5","05","13","4","0","0","1","1","0","0"
"POINT (9.970905209000023 53.550331855000081)","Unfall 9011 (2019) Kat:3, Licht: 2","9011","3","3","5","08","22","5","1","2","1","1","0","0"
"POINT (9.965833371000031 53.553133375000073)","Unfall 9012 (2019) Kat:3, Licht: 2","9012","3","2","3","05","23","4","0","2","1","1","0","0"
"POINT (9.822726690000025 53.576463766000074)","Unfall 9014 (2019) Kat:3, Licht: 2","9014","3","6","3","12","16","4","1","2","0","1","0","0"
"POINT (9.944155040000055 53.569595356000036)","Unfall 9015 (2019) Kat:3, Licht: 2","9015","3","3","5","10","19","1","1","2","1","1","0","0"
"POINT (9.943916198000068 53.471142426000029)","Unfall 9016 (2019) Kat:3, Licht: 0","9016","3","6","2","05","12","3","0","0","0","1","0","1"
"POINT (10.000838005000048 53.547610115000055)","Unfall 9018 (2019) Kat:3, Licht: 0","9018","3","3","5","08","17","5","1","0","0","1","0","0"
"POINT (9.915756519000070 53.583713503000070)","Unfall 9019 (2019) Kat:3, Licht: 2","9019","3","3","5","12","20","5","0","2","0","1","0","0"
"POINT (10.037096483000028 53.561461267000027)","Unfall 9020 (2019) Kat:3, Licht: 1","9020","3","3","5","10","17","5","0","1","1","1","0","0"
"POINT (9.898431843000026 53.560307359000035)","Unfall 9021 (2019) Kat:3, Licht: 0","9021","3","6","3","05","14","3","0","0","0","1","0","0"
"POINT (9.996974263000027 53.547528031000070)","Unfall 9023 (2019) Kat:3, Licht: 0","9023","3","2","0","08","14","5","0","0","0","1","0","0"
"POINT (10.029363533000037 53.560392785000033)","Unfall 9024 (2019) Kat:3, Licht: 0","9024","3","2","3","11","12","7","1","0","0","1","0","0"
"POINT (9.907259997000040 53.648636416000045)","Unfall 9025 (2019) Kat:3, Licht: 0","9025","3","6","2","05","17","3","0","0","0","1","0","0"