WKT,Name,OBJECTID,UKATEGORIE,UTYP1,UART,UMONAT,USTUNDE,UWOCHENTAG,STRZUSTAND,ULICHTVERH,ISTRAD,ISTPKW,ISTFUSS,ISTKRAD
"POINT (9.835193602000061 53.471843385000057)","Unfall 9027 (2019) Kat:3, Licht: 0","9027","3","6","2","08","15","4","0","0","0","1","0","0"
"POINT (10.001046439000049 53.547582211000076)","Unfall 9028 (2019) Kat:3, Licht: 0","9028","3","6","2","05","12","3","0","0","0","1","0","0"
"POINT (9.922651785000028 53.438407456000050)","Unfall 9030 (2019) Kat:3, Licht: 2","9030","3","6","3","12","18","4","1","2","0","1","0","0"
"POINT (10.083346205000055 53.506999976000031)","Unfall 9031 (2019) Kat:2, Licht: 2","9031","2","7","0","10","22","1","1","2","0","1","0","0"
"POINT (10.108222870000077 53.489577844000053)","Unfall 9032 (2019) Kat:3, Licht: 0","9032","3","6","2","05","07","2","0","0","0","1","0","0"
"POINT (10.149148030000049 53.549438142000042)","Unfall 9034 (2019) Kat:3, Licht: 0","9034","3","6","3","08","11","4","0","0","0","1","0","0"
"POINT (9.941349505000062 53.563572858000043)","Unfall 9035 (2019) Kat:3, Licht: 1","9035","3","2","4","11","07","6","0","1","1","1","0","0"
"POINT (10.033271322000076 53.565198824000049)","Unfall 9036 (2019) Kat:3, Licht: 2","9036","3","5","1","05","21","7","0","2","1","1","0","0"
"POINT (9.995900204000066 53.593942130000073)","Unfall 9038 (2019) Kat:3, Licht: 0","9038","3","2","4","08","15","4","0","0","1","1","0","0"
"POINT (10.090328870000064 53.508841187000030)","Unfall 9039 (2019) Kat:3, Licht: 0","9039","3","1","9","05","12","6","0","0","0","0","0","1"
"POINT (9.942200477000029 53.471130960000039)","Unfall 9042 (2019) Kat:3, Licht: 0","9042","3","6","2","12","14","3","0","0","0","1","0","0"
"POINT (9.917080121000026 53.610125637000067)","Unfall 9043 (2019) Kat:3, Licht: 0","9043","3","6","2","05","11","6","0","0","0","1","0","0"
"POINT (9.898951152000052 53.562425967000081)","Unfall 9045 (2019) Kat:3, Licht: 0","9045","3","6","2","08","17","4","0","0","0","1","0","0"
"POINT (10.019187535000071 53.583324879000031)","Unfall 9046 (2019) Kat:3, Licht: 0","9046","3","6","2","11","15","7","1","0","0","1","0","0"
"POINT (9.753271514000062 53.583426941000027)","Unfall 9047 (2019) Kat:3, Licht: 0","9047","3","6","1","05","17","6","0","0","0","1","0","0"
"POINT (9.898444663000021 53.562037772000053)","Unfall 9049 (2019) Kat:3, Licht: 0","9049","3","6","2","08","14","4","0","0","0","1","0","0"
"POINT (9.958345471000030 53.647587433000069)","Unfall 9050 (2019) Kat:3, Licht: 0","9050","3","2","4","12","12","2","0","0","0","1","0","0"
"POINT (9.933164801000032 53.533261353000057)","Unfall 9051 (2019) Kat:3, Licht: 0","9051","3","6","2","05","17","6","0","0","0","1","0","0"
"POINT (10.026889908000044 53.555585549000057)","Unfall 9053 (2019) Kat:3, Licht: 0","9053","3","6","1","11","12","6","0","0","0","1","0","0"
"POINT (10.149089716000049 53.549274132000050)","Unfall 9054 (2019) Kat:3, Licht: 0","9054","3","6","2","10","11","5","0","0","0","1","0","0"
"POINT (9.944908295000062 53.563056667000069)","Unfall 9055 (2019) Kat:3, Licht: 0","9055","3","6","3","05","18","6","0","0","1","0","0","0"
"POINT (9.944140502000039 53.569449212000052)","Unfall 9057 (2019) Kat:3, Licht: 0","9057","3","6","2","08","18","4","0","0","0","1","0","0"
"POINT (9.959343844000046 53.574490491000063)","Unfall 9058 (2019) Kat:3, Licht: 0","9058","3","7","0","05","08","5","0","0","1","1","0","0"
"POINT (9.916295533000039 53.611334428000077)","Unfall 9059 (2019) Kat:3, Licht: 2","9059","3","6","3","12","21","3","0","2","0","1","0","0"
"POINT (9.965015587000039 53.580961369000079)","Unfall 9060 (2019) Kat:3, Licht: 2","9060","3","7","0","10","06","2","1","2","0","1","0","0"
"POINT (10.039286387000061 53.503387318000080)","Unfall 9061 (2019) Kat:3, Licht: 0","9061","3","6","2","05","15","4","0","0","0","1","0","0"
"POINT (10.000994455000068 53.547589170000037)","Unfall 9063 (2019) Kat:3, Licht: 2","9063","3","6","3","08","23","4","1","2","0","1","0","0"
"POINT (10.089406835000034 53.508356619000040)","Unfall 9064 (2019) Kat:2, Licht: 2","9064","2","6","2","11","18","4","0","2","0","0","0","0"
"POINT (10.032292137000070 53.543296281000039)","Unfall 9065 (2019) Kat:3, Licht: 0","9065","3","2","0","05","07","4","1","0","1","1","0","0"
"POINT (9.910106619000032 53.628795312000079)","Unfall 9067 (2019) Kat:3, Licht: 0","9067","3","3","5","08","15","3","0","0","0","1","0","0"
"POINT (10.027860278000048 53.455655501000081)","Unfall 9068 (2019) Kat:3, Licht: 2","9068","3","1","3","05","22","3","1","2","0","1","0","0"
"POINT (9.983936280000023 53.594034902000033)","Unfall 9071 (2019) Kat:3, Licht: 1","9071","3","6","3","12","07","4","1","1","0","1","0","0"
"POINT (10.012400993000028 53.547952457000065)","Unfall 9072 (2019) Kat:3, Licht: 0","9072","3","6","2","10","13","6","0","0","0","1","0","0"
"POINT (9.992753549000042 53.457566034000081)","Unfall 9073 (2019) Kat:3, Licht: 0","9073","3","3","5","05","09","3","0","0","0","1","0","0"
"POINT (10.022583469000040 53.477216376000058)","Unfall 9075 (2019) Kat:2, Licht: 0","9075","2","6","3","08","14","2","0","0","0","1","0","1"
"POINT (9.928556457000070 53.470757376000051)","Unfall 9076 (2019) Kat:3, Licht: 2","9076","3","6","2","11","18","3","1","2","0","1","0","0"
"POINT (10.031829786000060 53.566396807000046)","Unfall 9078 (2019) Kat:2, Licht: 0","9078","2","3","5","08","07","2","0","0","0","1","0","0"
"POINT (10.076662552000073 53.507433379000076)","Unfall 9079 (2019) Kat:3, Licht: 1","9079","3","6","2","05","21","3","1","1","0","1","0","0"
"POINT (9.907306351000045 53.651876125000058)","Unfall 9082 (2019) Kat:3, Licht: 2","9082","3","6","4","11","22","7","1","2","0","1","0","0"
"POINT (10.008030134000023 53.547944337000047)","Unfall 9083 (2019) Kat:3, Licht: 1","9083","3","6","3","05","18","3","1","1","0","1","0","0"
"POINT (9.943440893000059 53.563257324000062)","Unfall 9085 (2019) Kat:3, Licht: 1","9085","3","5","1","08","20","2","0","1","1","1","0","0"
"POINT (9.890853617000062 53.471866324000075)","Unfall 9086 (2019) Kat:3, Licht: 0","9086","3","7","3","10","11","4","0","0","0","1","0","0"
"POINT (10.025622129000055 53.542665038000052)","Unfall 9087 (2019) Kat:3, Licht: 0","9087","3","6","1","05","09","3","0","0","0","1","0","0"
"POINT (9.926237425000068 53.593854005000082)","Unfall 9088 (2019) Kat:3, Licht: 0","9088","3","3","5","05","08","3","0","0","1","1","0","0"
"POINT (10.030337661000033 53.489431418000038)","Unfall 9090 (2019) Kat:3, Licht: 0","9090","3","6","2","08","14","1","0","0","0","1","0","0"
"POINT (9.922196171000053 53.601570411000068)","Unfall 9091 (2019) Kat:3, Licht: 0","9091","3","6","3","11","14","4","0","0","0","1","0","0"
"POINT (10.012192295000034 53.547999294000078)","Unfall 9093 (2019) Kat:3, Licht: 0","9093","3","3","5","08","07","1","0","0","0","1","0","0"
"POINT (10.231161467000049 53.476753118000033)","Unfall 9094 (2019) Kat:2, Licht: 0","9094","2","7","9","05","07","2","0","0","0","1","0","0"
"POINT (9.998321077000071 53.612175897000043)","Unfall 9097 (2019) Kat:3, Licht: 0","9097","3","3","5","12","08","2","0","0","1","1","0","0"
"POINT (9.795816030000026 53.580453783000053)","Unfall 9098 (2019) Kat:3, Licht: 0","9098","3","6","2","05","11","2","0","0","0","1","0","0"
"POINT (9.945109372000047 53.563470165000069)","Unfall 9100 (2019) Kat:3, Licht: 0","9100","3","6","2","08","17","1","0","0","0","1","0","0"
"POINT (10.019092275000048 53.577320758000042)","Unfall 9101 (2019) Kat:2, Licht: 2","9101","2","2","5","11","17","6","1","2","0","0","0","0"
"POINT (9.952904816000057 53.561755181000080)","Unfall 9102 (2019) Kat:3, Licht: 0","9102","3","6","3","05","20","2","0","0","0","0","0","0"
"POINT (10.049696346000076 53.552045156000077)","Unfall 9104 (2019) Kat:3, Licht: 0","9104","3","6","2","08","19","7","0","0","0","1","0","0"
"POINT (9.966889188000039 53.582631231000050)","Unfall 9105 (2019) Kat:3, Licht: 2","9105","3","3","5","12","16","5","1","2","0","1","0","0"
"POINT (9.921765132000076 53.469271647000028)","Unfall 9106 (2019) Kat:3, Licht: 0","9106","3","6","3","10","17","3","1","0","0","1","0","0"
"POINT (9.985157849000075 53.462484931000063)","Unfall 9107 (2019) Kat:3, Licht: 0","9107","3","2","2","10","11","2","1","0","0","1","0","0"
"POINT (10.113806177000072 53.533645588000070)","Unfall 9108 (2019) Kat:3, Licht: 0","9108","3","6","2","05","12","7","0","0","0","1","0","1"
"POINT (10.025605288000065 53.571495550000066)","Unfall 9110 (2019) Kat:3, Licht: 0","9110","3","7","3","08","15","7","1","0","0","1","0","0"
"POINT (9.958838028000059 53.573716391000062)","Unfall 9111 (2019) Kat:3, Licht: 0","9111","3","6","2","11","08","5","1","0","0","1","0","0"
"POINT (9.969744612000056 53.450650925000048)","Unfall 9112 (2019) Kat:3, Licht: 2","9112","3","4","6","10","19","4","1","2","0","1","1","0"
"POINT (9.916677871000047 53.589927705000036)","Unfall 9113 (2019) Kat:3, Licht: 0","9113","3","6","2","05","15","7","0","0","0","1","0","0"
"POINT (9.964436302000024 53.580485375000080)","Unfall 9115 (2019) Kat:3, Licht: 0","9115","3","2","6","08","17","7","0","0","0","1","1","0"
"POINT (9.921663287000058 53.563908316000038)","Unfall 9116 (2019) Kat:3, Licht: 2","9116","3","2","3","05","22","7","0","2","1","1","0","0"
"POINT (9.986995976000060 53.547655377000069)","Unfall 9117 (2019) Kat:3, Licht: 1","9117","3","6","2","08","20","7","1","1","0","1","0","0"
"POINT (9.946540616000050 53.619169921000037)","Unfall 9118 (2019) Kat:2, Licht: 2","9118","2","1","8","12","22","1","1","2","0","1","0","0"
"POINT (10.026062519000050 53.554343998000036)","Unfall 9119 (2019) Kat:3, Licht: 2","9119","3","1","9","10","03","7","0","2","0","1","0","0"
"POINT (9.912613717000056 53.508441499000071)","Unfall 9120 (2019) Kat:3, Licht: 1","9120","3","6","2","05","05","6","1","1","0","1","0","0"
"POINT (10.202704046000065 53.490992048000066)","Unfall 9122 (2019) Kat:3, Licht: 0","9122","3","2","4","08","13","6","0","0","0","1","0","0"
"POINT (9.946630226000025 53.619092191000050)","Unfall 9123 (2019) Kat:3, Licht: 2","9123","3","6","0","11","06","3","0","2","0","1","0","0"
"POINT (10.028043394000065 53.486689399000056)","Unfall 9124 (2019) Kat:3, Licht: 0","9124","3","6","2","05","16","6","0","0","0","1","0","0"
"POINT (10.119352545000027 53.531179425000062)","Unfall 9126 (2019) Kat:3, Licht: 2","9126","3","7","8","08","04","6","0","2","0","1","0","0"
"POINT (10.120138648000022 53.566461930000060)","Unfall 9127 (2019) Kat:3, Licht: 0","9127","3","6","2","05","15","6","0","0","0","1","0","0"
"POINT (10.128378555000040 53.567100883000080)","Unfall 9130 (2019) Kat:3, Licht: 2","9130","3","6","2","12","16","2","1","2","0","1","0","0"
"POINT (9.933564069000056 53.470932664000031)","Unfall 9131 (2019) Kat:3, Licht: 2","9131","3","6","3","10","17","5","1","2","0","1","0","0"
"POINT (9.998603188000061 53.594459897000036)","Unfall 9132 (2019) Kat:3, Licht: 2","9132","3","2","4","05","23","6","0","2","1","1","0","0"
"POINT (9.855839408000065 53.571994532000076)","Unfall 9134 (2019) Kat:3, Licht: 1","9134","3","6","2","08","19","6","1","1","0","1","0","0"
"POINT (10.069986550000067 53.549506920000056)","Unfall 9135 (2019) Kat:3, Licht: 0","9135","3","6","3","10","16","3","1","0","0","1","0","1"
"POINT (9.964130041000033 53.580066027000044)","Unfall 9136 (2019) Kat:3, Licht: 0","9136","3","6","2","11","15","3","1","0","0","0","0","1"
"POINT (9.986220048000064 53.547779184000035)","Unfall 9138 (2019) Kat:3, Licht: 2","9138","3","2","2","08","21","6","1","2","0","1","0","0"
"POINT (9.879791984000065 53.472026747000029)","Unfall 9139 (2019) Kat:3, Licht: 0","9139","3","6","2","05","16","5","1","0","0","1","0","0"
"POINT (9.931575142000042 53.535776143000078)","Unfall 9142 (2019) Kat:3, Licht: 2","9142","3","6","3","11","05","6","1","2","0","1","0","0"
"POINT (10.138720417000059 53.525348826000027)","Unfall 9143 (2019) Kat:2, Licht: 2","9143","2","6","3","05","22","5","1","2","0","1","0","1"
"POINT (10.025847409000050 53.462639421000063)","Unfall 9145 (2019) Kat:3, Licht: 0","9145","3","6","2","08","09","5","0","0","0","1","0","0"
"POINT (9.907569529000057 53.618025036000063)","Unfall 9146 (2019) Kat:3, Licht: 2","9146","3","2","6","05","22","5","1","2","0","1","1","0"
"POINT (10.135818874000051 53.483854457000064)","Unfall 9148 (2019) Kat:3, Licht: 2","9148","3","6","3","08","00","5","0","2","0","1","0","0"
"POINT (9.826686430000052 53.470985897000048)","Unfall 9149 (2019) Kat:3, Licht: 2","9149","3","2","6","12","19","6","1","2","0","1","1","0"
"POINT (10.009565355000063 53.635103451000077)","Unfall 9150 (2019) Kat:3, Licht: 0","9150","3","1","8","10","11","7","0","0","0","1","0","0"
"POINT (9.956042681000042 53.570401276000041)","Unfall 9151 (2019) Kat:3, Licht: 2","9151","3","3","5","05","22","5","1","2","0","1","0","0"
"POINT (10.025965609000025 53.571186139000076)","Unfall 9153 (2019) Kat:3, Licht: 0","9153","3","2","3","08","17","5","1","0","1","1","0","0"
"POINT (9.925163480000038 53.637075342000060)","Unfall 9154 (2019) Kat:3, Licht: 0","9154","3","3","5","11","13","2","1","0","0","1","0","0"
"POINT (9.948003717000063 53.649515344000065)","Unfall 9155 (2019) Kat:3, Licht: 0","9155","3","6","2","05","06","4","0","0","0","1","0","0"
"POINT (9.928696733000038 53.592200432000027)","Unfall 9157 (2019) Kat:3, Licht: 1","9157","3","3","5","08","18","5","0","1","0","1","0","0"
"POINT (9.910111265000069 53.628815901000053)","Unfall 9158 (2019) Kat:3, Licht: 0","9158","3","3","5","05","06","4","0","0","1","1","0","0"
"POINT (9.936142059000076 53.470977127000026)","Unfall 9160 (2019) Kat:3, Licht: 2","9160","3","6","1","12","17","5","1","2","0","1","0","0"
"POINT (9.932228856000052 53.586944132000042)","Unfall 9161 (2019) Kat:3, Licht: 0","9161","3","3","5","10","16","5","1","0","0","1","0","0"
"POINT (10.025554656000054 53.552806671000042)","Unfall 9162 (2019) Kat:2, Licht: 0","9162","2","3","6","05","08","3","0","0","1","0","1","0"
"POINT (9.915763154000047 53.583790540000052)","Unfall 9164 (2019) Kat:3, Licht: 0","9164","3","6","2","08","15","5","0","0","0","1","0","0"
"POINT (9.923431837000067 53.633319134000033)","Unfall 9166 (2019) Kat:3, Licht: 0","9166","3","6","2","08","13","5","0","0","0","1","0","0"
"POINT (9.988440130000072 53.547405179000066)","Unfall 9167 (2019) Kat:3, Licht: 2","9167","3","1","8","12","22","3","1","2","0","1","0","0"
"POINT (9.935480982000058 53.579461881000043)","Unfall 9168 (2019) Kat:3, Licht: 0","9168","3","3","5","10","07","3","1","0","1","1","0","0"
"POINT (10.068192308000050 53.509061395000060)","Unfall 9169 (2019) Kat:2, Licht: 1","9169","2","6","2","10","18","1","0","1","0","1","0","0"
"POINT (9.919859450000047 53.604932109000060)","Unfall 9170 (2019) Kat:3, Licht: 0","9170","3","6","3","05","18","3","0","0","0","1","0","0"
"POINT (10.148321592000059 53.547211920000052)","Unfall 9172 (2019) Kat:3, Licht: 0","9172","3","6","3","08","15","4","0","0","0","1","0","0"
"POINT (9.908553613000038 53.621773590000032)","Unfall 9173 (2019) Kat:3, Licht: 0","9173","3","7","6","11","12","3","0","0","0","0","1","0"
"POINT (9.938706177000029 53.563645932000043)","Unfall 9174 (2019) Kat:3, Licht: 0","9174","3","3","5","05","09","3","0","0","1","1","0","0"
"POINT (10.038022918000024 53.560432636000030)","Unfall 9176 (2019) Kat:3, Licht: 0","9176","3","7","0","08","06","4","0","0","0","0","0","0"
"POINT (9.954045114000053 53.427954469000042)","Unfall 9177 (2019) Kat:3, Licht: 0","9177","3","6","2","05","06","2","0","0","0","1","0","0"
"POINT (9.949745979000056 53.470795912000028)","Unfall 9178 (2019) Kat:3, Licht: 2","9178","3","1","0","12","07","6","2","2","1","0","0","0"
"POINT (9.968484846000024 53.586380786000063)","Unfall 9179 (2019) Kat:3, Licht: 0","9179","3","6","2","10","08","6","1","0","0","1","0","0"
"POINT (9.919647532000056 53.442452961000072)","Unfall 9180 (2019) Kat:3, Licht: 0","9180","3","3","5","05","10","2","0","0","0","1","0","0"
"POINT (10.032042974000035 53.538807034000058)","Unfall 9182 (2019) Kat:3, Licht: 0","9182","3","6","2","08","18","4","0","0","0","1","0","0"
"POINT (9.915556583000068 53.612582830000065)","Unfall 9183 (2019) Kat:3, Licht: 1","9183","3","6","2","11","16","2","0","1","0","1","0","0"
"POINT (10.115051460000075 53.533120351000036)","Unfall 9184 (2019) Kat:3, Licht: 0","9184","3","1","8","05","13","2","0","0","0","1","0","0"
"POINT (10.018910726000058 53.584262429000034)","Unfall 9186 (2019) Kat:3, Licht: 0","9186","3","7","3","08","11","4","0","0","0","1","0","1"
"POINT (10.057484365000050 53.551117415000078)","Unfall 9187 (2019) Kat:3, Licht: 0","9187","3","2","3","05","18","2","0","0","1","1","0","0"
"POINT (9.964275015000055 53.580266778000066)","Unfall 9190 (2019) Kat:3, Licht: 2","9190","3","7","0","12","22","7","1","2","1","0","0","0"
"POINT (10.084634660000063 53.562835525000082)","Unfall 9191 (2019) Kat:3, Licht: 0","9191","3","6","3","10","08","2","0","0","0","1","0","0"
"POINT (9.837645483000074 53.573732913000072)","Unfall 9192 (2019) Kat:3, Licht: 0","9192","3","6","2","05","11","2","0","0","0","1","0","0"
"POINT (10.032552417000034 53.562273355000059)","Unfall 9194 (2019) Kat:3, Licht: 0","9194","3","2","3","08","16","4","0","0","1","1","0","0"
"POINT (9.952898647000041 53.613079927000058)","Unfall 9195 (2019) Kat:3, Licht: 2","9195","3","3","5","10","19","3","0","2","1","1","0","0"
"POINT (10.040644907000058 53.554868738000039)","Unfall 9196 (2019) Kat:3, Licht: 0","9196","3","7","3","11","11","2","1","0","0","1","0","0"
"POINT (10.031817860000046 53.566407001000073)","Unfall 9198 (2019) Kat:3, Licht: 0","9198","3","3","5","08","16","4","0","0","0","1","0","0"
"POINT (9.942364448000035 53.648677693000081)","Unfall 9199 (2019) Kat:3, Licht: 0","9199","3","6","3","05","13","2","0","0","0","1","0","0"
"POINT (9.898408753000069 53.561905867000064)","Unfall 9202 (2019) Kat:3, Licht: 2","9202","3","3","5","11","18","4","0","2","0","1","0","0"
"POINT (9.909015488000023 53.643388414000071)","Unfall 9203 (2019) Kat:3, Licht: 0","9203","3","2","4","05","17","2","0","0","1","1","0","0"
"POINT (9.945103373000052 53.563028726000027)","Unfall 9205 (2019) Kat:3, Licht: 0","9205","3","6","3","08","18","4","0","0","1","0","0","0"
"POINT (9.965729536000026 53.597344161000080)","Unfall 9206 (2019) Kat:3, Licht: 0","9206","3","6","2","05","12","2","0","0","0","1","0","0"
"POINT (9.950927736000040 53.562025228000039)","Unfall 9208 (2019) Kat:3, Licht: 0","9208","3","6","3","08","08","4","0","0","1","0","0","0"
"POINT (9.916164274000039 53.583277217000045)","Unfall 9209 (2019) Kat:3, Licht: 2","9209","3","6","2","12","20","6","1","2","0","1","0","0"
"POINT (9.969090227000038 53.584819889000073)","Unfall 9210 (2019) Kat:3, Licht: 0","9210","3","4","6","10","16","3","0","0","0","0","1","0"
"POINT (9.916396820000045 53.622302954000077)","Unfall 9211 (2019) Kat:3, Licht: 0","9211","3","6","2","10","15","6","0","0","0","1","0","0"
"POINT (9.974262737000061 53.549585186000058)","Unfall 9212 (2019) Kat:2, Licht: 0","9212","2","2","5","05","08","2","0","0","0","0","0","1"
"POINT (10.167272369000045 53.514342290000059)","Unfall 9214 (2019) Kat:3, Licht: 0","9214","3","6","2","08","18","3","0","0","0","1","0","0"
"POINT (9.917544092000071 53.609224803000075)","Unfall 9215 (2019) Kat:3, Licht: 0","9215","3","6","3","11","15","1","1","0","0","1","0","0"
"POINT (9.983936292000067 53.594019128000070)","Unfall 9216 (2019) Kat:3, Licht: 0","9216","3","6","2","05","12","1","0","0","0","1","0","0"
"POINT (10.028306083000075 53.548020658000041)","Unfall 9218 (2019) Kat:3, Licht: 0","9218","3","6","2","08","19","3","0","0","0","1","0","0"
"POINT (9.965903145000027 53.553073078000068)","Unfall 9219 (2019) Kat:3, Licht: 0","9219","3","6","6","05","14","1","0","0","0","0","1","0"
"POINT (9.846553222000068 53.472809693000045)","Unfall 9221 (2019) Kat:3, Licht: 2","9221","3","3","5","12","18","4","1","2","1","1","0","0"
"POINT (9.962697200000036 53.578448747000039)","Unfall 9222 (2019) Kat:3, Licht: 0","9222","3","2","0","10","16","2","0","0","0","1","0","0"
"POINT (9.852605359000052 53.472582719000059)","Unfall 9223 (2019) Kat:3, Licht: 0","9223","3","6","3","05","12","7","0","0","0","1","0","0"
"POINT (9.964089977000072 53.557088045000057)","Unfall 9225 (2019) Kat:3, Licht: 0","9225","3","2","1","08","17","3","0","0","0","1","0","0"
"POINT (9.970440555000039 53.584339675000081)","Unfall 9226 (2019) Kat:3, Licht: 0","9226","3","4","0","10","08","3","1","0","0","1","1","0"
"POINT (10.038824321000050 53.559364705000064)","Unfall 9227 (2019) Kat:3, Licht: 0","9227","3","2","4","11","08","7","1","0","0","1","0","0"
"POINT (9.909228039000027 53.624811999000030)","Unfall 9228 (2019) Kat:3, Licht: 0","9228","3","3","5","05","13","7","0","0","1","1","0","0"
"POINT (9.984674120000022 53.548118459000079)","Unfall 9230 (2019) Kat:3, Licht: 0","9230","3","6","2","08","09","3","0","0","0","1","0","0"
"POINT (9.944753868000021 53.563078784000027)","Unfall 9231 (2019) Kat:3, Licht: 0","9231","3","5","1","05","18","7","0","0","0","1","0","0"
"POINT (10.032135780000033 53.540526254000042)","Unfall 9234 (2019) Kat:3, Licht: 1","9234","3","3","5","12","07","5","0","1","1","1","0","0"
"POINT (9.856110288000025 53.472028670000043)","Unfall 9235 (2019) Kat:3, Licht: 0","9235","3","3","5","05","14","6","1","0","0","1","0","0"
"POINT (9.993027442000027 53.457547563000048)","Unfall 9237 (2019) Kat:3, Licht: 1","9237","3","2","4","08","04","2","0","1","0","1","0","0"
"POINT (10.105201384000054 53.537002894000068)","Unfall 9238 (2019) Kat:3, Licht: 2","9238","3","6","2","09","18","2","1","2","0","1","0","0"
"POINT (9.840139576000070 53.472298230000035)","Unfall 9239 (2019) Kat:3, Licht: 0","9239","3","6","2","11","14","7","1","0","0","1","0","0"
"POINT (10.217982082000049 53.487071367000055)","Unfall 9241 (2019) Kat:3, Licht: 0","9241","3","2","3","08","18","2","0","0","1","0","0","0"
"POINT (10.149874711000052 53.551245300000062)","Unfall 9242 (2019) Kat:3, Licht: 2","9242","3","6","2","09","06","2","1","2","0","1","0","0"
"POINT (10.134334759000069 53.528444941000032)","Unfall 9243 (2019) Kat:3, Licht: 0","9243","3","6","2","09","11","2","1","0","0","0","0","0"
"POINT (10.010188055000071 53.547953864000078)","Unfall 9244 (2019) Kat:3, Licht: 0","9244","3","3","5","11","10","1","0","0","0","1","0","0"
"POINT (9.794002585000044 53.580579114000045)","Unfall 9245 (2019) Kat:3, Licht: 2","9245","3","1","8","05","00","6","0","2","0","1","0","0"
"POINT (10.149551610000060 53.550458865000053)","Unfall 9247 (2019) Kat:3, Licht: 0","9247","3","6","2","08","06","2","0","0","0","1","0","0"
"POINT (10.047519177000027 53.552305815000068)","Unfall 9248 (2019) Kat:3, Licht: 0","9248","3","7","0","05","14","5","0","0","0","0","0","0"
"POINT (10.150114157000075 53.551797528000066)","Unfall 9251 (2019) Kat:3, Licht: 0","9251","3","6","3","08","12","2","0","0","0","1","0","0"
"POINT (10.048724859000060 53.552165307000053)","Unfall 9252 (2019) Kat:3, Licht: 2","9252","3","2","6","12","16","6","1","2","0","1","1","0"
"POINT (10.038826791000076 53.559360477000041)","Unfall 9253 (2019) Kat:2, Licht: 0","9253","2","3","5","05","06","5","1","0","0","1","0","0"
"POINT (9.846788245000028 53.572872636000056)","Unfall 9255 (2019) Kat:2, Licht: 0","9255","2","2","4","08","17","2","0","0","1","1","0","0"
"POINT (10.025585299000056 53.552107720000038)","Unfall 9256 (2019) Kat:3, Licht: 0","9256","3","6","3","09","10","2","1","0","0","1","0","0"
"POINT (9.966157142000043 53.596122468000033)","Unfall 9257 (2019) Kat:3, Licht: 2","9257","3","7","5","11","19","2","0","2","1","1","0","0"
"POINT (10.204721459000041 53.488274984000043)","Unfall 9259 (2019) Kat:3, Licht: 0","9259","3","4","0","08","16","1","0","0","0","0","1","0"
"POINT (9.928745444000072 53.592372528000055)","Unfall 9260 (2019) Kat:3, Licht: 0","9260","3","7","5","09","10","2","1","0","0","1","0","0"
"POINT (10.019407351000041 53.576846453000030)","Unfall 9261 (2019) Kat:2, Licht: 0","9261","2","1","4","05","06","5","1","0","0","1","0","0"
"POINT (10.252141506000044 53.472221001000037)","Unfall 9264 (2019) Kat:2, Licht: 2","9264","2","6","2","11","19","3","0","2","0","1","0","0"
"POINT (10.029780209000023 53.516418211000030)","Unfall 9265 (2019) Kat:3, Licht: 2","9265","3","1","8","10","22","4","1","2","0","1","0","0"
"POINT (9.907527834000064 53.617864688000054)","Unfall 9266 (2019) Kat:2, Licht: 0","9266","2","2","4","05","12","5","0","0","0","0","0","0"
"POINT (10.096832239000037 53.509773229000075)","Unfall 9268 (2019) Kat:3, Licht: 0","9268","3","6","3","08","11","1","0","0","0","1","0","0"
"POINT (9.854594980000059 53.572041498000033)","Unfall 9269 (2019) Kat:2, Licht: 2","9269","2","1","9","05","22","5","0","2","0","1","0","0"
"POINT (10.143706514000030 53.565075126000067)","Unfall 9271 (2019) Kat:3, Licht: 2","9271","3","6","2","08","01","1","0","2","0","1","0","0"
"POINT (9.917896449000068 53.515644507000047)","Unfall 9272 (2019) Kat:3, Licht: 2","9272","3","6","2","12","18","4","0","2","0","1","0","0"
"POINT (9.922491015000048 53.594472258000053)","Unfall 9273 (2019) Kat:3, Licht: 0","9273","3","6","2","09","16","2","1","0","0","1","0","0"
"POINT (9.997375848000047 53.547552533000044)","Unfall 9274 (2019) Kat:3, Licht: 0","9274","3","6","2","10","13","4","0","0","0","1","0","0"
"POINT (9.923223202000031 53.467354160000070)","Unfall 9275 (2019) Kat:3, Licht: 0","9275","3","7","9","05","16","4","0","0","0","1","0","0"
"POINT (10.012231751000058 53.547992191000048)","Unfall 9277 (2019) Kat:3, Licht: 2","9277","3","3","5","08","01","1","0","2","0","1","0","0"
"POINT (10.019286968000074 53.582961213000033)","Unfall 9278 (2019) Kat:3, Licht: 2","9278","3","3","5","11","18","6","0","2","1","1","0","0"
"POINT (10.138636319000057 53.525377628000058)","Unfall 9280 (2019) Kat:3, Licht: 0","9280","3","6","2","05","07","3","0","0","0","1","0","0"
"POINT (9.930877147000047 53.536014407000039)","Unfall 9282 (2019) Kat:3, Licht: 0","9282","3","1","9","08","06","1","0","0","0","1","0","0"
"POINT (10.009643275000030 53.590840238000055)","Unfall 9283 (2019) Kat:3, Licht: 0","9283","3","2","4","05","19","3","0","0","1","1","0","0"
"POINT (10.091514809000046 53.541861361000031)","Unfall 9285 (2019) Kat:3, Licht: 0","9285","3","6","2","12","08","4","1","0","0","1","0","0"
"POINT (10.147174142000040 53.543763755000043)","Unfall 9286 (2019) Kat:3, Licht: 0","9286","3","7","9","10","09","1","0","0","0","1","0","0"
"POINT (9.914687177000076 53.513911111000027)","Unfall 9287 (2019) Kat:2, Licht: 0","9287","2","1","0","05","16","3","0","0","0","0","0","1"
"POINT (9.966047726000056 53.552951609000047)","Unfall 9289 (2019) Kat:3, Licht: 2","9289","3","7","3","08","01","1","0","2","0","1","0","0"
"POINT (9.944450761000041 53.648902886000030)","Unfall 9290 (2019) Kat:3, Licht: 0","9290","3","6","2","11","07","5","1","0","0","1","0","0"
"POINT (9.953169156000058 53.444391483000061)","Unfall 9292 (2019) Kat:3, Licht: 0","9292","3","6","2","08","10","7","0","0","0","1","0","0"
"POINT (9.936256426000057 53.647440655000082)","Unfall 9293 (2019) Kat:3, Licht: 0","9293","3","6","2","05","11","3","0","0","0","1","0","0"
"POINT (10.065809133000073 53.509242061000066)","Unfall 9296 (2019) Kat:3, Licht: 2","9296","3","6","3","12","06","3","1","2","0","1","0","0"