WKT,Name,OBJECTID,UKATEGORIE,UTYP1,UART,UMONAT,USTUNDE,UWOCHENTAG,STRZUSTAND,ULICHTVERH,ISTRAD,ISTPKW,ISTFUSS,ISTKRAD
"POINT (9.950235329000066 53.617643968000039)","Unfall 9297 (2019) Kat:3, Licht: 0","9297","3","6","2","05","05","3","1","0","0","1","0","0"
"POINT (10.024433325000075 53.530335455000056)","Unfall 9299 (2019) Kat:3, Licht: 0","9299","3","6","1","08","16","6","0","0","0","1","0","0"
"POINT (10.022942084000022 53.473862572000030)","Unfall 9300 (2019) Kat:3, Licht: 2","9300","3","1","9","11","06","6","2","2","0","1","0","0"
"POINT (9.954645197000048 53.570733841000049)","Unfall 9301 (2019) Kat:3, Licht: 0","9301","3","2","3","05","13","3","0","0","1","1","0","0"
"POINT (10.210889105000035 53.487273937000055)","Unfall 9303 (2019) Kat:3, Licht: 2","9303","3","6","2","08","23","6","0","2","0","1","0","0"
"POINT (9.911427262000075 53.635981797000056)","Unfall 9304 (2019) Kat:3, Licht: 2","9304","3","4","6","12","17","1","0","2","0","1","1","0"
"POINT (9.923847042000034 53.634526220000055)","Unfall 9305 (2019) Kat:3, Licht: 0","9305","3","6","2","10","11","4","0","0","0","0","0","0"
"POINT (9.968609356000059 53.586030644000061)","Unfall 9306 (2019) Kat:3, Licht: 0","9306","3","2","0","05","18","3","0","0","1","1","0","0"
"POINT (9.945471641000040 53.471044637000034)","Unfall 9308 (2019) Kat:2, Licht: 2","9308","2","4","6","11","19","5","1","2","0","1","1","0"
"POINT (9.907519875000048 53.617834080000080)","Unfall 9309 (2019) Kat:2, Licht: 0","9309","2","3","5","10","16","4","1","0","0","1","0","0"
"POINT (9.895929456000033 53.471665679000068)","Unfall 9310 (2019) Kat:3, Licht: 0","9310","3","6","2","05","08","2","0","0","0","1","0","0"
"POINT (10.032297426000071 53.539154258000053)","Unfall 9312 (2019) Kat:3, Licht: 0","9312","3","6","2","08","18","6","0","0","0","1","0","0"
"POINT (9.998177272000021 53.458862447000058)","Unfall 9313 (2019) Kat:3, Licht: 0","9313","3","6","3","05","16","2","1","0","0","1","0","0"
"POINT (10.202646396000034 53.491031863000046)","Unfall 9314 (2019) Kat:3, Licht: 0","9314","3","2","4","12","09","2","0","0","1","1","0","0"
"POINT (9.963121799000021 53.469438826000044)","Unfall 9315 (2019) Kat:3, Licht: 2","9315","3","3","6","10","19","1","0","2","0","0","1","0"
"POINT (10.030737819000024 53.545289552000042)","Unfall 9316 (2019) Kat:3, Licht: 0","9316","3","6","3","05","08","2","0","0","0","0","0","0"
"POINT (10.032078921000050 53.543209137000076)","Unfall 9318 (2019) Kat:3, Licht: 0","9318","3","3","5","08","15","6","0","0","1","1","0","0"
"POINT (10.128471717000025 53.528456853000080)","Unfall 9319 (2019) Kat:3, Licht: 2","9319","3","1","9","11","05","4","0","2","0","1","0","0"
"POINT (9.921863624000025 53.601731680000057)","Unfall 9320 (2019) Kat:3, Licht: 0","9320","3","6","3","05","09","2","0","0","0","1","0","0"
"POINT (9.898580354000046 53.560412901000063)","Unfall 9323 (2019) Kat:3, Licht: 1","9323","3","3","5","11","17","2","0","1","0","1","0","0"
"POINT (9.934433284000022 53.580975086000080)","Unfall 9324 (2019) Kat:3, Licht: 0","9324","3","6","2","10","11","4","0","0","0","1","0","1"
"POINT (9.909775882000076 53.627295915000047)","Unfall 9325 (2019) Kat:3, Licht: 0","9325","3","2","5","05","17","2","0","0","0","1","0","0"
"POINT (10.021658535000029 53.574836243000050)","Unfall 9327 (2019) Kat:3, Licht: 0","9327","3","6","0","08","16","6","0","0","0","1","0","0"
"POINT (9.941436794000026 53.563565820000065)","Unfall 9328 (2019) Kat:2, Licht: 0","9328","2","3","5","05","09","2","1","0","1","1","0","0"
"POINT (10.032988810000063 53.562733811000044)","Unfall 9330 (2019) Kat:3, Licht: 0","9330","3","6","3","08","19","6","0","0","0","1","0","1"
"POINT (9.988237313000070 53.458323555000050)","Unfall 9331 (2019) Kat:3, Licht: 2","9331","3","6","4","12","16","3","0","2","1","0","0","0"
"POINT (9.985550010000054 53.547912812000050)","Unfall 9332 (2019) Kat:3, Licht: 0","9332","3","6","2","10","15","3","0","0","0","1","0","0"
"POINT (10.008827120000035 53.547926836000045)","Unfall 9333 (2019) Kat:3, Licht: 0","9333","3","1","8","05","18","1","0","0","0","1","0","0"
"POINT (9.937309224000046 53.647731242000077)","Unfall 9335 (2019) Kat:3, Licht: 0","9335","3","6","2","08","14","6","1","0","0","1","0","0"
"POINT (10.221282088000066 53.487642417000075)","Unfall 9336 (2019) Kat:2, Licht: 1","9336","2","3","5","11","17","5","0","1","0","1","0","1"
"POINT (9.944565951000072 53.565219745000036)","Unfall 9337 (2019) Kat:3, Licht: 2","9337","3","2","4","05","22","1","0","2","0","1","0","0"
"POINT (10.022247171000060 53.517330975000050)","Unfall 9339 (2019) Kat:2, Licht: 0","9339","2","6","3","07","16","4","0","0","0","1","0","0"
"POINT (9.912662568000030 53.508611472000041)","Unfall 9340 (2019) Kat:3, Licht: 0","9340","3","6","2","05","13","7","1","0","0","1","0","0"
"POINT (9.912736346000031 53.565330450000033)","Unfall 9343 (2019) Kat:3, Licht: 2","9343","3","6","2","12","17","4","1","2","0","1","0","0"
"POINT (10.120441788000051 53.485680747000060)","Unfall 9344 (2019) Kat:3, Licht: 2","9344","3","7","0","10","19","7","1","2","0","1","0","0"
"POINT (9.954632381000067 53.470513322000045)","Unfall 9345 (2019) Kat:3, Licht: 0","9345","3","7","1","05","19","7","0","0","0","1","0","0"
"POINT (10.079327117000048 53.508551501000056)","Unfall 9347 (2019) Kat:3, Licht: 1","9347","3","1","8","07","06","4","1","1","0","1","0","0"
"POINT (9.937740100000042 53.576796251000076)","Unfall 9348 (2019) Kat:3, Licht: 0","9348","3","2","0","11","13","4","1","0","1","1","0","0"
"POINT (10.207198007000045 53.488229962000048)","Unfall 9350 (2019) Kat:2, Licht: 0","9350","2","4","6","07","17","4","0","0","1","0","1","0"
"POINT (10.027209657000071 53.556108469000037)","Unfall 9351 (2019) Kat:3, Licht: 2","9351","3","2","4","05","01","7","0","2","0","1","0","0"
"POINT (9.924588024000059 53.594774806000032)","Unfall 9354 (2019) Kat:3, Licht: 2","9354","3","6","3","12","19","1","1","2","0","1","0","0"
"POINT (9.984698465000065 53.601455553000051)","Unfall 9355 (2019) Kat:3, Licht: 0","9355","3","7","0","05","15","7","0","0","0","0","0","1"
"POINT (9.912240310000072 53.565476905000082)","Unfall 9357 (2019) Kat:3, Licht: 0","9357","3","6","2","07","08","4","1","0","0","1","0","0"
"POINT (10.025635472000033 53.551819743000067)","Unfall 9358 (2019) Kat:3, Licht: 2","9358","3","2","4","10","22","5","0","2","0","1","0","0"
"POINT (9.941438026000071 53.439551629000050)","Unfall 9359 (2019) Kat:2, Licht: 1","9359","2","4","6","05","18","6","0","1","0","1","1","0"
"POINT (10.031646781000063 53.539521748000027)","Unfall 9361 (2019) Kat:2, Licht: 0","9361","2","2","5","07","18","3","0","0","0","1","0","1"
"POINT (10.046143071000074 53.552466007000078)","Unfall 9362 (2019) Kat:3, Licht: 2","9362","3","1","8","12","04","4","1","2","0","1","0","0"
"POINT (9.908873122000045 53.565752108000027)","Unfall 9363 (2019) Kat:3, Licht: 0","9363","3","7","4","09","16","2","1","0","0","1","0","0"
"POINT (10.031355767000036 53.540617257000065)","Unfall 9364 (2019) Kat:3, Licht: 0","9364","3","6","2","10","09","2","0","0","0","1","0","0"
"POINT (10.031759320000049 53.566457040000046)","Unfall 9365 (2019) Kat:3, Licht: 0","9365","3","6","3","05","09","6","0","0","0","0","0","0"
"POINT (10.027010822000022 53.570300763000034)","Unfall 9367 (2019) Kat:3, Licht: 0","9367","3","6","3","07","19","3","0","0","0","1","0","0"
"POINT (9.928265305000025 53.592470616000071)","Unfall 9368 (2019) Kat:3, Licht: 2","9368","3","3","5","11","17","3","1","2","1","0","0","0"
"POINT (9.922368554000059 53.600626294000051)","Unfall 9369 (2019) Kat:3, Licht: 0","9369","3","6","2","05","14","6","0","0","0","1","0","0"
"POINT (9.912061108000046 53.565526387000034)","Unfall 9371 (2019) Kat:3, Licht: 0","9371","3","7","3","07","17","3","0","0","0","1","0","0"
"POINT (9.907559950000064 53.617988199000081)","Unfall 9372 (2019) Kat:3, Licht: 2","9372","3","2","3","05","21","6","0","2","1","1","0","0"
"POINT (9.995851798000047 53.593922181000039)","Unfall 9373 (2019) Kat:2, Licht: 2","9373","2","2","6","12","00","7","1","2","0","1","1","0"
"POINT (9.928353360000074 53.592408165000052)","Unfall 9374 (2019) Kat:3, Licht: 2","9374","3","6","2","10","19","6","0","2","0","1","0","0"
"POINT (9.963588133000030 53.558185624000032)","Unfall 9375 (2019) Kat:3, Licht: 0","9375","3","3","0","05","11","6","0","0","1","0","0","0"
"POINT (9.962475640000037 53.558794953000074)","Unfall 9377 (2019) Kat:3, Licht: 0","9377","3","6","3","07","12","3","0","0","0","1","0","0"
"POINT (9.959531991000063 53.574832931000060)","Unfall 9378 (2019) Kat:3, Licht: 2","9378","3","7","0","11","17","3","0","2","0","0","0","0"
"POINT (9.919142820000047 53.443877713000063)","Unfall 9379 (2019) Kat:3, Licht: 2","9379","3","6","3","05","06","5","0","2","0","1","0","0"
"POINT (9.846518904000050 53.472808456000053)","Unfall 9381 (2019) Kat:2, Licht: 0","9381","2","3","5","07","13","2","0","0","1","1","0","0"
"POINT (9.915815242000065 53.513803215000053)","Unfall 9382 (2019) Kat:3, Licht: 0","9382","3","6","2","05","17","5","1","0","0","1","0","0"
"POINT (10.128275835000068 53.528333274000033)","Unfall 9385 (2019) Kat:3, Licht: 2","9385","3","1","9","12","04","1","1","2","0","1","0","0"
"POINT (9.924340358000052 53.636476257000027)","Unfall 9386 (2019) Kat:3, Licht: 0","9386","3","1","8","10","11","4","0","0","0","1","0","0"
"POINT (10.135947941000040 53.529708415000073)","Unfall 9387 (2019) Kat:1, Licht: 2","9387","1","6","2","05","02","4","0","2","0","1","0","0"
"POINT (10.212132361000045 53.486819840000067)","Unfall 9389 (2019) Kat:3, Licht: 0","9389","3","6","2","07","14","2","1","0","0","1","0","0"
"POINT (9.948346822000076 53.649719066000046)","Unfall 9390 (2019) Kat:3, Licht: 0","9390","3","6","2","09","13","2","1","0","0","1","0","0"
"POINT (10.023905755000044 53.522567088000073)","Unfall 9391 (2019) Kat:3, Licht: 0","9391","3","6","2","11","12","2","0","0","0","1","0","0"
"POINT (9.965371021000067 53.598276229000078)","Unfall 9393 (2019) Kat:2, Licht: 0","9393","2","6","3","07","15","2","0","0","0","1","0","0"
"POINT (9.941470183000035 53.563563128000055)","Unfall 9394 (2019) Kat:3, Licht: 0","9394","3","3","5","05","15","4","0","0","0","1","0","0"
"POINT (10.069843110000022 53.575286765000044)","Unfall 157485 (2019) Kat:3, Licht: 0","157485","3","6","1","01","14","4","0","0","0","1","0","0"
"POINT (10.068532438000034 53.580833519000066)","Unfall 157486 (2019) Kat:3, Licht: 0","157486","3","2","4","01","16","4","0","0","0","1","0","0"
"POINT (10.104733109000051 53.626129345000038)","Unfall 157487 (2019) Kat:3, Licht: 2","157487","3","3","5","01","21","4","0","2","0","1","0","0"
"POINT (10.084200519000035 53.623274306000042)","Unfall 157488 (2019) Kat:3, Licht: 0","157488","3","6","1","01","12","4","0","0","0","1","0","0"
"POINT (10.094321515000047 53.638747095000042)","Unfall 157489 (2019) Kat:3, Licht: 0","157489","3","2","2","01","15","4","0","0","0","1","0","0"
"POINT (10.033245127000043 53.621344697000040)","Unfall 157490 (2019) Kat:3, Licht: 0","157490","3","6","2","01","13","4","0","0","0","1","0","0"
"POINT (10.015976584000043 53.660660427000039)","Unfall 157491 (2019) Kat:3, Licht: 0","157491","3","7","0","01","08","4","0","0","1","0","0","0"
"POINT (10.005999220000035 53.586015098000075)","Unfall 157492 (2019) Kat:3, Licht: 0","157492","3","2","4","01","15","4","0","0","1","1","0","0"
"POINT (10.043395511000028 53.584267051000040)","Unfall 157493 (2019) Kat:3, Licht: 0","157493","3","3","5","01","14","4","0","0","1","0","0","0"
"POINT (9.778831369000045 53.575431506000029)","Unfall 157494 (2019) Kat:3, Licht: 0","157494","3","6","2","01","09","4","0","0","0","1","0","0"
"POINT (9.922262935000049 53.554211896000027)","Unfall 157495 (2019) Kat:3, Licht: 0","157495","3","2","4","01","10","4","1","0","1","1","0","0"
"POINT (9.939034748000040 53.546401154000080)","Unfall 157496 (2019) Kat:2, Licht: 0","157496","2","3","5","01","09","4","0","0","1","1","0","0"
"POINT (9.980790365000075 53.424412415000063)","Unfall 157497 (2019) Kat:3, Licht: 2","157497","3","2","6","01","07","3","1","2","0","0","1","0"
"POINT (10.036826828000073 53.520629625000026)","Unfall 157498 (2019) Kat:2, Licht: 2","157498","2","4","6","01","07","3","1","2","0","1","1","0"
"POINT (10.122841682000058 53.538485564000041)","Unfall 157499 (2019) Kat:2, Licht: 2","157499","2","4","6","01","07","3","1","2","0","1","1","0"
"POINT (10.083208642000045 53.544312630000036)","Unfall 157500 (2019) Kat:3, Licht: 1","157500","3","6","3","01","07","3","1","1","0","1","0","0"
"POINT (10.166877689000046 53.598940603000074)","Unfall 157501 (2019) Kat:3, Licht: 1","157501","3","7","0","01","08","3","0","1","1","0","0","0"
"POINT (10.156284357000061 53.602964223000072)","Unfall 157502 (2019) Kat:3, Licht: 0","157502","3","3","5","01","14","3","1","0","1","1","0","0"
"POINT (10.098534497000060 53.588913363000074)","Unfall 157503 (2019) Kat:3, Licht: 2","157503","3","4","6","01","07","3","1","2","0","1","1","0"
"POINT (10.040563768000027 53.603368243000034)","Unfall 157504 (2019) Kat:2, Licht: 2","157504","2","4","6","01","07","3","1","2","0","1","1","0"
"POINT (10.062510014000054 53.608758896000040)","Unfall 157505 (2019) Kat:3, Licht: 2","157505","3","6","1","01","06","3","1","2","0","1","0","0"
"POINT (10.089070745000072 53.631871660000058)","Unfall 157506 (2019) Kat:3, Licht: 2","157506","3","2","6","01","08","3","1","2","0","1","1","0"
"POINT (10.090617939000026 53.672101278000071)","Unfall 157507 (2019) Kat:3, Licht: 0","157507","3","3","5","01","15","3","1","0","0","1","0","0"
"POINT (10.012097244000074 53.574375758000031)","Unfall 157508 (2019) Kat:3, Licht: 0","157508","3","6","2","01","09","3","1","0","0","1","0","0"
"POINT (10.017623100000037 53.569419130000028)","Unfall 157509 (2019) Kat:3, Licht: 0","157509","3","7","0","01","08","3","1","0","1","0","0","0"
"POINT (9.920386830000041 53.589647733000049)","Unfall 157510 (2019) Kat:3, Licht: 2","157510","3","3","5","01","07","3","1","2","1","1","0","0"
"POINT (10.134401585000035 53.575040323000053)","Unfall 157511 (2019) Kat:3, Licht: 0","157511","3","2","3","01","09","5","0","0","1","0","0","0"
"POINT (9.885445065000056 53.552428343000031)","Unfall 157512 (2019) Kat:3, Licht: 1","157512","3","3","5","01","08","3","1","1","1","1","0","0"
"POINT (9.918183054000053 53.556845018000047)","Unfall 157513 (2019) Kat:3, Licht: 2","157513","3","2","5","01","07","3","1","2","1","1","0","0"
"POINT (9.984231614000066 53.581242160000045)","Unfall 157514 (2019) Kat:3, Licht: 2","157514","3","2","0","01","19","3","0","2","1","0","0","1"
"POINT (9.978271048000067 53.460882911000056)","Unfall 157515 (2019) Kat:3, Licht: 2","157515","3","6","0","01","16","2","1","2","0","0","0","0"
"POINT (9.967437760000053 53.439129513000069)","Unfall 157516 (2019) Kat:3, Licht: 2","157516","3","2","6","01","16","2","1","2","0","1","1","0"
"POINT (10.022625159000029 53.447786189000055)","Unfall 157517 (2019) Kat:3, Licht: 2","157517","3","3","5","01","06","2","1","2","0","1","0","0"
"POINT (10.153540092000071 53.604909767000038)","Unfall 157518 (2019) Kat:3, Licht: 2","157518","3","3","5","01","19","2","1","2","1","1","0","0"
"POINT (10.124956974000042 53.655137054000079)","Unfall 157519 (2019) Kat:3, Licht: 0","157519","3","6","2","01","14","2","1","0","0","1","0","0"
"POINT (9.992278255000031 53.649094538000043)","Unfall 157520 (2019) Kat:3, Licht: 2","157520","3","3","5","01","16","2","1","2","1","0","0","0"
"POINT (10.004801618000045 53.641728405000038)","Unfall 157521 (2019) Kat:3, Licht: 0","157521","3","7","0","01","12","2","1","0","1","0","0","0"
"POINT (10.011868206000031 53.607183173000067)","Unfall 157522 (2019) Kat:3, Licht: 0","157522","3","7","6","01","15","2","1","0","0","0","1","0"
"POINT (10.002148730000044 53.595967930000029)","Unfall 157523 (2019) Kat:3, Licht: 2","157523","3","2","6","01","18","2","1","2","0","1","1","0"
"POINT (10.044244990000038 53.593746468000063)","Unfall 157524 (2019) Kat:3, Licht: 2","157524","3","7","0","01","16","2","1","2","0","0","0","0"
"POINT (10.025909394000053 53.558890393000070)","Unfall 157525 (2019) Kat:3, Licht: 0","157525","3","3","5","01","14","2","1","0","0","1","0","0"
"POINT (10.043937065000023 53.591323754000030)","Unfall 157526 (2019) Kat:3, Licht: 2","157526","3","4","6","01","18","2","1","2","0","0","1","0"
"POINT (9.835338430000036 53.572174372000063)","Unfall 157529 (2019) Kat:2, Licht: 0","157529","2","4","6","01","13","2","1","0","0","1","1","0"
"POINT (9.868185547000053 53.595352107000053)","Unfall 157530 (2019) Kat:3, Licht: 2","157530","3","2","2","01","17","2","1","2","0","1","0","0"
"POINT (9.956257684000036 53.581974323000054)","Unfall 157532 (2019) Kat:3, Licht: 2","157532","3","3","5","01","16","2","1","2","1","1","0","0"
"POINT (9.978507544000024 53.570999859000040)","Unfall 157533 (2019) Kat:3, Licht: 2","157533","3","3","3","01","18","2","1","2","0","1","0","0"
"POINT (10.189216306000048 53.477081840000039)","Unfall 157534 (2019) Kat:3, Licht: 2","157534","3","2","6","01","19","1","1","2","0","1","1","0"
"POINT (10.124589614000058 53.570919569000068)","Unfall 157535 (2019) Kat:2, Licht: 2","157535","2","2","4","01","20","1","1","2","0","1","0","0"
"POINT (9.979162344000031 53.555345737000039)","Unfall 157536 (2019) Kat:3, Licht: 2","157536","3","4","6","01","19","1","1","2","0","1","1","0"
"POINT (9.992126384000073 53.544679236000036)","Unfall 157537 (2019) Kat:3, Licht: 2","157537","3","6","2","01","17","1","1","2","0","1","0","0"
"POINT (10.093708368000023 53.513206088000061)","Unfall 157538 (2019) Kat:3, Licht: 0","157538","3","6","2","01","15","7","1","0","0","1","0","0"
"POINT (10.102498164000053 53.558182421000026)","Unfall 157539 (2019) Kat:3, Licht: 2","157539","3","2","2","01","17","7","0","2","0","1","0","0"
"POINT (10.085827859000062 53.580500289000042)","Unfall 157540 (2019) Kat:3, Licht: 1","157540","3","2","5","01","16","7","0","1","1","1","0","0"
"POINT (9.866413774000023 53.566869438000026)","Unfall 157541 (2019) Kat:3, Licht: 2","157541","3","6","2","01","17","7","1","2","0","1","0","0"
"POINT (9.953595282000038 53.629659436000054)","Unfall 157542 (2019) Kat:3, Licht: 0","157542","3","1","8","01","13","7","1","0","0","0","0","1"
"POINT (9.971287012000062 53.584593858000062)","Unfall 157543 (2019) Kat:3, Licht: 2","157543","3","6","3","01","21","7","0","2","0","1","0","0"
"POINT (10.012517823000053 53.560566507000033)","Unfall 157544 (2019) Kat:3, Licht: 0","157544","3","7","2","01","10","7","0","0","0","1","0","0"
"POINT (10.012891980000063 53.560798573000056)","Unfall 157545 (2019) Kat:3, Licht: 0","157545","3","6","4","01","13","7","1","0","0","1","0","0"
"POINT (9.846163155000056 53.536497128000065)","Unfall 157546 (2019) Kat:3, Licht: 0","157546","3","4","6","01","09","6","1","0","0","1","1","0"
"POINT (9.981945987000074 53.427673069000036)","Unfall 157547 (2019) Kat:3, Licht: 2","157547","3","6","2","01","17","6","1","2","0","1","0","0"
"POINT (9.984417236000070 53.457244888000048)","Unfall 157548 (2019) Kat:2, Licht: 2","157548","2","2","6","01","21","6","1","2","0","0","1","0"
"POINT (9.958278569000072 53.456455161000065)","Unfall 157549 (2019) Kat:3, Licht: 2","157549","3","7","5","01","17","6","1","2","0","1","0","0"
"POINT (10.105246351000062 53.621391562000042)","Unfall 157550 (2019) Kat:3, Licht: 2","157550","3","2","6","01","17","6","1","2","0","0","1","0"
"POINT (10.049184456000035 53.646599060000028)","Unfall 157551 (2019) Kat:3, Licht: 2","157551","3","3","5","01","18","6","1","2","0","1","0","0"
"POINT (10.108145153000066 53.708232651000060)","Unfall 157552 (2019) Kat:2, Licht: 0","157552","2","2","4","01","14","6","1","0","0","1","0","1"
"POINT (9.873988558000065 53.587287148000030)","Unfall 157553 (2019) Kat:3, Licht: 1","157553","3","6","2","01","16","6","1","1","0","1","0","0"
"POINT (9.937034864000054 53.552453433000039)","Unfall 157554 (2019) Kat:3, Licht: 0","157554","3","2","5","01","13","6","1","0","0","1","0","0"
"POINT (9.954218932000060 53.553375842000037)","Unfall 157555 (2019) Kat:3, Licht: 2","157555","3","6","2","01","17","6","1","2","0","1","0","0"
"POINT (10.024366054000041 53.527905199000031)","Unfall 157556 (2019) Kat:3, Licht: 0","157556","3","3","5","01","14","5","0","0","0","1","0","0"
"POINT (10.202108779000071 53.490337268000076)","Unfall 157557 (2019) Kat:3, Licht: 0","157557","3","7","4","01","12","5","0","0","0","1","0","0"
"POINT (10.183829235000076 53.498973324000076)","Unfall 157558 (2019) Kat:3, Licht: 2","157558","3","7","0","01","00","5","0","2","1","0","0","0"
"POINT (10.090132964000077 53.537983034000035)","Unfall 157559 (2019) Kat:3, Licht: 0","157559","3","6","2","01","14","5","0","0","0","1","0","0"
"POINT (10.107248115000061 53.542687593000039)","Unfall 157560 (2019) Kat:3, Licht: 0","157560","3","4","6","01","13","5","0","0","0","0","1","0"
"POINT (10.139644905000068 53.626204678000079)","Unfall 157561 (2019) Kat:3, Licht: 2","157561","3","3","5","01","17","5","0","2","1","1","0","0"
"POINT (10.042042072000072 53.610659627000075)","Unfall 157562 (2019) Kat:3, Licht: 0","157562","3","5","1","01","10","5","0","0","0","1","0","0"
"POINT (10.090296808000062 53.656141827000056)","Unfall 157563 (2019) Kat:3, Licht: 0","157563","3","6","2","01","12","5","0","0","0","1","0","0"
"POINT (10.038253184000041 53.587280405000058)","Unfall 157564 (2019) Kat:3, Licht: 0","157564","3","5","3","01","14","5","0","0","0","1","0","0"
"POINT (9.874354721000032 53.616293995000035)","Unfall 157565 (2019) Kat:3, Licht: 0","157565","3","2","5","01","14","5","1","0","1","1","0","0"
"POINT (9.873207140000034 53.586637680000081)","Unfall 157566 (2019) Kat:3, Licht: 0","157566","3","6","2","01","11","5","0","0","0","1","0","0"
"POINT (9.993278981000060 53.552799665000066)","Unfall 157567 (2019) Kat:3, Licht: 0","157567","3","6","4","01","13","5","0","0","1","0","0","0"
"POINT (9.983591810000064 53.431625370000063)","Unfall 157568 (2019) Kat:2, Licht: 0","157568","2","2","5","01","11","4","0","0","1","1","0","0"
"POINT (10.109798337000029 53.593321347000028)","Unfall 157569 (2019) Kat:3, Licht: 0","157569","3","2","5","01","12","4","0","0","1","1","0","0"
"POINT (10.025827731000049 53.669631875000050)","Unfall 157570 (2019) Kat:2, Licht: 2","157570","2","3","5","01","04","4","1","2","1","0","0","0"
"POINT (10.038630074000025 53.591360185000042)","Unfall 157571 (2019) Kat:3, Licht: 2","157571","3","2","3","01","17","4","0","2","1","1","0","0"
"POINT (10.056005261000053 53.591427866000060)","Unfall 157572 (2019) Kat:3, Licht: 2","157572","3","2","5","01","22","4","0","2","0","1","0","0"
"POINT (9.948896413000057 53.562595308000027)","Unfall 157573 (2019) Kat:3, Licht: 0","157573","3","6","1","01","15","4","0","0","0","1","0","0"
"POINT (9.949190701000021 53.558882635000032)","Unfall 157574 (2019) Kat:3, Licht: 2","157574","3","6","2","01","17","4","0","2","0","1","0","0"
"POINT (10.002576603000023 53.556918540000026)","Unfall 157576 (2019) Kat:3, Licht: 0","157576","3","6","3","01","13","4","0","0","0","1","0","0"
"POINT (10.000999143000058 53.516465828000037)","Unfall 157577 (2019) Kat:1, Licht: 2","157577","1","4","6","01","03","3","1","2","0","1","1","0"
"POINT (10.083260359000064 53.550030433000074)","Unfall 157578 (2019) Kat:3, Licht: 2","157578","3","4","6","01","00","3","0","2","0","1","1","0"
"POINT (10.111371126000051 53.606798275000074)","Unfall 157579 (2019) Kat:3, Licht: 2","157579","3","3","5","01","16","3","1","2","0","1","0","0"
"POINT (10.009544081000058 53.669647510000061)","Unfall 157580 (2019) Kat:2, Licht: 2","157580","2","5","1","01","03","3","0","2","0","1","0","0"
"POINT (9.917425213000058 53.548576307000076)","Unfall 157581 (2019) Kat:3, Licht: 2","157581","3","3","5","01","06","3","1","2","0","1","0","0"
"POINT (9.989080242000057 53.577655123000056)","Unfall 157582 (2019) Kat:3, Licht: 2","157582","3","3","5","01","02","3","0","2","0","1","0","0"
"POINT (9.965830380000057 53.565467532000071)","Unfall 157583 (2019) Kat:3, Licht: 2","157583","3","1","8","01","06","3","1","2","0","1","1","0"
"POINT (10.040578391000054 53.603318614000045)","Unfall 157677 (2019) Kat:3, Licht: 2","157677","3","6","2","01","19","5","1","2","0","1","0","0"
"POINT (10.040759683000033 53.602608347000057)","Unfall 157684 (2019) Kat:2, Licht: 2","157684","2","7","3","01","18","5","0","2","0","1","0","1"
"POINT (10.071004649000031 53.605819857000029)","Unfall 157692 (2019) Kat:3, Licht: 2","157692","3","6","2","01","19","5","1","2","0","1","0","0"
"POINT (10.041173080000021 53.600004610000042)","Unfall 157698 (2019) Kat:3, Licht: 0","157698","3","7","3","01","12","5","0","0","0","1","0","0"
"POINT (9.997091550000050 53.648382015000038)","Unfall 157702 (2019) Kat:3, Licht: 2","157702","3","6","2","01","18","5","1","2","0","1","0","0"
"POINT (10.047516347000055 53.572189322000042)","Unfall 157706 (2019) Kat:3, Licht: 0","157706","3","3","5","01","10","5","0","0","0","1","0","0"
"POINT (10.048898210000061 53.578440290000060)","Unfall 157709 (2019) Kat:2, Licht: 2","157709","2","6","1","01","21","5","1","2","0","1","0","0"
"POINT (10.035735714000054 53.601086294000027)","Unfall 157711 (2019) Kat:3, Licht: 0","157711","3","2","2","01","12","5","0","0","0","1","0","0"
"POINT (9.968681667000055 53.551101360000075)","Unfall 157712 (2019) Kat:3, Licht: 2","157712","3","3","5","01","17","5","1","2","1","1","0","0"
"POINT (9.989622654000073 53.455941819000032)","Unfall 157716 (2019) Kat:2, Licht: 0","157716","2","6","0","01","15","4","0","0","0","1","0","0"
"POINT (10.207353362000049 53.480032162000043)","Unfall 157718 (2019) Kat:3, Licht: 2","157718","3","3","5","01","20","4","0","2","1","1","0","0"
"POINT (9.975570612000070 53.460197311000059)","Unfall 157719 (2019) Kat:3, Licht: 2","157719","3","4","6","01","07","5","0","2","0","1","1","0"
"POINT (10.100686240000073 53.540365791000056)","Unfall 157722 (2019) Kat:3, Licht: 2","157722","3","2","4","01","18","4","0","2","0","1","0","0"
"POINT (10.204424929000027 53.491618998000035)","Unfall 157729 (2019) Kat:3, Licht: 0","157729","3","3","5","01","10","5","0","0","1","1","0","0"
"POINT (10.184435123000071 53.489788789000045)","Unfall 157732 (2019) Kat:3, Licht: 0","157732","3","3","5","01","08","5","0","0","1","1","0","0"
"POINT (10.104177386000060 53.558633947000033)","Unfall 157741 (2019) Kat:3, Licht: 2","157741","3","5","3","01","16","4","0","2","0","1","0","0"
"POINT (10.122124832000054 53.586780565000026)","Unfall 157746 (2019) Kat:3, Licht: 1","157746","3","1","8","01","16","4","1","1","0","1","0","0"
"POINT (10.011386818000062 53.560167097000033)","Unfall 157748 (2019) Kat:3, Licht: 2","157748","3","7","3","02","23","6","0","2","0","1","0","0"
"POINT (9.979190123000024 53.460845226000060)","Unfall 157749 (2019) Kat:2, Licht: 0","157749","2","7","0","01","16","5","0","0","0","1","0","0"
"POINT (9.987247447000073 53.449779726000031)","Unfall 157750 (2019) Kat:3, Licht: 0","157750","3","3","5","01","13","5","0","0","0","1","0","0"