WKT,Name,OBJECTID,UKATEGORIE,UTYP1,UART,UMONAT,USTUNDE,UWOCHENTAG,STRZUSTAND,ULICHTVERH,ISTRAD,ISTPKW,ISTFUSS,ISTKRAD
"POINT (10.143532608000044 53.542635357000051)","Unfall 157751 (2019) Kat:3, Licht: 0","157751","3","7","6","01","13","5","0","0","0","1","1","0"
"POINT (10.137919509000028 53.588136822000081)","Unfall 157752 (2019) Kat:3, Licht: 0","157752","3","6","4","01","16","5","0","0","1","1","0","0"
"POINT (10.082623374000036 53.608070512000040)","Unfall 157753 (2019) Kat:3, Licht: 1","157753","3","3","5","01","16","5","1","1","1","0","0","0"
"POINT (10.067235609000022 53.607125833000055)","Unfall 157754 (2019) Kat:3, Licht: 0","157754","3","3","5","01","13","5","1","0","0","1","0","0"
"POINT (10.111768250000068 53.648519200000067)","Unfall 157755 (2019) Kat:3, Licht: 0","157755","3","3","5","01","15","5","0","0","0","1","0","0"
"POINT (10.065328736000026 53.663899430000072)","Unfall 157756 (2019) Kat:3, Licht: 0","157756","3","6","6","01","08","5","0","0","0","0","1","0"
"POINT (10.043259014000057 53.651854630000059)","Unfall 157757 (2019) Kat:3, Licht: 1","157757","3","3","5","01","07","5","0","1","1","1","0","0"
"POINT (10.044516146000035 53.591243953000060)","Unfall 157758 (2019) Kat:3, Licht: 1","157758","3","6","3","01","07","5","0","1","0","1","0","0"
"POINT (9.930117925000047 53.603704338000057)","Unfall 157759 (2019) Kat:2, Licht: 2","157759","2","4","6","01","17","5","0","2","0","1","1","0"
"POINT (10.082320208000056 53.555302034000078)","Unfall 157760 (2019) Kat:3, Licht: 0","157760","3","6","3","02","14","1","0","0","0","1","0","0"
"POINT (9.908646438000062 53.612936552000065)","Unfall 157761 (2019) Kat:3, Licht: 0","157761","3","5","1","01","08","5","0","0","1","0","0","0"
"POINT (9.974750192000045 53.556531876000065)","Unfall 157762 (2019) Kat:3, Licht: 2","157762","3","7","2","01","01","5","1","2","0","1","0","0"
"POINT (9.982524757000022 53.464343040000074)","Unfall 157763 (2019) Kat:3, Licht: 0","157763","3","3","5","01","16","5","0","0","1","1","0","0"
"POINT (9.878887465000048 53.530130081000038)","Unfall 157764 (2019) Kat:3, Licht: 0","157764","3","7","0","01","08","4","0","0","0","0","0","0"
"POINT (9.936488416000032 53.551763629000050)","Unfall 157765 (2019) Kat:3, Licht: 0","157765","3","4","6","02","11","2","0","0","0","1","1","0"
"POINT (10.135928083000067 53.572927179000033)","Unfall 157766 (2019) Kat:1, Licht: 0","157766","1","4","6","01","10","4","1","0","0","0","1","0"
"POINT (10.159886147000066 53.604007591000027)","Unfall 157767 (2019) Kat:3, Licht: 2","157767","3","2","2","01","17","4","0","2","0","1","0","0"
"POINT (10.035709913000062 53.574909990000037)","Unfall 157768 (2019) Kat:3, Licht: 2","157768","3","2","5","01","18","4","0","2","1","1","0","0"
"POINT (10.046699495000041 53.593653029000052)","Unfall 157769 (2019) Kat:3, Licht: 1","157769","3","2","6","01","07","4","0","1","0","1","1","0"
"POINT (9.882605667000064 53.559473437000065)","Unfall 157770 (2019) Kat:3, Licht: 2","157770","3","4","6","01","17","4","1","2","1","0","1","0"
"POINT (9.954961928000046 53.561276740000039)","Unfall 157771 (2019) Kat:3, Licht: 2","157771","3","3","5","01","00","4","1","2","0","1","0","0"
"POINT (9.939393479000046 53.553712387000076)","Unfall 157772 (2019) Kat:3, Licht: 0","157772","3","3","5","01","13","4","0","0","0","1","0","0"
"POINT (9.988623963000066 53.581169323000040)","Unfall 157773 (2019) Kat:3, Licht: 0","157773","3","3","5","01","11","4","0","0","1","1","0","0"
"POINT (10.133055052000032 53.584484783000050)","Unfall 157774 (2019) Kat:3, Licht: 2","157774","3","2","6","01","18","7","1","2","0","1","1","0"
"POINT (9.963202748000072 53.546809348000068)","Unfall 157775 (2019) Kat:3, Licht: 2","157775","3","4","6","02","00","1","0","2","0","1","1","0"
"POINT (9.960119130000066 53.549776614000052)","Unfall 157776 (2019) Kat:3, Licht: 2","157776","3","7","6","01","00","4","1","2","0","1","1","0"
"POINT (10.201380485000072 53.419745514000056)","Unfall 157777 (2019) Kat:3, Licht: 0","157777","3","3","5","01","14","3","0","0","1","1","0","0"
"POINT (10.065009614000076 53.569725437000045)","Unfall 157778 (2019) Kat:2, Licht: 1","157778","2","7","4","01","08","6","1","1","0","1","0","0"
"POINT (10.202602781000053 53.491100687000028)","Unfall 157779 (2019) Kat:3, Licht: 0","157779","3","2","4","01","08","3","1","0","0","1","0","0"
"POINT (10.158109461000038 53.412561116000063)","Unfall 157780 (2019) Kat:3, Licht: 2","157780","3","5","1","01","19","3","1","2","0","1","0","0"
"POINT (10.069348872000035 53.559519219000038)","Unfall 157781 (2019) Kat:3, Licht: 0","157781","3","2","3","01","13","3","1","0","0","1","0","0"
"POINT (10.124253042000021 53.587947191000069)","Unfall 157782 (2019) Kat:3, Licht: 2","157782","3","2","4","01","06","3","1","2","0","1","0","0"
"POINT (10.082246793000024 53.593296353000028)","Unfall 157783 (2019) Kat:3, Licht: 2","157783","3","7","0","01","20","3","1","2","0","1","0","0"
"POINT (10.072281001000022 53.596674431000054)","Unfall 157784 (2019) Kat:2, Licht: 0","157784","2","4","6","01","16","3","0","0","0","1","1","0"
"POINT (10.052464594000071 53.585589530000050)","Unfall 157785 (2019) Kat:2, Licht: 2","157785","2","6","3","01","18","3","0","2","0","1","0","0"
"POINT (9.898199607000038 53.625158614000043)","Unfall 157786 (2019) Kat:3, Licht: 0","157786","3","3","5","01","15","3","1","0","0","1","0","0"
"POINT (10.062536716000068 53.569180051000046)","Unfall 157787 (2019) Kat:3, Licht: 2","157787","3","1","8","01","01","7","0","2","0","1","0","0"
"POINT (9.983239332000039 53.609545225000033)","Unfall 157788 (2019) Kat:2, Licht: 2","157788","2","1","8","02","04","7","0","2","0","1","0","0"
"POINT (9.956221940000035 53.581822009000064)","Unfall 157789 (2019) Kat:3, Licht: 0","157789","3","3","5","01","13","3","0","0","1","1","0","0"
"POINT (9.875609462000057 53.473820112000055)","Unfall 157790 (2019) Kat:3, Licht: 2","157790","3","3","5","01","17","2","1","2","1","1","0","0"
"POINT (9.984095824000065 53.431523675000051)","Unfall 157791 (2019) Kat:3, Licht: 1","157791","3","4","6","01","07","2","1","1","0","0","1","0"
"POINT (9.994277537000073 53.499958012000036)","Unfall 157792 (2019) Kat:3, Licht: 0","157792","3","3","5","01","11","2","1","0","0","1","0","0"
"POINT (10.102837088000058 53.539798297000061)","Unfall 157793 (2019) Kat:3, Licht: 2","157793","3","3","6","01","18","2","1","2","0","1","1","0"
"POINT (10.018023347000053 53.549695362000080)","Unfall 157794 (2019) Kat:3, Licht: 0","157794","3","6","3","01","13","2","0","0","0","1","0","0"
"POINT (10.057974807000051 53.553323676000048)","Unfall 157795 (2019) Kat:2, Licht: 1","157795","2","7","5","01","07","2","1","1","0","1","0","0"
"POINT (10.025294838000036 53.551896603000046)","Unfall 157796 (2019) Kat:3, Licht: 1","157796","3","7","6","01","07","2","0","1","1","0","1","0"
"POINT (10.057694280000021 53.531314195000050)","Unfall 157797 (2019) Kat:3, Licht: 2","157797","3","7","6","01","20","2","1","2","0","1","1","0"
"POINT (10.154611283000065 53.602987960000064)","Unfall 157798 (2019) Kat:2, Licht: 2","157798","2","2","6","01","20","2","1","2","0","1","1","0"
"POINT (10.150094322000029 53.600780720000046)","Unfall 157799 (2019) Kat:3, Licht: 0","157799","3","3","5","01","08","2","1","0","1","0","0","0"
"POINT (10.074852794000037 53.567481659000066)","Unfall 157800 (2019) Kat:3, Licht: 2","157800","3","7","4","01","06","7","1","2","0","1","0","0"
"POINT (9.960148721000053 53.569416576000037)","Unfall 157801 (2019) Kat:3, Licht: 2","157801","3","1","8","02","03","6","2","2","0","1","0","0"
"POINT (10.067873017000068 53.582106142000043)","Unfall 157802 (2019) Kat:3, Licht: 0","157802","3","6","2","01","09","2","1","0","0","1","0","0"
"POINT (10.046880923000060 53.585403814000074)","Unfall 157803 (2019) Kat:3, Licht: 2","157803","3","6","2","01","17","2","1","2","0","1","0","0"
"POINT (10.052582010000037 53.591602712000054)","Unfall 157804 (2019) Kat:3, Licht: 0","157804","3","6","4","01","10","2","1","0","0","1","0","0"
"POINT (9.812234495000041 53.564109016000032)","Unfall 157805 (2019) Kat:2, Licht: 0","157805","2","7","6","01","11","2","0","0","0","1","1","0"
"POINT (9.942064720000076 53.577352026000028)","Unfall 157806 (2019) Kat:3, Licht: 2","157806","3","6","4","01","18","2","1","2","1","0","0","0"
"POINT (9.932358341000054 53.557275408000066)","Unfall 157807 (2019) Kat:3, Licht: 1","157807","3","6","2","01","16","2","1","1","1","0","0","0"
"POINT (9.844503713000051 53.555110897000077)","Unfall 157808 (2019) Kat:2, Licht: 0","157808","2","2","6","02","17","2","0","0","0","1","1","0"
"POINT (10.008536879000076 53.553132098000049)","Unfall 157809 (2019) Kat:3, Licht: 2","157809","3","4","6","01","20","2","1","2","0","1","1","0"
"POINT (9.937808660000030 53.521967053000026)","Unfall 157810 (2019) Kat:3, Licht: 2","157810","3","6","2","01","17","2","1","2","0","1","0","0"
"POINT (10.064561801000025 53.586519134000071)","Unfall 157811 (2019) Kat:3, Licht: 0","157811","3","3","5","01","12","1","1","0","0","1","0","0"
"POINT (10.043967180000038 53.604976192000038)","Unfall 157812 (2019) Kat:3, Licht: 2","157812","3","7","5","01","19","1","1","2","0","1","0","1"
"POINT (10.002024493000022 53.591416207000066)","Unfall 157813 (2019) Kat:2, Licht: 0","157813","2","4","6","01","10","1","1","0","0","1","1","0"
"POINT (9.994883868000045 53.548498135000045)","Unfall 157814 (2019) Kat:3, Licht: 0","157814","3","6","2","01","14","1","1","0","0","1","0","0"
"POINT (10.020711467000069 53.514906298000028)","Unfall 157815 (2019) Kat:3, Licht: 2","157815","3","6","1","01","16","7","1","2","0","1","0","0"
"POINT (10.209031823000032 53.490003361000049)","Unfall 157816 (2019) Kat:3, Licht: 0","157816","3","3","0","01","13","7","1","0","1","1","0","0"
"POINT (10.084961364000037 53.554746194000074)","Unfall 157817 (2019) Kat:3, Licht: 0","157817","3","6","2","01","12","7","1","0","0","1","0","0"
"POINT (10.109503731000075 53.536635523000029)","Unfall 157818 (2019) Kat:3, Licht: 2","157818","3","6","2","01","01","7","1","2","0","1","0","0"
"POINT (10.122554821000051 53.567458915000032)","Unfall 157819 (2019) Kat:3, Licht: 0","157819","3","6","2","01","12","7","1","0","0","1","0","0"
"POINT (10.019671809000045 53.653241281000078)","Unfall 157820 (2019) Kat:3, Licht: 1","157820","3","2","6","01","17","7","1","1","0","1","1","0"
"POINT (9.863578421000057 53.533026964000044)","Unfall 157821 (2019) Kat:2, Licht: 0","157821","2","6","3","02","13","1","0","0","1","0","0","0"
"POINT (10.013036667000051 53.644315010000071)","Unfall 157822 (2019) Kat:3, Licht: 2","157822","3","3","5","01","20","7","1","2","0","1","0","0"
"POINT (9.880495769000049 53.614742150000041)","Unfall 157823 (2019) Kat:2, Licht: 0","157823","2","3","5","01","09","7","1","0","1","1","0","0"
"POINT (9.795895836000057 53.562238078000064)","Unfall 157824 (2019) Kat:2, Licht: 0","157824","2","1","8","01","12","7","1","0","0","1","0","0"
"POINT (9.948837714000035 53.559491765000075)","Unfall 157825 (2019) Kat:3, Licht: 0","157825","3","7","6","01","13","7","1","0","1","0","1","0"
"POINT (9.907528970000044 53.481876620000037)","Unfall 157826 (2019) Kat:3, Licht: 0","157826","3","6","2","01","14","6","0","0","0","1","0","0"
"POINT (10.080586610000069 53.531960517000073)","Unfall 157827 (2019) Kat:2, Licht: 2","157827","2","2","3","01","07","6","0","2","1","0","0","0"
"POINT (10.087649714000065 53.579924992000031)","Unfall 157828 (2019) Kat:3, Licht: 0","157828","3","7","6","01","13","6","2","0","0","1","1","0"
"POINT (10.028177980000066 53.672432419000074)","Unfall 157829 (2019) Kat:3, Licht: 0","157829","3","3","5","01","13","6","0","0","1","1","0","0"
"POINT (10.066404089000059 53.571885828000063)","Unfall 157830 (2019) Kat:3, Licht: 0","157830","3","4","6","01","15","7","0","0","1","0","1","0"
"POINT (10.008239598000046 53.554153484000039)","Unfall 157831 (2019) Kat:3, Licht: 2","157831","3","4","6","02","07","1","0","2","0","1","1","0"
"POINT (10.006247155000040 53.599606656000049)","Unfall 157832 (2019) Kat:3, Licht: 2","157832","3","6","3","01","18","6","0","2","0","1","0","1"
"POINT (10.035287597000035 53.575139527000033)","Unfall 157833 (2019) Kat:3, Licht: 1","157833","3","3","5","01","07","6","1","1","1","1","0","0"
"POINT (9.865228394000042 53.571011358000078)","Unfall 157834 (2019) Kat:3, Licht: 2","157834","3","7","0","01","18","6","0","2","0","1","0","0"
"POINT (10.065802928000039 53.571648345000028)","Unfall 157835 (2019) Kat:3, Licht: 2","157835","3","3","5","02","18","1","1","2","0","1","0","0"
"POINT (9.954704984000045 53.604191744000047)","Unfall 157836 (2019) Kat:3, Licht: 0","157836","3","7","1","01","10","6","0","0","0","1","0","0"
"POINT (9.937031562000072 53.552450797000063)","Unfall 157837 (2019) Kat:3, Licht: 0","157837","3","2","0","01","10","6","0","0","0","1","0","0"
"POINT (9.978743405000046 53.571111147000067)","Unfall 157838 (2019) Kat:3, Licht: 0","157838","3","4","6","01","16","6","0","0","1","0","1","0"
"POINT (9.976809214000070 53.557594694000045)","Unfall 157839 (2019) Kat:3, Licht: 2","157839","3","3","5","01","17","6","0","2","0","1","0","0"
"POINT (10.067500602000052 53.559608012000069)","Unfall 157840 (2019) Kat:3, Licht: 2","157840","3","6","2","01","05","5","0","2","0","1","0","0"
"POINT (10.054475009000043 53.555185250000079)","Unfall 157841 (2019) Kat:3, Licht: 2","157841","3","6","2","01","17","5","0","2","0","1","0","0"
"POINT (10.039132685000027 53.559297948000051)","Unfall 157842 (2019) Kat:3, Licht: 2","157842","3","2","4","01","04","5","0","2","0","1","0","0"
"POINT (10.116690090000077 53.706247786000063)","Unfall 157843 (2019) Kat:3, Licht: 2","157843","3","3","5","01","17","5","0","2","1","1","0","0"
"POINT (10.026426540000045 53.670918494000034)","Unfall 157844 (2019) Kat:3, Licht: 0","157844","3","3","5","01","14","7","1","0","1","1","0","0"
"POINT (10.180573533000029 53.629813050000052)","Unfall 157845 (2019) Kat:3, Licht: 2","157845","3","3","5","02","16","6","0","2","0","1","0","0"
"POINT (10.025267887000041 53.602517648000060)","Unfall 157846 (2019) Kat:3, Licht: 2","157846","3","6","2","01","17","5","0","2","0","1","0","0"
"POINT (10.045333202000052 53.589618088000066)","Unfall 157847 (2019) Kat:3, Licht: 2","157847","3","2","3","01","18","5","0","2","0","1","0","0"
"POINT (10.047553820000076 53.582575134000081)","Unfall 157848 (2019) Kat:3, Licht: 0","157848","3","3","0","01","09","5","0","0","1","1","0","0"
"POINT (9.976311249000048 53.582633220000048)","Unfall 157849 (2019) Kat:3, Licht: 2","157849","3","2","5","01","18","5","0","2","0","1","0","1"
"POINT (9.957607095000071 53.580539273000056)","Unfall 157850 (2019) Kat:3, Licht: 0","157850","3","2","2","01","09","5","0","0","0","1","0","0"
"POINT (9.978538443000048 53.570901214000060)","Unfall 157851 (2019) Kat:3, Licht: 2","157851","3","7","0","01","06","5","0","2","0","0","0","0"
"POINT (9.960412432000055 53.441510783000069)","Unfall 157852 (2019) Kat:2, Licht: 0","157852","2","3","6","01","10","4","0","0","0","1","1","0"
"POINT (10.005516266000029 53.454163655000059)","Unfall 157853 (2019) Kat:3, Licht: 2","157853","3","3","6","01","17","4","0","2","0","1","1","0"
"POINT (10.108624778000035 53.559414866000054)","Unfall 157854 (2019) Kat:3, Licht: 1","157854","3","3","5","01","16","4","0","1","1","1","0","0"
"POINT (10.019272186000023 53.549479211000062)","Unfall 157855 (2019) Kat:3, Licht: 0","157855","3","3","5","01","12","4","0","0","0","1","0","0"
"POINT (10.139639774000045 53.626211358000035)","Unfall 157856 (2019) Kat:3, Licht: 2","157856","3","3","5","01","19","4","1","2","0","1","0","1"
"POINT (9.979160150000041 53.569702263000067)","Unfall 157857 (2019) Kat:3, Licht: 0","157857","3","6","3","02","13","6","0","0","1","0","0","0"
"POINT (10.082558695000046 53.571161484000072)","Unfall 157858 (2019) Kat:2, Licht: 2","157858","2","2","6","01","19","4","0","2","0","0","1","0"
"POINT (10.070619091000026 53.571998019000034)","Unfall 157859 (2019) Kat:3, Licht: 0","157859","3","3","5","01","11","4","2","0","0","1","0","0"
"POINT (10.092125942000052 53.635883763000038)","Unfall 157860 (2019) Kat:3, Licht: 0","157860","3","2","5","01","16","4","0","0","1","1","0","0"
"POINT (10.030629792000070 53.619590833000075)","Unfall 157861 (2019) Kat:3, Licht: 2","157861","3","3","5","01","07","4","0","2","1","1","0","0"
"POINT (10.007913915000074 53.614732342000082)","Unfall 157862 (2019) Kat:3, Licht: 0","157862","3","2","5","01","11","4","0","0","0","1","1","0"
"POINT (9.947820827000044 53.561151416000030)","Unfall 157863 (2019) Kat:3, Licht: 2","157863","3","6","1","02","19","2","1","2","0","1","0","0"
"POINT (10.033629364000035 53.583307384000079)","Unfall 157864 (2019) Kat:3, Licht: 2","157864","3","7","0","01","19","4","1","2","0","0","0","1"
"POINT (9.854340372000024 53.580114922000064)","Unfall 157865 (2019) Kat:3, Licht: 0","157865","3","7","0","01","14","4","0","0","0","1","0","0"
"POINT (9.867779119000034 53.547934927000028)","Unfall 157866 (2019) Kat:3, Licht: 2","157866","3","6","2","01","19","4","0","2","0","1","0","0"
"POINT (9.870923444000027 53.592757786000050)","Unfall 157867 (2019) Kat:3, Licht: 2","157867","3","4","6","01","19","4","0","2","0","1","1","0"
"POINT (9.986861695000073 53.585815751000041)","Unfall 157868 (2019) Kat:3, Licht: 2","157868","3","4","6","01","18","4","0","2","1","0","1","0"
"POINT (9.918014813000070 53.552375846000075)","Unfall 157869 (2019) Kat:3, Licht: 2","157869","3","2","2","01","19","4","0","2","0","1","0","0"
"POINT (9.979264125000043 53.555425694000064)","Unfall 157870 (2019) Kat:3, Licht: 2","157870","3","3","5","01","20","4","0","2","0","1","0","0"
"POINT (9.999993319000055 53.463387989000069)","Unfall 157871 (2019) Kat:3, Licht: 2","157871","3","6","3","01","18","3","1","2","0","1","0","0"
"POINT (9.973803269000030 53.459939749000057)","Unfall 157872 (2019) Kat:3, Licht: 0","157872","3","4","6","01","14","3","0","0","0","1","1","0"
"POINT (10.119491556000071 53.606440424000027)","Unfall 157873 (2019) Kat:3, Licht: 1","157873","3","6","3","01","16","3","0","1","0","1","0","0"
"POINT (10.036511699000073 53.608388270000034)","Unfall 157874 (2019) Kat:3, Licht: 2","157874","3","5","0","01","06","3","2","2","1","1","0","0"
"POINT (10.084884260000024 53.624739860000034)","Unfall 157875 (2019) Kat:3, Licht: 1","157875","3","3","5","01","16","3","0","1","1","1","0","0"
"POINT (10.007806468000069 53.623436809000054)","Unfall 157876 (2019) Kat:3, Licht: 0","157876","3","6","1","01","14","3","0","0","0","1","0","0"
"POINT (10.069596989000047 53.559581015000049)","Unfall 157877 (2019) Kat:3, Licht: 0","157877","3","7","0","02","11","1","0","0","0","1","0","0"
"POINT (10.038505789000055 53.577626321000082)","Unfall 157878 (2019) Kat:3, Licht: 0","157878","3","6","3","01","11","3","0","0","0","1","0","0"
"POINT (9.890968841000074 53.593171485000028)","Unfall 157879 (2019) Kat:3, Licht: 2","157879","3","2","6","01","17","3","0","2","0","1","1","0"
"POINT (9.965752363000036 53.628294568000058)","Unfall 157880 (2019) Kat:3, Licht: 0","157880","3","6","2","01","07","3","2","0","1","1","0","0"
"POINT (9.952916472000027 53.601901455000075)","Unfall 157881 (2019) Kat:3, Licht: 2","157881","3","2","4","01","17","3","0","2","1","1","0","0"
"POINT (9.952558599000042 53.567649696000046)","Unfall 157882 (2019) Kat:3, Licht: 0","157882","3","6","4","01","15","3","0","0","0","1","0","0"
"POINT (9.978219507000063 53.597658195000065)","Unfall 157883 (2019) Kat:3, Licht: 0","157883","3","6","2","01","15","3","2","0","0","1","0","0"
"POINT (9.986765796000043 53.455789526000046)","Unfall 157884 (2019) Kat:3, Licht: 0","157884","3","3","6","01","12","2","1","0","0","1","1","0"
"POINT (10.048757789000035 53.541386562000071)","Unfall 157885 (2019) Kat:3, Licht: 2","157885","3","4","6","01","17","2","0","2","0","1","1","0"
"POINT (10.081583000000023 53.611375184000053)","Unfall 157886 (2019) Kat:3, Licht: 1","157886","3","3","5","01","17","2","1","1","1","1","0","0"
"POINT (10.094993663000025 53.639282574000049)","Unfall 157887 (2019) Kat:3, Licht: 0","157887","3","2","3","01","08","2","0","0","1","0","0","0"
"POINT (10.052852467000037 53.582003657000030)","Unfall 157888 (2019) Kat:2, Licht: 1","157888","2","3","5","01","16","2","0","1","0","1","0","0"
"POINT (10.044319492000056 53.597288377000041)","Unfall 157889 (2019) Kat:3, Licht: 2","157889","3","6","4","01","21","2","2","2","0","1","0","0"
"POINT (9.956151469000076 53.581449828000075)","Unfall 157890 (2019) Kat:3, Licht: 2","157890","3","7","0","01","02","7","0","2","1","0","0","0"
"POINT (9.958443959000022 53.602119919000074)","Unfall 157891 (2019) Kat:3, Licht: 0","157891","3","6","3","02","15","1","0","0","1","1","0","0"
"POINT (10.028557908000039 53.571138054000073)","Unfall 157892 (2019) Kat:3, Licht: 2","157892","3","6","1","01","19","2","1","2","0","1","0","0"
"POINT (9.957748131000074 53.646008879000078)","Unfall 157893 (2019) Kat:2, Licht: 2","157893","2","4","6","01","07","2","1","2","0","0","1","0"
"POINT (9.956474057000037 53.582753978000028)","Unfall 157894 (2019) Kat:3, Licht: 1","157894","3","2","4","01","07","2","0","1","1","1","0","0"
"POINT (9.990965644000028 53.560228698000060)","Unfall 157895 (2019) Kat:3, Licht: 2","157895","3","6","2","01","17","2","0","2","0","1","0","0"
"POINT (9.958141635000061 53.562854578000042)","Unfall 157896 (2019) Kat:3, Licht: 2","157896","3","7","0","01","21","2","1","2","1","0","0","0"
"POINT (10.130099788000052 53.599695891000067)","Unfall 157897 (2019) Kat:2, Licht: 2","157897","2","2","4","01","18","1","0","2","0","1","0","0"
"POINT (10.126937923000071 53.698086434000061)","Unfall 157898 (2019) Kat:3, Licht: 0","157898","3","3","5","01","15","1","0","0","0","1","0","0"
"POINT (10.102973970000050 53.705047585000045)","Unfall 157899 (2019) Kat:3, Licht: 0","157899","3","6","2","01","11","1","1","0","0","1","0","0"
"POINT (9.973744564000072 53.598333713000045)","Unfall 157900 (2019) Kat:3, Licht: 2","157900","3","6","1","01","16","7","1","2","0","1","0","0"
"POINT (9.904625711000051 53.609801511000057)","Unfall 157901 (2019) Kat:3, Licht: 0","157901","3","4","6","02","11","6","0","0","0","1","1","0"
"POINT (10.089278834000027 53.664143697000043)","Unfall 157902 (2019) Kat:3, Licht: 2","157902","3","5","1","01","03","1","1","2","0","1","0","0"
"POINT (10.038608243000056 53.591427054000064)","Unfall 157903 (2019) Kat:3, Licht: 0","157903","3","3","5","01","10","1","0","0","0","1","0","0"
"POINT (9.962747331000060 53.599704440000039)","Unfall 157904 (2019) Kat:3, Licht: 0","157904","3","7","3","02","15","7","0","0","0","1","0","0"
"POINT (9.913876387000073 53.596830220000072)","Unfall 157905 (2019) Kat:3, Licht: 2","157905","3","6","4","01","22","1","2","2","0","1","0","0"
"POINT (9.898201008000058 53.625154660000078)","Unfall 157906 (2019) Kat:3, Licht: 2","157906","3","3","5","01","00","1","1","2","0","1","0","0"
"POINT (9.989331315000072 53.558111887000052)","Unfall 157907 (2019) Kat:2, Licht: 2","157907","2","3","5","01","00","1","1","2","0","1","0","0"
"POINT (9.989651036000055 53.545311944000048)","Unfall 157908 (2019) Kat:3, Licht: 0","157908","3","3","5","01","08","1","0","0","0","1","0","1"
"POINT (10.023341853000034 53.527010764000067)","Unfall 157909 (2019) Kat:2, Licht: 2","157909","2","4","6","01","19","7","1","2","0","1","1","0"
"POINT (9.851729378000073 53.586189005000051)","Unfall 157910 (2019) Kat:3, Licht: 0","157910","3","6","2","01","15","7","0","0","0","1","0","0"
"POINT (9.963713555000027 53.549332234000076)","Unfall 157911 (2019) Kat:3, Licht: 2","157911","3","7","0","01","18","7","1","2","1","0","0","0"
"POINT (9.903369031000068 53.513330311000061)","Unfall 157912 (2019) Kat:3, Licht: 2","157912","3","1","8","01","04","6","2","2","0","1","0","0"
"POINT (9.790694841000061 53.510567964000074)","Unfall 157913 (2019) Kat:3, Licht: 0","157913","3","6","2","01","08","6","1","0","0","1","0","0"
"POINT (10.007953212000075 53.496478859000035)","Unfall 157914 (2019) Kat:3, Licht: 0","157914","3","6","3","01","11","6","1","0","0","1","0","0"
"POINT (10.204113346000042 53.472386544000074)","Unfall 157915 (2019) Kat:3, Licht: 0","157915","3","4","6","01","13","6","1","0","0","1","1","0"
"POINT (10.172451667000075 53.488243247000071)","Unfall 157916 (2019) Kat:3, Licht: 0","157916","3","7","0","01","08","6","2","0","0","1","0","0"
"POINT (10.077251732000036 53.529641416000061)","Unfall 157917 (2019) Kat:3, Licht: 1","157917","3","6","2","01","07","6","2","1","0","0","0","0"
"POINT (10.111303240000041 53.531071915000041)","Unfall 157918 (2019) Kat:3, Licht: 0","157918","3","3","5","01","14","6","1","0","0","1","0","0"
"POINT (10.075128454000037 53.564365253000062)","Unfall 157919 (2019) Kat:3, Licht: 2","157919","3","4","6","01","06","6","2","2","0","1","1","0"
"POINT (10.109470801000043 53.625891619000072)","Unfall 157920 (2019) Kat:3, Licht: 0","157920","3","3","5","01","14","6","1","0","1","1","0","0"
"POINT (10.106657241000050 53.633058999000070)","Unfall 157921 (2019) Kat:3, Licht: 0","157921","3","6","1","01","14","6","1","0","0","1","0","0"
"POINT (10.068989417000068 53.601621240000043)","Unfall 157922 (2019) Kat:3, Licht: 0","157922","3","6","2","01","10","6","2","0","0","1","0","0"
"POINT (10.026574724000056 53.625752142000067)","Unfall 157923 (2019) Kat:3, Licht: 2","157923","3","6","0","01","07","6","2","2","1","1","0","0"
"POINT (10.031892704000029 53.600827150000043)","Unfall 157924 (2019) Kat:3, Licht: 0","157924","3","6","2","01","09","6","2","0","0","1","0","0"
"POINT (10.009220568000046 53.585080392000066)","Unfall 157925 (2019) Kat:3, Licht: 0","157925","3","6","2","01","12","6","1","0","0","1","0","0"
"POINT (10.057904717000042 53.566343958000061)","Unfall 157926 (2019) Kat:2, Licht: 2","157926","2","6","2","01","20","6","2","2","0","1","0","0"
"POINT (9.811885786000062 53.565121053000041)","Unfall 157927 (2019) Kat:3, Licht: 0","157927","3","2","6","01","08","6","2","0","0","1","1","0"
"POINT (9.993855961000065 53.557919302000073)","Unfall 157928 (2019) Kat:3, Licht: 2","157928","3","3","5","01","00","6","2","2","0","1","0","0"
"POINT (9.958797299000025 53.561958782000033)","Unfall 157929 (2019) Kat:3, Licht: 0","157929","3","2","5","01","09","6","2","0","1","1","0","0"
"POINT (9.987496863000047 53.466038431000072)","Unfall 157930 (2019) Kat:3, Licht: 0","157930","3","2","3","01","08","6","2","0","1","1","0","0"
"POINT (10.105162535000034 53.571539322000035)","Unfall 157931 (2019) Kat:3, Licht: 0","157931","3","3","0","02","17","1","0","0","1","1","0","0"
"POINT (9.846373260000064 53.525632517000076)","Unfall 157932 (2019) Kat:2, Licht: 0","157932","2","1","8","01","11","5","0","0","0","1","0","0"
"POINT (9.987182397000026 53.455464781000046)","Unfall 157933 (2019) Kat:3, Licht: 2","157933","3","3","6","01","18","5","0","2","0","1","1","0"
"POINT (10.008888506000062 53.462987658000031)","Unfall 157934 (2019) Kat:3, Licht: 0","157934","3","6","4","01","14","5","1","0","0","1","0","0"
"POINT (9.986565283000061 53.509564063000028)","Unfall 157935 (2019) Kat:3, Licht: 0","157935","3","3","5","01","13","5","1","0","0","1","0","0"