WKT,Name,OBJECTID,UKATEGORIE,UTYP1,UART,UMONAT,USTUNDE,UWOCHENTAG,STRZUSTAND,ULICHTVERH,ISTRAD,ISTPKW,ISTFUSS,ISTKRAD
"POINT (10.064572652000038 53.586521850000054)","Unfall 158121 (2019) Kat:3, Licht: 2","158121","3","2","4","02","06","4","1","2","0","1","0","1"
"POINT (10.010888095000041 53.462960160000080)","Unfall 158122 (2019) Kat:3, Licht: 1","158122","3","2","6","02","18","5","0","1","0","0","1","0"
"POINT (10.041701818000035 53.555490190000057)","Unfall 158123 (2019) Kat:3, Licht: 0","158123","3","4","6","02","18","4","0","0","1","0","1","0"
"POINT (10.038040127000045 53.609420746000069)","Unfall 158124 (2019) Kat:3, Licht: 0","158124","3","5","1","02","16","2","0","0","1","1","0","0"
"POINT (10.017283340000063 53.600256248000051)","Unfall 158125 (2019) Kat:3, Licht: 0","158125","3","6","2","02","15","3","1","0","0","1","0","0"
"POINT (9.987928267000029 53.581972142000041)","Unfall 158126 (2019) Kat:3, Licht: 2","158126","3","3","5","02","21","3","0","2","1","1","0","0"
"POINT (9.923544556000024 53.638418352000031)","Unfall 158127 (2019) Kat:3, Licht: 2","158127","3","6","4","02","19","6","1","2","0","1","0","0"
"POINT (10.012071797000033 53.558014366000066)","Unfall 158128 (2019) Kat:3, Licht: 0","158128","3","6","0","02","15","7","0","0","1","1","0","0"
"POINT (9.987931253000056 53.581970834000060)","Unfall 158129 (2019) Kat:3, Licht: 0","158129","3","3","5","02","14","6","0","0","1","1","0","0"
"POINT (9.980905469000049 53.556549826000037)","Unfall 158130 (2019) Kat:3, Licht: 0","158130","3","6","2","02","14","7","0","0","0","1","0","0"
"POINT (10.013550453000050 53.552101094000079)","Unfall 158131 (2019) Kat:3, Licht: 2","158131","3","6","2","02","18","5","1","2","0","1","0","0"
"POINT (9.957501306000040 53.569916516000035)","Unfall 158132 (2019) Kat:3, Licht: 2","158132","3","3","0","02","04","4","0","2","1","0","0","0"
"POINT (10.014754683000035 53.575946042000055)","Unfall 158133 (2019) Kat:3, Licht: 2","158133","3","2","5","02","18","7","0","2","1","1","0","0"
"POINT (10.208614620000048 53.494342935000077)","Unfall 158134 (2019) Kat:2, Licht: 0","158134","2","4","6","02","16","7","0","0","0","0","1","0"
"POINT (10.078582984000036 53.550371541000061)","Unfall 158135 (2019) Kat:3, Licht: 2","158135","3","1","9","02","21","4","1","2","0","1","0","0"
"POINT (10.026669474000073 53.606729502000064)","Unfall 158136 (2019) Kat:3, Licht: 0","158136","3","6","2","02","07","4","0","0","0","1","0","0"
"POINT (10.076134478000029 53.614338053000040)","Unfall 158137 (2019) Kat:3, Licht: 2","158137","3","2","5","02","18","5","1","2","0","1","0","0"
"POINT (10.068655578000062 53.651165445000061)","Unfall 158138 (2019) Kat:3, Licht: 0","158138","3","2","5","02","15","4","0","0","0","1","0","0"
"POINT (9.925623864000045 53.561716956000055)","Unfall 158139 (2019) Kat:3, Licht: 0","158139","3","2","0","02","07","2","1","0","0","1","1","0"
"POINT (10.082065842000077 53.557560955000042)","Unfall 158140 (2019) Kat:3, Licht: 2","158140","3","7","6","02","19","2","0","2","0","1","1","0"
"POINT (9.993647633000023 53.550242977000039)","Unfall 158141 (2019) Kat:3, Licht: 0","158141","3","4","6","02","12","3","0","0","1","0","1","0"
"POINT (9.859870045000037 53.476820199000031)","Unfall 158142 (2019) Kat:3, Licht: 2","158142","3","2","5","02","19","5","0","2","0","1","0","1"
"POINT (10.084811140000056 53.659584515000063)","Unfall 158143 (2019) Kat:2, Licht: 0","158143","2","2","0","02","15","6","0","0","0","1","0","0"
"POINT (10.155887673000052 53.614234800000077)","Unfall 158144 (2019) Kat:3, Licht: 0","158144","3","2","5","02","15","5","0","0","1","1","0","0"
"POINT (10.118718479000052 53.606697831000076)","Unfall 158145 (2019) Kat:3, Licht: 0","158145","3","6","3","02","10","6","0","0","0","0","0","0"
"POINT (10.147641804000045 53.604966450000063)","Unfall 158146 (2019) Kat:3, Licht: 0","158146","3","7","8","02","10","4","0","0","0","1","0","0"
"POINT (9.977385406000053 53.460877193000044)","Unfall 158147 (2019) Kat:3, Licht: 2","158147","3","3","5","02","18","3","0","2","0","0","0","0"
"POINT (10.124921610000058 53.571432627000036)","Unfall 158148 (2019) Kat:3, Licht: 0","158148","3","3","5","02","12","4","0","0","0","1","0","0"
"POINT (9.960754451000071 53.631293778000042)","Unfall 158149 (2019) Kat:3, Licht: 0","158149","3","3","0","02","15","4","0","0","0","1","0","1"
"POINT (10.080205573000057 53.641202431000067)","Unfall 158150 (2019) Kat:3, Licht: 0","158150","3","6","2","02","11","7","0","0","0","1","0","0"
"POINT (10.015504607000025 53.647981691000041)","Unfall 158151 (2019) Kat:3, Licht: 0","158151","3","6","2","02","15","1","0","0","0","1","0","0"
"POINT (9.918544194000049 53.590921969000078)","Unfall 158152 (2019) Kat:3, Licht: 2","158152","3","2","3","02","18","5","1","2","1","1","0","0"
"POINT (10.029910565000023 53.600401799000053)","Unfall 158153 (2019) Kat:3, Licht: 0","158153","3","6","3","02","16","4","0","0","0","1","0","1"
"POINT (9.901244816000030 53.556897594000077)","Unfall 158154 (2019) Kat:3, Licht: 2","158154","3","4","6","02","16","1","1","2","0","1","1","0"
"POINT (9.910022704000028 53.632747779000056)","Unfall 158155 (2019) Kat:3, Licht: 0","158155","3","6","2","02","09","2","0","0","0","1","0","0"
"POINT (10.099197190000041 53.569554485000026)","Unfall 158156 (2019) Kat:3, Licht: 0","158156","3","3","5","02","08","2","0","0","1","1","0","0"
"POINT (10.071586189000072 53.573559412000066)","Unfall 158157 (2019) Kat:3, Licht: 2","158157","3","4","6","02","17","5","0","2","0","1","1","0"
"POINT (9.914827225000067 53.557775971000069)","Unfall 158158 (2019) Kat:3, Licht: 1","158158","3","3","5","02","18","5","0","1","1","1","0","0"
"POINT (10.024327669000058 53.628283920000058)","Unfall 158159 (2019) Kat:3, Licht: 0","158159","3","3","5","02","12","6","0","0","1","1","0","0"
"POINT (10.062064415000066 53.569073890000027)","Unfall 158160 (2019) Kat:3, Licht: 1","158160","3","2","6","02","19","4","0","1","0","1","1","0"
"POINT (10.024245598000050 53.606684690000066)","Unfall 158161 (2019) Kat:3, Licht: 0","158161","3","3","5","02","14","3","0","0","1","1","0","0"
"POINT (10.060158499000067 53.594437902000038)","Unfall 158162 (2019) Kat:3, Licht: 1","158162","3","6","2","02","17","4","0","1","0","1","0","0"
"POINT (10.067186480000032 53.559649406000062)","Unfall 158163 (2019) Kat:3, Licht: 0","158163","3","6","2","02","08","3","0","0","0","1","0","0"
"POINT (9.956384616000037 53.548024140000052)","Unfall 158164 (2019) Kat:3, Licht: 2","158164","3","3","5","02","02","7","1","2","1","1","0","0"
"POINT (10.087278572000059 53.511514590000047)","Unfall 158165 (2019) Kat:3, Licht: 1","158165","3","2","4","02","16","7","0","1","0","1","0","1"
"POINT (10.084413311000048 53.508955312000069)","Unfall 158166 (2019) Kat:3, Licht: 0","158166","3","6","2","02","14","1","0","0","0","1","0","1"
"POINT (10.059296384000049 53.574334041000043)","Unfall 158167 (2019) Kat:3, Licht: 2","158167","3","2","6","02","18","4","1","2","0","1","1","0"
"POINT (10.077365396000062 53.550556090000043)","Unfall 158168 (2019) Kat:3, Licht: 0","158168","3","7","0","02","12","4","0","0","0","1","0","0"
"POINT (9.961972938000031 53.628486054000064)","Unfall 158169 (2019) Kat:3, Licht: 1","158169","3","2","6","02","07","2","0","1","0","0","1","0"
"POINT (10.008461783000030 53.553389303000074)","Unfall 158170 (2019) Kat:3, Licht: 2","158170","3","4","6","02","20","5","0","2","0","1","1","0"
"POINT (9.880282846000057 53.593093642000042)","Unfall 158171 (2019) Kat:2, Licht: 0","158171","2","6","3","02","13","6","0","0","0","0","0","0"
"POINT (10.003027723000059 53.545926341000040)","Unfall 158172 (2019) Kat:2, Licht: 0","158172","2","4","6","02","08","3","1","0","0","1","1","1"
"POINT (9.969462538000073 53.576628949000053)","Unfall 158173 (2019) Kat:3, Licht: 2","158173","3","4","6","02","18","4","0","2","1","0","1","0"
"POINT (10.110274065000056 53.648173901000064)","Unfall 158174 (2019) Kat:3, Licht: 2","158174","3","7","1","02","20","3","0","2","0","1","0","0"
"POINT (10.075282099000049 53.551261295000074)","Unfall 158175 (2019) Kat:3, Licht: 0","158175","3","3","5","02","09","6","0","0","0","1","0","0"
"POINT (10.066867255000034 53.587111397000058)","Unfall 158176 (2019) Kat:3, Licht: 2","158176","3","4","0","02","21","7","0","2","0","1","1","0"
"POINT (10.035770496000055 53.600918636000074)","Unfall 158177 (2019) Kat:3, Licht: 2","158177","3","2","5","02","22","1","0","2","0","1","0","0"
"POINT (10.041079758000024 53.600636591000068)","Unfall 158178 (2019) Kat:3, Licht: 2","158178","3","2","0","02","19","4","1","2","1","0","0","0"
"POINT (10.056871702000024 53.607273019000047)","Unfall 158179 (2019) Kat:3, Licht: 0","158179","3","3","5","02","11","4","1","0","0","1","0","0"
"POINT (10.209826004000035 53.513003712000057)","Unfall 158180 (2019) Kat:2, Licht: 2","158180","2","2","6","02","20","5","1","2","0","1","1","0"
"POINT (10.069701025000029 53.579412382000044)","Unfall 158181 (2019) Kat:3, Licht: 0","158181","3","2","2","02","14","4","0","0","0","1","0","0"
"POINT (10.024846447000073 53.609301025000036)","Unfall 158182 (2019) Kat:2, Licht: 1","158182","2","3","5","02","17","2","0","1","1","1","0","0"
"POINT (9.892367019000062 53.573743066000077)","Unfall 158183 (2019) Kat:3, Licht: 0","158183","3","4","6","02","14","3","1","0","0","1","1","0"
"POINT (9.968639045000032 53.566964183000039)","Unfall 158184 (2019) Kat:3, Licht: 0","158184","3","4","6","02","15","6","0","0","0","1","1","0"
"POINT (10.148742738000067 53.585918580000055)","Unfall 158185 (2019) Kat:3, Licht: 2","158185","3","3","5","02","18","2","0","2","0","1","0","0"
"POINT (10.063643412000033 53.555741085000079)","Unfall 158186 (2019) Kat:3, Licht: 2","158186","3","2","3","02","07","3","1","2","0","1","0","0"
"POINT (9.973927238000044 53.611375179000049)","Unfall 158187 (2019) Kat:3, Licht: 2","158187","3","4","6","02","18","3","0","2","0","1","1","0"
"POINT (10.025627553000049 53.580721424000046)","Unfall 158188 (2019) Kat:3, Licht: 0","158188","3","2","3","02","12","6","0","0","1","1","0","0"
"POINT (9.945344230000046 53.551048441000034)","Unfall 158189 (2019) Kat:3, Licht: 0","158189","3","7","6","02","11","7","0","0","1","0","1","0"
"POINT (9.953225548000035 53.568455114000074)","Unfall 158190 (2019) Kat:3, Licht: 0","158190","3","6","2","02","12","6","0","0","0","1","0","0"
"POINT (10.082414658000062 53.576624950000053)","Unfall 158191 (2019) Kat:3, Licht: 0","158191","3","2","5","02","15","7","0","0","1","1","0","0"
"POINT (10.075381259000039 53.652708056000051)","Unfall 158192 (2019) Kat:3, Licht: 1","158192","3","6","1","02","16","4","1","1","0","1","0","0"
"POINT (9.878504734000046 53.602492257000051)","Unfall 158193 (2019) Kat:3, Licht: 2","158193","3","3","5","02","19","4","0","2","0","1","0","0"
"POINT (10.020089905000077 53.613884531000053)","Unfall 158194 (2019) Kat:3, Licht: 2","158194","3","3","5","02","21","5","0","2","0","1","0","0"
"POINT (10.012336091000066 53.646398704000035)","Unfall 158195 (2019) Kat:3, Licht: 0","158195","3","7","3","02","13","4","0","0","0","1","0","0"
"POINT (9.950728369000046 53.544913676000078)","Unfall 158196 (2019) Kat:3, Licht: 0","158196","3","2","4","02","08","2","0","0","1","0","0","0"
"POINT (10.098925580000071 53.640967664000073)","Unfall 158197 (2019) Kat:3, Licht: 0","158197","3","3","5","02","11","2","0","0","0","1","0","0"
"POINT (9.988676233000035 53.482664516000057)","Unfall 158198 (2019) Kat:3, Licht: 0","158198","3","6","0","02","17","2","0","0","1","1","0","0"
"POINT (10.080841037000027 53.559892946000048)","Unfall 158199 (2019) Kat:3, Licht: 2","158199","3","3","5","02","19","5","0","2","0","1","0","0"
"POINT (9.905103758000053 53.607935272000077)","Unfall 158200 (2019) Kat:3, Licht: 1","158200","3","2","6","02","06","6","0","1","0","0","1","0"
"POINT (10.033443510000041 53.644639778000055)","Unfall 158201 (2019) Kat:3, Licht: 0","158201","3","4","6","02","16","5","0","0","0","1","1","0"
"POINT (10.168923830000040 53.596236408000038)","Unfall 158202 (2019) Kat:3, Licht: 0","158202","3","5","1","02","14","6","0","0","0","1","0","0"
"POINT (10.099824508000040 53.641459143000077)","Unfall 158203 (2019) Kat:3, Licht: 1","158203","3","6","1","02","07","4","0","1","0","1","0","0"
"POINT (9.980832951000025 53.564990766000051)","Unfall 158204 (2019) Kat:3, Licht: 0","158204","3","2","3","02","17","3","0","0","0","1","0","1"
"POINT (9.956106437000074 53.607749340000055)","Unfall 158205 (2019) Kat:2, Licht: 0","158205","2","6","6","02","07","6","0","0","1","0","1","0"
"POINT (10.032693989000052 53.545934682000052)","Unfall 158206 (2019) Kat:3, Licht: 0","158206","3","7","4","02","16","6","0","0","0","1","0","0"
"POINT (9.985842812000044 53.547234778000075)","Unfall 158207 (2019) Kat:3, Licht: 0","158207","3","2","5","02","08","6","0","0","1","1","0","0"
"POINT (10.112371683000049 53.564603096000042)","Unfall 158208 (2019) Kat:3, Licht: 0","158208","3","3","5","02","07","6","1","0","0","1","0","0"
"POINT (10.056183083000064 53.647029923000048)","Unfall 158209 (2019) Kat:2, Licht: 0","158209","2","4","6","02","07","4","0","0","0","1","1","0"
"POINT (9.959880900000030 53.548945286000048)","Unfall 158210 (2019) Kat:2, Licht: 0","158210","2","7","0","02","10","4","1","0","1","1","0","0"
"POINT (9.922735561000025 53.562091669000040)","Unfall 158211 (2019) Kat:2, Licht: 0","158211","2","4","6","02","14","5","0","0","0","1","1","0"
"POINT (10.038392982000062 53.569656968000061)","Unfall 158212 (2019) Kat:3, Licht: 0","158212","3","6","3","02","15","4","0","0","0","1","0","0"
"POINT (9.955444541000077 53.555140369000071)","Unfall 158213 (2019) Kat:3, Licht: 0","158213","3","3","5","02","14","1","1","0","1","1","0","0"
"POINT (10.071090424000033 53.559238957000048)","Unfall 158214 (2019) Kat:3, Licht: 0","158214","3","2","5","02","10","1","0","0","0","1","0","1"
"POINT (10.072383388000048 53.572213880000049)","Unfall 158215 (2019) Kat:3, Licht: 0","158215","3","3","5","02","09","2","0","0","0","1","0","0"
"POINT (9.918802906000053 53.635067346000028)","Unfall 158216 (2019) Kat:3, Licht: 2","158216","3","2","5","02","19","5","0","2","1","1","0","0"
"POINT (10.010166335000065 53.609800548000067)","Unfall 158217 (2019) Kat:3, Licht: 0","158217","3","5","1","02","07","6","1","0","1","1","0","0"
"POINT (9.941527294000025 53.563408024000069)","Unfall 158218 (2019) Kat:3, Licht: 0","158218","3","2","6","02","16","3","0","0","1","0","1","0"
"POINT (10.025064210000039 53.609003802000075)","Unfall 158219 (2019) Kat:3, Licht: 2","158219","3","6","2","02","06","4","0","2","0","1","0","0"
"POINT (10.095616598000049 53.559768982000037)","Unfall 158220 (2019) Kat:3, Licht: 0","158220","3","3","5","02","10","3","0","0","0","1","0","0"
"POINT (10.082955280000022 53.576759547000051)","Unfall 158221 (2019) Kat:3, Licht: 2","158221","3","4","6","02","19","4","0","2","0","1","1","0"
"POINT (10.014815100000021 53.552560506000077)","Unfall 158222 (2019) Kat:3, Licht: 0","158222","3","6","3","02","16","4","0","0","0","1","0","0"
"POINT (9.943704670000045 53.555978257000049)","Unfall 158223 (2019) Kat:3, Licht: 2","158223","3","7","3","02","19","7","0","2","1","1","0","0"
"POINT (10.005948659000069 53.547899328000028)","Unfall 158224 (2019) Kat:3, Licht: 0","158224","3","6","3","02","12","1","0","0","0","1","0","0"
"POINT (9.976643579000040 53.594386131000078)","Unfall 158225 (2019) Kat:3, Licht: 0","158225","3","5","5","02","08","2","0","0","0","1","0","0"
"POINT (9.987452705000067 53.450210585000036)","Unfall 158226 (2019) Kat:3, Licht: 0","158226","3","3","5","02","13","4","0","0","1","1","0","0"
"POINT (9.994581441000037 53.558579918000078)","Unfall 158227 (2019) Kat:3, Licht: 0","158227","3","6","2","02","13","6","0","0","0","1","0","0"
"POINT (9.991536674000031 53.502608579000082)","Unfall 158228 (2019) Kat:3, Licht: 0","158228","3","2","2","02","16","2","0","0","0","1","0","0"
"POINT (9.819659854000065 53.471366044000035)","Unfall 158229 (2019) Kat:3, Licht: 2","158229","3","7","6","02","20","3","0","2","0","0","1","0"
"POINT (10.049150867000037 53.646615152000038)","Unfall 158230 (2019) Kat:3, Licht: 2","158230","3","2","4","02","19","3","0","2","0","1","0","0"
"POINT (10.153529211000034 53.597819195000056)","Unfall 158231 (2019) Kat:3, Licht: 0","158231","3","2","4","02","13","6","0","0","1","1","0","0"
"POINT (10.019630609000046 53.632171568000047)","Unfall 158232 (2019) Kat:3, Licht: 0","158232","3","3","5","02","14","7","0","0","0","1","0","0"
"POINT (9.989237553000066 53.558129473000065)","Unfall 158233 (2019) Kat:3, Licht: 0","158233","3","2","3","02","17","1","0","0","1","1","0","0"
"POINT (10.021041223000054 53.630923779000057)","Unfall 158234 (2019) Kat:3, Licht: 0","158234","3","6","1","02","12","4","1","0","0","1","0","0"
"POINT (10.079193276000069 53.562989968000068)","Unfall 158235 (2019) Kat:3, Licht: 0","158235","3","6","2","02","13","3","0","0","0","1","0","0"
"POINT (9.912244391000058 53.513279154000031)","Unfall 158236 (2019) Kat:3, Licht: 0","158236","3","6","2","02","11","6","1","0","0","1","0","0"
"POINT (10.207706023000071 53.491121933000045)","Unfall 158237 (2019) Kat:3, Licht: 0","158237","3","5","1","02","11","7","0","0","1","1","0","0"
"POINT (10.034410919000038 53.536813892000055)","Unfall 158238 (2019) Kat:2, Licht: 2","158238","2","2","5","02","18","1","0","2","0","1","0","1"
"POINT (10.029898251000077 53.600108208000051)","Unfall 158239 (2019) Kat:3, Licht: 0","158239","3","6","1","02","11","4","1","0","0","1","0","0"
"POINT (10.172205462000022 53.630297736000045)","Unfall 158240 (2019) Kat:3, Licht: 0","158240","3","4","6","02","14","4","1","0","0","1","1","0"
"POINT (9.822466534000057 53.512784970000041)","Unfall 158241 (2019) Kat:3, Licht: 0","158241","3","6","4","02","07","5","0","0","0","1","0","0"
"POINT (10.037471388000029 53.552451335000057)","Unfall 158242 (2019) Kat:3, Licht: 0","158242","3","2","3","02","15","4","0","0","1","1","0","0"
"POINT (10.059488683000041 53.572844210000028)","Unfall 158243 (2019) Kat:3, Licht: 0","158243","3","7","8","02","07","2","1","0","0","1","0","0"
"POINT (9.994432979000067 53.602094267000041)","Unfall 158244 (2019) Kat:3, Licht: 0","158244","3","2","5","02","14","3","1","0","1","1","0","0"
"POINT (9.949064415000066 53.558496834000039)","Unfall 158245 (2019) Kat:3, Licht: 0","158245","3","4","6","02","12","3","0","0","0","1","1","0"
"POINT (9.860842449000074 53.597980430000064)","Unfall 158246 (2019) Kat:3, Licht: 0","158246","3","3","5","02","16","6","1","0","1","1","0","0"
"POINT (9.989118884000050 53.558342401000061)","Unfall 158247 (2019) Kat:3, Licht: 0","158247","3","2","0","02","14","7","0","0","0","1","0","0"
"POINT (9.995989322000071 53.579119051000077)","Unfall 158248 (2019) Kat:3, Licht: 0","158248","3","5","1","02","08","6","0","0","0","1","0","0"
"POINT (9.973499979000053 53.547100198000066)","Unfall 158249 (2019) Kat:3, Licht: 0","158249","3","7","0","02","15","7","0","0","1","0","0","0"
"POINT (9.895024181000053 53.609360290000041)","Unfall 158250 (2019) Kat:3, Licht: 1","158250","3","6","2","02","16","4","1","1","0","1","0","0"
"POINT (9.959847319000062 53.570370250000053)","Unfall 158251 (2019) Kat:3, Licht: 0","158251","3","3","5","02","08","4","1","0","1","1","0","0"
"POINT (10.053769828000043 53.568819427000051)","Unfall 158252 (2019) Kat:3, Licht: 1","158252","3","6","1","02","17","5","1","1","0","1","0","0"
"POINT (9.994524410000054 53.602034940000067)","Unfall 158253 (2019) Kat:3, Licht: 1","158253","3","2","4","02","18","4","0","1","0","1","0","0"
"POINT (9.975221618000035 53.556595713000036)","Unfall 158254 (2019) Kat:3, Licht: 0","158254","3","6","2","02","20","2","0","0","0","0","0","1"
"POINT (10.129227129000071 53.672207238000055)","Unfall 158255 (2019) Kat:3, Licht: 0","158255","3","3","5","02","12","4","1","0","0","1","0","0"
"POINT (10.071238729000072 53.571971469000061)","Unfall 158256 (2019) Kat:3, Licht: 0","158256","3","2","4","02","10","5","0","0","0","1","0","0"
"POINT (10.103434331000074 53.664752275000069)","Unfall 158257 (2019) Kat:3, Licht: 0","158257","3","6","4","02","16","4","0","0","1","1","0","0"
"POINT (10.039761255000030 53.571027850000064)","Unfall 158258 (2019) Kat:3, Licht: 0","158258","3","3","5","02","15","2","0","0","1","1","0","0"
"POINT (9.934887772000025 53.430865869000058)","Unfall 158259 (2019) Kat:2, Licht: 2","158259","2","2","4","02","20","2","0","2","0","1","0","0"
"POINT (9.968026114000054 53.572640156000034)","Unfall 158260 (2019) Kat:3, Licht: 0","158260","3","7","0","02","16","3","0","0","1","0","0","0"
"POINT (9.923179552000022 53.515942295000059)","Unfall 158261 (2019) Kat:2, Licht: 2","158261","2","1","9","02","17","6","1","2","0","0","0","1"
"POINT (10.062028707000024 53.652961983000068)","Unfall 158262 (2019) Kat:2, Licht: 0","158262","2","2","6","02","07","6","0","0","0","1","1","0"
"POINT (9.999166603000049 53.476704902000051)","Unfall 158263 (2019) Kat:3, Licht: 2","158263","3","6","2","02","06","5","0","2","1","1","0","0"
"POINT (10.142810839000049 53.583945912000047)","Unfall 158264 (2019) Kat:2, Licht: 2","158264","2","1","8","02","02","6","0","2","0","1","0","0"
"POINT (9.879473571000062 53.585412164000047)","Unfall 158265 (2019) Kat:3, Licht: 2","158265","3","1","1","02","20","4","1","2","0","1","0","0"
"POINT (10.008986494000055 53.456957346000081)","Unfall 158266 (2019) Kat:3, Licht: 0","158266","3","6","2","02","16","3","0","0","0","1","0","0"
"POINT (10.044256135000069 53.539894725000067)","Unfall 158267 (2019) Kat:3, Licht: 0","158267","3","3","5","02","17","4","0","0","0","1","0","0"
"POINT (9.884762748000071 53.580279374000042)","Unfall 158268 (2019) Kat:3, Licht: 0","158268","3","6","2","02","09","4","0","0","0","1","0","1"
"POINT (10.160541334000072 53.662472355000034)","Unfall 158269 (2019) Kat:3, Licht: 0","158269","3","7","1","02","11","7","0","0","1","1","0","0"
"POINT (10.066756426000040 53.639791592000051)","Unfall 158270 (2019) Kat:3, Licht: 0","158270","3","6","0","02","09","1","0","0","0","0","0","1"
"POINT (10.004649771000061 53.607117958000060)","Unfall 158271 (2019) Kat:3, Licht: 0","158271","3","6","1","02","11","2","0","0","1","1","0","0"
"POINT (9.999639495000054 53.671435294000048)","Unfall 158272 (2019) Kat:3, Licht: 0","158272","3","3","5","02","08","2","0","0","1","1","0","0"
"POINT (10.121200004000059 53.583017824000081)","Unfall 158273 (2019) Kat:3, Licht: 0","158273","3","2","5","02","16","2","0","0","1","1","0","0"
"POINT (10.064158388000067 53.572492520000026)","Unfall 158274 (2019) Kat:3, Licht: 0","158274","3","2","6","02","15","5","0","0","0","1","1","0"
"POINT (9.907294958000023 53.587108507000039)","Unfall 158275 (2019) Kat:3, Licht: 0","158275","3","2","2","02","07","5","0","0","0","1","0","0"
"POINT (10.037277843000027 53.648591125000053)","Unfall 158276 (2019) Kat:2, Licht: 2","158276","2","3","6","02","18","3","0","2","0","1","1","0"
"POINT (10.041059768000025 53.608060487000046)","Unfall 158277 (2019) Kat:3, Licht: 0","158277","3","6","2","02","16","6","0","0","0","1","0","0"
"POINT (9.866656324000076 53.589921467000067)","Unfall 158278 (2019) Kat:3, Licht: 0","158278","3","5","1","02","10","4","0","0","1","1","0","0"
"POINT (10.000598644000036 53.613555694000070)","Unfall 158279 (2019) Kat:3, Licht: 0","158279","3","2","2","02","15","3","0","0","0","1","0","0"
"POINT (10.036857140000052 53.601996381000049)","Unfall 158280 (2019) Kat:3, Licht: 0","158280","3","6","4","02","16","4","0","0","0","1","0","0"
"POINT (9.944180723000045 53.457409751000057)","Unfall 158281 (2019) Kat:3, Licht: 0","158281","3","3","5","02","14","3","0","0","1","1","0","0"
"POINT (9.957931184000074 53.551661511000077)","Unfall 158282 (2019) Kat:3, Licht: 2","158282","3","3","5","02","01","7","0","2","0","1","0","0"
"POINT (9.988239065000073 53.512657275000038)","Unfall 158283 (2019) Kat:3, Licht: 0","158283","3","4","6","02","09","7","0","0","0","1","1","0"
"POINT (10.011481250000031 53.649161764000041)","Unfall 158284 (2019) Kat:3, Licht: 0","158284","3","2","0","02","08","3","1","0","1","1","0","0"
"POINT (9.992234808000035 53.552363815000035)","Unfall 158285 (2019) Kat:3, Licht: 2","158285","3","4","6","02","19","2","0","2","0","1","1","0"
"POINT (9.988384637000024 53.572680262000063)","Unfall 158286 (2019) Kat:3, Licht: 2","158286","3","2","6","02","21","4","1","2","0","1","1","0"
"POINT (9.975894061000076 53.506810900000062)","Unfall 158287 (2019) Kat:3, Licht: 2","158287","3","3","5","02","18","4","0","2","0","1","0","1"
"POINT (9.973221105000050 53.569807375000039)","Unfall 158288 (2019) Kat:3, Licht: 0","158288","3","4","6","02","12","6","0","0","0","1","1","0"
"POINT (10.060025189000044 53.555973936000044)","Unfall 158289 (2019) Kat:3, Licht: 2","158289","3","7","0","02","18","2","0","2","0","1","0","0"
"POINT (9.968140755000036 53.566727767000032)","Unfall 158290 (2019) Kat:3, Licht: 0","158290","3","3","5","02","10","5","0","0","1","1","0","0"
"POINT (10.036962332000030 53.565325323000081)","Unfall 158291 (2019) Kat:3, Licht: 2","158291","3","3","6","02","18","3","0","2","0","1","1","0"
"POINT (9.920752362000030 53.591171262000046)","Unfall 158292 (2019) Kat:3, Licht: 1","158292","3","7","0","02","17","6","0","1","1","0","0","0"
"POINT (9.988360524000029 53.548421850000068)","Unfall 158293 (2019) Kat:3, Licht: 0","158293","3","7","6","02","12","3","0","0","0","0","1","0"
"POINT (9.972104933000026 53.642799233000062)","Unfall 158294 (2019) Kat:3, Licht: 0","158294","3","3","5","02","15","4","0","0","1","1","0","0"
"POINT (10.074411798000028 53.593889476000072)","Unfall 158295 (2019) Kat:2, Licht: 0","158295","2","4","6","02","10","3","0","0","0","1","1","0"
"POINT (10.083490342000061 53.546259268000028)","Unfall 158296 (2019) Kat:3, Licht: 0","158296","3","6","2","02","08","6","0","0","0","1","0","0"
"POINT (10.102285323000046 53.540696888000070)","Unfall 158297 (2019) Kat:3, Licht: 2","158297","3","7","6","02","19","7","0","2","0","1","1","0"
"POINT (9.924856730000045 53.594789641000034)","Unfall 158298 (2019) Kat:3, Licht: 2","158298","3","6","2","02","06","3","1","2","0","1","0","0"
"POINT (10.076098947000048 53.663621527000032)","Unfall 158299 (2019) Kat:3, Licht: 0","158299","3","2","5","02","17","1","0","0","0","1","0","1"
"POINT (10.184689445000060 53.506131979000031)","Unfall 158300 (2019) Kat:3, Licht: 0","158300","3","6","2","02","12","3","0","0","0","1","0","0"
"POINT (10.078818850000062 53.584822458000076)","Unfall 158301 (2019) Kat:3, Licht: 0","158301","3","3","5","02","13","4","1","0","0","1","0","0"
"POINT (9.918060886000035 53.579990819000045)","Unfall 158302 (2019) Kat:3, Licht: 2","158302","3","7","3","02","20","3","0","2","0","1","0","0"
"POINT (10.207962001000055 53.494692046000068)","Unfall 158303 (2019) Kat:3, Licht: 0","158303","3","7","0","02","08","5","0","0","0","1","0","0"
"POINT (10.102100054000061 53.597529632000033)","Unfall 158304 (2019) Kat:3, Licht: 0","158304","3","6","0","02","16","4","0","0","1","0","0","0"
"POINT (10.051075978000028 53.646816986000033)","Unfall 158305 (2019) Kat:2, Licht: 0","158305","2","3","5","02","09","2","0","0","1","1","0","0"