WKT,Name,OBJECTID,UKATEGORIE,UTYP1,UART,UMONAT,USTUNDE,UWOCHENTAG,STRZUSTAND,ULICHTVERH,ISTRAD,ISTPKW,ISTFUSS,ISTKRAD
"POINT (9.757571628000051 53.577352394000059)","Unfall 158306 (2019) Kat:3, Licht: 0","158306","3","2","6","02","09","3","1","0","0","1","1","0"
"POINT (9.866378904000044 53.596595581000031)","Unfall 158307 (2019) Kat:3, Licht: 0","158307","3","2","3","02","15","3","0","0","1","1","0","0"
"POINT (9.988930399000026 53.561896438000076)","Unfall 158308 (2019) Kat:3, Licht: 0","158308","3","7","0","02","17","3","0","0","0","1","0","0"
"POINT (9.951616355000056 53.620007851000082)","Unfall 158309 (2019) Kat:3, Licht: 0","158309","3","7","6","02","08","6","0","0","1","0","1","0"
"POINT (10.057582043000025 53.554034197000078)","Unfall 158310 (2019) Kat:3, Licht: 0","158310","3","3","5","02","08","6","0","0","0","1","0","1"
"POINT (9.970690682000054 53.592866899000057)","Unfall 158311 (2019) Kat:3, Licht: 0","158311","3","5","1","02","09","3","0","0","0","1","0","0"
"POINT (9.983957003000057 53.580703733000064)","Unfall 158312 (2019) Kat:3, Licht: 0","158312","3","7","1","02","08","6","0","0","0","1","0","0"
"POINT (9.944466745000057 53.556386281000073)","Unfall 158313 (2019) Kat:3, Licht: 0","158313","3","6","2","02","08","3","0","0","0","1","0","0"
"POINT (10.149742441000058 53.529729729000053)","Unfall 158314 (2019) Kat:3, Licht: 2","158314","3","2","6","02","18","3","1","2","0","1","1","0"
"POINT (9.975825149000059 53.561792071000070)","Unfall 158315 (2019) Kat:3, Licht: 2","158315","3","6","2","02","17","3","0","2","0","1","0","0"
"POINT (9.846601174000057 53.561958531000073)","Unfall 158316 (2019) Kat:3, Licht: 2","158316","3","1","1","02","21","3","0","2","0","1","0","0"
"POINT (10.094574094000052 53.638700665000044)","Unfall 158317 (2019) Kat:3, Licht: 0","158317","3","6","2","02","10","6","0","0","0","1","0","0"
"POINT (9.985333256000047 53.585047036000049)","Unfall 158318 (2019) Kat:3, Licht: 1","158318","3","7","5","02","17","7","0","1","1","1","0","0"
"POINT (10.277988248000042 53.460035020000078)","Unfall 158319 (2019) Kat:3, Licht: 0","158319","3","5","1","02","09","2","0","0","0","1","0","0"
"POINT (9.852272048000032 53.590267746000052)","Unfall 158320 (2019) Kat:3, Licht: 0","158320","3","7","0","02","14","6","0","0","0","1","0","0"
"POINT (10.077603277000037 53.565136255000027)","Unfall 158321 (2019) Kat:3, Licht: 2","158321","3","7","4","02","07","2","1","2","0","1","0","0"
"POINT (10.017879642000025 53.549124715000062)","Unfall 158322 (2019) Kat:3, Licht: 2","158322","3","2","5","02","20","7","0","2","0","1","0","0"
"POINT (10.040290581000022 53.547940334000032)","Unfall 158323 (2019) Kat:3, Licht: 0","158323","3","2","3","02","14","3","0","0","0","1","0","0"
"POINT (9.845306042000061 53.563593353000044)","Unfall 158324 (2019) Kat:3, Licht: 0","158324","3","3","5","02","10","4","0","0","0","1","0","0"
"POINT (10.020397321000075 53.631446607000044)","Unfall 158325 (2019) Kat:2, Licht: 0","158325","2","5","1","02","10","2","1","0","0","1","0","0"
"POINT (10.082315379000022 53.640860103000080)","Unfall 158326 (2019) Kat:3, Licht: 2","158326","3","2","6","02","19","5","1","2","0","1","1","0"
"POINT (9.909767773000056 53.554277743000057)","Unfall 158327 (2019) Kat:2, Licht: 0","158327","2","2","4","03","15","6","0","0","0","1","0","1"
"POINT (10.007884655000055 53.614728612000079)","Unfall 158328 (2019) Kat:3, Licht: 1","158328","3","2","6","02","06","4","0","1","0","1","1","0"
"POINT (9.917353095000067 53.581650452000076)","Unfall 158329 (2019) Kat:2, Licht: 0","158329","2","1","9","02","15","2","0","0","0","1","0","0"
"POINT (9.971510544000068 53.583319705000065)","Unfall 158330 (2019) Kat:3, Licht: 1","158330","3","5","1","03","19","6","0","1","1","1","0","0"
"POINT (10.150472057000059 53.628343175000055)","Unfall 158331 (2019) Kat:2, Licht: 2","158331","2","4","6","02","06","2","1","2","0","1","1","0"
"POINT (9.963359279000031 53.556422798000028)","Unfall 158332 (2019) Kat:3, Licht: 0","158332","3","7","0","03","16","6","0","0","1","0","0","0"
"POINT (9.993637073000059 53.517894641000055)","Unfall 158333 (2019) Kat:3, Licht: 0","158333","3","2","5","02","08","2","0","0","1","1","0","0"
"POINT (9.982898835000071 53.523613965000038)","Unfall 158334 (2019) Kat:3, Licht: 2","158334","3","5","1","02","05","5","1","2","1","0","0","0"
"POINT (9.954267728000048 53.545628722000060)","Unfall 158335 (2019) Kat:3, Licht: 0","158335","3","1","8","03","11","6","0","0","0","0","0","0"
"POINT (10.056341524000061 53.591281634000040)","Unfall 158336 (2019) Kat:3, Licht: 2","158336","3","6","2","02","22","6","0","2","0","1","0","0"
"POINT (10.005135404000043 53.547934683000051)","Unfall 158337 (2019) Kat:3, Licht: 1","158337","3","3","5","03","17","6","0","1","0","1","0","1"
"POINT (10.160227592000069 53.646484147000081)","Unfall 158338 (2019) Kat:3, Licht: 0","158338","3","6","2","02","13","5","0","0","1","1","0","0"
"POINT (10.104971987000056 53.572048647000031)","Unfall 158339 (2019) Kat:2, Licht: 0","158339","2","2","6","02","15","6","0","0","0","1","1","0"
"POINT (10.148277066000048 53.585678237000081)","Unfall 158340 (2019) Kat:3, Licht: 2","158340","3","4","6","02","21","3","1","2","0","1","1","0"
"POINT (9.995174050000060 53.543376372000068)","Unfall 158341 (2019) Kat:3, Licht: 0","158341","3","2","5","03","08","6","0","0","1","1","0","0"
"POINT (10.210503697000036 53.499464786000033)","Unfall 158342 (2019) Kat:3, Licht: 0","158342","3","3","5","02","07","3","0","0","1","0","0","0"
"POINT (10.008960800000068 53.552159424000081)","Unfall 158343 (2019) Kat:3, Licht: 2","158343","3","7","0","03","03","6","1","2","0","1","0","0"
"POINT (10.155906699000070 53.614256599000043)","Unfall 158344 (2019) Kat:3, Licht: 0","158344","3","2","5","02","07","4","0","0","0","1","0","0"
"POINT (9.956644017000031 53.450914725000075)","Unfall 158345 (2019) Kat:3, Licht: 0","158345","3","6","2","02","09","6","0","0","0","1","0","0"
"POINT (10.056718013000022 53.607138064000026)","Unfall 158346 (2019) Kat:3, Licht: 2","158346","3","7","6","02","17","3","0","2","0","1","1","0"
"POINT (9.854403047000062 53.470415253000056)","Unfall 158347 (2019) Kat:2, Licht: 0","158347","2","6","2","02","13","5","0","0","1","0","0","0"
"POINT (10.203253371000073 53.487690677000046)","Unfall 158348 (2019) Kat:3, Licht: 1","158348","3","2","5","02","17","5","0","1","1","1","0","0"
"POINT (9.947967764000055 53.553566547000059)","Unfall 158349 (2019) Kat:3, Licht: 0","158349","3","4","6","02","15","4","1","0","0","1","1","0"
"POINT (10.113629773000071 53.624800007000033)","Unfall 158350 (2019) Kat:3, Licht: 0","158350","3","2","5","02","11","5","0","0","1","1","0","0"
"POINT (9.779353190000052 53.566928315000041)","Unfall 158351 (2019) Kat:3, Licht: 2","158351","3","6","2","02","18","5","1","2","0","1","0","0"
"POINT (10.157126746000074 53.601724432000026)","Unfall 158352 (2019) Kat:2, Licht: 0","158352","2","7","6","02","17","5","0","0","1","0","1","0"
"POINT (10.040004940000074 53.579460445000052)","Unfall 158353 (2019) Kat:3, Licht: 0","158353","3","4","6","02","13","4","0","0","0","1","1","0"
"POINT (9.890256245000046 53.602026780000074)","Unfall 158354 (2019) Kat:3, Licht: 2","158354","3","6","4","02","21","1","1","2","0","1","0","0"
"POINT (10.034715977000076 53.616861715000027)","Unfall 158355 (2019) Kat:2, Licht: 0","158355","2","6","4","02","08","5","0","0","0","1","0","0"
"POINT (10.014841539000031 53.552739502000065)","Unfall 158356 (2019) Kat:3, Licht: 0","158356","3","5","1","02","17","2","0","0","1","1","0","0"
"POINT (10.000816016000044 53.681038860000058)","Unfall 158357 (2019) Kat:3, Licht: 0","158357","3","2","3","02","09","5","0","0","0","1","0","0"
"POINT (10.065424463000056 53.571408298000051)","Unfall 158358 (2019) Kat:3, Licht: 0","158358","3","3","6","02","16","2","0","0","1","0","1","0"
"POINT (10.036841821000053 53.611880381000049)","Unfall 158359 (2019) Kat:3, Licht: 2","158359","3","7","0","02","19","5","1","2","0","0","0","1"
"POINT (10.013929426000061 53.612948988000028)","Unfall 158360 (2019) Kat:3, Licht: 0","158360","3","1","1","02","15","5","0","0","0","1","0","0"
"POINT (9.890858245000061 53.608495022000056)","Unfall 158361 (2019) Kat:3, Licht: 0","158361","3","7","0","02","07","5","0","0","1","0","0","0"
"POINT (9.956809434000036 53.610160288000031)","Unfall 158362 (2019) Kat:3, Licht: 2","158362","3","6","4","02","18","5","0","2","1","1","0","0"
"POINT (10.017292261000023 53.563791474000027)","Unfall 158363 (2019) Kat:3, Licht: 0","158363","3","6","2","02","12","2","0","0","0","1","0","0"
"POINT (10.006106198000055 53.582587412000066)","Unfall 158364 (2019) Kat:1, Licht: 0","158364","1","3","5","02","14","6","0","0","0","1","0","1"
"POINT (9.890269284000055 53.575032759000067)","Unfall 158365 (2019) Kat:3, Licht: 0","158365","3","2","4","02","16","5","0","0","0","1","0","0"
"POINT (9.945030576000022 53.618885319000071)","Unfall 158366 (2019) Kat:3, Licht: 0","158366","3","3","5","02","15","3","0","0","1","1","0","0"
"POINT (9.942678934000071 53.563914684000054)","Unfall 158367 (2019) Kat:3, Licht: 0","158367","3","4","6","02","17","5","0","0","1","0","1","0"
"POINT (10.016145403000053 53.635136891000059)","Unfall 158368 (2019) Kat:3, Licht: 0","158368","3","6","2","02","15","4","0","0","0","1","0","0"
"POINT (9.981845973000077 53.572455776000027)","Unfall 158369 (2019) Kat:3, Licht: 0","158369","3","2","2","02","15","5","0","0","0","1","0","0"
"POINT (10.099140181000053 53.538469078000048)","Unfall 158370 (2019) Kat:3, Licht: 0","158370","3","3","5","02","14","3","0","0","0","1","0","0"
"POINT (9.982486766000022 53.557317501000057)","Unfall 158371 (2019) Kat:3, Licht: 1","158371","3","6","3","02","19","7","0","1","0","1","0","0"
"POINT (9.966097625000032 53.562353294000047)","Unfall 158372 (2019) Kat:3, Licht: 0","158372","3","7","6","02","10","5","0","0","0","1","1","0"
"POINT (10.200186921000068 53.512306044000070)","Unfall 158373 (2019) Kat:2, Licht: 2","158373","2","4","6","02","21","7","0","2","0","1","1","0"
"POINT (10.029139380000061 53.568506557000035)","Unfall 158374 (2019) Kat:3, Licht: 0","158374","3","3","5","02","11","2","0","0","0","1","0","0"
"POINT (10.113937188000023 53.601046197000073)","Unfall 158375 (2019) Kat:3, Licht: 0","158375","3","3","5","03","12","3","0","0","1","1","0","0"
"POINT (10.176126842000031 53.610419277000062)","Unfall 158376 (2019) Kat:2, Licht: 2","158376","2","3","5","03","20","3","1","2","1","1","0","0"
"POINT (10.086777360000042 53.577650410000047)","Unfall 158377 (2019) Kat:3, Licht: 1","158377","3","6","2","03","19","3","1","1","0","1","0","0"
"POINT (10.092492188000051 53.653343877000054)","Unfall 158378 (2019) Kat:3, Licht: 0","158378","3","3","5","03","16","3","0","0","1","1","0","0"
"POINT (10.101940704000071 53.698422738000033)","Unfall 158379 (2019) Kat:3, Licht: 0","158379","3","6","2","03","11","3","1","0","0","1","0","0"
"POINT (10.102630552000051 53.699349048000045)","Unfall 158380 (2019) Kat:3, Licht: 0","158380","3","6","2","03","11","3","1","0","0","1","0","0"
"POINT (10.025883987000043 53.622786526000027)","Unfall 158381 (2019) Kat:2, Licht: 2","158381","2","2","6","03","05","3","1","2","0","1","1","0"
"POINT (10.005566651000038 53.580409755000062)","Unfall 158382 (2019) Kat:3, Licht: 0","158382","3","3","5","03","09","3","0","0","1","1","0","0"
"POINT (10.055797297000026 53.591400907000036)","Unfall 158383 (2019) Kat:3, Licht: 0","158383","3","3","5","03","10","3","1","0","0","1","0","0"
"POINT (9.844818579000048 53.550404677000074)","Unfall 158384 (2019) Kat:2, Licht: 2","158384","2","4","6","03","19","3","1","2","0","1","1","0"
"POINT (9.949582324000062 53.577270475000034)","Unfall 158385 (2019) Kat:3, Licht: 1","158385","3","7","0","03","19","3","1","1","1","1","0","0"
"POINT (9.947914221000076 53.582345019000059)","Unfall 158386 (2019) Kat:3, Licht: 0","158386","3","3","5","03","08","3","0","0","1","1","0","0"
"POINT (9.912002344000030 53.514200192000033)","Unfall 158387 (2019) Kat:3, Licht: 0","158387","3","6","2","03","13","2","0","0","0","1","0","0"
"POINT (9.882726780000041 53.500435025000058)","Unfall 158388 (2019) Kat:3, Licht: 0","158388","3","2","3","03","15","2","1","0","0","1","0","0"
"POINT (9.970780277000074 53.424668470000029)","Unfall 158389 (2019) Kat:3, Licht: 2","158389","3","5","1","03","21","2","1","2","0","1","0","0"
"POINT (9.940530890000048 53.461031131000027)","Unfall 158390 (2019) Kat:3, Licht: 0","158390","3","6","2","03","14","2","0","0","0","1","0","0"
"POINT (10.204774624000038 53.491510219000077)","Unfall 158391 (2019) Kat:3, Licht: 0","158391","3","3","5","03","14","2","1","0","0","1","0","0"
"POINT (10.020559923000064 53.550769137000032)","Unfall 158392 (2019) Kat:3, Licht: 0","158392","3","3","6","03","18","2","0","0","0","1","1","0"
"POINT (10.055413691000069 53.555420430000026)","Unfall 158393 (2019) Kat:3, Licht: 0","158393","3","6","2","03","14","2","1","0","0","1","0","0"
"POINT (10.141120017000048 53.629094719000079)","Unfall 158394 (2019) Kat:2, Licht: 0","158394","2","4","6","03","14","2","1","0","0","1","1","0"
"POINT (10.071183502000054 53.573424591000048)","Unfall 158395 (2019) Kat:3, Licht: 0","158395","3","4","6","03","14","2","1","0","0","1","1","0"
"POINT (10.055388226000048 53.606170086000077)","Unfall 158396 (2019) Kat:3, Licht: 0","158396","3","3","5","03","17","2","0","0","1","1","0","0"
"POINT (9.839917765000052 53.558452098000032)","Unfall 158397 (2019) Kat:3, Licht: 0","158397","3","3","5","03","13","2","1","0","1","1","0","0"
"POINT (9.948624366000047 53.551226933000066)","Unfall 158398 (2019) Kat:3, Licht: 0","158398","3","3","0","03","08","2","1","0","1","1","0","0"
"POINT (9.983945360000064 53.564551616000074)","Unfall 158399 (2019) Kat:3, Licht: 0","158399","3","4","6","03","07","2","1","0","0","0","1","0"
"POINT (9.961282165000057 53.551141037000036)","Unfall 158400 (2019) Kat:3, Licht: 2","158400","3","5","1","03","01","2","1","2","0","1","0","1"
"POINT (9.980555816000049 53.544418337000081)","Unfall 158401 (2019) Kat:3, Licht: 0","158401","3","3","5","03","11","2","0","0","0","1","0","0"
"POINT (9.925748156000054 53.517842951000034)","Unfall 158402 (2019) Kat:1, Licht: 2","158402","1","6","3","03","22","2","0","2","0","1","0","0"
"POINT (9.899233041000059 53.509950120000042)","Unfall 158403 (2019) Kat:3, Licht: 0","158403","3","6","0","03","16","1","0","0","0","1","0","1"
"POINT (10.025254040000050 53.563973383000075)","Unfall 158404 (2019) Kat:3, Licht: 0","158404","3","7","6","03","16","1","0","0","0","1","1","0"
"POINT (10.047508852000021 53.572187092000036)","Unfall 158405 (2019) Kat:3, Licht: 0","158405","3","3","5","03","14","1","0","0","0","1","0","0"
"POINT (10.048006134000047 53.578772032000074)","Unfall 158406 (2019) Kat:3, Licht: 2","158406","3","4","0","03","04","1","0","2","0","1","1","0"
"POINT (10.054341892000025 53.583767103000071)","Unfall 158407 (2019) Kat:3, Licht: 2","158407","3","5","1","03","20","1","0","2","0","1","0","0"
"POINT (9.861570529000062 53.558435299000053)","Unfall 158408 (2019) Kat:3, Licht: 0","158408","3","7","0","03","13","1","0","0","0","0","0","0"
"POINT (9.945014642000047 53.546124223000049)","Unfall 158409 (2019) Kat:3, Licht: 0","158409","3","2","4","03","16","1","0","0","0","1","0","1"
"POINT (9.991799671000024 53.549145403000068)","Unfall 158410 (2019) Kat:3, Licht: 0","158410","3","3","5","03","13","1","0","0","1","0","0","0"
"POINT (9.961964789000035 53.465939813000034)","Unfall 158411 (2019) Kat:3, Licht: 0","158411","3","6","6","03","13","7","0","0","0","0","1","0"
"POINT (10.086648861000072 53.552134264000074)","Unfall 158412 (2019) Kat:3, Licht: 2","158412","3","2","4","03","20","7","0","2","1","1","0","0"
"POINT (10.023073828000065 53.547673652000071)","Unfall 158413 (2019) Kat:3, Licht: 2","158413","3","6","1","03","20","7","0","2","0","1","0","0"
"POINT (10.128111535000073 53.579385841000033)","Unfall 158414 (2019) Kat:3, Licht: 0","158414","3","6","2","03","10","7","0","0","0","1","0","0"
"POINT (10.068690842000024 53.571533731000045)","Unfall 158415 (2019) Kat:3, Licht: 0","158415","3","3","5","03","17","7","0","0","1","1","0","0"
"POINT (10.098942153000053 53.588758795000047)","Unfall 158416 (2019) Kat:3, Licht: 0","158416","3","7","9","03","09","7","0","0","0","0","0","1"
"POINT (10.090020440000046 53.633047431000080)","Unfall 158417 (2019) Kat:3, Licht: 0","158417","3","6","2","03","16","7","0","0","0","1","0","0"
"POINT (9.936600731000056 53.598169699000039)","Unfall 158418 (2019) Kat:3, Licht: 0","158418","3","6","2","03","16","7","0","0","0","1","0","1"
"POINT (9.899201677000065 53.592793935000032)","Unfall 158419 (2019) Kat:3, Licht: 0","158419","3","6","2","03","12","7","0","0","0","1","0","0"
"POINT (9.969155990000047 53.598802579000051)","Unfall 158420 (2019) Kat:3, Licht: 0","158420","3","3","5","03","08","7","0","0","1","1","0","0"
"POINT (9.927370823000047 53.551747322000040)","Unfall 158421 (2019) Kat:3, Licht: 0","158421","3","3","0","03","11","7","0","0","1","1","0","0"
"POINT (9.960050984000077 53.549463503000027)","Unfall 158422 (2019) Kat:3, Licht: 2","158422","3","4","6","03","03","7","0","2","0","1","1","0"
"POINT (9.949693471000046 53.462515018000033)","Unfall 158423 (2019) Kat:3, Licht: 0","158423","3","6","2","03","08","6","0","0","0","1","0","0"
"POINT (10.208305978000055 53.490457487000072)","Unfall 158424 (2019) Kat:3, Licht: 0","158424","3","7","6","03","12","6","0","0","0","0","1","0"
"POINT (10.123455196000066 53.546100837000040)","Unfall 158425 (2019) Kat:3, Licht: 0","158425","3","6","2","03","12","6","0","0","0","1","0","0"
"POINT (10.026591092000047 53.553879109000036)","Unfall 158426 (2019) Kat:3, Licht: 2","158426","3","3","5","03","22","6","0","2","1","1","0","0"
"POINT (10.113575169000057 53.616363980000074)","Unfall 158427 (2019) Kat:3, Licht: 2","158427","3","2","4","03","21","6","0","2","0","1","0","0"
"POINT (10.144144586000039 53.600426933000051)","Unfall 158428 (2019) Kat:3, Licht: 0","158428","3","2","3","03","13","6","0","0","1","1","0","0"
"POINT (10.064758638000058 53.586567520000074)","Unfall 158429 (2019) Kat:3, Licht: 2","158429","3","3","5","03","00","6","0","2","0","1","0","0"
"POINT (10.098461817000043 53.590332440000054)","Unfall 158430 (2019) Kat:3, Licht: 1","158430","3","7","5","03","06","6","0","1","0","1","0","1"
"POINT (10.081495577000055 53.620093338000061)","Unfall 158431 (2019) Kat:3, Licht: 2","158431","3","7","0","03","23","6","0","2","0","1","0","0"
"POINT (10.082506588000058 53.621260793000033)","Unfall 158432 (2019) Kat:2, Licht: 2","158432","2","6","3","03","21","6","0","2","0","1","0","1"
"POINT (10.078512307000040 53.651365350000049)","Unfall 158433 (2019) Kat:3, Licht: 2","158433","3","3","5","03","21","6","0","2","0","1","0","0"
"POINT (10.018357112000047 53.614797403000068)","Unfall 158434 (2019) Kat:3, Licht: 0","158434","3","2","5","03","08","6","0","0","1","1","0","0"
"POINT (10.002349960000060 53.592797066000060)","Unfall 158435 (2019) Kat:3, Licht: 0","158435","3","1","0","03","07","6","0","0","0","0","0","1"
"POINT (10.039131991000033 53.571773830000041)","Unfall 158436 (2019) Kat:3, Licht: 0","158436","3","4","6","03","14","6","0","0","0","1","1","0"
"POINT (9.980758202000061 53.596755535000057)","Unfall 158437 (2019) Kat:2, Licht: 2","158437","2","3","5","03","23","6","0","2","0","1","0","0"
"POINT (9.983466293000049 53.583924134000029)","Unfall 158438 (2019) Kat:3, Licht: 0","158438","3","6","2","03","09","6","0","0","0","1","0","0"
"POINT (9.972834711000076 53.561191514000029)","Unfall 158439 (2019) Kat:3, Licht: 2","158439","3","6","4","03","00","6","0","2","0","1","0","0"
"POINT (9.849881040000071 53.468341621000036)","Unfall 158440 (2019) Kat:3, Licht: 0","158440","3","5","1","03","12","5","0","0","0","1","0","0"
"POINT (9.979626501000041 53.460166734000040)","Unfall 158441 (2019) Kat:3, Licht: 1","158441","3","3","5","03","18","5","0","1","1","1","0","0"
"POINT (10.028583292000064 53.516931238000041)","Unfall 158442 (2019) Kat:3, Licht: 0","158442","3","6","2","03","08","5","0","0","0","1","0","0"
"POINT (10.051328650000073 53.537870697000074)","Unfall 158443 (2019) Kat:2, Licht: 2","158443","2","7","1","03","20","5","0","2","0","1","0","0"
"POINT (10.137825735000035 53.570803703000081)","Unfall 158444 (2019) Kat:3, Licht: 2","158444","3","3","5","03","18","5","0","2","0","1","0","0"
"POINT (10.140991158000077 53.570553713000038)","Unfall 158445 (2019) Kat:3, Licht: 0","158445","3","6","2","03","14","5","0","0","0","1","0","0"
"POINT (10.110098284000060 53.574615634000054)","Unfall 158446 (2019) Kat:3, Licht: 0","158446","3","3","5","03","15","5","0","0","0","1","0","0"
"POINT (10.129987360000030 53.583945934000042)","Unfall 158447 (2019) Kat:3, Licht: 0","158447","3","2","2","03","08","5","0","0","0","1","0","1"
"POINT (10.071928584000034 53.608699283000078)","Unfall 158448 (2019) Kat:3, Licht: 0","158448","3","6","0","03","14","5","0","0","0","0","0","0"
"POINT (10.090863879000040 53.634325980000028)","Unfall 158449 (2019) Kat:3, Licht: 0","158449","3","2","3","03","15","5","0","0","1","1","0","0"
"POINT (10.043451668000046 53.596107944000039)","Unfall 158450 (2019) Kat:3, Licht: 0","158450","3","6","2","03","14","5","0","0","0","1","0","0"
"POINT (10.019563209000069 53.566051365000078)","Unfall 158451 (2019) Kat:3, Licht: 0","158451","3","1","0","03","17","5","0","0","0","0","0","1"
"POINT (10.025088925000034 53.557433307000053)","Unfall 158452 (2019) Kat:3, Licht: 2","158452","3","3","5","03","18","5","0","2","0","1","0","0"
"POINT (9.822957329000076 53.580799012000057)","Unfall 158453 (2019) Kat:3, Licht: 0","158453","3","6","1","03","17","5","0","0","0","1","0","0"
"POINT (9.904895607000071 53.595311473000038)","Unfall 158454 (2019) Kat:3, Licht: 0","158454","3","3","5","03","06","5","0","0","1","1","0","0"
"POINT (9.956551985000033 53.582751545000065)","Unfall 158455 (2019) Kat:3, Licht: 0","158455","3","7","1","03","13","5","0","0","0","1","0","0"
"POINT (9.992469179000068 53.582832285000052)","Unfall 158456 (2019) Kat:3, Licht: 0","158456","3","2","3","03","08","5","0","0","1","1","0","0"
"POINT (9.953702603000068 53.547115683000072)","Unfall 158457 (2019) Kat:3, Licht: 0","158457","3","2","5","03","08","5","0","0","0","0","0","1"
"POINT (10.007051623000052 53.540575953000030)","Unfall 158458 (2019) Kat:3, Licht: 0","158458","3","2","5","03","17","5","0","0","0","1","0","0"
"POINT (10.017945260000033 53.556295704000036)","Unfall 158459 (2019) Kat:3, Licht: 0","158459","3","7","6","03","12","5","0","0","0","1","1","0"
"POINT (10.205860196000060 53.487026821000029)","Unfall 158460 (2019) Kat:3, Licht: 0","158460","3","2","6","03","13","4","0","0","0","1","1","0"
"POINT (10.177469855000027 53.407688818000054)","Unfall 158461 (2019) Kat:3, Licht: 2","158461","3","2","4","03","19","4","0","2","1","1","0","0"
"POINT (10.216716615000053 53.504315465000047)","Unfall 158462 (2019) Kat:3, Licht: 0","158462","3","6","2","03","13","4","0","0","0","1","0","0"
"POINT (10.116152258000056 53.557288597000081)","Unfall 158463 (2019) Kat:3, Licht: 0","158463","3","6","2","03","10","4","0","0","0","1","0","0"
"POINT (10.051780821000023 53.549012646000051)","Unfall 158464 (2019) Kat:2, Licht: 0","158464","2","2","3","03","13","4","0","0","0","1","0","1"
"POINT (10.126569926000059 53.582409583000072)","Unfall 158465 (2019) Kat:3, Licht: 0","158465","3","3","5","03","09","4","0","0","0","1","0","0"
"POINT (10.067126520000045 53.563020361000042)","Unfall 158466 (2019) Kat:2, Licht: 0","158466","2","2","4","03","10","4","0","0","0","1","0","0"
"POINT (10.072547519000068 53.579463589000056)","Unfall 158467 (2019) Kat:3, Licht: 0","158467","3","2","4","03","12","4","0","0","1","1","0","0"
"POINT (10.073491352000076 53.609993956000039)","Unfall 158468 (2019) Kat:3, Licht: 0","158468","3","2","3","03","14","4","0","0","1","1","0","0"
"POINT (10.061105438000027 53.654937526000026)","Unfall 158469 (2019) Kat:3, Licht: 0","158469","3","4","6","03","15","4","0","0","0","1","1","0"
"POINT (10.063305934000027 53.632294588000036)","Unfall 158470 (2019) Kat:3, Licht: 0","158470","3","3","5","03","15","4","0","0","1","1","0","0"
"POINT (10.002286031000040 53.661019380000027)","Unfall 158471 (2019) Kat:3, Licht: 0","158471","3","6","2","03","11","4","0","0","0","1","0","0"
"POINT (10.025451782000061 53.608478128000058)","Unfall 158472 (2019) Kat:3, Licht: 0","158472","3","6","2","03","10","4","0","0","0","1","0","0"
"POINT (9.904859007000027 53.608862501000033)","Unfall 158473 (2019) Kat:3, Licht: 2","158473","3","3","5","03","19","4","0","2","1","1","0","0"
"POINT (10.004006665000077 53.557105115000070)","Unfall 158474 (2019) Kat:3, Licht: 2","158474","3","2","5","03","01","4","0","2","1","1","0","0"
"POINT (10.010624053000072 53.537194434000071)","Unfall 158475 (2019) Kat:3, Licht: 0","158475","3","6","2","03","14","4","0","0","0","1","0","0"
"POINT (9.886488996000026 53.478225938000037)","Unfall 158476 (2019) Kat:3, Licht: 2","158476","3","3","5","03","20","3","0","2","1","1","0","0"
"POINT (10.205410121000057 53.428787720000059)","Unfall 158477 (2019) Kat:3, Licht: 0","158477","3","3","5","03","17","3","0","0","1","1","0","0"
"POINT (10.100238634000050 53.519177050000053)","Unfall 158478 (2019) Kat:3, Licht: 1","158478","3","7","0","03","18","3","0","1","1","0","0","0"
"POINT (10.108647830000052 53.562462672000038)","Unfall 158479 (2019) Kat:3, Licht: 0","158479","3","6","2","03","16","3","0","0","0","1","0","0"
"POINT (10.130566793000071 53.670797775000040)","Unfall 158480 (2019) Kat:2, Licht: 0","158480","2","3","0","03","11","3","0","0","0","1","0","1"
"POINT (10.064871295000046 53.660905308000054)","Unfall 158481 (2019) Kat:3, Licht: 0","158481","3","5","1","03","08","3","0","0","0","1","0","0"
"POINT (10.045830735000038 53.672974104000048)","Unfall 158482 (2019) Kat:3, Licht: 0","158482","3","6","0","03","09","3","0","0","0","1","0","0"
"POINT (10.057379494000031 53.636603059000038)","Unfall 158483 (2019) Kat:3, Licht: 1","158483","3","7","0","03","18","3","0","1","1","0","0","0"
"POINT (10.012486558000035 53.606604635000053)","Unfall 158484 (2019) Kat:3, Licht: 1","158484","3","6","2","03","06","3","1","1","0","1","0","0"
"POINT (9.900965168000028 53.610300169000027)","Unfall 158485 (2019) Kat:3, Licht: 0","158485","3","2","4","03","16","3","0","0","1","1","0","0"
"POINT (9.924031070000069 53.591788228000041)","Unfall 158486 (2019) Kat:3, Licht: 0","158486","3","6","2","03","15","3","0","0","0","1","0","0"
"POINT (9.904908537000040 53.610263227000075)","Unfall 158487 (2019) Kat:3, Licht: 0","158487","3","6","2","03","09","3","0","0","0","1","0","0"
"POINT (9.936085680000076 53.572868071000073)","Unfall 158488 (2019) Kat:1, Licht: 0","158488","1","2","5","03","12","3","0","0","1","0","0","0"
"POINT (9.884222634000025 53.601106691000041)","Unfall 158489 (2019) Kat:2, Licht: 2","158489","2","4","6","03","05","3","1","2","0","1","1","0"