WKT,Name,OBJECTID,UKATEGORIE,UTYP1,UART,UMONAT,USTUNDE,UWOCHENTAG,STRZUSTAND,ULICHTVERH,ISTRAD,ISTPKW,ISTFUSS,ISTKRAD
"POINT (9.969581641000048 53.549844010000072)","Unfall 158490 (2019) Kat:3, Licht: 0","158490","3","2","5","03","14","3","0","0","1","1","0","0"
"POINT (9.977389855000070 53.544264571000042)","Unfall 158491 (2019) Kat:3, Licht: 0","158491","3","6","2","03","09","3","0","0","0","1","0","0"
"POINT (9.957791285000042 53.459688286000073)","Unfall 158492 (2019) Kat:3, Licht: 2","158492","3","5","1","03","19","2","1","2","1","1","0","0"
"POINT (10.021006960000022 53.484964113000046)","Unfall 158493 (2019) Kat:2, Licht: 0","158493","2","4","6","03","18","2","1","0","0","1","1","0"
"POINT (10.088317406000044 53.553098333000037)","Unfall 158494 (2019) Kat:2, Licht: 2","158494","2","4","6","03","19","2","1","2","0","0","1","1"
"POINT (10.126663210000061 53.582098996000070)","Unfall 158495 (2019) Kat:3, Licht: 2","158495","3","3","5","03","23","2","1","2","0","1","0","0"
"POINT (10.066998716000057 53.639814705000049)","Unfall 158496 (2019) Kat:3, Licht: 0","158496","3","2","3","03","17","2","1","0","1","1","0","0"
"POINT (10.025818947000062 53.669614161000027)","Unfall 158497 (2019) Kat:3, Licht: 0","158497","3","3","5","03","15","2","1","0","1","1","0","0"
"POINT (10.045109969000066 53.565436292000072)","Unfall 158498 (2019) Kat:3, Licht: 2","158498","3","2","6","03","21","2","1","2","0","1","1","0"
"POINT (9.876118425000072 53.588547366000057)","Unfall 158499 (2019) Kat:3, Licht: 2","158499","3","2","5","03","20","2","1","2","0","1","0","0"
"POINT (9.915469353000049 53.635041020000074)","Unfall 158500 (2019) Kat:3, Licht: 0","158500","3","3","5","03","12","2","1","0","0","1","0","0"
"POINT (10.007618496000021 53.556345681000039)","Unfall 158501 (2019) Kat:3, Licht: 2","158501","3","5","1","03","16","2","0","2","1","1","0","0"
"POINT (9.949852475000057 53.474615837000044)","Unfall 158502 (2019) Kat:3, Licht: 0","158502","3","3","5","03","16","2","1","0","0","1","0","0"
"POINT (10.049639825000042 53.608336083000040)","Unfall 158503 (2019) Kat:3, Licht: 0","158503","3","6","2","03","13","1","0","0","0","1","0","0"
"POINT (10.026081235000049 53.623059224000031)","Unfall 158504 (2019) Kat:3, Licht: 2","158504","3","6","2","03","18","1","1","2","0","1","0","0"
"POINT (10.040426282000055 53.570231078000063)","Unfall 158505 (2019) Kat:3, Licht: 0","158505","3","3","5","03","15","1","1","0","0","1","0","0"
"POINT (10.044610127000055 53.582205142000078)","Unfall 158506 (2019) Kat:3, Licht: 0","158506","3","1","8","03","09","1","1","0","0","1","0","0"
"POINT (9.870241108000073 53.593471871000077)","Unfall 158507 (2019) Kat:3, Licht: 0","158507","3","7","3","03","15","1","0","0","0","1","0","0"
"POINT (9.962417569000024 53.551200603000041)","Unfall 158508 (2019) Kat:3, Licht: 0","158508","3","6","3","03","08","1","1","0","0","1","0","0"
"POINT (9.886642835000032 53.526332184000069)","Unfall 158509 (2019) Kat:3, Licht: 0","158509","3","3","5","03","11","7","0","0","0","1","0","0"
"POINT (9.967022020000059 53.463627871000028)","Unfall 158510 (2019) Kat:3, Licht: 2","158510","3","5","1","03","19","7","1","2","0","1","0","1"
"POINT (10.206104030000063 53.494288618000041)","Unfall 158511 (2019) Kat:3, Licht: 1","158511","3","6","1","03","17","7","1","1","0","1","0","0"
"POINT (10.023938932000021 53.546547187000044)","Unfall 158512 (2019) Kat:3, Licht: 0","158512","3","3","5","03","12","7","1","0","0","1","0","0"
"POINT (10.132105382000077 53.597160702000053)","Unfall 158513 (2019) Kat:3, Licht: 0","158513","3","2","5","03","09","7","0","0","0","1","0","0"
"POINT (10.067521964000036 53.582293355000047)","Unfall 158514 (2019) Kat:3, Licht: 2","158514","3","3","5","03","02","7","0","2","0","1","0","0"
"POINT (10.163626680000050 53.650664953000046)","Unfall 158515 (2019) Kat:3, Licht: 0","158515","3","5","0","03","09","7","0","0","0","0","0","0"
"POINT (10.015622957000062 53.590805234000072)","Unfall 158516 (2019) Kat:3, Licht: 0","158516","3","6","2","03","15","7","1","0","0","1","0","0"
"POINT (9.994495461000042 53.602094374000046)","Unfall 158517 (2019) Kat:3, Licht: 0","158517","3","2","4","03","13","7","1","0","0","1","0","0"
"POINT (9.880373866000070 53.593134985000063)","Unfall 158518 (2019) Kat:3, Licht: 2","158518","3","7","6","03","17","7","1","2","0","1","1","0"
"POINT (9.973769784000069 53.545308320000061)","Unfall 158519 (2019) Kat:3, Licht: 0","158519","3","4","6","03","13","7","1","0","1","0","1","0"
"POINT (10.101199427000040 53.495881358000076)","Unfall 158520 (2019) Kat:3, Licht: 0","158520","3","3","5","03","15","6","0","0","0","1","0","0"
"POINT (10.208738317000041 53.482286160000058)","Unfall 158521 (2019) Kat:3, Licht: 0","158521","3","3","5","03","11","6","1","0","0","1","0","0"
"POINT (10.102009081000062 53.597509643000080)","Unfall 158522 (2019) Kat:3, Licht: 0","158522","3","3","5","03","15","6","0","0","1","0","0","0"
"POINT (10.113375177000023 53.616344890000050)","Unfall 158523 (2019) Kat:3, Licht: 0","158523","3","2","6","03","13","6","1","0","0","1","1","0"
"POINT (10.126903787000060 53.586886900000081)","Unfall 158524 (2019) Kat:3, Licht: 2","158524","3","3","5","03","20","6","0","2","1","1","0","0"
"POINT (10.021115774000066 53.584103865000031)","Unfall 158525 (2019) Kat:3, Licht: 0","158525","3","1","0","03","06","6","1","0","0","0","0","1"
"POINT (9.977493059000040 53.584106838000082)","Unfall 158526 (2019) Kat:3, Licht: 0","158526","3","5","3","03","16","6","1","0","1","1","0","0"
"POINT (9.966608359000077 53.599902908000047)","Unfall 158527 (2019) Kat:3, Licht: 0","158527","3","3","5","03","13","6","1","0","0","1","0","0"
"POINT (9.964359199000057 53.570065199000055)","Unfall 158528 (2019) Kat:3, Licht: 0","158528","3","3","5","03","10","6","1","0","1","1","0","0"
"POINT (9.986309500000061 53.582680891000052)","Unfall 158529 (2019) Kat:3, Licht: 0","158529","3","5","1","03","15","6","1","0","1","1","0","0"
"POINT (9.993090223000024 53.557787070000074)","Unfall 158530 (2019) Kat:3, Licht: 0","158530","3","3","5","03","16","6","1","0","1","1","0","0"
"POINT (10.210985399000037 53.487949217000050)","Unfall 158531 (2019) Kat:3, Licht: 0","158531","3","3","5","03","10","5","1","0","1","1","0","0"
"POINT (10.038932937000027 53.546784103000050)","Unfall 158532 (2019) Kat:3, Licht: 0","158532","3","2","4","03","06","5","1","0","1","1","0","0"
"POINT (10.085587181000051 53.586236825000071)","Unfall 158533 (2019) Kat:3, Licht: 2","158533","3","2","6","03","18","5","1","2","0","1","1","0"
"POINT (9.883669353000073 53.596627587000057)","Unfall 158534 (2019) Kat:3, Licht: 0","158534","3","7","6","03","09","5","1","0","0","0","1","0"
"POINT (9.951433649000023 53.598409096000069)","Unfall 158535 (2019) Kat:2, Licht: 2","158535","2","1","7","03","21","5","1","2","0","1","0","0"
"POINT (9.928132236000067 53.558742702000075)","Unfall 158536 (2019) Kat:2, Licht: 0","158536","2","2","5","03","09","5","1","0","1","1","0","0"
"POINT (9.986292248000041 53.570186262000050)","Unfall 158537 (2019) Kat:3, Licht: 0","158537","3","3","5","03","15","5","1","0","1","1","0","0"
"POINT (9.995301047000055 53.548826444000042)","Unfall 158538 (2019) Kat:3, Licht: 1","158538","3","6","3","03","17","5","1","1","1","1","0","0"
"POINT (9.878876036000065 53.528748668000048)","Unfall 158539 (2019) Kat:3, Licht: 2","158539","3","1","1","03","20","4","1","2","0","1","0","0"
"POINT (9.983189843000048 53.460167129000070)","Unfall 158540 (2019) Kat:3, Licht: 0","158540","3","4","0","03","10","4","1","0","0","0","1","0"
"POINT (10.148370055000044 53.612442701000077)","Unfall 158541 (2019) Kat:3, Licht: 2","158541","3","6","6","03","21","4","0","2","1","0","1","0"
"POINT (10.069612065000058 53.579646936000074)","Unfall 158542 (2019) Kat:3, Licht: 0","158542","3","3","5","03","16","4","1","0","1","1","0","0"
"POINT (10.069285294000053 53.580121306000080)","Unfall 158543 (2019) Kat:2, Licht: 0","158543","2","4","6","03","13","4","0","0","0","0","1","0"
"POINT (10.127659168000037 53.654939775000059)","Unfall 158544 (2019) Kat:3, Licht: 0","158544","3","2","5","03","06","4","0","0","0","1","0","0"
"POINT (10.021105482000053 53.649029205000033)","Unfall 158545 (2019) Kat:3, Licht: 0","158545","3","2","5","03","14","4","1","0","0","1","0","0"
"POINT (10.024448199000062 53.563945031000060)","Unfall 158546 (2019) Kat:3, Licht: 0","158546","3","2","5","03","12","4","1","0","1","0","0","0"
"POINT (10.047581201000071 53.567862232000039)","Unfall 158547 (2019) Kat:2, Licht: 2","158547","2","4","6","03","23","4","1","2","0","1","1","0"
"POINT (10.044813065000028 53.582271894000030)","Unfall 158548 (2019) Kat:3, Licht: 2","158548","3","6","3","03","23","4","1","2","0","1","0","0"
"POINT (9.924349555000049 53.599442177000071)","Unfall 158549 (2019) Kat:3, Licht: 0","158549","3","7","6","03","15","4","1","0","0","0","1","0"
"POINT (9.854350753000063 53.598180285000069)","Unfall 158550 (2019) Kat:3, Licht: 0","158550","3","2","5","03","12","4","1","0","1","1","0","0"
"POINT (9.906972669000027 53.554871655000056)","Unfall 158551 (2019) Kat:3, Licht: 0","158551","3","4","6","03","10","4","0","0","0","1","1","0"
"POINT (9.904228582000030 53.587576394000052)","Unfall 158552 (2019) Kat:3, Licht: 2","158552","3","2","3","03","05","4","1","2","1","1","0","0"
"POINT (9.957440603000066 53.570061409000061)","Unfall 158553 (2019) Kat:3, Licht: 0","158553","3","2","6","03","15","4","1","0","0","1","1","0"
"POINT (9.946412111000029 53.579984115000059)","Unfall 158554 (2019) Kat:3, Licht: 0","158554","3","5","1","03","10","4","1","0","1","1","0","0"
"POINT (9.974538822000056 53.610394151000037)","Unfall 158555 (2019) Kat:3, Licht: 0","158555","3","2","5","03","10","4","0","0","0","1","0","0"
"POINT (9.969375966000030 53.598883538000052)","Unfall 158556 (2019) Kat:3, Licht: 0","158556","3","2","2","03","13","4","1","0","0","1","0","0"
"POINT (9.949099751000063 53.569340420000060)","Unfall 158557 (2019) Kat:3, Licht: 0","158557","3","4","6","03","08","4","1","0","0","1","1","0"
"POINT (9.927358988000037 53.550387131000036)","Unfall 158558 (2019) Kat:3, Licht: 2","158558","3","3","5","03","00","4","1","2","1","1","0","0"
"POINT (9.946000995000077 53.552555183000038)","Unfall 158559 (2019) Kat:3, Licht: 2","158559","3","4","6","03","20","4","1","2","0","1","1","0"
"POINT (9.916909287000067 53.515182255000070)","Unfall 158560 (2019) Kat:3, Licht: 0","158560","3","6","2","03","14","3","0","0","0","1","0","0"
"POINT (10.008947850000027 53.456921742000077)","Unfall 158561 (2019) Kat:3, Licht: 0","158561","3","3","5","03","12","3","1","0","0","1","0","0"
"POINT (10.060370590000048 53.579645498000048)","Unfall 158562 (2019) Kat:3, Licht: 0","158562","3","4","6","03","08","3","1","0","0","1","1","0"
"POINT (10.072029073000067 53.608704203000059)","Unfall 158563 (2019) Kat:3, Licht: 0","158563","3","4","6","03","06","3","0","0","0","1","1","0"
"POINT (10.000218876000076 53.679914315000076)","Unfall 158564 (2019) Kat:3, Licht: 0","158564","3","3","5","03","09","3","0","0","1","1","0","0"
"POINT (10.029940957000065 53.638048372000071)","Unfall 158565 (2019) Kat:2, Licht: 0","158565","2","3","5","03","09","3","1","0","0","1","0","0"
"POINT (10.006062820000068 53.585948822000034)","Unfall 158566 (2019) Kat:3, Licht: 0","158566","3","6","2","03","08","3","0","0","0","1","0","0"
"POINT (10.015528014000040 53.572459710000032)","Unfall 158567 (2019) Kat:3, Licht: 0","158567","3","3","0","03","16","3","0","0","0","1","0","0"
"POINT (9.876143135000064 53.588563802000067)","Unfall 158568 (2019) Kat:3, Licht: 2","158568","3","2","4","03","22","3","1","2","1","1","0","0"
"POINT (9.949703562000025 53.554210503000036)","Unfall 158569 (2019) Kat:3, Licht: 0","158569","3","3","5","03","13","3","1","0","0","1","0","0"
"POINT (9.921497532000046 53.508456917000046)","Unfall 158570 (2019) Kat:3, Licht: 1","158570","3","6","2","03","16","3","0","1","0","1","0","0"
"POINT (9.993604238000046 53.458188569000072)","Unfall 158571 (2019) Kat:3, Licht: 2","158571","3","7","6","03","22","2","0","2","0","1","1","0"
"POINT (10.004075395000029 53.509357543000078)","Unfall 158572 (2019) Kat:3, Licht: 2","158572","3","5","1","03","21","2","1","2","0","1","0","0"
"POINT (10.072762331000035 53.528017181000052)","Unfall 158573 (2019) Kat:3, Licht: 0","158573","3","6","1","03","11","2","1","0","0","1","0","0"
"POINT (10.070524860000035 53.534409495000034)","Unfall 158574 (2019) Kat:2, Licht: 2","158574","2","5","1","03","18","2","1","2","0","1","0","0"
"POINT (10.064920181000048 53.669376203000070)","Unfall 158575 (2019) Kat:3, Licht: 1","158575","3","2","5","03","06","2","1","1","1","1","0","0"
"POINT (10.030361650000032 53.619152457000041)","Unfall 158576 (2019) Kat:3, Licht: 2","158576","3","3","5","03","05","2","1","2","0","1","0","0"
"POINT (10.033724361000054 53.585621586000059)","Unfall 158577 (2019) Kat:3, Licht: 0","158577","3","6","2","03","12","2","1","0","0","1","0","0"
"POINT (10.033896948000063 53.573445464000031)","Unfall 158578 (2019) Kat:3, Licht: 0","158578","3","5","1","03","16","2","0","0","1","1","0","0"
"POINT (9.904180503000021 53.587574818000064)","Unfall 158579 (2019) Kat:3, Licht: 0","158579","3","3","5","03","07","2","1","0","1","1","0","0"
"POINT (9.951677218000043 53.599789132000069)","Unfall 158580 (2019) Kat:3, Licht: 1","158580","3","4","6","03","18","2","1","1","0","0","1","0"
"POINT (10.003878842000063 53.540948337000032)","Unfall 158581 (2019) Kat:3, Licht: 0","158581","3","3","5","03","09","2","1","0","0","1","0","0"
"POINT (9.921156887000052 53.515423997000028)","Unfall 158582 (2019) Kat:3, Licht: 0","158582","3","6","3","03","08","2","0","0","0","1","0","0"
"POINT (10.015559404000044 53.518485951000059)","Unfall 158583 (2019) Kat:3, Licht: 2","158583","3","3","5","03","18","1","1","2","0","1","0","0"
"POINT (10.208234145000063 53.481282544000067)","Unfall 158584 (2019) Kat:2, Licht: 0","158584","2","7","5","03","13","1","0","0","0","1","0","0"
"POINT (10.040412610000033 53.580187047000038)","Unfall 158585 (2019) Kat:3, Licht: 2","158585","3","1","9","03","21","1","1","2","0","0","0","1"
"POINT (10.004913175000070 53.553232846000071)","Unfall 158586 (2019) Kat:3, Licht: 0","158586","3","6","2","03","14","1","1","0","0","1","0","0"
"POINT (10.122701522000057 53.568809273000056)","Unfall 158587 (2019) Kat:2, Licht: 2","158587","2","6","4","03","06","7","1","2","1","1","0","0"
"POINT (9.907295367000074 53.602293674000066)","Unfall 158588 (2019) Kat:2, Licht: 2","158588","2","6","4","03","19","7","0","2","0","1","0","0"
"POINT (9.793350260000068 53.515247459000079)","Unfall 158589 (2019) Kat:3, Licht: 0","158589","3","2","2","03","10","7","0","0","0","1","0","0"
"POINT (9.906214839000029 53.607052866000060)","Unfall 158590 (2019) Kat:3, Licht: 0","158590","3","2","4","03","16","7","1","0","0","1","0","0"
"POINT (10.081044379000048 53.549252760000059)","Unfall 158591 (2019) Kat:3, Licht: 2","158591","3","1","9","03","04","7","0","2","1","1","0","0"
"POINT (9.786343042000055 53.505273307000039)","Unfall 158592 (2019) Kat:3, Licht: 0","158592","3","1","8","03","16","6","0","0","0","0","0","1"
"POINT (9.971098999000049 53.459338833000061)","Unfall 158593 (2019) Kat:3, Licht: 0","158593","3","3","5","03","12","6","0","0","0","1","0","0"
"POINT (10.040734805000056 53.555514478000077)","Unfall 158594 (2019) Kat:3, Licht: 2","158594","3","2","4","03","22","7","0","2","0","1","0","0"
"POINT (10.005422917000033 53.481017698000073)","Unfall 158595 (2019) Kat:3, Licht: 2","158595","3","7","2","03","02","6","1","2","0","0","0","0"
"POINT (10.133614055000066 53.623616580000032)","Unfall 158596 (2019) Kat:3, Licht: 0","158596","3","3","5","03","11","7","0","0","1","1","0","0"
"POINT (10.059290636000071 53.549267989000043)","Unfall 158597 (2019) Kat:3, Licht: 1","158597","3","3","5","03","07","6","1","1","1","1","0","0"
"POINT (10.017645636000054 53.549586678000082)","Unfall 158598 (2019) Kat:2, Licht: 2","158598","2","4","6","03","03","6","1","2","0","1","1","0"
"POINT (10.160287255000071 53.656108749000055)","Unfall 158599 (2019) Kat:3, Licht: 0","158599","3","2","6","03","12","6","0","0","0","1","1","0"
"POINT (10.063611713000057 53.587393679000058)","Unfall 158600 (2019) Kat:3, Licht: 0","158600","3","6","2","03","13","7","0","0","0","1","0","0"
"POINT (9.907467177000058 53.617621036000060)","Unfall 158601 (2019) Kat:3, Licht: 0","158601","3","6","1","03","12","6","0","0","0","1","0","0"
"POINT (10.158452161000071 53.643554431000041)","Unfall 158602 (2019) Kat:3, Licht: 1","158602","3","6","2","03","19","7","0","1","0","1","0","0"
"POINT (9.918744015000073 53.635146298000052)","Unfall 158603 (2019) Kat:3, Licht: 0","158603","3","2","6","03","12","6","0","0","0","1","1","0"
"POINT (10.008918146000042 53.585560540000074)","Unfall 158604 (2019) Kat:3, Licht: 0","158604","3","5","1","03","17","7","0","0","1","1","0","0"
"POINT (9.964942169000040 53.578877606000049)","Unfall 158605 (2019) Kat:3, Licht: 0","158605","3","2","2","03","16","6","0","0","0","1","0","0"
"POINT (9.960120133000032 53.549807574000056)","Unfall 158606 (2019) Kat:3, Licht: 0","158606","3","6","6","03","12","6","0","0","1","0","1","0"
"POINT (10.056827804000022 53.569595004000064)","Unfall 158607 (2019) Kat:3, Licht: 2","158607","3","6","3","03","22","7","0","2","0","1","0","0"
"POINT (9.915530624000041 53.512104070000078)","Unfall 158608 (2019) Kat:3, Licht: 1","158608","3","3","5","03","06","6","1","1","0","1","0","0"
"POINT (10.056197633000068 53.591664039000079)","Unfall 158609 (2019) Kat:3, Licht: 2","158609","3","6","2","03","02","7","0","2","0","1","0","0"
"POINT (9.878333097000052 53.533378205000076)","Unfall 158610 (2019) Kat:3, Licht: 0","158610","3","6","2","03","17","5","1","0","0","1","0","0"
"POINT (9.771269100000041 53.577935771000057)","Unfall 158611 (2019) Kat:3, Licht: 1","158611","3","6","3","03","17","7","0","1","0","1","0","0"
"POINT (9.870246806000068 53.565110522000055)","Unfall 158612 (2019) Kat:3, Licht: 0","158612","3","7","7","03","08","7","0","0","0","0","0","0"
"POINT (10.108635135000043 53.561594894000052)","Unfall 158613 (2019) Kat:3, Licht: 0","158613","3","6","2","03","07","5","0","0","0","1","0","0"
"POINT (9.937323462000052 53.552664900000082)","Unfall 158614 (2019) Kat:3, Licht: 0","158614","3","6","3","03","14","7","0","0","0","1","0","0"
"POINT (10.029152161000070 53.676778308000053)","Unfall 158615 (2019) Kat:3, Licht: 0","158615","3","6","2","03","09","5","1","0","0","1","0","0"
"POINT (10.007490072000053 53.628533399000048)","Unfall 158616 (2019) Kat:2, Licht: 2","158616","2","4","6","03","06","5","1","2","0","1","1","0"
"POINT (9.930489426000065 53.550456408000059)","Unfall 158617 (2019) Kat:3, Licht: 1","158617","3","5","3","03","18","7","0","1","1","1","0","0"
"POINT (9.939476237000065 53.550123439000060)","Unfall 158618 (2019) Kat:3, Licht: 0","158618","3","6","3","03","13","7","0","0","0","1","0","0"
"POINT (9.948955286000057 53.558462282000050)","Unfall 158619 (2019) Kat:3, Licht: 2","158619","3","6","2","03","19","5","1","2","0","1","0","0"
"POINT (9.965536976000067 53.564172852000070)","Unfall 158620 (2019) Kat:3, Licht: 0","158620","3","7","0","03","12","7","0","0","1","1","0","0"
"POINT (9.989406870000039 53.581948511000064)","Unfall 158621 (2019) Kat:3, Licht: 0","158621","3","3","0","03","11","5","1","0","1","1","0","0"
"POINT (10.015856894000024 53.552140260000044)","Unfall 158622 (2019) Kat:3, Licht: 0","158622","3","6","2","03","16","5","0","0","0","0","0","0"
"POINT (10.075300557000048 53.551254863000054)","Unfall 158623 (2019) Kat:2, Licht: 1","158623","2","3","5","03","18","6","0","1","0","1","0","0"
"POINT (10.118586514000071 53.560582796000062)","Unfall 158624 (2019) Kat:2, Licht: 0","158624","2","6","2","03","12","6","0","0","0","1","0","0"
"POINT (9.792714689000036 53.534347548000028)","Unfall 158625 (2019) Kat:3, Licht: 1","158625","3","6","4","03","17","4","1","1","0","1","0","0"
"POINT (10.036872776000052 53.541256707000059)","Unfall 158626 (2019) Kat:3, Licht: 0","158626","3","7","0","03","16","6","0","0","0","1","0","0"
"POINT (9.930211109000027 53.476684507000073)","Unfall 158627 (2019) Kat:2, Licht: 2","158627","2","1","9","03","21","4","1","2","0","1","0","0"
"POINT (10.154723595000064 53.612925347000044)","Unfall 158628 (2019) Kat:3, Licht: 0","158628","3","6","2","03","16","6","0","0","0","1","0","0"
"POINT (10.010890816000028 53.463064976000055)","Unfall 158629 (2019) Kat:3, Licht: 2","158629","3","2","5","03","19","4","1","2","0","1","0","0"
"POINT (9.966619829000024 53.461200256000041)","Unfall 158630 (2019) Kat:3, Licht: 1","158630","3","7","0","03","17","4","1","1","1","0","0","0"
"POINT (10.107012294000072 53.570711041000038)","Unfall 158631 (2019) Kat:3, Licht: 0","158631","3","3","5","03","14","6","0","0","0","1","0","0"
"POINT (10.202033631000063 53.489730661000067)","Unfall 158632 (2019) Kat:3, Licht: 2","158632","3","6","1","03","20","4","1","2","0","1","0","0"
"POINT (10.107116280000071 53.573105362000035)","Unfall 158633 (2019) Kat:3, Licht: 0","158633","3","6","1","03","14","6","0","0","0","1","0","0"
"POINT (10.202033631000063 53.489730661000067)","Unfall 158634 (2019) Kat:3, Licht: 2","158634","3","6","2","03","20","4","1","2","0","1","0","0"
"POINT (10.207760085000075 53.406329580000033)","Unfall 158635 (2019) Kat:3, Licht: 0","158635","3","3","5","03","11","4","0","0","0","1","0","0"
"POINT (10.060437528000023 53.571046159000048)","Unfall 158636 (2019) Kat:3, Licht: 0","158636","3","7","0","03","17","6","0","0","0","1","0","0"
"POINT (10.061459785000068 53.579545251000070)","Unfall 158637 (2019) Kat:3, Licht: 0","158637","3","3","5","03","14","6","0","0","0","1","0","0"
"POINT (10.105444559000034 53.538516484000070)","Unfall 158638 (2019) Kat:3, Licht: 0","158638","3","6","2","03","09","4","0","0","0","1","0","0"
"POINT (10.040755815000068 53.602626669000074)","Unfall 158639 (2019) Kat:2, Licht: 0","158639","2","6","4","03","06","6","0","0","0","1","0","0"
"POINT (10.084026120000033 53.553747195000028)","Unfall 158640 (2019) Kat:3, Licht: 0","158640","3","6","2","03","08","4","0","0","0","1","0","0"
"POINT (10.072554373000060 53.615893606000043)","Unfall 158641 (2019) Kat:3, Licht: 0","158641","3","7","0","03","13","6","0","0","1","0","0","0"
"POINT (10.108986696000045 53.581688542000052)","Unfall 158642 (2019) Kat:3, Licht: 2","158642","3","2","5","03","18","4","1","2","1","1","0","0"
"POINT (10.103067831000033 53.634895553000035)","Unfall 158643 (2019) Kat:2, Licht: 0","158643","2","6","4","03","07","6","0","0","1","0","0","0"
"POINT (9.896847856000022 53.571764650000034)","Unfall 158644 (2019) Kat:3, Licht: 0","158644","3","2","3","03","10","6","0","0","0","1","0","0"
"POINT (10.080616859000031 53.581017230000043)","Unfall 158645 (2019) Kat:3, Licht: 0","158645","3","3","5","03","14","4","0","0","0","1","0","0"
"POINT (9.873392357000057 53.587088516000051)","Unfall 158646 (2019) Kat:3, Licht: 0","158646","3","3","5","03","16","6","0","0","1","0","0","0"
"POINT (10.081687087000034 53.576454077000051)","Unfall 158647 (2019) Kat:3, Licht: 1","158647","3","6","2","03","18","4","1","1","0","1","0","0"
"POINT (9.956146567000076 53.611769736000042)","Unfall 158648 (2019) Kat:3, Licht: 0","158648","3","6","2","03","09","6","0","0","0","1","0","0"
"POINT (10.038638176000063 53.608203699000057)","Unfall 158649 (2019) Kat:3, Licht: 2","158649","3","2","4","03","22","4","1","2","0","1","0","0"
"POINT (9.971774547000052 53.558376674000044)","Unfall 158650 (2019) Kat:3, Licht: 2","158650","3","6","3","03","23","6","0","2","1","1","0","0"
"POINT (10.064987599000062 53.608689476000052)","Unfall 158651 (2019) Kat:3, Licht: 0","158651","3","6","2","03","15","4","0","0","0","1","0","0"
"POINT (9.974283651000064 53.545137933000035)","Unfall 158652 (2019) Kat:3, Licht: 0","158652","3","6","6","03","16","6","0","0","1","1","1","0"
"POINT (10.032447951000051 53.635519757000054)","Unfall 158653 (2019) Kat:3, Licht: 0","158653","3","4","6","03","07","4","1","0","0","1","1","0"
"POINT (10.006211833000066 53.586022415000059)","Unfall 158654 (2019) Kat:3, Licht: 2","158654","3","2","6","03","18","4","1","2","0","1","1","0"
"POINT (9.908871160000047 53.512234288000059)","Unfall 158655 (2019) Kat:3, Licht: 0","158655","3","1","3","03","06","5","1","0","0","1","0","0"
"POINT (9.947878865000064 53.624849612000048)","Unfall 158656 (2019) Kat:3, Licht: 0","158656","3","3","5","03","14","4","0","0","1","1","0","0"
"POINT (10.199548688000050 53.481752068000048)","Unfall 158657 (2019) Kat:2, Licht: 0","158657","2","2","2","03","16","5","0","0","0","1","0","1"
"POINT (9.966661642000076 53.578171682000061)","Unfall 158658 (2019) Kat:3, Licht: 0","158658","3","7","0","03","09","4","0","0","0","1","0","0"
"POINT (9.972803411000029 53.578159956000036)","Unfall 158659 (2019) Kat:3, Licht: 0","158659","3","5","1","03","12","4","0","0","1","1","0","0"
"POINT (10.108272897000063 53.610780234000060)","Unfall 158660 (2019) Kat:3, Licht: 0","158660","3","4","6","03","16","5","1","0","1","0","1","0"
"POINT (10.115709669000069 53.608227569000064)","Unfall 158661 (2019) Kat:3, Licht: 0","158661","3","7","0","03","11","5","0","0","0","1","1","0"
"POINT (9.981196035000039 53.564800762000061)","Unfall 158662 (2019) Kat:3, Licht: 2","158662","3","2","3","03","19","4","1","2","1","1","0","0"
"POINT (10.089352905000055 53.631927939000036)","Unfall 158663 (2019) Kat:2, Licht: 0","158663","2","3","5","03","17","5","0","0","1","0","0","0"
"POINT (10.044038120000039 53.539950405000070)","Unfall 158664 (2019) Kat:2, Licht: 0","158664","2","3","5","03","08","3","0","0","1","1","0","0"
"POINT (10.046495561000029 53.579936953000072)","Unfall 158665 (2019) Kat:3, Licht: 0","158665","3","7","0","03","13","5","0","0","0","0","0","0"
"POINT (10.079758412000047 53.576081940000051)","Unfall 158666 (2019) Kat:3, Licht: 0","158666","3","2","5","03","17","3","0","0","1","0","0","0"
"POINT (10.012925274000054 53.645355857000027)","Unfall 158667 (2019) Kat:3, Licht: 0","158667","3","6","2","03","11","3","1","0","0","1","0","0"
"POINT (9.924047822000034 53.599473121000074)","Unfall 158668 (2019) Kat:3, Licht: 0","158668","3","3","5","03","18","5","0","0","1","1","0","0"
"POINT (10.000693406000039 53.678345882000031)","Unfall 158669 (2019) Kat:2, Licht: 0","158669","2","4","6","03","10","3","1","0","0","1","1","0"
"POINT (9.923574982000048 53.571009016000062)","Unfall 158670 (2019) Kat:3, Licht: 0","158670","3","7","2","03","14","5","0","0","0","0","0","1"
"POINT (10.004097837000074 53.585441294000077)","Unfall 158671 (2019) Kat:3, Licht: 0","158671","3","3","5","03","11","3","1","0","0","1","0","1"
"POINT (10.042431468000075 53.565348468000082)","Unfall 158672 (2019) Kat:3, Licht: 0","158672","3","3","5","03","15","3","0","0","0","1","0","0"
"POINT (9.917742287000067 53.570026236000047)","Unfall 158673 (2019) Kat:3, Licht: 0","158673","3","2","2","03","16","5","0","0","0","1","0","0"
"POINT (9.873310280000055 53.579878032000067)","Unfall 158674 (2019) Kat:3, Licht: 0","158674","3","7","1","03","17","3","0","0","1","1","0","0"