WKT,Name,OBJECTID,UKATEGORIE,UTYP1,UART,UMONAT,USTUNDE,UWOCHENTAG,STRZUSTAND,ULICHTVERH,ISTRAD,ISTPKW,ISTFUSS,ISTKRAD
"POINT (9.984998929000028 53.606588066000029)","Unfall 158675 (2019) Kat:3, Licht: 1","158675","3","5","1","03","18","5","0","1","1","1","0","0"
"POINT (9.953013944000077 53.568232798000054)","Unfall 158676 (2019) Kat:3, Licht: 0","158676","3","6","2","03","11","3","1","0","0","1","0","0"
"POINT (9.917647333000048 53.548405306000063)","Unfall 158677 (2019) Kat:3, Licht: 0","158677","3","2","5","03","15","3","0","0","0","1","0","0"
"POINT (9.970156499000041 53.583563467000033)","Unfall 158678 (2019) Kat:3, Licht: 2","158678","3","6","1","03","20","5","0","2","0","1","0","0"
"POINT (9.947660516000042 53.560891989000027)","Unfall 158679 (2019) Kat:3, Licht: 0","158679","3","3","0","03","16","5","0","0","1","1","0","0"
"POINT (9.935498493000068 53.568646448000038)","Unfall 158680 (2019) Kat:3, Licht: 0","158680","3","4","6","03","12","3","1","0","0","0","1","0"
"POINT (9.983989346000044 53.564515968000080)","Unfall 158681 (2019) Kat:3, Licht: 0","158681","3","6","2","03","14","3","0","0","0","1","0","0"
"POINT (9.980947367000056 53.564183925000066)","Unfall 158682 (2019) Kat:3, Licht: 0","158682","3","6","2","03","10","5","0","0","0","1","0","0"
"POINT (10.000036578000049 53.573370762000081)","Unfall 158683 (2019) Kat:3, Licht: 0","158683","3","2","3","03","10","3","1","0","1","0","0","0"
"POINT (9.982434524000041 53.556477073000053)","Unfall 158684 (2019) Kat:3, Licht: 0","158684","3","6","0","03","13","5","1","0","1","1","0","0"
"POINT (10.001518541000053 53.551222206000034)","Unfall 158685 (2019) Kat:3, Licht: 0","158685","3","4","6","03","12","3","0","0","1","0","1","0"
"POINT (10.018975399000055 53.524296588000027)","Unfall 158686 (2019) Kat:2, Licht: 0","158686","2","4","6","03","15","2","1","0","0","1","1","0"
"POINT (10.100750896000022 53.540432948000046)","Unfall 158687 (2019) Kat:3, Licht: 0","158687","3","3","5","03","16","2","1","0","0","1","0","0"
"POINT (10.027448075000052 53.533821559000046)","Unfall 158688 (2019) Kat:3, Licht: 0","158688","3","6","1","03","16","2","1","0","0","1","0","0"
"POINT (10.116023396000060 53.571025353000039)","Unfall 158689 (2019) Kat:3, Licht: 0","158689","3","6","3","03","09","2","1","0","0","1","0","0"
"POINT (9.876147495000055 53.533483014000069)","Unfall 158690 (2019) Kat:3, Licht: 0","158690","3","3","6","03","16","4","1","0","0","1","1","0"
"POINT (10.073456218000047 53.575664129000074)","Unfall 158691 (2019) Kat:3, Licht: 2","158691","3","3","5","03","20","2","1","2","0","1","0","0"
"POINT (10.080721113000038 53.580910369000037)","Unfall 158692 (2019) Kat:2, Licht: 0","158692","2","2","6","03","15","2","1","0","0","1","1","0"
"POINT (9.958332666000047 53.449816859000066)","Unfall 158693 (2019) Kat:3, Licht: 0","158693","3","6","4","03","09","4","0","0","0","1","0","0"
"POINT (10.086791750000032 53.586489580000034)","Unfall 158694 (2019) Kat:3, Licht: 0","158694","3","2","1","03","09","2","1","0","0","1","0","0"
"POINT (10.207138803000021 53.484828453000034)","Unfall 158695 (2019) Kat:3, Licht: 0","158695","3","6","2","03","17","4","1","0","0","1","0","0"
"POINT (10.024323848000051 53.565068250000081)","Unfall 158696 (2019) Kat:3, Licht: 2","158696","3","5","1","03","19","2","1","2","1","1","0","0"
"POINT (10.000835446000053 53.555530416000067)","Unfall 158697 (2019) Kat:3, Licht: 0","158697","3","2","4","03","09","2","1","0","1","1","0","0"
"POINT (10.135651684000038 53.571018396000056)","Unfall 158698 (2019) Kat:2, Licht: 0","158698","2","3","5","03","10","4","0","0","0","1","0","0"
"POINT (10.012949471000070 53.558684816000039)","Unfall 158699 (2019) Kat:3, Licht: 0","158699","3","5","1","03","14","2","1","0","1","0","0","0"
"POINT (10.135293568000066 53.594406668000033)","Unfall 158700 (2019) Kat:3, Licht: 0","158700","3","2","3","03","13","4","0","0","1","1","0","0"
"POINT (10.022457387000031 53.558145991000060)","Unfall 158701 (2019) Kat:2, Licht: 2","158701","2","7","2","03","06","2","1","2","1","1","0","0"
"POINT (10.118144352000058 53.538125154000056)","Unfall 158702 (2019) Kat:3, Licht: 2","158702","3","3","5","03","20","1","1","2","0","1","0","0"
"POINT (10.180919146000065 53.603332940000030)","Unfall 158703 (2019) Kat:3, Licht: 2","158703","3","5","1","03","21","1","1","2","0","1","0","0"
"POINT (10.101706780000029 53.597443945000066)","Unfall 158704 (2019) Kat:3, Licht: 1","158704","3","4","6","03","17","4","1","1","0","1","1","0"
"POINT (10.128053541000043 53.601871356000061)","Unfall 158705 (2019) Kat:3, Licht: 0","158705","3","3","5","03","10","1","1","0","0","1","0","0"
"POINT (10.099234395000053 53.588188987000080)","Unfall 158706 (2019) Kat:3, Licht: 0","158706","3","3","5","03","11","4","1","0","1","0","0","0"
"POINT (10.027644889000044 53.606311906000030)","Unfall 158707 (2019) Kat:3, Licht: 0","158707","3","6","2","03","14","1","1","0","0","1","0","0"
"POINT (10.051289797000038 53.578960444000074)","Unfall 158708 (2019) Kat:3, Licht: 1","158708","3","2","2","03","17","1","1","1","0","1","0","0"
"POINT (10.207355779000068 53.480031107000059)","Unfall 158709 (2019) Kat:3, Licht: 0","158709","3","3","5","03","14","7","0","0","1","1","0","0"
"POINT (10.000415442000076 53.621560578000071)","Unfall 158710 (2019) Kat:3, Licht: 0","158710","3","3","5","03","10","4","1","0","0","1","0","0"
"POINT (10.002465649000044 53.596541059000060)","Unfall 158711 (2019) Kat:3, Licht: 0","158711","3","6","2","03","11","4","1","0","0","1","0","1"
"POINT (10.152342757000042 53.543091302000050)","Unfall 158712 (2019) Kat:3, Licht: 0","158712","3","6","2","03","14","7","0","0","0","1","0","0"
"POINT (10.019727983000053 53.587568978000036)","Unfall 158713 (2019) Kat:3, Licht: 0","158713","3","4","6","03","06","4","0","0","1","0","1","0"
"POINT (10.058741835000035 53.563633433000064)","Unfall 158714 (2019) Kat:3, Licht: 0","158714","3","7","5","03","14","7","0","0","0","1","0","0"
"POINT (9.980424377000077 53.590876387000037)","Unfall 158715 (2019) Kat:3, Licht: 0","158715","3","5","1","03","11","4","1","0","1","1","0","0"
"POINT (9.958442254000033 53.549633913000037)","Unfall 158716 (2019) Kat:3, Licht: 2","158716","3","4","6","03","01","7","0","2","0","1","1","0"
"POINT (10.208812614000067 53.494727463000061)","Unfall 158717 (2019) Kat:3, Licht: 0","158717","3","3","5","03","10","6","0","0","0","1","0","0"
"POINT (9.941519618000029 53.563852828000051)","Unfall 158718 (2019) Kat:3, Licht: 0","158718","3","7","0","03","13","4","1","0","0","0","0","1"
"POINT (10.105507328000044 53.570559442000047)","Unfall 158719 (2019) Kat:3, Licht: 2","158719","3","3","5","03","18","6","0","2","0","1","0","0"
"POINT (9.993459337000047 53.558788886000059)","Unfall 158720 (2019) Kat:3, Licht: 2","158720","3","6","2","03","20","4","1","2","0","1","0","0"
"POINT (10.098441584000057 53.590418656000054)","Unfall 158721 (2019) Kat:3, Licht: 0","158721","3","3","5","03","11","6","0","0","0","1","0","1"
"POINT (10.084783796000067 53.609440422000034)","Unfall 158722 (2019) Kat:3, Licht: 2","158722","3","4","6","03","19","6","0","2","1","0","1","0"
"POINT (9.964469036000025 53.559697860000028)","Unfall 158723 (2019) Kat:3, Licht: 0","158723","3","7","0","03","12","4","1","0","1","1","0","0"
"POINT (9.969708080000032 53.549670956000057)","Unfall 158724 (2019) Kat:3, Licht: 0","158724","3","6","3","03","16","4","0","0","1","0","0","0"
"POINT (10.084528280000029 53.623748567000064)","Unfall 158725 (2019) Kat:3, Licht: 0","158725","3","6","2","03","14","6","0","0","0","1","0","0"
"POINT (10.080869237000059 53.608283902000039)","Unfall 158726 (2019) Kat:3, Licht: 0","158726","3","6","2","03","15","6","0","0","0","1","0","0"
"POINT (9.984601683000051 53.552606425000079)","Unfall 158727 (2019) Kat:3, Licht: 0","158727","3","2","5","03","07","4","0","0","1","1","0","0"
"POINT (10.084834341000033 53.659562726000047)","Unfall 158728 (2019) Kat:2, Licht: 0","158728","2","6","0","03","15","6","0","0","0","1","0","0"
"POINT (9.980258336000077 53.551583929000060)","Unfall 158729 (2019) Kat:3, Licht: 0","158729","3","5","1","03","13","4","0","0","1","0","0","0"
"POINT (10.041501394000022 53.648320499000079)","Unfall 158730 (2019) Kat:3, Licht: 0","158730","3","6","2","03","11","6","0","0","0","1","0","0"
"POINT (10.022219642000039 53.495601450000038)","Unfall 158731 (2019) Kat:3, Licht: 0","158731","3","7","5","03","15","3","0","0","0","1","0","0"
"POINT (10.037882098000068 53.581840291000049)","Unfall 158732 (2019) Kat:3, Licht: 2","158732","3","3","5","03","21","6","0","2","1","1","0","0"
"POINT (10.036185514000067 53.575634031000050)","Unfall 158733 (2019) Kat:3, Licht: 0","158733","3","3","5","03","14","6","0","0","1","1","0","0"
"POINT (10.106955626000058 53.595542235000039)","Unfall 158734 (2019) Kat:2, Licht: 0","158734","2","3","5","03","15","3","0","0","1","1","0","0"
"POINT (9.904644456000028 53.609791111000050)","Unfall 158735 (2019) Kat:3, Licht: 2","158735","3","3","5","03","20","6","0","2","1","1","0","0"
"POINT (9.989783303000024 53.553085465000038)","Unfall 158736 (2019) Kat:3, Licht: 0","158736","3","4","6","04","18","4","0","0","1","0","1","0"
"POINT (10.009938982000051 53.552350008000076)","Unfall 158737 (2019) Kat:3, Licht: 0","158737","3","6","2","04","08","4","0","0","0","1","0","0"
"POINT (10.007666399000072 53.554964191000067)","Unfall 158738 (2019) Kat:3, Licht: 2","158738","3","6","3","04","20","4","0","2","1","1","0","0"
"POINT (10.024898436000058 53.555322388000036)","Unfall 158739 (2019) Kat:3, Licht: 0","158739","3","5","1","04","15","4","0","0","0","1","0","1"
"POINT (10.192348035000066 53.489307365000059)","Unfall 158740 (2019) Kat:3, Licht: 0","158740","3","3","5","04","18","3","0","0","1","1","0","0"
"POINT (10.083761278000054 53.538865837000060)","Unfall 158741 (2019) Kat:3, Licht: 2","158741","3","3","5","04","20","3","0","2","0","1","0","0"
"POINT (10.150039962000051 53.526040529000056)","Unfall 158742 (2019) Kat:3, Licht: 0","158742","3","2","6","04","08","3","0","0","0","1","1","0"
"POINT (10.106717964000040 53.537923515000045)","Unfall 158743 (2019) Kat:3, Licht: 0","158743","3","2","2","04","18","3","0","0","0","1","0","0"
"POINT (10.107363505000023 53.547823506000043)","Unfall 158744 (2019) Kat:3, Licht: 0","158744","3","6","2","04","12","3","0","0","0","1","0","0"
"POINT (10.158109553000031 53.588458877000051)","Unfall 158745 (2019) Kat:3, Licht: 0","158745","3","3","5","04","16","3","0","0","0","1","0","0"
"POINT (10.145882321000045 53.581017586000030)","Unfall 158746 (2019) Kat:3, Licht: 0","158746","3","3","5","04","18","3","0","0","1","1","0","0"
"POINT (10.071535626000070 53.597427760000073)","Unfall 158747 (2019) Kat:3, Licht: 0","158747","3","2","4","04","17","3","0","0","1","1","0","0"
"POINT (10.098914336000064 53.643255520000082)","Unfall 158748 (2019) Kat:2, Licht: 0","158748","2","3","5","04","17","3","0","0","0","1","0","0"
"POINT (10.043965028000059 53.591367634000051)","Unfall 158749 (2019) Kat:3, Licht: 0","158749","3","2","4","04","16","3","0","0","1","1","0","0"
"POINT (10.044273909000026 53.572810218000029)","Unfall 158750 (2019) Kat:3, Licht: 0","158750","3","3","5","04","16","3","0","0","1","1","0","0"
"POINT (10.048119324000027 53.567845063000050)","Unfall 158751 (2019) Kat:3, Licht: 0","158751","3","2","4","04","09","3","0","0","1","1","0","0"
"POINT (9.858906163000029 53.576085001000081)","Unfall 158752 (2019) Kat:3, Licht: 0","158752","3","7","0","04","09","3","0","0","1","0","0","0"
"POINT (9.864933420000057 53.597160408000036)","Unfall 158753 (2019) Kat:2, Licht: 0","158753","2","2","4","04","07","3","0","0","1","1","0","0"
"POINT (9.992015856000023 53.607303646000048)","Unfall 158754 (2019) Kat:3, Licht: 0","158754","3","3","5","04","18","3","0","0","1","1","0","0"
"POINT (9.959842104000074 53.574509388000081)","Unfall 158755 (2019) Kat:3, Licht: 0","158755","3","6","3","04","18","3","0","0","1","1","0","0"
"POINT (9.992169477000061 53.590827413000056)","Unfall 158756 (2019) Kat:3, Licht: 0","158756","3","5","1","04","19","3","0","0","1","1","0","0"
"POINT (9.975611973000071 53.561151176000067)","Unfall 158757 (2019) Kat:3, Licht: 0","158757","3","1","4","04","18","3","0","0","1","0","0","0"
"POINT (9.994589697000038 53.552082117000054)","Unfall 158758 (2019) Kat:3, Licht: 0","158758","3","2","4","04","18","3","0","0","1","1","0","0"
"POINT (9.901257326000064 53.524687975000063)","Unfall 158759 (2019) Kat:3, Licht: 0","158759","3","1","8","04","06","3","0","0","0","1","0","0"
"POINT (10.161101578000057 53.512524654000060)","Unfall 158760 (2019) Kat:3, Licht: 0","158760","3","6","2","04","17","2","0","0","0","1","0","0"
"POINT (10.024636344000044 53.546732045000056)","Unfall 158761 (2019) Kat:3, Licht: 0","158761","3","7","0","04","18","2","0","0","1","1","0","0"
"POINT (10.060898332000022 53.570409515000051)","Unfall 158762 (2019) Kat:3, Licht: 0","158762","3","3","5","04","18","2","0","0","1","1","0","0"
"POINT (10.010130100000026 53.648938311000052)","Unfall 158763 (2019) Kat:3, Licht: 0","158763","3","6","2","04","12","2","0","0","0","1","0","0"
"POINT (10.056969161000040 53.575773477000041)","Unfall 158764 (2019) Kat:3, Licht: 0","158764","3","2","5","04","07","2","0","0","1","0","0","0"
"POINT (10.007647752000025 53.575025440000047)","Unfall 158765 (2019) Kat:3, Licht: 0","158765","3","7","3","04","19","2","0","0","1","1","0","0"
"POINT (9.940724135000039 53.593021466000039)","Unfall 158766 (2019) Kat:3, Licht: 0","158766","3","6","2","04","09","2","0","0","0","1","0","0"
"POINT (9.788338835000047 53.571315507000065)","Unfall 158767 (2019) Kat:3, Licht: 0","158767","3","6","2","04","11","2","0","0","0","1","0","0"
"POINT (9.889158209000073 53.556322653000052)","Unfall 158768 (2019) Kat:3, Licht: 0","158768","3","3","5","04","07","2","0","0","1","1","0","0"
"POINT (9.934824307000042 53.546339396000064)","Unfall 158769 (2019) Kat:3, Licht: 0","158769","3","3","5","04","14","2","0","0","0","1","0","0"
"POINT (9.978204708000021 53.571117959000048)","Unfall 158770 (2019) Kat:3, Licht: 0","158770","3","2","4","04","07","2","0","0","1","1","0","0"
"POINT (10.178551529000060 53.490457426000035)","Unfall 158771 (2019) Kat:2, Licht: 0","158771","2","2","4","04","13","1","1","0","1","1","0","0"
"POINT (10.107268435000037 53.541949399000032)","Unfall 158772 (2019) Kat:3, Licht: 0","158772","3","4","6","04","17","1","0","0","0","1","1","0"
"POINT (10.105853440000033 53.651894137000056)","Unfall 158773 (2019) Kat:3, Licht: 0","158773","3","3","5","04","18","1","0","0","1","1","0","0"
"POINT (10.057294161000073 53.565973109000026)","Unfall 158774 (2019) Kat:3, Licht: 0","158774","3","3","5","04","18","1","0","0","0","1","0","0"
"POINT (9.993220586000064 53.516284931000030)","Unfall 158775 (2019) Kat:3, Licht: 2","158775","3","2","6","04","23","7","0","2","0","1","1","0"
"POINT (10.210924018000071 53.488020864000077)","Unfall 158776 (2019) Kat:3, Licht: 0","158776","3","6","2","04","17","7","0","0","1","0","0","0"
"POINT (10.132126419000031 53.597124346000044)","Unfall 158777 (2019) Kat:3, Licht: 0","158777","3","3","5","04","14","7","0","0","1","1","0","0"
"POINT (10.135888643000044 53.615216436000082)","Unfall 158778 (2019) Kat:3, Licht: 0","158778","3","3","5","04","15","7","0","0","0","0","0","1"
"POINT (10.094652494000059 53.578675878000070)","Unfall 158779 (2019) Kat:3, Licht: 0","158779","3","6","2","04","13","7","0","0","0","1","0","0"
"POINT (10.078572646000055 53.584883892000050)","Unfall 158780 (2019) Kat:3, Licht: 0","158780","3","2","5","04","13","7","0","0","0","1","0","0"
"POINT (10.004394060000038 53.588182326000037)","Unfall 158781 (2019) Kat:3, Licht: 2","158781","3","7","6","04","04","7","0","2","0","0","1","0"
"POINT (9.878526412000042 53.602495794000049)","Unfall 158782 (2019) Kat:3, Licht: 0","158782","3","3","5","04","13","7","1","0","0","1","0","0"
"POINT (9.986790100000064 53.547849573000065)","Unfall 158783 (2019) Kat:3, Licht: 0","158783","3","2","0","04","14","7","0","0","1","0","0","0"
"POINT (9.968165147000036 53.545792587000051)","Unfall 158784 (2019) Kat:2, Licht: 0","158784","2","4","6","04","16","7","0","0","0","1","1","0"
"POINT (10.011271668000063 53.557420938000064)","Unfall 158785 (2019) Kat:3, Licht: 0","158785","3","4","6","04","09","7","0","0","0","1","1","0"
"POINT (10.081925811000076 53.515805318000048)","Unfall 158786 (2019) Kat:3, Licht: 0","158786","3","6","2","04","15","6","0","0","0","1","0","0"
"POINT (10.025474527000029 53.544614432000060)","Unfall 158787 (2019) Kat:3, Licht: 0","158787","3","4","6","04","16","6","0","0","0","1","1","0"
"POINT (10.025739210000040 53.543786203000082)","Unfall 158788 (2019) Kat:3, Licht: 2","158788","3","6","2","04","23","6","0","2","0","1","0","0"
"POINT (10.062901839000062 53.570988918000069)","Unfall 158789 (2019) Kat:3, Licht: 0","158789","3","7","5","04","17","6","0","0","0","1","0","0"
"POINT (10.118428971000071 53.647641627000041)","Unfall 158790 (2019) Kat:3, Licht: 0","158790","3","3","5","04","09","6","0","0","1","0","0","0"
"POINT (10.019166667000036 53.580459335000057)","Unfall 158791 (2019) Kat:2, Licht: 0","158791","2","3","5","04","09","6","0","0","0","1","0","1"
"POINT (9.930251382000051 53.551989924000054)","Unfall 158792 (2019) Kat:3, Licht: 0","158792","3","7","0","04","18","6","0","0","0","1","1","0"
"POINT (9.960125101000074 53.549960986000031)","Unfall 158793 (2019) Kat:3, Licht: 2","158793","3","5","1","04","00","6","0","2","1","1","0","0"
"POINT (9.966569290000052 53.545714752000038)","Unfall 158794 (2019) Kat:2, Licht: 0","158794","2","6","6","04","14","6","0","0","1","0","1","0"
"POINT (9.979268949000073 53.544330408000064)","Unfall 158795 (2019) Kat:3, Licht: 0","158795","3","4","6","04","13","6","0","0","1","0","1","0"
"POINT (10.122695225000029 53.531278237000038)","Unfall 158796 (2019) Kat:2, Licht: 0","158796","2","3","5","04","15","5","0","0","1","1","0","0"
"POINT (10.113966408000067 53.601039386000082)","Unfall 158797 (2019) Kat:3, Licht: 0","158797","3","3","5","04","15","5","0","0","1","1","0","0"
"POINT (10.098166043000049 53.588837912000031)","Unfall 158798 (2019) Kat:3, Licht: 0","158798","3","6","2","04","11","5","0","0","0","1","0","0"
"POINT (10.066272833000028 53.584720845000049)","Unfall 158799 (2019) Kat:3, Licht: 0","158799","3","7","2","04","11","5","0","0","0","0","0","1"
"POINT (10.061380675000066 53.610747864000075)","Unfall 158800 (2019) Kat:2, Licht: 0","158800","2","3","5","04","08","5","0","0","1","1","0","0"
"POINT (10.033978111000067 53.607441518000030)","Unfall 158801 (2019) Kat:3, Licht: 0","158801","3","2","2","04","13","5","0","0","0","1","0","0"
"POINT (10.087709394000058 53.662701908000031)","Unfall 158802 (2019) Kat:3, Licht: 0","158802","3","3","5","04","11","5","0","0","0","1","0","0"
"POINT (10.025254750000045 53.604235213000038)","Unfall 158803 (2019) Kat:3, Licht: 0","158803","3","3","5","04","13","5","0","0","0","1","0","0"
"POINT (10.033735941000032 53.563529551000045)","Unfall 158804 (2019) Kat:3, Licht: 0","158804","3","6","2","04","18","5","0","0","0","1","0","0"
"POINT (10.047448352000060 53.572198968000066)","Unfall 158805 (2019) Kat:3, Licht: 0","158805","3","3","5","04","08","5","0","0","0","1","0","0"
"POINT (9.952540606000071 53.598770702000081)","Unfall 158806 (2019) Kat:3, Licht: 0","158806","3","2","2","04","13","5","0","0","1","1","0","0"
"POINT (10.000584528000047 53.555621584000050)","Unfall 158807 (2019) Kat:3, Licht: 0","158807","3","2","4","04","11","5","0","0","0","1","0","0"
"POINT (9.863878340000042 53.529419061000056)","Unfall 158808 (2019) Kat:3, Licht: 0","158808","3","3","0","04","07","4","0","0","1","1","0","0"
"POINT (9.909341961000052 53.512251389000028)","Unfall 158809 (2019) Kat:3, Licht: 0","158809","3","6","2","04","15","4","0","0","0","1","0","0"
"POINT (9.872103526000046 53.478890799000055)","Unfall 158810 (2019) Kat:3, Licht: 0","158810","3","6","0","04","19","4","0","0","0","1","0","1"
"POINT (10.148114782000050 53.522195737000061)","Unfall 158811 (2019) Kat:3, Licht: 0","158811","3","3","5","04","14","4","0","0","0","1","0","0"
"POINT (10.028057885000067 53.551911729000039)","Unfall 158812 (2019) Kat:3, Licht: 0","158812","3","2","4","04","17","4","0","0","1","1","0","0"
"POINT (10.139636993000067 53.584036551000054)","Unfall 158813 (2019) Kat:3, Licht: 0","158813","3","3","5","04","10","4","0","0","1","1","0","0"
"POINT (10.159853126000030 53.605163721000054)","Unfall 158814 (2019) Kat:3, Licht: 0","158814","3","7","0","04","11","4","0","0","0","1","0","0"
"POINT (10.041200019000030 53.647765208000067)","Unfall 158815 (2019) Kat:3, Licht: 0","158815","3","2","2","04","19","4","0","0","0","1","0","0"
"POINT (10.092247907000058 53.674118759000066)","Unfall 158816 (2019) Kat:3, Licht: 0","158816","3","6","1","04","15","4","0","0","0","1","0","0"
"POINT (10.080770947000076 53.659459878000064)","Unfall 158817 (2019) Kat:3, Licht: 0","158817","3","7","0","04","08","4","0","0","1","0","0","0"
"POINT (9.823336983000047 53.575693663000038)","Unfall 158818 (2019) Kat:3, Licht: 0","158818","3","3","2","04","09","4","0","0","1","1","0","0"
"POINT (9.969080536000035 53.573559948000081)","Unfall 158819 (2019) Kat:3, Licht: 0","158819","3","3","5","04","14","4","0","0","1","1","0","0"
"POINT (9.967229102000033 53.568855170000063)","Unfall 158820 (2019) Kat:3, Licht: 0","158820","3","6","3","04","18","4","0","0","1","0","0","0"
"POINT (9.999648079000053 53.550888261000068)","Unfall 158821 (2019) Kat:2, Licht: 0","158821","2","4","6","04","13","4","0","0","0","0","1","0"
"POINT (9.964187023000022 53.471911231000036)","Unfall 158822 (2019) Kat:3, Licht: 0","158822","3","2","4","04","07","4","0","0","1","1","0","0"
"POINT (9.847489793000023 53.507935894000070)","Unfall 158823 (2019) Kat:3, Licht: 0","158823","3","2","5","04","17","3","0","0","1","1","0","0"
"POINT (10.202281133000042 53.488977215000034)","Unfall 158824 (2019) Kat:3, Licht: 0","158824","3","3","5","04","16","3","0","0","0","1","0","1"
"POINT (10.160935098000039 53.591788279000070)","Unfall 158825 (2019) Kat:3, Licht: 0","158825","3","3","5","04","17","3","0","0","0","1","0","1"
"POINT (10.058313781000038 53.576039906000062)","Unfall 158826 (2019) Kat:2, Licht: 0","158826","2","2","4","04","09","3","0","0","0","1","0","1"
"POINT (10.065631893000045 53.571632117000036)","Unfall 158827 (2019) Kat:3, Licht: 0","158827","3","6","3","04","14","3","0","0","0","1","0","0"
"POINT (10.033718950000036 53.636670030000062)","Unfall 158828 (2019) Kat:3, Licht: 0","158828","3","6","4","04","12","3","0","0","0","1","0","0"
"POINT (10.014714938000054 53.637584756000081)","Unfall 158829 (2019) Kat:3, Licht: 0","158829","3","3","5","04","09","3","0","0","1","0","0","0"
"POINT (10.029276736000043 53.676889476000042)","Unfall 158830 (2019) Kat:3, Licht: 0","158830","3","4","0","04","07","3","0","0","1","0","1","0"
"POINT (9.978033906000064 53.595538584000053)","Unfall 158831 (2019) Kat:3, Licht: 0","158831","3","6","2","04","07","3","0","0","1","1","0","0"
"POINT (9.990958302000024 53.560669219000033)","Unfall 158832 (2019) Kat:3, Licht: 0","158832","3","3","0","04","15","3","0","0","1","0","0","0"
"POINT (9.986117957000033 53.572752618000038)","Unfall 158833 (2019) Kat:3, Licht: 0","158833","3","6","1","04","14","3","0","0","1","0","0","0"
"POINT (10.005199026000071 53.553099388000078)","Unfall 158834 (2019) Kat:3, Licht: 0","158834","3","6","4","04","07","3","0","0","1","0","0","0"
"POINT (10.010015560000056 53.552272196000047)","Unfall 158835 (2019) Kat:3, Licht: 0","158835","3","7","3","04","18","3","0","0","0","0","0","0"
"POINT (10.004673013000058 53.557689235000055)","Unfall 158836 (2019) Kat:3, Licht: 0","158836","3","6","3","04","18","3","0","0","1","0","0","0"
"POINT (10.206756802000029 53.484871947000045)","Unfall 158837 (2019) Kat:3, Licht: 0","158837","3","6","2","04","15","2","0","0","0","1","0","0"
"POINT (10.149293560000046 53.543458515000054)","Unfall 158838 (2019) Kat:3, Licht: 0","158838","3","6","2","04","17","2","0","0","0","1","0","0"
"POINT (10.127224208000030 53.546897919000060)","Unfall 158839 (2019) Kat:3, Licht: 0","158839","3","6","2","04","18","2","0","0","0","1","0","0"
"POINT (10.013465019000023 53.548444098000061)","Unfall 158840 (2019) Kat:3, Licht: 0","158840","3","6","2","04","08","2","0","0","0","1","0","0"
"POINT (10.076647645000037 53.572332255000049)","Unfall 158841 (2019) Kat:2, Licht: 0","158841","2","3","5","04","15","2","0","0","1","0","0","0"
"POINT (10.042018427000073 53.647757375000026)","Unfall 158842 (2019) Kat:3, Licht: 0","158842","3","6","2","04","06","2","0","0","0","1","0","0"
"POINT (10.005852594000032 53.586150266000061)","Unfall 158843 (2019) Kat:3, Licht: 0","158843","3","1","4","04","14","2","0","0","0","1","0","1"
"POINT (10.054339782000056 53.583769093000058)","Unfall 158844 (2019) Kat:3, Licht: 0","158844","3","7","0","04","16","2","0","0","0","0","1","1"
"POINT (9.777435050000065 53.575888830000054)","Unfall 158845 (2019) Kat:3, Licht: 0","158845","3","1","4","04","16","2","0","0","0","1","0","0"
"POINT (9.874592347000032 53.589945197000077)","Unfall 158846 (2019) Kat:3, Licht: 0","158846","3","6","2","04","16","2","0","0","0","1","0","0"
"POINT (9.873370947000069 53.586754732000031)","Unfall 158847 (2019) Kat:3, Licht: 0","158847","3","6","1","04","10","2","0","0","0","1","0","0"
"POINT (9.912397152000040 53.554062014000067)","Unfall 158848 (2019) Kat:3, Licht: 0","158848","3","3","5","04","09","2","0","0","1","0","0","0"
"POINT (9.884076807000042 53.554714033000039)","Unfall 158849 (2019) Kat:3, Licht: 0","158849","3","6","3","04","07","2","0","0","1","0","0","0"
"POINT (9.962171541000032 53.633267353000065)","Unfall 158850 (2019) Kat:3, Licht: 0","158850","3","7","1","04","08","2","0","0","1","1","0","0"
"POINT (9.953641500000060 53.568606062000072)","Unfall 158851 (2019) Kat:3, Licht: 0","158851","3","3","5","04","07","2","0","0","0","1","0","1"
"POINT (9.949203612000076 53.558540905000029)","Unfall 158852 (2019) Kat:3, Licht: 2","158852","3","6","2","04","23","2","0","2","0","1","0","0"
"POINT (9.948521970000058 53.558305901000040)","Unfall 158853 (2019) Kat:3, Licht: 0","158853","3","7","0","04","09","2","0","0","1","0","1","0"
"POINT (9.992671122000047 53.568204256000058)","Unfall 158854 (2019) Kat:3, Licht: 2","158854","3","2","6","04","22","2","0","2","0","1","1","0"
"POINT (10.008092570000031 53.554678460000048)","Unfall 158855 (2019) Kat:3, Licht: 0","158855","3","5","1","04","09","2","0","0","0","1","0","0"
"POINT (9.910624455000061 53.500404351000043)","Unfall 158856 (2019) Kat:3, Licht: 0","158856","3","1","9","04","15","1","0","0","0","0","0","1"
"POINT (9.951373391000061 53.458508479000045)","Unfall 158857 (2019) Kat:3, Licht: 0","158857","3","4","6","04","18","1","0","0","0","1","1","0"
"POINT (10.205386997000062 53.492477836000035)","Unfall 158858 (2019) Kat:3, Licht: 0","158858","3","6","0","04","12","1","0","0","0","1","0","0"
"POINT (10.091535721000071 53.543983618000027)","Unfall 158859 (2019) Kat:3, Licht: 0","158859","3","7","5","04","14","1","0","0","0","1","0","1"