WKT,Name,OBJECTID,UKATEGORIE,UTYP1,UART,UMONAT,USTUNDE,UWOCHENTAG,STRZUSTAND,ULICHTVERH,ISTRAD,ISTPKW,ISTFUSS,ISTKRAD
"POINT (10.055856592000055 53.536574562000055)","Unfall 158860 (2019) Kat:3, Licht: 0","158860","3","2","4","04","15","1","0","0","1","1","0","0"
"POINT (10.120105459000058 53.618367378000073)","Unfall 158861 (2019) Kat:3, Licht: 0","158861","3","4","6","04","14","1","0","0","0","1","1","0"
"POINT (10.019472371000063 53.654879647000030)","Unfall 158862 (2019) Kat:3, Licht: 0","158862","3","3","5","04","14","1","0","0","0","1","0","0"
"POINT (10.022082670000032 53.600302903000056)","Unfall 158863 (2019) Kat:3, Licht: 0","158863","3","7","6","04","15","1","0","0","0","1","1","0"
"POINT (9.891481560000045 53.574396242000034)","Unfall 158864 (2019) Kat:3, Licht: 0","158864","3","3","5","04","14","1","0","0","0","1","0","0"
"POINT (9.941743182000039 53.558282242000075)","Unfall 158865 (2019) Kat:3, Licht: 0","158865","3","7","5","04","14","1","0","0","0","1","0","0"
"POINT (9.988095527000041 53.555512379000049)","Unfall 158866 (2019) Kat:3, Licht: 0","158866","3","6","0","04","17","1","0","0","0","1","0","0"
"POINT (10.008911597000065 53.559288797000079)","Unfall 158867 (2019) Kat:3, Licht: 0","158867","3","6","2","04","14","1","0","0","0","1","0","0"
"POINT (9.801278476000050 53.526018852000050)","Unfall 158868 (2019) Kat:3, Licht: 0","158868","3","6","2","04","10","7","0","0","0","1","0","0"
"POINT (10.002308761000052 53.497717652000063)","Unfall 158869 (2019) Kat:3, Licht: 0","158869","3","7","4","04","19","7","0","0","0","1","0","1"
"POINT (9.993731870000033 53.516203945000029)","Unfall 158870 (2019) Kat:3, Licht: 2","158870","3","7","6","04","00","7","0","2","0","1","1","0"
"POINT (10.179550183000060 53.448713710000050)","Unfall 158871 (2019) Kat:3, Licht: 2","158871","3","5","1","04","20","7","0","2","0","1","0","0"
"POINT (10.077346081000030 53.565508021000028)","Unfall 158872 (2019) Kat:3, Licht: 0","158872","3","6","2","04","17","7","0","0","0","1","0","0"
"POINT (9.816553697000074 53.574448565000068)","Unfall 158873 (2019) Kat:3, Licht: 0","158873","3","7","0","04","12","4","0","0","1","0","0","0"
"POINT (10.107275087000062 53.654724250000072)","Unfall 158874 (2019) Kat:3, Licht: 0","158874","3","6","3","04","10","7","0","0","1","1","0","0"
"POINT (9.926837453000076 53.571951143000035)","Unfall 158875 (2019) Kat:3, Licht: 0","158875","3","6","2","04","09","4","0","0","0","1","0","0"
"POINT (10.029593594000062 53.565809348000073)","Unfall 158876 (2019) Kat:2, Licht: 0","158876","2","6","4","04","19","7","0","0","1","1","0","0"
"POINT (9.924332735000064 53.554303881000067)","Unfall 158877 (2019) Kat:3, Licht: 0","158877","3","6","6","04","14","7","0","0","1","0","1","0"
"POINT (9.905892691000076 53.626224544000081)","Unfall 158878 (2019) Kat:3, Licht: 0","158878","3","6","2","04","13","4","0","0","0","1","0","0"
"POINT (9.947195179000062 53.550503563000063)","Unfall 158879 (2019) Kat:3, Licht: 0","158879","3","7","8","04","17","7","0","0","0","1","0","0"
"POINT (9.929602081000041 53.629296464000049)","Unfall 158880 (2019) Kat:3, Licht: 0","158880","3","3","5","04","18","4","0","0","0","1","0","0"
"POINT (9.960115858000052 53.549675544000081)","Unfall 158881 (2019) Kat:3, Licht: 2","158881","3","4","6","04","21","7","0","2","0","1","1","0"
"POINT (9.944314192000036 53.572948651000047)","Unfall 158882 (2019) Kat:3, Licht: 0","158882","3","2","3","04","15","4","0","0","1","1","0","0"
"POINT (9.988371597000025 53.558175643000027)","Unfall 158883 (2019) Kat:3, Licht: 2","158883","3","6","3","04","19","7","0","2","0","1","0","0"
"POINT (9.995765160000076 53.588494284000035)","Unfall 158884 (2019) Kat:3, Licht: 0","158884","3","3","5","04","18","4","0","0","0","1","0","0"
"POINT (10.066936207000026 53.582930284000042)","Unfall 158885 (2019) Kat:3, Licht: 0","158885","3","5","1","04","10","6","0","0","1","1","0","0"
"POINT (10.062626390000048 53.570932185000061)","Unfall 158886 (2019) Kat:3, Licht: 0","158886","3","6","6","04","13","6","0","0","1","0","1","0"
"POINT (10.086509358000058 53.612983383000028)","Unfall 158887 (2019) Kat:3, Licht: 0","158887","3","6","4","04","15","6","0","0","1","0","1","0"
"POINT (9.933444709000071 53.553236773000037)","Unfall 158888 (2019) Kat:3, Licht: 0","158888","3","3","5","04","19","4","0","0","0","1","0","0"
"POINT (10.077965120000044 53.619414628000072)","Unfall 158889 (2019) Kat:2, Licht: 0","158889","2","3","5","04","14","6","0","0","1","1","0","0"
"POINT (9.971366740000065 53.566985467000052)","Unfall 158890 (2019) Kat:3, Licht: 0","158890","3","6","2","04","15","4","0","0","0","1","0","0"
"POINT (10.034349836000047 53.606194252000080)","Unfall 158891 (2019) Kat:3, Licht: 2","158891","3","3","6","04","22","6","0","2","0","1","1","0"
"POINT (10.011100788000022 53.550955347000070)","Unfall 158892 (2019) Kat:3, Licht: 0","158892","3","3","5","04","16","4","0","0","1","1","0","0"
"POINT (10.007804757000031 53.520775267000033)","Unfall 158893 (2019) Kat:3, Licht: 0","158893","3","6","1","04","18","3","0","0","0","1","0","0"
"POINT (10.080137021000041 53.607833824000068)","Unfall 158894 (2019) Kat:3, Licht: 0","158894","3","3","5","04","14","6","0","0","0","1","0","0"
"POINT (10.010797784000033 53.501747621000050)","Unfall 158895 (2019) Kat:3, Licht: 2","158895","3","1","8","04","00","3","0","2","0","1","0","0"
"POINT (9.994432618000076 53.593095439000081)","Unfall 158896 (2019) Kat:3, Licht: 0","158896","3","6","3","04","07","6","0","0","1","1","0","0"
"POINT (10.212012545000050 53.484195844000055)","Unfall 158897 (2019) Kat:3, Licht: 0","158897","3","4","6","04","13","3","0","0","0","1","1","0"
"POINT (10.026753945000053 53.569827493000048)","Unfall 158898 (2019) Kat:2, Licht: 0","158898","2","4","6","04","12","6","0","0","0","1","1","0"
"POINT (9.878548551000051 53.600777817000051)","Unfall 158899 (2019) Kat:3, Licht: 0","158899","3","3","5","04","07","6","0","0","1","1","0","0"
"POINT (10.095633260000056 53.542705944000033)","Unfall 158900 (2019) Kat:3, Licht: 0","158900","3","6","2","04","14","3","0","0","0","1","0","0"
"POINT (9.948743625000077 53.573383185000068)","Unfall 158901 (2019) Kat:3, Licht: 0","158901","3","3","2","04","10","6","0","0","0","1","0","0"
"POINT (10.128184078000061 53.532308865000061)","Unfall 158902 (2019) Kat:3, Licht: 0","158902","3","7","0","04","15","3","0","0","0","0","0","0"
"POINT (9.993187974000023 53.566634952000072)","Unfall 158903 (2019) Kat:2, Licht: 0","158903","2","7","1","04","17","6","0","0","1","1","0","0"
"POINT (10.104433649000043 53.538994143000082)","Unfall 158904 (2019) Kat:3, Licht: 0","158904","3","2","0","04","10","3","0","0","1","0","0","0"
"POINT (10.004047954000043 53.540818369000078)","Unfall 158905 (2019) Kat:2, Licht: 0","158905","2","7","3","04","06","6","0","0","0","1","0","0"
"POINT (10.042418314000031 53.549803882000049)","Unfall 158906 (2019) Kat:3, Licht: 0","158906","3","3","5","04","08","3","0","0","1","1","0","0"
"POINT (10.014147053000045 53.559407015000033)","Unfall 158907 (2019) Kat:3, Licht: 0","158907","3","7","0","04","18","6","0","0","0","1","0","0"
"POINT (9.859530260000042 53.534733716000062)","Unfall 158908 (2019) Kat:3, Licht: 0","158908","3","3","5","04","16","5","0","0","0","1","0","0"
"POINT (10.064403885000047 53.554076621000036)","Unfall 158909 (2019) Kat:3, Licht: 0","158909","3","6","3","04","17","3","0","0","0","1","0","0"
"POINT (10.027435683000022 53.533823912000059)","Unfall 158910 (2019) Kat:3, Licht: 0","158910","3","2","2","04","16","3","0","0","0","1","0","0"
"POINT (9.990524634000053 53.452614808000078)","Unfall 158911 (2019) Kat:3, Licht: 0","158911","3","7","6","04","11","5","0","0","0","0","1","0"
"POINT (10.043475435000062 53.542340738000064)","Unfall 158912 (2019) Kat:3, Licht: 0","158912","3","2","4","04","15","3","0","0","0","1","0","1"
"POINT (10.068775919000075 53.559545822000075)","Unfall 158913 (2019) Kat:3, Licht: 0","158913","3","3","5","04","14","5","0","0","1","1","0","0"
"POINT (10.050207221000051 53.554560560000027)","Unfall 158914 (2019) Kat:3, Licht: 0","158914","3","3","5","04","13","3","0","0","1","1","0","0"
"POINT (10.134688352000069 53.637538180000035)","Unfall 158915 (2019) Kat:2, Licht: 2","158915","2","3","5","04","20","3","0","2","0","1","0","0"
"POINT (10.109279689000061 53.581757711000080)","Unfall 158916 (2019) Kat:3, Licht: 0","158916","3","6","2","04","14","5","0","0","0","1","0","0"
"POINT (10.166159693000054 53.629312194000079)","Unfall 158917 (2019) Kat:3, Licht: 0","158917","3","3","5","04","15","5","0","0","0","1","0","0"
"POINT (10.153088901000046 53.597116062000055)","Unfall 158918 (2019) Kat:3, Licht: 0","158918","3","6","2","04","12","3","0","0","0","1","0","0"
"POINT (10.067801801000030 53.582242887000064)","Unfall 158919 (2019) Kat:3, Licht: 0","158919","3","6","2","04","15","3","0","0","0","1","0","0"
"POINT (10.083656133000034 53.574519328000065)","Unfall 158920 (2019) Kat:3, Licht: 0","158920","3","6","1","04","15","5","0","0","0","1","0","0"
"POINT (10.085784172000047 53.656608262000077)","Unfall 158921 (2019) Kat:3, Licht: 0","158921","3","6","2","04","15","3","0","0","0","1","0","0"
"POINT (10.059935908000057 53.571915340000032)","Unfall 158922 (2019) Kat:3, Licht: 0","158922","3","6","3","04","18","5","0","0","0","1","0","0"
"POINT (10.001296655000033 53.665600414000039)","Unfall 158923 (2019) Kat:3, Licht: 0","158923","3","3","5","04","06","3","0","0","0","1","0","0"
"POINT (10.029242788000033 53.600119587000052)","Unfall 158924 (2019) Kat:3, Licht: 0","158924","3","6","2","04","10","3","0","0","0","1","0","0"
"POINT (10.067111854000075 53.606584521000059)","Unfall 158925 (2019) Kat:2, Licht: 2","158925","2","1","6","04","20","5","0","2","0","1","1","0"
"POINT (10.080255094000051 53.609147916000040)","Unfall 158926 (2019) Kat:3, Licht: 1","158926","3","4","6","04","19","5","0","1","0","1","1","0"
"POINT (10.002241250000054 53.610945465000043)","Unfall 158927 (2019) Kat:3, Licht: 0","158927","3","3","5","04","11","3","0","0","0","1","0","0"
"POINT (10.083922143000052 53.659954630000072)","Unfall 158928 (2019) Kat:3, Licht: 0","158928","3","6","2","04","09","5","0","0","0","1","0","0"
"POINT (10.050233036000066 53.573031377000063)","Unfall 158929 (2019) Kat:3, Licht: 0","158929","3","6","2","04","12","3","0","0","0","1","0","1"
"POINT (9.997038338000039 53.621222211000031)","Unfall 158930 (2019) Kat:3, Licht: 2","158930","3","2","3","04","05","5","0","2","0","1","0","1"
"POINT (10.048004738000031 53.582633545000078)","Unfall 158931 (2019) Kat:3, Licht: 0","158931","3","5","1","04","10","3","0","0","0","1","0","0"
"POINT (9.904706365000038 53.608751977000054)","Unfall 158932 (2019) Kat:3, Licht: 0","158932","3","7","0","04","16","3","0","0","0","0","0","0"
"POINT (10.048330703000033 53.581631238000057)","Unfall 158933 (2019) Kat:3, Licht: 0","158933","3","3","5","04","11","5","0","0","0","1","0","0"
"POINT (9.935967686000026 53.573013705000051)","Unfall 158934 (2019) Kat:2, Licht: 0","158934","2","3","5","04","09","3","0","0","1","1","0","0"
"POINT (10.052622393000036 53.591601099000059)","Unfall 158935 (2019) Kat:3, Licht: 0","158935","3","5","0","04","09","5","1","0","0","1","0","0"
"POINT (9.801336565000042 53.582167616000049)","Unfall 158936 (2019) Kat:3, Licht: 0","158936","3","6","2","04","18","3","0","0","1","1","0","0"
"POINT (9.879618697000069 53.583752354000069)","Unfall 158937 (2019) Kat:3, Licht: 0","158937","3","3","5","04","08","3","0","0","1","1","0","0"
"POINT (10.016168762000063 53.571547447000057)","Unfall 158938 (2019) Kat:3, Licht: 0","158938","3","6","1","04","08","5","1","0","0","0","0","1"
"POINT (9.902828965000026 53.569112205000067)","Unfall 158939 (2019) Kat:3, Licht: 2","158939","3","7","0","04","22","3","0","2","0","0","0","1"
"POINT (9.919700883000076 53.563272747000042)","Unfall 158940 (2019) Kat:3, Licht: 0","158940","3","2","4","04","14","5","0","0","1","1","0","0"
"POINT (9.960392169000045 53.574285159000056)","Unfall 158941 (2019) Kat:3, Licht: 0","158941","3","6","3","04","14","3","0","0","1","1","0","0"
"POINT (9.921154180000031 53.557279240000071)","Unfall 158942 (2019) Kat:3, Licht: 0","158942","3","7","6","04","19","3","0","0","1","0","1","0"
"POINT (9.996639190000053 53.552060544000028)","Unfall 158943 (2019) Kat:3, Licht: 0","158943","3","2","6","04","14","3","0","0","0","1","1","0"
"POINT (9.967451181000058 53.550045419000071)","Unfall 158944 (2019) Kat:3, Licht: 0","158944","3","4","6","04","07","5","1","0","1","0","1","0"
"POINT (10.010782779000067 53.557072828000059)","Unfall 158945 (2019) Kat:3, Licht: 0","158945","3","7","0","04","10","3","0","0","1","1","0","0"
"POINT (9.984747069000036 53.466432104000035)","Unfall 158946 (2019) Kat:3, Licht: 0","158946","3","3","5","04","09","5","0","0","1","1","0","0"
"POINT (10.013559617000055 53.554132591000041)","Unfall 158947 (2019) Kat:3, Licht: 0","158947","3","2","3","04","12","3","0","0","1","0","0","0"
"POINT (10.172322555000051 53.513324033000060)","Unfall 158948 (2019) Kat:3, Licht: 0","158948","3","6","2","04","17","4","0","0","0","1","0","0"
"POINT (9.875242703000026 53.508454609000069)","Unfall 158949 (2019) Kat:3, Licht: 2","158949","3","1","4","04","04","2","0","2","0","1","0","0"
"POINT (10.218959058000053 53.484652423000057)","Unfall 158950 (2019) Kat:2, Licht: 0","158950","2","3","5","04","11","2","0","0","0","0","0","1"
"POINT (10.153965503000052 53.587415998000040)","Unfall 158951 (2019) Kat:3, Licht: 0","158951","3","6","2","04","13","4","1","0","0","1","0","0"
"POINT (10.152426760000026 53.603917878000061)","Unfall 158952 (2019) Kat:3, Licht: 0","158952","3","6","3","04","13","2","0","0","0","1","0","1"
"POINT (10.154991956000060 53.639607422000040)","Unfall 158953 (2019) Kat:3, Licht: 0","158953","3","6","2","04","17","4","0","0","0","1","0","0"
"POINT (10.069736869000053 53.579257129000041)","Unfall 158954 (2019) Kat:3, Licht: 0","158954","3","6","2","04","17","2","0","0","0","1","0","0"
"POINT (10.101395666000030 53.654497554000045)","Unfall 158955 (2019) Kat:3, Licht: 2","158955","3","3","5","04","21","4","0","2","1","1","0","0"
"POINT (10.100591116000032 53.584656490000043)","Unfall 158956 (2019) Kat:3, Licht: 0","158956","3","3","5","04","19","2","0","0","0","1","0","0"
"POINT (10.058259929000030 53.580211965000046)","Unfall 158957 (2019) Kat:3, Licht: 0","158957","3","6","2","04","10","2","0","0","0","1","0","0"
"POINT (10.106057978000024 53.652178981000077)","Unfall 158958 (2019) Kat:3, Licht: 0","158958","3","2","4","04","11","4","1","0","0","1","0","0"
"POINT (10.177864774000057 53.647055178000073)","Unfall 158959 (2019) Kat:3, Licht: 0","158959","3","6","2","04","17","2","0","0","0","1","0","0"
"POINT (10.016454636000049 53.634519313000055)","Unfall 158960 (2019) Kat:3, Licht: 0","158960","3","2","3","04","07","4","0","0","1","1","0","0"
"POINT (10.017966359000070 53.626932009000029)","Unfall 158961 (2019) Kat:3, Licht: 0","158961","3","2","4","04","15","2","0","0","1","1","0","0"
"POINT (9.882984001000068 53.566492421000078)","Unfall 158962 (2019) Kat:2, Licht: 0","158962","2","3","5","04","16","2","0","0","1","1","0","0"
"POINT (9.996872360000054 53.596986950000030)","Unfall 158963 (2019) Kat:3, Licht: 0","158963","3","4","6","04","14","4","1","0","0","1","1","0"
"POINT (9.982564415000070 53.584326774000033)","Unfall 158964 (2019) Kat:3, Licht: 2","158964","3","7","0","04","22","2","0","2","1","0","0","0"
"POINT (9.816591396000035 53.575825801000065)","Unfall 158965 (2019) Kat:3, Licht: 0","158965","3","2","5","04","13","4","0","0","1","0","0","0"
"POINT (9.970649409000032 53.567328853000049)","Unfall 158966 (2019) Kat:3, Licht: 0","158966","3","6","3","04","15","2","0","0","1","1","0","0"
"POINT (9.959294152000041 53.464565629000049)","Unfall 158967 (2019) Kat:2, Licht: 2","158967","2","4","6","04","21","1","0","2","0","1","1","0"
"POINT (10.208441056000026 53.481690922000041)","Unfall 158968 (2019) Kat:3, Licht: 0","158968","3","6","3","04","15","1","0","0","0","1","0","0"
"POINT (9.879661677000058 53.583669281000027)","Unfall 158969 (2019) Kat:3, Licht: 0","158969","3","6","4","04","17","4","0","0","1","0","0","0"
"POINT (10.053316620000032 53.560987075000071)","Unfall 158970 (2019) Kat:3, Licht: 0","158970","3","6","5","04","18","1","0","0","0","1","0","0"
"POINT (9.886106470000073 53.565156988000069)","Unfall 158971 (2019) Kat:3, Licht: 0","158971","3","6","2","04","08","4","0","0","1","1","0","0"
"POINT (10.103496940000070 53.605485598000030)","Unfall 158972 (2019) Kat:2, Licht: 2","158972","2","7","9","04","01","1","0","2","0","1","0","0"
"POINT (9.959491412000034 53.640163240000049)","Unfall 158973 (2019) Kat:2, Licht: 0","158973","2","3","5","04","09","4","1","0","1","0","0","0"
"POINT (10.076731414000051 53.566871244000026)","Unfall 158974 (2019) Kat:3, Licht: 2","158974","3","2","5","04","01","1","0","2","1","1","0","0"
"POINT (10.067656013000033 53.582318576000034)","Unfall 158975 (2019) Kat:3, Licht: 2","158975","3","2","4","04","00","1","0","2","0","1","0","0"
"POINT (9.981686015000037 53.572490676000029)","Unfall 158976 (2019) Kat:3, Licht: 0","158976","3","3","5","04","14","4","1","0","1","1","0","0"
"POINT (9.996211398000071 53.648426561000065)","Unfall 158977 (2019) Kat:3, Licht: 0","158977","3","6","2","04","16","1","0","0","0","1","0","0"
"POINT (9.988573224000049 53.571234930000060)","Unfall 158978 (2019) Kat:3, Licht: 0","158978","3","6","3","04","07","4","0","0","0","1","0","1"
"POINT (10.055829935000077 53.591502634000051)","Unfall 158979 (2019) Kat:3, Licht: 2","158979","3","2","4","04","04","1","0","2","0","1","0","1"
"POINT (9.905368586000066 53.478934093000078)","Unfall 158980 (2019) Kat:3, Licht: 0","158980","3","3","5","04","18","3","0","0","0","0","0","0"
"POINT (9.989090291000025 53.456777649000060)","Unfall 158981 (2019) Kat:3, Licht: 0","158981","3","6","0","04","17","3","0","0","0","1","0","0"
"POINT (9.994421136000028 53.563497963000032)","Unfall 158982 (2019) Kat:3, Licht: 0","158982","3","2","4","04","17","1","0","0","0","1","0","0"
"POINT (10.201891264000039 53.488282208000044)","Unfall 158983 (2019) Kat:3, Licht: 0","158983","3","7","1","04","16","3","0","0","0","1","0","0"
"POINT (9.969464499000026 53.546108310000079)","Unfall 158984 (2019) Kat:3, Licht: 0","158984","3","2","5","04","07","1","0","0","1","1","0","0"
"POINT (10.012436013000070 53.560524091000048)","Unfall 158985 (2019) Kat:3, Licht: 0","158985","3","6","4","04","18","1","0","0","1","0","0","0"
"POINT (10.105398176000051 53.542538859000047)","Unfall 158986 (2019) Kat:3, Licht: 0","158986","3","3","5","04","15","3","0","0","1","1","0","0"
"POINT (10.141754052000067 53.543098653000072)","Unfall 158987 (2019) Kat:3, Licht: 0","158987","3","4","6","04","07","3","0","0","0","0","1","0"
"POINT (9.977074473000073 53.511313526000038)","Unfall 158988 (2019) Kat:3, Licht: 0","158988","3","3","5","04","13","7","0","0","0","1","0","0"
"POINT (10.076201506000075 53.589276551000069)","Unfall 158989 (2019) Kat:3, Licht: 0","158989","3","3","5","04","14","3","0","0","0","1","0","0"
"POINT (9.991859183000031 53.503997611000045)","Unfall 158990 (2019) Kat:3, Licht: 0","158990","3","5","1","04","14","7","0","0","0","1","0","0"
"POINT (10.097181856000077 53.556510025000080)","Unfall 158991 (2019) Kat:2, Licht: 0","158991","2","3","6","04","13","7","0","0","0","1","1","0"
"POINT (10.061534984000048 53.583870717000082)","Unfall 158992 (2019) Kat:3, Licht: 0","158992","3","3","5","04","12","3","0","0","0","1","0","0"
"POINT (10.001033537000069 53.677072597000063)","Unfall 158993 (2019) Kat:2, Licht: 0","158993","2","4","6","04","14","3","0","0","0","0","1","1"
"POINT (10.120245022000063 53.606146359000036)","Unfall 158994 (2019) Kat:3, Licht: 0","158994","3","6","2","04","17","7","0","0","0","1","0","0"
"POINT (10.034713571000054 53.637403436000056)","Unfall 158995 (2019) Kat:3, Licht: 0","158995","3","6","2","04","09","3","0","0","0","1","0","0"
"POINT (10.124536905000070 53.570824371000072)","Unfall 158996 (2019) Kat:3, Licht: 0","158996","3","2","2","04","07","7","0","0","0","1","0","0"
"POINT (10.028132908000032 53.674968466000053)","Unfall 158997 (2019) Kat:2, Licht: 0","158997","2","6","3","04","12","3","0","0","0","0","0","1"
"POINT (10.074455293000028 53.611891812000067)","Unfall 158998 (2019) Kat:2, Licht: 0","158998","2","7","6","04","14","7","0","0","1","0","1","0"
"POINT (10.085067337000055 53.658682668000040)","Unfall 158999 (2019) Kat:2, Licht: 0","158999","2","1","0","04","12","7","0","0","0","1","0","0"
"POINT (10.022357979000049 53.600295294000034)","Unfall 159000 (2019) Kat:3, Licht: 0","159000","3","6","2","04","17","3","0","0","0","1","0","0"
"POINT (10.092545104000067 53.636219792000077)","Unfall 159001 (2019) Kat:3, Licht: 0","159001","3","7","3","04","16","7","0","0","0","1","0","0"
"POINT (10.032280893000063 53.569156776000057)","Unfall 159002 (2019) Kat:2, Licht: 0","159002","2","5","1","04","18","3","0","0","1","1","0","0"
"POINT (9.919417585000076 53.590924374000053)","Unfall 159003 (2019) Kat:2, Licht: 0","159003","2","4","6","04","15","7","0","0","0","1","1","0"
"POINT (9.951926621000041 53.566755059000059)","Unfall 159004 (2019) Kat:3, Licht: 0","159004","3","3","5","04","09","7","0","0","1","1","0","0"
"POINT (10.045280720000051 53.567404742000065)","Unfall 159005 (2019) Kat:3, Licht: 2","159005","3","6","2","04","21","3","0","2","0","1","0","0"
"POINT (9.864892807000047 53.572710568000048)","Unfall 159006 (2019) Kat:3, Licht: 2","159006","3","6","2","04","20","3","1","2","0","1","1","0"
"POINT (9.978628485000058 53.527737203000072)","Unfall 159007 (2019) Kat:3, Licht: 0","159007","3","6","3","04","08","7","0","0","0","1","0","0"
"POINT (9.874299411000038 53.602826189000041)","Unfall 159008 (2019) Kat:3, Licht: 0","159008","3","3","5","04","11","3","0","0","0","1","0","0"
"POINT (9.841142421000029 53.511956514000076)","Unfall 159009 (2019) Kat:3, Licht: 0","159009","3","1","0","04","17","6","0","0","0","0","0","1"
"POINT (9.880481487000054 53.551819383000065)","Unfall 159010 (2019) Kat:3, Licht: 0","159010","3","3","5","04","15","3","0","0","0","1","0","0"
"POINT (10.161486142000058 53.489573181000026)","Unfall 159011 (2019) Kat:3, Licht: 0","159011","3","2","4","04","19","6","0","0","1","1","0","0"
"POINT (9.960139267000045 53.591690826000047)","Unfall 159012 (2019) Kat:3, Licht: 2","159012","3","7","0","04","18","3","0","2","1","1","0","0"
"POINT (9.976744452000048 53.587771126000064)","Unfall 159013 (2019) Kat:3, Licht: 0","159013","3","7","1","04","20","3","0","0","1","1","0","0"
"POINT (10.122592489000056 53.567078319000075)","Unfall 159014 (2019) Kat:3, Licht: 2","159014","3","7","0","04","00","6","0","2","0","0","0","0"
"POINT (9.955319805000045 53.551688277000039)","Unfall 159015 (2019) Kat:3, Licht: 0","159015","3","2","4","04","08","3","0","0","1","1","0","0"
"POINT (10.025294838000036 53.551896603000046)","Unfall 159016 (2019) Kat:3, Licht: 2","159016","3","3","5","04","20","6","0","2","1","1","0","0"
"POINT (9.934837154000036 53.555715520000035)","Unfall 159017 (2019) Kat:3, Licht: 0","159017","3","6","2","04","14","3","0","0","1","1","0","0"
"POINT (10.128660111000045 53.590548691000038)","Unfall 159018 (2019) Kat:3, Licht: 0","159018","3","6","3","04","11","6","0","0","1","0","0","0"
"POINT (9.986995054000033 53.512613751000060)","Unfall 159019 (2019) Kat:3, Licht: 0","159019","3","3","0","04","13","2","0","0","0","1","0","0"
"POINT (9.897357012000043 53.589811512000040)","Unfall 159020 (2019) Kat:3, Licht: 0","159020","3","1","8","04","16","6","0","0","0","0","0","1"
"POINT (9.996206431000076 53.477661825000041)","Unfall 159021 (2019) Kat:3, Licht: 2","159021","3","3","5","04","05","2","0","2","1","1","0","0"
"POINT (9.981781540000043 53.584899955000026)","Unfall 159022 (2019) Kat:3, Licht: 0","159022","3","6","4","04","15","6","0","0","0","1","0","1"
"POINT (9.963147209000056 53.546501174000070)","Unfall 159023 (2019) Kat:3, Licht: 0","159023","3","4","6","04","19","6","0","0","0","1","1","0"
"POINT (9.991252323000026 53.498255328000027)","Unfall 159024 (2019) Kat:3, Licht: 0","159024","3","3","5","04","15","2","0","0","1","1","0","0"
"POINT (9.991750193000030 53.555504037000048)","Unfall 159025 (2019) Kat:3, Licht: 0","159025","3","5","1","04","11","6","0","0","1","1","0","0"
"POINT (10.234337938000067 53.486574410000060)","Unfall 159026 (2019) Kat:3, Licht: 2","159026","3","7","0","04","20","2","0","2","0","1","1","0"
"POINT (9.989870743000040 53.438781866000056)","Unfall 159027 (2019) Kat:3, Licht: 0","159027","3","6","4","04","17","5","0","0","0","1","0","0"
"POINT (9.923828890000038 53.476197634000073)","Unfall 159028 (2019) Kat:3, Licht: 0","159028","3","4","6","04","11","5","0","0","0","0","1","0"
"POINT (10.201810114000068 53.485231555000041)","Unfall 159029 (2019) Kat:3, Licht: 2","159029","3","6","2","04","06","2","0","2","0","1","0","1"
"POINT (10.175693096000032 53.606983258000071)","Unfall 159030 (2019) Kat:3, Licht: 0","159030","3","3","5","04","15","2","0","0","1","1","0","0"
"POINT (10.077447383000049 53.506237080000062)","Unfall 159031 (2019) Kat:3, Licht: 0","159031","3","2","3","04","15","5","0","0","0","1","0","0"
"POINT (10.121540151000033 53.615760705000071)","Unfall 159032 (2019) Kat:2, Licht: 0","159032","2","5","1","04","16","2","0","0","1","1","0","0"
"POINT (10.104821019000042 53.542979632000026)","Unfall 159033 (2019) Kat:3, Licht: 0","159033","3","7","3","04","09","5","0","0","0","1","0","0"
"POINT (10.096111925000059 53.579032141000027)","Unfall 159034 (2019) Kat:3, Licht: 0","159034","3","2","3","04","07","2","0","0","1","0","0","0"
"POINT (10.069679849000067 53.555295405000038)","Unfall 159035 (2019) Kat:3, Licht: 0","159035","3","5","2","04","07","5","0","0","1","1","0","0"
"POINT (10.124827035000067 53.586053077000031)","Unfall 159036 (2019) Kat:3, Licht: 0","159036","3","2","4","04","18","5","0","0","0","1","0","0"
"POINT (10.101903943000025 53.580485770000053)","Unfall 159037 (2019) Kat:3, Licht: 0","159037","3","2","5","04","07","2","0","0","1","1","0","0"
"POINT (10.137030810000056 53.633432130000074)","Unfall 159038 (2019) Kat:3, Licht: 0","159038","3","6","2","04","07","5","0","0","0","1","0","0"
"POINT (10.182076862000031 53.645738419000054)","Unfall 159039 (2019) Kat:3, Licht: 0","159039","3","3","5","04","13","2","0","0","1","1","0","0"
"POINT (10.068120158000056 53.581629102000079)","Unfall 159040 (2019) Kat:3, Licht: 0","159040","3","3","5","04","17","5","0","0","0","1","0","0"
"POINT (10.082615373000067 53.576619920000041)","Unfall 159041 (2019) Kat:3, Licht: 0","159041","3","7","5","04","18","5","0","0","0","1","0","0"
"POINT (10.000379213000031 53.679950361000067)","Unfall 159042 (2019) Kat:3, Licht: 0","159042","3","6","2","04","17","2","0","0","0","1","0","1"
"POINT (10.095636655000021 53.626456130000065)","Unfall 159043 (2019) Kat:3, Licht: 0","159043","3","7","0","04","14","5","0","0","0","1","0","1"
"POINT (10.014019198000028 53.600034856000036)","Unfall 159044 (2019) Kat:3, Licht: 0","159044","3","6","2","04","10","2","0","0","0","1","0","0"