WKT,Name,OBJECTID,UKATEGORIE,UTYP1,UART,UMONAT,USTUNDE,UWOCHENTAG,STRZUSTAND,ULICHTVERH,ISTRAD,ISTPKW,ISTFUSS,ISTKRAD
"POINT (10.055735747000028 53.608592192000060)","Unfall 159045 (2019) Kat:3, Licht: 0","159045","3","6","2","04","17","5","0","0","0","1","0","0"
"POINT (10.087075519000052 53.606418178000069)","Unfall 159046 (2019) Kat:2, Licht: 0","159046","2","5","1","04","17","5","0","0","1","1","0","0"
"POINT (9.998781013000041 53.594634401000064)","Unfall 159047 (2019) Kat:3, Licht: 0","159047","3","4","0","04","15","2","0","0","1","0","1","0"
"POINT (9.997640662000038 53.588208190000046)","Unfall 159048 (2019) Kat:3, Licht: 0","159048","3","3","5","04","15","2","0","0","1","1","0","0"
"POINT (10.054314834000024 53.609642996000048)","Unfall 159049 (2019) Kat:3, Licht: 0","159049","3","3","5","04","13","5","0","0","0","1","0","1"
"POINT (10.088884131000043 53.646801804000063)","Unfall 159050 (2019) Kat:3, Licht: 0","159050","3","3","5","04","17","5","0","0","1","1","0","0"
"POINT (10.045411364000074 53.565344554000035)","Unfall 159051 (2019) Kat:2, Licht: 0","159051","2","7","0","04","07","2","0","0","1","1","0","0"
"POINT (10.072733497000058 53.665080908000050)","Unfall 159052 (2019) Kat:3, Licht: 0","159052","3","3","5","04","15","5","0","0","1","0","0","0"
"POINT (9.906090291000055 53.606990042000064)","Unfall 159053 (2019) Kat:3, Licht: 0","159053","3","2","4","04","18","2","0","0","1","0","0","0"
"POINT (10.036911708000048 53.580300164000050)","Unfall 159054 (2019) Kat:2, Licht: 0","159054","2","7","3","04","16","5","0","0","0","1","0","1"
"POINT (10.046700567000073 53.578906260000053)","Unfall 159055 (2019) Kat:2, Licht: 0","159055","2","2","4","04","09","5","0","0","1","1","0","0"
"POINT (10.040454504000024 53.579717695000056)","Unfall 159056 (2019) Kat:2, Licht: 0","159056","2","6","2","04","07","5","0","0","0","0","0","1"
"POINT (9.793550816000050 53.579864661000045)","Unfall 159057 (2019) Kat:3, Licht: 0","159057","3","3","5","04","12","5","0","0","0","1","0","0"
"POINT (9.916718808000042 53.564144040000031)","Unfall 159058 (2019) Kat:3, Licht: 0","159058","3","5","1","04","08","5","0","0","1","1","0","0"
"POINT (9.931189064000023 53.588563816000033)","Unfall 159059 (2019) Kat:3, Licht: 0","159059","3","3","5","04","09","2","0","0","1","1","0","0"
"POINT (9.956900501000064 53.635432523000077)","Unfall 159060 (2019) Kat:3, Licht: 0","159060","3","6","3","04","14","5","0","0","1","1","0","0"
"POINT (9.991498485000022 53.559645471000067)","Unfall 159061 (2019) Kat:2, Licht: 0","159061","2","7","1","04","12","5","0","0","0","1","0","0"
"POINT (9.928533615000049 53.598233805000064)","Unfall 159062 (2019) Kat:3, Licht: 0","159062","3","2","5","04","06","2","0","0","1","1","0","0"
"POINT (9.934360064000032 53.476801293000051)","Unfall 159063 (2019) Kat:3, Licht: 0","159063","3","2","4","04","15","5","0","0","0","1","0","1"
"POINT (9.857696608000026 53.582039435000070)","Unfall 159064 (2019) Kat:3, Licht: 0","159064","3","6","2","04","09","2","0","0","0","1","0","0"
"POINT (10.009861527000055 53.525015193000058)","Unfall 159065 (2019) Kat:3, Licht: 0","159065","3","2","5","04","14","5","0","0","1","1","0","0"
"POINT (9.987873996000076 53.451879533000067)","Unfall 159066 (2019) Kat:3, Licht: 0","159066","3","3","5","04","09","4","0","0","0","1","0","0"
"POINT (9.774410027000045 53.576874348000047)","Unfall 159067 (2019) Kat:3, Licht: 0","159067","3","6","4","04","12","2","0","0","0","1","0","0"
"POINT (10.205671697000071 53.494047311000031)","Unfall 159068 (2019) Kat:3, Licht: 0","159068","3","2","3","04","16","4","0","0","0","1","0","0"
"POINT (9.969791167000039 53.583897446000037)","Unfall 159069 (2019) Kat:3, Licht: 0","159069","3","6","2","04","13","2","0","0","0","1","0","0"
"POINT (10.121059261000028 53.425449827000079)","Unfall 159070 (2019) Kat:3, Licht: 0","159070","3","5","1","04","11","4","0","0","1","1","0","0"
"POINT (10.039993495000033 53.546392453000067)","Unfall 159071 (2019) Kat:3, Licht: 0","159071","3","3","5","04","12","4","0","0","1","1","0","0"
"POINT (10.114931308000052 53.607438613000056)","Unfall 159072 (2019) Kat:3, Licht: 0","159072","3","6","4","04","13","4","0","0","1","0","0","0"
"POINT (9.979993390000061 53.568440526000074)","Unfall 159073 (2019) Kat:3, Licht: 1","159073","3","6","2","04","19","2","0","1","0","1","0","1"
"POINT (10.043251705000046 53.598858714000073)","Unfall 159074 (2019) Kat:3, Licht: 0","159074","3","2","4","04","09","4","0","0","1","1","0","0"
"POINT (9.963437578000026 53.560221354000078)","Unfall 159075 (2019) Kat:3, Licht: 0","159075","3","5","1","04","07","2","0","0","1","1","0","0"
"POINT (10.118300121000061 53.643347646000052)","Unfall 159076 (2019) Kat:3, Licht: 0","159076","3","3","5","04","13","4","0","0","1","1","0","0"
"POINT (10.102915852000024 53.652964916000030)","Unfall 159077 (2019) Kat:3, Licht: 0","159077","3","7","0","04","18","4","0","0","1","1","0","0"
"POINT (10.008184609000068 53.627608782000038)","Unfall 159078 (2019) Kat:3, Licht: 0","159078","3","3","5","04","20","4","0","0","0","1","0","0"
"POINT (9.975472193000030 53.558948727000029)","Unfall 159079 (2019) Kat:3, Licht: 0","159079","3","3","5","04","18","2","0","0","1","0","0","1"
"POINT (9.982403462000036 53.559353681000061)","Unfall 159080 (2019) Kat:3, Licht: 2","159080","3","7","1","04","06","2","0","2","0","1","0","0"
"POINT (9.992382882000072 53.672838621000039)","Unfall 159081 (2019) Kat:3, Licht: 0","159081","3","1","9","04","17","4","0","0","0","1","0","0"
"POINT (10.025375049000047 53.555548549000036)","Unfall 159082 (2019) Kat:3, Licht: 0","159082","3","7","6","04","09","2","0","0","0","1","1","0"
"POINT (10.045935311000051 53.578983016000052)","Unfall 159083 (2019) Kat:3, Licht: 0","159083","3","3","5","04","09","4","0","0","1","1","0","0"
"POINT (10.006035069000063 53.555755720000036)","Unfall 159084 (2019) Kat:3, Licht: 0","159084","3","3","5","04","09","2","0","0","1","1","0","0"
"POINT (9.919765788000063 53.598294526000075)","Unfall 159085 (2019) Kat:3, Licht: 0","159085","3","3","5","04","17","4","0","0","1","1","0","0"
"POINT (9.904785085000071 53.609157330000073)","Unfall 159086 (2019) Kat:3, Licht: 0","159086","3","6","0","04","08","4","0","0","0","0","0","0"
"POINT (9.990190065000036 53.491023646000031)","Unfall 159087 (2019) Kat:3, Licht: 0","159087","3","6","2","03","13","1","0","0","0","1","0","0"
"POINT (9.942693412000040 53.594272327000056)","Unfall 159088 (2019) Kat:3, Licht: 0","159088","3","6","2","04","14","4","0","0","0","1","0","1"
"POINT (10.012572554000030 53.498682173000077)","Unfall 159089 (2019) Kat:2, Licht: 0","159089","2","6","4","03","15","1","0","0","1","0","0","1"
"POINT (9.764817510000057 53.581120701000032)","Unfall 159090 (2019) Kat:3, Licht: 0","159090","3","2","5","04","13","4","0","0","1","1","0","0"
"POINT (9.877950263000059 53.582460821000041)","Unfall 159091 (2019) Kat:3, Licht: 0","159091","3","7","6","04","13","4","0","0","0","1","1","0"
"POINT (10.039410606000047 53.557831479000072)","Unfall 159092 (2019) Kat:3, Licht: 0","159092","3","6","3","03","12","1","0","0","0","1","0","0"
"POINT (10.047811365000030 53.561245593000081)","Unfall 159093 (2019) Kat:3, Licht: 0","159093","3","6","2","03","14","1","0","0","0","1","0","0"
"POINT (9.925178754000058 53.560932464000075)","Unfall 159094 (2019) Kat:3, Licht: 0","159094","3","3","5","04","14","4","0","0","0","1","0","0"
"POINT (9.868321522000031 53.595390262000080)","Unfall 159095 (2019) Kat:3, Licht: 0","159095","3","2","2","04","18","4","0","0","0","1","0","0"
"POINT (10.141852909000022 53.621912245000033)","Unfall 159096 (2019) Kat:3, Licht: 0","159096","3","4","1","03","16","1","0","0","0","0","1","0"
"POINT (9.934683995000057 53.550750140000048)","Unfall 159097 (2019) Kat:3, Licht: 0","159097","3","3","5","04","18","4","0","0","0","0","0","0"
"POINT (10.006852681000055 53.653408378000051)","Unfall 159098 (2019) Kat:3, Licht: 0","159098","3","3","5","03","17","1","0","0","1","1","0","0"
"POINT (9.938096515000041 53.550129550000065)","Unfall 159099 (2019) Kat:3, Licht: 0","159099","3","7","4","04","12","4","0","0","0","1","0","0"
"POINT (10.011580580000043 53.579185963000043)","Unfall 159100 (2019) Kat:3, Licht: 0","159100","3","5","1","03","19","1","0","0","1","1","0","0"
"POINT (9.965011260000040 53.551076994000027)","Unfall 159101 (2019) Kat:3, Licht: 0","159101","3","3","5","04","18","4","0","0","1","0","0","0"
"POINT (9.991161399000021 53.553645360000075)","Unfall 159102 (2019) Kat:3, Licht: 0","159102","3","5","1","04","09","4","0","0","1","1","0","0"
"POINT (10.040812308000056 53.579736727000068)","Unfall 159103 (2019) Kat:3, Licht: 2","159103","3","1","9","03","03","1","0","2","0","1","0","0"
"POINT (10.055261055000074 53.573200041000064)","Unfall 159104 (2019) Kat:3, Licht: 0","159104","3","3","5","05","14","1","0","0","0","1","0","0"
"POINT (9.850693455000055 53.552308627000059)","Unfall 159105 (2019) Kat:3, Licht: 0","159105","3","6","4","05","16","1","0","0","1","0","0","0"
"POINT (9.969988164000029 53.550880128000074)","Unfall 159106 (2019) Kat:3, Licht: 0","159106","3","2","4","05","18","1","0","0","0","0","0","1"
"POINT (10.005898846000036 53.551936531000081)","Unfall 159107 (2019) Kat:3, Licht: 0","159107","3","3","5","05","17","1","0","0","1","1","0","0"
"POINT (9.982578349000050 53.547461011000053)","Unfall 159108 (2019) Kat:3, Licht: 0","159108","3","7","6","05","15","1","0","0","0","1","1","0"
"POINT (10.015513967000061 53.539478399000075)","Unfall 159109 (2019) Kat:3, Licht: 0","159109","3","1","0","05","16","1","0","0","0","0","0","1"
"POINT (10.013709810000023 53.552481550000039)","Unfall 159110 (2019) Kat:3, Licht: 0","159110","3","6","3","05","13","1","0","0","0","0","0","0"
"POINT (9.879487706000077 53.533318023000049)","Unfall 159111 (2019) Kat:3, Licht: 0","159111","3","3","5","05","11","7","0","0","1","0","0","0"
"POINT (10.121517743000027 53.425402834000067)","Unfall 159112 (2019) Kat:3, Licht: 0","159112","3","3","5","05","18","7","0","0","0","1","0","1"
"POINT (10.203928316000031 53.498822188000076)","Unfall 159113 (2019) Kat:3, Licht: 0","159113","3","1","1","05","12","7","0","0","0","1","0","1"
"POINT (10.087941046000026 53.512028160000057)","Unfall 159114 (2019) Kat:3, Licht: 0","159114","3","2","5","05","14","7","0","0","0","1","0","1"
"POINT (10.083704051000041 53.541092601000059)","Unfall 159115 (2019) Kat:2, Licht: 0","159115","2","6","3","05","12","7","0","0","0","1","0","1"
"POINT (10.063248712000075 53.557910459000027)","Unfall 159116 (2019) Kat:3, Licht: 0","159116","3","5","0","05","10","7","0","0","0","1","0","0"
"POINT (10.143608030000053 53.632510740000043)","Unfall 159117 (2019) Kat:3, Licht: 0","159117","3","3","5","05","12","7","0","0","1","1","0","0"
"POINT (10.099330007000049 53.579506504000051)","Unfall 159118 (2019) Kat:2, Licht: 0","159118","2","7","5","05","14","7","0","0","0","0","0","1"
"POINT (10.068608683000036 53.651097266000079)","Unfall 159119 (2019) Kat:3, Licht: 1","159119","3","2","5","05","20","7","0","1","0","1","0","0"
"POINT (10.039455402000044 53.578972998000040)","Unfall 159120 (2019) Kat:2, Licht: 2","159120","2","6","2","05","22","7","0","2","0","1","0","1"
"POINT (10.049666990000048 53.591191958000081)","Unfall 159121 (2019) Kat:2, Licht: 0","159121","2","2","4","05","11","7","0","0","0","1","0","1"
"POINT (9.987928731000068 53.581971939000027)","Unfall 159122 (2019) Kat:3, Licht: 0","159122","3","3","5","05","11","7","0","0","1","1","0","0"
"POINT (9.969193255000050 53.550054040000077)","Unfall 159123 (2019) Kat:3, Licht: 2","159123","3","2","4","05","02","7","0","2","1","1","0","0"
"POINT (9.988856016000057 53.550924174000045)","Unfall 159124 (2019) Kat:3, Licht: 0","159124","3","7","0","05","15","7","0","0","0","1","1","0"
"POINT (10.013181536000047 53.552449173000070)","Unfall 159125 (2019) Kat:2, Licht: 2","159125","2","3","5","05","22","7","0","2","0","1","0","0"
"POINT (10.101964401000032 53.581033741000056)","Unfall 159126 (2019) Kat:3, Licht: 0","159126","3","6","2","05","09","6","1","0","0","1","0","0"
"POINT (10.055991581000058 53.565353280000068)","Unfall 159127 (2019) Kat:3, Licht: 0","159127","3","3","5","05","11","6","1","0","0","1","0","1"
"POINT (9.902574777000041 53.606589272000065)","Unfall 159128 (2019) Kat:3, Licht: 0","159128","3","2","4","05","09","6","1","0","0","1","0","0"
"POINT (9.859456630000068 53.558162965000065)","Unfall 159129 (2019) Kat:3, Licht: 0","159129","3","6","0","05","13","6","0","0","1","1","0","0"
"POINT (9.919838491000064 53.563378097000054)","Unfall 159130 (2019) Kat:3, Licht: 0","159130","3","3","5","05","14","6","1","0","0","1","0","0"
"POINT (9.890244644000063 53.556468267000071)","Unfall 159131 (2019) Kat:3, Licht: 0","159131","3","6","2","05","08","6","1","0","0","1","0","0"
"POINT (9.961226418000024 53.583528613000055)","Unfall 159132 (2019) Kat:3, Licht: 0","159132","3","3","3","05","07","6","0","0","1","0","0","0"
"POINT (9.948454020000042 53.560079146000078)","Unfall 159133 (2019) Kat:3, Licht: 2","159133","3","6","3","05","00","6","0","2","0","1","0","0"
"POINT (9.968742606000035 53.567012028000079)","Unfall 159134 (2019) Kat:3, Licht: 0","159134","3","2","5","05","08","6","1","0","1","0","0","0"
"POINT (9.954990615000043 53.548552097000027)","Unfall 159135 (2019) Kat:3, Licht: 2","159135","3","2","6","05","23","6","0","2","0","0","1","0"
"POINT (10.002277575000051 53.554902979000076)","Unfall 159136 (2019) Kat:3, Licht: 0","159136","3","6","2","05","16","6","0","0","0","1","0","0"
"POINT (10.006251371000076 53.558047654000063)","Unfall 159137 (2019) Kat:3, Licht: 0","159137","3","3","5","05","09","6","1","0","1","1","0","0"
"POINT (9.985597392000045 53.456526750000080)","Unfall 159138 (2019) Kat:3, Licht: 0","159138","3","6","1","05","16","5","0","0","0","1","0","0"
"POINT (9.954641911000067 53.455908980000061)","Unfall 159139 (2019) Kat:3, Licht: 0","159139","3","2","4","05","13","5","0","0","1","1","0","0"
"POINT (9.995893933000048 53.499532651000038)","Unfall 159140 (2019) Kat:3, Licht: 0","159140","3","2","4","05","20","5","0","0","0","1","0","0"
"POINT (10.211464857000067 53.513223758000038)","Unfall 159141 (2019) Kat:3, Licht: 0","159141","3","3","5","05","08","5","0","0","1","1","0","0"
"POINT (10.130056229000047 53.578690258000051)","Unfall 159142 (2019) Kat:3, Licht: 0","159142","3","5","1","05","16","5","0","0","0","1","0","0"
"POINT (10.137057841000058 53.592724005000036)","Unfall 159143 (2019) Kat:2, Licht: 0","159143","2","2","5","05","06","5","1","0","1","0","0","0"
"POINT (10.071144798000034 53.572080181000047)","Unfall 159144 (2019) Kat:3, Licht: 0","159144","3","7","5","05","13","5","0","0","0","1","0","0"
"POINT (10.061510322000061 53.568864215000076)","Unfall 159145 (2019) Kat:3, Licht: 0","159145","3","2","5","05","07","5","0","0","1","1","0","0"
"POINT (10.068536127000073 53.561326288000032)","Unfall 159146 (2019) Kat:3, Licht: 0","159146","3","5","1","05","12","5","1","0","0","1","0","0"
"POINT (10.062683673000038 53.611092605000067)","Unfall 159147 (2019) Kat:3, Licht: 1","159147","3","1","1","05","20","5","0","1","0","1","0","0"
"POINT (10.074633441000060 53.612097804000030)","Unfall 159148 (2019) Kat:3, Licht: 0","159148","3","6","2","05","15","5","0","0","0","1","0","1"
"POINT (10.110789816000022 53.636496443000055)","Unfall 159149 (2019) Kat:3, Licht: 0","159149","3","6","4","05","19","5","0","0","0","1","0","0"
"POINT (10.033661352000024 53.573721875000047)","Unfall 159150 (2019) Kat:3, Licht: 2","159150","3","6","2","05","22","5","0","2","0","1","0","0"
"POINT (9.926543173000027 53.591979640000034)","Unfall 159151 (2019) Kat:3, Licht: 0","159151","3","2","2","05","18","5","0","0","0","1","0","0"
"POINT (9.894983954000054 53.611219710000057)","Unfall 159152 (2019) Kat:3, Licht: 0","159152","3","6","2","05","09","5","0","0","0","1","0","0"
"POINT (9.847037616000023 53.553440060000071)","Unfall 159153 (2019) Kat:3, Licht: 0","159153","3","4","6","05","16","5","0","0","0","0","1","0"
"POINT (9.908215180000070 53.563993345000029)","Unfall 159154 (2019) Kat:2, Licht: 0","159154","2","6","2","05","17","5","0","0","1","1","0","0"
"POINT (9.934739061000073 53.571143474000053)","Unfall 159155 (2019) Kat:3, Licht: 0","159155","3","7","6","05","18","5","0","0","0","1","1","0"
"POINT (9.928465201000051 53.548573852000061)","Unfall 159156 (2019) Kat:3, Licht: 0","159156","3","3","6","05","08","5","1","0","0","1","1","0"
"POINT (9.964456712000072 53.567987090000031)","Unfall 159157 (2019) Kat:3, Licht: 0","159157","3","7","0","05","12","5","0","0","1","1","0","0"
"POINT (9.980388374000029 53.544300550000060)","Unfall 159158 (2019) Kat:3, Licht: 0","159158","3","4","6","05","18","5","0","0","0","1","1","0"
"POINT (9.989198268000052 53.558454653000069)","Unfall 159159 (2019) Kat:3, Licht: 0","159159","3","2","3","05","13","5","0","0","1","0","0","0"
"POINT (9.969628096000065 53.545959038000035)","Unfall 159160 (2019) Kat:3, Licht: 0","159160","3","3","5","05","16","5","0","0","1","1","0","0"
"POINT (9.986074371000029 53.456219003000058)","Unfall 159161 (2019) Kat:3, Licht: 0","159161","3","2","4","05","13","4","1","0","0","1","0","0"
"POINT (10.084729020000054 53.550883302000045)","Unfall 159162 (2019) Kat:3, Licht: 0","159162","3","3","5","05","17","4","0","0","0","1","0","0"
"POINT (10.057666761000064 53.554039860000046)","Unfall 159163 (2019) Kat:3, Licht: 0","159163","3","3","5","05","09","4","0","0","0","1","0","0"
"POINT (10.071511438000073 53.597695133000059)","Unfall 159164 (2019) Kat:3, Licht: 0","159164","3","2","3","05","15","4","0","0","1","0","0","0"
"POINT (10.026140651000048 53.623882028000082)","Unfall 159165 (2019) Kat:3, Licht: 0","159165","3","6","2","05","16","4","1","0","0","1","0","0"
"POINT (10.040563427000052 53.581401276000065)","Unfall 159166 (2019) Kat:3, Licht: 0","159166","3","3","5","05","12","4","0","0","1","1","0","0"
"POINT (10.024983804000044 53.563944567000078)","Unfall 159167 (2019) Kat:2, Licht: 0","159167","2","7","6","05","12","4","0","0","0","1","1","0"
"POINT (10.056380054000044 53.573570296000071)","Unfall 159168 (2019) Kat:3, Licht: 0","159168","3","6","3","05","12","4","0","0","0","1","0","0"
"POINT (9.771551882000040 53.580585730000053)","Unfall 159169 (2019) Kat:3, Licht: 0","159169","3","4","6","05","08","4","0","0","0","1","1","0"
"POINT (9.914236105000043 53.582801466000035)","Unfall 159170 (2019) Kat:3, Licht: 0","159170","3","6","2","05","15","4","0","0","0","1","0","0"
"POINT (9.952732644000037 53.633703745000048)","Unfall 159171 (2019) Kat:3, Licht: 0","159171","3","4","6","05","14","4","0","0","0","1","1","0"
"POINT (9.985094448000041 53.604328990000056)","Unfall 159172 (2019) Kat:3, Licht: 0","159172","3","6","2","05","16","4","1","0","0","1","0","0"
"POINT (9.952027162000036 53.566861955000036)","Unfall 159173 (2019) Kat:3, Licht: 2","159173","3","2","4","05","21","4","1","2","0","1","0","0"
"POINT (9.949381292000055 53.555773987000066)","Unfall 159174 (2019) Kat:3, Licht: 2","159174","3","1","0","05","02","4","0","2","0","0","0","1"
"POINT (10.004703285000062 53.551662400000055)","Unfall 159175 (2019) Kat:3, Licht: 0","159175","3","4","6","05","17","4","0","0","0","0","1","0"
"POINT (9.990252744000031 53.559999223000034)","Unfall 159176 (2019) Kat:3, Licht: 0","159176","3","6","0","05","08","4","0","0","0","1","0","0"
"POINT (9.995252460000074 53.464966382000057)","Unfall 159177 (2019) Kat:3, Licht: 0","159177","3","2","2","05","10","3","0","0","0","1","0","0"
"POINT (10.067744555000047 53.559574851000036)","Unfall 159178 (2019) Kat:3, Licht: 0","159178","3","6","2","05","12","3","0","0","0","1","0","0"
"POINT (10.137557016000073 53.541158394000036)","Unfall 159179 (2019) Kat:3, Licht: 0","159179","3","6","2","05","08","3","0","0","0","1","0","0"
"POINT (10.098268134000023 53.605772340000044)","Unfall 159180 (2019) Kat:3, Licht: 0","159180","3","6","2","05","14","3","0","0","0","1","0","0"
"POINT (10.072695351000050 53.641350882000040)","Unfall 159181 (2019) Kat:3, Licht: 0","159181","3","3","5","05","19","3","0","0","0","1","0","0"
"POINT (10.102428246000045 53.647731423000039)","Unfall 159182 (2019) Kat:3, Licht: 0","159182","3","6","2","05","17","3","0","0","0","1","0","1"
"POINT (10.019630576000054 53.653251051000041)","Unfall 159183 (2019) Kat:3, Licht: 0","159183","3","2","3","05","18","3","0","0","1","1","0","0"
"POINT (10.023519494000027 53.652169493000031)","Unfall 159184 (2019) Kat:2, Licht: 0","159184","2","3","5","05","10","3","0","0","1","1","0","0"
"POINT (10.046327220000023 53.583171296000046)","Unfall 159185 (2019) Kat:3, Licht: 0","159185","3","2","3","05","12","3","0","0","1","0","0","0"
"POINT (9.928279805000045 53.595544707000045)","Unfall 159186 (2019) Kat:3, Licht: 0","159186","3","7","1","05","12","3","0","0","0","1","0","0"
"POINT (9.908032342000070 53.606206260000079)","Unfall 159187 (2019) Kat:3, Licht: 0","159187","3","1","0","05","17","3","0","0","0","0","0","1"
"POINT (9.956781883000076 53.587013508000041)","Unfall 159188 (2019) Kat:3, Licht: 0","159188","3","3","5","05","16","3","0","0","1","1","0","0"
"POINT (9.945097395000062 53.546125602000075)","Unfall 159189 (2019) Kat:3, Licht: 0","159189","3","2","5","05","08","3","0","0","1","1","0","0"
"POINT (9.978673758000070 53.569793587000049)","Unfall 159190 (2019) Kat:3, Licht: 0","159190","3","7","6","05","17","3","0","0","0","1","1","0"
"POINT (9.989348372000052 53.558296245000065)","Unfall 159191 (2019) Kat:3, Licht: 2","159191","3","2","6","05","22","3","0","2","0","1","1","0"
"POINT (9.969453211000030 53.546090746000061)","Unfall 159192 (2019) Kat:3, Licht: 0","159192","3","2","4","05","09","3","0","0","0","1","0","1"
"POINT (9.859071756000049 53.534778739000046)","Unfall 159193 (2019) Kat:3, Licht: 0","159193","3","2","4","05","12","2","1","0","0","1","0","0"
"POINT (9.954737293000051 53.454337326000029)","Unfall 159194 (2019) Kat:3, Licht: 0","159194","3","6","6","05","14","2","1","0","1","0","1","0"
"POINT (10.013027173000069 53.497463441000036)","Unfall 159195 (2019) Kat:3, Licht: 0","159195","3","3","5","05","14","2","1","0","1","0","0","0"
"POINT (10.207546875000048 53.489396239000030)","Unfall 159196 (2019) Kat:3, Licht: 0","159196","3","3","6","05","12","2","0","0","0","1","1","0"
"POINT (10.091643517000023 53.543918750000046)","Unfall 159197 (2019) Kat:3, Licht: 0","159197","3","6","2","05","17","2","0","0","0","1","0","0"
"POINT (10.064747841000042 53.586564916000043)","Unfall 159198 (2019) Kat:3, Licht: 0","159198","3","7","0","05","20","2","0","0","0","1","1","0"
"POINT (10.081247349000023 53.641813291000062)","Unfall 159199 (2019) Kat:3, Licht: 0","159199","3","6","2","05","17","2","0","0","0","1","0","0"
"POINT (10.085946948000071 53.645006513000055)","Unfall 159200 (2019) Kat:3, Licht: 0","159200","3","6","2","05","17","2","0","0","0","1","0","0"
"POINT (10.068978002000051 53.644325536000053)","Unfall 159201 (2019) Kat:3, Licht: 0","159201","3","1","8","05","11","2","1","0","0","1","0","0"
"POINT (10.001583800000049 53.586348404000034)","Unfall 159202 (2019) Kat:3, Licht: 0","159202","3","2","2","05","15","2","1","0","0","1","0","1"
"POINT (10.032821272000035 53.577987182000072)","Unfall 159203 (2019) Kat:3, Licht: 0","159203","3","6","4","05","15","2","0","0","1","0","0","0"
"POINT (10.055321366000044 53.573223056000074)","Unfall 159204 (2019) Kat:3, Licht: 0","159204","3","3","5","05","11","2","0","0","0","1","0","0"
"POINT (9.889863315000071 53.610457336000081)","Unfall 159205 (2019) Kat:3, Licht: 0","159205","3","6","4","05","13","2","1","0","0","1","0","0"
"POINT (9.791192073000048 53.579597890000059)","Unfall 159206 (2019) Kat:3, Licht: 0","159206","3","2","4","05","18","2","0","0","1","1","0","0"
"POINT (9.863562962000060 53.590757427000028)","Unfall 159207 (2019) Kat:3, Licht: 0","159207","3","3","5","05","12","2","1","0","1","1","0","0"
"POINT (9.756810792000067 53.582642794000037)","Unfall 159208 (2019) Kat:3, Licht: 0","159208","3","7","6","05","09","2","1","0","0","0","1","0"
"POINT (9.921119126000065 53.632486856000071)","Unfall 159209 (2019) Kat:3, Licht: 0","159209","3","2","0","05","09","2","0","0","0","1","0","0"
"POINT (9.964933843000040 53.577835020000066)","Unfall 159210 (2019) Kat:3, Licht: 0","159210","3","1","1","05","08","2","0","0","0","1","0","1"
"POINT (9.941544266000051 53.564522753000062)","Unfall 159211 (2019) Kat:3, Licht: 0","159211","3","5","1","05","19","2","0","0","1","1","0","0"
"POINT (9.964826834000064 53.567353412000045)","Unfall 159212 (2019) Kat:3, Licht: 0","159212","3","7","5","05","19","2","0","0","0","1","0","0"
"POINT (9.979078021000021 53.566045531000043)","Unfall 159213 (2019) Kat:3, Licht: 0","159213","3","2","5","05","18","2","0","0","1","1","0","0"
"POINT (9.967213019000042 53.549872012000037)","Unfall 159214 (2019) Kat:2, Licht: 0","159214","2","3","5","05","17","2","0","0","1","1","0","0"
"POINT (9.995196550000060 53.550568634000058)","Unfall 159215 (2019) Kat:3, Licht: 0","159215","3","4","0","05","17","2","0","0","0","0","1","0"
"POINT (10.006020821000050 53.548279506000029)","Unfall 159216 (2019) Kat:3, Licht: 0","159216","3","3","5","05","15","2","1","0","0","1","0","0"
"POINT (9.810452622000071 53.521165575000055)","Unfall 159217 (2019) Kat:3, Licht: 0","159217","3","3","5","05","14","1","0","0","1","1","0","0"
"POINT (10.105011207000075 53.545090814000048)","Unfall 159218 (2019) Kat:3, Licht: 2","159218","3","2","2","05","01","1","0","2","0","1","0","0"
"POINT (10.001118586000075 53.663833617000080)","Unfall 159219 (2019) Kat:2, Licht: 0","159219","2","3","5","05","18","1","0","0","0","1","0","0"
"POINT (9.976935777000051 53.578211651000061)","Unfall 159220 (2019) Kat:3, Licht: 0","159220","3","3","5","05","12","1","0","0","1","1","0","0"
"POINT (9.905898280000031 53.513431971000045)","Unfall 159221 (2019) Kat:3, Licht: 0","159221","3","6","2","05","15","7","1","0","0","1","0","0"
"POINT (9.988881555000035 53.439213137000081)","Unfall 159222 (2019) Kat:3, Licht: 0","159222","3","7","6","05","13","7","1","0","0","1","1","0"
"POINT (9.949082754000074 53.558502640000029)","Unfall 159223 (2019) Kat:3, Licht: 0","159223","3","6","2","05","08","7","0","0","0","1","0","0"
"POINT (9.945080371000074 53.546090680000077)","Unfall 159224 (2019) Kat:3, Licht: 0","159224","3","2","5","05","15","7","1","0","1","1","0","0"
"POINT (9.962273592000031 53.564330207000069)","Unfall 159225 (2019) Kat:3, Licht: 0","159225","3","2","5","05","13","7","1","0","0","1","0","0"
"POINT (9.963023915000065 53.553264380000030)","Unfall 159226 (2019) Kat:3, Licht: 2","159226","3","6","3","05","01","7","0","2","1","1","0","0"
"POINT (9.995201787000042 53.552132158000063)","Unfall 159227 (2019) Kat:3, Licht: 0","159227","3","6","3","05","14","7","1","0","0","0","0","1"
"POINT (10.001136185000064 53.555613466000068)","Unfall 159228 (2019) Kat:3, Licht: 2","159228","3","6","2","05","22","7","0","2","0","1","0","0"
"POINT (10.086725131000037 53.552111532000026)","Unfall 159229 (2019) Kat:3, Licht: 0","159229","3","7","0","05","13","6","0","0","0","1","0","0"