WKT,Name,OBJECTID,UKATEGORIE,UTYP1,UART,UMONAT,USTUNDE,UWOCHENTAG,STRZUSTAND,ULICHTVERH,ISTRAD,ISTPKW,ISTFUSS,ISTKRAD
"POINT (10.068429394000077 53.581121856000038)","Unfall 159230 (2019) Kat:3, Licht: 0","159230","3","6","2","05","18","6","0","0","0","1","0","0"
"POINT (10.120445707000044 53.665055208000069)","Unfall 159231 (2019) Kat:3, Licht: 0","159231","3","3","5","05","12","6","0","0","1","1","0","0"
"POINT (10.051279950000037 53.586825413000042)","Unfall 159232 (2019) Kat:2, Licht: 0","159232","2","3","5","05","12","6","0","0","0","1","0","1"
"POINT (9.900454722000063 53.610556973000030)","Unfall 159233 (2019) Kat:3, Licht: 0","159233","3","3","5","05","15","6","0","0","1","1","0","0"
"POINT (9.942776635000030 53.593341223000039)","Unfall 159234 (2019) Kat:3, Licht: 0","159234","3","6","2","05","15","6","0","0","0","1","0","0"
"POINT (9.866089032000048 53.566594104000046)","Unfall 159235 (2019) Kat:3, Licht: 0","159235","3","3","5","05","07","6","0","0","1","1","0","0"
"POINT (10.202120294000053 53.485525364000068)","Unfall 159236 (2019) Kat:3, Licht: 0","159236","3","2","5","05","09","5","0","0","1","1","0","0"
"POINT (10.111266692000072 53.531059014000050)","Unfall 159237 (2019) Kat:3, Licht: 2","159237","3","3","5","05","04","5","0","2","0","1","0","0"
"POINT (10.069420087000026 53.571738499000048)","Unfall 159238 (2019) Kat:3, Licht: 0","159238","3","6","2","05","17","5","0","0","0","1","0","0"
"POINT (10.050106342000049 53.610440144000052)","Unfall 159239 (2019) Kat:2, Licht: 0","159239","2","4","6","05","16","5","0","0","0","1","1","0"
"POINT (10.070107668000048 53.603776600000060)","Unfall 159240 (2019) Kat:3, Licht: 0","159240","3","3","5","05","08","5","1","0","1","1","0","0"
"POINT (10.052164396000023 53.610034510000048)","Unfall 159241 (2019) Kat:3, Licht: 0","159241","3","3","5","05","18","5","1","0","1","1","0","0"
"POINT (10.030061899000032 53.677516090000040)","Unfall 159242 (2019) Kat:2, Licht: 0","159242","2","7","5","05","13","5","0","0","0","1","0","0"
"POINT (10.045206827000072 53.589868369000044)","Unfall 159243 (2019) Kat:3, Licht: 0","159243","3","2","5","05","12","5","0","0","1","1","0","0"
"POINT (9.857789230000037 53.599724755000068)","Unfall 159244 (2019) Kat:3, Licht: 0","159244","3","7","5","05","13","5","0","0","0","1","0","1"
"POINT (9.918899636000049 53.573773315000039)","Unfall 159245 (2019) Kat:3, Licht: 0","159245","3","6","2","05","12","5","0","0","0","1","0","0"
"POINT (9.914544466000052 53.634614390000081)","Unfall 159246 (2019) Kat:3, Licht: 0","159246","3","3","0","05","17","5","0","0","1","0","0","0"
"POINT (9.987321615000042 53.590359450000051)","Unfall 159247 (2019) Kat:3, Licht: 0","159247","3","3","5","05","11","5","0","0","1","1","0","0"
"POINT (9.956652813000062 53.549699683000028)","Unfall 159248 (2019) Kat:3, Licht: 0","159248","3","6","3","05","19","5","1","0","0","0","0","1"
"POINT (9.995549466000057 53.542849434000061)","Unfall 159249 (2019) Kat:3, Licht: 0","159249","3","6","6","05","09","5","0","0","0","1","1","0"
"POINT (9.986468885000022 53.549916478000057)","Unfall 159250 (2019) Kat:3, Licht: 0","159250","3","5","1","05","08","5","0","0","1","0","0","0"
"POINT (10.153477620000046 53.614888296000061)","Unfall 159251 (2019) Kat:2, Licht: 0","159251","2","6","4","05","06","4","0","0","0","1","0","0"
"POINT (10.146567551000032 53.630292665000070)","Unfall 159252 (2019) Kat:3, Licht: 2","159252","3","1","0","05","00","4","0","2","1","0","0","0"
"POINT (10.173664788000053 53.608028881000052)","Unfall 159253 (2019) Kat:3, Licht: 0","159253","3","6","4","05","14","4","0","0","1","1","0","0"
"POINT (10.067517862000045 53.608599184000070)","Unfall 159254 (2019) Kat:3, Licht: 0","159254","3","7","4","05","12","4","0","0","0","1","0","1"
"POINT (10.097816980000061 53.634858330000043)","Unfall 159255 (2019) Kat:3, Licht: 0","159255","3","6","3","05","15","4","0","0","1","1","0","0"
"POINT (10.010489044000053 53.648513104000074)","Unfall 159256 (2019) Kat:3, Licht: 0","159256","3","7","8","05","11","4","0","0","0","1","0","0"
"POINT (10.014659087000041 53.590084319000027)","Unfall 159257 (2019) Kat:3, Licht: 0","159257","3","4","6","05","13","4","0","0","1","0","1","0"
"POINT (9.968822130000035 53.546048489000043)","Unfall 159258 (2019) Kat:3, Licht: 1","159258","3","7","2","05","20","4","0","1","0","1","0","0"
"POINT (9.988592966000056 53.457246168000040)","Unfall 159259 (2019) Kat:3, Licht: 0","159259","3","3","5","04","16","3","0","0","1","1","0","0"
"POINT (10.038943872000061 53.534493341000029)","Unfall 159260 (2019) Kat:3, Licht: 0","159260","3","2","5","05","10","7","0","0","0","1","0","0"
"POINT (10.070015075000072 53.552859866000063)","Unfall 159261 (2019) Kat:3, Licht: 0","159261","3","6","3","04","09","3","0","0","0","1","0","1"
"POINT (10.108807788000036 53.542254821000029)","Unfall 159262 (2019) Kat:3, Licht: 0","159262","3","5","1","04","10","3","0","0","0","1","0","0"
"POINT (10.028135172000077 53.556351463000055)","Unfall 159263 (2019) Kat:3, Licht: 2","159263","3","6","3","04","21","3","0","2","1","0","0","0"
"POINT (10.055147629000032 53.560846680000054)","Unfall 159264 (2019) Kat:3, Licht: 0","159264","3","3","5","04","08","3","0","0","1","0","0","0"
"POINT (10.152955260000056 53.584957930000030)","Unfall 159265 (2019) Kat:3, Licht: 2","159265","3","3","6","04","21","3","0","2","1","0","1","0"
"POINT (10.171913450000034 53.604749872000070)","Unfall 159266 (2019) Kat:3, Licht: 0","159266","3","3","5","05","14","7","0","0","0","1","0","0"
"POINT (10.115015919000029 53.613299197000060)","Unfall 159267 (2019) Kat:3, Licht: 1","159267","3","7","1","04","20","3","0","1","0","1","0","0"
"POINT (10.135991922000073 53.571162524000044)","Unfall 159268 (2019) Kat:3, Licht: 0","159268","3","2","5","05","18","7","0","0","1","1","0","0"
"POINT (10.068636099000059 53.580824077000045)","Unfall 159269 (2019) Kat:3, Licht: 0","159269","3","2","3","04","11","3","0","0","0","1","0","1"
"POINT (10.059987511000031 53.571806583000068)","Unfall 159270 (2019) Kat:3, Licht: 0","159270","3","2","2","04","10","3","0","0","0","1","0","0"
"POINT (10.071885734000034 53.607806255000071)","Unfall 159271 (2019) Kat:3, Licht: 0","159271","3","6","3","04","06","3","0","0","1","0","0","0"
"POINT (10.102389044000063 53.579804506000073)","Unfall 159272 (2019) Kat:3, Licht: 0","159272","3","6","2","05","12","7","0","0","0","1","0","0"
"POINT (10.075141712000061 53.592941202000077)","Unfall 159273 (2019) Kat:3, Licht: 0","159273","3","7","0","04","19","3","0","0","1","1","0","0"
"POINT (10.122100555000031 53.568795443000056)","Unfall 159274 (2019) Kat:3, Licht: 0","159274","3","5","1","05","07","7","0","0","0","1","0","0"
"POINT (10.084928876000049 53.614303596000070)","Unfall 159275 (2019) Kat:3, Licht: 0","159275","3","3","5","04","05","3","0","0","0","1","0","0"
"POINT (10.065261781000061 53.573587365000037)","Unfall 159276 (2019) Kat:3, Licht: 0","159276","3","4","6","05","12","7","0","0","0","1","1","0"
"POINT (10.101312718000031 53.579851187000031)","Unfall 159277 (2019) Kat:3, Licht: 0","159277","3","5","5","05","11","7","0","0","0","1","0","1"
"POINT (10.005787714000064 53.655211172000065)","Unfall 159278 (2019) Kat:3, Licht: 0","159278","3","6","2","04","14","3","0","0","0","1","0","0"
"POINT (10.070900228000028 53.651622134000036)","Unfall 159279 (2019) Kat:3, Licht: 0","159279","3","6","2","05","19","7","0","0","0","1","0","0"
"POINT (9.997359805000031 53.596447728000044)","Unfall 159280 (2019) Kat:2, Licht: 0","159280","2","4","6","04","18","3","0","0","1","0","1","0"
"POINT (10.026513391000037 53.671140820000062)","Unfall 159281 (2019) Kat:3, Licht: 0","159281","3","5","1","05","13","7","0","0","0","1","0","1"
"POINT (9.997660872000040 53.596051527000043)","Unfall 159282 (2019) Kat:3, Licht: 0","159282","3","5","1","05","18","7","0","0","1","1","0","0"
"POINT (9.995987386000024 53.583870776000026)","Unfall 159283 (2019) Kat:3, Licht: 0","159283","3","3","5","04","17","3","0","0","1","0","0","0"
"POINT (10.031586448000041 53.596762450000028)","Unfall 159284 (2019) Kat:3, Licht: 2","159284","3","5","1","05","23","7","0","2","0","1","0","0"
"POINT (10.038976695000031 53.575005757000042)","Unfall 159285 (2019) Kat:3, Licht: 0","159285","3","2","0","04","15","3","0","0","1","1","0","0"
"POINT (10.056307094000033 53.573586946000034)","Unfall 159286 (2019) Kat:3, Licht: 0","159286","3","2","3","05","16","7","0","0","0","1","0","0"
"POINT (10.055895866000071 53.587835284000050)","Unfall 159287 (2019) Kat:3, Licht: 0","159287","3","5","1","04","06","3","0","0","1","1","0","0"
"POINT (9.964148219000037 53.568503963000069)","Unfall 159288 (2019) Kat:3, Licht: 0","159288","3","1","1","05","16","7","0","0","0","1","0","1"
"POINT (10.025703608000072 53.559565475000056)","Unfall 159289 (2019) Kat:3, Licht: 0","159289","3","6","1","04","08","3","0","0","0","1","0","0"
"POINT (10.004024220000076 53.557096344000058)","Unfall 159290 (2019) Kat:3, Licht: 0","159290","3","6","2","05","07","7","0","0","0","1","0","0"
"POINT (9.865145027000040 53.527507791000062)","Unfall 159291 (2019) Kat:3, Licht: 0","159291","3","7","2","05","14","6","0","0","1","1","0","0"
"POINT (9.914082772000029 53.512269825000033)","Unfall 159292 (2019) Kat:3, Licht: 0","159292","3","7","2","05","08","6","0","0","0","1","0","0"
"POINT (9.933278975000064 53.566747058000033)","Unfall 159293 (2019) Kat:2, Licht: 0","159293","2","4","6","04","10","3","0","0","0","1","1","0"
"POINT (9.972661800000026 53.512091927000029)","Unfall 159294 (2019) Kat:2, Licht: 0","159294","2","7","0","05","09","6","0","0","0","1","0","0"
"POINT (9.959465419000026 53.610079702000064)","Unfall 159295 (2019) Kat:3, Licht: 0","159295","3","2","4","04","19","3","0","0","1","1","0","0"
"POINT (10.079970500000059 53.501579170000070)","Unfall 159296 (2019) Kat:2, Licht: 0","159296","2","2","4","05","16","6","0","0","0","1","0","1"
"POINT (9.987510154000063 53.603004540000029)","Unfall 159297 (2019) Kat:3, Licht: 0","159297","3","6","2","04","15","3","0","0","0","1","0","0"
"POINT (9.985516002000054 53.571349852000026)","Unfall 159298 (2019) Kat:3, Licht: 0","159298","3","7","2","04","07","3","0","0","1","1","0","0"
"POINT (10.155359796000027 53.614518954000062)","Unfall 159299 (2019) Kat:3, Licht: 0","159299","3","1","8","05","06","6","1","0","0","1","0","0"
"POINT (9.982163203000027 53.559670066000081)","Unfall 159300 (2019) Kat:3, Licht: 0","159300","3","6","3","04","14","3","0","0","0","1","0","0"
"POINT (10.080236553000077 53.608361753000054)","Unfall 159301 (2019) Kat:2, Licht: 2","159301","2","2","4","05","22","6","0","2","0","1","0","0"
"POINT (9.854497002000073 53.468596438000077)","Unfall 159302 (2019) Kat:3, Licht: 0","159302","3","3","5","04","07","2","1","0","1","1","0","0"
"POINT (10.077885361000028 53.617205978000072)","Unfall 159303 (2019) Kat:3, Licht: 0","159303","3","1","1","05","14","6","0","0","0","1","0","0"
"POINT (10.024587844000052 53.563695263000056)","Unfall 159304 (2019) Kat:3, Licht: 0","159304","3","6","2","05","10","6","0","0","0","1","0","0"
"POINT (9.981547468000031 53.519842177000044)","Unfall 159305 (2019) Kat:3, Licht: 0","159305","3","6","2","04","17","2","0","0","0","1","0","0"
"POINT (9.933003676000055 53.596862424000051)","Unfall 159306 (2019) Kat:3, Licht: 0","159306","3","2","4","05","16","6","0","0","1","1","0","0"
"POINT (9.993389429000047 53.516146729000070)","Unfall 159307 (2019) Kat:3, Licht: 0","159307","3","4","6","04","07","2","1","0","0","1","1","0"
"POINT (9.881064909000031 53.591901074000077)","Unfall 159308 (2019) Kat:3, Licht: 0","159308","3","3","5","05","07","6","0","0","0","1","0","0"
"POINT (10.229138710000029 53.444868649000057)","Unfall 159309 (2019) Kat:3, Licht: 0","159309","3","1","0","04","08","2","1","0","0","0","0","1"
"POINT (9.926007174000063 53.630659767000054)","Unfall 159310 (2019) Kat:3, Licht: 0","159310","3","3","5","05","14","6","0","0","0","1","0","1"
"POINT (10.137811443000032 53.529886231000035)","Unfall 159311 (2019) Kat:3, Licht: 0","159311","3","5","1","04","15","2","0","0","0","1","0","0"
"POINT (9.917898243000025 53.631530579000071)","Unfall 159312 (2019) Kat:3, Licht: 0","159312","3","6","2","05","11","6","0","0","0","1","0","0"
"POINT (9.965735335000034 53.565443467000080)","Unfall 159313 (2019) Kat:3, Licht: 0","159313","3","3","5","05","14","6","0","0","1","0","0","0"
"POINT (10.069701944000030 53.558494507000034)","Unfall 159314 (2019) Kat:3, Licht: 0","159314","3","1","8","04","09","2","1","0","0","1","0","0"
"POINT (10.029275289000054 53.556618302000061)","Unfall 159315 (2019) Kat:3, Licht: 0","159315","3","6","2","04","11","2","1","0","0","0","0","0"
"POINT (9.968755198000054 53.557451301000071)","Unfall 159316 (2019) Kat:3, Licht: 0","159316","3","2","4","05","12","6","0","0","1","1","0","0"
"POINT (10.152719358000070 53.596546398000044)","Unfall 159317 (2019) Kat:3, Licht: 0","159317","3","2","5","04","14","2","0","0","1","1","0","0"
"POINT (9.984097311000028 53.557057591000046)","Unfall 159318 (2019) Kat:3, Licht: 0","159318","3","3","5","05","08","6","0","0","1","1","0","0"
"POINT (10.125417099000060 53.586329249000073)","Unfall 159319 (2019) Kat:2, Licht: 0","159319","2","7","0","04","13","2","0","0","0","0","0","0"
"POINT (10.072442264000074 53.580080481000039)","Unfall 159320 (2019) Kat:3, Licht: 0","159320","3","3","5","04","08","2","1","0","1","1","0","0"
"POINT (9.977411814000050 53.459460944000057)","Unfall 159321 (2019) Kat:3, Licht: 0","159321","3","6","2","05","18","5","1","0","0","1","0","0"
"POINT (9.954750673000035 53.452843965000056)","Unfall 159322 (2019) Kat:3, Licht: 0","159322","3","6","6","05","15","5","1","0","1","0","1","0"
"POINT (10.067810578000035 53.608538879000037)","Unfall 159323 (2019) Kat:3, Licht: 0","159323","3","4","6","04","11","2","1","0","0","1","1","0"
"POINT (10.056308554000054 53.647120015000041)","Unfall 159324 (2019) Kat:3, Licht: 0","159324","3","6","2","04","19","2","0","0","0","1","0","0"
"POINT (9.987433317000068 53.454732750000062)","Unfall 159325 (2019) Kat:3, Licht: 0","159325","3","3","5","05","10","5","1","0","0","1","0","0"
"POINT (10.028134847000047 53.600037017000034)","Unfall 159326 (2019) Kat:3, Licht: 0","159326","3","6","3","04","17","2","0","0","0","1","0","0"
"POINT (10.058910422000054 53.550815802000045)","Unfall 159327 (2019) Kat:2, Licht: 0","159327","2","2","5","05","16","5","0","0","1","0","0","0"
"POINT (10.041537893000054 53.583109885000056)","Unfall 159328 (2019) Kat:3, Licht: 0","159328","3","6","3","04","11","2","1","0","1","1","0","0"
"POINT (9.920490067000060 53.637755467000034)","Unfall 159329 (2019) Kat:3, Licht: 2","159329","3","6","2","04","22","2","0","2","0","1","0","0"
"POINT (10.027934908000077 53.556447246000062)","Unfall 159330 (2019) Kat:3, Licht: 0","159330","3","6","1","05","13","5","1","0","0","1","0","0"
"POINT (10.135426560000042 53.573675610000066)","Unfall 159331 (2019) Kat:3, Licht: 0","159331","3","3","5","05","18","5","1","0","0","1","0","0"
"POINT (9.945630450000067 53.556972354000038)","Unfall 159332 (2019) Kat:3, Licht: 0","159332","3","3","5","04","07","2","1","0","0","1","0","0"
"POINT (10.116863852000051 53.654363456000056)","Unfall 159333 (2019) Kat:3, Licht: 0","159333","3","3","5","05","15","5","0","0","0","1","0","0"
"POINT (9.989218917000073 53.581940560000078)","Unfall 159334 (2019) Kat:3, Licht: 0","159334","3","3","5","04","07","2","1","0","1","1","0","0"
"POINT (10.006046966000042 53.607489640000040)","Unfall 159335 (2019) Kat:3, Licht: 0","159335","3","3","5","05","18","5","1","0","0","1","0","1"
"POINT (9.971846039000070 53.559732318000044)","Unfall 159336 (2019) Kat:3, Licht: 0","159336","3","3","5","04","17","2","0","0","0","1","0","0"
"POINT (9.783787027000074 53.501505579000082)","Unfall 159337 (2019) Kat:1, Licht: 0","159337","1","1","9","04","15","1","0","0","0","1","0","0"
"POINT (9.996889632000034 53.605590276000044)","Unfall 159338 (2019) Kat:3, Licht: 0","159338","3","2","6","05","14","5","1","0","0","1","1","0"
"POINT (9.886869080000054 53.525226302000078)","Unfall 159339 (2019) Kat:3, Licht: 0","159339","3","1","1","04","07","1","1","0","0","1","0","0"
"POINT (10.022824335000053 53.558454442000027)","Unfall 159340 (2019) Kat:3, Licht: 2","159340","3","3","5","05","22","5","1","2","0","1","0","0"
"POINT (10.055380477000028 53.560950970000079)","Unfall 159341 (2019) Kat:3, Licht: 1","159341","3","2","4","04","05","1","1","1","0","1","0","0"
"POINT (10.152999693000027 53.621306001000050)","Unfall 159342 (2019) Kat:3, Licht: 0","159342","3","3","5","04","19","1","1","0","1","1","0","0"
"POINT (10.047514078000063 53.578824385000075)","Unfall 159343 (2019) Kat:3, Licht: 0","159343","3","6","2","05","12","5","1","0","0","1","0","0"
"POINT (10.038792837000074 53.607619899000042)","Unfall 159344 (2019) Kat:3, Licht: 0","159344","3","7","0","04","13","1","1","0","1","0","0","0"
"POINT (9.900790985000072 53.604423970000028)","Unfall 159345 (2019) Kat:3, Licht: 2","159345","3","6","6","05","22","5","1","2","1","0","1","0"
"POINT (10.041435892000038 53.579829679000056)","Unfall 159346 (2019) Kat:3, Licht: 0","159346","3","2","6","04","14","1","1","0","0","1","1","0"
"POINT (9.754498598000055 53.581398766000063)","Unfall 159347 (2019) Kat:3, Licht: 0","159347","3","3","0","04","13","1","1","0","1","1","0","0"
"POINT (9.899857037000061 53.592694274000053)","Unfall 159348 (2019) Kat:3, Licht: 2","159348","3","6","2","04","23","1","0","2","0","1","0","0"
"POINT (9.817433074000064 53.573518425000032)","Unfall 159349 (2019) Kat:3, Licht: 0","159349","3","3","5","05","10","5","1","0","0","1","0","1"
"POINT (9.975615970000035 53.578937687000064)","Unfall 159350 (2019) Kat:3, Licht: 0","159350","3","6","1","04","15","1","0","0","0","1","0","0"
"POINT (9.904395362000059 53.587695869000072)","Unfall 159351 (2019) Kat:3, Licht: 0","159351","3","7","0","05","14","5","1","0","0","1","0","1"
"POINT (9.929641408000066 53.552038663000076)","Unfall 159352 (2019) Kat:3, Licht: 0","159352","3","5","1","04","13","1","0","0","1","1","0","0"
"POINT (9.945886522000023 53.579561804000036)","Unfall 159353 (2019) Kat:3, Licht: 2","159353","3","2","6","05","22","5","1","2","0","1","1","0"
"POINT (9.965495299000054 53.563086428000076)","Unfall 159354 (2019) Kat:2, Licht: 2","159354","2","3","5","04","01","1","1","2","1","1","0","0"
"POINT (10.186779128000069 53.490702003000081)","Unfall 159355 (2019) Kat:3, Licht: 0","159355","3","7","0","04","16","7","1","0","1","0","0","0"
"POINT (9.989565837000043 53.577664768000034)","Unfall 159356 (2019) Kat:3, Licht: 0","159356","3","3","6","05","15","5","0","0","0","1","1","0"
"POINT (10.155079002000036 53.503241139000068)","Unfall 159357 (2019) Kat:2, Licht: 0","159357","2","6","4","04","15","7","0","0","0","1","0","1"
"POINT (9.975463127000069 53.559246983000037)","Unfall 159358 (2019) Kat:3, Licht: 0","159358","3","2","4","05","08","5","0","0","1","1","0","0"
"POINT (10.107117623000022 53.547553674000028)","Unfall 159359 (2019) Kat:3, Licht: 2","159359","3","2","4","04","23","7","1","2","0","1","0","0"
"POINT (9.986942448000036 53.461839441000052)","Unfall 159360 (2019) Kat:3, Licht: 0","159360","3","3","5","05","15","5","1","0","1","1","0","0"
"POINT (10.089955160000045 53.554118279000079)","Unfall 159361 (2019) Kat:3, Licht: 2","159361","3","2","2","04","21","7","1","2","0","1","0","0"
"POINT (10.039359870000055 53.557814988000075)","Unfall 159362 (2019) Kat:3, Licht: 2","159362","3","2","5","04","20","7","1","2","1","1","0","0"
"POINT (9.863103482000042 53.476810456000067)","Unfall 159363 (2019) Kat:3, Licht: 0","159363","3","2","4","05","16","4","0","0","0","1","0","1"
"POINT (10.042866022000055 53.540301184000043)","Unfall 159364 (2019) Kat:3, Licht: 0","159364","3","3","5","04","13","7","0","0","0","1","0","0"
"POINT (9.987963617000048 53.450199462000057)","Unfall 159365 (2019) Kat:3, Licht: 0","159365","3","3","4","05","06","4","0","0","1","1","0","0"
"POINT (10.055378818000065 53.560837432000028)","Unfall 159366 (2019) Kat:3, Licht: 2","159366","3","1","9","04","05","7","1","2","0","1","0","0"
"POINT (10.134875403000024 53.569420979000029)","Unfall 159367 (2019) Kat:3, Licht: 0","159367","3","3","5","04","16","7","0","0","0","1","0","0"
"POINT (10.035923693000029 53.524082610000050)","Unfall 159368 (2019) Kat:2, Licht: 0","159368","2","6","2","05","12","4","0","0","0","1","0","0"
"POINT (10.147387095000056 53.600623721000034)","Unfall 159369 (2019) Kat:3, Licht: 0","159369","3","2","2","04","09","7","0","0","0","1","0","0"
"POINT (10.099384712000074 53.549876049000034)","Unfall 159370 (2019) Kat:3, Licht: 0","159370","3","2","4","05","14","4","0","0","0","1","0","0"
"POINT (10.074939921000066 53.574650321000036)","Unfall 159371 (2019) Kat:3, Licht: 0","159371","3","2","5","04","18","7","0","0","0","1","0","0"
"POINT (10.064669527000035 53.579243084000041)","Unfall 159372 (2019) Kat:3, Licht: 0","159372","3","6","4","04","13","7","0","0","0","1","0","0"
"POINT (10.106561074000069 53.631125481000026)","Unfall 159373 (2019) Kat:2, Licht: 0","159373","2","2","5","04","10","7","0","0","1","1","0","0"
"POINT (10.083670494000046 53.542283836000081)","Unfall 159374 (2019) Kat:3, Licht: 0","159374","3","2","4","05","07","4","0","0","0","1","0","0"
"POINT (10.077638228000069 53.617003423000028)","Unfall 159375 (2019) Kat:3, Licht: 1","159375","3","6","2","04","19","7","1","1","0","1","0","0"
"POINT (10.062222015000032 53.554405908000035)","Unfall 159376 (2019) Kat:3, Licht: 0","159376","3","6","3","05","11","4","0","0","0","1","0","0"
"POINT (10.034626125000045 53.628245208000067)","Unfall 159377 (2019) Kat:2, Licht: 0","159377","2","2","4","04","16","7","0","0","0","1","0","0"
"POINT (10.141134449000049 53.583234126000036)","Unfall 159378 (2019) Kat:2, Licht: 0","159378","2","4","6","05","20","4","0","0","0","1","1","0"
"POINT (10.092332014000021 53.686540802000081)","Unfall 159379 (2019) Kat:3, Licht: 0","159379","3","7","0","04","07","7","1","0","1","0","0","0"
"POINT (10.031017823000070 53.580009955000037)","Unfall 159380 (2019) Kat:3, Licht: 0","159380","3","5","1","04","19","7","1","0","1","1","0","0"
"POINT (10.154503716000022 53.612298362000047)","Unfall 159381 (2019) Kat:3, Licht: 0","159381","3","4","6","05","09","4","0","0","0","0","1","0"
"POINT (9.881219207000072 53.591925341000035)","Unfall 159382 (2019) Kat:3, Licht: 0","159382","3","2","4","04","12","7","0","0","1","1","0","0"
"POINT (10.094688838000025 53.606572620000065)","Unfall 159383 (2019) Kat:3, Licht: 0","159383","3","3","5","05","15","4","0","0","1","1","0","0"
"POINT (9.984156042000052 53.604739394000035)","Unfall 159384 (2019) Kat:3, Licht: 1","159384","3","6","2","04","19","7","1","1","0","1","0","0"
"POINT (10.094740309000031 53.606562040000028)","Unfall 159385 (2019) Kat:3, Licht: 0","159385","3","6","2","05","09","4","0","0","0","1","0","0"
"POINT (10.145165001000066 53.668936189000078)","Unfall 159386 (2019) Kat:3, Licht: 0","159386","3","3","5","05","15","4","0","0","0","1","0","1"
"POINT (9.964156673000048 53.599778654000033)","Unfall 159387 (2019) Kat:3, Licht: 0","159387","3","6","3","04","12","7","0","0","0","1","0","0"
"POINT (10.005604692000077 53.580419960000029)","Unfall 159388 (2019) Kat:3, Licht: 0","159388","3","3","5","05","18","4","0","0","1","1","0","0"
"POINT (9.977058518000035 53.578061664000074)","Unfall 159389 (2019) Kat:2, Licht: 0","159389","2","2","3","04","15","7","0","0","1","1","0","0"
"POINT (9.984098275000065 53.549863606000031)","Unfall 159390 (2019) Kat:3, Licht: 0","159390","3","1","0","04","19","7","1","0","1","0","0","0"
"POINT (9.909373445000028 53.549333328000046)","Unfall 159391 (2019) Kat:3, Licht: 0","159391","3","3","5","05","09","4","0","0","1","1","0","0"
"POINT (9.937232816000062 53.577400095000030)","Unfall 159392 (2019) Kat:3, Licht: 0","159392","3","2","5","05","13","4","0","0","1","1","0","0"
"POINT (10.000950368000076 53.555636003000075)","Unfall 159393 (2019) Kat:3, Licht: 0","159393","3","3","5","04","16","7","0","0","0","1","0","0"
"POINT (9.935871867000060 53.551549537000028)","Unfall 159394 (2019) Kat:3, Licht: 0","159394","3","5","1","05","16","4","0","0","0","1","0","0"
"POINT (10.008397961000071 53.553604706000044)","Unfall 159395 (2019) Kat:3, Licht: 2","159395","3","3","5","04","21","7","1","2","0","1","0","0"
"POINT (9.907338648000064 53.513146188000064)","Unfall 159396 (2019) Kat:3, Licht: 0","159396","3","6","2","04","07","6","0","0","0","1","0","0"
"POINT (9.986104579000028 53.563366862000066)","Unfall 159397 (2019) Kat:2, Licht: 0","159397","2","7","3","05","11","4","0","0","0","1","0","0"
"POINT (9.957508424000025 53.554749314000048)","Unfall 159398 (2019) Kat:3, Licht: 0","159398","3","3","5","05","11","4","0","0","1","1","0","0"
"POINT (9.913670575000026 53.514648795000028)","Unfall 159399 (2019) Kat:3, Licht: 0","159399","3","6","2","04","08","6","0","0","0","0","0","0"
"POINT (9.956142556000032 53.551808224000069)","Unfall 159400 (2019) Kat:3, Licht: 0","159400","3","7","0","05","09","4","0","0","1","0","0","0"
"POINT (10.015482379000048 53.518477573000041)","Unfall 159401 (2019) Kat:3, Licht: 0","159401","3","2","4","04","15","6","0","0","0","1","0","0"
"POINT (9.993260341000052 53.516278931000045)","Unfall 159402 (2019) Kat:3, Licht: 0","159402","3","7","0","05","18","3","0","0","0","1","1","0"
"POINT (10.162105934000067 53.472518975000071)","Unfall 159403 (2019) Kat:2, Licht: 2","159403","2","1","8","04","22","6","1","2","0","0","0","0"
"POINT (10.061098596000022 53.546863089000055)","Unfall 159404 (2019) Kat:3, Licht: 0","159404","3","3","5","04","15","6","0","0","1","1","0","0"
"POINT (10.097716275000039 53.541727615000070)","Unfall 159405 (2019) Kat:2, Licht: 0","159405","2","3","6","05","10","3","0","0","0","1","1","0"
"POINT (10.040673302000073 53.555558637000047)","Unfall 159406 (2019) Kat:3, Licht: 0","159406","3","2","5","04","11","6","0","0","0","1","0","0"
"POINT (10.030427875000044 53.536717689000056)","Unfall 159407 (2019) Kat:3, Licht: 0","159407","3","6","3","05","11","3","0","0","0","1","0","0"
"POINT (10.168048384000031 53.612266094000063)","Unfall 159408 (2019) Kat:3, Licht: 0","159408","3","3","5","04","13","6","0","0","1","1","0","0"
"POINT (10.115249450000022 53.612499012000058)","Unfall 159409 (2019) Kat:3, Licht: 0","159409","3","3","5","04","13","6","0","0","0","1","0","0"
"POINT (10.038663861000032 53.534086164000030)","Unfall 159410 (2019) Kat:3, Licht: 0","159410","3","4","6","05","19","3","0","0","0","1","1","0"
"POINT (10.092357820000075 53.613263290000077)","Unfall 159411 (2019) Kat:3, Licht: 0","159411","3","3","5","05","19","3","0","0","1","1","0","0"
"POINT (10.152850917000023 53.594355645000064)","Unfall 159412 (2019) Kat:3, Licht: 0","159412","3","3","5","04","07","6","0","0","1","1","0","0"
"POINT (10.102331806000052 53.685645685000054)","Unfall 159413 (2019) Kat:3, Licht: 0","159413","3","3","5","05","11","3","0","0","0","1","0","0"