WKT,Name,OBJECTID,UKATEGORIE,UTYP1,UART,UMONAT,USTUNDE,UWOCHENTAG,STRZUSTAND,ULICHTVERH,ISTRAD,ISTPKW,ISTFUSS,ISTKRAD
"POINT (10.019479965000073 53.566205021000030)","Unfall 159599 (2019) Kat:3, Licht: 0","159599","3","2","2","06","13","7","0","0","0","1","0","0"
"POINT (9.904785067000034 53.609157411000069)","Unfall 159600 (2019) Kat:3, Licht: 0","159600","3","4","6","06","09","7","0","0","0","1","1","0"
"POINT (9.965882591000025 53.562284915000077)","Unfall 159601 (2019) Kat:3, Licht: 0","159601","3","3","5","06","11","7","0","0","1","1","0","0"
"POINT (9.955799591000073 53.548224859000072)","Unfall 159602 (2019) Kat:3, Licht: 0","159602","3","3","5","06","19","7","0","0","1","1","0","0"
"POINT (9.980912524000075 53.459678223000026)","Unfall 159603 (2019) Kat:3, Licht: 0","159603","3","7","6","05","15","6","0","0","0","1","1","0"
"POINT (9.990192892000039 53.455286875000070)","Unfall 159604 (2019) Kat:3, Licht: 0","159604","3","6","2","05","15","6","0","0","0","1","0","0"
"POINT (9.981041416000039 53.460609276000071)","Unfall 159605 (2019) Kat:3, Licht: 0","159605","3","3","5","05","13","6","0","0","0","1","0","0"
"POINT (10.205866923000031 53.495049401000074)","Unfall 159606 (2019) Kat:3, Licht: 0","159606","3","6","0","05","07","6","0","0","1","0","0","0"
"POINT (10.137918666000076 53.580369030000043)","Unfall 159607 (2019) Kat:3, Licht: 0","159607","3","3","5","05","15","6","0","0","1","0","0","0"
"POINT (10.124855797000066 53.586116293000032)","Unfall 159608 (2019) Kat:3, Licht: 0","159608","3","2","5","05","16","6","0","0","0","1","0","0"
"POINT (10.099215389000051 53.588226044000066)","Unfall 159609 (2019) Kat:2, Licht: 0","159609","2","4","6","05","17","6","0","0","0","1","1","0"
"POINT (10.071453437000059 53.608676225000067)","Unfall 159610 (2019) Kat:3, Licht: 0","159610","3","6","2","05","06","6","1","0","0","1","0","1"
"POINT (10.062135837000028 53.608750963000034)","Unfall 159611 (2019) Kat:3, Licht: 0","159611","3","2","0","05","15","6","0","0","0","0","0","0"
"POINT (10.044639364000034 53.642226265000033)","Unfall 159612 (2019) Kat:3, Licht: 0","159612","3","3","5","05","06","6","0","0","0","1","0","0"
"POINT (10.025125184000046 53.569090732000063)","Unfall 159613 (2019) Kat:3, Licht: 2","159613","3","4","6","05","23","6","0","2","0","1","1","0"
"POINT (10.041449703000069 53.568688497000039)","Unfall 159614 (2019) Kat:3, Licht: 0","159614","3","2","1","05","16","6","0","0","1","1","0","0"
"POINT (9.903411859000073 53.608975498000063)","Unfall 159615 (2019) Kat:3, Licht: 0","159615","3","2","4","05","18","6","0","0","1","1","0","0"
"POINT (9.966534309000053 53.593268345000070)","Unfall 159616 (2019) Kat:3, Licht: 0","159616","3","6","2","05","17","6","0","0","0","1","0","0"
"POINT (9.957196887000066 53.580854890000069)","Unfall 159617 (2019) Kat:3, Licht: 0","159617","3","7","0","05","10","6","0","0","0","0","0","1"
"POINT (9.999493923000046 53.575706479000075)","Unfall 159618 (2019) Kat:3, Licht: 0","159618","3","6","2","05","11","6","0","0","1","0","0","0"
"POINT (10.005211258000031 53.552771467000071)","Unfall 159619 (2019) Kat:3, Licht: 0","159619","3","7","6","05","13","6","0","0","0","0","1","0"
"POINT (10.117771750000031 53.606999975000065)","Unfall 159620 (2019) Kat:3, Licht: 0","159620","3","6","2","05","12","5","0","0","0","1","0","0"
"POINT (10.022168537000027 53.630016550000050)","Unfall 159621 (2019) Kat:3, Licht: 0","159621","3","5","1","05","18","5","1","0","0","1","0","0"
"POINT (10.004800035000073 53.648682818000054)","Unfall 159622 (2019) Kat:2, Licht: 0","159622","2","6","2","05","11","5","1","0","0","1","0","0"
"POINT (9.995178787000043 53.570310128000074)","Unfall 159623 (2019) Kat:3, Licht: 2","159623","3","5","1","05","00","5","0","2","0","1","0","1"
"POINT (9.995669337000038 53.571313733000068)","Unfall 159624 (2019) Kat:3, Licht: 0","159624","3","7","0","05","16","5","0","0","0","0","0","1"
"POINT (9.980067032000022 53.457609198000057)","Unfall 159625 (2019) Kat:3, Licht: 0","159625","3","6","2","05","15","4","0","0","0","1","0","0"
"POINT (9.990980444000059 53.496211539000058)","Unfall 159626 (2019) Kat:3, Licht: 0","159626","3","3","5","05","15","4","0","0","1","1","0","0"
"POINT (10.129511287000071 53.614791321000041)","Unfall 159627 (2019) Kat:2, Licht: 0","159627","2","3","5","05","17","4","0","0","1","0","0","0"
"POINT (10.126625056000023 53.589383362000035)","Unfall 159628 (2019) Kat:3, Licht: 0","159628","3","6","4","05","15","4","0","0","0","1","0","0"
"POINT (10.058119910000073 53.608540519000030)","Unfall 159629 (2019) Kat:3, Licht: 0","159629","3","6","2","05","15","4","0","0","0","1","0","0"
"POINT (10.134603370000036 53.674626741000054)","Unfall 159630 (2019) Kat:3, Licht: 0","159630","3","3","5","05","07","4","0","0","1","1","0","0"
"POINT (10.167359557000054 53.650256206000051)","Unfall 159631 (2019) Kat:3, Licht: 0","159631","3","3","5","05","13","4","0","0","1","1","0","0"
"POINT (10.076787215000024 53.660740464000071)","Unfall 159632 (2019) Kat:3, Licht: 0","159632","3","2","5","05","07","4","0","0","1","1","0","0"
"POINT (10.020999580000023 53.661559230000080)","Unfall 159633 (2019) Kat:3, Licht: 0","159633","3","5","1","05","11","4","0","0","0","1","0","0"
"POINT (10.042227451000031 53.589059688000077)","Unfall 159634 (2019) Kat:3, Licht: 0","159634","3","2","3","05","13","4","0","0","1","0","0","0"
"POINT (9.982695409000030 53.595843748000050)","Unfall 159635 (2019) Kat:3, Licht: 0","159635","3","3","5","05","13","4","0","0","1","1","0","0"
"POINT (9.985027003000027 53.587680338000041)","Unfall 159636 (2019) Kat:3, Licht: 0","159636","3","7","1","05","14","4","0","0","0","1","0","0"
"POINT (10.123356373000036 53.616061239000032)","Unfall 159637 (2019) Kat:3, Licht: 0","159637","3","2","5","06","13","5","0","0","1","1","0","0"
"POINT (10.070184672000039 53.576118067000039)","Unfall 159638 (2019) Kat:3, Licht: 0","159638","3","6","4","06","17","5","0","0","1","0","0","0"
"POINT (9.946682208000027 53.561152663000030)","Unfall 159639 (2019) Kat:3, Licht: 2","159639","3","7","0","05","23","4","0","2","1","0","0","0"
"POINT (9.978652906000036 53.565661362000071)","Unfall 159640 (2019) Kat:3, Licht: 0","159640","3","6","3","05","14","4","0","0","1","0","0","0"
"POINT (10.073207715000024 53.609511012000041)","Unfall 159641 (2019) Kat:3, Licht: 0","159641","3","2","0","06","09","5","0","0","1","1","0","0"
"POINT (9.989139914000077 53.558372138000038)","Unfall 159642 (2019) Kat:3, Licht: 0","159642","3","3","5","05","13","4","0","0","0","1","0","0"
"POINT (10.016077028000041 53.648584999000036)","Unfall 159643 (2019) Kat:3, Licht: 0","159643","3","7","6","06","16","5","0","0","1","0","1","0"
"POINT (9.985443842000052 53.462795997000057)","Unfall 159644 (2019) Kat:3, Licht: 0","159644","3","2","4","05","18","4","0","0","0","1","0","1"
"POINT (9.922427315000050 53.450910471000043)","Unfall 159645 (2019) Kat:3, Licht: 0","159645","3","3","5","05","06","3","0","0","1","1","0","0"
"POINT (10.004588268000077 53.657200820000071)","Unfall 159646 (2019) Kat:3, Licht: 0","159646","3","3","5","06","08","5","0","0","1","1","0","0"
"POINT (10.024933308000072 53.604223344000047)","Unfall 159647 (2019) Kat:3, Licht: 0","159647","3","3","5","06","07","5","0","0","0","1","0","0"
"POINT (10.197863304000066 53.479637956000033)","Unfall 159648 (2019) Kat:3, Licht: 0","159648","3","7","0","05","14","3","0","0","0","0","0","1"
"POINT (10.004087576000074 53.585438643000032)","Unfall 159649 (2019) Kat:3, Licht: 0","159649","3","3","5","06","10","5","0","0","1","1","0","0"
"POINT (10.234046388000024 53.486616558000037)","Unfall 159650 (2019) Kat:3, Licht: 0","159650","3","7","2","05","13","3","0","0","0","1","0","0"
"POINT (10.036785532000067 53.574653903000069)","Unfall 159651 (2019) Kat:3, Licht: 2","159651","3","4","6","06","22","5","0","2","0","1","1","0"
"POINT (10.084547210000039 53.553947307000044)","Unfall 159652 (2019) Kat:3, Licht: 0","159652","3","6","2","05","16","3","0","0","0","1","0","0"
"POINT (10.041609807000043 53.534224042000062)","Unfall 159653 (2019) Kat:3, Licht: 0","159653","3","2","4","05","12","3","0","0","1","1","0","0"
"POINT (10.054093664000050 53.572726879000072)","Unfall 159654 (2019) Kat:2, Licht: 0","159654","2","3","5","06","17","5","0","0","0","1","0","1"
"POINT (10.095670275000032 53.573653731000036)","Unfall 159655 (2019) Kat:3, Licht: 0","159655","3","2","6","05","19","3","0","0","0","1","1","0"
"POINT (9.935674705000054 53.579251043000056)","Unfall 159656 (2019) Kat:3, Licht: 0","159656","3","6","2","06","14","5","0","0","0","1","0","0"
"POINT (10.081174221000026 53.580032968000069)","Unfall 159657 (2019) Kat:3, Licht: 0","159657","3","6","2","05","15","3","0","0","0","1","0","0"
"POINT (9.867160497000043 53.584751777000065)","Unfall 159658 (2019) Kat:3, Licht: 0","159658","3","3","5","06","18","5","0","0","1","1","0","0"
"POINT (10.110042275000069 53.691416549000053)","Unfall 159659 (2019) Kat:3, Licht: 0","159659","3","7","0","05","18","3","0","0","1","0","0","0"
"POINT (9.901433260000033 53.549739479000039)","Unfall 159660 (2019) Kat:3, Licht: 0","159660","3","3","5","06","15","5","0","0","1","1","0","0"
"POINT (10.011485992000075 53.586981592000029)","Unfall 159661 (2019) Kat:3, Licht: 0","159661","3","3","5","05","18","3","0","0","0","1","0","0"
"POINT (9.918244759000061 53.566998006000063)","Unfall 159662 (2019) Kat:3, Licht: 0","159662","3","3","5","06","09","5","0","0","1","1","0","0"
"POINT (9.985613966000074 53.595121187000075)","Unfall 159663 (2019) Kat:3, Licht: 0","159663","3","2","3","06","08","5","0","0","1","0","0","0"
"POINT (9.798043409000059 53.566077231000065)","Unfall 159664 (2019) Kat:3, Licht: 0","159664","3","3","5","05","15","3","0","0","0","1","0","0"
"POINT (9.923042982000027 53.570945024000082)","Unfall 159665 (2019) Kat:3, Licht: 0","159665","3","2","4","05","15","3","0","0","1","1","0","0"
"POINT (9.962176905000035 53.550417516000039)","Unfall 159666 (2019) Kat:3, Licht: 2","159666","3","3","5","06","01","5","0","2","0","1","0","0"
"POINT (9.919384716000025 53.634362126000042)","Unfall 159667 (2019) Kat:3, Licht: 0","159667","3","2","4","05","10","3","0","0","1","1","0","0"
"POINT (10.021328386000050 53.524846391000040)","Unfall 159668 (2019) Kat:3, Licht: 0","159668","3","3","5","06","07","4","1","0","1","1","0","0"
"POINT (9.959385097000052 53.594745726000042)","Unfall 159669 (2019) Kat:3, Licht: 0","159669","3","2","3","05","12","3","0","0","1","0","0","0"
"POINT (9.984981056000038 53.604379660000063)","Unfall 159670 (2019) Kat:3, Licht: 0","159670","3","7","0","05","15","3","0","0","1","0","0","0"
"POINT (9.979546106000043 53.590494386000046)","Unfall 159671 (2019) Kat:3, Licht: 0","159671","3","5","1","05","07","3","0","0","1","1","0","0"
"POINT (10.081564353000033 53.533324155000059)","Unfall 159672 (2019) Kat:3, Licht: 0","159672","3","6","3","06","08","4","0","0","0","1","0","0"
"POINT (10.081404670000040 53.558825996000053)","Unfall 159673 (2019) Kat:3, Licht: 0","159673","3","6","2","06","08","4","0","0","0","1","0","0"
"POINT (9.974788496000031 53.588480796000056)","Unfall 159674 (2019) Kat:3, Licht: 0","159674","3","5","1","05","09","3","0","0","1","1","0","0"
"POINT (10.124213602000054 53.587925470000073)","Unfall 159675 (2019) Kat:3, Licht: 0","159675","3","6","2","06","19","4","1","0","0","1","0","0"
"POINT (9.986394091000022 53.585390340000060)","Unfall 159676 (2019) Kat:3, Licht: 0","159676","3","7","4","05","09","3","0","0","1","1","0","0"
"POINT (10.164511249000043 53.621494674000076)","Unfall 159677 (2019) Kat:3, Licht: 0","159677","3","3","5","06","07","4","0","0","1","1","0","0"
"POINT (9.934810290000030 53.547814142000050)","Unfall 159678 (2019) Kat:3, Licht: 0","159678","3","3","5","05","19","3","0","0","1","1","0","0"
"POINT (9.969774310000048 53.571754063000071)","Unfall 159679 (2019) Kat:3, Licht: 0","159679","3","2","5","05","19","3","0","0","1","1","0","0"
"POINT (9.964685696000061 53.559974571000055)","Unfall 159680 (2019) Kat:3, Licht: 0","159680","3","5","1","05","10","3","0","0","1","0","0","0"
"POINT (9.957396393000067 53.554727071000059)","Unfall 159681 (2019) Kat:3, Licht: 0","159681","3","3","5","05","16","3","0","0","1","1","0","0"
"POINT (9.965355161000048 53.463365047000082)","Unfall 159682 (2019) Kat:3, Licht: 0","159682","3","5","1","05","12","2","0","0","1","1","0","0"
"POINT (9.975043866000021 53.462228212000070)","Unfall 159683 (2019) Kat:3, Licht: 0","159683","3","6","2","05","17","2","0","0","0","1","0","0"
"POINT (10.140943759000038 53.622988118000080)","Unfall 159684 (2019) Kat:2, Licht: 2","159684","2","4","6","06","22","4","0","2","1","0","1","0"
"POINT (9.988941733000047 53.457107900000040)","Unfall 159685 (2019) Kat:3, Licht: 0","159685","3","2","6","05","19","2","0","0","0","1","1","0"
"POINT (10.217538700000034 53.485491767000042)","Unfall 159686 (2019) Kat:3, Licht: 0","159686","3","2","5","05","13","2","0","0","1","1","0","0"
"POINT (10.202349287000061 53.499501270000053)","Unfall 159687 (2019) Kat:3, Licht: 0","159687","3","7","6","05","09","2","0","0","0","1","1","0"
"POINT (10.092173440000067 53.552489554000033)","Unfall 159688 (2019) Kat:3, Licht: 0","159688","3","2","4","05","10","2","0","0","0","1","0","1"
"POINT (10.039594629000021 53.557881975000043)","Unfall 159689 (2019) Kat:3, Licht: 0","159689","3","2","3","05","17","2","0","0","0","1","0","1"
"POINT (10.116532803000041 53.608357563000027)","Unfall 159690 (2019) Kat:3, Licht: 0","159690","3","2","0","06","17","4","1","0","1","1","0","0"
"POINT (10.121455884000056 53.605529031000060)","Unfall 159691 (2019) Kat:3, Licht: 0","159691","3","2","4","05","11","2","0","0","0","1","0","0"
"POINT (10.089669347000040 53.581247653000048)","Unfall 159692 (2019) Kat:3, Licht: 0","159692","3","7","0","06","08","4","0","0","1","1","0","0"
"POINT (10.070666746000029 53.572090794000076)","Unfall 159693 (2019) Kat:3, Licht: 0","159693","3","3","2","05","09","2","0","0","0","1","0","1"
"POINT (10.076078321000068 53.589363799000068)","Unfall 159694 (2019) Kat:3, Licht: 0","159694","3","3","5","05","19","2","0","0","1","1","0","0"
"POINT (10.072306773000037 53.608423033000065)","Unfall 159695 (2019) Kat:3, Licht: 0","159695","3","3","5","05","18","2","0","0","0","1","0","0"
"POINT (10.100119101000075 53.585238895000032)","Unfall 159696 (2019) Kat:3, Licht: 0","159696","3","2","4","06","12","4","0","0","0","1","0","0"
"POINT (10.157869594000033 53.648773626000036)","Unfall 159697 (2019) Kat:3, Licht: 0","159697","3","2","4","05","13","2","0","0","1","1","0","0"
"POINT (10.131065222000075 53.673047159000077)","Unfall 159698 (2019) Kat:3, Licht: 0","159698","3","6","3","06","08","4","0","0","1","1","0","0"
"POINT (10.128597383000056 53.678478626000071)","Unfall 159699 (2019) Kat:3, Licht: 0","159699","3","3","5","05","17","2","0","0","1","1","0","0"
"POINT (10.120791780000047 53.701465102000043)","Unfall 159700 (2019) Kat:3, Licht: 0","159700","3","6","3","06","09","4","0","0","1","1","0","0"
"POINT (10.000436120000074 53.680173167000078)","Unfall 159701 (2019) Kat:3, Licht: 0","159701","3","7","5","06","19","4","1","0","0","1","0","0"
"POINT (10.076181936000069 53.663783115000058)","Unfall 159702 (2019) Kat:2, Licht: 0","159702","2","4","6","05","18","2","0","0","0","1","1","0"
"POINT (10.032195294000076 53.607307179000031)","Unfall 159703 (2019) Kat:3, Licht: 0","159703","3","6","2","06","13","4","0","0","0","1","0","0"
"POINT (10.013695982000058 53.619687063000072)","Unfall 159704 (2019) Kat:2, Licht: 0","159704","2","1","0","05","14","2","0","0","0","1","0","0"
"POINT (10.032795920000069 53.579829153000048)","Unfall 159705 (2019) Kat:3, Licht: 0","159705","3","6","3","06","20","4","0","0","0","1","0","0"
"POINT (10.017339077000031 53.563678839000033)","Unfall 159706 (2019) Kat:3, Licht: 0","159706","3","6","2","06","15","4","1","0","0","1","0","0"
"POINT (10.000275973000043 53.679922108000028)","Unfall 159707 (2019) Kat:3, Licht: 0","159707","3","2","3","05","08","2","0","0","1","1","0","0"
"POINT (9.887098295000044 53.559953306000068)","Unfall 159708 (2019) Kat:3, Licht: 0","159708","3","3","0","06","17","4","1","0","1","1","0","0"
"POINT (10.052407397000025 53.588206019000040)","Unfall 159709 (2019) Kat:3, Licht: 0","159709","3","3","5","05","07","2","1","0","1","1","0","0"
"POINT (9.933047282000075 53.544685903000072)","Unfall 159710 (2019) Kat:3, Licht: 0","159710","3","7","0","06","18","4","1","0","1","1","0","0"
"POINT (9.802317511000069 53.576470814000061)","Unfall 159711 (2019) Kat:3, Licht: 0","159711","3","6","3","05","18","2","0","0","1","0","0","0"
"POINT (9.946576654000069 53.565107406000038)","Unfall 159712 (2019) Kat:3, Licht: 0","159712","3","3","5","06","14","4","1","0","0","1","0","0"
"POINT (9.755565358000069 53.565161183000043)","Unfall 159713 (2019) Kat:3, Licht: 0","159713","3","7","6","05","17","2","0","0","0","0","1","0"
"POINT (9.979540538000038 53.555488698000033)","Unfall 159714 (2019) Kat:3, Licht: 0","159714","3","2","5","06","14","4","1","0","0","1","0","0"
"POINT (10.006369744000040 53.554877345000079)","Unfall 159715 (2019) Kat:3, Licht: 0","159715","3","6","5","06","10","4","1","0","1","0","0","0"
"POINT (9.986976673000072 53.456989393000072)","Unfall 159716 (2019) Kat:3, Licht: 0","159716","3","6","6","06","17","3","0","0","0","0","1","0"
"POINT (9.795761669000058 53.558501533000026)","Unfall 159717 (2019) Kat:3, Licht: 0","159717","3","6","3","05","16","2","0","0","1","1","0","0"
"POINT (10.175491190000059 53.469601297000054)","Unfall 159718 (2019) Kat:3, Licht: 0","159718","3","1","8","06","12","3","0","0","0","0","0","1"
"POINT (9.985648414000025 53.604835628000046)","Unfall 159719 (2019) Kat:3, Licht: 0","159719","3","4","6","05","07","2","1","0","0","1","1","0"
"POINT (10.086300412000071 53.519267780000064)","Unfall 159720 (2019) Kat:3, Licht: 0","159720","3","5","1","06","10","3","1","0","0","1","0","0"
"POINT (9.946662687000071 53.548720951000064)","Unfall 159721 (2019) Kat:3, Licht: 0","159721","3","6","2","05","09","2","0","0","0","1","0","0"
"POINT (9.990755346000071 53.560567095000067)","Unfall 159722 (2019) Kat:3, Licht: 0","159722","3","3","5","05","16","2","0","0","0","1","0","0"
"POINT (10.057660099000032 53.554897332000053)","Unfall 159723 (2019) Kat:3, Licht: 0","159723","3","3","5","06","15","3","0","0","1","1","0","0"
"POINT (10.050562652000053 53.559858070000075)","Unfall 159724 (2019) Kat:3, Licht: 0","159724","3","2","3","05","18","1","1","0","0","1","0","0"
"POINT (10.119975163000049 53.624841140000058)","Unfall 159725 (2019) Kat:3, Licht: 0","159725","3","7","0","06","17","3","0","0","1","1","0","0"
"POINT (10.045811058000027 53.548322156000040)","Unfall 159726 (2019) Kat:3, Licht: 0","159726","3","3","5","05","19","1","1","0","0","1","0","0"
"POINT (10.122595660000059 53.626870220000058)","Unfall 159727 (2019) Kat:2, Licht: 0","159727","2","2","5","06","17","3","0","0","0","1","0","1"
"POINT (10.131731252000066 53.597882546000051)","Unfall 159728 (2019) Kat:3, Licht: 0","159728","3","6","2","06","11","3","1","0","0","1","0","0"
"POINT (10.143540600000051 53.591156766000040)","Unfall 159729 (2019) Kat:3, Licht: 0","159729","3","3","5","05","13","1","0","0","0","1","0","0"
"POINT (10.117121674000032 53.574132851000059)","Unfall 159730 (2019) Kat:3, Licht: 0","159730","3","3","5","06","13","3","0","0","1","1","0","0"
"POINT (10.132087305000027 53.597157344000038)","Unfall 159731 (2019) Kat:3, Licht: 0","159731","3","2","4","05","18","1","0","0","0","1","0","0"
"POINT (10.060935266000058 53.589167521000036)","Unfall 159732 (2019) Kat:3, Licht: 0","159732","3","6","2","06","18","3","0","0","0","1","0","0"
"POINT (10.094503634000034 53.697317732000045)","Unfall 159733 (2019) Kat:3, Licht: 1","159733","3","6","4","05","19","1","1","1","0","1","0","0"
"POINT (10.073163259000069 53.609294974000079)","Unfall 159734 (2019) Kat:3, Licht: 0","159734","3","2","3","06","11","3","0","0","1","0","0","0"
"POINT (10.086102861000029 53.682568516000060)","Unfall 159735 (2019) Kat:3, Licht: 0","159735","3","3","5","05","18","1","1","0","0","1","0","0"
"POINT (10.059786062000057 53.641734806000045)","Unfall 159736 (2019) Kat:3, Licht: 0","159736","3","3","5","06","07","3","0","0","1","1","0","0"
"POINT (10.025542035000058 53.659518269000046)","Unfall 159737 (2019) Kat:3, Licht: 0","159737","3","6","0","06","15","3","0","0","1","1","0","0"
"POINT (10.001595730000076 53.674997474000065)","Unfall 159738 (2019) Kat:3, Licht: 0","159738","3","2","5","05","19","1","1","0","1","1","0","0"
"POINT (10.017896854000071 53.626132135000034)","Unfall 159739 (2019) Kat:3, Licht: 1","159739","3","1","1","05","04","1","0","1","0","1","0","0"
"POINT (10.017398913000022 53.649423506000062)","Unfall 159740 (2019) Kat:3, Licht: 0","159740","3","6","2","06","13","3","0","0","0","1","0","0"
"POINT (10.000376903000074 53.653544323000062)","Unfall 159741 (2019) Kat:3, Licht: 0","159741","3","5","1","05","17","1","0","0","0","1","0","0"
"POINT (10.015822705000062 53.650579791000041)","Unfall 159742 (2019) Kat:3, Licht: 0","159742","3","1","0","06","07","3","1","0","1","0","0","0"
"POINT (10.015839605000053 53.562887364000062)","Unfall 159743 (2019) Kat:3, Licht: 2","159743","3","2","3","05","22","1","1","2","0","1","0","0"
"POINT (9.875957605000053 53.588530222000031)","Unfall 159744 (2019) Kat:3, Licht: 2","159744","3","2","5","05","01","1","0","2","0","1","0","0"
"POINT (9.820217407000030 53.568230956000036)","Unfall 159745 (2019) Kat:3, Licht: 0","159745","3","1","2","06","13","3","1","0","0","1","0","1"
"POINT (9.870855892000066 53.581005981000033)","Unfall 159746 (2019) Kat:3, Licht: 0","159746","3","5","1","06","18","3","0","0","1","1","0","0"
"POINT (9.955385631000070 53.549746137000056)","Unfall 159747 (2019) Kat:3, Licht: 0","159747","3","2","5","05","08","1","0","0","0","1","0","0"
"POINT (10.006519787000059 53.550187484000048)","Unfall 159748 (2019) Kat:3, Licht: 2","159748","3","3","5","05","01","1","0","2","0","1","0","0"
"POINT (9.888626559000045 53.627666239000064)","Unfall 159749 (2019) Kat:3, Licht: 0","159749","3","1","0","06","12","3","1","0","0","0","0","1"
"POINT (9.994801702000075 53.507206424000060)","Unfall 159750 (2019) Kat:3, Licht: 0","159750","3","6","4","05","14","7","0","0","1","1","0","0"
"POINT (9.973339819000046 53.597694144000059)","Unfall 159751 (2019) Kat:3, Licht: 0","159751","3","7","1","06","17","3","0","0","1","1","0","0"
"POINT (10.128182672000037 53.601717008000037)","Unfall 159752 (2019) Kat:3, Licht: 2","159752","3","2","5","05","01","7","0","2","0","1","0","0"
"POINT (10.084575306000033 53.656697499000074)","Unfall 159753 (2019) Kat:2, Licht: 0","159753","2","6","4","05","20","7","0","0","0","1","0","0"
"POINT (9.927286594000066 53.546477596000045)","Unfall 159754 (2019) Kat:3, Licht: 0","159754","3","6","2","06","13","3","1","0","0","0","0","1"
"POINT (9.977628572000072 53.571367611000028)","Unfall 159755 (2019) Kat:3, Licht: 0","159755","3","2","3","06","19","3","0","0","1","1","0","0"
"POINT (10.080902702000060 53.641596184000036)","Unfall 159756 (2019) Kat:3, Licht: 0","159756","3","1","9","05","08","7","0","0","0","1","0","0"
"POINT (9.988624052000034 53.572019492000038)","Unfall 159757 (2019) Kat:3, Licht: 0","159757","3","6","0","06","11","3","1","0","0","1","0","1"
"POINT (10.006625383000028 53.591424446000076)","Unfall 159758 (2019) Kat:3, Licht: 0","159758","3","6","3","05","11","7","0","0","1","1","0","0"
"POINT (9.989896742000042 53.561574401000030)","Unfall 159759 (2019) Kat:3, Licht: 0","159759","3","7","0","06","16","3","0","0","1","0","0","0"
"POINT (10.046705206000070 53.583089735000044)","Unfall 159760 (2019) Kat:3, Licht: 0","159760","3","3","5","05","14","7","0","0","1","1","0","0"
"POINT (9.915317810000033 53.571355142000073)","Unfall 159761 (2019) Kat:2, Licht: 0","159761","2","7","4","05","17","7","0","0","0","1","0","1"
"POINT (10.003231204000031 53.557025556000042)","Unfall 159762 (2019) Kat:3, Licht: 0","159762","3","6","2","06","15","3","0","0","0","1","0","0"
"POINT (9.997041629000023 53.546354169000040)","Unfall 159763 (2019) Kat:3, Licht: 2","159763","3","3","5","05","23","7","0","2","0","1","0","0"
"POINT (10.008073392000028 53.552044835000061)","Unfall 159764 (2019) Kat:3, Licht: 1","159764","3","7","0","06","04","3","1","1","1","0","0","0"
"POINT (10.202062726000065 53.485721618000071)","Unfall 159765 (2019) Kat:3, Licht: 0","159765","3","3","5","05","18","6","0","0","1","0","0","0"
"POINT (10.201796599000033 53.464707730000043)","Unfall 159766 (2019) Kat:2, Licht: 2","159766","2","1","0","05","23","6","0","2","0","1","0","0"
"POINT (9.969553189000067 53.530575438000028)","Unfall 159767 (2019) Kat:2, Licht: 0","159767","2","3","5","06","18","3","0","0","1","1","0","0"
"POINT (10.140467135000051 53.542560195000078)","Unfall 159768 (2019) Kat:3, Licht: 0","159768","3","3","6","05","14","6","0","0","0","1","1","0"
"POINT (9.974407388000032 53.527045800000053)","Unfall 159769 (2019) Kat:2, Licht: 0","159769","2","6","0","06","15","3","0","0","0","1","0","1"
"POINT (10.132592943000077 53.547071292000055)","Unfall 159770 (2019) Kat:3, Licht: 0","159770","3","3","5","05","14","6","0","0","1","1","0","0"
"POINT (10.015252866000026 53.549013115000037)","Unfall 159771 (2019) Kat:3, Licht: 0","159771","3","3","6","05","14","6","0","0","0","1","1","0"
"POINT (10.094885321000049 53.606532588000050)","Unfall 159772 (2019) Kat:3, Licht: 0","159772","3","6","2","05","12","6","0","0","0","1","0","0"
"POINT (10.020090185000072 53.493855735000068)","Unfall 159773 (2019) Kat:3, Licht: 0","159773","3","2","4","06","12","2","0","0","0","1","0","0"
"POINT (10.154837277000070 53.613051518000077)","Unfall 159774 (2019) Kat:3, Licht: 0","159774","3","6","3","05","16","6","0","0","0","1","0","1"
"POINT (10.224852864000070 53.397676488000059)","Unfall 159775 (2019) Kat:3, Licht: 0","159775","3","6","0","06","13","2","0","0","1","0","0","0"
"POINT (10.094658012000025 53.606578957000067)","Unfall 159776 (2019) Kat:3, Licht: 0","159776","3","6","2","05","09","6","0","0","0","1","0","0"
"POINT (10.111208387000033 53.531079543000033)","Unfall 159777 (2019) Kat:3, Licht: 0","159777","3","3","5","06","20","2","0","0","0","1","0","0"
"POINT (10.069425708000040 53.611173425000061)","Unfall 159778 (2019) Kat:3, Licht: 0","159778","3","7","0","05","07","6","0","0","1","0","0","0"
"POINT (10.106916916000046 53.641661754000040)","Unfall 159779 (2019) Kat:3, Licht: 0","159779","3","3","5","05","13","6","0","0","1","1","0","0"
"POINT (10.132573404000027 53.547052411000038)","Unfall 159780 (2019) Kat:3, Licht: 0","159780","3","3","5","06","18","2","0","0","1","1","0","0"
"POINT (10.131162699000072 53.655424324000080)","Unfall 159781 (2019) Kat:2, Licht: 0","159781","2","2","4","05","10","6","0","0","0","1","0","0"
"POINT (10.163033724000059 53.646643856000082)","Unfall 159782 (2019) Kat:3, Licht: 0","159782","3","3","5","06","17","2","0","0","0","1","0","0"
"POINT (9.997828214000037 53.588180104000060)","Unfall 159783 (2019) Kat:3, Licht: 0","159783","3","3","5","05","17","6","0","0","1","1","0","0"