WKT,Name,OBJECTID,UKATEGORIE,UTYP1,UART,UMONAT,USTUNDE,UWOCHENTAG,STRZUSTAND,ULICHTVERH,ISTRAD,ISTPKW,ISTFUSS,ISTKRAD
"POINT (10.129295076000062 53.672182821000035)","Unfall 159784 (2019) Kat:3, Licht: 0","159784","3","3","5","06","17","2","0","0","0","1","0","0"
"POINT (10.046494993000067 53.595730630000048)","Unfall 159785 (2019) Kat:3, Licht: 0","159785","3","7","4","05","16","6","0","0","0","1","0","0"
"POINT (10.041160627000068 53.579782417000047)","Unfall 159786 (2019) Kat:3, Licht: 0","159786","3","3","5","05","16","6","0","0","0","1","0","0"
"POINT (10.007327093000072 53.652667850000057)","Unfall 159787 (2019) Kat:3, Licht: 0","159787","3","3","5","06","13","2","0","0","1","1","0","0"
"POINT (9.935274898000046 53.592669467000064)","Unfall 159788 (2019) Kat:3, Licht: 0","159788","3","6","2","05","08","6","0","0","0","1","0","0"
"POINT (9.894452414000057 53.603940109000064)","Unfall 159789 (2019) Kat:3, Licht: 0","159789","3","3","5","06","08","2","1","0","1","1","0","0"
"POINT (9.888929950000033 53.600972257000080)","Unfall 159790 (2019) Kat:3, Licht: 0","159790","3","2","5","05","15","6","0","0","1","0","0","0"
"POINT (9.983270533000052 53.584007895000070)","Unfall 159791 (2019) Kat:3, Licht: 0","159791","3","4","6","05","18","6","0","0","1","0","1","0"
"POINT (9.961284649000049 53.573921337000058)","Unfall 159792 (2019) Kat:3, Licht: 0","159792","3","2","4","06","18","2","0","0","1","1","0","0"
"POINT (9.990411816000062 53.593562258000077)","Unfall 159793 (2019) Kat:3, Licht: 0","159793","3","1","0","05","17","6","0","0","1","0","0","0"
"POINT (9.963072048000072 53.603667288000054)","Unfall 159794 (2019) Kat:3, Licht: 0","159794","3","6","4","06","12","2","0","0","1","0","0","0"
"POINT (9.955762662000041 53.551238356000056)","Unfall 159795 (2019) Kat:3, Licht: 2","159795","3","3","6","05","22","6","0","2","0","1","1","0"
"POINT (9.980011326000067 53.566459351000049)","Unfall 159796 (2019) Kat:3, Licht: 0","159796","3","7","3","05","18","6","0","0","0","1","0","1"
"POINT (9.990636409000047 53.560476508000079)","Unfall 159797 (2019) Kat:3, Licht: 0","159797","3","2","3","05","09","6","0","0","0","1","0","0"
"POINT (10.018872360000046 53.552609110000049)","Unfall 159798 (2019) Kat:3, Licht: 0","159798","3","7","5","06","17","2","0","0","0","1","0","0"
"POINT (9.974143009000045 53.550630361000060)","Unfall 159799 (2019) Kat:3, Licht: 2","159799","3","7","4","05","23","6","0","2","0","1","0","0"
"POINT (9.971378978000075 53.451532333000046)","Unfall 159800 (2019) Kat:3, Licht: 0","159800","3","3","5","06","18","1","0","0","0","1","0","1"
"POINT (10.010248901000068 53.548069144000067)","Unfall 159801 (2019) Kat:3, Licht: 0","159801","3","2","3","05","15","6","0","0","1","1","0","0"
"POINT (9.931277278000039 53.454110595000031)","Unfall 159802 (2019) Kat:3, Licht: 0","159802","3","1","0","06","14","1","0","0","1","0","0","0"
"POINT (10.017309988000022 53.491528649000031)","Unfall 159803 (2019) Kat:3, Licht: 0","159803","3","3","5","05","10","5","0","0","1","1","0","0"
"POINT (10.160451487000046 53.612372390000075)","Unfall 159804 (2019) Kat:3, Licht: 0","159804","3","4","6","05","11","5","0","0","1","0","1","0"
"POINT (10.142237221000073 53.421610036000061)","Unfall 159805 (2019) Kat:2, Licht: 0","159805","2","5","1","06","09","1","0","0","1","1","0","0"
"POINT (10.136482409000052 53.592227600000058)","Unfall 159806 (2019) Kat:3, Licht: 0","159806","3","3","5","05","10","5","0","0","1","1","0","0"
"POINT (10.116028463000021 53.488156656000058)","Unfall 159807 (2019) Kat:3, Licht: 0","159807","3","2","4","06","07","1","0","0","1","1","0","0"
"POINT (10.058064832000071 53.578476591000026)","Unfall 159808 (2019) Kat:3, Licht: 0","159808","3","3","5","05","17","5","0","0","0","1","0","1"
"POINT (10.129656486000044 53.571072784000080)","Unfall 159809 (2019) Kat:3, Licht: 2","159809","3","6","2","06","00","1","0","2","0","1","0","0"
"POINT (10.152370389000055 53.610300084000073)","Unfall 159810 (2019) Kat:2, Licht: 0","159810","2","3","5","06","14","1","0","0","0","1","0","1"
"POINT (10.055150567000055 53.582981860000075)","Unfall 159811 (2019) Kat:3, Licht: 0","159811","3","6","2","05","19","5","0","0","0","1","0","0"
"POINT (10.090598632000024 53.682608135000066)","Unfall 159812 (2019) Kat:2, Licht: 0","159812","2","5","1","06","16","1","0","0","1","1","0","0"
"POINT (10.069469313000070 53.572858169000028)","Unfall 159813 (2019) Kat:3, Licht: 0","159813","3","6","2","05","20","5","0","0","0","1","0","0"
"POINT (10.059787559000029 53.572227999000063)","Unfall 159814 (2019) Kat:3, Licht: 0","159814","3","3","5","05","18","5","0","0","1","1","0","0"
"POINT (10.006358683000030 53.548739183000066)","Unfall 159815 (2019) Kat:3, Licht: 0","159815","3","5","1","06","06","1","0","0","0","1","0","0"
"POINT (9.962192056000049 53.465134675000058)","Unfall 159816 (2019) Kat:3, Licht: 0","159816","3","7","3","06","19","7","0","0","0","1","0","0"
"POINT (10.078204915000072 53.579415451000045)","Unfall 159817 (2019) Kat:3, Licht: 0","159817","3","1","9","05","19","5","0","0","0","1","0","0"
"POINT (10.148280646000046 53.420091843000080)","Unfall 159818 (2019) Kat:3, Licht: 0","159818","3","3","5","06","17","7","0","0","0","1","0","0"
"POINT (10.077774945000044 53.607844758000056)","Unfall 159819 (2019) Kat:3, Licht: 0","159819","3","3","5","05","20","5","0","0","1","1","0","0"
"POINT (10.030959414000051 53.678405437000038)","Unfall 159820 (2019) Kat:3, Licht: 0","159820","3","2","4","05","17","5","0","0","0","1","0","1"
"POINT (10.236056495000071 53.482757732000039)","Unfall 159821 (2019) Kat:2, Licht: 0","159821","2","4","6","06","16","7","0","0","0","1","1","0"
"POINT (10.095599715000048 53.542475347000050)","Unfall 159822 (2019) Kat:3, Licht: 0","159822","3","6","2","06","20","7","0","0","0","1","0","0"
"POINT (10.000111069000070 53.601522906000071)","Unfall 159823 (2019) Kat:3, Licht: 0","159823","3","2","4","05","19","5","0","0","0","1","0","0"
"POINT (10.064589244000047 53.571512683000037)","Unfall 159824 (2019) Kat:3, Licht: 0","159824","3","4","6","06","12","7","0","0","0","1","1","0"
"POINT (10.014219877000073 53.578001295000035)","Unfall 159825 (2019) Kat:3, Licht: 0","159825","3","3","5","05","16","5","0","0","0","1","0","0"
"POINT (10.069560691000049 53.655469626000070)","Unfall 159826 (2019) Kat:3, Licht: 2","159826","3","7","4","06","23","7","0","2","0","1","0","0"
"POINT (9.940907376000041 53.584141903000045)","Unfall 159827 (2019) Kat:3, Licht: 0","159827","3","7","3","05","16","5","0","0","1","0","0","0"
"POINT (9.846285561000059 53.563618126000051)","Unfall 159828 (2019) Kat:3, Licht: 0","159828","3","4","6","05","15","5","0","0","0","1","1","0"
"POINT (9.941346216000056 53.551879010000050)","Unfall 159829 (2019) Kat:3, Licht: 0","159829","3","4","6","06","19","7","0","0","1","0","1","0"
"POINT (9.868880783000066 53.585965721000036)","Unfall 159830 (2019) Kat:3, Licht: 2","159830","3","7","8","05","21","5","0","2","0","0","0","1"
"POINT (9.938752841000053 53.553554844000075)","Unfall 159831 (2019) Kat:3, Licht: 0","159831","3","2","4","06","18","7","0","0","1","1","0","0"
"POINT (9.951733576000038 53.636739815000055)","Unfall 159832 (2019) Kat:3, Licht: 0","159832","3","3","5","05","17","5","0","0","1","1","0","0"
"POINT (9.973276001000045 53.612700205000067)","Unfall 159833 (2019) Kat:3, Licht: 0","159833","3","2","4","05","16","5","0","0","0","1","0","0"
"POINT (9.958858965000047 53.549510299000076)","Unfall 159834 (2019) Kat:3, Licht: 2","159834","3","1","9","06","03","7","1","2","0","1","0","0"
"POINT (9.955070509000052 53.548908584000060)","Unfall 159835 (2019) Kat:3, Licht: 0","159835","3","4","6","06","19","7","0","0","0","1","1","0"
"POINT (9.950849820000030 53.581293610000046)","Unfall 159836 (2019) Kat:3, Licht: 0","159836","3","7","0","05","12","5","0","0","1","0","0","0"
"POINT (9.915471455000045 53.515071844000033)","Unfall 159837 (2019) Kat:3, Licht: 0","159837","3","6","3","06","17","6","0","0","0","1","0","0"
"POINT (9.990495441000064 53.560307752000028)","Unfall 159838 (2019) Kat:3, Licht: 0","159838","3","6","2","05","08","5","0","0","1","0","0","0"
"POINT (9.992852965000054 53.424885859000028)","Unfall 159839 (2019) Kat:3, Licht: 0","159839","3","2","6","06","07","6","0","0","0","1","1","0"
"POINT (9.963209298000038 53.553856435000057)","Unfall 159840 (2019) Kat:2, Licht: 0","159840","2","7","1","05","19","5","0","0","1","1","0","0"
"POINT (10.076776046000077 53.535908160000076)","Unfall 159841 (2019) Kat:3, Licht: 0","159841","3","3","5","06","07","6","0","0","0","1","0","1"
"POINT (10.154178656000056 53.598767641000052)","Unfall 159842 (2019) Kat:3, Licht: 0","159842","3","2","5","06","11","6","0","0","1","0","0","0"
"POINT (10.005572140000027 53.558023661000050)","Unfall 159843 (2019) Kat:3, Licht: 0","159843","3","6","3","05","08","5","0","0","0","1","0","0"
"POINT (10.155882029000054 53.627450370000076)","Unfall 159844 (2019) Kat:2, Licht: 0","159844","2","4","0","06","07","6","0","0","0","0","1","0"
"POINT (9.992627682000034 53.456260501000031)","Unfall 159845 (2019) Kat:3, Licht: 0","159845","3","6","2","05","18","4","0","0","0","1","0","0"
"POINT (10.191330408000056 53.609141260000058)","Unfall 159846 (2019) Kat:3, Licht: 0","159846","3","6","2","06","15","6","0","0","0","1","0","0"
"POINT (10.207465365000076 53.479983297000047)","Unfall 159847 (2019) Kat:3, Licht: 0","159847","3","3","5","05","17","4","0","0","0","1","0","0"
"POINT (10.072433556000021 53.577507360000027)","Unfall 159848 (2019) Kat:3, Licht: 0","159848","3","4","6","06","07","6","0","0","0","1","1","0"
"POINT (10.108988054000065 53.541575376000026)","Unfall 159849 (2019) Kat:3, Licht: 0","159849","3","2","4","05","14","4","0","0","0","1","0","0"
"POINT (10.078222886000049 53.587164157000075)","Unfall 159850 (2019) Kat:3, Licht: 0","159850","3","6","2","06","18","6","0","0","0","1","0","0"
"POINT (10.050593496000033 53.547776517000045)","Unfall 159851 (2019) Kat:3, Licht: 0","159851","3","3","0","05","17","4","0","0","0","1","0","1"
"POINT (10.190173524000045 53.608676025000079)","Unfall 159852 (2019) Kat:3, Licht: 0","159852","3","6","2","05","16","4","0","0","0","1","0","0"
"POINT (10.105675584000039 53.701506192000068)","Unfall 159853 (2019) Kat:3, Licht: 0","159853","3","3","5","06","07","6","0","0","1","1","0","0"
"POINT (9.941650799000058 53.577920510000069)","Unfall 159854 (2019) Kat:3, Licht: 0","159854","3","3","5","05","08","4","1","0","1","1","0","0"
"POINT (9.996060628000066 53.584637294000061)","Unfall 159855 (2019) Kat:3, Licht: 1","159855","3","6","3","06","22","6","0","1","1","1","0","0"
"POINT (9.992873012000075 53.592099168000061)","Unfall 159856 (2019) Kat:3, Licht: 0","159856","3","4","6","05","16","4","0","0","0","1","1","0"
"POINT (9.970886048000068 53.575752054000077)","Unfall 159857 (2019) Kat:3, Licht: 0","159857","3","6","4","05","13","4","0","0","1","1","0","0"
"POINT (10.008176261000074 53.577840750000064)","Unfall 159858 (2019) Kat:3, Licht: 0","159858","3","6","3","06","09","6","0","0","1","0","0","0"
"POINT (10.056465777000028 53.569409836000034)","Unfall 159859 (2019) Kat:3, Licht: 0","159859","3","6","2","06","15","6","0","0","0","1","0","0"
"POINT (9.987846294000065 53.555559289000030)","Unfall 159860 (2019) Kat:3, Licht: 0","159860","3","2","0","05","14","4","0","0","0","1","0","0"
"POINT (10.016419404000033 53.567575470000065)","Unfall 159861 (2019) Kat:3, Licht: 0","159861","3","3","5","06","14","6","0","0","1","1","0","0"
"POINT (9.969757888000061 53.517156690000036)","Unfall 159862 (2019) Kat:3, Licht: 0","159862","3","6","2","05","17","4","0","0","0","1","0","0"
"POINT (9.851431386000058 53.588660278000077)","Unfall 159863 (2019) Kat:3, Licht: 1","159863","3","4","6","06","21","6","0","1","0","1","1","0"
"POINT (9.985999063000065 53.449610184000051)","Unfall 159864 (2019) Kat:3, Licht: 0","159864","3","3","5","05","18","3","1","0","1","1","0","0"
"POINT (10.025004534000061 53.530494929000042)","Unfall 159865 (2019) Kat:3, Licht: 0","159865","3","6","2","05","13","3","0","0","0","1","0","0"
"POINT (9.749995208000030 53.580175966000070)","Unfall 159866 (2019) Kat:3, Licht: 0","159866","3","3","5","06","17","6","0","0","0","1","0","1"
"POINT (10.205899463000037 53.493944340000041)","Unfall 159867 (2019) Kat:3, Licht: 2","159867","3","6","2","05","21","3","1","2","0","1","0","0"
"POINT (9.991501971000048 53.588462573000072)","Unfall 159868 (2019) Kat:3, Licht: 0","159868","3","7","6","06","13","6","0","0","0","0","1","0"
"POINT (10.132592748000036 53.547071104000054)","Unfall 159869 (2019) Kat:3, Licht: 0","159869","3","3","5","05","13","3","0","0","1","1","0","0"
"POINT (10.082353241000021 53.515540136000027)","Unfall 159870 (2019) Kat:3, Licht: 0","159870","3","6","2","05","16","3","1","0","0","1","0","0"
"POINT (9.941502088000050 53.549919738000028)","Unfall 159871 (2019) Kat:3, Licht: 0","159871","3","6","3","06","17","6","0","0","1","1","0","0"
"POINT (10.080780109000045 53.531952473000047)","Unfall 159872 (2019) Kat:3, Licht: 0","159872","3","2","4","05","12","3","0","0","0","0","0","0"
"POINT (9.989888640000061 53.561500476000049)","Unfall 159873 (2019) Kat:2, Licht: 2","159873","2","3","5","06","22","6","1","2","0","1","0","0"
"POINT (10.106226437000032 53.568740351000031)","Unfall 159874 (2019) Kat:3, Licht: 0","159874","3","6","2","05","16","3","1","0","0","1","0","0"
"POINT (10.097790982000049 53.579243525000038)","Unfall 159875 (2019) Kat:3, Licht: 0","159875","3","4","6","05","16","3","0","0","1","0","1","0"
"POINT (9.993793543000038 53.583208299000034)","Unfall 159876 (2019) Kat:3, Licht: 0","159876","3","2","3","06","08","6","0","0","0","1","0","1"
"POINT (9.962242649000075 53.564321690000043)","Unfall 159877 (2019) Kat:3, Licht: 0","159877","3","2","4","06","16","6","0","0","1","1","0","0"
"POINT (10.047993486000053 53.642518977000066)","Unfall 159878 (2019) Kat:1, Licht: 0","159878","1","4","6","05","18","3","1","0","0","1","1","0"
"POINT (10.076508480000030 53.660735827000053)","Unfall 159879 (2019) Kat:3, Licht: 0","159879","3","3","5","05","17","3","1","0","1","1","0","0"
"POINT (9.972402811000052 53.557092520000026)","Unfall 159880 (2019) Kat:3, Licht: 0","159880","3","2","4","06","11","6","0","0","1","1","0","0"
"POINT (10.057314146000067 53.640786863000073)","Unfall 159881 (2019) Kat:3, Licht: 1","159881","3","3","5","05","21","3","1","1","1","1","0","0"
"POINT (9.993796174000067 53.549585611000055)","Unfall 159882 (2019) Kat:3, Licht: 0","159882","3","4","6","06","08","6","0","0","1","0","1","0"
"POINT (10.011157880000042 53.588902121000046)","Unfall 159883 (2019) Kat:3, Licht: 0","159883","3","3","5","05","10","3","0","0","0","1","0","0"
"POINT (10.023209088000044 53.558303412000043)","Unfall 159884 (2019) Kat:3, Licht: 0","159884","3","3","5","05","14","3","0","0","0","1","0","1"
"POINT (9.911878153000032 53.602717325000071)","Unfall 159885 (2019) Kat:3, Licht: 0","159885","3","1","0","05","06","3","1","0","0","0","0","1"
"POINT (9.855246531000034 53.555100161000041)","Unfall 159886 (2019) Kat:3, Licht: 0","159886","3","2","4","05","19","3","1","0","1","1","0","0"
"POINT (9.863644035000050 53.575906553000038)","Unfall 159887 (2019) Kat:3, Licht: 0","159887","3","4","6","05","07","3","1","0","0","1","1","0"
"POINT (10.012481092000030 53.558327027000075)","Unfall 159888 (2019) Kat:3, Licht: 0","159888","3","4","0","06","20","6","0","0","1","0","1","0"
"POINT (9.941466306000052 53.577909762000047)","Unfall 159889 (2019) Kat:3, Licht: 2","159889","3","3","5","05","22","3","1","2","1","1","0","0"
"POINT (9.938055586000075 53.547768842000039)","Unfall 159890 (2019) Kat:3, Licht: 0","159890","3","3","5","05","17","3","1","0","0","1","0","0"
"POINT (9.925891679000074 53.511228612000082)","Unfall 159891 (2019) Kat:3, Licht: 2","159891","3","7","7","06","01","6","1","2","0","1","0","0"
"POINT (9.983021125000050 53.552038060000029)","Unfall 159892 (2019) Kat:3, Licht: 0","159892","3","4","6","05","08","3","1","0","0","1","1","0"
"POINT (9.937442126000065 53.476212183000030)","Unfall 159893 (2019) Kat:3, Licht: 0","159893","3","3","5","06","05","5","0","0","1","1","0","0"
"POINT (9.990180138000028 53.448973400000057)","Unfall 159894 (2019) Kat:3, Licht: 0","159894","3","2","0","05","16","2","0","0","1","1","0","0"
"POINT (9.981920268000067 53.521062427000061)","Unfall 159895 (2019) Kat:3, Licht: 0","159895","3","2","4","05","11","2","0","0","0","0","0","0"
"POINT (10.028181744000051 53.526491355000076)","Unfall 159896 (2019) Kat:3, Licht: 0","159896","3","3","5","06","21","5","0","0","0","1","0","0"
"POINT (10.196864248000054 53.500494398000058)","Unfall 159897 (2019) Kat:3, Licht: 0","159897","3","7","1","05","16","2","0","0","1","1","0","0"
"POINT (10.009595013000023 53.482435694000060)","Unfall 159898 (2019) Kat:3, Licht: 0","159898","3","3","5","06","16","5","0","0","0","1","0","0"
"POINT (10.085169315000030 53.554755098000044)","Unfall 159899 (2019) Kat:3, Licht: 0","159899","3","5","0","05","10","2","0","0","0","0","1","0"
"POINT (10.174643004000075 53.604624493000074)","Unfall 159900 (2019) Kat:3, Licht: 0","159900","3","3","5","05","18","2","0","0","1","0","0","0"
"POINT (10.052054548000058 53.610092594000037)","Unfall 159901 (2019) Kat:3, Licht: 0","159901","3","3","5","05","16","2","0","0","1","1","0","0"
"POINT (10.018865642000037 53.522911224000040)","Unfall 159902 (2019) Kat:3, Licht: 0","159902","3","2","3","06","10","5","1","0","0","1","0","1"
"POINT (9.774646942000061 53.584357115000046)","Unfall 159903 (2019) Kat:3, Licht: 0","159903","3","3","5","05","18","2","0","0","1","0","0","0"
"POINT (10.049420487000077 53.519667415000072)","Unfall 159904 (2019) Kat:2, Licht: 0","159904","2","3","5","06","08","5","0","0","0","1","0","0"
"POINT (9.917195586000048 53.569972777000032)","Unfall 159905 (2019) Kat:3, Licht: 0","159905","3","3","5","05","16","2","0","0","1","1","0","0"
"POINT (9.885389819000068 53.559594283000081)","Unfall 159906 (2019) Kat:3, Licht: 0","159906","3","7","0","05","09","2","0","0","0","1","1","0"
"POINT (9.886144157000047 53.601102473000026)","Unfall 159907 (2019) Kat:3, Licht: 0","159907","3","5","1","05","07","2","0","0","0","1","0","0"
"POINT (10.028185298000039 53.526615194000044)","Unfall 159908 (2019) Kat:3, Licht: 0","159908","3","3","5","06","08","5","0","0","1","1","0","0"
"POINT (10.140514056000029 53.542581265000081)","Unfall 159909 (2019) Kat:3, Licht: 0","159909","3","4","6","06","16","5","0","0","0","1","1","0"
"POINT (9.952748458000031 53.567914575000032)","Unfall 159910 (2019) Kat:3, Licht: 0","159910","3","3","5","05","12","2","0","0","1","1","0","0"
"POINT (10.115916964000064 53.557343298000035)","Unfall 159911 (2019) Kat:3, Licht: 0","159911","3","2","5","06","11","5","0","0","0","1","0","0"
"POINT (9.972383503000060 53.568421618000059)","Unfall 159912 (2019) Kat:2, Licht: 0","159912","2","7","0","05","08","2","0","0","1","0","0","0"
"POINT (10.130468097000062 53.529844877000073)","Unfall 159913 (2019) Kat:3, Licht: 0","159913","3","2","4","06","07","5","0","0","1","1","0","0"
"POINT (10.006109642000069 53.558185731000037)","Unfall 159914 (2019) Kat:3, Licht: 2","159914","3","6","4","05","00","2","0","2","1","0","0","0"
"POINT (10.176337168000032 53.490254506000042)","Unfall 159915 (2019) Kat:3, Licht: 0","159915","3","4","6","05","16","1","0","0","0","1","1","0"
"POINT (10.078605297000024 53.584710584000049)","Unfall 159916 (2019) Kat:3, Licht: 0","159916","3","2","4","06","16","5","0","0","1","1","0","0"
"POINT (10.083646802000032 53.542279215000065)","Unfall 159917 (2019) Kat:3, Licht: 0","159917","3","7","4","05","18","1","0","0","0","1","0","0"
"POINT (10.078142427000046 53.587031948000060)","Unfall 159918 (2019) Kat:3, Licht: 0","159918","3","2","5","06","08","5","0","0","1","1","0","0"
"POINT (10.066018080000049 53.530340034000062)","Unfall 159919 (2019) Kat:3, Licht: 2","159919","3","6","0","05","04","1","0","2","0","1","0","0"
"POINT (10.001367325000047 53.662604634000047)","Unfall 159920 (2019) Kat:3, Licht: 0","159920","3","7","0","05","13","1","0","0","1","1","0","0"
"POINT (10.110873461000040 53.707344212000066)","Unfall 159921 (2019) Kat:3, Licht: 0","159921","3","3","5","06","13","5","0","0","0","1","0","1"
"POINT (10.087399602000062 53.650953332000029)","Unfall 159922 (2019) Kat:3, Licht: 0","159922","3","2","2","06","14","5","0","0","0","1","0","0"
"POINT (10.013816500000075 53.595989360000033)","Unfall 159923 (2019) Kat:2, Licht: 2","159923","2","4","6","05","01","1","0","2","0","1","1","0"
"POINT (9.967644328000063 53.568673305000061)","Unfall 159924 (2019) Kat:3, Licht: 2","159924","3","7","8","05","21","1","0","2","0","1","0","0"
"POINT (9.999667015000057 53.665465906000065)","Unfall 159925 (2019) Kat:2, Licht: 0","159925","2","2","5","06","18","5","0","0","1","1","0","0"
"POINT (10.002221331000044 53.557339833000071)","Unfall 159926 (2019) Kat:3, Licht: 0","159926","3","3","5","05","17","1","0","0","1","1","0","0"
"POINT (9.902129123000066 53.609682046000046)","Unfall 159927 (2019) Kat:3, Licht: 0","159927","3","7","1","06","13","5","0","0","0","1","0","0"
"POINT (9.871037433000026 53.481926829000031)","Unfall 159928 (2019) Kat:3, Licht: 0","159928","3","7","0","05","21","7","0","0","1","0","0","0"
"POINT (9.908876285000076 53.610446427000056)","Unfall 159929 (2019) Kat:3, Licht: 0","159929","3","5","1","06","16","5","0","0","1","1","0","0"
"POINT (10.099211077000064 53.538572648000070)","Unfall 159930 (2019) Kat:3, Licht: 0","159930","3","3","5","05","12","7","0","0","0","1","0","0"
"POINT (10.017843780000021 53.603787755000042)","Unfall 159931 (2019) Kat:3, Licht: 0","159931","3","2","4","06","08","2","0","0","1","1","0","0"
"POINT (9.905666364000069 53.610085782000056)","Unfall 159932 (2019) Kat:3, Licht: 0","159932","3","6","6","06","13","2","0","0","1","0","1","0"
"POINT (9.873682651000024 53.587027010000043)","Unfall 159933 (2019) Kat:3, Licht: 0","159933","3","6","2","06","16","2","0","0","0","1","0","0"
"POINT (9.951448174000063 53.623015484000064)","Unfall 159934 (2019) Kat:3, Licht: 0","159934","3","3","5","06","13","2","0","0","0","1","0","0"
"POINT (9.947532806000027 53.632338031000074)","Unfall 159935 (2019) Kat:3, Licht: 0","159935","3","3","5","06","09","2","0","0","1","1","0","0"
"POINT (9.951044053000032 53.565601436000065)","Unfall 159936 (2019) Kat:3, Licht: 0","159936","3","3","5","06","10","2","0","0","1","1","0","0"
"POINT (9.937408792000042 53.546417799000039)","Unfall 159937 (2019) Kat:3, Licht: 0","159937","3","1","1","06","10","2","0","0","1","1","0","0"
"POINT (10.000161247000051 53.565702044000034)","Unfall 159938 (2019) Kat:3, Licht: 0","159938","3","7","0","06","19","2","0","0","1","1","0","0"
"POINT (9.954991848000077 53.545652391000033)","Unfall 159939 (2019) Kat:3, Licht: 0","159939","3","1","0","06","19","2","0","0","0","0","0","1"
"POINT (9.966589262000070 53.546289561000037)","Unfall 159940 (2019) Kat:3, Licht: 0","159940","3","6","4","06","18","2","0","0","1","0","0","0"
"POINT (9.997302654000066 53.553365413000051)","Unfall 159941 (2019) Kat:3, Licht: 0","159941","3","1","3","06","21","2","0","0","0","1","0","1"
"POINT (9.980507996000029 53.463636166000072)","Unfall 159942 (2019) Kat:3, Licht: 0","159942","3","4","6","06","14","1","0","0","0","1","1","0"
"POINT (10.166456404000030 53.478288195000061)","Unfall 159943 (2019) Kat:3, Licht: 0","159943","3","4","6","06","14","1","0","0","0","1","1","0"
"POINT (10.158515501000068 53.616920292000032)","Unfall 159944 (2019) Kat:3, Licht: 0","159944","3","6","2","06","12","1","0","0","0","1","0","0"
"POINT (10.062339848000022 53.581182961000081)","Unfall 159945 (2019) Kat:3, Licht: 0","159945","3","1","0","06","19","1","0","0","0","0","0","1"
"POINT (10.042456585000025 53.565384103000042)","Unfall 159946 (2019) Kat:3, Licht: 0","159946","3","3","5","06","13","1","0","0","0","1","0","0"
"POINT (10.052495677000024 53.568597891000081)","Unfall 159947 (2019) Kat:3, Licht: 0","159947","3","7","1","06","21","1","0","0","0","1","0","0"
"POINT (10.014890389000072 53.562574846000075)","Unfall 159948 (2019) Kat:3, Licht: 0","159948","3","6","6","06","18","1","0","0","1","0","1","0"
"POINT (10.056160633000047 53.574805726000079)","Unfall 159949 (2019) Kat:2, Licht: 0","159949","2","3","5","06","13","1","0","0","1","1","0","0"
"POINT (9.881860092000068 53.546543031000056)","Unfall 159950 (2019) Kat:3, Licht: 0","159950","3","7","8","06","06","1","0","0","0","1","0","0"
"POINT (9.968554353000059 53.545803243000080)","Unfall 159951 (2019) Kat:3, Licht: 0","159951","3","6","6","06","10","1","0","0","1","0","1","0"
"POINT (10.111817689000077 53.543420432000062)","Unfall 159952 (2019) Kat:3, Licht: 0","159952","3","4","0","06","17","7","0","0","0","1","1","0"
"POINT (10.097853376000046 53.650398074000066)","Unfall 159953 (2019) Kat:3, Licht: 0","159953","3","1","0","06","19","7","0","0","0","1","0","1"
"POINT (9.897318398000039 53.605024982000032)","Unfall 159954 (2019) Kat:3, Licht: 0","159954","3","6","2","06","18","7","0","0","0","1","0","0"
"POINT (9.865878500000065 53.590266201000077)","Unfall 159955 (2019) Kat:3, Licht: 0","159955","3","6","2","06","17","7","0","0","0","1","0","0"
"POINT (9.953395629000056 53.601674854000066)","Unfall 159956 (2019) Kat:3, Licht: 0","159956","3","2","4","06","12","7","0","0","0","1","0","1"
"POINT (9.963339750000046 53.562296312000058)","Unfall 159957 (2019) Kat:3, Licht: 2","159957","3","7","6","06","01","7","0","2","0","1","1","0"
"POINT (10.007090134000066 53.540540711000062)","Unfall 159958 (2019) Kat:3, Licht: 1","159958","3","3","5","06","21","7","0","1","0","1","0","0"
"POINT (9.996791228000063 53.557024766000040)","Unfall 159959 (2019) Kat:3, Licht: 0","159959","3","6","2","06","18","7","0","0","0","1","0","0"
"POINT (9.993748954000068 53.470178605000058)","Unfall 159960 (2019) Kat:3, Licht: 0","159960","3","2","5","06","17","6","0","0","1","0","0","0"
"POINT (10.073467107000056 53.528311731000031)","Unfall 159961 (2019) Kat:3, Licht: 0","159961","3","2","0","06","11","6","0","0","1","0","0","0"
"POINT (10.128235884000048 53.537675911000065)","Unfall 159962 (2019) Kat:3, Licht: 0","159962","3","5","1","06","18","6","0","0","0","1","0","1"
"POINT (10.164980208000031 53.605759580000040)","Unfall 159963 (2019) Kat:3, Licht: 0","159963","3","3","5","06","15","6","0","0","1","1","0","0"
"POINT (10.143654250000054 53.632496547000073)","Unfall 159964 (2019) Kat:3, Licht: 0","159964","3","3","5","06","13","6","0","0","1","1","0","0"
"POINT (10.062411341000029 53.569151870000042)","Unfall 159965 (2019) Kat:3, Licht: 0","159965","3","6","2","06","10","6","0","0","0","1","0","0"
"POINT (10.071320009000033 53.572232948000078)","Unfall 159966 (2019) Kat:3, Licht: 0","159966","3","3","5","06","13","6","0","0","1","1","0","0"
"POINT (10.186407123000038 53.652370062000045)","Unfall 159967 (2019) Kat:3, Licht: 1","159967","3","3","5","06","21","6","0","1","1","1","0","0"
"POINT (10.000111713000024 53.594820644000038)","Unfall 159968 (2019) Kat:3, Licht: 0","159968","3","3","5","06","09","6","0","0","0","1","0","0"