WKT,Name,OBJECTID,UKATEGORIE,UTYP1,UART,UMONAT,USTUNDE,UWOCHENTAG,STRZUSTAND,ULICHTVERH,ISTRAD,ISTPKW,ISTFUSS,ISTKRAD
"POINT (9.994475050000062 53.601946203000068)","Unfall 159969 (2019) Kat:3, Licht: 0","159969","3","2","4","06","08","6","0","0","1","1","0","0"
"POINT (10.018207340000060 53.591718676000028)","Unfall 159970 (2019) Kat:3, Licht: 0","159970","3","2","3","06","08","6","0","0","1","0","0","0"
"POINT (10.044167081000069 53.592014305000077)","Unfall 159971 (2019) Kat:3, Licht: 0","159971","3","7","3","06","19","6","0","0","0","1","0","1"
"POINT (10.016201269000021 53.562180263000073)","Unfall 159972 (2019) Kat:3, Licht: 0","159972","3","6","2","06","12","6","0","0","0","1","0","0"
"POINT (10.034844751000037 53.572656971000072)","Unfall 159973 (2019) Kat:2, Licht: 0","159973","2","2","2","06","08","6","0","0","0","1","0","1"
"POINT (10.051937254000052 53.593236116000071)","Unfall 159974 (2019) Kat:2, Licht: 0","159974","2","3","6","06","10","6","0","0","1","0","1","0"
"POINT (10.024864213000058 53.566162078000048)","Unfall 159975 (2019) Kat:2, Licht: 0","159975","2","7","3","06","11","6","0","0","0","0","0","1"
"POINT (10.042714215000046 53.581399206000071)","Unfall 159976 (2019) Kat:3, Licht: 0","159976","3","6","2","06","17","6","0","0","0","1","0","0"
"POINT (9.933150533000060 53.589040272000034)","Unfall 159977 (2019) Kat:3, Licht: 0","159977","3","4","6","06","13","6","0","0","0","1","1","0"
"POINT (9.928064225000071 53.592195815000082)","Unfall 159978 (2019) Kat:3, Licht: 0","159978","3","6","0","06","07","6","0","0","0","1","0","0"
"POINT (9.909423562000029 53.554394657000046)","Unfall 159979 (2019) Kat:3, Licht: 0","159979","3","2","4","06","12","6","0","0","1","1","0","0"
"POINT (9.918068054000059 53.570867358000044)","Unfall 159980 (2019) Kat:3, Licht: 0","159980","3","2","5","06","17","6","0","0","0","1","0","0"
"POINT (9.944165212000030 53.636617652000041)","Unfall 159981 (2019) Kat:3, Licht: 0","159981","3","2","2","06","14","6","0","0","0","1","0","0"
"POINT (9.949726428000076 53.591414416000077)","Unfall 159982 (2019) Kat:3, Licht: 0","159982","3","6","4","06","07","6","0","0","1","0","0","0"
"POINT (9.983373839000024 53.595868866000046)","Unfall 159983 (2019) Kat:3, Licht: 0","159983","3","6","2","06","06","6","0","0","0","1","0","0"
"POINT (9.948754941000061 53.576734592000037)","Unfall 159984 (2019) Kat:3, Licht: 0","159984","3","7","0","06","18","6","0","0","0","0","0","1"
"POINT (10.007293196000035 53.547719093000069)","Unfall 159985 (2019) Kat:3, Licht: 0","159985","3","6","3","06","15","6","0","0","0","1","0","1"
"POINT (9.925044849000074 53.520223420000036)","Unfall 159986 (2019) Kat:3, Licht: 0","159986","3","6","3","06","15","6","0","0","0","1","0","0"
"POINT (9.974680305000049 53.506837144000031)","Unfall 159987 (2019) Kat:3, Licht: 0","159987","3","7","2","06","15","5","0","0","0","1","0","0"
"POINT (10.018809081000029 53.484565110000062)","Unfall 159988 (2019) Kat:3, Licht: 0","159988","3","4","6","06","16","5","0","0","0","1","1","0"
"POINT (10.052805565000028 53.561055422000038)","Unfall 159989 (2019) Kat:3, Licht: 0","159989","3","6","3","06","10","5","0","0","0","1","0","0"
"POINT (10.019763565000062 53.546739547000072)","Unfall 159990 (2019) Kat:3, Licht: 0","159990","3","4","6","06","15","5","0","0","0","1","1","0"
"POINT (10.102344335000055 53.580034228000045)","Unfall 159991 (2019) Kat:3, Licht: 2","159991","3","2","4","06","22","5","1","2","0","1","0","0"
"POINT (10.116756103000057 53.607962337000060)","Unfall 159992 (2019) Kat:3, Licht: 0","159992","3","3","5","06","14","5","0","0","0","1","0","0"
"POINT (10.119300273000022 53.602563029000066)","Unfall 159993 (2019) Kat:3, Licht: 0","159993","3","2","2","06","07","5","0","0","0","1","0","1"
"POINT (10.097306606000075 53.620933123000043)","Unfall 159994 (2019) Kat:3, Licht: 1","159994","3","6","2","06","21","5","0","1","0","1","0","0"
"POINT (10.182080347000067 53.645749130000070)","Unfall 159995 (2019) Kat:2, Licht: 0","159995","2","7","0","06","16","5","0","0","1","0","0","1"
"POINT (10.080957964000049 53.641430703000026)","Unfall 159996 (2019) Kat:3, Licht: 0","159996","3","6","2","06","17","5","0","0","0","1","0","0"
"POINT (10.129525467000065 53.653022022000073)","Unfall 159997 (2019) Kat:3, Licht: 0","159997","3","3","5","06","15","5","0","0","0","1","0","1"
"POINT (10.002973033000046 53.553651108000054)","Unfall 159998 (2019) Kat:3, Licht: 2","159998","3","6","3","07","01","6","1","2","0","1","0","0"
"POINT (10.122034276000022 53.566108348000057)","Unfall 159999 (2019) Kat:3, Licht: 0","159999","3","3","5","07","14","5","0","0","1","1","0","0"
"POINT (10.011485480000033 53.649154229000033)","Unfall 160000 (2019) Kat:3, Licht: 0","160000","3","2","0","06","18","5","1","0","1","1","0","0"
"POINT (10.038610634000065 53.547565769000073)","Unfall 160001 (2019) Kat:3, Licht: 0","160001","3","2","3","07","07","5","0","0","1","1","0","0"
"POINT (10.014841842000067 53.631427546000054)","Unfall 160002 (2019) Kat:3, Licht: 0","160002","3","3","5","06","14","5","0","0","1","1","0","0"
"POINT (10.070125567000048 53.599476951000042)","Unfall 160003 (2019) Kat:3, Licht: 0","160003","3","2","5","07","12","5","0","0","1","1","0","0"
"POINT (10.066485531000069 53.668243887000074)","Unfall 160004 (2019) Kat:3, Licht: 0","160004","3","3","1","07","15","5","0","0","1","1","0","0"
"POINT (10.018775516000062 53.629438000000050)","Unfall 160005 (2019) Kat:3, Licht: 0","160005","3","3","5","06","14","5","0","0","0","1","0","0"
"POINT (10.030526061000046 53.625988166000070)","Unfall 160006 (2019) Kat:3, Licht: 0","160006","3","6","3","07","17","5","0","0","0","1","0","0"
"POINT (10.027746098000023 53.617771711000046)","Unfall 160007 (2019) Kat:3, Licht: 0","160007","3","7","1","06","12","5","0","0","1","0","0","0"
"POINT (10.024863666000044 53.627467543000080)","Unfall 160008 (2019) Kat:3, Licht: 0","160008","3","2","2","07","08","5","0","0","0","1","0","0"
"POINT (10.010268652000036 53.582960995000064)","Unfall 160009 (2019) Kat:3, Licht: 0","160009","3","7","9","07","14","5","0","0","1","0","0","0"
"POINT (10.051574755000047 53.591601318000073)","Unfall 160010 (2019) Kat:3, Licht: 0","160010","3","2","3","07","15","5","0","0","1","1","0","0"
"POINT (10.056637476000049 53.588624907000053)","Unfall 160011 (2019) Kat:3, Licht: 0","160011","3","7","1","06","08","5","0","0","0","1","0","0"
"POINT (10.033546155000067 53.576631914000075)","Unfall 160012 (2019) Kat:3, Licht: 0","160012","3","2","5","06","10","5","0","0","1","1","0","0"
"POINT (9.820242981000035 53.562049859000069)","Unfall 160013 (2019) Kat:3, Licht: 0","160013","3","7","0","07","11","5","0","0","1","1","0","0"
"POINT (9.993566990000034 53.552619238000034)","Unfall 160014 (2019) Kat:3, Licht: 0","160014","3","7","0","07","20","5","0","0","1","1","0","0"
"POINT (9.938108933000024 53.592716716000041)","Unfall 160015 (2019) Kat:3, Licht: 0","160015","3","7","3","06","10","5","0","0","0","1","0","0"
"POINT (9.993761536000022 53.545194955000056)","Unfall 160016 (2019) Kat:3, Licht: 0","160016","3","6","3","07","08","5","0","0","1","0","0","0"
"POINT (9.804960814000026 53.530076446000066)","Unfall 160017 (2019) Kat:2, Licht: 0","160017","2","3","5","07","06","4","0","0","0","1","0","1"
"POINT (9.811429378000071 53.559197019000067)","Unfall 160018 (2019) Kat:3, Licht: 0","160018","3","6","2","06","21","5","0","0","1","1","0","0"
"POINT (9.910338365000030 53.568102771000042)","Unfall 160019 (2019) Kat:3, Licht: 0","160019","3","1","9","06","18","5","0","0","0","1","0","0"
"POINT (9.999269743000070 53.455920210000045)","Unfall 160020 (2019) Kat:3, Licht: 0","160020","3","2","4","07","10","4","0","0","0","1","1","0"
"POINT (9.919265330000030 53.564101940000057)","Unfall 160021 (2019) Kat:2, Licht: 2","160021","2","2","4","06","22","5","1","2","0","1","0","0"
"POINT (10.208687919000056 53.492846103000034)","Unfall 160022 (2019) Kat:3, Licht: 0","160022","3","3","5","07","15","4","0","0","1","1","0","0"
"POINT (9.904978633000042 53.595294287000058)","Unfall 160023 (2019) Kat:3, Licht: 2","160023","3","2","5","06","22","5","0","2","0","1","0","0"
"POINT (10.103305050000074 53.576645450000058)","Unfall 160024 (2019) Kat:3, Licht: 0","160024","3","6","3","07","16","4","0","0","0","1","0","1"
"POINT (10.153880932000050 53.614738054000043)","Unfall 160025 (2019) Kat:1, Licht: 0","160025","1","2","5","07","19","4","0","0","0","1","0","1"
"POINT (9.902927729000055 53.556368852000048)","Unfall 160026 (2019) Kat:2, Licht: 0","160026","2","6","3","06","10","5","0","0","0","1","0","0"
"POINT (10.150024927000061 53.619156549000081)","Unfall 160027 (2019) Kat:3, Licht: 0","160027","3","3","5","07","14","4","0","0","0","1","0","1"
"POINT (10.000775974000021 53.555591996000032)","Unfall 160028 (2019) Kat:3, Licht: 0","160028","3","2","4","06","07","5","0","0","0","1","0","1"
"POINT (10.156388955000068 53.596648194000068)","Unfall 160029 (2019) Kat:3, Licht: 0","160029","3","7","4","07","18","4","0","0","1","1","0","0"
"POINT (10.067985694000072 53.569789309000043)","Unfall 160030 (2019) Kat:3, Licht: 0","160030","3","3","5","07","07","4","0","0","1","1","0","0"
"POINT (9.849092564000046 53.465495349000037)","Unfall 160031 (2019) Kat:3, Licht: 0","160031","3","1","8","06","15","4","0","0","0","1","0","0"
"POINT (10.070022227000038 53.577593105000062)","Unfall 160032 (2019) Kat:3, Licht: 0","160032","3","2","5","07","12","4","0","0","1","1","0","0"
"POINT (10.159138976000065 53.486607365000054)","Unfall 160033 (2019) Kat:3, Licht: 0","160033","3","3","5","06","05","4","0","0","0","1","0","0"
"POINT (10.065690794000034 53.571650358000056)","Unfall 160034 (2019) Kat:3, Licht: 0","160034","3","7","1","07","06","4","0","0","1","1","0","0"
"POINT (10.054341315000045 53.609809778000056)","Unfall 160035 (2019) Kat:2, Licht: 0","160035","2","3","5","07","13","4","0","0","1","1","0","0"
"POINT (10.059539632000053 53.593949527000063)","Unfall 160036 (2019) Kat:3, Licht: 0","160036","3","6","3","07","10","4","0","0","0","1","0","0"
"POINT (10.166287750000038 53.514310252000030)","Unfall 160037 (2019) Kat:3, Licht: 0","160037","3","2","3","06","06","4","0","0","1","1","0","0"
"POINT (10.088339333000022 53.652784718000078)","Unfall 160038 (2019) Kat:3, Licht: 0","160038","3","6","2","07","11","4","0","0","0","1","0","0"
"POINT (10.207785241000067 53.489474987000051)","Unfall 160039 (2019) Kat:3, Licht: 0","160039","3","7","0","06","14","4","0","0","1","0","0","0"
"POINT (10.167037593000032 53.651271445000077)","Unfall 160040 (2019) Kat:3, Licht: 0","160040","3","4","6","07","12","4","0","0","0","1","1","0"
"POINT (10.129419802000029 53.536323051000068)","Unfall 160041 (2019) Kat:2, Licht: 0","160041","2","4","6","06","09","4","0","0","0","1","1","0"
"POINT (10.011746595000034 53.623434518000067)","Unfall 160042 (2019) Kat:3, Licht: 0","160042","3","2","3","07","08","4","0","0","1","1","0","0"
"POINT (10.026682419000053 53.626497161000032)","Unfall 160043 (2019) Kat:3, Licht: 0","160043","3","6","2","07","11","4","0","0","0","1","0","0"
"POINT (10.128690769000059 53.533215495000036)","Unfall 160044 (2019) Kat:3, Licht: 0","160044","3","5","1","06","20","4","0","0","0","1","0","0"
"POINT (10.014544437000040 53.597819191000042)","Unfall 160045 (2019) Kat:3, Licht: 0","160045","3","6","1","07","07","4","0","0","0","1","0","0"
"POINT (10.053250529000024 53.557072674000040)","Unfall 160046 (2019) Kat:3, Licht: 0","160046","3","4","6","06","05","4","0","0","0","1","1","0"
"POINT (9.996911644000022 53.599319414000036)","Unfall 160047 (2019) Kat:3, Licht: 2","160047","3","3","5","07","22","4","0","2","1","0","0","1"
"POINT (10.115579669000056 53.607410966000032)","Unfall 160048 (2019) Kat:3, Licht: 0","160048","3","2","4","06","15","4","0","0","1","1","0","0"
"POINT (10.033395132000066 53.560412179000082)","Unfall 160049 (2019) Kat:3, Licht: 0","160049","3","7","0","07","09","4","1","0","0","0","0","1"
"POINT (10.044236875000024 53.592272115000071)","Unfall 160050 (2019) Kat:3, Licht: 0","160050","3","2","3","07","17","4","0","0","1","1","0","0"
"POINT (10.037838573000045 53.630292709000059)","Unfall 160051 (2019) Kat:3, Licht: 0","160051","3","3","5","06","08","4","0","0","1","1","0","0"
"POINT (9.846427733000041 53.563681970000061)","Unfall 160052 (2019) Kat:3, Licht: 0","160052","3","3","5","07","18","4","0","0","0","1","0","0"
"POINT (10.054860119000068 53.635995904000026)","Unfall 160053 (2019) Kat:3, Licht: 0","160053","3","3","5","06","09","4","0","0","1","1","0","0"
"POINT (9.897698886000057 53.557479832000070)","Unfall 160054 (2019) Kat:3, Licht: 0","160054","3","6","2","07","18","4","0","0","0","1","0","0"
"POINT (9.950297869000053 53.576257671000064)","Unfall 160055 (2019) Kat:3, Licht: 0","160055","3","6","3","07","17","4","0","0","1","1","0","0"
"POINT (10.018303418000073 53.643159611000044)","Unfall 160056 (2019) Kat:3, Licht: 0","160056","3","3","0","06","18","4","1","0","0","0","0","0"
"POINT (10.008171561000040 53.658461831000068)","Unfall 160057 (2019) Kat:3, Licht: 0","160057","3","3","5","06","21","4","0","0","0","1","0","0"
"POINT (9.962568764000025 53.602308061000031)","Unfall 160058 (2019) Kat:3, Licht: 0","160058","3","6","3","07","15","4","0","0","0","1","0","0"
"POINT (10.019963463000067 53.613814971000068)","Unfall 160059 (2019) Kat:3, Licht: 0","160059","3","6","2","06","07","4","0","0","0","1","0","1"
"POINT (9.955277787000057 53.552600207000069)","Unfall 160060 (2019) Kat:3, Licht: 0","160060","3","5","1","07","12","4","0","0","0","1","0","0"
"POINT (9.942993788000024 53.551840070000026)","Unfall 160061 (2019) Kat:3, Licht: 0","160061","3","3","6","07","13","4","0","0","1","0","1","0"
"POINT (10.006129498000064 53.577143221000028)","Unfall 160062 (2019) Kat:3, Licht: 0","160062","3","7","0","06","08","4","0","0","1","0","0","0"
"POINT (9.955274495000026 53.549743872000079)","Unfall 160063 (2019) Kat:3, Licht: 0","160063","3","4","6","07","12","4","0","0","0","0","1","0"
"POINT (10.050452200000052 53.585922355000037)","Unfall 160064 (2019) Kat:3, Licht: 0","160064","3","2","5","06","16","4","0","0","1","1","0","0"
"POINT (9.990420825000058 53.543044583000039)","Unfall 160065 (2019) Kat:3, Licht: 0","160065","3","6","2","07","18","4","0","0","1","1","0","0"
"POINT (10.040282420000040 53.580396928000027)","Unfall 160066 (2019) Kat:3, Licht: 0","160066","3","3","5","06","09","4","0","0","1","1","0","0"
"POINT (9.949435041000072 53.470553771000027)","Unfall 160067 (2019) Kat:3, Licht: 0","160067","3","3","1","07","16","3","0","0","0","1","0","0"
"POINT (9.983428914000058 53.520997007000062)","Unfall 160068 (2019) Kat:3, Licht: 0","160068","3","7","0","07","06","3","0","0","1","0","0","0"
"POINT (10.053586099000029 53.568826329000046)","Unfall 160069 (2019) Kat:3, Licht: 0","160069","3","2","5","06","05","4","0","0","0","1","0","0"
"POINT (10.209747458000038 53.512991657000043)","Unfall 160070 (2019) Kat:3, Licht: 0","160070","3","2","2","07","10","3","0","0","0","1","0","0"
"POINT (9.790933332000066 53.569201706000058)","Unfall 160071 (2019) Kat:3, Licht: 0","160071","3","7","0","06","13","4","0","0","1","0","0","0"
"POINT (10.208808082000076 53.489807093000081)","Unfall 160072 (2019) Kat:2, Licht: 0","160072","2","7","0","07","14","3","0","0","0","1","0","0"
"POINT (10.058887641000069 53.563664478000078)","Unfall 160073 (2019) Kat:3, Licht: 0","160073","3","7","0","07","15","3","0","0","1","0","0","0"
"POINT (9.907770068000048 53.545819360000053)","Unfall 160074 (2019) Kat:3, Licht: 0","160074","3","5","1","06","18","4","0","0","0","1","0","0"
"POINT (9.945703019000064 53.579513280000072)","Unfall 160075 (2019) Kat:3, Licht: 0","160075","3","3","5","06","18","4","1","0","1","1","0","0"
"POINT (10.026874110000051 53.551557361000050)","Unfall 160076 (2019) Kat:3, Licht: 0","160076","3","3","5","07","18","3","0","0","0","1","0","0"
"POINT (10.034756924000021 53.536545462000049)","Unfall 160077 (2019) Kat:3, Licht: 0","160077","3","4","6","07","14","3","0","0","0","1","1","0"
"POINT (10.128276579000044 53.612177298000063)","Unfall 160078 (2019) Kat:3, Licht: 0","160078","3","3","5","07","16","3","0","0","0","1","0","1"
"POINT (10.102883628000029 53.579500468000049)","Unfall 160079 (2019) Kat:3, Licht: 0","160079","3","3","5","07","14","3","0","0","1","1","0","0"
"POINT (10.068612515000041 53.601121702000057)","Unfall 160080 (2019) Kat:3, Licht: 0","160080","3","6","2","07","15","3","0","0","1","0","0","0"
"POINT (10.012925507000034 53.642931403000034)","Unfall 160081 (2019) Kat:3, Licht: 0","160081","3","6","2","07","07","3","1","0","0","1","0","0"
"POINT (9.975957449000021 53.588424263000036)","Unfall 160082 (2019) Kat:3, Licht: 0","160082","3","5","1","06","07","4","0","0","1","1","0","0"
"POINT (9.945689049000066 53.557001534000051)","Unfall 160083 (2019) Kat:3, Licht: 0","160083","3","6","3","06","18","4","1","0","1","1","0","0"
"POINT (10.024332612000023 53.584805066000058)","Unfall 160084 (2019) Kat:3, Licht: 1","160084","3","6","3","07","06","3","1","1","0","1","0","1"
"POINT (10.047207655000022 53.584549262000053)","Unfall 160085 (2019) Kat:3, Licht: 0","160085","3","3","5","07","21","3","0","0","1","1","0","0"
"POINT (9.940475279000054 53.554447944000060)","Unfall 160086 (2019) Kat:3, Licht: 0","160086","3","6","2","06","10","4","0","0","0","1","0","0"
"POINT (9.933682162000025 53.550165557000071)","Unfall 160087 (2019) Kat:3, Licht: 0","160087","3","2","3","07","08","3","0","0","1","1","0","0"
"POINT (9.965587177000032 53.564095306000070)","Unfall 160088 (2019) Kat:3, Licht: 0","160088","3","2","2","06","18","4","0","0","1","1","0","0"
"POINT (9.982073800000023 53.564187161000063)","Unfall 160089 (2019) Kat:3, Licht: 0","160089","3","2","5","07","19","3","0","0","1","1","0","0"
"POINT (9.992988265000065 53.558908390000056)","Unfall 160090 (2019) Kat:3, Licht: 0","160090","3","6","3","07","16","3","0","0","0","1","0","0"
"POINT (9.969185452000033 53.550053807000040)","Unfall 160091 (2019) Kat:3, Licht: 0","160091","3","3","6","06","18","4","1","0","1","0","1","0"
"POINT (9.959245519000035 53.546743410000033)","Unfall 160092 (2019) Kat:3, Licht: 0","160092","3","4","6","06","09","4","0","0","1","0","1","0"
"POINT (9.991918697000074 53.553666222000061)","Unfall 160093 (2019) Kat:3, Licht: 0","160093","3","6","4","07","18","3","0","0","1","0","0","0"
"POINT (9.978488611000046 53.544297215000029)","Unfall 160094 (2019) Kat:3, Licht: 0","160094","3","3","6","06","09","4","0","0","1","0","1","0"
"POINT (9.989126867000039 53.558306876000074)","Unfall 160095 (2019) Kat:3, Licht: 0","160095","3","7","3","07","13","3","0","0","0","1","0","0"
"POINT (10.011103150000054 53.550949453000044)","Unfall 160096 (2019) Kat:3, Licht: 0","160096","3","2","4","06","08","4","0","0","1","1","0","0"
"POINT (10.006041347000064 53.551589694000029)","Unfall 160097 (2019) Kat:3, Licht: 0","160097","3","6","6","07","14","3","0","0","1","0","1","0"
"POINT (9.955071966000048 53.450108100000080)","Unfall 160098 (2019) Kat:3, Licht: 0","160098","3","6","0","07","16","2","0","0","1","1","0","0"
"POINT (9.896659994000061 53.515630375000057)","Unfall 160099 (2019) Kat:2, Licht: 0","160099","2","2","3","06","17","4","0","0","1","0","0","0"
"POINT (9.983254382000041 53.457143082000073)","Unfall 160100 (2019) Kat:3, Licht: 0","160100","3","6","2","07","16","2","0","0","0","1","0","0"
"POINT (9.924231370000030 53.478830805000030)","Unfall 160101 (2019) Kat:2, Licht: 0","160101","2","7","9","06","12","3","0","0","0","1","0","0"
"POINT (9.981776434000039 53.521060172000034)","Unfall 160102 (2019) Kat:3, Licht: 0","160102","3","6","2","07","15","2","0","0","0","1","0","0"
"POINT (10.202863353000055 53.498562686000071)","Unfall 160103 (2019) Kat:3, Licht: 0","160103","3","6","6","06","15","3","0","0","0","0","1","0"
"POINT (10.115430448000041 53.583689369000069)","Unfall 160104 (2019) Kat:3, Licht: 0","160104","3","2","5","07","17","2","0","0","1","1","0","0"
"POINT (10.200884118000033 53.488956836000057)","Unfall 160105 (2019) Kat:3, Licht: 0","160105","3","2","5","06","09","3","0","0","1","1","0","0"
"POINT (10.141237577000027 53.583177947000081)","Unfall 160106 (2019) Kat:3, Licht: 0","160106","3","2","4","07","16","2","0","0","1","1","0","0"
"POINT (10.208155573000056 53.497966075000079)","Unfall 160107 (2019) Kat:3, Licht: 0","160107","3","7","0","06","08","3","0","0","1","0","0","0"
"POINT (10.148125183000047 53.522212867000064)","Unfall 160108 (2019) Kat:2, Licht: 0","160108","2","2","4","06","11","3","0","0","0","1","0","0"
"POINT (10.066943109000022 53.583755398000051)","Unfall 160109 (2019) Kat:3, Licht: 0","160109","3","6","2","07","17","2","0","0","0","1","0","0"
"POINT (10.104036410000049 53.686201530000062)","Unfall 160110 (2019) Kat:2, Licht: 0","160110","2","1","8","07","18","2","0","0","0","1","0","1"
"POINT (10.027421623000066 53.533826581000028)","Unfall 160111 (2019) Kat:3, Licht: 0","160111","3","3","5","06","16","3","0","0","1","1","0","0"
"POINT (10.094561236000061 53.651320319000035)","Unfall 160112 (2019) Kat:3, Licht: 0","160112","3","4","6","07","17","2","0","0","0","1","1","0"
"POINT (10.045261926000023 53.557567741000071)","Unfall 160113 (2019) Kat:3, Licht: 0","160113","3","6","2","06","14","3","0","0","0","1","0","0"
"POINT (10.156531450000045 53.639302850000036)","Unfall 160114 (2019) Kat:3, Licht: 0","160114","3","6","2","07","18","2","0","0","0","1","0","0"
"POINT (10.013396307000050 53.628286216000049)","Unfall 160115 (2019) Kat:3, Licht: 0","160115","3","6","2","07","07","2","0","0","0","1","0","0"
"POINT (9.993858579000062 53.599363068000059)","Unfall 160116 (2019) Kat:3, Licht: 0","160116","3","2","5","07","18","2","0","0","1","1","0","0"
"POINT (10.149250996000035 53.620311781000055)","Unfall 160117 (2019) Kat:3, Licht: 0","160117","3","6","2","06","17","3","0","0","0","1","0","0"
"POINT (10.154325384000060 53.598694761000047)","Unfall 160118 (2019) Kat:3, Licht: 0","160118","3","3","5","06","05","3","0","0","0","1","0","0"
"POINT (9.994505317000062 53.602000617000044)","Unfall 160119 (2019) Kat:2, Licht: 0","160119","2","2","4","07","08","2","0","0","0","1","0","1"
"POINT (10.065626107000071 53.571355009000058)","Unfall 160120 (2019) Kat:3, Licht: 2","160120","3","4","6","06","02","3","0","2","0","1","1","0"
"POINT (10.025972480000064 53.558597704000078)","Unfall 160121 (2019) Kat:3, Licht: 0","160121","3","6","2","07","10","2","0","0","0","1","0","0"
"POINT (10.092064129000050 53.635900682000056)","Unfall 160122 (2019) Kat:3, Licht: 0","160122","3","1","0","06","14","3","1","0","1","0","0","0"
"POINT (9.957672332000072 53.588724608000064)","Unfall 160123 (2019) Kat:3, Licht: 0","160123","3","3","5","07","18","2","0","0","1","1","0","0"
"POINT (9.966479829000036 53.603466783000044)","Unfall 160124 (2019) Kat:3, Licht: 0","160124","3","6","2","07","17","2","0","0","0","1","0","0"
"POINT (9.939428821000035 53.553680009000061)","Unfall 160125 (2019) Kat:3, Licht: 0","160125","3","3","5","07","18","2","0","0","1","1","0","0"
"POINT (9.991611801000033 53.572697174000041)","Unfall 160126 (2019) Kat:3, Licht: 0","160126","3","7","6","07","13","2","0","0","0","1","1","0"
"POINT (10.000780024000051 53.547399211000027)","Unfall 160127 (2019) Kat:3, Licht: 0","160127","3","1","0","07","06","2","0","0","0","0","0","1"
"POINT (10.000777840000069 53.555564420000053)","Unfall 160128 (2019) Kat:3, Licht: 0","160128","3","2","5","07","10","2","0","0","0","1","0","0"
"POINT (9.994969710000021 53.665160901000036)","Unfall 160129 (2019) Kat:3, Licht: 0","160129","3","2","4","06","16","3","0","0","0","1","0","1"
"POINT (10.021566591000067 53.535531816000059)","Unfall 160130 (2019) Kat:3, Licht: 0","160130","3","7","0","07","13","2","1","0","0","0","0","1"
"POINT (10.143047838000030 53.628899401000069)","Unfall 160131 (2019) Kat:3, Licht: 2","160131","3","3","0","06","00","1","0","2","0","1","0","0"
"POINT (10.105489545000069 53.570613016000038)","Unfall 160132 (2019) Kat:3, Licht: 0","160132","3","2","3","06","18","1","0","0","1","0","0","0"
"POINT (10.117669450000051 53.607034792000036)","Unfall 160133 (2019) Kat:1, Licht: 0","160133","1","7","3","06","15","1","0","0","0","1","0","1"
"POINT (10.031002885000021 53.650066186000060)","Unfall 160134 (2019) Kat:3, Licht: 0","160134","3","6","2","06","17","1","0","0","0","1","0","0"
"POINT (10.002769682000064 53.660212976000082)","Unfall 160135 (2019) Kat:2, Licht: 0","160135","2","6","0","06","05","3","0","0","0","0","0","1"
"POINT (10.057043177000025 53.590976495000064)","Unfall 160136 (2019) Kat:3, Licht: 0","160136","3","6","0","06","21","1","0","0","0","1","0","0"
"POINT (10.002067375000024 53.586654859000078)","Unfall 160137 (2019) Kat:3, Licht: 0","160137","3","5","1","06","15","3","0","0","1","1","0","0"
"POINT (9.900948101000040 53.610037960000057)","Unfall 160138 (2019) Kat:3, Licht: 0","160138","3","1","8","06","14","1","0","0","0","1","0","0"
"POINT (9.942123655000046 53.566108468000039)","Unfall 160139 (2019) Kat:3, Licht: 0","160139","3","7","0","06","10","1","0","0","1","0","0","0"
"POINT (9.934693676000052 53.546301066000069)","Unfall 160140 (2019) Kat:3, Licht: 0","160140","3","3","5","06","09","1","0","0","0","1","0","1"
"POINT (10.045785070000022 53.588644448000082)","Unfall 160141 (2019) Kat:2, Licht: 0","160141","2","2","5","06","15","3","0","0","1","1","0","0"
"POINT (9.990037336000057 53.559878702000049)","Unfall 160142 (2019) Kat:3, Licht: 0","160142","3","2","4","06","12","1","0","0","1","1","0","0"
"POINT (10.055472524000038 53.574532295000040)","Unfall 160143 (2019) Kat:3, Licht: 0","160143","3","2","3","06","09","3","0","0","0","1","0","0"
"POINT (10.005027764000033 53.554401728000073)","Unfall 160144 (2019) Kat:3, Licht: 0","160144","3","6","3","06","12","1","0","0","0","1","0","0"
"POINT (9.901613509000072 53.609003478000034)","Unfall 160145 (2019) Kat:3, Licht: 0","160145","3","3","5","06","16","3","0","0","1","0","0","0"
"POINT (9.923439022000025 53.562467631000061)","Unfall 160146 (2019) Kat:3, Licht: 0","160146","3","3","5","06","17","3","0","0","0","1","0","0"
"POINT (10.006384159000049 53.554822701000035)","Unfall 160147 (2019) Kat:3, Licht: 0","160147","3","2","5","06","13","1","0","0","0","1","0","0"
"POINT (9.956007252000063 53.585434094000050)","Unfall 160148 (2019) Kat:3, Licht: 0","160148","3","4","6","06","09","3","0","0","1","1","1","0"
"POINT (9.823560721000035 53.469074053000043)","Unfall 160149 (2019) Kat:3, Licht: 0","160149","3","3","5","06","11","7","0","0","0","1","0","0"
"POINT (9.940567751000060 53.554332687000056)","Unfall 160150 (2019) Kat:3, Licht: 0","160150","3","7","0","06","07","3","0","0","1","0","0","0"
"POINT (9.948795273000030 53.554297133000034)","Unfall 160151 (2019) Kat:3, Licht: 0","160151","3","7","1","06","08","3","0","0","1","0","0","0"
"POINT (9.977530705000049 53.457829409000055)","Unfall 160152 (2019) Kat:3, Licht: 0","160152","3","7","0","06","15","7","0","0","0","0","0","0"