WKT,Name,OBJECTID,UKATEGORIE,UTYP1,UART,UMONAT,USTUNDE,UWOCHENTAG,STRZUSTAND,ULICHTVERH,ISTRAD,ISTPKW,ISTFUSS,ISTKRAD
"POINT (9.968941849000032 53.549660610000046)","Unfall 160153 (2019) Kat:3, Licht: 0","160153","3","7","0","06","14","3","0","0","1","0","0","0"
"POINT (10.209733669000059 53.400066543000037)","Unfall 160154 (2019) Kat:3, Licht: 0","160154","3","2","3","06","20","7","0","0","0","1","0","1"
"POINT (10.004194337000058 53.551580420000050)","Unfall 160155 (2019) Kat:3, Licht: 0","160155","3","4","0","06","17","3","0","0","0","0","1","0"
"POINT (10.182099984000047 53.478141836000077)","Unfall 160156 (2019) Kat:3, Licht: 0","160156","3","3","5","06","11","7","0","0","1","0","0","0"
"POINT (9.987936518000026 53.548529465000058)","Unfall 160157 (2019) Kat:3, Licht: 0","160157","3","4","6","06","09","3","0","0","0","1","1","0"
"POINT (10.206702432000043 53.478168197000059)","Unfall 160158 (2019) Kat:3, Licht: 0","160158","3","6","2","06","14","7","0","0","0","1","0","0"
"POINT (9.872305033000032 53.533741705000068)","Unfall 160159 (2019) Kat:3, Licht: 0","160159","3","6","2","06","07","2","0","0","0","1","0","0"
"POINT (9.908320350000054 53.501367730000027)","Unfall 160160 (2019) Kat:3, Licht: 0","160160","3","1","8","06","18","2","0","0","0","0","0","1"
"POINT (10.201830747000031 53.485705460000077)","Unfall 160161 (2019) Kat:3, Licht: 0","160161","3","3","0","06","17","2","0","0","1","0","0","0"
"POINT (10.124221385000055 53.613151138000035)","Unfall 160162 (2019) Kat:3, Licht: 0","160162","3","7","8","06","07","7","0","0","0","1","0","0"
"POINT (10.201904788000036 53.485415628000055)","Unfall 160163 (2019) Kat:3, Licht: 0","160163","3","6","2","06","10","2","0","0","1","1","0","0"
"POINT (10.073788098000023 53.597925217000068)","Unfall 160164 (2019) Kat:3, Licht: 0","160164","3","6","2","06","14","7","0","0","0","1","0","0"
"POINT (10.223902156000065 53.487755719000063)","Unfall 160165 (2019) Kat:3, Licht: 0","160165","3","3","5","06","08","2","0","0","1","1","0","0"
"POINT (10.080353404000050 53.608348002000071)","Unfall 160166 (2019) Kat:3, Licht: 0","160166","3","6","2","06","07","7","0","0","0","1","0","0"
"POINT (10.093180935000021 53.675763972000027)","Unfall 160167 (2019) Kat:3, Licht: 0","160167","3","6","2","06","18","7","0","0","0","1","0","0"
"POINT (10.118598292000058 53.536040162000063)","Unfall 160168 (2019) Kat:2, Licht: 0","160168","2","7","6","06","16","2","0","0","0","1","1","0"
"POINT (10.130418628000029 53.670818538000049)","Unfall 160169 (2019) Kat:3, Licht: 0","160169","3","3","5","06","11","7","0","0","0","1","0","0"
"POINT (10.027348221000068 53.533839967000063)","Unfall 160170 (2019) Kat:3, Licht: 0","160170","3","2","2","06","15","2","0","0","0","1","0","0"
"POINT (9.999708846000033 53.580423060000044)","Unfall 160171 (2019) Kat:3, Licht: 0","160171","3","3","5","06","18","7","0","0","1","1","0","0"
"POINT (10.056461867000053 53.562981698000044)","Unfall 160172 (2019) Kat:3, Licht: 0","160172","3","4","6","06","18","2","0","0","1","0","1","0"
"POINT (10.124748205000060 53.586079468000037)","Unfall 160173 (2019) Kat:3, Licht: 0","160173","3","6","2","06","17","2","0","0","0","1","0","0"
"POINT (10.054068445000041 53.572604325000043)","Unfall 160174 (2019) Kat:3, Licht: 0","160174","3","3","5","06","18","7","0","0","1","1","0","0"
"POINT (10.153394008000021 53.602823764000050)","Unfall 160175 (2019) Kat:3, Licht: 0","160175","3","7","6","06","15","2","0","0","0","1","1","0"
"POINT (10.043742703000021 53.567179560000056)","Unfall 160176 (2019) Kat:3, Licht: 0","160176","3","6","3","06","12","7","0","0","0","1","0","1"
"POINT (10.123153851000041 53.570997187000046)","Unfall 160177 (2019) Kat:3, Licht: 0","160177","3","4","6","06","05","2","0","0","1","0","1","0"
"POINT (10.014843270000028 53.574998493000066)","Unfall 160178 (2019) Kat:3, Licht: 0","160178","3","2","5","06","14","7","0","0","1","1","0","0"
"POINT (10.146784781000065 53.629956573000072)","Unfall 160179 (2019) Kat:3, Licht: 0","160179","3","2","3","06","14","2","0","0","1","1","0","0"
"POINT (10.045051157000046 53.567366412000069)","Unfall 160180 (2019) Kat:3, Licht: 0","160180","3","2","2","06","09","7","0","0","0","1","0","0"
"POINT (10.100234831000023 53.654889241000035)","Unfall 160181 (2019) Kat:3, Licht: 0","160181","3","2","5","06","09","2","0","0","1","1","0","0"
"POINT (10.040333566000072 53.669342113000027)","Unfall 160182 (2019) Kat:3, Licht: 0","160182","3","2","5","06","21","2","0","0","1","1","0","0"
"POINT (9.864289878000022 53.547893839000039)","Unfall 160183 (2019) Kat:3, Licht: 2","160183","3","6","2","06","01","7","0","2","0","1","0","0"
"POINT (9.851328759000069 53.563713342000028)","Unfall 160184 (2019) Kat:3, Licht: 0","160184","3","3","5","06","11","7","0","0","1","1","0","0"
"POINT (10.011320902000023 53.581740328000080)","Unfall 160185 (2019) Kat:3, Licht: 0","160185","3","6","0","06","10","2","0","0","1","0","0","0"
"POINT (9.953067995000026 53.630135739000082)","Unfall 160186 (2019) Kat:3, Licht: 0","160186","3","5","1","06","14","7","0","0","1","1","0","0"
"POINT (10.043252397000060 53.581847181000057)","Unfall 160187 (2019) Kat:3, Licht: 0","160187","3","6","2","06","19","2","0","0","0","1","0","0"
"POINT (9.963542151000070 53.574794132000079)","Unfall 160188 (2019) Kat:3, Licht: 0","160188","3","3","5","06","18","7","0","0","1","1","0","0"
"POINT (9.962188001000072 53.550466650000033)","Unfall 160189 (2019) Kat:3, Licht: 1","160189","3","2","6","06","03","7","0","1","0","1","1","0"
"POINT (10.023899208000046 53.558565705000035)","Unfall 160190 (2019) Kat:3, Licht: 0","160190","3","6","2","06","10","2","0","0","0","1","0","1"
"POINT (10.041234390000056 53.579597040000067)","Unfall 160191 (2019) Kat:3, Licht: 0","160191","3","3","5","06","14","2","0","0","1","1","0","0"
"POINT (9.961205833000065 53.551338168000029)","Unfall 160192 (2019) Kat:3, Licht: 2","160192","3","6","3","06","02","7","0","2","0","1","0","0"
"POINT (10.004569953000043 53.546944724000070)","Unfall 160193 (2019) Kat:3, Licht: 0","160193","3","4","6","06","16","7","0","0","0","1","1","0"
"POINT (9.797096897000074 53.579815136000036)","Unfall 160194 (2019) Kat:3, Licht: 0","160194","3","3","5","06","18","2","0","0","1","1","0","0"
"POINT (10.115828217000058 53.485344293000082)","Unfall 160195 (2019) Kat:3, Licht: 0","160195","3","3","5","06","16","6","0","0","0","1","0","0"
"POINT (9.883441458000050 53.559507748000044)","Unfall 160196 (2019) Kat:3, Licht: 0","160196","3","4","6","06","19","2","0","0","1","0","1","0"
"POINT (10.183501402000047 53.489520578000054)","Unfall 160197 (2019) Kat:2, Licht: 0","160197","2","3","5","06","10","6","0","0","1","0","0","0"
"POINT (10.040181477000033 53.544620130000055)","Unfall 160198 (2019) Kat:3, Licht: 0","160198","3","1","8","06","17","6","0","0","0","1","0","0"
"POINT (9.904363277000073 53.567849221000074)","Unfall 160199 (2019) Kat:3, Licht: 0","160199","3","6","0","06","13","2","0","0","1","1","0","0"
"POINT (9.954302117000054 53.604019845000039)","Unfall 160200 (2019) Kat:3, Licht: 0","160200","3","5","1","06","06","2","0","0","1","1","0","0"
"POINT (10.117325628000060 53.607156353000050)","Unfall 160201 (2019) Kat:3, Licht: 0","160201","3","2","0","06","14","6","0","0","1","1","0","0"
"POINT (9.989605269000037 53.563845094000044)","Unfall 160202 (2019) Kat:3, Licht: 0","160202","3","6","4","06","19","2","0","0","1","0","0","0"
"POINT (10.092923900000073 53.578377923000062)","Unfall 160203 (2019) Kat:2, Licht: 0","160203","2","6","2","06","15","6","0","0","0","1","0","0"
"POINT (9.988719209000067 53.547694051000065)","Unfall 160204 (2019) Kat:3, Licht: 0","160204","3","3","5","06","17","2","0","0","0","1","0","0"
"POINT (10.065233400000068 53.578943413000047)","Unfall 160205 (2019) Kat:3, Licht: 0","160205","3","3","5","06","09","6","0","0","1","1","0","0"
"POINT (10.074676976000035 53.611945183000046)","Unfall 160206 (2019) Kat:3, Licht: 0","160206","3","2","4","06","12","6","0","0","1","1","0","0"
"POINT (9.993019754000045 53.543322084000067)","Unfall 160207 (2019) Kat:3, Licht: 0","160207","3","7","6","06","16","2","0","0","0","1","1","0"
"POINT (10.081751514000075 53.614284046000080)","Unfall 160208 (2019) Kat:3, Licht: 0","160208","3","7","6","06","16","6","0","0","0","0","1","0"
"POINT (9.837743240000066 53.476067090000072)","Unfall 160209 (2019) Kat:3, Licht: 0","160209","3","5","1","06","13","1","0","0","1","1","0","0"
"POINT (10.047242062000066 53.644593825000072)","Unfall 160210 (2019) Kat:3, Licht: 0","160210","3","6","4","06","12","6","0","0","1","1","0","0"
"POINT (10.042282583000031 53.585444323000047)","Unfall 160211 (2019) Kat:3, Licht: 0","160211","3","6","4","06","15","6","0","0","1","0","0","0"
"POINT (10.064766619000068 53.473835162000057)","Unfall 160212 (2019) Kat:3, Licht: 0","160212","3","6","2","06","13","1","0","0","0","1","0","1"
"POINT (10.055069699000057 53.568985696000027)","Unfall 160213 (2019) Kat:3, Licht: 0","160213","3","6","4","06","15","6","0","0","1","0","0","0"
"POINT (10.203161355000077 53.498107913000069)","Unfall 160214 (2019) Kat:3, Licht: 0","160214","3","3","5","06","10","1","0","0","1","1","0","0"
"POINT (10.050040793000051 53.593954533000044)","Unfall 160215 (2019) Kat:3, Licht: 0","160215","3","7","0","06","20","6","0","0","1","0","0","0"
"POINT (10.056106746000069 53.569673138000041)","Unfall 160216 (2019) Kat:3, Licht: 0","160216","3","6","2","06","12","6","0","0","0","1","0","0"
"POINT (10.045430064000072 53.583617426000046)","Unfall 160217 (2019) Kat:3, Licht: 0","160217","3","6","6","06","09","6","0","0","1","0","1","0"
"POINT (10.163283835000072 53.402918182000064)","Unfall 160218 (2019) Kat:2, Licht: 0","160218","2","5","1","06","16","1","0","0","1","1","0","0"
"POINT (9.913198731000023 53.558597348000035)","Unfall 160219 (2019) Kat:3, Licht: 0","160219","3","5","1","06","20","6","0","0","1","1","0","0"
"POINT (10.230224885000041 53.473052692000067)","Unfall 160220 (2019) Kat:3, Licht: 0","160220","3","6","6","06","15","1","0","0","0","0","1","0"
"POINT (9.982309904000033 53.584444579000035)","Unfall 160221 (2019) Kat:3, Licht: 0","160221","3","7","6","06","14","6","0","0","0","1","1","0"
"POINT (10.067528907000053 53.555502463000039)","Unfall 160222 (2019) Kat:3, Licht: 0","160222","3","6","0","06","12","1","0","0","1","1","0","0"
"POINT (9.990807554000071 53.580579649000072)","Unfall 160223 (2019) Kat:3, Licht: 0","160223","3","7","1","06","11","6","0","0","1","1","0","0"
"POINT (9.990043725000021 53.561241342000073)","Unfall 160224 (2019) Kat:2, Licht: 0","160224","2","4","0","06","20","6","0","0","0","0","1","0"
"POINT (10.059376290000046 53.549258334000058)","Unfall 160225 (2019) Kat:3, Licht: 0","160225","3","6","2","06","13","1","0","0","1","0","0","0"
"POINT (9.990100261000066 53.558218584000031)","Unfall 160226 (2019) Kat:3, Licht: 0","160226","3","6","2","06","16","6","0","0","0","1","0","1"
"POINT (10.021168614000032 53.550574103000031)","Unfall 160227 (2019) Kat:3, Licht: 0","160227","3","6","3","06","14","1","0","0","0","1","0","0"
"POINT (9.997767950000025 53.544228988000043)","Unfall 160228 (2019) Kat:3, Licht: 0","160228","3","2","4","06","19","6","0","0","0","1","0","0"
"POINT (10.155628802000024 53.598021067000047)","Unfall 160229 (2019) Kat:3, Licht: 0","160229","3","6","6","06","16","1","0","0","0","1","1","0"
"POINT (9.993721944000072 53.557759927000063)","Unfall 160230 (2019) Kat:2, Licht: 2","160230","2","3","5","06","01","6","0","2","1","1","0","0"
"POINT (9.973551718000067 53.554810383000074)","Unfall 160231 (2019) Kat:3, Licht: 0","160231","3","6","0","06","20","6","0","0","0","1","0","1"
"POINT (10.119790526000031 53.675895297000068)","Unfall 160232 (2019) Kat:2, Licht: 0","160232","2","3","5","06","11","1","0","0","1","1","0","0"
"POINT (10.013375702000076 53.552572449000081)","Unfall 160233 (2019) Kat:3, Licht: 0","160233","3","3","5","06","10","6","0","0","0","0","0","0"
"POINT (10.040155487000050 53.566613149000034)","Unfall 160234 (2019) Kat:3, Licht: 2","160234","3","6","2","06","02","1","0","2","0","1","0","0"
"POINT (9.983355536000033 53.460108621000074)","Unfall 160235 (2019) Kat:3, Licht: 0","160235","3","4","6","06","17","5","0","0","0","0","1","0"
"POINT (9.949550910000028 53.462728736000031)","Unfall 160236 (2019) Kat:3, Licht: 0","160236","3","3","0","06","06","5","0","0","0","1","0","0"
"POINT (9.850573512000040 53.595989063000047)","Unfall 160237 (2019) Kat:2, Licht: 0","160237","2","3","5","06","10","1","0","0","1","1","0","0"
"POINT (10.199330824000072 53.488936411000054)","Unfall 160238 (2019) Kat:3, Licht: 0","160238","3","2","3","06","09","5","0","0","1","1","0","0"
"POINT (9.970024750000050 53.470811213000047)","Unfall 160239 (2019) Kat:3, Licht: 0","160239","3","7","0","06","12","1","0","0","1","0","0","0"
"POINT (10.151066910000054 53.628288902000065)","Unfall 160240 (2019) Kat:2, Licht: 0","160240","2","3","5","06","12","5","0","0","1","1","0","0"
"POINT (10.164980013000047 53.621849480000037)","Unfall 160241 (2019) Kat:3, Licht: 0","160241","3","3","5","06","09","5","0","0","1","0","0","0"
"POINT (10.025258827000073 53.631975608000062)","Unfall 160242 (2019) Kat:3, Licht: 0","160242","3","3","4","06","16","5","0","0","1","1","0","0"
"POINT (10.003647613000055 53.524067333000062)","Unfall 160243 (2019) Kat:3, Licht: 0","160243","3","1","0","06","14","1","0","0","1","0","0","0"
"POINT (10.044219597000051 53.593388526000069)","Unfall 160244 (2019) Kat:3, Licht: 0","160244","3","3","5","06","17","5","0","0","1","1","0","0"
"POINT (10.166034470000056 53.651806270000066)","Unfall 160245 (2019) Kat:2, Licht: 0","160245","2","3","5","06","10","7","0","0","1","1","0","0"
"POINT (10.052998009000021 53.573799326000028)","Unfall 160246 (2019) Kat:3, Licht: 0","160246","3","2","3","06","10","5","0","0","0","1","0","1"
"POINT (10.020294262000050 53.613764036000077)","Unfall 160247 (2019) Kat:3, Licht: 0","160247","3","6","2","06","19","7","1","0","0","1","0","0"
"POINT (9.874102846000028 53.597251842000048)","Unfall 160248 (2019) Kat:3, Licht: 0","160248","3","6","2","06","18","5","0","0","0","1","0","0"
"POINT (9.969320749000076 53.579827387000080)","Unfall 160249 (2019) Kat:3, Licht: 0","160249","3","7","1","06","12","5","0","0","1","0","1","0"
"POINT (10.023724892000075 53.558413086000030)","Unfall 160250 (2019) Kat:3, Licht: 0","160250","3","6","3","06","15","7","0","0","0","1","0","0"
"POINT (9.979899238000030 53.582335987000079)","Unfall 160251 (2019) Kat:3, Licht: 0","160251","3","4","0","06","20","5","0","0","0","0","1","1"
"POINT (9.905826420000039 53.601469947000055)","Unfall 160252 (2019) Kat:3, Licht: 0","160252","3","3","5","06","17","7","0","0","1","1","0","0"
"POINT (9.951809172000026 53.582213239000055)","Unfall 160253 (2019) Kat:3, Licht: 0","160253","3","7","0","06","18","5","0","0","1","0","0","0"
"POINT (9.872544446000063 53.606859266000072)","Unfall 160254 (2019) Kat:3, Licht: 0","160254","3","6","2","06","12","7","0","0","0","1","0","0"
"POINT (9.918406306000065 53.566541503000053)","Unfall 160255 (2019) Kat:3, Licht: 0","160255","3","7","0","06","10","7","1","0","1","0","0","0"
"POINT (9.985034999000050 53.600707626000030)","Unfall 160256 (2019) Kat:3, Licht: 0","160256","3","5","1","06","11","5","0","0","0","1","0","1"
"POINT (9.959516718000032 53.594499309000071)","Unfall 160257 (2019) Kat:3, Licht: 0","160257","3","7","0","06","11","7","1","0","1","0","0","0"
"POINT (9.942362171000070 53.555423012000062)","Unfall 160258 (2019) Kat:2, Licht: 0","160258","2","2","4","06","16","5","0","0","0","1","0","1"
"POINT (9.936843555000053 53.551967842000067)","Unfall 160259 (2019) Kat:3, Licht: 0","160259","3","7","1","06","15","5","0","0","1","1","0","0"
"POINT (9.958278729000028 53.556924791000029)","Unfall 160260 (2019) Kat:3, Licht: 2","160260","3","7","0","06","01","7","1","2","1","0","0","0"
"POINT (10.006679429000030 53.548070431000042)","Unfall 160261 (2019) Kat:3, Licht: 2","160261","3","6","2","06","02","7","0","2","0","1","0","0"
"POINT (9.983136177000063 53.565215678000072)","Unfall 160262 (2019) Kat:3, Licht: 0","160262","3","5","3","06","16","5","0","0","1","1","0","0"
"POINT (9.872528244000023 53.476986089000036)","Unfall 160263 (2019) Kat:3, Licht: 0","160263","3","6","2","06","16","6","0","0","0","1","0","0"
"POINT (9.991605868000022 53.559546594000039)","Unfall 160264 (2019) Kat:3, Licht: 0","160264","3","6","2","06","13","5","0","0","0","1","0","0"
"POINT (9.970098590000021 53.567587445000072)","Unfall 160265 (2019) Kat:3, Licht: 0","160265","3","2","0","06","07","5","0","0","0","1","0","0"
"POINT (9.857610492000049 53.476558467000075)","Unfall 160266 (2019) Kat:3, Licht: 0","160266","3","3","5","06","13","6","0","0","1","1","0","0"
"POINT (9.934776258000056 53.430875082000057)","Unfall 160267 (2019) Kat:3, Licht: 0","160267","3","3","5","06","14","6","0","0","0","1","0","0"
"POINT (9.964618818000076 53.562077453000029)","Unfall 160268 (2019) Kat:3, Licht: 1","160268","3","5","1","06","21","5","0","1","1","1","0","0"
"POINT (9.936380138000061 53.454943786000058)","Unfall 160269 (2019) Kat:3, Licht: 0","160269","3","3","5","06","11","6","0","0","1","1","0","0"
"POINT (9.980558434000045 53.544421731000057)","Unfall 160270 (2019) Kat:3, Licht: 0","160270","3","2","3","06","13","5","0","0","1","1","0","0"
"POINT (10.195871242000067 53.485879864000026)","Unfall 160271 (2019) Kat:3, Licht: 0","160271","3","7","1","06","17","6","1","0","1","1","0","0"
"POINT (10.005440177000025 53.552834434000033)","Unfall 160272 (2019) Kat:3, Licht: 0","160272","3","4","6","06","10","5","0","0","0","1","1","0"
"POINT (9.872506891000057 53.476981432000059)","Unfall 160273 (2019) Kat:3, Licht: 0","160273","3","7","0","06","20","4","0","0","0","0","0","1"
"POINT (10.195867795000026 53.476300915000081)","Unfall 160274 (2019) Kat:3, Licht: 0","160274","3","3","5","06","12","6","0","0","0","1","0","0"
"POINT (9.987881133000030 53.449028068000075)","Unfall 160275 (2019) Kat:3, Licht: 0","160275","3","2","3","06","12","4","0","0","1","1","0","0"
"POINT (10.100701498000035 53.535582661000035)","Unfall 160276 (2019) Kat:3, Licht: 0","160276","3","6","2","06","17","6","1","0","0","1","0","0"
"POINT (10.220260743000040 53.485268754000060)","Unfall 160277 (2019) Kat:3, Licht: 0","160277","3","4","6","06","05","4","0","0","1","0","1","0"
"POINT (10.119485550000036 53.562601851000068)","Unfall 160278 (2019) Kat:3, Licht: 0","160278","3","3","5","06","07","4","0","0","1","1","0","0"
"POINT (10.084361475000037 53.553021717000036)","Unfall 160279 (2019) Kat:3, Licht: 0","160279","3","6","2","06","13","6","0","0","0","1","0","1"
"POINT (10.127717049000069 53.542185594000046)","Unfall 160280 (2019) Kat:2, Licht: 0","160280","2","2","6","06","12","6","0","0","0","0","1","0"
"POINT (10.180696442000055 53.603045017000056)","Unfall 160281 (2019) Kat:3, Licht: 0","160281","3","2","3","06","08","4","0","0","1","0","0","0"
"POINT (10.127014893000023 53.546871694000060)","Unfall 160282 (2019) Kat:3, Licht: 0","160282","3","6","2","06","12","6","0","0","0","1","0","0"
"POINT (10.160962398000038 53.618700861000036)","Unfall 160283 (2019) Kat:3, Licht: 0","160283","3","3","5","06","06","4","0","0","1","1","0","0"
"POINT (10.125512135000065 53.572152693000078)","Unfall 160284 (2019) Kat:3, Licht: 0","160284","3","3","5","06","12","6","0","0","1","1","0","0"
"POINT (10.123637480000070 53.616358982000065)","Unfall 160285 (2019) Kat:3, Licht: 0","160285","3","1","0","06","21","4","0","0","0","0","0","1"
"POINT (10.170391752000057 53.593173674000070)","Unfall 160286 (2019) Kat:3, Licht: 0","160286","3","3","5","06","08","6","0","0","1","1","0","0"
"POINT (10.103918289000035 53.574788615000045)","Unfall 160287 (2019) Kat:3, Licht: 0","160287","3","2","2","06","06","6","0","0","0","1","0","0"
"POINT (10.135289155000066 53.573843055000054)","Unfall 160288 (2019) Kat:3, Licht: 0","160288","3","6","4","06","15","4","0","0","1","0","0","0"
"POINT (10.137195358000042 53.608016428000042)","Unfall 160289 (2019) Kat:3, Licht: 0","160289","3","6","2","06","18","6","0","0","0","1","0","0"
"POINT (10.069317386000023 53.574716876000082)","Unfall 160290 (2019) Kat:3, Licht: 0","160290","3","6","2","06","16","4","0","0","0","1","0","0"
"POINT (10.082946848000063 53.576757419000046)","Unfall 160291 (2019) Kat:3, Licht: 0","160291","3","2","0","06","16","6","0","0","1","1","0","0"
"POINT (10.072164773000054 53.596767271000033)","Unfall 160292 (2019) Kat:3, Licht: 0","160292","3","3","5","06","15","4","0","0","0","1","0","0"
"POINT (10.073141377000070 53.608742184000050)","Unfall 160293 (2019) Kat:3, Licht: 0","160293","3","7","0","06","11","6","0","0","0","1","0","0"
"POINT (10.050198776000059 53.610423654000044)","Unfall 160294 (2019) Kat:3, Licht: 0","160294","3","4","6","06","19","4","0","0","0","0","1","1"
"POINT (10.095111469000074 53.639151619000074)","Unfall 160295 (2019) Kat:3, Licht: 1","160295","3","2","4","06","22","6","0","1","1","0","0","0"
"POINT (10.128442198000073 53.697171182000034)","Unfall 160296 (2019) Kat:3, Licht: 0","160296","3","3","6","06","20","4","0","0","1","0","1","0"
"POINT (10.175517368000044 53.654835735000063)","Unfall 160297 (2019) Kat:3, Licht: 0","160297","3","3","5","06","19","4","0","0","1","0","0","0"
"POINT (10.051188812000021 53.644401209000080)","Unfall 160298 (2019) Kat:3, Licht: 0","160298","3","2","3","06","12","6","0","0","1","0","0","0"
"POINT (10.024205648000077 53.628387435000036)","Unfall 160299 (2019) Kat:3, Licht: 0","160299","3","7","0","06","15","4","0","0","1","1","0","0"
"POINT (10.002054510000050 53.668717897000079)","Unfall 160300 (2019) Kat:2, Licht: 0","160300","2","6","2","06","20","6","0","0","0","1","0","0"
"POINT (9.996038810000073 53.583890109000038)","Unfall 160301 (2019) Kat:3, Licht: 0","160301","3","6","0","06","17","4","0","0","1","0","0","0"
"POINT (9.904858567000076 53.608863558000053)","Unfall 160302 (2019) Kat:3, Licht: 0","160302","3","3","5","06","17","4","0","0","1","1","0","0"
"POINT (10.006977971000026 53.630201997000029)","Unfall 160303 (2019) Kat:3, Licht: 0","160303","3","3","5","06","18","6","0","0","1","1","0","0"
"POINT (10.007328067000060 53.652893138000081)","Unfall 160304 (2019) Kat:3, Licht: 0","160304","3","3","5","06","16","6","0","0","1","0","0","0"
"POINT (9.861145588000056 53.569975564000060)","Unfall 160305 (2019) Kat:2, Licht: 0","160305","2","7","6","06","20","4","0","0","0","1","1","0"
"POINT (10.011774083000034 53.624388301000067)","Unfall 160306 (2019) Kat:3, Licht: 0","160306","3","7","0","06","09","6","0","0","1","0","0","0"
"POINT (9.866228858000056 53.563762825000026)","Unfall 160307 (2019) Kat:3, Licht: 0","160307","3","3","5","06","15","4","0","0","1","1","0","0"
"POINT (10.018345980000049 53.614905245000045)","Unfall 160308 (2019) Kat:2, Licht: 0","160308","2","2","3","06","13","6","0","0","1","1","0","0"
"POINT (9.904571288000057 53.545472506000067)","Unfall 160309 (2019) Kat:3, Licht: 0","160309","3","2","2","06","14","4","0","0","0","1","0","0"
"POINT (9.954429907000076 53.633031957000071)","Unfall 160310 (2019) Kat:3, Licht: 0","160310","3","7","6","06","16","4","0","0","0","1","1","0"
"POINT (10.033201296000072 53.587286599000038)","Unfall 160311 (2019) Kat:3, Licht: 0","160311","3","2","4","06","09","6","0","0","1","1","0","0"
"POINT (9.922289664000061 53.555922919000068)","Unfall 160312 (2019) Kat:3, Licht: 0","160312","3","6","1","06","15","4","0","0","1","1","0","0"
"POINT (10.047976129000062 53.591575953000074)","Unfall 160313 (2019) Kat:3, Licht: 0","160313","3","7","1","06","11","6","0","0","1","1","0","0"
"POINT (9.995879479000053 53.550626457000078)","Unfall 160314 (2019) Kat:3, Licht: 0","160314","3","3","5","06","08","4","0","0","1","1","0","0"
"POINT (9.989961594000022 53.559606737000081)","Unfall 160315 (2019) Kat:3, Licht: 0","160315","3","6","3","06","15","4","0","0","1","0","0","0"
"POINT (10.019647427000052 53.566175840000028)","Unfall 160316 (2019) Kat:3, Licht: 0","160316","3","3","5","06","18","6","0","0","1","1","0","0"
"POINT (10.001830929000050 53.454824992000056)","Unfall 160317 (2019) Kat:3, Licht: 0","160317","3","3","5","06","15","3","0","0","0","1","0","0"
"POINT (10.035571521000065 53.575016846000040)","Unfall 160318 (2019) Kat:3, Licht: 0","160318","3","2","4","06","18","6","0","0","0","1","0","0"
"POINT (10.038286633000041 53.523312122000050)","Unfall 160319 (2019) Kat:3, Licht: 0","160319","3","6","2","06","16","3","0","0","0","1","0","0"
"POINT (10.179642973000057 53.507915122000043)","Unfall 160320 (2019) Kat:2, Licht: 0","160320","2","3","5","06","07","3","0","0","1","1","0","0"
"POINT (9.812116273000072 53.574512998000046)","Unfall 160321 (2019) Kat:2, Licht: 0","160321","2","6","0","06","11","6","0","0","1","0","0","0"
"POINT (9.928028551000068 53.560361012000044)","Unfall 160322 (2019) Kat:3, Licht: 0","160322","3","3","5","06","17","6","0","0","0","1","0","0"
"POINT (10.105325101000062 53.538572497000075)","Unfall 160323 (2019) Kat:3, Licht: 0","160323","3","3","5","06","09","3","0","0","1","1","0","0"
"POINT (10.099616395000055 53.584036482000045)","Unfall 160324 (2019) Kat:3, Licht: 0","160324","3","7","0","06","17","3","0","0","0","0","0","1"
"POINT (9.855802926000024 53.598164650000058)","Unfall 160325 (2019) Kat:3, Licht: 0","160325","3","6","4","06","14","6","0","0","1","0","0","0"
"POINT (10.074984237000024 53.593148982000059)","Unfall 160326 (2019) Kat:3, Licht: 0","160326","3","6","2","06","17","3","0","0","0","1","0","0"
"POINT (9.867595698000059 53.589539309000031)","Unfall 160327 (2019) Kat:3, Licht: 0","160327","3","3","5","06","15","6","1","0","1","1","0","0"
"POINT (10.112815874000034 53.642057703000035)","Unfall 160328 (2019) Kat:3, Licht: 0","160328","3","3","5","06","07","3","0","0","0","1","0","0"
"POINT (10.018382000000031 53.651391227000033)","Unfall 160329 (2019) Kat:3, Licht: 0","160329","3","2","0","06","09","3","0","0","0","1","0","0"
"POINT (10.058839422000062 53.569989415000066)","Unfall 160330 (2019) Kat:3, Licht: 0","160330","3","4","6","06","10","3","0","0","0","0","1","1"
"POINT (10.044770089000053 53.597121501000061)","Unfall 160331 (2019) Kat:3, Licht: 0","160331","3","3","5","06","10","3","0","0","1","1","0","0"
"POINT (10.053221303000043 53.573814036000044)","Unfall 160332 (2019) Kat:3, Licht: 0","160332","3","3","5","06","10","3","0","0","1","1","0","0"
"POINT (9.914573278000034 53.582702364000056)","Unfall 160333 (2019) Kat:3, Licht: 0","160333","3","6","3","06","14","6","0","0","0","1","0","1"
"POINT (10.039570478000030 53.571253985000055)","Unfall 160334 (2019) Kat:3, Licht: 0","160334","3","6","2","06","17","3","0","0","0","1","0","0"
"POINT (9.920399087000021 53.589661298000067)","Unfall 160335 (2019) Kat:3, Licht: 0","160335","3","3","5","06","17","3","0","0","1","1","0","0"
"POINT (9.904958025000042 53.632030011000040)","Unfall 160336 (2019) Kat:3, Licht: 0","160336","3","3","5","06","14","6","0","0","1","1","0","0"
"POINT (9.753347487000042 53.576570175000029)","Unfall 160337 (2019) Kat:3, Licht: 0","160337","3","2","5","06","10","3","0","0","1","0","0","0"