WKT,Name,OBJECTID,UKATEGORIE,UTYP1,UART,UMONAT,USTUNDE,UWOCHENTAG,STRZUSTAND,ULICHTVERH,ISTRAD,ISTPKW,ISTFUSS,ISTKRAD
"POINT (9.938606747000051 53.629937504000054)","Unfall 160338 (2019) Kat:3, Licht: 0","160338","3","5","1","06","07","6","0","0","1","1","0","0"
"POINT (9.867660270000044 53.599398651000058)","Unfall 160339 (2019) Kat:3, Licht: 0","160339","3","4","6","06","13","3","0","0","0","1","1","0"
"POINT (9.956441866000034 53.642300542000044)","Unfall 160340 (2019) Kat:3, Licht: 0","160340","3","3","5","06","08","3","0","0","1","1","0","0"
"POINT (9.946182895000050 53.562838732000046)","Unfall 160341 (2019) Kat:3, Licht: 0","160341","3","6","6","06","18","6","0","0","1","0","1","0"
"POINT (9.960093065000024 53.574407087000054)","Unfall 160342 (2019) Kat:3, Licht: 0","160342","3","6","3","06","08","3","0","0","1","0","0","0"
"POINT (9.934668749000025 53.544749988000035)","Unfall 160343 (2019) Kat:3, Licht: 0","160343","3","7","1","06","19","6","0","0","1","1","0","0"
"POINT (9.944135808000056 53.578562583000064)","Unfall 160344 (2019) Kat:3, Licht: 0","160344","3","5","1","06","15","3","0","0","0","1","0","0"
"POINT (9.965150977000064 53.603551983000045)","Unfall 160345 (2019) Kat:3, Licht: 0","160345","3","3","5","06","17","3","0","0","0","1","0","0"
"POINT (9.926544084000057 53.555301925000037)","Unfall 160346 (2019) Kat:3, Licht: 0","160346","3","6","0","06","19","3","0","0","0","0","0","1"
"POINT (9.924303273000021 53.555646254000067)","Unfall 160347 (2019) Kat:3, Licht: 0","160347","3","3","5","06","07","6","0","0","1","1","0","0"
"POINT (9.990521089000026 53.560339080000062)","Unfall 160348 (2019) Kat:2, Licht: 0","160348","2","7","5","06","14","3","0","0","0","1","0","0"
"POINT (9.963872198000047 53.569736733000070)","Unfall 160349 (2019) Kat:3, Licht: 1","160349","3","2","6","06","21","6","0","1","0","1","1","0"
"POINT (9.991780880000022 53.555535648000046)","Unfall 160350 (2019) Kat:3, Licht: 0","160350","3","6","3","06","19","3","0","0","1","0","0","0"
"POINT (9.995874183000069 53.550580656000079)","Unfall 160351 (2019) Kat:3, Licht: 0","160351","3","3","5","06","16","3","0","0","1","1","0","0"
"POINT (9.981955505000030 53.544369435000078)","Unfall 160352 (2019) Kat:3, Licht: 0","160352","3","6","3","06","12","3","0","0","0","1","0","1"
"POINT (9.965886714000021 53.562269802000060)","Unfall 160353 (2019) Kat:3, Licht: 2","160353","3","2","3","06","00","6","0","2","1","1","0","0"
"POINT (10.013497827000037 53.561123626000040)","Unfall 160354 (2019) Kat:1, Licht: 0","160354","1","3","5","06","12","6","0","0","1","0","0","0"
"POINT (9.994693567000070 53.543470128000081)","Unfall 160355 (2019) Kat:3, Licht: 0","160355","3","6","2","06","10","3","0","0","0","1","0","0"
"POINT (10.007417380000049 53.551956434000033)","Unfall 160356 (2019) Kat:3, Licht: 0","160356","3","7","0","06","17","6","1","0","1","0","0","0"
"POINT (9.995160785000053 53.557384531000082)","Unfall 160357 (2019) Kat:3, Licht: 0","160357","3","6","4","06","17","3","0","0","1","0","0","0"
"POINT (9.933627068000021 53.477500861000067)","Unfall 160358 (2019) Kat:3, Licht: 0","160358","3","6","3","06","05","6","0","0","0","0","0","1"
"POINT (9.875857240000073 53.477453284000035)","Unfall 160359 (2019) Kat:3, Licht: 0","160359","3","2","3","06","14","2","0","0","1","1","0","0"
"POINT (9.842803304000029 53.534603831000027)","Unfall 160360 (2019) Kat:2, Licht: 0","160360","2","6","3","06","14","2","0","0","0","1","0","1"
"POINT (9.850285345000032 53.470751162000056)","Unfall 160361 (2019) Kat:3, Licht: 0","160361","3","7","0","06","08","5","0","0","1","0","0","0"
"POINT (9.822028492000072 53.472521337000046)","Unfall 160362 (2019) Kat:3, Licht: 2","160362","3","7","1","06","23","2","0","2","0","1","0","0"
"POINT (10.004081433000067 53.506002065000075)","Unfall 160363 (2019) Kat:3, Licht: 0","160363","3","3","5","06","17","5","0","0","0","1","0","0"
"POINT (9.983699122000076 53.460814912000046)","Unfall 160364 (2019) Kat:3, Licht: 0","160364","3","7","0","06","10","2","0","0","0","1","0","0"
"POINT (9.990199408000024 53.448986132000073)","Unfall 160365 (2019) Kat:2, Licht: 0","160365","2","2","4","06","20","2","1","0","1","1","0","0"
"POINT (9.986950634000039 53.500555927000050)","Unfall 160366 (2019) Kat:3, Licht: 0","160366","3","7","2","06","13","5","0","0","0","0","0","1"
"POINT (10.147376244000043 53.525018418000059)","Unfall 160367 (2019) Kat:3, Licht: 0","160367","3","2","4","06","17","5","0","0","1","1","0","0"
"POINT (10.020215371000063 53.526869216000080)","Unfall 160368 (2019) Kat:2, Licht: 0","160368","2","4","6","06","18","2","0","0","0","1","1","0"
"POINT (10.177998244000037 53.485200599000052)","Unfall 160369 (2019) Kat:3, Licht: 0","160369","3","4","6","06","17","2","0","0","0","1","1","0"
"POINT (10.048689744000058 53.557926678000058)","Unfall 160370 (2019) Kat:3, Licht: 0","160370","3","2","3","06","08","5","0","0","1","0","0","0"
"POINT (10.141291341000056 53.629002617000026)","Unfall 160371 (2019) Kat:3, Licht: 0","160371","3","6","3","06","18","2","0","0","0","1","0","1"
"POINT (10.110116315000027 53.574643144000049)","Unfall 160372 (2019) Kat:3, Licht: 0","160372","3","2","2","06","08","5","0","0","0","1","0","1"
"POINT (10.037048180000056 53.611214349000079)","Unfall 160373 (2019) Kat:3, Licht: 0","160373","3","6","2","06","07","2","0","0","0","1","0","0"
"POINT (10.140693400000032 53.629211987000076)","Unfall 160374 (2019) Kat:2, Licht: 0","160374","2","3","5","06","21","5","0","0","1","1","0","0"
"POINT (9.903188024000031 53.568793233000065)","Unfall 160375 (2019) Kat:3, Licht: 0","160375","3","6","1","07","17","6","0","0","0","1","0","0"
"POINT (9.862353974000030 53.591068172000064)","Unfall 160376 (2019) Kat:3, Licht: 0","160376","3","3","5","07","19","6","0","0","1","1","0","0"
"POINT (9.918907935000050 53.576089334000073)","Unfall 160377 (2019) Kat:3, Licht: 0","160377","3","3","5","07","15","6","0","0","1","1","0","0"
"POINT (9.925274682000065 53.550096596000060)","Unfall 160378 (2019) Kat:3, Licht: 0","160378","3","3","0","07","11","6","0","0","1","0","0","0"
"POINT (9.961482375000060 53.472395663000043)","Unfall 160379 (2019) Kat:2, Licht: 0","160379","2","3","5","07","20","6","0","0","0","1","0","1"
"POINT (9.982431304000045 53.453171651000048)","Unfall 160380 (2019) Kat:3, Licht: 0","160380","3","4","6","07","16","5","0","0","0","1","1","0"
"POINT (10.104759020000074 53.522309767000081)","Unfall 160381 (2019) Kat:3, Licht: 0","160381","3","6","4","07","12","5","0","0","0","1","0","0"
"POINT (10.100893041000063 53.557679550000046)","Unfall 160382 (2019) Kat:3, Licht: 0","160382","3","3","5","07","11","5","0","0","0","1","0","0"
"POINT (10.083794478000073 53.538431970000033)","Unfall 160383 (2019) Kat:3, Licht: 0","160383","3","3","5","07","07","5","0","0","0","1","0","0"
"POINT (10.015657302000022 53.548489225000026)","Unfall 160384 (2019) Kat:3, Licht: 0","160384","3","2","3","07","18","5","0","0","0","1","0","0"
"POINT (10.038689051000063 53.559092181000040)","Unfall 160385 (2019) Kat:3, Licht: 0","160385","3","2","5","07","17","5","0","0","1","0","0","0"
"POINT (10.121472503000064 53.595009332000075)","Unfall 160386 (2019) Kat:3, Licht: 0","160386","3","3","5","07","13","5","0","0","1","1","0","0"
"POINT (10.056924087000027 53.647605935000058)","Unfall 160387 (2019) Kat:3, Licht: 0","160387","3","2","4","07","19","5","0","0","1","1","0","0"
"POINT (10.006084424000051 53.599290962000055)","Unfall 160388 (2019) Kat:3, Licht: 0","160388","3","2","2","07","16","5","0","0","0","1","0","0"
"POINT (10.034244765000039 53.574122899000031)","Unfall 160389 (2019) Kat:3, Licht: 0","160389","3","6","3","07","12","5","0","0","0","1","0","1"
"POINT (10.025279378000050 53.558765975000028)","Unfall 160390 (2019) Kat:3, Licht: 0","160390","3","6","3","07","14","5","0","0","0","1","0","0"
"POINT (10.016769655000076 53.561999365000077)","Unfall 160391 (2019) Kat:3, Licht: 0","160391","3","6","2","07","10","5","0","0","0","1","0","0"
"POINT (9.912821568000027 53.546126538000067)","Unfall 160392 (2019) Kat:3, Licht: 0","160392","3","7","0","07","17","5","0","0","0","1","0","1"
"POINT (9.883313294000061 53.546591764000027)","Unfall 160393 (2019) Kat:3, Licht: 2","160393","3","6","4","07","01","5","0","2","0","1","0","0"
"POINT (9.906736021000029 53.547151322000047)","Unfall 160394 (2019) Kat:3, Licht: 0","160394","3","7","0","07","14","5","0","0","1","0","0","0"
"POINT (9.945517519000021 53.547315803000060)","Unfall 160395 (2019) Kat:3, Licht: 0","160395","3","7","0","07","17","5","0","0","1","1","0","0"
"POINT (9.987933794000071 53.581969722000053)","Unfall 160396 (2019) Kat:3, Licht: 2","160396","3","3","5","07","23","5","0","2","1","1","0","0"
"POINT (9.958035661000054 53.546028604000071)","Unfall 160397 (2019) Kat:3, Licht: 0","160397","3","7","1","07","18","5","0","0","1","1","0","0"
"POINT (10.007237953000072 53.546967165000069)","Unfall 160398 (2019) Kat:3, Licht: 0","160398","3","6","4","07","14","5","0","0","1","0","0","0"
"POINT (9.983776879000061 53.557786004000036)","Unfall 160399 (2019) Kat:3, Licht: 0","160399","3","2","4","07","12","5","0","0","1","1","0","0"
"POINT (9.979154829000038 53.555580273000032)","Unfall 160400 (2019) Kat:3, Licht: 0","160400","3","3","5","07","14","5","0","0","0","1","1","0"
"POINT (9.975162396000030 53.545715842000050)","Unfall 160401 (2019) Kat:3, Licht: 0","160401","3","5","1","07","19","5","0","0","0","1","0","1"
"POINT (9.794053793000046 53.533838205000052)","Unfall 160402 (2019) Kat:3, Licht: 0","160402","3","6","2","07","07","4","0","0","0","1","0","0"
"POINT (9.885134228000027 53.517857092000042)","Unfall 160403 (2019) Kat:3, Licht: 0","160403","3","3","5","07","05","4","0","0","1","1","0","0"
"POINT (10.102860223000050 53.542717546000063)","Unfall 160404 (2019) Kat:3, Licht: 0","160404","3","7","0","07","12","4","0","0","0","0","0","1"
"POINT (10.144164734000071 53.608746174000032)","Unfall 160405 (2019) Kat:3, Licht: 0","160405","3","6","3","07","13","4","0","0","1","1","0","0"
"POINT (10.191399760000024 53.609168776000047)","Unfall 160406 (2019) Kat:3, Licht: 0","160406","3","2","2","07","20","4","0","0","0","1","0","0"
"POINT (10.055472754000050 53.582593414000030)","Unfall 160407 (2019) Kat:3, Licht: 0","160407","3","3","5","07","13","4","0","0","0","1","0","0"
"POINT (9.971142550000025 53.571113796000077)","Unfall 160408 (2019) Kat:3, Licht: 0","160408","3","2","3","08","08","5","0","0","1","1","0","0"
"POINT (10.094360238000036 53.678754392000030)","Unfall 160409 (2019) Kat:3, Licht: 0","160409","3","6","2","07","18","4","0","0","1","1","0","0"
"POINT (10.015692920000049 53.623611672000038)","Unfall 160410 (2019) Kat:3, Licht: 0","160410","3","2","4","07","18","4","0","0","0","1","0","0"
"POINT (10.029449927000030 53.575619290000077)","Unfall 160411 (2019) Kat:3, Licht: 0","160411","3","6","4","07","18","4","0","0","1","1","0","0"
"POINT (9.887069450000070 53.560368452000034)","Unfall 160412 (2019) Kat:3, Licht: 0","160412","3","3","5","07","09","4","0","0","1","0","0","0"
"POINT (9.969048105000070 53.562422609000066)","Unfall 160413 (2019) Kat:3, Licht: 0","160413","3","7","3","08","09","5","0","0","0","1","0","1"
"POINT (9.872638545000029 53.606763310000076)","Unfall 160414 (2019) Kat:3, Licht: 0","160414","3","6","2","07","13","4","0","0","0","1","0","0"
"POINT (10.005404650000060 53.548137954000026)","Unfall 160415 (2019) Kat:3, Licht: 2","160415","3","6","2","08","20","5","1","2","0","0","0","1"
"POINT (9.923775723000063 53.571054582000045)","Unfall 160416 (2019) Kat:3, Licht: 0","160416","3","5","1","07","06","4","0","0","0","1","0","0"
"POINT (9.951751309000031 53.559743348000040)","Unfall 160417 (2019) Kat:3, Licht: 0","160417","3","3","5","07","08","4","0","0","1","0","0","0"
"POINT (9.982890075000057 53.464700008000079)","Unfall 160418 (2019) Kat:3, Licht: 0","160418","3","5","1","08","16","5","0","0","0","1","0","0"
"POINT (9.957285890000037 53.562421229000051)","Unfall 160419 (2019) Kat:3, Licht: 1","160419","3","3","5","07","21","4","0","1","1","0","0","0"
"POINT (9.974127307000060 53.453167972000074)","Unfall 160420 (2019) Kat:3, Licht: 0","160420","3","5","1","08","06","4","0","0","0","1","0","0"
"POINT (10.002695366000069 53.553494855000054)","Unfall 160421 (2019) Kat:3, Licht: 0","160421","3","3","5","07","19","4","0","0","0","1","0","0"
"POINT (9.995049338000058 53.548654872000043)","Unfall 160422 (2019) Kat:2, Licht: 0","160422","2","6","2","07","08","4","0","0","0","1","0","1"
"POINT (10.101765516000057 53.541342837000059)","Unfall 160423 (2019) Kat:3, Licht: 0","160423","3","2","4","07","10","3","0","0","0","1","0","0"
"POINT (10.015636070000028 53.501964582000028)","Unfall 160424 (2019) Kat:3, Licht: 2","160424","3","5","1","08","00","4","0","2","0","1","0","0"
"POINT (10.152351122000027 53.610278498000071)","Unfall 160425 (2019) Kat:3, Licht: 0","160425","3","6","2","07","15","3","0","0","0","1","0","0"
"POINT (10.037234140000066 53.504946097000072)","Unfall 160426 (2019) Kat:3, Licht: 0","160426","3","1","9","08","11","4","0","0","0","0","0","1"
"POINT (10.070741239000029 53.605205712000043)","Unfall 160427 (2019) Kat:3, Licht: 0","160427","3","4","0","07","12","3","0","0","0","0","1","0"
"POINT (10.069283813000027 53.559477001000062)","Unfall 160428 (2019) Kat:3, Licht: 0","160428","3","2","3","08","13","4","0","0","0","1","0","0"
"POINT (10.081527664000021 53.601561880000077)","Unfall 160429 (2019) Kat:3, Licht: 0","160429","3","4","6","07","14","3","0","0","0","0","1","0"
"POINT (10.072437813000022 53.608581613000069)","Unfall 160430 (2019) Kat:3, Licht: 0","160430","3","6","2","07","10","3","0","0","0","1","0","1"
"POINT (10.081295143000034 53.559031909000055)","Unfall 160431 (2019) Kat:3, Licht: 0","160431","3","7","0","08","08","4","0","0","1","0","0","0"
"POINT (10.104381301000046 53.653346016000057)","Unfall 160432 (2019) Kat:3, Licht: 0","160432","3","6","4","07","12","3","0","0","0","0","0","1"
"POINT (10.077018966000026 53.585288600000069)","Unfall 160433 (2019) Kat:3, Licht: 0","160433","3","7","6","08","15","4","0","0","0","1","1","0"
"POINT (10.004831102000026 53.648681762000081)","Unfall 160434 (2019) Kat:3, Licht: 0","160434","3","6","2","07","19","3","0","0","0","1","0","0"
"POINT (10.087584542000059 53.606301437000070)","Unfall 160435 (2019) Kat:3, Licht: 0","160435","3","7","5","08","17","4","0","0","0","1","0","0"
"POINT (10.096551095000052 53.690003410000031)","Unfall 160436 (2019) Kat:2, Licht: 0","160436","2","3","5","08","10","4","1","0","0","1","0","0"
"POINT (10.035711319000029 53.601090621000026)","Unfall 160437 (2019) Kat:3, Licht: 0","160437","3","2","2","07","15","3","0","0","0","1","0","0"
"POINT (10.027051949000054 53.672477257000082)","Unfall 160438 (2019) Kat:3, Licht: 0","160438","3","6","3","08","17","4","0","0","0","1","0","0"
"POINT (9.875854816000071 53.588395167000044)","Unfall 160439 (2019) Kat:3, Licht: 2","160439","3","7","4","07","23","3","0","2","0","1","0","0"
"POINT (9.999726711000051 53.591104929000039)","Unfall 160440 (2019) Kat:3, Licht: 0","160440","3","6","4","08","09","4","0","0","1","0","0","0"
"POINT (10.037769027000024 53.597693421000031)","Unfall 160441 (2019) Kat:3, Licht: 0","160441","3","5","1","08","16","4","0","0","0","1","0","1"
"POINT (9.890886594000051 53.555209231000049)","Unfall 160442 (2019) Kat:3, Licht: 0","160442","3","3","5","07","16","3","0","0","1","1","0","0"
"POINT (10.016471879000051 53.563344334000078)","Unfall 160443 (2019) Kat:2, Licht: 0","160443","2","6","2","08","11","4","1","0","0","0","0","1"
"POINT (9.907657562000054 53.632563474000051)","Unfall 160444 (2019) Kat:3, Licht: 0","160444","3","3","5","07","08","3","0","0","1","1","0","0"
"POINT (9.963338882000073 53.631578799000067)","Unfall 160445 (2019) Kat:3, Licht: 0","160445","3","3","1","07","07","3","0","0","1","1","0","0"
"POINT (9.947540487000026 53.581404500000076)","Unfall 160446 (2019) Kat:2, Licht: 0","160446","2","6","3","07","14","3","0","0","1","0","0","0"
"POINT (10.031296529000031 53.576121771000032)","Unfall 160447 (2019) Kat:3, Licht: 0","160447","3","3","5","08","07","4","0","0","1","1","0","0"
"POINT (9.933096707000061 53.585213864000082)","Unfall 160448 (2019) Kat:3, Licht: 0","160448","3","2","3","08","10","4","1","0","1","1","0","0"
"POINT (9.988725835000025 53.581282824000027)","Unfall 160449 (2019) Kat:3, Licht: 0","160449","3","3","5","07","07","3","0","0","1","1","0","0"
"POINT (9.900945238000077 53.592509653000036)","Unfall 160450 (2019) Kat:3, Licht: 0","160450","3","3","5","08","13","4","0","0","0","1","0","0"
"POINT (9.967287054000053 53.548814860000050)","Unfall 160451 (2019) Kat:3, Licht: 0","160451","3","6","6","07","10","3","0","0","0","0","1","1"
"POINT (10.014088957000070 53.551592488000040)","Unfall 160452 (2019) Kat:3, Licht: 0","160452","3","6","2","08","15","4","0","0","0","1","0","0"
"POINT (9.977522461000035 53.551057864000029)","Unfall 160453 (2019) Kat:3, Licht: 0","160453","3","3","5","07","18","3","0","0","1","0","0","0"
"POINT (10.004762623000033 53.541975193000042)","Unfall 160454 (2019) Kat:3, Licht: 0","160454","3","4","6","07","17","3","0","0","1","0","1","0"
"POINT (10.003974680000056 53.557152460000054)","Unfall 160455 (2019) Kat:3, Licht: 0","160455","3","3","5","08","18","4","0","0","1","1","0","0"
"POINT (9.982655186000045 53.544213258000070)","Unfall 160456 (2019) Kat:3, Licht: 0","160456","3","3","5","07","15","3","0","0","1","1","0","0"
"POINT (9.987736192000057 53.453654058000041)","Unfall 160457 (2019) Kat:3, Licht: 0","160457","3","2","5","08","12","3","0","0","1","1","0","0"
"POINT (9.996564125000077 53.552906856000050)","Unfall 160458 (2019) Kat:2, Licht: 0","160458","2","7","3","07","16","3","0","0","0","0","0","1"
"POINT (10.012525937000021 53.554918931000032)","Unfall 160459 (2019) Kat:2, Licht: 0","160459","2","7","6","07","17","3","0","0","1","0","1","0"
"POINT (10.184447453000075 53.489776569000071)","Unfall 160460 (2019) Kat:3, Licht: 0","160460","3","3","5","08","14","3","0","0","1","1","0","0"
"POINT (10.178509218000045 53.512390024000069)","Unfall 160461 (2019) Kat:3, Licht: 0","160461","3","3","0","08","17","3","0","0","0","1","0","0"
"POINT (10.195726410000077 53.488899229000026)","Unfall 160462 (2019) Kat:3, Licht: 0","160462","3","6","3","07","12","2","0","0","1","0","0","0"
"POINT (10.184431870000026 53.489792013000056)","Unfall 160463 (2019) Kat:2, Licht: 0","160463","2","3","0","08","14","3","0","0","1","1","0","0"
"POINT (10.074661247000051 53.520315795000045)","Unfall 160464 (2019) Kat:3, Licht: 0","160464","3","7","3","07","11","2","0","0","0","1","0","1"
"POINT (10.080425593000029 53.549521121000055)","Unfall 160465 (2019) Kat:3, Licht: 0","160465","3","7","3","08","19","3","0","0","0","1","0","1"
"POINT (10.132922188000066 53.624206362000052)","Unfall 160466 (2019) Kat:3, Licht: 2","160466","3","3","5","07","21","2","0","2","1","1","0","0"
"POINT (10.113880637000022 53.557912328000043)","Unfall 160467 (2019) Kat:3, Licht: 0","160467","3","6","2","08","16","3","0","0","0","1","0","0"
"POINT (10.078462859000069 53.584953183000039)","Unfall 160468 (2019) Kat:3, Licht: 2","160468","3","2","3","07","22","2","0","2","1","1","0","0"
"POINT (10.126351403000058 53.573874303000082)","Unfall 160469 (2019) Kat:3, Licht: 0","160469","3","6","2","08","16","3","0","0","0","1","0","0"
"POINT (10.099540995000041 53.589124802000072)","Unfall 160470 (2019) Kat:3, Licht: 0","160470","3","7","0","08","16","3","0","0","0","1","0","0"
"POINT (10.044381195000028 53.608163943000079)","Unfall 160471 (2019) Kat:3, Licht: 0","160471","3","2","4","07","09","2","0","0","0","1","0","0"
"POINT (10.014488845000074 53.618591362000075)","Unfall 160472 (2019) Kat:3, Licht: 0","160472","3","6","1","07","12","2","0","0","0","1","0","0"
"POINT (10.109387362000064 53.707589077000080)","Unfall 160473 (2019) Kat:3, Licht: 0","160473","3","3","5","08","14","3","0","0","1","1","0","0"
"POINT (10.035938324000028 53.574792592000051)","Unfall 160474 (2019) Kat:3, Licht: 0","160474","3","6","1","07","08","2","0","0","0","1","0","0"
"POINT (10.038516267000034 53.642228500000044)","Unfall 160475 (2019) Kat:3, Licht: 0","160475","3","3","5","08","14","3","0","0","1","1","0","0"
"POINT (10.022414064000031 53.562486818000082)","Unfall 160476 (2019) Kat:2, Licht: 0","160476","2","7","0","07","17","2","0","0","1","1","0","0"
"POINT (10.015833322000049 53.648331485000028)","Unfall 160477 (2019) Kat:3, Licht: 0","160477","3","2","5","08","20","3","0","0","0","1","0","1"
"POINT (10.036872888000062 53.570711063000033)","Unfall 160478 (2019) Kat:3, Licht: 0","160478","3","6","2","07","13","2","0","0","0","1","0","0"
"POINT (9.946034171000065 53.549446975000080)","Unfall 160479 (2019) Kat:3, Licht: 0","160479","3","7","6","07","09","2","0","0","0","0","1","0"
"POINT (10.054028137000046 53.572645420000072)","Unfall 160480 (2019) Kat:3, Licht: 0","160480","3","3","5","08","19","3","0","0","1","1","0","0"
"POINT (9.936671367000031 53.564830998000048)","Unfall 160481 (2019) Kat:3, Licht: 0","160481","3","6","2","08","18","3","0","0","0","1","0","0"
"POINT (9.992995547000021 53.557416117000059)","Unfall 160482 (2019) Kat:3, Licht: 0","160482","3","3","5","08","08","3","0","0","1","1","0","0"
"POINT (10.001204716000075 53.557311740000046)","Unfall 160483 (2019) Kat:3, Licht: 0","160483","3","6","6","08","20","3","0","0","1","0","1","0"
"POINT (10.021088459000055 53.557529102000046)","Unfall 160484 (2019) Kat:2, Licht: 0","160484","2","4","6","08","14","3","0","0","0","0","1","0"
"POINT (10.006391008000037 53.445336379000082)","Unfall 160485 (2019) Kat:2, Licht: 0","160485","2","2","0","08","06","2","0","0","1","0","0","1"
"POINT (9.962040462000061 53.556408292000071)","Unfall 160486 (2019) Kat:2, Licht: 0","160486","2","5","1","07","15","2","0","0","1","1","0","0"
"POINT (9.991151059000060 53.544724095000049)","Unfall 160487 (2019) Kat:3, Licht: 0","160487","3","2","0","07","06","2","0","0","0","1","0","1"
"POINT (10.207948279000050 53.494472207000058)","Unfall 160488 (2019) Kat:2, Licht: 0","160488","2","7","0","08","14","2","0","0","0","0","1","0"
"POINT (9.878980697000031 53.534421996000049)","Unfall 160489 (2019) Kat:3, Licht: 0","160489","3","2","3","07","17","1","0","0","1","1","0","0"
"POINT (10.097948198000040 53.449593736000054)","Unfall 160490 (2019) Kat:3, Licht: 0","160490","3","6","6","08","10","2","0","0","0","0","1","0"
"POINT (9.999683641000047 53.512971943000082)","Unfall 160491 (2019) Kat:3, Licht: 0","160491","3","7","0","07","18","1","0","0","1","0","0","0"
"POINT (10.123322204000033 53.644354095000040)","Unfall 160492 (2019) Kat:3, Licht: 0","160492","3","2","4","07","13","1","0","0","0","1","0","0"
"POINT (10.097781147000035 53.550271637000037)","Unfall 160493 (2019) Kat:3, Licht: 0","160493","3","7","0","08","17","2","0","0","0","1","0","0"
"POINT (10.040715111000054 53.579944182000077)","Unfall 160494 (2019) Kat:3, Licht: 0","160494","3","2","5","07","21","1","0","0","0","1","0","0"
"POINT (10.085701407000045 53.571862366000062)","Unfall 160495 (2019) Kat:3, Licht: 0","160495","3","5","1","08","17","2","0","0","0","1","0","1"
"POINT (9.897642557000040 53.574290439000038)","Unfall 160496 (2019) Kat:2, Licht: 0","160496","2","4","6","07","15","1","0","0","0","1","1","0"
"POINT (9.908890764000034 53.643355425000038)","Unfall 160497 (2019) Kat:3, Licht: 0","160497","3","3","5","07","14","1","0","0","1","1","0","0"
"POINT (9.975683735000075 53.552346631000034)","Unfall 160498 (2019) Kat:3, Licht: 0","160498","3","6","1","07","16","1","0","0","0","1","0","0"
"POINT (10.077350951000028 53.616921204000050)","Unfall 160499 (2019) Kat:3, Licht: 0","160499","3","2","3","08","06","2","0","0","1","1","0","0"
"POINT (10.017183231000047 53.617547522000052)","Unfall 160500 (2019) Kat:3, Licht: 0","160500","3","7","4","08","15","2","0","0","0","1","0","0"
"POINT (10.000678829000037 53.555496371000061)","Unfall 160501 (2019) Kat:2, Licht: 0","160501","2","3","5","07","13","1","0","0","0","1","0","0"
"POINT (9.850311630000022 53.471921666000071)","Unfall 160502 (2019) Kat:3, Licht: 0","160502","3","3","5","07","10","7","0","0","1","1","0","0"
"POINT (10.013841929000023 53.581673904000070)","Unfall 160503 (2019) Kat:3, Licht: 0","160503","3","4","6","08","14","2","0","0","0","1","1","0"
"POINT (10.206566879000036 53.414654977000055)","Unfall 160504 (2019) Kat:3, Licht: 0","160504","3","3","5","07","08","7","0","0","1","1","0","0"
"POINT (10.075333407000073 53.457466068000031)","Unfall 160505 (2019) Kat:3, Licht: 0","160505","3","1","0","07","14","7","0","0","0","0","0","1"
"POINT (10.039503633000038 53.571333234000065)","Unfall 160506 (2019) Kat:3, Licht: 0","160506","3","5","1","08","15","2","0","0","1","1","0","0"
"POINT (9.798034181000048 53.566058409000050)","Unfall 160507 (2019) Kat:3, Licht: 0","160507","3","3","5","08","09","2","0","0","0","1","0","0"
"POINT (10.107001467000032 53.547419035000075)","Unfall 160508 (2019) Kat:3, Licht: 0","160508","3","2","6","07","13","7","0","0","0","1","1","0"
"POINT (9.907139988000040 53.567137400000036)","Unfall 160509 (2019) Kat:2, Licht: 0","160509","2","3","5","08","16","2","0","0","0","1","0","0"
"POINT (10.045277924000061 53.561015794000070)","Unfall 160510 (2019) Kat:3, Licht: 2","160510","3","5","1","07","00","7","0","2","0","1","0","0"
"POINT (9.955382271000076 53.551697706000027)","Unfall 160511 (2019) Kat:3, Licht: 0","160511","3","7","0","08","19","2","0","0","1","0","0","0"
"POINT (10.049878645000035 53.532021925000038)","Unfall 160512 (2019) Kat:2, Licht: 0","160512","2","3","5","07","17","7","1","0","1","1","0","0"
"POINT (10.088298262000023 53.609383412000057)","Unfall 160513 (2019) Kat:2, Licht: 1","160513","2","7","0","07","18","7","0","1","0","1","0","0"
"POINT (9.976862454000070 53.578158901000052)","Unfall 160514 (2019) Kat:3, Licht: 0","160514","3","3","5","08","20","2","0","0","1","1","0","0"
"POINT (10.101552115000061 53.620820428000059)","Unfall 160515 (2019) Kat:3, Licht: 1","160515","3","6","2","07","16","7","0","1","0","1","0","1"
"POINT (9.986765895000076 53.581272875000082)","Unfall 160516 (2019) Kat:3, Licht: 0","160516","3","6","3","08","15","2","0","0","1","1","0","0"
"POINT (10.020690312000056 53.642306199000075)","Unfall 160517 (2019) Kat:3, Licht: 0","160517","3","5","1","07","10","7","0","0","0","1","0","1"
"POINT (10.053263750000042 53.589174718000038)","Unfall 160518 (2019) Kat:3, Licht: 0","160518","3","2","2","07","09","7","0","0","0","1","0","0"
"POINT (9.986184801000036 53.577644347000046)","Unfall 160519 (2019) Kat:3, Licht: 0","160519","3","2","4","08","12","2","0","0","1","1","0","0"
"POINT (9.754969721000066 53.571205447000068)","Unfall 160520 (2019) Kat:1, Licht: 0","160520","1","7","0","07","10","7","0","0","0","0","0","1"
"POINT (9.976301567000064 53.564627189000078)","Unfall 160521 (2019) Kat:3, Licht: 0","160521","3","6","2","08","10","2","0","0","0","1","0","0"
"POINT (9.889933462000045 53.601715710000065)","Unfall 160522 (2019) Kat:3, Licht: 1","160522","3","6","2","07","19","7","1","1","0","1","0","0"