WKT,Name,OBJECTID,UKATEGORIE,UTYP1,UART,UMONAT,USTUNDE,UWOCHENTAG,STRZUSTAND,ULICHTVERH,ISTRAD,ISTPKW,ISTFUSS,ISTKRAD
"POINT (9.921925405000025 53.546163110000066)","Unfall 160523 (2019) Kat:3, Licht: 0","160523","3","7","9","07","08","7","0","0","0","1","0","0"
"POINT (9.960319512000069 53.563804742000059)","Unfall 160524 (2019) Kat:3, Licht: 0","160524","3","2","6","07","18","7","1","0","0","1","1","0"
"POINT (9.979812847000062 53.555653818000053)","Unfall 160525 (2019) Kat:3, Licht: 2","160525","3","2","3","08","21","2","0","2","1","1","0","0"
"POINT (9.968014224000058 53.557360246000030)","Unfall 160526 (2019) Kat:3, Licht: 0","160526","3","2","0","07","17","7","1","0","1","0","0","0"
"POINT (9.987534667000034 53.451902228000051)","Unfall 160527 (2019) Kat:3, Licht: 0","160527","3","2","5","08","15","1","0","0","0","1","0","0"
"POINT (9.987107386000048 53.543270988000074)","Unfall 160528 (2019) Kat:3, Licht: 0","160528","3","4","6","07","15","7","0","0","0","1","1","0"
"POINT (10.124653727000066 53.604172295000069)","Unfall 160529 (2019) Kat:3, Licht: 0","160529","3","3","5","08","19","1","0","0","1","1","0","0"
"POINT (10.168524826000066 53.514139666000062)","Unfall 160530 (2019) Kat:3, Licht: 0","160530","3","6","0","07","17","6","0","0","0","1","0","0"
"POINT (10.059780956000054 53.572241915000063)","Unfall 160531 (2019) Kat:2, Licht: 2","160531","2","7","1","07","23","6","0","2","0","1","0","1"
"POINT (10.034002076000036 53.633212583000045)","Unfall 160532 (2019) Kat:3, Licht: 0","160532","3","7","0","08","18","1","0","0","1","0","0","0"
"POINT (10.073465685000031 53.583606519000057)","Unfall 160533 (2019) Kat:3, Licht: 0","160533","3","6","2","07","08","6","0","0","0","1","0","0"
"POINT (9.888356582000029 53.558168001000070)","Unfall 160534 (2019) Kat:3, Licht: 0","160534","3","2","0","08","09","1","0","0","1","1","0","0"
"POINT (10.097218858000076 53.641475788000037)","Unfall 160535 (2019) Kat:3, Licht: 0","160535","3","3","5","07","17","6","0","0","1","1","0","0"
"POINT (9.976778447000072 53.578098463000060)","Unfall 160536 (2019) Kat:3, Licht: 0","160536","3","3","5","08","21","1","0","0","0","1","0","0"
"POINT (10.004790259000060 53.668338273000074)","Unfall 160537 (2019) Kat:3, Licht: 0","160537","3","5","1","07","11","6","0","0","0","1","0","1"
"POINT (10.046151003000034 53.587604442000043)","Unfall 160538 (2019) Kat:3, Licht: 1","160538","3","1","8","07","04","6","0","1","0","0","0","1"
"POINT (9.954569553000056 53.495003153000027)","Unfall 160539 (2019) Kat:3, Licht: 0","160539","3","7","0","08","18","1","0","0","0","0","0","1"
"POINT (9.907475198000043 53.617653463000067)","Unfall 160540 (2019) Kat:3, Licht: 0","160540","3","2","3","07","15","6","0","0","1","1","0","0"
"POINT (10.204666584000051 53.512622904000068)","Unfall 160541 (2019) Kat:3, Licht: 0","160541","3","2","5","08","10","7","0","0","0","1","0","1"
"POINT (9.947321769000041 53.589795765000076)","Unfall 160542 (2019) Kat:3, Licht: 0","160542","3","3","5","07","19","6","0","0","1","1","0","0"
"POINT (9.962619763000021 53.564487574000054)","Unfall 160543 (2019) Kat:3, Licht: 0","160543","3","3","6","07","14","6","0","0","0","1","1","0"
"POINT (10.085762510000052 53.549235248000059)","Unfall 160544 (2019) Kat:3, Licht: 0","160544","3","6","2","08","08","7","0","0","0","1","0","0"
"POINT (10.049654875000044 53.531192506000082)","Unfall 160545 (2019) Kat:3, Licht: 0","160545","3","6","0","08","15","7","0","0","0","0","0","0"
"POINT (9.983621146000075 53.557585933000041)","Unfall 160546 (2019) Kat:3, Licht: 0","160546","3","3","5","07","13","6","0","0","1","0","0","0"
"POINT (10.077751897000041 53.586175710000077)","Unfall 160547 (2019) Kat:3, Licht: 0","160547","3","6","4","08","13","7","0","0","0","1","0","0"
"POINT (10.004208082000048 53.553832324000041)","Unfall 160548 (2019) Kat:3, Licht: 0","160548","3","6","2","07","14","6","0","0","0","1","0","0"
"POINT (9.886619903000053 53.482566734000045)","Unfall 160549 (2019) Kat:3, Licht: 0","160549","3","1","9","07","09","5","0","0","0","0","0","1"
"POINT (10.068695618000049 53.601231168000027)","Unfall 160550 (2019) Kat:3, Licht: 0","160550","3","2","4","08","10","7","0","0","0","1","0","0"
"POINT (10.105198758000029 53.538631738000049)","Unfall 160551 (2019) Kat:3, Licht: 0","160551","3","7","6","07","17","5","0","0","0","1","1","0"
"POINT (10.024521272000072 53.565539753000053)","Unfall 160552 (2019) Kat:3, Licht: 0","160552","3","6","2","08","14","7","0","0","0","1","0","0"
"POINT (10.083433650000075 53.554925700000069)","Unfall 160553 (2019) Kat:3, Licht: 0","160553","3","6","2","07","17","5","0","0","0","1","0","0"
"POINT (9.904794053000046 53.602806442000031)","Unfall 160554 (2019) Kat:3, Licht: 0","160554","3","5","1","08","13","7","0","0","0","1","0","0"
"POINT (10.048018507000052 53.555395762000046)","Unfall 160555 (2019) Kat:3, Licht: 0","160555","3","6","3","07","16","5","0","0","1","1","0","0"
"POINT (10.065324263000036 53.569792842000027)","Unfall 160556 (2019) Kat:3, Licht: 1","160556","3","6","2","07","20","5","0","1","0","1","0","0"
"POINT (9.817276847000073 53.573788973000035)","Unfall 160557 (2019) Kat:3, Licht: 0","160557","3","6","2","08","11","7","0","0","1","1","0","0"
"POINT (10.061876696000070 53.610659657000042)","Unfall 160558 (2019) Kat:3, Licht: 0","160558","3","3","5","07","08","5","0","0","1","1","0","0"
"POINT (9.875524938000069 53.591490931000067)","Unfall 160559 (2019) Kat:2, Licht: 0","160559","2","6","2","08","10","7","0","0","0","1","0","1"
"POINT (9.926272195000024 53.571942937000074)","Unfall 160560 (2019) Kat:3, Licht: 0","160560","3","2","3","07","07","5","0","0","1","0","0","0"
"POINT (9.992368649000071 53.560503321000056)","Unfall 160561 (2019) Kat:3, Licht: 0","160561","3","3","5","07","07","5","0","0","1","1","0","0"
"POINT (9.990492660000029 53.560304356000074)","Unfall 160562 (2019) Kat:3, Licht: 0","160562","3","2","3","08","14","7","0","0","1","0","0","0"
"POINT (10.013249672000029 53.558925148000071)","Unfall 160563 (2019) Kat:3, Licht: 0","160563","3","6","2","08","12","7","0","0","0","0","0","1"
"POINT (9.962418274000072 53.551396794000027)","Unfall 160564 (2019) Kat:3, Licht: 0","160564","3","6","2","07","09","5","0","0","0","1","0","0"
"POINT (9.976337153000031 53.557916078000062)","Unfall 160565 (2019) Kat:3, Licht: 2","160565","3","7","0","07","03","5","0","2","1","0","0","0"
"POINT (10.149073316000056 53.523458953000045)","Unfall 160566 (2019) Kat:3, Licht: 0","160566","3","7","4","07","13","4","0","0","0","1","0","0"
"POINT (10.040997629000060 53.543559502000051)","Unfall 160567 (2019) Kat:3, Licht: 0","160567","3","6","0","07","19","4","0","0","1","0","0","0"
"POINT (10.040325447000043 53.555478625000035)","Unfall 160568 (2019) Kat:3, Licht: 0","160568","3","2","3","07","11","4","0","0","1","1","0","0"
"POINT (10.119541361000074 53.606423322000069)","Unfall 160569 (2019) Kat:3, Licht: 0","160569","3","2","3","07","10","4","0","0","0","0","0","0"
"POINT (9.907517465000069 53.512520411000082)","Unfall 160570 (2019) Kat:3, Licht: 0","160570","3","6","3","08","06","6","0","0","0","1","0","0"
"POINT (9.784931360000030 53.536588663000032)","Unfall 160571 (2019) Kat:3, Licht: 2","160571","3","7","0","08","01","6","0","2","0","0","0","1"
"POINT (10.072107715000072 53.573733960000027)","Unfall 160572 (2019) Kat:3, Licht: 0","160572","3","6","3","07","19","4","0","0","0","1","0","0"
"POINT (10.075035994000075 53.593080691000068)","Unfall 160573 (2019) Kat:3, Licht: 0","160573","3","5","1","07","08","4","0","0","1","1","0","0"
"POINT (9.979081943000040 53.457719853000071)","Unfall 160574 (2019) Kat:3, Licht: 0","160574","3","7","6","08","13","6","0","0","1","0","1","0"
"POINT (10.009526201000028 53.599714810000080)","Unfall 160575 (2019) Kat:3, Licht: 0","160575","3","6","2","07","18","4","0","0","0","1","0","0"
"POINT (10.177925829000060 53.493124967000028)","Unfall 160576 (2019) Kat:3, Licht: 0","160576","3","6","4","08","13","6","0","0","0","1","0","0"
"POINT (9.995589860000052 53.598588849000066)","Unfall 160577 (2019) Kat:2, Licht: 0","160577","2","5","1","07","09","4","0","0","1","0","0","0"
"POINT (10.016235461000065 53.562174216000074)","Unfall 160578 (2019) Kat:3, Licht: 0","160578","3","6","2","07","07","4","0","0","0","1","0","0"
"POINT (10.092622711000047 53.514359069000079)","Unfall 160579 (2019) Kat:3, Licht: 0","160579","3","6","2","08","12","6","0","0","0","1","0","0"
"POINT (10.089871087000063 53.510817292000070)","Unfall 160580 (2019) Kat:3, Licht: 0","160580","3","6","2","08","14","6","0","0","0","1","0","0"
"POINT (9.865001759000052 53.557541434000029)","Unfall 160581 (2019) Kat:3, Licht: 0","160581","3","3","5","07","05","4","0","0","1","0","0","0"
"POINT (10.106541671000059 53.546885374000055)","Unfall 160582 (2019) Kat:3, Licht: 0","160582","3","6","3","08","17","6","0","0","0","1","0","0"
"POINT (9.889684685000077 53.570254298000066)","Unfall 160583 (2019) Kat:3, Licht: 0","160583","3","3","5","07","18","4","0","0","1","1","0","0"
"POINT (10.104741314000023 53.544786418000058)","Unfall 160584 (2019) Kat:3, Licht: 0","160584","3","5","1","08","13","6","0","0","0","1","0","0"
"POINT (9.980822453000030 53.606231971000057)","Unfall 160585 (2019) Kat:3, Licht: 0","160585","3","3","5","07","09","4","0","0","0","1","0","0"
"POINT (9.973703104000038 53.611836055000026)","Unfall 160586 (2019) Kat:3, Licht: 0","160586","3","2","3","07","17","4","0","0","1","1","0","0"
"POINT (10.029221592000056 53.554144621000034)","Unfall 160587 (2019) Kat:3, Licht: 0","160587","3","7","6","08","16","6","0","0","1","0","1","0"
"POINT (9.981490076000057 53.583079304000080)","Unfall 160588 (2019) Kat:3, Licht: 0","160588","3","6","2","07","14","4","0","0","1","1","0","0"
"POINT (10.136303257000066 53.571744067000054)","Unfall 160589 (2019) Kat:3, Licht: 0","160589","3","7","5","08","11","6","0","0","0","1","0","0"
"POINT (9.960238882000056 53.556658099000060)","Unfall 160590 (2019) Kat:3, Licht: 0","160590","3","5","1","07","15","4","0","0","1","1","0","0"
"POINT (10.143492338000044 53.600393124000050)","Unfall 160591 (2019) Kat:3, Licht: 0","160591","3","2","4","08","11","6","0","0","0","0","0","0"
"POINT (9.873322668000071 53.534694886000068)","Unfall 160592 (2019) Kat:3, Licht: 0","160592","3","3","0","07","17","3","0","0","1","0","0","0"
"POINT (10.048773707000066 53.602113612000039)","Unfall 160593 (2019) Kat:3, Licht: 0","160593","3","6","4","08","18","6","1","0","1","1","0","0"
"POINT (9.911636820000069 53.511693236000042)","Unfall 160594 (2019) Kat:3, Licht: 1","160594","3","1","9","07","06","3","1","1","0","0","0","1"
"POINT (10.010342324000021 53.625005863000069)","Unfall 160595 (2019) Kat:3, Licht: 0","160595","3","5","1","08","20","6","0","0","1","1","0","0"
"POINT (10.013961208000069 53.596202448000042)","Unfall 160596 (2019) Kat:3, Licht: 0","160596","3","4","6","08","07","6","1","0","0","1","1","0"
"POINT (9.987545462000071 53.517388007000079)","Unfall 160597 (2019) Kat:3, Licht: 0","160597","3","3","5","07","16","3","0","0","0","1","0","1"
"POINT (9.991735727000048 53.483288713000036)","Unfall 160598 (2019) Kat:2, Licht: 0","160598","2","6","2","07","09","3","1","0","0","1","0","0"
"POINT (9.763617646000057 53.582682489000035)","Unfall 160599 (2019) Kat:3, Licht: 0","160599","3","2","3","08","19","6","0","0","1","0","0","0"
"POINT (10.070367228000066 53.552763383000070)","Unfall 160600 (2019) Kat:3, Licht: 0","160600","3","6","2","07","10","3","1","0","0","1","0","0"
"POINT (9.869943200000023 53.593731543000047)","Unfall 160601 (2019) Kat:3, Licht: 0","160601","3","6","3","08","10","6","0","0","0","0","0","1"
"POINT (10.060684081000034 53.570690333000073)","Unfall 160602 (2019) Kat:3, Licht: 0","160602","3","2","5","07","14","3","0","0","1","1","0","0"
"POINT (10.070512357000041 53.572865605000061)","Unfall 160603 (2019) Kat:3, Licht: 0","160603","3","6","2","07","06","3","1","0","0","0","0","0"
"POINT (10.064730340000040 53.571368776000043)","Unfall 160604 (2019) Kat:3, Licht: 0","160604","3","3","5","07","09","3","0","0","0","1","0","0"
"POINT (9.900276979000068 53.631433657000059)","Unfall 160605 (2019) Kat:3, Licht: 0","160605","3","6","2","08","15","6","1","0","0","1","0","1"
"POINT (9.953772889000049 53.545610769000064)","Unfall 160606 (2019) Kat:3, Licht: 0","160606","3","6","3","08","14","6","1","0","1","1","0","0"
"POINT (10.063320845000021 53.569356560000074)","Unfall 160607 (2019) Kat:3, Licht: 0","160607","3","2","3","07","17","3","0","0","0","1","0","0"
"POINT (9.994196380000062 53.558486083000048)","Unfall 160608 (2019) Kat:2, Licht: 0","160608","2","3","5","08","11","6","0","0","1","1","0","0"
"POINT (10.014742147000049 53.585590594000053)","Unfall 160609 (2019) Kat:3, Licht: 0","160609","3","7","0","07","10","3","1","0","0","0","0","1"
"POINT (9.993567395000071 53.572510129000079)","Unfall 160610 (2019) Kat:3, Licht: 2","160610","3","1","8","08","00","6","0","2","0","0","0","0"
"POINT (10.016292701000054 53.561918398000046)","Unfall 160611 (2019) Kat:3, Licht: 0","160611","3","6","2","07","21","3","0","0","0","1","0","0"
"POINT (10.046827117000021 53.585566938000056)","Unfall 160612 (2019) Kat:3, Licht: 0","160612","3","5","1","07","18","3","0","0","0","1","0","1"
"POINT (10.042647516000045 53.579149258000029)","Unfall 160613 (2019) Kat:2, Licht: 0","160613","2","5","1","07","13","3","0","0","0","0","0","1"
"POINT (10.045342577000042 53.569468386000040)","Unfall 160614 (2019) Kat:2, Licht: 0","160614","2","6","3","07","09","3","0","0","0","1","0","0"
"POINT (9.892541885000071 53.603236716000026)","Unfall 160615 (2019) Kat:3, Licht: 2","160615","3","6","4","07","05","3","1","2","1","0","0","0"
"POINT (9.919826144000069 53.570713239000042)","Unfall 160616 (2019) Kat:3, Licht: 0","160616","3","6","2","07","17","3","0","0","0","1","0","0"
"POINT (9.988506408000035 53.582208211000079)","Unfall 160617 (2019) Kat:3, Licht: 0","160617","3","7","0","08","09","6","0","0","1","0","0","0"
"POINT (9.920295210000063 53.562998575000051)","Unfall 160618 (2019) Kat:3, Licht: 0","160618","3","3","5","07","10","3","1","0","1","1","0","0"
"POINT (9.963691066000024 53.612802050000028)","Unfall 160619 (2019) Kat:3, Licht: 0","160619","3","3","5","07","18","3","0","0","0","1","0","0"
"POINT (9.945664374000046 53.579519135000055)","Unfall 160620 (2019) Kat:3, Licht: 2","160620","3","1","9","07","23","3","0","2","0","1","0","0"
"POINT (9.989982565000048 53.605805811000039)","Unfall 160621 (2019) Kat:3, Licht: 0","160621","3","3","5","07","08","3","1","0","1","1","0","0"
"POINT (9.957308391000026 53.574986645000081)","Unfall 160622 (2019) Kat:3, Licht: 0","160622","3","7","0","07","13","3","0","0","1","1","0","0"
"POINT (10.003974630000073 53.553738974000055)","Unfall 160623 (2019) Kat:3, Licht: 0","160623","3","6","2","08","09","6","0","0","0","1","0","0"
"POINT (9.935218605000046 53.550314581000066)","Unfall 160624 (2019) Kat:2, Licht: 0","160624","2","1","0","07","19","3","0","0","0","1","0","1"
"POINT (10.014132821000032 53.559663416000035)","Unfall 160625 (2019) Kat:3, Licht: 0","160625","3","5","1","08","19","6","0","0","1","1","0","0"
"POINT (9.989022049000027 53.558213214000034)","Unfall 160626 (2019) Kat:3, Licht: 0","160626","3","2","3","07","20","3","0","0","0","1","0","0"
"POINT (9.984563174000073 53.552624180000066)","Unfall 160627 (2019) Kat:3, Licht: 0","160627","3","3","5","07","13","3","0","0","0","1","0","0"
"POINT (9.963732300000061 53.465130054000042)","Unfall 160628 (2019) Kat:3, Licht: 0","160628","3","6","6","07","13","2","0","0","1","0","1","0"
"POINT (9.956498307000061 53.470931173000054)","Unfall 160629 (2019) Kat:3, Licht: 0","160629","3","3","5","08","16","5","0","0","0","1","0","0"
"POINT (10.209912195000072 53.497595363000073)","Unfall 160630 (2019) Kat:3, Licht: 0","160630","3","3","5","07","19","2","0","0","1","1","0","0"
"POINT (9.991395453000052 53.443243029000030)","Unfall 160631 (2019) Kat:3, Licht: 0","160631","3","2","3","08","11","5","0","0","1","1","0","0"
"POINT (10.084835784000063 53.554747894000059)","Unfall 160632 (2019) Kat:3, Licht: 0","160632","3","6","2","07","16","2","0","0","0","1","0","0"
"POINT (10.206909594000024 53.484854551000069)","Unfall 160633 (2019) Kat:3, Licht: 0","160633","3","6","1","08","16","5","0","0","0","1","0","0"
"POINT (10.200950394000074 53.483821081000031)","Unfall 160634 (2019) Kat:3, Licht: 0","160634","3","7","0","08","07","5","0","0","1","1","0","0"
"POINT (10.013398769000048 53.548403027000063)","Unfall 160635 (2019) Kat:3, Licht: 0","160635","3","3","5","07","08","2","0","0","0","1","0","0"
"POINT (10.042967267000051 53.540227131000051)","Unfall 160636 (2019) Kat:3, Licht: 0","160636","3","3","5","08","13","5","0","0","0","1","0","0"
"POINT (10.046099203000040 53.675618318000033)","Unfall 160637 (2019) Kat:3, Licht: 0","160637","3","3","5","07","17","2","0","0","1","1","0","0"
"POINT (10.063978726000073 53.552628103000075)","Unfall 160638 (2019) Kat:3, Licht: 0","160638","3","3","5","08","07","5","0","0","1","1","0","0"
"POINT (10.073232184000062 53.574168290000046)","Unfall 160639 (2019) Kat:3, Licht: 0","160639","3","2","3","08","16","5","0","0","1","1","0","0"
"POINT (10.086078245000067 53.645151502000033)","Unfall 160640 (2019) Kat:2, Licht: 0","160640","2","6","4","07","08","2","0","0","1","0","0","0"
"POINT (10.070709495000074 53.573264804000075)","Unfall 160641 (2019) Kat:3, Licht: 0","160641","3","2","2","08","12","5","0","0","0","1","0","1"
"POINT (10.014523475000033 53.576388261000034)","Unfall 160642 (2019) Kat:3, Licht: 0","160642","3","5","1","07","09","2","0","0","0","1","0","1"
"POINT (10.045944461000033 53.608207914000047)","Unfall 160643 (2019) Kat:2, Licht: 0","160643","2","2","5","08","16","5","0","0","1","1","0","0"
"POINT (9.902218338000068 53.608805891000031)","Unfall 160644 (2019) Kat:3, Licht: 1","160644","3","7","6","07","19","2","0","1","0","1","1","0"
"POINT (10.051527316000033 53.608491112000081)","Unfall 160645 (2019) Kat:3, Licht: 0","160645","3","6","6","08","08","5","0","0","1","0","1","0"
"POINT (10.006267216000026 53.523666693000052)","Unfall 160646 (2019) Kat:3, Licht: 1","160646","3","3","5","07","23","2","0","1","0","1","0","0"
"POINT (10.013817894000056 53.629219329000080)","Unfall 160647 (2019) Kat:2, Licht: 0","160647","2","6","2","08","14","5","0","0","0","1","0","1"
"POINT (10.032587353000054 53.591389543000048)","Unfall 160648 (2019) Kat:3, Licht: 0","160648","3","6","2","08","15","5","0","0","0","1","0","0"
"POINT (10.016715573000056 53.562032857000077)","Unfall 160649 (2019) Kat:3, Licht: 0","160649","3","6","2","08","10","5","0","0","0","1","0","0"
"POINT (9.878158871000039 53.478781839000078)","Unfall 160650 (2019) Kat:3, Licht: 0","160650","3","4","6","07","17","1","0","0","0","1","1","0"
"POINT (10.039052408000032 53.578405204000035)","Unfall 160651 (2019) Kat:3, Licht: 0","160651","3","6","4","08","07","5","0","0","1","0","1","0"
"POINT (10.187472780000064 53.400798104000046)","Unfall 160652 (2019) Kat:2, Licht: 0","160652","2","5","1","07","14","1","0","0","1","1","0","0"
"POINT (9.885576880000031 53.597239916000035)","Unfall 160653 (2019) Kat:2, Licht: 0","160653","2","3","5","08","17","5","0","0","0","1","0","0"
"POINT (10.093042983000032 53.587784343000067)","Unfall 160654 (2019) Kat:3, Licht: 0","160654","3","6","2","07","10","1","0","0","0","1","0","0"
"POINT (10.059398469000030 53.594212987000049)","Unfall 160655 (2019) Kat:3, Licht: 1","160655","3","6","1","07","20","1","0","1","0","1","0","0"
"POINT (9.965444548000050 53.609919347000073)","Unfall 160656 (2019) Kat:3, Licht: 0","160656","3","4","6","08","07","5","0","0","0","1","1","0"
"POINT (10.030644284000061 53.619181763000029)","Unfall 160657 (2019) Kat:3, Licht: 0","160657","3","7","0","07","15","1","0","0","1","0","0","0"
"POINT (9.960535452000045 53.578604548000044)","Unfall 160658 (2019) Kat:3, Licht: 0","160658","3","7","1","08","09","5","0","0","1","0","0","0"
"POINT (9.952717350000057 53.619015567000076)","Unfall 160659 (2019) Kat:2, Licht: 0","160659","2","1","9","07","14","1","0","0","0","1","0","0"
"POINT (9.969937894000054 53.567457927000078)","Unfall 160660 (2019) Kat:3, Licht: 0","160660","3","6","3","08","12","5","0","0","0","1","0","0"
"POINT (9.956791611000028 53.562172020000048)","Unfall 160661 (2019) Kat:3, Licht: 0","160661","3","2","4","08","19","5","0","0","1","1","0","0"
"POINT (9.936883088000059 53.550232190000031)","Unfall 160662 (2019) Kat:3, Licht: 0","160662","3","6","2","07","20","1","0","0","0","1","0","0"
"POINT (9.970104991000028 53.557292492000045)","Unfall 160663 (2019) Kat:3, Licht: 0","160663","3","7","0","08","19","5","0","0","1","1","0","0"
"POINT (9.960165177000022 53.563654346000078)","Unfall 160664 (2019) Kat:3, Licht: 0","160664","3","2","3","07","18","1","0","0","1","1","0","0"
"POINT (9.970142157000055 53.549076829000057)","Unfall 160665 (2019) Kat:3, Licht: 0","160665","3","5","1","08","18","5","0","0","1","0","0","0"
"POINT (9.885324166000032 53.517902952000043)","Unfall 160666 (2019) Kat:3, Licht: 0","160666","3","2","5","07","18","7","0","0","0","1","0","0"
"POINT (10.015842179000060 53.551761613000053)","Unfall 160667 (2019) Kat:3, Licht: 0","160667","3","3","5","08","06","5","0","0","1","1","0","0"
"POINT (10.174144891000026 53.487944555000070)","Unfall 160668 (2019) Kat:3, Licht: 0","160668","3","7","0","07","15","7","1","0","1","0","0","0"
"POINT (9.966018996000059 53.471564458000046)","Unfall 160669 (2019) Kat:3, Licht: 0","160669","3","7","0","08","16","5","0","0","1","0","0","0"
"POINT (9.906050290000053 53.503098823000073)","Unfall 160670 (2019) Kat:3, Licht: 1","160670","3","1","8","07","05","4","1","1","0","1","0","0"
"POINT (9.904985380000028 53.608607073000030)","Unfall 160671 (2019) Kat:3, Licht: 0","160671","3","6","1","07","05","7","0","0","0","1","0","0"
"POINT (9.876722736000033 53.591743247000068)","Unfall 160672 (2019) Kat:3, Licht: 0","160672","3","6","0","07","17","7","0","0","0","1","0","0"
"POINT (10.021400531000040 53.494763084000056)","Unfall 160673 (2019) Kat:3, Licht: 0","160673","3","3","5","07","13","4","0","0","0","1","0","0"
"POINT (9.949425191000046 53.558425518000035)","Unfall 160674 (2019) Kat:2, Licht: 0","160674","2","2","6","07","09","7","0","0","0","1","1","0"
"POINT (10.159793819000072 53.488458237000032)","Unfall 160675 (2019) Kat:3, Licht: 0","160675","3","2","4","07","15","4","0","0","0","1","0","0"
"POINT (9.993731026000035 53.558617667000078)","Unfall 160676 (2019) Kat:3, Licht: 0","160676","3","6","2","07","16","7","1","0","0","1","0","1"
"POINT (9.962703354000041 53.548085981000042)","Unfall 160677 (2019) Kat:3, Licht: 0","160677","3","4","6","07","20","7","0","0","0","1","1","0"
"POINT (10.203774206000048 53.471665615000063)","Unfall 160678 (2019) Kat:2, Licht: 0","160678","2","7","4","07","11","4","0","0","1","0","0","0"
"POINT (10.086127375000046 53.536103501000071)","Unfall 160679 (2019) Kat:2, Licht: 1","160679","2","3","6","07","06","4","1","1","0","1","1","0"
"POINT (9.991007065000076 53.454592098000035)","Unfall 160680 (2019) Kat:2, Licht: 0","160680","2","6","3","07","16","6","0","0","0","0","0","0"
"POINT (10.144487980000065 53.543689028000074)","Unfall 160681 (2019) Kat:3, Licht: 0","160681","3","6","2","07","09","6","1","0","0","1","0","0"
"POINT (10.067803786000070 53.582239075000075)","Unfall 160682 (2019) Kat:2, Licht: 0","160682","2","2","6","07","13","4","1","0","0","1","1","0"
"POINT (10.099140021000039 53.538468845000068)","Unfall 160683 (2019) Kat:3, Licht: 0","160683","3","3","5","07","09","6","1","0","0","1","0","0"
"POINT (10.086366841000029 53.577577322000081)","Unfall 160684 (2019) Kat:3, Licht: 0","160684","3","6","2","07","19","4","1","0","0","1","0","0"
"POINT (10.070463129000075 53.534427133000065)","Unfall 160685 (2019) Kat:3, Licht: 2","160685","3","5","1","07","23","6","0","2","0","1","0","0"
"POINT (10.047882707000042 53.610886479000044)","Unfall 160686 (2019) Kat:3, Licht: 0","160686","3","3","5","07","19","6","0","0","0","1","0","0"
"POINT (10.044228925000027 53.609050724000042)","Unfall 160687 (2019) Kat:3, Licht: 0","160687","3","3","5","07","14","4","0","0","0","1","0","0"
"POINT (10.117001760000051 53.645183974000076)","Unfall 160688 (2019) Kat:2, Licht: 0","160688","2","3","5","07","14","4","1","0","1","1","0","0"
"POINT (10.114198513000076 53.652699890000065)","Unfall 160689 (2019) Kat:3, Licht: 0","160689","3","6","2","07","19","6","0","0","0","1","0","0"
"POINT (10.015526810000040 53.590097306000075)","Unfall 160690 (2019) Kat:3, Licht: 0","160690","3","2","4","07","19","4","0","0","1","1","0","0"
"POINT (10.040615762000073 53.570280955000044)","Unfall 160691 (2019) Kat:3, Licht: 2","160691","3","3","5","07","02","6","1","2","0","1","0","0"
"POINT (9.903209270000048 53.608569891000059)","Unfall 160692 (2019) Kat:3, Licht: 0","160692","3","2","6","07","13","4","0","0","1","0","1","0"
"POINT (10.023793474000058 53.575394865000078)","Unfall 160693 (2019) Kat:3, Licht: 2","160693","3","5","1","07","23","6","0","2","1","1","0","0"
"POINT (10.038522036000074 53.599997654000049)","Unfall 160694 (2019) Kat:3, Licht: 0","160694","3","1","0","07","15","6","1","0","1","0","0","0"
"POINT (9.934199446000037 53.550271412000029)","Unfall 160695 (2019) Kat:3, Licht: 0","160695","3","7","1","07","09","4","1","0","1","1","0","0"
"POINT (9.929781292000030 53.568982585000072)","Unfall 160696 (2019) Kat:3, Licht: 0","160696","3","3","5","07","16","6","0","0","1","1","0","0"
"POINT (9.975515455000050 53.577878903000055)","Unfall 160697 (2019) Kat:3, Licht: 0","160697","3","3","5","07","14","4","0","0","1","0","0","0"
"POINT (10.054565998000044 53.559615618000066)","Unfall 160698 (2019) Kat:3, Licht: 0","160698","3","3","6","07","18","5","1","0","1","0","1","0"
"POINT (10.065702738000027 53.569878950000032)","Unfall 160699 (2019) Kat:3, Licht: 0","160699","3","6","3","07","13","5","0","0","1","1","0","0"
"POINT (9.977599059000056 53.564302990000044)","Unfall 160700 (2019) Kat:3, Licht: 0","160700","3","3","5","07","18","4","0","0","1","0","0","0"
"POINT (10.070221325000034 53.588847850000036)","Unfall 160701 (2019) Kat:3, Licht: 0","160701","3","7","0","07","18","5","1","0","0","0","0","1"
"POINT (9.969491494000067 53.557326766000074)","Unfall 160702 (2019) Kat:3, Licht: 0","160702","3","1","0","07","09","4","1","0","0","0","0","1"
"POINT (10.072954006000032 53.608738521000078)","Unfall 160703 (2019) Kat:3, Licht: 0","160703","3","4","6","07","14","5","0","0","0","1","1","0"
"POINT (10.033239050000077 53.621361050000075)","Unfall 160704 (2019) Kat:3, Licht: 0","160704","3","4","6","07","18","5","1","0","1","0","1","0"
"POINT (10.016030849000060 53.649410972000055)","Unfall 160705 (2019) Kat:3, Licht: 0","160705","3","4","6","07","11","5","0","0","1","0","1","0"
"POINT (9.977689112000064 53.550218693000033)","Unfall 160706 (2019) Kat:3, Licht: 0","160706","3","2","4","07","14","4","0","0","1","1","0","0"
"POINT (10.020755608000059 53.566251903000079)","Unfall 160707 (2019) Kat:3, Licht: 2","160707","3","6","1","07","23","5","1","2","0","1","0","0"