WKT,Name,OBJECTID,UKATEGORIE,UTYP1,UART,UMONAT,USTUNDE,UWOCHENTAG,STRZUSTAND,ULICHTVERH,ISTRAD,ISTPKW,ISTFUSS,ISTKRAD
"POINT (10.012012819000063 53.549400523000031)","Unfall 160708 (2019) Kat:3, Licht: 0","160708","3","7","0","07","08","4","1","0","1","0","0","0"
"POINT (10.038766881000072 53.562751755000079)","Unfall 160709 (2019) Kat:3, Licht: 0","160709","3","3","5","07","07","5","0","0","1","0","0","0"
"POINT (9.905407372000070 53.513429620000068)","Unfall 160710 (2019) Kat:2, Licht: 0","160710","2","6","2","07","19","3","0","0","0","0","0","1"
"POINT (9.857932338000069 53.550065177000079)","Unfall 160711 (2019) Kat:2, Licht: 0","160711","2","3","5","07","08","5","0","0","1","0","0","0"
"POINT (9.943753935000075 53.550423758000079)","Unfall 160712 (2019) Kat:3, Licht: 0","160712","3","3","0","07","11","5","0","0","0","1","0","0"
"POINT (10.010808100000077 53.460604737000040)","Unfall 160713 (2019) Kat:3, Licht: 0","160713","3","2","3","07","10","3","0","0","1","1","0","0"
"POINT (9.953296246000036 53.551147142000048)","Unfall 160714 (2019) Kat:3, Licht: 0","160714","3","3","5","07","20","5","1","0","0","1","0","1"
"POINT (10.101908081000033 53.497530320000067)","Unfall 160715 (2019) Kat:3, Licht: 2","160715","3","6","4","07","04","3","1","2","0","0","0","0"
"POINT (9.934827716000029 53.548144518000072)","Unfall 160716 (2019) Kat:3, Licht: 0","160716","3","6","3","07","17","5","0","0","1","0","0","0"
"POINT (10.092564776000074 53.542355262000058)","Unfall 160717 (2019) Kat:3, Licht: 0","160717","3","6","4","07","16","3","0","0","1","1","0","0"
"POINT (9.985687740000060 53.571915933000071)","Unfall 160718 (2019) Kat:3, Licht: 0","160718","3","5","1","07","08","5","0","0","0","0","0","0"
"POINT (9.986613448000071 53.461829447000071)","Unfall 160719 (2019) Kat:3, Licht: 0","160719","3","6","4","07","15","5","0","0","0","1","0","0"
"POINT (10.074801511000032 53.572289517000058)","Unfall 160720 (2019) Kat:3, Licht: 0","160720","3","2","4","07","18","3","0","0","0","1","0","0"
"POINT (9.976422154000034 53.460451510000041)","Unfall 160721 (2019) Kat:3, Licht: 0","160721","3","6","2","07","06","4","0","0","0","1","0","0"
"POINT (10.000848090000034 53.681108611000070)","Unfall 160722 (2019) Kat:3, Licht: 0","160722","3","5","1","07","13","3","0","0","0","1","0","0"
"POINT (10.022758435000071 53.529484902000036)","Unfall 160723 (2019) Kat:3, Licht: 0","160723","3","7","3","07","14","4","0","0","0","1","0","0"
"POINT (10.090610873000060 53.509966675000044)","Unfall 160724 (2019) Kat:3, Licht: 0","160724","3","3","5","07","15","4","0","0","0","0","0","0"
"POINT (10.024946307000050 53.605297236000069)","Unfall 160725 (2019) Kat:3, Licht: 0","160725","3","6","2","07","16","3","0","0","0","1","0","1"
"POINT (10.194919124000023 53.488895396000032)","Unfall 160726 (2019) Kat:3, Licht: 0","160726","3","2","3","07","19","4","0","0","1","1","0","0"
"POINT (10.040596802000039 53.581394782000075)","Unfall 160727 (2019) Kat:3, Licht: 0","160727","3","3","5","07","18","3","0","0","1","1","0","0"
"POINT (10.214742604000037 53.424672426000029)","Unfall 160728 (2019) Kat:3, Licht: 0","160728","3","3","5","07","20","4","0","0","1","0","0","1"
"POINT (10.042645435000054 53.555618610000067)","Unfall 160729 (2019) Kat:3, Licht: 0","160729","3","3","5","07","17","4","0","0","1","1","0","0"
"POINT (10.105306001000031 53.570454930000039)","Unfall 160730 (2019) Kat:3, Licht: 0","160730","3","2","5","07","16","4","0","0","1","1","0","0"
"POINT (9.929751272000033 53.593153157000074)","Unfall 160731 (2019) Kat:3, Licht: 0","160731","3","6","4","07","07","3","1","0","1","1","0","0"
"POINT (10.063813388000028 53.571176659000059)","Unfall 160732 (2019) Kat:3, Licht: 0","160732","3","7","5","07","18","4","0","0","0","1","0","1"
"POINT (9.919186267000043 53.627941306000082)","Unfall 160733 (2019) Kat:3, Licht: 1","160733","3","6","2","07","21","3","0","1","0","1","0","0"
"POINT (10.090498481000054 53.595051090000027)","Unfall 160734 (2019) Kat:2, Licht: 0","160734","2","3","5","07","11","4","0","0","0","1","0","1"
"POINT (9.971739512000056 53.585322556000051)","Unfall 160735 (2019) Kat:3, Licht: 0","160735","3","3","5","07","08","3","1","0","1","1","0","0"
"POINT (10.085249828000030 53.602834421000068)","Unfall 160736 (2019) Kat:3, Licht: 0","160736","3","2","4","07","15","4","0","0","1","1","0","0"
"POINT (10.059454584000036 53.597279374000038)","Unfall 160737 (2019) Kat:3, Licht: 0","160737","3","1","0","07","14","4","0","0","0","0","0","1"
"POINT (9.925558502000058 53.550771473000054)","Unfall 160738 (2019) Kat:3, Licht: 0","160738","3","2","4","07","18","3","0","0","1","1","0","0"
"POINT (10.026316945000076 53.631590559000074)","Unfall 160739 (2019) Kat:2, Licht: 0","160739","2","3","5","07","17","4","0","0","1","0","0","0"
"POINT (9.940582366000058 53.544472445000054)","Unfall 160740 (2019) Kat:3, Licht: 0","160740","3","7","5","07","13","3","0","0","0","1","0","1"
"POINT (10.025178979000032 53.658053945000063)","Unfall 160741 (2019) Kat:3, Licht: 0","160741","3","2","5","07","11","4","0","0","1","1","0","0"
"POINT (9.927451260000055 53.550362096000072)","Unfall 160742 (2019) Kat:3, Licht: 0","160742","3","2","3","07","13","3","0","0","1","1","0","0"
"POINT (9.977836672000024 53.571722767000040)","Unfall 160743 (2019) Kat:3, Licht: 0","160743","3","4","6","07","07","3","1","0","0","0","1","1"
"POINT (10.035337816000037 53.564604087000077)","Unfall 160744 (2019) Kat:2, Licht: 0","160744","2","7","1","07","14","4","0","0","1","1","0","0"
"POINT (9.984675847000062 53.583358390000058)","Unfall 160745 (2019) Kat:3, Licht: 0","160745","3","7","0","07","09","3","0","0","0","0","0","0"
"POINT (9.847468651000042 53.567383147000044)","Unfall 160746 (2019) Kat:3, Licht: 1","160746","3","3","5","07","21","4","0","1","1","1","0","0"
"POINT (9.925828622000040 53.650729193000075)","Unfall 160747 (2019) Kat:3, Licht: 0","160747","3","7","0","07","11","4","0","0","1","1","0","0"
"POINT (9.986448271000029 53.547865501000047)","Unfall 160748 (2019) Kat:3, Licht: 2","160748","3","2","4","07","22","3","0","2","0","1","0","0"
"POINT (9.996797559000072 53.548583827000073)","Unfall 160749 (2019) Kat:3, Licht: 0","160749","3","6","0","07","08","3","1","0","1","1","0","0"
"POINT (9.974212864000037 53.644895076000068)","Unfall 160750 (2019) Kat:3, Licht: 0","160750","3","4","6","07","06","4","0","0","1","0","1","0"
"POINT (10.006301847000032 53.551815348000048)","Unfall 160751 (2019) Kat:3, Licht: 0","160751","3","2","4","07","14","3","0","0","1","1","0","0"
"POINT (9.963477512000054 53.584437795000042)","Unfall 160752 (2019) Kat:3, Licht: 0","160752","3","3","5","07","06","4","0","0","1","1","0","0"
"POINT (9.939269838000030 53.553841759000079)","Unfall 160753 (2019) Kat:3, Licht: 2","160753","3","2","4","07","00","4","0","2","0","1","0","0"
"POINT (9.925248646000057 53.520388678000074)","Unfall 160754 (2019) Kat:3, Licht: 0","160754","3","6","3","07","08","3","0","0","0","1","0","0"
"POINT (10.011405202000049 53.463168860000053)","Unfall 160755 (2019) Kat:3, Licht: 0","160755","3","6","2","07","19","2","0","0","0","1","0","0"
"POINT (9.939299131000041 53.553787397000065)","Unfall 160756 (2019) Kat:3, Licht: 0","160756","3","7","0","07","16","4","0","0","0","1","0","1"
"POINT (10.087552852000044 53.651043810000033)","Unfall 160757 (2019) Kat:3, Licht: 0","160757","3","3","0","07","18","2","1","0","1","1","0","0"
"POINT (10.023851939000053 53.527204505000043)","Unfall 160758 (2019) Kat:3, Licht: 0","160758","3","4","6","07","14","3","0","0","0","1","1","0"
"POINT (10.013156180000067 53.627739071000065)","Unfall 160759 (2019) Kat:3, Licht: 0","160759","3","3","5","07","17","2","0","0","1","1","0","0"
"POINT (10.175456987000075 53.512867711000069)","Unfall 160760 (2019) Kat:3, Licht: 0","160760","3","6","2","07","16","3","0","0","0","1","0","0"
"POINT (10.094758084000034 53.530066845000079)","Unfall 160761 (2019) Kat:3, Licht: 0","160761","3","6","2","07","10","3","0","0","0","1","0","0"
"POINT (10.001308936000044 53.601238869000042)","Unfall 160762 (2019) Kat:3, Licht: 0","160762","3","4","2","07","06","2","0","0","0","1","1","0"
"POINT (10.073457979000068 53.528307879000067)","Unfall 160763 (2019) Kat:3, Licht: 0","160763","3","2","2","07","07","3","0","0","0","1","0","0"
"POINT (10.024888285000031 53.562819565000041)","Unfall 160764 (2019) Kat:2, Licht: 0","160764","2","2","3","07","16","2","1","0","1","1","0","0"
"POINT (10.147474393000039 53.604775873000051)","Unfall 160765 (2019) Kat:3, Licht: 2","160765","3","2","2","07","22","3","0","2","0","1","0","0"
"POINT (10.118592285000034 53.605054769000049)","Unfall 160766 (2019) Kat:3, Licht: 0","160766","3","4","6","07","15","3","0","0","0","1","1","0"
"POINT (10.047490751000055 53.572181705000048)","Unfall 160767 (2019) Kat:3, Licht: 0","160767","3","3","3","07","15","2","1","0","0","1","0","1"
"POINT (9.799278375000029 53.557962471000053)","Unfall 160768 (2019) Kat:3, Licht: 0","160768","3","7","0","07","20","2","0","0","1","0","0","0"
"POINT (10.110397370000044 53.574788096000077)","Unfall 160769 (2019) Kat:3, Licht: 0","160769","3","3","5","07","14","3","0","0","0","1","0","0"
"POINT (9.907469626000022 53.567468237000071)","Unfall 160770 (2019) Kat:3, Licht: 0","160770","3","6","3","07","14","2","0","0","1","1","0","0"
"POINT (10.078408963000072 53.584727047000058)","Unfall 160771 (2019) Kat:3, Licht: 2","160771","3","1","8","07","23","3","0","2","0","1","0","0"
"POINT (9.910001681000040 53.632746019000081)","Unfall 160772 (2019) Kat:2, Licht: 0","160772","2","3","5","07","13","2","0","0","0","1","0","1"
"POINT (10.058478861000026 53.608549011000036)","Unfall 160773 (2019) Kat:3, Licht: 0","160773","3","6","2","07","18","3","0","0","0","1","0","0"
"POINT (9.949180366000064 53.558901267000067)","Unfall 160774 (2019) Kat:3, Licht: 0","160774","3","6","3","07","12","2","0","0","0","1","0","0"
"POINT (9.989204670000049 53.581951980000042)","Unfall 160775 (2019) Kat:3, Licht: 0","160775","3","3","5","07","20","2","0","0","1","1","0","0"
"POINT (10.002640602000042 53.660428536000040)","Unfall 160776 (2019) Kat:3, Licht: 0","160776","3","2","3","07","17","3","0","0","1","1","0","0"
"POINT (9.981513623000069 53.578653691000056)","Unfall 160777 (2019) Kat:3, Licht: 0","160777","3","4","6","07","19","2","0","0","1","0","1","0"
"POINT (10.061936854000066 53.588555073000066)","Unfall 160778 (2019) Kat:3, Licht: 0","160778","3","6","2","07","12","3","0","0","0","1","0","0"
"POINT (9.995539194000060 53.550840415000039)","Unfall 160779 (2019) Kat:3, Licht: 0","160779","3","7","4","07","15","2","0","0","1","1","0","0"
"POINT (10.053437182000039 53.589417233000063)","Unfall 160780 (2019) Kat:2, Licht: 0","160780","2","6","2","07","17","3","0","0","1","1","0","0"
"POINT (9.991934735000029 53.466670861000068)","Unfall 160781 (2019) Kat:2, Licht: 0","160781","2","7","4","07","19","2","0","0","0","1","0","1"
"POINT (9.910712895000074 53.602259320000030)","Unfall 160782 (2019) Kat:2, Licht: 2","160782","2","7","8","07","23","3","0","2","0","1","0","0"
"POINT (10.135714755000038 53.570710893000069)","Unfall 160783 (2019) Kat:3, Licht: 0","160783","3","6","2","07","18","1","0","0","0","1","0","0"
"POINT (9.851940786000057 53.579142625000031)","Unfall 160784 (2019) Kat:3, Licht: 0","160784","3","6","2","07","15","3","0","0","0","1","0","0"
"POINT (9.911676255000032 53.633211232000065)","Unfall 160785 (2019) Kat:2, Licht: 0","160785","2","2","3","07","14","3","0","0","1","0","0","0"
"POINT (10.055831334000061 53.591502053000056)","Unfall 160786 (2019) Kat:3, Licht: 0","160786","3","6","2","07","18","1","0","0","0","1","0","0"
"POINT (9.952618411000060 53.573634622000043)","Unfall 160787 (2019) Kat:3, Licht: 2","160787","3","7","7","07","02","3","0","2","1","0","0","0"
"POINT (10.041928059000043 53.588298483000074)","Unfall 160788 (2019) Kat:3, Licht: 0","160788","3","2","4","07","16","1","0","0","0","1","0","0"
"POINT (9.981001321000065 53.567174893000072)","Unfall 160789 (2019) Kat:3, Licht: 0","160789","3","6","3","07","18","3","0","0","1","0","0","0"
"POINT (10.002206577000038 53.557339667000065)","Unfall 160790 (2019) Kat:3, Licht: 0","160790","3","3","5","07","17","3","0","0","1","0","0","1"
"POINT (10.032575084000030 53.563853924000057)","Unfall 160791 (2019) Kat:3, Licht: 2","160791","3","5","1","07","02","1","0","2","0","1","0","0"
"POINT (9.917485334000048 53.599882225000044)","Unfall 160792 (2019) Kat:3, Licht: 0","160792","3","7","0","07","20","1","0","0","1","1","0","0"
"POINT (9.878842049000070 53.533045525000034)","Unfall 160793 (2019) Kat:3, Licht: 0","160793","3","3","5","07","06","2","1","0","1","1","0","0"
"POINT (9.951372964000029 53.555099725000048)","Unfall 160794 (2019) Kat:3, Licht: 0","160794","3","7","0","07","19","1","0","0","1","0","0","0"
"POINT (9.976045918000068 53.424384740000050)","Unfall 160795 (2019) Kat:3, Licht: 0","160795","3","3","5","07","16","2","0","0","0","1","0","1"
"POINT (9.981017072000043 53.544339904000026)","Unfall 160796 (2019) Kat:3, Licht: 0","160796","3","6","0","07","18","1","0","0","1","0","0","0"
"POINT (10.183642007000060 53.489505256000029)","Unfall 160797 (2019) Kat:2, Licht: 0","160797","2","3","5","07","17","2","0","0","1","0","0","0"
"POINT (10.052814961000024 53.608402845000057)","Unfall 160798 (2019) Kat:3, Licht: 0","160798","3","2","3","07","15","2","1","0","1","1","0","0"
"POINT (10.013429327000040 53.559116742000072)","Unfall 160799 (2019) Kat:3, Licht: 2","160799","3","6","4","07","23","1","0","2","0","1","0","0"
"POINT (10.006332266000072 53.654284931000063)","Unfall 160800 (2019) Kat:3, Licht: 0","160800","3","4","6","07","16","2","0","0","0","1","1","0"
"POINT (9.916735707000044 53.481361974000038)","Unfall 160801 (2019) Kat:3, Licht: 0","160801","3","2","4","07","19","7","0","0","0","1","0","0"
"POINT (9.997628050000060 53.590537646000030)","Unfall 160802 (2019) Kat:3, Licht: 0","160802","3","5","1","07","09","2","0","0","1","1","0","0"
"POINT (10.045421191000059 53.589442578000046)","Unfall 160803 (2019) Kat:2, Licht: 0","160803","2","6","3","07","09","2","1","0","0","1","0","0"
"POINT (10.011020911000060 53.501666531000069)","Unfall 160804 (2019) Kat:3, Licht: 0","160804","3","3","5","07","19","7","0","0","1","1","0","0"
"POINT (10.032565118000036 53.572854772000028)","Unfall 160805 (2019) Kat:2, Licht: 0","160805","2","3","5","07","08","2","0","0","1","1","0","0"
"POINT (10.210851867000031 53.507565100000079)","Unfall 160806 (2019) Kat:3, Licht: 0","160806","3","3","0","07","16","7","0","0","1","1","0","0"
"POINT (9.890531555000052 53.552412572000037)","Unfall 160807 (2019) Kat:3, Licht: 0","160807","3","3","5","07","12","2","0","0","0","1","0","0"
"POINT (9.885019910000040 53.559576311000058)","Unfall 160808 (2019) Kat:3, Licht: 0","160808","3","2","3","07","08","2","1","0","1","1","0","0"
"POINT (10.101165871000035 53.440888242000028)","Unfall 160809 (2019) Kat:3, Licht: 0","160809","3","5","1","07","15","7","0","0","1","1","0","0"
"POINT (10.235723189000055 53.462867589000041)","Unfall 160810 (2019) Kat:3, Licht: 0","160810","3","6","1","07","11","7","0","0","0","1","0","0"
"POINT (9.926028777000056 53.572252823000042)","Unfall 160811 (2019) Kat:3, Licht: 0","160811","3","6","2","07","07","2","1","0","0","1","0","0"
"POINT (9.929527036000025 53.549526169000046)","Unfall 160812 (2019) Kat:3, Licht: 0","160812","3","6","3","07","16","2","0","0","1","1","0","0"
"POINT (10.112122663000036 53.553177990000052)","Unfall 160813 (2019) Kat:3, Licht: 0","160813","3","6","3","07","15","7","0","0","0","1","0","0"
"POINT (9.940245819000040 53.544619491000049)","Unfall 160814 (2019) Kat:3, Licht: 0","160814","3","7","1","07","11","2","1","0","1","1","0","0"
"POINT (10.042933641000047 53.581097224000075)","Unfall 160815 (2019) Kat:3, Licht: 2","160815","3","1","0","07","03","7","0","2","0","0","0","0"
"POINT (9.988205170000072 53.556864202000042)","Unfall 160816 (2019) Kat:3, Licht: 0","160816","3","1","8","07","08","2","0","0","1","0","0","0"
"POINT (10.018861859000026 53.557543205000059)","Unfall 160817 (2019) Kat:3, Licht: 0","160817","3","4","6","07","08","2","0","0","0","1","1","0"
"POINT (9.987963670000056 53.450199433000080)","Unfall 160818 (2019) Kat:3, Licht: 0","160818","3","2","4","07","17","1","0","0","0","1","0","1"
"POINT (9.994164020000028 53.465260357000034)","Unfall 160819 (2019) Kat:3, Licht: 0","160819","3","7","0","07","10","1","0","0","0","1","1","0"
"POINT (10.127485972000045 53.540981667000040)","Unfall 160820 (2019) Kat:3, Licht: 1","160820","3","3","5","07","22","1","0","1","0","1","0","0"
"POINT (10.044382606000056 53.568989416000079)","Unfall 160821 (2019) Kat:3, Licht: 0","160821","3","6","3","07","10","7","0","0","0","1","0","1"
"POINT (10.110321851000037 53.538605791000066)","Unfall 160822 (2019) Kat:3, Licht: 2","160822","3","3","5","07","22","1","0","2","1","1","0","0"
"POINT (10.002087524000046 53.668684863000067)","Unfall 160823 (2019) Kat:3, Licht: 0","160823","3","2","5","07","20","1","1","0","0","1","0","0"
"POINT (10.042105759000037 53.598272163000047)","Unfall 160824 (2019) Kat:3, Licht: 0","160824","3","6","2","07","12","7","0","0","0","1","0","0"
"POINT (9.899449840000045 53.620230544000037)","Unfall 160825 (2019) Kat:3, Licht: 1","160825","3","1","0","07","03","1","1","1","0","0","0","1"
"POINT (9.902615350000076 53.556783609000036)","Unfall 160826 (2019) Kat:3, Licht: 0","160826","3","5","1","07","18","7","0","0","0","1","0","1"
"POINT (9.994360731000029 53.583377391000056)","Unfall 160827 (2019) Kat:2, Licht: 0","160827","2","7","0","07","19","1","0","0","1","0","0","0"
"POINT (9.964496359000066 53.549764062000065)","Unfall 160828 (2019) Kat:3, Licht: 0","160828","3","5","3","07","15","1","0","0","0","1","0","1"
"POINT (9.952080314000057 53.577317765000032)","Unfall 160829 (2019) Kat:3, Licht: 2","160829","3","7","0","07","02","7","0","2","0","0","0","0"
"POINT (9.980070319000049 53.457611311000051)","Unfall 160830 (2019) Kat:3, Licht: 0","160830","3","7","4","07","14","7","1","0","0","1","0","0"
"POINT (9.931214945000022 53.553080670000043)","Unfall 160831 (2019) Kat:3, Licht: 0","160831","3","3","5","07","20","7","0","0","1","1","0","0"
"POINT (10.111310024000034 53.531074310000065)","Unfall 160832 (2019) Kat:3, Licht: 1","160832","3","3","5","07","21","7","0","1","0","1","0","0"
"POINT (10.080486324000049 53.551967549000040)","Unfall 160833 (2019) Kat:2, Licht: 0","160833","2","4","6","07","20","7","0","0","0","1","1","0"
"POINT (9.947485575000030 53.583003671000029)","Unfall 160834 (2019) Kat:3, Licht: 0","160834","3","4","6","07","15","7","0","0","0","0","1","0"
"POINT (10.170871075000036 53.472249314000067)","Unfall 160835 (2019) Kat:3, Licht: 0","160835","3","6","3","07","20","6","0","0","1","0","0","0"
"POINT (9.925970498000027 53.641082560000029)","Unfall 160836 (2019) Kat:3, Licht: 2","160836","3","3","5","07","23","7","0","2","0","1","0","0"
"POINT (10.040671558000042 53.555557684000064)","Unfall 160837 (2019) Kat:2, Licht: 0","160837","2","2","4","07","15","6","0","0","0","1","0","0"
"POINT (9.933655738000027 53.550240785000028)","Unfall 160838 (2019) Kat:3, Licht: 0","160838","3","6","2","07","11","7","1","0","0","1","0","0"
"POINT (9.965354002000026 53.552343748000055)","Unfall 160839 (2019) Kat:3, Licht: 0","160839","3","3","5","07","06","7","0","0","1","1","0","0"
"POINT (10.014411436000046 53.558132741000065)","Unfall 160840 (2019) Kat:3, Licht: 0","160840","3","7","6","07","18","7","0","0","0","1","1","0"
"POINT (10.143732992000025 53.600402538000026)","Unfall 160841 (2019) Kat:2, Licht: 2","160841","2","2","4","07","22","6","0","2","0","1","0","0"
"POINT (10.095783741000048 53.568868817000066)","Unfall 160842 (2019) Kat:3, Licht: 0","160842","3","7","1","07","08","6","0","0","0","1","0","0"
"POINT (9.848422830000061 53.469742427000028)","Unfall 160843 (2019) Kat:3, Licht: 0","160843","3","6","0","07","11","6","0","0","1","0","0","0"
"POINT (10.043072459000030 53.607667063000065)","Unfall 160844 (2019) Kat:2, Licht: 0","160844","2","2","0","07","17","6","0","0","0","1","0","1"
"POINT (10.138721730000043 53.543756798000061)","Unfall 160845 (2019) Kat:3, Licht: 0","160845","3","4","6","07","21","6","0","0","0","1","1","0"
"POINT (10.112469836000059 53.653733524000074)","Unfall 160846 (2019) Kat:3, Licht: 0","160846","3","7","0","07","20","6","0","0","0","0","0","1"
"POINT (10.070090744000026 53.564328453000030)","Unfall 160847 (2019) Kat:3, Licht: 0","160847","3","3","5","07","15","6","0","0","1","1","0","0"
"POINT (10.017537727000047 53.600506137000082)","Unfall 160848 (2019) Kat:3, Licht: 2","160848","3","2","4","07","23","6","0","2","0","1","0","0"
"POINT (10.088578950000056 53.651093038000056)","Unfall 160849 (2019) Kat:3, Licht: 0","160849","3","7","3","07","09","6","0","0","0","1","0","1"
"POINT (10.049091721000025 53.580567897000037)","Unfall 160850 (2019) Kat:3, Licht: 0","160850","3","3","5","07","15","6","0","0","0","1","0","0"
"POINT (10.009864588000028 53.649241541000038)","Unfall 160851 (2019) Kat:3, Licht: 0","160851","3","7","0","07","15","6","0","0","0","0","0","1"
"POINT (9.925999502000025 53.587625384000035)","Unfall 160852 (2019) Kat:3, Licht: 0","160852","3","4","6","07","07","6","1","0","0","1","1","0"
"POINT (9.893775107000067 53.572926418000065)","Unfall 160853 (2019) Kat:3, Licht: 0","160853","3","1","0","07","11","6","1","0","0","0","0","1"
"POINT (10.004144210000049 53.588282724000067)","Unfall 160854 (2019) Kat:3, Licht: 0","160854","3","3","5","07","09","6","0","0","0","1","0","0"
"POINT (10.036755925000023 53.565233538000030)","Unfall 160855 (2019) Kat:3, Licht: 0","160855","3","4","6","07","10","6","0","0","0","1","1","0"
"POINT (9.898422425000035 53.571029153000040)","Unfall 160856 (2019) Kat:3, Licht: 0","160856","3","3","5","07","17","6","0","0","0","1","0","0"
"POINT (9.929975548000073 53.552618837000068)","Unfall 160857 (2019) Kat:3, Licht: 0","160857","3","5","1","07","12","6","1","0","1","1","0","0"
"POINT (10.046169544000065 53.592221049000045)","Unfall 160858 (2019) Kat:3, Licht: 0","160858","3","4","6","07","13","6","0","0","0","1","1","0"
"POINT (9.947283831000050 53.555594582000026)","Unfall 160859 (2019) Kat:3, Licht: 0","160859","3","7","0","07","12","6","1","0","1","1","0","0"
"POINT (9.902253933000054 53.606579788000033)","Unfall 160860 (2019) Kat:3, Licht: 0","160860","3","6","2","07","11","6","0","0","0","1","0","0"
"POINT (9.959516864000023 53.556753916000048)","Unfall 160861 (2019) Kat:3, Licht: 0","160861","3","1","0","07","09","6","1","0","1","0","0","0"
"POINT (9.896435854000060 53.587676165000062)","Unfall 160862 (2019) Kat:2, Licht: 0","160862","2","6","2","08","16","4","0","0","0","1","0","0"
"POINT (9.959036767000043 53.565353284000082)","Unfall 160863 (2019) Kat:3, Licht: 2","160863","3","6","0","08","22","4","0","2","0","1","0","1"
"POINT (9.933729258000028 53.552096521000067)","Unfall 160864 (2019) Kat:3, Licht: 2","160864","3","7","0","08","23","4","0","2","1","0","0","0"
"POINT (9.981203446000052 53.460589232000075)","Unfall 160865 (2019) Kat:3, Licht: 0","160865","3","6","2","08","15","4","0","0","0","1","0","0"
"POINT (9.951868924000053 53.559688509000068)","Unfall 160866 (2019) Kat:2, Licht: 0","160866","2","6","0","08","19","4","0","0","1","1","0","0"
"POINT (9.966992559000062 53.559195014000068)","Unfall 160867 (2019) Kat:3, Licht: 0","160867","3","3","5","08","09","4","0","0","1","0","0","0"
"POINT (9.958456802000058 53.549632237000026)","Unfall 160868 (2019) Kat:3, Licht: 2","160868","3","6","2","08","21","4","0","2","0","1","0","0"
"POINT (10.015552035000042 53.555023491000043)","Unfall 160869 (2019) Kat:3, Licht: 0","160869","3","7","6","08","16","4","0","0","0","1","1","0"
"POINT (10.008165459000054 53.558806790000062)","Unfall 160870 (2019) Kat:3, Licht: 0","160870","3","4","6","08","15","4","0","0","0","1","1","0"
"POINT (10.011111397000036 53.550928877000047)","Unfall 160871 (2019) Kat:3, Licht: 0","160871","3","3","5","08","13","4","0","0","1","1","0","0"
"POINT (9.976728491000074 53.461403069000028)","Unfall 160872 (2019) Kat:3, Licht: 0","160872","3","6","2","08","11","3","0","0","0","1","0","0"
"POINT (9.990156255000045 53.515572602000077)","Unfall 160873 (2019) Kat:3, Licht: 0","160873","3","7","0","08","12","3","0","0","0","1","0","0"
"POINT (10.229272494000043 53.445171725000080)","Unfall 160874 (2019) Kat:2, Licht: 0","160874","2","7","0","08","17","3","0","0","0","0","0","1"
"POINT (10.273421083000073 53.427564031000031)","Unfall 160875 (2019) Kat:2, Licht: 0","160875","2","3","5","08","17","3","0","0","1","0","0","0"
"POINT (10.110565229000031 53.526247837000028)","Unfall 160876 (2019) Kat:3, Licht: 0","160876","3","7","3","08","11","3","0","0","0","1","0","0"
"POINT (10.102528398000061 53.558134223000081)","Unfall 160877 (2019) Kat:3, Licht: 0","160877","3","2","4","08","08","3","0","0","1","1","0","0"
"POINT (10.063524972000039 53.554191566000043)","Unfall 160878 (2019) Kat:3, Licht: 0","160878","3","6","4","08","18","3","0","0","1","0","0","0"
"POINT (10.057837673000051 53.564294659000041)","Unfall 160879 (2019) Kat:3, Licht: 0","160879","3","7","3","08","08","3","0","0","0","1","0","1"
"POINT (10.037502850000067 53.547278432000041)","Unfall 160880 (2019) Kat:3, Licht: 0","160880","3","3","5","08","07","3","0","0","1","1","0","0"
"POINT (10.136417366000046 53.577554661000079)","Unfall 160881 (2019) Kat:3, Licht: 0","160881","3","2","4","08","16","3","0","0","1","1","0","0"
"POINT (10.154994874000067 53.599208124000029)","Unfall 160882 (2019) Kat:3, Licht: 0","160882","3","2","4","08","16","3","0","0","0","1","0","0"
"POINT (10.156907618000048 53.596637178000037)","Unfall 160883 (2019) Kat:3, Licht: 0","160883","3","3","5","08","14","3","0","0","1","1","0","0"
"POINT (10.055399974000068 53.582557676000079)","Unfall 160884 (2019) Kat:3, Licht: 0","160884","3","1","1","08","09","3","0","0","0","1","0","1"
"POINT (10.061061134000056 53.570620843000029)","Unfall 160885 (2019) Kat:3, Licht: 0","160885","3","2","2","08","07","3","0","0","0","1","0","0"
"POINT (10.079343862000030 53.612952295000071)","Unfall 160886 (2019) Kat:3, Licht: 0","160886","3","7","0","08","07","3","0","0","1","0","0","0"
"POINT (10.078676898000026 53.617851768000037)","Unfall 160887 (2019) Kat:3, Licht: 0","160887","3","7","6","08","10","3","0","0","1","0","1","0"
"POINT (10.114051447000065 53.644943874000035)","Unfall 160888 (2019) Kat:3, Licht: 0","160888","3","3","5","08","15","3","0","0","1","1","0","0"
"POINT (9.997761484000023 53.588205402000028)","Unfall 160889 (2019) Kat:3, Licht: 0","160889","3","3","5","08","06","5","0","0","1","1","0","0"
"POINT (10.060055608000027 53.571671780000031)","Unfall 160890 (2019) Kat:3, Licht: 0","160890","3","7","3","08","19","5","0","0","0","1","0","0"
"POINT (10.103373553000040 53.543281059000037)","Unfall 160891 (2019) Kat:3, Licht: 0","160891","3","2","0","08","06","5","0","0","1","1","0","0"