WKT,Name,OBJECTID,UKATEGORIE,UTYP1,UART,UMONAT,USTUNDE,UWOCHENTAG,STRZUSTAND,ULICHTVERH,ISTRAD,ISTPKW,ISTFUSS,ISTKRAD
"POINT (10.021510376000037 53.614664436000055)","Unfall 160892 (2019) Kat:3, Licht: 0","160892","3","4","6","08","18","3","0","0","0","1","1","0"
"POINT (10.044461896000030 53.574977425000043)","Unfall 160893 (2019) Kat:3, Licht: 2","160893","3","3","5","08","21","3","1","2","0","1","0","0"
"POINT (10.044487179000043 53.591314275000059)","Unfall 160894 (2019) Kat:3, Licht: 0","160894","3","2","3","08","17","3","1","0","1","1","0","0"
"POINT (10.032177824000030 53.579995282000027)","Unfall 160895 (2019) Kat:3, Licht: 0","160895","3","2","4","08","08","3","0","0","1","0","0","0"
"POINT (9.907348533000061 53.586946727000054)","Unfall 160896 (2019) Kat:2, Licht: 0","160896","2","3","5","08","19","3","1","0","0","0","0","1"
"POINT (9.983401597000068 53.586361107000073)","Unfall 160897 (2019) Kat:3, Licht: 0","160897","3","4","6","08","11","3","0","0","1","0","1","0"
"POINT (9.975473109000063 53.560359462000065)","Unfall 160898 (2019) Kat:3, Licht: 1","160898","3","7","0","08","20","3","1","1","0","0","0","1"
"POINT (9.854361359000052 53.468743019000044)","Unfall 160899 (2019) Kat:3, Licht: 2","160899","3","3","6","08","05","2","1","2","0","1","1","0"
"POINT (10.010310629000060 53.458597745000077)","Unfall 160900 (2019) Kat:3, Licht: 0","160900","3","6","2","08","13","2","0","0","0","1","0","0"
"POINT (9.976438894000069 53.454836519000082)","Unfall 160901 (2019) Kat:3, Licht: 0","160901","3","2","5","08","07","2","0","0","1","1","0","0"
"POINT (10.013987467000049 53.579060278000043)","Unfall 160902 (2019) Kat:3, Licht: 0","160902","3","6","6","08","12","4","0","0","0","0","1","0"
"POINT (9.972029062000047 53.459630848000074)","Unfall 160903 (2019) Kat:3, Licht: 0","160903","3","2","6","08","08","2","0","0","0","1","1","0"
"POINT (9.975898941000025 53.425198619000071)","Unfall 160904 (2019) Kat:3, Licht: 0","160904","3","3","5","08","13","2","0","0","1","1","0","0"
"POINT (10.207115120000026 53.489251757000034)","Unfall 160905 (2019) Kat:3, Licht: 0","160905","3","7","6","08","20","2","0","0","0","1","1","0"
"POINT (10.107377640000038 53.500396168000066)","Unfall 160906 (2019) Kat:3, Licht: 0","160906","3","2","4","08","17","2","0","0","0","0","0","0"
"POINT (10.108641997000063 53.562101030000065)","Unfall 160907 (2019) Kat:3, Licht: 0","160907","3","4","6","08","16","2","0","0","0","1","1","0"
"POINT (10.083114479000074 53.534788552000066)","Unfall 160908 (2019) Kat:3, Licht: 0","160908","3","6","2","08","14","2","0","0","0","0","0","1"
"POINT (10.068705767000040 53.580740438000078)","Unfall 160909 (2019) Kat:3, Licht: 0","160909","3","2","5","08","07","2","0","0","1","1","0","0"
"POINT (10.066149411000026 53.579007902000058)","Unfall 160910 (2019) Kat:3, Licht: 0","160910","3","7","1","08","10","2","0","0","1","1","0","0"
"POINT (10.101547541000059 53.577738305000082)","Unfall 160911 (2019) Kat:3, Licht: 0","160911","3","5","1","08","17","2","0","0","0","1","0","1"
"POINT (10.055487374000052 53.606243493000079)","Unfall 160912 (2019) Kat:3, Licht: 0","160912","3","6","2","08","08","2","0","0","0","1","0","0"
"POINT (10.013910083000042 53.598873720000029)","Unfall 160913 (2019) Kat:3, Licht: 0","160913","3","6","2","08","15","2","0","0","0","1","0","0"
"POINT (10.013868393000052 53.593987377000076)","Unfall 160914 (2019) Kat:3, Licht: 0","160914","3","6","2","08","14","2","0","0","0","1","0","0"
"POINT (10.026339522000058 53.616150694000055)","Unfall 160915 (2019) Kat:3, Licht: 0","160915","3","3","5","08","14","2","0","0","1","1","0","0"
"POINT (10.039794606000044 53.575078179000059)","Unfall 160916 (2019) Kat:2, Licht: 0","160916","2","5","1","08","07","2","0","0","1","1","0","0"
"POINT (9.926446474000045 53.610332548000031)","Unfall 160917 (2019) Kat:3, Licht: 0","160917","3","3","5","08","14","2","0","0","0","0","0","1"
"POINT (9.899490251000032 53.620790036000074)","Unfall 160918 (2019) Kat:3, Licht: 0","160918","3","6","2","08","07","2","0","0","1","1","0","0"
"POINT (9.804914198000063 53.563200286000040)","Unfall 160919 (2019) Kat:3, Licht: 2","160919","3","1","9","08","21","2","0","2","0","1","0","0"
"POINT (9.879952114000048 53.584945116000029)","Unfall 160920 (2019) Kat:3, Licht: 0","160920","3","4","6","08","15","2","0","0","0","0","1","1"
"POINT (9.887128615000052 53.598839758000054)","Unfall 160921 (2019) Kat:3, Licht: 0","160921","3","3","5","08","16","2","0","0","1","1","0","0"
"POINT (9.978013895000061 53.597721929000045)","Unfall 160922 (2019) Kat:3, Licht: 0","160922","3","6","2","08","18","2","0","0","0","1","0","0"
"POINT (9.946386822000022 53.593408501000056)","Unfall 160923 (2019) Kat:3, Licht: 0","160923","3","3","5","08","11","2","0","0","1","1","0","0"
"POINT (9.975280666000060 53.588664838000057)","Unfall 160924 (2019) Kat:2, Licht: 0","160924","2","3","5","08","07","2","0","0","1","1","0","0"
"POINT (9.938959892000071 53.546401920000051)","Unfall 160925 (2019) Kat:3, Licht: 0","160925","3","6","0","08","17","2","0","0","0","1","0","1"
"POINT (10.071877022000024 53.564915088000078)","Unfall 160926 (2019) Kat:3, Licht: 0","160926","3","3","5","08","15","4","0","0","1","1","0","0"
"POINT (9.983527052000056 53.557926209000073)","Unfall 160927 (2019) Kat:3, Licht: 0","160927","3","6","6","08","19","2","0","0","0","0","1","0"
"POINT (10.043038984000077 53.587021001000039)","Unfall 160928 (2019) Kat:3, Licht: 0","160928","3","5","1","08","14","4","0","0","1","1","0","0"
"POINT (10.011993645000075 53.609198282000079)","Unfall 160929 (2019) Kat:3, Licht: 0","160929","3","6","0","08","18","4","0","0","0","1","0","0"
"POINT (10.138663347000033 53.600852430000032)","Unfall 160930 (2019) Kat:3, Licht: 0","160930","3","1","1","08","13","1","1","0","1","1","0","0"
"POINT (10.150395861000050 53.581708351000032)","Unfall 160931 (2019) Kat:3, Licht: 2","160931","3","5","1","08","20","1","1","2","1","1","0","0"
"POINT (10.020410804000051 53.626887898000064)","Unfall 160932 (2019) Kat:3, Licht: 0","160932","3","5","3","08","07","4","0","0","1","1","0","0"
"POINT (10.082012321000036 53.608134974000052)","Unfall 160933 (2019) Kat:3, Licht: 1","160933","3","6","2","08","21","1","0","1","0","1","0","0"
"POINT (9.923112950000075 53.575872008000033)","Unfall 160934 (2019) Kat:3, Licht: 0","160934","3","3","5","08","13","5","0","0","0","1","0","1"
"POINT (9.987625393000030 53.603350391000049)","Unfall 160935 (2019) Kat:3, Licht: 0","160935","3","3","5","08","12","1","1","0","0","1","0","0"
"POINT (9.917285390000075 53.545946535000041)","Unfall 160936 (2019) Kat:1, Licht: 0","160936","1","3","5","08","07","1","1","0","0","1","0","0"
"POINT (9.997043008000048 53.546341605000066)","Unfall 160937 (2019) Kat:3, Licht: 0","160937","3","7","0","08","20","1","0","0","1","0","0","0"
"POINT (9.991180633000056 53.498790908000046)","Unfall 160938 (2019) Kat:3, Licht: 0","160938","3","3","5","08","16","7","1","0","1","0","0","0"
"POINT (10.119569367000054 53.436990663000074)","Unfall 160939 (2019) Kat:3, Licht: 0","160939","3","1","8","08","17","7","0","0","1","0","0","0"
"POINT (10.202061686000036 53.485549220000053)","Unfall 160940 (2019) Kat:3, Licht: 0","160940","3","2","2","08","14","7","0","0","0","1","0","0"
"POINT (10.202155549000054 53.491085208000072)","Unfall 160941 (2019) Kat:3, Licht: 0","160941","3","2","5","08","13","7","1","0","0","1","0","0"
"POINT (10.014048239000033 53.546032389000061)","Unfall 160942 (2019) Kat:3, Licht: 2","160942","3","2","3","08","22","7","1","2","0","1","0","0"
"POINT (10.091584272000034 53.673051055000030)","Unfall 160943 (2019) Kat:2, Licht: 0","160943","2","6","2","08","19","7","0","0","0","1","0","0"
"POINT (10.079071579000072 53.639913498000055)","Unfall 160944 (2019) Kat:3, Licht: 0","160944","3","6","4","08","07","7","1","0","1","1","0","0"
"POINT (10.010026954000068 53.584406347000026)","Unfall 160945 (2019) Kat:3, Licht: 0","160945","3","2","3","08","11","7","1","0","1","0","0","1"
"POINT (9.918325749000076 53.553824608000070)","Unfall 160946 (2019) Kat:3, Licht: 0","160946","3","2","5","08","11","7","1","0","1","1","0","0"
"POINT (9.955752242000074 53.551038986000037)","Unfall 160947 (2019) Kat:3, Licht: 0","160947","3","6","2","08","08","7","1","0","0","1","0","0"
"POINT (9.991140395000059 53.560775667000030)","Unfall 160948 (2019) Kat:3, Licht: 0","160948","3","6","2","08","13","7","1","0","0","1","0","0"
"POINT (9.994563162000077 53.566721268000038)","Unfall 160949 (2019) Kat:3, Licht: 2","160949","3","5","1","08","02","7","1","2","1","1","0","0"
"POINT (9.878595886000028 53.533208643000080)","Unfall 160950 (2019) Kat:3, Licht: 0","160950","3","6","2","08","10","6","0","0","0","1","0","0"
"POINT (9.990337213000032 53.455272783000055)","Unfall 160951 (2019) Kat:3, Licht: 0","160951","3","3","0","08","18","6","0","0","0","1","0","0"
"POINT (10.184324936000053 53.511608680000052)","Unfall 160952 (2019) Kat:3, Licht: 0","160952","3","2","2","08","16","6","0","0","0","1","0","1"
"POINT (10.090686295000069 53.512490774000071)","Unfall 160953 (2019) Kat:3, Licht: 0","160953","3","6","2","08","09","6","0","0","0","0","0","0"
"POINT (10.074879967000072 53.554938263000054)","Unfall 160954 (2019) Kat:3, Licht: 0","160954","3","3","5","08","07","6","0","0","1","1","0","0"
"POINT (10.083601609000027 53.546420279000074)","Unfall 160955 (2019) Kat:3, Licht: 0","160955","3","6","2","08","16","6","0","0","0","1","0","0"
"POINT (10.103570461000061 53.543340140000055)","Unfall 160956 (2019) Kat:2, Licht: 0","160956","2","2","4","08","13","6","0","0","0","1","0","0"
"POINT (10.123271349000049 53.570996200000081)","Unfall 160957 (2019) Kat:3, Licht: 0","160957","3","2","0","08","12","6","0","0","0","1","0","0"
"POINT (10.125762020000025 53.572871848000034)","Unfall 160958 (2019) Kat:3, Licht: 0","160958","3","7","3","08","09","6","0","0","0","1","0","0"
"POINT (10.060225259000049 53.597027075000028)","Unfall 160959 (2019) Kat:3, Licht: 0","160959","3","3","5","08","17","6","0","0","1","1","0","0"
"POINT (10.128590151000026 53.697083293000048)","Unfall 160960 (2019) Kat:3, Licht: 2","160960","3","1","8","08","23","6","1","2","0","1","0","0"
"POINT (9.994449817000032 53.648637474000054)","Unfall 160961 (2019) Kat:3, Licht: 0","160961","3","6","2","08","19","6","1","0","0","1","0","0"
"POINT (10.006875552000054 53.653369855000051)","Unfall 160962 (2019) Kat:3, Licht: 0","160962","3","3","5","08","13","6","0","0","0","1","0","0"
"POINT (10.011596974000042 53.622860790000061)","Unfall 160963 (2019) Kat:3, Licht: 2","160963","3","3","5","08","22","6","0","2","0","1","0","0"
"POINT (10.010301467000033 53.611717929000065)","Unfall 160964 (2019) Kat:2, Licht: 1","160964","2","1","0","08","05","6","1","1","0","0","0","1"
"POINT (10.041967024000030 53.566927383000063)","Unfall 160965 (2019) Kat:3, Licht: 0","160965","3","4","0","08","12","6","0","0","0","0","1","0"
"POINT (10.031877542000075 53.566403601000047)","Unfall 160966 (2019) Kat:3, Licht: 0","160966","3","3","5","08","06","6","1","0","0","1","0","0"
"POINT (10.053011381000033 53.568666893000056)","Unfall 160967 (2019) Kat:3, Licht: 0","160967","3","6","2","08","15","6","0","0","0","1","0","0"
"POINT (9.895301733000053 53.611170288000039)","Unfall 160968 (2019) Kat:3, Licht: 0","160968","3","4","6","08","13","6","0","0","0","1","1","0"
"POINT (10.046703130000026 53.582917041000030)","Unfall 160969 (2019) Kat:3, Licht: 0","160969","3","2","5","08","19","5","0","0","1","1","0","0"
"POINT (9.924709632000031 53.516209509000078)","Unfall 160970 (2019) Kat:3, Licht: 1","160970","3","1","8","08","20","6","1","1","0","1","0","0"
"POINT (10.005753943000059 53.648616151000056)","Unfall 160971 (2019) Kat:3, Licht: 0","160971","3","2","3","08","17","4","0","0","1","1","0","0"
"POINT (10.017694425000059 53.569315851000056)","Unfall 160972 (2019) Kat:3, Licht: 2","160972","3","7","0","08","03","5","0","2","1","0","0","0"
"POINT (9.937861348000070 53.553047621000076)","Unfall 160973 (2019) Kat:3, Licht: 0","160973","3","2","4","08","16","5","1","0","1","1","0","0"
"POINT (9.925662109000029 53.551635728000065)","Unfall 160974 (2019) Kat:3, Licht: 0","160974","3","3","5","08","14","5","1","0","1","1","0","0"
"POINT (10.055417606000049 53.574515197000039)","Unfall 160975 (2019) Kat:3, Licht: 0","160975","3","6","3","08","17","5","1","0","0","1","0","0"
"POINT (10.023766361000071 53.628749645000028)","Unfall 160976 (2019) Kat:3, Licht: 0","160976","3","2","0","08","18","5","0","0","1","1","0","0"
"POINT (9.945593581000026 53.556953995000072)","Unfall 160977 (2019) Kat:3, Licht: 0","160977","3","3","5","08","09","6","1","0","0","1","0","0"
"POINT (9.992683028000045 53.566613190000055)","Unfall 160978 (2019) Kat:3, Licht: 0","160978","3","3","5","08","10","6","1","0","1","0","0","0"
"POINT (9.974998157000073 53.577660606000052)","Unfall 160979 (2019) Kat:3, Licht: 0","160979","3","5","1","08","13","6","0","0","1","1","0","0"
"POINT (9.977950578000048 53.544280297000057)","Unfall 160980 (2019) Kat:3, Licht: 0","160980","3","6","2","08","16","6","0","0","0","1","0","0"
"POINT (10.006148066000037 53.558197266000036)","Unfall 160981 (2019) Kat:3, Licht: 0","160981","3","6","2","08","17","6","0","0","0","1","0","0"
"POINT (9.781514685000047 53.518311503000064)","Unfall 160982 (2019) Kat:3, Licht: 0","160982","3","6","2","08","09","5","1","0","0","1","0","0"
"POINT (9.912181274000034 53.512627658000042)","Unfall 160983 (2019) Kat:3, Licht: 0","160983","3","6","2","08","08","5","1","0","0","1","0","1"
"POINT (9.979327142000045 53.462155914000050)","Unfall 160984 (2019) Kat:3, Licht: 0","160984","3","4","6","08","18","5","1","0","1","0","1","0"
"POINT (10.001682815000038 53.497901122000030)","Unfall 160985 (2019) Kat:3, Licht: 0","160985","3","6","2","08","18","5","0","0","0","1","0","0"
"POINT (10.209722164000027 53.497340318000056)","Unfall 160986 (2019) Kat:3, Licht: 0","160986","3","6","3","08","14","5","1","0","1","0","0","0"
"POINT (10.096328419000031 53.557754664000072)","Unfall 160987 (2019) Kat:3, Licht: 1","160987","3","3","5","08","19","5","1","1","1","1","0","0"
"POINT (10.067013562000056 53.553639005000036)","Unfall 160988 (2019) Kat:3, Licht: 0","160988","3","6","2","08","18","5","1","0","0","1","0","0"
"POINT (10.035844100000077 53.535987939000051)","Unfall 160989 (2019) Kat:3, Licht: 2","160989","3","6","2","08","16","5","0","2","0","1","0","0"
"POINT (10.057086518000062 53.554002156000081)","Unfall 160990 (2019) Kat:3, Licht: 0","160990","3","2","3","08","16","5","0","0","0","1","0","1"
"POINT (10.032069034000074 53.540553034000027)","Unfall 160991 (2019) Kat:3, Licht: 0","160991","3","2","4","08","12","5","0","0","1","1","0","0"
"POINT (10.122319337000022 53.609701343000040)","Unfall 160992 (2019) Kat:3, Licht: 0","160992","3","6","3","08","15","5","1","0","0","1","0","0"
"POINT (10.122086596000031 53.595963679000079)","Unfall 160993 (2019) Kat:3, Licht: 2","160993","3","1","9","08","03","5","0","2","0","1","0","0"
"POINT (10.107222050000075 53.579543568000076)","Unfall 160994 (2019) Kat:3, Licht: 0","160994","3","3","5","08","14","5","0","0","0","1","0","1"
"POINT (10.069384647000049 53.581343442000048)","Unfall 160995 (2019) Kat:3, Licht: 0","160995","3","6","2","08","16","5","1","0","0","1","0","0"
"POINT (10.072789142000033 53.608967815000028)","Unfall 160996 (2019) Kat:3, Licht: 0","160996","3","6","2","08","12","5","1","0","0","1","0","0"
"POINT (9.929411214000027 53.629325909000045)","Unfall 160997 (2019) Kat:3, Licht: 0","160997","3","7","0","08","13","5","0","0","1","0","0","0"
"POINT (10.015621075000070 53.590821660000074)","Unfall 160998 (2019) Kat:3, Licht: 0","160998","3","6","2","08","08","5","0","0","0","1","0","1"
"POINT (10.022367250000059 53.629857166000079)","Unfall 160999 (2019) Kat:3, Licht: 0","160999","3","2","0","08","10","5","0","0","0","0","0","1"
"POINT (10.127041232000067 53.658341767000081)","Unfall 161000 (2019) Kat:3, Licht: 0","161000","3","3","5","08","17","5","1","0","0","1","0","0"
"POINT (9.991343642000061 53.665986868000061)","Unfall 161001 (2019) Kat:3, Licht: 0","161001","3","6","1","08","08","5","1","0","0","1","0","0"
"POINT (10.018134225000040 53.600278065000055)","Unfall 161002 (2019) Kat:3, Licht: 0","161002","3","6","2","08","07","5","1","0","0","1","0","1"
"POINT (10.028787215000023 53.571288253000034)","Unfall 161003 (2019) Kat:3, Licht: 1","161003","3","6","2","08","06","5","1","1","0","1","0","0"
"POINT (10.041363584000067 53.569474565000064)","Unfall 161004 (2019) Kat:3, Licht: 0","161004","3","3","5","08","11","5","1","0","0","1","0","0"
"POINT (10.033991763000074 53.579800102000036)","Unfall 161005 (2019) Kat:3, Licht: 0","161005","3","7","0","08","08","5","1","0","1","0","0","0"
"POINT (9.967484717000048 53.562390099000027)","Unfall 161006 (2019) Kat:3, Licht: 0","161006","3","4","0","08","19","5","0","0","1","0","1","0"
"POINT (9.826704912000025 53.565584427000033)","Unfall 161007 (2019) Kat:3, Licht: 0","161007","3","2","2","08","07","5","0","0","0","1","0","0"
"POINT (9.921091891000060 53.597430025000051)","Unfall 161008 (2019) Kat:3, Licht: 0","161008","3","3","5","08","14","5","1","0","1","1","0","0"
"POINT (9.858280306000040 53.557688567000071)","Unfall 161009 (2019) Kat:3, Licht: 0","161009","3","7","0","08","15","5","0","0","1","1","0","0"
"POINT (9.989128610000023 53.565021956000066)","Unfall 161010 (2019) Kat:3, Licht: 0","161010","3","7","6","08","10","5","0","0","0","1","1","0"
"POINT (9.845123108000053 53.553785768000068)","Unfall 161011 (2019) Kat:3, Licht: 0","161011","3","5","1","08","16","5","1","0","1","1","0","0"
"POINT (9.802743896000038 53.557171948000075)","Unfall 161012 (2019) Kat:3, Licht: 2","161012","3","7","0","08","03","5","1","2","0","0","0","1"
"POINT (9.866804261000027 53.581283548000044)","Unfall 161013 (2019) Kat:3, Licht: 0","161013","3","7","0","08","15","5","1","0","1","0","0","0"
"POINT (9.924014867000039 53.567699850000054)","Unfall 161014 (2019) Kat:3, Licht: 0","161014","3","5","1","08","14","5","1","0","0","1","0","0"
"POINT (9.955652273000055 53.575916863000032)","Unfall 161015 (2019) Kat:3, Licht: 0","161015","3","3","5","08","10","5","1","0","0","1","0","1"
"POINT (9.982568125000057 53.564183934000027)","Unfall 161016 (2019) Kat:3, Licht: 0","161016","3","6","2","08","17","5","1","0","0","1","0","0"
"POINT (9.987804064000045 53.572667516000081)","Unfall 161017 (2019) Kat:2, Licht: 2","161017","2","3","5","08","21","5","1","2","0","1","0","0"
"POINT (9.962608214000056 53.564510086000041)","Unfall 161018 (2019) Kat:3, Licht: 2","161018","3","3","5","08","21","5","1","2","1","1","0","0"
"POINT (9.965329416000031 53.551049747000036)","Unfall 161019 (2019) Kat:3, Licht: 0","161019","3","6","0","08","15","5","1","0","0","1","0","1"
"POINT (9.996716468000045 53.548822823000080)","Unfall 161020 (2019) Kat:3, Licht: 0","161020","3","2","3","08","13","5","0","0","0","1","0","0"
"POINT (10.004144644000064 53.557497967000074)","Unfall 161021 (2019) Kat:3, Licht: 0","161021","3","6","2","08","15","5","0","0","0","1","0","0"
"POINT (10.201880634000076 53.420210086000054)","Unfall 161022 (2019) Kat:2, Licht: 0","161022","2","6","2","08","19","4","0","0","1","0","0","0"
"POINT (9.916094651000037 53.600328805000061)","Unfall 161023 (2019) Kat:3, Licht: 0","161023","3","2","0","08","08","4","0","0","1","1","0","0"
"POINT (10.076239268000052 53.580799302000059)","Unfall 161024 (2019) Kat:3, Licht: 0","161024","3","4","6","08","14","4","0","0","0","1","1","0"
"POINT (10.008794744000056 53.648183300000028)","Unfall 161025 (2019) Kat:3, Licht: 0","161025","3","7","0","08","18","4","0","0","1","1","0","0"
"POINT (10.014197866000075 53.638295178000078)","Unfall 161026 (2019) Kat:2, Licht: 0","161026","2","2","4","08","15","4","0","0","0","1","0","1"
"POINT (10.000575982000043 53.671482191000052)","Unfall 161027 (2019) Kat:3, Licht: 0","161027","3","4","6","08","07","4","0","0","0","1","1","0"
"POINT (10.052499442000055 53.585614988000032)","Unfall 161028 (2019) Kat:3, Licht: 0","161028","3","3","5","08","09","4","0","0","0","1","0","1"
"POINT (10.016753106000067 53.562009614000033)","Unfall 161029 (2019) Kat:3, Licht: 0","161029","3","3","5","08","16","4","0","0","1","1","0","0"
"POINT (10.015708112000027 53.572211988000049)","Unfall 161030 (2019) Kat:2, Licht: 0","161030","2","7","0","08","20","4","0","0","0","0","0","0"
"POINT (9.864195883000036 53.548415163000072)","Unfall 161031 (2019) Kat:3, Licht: 0","161031","3","2","3","08","11","4","0","0","1","1","0","0"
"POINT (9.969284288000040 53.573425653000072)","Unfall 161032 (2019) Kat:3, Licht: 0","161032","3","2","4","08","17","4","0","0","1","0","0","1"
"POINT (9.979542056000071 53.580027415000075)","Unfall 161033 (2019) Kat:3, Licht: 0","161033","3","5","1","08","18","4","0","0","1","1","0","0"
"POINT (9.997053039000036 53.561426913000048)","Unfall 161034 (2019) Kat:3, Licht: 2","161034","3","7","0","08","22","4","0","2","1","0","0","0"
"POINT (9.991107547000070 53.554132067000069)","Unfall 161035 (2019) Kat:3, Licht: 0","161035","3","2","3","08","11","4","0","0","1","1","0","0"
"POINT (9.993108705000054 53.543196359000035)","Unfall 161036 (2019) Kat:3, Licht: 0","161036","3","2","4","08","09","4","0","0","1","1","0","0"
"POINT (10.003929196000058 53.557297841000036)","Unfall 161037 (2019) Kat:3, Licht: 0","161037","3","3","6","08","16","4","0","0","0","1","1","0"
"POINT (9.939771205000056 53.476617304000058)","Unfall 161038 (2019) Kat:3, Licht: 0","161038","3","6","2","08","14","4","0","0","0","1","0","1"
"POINT (9.871747478000032 53.479018251000070)","Unfall 161039 (2019) Kat:3, Licht: 0","161039","3","3","5","08","07","3","1","0","1","1","0","0"
"POINT (10.182235454000022 53.492401685000061)","Unfall 161040 (2019) Kat:2, Licht: 0","161040","2","4","6","08","16","3","0","0","0","0","1","0"
"POINT (10.111245121000024 53.531027404000042)","Unfall 161041 (2019) Kat:3, Licht: 0","161041","3","3","0","08","12","3","1","0","0","0","0","1"
"POINT (10.128966501000036 53.600628459000063)","Unfall 161042 (2019) Kat:3, Licht: 2","161042","3","6","1","08","22","3","0","2","0","1","0","0"
"POINT (10.118264276000048 53.600531204000049)","Unfall 161043 (2019) Kat:3, Licht: 0","161043","3","6","6","08","18","3","0","0","1","0","1","0"
"POINT (10.140880140000036 53.594987832000072)","Unfall 161044 (2019) Kat:3, Licht: 0","161044","3","3","6","08","19","3","0","0","1","0","1","0"
"POINT (10.069985845000076 53.573026543000026)","Unfall 161045 (2019) Kat:3, Licht: 0","161045","3","6","2","08","13","3","0","0","0","1","0","0"
"POINT (10.158424767000042 53.653693559000033)","Unfall 161046 (2019) Kat:3, Licht: 0","161046","3","2","5","08","09","3","0","0","0","1","0","0"
"POINT (10.076769326000033 53.646692520000045)","Unfall 161047 (2019) Kat:3, Licht: 0","161047","3","2","5","08","17","3","0","0","0","1","0","0"
"POINT (10.084861774000046 53.659515938000027)","Unfall 161048 (2019) Kat:3, Licht: 0","161048","3","6","6","08","16","3","0","0","1","0","1","0"
"POINT (10.039047074000052 53.572134509000080)","Unfall 161049 (2019) Kat:3, Licht: 0","161049","3","2","4","08","06","3","0","0","0","1","0","0"
"POINT (9.908432987000026 53.602242458000035)","Unfall 161050 (2019) Kat:3, Licht: 0","161050","3","2","4","08","18","3","0","0","1","1","0","0"
"POINT (9.919704416000059 53.633956799000032)","Unfall 161051 (2019) Kat:3, Licht: 0","161051","3","5","1","08","16","3","0","0","1","1","0","0"
"POINT (9.938875713000073 53.629904469000053)","Unfall 161052 (2019) Kat:3, Licht: 0","161052","3","5","1","08","16","3","0","0","0","1","0","0"
"POINT (9.918665670000053 53.551021089000074)","Unfall 161053 (2019) Kat:3, Licht: 0","161053","3","6","6","08","17","3","0","0","1","0","1","0"
"POINT (9.932759562000058 53.549652694000031)","Unfall 161054 (2019) Kat:3, Licht: 0","161054","3","6","4","08","12","3","1","0","1","1","0","0"
"POINT (9.965317021000033 53.566301795000072)","Unfall 161055 (2019) Kat:3, Licht: 0","161055","3","2","5","08","08","3","0","0","1","1","0","0"
"POINT (9.977639823000061 53.564799642000082)","Unfall 161056 (2019) Kat:3, Licht: 0","161056","3","6","2","08","16","3","0","0","0","1","0","0"
"POINT (10.016657739000038 53.556412226000077)","Unfall 161057 (2019) Kat:3, Licht: 0","161057","3","3","5","08","14","3","0","0","1","1","0","0"
"POINT (9.982097283000030 53.428134841000031)","Unfall 161058 (2019) Kat:3, Licht: 0","161058","3","6","2","08","16","2","0","0","0","1","0","0"
"POINT (9.952923200000043 53.463367085000073)","Unfall 161059 (2019) Kat:3, Licht: 0","161059","3","6","3","08","13","2","0","0","1","1","0","0"
"POINT (10.044208454000056 53.592675028000031)","Unfall 161060 (2019) Kat:3, Licht: 0","161060","3","2","3","08","19","4","0","0","1","1","0","0"
"POINT (10.182199159000049 53.498105362000047)","Unfall 161061 (2019) Kat:3, Licht: 0","161061","3","6","2","08","18","2","0","0","0","1","0","1"
"POINT (10.107118707000041 53.547554931000036)","Unfall 161062 (2019) Kat:2, Licht: 0","161062","2","2","4","08","06","2","0","0","0","0","0","1"
"POINT (10.057985703000043 53.553294166000057)","Unfall 161063 (2019) Kat:3, Licht: 0","161063","3","2","5","08","14","2","0","0","1","1","0","0"
"POINT (10.113657223000075 53.616260175000036)","Unfall 161064 (2019) Kat:2, Licht: 0","161064","2","3","5","08","13","2","0","0","1","1","0","0"
"POINT (10.070401416000038 53.573159292000071)","Unfall 161065 (2019) Kat:3, Licht: 0","161065","3","6","1","08","16","2","0","0","0","1","0","0"
"POINT (10.053923982000072 53.607122984000057)","Unfall 161066 (2019) Kat:3, Licht: 0","161066","3","3","5","08","11","2","0","0","0","1","0","1"
"POINT (10.106765575000054 53.708680457000071)","Unfall 161067 (2019) Kat:3, Licht: 0","161067","3","2","4","08","15","2","0","0","1","1","0","0"
"POINT (10.025421411000025 53.649658308000028)","Unfall 161068 (2019) Kat:3, Licht: 0","161068","3","6","1","08","14","2","0","0","0","1","0","0"
"POINT (9.994485007000037 53.602094356000066)","Unfall 161069 (2019) Kat:2, Licht: 0","161069","2","2","4","08","07","2","0","0","0","1","0","1"
"POINT (10.020141802000069 53.575054684000065)","Unfall 161070 (2019) Kat:3, Licht: 0","161070","3","3","5","08","07","2","0","0","1","1","0","0"
"POINT (9.888766352000062 53.618650579000075)","Unfall 161071 (2019) Kat:3, Licht: 0","161071","3","3","5","08","07","2","0","0","1","1","0","0"
"POINT (9.933288529000038 53.566747243000066)","Unfall 161072 (2019) Kat:3, Licht: 0","161072","3","3","5","08","10","2","0","0","1","1","0","0"
"POINT (10.016651021000030 53.555278965000070)","Unfall 161073 (2019) Kat:3, Licht: 0","161073","3","4","6","08","11","2","0","0","0","1","1","0"
"POINT (9.920872988000042 53.515380450000066)","Unfall 161074 (2019) Kat:3, Licht: 0","161074","3","2","1","08","14","2","0","0","0","0","0","0"
"POINT (10.188007512000070 53.493856333000053)","Unfall 161075 (2019) Kat:2, Licht: 0","161075","2","5","1","08","11","1","0","0","1","1","0","0"
"POINT (10.296234056000060 53.431179422000071)","Unfall 161076 (2019) Kat:3, Licht: 0","161076","3","2","1","08","13","1","0","0","0","1","0","0"