WKT,Name,OBJECTID,UKATEGORIE,UTYP1,UART,UMONAT,USTUNDE,UWOCHENTAG,STRZUSTAND,ULICHTVERH,ISTRAD,ISTPKW,ISTFUSS,ISTKRAD
"POINT (10.065950967000049 53.465457977000028)","Unfall 161077 (2019) Kat:2, Licht: 0","161077","2","5","1","08","11","1","0","0","1","1","0","0"
"POINT (10.118832838000060 53.425992919000066)","Unfall 161078 (2019) Kat:2, Licht: 0","161078","2","5","1","08","11","1","0","0","1","1","0","0"
"POINT (10.073181705000025 53.574202523000054)","Unfall 161079 (2019) Kat:3, Licht: 0","161079","3","6","4","08","17","1","0","0","1","0","0","0"
"POINT (10.040445897000041 53.603755979000027)","Unfall 161080 (2019) Kat:3, Licht: 0","161080","3","2","3","08","19","1","0","0","1","1","0","0"
"POINT (10.145165332000033 53.668965974000059)","Unfall 161081 (2019) Kat:3, Licht: 0","161081","3","3","5","08","13","1","0","0","0","1","0","0"
"POINT (9.936251238000068 53.573091012000077)","Unfall 161082 (2019) Kat:3, Licht: 0","161082","3","2","4","08","11","1","0","0","1","1","0","0"
"POINT (9.811006105000047 53.563269735000063)","Unfall 161083 (2019) Kat:2, Licht: 0","161083","2","6","6","08","12","1","0","0","1","0","1","0"
"POINT (9.905569405000051 53.549497447000078)","Unfall 161084 (2019) Kat:3, Licht: 2","161084","3","1","1","08","04","1","0","2","0","1","0","0"
"POINT (9.959324165000055 53.564910210000050)","Unfall 161085 (2019) Kat:3, Licht: 0","161085","3","4","6","08","12","1","0","0","1","0","1","0"
"POINT (9.958894833000045 53.551571954000053)","Unfall 161086 (2019) Kat:3, Licht: 2","161086","3","4","6","08","02","1","0","2","0","0","1","0"
"POINT (10.205861340000070 53.493188890000056)","Unfall 161087 (2019) Kat:2, Licht: 0","161087","2","2","2","08","13","7","0","0","0","1","0","0"
"POINT (10.135530065000069 53.527456786000073)","Unfall 161088 (2019) Kat:3, Licht: 0","161088","3","6","0","08","14","7","1","0","0","0","0","0"
"POINT (10.111205618000042 53.623162300000047)","Unfall 161089 (2019) Kat:3, Licht: 0","161089","3","6","4","08","13","7","0","0","0","1","0","0"
"POINT (10.111851177000062 53.622139189000052)","Unfall 161090 (2019) Kat:3, Licht: 0","161090","3","3","5","08","16","7","0","0","1","1","0","0"
"POINT (10.049847916000033 53.582354094000038)","Unfall 161091 (2019) Kat:3, Licht: 0","161091","3","5","1","08","16","7","0","0","0","1","0","0"
"POINT (9.913238924000041 53.559637145000067)","Unfall 161092 (2019) Kat:3, Licht: 0","161092","3","3","5","08","19","7","1","0","0","1","0","1"
"POINT (9.888284360000057 53.572986772000036)","Unfall 161093 (2019) Kat:3, Licht: 0","161093","3","3","5","08","19","7","0","0","0","1","0","1"
"POINT (9.947926964000033 53.594623373000047)","Unfall 161094 (2019) Kat:3, Licht: 0","161094","3","6","2","08","15","7","0","0","0","1","0","0"
"POINT (9.944119129000058 53.551782845000048)","Unfall 161095 (2019) Kat:3, Licht: 0","161095","3","6","3","08","15","7","0","0","1","0","0","0"
"POINT (9.962927317000037 53.552955873000030)","Unfall 161096 (2019) Kat:3, Licht: 0","161096","3","3","5","08","17","7","0","0","1","1","0","0"
"POINT (10.200025657000026 53.482477690000053)","Unfall 161097 (2019) Kat:3, Licht: 0","161097","3","6","2","08","19","5","1","0","0","1","0","0"
"POINT (9.921985453000048 53.546165310000049)","Unfall 161098 (2019) Kat:3, Licht: 0","161098","3","3","5","08","16","6","1","0","0","1","0","0"
"POINT (10.046099449000053 53.675621137000064)","Unfall 161099 (2019) Kat:3, Licht: 1","161099","3","3","5","08","20","5","1","1","1","1","0","0"
"POINT (9.966330450000044 53.546319289000053)","Unfall 161100 (2019) Kat:3, Licht: 0","161100","3","6","2","08","19","7","0","0","0","1","0","0"
"POINT (9.991676777000066 53.553821935000030)","Unfall 161101 (2019) Kat:3, Licht: 0","161101","3","6","2","08","11","7","0","0","0","0","0","0"
"POINT (9.972225237000032 53.545455087000050)","Unfall 161102 (2019) Kat:3, Licht: 0","161102","3","3","5","08","15","7","0","0","1","0","0","0"
"POINT (9.966088787000047 53.546347008000055)","Unfall 161103 (2019) Kat:3, Licht: 0","161103","3","6","2","08","20","7","1","0","0","1","0","1"
"POINT (9.787146177000068 53.508262955000077)","Unfall 161104 (2019) Kat:3, Licht: 0","161104","3","1","9","08","19","6","1","0","0","1","0","0"
"POINT (10.100623638000059 53.540133032000028)","Unfall 161105 (2019) Kat:3, Licht: 2","161105","3","6","3","08","21","6","1","2","0","1","0","1"
"POINT (10.147464722000052 53.528778943000077)","Unfall 161106 (2019) Kat:3, Licht: 0","161106","3","3","5","08","12","6","0","0","1","0","0","0"
"POINT (10.097268601000053 53.544952670000043)","Unfall 161107 (2019) Kat:3, Licht: 0","161107","3","7","1","08","17","6","1","0","0","1","0","0"
"POINT (10.017314467000062 53.548941106000029)","Unfall 161108 (2019) Kat:3, Licht: 0","161108","3","6","2","08","19","6","1","0","0","1","0","0"
"POINT (10.155972540000050 53.606788480000034)","Unfall 161109 (2019) Kat:3, Licht: 1","161109","3","7","5","08","19","6","1","1","1","0","0","0"
"POINT (10.031392327000049 53.596709817000033)","Unfall 161110 (2019) Kat:3, Licht: 0","161110","3","6","2","08","19","6","1","0","0","1","0","0"
"POINT (10.017249580000055 53.600256400000035)","Unfall 161111 (2019) Kat:2, Licht: 0","161111","2","1","0","08","05","6","0","0","0","0","0","0"
"POINT (9.933740987000022 53.592553859000077)","Unfall 161112 (2019) Kat:3, Licht: 0","161112","3","2","4","08","13","6","0","0","0","1","0","1"
"POINT (9.917928336000045 53.599308987000029)","Unfall 161113 (2019) Kat:3, Licht: 0","161113","3","3","5","08","11","5","0","0","1","1","0","0"
"POINT (9.864405584000053 53.552327590000061)","Unfall 161114 (2019) Kat:3, Licht: 0","161114","3","3","5","08","14","6","0","0","1","1","0","0"
"POINT (9.875752652000074 53.588726142000041)","Unfall 161115 (2019) Kat:3, Licht: 0","161115","3","6","0","08","16","6","1","0","0","1","0","0"
"POINT (9.823627306000049 53.560487904000070)","Unfall 161116 (2019) Kat:3, Licht: 0","161116","3","3","5","08","17","5","0","0","0","1","0","0"
"POINT (9.979607730000055 53.555825119000076)","Unfall 161117 (2019) Kat:3, Licht: 0","161117","3","2","2","08","17","6","1","0","1","1","0","0"
"POINT (9.814734210000040 53.563242135000053)","Unfall 161118 (2019) Kat:3, Licht: 0","161118","3","3","5","08","12","5","0","0","1","1","0","0"
"POINT (9.871507862000044 53.592268035000075)","Unfall 161119 (2019) Kat:3, Licht: 0","161119","3","6","2","08","09","6","0","0","0","1","0","0"
"POINT (9.828318378000063 53.565522650000048)","Unfall 161120 (2019) Kat:3, Licht: 0","161120","3","6","4","08","07","5","0","0","1","0","0","0"
"POINT (9.952519541000072 53.561886493000031)","Unfall 161121 (2019) Kat:3, Licht: 0","161121","3","2","4","08","18","6","0","0","0","1","0","0"
"POINT (10.100761980000073 53.540280566000035)","Unfall 161122 (2019) Kat:3, Licht: 1","161122","3","3","5","08","21","5","0","1","0","1","0","0"
"POINT (10.041241232000061 53.579594641000028)","Unfall 161123 (2019) Kat:3, Licht: 0","161123","3","3","5","08","16","4","0","0","1","1","0","0"
"POINT (9.935254275000034 53.471764478000068)","Unfall 161124 (2019) Kat:3, Licht: 2","161124","3","3","5","08","22","4","0","2","1","1","0","0"
"POINT (9.751539167000033 53.576208463000057)","Unfall 161125 (2019) Kat:3, Licht: 0","161125","3","3","6","08","10","5","0","0","0","1","1","0"
"POINT (9.947000353000021 53.551366316000042)","Unfall 161126 (2019) Kat:3, Licht: 0","161126","3","6","2","08","07","5","0","0","0","1","1","0"
"POINT (9.941659834000063 53.547994182000082)","Unfall 161127 (2019) Kat:3, Licht: 0","161127","3","7","0","08","16","6","0","0","0","0","0","1"
"POINT (9.977489959000025 53.564309761000061)","Unfall 161128 (2019) Kat:3, Licht: 0","161128","3","3","5","08","16","5","1","0","1","1","0","0"
"POINT (9.948447018000024 53.595240164000074)","Unfall 161129 (2019) Kat:3, Licht: 0","161129","3","1","0","09","09","3","1","0","0","0","0","1"
"POINT (9.993978048000031 53.579489393000074)","Unfall 161130 (2019) Kat:3, Licht: 0","161130","3","6","2","09","15","3","1","0","0","1","0","0"
"POINT (9.983821627000054 53.569174921000069)","Unfall 161131 (2019) Kat:3, Licht: 0","161131","3","2","3","09","14","3","1","0","1","1","0","0"
"POINT (10.186505863000036 53.489776400000039)","Unfall 161132 (2019) Kat:3, Licht: 0","161132","3","3","5","09","19","3","1","0","1","1","0","0"
"POINT (9.864631421000070 53.533979380000062)","Unfall 161133 (2019) Kat:3, Licht: 0","161133","3","7","5","09","16","2","0","0","1","1","0","0"
"POINT (9.954597879000062 53.455788930000040)","Unfall 161134 (2019) Kat:2, Licht: 2","161134","2","2","4","09","20","2","0","2","0","1","0","1"
"POINT (10.208207562000041 53.492207851000046)","Unfall 161135 (2019) Kat:3, Licht: 0","161135","3","6","3","09","11","2","0","0","0","1","0","0"
"POINT (10.183817448000070 53.488818931000026)","Unfall 161136 (2019) Kat:3, Licht: 0","161136","3","7","6","09","11","2","0","0","0","1","1","0"
"POINT (10.139695366000069 53.538357337000036)","Unfall 161137 (2019) Kat:3, Licht: 0","161137","3","2","4","09","17","2","0","0","0","1","0","0"
"POINT (10.108617722000076 53.559173117000057)","Unfall 161138 (2019) Kat:3, Licht: 0","161138","3","6","2","09","11","2","0","0","0","1","0","0"
"POINT (10.053253180000070 53.557092776000047)","Unfall 161139 (2019) Kat:3, Licht: 0","161139","3","2","3","09","09","2","0","0","1","1","0","0"
"POINT (10.056386910000072 53.554977043000065)","Unfall 161140 (2019) Kat:3, Licht: 0","161140","3","6","2","09","17","2","0","0","0","1","0","0"
"POINT (10.136691970000072 53.603775456000051)","Unfall 161141 (2019) Kat:3, Licht: 1","161141","3","3","5","09","19","2","0","1","0","1","0","0"
"POINT (10.148726869000029 53.595362673000068)","Unfall 161142 (2019) Kat:3, Licht: 0","161142","3","3","5","09","07","2","0","0","1","1","0","0"
"POINT (10.060466764000068 53.570998266000061)","Unfall 161143 (2019) Kat:3, Licht: 0","161143","3","6","2","09","16","2","0","0","0","1","0","0"
"POINT (10.172327745000075 53.653603770000075)","Unfall 161144 (2019) Kat:3, Licht: 0","161144","3","3","5","09","19","2","0","0","1","1","0","0"
"POINT (10.012909691000061 53.629268096000033)","Unfall 161145 (2019) Kat:3, Licht: 0","161145","3","4","6","09","14","2","0","0","0","1","1","0"
"POINT (10.004891851000025 53.662764648000064)","Unfall 161146 (2019) Kat:3, Licht: 0","161146","3","2","1","09","13","2","1","0","0","1","0","1"
"POINT (10.031622257000038 53.647060211000053)","Unfall 161147 (2019) Kat:3, Licht: 0","161147","3","3","5","09","11","2","0","0","0","1","0","1"
"POINT (10.011837050000054 53.649114434000069)","Unfall 161148 (2019) Kat:3, Licht: 0","161148","3","6","4","09","15","2","0","0","1","0","0","0"
"POINT (10.017210430000034 53.649424466000028)","Unfall 161149 (2019) Kat:3, Licht: 0","161149","3","6","2","09","16","2","0","0","0","1","0","0"
"POINT (10.000370883000073 53.679888291000054)","Unfall 161150 (2019) Kat:3, Licht: 0","161150","3","7","5","09","18","2","0","0","0","1","0","0"
"POINT (10.055654399000048 53.569276163000040)","Unfall 161151 (2019) Kat:3, Licht: 1","161151","3","6","3","09","19","2","0","1","0","1","0","0"
"POINT (10.020740692000061 53.566242940000052)","Unfall 161152 (2019) Kat:3, Licht: 0","161152","3","3","5","09","10","2","0","0","0","1","0","0"
"POINT (9.793612379000024 53.579838644000063)","Unfall 161153 (2019) Kat:3, Licht: 1","161153","3","3","5","09","19","2","0","1","0","1","0","1"
"POINT (9.914290129000051 53.623534570000061)","Unfall 161154 (2019) Kat:3, Licht: 0","161154","3","7","0","09","08","2","0","0","0","0","0","0"
"POINT (9.952917036000031 53.601901992000080)","Unfall 161155 (2019) Kat:2, Licht: 0","161155","2","2","6","09","09","2","0","0","0","1","1","0"
"POINT (9.957522531000052 53.588681962000067)","Unfall 161156 (2019) Kat:3, Licht: 0","161156","3","7","9","09","18","2","0","0","0","1","0","0"
"POINT (9.933329093000054 53.546503663000067)","Unfall 161157 (2019) Kat:3, Licht: 0","161157","3","6","3","09","13","2","0","0","0","1","0","1"
"POINT (9.923764772000027 53.546324392000031)","Unfall 161158 (2019) Kat:3, Licht: 0","161158","3","3","5","09","08","2","0","0","0","1","0","1"
"POINT (9.993896752000069 53.557979887000045)","Unfall 161159 (2019) Kat:3, Licht: 0","161159","3","6","4","09","07","2","0","0","1","0","0","0"
"POINT (9.990021053000021 53.559882923000032)","Unfall 161160 (2019) Kat:3, Licht: 0","161160","3","2","3","09","10","2","0","0","1","0","0","0"
"POINT (9.866242022000051 53.476740382000060)","Unfall 161161 (2019) Kat:3, Licht: 2","161161","3","7","8","09","04","1","0","2","0","1","0","0"
"POINT (10.149756936000074 53.524239381000029)","Unfall 161162 (2019) Kat:3, Licht: 0","161162","3","3","5","09","12","1","1","0","1","1","0","0"
"POINT (10.129412106000075 53.605194979000032)","Unfall 161163 (2019) Kat:3, Licht: 1","161163","3","6","2","09","20","1","0","1","0","1","0","0"
"POINT (10.067524611000067 53.582293853000067)","Unfall 161164 (2019) Kat:3, Licht: 2","161164","3","2","3","09","21","1","0","2","1","1","0","0"
"POINT (10.076115555000058 53.575124427000048)","Unfall 161165 (2019) Kat:3, Licht: 0","161165","3","6","0","09","12","1","1","0","0","1","0","0"
"POINT (10.076125502000025 53.611805575000062)","Unfall 161166 (2019) Kat:3, Licht: 0","161166","3","3","5","09","09","1","0","0","1","1","0","0"
"POINT (10.119023620000064 53.663641533000032)","Unfall 161167 (2019) Kat:3, Licht: 2","161167","3","7","7","09","23","1","0","2","0","0","0","1"
"POINT (10.015597338000020 53.562704043000053)","Unfall 161168 (2019) Kat:3, Licht: 2","161168","3","3","5","09","21","1","0","2","0","1","0","0"
"POINT (10.209749220000049 53.497376632000055)","Unfall 161169 (2019) Kat:3, Licht: 0","161169","3","7","3","09","08","3","1","0","0","1","0","0"
"POINT (9.954377102000024 53.553273290000050)","Unfall 161170 (2019) Kat:3, Licht: 2","161170","3","4","6","09","02","1","0","2","0","1","1","0"
"POINT (9.965810872000077 53.565389460000063)","Unfall 161171 (2019) Kat:2, Licht: 2","161171","2","6","4","09","01","1","0","2","1","0","0","0"
"POINT (9.965011581000056 53.551077940000027)","Unfall 161172 (2019) Kat:3, Licht: 0","161172","3","3","5","09","07","1","0","0","0","1","0","1"
"POINT (10.010801695000055 53.559827255000073)","Unfall 161173 (2019) Kat:3, Licht: 0","161173","3","3","5","09","16","1","0","0","1","1","0","0"
"POINT (10.111749868000061 53.538308962000031)","Unfall 161174 (2019) Kat:3, Licht: 2","161174","3","4","6","08","22","7","0","2","0","1","1","0"
"POINT (10.101604167000062 53.589557514000035)","Unfall 161175 (2019) Kat:3, Licht: 0","161175","3","6","1","08","15","7","0","0","0","1","0","0"
"POINT (10.094899989000055 53.639164617000063)","Unfall 161176 (2019) Kat:3, Licht: 0","161176","3","2","4","08","10","7","0","0","0","1","0","0"
"POINT (9.996227553000040 53.648425945000042)","Unfall 161177 (2019) Kat:3, Licht: 0","161177","3","6","2","08","08","7","0","0","0","1","0","0"
"POINT (9.922451954000053 53.628254665000043)","Unfall 161178 (2019) Kat:3, Licht: 0","161178","3","7","0","08","14","7","0","0","0","0","0","0"
"POINT (9.995892650000030 53.566736471000070)","Unfall 161179 (2019) Kat:3, Licht: 0","161179","3","2","4","08","13","7","0","0","0","1","0","1"
"POINT (9.972173427000030 53.566587326000047)","Unfall 161180 (2019) Kat:2, Licht: 2","161180","2","4","6","08","00","7","0","2","0","1","1","0"
"POINT (9.968116765000048 53.566715760000079)","Unfall 161181 (2019) Kat:3, Licht: 2","161181","3","4","6","08","22","7","0","2","0","1","1","0"
"POINT (9.996312845000034 53.549348590000079)","Unfall 161182 (2019) Kat:3, Licht: 0","161182","3","2","4","08","18","7","0","0","1","1","0","0"
"POINT (9.983346361000031 53.543610658000034)","Unfall 161183 (2019) Kat:2, Licht: 2","161183","2","7","0","08","00","7","0","2","0","0","0","0"
"POINT (10.005602892000070 53.558033597000076)","Unfall 161184 (2019) Kat:2, Licht: 0","161184","2","6","4","08","11","7","0","0","1","0","0","0"
"POINT (9.975853772000050 53.454490978000081)","Unfall 161185 (2019) Kat:3, Licht: 1","161185","3","5","1","08","20","6","0","1","1","1","0","0"
"POINT (10.216179913000076 53.486108440000066)","Unfall 161186 (2019) Kat:3, Licht: 0","161186","3","6","2","08","15","6","0","0","0","1","0","1"
"POINT (10.214996321000058 53.504213856000035)","Unfall 161187 (2019) Kat:3, Licht: 0","161187","3","3","5","08","07","6","0","0","1","1","0","0"
"POINT (10.109467730000063 53.542046625000069)","Unfall 161188 (2019) Kat:3, Licht: 0","161188","3","7","0","08","13","6","0","0","1","0","0","0"
"POINT (10.051713831000029 53.560978387000034)","Unfall 161189 (2019) Kat:3, Licht: 0","161189","3","6","2","08","12","6","0","0","0","1","0","0"
"POINT (10.162814581000021 53.589668500000073)","Unfall 161190 (2019) Kat:3, Licht: 0","161190","3","3","0","08","14","6","0","0","0","1","0","0"
"POINT (10.114930001000062 53.613558536000028)","Unfall 161191 (2019) Kat:3, Licht: 0","161191","3","6","2","08","13","6","0","0","0","1","0","0"
"POINT (10.106001853000066 53.598577604000070)","Unfall 161192 (2019) Kat:3, Licht: 0","161192","3","6","2","08","14","6","0","0","0","1","0","0"
"POINT (10.129292317000022 53.444583382000076)","Unfall 161193 (2019) Kat:3, Licht: 0","161193","3","7","0","09","16","3","0","0","1","1","0","0"
"POINT (10.033276973000056 53.621258999000077)","Unfall 161194 (2019) Kat:3, Licht: 0","161194","3","7","6","08","14","6","0","0","1","0","1","0"
"POINT (10.140477288000056 53.623998434000043)","Unfall 161195 (2019) Kat:3, Licht: 0","161195","3","7","0","09","19","3","1","0","0","1","0","1"
"POINT (10.129620595000063 53.588025196000046)","Unfall 161196 (2019) Kat:3, Licht: 2","161196","3","3","5","09","20","3","0","2","0","1","0","0"
"POINT (10.031433696000022 53.595997736000072)","Unfall 161197 (2019) Kat:3, Licht: 0","161197","3","6","2","08","08","6","0","0","0","1","0","1"
"POINT (10.012774065000031 53.573363684000071)","Unfall 161198 (2019) Kat:3, Licht: 2","161198","3","2","3","08","21","6","0","2","0","1","0","1"
"POINT (10.107144151000057 53.581215436000036)","Unfall 161199 (2019) Kat:3, Licht: 0","161199","3","6","2","09","13","3","1","0","0","1","0","0"
"POINT (9.865202074000024 53.570038978000071)","Unfall 161200 (2019) Kat:3, Licht: 0","161200","3","2","4","08","13","6","0","0","1","1","0","0"
"POINT (10.061992869000051 53.570801699000071)","Unfall 161201 (2019) Kat:3, Licht: 0","161201","3","6","2","09","12","3","1","0","0","1","0","0"
"POINT (9.887109923000025 53.559625542000049)","Unfall 161202 (2019) Kat:3, Licht: 0","161202","3","6","1","08","12","6","0","0","0","1","0","0"
"POINT (9.953400538000039 53.568633743000078)","Unfall 161203 (2019) Kat:3, Licht: 2","161203","3","6","3","08","22","6","0","2","1","0","0","0"
"POINT (9.936434562000045 53.552452710000068)","Unfall 161204 (2019) Kat:3, Licht: 0","161204","3","5","1","08","10","6","0","0","1","1","0","0"
"POINT (9.939366961000076 53.553728504000048)","Unfall 161205 (2019) Kat:3, Licht: 1","161205","3","7","4","08","19","6","0","1","0","1","0","0"
"POINT (9.982165524000038 53.564297049000061)","Unfall 161206 (2019) Kat:3, Licht: 0","161206","3","3","5","08","16","6","0","0","1","1","0","0"
"POINT (9.988751391000051 53.581286150000039)","Unfall 161207 (2019) Kat:3, Licht: 0","161207","3","3","5","08","13","6","0","0","1","1","0","0"
"POINT (9.988635416000022 53.562048772000082)","Unfall 161208 (2019) Kat:3, Licht: 0","161208","3","4","6","08","09","6","0","0","0","1","1","0"
"POINT (9.987866835000034 53.556234084000039)","Unfall 161209 (2019) Kat:3, Licht: 0","161209","3","6","2","08","08","6","0","0","1","1","0","0"
"POINT (9.970051188000070 53.546544964000077)","Unfall 161210 (2019) Kat:3, Licht: 2","161210","3","1","0","08","23","6","0","2","0","0","0","0"
"POINT (10.025655353000047 53.544376280000051)","Unfall 161211 (2019) Kat:3, Licht: 0","161211","3","3","6","08","12","5","0","0","0","1","1","0"
"POINT (10.145011970000041 53.618220486000041)","Unfall 161212 (2019) Kat:3, Licht: 0","161212","3","3","5","08","14","5","0","0","1","1","0","0"
"POINT (10.119737444000066 53.580071381000039)","Unfall 161213 (2019) Kat:3, Licht: 0","161213","3","3","5","08","18","5","0","0","1","1","0","0"
"POINT (10.061719359000051 53.568971949000058)","Unfall 161214 (2019) Kat:3, Licht: 0","161214","3","2","0","08","07","5","1","0","1","1","0","0"
"POINT (10.100108814000066 53.585766111000055)","Unfall 161215 (2019) Kat:3, Licht: 0","161215","3","6","2","08","09","5","1","0","0","1","0","0"
"POINT (10.097576034000042 53.593644773000051)","Unfall 161216 (2019) Kat:3, Licht: 0","161216","3","3","5","08","08","5","1","0","1","1","0","0"
"POINT (10.078794444000039 53.588117188000069)","Unfall 161217 (2019) Kat:2, Licht: 0","161217","2","3","5","08","08","5","1","0","1","1","0","0"
"POINT (10.081475775000058 53.620073879000074)","Unfall 161218 (2019) Kat:2, Licht: 0","161218","2","2","4","08","12","5","0","0","0","1","0","1"
"POINT (9.999208485000054 53.665433986000039)","Unfall 161219 (2019) Kat:3, Licht: 0","161219","3","6","2","08","08","5","1","0","0","1","0","0"
"POINT (10.003285538000057 53.648061907000056)","Unfall 161220 (2019) Kat:3, Licht: 0","161220","3","4","6","08","12","5","0","0","0","1","1","0"
"POINT (10.022088214000064 53.632134299000029)","Unfall 161221 (2019) Kat:3, Licht: 0","161221","3","7","0","08","07","5","1","0","1","1","0","0"
"POINT (10.010063579000075 53.611651850000044)","Unfall 161222 (2019) Kat:2, Licht: 0","161222","2","2","5","08","13","5","0","0","0","1","0","0"
"POINT (10.007490816000029 53.580923718000065)","Unfall 161223 (2019) Kat:3, Licht: 0","161223","3","2","5","08","11","5","0","0","0","1","0","1"
"POINT (10.005621179000059 53.586449745000039)","Unfall 161224 (2019) Kat:3, Licht: 0","161224","3","7","0","08","14","5","0","0","1","0","0","0"
"POINT (10.007595793000064 53.592938308000043)","Unfall 161225 (2019) Kat:3, Licht: 0","161225","3","6","4","08","15","5","0","0","1","0","0","0"
"POINT (10.000250352000023 53.587624899000048)","Unfall 161226 (2019) Kat:3, Licht: 0","161226","3","1","0","08","19","5","0","0","0","0","0","1"
"POINT (10.055776311000045 53.591387075000057)","Unfall 161227 (2019) Kat:3, Licht: 2","161227","3","3","5","08","23","5","0","2","0","1","0","0"
"POINT (10.020506864000026 53.572456334000037)","Unfall 161228 (2019) Kat:3, Licht: 0","161228","3","5","1","08","18","5","1","0","1","1","0","0"
"POINT (10.020070985000075 53.565800998000043)","Unfall 161229 (2019) Kat:3, Licht: 0","161229","3","6","2","08","18","5","0","0","0","1","0","0"
"POINT (9.942561549000061 53.593321391000075)","Unfall 161230 (2019) Kat:3, Licht: 0","161230","3","6","2","08","19","5","0","0","0","1","0","0"
"POINT (9.927817002000040 53.592174694000050)","Unfall 161231 (2019) Kat:3, Licht: 0","161231","3","7","2","08","10","5","1","0","0","1","0","0"
"POINT (9.826248741000029 53.564033247000054)","Unfall 161232 (2019) Kat:3, Licht: 0","161232","3","6","1","08","11","5","0","0","0","1","0","0"
"POINT (9.857306130000040 53.598105833000034)","Unfall 161233 (2019) Kat:3, Licht: 0","161233","3","6","1","08","17","5","0","0","0","1","0","0"
"POINT (9.966210043000046 53.638561760000073)","Unfall 161234 (2019) Kat:3, Licht: 0","161234","3","6","0","08","12","5","1","0","1","0","0","0"
"POINT (9.946364622000033 53.620713474000070)","Unfall 161235 (2019) Kat:3, Licht: 0","161235","3","6","2","08","08","5","1","0","0","1","0","0"
"POINT (9.948153637000075 53.594817077000073)","Unfall 161236 (2019) Kat:3, Licht: 0","161236","3","6","2","08","11","5","0","0","0","1","0","0"
"POINT (9.927657933000035 53.544855225000049)","Unfall 161237 (2019) Kat:3, Licht: 0","161237","3","3","5","08","09","5","1","0","1","0","0","0"
"POINT (10.096023735000074 53.638853250000068)","Unfall 161238 (2019) Kat:3, Licht: 0","161238","3","6","3","09","12","3","0","0","1","0","0","0"
"POINT (9.942865270000027 53.546139252000046)","Unfall 161239 (2019) Kat:3, Licht: 0","161239","3","6","2","08","17","5","0","0","0","1","0","1"
"POINT (9.989854228000070 53.561434432000055)","Unfall 161240 (2019) Kat:3, Licht: 2","161240","3","7","0","08","20","5","0","2","0","1","0","0"
"POINT (9.960166404000063 53.551363905000073)","Unfall 161241 (2019) Kat:3, Licht: 0","161241","3","2","6","08","18","5","0","0","0","0","1","0"
"POINT (9.959297515000060 53.549492095000062)","Unfall 161242 (2019) Kat:3, Licht: 0","161242","3","6","3","08","10","5","0","0","0","1","0","0"
"POINT (9.877527420000035 53.502157481000040)","Unfall 161243 (2019) Kat:3, Licht: 0","161243","3","3","5","08","17","4","0","0","1","1","0","0"
"POINT (9.987684497000032 53.457091048000052)","Unfall 161244 (2019) Kat:3, Licht: 0","161244","3","6","4","08","18","4","0","0","1","0","0","0"
"POINT (10.018058839000048 53.527304473000072)","Unfall 161245 (2019) Kat:3, Licht: 2","161245","3","5","1","08","20","4","1","2","0","1","0","0"
"POINT (10.197028577000026 53.488850036000031)","Unfall 161246 (2019) Kat:3, Licht: 0","161246","3","2","4","08","18","4","0","0","1","0","0","0"
"POINT (10.096537289000025 53.556315547000054)","Unfall 161247 (2019) Kat:3, Licht: 2","161247","3","4","6","08","05","4","1","2","1","0","1","0"
"POINT (10.068761524000024 53.559530779000056)","Unfall 161248 (2019) Kat:3, Licht: 0","161248","3","3","0","08","16","4","0","0","1","1","0","0"
"POINT (10.038809332000028 53.555291956000076)","Unfall 161249 (2019) Kat:3, Licht: 0","161249","3","6","3","08","15","4","0","0","0","1","0","0"
"POINT (10.100343408000072 53.589295134000054)","Unfall 161250 (2019) Kat:3, Licht: 1","161250","3","2","3","08","06","4","0","1","1","1","0","0"
"POINT (10.159814462000043 53.617890439000064)","Unfall 161251 (2019) Kat:3, Licht: 0","161251","3","3","5","08","16","4","0","0","0","1","0","1"
"POINT (10.135552026000028 53.573683302000063)","Unfall 161252 (2019) Kat:3, Licht: 2","161252","3","3","5","08","22","4","1","2","1","1","0","0"
"POINT (10.038174967000032 53.608567926000035)","Unfall 161253 (2019) Kat:3, Licht: 0","161253","3","5","1","08","14","4","0","0","1","1","0","0"
"POINT (10.059002566000061 53.594811473000050)","Unfall 161254 (2019) Kat:2, Licht: 0","161254","2","3","5","08","14","4","0","0","0","1","0","1"
"POINT (10.033558523000067 53.587846939000030)","Unfall 161255 (2019) Kat:3, Licht: 0","161255","3","2","4","08","18","4","0","0","1","1","0","0"
"POINT (10.031966401000034 53.586858679000045)","Unfall 161256 (2019) Kat:3, Licht: 0","161256","3","2","3","08","16","4","0","0","1","1","0","0"
"POINT (10.003783536000071 53.587990528000034)","Unfall 161257 (2019) Kat:3, Licht: 0","161257","3","7","0","08","07","4","0","0","1","0","0","0"
"POINT (9.934632306000026 53.550781220000033)","Unfall 161258 (2019) Kat:3, Licht: 0","161258","3","3","5","08","08","4","0","0","0","1","0","0"
"POINT (9.975899687000037 53.574313160000031)","Unfall 161259 (2019) Kat:3, Licht: 0","161259","3","7","0","08","08","4","1","0","1","0","0","0"
"POINT (9.964870033000068 53.560206173000040)","Unfall 161260 (2019) Kat:3, Licht: 0","161260","3","6","0","08","17","4","0","0","1","0","0","0"
"POINT (9.963177026000039 53.560597972000039)","Unfall 161261 (2019) Kat:3, Licht: 0","161261","3","5","1","08","15","4","0","0","1","1","0","0"