WKT,Name,OBJECTID,UKATEGORIE,UTYP1,UART,UMONAT,USTUNDE,UWOCHENTAG,STRZUSTAND,ULICHTVERH,ISTRAD,ISTPKW,ISTFUSS,ISTKRAD
"POINT (9.960327141000050 53.549545804000047)","Unfall 161262 (2019) Kat:3, Licht: 0","161262","3","5","1","08","18","4","0","0","1","1","0","0"
"POINT (10.000974136000025 53.555636570000047)","Unfall 161263 (2019) Kat:3, Licht: 0","161263","3","3","5","08","09","4","0","0","0","1","0","0"
"POINT (9.978158340000050 53.544286521000060)","Unfall 161264 (2019) Kat:3, Licht: 0","161264","3","7","0","08","08","4","0","0","1","0","0","0"
"POINT (10.008698873000071 53.552571137000029)","Unfall 161265 (2019) Kat:2, Licht: 2","161265","2","4","6","08","21","4","1","2","0","1","1","0"
"POINT (10.186783130000038 53.486843523000061)","Unfall 161266 (2019) Kat:3, Licht: 0","161266","3","5","1","08","12","3","0","0","1","1","0","0"
"POINT (10.082296491000022 53.534648125000047)","Unfall 161267 (2019) Kat:3, Licht: 0","161267","3","6","2","08","16","3","0","0","0","1","0","0"
"POINT (10.102947667000024 53.539753892000078)","Unfall 161268 (2019) Kat:3, Licht: 0","161268","3","6","2","08","14","3","0","0","0","1","0","0"
"POINT (10.015173678000053 53.548356674000047)","Unfall 161269 (2019) Kat:2, Licht: 0","161269","2","4","6","08","11","3","0","0","0","1","1","0"
"POINT (10.064644728000076 53.550016879000054)","Unfall 161270 (2019) Kat:3, Licht: 0","161270","3","7","6","08","15","3","0","0","0","1","1","0"
"POINT (10.126464171000066 53.607428051000056)","Unfall 161271 (2019) Kat:3, Licht: 0","161271","3","7","2","08","12","3","0","0","0","1","0","1"
"POINT (10.113158934000069 53.571016475000079)","Unfall 161272 (2019) Kat:3, Licht: 0","161272","3","5","1","08","19","3","1","0","1","1","0","0"
"POINT (10.082470477000072 53.640805926000041)","Unfall 161273 (2019) Kat:3, Licht: 0","161273","3","3","5","09","15","3","0","0","1","1","0","0"
"POINT (10.025673033000032 53.649967279000066)","Unfall 161274 (2019) Kat:3, Licht: 0","161274","3","2","5","09","10","3","1","0","1","1","0","0"
"POINT (10.074044261000040 53.574807105000048)","Unfall 161275 (2019) Kat:3, Licht: 0","161275","3","7","1","08","12","3","0","0","0","1","0","0"
"POINT (10.090921770000023 53.587347647000058)","Unfall 161276 (2019) Kat:3, Licht: 0","161276","3","3","5","08","17","3","0","0","1","1","0","0"
"POINT (10.017098903000033 53.600242670000057)","Unfall 161277 (2019) Kat:3, Licht: 0","161277","3","6","3","09","18","3","0","0","0","1","0","0"
"POINT (10.090405412000052 53.600843852000082)","Unfall 161278 (2019) Kat:3, Licht: 0","161278","3","2","2","08","18","3","1","0","0","1","0","0"
"POINT (10.081125744000076 53.641736688000037)","Unfall 161279 (2019) Kat:2, Licht: 0","161279","2","5","1","08","11","3","0","0","1","1","0","0"
"POINT (10.090540975000067 53.633721276000074)","Unfall 161280 (2019) Kat:3, Licht: 0","161280","3","3","5","08","13","3","0","0","1","1","0","0"
"POINT (10.017868952000072 53.562728318000040)","Unfall 161281 (2019) Kat:3, Licht: 0","161281","3","3","5","08","15","3","0","0","1","1","0","0"
"POINT (9.822942219000026 53.580891210000061)","Unfall 161282 (2019) Kat:3, Licht: 0","161282","3","6","2","08","13","3","0","0","0","1","0","0"
"POINT (9.897288470000035 53.565712847000043)","Unfall 161283 (2019) Kat:3, Licht: 0","161283","3","3","5","08","15","3","0","0","1","1","0","0"
"POINT (9.911025646000041 53.566837871000075)","Unfall 161284 (2019) Kat:3, Licht: 0","161284","3","7","1","08","07","3","0","0","1","1","0","0"
"POINT (9.898244585000043 53.499200869000049)","Unfall 161285 (2019) Kat:2, Licht: 1","161285","2","1","9","08","21","2","0","1","0","1","0","0"
"POINT (9.995943494000073 53.464580791000060)","Unfall 161286 (2019) Kat:3, Licht: 0","161286","3","2","4","08","16","2","0","0","0","1","0","0"
"POINT (10.015234704000022 53.520388473000082)","Unfall 161287 (2019) Kat:3, Licht: 0","161287","3","3","5","08","15","2","0","0","1","1","0","0"
"POINT (10.090084003000072 53.510567780000031)","Unfall 161288 (2019) Kat:3, Licht: 0","161288","3","6","3","08","15","2","0","0","0","1","0","0"
"POINT (10.124671153000065 53.538597476000064)","Unfall 161289 (2019) Kat:3, Licht: 0","161289","3","7","0","08","09","2","0","0","1","0","0","0"
"POINT (10.052728953000042 53.588108769000030)","Unfall 161290 (2019) Kat:3, Licht: 0","161290","3","3","5","09","16","3","1","0","1","1","0","0"
"POINT (10.080522274000032 53.516681374000029)","Unfall 161291 (2019) Kat:2, Licht: 0","161291","2","1","0","08","14","2","0","0","0","0","0","1"
"POINT (10.050958215000037 53.532595835000052)","Unfall 161292 (2019) Kat:3, Licht: 0","161292","3","7","4","08","08","2","0","0","0","1","0","1"
"POINT (10.146741334000069 53.603950858000076)","Unfall 161293 (2019) Kat:3, Licht: 0","161293","3","3","5","08","16","2","0","0","1","1","0","0"
"POINT (10.058481683000025 53.577071623000052)","Unfall 161294 (2019) Kat:3, Licht: 0","161294","3","6","2","08","07","2","0","0","0","1","0","0"
"POINT (10.062263952000023 53.595954106000079)","Unfall 161295 (2019) Kat:3, Licht: 0","161295","3","6","3","08","16","2","0","0","0","1","0","0"
"POINT (10.107014732000039 53.653817490000051)","Unfall 161296 (2019) Kat:2, Licht: 0","161296","2","6","2","08","09","2","0","0","0","1","0","1"
"POINT (10.138720467000041 53.692083181000044)","Unfall 161297 (2019) Kat:3, Licht: 0","161297","3","6","4","08","19","2","0","0","1","1","0","0"
"POINT (10.089065159000029 53.656051406000074)","Unfall 161298 (2019) Kat:3, Licht: 0","161298","3","6","2","08","16","2","0","0","0","1","0","0"
"POINT (10.076981889000024 53.656292488000076)","Unfall 161299 (2019) Kat:3, Licht: 0","161299","3","6","2","08","13","2","0","0","0","1","0","0"
"POINT (10.007492748000061 53.580894311000065)","Unfall 161300 (2019) Kat:3, Licht: 0","161300","3","2","4","08","16","2","0","0","1","1","0","0"
"POINT (10.002153914000075 53.596161798000082)","Unfall 161301 (2019) Kat:2, Licht: 0","161301","2","7","0","08","16","2","0","0","0","0","0","1"
"POINT (9.911045129000058 53.623384549000036)","Unfall 161302 (2019) Kat:3, Licht: 0","161302","3","3","5","08","14","2","0","0","1","1","0","0"
"POINT (9.961151918000041 53.583646310000063)","Unfall 161303 (2019) Kat:2, Licht: 0","161303","2","2","3","08","16","2","0","0","1","0","0","0"
"POINT (9.973923430000070 53.555221153000048)","Unfall 161304 (2019) Kat:3, Licht: 2","161304","3","4","6","08","22","2","0","2","0","1","1","0"
"POINT (9.995164230000057 53.558472254000037)","Unfall 161305 (2019) Kat:3, Licht: 0","161305","3","6","2","08","15","2","0","0","0","1","0","1"
"POINT (9.928250598000034 53.519737442000064)","Unfall 161306 (2019) Kat:3, Licht: 0","161306","3","6","2","08","07","2","0","0","0","1","0","0"
"POINT (9.981891016000077 53.427505542000063)","Unfall 161307 (2019) Kat:3, Licht: 0","161307","3","3","5","08","11","1","0","0","0","1","0","0"
"POINT (9.977319432000058 53.457635298000071)","Unfall 161308 (2019) Kat:3, Licht: 0","161308","3","4","6","08","12","1","0","0","1","0","1","0"
"POINT (10.005921952000051 53.482879911000055)","Unfall 161309 (2019) Kat:3, Licht: 0","161309","3","7","0","08","16","1","0","0","0","0","0","0"
"POINT (10.093212508000022 53.513600687000064)","Unfall 161310 (2019) Kat:3, Licht: 0","161310","3","7","3","08","14","1","0","0","0","1","0","1"
"POINT (10.149877826000022 53.527812459000074)","Unfall 161311 (2019) Kat:3, Licht: 2","161311","3","1","0","08","21","1","0","2","0","0","0","0"
"POINT (10.108220086000074 53.548752437000076)","Unfall 161312 (2019) Kat:1, Licht: 0","161312","1","4","6","08","13","1","0","0","0","0","1","0"
"POINT (10.061114921000069 53.546773904000077)","Unfall 161313 (2019) Kat:3, Licht: 0","161313","3","7","0","08","14","1","0","0","0","0","0","1"
"POINT (10.155382494000037 53.603003836000028)","Unfall 161314 (2019) Kat:3, Licht: 0","161314","3","2","4","08","11","1","0","0","0","1","0","1"
"POINT (10.058034036000038 53.610047241000075)","Unfall 161315 (2019) Kat:3, Licht: 0","161315","3","7","6","08","10","1","0","0","0","1","1","0"
"POINT (10.003675537000049 53.672146881000060)","Unfall 161316 (2019) Kat:3, Licht: 2","161316","3","4","6","08","19","1","0","2","0","0","1","0"
"POINT (10.011966534000067 53.593166733000032)","Unfall 161317 (2019) Kat:3, Licht: 0","161317","3","5","1","08","17","1","0","0","0","1","0","1"
"POINT (10.049609017000023 53.587941035000028)","Unfall 161318 (2019) Kat:3, Licht: 0","161318","3","2","2","08","11","1","0","0","0","1","0","0"
"POINT (10.043520799000021 53.597656044000075)","Unfall 161319 (2019) Kat:3, Licht: 0","161319","3","7","3","08","08","1","0","0","0","1","0","0"
"POINT (9.933601088000046 53.592577124000059)","Unfall 161320 (2019) Kat:3, Licht: 0","161320","3","2","2","08","12","1","0","0","0","1","0","1"
"POINT (9.922049597000068 53.596756704000029)","Unfall 161321 (2019) Kat:3, Licht: 0","161321","3","4","6","08","12","1","0","0","0","1","1","0"
"POINT (9.909036868000044 53.617080777000069)","Unfall 161322 (2019) Kat:3, Licht: 0","161322","3","1","8","08","09","1","0","0","0","1","0","0"
"POINT (9.889044417000036 53.600952044000053)","Unfall 161323 (2019) Kat:3, Licht: 2","161323","3","2","4","08","22","1","0","2","0","1","0","1"
"POINT (9.982643203000066 53.565645151000069)","Unfall 161324 (2019) Kat:3, Licht: 0","161324","3","5","1","08","17","1","0","0","1","1","0","0"
"POINT (9.968661807000046 53.549427701000070)","Unfall 161325 (2019) Kat:3, Licht: 0","161325","3","7","0","08","16","1","0","0","0","0","0","1"
"POINT (10.012847417000046 53.552020709000033)","Unfall 161326 (2019) Kat:3, Licht: 0","161326","3","7","0","08","14","1","0","0","0","1","0","0"
"POINT (10.040841959000034 53.566745534000063)","Unfall 161327 (2019) Kat:3, Licht: 0","161327","3","6","2","09","09","3","1","0","0","1","0","0"
"POINT (10.016492132000053 53.555446559000075)","Unfall 161328 (2019) Kat:3, Licht: 0","161328","3","3","5","08","13","1","0","0","0","1","0","1"
"POINT (9.979685613000072 53.527779311000074)","Unfall 161329 (2019) Kat:3, Licht: 0","161329","3","3","5","08","18","1","0","0","0","1","0","1"
"POINT (9.954716704000077 53.454407694000054)","Unfall 161330 (2019) Kat:3, Licht: 0","161330","3","3","5","08","10","7","0","0","0","1","0","0"
"POINT (10.238457678000032 53.439134687000035)","Unfall 161331 (2019) Kat:3, Licht: 0","161331","3","5","1","08","13","7","0","0","1","1","0","0"
"POINT (10.186586888000022 53.489983137000081)","Unfall 161332 (2019) Kat:3, Licht: 0","161332","3","2","5","08","12","7","0","0","1","1","0","0"
"POINT (10.032852988000059 53.554667281000036)","Unfall 161333 (2019) Kat:3, Licht: 0","161333","3","6","2","08","13","7","0","0","0","1","0","0"
"POINT (10.148091286000067 53.605368783000074)","Unfall 161334 (2019) Kat:3, Licht: 0","161334","3","2","4","08","18","7","0","0","0","1","0","0"
"POINT (10.066401846000076 53.597783776000028)","Unfall 161335 (2019) Kat:3, Licht: 0","161335","3","3","5","08","13","7","0","0","0","1","0","0"
"POINT (10.080943456000057 53.655082900000082)","Unfall 161336 (2019) Kat:3, Licht: 0","161336","3","2","2","08","10","7","0","0","1","1","0","0"
"POINT (10.019475203000070 53.565408957000045)","Unfall 161337 (2019) Kat:3, Licht: 2","161337","3","7","0","08","01","7","0","2","1","0","0","0"
"POINT (9.917277012000056 53.599755375000029)","Unfall 161338 (2019) Kat:3, Licht: 0","161338","3","2","4","08","09","7","0","0","1","1","0","0"
"POINT (9.814955890000022 53.559656884000049)","Unfall 161339 (2019) Kat:3, Licht: 0","161339","3","3","5","08","18","7","0","0","0","1","0","1"
"POINT (9.904351140000074 53.570299454000065)","Unfall 161340 (2019) Kat:3, Licht: 0","161340","3","2","3","08","13","7","0","0","1","0","0","0"
"POINT (9.949275701000033 53.558563729000070)","Unfall 161341 (2019) Kat:3, Licht: 0","161341","3","3","0","08","16","7","0","0","0","1","0","0"
"POINT (9.990576982000050 53.560405840000044)","Unfall 161342 (2019) Kat:3, Licht: 2","161342","3","7","0","08","04","7","0","2","0","0","0","0"
"POINT (9.994422819000022 53.572864233000075)","Unfall 161343 (2019) Kat:3, Licht: 2","161343","3","7","0","08","04","7","0","2","0","0","0","0"
"POINT (9.976385012000037 53.547669959000075)","Unfall 161344 (2019) Kat:3, Licht: 0","161344","3","3","5","08","19","7","0","0","1","0","0","0"
"POINT (10.006218642000022 53.550141815000075)","Unfall 161345 (2019) Kat:3, Licht: 0","161345","3","6","3","08","19","7","0","0","0","0","0","0"
"POINT (9.875621970000054 53.473818567000080)","Unfall 161346 (2019) Kat:3, Licht: 0","161346","3","3","5","08","16","6","0","0","0","1","0","0"
"POINT (9.813018409000051 53.528630076000070)","Unfall 161347 (2019) Kat:3, Licht: 0","161347","3","6","2","08","15","6","0","0","0","1","0","1"
"POINT (9.961098778000064 53.469009306000032)","Unfall 161348 (2019) Kat:3, Licht: 0","161348","3","4","6","08","18","6","0","0","0","1","1","0"
"POINT (9.989654582000071 53.447856553000065)","Unfall 161349 (2019) Kat:3, Licht: 0","161349","3","2","2","08","16","6","0","0","0","1","0","0"
"POINT (10.066741360000037 53.535704019000036)","Unfall 161350 (2019) Kat:3, Licht: 0","161350","3","6","2","08","16","6","0","0","0","1","0","0"
"POINT (10.044603541000072 53.533990791000065)","Unfall 161351 (2019) Kat:3, Licht: 0","161351","3","7","6","08","15","6","0","0","0","1","1","0"
"POINT (10.061442374000023 53.650974480000059)","Unfall 161352 (2019) Kat:3, Licht: 0","161352","3","3","5","09","09","5","0","0","1","1","0","0"
"POINT (10.088668454000072 53.651095804000079)","Unfall 161353 (2019) Kat:3, Licht: 0","161353","3","7","3","09","08","5","0","0","0","1","0","0"
"POINT (10.151534430000027 53.586738658000058)","Unfall 161354 (2019) Kat:3, Licht: 0","161354","3","3","5","08","16","6","0","0","1","1","0","0"
"POINT (10.128071313000021 53.577966780000054)","Unfall 161355 (2019) Kat:3, Licht: 0","161355","3","6","2","08","11","6","0","0","0","1","0","0"
"POINT (10.032245883000030 53.623751031000040)","Unfall 161356 (2019) Kat:3, Licht: 0","161356","3","2","5","09","12","5","1","0","1","1","0","0"
"POINT (10.137939605000042 53.580366271000059)","Unfall 161357 (2019) Kat:3, Licht: 0","161357","3","3","5","08","11","6","0","0","1","1","0","0"
"POINT (9.996317043000033 53.648421877000033)","Unfall 161358 (2019) Kat:3, Licht: 0","161358","3","6","1","09","13","5","1","0","0","1","0","0"
"POINT (10.068082321000077 53.581698516000074)","Unfall 161359 (2019) Kat:2, Licht: 0","161359","2","3","5","08","12","6","0","0","0","1","0","0"
"POINT (10.007109829000058 53.609342849000029)","Unfall 161360 (2019) Kat:3, Licht: 0","161360","3","7","1","09","12","5","1","0","1","0","0","0"
"POINT (10.016414716000043 53.600172342000064)","Unfall 161361 (2019) Kat:3, Licht: 0","161361","3","6","2","09","13","5","1","0","0","1","0","0"
"POINT (10.075663425000073 53.592354906000082)","Unfall 161362 (2019) Kat:3, Licht: 0","161362","3","4","6","08","13","6","0","0","0","1","1","0"
"POINT (10.043886780000037 53.572228646000042)","Unfall 161363 (2019) Kat:3, Licht: 0","161363","3","2","6","09","18","5","1","0","1","0","1","0"
"POINT (10.014138518000038 53.598454046000029)","Unfall 161364 (2019) Kat:3, Licht: 0","161364","3","5","1","08","11","6","0","0","0","1","0","0"
"POINT (10.031778414000030 53.566356633000055)","Unfall 161365 (2019) Kat:2, Licht: 0","161365","2","3","5","09","08","5","0","0","1","1","0","0"
"POINT (10.040092885000035 53.579772712000079)","Unfall 161366 (2019) Kat:2, Licht: 0","161366","2","1","0","09","14","5","1","0","0","0","0","1"
"POINT (10.019503911000072 53.565427900000032)","Unfall 161367 (2019) Kat:3, Licht: 2","161367","3","6","3","08","21","6","0","2","0","1","0","1"
"POINT (9.934164301000067 53.583213745000080)","Unfall 161368 (2019) Kat:3, Licht: 2","161368","3","4","6","09","21","5","1","2","0","0","1","0"
"POINT (9.816605000000038 53.580444965000027)","Unfall 161369 (2019) Kat:3, Licht: 0","161369","3","6","0","08","15","6","0","0","1","1","0","0"
"POINT (9.766210038000054 53.579539070000067)","Unfall 161370 (2019) Kat:3, Licht: 0","161370","3","3","5","09","12","5","1","0","1","1","0","0"
"POINT (9.918696792000048 53.570787906000078)","Unfall 161371 (2019) Kat:3, Licht: 0","161371","3","6","2","09","15","5","1","0","0","1","0","0"
"POINT (9.874161183000069 53.587411920000079)","Unfall 161372 (2019) Kat:3, Licht: 0","161372","3","6","3","08","18","6","0","0","0","1","0","0"
"POINT (9.891140992000032 53.565258890000052)","Unfall 161373 (2019) Kat:3, Licht: 0","161373","3","3","5","08","13","6","0","0","1","1","0","0"
"POINT (9.873912599000050 53.587228660000051)","Unfall 161374 (2019) Kat:3, Licht: 0","161374","3","6","2","09","13","5","1","0","0","1","0","0"
"POINT (9.952299227000026 53.567283945000042)","Unfall 161375 (2019) Kat:3, Licht: 2","161375","3","6","2","09","21","5","1","2","0","1","0","0"
"POINT (9.900743215000034 53.549797181000031)","Unfall 161376 (2019) Kat:3, Licht: 0","161376","3","2","3","08","10","6","0","0","1","0","0","0"
"POINT (9.944091852000042 53.550576922000062)","Unfall 161377 (2019) Kat:3, Licht: 0","161377","3","4","6","09","09","5","0","0","1","0","1","0"
"POINT (9.972338997000065 53.611444512000048)","Unfall 161378 (2019) Kat:3, Licht: 0","161378","3","6","0","08","18","6","0","0","1","1","0","0"
"POINT (9.917411482000034 53.548419411000054)","Unfall 161379 (2019) Kat:3, Licht: 0","161379","3","2","3","09","16","5","1","0","1","1","0","0"
"POINT (9.978551721000031 53.571962972000051)","Unfall 161380 (2019) Kat:3, Licht: 2","161380","3","7","0","09","22","5","1","2","0","0","0","0"
"POINT (9.962201670000070 53.552516934000039)","Unfall 161381 (2019) Kat:3, Licht: 0","161381","3","4","0","09","15","5","1","0","1","0","1","0"
"POINT (9.954693303000056 53.575518058000057)","Unfall 161382 (2019) Kat:3, Licht: 0","161382","3","4","6","08","13","6","0","0","0","0","1","0"
"POINT (9.942312523000055 53.546142117000045)","Unfall 161383 (2019) Kat:3, Licht: 0","161383","3","6","6","08","13","6","0","0","1","0","1","0"
"POINT (9.962423866000052 53.549469206000026)","Unfall 161384 (2019) Kat:3, Licht: 0","161384","3","2","0","09","15","5","1","0","1","0","0","1"
"POINT (9.996634265000068 53.546255133000045)","Unfall 161385 (2019) Kat:3, Licht: 2","161385","3","6","2","08","21","6","0","2","0","1","0","0"
"POINT (9.991102000000069 53.554135231000032)","Unfall 161386 (2019) Kat:3, Licht: 0","161386","3","6","3","09","08","5","0","0","1","1","0","0"
"POINT (9.985583095000038 53.557955744000026)","Unfall 161387 (2019) Kat:3, Licht: 2","161387","3","6","0","08","00","6","0","2","0","1","0","1"
"POINT (9.842746169000066 53.534281820000047)","Unfall 161388 (2019) Kat:3, Licht: 0","161388","3","3","5","09","16","4","0","0","1","1","0","0"
"POINT (9.876642057000026 53.473765362000051)","Unfall 161389 (2019) Kat:3, Licht: 0","161389","3","7","6","09","14","4","0","0","0","1","1","0"
"POINT (9.989238184000044 53.555165168000030)","Unfall 161390 (2019) Kat:3, Licht: 2","161390","3","7","0","08","23","6","0","2","0","0","0","0"
"POINT (9.977080303000037 53.511321811000073)","Unfall 161391 (2019) Kat:2, Licht: 0","161391","2","3","5","09","15","4","0","0","0","1","0","0"
"POINT (10.010416978000023 53.550935024000069)","Unfall 161392 (2019) Kat:2, Licht: 0","161392","2","7","6","08","09","6","0","0","0","0","1","0"
"POINT (10.041890686000045 53.538002532000064)","Unfall 161393 (2019) Kat:3, Licht: 0","161393","3","7","6","09","18","4","0","0","0","1","1","0"
"POINT (10.122209017000046 53.585196126000028)","Unfall 161394 (2019) Kat:3, Licht: 0","161394","3","3","5","09","16","4","0","0","0","1","0","0"
"POINT (9.986230152000076 53.526808416000051)","Unfall 161395 (2019) Kat:2, Licht: 0","161395","2","6","2","08","16","6","0","0","0","1","0","1"
"POINT (10.134175847000051 53.606128766000040)","Unfall 161396 (2019) Kat:3, Licht: 0","161396","3","7","0","09","16","4","0","0","1","1","0","0"
"POINT (9.985980465000068 53.526846627000054)","Unfall 161397 (2019) Kat:3, Licht: 0","161397","3","3","5","08","16","6","0","0","0","1","0","1"
"POINT (9.997382738000056 53.596417549000080)","Unfall 161398 (2019) Kat:3, Licht: 0","161398","3","5","1","09","15","4","0","0","1","1","0","0"
"POINT (9.897456762000047 53.605085718000055)","Unfall 161399 (2019) Kat:3, Licht: 0","161399","3","6","2","09","15","4","0","0","0","1","0","0"
"POINT (9.905726025000035 53.633365606000041)","Unfall 161400 (2019) Kat:3, Licht: 0","161400","3","3","5","09","06","4","0","0","0","1","0","0"
"POINT (9.777593012000068 53.530393415000049)","Unfall 161401 (2019) Kat:3, Licht: 0","161401","3","1","8","08","11","5","0","0","0","0","0","0"
"POINT (9.990447934000031 53.602680755000051)","Unfall 161402 (2019) Kat:3, Licht: 0","161402","3","6","2","09","11","4","0","0","0","1","0","0"
"POINT (9.972242732000041 53.456761509000046)","Unfall 161403 (2019) Kat:3, Licht: 0","161403","3","7","6","08","08","5","0","0","0","1","1","0"
"POINT (10.013848201000030 53.552492929000039)","Unfall 161404 (2019) Kat:3, Licht: 0","161404","3","7","0","09","18","4","0","0","0","1","0","0"
"POINT (9.976099900000065 53.491410222000070)","Unfall 161405 (2019) Kat:3, Licht: 0","161405","3","6","2","09","12","4","0","0","0","1","0","0"
"POINT (10.009479257000066 53.524583947000053)","Unfall 161406 (2019) Kat:3, Licht: 0","161406","3","6","6","09","17","4","0","0","1","0","1","0"
"POINT (10.215553688000057 53.508896576000041)","Unfall 161407 (2019) Kat:3, Licht: 0","161407","3","6","6","08","07","5","0","0","1","0","1","0"
"POINT (10.199422595000044 53.462990045000026)","Unfall 161408 (2019) Kat:3, Licht: 0","161408","3","2","3","08","07","5","0","0","1","1","0","0"
"POINT (9.973476781000045 53.529129028000057)","Unfall 161409 (2019) Kat:3, Licht: 0","161409","3","5","1","09","08","4","0","0","0","1","0","0"
"POINT (10.075171839000063 53.551299716000074)","Unfall 161410 (2019) Kat:3, Licht: 2","161410","3","6","3","08","22","5","0","2","0","1","0","0"
"POINT (9.951007977000074 53.458453585000029)","Unfall 161411 (2019) Kat:3, Licht: 0","161411","3","7","1","09","18","3","0","0","0","1","0","1"
"POINT (10.031365244000028 53.545567584000082)","Unfall 161412 (2019) Kat:2, Licht: 0","161412","2","7","3","08","09","5","0","0","0","1","0","1"
"POINT (9.981831690000036 53.461572046000072)","Unfall 161413 (2019) Kat:3, Licht: 0","161413","3","2","6","09","16","3","1","0","0","1","1","0"
"POINT (9.970997824000051 53.460318782000058)","Unfall 161414 (2019) Kat:3, Licht: 0","161414","3","6","4","09","08","3","1","0","1","1","0","0"
"POINT (10.153178715000024 53.606484990000070)","Unfall 161415 (2019) Kat:3, Licht: 0","161415","3","7","6","08","09","5","0","0","0","1","1","0"
"POINT (9.985081724000054 53.456832033000069)","Unfall 161416 (2019) Kat:2, Licht: 0","161416","2","1","5","09","15","3","0","0","0","1","0","0"
"POINT (10.176816014000053 53.604262766000033)","Unfall 161417 (2019) Kat:3, Licht: 0","161417","3","2","2","08","14","5","0","0","0","1","0","1"
"POINT (10.004773584000077 53.497125937000078)","Unfall 161418 (2019) Kat:3, Licht: 0","161418","3","3","0","09","15","3","1","0","0","1","0","1"
"POINT (10.014718680000044 53.562071410000044)","Unfall 161419 (2019) Kat:3, Licht: 0","161419","3","6","2","09","08","3","1","0","0","1","0","0"
"POINT (10.068751956000028 53.574699045000045)","Unfall 161420 (2019) Kat:3, Licht: 0","161420","3","3","5","08","16","5","0","0","0","1","0","0"
"POINT (10.060038293000048 53.570397832000026)","Unfall 161421 (2019) Kat:3, Licht: 0","161421","3","6","3","08","14","5","0","0","0","1","0","1"
"POINT (10.014889226000037 53.574618624000038)","Unfall 161422 (2019) Kat:2, Licht: 0","161422","2","3","5","09","13","3","1","0","1","1","0","0"
"POINT (10.078122945000075 53.589538934000075)","Unfall 161423 (2019) Kat:3, Licht: 0","161423","3","5","1","08","18","5","0","0","0","0","0","1"
"POINT (9.924323137000044 53.591789434000077)","Unfall 161424 (2019) Kat:2, Licht: 0","161424","2","3","6","09","17","3","1","0","0","1","1","0"
"POINT (10.068854433000070 53.651210149000065)","Unfall 161425 (2019) Kat:2, Licht: 0","161425","2","2","4","08","07","5","0","0","1","1","0","0"
"POINT (9.897143433000053 53.604948179000075)","Unfall 161426 (2019) Kat:3, Licht: 0","161426","3","6","2","09","16","3","1","0","0","1","0","0"
"POINT (10.040346355000054 53.567098305000059)","Unfall 161427 (2019) Kat:3, Licht: 0","161427","3","2","6","08","18","5","0","0","0","1","1","0"
"POINT (10.050302728000077 53.568380907000062)","Unfall 161428 (2019) Kat:2, Licht: 0","161428","2","6","2","08","11","5","0","0","0","1","0","0"
"POINT (9.823264276000032 53.577638383000078)","Unfall 161429 (2019) Kat:3, Licht: 0","161429","3","2","3","09","15","3","0","0","1","1","0","0"
"POINT (9.885403773000064 53.552626516000032)","Unfall 161430 (2019) Kat:3, Licht: 0","161430","3","7","0","09","19","3","0","0","1","1","0","0"
"POINT (10.008064883000031 53.575280397000029)","Unfall 161431 (2019) Kat:3, Licht: 0","161431","3","5","1","08","13","5","0","0","1","1","0","0"
"POINT (9.977507244000037 53.597845746000075)","Unfall 161432 (2019) Kat:3, Licht: 0","161432","3","2","3","09","15","3","1","0","1","1","0","0"
"POINT (10.045658850000052 53.577020125000047)","Unfall 161433 (2019) Kat:3, Licht: 0","161433","3","2","4","08","11","5","0","0","1","1","0","0"
"POINT (10.150044344000037 53.619128079000063)","Unfall 161434 (2019) Kat:2, Licht: 0","161434","2","2","4","09","14","1","0","0","0","1","0","0"
"POINT (9.998454874000061 53.601850888000058)","Unfall 161435 (2019) Kat:3, Licht: 0","161435","3","3","5","09","14","1","0","0","1","1","0","0"
"POINT (10.032730634000075 53.579830557000037)","Unfall 161436 (2019) Kat:3, Licht: 0","161436","3","6","2","09","18","1","0","0","0","1","0","0"
"POINT (9.900477764000073 53.609374314000036)","Unfall 161437 (2019) Kat:3, Licht: 2","161437","3","1","8","09","04","1","0","2","0","1","0","0"
"POINT (10.082992759000035 53.575982619000058)","Unfall 161438 (2019) Kat:3, Licht: 0","161438","3","3","5","09","15","2","1","0","0","1","0","0"
"POINT (9.954822020000052 53.623085851000042)","Unfall 161439 (2019) Kat:1, Licht: 0","161439","1","6","2","09","14","1","0","0","1","0","0","0"
"POINT (9.954964025000038 53.548562472000071)","Unfall 161440 (2019) Kat:3, Licht: 0","161440","3","2","6","09","18","1","0","0","1","0","1","0"
"POINT (9.994132124000032 53.519430367000041)","Unfall 161441 (2019) Kat:3, Licht: 2","161441","3","1","9","09","03","7","0","2","0","1","0","0"
"POINT (10.213225075000025 53.513377310000067)","Unfall 161442 (2019) Kat:3, Licht: 0","161442","3","6","1","09","15","7","0","0","0","1","0","1"
"POINT (10.214176048000070 53.484552790000066)","Unfall 161443 (2019) Kat:3, Licht: 0","161443","3","2","6","09","09","7","0","0","0","1","1","0"
"POINT (10.148301435000064 53.420084056000064)","Unfall 161444 (2019) Kat:2, Licht: 0","161444","2","3","5","09","07","7","0","0","0","1","0","0"
"POINT (10.103141513000025 53.556756255000039)","Unfall 161445 (2019) Kat:3, Licht: 0","161445","3","5","1","09","14","7","0","0","1","1","0","0"
"POINT (10.078303640000058 53.550292843000079)","Unfall 161446 (2019) Kat:3, Licht: 0","161446","3","2","5","09","11","7","0","0","0","1","0","0"