WKT,Name,OBJECTID,UKATEGORIE,UTYP1,UART,UMONAT,USTUNDE,UWOCHENTAG,STRZUSTAND,ULICHTVERH,ISTRAD,ISTPKW,ISTFUSS,ISTKRAD
"POINT (10.029931479000027 53.538955469000030)","Unfall 161447 (2019) Kat:3, Licht: 2","161447","3","6","3","09","02","7","0","2","0","1","0","0"
"POINT (10.137440247000029 53.579776061000075)","Unfall 161448 (2019) Kat:3, Licht: 2","161448","3","1","8","09","23","7","0","2","0","1","0","0"
"POINT (10.052121441000054 53.646572693000053)","Unfall 161449 (2019) Kat:2, Licht: 0","161449","2","6","3","09","15","7","0","0","0","1","0","1"
"POINT (10.036950204000050 53.565171997000050)","Unfall 161450 (2019) Kat:3, Licht: 0","161450","3","3","5","09","17","7","0","0","1","1","0","0"
"POINT (9.928279619000023 53.643534405000082)","Unfall 161451 (2019) Kat:3, Licht: 0","161451","3","6","2","09","13","7","0","0","0","1","0","0"
"POINT (9.973657579000076 53.569516777000047)","Unfall 161452 (2019) Kat:3, Licht: 0","161452","3","7","4","09","14","7","0","0","0","1","0","1"
"POINT (9.961061418000043 53.561348316000078)","Unfall 161453 (2019) Kat:3, Licht: 0","161453","3","3","5","09","12","7","0","0","1","1","0","0"
"POINT (9.960591539000063 53.549650410000027)","Unfall 161454 (2019) Kat:3, Licht: 2","161454","3","7","6","09","00","7","0","2","0","1","1","0"
"POINT (9.990729906000070 53.558127720000073)","Unfall 161455 (2019) Kat:3, Licht: 0","161455","3","7","6","09","17","7","0","0","0","1","1","0"
"POINT (10.000141913000050 53.555318511000053)","Unfall 161456 (2019) Kat:3, Licht: 0","161456","3","6","3","09","15","7","0","0","0","1","0","0"
"POINT (9.982140652000055 53.463958593000029)","Unfall 161457 (2019) Kat:3, Licht: 0","161457","3","2","5","09","17","7","0","0","0","1","0","0"
"POINT (10.012229219000062 53.494262934000062)","Unfall 161458 (2019) Kat:3, Licht: 0","161458","3","7","1","09","07","6","0","0","1","0","0","0"
"POINT (10.239737206000029 53.475561513000059)","Unfall 161459 (2019) Kat:3, Licht: 0","161459","3","3","5","09","08","6","0","0","0","1","0","0"
"POINT (10.205200000000048 53.495837905000030)","Unfall 161460 (2019) Kat:3, Licht: 0","161460","3","7","0","09","14","6","0","0","0","0","0","1"
"POINT (10.105432916000041 53.542565708000041)","Unfall 161461 (2019) Kat:3, Licht: 0","161461","3","3","5","09","09","6","0","0","1","1","0","0"
"POINT (10.165980294000065 53.629428742000073)","Unfall 161462 (2019) Kat:2, Licht: 0","161462","2","2","6","09","14","6","0","0","0","1","1","0"
"POINT (10.137083616000041 53.608463210000082)","Unfall 161463 (2019) Kat:3, Licht: 1","161463","3","3","5","09","19","6","0","1","0","1","0","1"
"POINT (10.070759654000028 53.572403315000031)","Unfall 161464 (2019) Kat:2, Licht: 0","161464","2","5","1","09","09","6","0","0","0","1","0","0"
"POINT (10.063546852000059 53.614850654000065)","Unfall 161465 (2019) Kat:3, Licht: 0","161465","3","3","5","09","17","6","0","0","1","1","0","0"
"POINT (10.040410721000057 53.641980460000070)","Unfall 161466 (2019) Kat:3, Licht: 0","161466","3","3","5","09","13","6","0","0","0","1","0","0"
"POINT (9.974922901000070 53.578783297000030)","Unfall 161467 (2019) Kat:3, Licht: 0","161467","3","7","1","09","08","6","0","0","1","1","0","0"
"POINT (9.993813138000064 53.557860878000042)","Unfall 161468 (2019) Kat:3, Licht: 0","161468","3","3","5","09","07","6","0","0","0","1","0","1"
"POINT (10.008686666000074 53.552125509000064)","Unfall 161469 (2019) Kat:3, Licht: 0","161469","3","7","0","09","13","6","0","0","1","0","0","0"
"POINT (10.016967108000074 53.527702408000039)","Unfall 161470 (2019) Kat:3, Licht: 1","161470","3","2","3","09","06","6","1","1","0","1","0","0"
"POINT (10.022286645000065 53.529761689000054)","Unfall 161471 (2019) Kat:3, Licht: 0","161471","3","6","2","09","15","5","0","0","0","1","0","0"
"POINT (10.181345218000047 53.498289479000050)","Unfall 161472 (2019) Kat:3, Licht: 0","161472","3","3","5","09","15","5","0","0","0","1","0","0"
"POINT (10.158839947000047 53.613886225000044)","Unfall 161473 (2019) Kat:2, Licht: 0","161473","2","3","5","09","09","5","0","0","0","1","0","0"
"POINT (10.074452436000058 53.582136590000061)","Unfall 161474 (2019) Kat:3, Licht: 0","161474","3","3","4","09","18","5","0","0","1","1","0","0"
"POINT (10.040855630000067 53.601559660000078)","Unfall 161475 (2019) Kat:3, Licht: 0","161475","3","2","3","09","16","5","0","0","1","1","0","0"
"POINT (10.122114019000037 53.672863095000082)","Unfall 161476 (2019) Kat:3, Licht: 1","161476","3","2","3","09","19","5","0","1","1","1","0","0"
"POINT (10.008262434000073 53.593289206000065)","Unfall 161477 (2019) Kat:3, Licht: 0","161477","3","7","0","09","07","5","0","0","1","1","0","0"
"POINT (10.008900917000062 53.581909558000063)","Unfall 161478 (2019) Kat:3, Licht: 0","161478","3","3","5","09","07","5","0","0","1","1","0","0"
"POINT (10.049883480000062 53.588542178000068)","Unfall 161479 (2019) Kat:3, Licht: 0","161479","3","4","6","09","18","5","0","0","0","1","1","0"
"POINT (9.918852440000023 53.590913191000027)","Unfall 161480 (2019) Kat:3, Licht: 0","161480","3","2","4","09","06","5","0","0","0","1","0","0"
"POINT (9.868822024000053 53.603327937000074)","Unfall 161481 (2019) Kat:3, Licht: 0","161481","3","7","1","09","18","5","0","0","0","1","0","0"
"POINT (9.907721383000023 53.650039845000038)","Unfall 161482 (2019) Kat:3, Licht: 0","161482","3","5","0","09","14","5","0","0","1","1","0","0"
"POINT (9.979640062000044 53.592550284000026)","Unfall 161483 (2019) Kat:3, Licht: 0","161483","3","5","1","09","06","5","0","0","1","1","0","0"
"POINT (9.943677856000022 53.551816859000041)","Unfall 161484 (2019) Kat:3, Licht: 2","161484","3","6","0","09","19","5","0","2","1","0","0","0"
"POINT (10.050664908000044 53.597102259000053)","Unfall 161485 (2019) Kat:3, Licht: 0","161485","3","6","2","09","11","2","0","0","0","1","0","0"
"POINT (9.954781866000076 53.548491407000029)","Unfall 161486 (2019) Kat:3, Licht: 0","161486","3","4","6","09","15","5","0","0","0","1","1","0"
"POINT (9.979928801000028 53.555779402000042)","Unfall 161487 (2019) Kat:3, Licht: 2","161487","3","3","5","09","23","5","0","2","0","1","0","0"
"POINT (10.003266842000073 53.554132298000070)","Unfall 161488 (2019) Kat:3, Licht: 0","161488","3","6","2","09","17","5","0","0","0","1","0","1"
"POINT (9.988283279000029 53.558168591000026)","Unfall 161489 (2019) Kat:3, Licht: 0","161489","3","6","2","09","12","5","0","0","0","1","0","0"
"POINT (10.110440652000023 53.539929302000075)","Unfall 161490 (2019) Kat:3, Licht: 0","161490","3","3","5","09","14","4","0","0","0","1","0","1"
"POINT (10.107804325000075 53.541812311000058)","Unfall 161491 (2019) Kat:2, Licht: 0","161491","2","4","6","09","09","4","0","0","0","1","1","0"
"POINT (10.119354028000032 53.604525250000052)","Unfall 161492 (2019) Kat:3, Licht: 2","161492","3","4","6","09","20","4","0","2","0","1","1","0"
"POINT (10.064465430000041 53.597437697000032)","Unfall 161493 (2019) Kat:3, Licht: 0","161493","3","6","2","09","16","4","1","0","0","1","0","1"
"POINT (10.042286771000022 53.650196330000028)","Unfall 161494 (2019) Kat:3, Licht: 0","161494","3","4","6","09","11","4","0","0","0","1","1","0"
"POINT (10.017112807000046 53.601814065000042)","Unfall 161495 (2019) Kat:3, Licht: 0","161495","3","1","9","09","16","4","0","0","0","1","0","0"
"POINT (10.044467809000025 53.591361299000027)","Unfall 161496 (2019) Kat:3, Licht: 2","161496","3","3","5","09","20","4","0","2","1","0","0","0"
"POINT (10.029254749000074 53.571587812000075)","Unfall 161497 (2019) Kat:3, Licht: 0","161497","3","6","2","09","17","4","0","0","0","1","0","0"
"POINT (10.043928460000075 53.594548190000069)","Unfall 161498 (2019) Kat:3, Licht: 0","161498","3","2","4","09","08","4","0","0","1","1","0","0"
"POINT (9.969804000000067 53.633693500000049)","Unfall 161499 (2019) Kat:3, Licht: 0","161499","3","6","6","09","16","4","0","0","1","0","1","0"
"POINT (9.971707133000052 53.601463450000040)","Unfall 161500 (2019) Kat:3, Licht: 0","161500","3","6","2","09","16","4","0","0","0","1","0","0"
"POINT (9.963795292000043 53.559631229000047)","Unfall 161501 (2019) Kat:3, Licht: 0","161501","3","7","1","09","16","4","0","0","1","1","0","0"
"POINT (9.985103668000022 53.552373012000032)","Unfall 161502 (2019) Kat:3, Licht: 0","161502","3","4","6","09","10","4","0","0","1","0","1","0"
"POINT (10.004870197000059 53.554358391000051)","Unfall 161503 (2019) Kat:3, Licht: 0","161503","3","3","0","09","14","4","0","0","0","1","0","0"
"POINT (10.011907911000037 53.523163377000060)","Unfall 161504 (2019) Kat:2, Licht: 0","161504","2","3","5","09","16","4","0","0","1","0","0","1"
"POINT (9.830951082000070 53.510510084000032)","Unfall 161505 (2019) Kat:3, Licht: 0","161505","3","1","0","09","15","3","1","0","0","0","0","1"
"POINT (9.855926163000049 53.473308016000033)","Unfall 161506 (2019) Kat:3, Licht: 0","161506","3","2","3","09","11","3","1","0","1","1","0","0"
"POINT (9.864006795000023 53.484114852000062)","Unfall 161507 (2019) Kat:3, Licht: 0","161507","3","3","0","09","07","3","0","0","0","1","0","1"
"POINT (9.979105547000074 53.457130733000042)","Unfall 161508 (2019) Kat:3, Licht: 0","161508","3","3","1","09","17","3","1","0","1","1","0","0"
"POINT (10.008481564000022 53.635016304000033)","Unfall 161509 (2019) Kat:3, Licht: 0","161509","3","6","2","09","10","2","0","0","0","1","0","0"
"POINT (10.045337529000051 53.589609459000030)","Unfall 161510 (2019) Kat:3, Licht: 0","161510","3","2","3","09","12","2","0","0","0","1","0","0"
"POINT (9.941870144000063 53.599014760000045)","Unfall 161511 (2019) Kat:3, Licht: 0","161511","3","3","5","09","11","2","0","0","0","1","0","0"
"POINT (9.956336989000022 53.632589869000071)","Unfall 161512 (2019) Kat:3, Licht: 0","161512","3","3","5","09","17","2","0","0","0","1","0","1"
"POINT (9.993094229000064 53.543259466000052)","Unfall 161513 (2019) Kat:3, Licht: 0","161513","3","7","3","09","10","2","0","0","1","0","0","0"
"POINT (10.010747388000027 53.459868475000064)","Unfall 161514 (2019) Kat:3, Licht: 0","161514","3","6","1","09","12","3","0","0","0","1","0","0"
"POINT (10.182066221000071 53.486094891000050)","Unfall 161515 (2019) Kat:3, Licht: 2","161515","3","6","2","09","20","3","1","2","0","1","0","0"
"POINT (10.126709010000070 53.530543279000028)","Unfall 161516 (2019) Kat:3, Licht: 0","161516","3","4","6","09","17","3","0","0","0","1","1","0"
"POINT (10.087485835000052 53.554904080000028)","Unfall 161517 (2019) Kat:3, Licht: 0","161517","3","6","2","09","12","3","1","0","0","1","0","1"
"POINT (10.021355824000068 53.544756304000032)","Unfall 161518 (2019) Kat:3, Licht: 1","161518","3","3","5","09","19","3","0","1","1","1","0","0"
"POINT (10.133278074000032 53.584933091000039)","Unfall 161519 (2019) Kat:3, Licht: 0","161519","3","3","5","09","08","3","1","0","1","1","0","0"
"POINT (10.074359851000054 53.581956902000059)","Unfall 161520 (2019) Kat:3, Licht: 0","161520","3","2","0","09","12","3","1","0","1","1","0","0"
"POINT (10.085423414000047 53.586309303000064)","Unfall 161521 (2019) Kat:3, Licht: 0","161521","3","2","0","09","08","3","1","0","1","1","0","0"
"POINT (10.074712754000075 53.593500604000042)","Unfall 161522 (2019) Kat:3, Licht: 0","161522","3","6","2","09","09","3","1","0","0","1","0","0"
"POINT (10.071545478000075 53.651769339000055)","Unfall 161523 (2019) Kat:2, Licht: 0","161523","2","6","1","09","15","3","1","0","0","1","0","0"
"POINT (10.063290217000031 53.670145809000076)","Unfall 161524 (2019) Kat:3, Licht: 0","161524","3","6","4","09","07","3","1","0","0","1","0","0"
"POINT (10.003758791000052 53.658479845000045)","Unfall 161525 (2019) Kat:3, Licht: 0","161525","3","2","5","09","17","3","1","0","0","1","0","0"
"POINT (10.011082225000052 53.648900569000034)","Unfall 161526 (2019) Kat:3, Licht: 0","161526","3","6","3","09","17","3","1","0","0","1","0","0"
"POINT (10.019407910000041 53.618130674000042)","Unfall 161527 (2019) Kat:3, Licht: 0","161527","3","3","5","09","08","3","1","0","0","1","0","0"
"POINT (9.926764300000059 53.592014344000063)","Unfall 161528 (2019) Kat:3, Licht: 0","161528","3","7","0","09","12","3","1","0","0","1","0","0"
"POINT (9.874327310000069 53.562684685000079)","Unfall 161529 (2019) Kat:2, Licht: 0","161529","2","7","6","09","17","3","1","0","0","0","1","0"
"POINT (9.852329300000065 53.594841397000039)","Unfall 161530 (2019) Kat:3, Licht: 0","161530","3","6","2","09","12","3","1","0","0","1","0","0"
"POINT (9.930357144000027 53.552096197000026)","Unfall 161531 (2019) Kat:3, Licht: 2","161531","3","4","6","09","20","3","1","2","1","0","0","0"
"POINT (9.935958996000068 53.550278616000071)","Unfall 161532 (2019) Kat:3, Licht: 0","161532","3","3","5","09","15","3","1","0","1","1","0","0"
"POINT (9.942459047000057 53.567484084000057)","Unfall 161533 (2019) Kat:3, Licht: 2","161533","3","5","1","09","00","3","0","2","0","0","0","0"
"POINT (9.936064904000034 53.553540185000031)","Unfall 161534 (2019) Kat:3, Licht: 1","161534","3","7","6","09","06","3","0","1","0","1","1","0"
"POINT (9.966201817000069 53.571331021000049)","Unfall 161535 (2019) Kat:3, Licht: 2","161535","3","5","5","09","21","3","0","2","1","1","0","0"
"POINT (9.958821429000068 53.561944162000032)","Unfall 161536 (2019) Kat:3, Licht: 2","161536","3","3","0","09","01","3","0","2","1","0","0","0"
"POINT (9.968859676000022 53.551123482000037)","Unfall 161537 (2019) Kat:3, Licht: 1","161537","3","2","4","09","18","3","1","1","1","1","0","0"
"POINT (9.867874705000077 53.535222122000050)","Unfall 161538 (2019) Kat:3, Licht: 0","161538","3","6","3","09","15","2","0","0","1","1","0","0"
"POINT (9.936479252000027 53.454909533000034)","Unfall 161539 (2019) Kat:2, Licht: 0","161539","2","2","5","09","14","2","0","0","0","1","0","0"
"POINT (9.987961218000066 53.508963567000080)","Unfall 161540 (2019) Kat:3, Licht: 1","161540","3","3","5","09","18","2","0","1","1","1","0","0"
"POINT (10.107815236000022 53.564528814000028)","Unfall 161541 (2019) Kat:3, Licht: 0","161541","3","6","2","09","17","2","0","0","0","1","0","0"
"POINT (10.079979694000031 53.549698611000053)","Unfall 161542 (2019) Kat:3, Licht: 0","161542","3","6","2","09","16","2","0","0","0","1","0","0"
"POINT (10.064410403000068 53.555645039000069)","Unfall 161543 (2019) Kat:3, Licht: 0","161543","3","7","0","09","07","2","0","0","1","1","0","0"
"POINT (10.102404562000061 53.579772558000059)","Unfall 161544 (2019) Kat:3, Licht: 0","161544","3","6","4","09","14","2","1","0","1","0","0","0"
"POINT (10.123321286000021 53.568818248000071)","Unfall 161545 (2019) Kat:3, Licht: 0","161545","3","2","4","09","17","2","0","0","0","1","0","0"
"POINT (10.067322476000072 53.582377080000072)","Unfall 161546 (2019) Kat:2, Licht: 0","161546","2","3","5","09","15","2","0","0","1","0","0","0"
"POINT (10.093717768000033 53.578510332000064)","Unfall 161547 (2019) Kat:3, Licht: 0","161547","3","6","2","09","08","2","0","0","0","1","0","0"
"POINT (10.076326036000069 53.615171839000027)","Unfall 161548 (2019) Kat:3, Licht: 0","161548","3","5","1","09","07","2","0","0","1","0","0","0"
"POINT (10.136817790000066 53.695016153000040)","Unfall 161549 (2019) Kat:3, Licht: 0","161549","3","3","5","09","17","2","0","0","1","1","0","0"
"POINT (10.175531846000069 53.654833382000049)","Unfall 161550 (2019) Kat:3, Licht: 0","161550","3","6","4","09","07","2","0","0","1","0","0","0"
"POINT (10.025660342000037 53.649982339000076)","Unfall 161551 (2019) Kat:2, Licht: 0","161551","2","2","3","09","14","2","0","0","1","1","0","0"
"POINT (10.025617273000023 53.631962246000057)","Unfall 161552 (2019) Kat:3, Licht: 0","161552","3","5","1","09","14","2","0","0","1","1","0","0"
"POINT (10.039563036000061 53.598884722000037)","Unfall 161553 (2019) Kat:3, Licht: 0","161553","3","6","1","09","17","2","0","0","1","1","0","0"
"POINT (10.024819669000067 53.566160693000029)","Unfall 161554 (2019) Kat:3, Licht: 0","161554","3","3","5","09","11","2","0","0","0","1","0","0"
"POINT (9.860563069000023 53.564878246000035)","Unfall 161555 (2019) Kat:3, Licht: 0","161555","3","7","0","09","09","2","0","0","1","1","0","0"
"POINT (9.846842643000059 53.575584523000032)","Unfall 161556 (2019) Kat:3, Licht: 0","161556","3","3","5","09","07","2","0","0","0","1","0","0"
"POINT (9.926480673000071 53.641641466000067)","Unfall 161557 (2019) Kat:3, Licht: 0","161557","3","3","5","09","16","2","0","0","0","1","0","0"
"POINT (9.956439888000034 53.642294889000027)","Unfall 161558 (2019) Kat:3, Licht: 0","161558","3","3","5","09","14","2","0","0","1","1","0","0"
"POINT (9.962950640000031 53.599727238000071)","Unfall 161559 (2019) Kat:3, Licht: 0","161559","3","6","2","09","14","2","0","0","0","1","0","0"
"POINT (9.942558158000054 53.550318883000045)","Unfall 161560 (2019) Kat:3, Licht: 2","161560","3","6","3","09","20","2","0","2","1","1","0","0"
"POINT (9.980207663000044 53.544369739000047)","Unfall 161561 (2019) Kat:3, Licht: 0","161561","3","1","0","09","18","2","1","0","0","0","0","1"
"POINT (9.997831928000039 53.563120111000046)","Unfall 161562 (2019) Kat:3, Licht: 0","161562","3","6","4","09","15","2","0","0","1","0","0","0"
"POINT (10.000964221000061 53.555636333000052)","Unfall 161563 (2019) Kat:3, Licht: 0","161563","3","3","5","09","13","2","0","0","0","1","0","0"
"POINT (10.012663364000048 53.553776494000033)","Unfall 161564 (2019) Kat:3, Licht: 2","161564","3","7","0","09","21","2","1","2","1","1","0","0"
"POINT (10.013302632000034 53.553860575000044)","Unfall 161565 (2019) Kat:3, Licht: 0","161565","3","6","2","09","08","2","0","0","0","1","0","0"
"POINT (9.975268951000032 53.456601856000077)","Unfall 161566 (2019) Kat:3, Licht: 0","161566","3","7","6","09","13","1","0","0","1","1","1","0"
"POINT (10.101048831000071 53.549458692000030)","Unfall 161567 (2019) Kat:3, Licht: 0","161567","3","6","2","09","18","1","1","0","0","1","0","0"
"POINT (10.062583670000038 53.551143974000070)","Unfall 161568 (2019) Kat:3, Licht: 0","161568","3","2","3","09","18","1","1","0","0","1","0","0"
"POINT (10.064615757000070 53.594601860000068)","Unfall 161569 (2019) Kat:3, Licht: 0","161569","3","3","5","09","14","1","0","0","1","1","0","0"
"POINT (10.097585212000070 53.638166845000057)","Unfall 161570 (2019) Kat:3, Licht: 0","161570","3","3","5","09","15","1","1","0","0","1","0","0"
"POINT (9.905437805000076 53.607846781000035)","Unfall 161571 (2019) Kat:3, Licht: 2","161571","3","6","3","09","20","1","0","2","0","1","0","0"
"POINT (9.793864533000033 53.567818465000073)","Unfall 161572 (2019) Kat:2, Licht: 0","161572","2","4","6","09","12","1","0","0","0","1","1","0"
"POINT (9.910270101000037 53.632768492000082)","Unfall 161573 (2019) Kat:3, Licht: 1","161573","3","3","5","09","19","1","0","1","1","1","0","0"
"POINT (9.953144965000035 53.577874458000053)","Unfall 161574 (2019) Kat:3, Licht: 2","161574","3","3","5","09","20","1","0","2","0","1","0","1"
"POINT (10.015905462000035 53.555232572000079)","Unfall 161575 (2019) Kat:3, Licht: 0","161575","3","1","4","09","17","1","1","0","0","1","0","0"
"POINT (9.972729642000047 53.534145318000071)","Unfall 161576 (2019) Kat:2, Licht: 0","161576","2","1","0","09","14","1","0","0","1","0","0","0"
"POINT (10.035808291000023 53.524120133000054)","Unfall 161577 (2019) Kat:3, Licht: 0","161577","3","5","1","09","15","7","0","0","0","1","0","0"
"POINT (10.059477639000022 53.549246928000059)","Unfall 161578 (2019) Kat:3, Licht: 0","161578","3","3","5","09","14","7","0","0","0","1","0","1"
"POINT (10.137691881000023 53.593071593000047)","Unfall 161579 (2019) Kat:3, Licht: 0","161579","3","7","0","09","17","7","0","0","1","0","0","0"
"POINT (10.120533141000067 53.604023910000080)","Unfall 161580 (2019) Kat:3, Licht: 0","161580","3","7","1","09","16","7","0","0","1","1","0","0"
"POINT (10.185547498000062 53.650994460000049)","Unfall 161581 (2019) Kat:3, Licht: 0","161581","3","7","6","09","14","7","0","0","0","0","1","0"
"POINT (10.130550486000061 53.691615897000077)","Unfall 161582 (2019) Kat:3, Licht: 0","161582","3","6","2","09","15","7","0","0","0","1","0","0"
"POINT (10.096566598000038 53.690018277000036)","Unfall 161583 (2019) Kat:2, Licht: 0","161583","2","6","2","09","14","7","0","0","0","1","0","1"
"POINT (10.025345698000024 53.675546346000033)","Unfall 161584 (2019) Kat:3, Licht: 0","161584","3","7","1","09","11","7","0","0","1","1","0","0"
"POINT (10.029291340000043 53.606798837000042)","Unfall 161585 (2019) Kat:3, Licht: 0","161585","3","4","6","09","13","7","0","0","1","0","1","0"
"POINT (10.043939760000058 53.594753403000027)","Unfall 161586 (2019) Kat:3, Licht: 0","161586","3","7","0","09","14","7","0","0","1","0","0","0"
"POINT (9.881051991000049 53.559478153000043)","Unfall 161587 (2019) Kat:3, Licht: 0","161587","3","3","5","09","11","7","0","0","1","1","0","0"
"POINT (9.962848807000057 53.560973399000034)","Unfall 161588 (2019) Kat:3, Licht: 2","161588","3","5","1","09","21","7","0","2","1","1","0","0"
"POINT (10.001903364000043 53.554913979000048)","Unfall 161589 (2019) Kat:3, Licht: 2","161589","3","6","0","09","23","7","0","2","0","1","0","0"
"POINT (10.015474033000032 53.555508179000071)","Unfall 161590 (2019) Kat:3, Licht: 0","161590","3","7","2","09","12","7","0","0","1","1","0","0"
"POINT (9.986035479000066 53.456857224000032)","Unfall 161591 (2019) Kat:3, Licht: 0","161591","3","5","1","09","14","6","0","0","0","1","0","0"
"POINT (10.167433117000030 53.515203498000062)","Unfall 161592 (2019) Kat:3, Licht: 0","161592","3","2","4","09","13","6","0","0","1","1","0","0"
"POINT (10.080072630000075 53.549662122000029)","Unfall 161593 (2019) Kat:2, Licht: 0","161593","2","6","4","09","13","6","0","0","0","1","0","0"
"POINT (10.101313608000055 53.540854813000067)","Unfall 161594 (2019) Kat:3, Licht: 0","161594","3","6","3","09","10","6","0","0","0","1","0","0"
"POINT (10.047562205000077 53.540899704000026)","Unfall 161595 (2019) Kat:3, Licht: 0","161595","3","2","4","09","13","6","0","0","0","0","0","0"
"POINT (10.099674210000046 53.601930612000046)","Unfall 161596 (2019) Kat:3, Licht: 1","161596","3","3","5","09","19","6","0","1","1","1","0","0"
"POINT (10.120290976000035 53.578376879000075)","Unfall 161597 (2019) Kat:3, Licht: 2","161597","3","7","1","09","20","6","0","2","0","1","0","0"
"POINT (10.158803479000028 53.656460482000057)","Unfall 161598 (2019) Kat:3, Licht: 0","161598","3","3","5","09","14","6","0","0","1","1","0","0"
"POINT (10.008600105000028 53.650798927000039)","Unfall 161599 (2019) Kat:1, Licht: 0","161599","1","4","6","09","18","6","0","0","0","1","1","0"
"POINT (10.032120985000063 53.649801033000074)","Unfall 161600 (2019) Kat:3, Licht: 0","161600","3","6","2","09","17","6","0","0","0","1","0","0"
"POINT (10.006819229000030 53.630549606000045)","Unfall 161601 (2019) Kat:2, Licht: 0","161601","2","4","6","09","09","6","1","0","0","1","1","0"
"POINT (10.004984954000065 53.587293836000072)","Unfall 161602 (2019) Kat:3, Licht: 0","161602","3","6","2","09","15","6","0","0","0","1","0","1"
"POINT (10.008057043000065 53.599602537000067)","Unfall 161603 (2019) Kat:3, Licht: 0","161603","3","6","4","09","09","6","1","0","1","0","0","0"
"POINT (9.969550195000068 53.516950527000063)","Unfall 161604 (2019) Kat:3, Licht: 0","161604","3","2","1","09","12","2","0","0","0","0","0","1"
"POINT (9.785765391000041 53.503818274000082)","Unfall 161605 (2019) Kat:3, Licht: 0","161605","3","1","9","09","14","1","1","0","0","1","0","0"
"POINT (10.043615065000040 53.567161551000027)","Unfall 161606 (2019) Kat:3, Licht: 0","161606","3","1","0","09","10","6","1","0","0","0","0","1"
"POINT (9.863562656000056 53.572608478000063)","Unfall 161607 (2019) Kat:3, Licht: 0","161607","3","3","5","09","09","6","1","0","1","0","0","0"
"POINT (10.087092946000041 53.577700595000067)","Unfall 161608 (2019) Kat:3, Licht: 2","161608","3","6","2","09","20","1","0","2","0","1","0","1"
"POINT (9.893780959000026 53.573224197000059)","Unfall 161609 (2019) Kat:3, Licht: 0","161609","3","3","5","09","09","6","1","0","1","0","0","0"
"POINT (9.959553125000070 53.564472326000043)","Unfall 161610 (2019) Kat:3, Licht: 0","161610","3","6","3","09","17","6","0","0","1","1","0","0"
"POINT (9.963534315000061 53.577280405000067)","Unfall 161611 (2019) Kat:3, Licht: 0","161611","3","3","0","09","10","6","1","0","1","0","0","0"
"POINT (9.941530098000044 53.577847374000044)","Unfall 161612 (2019) Kat:3, Licht: 0","161612","3","3","5","09","09","6","1","0","1","1","0","0"
"POINT (9.946371521000060 53.551475345000028)","Unfall 161613 (2019) Kat:3, Licht: 2","161613","3","7","0","09","21","6","0","2","1","0","0","0"
"POINT (9.948943936000035 53.559317208000039)","Unfall 161614 (2019) Kat:3, Licht: 0","161614","3","2","3","09","15","6","0","0","1","0","0","0"
"POINT (10.001076989000069 53.567753735000053)","Unfall 161615 (2019) Kat:3, Licht: 0","161615","3","6","3","09","16","6","0","0","1","1","0","0"
"POINT (9.960418040000036 53.563402090000068)","Unfall 161616 (2019) Kat:3, Licht: 0","161616","3","4","6","09","15","6","0","0","0","1","1","0"
"POINT (9.965450089000058 53.563358018000031)","Unfall 161617 (2019) Kat:3, Licht: 0","161617","3","6","3","09","10","6","1","0","1","0","0","0"
"POINT (9.964203016000056 53.471908208000059)","Unfall 161618 (2019) Kat:3, Licht: 0","161618","3","7","0","09","16","6","0","0","1","0","0","0"
"POINT (10.088368975000037 53.631058803000030)","Unfall 161619 (2019) Kat:3, Licht: 0","161619","3","6","2","09","12","1","0","0","0","1","0","0"
"POINT (10.004778285000043 53.436962678000043)","Unfall 161620 (2019) Kat:3, Licht: 0","161620","3","6","0","09","18","5","0","0","0","1","0","0"
"POINT (10.127306685000065 53.538769802000047)","Unfall 161621 (2019) Kat:3, Licht: 2","161621","3","2","4","09","22","5","0","2","0","1","0","0"
"POINT (10.062512816000037 53.570908792000068)","Unfall 161622 (2019) Kat:3, Licht: 0","161622","3","4","6","09","16","5","0","0","1","0","1","0"
"POINT (10.081155762000037 53.606354042000078)","Unfall 161623 (2019) Kat:3, Licht: 0","161623","3","3","5","09","07","5","0","0","1","1","0","0"
"POINT (10.051960274000066 53.608383819000039)","Unfall 161624 (2019) Kat:3, Licht: 0","161624","3","6","2","09","10","5","0","0","0","1","0","0"
"POINT (10.088791984000068 53.617912980000028)","Unfall 161625 (2019) Kat:3, Licht: 0","161625","3","6","4","09","07","5","0","0","0","1","0","0"
"POINT (10.101410297000029 53.654391446000034)","Unfall 161626 (2019) Kat:3, Licht: 0","161626","3","2","3","09","07","5","0","0","0","1","0","1"
"POINT (10.112634095000033 53.658436157000040)","Unfall 161627 (2019) Kat:3, Licht: 0","161627","3","2","3","09","07","5","0","0","1","0","0","0"
"POINT (10.022814476000065 53.586194245000058)","Unfall 161628 (2019) Kat:2, Licht: 0","161628","2","3","5","09","16","5","0","0","1","0","0","0"
"POINT (10.012202826000021 53.580763955000066)","Unfall 161629 (2019) Kat:3, Licht: 2","161629","3","5","1","09","01","5","1","2","1","1","0","0"
"POINT (10.019018304000042 53.565107472000079)","Unfall 161630 (2019) Kat:3, Licht: 0","161630","3","6","2","09","14","5","0","0","0","1","0","0"