WKT,Name,OBJECTID,UKATEGORIE,UTYP1,UART,UMONAT,USTUNDE,UWOCHENTAG,STRZUSTAND,ULICHTVERH,ISTRAD,ISTPKW,ISTFUSS,ISTKRAD
"POINT (9.851789599000028 53.550745158000041)","Unfall 161631 (2019) Kat:3, Licht: 0","161631","3","3","5","09","08","5","0","0","0","1","0","0"
"POINT (9.959754927000063 53.599272637000070)","Unfall 161632 (2019) Kat:3, Licht: 0","161632","3","6","3","09","07","5","0","0","0","0","0","1"
"POINT (9.972122559000070 53.574983700000075)","Unfall 161633 (2019) Kat:3, Licht: 0","161633","3","3","5","09","07","5","1","0","1","0","0","0"
"POINT (9.970058324000036 53.550966245000041)","Unfall 161634 (2019) Kat:3, Licht: 0","161634","3","2","5","09","09","5","0","0","1","1","0","0"
"POINT (9.970307794000064 53.562441561000071)","Unfall 161635 (2019) Kat:3, Licht: 0","161635","3","3","5","09","09","5","0","0","1","0","0","0"
"POINT (9.977352165000070 53.544021280000038)","Unfall 161636 (2019) Kat:3, Licht: 2","161636","3","6","3","09","23","5","0","2","1","1","0","0"
"POINT (9.995974219000061 53.464565267000069)","Unfall 161637 (2019) Kat:3, Licht: 0","161637","3","2","4","09","17","4","1","0","0","1","0","0"
"POINT (9.990618923000056 53.494450555000071)","Unfall 161638 (2019) Kat:3, Licht: 0","161638","3","2","2","09","09","4","0","0","1","1","0","0"
"POINT (10.227458235000029 53.483388262000062)","Unfall 161639 (2019) Kat:3, Licht: 0","161639","3","3","0","09","16","4","0","0","1","1","0","0"
"POINT (10.186152848000063 53.488895950000028)","Unfall 161640 (2019) Kat:3, Licht: 0","161640","3","6","2","09","11","4","0","0","0","1","0","1"
"POINT (10.106579846000045 53.537984145000053)","Unfall 161641 (2019) Kat:2, Licht: 0","161641","2","3","5","09","10","4","0","0","0","1","0","0"
"POINT (10.124753772000076 53.598485882000034)","Unfall 161642 (2019) Kat:3, Licht: 1","161642","3","2","4","09","06","4","0","1","1","1","0","0"
"POINT (10.140776901000038 53.628806112000063)","Unfall 161643 (2019) Kat:3, Licht: 2","161643","3","2","4","09","20","4","1","2","1","1","0","0"
"POINT (10.143772933000037 53.627378192000037)","Unfall 161644 (2019) Kat:3, Licht: 0","161644","3","3","5","09","07","4","0","0","1","1","0","0"
"POINT (10.058671794000077 53.576128024000070)","Unfall 161645 (2019) Kat:3, Licht: 0","161645","3","2","4","09","16","4","0","0","0","1","0","1"
"POINT (10.073027047000039 53.580733580000071)","Unfall 161646 (2019) Kat:3, Licht: 0","161646","3","3","5","09","13","4","0","0","1","1","0","0"
"POINT (10.050561678000065 53.596649539000055)","Unfall 161647 (2019) Kat:3, Licht: 0","161647","3","1","0","09","18","4","1","0","1","0","0","0"
"POINT (10.153538552000043 53.648742855000080)","Unfall 161648 (2019) Kat:3, Licht: 0","161648","3","3","5","09","13","4","0","0","1","1","0","0"
"POINT (10.142999854000038 53.676755709000076)","Unfall 161649 (2019) Kat:3, Licht: 0","161649","3","2","3","09","07","4","0","0","1","1","0","0"
"POINT (10.129814849000070 53.672503070000062)","Unfall 161650 (2019) Kat:3, Licht: 0","161650","3","3","5","09","07","4","0","0","1","1","0","0"
"POINT (10.055748184000038 53.591536569000027)","Unfall 161651 (2019) Kat:3, Licht: 0","161651","3","2","3","09","13","4","0","0","1","0","0","0"
"POINT (9.917702795000025 53.569612351000046)","Unfall 161652 (2019) Kat:3, Licht: 0","161652","3","2","4","09","09","4","0","0","1","1","0","0"
"POINT (9.932794729000023 53.553954183000030)","Unfall 161653 (2019) Kat:2, Licht: 1","161653","2","3","5","09","19","4","1","1","1","1","0","0"
"POINT (9.930269653000039 53.554460801000062)","Unfall 161654 (2019) Kat:2, Licht: 0","161654","2","7","0","09","12","4","0","0","1","0","0","0"
"POINT (9.929892900000027 53.549571433000040)","Unfall 161655 (2019) Kat:3, Licht: 0","161655","3","2","3","09","18","4","0","0","1","0","0","0"
"POINT (10.001531307000050 53.556190931000060)","Unfall 161656 (2019) Kat:3, Licht: 0","161656","3","6","2","09","18","4","1","0","0","1","0","1"
"POINT (10.004093014000034 53.557061969000074)","Unfall 161657 (2019) Kat:3, Licht: 0","161657","3","4","6","09","07","4","0","0","0","1","1","0"
"POINT (9.989677778000043 53.548375775000068)","Unfall 161658 (2019) Kat:3, Licht: 0","161658","3","4","6","09","13","4","0","0","1","0","1","0"
"POINT (10.007238829000073 53.546973123000043)","Unfall 161659 (2019) Kat:3, Licht: 0","161659","3","7","1","09","12","4","0","0","1","1","0","0"
"POINT (10.011522835000051 53.560202314000037)","Unfall 161660 (2019) Kat:3, Licht: 0","161660","3","6","3","09","11","4","0","0","0","1","0","0"
"POINT (10.019773515000054 53.551729184000067)","Unfall 161661 (2019) Kat:3, Licht: 0","161661","3","6","3","09","13","4","0","0","0","1","0","0"
"POINT (10.013391640000066 53.551466500000060)","Unfall 161662 (2019) Kat:3, Licht: 0","161662","3","1","0","09","18","4","1","0","0","0","0","1"
"POINT (9.909152859000074 53.513581586000043)","Unfall 161663 (2019) Kat:3, Licht: 0","161663","3","6","3","09","10","3","0","0","0","1","0","0"
"POINT (10.198326055000052 53.488925332000065)","Unfall 161664 (2019) Kat:3, Licht: 0","161664","3","3","5","09","09","3","0","0","0","1","0","1"
"POINT (10.024845399000071 53.551597240000035)","Unfall 161665 (2019) Kat:2, Licht: 0","161665","2","7","0","09","17","3","0","0","1","0","0","0"
"POINT (10.071331342000065 53.647863147000066)","Unfall 161666 (2019) Kat:3, Licht: 0","161666","3","3","5","09","18","1","0","0","1","0","0","0"
"POINT (10.159652470000026 53.588843102000055)","Unfall 161667 (2019) Kat:3, Licht: 1","161667","3","5","1","09","18","3","0","1","0","1","0","0"
"POINT (10.071295938000048 53.606955212000059)","Unfall 161668 (2019) Kat:3, Licht: 0","161668","3","3","5","09","14","3","0","0","1","1","0","0"
"POINT (10.094676826000068 53.606575089000046)","Unfall 161669 (2019) Kat:3, Licht: 0","161669","3","6","2","09","10","3","0","0","0","1","0","0"
"POINT (10.050943117000031 53.578892740000072)","Unfall 161670 (2019) Kat:3, Licht: 0","161670","3","7","0","09","13","3","0","0","0","1","0","1"
"POINT (9.866182617000050 53.578502127000036)","Unfall 161671 (2019) Kat:3, Licht: 0","161671","3","3","5","09","12","3","0","0","0","0","0","1"
"POINT (9.918795885000066 53.635076759000071)","Unfall 161672 (2019) Kat:3, Licht: 0","161672","3","7","6","09","18","3","0","0","0","1","1","0"
"POINT (9.939767577000055 53.619758188000048)","Unfall 161673 (2019) Kat:3, Licht: 0","161673","3","3","5","09","16","3","1","0","1","1","0","0"
"POINT (9.968859059000067 53.580611605000058)","Unfall 161674 (2019) Kat:3, Licht: 0","161674","3","5","1","09","14","3","0","0","1","1","0","0"
"POINT (9.956310732000077 53.575183966000054)","Unfall 161675 (2019) Kat:3, Licht: 0","161675","3","6","2","09","14","3","0","0","0","1","0","0"
"POINT (9.966390215000047 53.577146818000074)","Unfall 161676 (2019) Kat:3, Licht: 0","161676","3","7","0","09","17","3","0","0","1","0","0","0"
"POINT (9.965115081000022 53.548707502000070)","Unfall 161677 (2019) Kat:3, Licht: 2","161677","3","4","6","09","22","3","0","2","0","1","1","0"
"POINT (9.976268722000043 53.562391269000045)","Unfall 161678 (2019) Kat:3, Licht: 0","161678","3","7","0","09","09","3","0","0","0","1","0","0"
"POINT (9.943745386000046 53.475758898000038)","Unfall 161679 (2019) Kat:2, Licht: 0","161679","2","6","4","09","09","3","0","0","0","1","0","0"
"POINT (9.992422989000033 53.481405711000036)","Unfall 161680 (2019) Kat:3, Licht: 2","161680","3","2","4","09","20","2","1","2","0","1","0","0"
"POINT (9.993339424000055 53.515404790000048)","Unfall 161681 (2019) Kat:3, Licht: 0","161681","3","3","5","09","13","2","0","0","0","1","0","0"
"POINT (10.114141022000069 53.537871982000070)","Unfall 161682 (2019) Kat:3, Licht: 0","161682","3","6","2","09","15","2","0","0","0","1","0","0"
"POINT (10.113656800000058 53.554851746000054)","Unfall 161683 (2019) Kat:3, Licht: 0","161683","3","6","1","09","11","2","0","0","0","1","0","0"
"POINT (10.086952575000055 53.552255545000037)","Unfall 161684 (2019) Kat:2, Licht: 0","161684","2","3","6","09","16","2","1","0","0","1","1","0"
"POINT (10.160909889000038 53.596592231000045)","Unfall 161685 (2019) Kat:3, Licht: 2","161685","3","2","1","09","19","2","1","2","0","1","0","0"
"POINT (10.024984511000071 53.601488339000070)","Unfall 161686 (2019) Kat:3, Licht: 0","161686","3","6","2","09","14","1","0","0","0","1","0","0"
"POINT (10.019063581000069 53.574960598000075)","Unfall 161687 (2019) Kat:3, Licht: 2","161687","3","5","1","09","03","1","0","2","0","1","0","0"
"POINT (9.922019242000033 53.554183243000068)","Unfall 161688 (2019) Kat:2, Licht: 2","161688","2","3","5","09","00","1","0","2","0","1","0","1"
"POINT (9.994571254000050 53.557488142000068)","Unfall 161689 (2019) Kat:3, Licht: 2","161689","3","6","2","09","20","1","0","2","0","1","0","0"
"POINT (9.976974411000072 53.511393796000050)","Unfall 161690 (2019) Kat:2, Licht: 0","161690","2","3","5","09","12","7","0","0","0","1","0","0"
"POINT (9.996590973000025 53.475647328000036)","Unfall 161691 (2019) Kat:3, Licht: 0","161691","3","2","0","09","10","7","0","0","0","0","0","0"
"POINT (10.185389000000043 53.505897083000036)","Unfall 161692 (2019) Kat:3, Licht: 0","161692","3","6","2","09","11","7","0","0","0","1","0","1"
"POINT (10.060837958000036 53.570496560000038)","Unfall 161693 (2019) Kat:3, Licht: 2","161693","3","2","4","09","21","7","0","2","0","1","0","0"
"POINT (10.056280778000030 53.606808697000076)","Unfall 161694 (2019) Kat:3, Licht: 0","161694","3","6","6","09","14","7","0","0","1","0","1","0"
"POINT (10.057928938000032 53.597330963000047)","Unfall 161695 (2019) Kat:3, Licht: 0","161695","3","4","0","09","09","7","0","0","0","0","1","0"
"POINT (10.129831751000040 53.689507487000071)","Unfall 161696 (2019) Kat:3, Licht: 2","161696","3","6","3","09","22","7","0","2","0","1","0","0"
"POINT (10.160878665000041 53.647511955000027)","Unfall 161697 (2019) Kat:3, Licht: 0","161697","3","7","0","09","10","7","0","0","1","1","0","0"
"POINT (10.037977029000047 53.600211671000068)","Unfall 161698 (2019) Kat:3, Licht: 2","161698","3","7","1","09","04","7","0","2","0","1","0","0"
"POINT (10.033501866000051 53.574054325000077)","Unfall 161699 (2019) Kat:3, Licht: 0","161699","3","1","0","09","17","7","1","0","0","0","0","1"
"POINT (9.954985956000030 53.561291255000071)","Unfall 161700 (2019) Kat:3, Licht: 1","161700","3","7","3","09","20","7","1","1","0","1","0","0"
"POINT (9.964248523000038 53.569491820000053)","Unfall 161701 (2019) Kat:3, Licht: 2","161701","3","6","1","09","23","7","0","2","0","1","0","1"
"POINT (10.007007768000051 53.545828405000066)","Unfall 161702 (2019) Kat:3, Licht: 0","161702","3","6","4","09","16","7","0","0","1","0","0","0"
"POINT (10.111254592000023 53.531054743000027)","Unfall 161703 (2019) Kat:3, Licht: 0","161703","3","3","5","09","18","6","0","0","0","1","0","0"
"POINT (10.020547686000043 53.550785949000044)","Unfall 161704 (2019) Kat:3, Licht: 0","161704","3","2","4","09","15","2","0","0","1","1","0","0"
"POINT (10.134595676000060 53.575391733000060)","Unfall 161705 (2019) Kat:3, Licht: 0","161705","3","7","0","09","18","2","0","0","0","1","0","0"
"POINT (10.055166985000028 53.538815829000043)","Unfall 161706 (2019) Kat:3, Licht: 2","161706","3","1","8","09","21","6","0","2","0","1","0","0"
"POINT (10.127095987000075 53.575271839000038)","Unfall 161707 (2019) Kat:3, Licht: 0","161707","3","7","0","09","08","2","0","0","0","1","0","1"
"POINT (10.057366880000075 53.554917959000079)","Unfall 161708 (2019) Kat:3, Licht: 0","161708","3","6","2","09","14","6","0","0","0","1","0","0"
"POINT (10.064771871000062 53.586426729000038)","Unfall 161709 (2019) Kat:3, Licht: 2","161709","3","4","6","09","19","2","0","2","0","1","1","0"
"POINT (10.025924230000044 53.551343730000042)","Unfall 161710 (2019) Kat:3, Licht: 2","161710","3","3","0","09","22","6","0","2","0","1","0","0"
"POINT (10.122172603000024 53.672918315000061)","Unfall 161711 (2019) Kat:3, Licht: 0","161711","3","7","2","09","07","6","0","0","1","1","0","0"
"POINT (10.043714029000057 53.652851041000076)","Unfall 161712 (2019) Kat:2, Licht: 2","161712","2","3","5","09","21","2","0","2","0","1","0","0"
"POINT (10.029104548000021 53.679332894000026)","Unfall 161713 (2019) Kat:3, Licht: 1","161713","3","6","3","09","23","6","1","1","1","0","0","0"
"POINT (10.087395160000028 53.651018775000068)","Unfall 161714 (2019) Kat:2, Licht: 2","161714","2","2","4","09","19","2","0","2","0","1","0","0"
"POINT (9.997741977000032 53.589887179000073)","Unfall 161715 (2019) Kat:3, Licht: 0","161715","3","2","3","09","15","6","0","0","1","1","0","0"
"POINT (10.057353840000076 53.565480295000043)","Unfall 161716 (2019) Kat:2, Licht: 0","161716","2","6","3","09","07","6","0","0","0","1","0","0"
"POINT (10.155378068000061 53.639857242000062)","Unfall 161717 (2019) Kat:2, Licht: 0","161717","2","7","8","09","12","2","0","0","0","1","0","0"
"POINT (10.040565061000052 53.599280516000078)","Unfall 161718 (2019) Kat:3, Licht: 2","161718","3","1","9","09","00","6","1","2","0","1","0","0"
"POINT (10.058656654000060 53.645597047000081)","Unfall 161719 (2019) Kat:3, Licht: 0","161719","3","7","2","09","13","2","0","0","0","1","0","1"
"POINT (10.043927494000059 53.594788442000038)","Unfall 161720 (2019) Kat:3, Licht: 0","161720","3","6","2","09","13","6","0","0","0","1","0","0"
"POINT (9.908219460000055 53.626939156000049)","Unfall 161721 (2019) Kat:3, Licht: 0","161721","3","6","2","09","07","6","0","0","0","1","0","0"
"POINT (9.960236784000074 53.593346202000077)","Unfall 161722 (2019) Kat:3, Licht: 0","161722","3","6","3","09","15","6","0","0","1","1","0","0"
"POINT (10.005525336000062 53.655639481000037)","Unfall 161723 (2019) Kat:3, Licht: 0","161723","3","6","4","09","07","2","0","0","1","0","0","0"
"POINT (9.927168004000066 53.544884158000059)","Unfall 161724 (2019) Kat:3, Licht: 0","161724","3","7","8","09","10","6","0","0","1","0","0","0"
"POINT (9.808609404000038 53.563707424000029)","Unfall 161725 (2019) Kat:2, Licht: 0","161725","2","2","5","09","17","2","0","0","1","0","0","0"
"POINT (9.997185684000044 53.561639297000056)","Unfall 161726 (2019) Kat:3, Licht: 2","161726","3","7","0","09","00","6","1","2","1","0","0","0"
"POINT (9.994852739000066 53.581530269000041)","Unfall 161727 (2019) Kat:3, Licht: 0","161727","3","6","3","09","11","6","0","0","1","1","0","0"
"POINT (10.008534085000065 53.550445351000064)","Unfall 161728 (2019) Kat:3, Licht: 0","161728","3","3","5","09","15","6","0","0","1","1","0","0"
"POINT (9.857526375000077 53.582106986000042)","Unfall 161729 (2019) Kat:3, Licht: 0","161729","3","3","5","09","15","2","0","0","1","0","0","0"
"POINT (9.926256902000034 53.571962405000079)","Unfall 161730 (2019) Kat:3, Licht: 2","161730","3","6","4","09","20","2","0","2","1","0","0","0"
"POINT (10.010746865000044 53.560004294000066)","Unfall 161731 (2019) Kat:3, Licht: 0","161731","3","6","2","09","09","6","0","0","0","1","0","0"
"POINT (9.909603561000040 53.632708394000076)","Unfall 161732 (2019) Kat:3, Licht: 0","161732","3","3","5","09","16","2","0","0","0","1","0","0"
"POINT (9.972004925000022 53.457709245000046)","Unfall 161733 (2019) Kat:3, Licht: 0","161733","3","3","5","09","09","5","0","0","0","1","0","0"
"POINT (9.981338036000068 53.591236031000051)","Unfall 161734 (2019) Kat:3, Licht: 0","161734","3","3","5","09","14","2","0","0","1","1","0","0"
"POINT (10.164881806000039 53.487021283000047)","Unfall 161735 (2019) Kat:3, Licht: 2","161735","3","7","6","09","20","5","0","2","0","1","0","0"
"POINT (10.191293762000043 53.503827267000077)","Unfall 161736 (2019) Kat:3, Licht: 0","161736","3","6","0","09","10","5","0","0","0","1","0","0"
"POINT (9.946218188000046 53.551270930000044)","Unfall 161737 (2019) Kat:3, Licht: 0","161737","3","4","6","09","16","2","0","0","0","1","1","0"
"POINT (10.191428200000075 53.492577146000031)","Unfall 161738 (2019) Kat:3, Licht: 0","161738","3","6","4","09","08","5","0","0","0","1","0","1"
"POINT (9.990500671000063 53.560314140000060)","Unfall 161739 (2019) Kat:3, Licht: 0","161739","3","7","3","09","10","2","0","0","0","1","0","0"
"POINT (10.115962727000067 53.488010408000036)","Unfall 161740 (2019) Kat:3, Licht: 0","161740","3","3","5","09","07","5","0","0","0","1","0","0"
"POINT (10.032275604000063 53.557435706000035)","Unfall 161741 (2019) Kat:3, Licht: 0","161741","3","6","2","09","18","5","1","0","0","1","0","0"
"POINT (9.976993907000065 53.563919511000051)","Unfall 161742 (2019) Kat:3, Licht: 0","161742","3","6","2","09","15","2","0","0","0","1","0","0"
"POINT (9.965414428000031 53.561124422000034)","Unfall 161743 (2019) Kat:3, Licht: 0","161743","3","6","4","09","17","2","0","0","1","0","0","0"
"POINT (10.042515161000040 53.538545468000052)","Unfall 161744 (2019) Kat:3, Licht: 0","161744","3","2","4","09","07","5","0","0","1","1","0","0"
"POINT (9.994676313000070 53.543349177000039)","Unfall 161745 (2019) Kat:3, Licht: 0","161745","3","2","0","09","08","2","0","0","1","1","0","0"
"POINT (10.117195958000025 53.604018470000028)","Unfall 161746 (2019) Kat:3, Licht: 0","161746","3","6","2","09","17","5","1","0","0","1","0","0"
"POINT (9.965613690000055 53.439204376000077)","Unfall 161747 (2019) Kat:3, Licht: 0","161747","3","6","2","09","12","1","0","0","1","0","0","0"
"POINT (10.126646551000022 53.582126355000071)","Unfall 161748 (2019) Kat:3, Licht: 0","161748","3","2","4","09","06","5","0","0","0","1","0","1"
"POINT (9.986333641000044 53.486884613000029)","Unfall 161749 (2019) Kat:3, Licht: 2","161749","3","1","8","09","05","1","0","2","0","1","0","0"
"POINT (10.053417399000068 53.557160936000059)","Unfall 161750 (2019) Kat:3, Licht: 0","161750","3","3","5","09","17","1","0","0","1","1","0","0"
"POINT (10.145212327000024 53.611204774000043)","Unfall 161751 (2019) Kat:3, Licht: 0","161751","3","3","5","09","16","5","0","0","0","1","0","1"
"POINT (10.098654517000057 53.589511317000074)","Unfall 161752 (2019) Kat:3, Licht: 0","161752","3","3","5","09","16","5","0","0","0","1","0","0"
"POINT (10.033471088000056 53.537081313000044)","Unfall 161753 (2019) Kat:3, Licht: 0","161753","3","6","2","09","14","1","0","0","0","1","0","0"
"POINT (10.064041276000069 53.597164774000078)","Unfall 161754 (2019) Kat:3, Licht: 0","161754","3","7","3","09","08","5","0","0","0","1","0","1"
"POINT (9.981853018000038 53.527503788000047)","Unfall 161755 (2019) Kat:3, Licht: 2","161755","3","1","9","10","22","2","0","2","0","1","0","0"
"POINT (10.122901635000062 53.598954825000078)","Unfall 161756 (2019) Kat:2, Licht: 0","161756","2","4","6","10","14","1","0","0","0","1","1","0"
"POINT (10.117461265000031 53.683123286000068)","Unfall 161757 (2019) Kat:3, Licht: 0","161757","3","7","0","10","13","1","0","0","1","0","0","0"
"POINT (9.994566591000023 53.548513798000045)","Unfall 161758 (2019) Kat:3, Licht: 0","161758","3","7","0","10","16","1","0","0","0","0","0","0"
"POINT (10.092540515000053 53.546685262000040)","Unfall 161759 (2019) Kat:3, Licht: 0","161759","3","7","7","10","17","7","0","0","0","0","1","1"
"POINT (10.032525837000037 53.557339753000065)","Unfall 161760 (2019) Kat:3, Licht: 0","161760","3","2","4","10","16","7","0","0","0","1","0","0"
"POINT (10.060231850000037 53.554666929000064)","Unfall 161761 (2019) Kat:3, Licht: 0","161761","3","6","2","10","16","7","1","0","0","1","0","0"
"POINT (10.085460587000057 53.586246003000042)","Unfall 161762 (2019) Kat:3, Licht: 0","161762","3","2","4","10","07","7","1","0","0","1","0","0"
"POINT (10.094619839000075 53.606586804000074)","Unfall 161763 (2019) Kat:3, Licht: 0","161763","3","3","5","10","12","7","0","0","1","1","0","0"
"POINT (10.019015218000050 53.649542233000034)","Unfall 161764 (2019) Kat:3, Licht: 0","161764","3","7","0","10","15","7","0","0","1","1","0","0"
"POINT (10.000834099000031 53.681078185000047)","Unfall 161765 (2019) Kat:3, Licht: 0","161765","3","2","2","10","13","7","0","0","0","1","0","0"
"POINT (10.009777493000058 53.611585272000070)","Unfall 161766 (2019) Kat:3, Licht: 0","161766","3","3","5","10","17","7","0","0","1","1","0","0"
"POINT (9.881569504000026 53.592319939000049)","Unfall 161767 (2019) Kat:3, Licht: 0","161767","3","6","2","10","15","7","0","0","0","1","0","1"
"POINT (9.890895481000030 53.555207092000046)","Unfall 161768 (2019) Kat:3, Licht: 0","161768","3","3","5","10","09","7","0","0","1","1","0","0"
"POINT (9.932743002000052 53.566522080000027)","Unfall 161769 (2019) Kat:3, Licht: 2","161769","3","7","0","10","05","7","1","2","0","1","0","0"
"POINT (9.950128790000065 53.631808892000038)","Unfall 161770 (2019) Kat:3, Licht: 0","161770","3","5","1","10","12","7","1","0","1","1","0","0"
"POINT (9.965313093000077 53.612969982000038)","Unfall 161771 (2019) Kat:3, Licht: 2","161771","3","7","4","10","06","7","0","2","0","1","0","0"
"POINT (9.984233994000022 53.608071072000030)","Unfall 161772 (2019) Kat:3, Licht: 2","161772","3","5","1","10","19","7","0","2","0","1","0","0"
"POINT (9.978563150000070 53.564240881000046)","Unfall 161773 (2019) Kat:3, Licht: 0","161773","3","6","2","10","12","7","0","0","0","1","0","0"
"POINT (9.961270350000063 53.546398530000033)","Unfall 161774 (2019) Kat:3, Licht: 0","161774","3","6","3","10","17","7","0","0","0","1","0","0"
"POINT (9.984544049000022 53.548284567000053)","Unfall 161775 (2019) Kat:3, Licht: 2","161775","3","4","6","10","21","7","0","2","1","0","1","0"
"POINT (9.966556103000073 53.545423563000043)","Unfall 161776 (2019) Kat:3, Licht: 0","161776","3","6","6","10","12","7","0","0","1","0","1","0"
"POINT (9.971126212000058 53.547359687000039)","Unfall 161777 (2019) Kat:3, Licht: 2","161777","3","1","1","10","01","7","1","2","0","1","0","0"
"POINT (9.996696948000022 53.546277011000029)","Unfall 161778 (2019) Kat:3, Licht: 0","161778","3","6","2","10","18","7","0","0","0","1","0","0"
"POINT (9.979926159000058 53.457554590000029)","Unfall 161779 (2019) Kat:3, Licht: 2","161779","3","6","2","10","20","6","1","2","0","1","0","0"
"POINT (9.999676971000042 53.519833820000031)","Unfall 161780 (2019) Kat:3, Licht: 0","161780","3","2","4","10","13","6","1","0","1","1","0","0"
"POINT (10.201842470000031 53.489013227000044)","Unfall 161781 (2019) Kat:3, Licht: 0","161781","3","2","5","10","09","6","1","0","0","1","0","0"
"POINT (10.089803369000037 53.544814754000072)","Unfall 161782 (2019) Kat:3, Licht: 0","161782","3","7","3","10","17","6","1","0","0","1","0","0"
"POINT (10.149635160000059 53.524466865000079)","Unfall 161783 (2019) Kat:3, Licht: 0","161783","3","6","1","10","13","6","1","0","0","1","0","0"
"POINT (10.112152303000073 53.535336923000045)","Unfall 161784 (2019) Kat:3, Licht: 0","161784","3","6","1","10","12","6","1","0","0","1","0","0"
"POINT (10.059065297000075 53.574193379000064)","Unfall 161785 (2019) Kat:3, Licht: 2","161785","3","2","6","10","19","6","1","2","0","1","1","0"
"POINT (10.062524690000032 53.608651277000035)","Unfall 161786 (2019) Kat:3, Licht: 0","161786","3","6","2","10","12","6","1","0","0","1","0","0"
"POINT (10.052494098000068 53.585612995000076)","Unfall 161787 (2019) Kat:3, Licht: 0","161787","3","2","6","10","13","6","1","0","0","1","1","0"
"POINT (9.866921495000042 53.585445848000063)","Unfall 161788 (2019) Kat:3, Licht: 0","161788","3","2","0","10","15","6","1","0","1","1","0","0"
"POINT (9.951844389000030 53.559677279000027)","Unfall 161789 (2019) Kat:3, Licht: 2","161789","3","7","5","10","21","6","1","2","0","1","0","0"
"POINT (9.955012743000054 53.552840785000058)","Unfall 161790 (2019) Kat:3, Licht: 2","161790","3","7","6","10","19","6","1","2","0","0","1","0"
"POINT (9.988621100000046 53.581194892000042)","Unfall 161791 (2019) Kat:3, Licht: 2","161791","3","3","5","10","19","6","1","2","1","1","0","0"
"POINT (9.991929242000026 53.582678979000036)","Unfall 161792 (2019) Kat:3, Licht: 1","161792","3","5","1","10","17","6","1","1","1","1","0","0"
"POINT (9.997102830000074 53.546038100000033)","Unfall 161793 (2019) Kat:3, Licht: 0","161793","3","6","2","10","17","6","1","0","0","1","0","0"
"POINT (9.996132066000030 53.542019023000080)","Unfall 161794 (2019) Kat:3, Licht: 0","161794","3","7","2","10","12","6","1","0","0","1","0","0"
"POINT (9.985474016000069 53.462820323000074)","Unfall 161795 (2019) Kat:3, Licht: 0","161795","3","2","3","10","13","6","1","0","1","1","0","0"
"POINT (9.985993731000065 53.526844596000046)","Unfall 161796 (2019) Kat:3, Licht: 0","161796","3","3","5","10","14","6","1","0","0","1","0","0"
"POINT (9.916374481000048 53.511978226000053)","Unfall 161797 (2019) Kat:2, Licht: 2","161797","2","6","4","10","21","6","1","2","0","1","0","0"
"POINT (9.860857685000042 53.481445060000055)","Unfall 161798 (2019) Kat:2, Licht: 2","161798","2","1","8","10","22","5","0","2","0","1","0","0"
"POINT (10.196053575000064 53.501820834000057)","Unfall 161799 (2019) Kat:3, Licht: 0","161799","3","3","5","10","13","5","0","0","0","1","0","0"
"POINT (10.124837213000035 53.571303960000080)","Unfall 161800 (2019) Kat:3, Licht: 2","161800","3","6","2","10","20","5","0","2","0","1","0","0"
"POINT (10.110491871000022 53.623320604000071)","Unfall 161801 (2019) Kat:3, Licht: 2","161801","3","5","1","10","05","5","1","2","0","1","0","0"
"POINT (10.086080027000037 53.656616511000038)","Unfall 161802 (2019) Kat:3, Licht: 2","161802","3","6","2","10","20","5","0","2","0","1","0","0"
"POINT (10.024492498000029 53.628144092000070)","Unfall 161803 (2019) Kat:3, Licht: 0","161803","3","7","2","10","12","5","0","0","0","1","0","0"
"POINT (10.001915249000035 53.661662290000038)","Unfall 161804 (2019) Kat:3, Licht: 2","161804","3","7","0","10","19","5","1","2","0","0","0","1"
"POINT (9.985604354000031 53.557957270000031)","Unfall 161805 (2019) Kat:2, Licht: 2","161805","2","4","6","10","03","5","0","2","0","1","1","0"
"POINT (10.147233696000058 53.417776096000068)","Unfall 161806 (2019) Kat:3, Licht: 0","161806","3","6","3","10","15","4","1","0","1","0","0","0"
"POINT (10.103313440000022 53.576744473000076)","Unfall 161807 (2019) Kat:3, Licht: 0","161807","3","6","1","10","16","4","1","0","0","1","0","0"
"POINT (10.092338213000062 53.568662240000037)","Unfall 161808 (2019) Kat:3, Licht: 0","161808","3","2","4","10","16","4","1","0","0","1","0","0"
"POINT (10.073581850000039 53.574216027000034)","Unfall 161809 (2019) Kat:3, Licht: 0","161809","3","6","1","10","15","4","1","0","0","1","0","0"
"POINT (10.099630955000066 53.587413795000032)","Unfall 161810 (2019) Kat:3, Licht: 0","161810","3","6","2","10","15","4","1","0","0","1","0","0"
"POINT (10.070764058000066 53.572488274000079)","Unfall 161811 (2019) Kat:3, Licht: 0","161811","3","6","1","10","13","4","1","0","0","0","0","1"
"POINT (10.082549556000060 53.618463522000070)","Unfall 161812 (2019) Kat:3, Licht: 0","161812","3","2","3","10","13","4","1","0","1","1","0","0"
"POINT (10.095435610000038 53.651552046000063)","Unfall 161813 (2019) Kat:2, Licht: 0","161813","2","3","5","10","07","4","1","0","1","1","0","0"
"POINT (10.050194567000062 53.573097831000041)","Unfall 161814 (2019) Kat:3, Licht: 2","161814","3","2","2","10","06","4","1","2","0","1","1","0"
"POINT (9.906028909000042 53.606959080000081)","Unfall 161815 (2019) Kat:3, Licht: 0","161815","3","7","2","10","11","4","0","0","0","1","0","0"