WKT,Name,OBJECTID,UKATEGORIE,UTYP1,UART,UMONAT,USTUNDE,UWOCHENTAG,STRZUSTAND,ULICHTVERH,ISTRAD,ISTPKW,ISTFUSS,ISTKRAD
"POINT (9.937746707000031 53.581391337000071)","Unfall 161816 (2019) Kat:3, Licht: 0","161816","3","4","0","10","07","4","1","0","0","1","1","1"
"POINT (9.864836914000023 53.572911859000044)","Unfall 161817 (2019) Kat:3, Licht: 0","161817","3","6","2","10","10","4","0","0","0","1","0","0"
"POINT (9.949094838000065 53.620534287000055)","Unfall 161818 (2019) Kat:3, Licht: 0","161818","3","3","5","10","17","4","1","0","1","0","0","0"
"POINT (9.967781517000049 53.582055791000073)","Unfall 161819 (2019) Kat:3, Licht: 0","161819","3","7","0","10","08","4","1","0","1","0","1","0"
"POINT (9.928564647000030 53.547760506000031)","Unfall 161820 (2019) Kat:2, Licht: 0","161820","2","7","0","10","17","4","1","0","0","0","0","0"
"POINT (9.920602926000072 53.559026296000070)","Unfall 161821 (2019) Kat:3, Licht: 0","161821","3","7","0","10","11","4","0","0","1","0","1","0"
"POINT (9.946587093000062 53.569610386000079)","Unfall 161822 (2019) Kat:3, Licht: 1","161822","3","6","4","10","18","4","1","1","1","1","0","0"
"POINT (10.000197015000026 53.550054600000067)","Unfall 161823 (2019) Kat:3, Licht: 0","161823","3","2","5","10","15","4","1","0","1","1","0","0"
"POINT (9.993108118000066 53.557371463000038)","Unfall 161824 (2019) Kat:3, Licht: 0","161824","3","3","5","10","10","4","0","0","1","1","0","0"
"POINT (9.993121109000072 53.552899717000059)","Unfall 161825 (2019) Kat:3, Licht: 0","161825","3","4","6","10","17","4","1","0","0","1","1","0"
"POINT (9.857806984000035 53.535061927000072)","Unfall 161826 (2019) Kat:3, Licht: 0","161826","3","2","5","10","13","3","1","0","0","0","0","1"
"POINT (9.786355238000056 53.504283050000026)","Unfall 161827 (2019) Kat:3, Licht: 2","161827","3","1","8","10","04","3","1","2","0","1","0","0"
"POINT (9.786982622000039 53.508104780000053)","Unfall 161828 (2019) Kat:3, Licht: 1","161828","3","1","8","10","07","3","1","1","0","1","0","0"
"POINT (9.982098378000046 53.460476296000081)","Unfall 161829 (2019) Kat:3, Licht: 2","161829","3","2","4","10","22","3","0","2","0","1","0","0"
"POINT (9.981566519000069 53.458341202000042)","Unfall 161830 (2019) Kat:3, Licht: 2","161830","3","2","2","10","18","3","1","2","0","1","0","0"
"POINT (10.175906135000048 53.472553579000078)","Unfall 161831 (2019) Kat:3, Licht: 0","161831","3","2","4","10","17","3","1","0","0","1","0","0"
"POINT (10.147789387000046 53.521465692000049)","Unfall 161832 (2019) Kat:2, Licht: 0","161832","2","1","8","10","15","3","1","0","0","1","0","0"
"POINT (10.149544422000076 53.619931835000045)","Unfall 161833 (2019) Kat:3, Licht: 0","161833","3","6","2","10","14","3","1","0","0","1","0","0"
"POINT (10.142809544000045 53.593528807000041)","Unfall 161834 (2019) Kat:2, Licht: 0","161834","2","2","4","10","09","3","1","0","1","0","0","0"
"POINT (10.160912875000065 53.596676925000054)","Unfall 161835 (2019) Kat:3, Licht: 0","161835","3","3","5","10","07","3","1","0","0","1","0","0"
"POINT (10.035869809000076 53.607962977000057)","Unfall 161836 (2019) Kat:3, Licht: 0","161836","3","3","5","10","18","3","0","0","1","1","0","0"
"POINT (10.075003265000021 53.593123876000050)","Unfall 161837 (2019) Kat:3, Licht: 0","161837","3","6","2","10","16","3","1","0","0","1","0","0"
"POINT (10.034080927000048 53.619148743000039)","Unfall 161838 (2019) Kat:3, Licht: 0","161838","3","6","3","10","09","3","1","0","0","0","0","0"
"POINT (10.068111322000050 53.597421510000061)","Unfall 161839 (2019) Kat:3, Licht: 0","161839","3","6","4","10","15","3","1","0","0","1","0","1"
"POINT (10.076890964000029 53.599353142000041)","Unfall 161840 (2019) Kat:3, Licht: 0","161840","3","6","2","10","15","3","1","0","0","1","0","0"
"POINT (10.042656111000042 53.632120799000063)","Unfall 161841 (2019) Kat:3, Licht: 0","161841","3","6","2","10","09","3","1","0","0","1","0","0"
"POINT (10.060772426000028 53.657125487000030)","Unfall 161842 (2019) Kat:3, Licht: 1","161842","3","3","0","10","07","3","1","1","1","1","0","0"
"POINT (10.117485873000021 53.649288083000044)","Unfall 161843 (2019) Kat:3, Licht: 2","161843","3","3","5","10","19","3","1","2","0","1","0","0"
"POINT (10.134750773000064 53.656231889000082)","Unfall 161844 (2019) Kat:3, Licht: 2","161844","3","7","0","10","19","3","1","2","0","0","0","0"
"POINT (9.998967951000054 53.604074034000064)","Unfall 161845 (2019) Kat:3, Licht: 0","161845","3","6","0","10","17","3","1","0","0","1","0","1"
"POINT (10.055699144000073 53.591556925000077)","Unfall 161846 (2019) Kat:3, Licht: 2","161846","3","2","3","10","06","3","1","2","1","1","0","0"
"POINT (9.898795551000035 53.570998081000027)","Unfall 161847 (2019) Kat:3, Licht: 2","161847","3","6","2","10","21","3","0","2","0","1","0","0"
"POINT (9.988449124000056 53.569359434000035)","Unfall 161848 (2019) Kat:3, Licht: 0","161848","3","6","2","10","11","3","1","0","0","1","0","0"
"POINT (9.962522429000046 53.554907676000028)","Unfall 161849 (2019) Kat:3, Licht: 0","161849","3","2","4","10","13","3","1","0","1","0","0","0"
"POINT (9.973975940000059 53.550424197000041)","Unfall 161850 (2019) Kat:3, Licht: 0","161850","3","6","2","10","07","3","1","0","0","1","0","0"
"POINT (9.990745457000060 53.454814153000029)","Unfall 161851 (2019) Kat:3, Licht: 2","161851","3","4","6","09","06","2","1","2","0","1","1","0"
"POINT (10.184874032000039 53.486651586000050)","Unfall 161852 (2019) Kat:3, Licht: 2","161852","3","6","3","09","19","2","1","2","0","1","0","0"
"POINT (10.179802565000045 53.478344141000036)","Unfall 161853 (2019) Kat:3, Licht: 0","161853","3","2","4","09","16","2","1","0","0","1","0","0"
"POINT (10.182903289000024 53.486148292000053)","Unfall 161854 (2019) Kat:3, Licht: 0","161854","3","6","2","09","15","2","1","0","0","1","0","0"
"POINT (10.206138698000075 53.494737794000059)","Unfall 161855 (2019) Kat:3, Licht: 0","161855","3","6","1","09","12","2","1","0","0","1","0","0"
"POINT (10.202041471000030 53.489791679000064)","Unfall 161856 (2019) Kat:3, Licht: 0","161856","3","2","2","09","11","2","1","0","0","1","0","0"
"POINT (10.102786126000069 53.542636162000065)","Unfall 161857 (2019) Kat:3, Licht: 2","161857","3","3","5","09","18","2","1","2","1","1","0","0"
"POINT (10.102449409000030 53.542266064000046)","Unfall 161858 (2019) Kat:2, Licht: 0","161858","2","4","6","09","15","2","1","0","0","1","1","0"
"POINT (10.098537607000026 53.542422969000029)","Unfall 161859 (2019) Kat:3, Licht: 0","161859","3","3","5","10","09","5","1","0","0","1","0","0"
"POINT (10.083437150000066 53.543319725000060)","Unfall 161860 (2019) Kat:3, Licht: 0","161860","3","6","3","09","15","2","1","0","0","1","0","0"
"POINT (10.068795947000069 53.559566752000080)","Unfall 161861 (2019) Kat:3, Licht: 1","161861","3","3","5","10","07","5","1","1","1","1","0","0"
"POINT (10.076731351000035 53.519031378000079)","Unfall 161862 (2019) Kat:3, Licht: 0","161862","3","6","2","09","08","2","1","0","0","1","0","0"
"POINT (10.059703997000042 53.574333520000039)","Unfall 161863 (2019) Kat:3, Licht: 0","161863","3","3","5","10","10","5","1","0","0","1","0","0"
"POINT (10.119136367000067 53.531964338000080)","Unfall 161864 (2019) Kat:2, Licht: 2","161864","2","2","6","09","05","2","1","2","0","1","1","0"
"POINT (10.065456379000068 53.598130239000056)","Unfall 161865 (2019) Kat:3, Licht: 2","161865","3","2","3","10","18","5","1","2","1","1","0","0"
"POINT (10.062933280000038 53.560170860000028)","Unfall 161866 (2019) Kat:2, Licht: 2","161866","2","3","5","09","20","2","1","2","0","1","0","0"
"POINT (10.102842299000031 53.580145539000057)","Unfall 161867 (2019) Kat:3, Licht: 0","161867","3","6","2","09","08","2","1","0","0","1","0","0"
"POINT (10.089334270000052 53.607303260000037)","Unfall 161868 (2019) Kat:3, Licht: 0","161868","3","2","3","10","17","5","1","0","1","1","0","0"
"POINT (10.017199966000021 53.589735144000031)","Unfall 161869 (2019) Kat:3, Licht: 2","161869","3","7","0","10","19","5","1","2","0","1","0","0"
"POINT (10.065502885000058 53.582045099000027)","Unfall 161870 (2019) Kat:3, Licht: 0","161870","3","6","2","09","10","2","1","0","0","1","0","0"
"POINT (9.950979258000075 53.618671888000051)","Unfall 161871 (2019) Kat:3, Licht: 0","161871","3","7","6","10","17","5","1","0","0","1","1","0"
"POINT (9.994713963000038 53.673775348000049)","Unfall 161872 (2019) Kat:3, Licht: 0","161872","3","3","5","09","15","2","1","0","1","1","0","0"
"POINT (9.973029834000045 53.587818375000040)","Unfall 161873 (2019) Kat:3, Licht: 0","161873","3","7","6","10","16","5","1","0","0","1","1","0"
"POINT (9.956347422000022 53.606383915000038)","Unfall 161874 (2019) Kat:3, Licht: 2","161874","3","2","5","10","05","5","1","2","0","1","0","0"
"POINT (10.032982312000058 53.590589005000027)","Unfall 161875 (2019) Kat:3, Licht: 0","161875","3","6","2","09","13","2","0","0","0","1","0","0"
"POINT (10.048390855000036 53.570864200000074)","Unfall 161876 (2019) Kat:2, Licht: 2","161876","2","2","6","09","17","2","1","2","0","1","1","0"
"POINT (9.984532101000070 53.548267420000059)","Unfall 161877 (2019) Kat:3, Licht: 0","161877","3","3","5","10","17","5","0","0","1","1","0","0"
"POINT (10.042438334000053 53.597806632000072)","Unfall 161878 (2019) Kat:3, Licht: 0","161878","3","6","2","09","13","2","1","0","0","1","0","0"
"POINT (10.004721964000055 53.542032521000067)","Unfall 161879 (2019) Kat:3, Licht: 1","161879","3","6","3","10","07","5","1","1","1","0","0","0"
"POINT (9.964333752000073 53.579123934000052)","Unfall 161880 (2019) Kat:3, Licht: 0","161880","3","6","1","09","12","2","0","0","0","1","0","0"
"POINT (9.983028854000054 53.437080054000035)","Unfall 161881 (2019) Kat:3, Licht: 0","161881","3","5","1","10","12","4","1","0","0","1","0","0"
"POINT (9.985458090000066 53.510596561000057)","Unfall 161882 (2019) Kat:2, Licht: 2","161882","2","2","6","10","06","4","1","2","0","1","1","0"
"POINT (9.973213463000036 53.601717539000049)","Unfall 161883 (2019) Kat:3, Licht: 0","161883","3","3","5","09","10","2","1","0","0","1","0","0"
"POINT (10.234010252000076 53.485294481000039)","Unfall 161884 (2019) Kat:3, Licht: 0","161884","3","3","5","10","14","4","1","0","0","1","0","1"
"POINT (9.988672326000028 53.573298540000053)","Unfall 161885 (2019) Kat:3, Licht: 0","161885","3","6","2","09","13","2","1","0","0","1","0","0"
"POINT (10.110940885000048 53.542721114000074)","Unfall 161886 (2019) Kat:3, Licht: 0","161886","3","3","5","10","16","4","0","0","1","1","0","0"
"POINT (9.959434831000067 53.464612165000062)","Unfall 161887 (2019) Kat:3, Licht: 0","161887","3","3","5","09","09","1","1","0","1","1","0","0"
"POINT (10.082596822000028 53.535204987000043)","Unfall 161888 (2019) Kat:3, Licht: 2","161888","3","6","2","10","07","4","1","2","0","1","0","0"
"POINT (9.976009958000077 53.461752678000039)","Unfall 161889 (2019) Kat:3, Licht: 2","161889","3","6","4","09","05","1","1","2","0","1","0","0"
"POINT (10.118430955000065 53.560378391000029)","Unfall 161890 (2019) Kat:3, Licht: 2","161890","3","2","6","10","07","4","1","2","0","0","1","0"
"POINT (10.021188019000022 53.549983039000040)","Unfall 161891 (2019) Kat:3, Licht: 2","161891","3","3","5","09","05","1","1","2","0","1","0","0"
"POINT (10.068661768000027 53.601186579000057)","Unfall 161892 (2019) Kat:3, Licht: 0","161892","3","2","4","09","11","1","1","0","0","1","0","0"
"POINT (10.064393444000075 53.536170857000059)","Unfall 161893 (2019) Kat:2, Licht: 2","161893","2","5","1","10","19","4","0","2","0","1","0","0"
"POINT (10.035656496000058 53.546770342000059)","Unfall 161894 (2019) Kat:3, Licht: 0","161894","3","7","1","10","11","4","0","0","0","1","0","0"
"POINT (10.082447772000023 53.640813273000049)","Unfall 161895 (2019) Kat:3, Licht: 0","161895","3","3","5","09","13","1","1","0","0","1","0","0"
"POINT (10.115709115000072 53.611198401000081)","Unfall 161896 (2019) Kat:3, Licht: 1","161896","3","2","6","10","06","4","1","1","0","1","1","0"
"POINT (10.006327368000029 53.617339731000072)","Unfall 161897 (2019) Kat:3, Licht: 2","161897","3","2","5","09","19","1","1","2","0","1","0","0"
"POINT (10.071020818000022 53.572221555000056)","Unfall 161898 (2019) Kat:3, Licht: 0","161898","3","6","2","10","12","4","1","0","0","0","0","0"
"POINT (10.051318569000045 53.646774537000056)","Unfall 161899 (2019) Kat:3, Licht: 0","161899","3","6","2","10","16","4","1","0","0","1","0","0"
"POINT (10.070842854000034 53.666040202000033)","Unfall 161900 (2019) Kat:3, Licht: 0","161900","3","6","2","10","14","4","1","0","0","1","0","0"
"POINT (10.007494074000022 53.580892548000065)","Unfall 161901 (2019) Kat:3, Licht: 2","161901","3","2","3","09","19","1","1","2","0","1","0","0"
"POINT (10.023251486000049 53.558290604000035)","Unfall 161902 (2019) Kat:3, Licht: 0","161902","3","3","5","09","13","1","1","0","0","1","0","0"
"POINT (10.040757584000062 53.647952142000065)","Unfall 161903 (2019) Kat:3, Licht: 0","161903","3","6","2","10","13","4","1","0","0","1","0","0"
"POINT (9.931502021000028 53.592398839000055)","Unfall 161904 (2019) Kat:3, Licht: 0","161904","3","6","3","09","13","1","1","0","0","1","0","0"
"POINT (9.933779982000033 53.592498463000027)","Unfall 161905 (2019) Kat:3, Licht: 0","161905","3","2","3","10","15","4","0","0","1","0","0","0"
"POINT (9.886955003000026 53.562444683000081)","Unfall 161906 (2019) Kat:3, Licht: 0","161906","3","6","2","09","13","1","1","0","0","1","0","0"
"POINT (9.904760804000034 53.545495416000051)","Unfall 161907 (2019) Kat:3, Licht: 2","161907","3","6","2","10","19","4","1","2","0","1","0","0"
"POINT (9.875667054000076 53.588297744000045)","Unfall 161908 (2019) Kat:3, Licht: 0","161908","3","6","2","10","17","4","0","0","0","1","0","0"
"POINT (9.947358783000027 53.580497000000037)","Unfall 161909 (2019) Kat:3, Licht: 2","161909","3","2","6","09","21","1","1","2","0","1","1","0"
"POINT (9.939411169000039 53.553696180000031)","Unfall 161910 (2019) Kat:3, Licht: 0","161910","3","3","5","10","11","4","1","0","0","1","0","0"
"POINT (9.966294936000054 53.569367634000059)","Unfall 161911 (2019) Kat:3, Licht: 0","161911","3","2","4","09","18","1","1","0","1","1","0","0"
"POINT (9.943743043000040 53.550446572000055)","Unfall 161912 (2019) Kat:3, Licht: 0","161912","3","3","0","10","16","4","0","0","0","1","0","0"
"POINT (9.988278928000057 53.542897874000062)","Unfall 161913 (2019) Kat:3, Licht: 0","161913","3","4","6","10","09","4","1","0","1","0","1","0"
"POINT (9.962906839000027 53.549607862000073)","Unfall 161914 (2019) Kat:3, Licht: 2","161914","3","6","2","09","03","1","1","2","0","1","0","0"
"POINT (9.979549796000072 53.555865630000028)","Unfall 161915 (2019) Kat:3, Licht: 1","161915","3","2","5","10","18","4","1","1","0","1","0","0"
"POINT (9.977081358000021 53.463407874000040)","Unfall 161916 (2019) Kat:3, Licht: 0","161916","3","1","9","09","14","7","1","0","0","0","0","1"
"POINT (10.010542491000024 53.550952506000044)","Unfall 161917 (2019) Kat:3, Licht: 0","161917","3","3","5","10","12","4","0","0","1","1","0","0"
"POINT (9.989592055000060 53.455986354000061)","Unfall 161918 (2019) Kat:3, Licht: 0","161918","3","7","0","10","19","3","0","0","0","0","0","0"
"POINT (10.206103811000048 53.477177943000072)","Unfall 161919 (2019) Kat:2, Licht: 0","161919","2","3","5","10","14","3","0","0","0","1","0","0"
"POINT (10.191432027000076 53.503778542000077)","Unfall 161920 (2019) Kat:3, Licht: 0","161920","3","3","5","10","13","3","0","0","1","1","0","0"
"POINT (10.152469239000027 53.603893622000044)","Unfall 161921 (2019) Kat:3, Licht: 0","161921","3","3","5","10","12","3","0","0","1","1","0","0"
"POINT (10.188970941000036 53.492125789000056)","Unfall 161922 (2019) Kat:3, Licht: 0","161922","3","5","1","09","15","7","0","0","1","1","0","0"
"POINT (10.124956842000074 53.586154629000077)","Unfall 161923 (2019) Kat:3, Licht: 0","161923","3","2","6","10","07","3","0","0","0","1","1","0"
"POINT (10.201172414000041 53.510829717000036)","Unfall 161924 (2019) Kat:3, Licht: 0","161924","3","7","6","09","13","7","0","0","0","1","1","0"
"POINT (10.060086326000032 53.571621461000063)","Unfall 161925 (2019) Kat:3, Licht: 0","161925","3","4","6","10","17","3","0","0","0","1","1","0"
"POINT (10.066820000000064 53.580388532000029)","Unfall 161926 (2019) Kat:2, Licht: 0","161926","2","4","6","10","14","3","0","0","0","1","1","0"
"POINT (10.084922194000058 53.603149586000029)","Unfall 161927 (2019) Kat:3, Licht: 2","161927","3","2","3","10","19","3","0","2","1","1","0","0"
"POINT (10.108654322000064 53.563132510000059)","Unfall 161928 (2019) Kat:3, Licht: 0","161928","3","4","6","09","18","7","0","0","0","1","1","0"
"POINT (10.093766539000057 53.644877653000037)","Unfall 161929 (2019) Kat:3, Licht: 0","161929","3","3","5","10","14","3","0","0","1","1","0","0"
"POINT (10.034558737000054 53.536647069000082)","Unfall 161930 (2019) Kat:3, Licht: 1","161930","3","2","3","09","21","7","1","1","0","1","0","0"
"POINT (10.076639513000032 53.660737383000082)","Unfall 161931 (2019) Kat:2, Licht: 0","161931","2","3","5","10","16","3","0","0","0","1","0","0"
"POINT (10.101770788000067 53.581713335000074)","Unfall 161932 (2019) Kat:3, Licht: 0","161932","3","2","4","09","16","7","0","0","1","1","0","0"
"POINT (10.085874068000066 53.645062111000072)","Unfall 161933 (2019) Kat:3, Licht: 0","161933","3","3","5","10","08","3","0","0","0","1","0","0"
"POINT (9.997523416000036 53.590749314000050)","Unfall 161934 (2019) Kat:3, Licht: 0","161934","3","5","1","10","17","3","0","0","1","1","0","0"
"POINT (10.040852095000048 53.566747307000071)","Unfall 161935 (2019) Kat:3, Licht: 0","161935","3","6","2","09","13","7","0","0","0","1","0","0"
"POINT (10.049546218000046 53.587815773000045)","Unfall 161936 (2019) Kat:3, Licht: 0","161936","3","7","0","10","16","3","0","0","0","0","0","1"
"POINT (10.036616238000022 53.580292433000068)","Unfall 161937 (2019) Kat:2, Licht: 0","161937","2","2","4","09","09","7","1","0","0","1","0","1"
"POINT (9.764490804000047 53.583759534000080)","Unfall 161938 (2019) Kat:3, Licht: 0","161938","3","6","6","10","18","3","0","0","0","1","1","0"
"POINT (9.789675747000047 53.570064453000043)","Unfall 161939 (2019) Kat:3, Licht: 2","161939","3","2","5","10","20","3","0","2","0","1","0","1"
"POINT (9.894637792000026 53.603900563000082)","Unfall 161940 (2019) Kat:3, Licht: 1","161940","3","6","2","09","20","7","1","1","0","1","0","0"
"POINT (9.939532763000045 53.592946380000058)","Unfall 161941 (2019) Kat:3, Licht: 0","161941","3","6","2","09","10","7","0","0","0","1","0","0"
"POINT (9.957740317000059 53.569986385000050)","Unfall 161942 (2019) Kat:3, Licht: 2","161942","3","3","5","10","18","3","0","2","1","1","0","0"
"POINT (9.798041280000064 53.566072888000065)","Unfall 161943 (2019) Kat:3, Licht: 2","161943","3","3","5","09","22","7","1","2","0","1","0","0"
"POINT (9.986023768000052 53.592587139000045)","Unfall 161944 (2019) Kat:3, Licht: 0","161944","3","5","1","10","17","3","0","0","1","1","0","0"
"POINT (9.918576661000031 53.572354900000050)","Unfall 161945 (2019) Kat:3, Licht: 0","161945","3","2","4","09","09","7","0","0","0","1","0","0"
"POINT (9.947676777000027 53.577534098000058)","Unfall 161946 (2019) Kat:3, Licht: 0","161946","3","2","6","10","14","3","0","0","0","0","1","0"
"POINT (9.952003779000052 53.632563859000072)","Unfall 161947 (2019) Kat:3, Licht: 2","161947","3","6","4","09","21","7","1","2","0","1","0","0"
"POINT (10.020114119000027 53.551228174000073)","Unfall 161948 (2019) Kat:3, Licht: 1","161948","3","2","5","10","07","3","0","1","1","1","0","0"
"POINT (9.981594393000023 53.601340495000045)","Unfall 161949 (2019) Kat:3, Licht: 0","161949","3","6","2","09","18","7","0","0","1","1","0","0"
"POINT (9.917268980000074 53.545948428000031)","Unfall 161950 (2019) Kat:3, Licht: 0","161950","3","3","5","09","08","7","1","0","0","1","0","0"
"POINT (9.965389486000049 53.561078570000063)","Unfall 161951 (2019) Kat:3, Licht: 2","161951","3","5","1","09","22","7","1","2","1","1","0","0"
"POINT (9.960942937000027 53.513273745000049)","Unfall 161952 (2019) Kat:3, Licht: 0","161952","3","3","5","10","09","3","0","0","1","1","0","0"
"POINT (9.965753482000025 53.562560019000045)","Unfall 161953 (2019) Kat:3, Licht: 2","161953","3","5","1","09","01","7","1","2","1","1","0","0"
"POINT (9.891943452000021 53.477766062000057)","Unfall 161954 (2019) Kat:2, Licht: 0","161954","2","3","5","10","14","2","0","0","0","1","0","1"
"POINT (9.983807118000073 53.557644531000051)","Unfall 161955 (2019) Kat:3, Licht: 0","161955","3","3","5","09","07","7","1","0","0","1","0","0"
"POINT (10.203021370000044 53.491292027000043)","Unfall 161956 (2019) Kat:3, Licht: 0","161956","3","6","2","10","14","2","0","0","0","1","0","0"
"POINT (10.101101930000027 53.445171857000048)","Unfall 161957 (2019) Kat:3, Licht: 0","161957","3","1","8","10","08","2","1","0","0","1","0","0"
"POINT (10.004104479000034 53.557373463000033)","Unfall 161958 (2019) Kat:3, Licht: 0","161958","3","6","3","09","17","7","0","0","0","1","0","0"
"POINT (10.080483976000039 53.549496000000033)","Unfall 161959 (2019) Kat:2, Licht: 0","161959","2","3","0","10","07","2","0","0","1","1","0","0"
"POINT (10.009039093000069 53.550665482000056)","Unfall 161960 (2019) Kat:3, Licht: 2","161960","3","1","7","09","01","7","1","2","0","0","0","0"
"POINT (10.034263031000023 53.536803349000081)","Unfall 161961 (2019) Kat:3, Licht: 1","161961","3","7","3","10","06","2","0","1","0","1","0","1"
"POINT (10.166483562000053 53.594463775000065)","Unfall 161962 (2019) Kat:3, Licht: 0","161962","3","3","5","10","09","2","0","0","1","0","0","0"
"POINT (9.826339458000064 53.471612678000042)","Unfall 161963 (2019) Kat:3, Licht: 0","161963","3","6","5","09","11","6","0","0","1","1","0","0"
"POINT (10.166933102000030 53.514848693000033)","Unfall 161964 (2019) Kat:3, Licht: 0","161964","3","6","1","09","09","6","0","0","0","1","0","1"
"POINT (10.093322559000057 53.618498727000031)","Unfall 161965 (2019) Kat:3, Licht: 2","161965","3","5","1","10","19","2","0","2","0","1","0","0"
"POINT (10.092098612000029 53.547231636000049)","Unfall 161966 (2019) Kat:3, Licht: 0","161966","3","7","0","09","09","6","0","0","1","1","0","0"
"POINT (10.118867717000057 53.655120236000073)","Unfall 161967 (2019) Kat:3, Licht: 2","161967","3","6","2","10","20","2","1","2","0","1","0","0"
"POINT (10.102822470000035 53.542676081000081)","Unfall 161968 (2019) Kat:3, Licht: 2","161968","3","6","3","09","21","6","0","2","0","0","0","0"
"POINT (10.002729268000053 53.660280470000032)","Unfall 161969 (2019) Kat:3, Licht: 0","161969","3","2","3","10","07","2","0","0","1","1","0","0"
"POINT (10.107996238000055 53.530051311000079)","Unfall 161970 (2019) Kat:3, Licht: 0","161970","3","6","2","09","07","6","0","0","0","1","0","0"
"POINT (10.012645756000040 53.626507502000038)","Unfall 161971 (2019) Kat:2, Licht: 0","161971","2","4","6","10","15","2","0","0","0","1","1","0"
"POINT (10.055712543000027 53.560933854000041)","Unfall 161972 (2019) Kat:3, Licht: 0","161972","3","6","2","09","14","6","0","0","0","1","0","0"
"POINT (10.045817196000030 53.548329092000074)","Unfall 161973 (2019) Kat:2, Licht: 0","161973","2","3","5","09","11","6","0","0","0","1","0","0"
"POINT (10.041879533000042 53.591424555000060)","Unfall 161974 (2019) Kat:3, Licht: 0","161974","3","3","5","10","17","2","0","0","0","1","0","0"
"POINT (9.904652488000068 53.589771972000051)","Unfall 161975 (2019) Kat:3, Licht: 0","161975","3","6","0","10","14","2","0","0","0","1","0","0"
"POINT (10.032488008000030 53.557331213000055)","Unfall 161976 (2019) Kat:3, Licht: 0","161976","3","2","4","09","08","6","1","0","0","1","0","0"
"POINT (9.952607295000064 53.546461787000055)","Unfall 161977 (2019) Kat:2, Licht: 0","161977","2","7","0","10","07","2","1","0","1","0","0","0"
"POINT (10.078604214000052 53.584712500000080)","Unfall 161978 (2019) Kat:3, Licht: 0","161978","3","2","6","09","07","6","1","0","0","1","1","0"
"POINT (9.988788484000054 53.575313003000076)","Unfall 161979 (2019) Kat:3, Licht: 0","161979","3","2","3","10","09","2","0","0","0","1","0","1"
"POINT (9.995342068000070 53.550585902000080)","Unfall 161980 (2019) Kat:3, Licht: 0","161980","3","6","3","10","17","2","0","0","1","0","0","0"
"POINT (10.002289227000063 53.660845699000049)","Unfall 161981 (2019) Kat:3, Licht: 0","161981","3","2","0","09","16","6","0","0","1","1","0","0"
"POINT (9.991999263000025 53.665825675000065)","Unfall 161982 (2019) Kat:3, Licht: 0","161982","3","6","1","09","14","6","1","0","0","1","0","0"
"POINT (9.969553195000060 53.530575376000058)","Unfall 161983 (2019) Kat:3, Licht: 2","161983","3","3","0","10","06","2","1","2","1","1","0","0"
"POINT (9.857678023000062 53.476343164000070)","Unfall 161984 (2019) Kat:3, Licht: 2","161984","3","6","2","10","21","1","0","2","0","1","0","0"
"POINT (10.044216056000039 53.593872130000079)","Unfall 161985 (2019) Kat:3, Licht: 0","161985","3","6","0","09","09","6","0","0","0","1","0","0"
"POINT (10.022086365000064 53.471335933000034)","Unfall 161986 (2019) Kat:3, Licht: 0","161986","3","1","4","10","12","1","1","0","1","0","0","1"
"POINT (10.044791600000053 53.597135388000027)","Unfall 161987 (2019) Kat:3, Licht: 2","161987","3","3","5","09","05","6","1","2","1","1","0","0"
"POINT (10.019073254000034 53.490933666000046)","Unfall 161988 (2019) Kat:3, Licht: 0","161988","3","7","3","10","15","1","1","0","0","1","0","0"
"POINT (10.099212391000037 53.538331855000081)","Unfall 161989 (2019) Kat:3, Licht: 2","161989","3","2","4","10","22","1","1","2","1","1","0","0"
"POINT (10.033697297000060 53.573582342000066)","Unfall 161990 (2019) Kat:3, Licht: 0","161990","3","2","5","09","13","6","0","0","1","1","0","0"
"POINT (9.895966585000053 53.620560570000066)","Unfall 161991 (2019) Kat:2, Licht: 0","161991","2","7","6","09","14","6","0","0","0","1","1","0"
"POINT (10.078546425000070 53.556889842000032)","Unfall 161992 (2019) Kat:1, Licht: 2","161992","1","6","3","10","01","1","1","2","0","1","0","0"
"POINT (9.806523759000072 53.564313516000027)","Unfall 161993 (2019) Kat:3, Licht: 0","161993","3","6","2","09","12","6","0","0","0","1","0","0"
"POINT (10.035258081000052 53.603074695000032)","Unfall 161994 (2019) Kat:3, Licht: 0","161994","3","7","4","10","14","1","1","0","0","1","0","0"
"POINT (9.955327206000050 53.551689394000050)","Unfall 161995 (2019) Kat:3, Licht: 0","161995","3","2","4","09","12","6","0","0","1","1","0","0"
"POINT (10.085205455000050 53.656767795000064)","Unfall 161996 (2019) Kat:2, Licht: 0","161996","2","3","5","10","17","1","0","0","0","1","0","0"
"POINT (10.017548171000044 53.600258390000079)","Unfall 161997 (2019) Kat:3, Licht: 2","161997","3","1","8","10","03","1","1","2","0","1","0","0"
"POINT (9.947128680000049 53.551359239000078)","Unfall 161998 (2019) Kat:3, Licht: 0","161998","3","6","3","09","18","6","1","0","0","1","0","0"
"POINT (10.034793345000026 53.564362459000051)","Unfall 161999 (2019) Kat:3, Licht: 0","161999","3","6","2","10","12","1","1","0","0","1","0","0"
"POINT (9.971818948000021 53.552895415000080)","Unfall 162000 (2019) Kat:3, Licht: 2","162000","3","2","5","09","22","6","0","2","0","1","0","0"