WKT,Name,OBJECTID,UKATEGORIE,UTYP1,UART,UMONAT,USTUNDE,UWOCHENTAG,STRZUSTAND,ULICHTVERH,ISTRAD,ISTPKW,ISTFUSS,ISTKRAD
"POINT (9.912589481000055 53.554089307000027)","Unfall 162001 (2019) Kat:3, Licht: 0","162001","3","3","5","10","14","1","1","0","0","1","0","0"
"POINT (9.909795769000027 53.554381551000063)","Unfall 162002 (2019) Kat:3, Licht: 0","162002","3","2","5","10","13","1","1","0","0","1","0","0"
"POINT (9.960616740000035 53.563202678000039)","Unfall 162003 (2019) Kat:3, Licht: 1","162003","3","1","0","09","19","6","1","1","1","0","0","0"
"POINT (9.985850965000054 53.550892123000040)","Unfall 162004 (2019) Kat:2, Licht: 2","162004","2","7","0","10","00","1","1","2","0","0","0","0"
"POINT (9.988221459000044 53.556774852000046)","Unfall 162005 (2019) Kat:3, Licht: 0","162005","3","2","3","09","16","6","0","0","1","1","0","0"
"POINT (10.015854690000026 53.551998922000053)","Unfall 162006 (2019) Kat:3, Licht: 2","162006","3","3","5","10","23","1","1","2","0","1","0","0"
"POINT (9.959042656000065 53.464519490000043)","Unfall 162007 (2019) Kat:3, Licht: 0","162007","3","6","2","10","15","7","1","0","0","1","0","1"
"POINT (9.976042024000037 53.461735720000036)","Unfall 162008 (2019) Kat:3, Licht: 2","162008","3","6","2","10","21","7","1","2","0","1","0","0"
"POINT (10.017632828000046 53.554523895000045)","Unfall 162009 (2019) Kat:3, Licht: 0","162009","3","6","2","09","08","6","1","0","0","1","0","0"
"POINT (10.127827649000039 53.532377940000060)","Unfall 162010 (2019) Kat:3, Licht: 2","162010","3","6","2","10","19","7","1","2","0","1","0","0"
"POINT (9.975958970000022 53.466756566000072)","Unfall 162011 (2019) Kat:3, Licht: 2","162011","3","6","2","09","20","6","0","2","0","1","0","1"
"POINT (10.001300527000069 53.606080139000028)","Unfall 162012 (2019) Kat:3, Licht: 0","162012","3","6","1","10","13","7","1","0","0","1","0","0"
"POINT (9.879607972000031 53.477911066000047)","Unfall 162013 (2019) Kat:3, Licht: 0","162013","3","5","0","09","07","5","1","0","0","0","1","0"
"POINT (9.992021454000053 53.587700238000082)","Unfall 162014 (2019) Kat:3, Licht: 0","162014","3","3","5","10","13","7","0","0","0","1","0","0"
"POINT (9.978975782000077 53.569991273000028)","Unfall 162015 (2019) Kat:3, Licht: 2","162015","3","6","2","10","21","7","1","2","0","1","0","0"
"POINT (9.976301984000031 53.465285300000062)","Unfall 162016 (2019) Kat:3, Licht: 0","162016","3","3","5","09","16","5","0","0","1","1","0","0"
"POINT (9.994381636000071 53.558717342000079)","Unfall 162017 (2019) Kat:3, Licht: 0","162017","3","2","4","10","14","7","1","0","0","1","0","0"
"POINT (10.053674228000034 53.561017562000075)","Unfall 162018 (2019) Kat:3, Licht: 2","162018","3","6","2","09","18","5","1","2","0","1","0","0"
"POINT (9.984929528000066 53.572589954000080)","Unfall 162019 (2019) Kat:3, Licht: 0","162019","3","6","2","10","14","7","1","0","1","1","0","0"
"POINT (10.060377226000071 53.544794705000072)","Unfall 162020 (2019) Kat:2, Licht: 0","162020","2","6","4","09","17","5","0","0","0","1","0","0"
"POINT (9.983158504000073 53.458316645000082)","Unfall 162021 (2019) Kat:3, Licht: 2","162021","3","7","4","10","23","6","1","2","1","1","0","0"
"POINT (9.977148483000065 53.511421549000033)","Unfall 162022 (2019) Kat:3, Licht: 2","162022","3","3","5","10","07","6","1","2","0","1","0","0"
"POINT (10.123071662000029 53.616108181000072)","Unfall 162023 (2019) Kat:3, Licht: 0","162023","3","6","4","09","17","5","1","0","1","0","0","0"
"POINT (10.188392666000027 53.477289722000080)","Unfall 162024 (2019) Kat:3, Licht: 2","162024","3","5","1","10","07","6","1","2","0","1","0","0"
"POINT (10.150097210000069 53.600799774000052)","Unfall 162025 (2019) Kat:3, Licht: 0","162025","3","3","5","09","07","5","1","0","1","1","0","0"
"POINT (10.056625683000050 53.538398119000078)","Unfall 162026 (2019) Kat:3, Licht: 0","162026","3","6","3","10","17","6","0","0","0","1","0","0"
"POINT (10.039472789000058 53.549381366000034)","Unfall 162027 (2019) Kat:3, Licht: 0","162027","3","3","5","10","09","6","1","0","0","1","0","0"
"POINT (10.112455881000074 53.604323617000034)","Unfall 162028 (2019) Kat:3, Licht: 0","162028","3","7","0","09","09","5","1","0","0","0","0","0"
"POINT (10.183509351000055 53.611154487000078)","Unfall 162029 (2019) Kat:3, Licht: 0","162029","3","7","6","10","12","6","1","0","0","0","1","0"
"POINT (10.050158836000037 53.594423823000056)","Unfall 162030 (2019) Kat:3, Licht: 0","162030","3","2","3","09","17","5","0","0","0","1","0","1"
"POINT (10.086028025000076 53.579863769000042)","Unfall 162031 (2019) Kat:3, Licht: 2","162031","3","3","5","10","00","6","1","2","0","1","0","0"
"POINT (10.034784939000076 53.616634422000061)","Unfall 162032 (2019) Kat:3, Licht: 1","162032","3","6","2","10","07","6","1","1","0","1","0","0"
"POINT (10.018489399000032 53.640191817000073)","Unfall 162033 (2019) Kat:3, Licht: 0","162033","3","2","3","10","07","6","1","0","1","1","0","0"
"POINT (10.082249466000064 53.642073238000080)","Unfall 162034 (2019) Kat:2, Licht: 0","162034","2","7","0","09","09","5","1","0","1","1","0","0"
"POINT (10.016294387000073 53.567646370000034)","Unfall 162035 (2019) Kat:3, Licht: 2","162035","3","6","2","10","18","6","1","2","0","1","0","0"
"POINT (10.011630448000062 53.610107771000060)","Unfall 162036 (2019) Kat:3, Licht: 2","162036","3","2","4","09","22","5","1","2","1","1","0","0"
"POINT (9.823141833000022 53.576559290000034)","Unfall 162037 (2019) Kat:3, Licht: 2","162037","3","2","5","10","06","6","1","2","1","1","0","0"
"POINT (10.007597915000076 53.599553866000065)","Unfall 162038 (2019) Kat:3, Licht: 0","162038","3","6","2","09","11","5","1","0","0","1","0","0"
"POINT (9.886822300000063 53.601076363000061)","Unfall 162039 (2019) Kat:3, Licht: 0","162039","3","6","2","10","14","6","1","0","0","1","0","0"
"POINT (9.903156626000055 53.568806733000031)","Unfall 162040 (2019) Kat:3, Licht: 0","162040","3","6","2","10","14","6","1","0","0","1","0","0"
"POINT (10.012907820000066 53.569185324000046)","Unfall 162041 (2019) Kat:3, Licht: 2","162041","3","5","1","09","23","5","1","2","1","1","0","0"
"POINT (9.955596954000043 53.548307057000045)","Unfall 162042 (2019) Kat:2, Licht: 0","162042","2","1","0","10","15","6","0","0","1","0","0","0"
"POINT (9.928731816000038 53.626484685000037)","Unfall 162043 (2019) Kat:3, Licht: 0","162043","3","7","0","09","14","5","0","0","1","0","0","0"
"POINT (9.999961806000044 53.555195185000059)","Unfall 162044 (2019) Kat:3, Licht: 2","162044","3","7","6","10","20","6","1","2","0","0","1","0"
"POINT (9.960286214000064 53.440122390000056)","Unfall 162045 (2019) Kat:3, Licht: 0","162045","3","7","0","10","13","5","0","0","0","0","1","0"
"POINT (9.947654360000058 53.582188743000074)","Unfall 162046 (2019) Kat:3, Licht: 0","162046","3","3","5","09","13","5","0","0","1","1","0","0"
"POINT (9.949332600000048 53.580774441000074)","Unfall 162047 (2019) Kat:3, Licht: 1","162047","3","3","5","09","07","5","1","1","1","1","0","1"
"POINT (10.110246422000046 53.538828568000042)","Unfall 162048 (2019) Kat:3, Licht: 0","162048","3","6","2","10","13","5","1","0","0","1","0","0"
"POINT (9.982551583000031 53.588287776000072)","Unfall 162049 (2019) Kat:3, Licht: 1","162049","3","6","0","09","07","5","0","1","0","1","0","1"
"POINT (10.042215192000072 53.560638263000044)","Unfall 162050 (2019) Kat:3, Licht: 1","162050","3","4","6","10","16","5","1","1","0","1","1","0"
"POINT (10.038479870000060 53.547366357000044)","Unfall 162051 (2019) Kat:3, Licht: 0","162051","3","2","4","10","09","5","1","0","1","1","0","0"
"POINT (9.927501854000070 53.549226433000058)","Unfall 162052 (2019) Kat:3, Licht: 0","162052","3","2","5","09","13","5","0","0","1","1","0","0"
"POINT (9.932819977000065 53.553968602000054)","Unfall 162053 (2019) Kat:3, Licht: 0","162053","3","7","4","09","13","5","0","0","1","1","0","0"
"POINT (10.123652738000033 53.616392049000069)","Unfall 162054 (2019) Kat:3, Licht: 0","162054","3","6","2","10","09","5","0","0","0","1","0","0"
"POINT (9.988533096000026 53.581274611000026)","Unfall 162055 (2019) Kat:3, Licht: 0","162055","3","2","3","09","17","5","0","0","1","1","0","0"
"POINT (10.142264626000042 53.630837591000045)","Unfall 162056 (2019) Kat:2, Licht: 2","162056","2","1","8","10","01","5","1","2","0","1","0","0"
"POINT (10.174666258000059 53.606935856000064)","Unfall 162057 (2019) Kat:3, Licht: 0","162057","3","2","5","10","11","5","0","0","1","1","0","0"
"POINT (10.008856963000028 53.555557623000027)","Unfall 162058 (2019) Kat:3, Licht: 0","162058","3","3","5","09","13","5","0","0","1","1","0","0"
"POINT (10.021563173000061 53.471695297000053)","Unfall 162059 (2019) Kat:3, Licht: 0","162059","3","1","8","09","12","4","1","0","0","1","0","0"
"POINT (10.085942388000035 53.577501751000057)","Unfall 162060 (2019) Kat:3, Licht: 1","162060","3","6","2","10","17","5","1","1","0","1","0","0"
"POINT (10.118813727000031 53.537186236000082)","Unfall 162061 (2019) Kat:3, Licht: 0","162061","3","6","4","09","12","4","1","0","0","1","0","0"
"POINT (10.082190573000048 53.642408842000066)","Unfall 162062 (2019) Kat:3, Licht: 0","162062","3","6","2","10","09","5","0","0","0","1","0","0"
"POINT (10.157198660000063 53.584707600000058)","Unfall 162063 (2019) Kat:3, Licht: 0","162063","3","4","6","09","09","4","1","0","0","1","1","0"
"POINT (10.017850933000034 53.649363438000080)","Unfall 162064 (2019) Kat:3, Licht: 0","162064","3","7","4","10","17","5","1","0","0","1","0","1"
"POINT (10.000414115000069 53.621507201000043)","Unfall 162065 (2019) Kat:3, Licht: 2","162065","3","3","5","10","03","5","1","2","0","1","0","0"
"POINT (10.108928792000029 53.592450878000079)","Unfall 162066 (2019) Kat:2, Licht: 0","162066","2","7","0","09","18","4","1","0","0","0","0","1"
"POINT (10.026496042000076 53.671096410000075)","Unfall 162067 (2019) Kat:3, Licht: 2","162067","3","6","2","10","22","5","0","2","0","1","0","0"
"POINT (10.102146974000050 53.570040371000061)","Unfall 162068 (2019) Kat:3, Licht: 0","162068","3","2","2","09","17","4","1","0","0","1","0","1"
"POINT (10.016176558000041 53.634953165000070)","Unfall 162069 (2019) Kat:3, Licht: 1","162069","3","7","0","10","19","5","0","1","0","1","0","0"
"POINT (9.834635391000063 53.559628686000053)","Unfall 162070 (2019) Kat:3, Licht: 0","162070","3","3","5","10","16","5","1","0","1","1","0","0"
"POINT (10.072633364000069 53.608790401000078)","Unfall 162071 (2019) Kat:3, Licht: 0","162071","3","6","2","09","16","4","1","0","0","1","0","0"
"POINT (10.087615338000035 53.650302231000069)","Unfall 162072 (2019) Kat:3, Licht: 0","162072","3","5","1","09","13","4","1","0","0","1","0","0"
"POINT (9.963024343000029 53.569647526000040)","Unfall 162073 (2019) Kat:3, Licht: 2","162073","3","6","3","10","23","5","0","2","0","1","0","0"
"POINT (10.014552318000028 53.647233180000057)","Unfall 162074 (2019) Kat:3, Licht: 0","162074","3","3","5","09","08","4","1","0","1","1","0","0"
"POINT (9.977293687000042 53.589527494000038)","Unfall 162075 (2019) Kat:3, Licht: 2","162075","3","5","1","10","17","5","1","2","0","1","0","1"
"POINT (10.053367478000041 53.584715232000065)","Unfall 162076 (2019) Kat:2, Licht: 2","162076","2","2","3","09","21","4","1","2","1","0","0","1"
"POINT (9.990359388000059 53.560136188000058)","Unfall 162077 (2019) Kat:3, Licht: 0","162077","3","7","3","10","14","5","0","0","0","1","0","0"
"POINT (10.040349079000066 53.596040271000049)","Unfall 162078 (2019) Kat:3, Licht: 0","162078","3","3","5","09","12","4","1","0","0","1","0","0"
"POINT (10.014763454000047 53.562103094000065)","Unfall 162079 (2019) Kat:3, Licht: 0","162079","3","6","2","09","16","4","1","0","0","1","0","0"
"POINT (9.956166108000048 53.549703590000036)","Unfall 162080 (2019) Kat:3, Licht: 0","162080","3","7","0","10","10","5","0","0","0","0","1","0"
"POINT (9.828647972000056 53.565538645000061)","Unfall 162081 (2019) Kat:3, Licht: 0","162081","3","6","4","09","15","4","1","0","1","1","0","0"
"POINT (9.854390138000042 53.470738201000074)","Unfall 162082 (2019) Kat:3, Licht: 1","162082","3","4","6","10","18","4","0","1","0","1","1","0"
"POINT (9.918131989000074 53.579663317000040)","Unfall 162083 (2019) Kat:3, Licht: 0","162083","3","6","2","09","16","4","1","0","0","1","0","0"
"POINT (9.993820523000068 53.440618062000055)","Unfall 162084 (2019) Kat:3, Licht: 2","162084","3","3","5","10","22","4","1","2","1","1","0","0"
"POINT (9.918882323000048 53.573650574000055)","Unfall 162085 (2019) Kat:2, Licht: 0","162085","2","3","5","09","15","4","1","0","0","1","0","0"
"POINT (9.959342963000040 53.640198298000030)","Unfall 162086 (2019) Kat:3, Licht: 0","162086","3","3","5","09","16","4","1","0","1","1","0","0"
"POINT (9.961928857000032 53.628393957000071)","Unfall 162087 (2019) Kat:3, Licht: 0","162087","3","1","0","09","15","4","1","0","0","0","0","1"
"POINT (9.956128012000022 53.568157725000049)","Unfall 162088 (2019) Kat:3, Licht: 0","162088","3","7","0","09","18","4","1","0","1","0","0","0"
"POINT (10.177576917000067 53.406181241000070)","Unfall 162089 (2019) Kat:3, Licht: 0","162089","3","4","6","10","16","4","1","0","0","1","1","0"
"POINT (10.084197537000023 53.554950975000054)","Unfall 162090 (2019) Kat:3, Licht: 0","162090","3","3","5","10","14","4","0","0","1","0","0","0"
"POINT (9.965928557000041 53.603560091000077)","Unfall 162091 (2019) Kat:3, Licht: 0","162091","3","6","2","09","17","4","1","0","0","1","0","0"
"POINT (9.947687390000056 53.583510460000070)","Unfall 162092 (2019) Kat:3, Licht: 0","162092","3","3","5","09","10","4","1","0","1","1","0","0"
"POINT (10.026345949000074 53.544169665000027)","Unfall 162093 (2019) Kat:3, Licht: 0","162093","3","2","5","10","10","4","0","0","1","1","0","0"
"POINT (10.114588563000041 53.607411141000057)","Unfall 162094 (2019) Kat:2, Licht: 2","162094","2","3","5","10","19","4","0","2","0","1","0","1"
"POINT (10.088611350000065 53.651094039000043)","Unfall 162095 (2019) Kat:3, Licht: 0","162095","3","2","5","10","14","4","0","0","0","1","0","0"
"POINT (10.095162292000055 53.682647004000046)","Unfall 162096 (2019) Kat:2, Licht: 0","162096","2","3","5","10","12","4","0","0","0","1","0","0"
"POINT (10.018255919000069 53.661442110000053)","Unfall 162097 (2019) Kat:3, Licht: 0","162097","3","3","5","10","08","4","0","0","1","1","0","0"
"POINT (10.015586061000022 53.562710707000065)","Unfall 162098 (2019) Kat:3, Licht: 2","162098","3","3","5","10","22","4","1","2","0","1","0","0"
"POINT (9.975153106000050 53.609588718000055)","Unfall 162099 (2019) Kat:3, Licht: 0","162099","3","6","3","10","15","4","0","0","1","1","0","0"
"POINT (9.972055996000051 53.582003238000027)","Unfall 162100 (2019) Kat:3, Licht: 2","162100","3","3","5","10","20","4","1","2","1","1","0","0"
"POINT (9.965518253000028 53.546395306000079)","Unfall 162101 (2019) Kat:3, Licht: 2","162101","3","7","8","10","20","4","1","2","0","1","0","0"
"POINT (9.868430797000031 53.476221115000044)","Unfall 162102 (2019) Kat:3, Licht: 0","162102","3","3","5","10","09","3","1","0","1","1","0","0"
"POINT (9.819598572000075 53.525554622000072)","Unfall 162103 (2019) Kat:3, Licht: 0","162103","3","6","4","10","16","3","1","0","0","1","0","0"
"POINT (10.021151423000049 53.550569319000033)","Unfall 162104 (2019) Kat:3, Licht: 1","162104","3","6","2","10","20","3","0","1","0","1","0","0"
"POINT (10.033202442000061 53.554501837000032)","Unfall 162105 (2019) Kat:2, Licht: 0","162105","2","3","5","10","15","3","0","0","1","0","0","0"
"POINT (10.056938295000066 53.538308595000046)","Unfall 162106 (2019) Kat:3, Licht: 0","162106","3","1","4","10","12","3","1","0","0","1","0","0"
"POINT (10.135719070000050 53.570718210000052)","Unfall 162107 (2019) Kat:3, Licht: 1","162107","3","6","2","10","06","3","0","1","1","1","0","0"
"POINT (10.156234238000025 53.614629345000026)","Unfall 162108 (2019) Kat:3, Licht: 0","162108","3","2","4","10","16","3","1","0","1","1","0","0"
"POINT (9.925264574000039 53.550074908000056)","Unfall 162109 (2019) Kat:3, Licht: 0","162109","3","3","5","09","14","4","1","0","1","1","0","0"
"POINT (9.918999443000075 53.545925393000061)","Unfall 162110 (2019) Kat:3, Licht: 0","162110","3","2","4","09","13","4","1","0","0","1","0","0"
"POINT (10.111879852000072 53.622091822000073)","Unfall 162111 (2019) Kat:3, Licht: 0","162111","3","6","2","10","13","3","0","0","0","1","0","0"
"POINT (9.996142578000047 53.546083528000054)","Unfall 162112 (2019) Kat:3, Licht: 0","162112","3","6","2","09","15","4","1","0","0","1","0","0"
"POINT (10.080008246000034 53.582277199000032)","Unfall 162113 (2019) Kat:3, Licht: 2","162113","3","3","5","10","22","3","1","2","0","1","0","0"
"POINT (10.013262369000074 53.552452103000064)","Unfall 162114 (2019) Kat:3, Licht: 0","162114","3","3","5","09","16","4","1","0","0","1","0","0"
"POINT (10.061607346000073 53.570726078000064)","Unfall 162115 (2019) Kat:3, Licht: 2","162115","3","6","2","10","06","3","1","2","0","1","0","0"
"POINT (10.125125267000044 53.668969427000036)","Unfall 162116 (2019) Kat:3, Licht: 0","162116","3","6","2","10","08","3","1","0","0","1","0","0"
"POINT (10.020061878000035 53.530657433000044)","Unfall 162117 (2019) Kat:3, Licht: 0","162117","3","6","2","09","07","4","1","0","0","1","0","0"
"POINT (10.051525049000077 53.586590159000082)","Unfall 162118 (2019) Kat:3, Licht: 1","162118","3","4","6","10","07","3","1","1","0","1","1","0"
"POINT (9.878784221000046 53.532373802000052)","Unfall 162119 (2019) Kat:3, Licht: 0","162119","3","2","3","09","12","3","0","0","1","1","0","0"
"POINT (10.024319686000069 53.565465705000065)","Unfall 162120 (2019) Kat:3, Licht: 2","162120","3","2","3","10","06","3","1","2","1","1","0","0"
"POINT (9.920658917000026 53.591144494000048)","Unfall 162121 (2019) Kat:3, Licht: 0","162121","3","2","2","10","17","3","1","0","0","1","0","0"
"POINT (10.013209822000022 53.500437426000076)","Unfall 162122 (2019) Kat:3, Licht: 2","162122","3","3","5","09","20","3","0","2","0","1","0","0"
"POINT (9.901277162000042 53.610127205000026)","Unfall 162123 (2019) Kat:3, Licht: 2","162123","3","3","3","10","07","3","1","2","1","1","0","0"
"POINT (10.080129949000025 53.516926624000064)","Unfall 162124 (2019) Kat:3, Licht: 0","162124","3","5","1","09","16","3","0","0","0","0","0","0"
"POINT (9.932682553000063 53.615642365000042)","Unfall 162125 (2019) Kat:3, Licht: 0","162125","3","1","8","10","16","3","1","0","0","1","0","0"
"POINT (9.957859966000058 53.555786268000077)","Unfall 162126 (2019) Kat:3, Licht: 0","162126","3","1","0","10","09","3","1","0","0","0","0","1"
"POINT (9.969393379000053 53.545958522000035)","Unfall 162127 (2019) Kat:1, Licht: 2","162127","1","3","5","10","05","3","1","2","1","1","0","0"
"POINT (10.082219762000022 53.577435459000071)","Unfall 162128 (2019) Kat:3, Licht: 0","162128","3","2","3","09","14","3","0","0","1","1","0","0"
"POINT (9.886510530000066 53.478084742000078)","Unfall 162129 (2019) Kat:3, Licht: 0","162129","3","3","5","10","08","2","0","0","1","1","0","0"
"POINT (10.059283851000032 53.593750192000073)","Unfall 162130 (2019) Kat:3, Licht: 0","162130","3","2","3","09","13","3","0","0","1","1","0","0"
"POINT (9.981724732000032 53.461856373000046)","Unfall 162131 (2019) Kat:3, Licht: 0","162131","3","3","5","10","15","2","0","0","1","1","0","0"
"POINT (9.988817417000064 53.507250790000057)","Unfall 162132 (2019) Kat:3, Licht: 0","162132","3","5","1","10","17","2","0","0","0","1","0","0"
"POINT (10.212256014000047 53.504038469000079)","Unfall 162133 (2019) Kat:3, Licht: 0","162133","3","3","5","10","17","2","0","0","1","1","0","0"
"POINT (10.008188023000059 53.627637546000074)","Unfall 162134 (2019) Kat:3, Licht: 0","162134","3","3","5","09","09","3","0","0","0","1","0","0"
"POINT (9.901426001000061 53.614634755000054)","Unfall 162135 (2019) Kat:3, Licht: 0","162135","3","3","5","09","12","3","0","0","0","1","0","0"
"POINT (10.174969986000065 53.485275166000065)","Unfall 162136 (2019) Kat:3, Licht: 0","162136","3","5","1","10","08","2","0","0","0","0","0","1"
"POINT (9.871364852000056 53.592376126000033)","Unfall 162137 (2019) Kat:3, Licht: 2","162137","3","5","1","09","20","3","0","2","0","1","0","0"
"POINT (10.038737898000022 53.559111028000075)","Unfall 162138 (2019) Kat:3, Licht: 0","162138","3","2","6","10","11","2","0","0","0","1","1","0"
"POINT (9.973281138000061 53.598392279000052)","Unfall 162139 (2019) Kat:3, Licht: 1","162139","3","3","5","09","18","3","0","1","1","1","0","0"
"POINT (10.147870048000073 53.595328231000053)","Unfall 162140 (2019) Kat:3, Licht: 0","162140","3","4","6","10","14","2","0","0","1","0","1","0"
"POINT (10.098909877000040 53.588821725000059)","Unfall 162141 (2019) Kat:3, Licht: 0","162141","3","2","3","10","14","2","0","0","1","1","0","0"
"POINT (9.929526826000028 53.546403677000058)","Unfall 162142 (2019) Kat:2, Licht: 2","162142","2","7","8","09","21","3","0","2","0","0","0","1"
"POINT (10.129776982000067 53.685084104000055)","Unfall 162143 (2019) Kat:3, Licht: 0","162143","3","6","2","10","09","2","0","0","0","1","0","0"
"POINT (9.943848043000060 53.556294287000071)","Unfall 162144 (2019) Kat:3, Licht: 1","162144","3","3","5","09","19","3","0","1","1","0","0","0"
"POINT (10.006424415000026 53.632326674000069)","Unfall 162145 (2019) Kat:3, Licht: 2","162145","3","7","6","10","21","2","0","2","0","1","1","0"
"POINT (10.001828226000043 53.667547364000029)","Unfall 162146 (2019) Kat:3, Licht: 0","162146","3","6","3","10","13","2","0","0","1","1","0","0"
"POINT (9.952816644000052 53.546418833000075)","Unfall 162147 (2019) Kat:3, Licht: 0","162147","3","7","0","09","14","3","0","0","0","1","0","0"
"POINT (9.934561100000053 53.551846566000052)","Unfall 162148 (2019) Kat:3, Licht: 0","162148","3","7","1","09","08","3","0","0","1","1","0","0"
"POINT (9.987619121000023 53.649429932000032)","Unfall 162149 (2019) Kat:3, Licht: 0","162149","3","6","2","10","14","2","0","0","0","1","0","0"
"POINT (9.980047568000032 53.568360590000054)","Unfall 162150 (2019) Kat:3, Licht: 0","162150","3","6","3","09","09","3","0","0","0","1","0","0"
"POINT (10.044287147000034 53.593501585000070)","Unfall 162151 (2019) Kat:3, Licht: 0","162151","3","7","4","10","13","2","0","0","0","1","0","0"
"POINT (10.001450463000026 53.505919174000041)","Unfall 162152 (2019) Kat:3, Licht: 0","162152","3","3","5","09","14","2","0","0","1","1","0","0"
"POINT (9.905002510000031 53.632037636000064)","Unfall 162153 (2019) Kat:2, Licht: 0","162153","2","2","5","10","15","2","0","0","1","1","0","0"
"POINT (10.019600920000073 53.489778690000037)","Unfall 162154 (2019) Kat:3, Licht: 0","162154","3","3","5","09","09","2","0","0","0","1","0","0"
"POINT (10.189588877000062 53.503235450000034)","Unfall 162155 (2019) Kat:2, Licht: 0","162155","2","4","6","09","15","2","0","0","0","1","1","0"
"POINT (9.977183281000066 53.577747273000057)","Unfall 162156 (2019) Kat:2, Licht: 0","162156","2","4","6","10","19","2","0","0","0","1","1","0"
"POINT (10.002389996000034 53.554838397000026)","Unfall 162157 (2019) Kat:3, Licht: 1","162157","3","6","2","10","18","2","0","1","0","1","0","0"
"POINT (10.040330215000040 53.555479212000080)","Unfall 162158 (2019) Kat:3, Licht: 0","162158","3","3","5","09","17","2","0","0","1","1","0","0"
"POINT (10.091395350000028 53.568699569000046)","Unfall 162159 (2019) Kat:3, Licht: 2","162159","3","6","2","11","19","4","1","2","0","1","0","0"
"POINT (10.002975209000056 53.659869601000082)","Unfall 162160 (2019) Kat:3, Licht: 0","162160","3","5","1","11","13","4","0","0","0","1","0","0"
"POINT (10.012829288000034 53.604636294000045)","Unfall 162161 (2019) Kat:3, Licht: 0","162161","3","5","1","11","09","4","1","0","0","1","0","1"
"POINT (9.916449447000048 53.592661386000032)","Unfall 162162 (2019) Kat:3, Licht: 2","162162","3","7","6","11","05","4","1","2","0","1","1","0"
"POINT (9.849640370000032 53.549602194000045)","Unfall 162163 (2019) Kat:3, Licht: 0","162163","3","6","2","11","08","4","1","0","0","1","0","0"
"POINT (9.922082564000050 53.638076055000056)","Unfall 162164 (2019) Kat:3, Licht: 0","162164","3","6","2","11","11","4","1","0","0","1","0","0"
"POINT (9.962121724000042 53.573644721000051)","Unfall 162165 (2019) Kat:3, Licht: 2","162165","3","3","0","11","19","4","1","2","0","1","0","1"
"POINT (9.934290425000029 53.551850328000057)","Unfall 162166 (2019) Kat:3, Licht: 0","162166","3","7","6","11","15","4","1","0","0","0","1","0"
"POINT (9.953555455000071 53.549671166000053)","Unfall 162167 (2019) Kat:3, Licht: 0","162167","3","3","6","11","15","4","0","0","0","1","1","0"
"POINT (9.943593420000070 53.556087921000028)","Unfall 162168 (2019) Kat:3, Licht: 2","162168","3","1","0","11","18","4","1","2","0","0","0","1"
"POINT (9.859520795000037 53.534735164000040)","Unfall 162169 (2019) Kat:3, Licht: 1","162169","3","4","6","11","08","3","0","1","0","1","1","0"
"POINT (9.988894036000033 53.457244880000076)","Unfall 162170 (2019) Kat:3, Licht: 2","162170","3","2","4","11","17","3","1","2","1","1","0","0"
"POINT (10.142032185000062 53.543020308000052)","Unfall 162171 (2019) Kat:3, Licht: 1","162171","3","3","6","11","18","3","1","1","0","1","1","0"
"POINT (10.039333679000038 53.557806475000064)","Unfall 162172 (2019) Kat:3, Licht: 2","162172","3","3","5","11","20","3","1","2","0","1","0","0"
"POINT (10.038354833000028 53.533754971000064)","Unfall 162173 (2019) Kat:3, Licht: 2","162173","3","5","1","11","19","3","1","2","0","1","0","0"
"POINT (10.026590098000042 53.553869935000080)","Unfall 162174 (2019) Kat:3, Licht: 0","162174","3","2","3","11","11","3","1","0","1","1","0","0"
"POINT (10.139355201000058 53.584046436000051)","Unfall 162175 (2019) Kat:2, Licht: 0","162175","2","3","5","11","14","3","1","0","0","1","0","0"
"POINT (10.087632007000025 53.576437501000044)","Unfall 162176 (2019) Kat:3, Licht: 2","162176","3","3","5","11","21","3","1","2","1","1","0","0"
"POINT (10.072407507000037 53.608722731000057)","Unfall 162177 (2019) Kat:3, Licht: 0","162177","3","3","5","11","12","3","0","0","0","1","0","0"
"POINT (10.046133899000040 53.636927157000059)","Unfall 162178 (2019) Kat:3, Licht: 2","162178","3","5","1","11","18","3","1","2","0","1","0","0"
"POINT (10.161112265000042 53.647735030000035)","Unfall 162179 (2019) Kat:2, Licht: 2","162179","2","4","6","11","19","3","1","2","0","1","1","0"
"POINT (10.000613875000056 53.621570476000045)","Unfall 162180 (2019) Kat:3, Licht: 2","162180","3","2","3","11","05","3","0","2","1","1","0","0"
"POINT (9.996864831000039 53.602041625000027)","Unfall 162181 (2019) Kat:3, Licht: 2","162181","3","2","5","11","17","3","1","2","1","1","0","0"
"POINT (10.056563279000045 53.569276434000074)","Unfall 162182 (2019) Kat:3, Licht: 1","162182","3","6","2","11","17","3","1","1","0","1","0","0"
"POINT (10.016650221000077 53.562073327000064)","Unfall 162183 (2019) Kat:3, Licht: 2","162183","3","6","1","11","18","3","1","2","0","1","0","0"
"POINT (10.019530421000070 53.566111856000077)","Unfall 162184 (2019) Kat:3, Licht: 2","162184","3","3","5","11","23","3","1","2","0","1","0","0"
"POINT (9.810436220000042 53.567644210000026)","Unfall 162185 (2019) Kat:3, Licht: 0","162185","3","7","7","11","08","3","1","0","0","0","0","0"