WKT,Name,OBJECTID,UKATEGORIE,UTYP1,UART,UMONAT,USTUNDE,UWOCHENTAG,STRZUSTAND,ULICHTVERH,ISTRAD,ISTPKW,ISTFUSS,ISTKRAD
"POINT (9.945960598000056 53.579621325000062)","Unfall 162186 (2019) Kat:3, Licht: 2","162186","3","6","2","11","19","3","1","2","1","1","0","0"
"POINT (9.963400529000069 53.569364913000072)","Unfall 162187 (2019) Kat:3, Licht: 2","162187","3","2","5","11","17","3","1","2","1","1","0","0"
"POINT (9.948345292000056 53.544427555000027)","Unfall 162188 (2019) Kat:3, Licht: 0","162188","3","7","0","11","13","3","1","0","0","0","0","1"
"POINT (9.991026266000063 53.560704233000081)","Unfall 162189 (2019) Kat:3, Licht: 2","162189","3","3","5","11","17","3","1","2","1","1","0","0"
"POINT (9.958443647000024 53.549633752000034)","Unfall 162190 (2019) Kat:2, Licht: 0","162190","2","4","6","11","12","3","0","0","0","1","1","0"
"POINT (10.121719503000065 53.534299909000026)","Unfall 162191 (2019) Kat:3, Licht: 0","162191","3","6","8","11","15","2","1","0","1","0","0","0"
"POINT (10.082423730000073 53.556869394000046)","Unfall 162192 (2019) Kat:2, Licht: 0","162192","2","7","4","11","15","2","0","0","0","1","0","0"
"POINT (10.111247606000063 53.531024695000042)","Unfall 162193 (2019) Kat:3, Licht: 0","162193","3","2","4","11","13","2","1","0","0","1","0","1"
"POINT (10.061799236000070 53.569110557000045)","Unfall 162194 (2019) Kat:3, Licht: 1","162194","3","2","5","11","16","2","0","1","1","1","0","0"
"POINT (10.074337666000076 53.593985504000045)","Unfall 162195 (2019) Kat:3, Licht: 1","162195","3","3","5","11","07","2","1","1","1","1","0","0"
"POINT (10.092743049000035 53.675047823000057)","Unfall 162196 (2019) Kat:3, Licht: 2","162196","3","6","2","11","17","2","1","2","0","1","0","0"
"POINT (10.065058193000027 53.655330905000028)","Unfall 162197 (2019) Kat:3, Licht: 0","162197","3","3","5","11","10","2","1","0","1","1","0","0"
"POINT (10.090705239000044 53.692924566000045)","Unfall 162198 (2019) Kat:3, Licht: 0","162198","3","7","6","11","08","2","1","0","0","0","1","0"
"POINT (9.995217364000041 53.619865151000056)","Unfall 162199 (2019) Kat:3, Licht: 0","162199","3","2","4","11","11","2","0","0","0","1","0","0"
"POINT (9.933770423000055 53.592512042000067)","Unfall 162200 (2019) Kat:3, Licht: 0","162200","3","2","4","11","10","2","1","0","0","1","0","0"
"POINT (9.864302764000058 53.547807226000032)","Unfall 162201 (2019) Kat:3, Licht: 2","162201","3","2","6","11","18","2","1","2","0","1","1","0"
"POINT (9.852560888000028 53.590639665000026)","Unfall 162202 (2019) Kat:3, Licht: 0","162202","3","7","0","11","07","2","1","0","0","0","1","0"
"POINT (9.902753799000038 53.557016215000033)","Unfall 162203 (2019) Kat:3, Licht: 2","162203","3","4","6","11","18","2","1","2","0","1","1","0"
"POINT (9.986718797000037 53.589183660000060)","Unfall 162204 (2019) Kat:3, Licht: 0","162204","3","7","0","11","11","2","1","0","1","1","0","0"
"POINT (9.947707129000037 53.558128983000074)","Unfall 162205 (2019) Kat:3, Licht: 0","162205","3","6","3","11","10","2","1","0","1","0","0","0"
"POINT (9.978144069000052 53.572865698000044)","Unfall 162206 (2019) Kat:3, Licht: 0","162206","3","6","1","11","10","2","1","0","0","1","0","1"
"POINT (9.994863898000062 53.548523220000050)","Unfall 162207 (2019) Kat:3, Licht: 0","162207","3","6","2","11","09","2","1","0","0","1","0","0"
"POINT (10.014219694000076 53.556373392000069)","Unfall 162208 (2019) Kat:3, Licht: 1","162208","3","4","5","11","17","2","0","1","0","1","1","0"
"POINT (9.949765591000073 53.520701449000057)","Unfall 162209 (2019) Kat:2, Licht: 0","162209","2","6","4","11","13","2","0","0","0","0","0","0"
"POINT (10.003787640000041 53.520323001000065)","Unfall 162210 (2019) Kat:3, Licht: 2","162210","3","3","5","11","22","1","0","2","1","1","0","0"
"POINT (10.078377216000035 53.550199352000050)","Unfall 162211 (2019) Kat:3, Licht: 0","162211","3","2","4","11","11","1","1","0","0","1","0","0"
"POINT (10.102234073000034 53.580141257000037)","Unfall 162212 (2019) Kat:3, Licht: 0","162212","3","2","5","11","11","1","0","0","1","1","0","0"
"POINT (10.022641775000068 53.655171553000059)","Unfall 162213 (2019) Kat:3, Licht: 0","162213","3","4","6","11","12","1","0","0","0","1","1","0"
"POINT (10.033297913000069 53.621200173000034)","Unfall 162214 (2019) Kat:2, Licht: 0","162214","2","7","5","11","15","1","0","0","1","0","1","0"
"POINT (9.880497329000036 53.614744273000042)","Unfall 162215 (2019) Kat:3, Licht: 0","162215","3","3","0","11","14","1","0","0","0","1","0","0"
"POINT (9.859049700000071 53.531503542000053)","Unfall 162216 (2019) Kat:3, Licht: 0","162216","3","3","5","11","13","7","0","0","1","1","0","0"
"POINT (9.978981273000045 53.464573146000077)","Unfall 162217 (2019) Kat:3, Licht: 2","162217","3","7","3","11","19","7","1","2","0","1","0","0"
"POINT (9.979855337000060 53.457482161000030)","Unfall 162218 (2019) Kat:3, Licht: 1","162218","3","6","2","11","16","7","1","1","0","1","0","0"
"POINT (10.181880282000066 53.492940641000075)","Unfall 162219 (2019) Kat:3, Licht: 0","162219","3","3","5","11","12","7","1","0","1","1","0","0"
"POINT (10.057630522000068 53.554145466000080)","Unfall 162220 (2019) Kat:3, Licht: 0","162220","3","2","6","11","11","7","1","0","0","1","1","0"
"POINT (10.061902910000072 53.569037588000072)","Unfall 162221 (2019) Kat:3, Licht: 0","162221","3","2","1","11","14","7","1","0","0","1","0","0"
"POINT (10.038785919000077 53.572190323000029)","Unfall 162222 (2019) Kat:2, Licht: 2","162222","2","6","2","11","19","7","1","2","0","1","0","0"
"POINT (9.918899826000029 53.634775231000049)","Unfall 162223 (2019) Kat:3, Licht: 0","162223","3","4","6","11","08","7","0","0","0","1","1","0"
"POINT (9.993620066000062 53.577548757000045)","Unfall 162224 (2019) Kat:2, Licht: 1","162224","2","3","5","11","16","7","1","1","0","1","0","1"
"POINT (10.008352827000067 53.550536316000034)","Unfall 162225 (2019) Kat:3, Licht: 0","162225","3","2","1","11","14","7","1","0","0","1","0","0"
"POINT (10.015062606000072 53.522707078000053)","Unfall 162226 (2019) Kat:3, Licht: 2","162226","3","3","6","11","21","6","1","2","0","1","1","0"
"POINT (10.071111545000065 53.558998437000071)","Unfall 162227 (2019) Kat:3, Licht: 2","162227","3","6","2","11","19","6","1","2","0","1","0","0"
"POINT (10.055358347000038 53.560838404000037)","Unfall 162228 (2019) Kat:3, Licht: 0","162228","3","2","4","11","16","6","0","0","1","1","0","0"
"POINT (10.060956851000071 53.610797035000076)","Unfall 162229 (2019) Kat:3, Licht: 0","162229","3","4","6","11","15","6","1","0","0","1","1","0"
"POINT (10.084329492000052 53.623434278000047)","Unfall 162230 (2019) Kat:3, Licht: 2","162230","3","2","6","11","18","6","1","2","0","1","1","0"
"POINT (10.113131034000048 53.650978201000044)","Unfall 162231 (2019) Kat:2, Licht: 2","162231","2","5","1","11","17","6","1","2","0","1","0","0"
"POINT (9.931275727000070 53.600176804000057)","Unfall 162232 (2019) Kat:3, Licht: 2","162232","3","3","5","11","16","6","1","2","1","1","0","0"
"POINT (9.971850206000056 53.576327778000064)","Unfall 162233 (2019) Kat:3, Licht: 2","162233","3","5","1","11","19","6","0","2","1","0","0","0"
"POINT (10.006593066000050 53.550154683000073)","Unfall 162234 (2019) Kat:3, Licht: 2","162234","3","2","4","11","01","6","0","2","0","1","0","0"
"POINT (10.013343195000061 53.552660875000072)","Unfall 162235 (2019) Kat:3, Licht: 1","162235","3","2","5","11","16","6","1","1","0","1","0","0"
"POINT (10.017207252000048 53.554840924000075)","Unfall 162236 (2019) Kat:3, Licht: 0","162236","3","7","0","11","13","6","0","0","0","1","1","0"
"POINT (10.180893104000063 53.484187217000056)","Unfall 162237 (2019) Kat:3, Licht: 2","162237","3","6","0","10","20","5","0","2","1","1","0","0"
"POINT (10.208090668000068 53.481024348000062)","Unfall 162238 (2019) Kat:3, Licht: 2","162238","3","6","2","10","18","5","0","2","0","1","0","0"
"POINT (10.105911931000037 53.538297335000038)","Unfall 162239 (2019) Kat:3, Licht: 2","162239","3","7","1","10","01","5","0","2","0","1","0","0"
"POINT (10.136626723000063 53.655061770000032)","Unfall 162240 (2019) Kat:3, Licht: 2","162240","3","5","1","10","21","5","0","2","0","1","0","0"
"POINT (9.911673190000045 53.602713877000042)","Unfall 162241 (2019) Kat:3, Licht: 0","162241","3","2","6","10","11","5","0","0","0","1","1","0"
"POINT (9.950233872000069 53.558942056000035)","Unfall 162242 (2019) Kat:3, Licht: 0","162242","3","7","0","10","15","5","0","0","0","1","0","1"
"POINT (9.957011970000053 53.549892710000051)","Unfall 162243 (2019) Kat:3, Licht: 2","162243","3","6","6","10","01","5","0","2","0","1","1","0"
"POINT (9.924124848000076 53.520827057000076)","Unfall 162244 (2019) Kat:2, Licht: 2","162244","2","3","5","10","02","5","0","2","0","1","0","0"
"POINT (9.883921838000049 53.500028212000075)","Unfall 162245 (2019) Kat:3, Licht: 2","162245","3","6","4","10","17","4","0","2","0","1","0","0"
"POINT (9.904985012000054 53.482079495000050)","Unfall 162246 (2019) Kat:3, Licht: 0","162246","3","6","2","10","10","4","0","0","0","1","0","0"
"POINT (10.023826425000038 53.527740585000060)","Unfall 162247 (2019) Kat:3, Licht: 0","162247","3","6","2","10","13","4","0","0","0","1","0","0"
"POINT (9.991180392000047 53.498255299000050)","Unfall 162248 (2019) Kat:3, Licht: 0","162248","3","2","5","10","09","4","0","0","1","1","0","0"
"POINT (10.100515637000058 53.549484249000045)","Unfall 162249 (2019) Kat:2, Licht: 0","162249","2","2","6","10","09","4","0","0","0","1","1","0"
"POINT (10.078597471000023 53.550198964000060)","Unfall 162250 (2019) Kat:3, Licht: 0","162250","3","2","6","10","07","4","0","0","0","1","1","0"
"POINT (10.086718979000068 53.552107648000060)","Unfall 162251 (2019) Kat:3, Licht: 0","162251","3","7","4","10","08","4","0","0","0","1","0","0"
"POINT (10.106233198000041 53.614842525000029)","Unfall 162252 (2019) Kat:3, Licht: 1","162252","3","4","6","10","16","4","0","1","0","1","1","0"
"POINT (10.035203177000028 53.603877809000039)","Unfall 162253 (2019) Kat:3, Licht: 0","162253","3","3","5","10","15","4","0","0","1","0","0","0"
"POINT (10.019135273000074 53.566830526000047)","Unfall 162254 (2019) Kat:3, Licht: 0","162254","3","6","3","10","16","4","0","0","0","1","0","0"
"POINT (9.829914520000045 53.580361017000030)","Unfall 162255 (2019) Kat:3, Licht: 0","162255","3","4","6","10","16","4","0","0","0","1","1","0"
"POINT (9.806696287000023 53.564265300000045)","Unfall 162256 (2019) Kat:3, Licht: 0","162256","3","2","2","10","12","4","0","0","0","1","0","0"
"POINT (9.898524132000034 53.570933628000034)","Unfall 162257 (2019) Kat:2, Licht: 2","162257","2","2","4","10","19","4","0","2","0","1","0","1"
"POINT (9.959249023000041 53.595007625000051)","Unfall 162258 (2019) Kat:3, Licht: 0","162258","3","6","3","10","16","4","0","0","1","1","0","0"
"POINT (9.991141184000071 53.557845730000054)","Unfall 162259 (2019) Kat:3, Licht: 2","162259","3","6","2","10","19","4","0","2","0","1","0","0"
"POINT (10.002183148000029 53.557082597000033)","Unfall 162260 (2019) Kat:3, Licht: 2","162260","3","6","2","10","19","4","0","2","0","1","0","0"
"POINT (9.929559770000026 53.521168250000073)","Unfall 162261 (2019) Kat:3, Licht: 0","162261","3","6","2","10","17","4","0","0","0","1","0","0"
"POINT (10.171062852000034 53.513701311000034)","Unfall 162262 (2019) Kat:3, Licht: 0","162262","3","3","5","10","12","3","0","0","1","1","0","0"
"POINT (10.073664755000038 53.551759521000065)","Unfall 162263 (2019) Kat:2, Licht: 0","162263","2","3","5","10","10","3","0","0","0","1","0","0"
"POINT (10.039515051000024 53.559807207000063)","Unfall 162264 (2019) Kat:3, Licht: 2","162264","3","6","2","10","17","3","0","2","0","1","0","0"
"POINT (10.115615759000036 53.571136208000041)","Unfall 162265 (2019) Kat:3, Licht: 0","162265","3","3","5","10","08","3","1","0","1","1","0","0"
"POINT (10.075546571000075 53.613373248000073)","Unfall 162266 (2019) Kat:3, Licht: 1","162266","3","6","3","10","08","3","0","1","0","1","0","0"
"POINT (10.035948143000041 53.629168929000059)","Unfall 162267 (2019) Kat:3, Licht: 0","162267","3","6","6","10","14","3","0","0","1","0","1","0"
"POINT (10.017568419000042 53.627225365000072)","Unfall 162268 (2019) Kat:3, Licht: 0","162268","3","3","0","10","07","3","1","0","1","1","0","0"
"POINT (10.025069464000069 53.579569277000076)","Unfall 162269 (2019) Kat:3, Licht: 0","162269","3","2","6","10","13","3","0","0","0","0","1","0"
"POINT (9.896090861000062 53.610909641000035)","Unfall 162270 (2019) Kat:3, Licht: 0","162270","3","3","5","10","09","3","0","0","0","1","0","0"
"POINT (9.920397683000033 53.559933839000053)","Unfall 162271 (2019) Kat:2, Licht: 0","162271","2","4","6","10","14","3","0","0","0","0","1","0"
"POINT (9.954075901000067 53.605655676000026)","Unfall 162272 (2019) Kat:3, Licht: 0","162272","3","2","3","10","07","3","1","0","1","0","0","0"
"POINT (9.977889908000066 53.564284940000050)","Unfall 162273 (2019) Kat:3, Licht: 0","162273","3","6","0","10","15","3","0","0","0","1","0","1"
"POINT (9.951401669000063 53.450314813000034)","Unfall 162274 (2019) Kat:3, Licht: 0","162274","3","5","1","10","08","2","0","0","0","1","0","0"
"POINT (10.004080141000031 53.507974534000027)","Unfall 162275 (2019) Kat:3, Licht: 2","162275","3","2","3","10","05","2","1","2","1","1","0","0"
"POINT (10.028805463000026 53.544843581000066)","Unfall 162276 (2019) Kat:3, Licht: 0","162276","3","4","6","10","12","2","0","0","0","1","1","0"
"POINT (10.122207492000030 53.586968906000038)","Unfall 162277 (2019) Kat:2, Licht: 0","162277","2","4","6","10","06","2","1","0","1","0","1","0"
"POINT (10.094568200000026 53.563976805000038)","Unfall 162278 (2019) Kat:3, Licht: 0","162278","3","3","5","10","09","2","1","0","0","1","0","0"
"POINT (10.069525677000058 53.571753826000077)","Unfall 162279 (2019) Kat:3, Licht: 0","162279","3","7","4","10","10","2","1","0","0","1","0","0"
"POINT (10.076488292000022 53.615643290000037)","Unfall 162280 (2019) Kat:3, Licht: 0","162280","3","1","0","10","14","2","1","0","0","0","0","1"
"POINT (10.047995511000067 53.642519499000059)","Unfall 162281 (2019) Kat:2, Licht: 2","162281","2","4","6","10","18","2","1","2","0","0","1","0"
"POINT (10.143130353000060 53.674125375000074)","Unfall 162282 (2019) Kat:3, Licht: 0","162282","3","4","6","10","10","2","0","0","0","1","1","0"
"POINT (10.129426312000021 53.696268606000046)","Unfall 162283 (2019) Kat:3, Licht: 0","162283","3","6","2","10","08","2","1","0","0","1","0","0"
"POINT (10.016410953000047 53.649414972000045)","Unfall 162284 (2019) Kat:3, Licht: 0","162284","3","7","6","10","08","2","0","0","0","0","1","0"
"POINT (10.021874982000043 53.661450839000054)","Unfall 162285 (2019) Kat:3, Licht: 2","162285","3","2","0","10","17","2","0","2","0","1","0","1"
"POINT (10.002822940000044 53.587034135000067)","Unfall 162286 (2019) Kat:3, Licht: 1","162286","3","2","5","10","06","2","1","1","1","1","0","0"
"POINT (9.997484895000071 53.602131159000066)","Unfall 162287 (2019) Kat:3, Licht: 0","162287","3","6","2","10","13","2","1","0","0","1","0","0"
"POINT (10.014373925000029 53.579622924000034)","Unfall 162288 (2019) Kat:3, Licht: 0","162288","3","5","1","10","13","2","0","0","1","1","0","0"
"POINT (9.926264032000063 53.598809384000049)","Unfall 162289 (2019) Kat:3, Licht: 0","162289","3","3","5","10","06","2","1","0","1","1","0","0"
"POINT (9.889536775000067 53.601339675000077)","Unfall 162290 (2019) Kat:3, Licht: 2","162290","3","6","2","10","18","2","0","2","0","1","0","0"
"POINT (9.896983932000069 53.588901797000062)","Unfall 162291 (2019) Kat:3, Licht: 0","162291","3","2","5","10","10","2","0","0","1","1","0","0"
"POINT (9.890569958000071 53.552410500000065)","Unfall 162292 (2019) Kat:3, Licht: 0","162292","3","2","4","10","08","2","1","0","1","1","0","0"
"POINT (9.954151115000059 53.550352190000069)","Unfall 162293 (2019) Kat:3, Licht: 0","162293","3","6","6","10","10","2","0","0","1","0","1","0"
"POINT (9.995214152000074 53.564891411000076)","Unfall 162294 (2019) Kat:3, Licht: 1","162294","3","7","1","10","15","2","0","1","0","1","0","0"
"POINT (9.988859106000064 53.566351088000033)","Unfall 162295 (2019) Kat:3, Licht: 2","162295","3","2","5","10","06","2","1","2","0","1","0","1"
"POINT (9.970983017000037 53.547166090000076)","Unfall 162296 (2019) Kat:3, Licht: 0","162296","3","3","5","10","15","2","0","0","1","1","0","0"
"POINT (10.005677596000055 53.552422170000057)","Unfall 162297 (2019) Kat:3, Licht: 0","162297","3","7","1","10","16","2","1","0","1","1","0","0"
"POINT (10.011897304000058 53.557881068000029)","Unfall 162298 (2019) Kat:3, Licht: 2","162298","3","6","2","10","18","2","0","2","0","1","0","0"
"POINT (10.017531093000059 53.523911560000045)","Unfall 162299 (2019) Kat:3, Licht: 0","162299","3","4","6","10","12","1","0","0","0","1","1","0"
"POINT (10.197678109000037 53.479336225000054)","Unfall 162300 (2019) Kat:3, Licht: 0","162300","3","2","3","10","09","1","0","0","1","1","0","0"
"POINT (10.127571854000053 53.654946179000035)","Unfall 162301 (2019) Kat:3, Licht: 1","162301","3","3","5","10","17","1","0","1","1","1","0","0"
"POINT (9.906417450000049 53.614571847000036)","Unfall 162302 (2019) Kat:3, Licht: 2","162302","3","2","3","10","03","1","1","2","0","1","0","0"
"POINT (9.905628987000057 53.596024908000061)","Unfall 162303 (2019) Kat:3, Licht: 0","162303","3","7","0","10","13","1","0","0","0","0","0","0"
"POINT (9.959924504000071 53.563681387000031)","Unfall 162304 (2019) Kat:3, Licht: 0","162304","3","2","5","10","09","1","0","0","1","1","0","0"
"POINT (9.970798407000075 53.557235443000081)","Unfall 162305 (2019) Kat:3, Licht: 2","162305","3","6","4","10","21","1","0","2","0","1","0","0"
"POINT (9.960908357000051 53.563960599000040)","Unfall 162306 (2019) Kat:3, Licht: 0","162306","3","4","6","10","14","1","0","0","1","0","1","0"
"POINT (9.972785698000052 53.522471471000074)","Unfall 162307 (2019) Kat:3, Licht: 0","162307","3","7","9","10","13","1","0","0","0","1","0","0"
"POINT (9.867954548000057 53.486477653000065)","Unfall 162308 (2019) Kat:2, Licht: 2","162308","2","1","8","10","20","7","0","2","0","1","0","0"
"POINT (10.209293679000041 53.489829611000062)","Unfall 162309 (2019) Kat:3, Licht: 2","162309","3","3","6","10","01","7","0","2","1","0","1","0"
"POINT (10.094625215000065 53.529695350000054)","Unfall 162310 (2019) Kat:3, Licht: 0","162310","3","3","5","10","13","7","0","0","0","1","0","0"
"POINT (10.077920662000054 53.604133239000078)","Unfall 162311 (2019) Kat:3, Licht: 2","162311","3","1","9","10","04","7","1","2","0","1","0","0"
"POINT (10.076673239000058 53.660738087000027)","Unfall 162312 (2019) Kat:3, Licht: 0","162312","3","1","0","10","15","7","0","0","0","0","0","1"
"POINT (10.025716782000075 53.605747176000079)","Unfall 162313 (2019) Kat:3, Licht: 0","162313","3","6","1","10","13","7","0","0","0","1","0","0"
"POINT (9.997815007000042 53.588182935000077)","Unfall 162314 (2019) Kat:3, Licht: 0","162314","3","3","5","10","13","7","0","0","1","1","0","0"
"POINT (9.878944287000024 53.585816413000032)","Unfall 162315 (2019) Kat:3, Licht: 2","162315","3","6","2","10","02","7","0","2","1","1","0","0"
"POINT (9.966994887000055 53.582543034000082)","Unfall 162316 (2019) Kat:2, Licht: 0","162316","2","3","5","10","10","7","0","0","1","1","0","0"
"POINT (9.929549766000037 53.556509772000027)","Unfall 162317 (2019) Kat:3, Licht: 2","162317","3","2","5","10","17","7","0","2","0","1","0","0"
"POINT (9.965419654000073 53.563755375000028)","Unfall 162318 (2019) Kat:3, Licht: 1","162318","3","5","3","10","18","7","0","1","1","1","0","0"
"POINT (9.996799486000043 53.557022704000076)","Unfall 162319 (2019) Kat:3, Licht: 0","162319","3","6","2","10","12","7","0","0","0","1","0","0"
"POINT (10.016422878000071 53.555457729000068)","Unfall 162320 (2019) Kat:3, Licht: 0","162320","3","3","5","10","09","7","0","0","0","1","0","0"
"POINT (10.019725928000071 53.551790561000075)","Unfall 162321 (2019) Kat:3, Licht: 2","162321","3","5","1","10","02","7","1","2","0","1","0","0"
"POINT (9.854390138000042 53.470738201000074)","Unfall 162322 (2019) Kat:3, Licht: 0","162322","3","3","5","10","13","6","0","0","1","1","0","0"
"POINT (9.948342070000024 53.458035135000046)","Unfall 162323 (2019) Kat:3, Licht: 1","162323","3","5","1","10","07","6","1","1","1","1","0","0"
"POINT (10.200732376000076 53.483488141000066)","Unfall 162324 (2019) Kat:3, Licht: 1","162324","3","3","5","10","16","6","0","1","0","1","0","0"
"POINT (10.014556420000076 53.548125522000078)","Unfall 162325 (2019) Kat:3, Licht: 2","162325","3","6","3","10","20","6","0","2","1","0","0","0"
"POINT (10.041739549000056 53.549733999000068)","Unfall 162326 (2019) Kat:2, Licht: 1","162326","2","3","5","10","17","6","0","1","0","1","0","0"
"POINT (10.113448851000044 53.616360291000035)","Unfall 162327 (2019) Kat:3, Licht: 0","162327","3","2","5","10","13","6","0","0","1","1","0","0"
"POINT (10.093221277000055 53.573181766000062)","Unfall 162328 (2019) Kat:3, Licht: 0","162328","3","3","5","10","16","6","0","0","1","1","0","0"
"POINT (10.080794556000058 53.581018467000035)","Unfall 162329 (2019) Kat:3, Licht: 0","162329","3","3","5","10","12","6","0","0","1","0","0","0"
"POINT (10.068903611000053 53.601506833000030)","Unfall 162330 (2019) Kat:3, Licht: 0","162330","3","6","2","10","14","6","0","0","0","1","0","0"
"POINT (10.052370118000056 53.608509870000034)","Unfall 162331 (2019) Kat:3, Licht: 0","162331","3","6","2","10","13","6","0","0","0","1","0","0"
"POINT (10.024039045000052 53.665064571000073)","Unfall 162332 (2019) Kat:3, Licht: 0","162332","3","3","5","10","09","6","0","0","1","1","0","0"
"POINT (10.033436162000044 53.674165611000035)","Unfall 162333 (2019) Kat:3, Licht: 0","162333","3","3","5","10","17","6","0","0","0","1","0","0"
"POINT (10.036353243000065 53.571271865000028)","Unfall 162334 (2019) Kat:2, Licht: 0","162334","2","5","1","10","09","6","1","0","0","1","0","1"
"POINT (9.862629189000074 53.569997410000042)","Unfall 162335 (2019) Kat:3, Licht: 0","162335","3","7","6","10","10","6","0","0","0","1","1","0"
"POINT (9.901464509000050 53.564852276000067)","Unfall 162336 (2019) Kat:3, Licht: 0","162336","3","2","4","10","13","6","0","0","0","1","0","0"
"POINT (9.905382240000051 53.596036100000049)","Unfall 162337 (2019) Kat:3, Licht: 1","162337","3","2","4","10","07","6","1","1","1","1","0","0"
"POINT (9.878699204000043 53.568011823000063)","Unfall 162338 (2019) Kat:3, Licht: 0","162338","3","3","6","10","12","6","0","0","0","1","1","0"
"POINT (9.988138692000064 53.555497419000062)","Unfall 162339 (2019) Kat:3, Licht: 2","162339","3","7","0","10","18","6","0","2","0","1","1","0"
"POINT (10.055232067000077 53.560957544000075)","Unfall 162340 (2019) Kat:3, Licht: 1","162340","3","2","2","10","18","5","0","1","0","1","0","0"
"POINT (10.184042310000052 53.657893650000062)","Unfall 162341 (2019) Kat:2, Licht: 1","162341","2","3","5","10","18","5","0","1","0","1","0","0"
"POINT (10.132288357000050 53.697468203000028)","Unfall 162342 (2019) Kat:2, Licht: 1","162342","2","1","8","10","07","5","0","1","1","1","0","0"
"POINT (10.122181374000036 53.672773965000033)","Unfall 162343 (2019) Kat:3, Licht: 0","162343","3","3","5","10","13","5","0","0","1","1","0","0"
"POINT (9.947674924000069 53.549216838000063)","Unfall 162344 (2019) Kat:3, Licht: 2","162344","3","6","2","11","18","3","1","2","0","1","0","0"
"POINT (10.011475303000054 53.649172359000033)","Unfall 162345 (2019) Kat:3, Licht: 0","162345","3","3","5","10","13","5","0","0","1","1","0","0"
"POINT (9.991256170000042 53.560850244000051)","Unfall 162346 (2019) Kat:3, Licht: 0","162346","3","2","2","11","10","3","0","0","0","1","0","1"
"POINT (9.986623833000067 53.555650381000078)","Unfall 162347 (2019) Kat:3, Licht: 0","162347","3","6","3","11","12","3","0","0","0","1","0","1"
"POINT (9.757667907000041 53.583484301000055)","Unfall 162348 (2019) Kat:3, Licht: 0","162348","3","2","5","10","07","5","0","0","1","0","0","0"
"POINT (9.989450977000047 53.563849693000066)","Unfall 162349 (2019) Kat:3, Licht: 2","162349","3","3","5","10","21","5","0","2","0","1","0","0"
"POINT (10.010013599000047 53.552080394000029)","Unfall 162350 (2019) Kat:3, Licht: 0","162350","3","4","6","11","10","3","0","0","0","0","1","0"
"POINT (9.994571254000050 53.557488142000068)","Unfall 162351 (2019) Kat:3, Licht: 0","162351","3","6","2","10","17","5","0","0","0","1","0","0"
"POINT (9.920998853000071 53.515399756000079)","Unfall 162352 (2019) Kat:3, Licht: 0","162352","3","6","3","11","15","3","0","0","0","1","0","0"
"POINT (10.005883870000048 53.551969403000044)","Unfall 162353 (2019) Kat:3, Licht: 0","162353","3","3","5","10","16","5","0","0","1","0","0","0"
"POINT (9.989635085000032 53.544721924000044)","Unfall 162354 (2019) Kat:3, Licht: 1","162354","3","2","3","10","07","5","1","1","1","0","0","0"
"POINT (9.860539837000033 53.531679174000033)","Unfall 162355 (2019) Kat:3, Licht: 0","162355","3","3","5","11","15","2","0","0","0","1","0","0"
"POINT (9.938643210000066 53.471041371000069)","Unfall 162356 (2019) Kat:3, Licht: 2","162356","3","2","5","11","19","2","0","2","0","1","0","0"
"POINT (10.008669415000043 53.550377677000029)","Unfall 162357 (2019) Kat:3, Licht: 0","162357","3","3","5","10","11","5","0","0","1","1","0","0"
"POINT (9.921659801000033 53.520885134000082)","Unfall 162358 (2019) Kat:3, Licht: 0","162358","3","6","2","10","16","5","0","0","0","0","0","0"
"POINT (10.085448148000069 53.488045953000039)","Unfall 162359 (2019) Kat:2, Licht: 2","162359","2","2","5","11","06","2","0","2","1","1","0","0"
"POINT (9.859063823000042 53.534634374000063)","Unfall 162360 (2019) Kat:3, Licht: 0","162360","3","3","5","10","09","4","0","0","1","1","0","0"
"POINT (10.039019746000065 53.559553528000038)","Unfall 162361 (2019) Kat:3, Licht: 0","162361","3","6","2","11","11","2","0","0","0","1","0","0"
"POINT (9.982572027000060 53.451709538000046)","Unfall 162362 (2019) Kat:3, Licht: 0","162362","3","2","4","10","07","4","0","0","1","1","0","0"
"POINT (10.003535531000068 53.502166874000068)","Unfall 162363 (2019) Kat:3, Licht: 0","162363","3","6","2","10","15","4","0","0","0","1","0","0"
"POINT (10.041670396000029 53.551003227000081)","Unfall 162364 (2019) Kat:3, Licht: 1","162364","3","2","3","11","07","2","0","1","1","1","0","0"
"POINT (10.153345700000045 53.614964380000060)","Unfall 162365 (2019) Kat:3, Licht: 0","162365","3","6","2","11","09","2","0","0","0","1","0","0"
"POINT (10.020428276000075 53.528304486000081)","Unfall 162366 (2019) Kat:3, Licht: 0","162366","3","6","4","10","08","4","1","0","1","1","0","0"
"POINT (10.067630000000065 53.582554284000082)","Unfall 162367 (2019) Kat:3, Licht: 2","162367","3","4","6","11","20","2","0","2","0","1","1","0"
"POINT (10.211281779000046 53.488624940000079)","Unfall 162368 (2019) Kat:3, Licht: 2","162368","3","4","6","10","18","4","0","2","0","1","1","0"
"POINT (10.033124558000054 53.573840843000028)","Unfall 162369 (2019) Kat:3, Licht: 0","162369","3","3","5","11","14","2","0","0","0","1","0","0"
"POINT (10.080354842000077 53.557345262000069)","Unfall 162370 (2019) Kat:3, Licht: 0","162370","3","7","6","10","12","4","0","0","0","1","1","0"