WKT,Name,OBJECTID,UKATEGORIE,UTYP1,UART,UMONAT,USTUNDE,UWOCHENTAG,STRZUSTAND,ULICHTVERH,ISTRAD,ISTPKW,ISTFUSS,ISTKRAD
"POINT (10.133662265000055 53.595176956000046)","Unfall 162371 (2019) Kat:3, Licht: 1","162371","3","3","0","10","08","4","1","1","1","1","0","0"
"POINT (9.885337476000075 53.604079105000039)","Unfall 162372 (2019) Kat:3, Licht: 0","162372","3","7","0","11","09","2","1","0","1","0","0","0"
"POINT (10.123544346000074 53.699357975000055)","Unfall 162373 (2019) Kat:2, Licht: 0","162373","2","7","8","10","15","4","0","0","0","1","0","0"
"POINT (9.958359123000037 53.580645166000068)","Unfall 162374 (2019) Kat:3, Licht: 0","162374","3","6","3","11","12","2","0","0","1","0","0","0"
"POINT (9.994162433000042 53.601725207000072)","Unfall 162375 (2019) Kat:3, Licht: 2","162375","3","3","5","10","06","4","0","2","1","1","0","0"
"POINT (10.024550821000048 53.568882591000033)","Unfall 162376 (2019) Kat:2, Licht: 2","162376","2","6","4","10","18","4","0","2","1","0","0","0"
"POINT (9.931773034000059 53.553392650000035)","Unfall 162377 (2019) Kat:3, Licht: 2","162377","3","6","3","11","06","2","0","2","1","0","0","0"
"POINT (10.037636753000072 53.600345290000064)","Unfall 162378 (2019) Kat:3, Licht: 1","162378","3","1","0","10","07","4","0","1","1","0","0","0"
"POINT (9.988455071000033 53.562141186000076)","Unfall 162379 (2019) Kat:3, Licht: 0","162379","3","6","2","11","15","2","0","0","0","1","0","0"
"POINT (10.047028240000031 53.573053529000049)","Unfall 162380 (2019) Kat:3, Licht: 0","162380","3","3","5","10","08","4","0","0","1","1","0","0"
"POINT (9.906811620000042 53.616304359000026)","Unfall 162381 (2019) Kat:3, Licht: 2","162381","3","2","5","10","19","4","0","2","1","1","0","0"
"POINT (9.791770062000069 53.559349172000054)","Unfall 162382 (2019) Kat:3, Licht: 0","162382","3","5","1","10","16","4","0","0","1","1","0","0"
"POINT (9.999351702000070 53.552168612000060)","Unfall 162383 (2019) Kat:3, Licht: 0","162383","3","3","5","11","12","2","0","0","1","1","0","0"
"POINT (9.775793232000069 53.576421818000028)","Unfall 162384 (2019) Kat:2, Licht: 0","162384","2","6","4","10","12","4","0","0","0","1","0","0"
"POINT (9.949550910000028 53.462728736000031)","Unfall 162385 (2019) Kat:3, Licht: 0","162385","3","3","5","11","13","1","0","0","0","1","0","0"
"POINT (9.987143356000047 53.590266879000069)","Unfall 162386 (2019) Kat:3, Licht: 0","162386","3","2","3","10","16","4","0","0","1","0","0","0"
"POINT (9.951675511000076 53.458553723000080)","Unfall 162387 (2019) Kat:3, Licht: 0","162387","3","7","1","11","13","1","0","0","0","1","0","0"
"POINT (9.985902623000072 53.592586090000054)","Unfall 162388 (2019) Kat:3, Licht: 0","162388","3","6","0","10","10","4","0","0","0","1","0","0"
"POINT (9.964165606000051 53.558852785000056)","Unfall 162389 (2019) Kat:3, Licht: 0","162389","3","5","1","10","09","4","0","0","1","1","0","0"
"POINT (10.100666585000056 53.584489684000062)","Unfall 162390 (2019) Kat:3, Licht: 1","162390","3","3","5","11","16","1","0","1","1","1","0","0"
"POINT (9.965634952000073 53.561546550000060)","Unfall 162391 (2019) Kat:3, Licht: 0","162391","3","7","6","10","11","4","0","0","0","1","1","0"
"POINT (10.020845581000060 53.633673711000029)","Unfall 162392 (2019) Kat:3, Licht: 0","162392","3","7","1","11","08","1","1","0","0","1","0","0"
"POINT (9.988941293000039 53.558309260000044)","Unfall 162393 (2019) Kat:3, Licht: 0","162393","3","2","3","10","10","4","0","0","1","1","0","0"
"POINT (10.048640033000027 53.585034212000039)","Unfall 162394 (2019) Kat:3, Licht: 0","162394","3","6","2","11","15","1","0","0","1","0","0","0"
"POINT (10.017519212000025 53.486328793000041)","Unfall 162395 (2019) Kat:3, Licht: 0","162395","3","6","1","10","10","3","0","0","0","1","0","0"
"POINT (10.201044604000060 53.512367167000036)","Unfall 162396 (2019) Kat:3, Licht: 0","162396","3","3","5","10","15","3","0","0","0","1","0","0"
"POINT (9.848068467000076 53.594389893000027)","Unfall 162397 (2019) Kat:3, Licht: 2","162397","3","1","8","11","00","1","1","2","0","1","0","0"
"POINT (10.100916715000039 53.540605177000032)","Unfall 162398 (2019) Kat:3, Licht: 0","162398","3","6","3","10","15","3","0","0","0","1","0","0"
"POINT (9.936328746000072 53.454886107000050)","Unfall 162399 (2019) Kat:3, Licht: 0","162399","3","3","5","11","11","7","0","0","1","1","0","0"
"POINT (10.050812009000026 53.561137968000082)","Unfall 162400 (2019) Kat:3, Licht: 0","162400","3","7","0","10","08","3","1","0","1","0","0","0"
"POINT (10.104377176000071 53.573568654000042)","Unfall 162401 (2019) Kat:3, Licht: 0","162401","3","3","6","10","16","3","0","0","1","0","1","0"
"POINT (10.210726643000044 53.509009982000066)","Unfall 162402 (2019) Kat:2, Licht: 0","162402","2","4","6","11","09","7","1","0","0","1","1","0"
"POINT (10.062458728000024 53.601283251000041)","Unfall 162403 (2019) Kat:3, Licht: 2","162403","3","2","2","10","19","3","1","2","0","1","0","0"
"POINT (10.036535843000024 53.541287541000031)","Unfall 162404 (2019) Kat:3, Licht: 0","162404","3","7","0","11","11","7","1","0","1","1","0","0"
"POINT (10.080633110000065 53.618984029000046)","Unfall 162405 (2019) Kat:3, Licht: 2","162405","3","7","0","10","04","3","1","2","0","1","0","0"
"POINT (10.014702033000049 53.637581959000045)","Unfall 162406 (2019) Kat:3, Licht: 0","162406","3","2","0","10","11","3","1","0","1","1","0","0"
"POINT (9.993999465000059 53.599236653000048)","Unfall 162407 (2019) Kat:3, Licht: 2","162407","3","2","0","10","18","3","1","2","1","0","0","0"
"POINT (10.156565490000048 53.612646125000026)","Unfall 162408 (2019) Kat:3, Licht: 0","162408","3","6","2","11","12","7","1","0","1","0","0","0"
"POINT (10.053944499000067 53.568858130000081)","Unfall 162409 (2019) Kat:2, Licht: 0","162409","2","3","5","10","14","3","0","0","1","1","0","0"
"POINT (10.091406439000025 53.595273720000080)","Unfall 162410 (2019) Kat:3, Licht: 0","162410","3","4","6","11","11","7","0","0","0","1","1","0"
"POINT (10.023436640000057 53.558595532000027)","Unfall 162411 (2019) Kat:3, Licht: 0","162411","3","3","5","10","12","3","0","0","0","1","0","0"
"POINT (10.017365238000025 53.634379903000081)","Unfall 162412 (2019) Kat:3, Licht: 2","162412","3","1","8","11","22","7","1","2","0","1","0","0"
"POINT (10.056464711000046 53.569411182000067)","Unfall 162413 (2019) Kat:3, Licht: 2","162413","3","2","3","10","06","3","1","2","1","1","0","0"
"POINT (10.021366957000055 53.577910339000027)","Unfall 162414 (2019) Kat:3, Licht: 0","162414","3","3","6","10","10","3","0","0","1","0","1","0"
"POINT (9.989883977000034 53.561491526000054)","Unfall 162415 (2019) Kat:3, Licht: 2","162415","3","3","5","11","20","7","0","2","0","1","0","0"
"POINT (9.872593601000062 53.581769372000053)","Unfall 162416 (2019) Kat:3, Licht: 0","162416","3","3","5","10","16","3","0","0","1","0","0","0"
"POINT (9.963060414000040 53.548612354000056)","Unfall 162417 (2019) Kat:3, Licht: 2","162417","3","7","1","11","21","7","0","2","1","1","0","0"
"POINT (9.982580806000044 53.585691900000029)","Unfall 162418 (2019) Kat:3, Licht: 0","162418","3","3","5","10","09","3","0","0","0","1","0","0"
"POINT (9.987478120000048 53.590652500000033)","Unfall 162419 (2019) Kat:3, Licht: 0","162419","3","6","3","10","12","3","0","0","1","1","0","0"
"POINT (9.956988617000036 53.549895096000057)","Unfall 162420 (2019) Kat:3, Licht: 2","162420","3","6","6","11","02","7","0","2","0","1","1","0"
"POINT (9.950629176000064 53.468939987000056)","Unfall 162421 (2019) Kat:3, Licht: 2","162421","3","6","1","11","18","6","0","2","0","1","0","0"
"POINT (9.968797268000060 53.546050386000047)","Unfall 162422 (2019) Kat:3, Licht: 0","162422","3","3","6","10","14","3","0","0","1","0","1","0"
"POINT (9.946972516000074 53.455005483000036)","Unfall 162423 (2019) Kat:3, Licht: 2","162423","3","2","6","11","06","6","0","2","0","1","1","0"
"POINT (9.991884620000064 53.555643720000035)","Unfall 162424 (2019) Kat:3, Licht: 0","162424","3","5","1","10","13","3","0","0","1","1","0","0"
"POINT (10.013237528000047 53.561053501000060)","Unfall 162425 (2019) Kat:3, Licht: 0","162425","3","6","4","10","08","3","1","0","1","0","0","0"
"POINT (9.967788513000073 53.440298751000057)","Unfall 162426 (2019) Kat:3, Licht: 2","162426","3","3","5","11","05","6","1","2","0","1","0","0"
"POINT (9.973213579000060 53.456170136000026)","Unfall 162427 (2019) Kat:3, Licht: 0","162427","3","3","5","11","07","6","1","0","1","1","0","0"
"POINT (9.774705152000024 53.540615725000066)","Unfall 162428 (2019) Kat:3, Licht: 2","162428","3","3","5","10","06","2","1","2","0","1","0","0"
"POINT (10.191658227000062 53.495936371000028)","Unfall 162429 (2019) Kat:3, Licht: 2","162429","3","3","5","11","16","6","0","2","1","1","0","0"
"POINT (10.093159682000021 53.514712466000049)","Unfall 162430 (2019) Kat:3, Licht: 2","162430","3","6","3","10","05","2","1","2","0","1","0","0"
"POINT (10.108646572000055 53.560310437000055)","Unfall 162431 (2019) Kat:3, Licht: 2","162431","3","4","6","10","21","2","1","2","0","1","1","0"
"POINT (10.068777377000060 53.559547346000045)","Unfall 162432 (2019) Kat:3, Licht: 0","162432","3","3","5","11","08","6","1","0","1","1","0","0"
"POINT (10.045886623000058 53.534601903000066)","Unfall 162433 (2019) Kat:3, Licht: 0","162433","3","4","0","11","12","6","1","0","1","0","1","0"
"POINT (10.129781121000065 53.538934256000061)","Unfall 162434 (2019) Kat:3, Licht: 1","162434","3","3","5","10","18","2","1","1","1","1","0","0"
"POINT (10.113949985000033 53.601043214000072)","Unfall 162435 (2019) Kat:3, Licht: 0","162435","3","3","5","11","12","6","0","0","1","1","0","0"
"POINT (10.111215933000040 53.531066780000060)","Unfall 162436 (2019) Kat:3, Licht: 2","162436","3","3","5","10","05","2","1","2","0","1","0","0"
"POINT (10.069798736000052 53.579494330000045)","Unfall 162437 (2019) Kat:3, Licht: 2","162437","3","2","5","11","23","6","0","2","0","1","0","0"
"POINT (10.128161139000042 53.529589398000041)","Unfall 162438 (2019) Kat:3, Licht: 0","162438","3","4","6","10","09","2","1","0","0","1","1","0"
"POINT (10.124807180000062 53.586289500000078)","Unfall 162439 (2019) Kat:3, Licht: 0","162439","3","2","6","10","07","2","1","0","0","0","1","0"
"POINT (10.166304794000041 53.651963531000035)","Unfall 162440 (2019) Kat:3, Licht: 1","162440","3","1","4","11","16","6","0","1","0","1","0","0"
"POINT (10.154531050000060 53.639305365000041)","Unfall 162441 (2019) Kat:3, Licht: 0","162441","3","3","5","10","09","2","1","0","0","1","0","0"
"POINT (9.994885187000023 53.658734217000074)","Unfall 162442 (2019) Kat:3, Licht: 0","162442","3","7","0","11","11","6","1","0","0","0","0","1"
"POINT (10.031994470000029 53.594499113000040)","Unfall 162443 (2019) Kat:3, Licht: 0","162443","3","7","0","10","09","2","1","0","0","0","0","1"
"POINT (9.880743007000035 53.584040630000061)","Unfall 162444 (2019) Kat:3, Licht: 2","162444","3","3","5","10","19","2","0","2","1","1","0","0"
"POINT (10.034649411000032 53.574695767000037)","Unfall 162445 (2019) Kat:3, Licht: 2","162445","3","6","2","11","17","6","0","2","0","1","0","0"
"POINT (10.026711060000025 53.566962242000045)","Unfall 162446 (2019) Kat:3, Licht: 0","162446","3","6","4","11","10","6","1","0","0","1","0","0"
"POINT (9.912445241000057 53.554057004000072)","Unfall 162447 (2019) Kat:3, Licht: 0","162447","3","3","5","10","12","2","1","0","1","1","0","0"
"POINT (9.853470176000030 53.579662161000044)","Unfall 162448 (2019) Kat:2, Licht: 1","162448","2","3","5","11","16","6","0","1","1","1","0","0"
"POINT (9.911636006000038 53.557820019000076)","Unfall 162449 (2019) Kat:3, Licht: 0","162449","3","7","3","10","09","2","0","0","1","1","0","0"
"POINT (9.888383449000060 53.558150401000034)","Unfall 162450 (2019) Kat:3, Licht: 1","162450","3","7","0","11","16","6","0","1","1","0","0","0"
"POINT (9.957448340000042 53.599126661000071)","Unfall 162451 (2019) Kat:3, Licht: 0","162451","3","6","2","10","15","2","0","0","0","1","0","0"
"POINT (9.904060776000051 53.592404326000064)","Unfall 162452 (2019) Kat:3, Licht: 0","162452","3","6","2","11","12","6","0","0","0","1","0","0"
"POINT (9.987954357000035 53.596431521000056)","Unfall 162453 (2019) Kat:3, Licht: 0","162453","3","3","5","11","08","6","1","0","1","1","0","0"
"POINT (9.979427477000058 53.606864406000057)","Unfall 162454 (2019) Kat:3, Licht: 2","162454","3","4","6","10","06","2","1","2","0","1","1","0"
"POINT (9.973345115000029 53.545449122000036)","Unfall 162455 (2019) Kat:3, Licht: 2","162455","3","3","5","11","18","6","0","2","1","1","0","0"
"POINT (9.951920172000030 53.559711966000066)","Unfall 162456 (2019) Kat:3, Licht: 2","162456","3","6","2","10","18","2","1","2","1","1","0","0"
"POINT (10.003862822000031 53.540971338000077)","Unfall 162457 (2019) Kat:3, Licht: 0","162457","3","3","5","11","14","6","1","0","1","1","0","0"
"POINT (9.928438031000042 53.553924629000051)","Unfall 162458 (2019) Kat:3, Licht: 0","162458","3","3","5","10","18","2","0","0","1","1","0","0"
"POINT (9.924172912000074 53.521108833000028)","Unfall 162459 (2019) Kat:3, Licht: 2","162459","3","6","2","11","19","6","0","2","0","1","0","0"
"POINT (9.993669596000075 53.500255372000026)","Unfall 162460 (2019) Kat:3, Licht: 2","162460","3","2","6","11","16","5","1","2","0","0","1","0"
"POINT (10.233468113000072 53.476265660000081)","Unfall 162461 (2019) Kat:3, Licht: 2","162461","3","5","0","11","18","5","1","2","0","1","0","0"
"POINT (10.055976978000047 53.483762001000059)","Unfall 162462 (2019) Kat:2, Licht: 0","162462","2","4","6","11","14","5","0","0","0","1","1","0"
"POINT (9.948128786000041 53.560484542000040)","Unfall 162463 (2019) Kat:3, Licht: 0","162463","3","6","3","10","13","2","0","0","0","0","0","0"
"POINT (9.994688258000053 53.581456910000043)","Unfall 162464 (2019) Kat:3, Licht: 0","162464","3","6","3","10","09","2","1","0","0","0","0","0"
"POINT (10.108654253000054 53.562970666000069)","Unfall 162465 (2019) Kat:3, Licht: 2","162465","3","4","6","11","20","5","1","2","0","1","1","0"
"POINT (10.091130559000021 53.514606327000081)","Unfall 162466 (2019) Kat:3, Licht: 2","162466","3","4","6","11","18","5","1","2","0","1","1","0"
"POINT (10.021127542000045 53.545038607000038)","Unfall 162467 (2019) Kat:3, Licht: 2","162467","3","6","2","10","18","1","1","2","0","1","0","0"
"POINT (10.053366448000077 53.561062576000040)","Unfall 162468 (2019) Kat:3, Licht: 0","162468","3","2","0","10","14","1","1","0","1","1","0","0"
"POINT (10.025861369000040 53.551326054000072)","Unfall 162469 (2019) Kat:3, Licht: 0","162469","3","3","5","10","09","1","1","0","1","1","0","0"
"POINT (10.086907204000056 53.586513805000038)","Unfall 162470 (2019) Kat:2, Licht: 2","162470","2","3","5","10","22","1","1","2","1","1","0","0"
"POINT (10.072171301000026 53.608711167000081)","Unfall 162471 (2019) Kat:2, Licht: 2","162471","2","2","6","10","21","1","1","2","0","1","1","0"
"POINT (9.988031138000054 53.649447180000038)","Unfall 162472 (2019) Kat:3, Licht: 2","162472","3","6","2","10","17","1","1","2","0","1","0","0"
"POINT (10.040681087000053 53.566717388000029)","Unfall 162473 (2019) Kat:3, Licht: 2","162473","3","3","5","10","21","1","1","2","1","1","0","0"
"POINT (9.900050022000073 53.610796461000064)","Unfall 162474 (2019) Kat:3, Licht: 1","162474","3","3","5","10","17","1","1","1","0","1","0","0"
"POINT (9.916769527000042 53.545985096000038)","Unfall 162475 (2019) Kat:3, Licht: 0","162475","3","6","2","10","13","1","1","0","0","1","0","0"
"POINT (9.943523789000039 53.593300276000036)","Unfall 162476 (2019) Kat:3, Licht: 2","162476","3","2","6","10","18","1","1","2","0","1","1","0"
"POINT (9.964698659000021 53.512425640000060)","Unfall 162477 (2019) Kat:3, Licht: 0","162477","3","1","0","10","17","1","1","0","1","0","0","0"
"POINT (10.195992220000051 53.476319226000044)","Unfall 162478 (2019) Kat:3, Licht: 2","162478","3","3","5","10","01","7","0","2","0","1","0","0"
"POINT (10.057511293000061 53.554885823000063)","Unfall 162479 (2019) Kat:3, Licht: 0","162479","3","2","4","10","14","7","1","0","0","1","0","1"
"POINT (10.120394219000048 53.607196591000047)","Unfall 162480 (2019) Kat:2, Licht: 0","162480","2","6","2","10","12","7","0","0","0","1","0","0"
"POINT (10.117437616000075 53.649365329000034)","Unfall 162481 (2019) Kat:3, Licht: 0","162481","3","3","5","10","10","7","0","0","0","1","0","0"
"POINT (9.943004749000068 53.593362256000034)","Unfall 162482 (2019) Kat:3, Licht: 0","162482","3","1","0","10","17","7","1","0","0","0","0","1"
"POINT (10.125389333000044 53.584452316000068)","Unfall 162483 (2019) Kat:3, Licht: 2","162483","3","6","2","11","19","5","1","2","0","1","0","0"
"POINT (10.057407450000028 53.608419429000037)","Unfall 162484 (2019) Kat:3, Licht: 2","162484","3","2","5","11","19","5","1","2","1","1","0","0"
"POINT (9.889954096000054 53.601597411000057)","Unfall 162485 (2019) Kat:3, Licht: 0","162485","3","3","5","10","16","7","0","0","1","1","0","0"
"POINT (10.073467692000065 53.656777462000036)","Unfall 162486 (2019) Kat:3, Licht: 0","162486","3","6","3","11","08","5","0","0","1","1","0","0"
"POINT (9.963708345000043 53.551108060000047)","Unfall 162487 (2019) Kat:3, Licht: 2","162487","3","6","2","10","22","7","0","2","0","1","0","0"
"POINT (10.088035072000025 53.656006971000068)","Unfall 162488 (2019) Kat:3, Licht: 2","162488","3","7","4","11","18","5","1","2","0","1","0","0"
"POINT (9.960108182000056 53.549437903000069)","Unfall 162489 (2019) Kat:3, Licht: 0","162489","3","7","5","10","14","7","1","0","1","1","0","0"
"POINT (9.984368486000051 53.557789382000067)","Unfall 162490 (2019) Kat:3, Licht: 2","162490","3","6","2","10","23","7","1","2","0","1","0","0"
"POINT (10.051397181000027 53.644454776000032)","Unfall 162491 (2019) Kat:3, Licht: 0","162491","3","7","6","11","15","5","0","0","1","0","1","0"
"POINT (10.003836570000033 53.553812893000043)","Unfall 162492 (2019) Kat:3, Licht: 1","162492","3","3","5","10","20","7","1","1","0","1","0","1"
"POINT (10.013948938000055 53.623596820000046)","Unfall 162493 (2019) Kat:3, Licht: 1","162493","3","3","5","11","07","5","0","1","1","1","0","0"
"POINT (10.000384062000023 53.552665370000057)","Unfall 162494 (2019) Kat:3, Licht: 0","162494","3","7","6","10","15","7","1","0","0","0","1","0"
"POINT (9.955291488000057 53.463809742000080)","Unfall 162495 (2019) Kat:3, Licht: 2","162495","3","6","2","10","19","6","1","2","0","1","0","0"
"POINT (9.998896301000059 53.619407519000049)","Unfall 162496 (2019) Kat:3, Licht: 1","162496","3","3","4","11","16","5","0","1","0","1","0","1"
"POINT (10.117348426000035 53.607148273000064)","Unfall 162497 (2019) Kat:3, Licht: 0","162497","3","3","5","10","11","6","0","0","1","1","0","0"
"POINT (10.021637700000042 53.589123458000074)","Unfall 162498 (2019) Kat:3, Licht: 0","162498","3","7","6","11","08","5","0","0","1","0","1","0"
"POINT (10.098258180000073 53.591600201000062)","Unfall 162499 (2019) Kat:3, Licht: 0","162499","3","3","5","10","14","6","0","0","1","1","0","0"
"POINT (10.089851086000067 53.587130406000028)","Unfall 162500 (2019) Kat:3, Licht: 0","162500","3","4","6","10","14","6","0","0","0","1","1","0"
"POINT (10.095768863000046 53.618836751000060)","Unfall 162501 (2019) Kat:3, Licht: 1","162501","3","6","2","10","18","6","1","1","0","1","0","0"
"POINT (9.816324285000064 53.578855739000062)","Unfall 162502 (2019) Kat:3, Licht: 1","162502","3","6","3","11","16","5","1","1","1","0","0","0"
"POINT (10.081298635000053 53.661793809000073)","Unfall 162503 (2019) Kat:3, Licht: 0","162503","3","1","0","10","09","6","1","0","0","0","0","1"
"POINT (9.918983607000030 53.574586246000081)","Unfall 162504 (2019) Kat:2, Licht: 0","162504","2","1","9","11","13","5","0","0","0","1","0","0"
"POINT (10.010484422000047 53.652291058000060)","Unfall 162505 (2019) Kat:3, Licht: 0","162505","3","6","2","10","16","6","1","0","1","1","0","0"
"POINT (10.038184665000074 53.576699644000030)","Unfall 162506 (2019) Kat:3, Licht: 0","162506","3","2","0","10","16","6","1","0","1","1","0","0"
"POINT (9.882646030000046 53.593207258000064)","Unfall 162507 (2019) Kat:3, Licht: 2","162507","3","2","2","10","21","6","0","2","0","1","0","0"
"POINT (9.888441476000025 53.601028098000029)","Unfall 162508 (2019) Kat:3, Licht: 0","162508","3","3","5","11","07","5","0","0","0","1","0","0"
"POINT (9.940498266000077 53.561231481000050)","Unfall 162509 (2019) Kat:3, Licht: 0","162509","3","6","3","11","15","5","0","0","1","1","0","0"
"POINT (9.978241203000039 53.597609180000063)","Unfall 162510 (2019) Kat:3, Licht: 1","162510","3","3","5","10","17","6","1","1","0","1","0","0"
"POINT (9.982200329000023 53.564279516000056)","Unfall 162511 (2019) Kat:3, Licht: 2","162511","3","2","5","11","18","5","1","2","1","1","0","0"
"POINT (9.918087094000043 53.556958029000043)","Unfall 162512 (2019) Kat:3, Licht: 2","162512","3","2","5","10","20","6","1","2","1","1","0","0"
"POINT (9.989036278000071 53.582049631000075)","Unfall 162513 (2019) Kat:3, Licht: 1","162513","3","6","6","11","17","5","1","1","1","0","1","0"
"POINT (9.947886041000061 53.558050353000056)","Unfall 162514 (2019) Kat:3, Licht: 0","162514","3","7","3","10","16","6","0","0","0","1","0","0"
"POINT (9.952106975000049 53.559742961000040)","Unfall 162515 (2019) Kat:3, Licht: 0","162515","3","7","0","10","15","6","1","0","1","0","0","0"
"POINT (9.988593437000077 53.563811262000058)","Unfall 162516 (2019) Kat:3, Licht: 0","162516","3","4","6","11","09","5","0","0","0","0","1","0"
"POINT (9.977975476000040 53.576905006000061)","Unfall 162517 (2019) Kat:2, Licht: 0","162517","2","7","1","10","12","6","0","0","0","1","0","0"
"POINT (9.943317374000060 53.448300666000080)","Unfall 162518 (2019) Kat:3, Licht: 0","162518","3","6","3","11","07","4","1","0","0","1","0","0"
"POINT (10.008914451000066 53.552154194000082)","Unfall 162519 (2019) Kat:3, Licht: 2","162519","3","7","5","10","20","6","1","2","0","1","0","0"
"POINT (10.022033228000055 53.553227190000030)","Unfall 162520 (2019) Kat:3, Licht: 2","162520","3","3","5","10","20","6","0","2","0","1","0","0"
"POINT (10.018861157000060 53.527044974000034)","Unfall 162521 (2019) Kat:3, Licht: 2","162521","3","3","5","11","16","4","1","2","1","1","0","0"
"POINT (10.228407562000029 53.444078943000079)","Unfall 162522 (2019) Kat:3, Licht: 0","162522","3","3","5","11","12","4","1","0","0","1","0","0"
"POINT (10.011840920000054 53.557837995000057)","Unfall 162523 (2019) Kat:3, Licht: 2","162523","3","7","1","10","18","6","1","2","1","1","0","0"
"POINT (10.084730393000029 53.554751072000045)","Unfall 162524 (2019) Kat:3, Licht: 0","162524","3","2","5","11","16","4","0","0","1","1","0","0"
"POINT (9.943771309000056 53.505940397000074)","Unfall 162525 (2019) Kat:2, Licht: 0","162525","2","1","9","10","16","6","1","0","0","1","0","0"
"POINT (10.122873896000044 53.579311135000069)","Unfall 162526 (2019) Kat:2, Licht: 2","162526","2","4","6","11","17","4","0","2","0","1","1","0"
"POINT (9.898920313000076 53.476960924000082)","Unfall 162527 (2019) Kat:3, Licht: 0","162527","3","6","2","10","10","5","1","0","0","1","0","0"
"POINT (10.074812699000063 53.572214371000030)","Unfall 162528 (2019) Kat:3, Licht: 0","162528","3","3","5","11","11","4","1","0","1","1","0","0"
"POINT (10.086740104000057 53.584065797000051)","Unfall 162529 (2019) Kat:3, Licht: 2","162529","3","2","3","11","19","4","1","2","1","1","0","0"
"POINT (9.979552871000067 53.457305618000078)","Unfall 162530 (2019) Kat:3, Licht: 2","162530","3","1","9","10","23","5","1","2","0","1","0","0"
"POINT (10.132598272000052 53.565618609000069)","Unfall 162531 (2019) Kat:3, Licht: 0","162531","3","3","5","10","13","5","1","0","1","1","0","0"
"POINT (10.001318656000024 53.665404264000074)","Unfall 162532 (2019) Kat:3, Licht: 0","162532","3","6","2","11","09","6","0","0","0","1","0","0"
"POINT (10.018695064000042 53.614959417000080)","Unfall 162533 (2019) Kat:3, Licht: 0","162533","3","2","3","11","15","6","0","0","1","1","0","0"
"POINT (10.010070660000054 53.611653896000064)","Unfall 162534 (2019) Kat:3, Licht: 2","162534","3","2","4","11","07","6","1","2","0","1","0","0"
"POINT (9.902593188000026 53.608093256000075)","Unfall 162535 (2019) Kat:3, Licht: 0","162535","3","4","6","11","13","6","0","0","1","0","1","0"
"POINT (9.826289476000056 53.564398520000054)","Unfall 162536 (2019) Kat:3, Licht: 2","162536","3","3","5","11","16","6","1","2","1","0","0","0"
"POINT (9.915153788000055 53.552973730000076)","Unfall 162537 (2019) Kat:3, Licht: 2","162537","3","7","1","11","22","6","0","2","1","1","0","0"
"POINT (9.991596691000041 53.588943250000057)","Unfall 162538 (2019) Kat:3, Licht: 0","162538","3","7","6","11","15","6","0","0","1","0","1","0"
"POINT (9.917431073000046 53.548643260000063)","Unfall 162539 (2019) Kat:3, Licht: 0","162539","3","6","2","11","10","6","1","0","0","1","0","0"
"POINT (9.987133113000027 53.564488463000032)","Unfall 162540 (2019) Kat:3, Licht: 0","162540","3","6","2","11","12","6","0","0","1","1","0","0"
"POINT (9.984699696000064 53.563986075000059)","Unfall 162541 (2019) Kat:3, Licht: 2","162541","3","1","9","11","20","6","0","2","0","1","0","0"
"POINT (9.936803827000063 53.430701549000048)","Unfall 162542 (2019) Kat:3, Licht: 2","162542","3","3","5","11","19","5","1","2","0","1","0","0"
"POINT (10.129599545000076 53.495763595000028)","Unfall 162543 (2019) Kat:3, Licht: 2","162543","3","5","1","11","21","5","1","2","0","1","0","0"
"POINT (10.199492810000038 53.462920261000079)","Unfall 162544 (2019) Kat:3, Licht: 2","162544","3","3","5","11","17","5","1","2","0","1","0","0"
"POINT (10.114936065000052 53.595228417000044)","Unfall 162545 (2019) Kat:3, Licht: 0","162545","3","3","5","11","08","5","1","0","0","1","0","1"
"POINT (10.079019506000066 53.584980870000038)","Unfall 162546 (2019) Kat:3, Licht: 2","162546","3","6","2","11","16","5","1","2","0","1","0","0"
"POINT (10.064081359000056 53.575142164000056)","Unfall 162547 (2019) Kat:3, Licht: 0","162547","3","6","2","11","14","5","1","0","0","1","0","0"
"POINT (10.048158396000076 53.609197032000054)","Unfall 162548 (2019) Kat:2, Licht: 2","162548","2","4","6","11","21","5","1","2","0","1","1","0"
"POINT (10.092651340000032 53.606970610000076)","Unfall 162549 (2019) Kat:3, Licht: 2","162549","3","7","0","11","06","5","1","2","1","0","0","0"
"POINT (10.061698095000054 53.649073093000027)","Unfall 162550 (2019) Kat:3, Licht: 2","162550","3","7","6","11","17","5","1","2","1","0","1","0"
"POINT (10.087939826000024 53.655528385000082)","Unfall 162551 (2019) Kat:3, Licht: 2","162551","3","6","2","11","18","5","1","2","0","1","0","0"
"POINT (10.006163206000053 53.585966629000040)","Unfall 162552 (2019) Kat:3, Licht: 0","162552","3","2","4","11","09","5","1","0","0","1","0","0"
"POINT (9.865044169000043 53.557064814000057)","Unfall 162553 (2019) Kat:3, Licht: 1","162553","3","3","5","11","07","5","1","1","1","1","0","0"
"POINT (9.804165616000034 53.566829859000052)","Unfall 162554 (2019) Kat:3, Licht: 2","162554","3","3","5","11","04","5","1","2","0","1","0","0"