WKT,Name,OBJECTID,UKATEGORIE,UTYP1,UART,UMONAT,USTUNDE,UWOCHENTAG,STRZUSTAND,ULICHTVERH,ISTRAD,ISTPKW,ISTFUSS,ISTKRAD
"POINT (9.912461509000025 53.558903616000066)","Unfall 162555 (2019) Kat:3, Licht: 2","162555","3","3","5","11","07","5","1","2","0","1","0","0"
"POINT (9.918413944000065 53.578364509000039)","Unfall 162556 (2019) Kat:3, Licht: 2","162556","3","2","4","11","20","5","1","2","0","1","0","0"
"POINT (9.988452100000075 53.585461538000061)","Unfall 162557 (2019) Kat:3, Licht: 2","162557","3","3","5","11","20","5","1","2","1","1","0","0"
"POINT (9.959756656000025 53.591294596000068)","Unfall 162558 (2019) Kat:3, Licht: 1","162558","3","6","4","11","07","5","1","1","1","1","0","0"
"POINT (9.972860805000039 53.612713446000043)","Unfall 162559 (2019) Kat:3, Licht: 1","162559","3","6","2","11","17","5","1","1","0","1","0","0"
"POINT (9.955166746000032 53.569060010000044)","Unfall 162560 (2019) Kat:3, Licht: 2","162560","3","6","2","11","17","5","1","2","0","1","0","0"
"POINT (9.987381651000021 53.590749659000039)","Unfall 162561 (2019) Kat:3, Licht: 2","162561","3","7","6","11","17","5","1","2","1","0","1","0"
"POINT (9.947165228000074 53.551367136000067)","Unfall 162562 (2019) Kat:3, Licht: 2","162562","3","6","2","11","18","5","1","2","0","1","0","0"
"POINT (9.937927916000035 53.555508813000074)","Unfall 162563 (2019) Kat:3, Licht: 0","162563","3","7","5","11","15","5","1","0","1","0","0","0"
"POINT (9.917661983000073 53.552820741000062)","Unfall 162564 (2019) Kat:2, Licht: 0","162564","2","3","5","11","15","5","1","0","1","0","0","0"
"POINT (9.984485179000046 53.564034544000037)","Unfall 162565 (2019) Kat:3, Licht: 0","162565","3","3","5","11","08","5","1","0","1","1","0","0"
"POINT (9.953879204000032 53.545668514000056)","Unfall 162566 (2019) Kat:3, Licht: 2","162566","3","2","4","11","19","5","1","2","0","1","0","0"
"POINT (9.992540993000034 53.556795762000036)","Unfall 162567 (2019) Kat:3, Licht: 2","162567","3","3","5","11","19","5","1","2","1","1","0","0"
"POINT (9.993936982000037 53.539714207000031)","Unfall 162568 (2019) Kat:3, Licht: 2","162568","3","1","8","11","17","5","1","2","0","1","0","0"
"POINT (9.983860817000050 53.557810331000042)","Unfall 162569 (2019) Kat:3, Licht: 0","162569","3","2","2","11","14","5","1","0","0","1","0","0"
"POINT (9.978990306000071 53.555210588000079)","Unfall 162570 (2019) Kat:3, Licht: 0","162570","3","6","3","11","15","5","1","0","0","1","0","0"
"POINT (10.005230303000076 53.547907455000029)","Unfall 162571 (2019) Kat:3, Licht: 2","162571","3","3","5","11","20","5","1","2","0","1","0","0"
"POINT (10.019667181000045 53.556895686000075)","Unfall 162572 (2019) Kat:3, Licht: 0","162572","3","5","0","11","08","5","1","0","1","1","0","0"
"POINT (10.103405861000056 53.543145745000061)","Unfall 162573 (2019) Kat:2, Licht: 0","162573","2","6","2","11","14","4","0","0","0","1","0","0"
"POINT (10.020811930000036 53.633631915000080)","Unfall 162574 (2019) Kat:2, Licht: 2","162574","2","2","6","11","19","4","1","2","0","1","1","0"
"POINT (10.007868754000071 53.581022331000042)","Unfall 162575 (2019) Kat:3, Licht: 0","162575","3","5","1","11","15","4","0","0","1","1","0","0"
"POINT (9.917277727000055 53.599755810000033)","Unfall 162576 (2019) Kat:2, Licht: 0","162576","2","2","5","11","13","4","1","0","1","1","0","0"
"POINT (9.847078717000045 53.553432948000079)","Unfall 162577 (2019) Kat:3, Licht: 0","162577","3","5","0","11","09","4","1","0","0","1","0","0"
"POINT (9.948983017000046 53.640202766000073)","Unfall 162578 (2019) Kat:3, Licht: 2","162578","3","2","6","11","18","4","1","2","0","1","1","0"
"POINT (9.951701932000049 53.640681398000027)","Unfall 162579 (2019) Kat:3, Licht: 0","162579","3","3","5","11","12","4","1","0","1","1","0","0"
"POINT (9.952776113000027 53.601834976000077)","Unfall 162580 (2019) Kat:3, Licht: 2","162580","3","2","4","11","06","4","1","2","0","1","0","0"
"POINT (9.984694877000038 53.563987826000073)","Unfall 162581 (2019) Kat:3, Licht: 2","162581","3","3","5","11","21","4","0","2","1","0","0","0"
"POINT (9.964813708000065 53.550453024000035)","Unfall 162582 (2019) Kat:3, Licht: 0","162582","3","2","4","11","14","4","1","0","1","1","0","0"
"POINT (10.013366484000073 53.552597523000031)","Unfall 162583 (2019) Kat:3, Licht: 2","162583","3","2","3","11","18","4","1","2","0","1","0","0"
"POINT (9.900833047000049 53.511505443000033)","Unfall 162584 (2019) Kat:3, Licht: 2","162584","3","6","2","11","05","3","1","2","0","1","0","0"
"POINT (9.931588115000068 53.428197797000053)","Unfall 162585 (2019) Kat:3, Licht: 2","162585","3","7","9","11","16","3","1","2","0","1","0","0"
"POINT (10.201852192000047 53.488706404000027)","Unfall 162586 (2019) Kat:3, Licht: 1","162586","3","6","4","11","17","3","1","1","0","1","0","0"
"POINT (10.186828916000024 53.490600675000053)","Unfall 162587 (2019) Kat:3, Licht: 0","162587","3","6","2","11","08","3","0","0","0","1","0","0"
"POINT (10.104835440000045 53.544892578000031)","Unfall 162588 (2019) Kat:3, Licht: 2","162588","3","6","2","11","17","3","1","2","0","1","0","0"
"POINT (10.091926533000048 53.523918948000073)","Unfall 162589 (2019) Kat:3, Licht: 2","162589","3","2","3","11","06","3","0","2","0","1","0","0"
"POINT (10.160633678000067 53.604463228000043)","Unfall 162590 (2019) Kat:3, Licht: 0","162590","3","2","3","11","09","3","0","0","1","1","0","0"
"POINT (10.037114656000028 53.611221911000030)","Unfall 162591 (2019) Kat:3, Licht: 2","162591","3","2","4","11","18","3","0","2","1","1","0","0"
"POINT (10.054162323000071 53.605225112000028)","Unfall 162592 (2019) Kat:3, Licht: 2","162592","3","2","3","11","17","3","1","2","1","1","0","0"
"POINT (10.065424274000065 53.595053692000079)","Unfall 162593 (2019) Kat:3, Licht: 2","162593","3","4","6","11","17","3","0","2","0","1","1","0"
"POINT (10.043318946000056 53.606846128000029)","Unfall 162594 (2019) Kat:3, Licht: 1","162594","3","2","6","11","07","3","1","1","0","1","1","0"
"POINT (10.040555829000027 53.608156423000082)","Unfall 162595 (2019) Kat:3, Licht: 2","162595","3","6","2","11","16","3","1","2","0","1","0","0"
"POINT (10.096199554000066 53.640732082000056)","Unfall 162596 (2019) Kat:3, Licht: 1","162596","3","6","2","11","07","3","1","1","0","1","0","0"
"POINT (10.002511628000036 53.606578499000079)","Unfall 162597 (2019) Kat:3, Licht: 1","162597","3","3","5","11","07","3","1","1","0","1","0","0"
"POINT (10.044863210000074 53.590548679000051)","Unfall 162598 (2019) Kat:2, Licht: 0","162598","2","7","0","11","14","3","0","0","0","0","0","0"
"POINT (9.902579094000032 53.569051864000073)","Unfall 162599 (2019) Kat:3, Licht: 0","162599","3","7","4","11","10","3","1","0","1","0","0","0"
"POINT (9.874325263000060 53.608399713000040)","Unfall 162600 (2019) Kat:3, Licht: 0","162600","3","7","6","11","15","3","0","0","1","0","1","0"
"POINT (9.954897075000076 53.575474737000036)","Unfall 162601 (2019) Kat:3, Licht: 0","162601","3","6","1","11","12","3","0","0","1","1","0","0"
"POINT (9.990469389000054 53.602675332000047)","Unfall 162602 (2019) Kat:3, Licht: 0","162602","3","6","3","11","08","3","0","0","0","1","0","0"
"POINT (9.954904722000038 53.569665824000026)","Unfall 162603 (2019) Kat:3, Licht: 2","162603","3","6","2","11","16","3","1","2","0","1","0","1"
"POINT (9.933460707000052 53.547862676000079)","Unfall 162604 (2019) Kat:3, Licht: 2","162604","3","6","4","11","17","3","1","2","0","1","0","1"
"POINT (9.988736137000046 53.581284165000056)","Unfall 162605 (2019) Kat:3, Licht: 0","162605","3","3","5","11","12","3","0","0","1","1","0","0"
"POINT (10.003943489000051 53.557304008000074)","Unfall 162606 (2019) Kat:3, Licht: 0","162606","3","3","5","11","09","3","1","0","1","1","0","0"
"POINT (10.100234513000032 53.548938918000033)","Unfall 162607 (2019) Kat:3, Licht: 2","162607","3","2","3","11","16","2","0","2","1","1","0","0"
"POINT (10.041740966000077 53.555488335000064)","Unfall 162608 (2019) Kat:3, Licht: 0","162608","3","6","3","11","09","2","0","0","0","1","0","0"
"POINT (10.169486772000027 53.625340575000052)","Unfall 162609 (2019) Kat:3, Licht: 0","162609","3","3","5","11","17","2","0","0","1","0","0","0"
"POINT (10.137379914000064 53.600091239000051)","Unfall 162610 (2019) Kat:3, Licht: 2","162610","3","2","6","11","06","2","0","2","0","1","1","0"
"POINT (10.156285978000028 53.602968584000052)","Unfall 162611 (2019) Kat:3, Licht: 2","162611","3","3","5","11","18","2","0","2","1","1","0","0"
"POINT (10.121152510000059 53.605704498000080)","Unfall 162612 (2019) Kat:3, Licht: 0","162612","3","6","3","11","15","2","0","0","0","1","0","0"
"POINT (10.065221731000065 53.597962883000037)","Unfall 162613 (2019) Kat:3, Licht: 2","162613","3","2","2","11","17","2","0","2","0","1","0","0"
"POINT (10.057516890000045 53.669381940000051)","Unfall 162614 (2019) Kat:3, Licht: 2","162614","3","6","1","11","17","2","0","2","0","1","0","0"
"POINT (10.088450663000060 53.651089074000026)","Unfall 162615 (2019) Kat:3, Licht: 0","162615","3","7","3","11","10","2","0","0","0","1","0","0"
"POINT (9.827218356000060 53.566536976000066)","Unfall 162616 (2019) Kat:3, Licht: 0","162616","3","7","0","11","14","2","1","0","0","0","1","0"
"POINT (9.932234195000035 53.557906485000046)","Unfall 162617 (2019) Kat:3, Licht: 2","162617","3","3","0","11","17","2","1","2","1","0","1","0"
"POINT (9.978898956000023 53.572401150000076)","Unfall 162618 (2019) Kat:3, Licht: 0","162618","3","6","2","11","21","2","0","0","0","0","0","0"
"POINT (9.988908508000066 53.577554923000037)","Unfall 162619 (2019) Kat:3, Licht: 2","162619","3","2","3","11","17","2","0","2","1","1","0","0"
"POINT (9.962181685000076 53.549455163000061)","Unfall 162620 (2019) Kat:3, Licht: 2","162620","3","6","2","11","17","2","0","2","0","1","0","0"
"POINT (9.988814230000060 53.558309887000064)","Unfall 162621 (2019) Kat:1, Licht: 2","162621","1","4","6","11","04","2","0","2","0","1","1","0"
"POINT (10.143728538000062 53.632473734000030)","Unfall 162622 (2019) Kat:3, Licht: 0","162622","3","3","5","11","16","1","0","0","0","1","0","0"
"POINT (10.134519782000041 53.575019810000072)","Unfall 162623 (2019) Kat:3, Licht: 0","162623","3","2","4","11","09","1","0","0","0","1","0","0"
"POINT (9.916530653000052 53.590984032000051)","Unfall 162624 (2019) Kat:3, Licht: 1","162624","3","7","0","11","16","1","0","1","1","0","0","0"
"POINT (9.859517368000070 53.548056500000030)","Unfall 162625 (2019) Kat:3, Licht: 2","162625","3","7","0","11","16","1","0","2","0","1","0","0"
"POINT (9.963224030000049 53.576433466000026)","Unfall 162626 (2019) Kat:3, Licht: 2","162626","3","7","1","11","18","1","0","2","1","1","0","0"
"POINT (9.936107649000064 53.550398693000034)","Unfall 162627 (2019) Kat:3, Licht: 2","162627","3","2","3","11","17","1","0","2","0","1","0","0"
"POINT (9.961338899000054 53.562499462000062)","Unfall 162628 (2019) Kat:3, Licht: 2","162628","3","6","2","11","18","1","0","2","0","1","0","0"
"POINT (9.969505176000041 53.549948665000045)","Unfall 162629 (2019) Kat:3, Licht: 1","162629","3","2","4","11","20","1","1","1","0","1","0","0"
"POINT (9.980166241000063 53.555138608000050)","Unfall 162630 (2019) Kat:3, Licht: 0","162630","3","2","5","11","14","1","0","0","0","1","0","0"
"POINT (9.976692294000031 53.511486881000053)","Unfall 162631 (2019) Kat:3, Licht: 1","162631","3","6","2","11","16","7","0","1","0","1","0","0"
"POINT (10.011030454000036 53.501707452000062)","Unfall 162632 (2019) Kat:3, Licht: 2","162632","3","3","5","11","00","7","0","2","0","1","0","0"
"POINT (10.149906086000044 53.528602437000075)","Unfall 162633 (2019) Kat:3, Licht: 0","162633","3","3","5","11","15","7","0","0","0","1","0","0"
"POINT (10.037841390000040 53.558797801000082)","Unfall 162634 (2019) Kat:3, Licht: 2","162634","3","6","1","11","18","7","0","2","0","1","0","0"
"POINT (10.061582043000044 53.559108001000027)","Unfall 162635 (2019) Kat:3, Licht: 2","162635","3","4","6","11","05","7","0","2","0","1","1","0"
"POINT (10.154535138000028 53.612716184000078)","Unfall 162636 (2019) Kat:3, Licht: 0","162636","3","3","5","11","11","7","0","0","0","1","0","0"
"POINT (10.143688298000029 53.600453725000079)","Unfall 162637 (2019) Kat:3, Licht: 0","162637","3","2","4","11","11","7","0","0","0","1","0","0"
"POINT (10.108363548000057 53.615267102000075)","Unfall 162638 (2019) Kat:3, Licht: 2","162638","3","7","1","11","21","7","0","2","0","1","0","0"
"POINT (10.144165638000061 53.632835205000049)","Unfall 162639 (2019) Kat:3, Licht: 0","162639","3","1","0","11","15","7","0","0","0","1","0","0"
"POINT (10.026513341000054 53.671140693000041)","Unfall 162640 (2019) Kat:3, Licht: 2","162640","3","6","4","11","17","7","0","2","0","1","0","0"
"POINT (10.046663323000075 53.578909979000059)","Unfall 162641 (2019) Kat:3, Licht: 0","162641","3","3","5","11","11","7","0","0","1","1","0","0"
"POINT (10.036696323000058 53.565207083000075)","Unfall 162642 (2019) Kat:3, Licht: 2","162642","3","2","3","11","01","7","0","2","0","1","0","0"
"POINT (9.965831209000044 53.557193983000047)","Unfall 162643 (2019) Kat:3, Licht: 1","162643","3","2","6","11","20","7","0","1","0","1","1","0"
"POINT (10.013038064000057 53.552472498000043)","Unfall 162644 (2019) Kat:3, Licht: 2","162644","3","3","5","11","17","7","0","2","0","1","0","0"
"POINT (10.006950337000035 53.554878188000032)","Unfall 162645 (2019) Kat:3, Licht: 0","162645","3","4","6","11","14","7","0","0","0","1","1","0"
"POINT (9.975138714000025 53.454004694000048)","Unfall 162646 (2019) Kat:3, Licht: 0","162646","3","2","4","11","12","6","0","0","0","1","0","0"
"POINT (10.159739497000032 53.522903080000049)","Unfall 162647 (2019) Kat:2, Licht: 1","162647","2","6","4","11","16","6","0","1","0","1","0","0"
"POINT (10.068795947000069 53.559566752000080)","Unfall 162648 (2019) Kat:2, Licht: 0","162648","2","3","5","11","08","6","1","0","1","1","0","0"
"POINT (10.080365679000067 53.576199118000034)","Unfall 162649 (2019) Kat:2, Licht: 1","162649","2","6","3","11","16","6","0","1","0","1","0","1"
"POINT (10.012085097000067 53.581089144000032)","Unfall 162650 (2019) Kat:3, Licht: 2","162650","3","2","6","11","00","6","1","2","0","1","1","0"
"POINT (10.033346992000077 53.588314993000040)","Unfall 162651 (2019) Kat:3, Licht: 0","162651","3","6","2","11","09","6","0","0","0","1","0","0"
"POINT (10.020119060000070 53.613966383000047)","Unfall 162652 (2019) Kat:3, Licht: 0","162652","3","2","5","11","14","6","0","0","1","1","0","0"
"POINT (10.058622068000034 53.593248638000034)","Unfall 162653 (2019) Kat:2, Licht: 2","162653","2","4","6","11","20","6","1","2","0","1","1","0"
"POINT (9.852946102000033 53.558612773000050)","Unfall 162654 (2019) Kat:3, Licht: 0","162654","3","6","2","11","07","6","1","0","1","0","0","1"
"POINT (9.916169992000050 53.563256554000077)","Unfall 162655 (2019) Kat:3, Licht: 2","162655","3","5","1","11","16","6","1","2","1","1","0","0"
"POINT (9.888497775000076 53.576739746000044)","Unfall 162656 (2019) Kat:3, Licht: 0","162656","3","6","3","11","14","6","0","0","1","1","0","0"
"POINT (9.895648475000030 53.549236294000082)","Unfall 162657 (2019) Kat:3, Licht: 0","162657","3","7","0","11","09","6","0","0","0","1","0","0"
"POINT (9.873568042000045 53.547172406000072)","Unfall 162658 (2019) Kat:3, Licht: 0","162658","3","6","2","11","07","6","1","0","0","1","0","0"
"POINT (9.966313404000061 53.569378892000032)","Unfall 162659 (2019) Kat:3, Licht: 2","162659","3","2","3","11","18","6","0","2","1","1","0","0"
"POINT (9.979028264000021 53.555601212000056)","Unfall 162660 (2019) Kat:3, Licht: 0","162660","3","6","3","11","15","6","0","0","0","1","0","0"
"POINT (10.004136313000060 53.505986555000050)","Unfall 162661 (2019) Kat:3, Licht: 2","162661","3","6","2","11","17","5","1","2","0","1","0","0"
"POINT (10.189045413000031 53.507621603000075)","Unfall 162662 (2019) Kat:3, Licht: 2","162662","3","7","0","11","18","5","1","2","0","1","0","0"
"POINT (10.157745647000070 53.626271595000048)","Unfall 162663 (2019) Kat:3, Licht: 0","162663","3","3","5","11","11","5","1","0","1","1","0","0"
"POINT (10.120669686000042 53.605960588000073)","Unfall 162664 (2019) Kat:3, Licht: 0","162664","3","6","2","11","13","5","0","0","0","1","0","0"
"POINT (10.103230057000076 53.577826173000062)","Unfall 162665 (2019) Kat:3, Licht: 0","162665","3","6","3","11","12","5","1","0","0","1","0","0"
"POINT (10.118534739000040 53.605015263000041)","Unfall 162666 (2019) Kat:3, Licht: 2","162666","3","2","6","11","16","5","1","2","0","1","1","0"
"POINT (10.086136176000025 53.606581482000081)","Unfall 162667 (2019) Kat:3, Licht: 1","162667","3","5","1","11","17","5","1","1","0","1","0","0"
"POINT (10.034773190000067 53.604683091000027)","Unfall 162668 (2019) Kat:3, Licht: 2","162668","3","2","5","11","18","5","1","2","1","1","0","0"
"POINT (10.096777590000045 53.656013164000058)","Unfall 162669 (2019) Kat:3, Licht: 2","162669","3","3","4","11","07","5","1","2","1","1","0","0"
"POINT (10.069086541000047 53.560680878000028)","Unfall 162670 (2019) Kat:2, Licht: 2","162670","2","4","6","12","16","6","1","2","0","1","1","0"
"POINT (10.070433664000063 53.666234755000062)","Unfall 162671 (2019) Kat:3, Licht: 0","162671","3","6","2","11","13","5","1","0","0","1","0","0"
"POINT (10.078903508000053 53.572786409000059)","Unfall 162672 (2019) Kat:3, Licht: 0","162672","3","3","5","12","07","6","1","0","1","0","0","0"
"POINT (10.013815708000038 53.638922075000039)","Unfall 162673 (2019) Kat:3, Licht: 0","162673","3","3","5","11","09","5","1","0","0","1","0","0"
"POINT (10.102785161000043 53.620996874000070)","Unfall 162674 (2019) Kat:3, Licht: 0","162674","3","3","5","12","12","6","1","0","0","1","0","0"
"POINT (10.037482367000052 53.576429936000068)","Unfall 162675 (2019) Kat:3, Licht: 2","162675","3","6","2","11","06","5","1","2","0","1","0","0"
"POINT (10.157383926000023 53.638957312000059)","Unfall 162676 (2019) Kat:2, Licht: 1","162676","2","4","6","12","07","6","1","1","0","1","1","0"
"POINT (10.015409971000054 53.633009111000035)","Unfall 162677 (2019) Kat:3, Licht: 1","162677","3","4","6","12","20","6","1","1","0","1","1","0"
"POINT (9.827480247000040 53.581563202000041)","Unfall 162678 (2019) Kat:3, Licht: 0","162678","3","3","5","11","13","5","1","0","1","1","0","0"
"POINT (9.858402805000026 53.572134737000056)","Unfall 162679 (2019) Kat:3, Licht: 1","162679","3","3","5","11","08","5","1","1","1","0","0","0"
"POINT (10.026322074000063 53.607281071000045)","Unfall 162680 (2019) Kat:3, Licht: 0","162680","3","6","3","12","11","6","1","0","0","1","0","0"
"POINT (9.757347447000029 53.570947765000028)","Unfall 162681 (2019) Kat:3, Licht: 0","162681","3","7","0","11","09","5","1","0","0","1","0","0"
"POINT (10.001748163000059 53.580896635000045)","Unfall 162682 (2019) Kat:3, Licht: 2","162682","3","2","6","12","17","6","1","2","0","1","1","0"
"POINT (9.889828827000031 53.546742232000042)","Unfall 162683 (2019) Kat:3, Licht: 2","162683","3","7","8","11","23","5","1","2","0","1","0","0"
"POINT (9.946340502000055 53.593236698000055)","Unfall 162684 (2019) Kat:3, Licht: 0","162684","3","7","0","11","14","5","1","0","1","0","0","0"
"POINT (9.982525854000073 53.588202699000078)","Unfall 162685 (2019) Kat:3, Licht: 2","162685","3","6","2","11","06","5","1","2","0","1","0","0"
"POINT (10.033295307000060 53.588663890000078)","Unfall 162686 (2019) Kat:3, Licht: 0","162686","3","2","2","12","09","6","1","0","0","1","0","0"
"POINT (10.016332782000063 53.568497351000076)","Unfall 162687 (2019) Kat:2, Licht: 2","162687","2","3","5","12","21","6","1","2","1","1","0","0"
"POINT (9.956409653000037 53.582630908000056)","Unfall 162688 (2019) Kat:2, Licht: 2","162688","2","7","0","11","21","5","1","2","1","0","0","0"
"POINT (9.888553630000047 53.576905420000060)","Unfall 162689 (2019) Kat:2, Licht: 2","162689","2","6","2","12","17","6","1","2","0","1","0","0"
"POINT (9.878865978000022 53.533359407000034)","Unfall 162690 (2019) Kat:3, Licht: 2","162690","3","4","6","11","22","4","1","2","1","0","1","0"
"POINT (9.900449201000072 53.557091684000056)","Unfall 162691 (2019) Kat:3, Licht: 0","162691","3","6","2","12","08","6","1","0","0","1","0","0"
"POINT (10.041593970000065 53.551137419000042)","Unfall 162692 (2019) Kat:2, Licht: 2","162692","2","4","6","11","16","4","1","2","0","1","1","0"
"POINT (10.108534033000069 53.581576539000082)","Unfall 162693 (2019) Kat:3, Licht: 0","162693","3","3","5","11","09","4","1","0","0","1","0","0"
"POINT (9.873633396000059 53.579949236000061)","Unfall 162694 (2019) Kat:3, Licht: 2","162694","3","4","6","12","20","6","1","2","0","1","1","0"
"POINT (10.068605694000041 53.580860699000027)","Unfall 162695 (2019) Kat:3, Licht: 2","162695","3","2","5","11","18","4","1","2","0","1","0","0"
"POINT (9.956956715000047 53.610481818000039)","Unfall 162696 (2019) Kat:3, Licht: 0","162696","3","6","1","12","09","6","1","0","0","1","0","0"
"POINT (10.066250978000028 53.574631969000052)","Unfall 162697 (2019) Kat:3, Licht: 2","162697","3","6","4","11","18","4","1","2","1","1","0","0"
"POINT (10.006631824000067 53.634984563000046)","Unfall 162698 (2019) Kat:3, Licht: 0","162698","3","3","5","11","15","4","1","0","0","1","0","0"
"POINT (9.928902765000032 53.554650315000060)","Unfall 162699 (2019) Kat:3, Licht: 1","162699","3","6","3","12","16","6","1","1","1","0","0","0"
"POINT (10.025255464000054 53.604260184000054)","Unfall 162700 (2019) Kat:3, Licht: 0","162700","3","3","5","11","15","4","1","0","0","1","0","0"
"POINT (9.933696274000056 53.550307253000028)","Unfall 162701 (2019) Kat:3, Licht: 2","162701","3","3","5","12","16","6","1","2","1","1","0","0"
"POINT (10.046469719000072 53.582936080000081)","Unfall 162702 (2019) Kat:3, Licht: 0","162702","3","2","5","11","14","4","1","0","0","1","0","0"
"POINT (10.046327447000067 53.583171122000067)","Unfall 162703 (2019) Kat:3, Licht: 0","162703","3","2","5","11","09","4","1","0","1","1","0","0"
"POINT (9.852646314000026 53.592396883000049)","Unfall 162704 (2019) Kat:2, Licht: 1","162704","2","4","6","11","07","4","0","1","0","1","1","0"
"POINT (9.904450367000038 53.587603058000070)","Unfall 162705 (2019) Kat:3, Licht: 0","162705","3","3","5","11","10","4","1","0","0","1","0","0"
"POINT (9.926258551000046 53.571960307000040)","Unfall 162706 (2019) Kat:3, Licht: 2","162706","3","2","3","11","06","4","0","2","1","1","0","0"
"POINT (9.993086299000026 53.558875427000032)","Unfall 162707 (2019) Kat:3, Licht: 0","162707","3","6","2","12","11","6","1","0","0","1","0","0"
"POINT (9.895247114000028 53.565766813000039)","Unfall 162708 (2019) Kat:3, Licht: 0","162708","3","3","5","11","11","4","1","0","1","1","0","0"
"POINT (9.960180928000057 53.563638688000026)","Unfall 162709 (2019) Kat:3, Licht: 0","162709","3","2","3","12","15","6","1","0","1","0","0","0"
"POINT (9.929973559000075 53.550506556000073)","Unfall 162710 (2019) Kat:3, Licht: 0","162710","3","2","6","11","12","4","1","0","0","1","1","0"
"POINT (9.992908899000042 53.572739037000076)","Unfall 162711 (2019) Kat:3, Licht: 0","162711","3","6","2","11","09","4","0","0","0","0","0","0"
"POINT (9.975461317000054 53.557649227000070)","Unfall 162712 (2019) Kat:3, Licht: 0","162712","3","5","1","11","08","4","0","0","1","1","0","0"
"POINT (9.994067489000031 53.557558460000052)","Unfall 162713 (2019) Kat:3, Licht: 2","162713","3","6","3","12","16","6","1","2","0","1","0","0"
"POINT (10.019638579000059 53.528833022000072)","Unfall 162714 (2019) Kat:3, Licht: 2","162714","3","6","2","11","06","3","1","2","0","1","0","0"
"POINT (9.995991962000062 53.550630685000044)","Unfall 162715 (2019) Kat:3, Licht: 0","162715","3","2","4","12","13","6","1","0","1","1","0","0"
"POINT (10.173626764000062 53.444035919000044)","Unfall 162716 (2019) Kat:3, Licht: 0","162716","3","2","4","11","13","3","0","0","0","1","0","0"
"POINT (9.987934400000029 53.556369477000032)","Unfall 162717 (2019) Kat:3, Licht: 0","162717","3","6","3","12","11","6","0","0","0","1","0","0"
"POINT (10.171060995000062 53.513696967000044)","Unfall 162718 (2019) Kat:3, Licht: 0","162718","3","3","5","11","08","3","1","0","1","1","0","0"
"POINT (10.126744984000027 53.582254903000035)","Unfall 162719 (2019) Kat:2, Licht: 2","162719","2","2","4","11","18","3","0","2","0","1","0","0"
"POINT (9.975144708000073 53.556416403000071)","Unfall 162720 (2019) Kat:3, Licht: 1","162720","3","3","5","12","07","6","1","1","0","1","0","0"
"POINT (10.111756515000025 53.597453421000068)","Unfall 162721 (2019) Kat:3, Licht: 2","162721","3","1","9","11","18","3","0","2","0","1","0","0"
"POINT (9.991562894000026 53.553781488000027)","Unfall 162722 (2019) Kat:3, Licht: 0","162722","3","4","6","12","15","6","1","0","0","0","1","0"
"POINT (10.112166552000076 53.616092228000070)","Unfall 162723 (2019) Kat:3, Licht: 1","162723","3","4","6","11","16","3","0","1","0","1","1","0"
"POINT (10.083713162000038 53.570120476000056)","Unfall 162724 (2019) Kat:2, Licht: 2","162724","2","2","4","11","17","3","1","2","0","1","0","1"
"POINT (9.923877624000056 53.520552193000071)","Unfall 162725 (2019) Kat:3, Licht: 2","162725","3","6","2","12","17","6","1","2","0","1","0","0"
"POINT (9.957339649000062 53.462024136000082)","Unfall 162726 (2019) Kat:3, Licht: 0","162726","3","2","6","12","13","5","0","0","0","1","1","0"
"POINT (10.099347265000063 53.569537079000042)","Unfall 162727 (2019) Kat:3, Licht: 0","162727","3","2","2","11","09","3","1","0","0","1","0","0"
"POINT (9.981684906000055 53.519661543000041)","Unfall 162728 (2019) Kat:3, Licht: 2","162728","3","6","2","12","06","5","0","2","0","1","0","0"
"POINT (10.062292527000068 53.596058197000048)","Unfall 162729 (2019) Kat:3, Licht: 0","162729","3","3","5","11","08","3","1","0","1","1","0","0"
"POINT (10.066193127000076 53.598668929000041)","Unfall 162730 (2019) Kat:3, Licht: 2","162730","3","6","3","12","19","5","0","2","0","1","0","0"
"POINT (10.013006905000054 53.644315752000068)","Unfall 162731 (2019) Kat:3, Licht: 1","162731","3","2","0","11","07","3","1","1","1","1","0","0"
"POINT (10.056897430000049 53.647586268000055)","Unfall 162732 (2019) Kat:3, Licht: 2","162732","3","3","6","12","22","5","0","2","0","1","1","0"
"POINT (10.007273968000050 53.599519524000073)","Unfall 162733 (2019) Kat:3, Licht: 2","162733","3","5","1","11","18","3","1","2","1","1","0","0"
"POINT (10.003234620000057 53.659436169000060)","Unfall 162734 (2019) Kat:3, Licht: 0","162734","3","2","3","12","15","5","0","0","0","0","0","0"
"POINT (9.996753373000047 53.606212553000034)","Unfall 162735 (2019) Kat:3, Licht: 2","162735","3","6","2","12","06","5","1","2","0","1","0","0"
"POINT (10.041382256000077 53.579784519000043)","Unfall 162736 (2019) Kat:3, Licht: 2","162736","3","3","5","12","23","5","0","2","0","1","0","0"
"POINT (9.995098081000037 53.599286817000063)","Unfall 162737 (2019) Kat:3, Licht: 2","162737","3","3","5","11","06","3","1","2","1","0","0","0"
"POINT (10.005317346000027 53.548071604000029)","Unfall 162738 (2019) Kat:3, Licht: 2","162738","3","6","2","12","18","5","0","2","0","1","0","0"
"POINT (10.043549263000045 53.595847835000029)","Unfall 162739 (2019) Kat:3, Licht: 0","162739","3","3","5","11","10","3","1","0","1","0","0","0"