WKT,Name,OBJECTID,UKATEGORIE,UTYP1,UART,UMONAT,USTUNDE,UWOCHENTAG,STRZUSTAND,ULICHTVERH,ISTRAD,ISTPKW,ISTFUSS,ISTKRAD
"POINT (9.995294190000038 53.543453634000059)","Unfall 162740 (2019) Kat:3, Licht: 2","162740","3","6","2","12","17","5","0","2","0","1","0","0"
"POINT (9.807764069000029 53.563951264000082)","Unfall 162741 (2019) Kat:3, Licht: 0","162741","3","2","5","11","13","3","1","0","1","1","0","0"
"POINT (9.907637406000049 53.626724876000026)","Unfall 162742 (2019) Kat:3, Licht: 2","162742","3","2","3","11","17","3","0","2","0","1","0","1"
"POINT (10.001426680000066 53.550034627000059)","Unfall 162743 (2019) Kat:3, Licht: 0","162743","3","4","6","12","09","5","0","0","1","0","1","0"
"POINT (9.913487640000028 53.634013871000036)","Unfall 162744 (2019) Kat:3, Licht: 0","162744","3","2","3","11","12","3","1","0","1","0","0","0"
"POINT (9.991670294000073 53.557770049000055)","Unfall 162745 (2019) Kat:2, Licht: 1","162745","2","5","1","12","07","5","0","1","1","1","0","0"
"POINT (9.974639936000074 53.569494848000033)","Unfall 162746 (2019) Kat:3, Licht: 2","162746","3","5","1","11","17","3","0","2","1","1","0","0"
"POINT (9.995075636000024 53.570837270000027)","Unfall 162747 (2019) Kat:3, Licht: 0","162747","3","6","2","11","10","3","1","0","0","1","0","0"
"POINT (9.988027621000072 53.448924359000046)","Unfall 162748 (2019) Kat:3, Licht: 2","162748","3","3","5","12","21","4","0","2","0","1","0","0"
"POINT (9.885323614000072 53.517911910000066)","Unfall 162749 (2019) Kat:3, Licht: 0","162749","3","2","3","11","09","2","1","0","0","1","0","0"
"POINT (10.201841625000043 53.489007258000072)","Unfall 162750 (2019) Kat:3, Licht: 2","162750","3","2","4","11","18","2","1","2","0","1","0","0"
"POINT (10.120967733000043 53.534562682000058)","Unfall 162751 (2019) Kat:2, Licht: 1","162751","2","4","6","11","16","2","1","1","0","1","1","0"
"POINT (9.982558486000073 53.460381995000034)","Unfall 162752 (2019) Kat:3, Licht: 2","162752","3","4","6","12","19","4","0","2","0","0","1","0"
"POINT (10.055087779000075 53.555446688000075)","Unfall 162753 (2019) Kat:3, Licht: 2","162753","3","4","6","11","16","2","1","2","0","1","1","0"
"POINT (9.977508505000060 53.460877790000040)","Unfall 162754 (2019) Kat:3, Licht: 1","162754","3","4","6","12","07","4","0","1","0","1","1","0"
"POINT (10.005073515000049 53.520504657000060)","Unfall 162755 (2019) Kat:3, Licht: 2","162755","3","1","9","12","21","4","0","2","0","1","0","0"
"POINT (10.050874394000061 53.547933987000079)","Unfall 162756 (2019) Kat:3, Licht: 1","162756","3","3","5","11","07","2","1","1","1","1","0","0"
"POINT (10.136782575000041 53.607670841000072)","Unfall 162757 (2019) Kat:3, Licht: 2","162757","3","6","3","11","16","2","1","2","0","1","0","0"
"POINT (10.182650104000061 53.498335918000066)","Unfall 162758 (2019) Kat:3, Licht: 2","162758","3","2","4","12","18","4","0","2","1","1","0","0"
"POINT (10.137505383000075 53.608046316000070)","Unfall 162759 (2019) Kat:3, Licht: 1","162759","3","2","4","11","07","2","1","1","1","1","0","0"
"POINT (10.205438061000052 53.501977083000043)","Unfall 162760 (2019) Kat:3, Licht: 2","162760","3","4","6","12","07","4","0","2","0","1","1","0"
"POINT (10.070029995000027 53.608625623000080)","Unfall 162761 (2019) Kat:3, Licht: 0","162761","3","3","5","11","11","2","1","0","0","1","0","0"
"POINT (10.072314896000023 53.608718197000030)","Unfall 162762 (2019) Kat:3, Licht: 2","162762","3","6","2","11","22","2","1","2","0","1","0","0"
"POINT (10.070331846000045 53.571871752000050)","Unfall 162763 (2019) Kat:3, Licht: 0","162763","3","3","0","12","14","4","0","0","0","1","0","0"
"POINT (10.083049546000041 53.573550942000054)","Unfall 162764 (2019) Kat:3, Licht: 1","162764","3","3","5","12","15","4","1","1","1","1","0","0"
"POINT (10.159670647000041 53.656604096000081)","Unfall 162765 (2019) Kat:2, Licht: 0","162765","2","2","6","11","08","2","1","0","0","1","1","0"
"POINT (10.165464740000061 53.648773625000047)","Unfall 162766 (2019) Kat:2, Licht: 2","162766","2","2","6","11","17","2","1","2","0","1","1","0"
"POINT (10.078109078000068 53.617368773000067)","Unfall 162767 (2019) Kat:3, Licht: 2","162767","3","5","2","12","07","4","0","2","0","1","0","0"
"POINT (10.019133029000045 53.623667806000071)","Unfall 162768 (2019) Kat:3, Licht: 2","162768","3","4","6","11","18","2","1","2","0","1","1","0"
"POINT (10.078110498000058 53.617369748000044)","Unfall 162769 (2019) Kat:3, Licht: 2","162769","3","6","2","12","07","4","0","2","0","1","0","0"
"POINT (10.007386676000067 53.581032139000058)","Unfall 162770 (2019) Kat:2, Licht: 0","162770","2","3","5","11","10","2","1","0","1","1","0","0"
"POINT (10.014574054000036 53.576181039000062)","Unfall 162771 (2019) Kat:3, Licht: 2","162771","3","3","0","11","19","2","1","2","0","1","0","0"
"POINT (10.035331135000035 53.637954377000028)","Unfall 162772 (2019) Kat:3, Licht: 0","162772","3","6","2","12","13","4","0","0","0","1","0","0"
"POINT (10.001927475000059 53.586567180000031)","Unfall 162773 (2019) Kat:3, Licht: 1","162773","3","6","2","12","07","4","0","1","0","1","0","0"
"POINT (10.044516164000072 53.583907502000045)","Unfall 162774 (2019) Kat:3, Licht: 0","162774","3","7","1","11","11","2","0","0","1","1","0","0"
"POINT (10.019530935000034 53.565445732000057)","Unfall 162775 (2019) Kat:3, Licht: 2","162775","3","2","2","12","17","4","0","2","0","1","0","0"
"POINT (9.904890065000075 53.610208581000052)","Unfall 162776 (2019) Kat:3, Licht: 0","162776","3","6","3","11","14","2","0","0","1","0","0","0"
"POINT (10.035432111000034 53.575116722000075)","Unfall 162777 (2019) Kat:3, Licht: 2","162777","3","3","5","12","17","4","0","2","1","1","0","0"
"POINT (9.801115948000074 53.565490671000077)","Unfall 162778 (2019) Kat:3, Licht: 2","162778","3","3","5","11","19","2","1","2","1","1","0","0"
"POINT (9.967952287000060 53.636593555000047)","Unfall 162779 (2019) Kat:3, Licht: 1","162779","3","2","4","11","07","2","1","1","0","1","0","0"
"POINT (9.955064401000072 53.577365871000040)","Unfall 162780 (2019) Kat:3, Licht: 2","162780","3","5","1","12","20","4","1","2","1","1","0","0"
"POINT (9.944368720000057 53.577792572000078)","Unfall 162781 (2019) Kat:2, Licht: 2","162781","2","6","2","11","21","2","1","2","1","1","0","0"
"POINT (9.927108767000050 53.551717623000059)","Unfall 162782 (2019) Kat:3, Licht: 0","162782","3","6","1","12","14","4","0","0","1","1","0","0"
"POINT (9.965326718000028 53.576355757000044)","Unfall 162783 (2019) Kat:3, Licht: 2","162783","3","3","5","11","18","2","1","2","1","1","0","0"
"POINT (9.937590609000040 53.557727915000044)","Unfall 162784 (2019) Kat:3, Licht: 2","162784","3","6","2","11","20","2","1","2","0","1","0","0"
"POINT (9.976025022000044 53.578128752000055)","Unfall 162785 (2019) Kat:3, Licht: 0","162785","3","3","0","12","15","4","0","0","1","0","0","0"
"POINT (10.002827245000049 53.551395352000043)","Unfall 162786 (2019) Kat:3, Licht: 0","162786","3","4","6","11","10","2","0","0","0","1","1","0"
"POINT (10.013357017000033 53.552269670000044)","Unfall 162787 (2019) Kat:3, Licht: 0","162787","3","2","3","12","08","4","0","0","1","1","0","0"
"POINT (9.997978800000055 53.434335431000079)","Unfall 162788 (2019) Kat:3, Licht: 2","162788","3","4","6","11","18","1","1","2","0","0","1","0"
"POINT (10.109251137000058 53.581751037000060)","Unfall 162789 (2019) Kat:3, Licht: 0","162789","3","4","6","11","12","1","0","0","0","0","1","0"
"POINT (9.865859626000031 53.585198501000036)","Unfall 162790 (2019) Kat:3, Licht: 1","162790","3","1","9","11","07","1","2","1","0","1","0","0"
"POINT (9.878772222000066 53.532436899000061)","Unfall 162791 (2019) Kat:3, Licht: 2","162791","3","4","6","12","07","3","1","2","0","1","1","0"
"POINT (9.955684321000035 53.546378992000029)","Unfall 162792 (2019) Kat:3, Licht: 2","162792","3","7","0","11","03","1","0","2","0","0","0","0"
"POINT (10.008080074000077 53.456153795000034)","Unfall 162793 (2019) Kat:3, Licht: 0","162793","3","6","2","12","13","3","0","0","0","1","0","0"
"POINT (10.015554037000072 53.518504676000077)","Unfall 162794 (2019) Kat:3, Licht: 0","162794","3","2","5","11","12","7","1","0","0","1","0","0"
"POINT (9.976426842000024 53.458500359000027)","Unfall 162795 (2019) Kat:3, Licht: 0","162795","3","4","6","12","11","3","0","0","0","1","1","0"
"POINT (10.127801225000042 53.542181151000079)","Unfall 162796 (2019) Kat:3, Licht: 2","162796","3","1","8","11","21","7","1","2","0","1","0","0"
"POINT (10.126845135000053 53.546837911000068)","Unfall 162797 (2019) Kat:3, Licht: 2","162797","3","2","4","11","19","7","1","2","0","1","0","0"
"POINT (9.982056386000068 53.456033457000046)","Unfall 162798 (2019) Kat:3, Licht: 0","162798","3","7","6","12","10","3","1","0","0","1","1","0"
"POINT (10.093656620000047 53.555360201000042)","Unfall 162799 (2019) Kat:3, Licht: 0","162799","3","3","5","11","12","7","1","0","0","1","0","0"
"POINT (9.953518891000044 53.465719695000075)","Unfall 162800 (2019) Kat:3, Licht: 0","162800","3","1","9","12","06","3","1","0","0","1","0","0"
"POINT (10.142141243000026 53.628532838000069)","Unfall 162801 (2019) Kat:3, Licht: 0","162801","3","2","4","11","12","7","1","0","0","1","0","0"
"POINT (10.142088283000021 53.543289423000033)","Unfall 162802 (2019) Kat:3, Licht: 2","162802","3","3","5","12","18","3","1","2","1","0","0","0"
"POINT (10.015565811000045 53.633339952000028)","Unfall 162803 (2019) Kat:3, Licht: 0","162803","3","6","2","11","14","7","1","0","0","1","0","0"
"POINT (10.047373072000028 53.567817958000035)","Unfall 162804 (2019) Kat:3, Licht: 2","162804","3","6","4","11","22","7","1","2","0","1","0","0"
"POINT (10.144642276000070 53.545217255000068)","Unfall 162805 (2019) Kat:3, Licht: 0","162805","3","2","4","12","07","3","1","0","0","1","0","0"
"POINT (9.924444842000071 53.610270860000071)","Unfall 162806 (2019) Kat:3, Licht: 0","162806","3","6","2","11","13","7","1","0","0","1","0","0"
"POINT (10.113932682000041 53.601047248000043)","Unfall 162807 (2019) Kat:3, Licht: 0","162807","3","3","5","12","09","3","1","0","1","1","0","0"
"POINT (9.963168574000065 53.603537517000063)","Unfall 162808 (2019) Kat:3, Licht: 2","162808","3","2","4","11","16","7","1","2","0","1","0","0"
"POINT (9.917639543000064 53.551025180000067)","Unfall 162809 (2019) Kat:3, Licht: 2","162809","3","2","3","11","23","7","0","2","1","1","0","0"
"POINT (10.059106090000057 53.593611659000032)","Unfall 162810 (2019) Kat:3, Licht: 0","162810","3","2","3","12","10","3","1","0","1","0","0","0"
"POINT (9.948902891000046 53.562603259000070)","Unfall 162811 (2019) Kat:3, Licht: 2","162811","3","4","6","11","17","7","1","2","0","1","1","0"
"POINT (10.108934778000048 53.626518762000046)","Unfall 162812 (2019) Kat:3, Licht: 0","162812","3","3","5","12","12","3","1","0","1","1","0","0"
"POINT (9.949628336000046 53.558734910000055)","Unfall 162813 (2019) Kat:3, Licht: 0","162813","3","6","2","11","13","7","1","0","0","1","0","0"
"POINT (10.004935975000024 53.550140922000082)","Unfall 162814 (2019) Kat:3, Licht: 2","162814","3","4","6","11","16","7","1","2","0","1","1","0"
"POINT (10.108260219000044 53.537298869000040)","Unfall 162815 (2019) Kat:3, Licht: 2","162815","3","3","5","11","23","6","0","2","0","1","0","0"
"POINT (10.160403216000077 53.654195621000042)","Unfall 162816 (2019) Kat:3, Licht: 0","162816","3","1","2","12","14","3","1","0","0","1","0","0"
"POINT (10.089266802000054 53.526870070000030)","Unfall 162817 (2019) Kat:2, Licht: 2","162817","2","3","5","11","05","6","0","2","0","0","0","0"
"POINT (10.176189112000031 53.647599547000027)","Unfall 162818 (2019) Kat:3, Licht: 0","162818","3","3","6","12","09","3","1","0","0","1","1","0"
"POINT (10.013856183000030 53.548531283000045)","Unfall 162819 (2019) Kat:3, Licht: 0","162819","3","6","2","11","12","6","0","0","0","1","0","0"
"POINT (10.016417711000031 53.654647956000076)","Unfall 162820 (2019) Kat:3, Licht: 0","162820","3","6","4","12","15","3","1","0","1","0","0","0"
"POINT (10.036943777000033 53.565176946000065)","Unfall 162821 (2019) Kat:3, Licht: 0","162821","3","3","5","11","08","6","0","0","1","1","0","0"
"POINT (10.015556502000038 53.562714002000064)","Unfall 162822 (2019) Kat:3, Licht: 2","162822","3","3","5","11","20","6","0","2","0","1","0","0"
"POINT (9.918482882000035 53.635489171000074)","Unfall 162823 (2019) Kat:3, Licht: 1","162823","3","4","6","12","16","3","0","1","0","1","1","0"
"POINT (10.047378402000049 53.595571869000082)","Unfall 162824 (2019) Kat:3, Licht: 2","162824","3","3","5","11","17","6","0","2","0","1","0","0"
"POINT (9.945851604000040 53.544331115000034)","Unfall 162825 (2019) Kat:2, Licht: 0","162825","2","4","6","12","12","3","0","0","0","1","1","0"
"POINT (9.874456608000060 53.590083449000076)","Unfall 162826 (2019) Kat:3, Licht: 0","162826","3","6","2","11","08","6","0","0","0","1","0","0"
"POINT (9.942063138000037 53.579370920000031)","Unfall 162827 (2019) Kat:3, Licht: 2","162827","3","2","6","11","23","6","0","2","0","1","1","0"
"POINT (9.964341041000068 53.559517978000031)","Unfall 162828 (2019) Kat:3, Licht: 2","162828","3","7","3","12","16","3","0","2","0","1","0","0"
"POINT (10.173532243000068 53.443972777000056)","Unfall 162829 (2019) Kat:3, Licht: 0","162829","3","3","5","12","15","2","0","0","1","1","0","0"
"POINT (9.951815810000028 53.598842078000075)","Unfall 162830 (2019) Kat:3, Licht: 0","162830","3","6","2","11","07","6","0","0","0","0","0","0"
"POINT (10.051375637000035 53.532505772000036)","Unfall 162831 (2019) Kat:3, Licht: 0","162831","3","2","5","12","07","2","0","0","0","1","0","0"
"POINT (9.925591741000062 53.550800275000029)","Unfall 162832 (2019) Kat:3, Licht: 2","162832","3","3","5","11","19","6","0","2","0","1","0","0"
"POINT (9.995866928000055 53.550586253000063)","Unfall 162833 (2019) Kat:3, Licht: 0","162833","3","3","0","11","09","6","0","0","0","1","0","0"
"POINT (10.148754458000042 53.595272038000076)","Unfall 162834 (2019) Kat:3, Licht: 0","162834","3","7","1","12","10","2","1","0","0","1","1","0"
"POINT (10.125053361000028 53.580916462000062)","Unfall 162835 (2019) Kat:3, Licht: 0","162835","3","6","1","12","08","2","0","0","0","1","0","0"
"POINT (10.022830548000059 53.533774480000034)","Unfall 162836 (2019) Kat:3, Licht: 1","162836","3","6","2","11","16","6","0","1","0","1","0","0"
"POINT (10.136103998000067 53.613760451000076)","Unfall 162837 (2019) Kat:3, Licht: 0","162837","3","3","5","12","08","2","1","0","0","1","0","0"
"POINT (9.988785410000048 53.450753543000076)","Unfall 162838 (2019) Kat:3, Licht: 2","162838","3","5","1","11","19","5","0","2","0","1","0","0"
"POINT (9.968953398000053 53.463935649000064)","Unfall 162839 (2019) Kat:3, Licht: 0","162839","3","6","2","11","07","5","1","0","0","1","0","1"
"POINT (10.052025371000070 53.608385268000063)","Unfall 162840 (2019) Kat:3, Licht: 0","162840","3","6","2","12","12","2","1","0","0","1","0","0"
"POINT (10.123326544000065 53.644391279000047)","Unfall 162841 (2019) Kat:3, Licht: 2","162841","3","2","4","12","20","2","0","2","0","1","0","0"
"POINT (10.013245462000043 53.520794998000042)","Unfall 162842 (2019) Kat:2, Licht: 2","162842","2","5","0","11","18","5","0","2","0","0","1","0"
"POINT (10.033338042000025 53.621087436000039)","Unfall 162843 (2019) Kat:3, Licht: 2","162843","3","5","1","12","18","2","0","2","0","1","0","0"
"POINT (9.991449482000064 53.500802030000045)","Unfall 162844 (2019) Kat:3, Licht: 2","162844","3","2","6","11","18","5","0","2","0","1","1","0"
"POINT (10.015589300000045 53.582220812000060)","Unfall 162845 (2019) Kat:2, Licht: 2","162845","2","2","6","12","18","2","1","2","0","1","1","0"
"POINT (9.976934318000076 53.511114377000069)","Unfall 162846 (2019) Kat:3, Licht: 0","162846","3","6","3","11","08","5","0","0","0","0","0","0"
"POINT (10.141205758000069 53.618163484000036)","Unfall 162847 (2019) Kat:3, Licht: 0","162847","3","7","6","11","08","5","0","0","0","0","1","0"
"POINT (10.024205981000023 53.557954771000027)","Unfall 162848 (2019) Kat:3, Licht: 2","162848","3","6","3","12","18","2","0","2","1","0","0","0"
"POINT (10.161518748000049 53.604900967000049)","Unfall 162849 (2019) Kat:3, Licht: 1","162849","3","3","5","11","16","5","0","1","1","0","0","0"
"POINT (9.909541124000043 53.554374490000043)","Unfall 162850 (2019) Kat:3, Licht: 0","162850","3","2","6","12","11","2","1","0","0","1","1","0"
"POINT (10.125575206000065 53.586389234000080)","Unfall 162851 (2019) Kat:3, Licht: 1","162851","3","4","6","11","16","5","0","1","0","1","1","0"
"POINT (10.065643484000077 53.571349602000055)","Unfall 162852 (2019) Kat:3, Licht: 2","162852","3","3","5","11","19","5","0","2","1","1","0","0"
"POINT (9.967403006000041 53.585820364000028)","Unfall 162853 (2019) Kat:3, Licht: 0","162853","3","3","5","12","16","2","0","0","1","1","0","0"
"POINT (9.989193631000035 53.581394499000055)","Unfall 162854 (2019) Kat:3, Licht: 1","162854","3","3","5","12","16","2","0","1","1","1","0","0"
"POINT (10.080177237000044 53.608392501000026)","Unfall 162855 (2019) Kat:2, Licht: 2","162855","2","2","4","11","20","5","0","2","0","1","0","0"
"POINT (9.936560594000071 53.484436904000063)","Unfall 162856 (2019) Kat:3, Licht: 2","162856","3","6","4","12","18","2","0","2","0","1","0","0"
"POINT (10.041627682000069 53.646266386000036)","Unfall 162857 (2019) Kat:3, Licht: 2","162857","3","6","2","11","18","5","0","2","0","1","0","0"
"POINT (9.969499609000025 53.516911336000078)","Unfall 162858 (2019) Kat:3, Licht: 0","162858","3","6","2","12","08","2","1","0","0","1","0","0"
"POINT (10.083563582000068 53.666559544000052)","Unfall 162859 (2019) Kat:3, Licht: 0","162859","3","3","5","11","07","5","0","0","0","1","0","0"
"POINT (10.200061861000052 53.482625684000027)","Unfall 162860 (2019) Kat:3, Licht: 2","162860","3","3","5","12","19","1","0","2","0","1","0","0"
"POINT (10.181526042000030 53.483523240000068)","Unfall 162861 (2019) Kat:3, Licht: 2","162861","3","2","5","12","05","1","1","2","0","1","0","0"
"POINT (10.031798830000071 53.595278326000027)","Unfall 162862 (2019) Kat:3, Licht: 2","162862","3","6","2","11","16","5","0","2","0","1","0","0"
"POINT (10.057234145000052 53.580034438000041)","Unfall 162863 (2019) Kat:3, Licht: 2","162863","3","2","4","12","00","1","1","2","0","1","0","0"
"POINT (10.055858422000028 53.591441199000030)","Unfall 162864 (2019) Kat:3, Licht: 0","162864","3","2","4","11","11","5","0","0","0","1","0","0"
"POINT (10.010583395000026 53.651031116000070)","Unfall 162865 (2019) Kat:3, Licht: 2","162865","3","2","0","12","17","1","0","2","1","1","0","0"
"POINT (9.902735595000024 53.618187747000036)","Unfall 162866 (2019) Kat:2, Licht: 0","162866","2","2","4","11","12","5","0","0","1","1","0","0"
"POINT (10.019455368000024 53.653292563000036)","Unfall 162867 (2019) Kat:3, Licht: 2","162867","3","7","0","12","20","1","0","2","0","1","0","0"
"POINT (10.035983608000038 53.575427348000062)","Unfall 162868 (2019) Kat:3, Licht: 2","162868","3","6","2","12","19","1","0","2","0","1","0","0"
"POINT (9.959220444000039 53.549585152000077)","Unfall 162869 (2019) Kat:3, Licht: 2","162869","3","7","0","12","04","1","0","2","0","1","0","0"
"POINT (9.980598506000035 53.548606955000082)","Unfall 162870 (2019) Kat:3, Licht: 0","162870","3","7","1","12","09","1","1","0","0","1","0","0"
"POINT (9.899770646000036 53.557620116000066)","Unfall 162871 (2019) Kat:3, Licht: 2","162871","3","2","2","11","22","5","0","2","0","1","0","0"
"POINT (9.898754328000052 53.570697752000058)","Unfall 162872 (2019) Kat:3, Licht: 2","162872","3","3","5","11","18","5","0","2","1","1","0","0"
"POINT (9.971992414000056 53.451766178000071)","Unfall 162873 (2019) Kat:3, Licht: 0","162873","3","3","5","11","11","7","1","0","0","1","0","0"
"POINT (10.000795814000071 53.499805531000050)","Unfall 162874 (2019) Kat:3, Licht: 0","162874","3","6","2","11","13","7","0","0","0","1","0","0"
"POINT (9.908768108000061 53.545893667000030)","Unfall 162875 (2019) Kat:3, Licht: 0","162875","3","7","2","11","10","5","0","0","0","1","0","0"
"POINT (9.881213219000074 53.559416261000081)","Unfall 162876 (2019) Kat:3, Licht: 0","162876","3","7","0","11","10","5","0","0","1","1","0","0"
"POINT (9.944012568000062 53.628855843000053)","Unfall 162877 (2019) Kat:3, Licht: 0","162877","3","2","4","11","10","5","1","0","1","1","0","0"
"POINT (9.953684159000034 53.553697932000034)","Unfall 162878 (2019) Kat:3, Licht: 0","162878","3","7","3","11","14","5","0","0","0","1","0","0"
"POINT (9.949977309000076 53.564261499000054)","Unfall 162879 (2019) Kat:3, Licht: 0","162879","3","3","5","11","08","5","0","0","1","1","0","0"
"POINT (9.995221429000026 53.569873991000065)","Unfall 162880 (2019) Kat:3, Licht: 0","162880","3","6","2","11","13","5","0","0","0","1","0","0"
"POINT (9.981720745000075 53.566411251000034)","Unfall 162881 (2019) Kat:3, Licht: 0","162881","3","7","2","11","11","5","0","0","1","1","0","0"
"POINT (10.000719792000041 53.555524525000067)","Unfall 162882 (2019) Kat:3, Licht: 0","162882","3","2","4","11","18","5","1","0","0","1","0","0"
"POINT (9.961955550000027 53.439325152000038)","Unfall 162883 (2019) Kat:2, Licht: 0","162883","2","3","5","11","08","4","2","0","1","1","0","0"
"POINT (10.180831773000023 53.497266631000059)","Unfall 162884 (2019) Kat:3, Licht: 2","162884","3","6","2","11","06","4","1","2","0","1","0","0"
"POINT (10.083484340000041 53.494651213000054)","Unfall 162885 (2019) Kat:3, Licht: 0","162885","3","6","4","11","08","4","2","0","0","1","0","0"
"POINT (10.105774517000043 53.548029563000057)","Unfall 162886 (2019) Kat:3, Licht: 0","162886","3","3","5","11","06","4","0","0","0","1","0","0"
"POINT (10.115651361000062 53.602952047000031)","Unfall 162887 (2019) Kat:3, Licht: 0","162887","3","3","5","11","14","4","0","0","1","1","0","0"
"POINT (10.058379974000047 53.595100703000071)","Unfall 162888 (2019) Kat:3, Licht: 1","162888","3","3","5","11","07","4","1","1","1","1","0","0"
"POINT (10.025880432000065 53.632387637000079)","Unfall 162889 (2019) Kat:3, Licht: 0","162889","3","3","5","11","08","4","0","0","1","1","0","0"
"POINT (10.045791139000073 53.588617657000043)","Unfall 162890 (2019) Kat:3, Licht: 2","162890","3","2","3","11","17","4","0","2","1","1","0","0"
"POINT (10.000883413000054 53.499877973000082)","Unfall 162891 (2019) Kat:3, Licht: 0","162891","3","6","2","11","12","7","0","0","0","1","0","0"
"POINT (10.207565820000070 53.496786595000060)","Unfall 162892 (2019) Kat:3, Licht: 0","162892","3","4","6","11","15","7","0","0","0","1","1","0"
"POINT (10.006155030000059 53.585784923000062)","Unfall 162893 (2019) Kat:3, Licht: 2","162893","3","7","2","11","18","4","0","2","1","1","0","0"
"POINT (10.015271571000028 53.548383505000061)","Unfall 162894 (2019) Kat:3, Licht: 0","162894","3","2","3","11","11","7","0","0","0","1","0","0"
"POINT (10.016837118000069 53.561957587000052)","Unfall 162895 (2019) Kat:3, Licht: 0","162895","3","6","2","11","13","4","0","0","0","1","0","0"
"POINT (10.131113979000077 53.588764731000026)","Unfall 162896 (2019) Kat:3, Licht: 0","162896","3","3","5","11","12","7","0","0","0","1","0","0"
"POINT (9.899037160000034 53.605810267000038)","Unfall 162897 (2019) Kat:3, Licht: 0","162897","3","4","6","11","13","4","0","0","0","1","1","0"
"POINT (9.905197791000035 53.608223984000063)","Unfall 162898 (2019) Kat:3, Licht: 0","162898","3","6","3","11","13","4","0","0","0","1","0","1"
"POINT (10.100651249000066 53.649986437000052)","Unfall 162899 (2019) Kat:3, Licht: 0","162899","3","7","1","11","11","7","0","0","0","1","0","0"
"POINT (9.862222197000051 53.558759749000046)","Unfall 162900 (2019) Kat:3, Licht: 0","162900","3","7","5","11","07","4","0","0","1","1","0","0"
"POINT (10.093405114000063 53.637260871000080)","Unfall 162901 (2019) Kat:2, Licht: 2","162901","2","7","1","11","04","7","1","2","0","1","0","0"
"POINT (9.948839182000029 53.640060044000052)","Unfall 162902 (2019) Kat:3, Licht: 2","162902","3","2","6","11","17","4","0","2","0","1","1","0"
"POINT (9.990611581000053 53.560446984000066)","Unfall 162903 (2019) Kat:3, Licht: 2","162903","3","2","3","11","20","4","0","2","0","1","0","0"
"POINT (10.020950536000043 53.649168937000070)","Unfall 162904 (2019) Kat:3, Licht: 2","162904","3","2","6","11","17","7","0","2","0","1","1","0"
"POINT (10.000782896000032 53.555567895000081)","Unfall 162905 (2019) Kat:3, Licht: 0","162905","3","2","5","11","12","4","0","0","0","1","0","0"
"POINT (10.011065983000037 53.667620166000063)","Unfall 162906 (2019) Kat:3, Licht: 0","162906","3","1","4","11","09","7","1","0","0","1","0","0"
"POINT (9.933405868000023 53.510574077000058)","Unfall 162907 (2019) Kat:1, Licht: 2","162907","1","1","9","11","10","4","0","2","0","1","0","0"
"POINT (10.203720715000031 53.471535836000044)","Unfall 162908 (2019) Kat:2, Licht: 0","162908","2","4","6","11","13","3","0","0","0","1","1","0"
"POINT (10.030277718000036 53.552107038000031)","Unfall 162909 (2019) Kat:3, Licht: 2","162909","3","2","6","11","06","3","0","2","0","1","1","0"
"POINT (10.035135487000048 53.575220133000073)","Unfall 162910 (2019) Kat:3, Licht: 2","162910","3","2","5","11","18","7","0","2","0","1","0","0"
"POINT (10.194848880000052 53.605147083000077)","Unfall 162911 (2019) Kat:2, Licht: 0","162911","2","3","5","11","11","3","0","0","1","0","0","0"
"POINT (10.032596307000063 53.581660149000072)","Unfall 162912 (2019) Kat:3, Licht: 2","162912","3","6","2","11","01","7","0","2","0","1","0","0"
"POINT (10.062290736000023 53.570863051000060)","Unfall 162913 (2019) Kat:3, Licht: 1","162913","3","6","3","11","17","3","0","1","0","1","0","0"
"POINT (10.065913091000027 53.571724835000055)","Unfall 162914 (2019) Kat:3, Licht: 2","162914","3","2","3","11","17","3","0","2","0","1","0","0"
"POINT (10.013026927000055 53.644932853000057)","Unfall 162915 (2019) Kat:3, Licht: 2","162915","3","6","6","11","22","3","0","2","1","0","1","0"
"POINT (9.895467051000026 53.604234418000033)","Unfall 162916 (2019) Kat:3, Licht: 2","162916","3","2","2","11","19","7","1","2","0","1","0","0"
"POINT (9.866155612000057 53.586451871000065)","Unfall 162917 (2019) Kat:3, Licht: 0","162917","3","3","5","11","12","7","0","0","1","1","0","0"
"POINT (10.007572238000023 53.667996654000035)","Unfall 162918 (2019) Kat:2, Licht: 0","162918","2","1","0","11","09","3","0","0","0","0","0","1"
"POINT (9.937521377000053 53.552806862000068)","Unfall 162919 (2019) Kat:3, Licht: 2","162919","3","6","2","11","17","7","1","2","0","1","0","0"
"POINT (10.033559352000054 53.588010263000058)","Unfall 162920 (2019) Kat:3, Licht: 2","162920","3","3","5","11","18","3","0","2","1","1","0","0"
"POINT (9.945601824000050 53.557122142000082)","Unfall 162921 (2019) Kat:3, Licht: 0","162921","3","6","3","11","15","7","0","0","1","0","0","0"
"POINT (10.037801540000032 53.594250254000031)","Unfall 162922 (2019) Kat:3, Licht: 0","162922","3","3","6","11","12","3","0","0","1","0","0","0"
"POINT (10.035785691000058 53.575309299000082)","Unfall 162923 (2019) Kat:3, Licht: 2","162923","3","6","4","11","20","3","0","2","1","1","0","0"
"POINT (9.977231592000067 53.564332056000069)","Unfall 162924 (2019) Kat:2, Licht: 2","162924","2","3","5","11","03","7","0","2","0","1","0","0"