WKT,Name,OBJECTID,UKATEGORIE,UTYP1,UART,UMONAT,USTUNDE,UWOCHENTAG,STRZUSTAND,ULICHTVERH,ISTRAD,ISTPKW,ISTFUSS,ISTKRAD
"POINT (9.861869739000042 53.569992306000074)","Unfall 162925 (2019) Kat:3, Licht: 0","162925","3","7","6","11","15","3","0","0","0","1","1","0"
"POINT (9.997046981000040 53.546285844000067)","Unfall 162926 (2019) Kat:3, Licht: 2","162926","3","3","5","11","01","7","0","2","1","1","0","0"
"POINT (9.850496056000054 53.557130981000057)","Unfall 162927 (2019) Kat:3, Licht: 0","162927","3","6","3","11","16","3","0","0","1","1","0","0"
"POINT (9.925773168000035 53.572680692000063)","Unfall 162928 (2019) Kat:3, Licht: 2","162928","3","2","4","11","18","3","0","2","1","1","0","0"
"POINT (9.993197261000034 53.454832867000050)","Unfall 162929 (2019) Kat:3, Licht: 0","162929","3","3","5","11","09","6","0","0","1","0","0","0"
"POINT (10.159180184000036 53.468906503000028)","Unfall 162930 (2019) Kat:3, Licht: 0","162930","3","6","4","11","12","6","0","0","0","1","0","0"
"POINT (9.917813113000022 53.631526511000061)","Unfall 162931 (2019) Kat:3, Licht: 0","162931","3","3","5","11","08","3","0","0","1","0","0","0"
"POINT (10.102766718000055 53.558264959000041)","Unfall 162932 (2019) Kat:3, Licht: 0","162932","3","4","6","11","10","6","1","0","0","1","1","0"
"POINT (9.974490361000051 53.610304789000054)","Unfall 162933 (2019) Kat:3, Licht: 2","162933","3","2","3","11","16","3","1","2","1","1","0","0"
"POINT (10.045065606000037 53.550928776000035)","Unfall 162934 (2019) Kat:3, Licht: 0","162934","3","5","1","11","08","6","1","0","1","1","0","0"
"POINT (9.987275360000069 53.594716191000032)","Unfall 162935 (2019) Kat:3, Licht: 0","162935","3","3","5","11","15","3","0","0","1","0","0","0"
"POINT (10.067752145000043 53.582338232000041)","Unfall 162936 (2019) Kat:2, Licht: 2","162936","2","2","4","11","00","6","1","2","0","1","0","0"
"POINT (10.087661598000068 53.655108487000064)","Unfall 162937 (2019) Kat:3, Licht: 0","162937","3","6","2","11","15","6","0","0","0","1","0","0"
"POINT (9.944392156000049 53.573802625000042)","Unfall 162938 (2019) Kat:3, Licht: 0","162938","3","5","5","11","15","3","0","0","0","1","0","0"
"POINT (10.106700429000057 53.542152919000046)","Unfall 162939 (2019) Kat:3, Licht: 1","162939","3","3","5","12","15","7","0","1","0","1","0","0"
"POINT (10.146007560000044 53.624081278000062)","Unfall 162940 (2019) Kat:3, Licht: 0","162940","3","2","6","12","13","7","0","0","0","1","1","0"
"POINT (10.074812963000056 53.574694942000065)","Unfall 162941 (2019) Kat:2, Licht: 2","162941","2","2","4","12","21","7","0","2","0","1","0","0"
"POINT (10.000842989000034 53.677784334000080)","Unfall 162942 (2019) Kat:3, Licht: 0","162942","3","7","0","12","15","7","0","0","0","1","0","0"
"POINT (9.917351742000051 53.599627656000052)","Unfall 162943 (2019) Kat:2, Licht: 2","162943","2","4","6","12","18","7","0","2","0","1","1","0"
"POINT (9.855261276000022 53.583331177000048)","Unfall 162944 (2019) Kat:3, Licht: 2","162944","3","3","5","12","17","7","1","2","1","1","0","0"
"POINT (9.899933501000021 53.578412281000055)","Unfall 162945 (2019) Kat:2, Licht: 0","162945","2","5","1","12","11","7","1","0","1","1","0","0"
"POINT (9.971138302000043 53.583201412000051)","Unfall 162946 (2019) Kat:3, Licht: 0","162946","3","2","0","12","09","7","0","0","0","1","0","1"
"POINT (9.977418570000054 53.564314191000051)","Unfall 162947 (2019) Kat:3, Licht: 2","162947","3","2","4","12","20","7","0","2","0","1","0","0"
"POINT (9.993803512000056 53.583276593000051)","Unfall 162948 (2019) Kat:3, Licht: 0","162948","3","3","5","12","12","7","1","0","0","1","0","0"
"POINT (9.993772526000043 53.578292072000067)","Unfall 162949 (2019) Kat:2, Licht: 1","162949","2","4","6","12","07","7","0","1","0","0","1","0"
"POINT (9.960815513000057 53.462729523000064)","Unfall 162950 (2019) Kat:3, Licht: 2","162950","3","4","6","12","21","6","1","2","0","0","1","0"
"POINT (10.027925465000067 53.533516342000041)","Unfall 162951 (2019) Kat:3, Licht: 2","162951","3","3","5","12","20","6","1","2","1","0","0","0"
"POINT (10.122786319000056 53.626934391000077)","Unfall 162952 (2019) Kat:3, Licht: 0","162952","3","4","6","12","14","6","0","0","0","1","1","0"
"POINT (10.166616320000060 53.623078157000066)","Unfall 162953 (2019) Kat:3, Licht: 0","162953","3","2","5","12","12","6","0","0","1","1","0","0"
"POINT (10.108114724000075 53.655715020000059)","Unfall 162954 (2019) Kat:3, Licht: 2","162954","3","6","2","12","19","6","1","2","0","1","0","0"
"POINT (10.027042641000037 53.631194795000056)","Unfall 162955 (2019) Kat:3, Licht: 2","162955","3","2","3","12","17","6","0","2","1","1","0","0"
"POINT (10.052722823000067 53.588110554000082)","Unfall 162956 (2019) Kat:3, Licht: 2","162956","3","2","6","12","05","6","0","2","0","0","1","0"
"POINT (10.038173611000047 53.565859792000026)","Unfall 162957 (2019) Kat:3, Licht: 1","162957","3","6","3","12","20","6","1","1","0","1","0","0"
"POINT (9.852998165000031 53.593068432000052)","Unfall 162958 (2019) Kat:3, Licht: 2","162958","3","6","0","12","17","6","0","2","0","1","0","0"
"POINT (9.858907296000041 53.576923341000054)","Unfall 162959 (2019) Kat:3, Licht: 2","162959","3","3","6","12","22","6","1","2","0","1","1","0"
"POINT (9.977966794000054 53.596393361000082)","Unfall 162960 (2019) Kat:3, Licht: 0","162960","3","6","0","12","10","6","0","0","0","1","0","1"
"POINT (9.987839658000041 53.581489732000080)","Unfall 162961 (2019) Kat:3, Licht: 0","162961","3","2","3","12","09","6","0","0","1","0","0","0"
"POINT (9.990592396000068 53.560424170000033)","Unfall 162962 (2019) Kat:3, Licht: 0","162962","3","2","3","12","14","6","0","0","0","1","0","0"
"POINT (9.989186472000029 53.558437972000036)","Unfall 162963 (2019) Kat:3, Licht: 0","162963","3","6","1","12","10","6","0","0","0","1","0","0"
"POINT (10.090997706000053 53.506656974000066)","Unfall 162964 (2019) Kat:3, Licht: 2","162964","3","6","2","12","19","5","0","2","0","1","0","0"
"POINT (10.114103978000060 53.545574641000030)","Unfall 162965 (2019) Kat:2, Licht: 2","162965","2","4","6","12","17","5","0","2","0","0","1","1"
"POINT (10.117096965000030 53.603939823000076)","Unfall 162966 (2019) Kat:3, Licht: 0","162966","3","2","6","12","12","5","0","0","0","1","1","0"
"POINT (10.133706143000040 53.595284505000052)","Unfall 162967 (2019) Kat:3, Licht: 0","162967","3","2","5","12","07","5","1","0","1","0","0","0"
"POINT (10.124805296000034 53.586308155000040)","Unfall 162968 (2019) Kat:3, Licht: 2","162968","3","4","6","12","07","5","1","2","0","1","1","0"
"POINT (10.017255052000053 53.563880995000034)","Unfall 162969 (2019) Kat:3, Licht: 1","162969","3","2","4","12","07","5","1","1","0","1","0","1"
"POINT (9.923991757000067 53.592082522000055)","Unfall 162970 (2019) Kat:3, Licht: 0","162970","3","3","5","12","12","5","1","0","0","1","1","0"
"POINT (9.993041503000029 53.592073691000053)","Unfall 162971 (2019) Kat:3, Licht: 0","162971","3","6","2","12","14","5","0","0","0","1","0","0"
"POINT (9.975920858000052 53.558296611000060)","Unfall 162972 (2019) Kat:3, Licht: 2","162972","3","1","8","12","23","5","0","2","0","0","0","1"
"POINT (9.981345775000023 53.554681648000042)","Unfall 162973 (2019) Kat:3, Licht: 2","162973","3","4","6","12","19","5","0","2","0","1","1","0"
"POINT (10.021050673000047 53.553076104000070)","Unfall 162974 (2019) Kat:3, Licht: 0","162974","3","3","5","12","15","5","0","0","0","1","0","0"
"POINT (9.987785093000070 53.517318936000038)","Unfall 162975 (2019) Kat:3, Licht: 2","162975","3","5","1","12","19","4","0","2","0","1","0","0"
"POINT (10.186616262000030 53.490058088000069)","Unfall 162976 (2019) Kat:3, Licht: 0","162976","3","1","0","12","14","4","0","0","1","0","0","0"
"POINT (10.179782913000054 53.479383534000078)","Unfall 162977 (2019) Kat:3, Licht: 2","162977","3","3","5","12","06","4","1","2","1","1","0","0"
"POINT (10.149539385000026 53.527415149000035)","Unfall 162978 (2019) Kat:3, Licht: 2","162978","3","4","6","12","17","4","0","2","0","1","1","0"
"POINT (10.102087951000044 53.541693316000078)","Unfall 162979 (2019) Kat:3, Licht: 0","162979","3","6","2","12","14","4","0","0","0","1","0","0"
"POINT (10.121483868000041 53.605513229000053)","Unfall 162980 (2019) Kat:2, Licht: 0","162980","2","3","5","12","15","4","0","0","0","1","0","0"
"POINT (10.129393181000069 53.600184056000046)","Unfall 162981 (2019) Kat:3, Licht: 2","162981","3","6","2","12","17","4","0","2","0","1","0","0"
"POINT (10.067098096000052 53.572113369000078)","Unfall 162982 (2019) Kat:3, Licht: 0","162982","3","4","6","12","08","4","0","0","1","0","1","0"
"POINT (10.071855776000064 53.597263182000063)","Unfall 162983 (2019) Kat:3, Licht: 2","162983","3","4","6","12","07","4","1","2","0","1","1","0"
"POINT (9.958290981000062 53.579893694000077)","Unfall 162984 (2019) Kat:3, Licht: 0","162984","3","6","2","12","11","4","0","0","1","0","0","0"
"POINT (9.986125210000068 53.576760765000074)","Unfall 162985 (2019) Kat:3, Licht: 0","162985","3","7","0","12","13","4","0","0","1","1","0","0"
"POINT (9.976338769000051 53.570600309000042)","Unfall 162986 (2019) Kat:3, Licht: 1","162986","3","6","4","12","08","4","1","1","1","0","0","0"
"POINT (9.962607651000042 53.564511183000036)","Unfall 162987 (2019) Kat:3, Licht: 0","162987","3","3","5","12","09","4","0","0","1","0","0","0"
"POINT (9.989843255000039 53.557898007000063)","Unfall 162988 (2019) Kat:2, Licht: 0","162988","2","7","6","12","14","4","0","0","0","0","1","0"
"POINT (9.989812352000058 53.554856589000053)","Unfall 162989 (2019) Kat:3, Licht: 0","162989","3","7","1","12","15","4","0","0","0","1","0","0"
"POINT (10.007119417000069 53.540513915000076)","Unfall 162990 (2019) Kat:3, Licht: 0","162990","3","3","5","12","12","4","0","0","0","1","0","0"
"POINT (10.200406521000048 53.499924011000076)","Unfall 162991 (2019) Kat:3, Licht: 0","162991","3","6","1","12","15","3","0","0","0","1","0","0"
"POINT (10.100771594000037 53.540454446000069)","Unfall 162992 (2019) Kat:3, Licht: 0","162992","3","2","5","12","12","3","0","0","1","0","0","0"
"POINT (10.037999798000044 53.547405852000054)","Unfall 162993 (2019) Kat:3, Licht: 1","162993","3","6","3","12","17","3","0","1","0","1","0","0"
"POINT (10.054287391000059 53.562606589000040)","Unfall 162994 (2019) Kat:3, Licht: 0","162994","3","7","6","12","11","3","0","0","0","1","1","0"
"POINT (10.156548707000070 53.613094599000078)","Unfall 162995 (2019) Kat:3, Licht: 2","162995","3","4","6","12","16","3","0","2","0","1","1","0"
"POINT (10.069926450000025 53.573006949000046)","Unfall 162996 (2019) Kat:3, Licht: 0","162996","3","6","2","12","12","3","0","0","0","1","0","0"
"POINT (10.012593226000035 53.641233532000058)","Unfall 162997 (2019) Kat:3, Licht: 0","162997","3","1","8","12","08","3","1","0","0","1","0","1"
"POINT (10.004032152000036 53.606949018000080)","Unfall 162998 (2019) Kat:3, Licht: 0","162998","3","7","3","12","12","3","1","0","0","1","0","0"
"POINT (9.994702987000039 53.596395595000047)","Unfall 162999 (2019) Kat:3, Licht: 2","162999","3","6","2","12","17","3","0","2","0","1","0","0"
"POINT (10.025130464000028 53.561769377000076)","Unfall 163000 (2019) Kat:3, Licht: 0","163000","3","6","2","12","11","3","0","0","0","1","0","0"
"POINT (9.904961702000037 53.595297792000054)","Unfall 163001 (2019) Kat:3, Licht: 0","163001","3","3","5","12","08","3","0","0","1","1","0","0"
"POINT (9.912283130000049 53.554073891000030)","Unfall 163002 (2019) Kat:3, Licht: 0","163002","3","6","2","12","08","3","0","0","0","1","0","0"
"POINT (9.898393646000045 53.570329302000061)","Unfall 163003 (2019) Kat:3, Licht: 1","163003","3","4","6","12","07","3","0","1","0","1","1","0"
"POINT (9.888694572000077 53.568250915000078)","Unfall 163004 (2019) Kat:3, Licht: 2","163004","3","4","6","12","22","3","0","2","0","1","1","0"
"POINT (9.949726417000022 53.558768461000057)","Unfall 163005 (2019) Kat:3, Licht: 0","163005","3","6","1","12","13","3","0","0","1","1","0","0"
"POINT (9.972600410000041 53.566378808000081)","Unfall 163006 (2019) Kat:3, Licht: 0","163006","3","6","3","12","12","3","0","0","0","0","0","0"
"POINT (10.016829889000064 53.550455629000055)","Unfall 163007 (2019) Kat:3, Licht: 1","163007","3","3","5","12","07","3","0","1","0","1","0","0"
"POINT (9.876465657000040 53.531686523000076)","Unfall 163008 (2019) Kat:3, Licht: 0","163008","3","1","0","12","09","2","0","0","0","0","0","1"
"POINT (10.026593819000027 53.553904267000064)","Unfall 163009 (2019) Kat:3, Licht: 2","163009","3","3","5","12","17","2","0","2","1","1","0","0"
"POINT (10.044183546000056 53.555359607000071)","Unfall 163010 (2019) Kat:3, Licht: 0","163010","3","6","2","12","12","2","0","0","0","1","0","0"
"POINT (10.014770030000022 53.548787757000071)","Unfall 163011 (2019) Kat:3, Licht: 0","163011","3","6","2","12","08","2","0","0","0","1","0","0"
"POINT (10.105438047000064 53.570468296000058)","Unfall 163012 (2019) Kat:3, Licht: 0","163012","3","2","4","12","12","2","1","0","0","1","0","0"
"POINT (10.083762458000024 53.640462760000048)","Unfall 163013 (2019) Kat:3, Licht: 0","163013","3","6","2","12","11","2","0","0","0","1","0","0"
"POINT (10.020578724000075 53.677696717000060)","Unfall 163014 (2019) Kat:3, Licht: 2","163014","3","1","6","12","18","2","0","2","0","1","1","0"
"POINT (10.029633293000074 53.600081734000071)","Unfall 163015 (2019) Kat:3, Licht: 2","163015","3","6","6","12","07","2","1","2","1","0","1","0"
"POINT (10.035624201000076 53.575047024000071)","Unfall 163016 (2019) Kat:3, Licht: 2","163016","3","2","4","12","21","2","0","2","0","1","0","0"
"POINT (10.018394287000035 53.568184805000044)","Unfall 163017 (2019) Kat:3, Licht: 0","163017","3","6","2","12","15","2","0","0","1","1","0","0"
"POINT (9.870750554000040 53.592939146000049)","Unfall 163018 (2019) Kat:3, Licht: 0","163018","3","2","2","12","12","2","0","0","0","1","0","0"
"POINT (9.905697896000049 53.563460912000039)","Unfall 163019 (2019) Kat:3, Licht: 2","163019","3","5","1","12","16","2","0","2","1","1","0","0"
"POINT (9.982719039000074 53.588894559000039)","Unfall 163020 (2019) Kat:3, Licht: 0","163020","3","6","3","12","13","2","0","0","0","1","0","0"
"POINT (9.959389958000031 53.588175724000052)","Unfall 163021 (2019) Kat:3, Licht: 0","163021","3","5","1","12","12","2","0","0","0","1","0","0"
"POINT (10.010118026000043 53.553723673000036)","Unfall 163022 (2019) Kat:3, Licht: 2","163022","3","4","6","12","18","2","0","2","0","1","1","0"
"POINT (10.186219712000025 53.489053901000034)","Unfall 163023 (2019) Kat:3, Licht: 2","163023","3","6","2","12","21","1","0","2","0","1","0","0"
"POINT (10.239742630000023 53.475573763000057)","Unfall 163024 (2019) Kat:3, Licht: 2","163024","3","2","6","12","20","1","0","2","0","1","1","0"
"POINT (10.051465569000072 53.564422756000056)","Unfall 163025 (2019) Kat:3, Licht: 0","163025","3","3","5","12","12","1","1","0","0","1","0","0"
"POINT (9.948557745000073 53.573664393000058)","Unfall 163026 (2019) Kat:3, Licht: 2","163026","3","4","6","12","18","1","1","2","0","1","1","0"
"POINT (10.094044936000046 53.551556111000082)","Unfall 163027 (2019) Kat:3, Licht: 2","163027","3","5","5","12","23","7","1","2","0","1","0","0"
"POINT (10.115370977000055 53.556886475000056)","Unfall 163028 (2019) Kat:3, Licht: 2","163028","3","6","2","12","20","7","0","2","0","1","0","0"
"POINT (10.140941199000054 53.597478785000078)","Unfall 163029 (2019) Kat:3, Licht: 0","163029","3","6","4","12","13","7","1","0","0","1","0","0"
"POINT (10.105635040000038 53.580805250000026)","Unfall 163030 (2019) Kat:3, Licht: 2","163030","3","1","8","12","01","7","1","2","0","1","0","0"
"POINT (10.085568192000039 53.586058127000058)","Unfall 163031 (2019) Kat:3, Licht: 2","163031","3","2","6","12","18","7","0","2","0","1","1","0"
"POINT (9.826252567000040 53.564399024000068)","Unfall 163032 (2019) Kat:3, Licht: 2","163032","3","2","6","12","19","7","0","2","1","0","1","0"
"POINT (9.894182143000023 53.573161900000059)","Unfall 163033 (2019) Kat:3, Licht: 2","163033","3","2","6","12","20","7","1","2","0","1","1","0"
"POINT (9.889696160000028 53.601490096000077)","Unfall 163034 (2019) Kat:3, Licht: 2","163034","3","4","6","12","16","7","1","2","0","1","1","0"
"POINT (9.951813195000057 53.566867365000064)","Unfall 163035 (2019) Kat:2, Licht: 0","163035","2","2","5","12","12","7","1","0","1","1","0","0"
"POINT (9.988916312000072 53.577729385000055)","Unfall 163036 (2019) Kat:3, Licht: 0","163036","3","6","2","12","13","7","1","0","0","1","0","0"
"POINT (9.962614079000048 53.548104875000035)","Unfall 163038 (2019) Kat:3, Licht: 2","163038","3","1","0","12","05","7","1","2","0","1","0","0"
"POINT (9.854390138000042 53.470738201000074)","Unfall 163039 (2019) Kat:3, Licht: 2","163039","3","4","6","12","17","6","1","2","0","1","1","0"
"POINT (9.976966415000049 53.455394997000042)","Unfall 163040 (2019) Kat:3, Licht: 0","163040","3","2","4","12","07","6","0","0","0","1","0","1"
"POINT (9.989725115000056 53.447810568000079)","Unfall 163041 (2019) Kat:3, Licht: 0","163041","3","3","5","12","13","6","1","0","0","1","0","0"
"POINT (10.015382258000045 53.501209319000054)","Unfall 163042 (2019) Kat:3, Licht: 1","163042","3","7","0","12","08","6","1","1","1","1","0","0"
"POINT (10.206463620000022 53.480420329000026)","Unfall 163043 (2019) Kat:3, Licht: 0","163043","3","3","5","12","09","6","1","0","0","1","0","0"
"POINT (10.186159977000045 53.477726204000078)","Unfall 163045 (2019) Kat:3, Licht: 1","163045","3","1","0","12","08","6","2","1","1","0","0","0"
"POINT (10.094768602000045 53.551097438000056)","Unfall 163047 (2019) Kat:3, Licht: 1","163047","3","3","6","12","08","6","1","1","0","1","1","0"
"POINT (10.055161719000068 53.560846213000048)","Unfall 163049 (2019) Kat:3, Licht: 2","163049","3","3","6","12","19","6","0","2","0","1","1","0"
"POINT (10.176076339000076 53.655619689000048)","Unfall 163051 (2019) Kat:3, Licht: 0","163051","3","1","0","12","09","6","2","0","1","0","0","0"
"POINT (10.002999077000027 53.679553696000028)","Unfall 163052 (2019) Kat:2, Licht: 0","163052","2","3","5","12","09","6","1","0","0","1","0","0"
"POINT (10.022902454000075 53.578739045000077)","Unfall 163055 (2019) Kat:3, Licht: 0","163055","3","7","0","12","15","6","0","0","1","1","0","0"
"POINT (10.017030456000043 53.564102887000047)","Unfall 163064 (2019) Kat:3, Licht: 2","163064","3","2","3","12","16","6","0","2","1","1","0","0"
"POINT (9.897959992000040 53.571289402000048)","Unfall 163066 (2019) Kat:3, Licht: 0","163066","3","6","0","12","07","6","1","0","0","1","0","0"
"POINT (9.951984852000066 53.640856792000079)","Unfall 163068 (2019) Kat:3, Licht: 0","163068","3","3","5","12","08","6","0","0","1","1","0","0"
"POINT (9.971194069000035 53.612970387000075)","Unfall 163070 (2019) Kat:3, Licht: 2","163070","3","6","2","12","17","6","1","2","0","1","0","0"
"POINT (9.991368340000065 53.558035584000038)","Unfall 163071 (2019) Kat:3, Licht: 2","163071","3","7","2","12","16","6","0","2","0","1","0","0"
"POINT (10.105391945000065 53.542671682000048)","Unfall 163074 (2019) Kat:2, Licht: 0","163074","2","3","5","12","14","5","1","0","0","1","0","0"
"POINT (10.154819190000069 53.603098625000030)","Unfall 163076 (2019) Kat:3, Licht: 1","163076","3","2","1","12","15","5","1","1","0","1","0","0"
"POINT (10.102361886000040 53.579860418000067)","Unfall 163080 (2019) Kat:3, Licht: 2","163080","3","2","6","12","07","5","1","2","0","1","1","0"
"POINT (10.103352813000072 53.653360735000035)","Unfall 163081 (2019) Kat:3, Licht: 2","163081","3","2","3","12","17","5","0","2","1","1","0","0"
"POINT (10.015530395000042 53.562668433000056)","Unfall 163083 (2019) Kat:3, Licht: 2","163083","3","3","5","12","22","5","0","2","0","1","0","0"
"POINT (10.044016361000047 53.594533126000044)","Unfall 163085 (2019) Kat:3, Licht: 0","163085","3","7","6","12","11","5","1","0","0","1","1","0"
"POINT (10.041219638000030 53.579602213000044)","Unfall 163088 (2019) Kat:3, Licht: 0","163088","3","6","6","12","11","5","1","0","1","0","1","0"
"POINT (9.982947661000026 53.595903322000026)","Unfall 163090 (2019) Kat:3, Licht: 2","163090","3","7","0","12","17","5","0","2","1","0","0","0"
"POINT (9.986093795000045 53.581046255000047)","Unfall 163093 (2019) Kat:3, Licht: 0","163093","3","3","5","12","08","5","0","0","1","0","0","0"
"POINT (9.958989360000032 53.556826603000047)","Unfall 163095 (2019) Kat:3, Licht: 2","163095","3","5","1","12","01","5","1","2","1","0","0","0"
"POINT (10.005111966000072 53.548008302000028)","Unfall 163101 (2019) Kat:3, Licht: 2","163101","3","6","3","12","18","5","1","2","0","1","0","1"
"POINT (9.990488992000053 53.452382222000040)","Unfall 163103 (2019) Kat:3, Licht: 2","163103","3","6","4","12","18","4","1","2","1","0","0","1"
"POINT (9.967709483000022 53.467990486000076)","Unfall 163107 (2019) Kat:3, Licht: 2","163107","3","3","5","12","16","4","1","2","1","1","0","0"
"POINT (10.004408170000033 53.505996052000057)","Unfall 163109 (2019) Kat:3, Licht: 2","163109","3","6","3","12","17","4","1","2","0","1","0","1"
"POINT (10.194217082000023 53.502713904000075)","Unfall 163111 (2019) Kat:3, Licht: 2","163111","3","6","4","12","18","4","1","2","1","0","0","0"
"POINT (10.185596301000032 53.487496804000045)","Unfall 163114 (2019) Kat:3, Licht: 0","163114","3","6","2","12","15","4","1","0","0","1","0","0"
"POINT (10.088079750000077 53.512022457000057)","Unfall 163116 (2019) Kat:3, Licht: 2","163116","3","2","5","12","20","4","1","2","0","1","0","0"
"POINT (10.033805450000045 53.552344387000062)","Unfall 163119 (2019) Kat:3, Licht: 2","163119","3","6","2","12","16","4","1","2","0","1","0","0"
"POINT (10.071345653000037 53.582996340000079)","Unfall 163120 (2019) Kat:2, Licht: 2","163120","2","3","6","12","16","4","1","2","0","0","1","0"
"POINT (10.067332738000061 53.608535266000047)","Unfall 163122 (2019) Kat:3, Licht: 2","163122","3","6","1","12","22","4","1","2","0","1","0","0"
"POINT (10.071093420000068 53.597405543000036)","Unfall 163124 (2019) Kat:3, Licht: 2","163124","3","6","4","12","16","4","1","2","1","0","0","0"
"POINT (10.061503555000058 53.608630220000066)","Unfall 163126 (2019) Kat:3, Licht: 2","163126","3","6","2","12","18","4","1","2","0","1","0","0"
"POINT (10.031893072000059 53.579593973000044)","Unfall 163128 (2019) Kat:3, Licht: 2","163128","3","2","4","12","18","4","1","2","1","1","0","0"
"POINT (9.947253372000034 53.641134211000065)","Unfall 163129 (2019) Kat:3, Licht: 2","163129","3","3","0","12","06","4","1","2","1","0","0","0"
"POINT (9.992086603000075 53.602392067000039)","Unfall 163130 (2019) Kat:3, Licht: 0","163130","3","2","5","12","14","4","1","0","1","1","0","0"
"POINT (9.988108478000072 53.585451082000077)","Unfall 163132 (2019) Kat:3, Licht: 0","163132","3","2","4","12","13","4","1","0","1","1","0","0"
"POINT (9.962717236000060 53.566276255000048)","Unfall 163134 (2019) Kat:3, Licht: 0","163134","3","3","5","12","08","4","1","0","1","0","0","0"
"POINT (9.991086703000065 53.598662868000076)","Unfall 163137 (2019) Kat:3, Licht: 0","163137","3","3","5","12","08","4","1","0","1","1","0","0"
"POINT (9.990931340000032 53.560655328000053)","Unfall 163139 (2019) Kat:3, Licht: 1","163139","3","3","5","12","08","4","1","1","1","0","0","0"
"POINT (9.974804242000062 53.551410719000046)","Unfall 163142 (2019) Kat:3, Licht: 2","163142","3","6","1","12","20","4","1","2","0","1","0","0"
"POINT (10.007119417000069 53.540513915000076)","Unfall 163146 (2019) Kat:3, Licht: 1","163146","3","3","5","12","08","4","1","1","0","1","0","0"
"POINT (9.854277526000033 53.471388476000072)","Unfall 163148 (2019) Kat:3, Licht: 2","163148","3","3","6","12","17","3","0","2","1","0","1","0"
"POINT (9.898830708000048 53.477067668000075)","Unfall 163149 (2019) Kat:2, Licht: 0","163149","2","2","4","12","13","3","0","0","1","1","0","0"
"POINT (9.810365748000038 53.528869191000069)","Unfall 163152 (2019) Kat:3, Licht: 0","163152","3","6","2","12","09","3","0","0","0","1","0","0"
"POINT (9.846599214000037 53.469048265000026)","Unfall 163154 (2019) Kat:3, Licht: 0","163154","3","6","4","12","09","3","1","0","1","1","0","0"
"POINT (10.041645845000062 53.550935342000059)","Unfall 163157 (2019) Kat:3, Licht: 0","163157","3","6","3","12","09","3","1","0","0","0","0","0"
"POINT (10.127120086000048 53.586967623000078)","Unfall 163158 (2019) Kat:3, Licht: 0","163158","3","3","5","12","14","3","0","0","1","1","0","0"
"POINT (10.154079310000043 53.591157918000079)","Unfall 163161 (2019) Kat:3, Licht: 0","163161","3","3","0","12","08","3","2","0","1","1","0","0"
"POINT (10.102134411000065 53.580404266000073)","Unfall 163163 (2019) Kat:3, Licht: 0","163163","3","6","0","12","07","3","0","0","1","0","0","0"
"POINT (10.149694676000024 53.619070413000031)","Unfall 163166 (2019) Kat:3, Licht: 2","163166","3","4","6","12","06","3","1","2","0","1","1","0"
"POINT (10.148764705000076 53.585951078000051)","Unfall 163167 (2019) Kat:3, Licht: 2","163167","3","3","5","12","17","3","0","2","0","1","0","0"
"POINT (10.074741104000054 53.574742821000029)","Unfall 163169 (2019) Kat:3, Licht: 2","163169","3","2","4","12","17","3","0","2","1","1","0","0"
"POINT (10.093049224000026 53.568643953000048)","Unfall 163171 (2019) Kat:3, Licht: 2","163171","3","6","2","12","18","3","0","2","0","1","0","0"
"POINT (10.104963938000026 53.632616269000039)","Unfall 163174 (2019) Kat:3, Licht: 0","163174","3","2","4","12","08","3","1","0","1","1","0","0"
"POINT (10.074059295000040 53.618668411000044)","Unfall 163176 (2019) Kat:3, Licht: 0","163176","3","7","0","12","09","3","2","0","1","0","0","0"
"POINT (10.061842648000038 53.671532351000053)","Unfall 163179 (2019) Kat:3, Licht: 0","163179","3","6","4","12","08","3","2","0","0","1","0","0"
"POINT (9.991191751000031 53.666025360000049)","Unfall 163181 (2019) Kat:2, Licht: 2","163181","2","3","5","12","16","3","0","2","1","1","0","0"
"POINT (10.002390645000048 53.610983602000033)","Unfall 163185 (2019) Kat:3, Licht: 0","163185","3","3","5","12","13","3","1","0","1","0","0","0"
"POINT (9.907491474000040 53.606438328000081)","Unfall 163187 (2019) Kat:3, Licht: 0","163187","3","6","0","12","07","3","0","0","1","0","0","0"
"POINT (9.853530468000031 53.568066667000039)","Unfall 163189 (2019) Kat:3, Licht: 2","163189","3","6","0","12","17","3","0","2","1","1","0","0"
"POINT (9.889528255000073 53.595943710000029)","Unfall 163192 (2019) Kat:3, Licht: 2","163192","3","3","5","12","21","3","0","2","0","1","0","0"
"POINT (9.907909959000051 53.554650257000048)","Unfall 163194 (2019) Kat:3, Licht: 0","163194","3","6","2","12","08","3","1","0","0","1","0","0"
"POINT (9.941755539000042 53.565421607000076)","Unfall 163196 (2019) Kat:2, Licht: 0","163196","2","3","5","12","10","3","1","0","1","0","0","0"
"POINT (9.979349150000076 53.577592066000079)","Unfall 163199 (2019) Kat:3, Licht: 0","163199","3","7","0","12","07","3","1","0","1","1","0","0"
"POINT (9.990800231000037 53.560551027000031)","Unfall 163201 (2019) Kat:3, Licht: 0","163201","3","7","5","12","09","3","0","0","0","0","0","0"
"POINT (9.987461843000062 53.581383689000063)","Unfall 163204 (2019) Kat:3, Licht: 2","163204","3","3","5","12","18","3","1","2","1","1","0","0"