WKT,Name,OBJECTID,UKATEGORIE,UTYP1,UART,UMONAT,USTUNDE,UWOCHENTAG,STRZUSTAND,ULICHTVERH,ISTRAD,ISTPKW,ISTFUSS,ISTKRAD
"POINT (9.955072944000051 53.548912280000081)","Unfall 163206 (2019) Kat:3, Licht: 0","163206","3","7","6","12","11","3","0","0","0","1","1","0"
"POINT (9.979430529000069 53.555949028000043)","Unfall 163210 (2019) Kat:3, Licht: 2","163210","3","3","5","12","20","3","0","2","1","1","0","0"
"POINT (10.009898864000036 53.496328935000065)","Unfall 163212 (2019) Kat:3, Licht: 2","163212","3","3","5","12","19","2","1","2","1","1","0","0"
"POINT (10.141177163000066 53.545654803000048)","Unfall 163213 (2019) Kat:3, Licht: 0","163213","3","7","1","12","13","3","0","0","0","1","0","0"
"POINT (10.110517707000042 53.540346319000037)","Unfall 163214 (2019) Kat:3, Licht: 0","163214","3","4","6","12","11","2","0","0","0","1","1","0"
"POINT (10.010059717000047 53.547437943000034)","Unfall 163215 (2019) Kat:3, Licht: 0","163215","3","2","5","12","14","3","0","0","0","1","0","0"
"POINT (10.128040072000033 53.578895236000051)","Unfall 163216 (2019) Kat:3, Licht: 2","163216","3","6","2","12","17","3","0","2","0","1","0","0"
"POINT (10.173856093000040 53.610497885000029)","Unfall 163217 (2019) Kat:3, Licht: 2","163217","3","3","5","12","07","2","1","2","1","1","0","0"
"POINT (10.025547404000065 53.639484895000066)","Unfall 163218 (2019) Kat:2, Licht: 0","163218","2","3","5","12","11","3","1","0","0","1","0","0"
"POINT (10.050438614000029 53.602524229000039)","Unfall 163219 (2019) Kat:3, Licht: 2","163219","3","3","5","12","18","2","1","2","1","1","0","0"
"POINT (10.050260979000029 53.585789189000081)","Unfall 163220 (2019) Kat:3, Licht: 2","163220","3","5","1","12","20","3","0","2","0","1","0","0"
"POINT (9.763631839000027 53.570281867000062)","Unfall 163221 (2019) Kat:3, Licht: 2","163221","3","1","9","12","00","3","0","2","0","1","0","0"
"POINT (10.147253916000068 53.668183262000070)","Unfall 163222 (2019) Kat:3, Licht: 2","163222","3","6","2","12","16","2","1","2","0","1","0","0"
"POINT (10.004354628000044 53.588242918000049)","Unfall 163223 (2019) Kat:3, Licht: 2","163223","3","4","6","12","17","2","1","2","0","0","1","0"
"POINT (9.949033318000033 53.640134211000031)","Unfall 163224 (2019) Kat:3, Licht: 2","163224","3","2","6","12","07","3","1","2","0","0","1","0"
"POINT (10.017650214000071 53.603797438000072)","Unfall 163225 (2019) Kat:3, Licht: 1","163225","3","2","5","12","07","2","1","1","0","1","0","0"
"POINT (9.950116633000050 53.550927970000032)","Unfall 163226 (2019) Kat:3, Licht: 2","163226","3","4","6","12","18","3","0","2","0","0","1","0"
"POINT (10.004682791000050 53.497144026000058)","Unfall 163227 (2019) Kat:3, Licht: 0","163227","3","7","3","12","09","2","0","0","0","1","0","0"
"POINT (10.040855030000046 53.566747821000035)","Unfall 163228 (2019) Kat:3, Licht: 2","163228","3","6","1","12","04","2","0","2","0","1","0","0"
"POINT (10.024250201000029 53.564377565000029)","Unfall 163229 (2019) Kat:3, Licht: 2","163229","3","2","6","12","17","2","1","2","0","0","1","0"
"POINT (10.095200729000055 53.683474143000069)","Unfall 163230 (2019) Kat:3, Licht: 0","163230","3","6","2","12","11","2","0","0","0","1","0","0"
"POINT (9.904658362000021 53.609783395000079)","Unfall 163231 (2019) Kat:3, Licht: 2","163231","3","3","5","12","19","2","0","2","1","1","0","0"
"POINT (9.761786177000033 53.580225612000049)","Unfall 163232 (2019) Kat:3, Licht: 2","163232","3","2","6","12","19","2","1","2","0","1","1","0"
"POINT (9.967351913000073 53.557358606000037)","Unfall 163233 (2019) Kat:2, Licht: 2","163233","2","4","6","12","18","2","0","2","0","1","1","0"
"POINT (9.918146265000075 53.567285221000077)","Unfall 163234 (2019) Kat:3, Licht: 0","163234","3","6","2","12","17","2","1","0","0","1","0","0"
"POINT (9.956587189000061 53.625669840000057)","Unfall 163235 (2019) Kat:3, Licht: 2","163235","3","6","3","12","16","2","1","2","1","0","0","0"
"POINT (9.980779678000033 53.424555105000081)","Unfall 163236 (2019) Kat:3, Licht: 2","163236","3","2","5","12","17","1","0","2","0","1","0","0"
"POINT (9.949575431000028 53.571427046000053)","Unfall 163237 (2019) Kat:3, Licht: 2","163237","3","2","6","12","21","2","1","2","0","1","1","0"
"POINT (9.928815537000048 53.592249583000068)","Unfall 163238 (2019) Kat:3, Licht: 2","163238","3","2","4","12","22","1","0","2","0","1","0","0"
"POINT (9.954641235000054 53.574470213000041)","Unfall 163239 (2019) Kat:3, Licht: 1","163239","3","2","3","12","16","2","0","1","1","0","0","0"
"POINT (9.985708812000041 53.582034439000040)","Unfall 163240 (2019) Kat:3, Licht: 2","163240","3","1","0","12","03","1","0","2","0","0","0","0"
"POINT (9.962532486000043 53.549224900000070)","Unfall 163241 (2019) Kat:3, Licht: 2","163241","3","3","6","12","06","1","0","2","0","1","1","0"
"POINT (9.947167221000029 53.551357113000051)","Unfall 163242 (2019) Kat:3, Licht: 2","163242","3","3","5","12","18","2","1","2","0","1","0","0"
"POINT (10.096302244000071 53.661007402000052)","Unfall 163243 (2019) Kat:3, Licht: 2","163243","3","5","1","12","07","7","0","2","0","1","0","0"
"POINT (9.969970379000074 53.567639854000049)","Unfall 163244 (2019) Kat:2, Licht: 0","163244","2","2","3","12","11","2","0","0","1","0","0","0"
"POINT (10.020312171000057 53.614071932000058)","Unfall 163245 (2019) Kat:3, Licht: 0","163245","3","6","2","12","11","7","0","0","0","1","0","0"
"POINT (9.967254292000064 53.557353827000043)","Unfall 163246 (2019) Kat:3, Licht: 2","163246","3","2","4","12","19","7","0","2","1","1","0","0"
"POINT (9.988411889000076 53.562163313000042)","Unfall 163247 (2019) Kat:3, Licht: 0","163247","3","6","2","12","07","2","0","0","0","1","0","0"
"POINT (9.928857716000039 53.520528515000080)","Unfall 163248 (2019) Kat:3, Licht: 2","163248","3","6","2","12","16","2","1","2","0","1","0","0"
"POINT (10.006387380000035 53.550190284000053)","Unfall 163249 (2019) Kat:3, Licht: 2","163249","3","1","9","12","18","7","0","2","0","1","0","0"
"POINT (9.969748355000036 53.517145936000077)","Unfall 163250 (2019) Kat:3, Licht: 2","163250","3","6","2","12","18","2","1","2","0","1","0","0"
"POINT (10.040671393000025 53.555557595000039)","Unfall 163251 (2019) Kat:3, Licht: 2","163251","3","2","5","12","18","6","0","2","0","1","0","0"
"POINT (9.982140383000058 53.460482525000032)","Unfall 163252 (2019) Kat:3, Licht: 2","163252","3","2","4","12","00","1","1","2","0","1","0","0"
"POINT (10.034506927000052 53.536673631000042)","Unfall 163253 (2019) Kat:3, Licht: 0","163253","3","2","3","12","10","6","0","0","0","0","0","0"
"POINT (10.087946265000028 53.512024626000027)","Unfall 163254 (2019) Kat:3, Licht: 2","163254","3","2","5","12","17","1","1","2","0","1","0","0"
"POINT (10.074842569000054 53.574675216000060)","Unfall 163255 (2019) Kat:3, Licht: 2","163255","3","2","4","12","02","1","1","2","0","1","0","0"
"POINT (10.136358894000068 53.572268633000078)","Unfall 163256 (2019) Kat:3, Licht: 2","163256","3","7","4","12","20","6","0","2","0","1","0","0"
"POINT (10.185838298000021 53.658843906000072)","Unfall 163257 (2019) Kat:3, Licht: 0","163257","3","7","0","12","11","1","1","0","0","0","0","1"
"POINT (10.137297655000054 53.600086516000033)","Unfall 163258 (2019) Kat:3, Licht: 0","163258","3","2","6","12","11","6","0","0","0","1","1","0"
"POINT (9.904050207000068 53.592063355000050)","Unfall 163259 (2019) Kat:3, Licht: 0","163259","3","3","5","12","13","1","1","0","0","1","0","0"
"POINT (9.846438937000073 53.563644647000046)","Unfall 163260 (2019) Kat:2, Licht: 0","163260","2","3","5","12","13","6","0","0","0","1","0","1"
"POINT (9.974313685000027 53.526968781000051)","Unfall 163261 (2019) Kat:3, Licht: 0","163261","3","6","2","12","12","1","1","0","0","1","0","0"
"POINT (10.004424587000074 53.505996868000068)","Unfall 163262 (2019) Kat:3, Licht: 2","163262","3","6","3","12","17","7","1","2","0","1","0","0"
"POINT (10.190474781000034 53.504099705000044)","Unfall 163263 (2019) Kat:2, Licht: 2","163263","2","6","2","12","20","7","1","2","0","1","0","0"
"POINT (10.180632075000062 53.488875622000080)","Unfall 163264 (2019) Kat:3, Licht: 2","163264","3","1","0","12","19","7","1","2","1","0","0","0"
"POINT (10.000566425000045 53.555609188000062)","Unfall 163265 (2019) Kat:3, Licht: 0","163265","3","2","5","12","11","6","0","0","0","1","0","0"
"POINT (10.012778912000044 53.552428687000031)","Unfall 163266 (2019) Kat:3, Licht: 2","163266","3","6","3","12","17","6","0","2","0","1","0","0"
"POINT (10.152450807000037 53.603988477000030)","Unfall 163267 (2019) Kat:3, Licht: 2","163267","3","4","6","12","18","7","1","2","0","1","1","0"
"POINT (10.087189501000069 53.629678404000060)","Unfall 163268 (2019) Kat:3, Licht: 0","163268","3","6","2","12","11","7","1","0","0","1","0","0"
"POINT (9.841693751000037 53.511950591000073)","Unfall 163269 (2019) Kat:1, Licht: 2","163269","1","1","8","12","02","5","1","2","0","1","0","0"
"POINT (10.072185233000027 53.608711849000031)","Unfall 163270 (2019) Kat:3, Licht: 2","163270","3","2","6","12","23","5","1","2","0","1","1","0"
"POINT (10.158527211000035 53.644723663000036)","Unfall 163271 (2019) Kat:3, Licht: 2","163271","3","5","1","12","17","5","1","2","0","1","0","0"
"POINT (10.016352769000036 53.580914205000056)","Unfall 163272 (2019) Kat:3, Licht: 2","163272","3","3","5","12","16","5","1","2","1","1","0","0"
"POINT (10.040440683000043 53.570214121000049)","Unfall 163273 (2019) Kat:3, Licht: 0","163273","3","3","5","12","11","5","1","0","0","1","0","0"
"POINT (9.875809031000074 53.588672249000069)","Unfall 163274 (2019) Kat:3, Licht: 2","163274","3","6","2","12","21","5","1","2","0","1","0","0"
"POINT (9.979440512000053 53.462009138000042)","Unfall 163275 (2019) Kat:3, Licht: 1","163275","3","4","6","12","16","4","0","1","0","1","1","0"
"POINT (9.960307171000068 53.549456476000046)","Unfall 163276 (2019) Kat:3, Licht: 2","163276","3","2","4","12","18","4","0","2","0","1","0","0"
"POINT (10.110250727000050 53.498904660000051)","Unfall 163277 (2019) Kat:3, Licht: 0","163277","3","7","8","12","10","3","1","0","0","0","0","0"
"POINT (10.098656092000056 53.550051148000080)","Unfall 163278 (2019) Kat:2, Licht: 2","163278","2","3","5","12","20","3","1","2","1","1","0","0"
"POINT (10.053819030000057 53.568830329000036)","Unfall 163279 (2019) Kat:3, Licht: 1","163279","3","2","5","12","08","3","1","1","1","1","0","0"
"POINT (9.950704485000074 53.580712991000041)","Unfall 163280 (2019) Kat:3, Licht: 2","163280","3","1","1","12","05","3","1","2","0","1","0","0"
"POINT (9.973420099000066 53.569674884000051)","Unfall 163281 (2019) Kat:2, Licht: 2","163281","2","6","3","12","17","3","1","2","1","1","0","0"
"POINT (9.850383596000029 53.470820460000027)","Unfall 163282 (2019) Kat:3, Licht: 0","163282","3","3","5","12","14","2","1","0","1","1","0","0"
"POINT (9.980675592000068 53.423856809000029)","Unfall 163283 (2019) Kat:3, Licht: 0","163283","3","3","5","12","15","2","1","0","0","1","0","0"
"POINT (9.996382018000077 53.464362150000056)","Unfall 163284 (2019) Kat:3, Licht: 0","163284","3","6","2","12","13","2","0","0","0","1","0","0"
"POINT (10.102355420000038 53.685649467000076)","Unfall 163285 (2019) Kat:3, Licht: 0","163285","3","6","2","12","11","7","1","0","1","1","0","0"
"POINT (10.002927184000043 53.587296743000081)","Unfall 163286 (2019) Kat:2, Licht: 2","163286","2","4","6","12","18","7","1","2","0","1","1","0"
"POINT (9.991131472000063 53.500690349000081)","Unfall 163287 (2019) Kat:2, Licht: 2","163287","2","4","6","12","17","2","1","2","0","0","1","0"
"POINT (10.025325340000052 53.569225981000045)","Unfall 163288 (2019) Kat:3, Licht: 2","163288","3","6","2","12","21","7","1","2","0","1","0","0"
"POINT (10.127360829000054 53.514666987000055)","Unfall 163289 (2019) Kat:3, Licht: 0","163289","3","3","5","12","15","2","1","0","1","0","0","0"
"POINT (10.046724224000059 53.583107265000081)","Unfall 163290 (2019) Kat:3, Licht: 2","163290","3","3","5","12","04","7","1","2","1","1","0","0"
"POINT (10.054017172000044 53.561004083000057)","Unfall 163291 (2019) Kat:3, Licht: 0","163291","3","6","2","12","09","2","1","0","0","1","0","0"
"POINT (10.014880751000021 53.649386195000034)","Unfall 163292 (2019) Kat:3, Licht: 0","163292","3","3","5","12","09","2","1","0","0","1","0","0"
"POINT (9.914516883000033 53.601237552000043)","Unfall 163293 (2019) Kat:3, Licht: 2","163293","3","4","6","12","20","7","1","2","0","1","1","0"
"POINT (10.023115443000052 53.611383364000062)","Unfall 163294 (2019) Kat:3, Licht: 0","163294","3","3","5","12","14","2","1","0","1","1","0","0"
"POINT (9.852589901000044 53.590811547000044)","Unfall 163295 (2019) Kat:3, Licht: 0","163295","3","7","0","12","11","7","1","0","0","1","0","0"
"POINT (9.851904277000074 53.588642123000056)","Unfall 163296 (2019) Kat:3, Licht: 0","163296","3","3","5","12","10","2","1","0","0","1","0","0"
"POINT (9.889847984000028 53.546655093000027)","Unfall 163297 (2019) Kat:3, Licht: 2","163297","3","2","4","12","16","2","1","2","0","1","0","0"
"POINT (9.900418123000065 53.545840815000076)","Unfall 163298 (2019) Kat:3, Licht: 2","163298","3","1","8","12","04","7","1","2","0","1","0","0"
"POINT (9.959162412000069 53.574686149000058)","Unfall 163299 (2019) Kat:3, Licht: 2","163299","3","2","6","12","19","2","1","2","0","1","1","0"
"POINT (9.921802058000026 53.638025648000053)","Unfall 163300 (2019) Kat:3, Licht: 2","163300","3","6","2","12","19","7","1","2","0","1","0","0"
"POINT (9.995795299000065 53.588466362000077)","Unfall 163301 (2019) Kat:3, Licht: 2","163301","3","3","5","12","16","2","1","2","0","1","0","0"
"POINT (9.975207765000050 53.584419306000029)","Unfall 163302 (2019) Kat:3, Licht: 0","163302","3","3","5","12","15","2","1","0","0","1","0","1"
"POINT (9.955023842000060 53.564181768000026)","Unfall 163303 (2019) Kat:3, Licht: 0","163303","3","7","0","12","14","2","1","0","0","1","0","0"
"POINT (9.981870583000045 53.585805698000058)","Unfall 163304 (2019) Kat:3, Licht: 0","163304","3","6","2","12","13","7","1","0","0","1","0","0"
"POINT (9.963845781000032 53.558222361000048)","Unfall 163305 (2019) Kat:3, Licht: 0","163305","3","2","3","12","13","2","1","0","1","1","0","0"
"POINT (9.947164546000067 53.551339368000072)","Unfall 163306 (2019) Kat:3, Licht: 1","163306","3","3","5","12","23","7","0","1","0","1","0","0"
"POINT (10.005115590000059 53.550278289000062)","Unfall 163307 (2019) Kat:3, Licht: 2","163307","3","2","6","12","18","2","1","2","0","1","1","0"
"POINT (9.976404301000059 53.458511075000047)","Unfall 163308 (2019) Kat:3, Licht: 0","163308","3","3","5","12","13","1","1","0","0","1","0","0"
"POINT (10.210344827000029 53.498816139000041)","Unfall 163309 (2019) Kat:2, Licht: 2","163309","2","1","8","12","01","1","1","2","0","0","0","0"
"POINT (9.990936302000023 53.560272382000051)","Unfall 163310 (2019) Kat:3, Licht: 2","163310","3","4","6","12","05","7","1","2","0","1","1","0"
"POINT (9.959914582000067 53.549558160000061)","Unfall 163311 (2019) Kat:3, Licht: 2","163311","3","4","6","12","02","7","1","2","0","1","1","0"
"POINT (10.124379899000076 53.587842619000071)","Unfall 163312 (2019) Kat:3, Licht: 2","163312","3","2","6","12","18","1","0","2","0","1","1","0"
"POINT (9.976452906000077 53.563100005000081)","Unfall 163313 (2019) Kat:3, Licht: 1","163313","3","4","6","12","16","7","1","1","1","0","1","0"
"POINT (10.038498574000073 53.608240689000070)","Unfall 163314 (2019) Kat:3, Licht: 0","163314","3","3","5","12","11","1","0","0","0","1","0","0"
"POINT (9.970742353000048 53.545664787000078)","Unfall 163315 (2019) Kat:3, Licht: 0","163315","3","6","6","12","12","7","0","0","0","1","1","0"
"POINT (9.814636973000063 53.562373533000027)","Unfall 163316 (2019) Kat:3, Licht: 0","163316","3","3","5","12","09","1","1","0","0","1","0","0"
"POINT (9.928436382000029 53.567602927000053)","Unfall 163317 (2019) Kat:3, Licht: 2","163317","3","1","0","12","00","1","1","2","1","0","0","0"
"POINT (10.013397171000065 53.552514049000081)","Unfall 163318 (2019) Kat:3, Licht: 2","163318","3","3","5","12","17","7","1","2","0","1","0","0"
"POINT (9.948997288000044 53.640183316000048)","Unfall 163319 (2019) Kat:3, Licht: 2","163319","3","2","6","12","18","1","0","2","0","1","1","0"
"POINT (9.967932663000056 53.537149892000059)","Unfall 163320 (2019) Kat:3, Licht: 2","163320","3","3","5","12","05","7","1","2","1","1","0","0"
"POINT (9.949648136000064 53.558741683000051)","Unfall 163321 (2019) Kat:3, Licht: 0","163321","3","2","6","12","13","1","0","0","0","1","1","0"
"POINT (9.989595971000028 53.561556742000050)","Unfall 163322 (2019) Kat:3, Licht: 0","163322","3","2","3","12","15","1","1","0","1","1","0","0"
"POINT (9.858005027000047 53.534984560000055)","Unfall 163323 (2019) Kat:3, Licht: 2","163323","3","2","6","12","06","6","0","2","0","0","1","0"
"POINT (9.854613961000041 53.468452494000076)","Unfall 163324 (2019) Kat:3, Licht: 2","163324","3","3","5","12","07","6","1","2","1","1","0","0"
"POINT (9.995654689000048 53.481276060000027)","Unfall 163325 (2019) Kat:3, Licht: 2","163325","3","6","3","12","03","7","1","2","0","1","0","0"
"POINT (10.107792666000023 53.564456569000072)","Unfall 163326 (2019) Kat:3, Licht: 0","163326","3","2","2","12","14","6","1","0","0","1","0","0"
"POINT (10.079403410000054 53.473668944000053)","Unfall 163327 (2019) Kat:3, Licht: 0","163327","3","2","4","12","15","7","0","0","0","0","0","1"
"POINT (10.103966787000047 53.574660231000053)","Unfall 163328 (2019) Kat:3, Licht: 0","163328","3","6","2","12","13","6","1","0","0","1","0","0"
"POINT (10.207415077000064 53.480005237000057)","Unfall 163329 (2019) Kat:3, Licht: 0","163329","3","3","5","12","14","7","0","0","0","1","0","0"
"POINT (10.160261649000063 53.625508500000080)","Unfall 163330 (2019) Kat:3, Licht: 1","163330","3","2","6","12","07","6","1","1","0","0","1","0"
"POINT (10.115489026000034 53.583539502000065)","Unfall 163331 (2019) Kat:3, Licht: 1","163331","3","3","5","12","08","6","1","1","1","1","0","0"
"POINT (9.920379779000029 53.604181904000029)","Unfall 55559 (2020) Kat:3, Licht: 0","55559","3","6","3","08","12","4","0","0","0","1","0","0"
"POINT (9.992705824000041 53.592675577000080)","Unfall 55560 (2020) Kat:3, Licht: 0","55560","3","6","2","11","13","2","1","0","0","1","0","0"
"POINT (9.963578339000037 53.600153000000034)","Unfall 55561 (2020) Kat:3, Licht: 0","55561","3","6","3","05","16","3","1","0","0","1","0","1"
"POINT (9.920444384000064 53.563976118000028)","Unfall 55562 (2020) Kat:3, Licht: 2","55562","3","2","4","02","18","7","0","2","0","1","0","0"
"POINT (10.064491745000055 53.550255341000081)","Unfall 55564 (2020) Kat:3, Licht: 0","55564","3","6","1","01","13","6","0","0","0","1","0","0"
"POINT (10.103419407000047 53.537663247000069)","Unfall 55565 (2020) Kat:3, Licht: 1","55565","3","6","1","10","17","5","1","1","0","1","0","0"
"POINT (9.968318583000041 53.467898486000081)","Unfall 55566 (2020) Kat:3, Licht: 2","55566","3","6","3","03","19","4","0","2","0","1","0","0"
"POINT (10.027504123000028 53.569903577000048)","Unfall 55569 (2020) Kat:3, Licht: 0","55569","3","7","2","09","13","5","0","0","0","1","0","0"
"POINT (9.929263244000026 53.592063354000061)","Unfall 55570 (2020) Kat:3, Licht: 2","55570","3","6","0","12","00","1","1","2","0","1","0","0"
"POINT (9.841589827000064 53.573154945000056)","Unfall 55571 (2020) Kat:3, Licht: 0","55571","3","3","5","06","09","4","0","0","1","1","0","0"
"POINT (9.995504990000029 53.610286785000028)","Unfall 55572 (2020) Kat:3, Licht: 0","55572","3","6","2","07","15","3","0","0","0","1","0","0"
"POINT (9.836833959000046 53.573878835000073)","Unfall 55573 (2020) Kat:2, Licht: 0","55573","2","2","4","11","14","2","0","0","1","1","0","0"
"POINT (9.913401161000024 53.496078492000038)","Unfall 55574 (2020) Kat:2, Licht: 0","55574","2","6","3","04","10","1","0","0","0","1","0","0"
"POINT (10.154552983000031 53.557775046000074)","Unfall 55576 (2020) Kat:3, Licht: 2","55576","3","6","3","01","04","3","1","2","0","1","0","0"
"POINT (9.942637247000050 53.563375959000041)","Unfall 55577 (2020) Kat:3, Licht: 2","55577","3","6","2","01","18","5","1","2","0","1","0","0"
"POINT (9.968911270000035 53.585183200000074)","Unfall 55578 (2020) Kat:3, Licht: 0","55578","3","4","6","09","11","2","0","0","0","0","1","0"
"POINT (10.103522844000054 53.511768321000034)","Unfall 55580 (2020) Kat:3, Licht: 2","55580","3","6","2","08","17","3","1","2","0","1","0","0"
"POINT (10.147015533000058 53.544079523000050)","Unfall 55581 (2020) Kat:3, Licht: 1","55581","3","6","2","12","07","4","1","1","0","1","0","0"
"POINT (10.040658495000059 53.554366368000046)","Unfall 55582 (2020) Kat:3, Licht: 0","55582","3","3","5","06","10","5","0","0","0","0","0","1"
"POINT (9.745828728000049 53.584757278000041)","Unfall 55583 (2020) Kat:3, Licht: 0","55583","3","7","5","07","11","6","0","0","1","1","0","0"
"POINT (9.942271113000061 53.563432439000053)","Unfall 55584 (2020) Kat:3, Licht: 2","55584","3","6","3","10","19","4","0","2","0","0","0","0"
"POINT (9.944583058000035 53.565044516000057)","Unfall 55585 (2020) Kat:3, Licht: 0","55585","3","2","5","04","11","4","0","0","1","0","0","0"
"POINT (9.934072844000070 53.582141875000048)","Unfall 55588 (2020) Kat:3, Licht: 0","55588","3","6","3","09","16","1","0","0","0","1","0","0"
"POINT (9.911002396000072 53.637461634000033)","Unfall 55590 (2020) Kat:3, Licht: 0","55590","3","3","5","07","15","4","0","0","0","1","0","0"
"POINT (10.030388249000055 53.545341874000030)","Unfall 55591 (2020) Kat:3, Licht: 0","55591","3","2","5","08","14","6","0","0","1","1","0","0"
"POINT (9.983970401000022 53.592809704000047)","Unfall 55592 (2020) Kat:3, Licht: 2","55592","3","6","2","11","16","4","0","2","0","1","0","0"
"POINT (9.917710732000046 53.609383925000031)","Unfall 55593 (2020) Kat:3, Licht: 0","55593","3","6","2","05","12","1","1","0","0","1","0","0"
"POINT (9.923230270000033 53.595893672000045)","Unfall 55594 (2020) Kat:3, Licht: 0","55594","3","6","2","02","16","4","1","0","0","1","0","0"
"POINT (10.015447005000055 53.588972919000071)","Unfall 55596 (2020) Kat:3, Licht: 0","55596","3","4","6","03","11","7","0","0","0","1","1","0"
"POINT (10.035568135000062 53.495704351000029)","Unfall 55598 (2020) Kat:3, Licht: 0","55598","3","6","2","09","14","6","0","0","0","1","0","0"
"POINT (9.984154573000069 53.462978882000073)","Unfall 55600 (2020) Kat:2, Licht: 0","55600","2","3","5","06","21","4","0","0","1","1","0","0"
"POINT (10.141012359000058 53.535401866000029)","Unfall 55601 (2020) Kat:3, Licht: 0","55601","3","6","2","08","12","2","0","0","0","1","0","0"
"POINT (9.836918231000027 53.472000518000073)","Unfall 55602 (2020) Kat:3, Licht: 2","55602","3","4","6","11","17","3","0","2","0","1","1","0"
"POINT (10.055146418000049 53.509322377000046)","Unfall 55603 (2020) Kat:3, Licht: 0","55603","3","6","2","05","16","5","0","0","0","1","0","0"
"POINT (10.114927663000060 53.516147312000044)","Unfall 55604 (2020) Kat:2, Licht: 2","55604","2","6","2","02","18","3","0","2","0","1","0","0"
"POINT (9.987236072000030 53.547610175000045)","Unfall 55606 (2020) Kat:3, Licht: 0","55606","3","6","3","01","12","7","0","0","0","1","0","0"
"POINT (9.866959661000067 53.571477156000071)","Unfall 55607 (2020) Kat:3, Licht: 0","55607","3","3","5","10","14","2","0","0","1","1","0","0"
"POINT (9.943190603000062 53.648874290000037)","Unfall 55608 (2020) Kat:3, Licht: 0","55608","3","6","2","02","14","7","0","0","0","1","0","0"
"POINT (10.031611238000039 53.561483497000040)","Unfall 55610 (2020) Kat:2, Licht: 0","55610","2","3","5","09","16","3","0","0","0","1","0","0"
"POINT (9.992356755000060 53.457573010000033)","Unfall 55611 (2020) Kat:3, Licht: 0","55611","3","6","2","12","12","4","0","0","0","1","0","0"
"POINT (9.988686509000047 53.457918070000062)","Unfall 55612 (2020) Kat:3, Licht: 0","55612","3","6","3","06","18","1","0","0","0","1","0","0"
"POINT (10.023606882000024 53.529415088000064)","Unfall 55613 (2020) Kat:3, Licht: 0","55613","3","2","3","07","20","5","0","0","1","0","0","0"
"POINT (9.915469525000049 53.542079882000053)","Unfall 55614 (2020) Kat:3, Licht: 1","55614","3","6","2","10","18","6","1","1","0","1","0","0"
"POINT (9.907110836000072 53.650117550000061)","Unfall 55615 (2020) Kat:3, Licht: 0","55615","3","3","5","04","15","4","0","0","1","1","0","0"
"POINT (10.033298276000039 53.563076680000052)","Unfall 55617 (2020) Kat:3, Licht: 2","55617","3","6","2","01","20","7","0","2","0","1","0","0"
"POINT (9.968806945000040 53.551292922000073)","Unfall 55618 (2020) Kat:3, Licht: 2","55618","3","3","5","09","20","6","0","2","1","1","0","0"
"POINT (9.940355012000055 53.573820798000042)","Unfall 55620 (2020) Kat:3, Licht: 0","55620","3","6","3","08","09","7","0","0","0","1","0","0"
"POINT (10.026074303000030 53.554374912000071)","Unfall 55621 (2020) Kat:3, Licht: 0","55621","3","2","5","12","11","6","0","0","0","1","0","0"
"POINT (9.945336265000037 53.563065580000057)","Unfall 55622 (2020) Kat:3, Licht: 0","55622","3","2","5","06","16","4","0","0","1","1","0","0"
"POINT (9.969564921000028 53.584114362000037)","Unfall 55623 (2020) Kat:3, Licht: 2","55623","3","3","5","04","20","6","0","2","0","1","0","0"
"POINT (9.853088600000035 53.472570637000047)","Unfall 55625 (2020) Kat:3, Licht: 0","55625","3","3","5","09","13","5","0","0","1","1","0","0"
"POINT (9.917129809000073 53.610033307000037)","Unfall 55627 (2020) Kat:3, Licht: 0","55627","3","6","2","07","11","2","1","0","0","1","0","0"
"POINT (10.081880885000032 53.505813905000082)","Unfall 55628 (2020) Kat:3, Licht: 0","55628","3","6","3","01","14","3","0","0","0","1","0","0"
"POINT (9.974874732000046 53.549505670000030)","Unfall 55629 (2020) Kat:3, Licht: 0","55629","3","6","2","09","14","1","1","0","0","1","0","0"
"POINT (9.936105855000051 53.626759606000064)","Unfall 55631 (2020) Kat:3, Licht: 0","55631","3","6","4","08","14","2","1","0","1","0","0","0"
"POINT (9.741688553000074 53.584953676000055)","Unfall 55632 (2020) Kat:3, Licht: 2","55632","3","6","2","12","17","1","1","2","0","1","0","0"
"POINT (9.946858540000051 53.562700041000028)","Unfall 55633 (2020) Kat:3, Licht: 0","55633","3","7","0","06","07","5","0","0","0","0","0","1"
"POINT (10.007634014000075 53.547816077000050)","Unfall 55634 (2020) Kat:2, Licht: 0","55634","2","6","3","07","13","3","0","0","1","1","0","0"
"POINT (9.944317611000031 53.566954482000028)","Unfall 55635 (2020) Kat:3, Licht: 2","55635","3","7","0","10","18","2","0","2","1","0","0","0"
"POINT (9.930121528000029 53.563462686000037)","Unfall 55636 (2020) Kat:3, Licht: 0","55636","3","2","3","04","12","2","0","0","1","0","0","0"
"POINT (9.920556191000060 53.592971439000053)","Unfall 55638 (2020) Kat:2, Licht: 2","55638","2","1","1","09","03","7","0","2","0","1","0","0"
"POINT (9.900986742000043 53.568616949000045)","Unfall 55640 (2020) Kat:3, Licht: 0","55640","3","6","3","07","11","3","0","0","0","1","0","0"
"POINT (10.032844521000072 53.492434090000074)","Unfall 55641 (2020) Kat:3, Licht: 0","55641","3","6","2","08","16","3","0","0","0","1","0","0"
"POINT (9.898459629000058 53.562092745000029)","Unfall 55642 (2020) Kat:3, Licht: 2","55642","3","3","5","11","20","2","1","2","0","1","0","0"