WKT,Name,OBJECTID,UKATEGORIE,UTYP1,UART,UMONAT,USTUNDE,UWOCHENTAG,STRZUSTAND,ULICHTVERH,ISTRAD,ISTPKW,ISTFUSS,ISTKRAD
"POINT (10.032505085000025 53.540527433000079)","Unfall 55643 (2020) Kat:3, Licht: 0","55643","3","7","0","05","15","5","0","0","0","0","0","1"
"POINT (9.949988706000056 53.572830930000066)","Unfall 55644 (2020) Kat:3, Licht: 0","55644","3","2","3","02","09","2","0","0","1","1","0","0"
"POINT (9.940139364000061 53.430979996000076)","Unfall 55646 (2020) Kat:3, Licht: 0","55646","3","3","0","10","10","7","0","0","0","1","0","0"
"POINT (10.028577649000056 53.547679758000072)","Unfall 55647 (2020) Kat:3, Licht: 0","55647","3","2","6","03","14","4","0","0","0","1","1","0"
"POINT (9.923165948000076 53.632488416000058)","Unfall 55649 (2020) Kat:3, Licht: 0","55649","3","6","2","09","16","5","0","0","0","1","0","0"
"POINT (9.946354441000040 53.562803518000067)","Unfall 55651 (2020) Kat:3, Licht: 0","55651","3","6","3","06","08","4","0","0","0","1","0","0"
"POINT (10.022414270000070 53.574186282000028)","Unfall 55652 (2020) Kat:3, Licht: 0","55652","3","7","0","08","15","1","0","0","1","0","0","0"
"POINT (9.958243545000073 53.647607098000037)","Unfall 55653 (2020) Kat:3, Licht: 2","55653","3","7","4","11","19","7","0","2","0","1","0","0"
"POINT (10.039470333000054 53.557806688000028)","Unfall 55654 (2020) Kat:3, Licht: 0","55654","3","3","5","05","14","4","0","0","1","1","0","0"
"POINT (9.988586511000051 53.592477998000049)","Unfall 55655 (2020) Kat:3, Licht: 2","55655","3","3","0","02","07","2","1","2","0","1","0","0"
"POINT (9.996774479000067 53.547515272000055)","Unfall 55657 (2020) Kat:3, Licht: 0","55657","3","6","3","01","09","4","0","0","0","1","0","0"
"POINT (10.018025923000039 53.585802832000070)","Unfall 55658 (2020) Kat:3, Licht: 0","55658","3","6","2","10","06","6","0","0","0","1","0","0"
"POINT (9.957881152000027 53.572549833000039)","Unfall 55659 (2020) Kat:2, Licht: 2","55659","2","3","5","02","18","4","0","2","1","1","0","0"
"POINT (9.969111972000064 53.551151914000059)","Unfall 55661 (2020) Kat:3, Licht: 0","55661","3","6","2","09","18","3","0","0","1","1","0","0"
"POINT (9.897593518000065 53.552380059000029)","Unfall 55662 (2020) Kat:2, Licht: 0","55662","2","6","2","12","10","3","1","0","0","0","0","0"
"POINT (9.938492930000052 53.575930641000070)","Unfall 55663 (2020) Kat:3, Licht: 0","55663","3","2","5","06","19","6","0","0","1","1","0","0"
"POINT (10.025631362000070 53.551827480000043)","Unfall 55664 (2020) Kat:3, Licht: 0","55664","3","3","5","07","09","4","0","0","1","1","0","0"
"POINT (9.949588160000076 53.562177158000054)","Unfall 55665 (2020) Kat:3, Licht: 2","55665","3","7","4","10","19","5","0","2","0","1","0","1"
"POINT (9.993448993000072 53.547284737000041)","Unfall 55666 (2020) Kat:3, Licht: 0","55666","3","6","2","04","16","3","0","0","0","1","0","0"
"POINT (9.967488124000056 53.583337208000046)","Unfall 55668 (2020) Kat:3, Licht: 2","55668","3","7","3","01","19","6","1","2","0","1","0","0"
"POINT (10.151611461000073 53.553872804000036)","Unfall 55669 (2020) Kat:3, Licht: 0","55669","3","6","2","09","17","4","0","0","0","1","0","0"
"POINT (9.893286765000028 53.471784109000055)","Unfall 55671 (2020) Kat:3, Licht: 0","55671","3","2","5","07","14","2","0","0","1","1","0","0"
"POINT (9.928180067000028 53.592741211000032)","Unfall 55672 (2020) Kat:3, Licht: 0","55672","3","6","3","08","19","6","0","0","0","1","0","1"
"POINT (9.920259743000031 53.604353718000027)","Unfall 55673 (2020) Kat:3, Licht: 0","55673","3","6","3","12","12","3","0","0","0","1","0","0"
"POINT (10.025960383000040 53.558645430000070)","Unfall 55674 (2020) Kat:3, Licht: 0","55674","3","2","2","05","13","1","0","0","1","1","0","0"
"POINT (9.948577468000053 53.573408307000079)","Unfall 55675 (2020) Kat:3, Licht: 2","55675","3","3","5","02","05","4","1","2","1","1","0","0"
"POINT (9.941882012000065 53.563497416000075)","Unfall 55676 (2020) Kat:3, Licht: 0","55676","3","6","2","03","17","2","1","0","0","1","0","0"
"POINT (9.963351962000047 53.469391952000080)","Unfall 55678 (2020) Kat:3, Licht: 0","55678","3","6","2","09","13","4","0","0","0","1","0","0"
"POINT (9.987574875000064 53.547552832000065)","Unfall 55680 (2020) Kat:2, Licht: 1","55680","2","6","3","07","21","4","1","1","0","0","0","1"
"POINT (10.037154753000038 53.561385682000036)","Unfall 55681 (2020) Kat:3, Licht: 0","55681","3","7","0","08","19","7","0","0","0","1","0","1"
"POINT (9.916514181000025 53.564445732000081)","Unfall 55682 (2020) Kat:3, Licht: 0","55682","3","2","3","11","10","4","1","0","1","1","0","0"
"POINT (9.922162453000055 53.439129134000041)","Unfall 55683 (2020) Kat:3, Licht: 0","55683","3","7","0","05","13","4","0","0","0","1","0","0"
"POINT (9.986995571000023 53.547650547000046)","Unfall 55684 (2020) Kat:3, Licht: 2","55684","3","6","2","02","19","3","1","2","0","1","0","0"
"POINT (9.930837503000021 53.470833612000035)","Unfall 55686 (2020) Kat:3, Licht: 0","55686","3","6","3","01","15","2","0","0","0","1","0","0"
"POINT (9.985843725000052 53.547852290000037)","Unfall 55687 (2020) Kat:3, Licht: 0","55687","3","6","2","10","18","4","0","0","0","1","0","0"
"POINT (9.908990692000032 53.617657374000032)","Unfall 55688 (2020) Kat:3, Licht: 0","55688","3","6","2","03","16","7","1","0","0","1","0","0"
"POINT (10.079923293000036 53.508369574000028)","Unfall 55691 (2020) Kat:3, Licht: 0","55691","3","1","8","09","10","7","1","0","0","1","0","0"
"POINT (9.853266252000026 53.472566062000055)","Unfall 55692 (2020) Kat:3, Licht: 2","55692","3","2","5","12","16","4","1","2","1","1","0","0"
"POINT (9.908426346000056 53.621238795000068)","Unfall 55693 (2020) Kat:3, Licht: 2","55693","3","2","4","06","23","2","0","2","1","1","0","0"
"POINT (9.944171502000074 53.563154496000038)","Unfall 55694 (2020) Kat:3, Licht: 2","55694","3","6","3","07","01","5","0","2","0","1","0","0"
"POINT (9.909735879000039 53.627117067000029)","Unfall 55695 (2020) Kat:3, Licht: 2","55695","3","3","5","11","05","4","0","2","1","1","0","0"
"POINT (9.930505080000046 53.643671061000077)","Unfall 55696 (2020) Kat:3, Licht: 0","55696","3","6","2","04","09","4","0","0","0","1","0","0"
"POINT (10.206924569000023 53.474768365000045)","Unfall 55698 (2020) Kat:3, Licht: 0","55698","3","1","0","01","16","5","1","0","0","0","0","1"
"POINT (10.022127861000058 53.543296863000080)","Unfall 55700 (2020) Kat:3, Licht: 0","55700","3","2","2","01","13","1","1","0","0","1","0","0"
"POINT (10.029298023000024 53.450265697000077)","Unfall 55701 (2020) Kat:3, Licht: 0","55701","3","6","2","09","07","3","0","0","0","1","0","0"
"POINT (10.209757251000042 53.487687265000034)","Unfall 55702 (2020) Kat:3, Licht: 0","55702","3","7","0","08","15","2","1","0","1","0","0","0"
"POINT (9.907519875000048 53.617834080000080)","Unfall 55703 (2020) Kat:3, Licht: 0","55703","3","3","5","11","13","6","0","0","0","1","0","0"
"POINT (9.821574673000043 53.576625381000042)","Unfall 55704 (2020) Kat:3, Licht: 0","55704","3","6","9","05","11","6","1","0","0","1","0","0"
"POINT (9.950141999000039 53.470771906000039)","Unfall 55705 (2020) Kat:3, Licht: 0","55705","3","7","0","02","10","6","0","0","0","0","1","0"
"POINT (9.930189401000064 53.536800503000052)","Unfall 55707 (2020) Kat:3, Licht: 0","55707","3","6","3","01","07","3","0","0","0","1","0","0"
"POINT (9.980314846000056 53.588736529000073)","Unfall 55708 (2020) Kat:3, Licht: 0","55708","3","4","6","10","12","6","0","0","1","0","1","0"
"POINT (9.916635645000042 53.589877100000081)","Unfall 55709 (2020) Kat:3, Licht: 0","55709","3","6","3","03","07","2","0","0","0","1","0","0"
"POINT (9.959469856000055 53.574709935000044)","Unfall 55711 (2020) Kat:2, Licht: 0","55711","2","3","5","09","17","4","1","0","1","1","0","0"
"POINT (10.071076359000074 53.508599486000037)","Unfall 55712 (2020) Kat:3, Licht: 2","55712","3","3","5","12","02","2","1","2","0","1","0","0"
"POINT (9.968882791000056 53.585262241000066)","Unfall 55713 (2020) Kat:3, Licht: 1","55713","3","5","1","06","22","3","0","1","0","1","0","1"
"POINT (10.002348453000025 53.614866650000067)","Unfall 55714 (2020) Kat:3, Licht: 0","55714","3","3","5","07","11","6","0","0","0","1","0","0"
"POINT (9.826120677000063 53.575910865000026)","Unfall 55715 (2020) Kat:3, Licht: 0","55715","3","6","1","11","14","5","0","0","0","1","0","0"
"POINT (9.921451246000061 53.627816028000041)","Unfall 55716 (2020) Kat:3, Licht: 0","55716","3","6","2","05","12","2","0","0","0","0","0","0"
"POINT (10.032883983000033 53.492481251000072)","Unfall 55718 (2020) Kat:3, Licht: 0","55718","3","6","1","01","13","6","0","0","0","1","0","0"
"POINT (9.991645358000028 53.607259186000078)","Unfall 55720 (2020) Kat:3, Licht: 2","55720","3","3","5","01","01","3","0","2","1","1","0","0"
"POINT (9.971374806000029 53.550117206000039)","Unfall 55721 (2020) Kat:3, Licht: 0","55721","3","6","2","10","16","5","0","0","0","1","0","0"
"POINT (10.017372175000048 53.586813711000048)","Unfall 55723 (2020) Kat:3, Licht: 0","55723","3","6","3","08","10","7","0","0","0","1","0","1"
"POINT (10.026245107000022 53.556980208000027)","Unfall 55724 (2020) Kat:2, Licht: 2","55724","2","3","5","12","18","7","1","2","0","1","0","0"
"POINT (10.038321529000029 53.499544291000063)","Unfall 55725 (2020) Kat:2, Licht: 0","55725","2","6","3","06","07","3","0","0","0","1","0","1"
"POINT (9.928546873000073 53.592287449000082)","Unfall 55726 (2020) Kat:2, Licht: 0","55726","2","2","4","07","19","3","0","0","0","1","0","0"
"POINT (9.932347999000058 53.586708188000046)","Unfall 55727 (2020) Kat:3, Licht: 0","55727","3","2","2","10","07","2","1","0","0","1","0","0"
"POINT (9.967618422000044 53.583517663000066)","Unfall 55728 (2020) Kat:3, Licht: 0","55728","3","6","3","04","13","6","0","0","1","0","0","0"
"POINT (10.032090475000075 53.543194179000068)","Unfall 55730 (2020) Kat:1, Licht: 0","55730","1","4","6","01","10","5","1","0","0","1","1","0"
"POINT (10.006409511000072 53.547880086000077)","Unfall 55731 (2020) Kat:3, Licht: 2","55731","3","6","3","09","20","4","0","2","0","0","0","1"
"POINT (10.158590462000063 53.560234116000061)","Unfall 55733 (2020) Kat:3, Licht: 0","55733","3","7","9","07","17","1","0","0","0","1","0","0"
"POINT (10.026135983000074 53.557948445000079)","Unfall 55734 (2020) Kat:3, Licht: 0","55734","3","3","5","08","14","4","0","0","1","1","0","0"
"POINT (10.033052914000052 53.562804834000076)","Unfall 55735 (2020) Kat:3, Licht: 2","55735","3","7","0","11","16","2","0","2","0","1","0","0"
"POINT (9.930121528000029 53.563462686000037)","Unfall 55736 (2020) Kat:3, Licht: 0","55736","3","2","3","05","10","6","0","0","1","1","0","0"
"POINT (9.922849986000074 53.596001169000033)","Unfall 55737 (2020) Kat:3, Licht: 0","55737","3","2","0","02","12","3","0","0","0","1","0","1"
"POINT (10.033593756000073 53.541460796000081)","Unfall 55738 (2020) Kat:2, Licht: 0","55738","2","3","5","03","17","7","0","0","1","1","0","0"
"POINT (9.929391493000026 53.563482761000046)","Unfall 55740 (2020) Kat:3, Licht: 0","55740","3","2","5","09","17","4","0","0","1","1","0","0"
"POINT (10.038975863000076 53.559075047000078)","Unfall 55742 (2020) Kat:3, Licht: 0","55742","3","3","5","06","11","7","0","0","1","1","0","0"
"POINT (10.031859400000030 53.566371915000047)","Unfall 55743 (2020) Kat:3, Licht: 0","55743","3","7","0","08","15","5","0","0","0","0","0","0"
"POINT (9.938055072000054 53.576437256000077)","Unfall 55744 (2020) Kat:3, Licht: 1","55744","3","7","0","11","07","3","0","1","1","0","0","0"
"POINT (9.941816350000067 53.622082008000064)","Unfall 55745 (2020) Kat:3, Licht: 0","55745","3","6","2","05","16","3","1","0","0","1","0","0"
"POINT (9.851068616000021 53.572465624000074)","Unfall 55746 (2020) Kat:3, Licht: 2","55746","3","4","6","02","19","1","1","2","1","0","1","0"
"POINT (9.830695005000052 53.471378025000035)","Unfall 55748 (2020) Kat:3, Licht: 0","55748","3","7","3","01","12","7","1","0","0","1","0","0"
"POINT (9.943915594000032 53.563187643000049)","Unfall 55749 (2020) Kat:2, Licht: 2","55749","2","4","1","10","23","7","0","2","0","0","1","1"
"POINT (9.961206203000074 53.606360159000076)","Unfall 55750 (2020) Kat:3, Licht: 0","55750","3","6","2","03","08","6","1","0","0","1","0","0"
"POINT (10.002596624000034 53.547373338000057)","Unfall 55753 (2020) Kat:2, Licht: 0","55753","2","1","8","09","11","6","0","0","0","0","0","1"
"POINT (10.032149677000064 53.540520679000053)","Unfall 55754 (2020) Kat:3, Licht: 0","55754","3","3","5","12","12","2","0","0","1","1","0","0"
"POINT (9.900147507000042 53.565065326000081)","Unfall 55755 (2020) Kat:3, Licht: 0","55755","3","2","4","06","06","5","0","0","1","1","0","0"
"POINT (10.139340342000025 53.533523536000075)","Unfall 55756 (2020) Kat:3, Licht: 0","55756","3","6","2","07","13","3","0","0","0","1","0","0"
"POINT (9.919626348000065 53.448910010000077)","Unfall 55757 (2020) Kat:2, Licht: 2","55757","2","7","6","11","03","2","1","2","0","0","1","0"
"POINT (10.139570507000030 53.533771506000051)","Unfall 55758 (2020) Kat:3, Licht: 0","55758","3","6","2","04","08","2","0","0","0","1","0","0"
"POINT (9.954551374000062 53.561382170000059)","Unfall 55760 (2020) Kat:3, Licht: 1","55760","3","6","3","01","16","4","1","1","0","1","0","0"
"POINT (9.940927099000021 53.573190058000080)","Unfall 55761 (2020) Kat:3, Licht: 2","55761","3","5","1","01","19","6","0","2","1","1","0","0"
"POINT (10.032648996000034 53.540663246000065)","Unfall 55762 (2020) Kat:3, Licht: 0","55762","3","6","2","09","16","2","0","0","0","1","0","0"
"POINT (10.050073914000052 53.551998240000046)","Unfall 55764 (2020) Kat:3, Licht: 0","55764","3","6","2","08","12","4","1","0","0","1","0","0"
"POINT (9.924232056000051 53.454125748000081)","Unfall 55765 (2020) Kat:3, Licht: 0","55765","3","6","2","12","08","4","0","0","0","1","0","0"
"POINT (10.032842317000075 53.539878082000030)","Unfall 55766 (2020) Kat:3, Licht: 0","55766","3","6","1","06","16","6","0","0","0","1","0","0"
"POINT (10.039081792000047 53.500741363000031)","Unfall 55767 (2020) Kat:3, Licht: 0","55767","3","6","2","07","11","6","0","0","0","1","0","0"
"POINT (9.920924267000032 53.439973432000045)","Unfall 55768 (2020) Kat:3, Licht: 2","55768","3","6","3","10","20","4","0","2","0","1","0","0"
"POINT (10.019770587000039 53.581561566000062)","Unfall 55769 (2020) Kat:3, Licht: 0","55769","3","3","5","04","11","7","0","0","1","0","0","0"
"POINT (9.941159700000071 53.563595376000080)","Unfall 55772 (2020) Kat:3, Licht: 0","55772","3","6","2","09","15","2","0","0","0","1","0","0"
"POINT (10.028925532000073 53.560180564000063)","Unfall 55774 (2020) Kat:2, Licht: 0","55774","2","5","1","07","09","4","0","0","1","1","0","0"
"POINT (9.934550751000074 53.580643305000081)","Unfall 55775 (2020) Kat:3, Licht: 1","55775","3","7","3","08","20","7","0","1","0","1","0","0"
"POINT (9.952812549000043 53.571385795000026)","Unfall 55776 (2020) Kat:3, Licht: 0","55776","3","6","2","11","09","5","0","0","0","1","0","0"
"POINT (10.027525287000060 53.569885953000039)","Unfall 55777 (2020) Kat:3, Licht: 0","55777","3","6","6","05","15","3","0","0","1","0","1","0"
"POINT (9.950421302000052 53.572586624000053)","Unfall 55778 (2020) Kat:3, Licht: 0","55778","3","2","5","02","08","5","1","0","1","0","0","0"
"POINT (10.208472633000042 53.475725492000038)","Unfall 55780 (2020) Kat:3, Licht: 0","55780","3","7","8","08","06","5","1","0","0","1","0","0"
"POINT (9.959854512000050 53.575299241000039)","Unfall 55781 (2020) Kat:3, Licht: 2","55781","3","3","5","12","18","6","0","2","1","0","0","0"
"POINT (9.983922780000057 53.598113692000027)","Unfall 55782 (2020) Kat:3, Licht: 1","55782","3","3","6","06","22","3","0","1","0","1","1","0"
"POINT (9.901249596000071 53.564812829000061)","Unfall 55783 (2020) Kat:3, Licht: 0","55783","3","6","2","07","19","2","0","0","0","1","0","0"
"POINT (10.069735808000075 53.508863315000042)","Unfall 55784 (2020) Kat:3, Licht: 0","55784","3","6","3","10","12","6","0","0","0","1","0","0"
"POINT (9.944109505000029 53.569134467000026)","Unfall 55785 (2020) Kat:1, Licht: 0","55785","1","1","8","04","18","3","0","0","0","1","1","0"
"POINT (10.035987247000037 53.496587529000067)","Unfall 55788 (2020) Kat:3, Licht: 0","55788","3","6","2","09","17","2","0","0","0","1","0","0"
"POINT (9.918594370000051 53.445123567000053)","Unfall 55790 (2020) Kat:3, Licht: 0","55790","3","6","2","07","14","5","1","0","0","1","0","0"
"POINT (9.753460291000067 53.583407113000078)","Unfall 55791 (2020) Kat:3, Licht: 0","55791","3","3","5","08","15","3","0","0","1","1","0","0"
"POINT (9.822786551000036 53.576456398000062)","Unfall 55792 (2020) Kat:3, Licht: 0","55792","3","3","5","11","14","6","0","0","0","1","0","0"
"POINT (9.933768389000022 53.434777259000043)","Unfall 55793 (2020) Kat:3, Licht: 0","55793","3","6","2","05","11","5","0","0","0","1","0","0"
"POINT (10.035638033000055 53.495788146000052)","Unfall 55794 (2020) Kat:3, Licht: 0","55794","3","6","2","02","14","6","0","0","0","1","0","0"
"POINT (10.019083936000072 53.577375249000056)","Unfall 55795 (2020) Kat:3, Licht: 0","55795","3","4","6","03","09","5","0","0","0","1","1","0"
"POINT (9.966916451000031 53.552255009000078)","Unfall 55797 (2020) Kat:3, Licht: 2","55797","3","6","1","09","23","3","0","2","1","0","0","0"
"POINT (10.029574223000054 53.536068684000043)","Unfall 55799 (2020) Kat:3, Licht: 0","55799","3","2","3","06","14","6","0","0","1","0","0","1"
"POINT (9.948795412000038 53.618184972000051)","Unfall 55800 (2020) Kat:3, Licht: 0","55800","3","3","5","08","10","4","0","0","1","1","0","0"
"POINT (9.983923995000055 53.597532587000046)","Unfall 55801 (2020) Kat:3, Licht: 0","55801","3","6","2","11","16","7","1","0","0","1","0","0"
"POINT (9.964298574000054 53.556436949000044)","Unfall 55802 (2020) Kat:3, Licht: 0","55802","3","3","5","05","15","3","1","0","1","1","0","0"
"POINT (9.918732116000058 53.541496858000073)","Unfall 55803 (2020) Kat:3, Licht: 0","55803","3","6","2","02","14","6","0","0","0","1","0","0"
"POINT (9.955631927000070 53.570492683000055)","Unfall 55805 (2020) Kat:3, Licht: 0","55805","3","6","2","01","10","4","1","0","0","1","0","0"
"POINT (9.965985276000026 53.553004076000036)","Unfall 55806 (2020) Kat:3, Licht: 0","55806","3","6","2","10","16","5","1","0","0","1","0","0"
"POINT (9.816366106000032 53.577435389000073)","Unfall 55807 (2020) Kat:3, Licht: 2","55807","3","2","6","03","06","3","1","2","0","1","1","0"
"POINT (9.835834709000039 53.471905152000033)","Unfall 55810 (2020) Kat:3, Licht: 0","55810","3","6","2","09","18","4","0","0","0","1","0","1"
"POINT (9.907242587000042 53.618870697000034)","Unfall 55811 (2020) Kat:3, Licht: 0","55811","3","6","2","12","13","7","0","0","0","1","0","0"
"POINT (9.987720486000058 53.603476057000080)","Unfall 55812 (2020) Kat:3, Licht: 2","55812","3","3","5","06","23","4","0","2","0","1","0","0"
"POINT (10.135344527000029 53.529400755000040)","Unfall 55813 (2020) Kat:3, Licht: 0","55813","3","6","2","07","10","7","0","0","0","1","0","0"
"POINT (9.942971413000066 53.648743193000030)","Unfall 55814 (2020) Kat:3, Licht: 2","55814","3","6","2","11","20","1","1","2","0","1","0","0"
"POINT (9.968791816000021 53.450566348000052)","Unfall 55815 (2020) Kat:3, Licht: 0","55815","3","6","2","04","06","6","0","0","0","1","0","0"
"POINT (9.991747510000039 53.641261623000048)","Unfall 55817 (2020) Kat:3, Licht: 1","55817","3","1","9","01","17","4","1","1","0","1","0","0"
"POINT (9.944946272000038 53.563846243000057)","Unfall 55818 (2020) Kat:3, Licht: 0","55818","3","6","2","09","11","2","0","0","0","1","0","0"
"POINT (9.947714351000059 53.573383787000068)","Unfall 55820 (2020) Kat:3, Licht: 0","55820","3","2","3","08","10","3","0","0","1","0","0","0"
"POINT (9.913928124000051 53.494719506000081)","Unfall 55821 (2020) Kat:3, Licht: 2","55821","3","6","2","12","06","3","0","2","0","1","0","0"
"POINT (9.917463250000026 53.542028146000064)","Unfall 55822 (2020) Kat:3, Licht: 0","55822","3","6","1","06","16","5","1","0","0","1","0","0"
"POINT (10.006339794000041 53.617375150000044)","Unfall 55823 (2020) Kat:3, Licht: 0","55823","3","2","3","07","09","4","0","0","1","0","0","0"
"POINT (9.932346839000047 53.586710508000067)","Unfall 55824 (2020) Kat:3, Licht: 0","55824","3","6","2","10","17","3","1","0","0","1","0","0"
"POINT (10.178006107000044 53.473472426000058)","Unfall 55825 (2020) Kat:3, Licht: 0","55825","3","6","3","04","12","2","0","0","0","1","0","0"
"POINT (9.988740852000035 53.457841105000057)","Unfall 55828 (2020) Kat:3, Licht: 0","55828","3","6","1","09","14","7","0","0","0","1","0","0"
"POINT (10.024726128000054 53.467128023000043)","Unfall 55830 (2020) Kat:3, Licht: 0","55830","3","6","2","07","08","3","0","0","0","1","0","0"
"POINT (9.983936054000026 53.594326078000051)","Unfall 55831 (2020) Kat:3, Licht: 0","55831","3","6","2","08","14","6","0","0","0","1","0","0"
"POINT (9.911774591000039 53.565599904000067)","Unfall 55832 (2020) Kat:3, Licht: 2","55832","3","6","3","11","17","3","0","2","1","0","0","0"
"POINT (9.924104622000073 53.563771912000050)","Unfall 55833 (2020) Kat:3, Licht: 0","55833","3","6","2","05","14","6","1","0","0","1","0","0"
"POINT (10.065379009000026 53.509081139000045)","Unfall 55834 (2020) Kat:3, Licht: 0","55834","3","6","2","02","15","3","0","0","0","1","0","0"
"POINT (9.802076229000022 53.579544259000045)","Unfall 55836 (2020) Kat:3, Licht: 0","55836","3","6","2","03","15","6","1","0","0","1","0","0"
"POINT (10.000672823000059 53.593086373000062)","Unfall 55838 (2020) Kat:3, Licht: 0","55838","3","3","5","09","15","6","0","0","0","1","0","0"
"POINT (9.995466338000028 53.593777967000051)","Unfall 55840 (2020) Kat:3, Licht: 2","55840","3","6","4","06","22","4","0","2","1","0","0","0"
"POINT (9.923523567000075 53.563803536000080)","Unfall 55841 (2020) Kat:3, Licht: 0","55841","3","3","5","08","19","2","0","0","1","1","0","0"
"POINT (9.947940153000047 53.649509598000066)","Unfall 55842 (2020) Kat:3, Licht: 2","55842","3","6","2","11","19","3","0","2","0","1","0","0"
"POINT (9.959119266000073 53.608968364000077)","Unfall 55843 (2020) Kat:3, Licht: 0","55843","3","5","1","05","12","5","0","0","1","1","0","0"
"POINT (9.879574947000037 53.569004325000037)","Unfall 55844 (2020) Kat:3, Licht: 2","55844","3","2","6","02","18","3","0","2","0","1","1","0"
"POINT (10.197916665000037 53.493052025000054)","Unfall 55846 (2020) Kat:3, Licht: 1","55846","3","6","2","01","06","5","1","1","0","1","0","0"
"POINT (9.941257983000071 53.563589561000072)","Unfall 55847 (2020) Kat:3, Licht: 2","55847","3","2","4","10","20","2","0","2","0","1","0","0"
"POINT (9.964131761000033 53.556930120000061)","Unfall 55848 (2020) Kat:3, Licht: 0","55848","3","2","3","02","14","6","0","0","1","1","0","0"
"POINT (10.011823787000026 53.590350618000059)","Unfall 55851 (2020) Kat:3, Licht: 0","55851","3","5","2","03","15","1","0","0","0","1","0","0"
"POINT (9.986475473000041 53.547735945000056)","Unfall 55853 (2020) Kat:2, Licht: 0","55853","2","2","5","09","13","1","0","0","1","0","0","1"
"POINT (10.009130953000067 53.638287743000035)","Unfall 55855 (2020) Kat:2, Licht: 2","55855","2","1","8","06","02","5","0","2","0","1","0","0"
"POINT (9.916657607000047 53.610806941000078)","Unfall 55856 (2020) Kat:3, Licht: 0","55856","3","6","3","08","13","3","0","0","0","1","0","0"
"POINT (9.969486535000044 53.583982657000035)","Unfall 55857 (2020) Kat:3, Licht: 1","55857","3","2","0","11","07","4","1","1","1","1","0","0"
"POINT (10.033255342000075 53.565212128000042)","Unfall 55858 (2020) Kat:3, Licht: 0","55858","3","2","3","05","09","6","0","0","1","1","0","0"
"POINT (10.068656448000070 53.509007542000063)","Unfall 55859 (2020) Kat:3, Licht: 0","55859","3","3","5","02","12","4","0","0","0","1","0","0"
"POINT (9.919095902000038 53.606084076000059)","Unfall 55861 (2020) Kat:3, Licht: 0","55861","3","6","3","01","07","2","0","0","0","1","0","0"
"POINT (9.921934939000039 53.540154732000076)","Unfall 55862 (2020) Kat:3, Licht: 2","55862","3","6","2","10","17","3","0","2","0","1","0","0"
"POINT (10.030671327000050 53.537896390000071)","Unfall 55863 (2020) Kat:3, Licht: 0","55863","3","3","5","02","08","7","1","0","1","1","0","0"
"POINT (9.983185328000047 53.548439136000070)","Unfall 55865 (2020) Kat:3, Licht: 0","55865","3","6","3","09","09","4","0","0","1","0","0","0"
"POINT (9.948923781000076 53.618149827000082)","Unfall 55866 (2020) Kat:3, Licht: 0","55866","3","2","3","12","14","6","0","0","1","1","0","0"
"POINT (10.017445859000077 53.586709823000035)","Unfall 55867 (2020) Kat:3, Licht: 0","55867","3","6","2","06","11","2","0","0","0","1","0","0"
"POINT (10.197799518000068 53.493106240000031)","Unfall 55868 (2020) Kat:3, Licht: 0","55868","3","6","2","07","13","6","0","0","0","1","0","0"
"POINT (10.071409439000035 53.508357912000065)","Unfall 55869 (2020) Kat:3, Licht: 2","55869","3","6","3","10","06","6","1","2","0","1","0","0"
"POINT (9.897138136000024 53.555169791000026)","Unfall 55870 (2020) Kat:3, Licht: 0","55870","3","3","5","04","14","5","0","0","0","1","0","0"
"POINT (9.959385378000036 53.574559209000029)","Unfall 55872 (2020) Kat:3, Licht: 1","55872","3","2","6","01","07","3","1","1","0","1","1","0"
"POINT (9.927314576000072 53.640159576000030)","Unfall 55873 (2020) Kat:3, Licht: 0","55873","3","6","3","09","08","7","0","0","0","1","0","0"
"POINT (10.009292138000035 53.547781399000030)","Unfall 55875 (2020) Kat:3, Licht: 0","55875","3","6","3","08","12","7","0","0","0","1","0","0"
"POINT (9.901476284000069 53.564817417000029)","Unfall 55876 (2020) Kat:3, Licht: 2","55876","3","3","5","12","17","7","0","2","0","1","0","0"
"POINT (10.148908941000059 53.548740265000049)","Unfall 55877 (2020) Kat:3, Licht: 0","55877","3","6","2","06","07","4","0","0","0","1","0","0"
"POINT (9.991781768000067 53.592791450000050)","Unfall 55878 (2020) Kat:3, Licht: 1","55878","3","1","4","07","21","3","1","1","0","1","0","0"
"POINT (9.753623498000025 53.582999718000053)","Unfall 55879 (2020) Kat:3, Licht: 2","55879","3","3","5","10","19","1","0","2","0","1","0","0"
"POINT (10.152975501000071 53.479950645000031)","Unfall 55880 (2020) Kat:3, Licht: 2","55880","3","6","2","04","01","7","0","2","0","1","0","0"
"POINT (10.082849130000056 53.507256845000029)","Unfall 55882 (2020) Kat:3, Licht: 0","55882","3","6","2","09","18","6","0","0","0","1","0","0"
"POINT (10.032041269000047 53.538804720000030)","Unfall 55884 (2020) Kat:3, Licht: 0","55884","3","6","2","07","08","2","0","0","0","1","0","0"
"POINT (9.972517993000054 53.645411385000045)","Unfall 55885 (2020) Kat:3, Licht: 0","55885","3","6","3","08","16","3","0","0","0","1","0","0"
"POINT (10.026581059000023 53.551346905000059)","Unfall 55886 (2020) Kat:3, Licht: 0","55886","3","3","5","11","13","7","0","0","1","1","0","0"
"POINT (9.812881446000063 53.468566260000046)","Unfall 55887 (2020) Kat:3, Licht: 0","55887","3","6","2","05","18","4","0","0","0","1","0","1"
"POINT (9.927555371000040 53.470723471000042)","Unfall 55888 (2020) Kat:3, Licht: 0","55888","3","3","5","02","12","7","0","0","0","1","0","0"