WKT,Name,OBJECTID,UKATEGORIE,UTYP1,UART,UMONAT,USTUNDE,UWOCHENTAG,STRZUSTAND,ULICHTVERH,ISTRAD,ISTPKW,ISTFUSS,ISTKRAD
"POINT (10.051197640000055 53.509613572000035)","Unfall 55890 (2020) Kat:3, Licht: 0","55890","3","6","2","10","16","6","0","0","0","1","0","0"
"POINT (9.991009435000024 53.593022313000063)","Unfall 55891 (2020) Kat:3, Licht: 1","55891","3","2","5","03","16","3","1","1","1","1","0","0"
"POINT (9.974160127000062 53.549599266000030)","Unfall 55893 (2020) Kat:3, Licht: 0","55893","3","2","5","09","07","5","1","0","1","0","0","0"
"POINT (10.037139089000050 53.561404025000058)","Unfall 55894 (2020) Kat:3, Licht: 2","55894","3","4","6","12","23","4","1","2","0","1","1","0"
"POINT (9.839502060000029 53.472241232000044)","Unfall 55895 (2020) Kat:3, Licht: 0","55895","3","3","6","06","15","3","0","0","1","0","1","0"
"POINT (10.032607639000048 53.492150983000045)","Unfall 55896 (2020) Kat:3, Licht: 0","55896","3","6","2","08","16","7","0","0","0","1","0","0"
"POINT (9.938399284000070 53.625212108000028)","Unfall 55897 (2020) Kat:3, Licht: 0","55897","3","7","0","11","14","6","1","0","1","0","0","0"
"POINT (9.958664778000070 53.573463930000059)","Unfall 55898 (2020) Kat:3, Licht: 0","55898","3","2","3","05","16","4","0","0","1","1","0","0"
"POINT (10.010806908000063 53.622245164000049)","Unfall 55899 (2020) Kat:3, Licht: 2","55899","3","7","2","02","21","7","1","2","0","1","0","0"
"POINT (9.865714612000033 53.571481008000035)","Unfall 55901 (2020) Kat:3, Licht: 2","55901","3","1","8","01","23","3","0","2","0","1","0","0"
"POINT (9.963206536000030 53.600568933000034)","Unfall 55902 (2020) Kat:3, Licht: 0","55902","3","6","3","10","13","6","0","0","0","1","0","1"
"POINT (10.134958425000036 53.529035290000081)","Unfall 55904 (2020) Kat:3, Licht: 0","55904","3","6","2","08","10","1","0","0","0","1","0","0"
"POINT (9.942905227000040 53.563335952000045)","Unfall 55905 (2020) Kat:3, Licht: 0","55905","3","2","3","12","12","2","0","0","1","1","0","0"
"POINT (10.026877249000052 53.556348439000033)","Unfall 55906 (2020) Kat:3, Licht: 0","55906","3","2","3","06","11","5","1","0","0","0","0","1"
"POINT (9.897896192000076 53.559410739000043)","Unfall 55907 (2020) Kat:3, Licht: 0","55907","3","6","3","07","19","4","0","0","0","1","0","0"
"POINT (9.941730132000032 53.572475280000049)","Unfall 55908 (2020) Kat:2, Licht: 0","55908","2","6","2","10","10","4","0","0","0","1","0","0"
"POINT (9.865252453000039 53.571646806000047)","Unfall 55909 (2020) Kat:3, Licht: 1","55909","3","2","4","04","18","2","0","1","0","1","0","0"
"POINT (9.912988894000023 53.510362120000082)","Unfall 55911 (2020) Kat:3, Licht: 0","55911","3","6","2","01","12","5","0","0","0","1","0","0"
"POINT (10.059456928000031 53.550904415000048)","Unfall 55912 (2020) Kat:3, Licht: 0","55912","3","3","5","09","14","4","0","0","0","1","0","0"
"POINT (9.898190380000074 53.556248690000075)","Unfall 55914 (2020) Kat:3, Licht: 0","55914","3","6","2","07","13","2","0","0","0","1","0","0"
"POINT (10.044290471000068 53.552599306000047)","Unfall 55915 (2020) Kat:2, Licht: 0","55915","2","6","3","08","09","5","0","0","0","1","0","1"
"POINT (9.938230588000067 53.471030148000068)","Unfall 55916 (2020) Kat:3, Licht: 0","55916","3","6","2","11","14","2","0","0","0","1","0","0"
"POINT (9.926223432000029 53.593861544000049)","Unfall 55917 (2020) Kat:3, Licht: 0","55917","3","3","5","05","18","7","0","0","1","1","0","0"
"POINT (10.138897369000063 53.525287616000071)","Unfall 55918 (2020) Kat:3, Licht: 2","55918","3","1","9","02","00","3","1","2","0","1","0","0"
"POINT (9.912485723000032 53.618628784000066)","Unfall 55919 (2020) Kat:3, Licht: 0","55919","3","6","3","09","15","3","0","0","0","1","0","0"
"POINT (10.026898683000070 53.556334210000045)","Unfall 55920 (2020) Kat:3, Licht: 2","55920","3","6","2","12","20","3","1","2","0","1","0","0"
"POINT (10.085885975000053 53.544031759000063)","Unfall 55921 (2020) Kat:2, Licht: 0","55921","2","6","2","06","19","7","1","0","0","1","0","0"
"POINT (9.901250707000031 53.569079965000071)","Unfall 55922 (2020) Kat:3, Licht: 0","55922","3","6","3","07","14","5","0","0","0","1","0","0"
"POINT (9.986048979000032 53.547810446000028)","Unfall 55923 (2020) Kat:3, Licht: 0","55923","3","6","2","10","08","6","1","0","0","1","0","0"
"POINT (9.908433089000027 53.621267131000081)","Unfall 55924 (2020) Kat:3, Licht: 0","55924","3","1","0","04","15","4","0","0","1","0","0","0"
"POINT (10.021274847000029 53.575177528000040)","Unfall 55926 (2020) Kat:3, Licht: 1","55926","3","2","2","01","16","6","1","1","0","1","0","0"
"POINT (9.883784748000039 53.472115526000039)","Unfall 55927 (2020) Kat:3, Licht: 0","55927","3","3","5","09","14","5","0","0","0","1","0","0"
"POINT (10.028463077000026 53.547826766000071)","Unfall 55929 (2020) Kat:3, Licht: 0","55929","3","6","2","08","12","6","1","0","0","1","0","0"
"POINT (9.917340927000055 53.623041388000047)","Unfall 55930 (2020) Kat:3, Licht: 2","55930","3","6","2","12","17","6","0","2","0","1","0","0"
"POINT (9.986237468000070 53.547776000000056)","Unfall 55931 (2020) Kat:2, Licht: 0","55931","2","2","3","06","09","4","0","0","1","1","0","0"
"POINT (9.932454451000069 53.563518609000027)","Unfall 55932 (2020) Kat:3, Licht: 0","55932","3","2","3","04","13","4","0","0","1","0","0","0"
"POINT (10.031138444000021 53.540727106000077)","Unfall 55934 (2020) Kat:3, Licht: 0","55934","3","6","2","09","07","5","0","0","0","1","0","0"
"POINT (9.983463208000046 53.548384219000070)","Unfall 55936 (2020) Kat:3, Licht: 1","55936","3","7","9","07","19","7","1","1","0","1","0","0"
"POINT (9.967264287000035 53.583103442000038)","Unfall 55937 (2020) Kat:3, Licht: 0","55937","3","6","3","08","07","2","0","0","0","1","0","0"
"POINT (9.942397664000055 53.571919106000053)","Unfall 55938 (2020) Kat:3, Licht: 0","55938","3","3","5","11","09","5","0","0","1","1","0","0"
"POINT (10.131679860000077 53.528024909000067)","Unfall 55939 (2020) Kat:3, Licht: 2","55939","3","1","0","05","01","5","0","2","0","1","0","0"
"POINT (10.005372255000054 53.616771891000042)","Unfall 55940 (2020) Kat:3, Licht: 2","55940","3","6","3","02","19","4","1","2","0","0","0","1"
"POINT (9.855424636000066 53.472227608000082)","Unfall 55942 (2020) Kat:3, Licht: 1","55942","3","6","3","01","07","2","1","1","0","1","0","0"
"POINT (9.967776985000057 53.589433097000040)","Unfall 55943 (2020) Kat:3, Licht: 0","55943","3","6","2","10","12","5","0","0","0","1","0","0"
"POINT (9.842857623000043 53.572988656000064)","Unfall 55944 (2020) Kat:3, Licht: 0","55944","3","2","5","03","09","2","0","0","1","1","0","0"
"POINT (9.997282025000061 53.547547080000072)","Unfall 55946 (2020) Kat:3, Licht: 1","55946","3","6","2","09","17","3","0","1","0","1","0","0"
"POINT (9.965857514000049 53.553111415000046)","Unfall 55947 (2020) Kat:3, Licht: 0","55947","3","3","5","12","12","2","0","0","0","1","0","0"
"POINT (10.025772962000076 53.462493624000047)","Unfall 55948 (2020) Kat:3, Licht: 0","55948","3","6","2","06","13","2","0","0","0","1","0","0"
"POINT (9.968323089000023 53.467897075000053)","Unfall 55949 (2020) Kat:3, Licht: 0","55949","3","6","2","07","13","5","0","0","0","1","0","0"
"POINT (10.015680977000045 53.546140270000080)","Unfall 55950 (2020) Kat:3, Licht: 0","55950","3","6","2","11","10","4","0","0","0","1","0","0"
"POINT (9.809872513000073 53.578071362000060)","Unfall 55951 (2020) Kat:3, Licht: 0","55951","3","7","0","05","11","6","0","0","1","0","0","0"
"POINT (9.957422637000036 53.647656374000064)","Unfall 55953 (2020) Kat:3, Licht: 2","55953","3","6","3","01","19","6","1","2","0","1","0","0"
"POINT (10.027423268000064 53.456065271000057)","Unfall 55955 (2020) Kat:3, Licht: 2","55955","3","6","2","01","17","2","0","2","0","1","0","0"
"POINT (10.005160532000048 53.616635416000065)","Unfall 55956 (2020) Kat:3, Licht: 0","55956","3","3","5","09","17","4","0","0","1","1","0","0"
"POINT (9.948417581000058 53.562367354000060)","Unfall 55958 (2020) Kat:2, Licht: 2","55958","2","3","5","08","05","7","0","2","1","0","0","0"
"POINT (10.004690972000049 53.495084995000070)","Unfall 55959 (2020) Kat:3, Licht: 2","55959","3","6","2","12","17","6","1","2","0","1","0","0"
"POINT (10.025668512000038 53.551773102000027)","Unfall 55960 (2020) Kat:3, Licht: 2","55960","3","3","5","06","00","3","0","2","0","1","0","0"
"POINT (9.932886111000073 53.470920986000067)","Unfall 55961 (2020) Kat:3, Licht: 0","55961","3","6","3","07","16","2","0","0","0","1","0","0"
"POINT (9.776969495000060 53.580369223000048)","Unfall 55962 (2020) Kat:3, Licht: 0","55962","3","6","2","10","13","1","1","0","0","1","0","0"
"POINT (10.144225943000038 53.523234141000046)","Unfall 55963 (2020) Kat:2, Licht: 2","55963","2","1","9","04","02","4","0","2","0","1","0","0"
"POINT (9.930364398000052 53.650075463000064)","Unfall 55965 (2020) Kat:2, Licht: 0","55965","2","6","2","01","14","5","1","0","0","1","0","0"
"POINT (9.994175193000046 53.547332690000076)","Unfall 55966 (2020) Kat:3, Licht: 0","55966","3","6","4","09","10","4","0","0","1","0","0","0"
"POINT (9.907524611000042 53.617852293000055)","Unfall 55968 (2020) Kat:2, Licht: 0","55968","2","3","5","07","10","7","1","0","0","1","0","0"
"POINT (9.967759577000038 53.589516601000071)","Unfall 55969 (2020) Kat:3, Licht: 0","55969","3","3","6","08","17","4","0","0","1","0","1","0"
"POINT (9.944724683000061 53.620432795000056)","Unfall 55970 (2020) Kat:3, Licht: 0","55970","3","6","4","11","11","2","0","0","0","1","0","0"
"POINT (9.907799330000046 53.647026129000039)","Unfall 55971 (2020) Kat:3, Licht: 0","55971","3","4","6","05","16","6","0","0","0","1","1","0"
"POINT (9.931433560000073 53.563446933000080)","Unfall 55972 (2020) Kat:3, Licht: 0","55972","3","2","5","02","08","2","0","0","1","0","0","0"
"POINT (9.948759555000038 53.562295338000069)","Unfall 55973 (2020) Kat:3, Licht: 0","55973","3","2","4","03","06","6","0","0","0","1","0","0"
"POINT (9.921996180000065 53.469487100000038)","Unfall 55975 (2020) Kat:3, Licht: 0","55975","3","7","0","09","08","3","0","0","0","0","0","1"
"POINT (9.932225925000068 53.586950149000074)","Unfall 55977 (2020) Kat:3, Licht: 0","55977","3","6","2","06","18","7","0","0","0","1","0","0"
"POINT (10.018322781000052 53.585328156000060)","Unfall 55978 (2020) Kat:3, Licht: 0","55978","3","6","2","08","08","4","0","0","1","0","0","0"
"POINT (9.955029348000039 53.611939626000037)","Unfall 55979 (2020) Kat:3, Licht: 2","55979","3","6","2","11","07","2","0","2","0","1","0","0"
"POINT (9.911017154000035 53.633507685000041)","Unfall 55980 (2020) Kat:3, Licht: 0","55980","3","2","4","05","08","3","1","0","1","1","0","0"
"POINT (9.919624934000069 53.605272668000055)","Unfall 55981 (2020) Kat:3, Licht: 0","55981","3","6","2","02","09","7","0","0","0","1","0","0"
"POINT (9.930526738000026 53.647415516000081)","Unfall 55983 (2020) Kat:3, Licht: 0","55983","3","7","2","01","13","7","1","0","0","1","0","0"
"POINT (9.940860026000053 53.563607099000080)","Unfall 55984 (2020) Kat:3, Licht: 0","55984","3","6","0","10","10","6","0","0","0","1","0","0"
"POINT (9.838700213000038 53.573571257000026)","Unfall 55985 (2020) Kat:3, Licht: 2","55985","3","6","2","03","19","5","0","2","0","1","0","0"
"POINT (10.019133689000057 53.580442919000063)","Unfall 55988 (2020) Kat:3, Licht: 0","55988","3","6","2","09","17","5","1","0","0","1","0","0"
"POINT (10.190894635000063 53.472693189000040)","Unfall 55989 (2020) Kat:2, Licht: 2","55989","2","7","8","12","17","1","1","2","0","1","0","0"
"POINT (10.047782853000058 53.552275088000044)","Unfall 55990 (2020) Kat:3, Licht: 0","55990","3","6","2","06","15","4","0","0","0","1","0","0"
"POINT (9.977744041000051 53.549361890000057)","Unfall 55991 (2020) Kat:3, Licht: 2","55991","3","6","3","03","20","5","0","2","0","1","0","0"
"POINT (10.107990056000062 53.536012974000073)","Unfall 55993 (2020) Kat:2, Licht: 0","55993","2","1","8","09","16","4","0","0","0","1","0","0"
"POINT (9.865590415000042 53.471553385000050)","Unfall 55995 (2020) Kat:3, Licht: 0","55995","3","2","2","06","18","2","0","0","0","1","0","0"
"POINT (9.897060128000021 53.556712529000038)","Unfall 55996 (2020) Kat:3, Licht: 2","55996","3","1","0","08","00","7","0","2","0","0","0","1"
"POINT (9.915942182000038 53.470453268000028)","Unfall 55997 (2020) Kat:2, Licht: 0","55997","2","6","3","11","10","3","1","0","1","1","0","0"
"POINT (9.919381869000063 53.605633846000046)","Unfall 55998 (2020) Kat:3, Licht: 0","55998","3","6","3","05","15","4","1","0","0","1","0","0"
"POINT (10.042863272000034 53.552622241000051)","Unfall 55999 (2020) Kat:3, Licht: 0","55999","3","2","6","02","15","2","1","0","0","1","1","0"
"POINT (9.988007716000027 53.603874221000069)","Unfall 56001 (2020) Kat:2, Licht: 0","56001","2","6","0","01","15","2","1","0","0","1","0","1"
"POINT (10.064850634000038 53.550212541000064)","Unfall 56002 (2020) Kat:3, Licht: 0","56002","3","2","4","10","17","2","1","0","0","1","0","0"
"POINT (10.064823362000027 53.550215793000064)","Unfall 56003 (2020) Kat:2, Licht: 0","56003","2","2","4","03","14","6","1","0","0","1","0","0"
"POINT (10.031687655000042 53.543694096000081)","Unfall 56006 (2020) Kat:3, Licht: 0","56006","3","6","3","09","14","7","0","0","0","1","0","1"
"POINT (9.948338302000025 53.649583866000057)","Unfall 56007 (2020) Kat:3, Licht: 2","56007","3","2","4","12","19","4","1","2","0","1","0","0"
"POINT (9.855298081000058 53.572007543000041)","Unfall 56008 (2020) Kat:3, Licht: 0","56008","3","2","4","06","11","7","0","0","1","1","0","0"
"POINT (9.922846737000043 53.632195905000060)","Unfall 56009 (2020) Kat:3, Licht: 0","56009","3","3","5","07","10","4","0","0","0","1","0","0"
"POINT (10.001798499000074 53.592694797000036)","Unfall 56010 (2020) Kat:3, Licht: 1","56010","3","6","3","11","16","3","0","1","0","1","0","0"
"POINT (10.032709545000046 53.539707324000062)","Unfall 56011 (2020) Kat:3, Licht: 1","56011","3","6","3","04","19","3","1","1","0","1","0","0"
"POINT (10.145171460000029 53.522977990000072)","Unfall 56013 (2020) Kat:3, Licht: 0","56013","3","6","2","01","13","4","1","0","0","1","0","0"
"POINT (10.013292790000037 53.589933180000060)","Unfall 56014 (2020) Kat:3, Licht: 2","56014","3","2","5","01","17","7","0","2","0","1","0","0"
"POINT (10.028763068000046 53.547438864000071)","Unfall 56015 (2020) Kat:3, Licht: 0","56015","3","7","0","09","08","3","0","0","1","0","0","0"
"POINT (9.793296849000058 53.580586521000043)","Unfall 56017 (2020) Kat:3, Licht: 0","56017","3","5","1","08","15","5","0","0","1","0","0","0"
"POINT (10.141034675000071 53.535427713000047)","Unfall 56018 (2020) Kat:3, Licht: 0","56018","3","6","1","12","10","5","0","0","0","1","0","0"
"POINT (9.928612865000048 53.592247850000035)","Unfall 56019 (2020) Kat:3, Licht: 0","56019","3","2","4","06","17","1","1","0","0","1","0","0"
"POINT (9.908194758000036 53.620439873000066)","Unfall 56020 (2020) Kat:3, Licht: 1","56020","3","2","5","07","22","1","0","1","0","1","0","0"
"POINT (9.916678702000070 53.610773772000073)","Unfall 56021 (2020) Kat:3, Licht: 0","56021","3","6","3","10","09","6","0","0","0","1","0","0"
"POINT (9.877029739000022 53.570032403000027)","Unfall 56022 (2020) Kat:3, Licht: 0","56022","3","2","3","04","19","2","0","0","1","1","0","0"
"POINT (10.032460003000040 53.540484889000027)","Unfall 56026 (2020) Kat:3, Licht: 2","56026","3","3","5","09","01","2","0","2","0","1","0","0"
"POINT (9.997825706000072 53.547577600000068)","Unfall 56028 (2020) Kat:3, Licht: 0","56028","3","6","2","07","12","5","1","0","0","1","0","0"
"POINT (10.010011974000065 53.625013747000082)","Unfall 56029 (2020) Kat:3, Licht: 0","56029","3","6","3","08","14","2","0","0","0","1","0","1"
"POINT (9.912385268000037 53.470428880000043)","Unfall 56030 (2020) Kat:2, Licht: 2","56030","2","6","3","11","17","5","1","2","0","1","0","0"
"POINT (9.948964693000050 53.470843833000060)","Unfall 56031 (2020) Kat:3, Licht: 0","56031","3","6","2","05","13","4","0","0","0","1","0","0"
"POINT (9.945391297000072 53.562987488000033)","Unfall 56032 (2020) Kat:3, Licht: 0","56032","3","2","3","02","09","6","1","0","1","1","0","0"
"POINT (10.026012073000061 53.558900684000037)","Unfall 56033 (2020) Kat:3, Licht: 0","56033","3","2","3","03","15","2","0","0","1","0","0","0"
"POINT (9.946235011000056 53.562828034000063)","Unfall 56035 (2020) Kat:3, Licht: 0","56035","3","6","4","09","10","2","0","0","1","0","0","0"
"POINT (9.846505136000076 53.572872665000034)","Unfall 56037 (2020) Kat:3, Licht: 0","56037","3","3","5","06","20","6","0","0","1","0","0","0"
"POINT (9.990184946000056 53.593109864000041)","Unfall 56038 (2020) Kat:3, Licht: 0","56038","3","7","3","08","16","4","0","0","0","1","0","0"
"POINT (9.846453594000025 53.572872573000041)","Unfall 56039 (2020) Kat:3, Licht: 2","56039","3","2","3","11","18","5","1","2","1","1","0","0"
"POINT (10.009259684000028 53.547920942000076)","Unfall 56040 (2020) Kat:3, Licht: 0","56040","3","2","3","05","15","2","0","0","1","0","0","0"
"POINT (10.001445147000027 53.547528833000058)","Unfall 56041 (2020) Kat:3, Licht: 0","56041","3","6","3","02","10","5","0","0","0","1","0","0"
"POINT (10.034327103000066 53.564061584000058)","Unfall 56043 (2020) Kat:3, Licht: 2","56043","3","2","3","01","17","3","0","2","1","0","0","0"
"POINT (10.061133192000057 53.509202526000081)","Unfall 56044 (2020) Kat:3, Licht: 0","56044","3","6","2","10","12","3","0","0","0","0","0","0"
"POINT (9.982024776000060 53.463656056000048)","Unfall 56045 (2020) Kat:3, Licht: 0","56045","3","2","4","03","09","2","0","0","1","1","0","0"
"POINT (10.040577480000024 53.555539918000079)","Unfall 56048 (2020) Kat:3, Licht: 2","56048","3","3","5","09","20","4","0","2","1","1","0","0"
"POINT (9.973792835000040 53.549666036000076)","Unfall 56049 (2020) Kat:3, Licht: 2","56049","3","7","0","12","23","7","1","2","1","0","0","0"
"POINT (9.997215696000069 53.611581609000041)","Unfall 56050 (2020) Kat:3, Licht: 0","56050","3","6","4","06","19","3","0","0","1","0","0","0"
"POINT (9.809263526000052 53.467374220000067)","Unfall 56051 (2020) Kat:3, Licht: 0","56051","3","6","2","07","19","6","0","0","0","1","0","0"
"POINT (9.973438407000060 53.466283511000029)","Unfall 56052 (2020) Kat:3, Licht: 2","56052","3","2","2","10","17","6","1","2","0","1","0","0"
"POINT (9.908488112000043 53.621498348000046)","Unfall 56053 (2020) Kat:3, Licht: 0","56053","3","6","2","04","13","6","0","0","0","1","0","0"
"POINT (9.941797438000037 53.622101484000041)","Unfall 56055 (2020) Kat:2, Licht: 0","56055","2","3","5","01","15","4","1","0","1","1","0","0"
"POINT (10.052139739000040 53.551745576000030)","Unfall 56057 (2020) Kat:3, Licht: 0","56057","3","6","2","09","17","1","1","0","0","1","0","0"
"POINT (10.025640444000032 53.551810383000031)","Unfall 56059 (2020) Kat:3, Licht: 2","56059","3","2","4","08","22","2","1","2","0","1","0","0"
"POINT (9.968220123000037 53.583838622000030)","Unfall 56060 (2020) Kat:3, Licht: 0","56060","3","3","5","12","15","2","0","0","1","1","0","0"
"POINT (9.941067230000044 53.573062768000057)","Unfall 56061 (2020) Kat:3, Licht: 0","56061","3","6","2","06","18","5","1","0","0","1","0","0"
"POINT (10.139562284000021 53.533762646000071)","Unfall 56062 (2020) Kat:3, Licht: 0","56062","3","6","2","07","11","3","0","0","0","1","0","0"
"POINT (10.235345990000042 53.488507729000048)","Unfall 56063 (2020) Kat:3, Licht: 2","56063","3","6","2","10","06","2","1","2","0","1","0","0"
"POINT (9.898757795000051 53.565368163000073)","Unfall 56064 (2020) Kat:3, Licht: 0","56064","3","3","5","04","17","2","0","0","1","1","0","0"
"POINT (9.992328460000067 53.592649972000061)","Unfall 56066 (2020) Kat:3, Licht: 0","56066","3","3","5","07","18","3","0","0","1","0","0","0"
"POINT (9.854464201000042 53.572051713000064)","Unfall 56067 (2020) Kat:3, Licht: 2","56067","3","6","4","11","17","2","1","2","1","0","0","0"
"POINT (9.930176791000065 53.536514308000051)","Unfall 56068 (2020) Kat:3, Licht: 0","56068","3","6","2","04","12","2","0","0","0","1","0","0"
"POINT (9.945384375000060 53.471050751000064)","Unfall 56070 (2020) Kat:3, Licht: 2","56070","3","2","6","01","17","3","1","2","0","1","1","0"
"POINT (10.007926755000028 53.547809760000064)","Unfall 56071 (2020) Kat:3, Licht: 0","56071","3","6","3","01","13","5","1","0","0","1","0","0"
"POINT (9.984373168000047 53.601088435000065)","Unfall 56073 (2020) Kat:3, Licht: 0","56073","3","6","2","09","12","2","0","0","0","1","0","0"
"POINT (9.956630243000063 53.570904196000072)","Unfall 56075 (2020) Kat:3, Licht: 0","56075","3","6","2","08","09","4","1","0","0","1","0","0"
"POINT (10.029643981000049 53.516568215000063)","Unfall 56076 (2020) Kat:3, Licht: 0","56076","3","6","2","12","08","4","0","0","0","1","0","0"
"POINT (9.908182863000036 53.620391601000051)","Unfall 56077 (2020) Kat:3, Licht: 0","56077","3","3","5","06","08","6","0","0","0","1","0","0"
"POINT (10.040563372000065 53.555591755000080)","Unfall 56078 (2020) Kat:3, Licht: 0","56078","3","2","5","07","10","6","0","0","1","1","0","0"
"POINT (9.928110008000033 53.523591412000030)","Unfall 56079 (2020) Kat:3, Licht: 2","56079","3","6","2","10","06","4","1","2","0","1","0","0"
"POINT (10.026996426000039 53.556105496000043)","Unfall 56080 (2020) Kat:3, Licht: 0","56080","3","3","5","04","13","4","0","0","0","1","0","0"
"POINT (10.038509818000023 53.559843131000036)","Unfall 56083 (2020) Kat:3, Licht: 0","56083","3","6","3","09","15","1","0","0","0","1","0","0"
"POINT (9.786144797000077 53.580576956000073)","Unfall 56085 (2020) Kat:3, Licht: 0","56085","3","2","5","07","15","4","0","0","1","1","0","0"
"POINT (10.157403286000033 53.559664957000052)","Unfall 56086 (2020) Kat:3, Licht: 0","56086","3","6","3","08","14","6","0","0","0","1","0","0"
"POINT (9.974526594000054 53.549548978000075)","Unfall 56087 (2020) Kat:3, Licht: 0","56087","3","6","0","11","14","5","0","0","0","0","0","1"
"POINT (10.147542829000031 53.545236779000049)","Unfall 56088 (2020) Kat:3, Licht: 0","56088","3","6","2","05","16","1","0","0","0","1","0","0"
"POINT (10.016341348000026 53.545611510000072)","Unfall 56089 (2020) Kat:3, Licht: 0","56089","3","3","5","02","08","4","0","0","1","1","0","0"
"POINT (9.955314171000055 53.445526671000039)","Unfall 56091 (2020) Kat:3, Licht: 2","56091","3","2","6","03","19","7","0","2","0","1","1","0"
"POINT (9.850064587000077 53.472682234000047)","Unfall 56093 (2020) Kat:3, Licht: 0","56093","3","2","5","09","12","6","0","0","1","0","0","0"
"POINT (9.932447872000068 53.431364094000060)","Unfall 56095 (2020) Kat:3, Licht: 0","56095","3","3","5","06","14","4","0","0","0","1","0","0"
"POINT (9.847369893000064 53.472790547000045)","Unfall 56096 (2020) Kat:2, Licht: 0","56096","2","4","6","08","14","2","0","0","0","0","1","0"
"POINT (9.873110860000054 53.471819568000058)","Unfall 56097 (2020) Kat:3, Licht: 0","56097","3","3","5","11","14","3","0","0","0","1","0","0"
"POINT (9.945279597000024 53.563160122000056)","Unfall 56098 (2020) Kat:3, Licht: 0","56098","3","6","0","05","19","6","0","0","1","0","0","0"
"POINT (9.996369486000049 53.547488502000078)","Unfall 56099 (2020) Kat:3, Licht: 2","56099","3","6","2","02","17","4","0","2","0","1","0","0"
"POINT (10.154715902000021 53.557401626000058)","Unfall 56101 (2020) Kat:2, Licht: 0","56101","2","1","8","01","14","7","0","0","0","1","0","0"
"POINT (10.058832021000057 53.550977098000033)","Unfall 56102 (2020) Kat:3, Licht: 2","56102","3","2","6","10","23","2","0","2","0","1","1","0"
"POINT (9.773149520000061 53.580878501000029)","Unfall 56103 (2020) Kat:3, Licht: 0","56103","3","1","8","02","08","7","1","0","0","1","0","0"
"POINT (10.002382013000044 53.614887872000054)","Unfall 56105 (2020) Kat:3, Licht: 0","56105","3","2","2","09","19","3","0","0","0","0","0","1"
"POINT (9.929015119000042 53.592215626000041)","Unfall 56106 (2020) Kat:3, Licht: 2","56106","3","3","5","12","19","5","1","2","0","1","0","0"
"POINT (9.910487734000071 53.630522635000034)","Unfall 56107 (2020) Kat:3, Licht: 0","56107","3","3","5","06","14","2","0","0","1","0","0","0"
"POINT (9.983986086000073 53.548273568000070)","Unfall 56108 (2020) Kat:2, Licht: 0","56108","2","7","0","07","20","6","0","0","0","0","0","0"
"POINT (9.997150435000037 53.594325602000026)","Unfall 56109 (2020) Kat:3, Licht: 0","56109","3","7","0","10","11","6","1","0","0","0","0","1"
"POINT (10.026108066000063 53.571065273000045)","Unfall 56110 (2020) Kat:3, Licht: 0","56110","3","6","2","04","17","4","0","0","0","1","0","1"
"POINT (9.900498631000062 53.567661015000056)","Unfall 56112 (2020) Kat:3, Licht: 2","56112","3","6","2","01","17","1","0","2","0","1","0","0"
"POINT (9.984803049000050 53.601341386000058)","Unfall 56114 (2020) Kat:3, Licht: 0","56114","3","7","0","09","13","6","0","0","0","0","0","1"
"POINT (9.955502538000076 53.611702920000027)","Unfall 56116 (2020) Kat:3, Licht: 0","56116","3","6","2","08","10","7","0","0","0","1","0","0"
"POINT (9.958519354000032 53.560547899000028)","Unfall 56117 (2020) Kat:3, Licht: 2","56117","3","3","5","12","16","7","0","2","1","1","0","0"
"POINT (9.903122912000072 53.565079012000069)","Unfall 56118 (2020) Kat:3, Licht: 0","56118","3","6","3","06","10","4","0","0","0","1","0","0"
"POINT (9.897177233000036 53.555463403000033)","Unfall 56119 (2020) Kat:3, Licht: 0","56119","3","1","9","04","13","7","0","0","0","0","0","1"
"POINT (9.955097851000062 53.561264779000055)","Unfall 56121 (2020) Kat:3, Licht: 0","56121","3","6","3","09","07","6","0","0","0","1","0","0"
"POINT (9.896980164000070 53.622399814000062)","Unfall 56123 (2020) Kat:3, Licht: 0","56123","3","6","3","07","15","2","1","0","0","1","0","0"
"POINT (9.956012547000057 53.570407996000029)","Unfall 56124 (2020) Kat:3, Licht: 0","56124","3","3","5","08","13","3","0","0","0","1","0","0"
"POINT (9.846518819000039 53.472808454000074)","Unfall 56125 (2020) Kat:3, Licht: 2","56125","3","3","5","11","17","6","1","2","1","1","0","0"
"POINT (9.998151216000053 53.594409149000057)","Unfall 56126 (2020) Kat:3, Licht: 0","56126","3","6","2","05","13","6","1","0","0","1","0","0"
"POINT (9.973552499000050 53.466247167000063)","Unfall 56127 (2020) Kat:3, Licht: 0","56127","3","6","2","02","15","6","0","0","0","1","0","0"
"POINT (9.893384494000031 53.623095797000076)","Unfall 56129 (2020) Kat:3, Licht: 1","56129","3","6","2","01","17","3","2","1","0","1","0","0"
"POINT (9.856010768000033 53.571945661000029)","Unfall 56130 (2020) Kat:3, Licht: 0","56130","3","3","5","10","13","6","0","0","0","1","0","0"
"POINT (9.978186032000053 53.549347472000079)","Unfall 56131 (2020) Kat:3, Licht: 2","56131","3","2","6","03","21","3","1","2","0","1","1","0"
"POINT (9.908650700000067 53.622136152000053)","Unfall 56133 (2020) Kat:3, Licht: 0","56133","3","7","0","09","08","4","1","0","1","0","0","0"
"POINT (9.959843126000067 53.608265232000065)","Unfall 56134 (2020) Kat:3, Licht: 0","56134","3","6","4","12","14","3","0","0","1","0","0","0"
"POINT (9.952897039000050 53.613080579000041)","Unfall 56135 (2020) Kat:3, Licht: 0","56135","3","3","5","06","20","3","0","0","1","1","0","0"
"POINT (10.210840539000060 53.487298068000030)","Unfall 56136 (2020) Kat:3, Licht: 0","56136","3","6","2","09","10","7","0","0","0","1","0","0"