WKT,Name,OBJECTID,UKATEGORIE,UTYP1,UART,UMONAT,USTUNDE,UWOCHENTAG,STRZUSTAND,ULICHTVERH,ISTRAD,ISTPKW,ISTFUSS,ISTKRAD
"POINT (9.923574425000027 53.563800768000078)","Unfall 56387 (2020) Kat:3, Licht: 2","56387","3","3","5","10","18","7","0","2","0","1","0","0"
"POINT (10.207941866000056 53.488116859000058)","Unfall 56388 (2020) Kat:2, Licht: 2","56388","2","4","6","03","20","3","1","2","0","1","1","0"
"POINT (9.976909781000074 53.549375716000043)","Unfall 56390 (2020) Kat:3, Licht: 0","56390","3","6","3","09","09","5","1","0","1","0","0","0"
"POINT (9.961520729000029 53.559348408000062)","Unfall 56392 (2020) Kat:3, Licht: 0","56392","3","6","2","06","15","4","0","0","0","1","0","0"
"POINT (10.034699270000033 53.494662609000045)","Unfall 56393 (2020) Kat:3, Licht: 0","56393","3","6","2","08","10","7","0","0","0","1","0","0"
"POINT (9.847121141000059 53.472801383000046)","Unfall 56394 (2020) Kat:3, Licht: 0","56394","3","3","5","11","15","6","0","0","1","1","0","0"
"POINT (9.947958533000076 53.649511259000064)","Unfall 56395 (2020) Kat:3, Licht: 0","56395","3","6","2","05","17","4","0","0","0","1","0","0"
"POINT (9.896918336000056 53.565647754000054)","Unfall 56396 (2020) Kat:3, Licht: 2","56396","3","6","3","02","06","1","1","2","0","1","0","0"
"POINT (10.162672923000059 53.476792210000042)","Unfall 56398 (2020) Kat:3, Licht: 2","56398","3","6","3","01","07","3","1","2","0","1","0","0"
"POINT (9.916859378000027 53.542281222000042)","Unfall 56399 (2020) Kat:3, Licht: 0","56399","3","6","2","10","14","6","0","0","0","1","0","0"
"POINT (10.030439480000041 53.545276140000055)","Unfall 56401 (2020) Kat:3, Licht: 0","56401","3","3","5","08","16","2","0","0","0","1","0","1"
"POINT (9.915387225000075 53.586969351000050)","Unfall 56402 (2020) Kat:3, Licht: 2","56402","3","6","2","12","17","3","1","2","0","1","0","0"
"POINT (9.933346702000051 53.528465094000069)","Unfall 56403 (2020) Kat:3, Licht: 0","56403","3","6","2","06","15","6","0","0","0","1","0","0"
"POINT (10.007010821000051 53.591489036000041)","Unfall 56404 (2020) Kat:3, Licht: 0","56404","3","7","0","07","09","4","0","0","0","0","0","1"
"POINT (9.900496112000042 53.567655751000075)","Unfall 56405 (2020) Kat:3, Licht: 0","56405","3","6","2","10","12","4","0","0","0","0","0","0"
"POINT (9.986029687000041 53.547813972000029)","Unfall 56406 (2020) Kat:3, Licht: 0","56406","3","6","2","04","09","3","0","0","0","1","0","0"
"POINT (9.970320263000076 53.550618581000037)","Unfall 56408 (2020) Kat:3, Licht: 0","56408","3","6","2","01","13","6","1","0","0","1","0","0"
"POINT (10.158599285000037 53.560237904000076)","Unfall 56409 (2020) Kat:3, Licht: 0","56409","3","6","3","09","08","4","0","0","0","1","0","0"
"POINT (9.916693131000045 53.610751084000071)","Unfall 56411 (2020) Kat:3, Licht: 0","56411","3","6","3","07","06","2","0","0","0","1","0","0"
"POINT (10.068196004000072 53.509060982000051)","Unfall 56412 (2020) Kat:3, Licht: 0","56412","3","6","2","08","17","5","0","0","0","1","0","0"
"POINT (9.851036414000021 53.572469747000071)","Unfall 56413 (2020) Kat:3, Licht: 2","56413","3","2","2","12","21","3","0","2","0","1","0","0"
"POINT (10.025670490000039 53.551770476000058)","Unfall 56414 (2020) Kat:3, Licht: 0","56414","3","3","5","05","18","7","0","0","0","1","0","0"
"POINT (9.881318835000059 53.472079914000062)","Unfall 56415 (2020) Kat:3, Licht: 1","56415","3","7","3","02","07","3","0","1","0","1","0","0"
"POINT (9.934454506000066 53.580913014000032)","Unfall 56416 (2020) Kat:3, Licht: 0","56416","3","1","0","03","16","6","0","0","1","0","0","0"
"POINT (10.003325310000037 53.488055296000027)","Unfall 56418 (2020) Kat:3, Licht: 0","56418","3","6","2","09","12","4","0","0","0","1","0","1"
"POINT (9.986225787000024 53.547778135000044)","Unfall 56420 (2020) Kat:3, Licht: 0","56420","3","2","5","06","17","3","0","0","0","1","0","0"
"POINT (9.933029124000029 53.534135618000050)","Unfall 56421 (2020) Kat:3, Licht: 0","56421","3","6","3","08","16","7","0","0","0","1","0","0"
"POINT (9.970792613000072 53.550387047000072)","Unfall 56422 (2020) Kat:3, Licht: 0","56422","3","6","2","11","12","4","0","0","0","1","0","0"
"POINT (10.025195096000061 53.521720030000040)","Unfall 56423 (2020) Kat:3, Licht: 0","56423","3","6","3","05","07","4","0","0","0","1","0","0"
"POINT (10.157119155000032 53.559516609000070)","Unfall 56424 (2020) Kat:3, Licht: 0","56424","3","6","3","02","13","2","1","0","0","1","0","0"
"POINT (10.027622542000074 53.548879378000038)","Unfall 56426 (2020) Kat:3, Licht: 0","56426","3","2","2","01","13","2","0","0","0","1","0","0"
"POINT (9.922665996000035 53.470636638000030)","Unfall 56427 (2020) Kat:3, Licht: 2","56427","3","6","3","10","19","3","0","2","0","1","0","0"
"POINT (9.975777741000059 53.465537053000048)","Unfall 56428 (2020) Kat:3, Licht: 1","56428","3","6","2","08","19","6","0","1","1","0","0","0"
"POINT (10.040563914000074 53.555589767000072)","Unfall 56429 (2020) Kat:2, Licht: 2","56429","2","2","5","12","20","6","0","2","1","1","0","0"
"POINT (9.983586753000054 53.548360385000080)","Unfall 56430 (2020) Kat:3, Licht: 0","56430","3","6","2","06","19","4","0","0","0","1","0","0"
"POINT (9.944356780000021 53.563132308000036)","Unfall 56431 (2020) Kat:3, Licht: 0","56431","3","6","0","04","12","5","0","0","0","1","0","0"
"POINT (10.029228950000061 53.450637439000047)","Unfall 56433 (2020) Kat:3, Licht: 1","56433","3","1","3","09","19","5","0","1","0","1","0","0"
"POINT (9.879503736000061 53.569027160000076)","Unfall 56435 (2020) Kat:3, Licht: 0","56435","3","2","3","07","09","2","0","0","1","1","0","0"
"POINT (10.025969188000033 53.542588716000068)","Unfall 56436 (2020) Kat:3, Licht: 0","56436","3","3","5","08","06","2","0","0","1","1","0","0"
"POINT (9.920261087000029 53.604351793000035)","Unfall 56437 (2020) Kat:3, Licht: 0","56437","3","6","3","11","10","6","0","0","0","1","0","0"
"POINT (9.937894030000052 53.471021117000078)","Unfall 56438 (2020) Kat:3, Licht: 0","56438","3","7","0","05","07","5","0","0","0","0","0","1"
"POINT (9.963950231000069 53.599815425000031)","Unfall 56439 (2020) Kat:3, Licht: 2","56439","3","2","2","02","17","5","1","2","0","1","1","0"
"POINT (9.971975744000076 53.585159615000066)","Unfall 56441 (2020) Kat:3, Licht: 2","56441","3","3","5","01","07","3","1","2","1","1","0","0"
"POINT (9.963383334000071 53.469385563000060)","Unfall 56442 (2020) Kat:3, Licht: 0","56442","3","6","2","10","07","5","0","0","0","1","0","0"
"POINT (9.922961955000062 53.596138509000070)","Unfall 56443 (2020) Kat:2, Licht: 0","56443","2","3","5","03","14","2","0","0","1","0","0","0"
"POINT (9.969062775000054 53.584867160000044)","Unfall 56445 (2020) Kat:3, Licht: 0","56445","3","6","2","09","16","3","0","0","0","1","0","1"
"POINT (10.148069257000031 53.545815963000052)","Unfall 56446 (2020) Kat:2, Licht: 0","56446","2","1","3","12","15","2","0","0","0","1","0","0"
"POINT (9.864312011000038 53.471493774000066)","Unfall 56447 (2020) Kat:2, Licht: 0","56447","2","3","5","06","13","2","0","0","1","0","0","0"
"POINT (9.943458005000025 53.563254813000071)","Unfall 56448 (2020) Kat:3, Licht: 0","56448","3","6","2","07","09","6","0","0","0","1","0","1"
"POINT (9.961193906000062 53.606597384000054)","Unfall 56449 (2020) Kat:3, Licht: 2","56449","3","7","3","11","17","5","1","2","0","1","0","1"
"POINT (10.027045170000065 53.570271674000082)","Unfall 56450 (2020) Kat:3, Licht: 2","56450","3","3","5","05","00","6","1","2","0","1","0","0"
"POINT (10.037286897000058 53.497770008000032)","Unfall 56452 (2020) Kat:3, Licht: 1","56452","3","6","3","01","16","6","0","1","0","1","0","0"
"POINT (9.932762032000028 53.432552386000054)","Unfall 56454 (2020) Kat:3, Licht: 2","56454","3","6","2","01","17","2","0","2","0","1","0","0"
"POINT (10.055165706000025 53.509322087000044)","Unfall 56455 (2020) Kat:3, Licht: 0","56455","3","6","3","09","15","4","0","0","0","1","0","0"
"POINT (9.961354945000039 53.605229136000048)","Unfall 56457 (2020) Kat:3, Licht: 0","56457","3","2","3","08","18","7","0","0","0","1","0","0"
"POINT (9.937475157000051 53.577111279000064)","Unfall 56458 (2020) Kat:3, Licht: 0","56458","3","2","2","12","13","7","0","0","0","1","0","0"
"POINT (10.215789887000028 53.486186878000069)","Unfall 56459 (2020) Kat:3, Licht: 0","56459","3","7","0","06","08","3","0","0","1","1","0","0"
"POINT (9.964618565000023 53.599207251000053)","Unfall 56460 (2020) Kat:3, Licht: 0","56460","3","2","3","07","16","3","0","0","0","1","0","0"
"POINT (9.847709496000050 53.572854651000057)","Unfall 56461 (2020) Kat:3, Licht: 0","56461","3","2","3","10","12","2","0","0","1","1","0","0"
"POINT (9.820594271000061 53.576777260000028)","Unfall 56462 (2020) Kat:3, Licht: 0","56462","3","6","2","04","12","5","0","0","0","1","0","0"
"POINT (9.916975829000023 53.610306568000055)","Unfall 56464 (2020) Kat:3, Licht: 2","56464","3","6","2","01","17","5","1","2","0","1","0","0"
"POINT (9.985444541000049 53.547937641000033)","Unfall 56466 (2020) Kat:2, Licht: 0","56466","2","6","3","09","08","4","0","0","1","0","0","0"
"POINT (10.023656669000047 53.481278070000030)","Unfall 56468 (2020) Kat:3, Licht: 0","56468","3","6","2","07","10","7","0","0","0","1","0","0"
"POINT (9.848352284000043 53.572801272000049)","Unfall 56469 (2020) Kat:3, Licht: 0","56469","3","6","2","08","16","4","0","0","0","1","0","0"
"POINT (9.923230047000061 53.598832526000081)","Unfall 56470 (2020) Kat:3, Licht: 0","56470","3","6","3","11","08","2","0","0","0","1","0","0"
"POINT (9.908736223000062 53.622450848000028)","Unfall 56471 (2020) Kat:3, Licht: 0","56471","3","6","4","05","11","6","0","0","1","0","0","0"
"POINT (9.935714983000025 53.579207206000035)","Unfall 56472 (2020) Kat:2, Licht: 2","56472","2","2","6","02","18","2","1","2","0","1","1","0"
"POINT (9.932243376000031 53.586914323000030)","Unfall 56473 (2020) Kat:3, Licht: 0","56473","3","3","5","03","12","7","0","0","1","1","0","0"
"POINT (9.986986220000063 53.547652117000041)","Unfall 56475 (2020) Kat:3, Licht: 0","56475","3","6","2","09","09","4","0","0","0","1","0","0"
"POINT (10.017565791000038 53.586540726000067)","Unfall 56477 (2020) Kat:3, Licht: 0","56477","3","2","5","06","08","7","0","0","1","1","0","0"
"POINT (10.031215538000026 53.544676842000058)","Unfall 56478 (2020) Kat:3, Licht: 0","56478","3","6","2","08","11","4","0","0","0","1","0","0"
"POINT (9.936337669000068 53.563738801000056)","Unfall 56479 (2020) Kat:3, Licht: 2","56479","3","6","2","11","06","3","0","2","0","1","0","0"
"POINT (9.909603436000054 53.626524894000056)","Unfall 56480 (2020) Kat:3, Licht: 0","56480","3","6","1","05","08","3","0","0","0","1","0","0"
"POINT (9.948332562000076 53.573415643000033)","Unfall 56481 (2020) Kat:3, Licht: 2","56481","3","7","0","02","04","1","0","2","0","1","0","0"
"POINT (10.091555162000077 53.508641604000047)","Unfall 56483 (2020) Kat:3, Licht: 2","56483","3","7","2","01","19","7","1","2","0","1","0","0"
"POINT (9.931349118000071 53.644414567000069)","Unfall 56484 (2020) Kat:3, Licht: 2","56484","3","1","4","10","06","6","1","2","0","1","0","0"
"POINT (9.968500580000068 53.467841515000032)","Unfall 56485 (2020) Kat:3, Licht: 0","56485","3","2","2","03","13","5","0","0","0","1","0","0"
"POINT (10.030840891000025 53.538217071000076)","Unfall 56488 (2020) Kat:3, Licht: 1","56488","3","2","4","09","19","5","1","1","1","1","0","0"
"POINT (10.039035232000060 53.500588355000048)","Unfall 56489 (2020) Kat:3, Licht: 1","56489","3","6","2","12","17","1","0","1","0","1","0","0"
"POINT (10.025656065000021 53.462509775000058)","Unfall 56490 (2020) Kat:3, Licht: 0","56490","3","6","2","06","15","4","0","0","0","1","0","0"
"POINT (10.002479026000060 53.614949219000039)","Unfall 56491 (2020) Kat:3, Licht: 0","56491","3","3","5","07","15","3","0","0","0","1","0","0"
"POINT (10.208788977000040 53.475840303000041)","Unfall 56492 (2020) Kat:3, Licht: 2","56492","3","3","5","11","20","2","1","2","0","1","0","0"
"POINT (10.026981375000048 53.556095805000041)","Unfall 56493 (2020) Kat:3, Licht: 0","56493","3","3","5","04","14","2","0","0","1","0","0","0"
"POINT (9.832327332000034 53.471533830000055)","Unfall 56495 (2020) Kat:3, Licht: 1","56495","3","4","6","01","07","3","0","1","1","0","1","0"
"POINT (9.967980784000076 53.551659499000039)","Unfall 56496 (2020) Kat:3, Licht: 2","56496","3","6","2","01","16","6","0","2","0","1","0","0"
"POINT (10.002427504000025 53.614916638000068)","Unfall 56497 (2020) Kat:3, Licht: 0","56497","3","3","5","09","09","2","1","0","0","1","0","0"
"POINT (9.934121116000029 53.581973251000079)","Unfall 56499 (2020) Kat:3, Licht: 0","56499","3","6","3","08","13","4","1","0","0","1","0","0"
"POINT (9.945170571000062 53.471065728000042)","Unfall 56500 (2020) Kat:3, Licht: 2","56500","3","6","2","12","17","4","0","2","0","1","0","0"
"POINT (9.897433904000025 53.557233755000027)","Unfall 56501 (2020) Kat:3, Licht: 0","56501","3","6","2","06","11","6","0","0","0","1","0","0"
"POINT (9.918245743000057 53.473305682000046)","Unfall 56502 (2020) Kat:3, Licht: 2","56502","3","6","2","03","06","6","1","2","0","1","0","0"
"POINT (10.141047606000029 53.535442691000071)","Unfall 56505 (2020) Kat:3, Licht: 0","56505","3","6","2","09","09","7","1","0","0","1","0","0"
"POINT (9.934287507000022 53.581412645000057)","Unfall 56506 (2020) Kat:3, Licht: 2","56506","3","5","1","12","07","4","1","2","0","1","0","0"
"POINT (9.949184056000036 53.562226566000049)","Unfall 56507 (2020) Kat:3, Licht: 0","56507","3","6","2","06","13","2","0","0","0","1","0","0"
"POINT (9.955251884000063 53.561228351000068)","Unfall 56508 (2020) Kat:3, Licht: 0","56508","3","7","6","07","17","5","0","0","1","0","1","0"
"POINT (9.974033873000053 53.586371423000060)","Unfall 56509 (2020) Kat:3, Licht: 2","56509","3","3","5","11","17","4","1","2","1","1","0","0"
"POINT (10.060008442000026 53.509227657000054)","Unfall 56510 (2020) Kat:3, Licht: 0","56510","3","6","3","04","18","3","0","0","0","1","0","0"
"POINT (10.009395278000056 53.633433854000032)","Unfall 56512 (2020) Kat:3, Licht: 0","56512","3","6","2","01","08","5","1","0","0","1","0","0"
"POINT (9.983936003000054 53.594393270000069)","Unfall 56513 (2020) Kat:3, Licht: 2","56513","3","3","5","01","19","1","1","2","0","1","0","0"
"POINT (10.031620923000048 53.544156890000068)","Unfall 56514 (2020) Kat:3, Licht: 0","56514","3","2","5","09","10","3","0","0","1","1","0","0"
"POINT (10.032559137000021 53.540314615000057)","Unfall 56516 (2020) Kat:3, Licht: 0","56516","3","2","3","08","11","5","0","0","0","1","0","0"
"POINT (9.876676018000069 53.471957058000044)","Unfall 56517 (2020) Kat:3, Licht: 1","56517","3","2","4","12","07","5","1","1","0","1","0","0"
"POINT (9.866722725000045 53.571500393000065)","Unfall 56518 (2020) Kat:3, Licht: 0","56518","3","2","3","06","08","2","0","0","1","1","0","0"
"POINT (9.815833081000051 53.577506719000041)","Unfall 56519 (2020) Kat:3, Licht: 0","56519","3","2","5","07","20","1","0","0","1","1","0","0"
"POINT (10.024388128000055 53.572526344000039)","Unfall 56520 (2020) Kat:3, Licht: 2","56520","3","6","2","10","07","6","1","2","0","1","0","0"
"POINT (9.848327117000054 53.472753512000054)","Unfall 56521 (2020) Kat:3, Licht: 0","56521","3","3","5","04","17","2","0","0","0","1","0","0"
"POINT (10.038031433000072 53.560422582000058)","Unfall 56524 (2020) Kat:3, Licht: 0","56524","3","2","4","09","13","2","0","0","0","1","0","0"
"POINT (9.913760283000045 53.565043625000044)","Unfall 56526 (2020) Kat:3, Licht: 0","56526","3","6","2","07","16","5","1","0","0","1","0","0"
"POINT (10.030755220000060 53.545267237000076)","Unfall 56527 (2020) Kat:3, Licht: 0","56527","3","2","2","08","18","2","0","0","1","0","0","0"
"POINT (9.916182801000048 53.584668310000040)","Unfall 56528 (2020) Kat:3, Licht: 0","56528","3","6","2","11","14","6","0","0","0","1","0","0"
"POINT (10.049266394000028 53.552098760000035)","Unfall 56529 (2020) Kat:3, Licht: 0","56529","3","6","2","05","08","5","0","0","0","0","0","0"
"POINT (9.959491124000067 53.574752036000064)","Unfall 56530 (2020) Kat:3, Licht: 2","56530","3","2","6","02","19","6","1","2","0","1","1","0"
"POINT (10.025883799000042 53.531913137000060)","Unfall 56531 (2020) Kat:3, Licht: 2","56531","3","6","4","03","05","4","0","2","1","0","0","0"
"POINT (10.029929446000040 53.516260372000033)","Unfall 56533 (2020) Kat:3, Licht: 2","56533","3","6","3","09","06","2","0","2","0","1","0","0"
"POINT (10.006779885000071 53.591543077000040)","Unfall 56535 (2020) Kat:3, Licht: 2","56535","3","3","5","06","22","6","0","2","0","1","0","0"
"POINT (9.962551135000069 53.602012066000043)","Unfall 56536 (2020) Kat:3, Licht: 0","56536","3","6","2","08","14","4","0","0","0","1","0","0"
"POINT (10.059085385000060 53.509248417000038)","Unfall 56537 (2020) Kat:3, Licht: 2","56537","3","6","3","11","17","6","0","2","0","1","0","0"
"POINT (9.921692062000034 53.563906715000030)","Unfall 56538 (2020) Kat:2, Licht: 0","56538","2","4","6","05","16","2","0","0","0","1","1","0"
"POINT (9.921979128000032 53.601496497000028)","Unfall 56539 (2020) Kat:3, Licht: 0","56539","3","6","3","02","06","5","0","0","0","1","0","0"
"POINT (9.986172125000053 53.547787942000070)","Unfall 56541 (2020) Kat:3, Licht: 0","56541","3","2","5","01","09","4","0","0","1","1","0","0"
"POINT (9.968524280000054 53.586266653000052)","Unfall 56542 (2020) Kat:3, Licht: 2","56542","3","3","5","10","05","4","0","2","0","1","0","0"
"POINT (9.984234112000024 53.462950149000051)","Unfall 56543 (2020) Kat:3, Licht: 0","56543","3","3","5","03","09","2","0","0","1","0","0","0"
"POINT (10.139650470000049 53.533857654000030)","Unfall 56546 (2020) Kat:2, Licht: 0","56546","2","6","2","09","10","4","0","0","0","1","0","0"
"POINT (9.991605980000031 53.607228013000054)","Unfall 56547 (2020) Kat:3, Licht: 0","56547","3","3","5","12","12","7","0","0","1","1","0","0"
"POINT (9.994176724000056 53.547332776000076)","Unfall 56548 (2020) Kat:3, Licht: 0","56548","3","7","6","06","14","4","0","0","1","0","1","0"
"POINT (9.914802782000038 53.621223924000049)","Unfall 56549 (2020) Kat:3, Licht: 0","56549","3","6","2","07","14","7","0","0","0","1","0","0"
"POINT (9.944629987000042 53.572788142000036)","Unfall 56550 (2020) Kat:3, Licht: 2","56550","3","2","5","10","20","7","1","2","0","1","0","0"
"POINT (10.185489809000046 53.502199919000077)","Unfall 56551 (2020) Kat:3, Licht: 0","56551","3","1","9","04","16","6","0","0","0","1","0","0"
"POINT (9.944141835000039 53.648869208000065)","Unfall 56553 (2020) Kat:3, Licht: 2","56553","3","6","3","01","17","4","0","2","0","1","0","0"
"POINT (9.986801538000066 53.547683118000066)","Unfall 56554 (2020) Kat:3, Licht: 0","56554","3","2","5","09","15","2","0","0","1","1","0","0"
"POINT (10.210446316000059 53.487441460000070)","Unfall 56556 (2020) Kat:3, Licht: 0","56556","3","6","2","08","16","2","0","0","0","1","0","0"
"POINT (9.922535215000039 53.519289520000029)","Unfall 56557 (2020) Kat:3, Licht: 0","56557","3","5","1","12","11","3","0","0","0","1","0","0"
"POINT (9.925359841000045 53.538719353000033)","Unfall 56558 (2020) Kat:3, Licht: 0","56558","3","6","2","06","14","5","0","0","0","1","0","0"
"POINT (9.907820446000073 53.618981343000030)","Unfall 56559 (2020) Kat:3, Licht: 0","56559","3","2","4","07","08","4","0","0","0","1","0","0"
"POINT (9.968045521000022 53.588144041000078)","Unfall 56560 (2020) Kat:3, Licht: 0","56560","3","7","3","10","09","3","0","0","0","0","0","0"
"POINT (9.926591160000044 53.563648592000050)","Unfall 56561 (2020) Kat:3, Licht: 2","56561","3","2","4","04","22","2","0","2","1","1","0","0"
"POINT (9.932206092000058 53.431116573000054)","Unfall 56563 (2020) Kat:3, Licht: 0","56563","3","3","5","09","13","7","0","0","0","1","0","0"
"POINT (10.024745335000034 53.467080927000040)","Unfall 56565 (2020) Kat:3, Licht: 0","56565","3","6","2","07","06","3","0","0","0","1","0","0"
"POINT (10.076984932000073 53.713899102000028)","Unfall 56566 (2020) Kat:3, Licht: 0","56566","3","3","5","08","16","5","0","0","0","1","0","0"
"POINT (10.028109953000069 53.453697407000050)","Unfall 56567 (2020) Kat:3, Licht: 2","56567","3","6","2","11","18","2","0","2","0","1","0","0"
"POINT (9.964172946000076 53.556808362000027)","Unfall 56568 (2020) Kat:3, Licht: 0","56568","3","6","2","05","18","6","1","0","0","1","0","0"
"POINT (10.146154428000045 53.541789471000072)","Unfall 56569 (2020) Kat:3, Licht: 0","56569","3","6","2","02","09","3","1","0","0","1","0","0"
"POINT (9.933524402000046 53.563683772000047)","Unfall 56571 (2020) Kat:2, Licht: 0","56571","2","1","0","03","08","6","1","0","1","0","0","0"
"POINT (10.056043854000052 53.551277086000027)","Unfall 56573 (2020) Kat:3, Licht: 0","56573","3","6","2","07","16","6","0","0","0","1","0","0"
"POINT (10.019073863000074 53.577714632000038)","Unfall 56574 (2020) Kat:3, Licht: 0","56574","3","6","6","10","16","4","1","0","0","0","1","0"
"POINT (9.962357914000052 53.602471909000030)","Unfall 56575 (2020) Kat:3, Licht: 0","56575","3","7","3","04","16","6","0","0","0","1","0","1"
"POINT (9.935927623000055 53.563749074000043)","Unfall 56578 (2020) Kat:3, Licht: 0","56578","3","7","1","09","09","2","0","0","1","1","0","0"
"POINT (10.031360058000075 53.566789956000036)","Unfall 56580 (2020) Kat:3, Licht: 2","56580","3","7","0","07","22","4","0","2","1","0","0","0"
"POINT (10.035064068000054 53.495100059000038)","Unfall 56581 (2020) Kat:3, Licht: 0","56581","3","6","2","08","12","6","0","0","0","1","0","0"
"POINT (9.944167714000059 53.567183973000056)","Unfall 56582 (2020) Kat:3, Licht: 2","56582","3","3","5","11","06","5","1","2","0","1","0","1"
"POINT (9.934118481000041 53.581982460000063)","Unfall 56583 (2020) Kat:3, Licht: 0","56583","3","3","5","05","20","3","0","0","1","1","0","0"
"POINT (10.099674630000038 53.510413940000035)","Unfall 56584 (2020) Kat:3, Licht: 0","56584","3","6","3","02","13","4","1","0","0","1","0","0"
"POINT (9.854741831000069 53.472405753000032)","Unfall 56586 (2020) Kat:3, Licht: 0","56586","3","2","6","03","16","7","0","0","0","1","1","0"
"POINT (9.968462776000024 53.586449479000066)","Unfall 56588 (2020) Kat:3, Licht: 0","56588","3","6","2","09","17","7","0","0","0","1","0","0"
"POINT (10.036621486000058 53.562016507000067)","Unfall 56590 (2020) Kat:3, Licht: 0","56590","3","5","1","06","17","5","0","0","1","1","0","0"
"POINT (9.907681446000026 53.647361082000032)","Unfall 56591 (2020) Kat:3, Licht: 0","56591","3","1","0","08","18","3","0","0","0","0","0","1"
"POINT (9.968584981000049 53.586099738000030)","Unfall 56592 (2020) Kat:3, Licht: 0","56592","3","3","5","11","08","4","0","0","0","0","0","0"
"POINT (9.897182511000040 53.565534650000075)","Unfall 56593 (2020) Kat:3, Licht: 0","56593","3","7","0","05","16","6","0","0","1","1","0","0"
"POINT (9.913852297000062 53.579740663000052)","Unfall 56594 (2020) Kat:3, Licht: 0","56594","3","6","3","02","09","4","0","0","0","1","0","0"
"POINT (9.983920154000032 53.599705158000063)","Unfall 56596 (2020) Kat:3, Licht: 2","56596","3","6","2","01","18","2","0","2","0","1","0","0"
"POINT (9.866141713000047 53.471572706000075)","Unfall 56597 (2020) Kat:3, Licht: 0","56597","3","6","2","10","13","2","1","0","0","1","0","0"
"POINT (10.027172492000034 53.570167729000048)","Unfall 56598 (2020) Kat:3, Licht: 0","56598","3","7","0","02","14","7","0","0","0","0","0","0"
"POINT (10.141114570000070 53.535520250000047)","Unfall 56600 (2020) Kat:3, Licht: 0","56600","3","6","2","09","12","3","0","0","0","0","0","0"
"POINT (9.931855985000027 53.628752838000082)","Unfall 56601 (2020) Kat:3, Licht: 0","56601","3","3","5","12","11","6","0","0","1","1","0","0"
"POINT (9.996925887000032 53.594296351000082)","Unfall 56602 (2020) Kat:3, Licht: 0","56602","3","2","3","06","19","2","0","0","1","1","0","0"
"POINT (9.996005477000040 53.593985157000077)","Unfall 56603 (2020) Kat:3, Licht: 2","56603","3","7","0","07","01","6","0","2","1","0","0","0"
"POINT (10.157673928000065 53.559804406000069)","Unfall 56604 (2020) Kat:2, Licht: 0","56604","2","6","3","10","11","6","0","0","0","1","0","0"
"POINT (9.944909071000041 53.563932790000081)","Unfall 56605 (2020) Kat:3, Licht: 0","56605","3","6","3","04","14","5","0","0","0","1","0","0"
"POINT (9.855991957000072 53.572041653000042)","Unfall 56607 (2020) Kat:3, Licht: 2","56607","3","6","2","01","17","2","1","2","0","1","0","0"
"POINT (9.894858506000048 53.622831864000034)","Unfall 56608 (2020) Kat:2, Licht: 0","56608","2","7","8","09","15","6","0","0","0","1","0","1"
"POINT (9.802559497000061 53.579470760000049)","Unfall 56610 (2020) Kat:3, Licht: 2","56610","3","1","8","08","02","7","0","2","0","1","0","0"
"POINT (9.964172384000051 53.599613257000044)","Unfall 56611 (2020) Kat:2, Licht: 0","56611","2","7","0","12","15","7","0","0","0","0","0","0"
"POINT (9.894490970000049 53.622892091000040)","Unfall 56612 (2020) Kat:3, Licht: 0","56612","3","6","2","06","16","4","0","0","0","1","0","0"
"POINT (9.906776459000071 53.619081086000051)","Unfall 56613 (2020) Kat:2, Licht: 0","56613","2","7","0","04","14","7","0","0","0","1","0","0"
"POINT (9.879740753000021 53.568960812000057)","Unfall 56615 (2020) Kat:3, Licht: 0","56615","3","3","5","09","08","6","0","0","1","1","0","0"
"POINT (10.031989950000025 53.566263651000043)","Unfall 56617 (2020) Kat:3, Licht: 0","56617","3","6","2","07","17","2","1","0","0","1","0","0"
"POINT (9.959400094000046 53.574583556000050)","Unfall 56618 (2020) Kat:3, Licht: 0","56618","3","2","5","08","08","3","0","0","1","0","0","0"
"POINT (9.897708794000039 53.565557489000071)","Unfall 56619 (2020) Kat:3, Licht: 0","56619","3","6","1","11","13","7","1","0","0","1","0","0"
"POINT (9.939740118000032 53.624258313000041)","Unfall 56620 (2020) Kat:3, Licht: 0","56620","3","3","5","05","09","7","0","0","0","1","0","0"
"POINT (9.989590625000062 53.547238000000050)","Unfall 56621 (2020) Kat:2, Licht: 0","56621","2","7","0","02","13","7","1","0","1","0","0","0"
"POINT (10.022348974000067 53.524733464000064)","Unfall 56623 (2020) Kat:3, Licht: 0","56623","3","6","2","10","16","6","0","0","0","1","0","0"
"POINT (9.983921849000069 53.599566860000039)","Unfall 56624 (2020) Kat:2, Licht: 2","56624","2","3","5","03","20","3","1","2","1","1","0","0"
"POINT (10.030331362000027 53.537248784000042)","Unfall 56626 (2020) Kat:3, Licht: 0","56626","3","6","3","09","14","4","0","0","0","1","0","0"
"POINT (10.010265858000025 53.547971340000061)","Unfall 56627 (2020) Kat:3, Licht: 0","56627","3","3","5","12","13","4","0","0","1","1","0","0"
"POINT (9.930524020000064 53.536275402000058)","Unfall 56628 (2020) Kat:3, Licht: 0","56628","3","6","2","06","10","3","0","0","0","1","0","0"
"POINT (10.064873687000045 53.550209791000043)","Unfall 56629 (2020) Kat:2, Licht: 0","56629","2","2","4","08","18","7","0","0","0","1","0","1"
"POINT (9.973985929000037 53.586554607000039)","Unfall 56630 (2020) Kat:3, Licht: 0","56630","3","2","2","11","11","6","0","0","0","1","0","0"
"POINT (9.992856333000077 53.592743942000027)","Unfall 56631 (2020) Kat:3, Licht: 0","56631","3","6","4","05","10","3","0","0","1","0","0","0"
"POINT (10.007930329000033 53.591242661000081)","Unfall 56632 (2020) Kat:3, Licht: 0","56632","3","5","1","02","08","7","1","0","0","1","0","0"