WKT,Name,OBJECTID,UKATEGORIE,UTYP1,UART,UMONAT,USTUNDE,UWOCHENTAG,STRZUSTAND,ULICHTVERH,ISTRAD,ISTPKW,ISTFUSS,ISTKRAD
"POINT (9.943309534000036 53.572375889000057)","Unfall 56634 (2020) Kat:3, Licht: 2","56634","3","3","5","01","21","3","0","2","0","1","0","0"
"POINT (9.909665720000021 53.641457671000069)","Unfall 56635 (2020) Kat:3, Licht: 0","56635","3","4","6","10","13","5","0","0","0","1","1","0"
"POINT (9.943534444000022 53.572466124000073)","Unfall 56637 (2020) Kat:2, Licht: 0","56637","2","2","5","08","13","1","0","0","1","1","0","0"
"POINT (9.932373789000053 53.431088570000043)","Unfall 56638 (2020) Kat:2, Licht: 2","56638","2","3","5","12","20","1","1","2","0","1","0","0"
"POINT (10.031885518000024 53.566350255000032)","Unfall 56639 (2020) Kat:3, Licht: 0","56639","3","7","0","06","10","4","0","0","0","0","0","0"
"POINT (9.826681031000021 53.470985506000034)","Unfall 56640 (2020) Kat:3, Licht: 0","56640","3","2","3","09","12","5","0","0","1","1","0","0"
"POINT (9.948086041000067 53.649522785000045)","Unfall 56642 (2020) Kat:3, Licht: 0","56642","3","6","2","06","17","4","0","0","0","1","0","1"
"POINT (9.960247376000041 53.559954221000055)","Unfall 56643 (2020) Kat:2, Licht: 0","56643","2","7","0","08","12","2","0","0","0","0","1","0"
"POINT (9.974041834000047 53.451415872000041)","Unfall 56644 (2020) Kat:3, Licht: 2","56644","3","2","2","11","20","1","0","2","0","1","0","0"
"POINT (10.029473381000059 53.448658252000030)","Unfall 56645 (2020) Kat:3, Licht: 0","56645","3","1","3","05","16","4","1","0","0","1","0","0"
"POINT (9.938313885000071 53.625271129000055)","Unfall 56646 (2020) Kat:3, Licht: 0","56646","3","6","3","02","14","3","1","0","0","1","0","0"
"POINT (10.026510456000040 53.542314006000026)","Unfall 56648 (2020) Kat:3, Licht: 0","56648","3","6","3","01","14","5","0","0","0","1","0","0"
"POINT (10.023072927000044 53.523552241000061)","Unfall 56649 (2020) Kat:3, Licht: 0","56649","3","6","2","10","13","7","0","0","0","1","0","0"
"POINT (9.963244724000049 53.469413791000079)","Unfall 56650 (2020) Kat:3, Licht: 2","56650","3","6","2","02","19","5","0","2","0","1","0","0"
"POINT (9.970103390000077 53.584109247000072)","Unfall 56652 (2020) Kat:3, Licht: 0","56652","3","6","4","09","15","3","0","0","1","0","0","0"
"POINT (10.025970531000041 53.551371946000074)","Unfall 56653 (2020) Kat:3, Licht: 0","56653","3","6","2","12","14","3","1","0","0","1","0","0"
"POINT (9.921941366000056 53.563892843000076)","Unfall 56654 (2020) Kat:3, Licht: 0","56654","3","3","5","06","11","7","0","0","1","1","0","0"
"POINT (9.956106487000056 53.570387047000054)","Unfall 56655 (2020) Kat:3, Licht: 0","56655","3","2","5","07","06","5","0","0","1","1","0","0"
"POINT (9.900403096000048 53.565021371000057)","Unfall 56656 (2020) Kat:3, Licht: 2","56656","3","2","4","10","18","5","1","2","1","1","0","0"
"POINT (9.946354806000045 53.470993998000040)","Unfall 56657 (2020) Kat:3, Licht: 0","56657","3","6","3","04","12","3","0","0","0","1","0","0"
"POINT (9.864782912000067 53.571694033000028)","Unfall 56659 (2020) Kat:3, Licht: 2","56659","3","2","6","01","16","6","1","2","0","0","1","0"
"POINT (9.919339760000071 53.564014391000057)","Unfall 56660 (2020) Kat:3, Licht: 2","56660","3","2","5","09","22","5","0","2","0","1","0","0"
"POINT (9.986775045000059 53.547687566000036)","Unfall 56662 (2020) Kat:3, Licht: 0","56662","3","2","3","07","17","3","0","0","1","1","0","0"
"POINT (10.073675941000033 53.711848293000060)","Unfall 56664 (2020) Kat:3, Licht: 0","56664","3","3","5","08","14","6","1","0","0","1","0","0"
"POINT (10.010878995000041 53.623993457000040)","Unfall 56665 (2020) Kat:3, Licht: 0","56665","3","6","2","12","09","4","0","0","0","1","0","0"
"POINT (10.215539610000064 53.486109592000048)","Unfall 56666 (2020) Kat:2, Licht: 2","56666","2","2","4","06","22","3","0","2","1","1","0","0"
"POINT (9.983927720000054 53.595758807000038)","Unfall 56667 (2020) Kat:3, Licht: 0","56667","3","2","4","03","15","3","0","0","0","1","0","0"
"POINT (10.002368321000063 53.614879214000041)","Unfall 56669 (2020) Kat:3, Licht: 0","56669","3","3","5","09","10","5","0","0","0","1","0","0"
"POINT (9.823119558000030 53.576415410000038)","Unfall 56671 (2020) Kat:3, Licht: 0","56671","3","2","2","07","09","5","1","0","0","1","0","0"
"POINT (9.972050226000022 53.450730446000080)","Unfall 56672 (2020) Kat:3, Licht: 0","56672","3","1","8","08","09","7","0","0","0","1","0","0"
"POINT (9.939074500000061 53.563643880000029)","Unfall 56673 (2020) Kat:3, Licht: 0","56673","3","6","2","11","15","5","1","0","0","1","0","0"
"POINT (10.028445587000022 53.547848367000029)","Unfall 56674 (2020) Kat:2, Licht: 0","56674","2","2","3","05","07","5","0","0","1","1","0","0"
"POINT (9.996395454000037 53.547490218000064)","Unfall 56675 (2020) Kat:3, Licht: 0","56675","3","6","2","02","13","4","1","0","0","1","0","0"
"POINT (9.971943072000045 53.466760504000035)","Unfall 56677 (2020) Kat:3, Licht: 0","56677","3","6","2","01","13","2","1","0","0","1","0","0"
"POINT (10.035792755000045 53.562942436000071)","Unfall 56678 (2020) Kat:2, Licht: 0","56678","2","7","3","10","13","4","0","0","0","1","0","1"
"POINT (9.955748056000061 53.570466985000053)","Unfall 56679 (2020) Kat:3, Licht: 0","56679","3","6","2","03","13","2","0","0","0","1","0","0"
"POINT (10.065395618000025 53.550163846000032)","Unfall 56681 (2020) Kat:3, Licht: 0","56681","3","6","2","09","17","1","0","0","0","1","0","0"
"POINT (9.970346725000070 53.584172362000061)","Unfall 56682 (2020) Kat:3, Licht: 2","56682","3","5","1","12","18","1","1","2","0","1","0","1"
"POINT (10.145115933000056 53.540597855000044)","Unfall 56683 (2020) Kat:3, Licht: 0","56683","3","6","2","06","12","2","0","0","0","1","0","0"
"POINT (10.027021739000077 53.519050068000070)","Unfall 56684 (2020) Kat:3, Licht: 0","56684","3","6","2","07","16","5","0","0","0","1","0","0"
"POINT (9.819759905000069 53.576904709000075)","Unfall 56685 (2020) Kat:3, Licht: 1","56685","3","6","2","11","19","4","0","1","0","1","0","0"
"POINT (9.955405938000070 53.445572764000076)","Unfall 56686 (2020) Kat:2, Licht: 0","56686","2","2","4","04","15","5","0","0","0","1","0","0"
"POINT (9.854790778000051 53.472394099000041)","Unfall 56688 (2020) Kat:3, Licht: 0","56688","3","2","4","01","09","5","1","0","0","1","0","0"
"POINT (10.026059901000053 53.554337131000068)","Unfall 56690 (2020) Kat:3, Licht: 0","56690","3","6","3","01","14","2","0","0","0","1","0","0"
"POINT (10.035068130000070 53.563658825000061)","Unfall 56691 (2020) Kat:3, Licht: 0","56691","3","3","5","09","14","4","0","0","1","0","0","0"
"POINT (10.028910737000047 53.568777300000079)","Unfall 56693 (2020) Kat:3, Licht: 0","56693","3","3","6","08","16","6","0","0","1","0","1","0"
"POINT (10.006019951000042 53.502768776000039)","Unfall 56694 (2020) Kat:3, Licht: 0","56694","3","6","2","12","14","6","0","0","0","1","0","0"
"POINT (10.011071190000052 53.590508866000050)","Unfall 56695 (2020) Kat:3, Licht: 0","56695","3","6","2","06","18","3","0","0","0","1","0","0"
"POINT (10.063431889000071 53.550381728000048)","Unfall 56696 (2020) Kat:3, Licht: 0","56696","3","6","2","07","14","2","0","0","0","1","0","0"
"POINT (10.034172763000072 53.494030792000046)","Unfall 56697 (2020) Kat:3, Licht: 0","56697","3","6","2","10","15","6","0","0","0","1","0","0"
"POINT (10.021177284000032 53.575263890000031)","Unfall 56698 (2020) Kat:3, Licht: 0","56698","3","2","3","04","08","4","0","0","1","1","0","0"
"POINT (9.911319568000067 53.636452318000067)","Unfall 56700 (2020) Kat:3, Licht: 0","56700","3","3","5","01","12","5","0","0","1","1","0","0"
"POINT (10.059524672000066 53.509381245000043)","Unfall 56701 (2020) Kat:3, Licht: 0","56701","3","6","2","09","15","3","0","0","0","1","0","0"
"POINT (9.986806578000028 53.602747112000031)","Unfall 56703 (2020) Kat:3, Licht: 0","56703","3","6","4","07","18","7","0","0","1","0","0","0"
"POINT (9.970052736000071 53.550753646000032)","Unfall 56704 (2020) Kat:3, Licht: 0","56704","3","6","0","08","17","4","0","0","0","0","0","1"
"POINT (9.943346365000025 53.563271200000031)","Unfall 56705 (2020) Kat:3, Licht: 0","56705","3","2","5","11","14","2","0","0","1","1","0","0"
"POINT (9.944684586000051 53.564575231000049)","Unfall 56706 (2020) Kat:3, Licht: 0","56706","3","6","0","05","20","6","0","0","0","1","0","1"
"POINT (9.913645469000073 53.486720648000073)","Unfall 56707 (2020) Kat:3, Licht: 2","56707","3","1","8","02","21","1","2","2","0","1","0","0"
"POINT (9.854741831000069 53.472405753000032)","Unfall 56708 (2020) Kat:3, Licht: 0","56708","3","2","3","03","17","5","0","0","0","0","0","0"
"POINT (10.031896228000051 53.566341374000046)","Unfall 56710 (2020) Kat:3, Licht: 2","56710","3","7","0","09","22","3","0","2","1","0","0","0"
"POINT (9.969939509000028 53.550821178000035)","Unfall 56712 (2020) Kat:3, Licht: 2","56712","3","2","3","06","23","7","1","2","1","1","0","0"
"POINT (9.854741831000069 53.472405753000032)","Unfall 56713 (2020) Kat:3, Licht: 1","56713","3","2","2","07","21","3","0","1","0","1","0","0"
"POINT (10.019780569000034 53.581540499000027)","Unfall 56714 (2020) Kat:3, Licht: 0","56714","3","2","2","10","14","3","0","0","0","1","0","0"
"POINT (9.967585041000064 53.583494862000066)","Unfall 56715 (2020) Kat:3, Licht: 0","56715","3","6","4","04","13","1","0","0","1","0","0","0"
"POINT (9.888994277000052 53.471932096000046)","Unfall 56717 (2020) Kat:3, Licht: 0","56717","3","2","2","01","11","5","0","0","0","1","1","0"
"POINT (10.025938852000024 53.542595093000045)","Unfall 56718 (2020) Kat:3, Licht: 0","56718","3","3","5","09","12","4","0","0","1","1","0","0"
"POINT (9.903255265000041 53.572079705000078)","Unfall 56720 (2020) Kat:3, Licht: 0","56720","3","6","3","07","12","2","0","0","0","1","0","0"
"POINT (9.900163648000046 53.564921513000058)","Unfall 56721 (2020) Kat:3, Licht: 1","56721","3","3","5","08","05","5","0","1","0","1","0","0"
"POINT (9.988987068000029 53.457313561000035)","Unfall 56722 (2020) Kat:3, Licht: 2","56722","3","2","5","11","06","2","0","2","1","0","0","0"
"POINT (9.983969385000023 53.592852024000081)","Unfall 56723 (2020) Kat:3, Licht: 0","56723","3","6","2","05","18","7","0","0","1","0","0","0"
"POINT (10.038971500000059 53.559083577000081)","Unfall 56724 (2020) Kat:3, Licht: 0","56724","3","3","5","02","16","3","1","0","1","1","0","0"
"POINT (10.106232015000046 53.512683293000066)","Unfall 56725 (2020) Kat:3, Licht: 0","56725","3","6","0","03","14","2","0","0","0","1","0","0"
"POINT (10.040995229000032 53.552599156000042)","Unfall 56727 (2020) Kat:3, Licht: 0","56727","3","6","6","09","08","4","0","0","1","0","1","0"
"POINT (9.962075817000027 53.577829719000079)","Unfall 56729 (2020) Kat:3, Licht: 0","56729","3","3","0","06","14","2","0","0","1","0","0","0"
"POINT (9.897436216000074 53.552897107000035)","Unfall 56730 (2020) Kat:3, Licht: 2","56730","3","6","3","08","21","6","0","2","0","1","0","0"
"POINT (9.911001997000028 53.577244223000037)","Unfall 56731 (2020) Kat:3, Licht: 2","56731","3","6","3","11","18","3","1","2","0","1","0","0"
"POINT (9.941208572000051 53.572934378000070)","Unfall 56732 (2020) Kat:3, Licht: 0","56732","3","6","2","05","08","4","0","0","0","1","0","0"
"POINT (10.012306630000069 53.547792676000029)","Unfall 56733 (2020) Kat:3, Licht: 0","56733","3","1","8","02","11","2","1","0","0","1","0","0"
"POINT (9.965912823000053 53.553064948000042)","Unfall 56735 (2020) Kat:2, Licht: 2","56735","2","4","6","01","00","2","0","2","0","0","1","0"
"POINT (9.945180813000036 53.573015042000065)","Unfall 56736 (2020) Kat:3, Licht: 1","56736","3","6","2","10","18","1","0","1","0","1","0","0"
"POINT (9.923107691000041 53.598197171000038)","Unfall 56737 (2020) Kat:3, Licht: 0","56737","3","6","2","03","12","6","0","0","0","1","0","0"
"POINT (10.040299041000026 53.556014024000035)","Unfall 56740 (2020) Kat:3, Licht: 0","56740","3","3","5","09","15","6","0","0","0","1","0","0"
"POINT (9.983926857000029 53.595850888000029)","Unfall 56741 (2020) Kat:3, Licht: 2","56741","3","2","3","12","18","4","1","2","1","0","0","0"
"POINT (9.990651288000038 53.593090129000075)","Unfall 56742 (2020) Kat:3, Licht: 0","56742","3","3","3","06","09","6","0","0","0","1","0","0"
"POINT (9.968762280000021 53.585597344000064)","Unfall 56743 (2020) Kat:3, Licht: 0","56743","3","4","6","07","15","4","0","0","0","0","1","0"
"POINT (10.032156749000023 53.566125325000030)","Unfall 56744 (2020) Kat:3, Licht: 1","56744","3","6","2","11","19","3","0","1","0","1","0","0"
"POINT (10.021172008000065 53.575268561000030)","Unfall 56745 (2020) Kat:3, Licht: 0","56745","3","2","3","04","12","3","0","0","1","1","0","0"
"POINT (10.008577324000044 53.629732311000055)","Unfall 56747 (2020) Kat:3, Licht: 2","56747","3","1","8","01","07","4","1","2","0","1","0","0"
"POINT (9.941352046000077 53.648672613000031)","Unfall 56748 (2020) Kat:3, Licht: 1","56748","3","3","5","01","16","7","0","1","0","1","0","0"
"POINT (9.995845000000031 53.593919379000056)","Unfall 56750 (2020) Kat:3, Licht: 2","56750","3","2","6","09","19","3","0","2","0","1","1","0"
"POINT (9.969850209000072 53.550860261000082)","Unfall 56752 (2020) Kat:3, Licht: 0","56752","3","3","5","08","17","5","0","0","1","1","0","0"
"POINT (10.034095291000028 53.564517149000039)","Unfall 56753 (2020) Kat:3, Licht: 0","56753","3","6","2","12","10","5","1","0","0","1","0","0"
"POINT (9.910231439000029 53.629363505000072)","Unfall 56754 (2020) Kat:3, Licht: 0","56754","3","7","8","06","08","7","0","0","0","1","0","0"
"POINT (9.908215397000049 53.575901534000081)","Unfall 56755 (2020) Kat:3, Licht: 0","56755","3","6","3","07","16","7","0","0","0","1","0","0"
"POINT (10.034150069000077 53.494003560000067)","Unfall 56756 (2020) Kat:3, Licht: 0","56756","3","6","2","10","12","5","0","0","0","1","0","0"
"POINT (10.046647904000054 53.552409076000060)","Unfall 56757 (2020) Kat:3, Licht: 2","56757","3","3","5","04","23","1","0","2","1","1","0","0"
"POINT (10.009103947000028 53.631244859000049)","Unfall 56760 (2020) Kat:3, Licht: 0","56760","3","6","3","09","10","2","0","0","0","1","0","0"
"POINT (10.024952944000063 53.542812428000047)","Unfall 56762 (2020) Kat:2, Licht: 0","56762","2","3","5","07","18","4","0","0","0","1","0","0"
"POINT (10.141044993000037 53.535439663000034)","Unfall 56763 (2020) Kat:3, Licht: 0","56763","3","6","2","08","14","1","0","0","0","1","0","0"
"POINT (10.052423938000061 53.551710889000049)","Unfall 56764 (2020) Kat:3, Licht: 0","56764","3","3","5","11","07","5","1","0","1","1","0","0"
"POINT (9.923465681000039 53.597904880000044)","Unfall 56765 (2020) Kat:3, Licht: 0","56765","3","6","3","05","11","4","0","0","0","1","0","0"
"POINT (9.986521410000023 53.547728812000059)","Unfall 56766 (2020) Kat:3, Licht: 0","56766","3","2","5","02","14","6","0","0","0","1","0","0"
"POINT (9.933783215000062 53.583063492000065)","Unfall 56767 (2020) Kat:3, Licht: 0","56767","3","6","2","03","12","2","0","0","0","1","0","0"
"POINT (9.952467621000039 53.613345910000078)","Unfall 56769 (2020) Kat:3, Licht: 0","56769","3","7","0","09","15","1","0","0","0","0","0","1"
"POINT (9.968969912000034 53.585045313000080)","Unfall 56771 (2020) Kat:3, Licht: 0","56771","3","7","6","06","15","6","0","0","0","0","1","0"
"POINT (10.032897744000024 53.492497696000044)","Unfall 56772 (2020) Kat:3, Licht: 0","56772","3","6","2","08","18","3","0","0","0","1","0","0"
"POINT (9.912729427000045 53.565332890000036)","Unfall 56773 (2020) Kat:3, Licht: 0","56773","3","2","5","11","09","4","1","0","0","1","0","0"
"POINT (9.918584044000056 53.445836215000043)","Unfall 56774 (2020) Kat:2, Licht: 0","56774","2","6","3","05","09","7","0","0","0","1","0","0"
"POINT (9.911907070000041 53.506608217000064)","Unfall 56775 (2020) Kat:3, Licht: 2","56775","3","6","3","02","05","4","0","2","0","1","0","0"
"POINT (10.019593350000036 53.576679552000030)","Unfall 56777 (2020) Kat:2, Licht: 2","56777","2","3","5","01","19","3","0","2","1","1","0","0"
"POINT (10.071534698000050 53.508334567000077)","Unfall 56778 (2020) Kat:3, Licht: 0","56778","3","7","7","10","10","3","0","0","0","0","0","0"
"POINT (10.028135366000072 53.569404167000073)","Unfall 56779 (2020) Kat:3, Licht: 0","56779","3","3","5","03","12","1","0","0","0","1","0","0"
"POINT (9.921436409000023 53.602954346000047)","Unfall 56781 (2020) Kat:3, Licht: 0","56781","3","6","3","09","11","4","0","0","0","1","0","0"
"POINT (9.971963712000047 53.466754009000056)","Unfall 56782 (2020) Kat:3, Licht: 0","56782","3","2","2","12","12","6","0","0","0","1","0","0"
"POINT (9.935841800000048 53.563751038000078)","Unfall 56783 (2020) Kat:2, Licht: 2","56783","2","6","4","06","22","3","0","2","0","1","0","0"
"POINT (9.835255037000025 53.471849374000044)","Unfall 56785 (2020) Kat:2, Licht: 0","56785","2","7","0","07","15","6","0","0","1","0","0","0"
"POINT (9.947229979000042 53.441591023000058)","Unfall 56786 (2020) Kat:3, Licht: 0","56786","3","7","6","10","15","6","0","0","0","1","1","0"
"POINT (9.964805521000073 53.580817435000029)","Unfall 56787 (2020) Kat:3, Licht: 0","56787","3","6","2","04","18","6","0","0","0","1","0","0"
"POINT (9.961390740000070 53.546406230000059)","Unfall 184406 (2020) Kat:3, Licht: 0","184406","3","6","2","01","10","5","0","0","0","1","0","0"
"POINT (9.994171788000074 53.559424486000069)","Unfall 184408 (2020) Kat:3, Licht: 0","184408","3","5","1","01","11","7","1","0","1","1","0","0"
"POINT (10.045942801000024 53.564028812000060)","Unfall 184417 (2020) Kat:2, Licht: 2","184417","2","2","6","01","17","6","1","2","0","1","1","0"
"POINT (10.081692361000023 53.558281566000062)","Unfall 184420 (2020) Kat:3, Licht: 0","184420","3","6","2","01","14","6","1","0","0","1","0","0"
"POINT (10.032574713000031 53.572845530000052)","Unfall 184445 (2020) Kat:3, Licht: 0","184445","3","3","5","01","12","7","1","0","1","1","0","0"
"POINT (10.019090020000021 53.487236906000078)","Unfall 184448 (2020) Kat:2, Licht: 0","184448","2","4","5","01","10","7","1","0","0","1","1","0"
"POINT (9.957770081000035 53.549809376000042)","Unfall 184455 (2020) Kat:3, Licht: 2","184455","3","7","6","01","06","4","0","2","0","1","1","0"
"POINT (9.912181580000038 53.512627960000032)","Unfall 184457 (2020) Kat:3, Licht: 2","184457","3","6","2","01","16","6","1","2","0","1","0","0"
"POINT (10.093581155000038 53.581730798000081)","Unfall 184470 (2020) Kat:3, Licht: 0","184470","3","3","5","01","12","6","1","0","0","1","0","0"
"POINT (9.989902526000037 53.554806208000059)","Unfall 184481 (2020) Kat:3, Licht: 2","184481","3","7","0","01","17","6","1","2","1","1","0","0"
"POINT (10.097033695000050 53.549210619000064)","Unfall 184497 (2020) Kat:3, Licht: 0","184497","3","6","4","01","13","7","1","0","0","1","0","1"
"POINT (10.201362042000028 53.484457120000059)","Unfall 184508 (2020) Kat:2, Licht: 2","184508","2","4","6","01","18","6","1","2","0","1","1","0"
"POINT (9.970268230000045 53.557279727000036)","Unfall 184510 (2020) Kat:3, Licht: 0","184510","3","6","2","01","12","5","0","0","0","1","0","0"
"POINT (9.999171267000065 53.577823513000055)","Unfall 184513 (2020) Kat:3, Licht: 0","184513","3","5","1","01","15","7","1","0","0","1","0","1"
"POINT (10.013151509000068 53.649304236000035)","Unfall 184523 (2020) Kat:2, Licht: 2","184523","2","4","6","01","18","6","0","2","0","0","1","0"
"POINT (10.147020285000053 53.600647526000046)","Unfall 184534 (2020) Kat:3, Licht: 2","184534","3","3","5","01","18","5","1","2","1","1","0","0"
"POINT (10.187933812000040 53.652621691000036)","Unfall 184553 (2020) Kat:3, Licht: 0","184553","3","7","0","01","15","7","1","0","0","1","0","0"
"POINT (9.917535928000063 53.581670415000076)","Unfall 184561 (2020) Kat:3, Licht: 1","184561","3","1","8","01","07","4","2","1","0","1","0","0"
"POINT (9.876451024000062 53.533462145000044)","Unfall 184563 (2020) Kat:3, Licht: 2","184563","3","6","2","01","17","6","1","2","0","1","0","0"
"POINT (9.988642160000040 53.572641633000046)","Unfall 184573 (2020) Kat:3, Licht: 0","184573","3","3","5","01","14","6","1","0","0","1","0","0"
"POINT (10.020575235000024 53.550748100000078)","Unfall 184578 (2020) Kat:3, Licht: 0","184578","3","3","5","01","11","6","1","0","1","1","0","0"
"POINT (9.928171377000069 53.554116871000076)","Unfall 184602 (2020) Kat:3, Licht: 0","184602","3","3","5","01","11","7","1","0","1","1","0","0"
"POINT (10.185327968000024 53.505997939000054)","Unfall 184605 (2020) Kat:3, Licht: 0","184605","3","3","6","01","14","7","1","0","0","1","1","0"
"POINT (10.215397019000022 53.488103547000037)","Unfall 184614 (2020) Kat:3, Licht: 2","184614","3","7","6","01","08","6","1","2","0","1","1","0"
"POINT (10.000113387000056 53.622070627000028)","Unfall 184626 (2020) Kat:3, Licht: 2","184626","3","3","5","01","18","6","1","2","0","1","0","0"
"POINT (10.196280099000035 53.501786660000050)","Unfall 184637 (2020) Kat:3, Licht: 2","184637","3","2","2","01","19","5","1","2","0","1","0","0"
"POINT (10.144301228000074 53.600436216000048)","Unfall 184653 (2020) Kat:3, Licht: 0","184653","3","3","5","01","14","7","1","0","0","1","0","0"
"POINT (9.981991881000056 53.583387598000058)","Unfall 184660 (2020) Kat:3, Licht: 1","184660","3","7","6","01","16","2","0","1","0","1","1","0"
"POINT (10.047474374000046 53.582584761000078)","Unfall 184661 (2020) Kat:3, Licht: 1","184661","3","3","5","01","08","5","1","1","1","1","0","0"
"POINT (10.157955464000054 53.648781623000048)","Unfall 184662 (2020) Kat:3, Licht: 0","184662","3","3","5","01","12","3","0","0","0","1","0","0"
"POINT (9.994034124000052 53.584819250000066)","Unfall 184663 (2020) Kat:3, Licht: 0","184663","3","2","3","01","11","2","0","0","1","1","0","0"
"POINT (9.978683813000032 53.564232499000070)","Unfall 184664 (2020) Kat:3, Licht: 2","184664","3","6","2","01","19","2","0","2","0","1","0","0"
"POINT (9.968893560000026 53.512972606000062)","Unfall 184665 (2020) Kat:3, Licht: 2","184665","3","2","3","01","06","2","0","2","0","0","0","1"
"POINT (10.036584092000055 53.574549935000050)","Unfall 184666 (2020) Kat:2, Licht: 0","184666","2","3","5","01","14","5","1","0","1","1","0","0"
"POINT (10.004527525000071 53.542341384000053)","Unfall 184667 (2020) Kat:3, Licht: 0","184667","3","7","9","01","08","5","0","0","0","1","1","1"
"POINT (9.965743105000058 53.461247513000046)","Unfall 184668 (2020) Kat:3, Licht: 2","184668","3","7","0","01","22","1","0","2","1","0","0","0"
"POINT (9.928789155000061 53.592248194000035)","Unfall 184669 (2020) Kat:3, Licht: 2","184669","3","2","5","01","19","5","1","2","0","1","0","0"
"POINT (10.040054827000063 53.561171509000076)","Unfall 184670 (2020) Kat:3, Licht: 0","184670","3","4","6","01","13","1","1","0","0","1","1","0"
"POINT (9.902603800000065 53.606527164000056)","Unfall 184671 (2020) Kat:3, Licht: 1","184671","3","3","5","01","16","5","1","1","1","1","0","0"
"POINT (10.123861548000036 53.589120196000067)","Unfall 184672 (2020) Kat:3, Licht: 2","184672","3","6","0","01","17","1","0","2","0","0","0","0"
"POINT (10.079216564000035 53.567312010000080)","Unfall 184673 (2020) Kat:3, Licht: 2","184673","3","3","5","01","03","1","1","2","0","1","0","0"
"POINT (10.088683781000043 53.646791191000034)","Unfall 184674 (2020) Kat:3, Licht: 0","184674","3","2","5","01","11","1","1","0","0","1","0","0"
"POINT (9.898589092000066 53.546010527000078)","Unfall 184675 (2020) Kat:2, Licht: 2","184675","2","5","8","01","00","4","1","2","0","1","0","0"
"POINT (10.028188459000035 53.632025464000037)","Unfall 184676 (2020) Kat:3, Licht: 2","184676","3","1","0","01","07","1","2","2","0","0","0","1"
"POINT (9.852377046000072 53.569096783000077)","Unfall 184677 (2020) Kat:3, Licht: 0","184677","3","3","5","01","10","1","0","0","1","1","0","0"
"POINT (10.186322321000034 53.650784775000034)","Unfall 184678 (2020) Kat:3, Licht: 0","184678","3","7","0","01","16","4","0","0","1","0","0","0"
"POINT (9.933567895000067 53.550235052000062)","Unfall 184679 (2020) Kat:3, Licht: 0","184679","3","4","6","01","14","1","0","0","0","1","1","0"
"POINT (9.824966329000063 53.570012618000078)","Unfall 184680 (2020) Kat:3, Licht: 0","184680","3","2","6","01","14","5","1","0","0","1","1","0"
"POINT (10.207493886000066 53.494886234000035)","Unfall 184681 (2020) Kat:3, Licht: 0","184681","3","7","0","01","10","7","0","0","0","0","1","0"
"POINT (9.909663490000071 53.560133988000075)","Unfall 184682 (2020) Kat:3, Licht: 2","184682","3","3","5","01","18","5","1","2","0","1","0","0"
"POINT (10.094463428000040 53.461398520000046)","Unfall 184683 (2020) Kat:3, Licht: 2","184683","3","4","6","01","05","7","0","2","0","1","1","0"
"POINT (10.105886577000035 53.558869373000050)","Unfall 184684 (2020) Kat:3, Licht: 2","184684","3","3","5","01","23","7","1","2","0","1","0","0"
"POINT (10.087037795000072 53.577694098000052)","Unfall 184685 (2020) Kat:3, Licht: 0","184685","3","2","4","01","09","6","1","0","0","1","0","0"
"POINT (10.069024489000071 53.601012436000076)","Unfall 184686 (2020) Kat:3, Licht: 0","184686","3","6","2","01","15","7","1","0","0","1","0","0"
"POINT (10.094719614000041 53.639262886000040)","Unfall 184687 (2020) Kat:3, Licht: 1","184687","3","2","4","01","15","7","1","1","1","1","0","0"
"POINT (9.918332957000075 53.636623096000051)","Unfall 184688 (2020) Kat:3, Licht: 2","184688","3","6","2","01","23","5","1","2","0","0","0","0"
"POINT (10.006475300000034 53.617241005000039)","Unfall 184689 (2020) Kat:3, Licht: 1","184689","3","3","5","01","07","3","0","1","1","1","0","0"
"POINT (10.023059037000053 53.573636584000042)","Unfall 184690 (2020) Kat:2, Licht: 2","184690","2","4","6","01","19","7","1","2","0","1","1","0"
"POINT (9.982365447000063 53.584418588000062)","Unfall 184691 (2020) Kat:3, Licht: 2","184691","3","4","6","01","17","5","1","2","1","0","1","0"
"POINT (10.042507361000048 53.597715248000043)","Unfall 184692 (2020) Kat:3, Licht: 0","184692","3","6","1","01","13","7","0","0","0","1","0","0"
"POINT (9.969775277000053 53.550579367000068)","Unfall 184693 (2020) Kat:3, Licht: 0","184693","3","2","6","01","14","5","1","0","0","1","1","0"
"POINT (9.964591910000024 53.559855135000078)","Unfall 184694 (2020) Kat:3, Licht: 0","184694","3","4","6","01","13","7","0","0","1","0","1","0"
"POINT (10.009718716000066 53.482518500000026)","Unfall 184695 (2020) Kat:2, Licht: 2","184695","2","2","6","01","18","4","1","2","0","1","1","0"
"POINT (10.003863432000060 53.489508474000047)","Unfall 184696 (2020) Kat:3, Licht: 2","184696","3","6","2","01","21","6","1","2","0","1","0","0"
"POINT (10.057073268000067 53.554935662000048)","Unfall 184697 (2020) Kat:3, Licht: 2","184697","3","6","2","01","18","6","0","2","0","1","0","0"
"POINT (9.972021710000036 53.609736111000075)","Unfall 184698 (2020) Kat:3, Licht: 0","184698","3","4","6","01","15","6","1","0","0","1","1","0"
"POINT (10.135128391000023 53.571062242000039)","Unfall 184699 (2020) Kat:3, Licht: 2","184699","3","6","2","01","17","6","1","2","0","1","0","0"
"POINT (10.146717680000052 53.634321061000037)","Unfall 184700 (2020) Kat:3, Licht: 0","184700","3","2","3","01","08","6","0","0","0","1","0","0"
"POINT (10.099967424000056 53.539575411000044)","Unfall 184701 (2020) Kat:2, Licht: 2","184701","2","2","6","01","07","4","1","2","0","1","1","0"