WKT,Name,OBJECTID,UKATEGORIE,UTYP1,UART,UMONAT,USTUNDE,UWOCHENTAG,STRZUSTAND,ULICHTVERH,ISTRAD,ISTPKW,ISTFUSS,ISTKRAD
"POINT (9.997376073000055 53.593111332000035)","Unfall 184702 (2020) Kat:3, Licht: 0","184702","3","7","0","01","15","3","0","0","1","0","0","0"
"POINT (10.000700682000058 53.678320373000076)","Unfall 184703 (2020) Kat:3, Licht: 0","184703","3","6","3","01","15","6","0","0","1","0","0","0"
"POINT (9.997761483000033 53.588205493000032)","Unfall 184704 (2020) Kat:3, Licht: 0","184704","3","3","5","01","13","6","0","0","1","1","0","0"
"POINT (10.038988193000023 53.543912067000065)","Unfall 184705 (2020) Kat:3, Licht: 2","184705","3","7","0","01","19","4","1","2","0","1","0","0"
"POINT (9.973799070000041 53.588110800000038)","Unfall 184706 (2020) Kat:3, Licht: 0","184706","3","5","1","01","15","5","0","0","1","1","0","0"
"POINT (10.037558663000027 53.565591032000043)","Unfall 184707 (2020) Kat:3, Licht: 2","184707","3","6","6","01","19","6","1","2","0","1","1","0"
"POINT (9.852562788000057 53.551458573000048)","Unfall 184708 (2020) Kat:3, Licht: 0","184708","3","7","0","01","08","6","1","0","1","0","0","0"
"POINT (10.100451317000022 53.569739303000063)","Unfall 184709 (2020) Kat:3, Licht: 2","184709","3","6","4","01","06","5","0","2","0","1","0","0"
"POINT (9.888739995000037 53.576685140000052)","Unfall 184710 (2020) Kat:3, Licht: 2","184710","3","6","1","01","06","6","1","2","0","1","0","0"
"POINT (9.971661415000028 53.583342567000045)","Unfall 184711 (2020) Kat:3, Licht: 0","184711","3","3","5","01","14","6","0","0","0","1","0","0"
"POINT (10.026590709000061 53.553875571000049)","Unfall 184712 (2020) Kat:3, Licht: 2","184712","3","3","5","01","07","4","1","2","1","1","0","0"
"POINT (9.863649632000033 53.560785028000055)","Unfall 184713 (2020) Kat:3, Licht: 2","184713","3","2","5","01","18","3","0","2","1","1","0","0"
"POINT (9.978662679000024 53.590116612000031)","Unfall 184714 (2020) Kat:3, Licht: 0","184714","3","4","6","01","12","6","0","0","0","0","1","0"
"POINT (9.979530170000032 53.569133790000080)","Unfall 184715 (2020) Kat:3, Licht: 1","184715","3","6","3","01","08","6","0","1","1","1","0","0"
"POINT (10.002370482000060 53.555027271000029)","Unfall 184716 (2020) Kat:3, Licht: 2","184716","3","6","3","01","18","6","1","2","0","1","0","0"
"POINT (10.107013371000050 53.570708524000054)","Unfall 184717 (2020) Kat:3, Licht: 2","184717","3","3","5","01","17","4","1","2","0","1","0","0"
"POINT (9.795696481000050 53.514668565000079)","Unfall 184718 (2020) Kat:3, Licht: 1","184718","3","2","4","01","08","4","1","1","0","1","0","0"
"POINT (9.900098390000039 53.482487313000036)","Unfall 184719 (2020) Kat:3, Licht: 2","184719","3","2","4","01","17","5","0","2","0","1","0","0"
"POINT (10.107718081000030 53.581371426000032)","Unfall 184720 (2020) Kat:3, Licht: 0","184720","3","6","2","01","15","4","1","0","0","1","0","0"
"POINT (10.108727534000025 53.560337207000032)","Unfall 184721 (2020) Kat:3, Licht: 0","184721","3","3","5","01","13","5","0","0","1","1","0","0"
"POINT (10.094679647000021 53.638850934000061)","Unfall 184722 (2020) Kat:3, Licht: 0","184722","3","7","3","01","09","4","1","0","0","1","0","0"
"POINT (10.120357481000042 53.607149291000042)","Unfall 184723 (2020) Kat:3, Licht: 2","184723","3","3","5","01","19","5","0","2","1","1","0","0"
"POINT (9.998688079000033 53.648295414000074)","Unfall 184724 (2020) Kat:2, Licht: 1","184724","2","4","6","01","08","4","1","1","0","1","1","0"
"POINT (10.114705638000032 53.595179514000051)","Unfall 184725 (2020) Kat:3, Licht: 1","184725","3","3","5","01","16","5","0","1","1","1","0","0"
"POINT (10.017752462000033 53.655157138000050)","Unfall 184726 (2020) Kat:3, Licht: 2","184726","3","2","2","01","17","4","1","2","1","0","0","0"
"POINT (10.114578268000059 53.576057420000041)","Unfall 184727 (2020) Kat:3, Licht: 0","184727","3","6","2","01","11","5","0","0","0","1","0","0"
"POINT (10.056069737000030 53.647105215000067)","Unfall 184728 (2020) Kat:2, Licht: 2","184728","2","4","6","01","18","5","0","2","0","1","1","0"
"POINT (10.117465882000033 53.683117107000044)","Unfall 184729 (2020) Kat:3, Licht: 0","184729","3","6","2","01","16","5","0","0","0","1","0","0"
"POINT (10.030983306000053 53.620846095000047)","Unfall 184730 (2020) Kat:3, Licht: 2","184730","3","7","0","01","17","4","1","2","1","0","0","0"
"POINT (10.071755580000058 53.631505323000056)","Unfall 184731 (2020) Kat:2, Licht: 0","184731","2","2","4","01","16","5","0","0","1","1","0","0"
"POINT (10.031063001000064 53.600652601000036)","Unfall 184732 (2020) Kat:3, Licht: 1","184732","3","6","2","01","07","4","1","1","0","1","0","0"
"POINT (10.057218158000069 53.673361605000082)","Unfall 184733 (2020) Kat:3, Licht: 1","184733","3","2","2","01","07","5","1","1","0","1","0","0"
"POINT (9.942728775000035 53.565342742000041)","Unfall 184734 (2020) Kat:3, Licht: 2","184734","3","4","6","01","07","4","1","2","0","1","1","0"
"POINT (10.080993808000073 53.655115732000070)","Unfall 184735 (2020) Kat:2, Licht: 0","184735","2","3","5","01","09","5","0","0","1","1","0","0"
"POINT (9.951863913000068 53.576859715000069)","Unfall 184736 (2020) Kat:3, Licht: 2","184736","3","6","3","01","20","5","1","2","1","1","0","0"
"POINT (10.040338124000073 53.570337797000036)","Unfall 184737 (2020) Kat:2, Licht: 2","184737","2","4","6","01","19","6","0","2","0","1","1","0"
"POINT (9.987565078000046 53.562597234000066)","Unfall 184738 (2020) Kat:3, Licht: 0","184738","3","6","2","01","09","5","0","0","0","1","0","0"
"POINT (9.980862645000059 53.567133945000080)","Unfall 184739 (2020) Kat:3, Licht: 1","184739","3","2","2","01","08","5","1","1","0","1","0","0"
"POINT (9.956779701000073 53.562166015000059)","Unfall 184740 (2020) Kat:3, Licht: 0","184740","3","7","8","01","10","5","1","0","0","1","0","0"
"POINT (9.957402667000054 53.549655101000042)","Unfall 184741 (2020) Kat:3, Licht: 2","184741","3","6","2","01","22","7","0","2","0","1","0","0"
"POINT (9.982346618000065 53.553987293000034)","Unfall 184742 (2020) Kat:3, Licht: 2","184742","3","4","6","01","18","5","0","2","1","0","1","0"
"POINT (9.972813253000027 53.587735743000053)","Unfall 184743 (2020) Kat:3, Licht: 2","184743","3","5","1","01","17","4","0","2","1","1","0","0"
"POINT (10.016814254000053 53.550555845000076)","Unfall 184744 (2020) Kat:3, Licht: 2","184744","3","7","0","01","18","5","0","2","1","1","0","0"
"POINT (9.989206542000034 53.581950479000056)","Unfall 184745 (2020) Kat:3, Licht: 2","184745","3","3","5","01","07","4","1","2","1","1","0","0"
"POINT (9.986939585000073 53.466119226000046)","Unfall 184746 (2020) Kat:2, Licht: 0","184746","2","4","6","01","11","5","0","0","0","0","1","0"
"POINT (9.995189714000048 53.570181326000068)","Unfall 184747 (2020) Kat:3, Licht: 1","184747","3","7","0","01","16","4","1","1","0","1","0","1"
"POINT (10.167104260000031 53.516119105000030)","Unfall 184748 (2020) Kat:2, Licht: 0","184748","2","7","6","01","13","4","0","0","0","1","1","0"
"POINT (10.150603395000076 53.543189763000044)","Unfall 184749 (2020) Kat:3, Licht: 2","184749","3","6","1","01","17","4","0","2","0","1","0","0"
"POINT (10.006050983000023 53.547834251000040)","Unfall 184750 (2020) Kat:3, Licht: 1","184750","3","2","3","01","08","6","1","1","0","1","0","0"
"POINT (10.102774636000049 53.542623541000069)","Unfall 184751 (2020) Kat:3, Licht: 0","184751","3","3","5","01","13","4","0","0","1","1","0","0"
"POINT (10.080708035000043 53.552017914000032)","Unfall 184752 (2020) Kat:3, Licht: 0","184752","3","3","5","01","12","4","0","0","1","1","0","0"
"POINT (9.958088144000044 53.549674493000055)","Unfall 184753 (2020) Kat:3, Licht: 2","184753","3","4","6","01","18","4","1","2","0","0","1","0"
"POINT (9.853120200000035 53.593271774000073)","Unfall 184754 (2020) Kat:3, Licht: 0","184754","3","3","5","01","13","3","0","0","1","1","0","0"
"POINT (10.058164474000023 53.561160886000039)","Unfall 184755 (2020) Kat:3, Licht: 0","184755","3","4","6","01","09","4","0","0","0","1","1","0"
"POINT (10.003765581000039 53.552726447000055)","Unfall 184756 (2020) Kat:3, Licht: 2","184756","3","6","6","01","18","4","1","2","1","0","1","0"
"POINT (9.979299542000035 53.590387140000075)","Unfall 184757 (2020) Kat:3, Licht: 0","184757","3","5","1","01","15","3","0","0","1","1","0","0"
"POINT (10.136083545000076 53.591968538000060)","Unfall 184758 (2020) Kat:3, Licht: 2","184758","3","2","3","01","19","4","1","2","0","1","0","0"
"POINT (10.119117179000057 53.606568974000027)","Unfall 184759 (2020) Kat:3, Licht: 0","184759","3","6","0","01","13","4","0","0","0","0","0","0"
"POINT (10.067943715000069 53.582490681000081)","Unfall 184760 (2020) Kat:3, Licht: 2","184760","3","7","0","01","17","4","0","2","0","1","0","0"
"POINT (9.988613705000034 53.571065674000067)","Unfall 184761 (2020) Kat:3, Licht: 0","184761","3","2","3","01","20","4","0","0","0","1","0","1"
"POINT (10.028116655000076 53.674932560000059)","Unfall 184762 (2020) Kat:3, Licht: 1","184762","3","6","4","01","07","5","0","1","1","0","0","0"
"POINT (10.006245351000075 53.633687906000034)","Unfall 184763 (2020) Kat:3, Licht: 2","184763","3","7","0","01","04","4","1","2","0","0","0","0"
"POINT (10.025332336000076 53.626446668000028)","Unfall 184764 (2020) Kat:3, Licht: 0","184764","3","3","5","01","07","4","0","0","1","0","0","0"
"POINT (9.966114325000035 53.546344080000040)","Unfall 184765 (2020) Kat:3, Licht: 0","184765","3","7","0","01","08","4","1","0","1","0","0","0"
"POINT (9.983550464000075 53.553128657000059)","Unfall 184766 (2020) Kat:3, Licht: 0","184766","3","2","4","01","11","3","0","0","1","1","0","0"
"POINT (9.875854096000069 53.588629171000036)","Unfall 184767 (2020) Kat:3, Licht: 2","184767","3","2","6","01","20","4","1","2","0","1","1","0"
"POINT (9.881632541000045 53.600951831000032)","Unfall 184768 (2020) Kat:3, Licht: 2","184768","3","5","6","01","07","4","0","2","0","1","1","0"
"POINT (9.989919483000051 53.561807901000066)","Unfall 184769 (2020) Kat:3, Licht: 0","184769","3","6","3","01","11","4","1","0","0","1","0","1"
"POINT (9.970596014000023 53.583161657000062)","Unfall 184770 (2020) Kat:2, Licht: 0","184770","2","4","0","01","12","4","0","0","0","0","1","0"
"POINT (9.942894995000074 53.555544734000080)","Unfall 184771 (2020) Kat:3, Licht: 0","184771","3","6","3","01","10","4","0","0","0","1","0","0"
"POINT (9.949157003000039 53.546202029000028)","Unfall 184772 (2020) Kat:3, Licht: 0","184772","3","6","2","01","07","4","0","0","0","1","0","0"
"POINT (9.964528866000023 53.567866201000072)","Unfall 184773 (2020) Kat:3, Licht: 0","184773","3","7","8","01","15","4","1","0","1","0","0","0"
"POINT (9.954259504000049 53.565910300000041)","Unfall 184774 (2020) Kat:3, Licht: 0","184774","3","7","0","01","13","4","0","0","1","0","0","0"
"POINT (10.017074123000043 53.527358164000077)","Unfall 184775 (2020) Kat:3, Licht: 2","184775","3","2","3","01","00","4","0","2","0","1","0","0"
"POINT (9.991646170000024 53.553839648000064)","Unfall 184776 (2020) Kat:3, Licht: 0","184776","3","4","6","01","14","5","0","0","1","0","1","0"
"POINT (9.979768941000032 53.554675278000047)","Unfall 184777 (2020) Kat:3, Licht: 2","184777","3","4","6","01","07","4","0","2","0","1","1","0"
"POINT (9.986355914000058 53.507871682000030)","Unfall 184778 (2020) Kat:3, Licht: 2","184778","3","5","1","01","23","3","0","2","0","1","0","0"
"POINT (9.793920647000050 53.533885373000032)","Unfall 184779 (2020) Kat:2, Licht: 2","184779","2","4","6","01","18","3","0","2","0","1","1","0"
"POINT (10.141214173000037 53.538850234000051)","Unfall 184780 (2020) Kat:3, Licht: 0","184780","3","3","5","01","12","3","1","0","0","1","0","0"
"POINT (9.990569866000044 53.444645294000054)","Unfall 184781 (2020) Kat:2, Licht: 2","184781","2","2","6","01","07","3","1","2","0","1","1","0"
"POINT (10.012178349000067 53.494235827000068)","Unfall 184782 (2020) Kat:3, Licht: 2","184782","3","3","0","01","06","3","1","2","0","1","0","1"
"POINT (9.997763713000040 53.544183112000042)","Unfall 184783 (2020) Kat:3, Licht: 0","184783","3","2","4","01","09","4","0","0","0","1","0","0"
"POINT (10.003968864000058 53.503664162000064)","Unfall 184784 (2020) Kat:3, Licht: 0","184784","3","6","2","01","15","3","1","0","0","1","0","0"
"POINT (9.853254537000055 53.549047893000079)","Unfall 184785 (2020) Kat:3, Licht: 0","184785","3","6","2","01","13","4","1","0","0","1","0","0"
"POINT (10.021037644000046 53.511701107000079)","Unfall 184786 (2020) Kat:3, Licht: 1","184786","3","4","6","01","07","3","1","1","0","0","1","0"
"POINT (10.043097269000043 53.549880250000058)","Unfall 184787 (2020) Kat:3, Licht: 0","184787","3","7","6","01","11","3","0","0","0","1","1","0"
"POINT (10.117153273000042 53.604016149000074)","Unfall 184788 (2020) Kat:3, Licht: 2","184788","3","2","4","01","17","4","0","2","0","1","0","0"
"POINT (10.096401242000070 53.532690327000068)","Unfall 184789 (2020) Kat:3, Licht: 2","184789","3","6","3","01","16","3","1","2","0","1","0","0"
"POINT (10.066709440000068 53.559601451000049)","Unfall 184790 (2020) Kat:3, Licht: 2","184790","3","6","2","01","17","3","0","2","0","1","0","0"
"POINT (10.079646740000044 53.551308151000057)","Unfall 184791 (2020) Kat:3, Licht: 0","184791","3","7","6","01","08","3","1","0","0","1","1","0"
"POINT (10.062368682000056 53.608647970000050)","Unfall 184792 (2020) Kat:3, Licht: 0","184792","3","2","5","01","10","3","0","0","1","1","0","0"
"POINT (10.031984076000072 53.543332516000078)","Unfall 184793 (2020) Kat:3, Licht: 0","184793","3","2","3","01","08","3","0","0","1","1","0","0"
"POINT (10.155292059000033 53.614526770000055)","Unfall 184794 (2020) Kat:3, Licht: 1","184794","3","6","2","01","16","3","1","1","0","1","0","0"
"POINT (10.008915496000043 53.552154312000027)","Unfall 184795 (2020) Kat:3, Licht: 0","184795","3","7","3","01","08","4","1","0","0","1","0","0"
"POINT (10.113857016000054 53.616374880000080)","Unfall 184796 (2020) Kat:3, Licht: 0","184796","3","6","6","01","12","6","1","0","0","1","1","0"
"POINT (10.146365940000067 53.603534276000062)","Unfall 184797 (2020) Kat:3, Licht: 0","184797","3","6","2","01","12","3","1","0","0","1","0","0"
"POINT (10.110512314000061 53.577211163000072)","Unfall 184798 (2020) Kat:3, Licht: 2","184798","3","2","5","01","07","3","1","2","1","1","0","0"
"POINT (10.011775761000024 53.581262793000064)","Unfall 184799 (2020) Kat:3, Licht: 0","184799","3","3","6","01","12","3","0","0","0","1","1","0"
"POINT (10.187484067000071 53.507967115000042)","Unfall 184800 (2020) Kat:3, Licht: 2","184800","3","4","6","01","17","2","0","2","0","1","1","0"
"POINT (10.067639893000035 53.582315543000050)","Unfall 184801 (2020) Kat:3, Licht: 1","184801","3","2","4","01","08","3","1","1","0","1","0","0"
"POINT (10.057248449000042 53.566196620000028)","Unfall 184802 (2020) Kat:3, Licht: 1","184802","3","3","5","01","08","3","1","1","1","1","0","0"
"POINT (10.085806872000035 53.615807746000030)","Unfall 184803 (2020) Kat:3, Licht: 1","184803","3","6","4","01","07","3","1","1","1","1","0","0"
"POINT (10.010441041000036 53.648573394000039)","Unfall 184804 (2020) Kat:3, Licht: 2","184804","3","2","3","01","07","3","1","2","1","1","0","0"
"POINT (9.992871226000034 53.665589880000027)","Unfall 184805 (2020) Kat:3, Licht: 1","184805","3","6","2","01","07","3","1","1","0","1","0","0"
"POINT (10.035914489000049 53.564860057000033)","Unfall 184806 (2020) Kat:3, Licht: 2","184806","3","6","2","01","05","3","1","2","0","1","0","0"
"POINT (10.055818326000065 53.591414769000039)","Unfall 184807 (2020) Kat:3, Licht: 2","184807","3","2","4","01","20","3","1","2","0","1","0","0"
"POINT (10.025085398000044 53.569063723000056)","Unfall 184808 (2020) Kat:3, Licht: 0","184808","3","3","5","01","13","3","1","0","1","1","0","0"
"POINT (9.962181364000060 53.596352431000071)","Unfall 184809 (2020) Kat:2, Licht: 0","184809","2","2","5","01","08","6","0","0","1","0","0","0"
"POINT (10.037010007000049 53.597511952000048)","Unfall 184810 (2020) Kat:3, Licht: 2","184810","3","2","6","01","07","3","1","2","0","1","1","0"
"POINT (9.892958387000022 53.557094586000062)","Unfall 184811 (2020) Kat:3, Licht: 2","184811","3","3","5","01","21","3","0","2","0","1","0","0"
"POINT (10.052389162000054 53.588211749000038)","Unfall 184812 (2020) Kat:3, Licht: 0","184812","3","3","5","01","12","3","0","0","1","1","0","0"
"POINT (10.210345687000029 53.486595381000029)","Unfall 184813 (2020) Kat:3, Licht: 2","184813","3","3","5","01","17","2","0","2","0","1","0","0"
"POINT (9.875827435000076 53.588654655000028)","Unfall 184814 (2020) Kat:2, Licht: 2","184814","2","2","6","01","06","3","1","2","0","0","1","0"
"POINT (9.924170718000028 53.520915214000070)","Unfall 184815 (2020) Kat:3, Licht: 0","184815","3","3","5","01","14","4","0","0","0","0","0","0"
"POINT (9.882233689000032 53.593210159000080)","Unfall 184816 (2020) Kat:3, Licht: 2","184816","3","2","6","01","07","3","1","2","0","1","1","0"
"POINT (9.956975716000045 53.450692662000051)","Unfall 184817 (2020) Kat:3, Licht: 0","184817","3","3","5","01","07","3","0","0","0","1","0","0"
"POINT (9.892497629000047 53.573670165000067)","Unfall 184818 (2020) Kat:3, Licht: 2","184818","3","3","5","01","20","5","0","2","0","1","0","0"
"POINT (9.908226734000039 53.563980294000032)","Unfall 184819 (2020) Kat:2, Licht: 0","184819","2","4","6","01","11","3","1","0","0","1","1","0"
"POINT (9.982073669000044 53.428062746000080)","Unfall 184820 (2020) Kat:3, Licht: 0","184820","3","2","3","01","15","5","0","0","0","1","0","0"
"POINT (9.938124141000060 53.550298777000080)","Unfall 184821 (2020) Kat:3, Licht: 2","184821","3","3","5","01","19","3","0","2","1","1","0","0"
"POINT (9.988697132000027 53.574158828000066)","Unfall 184822 (2020) Kat:3, Licht: 2","184822","3","2","3","01","07","3","1","2","1","1","0","0"
"POINT (9.904863666000040 53.608851327000082)","Unfall 184823 (2020) Kat:3, Licht: 2","184823","3","4","6","01","18","3","1","2","0","1","1","0"
"POINT (10.124491786000021 53.627346959000079)","Unfall 184824 (2020) Kat:3, Licht: 0","184824","3","6","3","01","14","2","0","0","1","0","0","0"
"POINT (9.968132389000061 53.566723581000076)","Unfall 184825 (2020) Kat:3, Licht: 0","184825","3","3","5","01","15","3","1","0","1","1","0","0"
"POINT (9.962751094000055 53.549592560000065)","Unfall 184826 (2020) Kat:3, Licht: 0","184826","3","7","2","01","12","3","0","0","0","1","0","0"
"POINT (9.990329246000044 53.544116057000053)","Unfall 184827 (2020) Kat:3, Licht: 2","184827","3","7","4","01","17","3","1","2","1","1","0","0"
"POINT (9.806249274000038 53.573865295000076)","Unfall 184828 (2020) Kat:3, Licht: 2","184828","3","2","4","01","22","3","0","2","1","0","0","1"
"POINT (10.011232184000050 53.560025398000050)","Unfall 184829 (2020) Kat:3, Licht: 0","184829","3","6","4","01","11","5","0","0","1","1","0","0"
"POINT (9.955889564000074 53.457210553000039)","Unfall 184830 (2020) Kat:3, Licht: 1","184830","3","2","2","01","07","2","0","1","0","1","0","0"
"POINT (9.890105143000028 53.595308622000061)","Unfall 184831 (2020) Kat:3, Licht: 2","184831","3","3","5","01","18","3","0","2","1","1","0","0"
"POINT (9.992804554000031 53.434866776000035)","Unfall 184832 (2020) Kat:3, Licht: 2","184832","3","4","6","01","18","2","0","2","0","1","1","0"
"POINT (9.891622742000038 53.573315323000031)","Unfall 184833 (2020) Kat:3, Licht: 0","184833","3","3","5","01","15","3","0","0","1","1","0","0"
"POINT (9.977087061000077 53.511357624000027)","Unfall 184834 (2020) Kat:3, Licht: 2","184834","3","3","5","01","06","2","1","2","0","0","0","0"
"POINT (10.206015685000068 53.476622505000080)","Unfall 184835 (2020) Kat:3, Licht: 2","184835","3","6","2","01","07","2","1","2","0","1","0","0"
"POINT (9.951266191000059 53.459643501000073)","Unfall 184836 (2020) Kat:3, Licht: 0","184836","3","2","2","01","08","3","0","0","0","1","0","0"
"POINT (10.109710730000074 53.538302279000050)","Unfall 184837 (2020) Kat:3, Licht: 2","184837","3","4","6","01","01","2","1","2","0","0","1","0"
"POINT (9.962357008000026 53.573592164000047)","Unfall 184838 (2020) Kat:3, Licht: 2","184838","3","2","6","01","17","3","0","2","0","1","1","0"
"POINT (10.137261414000022 53.592736265000042)","Unfall 184839 (2020) Kat:2, Licht: 1","184839","2","7","0","01","18","2","1","1","1","0","0","0"
"POINT (10.116092190000074 53.604758782000033)","Unfall 184840 (2020) Kat:3, Licht: 0","184840","3","6","2","01","13","2","1","0","0","1","0","0"
"POINT (10.161710984000024 53.619472981000058)","Unfall 184841 (2020) Kat:3, Licht: 2","184841","3","3","5","01","20","2","0","2","1","1","0","0"
"POINT (10.063089624000042 53.642803458000060)","Unfall 184842 (2020) Kat:3, Licht: 2","184842","3","3","5","01","18","4","0","2","0","1","0","0"
"POINT (10.074762288000045 53.574728706000030)","Unfall 184843 (2020) Kat:1, Licht: 0","184843","1","2","3","01","08","2","1","0","1","0","0","0"
"POINT (9.980410461000076 53.572524498000064)","Unfall 184844 (2020) Kat:3, Licht: 0","184844","3","2","4","01","07","3","1","0","1","1","0","0"
"POINT (9.991762945000062 53.665957138000067)","Unfall 184845 (2020) Kat:2, Licht: 2","184845","2","2","6","01","17","2","0","2","0","1","1","0"
"POINT (9.984217595000075 53.459522646000039)","Unfall 184846 (2020) Kat:3, Licht: 2","184846","3","4","6","01","17","2","0","2","0","1","1","0"
"POINT (10.013926816000037 53.593938006000030)","Unfall 184847 (2020) Kat:3, Licht: 0","184847","3","4","6","01","13","2","0","0","0","1","1","0"
"POINT (10.044049475000065 53.591560045000051)","Unfall 184848 (2020) Kat:3, Licht: 2","184848","3","6","2","01","06","2","1","2","0","1","0","0"
"POINT (9.992280434000065 53.649144286000080)","Unfall 184849 (2020) Kat:3, Licht: 0","184849","3","3","5","01","08","6","0","0","1","1","0","0"
"POINT (9.864018339000040 53.547668562000069)","Unfall 184850 (2020) Kat:3, Licht: 2","184850","3","4","6","01","05","2","1","2","0","1","1","0"
"POINT (9.950935561000051 53.578311392000046)","Unfall 184851 (2020) Kat:2, Licht: 0","184851","2","7","2","01","14","2","0","0","1","0","0","0"
"POINT (10.032177824000030 53.525300550000054)","Unfall 184852 (2020) Kat:3, Licht: 1","184852","3","5","3","01","17","2","0","1","1","0","0","0"
"POINT (9.986218935000068 53.570435389000068)","Unfall 184853 (2020) Kat:3, Licht: 0","184853","3","7","0","01","08","2","0","0","1","0","0","0"
"POINT (9.969613090000053 53.580843165000033)","Unfall 184854 (2020) Kat:3, Licht: 2","184854","3","6","4","01","18","4","1","2","1","1","0","0"
"POINT (9.978147206000074 53.548243369000033)","Unfall 184855 (2020) Kat:3, Licht: 0","184855","3","7","6","01","11","2","0","0","0","1","1","0"
"POINT (10.090800332000072 53.506881227000065)","Unfall 184856 (2020) Kat:3, Licht: 2","184856","3","6","2","01","07","2","1","2","0","1","0","0"
"POINT (9.986721193000051 53.547778252000057)","Unfall 184857 (2020) Kat:3, Licht: 0","184857","3","3","5","01","08","2","1","0","0","1","0","0"
"POINT (10.026590156000054 53.553870478000078)","Unfall 184858 (2020) Kat:3, Licht: 0","184858","3","3","5","01","15","2","0","0","1","1","0","0"
"POINT (9.993385295000053 53.516115646000060)","Unfall 184859 (2020) Kat:3, Licht: 2","184859","3","4","6","01","18","1","1","2","0","1","1","0"
"POINT (10.201540260000058 53.499503897000068)","Unfall 184860 (2020) Kat:3, Licht: 0","184860","3","3","5","01","14","1","1","0","0","1","0","0"
"POINT (9.991309903000058 53.511534901000061)","Unfall 184861 (2020) Kat:3, Licht: 1","184861","3","4","6","01","16","3","0","1","0","1","1","0"
"POINT (9.988201143000026 53.572676234000028)","Unfall 184862 (2020) Kat:3, Licht: 2","184862","3","2","4","01","21","6","0","2","1","1","0","0"
"POINT (10.130069951000053 53.599689233000049)","Unfall 184863 (2020) Kat:3, Licht: 1","184863","3","2","4","01","16","1","1","1","0","1","0","0"
"POINT (10.059104689000037 53.593610568000031)","Unfall 184864 (2020) Kat:3, Licht: 0","184864","3","2","3","01","14","1","1","0","1","1","0","0"
"POINT (10.087187049000022 53.629675519000045)","Unfall 184865 (2020) Kat:3, Licht: 2","184865","3","7","5","01","18","2","0","2","0","1","0","0"
"POINT (10.066953000000069 53.580018479000046)","Unfall 184866 (2020) Kat:3, Licht: 2","184866","3","4","6","01","06","2","0","2","1","0","1","0"
"POINT (9.952857780000045 53.635332494000068)","Unfall 184867 (2020) Kat:3, Licht: 2","184867","3","2","5","01","18","1","0","2","1","1","0","0"
"POINT (10.072305777000054 53.596642082000074)","Unfall 184868 (2020) Kat:3, Licht: 2","184868","3","7","6","01","19","2","0","2","1","0","1","0"
"POINT (9.952091130000042 53.601263557000038)","Unfall 184869 (2020) Kat:3, Licht: 0","184869","3","3","5","01","11","1","0","0","0","1","0","0"
"POINT (9.917717428000060 53.548444026000027)","Unfall 184870 (2020) Kat:3, Licht: 0","184870","3","2","0","01","11","1","0","0","0","1","0","1"
"POINT (9.969497878000027 53.546160252000050)","Unfall 184871 (2020) Kat:3, Licht: 2","184871","3","2","6","01","20","1","1","2","0","1","1","0"
"POINT (10.078479380000033 53.651411591000056)","Unfall 184872 (2020) Kat:3, Licht: 2","184872","3","2","3","01","18","5","0","2","1","0","0","0"
"POINT (10.120518904000050 53.607357123000043)","Unfall 184873 (2020) Kat:3, Licht: 0","184873","3","4","6","01","14","7","0","0","1","0","1","0"
"POINT (9.937614020000069 53.581485539000028)","Unfall 184874 (2020) Kat:2, Licht: 2","184874","2","6","3","01","01","7","0","2","1","1","0","0"
"POINT (10.063189675000046 53.602548857000045)","Unfall 184875 (2020) Kat:3, Licht: 0","184875","3","5","1","01","15","2","1","0","1","1","0","0"
"POINT (9.998562445000061 53.601833116000080)","Unfall 184876 (2020) Kat:3, Licht: 0","184876","3","6","2","01","13","2","0","0","0","1","0","0"
"POINT (9.947817416000021 53.582354131000045)","Unfall 184877 (2020) Kat:3, Licht: 2","184877","3","3","5","01","18","7","0","2","0","1","0","0"
"POINT (9.945918650000067 53.579432709000059)","Unfall 184878 (2020) Kat:3, Licht: 0","184878","3","6","2","01","16","7","0","0","0","1","0","0"
"POINT (9.977443517000040 53.463768096000081)","Unfall 184879 (2020) Kat:2, Licht: 2","184879","2","2","4","01","17","6","1","2","0","1","0","1"
"POINT (9.852161446000025 53.510854181000070)","Unfall 184880 (2020) Kat:3, Licht: 2","184880","3","1","4","01","06","4","1","2","0","1","0","0"
"POINT (9.954779647000066 53.454217839000080)","Unfall 184881 (2020) Kat:3, Licht: 1","184881","3","1","8","01","16","6","1","1","0","1","0","0"
"POINT (10.041541919000053 53.648623947000033)","Unfall 184882 (2020) Kat:3, Licht: 2","184882","3","6","2","01","16","2","0","2","0","1","0","0"
"POINT (9.977746947000071 53.459735662000071)","Unfall 184883 (2020) Kat:3, Licht: 0","184883","3","6","6","01","11","6","0","0","0","0","1","0"
"POINT (10.020901978000040 53.559696787000064)","Unfall 184884 (2020) Kat:3, Licht: 0","184884","3","6","2","01","14","2","0","0","0","1","0","0"
"POINT (9.981115050000028 53.596653246000074)","Unfall 184885 (2020) Kat:3, Licht: 0","184885","3","7","8","01","13","5","0","0","0","0","0","0"
"POINT (10.103331139000034 53.543234061000078)","Unfall 184886 (2020) Kat:3, Licht: 0","184886","3","3","5","01","13","6","1","0","1","1","0","0"