WKT,Name,OBJECTID,UKATEGORIE,UTYP1,UART,UMONAT,USTUNDE,UWOCHENTAG,STRZUSTAND,ULICHTVERH,ISTRAD,ISTPKW,ISTFUSS,ISTKRAD
"POINT (10.024589862000028 53.574710730000049)","Unfall 184887 (2020) Kat:3, Licht: 1","184887","3","7","0","01","07","2","0","1","0","1","0","0"
"POINT (10.108646703000034 53.560369676000050)","Unfall 184888 (2020) Kat:3, Licht: 0","184888","3","2","4","01","11","6","0","0","0","1","0","0"
"POINT (9.927434940000069 53.598431774000062)","Unfall 184889 (2020) Kat:3, Licht: 2","184889","3","3","5","01","07","2","1","2","1","1","0","0"
"POINT (10.181222057000070 53.598656722000044)","Unfall 184890 (2020) Kat:3, Licht: 2","184890","3","2","2","01","07","6","1","2","0","1","0","0"
"POINT (10.002313661000073 53.668653985000049)","Unfall 184891 (2020) Kat:3, Licht: 2","184891","3","2","5","01","17","6","1","2","1","1","0","0"
"POINT (9.917858315000046 53.599348665000036)","Unfall 184892 (2020) Kat:3, Licht: 0","184892","3","3","6","01","12","6","1","0","0","0","1","0"
"POINT (10.009536432000061 53.584857879000026)","Unfall 184893 (2020) Kat:3, Licht: 0","184893","3","7","0","01","10","4","0","0","1","0","0","0"
"POINT (9.987691787000074 53.603337792000048)","Unfall 184894 (2020) Kat:3, Licht: 2","184894","3","3","5","01","21","6","0","2","0","1","0","0"
"POINT (9.920820816000060 53.546095470000068)","Unfall 184895 (2020) Kat:3, Licht: 2","184895","3","1","0","01","08","2","1","2","0","0","0","0"
"POINT (9.948235816000022 53.594886727000073)","Unfall 184896 (2020) Kat:3, Licht: 0","184896","3","6","2","01","10","6","0","0","0","1","0","0"
"POINT (9.954599642000062 53.455793423000046)","Unfall 184897 (2020) Kat:3, Licht: 2","184897","3","3","5","01","17","1","1","2","0","1","0","0"
"POINT (9.947292723000032 53.561154795000050)","Unfall 184898 (2020) Kat:3, Licht: 2","184898","3","2","3","01","17","6","0","2","1","1","0","0"
"POINT (9.945155255000032 53.548514277000038)","Unfall 184899 (2020) Kat:3, Licht: 0","184899","3","6","2","01","12","6","0","0","0","1","0","0"
"POINT (10.201670608000029 53.485884122000073)","Unfall 184900 (2020) Kat:2, Licht: 2","184900","2","4","6","01","20","1","1","2","0","1","1","0"
"POINT (9.963326128000063 53.551133117000063)","Unfall 184901 (2020) Kat:3, Licht: 0","184901","3","3","6","01","15","6","1","0","0","1","1","0"
"POINT (9.975989969000068 53.466742387000068)","Unfall 184902 (2020) Kat:3, Licht: 2","184902","3","6","2","01","05","6","1","2","0","1","0","0"
"POINT (10.018903992000048 53.549946574000046)","Unfall 184903 (2020) Kat:3, Licht: 0","184903","3","3","5","01","14","6","1","0","1","1","0","0"
"POINT (9.896605831000045 53.515504345000068)","Unfall 184904 (2020) Kat:3, Licht: 0","184904","3","2","4","01","13","5","1","0","0","1","0","0"
"POINT (9.973388841000030 53.612212345000046)","Unfall 184905 (2020) Kat:3, Licht: 2","184905","3","4","6","01","17","4","0","2","0","1","1","0"
"POINT (9.975334767000049 53.454091931000050)","Unfall 184906 (2020) Kat:3, Licht: 1","184906","3","2","6","01","08","5","1","1","0","1","1","0"
"POINT (10.100772868000035 53.584414821000053)","Unfall 184907 (2020) Kat:3, Licht: 0","184907","3","6","1","01","15","1","1","0","0","1","0","0"
"POINT (9.992214780000040 53.482027061000053)","Unfall 184908 (2020) Kat:3, Licht: 2","184908","3","7","4","01","17","5","1","2","0","1","0","0"
"POINT (10.069753112000058 53.579186779000054)","Unfall 184909 (2020) Kat:3, Licht: 0","184909","3","6","2","01","14","1","0","0","0","1","0","0"
"POINT (10.087903895000068 53.545885915000042)","Unfall 184910 (2020) Kat:2, Licht: 2","184910","2","4","6","01","19","5","1","2","0","1","1","0"
"POINT (10.129198185000064 53.529971261000071)","Unfall 184911 (2020) Kat:3, Licht: 2","184911","3","2","6","01","07","5","1","2","0","1","1","0"
"POINT (9.972728649000032 53.435905257000059)","Unfall 184912 (2020) Kat:3, Licht: 0","184912","3","6","2","01","15","5","0","0","0","1","0","0"
"POINT (10.029008509000050 53.552445749000071)","Unfall 184913 (2020) Kat:3, Licht: 2","184913","3","4","6","01","17","5","1","2","0","1","1","0"
"POINT (10.042534386000057 53.555521493000072)","Unfall 184914 (2020) Kat:3, Licht: 0","184914","3","2","5","01","13","5","1","0","0","1","0","0"
"POINT (9.918230019000021 53.566817073000038)","Unfall 184915 (2020) Kat:3, Licht: 1","184915","3","3","0","01","17","6","1","1","1","1","0","0"
"POINT (10.057548714000063 53.560880216000044)","Unfall 184916 (2020) Kat:3, Licht: 0","184916","3","3","5","01","08","5","1","0","1","1","0","0"
"POINT (10.103726788000074 53.575202906000072)","Unfall 184917 (2020) Kat:3, Licht: 0","184917","3","2","5","01","15","5","1","0","0","1","0","0"
"POINT (9.960806968000043 53.571083203000057)","Unfall 184918 (2020) Kat:3, Licht: 0","184918","3","3","5","01","12","1","0","0","1","1","0","0"
"POINT (10.045355248000021 53.567417186000057)","Unfall 184919 (2020) Kat:3, Licht: 2","184919","3","6","2","01","19","2","0","2","0","1","0","0"
"POINT (10.082034797000063 53.577634209000053)","Unfall 184920 (2020) Kat:3, Licht: 2","184920","3","7","6","01","17","5","1","2","0","1","1","0"
"POINT (10.079280858000061 53.523001032000082)","Unfall 184921 (2020) Kat:2, Licht: 2","184921","2","1","1","01","23","3","0","2","0","1","0","0"
"POINT (10.071392994000064 53.579500685000028)","Unfall 184922 (2020) Kat:3, Licht: 0","184922","3","4","6","01","09","5","1","0","0","1","1","0"
"POINT (10.124518271000056 53.570790725000052)","Unfall 184923 (2020) Kat:3, Licht: 2","184923","3","2","6","01","06","3","0","2","0","1","1","0"
"POINT (10.041090355000051 53.569512973000030)","Unfall 184924 (2020) Kat:2, Licht: 1","184924","2","6","3","01","16","5","0","1","1","1","0","0"
"POINT (10.040319033000060 53.604059519000032)","Unfall 184925 (2020) Kat:3, Licht: 0","184925","3","7","3","01","15","5","1","0","0","1","0","0"
"POINT (10.025750681000034 53.669470935000049)","Unfall 184926 (2020) Kat:3, Licht: 2","184926","3","2","4","01","18","5","1","2","1","1","0","0"
"POINT (9.951902858000040 53.576987071000076)","Unfall 184927 (2020) Kat:3, Licht: 0","184927","3","4","6","01","12","1","0","0","0","1","1","0"
"POINT (9.968178582000064 53.612990030000049)","Unfall 184928 (2020) Kat:3, Licht: 2","184928","3","6","2","01","05","4","1","2","0","1","0","0"
"POINT (9.976083018000054 53.461714043000029)","Unfall 184929 (2020) Kat:2, Licht: 2","184929","2","4","6","01","07","3","1","2","0","1","1","0"
"POINT (10.024183934000064 53.546612130000028)","Unfall 184930 (2020) Kat:3, Licht: 0","184930","3","2","6","01","15","4","1","0","0","0","1","0"
"POINT (9.962980400000049 53.599730575000081)","Unfall 184931 (2020) Kat:3, Licht: 2","184931","3","6","2","02","07","4","0","2","0","1","0","0"
"POINT (10.146220500000027 53.630555290000075)","Unfall 184932 (2020) Kat:3, Licht: 2","184932","3","7","0","02","17","5","1","2","1","1","0","0"
"POINT (9.864397653000026 53.559248167000078)","Unfall 184933 (2020) Kat:2, Licht: 2","184933","2","2","6","02","18","2","0","2","0","1","1","0"
"POINT (9.877553506000027 53.533504252000057)","Unfall 184934 (2020) Kat:3, Licht: 0","184934","3","6","3","02","11","7","0","0","1","0","0","0"
"POINT (10.187557762000040 53.508059760000037)","Unfall 184935 (2020) Kat:3, Licht: 1","184935","3","4","6","02","07","4","1","1","0","1","1","0"
"POINT (9.957918872000050 53.452453943000080)","Unfall 184936 (2020) Kat:3, Licht: 2","184936","3","7","9","01","19","3","1","2","0","1","0","0"
"POINT (10.035303691000024 53.575131151000051)","Unfall 184937 (2020) Kat:3, Licht: 0","184937","3","3","5","01","07","6","0","0","1","0","0","0"
"POINT (10.023582472000044 53.528744878000055)","Unfall 184938 (2020) Kat:3, Licht: 2","184938","3","6","3","01","17","3","1","2","0","1","0","0"
"POINT (10.039919569000062 53.610793460000082)","Unfall 184939 (2020) Kat:3, Licht: 2","184939","3","7","6","02","20","5","0","2","0","1","1","0"
"POINT (10.112995670000032 53.558177565000051)","Unfall 184940 (2020) Kat:3, Licht: 0","184940","3","6","2","02","15","2","1","0","0","1","0","0"
"POINT (9.986526618000028 53.510486432000050)","Unfall 184941 (2020) Kat:3, Licht: 2","184941","3","2","6","01","07","3","0","2","0","1","1","0"
"POINT (10.174167831000034 53.628479554000080)","Unfall 184942 (2020) Kat:2, Licht: 0","184942","2","4","6","02","16","3","0","0","0","1","1","0"
"POINT (10.012302145000035 53.580639071000064)","Unfall 184943 (2020) Kat:3, Licht: 2","184943","3","6","3","02","18","5","1","2","1","1","0","0"
"POINT (10.020231079000041 53.577446171000076)","Unfall 184944 (2020) Kat:3, Licht: 0","184944","3","3","6","02","14","1","1","0","0","0","1","0"
"POINT (9.926354657000047 53.571837961000028)","Unfall 184945 (2020) Kat:2, Licht: 2","184945","2","3","5","02","17","7","0","2","0","1","0","0"
"POINT (9.950356919000058 53.640332987000079)","Unfall 184946 (2020) Kat:3, Licht: 2","184946","3","3","5","02","23","4","1","2","0","1","0","0"
"POINT (10.096545024000022 53.619000325000059)","Unfall 184947 (2020) Kat:3, Licht: 1","184947","3","2","6","01","07","5","1","1","0","1","1","0"
"POINT (10.014009887000043 53.561370868000040)","Unfall 184948 (2020) Kat:3, Licht: 2","184948","3","3","5","02","18","2","1","2","0","1","0","0"
"POINT (10.081098763000057 53.641719690000059)","Unfall 184949 (2020) Kat:3, Licht: 0","184949","3","1","8","02","13","7","0","0","0","0","0","1"
"POINT (10.013342698000031 53.599833664000073)","Unfall 184950 (2020) Kat:3, Licht: 0","184950","3","6","2","02","10","4","1","0","0","1","0","0"
"POINT (9.993927814000074 53.543386362000035)","Unfall 184951 (2020) Kat:3, Licht: 0","184951","3","7","0","01","13","6","0","0","0","1","0","0"
"POINT (10.206425612000032 53.488991062000082)","Unfall 184952 (2020) Kat:3, Licht: 2","184952","3","2","4","01","17","3","1","2","1","1","0","0"
"POINT (10.025821231000066 53.669618768000078)","Unfall 184953 (2020) Kat:3, Licht: 0","184953","3","2","4","02","16","5","0","0","1","1","0","0"
"POINT (10.085896079000065 53.628415638000035)","Unfall 184954 (2020) Kat:3, Licht: 1","184954","3","3","5","02","17","2","1","1","1","1","0","0"
"POINT (10.003907204000029 53.577895392000073)","Unfall 184955 (2020) Kat:3, Licht: 1","184955","3","6","6","02","18","6","0","1","1","0","1","0"
"POINT (10.149101697000049 53.524507406000055)","Unfall 184956 (2020) Kat:3, Licht: 2","184956","3","4","6","01","19","3","1","2","0","1","1","0"
"POINT (9.898640975000035 53.605600902000049)","Unfall 184957 (2020) Kat:3, Licht: 0","184957","3","4","6","02","16","3","0","0","0","0","1","0"
"POINT (9.952271696000025 53.598882844000059)","Unfall 184958 (2020) Kat:3, Licht: 1","184958","3","2","3","02","06","5","2","1","1","0","0","0"
"POINT (10.189651103000074 53.503319679000072)","Unfall 184959 (2020) Kat:3, Licht: 0","184959","3","3","5","02","12","7","1","0","0","1","0","0"
"POINT (10.076098986000034 53.550976636000030)","Unfall 184960 (2020) Kat:2, Licht: 2","184960","2","7","0","02","07","6","1","2","0","1","0","1"
"POINT (10.083595573000025 53.542138825000052)","Unfall 184961 (2020) Kat:3, Licht: 0","184961","3","2","3","02","09","3","1","0","1","0","0","0"
"POINT (10.100743616000045 53.540425386000038)","Unfall 184962 (2020) Kat:2, Licht: 2","184962","2","3","5","01","18","3","1","2","0","1","0","0"
"POINT (10.111761636000040 53.622139057000027)","Unfall 184963 (2020) Kat:3, Licht: 1","184963","3","2","4","01","16","4","1","1","0","1","0","1"
"POINT (9.998698942000033 53.594872769000062)","Unfall 184964 (2020) Kat:3, Licht: 0","184964","3","4","6","02","16","4","0","0","1","0","1","0"
"POINT (10.206969547000028 53.489202820000060)","Unfall 184965 (2020) Kat:3, Licht: 0","184965","3","7","6","02","13","5","0","0","0","1","1","0"
"POINT (10.110998064000057 53.558760605000032)","Unfall 184966 (2020) Kat:3, Licht: 0","184966","3","6","2","01","16","3","1","0","0","1","0","0"
"POINT (10.136144646000048 53.570967982000070)","Unfall 184967 (2020) Kat:3, Licht: 2","184967","3","4","6","01","18","3","1","2","0","1","1","0"
"POINT (9.888606894000077 53.478040367000062)","Unfall 184968 (2020) Kat:3, Licht: 0","184968","3","6","2","02","15","4","0","0","0","1","0","0"
"POINT (9.931826119000050 53.552142234000030)","Unfall 184969 (2020) Kat:3, Licht: 0","184969","3","7","0","02","14","6","0","0","0","0","0","1"
"POINT (10.107345975000044 53.599034912000036)","Unfall 184970 (2020) Kat:2, Licht: 2","184970","2","2","4","01","19","3","1","2","0","1","0","0"
"POINT (9.862862754000048 53.467539624000040)","Unfall 184971 (2020) Kat:3, Licht: 0","184971","3","7","6","02","12","2","1","0","0","1","1","0"
"POINT (10.013072435000026 53.627552963000028)","Unfall 184972 (2020) Kat:3, Licht: 2","184972","3","6","2","02","18","2","1","2","0","1","0","0"
"POINT (9.917882752000025 53.551232031000040)","Unfall 184973 (2020) Kat:3, Licht: 2","184973","3","1","0","02","05","5","2","2","0","1","0","0"
"POINT (10.035013173000038 53.574648495000076)","Unfall 184974 (2020) Kat:3, Licht: 2","184974","3","5","1","02","20","7","1","2","0","1","0","0"
"POINT (9.956375362000074 53.609342913000035)","Unfall 184975 (2020) Kat:3, Licht: 0","184975","3","6","4","02","10","6","0","0","1","0","0","0"
"POINT (9.997292400000049 53.602327767000077)","Unfall 184976 (2020) Kat:3, Licht: 0","184976","3","3","5","02","15","3","1","0","0","1","0","0"
"POINT (10.128908376000027 53.600694240000053)","Unfall 184977 (2020) Kat:3, Licht: 0","184977","3","6","2","01","09","3","0","0","0","1","0","0"
"POINT (10.124807869000051 53.586282679000078)","Unfall 184978 (2020) Kat:2, Licht: 2","184978","2","2","3","01","06","4","1","2","1","1","0","0"
"POINT (9.809517629000027 53.563419729000032)","Unfall 184979 (2020) Kat:3, Licht: 0","184979","3","3","5","02","12","4","0","0","1","0","0","0"
"POINT (10.039414876000023 53.560938806000081)","Unfall 184980 (2020) Kat:3, Licht: 2","184980","3","7","0","02","21","5","1","2","0","1","0","0"
"POINT (10.109258846000046 53.707623858000034)","Unfall 184981 (2020) Kat:3, Licht: 0","184981","3","7","6","02","12","2","1","0","0","1","1","0"
"POINT (10.136499509000032 53.546874061000040)","Unfall 184982 (2020) Kat:3, Licht: 0","184982","3","1","8","02","08","1","0","0","0","1","0","0"
"POINT (10.007526115000076 53.497660547000066)","Unfall 184983 (2020) Kat:3, Licht: 0","184983","3","7","6","02","09","4","1","0","0","0","1","0"
"POINT (10.076181663000057 53.591932779000047)","Unfall 184984 (2020) Kat:3, Licht: 2","184984","3","2","6","01","18","3","1","2","0","1","1","0"
"POINT (10.054137359000038 53.635766988000057)","Unfall 184985 (2020) Kat:3, Licht: 1","184985","3","3","5","01","07","6","0","1","0","1","0","0"
"POINT (10.130440015000033 53.588384283000039)","Unfall 184986 (2020) Kat:3, Licht: 0","184986","3","4","6","02","15","2","1","0","0","1","1","0"
"POINT (9.975817854000070 53.578991177000034)","Unfall 184987 (2020) Kat:3, Licht: 0","184987","3","2","5","02","09","2","1","0","1","0","0","0"
"POINT (10.014285898000026 53.554481259000056)","Unfall 184988 (2020) Kat:3, Licht: 1","184988","3","5","1","02","16","5","1","1","0","1","0","0"
"POINT (9.966603794000037 53.457859990000031)","Unfall 184989 (2020) Kat:3, Licht: 2","184989","3","5","1","01","18","6","1","2","0","1","0","0"
"POINT (9.986125135000066 53.576895947000082)","Unfall 184990 (2020) Kat:3, Licht: 0","184990","3","5","1","02","09","6","1","0","1","1","0","0"
"POINT (9.956494863000046 53.562022398000067)","Unfall 184991 (2020) Kat:3, Licht: 2","184991","3","2","3","02","18","3","1","2","1","1","0","0"
"POINT (10.051053138000043 53.601277515000049)","Unfall 184992 (2020) Kat:3, Licht: 0","184992","3","2","2","01","15","3","1","0","0","1","0","0"
"POINT (10.055853089000038 53.609863573000041)","Unfall 184993 (2020) Kat:3, Licht: 1","184993","3","7","1","01","16","4","1","1","0","1","0","0"
"POINT (9.989130265000028 53.558358493000071)","Unfall 184994 (2020) Kat:2, Licht: 2","184994","2","2","3","02","22","4","0","2","0","1","0","0"
"POINT (10.156620425000028 53.612008957000057)","Unfall 184995 (2020) Kat:3, Licht: 0","184995","3","5","1","02","07","5","2","0","0","1","0","0"
"POINT (9.982544263000023 53.587631227000031)","Unfall 184996 (2020) Kat:2, Licht: 0","184996","2","4","6","02","10","2","1","0","0","1","1","0"
"POINT (10.063008659000047 53.477057463000051)","Unfall 184997 (2020) Kat:3, Licht: 0","184997","3","6","6","02","14","7","0","0","1","0","1","0"
"POINT (10.067121985000028 53.563029884000059)","Unfall 184998 (2020) Kat:3, Licht: 0","184998","3","2","4","02","09","4","1","0","0","1","0","0"
"POINT (10.067475436000052 53.608380658000044)","Unfall 184999 (2020) Kat:3, Licht: 2","184999","3","2","3","01","19","3","1","2","1","1","0","0"
"POINT (9.984226003000060 53.587030704000028)","Unfall 185000 (2020) Kat:3, Licht: 1","185000","3","2","5","01","18","6","0","1","0","1","0","1"
"POINT (10.036660423000058 53.629603699000029)","Unfall 185001 (2020) Kat:3, Licht: 0","185001","3","6","2","01","08","3","1","0","0","1","0","0"
"POINT (10.158434376000059 53.653740372000073)","Unfall 185002 (2020) Kat:3, Licht: 0","185002","3","6","2","02","09","5","0","0","0","1","0","0"
"POINT (10.070783477000077 53.573290141000030)","Unfall 185003 (2020) Kat:3, Licht: 0","185003","3","6","1","02","13","2","1","0","0","1","0","0"
"POINT (10.013870513000029 53.649357125000051)","Unfall 185004 (2020) Kat:3, Licht: 1","185004","3","6","2","01","18","3","1","1","0","1","0","0"
"POINT (10.035233511000058 53.603066592000062)","Unfall 185005 (2020) Kat:3, Licht: 0","185005","3","6","2","02","10","3","1","0","0","1","0","0"
"POINT (10.006234117000076 53.586040068000045)","Unfall 185006 (2020) Kat:3, Licht: 2","185006","3","2","6","01","18","3","1","2","0","1","1","0"
"POINT (10.108229672000050 53.539384497000071)","Unfall 185007 (2020) Kat:3, Licht: 0","185007","3","5","1","02","15","5","0","0","0","1","0","0"
"POINT (9.984528671000021 53.548262498000042)","Unfall 185008 (2020) Kat:3, Licht: 0","185008","3","3","5","02","13","3","1","0","1","1","0","0"
"POINT (9.918954625000026 53.590912907000074)","Unfall 185009 (2020) Kat:3, Licht: 2","185009","3","2","6","01","19","3","1","2","0","1","1","0"
"POINT (10.110957881000047 53.546449014000075)","Unfall 185010 (2020) Kat:3, Licht: 2","185010","3","6","2","02","17","3","1","2","0","1","0","0"
"POINT (10.168175564000023 53.647573770000065)","Unfall 185011 (2020) Kat:3, Licht: 0","185011","3","3","5","02","08","5","2","0","1","1","0","0"
"POINT (10.124497660000031 53.570753503000049)","Unfall 185012 (2020) Kat:3, Licht: 2","185012","3","2","6","02","19","1","1","2","0","1","1","0"
"POINT (10.012492945000076 53.606577339000069)","Unfall 185013 (2020) Kat:2, Licht: 0","185013","2","4","6","02","13","7","0","0","1","0","1","0"
"POINT (9.797792989000072 53.582080167000072)","Unfall 185014 (2020) Kat:3, Licht: 0","185014","3","3","5","02","12","4","1","0","0","1","0","0"
"POINT (10.028020248000075 53.533779133000053)","Unfall 185015 (2020) Kat:3, Licht: 0","185015","3","6","2","01","09","5","1","0","0","1","0","0"
"POINT (9.827574211000069 53.566895297000030)","Unfall 185016 (2020) Kat:2, Licht: 2","185016","2","4","6","01","19","3","2","2","0","1","1","0"
"POINT (10.055144276000021 53.568673748000037)","Unfall 185017 (2020) Kat:3, Licht: 1","185017","3","6","2","02","07","5","1","1","1","1","0","0"
"POINT (9.942231839000044 53.596026064000057)","Unfall 185018 (2020) Kat:3, Licht: 0","185018","3","3","5","02","16","6","0","0","0","1","0","0"
"POINT (9.859865988000024 53.594972487000064)","Unfall 185019 (2020) Kat:3, Licht: 2","185019","3","3","5","01","17","3","1","2","1","1","0","0"
"POINT (9.960204742000030 53.627411967000057)","Unfall 185020 (2020) Kat:3, Licht: 0","185020","3","6","2","02","12","3","1","0","0","1","0","0"
"POINT (9.947150126000054 53.551443068000026)","Unfall 185021 (2020) Kat:3, Licht: 2","185021","3","3","5","02","18","5","1","2","1","1","0","0"
"POINT (10.041372948000060 53.647739778000073)","Unfall 185022 (2020) Kat:3, Licht: 2","185022","3","2","5","02","22","7","1","2","0","1","0","0"
"POINT (9.846418404000076 53.563713047000078)","Unfall 185023 (2020) Kat:3, Licht: 2","185023","3","4","6","02","18","5","1","2","0","1","1","0"
"POINT (10.028789646000064 53.576116200000058)","Unfall 185024 (2020) Kat:3, Licht: 0","185024","3","7","0","02","13","1","0","0","0","1","0","0"
"POINT (10.012396880000040 53.558262698000078)","Unfall 185025 (2020) Kat:3, Licht: 0","185025","3","5","1","02","13","7","0","0","0","1","0","0"
"POINT (9.993998175000058 53.557568134000064)","Unfall 185026 (2020) Kat:3, Licht: 0","185026","3","6","2","02","14","4","1","0","0","1","0","0"
"POINT (10.035267551000061 53.575149959000044)","Unfall 185027 (2020) Kat:3, Licht: 2","185027","3","3","5","01","06","5","1","2","1","1","0","0"
"POINT (9.898623047000058 53.592857190000075)","Unfall 185028 (2020) Kat:3, Licht: 2","185028","3","2","3","01","07","3","1","2","0","1","0","0"
"POINT (10.156582026000024 53.603745671000070)","Unfall 185029 (2020) Kat:3, Licht: 0","185029","3","3","5","02","15","4","0","0","0","1","0","0"
"POINT (9.857636675000038 53.474484360000076)","Unfall 185030 (2020) Kat:3, Licht: 1","185030","3","3","5","02","16","5","1","1","0","1","0","0"
"POINT (9.950177442000040 53.640336965000074)","Unfall 185031 (2020) Kat:3, Licht: 2","185031","3","2","6","01","17","3","1","2","0","1","1","0"
"POINT (10.093653921000055 53.532919052000068)","Unfall 185032 (2020) Kat:3, Licht: 0","185032","3","7","6","02","11","2","1","0","1","0","1","0"
"POINT (9.900377228000025 53.610595959000079)","Unfall 185033 (2020) Kat:3, Licht: 1","185033","3","3","5","02","06","2","1","1","0","1","0","0"
"POINT (9.986324141000068 53.581264891000046)","Unfall 185034 (2020) Kat:3, Licht: 1","185034","3","7","0","02","07","5","2","1","1","0","0","0"
"POINT (9.972131269000045 53.598542567000038)","Unfall 185035 (2020) Kat:3, Licht: 2","185035","3","3","5","02","18","7","0","2","1","1","0","0"
"POINT (9.955060450000076 53.549739508000073)","Unfall 185036 (2020) Kat:3, Licht: 2","185036","3","6","2","02","21","6","0","2","0","1","0","0"
"POINT (9.973556364000046 53.580555705000052)","Unfall 185037 (2020) Kat:3, Licht: 0","185037","3","7","0","02","14","3","1","0","0","0","0","0"
"POINT (9.981610181000065 53.605875562000051)","Unfall 185038 (2020) Kat:2, Licht: 2","185038","2","3","5","01","18","3","1","2","1","1","0","0"
"POINT (10.066110622000053 53.597847984000055)","Unfall 185039 (2020) Kat:3, Licht: 0","185039","3","3","5","01","13","4","1","0","0","1","0","0"
"POINT (9.878771100000051 53.584659307000038)","Unfall 185040 (2020) Kat:3, Licht: 0","185040","3","3","5","02","16","4","0","0","0","1","0","0"
"POINT (10.086004246000073 53.645069351000075)","Unfall 185041 (2020) Kat:1, Licht: 2","185041","1","4","6","02","17","6","0","2","0","1","1","0"
"POINT (10.074779457000034 53.611925673000030)","Unfall 185042 (2020) Kat:2, Licht: 0","185042","2","7","6","02","13","3","0","0","1","0","1","0"
"POINT (9.946475194000072 53.553666923000037)","Unfall 185043 (2020) Kat:3, Licht: 1","185043","3","2","6","01","18","3","1","1","0","0","1","0"
"POINT (10.132041741000023 53.673522436000042)","Unfall 185044 (2020) Kat:3, Licht: 2","185044","3","7","6","01","05","4","1","2","0","1","1","0"
"POINT (10.040471150000030 53.570242888000053)","Unfall 185045 (2020) Kat:2, Licht: 0","185045","2","2","3","02","13","4","0","0","0","1","0","1"
"POINT (10.150046173000021 53.526040470000055)","Unfall 185046 (2020) Kat:3, Licht: 0","185046","3","4","6","02","08","5","0","0","0","0","1","0"
"POINT (10.065910729000052 53.585144480000054)","Unfall 185047 (2020) Kat:3, Licht: 0","185047","3","3","5","02","14","2","1","0","0","1","0","0"
"POINT (10.004075733000036 53.505789870000058)","Unfall 185048 (2020) Kat:3, Licht: 2","185048","3","6","2","02","18","1","1","2","0","1","0","0"
"POINT (10.025847517000045 53.556215767000026)","Unfall 185049 (2020) Kat:3, Licht: 0","185049","3","1","0","02","07","5","1","0","1","0","0","0"
"POINT (9.906816588000027 53.616302908000080)","Unfall 185050 (2020) Kat:3, Licht: 0","185050","3","2","4","01","13","5","1","0","1","1","0","0"
"POINT (10.116489921000039 53.583798034000040)","Unfall 185051 (2020) Kat:3, Licht: 1","185051","3","2","3","01","15","6","0","1","1","0","0","0"
"POINT (9.976639585000044 53.557478259000050)","Unfall 185052 (2020) Kat:2, Licht: 0","185052","2","2","3","02","09","6","0","0","1","1","0","0"
"POINT (9.994234937000044 53.541448044000049)","Unfall 185053 (2020) Kat:3, Licht: 0","185053","3","4","6","02","16","3","1","0","0","1","1","0"
"POINT (9.949715307000076 53.557744382000067)","Unfall 185054 (2020) Kat:3, Licht: 2","185054","3","6","2","01","19","3","1","2","0","1","0","0"
"POINT (10.011969501000067 53.667581501000029)","Unfall 185055 (2020) Kat:3, Licht: 2","185055","3","3","5","01","07","4","1","2","1","1","0","0"
"POINT (9.985723779000068 53.551051602000030)","Unfall 185056 (2020) Kat:3, Licht: 0","185056","3","2","5","02","09","4","0","0","1","1","0","0"
"POINT (10.086270674000048 53.577560200000050)","Unfall 185057 (2020) Kat:3, Licht: 0","185057","3","6","2","02","15","5","1","0","0","1","0","0"
"POINT (9.896520163000048 53.625111572000037)","Unfall 185058 (2020) Kat:3, Licht: 0","185058","3","3","5","01","10","5","1","0","0","1","0","0"
"POINT (9.961585922000040 53.564142404000052)","Unfall 185059 (2020) Kat:3, Licht: 0","185059","3","6","2","02","15","2","0","0","0","1","0","0"
"POINT (10.124849621000067 53.586113950000026)","Unfall 185060 (2020) Kat:3, Licht: 0","185060","3","2","5","02","11","7","0","0","0","1","0","0"
"POINT (10.029646972000023 53.586171040000067)","Unfall 185061 (2020) Kat:3, Licht: 0","185061","3","3","5","02","12","4","1","0","0","1","0","0"
"POINT (10.022673530000077 53.550992898000061)","Unfall 185062 (2020) Kat:3, Licht: 1","185062","3","6","2","02","17","5","1","1","0","1","0","0"
"POINT (9.945712174000050 53.579416489000039)","Unfall 185063 (2020) Kat:3, Licht: 0","185063","3","6","2","01","12","5","1","0","1","1","0","0"
"POINT (10.043017951000024 53.563608188000046)","Unfall 185064 (2020) Kat:3, Licht: 0","185064","3","3","5","02","16","2","0","0","1","0","0","0"
"POINT (9.945371374000047 53.593586468000069)","Unfall 185065 (2020) Kat:3, Licht: 2","185065","3","1","9","02","03","1","0","2","0","1","0","0"
"POINT (10.003535531000068 53.502166874000068)","Unfall 185066 (2020) Kat:3, Licht: 0","185066","3","6","2","02","12","4","1","0","0","1","0","0"
"POINT (9.954342796000049 53.549713846000031)","Unfall 185067 (2020) Kat:3, Licht: 2","185067","3","7","3","01","17","3","1","2","0","1","0","1"
"POINT (10.033675596000023 53.620172409000077)","Unfall 185068 (2020) Kat:3, Licht: 0","185068","3","2","1","01","08","6","1","0","0","1","0","0"
"POINT (9.928556636000053 53.555179932000044)","Unfall 185069 (2020) Kat:2, Licht: 2","185069","2","7","6","01","00","3","1","2","0","0","1","0"
"POINT (10.184210083000039 53.607198636000078)","Unfall 185070 (2020) Kat:3, Licht: 2","185070","3","6","2","02","06","5","0","2","0","1","0","0"