WKT,Name,OBJECTID,UKATEGORIE,UTYP1,UART,UMONAT,USTUNDE,UWOCHENTAG,STRZUSTAND,ULICHTVERH,ISTRAD,ISTPKW,ISTFUSS,ISTKRAD
"POINT (9.987735628000053 53.439121999000065)","Unfall 185071 (2020) Kat:3, Licht: 0","185071","3","3","5","02","10","2","1","0","0","1","0","0"
"POINT (9.964177492000033 53.558111852000081)","Unfall 185072 (2020) Kat:3, Licht: 2","185072","3","4","6","01","17","3","1","2","0","1","1","0"
"POINT (10.124366635000058 53.587889374000042)","Unfall 185073 (2020) Kat:3, Licht: 0","185073","3","2","3","02","12","3","1","0","1","1","0","0"
"POINT (9.987828916000069 53.649438711000073)","Unfall 185074 (2020) Kat:3, Licht: 2","185074","3","2","3","02","18","5","1","2","1","1","0","0"
"POINT (9.952374660000032 53.545352475000072)","Unfall 185075 (2020) Kat:3, Licht: 0","185075","3","3","5","01","09","5","1","0","1","1","0","0"
"POINT (10.117031569000062 53.649408037000057)","Unfall 185076 (2020) Kat:3, Licht: 2","185076","3","2","6","02","18","1","1","2","0","1","1","0"
"POINT (9.757685135000031 53.570919848000074)","Unfall 185077 (2020) Kat:3, Licht: 0","185077","3","3","5","02","11","7","0","0","0","1","0","0"
"POINT (9.875246409000056 53.589236906000053)","Unfall 185078 (2020) Kat:3, Licht: 0","185078","3","2","0","02","08","4","1","0","1","1","0","0"
"POINT (10.131354451000050 53.623500804000059)","Unfall 185079 (2020) Kat:3, Licht: 2","185079","3","4","6","01","19","5","0","2","0","0","1","0"
"POINT (9.964596428000050 53.549682793000045)","Unfall 185080 (2020) Kat:3, Licht: 2","185080","3","6","2","01","16","3","1","2","0","1","0","0"
"POINT (9.924463717000037 53.521133894000059)","Unfall 185081 (2020) Kat:3, Licht: 1","185081","3","6","2","02","05","5","0","1","0","0","0","0"
"POINT (9.944561522000072 53.565187721000029)","Unfall 185082 (2020) Kat:3, Licht: 2","185082","3","2","4","01","19","6","1","2","0","1","0","0"
"POINT (9.989550828000063 53.548367280000036)","Unfall 185083 (2020) Kat:3, Licht: 0","185083","3","6","3","01","15","3","1","0","1","0","0","0"
"POINT (10.018297807000067 53.643145442000048)","Unfall 185084 (2020) Kat:3, Licht: 0","185084","3","3","5","02","15","5","0","0","0","1","0","0"
"POINT (10.092211717000055 53.587613739000062)","Unfall 185085 (2020) Kat:3, Licht: 0","185085","3","7","8","02","10","2","1","0","0","1","0","0"
"POINT (10.078639906000035 53.584649379000041)","Unfall 185086 (2020) Kat:3, Licht: 2","185086","3","7","0","02","21","6","0","2","1","1","0","0"
"POINT (10.015199068000072 53.554870149000067)","Unfall 185087 (2020) Kat:3, Licht: 1","185087","3","4","6","01","16","3","1","1","0","1","1","0"
"POINT (10.043112981000036 53.589904052000065)","Unfall 185088 (2020) Kat:3, Licht: 2","185088","3","3","5","02","16","3","1","2","1","1","0","0"
"POINT (9.955996185000060 53.622550030000070)","Unfall 185089 (2020) Kat:3, Licht: 0","185089","3","2","5","02","11","5","1","0","1","1","0","0"
"POINT (9.988797545000068 53.566347466000082)","Unfall 185090 (2020) Kat:3, Licht: 1","185090","3","2","5","01","19","5","0","1","0","1","0","0"
"POINT (9.811479610000049 53.517659870000045)","Unfall 185091 (2020) Kat:3, Licht: 2","185091","3","6","4","02","18","7","1","2","0","1","0","1"
"POINT (10.107137070000022 53.547576216000039)","Unfall 185092 (2020) Kat:3, Licht: 1","185092","3","2","4","02","23","6","0","1","0","1","0","0"
"POINT (10.205753079000033 53.495183280000049)","Unfall 185093 (2020) Kat:3, Licht: 2","185093","3","5","1","02","17","3","1","2","0","1","0","0"
"POINT (9.976880255000026 53.455406077000077)","Unfall 185094 (2020) Kat:3, Licht: 2","185094","3","2","6","01","19","2","1","2","0","1","1","0"
"POINT (10.019117002000030 53.623694241000067)","Unfall 185095 (2020) Kat:2, Licht: 2","185095","2","2","6","01","06","4","1","2","0","1","1","0"
"POINT (10.096625829000061 53.690075073000060)","Unfall 185096 (2020) Kat:3, Licht: 2","185096","3","4","6","02","19","4","0","2","0","1","1","0"
"POINT (9.981876658000033 53.521060711000075)","Unfall 185097 (2020) Kat:3, Licht: 0","185097","3","2","4","02","08","5","0","0","1","0","0","0"
"POINT (10.107119154000031 53.547621835000029)","Unfall 185098 (2020) Kat:3, Licht: 2","185098","3","2","4","01","07","2","1","2","1","1","0","0"
"POINT (10.121775625000055 53.566102110000031)","Unfall 185099 (2020) Kat:3, Licht: 0","185099","3","6","2","02","11","2","1","0","0","1","0","1"
"POINT (9.983993101000067 53.595663642000034)","Unfall 185100 (2020) Kat:3, Licht: 0","185100","3","6","2","02","13","2","1","0","0","1","0","0"
"POINT (10.007507175000057 53.558682525000052)","Unfall 185101 (2020) Kat:2, Licht: 1","185101","2","6","2","02","17","5","1","1","0","1","0","0"
"POINT (9.935117295000055 53.551839082000072)","Unfall 185102 (2020) Kat:3, Licht: 2","185102","3","5","1","02","21","6","0","2","0","0","0","0"
"POINT (10.086724137000033 53.552085625000075)","Unfall 185103 (2020) Kat:2, Licht: 0","185103","2","2","5","01","08","2","1","0","0","1","0","1"
"POINT (9.975725330000046 53.578695495000034)","Unfall 185104 (2020) Kat:3, Licht: 0","185104","3","1","9","02","10","3","1","0","0","1","0","0"
"POINT (10.039423271000032 53.641820946000053)","Unfall 185105 (2020) Kat:2, Licht: 0","185105","2","5","1","02","10","2","1","0","1","1","0","0"
"POINT (9.918125617000044 53.548441073000049)","Unfall 185106 (2020) Kat:3, Licht: 0","185106","3","6","2","02","14","5","1","0","0","1","0","0"
"POINT (10.026731378000022 53.649972917000071)","Unfall 185107 (2020) Kat:3, Licht: 0","185107","3","6","2","02","13","7","1","0","0","1","0","0"
"POINT (10.000538882000058 53.580794912000044)","Unfall 185108 (2020) Kat:3, Licht: 2","185108","3","3","5","02","19","6","0","2","1","1","0","0"
"POINT (10.009750749000034 53.648512933000063)","Unfall 185109 (2020) Kat:3, Licht: 0","185109","3","6","2","02","13","3","1","0","0","1","0","0"
"POINT (10.099085856000045 53.611691908000068)","Unfall 185110 (2020) Kat:3, Licht: 0","185110","3","3","0","01","12","2","1","0","0","1","0","0"
"POINT (10.041761453000049 53.584348202000058)","Unfall 185111 (2020) Kat:3, Licht: 2","185111","3","7","0","01","19","4","1","2","1","0","0","0"
"POINT (10.046577482000032 53.583172698000055)","Unfall 185112 (2020) Kat:3, Licht: 0","185112","3","6","2","02","09","4","0","0","0","1","0","0"
"POINT (10.111016540000037 53.536425388000055)","Unfall 185113 (2020) Kat:2, Licht: 0","185113","2","7","0","02","16","5","1","0","0","1","0","0"
"POINT (9.960881706000066 53.556573286000059)","Unfall 185114 (2020) Kat:3, Licht: 0","185114","3","3","5","01","09","5","1","0","1","1","0","0"
"POINT (10.078605802000027 53.572728508000068)","Unfall 185115 (2020) Kat:3, Licht: 0","185115","3","4","6","02","13","2","1","0","0","1","1","0"
"POINT (10.132773108000038 53.547148353000068)","Unfall 185116 (2020) Kat:3, Licht: 2","185116","3","3","5","02","18","1","1","2","0","1","0","0"
"POINT (9.850567377000061 53.468989452000073)","Unfall 185117 (2020) Kat:3, Licht: 0","185117","3","4","6","02","07","4","1","0","0","1","1","0"
"POINT (10.001866557000028 53.557170437000082)","Unfall 185118 (2020) Kat:3, Licht: 0","185118","3","6","2","01","08","5","1","0","0","1","0","0"
"POINT (10.085889201000043 53.628417889000048)","Unfall 185119 (2020) Kat:3, Licht: 1","185119","3","3","5","01","16","6","0","1","1","1","0","0"
"POINT (10.092522466000048 53.543399896000039)","Unfall 185120 (2020) Kat:3, Licht: 2","185120","3","6","3","02","20","5","0","2","0","1","0","1"
"POINT (10.001645583000027 53.544095243000072)","Unfall 185121 (2020) Kat:3, Licht: 0","185121","3","7","5","02","15","3","1","0","0","1","0","1"
"POINT (9.955767203000050 53.551421113000060)","Unfall 185122 (2020) Kat:3, Licht: 2","185122","3","6","2","02","18","7","1","2","0","1","0","0"
"POINT (9.977241724000066 53.564256443000033)","Unfall 185123 (2020) Kat:3, Licht: 2","185123","3","2","4","02","21","6","0","2","0","1","0","0"
"POINT (9.994489612000052 53.564635328000065)","Unfall 185124 (2020) Kat:3, Licht: 0","185124","3","4","6","02","14","3","1","0","0","1","1","0"
"POINT (10.124721620000059 53.586070751000079)","Unfall 185125 (2020) Kat:3, Licht: 0","185125","3","3","5","01","07","2","1","0","0","1","0","0"
"POINT (10.055565960000024 53.591248419000067)","Unfall 185126 (2020) Kat:3, Licht: 0","185126","3","6","2","01","13","4","1","0","0","1","0","0"
"POINT (9.946152375000054 53.549719461000052)","Unfall 185127 (2020) Kat:3, Licht: 0","185127","3","5","1","02","14","4","0","0","0","1","0","0"
"POINT (10.126739057000066 53.581974433000028)","Unfall 185128 (2020) Kat:2, Licht: 2","185128","2","2","6","02","20","5","1","2","0","1","1","0"
"POINT (9.904108456000074 53.592705440000032)","Unfall 185129 (2020) Kat:3, Licht: 0","185129","3","2","3","02","08","2","1","0","1","1","0","0"
"POINT (9.883492189000037 53.478435468000043)","Unfall 185130 (2020) Kat:3, Licht: 2","185130","3","3","0","02","22","7","0","2","1","0","0","0"
"POINT (10.206179000000077 53.477166549000060)","Unfall 185131 (2020) Kat:3, Licht: 0","185131","3","3","5","02","14","4","1","0","0","1","0","0"
"POINT (10.075325949000046 53.613022270000045)","Unfall 185132 (2020) Kat:2, Licht: 2","185132","2","3","5","01","19","2","1","2","0","1","0","0"
"POINT (9.862307984000040 53.570001845000036)","Unfall 185133 (2020) Kat:3, Licht: 2","185133","3","4","6","01","19","6","1","2","0","1","1","0"
"POINT (10.013168685000039 53.627767909000056)","Unfall 185134 (2020) Kat:3, Licht: 1","185134","3","3","6","01","07","2","1","1","0","1","1","0"
"POINT (10.158487208000054 53.653686138000069)","Unfall 185135 (2020) Kat:3, Licht: 0","185135","3","6","2","02","09","5","0","0","0","1","0","0"
"POINT (10.070196728000042 53.573366167000074)","Unfall 185136 (2020) Kat:3, Licht: 0","185136","3","6","2","02","13","2","1","0","0","1","0","0"
"POINT (10.003436702000045 53.586208350000049)","Unfall 185137 (2020) Kat:3, Licht: 0","185137","3","3","5","01","09","2","1","0","1","1","0","0"
"POINT (10.073495397000045 53.610000488000082)","Unfall 185138 (2020) Kat:3, Licht: 0","185138","3","2","3","02","14","3","1","0","1","1","0","0"
"POINT (10.061281440000073 53.588825219000057)","Unfall 185139 (2020) Kat:2, Licht: 2","185139","2","3","6","02","18","5","1","2","0","1","1","0"
"POINT (10.013271563000046 53.552452436000067)","Unfall 185140 (2020) Kat:3, Licht: 1","185140","3","3","5","01","07","5","1","1","0","1","0","0"
"POINT (10.044930934000035 53.569263097000032)","Unfall 185141 (2020) Kat:3, Licht: 2","185141","3","6","3","02","16","1","1","2","0","1","0","0"
"POINT (10.036942182000075 53.597202242000037)","Unfall 185142 (2020) Kat:3, Licht: 2","185142","3","5","1","01","06","2","1","2","1","1","0","0"
"POINT (10.185508976000051 53.510382425000046)","Unfall 185143 (2020) Kat:3, Licht: 0","185143","3","4","6","02","12","3","1","0","0","1","1","0"
"POINT (10.073891620000040 53.594567380000058)","Unfall 185144 (2020) Kat:3, Licht: 0","185144","3","3","5","02","10","5","1","0","0","1","0","0"
"POINT (10.008809120000024 53.555579994000027)","Unfall 185145 (2020) Kat:3, Licht: 1","185145","3","3","5","02","16","2","1","1","1","1","0","0"
"POINT (10.006634810000037 53.599490279000065)","Unfall 185146 (2020) Kat:3, Licht: 0","185146","3","6","6","02","14","7","0","0","1","0","1","0"
"POINT (10.015487237000059 53.569504550000033)","Unfall 185147 (2020) Kat:2, Licht: 2","185147","2","6","3","02","20","4","1","2","1","1","0","0"
"POINT (10.091133582000055 53.544205970000064)","Unfall 185148 (2020) Kat:3, Licht: 0","185148","3","6","2","01","13","5","0","0","0","1","0","0"
"POINT (9.918252630000040 53.571107567000070)","Unfall 185149 (2020) Kat:3, Licht: 0","185149","3","6","2","01","13","2","1","0","0","1","0","0"
"POINT (10.036067630000048 53.639859851000040)","Unfall 185150 (2020) Kat:3, Licht: 0","185150","3","4","6","02","08","5","0","0","0","1","1","0"
"POINT (10.071375098000033 53.608673441000064)","Unfall 185151 (2020) Kat:3, Licht: 2","185151","3","6","2","02","21","2","1","2","0","1","0","0"
"POINT (10.032574071000056 53.572846148000053)","Unfall 185152 (2020) Kat:2, Licht: 0","185152","2","3","6","02","14","6","0","0","0","1","1","0"
"POINT (9.942142607000051 53.577269175000026)","Unfall 185153 (2020) Kat:3, Licht: 2","185153","3","3","0","01","19","2","1","2","1","1","0","0"
"POINT (9.826294687000029 53.563886417000049)","Unfall 185154 (2020) Kat:3, Licht: 2","185154","3","3","5","02","17","3","0","2","1","1","0","0"
"POINT (9.947790265000037 53.582356687000072)","Unfall 185155 (2020) Kat:2, Licht: 1","185155","2","7","0","02","07","5","1","1","1","0","0","0"
"POINT (10.059311905000072 53.593772055000045)","Unfall 185156 (2020) Kat:3, Licht: 2","185156","3","6","1","02","18","7","1","2","0","1","0","0"
"POINT (10.124731697000072 53.570965715000057)","Unfall 185157 (2020) Kat:3, Licht: 2","185157","3","2","5","02","18","6","0","2","0","1","0","0"
"POINT (10.098961172000031 53.576075315000082)","Unfall 185158 (2020) Kat:3, Licht: 0","185158","3","7","1","02","14","3","1","0","0","0","0","0"
"POINT (9.960456848000035 53.549452793000057)","Unfall 185159 (2020) Kat:3, Licht: 2","185159","3","7","2","01","18","2","0","2","0","1","0","0"
"POINT (10.007714643000043 53.554969882000080)","Unfall 185160 (2020) Kat:3, Licht: 0","185160","3","4","6","02","09","7","0","0","0","0","1","1"
"POINT (9.960625219000065 53.627556809000055)","Unfall 185161 (2020) Kat:3, Licht: 0","185161","3","4","6","02","15","4","0","0","0","1","1","0"
"POINT (10.025073098000064 53.569055373000026)","Unfall 185162 (2020) Kat:3, Licht: 2","185162","3","4","6","01","18","5","0","2","1","0","1","0"
"POINT (9.964029530000062 53.551090842000065)","Unfall 185163 (2020) Kat:2, Licht: 2","185163","2","4","6","01","00","2","0","2","0","1","1","0"
"POINT (9.989978590000021 53.439537005000034)","Unfall 185164 (2020) Kat:3, Licht: 0","185164","3","7","6","02","13","4","0","0","0","1","1","0"
"POINT (9.974142829000073 53.549244994000048)","Unfall 185165 (2020) Kat:3, Licht: 0","185165","3","3","5","02","09","6","1","0","0","1","0","0"
"POINT (9.989335200000028 53.548358459000042)","Unfall 185166 (2020) Kat:3, Licht: 0","185166","3","6","3","01","13","2","1","0","1","1","0","0"
"POINT (10.207351432000053 53.480033004000063)","Unfall 185167 (2020) Kat:3, Licht: 0","185167","3","3","5","02","16","2","1","0","1","1","0","0"
"POINT (10.056079869000030 53.591586717000041)","Unfall 185168 (2020) Kat:3, Licht: 2","185168","3","2","6","02","22","2","1","2","0","1","1","0"
"POINT (9.946933601000069 53.549439649000078)","Unfall 185169 (2020) Kat:3, Licht: 1","185169","3","7","0","02","06","5","2","1","0","0","0","1"
"POINT (9.966721624000059 53.436536562000072)","Unfall 185170 (2020) Kat:3, Licht: 0","185170","3","6","2","01","15","4","1","0","0","1","0","0"
"POINT (9.906005171000061 53.613384849000056)","Unfall 185171 (2020) Kat:2, Licht: 0","185171","2","3","5","02","11","7","1","0","1","1","0","0"
"POINT (9.980467891000046 53.606394645000080)","Unfall 185172 (2020) Kat:3, Licht: 0","185172","3","6","2","02","12","6","0","0","0","1","0","0"
"POINT (9.906460914000036 53.585849405000033)","Unfall 185173 (2020) Kat:3, Licht: 1","185173","3","6","2","02","17","3","1","1","0","1","0","0"
"POINT (10.019236177000039 53.553003026000056)","Unfall 185174 (2020) Kat:3, Licht: 0","185174","3","2","3","01","13","2","1","0","1","0","0","0"
"POINT (9.918882135000047 53.574423503000048)","Unfall 185175 (2020) Kat:3, Licht: 0","185175","3","3","5","01","14","4","1","0","0","1","0","0"
"POINT (9.850331257000050 53.564975631000038)","Unfall 185176 (2020) Kat:2, Licht: 0","185176","2","7","0","02","16","4","0","0","1","0","0","0"
"POINT (10.043116109000039 53.542155478000041)","Unfall 185177 (2020) Kat:3, Licht: 2","185177","3","6","2","02","17","5","1","2","0","1","0","0"
"POINT (10.010308838000071 53.611719947000040)","Unfall 185178 (2020) Kat:3, Licht: 0","185178","3","3","5","02","16","2","1","0","0","1","0","0"
"POINT (9.947316771000033 53.594072369000060)","Unfall 185179 (2020) Kat:3, Licht: 0","185179","3","6","1","01","14","4","1","0","0","1","0","0"
"POINT (10.044489109000040 53.582057000000077)","Unfall 185180 (2020) Kat:3, Licht: 2","185180","3","2","0","02","17","4","0","2","1","1","0","0"
"POINT (10.166057639000030 53.514374524000061)","Unfall 185181 (2020) Kat:3, Licht: 0","185181","3","3","5","02","07","5","2","0","1","1","0","0"
"POINT (10.145819497000048 53.594303550000063)","Unfall 185182 (2020) Kat:3, Licht: 1","185182","3","2","5","02","07","2","1","1","1","1","0","0"
"POINT (9.962146551000046 53.554109895000067)","Unfall 185183 (2020) Kat:3, Licht: 0","185183","3","3","0","02","08","2","1","0","1","1","0","0"
"POINT (10.003284383000050 53.557360874000040)","Unfall 185184 (2020) Kat:3, Licht: 0","185184","3","6","2","02","10","5","1","0","0","1","0","0"
"POINT (10.045843266000077 53.548358551000035)","Unfall 185185 (2020) Kat:3, Licht: 0","185185","3","3","5","01","09","6","0","0","1","0","0","0"
"POINT (9.968125548000046 53.566720156000031)","Unfall 185186 (2020) Kat:3, Licht: 0","185186","3","6","3","02","08","6","0","0","1","0","0","0"
"POINT (9.965539121000063 53.564180342000043)","Unfall 185187 (2020) Kat:3, Licht: 0","185187","3","7","0","02","15","3","1","0","1","0","0","0"
"POINT (9.984885343000030 53.456954049000046)","Unfall 185188 (2020) Kat:3, Licht: 0","185188","3","7","0","01","15","1","0","0","0","1","1","0"
"POINT (9.945691930000066 53.579399102000082)","Unfall 185189 (2020) Kat:3, Licht: 2","185189","3","3","5","01","06","4","1","2","1","1","0","0"
"POINT (9.983962078000047 53.557689596000046)","Unfall 185190 (2020) Kat:3, Licht: 2","185190","3","2","3","02","20","4","0","2","0","1","0","0"
"POINT (10.061961954000026 53.568910512000059)","Unfall 185191 (2020) Kat:3, Licht: 2","185191","3","2","6","02","18","5","1","2","0","1","1","0"
"POINT (9.949330483000040 53.576487582000027)","Unfall 185192 (2020) Kat:3, Licht: 0","185192","3","1","8","02","14","2","1","0","0","1","0","0"
"POINT (10.134381351000059 53.550808289000031)","Unfall 185193 (2020) Kat:3, Licht: 2","185193","3","1","8","02","23","7","1","2","0","1","0","0"
"POINT (10.130421283000032 53.672725771000046)","Unfall 185194 (2020) Kat:3, Licht: 2","185194","3","6","2","02","06","4","1","2","0","1","0","0"
"POINT (9.962850128000071 53.581079094000074)","Unfall 185195 (2020) Kat:3, Licht: 0","185195","3","3","5","01","15","6","0","0","1","1","0","0"
"POINT (10.182479587000046 53.491828138000074)","Unfall 185196 (2020) Kat:3, Licht: 2","185196","3","1","8","01","03","1","1","2","0","1","0","0"
"POINT (10.094395593000058 53.656328478000034)","Unfall 185197 (2020) Kat:3, Licht: 2","185197","3","6","2","02","18","5","0","2","0","1","0","0"
"POINT (10.057288679000067 53.579936459000066)","Unfall 185198 (2020) Kat:3, Licht: 2","185198","3","2","6","02","07","2","1","2","0","1","1","0"
"POINT (10.079445890000045 53.648338167000077)","Unfall 185199 (2020) Kat:3, Licht: 0","185199","3","4","6","02","12","1","0","0","0","0","1","0"
"POINT (9.986051240000052 53.505579743000055)","Unfall 185200 (2020) Kat:3, Licht: 0","185200","3","3","0","02","15","4","1","0","0","1","0","0"
"POINT (10.124751708000076 53.586080617000050)","Unfall 185201 (2020) Kat:3, Licht: 2","185201","3","2","4","01","18","1","0","2","0","1","0","0"
"POINT (10.005467430000067 53.617789918000028)","Unfall 185202 (2020) Kat:3, Licht: 0","185202","3","3","5","01","15","6","0","0","1","1","0","0"
"POINT (10.113461223000058 53.616609184000026)","Unfall 185203 (2020) Kat:3, Licht: 2","185203","3","6","2","01","19","1","0","2","0","1","0","0"
"POINT (10.098579118000032 53.536273949000076)","Unfall 185204 (2020) Kat:3, Licht: 0","185204","3","6","2","02","09","5","0","0","0","1","0","0"
"POINT (9.991889492000041 53.460972868000056)","Unfall 185205 (2020) Kat:3, Licht: 0","185205","3","6","2","02","16","2","1","0","0","1","0","0"
"POINT (10.081397561000074 53.641907914000058)","Unfall 185206 (2020) Kat:3, Licht: 2","185206","3","7","1","01","17","1","0","2","0","1","0","0"
"POINT (10.053698908000058 53.555263688000082)","Unfall 185207 (2020) Kat:3, Licht: 2","185207","3","6","4","02","18","3","0","2","0","1","0","0"
"POINT (10.161321747000045 53.652219928000079)","Unfall 185208 (2020) Kat:3, Licht: 2","185208","3","2","6","02","17","5","1","2","0","1","1","0"
"POINT (10.078945664000059 53.572755608000080)","Unfall 185209 (2020) Kat:3, Licht: 2","185209","3","6","4","02","18","1","1","2","0","1","0","0"
"POINT (9.928093138000065 53.592198285000052)","Unfall 185210 (2020) Kat:3, Licht: 0","185210","3","3","5","02","12","7","0","0","0","1","0","1"
"POINT (9.905086872000027 53.559067310000046)","Unfall 185211 (2020) Kat:3, Licht: 0","185211","3","5","1","02","13","4","1","0","1","1","0","0"
"POINT (10.177458321000074 53.605857402000026)","Unfall 185212 (2020) Kat:3, Licht: 2","185212","3","4","6","01","16","5","1","2","0","1","1","0"
"POINT (9.948557787000027 53.561987605000070)","Unfall 185213 (2020) Kat:3, Licht: 0","185213","3","6","2","01","12","1","0","0","0","1","0","0"
"POINT (9.994091568000044 53.558321891000048)","Unfall 185214 (2020) Kat:3, Licht: 0","185214","3","6","2","02","15","5","0","0","0","1","0","0"
"POINT (9.830569111000045 53.560741731000064)","Unfall 185215 (2020) Kat:3, Licht: 2","185215","3","6","2","02","17","6","0","2","1","0","0","0"
"POINT (10.104102967000074 53.539161266000065)","Unfall 185216 (2020) Kat:3, Licht: 2","185216","3","6","2","01","20","7","0","2","0","1","0","0"
"POINT (9.943437362000054 53.576309482000056)","Unfall 185217 (2020) Kat:3, Licht: 2","185217","3","2","6","02","17","3","0","2","0","1","1","0"
"POINT (10.083031917000028 53.581419638000057)","Unfall 185218 (2020) Kat:3, Licht: 0","185218","3","3","5","02","08","6","1","0","0","1","0","0"
"POINT (10.138806548000048 53.541770032000045)","Unfall 185219 (2020) Kat:3, Licht: 2","185219","3","6","2","01","17","7","1","2","0","1","0","0"
"POINT (10.039678160000051 53.571126322000055)","Unfall 185220 (2020) Kat:3, Licht: 0","185220","3","6","2","02","16","3","0","0","0","1","0","0"
"POINT (9.841452223000033 53.571903974000065)","Unfall 185221 (2020) Kat:3, Licht: 0","185221","3","7","0","02","08","5","2","0","1","0","0","0"
"POINT (10.008390219000034 53.553629323000052)","Unfall 185222 (2020) Kat:3, Licht: 2","185222","3","4","6","02","20","1","0","2","0","1","1","0"
"POINT (9.969264910000049 53.446217533000038)","Unfall 185223 (2020) Kat:2, Licht: 0","185223","2","3","5","02","14","6","0","0","1","1","0","0"
"POINT (9.927452117000030 53.518326136000042)","Unfall 185224 (2020) Kat:3, Licht: 1","185224","3","6","3","02","06","4","1","1","0","1","0","0"
"POINT (10.049911166000072 53.591685587000029)","Unfall 185225 (2020) Kat:3, Licht: 0","185225","3","2","4","01","15","5","0","0","0","1","0","0"
"POINT (10.118439823000074 53.571013793000077)","Unfall 185226 (2020) Kat:3, Licht: 2","185226","3","7","3","01","18","7","1","2","0","1","0","0"
"POINT (10.081107377000023 53.619711872000039)","Unfall 185227 (2020) Kat:3, Licht: 0","185227","3","6","2","02","11","4","0","0","0","1","0","0"
"POINT (9.949776374000066 53.462771640000028)","Unfall 185228 (2020) Kat:2, Licht: 0","185228","2","4","6","02","16","5","1","0","0","1","1","0"
"POINT (10.126195826000071 53.670243758000026)","Unfall 185229 (2020) Kat:3, Licht: 0","185229","3","3","5","01","14","7","0","0","0","1","0","0"
"POINT (10.117824029000076 53.530010840000045)","Unfall 185230 (2020) Kat:3, Licht: 0","185230","3","6","4","02","16","2","1","0","0","1","0","0"
"POINT (9.986167688000023 53.615793475000032)","Unfall 185231 (2020) Kat:3, Licht: 0","185231","3","3","5","02","14","2","1","0","1","1","0","0"
"POINT (9.962638535000053 53.549234015000081)","Unfall 185232 (2020) Kat:3, Licht: 0","185232","3","7","0","02","08","5","2","0","1","0","0","0"
"POINT (9.956165282000029 53.581565115000046)","Unfall 185233 (2020) Kat:3, Licht: 0","185233","3","6","2","02","11","7","1","0","0","1","0","0"
"POINT (9.934584352000059 53.546362592000037)","Unfall 185234 (2020) Kat:3, Licht: 2","185234","3","2","5","02","05","6","1","2","0","1","0","0"
"POINT (9.986092822000046 53.581136562000040)","Unfall 185235 (2020) Kat:3, Licht: 0","185235","3","6","2","02","11","3","1","0","1","1","0","0"
"POINT (10.114108628000054 53.655653553000036)","Unfall 185236 (2020) Kat:3, Licht: 0","185236","3","7","0","02","12","2","1","0","1","0","0","0"
"POINT (9.955276588000061 53.549743914000032)","Unfall 185237 (2020) Kat:3, Licht: 2","185237","3","2","6","02","18","5","1","2","0","1","1","0"
"POINT (10.122975426000039 53.699641526000050)","Unfall 185238 (2020) Kat:3, Licht: 0","185238","3","3","5","02","11","7","1","0","0","1","0","1"
"POINT (9.993939747000070 53.599230076000026)","Unfall 185239 (2020) Kat:3, Licht: 0","185239","3","2","5","02","11","6","0","0","0","1","0","0"
"POINT (10.048025184000039 53.642911666000032)","Unfall 185240 (2020) Kat:3, Licht: 0","185240","3","3","5","02","12","3","1","0","0","1","0","0"
"POINT (9.969667155000025 53.625756908000028)","Unfall 185241 (2020) Kat:3, Licht: 2","185241","3","7","0","01","17","7","1","2","0","0","0","1"
"POINT (9.959129099000052 53.563345669000057)","Unfall 185242 (2020) Kat:3, Licht: 0","185242","3","6","2","01","16","4","1","0","0","1","0","0"
"POINT (10.036187098000028 53.575632928000061)","Unfall 185243 (2020) Kat:3, Licht: 2","185243","3","3","5","02","17","4","0","2","1","1","0","0"
"POINT (10.130191911000054 53.535440943000026)","Unfall 185244 (2020) Kat:3, Licht: 0","185244","3","1","0","02","06","5","2","0","0","1","0","0"
"POINT (9.963122626000029 53.468379680000055)","Unfall 185245 (2020) Kat:3, Licht: 1","185245","3","6","6","01","08","4","0","1","1","0","1","0"
"POINT (10.063652582000032 53.573237811000070)","Unfall 185246 (2020) Kat:3, Licht: 0","185246","3","3","5","02","12","2","1","0","1","1","0","0"
"POINT (9.993566540000074 53.517366762000051)","Unfall 185247 (2020) Kat:3, Licht: 0","185247","3","3","5","02","16","1","0","0","1","1","0","0"
"POINT (9.968840681000074 53.535428818000071)","Unfall 185248 (2020) Kat:3, Licht: 0","185248","3","3","5","02","16","5","1","0","1","0","0","0"
"POINT (10.185567347000074 53.487423139000043)","Unfall 185249 (2020) Kat:3, Licht: 1","185249","3","6","3","01","07","4","1","1","0","1","0","1"
"POINT (10.081286851000073 53.618807598000046)","Unfall 185250 (2020) Kat:3, Licht: 2","185250","3","7","5","01","17","6","0","2","0","1","0","0"
"POINT (9.969547129000034 53.499368906000029)","Unfall 185251 (2020) Kat:3, Licht: 0","185251","3","2","5","02","15","6","0","0","1","0","0","0"
"POINT (9.987919193000039 53.555427819000045)","Unfall 185252 (2020) Kat:3, Licht: 0","185252","3","4","6","02","15","3","1","0","0","1","1","0"
"POINT (9.981948682000052 53.586084781000068)","Unfall 185253 (2020) Kat:3, Licht: 0","185253","3","4","6","01","12","7","1","0","1","0","1","0"
"POINT (9.992996235000021 53.463130914000033)","Unfall 185254 (2020) Kat:3, Licht: 2","185254","3","6","2","02","19","3","0","2","0","1","0","0"
"POINT (10.069786789000034 53.603015195000069)","Unfall 185255 (2020) Kat:2, Licht: 1","185255","2","2","6","02","16","5","1","1","0","1","1","0"