WKT,Name,OBJECTID,UKATEGORIE,UTYP1,UART,UMONAT,USTUNDE,UWOCHENTAG,STRZUSTAND,ULICHTVERH,ISTRAD,ISTPKW,ISTFUSS,ISTKRAD
"POINT (10.217133719000060 53.494262716000037)","Unfall 185256 (2020) Kat:3, Licht: 0","185256","3","6","2","02","13","4","0","0","1","1","0","0"
"POINT (10.130199949000030 53.599577857000043)","Unfall 185257 (2020) Kat:2, Licht: 2","185257","2","2","6","02","18","4","1","2","0","1","1","0"
"POINT (10.102213894000045 53.580189955000037)","Unfall 185258 (2020) Kat:3, Licht: 0","185258","3","2","4","03","11","7","0","0","1","1","0","0"
"POINT (10.008857481000064 53.559262005000051)","Unfall 185259 (2020) Kat:3, Licht: 0","185259","3","6","2","03","11","3","1","0","0","1","0","0"
"POINT (10.011349121000023 53.483722236000062)","Unfall 185260 (2020) Kat:3, Licht: 0","185260","3","5","1","02","13","3","0","0","0","1","0","1"
"POINT (9.990145130000030 53.561152729000071)","Unfall 185261 (2020) Kat:3, Licht: 0","185261","3","4","6","03","08","5","0","0","0","0","1","0"
"POINT (9.991441338000072 53.500733222000065)","Unfall 185262 (2020) Kat:3, Licht: 0","185262","3","3","5","03","14","4","0","0","0","0","0","0"
"POINT (10.129392732000042 53.529873668000050)","Unfall 185263 (2020) Kat:2, Licht: 2","185263","2","2","6","02","19","3","1","2","0","1","1","0"
"POINT (10.137695651000058 53.593079040000077)","Unfall 185264 (2020) Kat:3, Licht: 0","185264","3","3","5","02","13","4","1","0","1","1","0","0"
"POINT (9.925907526000060 53.564969100000042)","Unfall 185265 (2020) Kat:3, Licht: 0","185265","3","3","5","02","16","6","0","0","1","1","0","0"
"POINT (10.105824755000071 53.651854194000066)","Unfall 185266 (2020) Kat:3, Licht: 0","185266","3","2","2","02","15","4","1","0","0","1","0","0"
"POINT (10.100535514000057 53.549509906000026)","Unfall 185267 (2020) Kat:3, Licht: 2","185267","3","2","6","03","20","2","1","2","0","1","1","0"
"POINT (10.096841937000022 53.556412695000063)","Unfall 185268 (2020) Kat:3, Licht: 0","185268","3","6","1","02","15","3","1","0","0","1","0","0"
"POINT (9.952328196000053 53.646188685000027)","Unfall 185269 (2020) Kat:3, Licht: 0","185269","3","3","5","02","15","4","0","0","1","1","0","0"
"POINT (10.022216589000038 53.567195171000037)","Unfall 185270 (2020) Kat:3, Licht: 0","185270","3","6","2","02","13","4","0","0","0","1","0","0"
"POINT (10.052139598000053 53.555320819000030)","Unfall 185271 (2020) Kat:3, Licht: 0","185271","3","2","2","03","16","6","1","0","0","1","0","0"
"POINT (10.134026062000032 53.590638670000033)","Unfall 185272 (2020) Kat:3, Licht: 0","185272","3","6","2","02","12","3","0","0","0","1","0","0"
"POINT (9.948925135000025 53.579543543000057)","Unfall 185273 (2020) Kat:3, Licht: 0","185273","3","3","5","03","13","4","0","0","1","1","0","0"
"POINT (9.882694929000024 53.593206422000037)","Unfall 185274 (2020) Kat:3, Licht: 0","185274","3","3","5","03","10","4","0","0","0","1","0","0"
"POINT (10.106792181000060 53.614912696000033)","Unfall 185275 (2020) Kat:3, Licht: 0","185275","3","4","6","02","08","3","0","0","0","1","1","0"
"POINT (10.169134170000063 53.630618369000047)","Unfall 185276 (2020) Kat:2, Licht: 0","185276","2","6","4","03","10","4","0","0","0","1","0","0"
"POINT (10.040470329000073 53.579721735000078)","Unfall 185277 (2020) Kat:3, Licht: 0","185277","3","6","2","03","12","4","0","0","0","1","0","0"
"POINT (10.157484351000051 53.614163510000026)","Unfall 185278 (2020) Kat:3, Licht: 0","185278","3","7","5","02","13","3","0","0","0","1","0","0"
"POINT (10.021157431000063 53.527461781000056)","Unfall 185279 (2020) Kat:3, Licht: 2","185279","3","1","1","02","06","5","1","2","0","1","0","0"
"POINT (10.044986980000033 53.596920194000063)","Unfall 185280 (2020) Kat:3, Licht: 2","185280","3","3","5","02","20","4","1","2","1","0","0","1"
"POINT (10.008087680000074 53.573517786000082)","Unfall 185281 (2020) Kat:3, Licht: 2","185281","3","7","6","03","19","2","1","2","0","1","1","0"
"POINT (10.154716549000057 53.612917526000047)","Unfall 185282 (2020) Kat:3, Licht: 0","185282","3","6","3","02","16","3","1","0","0","1","0","1"
"POINT (10.034958774000074 53.608159428000079)","Unfall 185283 (2020) Kat:3, Licht: 1","185283","3","2","6","02","16","3","1","1","0","1","1","0"
"POINT (9.901712702000054 53.609895646000041)","Unfall 185284 (2020) Kat:3, Licht: 0","185284","3","6","3","02","16","4","1","0","0","1","0","0"
"POINT (10.019117002000030 53.623694241000067)","Unfall 185285 (2020) Kat:3, Licht: 2","185285","3","2","6","03","06","6","1","2","0","1","1","0"
"POINT (10.099011241000028 53.655405980000069)","Unfall 185286 (2020) Kat:3, Licht: 2","185286","3","4","6","02","18","3","1","2","0","0","1","0"
"POINT (10.055536774000075 53.560942913000076)","Unfall 185287 (2020) Kat:3, Licht: 0","185287","3","2","2","03","15","3","1","0","0","1","0","0"
"POINT (10.016441298000075 53.649415516000033)","Unfall 185288 (2020) Kat:2, Licht: 0","185288","2","4","6","02","14","3","1","0","0","1","1","0"
"POINT (9.876765480000074 53.588977716000045)","Unfall 185289 (2020) Kat:3, Licht: 2","185289","3","6","3","02","05","5","1","2","0","1","0","0"
"POINT (9.915423321000048 53.591038761000050)","Unfall 185290 (2020) Kat:3, Licht: 1","185290","3","6","2","02","07","4","0","1","0","1","0","0"
"POINT (9.999436805000073 53.549124496000047)","Unfall 185291 (2020) Kat:3, Licht: 0","185291","3","5","1","03","13","2","0","0","1","1","0","0"
"POINT (9.976121217000070 53.507364258000052)","Unfall 185292 (2020) Kat:3, Licht: 0","185292","3","3","5","03","10","2","0","0","0","0","0","0"
"POINT (10.022414005000030 53.608944189000056)","Unfall 185293 (2020) Kat:2, Licht: 0","185293","2","7","0","02","08","3","0","0","1","0","0","0"
"POINT (9.917774129000065 53.640526986000054)","Unfall 185294 (2020) Kat:3, Licht: 0","185294","3","7","5","02","10","4","1","0","0","1","0","0"
"POINT (10.024815134000050 53.546779339000068)","Unfall 185295 (2020) Kat:3, Licht: 0","185295","3","7","5","02","14","5","0","0","0","1","0","0"
"POINT (9.975274471000034 53.598138132000031)","Unfall 185296 (2020) Kat:3, Licht: 0","185296","3","6","2","02","09","4","1","0","0","1","0","0"
"POINT (9.929541867000069 53.629305753000040)","Unfall 185297 (2020) Kat:3, Licht: 0","185297","3","2","4","03","15","2","1","0","0","1","0","0"
"POINT (10.024995397000055 53.609097726000073)","Unfall 185298 (2020) Kat:3, Licht: 0","185298","3","6","2","02","17","3","0","0","0","1","0","0"
"POINT (9.993703701000072 53.583662401000026)","Unfall 185299 (2020) Kat:3, Licht: 0","185299","3","3","5","02","14","4","1","0","0","1","0","0"
"POINT (9.917419654000071 53.548512789000029)","Unfall 185300 (2020) Kat:3, Licht: 0","185300","3","3","5","03","12","6","1","0","0","1","0","0"
"POINT (10.192030131000024 53.609393266000041)","Unfall 185301 (2020) Kat:3, Licht: 2","185301","3","7","0","03","05","5","1","2","1","0","0","0"
"POINT (9.865063730000031 53.556833050000080)","Unfall 185302 (2020) Kat:3, Licht: 0","185302","3","3","5","02","08","3","0","0","1","1","0","0"
"POINT (9.994103426000038 53.558850981000035)","Unfall 185303 (2020) Kat:3, Licht: 2","185303","3","3","5","02","01","7","1","2","1","1","0","0"
"POINT (10.085239790000060 53.659482847000049)","Unfall 185304 (2020) Kat:3, Licht: 1","185304","3","6","2","03","06","3","1","1","0","1","0","0"
"POINT (9.876340052000046 53.588190276000034)","Unfall 185305 (2020) Kat:1, Licht: 2","185305","1","7","4","02","21","3","1","2","0","1","0","0"
"POINT (9.989445535000073 53.439736636000077)","Unfall 185306 (2020) Kat:3, Licht: 0","185306","3","4","6","02","09","4","0","0","0","1","1","0"
"POINT (9.972641616000033 53.553804609000053)","Unfall 185307 (2020) Kat:3, Licht: 2","185307","3","1","9","02","02","4","1","2","0","1","0","0"
"POINT (9.960991606000050 53.461041349000027)","Unfall 185308 (2020) Kat:3, Licht: 0","185308","3","6","6","03","16","7","0","0","0","1","1","0"
"POINT (10.083347096000068 53.555070551000028)","Unfall 185309 (2020) Kat:3, Licht: 0","185309","3","3","5","03","15","2","0","0","0","1","0","0"
"POINT (9.873024114000032 53.591346026000053)","Unfall 185310 (2020) Kat:3, Licht: 2","185310","3","2","5","02","18","3","1","2","0","1","0","1"
"POINT (9.974425681000071 53.636923141000068)","Unfall 185311 (2020) Kat:3, Licht: 0","185311","3","5","1","03","14","5","0","0","1","1","0","0"
"POINT (9.983751852000069 53.557778751000058)","Unfall 185312 (2020) Kat:3, Licht: 2","185312","3","2","4","03","19","5","0","2","0","1","0","0"
"POINT (9.882513966000033 53.593142319000037)","Unfall 185313 (2020) Kat:3, Licht: 2","185313","3","7","3","02","05","3","0","2","0","1","0","0"
"POINT (10.013903893000077 53.497245346000057)","Unfall 185314 (2020) Kat:3, Licht: 0","185314","3","6","2","02","15","3","0","0","0","1","0","0"
"POINT (9.919785600000068 53.558939155000076)","Unfall 185315 (2020) Kat:3, Licht: 0","185315","3","6","2","02","15","7","0","0","0","1","0","0"
"POINT (10.041572927000061 53.647826270000053)","Unfall 185316 (2020) Kat:3, Licht: 2","185316","3","2","4","02","23","6","1","2","0","1","0","0"
"POINT (10.036197725000022 53.546922591000055)","Unfall 185317 (2020) Kat:2, Licht: 0","185317","2","7","0","03","14","5","0","0","0","0","0","1"
"POINT (9.829917800000033 53.582854330000032)","Unfall 185318 (2020) Kat:3, Licht: 0","185318","3","2","3","03","16","5","0","0","1","1","0","0"
"POINT (9.977224318000026 53.582247261000077)","Unfall 185319 (2020) Kat:3, Licht: 0","185319","3","6","2","02","14","3","1","0","0","1","0","0"
"POINT (10.029190261000053 53.539310015000069)","Unfall 185320 (2020) Kat:3, Licht: 1","185320","3","3","5","02","06","7","1","1","0","1","0","0"
"POINT (9.982052062000037 53.427996809000035)","Unfall 185321 (2020) Kat:3, Licht: 0","185321","3","6","3","02","07","6","1","0","0","1","0","0"
"POINT (9.955024346000073 53.561091331000057)","Unfall 185322 (2020) Kat:3, Licht: 2","185322","3","2","3","03","20","3","0","2","1","1","0","0"
"POINT (9.949297067000032 53.595882191000044)","Unfall 185323 (2020) Kat:3, Licht: 2","185323","3","5","5","02","18","3","1","2","0","1","0","0"
"POINT (10.040162117000023 53.544462766000038)","Unfall 185324 (2020) Kat:3, Licht: 0","185324","3","6","2","02","16","4","0","0","0","1","0","0"
"POINT (10.038920797000060 53.546696343000065)","Unfall 185325 (2020) Kat:2, Licht: 0","185325","2","3","5","02","14","3","0","0","1","1","0","0"
"POINT (10.044343857000058 53.586820848000059)","Unfall 185326 (2020) Kat:3, Licht: 0","185326","3","3","6","03","13","7","0","0","1","0","1","0"
"POINT (10.061867576000054 53.557450151000069)","Unfall 185327 (2020) Kat:2, Licht: 0","185327","2","3","5","03","17","2","0","0","1","1","0","0"
"POINT (9.969827413000076 53.550656131000039)","Unfall 185328 (2020) Kat:3, Licht: 2","185328","3","2","3","02","19","3","1","2","1","0","0","0"
"POINT (10.080333521000057 53.560894648000044)","Unfall 185329 (2020) Kat:3, Licht: 0","185329","3","3","5","03","10","4","0","0","0","1","0","0"
"POINT (10.106633533000036 53.588566013000047)","Unfall 185330 (2020) Kat:3, Licht: 0","185330","3","3","5","03","10","4","0","0","0","1","0","0"
"POINT (9.975643871000045 53.461938396000050)","Unfall 185331 (2020) Kat:3, Licht: 0","185331","3","6","2","02","14","2","1","0","0","1","0","0"
"POINT (10.142701603000035 53.599335005000057)","Unfall 185332 (2020) Kat:3, Licht: 0","185332","3","2","3","02","15","3","0","0","1","1","0","0"
"POINT (9.982947115000059 53.564169497000080)","Unfall 185333 (2020) Kat:3, Licht: 0","185333","3","6","0","02","16","6","0","0","0","1","0","0"
"POINT (10.070173009000030 53.571847791000039)","Unfall 185334 (2020) Kat:3, Licht: 0","185334","3","3","5","02","11","3","1","0","0","1","0","0"
"POINT (10.163417464000077 53.650264839000045)","Unfall 185335 (2020) Kat:3, Licht: 0","185335","3","2","6","03","16","2","1","0","0","1","1","0"
"POINT (10.227766095000050 53.490922836000038)","Unfall 185336 (2020) Kat:3, Licht: 0","185336","3","3","5","02","07","2","1","0","0","1","0","1"
"POINT (9.965533626000024 53.564161150000075)","Unfall 185337 (2020) Kat:3, Licht: 1","185337","3","3","5","02","17","4","0","1","1","1","0","0"
"POINT (10.012540903000058 53.606367289000048)","Unfall 185338 (2020) Kat:3, Licht: 2","185338","3","3","5","02","06","3","1","2","1","1","0","0"
"POINT (10.095970854000029 53.587490793000029)","Unfall 185339 (2020) Kat:3, Licht: 0","185339","3","3","5","03","14","6","1","0","1","1","0","0"
"POINT (10.023279795000064 53.558282052000038)","Unfall 185340 (2020) Kat:3, Licht: 0","185340","3","6","2","02","13","3","0","0","0","1","0","0"
"POINT (9.912235023000051 53.512708922000058)","Unfall 185341 (2020) Kat:3, Licht: 0","185341","3","6","1","03","13","2","0","0","0","1","0","0"
"POINT (10.080963337000071 53.532113296000034)","Unfall 185342 (2020) Kat:3, Licht: 2","185342","3","2","6","02","18","2","1","2","0","1","1","0"
"POINT (10.002122982000060 53.596036258000026)","Unfall 185343 (2020) Kat:3, Licht: 2","185343","3","3","6","02","20","4","0","2","0","1","1","0"
"POINT (10.053906002000076 53.568849600000078)","Unfall 185344 (2020) Kat:3, Licht: 2","185344","3","2","3","02","06","3","1","2","1","1","0","0"
"POINT (10.001087877000032 53.498074320000057)","Unfall 185345 (2020) Kat:3, Licht: 0","185345","3","6","3","03","12","6","0","0","0","0","0","0"
"POINT (10.156344975000025 53.588067991000059)","Unfall 185346 (2020) Kat:3, Licht: 0","185346","3","3","5","02","07","2","1","0","1","1","0","0"
"POINT (10.066146260000039 53.579015903000027)","Unfall 185347 (2020) Kat:3, Licht: 0","185347","3","3","5","03","13","4","0","0","0","1","0","0"
"POINT (9.923589567000022 53.599767415000031)","Unfall 185348 (2020) Kat:3, Licht: 2","185348","3","1","8","03","20","4","0","2","0","1","0","0"
"POINT (10.094078690000060 53.581833026000027)","Unfall 185349 (2020) Kat:3, Licht: 0","185349","3","3","5","02","08","2","0","0","0","1","0","0"
"POINT (10.084480822000046 53.531567079000069)","Unfall 185350 (2020) Kat:3, Licht: 1","185350","3","2","2","02","06","5","1","1","0","1","0","0"
"POINT (9.919255734000046 53.627867801000036)","Unfall 185351 (2020) Kat:3, Licht: 0","185351","3","2","4","02","09","3","1","0","1","1","0","0"
"POINT (9.886625436000031 53.620841585000051)","Unfall 185352 (2020) Kat:3, Licht: 0","185352","3","3","5","03","13","2","0","0","0","1","0","0"
"POINT (10.089033270000073 53.631828250000069)","Unfall 185353 (2020) Kat:3, Licht: 1","185353","3","3","6","02","18","2","1","1","0","1","1","0"
"POINT (9.990291537000076 53.602884277000044)","Unfall 185354 (2020) Kat:3, Licht: 2","185354","3","2","0","02","18","3","1","2","1","1","0","0"
"POINT (9.889972163000039 53.557008852000081)","Unfall 185355 (2020) Kat:3, Licht: 0","185355","3","6","2","03","12","6","1","0","0","1","0","0"
"POINT (9.990079101000049 53.439524416000040)","Unfall 185356 (2020) Kat:3, Licht: 0","185356","3","3","0","03","07","5","1","0","1","1","0","0"
"POINT (10.102207829000065 53.647385280000037)","Unfall 185357 (2020) Kat:3, Licht: 2","185357","3","2","6","02","19","2","1","2","0","1","1","0"
"POINT (10.161243512000055 53.652016981000031)","Unfall 185358 (2020) Kat:2, Licht: 0","185358","2","7","2","02","07","2","0","0","1","0","1","0"
"POINT (9.988618555000073 53.549492381000050)","Unfall 185359 (2020) Kat:3, Licht: 0","185359","3","5","1","03","09","4","0","0","1","0","0","0"
"POINT (10.005934705000072 53.551857823000034)","Unfall 185360 (2020) Kat:3, Licht: 0","185360","3","6","2","03","10","4","0","0","0","1","0","0"
"POINT (10.004973619000054 53.587309745000027)","Unfall 185361 (2020) Kat:2, Licht: 2","185361","2","2","6","02","18","2","1","2","0","1","1","0"
"POINT (10.084721752000064 53.577205325000079)","Unfall 185362 (2020) Kat:3, Licht: 0","185362","3","6","2","02","09","5","0","0","0","1","0","0"
"POINT (9.994100112000069 53.572638616000063)","Unfall 185363 (2020) Kat:3, Licht: 0","185363","3","6","6","02","13","3","0","0","1","0","1","0"
"POINT (9.945386882000037 53.557096842000078)","Unfall 185364 (2020) Kat:3, Licht: 1","185364","3","3","5","03","06","2","0","1","1","0","0","0"
"POINT (10.059734199000047 53.567627999000081)","Unfall 185365 (2020) Kat:3, Licht: 0","185365","3","3","5","02","15","2","1","0","0","1","0","0"
"POINT (9.973180927000044 53.538402452000071)","Unfall 185366 (2020) Kat:3, Licht: 0","185366","3","2","2","02","15","3","0","0","0","1","0","0"
"POINT (9.987439151000046 53.555631360000064)","Unfall 185367 (2020) Kat:3, Licht: 2","185367","3","3","5","03","18","6","1","2","1","1","0","0"
"POINT (10.036857646000044 53.565243266000039)","Unfall 185368 (2020) Kat:3, Licht: 2","185368","3","3","5","03","04","5","1","2","0","1","0","0"
"POINT (10.045565756000030 53.579020877000062)","Unfall 185369 (2020) Kat:3, Licht: 1","185369","3","2","3","02","17","2","1","1","1","1","0","0"
"POINT (10.006170569000062 53.551801909000062)","Unfall 185370 (2020) Kat:3, Licht: 0","185370","3","2","5","02","12","7","0","0","1","1","0","0"
"POINT (10.046698069000058 53.583083157000033)","Unfall 185371 (2020) Kat:3, Licht: 2","185371","3","2","6","03","21","3","1","2","0","1","1","0"
"POINT (9.920447135000075 53.589664887000026)","Unfall 185372 (2020) Kat:3, Licht: 2","185372","3","3","5","02","17","2","1","2","1","1","0","0"
"POINT (10.205744302000028 53.491509594000036)","Unfall 185373 (2020) Kat:3, Licht: 2","185373","3","4","6","02","21","4","1","2","0","1","1","0"
"POINT (10.151367381000057 53.617193082000028)","Unfall 185374 (2020) Kat:3, Licht: 0","185374","3","6","1","02","16","2","0","0","0","1","0","0"
"POINT (10.120153156000072 53.578337033000082)","Unfall 185375 (2020) Kat:3, Licht: 0","185375","3","6","1","03","13","7","0","0","0","1","0","0"
"POINT (10.076927688000069 53.656345586000043)","Unfall 185376 (2020) Kat:3, Licht: 0","185376","3","3","5","03","08","2","0","0","0","1","0","0"
"POINT (10.126719300000047 53.582006880000051)","Unfall 185377 (2020) Kat:3, Licht: 2","185377","3","2","4","03","05","3","1","2","1","1","0","0"
"POINT (9.898969540000053 53.592825131000041)","Unfall 185378 (2020) Kat:3, Licht: 2","185378","3","2","6","02","18","2","1","2","0","1","1","0"
"POINT (9.969155009000076 53.573508527000058)","Unfall 185379 (2020) Kat:3, Licht: 0","185379","3","3","5","02","07","5","1","0","1","1","0","0"
"POINT (10.067580730000032 53.570842185000060)","Unfall 185380 (2020) Kat:2, Licht: 0","185380","2","4","6","02","08","2","0","0","0","1","1","0"
"POINT (10.052730345000043 53.561058462000062)","Unfall 185381 (2020) Kat:3, Licht: 0","185381","3","6","2","03","16","1","1","0","0","1","0","0"
"POINT (9.961261700000023 53.569475770000054)","Unfall 185382 (2020) Kat:3, Licht: 2","185382","3","7","3","03","06","2","0","2","0","1","0","0"
"POINT (9.969495964000032 53.598868969000080)","Unfall 185383 (2020) Kat:3, Licht: 1","185383","3","6","2","02","07","2","0","1","0","1","0","0"
"POINT (10.027955161000023 53.638075279000077)","Unfall 185384 (2020) Kat:3, Licht: 2","185384","3","6","4","03","20","5","0","2","0","1","0","0"
"POINT (9.917333940000049 53.581841824000037)","Unfall 185385 (2020) Kat:3, Licht: 0","185385","3","6","2","03","09","5","0","0","0","1","0","0"
"POINT (9.936279933000037 53.547830690000069)","Unfall 185386 (2020) Kat:3, Licht: 0","185386","3","3","5","02","16","2","1","0","0","1","0","0"
"POINT (10.136001679000060 53.571177416000069)","Unfall 185387 (2020) Kat:2, Licht: 0","185387","2","2","6","03","13","3","0","0","0","1","1","0"
"POINT (10.117210007000040 53.604028847000052)","Unfall 185388 (2020) Kat:3, Licht: 0","185388","3","3","5","02","16","7","0","0","0","1","0","0"
"POINT (10.112916729000062 53.538139209000065)","Unfall 185389 (2020) Kat:3, Licht: 0","185389","3","3","5","02","11","6","0","0","1","1","0","0"
"POINT (9.989869912000074 53.543920962000072)","Unfall 185390 (2020) Kat:2, Licht: 0","185390","2","2","6","03","16","3","1","0","0","1","1","0"
"POINT (9.930116835000035 53.552098759000046)","Unfall 185391 (2020) Kat:3, Licht: 0","185391","3","5","1","02","08","2","0","0","1","1","0","0"
"POINT (10.071708604000037 53.583128667000040)","Unfall 185392 (2020) Kat:3, Licht: 0","185392","3","6","2","02","06","4","2","0","0","1","0","0"
"POINT (10.044905933000052 53.608024578000027)","Unfall 185393 (2020) Kat:3, Licht: 0","185393","3","6","2","02","07","2","0","0","0","1","0","0"
"POINT (9.981606445000068 53.467268987000068)","Unfall 185394 (2020) Kat:3, Licht: 2","185394","3","3","5","03","00","7","1","2","0","1","0","0"
"POINT (9.976993446000051 53.577040324000052)","Unfall 185395 (2020) Kat:3, Licht: 0","185395","3","5","1","03","09","2","0","0","0","1","0","0"
"POINT (10.002372484000034 53.554848457000048)","Unfall 185396 (2020) Kat:3, Licht: 0","185396","3","6","2","02","08","2","0","0","0","1","0","1"
"POINT (10.003600087000052 53.600524115000042)","Unfall 185397 (2020) Kat:3, Licht: 0","185397","3","6","2","03","07","3","1","0","0","1","0","0"
"POINT (10.135679864000053 53.617062949000058)","Unfall 185398 (2020) Kat:3, Licht: 0","185398","3","3","5","03","13","4","0","0","1","1","0","0"
"POINT (10.035358903000031 53.574878458000057)","Unfall 185399 (2020) Kat:3, Licht: 0","185399","3","2","3","03","15","4","0","0","0","1","0","0"
"POINT (9.954671575000077 53.455833789000053)","Unfall 185400 (2020) Kat:3, Licht: 0","185400","3","2","3","02","08","1","1","0","1","1","0","0"
"POINT (10.076953917000026 53.655414814000039)","Unfall 185401 (2020) Kat:2, Licht: 2","185401","2","3","5","02","02","1","0","2","0","1","0","1"
"POINT (10.035462380000070 53.575132921000034)","Unfall 185402 (2020) Kat:3, Licht: 2","185402","3","6","3","03","04","3","1","2","1","1","0","0"
"POINT (9.923339987000077 53.546264533000056)","Unfall 185403 (2020) Kat:3, Licht: 0","185403","3","7","3","03","16","5","0","0","0","1","0","0"
"POINT (10.013474517000077 53.554082419000054)","Unfall 185404 (2020) Kat:3, Licht: 0","185404","3","4","6","03","13","5","0","0","0","1","1","0"
"POINT (10.092747201000066 53.654660725000042)","Unfall 185405 (2020) Kat:3, Licht: 2","185405","3","7","0","02","05","1","1","2","0","0","0","0"
"POINT (10.027190259000065 53.672569540000040)","Unfall 185406 (2020) Kat:3, Licht: 2","185406","3","2","3","02","17","2","1","2","0","1","0","0"
"POINT (9.988263652000057 53.562239274000035)","Unfall 185407 (2020) Kat:3, Licht: 2","185407","3","4","6","02","03","7","1","2","0","1","1","0"
"POINT (10.035479344000066 53.575142001000074)","Unfall 185408 (2020) Kat:3, Licht: 0","185408","3","6","2","02","13","6","0","0","0","1","0","0"
"POINT (9.996830306000049 53.598775726000042)","Unfall 185409 (2020) Kat:3, Licht: 2","185409","3","5","1","02","17","2","1","2","0","1","0","1"
"POINT (9.990613985000039 53.494443666000052)","Unfall 185410 (2020) Kat:3, Licht: 0","185410","3","3","5","03","17","2","1","0","1","0","0","0"
"POINT (10.016096817000061 53.589914430000078)","Unfall 185411 (2020) Kat:3, Licht: 2","185411","3","2","6","02","19","1","1","2","0","1","1","0"
"POINT (9.958908988000076 53.634454883000046)","Unfall 185412 (2020) Kat:3, Licht: 1","185412","3","2","5","02","08","4","2","1","1","1","0","0"
"POINT (10.057365257000072 53.569739143000049)","Unfall 185413 (2020) Kat:2, Licht: 0","185413","2","4","6","02","15","2","0","0","1","0","1","0"
"POINT (10.112432811000076 53.535177749000070)","Unfall 185414 (2020) Kat:2, Licht: 0","185414","2","6","2","03","14","6","1","0","0","1","0","0"
"POINT (10.000820484000030 53.555546500000048)","Unfall 185415 (2020) Kat:3, Licht: 0","185415","3","2","4","02","13","1","1","0","0","1","0","0"
"POINT (10.035693484000035 53.574918434000040)","Unfall 185416 (2020) Kat:3, Licht: 0","185416","3","3","3","03","09","3","1","0","1","1","0","0"
"POINT (9.926159509000058 53.569527207000078)","Unfall 185417 (2020) Kat:3, Licht: 0","185417","3","5","1","03","11","4","0","0","0","1","0","0"
"POINT (9.892856299000073 53.573699386000044)","Unfall 185418 (2020) Kat:3, Licht: 0","185418","3","6","2","03","16","4","0","0","0","1","0","0"
"POINT (10.083734756000069 53.540666788000067)","Unfall 185419 (2020) Kat:3, Licht: 2","185419","3","6","0","02","21","7","1","2","0","1","0","0"
"POINT (10.010259822000023 53.545414224000069)","Unfall 185420 (2020) Kat:3, Licht: 0","185420","3","3","5","02","16","5","0","0","0","1","0","0"
"POINT (9.889736115000062 53.617707999000061)","Unfall 185421 (2020) Kat:3, Licht: 0","185421","3","2","2","02","15","2","0","0","0","1","0","0"
"POINT (9.925911092000035 53.571643238000036)","Unfall 185422 (2020) Kat:3, Licht: 0","185422","3","3","5","03","07","2","0","0","0","1","0","0"
"POINT (9.981195502000048 53.458197137000070)","Unfall 185423 (2020) Kat:3, Licht: 0","185423","3","3","6","02","11","5","0","0","0","1","1","0"
"POINT (9.885523107000040 53.557403767000039)","Unfall 185424 (2020) Kat:2, Licht: 2","185424","2","7","0","02","18","2","1","2","0","0","0","1"
"POINT (10.003969389000076 53.588895129000036)","Unfall 185425 (2020) Kat:3, Licht: 0","185425","3","7","0","03","09","2","0","0","0","0","0","0"
"POINT (10.097949456000038 53.541626080000071)","Unfall 185426 (2020) Kat:3, Licht: 0","185426","3","7","1","02","10","7","0","0","0","1","0","0"
"POINT (10.019832392000069 53.624239991000081)","Unfall 185427 (2020) Kat:3, Licht: 0","185427","3","7","6","02","12","7","1","0","1","0","1","0"
"POINT (9.911825364000038 53.565802874000042)","Unfall 185428 (2020) Kat:3, Licht: 2","185428","3","3","6","02","18","2","0","2","1","0","1","0"
"POINT (10.032454233000067 53.635525689000076)","Unfall 185429 (2020) Kat:3, Licht: 0","185429","3","4","0","03","08","6","1","0","0","0","1","0"
"POINT (10.050676805000023 53.593821412000068)","Unfall 185430 (2020) Kat:3, Licht: 2","185430","3","6","3","02","18","7","0","2","0","1","0","0"
"POINT (9.904301413000042 53.606541634000052)","Unfall 185431 (2020) Kat:3, Licht: 0","185431","3","6","2","03","15","3","0","0","0","1","0","0"
"POINT (10.094688531000031 53.529683622000050)","Unfall 185432 (2020) Kat:3, Licht: 0","185432","3","6","1","03","06","3","1","0","0","1","0","0"
"POINT (10.108119863000070 53.563631954000073)","Unfall 185433 (2020) Kat:3, Licht: 0","185433","3","3","5","03","14","3","1","0","1","1","0","0"
"POINT (9.908885671000064 53.591514023000059)","Unfall 185434 (2020) Kat:3, Licht: 0","185434","3","6","2","02","15","7","1","0","0","1","0","0"
"POINT (9.914912738000055 53.610670955000046)","Unfall 185435 (2020) Kat:3, Licht: 2","185435","3","6","2","02","19","5","0","2","0","1","0","0"
"POINT (9.954544929000065 53.569479015000070)","Unfall 185436 (2020) Kat:3, Licht: 0","185436","3","6","2","02","15","2","0","0","0","1","0","1"
"POINT (9.967759931000046 53.566537160000053)","Unfall 185437 (2020) Kat:3, Licht: 0","185437","3","6","3","03","15","2","1","0","1","0","0","0"
"POINT (10.014366006000046 53.552529479000043)","Unfall 185438 (2020) Kat:3, Licht: 2","185438","3","5","1","03","22","2","0","2","0","1","0","0"
"POINT (9.917437831000029 53.548720497000033)","Unfall 185439 (2020) Kat:3, Licht: 0","185439","3","6","1","02","10","7","0","0","0","1","0","0"
"POINT (9.975990114000069 53.570322584000053)","Unfall 185440 (2020) Kat:3, Licht: 0","185440","3","2","3","02","08","2","0","0","1","1","0","0"