WKT,Name,OBJECTID,UKATEGORIE,UTYP1,UART,UMONAT,USTUNDE,UWOCHENTAG,STRZUSTAND,ULICHTVERH,ISTRAD,ISTPKW,ISTFUSS,ISTKRAD
"POINT (10.069742769000072 53.555280748000030)","Unfall 185441 (2020) Kat:3, Licht: 2","185441","3","6","3","03","20","5","0","2","1","1","0","0"
"POINT (9.861972904000027 53.547533857000076)","Unfall 185442 (2020) Kat:3, Licht: 1","185442","3","6","2","03","18","5","0","1","0","1","0","0"
"POINT (9.954481422000072 53.553205208000065)","Unfall 185443 (2020) Kat:3, Licht: 2","185443","3","7","5","02","23","7","0","2","0","1","0","0"
"POINT (9.936655658000063 53.556492407000064)","Unfall 185444 (2020) Kat:3, Licht: 0","185444","3","5","1","02","07","7","1","0","1","1","0","0"
"POINT (9.978645698000037 53.570626235000077)","Unfall 185445 (2020) Kat:3, Licht: 0","185445","3","6","3","02","12","2","0","0","0","1","0","0"
"POINT (9.947251161000054 53.557932122000068)","Unfall 185446 (2020) Kat:3, Licht: 2","185446","3","5","1","03","19","6","1","2","1","1","0","0"
"POINT (10.114684533000059 53.595288664000066)","Unfall 185447 (2020) Kat:3, Licht: 0","185447","3","3","5","03","08","5","0","0","1","0","0","0"
"POINT (9.993911149000041 53.562622523000073)","Unfall 185448 (2020) Kat:3, Licht: 0","185448","3","7","5","02","15","7","1","0","0","1","0","0"
"POINT (10.033575493000058 53.607558650000044)","Unfall 185449 (2020) Kat:3, Licht: 0","185449","3","6","2","03","10","3","1","0","0","1","0","0"
"POINT (10.098515326000040 53.535989093000069)","Unfall 185450 (2020) Kat:3, Licht: 2","185450","3","2","4","02","19","6","1","2","0","1","0","0"
"POINT (10.002127258000030 53.557009199000049)","Unfall 185451 (2020) Kat:3, Licht: 0","185451","3","6","1","02","09","5","1","0","0","1","0","0"
"POINT (9.988205667000045 53.555479791000039)","Unfall 185452 (2020) Kat:3, Licht: 0","185452","3","6","0","02","13","2","0","0","1","0","0","0"
"POINT (9.914270907000059 53.514812511000059)","Unfall 185453 (2020) Kat:3, Licht: 0","185453","3","2","3","03","16","7","0","0","0","1","0","0"
"POINT (10.015522661000034 53.555010338000045)","Unfall 185454 (2020) Kat:3, Licht: 0","185454","3","6","2","03","11","2","0","0","0","1","0","0"
"POINT (9.994658687000026 53.602093258000082)","Unfall 185455 (2020) Kat:3, Licht: 2","185455","3","3","5","02","23","6","1","2","0","1","0","0"
"POINT (9.797008459000040 53.579843172000039)","Unfall 185456 (2020) Kat:3, Licht: 0","185456","3","3","5","03","09","3","1","0","0","1","0","0"
"POINT (9.905582004000053 53.632139079000069)","Unfall 185457 (2020) Kat:3, Licht: 0","185457","3","3","5","03","16","5","0","0","1","1","0","0"
"POINT (9.919896215000051 53.558963810000080)","Unfall 185458 (2020) Kat:3, Licht: 2","185458","3","3","5","03","00","5","0","2","0","1","0","0"
"POINT (9.997328792000076 53.584302143000059)","Unfall 185459 (2020) Kat:3, Licht: 2","185459","3","2","4","02","19","6","1","2","1","1","0","0"
"POINT (9.878553592000060 53.590150673000039)","Unfall 185460 (2020) Kat:3, Licht: 0","185460","3","6","3","03","16","3","0","0","0","1","0","0"
"POINT (9.865948861000049 53.576935571000035)","Unfall 185461 (2020) Kat:3, Licht: 0","185461","3","7","5","02","09","7","0","0","0","1","0","0"
"POINT (10.144381056000043 53.583983418000059)","Unfall 185462 (2020) Kat:2, Licht: 1","185462","2","4","6","02","07","6","1","1","0","1","0","0"
"POINT (10.012585003000027 53.560601337000037)","Unfall 185463 (2020) Kat:2, Licht: 2","185463","2","7","3","03","21","3","1","2","0","1","0","1"
"POINT (9.998145001000069 53.595436093000046)","Unfall 185464 (2020) Kat:3, Licht: 2","185464","3","4","6","02","20","6","1","2","1","0","1","0"
"POINT (10.009819770000036 53.657890195000050)","Unfall 185465 (2020) Kat:3, Licht: 0","185465","3","3","5","02","08","4","2","0","0","1","0","0"
"POINT (10.146910583000022 53.418056062000062)","Unfall 185466 (2020) Kat:2, Licht: 0","185466","2","3","5","02","13","7","0","0","1","1","0","0"
"POINT (9.933776788000046 53.491071620000071)","Unfall 185467 (2020) Kat:3, Licht: 0","185467","3","5","1","02","08","6","1","0","1","1","0","0"
"POINT (9.889819334000038 53.546595524000054)","Unfall 185468 (2020) Kat:3, Licht: 0","185468","3","2","4","03","13","3","1","0","0","1","0","0"
"POINT (10.051268140000047 53.586834925000062)","Unfall 185469 (2020) Kat:3, Licht: 0","185469","3","7","4","02","11","6","0","0","0","1","0","0"
"POINT (10.084537339000065 53.554011485000046)","Unfall 185470 (2020) Kat:2, Licht: 0","185470","2","7","6","02","11","4","0","0","0","0","1","0"
"POINT (10.014814992000026 53.560427365000066)","Unfall 185471 (2020) Kat:3, Licht: 2","185471","3","2","4","02","17","2","0","2","0","1","0","0"
"POINT (10.005300740000052 53.577055773000041)","Unfall 185472 (2020) Kat:3, Licht: 0","185472","3","5","1","03","17","7","0","0","1","1","0","0"
"POINT (10.174848832000066 53.401022630000057)","Unfall 185473 (2020) Kat:3, Licht: 0","185473","3","4","6","03","16","1","1","0","0","1","1","0"
"POINT (10.038344836000022 53.577058906000048)","Unfall 185474 (2020) Kat:3, Licht: 0","185474","3","6","2","02","07","6","1","0","0","1","0","0"
"POINT (9.984744042000045 53.458652438000058)","Unfall 185475 (2020) Kat:3, Licht: 0","185475","3","3","5","03","10","4","0","0","0","1","0","0"
"POINT (10.124464148000072 53.570692975000043)","Unfall 185476 (2020) Kat:3, Licht: 2","185476","3","6","2","03","19","4","1","2","0","1","0","0"
"POINT (10.028344364000077 53.571453769000072)","Unfall 185477 (2020) Kat:3, Licht: 2","185477","3","6","2","02","21","6","1","2","0","1","0","0"
"POINT (9.981500766000067 53.464157530000080)","Unfall 185478 (2020) Kat:3, Licht: 2","185478","3","6","6","02","05","2","0","2","1","0","1","0"
"POINT (9.924894427000027 53.550907671000061)","Unfall 185479 (2020) Kat:3, Licht: 2","185479","3","3","5","02","20","6","0","2","1","1","0","0"
"POINT (10.129213718000074 53.530055404000052)","Unfall 185480 (2020) Kat:3, Licht: 2","185480","3","6","2","02","21","1","1","2","0","1","0","0"
"POINT (10.101732511000023 53.597449403000041)","Unfall 185481 (2020) Kat:3, Licht: 0","185481","3","3","6","03","15","2","1","0","0","1","1","0"
"POINT (9.826129800000047 53.558977837000043)","Unfall 185482 (2020) Kat:2, Licht: 2","185482","2","7","6","02","19","6","1","2","0","1","1","0"
"POINT (9.947157047000076 53.551119648000054)","Unfall 185483 (2020) Kat:3, Licht: 0","185483","3","3","5","02","07","4","0","0","1","1","0","0"
"POINT (10.107115106000037 53.547550755000032)","Unfall 185484 (2020) Kat:3, Licht: 2","185484","3","2","5","02","20","1","1","2","0","1","0","0"
"POINT (10.124516590000042 53.570787691000078)","Unfall 185485 (2020) Kat:3, Licht: 0","185485","3","2","4","03","14","6","1","0","0","1","0","0"
"POINT (9.881159860000025 53.593258930000047)","Unfall 185486 (2020) Kat:3, Licht: 0","185486","3","3","5","02","13","6","1","0","0","1","0","0"
"POINT (9.975653085000033 53.578947521000032)","Unfall 185487 (2020) Kat:3, Licht: 0","185487","3","2","4","03","15","3","0","0","0","1","0","1"
"POINT (9.987667794000060 53.590964752000048)","Unfall 185488 (2020) Kat:3, Licht: 0","185488","3","3","5","03","12","4","0","0","0","0","0","1"
"POINT (10.097116230000040 53.620135921000042)","Unfall 185489 (2020) Kat:3, Licht: 2","185489","3","2","6","02","21","1","1","2","0","0","1","0"
"POINT (9.982009842000025 53.424477793000051)","Unfall 185490 (2020) Kat:3, Licht: 2","185490","3","5","1","03","18","6","1","2","0","1","0","0"
"POINT (9.944258755000021 53.556274922000057)","Unfall 185491 (2020) Kat:3, Licht: 0","185491","3","6","3","02","14","6","0","0","1","0","0","0"
"POINT (10.129135801000075 53.602356111000063)","Unfall 185492 (2020) Kat:2, Licht: 0","185492","2","6","2","03","08","4","0","0","0","1","0","0"
"POINT (9.894466770000065 53.603921234000040)","Unfall 185493 (2020) Kat:3, Licht: 0","185493","3","3","5","03","10","4","0","0","0","1","0","1"
"POINT (9.988410942000030 53.581294522000064)","Unfall 185494 (2020) Kat:3, Licht: 0","185494","3","7","0","02","18","6","0","0","0","1","0","0"
"POINT (10.194079222000028 53.494682441000066)","Unfall 185495 (2020) Kat:3, Licht: 1","185495","3","3","5","02","18","5","0","1","1","1","0","0"
"POINT (10.122200913000029 53.651096175000077)","Unfall 185496 (2020) Kat:3, Licht: 2","185496","3","3","5","02","20","1","1","2","0","1","0","0"
"POINT (10.019122963000029 53.565071357000079)","Unfall 185497 (2020) Kat:2, Licht: 0","185497","2","6","2","03","08","2","1","0","0","1","0","0"
"POINT (9.985567101000072 53.552287993000050)","Unfall 185498 (2020) Kat:2, Licht: 2","185498","2","4","6","02","06","6","1","2","0","1","1","0"
"POINT (9.989177600000062 53.558140718000061)","Unfall 185499 (2020) Kat:2, Licht: 2","185499","2","2","4","02","17","6","1","2","0","1","0","0"
"POINT (10.032083885000077 53.593380921000062)","Unfall 185500 (2020) Kat:2, Licht: 2","185500","2","6","2","02","19","1","0","2","0","0","0","0"
"POINT (9.833812017000071 53.578084330000081)","Unfall 185501 (2020) Kat:3, Licht: 0","185501","3","3","5","03","06","6","1","0","0","1","0","0"
"POINT (10.015557323000053 53.525645256000075)","Unfall 185502 (2020) Kat:3, Licht: 0","185502","3","1","8","03","13","6","1","0","0","1","0","0"
"POINT (10.201857276000055 53.489089086000035)","Unfall 185503 (2020) Kat:3, Licht: 2","185503","3","6","2","02","21","5","1","2","0","1","0","0"
"POINT (10.032438066000054 53.539346810000040)","Unfall 185504 (2020) Kat:3, Licht: 1","185504","3","6","2","03","06","3","1","1","0","1","0","0"
"POINT (10.298214791000021 53.432350923000058)","Unfall 185505 (2020) Kat:3, Licht: 2","185505","3","1","8","02","19","5","0","2","0","0","0","0"
"POINT (9.939291423000043 53.630209335000075)","Unfall 185506 (2020) Kat:3, Licht: 0","185506","3","7","6","02","11","5","0","0","0","1","1","0"
"POINT (10.025268090000054 53.602581141000030)","Unfall 185507 (2020) Kat:3, Licht: 2","185507","3","4","6","02","01","1","0","2","0","1","1","0"
"POINT (9.966096891000063 53.557225399000060)","Unfall 185508 (2020) Kat:2, Licht: 0","185508","2","6","3","03","16","4","0","0","1","1","0","0"
"POINT (10.147796155000037 53.521517484000071)","Unfall 185509 (2020) Kat:3, Licht: 0","185509","3","1","8","02","16","5","1","0","0","1","0","0"
"POINT (10.179498649000038 53.603407030000028)","Unfall 185510 (2020) Kat:3, Licht: 2","185510","3","7","6","02","20","5","0","2","0","1","1","0"
"POINT (10.022355402000073 53.568151076000049)","Unfall 185511 (2020) Kat:3, Licht: 2","185511","3","5","1","02","00","1","0","2","0","1","0","0"
"POINT (9.943712451000067 53.582186156000034)","Unfall 185512 (2020) Kat:3, Licht: 0","185512","3","6","2","03","13","2","0","0","0","1","0","0"
"POINT (10.100773177000065 53.688720040000078)","Unfall 185513 (2020) Kat:3, Licht: 2","185513","3","6","2","02","18","5","1","2","0","1","0","0"
"POINT (9.972236187000021 53.577945795000062)","Unfall 185514 (2020) Kat:3, Licht: 2","185514","3","4","6","02","20","1","1","2","1","0","1","0"
"POINT (9.924486332000072 53.546422936000056)","Unfall 185515 (2020) Kat:3, Licht: 0","185515","3","2","2","03","07","6","0","0","0","0","0","0"
"POINT (10.075937441000065 53.673859318000041)","Unfall 185516 (2020) Kat:3, Licht: 2","185516","3","1","8","03","01","5","1","2","0","1","0","0"
"POINT (10.013740138000060 53.629030460000081)","Unfall 185517 (2020) Kat:3, Licht: 0","185517","3","2","5","02","07","5","1","0","1","1","0","0"
"POINT (9.992709195000032 53.586855374000038)","Unfall 185518 (2020) Kat:3, Licht: 0","185518","3","3","5","03","08","3","1","0","0","1","0","0"
"POINT (9.957554511000069 53.549730512000053)","Unfall 185519 (2020) Kat:2, Licht: 1","185519","2","4","6","02","06","7","1","1","0","1","1","0"
"POINT (10.023788620000062 53.628732040000045)","Unfall 185520 (2020) Kat:3, Licht: 0","185520","3","6","2","03","17","3","1","0","0","1","0","0"
"POINT (10.009571013000027 53.584833497000034)","Unfall 185521 (2020) Kat:3, Licht: 0","185521","3","4","6","02","07","5","1","0","0","1","1","0"
"POINT (10.037326945000075 53.505011323000076)","Unfall 185522 (2020) Kat:3, Licht: 2","185522","3","1","9","02","21","4","0","2","0","1","0","0"
"POINT (9.922293211000067 53.550679531000071)","Unfall 185523 (2020) Kat:3, Licht: 0","185523","3","2","3","02","12","1","1","0","1","1","0","0"
"POINT (10.157333395000023 53.516367036000076)","Unfall 185524 (2020) Kat:2, Licht: 2","185524","2","1","8","03","04","7","1","2","0","1","0","0"
"POINT (10.098881588000040 53.640943612000058)","Unfall 185525 (2020) Kat:3, Licht: 0","185525","3","3","5","03","15","1","1","0","1","1","0","0"
"POINT (10.031685299000060 53.595730471000081)","Unfall 185526 (2020) Kat:3, Licht: 0","185526","3","7","0","02","09","5","1","0","0","0","0","1"
"POINT (9.956595661000051 53.582750182000041)","Unfall 185527 (2020) Kat:3, Licht: 1","185527","3","2","3","03","06","5","1","1","1","1","0","0"
"POINT (9.963217587000031 53.516860621000035)","Unfall 185528 (2020) Kat:3, Licht: 0","185528","3","6","3","03","07","2","0","0","0","1","0","0"
"POINT (9.928376466000032 53.553928363000068)","Unfall 185529 (2020) Kat:3, Licht: 0","185529","3","3","5","03","15","1","0","0","1","1","0","0"
"POINT (10.046601613000064 53.583014731000048)","Unfall 185530 (2020) Kat:3, Licht: 0","185530","3","6","2","02","10","5","1","0","0","1","0","0"
"POINT (10.061920403000045 53.530842053000072)","Unfall 185531 (2020) Kat:3, Licht: 2","185531","3","6","4","03","06","5","0","2","0","1","0","0"
"POINT (9.898867294000070 53.557250721000059)","Unfall 185532 (2020) Kat:3, Licht: 0","185532","3","3","5","03","13","5","0","0","0","1","0","0"
"POINT (10.025933816000077 53.571055646000048)","Unfall 185533 (2020) Kat:3, Licht: 2","185533","3","3","5","02","06","5","1","2","1","1","0","0"
"POINT (10.163505975000021 53.605341197000030)","Unfall 185534 (2020) Kat:3, Licht: 0","185534","3","6","1","02","09","7","1","0","0","1","0","0"
"POINT (10.216919940000025 53.504475288000037)","Unfall 185535 (2020) Kat:3, Licht: 2","185535","3","7","6","02","19","6","0","2","0","1","1","0"
"POINT (9.959917205000068 53.563678666000044)","Unfall 185536 (2020) Kat:3, Licht: 0","185536","3","2","6","03","08","3","1","0","0","1","1","0"
"POINT (9.927630642000054 53.560084954000047)","Unfall 185537 (2020) Kat:3, Licht: 2","185537","3","2","5","02","18","5","1","2","1","1","0","0"
"POINT (10.120742968000059 53.584885821000057)","Unfall 185538 (2020) Kat:2, Licht: 2","185538","2","6","4","02","19","4","0","2","0","1","0","0"
"POINT (9.977857810000046 53.564286932000073)","Unfall 185539 (2020) Kat:3, Licht: 2","185539","3","6","2","02","18","1","0","2","0","1","0","0"
"POINT (9.907111892000046 53.616459369000040)","Unfall 185540 (2020) Kat:3, Licht: 2","185540","3","1","8","03","00","7","1","2","0","1","0","0"
"POINT (9.960069141000076 53.464274264000039)","Unfall 185541 (2020) Kat:3, Licht: 0","185541","3","7","1","02","10","7","1","0","1","1","0","0"
"POINT (9.929493564000040 53.629313205000074)","Unfall 185542 (2020) Kat:3, Licht: 2","185542","3","2","4","02","17","5","1","2","0","1","0","0"
"POINT (10.020521367000072 53.550396429000045)","Unfall 185543 (2020) Kat:3, Licht: 1","185543","3","2","4","03","18","4","0","1","1","1","0","0"
"POINT (10.072564068000077 53.652025107000043)","Unfall 185544 (2020) Kat:3, Licht: 0","185544","3","2","4","03","08","4","0","0","0","1","0","0"
"POINT (9.962858484000037 53.581045709000080)","Unfall 185545 (2020) Kat:3, Licht: 1","185545","3","3","5","02","06","5","1","1","1","1","0","0"
"POINT (10.012932719000048 53.552390891000073)","Unfall 185546 (2020) Kat:3, Licht: 2","185546","3","6","2","02","21","6","1","2","0","1","0","0"
"POINT (10.006597606000071 53.550128946000029)","Unfall 185547 (2020) Kat:3, Licht: 2","185547","3","3","5","02","21","1","1","2","0","1","0","0"
"POINT (10.110413557000072 53.637112214000069)","Unfall 185548 (2020) Kat:3, Licht: 0","185548","3","7","5","03","14","2","0","0","1","1","0","0"
"POINT (9.949202835000051 53.558860761000062)","Unfall 185549 (2020) Kat:3, Licht: 2","185549","3","6","2","02","22","5","1","2","0","1","0","1"
"POINT (9.993866303000061 53.557933413000057)","Unfall 185550 (2020) Kat:3, Licht: 2","185550","3","6","4","03","19","5","0","2","1","0","0","0"
"POINT (9.953128348000064 53.549445740000067)","Unfall 185551 (2020) Kat:3, Licht: 2","185551","3","4","6","02","18","5","1","2","0","1","1","0"
"POINT (10.141257042000063 53.583983640000042)","Unfall 185552 (2020) Kat:2, Licht: 2","185552","2","3","5","02","19","7","0","2","1","1","1","0"
"POINT (9.955564518000074 53.551719931000036)","Unfall 185553 (2020) Kat:3, Licht: 2","185553","3","6","2","02","03","7","1","2","0","1","0","0"
"POINT (10.019035746000043 53.565068570000051)","Unfall 185554 (2020) Kat:3, Licht: 0","185554","3","3","5","02","19","6","0","0","1","0","0","0"
"POINT (10.067603607000024 53.614886395000042)","Unfall 185555 (2020) Kat:3, Licht: 0","185555","3","7","0","02","16","7","0","0","0","0","1","0"
"POINT (10.005559007000045 53.496979900000042)","Unfall 185556 (2020) Kat:3, Licht: 0","185556","3","6","2","03","16","2","0","0","0","1","0","0"
"POINT (9.966704701000026 53.569076533000043)","Unfall 185557 (2020) Kat:3, Licht: 0","185557","3","6","2","02","12","5","1","0","0","1","0","0"
"POINT (9.919647188000056 53.637347434000048)","Unfall 185558 (2020) Kat:3, Licht: 2","185558","3","2","5","02","19","4","0","2","0","1","0","0"
"POINT (10.169283442000051 53.653304558000059)","Unfall 185559 (2020) Kat:3, Licht: 2","185559","3","2","5","02","18","7","0","2","1","1","0","0"
"POINT (10.082733803000053 53.556326234000039)","Unfall 185560 (2020) Kat:3, Licht: 2","185560","3","6","4","03","18","6","1","2","0","1","0","0"
"POINT (9.960781686000075 53.546351961000028)","Unfall 185561 (2020) Kat:3, Licht: 2","185561","3","4","6","02","18","5","0","2","0","1","1","0"
"POINT (10.022882314000071 53.558422233000044)","Unfall 185562 (2020) Kat:2, Licht: 2","185562","2","3","5","03","05","4","0","2","0","1","0","0"
"POINT (9.880257448000066 53.584622241000034)","Unfall 185563 (2020) Kat:3, Licht: 0","185563","3","6","2","03","17","4","0","0","0","1","0","0"
"POINT (9.984202284000048 53.555671420000067)","Unfall 185564 (2020) Kat:3, Licht: 0","185564","3","2","4","02","14","5","1","0","0","1","0","0"
"POINT (10.059174584000061 53.554773643000033)","Unfall 185565 (2020) Kat:3, Licht: 2","185565","3","6","3","02","21","5","1","2","0","1","0","0"
"POINT (10.031789938000031 53.566361818000075)","Unfall 185566 (2020) Kat:3, Licht: 0","185566","3","3","5","02","15","7","0","0","0","1","0","0"
"POINT (9.895332243000041 53.604179146000035)","Unfall 185567 (2020) Kat:3, Licht: 0","185567","3","6","2","03","09","2","0","0","0","1","0","0"
"POINT (9.994441676000065 53.557506230000058)","Unfall 185568 (2020) Kat:3, Licht: 1","185568","3","6","2","02","06","5","1","1","0","1","0","0"
"POINT (9.991297051000061 53.588250998000035)","Unfall 185569 (2020) Kat:3, Licht: 2","185569","3","5","1","02","03","7","1","2","1","1","0","0"
"POINT (9.910171508000076 53.627363774000059)","Unfall 185570 (2020) Kat:3, Licht: 0","185570","3","1","8","03","14","6","1","0","0","1","0","0"
"POINT (9.973547795000059 53.549917247000053)","Unfall 185571 (2020) Kat:3, Licht: 0","185571","3","2","5","02","10","5","1","0","1","0","0","0"
"POINT (9.981050832000051 53.519270090000077)","Unfall 185572 (2020) Kat:3, Licht: 2","185572","3","2","6","02","06","6","1","2","0","0","1","0"
"POINT (10.064396331000069 53.597393477000082)","Unfall 185573 (2020) Kat:3, Licht: 2","185573","3","7","7","03","05","6","1","2","0","0","0","1"
"POINT (10.010260211000059 53.552286092000031)","Unfall 185574 (2020) Kat:3, Licht: 2","185574","3","2","6","02","23","5","1","2","0","1","1","0"
"POINT (9.987664047000067 53.457087685000033)","Unfall 185575 (2020) Kat:3, Licht: 0","185575","3","4","6","03","15","3","0","0","1","0","1","0"
"POINT (10.021261576000029 53.494823279000059)","Unfall 185576 (2020) Kat:3, Licht: 0","185576","3","2","6","03","13","3","1","0","0","1","1","0"
"POINT (9.989509620000035 53.458218015000057)","Unfall 185577 (2020) Kat:3, Licht: 0","185577","3","6","0","02","15","4","0","0","0","1","0","0"
"POINT (10.044546075000028 53.636320985000054)","Unfall 185578 (2020) Kat:3, Licht: 0","185578","3","6","2","02","16","5","0","0","0","1","0","0"
"POINT (10.201798495000048 53.485737218000054)","Unfall 185579 (2020) Kat:3, Licht: 1","185579","3","2","6","02","07","6","1","1","0","1","1","0"
"POINT (9.965201883000077 53.569396311000048)","Unfall 185580 (2020) Kat:2, Licht: 0","185580","2","6","0","03","13","2","0","0","0","0","0","1"
"POINT (9.980793606000077 53.424419826000076)","Unfall 185581 (2020) Kat:3, Licht: 2","185581","3","2","6","02","06","4","1","2","0","1","1","0"
"POINT (10.209548621000067 53.512963620000050)","Unfall 185582 (2020) Kat:3, Licht: 0","185582","3","2","2","02","14","6","0","0","0","1","0","0"
"POINT (9.994837885000038 53.515366860000029)","Unfall 185583 (2020) Kat:3, Licht: 2","185583","3","7","6","03","19","5","0","2","0","1","1","0"
"POINT (9.746211992000042 53.581763602000080)","Unfall 185584 (2020) Kat:3, Licht: 0","185584","3","6","3","03","13","5","0","0","1","0","0","0"
"POINT (9.999475488000030 53.498549814000057)","Unfall 185585 (2020) Kat:3, Licht: 0","185585","3","6","2","02","19","4","0","0","0","1","0","0"
"POINT (9.781634413000063 53.537763092000034)","Unfall 185586 (2020) Kat:3, Licht: 0","185586","3","6","2","02","10","6","0","0","0","1","0","0"
"POINT (10.015539080000053 53.562675029000047)","Unfall 185587 (2020) Kat:3, Licht: 2","185587","3","3","5","03","05","3","1","2","0","1","0","0"
"POINT (10.003816401000051 53.502637904000039)","Unfall 185588 (2020) Kat:3, Licht: 0","185588","3","6","2","02","08","4","1","0","0","1","0","0"
"POINT (10.003943773000060 53.520391978000077)","Unfall 185589 (2020) Kat:3, Licht: 0","185589","3","7","0","03","10","5","1","0","1","0","0","0"
"POINT (10.185491626000044 53.510206808000078)","Unfall 185590 (2020) Kat:3, Licht: 0","185590","3","3","5","02","11","4","1","0","0","1","0","0"
"POINT (10.060219260000054 53.571736348000059)","Unfall 185591 (2020) Kat:3, Licht: 1","185591","3","2","6","03","06","3","1","1","0","1","1","0"
"POINT (10.116019206000033 53.485346016000051)","Unfall 185592 (2020) Kat:3, Licht: 0","185592","3","3","5","02","10","4","0","0","0","1","0","0"
"POINT (9.993731915000069 53.541428102000054)","Unfall 185593 (2020) Kat:3, Licht: 0","185593","3","3","5","02","16","5","0","0","1","1","0","0"
"POINT (10.057641502000024 53.554898824000077)","Unfall 185594 (2020) Kat:3, Licht: 0","185594","3","2","4","02","13","6","0","0","0","1","1","0"
"POINT (9.864729284000021 53.597190558000079)","Unfall 185595 (2020) Kat:3, Licht: 0","185595","3","6","1","03","13","1","0","0","0","1","0","0"
"POINT (9.981149365000022 53.420976057000075)","Unfall 185596 (2020) Kat:3, Licht: 0","185596","3","6","3","02","11","7","0","0","0","1","0","0"
"POINT (10.068417083000043 53.559487708000063)","Unfall 185597 (2020) Kat:3, Licht: 0","185597","3","6","3","02","12","4","1","0","0","1","0","0"
"POINT (9.992681158000039 53.566577439000071)","Unfall 185598 (2020) Kat:3, Licht: 0","185598","3","3","5","03","17","3","0","0","0","1","0","0"
"POINT (9.920226873000047 53.563032038000074)","Unfall 185599 (2020) Kat:2, Licht: 0","185599","2","3","2","03","14","5","0","0","1","1","0","0"
"POINT (9.959343418000060 53.574657742000056)","Unfall 185600 (2020) Kat:3, Licht: 1","185600","3","6","2","03","18","5","1","1","0","1","0","0"
"POINT (10.095865684000046 53.542849535000073)","Unfall 185601 (2020) Kat:3, Licht: 2","185601","3","3","5","02","19","4","1","2","0","1","0","0"
"POINT (9.996375180000030 53.552971604000049)","Unfall 185602 (2020) Kat:3, Licht: 0","185602","3","5","1","03","10","3","1","0","1","1","0","0"
"POINT (10.070767265000029 53.572430252000061)","Unfall 185603 (2020) Kat:3, Licht: 2","185603","3","4","6","02","23","7","1","2","0","1","1","0"
"POINT (10.136078436000048 53.571297755000046)","Unfall 185604 (2020) Kat:3, Licht: 0","185604","3","6","2","02","10","6","0","0","0","1","0","0"
"POINT (10.000835386000062 53.548552397000037)","Unfall 185605 (2020) Kat:3, Licht: 0","185605","3","4","6","03","13","3","1","0","0","1","1","0"
"POINT (10.124346146000050 53.570970663000082)","Unfall 185606 (2020) Kat:2, Licht: 0","185606","2","4","6","02","10","4","1","0","0","1","1","0"
"POINT (10.103515348000030 53.649080591000029)","Unfall 185607 (2020) Kat:3, Licht: 0","185607","3","7","2","02","12","4","0","0","0","1","0","0"
"POINT (10.070693297000048 53.572981266000056)","Unfall 185608 (2020) Kat:3, Licht: 2","185608","3","3","5","02","20","6","0","2","1","1","0","0"
"POINT (9.993851050000046 53.440639011000030)","Unfall 185609 (2020) Kat:3, Licht: 2","185609","3","3","5","03","05","6","1","2","0","1","0","0"
"POINT (10.028878866000071 53.552127753000036)","Unfall 185610 (2020) Kat:3, Licht: 0","185610","3","6","2","03","10","3","1","0","0","1","0","0"
"POINT (10.158557283000050 53.602522050000061)","Unfall 185611 (2020) Kat:2, Licht: 0","185611","2","2","5","03","16","1","0","0","0","0","0","1"
"POINT (9.914238369000032 53.582800826000039)","Unfall 185612 (2020) Kat:3, Licht: 0","185612","3","6","2","03","07","4","0","0","0","1","0","0"
"POINT (10.065361238000037 53.650282001000051)","Unfall 185613 (2020) Kat:3, Licht: 0","185613","3","6","2","03","16","5","0","0","0","1","0","0"
"POINT (10.053300085000046 53.573318251000046)","Unfall 185614 (2020) Kat:3, Licht: 0","185614","3","7","1","04","09","5","0","0","1","1","0","0"
"POINT (9.997238720000041 53.578508256000077)","Unfall 185615 (2020) Kat:3, Licht: 0","185615","3","3","5","04","13","5","0","0","1","1","0","0"
"POINT (9.951686043000052 53.599761806000060)","Unfall 185616 (2020) Kat:3, Licht: 0","185616","3","4","6","04","14","2","0","0","0","1","1","0"
"POINT (10.112354796000034 53.582575383000062)","Unfall 185617 (2020) Kat:3, Licht: 0","185617","3","6","2","03","15","3","0","0","0","1","0","0"
"POINT (10.198986459000025 53.485203934000026)","Unfall 185618 (2020) Kat:3, Licht: 0","185618","3","5","1","04","16","1","0","0","0","1","0","1"
"POINT (9.987060271000075 53.590284989000054)","Unfall 185619 (2020) Kat:3, Licht: 0","185619","3","2","6","03","16","4","0","0","0","1","1","0"
"POINT (9.898389288000033 53.613266645000067)","Unfall 185620 (2020) Kat:3, Licht: 0","185620","3","3","5","04","07","5","0","0","1","1","0","0"
"POINT (10.068884481000055 53.553314413000066)","Unfall 185621 (2020) Kat:3, Licht: 0","185621","3","2","6","04","12","4","0","0","0","1","1","0"
"POINT (9.966197445000034 53.583060809000074)","Unfall 185622 (2020) Kat:3, Licht: 2","185622","3","5","1","03","18","4","0","2","1","1","0","0"
"POINT (9.885991982000064 53.517870220000077)","Unfall 185623 (2020) Kat:3, Licht: 0","185623","3","6","2","04","17","7","0","0","0","1","0","1"
"POINT (10.107284872000037 53.598983130000079)","Unfall 185624 (2020) Kat:3, Licht: 0","185624","3","3","5","03","15","6","0","0","0","1","0","0"
"POINT (9.971341827000060 53.598646865000035)","Unfall 185625 (2020) Kat:3, Licht: 0","185625","3","1","0","03","12","4","0","0","0","0","0","1"