WKT,Name,OBJECTID,UKATEGORIE,UTYP1,UART,UMONAT,USTUNDE,UWOCHENTAG,STRZUSTAND,ULICHTVERH,ISTRAD,ISTPKW,ISTFUSS,ISTKRAD
"POINT (9.990331224000045 53.448845938000034)","Unfall 185626 (2020) Kat:3, Licht: 0","185626","3","1","1","04","18","3","0","0","0","1","0","0"
"POINT (9.870594249000021 53.598143577000030)","Unfall 185627 (2020) Kat:3, Licht: 0","185627","3","6","4","04","18","1","0","0","0","1","0","0"
"POINT (10.035378620000074 53.574891573000059)","Unfall 185628 (2020) Kat:3, Licht: 0","185628","3","2","2","03","14","2","0","0","0","1","0","0"
"POINT (10.158015500000033 53.648563549000073)","Unfall 185629 (2020) Kat:3, Licht: 0","185629","3","3","0","04","16","7","0","0","1","1","0","0"
"POINT (9.985044452000068 53.570807298000034)","Unfall 185630 (2020) Kat:2, Licht: 0","185630","2","7","0","04","07","4","0","0","1","0","0","0"
"POINT (9.803826389000051 53.564979643000072)","Unfall 185631 (2020) Kat:2, Licht: 0","185631","2","3","0","03","12","3","0","0","0","1","0","0"
"POINT (9.964370758000030 53.557053648000078)","Unfall 185632 (2020) Kat:3, Licht: 0","185632","3","2","3","04","14","1","0","0","1","0","0","1"
"POINT (10.156418661000032 53.606011300000034)","Unfall 185633 (2020) Kat:3, Licht: 0","185633","3","5","1","04","18","4","0","0","1","1","0","0"
"POINT (9.965698484000029 53.570980499000029)","Unfall 185634 (2020) Kat:3, Licht: 0","185634","3","2","4","04","08","4","0","0","0","0","0","1"
"POINT (9.963933838000060 53.569518520000031)","Unfall 185635 (2020) Kat:3, Licht: 0","185635","3","6","2","03","10","4","0","0","0","1","0","0"
"POINT (10.093046271000048 53.603026695000040)","Unfall 185636 (2020) Kat:3, Licht: 0","185636","3","6","6","04","12","7","0","0","1","0","1","0"
"POINT (10.015897177000056 53.589016810000032)","Unfall 185637 (2020) Kat:3, Licht: 0","185637","3","1","0","03","15","6","0","0","0","0","0","1"
"POINT (9.969646253000065 53.545954243000040)","Unfall 185638 (2020) Kat:3, Licht: 0","185638","3","3","5","03","17","4","0","0","1","1","0","0"
"POINT (10.041296252000052 53.599425910000036)","Unfall 185639 (2020) Kat:3, Licht: 0","185639","3","6","2","04","16","3","0","0","0","1","0","0"
"POINT (10.017450513000028 53.482488518000082)","Unfall 185640 (2020) Kat:2, Licht: 0","185640","2","1","1","04","10","7","0","0","0","1","0","1"
"POINT (10.015800286000058 53.562585518000049)","Unfall 185641 (2020) Kat:3, Licht: 0","185641","3","6","1","03","13","1","0","0","0","1","0","0"
"POINT (9.986285754000051 53.581265447000078)","Unfall 185642 (2020) Kat:3, Licht: 0","185642","3","2","6","04","17","7","0","0","0","1","1","0"
"POINT (10.127782349000029 53.576104847000067)","Unfall 185643 (2020) Kat:3, Licht: 0","185643","3","6","2","04","13","3","0","0","0","1","0","0"
"POINT (9.928420824000057 53.555827408000027)","Unfall 185644 (2020) Kat:3, Licht: 0","185644","3","5","1","03","08","3","0","0","1","1","0","0"
"POINT (9.896551241000054 53.515424296000049)","Unfall 185645 (2020) Kat:3, Licht: 0","185645","3","2","3","03","16","3","0","0","0","1","0","0"
"POINT (10.032005577000064 53.623620207000045)","Unfall 185646 (2020) Kat:3, Licht: 1","185646","3","7","6","03","18","5","0","1","0","1","1","0"
"POINT (10.183375929000022 53.399608836000027)","Unfall 185647 (2020) Kat:3, Licht: 2","185647","3","1","9","04","21","5","0","2","0","1","0","0"
"POINT (10.059355987000060 53.593806408000034)","Unfall 185648 (2020) Kat:3, Licht: 0","185648","3","2","2","04","13","2","0","0","0","1","0","0"
"POINT (9.995091348000074 53.465048927000055)","Unfall 185649 (2020) Kat:3, Licht: 0","185649","3","6","2","03","14","4","0","0","0","1","0","1"
"POINT (9.857615718000034 53.474368685000059)","Unfall 185650 (2020) Kat:3, Licht: 0","185650","3","6","4","03","10","3","0","0","0","1","0","0"
"POINT (10.127403523000055 53.581277964000037)","Unfall 185651 (2020) Kat:3, Licht: 0","185651","3","2","4","03","15","3","0","0","1","1","0","0"
"POINT (10.201876833000028 53.488438887000029)","Unfall 185652 (2020) Kat:3, Licht: 0","185652","3","7","0","03","08","3","0","0","0","0","1","0"
"POINT (9.950989379000021 53.546863559000030)","Unfall 185653 (2020) Kat:3, Licht: 0","185653","3","7","1","04","18","6","0","0","0","1","0","0"
"POINT (9.993790112000056 53.549451063000049)","Unfall 185654 (2020) Kat:2, Licht: 0","185654","2","3","5","04","08","3","0","0","1","0","0","0"
"POINT (9.953266625000026 53.584645645000080)","Unfall 185655 (2020) Kat:3, Licht: 0","185655","3","3","5","03","10","6","0","0","0","0","0","1"
"POINT (10.113945223000030 53.624823465000077)","Unfall 185656 (2020) Kat:3, Licht: 0","185656","3","2","3","03","13","3","0","0","1","1","0","0"
"POINT (9.953949230000035 53.553689689000066)","Unfall 185657 (2020) Kat:3, Licht: 0","185657","3","2","4","04","15","3","0","0","0","1","0","0"
"POINT (10.038206696000032 53.559144997000033)","Unfall 185658 (2020) Kat:3, Licht: 0","185658","3","6","2","04","08","7","0","0","0","1","0","0"
"POINT (10.049602233000030 53.531190611000056)","Unfall 185659 (2020) Kat:2, Licht: 0","185659","2","6","4","03","17","7","0","0","1","1","0","0"
"POINT (10.095314829000074 53.649297774000047)","Unfall 185660 (2020) Kat:3, Licht: 0","185660","3","2","5","04","16","6","0","0","1","1","0","0"
"POINT (10.038055284000052 53.648537789000045)","Unfall 185661 (2020) Kat:3, Licht: 0","185661","3","6","2","04","14","6","0","0","0","1","0","0"
"POINT (10.034495692000064 53.579963416000055)","Unfall 185662 (2020) Kat:3, Licht: 0","185662","3","6","2","04","17","3","0","0","0","1","0","0"
"POINT (10.101815279000050 53.646769213000027)","Unfall 185663 (2020) Kat:3, Licht: 0","185663","3","6","2","03","12","2","1","0","0","1","0","0"
"POINT (10.038577969000073 53.608424117000027)","Unfall 185664 (2020) Kat:3, Licht: 2","185664","3","2","3","03","05","3","0","2","1","1","0","0"
"POINT (10.033825257000046 53.576424719000045)","Unfall 185665 (2020) Kat:2, Licht: 0","185665","2","7","9","03","08","5","0","0","1","0","0","0"
"POINT (10.045977673000039 53.611410131000071)","Unfall 185666 (2020) Kat:3, Licht: 0","185666","3","3","5","04","13","5","0","0","0","1","0","0"
"POINT (9.893772021000075 53.609110807000036)","Unfall 185667 (2020) Kat:3, Licht: 0","185667","3","2","4","04","17","2","0","0","0","1","0","0"
"POINT (9.804880450000042 53.529986906000033)","Unfall 185668 (2020) Kat:3, Licht: 0","185668","3","2","2","03","13","3","0","0","0","1","0","0"
"POINT (9.926553848000026 53.555132220000075)","Unfall 185669 (2020) Kat:3, Licht: 0","185669","3","2","3","04","19","2","0","0","1","0","0","0"
"POINT (10.072936292000065 53.608738174000052)","Unfall 185670 (2020) Kat:3, Licht: 0","185670","3","4","6","03","07","3","0","0","0","1","1","0"
"POINT (10.003942152000036 53.481842872000072)","Unfall 185671 (2020) Kat:2, Licht: 0","185671","2","4","6","04","15","5","0","0","0","1","1","0"
"POINT (10.054530190000037 53.560867149000046)","Unfall 185672 (2020) Kat:3, Licht: 1","185672","3","6","2","04","19","2","0","1","1","1","0","0"
"POINT (9.866109427000026 53.565796799000054)","Unfall 185673 (2020) Kat:3, Licht: 0","185673","3","7","0","04","14","7","0","0","1","0","0","0"
"POINT (9.885401241000068 53.478358411000045)","Unfall 185674 (2020) Kat:3, Licht: 0","185674","3","6","2","03","15","6","0","0","0","1","0","0"
"POINT (9.917395654000075 53.551222725000059)","Unfall 185675 (2020) Kat:3, Licht: 0","185675","3","1","0","04","15","6","0","0","1","0","0","0"
"POINT (10.085998549000067 53.617908482000075)","Unfall 185676 (2020) Kat:3, Licht: 0","185676","3","3","5","04","09","5","0","0","1","1","0","0"
"POINT (10.085906267000041 53.492583504000038)","Unfall 185677 (2020) Kat:3, Licht: 0","185677","3","6","0","04","15","1","0","0","1","1","0","0"
"POINT (10.081181202000039 53.639606121000043)","Unfall 185678 (2020) Kat:3, Licht: 0","185678","3","5","1","03","16","1","0","0","1","1","0","0"
"POINT (10.093984292000073 53.682855830000051)","Unfall 185679 (2020) Kat:3, Licht: 0","185679","3","6","4","03","10","3","0","0","0","1","0","0"
"POINT (10.035739724000052 53.601067168000043)","Unfall 185680 (2020) Kat:3, Licht: 0","185680","3","2","4","03","09","5","0","0","0","1","0","0"
"POINT (9.921176539000044 53.597368954000046)","Unfall 185681 (2020) Kat:3, Licht: 0","185681","3","3","5","04","12","5","0","0","1","1","0","0"
"POINT (10.041212414000029 53.522357949000082)","Unfall 185682 (2020) Kat:3, Licht: 0","185682","3","2","3","04","09","4","0","0","0","0","0","0"
"POINT (9.941030951000073 53.556607857000074)","Unfall 185683 (2020) Kat:3, Licht: 2","185683","3","7","0","04","21","2","0","2","0","0","0","0"
"POINT (10.178392126000062 53.656312072000048)","Unfall 185684 (2020) Kat:3, Licht: 0","185684","3","3","5","03","12","3","0","0","0","1","0","0"
"POINT (10.097845807000056 53.541671212000040)","Unfall 185685 (2020) Kat:3, Licht: 0","185685","3","2","5","04","17","1","0","0","0","1","0","0"
"POINT (10.162973813000065 53.649475878000032)","Unfall 185686 (2020) Kat:2, Licht: 0","185686","2","4","6","03","15","3","0","0","0","1","1","0"
"POINT (9.977631860000031 53.575639583000054)","Unfall 185687 (2020) Kat:3, Licht: 2","185687","3","1","9","04","00","5","0","2","0","1","0","0"
"POINT (10.017520914000045 53.600749075000067)","Unfall 185688 (2020) Kat:3, Licht: 0","185688","3","6","3","04","07","4","1","0","0","1","0","0"
"POINT (10.001878958000077 53.667811325000059)","Unfall 185689 (2020) Kat:3, Licht: 0","185689","3","6","2","03","11","3","0","0","0","1","0","0"
"POINT (10.069628408000028 53.526489508000054)","Unfall 185690 (2020) Kat:3, Licht: 0","185690","3","2","3","04","14","7","0","0","1","1","0","0"
"POINT (10.157952388000069 53.648781336000070)","Unfall 185691 (2020) Kat:3, Licht: 0","185691","3","3","5","03","06","6","0","0","0","1","0","0"
"POINT (9.994141794000029 53.601739518000045)","Unfall 185692 (2020) Kat:3, Licht: 2","185692","3","2","5","03","19","3","0","2","1","1","0","0"
"POINT (9.970940052000060 53.547117574000026)","Unfall 185693 (2020) Kat:3, Licht: 2","185693","3","5","1","04","04","5","0","2","0","1","0","0"
"POINT (9.878790316000050 53.585940900000082)","Unfall 185694 (2020) Kat:3, Licht: 0","185694","3","2","4","03","16","3","0","0","1","1","0","0"
"POINT (10.049996982000039 53.588945977000037)","Unfall 185695 (2020) Kat:3, Licht: 0","185695","3","3","0","04","17","1","0","0","0","1","0","1"
"POINT (9.969537704000061 53.530673051000065)","Unfall 185696 (2020) Kat:3, Licht: 0","185696","3","1","0","03","12","7","0","0","1","0","0","0"
"POINT (9.913277045000029 53.558546193000041)","Unfall 185697 (2020) Kat:3, Licht: 0","185697","3","3","5","03","08","3","0","0","0","1","0","0"
"POINT (10.066325441000060 53.598764285000073)","Unfall 185698 (2020) Kat:3, Licht: 0","185698","3","2","6","04","09","4","0","0","0","1","1","0"
"POINT (10.067304784000044 53.523898601000042)","Unfall 185699 (2020) Kat:3, Licht: 0","185699","3","6","0","04","14","1","0","0","1","1","0","1"
"POINT (9.867052609000041 53.587036718000036)","Unfall 185700 (2020) Kat:3, Licht: 1","185700","3","6","4","03","05","3","0","1","0","1","0","1"
"POINT (9.923499343000060 53.520588626000063)","Unfall 185701 (2020) Kat:3, Licht: 2","185701","3","1","8","04","20","1","0","2","0","1","0","0"
"POINT (10.012630071000046 53.616140213000051)","Unfall 185702 (2020) Kat:3, Licht: 0","185702","3","6","6","04","13","4","0","0","1","0","1","0"
"POINT (10.011308575000044 53.558671636000042)","Unfall 185703 (2020) Kat:3, Licht: 0","185703","3","3","5","04","16","4","0","0","0","1","0","1"
"POINT (9.953412662000062 53.560449445000074)","Unfall 185704 (2020) Kat:3, Licht: 0","185704","3","1","0","03","20","3","0","0","0","0","0","1"
"POINT (9.976881607000053 53.557472586000074)","Unfall 185705 (2020) Kat:3, Licht: 0","185705","3","3","5","04","15","7","0","0","1","1","0","0"
"POINT (9.907414931000062 53.545794329000046)","Unfall 185706 (2020) Kat:2, Licht: 0","185706","2","6","3","03","15","6","0","0","0","1","0","1"
"POINT (9.974117222000075 53.569209391000072)","Unfall 185707 (2020) Kat:3, Licht: 0","185707","3","2","2","03","14","3","0","0","0","1","0","0"
"POINT (9.993858978000048 53.599302048000027)","Unfall 185708 (2020) Kat:1, Licht: 0","185708","1","2","3","04","07","3","0","0","1","0","0","0"
"POINT (10.167419202000076 53.515192216000059)","Unfall 185709 (2020) Kat:3, Licht: 0","185709","3","3","5","04","18","7","0","0","0","1","1","0"
"POINT (9.795730061000029 53.514655707000031)","Unfall 185710 (2020) Kat:3, Licht: 0","185710","3","2","4","03","10","7","0","0","0","1","0","0"
"POINT (10.114857840000070 53.621127138000077)","Unfall 185711 (2020) Kat:3, Licht: 0","185711","3","2","3","04","18","6","0","0","0","1","0","1"
"POINT (10.091024982000022 53.553201094000030)","Unfall 185712 (2020) Kat:3, Licht: 0","185712","3","5","5","04","14","6","1","0","0","1","0","0"
"POINT (10.033619846000022 53.536504712000067)","Unfall 185713 (2020) Kat:3, Licht: 0","185713","3","2","6","04","12","3","0","0","0","1","1","0"
"POINT (10.000940332000027 53.555717943000047)","Unfall 185714 (2020) Kat:3, Licht: 1","185714","3","3","5","04","19","1","0","1","0","1","0","0"
"POINT (10.017002618000049 53.563984672000061)","Unfall 185715 (2020) Kat:3, Licht: 0","185715","3","3","5","03","11","2","0","0","0","1","0","0"
"POINT (9.937216471000056 53.581739781000067)","Unfall 185716 (2020) Kat:3, Licht: 0","185716","3","7","6","04","09","7","0","0","0","0","1","0"
"POINT (9.985149654000054 53.449493125000060)","Unfall 185717 (2020) Kat:3, Licht: 2","185717","3","7","6","04","22","3","0","2","0","1","1","0"
"POINT (10.014367880000066 53.577137758000049)","Unfall 185718 (2020) Kat:3, Licht: 0","185718","3","6","2","03","15","3","0","0","1","1","0","0"
"POINT (9.985674693000021 53.551047386000050)","Unfall 185719 (2020) Kat:3, Licht: 0","185719","3","2","3","03","17","3","0","0","1","0","0","0"
"POINT (9.993774689000077 53.557599329000027)","Unfall 185720 (2020) Kat:3, Licht: 0","185720","3","3","5","04","15","6","0","0","1","0","0","1"
"POINT (9.906675261000032 53.481946665000066)","Unfall 185721 (2020) Kat:2, Licht: 0","185721","2","6","2","04","17","2","0","0","0","1","0","0"
"POINT (10.079744733000041 53.641053186000079)","Unfall 185722 (2020) Kat:3, Licht: 0","185722","3","3","5","03","17","5","0","0","1","1","0","0"
"POINT (10.008721570000034 53.559025534000057)","Unfall 185723 (2020) Kat:3, Licht: 0","185723","3","5","1","03","12","3","0","0","1","1","0","0"
"POINT (9.990520872000047 53.510320876000037)","Unfall 185724 (2020) Kat:2, Licht: 0","185724","2","7","0","04","14","2","0","0","0","1","0","0"
"POINT (10.035252479000064 53.574807670000041)","Unfall 185725 (2020) Kat:3, Licht: 0","185725","3","3","5","04","16","7","0","0","0","1","0","0"
"POINT (10.022621143000038 53.629655437000054)","Unfall 185726 (2020) Kat:3, Licht: 2","185726","3","6","2","03","19","7","0","2","0","1","0","0"
"POINT (10.002100270000028 53.596096532000047)","Unfall 185727 (2020) Kat:3, Licht: 1","185727","3","2","2","04","20","6","0","1","0","1","0","0"
"POINT (9.929218566000031 53.629355628000042)","Unfall 185728 (2020) Kat:3, Licht: 0","185728","3","7","0","04","13","6","1","0","1","0","0","0"
"POINT (9.962783825000031 53.556295681000051)","Unfall 185729 (2020) Kat:3, Licht: 0","185729","3","2","4","04","13","3","0","0","1","1","0","0"
"POINT (9.976168514000051 53.572320276000028)","Unfall 185730 (2020) Kat:3, Licht: 0","185730","3","7","1","03","12","2","1","0","1","1","0","0"
"POINT (9.998125700000060 53.524932387000035)","Unfall 185731 (2020) Kat:3, Licht: 2","185731","3","3","5","03","22","3","0","2","0","1","0","0"
"POINT (9.881338372000073 53.565468175000035)","Unfall 185732 (2020) Kat:3, Licht: 0","185732","3","3","0","03","10","5","1","0","0","1","0","1"
"POINT (10.018403234000061 53.614851021000050)","Unfall 185733 (2020) Kat:3, Licht: 0","185733","3","2","4","04","10","5","0","0","0","1","0","0"
"POINT (10.011683913000070 53.610237164000068)","Unfall 185734 (2020) Kat:3, Licht: 0","185734","3","6","2","04","08","3","0","0","0","1","0","0"
"POINT (10.068966474000035 53.525174944000071)","Unfall 185735 (2020) Kat:2, Licht: 0","185735","2","6","4","03","06","2","2","0","0","1","0","0"
"POINT (9.976961712000048 53.461291887000073)","Unfall 185736 (2020) Kat:3, Licht: 0","185736","3","6","1","03","14","2","0","0","0","1","0","1"
"POINT (9.956175910000070 53.581613306000065)","Unfall 185737 (2020) Kat:3, Licht: 2","185737","3","1","0","03","18","5","0","2","1","0","0","0"
"POINT (10.072348609000073 53.515765335000026)","Unfall 185738 (2020) Kat:2, Licht: 0","185738","2","7","5","04","05","5","0","0","0","1","0","1"
"POINT (10.076614471000028 53.660827681000058)","Unfall 185739 (2020) Kat:3, Licht: 0","185739","3","6","2","04","09","2","0","0","0","1","0","0"
"POINT (10.034040596000068 53.557597182000052)","Unfall 185740 (2020) Kat:3, Licht: 1","185740","3","1","0","03","19","4","0","1","1","0","0","0"
"POINT (10.016183195000053 53.634914023000078)","Unfall 185741 (2020) Kat:3, Licht: 0","185741","3","6","2","04","12","2","0","0","0","1","0","0"
"POINT (10.003978387000075 53.520395431000054)","Unfall 185742 (2020) Kat:3, Licht: 0","185742","3","6","2","04","16","6","0","0","0","1","0","0"
"POINT (10.158600369000055 53.645459343000027)","Unfall 185743 (2020) Kat:3, Licht: 0","185743","3","6","4","03","12","6","0","0","0","1","0","0"
"POINT (9.866769234000060 53.585790399000075)","Unfall 185744 (2020) Kat:3, Licht: 0","185744","3","3","5","03","14","6","0","0","1","1","0","0"
"POINT (9.977231621000044 53.564242232000026)","Unfall 185745 (2020) Kat:3, Licht: 0","185745","3","3","5","04","11","6","0","0","0","1","0","0"
"POINT (9.908534319000069 53.591561464000051)","Unfall 185746 (2020) Kat:3, Licht: 0","185746","3","7","0","04","14","5","0","0","0","0","0","1"
"POINT (10.136146746000065 53.570967747000054)","Unfall 185747 (2020) Kat:3, Licht: 0","185747","3","3","5","04","16","1","0","0","1","1","0","0"
"POINT (9.879986203000044 53.529156529000034)","Unfall 185748 (2020) Kat:3, Licht: 0","185748","3","3","5","03","15","7","0","0","0","1","0","0"
"POINT (10.032211926000059 53.552267870000037)","Unfall 185749 (2020) Kat:3, Licht: 0","185749","3","6","2","03","14","2","0","0","0","1","0","0"
"POINT (9.969704688000036 53.567756632000055)","Unfall 185750 (2020) Kat:3, Licht: 0","185750","3","6","2","03","16","5","0","0","0","1","0","0"
"POINT (10.078608621000058 53.497586270000056)","Unfall 185751 (2020) Kat:3, Licht: 0","185751","3","7","0","04","18","4","0","0","1","0","0","0"
"POINT (9.988012055000070 53.558146933000046)","Unfall 185752 (2020) Kat:3, Licht: 0","185752","3","6","2","04","16","2","0","0","0","1","0","0"
"POINT (9.907028049000076 53.610132900000053)","Unfall 185753 (2020) Kat:3, Licht: 0","185753","3","2","4","03","17","3","0","0","1","1","0","0"
"POINT (9.846999478000043 53.594619708000039)","Unfall 185754 (2020) Kat:3, Licht: 0","185754","3","7","0","03","17","6","0","0","1","0","0","0"
"POINT (10.023630499000035 53.628857103000030)","Unfall 185755 (2020) Kat:3, Licht: 0","185755","3","6","6","04","12","1","0","0","0","1","1","0"
"POINT (9.942290955000033 53.546362370000054)","Unfall 185756 (2020) Kat:2, Licht: 0","185756","2","3","5","04","15","5","0","0","1","0","0","1"
"POINT (9.873206528000026 53.561547607000080)","Unfall 185757 (2020) Kat:3, Licht: 0","185757","3","3","5","04","10","2","0","0","0","1","0","0"
"POINT (10.112474717000055 53.620735681000042)","Unfall 185758 (2020) Kat:3, Licht: 0","185758","3","2","6","03","07","3","0","0","0","1","1","0"
"POINT (9.984182827000041 53.592661689000067)","Unfall 185759 (2020) Kat:3, Licht: 0","185759","3","7","0","03","12","6","0","0","0","0","0","0"
"POINT (9.982719752000037 53.545819857000026)","Unfall 185760 (2020) Kat:2, Licht: 0","185760","2","2","5","04","14","2","0","0","0","1","0","1"
"POINT (10.081227687000023 53.606054540000059)","Unfall 185761 (2020) Kat:3, Licht: 0","185761","3","4","6","03","15","2","0","0","0","0","1","0"
"POINT (10.017022342000075 53.564027251000027)","Unfall 185762 (2020) Kat:3, Licht: 0","185762","3","3","5","04","13","5","0","0","0","1","0","0"
"POINT (9.923506417000056 53.516181144000029)","Unfall 185763 (2020) Kat:1, Licht: 0","185763","1","1","3","04","16","5","0","0","0","0","0","1"
"POINT (10.173144819000072 53.642470089000028)","Unfall 185764 (2020) Kat:3, Licht: 2","185764","3","1","9","03","19","2","0","2","0","1","0","0"
"POINT (10.011970345000066 53.557936866000034)","Unfall 185765 (2020) Kat:3, Licht: 0","185765","3","6","3","04","15","1","0","0","1","0","0","0"
"POINT (10.115770347000023 53.488069502000030)","Unfall 185766 (2020) Kat:3, Licht: 0","185766","3","3","5","03","16","6","0","0","0","1","0","0"
"POINT (10.055928369000071 53.646853100000044)","Unfall 185767 (2020) Kat:3, Licht: 0","185767","3","6","2","03","16","2","0","0","0","1","0","0"
"POINT (10.005126705000066 53.547996190000049)","Unfall 185768 (2020) Kat:3, Licht: 0","185768","3","3","5","04","12","4","0","0","1","1","0","0"
"POINT (10.161619380000047 53.650223810000057)","Unfall 185769 (2020) Kat:3, Licht: 0","185769","3","2","5","04","15","1","0","0","1","1","0","0"
"POINT (10.017001888000038 53.563983092000058)","Unfall 185770 (2020) Kat:3, Licht: 0","185770","3","3","5","03","14","2","0","0","0","1","0","0"
"POINT (9.955459327000028 53.550207919000059)","Unfall 185771 (2020) Kat:3, Licht: 0","185771","3","2","5","03","17","6","0","0","1","1","0","0"
"POINT (10.150806689000035 53.523867473000053)","Unfall 185772 (2020) Kat:3, Licht: 1","185772","3","3","5","04","20","7","0","1","0","1","0","1"
"POINT (9.909336613000050 53.646052389000033)","Unfall 185773 (2020) Kat:3, Licht: 0","185773","3","2","5","04","14","4","0","0","1","1","0","0"
"POINT (10.047493905000067 53.561252510000031)","Unfall 185774 (2020) Kat:3, Licht: 0","185774","3","2","6","03","07","3","0","0","0","1","1","0"
"POINT (10.007963912000037 53.676917515000071)","Unfall 185775 (2020) Kat:3, Licht: 0","185775","3","4","6","03","15","2","0","0","0","1","1","0"
"POINT (10.045160578000036 53.567384682000068)","Unfall 185776 (2020) Kat:2, Licht: 0","185776","2","2","2","04","12","6","0","0","0","1","0","0"
"POINT (10.175096676000067 53.633171944000082)","Unfall 185777 (2020) Kat:3, Licht: 1","185777","3","6","4","04","05","4","0","1","0","1","0","0"
"POINT (9.975838422000038 53.578026982000040)","Unfall 185778 (2020) Kat:3, Licht: 1","185778","3","6","6","04","20","4","0","1","1","0","1","0"
"POINT (9.795095926000045 53.587453885000059)","Unfall 185779 (2020) Kat:3, Licht: 1","185779","3","6","4","03","18","2","0","1","1","1","0","0"
"POINT (10.179010786000049 53.591182412000080)","Unfall 185780 (2020) Kat:3, Licht: 2","185780","3","6","4","04","20","7","0","2","1","1","0","0"
"POINT (10.011496150000028 53.609063164000077)","Unfall 185781 (2020) Kat:3, Licht: 2","185781","3","2","6","03","05","6","0","2","0","1","1","0"
"POINT (9.972005360000026 53.598559107000028)","Unfall 185782 (2020) Kat:3, Licht: 0","185782","3","6","2","03","10","2","0","0","0","1","0","0"
"POINT (10.088620799000068 53.577877237000052)","Unfall 185783 (2020) Kat:3, Licht: 0","185783","3","6","3","04","18","3","0","0","1","1","0","0"
"POINT (9.810307283000043 53.523972828000069)","Unfall 185784 (2020) Kat:3, Licht: 0","185784","3","6","2","04","13","7","0","0","0","1","0","0"
"POINT (10.125303736000035 53.668808052000031)","Unfall 185785 (2020) Kat:2, Licht: 0","185785","2","2","2","03","13","1","0","0","0","1","0","1"
"POINT (9.951784479000025 53.566827573000069)","Unfall 185786 (2020) Kat:3, Licht: 2","185786","3","4","6","03","21","6","0","2","1","0","1","0"
"POINT (9.905171527000050 53.555442213000049)","Unfall 185787 (2020) Kat:3, Licht: 2","185787","3","7","0","04","22","7","0","2","0","1","0","0"
"POINT (10.045820284000058 53.548332581000068)","Unfall 185788 (2020) Kat:3, Licht: 2","185788","3","3","5","04","20","3","0","2","0","1","0","0"
"POINT (9.949063390000049 53.579943932000049)","Unfall 185789 (2020) Kat:3, Licht: 1","185789","3","5","1","03","06","3","0","1","0","1","0","0"
"POINT (9.941567923000036 53.555313053000077)","Unfall 185790 (2020) Kat:3, Licht: 0","185790","3","6","4","03","17","2","0","0","1","0","0","0"
"POINT (9.991766126000073 53.553764390000026)","Unfall 185791 (2020) Kat:3, Licht: 0","185791","3","4","6","03","09","5","0","0","0","1","1","0"
"POINT (10.012179545000038 53.494204815000046)","Unfall 185792 (2020) Kat:3, Licht: 0","185792","3","3","0","04","12","5","0","0","0","1","0","0"
"POINT (10.079137441000057 53.550879087000055)","Unfall 185793 (2020) Kat:3, Licht: 0","185793","3","5","1","04","07","2","0","0","1","1","0","0"
"POINT (9.952778231000025 53.518840629000067)","Unfall 185794 (2020) Kat:3, Licht: 0","185794","3","2","3","03","10","5","0","0","0","0","0","0"
"POINT (9.924268704000042 53.546395402000030)","Unfall 185795 (2020) Kat:3, Licht: 0","185795","3","6","2","03","08","2","0","0","0","1","0","0"
"POINT (10.136137413000029 53.540577976000066)","Unfall 185796 (2020) Kat:3, Licht: 0","185796","3","2","0","04","09","2","0","0","0","1","0","0"
"POINT (9.817798200000027 53.571292759000073)","Unfall 185797 (2020) Kat:2, Licht: 0","185797","2","4","6","04","17","7","0","0","0","1","1","0"
"POINT (9.947155221000060 53.551417456000081)","Unfall 185798 (2020) Kat:3, Licht: 0","185798","3","3","5","03","13","7","0","0","1","1","0","0"
"POINT (9.778039237000030 53.575690948000045)","Unfall 185799 (2020) Kat:3, Licht: 0","185799","3","6","3","04","11","6","0","0","0","1","0","0"
"POINT (9.890253116000054 53.575004297000078)","Unfall 185800 (2020) Kat:3, Licht: 0","185800","3","3","5","04","07","3","0","0","1","0","0","0"
"POINT (9.873661067000057 53.590952725000079)","Unfall 185801 (2020) Kat:3, Licht: 0","185801","3","2","4","03","09","6","0","0","1","1","0","0"
"POINT (9.996495730000049 53.541500111000062)","Unfall 185802 (2020) Kat:3, Licht: 0","185802","3","2","4","03","17","2","0","0","1","1","0","0"
"POINT (9.918515333000073 53.578359335000073)","Unfall 185803 (2020) Kat:3, Licht: 0","185803","3","2","4","04","14","3","0","0","0","1","0","1"
"POINT (10.150423129000046 53.549683830000049)","Unfall 185804 (2020) Kat:3, Licht: 0","185804","3","6","3","04","18","7","0","0","1","1","0","0"
"POINT (10.015532333000067 53.524581956000077)","Unfall 185805 (2020) Kat:3, Licht: 0","185805","3","4","6","03","13","7","0","0","0","1","1","0"
"POINT (10.065793103000033 53.585113319000072)","Unfall 185806 (2020) Kat:3, Licht: 0","185806","3","3","5","04","08","6","0","0","1","1","0","0"
"POINT (10.068667265000045 53.580786662000037)","Unfall 185807 (2020) Kat:3, Licht: 0","185807","3","2","5","04","17","6","0","0","1","1","0","0"
"POINT (10.017978757000037 53.565176170000029)","Unfall 185808 (2020) Kat:3, Licht: 0","185808","3","6","3","04","12","3","0","0","1","1","0","0"
"POINT (10.094351837000033 53.611450876000049)","Unfall 185809 (2020) Kat:3, Licht: 0","185809","3","6","0","03","07","2","1","0","1","1","0","0"