WKT,Name,OBJECTID,UKATEGORIE,UTYP1,UART,UMONAT,USTUNDE,UWOCHENTAG,STRZUSTAND,ULICHTVERH,ISTRAD,ISTPKW,ISTFUSS,ISTKRAD
"POINT (10.157086569000057 53.407615316000033)","Unfall 185810 (2020) Kat:2, Licht: 0","185810","2","5","1","03","13","1","0","0","0","1","0","1"
"POINT (10.204363920000048 53.491665520000026)","Unfall 185811 (2020) Kat:3, Licht: 1","185811","3","2","4","03","18","4","0","1","1","1","0","0"
"POINT (10.074631951000072 53.612095992000036)","Unfall 185812 (2020) Kat:3, Licht: 0","185812","3","3","5","04","11","5","0","0","1","0","0","0"
"POINT (10.056499901000052 53.569364732000054)","Unfall 185813 (2020) Kat:3, Licht: 0","185813","3","7","0","04","11","2","0","0","1","0","0","0"
"POINT (9.982153269000037 53.581509568000058)","Unfall 185814 (2020) Kat:3, Licht: 2","185814","3","1","0","03","20","4","0","2","1","0","0","0"
"POINT (10.001156917000060 53.567465318000075)","Unfall 185815 (2020) Kat:3, Licht: 0","185815","3","6","4","03","17","6","0","0","1","0","0","0"
"POINT (9.978073659000074 53.593870740000057)","Unfall 185816 (2020) Kat:3, Licht: 0","185816","3","7","0","04","16","2","0","0","1","1","0","0"
"POINT (9.996434453000063 53.550647317000028)","Unfall 185817 (2020) Kat:2, Licht: 0","185817","2","6","3","03","15","6","0","0","0","0","0","0"
"POINT (9.899731326000051 53.514669180000055)","Unfall 185818 (2020) Kat:2, Licht: 0","185818","2","1","9","04","14","5","0","0","0","0","0","1"
"POINT (9.955305080000073 53.551686054000072)","Unfall 185819 (2020) Kat:3, Licht: 2","185819","3","2","5","04","05","5","0","2","1","0","0","0"
"POINT (10.150610484000026 53.653140874000030)","Unfall 185820 (2020) Kat:2, Licht: 2","185820","2","1","8","04","23","1","0","2","0","1","0","0"
"POINT (9.977033287000040 53.544006292000063)","Unfall 185821 (2020) Kat:3, Licht: 2","185821","3","1","8","04","21","6","0","2","0","1","0","0"
"POINT (9.925313667000069 53.544338097000036)","Unfall 185822 (2020) Kat:3, Licht: 2","185822","3","7","6","04","21","2","0","2","0","1","1","0"
"POINT (10.117151149000051 53.607218187000058)","Unfall 185823 (2020) Kat:3, Licht: 0","185823","3","6","2","03","12","1","1","0","0","1","0","0"
"POINT (9.994574105000027 53.551949733000072)","Unfall 185824 (2020) Kat:3, Licht: 2","185824","3","3","5","03","02","1","0","2","1","0","0","0"
"POINT (10.079331544000070 53.473602820000053)","Unfall 185825 (2020) Kat:3, Licht: 0","185825","3","2","0","03","16","4","0","0","1","0","0","0"
"POINT (10.038229213000022 53.592729857000052)","Unfall 185826 (2020) Kat:3, Licht: 0","185826","3","6","2","04","17","5","0","0","0","0","0","1"
"POINT (9.965771835000055 53.565207892000046)","Unfall 185827 (2020) Kat:3, Licht: 0","185827","3","2","3","04","19","5","0","0","1","1","0","0"
"POINT (9.951672854000037 53.599802648000036)","Unfall 185828 (2020) Kat:2, Licht: 0","185828","2","3","5","04","13","2","0","0","1","1","0","0"
"POINT (10.063708858000041 53.581698155000026)","Unfall 185829 (2020) Kat:3, Licht: 0","185829","3","4","6","03","08","3","0","0","1","0","1","0"
"POINT (10.102094352000051 53.439608056000054)","Unfall 185830 (2020) Kat:2, Licht: 0","185830","2","6","2","04","12","1","0","0","1","1","0","0"
"POINT (9.980815682000070 53.424470327000051)","Unfall 185831 (2020) Kat:3, Licht: 0","185831","3","7","0","03","17","7","0","0","0","1","0","0"
"POINT (9.948515849000046 53.544445241000062)","Unfall 185832 (2020) Kat:3, Licht: 0","185832","3","6","0","04","12","5","0","0","0","0","0","1"
"POINT (10.141841547000070 53.546375953000052)","Unfall 185833 (2020) Kat:3, Licht: 0","185833","3","7","2","04","12","4","0","0","0","1","0","0"
"POINT (10.220541042000036 53.482215220000057)","Unfall 185834 (2020) Kat:3, Licht: 0","185834","3","6","6","03","13","7","0","0","0","1","1","0"
"POINT (9.993688747000022 53.470182416000057)","Unfall 185835 (2020) Kat:3, Licht: 0","185835","3","2","0","04","18","7","0","0","1","1","0","0"
"POINT (10.178402709000068 53.590659418000030)","Unfall 185836 (2020) Kat:3, Licht: 0","185836","3","3","5","03","17","6","0","0","0","1","0","0"
"POINT (10.057376393000027 53.564615869000079)","Unfall 185837 (2020) Kat:3, Licht: 0","185837","3","6","2","03","10","7","0","0","0","1","0","0"
"POINT (10.040626888000077 53.555533278000041)","Unfall 185838 (2020) Kat:3, Licht: 0","185838","3","3","5","04","11","3","0","0","0","1","0","0"
"POINT (9.989977656000065 53.580929536000042)","Unfall 185839 (2020) Kat:3, Licht: 0","185839","3","5","1","04","19","1","0","0","1","1","0","0"
"POINT (10.047463717000028 53.572173661000079)","Unfall 185840 (2020) Kat:3, Licht: 0","185840","3","2","3","03","09","2","0","0","0","1","0","0"
"POINT (10.105354465000062 53.545493244000056)","Unfall 185841 (2020) Kat:3, Licht: 0","185841","3","2","2","03","17","5","0","0","0","1","0","0"
"POINT (9.909355265000045 53.645984938000026)","Unfall 185842 (2020) Kat:3, Licht: 0","185842","3","3","0","03","17","7","0","0","0","0","0","1"
"POINT (10.169291526000052 53.625835942000037)","Unfall 185843 (2020) Kat:3, Licht: 0","185843","3","6","2","03","13","7","0","0","0","1","0","0"
"POINT (10.040782062000062 53.540836181000032)","Unfall 185844 (2020) Kat:3, Licht: 0","185844","3","7","3","04","19","4","0","0","0","0","0","1"
"POINT (9.986136595000062 53.456871035000063)","Unfall 185845 (2020) Kat:3, Licht: 0","185845","3","4","6","04","18","1","0","0","0","0","1","1"
"POINT (9.854126347000033 53.548918132000040)","Unfall 185846 (2020) Kat:3, Licht: 0","185846","3","6","2","03","07","3","0","0","0","1","0","0"
"POINT (9.963801139000054 53.549695726000039)","Unfall 185847 (2020) Kat:3, Licht: 1","185847","3","7","1","04","19","1","0","1","0","1","0","0"
"POINT (10.084125821000043 53.609632218000058)","Unfall 185848 (2020) Kat:3, Licht: 2","185848","3","5","1","04","01","4","0","2","0","1","0","0"
"POINT (10.006760118000045 53.550227912000082)","Unfall 185849 (2020) Kat:3, Licht: 0","185849","3","7","0","04","16","4","0","0","1","0","0","0"
"POINT (10.005804054000066 53.607423572000073)","Unfall 185850 (2020) Kat:3, Licht: 0","185850","3","7","6","03","08","7","0","0","0","1","1","0"
"POINT (9.956788304000042 53.572712954000053)","Unfall 185851 (2020) Kat:3, Licht: 2","185851","3","7","0","04","20","7","0","2","0","0","0","0"
"POINT (9.822696461000021 53.560131041000034)","Unfall 185852 (2020) Kat:3, Licht: 0","185852","3","7","6","03","16","6","0","0","0","1","1","0"
"POINT (10.047492760000068 53.572182304000080)","Unfall 185853 (2020) Kat:3, Licht: 0","185853","3","3","5","03","15","7","0","0","0","1","0","0"
"POINT (10.000687420000077 53.678366871000037)","Unfall 185854 (2020) Kat:3, Licht: 0","185854","3","2","3","04","15","3","0","0","1","1","0","0"
"POINT (10.011209456000074 53.496903529000065)","Unfall 185855 (2020) Kat:2, Licht: 0","185855","2","4","6","04","09","7","0","0","0","1","1","0"
"POINT (9.952016032000074 53.545187240000075)","Unfall 185856 (2020) Kat:3, Licht: 0","185856","3","4","6","03","14","1","0","0","1","0","1","0"
"POINT (10.083499167000070 53.554811844000028)","Unfall 185857 (2020) Kat:3, Licht: 0","185857","3","3","5","04","13","6","0","0","0","1","0","0"
"POINT (9.988761502000045 53.581287466000049)","Unfall 185858 (2020) Kat:2, Licht: 0","185858","2","3","5","04","20","7","0","0","1","1","0","0"
"POINT (10.127562996000051 53.655398398000045)","Unfall 185859 (2020) Kat:3, Licht: 0","185859","3","7","0","04","19","3","0","0","1","1","0","0"
"POINT (9.945642075000023 53.556913784000074)","Unfall 185860 (2020) Kat:3, Licht: 0","185860","3","2","4","03","07","3","0","0","1","1","0","0"
"POINT (9.987052220000066 53.566225295000038)","Unfall 185861 (2020) Kat:3, Licht: 0","185861","3","7","2","03","10","7","0","0","0","1","0","0"
"POINT (10.053169656000023 53.573847639000064)","Unfall 185862 (2020) Kat:3, Licht: 0","185862","3","3","5","04","12","7","0","0","0","1","0","1"
"POINT (10.017172863000042 53.556681276000063)","Unfall 185863 (2020) Kat:3, Licht: 0","185863","3","7","0","04","18","4","0","0","0","1","0","0"
"POINT (10.037107246000062 53.611221067000031)","Unfall 185864 (2020) Kat:3, Licht: 0","185864","3","2","5","03","16","3","0","0","0","0","0","1"
"POINT (9.961626448000061 53.550407798000037)","Unfall 185865 (2020) Kat:3, Licht: 2","185865","3","7","6","03","23","7","0","2","0","0","1","0"
"POINT (9.918635391000066 53.544290839000041)","Unfall 185866 (2020) Kat:3, Licht: 0","185866","3","7","0","04","09","6","0","0","1","0","0","0"
"POINT (9.880205270000033 53.526686684000026)","Unfall 185867 (2020) Kat:3, Licht: 0","185867","3","3","5","04","19","2","0","0","0","1","0","0"
"POINT (9.997306407000053 53.573103725000067)","Unfall 185868 (2020) Kat:3, Licht: 0","185868","3","3","5","03","12","6","0","0","1","1","0","0"
"POINT (10.002263875000040 53.557083091000038)","Unfall 185869 (2020) Kat:3, Licht: 1","185869","3","3","5","03","20","7","0","1","0","1","0","0"
"POINT (9.928064560000053 53.558700495000039)","Unfall 185870 (2020) Kat:3, Licht: 0","185870","3","2","5","04","09","3","0","0","1","0","0","0"
"POINT (10.160224201000062 53.646458003000077)","Unfall 185871 (2020) Kat:2, Licht: 0","185871","2","3","5","04","16","7","0","0","0","1","0","1"
"POINT (10.044577117000074 53.603975593000030)","Unfall 185872 (2020) Kat:3, Licht: 0","185872","3","6","2","03","12","7","0","0","0","1","0","0"
"POINT (10.092616064000026 53.537098803000049)","Unfall 185873 (2020) Kat:3, Licht: 0","185873","3","7","0","03","11","5","0","0","0","1","0","0"
"POINT (10.003412966000042 53.659138175000066)","Unfall 185874 (2020) Kat:3, Licht: 0","185874","3","7","1","04","12","6","0","0","1","1","0","0"
"POINT (9.887260877000074 53.560514473000069)","Unfall 185875 (2020) Kat:3, Licht: 0","185875","3","3","5","04","17","6","0","0","0","0","0","1"
"POINT (9.976524243000029 53.578140389000055)","Unfall 185876 (2020) Kat:3, Licht: 1","185876","3","3","5","04","20","3","0","1","1","1","0","0"
"POINT (9.947839387000045 53.582352063000030)","Unfall 185877 (2020) Kat:3, Licht: 0","185877","3","6","3","03","16","2","1","0","1","1","0","0"
"POINT (10.019341041000075 53.487467319000075)","Unfall 185878 (2020) Kat:3, Licht: 0","185878","3","1","8","03","15","6","0","0","0","1","0","0"
"POINT (10.151698741000075 53.542133704000037)","Unfall 185879 (2020) Kat:3, Licht: 0","185879","3","6","0","03","15","4","0","0","0","1","0","0"
"POINT (10.084329436000075 53.656919849000076)","Unfall 185880 (2020) Kat:3, Licht: 0","185880","3","5","1","04","14","5","0","0","1","1","0","0"
"POINT (9.852861477000033 53.593612456000074)","Unfall 185881 (2020) Kat:3, Licht: 0","185881","3","3","5","04","16","2","0","0","1","1","0","0"
"POINT (9.977021762000049 53.511383087000070)","Unfall 185882 (2020) Kat:3, Licht: 0","185882","3","3","5","03","17","3","0","0","0","1","0","0"
"POINT (10.102211583000042 53.580195530000026)","Unfall 185883 (2020) Kat:2, Licht: 2","185883","2","2","8","03","20","4","0","2","0","0","0","1"
"POINT (10.190147992000050 53.504217583000070)","Unfall 185884 (2020) Kat:3, Licht: 0","185884","3","6","2","04","11","5","0","0","0","1","0","0"
"POINT (10.045966014000044 53.608211303000076)","Unfall 185885 (2020) Kat:3, Licht: 0","185885","3","2","5","04","13","2","0","0","1","1","0","0"
"POINT (10.034150851000049 53.557729947000041)","Unfall 185886 (2020) Kat:3, Licht: 2","185886","3","7","7","03","19","4","0","2","1","0","0","0"
"POINT (10.033718022000073 53.636669317000042)","Unfall 185887 (2020) Kat:3, Licht: 0","185887","3","6","2","04","17","2","0","0","0","1","0","0"
"POINT (9.998367471000051 53.463649496000073)","Unfall 185888 (2020) Kat:3, Licht: 0","185888","3","6","2","04","08","6","0","0","0","1","0","0"
"POINT (10.137098762000051 53.600581688000034)","Unfall 185889 (2020) Kat:3, Licht: 0","185889","3","7","6","03","11","6","0","0","0","1","1","0"
"POINT (9.878453115000070 53.602483835000044)","Unfall 185890 (2020) Kat:3, Licht: 0","185890","3","2","4","04","08","6","0","0","0","1","0","0"
"POINT (9.898453764000067 53.553326040000059)","Unfall 185891 (2020) Kat:3, Licht: 0","185891","3","6","3","04","14","5","0","0","1","0","0","0"
"POINT (10.150132062000068 53.413813964000042)","Unfall 185892 (2020) Kat:3, Licht: 0","185892","3","6","2","04","11","1","0","0","1","0","0","0"
"POINT (10.019610517000046 53.654380320000030)","Unfall 185893 (2020) Kat:3, Licht: 0","185893","3","3","5","03","17","1","0","0","0","1","0","0"
"POINT (10.214668930000073 53.494278486000042)","Unfall 185894 (2020) Kat:2, Licht: 0","185894","2","4","6","03","13","6","0","0","0","1","1","0"
"POINT (10.064686130000041 53.597578932000033)","Unfall 185895 (2020) Kat:3, Licht: 1","185895","3","3","5","03","06","4","0","1","0","1","0","0"
"POINT (10.214512850000062 53.507947113000057)","Unfall 185896 (2020) Kat:3, Licht: 0","185896","3","6","3","04","10","4","0","0","1","1","0","0"
"POINT (9.994355804000065 53.558693807000054)","Unfall 185897 (2020) Kat:3, Licht: 0","185897","3","6","2","04","18","2","0","0","0","1","0","0"
"POINT (10.031446750000043 53.576140601000077)","Unfall 185898 (2020) Kat:3, Licht: 0","185898","3","3","5","03","15","3","0","0","0","1","0","0"
"POINT (10.104377984000052 53.577469766000036)","Unfall 185899 (2020) Kat:2, Licht: 0","185899","2","1","0","04","13","1","0","0","0","0","0","1"
"POINT (10.000677525000071 53.440690308000057)","Unfall 185900 (2020) Kat:3, Licht: 0","185900","3","3","5","04","17","4","0","0","0","1","0","0"
"POINT (10.021129318000021 53.577814658000079)","Unfall 185901 (2020) Kat:2, Licht: 0","185901","2","6","2","04","15","4","0","0","1","1","0","0"
"POINT (10.132713145000025 53.547183987000039)","Unfall 185902 (2020) Kat:2, Licht: 0","185902","2","3","5","03","17","6","0","0","0","1","0","0"
"POINT (9.951167776000034 53.555243797000060)","Unfall 185903 (2020) Kat:3, Licht: 0","185903","3","6","2","04","11","2","0","0","0","1","0","1"
"POINT (10.025592426000060 53.544459156000073)","Unfall 185904 (2020) Kat:3, Licht: 0","185904","3","2","3","03","15","6","0","0","1","1","0","0"
"POINT (10.044104011000059 53.572723278000069)","Unfall 185905 (2020) Kat:3, Licht: 0","185905","3","3","5","04","14","5","0","0","1","1","0","0"
"POINT (10.016552001000036 53.555474246000074)","Unfall 185906 (2020) Kat:3, Licht: 0","185906","3","3","5","04","14","5","0","0","0","1","0","0"
"POINT (10.069836496000050 53.574526150000054)","Unfall 185907 (2020) Kat:3, Licht: 0","185907","3","6","2","03","11","6","1","0","0","1","0","0"
"POINT (9.865044500000067 53.557061069000042)","Unfall 185908 (2020) Kat:2, Licht: 0","185908","2","4","6","04","13","1","0","0","1","1","1","0"
"POINT (9.800498512000047 53.531627730000082)","Unfall 185909 (2020) Kat:3, Licht: 0","185909","3","7","9","03","14","6","0","0","0","1","0","0"
"POINT (10.069975285000055 53.599684062000051)","Unfall 185910 (2020) Kat:3, Licht: 0","185910","3","7","3","03","11","6","1","0","0","1","0","0"
"POINT (9.951797691000024 53.618259335000062)","Unfall 185911 (2020) Kat:2, Licht: 0","185911","2","7","0","04","15","4","0","0","1","0","0","0"
"POINT (10.148816709000073 53.585858044000076)","Unfall 185912 (2020) Kat:3, Licht: 0","185912","3","3","5","04","17","1","0","0","1","1","0","0"
"POINT (9.915890472000058 53.625640426000075)","Unfall 185913 (2020) Kat:3, Licht: 0","185913","3","2","1","03","16","3","0","0","0","1","0","0"
"POINT (10.040852119000022 53.502866759000028)","Unfall 185914 (2020) Kat:3, Licht: 0","185914","3","5","1","04","19","7","0","0","1","1","0","0"
"POINT (9.798930966000057 53.565949457000045)","Unfall 185915 (2020) Kat:3, Licht: 0","185915","3","6","2","04","11","4","0","0","0","1","0","0"
"POINT (10.056105953000042 53.562353966000046)","Unfall 185916 (2020) Kat:3, Licht: 0","185916","3","6","2","03","16","3","0","0","0","1","0","0"
"POINT (10.034474542000055 53.564192630000036)","Unfall 185917 (2020) Kat:3, Licht: 0","185917","3","6","2","03","13","6","1","0","0","1","0","0"
"POINT (10.168165074000058 53.517004027000041)","Unfall 185918 (2020) Kat:3, Licht: 0","185918","3","7","0","04","10","6","0","0","0","0","0","1"
"POINT (9.864504453000052 53.607082624000043)","Unfall 185919 (2020) Kat:3, Licht: 0","185919","3","6","2","04","14","3","0","0","0","1","0","1"
"POINT (9.875743079000074 53.588337191000051)","Unfall 185920 (2020) Kat:3, Licht: 0","185920","3","3","5","03","13","6","0","0","1","1","0","0"
"POINT (9.904774552000049 53.617540825000049)","Unfall 185921 (2020) Kat:3, Licht: 0","185921","3","3","5","03","07","6","1","0","0","1","0","0"
"POINT (10.039826630000050 53.580292845000031)","Unfall 185922 (2020) Kat:3, Licht: 0","185922","3","6","2","04","12","3","0","0","0","1","0","0"
"POINT (10.070140020000053 53.558446976000027)","Unfall 185923 (2020) Kat:3, Licht: 0","185923","3","1","0","04","13","7","0","0","0","0","0","1"
"POINT (10.026061685000059 53.622851858000047)","Unfall 185924 (2020) Kat:3, Licht: 0","185924","3","2","5","03","13","6","0","0","1","1","0","0"
"POINT (9.905655231000026 53.633320300000037)","Unfall 185925 (2020) Kat:3, Licht: 0","185925","3","3","5","03","14","6","0","0","1","1","0","0"
"POINT (10.127932006000037 53.602089847000059)","Unfall 185926 (2020) Kat:3, Licht: 0","185926","3","6","2","04","14","3","0","0","0","1","0","0"
"POINT (10.005255423000051 53.553048394000029)","Unfall 185927 (2020) Kat:3, Licht: 0","185927","3","1","9","04","14","1","0","0","0","0","0","1"
"POINT (10.005718093000041 53.548500481000076)","Unfall 185928 (2020) Kat:3, Licht: 0","185928","3","6","3","03","08","2","0","0","0","0","0","0"
"POINT (9.800118199000053 53.566496915000073)","Unfall 185929 (2020) Kat:3, Licht: 0","185929","3","7","0","04","18","7","0","0","1","0","0","0"
"POINT (10.166199530000029 53.514340121000032)","Unfall 185930 (2020) Kat:2, Licht: 0","185930","2","3","5","04","16","3","0","0","1","1","0","0"
"POINT (9.913221566000061 53.558587862000081)","Unfall 185931 (2020) Kat:3, Licht: 0","185931","3","7","0","03","13","3","0","0","1","1","0","0"
"POINT (9.922445115000073 53.628288550000036)","Unfall 185932 (2020) Kat:2, Licht: 1","185932","2","3","5","03","18","6","0","1","0","1","0","1"
"POINT (10.000866075000033 53.499863451000067)","Unfall 185933 (2020) Kat:3, Licht: 0","185933","3","2","2","04","18","5","0","0","0","1","0","0"
"POINT (10.004646231000038 53.453681333000077)","Unfall 185934 (2020) Kat:3, Licht: 0","185934","3","3","5","04","08","2","0","0","1","1","0","0"
"POINT (9.965557056000023 53.585165233000055)","Unfall 185935 (2020) Kat:3, Licht: 0","185935","3","4","6","03","10","5","0","0","0","1","1","0"
"POINT (9.951781844000038 53.598768293000035)","Unfall 185936 (2020) Kat:3, Licht: 2","185936","3","6","2","03","22","6","0","2","0","1","0","0"
"POINT (10.083510022000041 53.542790039000067)","Unfall 185937 (2020) Kat:3, Licht: 0","185937","3","6","2","04","13","2","0","0","0","1","0","0"
"POINT (10.016757747000042 53.565858003000073)","Unfall 185938 (2020) Kat:3, Licht: 0","185938","3","6","2","04","15","7","0","0","0","1","0","1"
"POINT (9.770638729000041 53.578103213000077)","Unfall 185939 (2020) Kat:3, Licht: 0","185939","3","3","4","03","12","7","0","0","0","1","0","1"
"POINT (10.028118614000050 53.617956725000056)","Unfall 185940 (2020) Kat:3, Licht: 0","185940","3","5","1","04","15","6","0","0","1","1","0","0"
"POINT (9.974190778000036 53.569283245000065)","Unfall 185941 (2020) Kat:3, Licht: 0","185941","3","6","2","04","12","6","1","0","0","0","0","1"
"POINT (10.026857536000023 53.678484903000026)","Unfall 185942 (2020) Kat:2, Licht: 0","185942","2","1","8","04","12","2","0","0","0","1","0","0"
"POINT (10.068834029000072 53.553224426000043)","Unfall 185943 (2020) Kat:3, Licht: 2","185943","3","2","4","04","22","7","0","2","0","1","0","0"
"POINT (9.877887489000045 53.481330496000055)","Unfall 185944 (2020) Kat:3, Licht: 2","185944","3","4","0","03","21","7","0","2","0","1","1","0"
"POINT (10.123199695000039 53.570996803000071)","Unfall 185945 (2020) Kat:3, Licht: 0","185945","3","3","5","04","12","6","0","0","1","1","0","0"
"POINT (10.148955770000043 53.527417699000068)","Unfall 185946 (2020) Kat:3, Licht: 0","185946","3","6","2","04","10","6","0","0","0","1","0","0"
"POINT (10.013732531000073 53.600017715000035)","Unfall 185947 (2020) Kat:3, Licht: 0","185947","3","2","4","04","08","3","0","0","0","1","0","0"
"POINT (10.156749259000037 53.614305688000059)","Unfall 185948 (2020) Kat:2, Licht: 0","185948","2","6","3","03","15","2","1","0","0","1","0","0"
"POINT (9.954180879000035 53.560844179000071)","Unfall 185949 (2020) Kat:3, Licht: 0","185949","3","5","1","03","13","6","1","0","1","1","0","0"
"POINT (9.812034862000076 53.560995877000039)","Unfall 185950 (2020) Kat:3, Licht: 0","185950","3","7","6","03","11","4","0","0","0","1","1","0"
"POINT (10.055086785000071 53.538838795000061)","Unfall 185951 (2020) Kat:3, Licht: 0","185951","3","2","4","04","16","5","0","0","0","1","0","0"
"POINT (10.019385142000033 53.655289655000047)","Unfall 185952 (2020) Kat:2, Licht: 0","185952","2","3","5","04","12","2","0","0","0","1","0","0"
"POINT (9.977136690000066 53.564348386000063)","Unfall 185953 (2020) Kat:3, Licht: 1","185953","3","3","5","03","18","4","0","1","1","0","0","1"
"POINT (10.125791238000033 53.588916762000053)","Unfall 185954 (2020) Kat:3, Licht: 0","185954","3","1","0","03","06","5","1","0","0","0","0","1"
"POINT (9.872218919000034 53.584895229000040)","Unfall 185955 (2020) Kat:2, Licht: 0","185955","2","3","5","04","12","2","0","0","1","1","0","0"
"POINT (10.278982645000042 53.426721420000035)","Unfall 185956 (2020) Kat:3, Licht: 0","185956","3","2","4","04","14","6","0","0","1","1","0","0"
"POINT (10.175332754000067 53.642231317000039)","Unfall 185957 (2020) Kat:3, Licht: 0","185957","3","7","9","03","12","5","0","0","0","1","0","0"
"POINT (9.999584848000040 53.572592560000032)","Unfall 185958 (2020) Kat:3, Licht: 0","185958","3","5","1","04","18","6","0","0","1","1","0","0"
"POINT (9.948891041000024 53.579481086000044)","Unfall 185959 (2020) Kat:3, Licht: 0","185959","3","7","4","04","13","5","0","0","1","1","0","0"
"POINT (10.064028797000049 53.587050106000049)","Unfall 185960 (2020) Kat:3, Licht: 0","185960","3","6","2","04","12","1","0","0","0","1","0","0"
"POINT (10.023473476000049 53.526906419000056)","Unfall 185961 (2020) Kat:3, Licht: 0","185961","3","6","2","03","13","7","0","0","0","1","0","1"
"POINT (9.997011117000056 53.546920572000033)","Unfall 185962 (2020) Kat:3, Licht: 0","185962","3","5","1","03","13","6","1","0","1","0","0","0"
"POINT (10.071087656000032 53.558938671000078)","Unfall 185963 (2020) Kat:3, Licht: 0","185963","3","6","2","04","12","4","0","0","0","1","0","0"
"POINT (10.008686613000066 53.552615107000065)","Unfall 185964 (2020) Kat:3, Licht: 0","185964","3","4","6","04","16","2","0","0","0","1","1","0"
"POINT (10.118389067000066 53.604915258000062)","Unfall 185965 (2020) Kat:3, Licht: 0","185965","3","6","2","05","10","5","0","0","0","1","0","0"
"POINT (10.056976873000053 53.575782000000061)","Unfall 185966 (2020) Kat:3, Licht: 0","185966","3","3","5","05","13","3","0","0","1","1","0","0"
"POINT (10.093517360000021 53.648595406000027)","Unfall 185967 (2020) Kat:3, Licht: 0","185967","3","6","3","04","16","6","0","0","0","1","0","0"
"POINT (9.963974351000047 53.559345803000042)","Unfall 185968 (2020) Kat:3, Licht: 2","185968","3","7","0","05","22","7","0","2","1","0","0","0"
"POINT (10.114921089000063 53.595230106000031)","Unfall 185969 (2020) Kat:3, Licht: 0","185969","3","3","5","05","08","3","0","0","1","1","0","0"
"POINT (10.101372900000058 53.583924929000034)","Unfall 185970 (2020) Kat:2, Licht: 0","185970","2","6","4","05","07","3","0","0","0","1","0","1"
"POINT (10.184447479000028 53.489776543000062)","Unfall 185971 (2020) Kat:3, Licht: 0","185971","3","2","2","05","09","6","0","0","0","1","0","0"
"POINT (10.037386052000045 53.574806827000032)","Unfall 185972 (2020) Kat:3, Licht: 0","185972","3","3","5","05","10","4","0","0","1","1","0","0"
"POINT (10.064978259000043 53.655430310000042)","Unfall 185973 (2020) Kat:3, Licht: 2","185973","3","6","4","04","23","6","0","2","1","0","0","0"
"POINT (10.147459357000059 53.622033100000067)","Unfall 185974 (2020) Kat:2, Licht: 0","185974","2","7","0","05","16","3","0","0","1","0","0","0"
"POINT (10.001502274000075 53.599911227000064)","Unfall 185975 (2020) Kat:2, Licht: 0","185975","2","4","6","05","14","4","0","0","0","1","1","0"
"POINT (10.058839422000062 53.569989415000066)","Unfall 185976 (2020) Kat:3, Licht: 0","185976","3","2","3","04","15","6","0","0","1","1","0","0"
"POINT (10.149988994000068 53.586414957000045)","Unfall 185977 (2020) Kat:3, Licht: 0","185977","3","3","5","05","17","1","0","0","1","1","0","0"
"POINT (10.086039436000021 53.618018207000034)","Unfall 185978 (2020) Kat:3, Licht: 0","185978","3","2","5","05","08","3","0","0","1","1","0","0"
"POINT (9.979202898000040 53.569931230000066)","Unfall 185979 (2020) Kat:3, Licht: 0","185979","3","2","5","05","07","4","0","0","1","1","0","0"
"POINT (9.853268572000047 53.583965496000076)","Unfall 185980 (2020) Kat:3, Licht: 0","185980","3","6","2","05","11","2","0","0","0","1","0","0"
"POINT (10.017015373000049 53.564012208000065)","Unfall 185981 (2020) Kat:3, Licht: 0","185981","3","3","5","04","14","6","0","0","0","1","0","0"
"POINT (10.001099045000046 53.663335422000046)","Unfall 185982 (2020) Kat:3, Licht: 0","185982","3","7","0","05","13","3","0","0","1","0","0","0"
"POINT (9.906294539000044 53.614217975000031)","Unfall 185983 (2020) Kat:2, Licht: 0","185983","2","1","0","05","20","6","0","0","1","0","0","0"
"POINT (10.166580800000077 53.633068242000036)","Unfall 185984 (2020) Kat:3, Licht: 0","185984","3","3","5","05","10","3","1","0","1","1","0","0"
"POINT (9.993333194000059 53.602082446000054)","Unfall 185985 (2020) Kat:3, Licht: 0","185985","3","6","0","05","14","3","0","0","0","1","0","1"
"POINT (9.934918019000065 53.551525042000037)","Unfall 185986 (2020) Kat:3, Licht: 0","185986","3","7","6","05","14","4","0","0","0","0","1","0"
"POINT (10.057379532000027 53.592439370000079)","Unfall 185987 (2020) Kat:3, Licht: 0","185987","3","7","3","05","16","3","0","0","0","1","0","0"
"POINT (9.947220777000041 53.557917376000034)","Unfall 185988 (2020) Kat:3, Licht: 0","185988","3","5","1","05","18","4","0","0","1","1","0","0"
"POINT (10.036834892000059 53.575803343000075)","Unfall 185989 (2020) Kat:3, Licht: 2","185989","3","7","0","04","00","6","0","2","0","0","0","1"
"POINT (10.014542336000034 53.597822088000044)","Unfall 185990 (2020) Kat:3, Licht: 0","185990","3","6","3","05","13","1","0","0","1","1","0","0"
"POINT (9.928337210000052 53.592419619000054)","Unfall 185991 (2020) Kat:3, Licht: 0","185991","3","6","2","05","18","3","0","0","0","1","0","0"
"POINT (10.212451966000060 53.488865229000055)","Unfall 185992 (2020) Kat:3, Licht: 0","185992","3","6","3","05","14","3","0","0","1","1","0","0"
"POINT (10.058762573000024 53.576007380000078)","Unfall 185993 (2020) Kat:3, Licht: 0","185993","3","2","5","05","16","1","0","0","1","1","0","0"
"POINT (9.903449424000030 53.568620168000052)","Unfall 185994 (2020) Kat:3, Licht: 0","185994","3","2","3","04","06","6","0","0","1","1","0","0"