WKT,Name,OBJECTID,UKATEGORIE,UTYP1,UART,UMONAT,USTUNDE,UWOCHENTAG,STRZUSTAND,ULICHTVERH,ISTRAD,ISTPKW,ISTFUSS,ISTKRAD
"POINT (9.808385616000066 53.563723459000073)","Unfall 185995 (2020) Kat:3, Licht: 0","185995","3","7","0","05","13","3","0","0","1","0","0","0"
"POINT (9.886726301000067 53.525831573000062)","Unfall 185996 (2020) Kat:3, Licht: 0","185996","3","3","5","05","13","5","0","0","1","1","0","0"
"POINT (10.001462509000021 53.606160738000028)","Unfall 185997 (2020) Kat:3, Licht: 0","185997","3","3","5","05","08","3","0","0","0","1","0","0"
"POINT (9.983015907000038 53.584024055000043)","Unfall 185998 (2020) Kat:3, Licht: 0","185998","3","4","6","05","15","3","0","0","1","0","1","0"
"POINT (9.992236527000046 53.556023411000069)","Unfall 185999 (2020) Kat:3, Licht: 0","185999","3","5","1","05","16","6","0","0","1","1","0","0"
"POINT (10.151442648000057 53.599687862000053)","Unfall 186000 (2020) Kat:3, Licht: 0","186000","3","7","0","05","07","3","1","0","1","0","0","0"
"POINT (9.931183909000026 53.629294519000041)","Unfall 186001 (2020) Kat:3, Licht: 0","186001","3","2","4","04","13","6","0","0","0","1","0","1"
"POINT (10.008215002000043 53.554236049000053)","Unfall 186002 (2020) Kat:3, Licht: 1","186002","3","6","2","05","20","7","0","1","1","0","0","0"
"POINT (10.013260537000065 53.553756526000029)","Unfall 186003 (2020) Kat:3, Licht: 0","186003","3","7","0","05","11","6","0","0","0","0","1","0"
"POINT (9.917656527000077 53.548504990000026)","Unfall 186004 (2020) Kat:3, Licht: 0","186004","3","3","5","05","09","3","0","0","1","1","0","0"
"POINT (9.957834849000051 53.553591162000032)","Unfall 186005 (2020) Kat:3, Licht: 0","186005","3","4","6","05","16","3","0","0","0","1","1","0"
"POINT (9.989030756000034 53.447401817000070)","Unfall 186006 (2020) Kat:3, Licht: 0","186006","3","3","5","05","11","7","0","0","0","1","1","0"
"POINT (9.927406365000024 53.550358881000079)","Unfall 186007 (2020) Kat:3, Licht: 0","186007","3","3","5","04","16","6","0","0","0","0","0","1"
"POINT (9.877279201000022 53.603675349000071)","Unfall 186008 (2020) Kat:3, Licht: 0","186008","3","6","4","05","18","6","0","0","0","1","0","0"
"POINT (9.956323270000041 53.464002798000081)","Unfall 186009 (2020) Kat:3, Licht: 0","186009","3","2","4","05","15","3","0","0","0","1","0","1"
"POINT (9.988927522000040 53.577879076000045)","Unfall 186010 (2020) Kat:3, Licht: 0","186010","3","6","2","04","17","6","0","0","0","1","0","0"
"POINT (10.193491222000034 53.503024939000056)","Unfall 186011 (2020) Kat:3, Licht: 0","186011","3","2","4","05","10","2","0","0","1","1","0","0"
"POINT (10.207355928000027 53.480031043000054)","Unfall 186012 (2020) Kat:3, Licht: 0","186012","3","6","4","05","16","2","0","0","1","0","0","0"
"POINT (10.044194352000034 53.573434353000039)","Unfall 186013 (2020) Kat:3, Licht: 1","186013","3","3","5","05","20","1","0","1","1","1","0","0"
"POINT (9.990913644000045 53.560306116000049)","Unfall 186014 (2020) Kat:3, Licht: 2","186014","3","6","2","04","20","6","0","2","0","1","0","0"
"POINT (10.208675282000058 53.490262137000059)","Unfall 186015 (2020) Kat:3, Licht: 0","186015","3","6","0","05","10","2","0","0","0","0","1","0"
"POINT (10.135609727000030 53.576764058000037)","Unfall 186016 (2020) Kat:3, Licht: 0","186016","3","4","6","05","15","5","0","0","0","1","1","0"
"POINT (10.215585314000066 53.486328016000073)","Unfall 186017 (2020) Kat:3, Licht: 0","186017","3","7","0","05","17","2","0","0","1","0","0","0"
"POINT (9.967018854000060 53.571907355000064)","Unfall 186018 (2020) Kat:2, Licht: 0","186018","2","7","0","05","16","5","0","0","0","0","0","1"
"POINT (9.985872795000034 53.526862799000071)","Unfall 186019 (2020) Kat:3, Licht: 0","186019","3","6","3","05","12","3","0","0","0","1","0","0"
"POINT (10.146176160000039 53.549531872000045)","Unfall 186020 (2020) Kat:3, Licht: 0","186020","3","6","2","05","15","2","0","0","0","1","0","0"
"POINT (10.110071301000062 53.526249493000080)","Unfall 186021 (2020) Kat:3, Licht: 0","186021","3","3","5","05","14","5","0","0","1","0","0","0"
"POINT (10.117499946000066 53.662121396000032)","Unfall 186022 (2020) Kat:3, Licht: 0","186022","3","6","2","05","15","3","0","0","0","1","0","0"
"POINT (9.798773249000021 53.519036858000050)","Unfall 186023 (2020) Kat:3, Licht: 0","186023","3","6","2","04","16","5","0","0","1","0","0","0"
"POINT (10.205453341000066 53.501947649000044)","Unfall 186024 (2020) Kat:3, Licht: 0","186024","3","4","6","05","13","6","0","0","0","1","1","0"
"POINT (10.055654823000054 53.561552616000029)","Unfall 186025 (2020) Kat:3, Licht: 0","186025","3","5","5","05","17","2","0","0","1","1","0","0"
"POINT (10.005620656000076 53.580424243000039)","Unfall 186026 (2020) Kat:3, Licht: 0","186026","3","3","5","05","18","2","0","0","1","1","0","0"
"POINT (10.004275640000060 53.551591316000042)","Unfall 186027 (2020) Kat:3, Licht: 0","186027","3","7","0","05","19","7","0","0","0","0","1","0"
"POINT (10.069835461000025 53.574532947000080)","Unfall 186028 (2020) Kat:3, Licht: 0","186028","3","6","2","05","13","4","1","0","0","1","0","0"
"POINT (9.792296218000047 53.513872350000042)","Unfall 186029 (2020) Kat:2, Licht: 0","186029","2","2","5","04","14","5","0","0","0","0","0","1"
"POINT (10.004528721000042 53.588622530000066)","Unfall 186030 (2020) Kat:2, Licht: 0","186030","2","6","2","05","11","2","0","0","1","1","0","0"
"POINT (10.018983416000026 53.565084452000065)","Unfall 186031 (2020) Kat:3, Licht: 2","186031","3","6","2","05","00","5","0","2","0","1","0","0"
"POINT (10.033148674000074 53.587234605000049)","Unfall 186032 (2020) Kat:3, Licht: 0","186032","3","7","0","05","16","4","0","0","1","0","0","0"
"POINT (10.036936027000024 53.565182913000058)","Unfall 186033 (2020) Kat:2, Licht: 0","186033","2","3","5","05","07","2","0","0","1","1","0","0"
"POINT (9.943439629000068 53.593290524000054)","Unfall 186034 (2020) Kat:3, Licht: 2","186034","3","3","5","05","21","5","0","2","1","0","0","0"
"POINT (9.927929230000075 53.591155350000065)","Unfall 186035 (2020) Kat:3, Licht: 0","186035","3","3","5","05","13","2","0","0","1","1","0","0"
"POINT (10.118663825000056 53.536014017000070)","Unfall 186036 (2020) Kat:3, Licht: 0","186036","3","3","5","05","15","5","0","0","0","1","0","0"
"POINT (10.189340299000037 53.507566841000028)","Unfall 186037 (2020) Kat:3, Licht: 0","186037","3","6","2","05","12","4","0","0","0","1","0","0"
"POINT (10.125319136000030 53.671596982000040)","Unfall 186038 (2020) Kat:3, Licht: 0","186038","3","2","5","05","17","2","0","0","0","1","0","0"
"POINT (9.987478181000029 53.603383516000065)","Unfall 186039 (2020) Kat:2, Licht: 0","186039","2","3","5","05","18","2","0","0","0","1","0","1"
"POINT (9.977535459000023 53.527593108000076)","Unfall 186040 (2020) Kat:2, Licht: 0","186040","2","1","8","05","18","5","0","0","0","0","0","1"
"POINT (9.889913282000066 53.601612460000069)","Unfall 186041 (2020) Kat:3, Licht: 0","186041","3","3","5","05","16","3","0","0","1","1","0","0"
"POINT (9.879892628000050 53.513627976000066)","Unfall 186042 (2020) Kat:2, Licht: 1","186042","2","1","8","04","20","5","0","1","0","0","0","1"
"POINT (10.229267003000075 53.445016468000063)","Unfall 186043 (2020) Kat:2, Licht: 0","186043","2","4","6","05","10","6","0","0","0","1","1","0"
"POINT (9.959433636000028 53.564818552000077)","Unfall 186044 (2020) Kat:3, Licht: 1","186044","3","2","4","05","21","2","0","1","1","1","0","0"
"POINT (9.964252423000062 53.569491489000029)","Unfall 186045 (2020) Kat:3, Licht: 0","186045","3","6","2","05","18","2","0","0","0","1","0","0"
"POINT (10.093471764000071 53.655797371000062)","Unfall 186046 (2020) Kat:3, Licht: 0","186046","3","6","2","05","13","6","1","0","0","1","0","0"
"POINT (10.035511772000064 53.574980137000068)","Unfall 186047 (2020) Kat:3, Licht: 0","186047","3","2","4","05","11","4","0","0","0","1","0","0"
"POINT (10.203169813000045 53.488159869000071)","Unfall 186048 (2020) Kat:3, Licht: 0","186048","3","2","3","04","14","5","0","0","0","0","0","0"
"POINT (10.010523826000053 53.552301060000048)","Unfall 186049 (2020) Kat:3, Licht: 0","186049","3","6","3","05","17","2","0","0","1","0","0","0"
"POINT (10.018269653000061 53.568417302000057)","Unfall 186050 (2020) Kat:3, Licht: 0","186050","3","7","0","05","17","4","0","0","1","1","0","0"
"POINT (10.215479050000056 53.489374712000028)","Unfall 186051 (2020) Kat:2, Licht: 0","186051","2","2","4","04","17","5","0","0","1","0","0","1"
"POINT (10.107097135000060 53.653631964000056)","Unfall 186052 (2020) Kat:3, Licht: 0","186052","3","2","3","05","18","1","1","0","1","1","0","0"
"POINT (10.107871971000066 53.655589677000080)","Unfall 186053 (2020) Kat:2, Licht: 0","186053","2","3","5","05","19","1","0","0","0","1","0","1"
"POINT (9.963327397000057 53.557922363000046)","Unfall 186054 (2020) Kat:3, Licht: 0","186054","3","3","5","05","13","4","0","0","1","0","0","0"
"POINT (9.871475588000067 53.567662017000032)","Unfall 186055 (2020) Kat:3, Licht: 0","186055","3","7","0","05","10","2","0","0","1","0","0","0"
"POINT (10.134260386000051 53.534273122000059)","Unfall 186056 (2020) Kat:3, Licht: 0","186056","3","7","0","04","17","5","0","0","1","0","0","0"
"POINT (10.101788022000051 53.581648569000038)","Unfall 186057 (2020) Kat:3, Licht: 0","186057","3","4","6","04","10","5","0","0","0","0","1","0"
"POINT (10.005159918000061 53.547968896000043)","Unfall 186058 (2020) Kat:3, Licht: 0","186058","3","3","5","05","10","2","0","0","0","1","0","0"
"POINT (9.996150004000072 53.583931914000061)","Unfall 186059 (2020) Kat:2, Licht: 0","186059","2","4","6","05","16","1","0","0","1","0","1","0"
"POINT (10.057171036000057 53.580149621000032)","Unfall 186060 (2020) Kat:3, Licht: 0","186060","3","2","4","05","13","4","0","0","0","1","0","0"
"POINT (9.957955175000052 53.441898999000045)","Unfall 186061 (2020) Kat:3, Licht: 0","186061","3","3","5","05","17","2","0","0","1","1","0","0"
"POINT (10.062734159000058 53.574337637000042)","Unfall 186062 (2020) Kat:3, Licht: 0","186062","3","2","3","04","12","5","0","0","1","0","0","0"
"POINT (9.984938831000022 53.587371130000065)","Unfall 186063 (2020) Kat:3, Licht: 0","186063","3","6","6","05","15","1","0","0","0","1","1","0"
"POINT (10.033865062000075 53.590936925000051)","Unfall 186064 (2020) Kat:3, Licht: 0","186064","3","7","0","05","07","6","0","0","1","1","0","0"
"POINT (10.208751423000024 53.482312405000073)","Unfall 186065 (2020) Kat:3, Licht: 0","186065","3","3","5","05","15","3","1","0","1","1","0","0"
"POINT (9.951594653000029 53.494298946000072)","Unfall 186066 (2020) Kat:3, Licht: 2","186066","3","6","4","05","03","1","0","2","0","1","0","0"
"POINT (9.973749344000055 53.561040806000051)","Unfall 186067 (2020) Kat:3, Licht: 0","186067","3","3","5","05","14","4","0","0","1","1","0","0"
"POINT (10.072781740000039 53.608735153000055)","Unfall 186068 (2020) Kat:3, Licht: 0","186068","3","7","0","04","18","5","0","0","1","0","0","0"
"POINT (10.208081889000027 53.484707548000074)","Unfall 186069 (2020) Kat:3, Licht: 0","186069","3","3","5","05","11","7","0","0","1","1","0","0"
"POINT (10.133108743000037 53.637254994000045)","Unfall 186070 (2020) Kat:3, Licht: 0","186070","3","3","5","05","17","3","0","0","1","1","0","0"
"POINT (10.112887878000038 53.683543141000030)","Unfall 186071 (2020) Kat:3, Licht: 2","186071","3","7","0","05","02","1","0","2","1","0","0","0"
"POINT (10.075521096000045 53.598714594000057)","Unfall 186072 (2020) Kat:3, Licht: 1","186072","3","1","1","04","20","5","0","1","0","1","0","0"
"POINT (10.045305891000055 53.552849831000060)","Unfall 186073 (2020) Kat:3, Licht: 0","186073","3","4","6","05","20","7","0","0","0","1","1","0"
"POINT (10.207788304000076 53.480480213000078)","Unfall 186074 (2020) Kat:3, Licht: 0","186074","3","3","5","05","11","5","0","0","0","1","0","0"
"POINT (10.181859559000031 53.630437672000028)","Unfall 186075 (2020) Kat:3, Licht: 0","186075","3","3","5","05","12","7","0","0","1","1","0","0"
"POINT (10.041683279000040 53.598785271000054)","Unfall 186076 (2020) Kat:3, Licht: 0","186076","3","1","9","05","08","7","0","0","0","1","0","0"
"POINT (9.967958852000038 53.603004196000029)","Unfall 186077 (2020) Kat:3, Licht: 0","186077","3","6","2","05","16","6","0","0","0","1","0","0"
"POINT (10.033944918000032 53.619519289000038)","Unfall 186078 (2020) Kat:3, Licht: 0","186078","3","4","6","05","10","3","1","0","0","1","1","0"
"POINT (10.104244532000052 53.649909374000060)","Unfall 186079 (2020) Kat:3, Licht: 0","186079","3","7","5","05","14","7","0","0","1","1","0","0"
"POINT (9.937201854000023 53.552413431000048)","Unfall 186080 (2020) Kat:3, Licht: 0","186080","3","2","4","05","08","6","0","0","0","1","0","0"
"POINT (10.150317685000061 53.618728322000038)","Unfall 186081 (2020) Kat:3, Licht: 0","186081","3","2","2","05","16","3","0","0","0","1","0","0"
"POINT (10.050679915000046 53.597588495000082)","Unfall 186082 (2020) Kat:3, Licht: 0","186082","3","2","2","04","08","5","0","0","0","1","0","0"
"POINT (9.927518666000026 53.555798997000068)","Unfall 186083 (2020) Kat:3, Licht: 0","186083","3","3","6","05","17","6","1","0","0","1","1","0"
"POINT (10.006986627000060 53.580789433000064)","Unfall 186084 (2020) Kat:3, Licht: 0","186084","3","6","3","05","13","7","0","0","1","0","0","0"
"POINT (10.042774150000071 53.567043617000081)","Unfall 186085 (2020) Kat:3, Licht: 0","186085","3","6","4","05","16","7","1","0","1","0","0","0"
"POINT (9.976185642000075 53.570519496000031)","Unfall 186086 (2020) Kat:3, Licht: 0","186086","3","3","5","05","18","1","0","0","1","0","0","1"
"POINT (10.066530889000035 53.597756626000034)","Unfall 186087 (2020) Kat:3, Licht: 0","186087","3","2","4","04","07","5","0","0","1","1","0","0"
"POINT (9.930492385000036 53.584182292000037)","Unfall 186088 (2020) Kat:3, Licht: 0","186088","3","6","3","05","16","7","0","0","1","1","0","0"
"POINT (10.065277968000032 53.660891554000045)","Unfall 186089 (2020) Kat:2, Licht: 0","186089","2","3","5","05","16","5","0","0","1","1","0","0"
"POINT (9.889852101000031 53.546636370000044)","Unfall 186090 (2020) Kat:3, Licht: 0","186090","3","2","5","05","15","7","1","0","0","1","0","0"
"POINT (9.884599650000041 53.474130492000029)","Unfall 186091 (2020) Kat:2, Licht: 0","186091","2","5","1","05","12","4","0","0","0","1","0","0"
"POINT (9.987529811000059 53.510434534000069)","Unfall 186092 (2020) Kat:2, Licht: 0","186092","2","6","4","05","17","2","0","0","0","0","0","1"
"POINT (9.934884622000027 53.550269333000074)","Unfall 186093 (2020) Kat:3, Licht: 0","186093","3","6","2","05","15","7","1","0","0","1","0","0"
"POINT (10.174535938000076 53.614602659000070)","Unfall 186094 (2020) Kat:2, Licht: 0","186094","2","3","5","05","16","5","0","0","1","1","0","1"
"POINT (10.043500631000029 53.567145406000066)","Unfall 186095 (2020) Kat:3, Licht: 0","186095","3","3","5","05","16","3","0","0","1","1","0","0"
"POINT (10.094884572000069 53.634467640000082)","Unfall 186096 (2020) Kat:3, Licht: 0","186096","3","3","5","04","20","5","0","0","1","1","0","0"
"POINT (10.081605901000046 53.558447671000067)","Unfall 186097 (2020) Kat:3, Licht: 0","186097","3","2","3","05","12","6","0","0","0","1","0","1"
"POINT (9.973117172000059 53.569878535000043)","Unfall 186098 (2020) Kat:3, Licht: 2","186098","3","7","8","05","00","7","1","2","0","1","0","1"
"POINT (9.991804576000050 53.587704305000045)","Unfall 186099 (2020) Kat:3, Licht: 2","186099","3","7","6","05","02","3","0","2","0","1","1","0"
"POINT (9.976673157000050 53.557502188000058)","Unfall 186100 (2020) Kat:3, Licht: 0","186100","3","3","5","05","16","7","1","0","1","0","0","1"
"POINT (9.944013520000056 53.447546554000041)","Unfall 186101 (2020) Kat:2, Licht: 0","186101","2","3","6","05","13","5","0","0","0","1","1","0"
"POINT (10.085892030000025 53.628416963000063)","Unfall 186102 (2020) Kat:3, Licht: 0","186102","3","3","5","05","09","3","0","0","1","1","0","0"
"POINT (10.109097120000058 53.707664517000069)","Unfall 186103 (2020) Kat:2, Licht: 0","186103","2","4","6","04","17","5","0","0","0","1","1","0"
"POINT (10.175096816000064 53.629402131000063)","Unfall 186104 (2020) Kat:3, Licht: 0","186104","3","6","4","05","19","6","0","0","1","1","0","0"
"POINT (10.080664308000053 53.502379137000048)","Unfall 186105 (2020) Kat:2, Licht: 1","186105","2","6","3","05","18","5","0","1","1","0","0","0"
"POINT (9.967533896000077 53.566424023000081)","Unfall 186106 (2020) Kat:3, Licht: 0","186106","3","3","0","05","15","6","0","0","0","1","0","1"
"POINT (9.980084260000069 53.555409713000074)","Unfall 186107 (2020) Kat:3, Licht: 2","186107","3","7","0","05","23","6","1","2","1","0","0","0"
"POINT (10.013580534000027 53.599851002000037)","Unfall 186108 (2020) Kat:2, Licht: 0","186108","2","3","5","05","09","7","0","0","0","1","0","0"
"POINT (9.983389802000033 53.543429154000080)","Unfall 186109 (2020) Kat:3, Licht: 0","186109","3","6","0","05","13","6","1","0","0","0","0","1"
"POINT (9.979768842000055 53.580410736000033)","Unfall 186110 (2020) Kat:3, Licht: 0","186110","3","3","5","05","14","5","0","0","1","1","0","0"
"POINT (9.778749784000070 53.567062240000041)","Unfall 186111 (2020) Kat:3, Licht: 0","186111","3","3","5","05","14","1","0","0","1","1","0","0"
"POINT (10.080640117000030 53.502815197000075)","Unfall 186112 (2020) Kat:3, Licht: 0","186112","3","5","1","04","11","5","0","0","0","0","0","0"
"POINT (10.045707705000041 53.548200109000049)","Unfall 186113 (2020) Kat:2, Licht: 2","186113","2","3","5","05","22","5","0","2","0","1","0","0"
"POINT (10.044503748000068 53.550964056000055)","Unfall 186114 (2020) Kat:2, Licht: 0","186114","2","7","6","05","20","4","0","0","0","1","1","0"
"POINT (10.028559555000072 53.570659047000049)","Unfall 186115 (2020) Kat:2, Licht: 0","186115","2","6","3","05","19","2","0","0","0","1","0","0"
"POINT (10.108713586000022 53.563232495000079)","Unfall 186116 (2020) Kat:3, Licht: 0","186116","3","3","5","04","17","5","0","0","1","1","0","0"
"POINT (10.070819763000031 53.555111437000051)","Unfall 186117 (2020) Kat:3, Licht: 0","186117","3","5","1","05","12","4","0","0","1","1","0","0"
"POINT (9.963768001000062 53.547037490000037)","Unfall 186118 (2020) Kat:3, Licht: 0","186118","3","7","0","05","16","3","0","0","1","1","0","0"
"POINT (10.091349915000023 53.656206843000064)","Unfall 186119 (2020) Kat:2, Licht: 0","186119","2","7","0","04","14","5","0","0","1","0","0","0"
"POINT (10.058586217000027 53.584055290000038)","Unfall 186120 (2020) Kat:3, Licht: 0","186120","3","6","2","05","08","6","0","0","1","1","0","0"
"POINT (10.061995363000051 53.560176652000052)","Unfall 186121 (2020) Kat:3, Licht: 0","186121","3","6","3","04","10","5","1","0","0","1","0","0"
"POINT (10.011489614000027 53.649146864000045)","Unfall 186122 (2020) Kat:3, Licht: 0","186122","3","3","5","05","17","6","1","0","1","1","0","0"
"POINT (9.874423055000023 53.589949443000080)","Unfall 186123 (2020) Kat:2, Licht: 0","186123","2","2","4","05","14","1","0","0","1","1","0","0"
"POINT (9.923146594000059 53.575830307000047)","Unfall 186124 (2020) Kat:3, Licht: 0","186124","3","3","5","05","13","4","0","0","0","1","0","0"
"POINT (10.107021846000066 53.570688698000026)","Unfall 186125 (2020) Kat:3, Licht: 0","186125","3","3","5","04","17","5","0","0","0","1","0","0"
"POINT (10.180081388000076 53.495443672000079)","Unfall 186126 (2020) Kat:3, Licht: 0","186126","3","3","5","05","14","6","0","0","1","1","0","0"
"POINT (10.208838757000024 53.496445276000031)","Unfall 186127 (2020) Kat:3, Licht: 0","186127","3","4","6","05","14","7","0","0","0","1","1","0"
"POINT (10.034191451000027 53.579923312000062)","Unfall 186128 (2020) Kat:2, Licht: 0","186128","2","6","4","05","17","4","0","0","1","0","0","0"
"POINT (10.195479399000021 53.642736458000059)","Unfall 186129 (2020) Kat:3, Licht: 0","186129","3","6","4","04","10","5","0","0","1","0","0","0"
"POINT (10.150104290000058 53.607709409000051)","Unfall 186130 (2020) Kat:3, Licht: 0","186130","3","2","2","04","15","5","1","0","0","1","0","0"
"POINT (9.921763832000067 53.555995006000046)","Unfall 186131 (2020) Kat:2, Licht: 0","186131","2","1","8","05","20","5","0","0","0","0","1","1"
"POINT (9.999066160000041 53.592018316000065)","Unfall 186132 (2020) Kat:3, Licht: 0","186132","3","3","5","05","08","4","0","0","1","1","0","0"
"POINT (10.095099781000044 53.680751109000028)","Unfall 186133 (2020) Kat:3, Licht: 0","186133","3","6","4","04","06","5","0","0","1","0","0","0"
"POINT (10.095655811000029 53.547661953000045)","Unfall 186134 (2020) Kat:3, Licht: 0","186134","3","7","0","05","12","1","0","0","1","1","0","0"
"POINT (10.066634552000039 53.570089462000055)","Unfall 186135 (2020) Kat:3, Licht: 0","186135","3","2","4","04","12","5","1","0","0","1","0","0"
"POINT (9.983559765000052 53.604993339000032)","Unfall 186136 (2020) Kat:3, Licht: 0","186136","3","6","3","05","17","4","0","0","1","0","0","0"
"POINT (10.044860026000038 53.640987657000039)","Unfall 186137 (2020) Kat:3, Licht: 0","186137","3","7","0","05","19","2","0","0","0","1","1","0"
"POINT (10.025803121000024 53.669582250000076)","Unfall 186138 (2020) Kat:2, Licht: 0","186138","2","2","5","04","09","5","0","0","0","1","0","0"
"POINT (10.067823799000053 53.562161524000032)","Unfall 186139 (2020) Kat:3, Licht: 0","186139","3","6","3","04","16","5","0","0","0","1","0","0"
"POINT (10.020418817000063 53.581384700000058)","Unfall 186140 (2020) Kat:3, Licht: 0","186140","3","6","3","05","15","6","0","0","1","0","0","0"
"POINT (10.091145835000077 53.544199347000074)","Unfall 186141 (2020) Kat:3, Licht: 0","186141","3","2","2","05","16","7","0","0","0","1","0","0"
"POINT (10.116470437000032 53.608349374000056)","Unfall 186142 (2020) Kat:3, Licht: 0","186142","3","3","5","05","08","3","0","0","1","1","0","0"
"POINT (10.065234118000035 53.639389108000046)","Unfall 186143 (2020) Kat:3, Licht: 0","186143","3","6","2","04","16","5","1","0","0","1","0","0"
"POINT (9.975766438000051 53.452982422000048)","Unfall 186144 (2020) Kat:3, Licht: 0","186144","3","3","5","05","15","3","0","0","1","0","0","1"
"POINT (10.033841985000038 53.590934758000060)","Unfall 186145 (2020) Kat:3, Licht: 0","186145","3","6","4","04","15","5","0","0","1","0","0","0"
"POINT (10.117101968000043 53.649930621000067)","Unfall 186146 (2020) Kat:3, Licht: 0","186146","3","3","5","04","06","5","1","0","0","1","0","0"
"POINT (10.082530861000066 53.657698934000052)","Unfall 186147 (2020) Kat:3, Licht: 0","186147","3","7","0","04","16","5","1","0","1","0","0","0"
"POINT (9.865062503000047 53.556848429000070)","Unfall 186148 (2020) Kat:3, Licht: 0","186148","3","4","6","05","16","4","0","0","0","1","1","0"
"POINT (9.752988523000056 53.576381464000065)","Unfall 186149 (2020) Kat:3, Licht: 0","186149","3","7","8","04","17","5","0","0","1","0","0","0"
"POINT (10.037258860000065 53.641093822000073)","Unfall 186150 (2020) Kat:2, Licht: 0","186150","2","4","6","05","15","1","0","0","0","1","1","0"
"POINT (9.892943033000051 53.557092325000042)","Unfall 186151 (2020) Kat:3, Licht: 0","186151","3","2","3","04","14","5","1","0","0","1","0","0"
"POINT (9.999474105000047 53.498550226000077)","Unfall 186152 (2020) Kat:3, Licht: 0","186152","3","6","2","05","13","3","0","0","0","1","0","0"
"POINT (10.019658522000043 53.551878902000055)","Unfall 186153 (2020) Kat:3, Licht: 0","186153","3","2","4","05","05","2","0","0","1","1","0","0"
"POINT (9.804015379000077 53.557005025000080)","Unfall 186154 (2020) Kat:3, Licht: 0","186154","3","7","1","04","09","5","0","0","1","1","0","0"
"POINT (9.951835045000053 53.598883863000026)","Unfall 186155 (2020) Kat:3, Licht: 0","186155","3","3","5","04","14","5","1","0","1","1","0","0"
"POINT (9.990130737000072 53.557199436000076)","Unfall 186156 (2020) Kat:3, Licht: 0","186156","3","6","6","05","13","6","1","0","1","0","1","0"
"POINT (10.098542203000022 53.536070787000028)","Unfall 186157 (2020) Kat:3, Licht: 0","186157","3","3","5","05","18","7","0","0","0","1","0","0"
"POINT (10.008595777000039 53.634997810000073)","Unfall 186158 (2020) Kat:3, Licht: 0","186158","3","6","3","05","15","3","1","0","0","1","0","1"
"POINT (9.985166564000053 53.583120293000036)","Unfall 186159 (2020) Kat:3, Licht: 0","186159","3","6","3","04","12","5","1","0","1","1","0","0"
"POINT (9.956671807000021 53.562111614000059)","Unfall 186160 (2020) Kat:3, Licht: 0","186160","3","1","0","05","13","6","0","0","0","0","0","1"
"POINT (10.115407358000027 53.571022685000059)","Unfall 186161 (2020) Kat:3, Licht: 0","186161","3","6","2","05","16","3","0","0","0","1","0","0"
"POINT (9.872660174000032 53.586340921000044)","Unfall 186162 (2020) Kat:3, Licht: 0","186162","3","6","3","04","17","5","0","0","0","1","0","1"
"POINT (10.175453701000038 53.642217780000067)","Unfall 186163 (2020) Kat:2, Licht: 0","186163","2","3","5","05","14","6","0","0","1","0","0","0"
"POINT (9.985954830000026 53.546946451000053)","Unfall 186164 (2020) Kat:3, Licht: 0","186164","3","3","5","05","15","6","0","0","1","1","0","0"
"POINT (9.972932558000025 53.547444530000064)","Unfall 186165 (2020) Kat:3, Licht: 0","186165","3","2","3","04","09","5","1","0","1","1","0","0"
"POINT (9.996047062000059 53.549986218000072)","Unfall 186166 (2020) Kat:3, Licht: 0","186166","3","3","5","04","08","5","1","0","1","1","0","0"
"POINT (9.984283351000045 53.433536016000062)","Unfall 186167 (2020) Kat:3, Licht: 0","186167","3","6","0","05","13","7","0","0","0","1","0","0"
"POINT (9.984299187000033 53.460450853000054)","Unfall 186168 (2020) Kat:3, Licht: 0","186168","3","7","6","04","07","4","0","0","0","1","1","0"
"POINT (9.898886373000039 53.477152139000054)","Unfall 186169 (2020) Kat:3, Licht: 2","186169","3","2","3","04","05","4","1","2","1","1","0","0"
"POINT (10.042025009000042 53.588204092000069)","Unfall 186170 (2020) Kat:2, Licht: 0","186170","2","2","6","05","14","5","0","0","0","0","1","0"
"POINT (9.977793395000049 53.461730382000042)","Unfall 186171 (2020) Kat:2, Licht: 0","186171","2","6","4","04","11","4","1","0","0","1","0","0"
"POINT (10.219509833000075 53.420717491000062)","Unfall 186172 (2020) Kat:2, Licht: 0","186172","2","6","4","04","14","4","0","0","0","1","0","0"
"POINT (10.014166232000036 53.571418536000067)","Unfall 186173 (2020) Kat:3, Licht: 0","186173","3","6","3","05","17","1","0","0","0","1","0","1"
"POINT (9.976084865000075 53.461588718000030)","Unfall 186174 (2020) Kat:3, Licht: 0","186174","3","1","0","04","17","4","0","0","1","0","0","0"
"POINT (10.085382953000021 53.453777983000066)","Unfall 186175 (2020) Kat:3, Licht: 0","186175","3","5","1","04","11","4","1","0","1","0","0","0"
"POINT (10.125562773000070 53.570978541000045)","Unfall 186176 (2020) Kat:3, Licht: 0","186176","3","6","2","05","16","5","0","0","0","1","0","0"
"POINT (10.093468970000060 53.585514311000054)","Unfall 186177 (2020) Kat:3, Licht: 1","186177","3","5","1","04","20","4","0","1","0","1","0","0"
"POINT (9.965774850000059 53.565229623000050)","Unfall 186178 (2020) Kat:3, Licht: 0","186178","3","2","3","05","14","3","1","0","1","1","0","0"
"POINT (10.145166633000031 53.669029996000063)","Unfall 186179 (2020) Kat:3, Licht: 0","186179","3","2","1","04","11","4","0","0","0","1","0","0"