WKT,Name,OBJECTID,UKATEGORIE,UTYP1,UART,UMONAT,USTUNDE,UWOCHENTAG,STRZUSTAND,ULICHTVERH,ISTRAD,ISTPKW,ISTFUSS,ISTKRAD
"POINT (10.082849162000059 53.555318978000059)","Unfall 186180 (2020) Kat:2, Licht: 0","186180","2","3","6","05","09","5","0","0","0","0","1","0"
"POINT (10.126943935000043 53.671080275000065)","Unfall 186181 (2020) Kat:3, Licht: 0","186181","3","2","4","05","18","3","0","0","0","1","0","0"
"POINT (10.138291273000050 53.574939784000037)","Unfall 186182 (2020) Kat:2, Licht: 0","186182","2","4","6","04","18","4","0","0","0","1","1","0"
"POINT (10.033558065000022 53.620469333000074)","Unfall 186183 (2020) Kat:3, Licht: 0","186183","3","6","2","05","10","6","0","0","0","1","0","0"
"POINT (9.931142528000066 53.597885055000063)","Unfall 186184 (2020) Kat:3, Licht: 0","186184","3","6","2","04","14","4","1","0","0","1","0","0"
"POINT (9.878160260000072 53.564269822000028)","Unfall 186185 (2020) Kat:3, Licht: 0","186185","3","5","1","04","16","4","1","0","1","1","0","0"
"POINT (9.979523715000028 53.606818221000026)","Unfall 186186 (2020) Kat:3, Licht: 0","186186","3","3","5","05","19","7","0","0","0","1","0","1"
"POINT (10.021330768000041 53.550051936000045)","Unfall 186187 (2020) Kat:3, Licht: 0","186187","3","3","5","05","18","7","0","0","1","1","0","0"
"POINT (10.206125241000052 53.477174695000031)","Unfall 186188 (2020) Kat:3, Licht: 0","186188","3","3","5","05","13","4","0","0","0","1","0","0"
"POINT (10.085324319000051 53.577354719000027)","Unfall 186189 (2020) Kat:2, Licht: 0","186189","2","6","2","05","16","7","0","0","0","1","0","0"
"POINT (10.118650835000039 53.536019141000054)","Unfall 186190 (2020) Kat:3, Licht: 2","186190","3","2","5","04","21","3","0","2","0","1","0","1"
"POINT (10.030803150000054 53.585166882000067)","Unfall 186191 (2020) Kat:3, Licht: 0","186191","3","3","5","05","12","5","0","0","0","1","1","0"
"POINT (10.072730652000075 53.608901174000039)","Unfall 186192 (2020) Kat:3, Licht: 0","186192","3","3","5","05","06","4","0","0","1","0","0","0"
"POINT (9.988628934000076 53.572187203000055)","Unfall 186193 (2020) Kat:3, Licht: 0","186193","3","6","2","05","15","2","0","0","0","1","0","0"
"POINT (10.047294878000059 53.558106956000074)","Unfall 186194 (2020) Kat:3, Licht: 0","186194","3","2","2","04","15","3","0","0","0","1","0","0"
"POINT (10.143680881000023 53.593652445000032)","Unfall 186195 (2020) Kat:3, Licht: 0","186195","3","2","5","05","12","4","0","0","1","1","0","0"
"POINT (10.003075338000031 53.553136670000072)","Unfall 186196 (2020) Kat:3, Licht: 0","186196","3","6","1","05","16","3","0","0","0","1","0","0"
"POINT (10.201654569000027 53.466453726000054)","Unfall 186197 (2020) Kat:3, Licht: 0","186197","3","6","4","05","15","5","0","0","1","0","0","0"
"POINT (10.202191289000041 53.490908200000035)","Unfall 186198 (2020) Kat:3, Licht: 0","186198","3","3","5","05","16","4","0","0","0","1","0","0"
"POINT (10.073195977000069 53.609196729000075)","Unfall 186199 (2020) Kat:3, Licht: 0","186199","3","3","5","05","13","2","0","0","1","1","0","0"
"POINT (10.156619714000044 53.611153157000047)","Unfall 186200 (2020) Kat:3, Licht: 0","186200","3","6","2","04","14","3","0","0","1","1","0","0"
"POINT (10.071130588000074 53.605743470000050)","Unfall 186201 (2020) Kat:3, Licht: 0","186201","3","3","5","05","16","5","0","0","1","0","0","0"
"POINT (9.859166150000021 53.549283467000066)","Unfall 186202 (2020) Kat:3, Licht: 0","186202","3","5","5","05","08","3","0","0","1","1","0","0"
"POINT (10.080555904000050 53.581228034000048)","Unfall 186203 (2020) Kat:3, Licht: 2","186203","3","5","1","04","22","4","0","2","1","1","0","0"
"POINT (10.040926811000077 53.589388921000079)","Unfall 186204 (2020) Kat:3, Licht: 2","186204","3","7","0","05","21","6","0","2","1","0","0","0"
"POINT (10.140273227000023 53.628888162000067)","Unfall 186205 (2020) Kat:3, Licht: 0","186205","3","6","2","04","11","3","0","0","0","1","0","0"
"POINT (10.077975881000043 53.568914879000033)","Unfall 186206 (2020) Kat:2, Licht: 0","186206","2","7","0","04","09","3","0","0","1","0","0","0"
"POINT (10.041751680000061 53.647679277000066)","Unfall 186207 (2020) Kat:2, Licht: 0","186207","2","2","6","05","14","6","1","0","0","1","1","0"
"POINT (10.041273124000043 53.569478830000037)","Unfall 186208 (2020) Kat:3, Licht: 1","186208","3","1","1","05","04","4","1","1","0","1","0","0"
"POINT (10.074815207000029 53.572224407000078)","Unfall 186209 (2020) Kat:3, Licht: 0","186209","3","2","5","04","17","4","0","0","1","1","0","0"
"POINT (10.032105248000050 53.580857051000066)","Unfall 186210 (2020) Kat:3, Licht: 0","186210","3","2","3","04","14","3","0","0","1","1","0","0"
"POINT (10.025168350000058 53.557389267000076)","Unfall 186211 (2020) Kat:3, Licht: 0","186211","3","6","2","05","15","4","0","0","0","1","0","0"
"POINT (10.062321402000066 53.602340682000033)","Unfall 186212 (2020) Kat:2, Licht: 0","186212","2","7","0","04","13","4","0","0","1","0","0","0"
"POINT (10.175178362000054 53.605634369000029)","Unfall 186213 (2020) Kat:3, Licht: 0","186213","3","3","5","05","19","1","0","0","1","1","0","0"
"POINT (10.018817509000030 53.563021730000060)","Unfall 186214 (2020) Kat:3, Licht: 0","186214","3","5","1","04","17","3","0","0","1","1","0","0"
"POINT (9.983788448000041 53.570366869000054)","Unfall 186215 (2020) Kat:3, Licht: 2","186215","3","7","0","05","00","4","0","2","1","1","0","0"
"POINT (9.860256702000072 53.577383071000042)","Unfall 186216 (2020) Kat:3, Licht: 0","186216","3","7","0","05","17","2","0","0","1","1","0","0"
"POINT (10.075784453000040 53.613719918000072)","Unfall 186217 (2020) Kat:3, Licht: 0","186217","3","7","1","04","07","4","0","0","0","1","0","0"
"POINT (10.028710607000050 53.570751653000059)","Unfall 186218 (2020) Kat:3, Licht: 0","186218","3","7","3","04","15","3","0","0","0","1","0","0"
"POINT (9.928672240000026 53.629439607000052)","Unfall 186219 (2020) Kat:3, Licht: 0","186219","3","3","5","05","10","6","1","0","0","1","0","0"
"POINT (10.110339951000071 53.653812609000056)","Unfall 186220 (2020) Kat:2, Licht: 0","186220","2","3","5","05","12","7","0","0","0","1","0","1"
"POINT (10.011512903000039 53.608992941000054)","Unfall 186221 (2020) Kat:3, Licht: 0","186221","3","2","4","04","18","4","0","0","0","1","0","0"
"POINT (10.020614156000022 53.559845256000074)","Unfall 186222 (2020) Kat:3, Licht: 0","186222","3","6","2","04","17","3","0","0","0","1","0","0"
"POINT (10.015201080000054 53.668259364000050)","Unfall 186223 (2020) Kat:3, Licht: 0","186223","3","4","6","05","16","6","0","0","1","0","1","0"
"POINT (9.942021703000023 53.525055419000068)","Unfall 186224 (2020) Kat:3, Licht: 0","186224","3","3","5","05","06","4","0","0","1","1","0","0"
"POINT (9.831357458000070 53.565448398000058)","Unfall 186225 (2020) Kat:3, Licht: 0","186225","3","5","1","04","19","3","0","0","0","0","1","0"
"POINT (9.963495402000035 53.547019138000053)","Unfall 186226 (2020) Kat:3, Licht: 0","186226","3","4","6","05","16","4","0","0","0","0","1","1"
"POINT (9.919472649000056 53.637609145000056)","Unfall 186227 (2020) Kat:3, Licht: 0","186227","3","6","6","04","16","4","0","0","1","0","1","0"
"POINT (10.015614833000029 53.590092796000079)","Unfall 186228 (2020) Kat:3, Licht: 0","186228","3","3","5","05","15","1","0","0","1","1","0","0"
"POINT (9.912149227000043 53.623389402000043)","Unfall 186229 (2020) Kat:3, Licht: 0","186229","3","5","1","04","16","3","0","0","0","1","0","0"
"POINT (10.108654250000029 53.562962873000060)","Unfall 186230 (2020) Kat:3, Licht: 0","186230","3","6","2","05","16","3","0","0","0","1","0","1"
"POINT (10.066116169000054 53.584936720000030)","Unfall 186231 (2020) Kat:3, Licht: 0","186231","3","6","2","05","15","1","0","0","0","1","0","0"
"POINT (9.982184138000037 53.584503448000078)","Unfall 186232 (2020) Kat:3, Licht: 0","186232","3","4","0","04","16","4","0","0","0","1","1","0"
"POINT (9.941884163000054 53.565411184000027)","Unfall 186233 (2020) Kat:3, Licht: 2","186233","3","3","5","04","21","3","1","2","0","1","0","0"
"POINT (9.988414796000029 53.440199922000033)","Unfall 186234 (2020) Kat:3, Licht: 0","186234","3","2","3","05","13","5","0","0","0","1","0","0"
"POINT (9.973285383000075 53.574239358000057)","Unfall 186235 (2020) Kat:3, Licht: 0","186235","3","2","5","04","11","3","0","0","1","1","0","0"
"POINT (10.038208230000066 53.577199725000071)","Unfall 186236 (2020) Kat:2, Licht: 0","186236","2","3","5","05","10","3","0","0","1","1","0","0"
"POINT (9.992979265000031 53.575139532000037)","Unfall 186237 (2020) Kat:3, Licht: 0","186237","3","7","0","04","11","3","0","0","1","1","0","0"
"POINT (9.992204436000066 53.454715354000029)","Unfall 186238 (2020) Kat:3, Licht: 0","186238","3","6","2","05","13","5","0","0","1","0","0","0"
"POINT (10.100109940000038 53.585708378000049)","Unfall 186239 (2020) Kat:3, Licht: 0","186239","3","6","3","05","20","3","0","0","1","0","0","0"
"POINT (9.923676146000048 53.544442270000047)","Unfall 186240 (2020) Kat:3, Licht: 0","186240","3","5","1","04","19","4","0","0","1","1","0","0"
"POINT (10.050742622000030 53.600078721000045)","Unfall 186241 (2020) Kat:3, Licht: 0","186241","3","6","2","05","08","3","0","0","0","1","0","0"
"POINT (9.997044373000051 53.546329171000082)","Unfall 186242 (2020) Kat:3, Licht: 2","186242","3","3","5","04","23","3","1","2","0","1","0","0"
"POINT (9.857770720000076 53.598088411000049)","Unfall 186243 (2020) Kat:3, Licht: 0","186243","3","7","0","05","16","6","0","0","1","0","0","0"
"POINT (10.052943583000058 53.560776130000079)","Unfall 186244 (2020) Kat:3, Licht: 0","186244","3","6","2","05","16","3","0","0","0","1","0","0"
"POINT (9.931479943000056 53.546593454000060)","Unfall 186245 (2020) Kat:3, Licht: 0","186245","3","6","2","04","18","4","0","0","0","1","0","0"
"POINT (9.969509595000034 53.450867796000068)","Unfall 186246 (2020) Kat:3, Licht: 0","186246","3","6","2","04","11","2","0","0","0","1","0","1"
"POINT (9.987278981000031 53.493124753000075)","Unfall 186247 (2020) Kat:3, Licht: 0","186247","3","1","0","04","13","2","0","0","1","0","0","0"
"POINT (9.821147140000051 53.580357011000046)","Unfall 186248 (2020) Kat:3, Licht: 0","186248","3","6","4","05","12","1","0","0","1","1","0","0"
"POINT (9.918998600000066 53.545907769000053)","Unfall 186249 (2020) Kat:3, Licht: 0","186249","3","2","4","04","13","4","0","0","0","1","0","0"
"POINT (10.045702778000077 53.548194192000039)","Unfall 186250 (2020) Kat:3, Licht: 1","186250","3","3","5","04","19","2","0","1","0","1","0","0"
"POINT (10.040757796000037 53.643316439000046)","Unfall 186251 (2020) Kat:2, Licht: 0","186251","2","6","2","05","17","5","0","0","0","1","0","0"
"POINT (10.013841655000022 53.594011840000064)","Unfall 186252 (2020) Kat:3, Licht: 0","186252","3","6","2","05","13","7","0","0","0","1","0","0"
"POINT (10.155712356000038 53.587849410000047)","Unfall 186253 (2020) Kat:3, Licht: 0","186253","3","3","6","04","14","2","0","0","1","0","1","0"
"POINT (9.896053363000021 53.505152613000064)","Unfall 186254 (2020) Kat:2, Licht: 0","186254","2","1","8","05","16","4","0","0","0","0","0","1"
"POINT (9.979448878000028 53.457488913000077)","Unfall 186255 (2020) Kat:3, Licht: 0","186255","3","2","4","05","10","2","0","0","1","1","0","0"
"POINT (10.059734922000075 53.572652548000065)","Unfall 186256 (2020) Kat:3, Licht: 0","186256","3","2","3","04","19","2","0","0","1","0","0","0"
"POINT (10.113222993000022 53.607150502000081)","Unfall 186257 (2020) Kat:3, Licht: 0","186257","3","6","2","05","15","5","0","0","0","1","0","0"
"POINT (10.002907653000022 53.656712989000027)","Unfall 186258 (2020) Kat:3, Licht: 0","186258","3","3","5","05","17","3","0","0","1","1","0","0"
"POINT (9.927449745000047 53.518152482000062)","Unfall 186259 (2020) Kat:3, Licht: 0","186259","3","6","2","04","15","4","0","0","0","1","0","0"
"POINT (10.055796401000066 53.591516554000066)","Unfall 186260 (2020) Kat:3, Licht: 0","186260","3","2","4","05","07","6","0","0","1","1","0","0"
"POINT (10.077906937000023 53.564697321000040)","Unfall 186261 (2020) Kat:3, Licht: 0","186261","3","3","5","04","13","2","0","0","0","1","0","0"
"POINT (10.044058542000073 53.610415197000066)","Unfall 186262 (2020) Kat:3, Licht: 0","186262","3","3","5","04","17","2","0","0","1","0","0","0"
"POINT (9.872009873000025 53.490709522000031)","Unfall 186263 (2020) Kat:3, Licht: 1","186263","3","1","8","05","21","6","0","1","0","1","0","0"
"POINT (10.046705538000026 53.582915473000071)","Unfall 186264 (2020) Kat:3, Licht: 0","186264","3","6","2","05","13","6","0","0","0","1","0","0"
"POINT (9.894839011000045 53.456096330000037)","Unfall 186265 (2020) Kat:3, Licht: 0","186265","3","6","2","05","12","5","0","0","0","1","0","1"
"POINT (10.078300766000041 53.617522990000055)","Unfall 186266 (2020) Kat:3, Licht: 0","186266","3","6","3","04","16","2","0","0","0","0","0","1"
"POINT (10.015905906000057 53.589100083000062)","Unfall 186267 (2020) Kat:3, Licht: 0","186267","3","7","0","04","18","2","0","0","1","0","0","0"
"POINT (10.143920625000021 53.669094290000032)","Unfall 186268 (2020) Kat:3, Licht: 0","186268","3","2","3","05","12","7","0","0","1","1","0","0"
"POINT (10.018372946000056 53.589544496000030)","Unfall 186269 (2020) Kat:3, Licht: 0","186269","3","4","6","04","07","2","0","0","1","0","1","0"
"POINT (9.906769118000057 53.567338886000073)","Unfall 186270 (2020) Kat:3, Licht: 0","186270","3","6","2","05","16","5","0","0","0","1","0","0"
"POINT (10.007447479000064 53.580953529000055)","Unfall 186271 (2020) Kat:3, Licht: 0","186271","3","3","5","04","06","2","0","0","1","1","0","0"
"POINT (10.026831479000066 53.539696490000040)","Unfall 186272 (2020) Kat:3, Licht: 0","186272","3","7","6","05","16","5","0","0","0","1","1","0"
"POINT (10.120377530000042 53.496274890000052)","Unfall 186273 (2020) Kat:2, Licht: 0","186273","2","5","9","05","07","4","0","0","0","1","0","0"
"POINT (10.059528485000044 53.629873494000037)","Unfall 186274 (2020) Kat:3, Licht: 0","186274","3","5","1","05","07","2","1","0","1","1","0","0"
"POINT (9.943585800000051 53.583752507000042)","Unfall 186275 (2020) Kat:3, Licht: 0","186275","3","6","6","04","08","2","0","0","0","1","1","0"
"POINT (10.026289555000062 53.527237299000035)","Unfall 186276 (2020) Kat:3, Licht: 0","186276","3","6","2","05","16","4","0","0","0","1","0","0"
"POINT (9.969016697000029 53.564271025000039)","Unfall 186277 (2020) Kat:3, Licht: 0","186277","3","3","5","05","09","3","0","0","1","1","0","0"
"POINT (9.905408258000023 53.482043964000070)","Unfall 186278 (2020) Kat:3, Licht: 0","186278","3","6","2","04","18","3","0","0","0","1","0","0"
"POINT (10.058839422000062 53.569989415000066)","Unfall 186279 (2020) Kat:3, Licht: 0","186279","3","3","5","05","12","6","0","0","0","1","0","0"
"POINT (9.939817154000025 53.593142833000059)","Unfall 186280 (2020) Kat:3, Licht: 0","186280","3","2","3","04","13","2","0","0","1","1","0","0"
"POINT (10.160697685000059 53.653020974000071)","Unfall 186281 (2020) Kat:3, Licht: 0","186281","3","7","0","05","16","6","0","0","1","0","0","0"
"POINT (10.044446483000058 53.579227452000055)","Unfall 186282 (2020) Kat:3, Licht: 0","186282","3","3","5","05","15","4","0","0","1","1","0","0"
"POINT (9.923751904000028 53.591787186000033)","Unfall 186283 (2020) Kat:3, Licht: 0","186283","3","6","2","04","16","2","0","0","0","1","0","0"
"POINT (9.940627512000049 53.593122459000028)","Unfall 186284 (2020) Kat:3, Licht: 0","186284","3","6","2","05","16","4","0","0","0","1","0","0"
"POINT (10.052223146000074 53.508836483000039)","Unfall 186285 (2020) Kat:2, Licht: 0","186285","2","5","1","04","15","3","0","0","0","0","0","0"
"POINT (10.084860692000063 53.649299312000039)","Unfall 186286 (2020) Kat:3, Licht: 0","186286","3","3","5","05","12","1","0","0","1","0","0","0"
"POINT (10.076946728000053 53.713840982000079)","Unfall 186287 (2020) Kat:3, Licht: 0","186287","3","2","4","05","10","4","0","0","0","1","0","0"
"POINT (10.173502911000071 53.443933210000068)","Unfall 186288 (2020) Kat:3, Licht: 0","186288","3","1","8","04","19","3","0","0","0","1","0","0"
"POINT (9.877225216000056 53.587388724000050)","Unfall 186289 (2020) Kat:3, Licht: 0","186289","3","6","2","04","13","2","0","0","0","1","0","0"
"POINT (9.802778950000061 53.565173652000055)","Unfall 186290 (2020) Kat:3, Licht: 0","186290","3","7","0","05","20","5","0","0","1","0","0","0"
"POINT (10.019652129000065 53.613977147000071)","Unfall 186291 (2020) Kat:3, Licht: 0","186291","3","6","2","05","14","4","0","0","0","1","0","0"
"POINT (10.168156307000061 53.636266988000045)","Unfall 186292 (2020) Kat:3, Licht: 0","186292","3","2","5","04","15","3","0","0","1","0","0","0"
"POINT (9.969280331000050 53.516609021000079)","Unfall 186293 (2020) Kat:3, Licht: 0","186293","3","6","1","05","13","2","0","0","0","1","0","0"
"POINT (9.917919906000066 53.580640161000076)","Unfall 186294 (2020) Kat:3, Licht: 0","186294","3","6","3","04","08","2","0","0","0","1","0","0"
"POINT (10.116992635000031 53.645198169000082)","Unfall 186295 (2020) Kat:3, Licht: 0","186295","3","4","6","05","11","4","0","0","0","1","1","0"
"POINT (10.056726527000023 53.563440639000078)","Unfall 186296 (2020) Kat:3, Licht: 0","186296","3","6","2","05","17","2","0","0","0","1","0","0"
"POINT (9.996183357000064 53.603649879000045)","Unfall 186297 (2020) Kat:3, Licht: 0","186297","3","5","1","04","10","3","0","0","1","0","0","0"
"POINT (9.908939565000026 53.566504876000067)","Unfall 186298 (2020) Kat:3, Licht: 0","186298","3","7","0","04","11","2","0","0","1","0","0","0"
"POINT (10.017529272000047 53.564184731000068)","Unfall 186299 (2020) Kat:3, Licht: 0","186299","3","6","3","05","17","6","1","0","1","1","0","0"
"POINT (10.114947955000048 53.556625592000046)","Unfall 186300 (2020) Kat:3, Licht: 0","186300","3","7","0","05","17","3","0","0","0","0","0","0"
"POINT (9.985619334000035 53.588164906000031)","Unfall 186301 (2020) Kat:3, Licht: 0","186301","3","4","6","04","12","2","0","0","1","0","1","0"
"POINT (9.977451592000023 53.551383907000059)","Unfall 186302 (2020) Kat:3, Licht: 0","186302","3","4","6","05","08","4","0","0","1","0","1","0"
"POINT (10.048441320000052 53.573411993000036)","Unfall 186303 (2020) Kat:3, Licht: 0","186303","3","3","5","04","15","3","0","0","1","0","0","0"
"POINT (9.945777090000036 53.565134052000076)","Unfall 186304 (2020) Kat:2, Licht: 0","186304","2","4","6","04","17","2","0","0","0","1","1","0"
"POINT (9.959602543000074 53.563553715000069)","Unfall 186305 (2020) Kat:3, Licht: 0","186305","3","6","4","04","16","2","0","0","1","0","0","0"
"POINT (10.039121138000041 53.599759899000048)","Unfall 186306 (2020) Kat:2, Licht: 0","186306","2","7","0","05","18","1","0","0","0","1","0","0"
"POINT (10.040412236000066 53.570248082000035)","Unfall 186307 (2020) Kat:3, Licht: 2","186307","3","3","5","04","01","3","0","2","0","1","0","0"
"POINT (10.005482122000046 53.552769751000028)","Unfall 186308 (2020) Kat:3, Licht: 0","186308","3","6","2","04","12","2","0","0","0","1","0","0"
"POINT (9.878824095000027 53.533122319000029)","Unfall 186309 (2020) Kat:3, Licht: 0","186309","3","7","0","05","06","3","0","0","0","0","0","1"
"POINT (9.889934736000043 53.557055417000072)","Unfall 186310 (2020) Kat:3, Licht: 0","186310","3","6","2","05","15","2","0","0","0","1","0","0"
"POINT (9.906768460000023 53.598296505000064)","Unfall 186311 (2020) Kat:3, Licht: 0","186311","3","3","5","04","15","3","0","0","1","1","0","0"
"POINT (10.013007231000074 53.552491516000032)","Unfall 186312 (2020) Kat:3, Licht: 0","186312","3","2","2","04","16","2","0","0","0","1","0","0"
"POINT (9.967746834000025 53.568626451000057)","Unfall 186313 (2020) Kat:3, Licht: 0","186313","3","6","3","05","12","6","1","0","1","0","0","0"
"POINT (10.025328060000049 53.626487606000069)","Unfall 186314 (2020) Kat:3, Licht: 0","186314","3","2","5","05","08","3","0","0","1","1","0","0"
"POINT (9.804926950000038 53.530020004000050)","Unfall 186315 (2020) Kat:3, Licht: 0","186315","3","6","2","04","14","1","0","0","0","1","0","0"
"POINT (9.936301615000048 53.549051169000052)","Unfall 186316 (2020) Kat:3, Licht: 0","186316","3","4","6","05","12","6","0","0","0","1","1","0"
"POINT (10.124339140000075 53.570970840000030)","Unfall 186317 (2020) Kat:3, Licht: 1","186317","3","2","6","05","04","3","1","1","0","1","1","0"
"POINT (9.826859765000052 53.558738156000061)","Unfall 186318 (2020) Kat:3, Licht: 0","186318","3","2","3","04","17","3","0","0","0","1","0","1"
"POINT (9.988702685000021 53.562014301000033)","Unfall 186319 (2020) Kat:3, Licht: 0","186319","3","6","2","05","15","6","1","0","0","1","0","0"
"POINT (10.161690145000023 53.483158056000036)","Unfall 186320 (2020) Kat:3, Licht: 2","186320","3","6","3","04","02","1","0","2","0","1","0","1"
"POINT (10.068679092000025 53.580772462000027)","Unfall 186321 (2020) Kat:3, Licht: 0","186321","3","6","3","04","16","1","0","0","0","1","0","1"
"POINT (9.993813243000034 53.577987845000052)","Unfall 186322 (2020) Kat:3, Licht: 0","186322","3","2","4","05","13","1","0","0","1","1","0","0"
"POINT (9.838071194000065 53.557135419000076)","Unfall 186323 (2020) Kat:3, Licht: 0","186323","3","3","5","04","12","3","0","0","0","1","0","0"
"POINT (10.031692881000026 53.623508733000051)","Unfall 186324 (2020) Kat:3, Licht: 0","186324","3","2","4","04","16","1","0","0","1","1","0","0"
"POINT (10.006133617000046 53.617443750000064)","Unfall 186325 (2020) Kat:3, Licht: 0","186325","3","2","5","05","13","5","0","0","1","0","0","0"
"POINT (10.122286674000065 53.519144549000032)","Unfall 186326 (2020) Kat:3, Licht: 0","186326","3","1","0","04","16","7","0","0","0","0","0","1"
"POINT (9.966622527000027 53.461124800000050)","Unfall 186327 (2020) Kat:3, Licht: 0","186327","3","3","5","05","16","4","0","0","1","1","0","0"
"POINT (10.104385238000077 53.580493400000080)","Unfall 186328 (2020) Kat:3, Licht: 0","186328","3","2","3","05","13","2","0","0","1","1","0","0"
"POINT (10.031789011000058 53.619475745000045)","Unfall 186329 (2020) Kat:3, Licht: 0","186329","3","2","4","04","16","7","0","0","1","1","0","0"
"POINT (10.122930487000076 53.644551890000059)","Unfall 186330 (2020) Kat:3, Licht: 0","186330","3","6","2","04","13","7","0","0","0","1","0","0"
"POINT (10.117405978000022 53.434243832000050)","Unfall 186331 (2020) Kat:3, Licht: 0","186331","3","6","3","05","10","5","0","0","1","0","0","0"
"POINT (10.019489620000058 53.566189085000076)","Unfall 186332 (2020) Kat:3, Licht: 0","186332","3","7","0","04","16","7","0","0","1","0","0","0"
"POINT (9.988572187000045 53.572684380000055)","Unfall 186333 (2020) Kat:3, Licht: 0","186333","3","3","5","05","15","3","1","0","0","1","0","0"
"POINT (9.857834788000048 53.535100373000034)","Unfall 186334 (2020) Kat:3, Licht: 2","186334","3","7","8","04","22","6","0","2","0","1","0","0"
"POINT (10.035002414000076 53.477856132000056)","Unfall 186335 (2020) Kat:3, Licht: 0","186335","3","6","3","05","16","5","0","0","1","1","0","0"
"POINT (10.171975651000025 53.645443360000058)","Unfall 186336 (2020) Kat:2, Licht: 0","186336","2","1","0","05","13","3","0","0","1","0","0","0"
"POINT (9.857917364000059 53.598162937000041)","Unfall 186337 (2020) Kat:3, Licht: 0","186337","3","2","4","04","19","3","0","0","1","1","0","0"
"POINT (9.854871112000069 53.551977481000051)","Unfall 186338 (2020) Kat:3, Licht: 0","186338","3","5","1","05","11","6","0","0","1","1","0","0"
"POINT (10.006848713000068 53.480675642000051)","Unfall 186339 (2020) Kat:3, Licht: 0","186339","3","3","5","04","17","6","0","0","1","1","0","0"
"POINT (10.110778240000059 53.542780793000077)","Unfall 186340 (2020) Kat:3, Licht: 0","186340","3","3","5","04","18","6","0","0","0","1","0","0"
"POINT (9.905359694000026 53.560582685000043)","Unfall 186341 (2020) Kat:2, Licht: 1","186341","2","5","1","05","21","7","0","1","1","1","0","0"
"POINT (10.026421504000041 53.556650914000045)","Unfall 186342 (2020) Kat:3, Licht: 0","186342","3","6","3","05","16","7","0","0","0","1","0","1"
"POINT (10.141180488000032 53.583986627000058)","Unfall 186343 (2020) Kat:3, Licht: 0","186343","3","4","6","04","19","6","0","0","0","1","1","0"
"POINT (10.092288640000049 53.501079321000077)","Unfall 186344 (2020) Kat:3, Licht: 0","186344","3","6","2","05","06","4","0","0","0","0","0","0"
"POINT (9.820133478000059 53.561138539000069)","Unfall 186345 (2020) Kat:3, Licht: 0","186345","3","5","1","05","10","7","0","0","1","1","0","0"
"POINT (10.110972308000044 53.606721352000079)","Unfall 186346 (2020) Kat:3, Licht: 0","186346","3","6","2","04","15","6","0","0","0","1","0","0"
"POINT (10.105837361000056 53.651871748000076)","Unfall 186347 (2020) Kat:2, Licht: 0","186347","2","2","2","05","12","5","0","0","0","1","0","1"
"POINT (10.092701952000027 53.568651840000030)","Unfall 186348 (2020) Kat:2, Licht: 0","186348","2","2","6","05","09","4","0","0","0","1","1","0"
"POINT (9.913445671000034 53.576465264000035)","Unfall 186349 (2020) Kat:3, Licht: 0","186349","3","7","3","05","07","2","0","0","0","1","0","0"
"POINT (10.083666448000031 53.580126126000039)","Unfall 186350 (2020) Kat:3, Licht: 0","186350","3","3","5","04","13","6","0","0","0","1","0","0"
"POINT (10.055585270000051 53.560940414000072)","Unfall 186351 (2020) Kat:2, Licht: 0","186351","2","7","0","05","11","4","0","0","0","1","0","1"
"POINT (9.990037011000027 53.559716318000028)","Unfall 186352 (2020) Kat:3, Licht: 0","186352","3","6","3","05","08","3","0","0","0","1","0","0"
"POINT (9.914368059000026 53.557171785000037)","Unfall 186353 (2020) Kat:3, Licht: 0","186353","3","6","6","04","16","3","0","0","1","0","1","0"
"POINT (10.034822566000059 53.584583219000081)","Unfall 186354 (2020) Kat:3, Licht: 0","186354","3","3","5","05","12","1","0","0","1","0","0","0"
"POINT (10.003949346000070 53.622583351000060)","Unfall 186355 (2020) Kat:3, Licht: 0","186355","3","2","3","05","16","6","0","0","0","0","0","0"
"POINT (9.866976649000037 53.586691497000061)","Unfall 186356 (2020) Kat:3, Licht: 0","186356","3","5","1","06","17","4","1","0","0","1","0","0"
"POINT (9.912522221000074 53.634392481000077)","Unfall 186357 (2020) Kat:3, Licht: 0","186357","3","3","5","06","13","1","0","0","1","1","0","0"
"POINT (10.000156760000039 53.550968958000055)","Unfall 186358 (2020) Kat:3, Licht: 0","186358","3","4","0","06","10","2","0","0","0","0","1","0"
"POINT (9.952933832000042 53.568090408000046)","Unfall 186359 (2020) Kat:3, Licht: 0","186359","3","2","5","06","18","3","0","0","1","1","0","0"
"POINT (9.925797950000060 53.572546714000055)","Unfall 186360 (2020) Kat:3, Licht: 0","186360","3","7","0","06","16","5","0","0","0","1","0","0"
"POINT (9.835087336000072 53.559576706000030)","Unfall 186361 (2020) Kat:2, Licht: 0","186361","2","7","0","06","12","4","0","0","1","0","0","0"
"POINT (10.119420393000041 53.606464860000074)","Unfall 186362 (2020) Kat:3, Licht: 0","186362","3","6","2","06","07","5","1","0","0","1","0","0"
"POINT (10.002893501000074 53.524181430000056)","Unfall 186363 (2020) Kat:3, Licht: 0","186363","3","1","0","06","16","4","0","0","1","0","0","0"
"POINT (9.806818957000075 53.573402031000057)","Unfall 186364 (2020) Kat:3, Licht: 0","186364","3","2","6","06","09","4","0","0","0","1","1","0"