WKT,Name,OBJECTID,UKATEGORIE,UTYP1,UART,UMONAT,USTUNDE,UWOCHENTAG,STRZUSTAND,ULICHTVERH,ISTRAD,ISTPKW,ISTFUSS,ISTKRAD
"POINT (9.977136010000038 53.511434257000076)","Unfall 186365 (2020) Kat:3, Licht: 0","186365","3","3","5","06","14","1","0","0","0","1","0","0"
"POINT (9.905722570000023 53.555238307000081)","Unfall 186366 (2020) Kat:3, Licht: 0","186366","3","6","2","06","13","4","0","0","0","1","0","0"
"POINT (10.104967882000039 53.572059623000030)","Unfall 186367 (2020) Kat:3, Licht: 0","186367","3","4","6","06","14","2","0","0","1","0","1","0"
"POINT (10.056834105000064 53.560763687000076)","Unfall 186368 (2020) Kat:3, Licht: 0","186368","3","6","2","06","11","1","0","0","0","1","0","0"
"POINT (9.954723764000050 53.592032069000027)","Unfall 186369 (2020) Kat:3, Licht: 0","186369","3","6","4","06","13","4","0","0","1","0","0","0"
"POINT (9.979773538000075 53.579840889000081)","Unfall 186370 (2020) Kat:3, Licht: 0","186370","3","3","5","06","19","6","0","0","1","1","0","0"
"POINT (9.933316191000074 53.566747780000071)","Unfall 186371 (2020) Kat:3, Licht: 0","186371","3","4","6","06","12","4","0","0","0","1","1","0"
"POINT (9.989585848000047 53.544900595000058)","Unfall 186372 (2020) Kat:3, Licht: 0","186372","3","2","3","06","10","7","1","0","1","1","0","0"
"POINT (10.064645339000037 53.571421484000041)","Unfall 186373 (2020) Kat:3, Licht: 0","186373","3","3","5","06","18","1","0","0","0","1","0","0"
"POINT (10.001205267000046 53.556560131000026)","Unfall 186374 (2020) Kat:3, Licht: 0","186374","3","6","6","06","08","5","0","0","1","0","1","0"
"POINT (10.003964076000045 53.557126397000047)","Unfall 186375 (2020) Kat:3, Licht: 0","186375","3","6","4","06","18","4","1","0","1","0","0","0"
"POINT (9.982559485000024 53.452181649000067)","Unfall 186376 (2020) Kat:3, Licht: 0","186376","3","3","5","06","12","4","0","0","1","1","0","0"
"POINT (10.107115464000060 53.641657627000029)","Unfall 186377 (2020) Kat:3, Licht: 0","186377","3","1","1","06","13","3","0","0","0","1","0","1"
"POINT (10.019230516000050 53.552980461000061)","Unfall 186378 (2020) Kat:3, Licht: 0","186378","3","2","5","06","17","4","0","0","1","1","0","0"
"POINT (9.976438212000062 53.578186399000060)","Unfall 186379 (2020) Kat:2, Licht: 0","186379","2","4","6","06","15","5","0","0","0","0","1","0"
"POINT (10.042459404000056 53.548250884000026)","Unfall 186380 (2020) Kat:3, Licht: 0","186380","3","3","5","06","17","3","0","0","0","1","0","1"
"POINT (10.014100802000030 53.561688100000026)","Unfall 186381 (2020) Kat:3, Licht: 0","186381","3","6","2","06","15","4","0","0","0","1","0","0"
"POINT (9.993675849000056 53.442973694000045)","Unfall 186382 (2020) Kat:3, Licht: 0","186382","3","2","6","06","13","3","0","0","0","1","1","0"
"POINT (9.993957896000040 53.600658014000032)","Unfall 186383 (2020) Kat:3, Licht: 0","186383","3","7","6","06","19","2","0","0","1","1","1","0"
"POINT (9.952053288000059 53.577284699000074)","Unfall 186384 (2020) Kat:3, Licht: 0","186384","3","1","0","06","20","1","0","0","0","0","0","1"
"POINT (9.992031107000059 53.482535129000041)","Unfall 186385 (2020) Kat:3, Licht: 0","186385","3","2","3","06","17","3","0","0","1","1","0","0"
"POINT (9.874876763000032 53.477852351000081)","Unfall 186386 (2020) Kat:3, Licht: 0","186386","3","7","3","06","10","5","0","0","1","0","0","0"
"POINT (10.021881723000035 53.507124887000032)","Unfall 186387 (2020) Kat:3, Licht: 0","186387","3","7","0","06","19","3","0","0","0","1","1","0"
"POINT (10.072411043000045 53.608550285000035)","Unfall 186388 (2020) Kat:3, Licht: 0","186388","3","7","0","06","15","6","0","0","1","0","0","0"
"POINT (9.969221147000042 53.546023545000082)","Unfall 186389 (2020) Kat:3, Licht: 0","186389","3","2","3","06","17","1","1","0","1","1","0","0"
"POINT (10.060758579000037 53.561826068000073)","Unfall 186390 (2020) Kat:3, Licht: 0","186390","3","3","5","06","15","4","0","0","1","1","0","0"
"POINT (10.226327755000057 53.481658668000080)","Unfall 186391 (2020) Kat:3, Licht: 0","186391","3","3","6","06","16","3","0","0","1","0","1","0"
"POINT (10.032779513000037 53.607407855000076)","Unfall 186392 (2020) Kat:3, Licht: 0","186392","3","6","2","06","16","4","0","0","0","1","0","0"
"POINT (10.039698518000023 53.579014438000058)","Unfall 186393 (2020) Kat:3, Licht: 0","186393","3","6","2","06","16","3","0","0","0","1","0","0"
"POINT (10.181983936000051 53.492829527000026)","Unfall 186394 (2020) Kat:3, Licht: 0","186394","3","6","2","06","08","3","0","0","0","1","0","0"
"POINT (10.109694681000065 53.550401864000037)","Unfall 186395 (2020) Kat:1, Licht: 0","186395","1","7","6","06","13","3","0","0","0","0","1","0"
"POINT (9.957090643000072 53.580919134000055)","Unfall 186396 (2020) Kat:2, Licht: 0","186396","2","7","4","06","20","2","0","0","1","1","0","0"
"POINT (10.210802551000029 53.501683648000039)","Unfall 186397 (2020) Kat:3, Licht: 0","186397","3","3","5","06","09","7","0","0","1","1","0","0"
"POINT (9.956197260000067 53.581710109000028)","Unfall 186398 (2020) Kat:3, Licht: 0","186398","3","5","1","06","08","3","0","0","1","0","0","1"
"POINT (10.026944419000074 53.606292801000052)","Unfall 186399 (2020) Kat:3, Licht: 0","186399","3","6","2","06","12","5","0","0","0","1","0","1"
"POINT (10.130543538000040 53.531136093000043)","Unfall 186400 (2020) Kat:3, Licht: 0","186400","3","6","2","06","13","3","0","0","0","1","0","0"
"POINT (9.979960729000027 53.568488714000068)","Unfall 186401 (2020) Kat:3, Licht: 0","186401","3","4","6","06","12","6","0","0","1","1","1","0"
"POINT (10.100652403000026 53.540329517000032)","Unfall 186402 (2020) Kat:2, Licht: 0","186402","2","6","2","06","15","7","0","0","0","1","0","0"
"POINT (10.036272974000042 53.552414532000057)","Unfall 186403 (2020) Kat:3, Licht: 0","186403","3","6","2","06","09","3","0","0","0","1","0","0"
"POINT (9.864950199000077 53.573179112000048)","Unfall 186404 (2020) Kat:3, Licht: 0","186404","3","7","0","06","08","2","0","0","1","0","0","0"
"POINT (10.029384305000065 53.556773037000028)","Unfall 186405 (2020) Kat:3, Licht: 0","186405","3","6","2","06","12","7","0","0","0","1","0","0"
"POINT (10.116384666000044 53.535224275000076)","Unfall 186406 (2020) Kat:3, Licht: 0","186406","3","5","1","06","13","5","0","0","1","1","0","0"
"POINT (10.161397085000033 53.604923736000046)","Unfall 186407 (2020) Kat:3, Licht: 0","186407","3","3","3","06","13","3","0","0","1","1","0","0"
"POINT (9.919211020000034 53.590431181000042)","Unfall 186408 (2020) Kat:3, Licht: 0","186408","3","3","5","06","16","6","0","0","0","1","0","0"
"POINT (10.124760843000047 53.586083612000039)","Unfall 186409 (2020) Kat:3, Licht: 0","186409","3","2","4","06","12","7","0","0","0","1","0","0"
"POINT (10.048000478000063 53.565276437000080)","Unfall 186410 (2020) Kat:3, Licht: 0","186410","3","5","1","06","07","4","0","0","1","1","0","0"
"POINT (10.139878500000066 53.592986496000037)","Unfall 186411 (2020) Kat:3, Licht: 0","186411","3","5","1","06","20","3","0","0","0","1","0","1"
"POINT (10.025610315000051 53.616663442000061)","Unfall 186412 (2020) Kat:3, Licht: 0","186412","3","2","4","06","06","4","0","0","1","1","0","0"
"POINT (10.082126415000062 53.660513470000069)","Unfall 186413 (2020) Kat:3, Licht: 0","186413","3","6","2","06","19","3","0","0","0","1","0","0"
"POINT (9.949178615000051 53.558675513000082)","Unfall 186414 (2020) Kat:3, Licht: 0","186414","3","2","5","06","14","3","0","0","0","1","0","1"
"POINT (10.122685414000046 53.644645335000064)","Unfall 186415 (2020) Kat:3, Licht: 0","186415","3","2","4","06","11","3","0","0","1","1","0","0"
"POINT (9.921149396000033 53.597388538000075)","Unfall 186416 (2020) Kat:3, Licht: 0","186416","3","2","3","06","12","7","0","0","1","1","0","0"
"POINT (10.011483803000033 53.649157216000049)","Unfall 186417 (2020) Kat:3, Licht: 0","186417","3","3","5","06","11","3","0","0","1","1","0","0"
"POINT (10.019231751000063 53.552985382000031)","Unfall 186418 (2020) Kat:3, Licht: 0","186418","3","7","0","06","09","2","0","0","1","0","0","0"
"POINT (10.017859523000027 53.649813416000029)","Unfall 186419 (2020) Kat:3, Licht: 0","186419","3","3","6","06","15","7","0","0","1","0","1","0"
"POINT (9.945383706000030 53.557098932000031)","Unfall 186420 (2020) Kat:3, Licht: 0","186420","3","3","5","06","13","3","0","0","1","1","0","0"
"POINT (10.002576739000062 53.587356668000041)","Unfall 186421 (2020) Kat:3, Licht: 0","186421","3","7","0","06","14","3","0","0","1","0","0","0"
"POINT (10.054825691000076 53.547924268000031)","Unfall 186422 (2020) Kat:3, Licht: 0","186422","3","6","4","06","15","5","0","0","1","0","0","0"
"POINT (9.996851086000049 53.548290729000030)","Unfall 186423 (2020) Kat:3, Licht: 0","186423","3","6","3","06","15","4","0","0","1","0","0","0"
"POINT (10.017013947000066 53.564009128000066)","Unfall 186424 (2020) Kat:3, Licht: 0","186424","3","3","5","06","06","3","0","0","0","1","0","0"
"POINT (10.015644969000050 53.590091252000036)","Unfall 186425 (2020) Kat:3, Licht: 2","186425","3","3","5","06","02","7","1","2","0","1","0","0"
"POINT (9.936136223000062 53.572928814000079)","Unfall 186426 (2020) Kat:3, Licht: 0","186426","3","6","2","06","19","3","0","0","0","1","0","0"
"POINT (9.900231888000064 53.606166298000062)","Unfall 186427 (2020) Kat:2, Licht: 0","186427","2","1","8","06","06","3","0","0","0","1","0","0"
"POINT (9.885554048000074 53.597208061000060)","Unfall 186428 (2020) Kat:2, Licht: 0","186428","2","4","6","06","18","4","0","0","0","1","1","0"
"POINT (9.917857258000026 53.580928718000052)","Unfall 186429 (2020) Kat:3, Licht: 0","186429","3","2","3","06","15","3","0","0","0","1","0","0"
"POINT (10.186824365000064 53.490658297000039)","Unfall 186430 (2020) Kat:3, Licht: 0","186430","3","6","2","06","16","3","0","0","0","1","0","0"
"POINT (9.896915343000046 53.588730228000031)","Unfall 186431 (2020) Kat:3, Licht: 0","186431","3","1","0","06","17","3","0","0","0","0","0","1"
"POINT (9.878709605000040 53.562020275000066)","Unfall 186432 (2020) Kat:3, Licht: 0","186432","3","3","5","06","12","3","0","0","1","1","0","0"
"POINT (9.968072189000054 53.516240514000060)","Unfall 186433 (2020) Kat:3, Licht: 0","186433","3","6","3","06","20","3","0","0","0","0","0","1"
"POINT (9.950052012000072 53.628587818000028)","Unfall 186434 (2020) Kat:2, Licht: 0","186434","2","3","5","06","15","3","0","0","1","0","0","0"
"POINT (10.018697635000024 53.552555699000038)","Unfall 186435 (2020) Kat:3, Licht: 0","186435","3","6","2","06","17","7","0","0","0","1","0","0"
"POINT (9.942532034000067 53.563911499000028)","Unfall 186436 (2020) Kat:3, Licht: 0","186436","3","5","6","06","15","3","0","0","0","1","1","0"
"POINT (10.046747495000034 53.583133169000064)","Unfall 186437 (2020) Kat:2, Licht: 0","186437","2","2","6","06","14","7","0","0","0","1","1","0"
"POINT (10.049547594000046 53.578677306000031)","Unfall 186438 (2020) Kat:3, Licht: 0","186438","3","3","5","06","18","7","1","0","1","1","0","0"
"POINT (9.957972763000043 53.549575548000064)","Unfall 186439 (2020) Kat:3, Licht: 0","186439","3","3","5","06","15","3","0","0","0","1","0","0"
"POINT (9.947712043000024 53.561001437000073)","Unfall 186440 (2020) Kat:3, Licht: 0","186440","3","3","0","06","18","5","1","0","1","0","0","0"
"POINT (9.988724629000046 53.574542095000027)","Unfall 186441 (2020) Kat:3, Licht: 0","186441","3","7","1","06","08","3","0","0","1","1","0","0"
"POINT (10.013300601000026 53.582311354000069)","Unfall 186442 (2020) Kat:3, Licht: 0","186442","3","7","0","06","12","5","1","0","1","1","0","0"
"POINT (10.207419912000034 53.479724702000055)","Unfall 186443 (2020) Kat:3, Licht: 0","186443","3","5","1","06","15","3","0","0","0","1","0","0"
"POINT (10.000100131000067 53.570922418000066)","Unfall 186444 (2020) Kat:3, Licht: 0","186444","3","2","5","06","17","3","0","0","1","1","0","0"
"POINT (10.030108301000041 53.561581647000082)","Unfall 186445 (2020) Kat:3, Licht: 0","186445","3","3","5","06","14","7","0","0","0","1","0","0"
"POINT (10.096013530000050 53.551220052000076)","Unfall 186446 (2020) Kat:3, Licht: 0","186446","3","6","4","06","14","2","0","0","1","1","0","0"
"POINT (10.039641826000036 53.601343381000049)","Unfall 186447 (2020) Kat:3, Licht: 0","186447","3","4","6","06","15","2","0","0","1","0","1","0"
"POINT (9.922421278000059 53.591652557000032)","Unfall 186448 (2020) Kat:3, Licht: 0","186448","3","7","5","06","18","7","0","0","0","1","0","0"
"POINT (10.107117925000068 53.547554023000032)","Unfall 186449 (2020) Kat:3, Licht: 2","186449","3","3","5","06","02","2","0","2","0","1","0","1"
"POINT (9.974623742000063 53.568870476000029)","Unfall 186450 (2020) Kat:3, Licht: 0","186450","3","7","0","06","17","6","0","0","1","0","0","0"
"POINT (10.114805613000044 53.607436120000045)","Unfall 186451 (2020) Kat:3, Licht: 0","186451","3","6","3","06","19","2","0","0","0","1","0","1"
"POINT (10.118870187000027 53.605019692000042)","Unfall 186452 (2020) Kat:3, Licht: 0","186452","3","2","2","06","16","6","0","0","0","1","0","0"
"POINT (9.892149307000068 53.552370411000027)","Unfall 186453 (2020) Kat:3, Licht: 0","186453","3","5","1","06","15","7","0","0","0","1","0","0"
"POINT (9.993357075000063 53.516264330000070)","Unfall 186454 (2020) Kat:3, Licht: 0","186454","3","2","4","06","07","2","0","0","1","0","0","0"
"POINT (9.969992083000022 53.583713775000035)","Unfall 186455 (2020) Kat:3, Licht: 0","186455","3","6","2","06","20","7","0","0","0","1","0","0"
"POINT (10.156429464000041 53.612997109000048)","Unfall 186456 (2020) Kat:3, Licht: 0","186456","3","7","0","06","11","2","0","0","1","0","0","0"
"POINT (9.930672927000046 53.629140639000070)","Unfall 186457 (2020) Kat:2, Licht: 0","186457","2","7","0","06","10","6","0","0","1","0","0","0"
"POINT (10.090141391000031 53.587189905000059)","Unfall 186458 (2020) Kat:3, Licht: 2","186458","3","7","0","06","00","2","0","2","1","0","0","0"
"POINT (9.922183025000038 53.555937538000080)","Unfall 186459 (2020) Kat:3, Licht: 0","186459","3","5","1","06","15","7","1","0","1","1","0","0"
"POINT (9.981867286000068 53.589613892000045)","Unfall 186460 (2020) Kat:3, Licht: 0","186460","3","6","1","06","18","7","1","0","0","1","0","0"
"POINT (9.974507375000030 53.555862858000069)","Unfall 186461 (2020) Kat:3, Licht: 0","186461","3","3","5","06","12","5","0","0","1","1","0","0"
"POINT (10.025773932000050 53.626336303000073)","Unfall 186462 (2020) Kat:3, Licht: 2","186462","3","6","2","06","22","2","0","2","0","1","0","0"
"POINT (9.991480671000034 53.555226390000030)","Unfall 186463 (2020) Kat:3, Licht: 2","186463","3","7","0","06","00","5","0","2","0","0","0","1"
"POINT (10.109899368000072 53.593538607000028)","Unfall 186464 (2020) Kat:3, Licht: 0","186464","3","1","9","06","12","3","0","0","0","0","0","0"
"POINT (9.999958655000057 53.580497371000035)","Unfall 186465 (2020) Kat:3, Licht: 0","186465","3","4","6","06","12","2","0","0","1","0","1","0"
"POINT (9.801052515000038 53.562914561000071)","Unfall 186466 (2020) Kat:3, Licht: 0","186466","3","5","1","06","10","2","0","0","0","1","0","0"
"POINT (10.009009973000047 53.571807975000070)","Unfall 186467 (2020) Kat:3, Licht: 0","186467","3","5","1","06","19","2","0","0","1","1","0","0"
"POINT (10.085190937000050 53.543537563000029)","Unfall 186468 (2020) Kat:3, Licht: 0","186468","3","3","5","06","15","6","0","0","1","1","0","0"
"POINT (10.191948194000076 53.492531817000042)","Unfall 186469 (2020) Kat:3, Licht: 0","186469","3","6","0","06","17","5","1","0","0","1","0","0"
"POINT (9.853416454000069 53.576767336000046)","Unfall 186470 (2020) Kat:3, Licht: 0","186470","3","5","1","06","13","2","0","0","1","1","0","0"
"POINT (10.076019444000053 53.652857673000028)","Unfall 186471 (2020) Kat:3, Licht: 0","186471","3","2","5","06","14","6","0","0","0","0","0","1"
"POINT (10.102464086000055 53.542282276000037)","Unfall 186472 (2020) Kat:3, Licht: 0","186472","3","6","2","06","13","6","0","0","0","1","0","0"
"POINT (10.129843690000030 53.672483839000051)","Unfall 186473 (2020) Kat:2, Licht: 0","186473","2","2","3","06","19","4","0","0","0","1","0","1"
"POINT (9.876082385000075 53.588523393000060)","Unfall 186474 (2020) Kat:3, Licht: 0","186474","3","3","5","06","18","2","0","0","0","1","0","0"
"POINT (10.035584738000068 53.591352054000026)","Unfall 186475 (2020) Kat:3, Licht: 0","186475","3","7","6","06","19","4","0","0","0","1","1","0"
"POINT (9.795268862000057 53.558619366000073)","Unfall 186476 (2020) Kat:3, Licht: 0","186476","3","1","0","06","13","3","0","0","1","0","0","0"
"POINT (9.990444438000054 53.452439499000036)","Unfall 186477 (2020) Kat:3, Licht: 0","186477","3","3","5","06","14","4","0","0","1","1","0","0"
"POINT (9.897839649000048 53.546078713000043)","Unfall 186478 (2020) Kat:3, Licht: 0","186478","3","2","3","06","12","2","0","0","0","1","0","1"
"POINT (10.060863972000050 53.555927396000072)","Unfall 186479 (2020) Kat:3, Licht: 0","186479","3","3","5","06","12","4","0","0","1","1","0","0"
"POINT (10.010876802000041 53.648026082000058)","Unfall 186480 (2020) Kat:3, Licht: 0","186480","3","2","5","06","18","3","0","0","1","0","0","0"
"POINT (9.947374766000053 53.577978026000039)","Unfall 186481 (2020) Kat:2, Licht: 0","186481","2","4","6","06","17","2","0","0","1","0","1","0"
"POINT (9.966576140000029 53.599231583000062)","Unfall 186482 (2020) Kat:3, Licht: 0","186482","3","6","2","06","11","2","0","0","0","1","0","0"
"POINT (9.926055415000064 53.567659674000026)","Unfall 186483 (2020) Kat:3, Licht: 0","186483","3","3","5","06","14","2","0","0","1","1","0","0"
"POINT (10.145728314000053 53.544368750000046)","Unfall 186484 (2020) Kat:2, Licht: 0","186484","2","3","5","06","10","6","0","0","1","1","0","0"
"POINT (10.084444594000047 53.551428071000032)","Unfall 186485 (2020) Kat:3, Licht: 0","186485","3","6","2","06","06","5","0","0","0","1","0","0"
"POINT (9.986122444000046 53.574940835000064)","Unfall 186486 (2020) Kat:3, Licht: 2","186486","3","5","1","06","00","2","0","2","1","1","0","0"
"POINT (9.904671772000029 53.592060905000039)","Unfall 186487 (2020) Kat:2, Licht: 0","186487","2","6","2","06","20","6","0","0","0","1","0","0"
"POINT (10.163833446000069 53.621016415000042)","Unfall 186488 (2020) Kat:2, Licht: 0","186488","2","3","5","06","10","6","0","0","1","1","0","0"
"POINT (10.045815374000028 53.577186954000069)","Unfall 186489 (2020) Kat:3, Licht: 0","186489","3","3","5","06","12","4","0","0","1","1","0","0"
"POINT (9.992262383000025 53.556098208000037)","Unfall 186490 (2020) Kat:3, Licht: 0","186490","3","2","3","06","15","2","0","0","0","1","0","1"
"POINT (9.816620065000052 53.580444700000044)","Unfall 186491 (2020) Kat:3, Licht: 0","186491","3","3","5","06","10","4","0","0","0","1","0","0"
"POINT (10.003313688000048 53.524118345000034)","Unfall 186492 (2020) Kat:2, Licht: 0","186492","2","7","0","06","16","2","0","0","1","0","0","0"
"POINT (9.961241453000071 53.554197358000067)","Unfall 186493 (2020) Kat:3, Licht: 0","186493","3","3","5","06","07","3","0","0","1","1","0","0"
"POINT (9.990369241000053 53.452532627000039)","Unfall 186494 (2020) Kat:2, Licht: 0","186494","2","2","4","05","16","1","0","0","0","0","0","1"
"POINT (9.766568238000048 53.569231850000051)","Unfall 186495 (2020) Kat:3, Licht: 0","186495","3","7","0","06","13","7","0","0","0","0","0","1"
"POINT (10.015504052000040 53.518684831000030)","Unfall 186496 (2020) Kat:3, Licht: 0","186496","3","3","5","05","18","1","0","0","1","1","0","0"
"POINT (10.060099992000062 53.574316978000070)","Unfall 186497 (2020) Kat:3, Licht: 0","186497","3","7","4","06","13","1","0","0","0","1","0","0"
"POINT (10.128303505000076 53.612230214000078)","Unfall 186498 (2020) Kat:3, Licht: 0","186498","3","3","5","06","13","6","0","0","1","1","0","0"
"POINT (10.100019651000025 53.539457569000035)","Unfall 186499 (2020) Kat:3, Licht: 2","186499","3","2","3","06","01","2","0","2","0","1","0","0"
"POINT (10.069473362000053 53.560063802000059)","Unfall 186500 (2020) Kat:3, Licht: 0","186500","3","7","3","05","13","1","0","0","0","1","0","1"
"POINT (10.123116545000073 53.590942088000077)","Unfall 186501 (2020) Kat:3, Licht: 0","186501","3","6","2","06","14","7","0","0","0","1","0","0"
"POINT (9.901319150000063 53.549739615000078)","Unfall 186502 (2020) Kat:3, Licht: 0","186502","3","6","2","05","18","1","0","0","0","1","0","1"
"POINT (9.977392085000076 53.577356433000034)","Unfall 186503 (2020) Kat:3, Licht: 0","186503","3","2","2","06","10","2","0","0","1","1","0","0"
"POINT (10.054478507000056 53.608445646000064)","Unfall 186504 (2020) Kat:2, Licht: 0","186504","2","3","5","06","14","6","0","0","1","1","0","0"
"POINT (10.045773256000075 53.548278834000030)","Unfall 186505 (2020) Kat:3, Licht: 0","186505","3","3","5","06","16","2","0","0","0","1","0","0"
"POINT (9.934379269000033 53.580378154000073)","Unfall 186506 (2020) Kat:3, Licht: 0","186506","3","3","5","06","09","5","0","0","1","1","0","0"
"POINT (9.979740388000039 53.581324036000069)","Unfall 186507 (2020) Kat:3, Licht: 0","186507","3","6","4","05","15","1","0","0","0","1","0","1"
"POINT (10.001768753000022 53.541001894000033)","Unfall 186508 (2020) Kat:3, Licht: 0","186508","3","6","4","06","15","6","0","0","1","0","0","0"
"POINT (9.999340739000047 53.573488392000058)","Unfall 186509 (2020) Kat:3, Licht: 0","186509","3","3","5","06","19","4","0","0","1","1","0","0"
"POINT (9.986383884000077 53.587995233000072)","Unfall 186510 (2020) Kat:3, Licht: 2","186510","3","5","1","05","00","1","0","2","1","1","0","0"
"POINT (10.022271980000028 53.548685726000031)","Unfall 186511 (2020) Kat:3, Licht: 0","186511","3","3","5","06","13","3","0","0","0","1","0","1"
"POINT (10.127225014000032 53.581181110000045)","Unfall 186512 (2020) Kat:3, Licht: 0","186512","3","6","3","06","17","3","0","0","0","1","0","0"
"POINT (9.996489808000035 53.549362036000048)","Unfall 186513 (2020) Kat:3, Licht: 0","186513","3","2","4","05","16","1","0","0","0","1","0","0"
"POINT (9.990811113000063 53.557892898000034)","Unfall 186514 (2020) Kat:3, Licht: 2","186514","3","7","0","05","01","1","0","2","1","0","0","0"
"POINT (9.953937016000054 53.461576166000043)","Unfall 186515 (2020) Kat:2, Licht: 0","186515","2","3","5","06","18","2","0","0","1","1","0","0"
"POINT (10.016533073000062 53.555370239000069)","Unfall 186516 (2020) Kat:3, Licht: 0","186516","3","3","5","05","17","1","0","0","0","1","0","0"
"POINT (10.112333328000034 53.543761372000063)","Unfall 186517 (2020) Kat:3, Licht: 0","186517","3","5","1","06","13","6","0","0","1","1","0","0"
"POINT (10.013510932000031 53.561114195000073)","Unfall 186518 (2020) Kat:3, Licht: 0","186518","3","3","5","05","14","1","0","0","0","1","0","0"
"POINT (9.795692542000040 53.558518062000076)","Unfall 186519 (2020) Kat:3, Licht: 0","186519","3","4","6","06","18","7","1","0","0","1","1","0"
"POINT (10.081222593000064 53.655101844000058)","Unfall 186520 (2020) Kat:3, Licht: 0","186520","3","6","6","06","10","6","0","0","1","0","1","0"
"POINT (10.115908721000039 53.583475779000082)","Unfall 186521 (2020) Kat:3, Licht: 0","186521","3","3","5","06","09","2","0","0","1","1","0","0"
"POINT (9.936653058000047 53.552021925000076)","Unfall 186522 (2020) Kat:3, Licht: 0","186522","3","6","4","06","17","5","0","0","1","0","0","0"
"POINT (9.803452752000055 53.528899611000043)","Unfall 186523 (2020) Kat:3, Licht: 0","186523","3","6","0","05","11","7","0","0","0","0","0","1"
"POINT (9.886961265000025 53.570269348000068)","Unfall 186524 (2020) Kat:3, Licht: 0","186524","3","3","5","06","14","5","1","0","1","1","0","0"
"POINT (10.100117957000066 53.589247278000073)","Unfall 186525 (2020) Kat:3, Licht: 0","186525","3","3","5","06","15","3","0","0","0","1","0","1"
"POINT (10.083781067000075 53.539004381000041)","Unfall 186526 (2020) Kat:3, Licht: 0","186526","3","6","2","06","06","3","0","0","0","1","0","1"
"POINT (10.100519922000046 53.549489780000044)","Unfall 186527 (2020) Kat:2, Licht: 1","186527","2","2","3","05","22","7","0","1","1","0","0","0"
"POINT (9.901198748000070 53.619124923000072)","Unfall 186528 (2020) Kat:3, Licht: 0","186528","3","7","0","06","18","5","0","0","0","0","0","1"
"POINT (10.080114117000051 53.618835997000076)","Unfall 186529 (2020) Kat:3, Licht: 0","186529","3","6","2","05","11","7","0","0","0","1","0","0"
"POINT (10.114653633000046 53.607423512000082)","Unfall 186530 (2020) Kat:3, Licht: 0","186530","3","3","5","06","10","5","1","0","0","1","0","0"
"POINT (10.104848606000076 53.632778103000078)","Unfall 186531 (2020) Kat:3, Licht: 0","186531","3","6","2","06","16","3","0","0","0","1","0","0"
"POINT (10.017424702000028 53.555877834000057)","Unfall 186532 (2020) Kat:3, Licht: 0","186532","3","6","4","06","08","4","0","0","1","0","0","0"
"POINT (10.071673857000064 53.614392393000060)","Unfall 186533 (2020) Kat:3, Licht: 0","186533","3","2","3","05","20","7","0","0","1","1","0","0"
"POINT (10.053879648000077 53.568843761000039)","Unfall 186534 (2020) Kat:3, Licht: 1","186534","3","2","5","06","07","6","0","1","1","1","0","0"
"POINT (10.031066782000039 53.572681256000067)","Unfall 186535 (2020) Kat:3, Licht: 0","186535","3","6","2","05","15","7","0","0","0","1","0","1"
"POINT (9.892939181000031 53.614795165000032)","Unfall 186536 (2020) Kat:3, Licht: 0","186536","3","5","1","05","13","7","0","0","1","1","0","0"
"POINT (10.108066385000029 53.530086934000053)","Unfall 186537 (2020) Kat:3, Licht: 0","186537","3","3","5","06","13","2","0","0","1","0","0","0"
"POINT (10.038422465000053 53.577165536000052)","Unfall 186538 (2020) Kat:3, Licht: 0","186538","3","3","5","06","18","6","0","0","1","1","0","0"
"POINT (9.822607082000047 53.582834453000032)","Unfall 186539 (2020) Kat:3, Licht: 0","186539","3","7","1","05","12","7","0","0","0","1","0","0"
"POINT (9.976671572000043 53.601584406000029)","Unfall 186540 (2020) Kat:3, Licht: 0","186540","3","2","4","06","15","6","0","0","1","1","0","0"
"POINT (9.959013396000046 53.549503409000067)","Unfall 186541 (2020) Kat:3, Licht: 2","186541","3","4","6","05","03","7","0","2","0","1","0","0"
"POINT (9.974970653000071 53.544892651000055)","Unfall 186542 (2020) Kat:3, Licht: 0","186542","3","6","2","06","14","7","1","0","0","1","0","0"
"POINT (9.964940628000022 53.589048729000069)","Unfall 186543 (2020) Kat:3, Licht: 0","186543","3","3","5","06","19","6","1","0","0","1","0","1"
"POINT (9.998850351000044 53.554304771000034)","Unfall 186544 (2020) Kat:3, Licht: 0","186544","3","7","3","06","17","5","1","0","0","1","0","1"
"POINT (10.016202021000026 53.555309393000073)","Unfall 186545 (2020) Kat:3, Licht: 0","186545","3","6","2","05","12","7","0","0","0","1","0","0"
"POINT (9.987585605000049 53.452173463000065)","Unfall 186546 (2020) Kat:3, Licht: 2","186546","3","6","2","06","21","4","0","2","0","1","0","0"
"POINT (10.077882209000052 53.617203378000056)","Unfall 186547 (2020) Kat:3, Licht: 0","186547","3","5","1","06","11","3","0","0","0","1","0","0"
"POINT (10.155404451000038 53.639743709000072)","Unfall 186548 (2020) Kat:3, Licht: 0","186548","3","2","5","06","14","3","0","0","1","1","0","0"