WKT,Name,OBJECTID,UKATEGORIE,UTYP1,UART,UMONAT,USTUNDE,UWOCHENTAG,STRZUSTAND,ULICHTVERH,ISTRAD,ISTPKW,ISTFUSS,ISTKRAD
"POINT (9.981730496000068 53.417855172000031)","Unfall 186549 (2020) Kat:2, Licht: 0","186549","2","6","2","05","14","6","0","0","0","1","0","1"
"POINT (9.982639507000044 53.430411710000044)","Unfall 186550 (2020) Kat:3, Licht: 0","186550","3","3","5","05","12","6","0","0","0","1","0","0"
"POINT (9.936098121000043 53.592458843000031)","Unfall 186551 (2020) Kat:3, Licht: 0","186551","3","2","4","06","10","2","0","0","1","1","0","0"
"POINT (9.991684189000068 53.590944551000064)","Unfall 186552 (2020) Kat:3, Licht: 1","186552","3","5","1","06","17","6","1","1","1","1","0","0"
"POINT (10.122076568000068 53.566610838000031)","Unfall 186553 (2020) Kat:3, Licht: 2","186553","3","1","9","06","23","5","0","2","0","1","0","0"
"POINT (9.936440593000043 53.454903742000056)","Unfall 186554 (2020) Kat:3, Licht: 0","186554","3","2","4","05","18","6","0","0","0","1","0","0"
"POINT (10.003621726000063 53.658789371000069)","Unfall 186555 (2020) Kat:3, Licht: 0","186555","3","5","1","06","11","2","0","0","0","1","0","0"
"POINT (9.996260381000070 53.558181434000062)","Unfall 186556 (2020) Kat:3, Licht: 2","186556","3","4","9","06","01","6","1","2","0","1","1","0"
"POINT (10.140272567000068 53.628545668000072)","Unfall 186557 (2020) Kat:3, Licht: 0","186557","3","6","2","05","15","6","0","0","0","1","0","0"
"POINT (9.964058077000061 53.471935602000030)","Unfall 186558 (2020) Kat:3, Licht: 0","186558","3","3","5","06","13","6","0","0","1","1","0","0"
"POINT (10.139549744000021 53.570677359000058)","Unfall 186559 (2020) Kat:3, Licht: 0","186559","3","6","2","05","13","6","0","0","0","1","0","0"
"POINT (10.080215104000047 53.608761510000079)","Unfall 186560 (2020) Kat:3, Licht: 0","186560","3","7","5","06","07","6","0","0","0","1","0","0"
"POINT (10.015311273000066 53.518493593000073)","Unfall 186561 (2020) Kat:3, Licht: 0","186561","3","2","2","06","20","5","1","0","0","1","0","0"
"POINT (10.228089941000064 53.488048344000049)","Unfall 186562 (2020) Kat:3, Licht: 0","186562","3","6","2","06","14","4","0","0","0","0","0","1"
"POINT (10.060655171000064 53.570724127000062)","Unfall 186563 (2020) Kat:3, Licht: 0","186563","3","6","6","05","20","6","0","0","1","0","1","0"
"POINT (10.141688362000025 53.613846536000040)","Unfall 186564 (2020) Kat:3, Licht: 0","186564","3","6","4","06","18","4","0","0","0","1","0","0"
"POINT (10.096529203000046 53.618999583000061)","Unfall 186565 (2020) Kat:3, Licht: 0","186565","3","2","5","06","15","3","0","0","1","1","0","0"
"POINT (10.001286002000029 53.580876760000081)","Unfall 186566 (2020) Kat:3, Licht: 0","186566","3","5","1","06","11","3","0","0","1","1","0","0"
"POINT (10.100209905000042 53.654901183000050)","Unfall 186567 (2020) Kat:3, Licht: 0","186567","3","2","2","05","12","6","0","0","0","1","0","0"
"POINT (10.009339595000029 53.649883759000033)","Unfall 186568 (2020) Kat:3, Licht: 0","186568","3","3","5","05","14","6","0","0","1","1","0","0"
"POINT (9.890725758000031 53.546655990000033)","Unfall 186569 (2020) Kat:3, Licht: 0","186569","3","7","0","06","09","2","0","0","0","0","0","1"
"POINT (10.083777113000053 53.531696032000070)","Unfall 186570 (2020) Kat:3, Licht: 0","186570","3","7","0","06","16","5","1","0","1","0","0","0"
"POINT (10.125486522000074 53.584200311000075)","Unfall 186571 (2020) Kat:3, Licht: 0","186571","3","2","4","06","07","2","0","0","0","1","0","0"
"POINT (10.076118297000050 53.611765543000047)","Unfall 186572 (2020) Kat:3, Licht: 0","186572","3","5","1","06","16","5","0","0","1","1","0","0"
"POINT (10.021061444000054 53.584092053000063)","Unfall 186573 (2020) Kat:3, Licht: 0","186573","3","6","2","05","12","6","0","0","1","1","0","0"
"POINT (9.894451509000021 53.552751029000035)","Unfall 186574 (2020) Kat:2, Licht: 0","186574","2","3","5","06","06","6","0","0","1","1","0","0"
"POINT (10.096779062000053 53.542124164000029)","Unfall 186575 (2020) Kat:2, Licht: 0","186575","2","4","6","06","15","5","0","0","0","0","1","0"
"POINT (9.933785424000064 53.592490732000044)","Unfall 186576 (2020) Kat:3, Licht: 0","186576","3","2","5","06","12","4","0","0","1","1","0","0"
"POINT (10.056307431000050 53.591296460000081)","Unfall 186577 (2020) Kat:3, Licht: 0","186577","3","6","3","05","07","6","0","0","0","1","0","0"
"POINT (9.947660516000042 53.560891989000027)","Unfall 186578 (2020) Kat:3, Licht: 0","186578","3","3","5","06","17","4","0","0","1","0","0","0"
"POINT (9.870151029000056 53.593535018000068)","Unfall 186579 (2020) Kat:3, Licht: 0","186579","3","6","3","05","17","6","0","0","1","0","0","0"
"POINT (10.032899760000021 53.579833418000078)","Unfall 186580 (2020) Kat:3, Licht: 0","186580","3","6","2","06","11","6","0","0","0","1","0","0"
"POINT (10.054985174000024 53.560967003000030)","Unfall 186581 (2020) Kat:3, Licht: 0","186581","3","6","2","06","17","5","1","0","0","1","0","0"
"POINT (10.012392903000034 53.581191600000068)","Unfall 186582 (2020) Kat:3, Licht: 0","186582","3","7","0","06","15","4","0","0","0","0","0","0"
"POINT (9.954748153000026 53.622481091000054)","Unfall 186583 (2020) Kat:3, Licht: 0","186583","3","6","2","05","10","6","0","0","1","0","0","0"
"POINT (10.006357302000026 53.607574042000067)","Unfall 186584 (2020) Kat:3, Licht: 0","186584","3","7","0","06","13","4","0","0","1","1","0","0"
"POINT (9.905440217000034 53.596143435000045)","Unfall 186585 (2020) Kat:3, Licht: 0","186585","3","6","2","06","16","3","0","0","1","1","0","0"
"POINT (9.932611827000073 53.557341890000032)","Unfall 186586 (2020) Kat:3, Licht: 0","186586","3","1","0","05","20","6","0","0","0","0","0","1"
"POINT (10.040925270000059 53.601611749000028)","Unfall 186587 (2020) Kat:3, Licht: 0","186587","3","2","3","06","16","7","0","0","1","1","0","0"
"POINT (9.874533090000057 53.480266188000030)","Unfall 186588 (2020) Kat:3, Licht: 0","186588","3","5","1","05","13","5","0","0","1","1","0","0"
"POINT (9.957893692000027 53.551665067000044)","Unfall 186589 (2020) Kat:3, Licht: 0","186589","3","3","5","06","15","2","0","0","0","1","0","1"
"POINT (10.127828149000038 53.627747520000071)","Unfall 186590 (2020) Kat:3, Licht: 0","186590","3","2","3","06","13","5","1","0","0","1","0","1"
"POINT (10.103944203000026 53.570300148000058)","Unfall 186591 (2020) Kat:3, Licht: 0","186591","3","7","3","06","07","2","0","0","0","1","0","0"
"POINT (10.084558865000076 53.550916144000041)","Unfall 186592 (2020) Kat:2, Licht: 0","186592","2","7","8","05","15","5","0","0","0","1","0","0"
"POINT (9.983237557000052 53.458197293000069)","Unfall 186593 (2020) Kat:3, Licht: 0","186593","3","7","6","06","09","5","0","0","0","0","1","0"
"POINT (10.108666726000024 53.707818311000040)","Unfall 186594 (2020) Kat:3, Licht: 0","186594","3","3","0","06","18","3","0","0","0","1","0","1"
"POINT (10.007715308000058 53.540565172000072)","Unfall 186595 (2020) Kat:3, Licht: 0","186595","3","1","0","06","19","4","0","0","0","0","0","1"
"POINT (10.132845477000046 53.547299195000051)","Unfall 186596 (2020) Kat:3, Licht: 0","186596","3","6","3","05","12","5","0","0","1","0","0","0"
"POINT (10.046684549000076 53.578907859000026)","Unfall 186597 (2020) Kat:3, Licht: 0","186597","3","2","3","06","15","3","0","0","1","1","0","0"
"POINT (10.160001450000038 53.604036484000062)","Unfall 186598 (2020) Kat:3, Licht: 0","186598","3","7","3","05","12","5","0","0","0","1","0","0"
"POINT (10.135785645000055 53.615701514000079)","Unfall 186599 (2020) Kat:3, Licht: 0","186599","3","3","5","05","17","5","0","0","1","1","0","0"
"POINT (10.000636321000059 53.499678840000058)","Unfall 186600 (2020) Kat:3, Licht: 0","186600","3","3","5","06","13","2","0","0","1","1","0","0"
"POINT (10.016928909000058 53.615969472000074)","Unfall 186601 (2020) Kat:3, Licht: 0","186601","3","6","2","05","17","5","0","0","0","1","0","0"
"POINT (9.907570605000046 53.632504351000080)","Unfall 186602 (2020) Kat:3, Licht: 0","186602","3","6","2","06","19","6","0","0","0","1","0","0"
"POINT (10.024189051000064 53.584771768000053)","Unfall 186603 (2020) Kat:3, Licht: 2","186603","3","3","0","05","22","5","0","2","1","1","0","0"
"POINT (10.016175304000058 53.561736432000032)","Unfall 186604 (2020) Kat:3, Licht: 0","186604","3","3","5","05","15","5","0","0","1","1","0","0"
"POINT (10.034840129000031 53.575040525000077)","Unfall 186605 (2020) Kat:2, Licht: 0","186605","2","3","5","05","08","5","0","0","1","1","0","0"
"POINT (10.013228655000034 53.561046956000041)","Unfall 186606 (2020) Kat:3, Licht: 0","186606","3","7","0","06","18","3","0","0","1","0","0","0"
"POINT (9.898381821000044 53.610104804000059)","Unfall 186607 (2020) Kat:3, Licht: 0","186607","3","6","1","05","07","5","0","0","0","1","0","0"
"POINT (9.947310176000030 53.557960765000075)","Unfall 186608 (2020) Kat:3, Licht: 0","186608","3","2","3","06","17","7","0","0","1","1","0","0"
"POINT (9.846436292000021 53.563653457000044)","Unfall 186609 (2020) Kat:3, Licht: 0","186609","3","3","5","05","11","5","0","0","0","1","0","0"
"POINT (10.086746487000028 53.554863471000033)","Unfall 186610 (2020) Kat:3, Licht: 1","186610","3","7","3","06","20","7","1","1","0","1","0","0"
"POINT (10.052166377000049 53.610034049000035)","Unfall 186611 (2020) Kat:3, Licht: 0","186611","3","3","5","06","12","5","1","0","1","1","0","0"
"POINT (10.065603910000050 53.660295627000039)","Unfall 186612 (2020) Kat:2, Licht: 0","186612","2","7","0","06","08","2","0","0","1","0","0","0"
"POINT (9.976759398000070 53.589296184000034)","Unfall 186613 (2020) Kat:3, Licht: 0","186613","3","5","1","06","14","5","0","0","1","1","0","0"
"POINT (9.812910410000029 53.572320762000061)","Unfall 186614 (2020) Kat:2, Licht: 0","186614","2","3","5","05","10","5","0","0","1","1","0","0"
"POINT (10.012950534000026 53.643053640000062)","Unfall 186615 (2020) Kat:3, Licht: 0","186615","3","6","2","06","09","5","1","0","0","1","0","0"
"POINT (9.859875822000049 53.534676969000031)","Unfall 186616 (2020) Kat:3, Licht: 0","186616","3","6","2","06","18","3","0","0","0","1","0","0"
"POINT (9.943439629000068 53.593290524000054)","Unfall 186617 (2020) Kat:3, Licht: 0","186617","3","2","5","05","06","5","0","0","1","1","0","0"
"POINT (10.050036859000045 53.593749886000069)","Unfall 186618 (2020) Kat:3, Licht: 0","186618","3","6","2","06","18","5","1","0","0","1","0","0"
"POINT (9.953474013000061 53.572678281000037)","Unfall 186619 (2020) Kat:3, Licht: 0","186619","3","7","0","05","13","5","0","0","1","0","0","0"
"POINT (10.059188996000046 53.573499379000054)","Unfall 186620 (2020) Kat:3, Licht: 0","186620","3","3","5","06","10","2","0","0","1","1","0","0"
"POINT (10.045205789000022 53.589870425000072)","Unfall 186621 (2020) Kat:2, Licht: 0","186621","2","3","5","06","13","5","1","0","0","1","0","0"
"POINT (10.015946576000033 53.522861022000029)","Unfall 186622 (2020) Kat:3, Licht: 0","186622","3","3","5","05","16","4","0","0","1","1","0","0"
"POINT (9.989889864000077 53.561511643000074)","Unfall 186623 (2020) Kat:3, Licht: 2","186623","3","3","5","06","23","6","0","2","0","1","0","0"
"POINT (10.128229112000042 53.601740427000038)","Unfall 186624 (2020) Kat:2, Licht: 0","186624","2","2","4","05","12","4","0","0","1","1","0","0"
"POINT (10.102591735000033 53.580089530000066)","Unfall 186625 (2020) Kat:3, Licht: 0","186625","3","6","2","06","17","6","0","0","0","1","0","0"
"POINT (10.042229800000030 53.585088045000077)","Unfall 186626 (2020) Kat:3, Licht: 0","186626","3","7","0","06","05","5","0","0","1","0","0","0"
"POINT (10.011181126000054 53.557355257000040)","Unfall 186627 (2020) Kat:3, Licht: 0","186627","3","6","4","06","07","5","0","0","1","0","0","0"
"POINT (10.085194539000042 53.656950204000054)","Unfall 186628 (2020) Kat:3, Licht: 0","186628","3","6","2","05","09","4","0","0","0","1","0","0"
"POINT (10.151008193000052 53.523786487000052)","Unfall 186629 (2020) Kat:3, Licht: 0","186629","3","6","2","06","17","4","0","0","0","1","0","1"
"POINT (9.916348448000065 53.600177060000078)","Unfall 186630 (2020) Kat:3, Licht: 0","186630","3","2","3","06","16","3","0","0","1","1","0","0"
"POINT (9.936074496000060 53.555623133000040)","Unfall 186631 (2020) Kat:3, Licht: 2","186631","3","1","0","06","03","7","0","2","1","0","0","0"
"POINT (9.975621680000074 53.601624835000052)","Unfall 186632 (2020) Kat:3, Licht: 0","186632","3","6","2","06","16","5","1","0","0","1","0","0"
"POINT (9.979347110000049 53.565869003000046)","Unfall 186633 (2020) Kat:3, Licht: 0","186633","3","2","3","06","16","5","0","0","1","0","0","0"
"POINT (10.122660614000040 53.641671536000047)","Unfall 186634 (2020) Kat:3, Licht: 0","186634","3","3","5","05","07","4","0","0","1","1","0","0"
"POINT (9.995090023000046 53.570790309000074)","Unfall 186635 (2020) Kat:3, Licht: 0","186635","3","5","1","06","13","5","1","0","0","1","0","1"
"POINT (10.105483333000052 53.580719743000031)","Unfall 186636 (2020) Kat:2, Licht: 0","186636","2","2","4","06","11","3","0","0","0","1","0","0"
"POINT (10.028203100000042 53.675123534000079)","Unfall 186637 (2020) Kat:3, Licht: 0","186637","3","6","6","05","11","4","0","0","1","0","1","0"
"POINT (10.000160432000030 53.612269371000082)","Unfall 186638 (2020) Kat:3, Licht: 0","186638","3","7","0","05","16","4","0","0","1","0","0","0"
"POINT (10.019055155000046 53.589439015000039)","Unfall 186639 (2020) Kat:3, Licht: 0","186639","3","7","0","06","09","2","0","0","1","0","0","0"
"POINT (9.973514952000073 53.586855139000079)","Unfall 186640 (2020) Kat:3, Licht: 0","186640","3","5","1","06","07","5","0","0","1","1","0","0"
"POINT (9.991282529000046 53.588238343000057)","Unfall 186641 (2020) Kat:3, Licht: 0","186641","3","6","2","05","18","4","0","0","0","1","0","0"
"POINT (9.980739938000056 53.424229310000044)","Unfall 186642 (2020) Kat:3, Licht: 0","186642","3","6","3","06","17","5","1","0","0","1","0","0"
"POINT (9.956219007000073 53.568012714000076)","Unfall 186643 (2020) Kat:3, Licht: 2","186643","3","2","5","05","01","4","0","2","0","1","0","0"
"POINT (10.046101566000061 53.675645497000062)","Unfall 186644 (2020) Kat:3, Licht: 0","186644","3","3","5","06","15","6","0","0","1","1","0","0"
"POINT (9.948671336000075 53.562299361000044)","Unfall 186645 (2020) Kat:3, Licht: 0","186645","3","2","4","06","14","5","1","0","0","1","0","0"
"POINT (10.118106370000021 53.609038057000078)","Unfall 186646 (2020) Kat:3, Licht: 0","186646","3","4","6","06","15","4","0","0","0","1","1","0"
"POINT (9.984933248000061 53.463041064000038)","Unfall 186647 (2020) Kat:3, Licht: 0","186647","3","7","4","05","09","4","0","0","0","1","0","0"
"POINT (10.185214176000045 53.655364272000043)","Unfall 186648 (2020) Kat:2, Licht: 0","186648","2","3","5","06","17","4","0","0","1","1","0","0"
"POINT (9.906326278000051 53.614309355000046)","Unfall 186649 (2020) Kat:3, Licht: 0","186649","3","3","5","06","16","3","0","0","1","1","0","0"
"POINT (10.286479266000072 53.427721410000061)","Unfall 186650 (2020) Kat:3, Licht: 0","186650","3","5","1","05","19","3","0","0","1","1","0","0"
"POINT (10.040750513000035 53.540844004000064)","Unfall 186651 (2020) Kat:3, Licht: 0","186651","3","6","2","05","14","3","0","0","0","1","0","0"
"POINT (9.944355027000029 53.550642100000061)","Unfall 186652 (2020) Kat:3, Licht: 0","186652","3","3","5","06","13","2","0","0","1","1","0","0"
"POINT (9.955601847000025 53.550062375000039)","Unfall 186653 (2020) Kat:3, Licht: 0","186653","3","6","2","06","14","5","1","0","0","1","0","0"
"POINT (10.106959962000076 53.653696145000026)","Unfall 186654 (2020) Kat:3, Licht: 0","186654","3","2","2","06","07","3","0","0","1","1","0","0"
"POINT (10.163999878000027 53.605495413000028)","Unfall 186655 (2020) Kat:3, Licht: 0","186655","3","6","4","05","16","3","0","0","1","0","0","0"
"POINT (10.110439386000053 53.593021384000053)","Unfall 186656 (2020) Kat:3, Licht: 0","186656","3","3","5","05","11","3","0","0","1","1","0","0"
"POINT (9.874497907000034 53.590045183000029)","Unfall 186657 (2020) Kat:3, Licht: 0","186657","3","6","3","06","16","2","0","0","0","1","0","0"
"POINT (9.982808227000021 53.581247065000071)","Unfall 186658 (2020) Kat:3, Licht: 2","186658","3","6","3","06","23","5","1","2","1","1","0","0"
"POINT (10.080971094000063 53.531959045000065)","Unfall 186659 (2020) Kat:2, Licht: 0","186659","2","2","5","06","07","5","0","0","1","1","0","0"
"POINT (10.115606426000056 53.625132993000079)","Unfall 186660 (2020) Kat:3, Licht: 1","186660","3","1","0","05","21","3","0","1","0","0","0","1"
"POINT (9.796427366000046 53.566599695000036)","Unfall 186661 (2020) Kat:3, Licht: 0","186661","3","7","1","06","13","6","0","0","0","1","0","0"
"POINT (10.008819701000050 53.552155388000074)","Unfall 186662 (2020) Kat:3, Licht: 0","186662","3","6","3","06","12","5","1","0","0","1","0","0"
"POINT (10.043601687000034 53.595708114000047)","Unfall 186663 (2020) Kat:3, Licht: 0","186663","3","5","1","06","10","4","0","0","1","0","0","0"
"POINT (10.060030895000068 53.571715149000056)","Unfall 186664 (2020) Kat:3, Licht: 0","186664","3","6","2","05","09","3","0","0","0","1","0","0"
"POINT (9.935953008000070 53.573017708000066)","Unfall 186665 (2020) Kat:3, Licht: 0","186665","3","2","5","06","14","4","0","0","1","0","0","0"
"POINT (9.904422948000047 53.607371715000056)","Unfall 186666 (2020) Kat:3, Licht: 0","186666","3","2","3","06","08","3","0","0","1","0","0","0"
"POINT (10.087917698000069 53.617924451000079)","Unfall 186667 (2020) Kat:3, Licht: 0","186667","3","7","0","05","17","3","0","0","1","0","0","0"
"POINT (9.988523466000061 53.570542143000068)","Unfall 186668 (2020) Kat:3, Licht: 0","186668","3","5","1","06","08","3","0","0","1","1","0","0"
"POINT (10.070755506000069 53.604947366000033)","Unfall 186669 (2020) Kat:3, Licht: 0","186669","3","2","3","05","11","3","0","0","1","1","0","0"
"POINT (9.851160126000025 53.549368480000055)","Unfall 186670 (2020) Kat:3, Licht: 0","186670","3","2","2","06","16","7","0","0","0","1","0","0"
"POINT (10.006462804000023 53.607602736000047)","Unfall 186671 (2020) Kat:3, Licht: 0","186671","3","5","1","05","09","3","0","0","1","1","0","0"
"POINT (10.208055872000045 53.494569162000062)","Unfall 186672 (2020) Kat:3, Licht: 0","186672","3","3","0","06","18","1","0","0","1","1","0","0"
"POINT (10.003926707000062 53.557296768000072)","Unfall 186673 (2020) Kat:3, Licht: 0","186673","3","3","5","06","09","5","0","0","1","1","0","0"
"POINT (9.891055210000047 53.608536778000030)","Unfall 186674 (2020) Kat:3, Licht: 0","186674","3","2","4","06","18","2","0","0","1","1","0","0"
"POINT (9.897909496000068 53.591113124000060)","Unfall 186675 (2020) Kat:3, Licht: 0","186675","3","2","4","05","13","3","0","0","1","1","0","0"
"POINT (10.178640826000048 53.635852861000046)","Unfall 186676 (2020) Kat:3, Licht: 0","186676","3","3","5","06","16","5","0","0","0","1","0","0"
"POINT (9.823694833000047 53.560420996000062)","Unfall 186677 (2020) Kat:3, Licht: 0","186677","3","2","5","06","07","2","0","0","1","0","0","0"
"POINT (10.058216317000074 53.569959827000048)","Unfall 186678 (2020) Kat:3, Licht: 0","186678","3","2","5","06","19","5","0","0","0","1","0","0"
"POINT (9.988482500000032 53.557076117000065)","Unfall 186679 (2020) Kat:3, Licht: 0","186679","3","5","5","05","16","3","0","0","1","1","0","0"
"POINT (9.992563003000043 53.559051379000039)","Unfall 186680 (2020) Kat:3, Licht: 0","186680","3","6","2","06","14","6","0","0","0","1","0","0"
"POINT (9.956241919000036 53.632610695000039)","Unfall 186681 (2020) Kat:3, Licht: 0","186681","3","6","4","06","11","4","0","0","1","0","0","0"
"POINT (9.992108896000048 53.543152551000048)","Unfall 186682 (2020) Kat:3, Licht: 0","186682","3","6","6","05","12","3","0","0","0","1","1","0"
"POINT (10.091121655000052 53.502368253000043)","Unfall 186683 (2020) Kat:2, Licht: 0","186683","2","3","5","06","16","3","0","0","0","1","0","1"
"POINT (9.999827864000054 53.550915559000032)","Unfall 186684 (2020) Kat:3, Licht: 1","186684","3","7","0","05","20","3","0","1","1","0","0","0"
"POINT (9.912198699000044 53.513596724000081)","Unfall 186685 (2020) Kat:3, Licht: 0","186685","3","6","1","05","12","2","0","0","0","1","0","0"
"POINT (9.895840551000049 53.515535051000029)","Unfall 186686 (2020) Kat:3, Licht: 0","186686","3","6","2","06","08","2","0","0","0","1","0","0"
"POINT (10.073876641000027 53.500568523000027)","Unfall 186687 (2020) Kat:3, Licht: 0","186687","3","6","3","05","21","2","0","0","1","0","0","0"
"POINT (10.072003723000023 53.552314995000074)","Unfall 186688 (2020) Kat:3, Licht: 0","186688","3","6","2","06","16","6","0","0","0","1","0","0"
"POINT (10.090807534000021 53.508465675000082)","Unfall 186689 (2020) Kat:3, Licht: 0","186689","3","6","3","05","17","2","0","0","0","1","0","0"
"POINT (9.907857142000069 53.615026262000072)","Unfall 186690 (2020) Kat:3, Licht: 0","186690","3","7","6","06","14","7","0","0","0","1","1","0"
"POINT (10.044313980000027 53.548339198000065)","Unfall 186691 (2020) Kat:3, Licht: 0","186691","3","6","2","06","18","4","1","0","0","1","0","0"
"POINT (9.952004383000030 53.613374622000038)","Unfall 186692 (2020) Kat:3, Licht: 0","186692","3","3","5","06","09","2","0","0","1","1","0","0"
"POINT (9.929867838000064 53.549568332000035)","Unfall 186693 (2020) Kat:3, Licht: 0","186693","3","7","0","06","15","5","0","0","1","0","0","0"
"POINT (10.135147656000072 53.536921831000029)","Unfall 186694 (2020) Kat:3, Licht: 0","186694","3","6","3","05","16","2","0","0","0","1","0","0"
"POINT (10.045732275000034 53.563990451000052)","Unfall 186695 (2020) Kat:2, Licht: 0","186695","2","2","4","06","15","5","0","0","0","1","0","0"
"POINT (10.083795979000058 53.546633327000052)","Unfall 186696 (2020) Kat:3, Licht: 0","186696","3","6","3","06","06","3","0","0","0","1","0","0"
"POINT (10.142246603000046 53.608524892000048)","Unfall 186697 (2020) Kat:2, Licht: 0","186697","2","3","5","05","14","2","0","0","1","1","0","0"
"POINT (10.078935892000061 53.563319084000057)","Unfall 186698 (2020) Kat:3, Licht: 0","186698","3","3","5","05","15","2","0","0","1","1","0","0"
"POINT (10.027135435000048 53.626374375000069)","Unfall 186699 (2020) Kat:3, Licht: 0","186699","3","3","5","06","07","2","0","0","1","1","0","0"
"POINT (10.135363030000065 53.594335562000026)","Unfall 186700 (2020) Kat:3, Licht: 0","186700","3","2","5","06","18","4","1","0","1","1","0","0"
"POINT (10.069030780000048 53.683481533000077)","Unfall 186701 (2020) Kat:3, Licht: 0","186701","3","6","2","05","09","2","0","0","0","1","0","0"
"POINT (9.988958252000032 53.558077087000072)","Unfall 186702 (2020) Kat:3, Licht: 2","186702","3","2","5","06","00","4","0","2","1","1","0","0"
"POINT (9.994237589000022 53.593213915000035)","Unfall 186703 (2020) Kat:3, Licht: 0","186703","3","2","3","05","16","2","0","0","1","1","0","0"
"POINT (10.155786430000035 53.583056408000061)","Unfall 186704 (2020) Kat:3, Licht: 0","186704","3","2","4","06","19","4","1","0","0","1","0","0"
"POINT (10.019193643000051 53.589418872000067)","Unfall 186705 (2020) Kat:2, Licht: 0","186705","2","7","0","05","14","2","0","0","1","0","0","0"
"POINT (10.037715919000050 53.576621166000052)","Unfall 186706 (2020) Kat:3, Licht: 1","186706","3","4","6","05","20","2","0","1","0","1","1","0"
"POINT (10.007729626000071 53.497051655000064)","Unfall 186707 (2020) Kat:2, Licht: 0","186707","2","3","5","06","09","2","0","0","1","1","0","0"
"POINT (10.136144792000039 53.572616888000027)","Unfall 186708 (2020) Kat:3, Licht: 0","186708","3","3","5","06","11","4","0","0","0","1","0","0"
"POINT (9.819878564000021 53.573413981000044)","Unfall 186709 (2020) Kat:3, Licht: 0","186709","3","7","0","05","12","2","0","0","1","1","0","0"
"POINT (9.992085915000075 53.602391124000064)","Unfall 186710 (2020) Kat:3, Licht: 0","186710","3","2","5","06","09","6","0","0","1","1","0","0"
"POINT (9.978529130000027 53.570930943000064)","Unfall 186711 (2020) Kat:3, Licht: 0","186711","3","7","3","05","15","2","0","0","0","1","0","0"
"POINT (9.986971235000056 53.581305571000030)","Unfall 186712 (2020) Kat:3, Licht: 2","186712","3","5","1","06","00","7","0","2","1","1","0","0"
"POINT (10.133648557000072 53.605810193000082)","Unfall 186713 (2020) Kat:3, Licht: 0","186713","3","6","2","06","08","4","0","0","0","1","0","0"
"POINT (10.005136403000051 53.550472705000061)","Unfall 186714 (2020) Kat:3, Licht: 0","186714","3","6","2","06","17","5","1","0","1","1","0","0"
"POINT (9.956491987000049 53.562020949000043)","Unfall 186715 (2020) Kat:3, Licht: 0","186715","3","2","5","05","14","2","0","0","1","1","0","0"
"POINT (9.888276550000057 53.478014669000061)","Unfall 186716 (2020) Kat:3, Licht: 0","186716","3","3","5","06","19","4","0","0","1","1","0","0"
"POINT (10.078629009000053 53.584668648000047)","Unfall 186717 (2020) Kat:3, Licht: 0","186717","3","2","4","06","16","3","0","0","1","1","0","0"
"POINT (9.877756313000077 53.480971721000060)","Unfall 186718 (2020) Kat:3, Licht: 0","186718","3","3","5","05","19","1","0","0","0","1","0","1"
"POINT (10.038948367000046 53.559516447000078)","Unfall 186719 (2020) Kat:3, Licht: 0","186719","3","2","5","05","16","1","0","0","0","1","0","0"
"POINT (9.903564673000062 53.608713472000034)","Unfall 186720 (2020) Kat:3, Licht: 0","186720","3","2","5","06","12","2","0","0","1","0","0","1"
"POINT (10.077011210000023 53.565992052000070)","Unfall 186721 (2020) Kat:3, Licht: 0","186721","3","6","2","06","19","4","1","0","0","1","0","0"
"POINT (10.168941835000055 53.480960289000052)","Unfall 186722 (2020) Kat:3, Licht: 0","186722","3","5","5","06","14","5","0","0","0","1","0","0"
"POINT (9.926182959000073 53.555298376000053)","Unfall 186723 (2020) Kat:3, Licht: 0","186723","3","5","1","05","10","1","1","0","1","1","0","0"
"POINT (10.037194321000072 53.648609689000068)","Unfall 186724 (2020) Kat:3, Licht: 0","186724","3","6","2","06","20","6","0","0","0","1","0","0"
"POINT (10.068677383000022 53.601207147000082)","Unfall 186725 (2020) Kat:3, Licht: 0","186725","3","2","5","06","11","4","0","0","0","1","0","0"
"POINT (10.126489220000053 53.671250902000054)","Unfall 186726 (2020) Kat:2, Licht: 0","186726","2","7","0","06","06","4","0","0","0","1","0","0"
"POINT (9.957369159000052 53.549545384000055)","Unfall 186727 (2020) Kat:3, Licht: 2","186727","3","7","6","06","01","6","0","2","1","0","1","0"
"POINT (9.906884217000027 53.513427158000070)","Unfall 186728 (2020) Kat:3, Licht: 0","186728","3","6","3","05","15","7","0","0","0","1","0","0"
"POINT (10.069824954000069 53.608617590000051)","Unfall 186729 (2020) Kat:3, Licht: 0","186729","3","6","2","06","14","6","0","0","0","1","0","0"
"POINT (10.006291422000061 53.654280648000054)","Unfall 186730 (2020) Kat:3, Licht: 0","186730","3","3","5","06","13","4","0","0","0","1","0","0"
"POINT (10.013104738000038 53.497629907000032)","Unfall 186731 (2020) Kat:3, Licht: 0","186731","3","3","5","06","13","4","0","0","1","1","0","0"
"POINT (9.993377179000049 53.516054633000067)","Unfall 186732 (2020) Kat:3, Licht: 0","186732","3","6","2","05","18","7","0","0","0","1","0","0"
"POINT (10.139679059000059 53.584035117000042)","Unfall 186733 (2020) Kat:3, Licht: 0","186733","3","7","1","06","16","4","0","0","0","1","0","0"