WKT,Name,OBJECTID,UKATEGORIE,UTYP1,UART,UMONAT,USTUNDE,UWOCHENTAG,STRZUSTAND,ULICHTVERH,ISTRAD,ISTPKW,ISTFUSS,ISTKRAD
"POINT (10.002471448000051 53.672138152000059)","Unfall 186734 (2020) Kat:3, Licht: 0","186734","3","2","5","06","16","3","0","0","1","1","0","0"
"POINT (10.150069709000036 53.488179575000061)","Unfall 186735 (2020) Kat:3, Licht: 0","186735","3","3","5","05","14","7","0","0","1","1","0","0"
"POINT (10.101045741000064 53.540576588000079)","Unfall 186736 (2020) Kat:3, Licht: 0","186736","3","6","2","05","17","7","1","0","0","1","0","0"
"POINT (9.933285851000051 53.566747191000047)","Unfall 186737 (2020) Kat:3, Licht: 0","186737","3","3","5","06","16","2","0","0","1","1","0","0"
"POINT (10.001913549000051 53.599935483000081)","Unfall 186738 (2020) Kat:3, Licht: 1","186738","3","2","6","06","18","4","1","1","0","1","1","0"
"POINT (10.142099690000066 53.575302794000038)","Unfall 186739 (2020) Kat:3, Licht: 0","186739","3","5","1","06","13","5","0","0","1","1","0","0"
"POINT (10.099483350000071 53.576228685000046)","Unfall 186740 (2020) Kat:3, Licht: 0","186740","3","3","5","05","18","7","0","0","0","1","0","1"
"POINT (9.894318262000070 53.546450048000054)","Unfall 186741 (2020) Kat:3, Licht: 0","186741","3","6","2","06","17","6","0","0","0","1","0","0"
"POINT (10.024709537000035 53.565882488000057)","Unfall 186742 (2020) Kat:3, Licht: 0","186742","3","6","6","06","08","4","0","0","1","0","1","0"
"POINT (9.947563875000071 53.583319702000040)","Unfall 186743 (2020) Kat:3, Licht: 0","186743","3","3","5","06","08","4","0","0","1","1","0","0"
"POINT (10.035816866000062 53.680439970000066)","Unfall 186744 (2020) Kat:3, Licht: 0","186744","3","7","6","05","11","7","0","0","0","1","1","0"
"POINT (9.942237523000074 53.581824512000082)","Unfall 186745 (2020) Kat:3, Licht: 0","186745","3","2","3","06","07","4","0","0","1","1","0","0"
"POINT (9.950065626000026 53.586002408000070)","Unfall 186746 (2020) Kat:3, Licht: 0","186746","3","2","5","05","19","7","1","0","1","0","0","0"
"POINT (9.994145457000059 53.557547577000037)","Unfall 186747 (2020) Kat:2, Licht: 0","186747","2","6","2","06","17","3","0","0","0","1","0","0"
"POINT (9.909842803000061 53.500769861000038)","Unfall 186748 (2020) Kat:3, Licht: 0","186748","3","1","8","05","16","6","1","0","0","0","0","1"
"POINT (9.956142976000024 53.568203986000071)","Unfall 186749 (2020) Kat:3, Licht: 2","186749","3","3","5","06","00","7","0","2","1","1","0","0"
"POINT (9.886373250000077 53.525431884000056)","Unfall 186750 (2020) Kat:3, Licht: 2","186750","3","1","0","05","22","6","1","2","1","0","0","0"
"POINT (10.022777677000022 53.611438904000067)","Unfall 186751 (2020) Kat:3, Licht: 0","186751","3","6","2","06","18","4","0","0","0","1","0","1"
"POINT (9.827789000000053 53.565502915000081)","Unfall 186752 (2020) Kat:2, Licht: 0","186752","2","5","1","06","07","3","0","0","0","1","0","1"
"POINT (9.990933758000040 53.443660341000054)","Unfall 186753 (2020) Kat:3, Licht: 0","186753","3","6","2","05","14","6","0","0","0","1","0","0"
"POINT (10.098712358000057 53.589264841000045)","Unfall 186754 (2020) Kat:3, Licht: 0","186754","3","5","0","06","17","7","0","0","1","1","0","0"
"POINT (10.061893358000077 53.462861798000063)","Unfall 186755 (2020) Kat:3, Licht: 2","186755","3","1","8","05","00","6","1","2","0","1","0","0"
"POINT (9.966476120000039 53.568991082000082)","Unfall 186756 (2020) Kat:3, Licht: 0","186756","3","2","3","06","10","2","0","0","1","0","0","0"
"POINT (10.042178301000035 53.566167778000079)","Unfall 186757 (2020) Kat:3, Licht: 0","186757","3","5","1","06","15","4","0","0","1","1","0","0"
"POINT (9.960160115000065 53.551041787000031)","Unfall 186758 (2020) Kat:3, Licht: 0","186758","3","5","1","06","18","2","0","0","1","0","0","0"
"POINT (10.105120290000059 53.456854522000071)","Unfall 186759 (2020) Kat:2, Licht: 0","186759","2","3","5","05","14","6","1","0","0","1","0","0"
"POINT (10.013888010000073 53.559217769000043)","Unfall 186760 (2020) Kat:3, Licht: 0","186760","3","5","1","06","19","6","0","0","1","1","0","0"
"POINT (9.853451233000044 53.586347173000036)","Unfall 186761 (2020) Kat:3, Licht: 0","186761","3","3","5","06","15","3","0","0","1","1","0","0"
"POINT (9.998872210000059 53.577931667000030)","Unfall 186762 (2020) Kat:3, Licht: 0","186762","3","1","8","06","18","4","0","0","1","0","0","0"
"POINT (10.056279056000051 53.500167351000073)","Unfall 186763 (2020) Kat:2, Licht: 0","186763","2","1","8","05","12","6","0","0","0","0","0","1"
"POINT (9.925823575000038 53.572514088000048)","Unfall 186764 (2020) Kat:3, Licht: 0","186764","3","7","0","06","19","3","0","0","0","0","0","1"
"POINT (10.106550279000032 53.542210313000055)","Unfall 186765 (2020) Kat:3, Licht: 0","186765","3","3","5","05","11","6","0","0","1","1","0","0"
"POINT (10.155922056000065 53.653592539000044)","Unfall 186766 (2020) Kat:3, Licht: 0","186766","3","6","2","05","15","6","0","0","0","1","0","0"
"POINT (10.020238289000076 53.479447347000075)","Unfall 186767 (2020) Kat:3, Licht: 0","186767","3","6","2","06","15","2","0","0","0","1","0","0"
"POINT (10.127238669000064 53.676606361000040)","Unfall 186768 (2020) Kat:3, Licht: 0","186768","3","2","5","05","19","6","1","0","0","1","0","0"
"POINT (10.028367594000031 53.570558360000064)","Unfall 186769 (2020) Kat:3, Licht: 0","186769","3","6","3","06","15","6","0","0","0","1","0","0"
"POINT (10.006264927000075 53.654277870000044)","Unfall 186770 (2020) Kat:3, Licht: 0","186770","3","3","5","05","17","6","1","0","0","1","0","0"
"POINT (9.977761204000046 53.586961611000049)","Unfall 186771 (2020) Kat:3, Licht: 0","186771","3","6","3","06","09","7","0","0","1","1","0","0"
"POINT (10.051432983000041 53.568484008000041)","Unfall 186772 (2020) Kat:3, Licht: 0","186772","3","5","1","06","18","4","1","0","1","1","0","0"
"POINT (9.982946499000036 53.582201373000032)","Unfall 186773 (2020) Kat:3, Licht: 0","186773","3","7","0","06","09","5","0","0","1","1","0","0"
"POINT (9.915814470000044 53.635229094000067)","Unfall 186774 (2020) Kat:3, Licht: 0","186774","3","3","5","05","18","6","1","0","0","1","0","0"
"POINT (10.025687903000062 53.558825875000082)","Unfall 186775 (2020) Kat:3, Licht: 0","186775","3","2","6","07","13","3","0","0","0","0","1","0"
"POINT (9.969544242000040 53.549895196000080)","Unfall 186776 (2020) Kat:3, Licht: 0","186776","3","2","5","07","17","5","1","0","1","1","0","0"
"POINT (10.130143781000072 53.599705707000055)","Unfall 186777 (2020) Kat:3, Licht: 0","186777","3","2","4","07","17","2","0","0","0","1","0","0"
"POINT (10.127420187000041 53.538594111000066)","Unfall 186778 (2020) Kat:3, Licht: 0","186778","3","5","5","06","11","3","0","0","0","1","0","0"
"POINT (9.986918471000024 53.547991373000059)","Unfall 186779 (2020) Kat:3, Licht: 0","186779","3","6","3","07","09","6","0","0","0","1","0","0"
"POINT (10.011971874000039 53.609285143000079)","Unfall 186780 (2020) Kat:3, Licht: 0","186780","3","3","5","06","18","4","0","0","1","0","0","0"
"POINT (10.090579754000032 53.570273113000042)","Unfall 186781 (2020) Kat:3, Licht: 0","186781","3","2","6","06","13","2","0","0","0","1","1","0"
"POINT (10.025997833000076 53.556917993000070)","Unfall 186782 (2020) Kat:3, Licht: 0","186782","3","3","5","07","08","7","1","0","0","1","0","0"
"POINT (9.955751553000027 53.551025800000048)","Unfall 186783 (2020) Kat:3, Licht: 2","186783","3","6","2","06","22","7","1","2","0","1","0","0"
"POINT (10.147950599000069 53.527422629000057)","Unfall 186784 (2020) Kat:2, Licht: 0","186784","2","3","5","06","16","3","0","0","1","1","0","0"
"POINT (10.204116731000056 53.422129435000045)","Unfall 186785 (2020) Kat:3, Licht: 1","186785","3","3","5","07","21","4","0","1","1","1","0","0"
"POINT (10.066291501000023 53.634471885000039)","Unfall 186786 (2020) Kat:3, Licht: 0","186786","3","6","2","07","16","6","0","0","0","1","0","1"
"POINT (9.989111854000043 53.561805085000060)","Unfall 186787 (2020) Kat:3, Licht: 0","186787","3","6","3","07","09","4","0","0","0","0","0","1"
"POINT (10.026588731000061 53.553857327000060)","Unfall 186788 (2020) Kat:3, Licht: 0","186788","3","3","5","06","14","3","0","0","1","0","0","0"
"POINT (9.946026150000023 53.552413689000048)","Unfall 186789 (2020) Kat:3, Licht: 2","186789","3","7","6","07","01","1","1","2","0","0","1","0"
"POINT (9.889931931000035 53.601605583000037)","Unfall 186790 (2020) Kat:3, Licht: 0","186790","3","3","5","06","19","5","1","0","1","1","0","0"
"POINT (10.139432476000025 53.600197119000029)","Unfall 186791 (2020) Kat:3, Licht: 0","186791","3","3","5","07","17","2","0","0","1","1","0","0"
"POINT (10.066250596000032 53.584653249000041)","Unfall 186792 (2020) Kat:3, Licht: 0","186792","3","7","5","07","17","4","1","0","0","1","0","0"
"POINT (9.917322833000071 53.599783277000029)","Unfall 186793 (2020) Kat:3, Licht: 0","186793","3","4","6","07","15","2","0","0","0","1","1","0"
"POINT (10.055173785000022 53.560845814000061)","Unfall 186794 (2020) Kat:3, Licht: 0","186794","3","3","5","06","07","3","0","0","1","0","0","0"
"POINT (10.013000577000071 53.644315910000046)","Unfall 186795 (2020) Kat:3, Licht: 0","186795","3","2","4","07","16","5","0","0","1","1","0","0"
"POINT (9.981150460000038 53.420924767000031)","Unfall 186796 (2020) Kat:3, Licht: 0","186796","3","6","3","06","18","1","0","0","0","1","0","0"
"POINT (10.019503801000042 53.529142622000052)","Unfall 186797 (2020) Kat:3, Licht: 0","186797","3","6","3","07","16","6","0","0","0","1","0","0"
"POINT (10.000121209000042 53.570940047000079)","Unfall 186798 (2020) Kat:3, Licht: 0","186798","3","2","4","07","13","6","1","0","1","1","0","0"
"POINT (10.071764400000063 53.573619036000082)","Unfall 186799 (2020) Kat:3, Licht: 0","186799","3","6","2","06","08","6","0","0","0","1","0","0"
"POINT (9.945200640000053 53.632533781000063)","Unfall 186800 (2020) Kat:3, Licht: 0","186800","3","2","5","07","12","4","0","0","1","1","0","0"
"POINT (9.939472986000055 53.622033311000052)","Unfall 186801 (2020) Kat:3, Licht: 0","186801","3","1","0","07","11","7","1","0","1","0","0","0"
"POINT (10.050293686000032 53.573009904000060)","Unfall 186802 (2020) Kat:3, Licht: 0","186802","3","2","5","07","14","6","1","0","1","1","0","0"
"POINT (10.188121629000022 53.490473370000075)","Unfall 186803 (2020) Kat:3, Licht: 0","186803","3","3","5","06","16","6","0","0","1","1","0","0"
"POINT (10.133762016000048 53.571882259000063)","Unfall 186804 (2020) Kat:3, Licht: 0","186804","3","4","6","07","16","4","0","0","0","1","1","0"
"POINT (9.963714395000068 53.569277913000064)","Unfall 186805 (2020) Kat:3, Licht: 0","186805","3","1","0","07","18","6","1","0","1","0","0","0"
"POINT (9.994901652000067 53.505525816000045)","Unfall 186806 (2020) Kat:3, Licht: 0","186806","3","3","5","07","16","3","1","0","0","1","0","0"
"POINT (10.145956815000034 53.603067544000055)","Unfall 186807 (2020) Kat:3, Licht: 0","186807","3","2","2","06","15","3","0","0","0","1","0","1"
"POINT (10.048579028000063 53.561218291000046)","Unfall 186808 (2020) Kat:3, Licht: 0","186808","3","6","3","07","14","7","0","0","1","0","0","0"
"POINT (9.985969524000041 53.555670232000068)","Unfall 186809 (2020) Kat:3, Licht: 0","186809","3","6","2","06","08","5","0","0","1","1","0","0"
"POINT (10.058799666000027 53.570047090000060)","Unfall 186810 (2020) Kat:3, Licht: 0","186810","3","6","2","07","16","2","1","0","0","1","0","0"
"POINT (9.941836717000058 53.599215352000044)","Unfall 186811 (2020) Kat:3, Licht: 0","186811","3","3","5","07","08","4","0","0","1","1","0","0"
"POINT (9.936375178000048 53.551565182000047)","Unfall 186812 (2020) Kat:3, Licht: 0","186812","3","6","3","07","13","2","0","0","0","1","0","0"
"POINT (10.101763932000040 53.597527227000057)","Unfall 186813 (2020) Kat:3, Licht: 0","186813","3","3","5","06","12","3","0","0","1","1","0","0"
"POINT (9.758678682000038 53.583411052000031)","Unfall 186814 (2020) Kat:1, Licht: 0","186814","1","3","5","07","18","5","0","0","1","0","0","0"
"POINT (10.085166053000023 53.657793215000027)","Unfall 186815 (2020) Kat:3, Licht: 0","186815","3","7","0","06","14","1","0","0","0","1","0","0"
"POINT (10.080976777000046 53.584959672000082)","Unfall 186816 (2020) Kat:3, Licht: 0","186816","3","5","0","07","10","6","1","0","1","0","0","0"
"POINT (9.935186068000064 53.471731802000079)","Unfall 186817 (2020) Kat:3, Licht: 0","186817","3","3","5","07","07","5","1","0","1","1","0","0"
"POINT (10.047881274000076 53.573263625000038)","Unfall 186818 (2020) Kat:3, Licht: 0","186818","3","6","4","06","13","6","0","0","1","0","0","0"
"POINT (10.026977650000049 53.551960461000078)","Unfall 186819 (2020) Kat:3, Licht: 0","186819","3","6","0","07","08","3","0","0","0","1","0","1"
"POINT (10.087168186000042 53.662433336000049)","Unfall 186820 (2020) Kat:2, Licht: 0","186820","2","3","5","07","15","5","1","0","0","1","0","0"
"POINT (9.945344499000044 53.599322459000064)","Unfall 186821 (2020) Kat:3, Licht: 0","186821","3","3","5","07","10","3","0","0","1","1","0","0"
"POINT (10.103626143000042 53.575183813000081)","Unfall 186822 (2020) Kat:3, Licht: 0","186822","3","3","5","06","12","3","0","0","1","0","0","0"
"POINT (10.077426760000037 53.571802915000035)","Unfall 186823 (2020) Kat:3, Licht: 0","186823","3","3","5","07","17","6","0","0","1","1","0","0"
"POINT (10.057614009000076 53.566139913000029)","Unfall 186824 (2020) Kat:2, Licht: 0","186824","2","3","5","06","08","4","0","0","1","1","0","0"
"POINT (9.991115892000039 53.560693958000059)","Unfall 186825 (2020) Kat:3, Licht: 0","186825","3","2","0","06","10","3","0","0","0","0","0","0"
"POINT (10.085665896000023 53.627296151000053)","Unfall 186826 (2020) Kat:3, Licht: 0","186826","3","6","2","07","17","1","0","0","0","1","0","0"
"POINT (10.146217410000077 53.623633284000050)","Unfall 186827 (2020) Kat:3, Licht: 0","186827","3","6","3","06","08","3","0","0","0","1","0","0"
"POINT (10.035175434000053 53.546635015000049)","Unfall 186828 (2020) Kat:3, Licht: 0","186828","3","1","0","07","14","4","0","0","0","0","0","1"
"POINT (10.127303151000035 53.589768258000049)","Unfall 186829 (2020) Kat:3, Licht: 0","186829","3","3","5","07","14","5","0","0","0","1","0","0"
"POINT (10.163159555000050 53.651796866000041)","Unfall 186830 (2020) Kat:3, Licht: 0","186830","3","3","5","07","10","3","0","0","1","1","0","0"
"POINT (10.164632660000052 53.605627319000064)","Unfall 186831 (2020) Kat:3, Licht: 0","186831","3","6","2","06","15","3","0","0","0","1","0","0"
"POINT (9.960178556000074 53.563641046000043)","Unfall 186832 (2020) Kat:3, Licht: 0","186832","3","2","2","07","14","7","0","0","0","1","0","0"
"POINT (9.973638179000034 53.611797788000047)","Unfall 186833 (2020) Kat:3, Licht: 0","186833","3","6","2","07","11","2","1","0","0","1","0","0"
"POINT (10.103137724000021 53.580211573000042)","Unfall 186834 (2020) Kat:3, Licht: 0","186834","3","6","2","06","14","3","0","0","0","1","0","0"
"POINT (10.009420599000066 53.552567698000075)","Unfall 186835 (2020) Kat:3, Licht: 1","186835","3","7","6","07","22","2","0","1","0","1","1","0"
"POINT (10.122696651000069 53.644641050000075)","Unfall 186836 (2020) Kat:3, Licht: 0","186836","3","2","5","06","08","3","0","0","1","1","0","0"
"POINT (9.986295087000030 53.555662494000046)","Unfall 186837 (2020) Kat:3, Licht: 0","186837","3","7","0","07","20","5","0","0","1","0","0","0"
"POINT (9.948346137000044 53.561695992000068)","Unfall 186838 (2020) Kat:3, Licht: 0","186838","3","7","6","06","18","1","0","0","1","0","1","0"
"POINT (10.062127111000052 53.556815669000059)","Unfall 186839 (2020) Kat:3, Licht: 0","186839","3","3","5","07","08","5","1","0","0","1","0","0"
"POINT (10.059609280000075 53.610850851000066)","Unfall 186840 (2020) Kat:3, Licht: 0","186840","3","3","6","07","10","7","0","0","0","0","1","0"
"POINT (10.044872747000056 53.590529797000045)","Unfall 186841 (2020) Kat:3, Licht: 0","186841","3","6","2","07","10","2","0","0","0","1","0","0"
"POINT (9.995043020000026 53.571243153000069)","Unfall 186842 (2020) Kat:3, Licht: 0","186842","3","3","5","06","12","6","0","0","1","1","0","0"
"POINT (10.024091530000021 53.628484245000038)","Unfall 186843 (2020) Kat:3, Licht: 0","186843","3","6","2","07","12","3","0","0","0","1","0","0"
"POINT (9.942896977000032 53.552442929000051)","Unfall 186844 (2020) Kat:3, Licht: 0","186844","3","3","5","07","12","5","0","0","1","0","0","0"
"POINT (10.003730760000053 53.553868319000060)","Unfall 186845 (2020) Kat:3, Licht: 0","186845","3","3","5","07","16","3","1","0","1","0","0","0"
"POINT (10.175489412000047 53.654840279000041)","Unfall 186846 (2020) Kat:3, Licht: 0","186846","3","2","4","06","12","3","0","0","1","1","0","0"
"POINT (9.937598860000037 53.552672226000027)","Unfall 186847 (2020) Kat:3, Licht: 0","186847","3","7","0","07","14","6","0","0","0","1","0","1"
"POINT (9.920743006000066 53.599745636000080)","Unfall 186848 (2020) Kat:3, Licht: 0","186848","3","3","5","06","15","4","0","0","1","1","0","0"
"POINT (10.079141332000063 53.530731419000062)","Unfall 186849 (2020) Kat:3, Licht: 0","186849","3","2","2","06","09","2","0","0","0","1","0","0"
"POINT (9.999124088000031 53.510796642000059)","Unfall 186850 (2020) Kat:3, Licht: 0","186850","3","7","0","07","12","7","1","0","1","0","0","0"
"POINT (9.995901689000050 53.583838557000036)","Unfall 186851 (2020) Kat:3, Licht: 0","186851","3","7","0","06","18","7","0","0","1","0","0","0"
"POINT (10.151046642000040 53.656371773000046)","Unfall 186852 (2020) Kat:3, Licht: 0","186852","3","6","3","06","10","3","0","0","1","0","0","0"
"POINT (10.047688736000055 53.594662816000039)","Unfall 186853 (2020) Kat:3, Licht: 0","186853","3","6","4","07","21","1","0","0","0","1","0","0"
"POINT (10.006216879000021 53.555420258000026)","Unfall 186854 (2020) Kat:3, Licht: 0","186854","3","5","1","07","14","5","1","0","1","1","0","0"
"POINT (10.144082725000032 53.570271215000048)","Unfall 186855 (2020) Kat:3, Licht: 0","186855","3","2","5","07","15","6","0","0","1","1","0","0"
"POINT (10.064412831000027 53.554075482000030)","Unfall 186856 (2020) Kat:3, Licht: 0","186856","3","6","2","06","13","7","0","0","0","1","0","1"
"POINT (10.007200769000065 53.546714255000040)","Unfall 186857 (2020) Kat:3, Licht: 0","186857","3","1","0","07","16","2","1","0","0","0","0","0"
"POINT (9.917589950000036 53.574460761000068)","Unfall 186858 (2020) Kat:3, Licht: 0","186858","3","3","5","07","06","5","1","0","0","1","0","0"
"POINT (9.945834590000061 53.551940785000056)","Unfall 186859 (2020) Kat:3, Licht: 0","186859","3","6","4","07","17","7","1","0","0","1","0","1"
"POINT (9.963514493000048 53.560092650000058)","Unfall 186860 (2020) Kat:3, Licht: 0","186860","3","5","1","07","10","2","0","0","1","1","0","0"
"POINT (9.894008562000067 53.499014564000049)","Unfall 186861 (2020) Kat:3, Licht: 0","186861","3","3","5","06","19","5","0","0","1","0","0","0"
"POINT (9.769360285000062 53.590506209000068)","Unfall 186862 (2020) Kat:3, Licht: 0","186862","3","3","5","07","21","3","0","0","0","1","0","0"
"POINT (9.981967734000023 53.458266508000065)","Unfall 186863 (2020) Kat:3, Licht: 2","186863","3","6","4","07","01","4","1","2","1","0","0","0"
"POINT (10.076248518000057 53.614225008000062)","Unfall 186864 (2020) Kat:3, Licht: 0","186864","3","2","2","07","18","2","0","0","0","1","0","0"
"POINT (10.001413853000031 53.580888424000079)","Unfall 186865 (2020) Kat:3, Licht: 0","186865","3","2","2","06","15","3","0","0","0","1","0","1"
"POINT (9.975606778000042 53.558584694000047)","Unfall 186866 (2020) Kat:3, Licht: 0","186866","3","7","2","07","15","6","0","0","0","1","0","0"
"POINT (9.984289279000052 53.590496343000041)","Unfall 186867 (2020) Kat:3, Licht: 0","186867","3","7","0","06","12","4","0","0","1","0","0","0"
"POINT (10.011479699000063 53.649164526000050)","Unfall 186868 (2020) Kat:3, Licht: 0","186868","3","3","5","06","09","2","0","0","1","1","0","0"
"POINT (10.030699763000030 53.572464808000063)","Unfall 186869 (2020) Kat:3, Licht: 0","186869","3","7","0","07","18","7","0","0","1","0","0","0"
"POINT (10.009137922000036 53.451719165000043)","Unfall 186870 (2020) Kat:3, Licht: 0","186870","3","6","2","06","06","6","0","0","0","1","0","0"
"POINT (10.013728540000045 53.600037497000073)","Unfall 186871 (2020) Kat:3, Licht: 0","186871","3","2","4","06","07","3","0","0","0","0","0","1"
"POINT (10.087776765000058 53.554887828000062)","Unfall 186872 (2020) Kat:3, Licht: 0","186872","3","2","4","07","15","4","1","0","1","1","0","0"
"POINT (9.982643722000034 53.591848032000030)","Unfall 186873 (2020) Kat:3, Licht: 0","186873","3","1","0","07","16","6","0","0","0","0","0","0"
"POINT (9.973284235000051 53.545454801000062)","Unfall 186874 (2020) Kat:3, Licht: 0","186874","3","3","0","07","07","4","0","0","1","0","0","0"
"POINT (10.021031495000045 53.566427968000028)","Unfall 186875 (2020) Kat:3, Licht: 0","186875","3","2","3","06","07","3","0","0","1","1","0","0"
"POINT (10.022132317000057 53.529051811000045)","Unfall 186876 (2020) Kat:3, Licht: 0","186876","3","7","3","07","15","7","0","0","0","1","0","0"
"POINT (9.963389624000058 53.569354104000070)","Unfall 186877 (2020) Kat:3, Licht: 0","186877","3","2","2","06","15","5","0","0","0","1","0","0"
"POINT (10.130902833000050 53.584199697000031)","Unfall 186878 (2020) Kat:3, Licht: 0","186878","3","2","4","07","10","2","0","0","0","1","0","0"
"POINT (9.921893519000037 53.598665305000054)","Unfall 186879 (2020) Kat:3, Licht: 0","186879","3","5","1","07","12","4","0","0","1","1","0","0"
"POINT (9.954694419000077 53.622144826000067)","Unfall 186880 (2020) Kat:3, Licht: 0","186880","3","6","2","07","09","2","0","0","0","1","0","0"
"POINT (10.017905160000055 53.581191395000076)","Unfall 186881 (2020) Kat:3, Licht: 0","186881","3","2","6","06","08","3","0","0","0","1","1","0"
"POINT (10.024432891000060 53.565348918000041)","Unfall 186882 (2020) Kat:3, Licht: 0","186882","3","3","5","07","17","5","0","0","1","0","0","0"
"POINT (9.949315415000058 53.579301803000078)","Unfall 186883 (2020) Kat:3, Licht: 0","186883","3","5","0","07","14","4","0","0","1","0","0","0"
"POINT (10.047091046000048 53.595730431000050)","Unfall 186884 (2020) Kat:3, Licht: 0","186884","3","5","1","06","09","3","0","0","0","1","0","0"
"POINT (10.106270482000070 53.679042429000049)","Unfall 186885 (2020) Kat:3, Licht: 0","186885","3","5","1","07","12","1","0","0","1","1","0","0"
"POINT (10.099133030000075 53.655357939000055)","Unfall 186886 (2020) Kat:3, Licht: 0","186886","3","3","5","06","12","5","0","0","1","1","0","0"
"POINT (10.115204319000043 53.537643398000057)","Unfall 186887 (2020) Kat:3, Licht: 0","186887","3","3","5","07","17","2","1","0","1","1","0","0"
"POINT (10.079989220000073 53.556371418000026)","Unfall 186888 (2020) Kat:3, Licht: 0","186888","3","4","6","07","17","4","0","0","0","1","1","0"
"POINT (10.016913411000075 53.570451970000079)","Unfall 186889 (2020) Kat:3, Licht: 0","186889","3","4","6","07","17","2","0","0","1","1","1","0"
"POINT (9.931523942000069 53.601023619000046)","Unfall 186890 (2020) Kat:3, Licht: 0","186890","3","2","4","06","09","3","0","0","0","1","0","0"
"POINT (10.085734758000058 53.549291131000075)","Unfall 186891 (2020) Kat:3, Licht: 0","186891","3","6","2","07","17","5","0","0","0","1","0","0"
"POINT (9.963547005000066 53.546719608000046)","Unfall 186892 (2020) Kat:3, Licht: 1","186892","3","7","0","06","20","2","0","1","0","0","0","0"
"POINT (9.957761417000029 53.566597230000070)","Unfall 186893 (2020) Kat:3, Licht: 0","186893","3","1","8","07","18","7","0","0","0","1","0","0"
"POINT (9.906127555000069 53.613737207000042)","Unfall 186894 (2020) Kat:2, Licht: 0","186894","2","6","2","07","17","6","0","0","0","1","0","0"
"POINT (10.173393099000066 53.488129676000028)","Unfall 186895 (2020) Kat:3, Licht: 0","186895","3","3","5","06","08","6","0","0","1","0","0","0"
"POINT (10.036469938000039 53.608380497000041)","Unfall 186896 (2020) Kat:2, Licht: 0","186896","2","5","0","07","13","4","0","0","1","1","0","0"
"POINT (10.177210098000046 53.474724161000040)","Unfall 186897 (2020) Kat:3, Licht: 0","186897","3","7","0","07","19","5","1","0","0","0","0","1"
"POINT (10.124852949000058 53.586115212000038)","Unfall 186898 (2020) Kat:3, Licht: 0","186898","3","2","5","07","12","3","0","0","0","1","0","0"
"POINT (9.797080095000069 53.566271327000038)","Unfall 186899 (2020) Kat:3, Licht: 1","186899","3","2","4","06","19","3","0","1","1","1","0","0"
"POINT (10.033639132000076 53.607688049000046)","Unfall 186900 (2020) Kat:3, Licht: 0","186900","3","4","6","07","18","7","0","0","0","1","1","0"
"POINT (9.798692178000067 53.566014631000030)","Unfall 186901 (2020) Kat:3, Licht: 0","186901","3","7","3","07","13","2","0","0","0","1","0","0"
"POINT (9.961591906000024 53.583736706000082)","Unfall 186902 (2020) Kat:3, Licht: 0","186902","3","7","5","07","18","4","1","0","0","1","0","1"
"POINT (9.960475325000061 53.552723451000077)","Unfall 186903 (2020) Kat:3, Licht: 2","186903","3","5","6","07","23","2","0","2","0","1","1","0"
"POINT (9.884785306000026 53.580573655000080)","Unfall 186904 (2020) Kat:3, Licht: 0","186904","3","2","3","06","18","3","0","0","1","1","0","0"
"POINT (9.936660308000057 53.552444741000045)","Unfall 186905 (2020) Kat:3, Licht: 0","186905","3","5","0","07","17","5","0","0","1","1","0","0"
"POINT (10.011065941000027 53.575983762000078)","Unfall 186906 (2020) Kat:3, Licht: 0","186906","3","4","6","06","21","1","0","0","1","0","1","0"
"POINT (10.117283865000047 53.530148965000080)","Unfall 186907 (2020) Kat:3, Licht: 0","186907","3","1","8","07","17","5","1","0","0","0","0","1"
"POINT (10.057602028000076 53.554228502000058)","Unfall 186908 (2020) Kat:3, Licht: 0","186908","3","7","0","06","06","1","0","0","0","0","0","1"
"POINT (10.197952130000033 53.488921260000041)","Unfall 186909 (2020) Kat:3, Licht: 0","186909","3","2","5","07","08","6","1","0","1","0","0","0"
"POINT (10.013523656000075 53.561263105000080)","Unfall 186910 (2020) Kat:3, Licht: 0","186910","3","3","5","07","12","6","1","0","1","1","0","0"
"POINT (10.084292085000072 53.623387880000053)","Unfall 186911 (2020) Kat:3, Licht: 0","186911","3","2","5","06","16","6","0","0","1","1","0","0"
"POINT (9.990892704000032 53.560637953000082)","Unfall 186912 (2020) Kat:3, Licht: 0","186912","3","2","3","07","17","4","0","0","1","0","0","0"
"POINT (10.122709780000037 53.567719412000031)","Unfall 186913 (2020) Kat:2, Licht: 0","186913","2","4","6","07","18","5","1","0","0","1","1","0"
"POINT (9.918010287000072 53.570874626000034)","Unfall 186914 (2020) Kat:3, Licht: 0","186914","3","6","2","07","17","3","1","0","0","1","0","0"
"POINT (9.899210975000074 53.588583709000034)","Unfall 186915 (2020) Kat:3, Licht: 0","186915","3","7","3","06","16","3","0","0","0","1","0","0"
"POINT (9.987777669000025 53.453655693000030)","Unfall 186916 (2020) Kat:2, Licht: 0","186916","2","3","5","07","14","6","0","0","0","1","0","1"
"POINT (9.969928689000028 53.593837964000045)","Unfall 186917 (2020) Kat:3, Licht: 0","186917","3","7","0","07","16","2","1","0","0","0","0","1"
"POINT (10.021212206000030 53.572557837000033)","Unfall 186918 (2020) Kat:3, Licht: 0","186918","3","1","0","06","16","3","1","0","0","0","0","1"