WKT,Name,OBJECTID,UKATEGORIE,UTYP1,UART,UMONAT,USTUNDE,UWOCHENTAG,STRZUSTAND,ULICHTVERH,ISTRAD,ISTPKW,ISTFUSS,ISTKRAD
"POINT (9.981195010000022 53.520724583000060)","Unfall 186919 (2020) Kat:3, Licht: 0","186919","3","4","6","07","19","1","0","0","0","1","1","0"
"POINT (9.879140640000060 53.585673548000045)","Unfall 186920 (2020) Kat:3, Licht: 0","186920","3","2","5","06","09","3","0","0","0","1","0","0"
"POINT (9.988497802000040 53.515565759000026)","Unfall 186921 (2020) Kat:3, Licht: 0","186921","3","3","5","07","16","4","0","0","1","1","0","0"
"POINT (10.006752063000022 53.550226362000046)","Unfall 186922 (2020) Kat:3, Licht: 0","186922","3","3","5","06","15","1","0","0","1","1","0","0"
"POINT (10.068530766000038 53.601014033000070)","Unfall 186923 (2020) Kat:3, Licht: 0","186923","3","6","2","07","15","5","1","0","0","1","0","0"
"POINT (9.843473141000061 53.575374777000036)","Unfall 186924 (2020) Kat:3, Licht: 0","186924","3","2","4","07","09","7","0","0","1","1","0","0"
"POINT (9.936098121000043 53.592458843000031)","Unfall 186925 (2020) Kat:3, Licht: 0","186925","3","2","4","07","16","2","0","0","1","1","0","0"
"POINT (9.969510597000067 53.549941246000060)","Unfall 186926 (2020) Kat:3, Licht: 0","186926","3","2","5","06","11","6","0","0","1","1","0","0"
"POINT (10.027804117000073 53.584956581000029)","Unfall 186927 (2020) Kat:3, Licht: 0","186927","3","6","4","07","09","3","1","0","1","1","0","0"
"POINT (9.957268140000053 53.545939568000051)","Unfall 186928 (2020) Kat:3, Licht: 0","186928","3","7","3","07","15","5","1","0","1","1","0","0"
"POINT (10.008980648000033 53.552161665000028)","Unfall 186929 (2020) Kat:3, Licht: 0","186929","3","7","0","07","05","3","0","0","0","0","0","0"
"POINT (9.868099209000036 53.606808483000066)","Unfall 186930 (2020) Kat:2, Licht: 0","186930","2","3","5","06","08","3","0","0","0","1","0","1"
"POINT (9.978710324000076 53.544073472000036)","Unfall 186931 (2020) Kat:3, Licht: 0","186931","3","2","5","07","15","6","0","0","0","1","0","0"
"POINT (9.991747846000067 53.589109673000053)","Unfall 186932 (2020) Kat:3, Licht: 2","186932","3","7","0","06","00","4","0","2","1","0","0","0"
"POINT (9.985658950000072 53.604076736000081)","Unfall 186933 (2020) Kat:3, Licht: 1","186933","3","3","5","06","22","6","0","1","1","0","0","0"
"POINT (10.101945281000042 53.580493085000057)","Unfall 186934 (2020) Kat:3, Licht: 0","186934","3","2","5","07","15","3","0","0","1","1","0","0"
"POINT (10.048218552000037 53.566782994000050)","Unfall 186935 (2020) Kat:3, Licht: 0","186935","3","3","6","07","17","5","1","0","1","0","1","0"
"POINT (9.974052256000050 53.601685255000064)","Unfall 186936 (2020) Kat:3, Licht: 0","186936","3","3","5","07","12","3","0","0","0","1","0","0"
"POINT (9.965310402000057 53.576339694000069)","Unfall 186937 (2020) Kat:3, Licht: 0","186937","3","7","2","06","12","3","0","0","0","1","0","0"
"POINT (10.086815885000021 53.656387611000071)","Unfall 186938 (2020) Kat:3, Licht: 0","186938","3","2","5","07","12","6","0","0","1","1","0","0"
"POINT (9.917648774000043 53.548419136000064)","Unfall 186939 (2020) Kat:3, Licht: 0","186939","3","2","4","06","17","4","0","0","0","1","0","0"
"POINT (9.846181410000042 53.536625710000067)","Unfall 186940 (2020) Kat:3, Licht: 0","186940","3","2","2","06","12","2","0","0","0","1","0","0"
"POINT (10.012598188000027 53.557285733000072)","Unfall 186941 (2020) Kat:2, Licht: 0","186941","2","3","5","07","18","1","0","0","0","1","0","1"
"POINT (10.017858927000077 53.650080918000072)","Unfall 186942 (2020) Kat:3, Licht: 0","186942","3","2","3","07","20","4","0","0","1","1","0","0"
"POINT (10.130878818000042 53.571101527000053)","Unfall 186943 (2020) Kat:2, Licht: 0","186943","2","7","3","06","11","7","0","0","0","1","0","0"
"POINT (9.915638834000049 53.495372836000058)","Unfall 186944 (2020) Kat:2, Licht: 0","186944","2","3","5","06","13","4","0","0","0","1","0","1"
"POINT (10.014537245000042 53.559697510000035)","Unfall 186945 (2020) Kat:3, Licht: 0","186945","3","6","2","07","13","2","0","0","0","1","0","0"
"POINT (9.979767917000061 53.578859292000061)","Unfall 186946 (2020) Kat:3, Licht: 2","186946","3","3","5","07","00","5","0","2","1","1","0","0"
"POINT (9.962751764000075 53.563826114000051)","Unfall 186947 (2020) Kat:3, Licht: 1","186947","3","3","5","07","20","7","1","1","1","0","0","0"
"POINT (10.127229064000062 53.425531407000051)","Unfall 186948 (2020) Kat:3, Licht: 0","186948","3","7","0","07","16","1","0","0","1","0","0","0"
"POINT (10.140550363000045 53.542597568000076)","Unfall 186949 (2020) Kat:3, Licht: 0","186949","3","4","6","06","18","5","1","0","0","0","1","0"
"POINT (9.960792744000059 53.625840323000034)","Unfall 186950 (2020) Kat:3, Licht: 0","186950","3","3","5","07","15","3","0","0","1","1","0","0"
"POINT (10.015232215000026 53.520396746000074)","Unfall 186951 (2020) Kat:3, Licht: 0","186951","3","3","5","07","17","4","0","0","1","1","0","0"
"POINT (10.007997236000051 53.580207759000075)","Unfall 186952 (2020) Kat:3, Licht: 0","186952","3","6","3","07","15","2","0","0","0","1","0","0"
"POINT (9.948917701000028 53.559361907000039)","Unfall 186953 (2020) Kat:3, Licht: 0","186953","3","2","3","06","13","3","0","0","1","1","0","0"
"POINT (9.874343339000063 53.495952920000036)","Unfall 186954 (2020) Kat:3, Licht: 0","186954","3","6","2","07","12","5","0","0","0","1","0","1"
"POINT (9.936308677000056 53.551445195000042)","Unfall 186955 (2020) Kat:3, Licht: 0","186955","3","7","6","06","15","4","0","0","0","1","1","0"
"POINT (9.934569303000046 53.551528093000059)","Unfall 186956 (2020) Kat:3, Licht: 0","186956","3","3","1","06","12","2","0","0","0","0","0","0"
"POINT (9.811097162000067 53.560635834000038)","Unfall 186957 (2020) Kat:3, Licht: 0","186957","3","3","0","07","13","7","0","0","1","1","0","0"
"POINT (9.987630730000035 53.433429220000050)","Unfall 186958 (2020) Kat:3, Licht: 0","186958","3","3","5","06","11","4","0","0","1","0","0","0"
"POINT (10.021227698000075 53.614523423000037)","Unfall 186959 (2020) Kat:3, Licht: 0","186959","3","7","6","07","17","6","0","0","0","0","1","0"
"POINT (10.210042668000028 53.490252017000046)","Unfall 186960 (2020) Kat:2, Licht: 0","186960","2","7","1","06","16","6","0","0","1","1","0","0"
"POINT (10.038789792000046 53.559132008000063)","Unfall 186961 (2020) Kat:3, Licht: 0","186961","3","3","5","06","15","2","0","0","1","1","0","0"
"POINT (10.056938024000033 53.647616217000063)","Unfall 186962 (2020) Kat:3, Licht: 0","186962","3","2","4","07","14","7","0","0","1","1","0","0"
"POINT (10.020140980000065 53.479454283000052)","Unfall 186963 (2020) Kat:3, Licht: 0","186963","3","3","5","06","18","4","0","0","0","1","0","0"
"POINT (9.895630175000065 53.557492953000065)","Unfall 186964 (2020) Kat:2, Licht: 0","186964","2","6","2","06","10","7","0","0","0","0","0","0"
"POINT (9.944994420000057 53.549418173000049)","Unfall 186965 (2020) Kat:3, Licht: 0","186965","3","3","5","06","12","3","0","0","0","0","0","0"
"POINT (9.967016010000066 53.463626922000060)","Unfall 186966 (2020) Kat:2, Licht: 0","186966","2","1","9","07","10","7","0","0","0","1","0","0"
"POINT (9.876490121000074 53.531860450000067)","Unfall 186967 (2020) Kat:3, Licht: 0","186967","3","3","5","07","14","4","0","0","1","1","0","0"
"POINT (10.114553855000054 53.653482535000080)","Unfall 186968 (2020) Kat:2, Licht: 0","186968","2","4","6","07","12","6","0","0","0","1","1","0"
"POINT (9.977553711000041 53.564305804000071)","Unfall 186969 (2020) Kat:3, Licht: 0","186969","3","6","4","07","13","4","0","0","1","0","0","0"
"POINT (9.964926858000069 53.573041305000061)","Unfall 186970 (2020) Kat:3, Licht: 0","186970","3","3","5","06","12","3","0","0","1","1","0","0"
"POINT (10.127806920000069 53.677429752000080)","Unfall 186971 (2020) Kat:3, Licht: 2","186971","3","1","1","07","01","1","0","2","0","1","0","0"
"POINT (10.042415825000035 53.569064884000056)","Unfall 186972 (2020) Kat:3, Licht: 0","186972","3","6","4","06","11","5","0","0","0","1","0","0"
"POINT (10.038973184000042 53.541071911000074)","Unfall 186973 (2020) Kat:3, Licht: 0","186973","3","2","5","07","10","2","0","0","1","1","0","0"
"POINT (10.061796684000058 53.560202079000078)","Unfall 186974 (2020) Kat:3, Licht: 0","186974","3","6","2","07","11","4","0","0","0","1","0","0"
"POINT (9.937860181000076 53.575255721000076)","Unfall 186975 (2020) Kat:3, Licht: 0","186975","3","4","6","07","11","2","0","0","1","1","1","0"
"POINT (9.992993136000052 53.541683910000074)","Unfall 186976 (2020) Kat:3, Licht: 0","186976","3","4","6","06","09","3","0","0","0","1","1","0"
"POINT (10.086217766000061 53.661660318000031)","Unfall 186977 (2020) Kat:3, Licht: 0","186977","3","6","6","07","10","5","0","0","0","1","1","0"
"POINT (9.786893178000071 53.507984191000048)","Unfall 186978 (2020) Kat:3, Licht: 0","186978","3","1","8","06","11","1","1","0","0","1","0","0"
"POINT (9.963957542000060 53.559372597000049)","Unfall 186979 (2020) Kat:3, Licht: 2","186979","3","6","2","07","00","7","0","2","1","1","0","0"
"POINT (10.005760106000025 53.516145250000079)","Unfall 186980 (2020) Kat:3, Licht: 0","186980","3","6","4","06","17","4","0","0","1","0","0","0"
"POINT (9.981815590000053 53.596348536000050)","Unfall 186981 (2020) Kat:3, Licht: 0","186981","3","2","5","07","13","6","1","0","0","1","0","0"
"POINT (10.074914716000023 53.555653799000027)","Unfall 186982 (2020) Kat:3, Licht: 0","186982","3","4","6","06","17","6","0","0","0","1","1","0"
"POINT (10.033099778000064 53.588043767000045)","Unfall 186983 (2020) Kat:3, Licht: 0","186983","3","2","5","07","14","4","0","0","0","1","0","0"
"POINT (10.146210758000052 53.570101167000075)","Unfall 186984 (2020) Kat:3, Licht: 0","186984","3","6","2","07","16","5","1","0","0","1","0","0"
"POINT (10.120909823000034 53.656292807000057)","Unfall 186985 (2020) Kat:3, Licht: 0","186985","3","7","0","07","13","3","1","0","1","0","0","0"
"POINT (9.974837805000050 53.494125582000038)","Unfall 186986 (2020) Kat:3, Licht: 0","186986","3","7","0","06","08","3","0","0","1","0","0","0"
"POINT (9.958848796000041 53.599194284000077)","Unfall 186987 (2020) Kat:3, Licht: 0","186987","3","2","5","07","12","7","0","0","1","1","0","0"
"POINT (9.951977912000075 53.576062224000054)","Unfall 186988 (2020) Kat:3, Licht: 0","186988","3","6","2","07","16","2","1","0","0","1","0","0"
"POINT (10.110857521000071 53.623517616000072)","Unfall 186989 (2020) Kat:2, Licht: 0","186989","2","2","6","07","20","4","0","0","0","1","1","0"
"POINT (9.974275815000055 53.569097350000050)","Unfall 186990 (2020) Kat:3, Licht: 0","186990","3","3","5","07","07","6","0","0","1","1","0","0"
"POINT (9.981922441000052 53.520955031000028)","Unfall 186991 (2020) Kat:3, Licht: 0","186991","3","3","5","07","18","3","1","0","1","1","0","0"
"POINT (9.963835151000069 53.516718690000062)","Unfall 186992 (2020) Kat:3, Licht: 0","186992","3","6","2","06","12","3","0","0","0","1","0","0"
"POINT (10.187577622000049 53.511462162000043)","Unfall 186993 (2020) Kat:3, Licht: 0","186993","3","4","6","07","09","7","0","0","0","1","1","0"
"POINT (9.961739309000052 53.546428524000078)","Unfall 186994 (2020) Kat:3, Licht: 0","186994","3","6","2","06","07","5","0","0","0","1","0","0"
"POINT (10.082040857000038 53.669926082000075)","Unfall 186995 (2020) Kat:3, Licht: 0","186995","3","6","4","07","18","2","1","0","0","1","0","0"
"POINT (9.941529739000032 53.577847772000041)","Unfall 186996 (2020) Kat:3, Licht: 0","186996","3","2","5","07","12","4","0","0","1","1","0","0"
"POINT (9.946927352000046 53.561436552000032)","Unfall 186997 (2020) Kat:3, Licht: 0","186997","3","6","1","07","14","2","0","0","0","1","0","0"
"POINT (9.936135122000053 53.528047529000048)","Unfall 186998 (2020) Kat:3, Licht: 0","186998","3","5","1","06","12","3","0","0","0","1","0","0"
"POINT (9.855212681000069 53.583350038000049)","Unfall 186999 (2020) Kat:3, Licht: 0","186999","3","3","5","07","14","5","0","0","1","1","0","0"
"POINT (10.063988334000044 53.603214463000029)","Unfall 187000 (2020) Kat:3, Licht: 0","187000","3","7","4","06","20","1","0","0","0","1","0","0"
"POINT (10.103332273000035 53.577034374000050)","Unfall 187001 (2020) Kat:3, Licht: 0","187001","3","6","2","07","09","6","0","0","0","1","0","0"
"POINT (9.985064294000040 53.501914972000066)","Unfall 187002 (2020) Kat:3, Licht: 0","187002","3","6","3","06","06","4","0","0","1","1","0","0"
"POINT (9.927446993000046 53.518374237000046)","Unfall 187003 (2020) Kat:2, Licht: 0","187003","2","3","5","07","12","6","1","0","0","1","0","0"
"POINT (10.014180447000058 53.630138286000033)","Unfall 187004 (2020) Kat:3, Licht: 0","187004","3","6","2","06","14","6","0","0","0","1","0","0"
"POINT (10.196284103000039 53.511715780000031)","Unfall 187005 (2020) Kat:3, Licht: 0","187005","3","3","5","07","20","3","1","0","1","0","0","0"
"POINT (10.077462213000047 53.616860630000076)","Unfall 187006 (2020) Kat:3, Licht: 0","187006","3","3","5","07","16","5","1","0","1","1","0","0"
"POINT (9.943612815000051 53.593423696000059)","Unfall 187007 (2020) Kat:3, Licht: 0","187007","3","6","2","07","16","3","1","0","0","1","0","0"
"POINT (9.976518057000021 53.455003299000055)","Unfall 187008 (2020) Kat:3, Licht: 0","187008","3","6","2","06","17","2","0","0","0","1","0","0"
"POINT (9.990642952000030 53.493622666000078)","Unfall 187009 (2020) Kat:3, Licht: 0","187009","3","2","2","07","05","6","0","0","0","1","0","0"
"POINT (9.962865864000037 53.552436742000054)","Unfall 187010 (2020) Kat:3, Licht: 0","187010","3","6","2","06","18","4","0","0","1","1","0","0"
"POINT (9.943642470000043 53.578438788000028)","Unfall 187011 (2020) Kat:3, Licht: 0","187011","3","2","4","06","20","3","0","0","1","1","0","0"
"POINT (10.065829617000077 53.571613045000049)","Unfall 187012 (2020) Kat:3, Licht: 0","187012","3","3","5","07","14","1","0","0","0","1","0","0"
"POINT (10.090944044000025 53.544305607000069)","Unfall 187013 (2020) Kat:3, Licht: 0","187013","3","6","1","06","15","2","0","0","0","1","0","0"
"POINT (10.119706938000036 53.493230509000057)","Unfall 187014 (2020) Kat:2, Licht: 0","187014","2","2","3","07","06","4","1","0","0","0","0","1"
"POINT (10.021025051000038 53.527822799000035)","Unfall 187015 (2020) Kat:3, Licht: 0","187015","3","3","5","06","15","7","0","0","1","1","0","0"
"POINT (10.149673074000077 53.529729879000058)","Unfall 187016 (2020) Kat:3, Licht: 0","187016","3","3","5","06","15","3","0","0","0","1","0","0"
"POINT (10.003609735000055 53.553930235000053)","Unfall 187017 (2020) Kat:3, Licht: 0","187017","3","6","3","07","17","2","0","0","1","1","0","1"
"POINT (10.067510141000071 53.574676535000037)","Unfall 187018 (2020) Kat:3, Licht: 0","187018","3","3","5","06","18","2","0","0","0","1","0","1"
"POINT (10.006135191000055 53.551798666000082)","Unfall 187019 (2020) Kat:3, Licht: 0","187019","3","2","3","07","19","5","0","0","1","0","0","1"
"POINT (9.895518096000046 53.546334726000055)","Unfall 187020 (2020) Kat:3, Licht: 0","187020","3","6","3","06","11","1","1","0","1","0","0","0"
"POINT (10.040213987000072 53.545908626000028)","Unfall 187021 (2020) Kat:3, Licht: 0","187021","3","6","3","07","16","5","1","0","0","1","0","0"
"POINT (10.008794587000068 53.648190905000035)","Unfall 187022 (2020) Kat:3, Licht: 0","187022","3","3","5","07","14","2","0","0","1","1","0","0"
"POINT (9.945240969000054 53.556778418000079)","Unfall 187023 (2020) Kat:2, Licht: 0","187023","2","7","0","06","12","6","0","0","0","0","0","0"
"POINT (10.107327871000052 53.704295285000057)","Unfall 187024 (2020) Kat:3, Licht: 0","187024","3","3","5","07","17","3","0","0","1","1","0","0"
"POINT (9.955305462000069 53.551686111000038)","Unfall 187025 (2020) Kat:3, Licht: 0","187025","3","2","5","07","19","5","0","0","1","1","0","0"
"POINT (9.984057540000038 53.564077576000045)","Unfall 187026 (2020) Kat:3, Licht: 0","187026","3","3","5","07","07","3","0","0","1","1","0","0"
"POINT (10.077155287000039 53.616567365000037)","Unfall 187027 (2020) Kat:3, Licht: 0","187027","3","4","0","06","12","2","0","0","0","0","0","0"
"POINT (9.952101809000055 53.582144599000060)","Unfall 187028 (2020) Kat:3, Licht: 0","187028","3","3","1","07","09","6","0","0","1","1","0","0"
"POINT (9.966142095000066 53.508295778000047)","Unfall 187029 (2020) Kat:3, Licht: 0","187029","3","6","2","06","13","4","0","0","0","1","0","0"
"POINT (10.199548394000033 53.496787926000081)","Unfall 187030 (2020) Kat:3, Licht: 0","187030","3","5","1","06","11","2","0","0","0","1","0","0"
"POINT (9.981857370000057 53.448087581000038)","Unfall 187031 (2020) Kat:3, Licht: 0","187031","3","1","0","07","16","7","0","0","1","0","0","0"
"POINT (10.220603890000064 53.446543778000034)","Unfall 187032 (2020) Kat:3, Licht: 0","187032","3","3","5","06","08","4","0","0","1","1","0","0"
"POINT (10.087059799000031 53.635664577000057)","Unfall 187033 (2020) Kat:3, Licht: 0","187033","3","7","0","06","11","7","0","0","1","0","0","0"
"POINT (10.168241436000073 53.517830704000062)","Unfall 187034 (2020) Kat:3, Licht: 0","187034","3","3","5","06","13","4","0","0","1","1","0","0"
"POINT (10.126220136000029 53.583028168000055)","Unfall 187035 (2020) Kat:3, Licht: 0","187035","3","6","2","07","15","1","0","0","0","1","0","0"
"POINT (9.995310178000068 53.548831837000080)","Unfall 187036 (2020) Kat:3, Licht: 0","187036","3","7","4","07","17","5","1","0","0","1","0","0"
"POINT (10.056767886000046 53.563515951000056)","Unfall 187037 (2020) Kat:3, Licht: 0","187037","3","4","6","07","17","6","0","0","1","1","1","0"
"POINT (10.102712042000064 53.539907829000072)","Unfall 187038 (2020) Kat:3, Licht: 0","187038","3","6","6","07","17","1","0","0","1","0","1","0"
"POINT (10.066324500000064 53.608580159000041)","Unfall 187039 (2020) Kat:3, Licht: 0","187039","3","6","2","06","16","5","0","0","0","1","0","0"
"POINT (10.205859801000031 53.493189211000072)","Unfall 187040 (2020) Kat:3, Licht: 0","187040","3","7","3","07","16","2","1","0","0","1","0","0"
"POINT (10.145344411000053 53.544290234000073)","Unfall 187041 (2020) Kat:3, Licht: 0","187041","3","2","2","07","15","4","1","0","0","1","0","0"
"POINT (9.925388928000075 53.546460139000033)","Unfall 187042 (2020) Kat:3, Licht: 0","187042","3","2","3","07","14","2","0","0","0","0","0","1"
"POINT (9.823908641000060 53.560200513000041)","Unfall 187043 (2020) Kat:3, Licht: 0","187043","3","6","2","07","15","5","1","0","0","1","0","0"
"POINT (9.951573425000049 53.622489652000070)","Unfall 187044 (2020) Kat:3, Licht: 2","187044","3","7","0","07","23","7","1","2","1","0","0","0"
"POINT (9.960551771000041 53.554264004000061)","Unfall 187045 (2020) Kat:3, Licht: 0","187045","3","3","5","07","18","2","0","0","1","1","0","0"
"POINT (9.973647650000032 53.528186218000030)","Unfall 187046 (2020) Kat:3, Licht: 0","187046","3","2","3","06","16","6","0","0","1","0","0","0"
"POINT (10.033009237000044 53.582690256000035)","Unfall 187047 (2020) Kat:3, Licht: 0","187047","3","3","5","07","16","3","1","0","1","1","0","0"
"POINT (9.979956590000029 53.553489734000038)","Unfall 187048 (2020) Kat:3, Licht: 0","187048","3","3","5","07","09","5","0","0","1","1","0","0"
"POINT (10.062847574000045 53.581126591000043)","Unfall 187049 (2020) Kat:3, Licht: 1","187049","3","1","0","07","21","2","0","1","0","0","0","1"
"POINT (10.095379077000075 53.639741356000059)","Unfall 187050 (2020) Kat:3, Licht: 0","187050","3","7","3","06","11","2","0","0","0","1","0","0"
"POINT (9.992747232000056 53.557614617000070)","Unfall 187051 (2020) Kat:3, Licht: 0","187051","3","6","2","07","10","6","0","0","0","1","0","0"
"POINT (9.979803878000041 53.424553733000039)","Unfall 187052 (2020) Kat:3, Licht: 0","187052","3","3","0","06","14","3","0","0","0","1","0","0"
"POINT (10.067541935000065 53.608714517000067)","Unfall 187053 (2020) Kat:3, Licht: 0","187053","3","7","6","06","12","2","0","0","0","1","1","0"
"POINT (10.025120288000039 53.574255067000081)","Unfall 187054 (2020) Kat:2, Licht: 0","187054","2","4","6","07","14","7","0","0","0","1","1","0"
"POINT (9.998154941000053 53.573176392000050)","Unfall 187055 (2020) Kat:2, Licht: 2","187055","2","7","7","06","02","7","0","2","1","0","0","0"
"POINT (10.007566072000031 53.615884140000048)","Unfall 187056 (2020) Kat:2, Licht: 0","187056","2","7","9","06","07","2","0","0","0","0","0","1"
"POINT (10.201193018000026 53.511943852000059)","Unfall 187057 (2020) Kat:3, Licht: 0","187057","3","5","1","07","13","4","0","0","0","1","0","0"
"POINT (10.006486350000046 53.654025407000063)","Unfall 187058 (2020) Kat:3, Licht: 0","187058","3","6","2","07","11","6","0","0","0","1","0","0"
"POINT (10.023559480000074 53.537789953000072)","Unfall 187059 (2020) Kat:3, Licht: 0","187059","3","6","2","07","12","4","0","0","0","1","0","1"
"POINT (10.043973922000021 53.578988967000043)","Unfall 187060 (2020) Kat:3, Licht: 0","187060","3","2","3","06","17","2","0","0","1","1","0","0"
"POINT (10.000197917000037 53.570689814000048)","Unfall 187061 (2020) Kat:2, Licht: 1","187061","2","6","4","07","20","1","0","1","1","1","0","0"
"POINT (9.951316167000073 53.623799004000034)","Unfall 187062 (2020) Kat:3, Licht: 0","187062","3","3","5","06","20","5","0","0","1","0","0","0"
"POINT (10.134551865000049 53.628685639000082)","Unfall 187063 (2020) Kat:3, Licht: 0","187063","3","7","0","07","15","2","1","0","1","0","0","0"
"POINT (10.049632709000036 53.580676166000046)","Unfall 187064 (2020) Kat:3, Licht: 0","187064","3","5","1","07","06","4","1","0","0","1","0","1"
"POINT (9.865347424000049 53.596997619000035)","Unfall 187065 (2020) Kat:2, Licht: 0","187065","2","3","5","07","11","2","0","0","0","1","0","1"
"POINT (10.050038398000027 53.592684753000071)","Unfall 187066 (2020) Kat:3, Licht: 0","187066","3","5","1","06","18","2","0","0","1","1","0","0"
"POINT (9.993859093000026 53.599284250000039)","Unfall 187067 (2020) Kat:3, Licht: 0","187067","3","2","2","07","08","5","0","0","1","1","0","0"
"POINT (9.983436603000030 53.455326118000073)","Unfall 187068 (2020) Kat:2, Licht: 0","187068","2","3","6","06","20","1","0","0","1","0","1","0"
"POINT (10.205642791000059 53.475748098000054)","Unfall 187069 (2020) Kat:3, Licht: 0","187069","3","2","4","07","15","6","0","0","0","1","0","0"
"POINT (10.067475309000031 53.529392977000043)","Unfall 187070 (2020) Kat:2, Licht: 0","187070","2","2","4","06","18","4","0","0","0","0","0","1"
"POINT (9.964788561000034 53.550452675000031)","Unfall 187071 (2020) Kat:3, Licht: 0","187071","3","3","5","07","13","6","1","0","0","1","0","0"
"POINT (10.025156310000057 53.561669570000049)","Unfall 187072 (2020) Kat:3, Licht: 0","187072","3","5","3","07","16","2","0","0","0","1","0","0"
"POINT (10.042606008000064 53.589001800000062)","Unfall 187073 (2020) Kat:3, Licht: 0","187073","3","2","5","06","19","2","0","0","1","1","0","0"
"POINT (10.191623931000038 53.507125513000062)","Unfall 187074 (2020) Kat:3, Licht: 0","187074","3","7","0","07","11","5","0","0","0","0","0","1"
"POINT (9.967211820000046 53.549876742000038)","Unfall 187075 (2020) Kat:3, Licht: 0","187075","3","3","5","06","07","2","0","0","1","1","0","0"
"POINT (9.972593104000055 53.587611601000049)","Unfall 187076 (2020) Kat:3, Licht: 0","187076","3","3","5","07","18","7","0","0","1","1","0","0"
"POINT (10.044218438000030 53.593388437000044)","Unfall 187077 (2020) Kat:3, Licht: 0","187077","3","3","5","07","12","6","1","0","1","1","0","0"
"POINT (10.077720652000039 53.497319818000051)","Unfall 187078 (2020) Kat:3, Licht: 0","187078","3","7","9","06","09","6","0","0","0","1","0","0"
"POINT (10.113913305000040 53.576514943000063)","Unfall 187079 (2020) Kat:3, Licht: 0","187079","3","3","5","07","17","4","0","0","0","1","0","0"
"POINT (10.010804827000072 53.497003063000079)","Unfall 187080 (2020) Kat:3, Licht: 0","187080","3","7","6","07","10","5","0","0","0","1","1","0"
"POINT (10.198806082000033 53.508333881000055)","Unfall 187081 (2020) Kat:3, Licht: 0","187081","3","7","0","07","17","3","1","0","1","0","0","0"
"POINT (10.045177101000036 53.566231219000031)","Unfall 187082 (2020) Kat:3, Licht: 0","187082","3","5","0","06","12","2","0","0","1","1","0","0"
"POINT (10.113694206000048 53.616379588000029)","Unfall 187083 (2020) Kat:3, Licht: 0","187083","3","7","0","07","21","7","0","0","1","0","0","0"
"POINT (9.964676726000050 53.516409368000041)","Unfall 187084 (2020) Kat:3, Licht: 0","187084","3","6","3","06","13","5","0","0","0","1","0","0"
"POINT (9.936583591000044 53.580153631000030)","Unfall 187085 (2020) Kat:3, Licht: 0","187085","3","5","1","07","17","2","0","0","1","1","0","0"
"POINT (9.955690551000032 53.579440425000030)","Unfall 187086 (2020) Kat:3, Licht: 0","187086","3","3","5","07","16","4","1","0","0","1","0","0"
"POINT (9.970478355000068 53.557263295000041)","Unfall 187087 (2020) Kat:3, Licht: 0","187087","3","5","1","07","13","2","0","0","1","1","0","0"
"POINT (9.921200932000033 53.597351355000058)","Unfall 187088 (2020) Kat:3, Licht: 0","187088","3","3","5","06","13","2","0","0","1","1","0","0"
"POINT (9.982658425000068 53.605398095000055)","Unfall 187089 (2020) Kat:3, Licht: 0","187089","3","6","3","07","10","5","0","0","1","0","0","0"
"POINT (10.025529421000044 53.585045387000036)","Unfall 187090 (2020) Kat:3, Licht: 0","187090","3","5","1","06","19","1","0","0","1","1","0","0"
"POINT (10.010236071000065 53.496895600000073)","Unfall 187091 (2020) Kat:3, Licht: 0","187091","3","5","5","07","09","5","1","0","1","1","0","0"
"POINT (9.839705703000050 53.577565094000079)","Unfall 187092 (2020) Kat:3, Licht: 0","187092","3","5","1","06","12","6","0","0","1","1","0","0"
"POINT (10.124286343000051 53.570372143000043)","Unfall 187093 (2020) Kat:3, Licht: 0","187093","3","6","2","07","14","3","0","0","0","1","0","0"
"POINT (10.107092027000022 53.653631172000075)","Unfall 187094 (2020) Kat:3, Licht: 0","187094","3","2","5","07","13","5","0","0","1","0","0","0"
"POINT (9.979360390000068 53.606893571000057)","Unfall 187095 (2020) Kat:3, Licht: 0","187095","3","6","2","07","17","3","1","0","0","1","0","0"
"POINT (9.985835677000068 53.604169358000036)","Unfall 187096 (2020) Kat:3, Licht: 0","187096","3","3","5","06","16","2","0","0","1","1","0","0"
"POINT (10.080625525000073 53.619238367000037)","Unfall 187097 (2020) Kat:3, Licht: 0","187097","3","3","0","07","16","6","0","0","1","0","0","1"
"POINT (10.070482149000043 53.572904789000063)","Unfall 187098 (2020) Kat:3, Licht: 0","187098","3","6","2","06","18","6","0","0","0","1","0","1"
"POINT (9.937828510000031 53.552832983000030)","Unfall 187099 (2020) Kat:3, Licht: 1","187099","3","7","0","07","21","4","0","1","1","0","0","0"
"POINT (10.116626230000065 53.608342539000034)","Unfall 187100 (2020) Kat:3, Licht: 0","187100","3","3","5","07","10","5","1","0","0","1","0","0"
"POINT (9.866818196000054 53.581381855000075)","Unfall 187101 (2020) Kat:3, Licht: 0","187101","3","3","5","07","13","3","0","0","0","1","0","0"
"POINT (9.990629306000074 53.553436567000062)","Unfall 187102 (2020) Kat:2, Licht: 2","187102","2","7","0","06","00","2","0","2","0","0","0","0"
"POINT (9.993404060000046 53.557929884000032)","Unfall 187103 (2020) Kat:3, Licht: 0","187103","3","6","2","07","14","7","0","0","0","1","0","1"