WKT,Name,OBJECTID,UKATEGORIE,UTYP1,UART,UMONAT,USTUNDE,UWOCHENTAG,STRZUSTAND,ULICHTVERH,ISTRAD,ISTPKW,ISTFUSS,ISTKRAD
"POINT (9.978660702000070 53.583594088000041)","Unfall 187104 (2020) Kat:3, Licht: 0","187104","3","7","0","07","16","2","1","0","0","1","0","1"
"POINT (10.003755453000053 53.578433305000033)","Unfall 187105 (2020) Kat:3, Licht: 0","187105","3","4","0","06","17","3","0","0","1","0","1","0"
"POINT (9.877333825000051 53.502250129000060)","Unfall 187106 (2020) Kat:3, Licht: 0","187106","3","6","2","07","18","1","0","0","1","1","0","0"
"POINT (9.965591268000026 53.461268700000062)","Unfall 187107 (2020) Kat:3, Licht: 0","187107","3","3","5","06","20","1","0","0","0","1","0","0"
"POINT (9.909313996000037 53.495767260000036)","Unfall 187108 (2020) Kat:2, Licht: 2","187108","2","1","9","07","22","4","1","2","0","1","0","0"
"POINT (9.969727487000057 53.567746611000075)","Unfall 187109 (2020) Kat:3, Licht: 0","187109","3","6","2","06","18","1","0","0","0","1","0","0"
"POINT (10.151204160000077 53.608974843000055)","Unfall 187110 (2020) Kat:2, Licht: 0","187110","2","2","4","06","09","4","0","0","1","1","0","0"
"POINT (10.038829698000029 53.608298407000063)","Unfall 187111 (2020) Kat:3, Licht: 0","187111","3","7","4","07","17","5","1","0","0","1","0","0"
"POINT (10.050044079000031 53.594252884000070)","Unfall 187112 (2020) Kat:3, Licht: 0","187112","3","3","5","07","10","7","0","0","0","1","0","0"
"POINT (10.040308408000044 53.570373767000035)","Unfall 187113 (2020) Kat:3, Licht: 0","187113","3","7","0","07","17","2","0","0","1","0","0","0"
"POINT (9.965084431000037 53.551054016000080)","Unfall 187114 (2020) Kat:3, Licht: 0","187114","3","7","0","06","08","6","0","0","1","0","0","0"
"POINT (10.033173637000061 53.587659074000044)","Unfall 187115 (2020) Kat:3, Licht: 0","187115","3","6","4","07","12","3","0","0","1","0","0","0"
"POINT (9.964340993000064 53.568180973000040)","Unfall 187116 (2020) Kat:3, Licht: 0","187116","3","6","3","07","14","5","1","0","1","1","0","0"
"POINT (9.984347826000033 53.545457036000073)","Unfall 187117 (2020) Kat:3, Licht: 0","187117","3","2","5","07","17","3","1","0","1","1","0","0"
"POINT (10.081935372000032 53.534011947000067)","Unfall 187118 (2020) Kat:2, Licht: 0","187118","2","7","3","06","16","1","0","0","0","0","0","1"
"POINT (9.995505643000058 53.559128518000080)","Unfall 187119 (2020) Kat:3, Licht: 2","187119","3","1","0","07","00","6","0","2","1","0","0","0"
"POINT (9.991860992000056 53.503955281000060)","Unfall 187120 (2020) Kat:3, Licht: 0","187120","3","5","1","06","14","3","0","0","0","1","0","1"
"POINT (10.149869150000029 53.527525932000060)","Unfall 187121 (2020) Kat:3, Licht: 0","187121","3","3","5","06","20","2","0","0","0","1","0","1"
"POINT (10.134182909000060 53.616895172000056)","Unfall 187122 (2020) Kat:2, Licht: 0","187122","2","7","1","07","16","7","0","0","1","1","0","0"
"POINT (9.991447677000053 53.500786773000073)","Unfall 187123 (2020) Kat:3, Licht: 0","187123","3","2","0","06","10","3","0","0","0","0","0","0"
"POINT (9.966995705000045 53.566143585000077)","Unfall 187124 (2020) Kat:3, Licht: 2","187124","3","3","5","06","22","3","1","2","1","0","0","0"
"POINT (10.057880932000046 53.608534862000056)","Unfall 187125 (2020) Kat:2, Licht: 1","187125","2","1","9","07","21","1","0","1","0","1","0","0"
"POINT (10.151909283000066 53.586896081000077)","Unfall 187126 (2020) Kat:3, Licht: 1","187126","3","5","1","07","21","4","0","1","1","1","0","0"
"POINT (10.027446205000047 53.555676718000029)","Unfall 187127 (2020) Kat:3, Licht: 0","187127","3","3","5","06","10","7","0","0","1","0","0","0"
"POINT (9.997678104000045 53.556774070000074)","Unfall 187128 (2020) Kat:3, Licht: 0","187128","3","6","2","07","16","2","0","0","0","1","0","0"
"POINT (9.963499359000025 53.599772600000051)","Unfall 187129 (2020) Kat:3, Licht: 0","187129","3","6","2","07","15","5","1","0","0","1","0","1"
"POINT (9.990565861000050 53.560392614000079)","Unfall 187130 (2020) Kat:3, Licht: 0","187130","3","2","3","07","16","7","1","0","1","1","0","0"
"POINT (9.984532634000061 53.552638262000073)","Unfall 187131 (2020) Kat:3, Licht: 1","187131","3","3","5","07","20","2","0","1","1","0","0","0"
"POINT (9.888262064000060 53.477864852000039)","Unfall 187132 (2020) Kat:3, Licht: 0","187132","3","5","1","06","19","5","0","0","1","1","0","0"
"POINT (9.880148671000029 53.600874999000041)","Unfall 187133 (2020) Kat:3, Licht: 0","187133","3","3","5","07","15","3","0","0","1","0","0","0"
"POINT (10.027359727000032 53.503810541000064)","Unfall 187134 (2020) Kat:3, Licht: 0","187134","3","1","8","07","20","4","1","0","0","1","0","0"
"POINT (10.003357400000027 53.580720255000074)","Unfall 187135 (2020) Kat:3, Licht: 2","187135","3","1","0","07","23","2","0","2","0","0","0","0"
"POINT (10.125309697000034 53.627432358000078)","Unfall 187136 (2020) Kat:3, Licht: 1","187136","3","6","3","06","21","1","0","1","1","0","0","0"
"POINT (10.010630862000028 53.552879696000048)","Unfall 187137 (2020) Kat:3, Licht: 0","187137","3","7","1","07","15","6","0","0","0","1","1","0"
"POINT (10.194882197000027 53.488895469000056)","Unfall 187138 (2020) Kat:3, Licht: 0","187138","3","3","5","06","12","3","0","0","1","1","0","0"
"POINT (10.031424417000039 53.576167069000064)","Unfall 187139 (2020) Kat:3, Licht: 0","187139","3","3","5","06","17","2","0","0","0","1","0","0"
"POINT (9.880022265000036 53.618277537000040)","Unfall 187140 (2020) Kat:3, Licht: 2","187140","3","7","8","07","23","7","1","2","1","0","0","0"
"POINT (10.076090722000060 53.592004069000041)","Unfall 187141 (2020) Kat:2, Licht: 2","187141","2","4","6","07","03","6","1","2","0","1","1","0"
"POINT (9.985341876000064 53.436409030000050)","Unfall 187142 (2020) Kat:3, Licht: 0","187142","3","2","6","06","18","6","0","0","0","0","1","0"
"POINT (10.040330667000035 53.555479268000056)","Unfall 187143 (2020) Kat:3, Licht: 0","187143","3","2","5","07","10","4","0","0","1","1","0","0"
"POINT (9.960739067000077 53.569409699000062)","Unfall 187144 (2020) Kat:3, Licht: 1","187144","3","6","3","07","20","6","1","1","0","1","0","1"
"POINT (10.010147139000026 53.548540436000053)","Unfall 187145 (2020) Kat:3, Licht: 0","187145","3","2","6","07","11","4","0","0","0","1","1","0"
"POINT (10.157769713000050 53.619151788000067)","Unfall 187146 (2020) Kat:3, Licht: 0","187146","3","1","9","06","13","1","0","0","0","1","0","0"
"POINT (10.218283711000026 53.485172454000065)","Unfall 187147 (2020) Kat:3, Licht: 0","187147","3","4","6","07","09","7","0","0","0","0","1","0"
"POINT (9.946015835000026 53.581334333000029)","Unfall 187148 (2020) Kat:3, Licht: 0","187148","3","5","1","06","19","5","1","0","1","1","0","0"
"POINT (9.914030492000052 53.556727591000026)","Unfall 187149 (2020) Kat:3, Licht: 0","187149","3","2","6","06","21","7","0","0","0","1","1","0"
"POINT (10.038651665000032 53.608155561000046)","Unfall 187150 (2020) Kat:3, Licht: 0","187150","3","2","3","06","11","1","0","0","1","1","0","0"
"POINT (9.987660507000044 53.457087103000049)","Unfall 187151 (2020) Kat:3, Licht: 0","187151","3","4","6","07","15","7","0","0","0","1","1","0"
"POINT (9.982331153000075 53.464099125000075)","Unfall 187152 (2020) Kat:3, Licht: 0","187152","3","7","0","07","17","5","1","0","1","0","0","0"
"POINT (10.129632339000068 53.588030238000044)","Unfall 187153 (2020) Kat:3, Licht: 0","187153","3","3","5","07","11","6","0","0","1","1","0","0"
"POINT (9.953127195000036 53.549366492000047)","Unfall 187154 (2020) Kat:2, Licht: 2","187154","2","7","0","07","01","4","1","2","0","1","0","0"
"POINT (10.067358598000055 53.599704267000050)","Unfall 187155 (2020) Kat:2, Licht: 0","187155","2","3","5","06","14","1","0","0","1","1","0","0"
"POINT (10.090649384000073 53.650163012000064)","Unfall 187156 (2020) Kat:3, Licht: 1","187156","3","1","0","07","04","1","0","1","1","0","0","0"
"POINT (9.999164840000049 53.579988176000029)","Unfall 187157 (2020) Kat:3, Licht: 2","187157","3","6","2","06","01","5","0","2","1","0","0","0"
"POINT (10.149856128000067 53.528208511000059)","Unfall 187158 (2020) Kat:3, Licht: 0","187158","3","2","5","07","13","2","0","0","0","1","0","0"
"POINT (10.052132918000041 53.562223485000061)","Unfall 187159 (2020) Kat:3, Licht: 2","187159","3","5","1","07","23","4","1","2","1","1","0","0"
"POINT (9.935854804000030 53.573044483000047)","Unfall 187160 (2020) Kat:3, Licht: 0","187160","3","6","2","07","19","2","0","0","0","1","0","0"
"POINT (10.002838687000065 53.660097700000051)","Unfall 187161 (2020) Kat:3, Licht: 0","187161","3","5","1","06","17","1","0","0","1","1","0","0"
"POINT (10.089967782000031 53.656116702000077)","Unfall 187162 (2020) Kat:3, Licht: 2","187162","3","7","0","07","23","5","0","2","1","0","0","0"
"POINT (9.961034265000023 53.548710978000031)","Unfall 187163 (2020) Kat:3, Licht: 0","187163","3","7","0","06","08","2","1","0","1","0","0","0"
"POINT (9.925663899000028 53.551628714000060)","Unfall 187164 (2020) Kat:3, Licht: 0","187164","3","7","0","07","17","7","0","0","1","0","0","0"
"POINT (9.789902495000035 53.571995610000045)","Unfall 187165 (2020) Kat:3, Licht: 0","187165","3","5","1","07","12","6","1","0","0","1","0","0"
"POINT (10.102891710000051 53.542752130000054)","Unfall 187166 (2020) Kat:3, Licht: 0","187166","3","3","6","06","10","6","0","0","0","1","1","0"
"POINT (10.076318667000066 53.615137045000040)","Unfall 187167 (2020) Kat:3, Licht: 0","187167","3","7","0","07","18","4","0","0","1","0","0","0"
"POINT (10.106133166000063 53.558122880000042)","Unfall 187168 (2020) Kat:3, Licht: 0","187168","3","5","1","07","05","5","1","0","0","1","0","0"
"POINT (10.071743860000026 53.583135792000064)","Unfall 187169 (2020) Kat:3, Licht: 0","187169","3","6","1","07","17","3","1","0","0","1","0","0"
"POINT (10.026694680000048 53.585284620000039)","Unfall 187170 (2020) Kat:3, Licht: 0","187170","3","5","1","06","16","1","0","0","1","1","0","0"
"POINT (10.006870014000071 53.653379184000073)","Unfall 187171 (2020) Kat:3, Licht: 0","187171","3","3","5","07","21","7","0","0","0","1","0","0"
"POINT (9.910865032000061 53.591289467000081)","Unfall 187172 (2020) Kat:3, Licht: 0","187172","3","7","5","07","17","2","1","0","0","1","0","1"
"POINT (9.922087268000041 53.554166924000072)","Unfall 187173 (2020) Kat:3, Licht: 0","187173","3","2","5","07","12","4","0","0","0","1","0","1"
"POINT (9.961328973000036 53.546402280000052)","Unfall 187174 (2020) Kat:3, Licht: 0","187174","3","2","0","07","15","2","0","0","0","1","0","1"
"POINT (10.020175689000041 53.565061131000050)","Unfall 187175 (2020) Kat:3, Licht: 0","187175","3","2","4","06","18","1","0","0","1","0","0","1"
"POINT (9.941516627000056 53.563997032000032)","Unfall 187176 (2020) Kat:3, Licht: 0","187176","3","2","5","07","12","5","0","0","0","1","0","1"
"POINT (10.073440128000072 53.608748024000079)","Unfall 187177 (2020) Kat:3, Licht: 0","187177","3","6","2","07","13","2","1","0","0","1","0","0"
"POINT (9.921142865000036 53.597393250000039)","Unfall 187178 (2020) Kat:3, Licht: 0","187178","3","3","5","07","08","4","0","0","1","1","0","0"
"POINT (9.942559642000049 53.544411075000028)","Unfall 187179 (2020) Kat:3, Licht: 0","187179","3","3","5","07","16","2","0","0","1","1","0","0"
"POINT (9.948233216000062 53.576001618000078)","Unfall 187180 (2020) Kat:2, Licht: 0","187180","2","5","1","06","21","1","0","0","1","1","0","0"
"POINT (9.935184666000055 53.582761179000045)","Unfall 187181 (2020) Kat:3, Licht: 0","187181","3","7","0","07","16","5","0","0","1","0","0","0"
"POINT (10.157054341000048 53.622625859000038)","Unfall 187182 (2020) Kat:3, Licht: 0","187182","3","3","5","06","21","1","0","0","0","1","0","0"
"POINT (10.138284478000060 53.527321427000061)","Unfall 187183 (2020) Kat:3, Licht: 0","187183","3","7","0","07","14","6","1","0","0","0","0","1"
"POINT (9.986394868000048 53.466202267000028)","Unfall 187184 (2020) Kat:3, Licht: 0","187184","3","6","2","07","12","6","1","0","0","1","0","0"
"POINT (10.033958026000050 53.607510210000044)","Unfall 187185 (2020) Kat:3, Licht: 0","187185","3","7","0","06","20","6","0","0","0","0","0","1"
"POINT (10.003219674000036 53.553050407000057)","Unfall 187186 (2020) Kat:3, Licht: 0","187186","3","7","0","07","08","4","0","0","1","1","0","0"
"POINT (10.071463217000030 53.572056964000069)","Unfall 187187 (2020) Kat:3, Licht: 0","187187","3","7","5","07","18","5","1","0","1","1","0","0"
"POINT (9.921166840000069 53.567683487000068)","Unfall 187188 (2020) Kat:3, Licht: 0","187188","3","3","0","07","11","3","0","0","1","1","0","0"
"POINT (9.953761503000067 53.449368101000061)","Unfall 187189 (2020) Kat:3, Licht: 0","187189","3","6","6","06","19","7","0","0","1","0","1","0"
"POINT (10.028016253000033 53.526670718000048)","Unfall 187190 (2020) Kat:3, Licht: 0","187190","3","3","5","07","18","6","0","0","1","1","0","0"
"POINT (10.037511241000061 53.587573279000082)","Unfall 187191 (2020) Kat:3, Licht: 0","187191","3","7","0","06","08","3","0","0","1","0","0","0"
"POINT (10.204085421000059 53.498988450000070)","Unfall 187192 (2020) Kat:3, Licht: 0","187192","3","5","1","07","07","1","0","0","0","1","0","0"
"POINT (10.192867811000042 53.503267333000053)","Unfall 187193 (2020) Kat:3, Licht: 0","187193","3","5","1","06","17","7","0","0","0","1","0","0"
"POINT (10.003078364000032 53.514332219000039)","Unfall 187194 (2020) Kat:3, Licht: 0","187194","3","7","0","07","12","4","0","0","1","0","0","0"
"POINT (9.954322668000032 53.494981154000072)","Unfall 187195 (2020) Kat:3, Licht: 0","187195","3","7","0","06","16","1","0","0","1","0","0","0"
"POINT (10.133562437000023 53.712460859000032)","Unfall 187196 (2020) Kat:3, Licht: 0","187196","3","3","5","07","19","5","1","0","0","1","0","0"
"POINT (9.875983841000050 53.588505142000031)","Unfall 187197 (2020) Kat:2, Licht: 0","187197","2","2","5","07","18","7","1","0","0","1","0","0"
"POINT (9.947216198000035 53.594001538000043)","Unfall 187198 (2020) Kat:3, Licht: 0","187198","3","2","3","07","17","2","0","0","1","1","0","0"
"POINT (9.952285410000059 53.518951280000067)","Unfall 187199 (2020) Kat:3, Licht: 0","187199","3","7","0","06","05","6","1","0","0","0","0","1"
"POINT (10.017094074000056 53.564064630000075)","Unfall 187200 (2020) Kat:3, Licht: 0","187200","3","3","5","06","19","1","0","0","0","1","0","1"
"POINT (10.090523113000074 53.549002734000055)","Unfall 187201 (2020) Kat:3, Licht: 0","187201","3","3","5","07","12","5","1","0","0","1","0","0"
"POINT (9.925573478000047 53.551799448000054)","Unfall 187202 (2020) Kat:3, Licht: 0","187202","3","7","0","06","07","6","0","0","1","0","0","0"
"POINT (10.083236102000058 53.576830417000053)","Unfall 187203 (2020) Kat:3, Licht: 0","187203","3","2","2","07","09","3","0","0","0","1","0","1"
"POINT (9.882082309000055 53.572186612000053)","Unfall 187204 (2020) Kat:3, Licht: 0","187204","3","6","2","07","07","5","0","0","0","1","0","0"
"POINT (9.994045870000036 53.558250300000054)","Unfall 187205 (2020) Kat:3, Licht: 0","187205","3","6","3","07","19","3","1","0","0","1","0","1"
"POINT (10.207828400000039 53.491958159000035)","Unfall 187206 (2020) Kat:3, Licht: 0","187206","3","7","0","06","11","7","0","0","0","0","0","0"
"POINT (10.014712117000045 53.637584145000062)","Unfall 187207 (2020) Kat:2, Licht: 0","187207","2","3","5","07","11","6","0","0","0","0","0","1"
"POINT (10.090526754000052 53.548969027000055)","Unfall 187208 (2020) Kat:3, Licht: 0","187208","3","2","5","06","18","3","0","0","0","1","0","0"
"POINT (10.182626698000036 53.488505956000040)","Unfall 187209 (2020) Kat:3, Licht: 0","187209","3","4","6","06","13","2","0","0","0","0","1","0"
"POINT (9.911087571000053 53.513962219000064)","Unfall 187210 (2020) Kat:3, Licht: 0","187210","3","6","2","07","15","7","0","0","0","1","0","0"
"POINT (9.931264318000046 53.578190004000078)","Unfall 187211 (2020) Kat:3, Licht: 2","187211","3","4","6","07","01","4","0","2","0","1","1","0"
"POINT (10.095071037000025 53.578754861000050)","Unfall 187212 (2020) Kat:3, Licht: 0","187212","3","7","0","06","15","4","0","0","1","0","0","0"
"POINT (10.064429457000074 53.603583868000044)","Unfall 187213 (2020) Kat:3, Licht: 0","187213","3","5","1","06","11","7","0","0","0","1","0","1"
"POINT (10.048646852000047 53.640357287000029)","Unfall 187214 (2020) Kat:3, Licht: 2","187214","3","6","3","06","23","4","0","2","1","1","0","0"
"POINT (9.990456112000061 53.452425546000029)","Unfall 187215 (2020) Kat:3, Licht: 0","187215","3","2","4","07","14","1","1","0","0","1","0","0"
"POINT (9.959889580000038 53.563668365000069)","Unfall 187216 (2020) Kat:3, Licht: 0","187216","3","2","6","07","19","5","1","0","0","1","1","0"
"POINT (10.004744957000071 53.551649154000074)","Unfall 187217 (2020) Kat:3, Licht: 2","187217","3","1","8","07","03","7","0","2","0","0","0","0"
"POINT (10.065975757000047 53.465340804000050)","Unfall 187218 (2020) Kat:3, Licht: 0","187218","3","6","2","07","15","1","0","0","1","0","0","0"
"POINT (10.147167241000034 53.588808208000046)","Unfall 187219 (2020) Kat:3, Licht: 0","187219","3","3","5","06","16","5","0","0","0","1","0","0"
"POINT (9.888188883000055 53.476049957000043)","Unfall 187220 (2020) Kat:2, Licht: 0","187220","2","3","4","07","07","2","1","0","1","1","0","0"
"POINT (10.196680690000051 53.501605636000079)","Unfall 187221 (2020) Kat:3, Licht: 0","187221","3","6","2","07","09","4","0","0","0","1","0","0"
"POINT (10.011532479000039 53.610241330000065)","Unfall 187222 (2020) Kat:3, Licht: 0","187222","3","2","4","07","07","2","0","0","0","1","0","0"
"POINT (10.133198340000035 53.539809561000027)","Unfall 187223 (2020) Kat:3, Licht: 0","187223","3","2","3","06","13","7","0","0","0","1","0","0"
"POINT (10.014484010000047 53.521224735000033)","Unfall 187224 (2020) Kat:3, Licht: 0","187224","3","6","2","07","12","5","0","0","0","1","0","0"
"POINT (9.975882667000064 53.570233219000045)","Unfall 187225 (2020) Kat:3, Licht: 0","187225","3","6","2","06","16","2","0","0","0","1","0","0"
"POINT (9.996559449000074 53.552903990000061)","Unfall 187226 (2020) Kat:3, Licht: 0","187226","3","4","6","08","18","3","0","0","1","0","1","0"
"POINT (10.059826855000040 53.637194676000036)","Unfall 187227 (2020) Kat:3, Licht: 0","187227","3","7","5","07","11","6","0","0","0","1","0","0"
"POINT (10.054560146000028 53.601783124000065)","Unfall 187228 (2020) Kat:3, Licht: 0","187228","3","2","0","08","16","3","0","0","1","1","0","0"
"POINT (10.014820283000063 53.560194887000080)","Unfall 187229 (2020) Kat:2, Licht: 0","187229","2","2","3","08","09","3","0","0","1","0","0","0"
"POINT (10.005156318000047 53.520512915000040)","Unfall 187230 (2020) Kat:3, Licht: 0","187230","3","6","3","08","18","2","0","0","1","0","0","0"
"POINT (10.015867713000034 53.671628670000075)","Unfall 187231 (2020) Kat:3, Licht: 0","187231","3","5","1","07","15","6","0","0","1","1","0","0"
"POINT (9.935918194000067 53.573027199000080)","Unfall 187232 (2020) Kat:2, Licht: 0","187232","2","7","0","08","17","5","0","0","1","0","0","0"
"POINT (10.201736736000043 53.487433900000042)","Unfall 187233 (2020) Kat:3, Licht: 0","187233","3","3","5","08","16","2","0","0","1","1","0","0"
"POINT (10.033253052000020 53.636157615000059)","Unfall 187234 (2020) Kat:3, Licht: 0","187234","3","3","5","07","18","6","0","0","1","0","0","0"
"POINT (10.132589445000065 53.547067912000045)","Unfall 187235 (2020) Kat:3, Licht: 0","187235","3","3","5","08","14","2","0","0","1","1","0","0"
"POINT (10.106166554000026 53.546446716000048)","Unfall 187236 (2020) Kat:3, Licht: 0","187236","3","6","2","08","10","2","0","0","0","1","0","0"
"POINT (9.978216465000060 53.607448054000031)","Unfall 187237 (2020) Kat:3, Licht: 0","187237","3","6","2","07","12","6","0","0","0","1","0","0"
"POINT (10.057986950000043 53.553290789000073)","Unfall 187238 (2020) Kat:3, Licht: 0","187238","3","2","5","08","06","2","0","0","1","1","0","0"
"POINT (10.136914839000042 53.578500032000079)","Unfall 187239 (2020) Kat:3, Licht: 0","187239","3","2","5","08","14","2","0","0","1","1","0","0"
"POINT (9.917947846000061 53.551795839000079)","Unfall 187240 (2020) Kat:3, Licht: 0","187240","3","6","2","08","11","5","0","0","0","1","0","0"
"POINT (10.078442428000074 53.653423276000069)","Unfall 187241 (2020) Kat:3, Licht: 2","187241","3","1","9","08","04","2","0","2","0","1","0","0"
"POINT (9.899201137000034 53.592794017000074)","Unfall 187242 (2020) Kat:3, Licht: 0","187242","3","6","2","08","10","5","0","0","0","1","0","0"
"POINT (10.006475557000044 53.633042527000043)","Unfall 187243 (2020) Kat:3, Licht: 0","187243","3","4","6","08","14","2","0","0","0","1","1","0"
"POINT (9.971731718000058 53.601752485000077)","Unfall 187244 (2020) Kat:2, Licht: 0","187244","2","7","0","07","08","6","1","0","0","0","0","0"
"POINT (10.003770870000039 53.578366762000030)","Unfall 187245 (2020) Kat:3, Licht: 0","187245","3","3","5","08","08","2","0","0","1","0","0","0"
"POINT (9.896448907000035 53.610780090000048)","Unfall 187246 (2020) Kat:3, Licht: 0","187246","3","2","2","08","15","2","0","0","0","1","0","0"
"POINT (9.997450859000026 53.578551806000064)","Unfall 187247 (2020) Kat:3, Licht: 2","187247","3","7","0","07","23","6","0","2","1","0","0","0"
"POINT (9.943796218000045 53.629101550000030)","Unfall 187248 (2020) Kat:3, Licht: 0","187248","3","2","3","08","18","2","0","0","1","1","0","0"
"POINT (9.946038191000071 53.592067824000026)","Unfall 187249 (2020) Kat:3, Licht: 1","187249","3","3","0","08","20","2","0","1","1","1","0","0"
"POINT (10.000541632000022 53.555592213000068)","Unfall 187250 (2020) Kat:3, Licht: 0","187250","3","2","4","08","17","5","0","0","1","1","0","0"
"POINT (9.958431579000035 53.554596480000043)","Unfall 187251 (2020) Kat:3, Licht: 2","187251","3","1","0","08","21","2","0","2","0","0","0","1"
"POINT (9.988313276000042 53.572678696000082)","Unfall 187252 (2020) Kat:3, Licht: 0","187252","3","7","6","07","15","6","0","0","1","0","0","0"
"POINT (10.085910922000039 53.616553590000080)","Unfall 187253 (2020) Kat:3, Licht: 0","187253","3","6","4","08","18","3","0","0","0","1","0","1"
"POINT (10.005500079000058 53.552742057000046)","Unfall 187254 (2020) Kat:3, Licht: 0","187254","3","6","6","08","12","2","0","0","1","0","1","0"
"POINT (9.974034983000024 53.545216045000075)","Unfall 187255 (2020) Kat:3, Licht: 0","187255","3","1","0","07","20","6","0","0","0","0","0","1"
"POINT (10.006222615000070 53.558220573000028)","Unfall 187256 (2020) Kat:3, Licht: 0","187256","3","2","3","08","20","2","0","0","0","1","0","0"
"POINT (9.988602042000025 53.557251263000069)","Unfall 187257 (2020) Kat:3, Licht: 0","187257","3","5","1","07","16","6","0","0","1","1","0","0"
"POINT (9.993965976000027 53.481523708000054)","Unfall 187258 (2020) Kat:3, Licht: 0","187258","3","7","3","08","19","1","0","0","0","1","0","0"
"POINT (9.863396104000060 53.472539712000071)","Unfall 187259 (2020) Kat:3, Licht: 0","187259","3","3","5","07","17","5","0","0","1","1","0","0"
"POINT (10.070626096000069 53.582794525000054)","Unfall 187260 (2020) Kat:3, Licht: 2","187260","3","1","8","08","01","1","0","2","1","0","0","0"
"POINT (10.149863651000032 53.607431157000065)","Unfall 187261 (2020) Kat:3, Licht: 0","187261","3","6","2","08","19","5","0","0","0","1","0","0"
"POINT (10.080011449000040 53.618770020000056)","Unfall 187262 (2020) Kat:3, Licht: 0","187262","3","7","0","08","19","1","1","0","0","0","0","1"
"POINT (10.060797702000059 53.656516978000070)","Unfall 187263 (2020) Kat:3, Licht: 0","187263","3","7","2","08","19","1","1","0","0","1","0","0"
"POINT (10.190105552000034 53.410066212000061)","Unfall 187264 (2020) Kat:2, Licht: 0","187264","2","2","5","08","14","4","0","0","0","1","0","1"
"POINT (10.119428531000040 53.664045483000052)","Unfall 187265 (2020) Kat:3, Licht: 0","187265","3","6","2","08","17","1","0","0","0","1","0","0"
"POINT (9.991839919000029 53.483005718000072)","Unfall 187266 (2020) Kat:3, Licht: 0","187266","3","2","3","07","18","5","0","0","1","1","0","0"
"POINT (10.102500047000035 53.653742524000052)","Unfall 187267 (2020) Kat:3, Licht: 0","187267","3","6","2","08","09","3","0","0","0","1","0","0"
"POINT (10.094192742000075 53.656335667000064)","Unfall 187268 (2020) Kat:3, Licht: 0","187268","3","6","2","08","15","1","0","0","0","1","0","0"
"POINT (9.792812658000059 53.559142566000048)","Unfall 187269 (2020) Kat:3, Licht: 0","187269","3","6","3","08","15","1","0","0","1","1","0","0"
"POINT (9.990739359000031 53.495352184000069)","Unfall 187270 (2020) Kat:3, Licht: 0","187270","3","3","5","07","14","5","0","0","0","1","0","0"
"POINT (10.013771444000042 53.595926102000078)","Unfall 187271 (2020) Kat:3, Licht: 0","187271","3","3","5","08","08","5","0","0","1","0","0","0"
"POINT (9.810712697000042 53.579085715000076)","Unfall 187272 (2020) Kat:3, Licht: 0","187272","3","2","0","08","17","1","1","0","1","0","0","0"
"POINT (9.922057262000067 53.554243288000066)","Unfall 187273 (2020) Kat:3, Licht: 0","187273","3","2","5","08","10","1","0","0","1","1","0","0"
"POINT (9.981355764000057 53.566711994000059)","Unfall 187274 (2020) Kat:3, Licht: 0","187274","3","5","1","08","13","1","0","0","1","1","0","0"
"POINT (10.013169482000023 53.627769747000059)","Unfall 187275 (2020) Kat:3, Licht: 0","187275","3","3","5","08","08","5","0","0","1","0","0","0"
"POINT (9.959509202000049 53.563514593000036)","Unfall 187276 (2020) Kat:2, Licht: 2","187276","2","1","0","08","03","1","0","2","0","0","0","0"
"POINT (10.025762448000023 53.471555676000037)","Unfall 187277 (2020) Kat:2, Licht: 0","187277","2","1","8","08","08","7","0","0","0","0","0","1"
"POINT (10.138520237000023 53.543817874000069)","Unfall 187278 (2020) Kat:3, Licht: 0","187278","3","7","0","08","17","7","0","0","1","0","0","0"
"POINT (10.032181457000036 53.580026083000064)","Unfall 187279 (2020) Kat:3, Licht: 0","187279","3","4","6","08","17","4","0","0","0","1","1","0"
"POINT (10.080956681000032 53.559669419000045)","Unfall 187280 (2020) Kat:3, Licht: 0","187280","3","7","0","08","19","7","0","0","1","0","0","0"
"POINT (10.055073700000037 53.560849131000055)","Unfall 187281 (2020) Kat:2, Licht: 0","187281","2","7","6","07","09","5","0","0","0","1","1","0"
"POINT (10.000852087000055 53.589464519000046)","Unfall 187282 (2020) Kat:3, Licht: 0","187282","3","3","5","08","09","3","0","0","1","1","0","0"
"POINT (10.036497672000053 53.535648978000040)","Unfall 187283 (2020) Kat:3, Licht: 0","187283","3","2","4","08","19","7","0","0","0","1","0","0"
"POINT (10.066571818000057 53.535540166000033)","Unfall 187284 (2020) Kat:3, Licht: 0","187284","3","3","5","08","09","7","0","0","0","0","0","0"
"POINT (10.114494227000023 53.624923479000074)","Unfall 187285 (2020) Kat:3, Licht: 0","187285","3","2","5","07","13","5","0","0","1","1","0","0"
"POINT (9.927082081000037 53.592064609000033)","Unfall 187286 (2020) Kat:3, Licht: 0","187286","3","6","2","08","11","5","0","0","0","1","0","0"
"POINT (10.078591086000074 53.584735715000079)","Unfall 187287 (2020) Kat:3, Licht: 0","187287","3","2","4","08","19","7","0","0","0","1","0","0"
"POINT (10.069759380000050 53.579149678000078)","Unfall 187288 (2020) Kat:3, Licht: 0","187288","3","6","2","07","16","5","0","0","0","1","0","0"