WKT,Name,OBJECTID,UKATEGORIE,UTYP1,UART,UMONAT,USTUNDE,UWOCHENTAG,STRZUSTAND,ULICHTVERH,ISTRAD,ISTPKW,ISTFUSS,ISTKRAD
"POINT (10.059735071000034 53.572652576000053)","Unfall 187289 (2020) Kat:3, Licht: 0","187289","3","2","5","08","10","7","0","0","1","1","0","0"
"POINT (10.076746878000051 53.566874526000049)","Unfall 187290 (2020) Kat:3, Licht: 0","187290","3","2","5","08","10","7","0","0","1","1","0","0"
"POINT (10.172812406000048 53.648058281000033)","Unfall 187291 (2020) Kat:3, Licht: 0","187291","3","6","2","07","15","5","0","0","1","0","0","0"
"POINT (10.011462691000077 53.649194825000052)","Unfall 187292 (2020) Kat:3, Licht: 0","187292","3","7","0","07","15","5","0","0","1","0","0","0"
"POINT (10.045736609000073 53.588804986000071)","Unfall 187293 (2020) Kat:3, Licht: 0","187293","3","6","3","08","13","7","1","0","0","1","0","0"
"POINT (10.043511788000046 53.572130398000070)","Unfall 187294 (2020) Kat:3, Licht: 2","187294","3","5","1","08","02","7","0","2","1","0","0","0"
"POINT (9.994319748000066 53.602094073000046)","Unfall 187295 (2020) Kat:3, Licht: 0","187295","3","2","5","07","15","5","0","0","1","0","0","0"
"POINT (9.919081871000060 53.627935722000075)","Unfall 187296 (2020) Kat:3, Licht: 0","187296","3","7","0","08","11","7","0","0","1","0","0","0"
"POINT (9.980063390000055 53.582378659000028)","Unfall 187297 (2020) Kat:3, Licht: 0","187297","3","3","5","08","14","7","0","0","1","1","0","0"
"POINT (9.944812529000046 53.633392016000073)","Unfall 187298 (2020) Kat:3, Licht: 0","187298","3","7","0","08","07","5","0","0","1","0","0","0"
"POINT (9.993888490000074 53.550325191000070)","Unfall 187299 (2020) Kat:3, Licht: 0","187299","3","7","6","08","18","7","0","0","0","0","1","0"
"POINT (10.005418657000064 53.589365543000042)","Unfall 187300 (2020) Kat:3, Licht: 0","187300","3","3","5","07","08","5","0","0","1","1","0","0"
"POINT (9.834113642000034 53.468837866000058)","Unfall 187301 (2020) Kat:3, Licht: 0","187301","3","4","6","07","16","6","0","0","1","0","1","0"
"POINT (10.045081353000057 53.582365541000058)","Unfall 187302 (2020) Kat:3, Licht: 0","187302","3","6","2","07","16","5","0","0","0","1","0","0"
"POINT (9.874548340000047 53.480638374000080)","Unfall 187303 (2020) Kat:3, Licht: 0","187303","3","6","4","07","09","6","0","0","0","1","0","0"
"POINT (9.974649263000060 53.462418812000067)","Unfall 187304 (2020) Kat:3, Licht: 0","187304","3","7","6","07","10","6","0","0","0","0","1","0"
"POINT (10.159531487000038 53.405520607000028)","Unfall 187305 (2020) Kat:3, Licht: 0","187305","3","5","1","07","15","6","0","0","0","1","0","1"
"POINT (10.003139475000069 53.554585387000031)","Unfall 187306 (2020) Kat:3, Licht: 2","187306","3","6","2","08","23","5","0","2","0","1","0","0"
"POINT (10.108146155000043 53.590012392000062)","Unfall 187307 (2020) Kat:3, Licht: 0","187307","3","3","5","07","11","6","0","0","1","1","0","0"
"POINT (9.895323584000039 53.565811512000039)","Unfall 187308 (2020) Kat:3, Licht: 0","187308","3","3","5","07","19","5","0","0","1","1","0","0"
"POINT (10.069925656000066 53.575534520000076)","Unfall 187309 (2020) Kat:3, Licht: 0","187309","3","6","2","07","14","6","0","0","0","1","0","0"
"POINT (9.882079024000063 53.559451814000056)","Unfall 187310 (2020) Kat:3, Licht: 0","187310","3","1","0","07","13","5","0","0","0","1","0","0"
"POINT (10.075975335000066 53.614017689000036)","Unfall 187311 (2020) Kat:3, Licht: 0","187311","3","5","1","07","13","6","0","0","0","1","0","0"
"POINT (10.133660687000031 53.623273186000063)","Unfall 187312 (2020) Kat:3, Licht: 0","187312","3","4","6","08","18","5","0","0","0","0","1","0"
"POINT (10.043730514000060 53.630950737000035)","Unfall 187313 (2020) Kat:3, Licht: 0","187313","3","6","3","07","19","6","0","0","1","1","0","0"
"POINT (10.003917444000024 53.585581604000026)","Unfall 187314 (2020) Kat:3, Licht: 0","187314","3","6","3","07","18","6","0","0","1","1","0","0"
"POINT (10.154931005000037 53.613155542000072)","Unfall 187315 (2020) Kat:3, Licht: 0","187315","3","6","2","08","14","4","0","0","1","0","0","0"
"POINT (10.025265477000062 53.601758379000046)","Unfall 187316 (2020) Kat:3, Licht: 0","187316","3","2","4","07","06","6","0","0","0","1","0","0"
"POINT (9.920078105000073 53.633471780000036)","Unfall 187317 (2020) Kat:3, Licht: 0","187317","3","7","0","07","15","5","0","0","1","0","0","0"
"POINT (10.049780592000047 53.591504792000080)","Unfall 187318 (2020) Kat:3, Licht: 0","187318","3","7","0","08","19","3","0","0","1","0","0","0"
"POINT (10.009491514000047 53.578226190000066)","Unfall 187319 (2020) Kat:3, Licht: 0","187319","3","2","3","07","16","6","0","0","1","1","0","0"
"POINT (10.000972944000068 53.551122171000031)","Unfall 187320 (2020) Kat:3, Licht: 0","187320","3","4","6","08","13","5","0","0","0","0","1","0"
"POINT (10.055830165000032 53.591502539000032)","Unfall 187321 (2020) Kat:3, Licht: 0","187321","3","2","5","07","19","6","0","0","0","1","0","0"
"POINT (9.958861267000032 53.565608900000029)","Unfall 187322 (2020) Kat:3, Licht: 2","187322","3","3","5","07","23","5","0","2","1","0","0","0"
"POINT (10.019034143000056 53.565117925000038)","Unfall 187323 (2020) Kat:3, Licht: 0","187323","3","3","5","08","08","3","0","0","1","1","0","0"
"POINT (10.047505739000030 53.572186166000051)","Unfall 187324 (2020) Kat:3, Licht: 0","187324","3","3","5","07","17","6","0","0","0","1","0","0"
"POINT (10.038981377000027 53.586807487000044)","Unfall 187325 (2020) Kat:3, Licht: 0","187325","3","5","1","07","17","6","0","0","0","1","0","1"
"POINT (10.023090338000031 53.584593229000063)","Unfall 187326 (2020) Kat:3, Licht: 0","187326","3","6","4","08","18","5","0","0","1","0","0","0"
"POINT (9.956071912000027 53.599054106000040)","Unfall 187327 (2020) Kat:3, Licht: 0","187327","3","2","0","08","18","4","0","0","1","1","0","0"
"POINT (10.043983332000039 53.579004361000045)","Unfall 187328 (2020) Kat:3, Licht: 0","187328","3","3","5","07","20","6","0","0","1","1","0","0"
"POINT (9.908301149000067 53.606052732000080)","Unfall 187329 (2020) Kat:3, Licht: 0","187329","3","3","5","07","06","6","0","0","1","1","0","0"
"POINT (9.878420580000068 53.586281726000038)","Unfall 187330 (2020) Kat:3, Licht: 0","187330","3","7","3","07","19","6","0","0","0","1","0","0"
"POINT (9.872206018000043 53.591810726000062)","Unfall 187331 (2020) Kat:3, Licht: 0","187331","3","2","5","07","16","6","0","0","0","1","0","1"
"POINT (9.984822054000063 53.570125518000054)","Unfall 187332 (2020) Kat:3, Licht: 0","187332","3","6","2","07","17","5","0","0","1","1","0","0"
"POINT (10.049701145000029 53.573854524000069)","Unfall 187333 (2020) Kat:3, Licht: 0","187333","3","7","1","08","10","3","0","0","1","1","0","0"
"POINT (9.928386222000029 53.556192743000054)","Unfall 187334 (2020) Kat:3, Licht: 0","187334","3","3","5","07","20","6","0","0","1","0","0","1"
"POINT (9.992815929000074 53.549822134000067)","Unfall 187335 (2020) Kat:3, Licht: 0","187335","3","2","3","08","16","4","0","0","1","1","0","0"
"POINT (9.947288545000049 53.561275807000072)","Unfall 187336 (2020) Kat:3, Licht: 0","187336","3","7","0","07","18","6","0","0","1","0","0","0"
"POINT (9.988879953000037 53.557892298000070)","Unfall 187337 (2020) Kat:3, Licht: 0","187337","3","4","0","07","13","6","0","0","0","0","1","0"
"POINT (9.976685820000057 53.557511213000055)","Unfall 187338 (2020) Kat:3, Licht: 0","187338","3","7","0","08","11","4","0","0","0","0","0","1"
"POINT (9.995375792000061 53.548870596000029)","Unfall 187339 (2020) Kat:3, Licht: 0","187339","3","7","5","07","12","6","0","0","0","1","0","1"
"POINT (9.982209854000075 53.572506825000062)","Unfall 187340 (2020) Kat:3, Licht: 0","187340","3","5","1","07","14","5","0","0","1","1","0","0"
"POINT (9.898000615000058 53.612289175000058)","Unfall 187341 (2020) Kat:3, Licht: 0","187341","3","6","4","08","16","5","0","0","1","0","0","0"
"POINT (9.970000382000023 53.545860551000033)","Unfall 187342 (2020) Kat:3, Licht: 0","187342","3","7","1","07","09","6","0","0","1","0","0","0"
"POINT (9.974046231000045 53.527253395000059)","Unfall 187343 (2020) Kat:3, Licht: 0","187343","3","6","3","07","18","6","0","0","0","0","0","1"
"POINT (10.000828409000064 53.544898946000046)","Unfall 187344 (2020) Kat:3, Licht: 0","187344","3","3","3","07","18","5","0","0","1","1","0","0"
"POINT (9.997214642000074 53.482718022000029)","Unfall 187345 (2020) Kat:3, Licht: 0","187345","3","6","3","07","10","5","0","0","0","1","0","0"
"POINT (10.024925331000077 53.479974531000039)","Unfall 187346 (2020) Kat:3, Licht: 0","187346","3","6","2","07","10","5","0","0","0","1","0","0"
"POINT (10.002198817000021 53.557339578000040)","Unfall 187347 (2020) Kat:3, Licht: 0","187347","3","3","5","07","09","5","0","0","1","1","0","0"
"POINT (10.122760435000032 53.463927546000036)","Unfall 187348 (2020) Kat:3, Licht: 0","187348","3","6","2","07","10","5","0","0","0","1","0","0"
"POINT (10.010196226000062 53.552282458000036)","Unfall 187349 (2020) Kat:3, Licht: 0","187349","3","2","5","08","06","4","0","0","1","1","0","0"
"POINT (10.208626438000067 53.492760565000026)","Unfall 187350 (2020) Kat:3, Licht: 0","187350","3","6","1","07","20","5","0","0","0","1","0","0"
"POINT (9.930876896000029 53.546549359000039)","Unfall 187351 (2020) Kat:3, Licht: 0","187351","3","6","2","08","20","5","0","0","0","1","0","0"
"POINT (10.025577503000022 53.544478811000033)","Unfall 187352 (2020) Kat:3, Licht: 0","187352","3","3","5","07","17","5","0","0","1","1","0","0"
"POINT (10.017327071000068 53.527877046000071)","Unfall 187353 (2020) Kat:3, Licht: 1","187353","3","6","0","07","19","5","0","1","0","1","0","1"
"POINT (9.865375541000049 53.596944067000038)","Unfall 187354 (2020) Kat:3, Licht: 0","187354","3","3","5","08","11","5","0","0","0","1","0","0"
"POINT (10.151022593000050 53.586672568000040)","Unfall 187355 (2020) Kat:3, Licht: 0","187355","3","5","3","07","17","5","0","0","0","1","0","0"
"POINT (10.179811761000053 53.496186163000061)","Unfall 187356 (2020) Kat:3, Licht: 0","187356","3","2","4","07","16","4","0","0","0","1","0","0"
"POINT (10.170227045000047 53.605270358000041)","Unfall 187357 (2020) Kat:3, Licht: 0","187357","3","1","8","07","14","5","0","0","1","0","0","0"
"POINT (10.160567792000052 53.618480312000031)","Unfall 187358 (2020) Kat:3, Licht: 0","187358","3","6","2","07","18","5","0","0","0","1","0","0"
"POINT (10.137110248000056 53.478947948000041)","Unfall 187359 (2020) Kat:3, Licht: 0","187359","3","1","8","07","16","4","0","0","0","0","0","1"
"POINT (10.046069670000065 53.586604652000062)","Unfall 187360 (2020) Kat:3, Licht: 0","187360","3","7","0","07","16","5","0","0","1","0","0","0"
"POINT (10.002842185000077 53.556881440000041)","Unfall 187361 (2020) Kat:2, Licht: 0","187361","2","2","3","08","07","4","0","0","0","0","0","1"
"POINT (10.019698777000031 53.565801254000064)","Unfall 187362 (2020) Kat:2, Licht: 0","187362","2","7","6","07","09","5","0","0","0","1","1","0"
"POINT (10.023244324000075 53.537873389000026)","Unfall 187363 (2020) Kat:3, Licht: 0","187363","3","2","4","08","17","5","0","0","0","1","0","0"
"POINT (10.047449789000041 53.572196601000030)","Unfall 187364 (2020) Kat:3, Licht: 0","187364","3","3","5","07","17","5","0","0","0","1","0","0"
"POINT (10.098907413000063 53.535947923000037)","Unfall 187365 (2020) Kat:3, Licht: 0","187365","3","3","5","07","17","4","0","0","0","1","0","0"
"POINT (9.816171385000075 53.562838977000069)","Unfall 187366 (2020) Kat:3, Licht: 0","187366","3","6","2","08","13","3","0","0","0","1","0","0"
"POINT (9.906954927000072 53.616287967000062)","Unfall 187367 (2020) Kat:3, Licht: 0","187367","3","6","1","07","17","5","1","0","0","1","0","0"
"POINT (10.071444661000044 53.573512037000057)","Unfall 187368 (2020) Kat:3, Licht: 0","187368","3","7","0","07","12","4","0","0","0","0","0","1"
"POINT (9.818201960000067 53.562171977000048)","Unfall 187369 (2020) Kat:3, Licht: 0","187369","3","7","5","07","16","5","0","0","1","0","0","0"
"POINT (10.185224603000052 53.655341738000061)","Unfall 187370 (2020) Kat:2, Licht: 0","187370","2","3","5","08","12","5","0","0","1","1","0","0"
"POINT (9.937222759000065 53.544665125000051)","Unfall 187371 (2020) Kat:3, Licht: 0","187371","3","7","0","07","13","5","0","0","1","0","0","0"
"POINT (10.064244442000074 53.597296278000044)","Unfall 187372 (2020) Kat:3, Licht: 0","187372","3","3","5","07","16","4","0","0","0","1","0","0"
"POINT (9.963991697000040 53.559112460000051)","Unfall 187373 (2020) Kat:3, Licht: 0","187373","3","6","4","07","11","5","0","0","1","0","0","0"
"POINT (10.134817457000054 53.619620847000078)","Unfall 187374 (2020) Kat:2, Licht: 2","187374","2","5","1","08","21","5","0","2","0","1","0","0"
"POINT (10.001322936000065 53.556030198000030)","Unfall 187375 (2020) Kat:3, Licht: 0","187375","3","6","4","07","10","5","0","0","1","0","0","0"
"POINT (10.203440049000051 53.497922288000041)","Unfall 187376 (2020) Kat:3, Licht: 2","187376","3","5","8","08","22","4","0","2","0","1","0","0"
"POINT (10.019177938000041 53.552654150000080)","Unfall 187377 (2020) Kat:3, Licht: 0","187377","3","3","5","07","17","5","0","0","1","1","0","0"
"POINT (10.061082937000037 53.655737055000031)","Unfall 187378 (2020) Kat:3, Licht: 0","187378","3","7","5","07","20","4","0","0","0","1","0","0"
"POINT (9.823633042000040 53.560638783000059)","Unfall 187379 (2020) Kat:3, Licht: 0","187379","3","2","5","08","17","3","0","0","1","1","0","0"
"POINT (10.144180627000026 53.613882043000046)","Unfall 187380 (2020) Kat:3, Licht: 2","187380","3","1","0","07","23","4","0","2","1","0","0","0"
"POINT (10.019227050000040 53.552966640000079)","Unfall 187381 (2020) Kat:3, Licht: 0","187381","3","2","3","08","09","4","0","0","1","0","0","0"
"POINT (10.096747799000070 53.613605242000062)","Unfall 187382 (2020) Kat:3, Licht: 0","187382","3","2","2","07","07","4","0","0","0","1","0","0"
"POINT (10.013816500000075 53.595989360000033)","Unfall 187383 (2020) Kat:3, Licht: 0","187383","3","5","5","08","16","5","0","0","1","1","0","0"
"POINT (9.904983668000057 53.482079608000049)","Unfall 187384 (2020) Kat:3, Licht: 0","187384","3","6","2","08","18","3","0","0","0","1","0","0"
"POINT (10.095833285000026 53.656180632000030)","Unfall 187385 (2020) Kat:2, Licht: 0","187385","2","7","3","07","14","4","0","0","0","1","0","0"
"POINT (10.097218858000076 53.641475788000037)","Unfall 187386 (2020) Kat:2, Licht: 0","187386","2","7","0","07","12","4","0","0","1","1","0","0"
"POINT (9.917004213000041 53.599807261000080)","Unfall 187387 (2020) Kat:3, Licht: 0","187387","3","6","0","07","17","4","0","0","0","1","0","0"
"POINT (9.840133245000061 53.564651668000067)","Unfall 187388 (2020) Kat:3, Licht: 1","187388","3","3","5","07","20","4","0","1","0","1","0","0"
"POINT (9.881155474000025 53.591967932000045)","Unfall 187389 (2020) Kat:3, Licht: 0","187389","3","6","3","07","14","4","0","0","0","1","0","0"
"POINT (9.919873760000030 53.637238001000071)","Unfall 187390 (2020) Kat:3, Licht: 0","187390","3","2","5","07","14","4","0","0","1","0","0","0"
"POINT (9.959715040000049 53.569522532000065)","Unfall 187391 (2020) Kat:3, Licht: 0","187391","3","3","5","07","11","4","0","0","1","1","0","0"
"POINT (10.014685235000059 53.575940585000069)","Unfall 187392 (2020) Kat:3, Licht: 0","187392","3","2","5","08","13","4","0","0","1","1","0","0"
"POINT (9.985464829000023 53.552152200000080)","Unfall 187393 (2020) Kat:3, Licht: 0","187393","3","3","5","07","10","4","0","0","0","1","0","0"
"POINT (9.846924433000027 53.575575489000073)","Unfall 187394 (2020) Kat:2, Licht: 0","187394","2","6","3","07","16","4","0","0","0","1","0","0"
"POINT (9.912052390000042 53.641921403000026)","Unfall 187395 (2020) Kat:3, Licht: 0","187395","3","3","5","08","06","3","0","0","1","1","0","0"
"POINT (10.014009887000043 53.561370868000040)","Unfall 187396 (2020) Kat:3, Licht: 0","187396","3","6","1","07","13","4","0","0","0","1","0","0"
"POINT (10.199073145000057 53.462724414000036)","Unfall 187397 (2020) Kat:3, Licht: 0","187397","3","7","0","07","07","3","0","0","0","0","0","0"
"POINT (9.958990120000067 53.558478316000048)","Unfall 187398 (2020) Kat:3, Licht: 0","187398","3","6","0","07","19","4","0","0","1","1","0","0"
"POINT (9.899924565000049 53.610827205000078)","Unfall 187399 (2020) Kat:3, Licht: 0","187399","3","7","0","08","12","5","0","0","1","0","0","0"
"POINT (10.187101998000060 53.400628507000079)","Unfall 187400 (2020) Kat:2, Licht: 0","187400","2","5","1","07","15","3","0","0","1","1","0","0"
"POINT (9.976837608000039 53.544287375000067)","Unfall 187401 (2020) Kat:3, Licht: 0","187401","3","6","2","07","19","4","0","0","0","1","0","0"
"POINT (10.071111364000046 53.559211007000044)","Unfall 187402 (2020) Kat:3, Licht: 0","187402","3","1","8","07","17","3","1","0","0","0","0","1"
"POINT (10.145528655000021 53.544433778000041)","Unfall 187403 (2020) Kat:3, Licht: 0","187403","3","3","5","07","06","3","0","0","0","1","0","0"
"POINT (10.003544092000027 53.557144462000053)","Unfall 187404 (2020) Kat:3, Licht: 0","187404","3","6","2","07","18","4","0","0","0","1","0","0"
"POINT (10.140716152000039 53.629263568000056)","Unfall 187405 (2020) Kat:3, Licht: 1","187405","3","2","5","07","20","3","0","1","0","1","0","0"
"POINT (9.907613115000061 53.513428413000042)","Unfall 187406 (2020) Kat:3, Licht: 0","187406","3","7","0","08","11","3","0","0","1","0","0","0"
"POINT (10.003802252000071 53.557425425000076)","Unfall 187407 (2020) Kat:3, Licht: 0","187407","3","3","5","07","13","4","0","0","1","0","0","1"
"POINT (10.119338025000047 53.606493142000033)","Unfall 187408 (2020) Kat:3, Licht: 0","187408","3","6","3","07","10","3","1","0","0","1","0","0"
"POINT (10.081380751000040 53.571395386000063)","Unfall 187409 (2020) Kat:3, Licht: 0","187409","3","6","2","07","18","3","0","0","0","1","0","1"
"POINT (9.920335791000071 53.637725943000078)","Unfall 187410 (2020) Kat:3, Licht: 0","187410","3","3","5","08","12","5","0","0","0","0","0","1"
"POINT (10.076960405000023 53.655663248000053)","Unfall 187411 (2020) Kat:3, Licht: 0","187411","3","6","1","07","12","3","0","0","0","1","0","0"
"POINT (10.011464487000069 53.523082998000064)","Unfall 187412 (2020) Kat:3, Licht: 0","187412","3","6","2","07","11","4","0","0","0","0","0","0"
"POINT (10.056150636000041 53.591364647000034)","Unfall 187413 (2020) Kat:3, Licht: 0","187413","3","2","6","07","09","3","0","0","0","1","1","0"
"POINT (9.924376898000048 53.603921926000055)","Unfall 187414 (2020) Kat:3, Licht: 0","187414","3","5","1","07","18","3","0","0","1","1","0","0"
"POINT (10.186091763000036 53.489175331000069)","Unfall 187415 (2020) Kat:3, Licht: 0","187415","3","2","2","07","10","3","0","0","0","1","0","0"
"POINT (9.973253881000062 53.601715983000076)","Unfall 187416 (2020) Kat:3, Licht: 0","187416","3","7","5","07","11","3","0","0","1","1","0","0"
"POINT (9.985821532000045 53.615475656000058)","Unfall 187417 (2020) Kat:2, Licht: 0","187417","2","3","6","07","09","3","1","0","1","0","1","0"
"POINT (10.006074374000036 53.551502543000026)","Unfall 187418 (2020) Kat:3, Licht: 0","187418","3","6","1","08","16","5","0","0","0","1","0","0"
"POINT (9.948886050000056 53.559414734000029)","Unfall 187419 (2020) Kat:3, Licht: 0","187419","3","6","3","07","14","3","0","0","0","1","0","0"
"POINT (10.151591706000033 53.609421953000037)","Unfall 187420 (2020) Kat:3, Licht: 0","187420","3","6","3","07","18","3","0","0","0","1","0","0"
"POINT (9.988931168000022 53.558309310000027)","Unfall 187421 (2020) Kat:2, Licht: 0","187421","2","2","5","07","08","3","0","0","1","0","0","0"
"POINT (9.980353780000030 53.564182216000063)","Unfall 187422 (2020) Kat:3, Licht: 0","187422","3","5","1","08","20","5","0","0","1","1","0","0"
"POINT (9.995386735000068 53.543473386000073)","Unfall 187423 (2020) Kat:3, Licht: 0","187423","3","3","5","07","18","3","0","0","1","0","0","0"
"POINT (10.078246621000062 53.589336493000076)","Unfall 187424 (2020) Kat:3, Licht: 0","187424","3","2","5","07","18","3","0","0","0","1","0","0"
"POINT (9.966228040000033 53.516157297000063)","Unfall 187425 (2020) Kat:3, Licht: 0","187425","3","6","3","07","14","3","0","0","0","1","0","0"
"POINT (10.003228978000038 53.580705447000071)","Unfall 187426 (2020) Kat:3, Licht: 1","187426","3","2","3","07","21","3","0","1","1","1","0","0"
"POINT (10.095863505000068 53.516584838000028)","Unfall 187427 (2020) Kat:3, Licht: 0","187427","3","5","5","07","06","2","0","0","0","1","0","0"
"POINT (10.115596850000031 53.571111587000075)","Unfall 187428 (2020) Kat:3, Licht: 0","187428","3","3","5","08","15","5","0","0","1","1","0","0"
"POINT (9.996353519000024 53.464375854000082)","Unfall 187429 (2020) Kat:3, Licht: 0","187429","3","6","2","08","16","3","0","0","0","1","0","0"
"POINT (10.084861424000053 53.554747120000059)","Unfall 187430 (2020) Kat:3, Licht: 0","187430","3","6","2","07","15","2","0","0","0","1","0","0"
"POINT (10.148689953000030 53.606121387000030)","Unfall 187431 (2020) Kat:3, Licht: 0","187431","3","7","4","07","11","2","0","0","1","1","0","0"
"POINT (10.108579427000052 53.537524619000067)","Unfall 187432 (2020) Kat:3, Licht: 0","187432","3","6","2","08","10","4","0","0","0","1","0","1"
"POINT (10.143948663000060 53.570282039000062)","Unfall 187433 (2020) Kat:3, Licht: 0","187433","3","2","2","07","19","2","1","0","0","1","0","0"
"POINT (10.012355705000061 53.580571725000027)","Unfall 187434 (2020) Kat:3, Licht: 0","187434","3","5","1","07","17","3","0","0","1","1","0","0"
"POINT (9.947466642000052 53.558027072000073)","Unfall 187435 (2020) Kat:3, Licht: 0","187435","3","7","0","08","18","3","0","0","0","0","0","0"
"POINT (10.127572199000042 53.587503687000037)","Unfall 187436 (2020) Kat:3, Licht: 0","187436","3","3","5","07","06","2","0","0","0","1","0","0"
"POINT (9.993540125000038 53.558324664000054)","Unfall 187437 (2020) Kat:3, Licht: 0","187437","3","6","4","08","18","3","0","0","1","0","0","0"
"POINT (10.076269161000027 53.572300018000078)","Unfall 187438 (2020) Kat:3, Licht: 0","187438","3","6","4","07","07","2","0","0","1","0","0","0"
"POINT (10.082278233000068 53.577513688000067)","Unfall 187439 (2020) Kat:3, Licht: 0","187439","3","3","5","07","07","2","0","0","1","1","0","0"
"POINT (10.002157508000039 53.661242232000063)","Unfall 187440 (2020) Kat:3, Licht: 0","187440","3","7","0","08","19","5","0","0","0","0","0","1"
"POINT (9.905742655000040 53.616624760000036)","Unfall 187441 (2020) Kat:3, Licht: 0","187441","3","3","5","07","10","2","0","0","1","1","0","0"
"POINT (9.851766880000071 53.587929640000027)","Unfall 187442 (2020) Kat:3, Licht: 0","187442","3","4","6","07","14","2","0","0","0","1","1","0"
"POINT (9.966005988000063 53.580404920000035)","Unfall 187443 (2020) Kat:3, Licht: 0","187443","3","5","1","07","17","2","0","0","1","1","0","0"
"POINT (9.942848295000033 53.593347831000074)","Unfall 187444 (2020) Kat:3, Licht: 0","187444","3","3","5","08","16","4","0","0","1","0","0","0"
"POINT (9.963740021000035 53.603549491000081)","Unfall 187445 (2020) Kat:3, Licht: 0","187445","3","6","3","07","09","2","0","0","0","1","0","1"
"POINT (9.892507327000033 53.603223761000038)","Unfall 187446 (2020) Kat:2, Licht: 0","187446","2","3","6","07","08","3","0","0","0","1","1","0"
"POINT (9.978958888000022 53.570021081000050)","Unfall 187447 (2020) Kat:3, Licht: 0","187447","3","6","3","08","15","3","0","0","1","0","0","0"
"POINT (9.960941167000044 53.556589000000031)","Unfall 187448 (2020) Kat:3, Licht: 0","187448","3","7","3","07","11","2","0","0","1","1","0","0"
"POINT (9.966804708000041 53.549993495000081)","Unfall 187449 (2020) Kat:3, Licht: 0","187449","3","6","2","07","19","2","0","0","1","1","0","0"
"POINT (9.898350225000058 53.549466149000068)","Unfall 187450 (2020) Kat:3, Licht: 0","187450","3","3","5","08","07","5","0","0","1","1","0","0"
"POINT (9.993115897000052 53.543168259000026)","Unfall 187451 (2020) Kat:3, Licht: 0","187451","3","2","4","07","15","2","0","0","1","1","0","0"
"POINT (9.850928070000066 53.578851003000068)","Unfall 187452 (2020) Kat:3, Licht: 0","187452","3","5","1","07","18","3","0","0","0","1","0","0"
"POINT (9.988011191000055 53.541421368000044)","Unfall 187453 (2020) Kat:3, Licht: 0","187453","3","5","1","07","11","2","0","0","0","1","0","0"
"POINT (9.994777142000032 53.545598482000059)","Unfall 187454 (2020) Kat:3, Licht: 0","187454","3","7","0","07","09","2","0","0","0","0","0","0"
"POINT (9.810382663000041 53.560863946000040)","Unfall 187455 (2020) Kat:3, Licht: 0","187455","3","7","1","07","14","3","0","0","0","1","0","0"
"POINT (10.019156590000023 53.566818860000069)","Unfall 187456 (2020) Kat:3, Licht: 0","187456","3","7","0","08","15","5","0","0","1","0","0","0"
"POINT (9.864796362000050 53.476821715000028)","Unfall 187457 (2020) Kat:3, Licht: 0","187457","3","6","2","07","19","1","0","0","0","1","0","0"
"POINT (9.875605664000034 53.473820581000041)","Unfall 187458 (2020) Kat:2, Licht: 0","187458","2","4","6","07","16","1","0","0","0","1","1","0"
"POINT (9.925008748000039 53.554608437000070)","Unfall 187459 (2020) Kat:3, Licht: 0","187459","3","2","4","07","08","3","0","0","1","1","0","0"
"POINT (10.205855340000028 53.494022023000070)","Unfall 187460 (2020) Kat:2, Licht: 0","187460","2","3","5","07","16","1","0","0","0","1","0","1"
"POINT (10.180751010000051 53.497216337000054)","Unfall 187461 (2020) Kat:3, Licht: 0","187461","3","2","2","07","15","1","0","0","0","1","0","0"
"POINT (9.961004596000066 53.562830362000057)","Unfall 187462 (2020) Kat:3, Licht: 0","187462","3","7","6","07","08","3","0","0","1","0","1","0"
"POINT (10.093543036000028 53.626168560000053)","Unfall 187463 (2020) Kat:3, Licht: 0","187463","3","3","5","07","13","1","0","0","0","1","0","0"
"POINT (10.018826803000024 53.649437936000027)","Unfall 187464 (2020) Kat:3, Licht: 1","187464","3","6","2","07","21","1","0","1","0","1","0","0"
"POINT (9.945684123000035 53.579516143000035)","Unfall 187465 (2020) Kat:3, Licht: 2","187465","3","3","5","08","00","5","0","2","1","1","0","0"
"POINT (10.011660488000075 53.582861974000082)","Unfall 187466 (2020) Kat:3, Licht: 0","187466","3","3","0","07","14","1","1","0","0","1","0","1"
"POINT (9.993279097000027 53.516276100000027)","Unfall 187467 (2020) Kat:3, Licht: 0","187467","3","2","4","07","06","2","1","0","1","0","0","0"
"POINT (9.792650333000040 53.586757707000061)","Unfall 187468 (2020) Kat:3, Licht: 0","187468","3","1","0","07","18","1","1","0","1","0","0","0"
"POINT (10.084431991000031 53.554653262000045)","Unfall 187469 (2020) Kat:3, Licht: 0","187469","3","3","5","07","19","2","0","0","0","1","0","0"
"POINT (9.937066221000066 53.552478470000040)","Unfall 187470 (2020) Kat:3, Licht: 0","187470","3","2","3","07","13","1","0","0","0","1","0","0"
"POINT (10.132568432000028 53.562578238000071)","Unfall 187471 (2020) Kat:3, Licht: 0","187471","3","4","6","07","18","2","0","0","1","1","1","0"
"POINT (9.995898974000056 53.558281498000042)","Unfall 187472 (2020) Kat:3, Licht: 2","187472","3","1","0","07","00","1","0","2","0","0","0","0"