WKT,Name,OBJECTID,UKATEGORIE,UTYP1,UART,UMONAT,USTUNDE,UWOCHENTAG,STRZUSTAND,ULICHTVERH,ISTRAD,ISTPKW,ISTFUSS,ISTKRAD
"POINT (9.867339358000038 53.452130046000036)","Unfall 187473 (2020) Kat:3, Licht: 0","187473","3","3","5","07","11","7","0","0","0","1","0","1"
"POINT (9.978266432000055 53.544077246000029)","Unfall 187474 (2020) Kat:3, Licht: 2","187474","3","7","0","08","22","5","0","2","1","0","0","0"
"POINT (10.064076522000050 53.554118286000062)","Unfall 187475 (2020) Kat:3, Licht: 0","187475","3","6","2","07","13","7","0","0","0","1","0","0"
"POINT (10.098541407000027 53.542421737000041)","Unfall 187476 (2020) Kat:3, Licht: 0","187476","3","3","5","07","13","2","0","0","0","1","0","0"
"POINT (10.151699922000034 53.595971062000046)","Unfall 187477 (2020) Kat:3, Licht: 0","187477","3","7","0","07","12","7","0","0","1","0","0","0"
"POINT (10.120554414000026 53.538287153000056)","Unfall 187478 (2020) Kat:3, Licht: 0","187478","3","6","2","07","18","2","0","0","0","1","0","1"
"POINT (10.086328312000035 53.620210928000063)","Unfall 187479 (2020) Kat:3, Licht: 2","187479","3","7","0","07","22","7","0","2","1","0","0","0"
"POINT (10.073763160000055 53.610665896000057)","Unfall 187480 (2020) Kat:3, Licht: 0","187480","3","6","4","08","16","5","0","0","1","0","0","0"
"POINT (10.158634396000025 53.645574511000063)","Unfall 187481 (2020) Kat:2, Licht: 0","187481","2","1","8","07","08","7","0","0","0","1","0","0"
"POINT (10.038737375000039 53.591392376000044)","Unfall 187482 (2020) Kat:3, Licht: 0","187482","3","2","5","07","15","7","0","0","1","1","0","0"
"POINT (10.088510280000037 53.647848694000061)","Unfall 187483 (2020) Kat:3, Licht: 0","187483","3","6","4","08","12","4","0","0","1","1","0","0"
"POINT (9.924816110000052 53.601833274000057)","Unfall 187484 (2020) Kat:3, Licht: 0","187484","3","5","1","07","13","7","0","0","1","1","0","0"
"POINT (10.048381017000054 53.559099691000029)","Unfall 187485 (2020) Kat:3, Licht: 0","187485","3","7","6","08","07","5","0","0","1","0","1","0"
"POINT (9.799919097000043 53.557880597000064)","Unfall 187486 (2020) Kat:3, Licht: 0","187486","3","6","4","07","15","7","0","0","1","1","0","0"
"POINT (9.988275416000022 53.549335156000041)","Unfall 187487 (2020) Kat:3, Licht: 0","187487","3","7","0","08","10","5","0","0","1","0","0","0"
"POINT (9.970132761000059 53.581174149000049)","Unfall 187488 (2020) Kat:3, Licht: 0","187488","3","5","1","07","18","7","0","0","1","1","0","0"
"POINT (10.134565410000050 53.574924292000048)","Unfall 187489 (2020) Kat:3, Licht: 0","187489","3","2","5","07","17","2","0","0","1","1","0","0"
"POINT (10.002441511000029 53.554526099000043)","Unfall 187490 (2020) Kat:3, Licht: 0","187490","3","3","5","08","08","3","0","0","1","1","0","0"
"POINT (9.963037494000048 53.569646559000034)","Unfall 187491 (2020) Kat:3, Licht: 1","187491","3","1","8","07","04","7","0","1","0","1","0","0"
"POINT (10.184435021000070 53.489788890000057)","Unfall 187492 (2020) Kat:2, Licht: 0","187492","2","6","2","08","13","3","0","0","0","1","1","0"
"POINT (10.016247886000031 53.543513564000079)","Unfall 187493 (2020) Kat:3, Licht: 0","187493","3","7","6","07","07","6","0","0","0","0","1","0"
"POINT (10.016159697000035 53.600146128000063)","Unfall 187494 (2020) Kat:3, Licht: 0","187494","3","6","2","08","16","5","0","0","0","1","0","0"
"POINT (10.114964537000048 53.625009150000039)","Unfall 187495 (2020) Kat:3, Licht: 0","187495","3","4","6","08","15","3","0","0","1","0","1","0"
"POINT (10.179043854000042 53.593817914000056)","Unfall 187496 (2020) Kat:3, Licht: 0","187496","3","3","5","07","13","6","0","0","1","0","0","0"
"POINT (10.143751572000042 53.600525893000054)","Unfall 187497 (2020) Kat:3, Licht: 0","187497","3","6","1","07","16","6","0","0","0","1","0","0"
"POINT (10.068551007000053 53.580837745000053)","Unfall 187498 (2020) Kat:3, Licht: 0","187498","3","2","4","07","06","6","0","0","0","1","0","0"
"POINT (10.064575427000023 53.597508088000041)","Unfall 187499 (2020) Kat:3, Licht: 0","187499","3","6","2","07","13","6","0","0","0","1","0","0"
"POINT (10.013036920000047 53.639818140000045)","Unfall 187500 (2020) Kat:3, Licht: 0","187500","3","3","5","07","10","2","0","0","1","0","0","0"
"POINT (9.965397551000024 53.585113778000050)","Unfall 187501 (2020) Kat:3, Licht: 2","187501","3","3","0","08","22","4","0","2","0","1","0","1"
"POINT (10.134541985000055 53.575128613000061)","Unfall 187502 (2020) Kat:3, Licht: 0","187502","3","2","4","08","09","4","0","0","1","1","0","0"
"POINT (10.023839324000051 53.546683519000055)","Unfall 187503 (2020) Kat:3, Licht: 0","187503","3","6","2","08","18","4","0","0","0","1","0","1"
"POINT (9.923390924000046 53.631587887000080)","Unfall 187504 (2020) Kat:3, Licht: 0","187504","3","3","5","08","07","2","0","0","1","1","0","0"
"POINT (10.114616643000033 53.607416454000031)","Unfall 187505 (2020) Kat:3, Licht: 0","187505","3","2","4","08","17","2","0","0","1","0","0","0"
"POINT (10.003360190000024 53.474806184000045)","Unfall 187506 (2020) Kat:3, Licht: 0","187506","3","5","1","08","15","1","0","0","1","1","0","0"
"POINT (10.081386175000034 53.692074593000029)","Unfall 187507 (2020) Kat:3, Licht: 0","187507","3","7","6","08","08","3","0","0","0","1","1","0"
"POINT (9.994140366000067 53.601253747000044)","Unfall 187508 (2020) Kat:3, Licht: 0","187508","3","4","6","08","13","3","0","0","0","1","1","0"
"POINT (10.100810237000076 53.584388499000056)","Unfall 187509 (2020) Kat:3, Licht: 0","187509","3","6","2","08","16","6","0","0","0","1","0","0"
"POINT (9.985914826000055 53.615531630000078)","Unfall 187510 (2020) Kat:2, Licht: 0","187510","2","6","4","08","15","2","0","0","0","1","0","0"
"POINT (10.046724224000059 53.583107265000081)","Unfall 187511 (2020) Kat:3, Licht: 0","187511","3","2","5","08","09","5","0","0","1","0","0","0"
"POINT (9.929468906000068 53.554552399000045)","Unfall 187512 (2020) Kat:3, Licht: 0","187512","3","3","5","08","09","2","0","0","1","1","0","0"
"POINT (10.017630632000021 53.613002886000061)","Unfall 187513 (2020) Kat:3, Licht: 0","187513","3","7","0","08","19","4","0","0","1","0","0","0"
"POINT (9.975749030000031 53.578972941000075)","Unfall 187514 (2020) Kat:3, Licht: 0","187514","3","2","5","08","08","4","0","0","1","1","0","0"
"POINT (9.957434417000059 53.554762411000070)","Unfall 187515 (2020) Kat:3, Licht: 0","187515","3","3","5","08","12","2","0","0","0","1","0","0"
"POINT (10.021243990000073 53.565345976000060)","Unfall 187516 (2020) Kat:3, Licht: 0","187516","3","6","3","08","15","1","0","0","0","1","0","0"
"POINT (9.771072392000065 53.578177101000051)","Unfall 187517 (2020) Kat:3, Licht: 0","187517","3","6","2","08","07","3","0","0","0","1","0","0"
"POINT (9.867821370000058 53.547927554000069)","Unfall 187518 (2020) Kat:3, Licht: 0","187518","3","6","3","08","16","6","0","0","1","1","0","0"
"POINT (10.041275163000023 53.637716939000029)","Unfall 187519 (2020) Kat:3, Licht: 0","187519","3","5","1","08","19","6","0","0","1","1","0","0"
"POINT (9.898516647000065 53.570796125000072)","Unfall 187520 (2020) Kat:3, Licht: 0","187520","3","2","5","08","15","5","0","0","1","1","0","0"
"POINT (9.993804459000046 53.464862050000079)","Unfall 187521 (2020) Kat:3, Licht: 2","187521","3","1","0","08","03","1","0","2","1","0","0","0"
"POINT (10.057151597000029 53.580185858000050)","Unfall 187522 (2020) Kat:3, Licht: 0","187522","3","2","5","08","09","2","0","0","0","1","0","0"
"POINT (9.951880802000062 53.576699150000081)","Unfall 187523 (2020) Kat:3, Licht: 0","187523","3","3","5","08","17","4","0","0","0","1","0","0"
"POINT (10.003647740000076 53.554264100000069)","Unfall 187524 (2020) Kat:2, Licht: 0","187524","2","3","6","08","19","4","0","0","1","0","1","0"
"POINT (10.115370100000064 53.547977825000032)","Unfall 187525 (2020) Kat:3, Licht: 0","187525","3","7","0","08","16","1","0","0","0","0","0","1"
"POINT (9.828348728000037 53.473171236000042)","Unfall 187526 (2020) Kat:3, Licht: 2","187526","3","1","8","08","00","7","0","2","0","1","0","0"
"POINT (9.971062545000052 53.558279388000074)","Unfall 187527 (2020) Kat:3, Licht: 2","187527","3","3","5","08","00","3","1","2","1","1","0","0"
"POINT (10.003800040000044 53.441557887000045)","Unfall 187528 (2020) Kat:3, Licht: 0","187528","3","4","6","08","20","5","0","0","0","1","1","0"
"POINT (10.023307244000023 53.558648511000058)","Unfall 187529 (2020) Kat:3, Licht: 0","187529","3","3","5","08","08","5","0","0","1","1","0","0"
"POINT (9.994995664000044 53.552050100000031)","Unfall 187530 (2020) Kat:3, Licht: 0","187530","3","7","5","08","09","5","0","0","0","1","0","1"
"POINT (10.125081292000061 53.598635353000077)","Unfall 187531 (2020) Kat:3, Licht: 1","187531","3","6","3","08","20","1","0","1","1","1","0","0"
"POINT (10.108985525000037 53.592785898000045)","Unfall 187532 (2020) Kat:3, Licht: 0","187532","3","3","5","08","08","2","0","0","1","1","0","0"
"POINT (9.811392371000068 53.577348136000069)","Unfall 187533 (2020) Kat:3, Licht: 0","187533","3","5","1","08","18","2","0","0","0","1","0","0"
"POINT (10.186132013000076 53.488846730000034)","Unfall 187534 (2020) Kat:3, Licht: 0","187534","3","3","5","08","19","3","0","0","1","1","0","0"
"POINT (10.084446901000035 53.550704122000070)","Unfall 187535 (2020) Kat:2, Licht: 0","187535","2","2","0","08","06","3","0","0","1","1","0","0"
"POINT (10.057230942000047 53.580040192000070)","Unfall 187536 (2020) Kat:3, Licht: 2","187536","3","2","5","08","21","1","0","2","0","1","0","0"
"POINT (9.961575867000022 53.546418070000072)","Unfall 187537 (2020) Kat:3, Licht: 0","187537","3","6","6","08","16","5","0","0","0","0","1","0"
"POINT (10.009843698000054 53.599741920000042)","Unfall 187538 (2020) Kat:3, Licht: 2","187538","3","6","2","08","02","1","0","2","1","1","0","0"
"POINT (10.059295658000053 53.570226113000047)","Unfall 187539 (2020) Kat:2, Licht: 0","187539","2","7","3","08","15","2","0","0","0","1","0","1"
"POINT (9.988827285000070 53.558174993000080)","Unfall 187540 (2020) Kat:3, Licht: 2","187540","3","2","5","08","22","4","0","2","1","1","0","0"
"POINT (9.987249976000044 53.515704973000027)","Unfall 187541 (2020) Kat:3, Licht: 0","187541","3","7","0","08","13","3","0","0","0","0","0","1"
"POINT (10.002097237000044 53.591175544000066)","Unfall 187542 (2020) Kat:3, Licht: 0","187542","3","6","4","08","09","1","0","0","0","0","0","1"
"POINT (10.018305804000022 53.568352151000056)","Unfall 187543 (2020) Kat:3, Licht: 0","187543","3","7","0","08","13","7","0","0","0","0","0","0"
"POINT (10.097417418000077 53.534101664000048)","Unfall 187544 (2020) Kat:3, Licht: 0","187544","3","3","5","08","17","2","0","0","0","1","0","0"
"POINT (10.047771069000021 53.562006372000042)","Unfall 187545 (2020) Kat:2, Licht: 1","187545","2","1","8","08","05","5","0","1","0","0","0","1"
"POINT (9.973135170000035 53.545466420000082)","Unfall 187546 (2020) Kat:3, Licht: 0","187546","3","3","5","08","06","5","0","0","1","1","0","0"
"POINT (10.225850940000043 53.448615805000031)","Unfall 187547 (2020) Kat:3, Licht: 0","187547","3","6","2","08","12","4","0","0","1","1","0","0"
"POINT (9.955803097000057 53.570296344000042)","Unfall 187548 (2020) Kat:3, Licht: 1","187548","3","3","5","08","21","1","0","1","1","1","0","0"
"POINT (10.051294246000054 53.602959207000026)","Unfall 187549 (2020) Kat:3, Licht: 0","187549","3","3","5","08","16","2","0","0","0","1","0","1"
"POINT (9.954301371000042 53.620630317000064)","Unfall 187550 (2020) Kat:3, Licht: 0","187550","3","7","0","08","15","2","0","0","1","0","0","0"
"POINT (10.140888632000042 53.597585694000031)","Unfall 187551 (2020) Kat:3, Licht: 0","187551","3","2","4","08","17","3","0","0","1","1","0","0"
"POINT (10.115582966000034 53.607418932000030)","Unfall 187552 (2020) Kat:3, Licht: 0","187552","3","2","5","08","16","3","0","0","1","1","0","0"
"POINT (10.078659689000062 53.550442021000038)","Unfall 187553 (2020) Kat:3, Licht: 0","187553","3","6","3","08","13","6","0","0","1","0","0","0"
"POINT (9.955166964000057 53.552711058000057)","Unfall 187554 (2020) Kat:3, Licht: 2","187554","3","7","3","08","01","1","0","2","0","1","0","0"
"POINT (10.014637460000074 53.593355583000061)","Unfall 187555 (2020) Kat:3, Licht: 0","187555","3","7","0","08","08","5","0","0","1","0","0","0"
"POINT (10.188224857000023 53.504904508000038)","Unfall 187556 (2020) Kat:3, Licht: 0","187556","3","6","2","08","14","6","0","0","0","1","0","0"
"POINT (10.073862606000034 53.591243286000065)","Unfall 187557 (2020) Kat:3, Licht: 0","187557","3","7","6","08","07","5","0","0","0","1","1","0"
"POINT (10.119318892000024 53.606499712000073)","Unfall 187558 (2020) Kat:3, Licht: 0","187558","3","6","1","08","17","4","0","0","0","1","0","0"
"POINT (10.072344896000061 53.608719665000081)","Unfall 187559 (2020) Kat:2, Licht: 0","187559","2","2","5","08","06","4","0","0","1","1","0","0"
"POINT (9.968475089000037 53.545801072000074)","Unfall 187560 (2020) Kat:3, Licht: 0","187560","3","6","6","08","17","1","0","0","0","0","1","0"
"POINT (10.066343995000068 53.598780505000036)","Unfall 187561 (2020) Kat:3, Licht: 0","187561","3","2","3","08","14","2","0","0","1","1","0","0"
"POINT (10.100359287000060 53.445392618000028)","Unfall 187562 (2020) Kat:3, Licht: 0","187562","3","5","1","08","11","1","0","0","1","1","0","0"
"POINT (10.057407995000062 53.673280552000051)","Unfall 187563 (2020) Kat:3, Licht: 0","187563","3","3","5","08","15","3","0","0","0","1","0","0"
"POINT (9.924979493000024 53.591799370000047)","Unfall 187564 (2020) Kat:3, Licht: 0","187564","3","6","2","08","08","3","0","0","0","1","0","0"
"POINT (10.068518391000055 53.580830322000054)","Unfall 187565 (2020) Kat:3, Licht: 0","187565","3","2","4","08","12","6","0","0","0","1","0","0"
"POINT (9.863477193000051 53.533459806000053)","Unfall 187566 (2020) Kat:3, Licht: 0","187566","3","6","0","08","18","7","0","0","0","1","1","0"
"POINT (9.819763284000032 53.570080176000033)","Unfall 187567 (2020) Kat:3, Licht: 2","187567","3","1","1","08","03","5","0","2","0","1","0","0"
"POINT (9.995923935000064 53.464591043000041)","Unfall 187568 (2020) Kat:3, Licht: 0","187568","3","3","5","08","11","7","0","0","0","1","0","0"
"POINT (9.893198394000024 53.614913226000056)","Unfall 187569 (2020) Kat:2, Licht: 0","187569","2","2","5","08","08","4","0","0","0","1","0","1"
"POINT (9.952711843000031 53.546443504000081)","Unfall 187570 (2020) Kat:3, Licht: 0","187570","3","1","7","08","18","4","0","0","1","0","0","0"
"POINT (10.020002002000069 53.484415126000044)","Unfall 187571 (2020) Kat:3, Licht: 1","187571","3","3","5","08","20","7","0","1","1","1","0","0"
"POINT (10.061066926000024 53.465287372000034)","Unfall 187572 (2020) Kat:2, Licht: 0","187572","2","5","1","08","21","7","0","0","1","1","0","0"
"POINT (10.191088011000033 53.644063474000063)","Unfall 187573 (2020) Kat:3, Licht: 0","187573","3","7","7","08","14","4","0","0","1","0","0","0"
"POINT (10.055589320000024 53.591263817000026)","Unfall 187574 (2020) Kat:3, Licht: 2","187574","3","6","2","08","22","4","0","2","0","1","0","0"
"POINT (10.238355375000026 53.398881661000075)","Unfall 187575 (2020) Kat:3, Licht: 0","187575","3","5","1","08","16","7","0","0","1","1","0","0"
"POINT (10.067712684000071 53.571504066000045)","Unfall 187576 (2020) Kat:3, Licht: 2","187576","3","7","0","08","02","1","0","2","0","0","0","0"
"POINT (10.034252241000047 53.579931325000075)","Unfall 187577 (2020) Kat:3, Licht: 0","187577","3","6","4","08","07","3","0","0","1","0","0","0"
"POINT (9.974921166000058 53.579384212000036)","Unfall 187578 (2020) Kat:3, Licht: 0","187578","3","6","2","08","15","3","0","0","0","1","0","0"
"POINT (10.010200388000044 53.584430640000051)","Unfall 187579 (2020) Kat:3, Licht: 0","187579","3","4","6","08","11","6","0","0","0","0","1","0"
"POINT (9.941323663000048 53.575398440000072)","Unfall 187580 (2020) Kat:2, Licht: 0","187580","2","5","1","08","09","5","0","0","0","1","0","1"
"POINT (10.059638604000043 53.610789311000076)","Unfall 187581 (2020) Kat:3, Licht: 1","187581","3","3","5","08","19","7","0","1","0","1","0","0"
"POINT (10.013292072000070 53.599953629000026)","Unfall 187582 (2020) Kat:3, Licht: 2","187582","3","2","5","08","22","2","0","2","1","1","0","0"
"POINT (9.986980749000054 53.562896645000080)","Unfall 187583 (2020) Kat:3, Licht: 0","187583","3","6","2","08","16","4","0","0","0","1","0","0"
"POINT (10.012749938000070 53.552427052000041)","Unfall 187584 (2020) Kat:3, Licht: 0","187584","3","3","5","08","12","4","0","0","1","0","0","0"
"POINT (10.185176372000058 53.655338054000026)","Unfall 187585 (2020) Kat:3, Licht: 0","187585","3","3","5","08","12","7","0","0","0","1","0","0"
"POINT (10.116810526000052 53.489600982000070)","Unfall 187586 (2020) Kat:3, Licht: 0","187586","3","1","8","08","15","7","0","0","0","1","0","0"
"POINT (9.891048591000072 53.475751671000069)","Unfall 187587 (2020) Kat:3, Licht: 0","187587","3","5","1","08","10","2","0","0","0","1","0","0"
"POINT (9.989991174000068 53.489534990000038)","Unfall 187588 (2020) Kat:3, Licht: 0","187588","3","4","6","08","13","5","0","0","0","1","1","0"
"POINT (9.936335365000048 53.550755150000043)","Unfall 187589 (2020) Kat:3, Licht: 0","187589","3","6","4","08","16","1","0","0","1","0","0","0"
"POINT (9.943847658000038 53.593447175000051)","Unfall 187590 (2020) Kat:3, Licht: 0","187590","3","7","6","08","15","3","0","0","1","0","1","0"
"POINT (9.962231989000031 53.549548380000033)","Unfall 187591 (2020) Kat:2, Licht: 0","187591","2","4","6","08","15","6","0","0","1","0","1","0"
"POINT (10.033417998000061 53.620862810000062)","Unfall 187592 (2020) Kat:3, Licht: 0","187592","3","6","2","08","13","5","0","0","0","1","0","0"
"POINT (9.978373352000062 53.556584528000030)","Unfall 187593 (2020) Kat:3, Licht: 0","187593","3","6","3","08","10","5","0","0","0","1","0","1"
"POINT (10.006305043000054 53.633244746000059)","Unfall 187594 (2020) Kat:3, Licht: 0","187594","3","7","1","08","14","7","0","0","0","1","0","0"
"POINT (10.038943556000049 53.590742246000048)","Unfall 187595 (2020) Kat:3, Licht: 1","187595","3","6","3","08","21","2","0","1","0","1","0","0"
"POINT (9.984517946000040 53.557822580000050)","Unfall 187596 (2020) Kat:3, Licht: 0","187596","3","7","0","08","16","4","0","0","0","0","0","1"
"POINT (10.120273610000027 53.440535337000028)","Unfall 187597 (2020) Kat:3, Licht: 0","187597","3","3","5","08","17","3","0","0","1","1","0","0"
"POINT (10.032352737000053 53.607334304000062)","Unfall 187598 (2020) Kat:3, Licht: 0","187598","3","4","6","08","13","7","0","0","0","1","1","0"
"POINT (10.001123175000032 53.555839742000046)","Unfall 187599 (2020) Kat:3, Licht: 0","187599","3","3","5","08","10","7","0","0","1","1","0","0"
"POINT (10.117389113000058 53.584482680000065)","Unfall 187600 (2020) Kat:2, Licht: 0","187600","2","6","2","08","15","5","0","0","0","1","0","0"
"POINT (10.199986557000045 53.402895369000078)","Unfall 187601 (2020) Kat:2, Licht: 0","187601","2","7","0","08","20","4","0","0","1","0","0","0"
"POINT (10.135804836000034 53.540459167000051)","Unfall 187602 (2020) Kat:3, Licht: 0","187602","3","2","3","08","09","4","0","0","0","1","0","0"
"POINT (9.907513325000025 53.617807596000034)","Unfall 187603 (2020) Kat:2, Licht: 0","187603","2","6","3","08","20","7","0","0","0","1","0","0"
"POINT (10.108056558000044 53.655675407000047)","Unfall 187604 (2020) Kat:2, Licht: 0","187604","2","3","5","08","17","2","0","0","1","1","0","0"
"POINT (9.973328392000042 53.455746140000031)","Unfall 187605 (2020) Kat:3, Licht: 2","187605","3","7","0","08","03","1","0","2","0","0","0","0"
"POINT (9.951811787000054 53.565986367000050)","Unfall 187606 (2020) Kat:3, Licht: 0","187606","3","3","5","08","08","5","0","0","1","1","0","0"
"POINT (9.979185850000022 53.511097610000036)","Unfall 187607 (2020) Kat:3, Licht: 0","187607","3","5","1","08","06","4","0","0","0","1","0","0"
"POINT (9.867311222000069 53.603735188000030)","Unfall 187608 (2020) Kat:3, Licht: 0","187608","3","5","1","08","13","7","0","0","1","1","0","0"
"POINT (10.036534718000041 53.574524451000059)","Unfall 187609 (2020) Kat:3, Licht: 0","187609","3","2","0","08","07","2","0","0","0","1","0","1"
"POINT (9.885749834000023 53.559612529000049)","Unfall 187610 (2020) Kat:3, Licht: 0","187610","3","3","5","08","14","2","0","0","1","0","0","0"
"POINT (10.032646195000041 53.555590544000040)","Unfall 187611 (2020) Kat:3, Licht: 0","187611","3","6","4","08","17","3","1","0","0","1","0","0"
"POINT (10.057651237000073 53.554038823000042)","Unfall 187612 (2020) Kat:3, Licht: 0","187612","3","2","5","08","12","3","0","0","0","1","0","0"
"POINT (10.190266899000051 53.503862540000057)","Unfall 187613 (2020) Kat:3, Licht: 0","187613","3","7","0","08","09","6","0","0","0","0","0","0"
"POINT (9.979636889000062 53.568966262000060)","Unfall 187614 (2020) Kat:3, Licht: 0","187614","3","5","1","08","09","3","0","0","1","1","0","0"
"POINT (10.114167062000035 53.634754913000052)","Unfall 187615 (2020) Kat:3, Licht: 0","187615","3","7","0","08","07","5","0","0","1","0","0","0"
"POINT (10.040181910000058 53.604426635000038)","Unfall 187616 (2020) Kat:3, Licht: 0","187616","3","7","5","08","10","4","0","0","0","1","0","0"
"POINT (10.071816488000024 53.597431161000031)","Unfall 187617 (2020) Kat:3, Licht: 0","187617","3","3","5","08","10","4","0","0","0","1","0","0"
"POINT (9.893018102000042 53.546573147000061)","Unfall 187618 (2020) Kat:3, Licht: 0","187618","3","2","6","08","18","7","0","0","0","1","1","0"
"POINT (10.033312032000026 53.573479621000047)","Unfall 187619 (2020) Kat:3, Licht: 0","187619","3","3","5","08","09","2","0","0","1","1","0","0"
"POINT (10.112170407000065 53.530058187000066)","Unfall 187620 (2020) Kat:2, Licht: 1","187620","2","4","6","08","20","1","0","1","0","0","1","1"
"POINT (10.117915124000035 53.648601022000037)","Unfall 187621 (2020) Kat:3, Licht: 0","187621","3","2","0","08","16","3","0","0","1","1","0","0"
"POINT (9.982138781000060 53.584524754000029)","Unfall 187622 (2020) Kat:3, Licht: 0","187622","3","5","1","08","16","3","0","0","1","1","0","0"
"POINT (9.960936638000021 53.552670032000037)","Unfall 187623 (2020) Kat:2, Licht: 0","187623","2","4","6","08","12","3","0","0","0","1","1","0"
"POINT (10.061244813000030 53.608622985000068)","Unfall 187624 (2020) Kat:3, Licht: 0","187624","3","6","2","08","14","6","0","0","0","1","0","0"
"POINT (10.072411180000074 53.608722911000029)","Unfall 187625 (2020) Kat:3, Licht: 0","187625","3","2","4","08","11","3","0","0","1","0","0","0"
"POINT (10.084955093000076 53.624979670000073)","Unfall 187626 (2020) Kat:3, Licht: 1","187626","3","7","5","08","20","3","0","1","1","1","0","0"
"POINT (10.005334080000068 53.550136726000062)","Unfall 187627 (2020) Kat:3, Licht: 0","187627","3","6","3","08","17","3","0","0","0","1","0","0"
"POINT (10.035359547000041 53.537378647000082)","Unfall 187628 (2020) Kat:3, Licht: 0","187628","3","2","3","08","20","6","0","0","1","0","0","0"
"POINT (9.976957195000068 53.564379271000064)","Unfall 187629 (2020) Kat:3, Licht: 2","187629","3","6","2","08","22","7","0","2","0","1","0","1"
"POINT (10.024840160000053 53.563000394000028)","Unfall 187630 (2020) Kat:3, Licht: 0","187630","3","4","6","08","15","5","0","0","1","0","1","0"
"POINT (9.969586230000061 53.549837730000036)","Unfall 187631 (2020) Kat:3, Licht: 0","187631","3","2","5","08","13","7","0","0","1","1","0","0"
"POINT (10.011469469000076 53.649182749000033)","Unfall 187632 (2020) Kat:3, Licht: 0","187632","3","3","5","08","08","4","0","0","1","1","0","0"
"POINT (9.952136877000044 53.598642986000073)","Unfall 187633 (2020) Kat:3, Licht: 2","187633","3","6","2","08","21","4","0","2","0","1","0","0"
"POINT (10.000968482000076 53.555410460000076)","Unfall 187634 (2020) Kat:3, Licht: 0","187634","3","2","5","08","13","7","0","0","1","1","0","0"
"POINT (10.028245033000076 53.619519921000062)","Unfall 187635 (2020) Kat:2, Licht: 0","187635","2","4","6","08","16","1","0","0","0","1","1","0"
"POINT (9.921208670000056 53.597345773000029)","Unfall 187636 (2020) Kat:2, Licht: 0","187636","2","3","5","08","16","3","1","0","1","1","0","0"
"POINT (9.988841519000062 53.558309753000060)","Unfall 187637 (2020) Kat:3, Licht: 0","187637","3","2","4","08","11","3","0","0","1","1","0","0"
"POINT (10.023666739000021 53.563475641000082)","Unfall 187638 (2020) Kat:3, Licht: 0","187638","3","3","5","08","10","6","0","0","1","0","0","0"
"POINT (9.961525495000046 53.591983679000066)","Unfall 187639 (2020) Kat:3, Licht: 0","187639","3","5","1","08","19","5","0","0","1","1","0","0"
"POINT (9.863372187000039 53.476823286000069)","Unfall 187640 (2020) Kat:3, Licht: 0","187640","3","2","6","08","08","6","0","0","0","1","1","0"
"POINT (10.027126616000032 53.575199507000036)","Unfall 187641 (2020) Kat:3, Licht: 0","187641","3","1","0","08","17","2","1","0","0","0","0","1"
"POINT (9.968119730000069 53.566717243000028)","Unfall 187642 (2020) Kat:3, Licht: 0","187642","3","2","5","08","10","4","0","0","1","0","0","0"
"POINT (9.816427663000070 53.579342425000050)","Unfall 187643 (2020) Kat:2, Licht: 0","187643","2","7","0","08","09","5","0","0","1","0","0","0"
"POINT (9.993685123000034 53.518328398000051)","Unfall 187644 (2020) Kat:3, Licht: 0","187644","3","6","2","08","15","6","0","0","0","1","0","0"
"POINT (10.062512408000032 53.548261009000043)","Unfall 187645 (2020) Kat:3, Licht: 0","187645","3","2","3","08","16","2","1","0","1","0","0","0"
"POINT (9.907289199000047 53.589141485000027)","Unfall 187646 (2020) Kat:3, Licht: 0","187646","3","6","0","08","11","4","0","0","0","1","0","0"
"POINT (9.956531643000062 53.551710234000041)","Unfall 187647 (2020) Kat:3, Licht: 0","187647","3","6","3","08","17","4","0","0","1","1","0","0"
"POINT (10.149728925000034 53.525270591000037)","Unfall 187648 (2020) Kat:3, Licht: 1","187648","3","4","0","08","21","6","0","1","0","0","1","1"
"POINT (9.964636047000056 53.573106676000066)","Unfall 187649 (2020) Kat:3, Licht: 0","187649","3","1","0","08","18","1","0","0","0","0","0","1"
"POINT (9.937060853000048 53.546197051000036)","Unfall 187650 (2020) Kat:3, Licht: 0","187650","3","3","5","08","17","3","0","0","1","1","0","0"
"POINT (9.926183599000069 53.519446849000076)","Unfall 187651 (2020) Kat:3, Licht: 0","187651","3","2","3","08","16","3","0","0","0","1","0","0"
"POINT (9.927434231000063 53.518433676000029)","Unfall 187652 (2020) Kat:3, Licht: 2","187652","3","3","5","08","22","6","0","2","0","1","0","0"
"POINT (10.020108280000045 53.565102834000072)","Unfall 187653 (2020) Kat:3, Licht: 0","187653","3","3","5","08","07","5","0","0","1","1","0","0"
"POINT (10.002330506000021 53.545362817000068)","Unfall 187654 (2020) Kat:3, Licht: 0","187654","3","7","0","08","15","5","0","0","0","0","0","1"
"POINT (10.093951162000053 53.547009728000035)","Unfall 187655 (2020) Kat:3, Licht: 0","187655","3","3","5","08","15","6","0","0","0","1","0","0"
"POINT (9.890233966000039 53.612841415000048)","Unfall 187656 (2020) Kat:3, Licht: 0","187656","3","4","6","08","07","2","0","0","1","0","1","0"
"POINT (9.760557859000073 53.580923830000074)","Unfall 187657 (2020) Kat:3, Licht: 0","187657","3","3","5","08","08","2","0","0","1","1","0","0"