WKT,Name,OBJECTID,UKATEGORIE,UTYP1,UART,UMONAT,USTUNDE,UWOCHENTAG,STRZUSTAND,ULICHTVERH,ISTRAD,ISTPKW,ISTFUSS,ISTKRAD
"POINT (9.965025761000049 53.439234552000073)","Unfall 187658 (2020) Kat:3, Licht: 0","187658","3","3","4","08","07","3","0","0","0","1","0","1"
"POINT (10.119917187000055 53.562620539000079)","Unfall 187659 (2020) Kat:3, Licht: 0","187659","3","6","2","08","12","3","0","0","0","1","0","0"
"POINT (10.032299473000023 53.557288648000053)","Unfall 187660 (2020) Kat:3, Licht: 0","187660","3","3","6","08","08","6","0","0","1","0","1","0"
"POINT (9.947937810000042 53.465950584000041)","Unfall 187661 (2020) Kat:3, Licht: 0","187661","3","3","5","08","09","6","0","0","0","1","0","0"
"POINT (9.979163241000038 53.460848518000034)","Unfall 187662 (2020) Kat:2, Licht: 0","187662","2","7","4","08","06","3","0","0","0","1","0","1"
"POINT (10.012574483000037 53.548172911000051)","Unfall 187663 (2020) Kat:3, Licht: 0","187663","3","6","2","08","08","6","0","0","0","1","0","0"
"POINT (10.016199059000030 53.649411828000041)","Unfall 187664 (2020) Kat:3, Licht: 0","187664","3","3","0","08","20","7","0","0","1","1","0","0"
"POINT (10.002328336000062 53.441365261000044)","Unfall 187665 (2020) Kat:3, Licht: 0","187665","3","6","3","08","09","2","0","0","0","1","0","1"
"POINT (10.112565071000063 53.531529520000049)","Unfall 187666 (2020) Kat:3, Licht: 0","187666","3","7","0","08","13","5","0","0","1","0","0","0"
"POINT (9.976345308000077 53.562358020000033)","Unfall 187667 (2020) Kat:3, Licht: 0","187667","3","3","5","08","12","5","0","0","0","1","1","0"
"POINT (10.187895480000066 53.501511955000069)","Unfall 187668 (2020) Kat:3, Licht: 0","187668","3","6","2","08","15","4","0","0","0","1","0","0"
"POINT (10.181882917000053 53.602858224000045)","Unfall 187669 (2020) Kat:3, Licht: 0","187669","3","2","5","08","14","6","0","0","0","1","0","0"
"POINT (9.795409032000066 53.567085135000070)","Unfall 187670 (2020) Kat:3, Licht: 0","187670","3","3","5","08","16","2","0","0","1","1","0","0"
"POINT (9.917687831000023 53.636467116000063)","Unfall 187671 (2020) Kat:3, Licht: 0","187671","3","6","1","08","13","2","0","0","0","1","0","0"
"POINT (10.114623429000062 53.614483932000041)","Unfall 187672 (2020) Kat:3, Licht: 0","187672","3","6","2","08","12","3","0","0","0","1","0","0"
"POINT (10.137308669000049 53.600087149000046)","Unfall 187673 (2020) Kat:2, Licht: 0","187673","2","6","2","08","17","3","0","0","0","1","0","0"
"POINT (9.982555758000046 53.452211307000027)","Unfall 187674 (2020) Kat:3, Licht: 0","187674","3","2","1","08","16","2","0","0","0","0","0","1"
"POINT (10.107360625000069 53.541924595000069)","Unfall 187675 (2020) Kat:3, Licht: 0","187675","3","4","6","08","17","6","0","0","0","1","1","0"
"POINT (9.994514040000070 53.495493987000032)","Unfall 187676 (2020) Kat:3, Licht: 0","187676","3","4","6","08","18","2","0","0","0","1","1","0"
"POINT (10.000525114000027 53.678947868000080)","Unfall 187677 (2020) Kat:3, Licht: 0","187677","3","1","0","08","16","5","0","0","0","0","0","1"
"POINT (10.114671811000051 53.684186923000027)","Unfall 187678 (2020) Kat:3, Licht: 0","187678","3","7","8","08","10","4","0","0","1","0","0","0"
"POINT (10.021129494000036 53.648969336000050)","Unfall 187679 (2020) Kat:3, Licht: 0","187679","3","2","5","08","09","4","0","0","1","1","0","0"
"POINT (10.124424918000045 53.618031342000052)","Unfall 187680 (2020) Kat:3, Licht: 0","187680","3","7","0","08","14","5","0","0","1","0","0","0"
"POINT (10.124492567000061 53.570966969000040)","Unfall 187681 (2020) Kat:3, Licht: 0","187681","3","2","2","08","17","4","0","0","0","1","0","0"
"POINT (10.182002967000074 53.601594838000040)","Unfall 187682 (2020) Kat:3, Licht: 0","187682","3","6","0","08","18","4","0","0","1","1","0","0"
"POINT (10.162893416000031 53.624161059000073)","Unfall 187683 (2020) Kat:3, Licht: 0","187683","3","3","5","08","15","6","0","0","0","1","0","0"
"POINT (9.816764899000077 53.581015587000081)","Unfall 187684 (2020) Kat:3, Licht: 2","187684","3","3","5","08","22","2","0","2","1","0","0","0"
"POINT (10.150089371000035 53.436561993000055)","Unfall 187685 (2020) Kat:3, Licht: 0","187685","3","7","9","08","14","1","0","0","1","0","0","0"
"POINT (10.174801301000059 53.653944452000076)","Unfall 187686 (2020) Kat:3, Licht: 0","187686","3","6","4","08","13","3","0","0","1","0","1","0"
"POINT (10.056635643000050 53.569078899000033)","Unfall 187687 (2020) Kat:2, Licht: 0","187687","2","6","0","08","17","3","0","0","0","1","0","1"
"POINT (10.170387458000050 53.605215673000032)","Unfall 187688 (2020) Kat:3, Licht: 0","187688","3","3","5","08","14","6","0","0","1","0","0","0"
"POINT (10.159160362000023 53.617409913000074)","Unfall 187689 (2020) Kat:3, Licht: 0","187689","3","6","2","08","07","6","0","0","0","1","0","0"
"POINT (9.840017418000059 53.558406077000029)","Unfall 187690 (2020) Kat:3, Licht: 0","187690","3","3","5","08","18","5","0","0","1","1","0","0"
"POINT (10.085864004000030 53.617973535000033)","Unfall 187691 (2020) Kat:3, Licht: 0","187691","3","2","5","08","16","6","0","0","1","1","0","0"
"POINT (10.003757463000056 53.597775929000079)","Unfall 187692 (2020) Kat:2, Licht: 0","187692","2","5","1","08","08","4","0","0","0","1","0","0"
"POINT (9.963974766000035 53.599793077000072)","Unfall 187693 (2020) Kat:3, Licht: 2","187693","3","1","0","08","01","4","0","2","0","1","0","0"
"POINT (10.012577764000071 53.626335792000077)","Unfall 187694 (2020) Kat:3, Licht: 0","187694","3","7","0","08","11","6","0","0","1","0","0","0"
"POINT (9.976108835000048 53.579070299000080)","Unfall 187695 (2020) Kat:3, Licht: 2","187695","3","1","8","08","01","1","0","2","1","0","0","0"
"POINT (9.918618031000051 53.577450819000035)","Unfall 187696 (2020) Kat:3, Licht: 0","187696","3","3","5","08","16","3","1","0","1","1","0","0"
"POINT (10.152006636000067 53.542919855000036)","Unfall 187697 (2020) Kat:3, Licht: 0","187697","3","6","2","08","18","2","0","0","0","1","0","0"
"POINT (10.001047770000071 53.587504544000069)","Unfall 187698 (2020) Kat:3, Licht: 0","187698","3","7","0","08","19","6","0","0","0","0","0","0"
"POINT (10.167327545000035 53.605948003000037)","Unfall 187699 (2020) Kat:3, Licht: 0","187699","3","7","0","08","11","1","0","0","0","0","0","1"
"POINT (10.020195856000043 53.633622659000082)","Unfall 187700 (2020) Kat:3, Licht: 0","187700","3","5","1","08","14","3","0","0","1","1","0","0"
"POINT (9.972091402000046 53.598547804000077)","Unfall 187701 (2020) Kat:3, Licht: 0","187701","3","2","5","08","16","3","0","0","1","1","0","0"
"POINT (10.000747576000037 53.678155961000073)","Unfall 187702 (2020) Kat:3, Licht: 0","187702","3","6","4","08","15","6","0","0","0","0","0","1"
"POINT (9.881366311000022 53.554713731000049)","Unfall 187703 (2020) Kat:3, Licht: 0","187703","3","7","6","08","08","5","0","0","1","0","1","0"
"POINT (10.050095888000044 53.585685931000057)","Unfall 187704 (2020) Kat:3, Licht: 0","187704","3","2","5","08","14","6","0","0","1","1","0","0"
"POINT (10.078264829000034 53.617491270000073)","Unfall 187705 (2020) Kat:3, Licht: 0","187705","3","5","1","08","06","2","0","0","0","1","0","0"
"POINT (9.925513269000021 53.554809088000070)","Unfall 187706 (2020) Kat:3, Licht: 2","187706","3","5","1","08","21","4","0","2","0","1","0","0"
"POINT (9.984249592000026 53.555060421000064)","Unfall 187707 (2020) Kat:3, Licht: 0","187707","3","3","5","08","18","4","0","0","1","1","0","0"
"POINT (10.026789440000073 53.570138683000039)","Unfall 187708 (2020) Kat:3, Licht: 0","187708","3","3","5","08","09","6","0","0","1","1","0","0"
"POINT (9.878748582000071 53.532746087000078)","Unfall 187709 (2020) Kat:3, Licht: 0","187709","3","1","8","08","14","7","0","0","0","0","0","0"
"POINT (9.989305264000052 53.558298314000069)","Unfall 187710 (2020) Kat:3, Licht: 2","187710","3","2","5","08","22","3","0","2","0","1","0","0"
"POINT (9.975217134000047 53.454001486000038)","Unfall 187711 (2020) Kat:2, Licht: 0","187711","2","2","5","08","15","5","0","0","0","1","0","1"
"POINT (9.811385347000055 53.561045873000069)","Unfall 187712 (2020) Kat:3, Licht: 0","187712","3","4","6","08","14","5","0","0","1","0","1","0"
"POINT (9.799645731000055 53.520682799000042)","Unfall 187713 (2020) Kat:3, Licht: 0","187713","3","6","2","08","13","4","0","0","0","1","0","1"
"POINT (10.031754650000039 53.566345941000066)","Unfall 187714 (2020) Kat:3, Licht: 0","187714","3","3","5","08","17","6","0","0","1","1","0","0"
"POINT (9.962040700000046 53.629038658000070)","Unfall 187715 (2020) Kat:3, Licht: 0","187715","3","6","2","08","08","6","0","0","0","1","0","0"
"POINT (9.996407581000028 53.653599942000028)","Unfall 187716 (2020) Kat:3, Licht: 0","187716","3","2","4","08","08","5","0","0","0","1","0","0"
"POINT (9.995261426000070 53.539132693000056)","Unfall 187717 (2020) Kat:2, Licht: 0","187717","2","7","0","08","14","5","0","0","0","0","0","1"
"POINT (9.866181371000039 53.578496244000064)","Unfall 187718 (2020) Kat:3, Licht: 0","187718","3","3","5","08","15","6","0","0","1","1","0","0"
"POINT (10.054067958000076 53.584025447000045)","Unfall 187719 (2020) Kat:3, Licht: 0","187719","3","6","2","08","10","2","0","0","0","1","0","0"
"POINT (9.990032000000042 53.558228434000057)","Unfall 187720 (2020) Kat:3, Licht: 0","187720","3","6","3","08","15","4","0","0","0","1","0","0"
"POINT (10.201879917000042 53.485367272000076)","Unfall 187721 (2020) Kat:3, Licht: 0","187721","3","2","5","08","12","3","0","0","1","1","0","0"
"POINT (9.905387335000057 53.596045463000053)","Unfall 187722 (2020) Kat:3, Licht: 0","187722","3","2","5","08","14","6","0","0","1","0","0","0"
"POINT (9.962985884000034 53.546987785000056)","Unfall 187723 (2020) Kat:3, Licht: 0","187723","3","2","5","08","10","7","0","0","1","1","0","0"
"POINT (10.017906370000048 53.549661704000073)","Unfall 187724 (2020) Kat:2, Licht: 0","187724","2","6","1","08","17","2","0","0","0","1","0","0"
"POINT (10.035216627000068 53.556093660000045)","Unfall 187725 (2020) Kat:3, Licht: 0","187725","3","7","0","08","07","2","0","0","0","0","0","0"
"POINT (10.154092275000039 53.598425160000033)","Unfall 187726 (2020) Kat:3, Licht: 0","187726","3","7","5","08","15","5","0","0","0","1","0","1"
"POINT (10.183097250000060 53.486103709000076)","Unfall 187727 (2020) Kat:3, Licht: 2","187727","3","1","9","08","00","4","0","2","0","1","0","0"
"POINT (10.146151764000024 53.549461272000030)","Unfall 187728 (2020) Kat:3, Licht: 0","187728","3","2","5","08","17","4","0","0","0","1","0","0"
"POINT (9.903745236000077 53.568595058000028)","Unfall 187729 (2020) Kat:2, Licht: 2","187729","2","1","8","08","01","6","0","2","0","0","0","1"
"POINT (9.806747892000033 53.556579034000038)","Unfall 187730 (2020) Kat:3, Licht: 0","187730","3","7","0","08","09","2","0","0","1","0","0","0"
"POINT (9.960324868000043 53.563495593000027)","Unfall 187731 (2020) Kat:3, Licht: 0","187731","3","6","4","08","07","2","0","0","1","0","0","0"
"POINT (10.107441810000068 53.606041099000038)","Unfall 187732 (2020) Kat:3, Licht: 0","187732","3","6","4","08","09","3","0","0","1","0","0","0"
"POINT (10.068640055000060 53.580819327000029)","Unfall 187733 (2020) Kat:3, Licht: 0","187733","3","2","5","08","09","3","0","0","0","1","0","1"
"POINT (10.035157068000046 53.552395549000039)","Unfall 187734 (2020) Kat:3, Licht: 0","187734","3","6","2","08","16","6","0","0","0","1","0","0"
"POINT (9.904519448000031 53.562964611000041)","Unfall 187735 (2020) Kat:3, Licht: 0","187735","3","3","5","08","15","2","0","0","1","0","0","0"
"POINT (9.846531787000060 53.572399332000032)","Unfall 187736 (2020) Kat:3, Licht: 0","187736","3","7","0","08","09","2","0","0","1","0","0","0"
"POINT (10.210492849000047 53.487032330000034)","Unfall 187737 (2020) Kat:3, Licht: 0","187737","3","6","1","08","15","3","0","0","0","1","0","0"
"POINT (10.033065208000039 53.534516615000030)","Unfall 187738 (2020) Kat:3, Licht: 0","187738","3","5","1","08","16","3","0","0","1","1","0","0"
"POINT (10.202040325000041 53.485557915000072)","Unfall 187739 (2020) Kat:3, Licht: 0","187739","3","2","5","08","13","6","0","0","0","1","0","0"
"POINT (10.105309709000039 53.570455306000042)","Unfall 187740 (2020) Kat:2, Licht: 0","187740","2","6","6","08","07","5","0","0","1","0","1","0"
"POINT (10.085326881000071 53.581908574000067)","Unfall 187741 (2020) Kat:2, Licht: 2","187741","2","6","2","08","02","4","0","2","1","0","0","1"
"POINT (10.041322058000048 53.599349610000047)","Unfall 187742 (2020) Kat:3, Licht: 0","187742","3","6","2","08","19","4","0","0","0","1","0","0"
"POINT (9.971835635000048 53.598577720000037)","Unfall 187743 (2020) Kat:3, Licht: 0","187743","3","4","6","08","16","6","0","0","0","1","1","1"
"POINT (9.909154517000047 53.545924109000055)","Unfall 187744 (2020) Kat:2, Licht: 0","187744","2","6","2","08","16","2","0","0","0","1","0","1"
"POINT (10.112656772000037 53.431632201000070)","Unfall 187745 (2020) Kat:3, Licht: 0","187745","3","2","2","08","10","1","0","0","0","1","0","1"
"POINT (10.072604979000062 53.683148399000061)","Unfall 187746 (2020) Kat:3, Licht: 0","187746","3","3","5","08","15","3","0","0","1","1","0","0"
"POINT (9.929749845000060 53.645306835000042)","Unfall 187747 (2020) Kat:3, Licht: 0","187747","3","6","2","08","09","3","0","0","0","1","0","0"
"POINT (10.069146319000026 53.601836486000082)","Unfall 187748 (2020) Kat:3, Licht: 0","187748","3","6","3","08","05","6","0","0","0","1","0","1"
"POINT (9.812214777000065 53.562764378000054)","Unfall 187749 (2020) Kat:3, Licht: 0","187749","3","5","0","08","18","5","0","0","1","1","0","0"
"POINT (9.977672063000057 53.580029534000062)","Unfall 187750 (2020) Kat:3, Licht: 0","187750","3","6","2","08","06","6","0","0","0","1","0","1"
"POINT (9.936121644000025 53.550729169000078)","Unfall 187751 (2020) Kat:3, Licht: 0","187751","3","6","0","08","10","6","0","0","0","0","0","1"
"POINT (10.029441160000033 53.587214161000077)","Unfall 187752 (2020) Kat:3, Licht: 0","187752","3","7","0","08","08","5","0","0","1","0","0","0"
"POINT (9.934235459000036 53.555566758000055)","Unfall 187753 (2020) Kat:3, Licht: 0","187753","3","2","5","08","17","6","0","0","1","1","0","0"
"POINT (10.107659788000035 53.656054561000076)","Unfall 187754 (2020) Kat:3, Licht: 0","187754","3","5","5","08","11","4","0","0","0","1","0","1"
"POINT (10.018218842000067 53.577579696000043)","Unfall 187755 (2020) Kat:3, Licht: 0","187755","3","6","3","08","07","4","0","0","1","1","0","0"
"POINT (9.978297632000022 53.572122535000062)","Unfall 187756 (2020) Kat:3, Licht: 0","187756","3","2","3","08","17","6","0","0","1","1","0","0"
"POINT (10.185540354000068 53.647526688000028)","Unfall 187757 (2020) Kat:3, Licht: 0","187757","3","1","1","08","14","1","0","0","0","1","0","0"
"POINT (10.055706875000055 53.579815566000036)","Unfall 187758 (2020) Kat:3, Licht: 0","187758","3","3","5","08","08","3","0","0","1","1","0","0"
"POINT (9.980667854000046 53.566893009000069)","Unfall 187759 (2020) Kat:3, Licht: 0","187759","3","7","0","08","18","3","0","0","1","0","0","0"
"POINT (9.993732375000036 53.602077080000072)","Unfall 187760 (2020) Kat:3, Licht: 0","187760","3","6","3","08","14","6","0","0","1","0","0","0"
"POINT (9.957157466000069 53.582807829000046)","Unfall 187761 (2020) Kat:3, Licht: 0","187761","3","2","5","08","07","5","0","0","1","1","0","0"
"POINT (9.988772449000066 53.547041110000066)","Unfall 187762 (2020) Kat:3, Licht: 0","187762","3","2","4","08","17","6","0","0","0","1","0","0"
"POINT (10.043363180000028 53.596343760000082)","Unfall 187763 (2020) Kat:3, Licht: 0","187763","3","6","3","08","10","2","0","0","1","1","0","0"
"POINT (9.981828602000064 53.581300561000035)","Unfall 187764 (2020) Kat:3, Licht: 0","187764","3","2","5","08","09","4","0","0","1","1","0","0"
"POINT (9.982452562000049 53.453012118000061)","Unfall 187765 (2020) Kat:3, Licht: 1","187765","3","3","5","08","21","3","0","1","0","1","0","0"
"POINT (9.983608174000040 53.472792241000036)","Unfall 187766 (2020) Kat:3, Licht: 0","187766","3","7","8","08","17","6","0","0","1","0","0","0"
"POINT (10.098763530000042 53.541251702000068)","Unfall 187767 (2020) Kat:3, Licht: 2","187767","3","3","5","08","22","7","0","2","0","1","0","0"
"POINT (9.977314771000067 53.461277795000058)","Unfall 187768 (2020) Kat:3, Licht: 0","187768","3","7","0","08","18","2","0","0","0","0","0","0"
"POINT (10.049449321000054 53.541951951000044)","Unfall 187769 (2020) Kat:3, Licht: 0","187769","3","4","0","08","14","2","0","0","0","0","1","0"
"POINT (9.808076375000042 53.563859412000056)","Unfall 187770 (2020) Kat:3, Licht: 0","187770","3","5","1","08","07","4","0","0","1","0","0","0"
"POINT (9.997124001000032 53.573909858000036)","Unfall 187771 (2020) Kat:3, Licht: 0","187771","3","3","5","08","17","4","0","0","1","1","0","0"
"POINT (10.001481132000038 53.497959891000050)","Unfall 187772 (2020) Kat:3, Licht: 0","187772","3","7","0","08","09","5","0","0","1","0","0","0"
"POINT (9.977609612000038 53.564302335000036)","Unfall 187773 (2020) Kat:3, Licht: 0","187773","3","6","2","08","13","1","0","0","0","1","0","0"
"POINT (9.984759720000056 53.587444400000038)","Unfall 187774 (2020) Kat:2, Licht: 0","187774","2","2","5","08","16","3","0","0","0","1","0","1"
"POINT (9.972510142000033 53.522518407000064)","Unfall 187775 (2020) Kat:2, Licht: 0","187775","2","1","8","08","18","6","0","0","0","0","0","1"
"POINT (10.017741498000021 53.591741388000059)","Unfall 187776 (2020) Kat:2, Licht: 0","187776","2","7","0","08","18","5","0","0","0","1","0","1"
"POINT (9.993110635000051 53.543327919000035)","Unfall 187777 (2020) Kat:3, Licht: 0","187777","3","7","4","08","18","5","0","0","0","1","0","1"
"POINT (10.181823825000038 53.497829056000057)","Unfall 187778 (2020) Kat:3, Licht: 1","187778","3","6","4","08","21","5","0","1","0","1","0","0"
"POINT (10.014435281000033 53.576802364000059)","Unfall 187779 (2020) Kat:3, Licht: 0","187779","3","5","0","08","19","2","0","0","1","1","0","0"
"POINT (9.924104975000034 53.520665131000044)","Unfall 187780 (2020) Kat:3, Licht: 0","187780","3","2","3","08","10","4","0","0","0","1","0","0"
"POINT (10.070883616000060 53.553539503000081)","Unfall 187781 (2020) Kat:3, Licht: 2","187781","3","6","4","08","23","3","0","2","0","1","0","0"
"POINT (10.105884077000042 53.558877867000035)","Unfall 187782 (2020) Kat:3, Licht: 0","187782","3","2","4","08","12","5","0","0","0","1","0","1"
"POINT (9.905358250000063 53.513429385000052)","Unfall 187783 (2020) Kat:3, Licht: 0","187783","3","6","2","08","14","6","0","0","0","0","0","0"
"POINT (10.105486563000056 53.570622000000071)","Unfall 187784 (2020) Kat:3, Licht: 0","187784","3","6","2","08","06","5","0","0","0","1","0","0"
"POINT (10.105513456000040 53.493197071000054)","Unfall 187785 (2020) Kat:3, Licht: 0","187785","3","2","0","08","13","5","0","0","0","0","0","1"
"POINT (9.991924994000044 53.559335040000065)","Unfall 187786 (2020) Kat:3, Licht: 0","187786","3","6","1","08","16","5","0","0","0","1","0","0"
"POINT (9.986630474000037 53.510480028000075)","Unfall 187787 (2020) Kat:3, Licht: 0","187787","3","2","4","08","18","4","0","0","0","1","0","0"
"POINT (10.114651255000069 53.545275848000074)","Unfall 187788 (2020) Kat:3, Licht: 0","187788","3","2","3","08","11","5","0","0","1","1","0","0"
"POINT (9.895542633000048 53.549225381000042)","Unfall 187789 (2020) Kat:3, Licht: 0","187789","3","5","1","08","16","2","0","0","0","1","0","0"
"POINT (9.887437701000067 53.559787678000077)","Unfall 187790 (2020) Kat:3, Licht: 0","187790","3","2","5","08","07","2","0","0","1","1","0","0"
"POINT (10.149496098000043 53.620242122000036)","Unfall 187791 (2020) Kat:3, Licht: 0","187791","3","6","4","08","13","3","0","0","1","0","0","0"
"POINT (10.165721372000064 53.626262312000051)","Unfall 187792 (2020) Kat:3, Licht: 0","187792","3","3","0","08","07","3","0","0","1","1","0","0"
"POINT (10.154097402000048 53.612230233000048)","Unfall 187793 (2020) Kat:2, Licht: 0","187793","2","4","6","08","07","2","0","0","0","1","1","0"
"POINT (10.188703200000077 53.486648472000070)","Unfall 187794 (2020) Kat:3, Licht: 0","187794","3","6","4","08","09","6","0","0","1","0","0","0"
"POINT (10.145103692000021 53.602086620000080)","Unfall 187795 (2020) Kat:3, Licht: 0","187795","3","2","3","08","15","2","0","0","1","1","0","0"
"POINT (10.090811153000061 53.667209314000047)","Unfall 187796 (2020) Kat:1, Licht: 0","187796","1","1","9","08","07","5","0","0","0","1","0","0"
"POINT (10.158762650000028 53.646129366000082)","Unfall 187797 (2020) Kat:3, Licht: 0","187797","3","2","2","08","14","4","0","0","0","1","0","0"
"POINT (10.039111957000046 53.629958344000045)","Unfall 187798 (2020) Kat:3, Licht: 0","187798","3","6","6","08","19","4","0","0","1","0","1","0"
"POINT (10.115893065000023 53.557348854000054)","Unfall 187799 (2020) Kat:3, Licht: 0","187799","3","2","2","08","11","5","0","0","0","1","0","0"
"POINT (10.177695312000026 53.600120134000065)","Unfall 187800 (2020) Kat:3, Licht: 0","187800","3","2","5","08","17","1","0","0","1","1","0","0"
"POINT (10.011530918000062 53.649079369000049)","Unfall 187801 (2020) Kat:3, Licht: 0","187801","3","3","5","08","09","3","0","0","0","1","0","0"
"POINT (9.989273661000027 53.593160094000041)","Unfall 187802 (2020) Kat:2, Licht: 0","187802","2","2","5","08","15","3","0","0","1","1","0","0"
"POINT (10.168027443000028 53.655901469000071)","Unfall 187803 (2020) Kat:3, Licht: 0","187803","3","6","4","08","09","5","0","0","1","1","0","0"
"POINT (10.064780853000059 53.656046456000070)","Unfall 187804 (2020) Kat:3, Licht: 0","187804","3","5","1","08","17","2","0","0","1","1","0","0"
"POINT (9.960321526000030 53.563805292000040)","Unfall 187805 (2020) Kat:3, Licht: 0","187805","3","3","6","09","17","3","0","0","1","0","1","0"
"POINT (10.076948494000021 53.666958672000078)","Unfall 187806 (2020) Kat:3, Licht: 0","187806","3","7","0","08","10","5","0","0","1","0","0","0"
"POINT (9.840098385000033 53.558391284000038)","Unfall 187807 (2020) Kat:2, Licht: 0","187807","2","3","0","09","07","6","1","0","1","1","0","0"
"POINT (10.127296039000043 53.659734971000034)","Unfall 187808 (2020) Kat:3, Licht: 0","187808","3","7","0","08","15","5","0","0","1","0","0","0"
"POINT (10.039035570000067 53.587389904000077)","Unfall 187809 (2020) Kat:3, Licht: 0","187809","3","2","6","08","12","5","0","0","0","1","1","0"
"POINT (10.172558646000027 53.607000306000032)","Unfall 187810 (2020) Kat:3, Licht: 0","187810","3","3","5","09","12","4","0","0","1","1","0","0"
"POINT (10.000525683000035 53.591941547000033)","Unfall 187811 (2020) Kat:3, Licht: 0","187811","3","6","3","08","16","2","0","0","1","1","0","0"
"POINT (9.906896534000055 53.616292728000076)","Unfall 187812 (2020) Kat:3, Licht: 0","187812","3","2","5","08","15","5","0","0","1","1","0","0"
"POINT (10.034523263000040 53.587916898000060)","Unfall 187813 (2020) Kat:2, Licht: 0","187813","2","3","5","08","11","2","0","0","1","1","0","0"
"POINT (9.812989444000039 53.563400007000041)","Unfall 187814 (2020) Kat:2, Licht: 0","187814","2","2","6","08","15","5","0","0","0","1","1","0"
"POINT (10.052523908000069 53.592977773000030)","Unfall 187815 (2020) Kat:3, Licht: 2","187815","3","5","1","08","22","2","0","2","1","1","0","0"
"POINT (9.924613494000028 53.563470396000071)","Unfall 187816 (2020) Kat:3, Licht: 0","187816","3","7","0","08","15","5","0","0","1","0","0","0"
"POINT (10.023304266000025 53.506472202000054)","Unfall 187817 (2020) Kat:3, Licht: 0","187817","3","5","1","09","11","5","0","0","0","1","0","0"
"POINT (9.965079028000048 53.588943267000047)","Unfall 187818 (2020) Kat:3, Licht: 0","187818","3","7","0","08","13","5","0","0","1","0","0","0"
"POINT (9.993870151000067 53.578840619000061)","Unfall 187819 (2020) Kat:3, Licht: 0","187819","3","7","1","09","14","4","0","0","1","1","0","0"
"POINT (9.958920821000049 53.567674284000077)","Unfall 187820 (2020) Kat:3, Licht: 2","187820","3","7","0","08","22","5","0","2","1","0","0","0"
"POINT (10.018184350000070 53.615040823000072)","Unfall 187821 (2020) Kat:3, Licht: 0","187821","3","6","2","09","17","4","0","0","0","1","0","0"
"POINT (9.948346060000063 53.594980157000066)","Unfall 187822 (2020) Kat:3, Licht: 0","187822","3","7","0","08","11","5","1","0","1","0","0","0"
"POINT (9.877281665000055 53.603673019000041)","Unfall 187823 (2020) Kat:3, Licht: 2","187823","3","7","0","08","21","2","0","2","1","0","0","0"
"POINT (9.923554619000072 53.546294779000050)","Unfall 187824 (2020) Kat:3, Licht: 0","187824","3","6","2","08","10","5","0","0","0","1","0","1"
"POINT (9.927362407000032 53.550417078000066)","Unfall 187825 (2020) Kat:3, Licht: 0","187825","3","6","3","09","15","7","0","0","1","1","0","0"
"POINT (9.989340608000077 53.581929124000055)","Unfall 187826 (2020) Kat:3, Licht: 0","187826","3","3","5","08","07","5","1","0","1","0","0","0"
"POINT (9.897569888000021 53.571465885000066)","Unfall 187827 (2020) Kat:2, Licht: 0","187827","2","6","2","08","15","2","0","0","0","1","0","0"
"POINT (9.995563381000068 53.550821641000027)","Unfall 187828 (2020) Kat:3, Licht: 0","187828","3","6","2","08","13","5","0","0","1","0","0","0"
"POINT (10.176814819000072 53.647359829000038)","Unfall 187829 (2020) Kat:3, Licht: 0","187829","3","2","5","09","16","5","1","0","1","1","0","0"
"POINT (10.010664376000022 53.559792886000082)","Unfall 187830 (2020) Kat:3, Licht: 0","187830","3","3","5","08","14","5","0","0","0","1","0","0"
"POINT (10.085049843000036 53.553358760000037)","Unfall 187831 (2020) Kat:3, Licht: 0","187831","3","7","0","09","08","3","0","0","0","0","0","0"
"POINT (9.937227952000058 53.476942147000045)","Unfall 187832 (2020) Kat:3, Licht: 0","187832","3","2","5","08","12","5","0","0","0","1","0","0"
"POINT (9.918004999000061 53.580248231000041)","Unfall 187833 (2020) Kat:3, Licht: 0","187833","3","6","3","08","06","2","0","0","0","1","0","1"
"POINT (10.006111944000054 53.547709191000081)","Unfall 187834 (2020) Kat:3, Licht: 0","187834","3","6","3","09","15","3","0","0","0","1","0","1"
"POINT (9.786966006000057 53.507654781000042)","Unfall 187835 (2020) Kat:3, Licht: 0","187835","3","1","8","08","17","4","1","0","0","1","0","0"
"POINT (10.134502309000027 53.543116327000064)","Unfall 187836 (2020) Kat:3, Licht: 0","187836","3","5","1","09","07","6","0","0","1","1","0","0"
"POINT (9.909842694000076 53.512275498000065)","Unfall 187837 (2020) Kat:3, Licht: 0","187837","3","6","2","08","07","4","1","0","0","1","0","0"
"POINT (9.939124754000034 53.580229049000081)","Unfall 187838 (2020) Kat:3, Licht: 0","187838","3","6","2","08","13","2","0","0","0","1","0","0"
"POINT (10.013677932000064 53.431846646000054)","Unfall 187839 (2020) Kat:3, Licht: 0","187839","3","1","9","08","15","4","1","0","0","1","0","0"
"POINT (9.933335219000071 53.553393663000065)","Unfall 187840 (2020) Kat:3, Licht: 0","187840","3","4","6","08","15","2","0","0","0","0","1","0"
"POINT (10.024224395000033 53.527952788000050)","Unfall 187841 (2020) Kat:3, Licht: 0","187841","3","3","5","08","16","4","1","0","0","1","0","0"
"POINT (10.015824054000063 53.555285949000051)","Unfall 187842 (2020) Kat:3, Licht: 0","187842","3","3","0","09","16","7","0","0","1","1","0","0"