WKT,Name,OBJECTID,UKATEGORIE,UTYP1,UART,UMONAT,USTUNDE,UWOCHENTAG,STRZUSTAND,ULICHTVERH,ISTRAD,ISTPKW,ISTFUSS,ISTKRAD
"POINT (9.987088118000031 53.513629352000066)","Unfall 187843 (2020) Kat:3, Licht: 0","187843","3","5","1","08","12","4","1","0","0","1","0","1"
"POINT (9.944401649000042 53.550800376000041)","Unfall 187844 (2020) Kat:3, Licht: 0","187844","3","6","3","08","18","2","0","0","0","1","0","0"
"POINT (10.153820178000046 53.621575168000049)","Unfall 187845 (2020) Kat:2, Licht: 0","187845","2","7","1","08","08","4","1","0","0","1","0","0"
"POINT (9.930638987000066 53.596982482000044)","Unfall 187846 (2020) Kat:3, Licht: 0","187846","3","3","5","09","18","5","1","0","0","1","0","0"
"POINT (10.059497544000067 53.576354453000079)","Unfall 187847 (2020) Kat:3, Licht: 1","187847","3","7","0","08","06","4","1","1","1","0","0","0"
"POINT (10.055968375000077 53.560920666000072)","Unfall 187848 (2020) Kat:3, Licht: 0","187848","3","6","2","09","18","3","0","0","0","1","0","0"
"POINT (10.080634424000039 53.581077607000054)","Unfall 187849 (2020) Kat:3, Licht: 0","187849","3","2","6","08","15","4","1","0","0","1","1","0"
"POINT (9.997896190000063 53.563300085000037)","Unfall 187850 (2020) Kat:3, Licht: 0","187850","3","6","3","08","13","2","0","0","1","0","0","0"
"POINT (10.008385267000051 53.559036669000079)","Unfall 187851 (2020) Kat:3, Licht: 0","187851","3","6","2","09","14","3","0","0","1","0","0","0"
"POINT (10.072050082000032 53.596754939000050)","Unfall 187852 (2020) Kat:3, Licht: 0","187852","3","3","5","08","14","4","1","0","1","1","0","0"
"POINT (10.054047985000068 53.590201785000033)","Unfall 187853 (2020) Kat:3, Licht: 0","187853","3","7","3","09","08","6","0","0","0","1","0","0"
"POINT (10.043343017000041 53.652025148000064)","Unfall 187854 (2020) Kat:3, Licht: 0","187854","3","6","2","08","16","4","1","0","0","1","0","0"
"POINT (10.163576706000072 53.646685311000056)","Unfall 187855 (2020) Kat:3, Licht: 0","187855","3","6","2","08","14","4","1","0","0","1","0","0"
"POINT (9.994861654000033 53.435581437000053)","Unfall 187856 (2020) Kat:3, Licht: 0","187856","3","5","5","09","07","4","0","0","1","0","0","0"
"POINT (9.951702339000065 53.557078257000057)","Unfall 187857 (2020) Kat:2, Licht: 2","187857","2","7","0","08","21","2","0","2","1","0","0","0"
"POINT (10.014796049000040 53.637320460000069)","Unfall 187858 (2020) Kat:3, Licht: 0","187858","3","3","5","08","16","4","1","0","0","0","0","1"
"POINT (10.031120316000056 53.626019737000036)","Unfall 187859 (2020) Kat:3, Licht: 0","187859","3","1","8","08","18","4","1","0","0","0","0","1"
"POINT (9.982485837000070 53.572516623000070)","Unfall 187860 (2020) Kat:3, Licht: 0","187860","3","4","6","09","10","5","0","0","1","1","1","0"
"POINT (10.015778047000026 53.590484638000078)","Unfall 187861 (2020) Kat:3, Licht: 0","187861","3","7","4","08","08","4","1","0","1","1","0","0"
"POINT (10.009691034000070 53.609731411000041)","Unfall 187862 (2020) Kat:3, Licht: 0","187862","3","6","2","08","15","4","1","0","0","1","0","0"
"POINT (10.004146327000058 53.546680243000026)","Unfall 187863 (2020) Kat:2, Licht: 0","187863","2","7","3","08","12","2","0","0","0","1","0","0"
"POINT (9.854390717000058 53.470770713000036)","Unfall 187864 (2020) Kat:3, Licht: 0","187864","3","4","6","08","10","2","0","0","1","0","1","0"
"POINT (10.040630586000077 53.566708560000052)","Unfall 187865 (2020) Kat:3, Licht: 0","187865","3","3","5","08","17","4","1","0","1","1","0","0"
"POINT (9.820228985000028 53.562650049000069)","Unfall 187866 (2020) Kat:3, Licht: 0","187866","3","1","0","09","18","6","0","0","1","0","0","0"
"POINT (9.961929103000045 53.573695279000049)","Unfall 187867 (2020) Kat:3, Licht: 0","187867","3","3","6","08","13","4","1","0","1","1","1","0"
"POINT (9.987823262000063 53.590047081000080)","Unfall 187868 (2020) Kat:3, Licht: 0","187868","3","6","3","08","13","4","1","0","1","0","0","0"
"POINT (10.108372417000055 53.627954321000061)","Unfall 187869 (2020) Kat:3, Licht: 0","187869","3","6","2","09","15","4","0","0","0","1","0","0"
"POINT (9.988336184000048 53.556902271000070)","Unfall 187870 (2020) Kat:3, Licht: 0","187870","3","6","2","08","10","2","0","0","1","1","0","0"
"POINT (9.939728792000039 53.550111774000072)","Unfall 187871 (2020) Kat:3, Licht: 2","187871","3","1","8","08","02","4","1","2","0","1","0","0"
"POINT (10.128867039000056 53.605872642000065)","Unfall 187872 (2020) Kat:3, Licht: 0","187872","3","5","1","08","18","1","0","0","0","1","0","0"
"POINT (9.970063775000028 53.550972805000072)","Unfall 187873 (2020) Kat:3, Licht: 2","187873","3","2","5","08","01","4","1","2","1","1","0","0"
"POINT (9.906098297000028 53.606994080000050)","Unfall 187874 (2020) Kat:3, Licht: 0","187874","3","2","3","08","14","1","0","0","1","1","0","0"
"POINT (9.911908698000048 53.633314251000058)","Unfall 187875 (2020) Kat:2, Licht: 1","187875","2","2","4","08","20","1","0","1","0","1","0","1"
"POINT (9.826784305000047 53.470803224000065)","Unfall 187876 (2020) Kat:2, Licht: 0","187876","2","1","0","08","14","3","0","0","1","0","0","0"
"POINT (9.940111489000060 53.544626674000028)","Unfall 187877 (2020) Kat:3, Licht: 0","187877","3","7","0","08","15","1","0","0","0","1","1","0"
"POINT (9.981532923000032 53.426356287000033)","Unfall 187878 (2020) Kat:3, Licht: 0","187878","3","6","2","08","07","3","0","0","0","1","0","0"
"POINT (9.860237046000066 53.531652963000056)","Unfall 187879 (2020) Kat:3, Licht: 0","187879","3","3","5","09","14","5","1","0","0","1","0","0"
"POINT (9.983849760000055 53.448015674000033)","Unfall 187880 (2020) Kat:2, Licht: 0","187880","2","5","1","08","09","3","0","0","1","1","0","0"
"POINT (9.955484457000068 53.463845805000062)","Unfall 187881 (2020) Kat:3, Licht: 0","187881","3","7","6","08","18","3","0","0","1","0","1","0"
"POINT (9.860849463000022 53.597992722000072)","Unfall 187882 (2020) Kat:3, Licht: 0","187882","3","3","5","09","07","4","0","0","1","1","0","0"
"POINT (10.081175412000050 53.496813656000029)","Unfall 187883 (2020) Kat:3, Licht: 0","187883","3","7","0","08","13","3","0","0","1","0","0","0"
"POINT (9.962163272000055 53.551227130000029)","Unfall 187884 (2020) Kat:2, Licht: 2","187884","2","4","6","08","22","1","0","2","0","1","1","0"
"POINT (10.026299596000058 53.533617858000071)","Unfall 187885 (2020) Kat:3, Licht: 0","187885","3","7","0","08","06","3","0","0","1","0","0","0"
"POINT (9.999517158000060 53.573293762000048)","Unfall 187886 (2020) Kat:3, Licht: 2","187886","3","7","0","09","22","7","0","2","0","0","1","0"
"POINT (10.163514610000050 53.605328364000059)","Unfall 187887 (2020) Kat:2, Licht: 0","187887","2","3","5","08","19","3","1","0","1","1","0","0"
"POINT (9.955447577000030 53.549747400000058)","Unfall 187888 (2020) Kat:3, Licht: 2","187888","3","2","4","08","00","1","0","2","0","0","0","1"
"POINT (10.172569199000066 53.607000181000046)","Unfall 187889 (2020) Kat:3, Licht: 0","187889","3","2","3","08","16","3","0","0","1","1","0","0"
"POINT (10.017272720000051 53.640138083000068)","Unfall 187890 (2020) Kat:3, Licht: 0","187890","3","3","5","09","15","5","0","0","1","0","0","0"
"POINT (10.054243132000067 53.635800489000076)","Unfall 187891 (2020) Kat:3, Licht: 0","187891","3","6","2","08","19","3","1","0","0","1","0","0"
"POINT (10.080921259000036 53.532051654000043)","Unfall 187892 (2020) Kat:3, Licht: 0","187892","3","2","4","09","17","3","0","0","0","1","0","0"
"POINT (10.036218088000055 53.669091132000062)","Unfall 187893 (2020) Kat:3, Licht: 0","187893","3","6","4","08","12","3","0","0","1","1","0","0"
"POINT (10.041952707000064 53.554343604000053)","Unfall 187894 (2020) Kat:3, Licht: 0","187894","3","2","6","09","17","5","0","0","0","1","1","0"
"POINT (10.033152747000031 53.588295435000077)","Unfall 187895 (2020) Kat:3, Licht: 2","187895","3","7","0","08","22","3","1","2","0","0","0","1"
"POINT (10.013543457000026 53.561277444000041)","Unfall 187896 (2020) Kat:3, Licht: 0","187896","3","3","5","09","15","4","0","0","1","1","0","0"
"POINT (10.021785258000023 53.614704358000040)","Unfall 187897 (2020) Kat:3, Licht: 0","187897","3","3","5","08","11","3","0","0","0","1","0","0"
"POINT (10.014888432000021 53.537306505000060)","Unfall 187898 (2020) Kat:3, Licht: 0","187898","3","6","3","08","12","1","0","0","1","1","0","0"
"POINT (10.016839716000050 53.570634615000074)","Unfall 187899 (2020) Kat:3, Licht: 0","187899","3","2","0","08","16","3","1","0","0","1","0","1"
"POINT (9.972428042000047 53.429885961000082)","Unfall 187900 (2020) Kat:3, Licht: 0","187900","3","7","0","09","11","6","1","0","1","0","0","0"
"POINT (10.045171352000068 53.589938605000043)","Unfall 187901 (2020) Kat:3, Licht: 0","187901","3","2","3","08","16","3","0","0","1","1","0","0"
"POINT (9.987412603000053 53.454852489000075)","Unfall 187902 (2020) Kat:3, Licht: 0","187902","3","6","2","08","16","7","0","0","0","1","0","0"
"POINT (10.025073098000064 53.569055373000026)","Unfall 187903 (2020) Kat:2, Licht: 0","187903","2","3","5","08","11","3","0","0","1","1","0","0"
"POINT (9.864724346000060 53.573501509000039)","Unfall 187904 (2020) Kat:3, Licht: 0","187904","3","7","0","09","16","5","1","0","0","0","0","1"
"POINT (10.049711346000038 53.591679473000056)","Unfall 187905 (2020) Kat:3, Licht: 0","187905","3","3","5","08","15","3","0","0","1","1","0","0"
"POINT (9.939977584000076 53.572784990000059)","Unfall 187906 (2020) Kat:3, Licht: 1","187906","3","6","1","08","19","3","1","1","0","1","0","0"
"POINT (10.095178670000053 53.606456348000052)","Unfall 187907 (2020) Kat:2, Licht: 0","187907","2","7","0","08","13","7","0","0","0","0","0","1"
"POINT (9.856194866000067 53.473347068000066)","Unfall 187908 (2020) Kat:2, Licht: 0","187908","2","6","3","08","18","2","0","0","0","1","0","0"
"POINT (9.961176618000025 53.573965376000046)","Unfall 187909 (2020) Kat:3, Licht: 0","187909","3","2","5","08","08","3","0","0","1","1","0","0"
"POINT (9.951920183000027 53.550895526000033)","Unfall 187910 (2020) Kat:3, Licht: 0","187910","3","5","1","08","16","3","0","0","1","1","0","0"
"POINT (10.060090709000065 53.571614282000041)","Unfall 187911 (2020) Kat:3, Licht: 0","187911","3","7","3","08","15","7","0","0","0","1","0","0"
"POINT (9.904109928000025 53.497143372000039)","Unfall 187912 (2020) Kat:3, Licht: 2","187912","3","6","0","08","21","2","1","2","1","0","0","0"
"POINT (9.934839185000044 53.548367151000036)","Unfall 187913 (2020) Kat:3, Licht: 0","187913","3","7","0","08","18","3","1","0","1","0","0","0"
"POINT (10.033042735000038 53.590848525000069)","Unfall 187914 (2020) Kat:3, Licht: 2","187914","3","3","5","09","23","6","0","2","1","1","0","0"
"POINT (9.934838534000051 53.548354126000049)","Unfall 187915 (2020) Kat:3, Licht: 0","187915","3","7","0","08","18","3","1","0","1","0","0","0"
"POINT (9.966035574000046 53.557218148000061)","Unfall 187916 (2020) Kat:3, Licht: 0","187916","3","5","1","08","16","3","0","0","1","1","0","0"
"POINT (9.969743922000021 53.512722009000072)","Unfall 187917 (2020) Kat:3, Licht: 0","187917","3","6","2","09","17","5","1","0","0","1","0","0"
"POINT (10.039089942000032 53.629953117000071)","Unfall 187918 (2020) Kat:3, Licht: 0","187918","3","5","1","09","14","3","0","0","1","1","0","0"
"POINT (9.962453980000021 53.561405819000072)","Unfall 187919 (2020) Kat:3, Licht: 0","187919","3","6","2","08","07","3","0","0","1","0","0","0"
"POINT (9.972436463000065 53.564002018000053)","Unfall 187920 (2020) Kat:3, Licht: 0","187920","3","6","4","08","18","3","1","0","1","1","0","0"
"POINT (10.073053470000048 53.609303907000026)","Unfall 187921 (2020) Kat:3, Licht: 0","187921","3","6","2","08","17","7","0","0","0","1","0","0"
"POINT (9.977078487000028 53.511343308000050)","Unfall 187922 (2020) Kat:3, Licht: 0","187922","3","3","5","08","16","2","0","0","0","1","0","0"
"POINT (9.960928906000049 53.551367840000069)","Unfall 187923 (2020) Kat:3, Licht: 0","187923","3","6","3","08","15","3","1","0","0","1","0","1"
"POINT (9.948940768000057 53.558600204000072)","Unfall 187924 (2020) Kat:3, Licht: 0","187924","3","6","2","09","18","6","0","0","0","1","0","0"
"POINT (9.975203095000040 53.545925821000026)","Unfall 187925 (2020) Kat:3, Licht: 2","187925","3","4","6","08","21","3","1","2","0","1","1","0"
"POINT (10.008822797000050 53.585389522000071)","Unfall 187926 (2020) Kat:3, Licht: 2","187926","3","5","1","09","22","3","0","2","1","1","0","0"
"POINT (9.912255264000066 53.512755968000079)","Unfall 187927 (2020) Kat:2, Licht: 0","187927","2","7","9","08","11","2","1","0","0","0","0","0"
"POINT (10.015051665000044 53.585573027000066)","Unfall 187928 (2020) Kat:3, Licht: 0","187928","3","5","1","09","17","4","0","0","1","1","0","0"
"POINT (9.938395943000046 53.583246427000063)","Unfall 187929 (2020) Kat:3, Licht: 0","187929","3","3","5","09","07","6","0","0","1","0","0","0"
"POINT (9.985526768000057 53.456781485000079)","Unfall 187930 (2020) Kat:3, Licht: 0","187930","3","7","0","08","15","2","1","0","0","0","0","1"
"POINT (10.042287645000044 53.579164173000038)","Unfall 187931 (2020) Kat:3, Licht: 0","187931","3","3","0","09","19","3","0","0","0","1","0","1"
"POINT (9.968118504000074 53.435948081000049)","Unfall 187932 (2020) Kat:3, Licht: 0","187932","3","6","1","08","09","2","1","0","0","1","0","0"
"POINT (10.135978745000045 53.571142410000050)","Unfall 187933 (2020) Kat:3, Licht: 0","187933","3","4","6","09","16","4","0","0","0","0","1","0"
"POINT (10.010864366000021 53.648834916000055)","Unfall 187934 (2020) Kat:3, Licht: 2","187934","3","6","2","08","21","7","0","2","0","1","0","0"
"POINT (10.097236527000064 53.544793773000038)","Unfall 187935 (2020) Kat:3, Licht: 0","187935","3","4","6","08","11","2","1","0","0","1","1","0"
"POINT (10.054621138000073 53.569874304000052)","Unfall 187936 (2020) Kat:3, Licht: 0","187936","3","3","5","08","18","7","0","0","0","1","0","1"
"POINT (10.128342865000036 53.601155728000037)","Unfall 187937 (2020) Kat:3, Licht: 0","187937","3","2","5","08","13","2","1","0","1","1","0","0"
"POINT (9.796200474000045 53.587806145000059)","Unfall 187938 (2020) Kat:3, Licht: 0","187938","3","2","5","08","18","7","0","0","1","1","0","0"
"POINT (10.130800066000063 53.578661885000031)","Unfall 187939 (2020) Kat:3, Licht: 0","187939","3","3","5","08","13","2","0","0","0","1","0","0"
"POINT (10.017733754000062 53.485361400000045)","Unfall 187940 (2020) Kat:3, Licht: 0","187940","3","3","5","09","19","5","1","0","1","1","0","0"
"POINT (10.020398955000076 53.565287718000036)","Unfall 187941 (2020) Kat:3, Licht: 0","187941","3","2","4","09","11","3","0","0","1","1","0","0"
"POINT (10.062258240000062 53.572119087000033)","Unfall 187942 (2020) Kat:3, Licht: 0","187942","3","7","0","08","16","2","1","0","0","1","0","0"
"POINT (9.923944242000061 53.646375993000049)","Unfall 187943 (2020) Kat:3, Licht: 0","187943","3","6","4","09","14","4","0","0","1","0","0","0"
"POINT (10.052123342000073 53.609955742000068)","Unfall 187944 (2020) Kat:3, Licht: 0","187944","3","3","5","08","18","2","1","0","1","1","0","0"
"POINT (9.835931125000059 53.559337383000070)","Unfall 187945 (2020) Kat:3, Licht: 0","187945","3","6","3","08","12","7","0","0","1","1","0","0"
"POINT (10.076123803000030 53.614304767000078)","Unfall 187946 (2020) Kat:3, Licht: 0","187946","3","3","5","08","08","2","1","0","1","1","0","0"
"POINT (9.991624840000043 53.543121546000066)","Unfall 187947 (2020) Kat:3, Licht: 0","187947","3","7","1","09","11","7","0","0","0","0","1","0"
"POINT (10.050671741000031 53.634666366000033)","Unfall 187948 (2020) Kat:3, Licht: 0","187948","3","3","5","08","08","2","1","0","1","1","0","0"
"POINT (9.861481734000051 53.599035455000035)","Unfall 187949 (2020) Kat:2, Licht: 2","187949","2","1","8","08","04","7","1","2","0","1","0","0"
"POINT (10.104592928000045 53.654066431000047)","Unfall 187950 (2020) Kat:3, Licht: 0","187950","3","5","1","08","13","2","1","0","0","1","0","0"
"POINT (9.952559148000034 53.618900944000075)","Unfall 187951 (2020) Kat:3, Licht: 2","187951","3","7","3","09","20","7","0","2","0","1","0","0"
"POINT (10.011833695000064 53.660046397000031)","Unfall 187952 (2020) Kat:3, Licht: 0","187952","3","7","0","08","13","2","1","0","1","0","0","0"
"POINT (9.988642866000021 53.603148196000063)","Unfall 187953 (2020) Kat:3, Licht: 0","187953","3","6","3","08","09","7","0","0","0","1","0","0"
"POINT (10.031580768000026 53.600599873000078)","Unfall 187954 (2020) Kat:3, Licht: 0","187954","3","7","0","08","14","2","1","0","0","0","0","1"
"POINT (10.081845274000045 53.576383888000066)","Unfall 187955 (2020) Kat:3, Licht: 0","187955","3","3","0","09","12","5","0","0","1","0","0","0"
"POINT (9.891262562000065 53.608260077000068)","Unfall 187956 (2020) Kat:3, Licht: 0","187956","3","4","6","09","07","3","0","0","0","1","1","0"
"POINT (10.024300600000061 53.584797641000080)","Unfall 187957 (2020) Kat:3, Licht: 0","187957","3","7","6","08","14","2","1","0","0","1","1","0"
"POINT (10.208660334000058 53.490353600000049)","Unfall 187958 (2020) Kat:3, Licht: 0","187958","3","3","5","09","07","3","0","0","1","0","0","0"
"POINT (10.006769555000062 53.581829961000039)","Unfall 187959 (2020) Kat:3, Licht: 0","187959","3","7","0","08","14","2","1","0","1","0","0","0"
"POINT (9.942709052000055 53.568571910000060)","Unfall 187960 (2020) Kat:3, Licht: 0","187960","3","7","0","08","15","7","0","0","1","1","0","0"
"POINT (9.991769279000039 53.502578719000041)","Unfall 187961 (2020) Kat:2, Licht: 0","187961","2","2","4","08","14","2","0","0","1","1","0","0"
"POINT (10.022374190000050 53.588773679000042)","Unfall 187962 (2020) Kat:2, Licht: 0","187962","2","7","0","08","19","2","1","0","1","0","0","0"
"POINT (10.182041051000056 53.498057390000042)","Unfall 187963 (2020) Kat:3, Licht: 0","187963","3","2","5","09","13","6","0","0","1","1","0","0"
"POINT (10.055747192000069 53.591536980000058)","Unfall 187964 (2020) Kat:2, Licht: 2","187964","2","3","5","08","23","2","1","2","0","1","0","0"
"POINT (10.006585275000077 53.549456596000027)","Unfall 187965 (2020) Kat:3, Licht: 0","187965","3","7","0","08","12","7","0","0","1","0","0","0"
"POINT (10.028049535000036 53.571708417000082)","Unfall 187966 (2020) Kat:3, Licht: 0","187966","3","2","5","08","17","2","0","0","1","1","0","0"
"POINT (9.990577177000034 53.560406072000035)","Unfall 187967 (2020) Kat:3, Licht: 1","187967","3","6","2","09","18","5","1","1","0","0","0","0"
"POINT (10.061141402000032 53.589050638000060)","Unfall 187968 (2020) Kat:3, Licht: 0","187968","3","6","3","08","15","2","1","0","1","0","0","0"
"POINT (10.017365420000033 53.463433675000033)","Unfall 187969 (2020) Kat:3, Licht: 0","187969","3","6","2","08","12","6","0","0","0","1","0","0"
"POINT (9.820025407000060 53.561683517000063)","Unfall 187970 (2020) Kat:3, Licht: 0","187970","3","6","2","08","18","2","1","0","0","1","0","0"
"POINT (10.012813647000030 53.573371317000067)","Unfall 187971 (2020) Kat:3, Licht: 0","187971","3","2","3","09","11","5","0","0","0","1","0","0"
"POINT (9.834780047000038 53.559567949000041)","Unfall 187972 (2020) Kat:3, Licht: 0","187972","3","3","5","08","07","2","0","0","1","0","0","0"
"POINT (10.113097175000064 53.538051555000038)","Unfall 187973 (2020) Kat:3, Licht: 0","187973","3","6","2","09","07","3","0","0","0","1","0","0"
"POINT (9.892977651000024 53.557097423000073)","Unfall 187974 (2020) Kat:3, Licht: 0","187974","3","3","5","08","14","2","1","0","0","1","0","0"
"POINT (9.970300578000035 53.463727969000047)","Unfall 187975 (2020) Kat:3, Licht: 1","187975","3","6","4","08","19","6","0","1","1","1","0","0"
"POINT (10.080178014000069 53.531988810000030)","Unfall 187976 (2020) Kat:3, Licht: 1","187976","3","6","2","08","17","2","0","1","0","1","0","0"
"POINT (9.957331860000068 53.567192928000054)","Unfall 187977 (2020) Kat:3, Licht: 0","187977","3","3","5","08","08","2","1","0","1","1","0","0"
"POINT (10.028986112000041 53.600292859000035)","Unfall 187978 (2020) Kat:3, Licht: 1","187978","3","2","3","09","06","6","1","1","0","0","0","1"
"POINT (9.951815569000075 53.599483004000035)","Unfall 187979 (2020) Kat:3, Licht: 0","187979","3","3","5","08","16","2","1","0","1","1","0","0"
"POINT (9.884177293000050 53.601102667000077)","Unfall 187980 (2020) Kat:3, Licht: 0","187980","3","4","6","09","16","3","0","0","0","1","1","0"
"POINT (9.978559424000025 53.581646221000028)","Unfall 187981 (2020) Kat:3, Licht: 0","187981","3","6","2","08","08","2","0","0","1","1","0","0"
"POINT (10.004871723000065 53.440660438000066)","Unfall 187982 (2020) Kat:3, Licht: 0","187982","3","3","5","09","07","4","0","0","0","1","0","0"
"POINT (9.920617759000038 53.632907202000069)","Unfall 187983 (2020) Kat:3, Licht: 0","187983","3","5","1","09","12","3","0","0","1","1","0","0"
"POINT (9.935121685000070 53.566379681000058)","Unfall 187984 (2020) Kat:3, Licht: 0","187984","3","6","2","08","14","2","1","0","0","1","0","0"
"POINT (9.970063182000047 53.567601080000031)","Unfall 187985 (2020) Kat:3, Licht: 0","187985","3","2","2","08","16","2","0","0","0","1","0","0"
"POINT (10.014763785000071 53.560396029000060)","Unfall 187986 (2020) Kat:3, Licht: 0","187986","3","2","4","08","14","2","0","0","0","1","0","0"
"POINT (10.201796658000035 53.464697452000053)","Unfall 187987 (2020) Kat:3, Licht: 2","187987","3","1","8","08","04","1","0","2","0","1","0","0"
"POINT (9.990221452000071 53.487885379000033)","Unfall 187988 (2020) Kat:3, Licht: 0","187988","3","3","5","08","14","6","0","0","1","1","0","0"
"POINT (10.098983542000042 53.541145915000072)","Unfall 187989 (2020) Kat:3, Licht: 0","187989","3","2","3","08","14","2","0","0","1","1","0","0"
"POINT (10.101851074000024 53.449153802000069)","Unfall 187990 (2020) Kat:3, Licht: 0","187990","3","6","6","08","16","1","1","0","0","1","1","0"
"POINT (9.837548825000056 53.574211567000077)","Unfall 187991 (2020) Kat:3, Licht: 0","187991","3","6","2","09","13","6","0","0","0","1","0","0"
"POINT (10.037325793000036 53.558634134000044)","Unfall 187992 (2020) Kat:3, Licht: 0","187992","3","7","0","08","16","1","1","0","0","0","0","1"
"POINT (10.140766161000045 53.629254225000068)","Unfall 187993 (2020) Kat:2, Licht: 2","187993","2","3","5","08","23","1","1","2","0","1","0","0"
"POINT (10.070716031000075 53.572248915000046)","Unfall 187994 (2020) Kat:3, Licht: 0","187994","3","2","4","09","12","4","0","0","1","1","0","0"
"POINT (10.122164911000027 53.593310908000035)","Unfall 187995 (2020) Kat:3, Licht: 0","187995","3","6","3","08","16","6","0","0","1","1","0","0"
"POINT (10.128687710000065 53.607399742000041)","Unfall 187996 (2020) Kat:3, Licht: 0","187996","3","6","3","08","13","1","0","0","1","1","0","0"
"POINT (10.130776600000047 53.611818048000032)","Unfall 187997 (2020) Kat:3, Licht: 0","187997","3","2","3","08","13","6","0","0","0","1","0","0"
"POINT (10.152500477000046 53.603875785000071)","Unfall 187998 (2020) Kat:3, Licht: 0","187998","3","1","0","08","15","1","0","0","1","0","0","0"
"POINT (10.162768785000026 53.589621915000066)","Unfall 187999 (2020) Kat:3, Licht: 0","187999","3","3","5","08","10","6","1","0","1","1","0","0"
"POINT (10.067173282000056 53.582974967000041)","Unfall 188000 (2020) Kat:3, Licht: 0","188000","3","3","5","08","10","1","0","0","1","1","0","0"
"POINT (10.103975399000035 53.553559340000049)","Unfall 188001 (2020) Kat:3, Licht: 0","188001","3","3","5","09","14","5","0","0","0","1","0","0"
"POINT (9.977775950000023 53.580106876000059)","Unfall 188002 (2020) Kat:3, Licht: 0","188002","3","3","5","09","13","3","0","0","1","0","0","0"
"POINT (10.020226644000047 53.583910393000053)","Unfall 188003 (2020) Kat:3, Licht: 0","188003","3","3","0","08","10","6","1","0","0","1","0","1"
"POINT (10.074031199000046 53.611352145000069)","Unfall 188004 (2020) Kat:3, Licht: 0","188004","3","6","2","08","12","1","0","0","0","1","0","0"
"POINT (10.023401113000034 53.537822477000077)","Unfall 188005 (2020) Kat:3, Licht: 0","188005","3","3","5","09","13","6","0","0","0","1","0","0"
"POINT (10.070283475000053 53.604171063000081)","Unfall 188006 (2020) Kat:3, Licht: 0","188006","3","6","2","08","13","1","0","0","0","1","0","0"
"POINT (9.757462936000025 53.577304654000045)","Unfall 188007 (2020) Kat:3, Licht: 0","188007","3","6","3","08","13","1","0","0","0","1","0","1"
"POINT (10.008668181000075 53.574065208000036)","Unfall 188008 (2020) Kat:3, Licht: 0","188008","3","7","1","09","15","4","0","0","1","1","0","0"
"POINT (9.910948972000028 53.546073456000045)","Unfall 188009 (2020) Kat:2, Licht: 2","188009","2","4","6","08","00","1","1","2","0","1","1","0"
"POINT (10.014841002000026 53.574615026000060)","Unfall 188010 (2020) Kat:3, Licht: 0","188010","3","3","5","08","15","6","1","0","1","1","0","0"
"POINT (9.934824384000024 53.616216237000060)","Unfall 188011 (2020) Kat:3, Licht: 0","188011","3","7","0","08","17","1","0","0","1","0","0","0"
"POINT (9.934438890000024 53.551529731000073)","Unfall 188012 (2020) Kat:3, Licht: 0","188012","3","7","6","09","14","7","0","0","0","0","1","0"
"POINT (9.994438246000073 53.558768920000034)","Unfall 188013 (2020) Kat:3, Licht: 2","188013","3","7","0","08","01","1","0","2","1","0","0","0"
"POINT (9.891055210000047 53.608536778000030)","Unfall 188014 (2020) Kat:2, Licht: 0","188014","2","3","5","08","08","6","1","0","0","1","0","1"
"POINT (10.006281953000041 53.548345584000060)","Unfall 188015 (2020) Kat:3, Licht: 0","188015","3","6","3","08","11","1","0","0","0","1","0","0"
"POINT (10.113389769000037 53.656773810000061)","Unfall 188016 (2020) Kat:3, Licht: 0","188016","3","5","1","09","13","5","0","0","0","1","0","0"
"POINT (10.010560723000026 53.523034912000071)","Unfall 188017 (2020) Kat:3, Licht: 0","188017","3","7","0","08","14","1","0","0","1","0","0","0"
"POINT (10.132123754000077 53.561233568000034)","Unfall 188018 (2020) Kat:2, Licht: 2","188018","2","6","4","09","21","3","0","2","1","0","0","0"
"POINT (10.009324602000049 53.491837744000065)","Unfall 188019 (2020) Kat:3, Licht: 0","188019","3","2","4","08","16","7","0","0","1","1","0","0"
"POINT (9.912050228000055 53.633384922000062)","Unfall 188020 (2020) Kat:3, Licht: 0","188020","3","4","6","08","13","6","0","0","0","1","1","0"
"POINT (10.050299769000048 53.555370344000039)","Unfall 188021 (2020) Kat:3, Licht: 0","188021","3","2","3","08","13","7","0","0","1","1","0","0"
"POINT (9.993004202000066 53.557433648000028)","Unfall 188022 (2020) Kat:3, Licht: 0","188022","3","3","5","09","17","4","0","0","1","1","0","0"
"POINT (10.037761489000047 53.558953779000035)","Unfall 188023 (2020) Kat:3, Licht: 0","188023","3","6","2","08","08","7","0","0","0","1","0","0"
"POINT (9.988637531000052 53.582141800000045)","Unfall 188024 (2020) Kat:3, Licht: 0","188024","3","2","5","08","19","6","0","0","1","0","0","1"
"POINT (10.089227384000026 53.607413775000055)","Unfall 188025 (2020) Kat:3, Licht: 0","188025","3","6","2","08","14","7","0","0","0","1","0","0"
"POINT (9.857999940000070 53.475061657000026)","Unfall 188026 (2020) Kat:3, Licht: 0","188026","3","1","8","09","06","6","1","0","0","1","0","0"
"POINT (10.110755207000068 53.623878383000033)","Unfall 188027 (2020) Kat:3, Licht: 2","188027","3","1","9","08","01","7","1","2","0","1","0","0"