WKT,Name,OBJECTID,UKATEGORIE,UTYP1,UART,UMONAT,USTUNDE,UWOCHENTAG,STRZUSTAND,ULICHTVERH,ISTRAD,ISTPKW,ISTFUSS,ISTKRAD
"POINT (9.962761254000043 53.564465206000079)","Unfall 188028 (2020) Kat:3, Licht: 0","188028","3","2","5","08","14","6","0","0","1","0","0","0"
"POINT (10.061855402000049 53.637985760000049)","Unfall 188029 (2020) Kat:3, Licht: 2","188029","3","5","1","08","21","7","1","2","1","1","0","0"
"POINT (9.932939429000044 53.596857402000069)","Unfall 188030 (2020) Kat:3, Licht: 2","188030","3","3","5","09","22","5","1","2","1","1","0","0"
"POINT (9.945408773000054 53.551065427000026)","Unfall 188031 (2020) Kat:3, Licht: 0","188031","3","4","6","09","15","3","0","0","0","0","1","0"
"POINT (9.764645194000025 53.576912811000057)","Unfall 188032 (2020) Kat:3, Licht: 2","188032","3","5","1","08","01","7","0","2","1","1","0","0"
"POINT (10.137785327000074 53.631046028000071)","Unfall 188033 (2020) Kat:3, Licht: 0","188033","3","6","1","09","10","3","0","0","0","1","0","0"
"POINT (9.939847629000042 53.629740786000070)","Unfall 188034 (2020) Kat:3, Licht: 2","188034","3","3","5","08","20","7","1","2","0","1","0","1"
"POINT (9.956401559000028 53.549642465000034)","Unfall 188035 (2020) Kat:3, Licht: 0","188035","3","7","4","08","17","6","0","0","1","1","0","0"
"POINT (10.150584497000068 53.541781280000066)","Unfall 188036 (2020) Kat:3, Licht: 0","188036","3","7","8","08","14","2","0","0","0","0","0","1"
"POINT (9.960815013000058 53.631305252000061)","Unfall 188037 (2020) Kat:3, Licht: 0","188037","3","3","5","08","14","7","0","0","0","1","0","0"
"POINT (10.040819134000060 53.598743708000029)","Unfall 188038 (2020) Kat:3, Licht: 0","188038","3","7","0","09","17","6","0","0","1","0","0","0"
"POINT (9.940061767000032 53.559195836000072)","Unfall 188039 (2020) Kat:3, Licht: 0","188039","3","3","5","08","18","7","1","0","1","1","0","0"
"POINT (9.936328044000049 53.549011610000036)","Unfall 188040 (2020) Kat:3, Licht: 2","188040","3","3","5","08","00","7","0","2","0","1","0","0"
"POINT (10.030564627000047 53.548356253000065)","Unfall 188041 (2020) Kat:3, Licht: 0","188041","3","7","0","08","17","2","0","0","1","0","0","0"
"POINT (9.940465636000056 53.546160961000055)","Unfall 188042 (2020) Kat:3, Licht: 0","188042","3","5","1","08","13","7","0","0","1","1","0","0"
"POINT (10.063209114000074 53.596600551000051)","Unfall 188043 (2020) Kat:3, Licht: 0","188043","3","6","2","09","08","6","0","0","0","1","0","0"
"POINT (9.983724020000068 53.459902851000038)","Unfall 188044 (2020) Kat:3, Licht: 0","188044","3","2","5","08","08","6","0","0","1","1","0","0"
"POINT (10.015417593000052 53.491831597000044)","Unfall 188045 (2020) Kat:3, Licht: 0","188045","3","6","2","08","17","6","0","0","0","1","0","0"
"POINT (9.983556194000073 53.557890193000048)","Unfall 188046 (2020) Kat:3, Licht: 0","188046","3","3","5","09","09","5","0","0","1","0","0","0"
"POINT (10.017103925000072 53.491556234000029)","Unfall 188047 (2020) Kat:3, Licht: 0","188047","3","5","1","08","10","6","1","0","0","1","0","1"
"POINT (10.209533877000069 53.512985366000066)","Unfall 188048 (2020) Kat:3, Licht: 0","188048","3","2","5","08","15","6","0","0","0","1","0","1"
"POINT (10.001708969000049 53.555202308000048)","Unfall 188049 (2020) Kat:3, Licht: 2","188049","3","6","3","08","23","6","0","2","0","1","0","0"
"POINT (10.130096607000041 53.599695181000072)","Unfall 188050 (2020) Kat:3, Licht: 0","188050","3","2","4","08","11","2","0","0","0","1","0","0"
"POINT (10.110624584000050 53.526400674000058)","Unfall 188051 (2020) Kat:3, Licht: 0","188051","3","2","0","08","14","6","1","0","0","1","0","1"
"POINT (9.914595282000050 53.643609684000069)","Unfall 188052 (2020) Kat:2, Licht: 0","188052","2","6","2","09","12","6","0","0","0","1","0","0"
"POINT (10.130656307000038 53.529736719000027)","Unfall 188053 (2020) Kat:3, Licht: 0","188053","3","1","0","08","13","6","1","0","0","0","0","1"
"POINT (10.117938652000021 53.530028439000034)","Unfall 188054 (2020) Kat:3, Licht: 0","188054","3","6","0","08","13","6","1","0","0","0","0","1"
"POINT (10.178659222000022 53.645838371000082)","Unfall 188055 (2020) Kat:3, Licht: 0","188055","3","5","1","09","16","4","0","0","1","1","0","0"
"POINT (10.040078994000055 53.544246791000035)","Unfall 188056 (2020) Kat:3, Licht: 0","188056","3","2","3","08","14","6","1","0","0","1","0","0"
"POINT (10.201545087000056 53.499507762000064)","Unfall 188057 (2020) Kat:3, Licht: 2","188057","3","2","3","08","22","5","0","2","1","1","0","0"
"POINT (10.160894646000031 53.512473893000049)","Unfall 188058 (2020) Kat:3, Licht: 0","188058","3","3","5","09","09","4","0","0","1","1","0","0"
"POINT (10.215404663000072 53.485979553000050)","Unfall 188059 (2020) Kat:3, Licht: 0","188059","3","6","3","08","15","5","0","0","0","1","0","0"
"POINT (10.164528385000040 53.621507761000032)","Unfall 188060 (2020) Kat:3, Licht: 0","188060","3","6","3","08","17","6","0","0","0","1","0","1"
"POINT (10.108618615000069 53.549190259000056)","Unfall 188061 (2020) Kat:3, Licht: 2","188061","3","7","6","08","21","5","0","2","1","0","0","0"
"POINT (10.180878275000055 53.629949060000058)","Unfall 188062 (2020) Kat:3, Licht: 0","188062","3","3","5","08","18","6","0","0","1","1","0","0"
"POINT (10.096568527000045 53.542895507000026)","Unfall 188063 (2020) Kat:3, Licht: 2","188063","3","6","1","08","21","5","1","2","0","1","0","0"
"POINT (10.059317765000060 53.573209700000064)","Unfall 188064 (2020) Kat:3, Licht: 0","188064","3","2","3","08","15","6","0","0","1","1","0","0"
"POINT (9.795749816000068 53.514648143000045)","Unfall 188065 (2020) Kat:2, Licht: 2","188065","2","2","5","09","05","5","0","2","0","1","0","0"
"POINT (10.097348142000044 53.617817664000029)","Unfall 188066 (2020) Kat:3, Licht: 0","188066","3","7","6","08","14","6","1","0","0","1","1","0"
"POINT (10.061856975000069 53.610714822000034)","Unfall 188067 (2020) Kat:2, Licht: 0","188067","2","3","5","08","09","6","1","0","1","1","0","0"
"POINT (9.880979216000071 53.553116017000036)","Unfall 188068 (2020) Kat:3, Licht: 0","188068","3","2","3","09","18","4","0","0","1","1","0","0"
"POINT (10.103787470000043 53.701925529000050)","Unfall 188069 (2020) Kat:3, Licht: 0","188069","3","2","5","08","18","6","0","0","1","1","0","0"
"POINT (10.045759697000051 53.548262550000061)","Unfall 188070 (2020) Kat:3, Licht: 0","188070","3","3","5","08","16","5","0","0","0","1","0","0"
"POINT (10.002294701000039 53.606473211000036)","Unfall 188071 (2020) Kat:3, Licht: 0","188071","3","7","5","08","08","6","0","0","0","1","0","0"
"POINT (9.962215872000058 53.552515214000039)","Unfall 188072 (2020) Kat:3, Licht: 0","188072","3","4","6","09","16","7","0","0","0","1","1","0"
"POINT (9.998427450000065 53.608774674000074)","Unfall 188073 (2020) Kat:3, Licht: 0","188073","3","7","0","08","15","6","1","0","1","0","0","0"
"POINT (10.163377597000022 53.620608418000074)","Unfall 188074 (2020) Kat:3, Licht: 0","188074","3","5","1","08","08","5","0","0","1","0","0","0"
"POINT (10.046440480000058 53.586477513000034)","Unfall 188075 (2020) Kat:3, Licht: 0","188075","3","1","0","08","12","6","1","0","1","0","0","0"
"POINT (10.007362139000065 53.609262907000073)","Unfall 188076 (2020) Kat:3, Licht: 0","188076","3","3","5","09","16","5","1","0","1","1","0","0"
"POINT (10.058060290000071 53.592874723000079)","Unfall 188077 (2020) Kat:3, Licht: 0","188077","3","6","2","08","13","6","1","0","0","1","0","0"
"POINT (10.010630025000069 53.569811482000034)","Unfall 188078 (2020) Kat:3, Licht: 2","188078","3","7","0","09","01","7","0","2","0","0","0","0"
"POINT (9.888743599000065 53.567835893000051)","Unfall 188079 (2020) Kat:3, Licht: 0","188079","3","3","5","08","19","6","0","0","0","1","0","0"
"POINT (10.061196912000071 53.569979023000030)","Unfall 188080 (2020) Kat:3, Licht: 0","188080","3","7","3","08","11","5","0","0","0","1","0","0"
"POINT (9.904902654000068 53.595310013000073)","Unfall 188081 (2020) Kat:3, Licht: 0","188081","3","3","5","08","15","6","0","0","1","1","0","0"
"POINT (10.138652407000052 53.608450515000072)","Unfall 188082 (2020) Kat:3, Licht: 0","188082","3","3","5","09","15","5","0","0","1","1","0","0"
"POINT (9.857860744000050 53.598731124000039)","Unfall 188083 (2020) Kat:3, Licht: 0","188083","3","3","5","08","18","6","0","0","1","0","0","1"
"POINT (9.883492452000041 53.478438687000050)","Unfall 188084 (2020) Kat:3, Licht: 0","188084","3","2","4","09","18","3","0","0","1","1","0","0"
"POINT (9.985494792000054 53.583037580000052)","Unfall 188085 (2020) Kat:3, Licht: 2","188085","3","7","0","08","00","6","0","2","0","0","0","0"
"POINT (10.033877403000076 53.619681310000033)","Unfall 188086 (2020) Kat:3, Licht: 0","188086","3","6","2","08","17","5","0","0","0","1","0","0"
"POINT (9.986574487000041 53.555590333000055)","Unfall 188087 (2020) Kat:3, Licht: 0","188087","3","2","5","08","17","6","0","0","1","0","0","0"
"POINT (10.187864229000070 53.501480137000044)","Unfall 188088 (2020) Kat:3, Licht: 0","188088","3","6","6","09","07","6","0","0","1","0","1","0"
"POINT (9.994799025000077 53.557450187000029)","Unfall 188089 (2020) Kat:3, Licht: 0","188089","3","6","2","08","13","6","1","0","0","1","0","0"
"POINT (10.065012725000031 53.597809681000058)","Unfall 188090 (2020) Kat:3, Licht: 0","188090","3","6","2","08","17","5","0","0","0","1","0","0"
"POINT (10.003786639000054 53.520321060000072)","Unfall 188091 (2020) Kat:3, Licht: 0","188091","3","3","5","08","11","5","0","0","1","0","0","0"
"POINT (9.910486828000046 53.559681948000048)","Unfall 188092 (2020) Kat:2, Licht: 0","188092","2","2","4","09","16","5","1","0","1","0","0","0"
"POINT (9.998675175000074 53.498777556000050)","Unfall 188093 (2020) Kat:3, Licht: 0","188093","3","7","3","08","10","5","0","0","0","1","0","1"
"POINT (10.240607034000050 53.432527400000026)","Unfall 188094 (2020) Kat:3, Licht: 0","188094","3","7","2","08","17","5","0","0","0","1","0","1"
"POINT (10.102379985000027 53.542189377000057)","Unfall 188095 (2020) Kat:3, Licht: 0","188095","3","5","1","09","16","3","0","0","1","1","0","0"
"POINT (10.182599311000047 53.488770553000052)","Unfall 188096 (2020) Kat:3, Licht: 0","188096","3","3","5","08","14","5","0","0","1","1","0","0"
"POINT (10.136206734000041 53.647969023000030)","Unfall 188097 (2020) Kat:3, Licht: 0","188097","3","5","1","08","17","5","0","0","1","1","0","0"
"POINT (10.074741543000073 53.566405915000075)","Unfall 188098 (2020) Kat:3, Licht: 0","188098","3","6","2","08","14","2","0","0","0","1","0","0"
"POINT (10.139658354000062 53.582096193000041)","Unfall 188099 (2020) Kat:3, Licht: 0","188099","3","6","2","08","19","5","0","0","0","1","0","0"
"POINT (10.012961902000029 53.588604695000072)","Unfall 188100 (2020) Kat:3, Licht: 0","188100","3","1","0","09","12","6","0","0","0","0","0","0"
"POINT (10.064918616000057 53.582545443000072)","Unfall 188101 (2020) Kat:3, Licht: 0","188101","3","3","5","08","12","5","0","0","1","1","0","0"
"POINT (9.962861227000076 53.564493409000079)","Unfall 188102 (2020) Kat:3, Licht: 0","188102","3","3","5","09","17","3","0","0","1","0","0","0"
"POINT (10.076625751000051 53.591584653000041)","Unfall 188103 (2020) Kat:3, Licht: 0","188103","3","6","2","08","09","5","0","0","0","1","0","0"
"POINT (9.858732761000056 53.476792351000029)","Unfall 188104 (2020) Kat:3, Licht: 0","188104","3","3","5","09","16","4","0","0","1","1","0","0"
"POINT (9.965831503000061 53.562429885000029)","Unfall 188105 (2020) Kat:3, Licht: 2","188105","3","7","0","09","22","3","0","2","1","0","0","0"
"POINT (10.070862332000047 53.596475190000035)","Unfall 188106 (2020) Kat:3, Licht: 0","188106","3","6","3","08","16","5","0","0","1","1","0","0"
"POINT (10.161685590000047 53.652183313000080)","Unfall 188107 (2020) Kat:3, Licht: 0","188107","3","6","2","08","06","5","0","0","0","1","0","0"
"POINT (10.098589195000045 53.643056489000060)","Unfall 188108 (2020) Kat:3, Licht: 0","188108","3","3","0","08","12","5","0","0","0","1","0","0"
"POINT (10.026645193000036 53.626144376000070)","Unfall 188109 (2020) Kat:3, Licht: 0","188109","3","3","5","08","17","5","0","0","1","1","0","0"
"POINT (10.123780541000031 53.588951872000052)","Unfall 188110 (2020) Kat:3, Licht: 0","188110","3","2","4","09","07","3","0","0","1","1","0","0"
"POINT (9.987393508000025 53.581372809000072)","Unfall 188111 (2020) Kat:2, Licht: 0","188111","2","2","3","09","11","6","0","0","1","1","0","0"
"POINT (10.071708175000026 53.607475279000028)","Unfall 188112 (2020) Kat:3, Licht: 0","188112","3","2","5","09","18","6","0","0","1","1","0","0"
"POINT (10.096673072000044 53.690120374000060)","Unfall 188113 (2020) Kat:3, Licht: 0","188113","3","6","2","09","15","1","0","0","0","1","0","0"
"POINT (10.072284722000063 53.608716720000075)","Unfall 188114 (2020) Kat:3, Licht: 2","188114","3","2","6","09","06","2","0","2","0","1","1","0"
"POINT (10.017484204000027 53.549541113000032)","Unfall 188115 (2020) Kat:3, Licht: 0","188115","3","2","3","09","16","4","0","0","0","1","0","0"
"POINT (10.181068829000026 53.512072174000082)","Unfall 188116 (2020) Kat:3, Licht: 0","188116","3","6","2","09","09","4","0","0","0","1","0","0"
"POINT (10.191609879000055 53.495926086000054)","Unfall 188117 (2020) Kat:2, Licht: 1","188117","2","3","5","09","05","2","0","1","1","1","0","0"
"POINT (10.088036785000043 53.655984434000061)","Unfall 188118 (2020) Kat:3, Licht: 0","188118","3","2","4","09","18","3","0","0","0","1","0","0"
"POINT (10.048337727000046 53.540752329000043)","Unfall 188119 (2020) Kat:2, Licht: 0","188119","2","2","4","09","16","4","1","0","0","1","0","0"
"POINT (10.054231368000046 53.590367743000058)","Unfall 188120 (2020) Kat:3, Licht: 0","188120","3","6","3","09","16","1","0","0","0","1","0","0"
"POINT (10.087812804000066 53.605688743000030)","Unfall 188121 (2020) Kat:3, Licht: 0","188121","3","3","5","09","09","3","0","0","0","1","0","0"
"POINT (10.208237594000025 53.489742260000071)","Unfall 188122 (2020) Kat:3, Licht: 0","188122","3","7","0","09","09","7","0","0","1","0","0","0"
"POINT (9.806485641000052 53.573696790000042)","Unfall 188123 (2020) Kat:3, Licht: 0","188123","3","5","1","09","19","1","0","0","0","1","0","0"
"POINT (9.957491924000067 53.569902774000070)","Unfall 188124 (2020) Kat:3, Licht: 0","188124","3","2","3","09","11","6","0","0","1","0","0","0"
"POINT (9.910792775000061 53.565843937000068)","Unfall 188125 (2020) Kat:3, Licht: 0","188125","3","7","0","09","13","1","0","0","1","0","0","0"
"POINT (10.069481542000062 53.555341603000045)","Unfall 188126 (2020) Kat:3, Licht: 0","188126","3","5","2","09","08","5","0","0","1","1","0","0"
"POINT (10.164315194000039 53.612245449000056)","Unfall 188127 (2020) Kat:3, Licht: 0","188127","3","3","5","09","17","4","1","0","0","1","0","1"
"POINT (10.168059682000035 53.647552439000037)","Unfall 188128 (2020) Kat:3, Licht: 0","188128","3","6","2","09","07","4","0","0","0","1","0","1"
"POINT (9.941692963000037 53.622049467000068)","Unfall 188129 (2020) Kat:3, Licht: 0","188129","3","2","5","09","09","2","0","0","0","1","0","0"
"POINT (9.898615510000070 53.592720701000076)","Unfall 188130 (2020) Kat:3, Licht: 0","188130","3","2","5","09","09","3","0","0","1","1","0","0"
"POINT (10.092683398000077 53.654560633000074)","Unfall 188131 (2020) Kat:3, Licht: 1","188131","3","4","6","09","19","4","0","1","0","1","1","0"
"POINT (9.897900228000026 53.607559939000055)","Unfall 188132 (2020) Kat:3, Licht: 0","188132","3","3","5","09","07","3","0","0","1","0","0","0"
"POINT (10.124005650000072 53.588775261000080)","Unfall 188133 (2020) Kat:3, Licht: 0","188133","3","6","4","09","15","4","0","0","1","0","0","0"
"POINT (10.147272997000073 53.667500169000050)","Unfall 188134 (2020) Kat:3, Licht: 0","188134","3","5","1","09","10","2","0","0","0","1","0","0"
"POINT (10.055827059000023 53.591503828000043)","Unfall 188135 (2020) Kat:3, Licht: 0","188135","3","2","5","09","16","3","0","0","0","1","0","0"
"POINT (10.022131187000070 53.679153460000066)","Unfall 188136 (2020) Kat:3, Licht: 0","188136","3","5","5","09","08","4","0","0","1","1","0","0"
"POINT (10.013211343000023 53.618941482000082)","Unfall 188137 (2020) Kat:3, Licht: 1","188137","3","6","4","09","18","3","0","1","0","1","0","1"
"POINT (10.060692091000021 53.570680970000069)","Unfall 188138 (2020) Kat:2, Licht: 0","188138","2","2","5","09","09","7","0","0","1","1","0","0"
"POINT (9.962348133000035 53.599659678000080)","Unfall 188139 (2020) Kat:3, Licht: 0","188139","3","6","3","09","14","1","0","0","0","1","0","0"
"POINT (10.044408680000060 53.567271856000048)","Unfall 188140 (2020) Kat:3, Licht: 0","188140","3","6","3","09","17","4","1","0","0","1","0","0"
"POINT (10.008941555000035 53.552157253000075)","Unfall 188141 (2020) Kat:3, Licht: 0","188141","3","3","5","09","11","6","0","0","0","1","0","0"
"POINT (9.936074235000035 53.555643719000045)","Unfall 188142 (2020) Kat:3, Licht: 2","188142","3","1","0","09","01","1","0","2","1","0","0","0"
"POINT (10.031679335000035 53.569779704000041)","Unfall 188143 (2020) Kat:3, Licht: 0","188143","3","4","6","09","15","5","0","0","0","1","1","0"
"POINT (10.032518225000047 53.572899944000028)","Unfall 188144 (2020) Kat:2, Licht: 0","188144","2","6","0","09","12","4","0","0","1","0","0","0"
"POINT (9.912512016000051 53.559028384000044)","Unfall 188145 (2020) Kat:3, Licht: 0","188145","3","3","5","09","16","4","0","0","1","0","0","0"
"POINT (9.992708156000049 53.574398132000056)","Unfall 188146 (2020) Kat:3, Licht: 0","188146","3","5","1","09","15","2","0","0","0","1","0","0"
"POINT (9.932469703000038 53.552201936000074)","Unfall 188147 (2020) Kat:3, Licht: 0","188147","3","6","6","09","12","3","0","0","1","0","1","0"
"POINT (10.053472097000054 53.592608686000062)","Unfall 188148 (2020) Kat:2, Licht: 0","188148","2","1","0","09","16","4","1","0","0","0","0","1"
"POINT (9.854732312000067 53.535425194000027)","Unfall 188149 (2020) Kat:3, Licht: 0","188149","3","1","0","09","18","6","0","0","0","1","0","0"
"POINT (9.957885023000074 53.551635267000051)","Unfall 188150 (2020) Kat:3, Licht: 2","188150","3","2","6","09","01","1","0","2","0","1","1","0"
"POINT (10.004754872000035 53.598417645000040)","Unfall 188151 (2020) Kat:3, Licht: 2","188151","3","3","5","09","20","2","0","2","0","1","0","0"
"POINT (10.031181710000055 53.566112058000044)","Unfall 188152 (2020) Kat:3, Licht: 0","188152","3","5","3","09","09","4","0","0","1","1","0","0"
"POINT (10.000017095000032 53.555977476000066)","Unfall 188153 (2020) Kat:3, Licht: 0","188153","3","6","2","09","07","1","0","0","0","1","0","0"
"POINT (9.990860862000034 53.560384698000064)","Unfall 188154 (2020) Kat:2, Licht: 1","188154","2","3","5","09","19","7","0","1","1","1","0","0"
"POINT (9.879831838000030 53.474475601000051)","Unfall 188155 (2020) Kat:3, Licht: 0","188155","3","6","4","09","17","7","0","0","1","1","0","0"
"POINT (9.866957964000051 53.596313542000075)","Unfall 188156 (2020) Kat:3, Licht: 2","188156","3","3","5","09","21","4","0","2","1","1","0","0"
"POINT (9.877124832000050 53.533657470000037)","Unfall 188157 (2020) Kat:3, Licht: 0","188157","3","7","6","09","18","7","0","0","0","1","1","0"
"POINT (9.942143519000069 53.615832538000063)","Unfall 188158 (2020) Kat:3, Licht: 0","188158","3","6","4","09","18","5","0","0","1","1","0","0"
"POINT (9.853137556000036 53.593270483000026)","Unfall 188159 (2020) Kat:3, Licht: 1","188159","3","3","5","09","18","4","1","1","1","1","0","0"
"POINT (9.947157360000063 53.551114847000065)","Unfall 188160 (2020) Kat:3, Licht: 0","188160","3","3","5","09","18","4","0","0","1","0","0","0"
"POINT (10.162139351000064 53.483599297000069)","Unfall 188161 (2020) Kat:3, Licht: 2","188161","3","3","5","09","19","1","0","2","0","1","0","0"
"POINT (9.993708894000065 53.557750417000079)","Unfall 188162 (2020) Kat:3, Licht: 0","188162","3","3","5","09","16","3","0","0","1","1","0","0"
"POINT (9.949052344000052 53.595625217000077)","Unfall 188163 (2020) Kat:3, Licht: 0","188163","3","2","5","09","11","4","0","0","1","1","0","0"
"POINT (10.119557093000026 53.606417920000069)","Unfall 188164 (2020) Kat:3, Licht: 0","188164","3","3","1","09","18","6","0","0","1","1","0","0"
"POINT (10.151686846000075 53.538930176000065)","Unfall 188165 (2020) Kat:3, Licht: 2","188165","3","1","8","09","20","7","0","2","0","1","0","0"
"POINT (9.895489081000051 53.611107561000040)","Unfall 188166 (2020) Kat:3, Licht: 0","188166","3","7","8","09","17","2","0","0","1","0","0","0"
"POINT (9.917686267000022 53.553730028000075)","Unfall 188167 (2020) Kat:3, Licht: 0","188167","3","2","6","09","09","4","0","0","0","1","1","0"
"POINT (9.877495827000075 53.502099127000065)","Unfall 188168 (2020) Kat:2, Licht: 0","188168","2","2","4","09","13","4","0","0","0","1","0","1"
"POINT (10.063133392000054 53.571036609000032)","Unfall 188169 (2020) Kat:3, Licht: 2","188169","3","7","0","09","21","3","0","2","0","0","0","1"
"POINT (9.962424867000038 53.561438076000059)","Unfall 188170 (2020) Kat:3, Licht: 0","188170","3","7","5","09","18","4","1","0","0","1","0","1"
"POINT (10.096545024000022 53.619000325000059)","Unfall 188171 (2020) Kat:2, Licht: 2","188171","2","2","6","09","20","7","0","2","0","0","1","0"
"POINT (9.874374344000046 53.474229084000058)","Unfall 188172 (2020) Kat:3, Licht: 0","188172","3","2","3","09","15","3","0","0","1","1","0","0"
"POINT (9.941747641000063 53.565413204000038)","Unfall 188173 (2020) Kat:3, Licht: 0","188173","3","7","0","09","16","5","0","0","0","0","0","1"
"POINT (9.980403651000074 53.460864279000077)","Unfall 188174 (2020) Kat:3, Licht: 0","188174","3","4","6","09","16","3","0","0","1","0","1","0"
"POINT (9.965794954000046 53.565325759000075)","Unfall 188175 (2020) Kat:3, Licht: 0","188175","3","7","0","09","11","4","0","0","1","0","0","0"
"POINT (9.988109639000072 53.555060256000047)","Unfall 188176 (2020) Kat:3, Licht: 0","188176","3","7","2","09","10","4","0","0","0","1","0","1"
"POINT (10.127207817000055 53.642186118000041)","Unfall 188177 (2020) Kat:2, Licht: 0","188177","2","2","4","09","10","1","0","0","0","1","0","1"
"POINT (10.026683524000020 53.626522417000047)","Unfall 188178 (2020) Kat:3, Licht: 0","188178","3","7","2","09","07","6","0","0","0","0","0","1"
"POINT (10.013061479000044 53.579684269000040)","Unfall 188179 (2020) Kat:3, Licht: 0","188179","3","7","0","09","18","7","1","0","1","0","0","0"
"POINT (9.917457806000073 53.599573431000067)","Unfall 188180 (2020) Kat:3, Licht: 0","188180","3","1","0","09","17","2","0","0","1","0","0","0"
"POINT (9.954347801000040 53.547938420000037)","Unfall 188181 (2020) Kat:3, Licht: 0","188181","3","7","0","09","14","4","0","0","0","0","1","0"
"POINT (10.132454988000063 53.534722075000047)","Unfall 188182 (2020) Kat:2, Licht: 0","188182","2","6","2","09","17","4","0","0","0","1","0","1"
"POINT (10.146301195000035 53.593107552000049)","Unfall 188183 (2020) Kat:3, Licht: 0","188183","3","6","4","09","08","2","0","0","1","1","0","0"
"POINT (10.181465609000043 53.641288298000063)","Unfall 188184 (2020) Kat:3, Licht: 0","188184","3","6","6","09","07","3","0","0","0","0","1","0"
"POINT (9.962594639000031 53.548630689000049)","Unfall 188185 (2020) Kat:3, Licht: 2","188185","3","7","0","09","00","4","1","2","0","0","0","0"
"POINT (10.056742909000036 53.569572235000066)","Unfall 188186 (2020) Kat:2, Licht: 2","188186","2","1","0","09","04","7","0","2","1","0","0","0"
"POINT (10.077112014000022 53.653113806000079)","Unfall 188187 (2020) Kat:2, Licht: 0","188187","2","2","5","09","19","3","0","0","1","1","0","0"
"POINT (10.061144042000024 53.547812386000032)","Unfall 188188 (2020) Kat:3, Licht: 0","188188","3","3","0","09","15","7","0","0","0","1","0","1"
"POINT (10.017669996000052 53.564223577000064)","Unfall 188189 (2020) Kat:3, Licht: 2","188189","3","1","0","09","04","7","0","2","0","0","0","0"
"POINT (9.942306535000057 53.555458678000036)","Unfall 188190 (2020) Kat:3, Licht: 0","188190","3","6","3","09","08","6","0","0","0","1","0","1"
"POINT (9.982708396000021 53.588853152000070)","Unfall 188191 (2020) Kat:3, Licht: 0","188191","3","2","3","09","11","7","0","0","1","1","0","0"
"POINT (10.095315100000050 53.656161706000034)","Unfall 188192 (2020) Kat:3, Licht: 0","188192","3","3","5","09","17","5","0","0","1","1","0","0"
"POINT (10.000875208000025 53.544911963000061)","Unfall 188193 (2020) Kat:3, Licht: 0","188193","3","2","4","09","13","1","0","0","1","1","0","0"
"POINT (9.990553919000035 53.560378413000080)","Unfall 188194 (2020) Kat:3, Licht: 0","188194","3","3","5","09","12","7","0","0","1","1","0","0"
"POINT (9.924548690000052 53.571248734000051)","Unfall 188195 (2020) Kat:3, Licht: 0","188195","3","3","5","09","12","6","0","0","1","1","0","0"
"POINT (9.971600142000057 53.552653584000041)","Unfall 188196 (2020) Kat:3, Licht: 0","188196","3","7","0","09","11","7","0","0","1","0","0","0"
"POINT (9.981651693000060 53.458650732000081)","Unfall 188197 (2020) Kat:3, Licht: 0","188197","3","5","1","09","17","5","0","0","1","1","0","0"
"POINT (10.001474316000042 53.551215468000066)","Unfall 188198 (2020) Kat:3, Licht: 0","188198","3","4","6","09","14","4","0","0","0","0","1","0"
"POINT (10.151184753000052 53.584958926000070)","Unfall 188199 (2020) Kat:3, Licht: 0","188199","3","7","1","09","07","4","0","0","0","1","0","0"
"POINT (10.045151175000058 53.566329306000057)","Unfall 188200 (2020) Kat:3, Licht: 0","188200","3","2","5","09","12","2","0","0","1","0","0","0"
"POINT (10.024070072000029 53.568389576000072)","Unfall 188201 (2020) Kat:3, Licht: 2","188201","3","6","4","09","22","3","0","2","1","0","0","0"
"POINT (9.951095365000072 53.468423950000044)","Unfall 188202 (2020) Kat:3, Licht: 0","188202","3","1","8","09","06","3","0","0","0","1","0","0"
"POINT (10.043165462000047 53.585752592000063)","Unfall 188203 (2020) Kat:3, Licht: 0","188203","3","5","1","09","10","3","0","0","1","1","0","0"
"POINT (10.031932536000056 53.626336486000071)","Unfall 188204 (2020) Kat:3, Licht: 0","188204","3","3","5","09","14","7","0","0","0","1","0","1"
"POINT (10.002244579000035 53.557072752000067)","Unfall 188205 (2020) Kat:3, Licht: 0","188205","3","3","5","09","08","7","0","0","0","1","0","0"
"POINT (9.955363624000029 53.455906810000045)","Unfall 188206 (2020) Kat:2, Licht: 0","188206","2","2","0","09","16","3","0","0","1","1","0","0"
"POINT (10.054205070000023 53.506305029000032)","Unfall 188207 (2020) Kat:3, Licht: 0","188207","3","6","3","09","15","6","0","0","1","1","0","0"
"POINT (9.898331481000071 53.549486584000078)","Unfall 188208 (2020) Kat:3, Licht: 2","188208","3","3","5","09","19","5","0","2","1","1","0","0"
"POINT (9.961868454000069 53.461369958000034)","Unfall 188209 (2020) Kat:3, Licht: 0","188209","3","5","1","09","10","3","0","0","1","1","0","0"
"POINT (9.978064837000034 53.594295034000027)","Unfall 188210 (2020) Kat:3, Licht: 0","188210","3","2","5","09","15","4","0","0","1","0","0","0"
"POINT (9.849094335000075 53.536526490000028)","Unfall 188211 (2020) Kat:2, Licht: 0","188211","2","5","1","09","13","1","0","0","1","1","0","0"