WKT,Name,OBJECTID,UKATEGORIE,UTYP1,UART,UMONAT,USTUNDE,UWOCHENTAG,STRZUSTAND,ULICHTVERH,ISTRAD,ISTPKW,ISTFUSS,ISTKRAD
"POINT (9.993112823000047 53.543180265000046)","Unfall 188212 (2020) Kat:3, Licht: 0","188212","3","2","5","09","09","3","0","0","1","1","0","0"
"POINT (10.002950919000057 53.497544114000050)","Unfall 188213 (2020) Kat:3, Licht: 0","188213","3","6","2","09","07","3","0","0","0","1","0","0"
"POINT (9.986136667000039 53.506284433000076)","Unfall 188214 (2020) Kat:3, Licht: 0","188214","3","7","0","09","07","3","0","0","0","0","1","0"
"POINT (10.034220450000021 53.574459558000058)","Unfall 188215 (2020) Kat:3, Licht: 0","188215","3","6","4","09","15","4","0","0","1","0","0","0"
"POINT (9.943395556000041 53.548254633000056)","Unfall 188216 (2020) Kat:3, Licht: 2","188216","3","5","1","09","20","2","0","2","1","1","0","0"
"POINT (9.983878117000074 53.604854174000081)","Unfall 188217 (2020) Kat:3, Licht: 0","188217","3","4","6","09","11","3","0","0","0","1","1","0"
"POINT (10.047421924000048 53.560320492000074)","Unfall 188218 (2020) Kat:3, Licht: 0","188218","3","5","1","09","15","3","0","0","0","1","0","0"
"POINT (9.874668491000023 53.561743454000066)","Unfall 188219 (2020) Kat:3, Licht: 0","188219","3","3","5","09","09","3","0","0","1","1","0","0"
"POINT (9.958500739000044 53.549627175000069)","Unfall 188220 (2020) Kat:3, Licht: 2","188220","3","4","6","09","22","7","0","2","1","0","1","0"
"POINT (10.156568988000060 53.451854041000047)","Unfall 188221 (2020) Kat:3, Licht: 0","188221","3","7","6","09","14","6","0","0","0","1","1","0"
"POINT (10.106022631000030 53.570541901000070)","Unfall 188222 (2020) Kat:3, Licht: 0","188222","3","6","2","09","14","3","0","0","0","1","0","0"
"POINT (10.206514785000024 53.477767611000047)","Unfall 188223 (2020) Kat:3, Licht: 0","188223","3","2","5","09","14","6","0","0","1","1","0","0"
"POINT (9.972303688000068 53.581622148000065)","Unfall 188224 (2020) Kat:3, Licht: 0","188224","3","6","3","09","08","5","0","0","1","0","0","0"
"POINT (9.999810375000038 53.675635478000061)","Unfall 188225 (2020) Kat:3, Licht: 0","188225","3","3","5","09","18","3","0","0","1","1","0","0"
"POINT (9.977058706000037 53.577834316000065)","Unfall 188226 (2020) Kat:3, Licht: 0","188226","3","6","3","09","15","4","0","0","0","1","0","0"
"POINT (10.021221319000063 53.550021154000035)","Unfall 188227 (2020) Kat:2, Licht: 0","188227","2","3","5","09","18","1","0","0","0","1","0","0"
"POINT (10.080609539000022 53.607251581000071)","Unfall 188228 (2020) Kat:2, Licht: 0","188228","2","4","6","09","14","6","0","0","0","1","1","0"
"POINT (10.192956037000044 53.507952326000066)","Unfall 188229 (2020) Kat:3, Licht: 0","188229","3","7","1","09","11","6","0","0","0","1","0","0"
"POINT (9.956986631000063 53.628669478000063)","Unfall 188230 (2020) Kat:3, Licht: 0","188230","3","4","6","09","12","2","0","0","1","0","1","0"
"POINT (10.209319451000056 53.489923915000077)","Unfall 188231 (2020) Kat:3, Licht: 2","188231","3","7","0","09","00","6","0","2","0","0","0","0"
"POINT (10.274088623000068 53.426858416000073)","Unfall 188232 (2020) Kat:2, Licht: 0","188232","2","1","0","09","18","6","0","0","1","0","0","0"
"POINT (9.989105998000071 53.565106133000029)","Unfall 188233 (2020) Kat:3, Licht: 0","188233","3","7","6","09","09","2","0","0","0","1","1","0"
"POINT (10.026631814000041 53.569032086000050)","Unfall 188234 (2020) Kat:3, Licht: 0","188234","3","6","3","09","13","3","0","0","0","1","0","0"
"POINT (9.969710754000062 53.557316689000061)","Unfall 188235 (2020) Kat:3, Licht: 1","188235","3","4","6","09","19","5","0","1","1","0","1","0"
"POINT (10.108639837000055 53.559896451000043)","Unfall 188236 (2020) Kat:2, Licht: 0","188236","2","4","6","09","08","3","0","0","0","1","1","0"
"POINT (10.051252704000035 53.571730993000074)","Unfall 188237 (2020) Kat:3, Licht: 0","188237","3","2","3","09","17","3","1","0","1","1","0","0"
"POINT (9.926563257000055 53.555311998000036)","Unfall 188238 (2020) Kat:3, Licht: 0","188238","3","7","0","09","08","3","1","0","1","0","0","0"
"POINT (9.983260377000022 53.524302131000070)","Unfall 188239 (2020) Kat:3, Licht: 0","188239","3","2","2","09","10","4","0","0","0","1","0","0"
"POINT (9.998775870000031 53.564426666000031)","Unfall 188240 (2020) Kat:3, Licht: 0","188240","3","7","0","09","14","1","0","0","1","0","0","0"
"POINT (10.025803654000072 53.580487398000059)","Unfall 188241 (2020) Kat:3, Licht: 0","188241","3","5","1","09","13","6","0","0","1","1","0","0"
"POINT (10.145815044000074 53.618278401000055)","Unfall 188242 (2020) Kat:3, Licht: 0","188242","3","7","0","09","12","6","0","0","0","0","0","0"
"POINT (9.964178676000074 53.558197005000068)","Unfall 188243 (2020) Kat:3, Licht: 0","188243","3","6","3","09","18","2","0","0","1","0","0","1"
"POINT (9.952109339000060 53.474173012000051)","Unfall 188244 (2020) Kat:3, Licht: 0","188244","3","6","2","09","16","6","0","0","0","1","0","0"
"POINT (9.853916039000069 53.555377330000056)","Unfall 188245 (2020) Kat:3, Licht: 0","188245","3","5","1","09","15","3","0","0","0","1","0","0"
"POINT (9.926668189000054 53.555367126000078)","Unfall 188246 (2020) Kat:3, Licht: 0","188246","3","7","0","09","08","3","1","0","0","0","0","1"
"POINT (10.117728062000026 53.600018156000033)","Unfall 188247 (2020) Kat:3, Licht: 0","188247","3","3","0","09","18","4","0","0","1","0","0","0"
"POINT (10.141032121000023 53.589042764000055)","Unfall 188248 (2020) Kat:3, Licht: 0","188248","3","2","6","09","18","2","0","0","0","1","1","0"
"POINT (10.013781785000049 53.638978000000066)","Unfall 188249 (2020) Kat:3, Licht: 0","188249","3","2","3","09","12","3","0","0","1","0","0","1"
"POINT (9.917698681000047 53.553762379000034)","Unfall 188250 (2020) Kat:3, Licht: 0","188250","3","3","5","09","06","3","1","0","1","1","0","0"
"POINT (9.979681620000065 53.572452677000058)","Unfall 188251 (2020) Kat:3, Licht: 0","188251","3","7","3","09","19","3","1","0","0","1","0","1"
"POINT (9.965754795000066 53.565085052000029)","Unfall 188252 (2020) Kat:3, Licht: 0","188252","3","7","6","09","14","3","0","0","0","1","1","0"
"POINT (10.147973206000074 53.489954409000063)","Unfall 188253 (2020) Kat:3, Licht: 1","188253","3","3","0","09","06","4","0","1","1","1","0","0"
"POINT (9.988078879000057 53.510826076000058)","Unfall 188254 (2020) Kat:3, Licht: 0","188254","3","3","5","09","16","2","0","0","1","1","0","0"
"POINT (10.057283554000037 53.673231702000066)","Unfall 188255 (2020) Kat:2, Licht: 0","188255","2","3","5","09","18","3","0","0","0","1","0","1"
"POINT (9.971049294000068 53.562446121000050)","Unfall 188256 (2020) Kat:3, Licht: 0","188256","3","7","4","09","13","3","0","0","0","1","0","0"
"POINT (10.094049664000067 53.656691538000075)","Unfall 188257 (2020) Kat:2, Licht: 0","188257","2","7","0","09","15","6","0","0","0","0","0","0"
"POINT (10.043761722000056 53.546934416000056)","Unfall 188258 (2020) Kat:2, Licht: 0","188258","2","1","9","09","15","3","0","0","0","0","0","1"
"POINT (10.221515841000041 53.485227717000043)","Unfall 188259 (2020) Kat:2, Licht: 0","188259","2","3","5","09","16","7","0","0","1","0","0","0"
"POINT (10.085903886000040 53.663828292000062)","Unfall 188260 (2020) Kat:3, Licht: 0","188260","3","6","4","09","11","6","0","0","1","1","0","0"
"POINT (9.956371819000026 53.570321958000079)","Unfall 188261 (2020) Kat:3, Licht: 0","188261","3","2","3","09","14","6","0","0","1","1","0","0"
"POINT (10.027632982000057 53.662663856000052)","Unfall 188262 (2020) Kat:3, Licht: 0","188262","3","1","0","09","14","6","0","0","1","0","0","0"
"POINT (10.184415962000060 53.489807780000035)","Unfall 188263 (2020) Kat:3, Licht: 0","188263","3","4","6","09","16","5","0","0","0","1","1","0"
"POINT (10.001644623000061 53.551241416000039)","Unfall 188264 (2020) Kat:3, Licht: 0","188264","3","7","6","09","17","3","0","0","0","0","0","0"
"POINT (9.972861007000063 53.558819364000044)","Unfall 188265 (2020) Kat:3, Licht: 0","188265","3","6","4","09","15","3","0","0","1","0","0","0"
"POINT (10.069510107000042 53.600324347000026)","Unfall 188266 (2020) Kat:3, Licht: 0","188266","3","3","5","09","14","4","0","0","0","1","0","0"
"POINT (9.900408164000055 53.559577155000056)","Unfall 188267 (2020) Kat:3, Licht: 0","188267","3","7","0","09","18","2","0","0","1","0","0","0"
"POINT (9.933741862000034 53.590759227000035)","Unfall 188268 (2020) Kat:3, Licht: 2","188268","3","2","4","09","05","3","0","2","1","0","0","0"
"POINT (9.969613198000047 53.550067834000060)","Unfall 188269 (2020) Kat:3, Licht: 2","188269","3","2","5","09","22","3","1","2","0","1","0","1"
"POINT (9.890906243000075 53.608505198000046)","Unfall 188270 (2020) Kat:3, Licht: 0","188270","3","7","1","09","15","3","0","0","1","1","0","0"
"POINT (9.942420294000044 53.551856488000055)","Unfall 188271 (2020) Kat:3, Licht: 0","188271","3","6","3","09","14","7","0","0","1","0","0","0"
"POINT (9.915467819000071 53.595697144000042)","Unfall 188272 (2020) Kat:3, Licht: 0","188272","3","3","5","09","17","6","0","0","1","1","0","0"
"POINT (10.001382744000068 53.549958995000054)","Unfall 188273 (2020) Kat:3, Licht: 0","188273","3","6","2","09","16","3","0","0","1","0","0","0"
"POINT (10.007285239000055 53.652883571000075)","Unfall 188274 (2020) Kat:2, Licht: 0","188274","2","2","5","09","17","3","0","0","1","1","0","0"
"POINT (10.081163365000066 53.585428831000058)","Unfall 188275 (2020) Kat:3, Licht: 2","188275","3","3","5","09","23","7","0","2","0","1","0","0"
"POINT (9.945183054000040 53.585317135000082)","Unfall 188276 (2020) Kat:3, Licht: 0","188276","3","3","5","09","15","6","0","0","0","0","0","1"
"POINT (10.021402178000073 53.556499002000066)","Unfall 188277 (2020) Kat:3, Licht: 0","188277","3","3","6","09","16","3","1","0","1","0","1","0"
"POINT (9.996492465000074 53.541550978000032)","Unfall 188278 (2020) Kat:3, Licht: 0","188278","3","2","5","09","07","6","0","0","0","1","0","0"
"POINT (9.909888157000069 53.572687519000056)","Unfall 188279 (2020) Kat:3, Licht: 0","188279","3","6","4","09","10","6","0","0","1","0","0","0"
"POINT (10.015854001000037 53.568989124000041)","Unfall 188280 (2020) Kat:3, Licht: 2","188280","3","2","3","09","18","5","0","2","0","1","0","0"
"POINT (9.982482219000076 53.452788903000055)","Unfall 188281 (2020) Kat:3, Licht: 0","188281","3","4","6","09","07","2","0","0","0","1","1","0"
"POINT (9.954031234000070 53.546305484000072)","Unfall 188282 (2020) Kat:3, Licht: 0","188282","3","7","0","09","16","3","0","0","1","0","0","0"
"POINT (9.902596215000074 53.606606568000075)","Unfall 188283 (2020) Kat:3, Licht: 2","188283","3","2","5","09","05","4","0","2","0","0","0","0"
"POINT (9.979912936000062 53.568559196000081)","Unfall 188284 (2020) Kat:3, Licht: 0","188284","3","4","6","09","15","2","0","0","1","0","1","0"
"POINT (9.936553615000037 53.551870085000076)","Unfall 188285 (2020) Kat:3, Licht: 0","188285","3","4","6","09","10","3","0","0","0","1","1","0"
"POINT (10.012059780000072 53.494181149000042)","Unfall 188286 (2020) Kat:3, Licht: 0","188286","3","3","5","09","14","2","0","0","1","1","0","0"
"POINT (9.979501442000071 53.481175739000037)","Unfall 188287 (2020) Kat:3, Licht: 0","188287","3","7","0","09","08","7","0","0","1","0","0","0"
"POINT (9.887310675000038 53.563144998000041)","Unfall 188288 (2020) Kat:3, Licht: 0","188288","3","2","4","09","10","6","0","0","1","0","0","0"
"POINT (9.993074799000056 53.557343814000035)","Unfall 188289 (2020) Kat:3, Licht: 0","188289","3","7","0","09","19","2","0","0","1","0","0","0"
"POINT (10.201859965000040 53.467209640000078)","Unfall 188290 (2020) Kat:3, Licht: 0","188290","3","6","3","09","10","2","0","0","0","1","0","0"
"POINT (9.902825904000054 53.563941561000036)","Unfall 188291 (2020) Kat:3, Licht: 0","188291","3","3","5","09","16","6","0","0","1","1","0","0"
"POINT (9.933170850000067 53.545643843000050)","Unfall 188292 (2020) Kat:3, Licht: 0","188292","3","3","5","09","18","5","0","0","1","0","0","1"
"POINT (9.987642774000051 53.439014506000035)","Unfall 188293 (2020) Kat:3, Licht: 2","188293","3","1","0","09","19","3","0","2","0","0","0","1"
"POINT (10.119554274000052 53.543508471000052)","Unfall 188294 (2020) Kat:3, Licht: 0","188294","3","6","4","09","14","2","0","0","1","0","0","0"
"POINT (9.945143339000026 53.625578556000050)","Unfall 188295 (2020) Kat:3, Licht: 0","188295","3","3","5","09","16","6","0","0","1","0","0","0"
"POINT (9.920820359000061 53.632732863000058)","Unfall 188296 (2020) Kat:3, Licht: 0","188296","3","3","0","09","07","5","0","0","1","1","0","0"
"POINT (10.053127598000060 53.557267692000039)","Unfall 188297 (2020) Kat:3, Licht: 0","188297","3","3","5","09","11","2","0","0","1","1","0","0"
"POINT (9.953122832000076 53.549539947000028)","Unfall 188298 (2020) Kat:3, Licht: 0","188298","3","2","4","09","18","4","0","0","1","1","0","0"
"POINT (10.000491161000070 53.514904064000063)","Unfall 188299 (2020) Kat:3, Licht: 2","188299","3","5","1","09","19","1","0","2","1","1","0","0"
"POINT (9.980790432000049 53.554979985000045)","Unfall 188300 (2020) Kat:3, Licht: 0","188300","3","6","2","09","09","3","0","0","0","0","0","1"
"POINT (10.016050193000069 53.548596835000069)","Unfall 188301 (2020) Kat:3, Licht: 0","188301","3","3","5","09","07","2","0","0","0","1","0","1"
"POINT (10.036852389000046 53.558642450000036)","Unfall 188302 (2020) Kat:3, Licht: 0","188302","3","6","2","09","17","6","0","0","0","1","0","0"
"POINT (9.978712301000030 53.590137218000052)","Unfall 188303 (2020) Kat:3, Licht: 0","188303","3","3","5","09","13","6","0","0","1","0","0","0"
"POINT (9.917241429000058 53.511904243000060)","Unfall 188304 (2020) Kat:3, Licht: 0","188304","3","6","2","09","11","2","0","0","0","0","0","0"
"POINT (10.164176591000057 53.589983795000080)","Unfall 188305 (2020) Kat:3, Licht: 0","188305","3","6","4","09","13","2","0","0","1","0","0","0"
"POINT (9.985577289000048 53.545026110000038)","Unfall 188306 (2020) Kat:3, Licht: 0","188306","3","6","4","09","18","3","0","0","1","0","0","0"
"POINT (9.873764442000038 53.474177518000033)","Unfall 188307 (2020) Kat:3, Licht: 0","188307","3","3","6","09","18","4","0","0","0","0","1","0"
"POINT (10.058404374000077 53.577479875000051)","Unfall 188308 (2020) Kat:3, Licht: 2","188308","3","6","4","09","21","3","0","2","0","1","0","0"
"POINT (10.121597275000056 53.616117603000077)","Unfall 188309 (2020) Kat:3, Licht: 0","188309","3","3","5","09","08","2","1","0","1","0","0","0"
"POINT (10.003827917000024 53.557431358000031)","Unfall 188310 (2020) Kat:3, Licht: 0","188310","3","2","3","09","14","3","0","0","1","0","0","0"
"POINT (9.863834095000073 53.469393282000055)","Unfall 188311 (2020) Kat:2, Licht: 0","188311","2","4","6","09","07","3","0","0","0","1","1","0"
"POINT (9.978865970000072 53.544071416000065)","Unfall 188312 (2020) Kat:3, Licht: 0","188312","3","6","3","09","15","1","0","0","1","0","0","0"
"POINT (9.961583909000069 53.559135266000055)","Unfall 188313 (2020) Kat:3, Licht: 0","188313","3","2","5","09","11","4","0","0","1","1","0","0"
"POINT (10.076167824000038 53.591943627000035)","Unfall 188314 (2020) Kat:3, Licht: 0","188314","3","2","6","09","15","1","0","0","0","1","1","0"
"POINT (10.108928479000042 53.647866827000030)","Unfall 188315 (2020) Kat:3, Licht: 0","188315","3","3","5","09","07","6","0","0","1","1","0","0"
"POINT (9.942049218000022 53.551864289000036)","Unfall 188316 (2020) Kat:3, Licht: 2","188316","3","6","4","09","21","6","0","2","1","0","0","0"
"POINT (9.888413798000045 53.478055094000069)","Unfall 188317 (2020) Kat:3, Licht: 0","188317","3","6","2","09","13","1","0","0","0","1","0","0"
"POINT (10.067962963000070 53.582380561000036)","Unfall 188318 (2020) Kat:3, Licht: 0","188318","3","3","6","09","10","2","0","0","0","0","1","0"
"POINT (10.208083262000059 53.494593844000065)","Unfall 188319 (2020) Kat:3, Licht: 0","188319","3","2","3","09","14","4","0","0","1","1","0","0"
"POINT (10.144796693000046 53.591414651000036)","Unfall 188320 (2020) Kat:3, Licht: 0","188320","3","6","4","09","08","2","0","0","1","1","0","0"
"POINT (10.127910324000027 53.644911382000032)","Unfall 188321 (2020) Kat:3, Licht: 0","188321","3","3","5","09","18","3","0","0","1","0","0","0"
"POINT (10.075601826000025 53.579404754000052)","Unfall 188322 (2020) Kat:3, Licht: 0","188322","3","7","6","09","14","2","0","0","1","0","1","0"
"POINT (9.924041824000028 53.521015821000049)","Unfall 188323 (2020) Kat:3, Licht: 0","188323","3","6","2","09","14","6","0","0","0","1","0","0"
"POINT (10.158661732000041 53.646185042000070)","Unfall 188324 (2020) Kat:3, Licht: 0","188324","3","2","3","09","15","3","0","0","1","1","0","0"
"POINT (10.145373346000042 53.544312778000062)","Unfall 188325 (2020) Kat:3, Licht: 0","188325","3","6","2","09","10","7","0","0","0","1","0","0"
"POINT (9.885895133000076 53.478335074000029)","Unfall 188326 (2020) Kat:3, Licht: 0","188326","3","6","2","09","13","5","0","0","0","1","0","0"
"POINT (9.955971601000044 53.601869254000064)","Unfall 188327 (2020) Kat:3, Licht: 0","188327","3","5","1","09","13","6","0","0","1","1","0","0"
"POINT (9.991753855000070 53.483237419000034)","Unfall 188328 (2020) Kat:3, Licht: 0","188328","3","6","1","09","14","5","0","0","0","1","0","0"
"POINT (10.025572704000069 53.551244881000059)","Unfall 188329 (2020) Kat:3, Licht: 0","188329","3","6","3","09","16","5","0","0","0","1","0","1"
"POINT (10.076478038000062 53.615952587000038)","Unfall 188330 (2020) Kat:3, Licht: 0","188330","3","3","5","09","19","2","0","0","1","1","0","0"
"POINT (9.989659619000065 53.458281391000071)","Unfall 188331 (2020) Kat:3, Licht: 0","188331","3","3","5","09","17","2","0","0","1","1","0","0"
"POINT (10.162292233000073 53.656745825000030)","Unfall 188332 (2020) Kat:2, Licht: 0","188332","2","7","0","09","10","4","0","0","1","0","0","0"
"POINT (9.867282373000023 53.588223308000067)","Unfall 188333 (2020) Kat:3, Licht: 0","188333","3","2","3","09","07","6","0","0","0","1","0","1"
"POINT (9.994608799000048 53.513618628000074)","Unfall 188334 (2020) Kat:3, Licht: 0","188334","3","4","6","09","18","5","0","0","0","1","1","0"
"POINT (9.843024016000072 53.536548146000030)","Unfall 188335 (2020) Kat:3, Licht: 0","188335","3","1","8","09","11","5","0","0","0","0","0","1"
"POINT (10.062132415000065 53.595866645000058)","Unfall 188336 (2020) Kat:3, Licht: 0","188336","3","6","2","09","12","2","0","0","0","1","0","0"
"POINT (10.167337808000070 53.624748083000043)","Unfall 188337 (2020) Kat:3, Licht: 0","188337","3","3","5","09","07","4","0","0","1","1","0","0"
"POINT (10.028707372000042 53.622652363000043)","Unfall 188338 (2020) Kat:3, Licht: 0","188338","3","7","0","09","07","2","0","0","1","0","0","0"
"POINT (10.049593701000049 53.573717272000067)","Unfall 188339 (2020) Kat:2, Licht: 0","188339","2","3","5","09","07","3","0","0","1","1","0","0"
"POINT (10.086144727000033 53.682567537000068)","Unfall 188340 (2020) Kat:3, Licht: 0","188340","3","3","5","09","19","2","0","0","0","1","0","0"
"POINT (10.014348083000073 53.592022350000036)","Unfall 188341 (2020) Kat:3, Licht: 0","188341","3","5","1","09","11","3","0","0","1","1","0","0"
"POINT (10.128576508000037 53.640004486000066)","Unfall 188342 (2020) Kat:3, Licht: 0","188342","3","6","4","09","18","7","0","0","0","1","0","0"
"POINT (10.045490635000021 53.608130362000054)","Unfall 188343 (2020) Kat:3, Licht: 2","188343","3","3","5","09","22","5","0","2","0","1","0","0"
"POINT (10.057605387000024 53.636689250000074)","Unfall 188344 (2020) Kat:3, Licht: 0","188344","3","7","0","09","08","2","1","0","0","0","0","1"
"POINT (9.979325369000037 53.465049332000035)","Unfall 188345 (2020) Kat:3, Licht: 0","188345","3","3","5","09","14","6","0","0","0","1","0","0"
"POINT (10.059915104000027 53.594245359000070)","Unfall 188346 (2020) Kat:3, Licht: 1","188346","3","6","2","09","19","5","0","1","0","1","0","0"
"POINT (9.865044700000055 53.557058808000079)","Unfall 188347 (2020) Kat:3, Licht: 0","188347","3","3","5","09","15","5","0","0","1","1","0","0"
"POINT (10.028701414000068 53.676191413000026)","Unfall 188348 (2020) Kat:3, Licht: 0","188348","3","6","4","09","08","2","0","0","0","0","0","0"
"POINT (9.959869062000053 53.625053653000066)","Unfall 188349 (2020) Kat:3, Licht: 0","188349","3","6","4","09","10","4","0","0","0","1","0","1"
"POINT (9.990564895000034 53.560391467000045)","Unfall 188350 (2020) Kat:3, Licht: 0","188350","3","6","3","09","09","2","0","0","1","0","0","0"
"POINT (9.917651416000069 53.548444503000042)","Unfall 188351 (2020) Kat:3, Licht: 1","188351","3","2","5","09","18","3","0","1","0","1","0","0"
"POINT (10.011951279000073 53.589392984000028)","Unfall 188352 (2020) Kat:3, Licht: 0","188352","3","7","0","09","08","2","1","0","1","0","0","0"
"POINT (9.980129275000024 53.424666513000034)","Unfall 188353 (2020) Kat:3, Licht: 0","188353","3","7","0","09","07","6","0","0","1","0","0","0"
"POINT (10.044568594000054 53.642273606000060)","Unfall 188354 (2020) Kat:3, Licht: 0","188354","3","3","5","09","15","5","0","0","1","1","0","0"
"POINT (9.989230388000067 53.589376254000058)","Unfall 188355 (2020) Kat:3, Licht: 0","188355","3","6","2","09","14","2","0","0","1","1","0","0"
"POINT (9.959940429000028 53.634086047000039)","Unfall 188356 (2020) Kat:3, Licht: 0","188356","3","7","0","09","15","3","0","0","1","0","1","0"
"POINT (9.888173067000025 53.575941692000072)","Unfall 188357 (2020) Kat:3, Licht: 0","188357","3","1","6","09","12","2","0","0","0","0","1","0"
"POINT (9.877737922000051 53.589616702000058)","Unfall 188358 (2020) Kat:3, Licht: 0","188358","3","3","5","09","16","3","0","0","1","1","0","0"
"POINT (9.990616407000061 53.560452722000036)","Unfall 188359 (2020) Kat:3, Licht: 0","188359","3","3","5","09","16","7","0","0","0","0","0","1"
"POINT (10.004825562000065 53.587525522000078)","Unfall 188360 (2020) Kat:3, Licht: 0","188360","3","6","3","09","15","5","0","0","1","0","0","0"
"POINT (9.873398091000070 53.547191672000054)","Unfall 188361 (2020) Kat:3, Licht: 0","188361","3","7","0","09","07","2","1","0","0","0","0","1"
"POINT (10.040045619000068 53.579895058000034)","Unfall 188362 (2020) Kat:3, Licht: 0","188362","3","6","4","09","07","5","0","0","1","0","0","0"
"POINT (9.958703932000049 53.596993564000059)","Unfall 188363 (2020) Kat:3, Licht: 0","188363","3","2","5","09","11","5","0","0","1","1","0","0"
"POINT (9.950939489000064 53.546502508000060)","Unfall 188364 (2020) Kat:3, Licht: 0","188364","3","7","3","09","16","2","0","0","0","1","0","1"
"POINT (10.206367979000049 53.480462054000043)","Unfall 188365 (2020) Kat:3, Licht: 0","188365","3","7","4","09","11","2","0","0","0","0","0","0"
"POINT (9.938127797000050 53.550318520000076)","Unfall 188366 (2020) Kat:3, Licht: 0","188366","3","3","5","09","11","4","0","0","1","1","0","0"
"POINT (10.157628569000053 53.480790831000036)","Unfall 188367 (2020) Kat:3, Licht: 2","188367","3","1","1","09","02","1","0","2","0","1","0","0"
"POINT (9.977500288000044 53.575270397000054)","Unfall 188368 (2020) Kat:3, Licht: 0","188368","3","7","0","09","08","2","1","0","0","0","0","1"
"POINT (10.081850397000039 53.576376050000079)","Unfall 188369 (2020) Kat:3, Licht: 0","188369","3","2","3","09","08","6","0","0","1","0","0","0"
"POINT (9.796220411000036 53.577458352000065)","Unfall 188370 (2020) Kat:3, Licht: 0","188370","3","3","5","09","11","5","0","0","0","1","0","0"
"POINT (10.043364515000064 53.474043505000054)","Unfall 188371 (2020) Kat:3, Licht: 0","188371","3","5","1","09","12","1","0","0","1","1","0","0"
"POINT (9.975471939000045 53.560213290000036)","Unfall 188372 (2020) Kat:3, Licht: 0","188372","3","7","9","09","05","2","1","0","0","0","0","0"
"POINT (10.011317363000046 53.501740604000076)","Unfall 188373 (2020) Kat:3, Licht: 0","188373","3","3","5","09","17","4","0","0","1","1","0","0"
"POINT (10.190292547000070 53.636285631000078)","Unfall 188374 (2020) Kat:2, Licht: 0","188374","2","2","3","09","13","1","0","0","0","1","0","0"
"POINT (10.001958881000064 53.557153771000060)","Unfall 188375 (2020) Kat:3, Licht: 0","188375","3","6","1","09","08","2","1","0","0","1","0","0"
"POINT (9.971133020000025 53.571106934000056)","Unfall 188376 (2020) Kat:3, Licht: 0","188376","3","7","0","09","16","5","0","0","1","0","0","0"
"POINT (9.975825959000076 53.511820830000033)","Unfall 188377 (2020) Kat:3, Licht: 1","188377","3","6","2","09","06","3","0","1","0","1","0","0"
"POINT (9.969377722000047 53.446776864000071)","Unfall 188378 (2020) Kat:3, Licht: 2","188378","3","1","9","09","03","1","0","2","0","1","0","0"
"POINT (10.006696201000068 53.547731749000036)","Unfall 188379 (2020) Kat:3, Licht: 0","188379","3","7","0","09","08","4","0","0","1","0","0","0"
"POINT (10.016516600000045 53.562066833000074)","Unfall 188380 (2020) Kat:3, Licht: 0","188380","3","6","2","09","14","1","0","0","0","1","0","0"
"POINT (10.030237236000062 53.619419398000048)","Unfall 188381 (2020) Kat:3, Licht: 0","188381","3","6","3","09","14","6","0","0","1","0","0","0"
"POINT (9.818234966000034 53.565384720000054)","Unfall 188382 (2020) Kat:3, Licht: 0","188382","3","6","3","09","12","5","0","0","1","1","0","0"
"POINT (10.072989035000035 53.595747317000075)","Unfall 188383 (2020) Kat:3, Licht: 0","188383","3","6","6","09","17","1","0","0","1","0","1","0"
"POINT (10.158477691000030 53.692639226000040)","Unfall 188384 (2020) Kat:3, Licht: 0","188384","3","1","9","09","17","1","1","0","0","1","0","0"
"POINT (10.055149334000021 53.555441729000052)","Unfall 188385 (2020) Kat:3, Licht: 0","188385","3","3","5","09","12","4","0","0","1","1","0","0"
"POINT (10.156337449000034 53.588078256000074)","Unfall 188386 (2020) Kat:3, Licht: 0","188386","3","2","5","09","11","2","0","0","1","1","0","0"
"POINT (10.112527170000021 53.654934324000067)","Unfall 188387 (2020) Kat:3, Licht: 0","188387","3","5","1","09","14","3","0","0","1","1","0","0"
"POINT (9.878719912000065 53.592449030000068)","Unfall 188388 (2020) Kat:3, Licht: 0","188388","3","6","4","09","16","1","0","0","1","0","0","0"
"POINT (10.004415877000042 53.657485889000043)","Unfall 188389 (2020) Kat:3, Licht: 0","188389","3","3","5","09","07","3","0","0","1","1","0","0"
"POINT (10.039678447000028 53.546446435000064)","Unfall 188390 (2020) Kat:3, Licht: 0","188390","3","1","8","09","12","7","0","0","0","0","0","0"
"POINT (9.867032369000071 53.584747240000070)","Unfall 188391 (2020) Kat:3, Licht: 0","188391","3","6","2","09","16","5","0","0","0","1","0","0"
"POINT (9.956760656000029 53.446370685000034)","Unfall 188392 (2020) Kat:3, Licht: 2","188392","3","3","5","09","20","2","0","2","1","1","0","0"
"POINT (10.082466409000062 53.611146140000074)","Unfall 188393 (2020) Kat:3, Licht: 0","188393","3","6","3","09","11","3","0","0","1","1","0","0"
"POINT (9.954544075000058 53.567703025000071)","Unfall 188394 (2020) Kat:3, Licht: 2","188394","3","7","0","09","00","1","0","2","0","1","0","0"
"POINT (9.912036935000060 53.641948536000029)","Unfall 188395 (2020) Kat:3, Licht: 0","188395","3","3","5","09","07","5","1","0","1","1","0","0"
"POINT (10.120592724000062 53.534693758000060)","Unfall 188396 (2020) Kat:3, Licht: 2","188396","3","5","1","09","19","3","0","2","0","1","0","1"