WKT,Name,OBJECTID,UKATEGORIE,UTYP1,UART,UMONAT,USTUNDE,UWOCHENTAG,STRZUSTAND,ULICHTVERH,ISTRAD,ISTPKW,ISTFUSS,ISTKRAD
"POINT (9.986064775000045 53.456214119000037)","Unfall 188397 (2020) Kat:3, Licht: 2","188397","3","3","5","09","01","7","0","2","0","1","0","0"
"POINT (9.918264388000068 53.552971801000069)","Unfall 188398 (2020) Kat:3, Licht: 0","188398","3","3","5","09","08","5","0","0","1","1","0","0"
"POINT (9.961303744000077 53.573913354000069)","Unfall 188399 (2020) Kat:3, Licht: 0","188399","3","7","3","09","13","6","0","0","0","1","0","0"
"POINT (9.995914348000042 53.566855995000026)","Unfall 188400 (2020) Kat:3, Licht: 0","188400","3","1","0","09","10","5","1","0","0","0","0","1"
"POINT (9.964123015000041 53.461441284000045)","Unfall 188401 (2020) Kat:3, Licht: 0","188401","3","7","0","09","13","5","0","0","1","0","0","0"
"POINT (9.948544251000044 53.573682144000031)","Unfall 188402 (2020) Kat:3, Licht: 0","188402","3","7","6","09","15","1","1","0","0","1","1","0"
"POINT (10.059225778000041 53.574331316000041)","Unfall 188403 (2020) Kat:3, Licht: 0","188403","3","2","4","09","08","4","0","0","1","1","0","0"
"POINT (9.916071633000058 53.600342567000041)","Unfall 188404 (2020) Kat:3, Licht: 0","188404","3","2","5","09","15","2","0","0","1","1","0","0"
"POINT (10.020024066000076 53.565567147000081)","Unfall 188405 (2020) Kat:3, Licht: 0","188405","3","2","3","09","17","3","0","0","1","1","0","0"
"POINT (9.951316853000037 53.545038702000056)","Unfall 188406 (2020) Kat:3, Licht: 0","188406","3","5","0","09","12","1","0","0","1","1","0","0"
"POINT (10.035457419000068 53.576697933000048)","Unfall 188407 (2020) Kat:3, Licht: 0","188407","3","5","1","09","08","3","0","0","1","1","0","0"
"POINT (9.984111402000053 53.599473111000066)","Unfall 188408 (2020) Kat:3, Licht: 0","188408","3","6","2","09","16","7","0","0","0","1","0","0"
"POINT (10.005670260000045 53.552134387000081)","Unfall 188409 (2020) Kat:3, Licht: 0","188409","3","6","2","09","14","5","0","0","0","1","0","0"
"POINT (9.982299481000041 53.568064640000046)","Unfall 188410 (2020) Kat:3, Licht: 0","188410","3","7","1","09","16","1","1","0","0","1","0","1"
"POINT (9.894613147000030 53.477476656000078)","Unfall 188411 (2020) Kat:3, Licht: 0","188411","3","3","5","09","14","4","0","0","1","0","0","0"
"POINT (9.882897802000059 53.593202952000070)","Unfall 188412 (2020) Kat:2, Licht: 0","188412","2","1","9","09","10","5","0","0","0","1","0","0"
"POINT (9.976951449000069 53.546282333000079)","Unfall 188413 (2020) Kat:3, Licht: 0","188413","3","4","6","09","16","1","0","0","1","0","1","0"
"POINT (10.005000801000051 53.557642453000028)","Unfall 188414 (2020) Kat:3, Licht: 0","188414","3","3","5","09","16","1","1","0","0","1","0","0"
"POINT (9.975486827000054 53.544719657000030)","Unfall 188415 (2020) Kat:3, Licht: 0","188415","3","6","2","09","09","6","0","0","0","1","0","0"
"POINT (9.867996857000037 53.486952726000027)","Unfall 188416 (2020) Kat:3, Licht: 2","188416","3","6","3","09","21","4","1","2","1","0","0","0"
"POINT (10.094421428000032 53.678918362000047)","Unfall 188417 (2020) Kat:3, Licht: 0","188417","3","2","5","09","13","5","0","0","1","1","0","0"
"POINT (9.873232981000058 53.509100601000057)","Unfall 188418 (2020) Kat:3, Licht: 0","188418","3","6","4","09","09","7","1","0","0","1","0","0"
"POINT (9.903434430000061 53.608963314000050)","Unfall 188419 (2020) Kat:3, Licht: 0","188419","3","6","2","09","15","4","0","0","0","1","0","0"
"POINT (9.973398289000045 53.574169940000047)","Unfall 188420 (2020) Kat:3, Licht: 0","188420","3","3","6","09","13","2","0","0","0","0","1","0"
"POINT (9.923138447000042 53.555806552000035)","Unfall 188421 (2020) Kat:3, Licht: 0","188421","3","2","3","09","13","3","0","0","1","1","0","0"
"POINT (10.196590235000031 53.503111907000061)","Unfall 188422 (2020) Kat:3, Licht: 0","188422","3","7","0","09","15","7","0","0","0","1","0","0"
"POINT (9.947274343000061 53.589869195000063)","Unfall 188423 (2020) Kat:3, Licht: 0","188423","3","3","5","09","16","3","0","0","1","1","0","0"
"POINT (9.995443377000072 53.543485476000058)","Unfall 188424 (2020) Kat:3, Licht: 0","188424","3","6","3","09","12","7","0","0","0","0","0","1"
"POINT (10.207321479000029 53.503621446000068)","Unfall 188425 (2020) Kat:3, Licht: 0","188425","3","3","5","09","13","4","0","0","1","1","0","0"
"POINT (10.185646996000060 53.511415301000056)","Unfall 188426 (2020) Kat:3, Licht: 0","188426","3","3","5","09","13","7","0","0","0","1","0","0"
"POINT (10.080767388000027 53.531884951000052)","Unfall 188427 (2020) Kat:3, Licht: 0","188427","3","2","4","09","16","4","0","0","0","1","0","0"
"POINT (9.961459022000042 53.583686739000029)","Unfall 188428 (2020) Kat:3, Licht: 0","188428","3","5","1","09","10","5","0","0","0","1","0","0"
"POINT (10.008813337000049 53.555578021000031)","Unfall 188429 (2020) Kat:2, Licht: 1","188429","2","3","5","09","20","4","0","1","1","0","0","0"
"POINT (10.035924014000045 53.535946492000051)","Unfall 188430 (2020) Kat:3, Licht: 0","188430","3","6","2","09","15","7","0","0","0","1","0","0"
"POINT (9.989857905000065 53.562458264000043)","Unfall 188431 (2020) Kat:3, Licht: 0","188431","3","5","1","09","18","4","0","0","1","1","0","0"
"POINT (10.051566866000030 53.530838614000061)","Unfall 188432 (2020) Kat:2, Licht: 0","188432","2","4","6","09","12","1","0","0","1","0","1","0"
"POINT (9.916735587000062 53.544268134000049)","Unfall 188433 (2020) Kat:3, Licht: 2","188433","3","6","6","09","20","4","0","2","1","0","1","0"
"POINT (9.877971921000039 53.502219129000082)","Unfall 188434 (2020) Kat:2, Licht: 0","188434","2","6","2","09","09","1","0","0","1","0","0","0"
"POINT (9.985969856000054 53.550250435000066)","Unfall 188435 (2020) Kat:3, Licht: 1","188435","3","2","3","09","19","3","0","1","1","1","0","0"
"POINT (10.156110396000031 53.600065767000046)","Unfall 188436 (2020) Kat:3, Licht: 0","188436","3","6","2","09","18","7","1","0","0","1","0","0"
"POINT (10.125161229000071 53.533393116000070)","Unfall 188437 (2020) Kat:3, Licht: 0","188437","3","3","5","09","12","6","0","0","0","1","0","0"
"POINT (10.144670113000075 53.545171557000060)","Unfall 188438 (2020) Kat:3, Licht: 0","188438","3","2","5","09","15","4","0","0","0","1","0","0"
"POINT (10.067101147000074 53.639663894000080)","Unfall 188439 (2020) Kat:3, Licht: 0","188439","3","7","0","09","12","1","0","0","1","0","0","0"
"POINT (10.011963853000054 53.624848171000053)","Unfall 188440 (2020) Kat:3, Licht: 1","188440","3","2","3","09","19","7","0","1","0","1","0","1"
"POINT (10.209985670000037 53.510655950000057)","Unfall 188441 (2020) Kat:3, Licht: 0","188441","3","2","6","09","14","2","0","0","0","0","1","0"
"POINT (10.009706433000076 53.549966853000058)","Unfall 188442 (2020) Kat:3, Licht: 0","188442","3","2","5","09","13","5","0","0","1","1","0","0"
"POINT (10.113751891000049 53.576465657000028)","Unfall 188443 (2020) Kat:3, Licht: 0","188443","3","3","5","09","11","3","0","0","0","1","0","0"
"POINT (9.994201449000059 53.601698152000040)","Unfall 188444 (2020) Kat:3, Licht: 0","188444","3","3","5","09","12","7","0","0","1","1","0","0"
"POINT (10.050319684000044 53.532747703000041)","Unfall 188445 (2020) Kat:3, Licht: 0","188445","3","3","5","09","15","2","0","0","0","1","0","0"
"POINT (9.912228326000047 53.512695155000074)","Unfall 188446 (2020) Kat:3, Licht: 0","188446","3","6","2","09","10","3","0","0","0","1","0","0"
"POINT (10.005233883000074 53.547904298000049)","Unfall 188447 (2020) Kat:3, Licht: 0","188447","3","3","5","09","16","1","0","0","0","1","0","1"
"POINT (10.049129129000050 53.585143649000031)","Unfall 188448 (2020) Kat:3, Licht: 0","188448","3","7","4","09","15","6","0","0","0","1","0","1"
"POINT (10.032489907000070 53.557331641000076)","Unfall 188449 (2020) Kat:3, Licht: 0","188449","3","2","4","09","18","4","1","0","0","1","0","0"
"POINT (9.799309710000046 53.514299210000047)","Unfall 188450 (2020) Kat:2, Licht: 0","188450","2","6","4","09","14","5","0","0","0","1","0","0"
"POINT (10.038174793000053 53.592927937000070)","Unfall 188451 (2020) Kat:3, Licht: 0","188451","3","3","5","09","16","7","1","0","0","1","0","0"
"POINT (10.082176363000031 53.577521947000037)","Unfall 188452 (2020) Kat:3, Licht: 0","188452","3","3","5","10","14","4","0","0","0","1","0","0"
"POINT (10.122584747000076 53.644209436000040)","Unfall 188453 (2020) Kat:3, Licht: 2","188453","3","3","5","09","06","6","0","2","0","1","0","1"
"POINT (10.082840253000029 53.589358298000036)","Unfall 188454 (2020) Kat:1, Licht: 0","188454","1","7","6","10","12","5","0","0","0","1","1","0"
"POINT (10.174612797000066 53.606937221000067)","Unfall 188455 (2020) Kat:2, Licht: 2","188455","2","4","6","09","19","7","1","2","0","1","1","0"
"POINT (9.997732234000068 53.552213080000058)","Unfall 188456 (2020) Kat:3, Licht: 0","188456","3","7","6","10","15","2","0","0","0","1","0","0"
"POINT (10.004645509000056 53.657105449000028)","Unfall 188457 (2020) Kat:3, Licht: 0","188457","3","6","2","10","10","2","1","0","0","1","0","0"
"POINT (10.083805706000021 53.536515084000030)","Unfall 188458 (2020) Kat:3, Licht: 0","188458","3","7","2","09","16","3","0","0","0","1","0","0"
"POINT (10.031923521000067 53.563006829000074)","Unfall 188459 (2020) Kat:3, Licht: 0","188459","3","3","6","10","18","1","0","0","1","0","1","0"
"POINT (10.014044257000023 53.649362289000067)","Unfall 188460 (2020) Kat:3, Licht: 0","188460","3","6","2","09","13","6","0","0","0","1","0","0"
"POINT (9.863867363000054 53.465191956000069)","Unfall 188461 (2020) Kat:3, Licht: 0","188461","3","3","5","09","07","2","1","0","1","1","0","0"
"POINT (10.015238570000065 53.518999012000052)","Unfall 188462 (2020) Kat:3, Licht: 2","188462","3","6","2","10","23","5","1","2","0","1","0","0"
"POINT (9.926301522000074 53.610235632000069)","Unfall 188463 (2020) Kat:3, Licht: 0","188463","3","2","0","09","08","6","1","0","0","1","0","0"
"POINT (10.018861888000060 53.652241311000068)","Unfall 188464 (2020) Kat:3, Licht: 0","188464","3","6","4","10","13","6","0","0","1","0","0","0"
"POINT (10.073515564000047 53.565710309000053)","Unfall 188465 (2020) Kat:3, Licht: 0","188465","3","2","6","10","13","3","1","0","0","0","1","0"
"POINT (9.955286820000026 53.551683297000068)","Unfall 188466 (2020) Kat:3, Licht: 0","188466","3","3","5","10","17","4","0","0","1","1","0","0"
"POINT (9.911121460000061 53.603158858000029)","Unfall 188467 (2020) Kat:3, Licht: 2","188467","3","3","5","09","20","6","0","2","0","1","0","0"
"POINT (9.975677964000056 53.577947968000046)","Unfall 188468 (2020) Kat:3, Licht: 0","188468","3","6","4","10","13","5","0","0","1","0","0","1"
"POINT (10.144186051000077 53.583961102000046)","Unfall 188469 (2020) Kat:3, Licht: 0","188469","3","5","1","10","16","1","0","0","0","1","0","0"
"POINT (10.153054388000044 53.645361980000075)","Unfall 188470 (2020) Kat:3, Licht: 0","188470","3","3","5","09","17","3","0","0","1","1","0","0"
"POINT (10.252769192000073 53.417308330000026)","Unfall 188471 (2020) Kat:3, Licht: 0","188471","3","5","1","10","12","7","0","0","1","0","0","0"
"POINT (10.001386041000046 53.665687966000064)","Unfall 188472 (2020) Kat:3, Licht: 0","188472","3","6","2","09","15","2","0","0","0","1","0","0"
"POINT (10.102302751000025 53.635529236000082)","Unfall 188473 (2020) Kat:3, Licht: 2","188473","3","3","0","10","18","5","1","2","0","1","0","1"
"POINT (10.026590515000066 53.553873780000060)","Unfall 188474 (2020) Kat:3, Licht: 2","188474","3","3","5","09","20","3","0","2","1","1","0","0"
"POINT (9.941836576000071 53.599216016000071)","Unfall 188475 (2020) Kat:3, Licht: 0","188475","3","2","2","10","12","1","0","0","0","1","0","0"
"POINT (10.075192858000037 53.572238964000064)","Unfall 188476 (2020) Kat:3, Licht: 0","188476","3","6","3","09","17","2","0","0","0","1","0","0"
"POINT (10.022266871000056 53.548692243000062)","Unfall 188477 (2020) Kat:3, Licht: 0","188477","3","3","5","10","17","5","1","0","0","1","0","1"
"POINT (9.853120253000043 53.593271770000058)","Unfall 188478 (2020) Kat:3, Licht: 0","188478","3","3","5","09","07","6","1","0","1","1","0","0"
"POINT (10.048314702000027 53.595046487000047)","Unfall 188479 (2020) Kat:3, Licht: 0","188479","3","7","0","10","09","6","0","0","1","0","0","0"
"POINT (10.044252719000042 53.592369394000059)","Unfall 188480 (2020) Kat:3, Licht: 0","188480","3","6","1","10","17","3","1","0","0","1","0","0"
"POINT (10.026591775000043 53.553885404000027)","Unfall 188481 (2020) Kat:3, Licht: 0","188481","3","3","5","10","15","3","0","0","1","1","0","0"
"POINT (9.903654489000076 53.568641219000028)","Unfall 188482 (2020) Kat:3, Licht: 0","188482","3","4","6","09","07","6","0","0","0","1","1","0"
"POINT (10.020360858000060 53.516402651000078)","Unfall 188483 (2020) Kat:2, Licht: 0","188483","2","6","2","09","17","4","0","0","0","1","0","0"
"POINT (10.116631742000038 53.607351930000050)","Unfall 188484 (2020) Kat:3, Licht: 2","188484","3","7","0","10","01","7","0","2","1","0","0","0"
"POINT (10.025574384000038 53.626341903000082)","Unfall 188485 (2020) Kat:3, Licht: 0","188485","3","3","5","09","08","3","0","0","1","1","0","0"
"POINT (9.792893952000043 53.559119678000059)","Unfall 188486 (2020) Kat:3, Licht: 0","188486","3","7","0","10","18","7","0","0","1","0","0","0"
"POINT (9.904113136000035 53.608682072000079)","Unfall 188487 (2020) Kat:3, Licht: 0","188487","3","3","5","09","13","2","0","0","0","1","0","0"
"POINT (10.033901333000074 53.584517960000028)","Unfall 188488 (2020) Kat:2, Licht: 2","188488","2","2","4","10","19","5","1","2","1","1","0","0"
"POINT (9.991908030000047 53.592884157000071)","Unfall 188489 (2020) Kat:3, Licht: 0","188489","3","3","2","10","10","5","0","0","1","1","0","0"
"POINT (9.922471114000075 53.552585453000063)","Unfall 188490 (2020) Kat:3, Licht: 0","188490","3","7","6","09","14","6","0","0","1","0","1","0"
"POINT (10.206226286000060 53.494657341000050)","Unfall 188491 (2020) Kat:3, Licht: 0","188491","3","2","3","10","10","5","0","0","1","0","0","0"
"POINT (10.147934428000042 53.605411823000054)","Unfall 188492 (2020) Kat:3, Licht: 1","188492","3","2","0","09","16","7","1","1","0","1","0","0"
"POINT (10.075008570000023 53.554854008000063)","Unfall 188493 (2020) Kat:3, Licht: 0","188493","3","3","5","10","14","2","0","0","1","0","0","0"
"POINT (9.941746379000051 53.565411861000030)","Unfall 188494 (2020) Kat:3, Licht: 1","188494","3","2","5","10","07","3","0","1","1","1","0","0"
"POINT (9.931891609000047 53.546547662000080)","Unfall 188495 (2020) Kat:2, Licht: 1","188495","2","3","5","09","19","6","0","1","1","1","0","0"
"POINT (10.011111397000036 53.550928877000047)","Unfall 188496 (2020) Kat:3, Licht: 0","188496","3","3","5","09","14","4","0","0","1","1","0","0"
"POINT (10.025165045000051 53.618152783000028)","Unfall 188497 (2020) Kat:3, Licht: 0","188497","3","7","0","10","15","5","0","0","1","0","1","0"
"POINT (9.917652593000071 53.548458425000035)","Unfall 188498 (2020) Kat:3, Licht: 0","188498","3","2","5","09","12","6","0","0","0","1","0","0"
"POINT (9.936318999000037 53.550414594000074)","Unfall 188499 (2020) Kat:3, Licht: 0","188499","3","3","1","10","15","6","0","0","1","1","0","0"
"POINT (9.987210611000023 53.567818750000072)","Unfall 188500 (2020) Kat:3, Licht: 2","188500","3","7","0","10","21","3","1","2","1","0","0","0"
"POINT (10.033902179000052 53.584518024000033)","Unfall 188501 (2020) Kat:3, Licht: 0","188501","3","2","4","10","14","3","0","0","1","1","0","0"
"POINT (9.922415569000066 53.551804006000054)","Unfall 188502 (2020) Kat:3, Licht: 0","188502","3","3","5","09","13","6","0","0","1","1","0","0"
"POINT (9.954508776000068 53.621092283000053)","Unfall 188503 (2020) Kat:3, Licht: 0","188503","3","6","2","09","16","4","0","0","0","1","0","0"
"POINT (9.962576958000057 53.549228722000066)","Unfall 188504 (2020) Kat:3, Licht: 2","188504","3","7","0","10","02","7","0","2","0","0","0","0"
"POINT (10.033902305000026 53.584518033000052)","Unfall 188505 (2020) Kat:3, Licht: 0","188505","3","2","5","09","08","3","0","0","1","0","0","0"
"POINT (9.816817774000072 53.562650171000030)","Unfall 188506 (2020) Kat:3, Licht: 0","188506","3","6","2","10","11","6","1","0","0","1","0","0"
"POINT (10.000005503000068 53.554148629000053)","Unfall 188507 (2020) Kat:3, Licht: 2","188507","3","1","0","10","03","7","0","2","0","0","0","0"
"POINT (9.963862059000064 53.578040078000072)","Unfall 188508 (2020) Kat:3, Licht: 2","188508","3","7","0","09","00","2","0","2","1","0","0","0"
"POINT (9.919495547000054 53.558487688000071)","Unfall 188509 (2020) Kat:3, Licht: 0","188509","3","2","4","10","14","5","1","0","1","1","0","0"
"POINT (9.874578946000042 53.480660895000028)","Unfall 188510 (2020) Kat:3, Licht: 2","188510","3","4","6","10","21","4","0","2","0","1","1","0"
"POINT (9.956846000000041 53.562199443000054)","Unfall 188511 (2020) Kat:3, Licht: 0","188511","3","7","0","09","11","6","0","0","1","0","0","0"
"POINT (10.105411133000075 53.570465572000046)","Unfall 188512 (2020) Kat:3, Licht: 2","188512","3","2","4","10","19","5","0","2","0","1","0","0"
"POINT (10.038876979000065 53.586335630000065)","Unfall 188513 (2020) Kat:3, Licht: 0","188513","3","2","0","09","15","7","0","0","1","1","0","0"
"POINT (10.035600166000052 53.575033255000051)","Unfall 188514 (2020) Kat:3, Licht: 2","188514","3","2","5","10","19","2","0","2","0","1","0","0"
"POINT (10.117951755000036 53.603587587000050)","Unfall 188515 (2020) Kat:2, Licht: 0","188515","2","7","0","10","10","2","1","0","1","0","0","0"
"POINT (9.987345616000027 53.515567129000033)","Unfall 188516 (2020) Kat:3, Licht: 0","188516","3","7","0","09","19","3","0","0","0","0","0","0"
"POINT (9.988188485000023 53.556866870000079)","Unfall 188517 (2020) Kat:3, Licht: 0","188517","3","1","8","09","09","6","1","0","1","0","0","0"
"POINT (9.988138234000076 53.572674853000080)","Unfall 188518 (2020) Kat:3, Licht: 0","188518","3","2","5","09","15","3","0","0","1","1","0","0"
"POINT (9.875082933000044 53.477221346000078)","Unfall 188519 (2020) Kat:3, Licht: 2","188519","3","2","4","10","22","5","1","2","1","1","0","0"
"POINT (10.177890049000041 53.491806865000058)","Unfall 188520 (2020) Kat:3, Licht: 0","188520","3","4","6","10","12","6","0","0","0","1","1","0"
"POINT (9.952341903000047 53.567344124000044)","Unfall 188521 (2020) Kat:3, Licht: 0","188521","3","2","5","09","15","3","0","0","1","1","0","0"
"POINT (9.981355383000050 53.591272919000062)","Unfall 188522 (2020) Kat:3, Licht: 0","188522","3","2","4","10","14","6","1","0","1","1","0","0"
"POINT (10.016916972000047 53.518701276000058)","Unfall 188523 (2020) Kat:3, Licht: 0","188523","3","6","2","10","07","6","0","0","0","1","0","0"
"POINT (10.179793236000023 53.479382461000057)","Unfall 188524 (2020) Kat:3, Licht: 0","188524","3","3","5","09","16","1","0","0","1","1","0","0"
"POINT (9.978153665000036 53.583819676000076)","Unfall 188525 (2020) Kat:3, Licht: 2","188525","3","7","0","10","22","4","1","2","1","0","0","0"
"POINT (10.075534770000047 53.598721005000073)","Unfall 188526 (2020) Kat:1, Licht: 0","188526","1","4","6","10","10","4","0","0","0","0","1","0"
"POINT (9.991780440000071 53.545934183000043)","Unfall 188527 (2020) Kat:3, Licht: 1","188527","3","7","0","09","19","6","0","1","0","0","0","0"
"POINT (10.033711153000070 53.620082861000071)","Unfall 188528 (2020) Kat:3, Licht: 0","188528","3","3","5","10","08","5","0","0","1","1","0","0"
"POINT (9.824689406000061 53.571073976000037)","Unfall 188529 (2020) Kat:3, Licht: 1","188529","3","2","3","09","19","7","1","1","0","1","0","0"
"POINT (9.997230784000067 53.438727991000064)","Unfall 188530 (2020) Kat:2, Licht: 0","188530","2","5","1","10","18","1","0","0","1","1","0","0"
"POINT (9.875606133000076 53.588866201000030)","Unfall 188531 (2020) Kat:3, Licht: 2","188531","3","6","2","10","06","2","1","2","0","1","0","0"
"POINT (10.085030787000051 53.553100500000028)","Unfall 188532 (2020) Kat:3, Licht: 0","188532","3","3","5","09","08","3","0","0","1","1","0","0"
"POINT (9.795157815000039 53.566275416000053)","Unfall 188533 (2020) Kat:3, Licht: 0","188533","3","3","5","10","10","1","1","0","1","1","0","0"
"POINT (9.991196538000054 53.557837820000032)","Unfall 188534 (2020) Kat:3, Licht: 2","188534","3","6","2","09","21","6","0","2","0","1","0","0"
"POINT (10.098156921000054 53.546541267000066)","Unfall 188535 (2020) Kat:3, Licht: 0","188535","3","4","6","09","16","2","0","0","0","1","1","0"
"POINT (10.082598375000032 53.548473689000048)","Unfall 188536 (2020) Kat:3, Licht: 2","188536","3","6","2","10","17","5","1","2","0","1","0","0"
"POINT (9.992423615000064 53.557661323000048)","Unfall 188537 (2020) Kat:3, Licht: 0","188537","3","7","0","09","11","6","0","0","1","0","0","0"
"POINT (10.014212473000043 53.586082436000027)","Unfall 188538 (2020) Kat:3, Licht: 2","188538","3","4","6","10","06","6","0","2","0","1","1","0"
"POINT (10.044167272000038 53.609532118000061)","Unfall 188539 (2020) Kat:3, Licht: 0","188539","3","3","5","10","11","3","1","0","0","1","0","0"
"POINT (9.787183258000027 53.507135213000026)","Unfall 188540 (2020) Kat:2, Licht: 2","188540","2","1","9","10","01","3","1","2","0","1","0","0"
"POINT (9.874458833000062 53.479663902000027)","Unfall 188541 (2020) Kat:3, Licht: 0","188541","3","7","0","09","13","5","0","0","0","1","0","0"
"POINT (9.977245896000056 53.553713965000043)","Unfall 188542 (2020) Kat:3, Licht: 0","188542","3","2","5","10","17","5","0","0","1","1","0","0"
"POINT (10.035485350000044 53.504882266000038)","Unfall 188543 (2020) Kat:3, Licht: 0","188543","3","6","8","09","06","5","0","0","0","1","0","0"
"POINT (10.054685636000045 53.609660161000079)","Unfall 188544 (2020) Kat:3, Licht: 0","188544","3","2","4","10","08","6","0","0","1","1","0","0"
"POINT (9.975783242000034 53.561671532000048)","Unfall 188545 (2020) Kat:3, Licht: 0","188545","3","7","3","10","08","4","0","0","1","0","0","0"
"POINT (10.016037058000052 53.576673359000040)","Unfall 188546 (2020) Kat:3, Licht: 2","188546","3","7","0","10","19","4","1","2","1","0","1","0"
"POINT (10.171946691000073 53.483967996000047)","Unfall 188547 (2020) Kat:3, Licht: 0","188547","3","7","0","09","18","5","0","0","1","0","0","0"
"POINT (9.933131244000037 53.588825161000045)","Unfall 188548 (2020) Kat:3, Licht: 0","188548","3","6","3","10","14","5","0","0","0","1","0","1"
"POINT (10.050050703000068 53.602248251000049)","Unfall 188549 (2020) Kat:3, Licht: 0","188549","3","5","1","10","15","5","0","0","1","1","0","0"
"POINT (10.004861954000035 53.494733881000059)","Unfall 188550 (2020) Kat:3, Licht: 2","188550","3","6","2","10","20","1","1","2","0","1","0","0"
"POINT (10.063940386000070 53.587277389000064)","Unfall 188551 (2020) Kat:2, Licht: 0","188551","2","3","5","09","13","3","0","0","1","1","0","0"
"POINT (9.975426931000072 53.560416840000073)","Unfall 188552 (2020) Kat:3, Licht: 0","188552","3","6","2","10","16","1","0","0","0","1","0","0"
"POINT (10.078442234000022 53.653423231000033)","Unfall 188553 (2020) Kat:3, Licht: 0","188553","3","6","6","09","15","2","0","0","0","0","1","0"
"POINT (10.136398296000038 53.572477356000036)","Unfall 188554 (2020) Kat:3, Licht: 2","188554","3","3","6","10","20","5","1","2","0","1","1","0"
"POINT (10.207736861000058 53.480387636000046)","Unfall 188555 (2020) Kat:3, Licht: 0","188555","3","6","2","09","08","5","1","0","0","1","0","0"
"POINT (9.890851613000052 53.555157194000060)","Unfall 188556 (2020) Kat:3, Licht: 0","188556","3","3","5","10","15","6","0","0","0","1","0","0"
"POINT (9.979699151000034 53.590560953000079)","Unfall 188557 (2020) Kat:3, Licht: 0","188557","3","4","6","10","15","3","0","0","1","0","1","0"
"POINT (10.064122010000062 53.605255212000031)","Unfall 188558 (2020) Kat:3, Licht: 1","188558","3","7","6","10","19","3","0","1","0","0","1","0"
"POINT (10.207836199000042 53.480566408000072)","Unfall 188559 (2020) Kat:3, Licht: 0","188559","3","6","2","09","08","5","1","0","0","1","0","0"
"POINT (10.124462462000054 53.570689930000071)","Unfall 188560 (2020) Kat:3, Licht: 0","188560","3","6","2","09","14","4","0","0","0","1","0","0"
"POINT (10.052526949000026 53.610009661000049)","Unfall 188561 (2020) Kat:3, Licht: 0","188561","3","6","3","10","15","7","1","0","1","1","0","0"
"POINT (10.058212810000043 53.569958917000065)","Unfall 188562 (2020) Kat:3, Licht: 0","188562","3","6","2","09","13","3","0","0","0","1","0","0"
"POINT (10.080966479000040 53.658782386000041)","Unfall 188563 (2020) Kat:2, Licht: 0","188563","2","7","6","10","14","6","0","0","1","0","1","0"
"POINT (9.968487470000071 53.568291614000032)","Unfall 188564 (2020) Kat:3, Licht: 2","188564","3","5","8","10","04","7","0","2","0","1","0","0"
"POINT (9.998081781000053 53.556663935000074)","Unfall 188565 (2020) Kat:3, Licht: 0","188565","3","6","2","10","17","1","0","0","0","1","0","0"
"POINT (10.124949768000022 53.655103293000082)","Unfall 188566 (2020) Kat:3, Licht: 1","188566","3","3","5","09","21","3","0","1","1","0","0","0"
"POINT (10.132026550000035 53.592513992000079)","Unfall 188567 (2020) Kat:3, Licht: 0","188567","3","6","6","10","14","7","0","0","1","0","1","0"
"POINT (10.017237386000033 53.562437518000081)","Unfall 188568 (2020) Kat:3, Licht: 0","188568","3","6","3","09","10","2","0","0","1","1","0","0"
"POINT (10.038524547000065 53.642222970000034)","Unfall 188569 (2020) Kat:3, Licht: 0","188569","3","3","5","10","15","5","1","0","1","1","0","0"
"POINT (9.853299627000069 53.583954068000082)","Unfall 188570 (2020) Kat:2, Licht: 0","188570","2","2","3","10","13","5","0","0","0","1","0","1"
"POINT (10.181886548000023 53.602807173000031)","Unfall 188571 (2020) Kat:3, Licht: 0","188571","3","3","5","09","07","5","0","0","1","1","0","0"
"POINT (9.992102830000022 53.570980830000053)","Unfall 188572 (2020) Kat:3, Licht: 0","188572","3","7","0","10","13","6","0","0","1","0","0","0"
"POINT (9.990327059000038 53.444067464000057)","Unfall 188573 (2020) Kat:3, Licht: 0","188573","3","2","5","10","08","2","0","0","0","1","0","1"
"POINT (9.927609627000038 53.592147066000052)","Unfall 188574 (2020) Kat:3, Licht: 0","188574","3","7","3","10","11","3","0","0","0","0","0","1"
"POINT (10.143526127000030 53.583935553000060)","Unfall 188575 (2020) Kat:3, Licht: 0","188575","3","3","8","09","13","5","0","0","0","1","0","0"
"POINT (9.938630391000061 53.580720121000070)","Unfall 188576 (2020) Kat:3, Licht: 0","188576","3","6","2","09","16","4","0","0","1","1","0","0"
"POINT (10.176881057000060 53.474026167000034)","Unfall 188577 (2020) Kat:3, Licht: 0","188577","3","3","5","10","13","6","0","0","0","1","0","0"
"POINT (9.864458140000068 53.552325996000036)","Unfall 188578 (2020) Kat:3, Licht: 0","188578","3","3","5","09","12","3","0","0","1","1","0","0"
"POINT (9.967775415000062 53.637232196000070)","Unfall 188579 (2020) Kat:3, Licht: 2","188579","3","6","4","10","06","6","0","2","1","1","0","0"
"POINT (9.885042988000066 53.517856001000041)","Unfall 188580 (2020) Kat:3, Licht: 0","188580","3","2","4","10","09","6","1","0","1","0","0","0"
"POINT (9.943081464000045 53.565313947000050)","Unfall 188581 (2020) Kat:3, Licht: 0","188581","3","3","5","09","07","2","1","0","0","1","0","0"