WKT,Name,OBJECTID,UKATEGORIE,UTYP1,UART,UMONAT,USTUNDE,UWOCHENTAG,STRZUSTAND,ULICHTVERH,ISTRAD,ISTPKW,ISTFUSS,ISTKRAD
"POINT (9.951583583000058 53.524303529000065)","Unfall 188582 (2020) Kat:3, Licht: 0","188582","3","7","5","10","10","5","1","0","0","0","0","0"
"POINT (9.975555902000053 53.461980887000038)","Unfall 188583 (2020) Kat:3, Licht: 0","188583","3","6","6","10","10","4","0","0","1","0","1","0"
"POINT (10.081592524000030 53.611389424000038)","Unfall 188584 (2020) Kat:3, Licht: 0","188584","3","2","0","09","07","5","1","0","1","1","0","0"
"POINT (10.067775426000026 53.582342906000065)","Unfall 188585 (2020) Kat:3, Licht: 0","188585","3","3","5","10","13","5","0","0","0","1","0","0"
"POINT (9.994389535000039 53.559909731000062)","Unfall 188586 (2020) Kat:3, Licht: 2","188586","3","2","6","09","00","7","0","2","1","0","1","0"
"POINT (9.988215558000036 53.592261823000058)","Unfall 188587 (2020) Kat:3, Licht: 0","188587","3","4","6","10","11","2","1","0","0","1","0","0"
"POINT (9.777264253000055 53.580071160000045)","Unfall 188588 (2020) Kat:3, Licht: 1","188588","3","6","2","09","07","2","1","1","0","1","0","0"
"POINT (9.985877515000027 53.588196865000043)","Unfall 188589 (2020) Kat:3, Licht: 0","188589","3","3","5","10","13","5","1","0","1","1","0","0"
"POINT (9.988555239000050 53.582140606000053)","Unfall 188590 (2020) Kat:3, Licht: 1","188590","3","6","3","10","18","5","0","1","1","1","0","0"
"POINT (10.086342974000047 53.635229205000030)","Unfall 188591 (2020) Kat:3, Licht: 1","188591","3","6","4","09","06","5","0","1","1","0","0","0"
"POINT (10.038123033000034 53.534823163000056)","Unfall 188592 (2020) Kat:3, Licht: 0","188592","3","6","2","10","16","5","0","0","0","1","0","0"
"POINT (9.965293308000071 53.565241286000060)","Unfall 188593 (2020) Kat:3, Licht: 0","188593","3","6","2","09","17","7","1","0","1","1","0","0"
"POINT (10.099204205000035 53.579485008000063)","Unfall 188594 (2020) Kat:3, Licht: 0","188594","3","6","2","10","10","2","1","0","0","1","0","0"
"POINT (10.007753105000063 53.558776187000035)","Unfall 188595 (2020) Kat:3, Licht: 2","188595","3","3","6","10","20","3","0","2","1","0","1","0"
"POINT (9.974583609000035 53.462450396000065)","Unfall 188596 (2020) Kat:3, Licht: 0","188596","3","5","0","09","08","3","0","0","1","1","0","0"
"POINT (10.086779841000066 53.512791631000027)","Unfall 188597 (2020) Kat:3, Licht: 2","188597","3","7","0","10","06","6","1","2","0","1","0","0"
"POINT (9.957296274000044 53.564953641000045)","Unfall 188598 (2020) Kat:3, Licht: 0","188598","3","5","0","09","09","3","0","0","1","1","0","0"
"POINT (10.084735816000034 53.669785868000076)","Unfall 188599 (2020) Kat:3, Licht: 2","188599","3","5","1","09","19","1","1","2","0","1","0","0"
"POINT (9.980662723000023 53.567435489000047)","Unfall 188600 (2020) Kat:3, Licht: 0","188600","3","4","6","10","15","6","0","0","0","0","1","0"
"POINT (10.124275428000033 53.539218846000040)","Unfall 188601 (2020) Kat:2, Licht: 1","188601","2","7","6","10","18","6","0","1","1","0","1","0"
"POINT (9.960931299000038 53.583490474000030)","Unfall 188602 (2020) Kat:3, Licht: 0","188602","3","3","5","10","16","4","1","0","1","1","0","0"
"POINT (10.087023392000049 53.646082837000051)","Unfall 188603 (2020) Kat:2, Licht: 0","188603","2","4","6","10","14","4","0","0","0","1","1","0"
"POINT (10.013438583000038 53.639940670000044)","Unfall 188604 (2020) Kat:3, Licht: 0","188604","3","2","6","09","15","5","0","0","0","0","1","0"
"POINT (10.073956361000057 53.645976085000029)","Unfall 188605 (2020) Kat:3, Licht: 0","188605","3","4","0","10","14","5","0","0","1","0","1","0"
"POINT (9.981423166000070 53.544341225000039)","Unfall 188606 (2020) Kat:3, Licht: 2","188606","3","7","0","09","01","7","0","2","0","0","0","0"
"POINT (9.932018348000042 53.547836361000066)","Unfall 188607 (2020) Kat:3, Licht: 0","188607","3","3","5","10","14","2","0","0","1","0","0","0"
"POINT (10.139681978000056 53.538353101000041)","Unfall 188608 (2020) Kat:2, Licht: 0","188608","2","2","4","09","09","3","0","0","0","0","0","1"
"POINT (10.043807961000027 53.591121159000068)","Unfall 188609 (2020) Kat:3, Licht: 0","188609","3","6","0","09","13","1","1","0","0","1","0","0"
"POINT (9.943750784000031 53.578466221000042)","Unfall 188610 (2020) Kat:3, Licht: 0","188610","3","2","4","10","14","1","0","0","1","1","0","0"
"POINT (10.094456404000027 53.606620398000075)","Unfall 188611 (2020) Kat:3, Licht: 1","188611","3","6","1","10","07","2","1","1","0","1","0","0"
"POINT (10.180183897000063 53.507730794000054)","Unfall 188612 (2020) Kat:3, Licht: 1","188612","3","4","6","09","18","3","0","1","0","0","1","1"
"POINT (10.043099484000038 53.596869581000078)","Unfall 188613 (2020) Kat:3, Licht: 0","188613","3","1","8","09","06","1","0","0","0","1","0","0"
"POINT (10.057655845000056 53.554071671000031)","Unfall 188614 (2020) Kat:2, Licht: 0","188614","2","3","5","10","12","1","0","0","0","1","0","1"
"POINT (10.006479186000035 53.606504294000047)","Unfall 188615 (2020) Kat:3, Licht: 0","188615","3","5","1","09","11","5","0","0","0","1","0","0"
"POINT (9.997409473000062 53.544760890000077)","Unfall 188616 (2020) Kat:3, Licht: 0","188616","3","7","3","09","16","3","0","0","1","1","0","0"
"POINT (10.019363310000074 53.483224781000047)","Unfall 188617 (2020) Kat:3, Licht: 0","188617","3","4","6","10","17","5","1","0","0","0","1","0"
"POINT (10.003988179000032 53.588156317000028)","Unfall 188618 (2020) Kat:3, Licht: 1","188618","3","7","0","09","07","5","1","1","0","0","0","1"
"POINT (10.023662418000072 53.669740769000043)","Unfall 188619 (2020) Kat:3, Licht: 0","188619","3","3","2","10","12","6","0","0","1","1","0","0"
"POINT (10.135793874000058 53.615654440000071)","Unfall 188620 (2020) Kat:3, Licht: 0","188620","3","7","1","10","14","3","0","0","0","1","0","0"
"POINT (9.920516632000044 53.589090336000027)","Unfall 188621 (2020) Kat:2, Licht: 0","188621","2","7","8","10","14","4","0","0","0","0","0","1"
"POINT (10.045719759000065 53.588843160000067)","Unfall 188622 (2020) Kat:3, Licht: 0","188622","3","2","3","09","10","5","0","0","0","1","0","0"
"POINT (9.938224839000043 53.550901164000038)","Unfall 188623 (2020) Kat:3, Licht: 0","188623","3","7","6","10","10","5","0","0","0","1","1","0"
"POINT (10.069781709000040 53.526392811000051)","Unfall 188624 (2020) Kat:3, Licht: 0","188624","3","2","5","10","14","1","1","0","0","1","0","0"
"POINT (10.068118267000045 53.597420007000039)","Unfall 188625 (2020) Kat:2, Licht: 0","188625","2","3","5","09","14","3","0","0","0","1","0","1"
"POINT (9.970362502000057 53.639783435000027)","Unfall 188626 (2020) Kat:3, Licht: 0","188626","3","6","2","09","14","1","1","0","0","1","0","0"
"POINT (9.824238008000066 53.473665958000026)","Unfall 188627 (2020) Kat:3, Licht: 2","188627","3","4","6","10","20","7","0","2","0","0","1","0"
"POINT (10.033675189000064 53.636700846000053)","Unfall 188628 (2020) Kat:3, Licht: 0","188628","3","3","5","09","16","2","0","0","0","1","0","0"
"POINT (10.070425560000047 53.572980097000027)","Unfall 188629 (2020) Kat:3, Licht: 2","188629","3","6","1","10","19","5","1","2","0","1","0","0"
"POINT (10.019770142000027 53.577256667000029)","Unfall 188630 (2020) Kat:3, Licht: 0","188630","3","7","0","09","07","5","1","0","1","0","0","0"
"POINT (9.917762609000022 53.552431267000031)","Unfall 188631 (2020) Kat:3, Licht: 0","188631","3","2","3","10","16","6","0","0","0","1","0","1"
"POINT (9.993029329000024 53.558894582000050)","Unfall 188632 (2020) Kat:3, Licht: 0","188632","3","6","3","10","07","3","1","0","0","0","0","1"
"POINT (10.021425847000046 53.544796004000034)","Unfall 188633 (2020) Kat:3, Licht: 0","188633","3","7","0","09","08","2","1","0","1","0","0","0"
"POINT (10.047507467000059 53.540988081000080)","Unfall 188634 (2020) Kat:3, Licht: 2","188634","3","3","5","10","23","5","1","2","1","1","0","0"
"POINT (9.978849488000037 53.580910738000057)","Unfall 188635 (2020) Kat:3, Licht: 0","188635","3","7","5","09","08","5","0","0","0","1","0","0"
"POINT (10.047359080000035 53.584422245000042)","Unfall 188636 (2020) Kat:3, Licht: 2","188636","3","2","5","10","06","6","0","2","1","0","0","0"
"POINT (10.013851103000036 53.594001989000049)","Unfall 188637 (2020) Kat:3, Licht: 0","188637","3","6","2","10","12","3","0","0","0","1","0","0"
"POINT (10.053228348000061 53.556080980000047)","Unfall 188638 (2020) Kat:3, Licht: 0","188638","3","3","5","10","13","3","0","0","1","0","0","0"
"POINT (9.941521059000024 53.577857400000028)","Unfall 188639 (2020) Kat:3, Licht: 0","188639","3","2","4","09","16","5","0","0","1","1","0","0"
"POINT (10.006486132000020 53.558139226000037)","Unfall 188640 (2020) Kat:3, Licht: 0","188640","3","3","5","10","11","5","0","0","0","1","0","0"
"POINT (10.182061782000062 53.498050336000063)","Unfall 188641 (2020) Kat:3, Licht: 0","188641","3","2","3","10","15","7","1","0","0","1","0","1"
"POINT (9.994027211000059 53.665290440000035)","Unfall 188642 (2020) Kat:3, Licht: 0","188642","3","6","2","09","15","3","0","0","0","1","0","0"
"POINT (9.985994233000042 53.586943619000067)","Unfall 188643 (2020) Kat:3, Licht: 0","188643","3","3","5","09","17","1","1","0","1","1","0","0"
"POINT (10.108115141000042 53.712173910000047)","Unfall 188644 (2020) Kat:3, Licht: 0","188644","3","7","0","10","17","7","0","0","0","0","0","1"
"POINT (9.905739470000071 53.616625794000072)","Unfall 188645 (2020) Kat:3, Licht: 0","188645","3","3","5","09","12","2","0","0","0","1","0","0"
"POINT (10.004718424000032 53.588792961000081)","Unfall 188646 (2020) Kat:3, Licht: 0","188646","3","6","2","10","13","5","1","0","0","1","0","1"
"POINT (9.904277718000060 53.587582025000074)","Unfall 188647 (2020) Kat:3, Licht: 1","188647","3","3","5","10","07","5","0","1","1","1","0","0"
"POINT (9.938799372000062 53.551634245000059)","Unfall 188648 (2020) Kat:3, Licht: 0","188648","3","7","6","09","13","5","0","0","1","0","1","0"
"POINT (9.975892505000047 53.461814789000073)","Unfall 188649 (2020) Kat:3, Licht: 0","188649","3","2","3","10","08","5","0","0","0","1","0","0"
"POINT (9.988024811000059 53.556534928000076)","Unfall 188650 (2020) Kat:3, Licht: 0","188650","3","7","0","09","13","7","0","0","1","0","0","0"
"POINT (10.201930398000059 53.487727199000062)","Unfall 188651 (2020) Kat:3, Licht: 0","188651","3","6","2","10","12","2","0","0","0","1","0","0"
"POINT (9.956343804000028 53.582339582000031)","Unfall 188652 (2020) Kat:3, Licht: 0","188652","3","7","0","10","13","3","0","0","1","0","0","0"
"POINT (9.957408662000034 53.554757172000052)","Unfall 188653 (2020) Kat:2, Licht: 2","188653","2","3","5","09","22","5","0","2","0","1","0","0"
"POINT (9.975726139000074 53.558463023000058)","Unfall 188654 (2020) Kat:3, Licht: 0","188654","3","3","5","09","08","4","0","0","1","1","0","0"
"POINT (10.190466400000048 53.504102729000067)","Unfall 188655 (2020) Kat:3, Licht: 0","188655","3","2","5","10","11","6","0","0","1","1","0","0"
"POINT (9.966146092000031 53.599286890000030)","Unfall 188656 (2020) Kat:3, Licht: 0","188656","3","6","2","09","15","3","0","0","0","1","0","0"
"POINT (9.972430714000041 53.598503231000052)","Unfall 188657 (2020) Kat:3, Licht: 0","188657","3","3","5","10","13","6","0","0","0","1","0","0"
"POINT (10.025255044000062 53.604245523000031)","Unfall 188658 (2020) Kat:3, Licht: 1","188658","3","3","5","10","07","3","1","1","0","1","0","0"
"POINT (9.964271484000051 53.559413337000080)","Unfall 188659 (2020) Kat:3, Licht: 0","188659","3","7","2","09","08","5","0","0","1","1","0","0"
"POINT (9.918566159000022 53.577682979000031)","Unfall 188660 (2020) Kat:3, Licht: 0","188660","3","2","5","09","13","4","0","0","1","0","0","0"
"POINT (9.994199984000034 53.579645210000081)","Unfall 188661 (2020) Kat:3, Licht: 0","188661","3","6","2","10","14","7","0","0","1","1","0","0"
"POINT (10.044076082000061 53.593906946000061)","Unfall 188662 (2020) Kat:2, Licht: 2","188662","2","4","6","09","05","3","0","2","0","1","1","0"
"POINT (10.018693232000032 53.649447922000036)","Unfall 188663 (2020) Kat:3, Licht: 0","188663","3","6","2","10","11","6","0","0","0","1","0","0"
"POINT (10.006599214000062 53.550119823000045)","Unfall 188664 (2020) Kat:3, Licht: 2","188664","3","3","5","10","23","7","0","2","0","1","0","0"
"POINT (9.873416649000035 53.554123032000064)","Unfall 188665 (2020) Kat:2, Licht: 0","188665","2","7","0","09","08","2","1","0","1","0","0","0"
"POINT (9.917652646000022 53.548459061000074)","Unfall 188666 (2020) Kat:3, Licht: 2","188666","3","2","4","10","18","5","1","2","0","1","0","0"
"POINT (9.980140765000044 53.555918911000049)","Unfall 188667 (2020) Kat:3, Licht: 0","188667","3","7","0","10","12","5","0","0","1","0","0","0"
"POINT (10.006065400000068 53.540706592000049)","Unfall 188668 (2020) Kat:3, Licht: 0","188668","3","6","0","09","16","5","0","0","0","1","0","1"
"POINT (10.132115959000032 53.597142422000047)","Unfall 188669 (2020) Kat:3, Licht: 2","188669","3","3","5","10","20","5","0","2","0","1","0","0"
"POINT (10.014413611000066 53.561957717000041)","Unfall 188670 (2020) Kat:3, Licht: 2","188670","3","6","3","09","20","7","1","2","0","1","0","0"
"POINT (9.995753433000061 53.583785429000045)","Unfall 188671 (2020) Kat:2, Licht: 0","188671","2","4","6","10","18","2","0","0","1","0","1","0"
"POINT (10.187304142000073 53.634251552000080)","Unfall 188672 (2020) Kat:3, Licht: 2","188672","3","1","8","10","02","2","1","2","0","0","0","1"
"POINT (10.018945614000074 53.524288443000046)","Unfall 188673 (2020) Kat:3, Licht: 0","188673","3","4","6","09","17","3","0","0","1","0","1","0"
"POINT (9.998855348000063 53.554307751000067)","Unfall 188674 (2020) Kat:3, Licht: 0","188674","3","6","2","09","17","1","1","0","0","1","0","0"
"POINT (9.920810402000029 53.558337754000036)","Unfall 188675 (2020) Kat:3, Licht: 0","188675","3","2","0","09","12","3","0","0","0","0","1","1"
"POINT (10.006393842000023 53.550659505000056)","Unfall 188676 (2020) Kat:3, Licht: 0","188676","3","6","2","09","12","1","0","0","0","1","0","0"
"POINT (10.015856952000036 53.552792772000032)","Unfall 188677 (2020) Kat:3, Licht: 0","188677","3","6","4","10","15","6","1","0","1","0","0","0"
"POINT (10.080762072000027 53.580831057000069)","Unfall 188678 (2020) Kat:3, Licht: 0","188678","3","5","1","10","17","6","0","0","1","1","0","0"
"POINT (9.983159043000057 53.565195758000073)","Unfall 188679 (2020) Kat:3, Licht: 2","188679","3","6","3","10","20","4","1","2","0","1","0","1"
"POINT (10.055835159000026 53.591500466000070)","Unfall 188680 (2020) Kat:2, Licht: 0","188680","2","2","4","10","17","4","0","0","0","1","0","0"
"POINT (9.973811743000056 53.462821134000080)","Unfall 188681 (2020) Kat:3, Licht: 0","188681","3","3","5","10","08","6","0","0","0","1","0","0"
"POINT (9.995377574000031 53.552379401000053)","Unfall 188682 (2020) Kat:3, Licht: 0","188682","3","5","1","09","08","2","0","0","1","1","0","0"
"POINT (10.022073793000061 53.600303105000080)","Unfall 188683 (2020) Kat:3, Licht: 0","188683","3","6","2","10","15","4","1","0","0","1","0","0"
"POINT (10.046680140000035 53.599789579000060)","Unfall 188684 (2020) Kat:3, Licht: 2","188684","3","7","3","10","18","4","0","2","0","1","0","1"
"POINT (10.002436227000032 53.554523316000029)","Unfall 188685 (2020) Kat:3, Licht: 0","188685","3","3","5","09","07","5","0","0","1","1","0","0"
"POINT (10.085622431000047 53.602490582000030)","Unfall 188686 (2020) Kat:3, Licht: 0","188686","3","6","2","10","18","5","0","0","0","1","0","0"
"POINT (10.018308668000032 53.552442651000035)","Unfall 188687 (2020) Kat:3, Licht: 0","188687","3","4","6","09","08","7","0","0","0","0","1","0"
"POINT (9.982562119000022 53.452160283000069)","Unfall 188688 (2020) Kat:3, Licht: 2","188688","3","3","5","10","01","1","1","2","0","1","0","0"
"POINT (10.020098870000027 53.565819989000033)","Unfall 188689 (2020) Kat:3, Licht: 2","188689","3","6","2","10","21","2","0","2","0","1","0","0"
"POINT (10.109093595000047 53.541499454000075)","Unfall 188690 (2020) Kat:3, Licht: 0","188690","3","2","6","09","13","3","0","0","0","1","1","0"
"POINT (9.898893254000029 53.611760306000065)","Unfall 188691 (2020) Kat:3, Licht: 1","188691","3","7","0","10","19","1","0","1","1","0","0","0"
"POINT (10.008779784000069 53.552505685000028)","Unfall 188692 (2020) Kat:3, Licht: 0","188692","3","4","2","09","18","5","0","0","0","1","1","1"
"POINT (10.078744767000046 53.551390243000071)","Unfall 188693 (2020) Kat:3, Licht: 0","188693","3","5","1","09","17","2","0","0","0","1","0","1"
"POINT (10.201849415000027 53.489062301000047)","Unfall 188694 (2020) Kat:3, Licht: 1","188694","3","6","4","10","18","5","1","1","0","1","0","0"
"POINT (10.000101883000070 53.557292310000037)","Unfall 188695 (2020) Kat:3, Licht: 0","188695","3","7","0","09","11","5","0","0","0","0","0","1"
"POINT (10.020791559000031 53.584033372000079)","Unfall 188696 (2020) Kat:3, Licht: 0","188696","3","2","0","10","13","6","0","0","0","1","0","1"
"POINT (10.038577035000060 53.608426892000068)","Unfall 188697 (2020) Kat:3, Licht: 2","188697","3","2","4","10","19","3","1","2","1","1","0","0"
"POINT (10.016906202000030 53.550438625000027)","Unfall 188698 (2020) Kat:3, Licht: 2","188698","3","3","5","10","05","4","1","2","0","1","0","0"
"POINT (10.019317102000059 53.483018820000041)","Unfall 188699 (2020) Kat:3, Licht: 0","188699","3","7","6","09","16","4","0","0","0","0","1","0"
"POINT (9.987940366000032 53.581966844000078)","Unfall 188700 (2020) Kat:3, Licht: 0","188700","3","3","5","10","07","5","0","0","1","1","0","0"
"POINT (9.986928136000074 53.594701032000046)","Unfall 188701 (2020) Kat:3, Licht: 0","188701","3","5","1","10","16","1","1","0","0","1","0","1"
"POINT (10.061232240000038 53.655225231000031)","Unfall 188702 (2020) Kat:3, Licht: 0","188702","3","6","3","09","17","3","0","0","1","1","0","0"
"POINT (9.981923575000053 53.461423388000071)","Unfall 188703 (2020) Kat:3, Licht: 2","188703","3","6","2","09","23","7","1","2","0","1","0","0"
"POINT (10.123616494000032 53.491414857000052)","Unfall 188704 (2020) Kat:3, Licht: 0","188704","3","6","3","09","09","4","0","0","1","1","0","0"
"POINT (10.058070452000038 53.592881487000056)","Unfall 188705 (2020) Kat:3, Licht: 0","188705","3","3","5","10","12","5","0","0","1","1","0","0"
"POINT (9.995765288000030 53.550622881000038)","Unfall 188706 (2020) Kat:3, Licht: 1","188706","3","2","5","10","19","2","0","1","1","0","0","0"
"POINT (10.100094620000050 53.605548301000056)","Unfall 188707 (2020) Kat:3, Licht: 0","188707","3","6","2","09","16","3","0","0","0","1","0","1"
"POINT (9.997519086000068 53.562182251000081)","Unfall 188708 (2020) Kat:3, Licht: 0","188708","3","6","4","10","15","1","0","0","1","0","0","0"
"POINT (10.051812587000029 53.603360640000062)","Unfall 188709 (2020) Kat:3, Licht: 0","188709","3","7","0","09","16","2","0","0","1","0","0","0"
"POINT (10.034387518000074 53.541469295000070)","Unfall 188710 (2020) Kat:3, Licht: 0","188710","3","6","2","10","15","5","1","0","0","1","0","0"
"POINT (10.040540987000043 53.560154791000059)","Unfall 188711 (2020) Kat:3, Licht: 0","188711","3","3","5","09","16","4","0","0","1","1","0","0"
"POINT (9.827300534000074 53.566632301000027)","Unfall 188712 (2020) Kat:3, Licht: 0","188712","3","4","6","10","15","6","0","0","0","1","1","0"
"POINT (9.943127517000050 53.593463830000076)","Unfall 188713 (2020) Kat:3, Licht: 0","188713","3","2","4","10","06","3","0","0","1","0","0","0"
"POINT (10.139930893000042 53.582261336000045)","Unfall 188714 (2020) Kat:3, Licht: 0","188714","3","2","3","10","15","3","0","0","1","0","0","0"
"POINT (10.057487142000070 53.554983519000075)","Unfall 188715 (2020) Kat:3, Licht: 0","188715","3","2","4","09","16","4","0","0","0","1","0","0"
"POINT (10.210272170000053 53.498284866000063)","Unfall 188716 (2020) Kat:3, Licht: 2","188716","3","7","0","09","06","4","0","2","1","0","0","0"
"POINT (10.054132175000063 53.609724594000056)","Unfall 188717 (2020) Kat:3, Licht: 0","188717","3","3","5","10","15","7","0","0","0","1","0","1"
"POINT (10.011900672000024 53.610032951000051)","Unfall 188718 (2020) Kat:3, Licht: 0","188718","3","2","3","09","13","3","0","0","1","0","0","0"
"POINT (10.075911979000068 53.584086610000043)","Unfall 188719 (2020) Kat:3, Licht: 0","188719","3","6","2","10","16","6","0","0","0","1","0","0"
"POINT (9.947635018000028 53.594520923000061)","Unfall 188720 (2020) Kat:2, Licht: 2","188720","2","1","9","10","20","7","0","2","0","1","0","0"
"POINT (9.934657078000043 53.582999619000077)","Unfall 188721 (2020) Kat:3, Licht: 0","188721","3","6","2","09","16","2","0","0","0","1","0","0"
"POINT (9.980980621000072 53.584803522000072)","Unfall 188722 (2020) Kat:3, Licht: 2","188722","3","1","9","10","00","5","1","2","1","0","0","0"
"POINT (9.951443810000058 53.566355521000048)","Unfall 188723 (2020) Kat:3, Licht: 0","188723","3","2","5","10","17","5","0","0","1","1","0","0"
"POINT (10.160741641000072 53.625678115000028)","Unfall 188724 (2020) Kat:2, Licht: 0","188724","2","6","0","09","07","4","0","0","0","1","0","0"
"POINT (10.085406807000027 53.543794441000045)","Unfall 188725 (2020) Kat:2, Licht: 0","188725","2","3","5","10","15","5","0","0","1","1","0","0"
"POINT (10.160703992000037 53.618583528000045)","Unfall 188726 (2020) Kat:3, Licht: 0","188726","3","2","2","10","16","7","0","0","0","1","0","0"
"POINT (10.016411125000047 53.634526650000055)","Unfall 188727 (2020) Kat:3, Licht: 0","188727","3","2","5","09","14","2","0","0","1","1","0","0"
"POINT (10.078432920000068 53.653421066000078)","Unfall 188728 (2020) Kat:2, Licht: 2","188728","2","1","9","10","02","5","0","2","0","1","0","0"
"POINT (9.917730130000052 53.599421303000042)","Unfall 188729 (2020) Kat:3, Licht: 0","188729","3","3","5","10","13","5","0","0","1","1","0","0"
"POINT (10.105155410000066 53.624290716000075)","Unfall 188730 (2020) Kat:3, Licht: 0","188730","3","7","0","09","16","4","0","0","1","0","0","0"
"POINT (9.938519627000062 53.555537814000047)","Unfall 188731 (2020) Kat:3, Licht: 2","188731","3","3","5","10","20","6","0","2","1","0","0","0"
"POINT (9.971637034000025 53.557146508000073)","Unfall 188732 (2020) Kat:3, Licht: 2","188732","3","5","1","10","19","3","1","2","1","1","0","0"
"POINT (10.055611704000057 53.579880679000041)","Unfall 188733 (2020) Kat:3, Licht: 0","188733","3","3","5","10","17","3","0","0","1","1","0","0"
"POINT (10.083898048000037 53.660041251000052)","Unfall 188734 (2020) Kat:3, Licht: 0","188734","3","3","5","09","13","4","0","0","1","1","0","0"
"POINT (9.957070517000034 53.644045666000068)","Unfall 188735 (2020) Kat:3, Licht: 0","188735","3","7","0","09","11","4","0","0","1","0","0","0"
"POINT (9.995924168000045 53.464442246000033)","Unfall 188736 (2020) Kat:3, Licht: 0","188736","3","2","3","10","14","6","0","0","1","1","0","0"
"POINT (10.035961417000067 53.600399037000045)","Unfall 188737 (2020) Kat:3, Licht: 0","188737","3","7","0","09","15","3","0","0","1","0","0","0"
"POINT (10.178101715000025 53.496073949000049)","Unfall 188738 (2020) Kat:3, Licht: 0","188738","3","7","0","09","13","7","0","0","1","0","0","0"
"POINT (9.823605948000022 53.560529654000050)","Unfall 188739 (2020) Kat:3, Licht: 0","188739","3","2","5","10","13","6","0","0","1","1","0","0"
"POINT (9.854459047000034 53.471652275000054)","Unfall 188740 (2020) Kat:3, Licht: 0","188740","3","3","5","10","16","6","0","0","1","1","0","0"
"POINT (9.937142674000029 53.552539513000056)","Unfall 188741 (2020) Kat:3, Licht: 0","188741","3","6","2","09","16","2","1","0","1","1","0","0"
"POINT (9.962294796000037 53.551212113000076)","Unfall 188742 (2020) Kat:3, Licht: 1","188742","3","2","5","10","18","5","1","1","0","1","0","1"
"POINT (9.990329489000033 53.455265937000036)","Unfall 188743 (2020) Kat:3, Licht: 2","188743","3","3","5","10","19","4","0","2","0","1","0","0"
"POINT (10.015649567000025 53.617058617000055)","Unfall 188744 (2020) Kat:2, Licht: 0","188744","2","3","5","09","10","4","0","0","0","1","0","0"
"POINT (10.135173937000047 53.574009045000082)","Unfall 188745 (2020) Kat:3, Licht: 0","188745","3","4","6","10","16","5","0","0","0","1","1","0"
"POINT (10.017537190000041 53.549001754000074)","Unfall 188746 (2020) Kat:3, Licht: 0","188746","3","6","2","09","13","6","0","0","0","1","0","0"
"POINT (9.928578676000029 53.629271880000033)","Unfall 188747 (2020) Kat:3, Licht: 0","188747","3","2","5","10","15","2","0","0","1","1","0","0"
"POINT (10.063593679000064 53.573192605000031)","Unfall 188748 (2020) Kat:3, Licht: 0","188748","3","3","5","10","11","2","0","0","1","1","0","0"
"POINT (10.180029608000041 53.496209518000057)","Unfall 188749 (2020) Kat:3, Licht: 0","188749","3","3","5","09","15","3","0","0","0","1","0","0"
"POINT (10.044296868000060 53.539917031000073)","Unfall 188750 (2020) Kat:3, Licht: 0","188750","3","2","5","09","15","6","0","0","0","1","0","0"
"POINT (10.096307612000032 53.532536283000070)","Unfall 188751 (2020) Kat:2, Licht: 2","188751","2","1","9","10","01","2","0","2","0","0","0","0"
"POINT (9.938930907000042 53.553649620000044)","Unfall 188752 (2020) Kat:3, Licht: 2","188752","3","2","0","10","19","3","0","2","1","0","0","0"
"POINT (10.014017806000027 53.561624266000081)","Unfall 188753 (2020) Kat:3, Licht: 0","188753","3","6","3","09","17","4","0","0","1","0","0","0"
"POINT (10.145652891000054 53.544409135000080)","Unfall 188754 (2020) Kat:3, Licht: 2","188754","3","3","5","10","19","6","0","2","0","1","0","0"
"POINT (9.983604202000038 53.594409569000049)","Unfall 188755 (2020) Kat:2, Licht: 0","188755","2","4","6","09","08","3","0","0","1","0","1","0"
"POINT (9.949034325000071 53.559160292000058)","Unfall 188756 (2020) Kat:3, Licht: 0","188756","3","4","6","10","16","6","0","0","0","1","1","0"
"POINT (10.115806485000064 53.485344074000068)","Unfall 188757 (2020) Kat:3, Licht: 0","188757","3","3","5","10","15","6","0","0","0","1","0","0"
"POINT (10.042357946000038 53.610196160000044)","Unfall 188758 (2020) Kat:3, Licht: 0","188758","3","3","5","09","10","1","1","0","1","1","0","0"
"POINT (9.943488393000052 53.576273458000060)","Unfall 188759 (2020) Kat:3, Licht: 1","188759","3","3","5","10","18","4","1","1","0","1","0","1"
"POINT (10.083595759000048 53.640470373000028)","Unfall 188760 (2020) Kat:3, Licht: 0","188760","3","3","5","10","07","4","0","0","0","1","0","0"
"POINT (10.000587933000077 53.680542827000068)","Unfall 188761 (2020) Kat:3, Licht: 0","188761","3","6","2","09","17","4","0","0","0","1","0","0"
"POINT (10.083848597000042 53.618134815000076)","Unfall 188762 (2020) Kat:3, Licht: 0","188762","3","3","5","10","17","5","0","0","1","1","0","0"
"POINT (10.118797563000044 53.606672667000055)","Unfall 188763 (2020) Kat:3, Licht: 0","188763","3","6","2","09","08","6","0","0","0","1","0","0"
"POINT (9.913864385000068 53.551088303000029)","Unfall 188764 (2020) Kat:3, Licht: 2","188764","3","7","1","10","18","2","1","2","1","1","0","0"
"POINT (10.093331523000074 53.551890596000078)","Unfall 188765 (2020) Kat:3, Licht: 0","188765","3","6","2","09","12","3","0","0","0","1","0","1"
"POINT (9.929411466000033 53.629325871000049)","Unfall 188766 (2020) Kat:3, Licht: 0","188766","3","7","0","10","11","1","0","0","1","0","0","0"