WKT,Name,OBJECTID,UKATEGORIE,UTYP1,UART,UMONAT,USTUNDE,UWOCHENTAG,STRZUSTAND,ULICHTVERH,ISTRAD,ISTPKW,ISTFUSS,ISTKRAD
"POINT (10.148073253000064 53.526222322000081)","Unfall 188767 (2020) Kat:3, Licht: 0","188767","3","6","2","09","07","2","1","0","1","1","0","0"
"POINT (10.099049329000024 53.538124663000076)","Unfall 188768 (2020) Kat:3, Licht: 1","188768","3","7","0","10","17","5","0","1","0","0","0","1"
"POINT (10.003898986000024 53.577922863000026)","Unfall 188769 (2020) Kat:3, Licht: 0","188769","3","1","0","09","09","4","0","0","1","0","0","0"
"POINT (9.996915331000025 53.598206363000031)","Unfall 188770 (2020) Kat:3, Licht: 2","188770","3","5","1","10","04","6","0","2","1","1","0","0"
"POINT (10.023561576000077 53.526920958000062)","Unfall 188771 (2020) Kat:3, Licht: 0","188771","3","2","2","10","15","1","0","0","0","1","0","1"
"POINT (10.055597818000024 53.579901759000052)","Unfall 188772 (2020) Kat:3, Licht: 2","188772","3","3","5","09","19","4","0","2","1","1","0","0"
"POINT (9.962128142000040 53.564290182000036)","Unfall 188773 (2020) Kat:3, Licht: 0","188773","3","3","5","09","16","3","0","0","1","0","0","0"
"POINT (9.891317786000059 53.499030870000070)","Unfall 188774 (2020) Kat:3, Licht: 0","188774","3","6","2","10","14","5","1","0","0","1","0","0"
"POINT (10.024480499000049 53.565210070000035)","Unfall 188775 (2020) Kat:3, Licht: 0","188775","3","2","2","09","12","4","0","0","0","1","0","1"
"POINT (10.085607179000021 53.662264688000050)","Unfall 188776 (2020) Kat:3, Licht: 0","188776","3","7","0","10","18","6","0","0","1","0","0","0"
"POINT (10.141986208000048 53.543170204000035)","Unfall 188777 (2020) Kat:3, Licht: 0","188777","3","2","2","10","16","3","0","0","0","1","0","0"
"POINT (10.042184268000028 53.598158912000031)","Unfall 188778 (2020) Kat:3, Licht: 0","188778","3","6","2","10","13","4","0","0","0","1","0","0"
"POINT (9.823353341000029 53.578317697000045)","Unfall 188779 (2020) Kat:2, Licht: 0","188779","2","3","5","09","07","4","0","0","1","1","0","0"
"POINT (9.918403657000056 53.566549024000039)","Unfall 188780 (2020) Kat:3, Licht: 0","188780","3","6","2","10","08","5","0","0","0","1","0","1"
"POINT (10.078781041000070 53.607375268000055)","Unfall 188781 (2020) Kat:2, Licht: 0","188781","2","4","6","10","18","5","0","0","0","1","1","0"
"POINT (9.987337818000071 53.515507280000065)","Unfall 188782 (2020) Kat:3, Licht: 0","188782","3","6","4","10","11","1","0","0","0","1","0","0"
"POINT (10.069853619000071 53.578573242000061)","Unfall 188783 (2020) Kat:3, Licht: 0","188783","3","6","3","09","08","3","0","0","1","0","0","0"
"POINT (10.011417435000055 53.550642874000062)","Unfall 188784 (2020) Kat:3, Licht: 0","188784","3","7","6","10","16","1","0","0","0","1","1","0"
"POINT (10.058708162000073 53.645594866000067)","Unfall 188785 (2020) Kat:3, Licht: 0","188785","3","3","5","09","17","2","0","0","1","1","0","0"
"POINT (10.078176262000056 53.564335386000039)","Unfall 188786 (2020) Kat:3, Licht: 1","188786","3","6","2","10","07","5","0","1","0","1","0","0"
"POINT (9.840561354000045 53.558764950000068)","Unfall 188787 (2020) Kat:3, Licht: 0","188787","3","5","1","09","07","4","0","0","1","1","0","0"
"POINT (9.917725875000031 53.640616586000078)","Unfall 188788 (2020) Kat:2, Licht: 0","188788","2","2","3","10","15","6","0","0","0","1","0","0"
"POINT (9.997397078000063 53.578425428000060)","Unfall 188789 (2020) Kat:3, Licht: 0","188789","3","3","5","10","11","3","1","0","1","1","0","0"
"POINT (10.036290703000077 53.634533850000082)","Unfall 188790 (2020) Kat:3, Licht: 2","188790","3","7","0","10","07","3","1","2","1","0","0","0"
"POINT (9.908818134000057 53.563422392000064)","Unfall 188791 (2020) Kat:3, Licht: 0","188791","3","2","2","09","08","4","0","0","1","1","0","0"
"POINT (9.844437675000052 53.551725225000041)","Unfall 188792 (2020) Kat:3, Licht: 1","188792","3","7","0","09","19","4","0","1","0","1","0","0"
"POINT (10.169453308000072 53.645122844000070)","Unfall 188793 (2020) Kat:2, Licht: 0","188793","2","1","0","10","16","3","1","0","1","0","0","0"
"POINT (10.081160970000042 53.552403504000040)","Unfall 188794 (2020) Kat:2, Licht: 0","188794","2","4","6","10","13","3","0","0","0","1","1","0"
"POINT (9.972112830000071 53.587470485000040)","Unfall 188795 (2020) Kat:3, Licht: 0","188795","3","6","2","09","14","4","0","0","0","1","0","1"
"POINT (10.006067512000072 53.548416881000037)","Unfall 188796 (2020) Kat:3, Licht: 0","188796","3","7","9","10","09","5","0","0","0","1","0","0"
"POINT (9.981841563000046 53.460500464000063)","Unfall 188797 (2020) Kat:3, Licht: 0","188797","3","6","2","10","12","7","0","0","0","1","0","1"
"POINT (10.142984758000068 53.652330860000063)","Unfall 188798 (2020) Kat:3, Licht: 0","188798","3","7","0","09","07","3","0","0","1","0","0","0"
"POINT (10.075093336000066 53.612678734000042)","Unfall 188799 (2020) Kat:2, Licht: 2","188799","2","7","0","10","20","7","0","2","1","0","0","0"
"POINT (10.029209288000061 53.575738248000050)","Unfall 188800 (2020) Kat:3, Licht: 0","188800","3","3","5","09","15","2","0","0","1","1","0","0"
"POINT (10.030901037000035 53.625998446000040)","Unfall 188801 (2020) Kat:3, Licht: 1","188801","3","1","8","10","17","5","1","1","0","1","0","0"
"POINT (9.901233720000050 53.556900426000027)","Unfall 188802 (2020) Kat:3, Licht: 0","188802","3","3","5","10","08","5","0","0","1","1","0","0"
"POINT (9.956142178000050 53.596153389000051)","Unfall 188803 (2020) Kat:3, Licht: 0","188803","3","5","0","09","09","4","0","0","1","0","0","0"
"POINT (9.784942278000074 53.516845229000069)","Unfall 188804 (2020) Kat:3, Licht: 2","188804","3","3","5","10","06","5","0","2","0","1","0","0"
"POINT (10.021805679000067 53.525015582000037)","Unfall 188805 (2020) Kat:3, Licht: 0","188805","3","2","5","10","09","2","1","0","1","0","0","0"
"POINT (9.866492067000024 53.579802425000082)","Unfall 188806 (2020) Kat:3, Licht: 0","188806","3","6","2","10","17","3","0","0","0","1","0","0"
"POINT (9.949920769000073 53.572720259000050)","Unfall 188807 (2020) Kat:3, Licht: 0","188807","3","2","5","09","09","4","0","0","1","1","0","0"
"POINT (9.987205486000050 53.555633363000027)","Unfall 188808 (2020) Kat:3, Licht: 0","188808","3","6","2","09","09","4","0","0","0","1","0","0"
"POINT (10.211707348000061 53.503985620000037)","Unfall 188809 (2020) Kat:3, Licht: 0","188809","3","3","5","10","12","6","0","0","1","1","0","0"
"POINT (9.908942891000038 53.622947644000078)","Unfall 188810 (2020) Kat:3, Licht: 0","188810","3","2","4","09","12","3","0","0","1","1","0","0"
"POINT (9.902714546000027 53.631611141000064)","Unfall 188811 (2020) Kat:3, Licht: 0","188811","3","3","5","10","11","6","0","0","1","1","0","0"
"POINT (10.005704100000059 53.462831470000026)","Unfall 188812 (2020) Kat:3, Licht: 0","188812","3","7","4","10","10","6","0","0","0","1","0","0"
"POINT (9.977160757000036 53.564142550000042)","Unfall 188813 (2020) Kat:3, Licht: 2","188813","3","2","3","09","06","2","1","2","1","1","0","0"
"POINT (10.077001053000060 53.554813780000075)","Unfall 188814 (2020) Kat:3, Licht: 0","188814","3","4","6","10","15","4","1","0","1","0","1","0"
"POINT (10.161483044000022 53.651529011000036)","Unfall 188815 (2020) Kat:3, Licht: 0","188815","3","2","5","10","07","7","0","0","0","1","0","1"
"POINT (10.040674566000064 53.579926133000072)","Unfall 188816 (2020) Kat:2, Licht: 0","188816","2","3","5","09","08","3","0","0","0","1","0","0"
"POINT (10.007330791000072 53.652893747000064)","Unfall 188817 (2020) Kat:3, Licht: 0","188817","3","2","0","10","15","6","1","0","1","1","0","0"
"POINT (9.962495017000038 53.549146495000059)","Unfall 188818 (2020) Kat:3, Licht: 2","188818","3","4","6","10","03","7","0","2","0","1","1","0"
"POINT (9.877461658000073 53.576679117000026)","Unfall 188819 (2020) Kat:3, Licht: 2","188819","3","2","3","09","06","2","1","2","0","0","0","1"
"POINT (9.928092418000063 53.557004687000074)","Unfall 188820 (2020) Kat:3, Licht: 2","188820","3","3","5","10","21","5","1","2","1","0","0","0"
"POINT (9.975396104000026 53.556596603000060)","Unfall 188821 (2020) Kat:3, Licht: 0","188821","3","6","2","10","11","5","0","0","0","1","0","0"
"POINT (9.953247586000032 53.547623066000028)","Unfall 188822 (2020) Kat:3, Licht: 2","188822","3","3","5","09","05","4","0","2","0","1","0","0"
"POINT (10.123645027000066 53.569249600000035)","Unfall 188823 (2020) Kat:3, Licht: 0","188823","3","2","3","10","07","5","0","0","1","1","0","0"
"POINT (10.077930809000065 53.579413004000060)","Unfall 188824 (2020) Kat:3, Licht: 0","188824","3","5","3","09","12","6","0","0","1","1","0","0"
"POINT (10.065766635000045 53.574582480000061)","Unfall 188825 (2020) Kat:3, Licht: 0","188825","3","2","3","10","14","2","0","0","0","1","0","0"
"POINT (10.023218156000041 53.479514620000032)","Unfall 188826 (2020) Kat:3, Licht: 1","188826","3","2","2","10","06","2","1","1","0","1","0","0"
"POINT (9.981087941000055 53.420300339000050)","Unfall 188827 (2020) Kat:3, Licht: 0","188827","3","2","5","09","08","3","0","0","1","1","0","0"
"POINT (10.207995917000062 53.495724428000074)","Unfall 188828 (2020) Kat:3, Licht: 0","188828","3","7","0","09","13","7","0","0","1","0","0","0"
"POINT (10.040741142000059 53.555595705000030)","Unfall 188829 (2020) Kat:3, Licht: 2","188829","3","3","5","10","23","6","1","2","0","1","0","0"
"POINT (9.950423231000059 53.553212501000075)","Unfall 188830 (2020) Kat:3, Licht: 0","188830","3","7","6","09","13","3","0","0","1","0","1","0"
"POINT (10.036295686000074 53.558464418000028)","Unfall 188831 (2020) Kat:3, Licht: 2","188831","3","6","2","09","20","7","1","2","0","1","0","0"
"POINT (10.008628598000030 53.552817948000040)","Unfall 188832 (2020) Kat:3, Licht: 2","188832","3","4","6","10","21","6","1","2","0","1","1","0"
"POINT (10.034130257000072 53.541465028000061)","Unfall 188833 (2020) Kat:3, Licht: 0","188833","3","6","2","10","16","6","0","0","0","1","0","0"
"POINT (9.938106638000022 53.550682930000050)","Unfall 188834 (2020) Kat:2, Licht: 0","188834","2","2","6","10","11","4","0","0","0","1","1","0"
"POINT (10.051066403000050 53.593631997000045)","Unfall 188835 (2020) Kat:3, Licht: 2","188835","3","6","2","10","19","4","0","2","0","1","0","0"
"POINT (9.984199327000056 53.556913519000034)","Unfall 188836 (2020) Kat:3, Licht: 0","188836","3","4","6","09","09","4","0","0","1","0","1","0"
"POINT (10.024013517000071 53.585372674000041)","Unfall 188837 (2020) Kat:3, Licht: 0","188837","3","3","5","10","09","5","0","0","0","1","0","0"
"POINT (9.975049073000037 53.574229206000041)","Unfall 188838 (2020) Kat:3, Licht: 0","188838","3","1","0","10","15","2","1","0","1","0","0","0"
"POINT (10.221872793000045 53.446200929000042)","Unfall 188839 (2020) Kat:3, Licht: 0","188839","3","3","5","10","10","6","1","0","0","1","0","0"
"POINT (9.927259549000041 53.598463376000041)","Unfall 188840 (2020) Kat:3, Licht: 0","188840","3","6","4","10","13","4","0","0","1","0","0","0"
"POINT (10.080799241000022 53.554152395000074)","Unfall 188841 (2020) Kat:3, Licht: 0","188841","3","7","0","10","10","2","1","0","0","0","0","1"
"POINT (10.191256964000047 53.504574467000054)","Unfall 188842 (2020) Kat:3, Licht: 0","188842","3","6","2","10","14","4","0","0","0","1","0","0"
"POINT (10.028040617000045 53.664435943000058)","Unfall 188843 (2020) Kat:3, Licht: 0","188843","3","3","5","11","15","6","1","0","1","1","0","0"
"POINT (9.866211006000071 53.554829822000045)","Unfall 188844 (2020) Kat:3, Licht: 0","188844","3","7","6","10","15","4","0","0","0","1","1","0"
"POINT (10.142367717000070 53.570425047000072)","Unfall 188845 (2020) Kat:3, Licht: 2","188845","3","6","2","10","17","5","1","2","0","1","0","0"
"POINT (9.995648770000059 53.561901567000064)","Unfall 188846 (2020) Kat:3, Licht: 2","188846","3","7","0","11","16","2","0","2","1","0","0","0"
"POINT (9.956760422000059 53.587541156000043)","Unfall 188847 (2020) Kat:3, Licht: 0","188847","3","7","0","10","14","4","0","0","1","0","0","0"
"POINT (9.928899601000069 53.605883172000063)","Unfall 188848 (2020) Kat:3, Licht: 0","188848","3","6","4","11","14","4","0","0","1","0","0","0"
"POINT (10.071128071000032 53.559185836000040)","Unfall 188849 (2020) Kat:3, Licht: 2","188849","3","6","3","10","06","2","1","2","0","1","0","0"
"POINT (9.941405630000077 53.562751690000027)","Unfall 188850 (2020) Kat:3, Licht: 0","188850","3","2","4","10","08","4","1","0","1","1","0","0"
"POINT (9.939921300000037 53.577245148000031)","Unfall 188851 (2020) Kat:3, Licht: 0","188851","3","6","4","11","08","2","0","0","1","1","0","0"
"POINT (10.041901239000026 53.535331590000055)","Unfall 188852 (2020) Kat:3, Licht: 1","188852","3","4","6","10","07","2","0","1","0","1","1","0"
"POINT (9.936088529000074 53.548936145000027)","Unfall 188853 (2020) Kat:3, Licht: 2","188853","3","6","2","10","18","4","1","2","0","1","0","0"
"POINT (10.043104219000043 53.607645012000035)","Unfall 188854 (2020) Kat:3, Licht: 2","188854","3","2","4","10","19","6","1","2","0","1","0","0"
"POINT (9.966983015000039 53.569840660000068)","Unfall 188855 (2020) Kat:3, Licht: 1","188855","3","1","0","10","06","4","1","1","1","0","0","0"
"POINT (10.126034232000052 53.570984072000044)","Unfall 188856 (2020) Kat:3, Licht: 0","188856","3","2","4","10","10","2","1","0","0","1","0","0"
"POINT (10.107812708000040 53.564536714000042)","Unfall 188857 (2020) Kat:3, Licht: 0","188857","3","2","6","11","16","5","0","0","1","0","1","0"
"POINT (9.980240987000059 53.527698985000029)","Unfall 188858 (2020) Kat:2, Licht: 0","188858","2","1","9","10","16","4","1","0","0","1","0","0"
"POINT (9.894221175000041 53.477524933000041)","Unfall 188859 (2020) Kat:3, Licht: 0","188859","3","3","5","11","13","3","0","0","1","1","0","0"
"POINT (9.946016798000073 53.462067735000062)","Unfall 188860 (2020) Kat:3, Licht: 1","188860","3","4","6","10","16","3","0","1","0","1","1","0"
"POINT (9.892796391000047 53.548938909000071)","Unfall 188861 (2020) Kat:3, Licht: 0","188861","3","6","2","11","13","4","1","0","1","1","0","0"
"POINT (9.992284600000062 53.481323004000046)","Unfall 188862 (2020) Kat:3, Licht: 0","188862","3","2","4","10","09","3","0","0","0","1","0","0"
"POINT (10.182597905000023 53.465841665000028)","Unfall 188863 (2020) Kat:3, Licht: 0","188863","3","1","8","11","10","1","0","0","0","1","0","0"
"POINT (10.125319930000046 53.572094382000046)","Unfall 188864 (2020) Kat:3, Licht: 0","188864","3","6","2","10","12","2","1","0","0","1","0","0"
"POINT (10.208469157000025 53.481747193000047)","Unfall 188865 (2020) Kat:3, Licht: 0","188865","3","2","5","11","13","7","0","0","1","1","0","0"
"POINT (10.084861328000045 53.554747124000073)","Unfall 188866 (2020) Kat:3, Licht: 0","188866","3","6","1","10","14","3","0","0","0","1","0","0"
"POINT (10.054421507000029 53.574212788000068)","Unfall 188867 (2020) Kat:3, Licht: 0","188867","3","2","5","10","13","6","1","0","0","0","0","1"
"POINT (10.077257547000045 53.557301688000052)","Unfall 188868 (2020) Kat:3, Licht: 0","188868","3","6","9","10","11","3","0","0","0","1","0","0"
"POINT (10.098876221000069 53.588887345000046)","Unfall 188869 (2020) Kat:3, Licht: 1","188869","3","2","4","10","06","2","1","1","0","1","0","0"
"POINT (10.046747575000040 53.583133258000032)","Unfall 188870 (2020) Kat:3, Licht: 0","188870","3","2","6","11","12","5","0","0","0","1","1","0"
"POINT (10.098017852000055 53.588807565000081)","Unfall 188871 (2020) Kat:3, Licht: 1","188871","3","6","2","10","16","3","1","1","0","1","0","0"
"POINT (10.029066178000051 53.626054377000060)","Unfall 188872 (2020) Kat:3, Licht: 0","188872","3","7","0","11","13","3","1","0","1","0","0","0"
"POINT (10.054847556000027 53.583271109000066)","Unfall 188873 (2020) Kat:3, Licht: 2","188873","3","6","2","10","18","3","0","2","0","1","0","0"
"POINT (10.003336574000059 53.541730223000059)","Unfall 188874 (2020) Kat:3, Licht: 2","188874","3","6","2","11","19","1","1","2","0","1","0","1"
"POINT (10.076304905000029 53.663591586000052)","Unfall 188875 (2020) Kat:3, Licht: 2","188875","3","2","3","10","17","3","1","2","1","1","0","0"
"POINT (10.103609335000044 53.575180625000030)","Unfall 188876 (2020) Kat:3, Licht: 0","188876","3","3","5","10","07","2","1","0","1","1","0","0"
"POINT (10.231879801000048 53.489396904000046)","Unfall 188877 (2020) Kat:3, Licht: 0","188877","3","3","5","10","09","4","1","0","0","1","0","1"
"POINT (9.996560261000070 53.566829460000065)","Unfall 188878 (2020) Kat:3, Licht: 0","188878","3","5","1","11","13","7","0","0","1","1","0","0"
"POINT (10.025641304000033 53.631970146000072)","Unfall 188879 (2020) Kat:3, Licht: 0","188879","3","7","0","10","14","3","1","0","1","0","0","0"
"POINT (9.995915329000070 53.566968900000063)","Unfall 188880 (2020) Kat:3, Licht: 0","188880","3","6","3","10","07","6","1","0","1","1","0","0"
"POINT (9.993873262000022 53.599100599000053)","Unfall 188881 (2020) Kat:3, Licht: 0","188881","3","1","0","10","09","3","1","0","1","0","0","0"
"POINT (10.067489378000062 53.608455194000044)","Unfall 188882 (2020) Kat:3, Licht: 0","188882","3","3","5","10","17","2","0","0","0","1","0","0"
"POINT (9.966290795000077 53.596128146000069)","Unfall 188883 (2020) Kat:3, Licht: 0","188883","3","1","0","11","12","1","1","0","1","0","0","0"
"POINT (10.027437507000059 53.570458261000056)","Unfall 188884 (2020) Kat:3, Licht: 0","188884","3","6","2","10","18","3","0","0","0","1","0","0"
"POINT (10.175290061000055 53.653249299000038)","Unfall 188885 (2020) Kat:3, Licht: 0","188885","3","7","1","10","09","2","0","0","1","1","0","0"
"POINT (10.045206728000039 53.566119134000076)","Unfall 188886 (2020) Kat:2, Licht: 2","188886","2","7","3","11","17","7","0","2","0","1","0","1"
"POINT (9.904893273000027 53.610020292000058)","Unfall 188887 (2020) Kat:3, Licht: 2","188887","3","7","0","10","19","3","1","2","0","0","0","1"
"POINT (9.975344909000057 53.609488609000039)","Unfall 188888 (2020) Kat:2, Licht: 2","188888","2","1","0","10","18","6","1","2","1","0","0","0"
"POINT (9.989205199000026 53.581951557000082)","Unfall 188889 (2020) Kat:3, Licht: 2","188889","3","3","5","10","18","3","0","2","1","1","0","0"
"POINT (10.029879322000056 53.626074750000043)","Unfall 188890 (2020) Kat:3, Licht: 1","188890","3","6","3","10","06","2","1","1","0","1","0","0"
"POINT (9.978263548000030 53.586536561000059)","Unfall 188891 (2020) Kat:3, Licht: 2","188891","3","7","5","11","20","5","1","2","1","1","0","0"
"POINT (9.971399179000059 53.571171564000053)","Unfall 188892 (2020) Kat:3, Licht: 1","188892","3","2","5","10","16","3","1","1","1","0","0","0"
"POINT (9.990708011000038 53.574317761000032)","Unfall 188893 (2020) Kat:3, Licht: 0","188893","3","2","3","10","12","3","0","0","0","1","0","1"
"POINT (10.006121388000054 53.550203500000066)","Unfall 188894 (2020) Kat:3, Licht: 0","188894","3","2","4","11","14","3","0","0","0","1","0","0"
"POINT (9.996504145000074 53.541549740000050)","Unfall 188895 (2020) Kat:3, Licht: 2","188895","3","2","4","10","20","3","0","2","0","1","0","1"
"POINT (10.048612832000060 53.601095529000077)","Unfall 188896 (2020) Kat:3, Licht: 0","188896","3","4","6","10","12","7","0","0","1","0","1","0"
"POINT (10.185654143000022 53.487642496000035)","Unfall 188897 (2020) Kat:3, Licht: 0","188897","3","6","2","10","14","2","0","0","0","1","0","0"
"POINT (9.935706245000063 53.582521301000043)","Unfall 188898 (2020) Kat:3, Licht: 2","188898","3","3","5","10","19","2","0","2","0","1","0","0"
"POINT (10.119105775000037 53.532090743000026)","Unfall 188899 (2020) Kat:3, Licht: 2","188899","3","6","2","10","17","4","1","2","0","1","0","0"
"POINT (10.085303137000039 53.577349570000081)","Unfall 188900 (2020) Kat:2, Licht: 0","188900","2","3","5","11","15","6","0","0","1","1","0","0"
"POINT (10.210504364000030 53.487062641000080)","Unfall 188901 (2020) Kat:3, Licht: 0","188901","3","6","2","10","09","2","1","0","0","1","0","0"
"POINT (10.099966896000069 53.519047224000076)","Unfall 188902 (2020) Kat:3, Licht: 0","188902","3","6","2","10","08","5","1","0","0","1","0","0"
"POINT (9.889545554000051 53.561703936000072)","Unfall 188903 (2020) Kat:2, Licht: 0","188903","2","6","3","11","11","2","0","0","1","1","0","0"
"POINT (10.122411560000046 53.567194691000054)","Unfall 188904 (2020) Kat:3, Licht: 0","188904","3","6","2","10","15","2","0","0","0","1","0","0"
"POINT (10.012279815000056 53.625613821000059)","Unfall 188905 (2020) Kat:3, Licht: 0","188905","3","6","2","11","12","4","0","0","0","1","0","0"
"POINT (9.809467118000043 53.568819986000051)","Unfall 188906 (2020) Kat:3, Licht: 0","188906","3","7","0","10","07","2","1","0","1","0","0","0"
"POINT (10.036889078000058 53.550086360000080)","Unfall 188907 (2020) Kat:3, Licht: 0","188907","3","5","0","10","08","2","1","0","1","1","0","0"
"POINT (9.851958366000076 53.581695874000047)","Unfall 188908 (2020) Kat:2, Licht: 0","188908","2","5","1","11","08","2","0","0","0","1","0","0"
"POINT (10.005801519000045 53.556177224000066)","Unfall 188909 (2020) Kat:3, Licht: 0","188909","3","7","0","11","14","5","0","0","1","0","0","0"
"POINT (10.134400777000053 53.575040463000050)","Unfall 188910 (2020) Kat:2, Licht: 0","188910","2","2","5","10","07","2","1","0","0","0","1","0"
"POINT (10.092674261000070 53.587708100000043)","Unfall 188911 (2020) Kat:3, Licht: 2","188911","3","6","2","10","18","2","0","2","0","1","0","0"
"POINT (10.066055702000028 53.585181858000055)","Unfall 188912 (2020) Kat:3, Licht: 0","188912","3","7","0","11","09","2","1","0","1","0","0","0"
"POINT (10.076975241000071 53.566044040000065)","Unfall 188913 (2020) Kat:3, Licht: 0","188913","3","6","2","10","15","2","0","0","0","1","0","0"
"POINT (10.185629567000035 53.486870628000077)","Unfall 188914 (2020) Kat:3, Licht: 0","188914","3","6","4","10","07","6","1","0","1","1","0","0"
"POINT (10.165805790000036 53.651770704000057)","Unfall 188915 (2020) Kat:3, Licht: 0","188915","3","1","0","10","13","2","1","0","1","0","0","0"
"POINT (9.941619352000032 53.577748396000061)","Unfall 188916 (2020) Kat:3, Licht: 0","188916","3","3","6","10","09","2","0","0","1","0","1","0"
"POINT (10.095557399000029 53.550938958000074)","Unfall 188917 (2020) Kat:3, Licht: 0","188917","3","7","0","10","12","4","1","0","1","0","0","0"
"POINT (9.815777006000076 53.567525907000061)","Unfall 188918 (2020) Kat:3, Licht: 0","188918","3","1","0","11","10","6","1","0","1","0","0","0"
"POINT (10.097012494000069 53.655963536000058)","Unfall 188919 (2020) Kat:3, Licht: 0","188919","3","6","2","10","11","2","1","0","0","1","0","0"
"POINT (10.039100567000048 53.608294236000063)","Unfall 188920 (2020) Kat:3, Licht: 0","188920","3","6","2","10","11","5","1","0","0","1","0","0"
"POINT (10.016276691000030 53.555344807000040)","Unfall 188921 (2020) Kat:3, Licht: 0","188921","3","4","6","11","15","2","0","0","0","1","1","0"
"POINT (10.069217264000031 53.650337373000070)","Unfall 188922 (2020) Kat:3, Licht: 0","188922","3","3","5","10","07","2","1","0","1","0","0","0"
"POINT (9.817882707000024 53.572596345000079)","Unfall 188923 (2020) Kat:3, Licht: 0","188923","3","7","2","11","11","4","0","0","0","1","0","0"
"POINT (9.951599623000050 53.582263903000069)","Unfall 188924 (2020) Kat:2, Licht: 0","188924","2","7","6","10","07","2","1","0","1","0","1","0"
"POINT (10.030229888000065 53.626097713000036)","Unfall 188925 (2020) Kat:3, Licht: 1","188925","3","3","5","10","08","2","1","1","1","1","0","0"
"POINT (9.945611436000036 53.556962886000065)","Unfall 188926 (2020) Kat:3, Licht: 0","188926","3","2","5","11","09","2","1","0","1","1","0","0"
"POINT (9.931439240000032 53.548905782000077)","Unfall 188927 (2020) Kat:3, Licht: 0","188927","3","7","0","10","10","2","0","0","0","0","0","1"
"POINT (10.033231362000038 53.587258559000077)","Unfall 188928 (2020) Kat:3, Licht: 0","188928","3","3","5","10","09","2","1","0","1","1","0","0"
"POINT (10.074772320000022 53.593423639000036)","Unfall 188929 (2020) Kat:3, Licht: 0","188929","3","6","2","10","08","6","1","0","0","1","0","0"
"POINT (10.037873870000055 53.597892148000028)","Unfall 188930 (2020) Kat:3, Licht: 0","188930","3","1","0","10","07","2","1","0","1","0","0","0"
"POINT (9.964089324000042 53.556440152000050)","Unfall 188931 (2020) Kat:3, Licht: 0","188931","3","3","5","10","16","2","0","0","1","1","0","0"
"POINT (9.998442589000035 53.549887554000065)","Unfall 188932 (2020) Kat:3, Licht: 0","188932","3","6","6","10","08","2","0","0","1","0","1","0"
"POINT (9.961672538000073 53.624537766000060)","Unfall 188933 (2020) Kat:3, Licht: 0","188933","3","6","3","10","06","2","1","0","1","1","0","0"
"POINT (10.031460718000062 53.545594308000034)","Unfall 188934 (2020) Kat:3, Licht: 2","188934","3","6","4","10","22","6","1","2","0","1","0","0"
"POINT (9.956347354000059 53.570327923000036)","Unfall 188935 (2020) Kat:3, Licht: 1","188935","3","2","5","10","07","2","0","1","1","1","0","0"
"POINT (10.005577912000035 53.551749090000044)","Unfall 188936 (2020) Kat:3, Licht: 0","188936","3","3","5","10","14","2","0","0","1","0","0","0"
"POINT (9.951937343000054 53.564472301000080)","Unfall 188937 (2020) Kat:3, Licht: 0","188937","3","1","1","11","11","6","0","0","0","1","0","1"
"POINT (10.094320690000075 53.638747698000032)","Unfall 188938 (2020) Kat:3, Licht: 0","188938","3","3","5","10","12","5","0","0","1","1","0","0"
"POINT (9.909821901000044 53.554451853000046)","Unfall 188939 (2020) Kat:3, Licht: 2","188939","3","2","6","11","23","1","0","2","0","0","1","0"
"POINT (9.941778004000071 53.580085585000063)","Unfall 188940 (2020) Kat:3, Licht: 0","188940","3","7","0","10","13","2","1","0","1","0","0","0"
"POINT (9.975156298000059 53.578834100000051)","Unfall 188941 (2020) Kat:3, Licht: 0","188941","3","2","3","11","09","4","0","0","1","1","0","0"
"POINT (9.961454591000063 53.599534778000077)","Unfall 188942 (2020) Kat:3, Licht: 2","188942","3","3","5","10","21","2","0","2","0","1","0","0"
"POINT (9.998585935000051 53.581009344000051)","Unfall 188943 (2020) Kat:3, Licht: 0","188943","3","6","0","11","12","1","1","0","1","1","0","0"
"POINT (10.015141419000031 53.554846721000047)","Unfall 188944 (2020) Kat:3, Licht: 2","188944","3","6","2","10","18","2","0","2","0","1","0","0"
"POINT (10.062794865000058 53.569333770000071)","Unfall 188945 (2020) Kat:3, Licht: 0","188945","3","2","3","11","15","7","0","0","0","1","0","0"
"POINT (9.971092272000021 53.605827202000057)","Unfall 188946 (2020) Kat:3, Licht: 0","188946","3","3","5","10","07","2","1","0","1","1","0","0"
"POINT (10.015584196000077 53.572514884000043)","Unfall 188947 (2020) Kat:3, Licht: 2","188947","3","7","0","10","00","6","1","2","1","0","0","0"
"POINT (9.981205014000068 53.555570575000047)","Unfall 188948 (2020) Kat:3, Licht: 0","188948","3","7","0","10","09","2","1","0","0","0","0","0"
"POINT (9.866310646000045 53.485536318000072)","Unfall 188949 (2020) Kat:3, Licht: 1","188949","3","6","4","10","18","1","1","1","1","0","0","0"
"POINT (9.927995017000058 53.594581675000029)","Unfall 188950 (2020) Kat:3, Licht: 0","188950","3","3","5","11","08","5","0","0","0","1","0","1"
"POINT (10.094668333000072 53.551263821000077)","Unfall 188951 (2020) Kat:3, Licht: 2","188951","3","4","6","10","19","1","1","2","0","0","1","0"