WKT,Name,OBJECTID,UKATEGORIE,UTYP1,UART,UMONAT,USTUNDE,UWOCHENTAG,STRZUSTAND,ULICHTVERH,ISTRAD,ISTPKW,ISTFUSS,ISTKRAD
"POINT (10.084142488000055 53.602818748000061)","Unfall 189136 (2020) Kat:3, Licht: 2","189136","3","2","5","10","19","4","0","2","0","1","0","1"
"POINT (10.003591724000046 53.546325676000038)","Unfall 189137 (2020) Kat:3, Licht: 2","189137","3","6","3","10","05","6","0","2","0","1","0","0"
"POINT (9.998749605000057 53.609047272000055)","Unfall 189138 (2020) Kat:3, Licht: 0","189138","3","1","0","10","16","4","0","0","1","0","0","0"
"POINT (10.077856055000041 53.619481626000038)","Unfall 189139 (2020) Kat:3, Licht: 1","189139","3","2","4","11","16","6","0","1","1","1","0","0"
"POINT (10.099908728000059 53.620598277000056)","Unfall 189140 (2020) Kat:3, Licht: 0","189140","3","3","5","10","08","4","1","0","1","1","0","0"
"POINT (10.100749236000070 53.549542169000063)","Unfall 189141 (2020) Kat:3, Licht: 2","189141","3","6","2","10","18","5","1","2","0","1","0","0"
"POINT (9.903306989000043 53.568742083000075)","Unfall 189142 (2020) Kat:3, Licht: 0","189142","3","6","2","11","10","2","0","0","0","1","0","0"
"POINT (10.122341822000067 53.672974403000069)","Unfall 189143 (2020) Kat:3, Licht: 0","189143","3","6","2","10","14","4","1","0","1","0","0","0"
"POINT (10.022309170000028 53.629903751000029)","Unfall 189144 (2020) Kat:3, Licht: 0","189144","3","7","0","11","13","4","1","0","1","0","0","0"
"POINT (10.042181406000054 53.589066818000049)","Unfall 189145 (2020) Kat:3, Licht: 1","189145","3","1","0","10","06","4","1","1","1","0","0","0"
"POINT (9.829341412000076 53.511334976000057)","Unfall 189146 (2020) Kat:3, Licht: 2","189146","3","7","0","11","17","6","0","2","0","0","0","1"
"POINT (10.116970387000038 53.650004721000073)","Unfall 189147 (2020) Kat:2, Licht: 0","189147","2","6","2","10","14","4","1","0","0","1","0","0"
"POINT (10.015367727000068 53.539502902000038)","Unfall 189148 (2020) Kat:3, Licht: 0","189148","3","5","1","10","13","6","1","0","0","1","0","0"
"POINT (10.024514791000058 53.584841974000028)","Unfall 189149 (2020) Kat:3, Licht: 2","189149","3","4","6","10","19","4","1","2","0","1","1","0"
"POINT (10.225608685000054 53.487079514000072)","Unfall 189150 (2020) Kat:3, Licht: 0","189150","3","3","6","11","08","4","0","0","1","0","1","0"
"POINT (10.007701336000025 53.599564829000030)","Unfall 189151 (2020) Kat:3, Licht: 1","189151","3","6","2","10","17","4","1","1","0","1","0","0"
"POINT (10.017529210000021 53.600629205000075)","Unfall 189152 (2020) Kat:3, Licht: 2","189152","3","2","3","10","06","4","1","2","0","0","0","0"
"POINT (10.094600826000033 53.613417402000039)","Unfall 189153 (2020) Kat:3, Licht: 2","189153","3","7","0","11","16","2","1","2","0","0","0","1"
"POINT (10.021211478000055 53.566549049000059)","Unfall 189154 (2020) Kat:3, Licht: 1","189154","3","6","2","10","17","4","1","1","0","1","0","0"
"POINT (10.129778552000062 53.538937222000072)","Unfall 189155 (2020) Kat:3, Licht: 0","189155","3","3","5","10","10","6","1","0","1","1","0","0"
"POINT (10.022475347000068 53.559045012000070)","Unfall 189156 (2020) Kat:3, Licht: 0","189156","3","7","5","10","16","4","1","0","1","1","0","0"
"POINT (9.914552502000049 53.514877525000031)","Unfall 189157 (2020) Kat:3, Licht: 0","189157","3","6","2","10","16","5","0","0","0","1","0","0"
"POINT (10.020922563000056 53.563673353000070)","Unfall 189158 (2020) Kat:3, Licht: 0","189158","3","3","5","10","14","4","0","0","1","1","0","0"
"POINT (9.950665946000072 53.617892054000038)","Unfall 189159 (2020) Kat:3, Licht: 0","189159","3","6","1","11","14","6","0","0","0","1","0","0"
"POINT (10.125175398000067 53.668617147000077)","Unfall 189160 (2020) Kat:3, Licht: 2","189160","3","2","2","10","17","5","1","2","0","1","0","0"
"POINT (10.074176873000056 53.515075474000071)","Unfall 189161 (2020) Kat:3, Licht: 0","189161","3","3","0","11","12","1","0","0","1","1","0","0"
"POINT (10.043543027000055 53.595864455000026)","Unfall 189162 (2020) Kat:2, Licht: 2","189162","2","7","1","10","07","4","1","2","0","1","0","0"
"POINT (9.805103031000044 53.556810382000037)","Unfall 189163 (2020) Kat:2, Licht: 0","189163","2","3","6","11","14","4","0","0","1","0","1","0"
"POINT (9.919226012000024 53.590915114000040)","Unfall 189164 (2020) Kat:3, Licht: 0","189164","3","6","2","10","07","4","1","0","0","1","0","0"
"POINT (9.966324129000043 53.569385429000079)","Unfall 189165 (2020) Kat:3, Licht: 2","189165","3","2","6","11","18","2","1","2","0","1","1","0"
"POINT (9.987985120000076 53.450256452000076)","Unfall 189166 (2020) Kat:3, Licht: 0","189166","3","3","0","10","11","5","0","0","1","1","0","0"
"POINT (10.003201872000034 53.438190207000048)","Unfall 189167 (2020) Kat:3, Licht: 2","189167","3","1","0","10","04","5","0","2","0","0","0","0"
"POINT (9.759305746000052 53.582385153000075)","Unfall 189168 (2020) Kat:3, Licht: 1","189168","3","6","2","10","16","4","1","1","0","1","0","1"
"POINT (9.910544788000038 53.567971926000041)","Unfall 189169 (2020) Kat:3, Licht: 1","189169","3","6","4","11","16","2","1","1","1","1","0","0"
"POINT (9.999091817000021 53.510555422000039)","Unfall 189170 (2020) Kat:3, Licht: 0","189170","3","7","3","10","09","5","0","0","1","0","0","0"
"POINT (9.852196706000029 53.579258347000064)","Unfall 189171 (2020) Kat:3, Licht: 0","189171","3","2","0","10","09","4","1","0","0","1","0","0"
"POINT (10.055834952000055 53.561873383000034)","Unfall 189172 (2020) Kat:3, Licht: 0","189172","3","6","2","10","14","6","1","0","0","1","0","0"
"POINT (9.919949057000054 53.560652998000080)","Unfall 189173 (2020) Kat:3, Licht: 0","189173","3","1","0","10","15","4","1","0","1","0","0","0"
"POINT (10.083620167000049 53.538828033000073)","Unfall 189174 (2020) Kat:3, Licht: 0","189174","3","2","3","10","08","5","0","0","1","0","0","0"
"POINT (9.973688433000064 53.577079888000071)","Unfall 189175 (2020) Kat:2, Licht: 2","189175","2","1","9","11","21","6","0","2","0","0","0","1"
"POINT (10.065761887000065 53.650382998000055)","Unfall 189176 (2020) Kat:3, Licht: 0","189176","3","6","2","10","07","5","1","0","0","1","0","0"
"POINT (9.964331361000063 53.568197111000075)","Unfall 189177 (2020) Kat:2, Licht: 0","189177","2","2","4","11","13","1","0","0","1","1","0","0"
"POINT (9.907995861000075 53.584825544000068)","Unfall 189178 (2020) Kat:2, Licht: 0","189178","2","6","3","10","10","4","1","0","0","1","0","0"
"POINT (9.993320812000036 53.583074083000042)","Unfall 189179 (2020) Kat:3, Licht: 0","189179","3","6","2","11","09","4","0","0","1","1","0","0"
"POINT (9.961230932000035 53.578264466000064)","Unfall 189180 (2020) Kat:3, Licht: 0","189180","3","7","1","10","11","4","1","0","1","1","0","0"
"POINT (10.041755233000060 53.566894350000041)","Unfall 189181 (2020) Kat:2, Licht: 2","189181","2","4","6","11","19","1","1","2","0","1","1","0"
"POINT (10.123966198000062 53.587789216000033)","Unfall 189182 (2020) Kat:3, Licht: 0","189182","3","6","1","10","15","5","0","0","0","1","0","0"
"POINT (10.036908385000061 53.611665551000044)","Unfall 189183 (2020) Kat:3, Licht: 0","189183","3","2","4","11","15","7","0","0","1","1","0","0"
"POINT (9.987161470000046 53.590040508000072)","Unfall 189184 (2020) Kat:3, Licht: 0","189184","3","6","1","10","14","4","1","0","0","1","0","0"
"POINT (9.852156671000046 53.579268195000054)","Unfall 189185 (2020) Kat:3, Licht: 0","189185","3","2","5","10","12","6","1","0","0","1","0","0"
"POINT (9.949982466000051 53.557068039000058)","Unfall 189186 (2020) Kat:3, Licht: 0","189186","3","6","2","10","15","4","1","0","0","1","0","0"
"POINT (10.129993641000056 53.599722833000044)","Unfall 189187 (2020) Kat:3, Licht: 0","189187","3","2","1","10","11","5","0","0","0","1","0","0"
"POINT (9.905746037000029 53.616623661000062)","Unfall 189188 (2020) Kat:3, Licht: 0","189188","3","3","5","11","16","5","0","0","1","1","0","0"
"POINT (9.961361347000036 53.546404350000046)","Unfall 189189 (2020) Kat:3, Licht: 0","189189","3","2","3","11","14","1","0","0","0","1","0","1"
"POINT (9.985969265000051 53.550253374000079)","Unfall 189190 (2020) Kat:3, Licht: 0","189190","3","2","5","10","08","4","1","0","1","1","0","0"
"POINT (10.086414880000063 53.619289109000078)","Unfall 189191 (2020) Kat:3, Licht: 0","189191","3","3","5","10","09","6","1","0","0","0","0","0"
"POINT (9.885414689000072 53.519786113000066)","Unfall 189192 (2020) Kat:3, Licht: 0","189192","3","6","4","10","13","3","0","0","0","1","0","0"
"POINT (10.068525580000028 53.580831958000033)","Unfall 189193 (2020) Kat:3, Licht: 0","189193","3","2","4","10","18","5","0","0","0","1","0","1"
"POINT (10.085324319000051 53.577354719000027)","Unfall 189194 (2020) Kat:3, Licht: 2","189194","3","6","2","11","17","5","0","2","0","1","0","0"
"POINT (9.992623865000041 53.509735256000056)","Unfall 189195 (2020) Kat:2, Licht: 0","189195","2","6","6","10","17","3","1","0","1","0","1","0"
"POINT (10.026550876000044 53.549166860000071)","Unfall 189196 (2020) Kat:3, Licht: 0","189196","3","2","0","11","07","3","0","0","1","1","0","0"
"POINT (10.130904968000038 53.496628460000068)","Unfall 189197 (2020) Kat:3, Licht: 0","189197","3","7","5","10","11","3","0","0","1","1","0","0"
"POINT (9.961663271000077 53.562197654000045)","Unfall 189198 (2020) Kat:3, Licht: 0","189198","3","5","1","11","10","1","0","0","1","1","0","0"
"POINT (10.148534865000045 53.543609008000033)","Unfall 189199 (2020) Kat:3, Licht: 2","189199","3","7","9","10","22","3","1","2","0","0","0","0"
"POINT (10.076297957000065 53.566899837000051)","Unfall 189200 (2020) Kat:3, Licht: 1","189200","3","2","2","10","18","5","0","1","0","1","0","0"
"POINT (10.039390419000028 53.579296444000079)","Unfall 189201 (2020) Kat:3, Licht: 0","189201","3","1","0","11","13","7","0","0","1","0","0","0"
"POINT (10.091491211000061 53.552771156000063)","Unfall 189202 (2020) Kat:3, Licht: 2","189202","3","5","1","10","23","3","0","2","0","1","0","0"
"POINT (9.945428770000035 53.557069278000029)","Unfall 189203 (2020) Kat:3, Licht: 0","189203","3","3","5","10","11","6","1","0","0","1","0","0"
"POINT (10.162768649000043 53.589719793000029)","Unfall 189204 (2020) Kat:3, Licht: 2","189204","3","2","6","10","20","3","1","2","0","1","1","0"
"POINT (10.070524946000035 53.582833362000031)","Unfall 189205 (2020) Kat:3, Licht: 0","189205","3","6","0","10","08","5","0","0","1","0","0","0"
"POINT (9.965035269000055 53.549726129000078)","Unfall 189206 (2020) Kat:3, Licht: 0","189206","3","1","0","11","10","5","0","0","1","0","0","0"
"POINT (10.063937102000068 53.587274988000047)","Unfall 189207 (2020) Kat:3, Licht: 2","189207","3","2","3","10","18","3","1","2","1","0","0","0"
"POINT (10.117046323000068 53.645120949000045)","Unfall 189208 (2020) Kat:3, Licht: 1","189208","3","7","0","10","17","3","1","1","1","0","0","0"
"POINT (10.162778277000029 53.589709041000049)","Unfall 189209 (2020) Kat:3, Licht: 0","189209","3","3","5","11","07","2","1","0","1","1","0","0"
"POINT (10.049188177000076 53.646613205000051)","Unfall 189210 (2020) Kat:3, Licht: 0","189210","3","3","5","10","15","3","1","0","0","1","0","0"
"POINT (10.007246342000030 53.652798178000069)","Unfall 189211 (2020) Kat:2, Licht: 0","189211","2","3","5","10","13","3","0","0","1","1","0","0"
"POINT (9.945493389000035 53.579241615000058)","Unfall 189212 (2020) Kat:3, Licht: 0","189212","3","7","2","10","14","3","0","0","1","1","0","0"
"POINT (9.920786613000075 53.631641241000068)","Unfall 189213 (2020) Kat:3, Licht: 2","189213","3","7","0","11","17","3","0","2","1","0","0","0"
"POINT (9.920711911000069 53.546082545000047)","Unfall 189214 (2020) Kat:3, Licht: 0","189214","3","4","6","10","16","3","1","0","0","1","1","0"
"POINT (9.987278130000050 53.493127907000030)","Unfall 189215 (2020) Kat:3, Licht: 0","189215","3","7","0","10","08","7","1","0","1","0","0","0"
"POINT (9.925282195000023 53.546458795000035)","Unfall 189216 (2020) Kat:3, Licht: 2","189216","3","6","2","10","18","3","1","2","0","1","0","0"
"POINT (10.079490473000021 53.600609672000076)","Unfall 189217 (2020) Kat:3, Licht: 0","189217","3","3","5","10","16","5","0","0","1","1","0","0"
"POINT (10.057859629000063 53.592744339000035)","Unfall 189218 (2020) Kat:3, Licht: 2","189218","3","6","2","10","18","4","1","2","0","1","0","0"
"POINT (10.025580017000038 53.544475500000033)","Unfall 189219 (2020) Kat:3, Licht: 0","189219","3","3","2","11","10","6","1","0","1","1","0","0"
"POINT (9.980865037000058 53.580676527000037)","Unfall 189220 (2020) Kat:3, Licht: 0","189220","3","6","6","10","12","3","0","0","0","1","1","0"
"POINT (9.864853721000031 53.472532279000063)","Unfall 189221 (2020) Kat:3, Licht: 0","189221","3","3","5","10","09","5","1","0","1","0","0","0"
"POINT (10.016331424000043 53.577922187000070)","Unfall 189222 (2020) Kat:3, Licht: 0","189222","3","5","1","11","14","2","0","0","1","1","0","0"
"POINT (10.008820617000026 53.555574617000048)","Unfall 189223 (2020) Kat:3, Licht: 0","189223","3","3","5","10","15","3","0","0","1","0","0","1"
"POINT (10.004079053000055 53.437438474000032)","Unfall 189224 (2020) Kat:3, Licht: 2","189224","3","6","4","10","19","4","1","2","1","0","0","0"
"POINT (10.133574046000035 53.637312081000061)","Unfall 189225 (2020) Kat:3, Licht: 0","189225","3","1","0","11","14","4","0","0","1","0","0","0"
"POINT (9.771609054000066 53.521156179000059)","Unfall 189226 (2020) Kat:3, Licht: 2","189226","3","1","9","10","21","2","0","2","0","1","0","0"
"POINT (10.207562664000022 53.496780341000033)","Unfall 189227 (2020) Kat:2, Licht: 2","189227","2","4","6","10","23","4","1","2","0","1","1","0"
"POINT (9.968393168000034 53.441537252000046)","Unfall 189228 (2020) Kat:3, Licht: 0","189228","3","3","5","10","09","2","0","0","1","1","0","0"
"POINT (10.045569654000076 53.579020478000075)","Unfall 189229 (2020) Kat:3, Licht: 0","189229","3","2","4","11","08","2","1","0","0","1","0","0"
"POINT (9.951024884000049 53.468501570000058)","Unfall 189230 (2020) Kat:3, Licht: 0","189230","3","6","2","10","08","2","1","0","0","1","0","0"
"POINT (10.094722014000070 53.529999102000033)","Unfall 189231 (2020) Kat:3, Licht: 0","189231","3","6","2","10","14","6","1","0","0","1","0","0"
"POINT (10.206250784000076 53.477210095000032)","Unfall 189232 (2020) Kat:3, Licht: 0","189232","3","2","4","10","15","2","0","0","0","1","0","0"
"POINT (10.040586615000052 53.603287323000075)","Unfall 189233 (2020) Kat:2, Licht: 0","189233","2","6","3","10","10","5","0","0","1","1","0","0"
"POINT (9.970733194000047 53.581432542000073)","Unfall 189234 (2020) Kat:3, Licht: 0","189234","3","6","3","11","14","6","0","0","1","1","0","0"
"POINT (10.033464731000038 53.576613706000046)","Unfall 189235 (2020) Kat:3, Licht: 0","189235","3","3","5","10","12","5","1","0","1","1","0","0"
"POINT (10.057542533000060 53.648267772000054)","Unfall 189236 (2020) Kat:3, Licht: 2","189236","3","3","6","10","20","5","1","2","0","1","1","0"
"POINT (10.008585123000046 53.648203205000073)","Unfall 189237 (2020) Kat:3, Licht: 0","189237","3","3","5","11","10","1","0","0","1","0","0","0"
"POINT (9.919263187000070 53.627971783000078)","Unfall 189238 (2020) Kat:3, Licht: 2","189238","3","2","6","11","18","5","1","2","0","1","1","0"
"POINT (10.005031562000056 53.547240519000070)","Unfall 189239 (2020) Kat:3, Licht: 0","189239","3","3","5","12","09","5","1","0","1","1","0","0"
"POINT (9.948699392000037 53.624315205000073)","Unfall 189240 (2020) Kat:3, Licht: 2","189240","3","7","0","11","18","2","1","2","0","0","0","1"
"POINT (9.962265564000063 53.554096397000080)","Unfall 189241 (2020) Kat:3, Licht: 0","189241","3","7","9","12","12","6","0","0","0","1","0","0"
"POINT (10.044221048000054 53.592200924000053)","Unfall 189242 (2020) Kat:3, Licht: 0","189242","3","7","0","11","11","5","1","0","1","1","0","0"
"POINT (10.137195998000038 53.608014689000072)","Unfall 189243 (2020) Kat:3, Licht: 0","189243","3","3","5","11","08","3","0","0","1","1","0","0"
"POINT (9.962606069000060 53.561238189000051)","Unfall 189244 (2020) Kat:3, Licht: 2","189244","3","7","1","11","21","6","1","2","1","1","0","0"
"POINT (10.165177583000059 53.653808009000045)","Unfall 189245 (2020) Kat:3, Licht: 0","189245","3","3","5","11","14","3","1","0","1","1","0","0"
"POINT (9.977155740000057 53.564345108000055)","Unfall 189246 (2020) Kat:3, Licht: 2","189246","3","2","5","12","16","3","1","2","1","1","0","0"
"POINT (10.071043145000033 53.558647296000061)","Unfall 189247 (2020) Kat:3, Licht: 2","189247","3","2","5","12","18","4","0","2","1","1","0","0"
"POINT (9.976563852000027 53.578119206000054)","Unfall 189248 (2020) Kat:3, Licht: 0","189248","3","3","5","11","14","4","0","0","1","1","0","0"
"POINT (9.824099053000055 53.560028493000061)","Unfall 189249 (2020) Kat:3, Licht: 0","189249","3","6","2","11","13","7","0","0","0","1","0","0"
"POINT (10.083003177000023 53.581413892000057)","Unfall 189250 (2020) Kat:3, Licht: 2","189250","3","3","5","12","06","4","0","2","0","1","0","0"
"POINT (10.151882824000040 53.542244257000050)","Unfall 189251 (2020) Kat:2, Licht: 0","189251","2","7","9","12","08","3","1","0","0","1","0","0"
"POINT (10.103630449000036 53.575184630000081)","Unfall 189252 (2020) Kat:3, Licht: 2","189252","3","2","2","11","18","7","1","2","0","1","0","0"
"POINT (10.078292411000064 53.554799828000057)","Unfall 189253 (2020) Kat:3, Licht: 0","189253","3","4","6","11","14","4","1","0","1","0","1","0"
"POINT (10.125301989000036 53.698671611000066)","Unfall 189254 (2020) Kat:2, Licht: 1","189254","2","5","1","12","16","4","0","1","0","1","0","0"
"POINT (9.984725678000075 53.604493775000037)","Unfall 189255 (2020) Kat:3, Licht: 2","189255","3","1","0","11","23","7","1","2","0","0","0","1"
"POINT (10.114866750000033 53.595236231000058)","Unfall 189256 (2020) Kat:3, Licht: 2","189256","3","7","0","11","17","4","1","2","1","0","0","0"
"POINT (9.976007268000046 53.424422571000036)","Unfall 189257 (2020) Kat:3, Licht: 2","189257","3","3","6","12","17","3","1","2","0","1","1","0"
"POINT (10.143505977000075 53.627264159000049)","Unfall 189258 (2020) Kat:3, Licht: 0","189258","3","7","0","11","07","5","1","0","1","0","0","0"
"POINT (9.989896922000071 53.447699038000053)","Unfall 189259 (2020) Kat:3, Licht: 0","189259","3","6","3","11","10","2","0","0","0","1","0","0"
"POINT (10.034019454000031 53.619340450000038)","Unfall 189260 (2020) Kat:3, Licht: 0","189260","3","3","5","12","08","2","0","0","1","1","0","0"
"POINT (10.006307772000071 53.551816070000029)","Unfall 189261 (2020) Kat:2, Licht: 1","189261","2","3","5","11","07","3","0","1","1","1","0","0"
"POINT (10.038177965000045 53.549141717000055)","Unfall 189262 (2020) Kat:3, Licht: 1","189262","3","7","6","11","16","5","1","1","0","1","1","0"
"POINT (9.909334713000021 53.562954074000061)","Unfall 189263 (2020) Kat:3, Licht: 0","189263","3","5","1","11","15","3","1","0","1","1","0","0"
"POINT (10.197613056000023 53.501183525000044)","Unfall 189264 (2020) Kat:3, Licht: 0","189264","3","3","5","12","09","2","1","0","1","1","0","0"
"POINT (10.039161283000055 53.606524108000031)","Unfall 189265 (2020) Kat:2, Licht: 0","189265","2","6","4","11","12","3","0","0","0","1","0","0"
"POINT (10.043830865000075 53.560981636000065)","Unfall 189266 (2020) Kat:3, Licht: 0","189266","3","6","2","11","10","6","0","0","0","1","0","0"
"POINT (10.066932408000071 53.650678064000033)","Unfall 189267 (2020) Kat:2, Licht: 2","189267","2","6","4","12","06","4","0","2","0","1","0","0"
"POINT (10.011490595000055 53.649145117000046)","Unfall 189268 (2020) Kat:3, Licht: 0","189268","3","2","3","12","13","3","1","0","1","1","0","0"
"POINT (9.962367756000049 53.599661877000074)","Unfall 189269 (2020) Kat:3, Licht: 0","189269","3","6","0","11","13","7","1","0","0","1","0","1"
"POINT (10.056233488000032 53.647066116000076)","Unfall 189270 (2020) Kat:3, Licht: 0","189270","3","6","2","11","15","4","1","0","0","1","0","0"
"POINT (10.025471366000033 53.660348993000071)","Unfall 189271 (2020) Kat:3, Licht: 0","189271","3","5","0","12","14","4","0","0","1","1","0","0"
"POINT (10.107370632000027 53.541921903000059)","Unfall 189272 (2020) Kat:3, Licht: 2","189272","3","4","6","11","17","6","1","2","0","1","1","0"
"POINT (9.858517701000039 53.572840384000074)","Unfall 189273 (2020) Kat:3, Licht: 0","189273","3","3","5","11","09","4","1","0","0","1","0","0"
"POINT (10.085789373000068 53.549162265000064)","Unfall 189274 (2020) Kat:3, Licht: 2","189274","3","6","3","12","20","3","1","2","0","1","0","0"
"POINT (9.764045891000023 53.585812090000047)","Unfall 189275 (2020) Kat:3, Licht: 1","189275","3","6","3","11","16","5","1","1","1","1","0","0"
"POINT (10.088923875000035 53.646815708000076)","Unfall 189276 (2020) Kat:3, Licht: 0","189276","3","4","6","11","10","2","0","0","0","1","1","0"
"POINT (9.987287504000051 53.582252694000033)","Unfall 189277 (2020) Kat:3, Licht: 0","189277","3","6","2","12","10","2","1","0","0","1","0","0"
"POINT (10.146260254000026 53.526342240000076)","Unfall 189278 (2020) Kat:3, Licht: 2","189278","3","4","6","11","17","2","0","2","0","1","1","0"
"POINT (10.004174444000057 53.557503696000026)","Unfall 189279 (2020) Kat:3, Licht: 0","189279","3","6","0","11","08","6","1","0","0","0","0","1"
"POINT (10.035628570000029 53.575221865000060)","Unfall 189280 (2020) Kat:3, Licht: 2","189280","3","6","2","12","16","4","1","2","0","1","0","0"
"POINT (10.004017394000073 53.557099753000045)","Unfall 189281 (2020) Kat:3, Licht: 2","189281","3","6","4","12","17","3","0","2","1","1","0","0"
"POINT (10.002768406000030 53.469048609000026)","Unfall 189282 (2020) Kat:2, Licht: 0","189282","2","6","4","12","09","5","1","0","0","1","0","0"
"POINT (9.992166412000074 53.559222070000033)","Unfall 189283 (2020) Kat:3, Licht: 0","189283","3","7","0","11","08","6","1","0","0","0","0","0"
"POINT (9.960968706000074 53.563976425000078)","Unfall 189284 (2020) Kat:3, Licht: 2","189284","3","6","3","11","18","4","0","2","1","0","0","0"
"POINT (10.028481816000067 53.571318416000054)","Unfall 189285 (2020) Kat:3, Licht: 0","189285","3","3","5","12","10","4","0","0","1","1","0","0"
"POINT (10.099244867000039 53.695050904000027)","Unfall 189286 (2020) Kat:3, Licht: 2","189286","3","1","0","11","16","6","0","2","0","1","0","0"
"POINT (10.021749909000050 53.614729384000043)","Unfall 189287 (2020) Kat:3, Licht: 2","189287","3","1","0","11","22","6","1","2","1","0","0","0"
"POINT (9.866263297000046 53.565136900000027)","Unfall 189288 (2020) Kat:3, Licht: 2","189288","3","1","8","12","19","4","1","2","0","1","0","0"
"POINT (9.940282934000038 53.593085713000050)","Unfall 189289 (2020) Kat:3, Licht: 0","189289","3","6","2","12","11","3","1","0","0","1","0","0"
"POINT (9.932504397000059 53.587680412000054)","Unfall 189290 (2020) Kat:3, Licht: 2","189290","3","7","0","11","07","6","1","2","0","0","1","1"
"POINT (10.041698860000054 53.586070430000063)","Unfall 189291 (2020) Kat:3, Licht: 0","189291","3","2","5","11","08","4","0","0","1","0","0","0"
"POINT (9.819430052000030 53.580999832000032)","Unfall 189292 (2020) Kat:3, Licht: 0","189292","3","3","5","12","08","4","0","0","0","1","0","0"
"POINT (10.063062808000041 53.582183998000062)","Unfall 189293 (2020) Kat:3, Licht: 0","189293","3","7","6","11","10","6","1","0","0","1","1","0"
"POINT (9.953396289000068 53.572551698000041)","Unfall 189294 (2020) Kat:3, Licht: 2","189294","3","1","1","11","22","4","0","2","0","1","0","0"
"POINT (10.085834864000049 53.656741272000033)","Unfall 189295 (2020) Kat:3, Licht: 2","189295","3","6","4","12","18","3","1","2","1","0","0","0"
"POINT (9.977226454000061 53.564332941000032)","Unfall 189296 (2020) Kat:3, Licht: 2","189296","3","2","5","11","06","5","0","2","0","1","0","0"
"POINT (10.012165698000047 53.606661299000052)","Unfall 189297 (2020) Kat:3, Licht: 0","189297","3","4","6","12","11","6","0","0","0","1","1","0"
"POINT (10.127875089000042 53.529443355000069)","Unfall 189298 (2020) Kat:2, Licht: 0","189298","2","7","0","11","15","1","0","0","1","0","0","0"
"POINT (10.069461503000070 53.571744511000077)","Unfall 189299 (2020) Kat:3, Licht: 0","189299","3","7","0","12","09","1","0","0","0","0","0","0"
"POINT (10.100919748000024 53.540445721000026)","Unfall 189300 (2020) Kat:3, Licht: 0","189300","3","3","5","12","11","4","0","0","0","1","0","0"
"POINT (10.089324625000074 53.617995958000051)","Unfall 189301 (2020) Kat:3, Licht: 0","189301","3","3","5","11","11","2","1","0","1","1","0","0"
"POINT (10.037060269000051 53.640924306000045)","Unfall 189302 (2020) Kat:3, Licht: 0","189302","3","3","5","11","15","5","1","0","0","1","0","0"
"POINT (9.909555736000073 53.554371984000056)","Unfall 189303 (2020) Kat:2, Licht: 2","189303","2","2","6","12","17","4","1","2","0","1","1","0"
"POINT (10.122496560000059 53.609946849000039)","Unfall 189304 (2020) Kat:2, Licht: 1","189304","2","4","6","11","07","2","1","1","0","1","1","0"
"POINT (10.201663171000064 53.484988583000074)","Unfall 189305 (2020) Kat:2, Licht: 0","189305","2","2","3","12","15","5","0","0","1","1","0","0"
"POINT (10.212657084000057 53.486765448000028)","Unfall 189306 (2020) Kat:3, Licht: 0","189306","3","3","5","11","14","5","1","0","1","0","0","0"
"POINT (10.142047173000037 53.628587227000082)","Unfall 189307 (2020) Kat:2, Licht: 0","189307","2","2","2","11","11","3","0","0","0","1","0","0"
"POINT (9.975631044000068 53.578775818000054)","Unfall 189308 (2020) Kat:3, Licht: 2","189308","3","4","6","11","17","6","0","2","0","1","1","0"
"POINT (9.883972766000056 53.524774118000039)","Unfall 189309 (2020) Kat:3, Licht: 0","189309","3","7","0","11","09","3","0","0","1","0","0","0"
"POINT (9.949850309000055 53.576353117000053)","Unfall 189310 (2020) Kat:3, Licht: 2","189310","3","4","6","12","18","3","1","2","0","1","1","0"
"POINT (9.882183330000032 53.568733392000070)","Unfall 189311 (2020) Kat:3, Licht: 0","189311","3","7","0","12","08","4","1","0","1","0","0","0"
"POINT (10.050392539000029 53.593959615000074)","Unfall 189312 (2020) Kat:3, Licht: 0","189312","3","7","0","11","08","4","0","0","0","0","0","1"
"POINT (10.132528659000059 53.599931881000032)","Unfall 189313 (2020) Kat:3, Licht: 0","189313","3","2","4","12","14","5","0","0","1","1","0","0"
"POINT (10.112090226000021 53.558475449000071)","Unfall 189314 (2020) Kat:3, Licht: 0","189314","3","3","5","11","14","7","1","0","1","1","0","0"
"POINT (9.995789864000074 53.558311708000076)","Unfall 189315 (2020) Kat:3, Licht: 0","189315","3","6","3","11","09","4","1","0","0","1","0","0"
"POINT (10.026888051000071 53.580557247000058)","Unfall 189316 (2020) Kat:3, Licht: 2","189316","3","4","6","12","19","3","1","2","0","1","1","0"
"POINT (10.102843781000047 53.580145870000081)","Unfall 189317 (2020) Kat:3, Licht: 2","189317","3","6","2","11","17","4","0","2","0","1","0","0"
"POINT (9.976470007000046 53.557357392000029)","Unfall 189318 (2020) Kat:3, Licht: 2","189318","3","1","0","12","23","6","0","2","1","0","0","0"
"POINT (9.754933122000068 53.571209428000031)","Unfall 189319 (2020) Kat:3, Licht: 0","189319","3","6","4","11","11","1","0","0","1","1","0","0"
"POINT (9.919075998000039 53.545889068000065)","Unfall 189320 (2020) Kat:3, Licht: 2","189320","3","2","6","12","17","7","0","2","0","1","1","0"