WKT,Name,OBJECTID,UKATEGORIE,UTYP1,UART,UMONAT,USTUNDE,UWOCHENTAG,STRZUSTAND,ULICHTVERH,ISTRAD,ISTPKW,ISTFUSS,ISTKRAD
"POINT (9.990931340000032 53.560655328000053)","Unfall 189321 (2020) Kat:3, Licht: 0","189321","3","3","5","12","09","4","0","0","1","1","0","0"
"POINT (9.986957560000064 53.589422300000081)","Unfall 189322 (2020) Kat:3, Licht: 0","189322","3","2","4","11","13","2","1","0","0","1","0","1"
"POINT (10.000748178000038 53.555626096000026)","Unfall 189323 (2020) Kat:3, Licht: 2","189323","3","3","5","11","17","5","1","2","0","1","0","0"
"POINT (9.955614884000056 53.578502836000041)","Unfall 189324 (2020) Kat:3, Licht: 2","189324","3","5","1","12","19","4","1","2","0","1","0","1"
"POINT (10.162108977000059 53.506663153000034)","Unfall 189325 (2020) Kat:2, Licht: 0","189325","2","2","2","11","08","1","0","0","1","0","0","0"
"POINT (10.081521905000045 53.555780202000051)","Unfall 189326 (2020) Kat:2, Licht: 2","189326","2","7","6","12","07","5","1","2","0","0","1","0"
"POINT (9.904990606000069 53.587066182000058)","Unfall 189327 (2020) Kat:3, Licht: 2","189327","3","6","2","11","16","5","1","2","0","1","0","0"
"POINT (10.104545162000022 53.573100329000056)","Unfall 189328 (2020) Kat:3, Licht: 0","189328","3","3","5","11","15","3","0","0","1","1","0","0"
"POINT (10.019207031000064 53.552893860000040)","Unfall 189329 (2020) Kat:3, Licht: 0","189329","3","2","2","11","09","6","0","0","0","1","0","0"
"POINT (10.036716756000033 53.597441137000033)","Unfall 189330 (2020) Kat:3, Licht: 2","189330","3","2","3","11","16","3","1","2","1","1","0","0"
"POINT (9.969600721000063 53.549817895000047)","Unfall 189331 (2020) Kat:2, Licht: 2","189331","2","2","6","12","07","3","1","2","0","1","1","0"
"POINT (9.943152455000075 53.565307987000040)","Unfall 189332 (2020) Kat:3, Licht: 2","189332","3","7","5","12","17","4","0","2","1","1","0","0"
"POINT (10.209087128000021 53.491829009000071)","Unfall 189333 (2020) Kat:3, Licht: 2","189333","3","3","6","11","18","3","0","2","0","1","1","0"
"POINT (9.890731957000071 53.626285232000043)","Unfall 189334 (2020) Kat:3, Licht: 0","189334","3","6","4","11","12","7","0","0","0","1","0","0"
"POINT (9.970510279000052 53.567397424000035)","Unfall 189335 (2020) Kat:3, Licht: 2","189335","3","3","5","12","17","4","0","2","1","1","0","0"
"POINT (10.072408990000042 53.580078575000073)","Unfall 189336 (2020) Kat:3, Licht: 0","189336","3","3","5","12","08","3","1","0","1","0","0","0"
"POINT (10.071207984000068 53.606322686000055)","Unfall 189337 (2020) Kat:3, Licht: 0","189337","3","6","1","11","15","7","1","0","0","1","0","0"
"POINT (10.088477731000069 53.542568529000050)","Unfall 189338 (2020) Kat:3, Licht: 0","189338","3","1","8","11","15","4","1","0","1","0","0","0"
"POINT (9.967550784000025 53.572419589000049)","Unfall 189339 (2020) Kat:3, Licht: 2","189339","3","3","5","12","16","4","1","2","1","0","0","0"
"POINT (9.982379823000031 53.565866191000055)","Unfall 189340 (2020) Kat:2, Licht: 0","189340","2","7","1","11","14","7","0","0","1","1","0","0"
"POINT (10.007528282000067 53.554391674000044)","Unfall 189341 (2020) Kat:3, Licht: 0","189341","3","3","5","12","08","4","1","0","1","1","0","0"
"POINT (10.225488484000039 53.490038165000044)","Unfall 189342 (2020) Kat:3, Licht: 2","189342","3","5","1","12","18","3","1","2","0","1","0","0"
"POINT (10.030510077000031 53.619129161000046)","Unfall 189343 (2020) Kat:3, Licht: 0","189343","3","3","5","11","13","1","0","0","0","1","0","0"
"POINT (10.204370557000061 53.491660459000059)","Unfall 189344 (2020) Kat:2, Licht: 0","189344","2","2","5","11","09","4","1","0","1","0","0","0"
"POINT (9.987782921000076 53.526540659000034)","Unfall 189345 (2020) Kat:3, Licht: 0","189345","3","7","8","12","12","4","0","0","0","0","0","0"
"POINT (10.173397716000068 53.648022401000048)","Unfall 189346 (2020) Kat:3, Licht: 2","189346","3","7","0","11","21","7","1","2","1","0","0","0"
"POINT (9.984911247000071 53.463050796000061)","Unfall 189347 (2020) Kat:3, Licht: 2","189347","3","6","4","11","19","5","1","2","0","1","0","0"
"POINT (10.011525011000060 53.649088515000074)","Unfall 189348 (2020) Kat:3, Licht: 0","189348","3","2","4","11","09","3","0","0","0","1","0","0"
"POINT (10.135167032000027 53.594500681000056)","Unfall 189349 (2020) Kat:3, Licht: 0","189349","3","2","5","11","12","5","1","0","0","1","0","0"
"POINT (9.966305650000038 53.595569045000047)","Unfall 189350 (2020) Kat:3, Licht: 0","189350","3","2","3","11","15","3","1","0","1","1","0","0"
"POINT (10.164038665000021 53.591713373000061)","Unfall 189351 (2020) Kat:3, Licht: 0","189351","3","7","5","12","10","2","0","0","1","1","0","0"
"POINT (10.102106718000073 53.647283112000082)","Unfall 189352 (2020) Kat:2, Licht: 0","189352","2","2","5","11","10","3","1","0","0","1","0","0"
"POINT (10.175073240000074 53.653829146000078)","Unfall 189353 (2020) Kat:3, Licht: 0","189353","3","7","0","11","15","6","1","0","1","0","0","0"
"POINT (9.850373446000049 53.470522354000082)","Unfall 189354 (2020) Kat:3, Licht: 0","189354","3","7","6","12","14","3","1","0","0","1","1","0"
"POINT (10.006277121000039 53.577193532000081)","Unfall 189355 (2020) Kat:3, Licht: 2","189355","3","6","3","12","16","3","1","2","1","1","0","0"
"POINT (9.987583625000070 53.450940107000065)","Unfall 189356 (2020) Kat:3, Licht: 1","189356","3","4","6","11","16","6","0","1","0","1","1","0"
"POINT (10.008503446000077 53.581187934000070)","Unfall 189357 (2020) Kat:3, Licht: 0","189357","3","3","5","11","15","4","0","0","1","1","0","0"
"POINT (9.951159806000021 53.460053972000082)","Unfall 189358 (2020) Kat:3, Licht: 0","189358","3","3","5","12","11","3","0","0","0","1","0","0"
"POINT (10.124826520000056 53.586075110000081)","Unfall 189359 (2020) Kat:2, Licht: 2","189359","2","2","4","11","16","6","0","2","0","1","0","1"
"POINT (9.888269610000066 53.572972578000076)","Unfall 189360 (2020) Kat:3, Licht: 0","189360","3","3","5","11","07","4","1","0","0","1","0","0"
"POINT (10.149368599000070 53.615678419000062)","Unfall 189361 (2020) Kat:3, Licht: 1","189361","3","2","6","12","16","3","1","1","0","1","1","0"
"POINT (9.955985284000064 53.576338597000074)","Unfall 189362 (2020) Kat:3, Licht: 0","189362","3","2","6","11","15","5","1","0","0","1","1","0"
"POINT (9.991560836000076 53.549108162000039)","Unfall 189363 (2020) Kat:3, Licht: 2","189363","3","6","3","11","17","2","0","2","1","0","0","0"
"POINT (9.966957887000035 53.551041834000046)","Unfall 189364 (2020) Kat:3, Licht: 0","189364","3","5","1","12","08","2","1","0","0","1","0","1"
"POINT (10.094998053000040 53.686715544000037)","Unfall 189365 (2020) Kat:3, Licht: 0","189365","3","3","5","11","07","4","1","0","1","0","0","0"
"POINT (9.975060243000030 53.454041314000051)","Unfall 189366 (2020) Kat:3, Licht: 2","189366","3","2","6","12","06","3","1","2","0","1","1","0"
"POINT (10.010902207000072 53.582222996000041)","Unfall 189367 (2020) Kat:3, Licht: 0","189367","3","3","5","11","09","5","1","0","0","0","0","1"
"POINT (10.133350082000049 53.593314886000030)","Unfall 189368 (2020) Kat:3, Licht: 1","189368","3","2","2","11","16","2","1","1","0","1","0","0"
"POINT (10.017696079000075 53.562819913000055)","Unfall 189369 (2020) Kat:2, Licht: 2","189369","2","3","5","12","16","2","1","2","1","0","0","0"
"POINT (10.081487130000028 53.558670967000069)","Unfall 189370 (2020) Kat:3, Licht: 2","189370","3","6","2","11","06","2","1","2","0","1","0","0"
"POINT (9.890049072000068 53.601827127000035)","Unfall 189371 (2020) Kat:3, Licht: 2","189371","3","2","2","11","17","6","1","2","0","1","0","0"
"POINT (10.177963636000072 53.490717369000038)","Unfall 189372 (2020) Kat:3, Licht: 2","189372","3","4","6","12","17","3","0","2","0","1","1","0"
"POINT (9.959766023000043 53.634149427000068)","Unfall 189373 (2020) Kat:2, Licht: 2","189373","2","6","4","12","07","3","1","2","1","1","0","0"
"POINT (9.923124410000071 53.575857804000066)","Unfall 189374 (2020) Kat:2, Licht: 0","189374","2","3","5","11","12","6","0","0","0","1","0","1"
"POINT (10.039055487000041 53.571864526000070)","Unfall 189375 (2020) Kat:3, Licht: 0","189375","3","3","5","11","08","4","1","0","1","1","0","0"
"POINT (10.191605950000053 53.495925249000038)","Unfall 189376 (2020) Kat:3, Licht: 0","189376","3","3","5","12","10","3","0","0","1","1","0","0"
"POINT (10.075572744000056 53.618342595000058)","Unfall 189377 (2020) Kat:3, Licht: 0","189377","3","7","0","11","10","6","0","0","1","0","0","0"
"POINT (9.948208913000030 53.588110896000046)","Unfall 189378 (2020) Kat:3, Licht: 0","189378","3","7","0","11","12","4","1","0","1","0","0","0"
"POINT (10.013028775000066 53.639815432000034)","Unfall 189379 (2020) Kat:3, Licht: 1","189379","3","2","6","12","08","3","1","1","0","1","1","0"
"POINT (10.128027736000035 53.532316371000036)","Unfall 189380 (2020) Kat:3, Licht: 0","189380","3","3","5","11","09","4","0","0","0","1","0","0"
"POINT (10.053913202000047 53.592356063000068)","Unfall 189381 (2020) Kat:3, Licht: 0","189381","3","6","1","12","11","6","0","0","0","1","0","0"
"POINT (10.133414271000049 53.584502922000070)","Unfall 189382 (2020) Kat:2, Licht: 0","189382","2","2","6","11","11","1","0","0","0","0","1","0"
"POINT (10.147671176000074 53.604999887000076)","Unfall 189383 (2020) Kat:3, Licht: 2","189383","3","3","5","12","18","7","0","2","0","1","0","0"
"POINT (10.033301008000024 53.621191471000031)","Unfall 189384 (2020) Kat:3, Licht: 2","189384","3","7","0","12","16","4","0","2","0","0","0","0"
"POINT (10.013219053000057 53.627884059000053)","Unfall 189385 (2020) Kat:3, Licht: 0","189385","3","7","0","11","15","2","1","0","1","0","0","0"
"POINT (9.947371835000070 53.583171871000047)","Unfall 189386 (2020) Kat:3, Licht: 0","189386","3","3","5","11","09","5","0","0","1","1","0","0"
"POINT (10.098463108000033 53.541517327000065)","Unfall 189387 (2020) Kat:3, Licht: 0","189387","3","3","5","12","15","3","0","0","1","0","0","0"
"POINT (10.025136803000066 53.569098620000034)","Unfall 189388 (2020) Kat:3, Licht: 2","189388","3","4","6","11","07","2","1","2","0","0","1","1"
"POINT (10.115546780000045 53.611720739000077)","Unfall 189389 (2020) Kat:2, Licht: 1","189389","2","5","5","12","15","5","1","1","1","1","0","0"
"POINT (10.124124364000068 53.588024306000079)","Unfall 189390 (2020) Kat:3, Licht: 2","189390","3","2","5","11","20","5","0","2","1","1","0","0"
"POINT (10.069605889000059 53.579660683000043)","Unfall 189391 (2020) Kat:3, Licht: 2","189391","3","6","0","11","07","2","1","2","1","0","0","0"
"POINT (9.961428343000023 53.517171314000052)","Unfall 189392 (2020) Kat:3, Licht: 0","189392","3","6","2","11","15","6","0","0","0","1","0","0"
"POINT (10.002325433000067 53.672310884000069)","Unfall 189393 (2020) Kat:3, Licht: 2","189393","3","6","2","12","18","3","1","2","0","1","0","0"
"POINT (10.206040853000047 53.503220703000068)","Unfall 189394 (2020) Kat:3, Licht: 0","189394","3","4","6","11","08","2","0","0","0","1","1","0"
"POINT (9.993937156000072 53.600524923000080)","Unfall 189395 (2020) Kat:3, Licht: 1","189395","3","7","2","12","16","5","1","1","1","0","0","0"
"POINT (10.014925327000071 53.539577031000078)","Unfall 189396 (2020) Kat:3, Licht: 0","189396","3","7","5","11","14","6","0","0","1","1","0","0"
"POINT (10.043120746000056 53.542136430000028)","Unfall 189397 (2020) Kat:3, Licht: 0","189397","3","6","2","11","13","3","0","0","0","1","0","0"
"POINT (10.011484311000061 53.649156312000059)","Unfall 189398 (2020) Kat:3, Licht: 2","189398","3","2","3","11","19","6","1","2","1","1","0","0"
"POINT (9.991718385000070 53.466489357000057)","Unfall 189399 (2020) Kat:3, Licht: 0","189399","3","3","5","11","14","4","0","0","1","0","0","0"
"POINT (9.872511360000033 53.606877775000044)","Unfall 189400 (2020) Kat:3, Licht: 2","189400","3","6","2","12","17","3","1","2","0","1","0","0"
"POINT (10.019226005000064 53.552962475000072)","Unfall 189401 (2020) Kat:3, Licht: 0","189401","3","2","5","12","10","7","0","0","1","1","0","0"
"POINT (10.078898160000051 53.607357116000060)","Unfall 189402 (2020) Kat:3, Licht: 1","189402","3","3","5","11","17","4","0","1","1","1","0","0"
"POINT (9.912614393000069 53.514274862000036)","Unfall 189403 (2020) Kat:3, Licht: 0","189403","3","6","3","12","15","5","0","0","0","1","0","0"
"POINT (9.989167143000032 53.581982060000030)","Unfall 189404 (2020) Kat:3, Licht: 2","189404","3","3","5","11","16","1","0","2","1","1","0","0"
"POINT (10.024330181000039 53.553676246000066)","Unfall 189405 (2020) Kat:3, Licht: 2","189405","3","2","5","12","19","4","0","2","1","0","0","0"
"POINT (9.968129590000046 53.557359012000063)","Unfall 189406 (2020) Kat:3, Licht: 0","189406","3","3","5","11","08","2","0","0","0","1","0","0"
"POINT (9.810427915000048 53.528818243000046)","Unfall 189407 (2020) Kat:3, Licht: 2","189407","3","3","5","11","17","4","0","2","0","1","0","0"
"POINT (10.008737138000072 53.552437066000039)","Unfall 189408 (2020) Kat:3, Licht: 2","189408","3","6","2","12","22","3","0","2","0","1","0","0"
"POINT (9.981849704000069 53.554338289000043)","Unfall 189409 (2020) Kat:3, Licht: 2","189409","3","7","0","11","21","1","0","2","1","0","0","0"
"POINT (10.040273611000032 53.580377662000046)","Unfall 189410 (2020) Kat:3, Licht: 0","189410","3","3","5","12","11","5","1","0","1","1","0","0"
"POINT (9.965279975000044 53.560877250000033)","Unfall 189411 (2020) Kat:3, Licht: 2","189411","3","3","5","11","22","5","1","2","1","1","0","0"
"POINT (10.006207495000069 53.582615147000070)","Unfall 189412 (2020) Kat:3, Licht: 0","189412","3","3","5","11","16","3","0","0","1","1","0","0"
"POINT (10.230071431000056 53.483992276000038)","Unfall 189413 (2020) Kat:3, Licht: 0","189413","3","3","5","12","15","6","0","0","1","1","0","0"
"POINT (9.946271113000023 53.469470106000074)","Unfall 189414 (2020) Kat:3, Licht: 1","189414","3","3","5","11","17","5","1","1","0","1","0","1"
"POINT (9.872901546000037 53.554883883000059)","Unfall 189415 (2020) Kat:3, Licht: 0","189415","3","1","0","11","08","3","1","0","1","0","0","0"
"POINT (9.880362359000060 53.480597575000047)","Unfall 189416 (2020) Kat:3, Licht: 0","189416","3","3","0","12","08","2","0","0","1","1","0","0"
"POINT (10.018691958000034 53.614958060000049)","Unfall 189417 (2020) Kat:3, Licht: 0","189417","3","2","5","11","15","3","0","0","1","1","0","0"
"POINT (10.035231703000022 53.541406880000068)","Unfall 189418 (2020) Kat:3, Licht: 0","189418","3","3","5","12","09","6","0","0","1","1","0","0"
"POINT (9.997203680000041 53.578525386000081)","Unfall 189419 (2020) Kat:3, Licht: 0","189419","3","3","5","11","09","6","0","0","1","1","0","0"
"POINT (10.101855717000035 53.581411015000072)","Unfall 189420 (2020) Kat:3, Licht: 1","189420","3","1","0","11","07","3","1","1","1","0","0","0"
"POINT (9.981656901000065 53.572490037000080)","Unfall 189421 (2020) Kat:3, Licht: 2","189421","3","2","6","12","18","3","1","2","0","1","1","0"
"POINT (9.854465401000027 53.471670113000073)","Unfall 189422 (2020) Kat:3, Licht: 0","189422","3","3","5","12","15","2","1","0","1","1","0","0"
"POINT (9.950076811000031 53.564173047000054)","Unfall 189423 (2020) Kat:3, Licht: 2","189423","3","1","9","11","03","4","1","2","0","1","0","0"
"POINT (10.031069638000076 53.678393225000036)","Unfall 189424 (2020) Kat:3, Licht: 1","189424","3","2","3","12","07","5","0","1","1","1","0","0"
"POINT (10.030617334000056 53.619171201000029)","Unfall 189425 (2020) Kat:2, Licht: 0","189425","2","3","5","11","12","7","0","0","1","1","0","0"
"POINT (9.948692966000067 53.464474170000074)","Unfall 189426 (2020) Kat:3, Licht: 2","189426","3","3","5","12","08","2","1","2","1","1","0","0"
"POINT (10.145445911000024 53.540149866000036)","Unfall 189427 (2020) Kat:2, Licht: 2","189427","2","4","6","12","18","3","1","2","0","1","1","0"
"POINT (9.965585144000045 53.439205911000045)","Unfall 189428 (2020) Kat:1, Licht: 2","189428","1","4","6","11","19","7","1","2","0","1","1","0"
"POINT (10.207819338000036 53.480536063000045)","Unfall 189429 (2020) Kat:3, Licht: 0","189429","3","6","2","11","07","4","1","0","0","1","0","0"
"POINT (10.140784054000051 53.546505520000039)","Unfall 189430 (2020) Kat:2, Licht: 2","189430","2","7","9","12","20","2","0","2","0","1","0","0"
"POINT (9.797940718000064 53.561832101000050)","Unfall 189431 (2020) Kat:3, Licht: 0","189431","3","7","0","11","10","7","1","0","0","0","0","1"
"POINT (10.020947129000035 53.550267629000075)","Unfall 189432 (2020) Kat:2, Licht: 2","189432","2","7","0","11","19","4","0","2","1","0","0","0"
"POINT (10.135747866000031 53.571009601000071)","Unfall 189433 (2020) Kat:3, Licht: 2","189433","3","7","5","12","17","6","0","2","0","1","0","0"
"POINT (10.159853619000046 53.617860233000044)","Unfall 189434 (2020) Kat:3, Licht: 0","189434","3","2","3","11","14","5","0","0","1","0","0","0"
"POINT (9.987954915000046 53.556408486000066)","Unfall 189435 (2020) Kat:3, Licht: 0","189435","3","6","0","11","09","3","1","0","0","0","0","1"
"POINT (10.119348592000051 53.604533690000039)","Unfall 189436 (2020) Kat:3, Licht: 2","189436","3","3","5","12","17","2","1","2","0","1","0","0"
"POINT (10.125475298000026 53.669070412000053)","Unfall 189437 (2020) Kat:3, Licht: 0","189437","3","7","0","11","13","3","0","0","1","0","0","0"
"POINT (10.003291296000043 53.592442640000058)","Unfall 189438 (2020) Kat:3, Licht: 0","189438","3","2","5","11","10","6","0","0","1","1","0","0"
"POINT (10.143780487000072 53.540586703000031)","Unfall 189439 (2020) Kat:2, Licht: 2","189439","2","1","0","12","16","2","0","2","0","1","0","0"
"POINT (10.043963540000050 53.591365299000074)","Unfall 189440 (2020) Kat:3, Licht: 2","189440","3","2","5","12","18","3","0","2","1","1","0","0"
"POINT (10.065938197000037 53.588487077000082)","Unfall 189441 (2020) Kat:2, Licht: 0","189441","2","2","6","11","12","6","0","0","0","1","1","0"
"POINT (10.155808224000054 53.614143776000049)","Unfall 189442 (2020) Kat:3, Licht: 0","189442","3","6","2","11","10","3","0","0","0","1","0","0"
"POINT (10.002582952000068 53.438936576000060)","Unfall 189443 (2020) Kat:3, Licht: 0","189443","3","7","0","11","14","6","0","0","1","0","0","0"
"POINT (10.105009591000055 53.542916304000073)","Unfall 189444 (2020) Kat:3, Licht: 0","189444","3","7","3","12","11","2","1","0","0","1","0","0"
"POINT (10.107041891000051 53.662619999000071)","Unfall 189445 (2020) Kat:3, Licht: 0","189445","3","6","1","12","13","3","1","0","0","1","0","0"
"POINT (9.923445704000073 53.625429791000045)","Unfall 189446 (2020) Kat:3, Licht: 1","189446","3","3","6","11","16","7","1","1","0","1","0","0"
"POINT (10.049074229000041 53.603158353000026)","Unfall 189447 (2020) Kat:3, Licht: 0","189447","3","7","1","11","11","4","0","0","0","1","0","0"
"POINT (10.056960311000068 53.538302290000047)","Unfall 189448 (2020) Kat:2, Licht: 2","189448","2","6","3","12","06","2","0","2","0","1","0","0"
"POINT (10.164064008000025 53.472439837000081)","Unfall 189449 (2020) Kat:3, Licht: 2","189449","3","1","9","11","19","6","1","2","0","1","0","0"
"POINT (10.013429301000031 53.601530272000048)","Unfall 189450 (2020) Kat:3, Licht: 2","189450","3","7","0","11","18","4","1","2","0","0","0","0"
"POINT (10.191303304000030 53.503823905000047)","Unfall 189451 (2020) Kat:3, Licht: 2","189451","3","2","6","12","07","3","1","2","0","1","1","0"
"POINT (10.061312877000034 53.580758326000080)","Unfall 189452 (2020) Kat:3, Licht: 1","189452","3","2","5","12","08","6","1","1","1","1","0","0"
"POINT (10.044978002000050 53.590321410000058)","Unfall 189453 (2020) Kat:3, Licht: 0","189453","3","5","1","11","09","5","1","0","0","1","0","0"
"POINT (10.158346195000036 53.653715070000032)","Unfall 189454 (2020) Kat:3, Licht: 0","189454","3","3","5","11","11","2","0","0","0","1","0","0"
"POINT (9.925958924000042 53.630680321000057)","Unfall 189455 (2020) Kat:3, Licht: 2","189455","3","2","3","12","20","2","0","2","1","1","0","0"
"POINT (10.118796924000037 53.542995342000040)","Unfall 189456 (2020) Kat:3, Licht: 0","189456","3","3","5","11","13","2","1","0","1","1","0","0"
"POINT (9.955079872000056 53.548922790000063)","Unfall 189457 (2020) Kat:3, Licht: 0","189457","3","6","2","11","13","6","0","0","0","1","0","0"
"POINT (10.121292174000075 53.605622461000053)","Unfall 189458 (2020) Kat:3, Licht: 1","189458","3","6","2","12","07","2","0","1","0","0","0","0"
"POINT (9.964824332000035 53.549912740000082)","Unfall 189459 (2020) Kat:3, Licht: 2","189459","3","3","5","12","17","3","1","2","1","1","0","0"
"POINT (10.052190810000070 53.591617687000053)","Unfall 189460 (2020) Kat:3, Licht: 2","189460","3","5","1","12","06","5","1","2","1","1","0","0"
"POINT (9.944011231000047 53.552160209000078)","Unfall 189461 (2020) Kat:3, Licht: 2","189461","3","6","6","11","05","6","0","2","1","0","1","0"
"POINT (9.977923992000058 53.601534391000030)","Unfall 189462 (2020) Kat:3, Licht: 0","189462","3","3","5","11","15","4","0","0","0","1","0","0"
"POINT (10.108955536000053 53.626520556000060)","Unfall 189463 (2020) Kat:3, Licht: 2","189463","3","2","5","12","07","2","0","2","1","1","0","0"
"POINT (10.045289669000056 53.667721266000058)","Unfall 189464 (2020) Kat:3, Licht: 2","189464","3","6","4","11","06","6","1","2","0","1","0","0"
"POINT (9.934331684000028 53.546399762000078)","Unfall 189465 (2020) Kat:3, Licht: 2","189465","3","6","2","11","17","4","0","2","0","1","0","0"
"POINT (9.997853665000037 53.595797808000043)","Unfall 189466 (2020) Kat:3, Licht: 2","189466","3","7","5","12","20","3","1","2","1","1","0","0"
"POINT (10.124046764000070 53.569949333000068)","Unfall 189467 (2020) Kat:3, Licht: 2","189467","3","3","5","11","17","4","0","2","0","1","0","0"
"POINT (10.002158643000030 53.592491226000050)","Unfall 189468 (2020) Kat:3, Licht: 0","189468","3","2","5","11","13","4","0","0","1","1","0","0"
"POINT (10.019546893000040 53.632177444000035)","Unfall 189469 (2020) Kat:3, Licht: 1","189469","3","4","6","12","08","2","1","1","0","1","1","0"
"POINT (10.124224615000060 53.570973730000048)","Unfall 189470 (2020) Kat:3, Licht: 1","189470","3","4","6","11","16","6","0","1","0","1","1","0"
"POINT (9.904785968000056 53.622856086000070)","Unfall 189471 (2020) Kat:3, Licht: 0","189471","3","7","0","11","08","4","1","0","1","0","0","0"
"POINT (10.084018128000025 53.640410689000078)","Unfall 189472 (2020) Kat:3, Licht: 0","189472","3","7","6","12","12","3","1","0","0","1","1","0"
"POINT (9.955634272000054 53.552088402000038)","Unfall 189473 (2020) Kat:3, Licht: 0","189473","3","6","2","11","11","5","1","0","0","1","0","0"
"POINT (10.004320984000060 53.668397322000033)","Unfall 189474 (2020) Kat:3, Licht: 0","189474","3","4","6","12","07","6","1","0","0","1","1","0"
"POINT (9.986210239000059 53.480525764000049)","Unfall 189475 (2020) Kat:2, Licht: 0","189475","2","7","0","11","12","1","0","0","1","0","0","0"
"POINT (10.042534386000057 53.555521493000072)","Unfall 189476 (2020) Kat:3, Licht: 0","189476","3","2","5","12","14","1","1","0","0","1","0","0"
"POINT (10.049502541000038 53.601817104000077)","Unfall 189477 (2020) Kat:3, Licht: 2","189477","3","2","5","11","06","2","1","2","0","1","0","0"
"POINT (10.081311658000061 53.619912611000075)","Unfall 189478 (2020) Kat:3, Licht: 0","189478","3","6","3","11","14","5","1","0","0","1","0","0"
"POINT (9.944628862000059 53.577509293000048)","Unfall 189479 (2020) Kat:3, Licht: 0","189479","3","7","0","12","11","2","1","0","1","0","0","0"
"POINT (10.051747497000065 53.555332476000046)","Unfall 189480 (2020) Kat:3, Licht: 0","189480","3","7","3","11","15","2","0","0","0","1","0","0"
"POINT (9.922139905000051 53.591576329000077)","Unfall 189481 (2020) Kat:3, Licht: 2","189481","3","6","2","12","17","5","1","2","0","1","0","0"
"POINT (9.990141762000064 53.487759653000069)","Unfall 189482 (2020) Kat:3, Licht: 0","189482","3","7","0","11","12","5","0","0","1","0","0","0"
"POINT (10.023429668000063 53.564152016000037)","Unfall 189483 (2020) Kat:3, Licht: 0","189483","3","6","3","11","15","3","0","0","1","0","0","0"
"POINT (10.083031917000028 53.581419638000057)","Unfall 189484 (2020) Kat:3, Licht: 1","189484","3","3","5","12","08","6","1","1","0","1","0","0"
"POINT (9.858558103000064 53.570820381000033)","Unfall 189485 (2020) Kat:3, Licht: 2","189485","3","3","5","11","17","6","0","2","0","1","0","1"
"POINT (9.886218196000073 53.478304119000029)","Unfall 189486 (2020) Kat:3, Licht: 0","189486","3","4","6","11","15","3","1","0","0","1","1","0"
"POINT (9.989729423000028 53.589351698000030)","Unfall 189487 (2020) Kat:3, Licht: 2","189487","3","4","6","12","18","3","1","2","1","0","1","0"
"POINT (10.171521395000070 53.648159109000062)","Unfall 189488 (2020) Kat:3, Licht: 0","189488","3","7","0","12","12","6","1","0","1","1","0","0"
"POINT (9.994201449000059 53.601698152000040)","Unfall 189489 (2020) Kat:3, Licht: 2","189489","3","3","5","11","06","4","0","2","1","1","0","0"
"POINT (10.109645621000027 53.593354954000063)","Unfall 189490 (2020) Kat:2, Licht: 2","189490","2","2","4","12","17","5","0","2","0","1","0","0"
"POINT (10.227994344000024 53.429848106000065)","Unfall 189491 (2020) Kat:3, Licht: 2","189491","3","7","0","11","23","7","1","2","0","1","0","0"
"POINT (9.981364132000067 53.425802809000061)","Unfall 189492 (2020) Kat:3, Licht: 2","189492","3","6","2","12","16","3","1","2","0","1","0","0"
"POINT (10.027334507000035 53.673131371000068)","Unfall 189493 (2020) Kat:3, Licht: 2","189493","3","1","8","11","02","1","1","2","0","1","0","0"
"POINT (9.990458657000033 53.491992442000026)","Unfall 189494 (2020) Kat:3, Licht: 1","189494","3","7","0","11","06","4","1","1","1","0","0","0"
"POINT (9.937974172000054 53.552934947000040)","Unfall 189495 (2020) Kat:3, Licht: 2","189495","3","3","5","12","19","6","0","2","0","1","0","1"
"POINT (10.012748329000033 53.580078037000078)","Unfall 189496 (2020) Kat:3, Licht: 2","189496","3","5","1","11","18","1","0","2","1","1","0","0"
"POINT (10.015556442000047 53.562688214000048)","Unfall 189497 (2020) Kat:3, Licht: 2","189497","3","3","5","12","20","7","0","2","0","1","0","0"
"POINT (9.779952435000041 53.575064313000041)","Unfall 189498 (2020) Kat:3, Licht: 0","189498","3","5","1","12","08","4","0","0","0","1","0","0"
"POINT (9.951011474000040 53.638961923000068)","Unfall 189499 (2020) Kat:3, Licht: 0","189499","3","7","0","11","15","2","1","0","1","0","0","0"
"POINT (10.000921119000054 53.555443778000040)","Unfall 189500 (2020) Kat:3, Licht: 0","189500","3","2","4","11","12","5","0","0","1","1","0","0"
"POINT (9.982621879000021 53.584300417000065)","Unfall 189501 (2020) Kat:3, Licht: 1","189501","3","5","3","12","16","2","0","1","1","1","0","0"
"POINT (9.961223108000070 53.559533176000059)","Unfall 189502 (2020) Kat:3, Licht: 0","189502","3","6","3","11","15","2","0","0","1","0","0","0"
"POINT (9.979471413000056 53.606845305000036)","Unfall 189503 (2020) Kat:3, Licht: 1","189503","3","4","6","12","16","5","0","1","0","1","1","0"
"POINT (10.020730385000036 53.566236746000072)","Unfall 189504 (2020) Kat:3, Licht: 0","189504","3","3","5","11","08","5","1","0","1","1","0","0"
"POINT (9.798040656000069 53.566071617000034)","Unfall 189505 (2020) Kat:3, Licht: 2","189505","3","6","2","11","18","3","0","2","0","1","0","0"