WKT,Name,OBJECTID,UKATEGORIE,UTYP1,UART,UMONAT,USTUNDE,UWOCHENTAG,STRZUSTAND,ULICHTVERH,ISTRAD,ISTPKW,ISTFUSS,ISTKRAD
"POINT (9.974635417000059 53.555981617000043)","Unfall 189506 (2020) Kat:2, Licht: 0","189506","2","7","0","11","13","6","1","0","1","0","0","0"
"POINT (10.019746840000039 53.565588237000043)","Unfall 189507 (2020) Kat:3, Licht: 0","189507","3","3","5","11","07","3","1","0","1","1","0","0"
"POINT (9.960565844000030 53.552713097000037)","Unfall 189508 (2020) Kat:3, Licht: 2","189508","3","7","0","12","21","3","1","2","1","0","0","0"
"POINT (9.994072884000048 53.583291369000051)","Unfall 189509 (2020) Kat:3, Licht: 2","189509","3","2","5","12","18","2","0","2","1","1","0","0"
"POINT (9.964724209000053 53.567530226000031)","Unfall 189510 (2020) Kat:3, Licht: 0","189510","3","6","3","11","09","4","1","0","1","1","0","0"
"POINT (9.858884181000065 53.598043391000033)","Unfall 189511 (2020) Kat:3, Licht: 0","189511","3","6","2","11","16","7","1","0","0","1","0","0"
"POINT (9.965618111000026 53.547141015000079)","Unfall 189512 (2020) Kat:3, Licht: 0","189512","3","5","1","12","14","2","0","0","1","1","0","0"
"POINT (10.042459145000066 53.549808086000041)","Unfall 189513 (2020) Kat:2, Licht: 0","189513","2","3","5","12","12","3","0","0","0","1","0","1"
"POINT (10.124775811000063 53.586088521000079)","Unfall 189514 (2020) Kat:3, Licht: 2","189514","3","2","4","11","23","7","1","2","0","1","0","0"
"POINT (10.080620598000053 53.516619909000042)","Unfall 189515 (2020) Kat:3, Licht: 0","189515","3","6","2","11","09","4","1","0","0","0","0","0"
"POINT (10.002198479000072 53.557339575000071)","Unfall 189516 (2020) Kat:3, Licht: 0","189516","3","3","5","12","10","2","1","0","1","1","0","0"
"POINT (9.928560237000056 53.555099347000066)","Unfall 189517 (2020) Kat:3, Licht: 0","189517","3","4","6","11","14","7","0","0","1","0","1","0"
"POINT (10.085058587000049 53.603018386000031)","Unfall 189518 (2020) Kat:3, Licht: 2","189518","3","4","6","11","16","4","0","2","0","1","1","0"
"POINT (9.979527497000049 53.457290345000047)","Unfall 189519 (2020) Kat:3, Licht: 2","189519","3","2","5","12","16","3","1","2","1","1","0","0"
"POINT (10.010040503000027 53.581590410000047)","Unfall 189520 (2020) Kat:3, Licht: 2","189520","3","7","3","12","18","6","0","2","1","1","0","0"
"POINT (10.126512297000033 53.670720974000062)","Unfall 189521 (2020) Kat:3, Licht: 2","189521","3","1","4","11","19","5","1","2","0","1","0","0"
"POINT (10.116125569000076 53.706760773000042)","Unfall 189522 (2020) Kat:3, Licht: 2","189522","3","7","0","12","03","1","1","2","1","0","0","0"
"POINT (10.159653634000051 53.603787207000039)","Unfall 189523 (2020) Kat:3, Licht: 0","189523","3","6","1","11","13","7","0","0","0","1","0","0"
"POINT (9.979604391000066 53.555466730000035)","Unfall 189524 (2020) Kat:3, Licht: 0","189524","3","3","5","11","07","5","1","0","1","1","0","0"
"POINT (9.909437912000044 53.551255816000037)","Unfall 189525 (2020) Kat:3, Licht: 0","189525","3","3","5","11","15","3","0","0","1","1","0","0"
"POINT (10.038082721000023 53.558874406000029)","Unfall 189526 (2020) Kat:3, Licht: 0","189526","3","7","0","11","15","5","1","0","1","0","0","0"
"POINT (9.964828790000070 53.584187009000061)","Unfall 189527 (2020) Kat:3, Licht: 0","189527","3","6","2","11","15","3","1","0","1","1","0","0"
"POINT (10.035027886000023 53.541325053000037)","Unfall 189528 (2020) Kat:3, Licht: 0","189528","3","3","5","12","15","2","1","0","1","1","0","0"
"POINT (10.115868122000052 53.642646807000062)","Unfall 189529 (2020) Kat:3, Licht: 0","189529","3","3","6","11","09","3","0","0","0","1","1","0"
"POINT (10.055087642000046 53.555446699000072)","Unfall 189530 (2020) Kat:3, Licht: 2","189530","3","4","6","11","05","6","0","2","0","1","1","0"
"POINT (10.020920231000048 53.563720572000079)","Unfall 189531 (2020) Kat:3, Licht: 2","189531","3","3","0","12","17","1","1","2","1","1","0","0"
"POINT (9.991783467000062 53.666017981000039)","Unfall 189532 (2020) Kat:3, Licht: 2","189532","3","6","2","12","17","3","1","2","0","1","0","0"
"POINT (9.977630620000070 53.571366594000040)","Unfall 189533 (2020) Kat:3, Licht: 2","189533","3","2","3","11","17","7","1","2","1","1","0","0"
"POINT (10.014615619000040 53.618418127000041)","Unfall 189534 (2020) Kat:3, Licht: 0","189534","3","3","5","11","16","4","0","0","1","1","0","0"
"POINT (9.878443480000044 53.565362055000037)","Unfall 189535 (2020) Kat:3, Licht: 2","189535","3","1","1","12","23","1","1","2","0","1","0","0"
"POINT (10.087765459000025 53.545921224000040)","Unfall 189536 (2020) Kat:3, Licht: 1","189536","3","2","4","11","07","6","1","1","0","1","0","0"
"POINT (9.873275556000067 53.591065906000040)","Unfall 189537 (2020) Kat:3, Licht: 0","189537","3","6","3","11","10","4","1","0","0","1","0","0"
"POINT (10.154118949000065 53.598453330000041)","Unfall 189538 (2020) Kat:3, Licht: 2","189538","3","6","2","12","22","3","1","2","0","1","0","0"
"POINT (9.926302142000054 53.571904814000050)","Unfall 189539 (2020) Kat:3, Licht: 0","189539","3","2","2","11","15","5","1","0","0","1","0","0"
"POINT (9.877736593000066 53.605306809000069)","Unfall 189540 (2020) Kat:3, Licht: 0","189540","3","7","0","11","10","2","0","0","1","1","0","0"
"POINT (9.964859991000026 53.560083718000044)","Unfall 189541 (2020) Kat:3, Licht: 0","189541","3","2","5","12","15","2","1","0","1","1","0","0"
"POINT (10.140321385000050 53.628603548000058)","Unfall 189542 (2020) Kat:3, Licht: 2","189542","3","1","0","11","06","2","1","2","0","0","0","1"
"POINT (10.008461932000046 53.553388791000032)","Unfall 189543 (2020) Kat:3, Licht: 2","189543","3","4","6","11","19","6","0","2","0","1","1","0"
"POINT (9.933589806000043 53.552321157000051)","Unfall 189544 (2020) Kat:3, Licht: 2","189544","3","7","0","12","20","1","0","2","1","0","0","0"
"POINT (10.180738872000063 53.494352351000032)","Unfall 189545 (2020) Kat:3, Licht: 2","189545","3","3","5","11","19","2","1","2","1","1","0","0"
"POINT (10.019960110000056 53.550245731000075)","Unfall 189546 (2020) Kat:3, Licht: 2","189546","3","2","5","11","18","2","1","2","1","1","0","0"
"POINT (10.026908304000074 53.650011056000039)","Unfall 189547 (2020) Kat:3, Licht: 0","189547","3","6","2","12","10","2","1","0","0","1","0","0"
"POINT (9.901664988000050 53.482382455000050)","Unfall 189548 (2020) Kat:3, Licht: 2","189548","3","6","2","11","20","2","1","2","0","1","0","0"
"POINT (10.036999731000037 53.561553378000042)","Unfall 189549 (2020) Kat:3, Licht: 0","189549","3","3","5","11","14","6","0","0","1","1","0","0"
"POINT (10.090533133000065 53.549305081000057)","Unfall 189550 (2020) Kat:3, Licht: 2","189550","3","6","2","12","20","7","0","2","0","1","0","0"
"POINT (9.911023011000054 53.603220862000057)","Unfall 189551 (2020) Kat:3, Licht: 0","189551","3","2","2","12","14","3","0","0","0","1","0","0"
"POINT (9.853854797000054 53.567423805000033)","Unfall 189552 (2020) Kat:2, Licht: 0","189552","2","4","6","11","14","6","1","0","0","1","1","0"
"POINT (10.033310121000056 53.573478291000072)","Unfall 189553 (2020) Kat:3, Licht: 2","189553","3","4","6","11","18","4","0","2","1","0","1","0"
"POINT (10.132909419000043 53.539670383000043)","Unfall 189554 (2020) Kat:3, Licht: 0","189554","3","3","5","12","13","7","0","0","0","1","0","0"
"POINT (10.061641626000039 53.610784643000045)","Unfall 189555 (2020) Kat:2, Licht: 2","189555","2","1","8","11","16","6","0","2","0","1","0","0"
"POINT (9.954670134000025 53.580127993000076)","Unfall 189556 (2020) Kat:3, Licht: 0","189556","3","3","5","11","14","4","0","0","1","1","0","0"
"POINT (10.014693288000046 53.647247792000030)","Unfall 189557 (2020) Kat:3, Licht: 2","189557","3","7","6","12","17","3","1","2","0","1","1","0"
"POINT (9.995066771000040 53.600065252000036)","Unfall 189558 (2020) Kat:3, Licht: 2","189558","3","7","3","12","17","6","0","2","1","1","0","0"
"POINT (10.149167388000023 53.421218916000043)","Unfall 189559 (2020) Kat:3, Licht: 2","189559","3","5","1","11","07","4","0","2","0","1","0","0"
"POINT (10.038288122000040 53.569148829000028)","Unfall 189560 (2020) Kat:3, Licht: 0","189560","3","3","5","12","10","6","0","0","0","1","0","0"
"POINT (10.103450940000073 53.605482260000031)","Unfall 189561 (2020) Kat:3, Licht: 0","189561","3","4","6","11","14","1","0","0","0","1","1","0"
"POINT (9.993699282000023 53.500311178000061)","Unfall 189562 (2020) Kat:3, Licht: 0","189562","3","6","4","12","11","7","1","0","0","1","0","0"
"POINT (10.063195881000070 53.587730403000080)","Unfall 189563 (2020) Kat:3, Licht: 2","189563","3","2","6","12","19","4","0","2","0","1","1","0"
"POINT (10.050827528000070 53.638853008000069)","Unfall 189564 (2020) Kat:3, Licht: 2","189564","3","7","3","11","18","2","0","2","0","1","0","0"
"POINT (10.009421557000053 53.593401699000026)","Unfall 189565 (2020) Kat:3, Licht: 0","189565","3","2","2","11","08","5","0","0","1","1","0","0"
"POINT (10.155380246000050 53.603004138000074)","Unfall 189566 (2020) Kat:3, Licht: 0","189566","3","7","5","12","15","7","0","0","0","1","0","0"
"POINT (10.034059012000057 53.607176781000078)","Unfall 189567 (2020) Kat:3, Licht: 1","189567","3","4","6","11","07","2","0","1","0","0","1","0"
"POINT (9.943452849000039 53.576297874000034)","Unfall 189568 (2020) Kat:3, Licht: 1","189568","3","2","6","12","08","5","0","1","0","1","1","0"
"POINT (10.115352500000029 53.545287927000061)","Unfall 189569 (2020) Kat:2, Licht: 2","189569","2","4","6","11","20","5","1","2","0","1","1","0"
"POINT (9.880999006000025 53.553157477000070)","Unfall 189570 (2020) Kat:3, Licht: 0","189570","3","1","0","11","11","3","1","0","1","0","0","0"
"POINT (9.918232535000072 53.554071891000035)","Unfall 189571 (2020) Kat:3, Licht: 2","189571","3","3","5","11","17","6","0","2","1","1","0","0"
"POINT (10.117031973000053 53.604070011000033)","Unfall 189572 (2020) Kat:3, Licht: 2","189572","3","2","6","11","17","3","1","2","0","1","1","0"
"POINT (9.927768672000070 53.559539949000055)","Unfall 189573 (2020) Kat:3, Licht: 0","189573","3","1","0","12","13","3","1","0","1","0","0","0"
"POINT (9.966976946000045 53.603318418000072)","Unfall 189574 (2020) Kat:3, Licht: 0","189574","3","3","5","12","12","5","1","0","0","1","0","0"
"POINT (9.990014812000027 53.554742298000065)","Unfall 189575 (2020) Kat:3, Licht: 0","189575","3","3","5","11","12","6","0","0","1","0","0","0"
"POINT (10.178006799000059 53.485222874000044)","Unfall 189576 (2020) Kat:3, Licht: 1","189576","3","3","5","11","16","3","0","1","1","1","0","0"
"POINT (10.015267121000022 53.617545493000080)","Unfall 189577 (2020) Kat:2, Licht: 0","189577","2","7","0","11","15","6","1","0","1","0","0","0"
"POINT (10.008256219000032 53.558981465000045)","Unfall 189578 (2020) Kat:3, Licht: 0","189578","3","4","6","11","13","4","0","0","0","1","1","0"
"POINT (10.054099696000037 53.572729684000080)","Unfall 189579 (2020) Kat:3, Licht: 0","189579","3","2","3","12","14","3","1","0","0","1","0","0"
"POINT (10.071341217000054 53.571849228000076)","Unfall 189580 (2020) Kat:3, Licht: 0","189580","3","7","0","11","15","4","0","0","1","0","1","0"
"POINT (9.988109881000071 53.543890174000069)","Unfall 189581 (2020) Kat:2, Licht: 1","189581","2","7","6","12","07","6","1","1","0","0","1","0"
"POINT (9.830620012000054 53.557438321000063)","Unfall 189582 (2020) Kat:2, Licht: 0","189582","2","7","0","11","11","1","1","0","1","0","0","0"
"POINT (9.976008468000032 53.558215858000040)","Unfall 189583 (2020) Kat:3, Licht: 0","189583","3","3","5","12","14","4","0","0","1","1","0","0"
"POINT (9.986422555000047 53.572630878000041)","Unfall 189584 (2020) Kat:3, Licht: 0","189584","3","2","5","11","15","2","1","0","1","1","0","0"
"POINT (10.012566163000031 53.557304944000066)","Unfall 189585 (2020) Kat:3, Licht: 2","189585","3","3","5","11","17","5","1","2","1","1","0","0"
"POINT (10.144337486000040 53.628693019000082)","Unfall 189586 (2020) Kat:3, Licht: 0","189586","3","5","1","12","15","7","1","0","1","1","0","0"
"POINT (10.051381727000035 53.603026958000044)","Unfall 189587 (2020) Kat:3, Licht: 0","189587","3","6","2","11","14","1","0","0","0","1","0","0"
"POINT (9.997227538000061 53.578513723000071)","Unfall 189588 (2020) Kat:3, Licht: 0","189588","3","2","5","12","14","5","0","0","1","1","0","0"
"POINT (9.966871964000063 53.593731698000056)","Unfall 189589 (2020) Kat:3, Licht: 2","189589","3","2","2","11","19","5","1","2","0","1","0","0"
"POINT (10.006543005000026 53.550305219000052)","Unfall 189590 (2020) Kat:3, Licht: 0","189590","3","6","2","11","14","3","0","0","0","1","0","0"
"POINT (10.010476083000071 53.525756903000058)","Unfall 189591 (2020) Kat:2, Licht: 0","189591","2","7","0","11","15","6","0","0","1","0","0","0"
"POINT (9.866324823000070 53.569009502000029)","Unfall 189592 (2020) Kat:2, Licht: 2","189592","2","7","0","11","18","3","1","2","1","0","0","0"
"POINT (9.987329649000060 53.466062676000035)","Unfall 189593 (2020) Kat:2, Licht: 1","189593","2","4","6","12","07","3","1","1","0","0","1","0"
"POINT (10.016798147000031 53.549351225000066)","Unfall 189594 (2020) Kat:3, Licht: 0","189594","3","7","8","11","13","3","0","0","0","1","0","0"
"POINT (9.877542091000066 53.534935303000054)","Unfall 189595 (2020) Kat:3, Licht: 0","189595","3","3","5","11","14","6","1","0","1","1","0","0"
"POINT (10.078445822000049 53.563974746000042)","Unfall 189596 (2020) Kat:3, Licht: 2","189596","3","1","1","12","06","7","1","2","0","1","0","0"
"POINT (10.057264476000057 53.579979945000048)","Unfall 189597 (2020) Kat:3, Licht: 2","189597","3","2","3","12","18","3","1","2","1","1","0","0"
"POINT (10.118768959000022 53.682808681000040)","Unfall 189598 (2020) Kat:3, Licht: 2","189598","3","1","0","12","23","7","0","2","1","0","0","0"
"POINT (10.026675736000072 53.569801982000058)","Unfall 189599 (2020) Kat:3, Licht: 0","189599","3","4","6","11","15","4","0","0","0","0","1","1"
"POINT (10.134517514000038 53.653808175000052)","Unfall 189600 (2020) Kat:3, Licht: 0","189600","3","3","5","12","13","5","0","0","1","1","0","0"
"POINT (10.070990039000037 53.605783974000076)","Unfall 189601 (2020) Kat:3, Licht: 2","189601","3","2","2","11","19","7","0","2","0","1","0","0"
"POINT (9.984528549000061 53.424436439000033)","Unfall 189602 (2020) Kat:3, Licht: 2","189602","3","2","3","12","07","6","1","2","1","1","0","0"
"POINT (10.207316131000027 53.495213174000071)","Unfall 189603 (2020) Kat:3, Licht: 2","189603","3","6","3","12","16","3","0","2","0","1","0","0"
"POINT (10.049775750000038 53.573725258000081)","Unfall 189604 (2020) Kat:3, Licht: 0","189604","3","3","5","11","15","1","1","0","1","1","0","0"
"POINT (10.143323314000043 53.501410082000064)","Unfall 189605 (2020) Kat:2, Licht: 1","189605","2","1","9","11","07","4","1","1","0","1","0","0"
"POINT (10.193647907000070 53.502896032000081)","Unfall 189606 (2020) Kat:3, Licht: 2","189606","3","3","5","12","07","6","1","2","1","1","0","0"
"POINT (9.928477612000052 53.586548830000027)","Unfall 189607 (2020) Kat:3, Licht: 0","189607","3","6","6","11","15","7","0","0","0","1","1","0"
"POINT (9.975581123000040 53.454281349000041)","Unfall 189608 (2020) Kat:3, Licht: 0","189608","3","7","0","11","08","4","0","0","1","0","0","0"
"POINT (10.112913559000049 53.538132681000036)","Unfall 189609 (2020) Kat:3, Licht: 0","189609","3","3","5","11","15","2","0","0","1","1","0","0"
"POINT (10.139599087000022 53.626305965000029)","Unfall 189610 (2020) Kat:3, Licht: 1","189610","3","6","3","11","16","5","1","1","1","0","0","0"
"POINT (9.989279565000061 53.544798898000067)","Unfall 189611 (2020) Kat:3, Licht: 0","189611","3","6","2","11","15","3","1","0","0","1","0","0"
"POINT (10.137012111000047 53.601146590000042)","Unfall 189612 (2020) Kat:2, Licht: 2","189612","2","4","6","12","17","2","1","2","0","1","1","0"
"POINT (10.152154773000063 53.670080823000035)","Unfall 189613 (2020) Kat:2, Licht: 0","189613","2","5","1","11","08","3","1","0","1","1","0","0"
"POINT (10.007767801000057 53.617201646000069)","Unfall 189614 (2020) Kat:3, Licht: 0","189614","3","1","8","11","12","6","1","0","0","1","0","1"
"POINT (10.090770407000036 53.502781324000068)","Unfall 189615 (2020) Kat:3, Licht: 0","189615","3","4","6","12","14","6","0","0","0","0","1","1"
"POINT (10.039627965000022 53.578911743000049)","Unfall 189616 (2020) Kat:3, Licht: 2","189616","3","7","6","12","17","3","0","2","1","1","1","0"
"POINT (9.990308342000049 53.491993688000036)","Unfall 189617 (2020) Kat:3, Licht: 0","189617","3","3","5","11","11","6","0","0","0","1","0","0"
"POINT (10.000121127000057 53.580574076000062)","Unfall 189618 (2020) Kat:3, Licht: 0","189618","3","6","3","11","12","4","0","0","1","0","0","0"
"POINT (10.079022407000025 53.530672321000054)","Unfall 189619 (2020) Kat:3, Licht: 2","189619","3","2","5","12","07","6","1","2","1","1","0","0"
"POINT (10.102558387000045 53.580082076000053)","Unfall 189620 (2020) Kat:2, Licht: 0","189620","2","2","5","11","10","6","0","0","1","1","0","0"
"POINT (9.914828908000061 53.557778184000028)","Unfall 189621 (2020) Kat:3, Licht: 1","189621","3","3","5","11","08","4","1","1","1","0","0","0"
"POINT (10.054776436000054 53.583338589000050)","Unfall 189622 (2020) Kat:3, Licht: 0","189622","3","3","5","12","06","3","1","0","1","1","0","0"
"POINT (10.014780427000062 53.637345487000061)","Unfall 189623 (2020) Kat:3, Licht: 2","189623","3","6","2","11","19","7","1","2","0","1","0","0"
"POINT (10.135156009000070 53.594506179000064)","Unfall 189624 (2020) Kat:2, Licht: 2","189624","2","2","5","11","20","4","1","2","0","1","0","0"
"POINT (10.117859973000066 53.553474710000046)","Unfall 189625 (2020) Kat:3, Licht: 0","189625","3","7","0","12","07","6","1","0","1","0","0","0"
"POINT (9.983890168000073 53.572566471000073)","Unfall 189626 (2020) Kat:3, Licht: 2","189626","3","2","2","11","17","7","0","2","1","1","0","0"
"POINT (10.134694684000067 53.655996454000046)","Unfall 189627 (2020) Kat:3, Licht: 0","189627","3","7","0","11","09","4","0","0","1","0","0","0"
"POINT (10.003820103000066 53.489283336000028)","Unfall 189628 (2020) Kat:3, Licht: 0","189628","3","6","2","12","16","3","1","0","0","1","0","0"
"POINT (10.040558530000055 53.580009208000035)","Unfall 189629 (2020) Kat:3, Licht: 0","189629","3","3","5","11","10","5","1","0","0","1","0","0"
"POINT (10.124659945000076 53.586050527000054)","Unfall 189630 (2020) Kat:3, Licht: 2","189630","3","2","4","11","21","2","1","2","0","0","0","1"
"POINT (9.889962230000037 53.610952292000036)","Unfall 189631 (2020) Kat:3, Licht: 2","189631","3","3","5","12","16","2","1","2","1","1","0","0"
"POINT (10.112857334000068 53.538022143000035)","Unfall 189632 (2020) Kat:2, Licht: 0","189632","2","3","5","11","10","2","1","0","1","1","0","0"
"POINT (9.915564894000056 53.642649721000055)","Unfall 189633 (2020) Kat:3, Licht: 2","189633","3","2","6","11","18","6","0","2","0","1","1","0"
"POINT (10.110624096000038 53.581930941000053)","Unfall 189634 (2020) Kat:3, Licht: 0","189634","3","3","5","12","09","6","0","0","1","0","0","0"
"POINT (9.947713707000048 53.561004971000045)","Unfall 189635 (2020) Kat:3, Licht: 1","189635","3","3","0","12","17","3","1","1","1","0","0","0"
"POINT (9.978170368000065 53.597549912000034)","Unfall 189636 (2020) Kat:3, Licht: 2","189636","3","3","5","11","18","6","0","2","1","1","0","0"
"POINT (9.866694911000025 53.585153354000056)","Unfall 189637 (2020) Kat:3, Licht: 0","189637","3","6","2","11","11","4","1","0","0","1","0","0"
"POINT (10.083375338000053 53.576865555000040)","Unfall 189638 (2020) Kat:3, Licht: 0","189638","3","6","2","12","08","6","1","0","0","1","0","0"
"POINT (10.101168116000053 53.654433632000064)","Unfall 189639 (2020) Kat:2, Licht: 2","189639","2","7","3","11","22","6","1","2","0","1","0","0"
"POINT (9.948913291000054 53.567771260000029)","Unfall 189640 (2020) Kat:3, Licht: 0","189640","3","7","0","11","11","4","1","0","1","0","0","0"
"POINT (10.010413090000043 53.648608502000059)","Unfall 189641 (2020) Kat:3, Licht: 1","189641","3","3","5","12","16","3","1","1","0","1","0","0"
"POINT (10.064596369000071 53.549979261000033)","Unfall 189642 (2020) Kat:3, Licht: 0","189642","3","3","5","11","14","4","0","0","1","1","0","0"
"POINT (9.753115453000021 53.587076850000074)","Unfall 189643 (2020) Kat:3, Licht: 2","189643","3","1","9","12","22","6","0","2","0","1","0","0"
"POINT (10.066314207000062 53.571856358000048)","Unfall 189644 (2020) Kat:3, Licht: 0","189644","3","6","2","11","09","1","0","0","0","1","0","0"
"POINT (10.040863926000043 53.602012997000031)","Unfall 189645 (2020) Kat:2, Licht: 2","189645","2","7","4","12","17","7","0","2","0","1","0","0"
"POINT (10.005652757000064 53.655433743000060)","Unfall 189646 (2020) Kat:3, Licht: 0","189646","3","6","2","12","14","4","0","0","0","1","0","0"
"POINT (9.866152518000035 53.578360016000033)","Unfall 189647 (2020) Kat:3, Licht: 0","189647","3","6","2","11","13","2","0","0","0","1","0","0"
"POINT (9.949387837000074 53.558667892000074)","Unfall 189648 (2020) Kat:3, Licht: 2","189648","3","6","2","11","22","5","0","2","0","1","0","0"
"POINT (10.014527316000056 53.476738997000041)","Unfall 189649 (2020) Kat:3, Licht: 0","189649","3","6","4","11","14","1","0","0","1","1","0","0"
"POINT (9.998561501000040 53.542988059000038)","Unfall 189650 (2020) Kat:3, Licht: 2","189650","3","7","0","12","19","2","1","2","1","0","0","0"
"POINT (10.069075068000075 53.560694331000036)","Unfall 189651 (2020) Kat:3, Licht: 0","189651","3","6","4","11","15","2","1","0","1","0","0","0"
"POINT (10.101845088000061 53.597473608000030)","Unfall 189652 (2020) Kat:3, Licht: 0","189652","3","3","5","11","14","5","1","0","1","1","0","0"
"POINT (10.096338751000076 53.578991475000066)","Unfall 189653 (2020) Kat:3, Licht: 0","189653","3","4","6","12","13","6","0","0","0","1","1","0"
"POINT (10.030986341000073 53.537452963000078)","Unfall 189654 (2020) Kat:3, Licht: 1","189654","3","6","2","11","16","2","1","1","0","1","0","0"
"POINT (9.975869746000058 53.556929042000036)","Unfall 189655 (2020) Kat:3, Licht: 0","189655","3","6","0","12","08","5","1","0","0","1","0","1"
"POINT (9.980402384000058 53.423890512000071)","Unfall 189656 (2020) Kat:3, Licht: 2","189656","3","3","5","11","06","5","1","2","1","0","0","0"
"POINT (10.027093474000026 53.585405207000065)","Unfall 189657 (2020) Kat:3, Licht: 2","189657","3","2","5","11","16","2","0","2","0","1","0","1"
"POINT (9.995915188000026 53.566952760000049)","Unfall 189658 (2020) Kat:3, Licht: 2","189658","3","2","6","12","20","6","0","2","0","1","1","0"
"POINT (10.033677805000025 53.565108284000075)","Unfall 189659 (2020) Kat:3, Licht: 0","189659","3","1","0","11","12","6","1","0","1","1","0","0"
"POINT (9.875013329000069 53.477435291000063)","Unfall 189660 (2020) Kat:2, Licht: 2","189660","2","2","6","11","20","3","1","2","0","1","1","0"
"POINT (9.904348825000056 53.587820534000059)","Unfall 189661 (2020) Kat:3, Licht: 1","189661","3","6","3","12","07","3","1","1","0","1","0","0"
"POINT (9.989200322000045 53.581472657000063)","Unfall 189662 (2020) Kat:3, Licht: 2","189662","3","3","5","12","18","6","0","2","0","1","0","0"
"POINT (10.035586540000054 53.640224775000036)","Unfall 189663 (2020) Kat:3, Licht: 0","189663","3","6","3","11","09","4","1","0","1","1","0","0"
"POINT (9.859916783000074 53.476751841000066)","Unfall 189664 (2020) Kat:3, Licht: 0","189664","3","3","5","12","12","5","0","0","1","1","0","0"
"POINT (9.987310928000056 53.542945169000063)","Unfall 189665 (2020) Kat:3, Licht: 0","189665","3","2","3","11","13","1","0","0","1","1","0","0"
"POINT (10.013542989000030 53.561277105000045)","Unfall 189666 (2020) Kat:3, Licht: 2","189666","3","6","3","12","18","4","0","2","0","1","0","0"
"POINT (9.971194840000067 53.459324615000071)","Unfall 189667 (2020) Kat:3, Licht: 0","189667","3","7","0","11","13","1","1","0","1","0","0","0"
"POINT (9.877994315000024 53.529335302000050)","Unfall 189668 (2020) Kat:3, Licht: 0","189668","3","6","4","11","13","4","0","0","1","1","0","0"
"POINT (10.087924736000048 53.649935681000045)","Unfall 189669 (2020) Kat:3, Licht: 2","189669","3","6","4","12","16","6","0","2","1","0","0","0"
"POINT (10.083668750000072 53.546498896000060)","Unfall 189670 (2020) Kat:3, Licht: 0","189670","3","6","3","11","15","7","1","0","0","1","0","0"
"POINT (10.023284122000064 53.537850848000062)","Unfall 189671 (2020) Kat:3, Licht: 2","189671","3","3","5","11","17","5","0","2","0","1","0","0"
"POINT (10.017595802000073 53.612993030000041)","Unfall 189672 (2020) Kat:2, Licht: 2","189672","2","1","0","11","17","2","0","2","1","0","0","0"
"POINT (10.009733590000053 53.581509719000053)","Unfall 189676 (2020) Kat:3, Licht: 0","189676","3","6","3","12","13","2","0","0","1","1","0","0"
"POINT (10.009202825000045 53.612852966000048)","Unfall 189677 (2020) Kat:3, Licht: 0","189677","3","3","5","12","10","3","1","0","0","1","0","0"
"POINT (9.857516479000026 53.582102340000063)","Unfall 189679 (2020) Kat:3, Licht: 0","189679","3","3","5","12","14","6","0","0","1","1","0","0"
"POINT (10.053121854000040 53.573835363000057)","Unfall 189682 (2020) Kat:3, Licht: 0","189682","3","2","4","12","15","2","0","0","1","1","0","0"
"POINT (9.905462378000038 53.607816737000064)","Unfall 189685 (2020) Kat:3, Licht: 2","189685","3","4","6","12","18","2","1","2","0","0","1","0"
"POINT (9.990162618000056 53.465794589000041)","Unfall 189686 (2020) Kat:2, Licht: 0","189686","2","6","2","12","16","4","0","0","1","0","0","0"
"POINT (9.876372242000059 53.592491455000072)","Unfall 189688 (2020) Kat:3, Licht: 2","189688","3","6","4","12","06","2","1","2","1","0","0","0"
"POINT (9.969955291000076 53.558280356000068)","Unfall 189694 (2020) Kat:3, Licht: 0","189694","3","7","7","12","13","2","0","0","1","0","0","0"
"POINT (9.940327335000063 53.455421504000071)","Unfall 189696 (2020) Kat:3, Licht: 0","189696","3","4","6","12","15","2","1","0","0","1","1","0"
"POINT (10.151184694000051 53.608952576000036)","Unfall 189698 (2020) Kat:3, Licht: 0","189698","3","6","2","12","12","1","1","0","0","1","0","0"
"POINT (9.993480470000066 53.552673441000081)","Unfall 189703 (2020) Kat:3, Licht: 1","189703","3","4","6","12","17","1","0","1","0","1","1","0"
"POINT (10.051276136000070 53.586677587000054)","Unfall 189704 (2020) Kat:3, Licht: 2","189704","3","2","4","12","06","3","1","2","0","1","0","0"
"POINT (10.023713944000065 53.558421099000043)","Unfall 189706 (2020) Kat:2, Licht: 1","189706","2","3","5","12","16","1","1","1","0","1","0","0"
"POINT (10.071187245000033 53.582879686000069)","Unfall 189708 (2020) Kat:3, Licht: 2","189708","3","2","6","12","19","7","0","2","0","1","1","0"
"POINT (10.101788412000076 53.655094084000041)","Unfall 189711 (2020) Kat:3, Licht: 2","189711","3","6","0","12","19","7","0","2","0","0","1","1"
"POINT (9.993866451000031 53.599160326000060)","Unfall 189713 (2020) Kat:3, Licht: 2","189713","3","1","0","12","04","2","1","2","1","0","0","0"
"POINT (10.015611607000039 53.617124165000064)","Unfall 189715 (2020) Kat:2, Licht: 2","189715","2","2","5","12","20","7","0","2","0","1","0","0"
"POINT (10.033079300000054 53.587214425000070)","Unfall 189721 (2020) Kat:3, Licht: 2","189721","3","2","6","12","19","7","0","2","0","1","1","0"