WKT,Name,OBJECTID,UKATEGORIE,UTYP1,UART,UMONAT,USTUNDE,UWOCHENTAG,STRZUSTAND,ULICHTVERH,ISTRAD,ISTPKW,ISTFUSS,ISTKRAD
"POINT (9.978326544000026 53.601515158000041)","Unfall 189722 (2020) Kat:3, Licht: 0","189722","3","6","3","12","09","3","1","0","1","0","0","0"
"POINT (10.076077526000063 53.566741789000048)","Unfall 189724 (2020) Kat:3, Licht: 2","189724","3","4","6","12","22","7","0","2","0","1","1","0"
"POINT (9.926499188000037 53.610234357000081)","Unfall 189727 (2020) Kat:2, Licht: 0","189727","2","3","5","12","14","7","1","0","1","1","0","0"
"POINT (10.210401734000072 53.492437028000040)","Unfall 189733 (2020) Kat:2, Licht: 2","189733","2","7","0","12","16","5","0","2","1","0","0","0"
"POINT (9.901883906000023 53.608921048000070)","Unfall 189736 (2020) Kat:3, Licht: 2","189736","3","7","1","12","17","7","0","2","1","1","0","0"
"POINT (10.003368177000027 53.543982413000037)","Unfall 189737 (2020) Kat:3, Licht: 2","189737","3","7","5","12","17","3","1","2","1","1","0","0"
"POINT (10.185622841000054 53.487563136000063)","Unfall 189739 (2020) Kat:3, Licht: 0","189739","3","3","5","12","09","5","1","0","1","1","0","0"
"POINT (9.917247777000057 53.599678493000056)","Unfall 189742 (2020) Kat:3, Licht: 2","189742","3","2","1","12","16","7","0","2","0","1","0","0"
"POINT (9.931481931000064 53.597795541000039)","Unfall 189745 (2020) Kat:3, Licht: 0","189745","3","2","4","12","13","7","0","0","0","1","0","0"
"POINT (10.135842615000058 53.655547246000026)","Unfall 189746 (2020) Kat:3, Licht: 2","189746","3","4","0","12","20","3","1","2","0","0","1","0"
"POINT (9.933374618000073 53.592553872000053)","Unfall 189748 (2020) Kat:3, Licht: 2","189748","3","1","0","12","00","7","0","2","0","0","0","1"
"POINT (9.987931521000064 53.581970717000047)","Unfall 189749 (2020) Kat:3, Licht: 2","189749","3","3","4","12","20","7","0","2","1","1","0","0"
"POINT (10.040934507000031 53.608161386000063)","Unfall 189750 (2020) Kat:2, Licht: 0","189750","2","3","5","12","11","4","0","0","1","1","0","0"
"POINT (9.854430793000063 53.469519457000047)","Unfall 189753 (2020) Kat:3, Licht: 0","189753","3","7","6","12","11","6","0","0","0","1","1","0"
"POINT (10.148543214000028 53.543607397000073)","Unfall 189755 (2020) Kat:3, Licht: 2","189755","3","1","9","12","06","4","1","2","0","0","0","0"
"POINT (10.107123435000062 53.540877397000031)","Unfall 189760 (2020) Kat:3, Licht: 1","189760","3","3","5","12","07","6","0","1","0","1","0","0"
"POINT (10.063111353000068 53.587623041000029)","Unfall 189762 (2020) Kat:3, Licht: 0","189762","3","7","0","12","07","2","0","0","1","0","0","0"
"POINT (10.110343604000036 53.570915172000070)","Unfall 189764 (2020) Kat:3, Licht: 2","189764","3","7","3","12","23","6","0","2","0","1","0","0"
"POINT (10.087102142000049 53.656181775000050)","Unfall 189771 (2020) Kat:3, Licht: 0","189771","3","6","2","12","12","6","1","0","0","1","0","0"
"POINT (9.951121509000075 53.623904051000068)","Unfall 189773 (2020) Kat:2, Licht: 0","189773","2","2","6","12","09","2","1","0","0","1","1","0"
"POINT (10.016468595000049 53.649416005000035)","Unfall 189775 (2020) Kat:3, Licht: 0","189775","3","6","2","12","10","6","1","0","0","1","0","0"
"POINT (10.044055878000052 53.591580309000051)","Unfall 189781 (2020) Kat:3, Licht: 2","189781","3","4","6","12","23","6","0","2","0","0","1","1"
"POINT (10.021038846000067 53.557506191000073)","Unfall 189782 (2020) Kat:3, Licht: 2","189782","3","7","0","12","06","3","1","2","1","0","0","0"
"POINT (9.920025579000026 53.598154641000065)","Unfall 189786 (2020) Kat:3, Licht: 2","189786","3","6","3","12","22","6","0","2","0","1","0","0"
"POINT (9.958071457000074 53.441808122000054)","Unfall 189787 (2020) Kat:3, Licht: 0","189787","3","3","5","12","12","2","0","0","0","1","0","0"
"POINT (9.974263413000074 53.569317464000051)","Unfall 189789 (2020) Kat:3, Licht: 2","189789","3","2","3","12","18","1","1","2","1","0","0","0"
"POINT (10.152776992000042 53.596541624000054)","Unfall 189792 (2020) Kat:3, Licht: 2","189792","3","2","6","12","17","4","1","2","0","1","1","0"
"POINT (10.203428949000056 53.487783785000033)","Unfall 189795 (2020) Kat:3, Licht: 2","189795","3","2","4","12","21","4","1","2","0","1","0","0"
"POINT (9.770831102000045 53.578081778000069)","Unfall 189798 (2020) Kat:3, Licht: 2","189798","3","3","5","12","17","6","0","2","0","1","0","0"
"POINT (10.179753401000028 53.479386601000044)","Unfall 189799 (2020) Kat:3, Licht: 2","189799","3","3","5","12","17","2","0","2","1","1","0","0"
"POINT (10.128697834000036 53.679802258000052)","Unfall 189801 (2020) Kat:3, Licht: 2","189801","3","4","6","12","17","5","1","2","0","1","1","0"
"POINT (10.127346632000069 53.575155275000043)","Unfall 189803 (2020) Kat:3, Licht: 2","189803","3","2","6","12","06","4","1","2","0","1","1","0"
"POINT (10.125203072000033 53.584794163000026)","Unfall 189805 (2020) Kat:3, Licht: 0","189805","3","3","5","12","15","6","0","0","1","1","0","0"
"POINT (10.150010934000022 53.604202269000041)","Unfall 189807 (2020) Kat:3, Licht: 0","189807","3","5","1","12","13","4","1","0","1","1","0","0"
"POINT (9.858930822000048 53.598041434000038)","Unfall 189809 (2020) Kat:3, Licht: 2","189809","3","3","5","12","18","6","0","2","1","1","0","0"
"POINT (9.929743991000066 53.565319119000037)","Unfall 189812 (2020) Kat:3, Licht: 0","189812","3","7","0","12","10","6","0","0","1","0","0","0"
"POINT (9.866394454000044 53.566274994000082)","Unfall 189813 (2020) Kat:3, Licht: 2","189813","3","7","0","12","19","4","0","2","0","0","0","0"
"POINT (9.986026567000067 53.581398106000051)","Unfall 189816 (2020) Kat:2, Licht: 2","189816","2","2","6","12","19","6","0","2","0","1","1","0"
"POINT (10.034343338000042 53.606221559000062)","Unfall 189818 (2020) Kat:3, Licht: 2","189818","3","2","6","12","19","4","1","2","0","1","1","0"
"POINT (9.989265314000022 53.558300231000032)","Unfall 189822 (2020) Kat:3, Licht: 2","189822","3","3","5","12","17","6","0","2","0","1","0","0"
"POINT (10.002035395000064 53.555037167000080)","Unfall 189826 (2020) Kat:3, Licht: 0","189826","3","6","2","12","10","6","0","0","0","1","0","0"
"POINT (9.957480768000039 53.574956532000044)","Unfall 189828 (2020) Kat:3, Licht: 1","189828","3","5","1","12","07","3","1","1","1","1","0","0"
"POINT (10.110450269000069 53.593016284000043)","Unfall 189830 (2020) Kat:3, Licht: 0","189830","3","3","5","12","08","5","1","0","1","0","0","0"
"POINT (10.073074569000028 53.664908781000065)","Unfall 189832 (2020) Kat:3, Licht: 0","189832","3","5","1","12","10","4","1","0","0","1","0","0"
"POINT (10.000186865000046 53.617927081000062)","Unfall 189836 (2020) Kat:2, Licht: 2","189836","2","3","5","12","06","5","0","2","0","1","0","0"
"POINT (10.120799841000064 53.538309243000072)","Unfall 189837 (2020) Kat:3, Licht: 2","189837","3","6","6","12","20","2","1","2","1","0","1","0"
"POINT (10.042196964000027 53.567910693000044)","Unfall 189839 (2020) Kat:3, Licht: 2","189839","3","4","6","12","17","1","1","2","0","1","1","0"
"POINT (10.010658694000028 53.648772935000068)","Unfall 189841 (2020) Kat:3, Licht: 0","189841","3","6","2","12","15","5","1","0","0","1","0","0"
"POINT (9.995730509000055 53.593934233000027)","Unfall 189843 (2020) Kat:3, Licht: 2","189843","3","2","5","12","16","2","0","2","1","1","0","0"
"POINT (10.017063236000070 53.564056139000058)","Unfall 189845 (2020) Kat:3, Licht: 2","189845","3","3","5","12","16","5","1","2","0","1","0","0"
"POINT (9.918815516000052 53.590884857000049)","Unfall 189850 (2020) Kat:3, Licht: 2","189850","3","2","0","12","19","5","1","2","0","1","0","0"
"POINT (10.143852121000066 53.577133848000074)","Unfall 189851 (2020) Kat:3, Licht: 2","189851","3","7","9","12","00","2","1","2","0","1","0","0"
"POINT (10.127605296000070 53.571017787000073)","Unfall 189853 (2020) Kat:3, Licht: 2","189853","3","7","0","12","18","7","0","2","1","0","0","0"
"POINT (10.018055386000071 53.564485975000082)","Unfall 189855 (2020) Kat:3, Licht: 2","189855","3","7","0","12","21","4","1","2","1","0","0","0"
"POINT (9.928542435000054 53.555396884000061)","Unfall 189857 (2020) Kat:3, Licht: 2","189857","3","7","5","12","21","4","1","2","0","1","0","0"
"POINT (10.113270269000054 53.599608306000050)","Unfall 189860 (2020) Kat:3, Licht: 0","189860","3","2","5","12","15","4","1","0","0","1","0","0"
"POINT (9.867899117000036 53.450614456000039)","Unfall 189865 (2020) Kat:3, Licht: 2","189865","3","7","6","12","21","5","0","2","0","0","1","0"
"POINT (9.906122730000050 53.607006406000039)","Unfall 189868 (2020) Kat:3, Licht: 2","189868","3","2","5","12","21","5","1","2","0","1","0","0"
"POINT (10.106634148000069 53.614889804000029)","Unfall 189869 (2020) Kat:3, Licht: 0","189869","3","3","5","12","09","2","1","0","0","1","0","0"
"POINT (9.990405932000044 53.455617329000063)","Unfall 189871 (2020) Kat:3, Licht: 0","189871","3","6","4","12","14","5","1","0","0","1","0","0"
"POINT (9.907222201000025 53.587654352000072)","Unfall 189874 (2020) Kat:3, Licht: 0","189874","3","2","4","12","14","5","1","0","0","1","0","0"
"POINT (9.928499253000041 53.556223542000055)","Unfall 189877 (2020) Kat:3, Licht: 2","189877","3","4","6","12","22","5","1","2","0","1","1","0"
"POINT (10.138218463000044 53.581069410000055)","Unfall 189878 (2020) Kat:3, Licht: 0","189878","3","1","8","12","10","3","1","0","0","1","0","0"
"POINT (10.019796277000069 53.552837330000045)","Unfall 189880 (2020) Kat:3, Licht: 0","189880","3","2","3","12","11","5","0","0","1","1","0","0"
"POINT (10.014908207000076 53.554751947000057)","Unfall 189882 (2020) Kat:3, Licht: 2","189882","3","4","6","12","18","4","1","2","0","1","1","0"
"POINT (9.786378549000062 53.505371529000058)","Unfall 189883 (2020) Kat:3, Licht: 2","189883","3","6","4","12","18","4","1","2","0","1","0","0"
"POINT (9.868516865000061 53.597495015000050)","Unfall 189885 (2020) Kat:3, Licht: 0","189885","3","6","0","12","13","5","0","0","1","0","0","0"
"POINT (10.148119436000059 53.490294238000047)","Unfall 189890 (2020) Kat:2, Licht: 2","189890","2","1","8","12","18","4","0","2","0","1","0","0"
"POINT (10.104920428000071 53.544988431000036)","Unfall 189892 (2020) Kat:3, Licht: 2","189892","3","6","2","12","18","2","0","2","0","1","0","0"
"POINT (10.127210836000074 53.529324752000036)","Unfall 189894 (2020) Kat:3, Licht: 2","189894","3","3","5","12","17","4","1","2","0","1","0","0"
"POINT (10.056918729000074 53.554944980000073)","Unfall 189899 (2020) Kat:3, Licht: 0","189899","3","6","2","12","14","4","0","0","0","1","0","0"
"POINT (10.152752702000043 53.596669737000070)","Unfall 189903 (2020) Kat:3, Licht: 2","189903","3","6","2","12","17","4","0","2","0","1","0","0"
"POINT (9.914389362000065 53.582874419000063)","Unfall 189905 (2020) Kat:3, Licht: 0","189905","3","3","5","12","11","2","1","0","0","1","0","0"
"POINT (10.110805108000022 53.606689699000071)","Unfall 189907 (2020) Kat:3, Licht: 2","189907","3","7","4","12","16","4","1","2","0","1","0","0"
"POINT (9.946525816000076 53.455069408000043)","Unfall 189909 (2020) Kat:2, Licht: 2","189909","2","6","6","12","07","3","1","2","0","0","1","0"
"POINT (10.076197327000045 53.591920500000072)","Unfall 189914 (2020) Kat:3, Licht: 2","189914","3","2","6","12","17","4","0","2","0","0","1","0"
"POINT (10.081172213000059 53.576354735000052)","Unfall 189915 (2020) Kat:3, Licht: 2","189915","3","6","2","12","16","2","1","2","0","1","0","0"
"POINT (9.931022083000073 53.601951430000042)","Unfall 189917 (2020) Kat:3, Licht: 2","189917","3","5","1","12","22","7","0","2","1","1","0","0"
"POINT (10.069908655000063 53.579500815000074)","Unfall 189920 (2020) Kat:3, Licht: 0","189920","3","1","0","12","12","2","1","0","0","0","0","0"
"POINT (9.957513727000048 53.566840056000046)","Unfall 189922 (2020) Kat:3, Licht: 2","189922","3","7","0","12","03","1","1","2","0","0","0","0"
"POINT (10.049452611000049 53.462741865000055)","Unfall 189927 (2020) Kat:3, Licht: 0","189927","3","7","0","12","09","4","0","0","0","0","0","0"
"POINT (10.031341801000053 53.643498371000078)","Unfall 189930 (2020) Kat:3, Licht: 0","189930","3","7","8","12","12","4","1","0","0","1","0","0"
"POINT (10.066174480000029 53.608586838000065)","Unfall 189931 (2020) Kat:3, Licht: 0","189931","3","6","2","12","12","2","0","0","0","1","0","0"
"POINT (10.070039322000071 53.534548223000058)","Unfall 189933 (2020) Kat:3, Licht: 2","189933","3","5","8","12","00","5","1","2","0","0","0","0"
"POINT (10.002722130000052 53.587164189000077)","Unfall 189938 (2020) Kat:3, Licht: 0","189938","3","2","3","12","10","4","1","0","0","1","0","0"
"POINT (10.057316365000077 53.590857153000059)","Unfall 189939 (2020) Kat:2, Licht: 2","189939","2","3","5","12","06","4","1","2","1","1","0","0"
"POINT (9.851869827000030 53.585929991000057)","Unfall 189942 (2020) Kat:2, Licht: 0","189942","2","4","6","12","10","4","0","0","1","0","1","0"
"POINT (10.044052465000050 53.594423084000027)","Unfall 189943 (2020) Kat:3, Licht: 2","189943","3","6","2","12","18","4","0","2","0","1","0","0"
"POINT (9.890291364000063 53.556379574000061)","Unfall 189946 (2020) Kat:3, Licht: 0","189946","3","6","2","12","11","4","1","0","0","1","0","0"
"POINT (10.102033780000056 53.580764457000043)","Unfall 189948 (2020) Kat:3, Licht: 2","189948","3","2","2","12","20","4","1","2","0","1","0","0"
"POINT (9.877856498000028 53.603129377000073)","Unfall 189953 (2020) Kat:3, Licht: 0","189953","3","6","3","12","08","4","0","0","0","1","0","0"
"POINT (10.025542835000067 53.605696625000064)","Unfall 189955 (2020) Kat:3, Licht: 2","189955","3","6","2","12","23","2","1","2","0","1","0","0"
"POINT (9.929507829000045 53.629311004000044)","Unfall 189957 (2020) Kat:3, Licht: 0","189957","3","7","0","12","11","4","1","0","1","0","0","0"
"POINT (9.929049454000051 53.567579444000046)","Unfall 189960 (2020) Kat:3, Licht: 2","189960","3","2","6","12","17","3","1","2","0","1","1","0"
"POINT (9.988687110000058 53.594487908000076)","Unfall 189962 (2020) Kat:3, Licht: 2","189962","3","1","0","12","22","4","1","2","1","0","0","0"
"POINT (9.942733665000048 53.555229877000045)","Unfall 189967 (2020) Kat:3, Licht: 0","189967","3","3","5","12","07","4","0","0","1","0","0","0"
"POINT (10.106290097000056 53.546591767000052)","Unfall 189969 (2020) Kat:3, Licht: 2","189969","3","3","5","12","07","1","0","2","0","1","0","0"
"POINT (9.978103475000069 53.572942644000079)","Unfall 189971 (2020) Kat:3, Licht: 0","189971","3","5","1","12","13","4","0","0","0","1","0","0"
"POINT (9.967157763000046 53.566230502000053)","Unfall 189978 (2020) Kat:3, Licht: 2","189978","3","7","0","12","18","4","0","2","1","0","0","0"
"POINT (10.168834155000070 53.647570279000035)","Unfall 189979 (2020) Kat:3, Licht: 0","189979","3","6","2","12","14","2","0","0","0","1","0","0"
"POINT (10.005887980000068 53.551626893000048)","Unfall 189981 (2020) Kat:3, Licht: 2","189981","3","7","0","12","20","1","1","2","0","1","0","0"
"POINT (10.208995715000071 53.489871275000041)","Unfall 189983 (2020) Kat:3, Licht: 0","189983","3","4","6","12","12","3","1","0","0","0","1","0"
"POINT (10.096172321000040 53.651312954000048)","Unfall 189985 (2020) Kat:3, Licht: 0","189985","3","7","0","12","11","3","1","0","1","0","0","0"
"POINT (10.187957693000044 53.504997971000080)","Unfall 189988 (2020) Kat:3, Licht: 2","189988","3","4","6","12","16","4","1","2","0","1","1","0"
"POINT (9.962563685000021 53.549482953000052)","Unfall 189991 (2020) Kat:3, Licht: 0","189991","3","2","3","12","09","4","1","0","0","1","0","0"
"POINT (10.055575651000026 53.591608187000077)","Unfall 189993 (2020) Kat:3, Licht: 2","189993","3","6","2","12","23","5","1","2","0","1","0","0"
"POINT (9.932178965000048 53.587046567000073)","Unfall 2464 (2021) Kat:3, Licht: 0","2464","3","6","2","06","19","6","","0","0","1","0","0"
"POINT (9.983936488000040 53.593766680000044)","Unfall 2468 (2021) Kat:3, Licht: 0","2468","3","2","5","09","08","5","","0","1","1","0","0"
"POINT (10.031679279000059 53.561523744000056)","Unfall 2469 (2021) Kat:3, Licht: 0","2469","3","2","3","02","13","1","","0","1","1","0","0"
"POINT (9.924811422000062 53.454611205000049)","Unfall 2479 (2021) Kat:3, Licht: 0","2479","3","6","2","07","08","2","","0","0","1","0","0"
"POINT (9.927924328000074 53.425311303000058)","Unfall 2483 (2021) Kat:2, Licht: 0","2483","2","6","2","04","15","4","","0","0","0","0","0"
"POINT (9.897464044000060 53.565479053000047)","Unfall 2488 (2021) Kat:3, Licht: 0","2488","3","2","5","08","13","6","","0","1","1","0","0"
"POINT (9.950616624000077 53.617176053000037)","Unfall 2501 (2021) Kat:3, Licht: 0","2501","3","2","5","07","08","5","","0","1","1","0","0"
"POINT (9.941467868000075 53.622462913000049)","Unfall 2514 (2021) Kat:3, Licht: 0","2514","3","6","2","05","16","2","","0","0","1","0","0"
"POINT (9.936962317000052 53.563716908000060)","Unfall 2517 (2021) Kat:3, Licht: 0","2517","3","2","3","09","17","2","","0","1","1","0","0"
"POINT (10.040858994000075 53.552596120000032)","Unfall 2518 (2021) Kat:3, Licht: 2","2518","3","2","4","01","18","3","","2","0","1","0","0"
"POINT (9.954256736000048 53.518783488000054)","Unfall 2521 (2021) Kat:3, Licht: 0","2521","3","6","2","07","08","6","","0","0","1","0","0"
"POINT (9.915724386000022 53.541980210000077)","Unfall 2530 (2021) Kat:3, Licht: 2","2530","3","6","2","04","18","4","","2","0","1","0","0"
"POINT (9.928562507000038 53.592278068000041)","Unfall 2533 (2021) Kat:3, Licht: 0","2533","3","2","0","08","08","1","","0","0","1","0","0"
"POINT (9.999101714000062 53.612661095000078)","Unfall 2543 (2021) Kat:3, Licht: 0","2543","3","1","0","06","12","3","","0","1","0","0","0"
"POINT (10.053075621000062 53.551638105000052)","Unfall 2560 (2021) Kat:3, Licht: 0","2560","3","3","5","05","07","3","","0","1","0","0","0"
"POINT (9.970122754000045 53.550715393000075)","Unfall 2564 (2021) Kat:3, Licht: 0","2564","3","3","5","09","07","5","","0","1","1","0","0"
"POINT (10.258028460000048 53.470150598000032)","Unfall 2565 (2021) Kat:2, Licht: 1","2565","2","6","2","01","16","3","","1","0","1","0","0"
"POINT (9.964140550000025 53.556904135000082)","Unfall 2570 (2021) Kat:2, Licht: 0","2570","2","3","5","07","15","4","","0","0","1","0","0"
"POINT (9.968672979000075 53.585850296000046)","Unfall 2580 (2021) Kat:3, Licht: 0","2580","3","7","5","03","13","5","","0","0","1","0","0"
"POINT (10.159579546000032 53.477718686000060)","Unfall 2590 (2021) Kat:3, Licht: 0","2590","3","6","2","06","05","3","","0","0","1","0","0"
"POINT (9.942410816000063 53.571908183000062)","Unfall 2604 (2021) Kat:3, Licht: 1","2604","3","3","5","04","20","4","","1","1","1","0","0"
"POINT (9.854632374000062 53.572038779000081)","Unfall 2608 (2021) Kat:3, Licht: 0","2608","3","7","0","09","18","4","","0","0","0","0","0"
"POINT (9.907522316000041 53.617843464000032)","Unfall 2613 (2021) Kat:3, Licht: 0","2613","3","3","5","07","16","7","","0","0","1","0","0"
"POINT (9.961333222000064 53.605291069000032)","Unfall 2632 (2021) Kat:3, Licht: 0","2632","3","2","3","05","11","7","","0","0","1","0","0"
"POINT (10.002403836000042 53.547391223000034)","Unfall 2635 (2021) Kat:3, Licht: 0","2635","3","7","3","09","08","1","","0","0","1","0","0"
"POINT (9.838792358000035 53.472184152000068)","Unfall 2636 (2021) Kat:3, Licht: 0","2636","3","2","2","02","14","2","","0","0","1","0","0"
"POINT (9.909608874000071 53.641632504000029)","Unfall 2649 (2021) Kat:3, Licht: 0","2649","3","3","5","04","11","4","","0","0","1","0","0"
"POINT (10.144188171000053 53.539287777000027)","Unfall 2651 (2021) Kat:3, Licht: 2","2651","3","5","1","08","00","3","","2","0","0","0","0"
"POINT (10.032052704000023 53.566211610000039)","Unfall 2662 (2021) Kat:3, Licht: 2","2662","3","6","2","06","23","4","","2","0","1","0","0"
"POINT (10.021522422000032 53.574957312000038)","Unfall 2675 (2021) Kat:3, Licht: 0","2675","3","1","0","05","15","5","","0","0","0","0","1"
"POINT (9.905258027000059 53.620025052000074)","Unfall 2679 (2021) Kat:2, Licht: 0","2679","2","6","2","09","14","6","","0","0","1","0","0"
"POINT (10.156395992000057 53.559103585000059)","Unfall 2680 (2021) Kat:3, Licht: 1","2680","3","6","3","02","07","2","","1","0","1","0","0"
"POINT (9.964536128000077 53.555548120000026)","Unfall 2682 (2021) Kat:3, Licht: 0","2682","3","7","0","07","14","6","","0","0","0","0","1"
"POINT (10.046628121000026 53.552411455000026)","Unfall 2693 (2021) Kat:3, Licht: 0","2693","3","3","5","03","13","2","","0","0","1","0","0"
"POINT (10.143291882000028 53.523709186000076)","Unfall 2695 (2021) Kat:3, Licht: 0","2695","3","6","2","08","07","6","","0","0","1","0","0"
"POINT (10.057042787000057 53.551164217000064)","Unfall 2704 (2021) Kat:3, Licht: 0","2704","3","6","2","06","15","7","","0","0","1","0","0"
"POINT (9.916662385000052 53.610799429000053)","Unfall 2719 (2021) Kat:3, Licht: 0","2719","3","6","2","05","12","1","","0","0","1","0","0"
"POINT (9.950832154000068 53.616603669000028)","Unfall 2724 (2021) Kat:3, Licht: 0","2724","3","6","6","09","18","4","","0","1","0","1","0"
"POINT (9.895617377000065 53.565902787000027)","Unfall 2725 (2021) Kat:3, Licht: 2","2725","3","3","5","01","19","6","","2","0","1","0","0"
"POINT (9.944180575000075 53.567163563000065)","Unfall 2730 (2021) Kat:3, Licht: 0","2730","3","3","5","07","11","2","","0","1","1","0","0"
"POINT (9.918861580000055 53.515425334000042)","Unfall 2740 (2021) Kat:3, Licht: 0","2740","3","6","2","03","13","2","","0","0","0","0","0"
"POINT (9.996186727000065 53.456986541000049)","Unfall 2751 (2021) Kat:3, Licht: 0","2751","3","6","3","06","13","7","","0","0","1","0","0"
"POINT (9.932197225000039 53.628504939000038)","Unfall 2755 (2021) Kat:3, Licht: 0","2755","3","7","0","09","10","6","","0","0","0","0","0"
"POINT (9.898152989000039 53.551308736000067)","Unfall 2756 (2021) Kat:3, Licht: 2","2756","3","6","3","03","07","4","","2","0","1","0","0"
"POINT (9.959569558000055 53.574907295000060)","Unfall 2759 (2021) Kat:3, Licht: 0","2759","3","6","2","03","15","2","","0","0","1","0","0"
"POINT (9.933696597000051 53.583557419000044)","Unfall 2761 (2021) Kat:3, Licht: 0","2761","3","2","5","08","11","6","","0","1","1","0","0"
"POINT (9.914234963000069 53.514804212000058)","Unfall 2771 (2021) Kat:3, Licht: 0","2771","3","6","3","06","08","2","","0","0","1","0","0"
"POINT (9.940184180000074 53.623866376000080)","Unfall 2787 (2021) Kat:3, Licht: 0","2787","3","3","5","05","09","2","","0","1","0","0","0"
"POINT (10.082505469000068 53.562645796000027)","Unfall 2791 (2021) Kat:3, Licht: 0","2791","3","6","2","08","15","1","","0","0","1","0","0"
"POINT (10.023330824000027 53.529040024000039)","Unfall 2792 (2021) Kat:3, Licht: 0","2792","3","1","9","01","15","6","","0","0","1","0","0"
"POINT (10.032648743000038 53.492603596000038)","Unfall 2797 (2021) Kat:3, Licht: 0","2797","3","6","2","07","07","5","","0","0","1","0","0"
"POINT (9.901476284000069 53.564817417000029)","Unfall 2807 (2021) Kat:3, Licht: 0","2807","3","3","5","03","08","2","","0","0","1","0","0"
"POINT (10.000198356000055 53.593992775000061)","Unfall 2818 (2021) Kat:3, Licht: 0","2818","3","2","3","06","11","4","","0","1","1","0","0"
"POINT (10.227979828000059 53.488055172000031)","Unfall 2834 (2021) Kat:3, Licht: 0","2834","3","2","2","04","10","3","","0","0","1","0","0"
"POINT (9.901476284000069 53.564817417000029)","Unfall 2838 (2021) Kat:3, Licht: 0","2838","3","2","5","08","20","7","","0","1","1","0","0"
"POINT (9.941290274000039 53.622657786000048)","Unfall 2843 (2021) Kat:3, Licht: 0","2843","3","3","5","07","15","4","","0","1","1","0","0"
"POINT (9.973702019000029 53.549682952000069)","Unfall 2862 (2021) Kat:3, Licht: 0","2862","3","3","5","05","08","2","","0","1","1","0","0"
"POINT (9.915931266000030 53.582274680000069)","Unfall 2865 (2021) Kat:3, Licht: 0","2865","3","6","2","09","13","6","","0","0","1","0","0"
"POINT (9.999884160000022 53.547651752000036)","Unfall 2866 (2021) Kat:3, Licht: 0","2866","3","6","2","02","07","4","","0","0","1","0","0"
"POINT (10.029180752000059 53.450880977000054)","Unfall 2879 (2021) Kat:3, Licht: 1","2879","3","1","9","04","06","1","","1","0","1","0","0"
"POINT (9.796833642000024 53.580312416000027)","Unfall 2881 (2021) Kat:3, Licht: 2","2881","3","7","0","08","22","7","","2","0","0","0","1"
"POINT (10.043022627000028 53.552622126000074)","Unfall 2893 (2021) Kat:3, Licht: 0","2893","3","6","2","06","08","2","","0","0","1","0","0"
"POINT (9.923477371000047 53.595966288000056)","Unfall 2906 (2021) Kat:3, Licht: 0","2906","3","6","2","05","16","3","","0","0","1","0","0"
"POINT (9.937236703000053 53.577395461000037)","Unfall 2910 (2021) Kat:3, Licht: 0","2910","3","2","5","09","17","4","","0","1","1","0","0"
"POINT (10.040659298000037 53.554336688000035)","Unfall 2911 (2021) Kat:3, Licht: 0","2911","3","2","4","02","09","5","","0","0","1","0","0"
"POINT (10.040474466000035 53.555765893000057)","Unfall 2914 (2021) Kat:3, Licht: 0","2914","3","6","2","08","19","2","","0","0","1","0","0"
"POINT (10.025075875000027 53.465321499000027)","Unfall 2924 (2021) Kat:2, Licht: 0","2924","2","6","2","03","14","4","","0","0","1","0","0"
"POINT (9.905018352000070 53.574146928000062)","Unfall 2934 (2021) Kat:3, Licht: 0","2934","3","6","2","06","16","3","","0","0","1","0","0"
"POINT (9.940577515000030 53.573568180000052)","Unfall 2948 (2021) Kat:2, Licht: 1","2948","2","1","8","05","04","1","","1","0","1","0","0"
"POINT (10.017504597000027 53.586627005000082)","Unfall 2953 (2021) Kat:1, Licht: 0","2953","1","4","6","08","09","3","","0","1","0","1","0"
"POINT (10.035874575000037 53.496450403000040)","Unfall 2954 (2021) Kat:3, Licht: 1","2954","3","6","3","01","16","2","","1","0","1","0","0"
"POINT (9.964403844000060 53.556048028000077)","Unfall 2959 (2021) Kat:3, Licht: 0","2959","3","3","5","07","10","5","","0","1","1","0","0"
"POINT (9.954860910000036 53.648191334000046)","Unfall 2969 (2021) Kat:3, Licht: 0","2969","3","6","2","09","17","5","","0","0","1","0","0"
"POINT (9.955864776000055 53.570440954000048)","Unfall 2970 (2021) Kat:3, Licht: 0","2970","3","6","2","03","10","3","","0","0","1","0","0"
"POINT (9.888888999000073 53.567751498000064)","Unfall 2981 (2021) Kat:2, Licht: 0","2981","2","4","6","06","15","7","","0","0","1","1","0"
"POINT (10.202406592000045 53.491163219000043)","Unfall 2985 (2021) Kat:3, Licht: 0","2985","3","6","2","09","16","3","","0","0","1","0","0"
"POINT (9.935203279000064 53.563755142000048)","Unfall 2986 (2021) Kat:3, Licht: 0","2986","3","6","3","03","14","6","","0","0","1","0","0"
"POINT (9.927972792000048 53.523063179000076)","Unfall 2996 (2021) Kat:3, Licht: 0","2996","3","6","2","07","15","3","","0","0","1","0","0"
"POINT (9.930704767000066 53.563449781000031)","Unfall 3000 (2021) Kat:3, Licht: 0","3000","3","7","0","04","19","7","","0","0","0","0","0"
"POINT (9.972646799000074 53.549851820000072)","Unfall 3004 (2021) Kat:3, Licht: 0","3004","3","6","4","08","14","6","","0","1","0","0","0"
"POINT (10.155882615000053 53.558773216000077)","Unfall 3009 (2021) Kat:3, Licht: 0","3009","3","6","3","07","16","2","","0","0","1","0","0"