WKT,Name,OBJECTID,UKATEGORIE,UTYP1,UART,UMONAT,USTUNDE,UWOCHENTAG,STRZUSTAND,ULICHTVERH,ISTRAD,ISTPKW,ISTFUSS,ISTKRAD
"POINT (9.880450150000058 53.568830558000059)","Unfall 3029 (2021) Kat:3, Licht: 0","3029","3","6","2","06","11","5","","0","0","1","0","1"
"POINT (9.907519875000048 53.617834080000080)","Unfall 3032 (2021) Kat:3, Licht: 0","3032","3","3","5","09","07","5","","0","0","1","0","0"
"POINT (9.983928286000037 53.595698315000050)","Unfall 3033 (2021) Kat:3, Licht: 0","3033","3","2","3","02","15","2","","0","1","0","0","0"
"POINT (10.146296219000021 53.542570895000040)","Unfall 3036 (2021) Kat:3, Licht: 0","3036","3","6","2","07","14","4","","0","0","1","0","0"
"POINT (10.082611379000070 53.545496754000055)","Unfall 3045 (2021) Kat:3, Licht: 0","3045","3","1","9","04","10","4","","0","0","0","0","0"
"POINT (9.916408332000060 53.611173551000036)","Unfall 3047 (2021) Kat:3, Licht: 0","3047","3","6","2","08","10","7","","0","0","1","0","1"
"POINT (10.023040150000043 53.527785313000038)","Unfall 3064 (2021) Kat:3, Licht: 0","3064","3","6","3","04","09","3","","0","0","1","0","0"
"POINT (10.031555965000052 53.540496946000076)","Unfall 3069 (2021) Kat:3, Licht: 0","3069","3","6","2","08","13","1","","0","0","1","0","0"
"POINT (9.937627694000071 53.431820013000049)","Unfall 3074 (2021) Kat:3, Licht: 0","3074","3","7","9","07","05","2","","0","0","1","0","0"
"POINT (9.876472454000066 53.570231531000047)","Unfall 3093 (2021) Kat:3, Licht: 0","3093","3","2","3","05","10","7","","0","1","1","0","0"
"POINT (9.899037762000034 53.565148817000079)","Unfall 3096 (2021) Kat:3, Licht: 0","3096","3","2","2","09","16","5","","0","0","1","0","0"
"POINT (9.921771401000058 53.593305107000049)","Unfall 3097 (2021) Kat:3, Licht: 0","3097","3","6","2","02","11","6","","0","0","1","0","0"
"POINT (10.212673106000068 53.476496307000048)","Unfall 3100 (2021) Kat:3, Licht: 0","3100","3","7","0","08","16","4","","0","0","1","0","0"
"POINT (9.960542473000032 53.559841312000060)","Unfall 3109 (2021) Kat:3, Licht: 0","3109","3","6","3","04","12","7","","0","0","1","0","0"
"POINT (9.970030479000059 53.584091522000051)","Unfall 3111 (2021) Kat:3, Licht: 0","3111","3","7","0","08","15","5","","0","1","0","0","0"
"POINT (9.983969202000026 53.592859631000067)","Unfall 3123 (2021) Kat:3, Licht: 0","3123","3","6","2","07","10","6","","0","0","1","0","0"
"POINT (9.921504394000067 53.593121529000030)","Unfall 3138 (2021) Kat:3, Licht: 0","3138","3","6","3","05","11","4","","0","0","1","0","0"
"POINT (9.994290730000046 53.593337266000049)","Unfall 3142 (2021) Kat:3, Licht: 0","3142","3","3","5","09","09","3","","0","1","1","0","0"
"POINT (9.928722630000038 53.460878715000035)","Unfall 3143 (2021) Kat:3, Licht: 0","3143","3","6","2","01","08","2","","0","0","0","0","0"
"POINT (9.920366115000036 53.517165588000069)","Unfall 3146 (2021) Kat:3, Licht: 0","3146","3","6","2","07","16","6","","0","0","1","0","0"
"POINT (9.934971062000045 53.436643209000067)","Unfall 3156 (2021) Kat:3, Licht: 0","3156","3","6","2","03","13","3","","0","0","1","0","0"
"POINT (9.871086555000034 53.571139423000034)","Unfall 3166 (2021) Kat:3, Licht: 0","3166","3","6","2","06","14","3","","0","0","1","0","0"
"POINT (9.947426966000023 53.573368976000040)","Unfall 3180 (2021) Kat:3, Licht: 0","3180","3","6","2","04","12","6","","0","0","0","0","1"
"POINT (9.923066307000056 53.519235822000041)","Unfall 3184 (2021) Kat:3, Licht: 0","3184","3","6","2","08","15","3","","0","0","1","0","1"
"POINT (9.929466380000065 53.644009398000037)","Unfall 3185 (2021) Kat:3, Licht: 0","3185","3","6","2","01","09","5","","0","0","1","0","0"
"POINT (10.022769799000059 53.476086691000035)","Unfall 3190 (2021) Kat:3, Licht: 0","3190","3","6","2","07","09","7","","0","0","1","0","0"
"POINT (10.059794891000024 53.509376057000054)","Unfall 3199 (2021) Kat:3, Licht: 0","3199","3","6","2","09","09","3","","0","0","1","0","0"
"POINT (9.985393557000066 53.462298796000027)","Unfall 3200 (2021) Kat:2, Licht: 0","3200","2","1","8","03","12","2","","0","0","1","0","0"
"POINT (9.839572634000035 53.472247126000070)","Unfall 3212 (2021) Kat:3, Licht: 0","3212","3","6","2","06","16","3","","0","0","1","0","0"
"POINT (10.036406199000055 53.497127183000032)","Unfall 3216 (2021) Kat:3, Licht: 1","3216","3","6","2","10","19","6","","1","0","1","0","0"
"POINT (9.914033848000031 53.490872424000031)","Unfall 3217 (2021) Kat:2, Licht: 2","3217","2","7","2","03","06","5","","2","0","0","0","0"
"POINT (9.917735733000029 53.515227093000078)","Unfall 3227 (2021) Kat:2, Licht: 0","3227","2","6","2","07","19","2","","0","0","0","0","0"
"POINT (9.921662998000045 53.563908332000040)","Unfall 3231 (2021) Kat:3, Licht: 0","3231","3","7","0","04","13","7","","0","1","0","0","0"
"POINT (9.986980087000063 53.547653146000073)","Unfall 3236 (2021) Kat:3, Licht: 0","3236","3","3","5","08","09","7","","0","1","0","0","0"
"POINT (9.967205118000038 53.552056655000058)","Unfall 3249 (2021) Kat:3, Licht: 0","3249","3","3","5","07","14","7","","0","1","1","0","0"
"POINT (9.968462792000025 53.586449429000027)","Unfall 3261 (2021) Kat:3, Licht: 0","3261","3","6","2","05","16","6","","0","0","1","0","0"
"POINT (10.000188377000029 53.547643014000073)","Unfall 3264 (2021) Kat:3, Licht: 0","3264","3","6","3","09","17","2","","0","0","1","0","0"
"POINT (10.094822087000068 53.563629201000026)","Unfall 3265 (2021) Kat:2, Licht: 0","3265","2","4","6","02","14","3","","0","0","1","1","0"
"POINT (9.931466134000061 53.428977049000082)","Unfall 3268 (2021) Kat:3, Licht: 0","3268","3","6","3","07","17","3","","0","0","1","0","0"
"POINT (9.909780912000031 53.627318407000075)","Unfall 3276 (2021) Kat:3, Licht: 0","3276","3","2","3","04","09","7","","0","1","1","0","0"
"POINT (9.986614155000041 53.547714178000035)","Unfall 3278 (2021) Kat:3, Licht: 2","3278","3","3","5","08","23","5","","2","0","1","0","0"
"POINT (10.000408525000068 53.593390971000076)","Unfall 3289 (2021) Kat:3, Licht: 0","3289","3","7","4","06","12","7","","0","0","1","0","0"
"POINT (9.997826170000053 53.594383804000074)","Unfall 3305 (2021) Kat:3, Licht: 0","3305","3","6","3","05","14","3","","0","0","1","0","0"
"POINT (10.105907730000069 53.536924321000072)","Unfall 3309 (2021) Kat:3, Licht: 0","3309","3","6","2","09","08","4","","0","0","1","0","0"
"POINT (9.883784748000039 53.472115526000039)","Unfall 3310 (2021) Kat:3, Licht: 2","3310","3","3","5","01","17","3","","2","0","1","0","0"
"POINT (9.932731770000032 53.563572133000037)","Unfall 3314 (2021) Kat:3, Licht: 0","3314","3","3","5","07","18","4","","0","1","1","0","0"
"POINT (9.898966471000051 53.561934886000074)","Unfall 3324 (2021) Kat:3, Licht: 2","3324","3","6","3","03","22","7","","2","0","1","0","0"
"POINT (9.943882075000033 53.563192563000030)","Unfall 3334 (2021) Kat:3, Licht: 0","3334","3","6","3","06","09","6","","0","0","1","0","0"
"POINT (9.973668647000068 53.466210167000042)","Unfall 3352 (2021) Kat:3, Licht: 0","3352","3","3","5","06","17","5","","0","1","1","0","0"
"POINT (9.809828522000032 53.467571681000038)","Unfall 3366 (2021) Kat:3, Licht: 0","3366","3","7","9","05","15","6","","0","0","1","0","0"
"POINT (10.008698337000055 53.618853904000048)","Unfall 3370 (2021) Kat:2, Licht: 2","3370","2","6","4","09","22","6","","2","0","1","0","0"
"POINT (9.923363621000021 53.563812240000061)","Unfall 3371 (2021) Kat:3, Licht: 2","3371","3","2","3","01","18","6","","2","1","1","0","0"
"POINT (9.930975856000032 53.629359281000063)","Unfall 3375 (2021) Kat:3, Licht: 0","3375","3","3","5","07","20","6","","0","0","1","0","0"
"POINT (9.942685614000027 53.563368498000045)","Unfall 3386 (2021) Kat:3, Licht: 0","3386","3","2","5","03","15","6","","0","1","1","0","0"
"POINT (9.934728921000044 53.580349328000068)","Unfall 3397 (2021) Kat:3, Licht: 1","3397","3","4","6","06","20","7","","1","1","0","1","0"
"POINT (9.982957322000061 53.590019954000070)","Unfall 3411 (2021) Kat:3, Licht: 0","3411","3","3","5","05","09","1","","0","1","1","0","0"
"POINT (10.088847651000037 53.500767031000066)","Unfall 3415 (2021) Kat:3, Licht: 0","3415","3","6","2","08","15","1","","0","0","1","0","0"
"POINT (9.919662529000050 53.449614856000039)","Unfall 3416 (2021) Kat:3, Licht: 2","3416","3","1","9","01","06","5","","2","0","1","0","0"
"POINT (9.924062839000044 53.453984156000047)","Unfall 3421 (2021) Kat:3, Licht: 0","3421","3","6","2","07","10","5","","0","0","1","0","0"
"POINT (9.968518174000053 53.551423084000078)","Unfall 3441 (2021) Kat:3, Licht: 2","3441","3","7","0","06","22","3","","2","0","0","0","0"
"POINT (10.061931099000049 53.550559166000028)","Unfall 3445 (2021) Kat:3, Licht: 0","3445","3","6","2","09","07","4","","0","0","1","0","0"
"POINT (10.075946609000027 53.507728243000031)","Unfall 3446 (2021) Kat:3, Licht: 0","3446","3","6","3","02","15","2","","0","0","1","0","0"
"POINT (9.935472659000027 53.563757757000076)","Unfall 3456 (2021) Kat:3, Licht: 0","3456","3","6","3","07","11","2","","0","1","0","0","0"
"POINT (9.899668712000050 53.565740176000077)","Unfall 3460 (2021) Kat:3, Licht: 2","3460","3","6","2","04","04","6","","2","0","1","0","0"
"POINT (10.049208948000057 53.552105921000077)","Unfall 3465 (2021) Kat:3, Licht: 0","3465","3","6","2","08","08","6","","0","0","0","0","1"
"POINT (10.027321000000029 53.533470256000044)","Unfall 3478 (2021) Kat:3, Licht: 1","3478","3","3","5","06","20","1","","1","1","1","0","0"
"POINT (9.929718172000037 53.644046896000077)","Unfall 3491 (2021) Kat:3, Licht: 0","3491","3","6","2","05","11","3","","0","0","1","0","0"
"POINT (9.956801669000072 53.446180361000074)","Unfall 3495 (2021) Kat:3, Licht: 2","3495","3","3","5","09","20","3","","2","0","1","0","0"
"POINT (10.038818106000065 53.559375345000035)","Unfall 3496 (2021) Kat:3, Licht: 2","3496","3","1","0","01","07","6","","2","0","0","0","1"
"POINT (10.016044019000049 53.545560106000039)","Unfall 3499 (2021) Kat:3, Licht: 0","3499","3","7","0","07","21","7","","0","0","1","0","1"
"POINT (9.916470529000037 53.564454839000064)","Unfall 3508 (2021) Kat:3, Licht: 0","3508","3","2","3","04","17","7","","0","1","1","0","0"
"POINT (9.983887653000068 53.600225068000043)","Unfall 3511 (2021) Kat:3, Licht: 0","3511","3","6","2","08","10","1","","0","0","1","0","1"
"POINT (9.982622249000030 53.548552345000076)","Unfall 3521 (2021) Kat:3, Licht: 0","3521","3","1","0","06","17","1","","0","1","0","0","0"
"POINT (9.907192838000071 53.619247154000050)","Unfall 3538 (2021) Kat:3, Licht: 0","3538","3","6","3","05","10","4","","0","0","1","0","0"
"POINT (9.942405638000025 53.563411687000041)","Unfall 3542 (2021) Kat:3, Licht: 0","3542","3","6","2","09","17","2","","0","1","0","0","0"
"POINT (10.206519354000022 53.488239226000076)","Unfall 3543 (2021) Kat:3, Licht: 0","3543","3","6","2","01","15","2","","0","0","1","0","0"
"POINT (9.907543651000026 53.617925515000081)","Unfall 3548 (2021) Kat:3, Licht: 0","3548","3","3","5","07","09","7","","0","0","1","0","0"
"POINT (10.033612956000070 53.541276763000042)","Unfall 3558 (2021) Kat:3, Licht: 0","3558","3","6","3","03","15","4","","0","0","1","0","0"
"POINT (9.837168925000071 53.573808987000064)","Unfall 3568 (2021) Kat:3, Licht: 0","3568","3","2","4","06","12","6","","0","0","1","0","0"
"POINT (9.945391297000072 53.562987488000033)","Unfall 3582 (2021) Kat:3, Licht: 0","3582","3","3","5","04","11","3","","0","1","1","0","0"
"POINT (9.898701087000063 53.563808095000070)","Unfall 3587 (2021) Kat:3, Licht: 0","3587","3","6","2","08","17","3","","0","0","1","0","0"
"POINT (10.053124505000028 53.551633784000046)","Unfall 3592 (2021) Kat:3, Licht: 0","3592","3","3","5","07","15","6","","0","0","1","0","0"
"POINT (10.022360341000024 53.543226686000082)","Unfall 3611 (2021) Kat:2, Licht: 0","3611","2","3","5","05","18","2","","0","0","1","0","0"
"POINT (9.927855620000059 53.424663173000056)","Unfall 3614 (2021) Kat:3, Licht: 0","3614","3","6","3","09","07","4","","0","0","1","0","0"
"POINT (9.915209910000044 53.477987710000036)","Unfall 3615 (2021) Kat:2, Licht: 0","3615","2","6","0","02","13","5","","0","0","1","0","0"
"POINT (9.935111585000072 53.563754252000081)","Unfall 3628 (2021) Kat:3, Licht: 0","3628","3","6","3","04","16","3","","0","1","0","0","0"
"POINT (9.954925866000053 53.561302640000065)","Unfall 3631 (2021) Kat:3, Licht: 0","3631","3","6","2","08","11","5","","0","0","1","0","0"
"POINT (10.020023901000059 53.544081235000078)","Unfall 3642 (2021) Kat:3, Licht: 0","3642","3","6","2","06","14","2","","0","0","1","0","0"
"POINT (10.168270110000037 53.513931750000040)","Unfall 3646 (2021) Kat:3, Licht: 0","3646","3","3","5","04","16","3","","0","0","1","0","0"
"POINT (9.825401636000038 53.470857460000047)","Unfall 3650 (2021) Kat:3, Licht: 0","3650","3","6","2","08","13","3","","0","0","1","0","0"
"POINT (9.964281575000030 53.556487206000043)","Unfall 3655 (2021) Kat:3, Licht: 2","3655","3","7","0","07","02","3","","2","0","0","0","0"
"POINT (9.956267817000025 53.611331292000045)","Unfall 3675 (2021) Kat:3, Licht: 0","3675","3","7","0","05","15","2","","0","0","0","0","0"
"POINT (9.996908617000031 53.456799434000061)","Unfall 3678 (2021) Kat:3, Licht: 0","3678","3","2","3","09","17","2","","0","0","1","0","0"
"POINT (9.897281143000043 53.553957556000057)","Unfall 3679 (2021) Kat:3, Licht: 0","3679","3","7","0","02","11","5","","0","0","1","0","0"
"POINT (9.964177674000041 53.469202793000079)","Unfall 3689 (2021) Kat:2, Licht: 0","3689","2","6","4","06","06","5","","0","0","1","0","0"
"POINT (9.928229447000035 53.563530185000047)","Unfall 3693 (2021) Kat:3, Licht: 0","3693","3","6","3","04","16","4","","0","0","1","0","1"
"POINT (10.028852729000050 53.547693167000034)","Unfall 3698 (2021) Kat:3, Licht: 0","3698","3","6","2","08","17","6","","0","0","1","0","0"
"POINT (10.082383792000030 53.562635201000035)","Unfall 3710 (2021) Kat:3, Licht: 0","3710","3","6","2","06","18","2","","0","0","1","0","0"
"POINT (9.957537794000075 53.610709799000063)","Unfall 3722 (2021) Kat:3, Licht: 0","3722","3","6","2","05","10","5","","0","0","1","0","0"
"POINT (9.961466363000056 53.604906597000081)","Unfall 3726 (2021) Kat:3, Licht: 0","3726","3","6","2","09","09","1","","0","0","1","0","0"
"POINT (9.916671641000050 53.610784874000046)","Unfall 3727 (2021) Kat:3, Licht: 2","3727","3","6","3","01","22","3","","2","0","1","0","0"
"POINT (10.023354394000023 53.480763420000073)","Unfall 3729 (2021) Kat:3, Licht: 0","3729","3","6","2","07","19","1","","0","0","1","0","0"
"POINT (10.005591950000053 53.591788748000056)","Unfall 3739 (2021) Kat:3, Licht: 2","3739","3","7","0","03","00","4","","2","1","0","0","0"
"POINT (9.960396130000049 53.647104365000075)","Unfall 3741 (2021) Kat:3, Licht: 0","3741","3","6","2","08","19","4","","0","0","1","0","1"
"POINT (9.915978488000064 53.564563427000053)","Unfall 3751 (2021) Kat:3, Licht: 0","3751","3","6","3","06","14","3","","0","0","1","0","1"
"POINT (10.026241031000040 53.556812586000035)","Unfall 3767 (2021) Kat:3, Licht: 0","3767","3","3","5","05","06","4","","0","0","1","0","0"
"POINT (9.875068360000057 53.570718070000055)","Unfall 3771 (2021) Kat:3, Licht: 0","3771","3","6","6","08","09","4","","0","1","0","1","0"
"POINT (9.946567306000077 53.619146770000043)","Unfall 3772 (2021) Kat:3, Licht: 0","3772","3","2","4","01","07","2","","0","0","1","0","0"
"POINT (10.022654222000028 53.524697477000075)","Unfall 3777 (2021) Kat:3, Licht: 0","3777","3","6","2","07","20","6","","0","0","1","0","0"
"POINT (10.052123227000038 53.551747592000027)","Unfall 3787 (2021) Kat:3, Licht: 0","3787","3","6","2","03","15","2","","0","0","1","0","0"
"POINT (9.924190848000023 53.635811170000068)","Unfall 3798 (2021) Kat:3, Licht: 0","3798","3","6","3","06","13","3","","0","0","1","0","0"
"POINT (10.067913281000074 53.550025732000051)","Unfall 3814 (2021) Kat:3, Licht: 0","3814","3","6","2","04","13","7","","0","0","1","0","0"
"POINT (10.027396481000039 53.533087666000029)","Unfall 3819 (2021) Kat:3, Licht: 0","3819","3","6","2","08","06","4","","0","0","1","0","0"
"POINT (10.023269557000049 53.481529941000076)","Unfall 3824 (2021) Kat:3, Licht: 0","3824","3","6","2","07","14","3","","0","0","0","0","0"
"POINT (9.942819624000037 53.471143820000066)","Unfall 3843 (2021) Kat:3, Licht: 0","3843","3","6","3","06","15","4","","0","0","1","0","0"
"POINT (10.102302776000045 53.538015980000068)","Unfall 3846 (2021) Kat:3, Licht: 0","3846","3","6","2","09","13","6","","0","0","1","0","0"
"POINT (9.958205907000035 53.647614360000034)","Unfall 3847 (2021) Kat:3, Licht: 1","3847","3","4","6","02","17","6","","1","0","1","1","0"
"POINT (10.135284769000066 53.529344191000064)","Unfall 3859 (2021) Kat:3, Licht: 0","3859","3","6","2","04","13","4","","0","0","1","0","0"
"POINT (9.983736169000053 53.590251651000074)","Unfall 3861 (2021) Kat:3, Licht: 0","3861","3","3","5","08","18","5","","0","1","1","0","0"
"POINT (9.994975658000044 53.547378319000074)","Unfall 3872 (2021) Kat:3, Licht: 1","3872","3","3","5","06","05","5","","1","1","1","0","0"
"POINT (9.916693858000031 53.610749940000062)","Unfall 3885 (2021) Kat:3, Licht: 0","3885","3","6","2","05","14","3","","0","0","1","0","0"
"POINT (9.986601854000071 53.547716119000029)","Unfall 3889 (2021) Kat:3, Licht: 0","3889","3","3","5","09","13","4","","0","0","1","0","0"
"POINT (9.907519875000048 53.617834080000080)","Unfall 3890 (2021) Kat:3, Licht: 2","3890","3","2","4","02","16","2","","2","0","1","0","0"
"POINT (9.797214937000035 53.580261937000046)","Unfall 3893 (2021) Kat:3, Licht: 0","3893","3","7","0","07","12","3","","0","1","0","0","0"
"POINT (9.932270308000057 53.431349885000031)","Unfall 3903 (2021) Kat:3, Licht: 0","3903","3","6","2","03","16","1","","0","0","1","0","0"
"POINT (9.934656779000022 53.580452871000034)","Unfall 3913 (2021) Kat:3, Licht: 0","3913","3","3","5","06","15","3","","0","0","1","0","0"
"POINT (9.932709756000065 53.470917612000051)","Unfall 3927 (2021) Kat:3, Licht: 0","3927","3","6","1","05","15","7","","0","0","1","0","0"
"POINT (9.950278509000043 53.617607781000061)","Unfall 3931 (2021) Kat:3, Licht: 0","3931","3","6","2","08","13","3","","0","0","1","0","0"
"POINT (9.901350761000060 53.564814876000071)","Unfall 3932 (2021) Kat:3, Licht: 2","3932","3","2","3","01","21","7","","2","0","1","0","1"
"POINT (10.039074985000070 53.500717595000026)","Unfall 3947 (2021) Kat:2, Licht: 1","3947","2","6","3","05","04","7","","1","0","1","0","0"
"POINT (9.755754967000030 53.583184769000070)","Unfall 3951 (2021) Kat:3, Licht: 2","3951","3","6","3","09","02","7","","2","1","0","0","0"
"POINT (9.986625390000029 53.547712406000073)","Unfall 3952 (2021) Kat:3, Licht: 0","3952","3","3","5","01","14","7","","0","0","1","0","0"
"POINT (10.022906901000056 53.474025716000028)","Unfall 3955 (2021) Kat:3, Licht: 0","3955","3","6","3","08","15","1","","0","0","1","0","0"
"POINT (9.848727773000064 53.572761344000071)","Unfall 3965 (2021) Kat:3, Licht: 0","3965","3","6","3","03","15","4","","0","0","0","0","1"
"POINT (10.138652692000051 53.532783671000061)","Unfall 3977 (2021) Kat:3, Licht: 0","3977","3","6","2","06","11","4","","0","0","1","0","0"
"POINT (9.987101550000034 53.547632756000041)","Unfall 3992 (2021) Kat:3, Licht: 0","3992","3","6","2","05","17","6","","0","0","1","0","0"
"POINT (9.938776280000070 53.471044141000050)","Unfall 3996 (2021) Kat:2, Licht: 2","3996","2","7","0","08","02","3","","2","0","1","0","0"
"POINT (9.930553447000023 53.536254988000053)","Unfall 3997 (2021) Kat:2, Licht: 2","3997","2","7","9","01","20","6","","2","0","1","0","0"
"POINT (10.036112272000025 53.510236096000028)","Unfall 4002 (2021) Kat:3, Licht: 0","4002","3","6","2","07","18","2","","0","0","1","0","0"
"POINT (10.040656428000034 53.554442801000050)","Unfall 4012 (2021) Kat:3, Licht: 0","4012","3","6","2","09","13","5","","0","0","1","0","0"
"POINT (9.922206268000025 53.593845225000052)","Unfall 4013 (2021) Kat:3, Licht: 2","4013","3","6","2","03","06","5","","2","0","1","0","0"
"POINT (9.986079457000073 53.602354311000056)","Unfall 4024 (2021) Kat:3, Licht: 0","4024","3","6","2","06","17","5","","0","0","1","0","0"
"POINT (9.953366663000054 53.571185160000027)","Unfall 4028 (2021) Kat:3, Licht: 0","4028","3","2","3","09","15","6","","0","1","0","0","0"
"POINT (9.908209878000036 53.620495435000066)","Unfall 4029 (2021) Kat:3, Licht: 0","4029","3","2","2","03","13","4","","0","0","1","0","0"
"POINT (9.945470057000023 53.620100912000055)","Unfall 4042 (2021) Kat:3, Licht: 0","4042","3","2","5","04","13","7","","0","1","1","0","0"
"POINT (9.968851426000072 53.585349287000042)","Unfall 4047 (2021) Kat:3, Licht: 0","4047","3","5","1","08","07","7","","0","0","1","0","0"
"POINT (10.036929964000024 53.561669159000076)","Unfall 4052 (2021) Kat:3, Licht: 0","4052","3","6","0","07","10","6","","0","0","0","0","0"
"POINT (9.869069908000029 53.571196972000052)","Unfall 4071 (2021) Kat:3, Licht: 0","4071","3","2","5","05","19","7","","0","1","1","0","0"
"POINT (10.004162346000044 53.616007969000066)","Unfall 4074 (2021) Kat:3, Licht: 0","4074","3","3","5","09","18","2","","0","0","1","0","1"
"POINT (9.989864251000029 53.593117190000044)","Unfall 4075 (2021) Kat:3, Licht: 0","4075","3","6","3","02","13","6","","0","0","0","0","0"
"POINT (9.947010476000059 53.649335062000034)","Unfall 4078 (2021) Kat:3, Licht: 0","4078","3","6","2","07","15","5","","0","0","1","0","0"
"POINT (9.974182137000071 53.451448642000059)","Unfall 4087 (2021) Kat:3, Licht: 0","4087","3","2","4","04","11","7","","0","0","1","0","1"
"POINT (9.968260908000047 53.467916539000043)","Unfall 4089 (2021) Kat:3, Licht: 0","4089","3","6","2","08","14","7","","0","0","1","0","0"
"POINT (9.976407616000074 53.465334941000037)","Unfall 4100 (2021) Kat:2, Licht: 0","4100","2","3","5","07","18","6","","0","1","1","0","0"
"POINT (10.234000487000060 53.488424166000073)","Unfall 4115 (2021) Kat:3, Licht: 0","4115","3","6","4","05","09","4","","0","1","0","0","0"
"POINT (9.926641936000067 53.563644923000027)","Unfall 4119 (2021) Kat:3, Licht: 0","4119","3","2","3","09","18","5","","0","1","1","0","0"
"POINT (9.983926251000071 53.595915614000035)","Unfall 4120 (2021) Kat:2, Licht: 2","4120","2","2","6","01","20","1","","2","0","1","1","0"
"POINT (9.998697192000066 53.547626157000082)","Unfall 4123 (2021) Kat:3, Licht: 0","4123","3","7","0","07","15","7","","0","1","0","0","0"
"POINT (10.026249375000077 53.557155852000051)","Unfall 4134 (2021) Kat:3, Licht: 0","4134","3","6","2","03","10","3","","0","0","1","0","1"
"POINT (9.801531037000075 53.579626572000052)","Unfall 4145 (2021) Kat:3, Licht: 0","4145","3","3","5","06","19","2","","0","1","0","0","0"
"POINT (10.035669576000032 53.563072587000079)","Unfall 4159 (2021) Kat:3, Licht: 0","4159","3","7","0","04","17","5","","0","0","0","0","1"
"POINT (10.026841600000068 53.532481028000063)","Unfall 4164 (2021) Kat:3, Licht: 0","4164","3","6","4","08","11","3","","0","1","0","0","0"
"POINT (9.846411686000067 53.572872498000038)","Unfall 4165 (2021) Kat:3, Licht: 2","4165","3","4","6","01","17","5","","2","0","1","1","0"
"POINT (9.908110942000064 53.470797844000060)","Unfall 4170 (2021) Kat:3, Licht: 0","4170","3","6","3","07","12","5","","0","0","1","0","0"
"POINT (9.917585319000068 53.470502392000071)","Unfall 4190 (2021) Kat:3, Licht: 0","4190","3","2","2","06","08","3","","0","0","1","0","0"
"POINT (10.033455336000031 53.565045609000038)","Unfall 4194 (2021) Kat:3, Licht: 1","4194","3","3","5","09","07","5","","1","0","1","0","0"
"POINT (10.025573230000077 53.552358553000033)","Unfall 4195 (2021) Kat:3, Licht: 0","4195","3","7","0","03","08","4","","0","0","1","0","0"
"POINT (9.983346229000063 53.548406786000044)","Unfall 4205 (2021) Kat:3, Licht: 0","4205","3","7","0","07","16","2","","0","1","0","0","0"
"POINT (9.802651245000050 53.579456729000071)","Unfall 4209 (2021) Kat:3, Licht: 0","4209","3","2","2","04","15","2","","0","0","1","0","0"
"POINT (9.935978403000036 53.578917171000057)","Unfall 4213 (2021) Kat:2, Licht: 2","4213","2","7","0","08","03","7","","2","1","0","0","0"
"POINT (9.789128302000051 53.580595840000058)","Unfall 4226 (2021) Kat:3, Licht: 0","4226","3","6","3","06","09","6","","0","0","1","0","1"
"POINT (10.052663532000054 53.551681649000045)","Unfall 4236 (2021) Kat:3, Licht: 0","4236","3","1","0","07","09","4","","0","0","0","0","1"
"POINT (10.021347677000051 53.575112747000048)","Unfall 4245 (2021) Kat:3, Licht: 2","4245","3","7","0","09","01","1","","2","0","0","0","0"
"POINT (9.923555859000032 53.563801778000027)","Unfall 4246 (2021) Kat:3, Licht: 0","4246","3","2","3","03","10","4","","0","1","0","0","0"
"POINT (10.034355096000070 53.494249597000078)","Unfall 4258 (2021) Kat:3, Licht: 0","4258","3","6","3","06","16","5","","0","0","1","0","0"
"POINT (9.863742122000076 53.571798738000041)","Unfall 4262 (2021) Kat:3, Licht: 0","4262","3","3","5","09","07","5","","0","1","0","0","0"
"POINT (9.964646776000052 53.555027021000058)","Unfall 4263 (2021) Kat:3, Licht: 2","4263","3","7","6","02","00","1","","2","0","1","1","0"
"POINT (9.918971157000044 53.606730946000027)","Unfall 4273 (2021) Kat:3, Licht: 0","4273","3","6","3","07","09","4","","0","0","1","0","0"
"POINT (9.799709364000023 53.579900076000058)","Unfall 4277 (2021) Kat:3, Licht: 0","4277","3","6","2","04","16","6","","0","0","1","0","0"
"POINT (9.988774809000063 53.457793014000060)","Unfall 4281 (2021) Kat:3, Licht: 0","4281","3","6","2","08","18","5","","0","0","1","0","0"
"POINT (9.919086634000053 53.606522948000077)","Unfall 4305 (2021) Kat:3, Licht: 0","4305","3","6","3","05","14","2","","0","0","1","0","0"
"POINT (10.023800843000060 53.529091450000067)","Unfall 4308 (2021) Kat:3, Licht: 2","4308","3","6","3","09","05","2","","2","0","1","0","0"
"POINT (10.017572196000060 53.586530262000053)","Unfall 4309 (2021) Kat:3, Licht: 0","4309","3","2","3","02","14","5","","0","1","1","0","0"
"POINT (10.137516149000021 53.531626009000036)","Unfall 4312 (2021) Kat:3, Licht: 0","4312","3","6","2","08","16","2","","0","0","1","0","0"
"POINT (10.156359029000043 53.559081858000070)","Unfall 4321 (2021) Kat:3, Licht: 2","4321","3","6","3","04","20","3","","2","0","1","0","0"
"POINT (9.847003010000037 53.572871574000033)","Unfall 4323 (2021) Kat:3, Licht: 0","4323","3","6","1","08","09","4","","0","0","1","0","0"
"POINT (10.031377325000051 53.539134453000031)","Unfall 4335 (2021) Kat:3, Licht: 0","4335","3","3","5","06","16","2","","0","1","1","0","0"
"POINT (10.153370057000075 53.556109106000065)","Unfall 4351 (2021) Kat:3, Licht: 0","4351","3","6","2","05","08","4","","0","0","1","0","0"
"POINT (9.983900806000065 53.592347239000048)","Unfall 4355 (2021) Kat:3, Licht: 0","4355","3","2","3","09","13","4","","0","1","1","0","0"
"POINT (9.964671181000028 53.554886650000071)","Unfall 4356 (2021) Kat:3, Licht: 2","4356","3","6","2","01","18","6","","2","0","1","0","0"
"POINT (9.986234588000059 53.547776526000064)","Unfall 4360 (2021) Kat:3, Licht: 0","4360","3","2","3","07","17","6","","0","1","1","0","0"
"POINT (9.933004683000036 53.585407417000056)","Unfall 4371 (2021) Kat:3, Licht: 0","4371","3","2","3","03","16","6","","0","1","1","1","0"