WKT,Name,OBJECTID,UKATEGORIE,UTYP1,UART,UMONAT,USTUNDE,UWOCHENTAG,STRZUSTAND,ULICHTVERH,ISTRAD,ISTPKW,ISTFUSS,ISTKRAD
"POINT (10.017632550000030 53.586431652000044)","Unfall 4381 (2021) Kat:3, Licht: 0","4381","3","4","0","06","12","6","","0","1","0","1","0"
"POINT (10.029791257000056 53.546495683000046)","Unfall 4395 (2021) Kat:3, Licht: 0","4395","3","7","1","05","15","2","","0","0","0","0","0"
"POINT (10.017796318000023 53.586164077000035)","Unfall 4399 (2021) Kat:3, Licht: 0","4399","3","7","0","08","12","6","","0","0","1","0","0"
"POINT (9.983927643000072 53.595766934000039)","Unfall 4400 (2021) Kat:3, Licht: 2","4400","3","2","4","01","07","3","","2","0","1","0","0"
"POINT (10.039765928000065 53.557076911000081)","Unfall 4405 (2021) Kat:3, Licht: 0","4405","3","6","2","07","18","5","","0","0","1","0","0"
"POINT (10.064726093000047 53.550227393000057)","Unfall 4425 (2021) Kat:3, Licht: 0","4425","3","2","4","06","20","4","","0","0","1","0","0"
"POINT (9.913445547000038 53.498796044000073)","Unfall 4428 (2021) Kat:3, Licht: 0","4428","3","7","0","09","10","7","","0","0","1","0","0"
"POINT (10.025548432000051 53.552861839000059)","Unfall 4429 (2021) Kat:3, Licht: 2","4429","3","6","1","02","19","7","","2","0","1","0","0"
"POINT (9.922619351000037 53.600626638000051)","Unfall 4439 (2021) Kat:3, Licht: 2","4439","3","1","9","07","00","7","","2","0","1","0","1"
"POINT (9.918979356000023 53.516097457000058)","Unfall 4443 (2021) Kat:3, Licht: 0","4443","3","6","2","04","10","2","","0","0","0","0","0"
"POINT (9.907591740000044 53.618110456000068)","Unfall 4447 (2021) Kat:3, Licht: 0","4447","3","6","2","08","13","5","","0","0","1","0","0"
"POINT (9.754127264000033 53.583341014000041)","Unfall 4460 (2021) Kat:3, Licht: 0","4460","3","6","2","06","15","4","","0","0","1","0","0"
"POINT (9.920544899000049 53.604335419000051)","Unfall 4472 (2021) Kat:3, Licht: 0","4472","3","6","3","05","07","4","","0","0","1","0","0"
"POINT (10.212600625000050 53.486656646000029)","Unfall 4476 (2021) Kat:3, Licht: 0","4476","3","2","3","09","07","3","","0","1","1","0","0"
"POINT (9.957803150000075 53.572455801000046)","Unfall 4477 (2021) Kat:3, Licht: 0","4477","3","4","6","01","08","3","","0","0","1","1","0"
"POINT (9.936438554000063 53.563735265000048)","Unfall 4479 (2021) Kat:3, Licht: 0","4479","3","2","3","08","13","3","","0","1","1","0","0"
"POINT (10.006268829000021 53.617332635000082)","Unfall 4489 (2021) Kat:3, Licht: 2","4489","3","2","4","04","21","6","","2","0","1","0","0"
"POINT (10.208298912000032 53.488036713000042)","Unfall 4491 (2021) Kat:3, Licht: 0","4491","3","6","2","08","16","5","","0","0","1","0","0"
"POINT (9.910151692000056 53.629000323000071)","Unfall 4501 (2021) Kat:3, Licht: 0","4501","3","7","0","06","14","6","","0","0","0","1","0"
"POINT (9.913602603000072 53.491085119000047)","Unfall 4517 (2021) Kat:2, Licht: 0","4517","2","6","2","05","13","3","","0","0","0","0","0"
"POINT (9.973560272000043 53.466244691000043)","Unfall 4521 (2021) Kat:3, Licht: 0","4521","3","3","5","09","08","4","","0","0","1","0","0"
"POINT (10.233823376000032 53.488413168000079)","Unfall 4522 (2021) Kat:3, Licht: 0","4522","3","2","6","01","13","4","","0","0","1","1","0"
"POINT (9.940913132000048 53.471100533000026)","Unfall 4527 (2021) Kat:3, Licht: 0","4527","3","7","7","07","18","1","","0","1","0","0","0"
"POINT (9.955105081000056 53.561263003000079)","Unfall 4540 (2021) Kat:3, Licht: 0","4540","3","2","5","05","13","7","","0","1","1","0","0"
"POINT (9.922425000000032 53.452906286000029)","Unfall 4543 (2021) Kat:3, Licht: 0","4543","3","5","1","09","06","3","","0","0","1","0","0"
"POINT (9.980965249000064 53.451403104000065)","Unfall 4544 (2021) Kat:3, Licht: 0","4544","3","6","2","02","12","4","","0","0","1","0","0"
"POINT (9.926787706000027 53.519425018000049)","Unfall 4547 (2021) Kat:3, Licht: 0","4547","3","6","3","07","08","5","","0","0","1","0","0"
"POINT (9.951650369000049 53.428548928000055)","Unfall 4556 (2021) Kat:2, Licht: 0","4556","2","6","2","04","09","3","","0","0","0","0","0"
"POINT (9.914849015000073 53.564801234000072)","Unfall 4558 (2021) Kat:3, Licht: 0","4558","3","2","3","08","12","7","","0","1","1","0","0"
"POINT (10.025590794000038 53.571507995000047)","Unfall 4568 (2021) Kat:3, Licht: 0","4568","3","6","3","06","07","3","","0","0","1","0","0"
"POINT (9.928698297000039 53.592399465000028)","Unfall 4585 (2021) Kat:3, Licht: 0","4585","3","7","0","05","12","7","","0","0","0","0","1"
"POINT (9.923009022000031 53.632730150000043)","Unfall 4589 (2021) Kat:3, Licht: 0","4589","3","6","2","09","12","5","","0","0","1","0","0"
"POINT (9.916521579000062 53.622399382000026)","Unfall 4590 (2021) Kat:3, Licht: 2","4590","3","1","0","01","17","4","","2","0","1","0","0"
"POINT (10.032106039000041 53.538892579000048)","Unfall 4594 (2021) Kat:3, Licht: 2","4594","3","4","6","07","00","7","","2","0","1","1","0"
"POINT (9.926207588000068 53.563670420000051)","Unfall 4604 (2021) Kat:3, Licht: 0","4604","3","5","6","03","13","6","","0","1","0","1","0"
"POINT (9.932476901000030 53.563522942000077)","Unfall 4614 (2021) Kat:3, Licht: 0","4614","3","2","3","06","13","5","","0","1","0","0","0"
"POINT (10.202200260000041 53.491265759000044)","Unfall 4628 (2021) Kat:3, Licht: 0","4628","3","2","2","04","07","2","","0","0","1","0","0"
"POINT (9.941339959000061 53.648560172000032)","Unfall 4632 (2021) Kat:3, Licht: 0","4632","3","6","3","08","12","3","","0","0","1","0","0"
"POINT (9.940868484000021 53.471099183000035)","Unfall 4637 (2021) Kat:3, Licht: 0","4637","3","6","2","07","15","7","","0","0","1","0","0"
"POINT (9.916873933000034 53.542275127000039)","Unfall 4657 (2021) Kat:3, Licht: 0","4657","3","7","0","05","12","5","","0","0","1","0","0"
"POINT (9.953634965000049 53.571087428000055)","Unfall 4660 (2021) Kat:3, Licht: 0","4660","3","2","3","09","11","2","","0","1","1","0","0"
"POINT (9.910006363000036 53.628351064000071)","Unfall 4661 (2021) Kat:3, Licht: 2","4661","3","6","2","02","18","5","","2","0","1","0","0"
"POINT (9.916238150000027 53.585249486000066)","Unfall 4674 (2021) Kat:2, Licht: 0","4674","2","7","8","04","09","4","","0","0","1","0","0"
"POINT (9.961726407000072 53.646857124000064)","Unfall 4678 (2021) Kat:3, Licht: 0","4678","3","6","2","08","19","6","","0","0","1","0","0"
"POINT (9.972168917000033 53.645526638000035)","Unfall 4691 (2021) Kat:3, Licht: 0","4691","3","7","9","06","20","4","","0","0","1","0","0"
"POINT (9.990931433000071 53.547182469000063)","Unfall 4704 (2021) Kat:3, Licht: 0","4704","3","7","0","05","19","2","","0","1","0","0","0"
"POINT (9.970911777000026 53.550328635000028)","Unfall 4708 (2021) Kat:3, Licht: 2","4708","3","7","0","09","00","5","","2","1","0","0","0"
"POINT (9.969630111000072 53.584010431000081)","Unfall 4709 (2021) Kat:3, Licht: 0","4709","3","2","4","01","15","1","","0","0","1","0","0"
"POINT (10.121728506000068 53.530223696000064)","Unfall 4711 (2021) Kat:3, Licht: 0","4711","3","6","2","08","16","2","","0","0","1","0","0"
"POINT (9.936318358000051 53.578505767000081)","Unfall 4722 (2021) Kat:3, Licht: 0","4722","3","2","3","03","16","3","","0","1","1","0","0"
"POINT (9.961726958000042 53.559216133000064)","Unfall 4725 (2021) Kat:3, Licht: 0","4725","3","2","5","08","12","4","","0","1","1","0","0"
"POINT (9.907519875000048 53.617834080000080)","Unfall 4735 (2021) Kat:3, Licht: 0","4735","3","6","2","06","08","2","","0","0","1","0","0"
"POINT (10.001134889000070 53.614062675000071)","Unfall 4751 (2021) Kat:3, Licht: 0","4751","3","7","3","05","13","1","","0","0","1","0","0"
"POINT (10.044596947000059 53.552587298000049)","Unfall 4755 (2021) Kat:3, Licht: 0","4755","3","6","3","09","14","4","","0","0","1","0","0"
"POINT (9.913646092000022 53.486695947000044)","Unfall 4756 (2021) Kat:3, Licht: 2","4756","3","6","2","01","17","2","","2","0","1","0","0"
"POINT (9.969782343000077 53.550886900000080)","Unfall 4761 (2021) Kat:3, Licht: 2","4761","3","3","5","07","22","6","","2","1","1","0","0"
"POINT (9.897099578000052 53.565544333000048)","Unfall 4771 (2021) Kat:3, Licht: 0","4771","3","2","3","03","12","4","","0","1","0","0","0"
"POINT (9.946117640000068 53.441104698000061)","Unfall 4782 (2021) Kat:3, Licht: 0","4782","3","6","2","06","14","7","","0","0","1","0","0"
"POINT (10.035219661000042 53.495286591000081)","Unfall 4786 (2021) Kat:3, Licht: 0","4786","3","6","2","09","09","7","","0","0","1","0","0"
"POINT (10.031463951000035 53.490776984000036)","Unfall 4787 (2021) Kat:3, Licht: 1","4787","3","6","3","03","06","6","","1","0","1","0","0"
"POINT (9.898224670000047 53.559370808000040)","Unfall 4800 (2021) Kat:2, Licht: 2","4800","2","1","8","04","21","6","","2","0","0","0","1"
"POINT (9.830224173000033 53.471332313000062)","Unfall 4805 (2021) Kat:3, Licht: 0","4805","3","6","3","08","11","7","","0","1","1","0","0"
"POINT (10.000548042000048 53.547626683000033)","Unfall 4810 (2021) Kat:3, Licht: 0","4810","3","6","4","07","14","7","","0","1","0","0","0"
"POINT (10.026244485000063 53.556954656000073)","Unfall 4829 (2021) Kat:3, Licht: 0","4829","3","6","2","05","14","2","","0","0","1","0","0"
"POINT (10.060005321000062 53.550827242000082)","Unfall 4832 (2021) Kat:3, Licht: 0","4832","3","4","6","09","11","3","","0","0","0","0","0"
"POINT (9.908584645000076 53.644660859000055)","Unfall 4833 (2021) Kat:3, Licht: 0","4833","3","7","0","02","08","3","","0","1","0","0","0"
"POINT (9.980684779000057 53.464057918000037)","Unfall 4835 (2021) Kat:2, Licht: 0","4835","2","7","4","03","15","3","","0","0","1","0","0"
"POINT (10.021274847000029 53.575177528000040)","Unfall 4846 (2021) Kat:3, Licht: 0","4846","3","3","5","06","13","6","","0","1","1","0","0"
"POINT (9.934565345000067 53.470939173000033)","Unfall 4861 (2021) Kat:3, Licht: 0","4861","3","6","2","04","13","6","","0","0","1","0","0"
"POINT (9.908812061000049 53.622904954000035)","Unfall 4866 (2021) Kat:3, Licht: 0","4866","3","2","3","08","08","5","","0","1","1","0","0"
"POINT (10.210995094000054 53.487241670000060)","Unfall 4871 (2021) Kat:3, Licht: 0","4871","3","6","2","07","10","5","","0","0","1","0","0"
"POINT (10.022390922000056 53.574206244000038)","Unfall 4890 (2021) Kat:2, Licht: 0","4890","2","6","2","05","17","2","","0","0","1","0","0"
"POINT (9.920951166000066 53.470465554000043)","Unfall 4893 (2021) Kat:2, Licht: 1","4893","2","6","3","09","06","3","","1","0","1","0","1"
"POINT (9.936328943000035 53.626649644000054)","Unfall 4894 (2021) Kat:3, Licht: 0","4894","3","6","2","02","13","6","","0","0","1","0","0"
"POINT (9.907519875000048 53.617834080000080)","Unfall 4907 (2021) Kat:3, Licht: 0","4907","3","3","5","04","12","2","","0","0","1","0","0"
"POINT (9.959200875000022 53.647425291000047)","Unfall 4909 (2021) Kat:3, Licht: 0","4909","3","6","2","08","18","5","","0","0","1","0","0"
"POINT (9.955700846000070 53.611606015000064)","Unfall 4921 (2021) Kat:3, Licht: 0","4921","3","2","4","07","06","5","","0","0","1","0","0"
"POINT (10.033195552000052 53.541502557000058)","Unfall 4933 (2021) Kat:3, Licht: 0","4933","3","6","2","05","06","3","","0","0","1","0","0"
"POINT (9.990989065000065 53.547182402000033)","Unfall 4937 (2021) Kat:3, Licht: 0","4937","3","7","0","09","18","6","","0","0","0","0","1"
"POINT (10.000342855000042 53.593514449000054)","Unfall 4938 (2021) Kat:3, Licht: 0","4938","3","7","3","02","10","6","","0","0","1","0","0"
"POINT (9.888220366000041 53.471965422000039)","Unfall 4941 (2021) Kat:3, Licht: 0","4941","3","6","2","07","20","2","","0","0","1","0","1"
"POINT (10.062763668000059 53.509306373000072)","Unfall 4951 (2021) Kat:3, Licht: 1","4951","3","6","2","04","06","5","","1","0","1","0","0"
"POINT (9.855175132000056 53.572012594000057)","Unfall 4961 (2021) Kat:3, Licht: 0","4961","3","7","0","06","08","3","","0","1","0","0","0"
"POINT (10.151476469000045 53.480636689000050)","Unfall 4975 (2021) Kat:2, Licht: 2","4975","2","7","0","05","00","1","","2","0","1","0","0"
"POINT (9.977701411000055 53.414832024000077)","Unfall 4980 (2021) Kat:3, Licht: 1","4980","3","6","3","08","19","4","","1","0","1","0","0"
"POINT (10.215754573000027 53.486175972000069)","Unfall 4981 (2021) Kat:3, Licht: 0","4981","3","2","4","01","14","6","","0","1","1","0","0"
"POINT (10.023414320000029 53.528459936000047)","Unfall 4986 (2021) Kat:3, Licht: 2","4986","3","6","3","07","01","5","","2","0","1","0","0"
"POINT (9.995651834000057 53.457108137000034)","Unfall 4996 (2021) Kat:3, Licht: 0","4996","3","6","2","09","12","4","","0","0","1","0","0"
"POINT (10.023394771000028 53.573346397000080)","Unfall 4997 (2021) Kat:3, Licht: 0","4997","3","7","1","03","12","3","","0","0","1","0","0"
"POINT (9.883697911000070 53.472116853000045)","Unfall 5008 (2021) Kat:3, Licht: 0","5008","3","3","5","06","18","6","","0","0","1","0","0"
"POINT (9.986709830000052 53.547698512000068)","Unfall 5012 (2021) Kat:3, Licht: 0","5012","3","3","5","10","13","6","","0","1","1","0","0"
"POINT (9.969382590000066 53.584364688000051)","Unfall 5013 (2021) Kat:3, Licht: 2","5013","3","6","2","03","18","6","","2","0","1","0","0"
"POINT (9.976983170000040 53.549372403000064)","Unfall 5023 (2021) Kat:3, Licht: 0","5023","3","6","3","07","19","3","","0","1","0","0","0"
"POINT (9.961466387000030 53.604906534000065)","Unfall 5027 (2021) Kat:3, Licht: 0","5027","3","2","5","04","08","3","","0","0","1","0","0"
"POINT (10.103308217000063 53.511534355000038)","Unfall 5032 (2021) Kat:3, Licht: 0","5032","3","6","2","08","16","1","","0","0","1","0","0"
"POINT (9.996972751000044 53.547527937000041)","Unfall 5037 (2021) Kat:3, Licht: 2","5037","3","3","5","07","23","7","","2","0","1","0","0"
"POINT (10.056123609000053 53.551267034000034)","Unfall 5057 (2021) Kat:3, Licht: 0","5057","3","6","2","06","11","3","","0","0","1","0","0"
"POINT (9.931056033000061 53.643953639000074)","Unfall 5060 (2021) Kat:3, Licht: 0","5060","3","6","2","09","16","2","","0","0","0","0","1"
"POINT (9.962277005000033 53.448361767000051)","Unfall 5061 (2021) Kat:3, Licht: 0","5061","3","3","5","02","14","7","","0","1","1","0","0"
"POINT (10.013113329000021 53.547785899000075)","Unfall 5064 (2021) Kat:3, Licht: 0","5064","3","6","2","07","20","7","","0","0","1","0","1"
"POINT (9.907540223000069 53.617912332000060)","Unfall 5073 (2021) Kat:3, Licht: 0","5073","3","2","4","04","10","6","","0","0","1","0","0"
"POINT (9.901432563000071 53.564816532000066)","Unfall 5076 (2021) Kat:3, Licht: 0","5076","3","2","5","08","07","6","","0","1","1","0","0"
"POINT (10.035207715000070 53.563530506000063)","Unfall 5088 (2021) Kat:3, Licht: 0","5088","3","5","0","06","09","6","","0","0","0","0","0"
"POINT (9.916863260000071 53.542279600000029)","Unfall 5102 (2021) Kat:3, Licht: 0","5102","3","6","2","05","16","3","","0","0","1","0","0"
"POINT (10.037674550000077 53.498252031000050)","Unfall 5106 (2021) Kat:3, Licht: 0","5106","3","6","2","09","17","7","","0","0","1","0","0"
"POINT (9.923939406000045 53.595384505000027)","Unfall 5107 (2021) Kat:3, Licht: 2","5107","3","6","3","01","21","7","","2","0","1","0","0"
"POINT (9.984190196000043 53.600890622000065)","Unfall 5111 (2021) Kat:3, Licht: 0","5111","3","3","5","07","16","5","","0","1","1","0","0"
"POINT (9.988313453000046 53.604870048000066)","Unfall 5122 (2021) Kat:3, Licht: 0","5122","3","6","3","03","06","3","","0","0","1","0","0"
"POINT (10.234025546000055 53.488425723000034)","Unfall 5129 (2021) Kat:2, Licht: 0","5129","2","2","3","07","08","4","","0","1","1","0","0"
"POINT (9.977459945000021 53.549361458000078)","Unfall 5138 (2021) Kat:3, Licht: 2","5138","3","7","0","04","20","7","","2","1","0","0","0"
"POINT (9.910889619000045 53.632648658000051)","Unfall 5140 (2021) Kat:3, Licht: 0","5140","3","3","5","08","16","5","","0","1","0","0","0"
"POINT (9.948483998000029 53.562352927000063)","Unfall 5151 (2021) Kat:3, Licht: 0","5151","3","7","0","06","16","7","","0","0","0","0","0"
"POINT (9.999383854000030 53.547654806000082)","Unfall 5164 (2021) Kat:3, Licht: 0","5164","3","6","3","05","16","5","","0","0","1","0","0"
"POINT (9.988623075000021 53.457982681000033)","Unfall 5168 (2021) Kat:3, Licht: 0","5168","3","2","3","09","12","1","","0","0","1","0","0"
"POINT (9.910897607000038 53.632721941000057)","Unfall 5169 (2021) Kat:3, Licht: 2","5169","3","3","6","01","06","4","","2","0","1","1","0"
"POINT (10.033607820000043 53.541327130000070)","Unfall 5172 (2021) Kat:3, Licht: 0","5172","3","2","5","07","11","1","","0","0","1","0","0"
"POINT (9.995831403000068 53.593913776000079)","Unfall 5182 (2021) Kat:3, Licht: 0","5182","3","2","4","03","09","6","","0","0","1","0","1"
"POINT (9.927367274000062 53.470716645000039)","Unfall 5192 (2021) Kat:3, Licht: 0","5192","3","6","2","06","12","2","","0","0","1","0","0"
"POINT (9.943068331000063 53.620989703000077)","Unfall 5206 (2021) Kat:3, Licht: 0","5206","3","6","0","05","07","2","","0","0","0","0","0"
"POINT (10.017400533000057 53.586773728000082)","Unfall 5210 (2021) Kat:2, Licht: 2","5210","2","1","0","08","22","3","","2","1","0","0","0"
"POINT (10.004887173000043 53.616460875000030)","Unfall 5211 (2021) Kat:3, Licht: 1","5211","3","3","5","01","16","6","","1","1","1","0","0"
"POINT (9.966116532000058 53.552893892000043)","Unfall 5216 (2021) Kat:3, Licht: 0","5216","3","7","0","07","19","3","","0","1","0","0","0"
"POINT (10.027722941000036 53.533433981000030)","Unfall 5225 (2021) Kat:3, Licht: 0","5225","3","2","3","09","12","4","","0","1","1","0","0"
"POINT (10.026876905000051 53.549884241000029)","Unfall 5226 (2021) Kat:3, Licht: 0","5226","3","3","5","03","17","4","","0","1","1","0","0"
"POINT (9.927155161000030 53.538213132000067)","Unfall 5238 (2021) Kat:3, Licht: 0","5238","3","6","2","06","16","3","","0","0","1","0","0"
"POINT (10.026244266000049 53.556945665000057)","Unfall 5242 (2021) Kat:3, Licht: 0","5242","3","6","3","09","15","3","","0","0","1","0","0"
"POINT (9.801572514000043 53.579620377000026)","Unfall 5243 (2021) Kat:3, Licht: 0","5243","3","6","2","03","14","2","","0","0","1","0","0"
"POINT (9.963484439000069 53.579223070000069)","Unfall 5253 (2021) Kat:3, Licht: 0","5253","3","2","5","07","12","2","","0","1","1","0","0"
"POINT (9.902357723000023 53.470931255000039)","Unfall 5257 (2021) Kat:3, Licht: 0","5257","3","6","3","04","14","2","","0","1","0","0","0"
"POINT (10.027473825000072 53.569928807000053)","Unfall 5261 (2021) Kat:3, Licht: 2","5261","3","3","5","08","23","7","","2","0","1","0","0"
"POINT (9.939939201000072 53.563622949000035)","Unfall 5274 (2021) Kat:3, Licht: 0","5274","3","6","2","06","12","7","","0","0","1","0","0"
"POINT (10.064660407000076 53.550235226000041)","Unfall 5286 (2021) Kat:3, Licht: 0","5286","3","6","2","05","14","6","","0","0","1","0","0"
"POINT (9.969309441000064 53.584475007000037)","Unfall 5289 (2021) Kat:3, Licht: 1","5289","3","6","2","09","19","4","","1","1","0","0","0"
"POINT (10.028335691000052 53.547984091000046)","Unfall 5290 (2021) Kat:3, Licht: 1","5290","3","6","2","02","06","3","","1","0","1","0","0"
"POINT (9.915690068000060 53.583195089000071)","Unfall 5293 (2021) Kat:3, Licht: 0","5293","3","6","3","07","13","5","","0","0","1","0","0"
"POINT (9.905379573000062 53.619756802000040)","Unfall 5302 (2021) Kat:3, Licht: 0","5302","3","6","2","04","15","3","","0","0","1","0","0"
"POINT (9.854779339000061 53.472396823000054)","Unfall 5304 (2021) Kat:3, Licht: 0","5304","3","2","3","08","17","6","","0","0","1","0","1"
"POINT (9.931354876000057 53.588694936000081)","Unfall 5314 (2021) Kat:3, Licht: 0","5314","3","5","1","06","14","4","","0","0","0","0","0"
"POINT (9.931227883000076 53.470845258000054)","Unfall 5329 (2021) Kat:2, Licht: 0","5329","2","3","5","05","11","2","","0","1","1","0","0"
"POINT (9.986796498000047 53.459504517000028)","Unfall 5333 (2021) Kat:3, Licht: 0","5333","3","6","4","09","15","5","","0","1","0","0","0"
"POINT (10.031765910000047 53.538431197000079)","Unfall 5334 (2021) Kat:3, Licht: 0","5334","3","6","2","01","14","5","","0","0","1","0","0"
"POINT (9.976332958000057 53.549401754000030)","Unfall 5338 (2021) Kat:3, Licht: 0","5338","3","3","5","07","17","7","","0","1","0","0","0"
"POINT (10.034274017000030 53.494152301000042)","Unfall 5348 (2021) Kat:3, Licht: 0","5348","3","6","2","03","17","5","","0","0","1","0","0"
"POINT (10.025144785000066 53.463971577000052)","Unfall 5360 (2021) Kat:3, Licht: 0","5360","3","6","2","06","09","4","","0","0","0","0","0"
"POINT (9.915464485000030 53.582276799000056)","Unfall 5374 (2021) Kat:3, Licht: 0","5374","3","3","3","05","12","5","","0","0","1","0","0"
"POINT (9.992677925000066 53.457570181000051)","Unfall 5378 (2021) Kat:3, Licht: 0","5378","3","2","3","08","07","2","","0","1","1","0","0"
"POINT (10.022463836000043 53.526240596000036)","Unfall 5379 (2021) Kat:3, Licht: 0","5379","3","6","3","01","11","2","","0","0","1","0","0"
"POINT (9.919064638000066 53.606562567000026)","Unfall 5383 (2021) Kat:3, Licht: 0","5383","3","6","2","07","11","7","","0","0","1","0","0"
"POINT (9.910610320000046 53.631103816000063)","Unfall 5403 (2021) Kat:2, Licht: 0","5403","2","7","8","06","18","4","","0","0","1","0","0"
"POINT (10.006575171000065 53.617511731000036)","Unfall 5406 (2021) Kat:3, Licht: 0","5406","3","6","2","09","13","3","","0","0","1","0","0"
"POINT (9.908606414000076 53.621995464000065)","Unfall 5407 (2021) Kat:3, Licht: 2","5407","3","4","6","02","18","1","","2","0","1","1","0"
"POINT (10.027456715000028 53.569943056000056)","Unfall 5422 (2021) Kat:2, Licht: 0","5422","2","4","6","06","12","7","","0","1","0","1","0"
"POINT (9.930972654000072 53.645858686000054)","Unfall 5436 (2021) Kat:3, Licht: 0","5436","3","6","2","05","17","4","","0","0","1","0","0"
"POINT (10.081195946000037 53.546153422000032)","Unfall 5440 (2021) Kat:3, Licht: 0","5440","3","6","2","08","08","2","","0","0","1","0","0"
"POINT (9.969517052000072 53.584176610000043)","Unfall 5441 (2021) Kat:2, Licht: 2","5441","2","7","0","01","17","7","","2","1","0","0","0"
"POINT (9.922457815000030 53.594426661000057)","Unfall 5446 (2021) Kat:3, Licht: 0","5446","3","6","3","07","07","2","","0","0","1","0","0"
"POINT (9.832192203000034 53.471520892000058)","Unfall 5466 (2021) Kat:3, Licht: 0","5466","3","6","2","05","16","7","","0","0","1","0","0"
"POINT (9.893243784000049 53.471785754000052)","Unfall 5470 (2021) Kat:3, Licht: 1","5470","3","7","0","09","17","4","","1","0","0","0","0"
"POINT (9.907526901000040 53.617861097000059)","Unfall 5471 (2021) Kat:3, Licht: 0","5471","3","3","5","02","10","2","","0","0","1","0","0"
"POINT (10.035816835000048 53.562916675000054)","Unfall 5481 (2021) Kat:3, Licht: 0","5481","3","5","1","07","15","2","","0","0","1","0","0"
"POINT (9.926820634000023 53.639860535000082)","Unfall 5485 (2021) Kat:2, Licht: 0","5485","2","7","0","04","13","1","","0","0","0","0","1"
"POINT (9.877507239000067 53.569856323000067)","Unfall 5489 (2021) Kat:3, Licht: 0","5489","3","6","2","08","12","7","","0","0","1","0","0"
"POINT (10.000721645000056 53.613783379000040)","Unfall 5502 (2021) Kat:2, Licht: 0","5502","2","3","5","06","18","6","","0","1","1","0","0"
"POINT (9.836794262000069 53.573887112000079)","Unfall 5515 (2021) Kat:3, Licht: 0","5515","3","2","4","05","18","5","","0","1","1","0","0"
"POINT (9.928884756000059 53.592292933000067)","Unfall 5518 (2021) Kat:3, Licht: 0","5518","3","2","4","09","17","5","","0","0","1","0","0"
"POINT (10.026122933000067 53.551864800000033)","Unfall 5519 (2021) Kat:3, Licht: 0","5519","3","3","5","02","12","2","","0","0","1","0","0"
"POINT (10.024774063000052 53.482735940000055)","Unfall 5522 (2021) Kat:3, Licht: 2","5522","3","6","3","07","02","2","","2","0","1","0","0"
"POINT (10.039269279000052 53.503619935000074)","Unfall 5531 (2021) Kat:3, Licht: 2","5531","3","6","3","04","23","3","","2","0","1","0","0"
"POINT (9.969543662000035 53.584139388000040)","Unfall 5533 (2021) Kat:3, Licht: 2","5533","3","7","0","08","02","1","","2","0","0","0","0"
"POINT (10.151925051000035 53.554964189000032)","Unfall 5543 (2021) Kat:3, Licht: 0","5543","3","6","2","06","13","2","","0","0","1","0","0"
"POINT (9.941178073000060 53.471108541000035)","Unfall 5560 (2021) Kat:3, Licht: 0","5560","3","6","2","05","14","6","","0","0","1","0","0"
"POINT (9.978385300000070 53.451736653000069)","Unfall 5564 (2021) Kat:3, Licht: 0","5564","3","6","2","09","14","6","","0","0","1","0","0"
"POINT (10.038901064000072 53.559222204000037)","Unfall 5565 (2021) Kat:3, Licht: 2","5565","3","3","5","01","23","4","","2","0","1","0","0"
"POINT (9.878057330000047 53.569641269000044)","Unfall 5570 (2021) Kat:3, Licht: 0","5570","3","2","3","07","11","1","","0","1","1","0","0"
"POINT (9.969479060000026 53.583981211000037)","Unfall 5580 (2021) Kat:3, Licht: 0","5580","3","2","4","04","18","6","","0","0","1","0","0"
"POINT (10.150818988000026 53.553196647000050)","Unfall 5591 (2021) Kat:2, Licht: 0","5591","2","6","2","06","14","3","","0","0","1","0","0"
"POINT (10.031815015000063 53.543543326000076)","Unfall 5605 (2021) Kat:3, Licht: 0","5605","3","6","2","04","10","3","","0","0","1","0","0"
"POINT (10.027398866000055 53.484563180000066)","Unfall 5609 (2021) Kat:3, Licht: 0","5609","3","7","0","09","12","4","","0","0","1","0","0"
"POINT (10.198298576000070 53.492875276000063)","Unfall 5614 (2021) Kat:3, Licht: 2","5614","3","3","5","07","23","6","","2","0","1","0","0"
"POINT (9.968218347000061 53.450418762000027)","Unfall 5633 (2021) Kat:2, Licht: 0","5633","2","6","2","06","15","3","","0","0","1","0","1"
"POINT (10.027136034000023 53.458150826000065)","Unfall 5636 (2021) Kat:2, Licht: 0","5636","2","6","3","09","16","4","","0","0","1","0","0"
"POINT (10.148372442000039 53.546591672000034)","Unfall 5637 (2021) Kat:3, Licht: 0","5637","3","6","3","02","15","1","","0","0","1","0","0"
"POINT (9.926534573000026 53.563652109000031)","Unfall 5650 (2021) Kat:3, Licht: 0","5650","3","2","6","04","09","3","","0","0","0","1","0"
"POINT (9.895330666000064 53.565894563000029)","Unfall 5652 (2021) Kat:3, Licht: 0","5652","3","6","2","08","07","2","","0","0","1","0","0"
"POINT (10.191765860000032 53.495949114000041)","Unfall 5663 (2021) Kat:3, Licht: 0","5663","3","3","5","06","13","7","","0","1","1","0","0"
"POINT (9.936161510000034 53.578703078000046)","Unfall 5674 (2021) Kat:3, Licht: 0","5674","3","6","6","05","16","4","","0","1","0","1","0"
"POINT (9.978402204000076 53.549330632000078)","Unfall 5678 (2021) Kat:3, Licht: 0","5678","3","4","6","09","14","1","","0","1","0","1","0"
"POINT (9.959975318000033 53.575416671000028)","Unfall 5679 (2021) Kat:3, Licht: 0","5679","3","7","0","01","14","7","","0","1","0","0","0"
"POINT (10.034636297000077 53.564028500000063)","Unfall 5681 (2021) Kat:3, Licht: 0","5681","3","2","3","08","15","2","","0","1","0","0","0"
"POINT (9.928342528000030 53.435264904000064)","Unfall 5691 (2021) Kat:1, Licht: 0","5691","1","6","2","04","11","5","","0","0","0","0","0"
"POINT (9.992510188000040 53.592636841000058)","Unfall 5693 (2021) Kat:3, Licht: 0","5693","3","2","6","08","13","6","","0","0","1","1","0"
"POINT (10.141065913000034 53.535463960000072)","Unfall 5703 (2021) Kat:3, Licht: 0","5703","3","6","2","06","20","1","","0","0","1","0","0"