WKT,Name,OBJECTID,UKATEGORIE,UTYP1,UART,UMONAT,USTUNDE,UWOCHENTAG,STRZUSTAND,ULICHTVERH,ISTRAD,ISTPKW,ISTFUSS,ISTKRAD
"POINT (10.206928225000070 53.474807015000067)","Unfall 5706 (2021) Kat:3, Licht: 0","5706","3","1","8","07","09","5","","0","0","1","0","0"
"POINT (9.922208897000075 53.593618989000049)","Unfall 5710 (2021) Kat:3, Licht: 0","5710","3","3","5","04","16","6","","0","0","1","0","0"
"POINT (10.000228458000038 53.547641194000050)","Unfall 5714 (2021) Kat:3, Licht: 0","5714","3","6","2","08","15","1","","0","0","1","0","1"
"POINT (10.120460558000048 53.530732638000075)","Unfall 5727 (2021) Kat:3, Licht: 0","5727","3","7","8","06","06","4","","0","0","1","0","0"
"POINT (10.034699977000059 53.511563884000054)","Unfall 5739 (2021) Kat:3, Licht: 0","5739","3","6","3","05","05","4","","0","0","1","0","0"
"POINT (9.930036357000063 53.591481822000048)","Unfall 5743 (2021) Kat:3, Licht: 0","5743","3","3","5","09","07","2","","0","1","1","0","0"
"POINT (9.897458246000042 53.565480296000032)","Unfall 5744 (2021) Kat:3, Licht: 2","5744","3","2","5","01","07","3","","2","1","0","0","0"
"POINT (9.950792119000027 53.616712751000080)","Unfall 5746 (2021) Kat:3, Licht: 0","5746","3","7","0","07","14","1","","0","1","0","0","0"
"POINT (10.117549456000063 53.531934676000049)","Unfall 5756 (2021) Kat:3, Licht: 2","5756","3","6","4","03","21","4","","2","0","1","0","0"
"POINT (10.102608757000041 53.537823014000082)","Unfall 5758 (2021) Kat:3, Licht: 0","5758","3","6","2","08","16","5","","0","0","1","0","0"
"POINT (10.013367075000076 53.589904181000065)","Unfall 5768 (2021) Kat:3, Licht: 0","5768","3","1","8","06","17","1","","0","0","0","0","1"
"POINT (9.949573396000062 53.562178579000033)","Unfall 5785 (2021) Kat:3, Licht: 0","5785","3","6","3","05","15","1","","0","1","0","0","0"
"POINT (9.911879458000044 53.565571649000049)","Unfall 5789 (2021) Kat:3, Licht: 0","5789","3","3","5","08","13","1","","0","0","1","0","0"
"POINT (9.988878330000034 53.457289986000035)","Unfall 5790 (2021) Kat:3, Licht: 0","5790","3","6","3","01","12","3","","0","0","1","0","0"
"POINT (9.923146097000028 53.563824078000039)","Unfall 5795 (2021) Kat:3, Licht: 0","5795","3","3","5","07","09","7","","0","0","1","0","0"
"POINT (9.968414734000021 53.583908175000033)","Unfall 5805 (2021) Kat:3, Licht: 0","5805","3","6","2","03","11","3","","0","0","1","0","0"
"POINT (10.055340785000055 53.509319461000075)","Unfall 5817 (2021) Kat:3, Licht: 0","5817","3","6","3","06","14","3","","0","0","1","0","0"
"POINT (9.793728235000060 53.580583141000034)","Unfall 5833 (2021) Kat:2, Licht: 0","5833","2","3","5","04","13","3","","0","0","1","0","1"
"POINT (9.949997426000039 53.617789575000074)","Unfall 5837 (2021) Kat:3, Licht: 0","5837","3","3","5","08","14","5","","0","1","1","0","0"
"POINT (9.927065401000050 53.593515802000070)","Unfall 5842 (2021) Kat:3, Licht: 0","5842","3","6","2","07","14","2","","0","0","1","0","0"
"POINT (9.922035583000024 53.518606424000041)","Unfall 5861 (2021) Kat:3, Licht: 0","5861","3","7","7","06","20","6","","0","0","0","0","1"
"POINT (9.935525778000056 53.563758273000076)","Unfall 5864 (2021) Kat:3, Licht: 1","5864","3","6","3","09","19","1","","1","0","1","0","0"
"POINT (10.029534455000032 53.444788009000035)","Unfall 5865 (2021) Kat:3, Licht: 0","5865","3","6","2","02","10","6","","0","0","1","0","0"
"POINT (9.984139036000045 53.590521265000064)","Unfall 5878 (2021) Kat:3, Licht: 0","5878","3","2","3","04","14","1","","0","1","0","0","0"
"POINT (9.846519197000021 53.472808467000050)","Unfall 5880 (2021) Kat:3, Licht: 0","5880","3","3","5","08","17","6","","0","1","1","0","0"
"POINT (9.971007116000067 53.550281902000052)","Unfall 5891 (2021) Kat:3, Licht: 0","5891","3","2","5","07","13","5","","0","1","1","0","0"
"POINT (9.915688183000043 53.585119543000076)","Unfall 5904 (2021) Kat:2, Licht: 2","5904","2","6","1","05","00","6","","2","0","0","0","0"
"POINT (9.920463443000074 53.604062806000059)","Unfall 5908 (2021) Kat:3, Licht: 0","5908","3","6","2","09","13","4","","0","0","1","0","0"
"POINT (10.212583622000068 53.486662542000033)","Unfall 5909 (2021) Kat:3, Licht: 0","5909","3","3","5","02","15","3","","0","1","1","0","0"
"POINT (9.987240399000029 53.603776672000038)","Unfall 5911 (2021) Kat:3, Licht: 0","5911","3","6","2","08","19","1","","0","0","1","0","0"
"POINT (10.000372373000062 53.593451747000074)","Unfall 5921 (2021) Kat:3, Licht: 0","5921","3","3","5","03","19","2","","0","1","1","0","0"
"POINT (9.888890834000051 53.471936047000042)","Unfall 5932 (2021) Kat:3, Licht: 0","5932","3","6","2","06","08","3","","0","0","1","0","0"
"POINT (10.039072602000033 53.500709277000055)","Unfall 5947 (2021) Kat:3, Licht: 0","5947","3","6","2","05","12","5","","0","0","1","0","0"
"POINT (10.026645097000028 53.559161305000032)","Unfall 5951 (2021) Kat:3, Licht: 0","5951","3","6","2","08","16","6","","0","0","1","0","0"
"POINT (9.922068556000056 53.593518301000074)","Unfall 5957 (2021) Kat:3, Licht: 0","5957","3","6","2","07","15","2","","0","0","1","0","0"
"POINT (9.919399646000045 53.470549074000076)","Unfall 5966 (2021) Kat:3, Licht: 0","5966","3","3","5","09","10","4","","0","0","1","0","0"
"POINT (9.944573488000060 53.620489759000066)","Unfall 5967 (2021) Kat:3, Licht: 0","5967","3","2","3","03","12","5","","0","0","1","0","0"
"POINT (10.025874136000027 53.553855222000038)","Unfall 5980 (2021) Kat:3, Licht: 0","5980","3","6","2","06","16","6","","0","0","1","0","0"
"POINT (9.942813989000058 53.571573042000068)","Unfall 5984 (2021) Kat:3, Licht: 0","5984","3","6","3","09","15","5","","0","0","1","0","0"
"POINT (10.079736366000077 53.507310152000059)","Unfall 5985 (2021) Kat:2, Licht: 2","5985","2","6","2","03","05","3","","2","0","0","0","0"
"POINT (10.011282737000045 53.623241114000052)","Unfall 5995 (2021) Kat:3, Licht: 0","5995","3","6","2","07","11","4","","0","0","1","0","0"
"POINT (10.022467605000031 53.574140681000074)","Unfall 5999 (2021) Kat:3, Licht: 0","5999","3","6","2","04","17","4","","0","0","1","0","0"
"POINT (9.799025683000025 53.580007759000068)","Unfall 6004 (2021) Kat:3, Licht: 2","6004","3","5","1","08","23","7","","2","0","1","0","0"
"POINT (9.935662135000030 53.579264724000041)","Unfall 6021 (2021) Kat:3, Licht: 0","6021","3","6","2","04","16","4","","0","0","1","0","0"
"POINT (9.965593169000044 53.597695680000072)","Unfall 6025 (2021) Kat:3, Licht: 0","6025","3","1","9","09","08","4","","0","0","1","0","0"
"POINT (10.157451123000044 53.559689606000063)","Unfall 6026 (2021) Kat:3, Licht: 0","6026","3","6","3","01","09","1","","0","0","1","0","0"
"POINT (10.139021444000036 53.533179961000030)","Unfall 6031 (2021) Kat:3, Licht: 0","6031","3","6","2","07","18","6","","0","0","1","0","0"
"POINT (9.936106894000034 53.647281966000037)","Unfall 6041 (2021) Kat:2, Licht: 0","6041","2","7","4","10","13","6","","0","0","1","0","0"
"POINT (9.907887761000040 53.646753240000066)","Unfall 6042 (2021) Kat:3, Licht: 2","6042","3","4","6","03","18","1","","2","0","1","1","0"
"POINT (10.052183307000064 53.551740259000042)","Unfall 6053 (2021) Kat:3, Licht: 0","6053","3","6","2","06","16","6","","0","0","1","0","0"
"POINT (10.012305149000042 53.547976866000056)","Unfall 6057 (2021) Kat:3, Licht: 0","6057","3","6","2","09","17","3","","0","0","1","0","0"
"POINT (9.928075157000023 53.592605472000059)","Unfall 6058 (2021) Kat:3, Licht: 2","6058","3","6","2","03","19","2","","2","0","1","0","0"
"POINT (10.216324151000038 53.486456402000044)","Unfall 6071 (2021) Kat:3, Licht: 0","6071","3","7","0","04","17","3","","0","1","0","0","0"
"POINT (9.932841068000073 53.585724119000076)","Unfall 6075 (2021) Kat:3, Licht: 0","6075","3","7","0","08","08","1","","0","1","0","0","0"
"POINT (10.017722701000025 53.586284358000057)","Unfall 6080 (2021) Kat:3, Licht: 0","6080","3","6","6","07","20","7","","0","1","0","1","0"
"POINT (10.033551487000068 53.541008219000048)","Unfall 6099 (2021) Kat:3, Licht: 0","6099","3","6","1","05","20","1","","0","0","1","0","0"
"POINT (10.060785447000058 53.550722040000039)","Unfall 6102 (2021) Kat:3, Licht: 0","6102","3","6","3","09","14","4","","0","0","1","0","0"
"POINT (9.923678088000031 53.563795126000059)","Unfall 6103 (2021) Kat:3, Licht: 0","6103","3","6","2","02","13","6","","0","0","1","0","0"
"POINT (9.932559921000063 53.586284269000032)","Unfall 6106 (2021) Kat:3, Licht: 0","6106","3","2","3","07","14","3","","0","0","1","0","0"
"POINT (10.015704970000058 53.545801507000078)","Unfall 6115 (2021) Kat:3, Licht: 0","6115","3","6","2","04","19","4","","0","0","1","0","0"
"POINT (10.108039256000040 53.535992811000028)","Unfall 6118 (2021) Kat:3, Licht: 2","6118","3","7","0","08","04","1","","2","0","1","0","0"
"POINT (9.932002022000063 53.587401321000073)","Unfall 6128 (2021) Kat:3, Licht: 0","6128","3","2","5","06","17","7","","0","1","1","0","0"
"POINT (9.926130489000059 53.521623326000054)","Unfall 6143 (2021) Kat:3, Licht: 0","6143","3","6","2","05","11","3","","0","0","1","0","0"
"POINT (9.923203780000051 53.595170125000038)","Unfall 6147 (2021) Kat:3, Licht: 0","6147","3","6","2","09","12","1","","0","0","1","0","0"
"POINT (9.922852711000075 53.563840199000026)","Unfall 6148 (2021) Kat:3, Licht: 0","6148","3","6","2","01","12","2","","0","0","1","0","0"
"POINT (10.026870758000030 53.519554340000070)","Unfall 6150 (2021) Kat:3, Licht: 0","6150","3","6","2","07","11","5","","0","0","1","0","0"
"POINT (10.026709889000074 53.459628035000037)","Unfall 6161 (2021) Kat:2, Licht: 0","6161","2","6","2","03","15","3","","0","0","0","0","0"
"POINT (9.986588679000022 53.547718198000041)","Unfall 6171 (2021) Kat:3, Licht: 2","6171","3","3","5","06","01","2","","2","0","1","0","0"
"POINT (9.962136471000065 53.448313032000044)","Unfall 6186 (2021) Kat:3, Licht: 0","6186","3","6","2","04","13","5","","0","0","1","0","0"
"POINT (9.931295343000045 53.629137227000058)","Unfall 6190 (2021) Kat:3, Licht: 2","6190","3","2","2","08","21","4","","2","0","1","0","0"
"POINT (9.968713543000035 53.585735310000075)","Unfall 6191 (2021) Kat:3, Licht: 0","6191","3","7","3","01","15","5","","0","0","1","0","0"
"POINT (9.930169211000077 53.525288080000053)","Unfall 6196 (2021) Kat:3, Licht: 0","6196","3","1","0","07","11","7","","0","0","0","0","1"
"POINT (10.028236745000072 53.569329882000034)","Unfall 6205 (2021) Kat:3, Licht: 0","6205","3","6","2","03","08","2","","0","0","1","0","0"
"POINT (10.029221079000024 53.517014964000055)","Unfall 6217 (2021) Kat:3, Licht: 0","6217","3","6","2","06","17","3","","0","0","1","0","1"
"POINT (10.006822156000055 53.591533309000056)","Unfall 6221 (2021) Kat:3, Licht: 0","6221","3","2","2","09","08","7","","0","0","1","0","1"
"POINT (10.027222114000040 53.457852422000030)","Unfall 6222 (2021) Kat:3, Licht: 0","6222","3","6","2","02","15","6","","0","0","0","0","0"
"POINT (9.928025453000032 53.592849394000041)","Unfall 6232 (2021) Kat:3, Licht: 0","6232","3","2","3","07","13","3","","0","1","0","0","0"
"POINT (10.000875481000037 53.613887351000074)","Unfall 6236 (2021) Kat:3, Licht: 0","6236","3","6","2","04","12","5","","0","0","1","0","0"
"POINT (10.029572847000054 53.541395916000056)","Unfall 6240 (2021) Kat:3, Licht: 0","6240","3","6","2","08","12","7","","0","0","1","0","0"
"POINT (9.972063389000027 53.645420242000057)","Unfall 6253 (2021) Kat:3, Licht: 0","6253","3","6","2","07","14","6","","0","0","1","0","0"
"POINT (9.935455017000038 53.437367581000046)","Unfall 6266 (2021) Kat:2, Licht: 0","6266","2","6","4","05","13","5","","0","0","1","0","0"
"POINT (9.957828493000022 53.572490641000059)","Unfall 6269 (2021) Kat:3, Licht: 0","6269","3","3","5","09","16","4","","0","1","1","0","0"
"POINT (9.901760800000034 53.470962040000074)","Unfall 6270 (2021) Kat:3, Licht: 0","6270","3","6","2","02","08","6","","0","0","1","0","0"
"POINT (10.040749523000045 53.552593681000076)","Unfall 6273 (2021) Kat:3, Licht: 0","6273","3","2","4","07","12","1","","0","0","1","0","0"
"POINT (9.920772324000040 53.470633126000052)","Unfall 6282 (2021) Kat:3, Licht: 0","6282","3","3","3","04","06","6","","0","0","1","0","0"
"POINT (10.025554546000023 53.552807648000055)","Unfall 6284 (2021) Kat:3, Licht: 0","6284","3","6","2","08","12","3","","0","0","1","0","0"
"POINT (10.028471167000021 53.547816775000058)","Unfall 6294 (2021) Kat:2, Licht: 0","6294","2","2","5","06","08","3","","0","0","1","0","0"
"POINT (9.931727855000076 53.433873564000066)","Unfall 6327 (2021) Kat:3, Licht: 2","6327","3","6","3","06","00","4","","2","0","1","0","0"
"POINT (9.922100798000031 53.594034071000067)","Unfall 6330 (2021) Kat:3, Licht: 0","6330","3","6","3","09","17","4","","0","0","1","0","0"
"POINT (9.839725188000045 53.472259867000048)","Unfall 6331 (2021) Kat:3, Licht: 0","6331","3","2","3","02","16","6","","0","1","1","0","0"
"POINT (10.025773057000038 53.462884460000055)","Unfall 6334 (2021) Kat:3, Licht: 0","6334","3","6","2","07","16","1","","0","0","1","0","0"
"POINT (10.032835296000030 53.512675019000028)","Unfall 6343 (2021) Kat:3, Licht: 0","6343","3","1","0","04","11","3","","0","0","1","0","0"
"POINT (9.917567511000072 53.609173955000074)","Unfall 6345 (2021) Kat:3, Licht: 0","6345","3","6","3","08","09","4","","0","0","1","0","0"
"POINT (10.017619996000064 53.586452164000036)","Unfall 6357 (2021) Kat:3, Licht: 0","6357","3","6","2","06","09","4","","0","0","1","0","1"
"POINT (9.967139789000043 53.468272035000041)","Unfall 6371 (2021) Kat:3, Licht: 0","6371","3","2","3","05","13","5","","0","1","0","0","0"
"POINT (9.887628493000022 53.471993224000073)","Unfall 6375 (2021) Kat:3, Licht: 0","6375","3","6","2","09","09","4","","0","0","1","0","0"
"POINT (9.959462820000056 53.574696008000046)","Unfall 6376 (2021) Kat:2, Licht: 2","6376","2","2","5","01","21","3","","2","0","1","0","0"
"POINT (9.930341992000024 53.648468258000037)","Unfall 6380 (2021) Kat:3, Licht: 0","6380","3","6","3","07","15","6","","0","0","1","0","0"
"POINT (9.904144263000035 53.573260505000064)","Unfall 6391 (2021) Kat:3, Licht: 0","6391","3","6","2","03","17","4","","0","0","1","0","0"
"POINT (10.017026626000074 53.545324863000076)","Unfall 6402 (2021) Kat:3, Licht: 0","6402","3","6","3","06","12","6","","0","0","1","0","1"
"POINT (9.964298574000054 53.556436949000044)","Unfall 6416 (2021) Kat:3, Licht: 0","6416","3","3","5","05","10","5","","0","1","1","0","0"
"POINT (9.984145310000031 53.600840228000038)","Unfall 6420 (2021) Kat:3, Licht: 0","6420","3","3","5","08","17","3","","0","1","1","0","0"
"POINT (9.945090406000077 53.440661351000074)","Unfall 6421 (2021) Kat:3, Licht: 2","6421","3","6","2","01","17","2","","2","0","1","0","0"
"POINT (9.991393883000057 53.547197116000063)","Unfall 6426 (2021) Kat:3, Licht: 0","6426","3","6","3","07","15","2","","0","0","1","0","0"
"POINT (10.071400867000023 53.559468603000028)","Unfall 6446 (2021) Kat:2, Licht: 0","6446","2","7","8","05","08","5","","0","0","1","0","0"
"POINT (9.910549596000067 53.616617404000067)","Unfall 6450 (2021) Kat:3, Licht: 0","6450","3","6","2","09","14","1","","0","0","1","0","0"
"POINT (10.034474542000055 53.564192630000036)","Unfall 6451 (2021) Kat:2, Licht: 0","6451","2","2","5","02","15","7","","0","1","0","0","0"
"POINT (9.964136063000069 53.556917402000067)","Unfall 6461 (2021) Kat:3, Licht: 0","6461","3","3","5","07","17","2","","0","1","1","0","0"
"POINT (10.026328026000044 53.531927774000053)","Unfall 6465 (2021) Kat:3, Licht: 0","6465","3","6","2","04","07","2","","0","0","1","0","0"
"POINT (9.973505351000028 53.549719299000060)","Unfall 6469 (2021) Kat:3, Licht: 0","6469","3","1","0","08","08","5","","0","0","0","0","1"
"POINT (9.969708038000022 53.584025969000038)","Unfall 6482 (2021) Kat:3, Licht: 2","6482","3","2","5","06","01","1","","2","0","1","0","0"
"POINT (9.917355636000025 53.542363567000052)","Unfall 6495 (2021) Kat:3, Licht: 0","6495","3","6","2","05","08","2","","0","0","1","0","0"
"POINT (9.931342366000024 53.563447129000053)","Unfall 6499 (2021) Kat:3, Licht: 0","6499","3","2","0","09","17","3","","0","1","0","0","0"
"POINT (9.915963957000031 53.476959962000080)","Unfall 6500 (2021) Kat:2, Licht: 0","6500","2","7","8","01","15","2","","0","0","0","0","0"
"POINT (9.976381739000033 53.549399552000068)","Unfall 6502 (2021) Kat:3, Licht: 1","6502","3","6","4","08","20","5","","1","1","0","0","0"
"POINT (9.948494324000023 53.562350684000080)","Unfall 6511 (2021) Kat:3, Licht: 0","6511","3","6","3","04","14","7","","0","1","0","0","0"
"POINT (9.973008022000045 53.549792786000069)","Unfall 6513 (2021) Kat:3, Licht: 2","6513","3","6","2","08","00","3","","2","0","1","0","0"
"POINT (10.025579853000067 53.551935606000029)","Unfall 6523 (2021) Kat:3, Licht: 2","6523","3","3","5","06","23","6","","2","1","1","0","0"
"POINT (10.035066011000026 53.509996918000070)","Unfall 6539 (2021) Kat:3, Licht: 0","6539","3","6","3","05","16","3","","0","0","1","0","0"
"POINT (10.076952043000063 53.713878721000071)","Unfall 6543 (2021) Kat:2, Licht: 0","6543","2","3","5","09","14","4","","0","1","1","0","0"
"POINT (10.010740802000043 53.622031063000065)","Unfall 6544 (2021) Kat:3, Licht: 2","6544","3","7","3","01","17","3","","2","0","1","0","0"
"POINT (9.925554687000044 53.635261030000038)","Unfall 6549 (2021) Kat:3, Licht: 0","6549","3","1","8","07","17","6","","0","0","1","0","0"
"POINT (9.950278163000064 53.572670921000054)","Unfall 6559 (2021) Kat:3, Licht: 0","6559","3","3","5","03","06","3","","0","1","1","0","0"
"POINT (9.964211362000071 53.556694785000047)","Unfall 6569 (2021) Kat:3, Licht: 0","6569","3","7","0","06","13","7","","0","1","0","0","0"
"POINT (9.901594536000061 53.470971885000040)","Unfall 6584 (2021) Kat:3, Licht: 0","6584","3","6","2","04","19","3","","0","0","1","0","0"
"POINT (10.022569861000022 53.478108068000040)","Unfall 6588 (2021) Kat:2, Licht: 2","6588","2","7","8","09","00","4","","2","0","1","0","0"
"POINT (9.964288734000036 53.599507384000049)","Unfall 6593 (2021) Kat:3, Licht: 0","6593","3","7","0","07","13","7","","0","1","0","0","0"
"POINT (9.899675243000047 53.565023722000035)","Unfall 6605 (2021) Kat:3, Licht: 0","6605","3","6","3","04","14","6","","0","0","1","0","0"
"POINT (10.006568507000054 53.617507865000050)","Unfall 6609 (2021) Kat:3, Licht: 0","6609","3","6","2","09","17","1","","0","0","1","0","0"
"POINT (9.900150158000031 53.565064803000041)","Unfall 6610 (2021) Kat:3, Licht: 1","6610","3","2","5","01","20","2","","1","0","1","0","0"
"POINT (10.027344398000025 53.533495943000048)","Unfall 6614 (2021) Kat:3, Licht: 0","6614","3","3","5","07","06","2","","0","1","1","0","0"
"POINT (10.027351166000074 53.533503374000077)","Unfall 6624 (2021) Kat:3, Licht: 0","6624","3","3","5","03","17","1","","0","0","1","0","0"
"POINT (10.199215844000037 53.492485137000074)","Unfall 6634 (2021) Kat:3, Licht: 2","6634","3","5","1","06","22","5","","2","1","1","0","0"
"POINT (10.206399238000074 53.488240422000047)","Unfall 6648 (2021) Kat:2, Licht: 0","6648","2","4","6","04","15","2","","0","0","1","1","0"
"POINT (9.923548904000029 53.596378120000054)","Unfall 6652 (2021) Kat:3, Licht: 0","6652","3","6","2","09","13","4","","0","0","1","0","0"
"POINT (10.056870086000060 53.509296507000045)","Unfall 6657 (2021) Kat:3, Licht: 0","6657","3","6","2","07","12","6","","0","0","1","0","0"
"POINT (9.923154774000068 53.632451300000071)","Unfall 6677 (2021) Kat:3, Licht: 0","6677","3","6","2","05","14","7","","0","0","1","0","0"
"POINT (9.907067577000021 53.575262568000028)","Unfall 6680 (2021) Kat:2, Licht: 0","6680","2","6","2","09","16","2","","0","0","0","0","0"
"POINT (9.901245861000064 53.470998928000029)","Unfall 6681 (2021) Kat:2, Licht: 0","6681","2","2","4","02","15","5","","0","0","1","0","0"
"POINT (10.032571517000065 53.540304405000029)","Unfall 6691 (2021) Kat:3, Licht: 2","6691","3","2","5","06","00","4","","2","0","1","0","0"
"POINT (9.938959039000054 53.431432082000072)","Unfall 6695 (2021) Kat:3, Licht: 0","6695","3","6","3","04","08","4","","0","0","1","0","0"
"POINT (9.988627003000033 53.547369935000063)","Unfall 6699 (2021) Kat:3, Licht: 2","6699","3","2","3","08","23","7","","2","0","1","0","0"
"POINT (9.967829378000033 53.589182209000057)","Unfall 6712 (2021) Kat:3, Licht: 0","6712","3","3","5","06","09","4","","0","1","0","0","0"
"POINT (10.204575070000033 53.488312115000042)","Unfall 6725 (2021) Kat:3, Licht: 0","6725","3","3","5","05","10","3","","0","0","1","0","0"
"POINT (9.955460779000020 53.611723326000060)","Unfall 6729 (2021) Kat:3, Licht: 0","6729","3","6","2","09","15","7","","0","0","1","0","0"
"POINT (10.228353799000047 53.488077512000075)","Unfall 6730 (2021) Kat:3, Licht: 0","6730","3","6","2","01","07","7","","0","0","0","0","1"
"POINT (10.027338564000047 53.570041446000062)","Unfall 6732 (2021) Kat:3, Licht: 0","6732","3","3","5","08","16","3","","0","0","1","0","0"
"POINT (9.944895870000039 53.563970570000038)","Unfall 6743 (2021) Kat:3, Licht: 0","6743","3","3","5","03","09","6","","0","0","1","0","0"
"POINT (10.142128930000069 53.536722698000062)","Unfall 6745 (2021) Kat:3, Licht: 0","6745","3","6","2","08","14","3","","0","0","0","0","0"
"POINT (9.909780612000077 53.627317067000035)","Unfall 6757 (2021) Kat:3, Licht: 0","6757","3","2","3","06","09","2","","0","1","1","0","0"
"POINT (9.926793993000047 53.517051269000035)","Unfall 6773 (2021) Kat:3, Licht: 0","6773","3","6","3","05","13","2","","0","0","1","0","0"
"POINT (10.019031343000051 53.583820516000060)","Unfall 6777 (2021) Kat:3, Licht: 0","6777","3","4","6","08","16","3","","0","1","0","1","0"
"POINT (9.969506164000052 53.583986454000069)","Unfall 6778 (2021) Kat:3, Licht: 0","6778","3","3","5","01","12","3","","0","0","1","0","0"
"POINT (10.036417228000062 53.496719587000030)","Unfall 6783 (2021) Kat:3, Licht: 0","6783","3","6","2","07","18","6","","0","0","1","0","0"
"POINT (9.868557140000064 53.471656683000049)","Unfall 6793 (2021) Kat:3, Licht: 0","6793","3","2","3","03","13","5","","0","1","1","0","0"
"POINT (9.994336937000071 53.547341794000033)","Unfall 6804 (2021) Kat:2, Licht: 0","6804","2","6","3","06","18","3","","0","1","0","0","0"
"POINT (9.967517459000021 53.590575977000071)","Unfall 6808 (2021) Kat:3, Licht: 0","6808","3","7","3","09","11","2","","0","0","1","0","0"
"POINT (9.854980091000073 53.572020606000081)","Unfall 6821 (2021) Kat:3, Licht: 0","6821","3","2","5","04","16","3","","0","1","1","0","0"
"POINT (10.022793882000030 53.479498534000072)","Unfall 6826 (2021) Kat:3, Licht: 0","6826","3","6","3","08","13","2","","0","0","1","0","0"
"POINT (9.916769712000075 53.470472627000049)","Unfall 6831 (2021) Kat:3, Licht: 2","6831","3","4","9","07","00","7","","2","0","1","1","0"
"POINT (10.032632490000026 53.539593694000075)","Unfall 6850 (2021) Kat:3, Licht: 0","6850","3","7","0","05","18","2","","0","1","0","0","0"
"POINT (9.986970700000029 53.547654722000061)","Unfall 6853 (2021) Kat:3, Licht: 0","6853","3","6","2","09","08","7","","0","0","1","0","0"
"POINT (9.907531268000071 53.617877895000049)","Unfall 6854 (2021) Kat:3, Licht: 0","6854","3","2","4","02","13","3","","0","0","1","0","0"
"POINT (10.082702992000065 53.545453870000074)","Unfall 6866 (2021) Kat:3, Licht: 2","6866","3","5","1","04","05","4","","2","0","0","0","0"
"POINT (9.976902722000034 53.549376035000080)","Unfall 6868 (2021) Kat:3, Licht: 0","6868","3","6","4","08","07","2","","0","1","0","0","0"
"POINT (9.989245789000051 53.457369652000068)","Unfall 6878 (2021) Kat:3, Licht: 0","6878","3","7","0","07","14","6","","0","1","0","0","0"
"POINT (10.148729750000030 53.548258732000079)","Unfall 6891 (2021) Kat:3, Licht: 0","6891","3","6","3","05","14","5","","0","0","1","0","0"
"POINT (9.988714092000066 53.457879006000041)","Unfall 6895 (2021) Kat:3, Licht: 2","6895","3","2","4","09","05","4","","2","0","1","0","0"
"POINT (9.966969312000060 53.582734567000045)","Unfall 6896 (2021) Kat:3, Licht: 2","6896","3","1","4","01","18","6","","2","0","1","0","0"
"POINT (9.931136919000039 53.645914443000038)","Unfall 6908 (2021) Kat:3, Licht: 0","6908","3","3","4","06","17","4","","0","0","1","0","0"
"POINT (9.980509082000026 53.464104669000051)","Unfall 6911 (2021) Kat:2, Licht: 2","6911","2","6","3","09","20","6","","2","0","0","0","1"
"POINT (9.917058324000038 53.542197850000036)","Unfall 6912 (2021) Kat:3, Licht: 0","6912","3","6","2","02","13","6","","0","0","1","0","0"
"POINT (10.040611179000052 53.555436368000073)","Unfall 6925 (2021) Kat:3, Licht: 2","6925","3","3","5","04","01","1","","2","0","1","0","0"
"POINT (9.923458488000051 53.634083078000060)","Unfall 6928 (2021) Kat:3, Licht: 0","6928","3","6","3","08","14","5","","0","0","1","0","0"
"POINT (10.028228590000026 53.453287594000074)","Unfall 6939 (2021) Kat:3, Licht: 0","6939","3","6","2","06","16","2","","0","0","1","0","0"
"POINT (10.235587286000055 53.488522713000066)","Unfall 6950 (2021) Kat:2, Licht: 0","6950","2","3","5","05","12","3","","0","1","1","0","0"
"POINT (10.026440538000031 53.551571041000045)","Unfall 6954 (2021) Kat:3, Licht: 0","6954","3","3","5","09","19","1","","0","0","1","0","1"
"POINT (9.932692978000034 53.586015325000062)","Unfall 6955 (2021) Kat:3, Licht: 0","6955","3","2","3","01","12","5","","0","1","1","0","0"
"POINT (9.917149277000021 53.515203988000053)","Unfall 6958 (2021) Kat:3, Licht: 0","6958","3","6","2","07","05","2","","0","0","1","0","0"
"POINT (9.970225958000071 53.550664806000043)","Unfall 6968 (2021) Kat:3, Licht: 0","6968","3","6","2","03","09","6","","0","0","1","0","0"
"POINT (9.923644961000036 53.470660776000045)","Unfall 6979 (2021) Kat:3, Licht: 0","6979","3","7","3","06","14","1","","0","0","1","0","1"
"POINT (9.962566042000049 53.469548595000049)","Unfall 6994 (2021) Kat:3, Licht: 0","6994","3","4","6","05","08","3","","0","0","0","1","0"
"POINT (9.946555738000029 53.649237136000067)","Unfall 6998 (2021) Kat:3, Licht: 0","6998","3","6","3","08","14","5","","0","0","1","0","0"
"POINT (9.961347492000073 53.605251073000034)","Unfall 6999 (2021) Kat:2, Licht: 0","6999","2","2","3","01","13","7","","0","0","1","0","0"
"POINT (10.026015131000065 53.520506000000069)","Unfall 7004 (2021) Kat:3, Licht: 0","7004","3","6","2","07","13","1","","0","0","1","0","0"
"POINT (9.826350138000066 53.575874431000045)","Unfall 7014 (2021) Kat:3, Licht: 0","7014","3","3","5","09","12","1","","0","1","1","0","0"
"POINT (9.932991749000053 53.527881072000071)","Unfall 7015 (2021) Kat:3, Licht: 0","7015","3","6","3","03","11","5","","0","0","1","0","0"
"POINT (9.983920749000049 53.595328064000057)","Unfall 7026 (2021) Kat:3, Licht: 0","7026","3","6","2","06","09","7","","0","0","1","0","0"
"POINT (10.001575870000067 53.547511191000069)","Unfall 7030 (2021) Kat:3, Licht: 0","7030","3","3","5","09","08","6","","0","1","1","0","0"
"POINT (9.962822597000070 53.601364463000039)","Unfall 7031 (2021) Kat:3, Licht: 0","7031","3","6","3","03","16","2","","0","0","0","0","0"
"POINT (9.937494352000044 53.647665147000055)","Unfall 7044 (2021) Kat:3, Licht: 0","7044","3","6","2","04","16","3","","0","0","1","0","0"