WKT,Name,OBJECTID,UKATEGORIE,UTYP1,UART,UMONAT,USTUNDE,UWOCHENTAG,STRZUSTAND,ULICHTVERH,ISTRAD,ISTPKW,ISTFUSS,ISTKRAD
"POINT (9.956140491000042 53.570412969000074)","Unfall 7048 (2021) Kat:3, Licht: 2","7048","3","3","5","08","22","6","","2","1","1","0","0"
"POINT (9.991360299000064 53.592919223000081)","Unfall 7053 (2021) Kat:3, Licht: 0","7053","3","3","5","07","09","6","","0","0","1","0","0"
"POINT (9.988860219000060 53.457554515000027)","Unfall 7073 (2021) Kat:3, Licht: 0","7073","3","6","2","06","07","3","","0","0","1","0","0"
"POINT (9.821402880000051 53.576651095000045)","Unfall 7076 (2021) Kat:3, Licht: 0","7076","3","6","3","09","09","4","","0","0","1","0","0"
"POINT (9.984712852000030 53.601195722000057)","Unfall 7077 (2021) Kat:3, Licht: 1","7077","3","6","3","02","17","5","","1","0","1","0","1"
"POINT (10.017565791000038 53.586540726000067)","Unfall 7080 (2021) Kat:3, Licht: 0","7080","3","2","4","08","15","3","","0","1","1","0","0"
"POINT (9.845616381000070 53.472753543000067)","Unfall 7088 (2021) Kat:3, Licht: 0","7088","3","3","5","04","13","7","","0","0","1","0","0"
"POINT (10.006078688000059 53.617215233000081)","Unfall 7090 (2021) Kat:3, Licht: 0","7090","3","7","0","08","12","6","","0","1","0","0","0"
"POINT (9.878150282000036 53.471987053000078)","Unfall 7102 (2021) Kat:3, Licht: 0","7102","3","6","2","07","14","5","","0","0","1","0","0"
"POINT (9.922775869000077 53.600218685000073)","Unfall 7118 (2021) Kat:3, Licht: 0","7118","3","6","3","05","10","3","","0","0","1","0","0"
"POINT (10.032348610000042 53.540440864000061)","Unfall 7122 (2021) Kat:2, Licht: 2","7122","2","3","5","09","00","7","","2","0","1","0","0"
"POINT (9.936567667000077 53.432264634000035)","Unfall 7123 (2021) Kat:2, Licht: 2","7123","2","1","9","01","20","7","","2","0","1","0","0"
"POINT (9.957090769000047 53.571481426000048)","Unfall 7127 (2021) Kat:2, Licht: 0","7127","2","3","5","07","16","7","","0","1","1","0","0"
"POINT (10.231546716000025 53.488272953000035)","Unfall 7138 (2021) Kat:2, Licht: 2","7138","2","7","0","03","21","2","","2","0","1","0","0"
"POINT (9.901476284000069 53.564817417000029)","Unfall 7149 (2021) Kat:3, Licht: 0","7149","3","7","3","06","14","6","","0","0","1","0","0"
"POINT (9.933755632000043 53.434758951000049)","Unfall 7163 (2021) Kat:3, Licht: 0","7163","3","6","3","05","06","4","","0","0","1","0","0"
"POINT (9.966974639000057 53.468324805000066)","Unfall 7168 (2021) Kat:3, Licht: 0","7168","3","3","5","08","10","1","","0","1","1","0","0"
"POINT (9.839546641000027 53.472244955000065)","Unfall 7169 (2021) Kat:3, Licht: 0","7169","3","7","6","01","12","4","","0","0","1","1","0"
"POINT (10.140630910000027 53.534960061000049)","Unfall 7174 (2021) Kat:3, Licht: 0","7174","3","6","2","07","13","2","","0","0","1","0","0"
"POINT (10.022480792000067 53.574129406000054)","Unfall 7190 (2021) Kat:3, Licht: 0","7190","3","3","5","07","17","4","","0","1","1","0","0"
"POINT (9.923354791000065 53.598308321000047)","Unfall 7200 (2021) Kat:2, Licht: 0","7200","2","1","3","03","15","2","","0","0","1","0","0"
"POINT (9.965793724000036 53.553169437000065)","Unfall 7211 (2021) Kat:3, Licht: 0","7211","3","1","0","06","20","1","","0","0","0","0","0"
"POINT (9.999418113000047 53.594527006000078)","Unfall 7225 (2021) Kat:3, Licht: 2","7225","3","7","0","05","22","3","","2","0","0","0","1"
"POINT (10.038815327000066 53.500744098000041)","Unfall 7230 (2021) Kat:3, Licht: 2","7230","3","1","9","08","00","7","","2","0","1","0","0"
"POINT (9.933537826000077 53.531471931000056)","Unfall 7231 (2021) Kat:2, Licht: 2","7231","2","1","9","01","19","4","","2","0","0","0","0"
"POINT (10.031410841000024 53.566746826000042)","Unfall 7236 (2021) Kat:3, Licht: 0","7236","3","6","3","07","07","5","","0","1","0","0","0"
"POINT (9.955642252000075 53.570490447000054)","Unfall 7245 (2021) Kat:3, Licht: 2","7245","3","6","2","09","20","7","","2","0","1","0","0"
"POINT (9.923200063000024 53.595162453000057)","Unfall 7246 (2021) Kat:3, Licht: 2","7246","3","7","2","03","06","5","","2","0","1","0","0"
"POINT (9.929171235000069 53.591936220000036)","Unfall 7258 (2021) Kat:3, Licht: 0","7258","3","3","5","06","19","4","","0","0","1","0","0"
"POINT (9.986675550000029 53.547704267000029)","Unfall 7262 (2021) Kat:3, Licht: 0","7262","3","3","5","09","14","1","","0","0","1","0","0"
"POINT (9.920795209000062 53.592770846000064)","Unfall 7263 (2021) Kat:3, Licht: 0","7263","3","6","2","03","13","5","","0","0","1","0","0"
"POINT (9.818539113000043 53.577104187000032)","Unfall 7273 (2021) Kat:3, Licht: 0","7273","3","7","0","07","13","4","","0","1","0","0","0"
"POINT (10.031906598000035 53.540070996000054)","Unfall 7277 (2021) Kat:3, Licht: 0","7277","3","6","2","04","09","3","","0","0","1","0","0"
"POINT (9.952202209000063 53.561860519000049)","Unfall 7281 (2021) Kat:3, Licht: 0","7281","3","4","6","08","13","1","","0","1","0","1","0"
"POINT (9.897232434000045 53.554257426000049)","Unfall 7306 (2021) Kat:3, Licht: 0","7306","3","6","2","05","13","2","","0","0","1","0","0"
"POINT (10.006676759000072 53.591566180000029)","Unfall 7309 (2021) Kat:3, Licht: 0","7309","3","2","4","09","15","3","","0","0","1","0","0"
"POINT (10.036328448000063 53.496612106000043)","Unfall 7310 (2021) Kat:3, Licht: 2","7310","3","1","9","02","05","3","","2","0","1","0","0"
"POINT (9.907519875000048 53.617834080000080)","Unfall 7313 (2021) Kat:3, Licht: 0","7313","3","3","5","07","15","7","","0","0","1","0","0"
"POINT (10.028123776000029 53.569412661000058)","Unfall 7322 (2021) Kat:3, Licht: 0","7322","3","2","3","04","18","3","","0","0","1","0","0"
"POINT (10.020937107000066 53.575476493000053)","Unfall 7324 (2021) Kat:3, Licht: 0","7324","3","6","1","08","18","6","","0","0","1","0","0"
"POINT (10.209268474000055 53.487824982000063)","Unfall 7336 (2021) Kat:3, Licht: 0","7336","3","1","0","06","13","3","","0","1","0","0","0"
"POINT (9.919075782000050 53.606542495000042)","Unfall 7351 (2021) Kat:3, Licht: 0","7351","3","6","3","05","10","5","","0","0","1","0","0"
"POINT (10.000035964000062 53.594361063000065)","Unfall 7355 (2021) Kat:3, Licht: 0","7355","3","6","4","09","18","2","","0","1","0","0","0"
"POINT (9.944047236000074 53.563169377000065)","Unfall 7356 (2021) Kat:3, Licht: 2","7356","3","5","1","01","22","7","","2","1","1","0","0"
"POINT (10.215361851000068 53.486075977000041)","Unfall 7360 (2021) Kat:3, Licht: 0","7360","3","5","1","07","11","4","","0","0","1","0","0"
"POINT (9.982403456000043 53.647838508000063)","Unfall 7370 (2021) Kat:3, Licht: 0","7370","3","6","2","03","08","3","","0","0","1","0","0"
"POINT (9.858711746000040 53.571899723000058)","Unfall 7380 (2021) Kat:3, Licht: 0","7380","3","3","5","06","18","6","","0","1","1","0","0"
"POINT (9.988757900000053 53.457816962000038)","Unfall 7394 (2021) Kat:3, Licht: 2","7394","3","6","3","05","22","6","","2","0","1","0","0"
"POINT (9.876099316000023 53.570364856000026)","Unfall 7398 (2021) Kat:3, Licht: 0","7398","3","2","3","08","19","3","","0","1","1","0","0"
"POINT (10.025943179000024 53.551408277000064)","Unfall 7399 (2021) Kat:3, Licht: 0","7399","3","3","5","01","10","7","","0","0","1","0","0"
"POINT (9.915763300000037 53.583812452000075)","Unfall 7404 (2021) Kat:3, Licht: 0","7404","3","6","2","07","17","5","","0","0","1","0","0"
"POINT (9.905713672000047 53.574316670000030)","Unfall 7424 (2021) Kat:3, Licht: 0","7424","3","6","2","06","16","4","","0","0","1","0","0"
"POINT (10.021596931000033 53.543496277000031)","Unfall 7427 (2021) Kat:3, Licht: 0","7427","3","6","2","09","18","6","","0","0","1","0","0"
"POINT (9.909112527000048 53.643102528000043)","Unfall 7428 (2021) Kat:2, Licht: 0","7428","2","2","4","02","15","6","","0","0","1","0","1"
"POINT (10.003654830000073 53.547465038000041)","Unfall 7438 (2021) Kat:3, Licht: 0","7438","3","6","3","07","08","3","","0","0","1","0","0"
"POINT (10.025629367000022 53.551831236000055)","Unfall 7442 (2021) Kat:3, Licht: 2","7442","3","3","5","04","21","2","","2","0","1","0","0"
"POINT (9.961313219000033 53.576858573000038)","Unfall 7446 (2021) Kat:3, Licht: 0","7446","3","1","0","08","17","2","","0","0","0","0","1"
"POINT (9.893026888000065 53.471793532000049)","Unfall 7458 (2021) Kat:3, Licht: 0","7458","3","1","8","07","18","5","","0","0","1","0","0"
"POINT (9.909629288000076 53.641570494000064)","Unfall 7470 (2021) Kat:3, Licht: 0","7470","3","7","0","05","19","4","","0","1","0","0","0"
"POINT (9.991851787000030 53.547213758000055)","Unfall 7474 (2021) Kat:3, Licht: 0","7474","3","6","2","09","16","3","","0","0","1","0","0"
"POINT (9.832309957000064 53.471532166000031)","Unfall 7475 (2021) Kat:3, Licht: 2","7475","3","2","6","01","18","3","","2","0","1","1","0"
"POINT (10.000655584000071 53.547621800000059)","Unfall 7477 (2021) Kat:3, Licht: 0","7477","3","3","5","07","18","6","","0","0","1","0","0"
"POINT (9.888006729000040 53.624358228000062)","Unfall 7485 (2021) Kat:2, Licht: 1","7485","2","6","3","10","17","2","","1","0","1","0","0"
"POINT (9.929991909000023 53.536632259000044)","Unfall 7495 (2021) Kat:3, Licht: 2","7495","3","6","2","11","17","5","","2","0","1","0","0"
"POINT (10.017885136000075 53.586023774000068)","Unfall 7497 (2021) Kat:2, Licht: 2","7497","2","7","0","12","02","7","","2","0","0","0","0"
"POINT (9.932928025000024 53.585555801000055)","Unfall 7503 (2021) Kat:3, Licht: 0","7503","3","6","1","10","08","4","","0","0","1","0","0"
"POINT (9.950340898000036 53.562096085000064)","Unfall 7511 (2021) Kat:3, Licht: 0","7511","3","4","6","11","16","2","","0","0","0","1","0"
"POINT (9.957681932000071 53.572289150000074)","Unfall 7522 (2021) Kat:3, Licht: 1","7522","3","6","3","11","07","3","","1","1","0","0","0"
"POINT (10.037045965000061 53.561533233000034)","Unfall 7527 (2021) Kat:3, Licht: 0","7527","3","2","5","10","14","6","","0","1","1","0","0"
"POINT (10.011182831000042 53.623153193000064)","Unfall 7536 (2021) Kat:3, Licht: 0","7536","3","1","9","11","12","3","","0","0","1","0","0"
"POINT (10.000214224000047 53.547641840000040)","Unfall 7538 (2021) Kat:3, Licht: 2","7538","3","6","2","12","05","7","","2","0","1","0","0"
"POINT (9.938431161000040 53.576004133000026)","Unfall 7542 (2021) Kat:3, Licht: 0","7542","3","3","5","10","08","3","","0","1","1","0","0"
"POINT (9.997105289000046 53.547536141000080)","Unfall 7549 (2021) Kat:3, Licht: 0","7549","3","2","4","11","14","5","","0","1","1","0","0"
"POINT (9.865216510000039 53.571650397000042)","Unfall 7551 (2021) Kat:3, Licht: 2","7551","3","3","5","12","16","2","","2","1","0","0","0"
"POINT (9.973362715000064 53.549744476000058)","Unfall 7557 (2021) Kat:3, Licht: 0","7557","3","7","5","10","18","5","","0","1","1","0","0"
"POINT (9.948596563000024 53.562328477000051)","Unfall 7562 (2021) Kat:3, Licht: 0","7562","3","2","0","10","16","7","","0","0","1","0","0"
"POINT (9.957058617000030 53.571436981000033)","Unfall 7564 (2021) Kat:3, Licht: 1","7564","3","7","0","11","17","4","","1","1","0","0","0"
"POINT (9.931515907000062 53.645903634000035)","Unfall 7576 (2021) Kat:3, Licht: 0","7576","3","6","2","11","15","7","","0","0","1","0","1"
"POINT (9.979798929000026 53.549122179000051)","Unfall 7578 (2021) Kat:3, Licht: 0","7578","3","6","3","12","11","5","","0","0","1","0","0"
"POINT (9.988367222000022 53.592443063000076)","Unfall 7582 (2021) Kat:3, Licht: 0","7582","3","3","5","10","09","5","","0","0","0","0","1"
"POINT (10.003159235000055 53.592360612000050)","Unfall 7586 (2021) Kat:2, Licht: 0","7586","2","2","3","11","07","2","","0","1","1","0","0"
"POINT (9.906202996000047 53.470882158000052)","Unfall 7597 (2021) Kat:3, Licht: 1","7597","3","3","5","12","16","5","","1","0","1","0","0"
"POINT (10.010572871000022 53.621613448000062)","Unfall 7603 (2021) Kat:3, Licht: 2","7603","3","6","2","10","17","5","","2","0","1","0","0"
"POINT (10.025567347000049 53.551966081000046)","Unfall 7612 (2021) Kat:3, Licht: 2","7612","3","3","5","11","20","4","","2","1","1","0","0"
"POINT (10.010265858000025 53.547971340000061)","Unfall 7614 (2021) Kat:3, Licht: 2","7614","3","3","5","12","17","2","","2","1","1","0","0"
"POINT (9.963212167000052 53.558403167000051)","Unfall 7618 (2021) Kat:3, Licht: 0","7618","3","6","4","10","14","3","","0","1","0","0","0"
"POINT (9.907740493000063 53.618678560000035)","Unfall 7625 (2021) Kat:3, Licht: 2","7625","3","6","2","11","17","7","","2","0","1","0","0"
"POINT (9.923058501000071 53.634620618000042)","Unfall 7627 (2021) Kat:3, Licht: 2","7627","3","3","5","12","17","7","","2","0","1","0","0"
"POINT (9.871560116000069 53.471763408000072)","Unfall 7633 (2021) Kat:2, Licht: 0","7633","2","3","5","10","07","6","","0","1","1","0","0"
"POINT (9.841209239000023 53.472423290000052)","Unfall 7639 (2021) Kat:3, Licht: 0","7639","3","7","3","10","13","1","","0","0","1","0","0"
"POINT (10.002117883000039 53.592610683000032)","Unfall 7641 (2021) Kat:3, Licht: 0","7641","3","2","3","11","12","2","","0","1","0","0","0"
"POINT (9.950330697000027 53.572641768000040)","Unfall 7652 (2021) Kat:3, Licht: 0","7652","3","3","5","12","12","6","","0","0","1","0","0"
"POINT (9.949487430000033 53.650388400000054)","Unfall 7658 (2021) Kat:3, Licht: 0","7658","3","6","2","10","08","5","","0","0","1","0","0"
"POINT (9.966671418000033 53.593748202000029)","Unfall 7667 (2021) Kat:3, Licht: 0","7667","3","3","5","11","11","3","","0","0","1","0","0"
"POINT (9.922203396000043 53.515616656000077)","Unfall 7669 (2021) Kat:3, Licht: 0","7669","3","6","3","12","13","6","","0","0","1","0","0"
"POINT (9.988671330000045 53.547362229000043)","Unfall 7674 (2021) Kat:3, Licht: 0","7674","3","6","2","10","13","6","","0","0","1","0","0"
"POINT (9.986965643000076 53.547655571000064)","Unfall 7687 (2021) Kat:3, Licht: 0","7687","3","6","2","11","14","3","","0","0","1","0","0"
"POINT (10.147047139000051 53.543208909000043)","Unfall 7689 (2021) Kat:3, Licht: 2","7689","3","1","8","12","16","1","","2","0","1","0","0"
"POINT (9.936564908000037 53.522023950000062)","Unfall 7693 (2021) Kat:3, Licht: 0","7693","3","6","2","10","14","6","","0","0","0","0","0"
"POINT (10.041275103000032 53.552605391000043)","Unfall 7701 (2021) Kat:3, Licht: 0","7701","3","6","3","11","07","2","","0","0","1","0","0"
"POINT (9.953597997000031 53.571100963000049)","Unfall 7703 (2021) Kat:3, Licht: 0","7703","3","2","3","12","08","2","","0","1","1","0","0"
"POINT (9.914830799000072 53.564805179000075)","Unfall 7714 (2021) Kat:3, Licht: 0","7714","3","2","3","10","17","2","","0","1","1","0","0"
"POINT (9.832114290000050 53.574864594000076)","Unfall 7716 (2021) Kat:3, Licht: 2","7716","3","7","9","10","05","6","","2","0","1","0","0"
"POINT (9.854116799000053 53.572087963000058)","Unfall 7725 (2021) Kat:3, Licht: 0","7725","3","2","2","11","08","3","","0","0","1","0","0"
"POINT (9.950330697000027 53.572641768000040)","Unfall 7731 (2021) Kat:3, Licht: 0","7731","3","3","5","10","14","6","","0","1","1","0","0"
"POINT (10.003012659000035 53.615286657000070)","Unfall 7741 (2021) Kat:3, Licht: 2","7741","3","6","2","11","17","5","","2","0","1","0","0"
"POINT (9.986601335000046 53.547716201000071)","Unfall 7743 (2021) Kat:3, Licht: 2","7743","3","3","5","12","23","1","","2","0","1","0","0"
"POINT (10.124885842000026 53.567158335000045)","Unfall 7748 (2021) Kat:2, Licht: 2","7748","2","7","9","10","05","4","","2","0","1","0","0"
"POINT (9.934220339000035 53.581629612000029)","Unfall 7755 (2021) Kat:3, Licht: 2","7755","3","3","5","10","22","4","","2","0","1","0","0"
"POINT (9.846865881000042 53.572872252000082)","Unfall 7765 (2021) Kat:3, Licht: 2","7765","3","2","3","11","18","5","","2","1","0","0","0"
"POINT (9.986472901000070 53.547736339000039)","Unfall 7769 (2021) Kat:3, Licht: 0","7769","3","3","5","10","09","3","","0","0","0","0","0"
"POINT (9.865552338000043 53.571616840000047)","Unfall 7777 (2021) Kat:3, Licht: 2","7777","3","6","3","11","20","2","","2","0","1","0","0"
"POINT (9.964505343000042 53.599310279000065)","Unfall 7779 (2021) Kat:3, Licht: 0","7779","3","5","1","12","10","3","","0","1","1","0","0"
"POINT (9.966884448000030 53.552280190000033)","Unfall 7788 (2021) Kat:3, Licht: 2","7788","3","3","5","11","22","7","","2","0","1","0","0"
"POINT (10.029756238000061 53.560583057000031)","Unfall 7790 (2021) Kat:3, Licht: 0","7790","3","6","2","12","15","6","","0","0","1","0","0"
"POINT (9.936377031000063 53.578431956000031)","Unfall 7793 (2021) Kat:3, Licht: 2","7793","3","7","0","10","02","4","","2","0","0","0","0"
"POINT (9.992882796000060 53.592758153000034)","Unfall 7803 (2021) Kat:3, Licht: 2","7803","3","1","8","11","04","1","","2","0","1","0","0"
"POINT (9.930830529000048 53.589766608000048)","Unfall 7805 (2021) Kat:3, Licht: 2","7805","3","5","1","12","18","4","","2","0","1","0","0"
"POINT (9.832782496000050 53.471576647000063)","Unfall 7809 (2021) Kat:3, Licht: 0","7809","3","6","2","10","14","1","","0","0","1","0","0"
"POINT (9.929854772000056 53.536980297000071)","Unfall 7819 (2021) Kat:3, Licht: 2","7819","3","6","3","11","19","7","","2","0","1","0","0"
"POINT (10.033308811000040 53.565167610000060)","Unfall 7821 (2021) Kat:3, Licht: 1","7821","3","7","3","12","16","7","","1","0","1","0","0"
"POINT (10.234528478000072 53.488456959000075)","Unfall 7827 (2021) Kat:3, Licht: 1","7827","3","1","8","10","16","2","","1","0","1","0","0"
"POINT (9.986791766000067 53.547684758000059)","Unfall 7835 (2021) Kat:3, Licht: 0","7835","3","4","6","10","16","7","","0","1","0","1","0"
"POINT (10.202365591000046 53.491183806000038)","Unfall 7846 (2021) Kat:3, Licht: 2","7846","3","3","5","11","19","7","","2","0","1","0","0"
"POINT (9.949521256000025 53.562183593000043)","Unfall 7851 (2021) Kat:3, Licht: 0","7851","3","5","0","10","16","6","","0","0","1","0","0"
"POINT (9.966481177000048 53.594669154000030)","Unfall 7861 (2021) Kat:3, Licht: 0","7861","3","7","0","11","08","1","","0","0","0","0","0"
"POINT (9.987154024000063 53.603680385000075)","Unfall 7863 (2021) Kat:3, Licht: 2","7863","3","6","2","12","19","4","","2","0","1","0","0"
"POINT (10.025579263000054 53.551937045000045)","Unfall 7867 (2021) Kat:2, Licht: 2","7867","2","1","0","10","01","1","","2","0","0","0","0"
"POINT (9.916849784000021 53.542285247000052)","Unfall 7875 (2021) Kat:3, Licht: 0","7875","3","6","2","11","11","2","","0","0","1","0","0"
"POINT (9.957981799000038 53.572662963000028)","Unfall 7877 (2021) Kat:3, Licht: 2","7877","3","7","0","12","17","7","","2","1","0","0","0"
"POINT (9.919287286000042 53.591819740000062)","Unfall 7881 (2021) Kat:3, Licht: 0","7881","3","6","2","11","14","6","","0","0","1","0","0"
"POINT (9.932399395000061 53.431183802000078)","Unfall 7883 (2021) Kat:3, Licht: 2","7883","3","1","8","12","21","6","","2","0","1","0","0"
"POINT (9.994982907000065 53.547378897000044)","Unfall 7887 (2021) Kat:3, Licht: 0","7887","3","3","5","10","17","4","","0","1","1","0","0"
"POINT (9.908486192000055 53.621490278000067)","Unfall 7896 (2021) Kat:3, Licht: 0","7896","3","6","2","11","11","2","","0","0","1","0","0"
"POINT (9.964746923000064 53.554568298000049)","Unfall 7898 (2021) Kat:3, Licht: 1","7898","3","7","0","12","16","7","","1","1","0","0","0"
"POINT (9.897516360000054 53.557723982000027)","Unfall 7904 (2021) Kat:3, Licht: 0","7904","3","6","2","10","14","4","","0","0","1","0","0"
"POINT (10.033597628000052 53.541424502000041)","Unfall 7909 (2021) Kat:3, Licht: 0","7909","3","3","5","10","11","7","","0","0","1","0","0"
"POINT (10.028313146000073 53.569269221000070)","Unfall 7911 (2021) Kat:2, Licht: 0","7911","2","3","5","10","13","6","","0","1","1","0","0"
"POINT (9.912508509000077 53.503771988000040)","Unfall 7922 (2021) Kat:3, Licht: 0","7922","3","6","2","11","10","3","","0","0","1","0","0"
"POINT (9.969155703000069 53.584710953000069)","Unfall 7928 (2021) Kat:3, Licht: 2","7928","3","7","0","10","04","1","","2","1","0","0","0"
"POINT (9.861135435000051 53.571855638000045)","Unfall 7938 (2021) Kat:3, Licht: 1","7938","3","7","0","11","16","2","","1","0","0","0","0"
"POINT (9.998874054000055 53.547636010000076)","Unfall 7940 (2021) Kat:3, Licht: 0","7940","3","6","0","12","13","4","","0","0","1","0","1"
"POINT (9.918638233000024 53.591487588000064)","Unfall 7944 (2021) Kat:3, Licht: 0","7944","3","6","2","10","12","1","","0","0","1","0","0"
"POINT (9.887963606000028 53.624371992000079)","Unfall 7951 (2021) Kat:3, Licht: 2","7951","3","1","8","11","17","5","","2","0","1","0","0"
"POINT (10.147582651000050 53.564334054000028)","Unfall 7953 (2021) Kat:2, Licht: 2","7953","2","6","3","12","06","2","","2","0","1","0","0"
"POINT (9.985274546000028 53.462397349000071)","Unfall 7964 (2021) Kat:3, Licht: 0","7964","3","2","3","10","12","6","","0","1","1","0","0"
"POINT (9.980028715000060 53.549078068000028)","Unfall 7966 (2021) Kat:3, Licht: 0","7966","3","7","0","10","12","1","","0","1","0","0","0"
"POINT (10.059792214000026 53.509376112000041)","Unfall 7978 (2021) Kat:3, Licht: 0","7978","3","6","2","10","14","1","","0","0","1","0","0"
"POINT (9.945176337000021 53.620243337000034)","Unfall 7984 (2021) Kat:3, Licht: 2","7984","3","3","5","10","04","6","","2","0","1","0","0"
"POINT (9.923293023000042 53.597030454000048)","Unfall 7988 (2021) Kat:3, Licht: 0","7988","3","6","2","10","14","4","","0","0","1","0","0"
"POINT (9.959767230000068 53.575213251000037)","Unfall 7998 (2021) Kat:3, Licht: 0","7998","3","7","0","12","11","5","","0","1","0","0","0"
"POINT (10.152207913000041 53.554989178000028)","Unfall 8004 (2021) Kat:3, Licht: 2","8004","3","5","1","10","03","1","","2","0","1","0","0"
"POINT (9.977036096000063 53.587591592000081)","Unfall 8014 (2021) Kat:3, Licht: 0","8014","3","2","3","11","12","3","","0","0","1","0","0"
"POINT (9.914877760000024 53.543411402000061)","Unfall 8016 (2021) Kat:3, Licht: 2","8016","3","6","3","12","17","3","","2","0","1","0","0"
"POINT (9.898782560000029 53.565195969000058)","Unfall 8020 (2021) Kat:3, Licht: 2","8020","3","2","6","10","20","3","","2","0","1","1","0"
"POINT (10.177956781000034 53.508341754000071)","Unfall 8028 (2021) Kat:3, Licht: 0","8028","3","6","3","11","14","6","","0","0","1","0","0"
"POINT (9.921252198000047 53.515588216000026)","Unfall 8030 (2021) Kat:3, Licht: 2","8030","3","2","4","12","23","2","","2","0","1","0","0"
"POINT (9.986632967000048 53.547711210000045)","Unfall 8040 (2021) Kat:2, Licht: 2","8040","2","2","4","11","01","1","","2","0","1","0","0"
"POINT (9.908152323000024 53.620270880000078)","Unfall 8042 (2021) Kat:3, Licht: 0","8042","3","6","2","12","14","6","","0","0","1","0","0"
"POINT (9.944585790000076 53.565363190000028)","Unfall 8044 (2021) Kat:3, Licht: 0","8044","3","2","4","10","16","3","","0","1","1","0","0"
"POINT (9.966394861000026 53.595160507000060)","Unfall 8056 (2021) Kat:3, Licht: 2","8056","3","6","2","11","18","6","","2","0","1","0","0"
"POINT (9.897160833000044 53.565537181000082)","Unfall 8058 (2021) Kat:3, Licht: 2","8058","3","2","5","12","16","4","","2","1","0","0","0"
"POINT (9.954015686000048 53.570951249000075)","Unfall 8062 (2021) Kat:3, Licht: 0","8062","3","6","2","10","15","4","","0","0","1","0","0"
"POINT (9.914825366000059 53.479107946000056)","Unfall 8071 (2021) Kat:3, Licht: 0","8071","3","6","3","11","11","5","","0","0","1","0","0"
"POINT (9.908452452000063 53.565765450000072)","Unfall 8073 (2021) Kat:3, Licht: 0","8073","3","3","5","12","13","6","","0","1","1","0","0"
"POINT (10.063236108000069 53.509150850000026)","Unfall 8081 (2021) Kat:2, Licht: 0","8081","2","6","3","12","15","5","","0","0","1","0","0"
"POINT (9.956893766000064 53.560881812000048)","Unfall 8087 (2021) Kat:3, Licht: 2","8087","3","6","2","10","20","6","","2","0","1","0","0"
"POINT (9.952277861000027 53.613469631000044)","Unfall 8096 (2021) Kat:3, Licht: 2","8096","3","3","5","11","21","2","","2","0","1","0","1"
"POINT (9.928773021000040 53.592356772000073)","Unfall 8098 (2021) Kat:3, Licht: 2","8098","3","4","6","12","03","7","","2","0","1","1","0"
"POINT (9.974437644000034 53.645586225000045)","Unfall 8103 (2021) Kat:2, Licht: 0","8103","2","4","6","10","17","6","","0","0","1","1","0"
"POINT (9.851006372000029 53.572473596000066)","Unfall 8110 (2021) Kat:3, Licht: 2","8110","3","3","5","11","20","3","","2","0","1","0","0"
"POINT (9.891299210000057 53.471852272000035)","Unfall 8112 (2021) Kat:2, Licht: 2","8112","2","3","5","12","18","2","","2","0","1","0","0"
"POINT (9.919016094000028 53.564043024000057)","Unfall 8122 (2021) Kat:3, Licht: 0","8122","3","4","6","11","07","3","","0","0","0","1","0"
"POINT (9.937938961000043 53.521951519000027)","Unfall 8126 (2021) Kat:3, Licht: 0","8126","3","6","2","10","15","3","","0","0","1","0","0"
"POINT (9.931410185000061 53.588584463000075)","Unfall 8136 (2021) Kat:3, Licht: 2","8136","3","3","5","11","17","6","","2","1","1","0","0"
"POINT (9.846542437000039 53.572872731000075)","Unfall 8138 (2021) Kat:3, Licht: 0","8138","3","2","5","12","13","6","","0","1","1","0","0"
"POINT (9.966479151000044 53.552599079000061)","Unfall 8142 (2021) Kat:2, Licht: 0","8142","2","3","5","10","15","6","","0","0","1","0","0"
"POINT (9.910599671000057 53.638668053000060)","Unfall 8151 (2021) Kat:2, Licht: 0","8151","2","7","7","11","13","1","","0","0","0","0","1"
"POINT (9.907393062000040 53.546567676000052)","Unfall 8153 (2021) Kat:3, Licht: 1","8153","3","6","2","12","17","1","","1","0","1","0","0"
"POINT (9.963559954000061 53.558206682000048)","Unfall 8159 (2021) Kat:3, Licht: 0","8159","3","6","2","10","15","1","","0","0","1","0","0"
"POINT (9.931714545000034 53.587973783000052)","Unfall 8164 (2021) Kat:3, Licht: 1","8164","3","7","0","10","07","1","","1","0","1","0","0"
"POINT (10.002593451000052 53.547373632000074)","Unfall 8167 (2021) Kat:3, Licht: 0","8167","3","6","2","10","13","3","","0","0","1","0","0"
"POINT (9.885780693000072 53.472074116000044)","Unfall 8178 (2021) Kat:2, Licht: 2","8178","2","6","4","11","17","7","","2","0","1","0","0"
"POINT (10.029413055000077 53.449268401000040)","Unfall 8180 (2021) Kat:3, Licht: 2","8180","3","1","0","12","19","6","","2","0","1","0","0"
"POINT (10.147865787000057 53.545294146000060)","Unfall 8182 (2021) Kat:3, Licht: 0","8182","3","6","2","10","13","6","","0","0","1","0","0"
"POINT (9.824456060000045 53.576191960000074)","Unfall 8189 (2021) Kat:3, Licht: 0","8189","3","2","4","10","16","5","","0","1","1","0","0"
"POINT (9.995563306000065 53.593813286000056)","Unfall 8200 (2021) Kat:3, Licht: 0","8200","3","6","2","11","12","1","","0","0","1","0","0"
"POINT (9.838537103000021 53.573594501000059)","Unfall 8202 (2021) Kat:3, Licht: 0","8202","3","6","2","12","11","4","","0","0","1","0","0"
"POINT (10.137937068000042 53.525617109000052)","Unfall 8205 (2021) Kat:3, Licht: 2","8205","3","7","9","10","19","6","","2","0","1","0","0"
"POINT (9.969550009000045 53.516780774000040)","Unfall 8214 (2021) Kat:3, Licht: 0","8214","3","3","0","11","15","5","","0","0","1","0","0"
"POINT (10.052150438000069 53.509375585000043)","Unfall 8216 (2021) Kat:3, Licht: 0","8216","3","6","3","12","11","3","","0","0","1","0","0"
"POINT (9.853967684000054 53.472524495000073)","Unfall 8220 (2021) Kat:3, Licht: 0","8220","3","7","0","10","15","3","","0","1","0","0","0"