WKT,Name,OBJECTID,UKATEGORIE,UTYP1,UART,UMONAT,USTUNDE,UWOCHENTAG,STRZUSTAND,ULICHTVERH,ISTRAD,ISTPKW,ISTFUSS,ISTKRAD
"POINT (10.027105257000073 53.555919734000042)","Unfall 8229 (2021) Kat:3, Licht: 0","8229","3","6","2","11","15","1","","0","0","1","0","0"
"POINT (9.923052715000040 53.515903153000068)","Unfall 8231 (2021) Kat:3, Licht: 0","8231","3","6","2","12","10","6","","0","0","1","0","0"
"POINT (9.914558653000029 53.481340797000030)","Unfall 8237 (2021) Kat:3, Licht: 2","8237","3","3","5","10","05","5","","2","0","1","0","0"
"POINT (9.966671561000055 53.593747525000026)","Unfall 8242 (2021) Kat:3, Licht: 0","8242","3","3","5","10","07","2","","0","1","1","0","0"
"POINT (9.962396129000069 53.578154053000048)","Unfall 8245 (2021) Kat:3, Licht: 0","8245","3","4","6","11","09","4","","0","1","0","1","0"
"POINT (9.897534471000029 53.557802197000058)","Unfall 8256 (2021) Kat:3, Licht: 2","8256","3","3","5","12","16","4","","2","0","1","0","0"
"POINT (9.837117274000036 53.573819757000081)","Unfall 8262 (2021) Kat:3, Licht: 0","8262","3","2","4","10","09","5","","0","0","1","0","0"
"POINT (9.963063421000072 53.558482277000053)","Unfall 8272 (2021) Kat:3, Licht: 0","8272","3","7","0","11","07","1","","0","0","1","1","0"
"POINT (9.897590267000055 53.555260119000081)","Unfall 8274 (2021) Kat:2, Licht: 2","8274","2","7","8","12","06","6","","2","0","0","0","0"
"POINT (9.966592920000039 53.594119639000041)","Unfall 8278 (2021) Kat:2, Licht: 2","8278","2","3","5","10","01","7","","2","0","1","0","0"
"POINT (9.842620464000049 53.472571831000039)","Unfall 8281 (2021) Kat:3, Licht: 0","8281","3","6","2","10","13","5","","0","0","1","0","0"
"POINT (10.006741562000059 53.547835816000031)","Unfall 8291 (2021) Kat:3, Licht: 0","8291","3","6","2","11","12","5","","0","0","1","0","0"
"POINT (9.834682515000054 53.471791837000069)","Unfall 8293 (2021) Kat:3, Licht: 2","8293","3","6","3","12","23","7","","2","0","1","0","0"
"POINT (10.032785016000048 53.512733250000053)","Unfall 8297 (2021) Kat:3, Licht: 0","8297","3","6","3","10","15","2","","0","0","1","0","0"
"POINT (9.950516610000022 53.617340771000045)","Unfall 8304 (2021) Kat:3, Licht: 0","8304","3","6","2","11","08","2","","0","0","1","0","0"
"POINT (10.021300970000027 53.575154292000036)","Unfall 8306 (2021) Kat:3, Licht: 2","8306","3","2","4","12","23","3","","2","1","1","0","0"
"POINT (9.986425367000038 53.547743629000081)","Unfall 8311 (2021) Kat:2, Licht: 2","8311","2","3","5","10","23","7","","2","0","1","0","0"
"POINT (9.850037114000031 53.472683795000080)","Unfall 8317 (2021) Kat:3, Licht: 0","8317","3","2","4","10","10","5","","0","1","1","0","0"
"POINT (10.031864109000026 53.539836202000060)","Unfall 8319 (2021) Kat:3, Licht: 2","8319","3","1","9","10","06","1","","2","0","1","0","0"
"POINT (9.898825886000054 53.565186619000031)","Unfall 8329 (2021) Kat:3, Licht: 2","8329","3","2","5","11","19","2","","2","1","1","0","0"
"POINT (9.963959207000073 53.599807249000037)","Unfall 8335 (2021) Kat:3, Licht: 1","8335","3","3","5","10","06","5","","1","0","1","0","0"
"POINT (10.034206644000051 53.563954519000049)","Unfall 8345 (2021) Kat:3, Licht: 2","8345","3","7","0","11","06","7","","2","0","0","0","0"
"POINT (9.976032275000023 53.465456549000066)","Unfall 8347 (2021) Kat:3, Licht: 0","8347","3","6","3","12","11","5","","0","0","1","0","0"
"POINT (9.948869637000030 53.562274109000043)","Unfall 8352 (2021) Kat:3, Licht: 0","8352","3","6","1","10","11","6","","0","0","1","1","0"
"POINT (9.969245554000054 53.551111365000054)","Unfall 8360 (2021) Kat:3, Licht: 0","8360","3","2","2","11","11","5","","0","0","1","0","0"
"POINT (9.966676115000041 53.593725978000066)","Unfall 8362 (2021) Kat:3, Licht: 2","8362","3","3","5","12","18","7","","2","0","1","0","0"
"POINT (9.940230280000037 53.439466995000032)","Unfall 8371 (2021) Kat:3, Licht: 2","8371","3","6","2","11","07","2","","2","0","1","0","0"
"POINT (9.992562038000074 53.457573285000080)","Unfall 8380 (2021) Kat:3, Licht: 0","8380","3","6","1","11","09","2","","0","0","1","0","0"
"POINT (9.966605176000030 53.594061646000057)","Unfall 8382 (2021) Kat:3, Licht: 2","8382","3","3","0","12","17","2","","2","1","0","0","0"
"POINT (10.022211933000051 53.525222420000034)","Unfall 8393 (2021) Kat:3, Licht: 0","8393","3","7","0","10","14","5","","0","0","1","0","0"
"POINT (10.040946229000042 53.552598064000051)","Unfall 8395 (2021) Kat:3, Licht: 0","8395","3","2","2","10","14","6","","0","0","1","0","0"
"POINT (10.043196934000036 53.552622001000032)","Unfall 8405 (2021) Kat:3, Licht: 0","8405","3","6","2","11","08","3","","0","0","1","0","0"
"POINT (9.905102615000033 53.573769375000040)","Unfall 8411 (2021) Kat:1, Licht: 0","8411","1","1","9","10","09","1","","0","0","1","0","0"
"POINT (9.943371034000052 53.572418937000066)","Unfall 8420 (2021) Kat:3, Licht: 0","8420","3","3","5","11","08","5","","0","1","1","0","0"
"POINT (10.206109111000046 53.488243199000067)","Unfall 8422 (2021) Kat:3, Licht: 2","8422","3","3","5","12","20","5","","2","0","1","0","0"
"POINT (9.974657726000032 53.465895456000055)","Unfall 8427 (2021) Kat:3, Licht: 0","8427","3","6","2","10","08","6","","0","0","1","0","0"
"POINT (9.944571138000072 53.565257248000080)","Unfall 8433 (2021) Kat:3, Licht: 0","8433","3","2","3","10","13","4","","0","1","1","0","0"
"POINT (10.037844238000048 53.560628763000068)","Unfall 8443 (2021) Kat:3, Licht: 2","8443","3","7","0","11","01","6","","2","0","0","0","0"
"POINT (10.199329365000040 53.492438032000052)","Unfall 8449 (2021) Kat:3, Licht: 0","8449","3","7","0","10","09","3","","0","1","0","0","0"
"POINT (9.988931702000059 53.605013005000046)","Unfall 8458 (2021) Kat:3, Licht: 1","8458","3","1","0","11","07","3","","1","1","0","0","0"
"POINT (10.026908556000024 53.550328772000057)","Unfall 8460 (2021) Kat:3, Licht: 0","8460","3","6","2","12","14","7","","0","0","1","0","0"
"POINT (10.022825738000051 53.527326580000079)","Unfall 8464 (2021) Kat:3, Licht: 0","8464","3","6","3","10","07","4","","0","0","1","0","0"
"POINT (9.969749497000066 53.550900635000062)","Unfall 8471 (2021) Kat:3, Licht: 2","8471","3","3","5","10","18","5","","2","1","1","0","0"
"POINT (9.964258673000074 53.580241950000072)","Unfall 8481 (2021) Kat:3, Licht: 2","8481","3","6","2","11","18","3","","2","0","1","0","0"
"POINT (10.032816594000053 53.565577433000044)","Unfall 8483 (2021) Kat:3, Licht: 0","8483","3","6","2","12","12","4","","0","0","1","0","0"
"POINT (9.916659249000077 53.610804359000042)","Unfall 8487 (2021) Kat:3, Licht: 0","8487","3","6","3","10","11","2","","0","0","1","0","0"
"POINT (10.194277515000067 53.494704249000051)","Unfall 8496 (2021) Kat:3, Licht: 2","8496","3","6","4","11","19","1","","2","0","1","0","0"
"POINT (10.141048592000061 53.535443895000071)","Unfall 8498 (2021) Kat:3, Licht: 2","8498","3","1","8","12","02","1","","2","0","1","0","0"
"POINT (9.967897388000040 53.588857715000074)","Unfall 8504 (2021) Kat:3, Licht: 0","8504","3","3","5","10","14","3","","0","1","1","0","0"
"POINT (9.918673933000036 53.564077282000028)","Unfall 8511 (2021) Kat:3, Licht: 0","8511","3","6","4","10","16","4","","0","1","0","0","0"
"POINT (9.923635822000051 53.520349660000079)","Unfall 8522 (2021) Kat:3, Licht: 2","8522","3","6","3","11","19","6","","2","0","1","0","0"
"POINT (9.928428926000038 53.592358224000066)","Unfall 8527 (2021) Kat:3, Licht: 0","8527","3","6","2","10","09","6","","0","0","1","0","0"
"POINT (9.969858040000076 53.584056465000060)","Unfall 8537 (2021) Kat:3, Licht: 0","8537","3","2","4","11","11","5","","0","0","1","0","0"
"POINT (9.936497762000045 53.626561830000071)","Unfall 8539 (2021) Kat:3, Licht: 2","8539","3","7","9","12","18","3","","2","0","1","0","0"
"POINT (9.949463962000038 53.562189104000026)","Unfall 8543 (2021) Kat:3, Licht: 0","8543","3","6","3","10","11","2","","0","1","1","0","0"
"POINT (9.962875663000034 53.558582134000062)","Unfall 8550 (2021) Kat:2, Licht: 2","8550","2","4","6","11","23","6","","2","0","1","1","0"
"POINT (10.026248552000027 53.557121990000041)","Unfall 8552 (2021) Kat:3, Licht: 2","8552","3","6","3","12","07","5","","2","0","1","0","0"
"POINT (10.024158014000022 53.572708514000055)","Unfall 8556 (2021) Kat:3, Licht: 0","8556","3","6","4","10","10","4","","0","1","0","0","0"
"POINT (10.001436176000027 53.592788863000067)","Unfall 8561 (2021) Kat:3, Licht: 0","8561","3","6","2","10","15","2","","0","0","1","0","0"
"POINT (9.995867435000036 53.593928625000046)","Unfall 8564 (2021) Kat:3, Licht: 2","8564","3","2","3","11","17","3","","2","0","1","0","0"
"POINT (9.759626210000022 53.582758377000062)","Unfall 8569 (2021) Kat:2, Licht: 2","8569","2","6","2","11","17","4","","2","0","1","0","0"
"POINT (9.932297320000032 53.430831697000031)","Unfall 8571 (2021) Kat:3, Licht: 2","8571","3","6","2","12","07","3","","2","0","1","0","0"
"POINT (9.972272090000047 53.585374063000074)","Unfall 8577 (2021) Kat:3, Licht: 0","8577","3","6","6","10","08","6","","0","1","0","1","0"
"POINT (10.167272978000028 53.514342047000071)","Unfall 8582 (2021) Kat:3, Licht: 0","8582","3","7","0","10","18","7","","0","0","0","0","0"
"POINT (10.030399259000035 53.545327721000035)","Unfall 8584 (2021) Kat:3, Licht: 2","8584","3","3","0","10","04","1","","2","1","0","0","0"
"POINT (10.012753756000052 53.590134959000068)","Unfall 8596 (2021) Kat:3, Licht: 1","8596","3","7","0","12","07","6","","1","0","0","0","1"
"POINT (9.968889665000063 53.585243162000040)","Unfall 8602 (2021) Kat:3, Licht: 2","8602","3","2","3","10","21","5","","2","1","1","0","0"
"POINT (10.021331540000062 53.575127101000078)","Unfall 8612 (2021) Kat:3, Licht: 2","8612","3","1","9","11","22","3","","2","0","1","0","0"
"POINT (10.146799182000052 53.542285235000065)","Unfall 8614 (2021) Kat:3, Licht: 2","8614","3","6","2","12","16","5","","2","0","1","0","0"
"POINT (10.027356174000033 53.533508871000038)","Unfall 8618 (2021) Kat:3, Licht: 0","8618","3","3","5","10","09","4","","0","1","1","0","0"
"POINT (9.919865091000077 53.516779690000078)","Unfall 8625 (2021) Kat:3, Licht: 1","8625","3","6","2","11","17","5","","1","0","1","0","0"
"POINT (9.916054199000030 53.582620837000036)","Unfall 8627 (2021) Kat:3, Licht: 2","8627","3","6","3","12","19","3","","2","0","1","0","0"
"POINT (10.228167585000051 53.488066006000054)","Unfall 8633 (2021) Kat:3, Licht: 0","8633","3","6","2","10","07","4","","0","0","1","0","0"
"POINT (9.908190781000030 53.620423734000042)","Unfall 8638 (2021) Kat:3, Licht: 0","8638","3","2","5","10","16","1","","0","0","1","0","0"
"POINT (10.002139557000021 53.592604975000029)","Unfall 8641 (2021) Kat:3, Licht: 0","8641","3","2","0","10","10","3","","0","0","0","0","0"
"POINT (9.961637774000053 53.559276528000055)","Unfall 8653 (2021) Kat:3, Licht: 2","8653","3","2","6","12","19","6","","2","0","1","1","0"
"POINT (10.019714720000024 53.544362174000071)","Unfall 8655 (2021) Kat:3, Licht: 0","8655","3","6","2","12","18","4","","0","0","1","0","0"
"POINT (9.965164060000063 53.449357488000032)","Unfall 8660 (2021) Kat:3, Licht: 0","8660","3","6","4","10","13","2","","0","0","1","0","0"
"POINT (10.027505962000021 53.533673475000057)","Unfall 8677 (2021) Kat:3, Licht: 2","8677","3","2","0","12","16","5","","2","1","1","0","0"
"POINT (9.944716253000024 53.565818856000078)","Unfall 8683 (2021) Kat:2, Licht: 2","8683","2","1","8","10","20","1","","2","0","1","0","0"
"POINT (9.914120311000033 53.485336156000074)","Unfall 8692 (2021) Kat:3, Licht: 0","8692","3","6","2","11","08","2","","0","0","1","0","0"
"POINT (9.984866602000068 53.462665076000064)","Unfall 8694 (2021) Kat:3, Licht: 2","8694","3","3","5","12","18","6","","2","0","1","0","0"
"POINT (9.994909984000060 53.593572232000042)","Unfall 8698 (2021) Kat:2, Licht: 2","8698","2","7","0","10","23","3","","2","0","0","0","0"
"POINT (10.218363959000044 53.487161153000045)","Unfall 8706 (2021) Kat:3, Licht: 2","8706","3","3","5","11","19","6","","2","0","1","0","0"
"POINT (9.997092391000024 53.547535343000050)","Unfall 8708 (2021) Kat:3, Licht: 2","8708","3","2","3","12","17","3","","2","1","0","0","0"
"POINT (10.017763651000053 53.586217451000039)","Unfall 8717 (2021) Kat:3, Licht: 2","8717","3","2","0","12","06","6","","2","1","0","0","0"
"POINT (9.986235474000068 53.547776365000061)","Unfall 8719 (2021) Kat:3, Licht: 0","8719","3","2","3","10","11","2","","0","1","1","0","0"
"POINT (9.944909071000041 53.563932790000081)","Unfall 8721 (2021) Kat:2, Licht: 2","8721","2","3","5","10","18","4","","2","1","1","0","0"
"POINT (10.034312449000026 53.564048560000060)","Unfall 8732 (2021) Kat:3, Licht: 0","8732","3","2","3","11","14","5","","0","1","0","0","0"
"POINT (9.851805620000050 53.572371077000071)","Unfall 8734 (2021) Kat:3, Licht: 0","8734","3","6","2","12","13","5","","0","0","1","0","0"
"POINT (9.964692163000052 53.554792945000031)","Unfall 8738 (2021) Kat:2, Licht: 2","8738","2","7","0","10","21","6","","2","1","0","0","0"
"POINT (9.921659805000047 53.469767305000062)","Unfall 8747 (2021) Kat:2, Licht: 0","8747","2","6","3","11","07","4","","0","0","1","0","1"
"POINT (10.195406382000044 53.494190032000063)","Unfall 8749 (2021) Kat:3, Licht: 0","8749","3","3","5","12","10","6","","0","1","1","0","0"
"POINT (10.008911234000038 53.630406856000036)","Unfall 8755 (2021) Kat:3, Licht: 0","8755","3","6","3","10","10","2","","0","0","1","0","0"
"POINT (10.037143039000057 53.561399400000028)","Unfall 8762 (2021) Kat:3, Licht: 0","8762","3","6","2","10","08","3","","0","0","1","0","1"
"POINT (9.918589890000021 53.564088724000044)","Unfall 8771 (2021) Kat:3, Licht: 2","8771","3","6","2","11","19","7","","2","0","1","0","0"
"POINT (9.904707863000056 53.565353244000050)","Unfall 8773 (2021) Kat:3, Licht: 0","8773","3","5","1","12","14","5","","0","1","0","0","0"
"POINT (10.146995391000075 53.543369988000052)","Unfall 8778 (2021) Kat:3, Licht: 2","8778","3","6","3","10","21","3","","2","0","1","0","0"
"POINT (9.929953653000041 53.536656176000065)","Unfall 8785 (2021) Kat:3, Licht: 2","8785","3","6","1","11","17","5","","2","0","1","0","0"
"POINT (9.920697949000044 53.626959066000040)","Unfall 8787 (2021) Kat:2, Licht: 2","8787","2","6","3","12","06","3","","2","0","1","0","0"
"POINT (10.026032307000037 53.558909014000051)","Unfall 8796 (2021) Kat:3, Licht: 1","8796","3","2","0","11","16","2","","1","1","0","0","0"
"POINT (10.037061538000046 53.561511048000057)","Unfall 8800 (2021) Kat:3, Licht: 0","8800","3","2","3","10","16","3","","0","1","0","0","0"
"POINT (9.926254969000070 53.516409850000059)","Unfall 8810 (2021) Kat:3, Licht: 2","8810","3","6","3","11","05","5","","2","0","1","0","0"
"POINT (9.888195916000029 53.471966545000043)","Unfall 8812 (2021) Kat:3, Licht: 2","8812","3","6","2","12","21","5","","2","0","1","0","0"
"POINT (9.930130900000051 53.646417650000046)","Unfall 8816 (2021) Kat:2, Licht: 2","8816","2","3","5","10","03","7","","2","0","1","0","0"
"POINT (9.986627434000070 53.547712083000079)","Unfall 8825 (2021) Kat:3, Licht: 2","8825","3","7","0","11","01","7","","2","0","0","0","0"
"POINT (10.002556106000043 53.592504347000045)","Unfall 8827 (2021) Kat:3, Licht: 0","8827","3","7","0","12","14","3","","0","1","0","0","0"
"POINT (9.946582085000045 53.470980432000033)","Unfall 8833 (2021) Kat:3, Licht: 2","8833","3","7","3","10","21","6","","2","0","1","0","0"
"POINT (10.038022918000024 53.560432636000030)","Unfall 8840 (2021) Kat:3, Licht: 0","8840","3","4","6","10","16","5","","0","1","0","1","0"
"POINT (9.944055514000070 53.563168386000029)","Unfall 8851 (2021) Kat:2, Licht: 0","8851","2","7","1","11","09","2","","0","1","1","0","0"
"POINT (9.777638538000076 53.580408679000072)","Unfall 8856 (2021) Kat:3, Licht: 0","8856","3","3","5","10","10","3","","0","0","1","0","0"
"POINT (9.916108334000057 53.542595976000030)","Unfall 8865 (2021) Kat:3, Licht: 1","8865","3","6","2","11","23","5","","1","0","1","0","0"
"POINT (10.019058189000077 53.578242154000066)","Unfall 8867 (2021) Kat:3, Licht: 0","8867","3","7","3","12","07","3","","0","0","1","0","0"
"POINT (9.997247704000074 53.594335682000064)","Unfall 8872 (2021) Kat:3, Licht: 0","8872","3","6","0","11","13","6","","0","0","1","0","1"
"POINT (9.916438879000054 53.564461442000038)","Unfall 8876 (2021) Kat:3, Licht: 2","8876","3","3","5","10","18","5","","2","1","1","0","0"
"POINT (10.123075683000025 53.520329657000048)","Unfall 8885 (2021) Kat:2, Licht: 0","8885","2","6","2","11","14","4","","0","0","1","0","0"
"POINT (10.213767389000054 53.486270879000074)","Unfall 8887 (2021) Kat:3, Licht: 0","8887","3","3","6","12","08","6","","0","1","0","1","0"
"POINT (9.913353554000025 53.565142772000058)","Unfall 8891 (2021) Kat:3, Licht: 2","8891","3","3","6","10","07","4","","2","0","1","1","0"
"POINT (9.925988168000060 53.638729608000062)","Unfall 8900 (2021) Kat:3, Licht: 2","8900","3","6","2","11","18","5","","2","0","1","0","0"
"POINT (9.983001048000062 53.548476187000063)","Unfall 8902 (2021) Kat:3, Licht: 0","8902","3","4","6","12","09","6","","0","1","0","1","0"
"POINT (9.917086556000072 53.564338729000042)","Unfall 8908 (2021) Kat:3, Licht: 0","8908","3","3","5","10","15","7","","0","0","1","0","0"
"POINT (9.988604043000066 53.458000058000039)","Unfall 8913 (2021) Kat:3, Licht: 2","8913","3","6","3","10","22","3","","2","0","1","0","0"
"POINT (9.942487513000060 53.621421809000026)","Unfall 8916 (2021) Kat:3, Licht: 0","8916","3","7","0","10","11","4","","0","1","0","0","0"
"POINT (9.986418004000029 53.547744758000078)","Unfall 8928 (2021) Kat:3, Licht: 1","8928","3","3","5","11","22","6","","1","0","1","0","0"
"POINT (9.923580134000076 53.596654317000059)","Unfall 8934 (2021) Kat:3, Licht: 0","8934","3","6","2","10","16","5","","0","0","1","0","0"
"POINT (9.966445158000056 53.594869753000069)","Unfall 8944 (2021) Kat:3, Licht: 0","8944","3","6","3","11","07","3","","0","1","0","0","0"
"POINT (9.988648279000074 53.457959668000058)","Unfall 8946 (2021) Kat:3, Licht: 2","8946","3","2","3","12","17","1","","2","0","1","0","0"
"POINT (9.963233778000074 53.516749219000076)","Unfall 8950 (2021) Kat:3, Licht: 0","8950","3","6","3","10","08","3","","0","0","1","0","0"
"POINT (9.777414208000039 53.580392091000078)","Unfall 8956 (2021) Kat:3, Licht: 2","8956","3","2","5","11","20","5","","2","0","1","0","0"
"POINT (10.000097463000031 53.547645892000048)","Unfall 8958 (2021) Kat:3, Licht: 2","8958","3","7","2","12","20","7","","2","0","1","0","0"
"POINT (9.973584515000027 53.549704668000061)","Unfall 8968 (2021) Kat:3, Licht: 0","8968","3","2","3","10","15","3","","0","1","0","0","0"
"POINT (9.916599569000027 53.590244357000074)","Unfall 8976 (2021) Kat:3, Licht: 0","8976","3","6","3","11","10","5","","0","0","1","0","0"
"POINT (9.969571327000040 53.583999060000053)","Unfall 8978 (2021) Kat:3, Licht: 1","8978","3","3","0","12","07","4","","1","1","0","0","0"
"POINT (10.019166303000077 53.580503361000069)","Unfall 8982 (2021) Kat:2, Licht: 2","8982","2","7","0","10","19","4","","2","1","0","0","0"
"POINT (9.975822837000067 53.549429131000068)","Unfall 8988 (2021) Kat:3, Licht: 2","8988","3","6","4","10","19","6","","2","1","0","0","0"
"POINT (9.914330742000061 53.543340896000075)","Unfall 8991 (2021) Kat:3, Licht: 0","8991","3","6","2","11","08","3","","0","0","1","0","0"
"POINT (9.924470026000051 53.520494894000080)","Unfall 9001 (2021) Kat:3, Licht: 0","9001","3","6","3","11","12","3","","0","0","1","0","0"
"POINT (9.907519875000048 53.617834080000080)","Unfall 9007 (2021) Kat:3, Licht: 0","9007","3","3","5","10","12","1","","0","0","1","0","0"
"POINT (9.946276438000041 53.562819530000070)","Unfall 9016 (2021) Kat:3, Licht: 2","9016","3","6","4","11","23","6","","2","1","0","0","0"
"POINT (9.948466044000043 53.562356827000031)","Unfall 9018 (2021) Kat:3, Licht: 0","9018","3","2","6","12","11","1","","0","0","1","1","0"
"POINT (9.939291618000027 53.575024984000038)","Unfall 9023 (2021) Kat:3, Licht: 2","9023","3","7","0","10","00","7","","2","0","1","1","0"
"POINT (9.973935657000027 53.586532472000044)","Unfall 9030 (2021) Kat:3, Licht: 2","9030","3","2","3","11","17","5","","2","1","1","0","0"
"POINT (10.038805545000059 53.559396849000052)","Unfall 9032 (2021) Kat:3, Licht: 2","9032","3","2","5","12","21","7","","2","0","1","0","0"
"POINT (9.939880057000039 53.563624470000036)","Unfall 9043 (2021) Kat:3, Licht: 0","9043","3","6","2","12","12","4","","0","0","1","0","0"
"POINT (10.155841080000073 53.558745152000029)","Unfall 9045 (2021) Kat:3, Licht: 2","9045","3","6","3","12","20","4","","2","0","1","0","0"
"POINT (9.949169349000044 53.573239664000027)","Unfall 9048 (2021) Kat:3, Licht: 2","9048","3","1","0","10","00","5","","2","0","0","0","0"
"POINT (9.920892951000042 53.440007998000056)","Unfall 9059 (2021) Kat:3, Licht: 2","9059","3","6","3","11","04","1","","2","0","1","0","0"
"POINT (9.825073839000027 53.576085344000035)","Unfall 9061 (2021) Kat:3, Licht: 0","9061","3","6","2","12","11","5","","0","0","1","0","0"
"POINT (9.937004090000073 53.577672614000051)","Unfall 9068 (2021) Kat:3, Licht: 2","9068","3","7","0","10","00","4","","2","0","0","0","1"
"POINT (10.031612303000031 53.544167945000027)","Unfall 9071 (2021) Kat:3, Licht: 0","9071","3","2","3","10","09","4","","0","1","0","0","0"
"POINT (10.024091859000066 53.468514984000080)","Unfall 9082 (2021) Kat:3, Licht: 0","9082","3","6","2","11","12","3","","0","0","1","0","0"
"POINT (9.916699606000066 53.610740903000078)","Unfall 9088 (2021) Kat:3, Licht: 0","9088","3","6","3","10","14","1","","0","0","1","0","0"
"POINT (9.983927606000066 53.595770929000082)","Unfall 9097 (2021) Kat:2, Licht: 2","9097","2","2","4","11","16","6","","2","0","1","0","1"
"POINT (9.853576295000039 53.572144425000033)","Unfall 9099 (2021) Kat:3, Licht: 0","9099","3","3","5","12","14","7","","0","1","1","0","0"
"POINT (9.945612908000044 53.471034741000040)","Unfall 9105 (2021) Kat:3, Licht: 0","9105","3","6","2","10","12","6","","0","0","1","0","0"
"POINT (9.962079396000036 53.517021088000035)","Unfall 9112 (2021) Kat:3, Licht: 0","9112","3","6","2","11","15","2","","0","0","1","0","0"
"POINT (9.807257161000052 53.578562465000061)","Unfall 9114 (2021) Kat:3, Licht: 0","9114","3","2","2","12","11","2","","0","0","1","0","0"
"POINT (9.942208132000076 53.572745838000060)","Unfall 9123 (2021) Kat:3, Licht: 2","9123","3","7","0","11","02","3","","2","0","0","0","0"
"POINT (10.006566943000053 53.591589282000029)","Unfall 9127 (2021) Kat:3, Licht: 2","9127","3","2","6","10","19","6","","2","0","1","1","0"
"POINT (9.840287760000024 53.472315779000041)","Unfall 9136 (2021) Kat:3, Licht: 2","9136","3","2","6","11","04","5","","2","0","0","1","0"
"POINT (9.956012547000057 53.570407996000029)","Unfall 9138 (2021) Kat:3, Licht: 0","9138","3","2","5","12","14","3","","0","0","1","0","0"
"POINT (9.986626842000021 53.547712176000061)","Unfall 9142 (2021) Kat:3, Licht: 0","9142","3","3","5","10","16","5","","0","0","1","0","0"
"POINT (9.955789430000038 53.570457758000032)","Unfall 9150 (2021) Kat:3, Licht: 0","9150","3","7","0","11","12","1","","0","1","0","0","0"
"POINT (9.931989396000063 53.587425794000069)","Unfall 9152 (2021) Kat:3, Licht: 0","9152","3","3","3","12","15","7","","0","1","1","0","0"
"POINT (9.945406623000054 53.471049192000066)","Unfall 9158 (2021) Kat:2, Licht: 2","9158","2","6","2","10","20","6","","2","0","1","0","1"
"POINT (10.023257423000075 53.537756440000067)","Unfall 135597 (2021) Kat:2, Licht: 0","135597","2","3","5","03","17","3","","0","0","1","0","0"
"POINT (10.168228140000053 53.624225277000050)","Unfall 135598 (2021) Kat:3, Licht: 0","135598","3","2","5","02","09","5","","0","1","1","0","0"
"POINT (10.058662481000056 53.563704236000035)","Unfall 135599 (2021) Kat:3, Licht: 0","135599","3","3","5","04","17","3","","0","1","1","0","0"
"POINT (10.029426566000041 53.548041984000065)","Unfall 135600 (2021) Kat:2, Licht: 0","135600","2","7","4","03","10","4","","0","0","1","0","1"
"POINT (9.929020163000075 53.585179974000027)","Unfall 135601 (2021) Kat:3, Licht: 0","135601","3","3","5","01","13","3","","0","1","1","0","0"
"POINT (10.021499427000037 53.581255343000066)","Unfall 135602 (2021) Kat:3, Licht: 0","135602","3","7","0","03","13","5","","0","1","1","0","0"
"POINT (10.016853153000056 53.527076501000067)","Unfall 135603 (2021) Kat:3, Licht: 0","135603","3","6","3","02","07","2","","0","0","1","0","0"
"POINT (10.005199978000064 53.547934205000047)","Unfall 135604 (2021) Kat:3, Licht: 0","135604","3","3","5","02","10","5","","0","0","1","0","0"
"POINT (9.880554215000075 53.587687586000072)","Unfall 135605 (2021) Kat:3, Licht: 0","135605","3","7","0","04","14","5","","0","1","0","0","0"
"POINT (9.999943335000069 53.604922683000041)","Unfall 135606 (2021) Kat:3, Licht: 2","135606","3","3","5","01","21","3","","2","1","1","0","0"
"POINT (9.965645684000037 53.564556598000081)","Unfall 135607 (2021) Kat:2, Licht: 0","135607","2","4","6","03","14","6","","0","0","1","1","0"
"POINT (9.953984449000075 53.566561292000074)","Unfall 135608 (2021) Kat:3, Licht: 0","135608","3","4","6","05","07","3","","0","1","0","1","0"
"POINT (10.111165974000073 53.582148092000068)","Unfall 135609 (2021) Kat:3, Licht: 0","135609","3","2","4","02","13","3","","0","0","1","0","0"
"POINT (10.026889439000058 53.569748778000076)","Unfall 135610 (2021) Kat:3, Licht: 0","135610","3","2","3","04","12","5","","0","0","1","0","0"
"POINT (10.012911731000031 53.642864118000034)","Unfall 135612 (2021) Kat:3, Licht: 0","135612","3","7","3","03","18","2","","0","0","1","0","0"
"POINT (9.858429656000055 53.571313901000053)","Unfall 135613 (2021) Kat:3, Licht: 0","135613","3","5","1","01","12","3","","0","0","1","0","0"
"POINT (10.044118889000060 53.542591010000081)","Unfall 135614 (2021) Kat:2, Licht: 2","135614","2","1","8","03","22","4","","2","0","1","0","0"
"POINT (9.822190509000052 53.568421798000031)","Unfall 135615 (2021) Kat:3, Licht: 1","135615","3","7","0","02","18","1","","1","0","0","0","1"
"POINT (9.972486964000041 53.581468090000044)","Unfall 135616 (2021) Kat:3, Licht: 0","135616","3","6","2","04","10","2","","0","0","1","0","0"
"POINT (9.919742931000030 53.598306483000044)","Unfall 135617 (2021) Kat:3, Licht: 2","135617","3","7","0","01","17","7","","2","0","1","0","0"
"POINT (10.035688234000077 53.575253797000073)","Unfall 135618 (2021) Kat:3, Licht: 0","135618","3","6","2","03","08","5","","0","0","1","0","0"
"POINT (10.103773940000053 53.621138695000070)","Unfall 135619 (2021) Kat:2, Licht: 0","135619","2","4","6","03","14","2","","0","0","1","1","0"
"POINT (9.882241488000034 53.582261724000034)","Unfall 135620 (2021) Kat:3, Licht: 0","135620","3","5","1","05","18","1","","0","0","1","0","0"
"POINT (9.986343245000057 53.569171398000037)","Unfall 135621 (2021) Kat:3, Licht: 0","135621","3","6","2","04","14","4","","0","1","1","0","0"
"POINT (10.064472689000070 53.586491476000049)","Unfall 135622 (2021) Kat:3, Licht: 0","135622","3","2","3","01","13","3","","0","1","0","0","0"
"POINT (9.853909578000071 53.476308874000040)","Unfall 135623 (2021) Kat:3, Licht: 0","135623","3","2","3","02","12","5","","0","1","1","0","0"