WKT,Name,OBJECTID,UKATEGORIE,UTYP1,UART,UMONAT,USTUNDE,UWOCHENTAG,STRZUSTAND,ULICHTVERH,ISTRAD,ISTPKW,ISTFUSS,ISTKRAD
"POINT (10.195887015000039 53.500755236000032)","Unfall 135624 (2021) Kat:2, Licht: 1","135624","2","7","0","04","21","6","","1","0","0","0","0"
"POINT (9.892480127000056 53.573664999000073)","Unfall 135625 (2021) Kat:3, Licht: 2","135625","3","2","4","01","16","1","","2","0","1","0","0"
"POINT (10.074580246000039 53.528781522000031)","Unfall 135626 (2021) Kat:3, Licht: 1","135626","3","2","2","03","06","5","","1","0","1","0","0"
"POINT (9.983445831000040 53.518001908000031)","Unfall 135627 (2021) Kat:2, Licht: 0","135627","2","7","1","04","12","6","","0","1","0","0","0"
"POINT (10.062252854000064 53.611721196000076)","Unfall 135629 (2021) Kat:3, Licht: 0","135629","3","3","5","03","17","3","","0","0","1","0","0"
"POINT (10.067634602000055 53.582545944000060)","Unfall 135630 (2021) Kat:3, Licht: 2","135630","3","6","2","02","18","3","","2","0","1","0","1"
"POINT (10.205608744000074 53.491651381000054)","Unfall 135631 (2021) Kat:2, Licht: 0","135631","2","2","6","04","13","5","","0","0","1","1","0"
"POINT (10.052444369000057 53.580137150000041)","Unfall 135632 (2021) Kat:3, Licht: 0","135632","3","4","6","04","14","7","","0","1","0","1","0"
"POINT (9.941833057000053 53.599232725000036)","Unfall 135633 (2021) Kat:3, Licht: 0","135633","3","3","5","01","16","5","","0","1","1","0","0"
"POINT (9.850330613000040 53.596152680000046)","Unfall 135634 (2021) Kat:2, Licht: 0","135634","2","3","5","02","08","7","","0","0","1","0","0"
"POINT (10.145525895000048 53.602572085000077)","Unfall 135635 (2021) Kat:3, Licht: 0","135635","3","2","3","04","17","4","","0","1","1","0","0"
"POINT (9.823685108000063 53.560430635000046)","Unfall 135636 (2021) Kat:3, Licht: 0","135636","3","2","5","01","07","3","","0","1","1","0","0"
"POINT (10.068114207000065 53.572446512000056)","Unfall 135637 (2021) Kat:3, Licht: 0","135637","3","6","2","03","16","2","","0","0","1","0","0"
"POINT (9.964990389000036 53.549258941000062)","Unfall 135638 (2021) Kat:3, Licht: 0","135638","3","5","1","04","08","6","","0","0","1","0","0"
"POINT (9.948245854000049 53.622217286000080)","Unfall 135640 (2021) Kat:3, Licht: 2","135640","3","4","1","04","21","4","","2","0","1","1","0"
"POINT (10.090359314000068 53.672038324000027)","Unfall 135641 (2021) Kat:3, Licht: 2","135641","3","3","5","03","22","4","","2","1","1","0","0"
"POINT (10.137113956000064 53.544744956000045)","Unfall 135642 (2021) Kat:3, Licht: 2","135642","3","4","6","01","20","3","","2","0","0","1","0"
"POINT (10.024183779000055 53.529617461000043)","Unfall 135643 (2021) Kat:3, Licht: 0","135643","3","6","3","03","17","6","","0","0","1","0","0"
"POINT (10.210535979000042 53.490659321000066)","Unfall 135645 (2021) Kat:3, Licht: 0","135645","3","3","5","03","15","4","","0","0","1","0","1"
"POINT (10.043790031000071 53.582155468000053)","Unfall 135646 (2021) Kat:3, Licht: 0","135646","3","6","3","05","07","4","","0","0","1","0","0"
"POINT (10.156311059000075 53.600593172000060)","Unfall 135647 (2021) Kat:3, Licht: 2","135647","3","1","4","01","20","6","","2","1","1","0","0"
"POINT (10.068680245000053 53.574569231000055)","Unfall 135648 (2021) Kat:3, Licht: 0","135648","3","3","5","04","12","5","","0","1","1","0","0"
"POINT (9.947540524000033 53.583395258000053)","Unfall 135650 (2021) Kat:3, Licht: 0","135650","3","2","4","03","11","3","","0","0","1","0","0"
"POINT (10.043650362000051 53.595578388000035)","Unfall 135651 (2021) Kat:3, Licht: 0","135651","3","2","2","01","13","4","","0","0","1","0","0"
"POINT (10.145698732000028 53.529791212000077)","Unfall 135652 (2021) Kat:3, Licht: 0","135652","3","6","2","03","10","4","","0","0","1","0","0"
"POINT (10.135818919000030 53.576907847000030)","Unfall 135653 (2021) Kat:3, Licht: 0","135653","3","6","2","04","17","2","","0","0","1","0","0"
"POINT (9.991676690000077 53.557769126000039)","Unfall 135655 (2021) Kat:3, Licht: 2","135655","3","5","3","03","22","5","","2","0","1","0","0"
"POINT (9.987598740000067 53.594557192000082)","Unfall 135656 (2021) Kat:3, Licht: 0","135656","3","7","0","02","16","6","","0","0","0","0","0"
"POINT (10.209631973000057 53.512949915000036)","Unfall 135657 (2021) Kat:3, Licht: 0","135657","3","2","4","04","14","6","","0","0","1","0","0"
"POINT (9.963281471000073 53.465344608000066)","Unfall 135658 (2021) Kat:3, Licht: 0","135658","3","6","4","04","07","4","","0","0","1","0","0"
"POINT (10.143785073000060 53.600405625000064)","Unfall 135659 (2021) Kat:3, Licht: 0","135659","3","2","4","01","18","3","","0","0","1","0","0"
"POINT (9.979374614000051 53.460822417000031)","Unfall 135660 (2021) Kat:3, Licht: 0","135660","3","2","6","02","14","6","","0","0","1","1","0"
"POINT (10.021131852000053 53.494858356000066)","Unfall 135661 (2021) Kat:3, Licht: 0","135661","3","6","2","02","11","4","","0","0","1","0","0"
"POINT (10.126167085000077 53.670198826000046)","Unfall 135662 (2021) Kat:3, Licht: 0","135662","3","6","2","04","12","6","","0","0","1","0","0"
"POINT (10.134018435000030 53.590633743000069)","Unfall 135663 (2021) Kat:2, Licht: 0","135663","2","7","0","01","14","6","","0","0","1","0","1"
"POINT (10.004582975000062 53.605988442000069)","Unfall 135664 (2021) Kat:3, Licht: 2","135664","3","7","0","03","00","3","","2","0","0","0","0"
"POINT (10.117298708000021 53.604094363000058)","Unfall 135665 (2021) Kat:3, Licht: 0","135665","3","6","2","04","16","6","","0","0","1","0","0"
"POINT (10.072375825000051 53.608721180000032)","Unfall 135666 (2021) Kat:3, Licht: 0","135666","3","2","3","03","16","3","","0","1","1","0","0"
"POINT (10.040827209000042 53.602237782000032)","Unfall 135667 (2021) Kat:3, Licht: 0","135667","3","7","0","02","12","4","","0","0","0","0","0"
"POINT (10.104897670000071 53.544962764000047)","Unfall 135668 (2021) Kat:3, Licht: 0","135668","3","6","2","04","15","4","","0","0","1","0","0"
"POINT (10.076635021000072 53.572417630000075)","Unfall 135669 (2021) Kat:3, Licht: 0","135669","3","6","3","04","09","2","","0","1","0","0","0"
"POINT (9.900584681000055 53.562994257000071)","Unfall 135671 (2021) Kat:3, Licht: 0","135671","3","6","4","03","07","5","","0","1","1","0","0"
"POINT (10.042746934000036 53.555707374000065)","Unfall 135672 (2021) Kat:3, Licht: 0","135672","3","6","6","02","14","6","","0","1","0","1","0"
"POINT (9.852862362000053 53.592415712000047)","Unfall 135673 (2021) Kat:2, Licht: 0","135673","2","7","6","05","15","2","","0","0","0","1","0"
"POINT (9.875332371000070 53.481035015000032)","Unfall 135674 (2021) Kat:3, Licht: 0","135674","3","6","2","04","14","4","","0","1","1","0","0"
"POINT (10.033662417000073 53.583491615000071)","Unfall 135675 (2021) Kat:3, Licht: 0","135675","3","3","5","01","12","2","","0","0","1","0","0"
"POINT (10.137292228000035 53.607952926000053)","Unfall 135676 (2021) Kat:3, Licht: 0","135676","3","7","0","02","08","4","","0","1","0","0","0"
"POINT (10.146558426000070 53.539215271000046)","Unfall 135677 (2021) Kat:3, Licht: 0","135677","3","3","5","04","16","1","","0","0","1","0","1"
"POINT (10.067417577000072 53.608071351000035)","Unfall 135678 (2021) Kat:3, Licht: 0","135678","3","7","5","01","15","2","","0","0","1","0","0"
"POINT (10.063137897000047 53.587638838000032)","Unfall 135679 (2021) Kat:3, Licht: 0","135679","3","3","5","03","11","3","","0","1","1","0","0"
"POINT (10.055680622000068 53.531618842000057)","Unfall 135680 (2021) Kat:3, Licht: 0","135680","3","7","0","04","18","6","","0","0","0","0","1"
"POINT (10.088458457000058 53.646679975000040)","Unfall 135681 (2021) Kat:3, Licht: 0","135681","3","2","2","03","16","1","","0","0","1","0","0"
"POINT (9.990377312000021 53.487092889000053)","Unfall 135682 (2021) Kat:3, Licht: 1","135682","3","7","8","02","19","3","","1","1","0","0","0"
"POINT (10.094560799000021 53.639272969000046)","Unfall 135683 (2021) Kat:3, Licht: 0","135683","3","2","2","04","14","5","","0","0","1","0","0"
"POINT (9.953599535000023 53.545926600000030)","Unfall 135684 (2021) Kat:3, Licht: 0","135684","3","2","3","04","16","6","","0","1","1","0","0"
"POINT (10.213303183000050 53.484393473000068)","Unfall 135685 (2021) Kat:3, Licht: 2","135685","3","7","1","01","18","7","","2","0","1","0","0"
"POINT (9.869298802000060 53.579472292000048)","Unfall 135686 (2021) Kat:3, Licht: 0","135686","3","5","1","02","16","2","","0","0","1","0","0"
"POINT (9.972809546000065 53.584461729000054)","Unfall 135687 (2021) Kat:3, Licht: 0","135687","3","3","5","04","17","5","","0","1","1","0","0"
"POINT (10.024756123000031 53.627342598000041)","Unfall 135688 (2021) Kat:3, Licht: 2","135688","3","2","3","01","17","2","","2","1","1","0","0"
"POINT (10.166491310000026 53.605802067000070)","Unfall 135689 (2021) Kat:3, Licht: 0","135689","3","3","5","03","12","7","","0","0","1","0","0"
"POINT (10.010454637000066 53.576888267000072)","Unfall 135690 (2021) Kat:3, Licht: 0","135690","3","6","4","04","08","2","","0","0","1","0","0"
"POINT (9.993447081000056 53.558167973000081)","Unfall 135692 (2021) Kat:3, Licht: 0","135692","3","7","0","04","19","4","","0","1","0","0","0"
"POINT (10.140389803000062 53.542569763000074)","Unfall 135693 (2021) Kat:2, Licht: 0","135693","2","3","5","03","15","4","","0","1","1","0","0"
"POINT (10.124358285000028 53.588155503000053)","Unfall 135694 (2021) Kat:3, Licht: 0","135694","3","2","5","01","09","3","","0","0","1","0","0"
"POINT (10.137415069000042 53.608006747000047)","Unfall 135695 (2021) Kat:3, Licht: 2","135695","3","1","8","03","23","6","","2","0","1","0","0"
"POINT (10.049425215000042 53.580620146000058)","Unfall 135696 (2021) Kat:3, Licht: 2","135696","3","3","5","02","19","4","","2","0","1","0","0"
"POINT (9.949367167000048 53.558662133000041)","Unfall 135698 (2021) Kat:3, Licht: 2","135698","3","7","0","03","00","6","","2","0","0","0","1"
"POINT (10.066460543000062 53.584457454000074)","Unfall 135699 (2021) Kat:3, Licht: 0","135699","3","6","2","03","12","3","","0","0","1","0","0"
"POINT (9.994229626000049 53.597826976000079)","Unfall 135700 (2021) Kat:3, Licht: 0","135700","3","7","0","05","17","3","","0","0","0","0","1"
"POINT (10.152442206000046 53.489787859000046)","Unfall 135701 (2021) Kat:2, Licht: 1","135701","2","1","0","01","16","6","","1","0","1","0","0"
"POINT (10.019626287000051 53.489720528000078)","Unfall 135702 (2021) Kat:3, Licht: 0","135702","3","6","2","04","15","7","","0","0","1","0","0"
"POINT (10.066375195000035 53.563748810000050)","Unfall 135704 (2021) Kat:3, Licht: 1","135704","3","6","2","01","16","6","","1","0","1","0","0"
"POINT (9.993762995000054 53.599214097000072)","Unfall 135705 (2021) Kat:3, Licht: 0","135705","3","3","5","03","09","2","","0","1","1","0","0"
"POINT (10.024994078000077 53.602009306000070)","Unfall 135706 (2021) Kat:3, Licht: 2","135706","3","6","2","01","17","7","","2","0","1","0","0"
"POINT (9.901599763000036 53.497960416000069)","Unfall 135707 (2021) Kat:3, Licht: 2","135707","3","2","5","03","18","3","","2","0","1","0","0"
"POINT (10.014978261000067 53.570229905000076)","Unfall 135708 (2021) Kat:3, Licht: 0","135708","3","7","0","04","16","7","","0","1","0","0","0"
"POINT (10.149440634000030 53.620077408000043)","Unfall 135710 (2021) Kat:3, Licht: 0","135710","3","1","9","03","14","4","","0","0","1","0","0"
"POINT (10.201077295000061 53.492863413000066)","Unfall 135711 (2021) Kat:2, Licht: 0","135711","2","5","1","02","11","6","","0","1","1","0","0"
"POINT (9.952293081000050 53.618718532000059)","Unfall 135712 (2021) Kat:3, Licht: 0","135712","3","7","3","05","12","2","","0","0","1","0","0"
"POINT (10.058407797000029 53.667306415000041)","Unfall 135713 (2021) Kat:3, Licht: 0","135713","3","7","0","04","07","4","","0","0","0","0","1"
"POINT (10.107061637000072 53.653626464000070)","Unfall 135714 (2021) Kat:3, Licht: 2","135714","3","2","4","01","18","5","","2","0","1","0","0"
"POINT (10.056144754000059 53.569412825000029)","Unfall 135715 (2021) Kat:3, Licht: 0","135715","3","6","2","02","16","7","","0","0","1","0","0"
"POINT (10.150980516000061 53.595654748000072)","Unfall 135716 (2021) Kat:3, Licht: 2","135716","3","2","5","02","07","4","","2","1","1","0","0"
"POINT (10.005029657000023 53.453786748000027)","Unfall 135717 (2021) Kat:3, Licht: 2","135717","3","1","9","04","00","7","","2","0","1","0","0"
"POINT (10.054056368000033 53.608551475000070)","Unfall 135718 (2021) Kat:3, Licht: 2","135718","3","7","3","01","17","7","","2","0","1","0","0"
"POINT (9.936227543000030 53.551249284000050)","Unfall 135719 (2021) Kat:3, Licht: 0","135719","3","7","1","03","13","6","","0","0","1","0","0"
"POINT (9.946734868000021 53.557519199000069)","Unfall 135720 (2021) Kat:3, Licht: 2","135720","3","7","0","04","21","5","","2","1","0","0","0"
"POINT (10.008073392000028 53.552044835000061)","Unfall 135721 (2021) Kat:3, Licht: 0","135721","3","4","6","03","15","2","","0","0","0","1","0"
"POINT (10.088657700000056 53.517554939000036)","Unfall 135722 (2021) Kat:3, Licht: 2","135722","3","7","0","02","06","3","","2","1","0","0","0"
"POINT (9.937596792000022 53.592625584000075)","Unfall 135723 (2021) Kat:3, Licht: 0","135723","3","2","3","04","14","4","","0","1","1","0","0"
"POINT (10.110259631000076 53.707425083000032)","Unfall 135724 (2021) Kat:3, Licht: 0","135724","3","6","6","04","12","7","","0","1","0","1","0"
"POINT (9.829432479000047 53.530183212000054)","Unfall 135725 (2021) Kat:3, Licht: 1","135725","3","1","9","01","16","6","","1","0","1","0","0"
"POINT (10.035314998000047 53.575125268000079)","Unfall 135726 (2021) Kat:3, Licht: 0","135726","3","7","0","03","07","5","","0","0","0","0","1"
"POINT (10.060708977000047 53.612741766000056)","Unfall 135727 (2021) Kat:3, Licht: 0","135727","3","4","6","02","10","7","","0","0","1","1","0"
"POINT (9.849062993000075 53.578165664000039)","Unfall 135728 (2021) Kat:3, Licht: 0","135728","3","6","3","04","12","3","","0","0","1","0","0"
"POINT (10.069708731000048 53.644587616000081)","Unfall 135729 (2021) Kat:3, Licht: 2","135729","3","1","1","01","19","7","","2","0","1","0","0"
"POINT (10.016082745000062 53.648590736000074)","Unfall 135730 (2021) Kat:3, Licht: 2","135730","3","5","1","03","18","7","","2","1","1","0","0"
"POINT (10.162598141000046 53.484894574000066)","Unfall 135731 (2021) Kat:3, Licht: 0","135731","3","4","6","02","15","5","","0","0","1","1","0"
"POINT (10.042902421000065 53.567061001000070)","Unfall 135732 (2021) Kat:2, Licht: 0","135732","2","6","6","04","17","6","","0","1","0","1","0"
"POINT (9.991757337000024 53.503276770000070)","Unfall 135734 (2021) Kat:3, Licht: 0","135734","3","3","5","04","17","2","","0","0","1","0","0"
"POINT (9.979640634000077 53.544342782000058)","Unfall 135735 (2021) Kat:3, Licht: 0","135735","3","6","2","03","12","4","","0","0","1","0","0"
"POINT (10.104761612000061 53.626172244000031)","Unfall 135736 (2021) Kat:3, Licht: 0","135736","3","3","5","01","09","4","","0","0","1","0","0"
"POINT (10.146162617000073 53.549492681000061)","Unfall 135737 (2021) Kat:3, Licht: 0","135737","3","3","5","03","16","3","","0","0","1","0","0"
"POINT (9.863330846000053 53.569987023000067)","Unfall 135738 (2021) Kat:3, Licht: 2","135738","3","4","6","02","19","3","","2","0","1","1","0"
"POINT (9.937902362000045 53.559513364000054)","Unfall 135739 (2021) Kat:3, Licht: 2","135739","3","7","0","04","20","6","","2","1","0","0","0"
"POINT (10.087169235000033 53.651881066000044)","Unfall 135740 (2021) Kat:2, Licht: 2","135740","2","1","8","01","17","6","","2","0","1","0","0"
"POINT (9.989589929000033 53.561560177000047)","Unfall 135741 (2021) Kat:3, Licht: 0","135741","3","7","0","02","12","2","","0","1","0","0","0"
"POINT (10.033532032000039 53.574071412000080)","Unfall 135742 (2021) Kat:3, Licht: 0","135742","3","6","2","02","11","6","","0","0","1","0","0"
"POINT (10.124558862000072 53.570864034000067)","Unfall 135743 (2021) Kat:3, Licht: 0","135743","3","6","3","04","13","3","","0","0","1","0","0"
"POINT (10.109641626000041 53.550342911000030)","Unfall 135744 (2021) Kat:3, Licht: 2","135744","3","3","5","01","19","7","","2","0","1","0","0"
"POINT (9.992536093000069 53.574388893000048)","Unfall 135745 (2021) Kat:3, Licht: 0","135745","3","2","3","03","15","2","","0","0","1","0","1"
"POINT (10.155133601000045 53.605708839000044)","Unfall 135746 (2021) Kat:3, Licht: 0","135746","3","4","6","04","16","2","","0","0","1","1","0"
"POINT (10.134849972000040 53.637570840000080)","Unfall 135748 (2021) Kat:3, Licht: 0","135748","3","3","5","04","09","3","","0","1","0","0","0"
"POINT (9.997066617000030 53.573083476000079)","Unfall 135749 (2021) Kat:2, Licht: 0","135749","2","7","0","03","12","4","","0","1","0","0","0"
"POINT (10.034029791000023 53.607759644000055)","Unfall 135750 (2021) Kat:3, Licht: 0","135750","3","2","5","01","14","7","","0","0","1","0","0"
"POINT (10.023308018000023 53.537817176000033)","Unfall 135751 (2021) Kat:2, Licht: 0","135751","2","3","5","03","11","6","","0","0","1","0","0"
"POINT (10.013558150000051 53.561080217000040)","Unfall 135752 (2021) Kat:3, Licht: 0","135752","3","5","2","02","08","3","","0","1","0","0","0"
"POINT (10.021478813000044 53.550660430000050)","Unfall 135754 (2021) Kat:3, Licht: 0","135754","3","6","6","03","07","6","","0","1","0","1","0"
"POINT (9.993157936000046 53.514046410000049)","Unfall 135755 (2021) Kat:3, Licht: 2","135755","3","3","5","03","20","4","","2","0","1","0","0"
"POINT (9.992277718000025 53.649082278000037)","Unfall 135756 (2021) Kat:3, Licht: 0","135756","3","3","5","05","07","3","","0","1","1","0","0"
"POINT (9.860855954000044 53.598004097000057)","Unfall 135757 (2021) Kat:3, Licht: 2","135757","3","3","5","01","18","1","","2","1","1","0","0"
"POINT (9.916040605000035 53.642744067000081)","Unfall 135758 (2021) Kat:3, Licht: 0","135758","3","6","2","04","12","6","","0","0","1","0","0"
"POINT (10.130901657000038 53.584200369000030)","Unfall 135760 (2021) Kat:3, Licht: 2","135760","3","2","4","01","07","5","","2","0","1","0","0"
"POINT (9.837565975000075 53.574229740000078)","Unfall 135761 (2021) Kat:3, Licht: 0","135761","3","6","2","03","07","2","","0","0","1","0","0"
"POINT (10.043052983000052 53.607763326000054)","Unfall 135762 (2021) Kat:3, Licht: 2","135762","3","2","6","01","07","3","","2","0","1","1","0"
"POINT (10.116638151000075 53.706228669000041)","Unfall 135763 (2021) Kat:3, Licht: 0","135763","3","3","5","03","14","2","","0","1","1","0","0"
"POINT (9.970385844000077 53.602246034000075)","Unfall 135764 (2021) Kat:3, Licht: 0","135764","3","3","5","04","15","6","","0","1","1","0","0"
"POINT (9.962529612000026 53.569931067000027)","Unfall 135766 (2021) Kat:3, Licht: 0","135766","3","7","0","03","07","5","","0","1","0","0","0"
"POINT (10.092644171000074 53.546588156000041)","Unfall 135767 (2021) Kat:3, Licht: 1","135767","3","3","5","02","17","1","","1","0","1","0","0"
"POINT (10.058896732000051 53.550855562000038)","Unfall 135768 (2021) Kat:3, Licht: 0","135768","3","2","5","05","16","1","","0","1","1","0","0"
"POINT (9.990150423000046 53.487735137000072)","Unfall 135769 (2021) Kat:3, Licht: 0","135769","3","6","3","04","11","3","","0","1","0","0","0"
"POINT (10.049768385000050 53.573736921000034)","Unfall 135770 (2021) Kat:3, Licht: 2","135770","3","3","0","01","21","5","","2","1","0","0","0"
"POINT (10.012406105000025 53.649220052000032)","Unfall 135771 (2021) Kat:2, Licht: 0","135771","2","3","5","02","12","6","","0","1","1","0","0"
"POINT (10.030077951000067 53.548222224000028)","Unfall 135772 (2021) Kat:3, Licht: 0","135772","3","7","3","04","19","7","","0","0","1","0","1"
"POINT (10.017059157000062 53.564055015000065)","Unfall 135773 (2021) Kat:2, Licht: 2","135773","2","3","5","01","17","7","","2","0","1","0","0"
"POINT (10.001385720000030 53.556081294000080)","Unfall 135774 (2021) Kat:2, Licht: 0","135774","2","2","3","03","16","7","","0","1","1","0","0"
"POINT (9.798897450000027 53.565960631000053)","Unfall 135775 (2021) Kat:3, Licht: 0","135775","3","6","2","04","12","4","","0","1","0","0","0"
"POINT (9.960832995000032 53.555303647000073)","Unfall 135776 (2021) Kat:3, Licht: 0","135776","3","4","6","03","16","3","","0","0","1","1","0"
"POINT (9.946392616000026 53.565110803000039)","Unfall 135777 (2021) Kat:3, Licht: 0","135777","3","7","0","02","06","5","","0","1","0","0","0"
"POINT (9.874718252000037 53.580189077000057)","Unfall 135778 (2021) Kat:3, Licht: 0","135778","3","7","1","04","14","6","","0","1","1","0","0"
"POINT (9.984284852000030 53.564276474000053)","Unfall 135779 (2021) Kat:3, Licht: 0","135779","3","6","1","03","10","4","","0","0","1","0","0"
"POINT (10.004494369000042 53.433603273000074)","Unfall 135780 (2021) Kat:3, Licht: 2","135780","3","3","5","01","21","7","","2","0","1","0","0"
"POINT (9.889951801000052 53.547759676000055)","Unfall 135781 (2021) Kat:3, Licht: 0","135781","3","6","2","03","16","5","","0","0","1","0","0"
"POINT (10.201849233000075 53.489061021000055)","Unfall 135782 (2021) Kat:3, Licht: 1","135782","3","2","5","02","18","2","","1","1","1","0","0"
"POINT (9.970575085000064 53.557255731000055)","Unfall 135783 (2021) Kat:3, Licht: 2","135783","3","6","3","02","18","7","","2","0","1","0","0"
"POINT (10.054834138000047 53.591831996000053)","Unfall 135784 (2021) Kat:2, Licht: 0","135784","2","2","4","04","09","5","","0","1","1","0","0"
"POINT (10.181137967000041 53.478231639000057)","Unfall 135785 (2021) Kat:3, Licht: 2","135785","3","7","1","01","07","3","","2","1","0","0","0"
"POINT (10.032606651000037 53.554653174000066)","Unfall 135786 (2021) Kat:3, Licht: 0","135786","3","6","2","03","13","4","","0","0","1","0","0"
"POINT (9.969096275000027 53.514295880000077)","Unfall 135787 (2021) Kat:3, Licht: 0","135787","3","6","2","02","15","4","","0","0","1","0","0"
"POINT (10.029445465000038 53.580215229000032)","Unfall 135788 (2021) Kat:3, Licht: 2","135788","3","5","1","04","21","6","","2","1","1","0","0"
"POINT (10.126428482000051 53.692777493000051)","Unfall 135790 (2021) Kat:2, Licht: 0","135790","2","4","6","03","14","3","","0","0","1","1","0"
"POINT (9.980936229000065 53.574601490000077)","Unfall 135791 (2021) Kat:3, Licht: 2","135791","3","7","6","01","18","6","","2","0","1","1","0"
"POINT (10.009191998000063 53.581367585000066)","Unfall 135792 (2021) Kat:3, Licht: 2","135792","3","4","6","03","18","7","","2","1","0","1","0"
"POINT (9.846179778000021 53.536299782000071)","Unfall 135793 (2021) Kat:3, Licht: 0","135793","3","7","0","02","14","4","","0","1","0","0","0"
"POINT (10.130518550000033 53.531126054000026)","Unfall 135795 (2021) Kat:3, Licht: 0","135795","3","2","2","03","16","5","","0","0","1","0","0"
"POINT (9.961459725000054 53.558982940000078)","Unfall 135796 (2021) Kat:3, Licht: 0","135796","3","7","7","03","10","3","","0","1","0","0","0"
"POINT (10.082287097000062 53.475041329000078)","Unfall 135797 (2021) Kat:3, Licht: 0","135797","3","3","5","05","10","1","","0","1","1","0","0"
"POINT (9.903571159000023 53.512802154000042)","Unfall 135798 (2021) Kat:3, Licht: 0","135798","3","6","4","04","11","3","","0","0","1","0","0"
"POINT (10.104976196000052 53.545115369000030)","Unfall 135799 (2021) Kat:3, Licht: 0","135799","3","2","4","01","10","4","","0","0","1","0","0"
"POINT (10.040579051000066 53.603316101000075)","Unfall 135800 (2021) Kat:3, Licht: 0","135800","3","3","5","02","13","5","","0","0","1","0","0"
"POINT (10.134042812000075 53.429251857000054)","Unfall 135801 (2021) Kat:3, Licht: 0","135801","3","5","1","04","11","5","","0","0","1","0","0"
"POINT (10.016586583000048 53.563427681000064)","Unfall 135802 (2021) Kat:3, Licht: 0","135802","3","6","2","01","11","5","","0","0","1","0","0"
"POINT (10.031592556000021 53.596586999000067)","Unfall 135803 (2021) Kat:3, Licht: 0","135803","3","6","2","03","10","5","","0","0","1","0","0"
"POINT (10.045944461000033 53.608207914000047)","Unfall 135804 (2021) Kat:3, Licht: 0","135804","3","3","5","04","19","1","","0","1","1","0","0"
"POINT (10.081777858000066 53.601683895000065)","Unfall 135806 (2021) Kat:3, Licht: 2","135806","3","1","9","03","02","1","","2","0","1","0","0"
"POINT (10.009867402000054 53.552077976000078)","Unfall 135807 (2021) Kat:3, Licht: 0","135807","3","3","0","02","16","4","","0","1","1","0","0"
"POINT (9.927992485000061 53.642947139000057)","Unfall 135808 (2021) Kat:3, Licht: 0","135808","3","6","6","04","12","6","","0","1","0","1","0"
"POINT (10.008778545000041 53.552505542000063)","Unfall 135809 (2021) Kat:2, Licht: 0","135809","2","6","6","04","19","1","","0","0","0","1","0"
"POINT (9.987834096000029 53.582013374000041)","Unfall 135810 (2021) Kat:3, Licht: 2","135810","3","3","6","01","19","2","","2","0","1","1","0"
"POINT (9.919199312000046 53.549280086000067)","Unfall 135812 (2021) Kat:3, Licht: 0","135812","3","5","1","03","10","6","","0","1","1","0","0"
"POINT (10.018243745000063 53.649470724000082)","Unfall 135813 (2021) Kat:3, Licht: 0","135813","3","6","0","03","10","4","","0","0","1","0","0"
"POINT (9.857865322000066 53.582114328000046)","Unfall 135814 (2021) Kat:3, Licht: 0","135814","3","3","5","05","14","1","","0","1","1","0","0"
"POINT (10.081467449000058 53.584145449000061)","Unfall 135815 (2021) Kat:3, Licht: 1","135815","3","5","1","04","18","3","","1","1","1","0","0"
"POINT (9.940425910000044 53.619349201000034)","Unfall 135816 (2021) Kat:3, Licht: 0","135816","3","7","0","01","09","4","","0","1","0","0","0"
"POINT (9.910354987000062 53.632775599000070)","Unfall 135817 (2021) Kat:3, Licht: 0","135817","3","3","5","02","09","6","","0","0","1","0","0"
"POINT (9.787324290000072 53.506559692000053)","Unfall 135818 (2021) Kat:2, Licht: 0","135818","2","6","4","03","16","7","","0","0","1","0","0"
"POINT (10.082479508000063 53.534901149000063)","Unfall 135819 (2021) Kat:3, Licht: 0","135819","3","2","5","01","13","6","","0","0","1","0","0"
"POINT (9.993442645000073 53.516250966000030)","Unfall 135820 (2021) Kat:3, Licht: 0","135820","3","6","3","03","15","6","","0","0","0","0","0"
"POINT (10.101675886000066 53.589572400000065)","Unfall 135821 (2021) Kat:3, Licht: 1","135821","3","3","5","02","16","7","","1","0","1","0","0"
"POINT (10.033888949000072 53.607923090000043)","Unfall 135822 (2021) Kat:3, Licht: 0","135822","3","2","4","04","16","6","","0","0","1","0","0"
"POINT (10.139035386000046 53.570719083000029)","Unfall 135824 (2021) Kat:2, Licht: 1","135824","2","7","4","03","18","4","","1","0","1","0","0"
"POINT (10.219441010000025 53.446855502000062)","Unfall 135825 (2021) Kat:3, Licht: 0","135825","3","3","6","02","12","7","","0","0","1","1","0"
"POINT (10.150800716000049 53.609121138000035)","Unfall 135826 (2021) Kat:3, Licht: 0","135826","3","7","0","04","19","4","","0","0","0","0","0"
"POINT (9.868075853000050 53.591146514000059)","Unfall 135827 (2021) Kat:2, Licht: 2","135827","2","1","8","04","22","2","","2","0","1","0","0"
"POINT (10.085195343000066 53.586188916000026)","Unfall 135828 (2021) Kat:3, Licht: 0","135828","3","7","0","01","16","6","","0","0","0","0","1"
"POINT (10.108591930000046 53.581590865000067)","Unfall 135829 (2021) Kat:3, Licht: 2","135829","3","2","6","02","20","3","","2","0","1","1","0"