WKT,Name,OBJECTID,UKATEGORIE,UTYP1,UART,UMONAT,USTUNDE,UWOCHENTAG,STRZUSTAND,ULICHTVERH,ISTRAD,ISTPKW,ISTFUSS,ISTKRAD
"POINT (10.116736745000026 53.608019009000031)","Unfall 135830 (2021) Kat:3, Licht: 0","135830","3","4","6","04","15","6","","0","0","1","1","0"
"POINT (9.981384494000054 53.585328636000042)","Unfall 135831 (2021) Kat:3, Licht: 0","135831","3","7","6","01","16","7","","0","1","0","1","0"
"POINT (9.949324368000021 53.453387735000035)","Unfall 135832 (2021) Kat:3, Licht: 0","135832","3","1","1","03","08","6","","0","0","1","0","0"
"POINT (9.925621836000062 53.548849119000067)","Unfall 135833 (2021) Kat:3, Licht: 0","135833","3","7","0","04","15","4","","0","1","0","0","0"
"POINT (10.139009594000072 53.541468199000064)","Unfall 135834 (2021) Kat:3, Licht: 0","135834","3","7","0","02","13","3","","0","1","0","0","0"
"POINT (10.086011492000068 53.571842355000058)","Unfall 135835 (2021) Kat:3, Licht: 0","135835","3","3","5","04","14","3","","0","1","1","0","0"
"POINT (9.952562481000029 53.598773704000052)","Unfall 135836 (2021) Kat:3, Licht: 0","135836","3","3","5","03","10","4","","0","1","0","0","0"
"POINT (9.951948376000075 53.582008210000026)","Unfall 135837 (2021) Kat:3, Licht: 2","135837","3","6","4","01","05","4","","2","1","0","0","0"
"POINT (9.987928606000025 53.555410841000082)","Unfall 135838 (2021) Kat:3, Licht: 0","135838","3","7","0","03","13","7","","0","1","0","0","0"
"POINT (9.925543762000075 53.560021929000072)","Unfall 135839 (2021) Kat:3, Licht: 0","135839","3","4","6","02","11","2","","0","0","1","1","0"
"POINT (9.912107753000043 53.633172789000071)","Unfall 135840 (2021) Kat:3, Licht: 0","135840","3","7","0","02","08","4","","0","1","0","0","0"
"POINT (10.021074441000053 53.649152662000063)","Unfall 135841 (2021) Kat:3, Licht: 0","135841","3","4","6","04","11","3","","0","1","0","1","0"
"POINT (10.040273180000042 53.580376721000050)","Unfall 135842 (2021) Kat:3, Licht: 2","135842","3","3","5","01","07","4","","2","1","0","0","0"
"POINT (9.757484443000067 53.580940985000041)","Unfall 135843 (2021) Kat:2, Licht: 1","135843","2","7","0","03","07","6","","1","1","0","0","0"
"POINT (9.941522891000034 53.564274945000079)","Unfall 135844 (2021) Kat:3, Licht: 0","135844","3","3","5","02","10","5","","0","1","1","0","0"
"POINT (9.948125580000067 53.544404400000076)","Unfall 135845 (2021) Kat:3, Licht: 0","135845","3","7","0","04","07","1","","0","1","0","0","0"
"POINT (10.051546000000030 53.564428489000079)","Unfall 135847 (2021) Kat:3, Licht: 0","135847","3","3","5","03","16","2","","0","0","1","0","0"
"POINT (9.815258775000075 53.563127972000075)","Unfall 135848 (2021) Kat:3, Licht: 2","135848","3","2","4","01","19","6","","2","0","1","0","0"
"POINT (10.050458148000075 53.574769720000063)","Unfall 135849 (2021) Kat:3, Licht: 0","135849","3","3","5","03","17","4","","0","1","1","0","0"
"POINT (10.016598583000075 53.616222354000058)","Unfall 135850 (2021) Kat:3, Licht: 0","135850","3","6","2","02","13","7","","0","1","0","0","0"
"POINT (9.977827546000071 53.555873708000036)","Unfall 135851 (2021) Kat:2, Licht: 0","135851","2","4","6","04","18","3","","0","0","1","1","0"
"POINT (9.989937743000041 53.455546621000053)","Unfall 135853 (2021) Kat:3, Licht: 2","135853","3","5","1","03","20","3","","2","0","1","0","0"
"POINT (10.015325140000073 53.632930062000071)","Unfall 135854 (2021) Kat:3, Licht: 0","135854","3","2","4","02","15","1","","0","1","1","0","0"
"POINT (10.109733501000051 53.622911983000051)","Unfall 135855 (2021) Kat:3, Licht: 0","135855","3","2","3","05","13","7","","0","0","1","0","0"
"POINT (9.954708638000056 53.632971391000069)","Unfall 135856 (2021) Kat:3, Licht: 0","135856","3","3","5","04","15","3","","0","1","1","0","0"
"POINT (10.209189732000027 53.489872297000034)","Unfall 135857 (2021) Kat:3, Licht: 0","135857","3","7","0","01","16","3","","0","1","0","0","0"
"POINT (10.015665753000064 53.562663612000051)","Unfall 135858 (2021) Kat:3, Licht: 0","135858","3","3","5","02","11","5","","0","0","1","0","0"
"POINT (10.002122143000065 53.557006425000054)","Unfall 135859 (2021) Kat:2, Licht: 0","135859","2","3","5","04","06","2","","0","0","1","0","0"
"POINT (9.906645013000059 53.598327547000054)","Unfall 135860 (2021) Kat:3, Licht: 1","135860","3","6","2","01","07","2","","1","0","1","0","0"
"POINT (9.881005137000045 53.572153817000071)","Unfall 135861 (2021) Kat:3, Licht: 0","135861","3","4","6","03","15","6","","0","0","1","1","0"
"POINT (10.058659669000065 53.556049688000030)","Unfall 135862 (2021) Kat:3, Licht: 0","135862","3","6","1","04","14","6","","0","0","1","0","0"
"POINT (9.978714691000050 53.460885020000035)","Unfall 135863 (2021) Kat:3, Licht: 0","135863","3","4","6","03","09","2","","0","1","0","1","0"
"POINT (10.019091375000073 53.632886199000041)","Unfall 135864 (2021) Kat:3, Licht: 0","135864","3","6","6","02","16","5","","0","1","0","1","0"
"POINT (9.794172755000034 53.515091160000054)","Unfall 135865 (2021) Kat:3, Licht: 0","135865","3","3","6","04","14","4","","0","0","1","1","0"
"POINT (9.854368955000041 53.471118568000065)","Unfall 135866 (2021) Kat:3, Licht: 0","135866","3","3","5","03","19","4","","0","0","1","0","1"
"POINT (9.944349522000039 53.585088067000072)","Unfall 135867 (2021) Kat:3, Licht: 0","135867","3","7","0","01","12","6","","0","1","0","0","0"
"POINT (10.075439269000071 53.618372978000082)","Unfall 135868 (2021) Kat:3, Licht: 0","135868","3","4","6","02","14","2","","0","1","0","1","0"
"POINT (9.899219927000047 53.479926099000068)","Unfall 135869 (2021) Kat:3, Licht: 0","135869","3","6","2","02","13","6","","0","0","1","0","0"
"POINT (9.864134416000070 53.455890261000036)","Unfall 135870 (2021) Kat:2, Licht: 0","135870","2","7","0","04","14","3","","0","1","0","0","0"
"POINT (10.102191408000067 53.580244220000054)","Unfall 135871 (2021) Kat:3, Licht: 2","135871","3","7","9","01","22","2","","2","0","1","0","0"
"POINT (10.085165324000059 53.577316080000060)","Unfall 135872 (2021) Kat:3, Licht: 0","135872","3","6","2","03","16","2","","0","0","1","0","0"
"POINT (10.057686315000069 53.553994399000032)","Unfall 135873 (2021) Kat:3, Licht: 0","135873","3","3","5","04","09","5","","0","0","1","0","0"
"POINT (10.069944965000047 53.608737985000062)","Unfall 135875 (2021) Kat:3, Licht: 1","135875","3","3","5","04","20","2","","1","1","1","0","0"
"POINT (9.991545392000035 53.424933014000032)","Unfall 135876 (2021) Kat:3, Licht: 0","135876","3","3","5","03","12","4","","0","0","1","0","0"
"POINT (10.072194857000056 53.608712320000052)","Unfall 135877 (2021) Kat:3, Licht: 2","135877","3","2","6","01","07","3","","2","0","1","1","0"
"POINT (10.103279851000025 53.575118118000034)","Unfall 135878 (2021) Kat:3, Licht: 0","135878","3","1","8","03","10","5","","0","0","1","0","0"
"POINT (10.100509189000036 53.564187815000082)","Unfall 135879 (2021) Kat:3, Licht: 0","135879","3","7","0","02","17","1","","0","1","0","0","0"
"POINT (10.128193778000025 53.601011031000041)","Unfall 135880 (2021) Kat:3, Licht: 0","135880","3","6","1","02","16","1","","0","0","1","0","0"
"POINT (10.059076224000023 53.574030500000049)","Unfall 135882 (2021) Kat:3, Licht: 2","135882","3","6","2","03","20","4","","2","0","1","0","0"
"POINT (9.978554552000048 53.436594970000044)","Unfall 135883 (2021) Kat:3, Licht: 0","135883","3","3","6","02","11","2","","0","0","1","1","0"
"POINT (9.942894254000066 53.578249284000037)","Unfall 135884 (2021) Kat:3, Licht: 0","135884","3","6","2","04","13","5","","0","1","1","0","0"
"POINT (10.009417648000067 53.578323730000079)","Unfall 135885 (2021) Kat:3, Licht: 0","135885","3","2","3","01","10","7","","0","0","1","0","0"
"POINT (9.885933112000032 53.546510473000069)","Unfall 135886 (2021) Kat:3, Licht: 0","135886","3","6","2","03","15","7","","0","0","1","0","0"
"POINT (9.919711996000046 53.550955390000070)","Unfall 135887 (2021) Kat:2, Licht: 0","135887","2","5","1","04","11","2","","0","1","1","0","0"
"POINT (9.883036278000077 53.593200583000055)","Unfall 135888 (2021) Kat:3, Licht: 0","135888","3","6","2","04","12","4","","0","0","1","0","0"
"POINT (10.035257614000045 53.602978291000056)","Unfall 135889 (2021) Kat:3, Licht: 0","135889","3","7","4","03","16","4","","0","0","1","0","0"
"POINT (9.970126951000054 53.512615496000080)","Unfall 135890 (2021) Kat:3, Licht: 0","135890","3","6","2","01","12","5","","0","0","0","0","0"
"POINT (10.076297163000049 53.566782819000082)","Unfall 135891 (2021) Kat:2, Licht: 0","135891","2","2","4","03","12","6","","0","0","1","0","0"
"POINT (10.004101789000060 53.490816483000060)","Unfall 135892 (2021) Kat:3, Licht: 1","135892","3","6","2","02","20","1","","1","0","1","0","0"
"POINT (10.017019361000052 53.564020816000038)","Unfall 135894 (2021) Kat:3, Licht: 0","135894","3","3","5","03","15","4","","0","0","1","0","0"
"POINT (10.051217052000027 53.586618085000055)","Unfall 135895 (2021) Kat:3, Licht: 0","135895","3","3","5","05","13","4","","0","0","1","0","0"
"POINT (9.997499328000060 53.480521958000054)","Unfall 135896 (2021) Kat:3, Licht: 2","135896","3","1","3","01","19","6","","2","0","1","0","0"
"POINT (9.953712376000055 53.551260254000056)","Unfall 135897 (2021) Kat:3, Licht: 0","135897","3","2","3","04","16","6","","0","0","1","0","0"
"POINT (10.108899988000076 53.536919960000034)","Unfall 135899 (2021) Kat:3, Licht: 0","135899","3","7","0","03","16","3","","0","0","1","0","0"
"POINT (10.032069802000024 53.540552726000044)","Unfall 135900 (2021) Kat:3, Licht: 2","135900","3","2","3","01","05","4","","2","1","1","0","0"
"POINT (10.083790648000047 53.618143227000076)","Unfall 135901 (2021) Kat:3, Licht: 2","135901","3","3","5","03","20","7","","2","0","1","0","0"
"POINT (10.013331116000074 53.520915632000026)","Unfall 135902 (2021) Kat:3, Licht: 0","135902","3","7","6","04","12","2","","0","0","0","1","0"
"POINT (10.041194274000077 53.608029577000082)","Unfall 135904 (2021) Kat:3, Licht: 0","135904","3","6","2","03","14","4","","0","0","1","0","0"
"POINT (9.982172708000064 53.518913715000053)","Unfall 135905 (2021) Kat:3, Licht: 0","135905","3","5","1","02","12","5","","0","1","0","0","0"
"POINT (10.017495111000073 53.591756400000065)","Unfall 135906 (2021) Kat:2, Licht: 0","135906","2","6","3","05","13","1","","0","1","0","0","0"
"POINT (9.892669426000055 53.573976554000069)","Unfall 135907 (2021) Kat:3, Licht: 0","135907","3","1","0","04","07","4","","0","0","0","0","1"
"POINT (10.130082203000029 53.599662596000030)","Unfall 135908 (2021) Kat:3, Licht: 2","135908","3","2","5","01","18","2","","2","0","1","0","0"
"POINT (9.922267059000035 53.546174844000063)","Unfall 135909 (2021) Kat:3, Licht: 0","135909","3","7","4","02","16","6","","0","0","1","0","1"
"POINT (9.914586414000041 53.512173821000033)","Unfall 135910 (2021) Kat:3, Licht: 2","135910","3","7","0","04","21","5","","2","1","0","0","0"
"POINT (10.101478883000027 53.440303856000071)","Unfall 135911 (2021) Kat:3, Licht: 2","135911","3","1","8","01","17","1","","2","0","0","0","1"
"POINT (9.978336008000042 53.578875644000050)","Unfall 135912 (2021) Kat:3, Licht: 1","135912","3","3","5","03","17","6","","1","0","1","0","1"
"POINT (10.015622554000061 53.562689141000078)","Unfall 135913 (2021) Kat:3, Licht: 0","135913","3","3","5","04","09","6","","0","0","1","0","0"
"POINT (10.137225400000034 53.675182972000073)","Unfall 135914 (2021) Kat:3, Licht: 0","135914","3","5","0","03","12","2","","0","0","1","0","0"
"POINT (10.090824303000034 53.502707712000074)","Unfall 135915 (2021) Kat:3, Licht: 0","135915","3","6","1","02","13","4","","0","0","1","0","1"
"POINT (9.991574729000035 53.502598795000040)","Unfall 135916 (2021) Kat:3, Licht: 0","135916","3","3","5","04","17","4","","0","0","1","0","0"
"POINT (10.111133460000076 53.623279486000058)","Unfall 135917 (2021) Kat:3, Licht: 0","135917","3","3","5","04","20","6","","0","0","1","0","0"
"POINT (9.793361128000072 53.586551770000028)","Unfall 135918 (2021) Kat:3, Licht: 0","135918","3","4","6","01","16","5","","0","1","0","1","0"
"POINT (10.010181828000043 53.581627565000076)","Unfall 135919 (2021) Kat:3, Licht: 1","135919","3","5","0","02","07","2","","1","1","1","0","0"
"POINT (10.106500321000055 53.605850789000044)","Unfall 135920 (2021) Kat:3, Licht: 2","135920","3","2","4","02","06","7","","2","0","1","0","0"
"POINT (10.076161375000027 53.566969724000046)","Unfall 135921 (2021) Kat:3, Licht: 0","135921","3","6","2","04","16","3","","0","0","1","0","0"
"POINT (9.964713496000059 53.492974109000045)","Unfall 135922 (2021) Kat:3, Licht: 2","135922","3","6","4","01","05","2","","2","1","0","0","0"
"POINT (9.755881336000073 53.565076844000032)","Unfall 135923 (2021) Kat:2, Licht: 1","135923","2","7","0","03","17","7","","1","1","0","0","0"
"POINT (10.124359050000066 53.570970338000052)","Unfall 135924 (2021) Kat:2, Licht: 0","135924","2","2","6","04","16","4","","0","0","1","1","0"
"POINT (9.908048988000075 53.585908492000044)","Unfall 135926 (2021) Kat:3, Licht: 0","135926","3","6","2","04","18","2","","0","0","1","0","0"
"POINT (10.183653858000071 53.511703916000045)","Unfall 135927 (2021) Kat:3, Licht: 0","135927","3","6","2","03","13","3","","0","0","1","0","0"
"POINT (10.155188071000055 53.639735966000046)","Unfall 135928 (2021) Kat:3, Licht: 2","135928","3","2","6","01","21","2","","2","0","1","1","0"
"POINT (10.021740913000031 53.614735753000048)","Unfall 135929 (2021) Kat:3, Licht: 0","135929","3","2","5","03","17","6","","0","0","1","0","0"
"POINT (9.901678603000050 53.482381203000045)","Unfall 135930 (2021) Kat:3, Licht: 2","135930","3","6","2","02","19","3","","2","0","1","0","0"
"POINT (9.982558486000073 53.460381995000034)","Unfall 135932 (2021) Kat:3, Licht: 2","135932","3","4","6","03","19","6","","2","0","0","1","0"
"POINT (9.973392844000045 53.614086587000031)","Unfall 135933 (2021) Kat:3, Licht: 0","135933","3","3","5","03","14","3","","0","1","1","0","0"
"POINT (10.026892723000060 53.516981398000041)","Unfall 135934 (2021) Kat:3, Licht: 0","135934","3","1","0","05","12","3","","0","0","1","0","0"
"POINT (10.134910441000045 53.594268725000063)","Unfall 135935 (2021) Kat:3, Licht: 2","135935","3","6","1","01","21","6","","2","0","1","0","0"
"POINT (10.065602592000062 53.585535714000059)","Unfall 135936 (2021) Kat:3, Licht: 0","135936","3","6","4","04","14","7","","0","0","1","0","0"
"POINT (10.044512547000068 53.609061517000043)","Unfall 135938 (2021) Kat:3, Licht: 0","135938","3","6","2","01","15","6","","0","0","1","0","0"
"POINT (10.013054622000027 53.644314531000077)","Unfall 135939 (2021) Kat:3, Licht: 1","135939","3","3","5","03","18","1","","1","0","1","0","0"
"POINT (9.887192019000054 53.530612859000030)","Unfall 135940 (2021) Kat:3, Licht: 0","135940","3","5","1","01","10","5","","0","0","1","0","0"
"POINT (10.133722227000021 53.595209032000071)","Unfall 135941 (2021) Kat:3, Licht: 0","135941","3","4","6","03","13","3","","0","0","0","1","0"
"POINT (10.167499701000054 53.505362222000031)","Unfall 135942 (2021) Kat:3, Licht: 0","135942","3","7","0","04","14","1","","0","1","0","0","0"
"POINT (10.014232150000055 53.578278287000046)","Unfall 135944 (2021) Kat:2, Licht: 0","135944","2","3","5","03","08","5","","0","1","1","0","0"
"POINT (10.182672995000075 53.488503944000058)","Unfall 135945 (2021) Kat:3, Licht: 0","135945","3","2","5","03","15","2","","0","1","1","0","0"
"POINT (10.025394022000057 53.600391107000064)","Unfall 135946 (2021) Kat:2, Licht: 0","135946","2","3","5","05","15","7","","0","0","1","0","0"
"POINT (9.878231174000064 53.480957523000029)","Unfall 135947 (2021) Kat:3, Licht: 0","135947","3","5","0","04","17","3","","0","1","1","0","0"
"POINT (9.975481032000062 53.558811135000042)","Unfall 135948 (2021) Kat:2, Licht: 2","135948","2","4","6","01","17","4","","2","0","1","1","0"
"POINT (10.179252608000070 53.499521505000075)","Unfall 135949 (2021) Kat:3, Licht: 0","135949","3","4","6","02","13","6","","0","0","1","1","0"
"POINT (10.048274291000041 53.533185071000048)","Unfall 135950 (2021) Kat:3, Licht: 0","135950","3","5","6","01","10","5","","0","0","1","1","0"
"POINT (10.085485315000028 53.551357654000071)","Unfall 135951 (2021) Kat:3, Licht: 0","135951","3","3","5","04","16","7","","0","0","1","0","0"
"POINT (10.121038447000046 53.564521812000066)","Unfall 135953 (2021) Kat:3, Licht: 2","135953","3","1","9","01","17","6","","2","0","1","0","0"
"POINT (10.042260307000049 53.572845362000066)","Unfall 135954 (2021) Kat:3, Licht: 0","135954","3","5","1","03","19","2","","0","1","1","0","0"
"POINT (10.050600964000068 53.593858284000078)","Unfall 135955 (2021) Kat:3, Licht: 2","135955","3","6","2","01","19","3","","2","0","1","0","0"
"POINT (9.898669322000046 53.592832749000081)","Unfall 135956 (2021) Kat:3, Licht: 0","135956","3","2","4","03","10","3","","0","0","1","0","0"
"POINT (10.143735729000070 53.593659943000034)","Unfall 135957 (2021) Kat:1, Licht: 0","135957","1","3","5","02","11","7","","0","1","0","0","0"
"POINT (10.060671304000039 53.570708283000045)","Unfall 135958 (2021) Kat:3, Licht: 0","135958","3","2","6","02","13","7","","0","0","1","1","0"
"POINT (10.014514644000030 53.597862110000051)","Unfall 135959 (2021) Kat:3, Licht: 0","135959","3","4","6","04","13","2","","0","0","1","1","0"
"POINT (10.039181782000071 53.648167213000079)","Unfall 135961 (2021) Kat:3, Licht: 0","135961","3","7","0","03","14","4","","0","1","0","0","0"
"POINT (9.993131799000025 53.639853534000054)","Unfall 135962 (2021) Kat:3, Licht: 2","135962","3","1","0","02","19","6","","2","0","0","0","1"
"POINT (9.901206878000039 53.619119267000031)","Unfall 135963 (2021) Kat:3, Licht: 0","135963","3","3","5","05","15","2","","0","0","1","0","0"
"POINT (10.011142105000033 53.647708674000057)","Unfall 135964 (2021) Kat:3, Licht: 0","135964","3","6","2","04","17","3","","0","0","1","0","0"
"POINT (9.953851929000052 53.545653699000070)","Unfall 135965 (2021) Kat:3, Licht: 0","135965","3","2","4","01","09","3","","0","1","1","0","0"
"POINT (10.040266952000025 53.545451981000042)","Unfall 135966 (2021) Kat:2, Licht: 0","135966","2","6","2","02","13","4","","0","0","0","0","0"
"POINT (9.862923988000034 53.574775488000057)","Unfall 135967 (2021) Kat:3, Licht: 0","135967","3","3","5","04","17","7","","0","1","1","0","0"
"POINT (10.057480046000023 53.566059120000034)","Unfall 135968 (2021) Kat:3, Licht: 1","135968","3","7","0","01","07","5","","1","1","0","0","0"
"POINT (9.954231757000059 53.494970683000076)","Unfall 135969 (2021) Kat:3, Licht: 0","135969","3","7","0","03","08","3","","0","1","0","0","0"
"POINT (10.201840715000060 53.489000831000055)","Unfall 135970 (2021) Kat:3, Licht: 0","135970","3","7","0","04","08","1","","0","0","0","0","0"
"POINT (10.085028224000041 53.610994874000028)","Unfall 135971 (2021) Kat:3, Licht: 0","135971","3","4","6","03","16","3","","0","0","0","1","0"
"POINT (9.922725852000042 53.548116472000061)","Unfall 135972 (2021) Kat:3, Licht: 0","135972","3","6","3","02","13","5","","0","1","0","0","1"
"POINT (10.086491385000045 53.606528826000044)","Unfall 135973 (2021) Kat:3, Licht: 0","135973","3","5","1","04","16","4","","0","1","1","0","0"
"POINT (10.015552933000038 53.562685549000037)","Unfall 135974 (2021) Kat:2, Licht: 0","135974","2","3","5","04","11","1","","0","0","1","0","0"
"POINT (9.978307097000027 53.572131127000034)","Unfall 135975 (2021) Kat:3, Licht: 2","135975","3","2","4","01","06","6","","2","0","1","0","0"
"POINT (9.991052651000075 53.549501973000076)","Unfall 135976 (2021) Kat:3, Licht: 0","135976","3","7","0","03","08","2","","0","1","0","0","0"
"POINT (9.981946174000029 53.417764330000068)","Unfall 135977 (2021) Kat:3, Licht: 0","135977","3","2","5","02","11","2","","0","0","1","0","1"
"POINT (9.922499522000066 53.557422773000042)","Unfall 135978 (2021) Kat:3, Licht: 0","135978","3","3","5","02","11","7","","0","0","1","0","0"
"POINT (10.111009702000047 53.703203429000041)","Unfall 135979 (2021) Kat:3, Licht: 0","135979","3","5","1","04","17","3","","0","1","0","0","0"
"POINT (9.993207087000030 53.516286969000078)","Unfall 135980 (2021) Kat:3, Licht: 2","135980","3","2","4","01","19","3","","2","1","1","0","0"
"POINT (9.982033917000024 53.567966005000073)","Unfall 135981 (2021) Kat:3, Licht: 0","135981","3","4","6","03","17","7","","0","1","0","1","0"
"POINT (9.902219093000042 53.553158667000048)","Unfall 135982 (2021) Kat:3, Licht: 0","135982","3","4","6","04","10","5","","0","1","0","1","0"
"POINT (10.157883761000051 53.648794027000065)","Unfall 135984 (2021) Kat:3, Licht: 0","135984","3","3","5","04","14","2","","0","1","1","0","0"
"POINT (9.946205123000027 53.464431547000061)","Unfall 135985 (2021) Kat:2, Licht: 0","135985","2","7","0","03","13","3","","0","0","0","0","1"
"POINT (10.049824958000045 53.579492354000081)","Unfall 135986 (2021) Kat:3, Licht: 2","135986","3","4","6","01","17","4","","2","0","1","1","0"
"POINT (10.035614197000029 53.575041293000027)","Unfall 135987 (2021) Kat:3, Licht: 0","135987","3","2","4","03","17","5","","0","0","1","0","1"
"POINT (9.920773648000022 53.597664693000070)","Unfall 135988 (2021) Kat:3, Licht: 2","135988","3","6","4","02","21","1","","2","0","1","0","0"
"POINT (9.964203701000031 53.599774309000054)","Unfall 135990 (2021) Kat:3, Licht: 0","135990","3","6","2","03","09","6","","0","0","1","0","0"
"POINT (9.933090064000055 53.546525519000056)","Unfall 135991 (2021) Kat:3, Licht: 0","135991","3","7","0","03","13","4","","0","0","0","0","0"
"POINT (10.152461348000031 53.604019422000079)","Unfall 135992 (2021) Kat:3, Licht: 0","135992","3","4","6","05","07","3","","0","0","1","1","0"
"POINT (10.197789114000045 53.479652762000057)","Unfall 135993 (2021) Kat:3, Licht: 2","135993","3","2","3","01","17","6","","2","1","1","0","0"
"POINT (9.925502434000066 53.554804289000060)","Unfall 135994 (2021) Kat:3, Licht: 0","135994","3","5","1","04","18","3","","0","1","1","0","0"
"POINT (9.899544420000041 53.620887763000042)","Unfall 135995 (2021) Kat:3, Licht: 0","135995","3","3","5","01","08","5","","0","0","1","0","0"
"POINT (10.158596691000071 53.485287786000072)","Unfall 135996 (2021) Kat:3, Licht: 2","135996","3","1","8","01","23","1","","2","0","1","0","0"
"POINT (10.066369582000050 53.571874509000054)","Unfall 135997 (2021) Kat:3, Licht: 0","135997","3","6","2","03","13","7","","0","0","1","0","0"
"POINT (9.993951186000061 53.500048005000053)","Unfall 135998 (2021) Kat:3, Licht: 0","135998","3","6","3","01","13","6","","0","0","1","0","0"
"POINT (9.921164384000065 53.587229217000072)","Unfall 135999 (2021) Kat:3, Licht: 2","135999","3","6","4","03","18","7","","2","0","1","0","0"
"POINT (10.143782390000069 53.527501352000058)","Unfall 136000 (2021) Kat:3, Licht: 0","136000","3","3","5","04","07","6","","0","0","1","0","0"
"POINT (10.170132365000029 53.588638455000080)","Unfall 136002 (2021) Kat:3, Licht: 0","136002","3","1","4","03","16","4","","0","0","1","0","0"
"POINT (10.095413389000043 53.543553319000068)","Unfall 136003 (2021) Kat:3, Licht: 2","136003","3","6","4","02","22","1","","2","0","1","0","0"
"POINT (9.981856614000037 53.521060306000038)","Unfall 136004 (2021) Kat:2, Licht: 0","136004","2","2","6","04","15","5","","0","0","0","1","0"
"POINT (9.972390549000067 53.581549134000056)","Unfall 136005 (2021) Kat:3, Licht: 0","136005","3","6","3","02","11","3","","0","0","1","0","0"
"POINT (10.100580941000032 53.584649346000049)","Unfall 136006 (2021) Kat:3, Licht: 0","136006","3","2","4","04","17","6","","0","0","1","0","0"
"POINT (9.861012901000038 53.558580704000065)","Unfall 136007 (2021) Kat:3, Licht: 0","136007","3","7","0","01","13","2","","0","1","0","0","0"
"POINT (9.900184882000076 53.556244972000059)","Unfall 136008 (2021) Kat:2, Licht: 0","136008","2","7","8","02","16","7","","0","1","0","0","0"
"POINT (9.887305298000058 53.572820778000050)","Unfall 136009 (2021) Kat:3, Licht: 1","136009","3","7","6","02","17","6","","1","0","1","1","0"
"POINT (10.026912262000053 53.580554009000082)","Unfall 136010 (2021) Kat:3, Licht: 0","136010","3","4","6","04","18","6","","0","0","1","1","0"
"POINT (9.949410569000065 53.576465547000055)","Unfall 136011 (2021) Kat:3, Licht: 2","136011","3","6","6","01","17","5","","2","1","0","1","0"
"POINT (9.936098121000043 53.592458843000031)","Unfall 136012 (2021) Kat:3, Licht: 0","136012","3","3","5","03","07","2","","0","0","1","0","0"
"POINT (9.945060938000040 53.546312769000053)","Unfall 136013 (2021) Kat:2, Licht: 0","136013","2","3","5","04","17","2","","0","0","1","0","1"
"POINT (10.098885182000060 53.679495172000031)","Unfall 136014 (2021) Kat:3, Licht: 0","136014","3","1","8","03","07","3","","0","0","1","0","0"
"POINT (10.153899011000021 53.614624710000044)","Unfall 136015 (2021) Kat:2, Licht: 0","136015","2","3","5","02","07","4","","0","1","1","0","0"
"POINT (10.149829963000059 53.526164846000029)","Unfall 136016 (2021) Kat:3, Licht: 0","136016","3","3","5","04","19","3","","0","1","1","0","0"
"POINT (10.121669465000025 53.565567496000028)","Unfall 136017 (2021) Kat:3, Licht: 1","136017","3","6","2","03","19","3","","1","0","1","0","0"
"POINT (9.810270981000031 53.528939749000074)","Unfall 136018 (2021) Kat:3, Licht: 0","136018","3","6","2","01","12","2","","0","0","1","0","0"
"POINT (10.045672624000076 53.588552166000056)","Unfall 136019 (2021) Kat:2, Licht: 0","136019","2","2","5","03","12","7","","0","1","0","0","0"
"POINT (10.017341944000066 53.536696398000061)","Unfall 136020 (2021) Kat:3, Licht: 0","136020","3","1","9","02","12","4","","0","0","0","0","0"
"POINT (9.933828614000049 53.592414019000046)","Unfall 136021 (2021) Kat:3, Licht: 0","136021","3","2","2","04","17","5","","0","1","1","0","0"
"POINT (10.122614685000030 53.567584937000049)","Unfall 136022 (2021) Kat:3, Licht: 0","136022","3","6","2","01","11","7","","0","0","1","0","0"
"POINT (10.003442975000041 53.579781913000033)","Unfall 136023 (2021) Kat:3, Licht: 0","136023","3","6","3","03","16","6","","0","1","1","0","0"
"POINT (10.104680045000066 53.538874954000050)","Unfall 136024 (2021) Kat:2, Licht: 0","136024","2","4","6","05","06","2","","0","1","0","1","0"
"POINT (9.986642054000072 53.581270057000040)","Unfall 136025 (2021) Kat:3, Licht: 0","136025","3","7","1","02","13","4","","0","1","1","0","0"
"POINT (9.964177463000055 53.558057960000042)","Unfall 136026 (2021) Kat:2, Licht: 0","136026","2","3","5","04","15","7","","0","1","0","0","0"
"POINT (10.098638960000073 53.536002517000043)","Unfall 136028 (2021) Kat:3, Licht: 0","136028","3","2","3","04","10","7","","0","1","1","0","0"
"POINT (10.110303004000059 53.551115177000042)","Unfall 136029 (2021) Kat:3, Licht: 2","136029","3","6","1","01","17","4","","2","0","1","0","0"
"POINT (10.015819359000034 53.551835723000067)","Unfall 136030 (2021) Kat:3, Licht: 2","136030","3","3","5","03","18","6","","2","0","1","0","0"
"POINT (10.170148431000030 53.627151643000047)","Unfall 136031 (2021) Kat:3, Licht: 0","136031","3","6","3","04","12","2","","0","1","1","0","0"
"POINT (9.959538529000042 53.564320394000049)","Unfall 136032 (2021) Kat:3, Licht: 0","136032","3","3","5","03","07","2","","0","1","1","0","0"