WKT,Name,OBJECTID,UKATEGORIE,UTYP1,UART,UMONAT,USTUNDE,UWOCHENTAG,STRZUSTAND,ULICHTVERH,ISTRAD,ISTPKW,ISTFUSS,ISTKRAD
"POINT (9.949683963000041 53.576394345000040)","Unfall 136033 (2021) Kat:3, Licht: 0","136033","3","7","0","02","13","4","","0","1","0","0","0"
"POINT (9.933819673000073 53.476734854000028)","Unfall 136034 (2021) Kat:3, Licht: 0","136034","3","3","5","04","12","6","","0","0","1","0","0"
"POINT (9.951515472000040 53.566454820000047)","Unfall 136035 (2021) Kat:3, Licht: 0","136035","3","7","0","04","18","7","","0","1","0","0","0"
"POINT (9.933340317000045 53.566748248000067)","Unfall 136036 (2021) Kat:3, Licht: 0","136036","3","3","5","01","09","6","","0","1","0","0","0"
"POINT (10.053738429000077 53.564730463000046)","Unfall 136037 (2021) Kat:3, Licht: 0","136037","3","2","3","03","07","5","","0","1","1","0","0"
"POINT (9.967770312000027 53.636343609000050)","Unfall 136038 (2021) Kat:2, Licht: 2","136038","2","7","5","02","05","6","","2","0","1","0","0"
"POINT (9.885780708000027 53.621508661000064)","Unfall 136039 (2021) Kat:3, Licht: 0","136039","3","7","0","04","13","3","","0","1","0","0","0"
"POINT (10.034343619000026 53.606220377000056)","Unfall 136040 (2021) Kat:3, Licht: 0","136040","3","2","0","01","08","2","","0","0","1","1","0"
"POINT (10.081355434000045 53.593097073000081)","Unfall 136041 (2021) Kat:3, Licht: 0","136041","3","7","3","03","10","2","","0","0","1","0","0"
"POINT (10.011208646000057 53.648938667000039)","Unfall 136042 (2021) Kat:3, Licht: 0","136042","3","7","3","02","12","5","","0","0","1","0","0"
"POINT (9.934802830000024 53.430872887000078)","Unfall 136043 (2021) Kat:3, Licht: 0","136043","3","3","5","04","09","5","","0","0","1","0","0"
"POINT (10.097941327000058 53.448834219000048)","Unfall 136045 (2021) Kat:2, Licht: 0","136045","2","7","8","04","13","3","","0","0","1","0","0"
"POINT (9.895313615000020 53.557348696000076)","Unfall 136046 (2021) Kat:2, Licht: 0","136046","2","3","5","03","19","4","","0","0","1","0","0"
"POINT (9.956806369000049 53.469157893000045)","Unfall 136047 (2021) Kat:3, Licht: 0","136047","3","4","6","01","15","7","","0","0","1","1","0"
"POINT (10.113773604000073 53.624792200000059)","Unfall 136048 (2021) Kat:3, Licht: 0","136048","3","3","5","03","10","2","","0","0","1","0","0"
"POINT (9.956415818000039 53.582659598000077)","Unfall 136049 (2021) Kat:3, Licht: 1","136049","3","4","6","02","06","5","","1","0","1","1","0"
"POINT (9.987327736000054 53.590371366000056)","Unfall 136051 (2021) Kat:3, Licht: 0","136051","3","4","0","03","12","6","","0","1","1","1","0"
"POINT (9.983389819000024 53.460095794000040)","Unfall 136052 (2021) Kat:2, Licht: 0","136052","2","4","6","03","10","3","","0","0","0","1","0"
"POINT (10.104553267000028 53.653355432000069)","Unfall 136053 (2021) Kat:3, Licht: 0","136053","3","6","3","05","12","1","","0","1","1","0","0"
"POINT (10.103786104000051 53.701925699000071)","Unfall 136054 (2021) Kat:3, Licht: 1","136054","3","3","5","02","17","3","","1","1","1","0","0"
"POINT (9.940354156000069 53.579038326000045)","Unfall 136055 (2021) Kat:3, Licht: 0","136055","3","2","3","04","15","3","","0","0","1","0","0"
"POINT (10.122061550000069 53.566154239000070)","Unfall 136056 (2021) Kat:3, Licht: 0","136056","3","2","2","01","14","2","","0","0","1","0","0"
"POINT (10.010360152000032 53.615391305000060)","Unfall 136057 (2021) Kat:3, Licht: 0","136057","3","4","6","02","15","5","","0","0","1","1","0"
"POINT (9.995694739000044 53.572969536000073)","Unfall 136058 (2021) Kat:3, Licht: 0","136058","3","7","0","03","18","3","","0","1","0","0","0"
"POINT (10.054365241000028 53.609806354000057)","Unfall 136059 (2021) Kat:3, Licht: 2","136059","3","3","5","01","05","6","","2","1","1","0","0"
"POINT (10.025245225000049 53.649746129000050)","Unfall 136060 (2021) Kat:3, Licht: 0","136060","3","6","2","03","12","4","","0","0","1","0","0"
"POINT (10.024295882000047 53.628310889000034)","Unfall 136061 (2021) Kat:3, Licht: 0","136061","3","3","5","04","19","7","","0","1","1","0","0"
"POINT (9.979236201000049 53.565941992000035)","Unfall 136063 (2021) Kat:2, Licht: 0","136063","2","3","5","03","12","4","","0","0","1","1","1"
"POINT (10.051449503000072 53.557537465000053)","Unfall 136064 (2021) Kat:3, Licht: 0","136064","3","5","5","02","14","5","","0","1","1","0","0"
"POINT (10.182627306000029 53.488845016000027)","Unfall 136065 (2021) Kat:3, Licht: 0","136065","3","3","5","04","15","4","","0","0","1","0","0"
"POINT (10.009313229000043 53.624310686000058)","Unfall 136066 (2021) Kat:2, Licht: 0","136066","2","1","8","04","15","1","","0","0","0","0","1"
"POINT (9.962453958000026 53.569976571000041)","Unfall 136067 (2021) Kat:3, Licht: 2","136067","3","1","0","01","20","2","","2","0","0","0","0"
"POINT (10.068113750000066 53.608550203000050)","Unfall 136068 (2021) Kat:3, Licht: 2","136068","3","7","0","02","20","3","","2","1","0","0","0"
"POINT (9.865692313000068 53.569786354000030)","Unfall 136069 (2021) Kat:3, Licht: 0","136069","3","6","2","04","12","4","","0","0","1","0","0"
"POINT (9.891523198000073 53.593180774000075)","Unfall 136070 (2021) Kat:2, Licht: 2","136070","2","2","6","01","06","2","","2","0","1","1","0"
"POINT (10.094851662000053 53.530242596000051)","Unfall 136071 (2021) Kat:3, Licht: 0","136071","3","6","3","03","10","6","","0","0","1","0","0"
"POINT (10.147537986000032 53.537031291000062)","Unfall 136072 (2021) Kat:3, Licht: 0","136072","3","6","6","04","07","3","","0","0","0","1","0"
"POINT (10.013784815000065 53.600002516000075)","Unfall 136073 (2021) Kat:3, Licht: 0","136073","3","2","4","04","07","3","","0","0","1","0","0"
"POINT (10.205751752000026 53.487048534000053)","Unfall 136074 (2021) Kat:3, Licht: 0","136074","3","3","5","03","15","3","","0","1","1","0","0"
"POINT (9.885707377000074 53.517865587000074)","Unfall 136075 (2021) Kat:3, Licht: 2","136075","3","1","8","01","23","2","","2","0","1","0","0"
"POINT (9.846800886000040 53.573567272000048)","Unfall 136076 (2021) Kat:3, Licht: 0","136076","3","2","6","03","16","5","","0","0","1","1","0"
"POINT (10.144751428000063 53.601682688000039)","Unfall 136077 (2021) Kat:3, Licht: 0","136077","3","6","2","02","15","3","","0","0","1","0","0"
"POINT (9.955365689000075 53.550211927000078)","Unfall 136078 (2021) Kat:3, Licht: 0","136078","3","3","5","01","13","7","","0","1","1","0","0"
"POINT (9.994485543000053 53.519465030000049)","Unfall 136079 (2021) Kat:3, Licht: 0","136079","3","6","2","03","14","5","","0","0","1","0","0"
"POINT (9.866965286000038 53.476566499000057)","Unfall 136080 (2021) Kat:3, Licht: 0","136080","3","3","5","05","15","2","","0","1","1","0","0"
"POINT (9.988088551000033 53.603262499000039)","Unfall 136081 (2021) Kat:3, Licht: 0","136081","3","6","2","02","11","2","","0","0","1","0","0"
"POINT (9.992233461000069 53.507796498000062)","Unfall 136082 (2021) Kat:3, Licht: 0","136082","3","3","5","04","10","7","","0","1","1","0","0"
"POINT (10.061020601000052 53.568523403000029)","Unfall 136084 (2021) Kat:3, Licht: 1","136084","3","7","0","03","06","1","","1","0","0","0","0"
"POINT (10.045153724000045 53.566319662000069)","Unfall 136085 (2021) Kat:2, Licht: 0","136085","2","2","5","01","14","5","","0","1","0","0","0"
"POINT (9.885636627000054 53.553533717000050)","Unfall 136086 (2021) Kat:3, Licht: 0","136086","3","7","0","03","13","2","","0","1","0","0","0"
"POINT (9.945872795000071 53.579550775000030)","Unfall 136087 (2021) Kat:3, Licht: 0","136087","3","4","6","04","16","3","","0","0","1","1","0"
"POINT (9.903457395000032 53.568645938000031)","Unfall 136089 (2021) Kat:3, Licht: 0","136089","3","2","3","03","14","5","","0","1","1","0","0"
"POINT (9.870655012000043 53.592890568000030)","Unfall 136090 (2021) Kat:3, Licht: 0","136090","3","2","3","02","15","7","","0","1","0","0","0"
"POINT (9.964800913000033 53.560095687000057)","Unfall 136091 (2021) Kat:3, Licht: 0","136091","3","3","5","05","18","7","","0","1","1","0","0"
"POINT (9.938854664000075 53.636044137000056)","Unfall 136092 (2021) Kat:3, Licht: 0","136092","3","5","1","04","12","3","","0","1","1","0","0"
"POINT (10.101207622000061 53.540907327000070)","Unfall 136093 (2021) Kat:3, Licht: 0","136093","3","6","2","01","14","3","","0","0","1","0","1"
"POINT (9.980474902000026 53.572464085000036)","Unfall 136094 (2021) Kat:3, Licht: 2","136094","3","6","3","02","18","4","","2","1","1","0","0"
"POINT (10.148557701000072 53.467921295000053)","Unfall 136095 (2021) Kat:3, Licht: 0","136095","3","2","4","04","12","1","","0","1","1","0","0"
"POINT (10.117520070000069 53.625503649000052)","Unfall 136096 (2021) Kat:3, Licht: 1","136096","3","3","5","01","16","2","","1","0","1","0","0"
"POINT (10.077660997000066 53.579410599000028)","Unfall 136097 (2021) Kat:3, Licht: 0","136097","3","3","5","03","08","3","","0","0","1","0","0"
"POINT (10.055617107000046 53.566382944000054)","Unfall 136098 (2021) Kat:3, Licht: 0","136098","3","4","6","03","16","3","","0","0","0","1","0"
"POINT (9.986536173000047 53.510485843000026)","Unfall 136099 (2021) Kat:2, Licht: 2","136099","2","2","6","01","06","4","","2","0","1","1","0"
"POINT (9.996226239000066 53.543793339000047)","Unfall 136100 (2021) Kat:3, Licht: 0","136100","3","7","0","03","17","4","","0","1","0","0","0"
"POINT (10.102048404000072 53.580705046000048)","Unfall 136102 (2021) Kat:3, Licht: 0","136102","3","1","0","03","16","5","","0","0","0","0","1"
"POINT (10.029182636000030 53.536583005000068)","Unfall 136103 (2021) Kat:3, Licht: 0","136103","3","7","0","03","09","2","","0","1","0","0","0"
"POINT (9.907217380000077 53.567221741000026)","Unfall 136104 (2021) Kat:3, Licht: 0","136104","3","3","5","05","19","1","","0","1","1","0","0"
"POINT (9.863030457000036 53.597586402000047)","Unfall 136105 (2021) Kat:3, Licht: 0","136105","3","3","5","04","16","4","","0","1","1","0","0"
"POINT (10.003808042000060 53.553828167000063)","Unfall 136106 (2021) Kat:3, Licht: 0","136106","3","3","5","01","12","4","","0","1","0","0","0"
"POINT (9.992862473000059 53.511840649000078)","Unfall 136107 (2021) Kat:3, Licht: 0","136107","3","6","2","02","15","5","","0","1","1","0","0"
"POINT (10.094940473000065 53.685900456000070)","Unfall 136108 (2021) Kat:3, Licht: 0","136108","3","1","9","04","17","7","","0","0","1","0","0"
"POINT (9.993309748000058 53.515406281000082)","Unfall 136109 (2021) Kat:3, Licht: 2","136109","3","7","3","01","22","2","","2","0","1","0","0"
"POINT (10.133050998000044 53.605428704000076)","Unfall 136110 (2021) Kat:2, Licht: 2","136110","2","7","0","03","00","4","","2","0","1","0","0"
"POINT (9.818167200000062 53.560405267000078)","Unfall 136111 (2021) Kat:3, Licht: 0","136111","3","5","1","04","11","7","","0","0","1","0","1"
"POINT (10.086128561000066 53.579705394000030)","Unfall 136113 (2021) Kat:3, Licht: 2","136113","3","3","5","03","22","3","","2","0","1","0","0"
"POINT (10.006590399000061 53.617164192000075)","Unfall 136114 (2021) Kat:3, Licht: 2","136114","3","6","2","02","06","5","","2","0","1","0","0"
"POINT (9.941645004000065 53.577719948000038)","Unfall 136115 (2021) Kat:3, Licht: 0","136115","3","4","6","04","15","6","","0","1","0","1","0"
"POINT (10.057391785000050 53.608156238000049)","Unfall 136116 (2021) Kat:3, Licht: 0","136116","3","6","2","04","13","7","","0","0","1","0","0"
"POINT (9.922195149000061 53.596630998000080)","Unfall 136117 (2021) Kat:3, Licht: 0","136117","3","7","3","01","14","6","","0","0","1","0","0"
"POINT (10.135339891000058 53.594521505000046)","Unfall 136118 (2021) Kat:3, Licht: 2","136118","3","2","4","02","17","2","","2","0","1","0","0"
"POINT (10.115457254000034 53.557440172000042)","Unfall 136119 (2021) Kat:3, Licht: 0","136119","3","2","2","04","10","4","","0","0","1","0","0"
"POINT (9.989198162000037 53.564779266000073)","Unfall 136120 (2021) Kat:3, Licht: 1","136120","3","7","0","01","17","4","","1","0","1","0","0"
"POINT (10.069829776000063 53.578730507000046)","Unfall 136121 (2021) Kat:3, Licht: 2","136121","3","7","0","03","18","1","","2","1","0","0","0"
"POINT (9.887126932000058 53.578513980000082)","Unfall 136122 (2021) Kat:3, Licht: 0","136122","3","7","0","04","07","2","","0","1","0","0","0"
"POINT (9.968270533000066 53.580346575000078)","Unfall 136124 (2021) Kat:3, Licht: 0","136124","3","7","1","04","19","3","","0","1","1","0","0"
"POINT (10.013511856000036 53.551608028000032)","Unfall 136125 (2021) Kat:3, Licht: 0","136125","3","6","3","03","17","4","","0","0","1","0","0"
"POINT (9.891889156000047 53.615982098000075)","Unfall 136126 (2021) Kat:3, Licht: 2","136126","3","5","1","01","20","4","","2","0","1","0","0"
"POINT (10.043457527000044 53.652257446000078)","Unfall 136127 (2021) Kat:3, Licht: 2","136127","3","5","1","03","19","6","","2","0","1","0","0"
"POINT (9.968889009000065 53.500024678000045)","Unfall 136128 (2021) Kat:3, Licht: 2","136128","3","1","8","02","23","2","","2","0","1","0","0"
"POINT (10.038802838000038 53.578052175000039)","Unfall 136130 (2021) Kat:3, Licht: 0","136130","3","6","2","03","13","5","","0","0","1","0","0"
"POINT (9.885902617000056 53.559620272000075)","Unfall 136131 (2021) Kat:3, Licht: 0","136131","3","7","0","05","14","3","","0","0","1","1","0"
"POINT (10.015522556000064 53.551855276000026)","Unfall 136132 (2021) Kat:3, Licht: 0","136132","3","6","2","01","16","6","","0","0","1","0","0"
"POINT (10.025559347000069 53.579437156000040)","Unfall 136133 (2021) Kat:3, Licht: 0","136133","3","5","1","04","07","1","","0","1","1","0","0"
"POINT (9.887558602000070 53.619855812000026)","Unfall 136135 (2021) Kat:3, Licht: 0","136135","3","2","2","03","13","3","","0","0","1","0","0"
"POINT (10.071528420000050 53.607098610000037)","Unfall 136136 (2021) Kat:3, Licht: 0","136136","3","6","2","01","15","4","","0","0","1","0","0"
"POINT (10.101142034000077 53.514819232000036)","Unfall 136137 (2021) Kat:3, Licht: 0","136137","3","5","1","03","18","4","","0","1","0","0","0"
"POINT (10.023659228000042 53.628834380000058)","Unfall 136138 (2021) Kat:3, Licht: 2","136138","3","6","3","02","18","7","","2","1","0","0","1"
"POINT (10.206007902000067 53.493158322000056)","Unfall 136139 (2021) Kat:3, Licht: 0","136139","3","1","0","04","14","2","","0","1","0","0","0"
"POINT (9.979770451000036 53.578722821000042)","Unfall 136141 (2021) Kat:3, Licht: 0","136141","3","3","5","03","08","5","","0","1","1","0","0"
"POINT (9.978300995000041 53.607479297000054)","Unfall 136142 (2021) Kat:3, Licht: 0","136142","3","6","2","02","14","7","","0","1","0","0","0"
"POINT (9.997557539000070 53.596187513000075)","Unfall 136143 (2021) Kat:3, Licht: 2","136143","3","5","1","05","00","7","","2","1","1","0","0"
"POINT (9.983665204000033 53.586391678000041)","Unfall 136144 (2021) Kat:3, Licht: 0","136144","3","3","5","04","09","3","","0","1","1","0","0"
"POINT (10.105469211000070 53.651359037000077)","Unfall 136145 (2021) Kat:3, Licht: 2","136145","3","6","2","01","18","4","","2","0","1","0","0"
"POINT (9.825089594000076 53.514394578000065)","Unfall 136146 (2021) Kat:3, Licht: 2","136146","3","6","3","02","05","4","","2","1","1","0","0"
"POINT (10.102551928000025 53.580080632000033)","Unfall 136147 (2021) Kat:3, Licht: 0","136147","3","2","3","04","16","6","","0","0","1","0","0"
"POINT (10.036436887000036 53.550009876000047)","Unfall 136148 (2021) Kat:3, Licht: 0","136148","3","2","5","01","11","6","","0","1","1","0","0"
"POINT (9.865349364000053 53.596905332000063)","Unfall 136149 (2021) Kat:3, Licht: 0","136149","3","2","6","03","16","6","","0","0","1","0","0"
"POINT (10.033090668000057 53.573821746000078)","Unfall 136150 (2021) Kat:3, Licht: 0","136150","3","3","5","04","11","1","","0","0","1","0","0"
"POINT (10.142440109000063 53.710723709000035)","Unfall 136151 (2021) Kat:2, Licht: 0","136151","2","3","6","03","14","7","","0","0","1","1","0"
"POINT (10.032914310000024 53.535678748000066)","Unfall 136152 (2021) Kat:3, Licht: 0","136152","3","5","1","02","10","3","","0","1","1","0","0"
"POINT (9.991664073000038 53.502609945000074)","Unfall 136153 (2021) Kat:3, Licht: 0","136153","3","3","5","04","06","4","","0","0","1","0","0"
"POINT (10.004218717000072 53.588364289000026)","Unfall 136154 (2021) Kat:3, Licht: 0","136154","3","3","5","04","19","5","","0","0","1","0","0"
"POINT (10.008278718000042 53.548083991000055)","Unfall 136155 (2021) Kat:3, Licht: 2","136155","3","6","3","01","20","5","","2","1","0","0","0"
"POINT (9.995611848000067 53.567999389000079)","Unfall 136156 (2021) Kat:3, Licht: 0","136156","3","7","0","02","12","3","","0","0","0","0","0"
"POINT (10.035266683000032 53.575027676000047)","Unfall 136157 (2021) Kat:3, Licht: 2","136157","3","3","5","02","21","7","","2","0","1","0","0"
"POINT (9.818887722000056 53.560506551000060)","Unfall 136158 (2021) Kat:3, Licht: 0","136158","3","3","5","04","08","4","","0","1","1","0","0"
"POINT (9.948941552000065 53.559321270000055)","Unfall 136159 (2021) Kat:3, Licht: 1","136159","3","4","6","01","16","3","","1","0","1","1","0"
"POINT (9.944505014000072 53.556575991000045)","Unfall 136160 (2021) Kat:3, Licht: 0","136160","3","6","3","03","11","2","","0","1","0","0","0"
"POINT (10.108654271000034 53.563012539000056)","Unfall 136161 (2021) Kat:3, Licht: 0","136161","3","4","6","04","16","2","","0","0","1","1","0"
"POINT (9.991187985000067 53.553655793000075)","Unfall 136163 (2021) Kat:3, Licht: 0","136163","3","4","6","04","10","4","","0","1","0","1","0"
"POINT (10.043519459000038 53.574865878000082)","Unfall 136164 (2021) Kat:3, Licht: 0","136164","3","3","6","04","12","7","","0","0","1","1","0"
"POINT (10.015554217000044 53.562714257000039)","Unfall 136165 (2021) Kat:2, Licht: 0","136165","2","3","5","03","07","1","","0","0","1","0","0"
"POINT (10.006316723000054 53.657457200000067)","Unfall 136166 (2021) Kat:3, Licht: 0","136166","3","7","1","02","16","4","","0","1","1","0","0"
"POINT (10.079974475000029 53.561587681000049)","Unfall 136167 (2021) Kat:3, Licht: 0","136167","3","6","2","04","13","4","","0","0","1","0","0"
"POINT (10.143380682000043 53.600095083000042)","Unfall 136168 (2021) Kat:3, Licht: 0","136168","3","6","3","04","16","5","","0","0","1","0","0"
"POINT (9.949032954000074 53.595605417000058)","Unfall 136169 (2021) Kat:3, Licht: 2","136169","3","2","3","01","18","5","","2","1","1","0","0"
"POINT (10.017069476000074 53.564057857000080)","Unfall 136170 (2021) Kat:3, Licht: 2","136170","3","3","5","02","19","2","","2","0","1","0","0"
"POINT (10.080623782000032 53.560323835000077)","Unfall 136171 (2021) Kat:3, Licht: 2","136171","3","6","1","02","18","5","","2","0","1","0","0"
"POINT (9.984177377000037 53.595600958000034)","Unfall 136172 (2021) Kat:3, Licht: 0","136172","3","3","5","04","20","5","","0","1","0","0","0"
"POINT (10.000793685000076 53.555575311000041)","Unfall 136173 (2021) Kat:3, Licht: 0","136173","3","2","5","01","12","4","","0","0","1","0","0"
"POINT (10.016356942000073 53.634535787000061)","Unfall 136174 (2021) Kat:3, Licht: 2","136174","3","1","9","03","22","2","","2","0","1","0","0"
"POINT (10.057663239000021 53.554050124000071)","Unfall 136175 (2021) Kat:3, Licht: 0","136175","3","3","5","04","17","5","","0","0","1","0","0"
"POINT (10.056023317000040 53.591420014000050)","Unfall 136177 (2021) Kat:3, Licht: 2","136177","3","2","4","04","21","3","","2","1","1","0","0"
"POINT (9.877589869000076 53.565381823000052)","Unfall 136178 (2021) Kat:3, Licht: 0","136178","3","3","5","03","07","4","","0","1","1","0","0"
"POINT (10.066851854000049 53.580400556000029)","Unfall 136179 (2021) Kat:3, Licht: 2","136179","3","2","6","01","17","2","","2","0","1","1","0"
"POINT (9.881442735000064 53.555079726000031)","Unfall 136180 (2021) Kat:3, Licht: 0","136180","3","6","1","03","13","6","","0","0","1","0","0"
"POINT (10.015551058000028 53.562684125000033)","Unfall 136181 (2021) Kat:3, Licht: 0","136181","3","3","5","02","14","1","","0","0","1","0","0"
"POINT (10.102454503000047 53.620997557000067)","Unfall 136183 (2021) Kat:3, Licht: 0","136183","3","3","5","03","14","6","","0","1","1","0","0"
"POINT (10.044468491000032 53.568509767000080)","Unfall 136184 (2021) Kat:3, Licht: 0","136184","3","6","4","03","12","5","","0","1","1","0","0"
"POINT (9.987055991000034 53.451809995000076)","Unfall 136185 (2021) Kat:3, Licht: 2","136185","3","6","2","01","18","6","","2","0","1","0","0"
"POINT (9.994221453000023 53.601686799000049)","Unfall 136186 (2021) Kat:3, Licht: 0","136186","3","3","5","04","12","7","","0","1","0","0","0"
"POINT (10.108722335000039 53.559043062000057)","Unfall 136188 (2021) Kat:3, Licht: 2","136188","3","3","5","01","05","5","","2","0","1","0","0"
"POINT (10.201119737000056 53.484079684000051)","Unfall 136189 (2021) Kat:3, Licht: 0","136189","3","4","6","03","10","2","","0","1","1","1","0"
"POINT (10.026699767000025 53.671613807000028)","Unfall 136190 (2021) Kat:2, Licht: 0","136190","2","4","6","01","15","4","","0","0","1","1","0"
"POINT (9.928565565000042 53.573485428000026)","Unfall 136191 (2021) Kat:3, Licht: 0","136191","3","1","0","03","12","4","","0","1","0","0","0"
"POINT (9.909038738000049 53.604163671000038)","Unfall 136192 (2021) Kat:3, Licht: 0","136192","3","5","1","04","07","2","","0","1","1","0","0"
"POINT (10.042367817000070 53.589037953000059)","Unfall 136194 (2021) Kat:3, Licht: 0","136194","3","3","5","03","16","4","","0","0","1","0","1"
"POINT (10.012648211000055 53.485826806000034)","Unfall 136195 (2021) Kat:3, Licht: 0","136195","3","3","5","02","08","5","","0","0","1","0","1"
"POINT (10.000161453000032 53.514419226000030)","Unfall 136196 (2021) Kat:3, Licht: 0","136196","3","6","3","05","13","1","","0","1","0","0","0"
"POINT (10.098971218000031 53.537927278000041)","Unfall 136197 (2021) Kat:3, Licht: 0","136197","3","7","0","04","06","4","","0","0","0","0","1"
"POINT (10.127370017000032 53.540085616000056)","Unfall 136198 (2021) Kat:3, Licht: 2","136198","3","3","5","01","17","4","","2","0","1","0","0"
"POINT (10.004251766000039 53.598179885000036)","Unfall 136199 (2021) Kat:3, Licht: 2","136199","3","1","8","02","23","7","","2","0","1","0","0"
"POINT (9.979054745000042 53.555261210000026)","Unfall 136200 (2021) Kat:3, Licht: 2","136200","3","1","9","02","01","4","","2","0","1","0","0"
"POINT (9.946031524000034 53.593576957000039)","Unfall 136201 (2021) Kat:3, Licht: 0","136201","3","6","2","04","14","6","","0","0","1","0","0"
"POINT (9.963159393000069 53.553697070000055)","Unfall 136202 (2021) Kat:3, Licht: 0","136202","3","5","0","01","15","6","","0","1","1","0","0"
"POINT (9.998415469000065 53.551674435000052)","Unfall 136203 (2021) Kat:3, Licht: 0","136203","3","7","6","03","15","3","","0","0","1","1","0"
"POINT (10.034895092000056 53.554764953000074)","Unfall 136204 (2021) Kat:3, Licht: 0","136204","3","2","3","04","12","3","","0","0","1","0","0"
"POINT (9.858926025000073 53.588723189000063)","Unfall 136205 (2021) Kat:3, Licht: 0","136205","3","4","6","03","14","3","","0","0","1","1","0"
"POINT (9.979255888000068 53.555562212000041)","Unfall 136206 (2021) Kat:3, Licht: 0","136206","3","2","5","02","17","4","","0","0","1","0","1"
"POINT (9.887789239000028 53.546453998000061)","Unfall 136207 (2021) Kat:3, Licht: 0","136207","3","2","3","04","12","6","","0","0","1","0","1"
"POINT (10.047544170000037 53.608383265000043)","Unfall 136208 (2021) Kat:3, Licht: 2","136208","3","7","0","04","05","5","","2","0","0","0","1"
"POINT (10.071147189000044 53.572077455000056)","Unfall 136209 (2021) Kat:3, Licht: 2","136209","3","3","5","01","23","7","","2","0","1","0","0"
"POINT (9.992753618000052 53.566604802000029)","Unfall 136210 (2021) Kat:2, Licht: 2","136210","2","3","5","03","18","5","","2","1","0","0","0"
"POINT (10.124806065000030 53.586300539000035)","Unfall 136211 (2021) Kat:2, Licht: 0","136211","2","2","6","02","11","2","","0","0","1","1","0"
"POINT (10.080586581000034 53.667728893000060)","Unfall 136212 (2021) Kat:3, Licht: 0","136212","3","6","4","02","13","6","","0","0","1","0","0"
"POINT (10.186065890000066 53.488690518000055)","Unfall 136213 (2021) Kat:3, Licht: 0","136213","3","3","5","04","14","3","","0","1","0","0","1"
"POINT (10.008861798000055 53.550633206000043)","Unfall 136214 (2021) Kat:3, Licht: 0","136214","3","4","6","01","15","2","","0","0","1","1","0"
"POINT (9.979591026000037 53.481129129000067)","Unfall 136215 (2021) Kat:3, Licht: 0","136215","3","7","0","03","13","7","","0","1","0","0","0"
"POINT (10.087713791000056 53.576277412000081)","Unfall 136216 (2021) Kat:3, Licht: 0","136216","3","5","1","05","19","2","","0","0","1","0","0"
"POINT (10.006126858000073 53.550261835000072)","Unfall 136217 (2021) Kat:3, Licht: 0","136217","3","3","5","02","10","6","","0","0","1","0","0"
"POINT (9.948447953000027 53.562100132000069)","Unfall 136218 (2021) Kat:3, Licht: 0","136218","3","4","0","04","13","7","","0","0","0","1","1"
"POINT (9.990021289000026 53.582128272000034)","Unfall 136220 (2021) Kat:3, Licht: 0","136220","3","6","2","04","07","3","","0","0","1","0","1"
"POINT (10.061099038000066 53.546864773000038)","Unfall 136221 (2021) Kat:3, Licht: 0","136221","3","4","6","03","14","4","","0","0","1","1","0"
"POINT (9.967053796000073 53.458077708000076)","Unfall 136222 (2021) Kat:3, Licht: 2","136222","3","4","6","01","18","2","","2","0","1","1","0"
"POINT (9.940970021000055 53.572774211000080)","Unfall 136223 (2021) Kat:3, Licht: 0","136223","3","6","3","03","17","3","","0","1","0","0","0"
"POINT (9.999322943000038 53.570849804000034)","Unfall 136224 (2021) Kat:3, Licht: 0","136224","3","7","0","02","13","1","","0","1","0","0","0"
"POINT (9.867548123000063 53.547965321000049)","Unfall 136225 (2021) Kat:3, Licht: 0","136225","3","6","2","02","16","5","","0","0","1","0","0"
"POINT (9.989216416000033 53.581942565000077)","Unfall 136227 (2021) Kat:3, Licht: 2","136227","3","3","5","03","05","7","","2","1","1","0","0"
"POINT (10.077436507000073 53.584477645000050)","Unfall 136228 (2021) Kat:3, Licht: 2","136228","3","7","1","03","17","3","","2","1","0","0","0"
"POINT (10.067798950000054 53.582347630000072)","Unfall 136229 (2021) Kat:3, Licht: 0","136229","3","2","5","05","16","1","","0","1","1","0","0"
"POINT (10.137769458000037 53.580410270000073)","Unfall 136230 (2021) Kat:3, Licht: 0","136230","3","3","5","04","14","3","","0","0","1","0","0"
"POINT (10.058083680000038 53.535965815000054)","Unfall 136231 (2021) Kat:3, Licht: 0","136231","3","3","5","01","14","4","","0","0","1","0","0"
"POINT (10.058391188000030 53.560716336000041)","Unfall 136232 (2021) Kat:3, Licht: 2","136232","3","2","6","02","18","3","","2","0","0","1","0"
"POINT (10.072561717000042 53.569650031000037)","Unfall 136233 (2021) Kat:3, Licht: 0","136233","3","6","2","03","06","2","","0","0","0","0","0"
"POINT (10.037603542000056 53.561772490000067)","Unfall 136234 (2021) Kat:3, Licht: 0","136234","3","7","0","01","09","5","","0","0","1","0","0"
"POINT (9.938934499000027 53.553651499000068)","Unfall 136235 (2021) Kat:3, Licht: 0","136235","3","6","3","03","14","4","","0","1","1","0","0"
"POINT (9.976381034000042 53.511601858000063)","Unfall 136236 (2021) Kat:3, Licht: 0","136236","3","6","0","04","16","6","","0","0","1","0","0"