WKT,Name,OBJECTID,UKATEGORIE,UTYP1,UART,UMONAT,USTUNDE,UWOCHENTAG,STRZUSTAND,ULICHTVERH,ISTRAD,ISTPKW,ISTFUSS,ISTKRAD
"POINT (9.894503614000030 53.552720817000079)","Unfall 136237 (2021) Kat:3, Licht: 0","136237","3","2","0","03","16","4","","0","1","1","0","0"
"POINT (9.898635848000026 53.605598459000078)","Unfall 136238 (2021) Kat:2, Licht: 2","136238","2","2","6","01","07","3","","2","0","1","1","0"
"POINT (9.984522170000048 53.583462390000079)","Unfall 136239 (2021) Kat:2, Licht: 2","136239","2","4","6","03","22","6","","2","0","1","1","0"
"POINT (10.036306897000031 53.582214459000056)","Unfall 136240 (2021) Kat:3, Licht: 0","136240","3","3","5","02","12","2","","0","0","1","0","0"
"POINT (10.178007528000023 53.485222531000034)","Unfall 136242 (2021) Kat:3, Licht: 1","136242","3","3","5","03","18","6","","1","1","1","0","0"
"POINT (10.053400116000034 53.592597117000082)","Unfall 136243 (2021) Kat:3, Licht: 0","136243","3","6","2","03","15","5","","0","0","1","0","0"
"POINT (9.950534443000038 53.458382272000051)","Unfall 136244 (2021) Kat:3, Licht: 0","136244","3","4","6","05","14","3","","0","0","1","1","0"
"POINT (10.016127342000061 53.561764836000066)","Unfall 136245 (2021) Kat:3, Licht: 0","136245","3","3","5","01","14","6","","0","1","1","0","0"
"POINT (10.044067661000042 53.577419891000034)","Unfall 136246 (2021) Kat:3, Licht: 0","136246","3","2","3","04","14","7","","0","1","1","0","0"
"POINT (9.947863802000029 53.583850667000036)","Unfall 136248 (2021) Kat:3, Licht: 2","136248","3","7","0","02","17","2","","2","0","0","0","1"
"POINT (9.858004179000034 53.475640173000045)","Unfall 136249 (2021) Kat:1, Licht: 0","136249","1","6","3","03","17","2","","0","0","1","0","1"
"POINT (10.080942142000026 53.559696959000064)","Unfall 136250 (2021) Kat:2, Licht: 0","136250","2","4","6","01","11","3","","0","0","1","1","0"
"POINT (9.976826074000030 53.578132728000071)","Unfall 136251 (2021) Kat:3, Licht: 2","136251","3","7","0","03","00","1","","2","1","0","0","0"
"POINT (9.988783691000037 53.575253952000082)","Unfall 136252 (2021) Kat:3, Licht: 0","136252","3","1","0","04","13","1","","0","0","0","0","1"
"POINT (9.977096134000021 53.564054327000065)","Unfall 136254 (2021) Kat:3, Licht: 0","136254","3","6","2","03","15","4","","0","0","1","0","0"
"POINT (9.955767960000060 53.551639314000056)","Unfall 136255 (2021) Kat:3, Licht: 2","136255","3","3","5","03","21","2","","2","0","1","0","0"
"POINT (10.117280956000059 53.557062551000058)","Unfall 136256 (2021) Kat:3, Licht: 0","136256","3","7","0","05","15","1","","0","1","0","0","0"
"POINT (9.941181132000054 53.549942540000075)","Unfall 136257 (2021) Kat:3, Licht: 0","136257","3","2","8","04","17","3","","0","0","1","0","0"
"POINT (9.965989746000048 53.585308898000051)","Unfall 136258 (2021) Kat:3, Licht: 2","136258","3","2","6","01","05","3","","2","0","1","1","0"
"POINT (10.110237054000038 53.653715160000047)","Unfall 136259 (2021) Kat:2, Licht: 0","136259","2","7","0","02","13","6","","0","0","0","0","0"
"POINT (10.078329938000024 53.550166580000052)","Unfall 136260 (2021) Kat:3, Licht: 0","136260","3","6","4","04","17","7","","0","1","0","0","0"
"POINT (10.038585783000030 53.608400916000051)","Unfall 136261 (2021) Kat:3, Licht: 2","136261","3","2","1","01","20","6","","2","0","1","0","0"
"POINT (10.039703784000039 53.552548362000039)","Unfall 136262 (2021) Kat:3, Licht: 0","136262","3","6","2","03","11","5","","0","0","1","0","0"
"POINT (10.067877312000064 53.631754644000068)","Unfall 136263 (2021) Kat:2, Licht: 1","136263","2","7","0","04","19","2","","1","1","0","0","0"
"POINT (9.759280004000061 53.582387916000073)","Unfall 136264 (2021) Kat:3, Licht: 0","136264","3","5","1","03","17","3","","0","1","1","0","0"
"POINT (10.044631970000069 53.607848537000052)","Unfall 136265 (2021) Kat:3, Licht: 0","136265","3","3","5","02","12","4","","0","1","1","0","0"
"POINT (10.027555320000033 53.617676686000038)","Unfall 136266 (2021) Kat:3, Licht: 0","136266","3","3","0","04","13","4","","0","0","1","0","1"
"POINT (9.967332134000060 53.456446842000048)","Unfall 136267 (2021) Kat:3, Licht: 0","136267","3","7","2","04","18","5","","0","0","1","0","1"
"POINT (10.080798415000061 53.531920079000031)","Unfall 136268 (2021) Kat:2, Licht: 0","136268","2","2","5","01","16","5","","0","0","0","0","1"
"POINT (9.994109376000040 53.572622538000076)","Unfall 136269 (2021) Kat:3, Licht: 2","136269","3","6","2","03","19","6","","2","0","1","0","0"
"POINT (10.043204788000025 53.642275643000062)","Unfall 136270 (2021) Kat:3, Licht: 2","136270","3","5","1","02","19","2","","2","0","1","0","0"
"POINT (10.059572248000052 53.568487170000026)","Unfall 136271 (2021) Kat:3, Licht: 0","136271","3","5","1","04","17","5","","0","1","1","1","0"
"POINT (9.988272655000060 53.594115867000028)","Unfall 136272 (2021) Kat:3, Licht: 0","136272","3","1","8","01","09","1","","0","0","1","0","0"
"POINT (9.928149114000064 53.629722104000052)","Unfall 136273 (2021) Kat:3, Licht: 0","136273","3","7","3","03","15","2","","0","0","1","0","0"
"POINT (10.087831287000029 53.512102481000056)","Unfall 136274 (2021) Kat:3, Licht: 0","136274","3","3","5","05","14","3","","0","1","0","0","0"
"POINT (9.755503210000029 53.582496340000034)","Unfall 136275 (2021) Kat:2, Licht: 0","136275","2","2","5","02","15","5","","0","1","1","0","0"
"POINT (10.004538786000069 53.556839223000054)","Unfall 136276 (2021) Kat:3, Licht: 0","136276","3","7","6","04","16","2","","0","0","0","1","0"
"POINT (9.979789951000043 53.590600447000043)","Unfall 136278 (2021) Kat:3, Licht: 0","136278","3","3","5","04","12","3","","0","0","1","0","0"
"POINT (9.853259830000070 53.584807979000061)","Unfall 136279 (2021) Kat:3, Licht: 0","136279","3","4","6","03","13","2","","0","0","1","1","0"
"POINT (9.851731110000060 53.585979246000079)","Unfall 136280 (2021) Kat:2, Licht: 1","136280","2","4","6","01","08","6","","1","0","1","1","0"
"POINT (10.127026764000050 53.571002115000056)","Unfall 136281 (2021) Kat:3, Licht: 0","136281","3","1","9","03","15","1","","0","0","1","0","0"
"POINT (9.996603549000042 53.477389669000047)","Unfall 136283 (2021) Kat:2, Licht: 2","136283","2","7","0","03","18","5","","2","1","0","0","0"
"POINT (9.981875147000039 53.463997563000078)","Unfall 136284 (2021) Kat:3, Licht: 0","136284","3","6","2","02","14","1","","0","0","1","0","0"
"POINT (10.015586061000022 53.562710707000065)","Unfall 136285 (2021) Kat:3, Licht: 0","136285","3","3","5","05","08","2","","0","0","1","0","0"
"POINT (9.960300143000040 53.464742585000067)","Unfall 136286 (2021) Kat:3, Licht: 0","136286","3","7","0","04","07","4","","0","1","0","0","0"
"POINT (9.967116074000046 53.641374785000039)","Unfall 136287 (2021) Kat:3, Licht: 0","136287","3","5","0","01","14","5","","0","1","1","0","0"
"POINT (10.182636565000053 53.498404714000060)","Unfall 136288 (2021) Kat:3, Licht: 1","136288","3","3","5","02","05","3","","1","1","1","0","0"
"POINT (10.021278702000075 53.591617494000047)","Unfall 136289 (2021) Kat:3, Licht: 0","136289","3","5","1","04","14","7","","0","1","1","0","0"
"POINT (10.020189187000028 53.516822107000053)","Unfall 136290 (2021) Kat:2, Licht: 2","136290","2","6","2","01","16","6","","2","0","1","0","1"
"POINT (10.080355922000024 53.618993153000076)","Unfall 136291 (2021) Kat:3, Licht: 0","136291","3","2","5","03","12","5","","0","0","1","0","0"
"POINT (10.060046477000071 53.580555339000057)","Unfall 136292 (2021) Kat:3, Licht: 2","136292","3","4","6","02","06","7","","2","0","0","1","0"
"POINT (9.918620588000067 53.635311771000033)","Unfall 136293 (2021) Kat:3, Licht: 0","136293","3","7","6","02","15","7","","0","0","0","1","0"
"POINT (10.086467354000035 53.570437401000049)","Unfall 136294 (2021) Kat:3, Licht: 1","136294","3","5","1","04","19","1","","1","1","1","0","0"
"POINT (9.965363131000061 53.552133716000071)","Unfall 136296 (2021) Kat:3, Licht: 0","136296","3","3","5","03","17","3","","0","1","1","0","0"
"POINT (10.149998027000038 53.543314346000045)","Unfall 136297 (2021) Kat:3, Licht: 0","136297","3","6","3","02","16","3","","0","0","1","0","0"
"POINT (9.923716327000022 53.599479533000078)","Unfall 136298 (2021) Kat:3, Licht: 0","136298","3","7","0","04","12","6","","0","0","0","0","0"
"POINT (9.887848698000028 53.473990938000043)","Unfall 136299 (2021) Kat:3, Licht: 0","136299","3","3","5","03","11","4","","0","1","1","0","0"
"POINT (9.925464233000071 53.548944124000059)","Unfall 136300 (2021) Kat:3, Licht: 0","136300","3","4","6","01","15","6","","0","0","1","1","0"
"POINT (9.936315202000060 53.550027283000077)","Unfall 136301 (2021) Kat:3, Licht: 0","136301","3","6","3","02","10","2","","0","1","0","0","0"
"POINT (10.071081960000072 53.500941139000076)","Unfall 136302 (2021) Kat:3, Licht: 1","136302","3","7","0","04","19","3","","1","1","0","0","0"
"POINT (9.978919779000023 53.461600918000045)","Unfall 136303 (2021) Kat:3, Licht: 1","136303","3","7","6","01","07","3","","1","0","0","1","0"
"POINT (10.100818822000065 53.540503499000067)","Unfall 136304 (2021) Kat:3, Licht: 0","136304","3","6","6","03","14","2","","0","1","0","1","0"
"POINT (10.162607423000054 53.484921783000061)","Unfall 136305 (2021) Kat:3, Licht: 0","136305","3","4","6","04","14","2","","0","0","1","1","0"
"POINT (9.928121354000041 53.558561513000029)","Unfall 136306 (2021) Kat:3, Licht: 0","136306","3","7","0","04","15","3","","0","1","0","0","0"
"POINT (10.116008106000038 53.485394153000072)","Unfall 136307 (2021) Kat:3, Licht: 0","136307","3","2","2","03","16","4","","0","0","1","0","0"
"POINT (10.067740783000033 53.570342909000033)","Unfall 136308 (2021) Kat:3, Licht: 0","136308","3","3","5","01","14","2","","0","0","1","0","0"
"POINT (10.004961493000053 53.557632124000065)","Unfall 136309 (2021) Kat:2, Licht: 0","136309","2","7","0","03","14","7","","0","1","0","0","0"
"POINT (10.006688031000067 53.584942446000071)","Unfall 136311 (2021) Kat:3, Licht: 0","136311","3","7","6","03","07","4","","0","0","1","1","0"
"POINT (10.032372497000040 53.563961634000066)","Unfall 136312 (2021) Kat:3, Licht: 1","136312","3","3","5","02","17","6","","1","1","1","0","0"
"POINT (10.017774673000076 53.654979594000054)","Unfall 136313 (2021) Kat:3, Licht: 0","136313","3","6","3","04","07","5","","0","1","1","0","0"
"POINT (9.991441453000050 53.500734196000053)","Unfall 136314 (2021) Kat:3, Licht: 0","136314","3","3","5","04","15","6","","0","0","1","0","0"
"POINT (9.978870094000058 53.487506117000066)","Unfall 136315 (2021) Kat:3, Licht: 1","136315","3","3","5","01","16","2","","1","0","1","0","0"
"POINT (9.937578893000023 53.564357087000076)","Unfall 136316 (2021) Kat:3, Licht: 0","136316","3","5","1","02","09","7","","0","0","1","0","0"
"POINT (10.083064434000050 53.555545256000073)","Unfall 136317 (2021) Kat:3, Licht: 0","136317","3","6","2","04","11","5","","0","0","1","0","0"
"POINT (10.182278683000050 53.486059715000067)","Unfall 136318 (2021) Kat:3, Licht: 0","136318","3","6","2","01","14","2","","0","0","1","0","0"
"POINT (10.010664376000022 53.559792886000082)","Unfall 136319 (2021) Kat:3, Licht: 0","136319","3","4","6","03","16","7","","0","1","0","1","0"
"POINT (9.967978706000054 53.577446265000049)","Unfall 136320 (2021) Kat:3, Licht: 0","136320","3","5","1","04","18","4","","0","1","1","0","0"
"POINT (9.927961548000042 53.629811029000052)","Unfall 136321 (2021) Kat:3, Licht: 0","136321","3","5","1","02","16","5","","0","0","1","0","0"
"POINT (9.963792494000074 53.569118036000077)","Unfall 136322 (2021) Kat:3, Licht: 0","136322","3","3","5","04","15","3","","0","1","1","0","0"
"POINT (10.096997564000048 53.569094753000059)","Unfall 136323 (2021) Kat:3, Licht: 0","136323","3","7","0","03","17","4","","0","0","0","0","1"
"POINT (9.984494377000033 53.583474685000056)","Unfall 136324 (2021) Kat:3, Licht: 2","136324","3","1","4","01","19","3","","2","0","1","0","0"
"POINT (10.091002308000043 53.506543376000081)","Unfall 136325 (2021) Kat:3, Licht: 0","136325","3","6","2","03","14","6","","0","0","1","0","0"
"POINT (10.158354957000029 53.642208005000043)","Unfall 136326 (2021) Kat:3, Licht: 2","136326","3","1","8","02","03","4","","2","0","1","0","0"
"POINT (9.909883590000049 53.559982114000036)","Unfall 136327 (2021) Kat:3, Licht: 2","136327","3","4","6","04","21","5","","2","1","0","1","0"
"POINT (9.962016702000028 53.573672287000079)","Unfall 136328 (2021) Kat:2, Licht: 2","136328","2","5","1","01","20","1","","2","0","1","0","1"
"POINT (9.818141416000060 53.563237321000031)","Unfall 136329 (2021) Kat:2, Licht: 0","136329","2","4","6","03","11","6","","0","1","0","1","0"
"POINT (9.948923844000035 53.558594845000073)","Unfall 136330 (2021) Kat:3, Licht: 0","136330","3","3","5","05","16","4","","0","1","0","0","0"
"POINT (9.968342665000023 53.512362495000048)","Unfall 136331 (2021) Kat:3, Licht: 0","136331","3","3","5","02","10","4","","0","0","0","0","0"
"POINT (9.912246117000052 53.513273144000038)","Unfall 136332 (2021) Kat:3, Licht: 0","136332","3","6","3","04","06","5","","0","0","1","0","0"
"POINT (10.058366448000072 53.569998784000063)","Unfall 136334 (2021) Kat:3, Licht: 0","136334","3","6","4","03","12","2","","0","0","1","0","0"
"POINT (10.038938361000021 53.642511295000077)","Unfall 136335 (2021) Kat:3, Licht: 2","136335","3","3","5","01","07","4","","2","1","1","0","0"
"POINT (10.019999077000023 53.530925952000075)","Unfall 136336 (2021) Kat:3, Licht: 0","136336","3","3","5","03","10","2","","0","0","1","0","0"
"POINT (9.904423577000045 53.591591202000075)","Unfall 136337 (2021) Kat:3, Licht: 0","136337","3","7","0","04","09","3","","0","0","0","0","1"
"POINT (9.749288655000043 53.578112793000059)","Unfall 136338 (2021) Kat:3, Licht: 2","136338","3","7","0","01","19","7","","2","0","0","0","0"
"POINT (9.971498887000052 53.581766804000040)","Unfall 136339 (2021) Kat:3, Licht: 0","136339","3","6","3","03","13","5","","0","1","1","0","0"
"POINT (10.059056392000059 53.579770146000044)","Unfall 136340 (2021) Kat:2, Licht: 0","136340","2","7","0","02","11","7","","0","1","0","0","0"
"POINT (9.893798958000048 53.593102782000074)","Unfall 136341 (2021) Kat:2, Licht: 0","136341","2","7","0","05","09","1","","0","0","0","0","1"
"POINT (10.006431507000059 53.654117778000057)","Unfall 136342 (2021) Kat:2, Licht: 0","136342","2","6","2","04","11","3","","0","0","1","0","0"
"POINT (10.005406985000036 53.586732252000047)","Unfall 136343 (2021) Kat:3, Licht: 1","136343","3","7","0","01","17","3","","1","0","0","0","1"
"POINT (9.907091390000062 53.567207711000037)","Unfall 136344 (2021) Kat:3, Licht: 2","136344","3","3","5","02","19","4","","2","1","1","0","0"
"POINT (9.973543548000066 53.612723213000038)","Unfall 136345 (2021) Kat:3, Licht: 0","136345","3","2","2","04","15","2","","0","0","1","0","0"
"POINT (10.022213910000062 53.529841405000070)","Unfall 136346 (2021) Kat:3, Licht: 0","136346","3","6","3","01","08","2","","0","0","1","0","0"
"POINT (10.055771520000064 53.552555790000042)","Unfall 136347 (2021) Kat:3, Licht: 2","136347","3","1","1","03","18","6","","2","0","1","0","0"
"POINT (10.138504665000028 53.570119449000060)","Unfall 136348 (2021) Kat:3, Licht: 0","136348","3","4","6","04","17","7","","0","0","1","1","0"
"POINT (9.956531304000066 53.551710241000080)","Unfall 136349 (2021) Kat:3, Licht: 2","136349","3","6","3","03","21","3","","2","0","1","0","1"
"POINT (10.061119188000021 53.568591211000069)","Unfall 136350 (2021) Kat:3, Licht: 0","136350","3","7","0","02","14","4","","0","1","0","0","0"
"POINT (9.965565922000053 53.564273927000045)","Unfall 136351 (2021) Kat:3, Licht: 0","136351","3","7","0","04","11","6","","0","0","0","0","0"
"POINT (9.918569096000056 53.572325924000040)","Unfall 136352 (2021) Kat:2, Licht: 0","136352","2","3","5","02","13","3","","0","0","1","0","1"
"POINT (10.004665501000034 53.548382690000039)","Unfall 136353 (2021) Kat:3, Licht: 0","136353","3","3","5","04","14","6","","0","1","1","0","0"
"POINT (9.986418862000050 53.547828964000075)","Unfall 136354 (2021) Kat:3, Licht: 0","136354","3","2","5","01","15","2","","0","0","1","0","0"
"POINT (9.983346229000063 53.548406786000044)","Unfall 136355 (2021) Kat:3, Licht: 0","136355","3","1","9","02","11","7","","0","0","1","0","0"
"POINT (10.042740273000049 53.607733615000029)","Unfall 136356 (2021) Kat:3, Licht: 0","136356","3","6","1","04","12","4","","0","0","1","0","0"
"POINT (10.027118813000072 53.570303791000072)","Unfall 136357 (2021) Kat:2, Licht: 0","136357","2","2","3","01","13","3","","0","1","1","0","0"
"POINT (10.201831794000043 53.466921528000057)","Unfall 136358 (2021) Kat:2, Licht: 2","136358","2","1","0","03","20","6","","2","1","0","0","0"
"POINT (9.967659365000031 53.471256419000042)","Unfall 136359 (2021) Kat:2, Licht: 0","136359","2","6","0","04","15","6","","0","1","0","0","0"
"POINT (9.922101524000027 53.644947838000064)","Unfall 136361 (2021) Kat:2, Licht: 0","136361","2","2","5","04","16","3","","0","1","1","0","0"
"POINT (10.170390306000058 53.513873978000049)","Unfall 136362 (2021) Kat:3, Licht: 0","136362","3","3","5","03","11","3","","0","1","1","0","0"
"POINT (9.970685341000035 53.634544221000056)","Unfall 136363 (2021) Kat:3, Licht: 0","136363","3","3","5","01","15","3","","0","1","0","0","1"
"POINT (9.948549967000076 53.561975938000046)","Unfall 136364 (2021) Kat:3, Licht: 0","136364","3","4","0","03","11","5","","0","1","0","1","0"
"POINT (9.985228413000073 53.550993052000081)","Unfall 136365 (2021) Kat:3, Licht: 2","136365","3","7","0","02","20","1","","2","0","0","0","1"
"POINT (10.037778458000048 53.598100091000049)","Unfall 136367 (2021) Kat:3, Licht: 1","136367","3","2","5","03","06","3","","1","1","1","0","0"
"POINT (10.057990050000058 53.607690691000073)","Unfall 136368 (2021) Kat:3, Licht: 0","136368","3","2","3","05","07","3","","0","0","1","0","0"
"POINT (9.958010871000056 53.556128592000050)","Unfall 136369 (2021) Kat:3, Licht: 0","136369","3","7","0","04","18","1","","0","1","1","0","0"
"POINT (9.857206334000068 53.598109359000034)","Unfall 136371 (2021) Kat:3, Licht: 0","136371","3","6","3","03","14","3","","0","0","1","0","0"
"POINT (9.955075271000055 53.463769329000058)","Unfall 136372 (2021) Kat:2, Licht: 0","136372","2","3","5","01","11","3","","0","0","1","0","0"
"POINT (10.101853476000031 53.576714166000045)","Unfall 136373 (2021) Kat:3, Licht: 2","136373","3","6","2","03","01","7","","2","0","1","0","0"
"POINT (9.898693038000033 53.606043857000031)","Unfall 136374 (2021) Kat:3, Licht: 1","136374","3","6","4","02","18","3","","1","1","0","0","0"
"POINT (10.080880667000031 53.559814347000042)","Unfall 136375 (2021) Kat:3, Licht: 0","136375","3","6","3","04","13","2","","0","0","1","0","0"
"POINT (10.105104344000040 53.571694861000026)","Unfall 136377 (2021) Kat:3, Licht: 0","136377","3","6","2","03","13","4","","0","0","1","0","1"
"POINT (10.071052900000041 53.571983213000067)","Unfall 136378 (2021) Kat:3, Licht: 2","136378","3","3","5","02","17","1","","2","0","1","0","0"
"POINT (9.985861770000042 53.581728128000066)","Unfall 136379 (2021) Kat:3, Licht: 0","136379","3","5","1","05","14","2","","0","1","1","0","0"
"POINT (10.083792243000062 53.538579054000081)","Unfall 136380 (2021) Kat:3, Licht: 0","136380","3","6","2","02","12","2","","0","0","1","0","0"
"POINT (10.042290007000076 53.635572391000039)","Unfall 136382 (2021) Kat:3, Licht: 0","136382","3","7","5","03","08","5","","0","0","0","0","0"
"POINT (10.002400369000043 53.590639626000041)","Unfall 136383 (2021) Kat:3, Licht: 0","136383","3","7","1","05","12","2","","0","1","1","0","0"
"POINT (9.789245138000069 53.535469622000051)","Unfall 136384 (2021) Kat:3, Licht: 2","136384","3","1","8","01","21","6","","2","0","1","0","0"
"POINT (9.963057863000074 53.573373568000079)","Unfall 136385 (2021) Kat:3, Licht: 0","136385","3","3","5","04","11","5","","0","1","1","0","0"
"POINT (10.016999063000071 53.563976995000075)","Unfall 136387 (2021) Kat:3, Licht: 2","136387","3","3","5","03","20","1","","2","0","1","0","0"
"POINT (10.019227449000027 53.552968232000069)","Unfall 136388 (2021) Kat:3, Licht: 2","136388","3","3","5","01","06","5","","2","1","1","0","0"
"POINT (9.986032129000023 53.582802328000071)","Unfall 136389 (2021) Kat:3, Licht: 0","136389","3","6","3","03","14","4","","0","1","0","0","0"
"POINT (9.999045035000051 53.549933328000066)","Unfall 136390 (2021) Kat:3, Licht: 0","136390","3","6","3","04","15","2","","0","0","1","0","0"
"POINT (10.104963474000044 53.545117877000052)","Unfall 136392 (2021) Kat:2, Licht: 0","136392","2","2","4","03","10","3","","0","0","1","0","1"
"POINT (9.936807174000023 53.552227151000068)","Unfall 136393 (2021) Kat:2, Licht: 2","136393","2","7","8","02","18","6","","2","0","1","0","0"
"POINT (9.922125699000048 53.554089577000070)","Unfall 136394 (2021) Kat:3, Licht: 0","136394","3","2","5","05","16","2","","0","1","1","0","0"
"POINT (9.980295896000030 53.566634329000067)","Unfall 136395 (2021) Kat:3, Licht: 0","136395","3","3","5","02","08","6","","0","1","1","0","0"
"POINT (10.206052501000045 53.494834918000038)","Unfall 136396 (2021) Kat:3, Licht: 0","136396","3","4","6","04","18","4","","0","0","1","1","0"
"POINT (10.152300024000056 53.615953085000058)","Unfall 136397 (2021) Kat:3, Licht: 2","136397","3","4","6","01","17","4","","2","0","1","1","0"
"POINT (9.953067042000043 53.619297146000065)","Unfall 136398 (2021) Kat:3, Licht: 0","136398","3","7","2","02","11","5","","0","0","1","0","0"
"POINT (9.955967741000052 53.577791129000047)","Unfall 136399 (2021) Kat:3, Licht: 2","136399","3","7","0","04","01","1","","2","1","0","0","0"
"POINT (10.051301682000030 53.586703312000054)","Unfall 136400 (2021) Kat:3, Licht: 0","136400","3","2","5","01","11","2","","0","0","1","0","0"
"POINT (9.961409921000040 53.580013459000043)","Unfall 136401 (2021) Kat:3, Licht: 0","136401","3","6","2","03","14","3","","0","0","1","0","0"
"POINT (10.044319365000035 53.593213880000064)","Unfall 136402 (2021) Kat:3, Licht: 0","136402","3","6","3","04","18","6","","0","1","1","0","0"
"POINT (10.012635765000027 53.641485416000080)","Unfall 136403 (2021) Kat:3, Licht: 0","136403","3","6","1","03","10","7","","0","0","1","0","0"
"POINT (10.037066413000048 53.575958142000047)","Unfall 136404 (2021) Kat:2, Licht: 0","136404","2","5","0","02","17","5","","0","1","0","0","0"
"POINT (9.982819794000022 53.568340582000076)","Unfall 136405 (2021) Kat:3, Licht: 0","136405","3","2","4","04","15","5","","0","1","1","0","0"
"POINT (9.910853591000034 53.556708425000068)","Unfall 136406 (2021) Kat:3, Licht: 0","136406","3","7","6","02","11","3","","0","0","0","0","0"
"POINT (10.059217590000060 53.595544631000053)","Unfall 136407 (2021) Kat:3, Licht: 0","136407","3","5","1","04","15","7","","0","0","1","0","0"
"POINT (9.812085810000042 53.561000404000026)","Unfall 136408 (2021) Kat:3, Licht: 0","136408","3","4","6","01","12","7","","0","0","1","1","0"
"POINT (9.984883841000055 53.431361093000078)","Unfall 136409 (2021) Kat:3, Licht: 0","136409","3","4","6","02","11","6","","0","0","1","1","0"
"POINT (9.846800422000058 53.573571183000070)","Unfall 136410 (2021) Kat:2, Licht: 0","136410","2","7","0","04","17","4","","0","1","0","0","0"
"POINT (10.154998196000065 53.587670608000053)","Unfall 136411 (2021) Kat:3, Licht: 2","136411","3","2","4","01","07","3","","2","0","1","0","0"
"POINT (10.006598904000043 53.550121580000052)","Unfall 136412 (2021) Kat:3, Licht: 2","136412","3","3","5","03","18","7","","2","0","1","0","0"
"POINT (10.101814081000043 53.583237236000059)","Unfall 136413 (2021) Kat:3, Licht: 0","136413","3","3","5","04","17","5","","0","1","1","0","0"
"POINT (9.985522204000063 53.563658217000068)","Unfall 136415 (2021) Kat:3, Licht: 0","136415","3","6","2","04","14","3","","0","0","1","0","0"
"POINT (10.108380165000028 53.615270737000060)","Unfall 136416 (2021) Kat:3, Licht: 0","136416","3","3","5","03","14","4","","0","1","0","0","0"
"POINT (9.917804799000066 53.550260028000082)","Unfall 136417 (2021) Kat:3, Licht: 2","136417","3","6","2","01","20","4","","2","0","1","0","0"
"POINT (10.059830324000075 53.564908536000075)","Unfall 136418 (2021) Kat:3, Licht: 0","136418","3","7","0","03","16","6","","0","0","0","0","0"
"POINT (10.050798716000031 53.593762142000060)","Unfall 136419 (2021) Kat:3, Licht: 0","136419","3","7","0","02","16","4","","0","1","0","0","0"
"POINT (9.977423671000054 53.564313874000050)","Unfall 136421 (2021) Kat:2, Licht: 1","136421","2","2","4","03","20","7","","1","0","1","0","0"
"POINT (10.064808744000061 53.586579604000065)","Unfall 136422 (2021) Kat:3, Licht: 0","136422","3","2","6","03","10","3","","0","1","0","1","0"
"POINT (9.797237220000056 53.566311379000069)","Unfall 136423 (2021) Kat:3, Licht: 0","136423","3","3","5","05","13","4","","0","0","1","0","1"
"POINT (10.124497415000064 53.570753060000072)","Unfall 136424 (2021) Kat:3, Licht: 2","136424","3","2","6","01","06","5","","2","0","0","1","0"
"POINT (10.119934085000068 53.595005735000029)","Unfall 136425 (2021) Kat:2, Licht: 0","136425","2","7","0","04","16","7","","0","1","0","0","0"
"POINT (9.972736062000024 53.581258720000051)","Unfall 136427 (2021) Kat:3, Licht: 0","136427","3","4","6","03","17","2","","0","0","0","1","0"
"POINT (9.872309286000075 53.591738674000055)","Unfall 136428 (2021) Kat:3, Licht: 2","136428","3","6","2","01","19","7","","2","0","1","0","0"
"POINT (10.121619005000071 53.608775444000059)","Unfall 136429 (2021) Kat:2, Licht: 0","136429","2","7","3","03","16","2","","0","0","1","0","0"
"POINT (9.846744599000033 53.590101375000074)","Unfall 136430 (2021) Kat:3, Licht: 0","136430","3","3","5","02","11","3","","0","1","1","0","0"
"POINT (10.005137528000034 53.547882856000058)","Unfall 136431 (2021) Kat:2, Licht: 0","136431","2","6","3","04","11","2","","0","0","1","0","1"
"POINT (10.162956731000065 53.646640835000028)","Unfall 136433 (2021) Kat:3, Licht: 0","136433","3","3","5","03","15","5","","0","0","1","0","0"
"POINT (10.012496448000036 53.626138754000067)","Unfall 136434 (2021) Kat:3, Licht: 0","136434","3","6","2","02","13","6","","0","0","1","0","0"
"POINT (9.998251652000022 53.454904236000061)","Unfall 136435 (2021) Kat:3, Licht: 0","136435","3","5","1","05","12","1","","0","1","1","0","0"
"POINT (10.032228766000060 53.596343740000066)","Unfall 136436 (2021) Kat:3, Licht: 0","136436","3","6","2","02","14","3","","0","0","1","0","1"
"POINT (10.003975183000023 53.557465396000055)","Unfall 136437 (2021) Kat:3, Licht: 0","136437","3","6","2","04","08","4","","0","0","1","0","0"
"POINT (9.997180597000067 53.607408399000064)","Unfall 136438 (2021) Kat:3, Licht: 0","136438","3","1","8","01","14","5","","0","0","1","0","0"
"POINT (10.012674182000069 53.606311849000065)","Unfall 136439 (2021) Kat:3, Licht: 0","136439","3","3","6","02","13","4","","0","0","1","1","0"
"POINT (10.169216595000023 53.514309508000053)","Unfall 136440 (2021) Kat:3, Licht: 0","136440","3","3","5","04","14","7","","0","0","1","0","0"
"POINT (10.037091889000067 53.640951298000061)","Unfall 136441 (2021) Kat:3, Licht: 0","136441","3","6","1","01","15","4","","0","0","0","0","1"