WKT,Name,OBJECTID,UKATEGORIE,UTYP1,UART,UMONAT,USTUNDE,UWOCHENTAG,STRZUSTAND,ULICHTVERH,ISTRAD,ISTPKW,ISTFUSS,ISTKRAD
"POINT (9.966555106000044 53.579529998000055)","Unfall 136442 (2021) Kat:3, Licht: 0","136442","3","3","5","03","08","5","","0","0","1","0","0"
"POINT (10.006820004000076 53.653463418000058)","Unfall 136443 (2021) Kat:3, Licht: 0","136443","3","6","4","02","12","6","","0","0","1","0","0"
"POINT (10.005820111000048 53.551451826000061)","Unfall 136444 (2021) Kat:1, Licht: 0","136444","1","7","6","04","11","5","","0","0","0","1","0"
"POINT (10.080101436000064 53.549650812000039)","Unfall 136445 (2021) Kat:3, Licht: 0","136445","3","6","3","03","16","1","","0","0","1","0","0"
"POINT (9.905387816000029 53.596046347000026)","Unfall 136446 (2021) Kat:3, Licht: 0","136446","3","2","5","02","12","4","","0","1","1","0","0"
"POINT (9.897807010000065 53.574792936000051)","Unfall 136447 (2021) Kat:3, Licht: 0","136447","3","6","3","04","19","6","","0","1","0","0","0"
"POINT (10.058762051000031 53.576007044000050)","Unfall 136448 (2021) Kat:3, Licht: 0","136448","3","4","5","04","16","5","","0","0","0","1","1"
"POINT (10.067475233000039 53.608379574000082)","Unfall 136449 (2021) Kat:3, Licht: 2","136449","3","2","5","01","18","5","","2","1","0","0","0"
"POINT (9.913619980000021 53.633919087000038)","Unfall 136450 (2021) Kat:3, Licht: 0","136450","3","2","3","03","12","5","","0","1","1","0","0"
"POINT (10.064315706000059 53.654465420000065)","Unfall 136451 (2021) Kat:3, Licht: 0","136451","3","7","6","02","09","2","","0","1","0","0","0"
"POINT (10.090944822000040 53.507207280000046)","Unfall 136452 (2021) Kat:3, Licht: 0","136452","3","3","5","02","14","5","","0","0","1","0","0"
"POINT (9.941841203000024 53.565414665000048)","Unfall 136453 (2021) Kat:3, Licht: 0","136453","3","7","0","04","07","4","","0","1","0","0","0"
"POINT (10.147193963000063 53.604457850000074)","Unfall 136454 (2021) Kat:3, Licht: 0","136454","3","6","2","01","13","3","","0","0","1","0","0"
"POINT (10.116180936000035 53.545150820000060)","Unfall 136455 (2021) Kat:3, Licht: 1","136455","3","6","2","02","17","3","","1","0","1","0","0"
"POINT (10.168403697000031 53.514082809000058)","Unfall 136456 (2021) Kat:3, Licht: 0","136456","3","6","3","04","20","7","","0","0","1","0","1"
"POINT (10.012602252000022 53.626396021000062)","Unfall 136457 (2021) Kat:3, Licht: 0","136457","3","3","5","01","13","6","","0","0","1","0","0"
"POINT (9.983017570000072 53.595934721000049)","Unfall 136458 (2021) Kat:3, Licht: 0","136458","3","3","5","03","09","6","","0","0","1","0","0"
"POINT (9.878489121000030 53.586218241000040)","Unfall 136459 (2021) Kat:3, Licht: 0","136459","3","3","5","04","19","6","","0","0","1","0","0"
"POINT (9.988063567000040 53.510698157000036)","Unfall 136460 (2021) Kat:3, Licht: 0","136460","3","5","1","03","09","7","","0","1","1","0","0"
"POINT (10.015621957000064 53.562689494000040)","Unfall 136461 (2021) Kat:3, Licht: 2","136461","3","3","5","02","20","5","","2","0","1","0","0"
"POINT (10.020705201000055 53.631171056000028)","Unfall 136462 (2021) Kat:3, Licht: 0","136462","3","2","4","04","16","4","","0","0","1","0","1"
"POINT (10.177452386000027 53.483478590000061)","Unfall 136463 (2021) Kat:3, Licht: 0","136463","3","7","0","04","17","5","","0","1","0","0","0"
"POINT (10.128889469000057 53.443613433000053)","Unfall 136464 (2021) Kat:3, Licht: 0","136464","3","7","6","01","13","5","","0","0","1","1","0"
"POINT (9.946370504000072 53.469260246000033)","Unfall 136465 (2021) Kat:3, Licht: 0","136465","3","1","1","03","14","2","","0","0","1","0","0"
"POINT (9.898945804000050 53.528941441000029)","Unfall 136466 (2021) Kat:3, Licht: 0","136466","3","5","1","02","08","6","","0","0","0","0","0"
"POINT (9.896410252000067 53.584013282000058)","Unfall 136467 (2021) Kat:3, Licht: 0","136467","3","3","5","04","16","4","","0","1","1","0","0"
"POINT (9.986544030000061 53.547597640000049)","Unfall 136468 (2021) Kat:3, Licht: 0","136468","3","2","5","01","14","2","","0","0","1","0","0"
"POINT (10.013961208000069 53.596202448000042)","Unfall 136469 (2021) Kat:3, Licht: 0","136469","3","4","6","03","10","1","","0","0","1","1","0"
"POINT (9.904860656000039 53.608858548000057)","Unfall 136470 (2021) Kat:3, Licht: 0","136470","3","3","5","04","17","5","","0","1","1","0","0"
"POINT (9.980535661000033 53.567627135000066)","Unfall 136472 (2021) Kat:3, Licht: 0","136472","3","7","1","04","13","3","","0","1","0","0","0"
"POINT (9.926249670000061 53.553172884000048)","Unfall 136473 (2021) Kat:3, Licht: 0","136473","3","3","5","03","17","4","","0","1","1","0","0"
"POINT (10.122301968000045 53.587019601000065)","Unfall 136474 (2021) Kat:3, Licht: 2","136474","3","6","2","01","19","3","","2","0","1","0","0"
"POINT (10.085832465000067 53.628436466000039)","Unfall 136475 (2021) Kat:3, Licht: 0","136475","3","3","5","03","11","5","","0","1","1","0","0"
"POINT (10.144648031000031 53.545189238000034)","Unfall 136476 (2021) Kat:3, Licht: 0","136476","3","2","5","02","17","1","","0","0","1","0","1"
"POINT (10.113861950000057 53.616374737000058)","Unfall 136477 (2021) Kat:3, Licht: 0","136477","3","4","6","01","12","1","","0","0","1","1","0"
"POINT (10.018432110000049 53.651479993000066)","Unfall 136478 (2021) Kat:3, Licht: 0","136478","3","7","1","03","13","6","","0","0","1","0","0"
"POINT (10.022248152000031 53.579321668000034)","Unfall 136479 (2021) Kat:3, Licht: 0","136479","3","7","1","03","11","4","","0","0","1","0","0"
"POINT (9.835163543000021 53.572133119000057)","Unfall 136480 (2021) Kat:3, Licht: 0","136480","3","3","5","05","15","3","","0","0","1","0","0"
"POINT (9.999511134000045 53.572818768000047)","Unfall 136481 (2021) Kat:3, Licht: 0","136481","3","2","0","01","14","1","","0","1","1","0","0"
"POINT (10.024414586000034 53.565301322000039)","Unfall 136482 (2021) Kat:3, Licht: 0","136482","3","2","6","04","06","5","","0","0","1","1","0"
"POINT (9.940524577000076 53.556847896000079)","Unfall 136484 (2021) Kat:3, Licht: 2","136484","3","4","6","02","17","2","","2","1","0","1","0"
"POINT (9.894031621000067 53.573166939000032)","Unfall 136485 (2021) Kat:3, Licht: 0","136485","3","2","4","03","17","2","","0","1","1","0","0"
"POINT (9.996671996000032 53.548930742000039)","Unfall 136486 (2021) Kat:3, Licht: 0","136486","3","7","0","01","11","7","","0","1","0","0","0"
"POINT (9.923302254000021 53.554323644000078)","Unfall 136487 (2021) Kat:3, Licht: 2","136487","3","5","1","03","22","1","","2","0","1","0","0"
"POINT (9.987487600000065 53.438834860000043)","Unfall 136488 (2021) Kat:3, Licht: 0","136488","3","7","0","04","13","7","","0","1","0","0","0"
"POINT (9.963529242000050 53.549577882000051)","Unfall 136490 (2021) Kat:3, Licht: 0","136490","3","6","3","03","15","6","","0","1","1","0","0"
"POINT (10.079334020000033 53.551141226000027)","Unfall 136491 (2021) Kat:3, Licht: 1","136491","3","2","6","02","18","5","","1","0","0","1","0"
"POINT (10.197590436000041 53.437409268000067)","Unfall 136492 (2021) Kat:3, Licht: 0","136492","3","7","0","05","15","7","","0","1","0","0","0"
"POINT (10.006343751000031 53.634582470000055)","Unfall 136493 (2021) Kat:3, Licht: 0","136493","3","6","4","02","07","3","","0","0","1","0","0"
"POINT (10.103630307000060 53.701800679000030)","Unfall 136494 (2021) Kat:3, Licht: 0","136494","3","4","6","04","18","5","","0","0","1","1","0"
"POINT (10.112673130000076 53.619100424000067)","Unfall 136495 (2021) Kat:2, Licht: 2","136495","2","1","9","01","19","5","","2","0","1","0","0"
"POINT (10.014016978000029 53.649361478000060)","Unfall 136496 (2021) Kat:3, Licht: 0","136496","3","3","5","02","13","6","","0","1","1","0","0"
"POINT (9.967210084000044 53.557350997000071)","Unfall 136497 (2021) Kat:3, Licht: 0","136497","3","6","2","04","19","7","","0","0","1","0","0"
"POINT (10.065865112000040 53.559713122000062)","Unfall 136498 (2021) Kat:3, Licht: 0","136498","3","6","2","01","13","6","","0","0","1","0","0"
"POINT (10.051606395000022 53.586366168000040)","Unfall 136499 (2021) Kat:2, Licht: 0","136499","2","7","5","03","14","2","","0","0","1","0","1"
"POINT (10.001868909000052 53.543787003000034)","Unfall 136500 (2021) Kat:3, Licht: 0","136500","3","6","2","04","18","4","","0","0","1","0","1"
"POINT (10.204995598000039 53.495999879000067)","Unfall 136501 (2021) Kat:3, Licht: 0","136501","3","2","3","03","15","2","","0","1","1","0","0"
"POINT (10.179809539000075 53.496185980000064)","Unfall 136502 (2021) Kat:2, Licht: 0","136502","2","3","4","02","15","3","","0","0","1","0","0"
"POINT (10.018851207000068 53.583061720000046)","Unfall 136503 (2021) Kat:3, Licht: 0","136503","3","6","6","04","12","2","","0","1","0","1","0"
"POINT (10.006083862000025 53.550129018000064)","Unfall 136504 (2021) Kat:3, Licht: 0","136504","3","6","3","03","13","4","","0","0","1","0","0"
"POINT (9.919580828000051 53.637496294000073)","Unfall 136505 (2021) Kat:3, Licht: 2","136505","3","2","3","01","17","4","","2","1","1","0","0"
"POINT (10.000963576000061 53.589487241000029)","Unfall 136506 (2021) Kat:3, Licht: 1","136506","3","2","3","03","17","7","","1","0","1","0","0"
"POINT (10.132713785000021 53.547184545000050)","Unfall 136507 (2021) Kat:3, Licht: 0","136507","3","3","5","02","15","7","","0","0","1","0","0"
"POINT (10.046479311000041 53.578928351000059)","Unfall 136508 (2021) Kat:3, Licht: 0","136508","3","6","2","04","18","5","","0","0","1","0","0"
"POINT (10.190255899000022 53.489854603000026)","Unfall 136509 (2021) Kat:3, Licht: 2","136509","3","4","6","01","16","3","","2","0","0","1","0"
"POINT (10.014505752000048 53.597876104000079)","Unfall 136510 (2021) Kat:3, Licht: 0","136510","3","4","6","03","08","6","","0","0","1","1","0"
"POINT (9.953984700000035 53.553744250000079)","Unfall 136511 (2021) Kat:3, Licht: 0","136511","3","2","4","05","20","4","","0","1","1","0","0"
"POINT (9.903589144000023 53.608879793000028)","Unfall 136512 (2021) Kat:3, Licht: 2","136512","3","2","6","02","19","4","","2","0","1","1","0"
"POINT (10.009127206000073 53.587745914000038)","Unfall 136513 (2021) Kat:3, Licht: 0","136513","3","2","3","04","09","7","","0","1","1","0","0"
"POINT (10.225516507000066 53.494658148000042)","Unfall 136515 (2021) Kat:3, Licht: 0","136515","3","5","1","03","13","7","","0","1","1","0","0"
"POINT (10.098009186000070 53.535153975000071)","Unfall 136516 (2021) Kat:3, Licht: 1","136516","3","3","5","01","16","3","","1","0","1","0","0"
"POINT (9.911083306000023 53.556719816000054)","Unfall 136517 (2021) Kat:3, Licht: 0","136517","3","6","1","03","15","1","","0","1","1","0","0"
"POINT (9.906115138000075 53.607002576000070)","Unfall 136518 (2021) Kat:3, Licht: 0","136518","3","2","5","01","13","7","","0","1","1","0","0"
"POINT (10.144902050000042 53.593962605000058)","Unfall 136519 (2021) Kat:3, Licht: 0","136519","3","6","1","03","13","5","","0","0","1","0","1"
"POINT (10.017301302000021 53.499339029000055)","Unfall 136520 (2021) Kat:3, Licht: 0","136520","3","6","4","03","15","2","","0","1","1","0","0"
"POINT (9.973436676000063 53.583927632000041)","Unfall 136521 (2021) Kat:3, Licht: 2","136521","3","3","5","05","20","1","","2","1","1","0","0"
"POINT (10.013302808000049 53.551448318000041)","Unfall 136522 (2021) Kat:3, Licht: 0","136522","3","6","2","04","09","5","","0","0","1","0","0"
"POINT (9.882374316000039 53.593209397000066)","Unfall 136523 (2021) Kat:3, Licht: 2","136523","3","3","5","01","18","3","","2","1","1","0","0"
"POINT (10.104320916000063 53.544296017000079)","Unfall 136524 (2021) Kat:3, Licht: 0","136524","3","6","2","04","07","3","","0","0","1","0","0"
"POINT (10.115660098000035 53.536384206000037)","Unfall 136525 (2021) Kat:3, Licht: 0","136525","3","4","6","01","15","3","","0","0","1","1","0"
"POINT (10.018272114000069 53.564631170000041)","Unfall 136526 (2021) Kat:3, Licht: 0","136526","3","6","3","03","13","7","","0","1","1","0","0"
"POINT (10.013234252000075 53.601307297000062)","Unfall 136527 (2021) Kat:3, Licht: 0","136527","3","3","5","02","12","4","","0","0","1","0","0"
"POINT (9.950379928000075 53.462886492000052)","Unfall 136528 (2021) Kat:3, Licht: 2","136528","3","7","0","04","23","6","","2","1","0","0","0"
"POINT (10.022839870000041 53.567704356000036)","Unfall 136530 (2021) Kat:3, Licht: 0","136530","3","2","4","04","19","3","","0","1","1","0","0"
"POINT (9.900298505000023 53.609438220000072)","Unfall 136531 (2021) Kat:3, Licht: 2","136531","3","7","0","03","20","4","","2","0","0","0","0"
"POINT (10.032701359000043 53.590965051000069)","Unfall 136532 (2021) Kat:3, Licht: 0","136532","3","7","0","01","10","1","","0","0","0","0","0"
"POINT (10.113328743000068 53.616912676000027)","Unfall 136533 (2021) Kat:3, Licht: 0","136533","3","6","2","03","12","2","","0","0","1","0","0"
"POINT (9.914470030000075 53.582850808000046)","Unfall 136534 (2021) Kat:3, Licht: 0","136534","3","2","4","02","11","3","","0","0","1","0","0"
"POINT (10.133353776000035 53.593317144000082)","Unfall 136536 (2021) Kat:3, Licht: 0","136536","3","7","0","03","12","6","","0","0","1","0","0"
"POINT (10.047961292000025 53.567947030000028)","Unfall 136537 (2021) Kat:3, Licht: 0","136537","3","6","2","03","17","3","","0","0","1","0","0"
"POINT (10.158311002000062 53.613994422000076)","Unfall 136538 (2021) Kat:2, Licht: 0","136538","2","7","3","05","15","7","","0","0","1","0","1"
"POINT (9.987955775000046 53.594491852000033)","Unfall 136539 (2021) Kat:3, Licht: 0","136539","3","6","2","04","19","3","","0","0","1","0","0"
"POINT (9.976434359000052 53.454838636000034)","Unfall 136540 (2021) Kat:3, Licht: 0","136540","3","3","5","01","14","3","","0","1","1","0","0"
"POINT (10.057569626000031 53.607744736000029)","Unfall 136541 (2021) Kat:3, Licht: 0","136541","3","2","6","02","15","5","","0","0","1","1","0"
"POINT (10.097080377000054 53.638387013000056)","Unfall 136542 (2021) Kat:3, Licht: 2","136542","3","3","5","03","05","2","","2","0","1","0","0"
"POINT (10.167014831000074 53.605862674000036)","Unfall 136543 (2021) Kat:3, Licht: 2","136543","3","7","9","01","07","6","","2","0","0","0","0"
"POINT (9.886490902000048 53.478213436000033)","Unfall 136544 (2021) Kat:3, Licht: 0","136544","3","3","5","03","09","5","","0","1","1","0","0"
"POINT (9.930327568000052 53.629184542000075)","Unfall 136545 (2021) Kat:3, Licht: 0","136545","3","3","5","04","13","7","","0","0","1","0","0"
"POINT (10.099930346000065 53.597065789000055)","Unfall 136547 (2021) Kat:3, Licht: 1","136547","3","3","5","03","18","4","","1","0","1","0","0"
"POINT (10.001057235000076 53.676980460000038)","Unfall 136548 (2021) Kat:3, Licht: 0","136548","3","6","2","02","16","7","","0","0","1","0","0"
"POINT (10.093655906000038 53.630322639000042)","Unfall 136549 (2021) Kat:3, Licht: 0","136549","3","7","0","04","07","4","","0","0","1","1","0"
"POINT (9.972371295000073 53.583654994000028)","Unfall 136550 (2021) Kat:3, Licht: 0","136550","3","7","0","02","10","3","","0","1","0","0","0"
"POINT (10.056690924000065 53.560883418000060)","Unfall 136551 (2021) Kat:3, Licht: 0","136551","3","7","0","04","12","1","","0","1","0","0","0"
"POINT (10.205672137000022 53.494047250000051)","Unfall 136552 (2021) Kat:3, Licht: 0","136552","3","2","5","01","13","5","","0","1","0","0","0"
"POINT (10.078537617000052 53.563851934000070)","Unfall 136553 (2021) Kat:3, Licht: 2","136553","3","6","2","02","19","3","","2","0","1","0","0"
"POINT (10.072749415000033 53.608734520000041)","Unfall 136554 (2021) Kat:3, Licht: 0","136554","3","2","3","04","10","5","","0","1","0","0","0"
"POINT (9.923548930000038 53.571003374000043)","Unfall 136555 (2021) Kat:3, Licht: 0","136555","3","2","3","01","08","2","","0","1","1","0","0"
"POINT (9.983604121000042 53.431893782000031)","Unfall 136556 (2021) Kat:3, Licht: 0","136556","3","1","1","03","15","2","","0","0","1","0","0"
"POINT (10.055104606000043 53.590944308000076)","Unfall 136557 (2021) Kat:2, Licht: 0","136557","2","3","5","04","16","2","","0","1","1","0","0"
"POINT (10.019319605000021 53.629536756000050)","Unfall 136558 (2021) Kat:2, Licht: 0","136558","2","5","1","02","17","4","","0","1","1","0","0"
"POINT (10.026696119000064 53.588642796000045)","Unfall 136559 (2021) Kat:3, Licht: 0","136559","3","5","1","04","09","3","","0","1","1","0","0"
"POINT (9.988193893000073 53.556866005000074)","Unfall 136560 (2021) Kat:3, Licht: 0","136560","3","2","3","03","09","4","","0","1","1","0","0"
"POINT (10.016847078000069 53.550514044000067)","Unfall 136561 (2021) Kat:3, Licht: 0","136561","3","6","3","01","11","4","","0","0","1","0","0"
"POINT (10.084523720000050 53.656606687000078)","Unfall 136562 (2021) Kat:3, Licht: 0","136562","3","6","2","03","13","6","","0","0","1","0","0"
"POINT (10.055710540000064 53.606408718000068)","Unfall 136563 (2021) Kat:3, Licht: 2","136563","3","3","5","02","18","3","","2","0","1","0","0"
"POINT (10.031937970000058 53.588106684000081)","Unfall 136564 (2021) Kat:3, Licht: 2","136564","3","7","0","01","04","6","","2","1","0","0","0"
"POINT (9.960290090000058 53.549647540000080)","Unfall 136565 (2021) Kat:3, Licht: 2","136565","3","7","0","03","21","6","","2","1","0","0","0"
"POINT (10.157334191000075 53.432324487000074)","Unfall 136566 (2021) Kat:3, Licht: 0","136566","3","6","2","05","15","3","","0","0","1","0","0"
"POINT (10.092002706000073 53.598200657000064)","Unfall 136567 (2021) Kat:3, Licht: 2","136567","3","3","5","02","06","4","","2","1","1","0","0"
"POINT (9.959247406000031 53.467303738000055)","Unfall 136568 (2021) Kat:3, Licht: 0","136568","3","3","5","04","19","5","","0","1","1","0","0"
"POINT (9.978736965000053 53.561296852000055)","Unfall 136570 (2021) Kat:3, Licht: 0","136570","3","5","1","03","17","2","","0","0","1","0","1"
"POINT (9.971911431000024 53.570734459000050)","Unfall 136571 (2021) Kat:3, Licht: 0","136571","3","4","6","01","15","6","","0","1","0","1","0"
"POINT (10.041182166000056 53.599943084000074)","Unfall 136572 (2021) Kat:3, Licht: 0","136572","3","3","5","03","15","3","","0","1","1","0","0"
"POINT (9.961505526000053 53.612554308000028)","Unfall 136573 (2021) Kat:3, Licht: 0","136573","3","2","2","04","07","3","","0","0","1","0","0"
"POINT (10.036680112000056 53.598082547000047)","Unfall 136575 (2021) Kat:3, Licht: 2","136575","3","7","0","03","04","5","","2","1","0","0","0"
"POINT (10.223111792000054 53.448939824000036)","Unfall 136576 (2021) Kat:3, Licht: 0","136576","3","6","3","02","11","7","","0","1","1","0","0"
"POINT (10.018759700000032 53.633328072000040)","Unfall 136577 (2021) Kat:2, Licht: 0","136577","2","2","4","05","12","7","","0","1","1","0","0"
"POINT (10.067200929000023 53.572147084000051)","Unfall 136578 (2021) Kat:3, Licht: 0","136578","3","6","2","04","14","2","","0","0","1","0","0"
"POINT (10.063832983000054 53.649816746000056)","Unfall 136579 (2021) Kat:3, Licht: 2","136579","3","2","2","01","19","3","","2","0","1","0","0"
"POINT (9.999995370000022 53.498394535000045)","Unfall 136580 (2021) Kat:2, Licht: 0","136580","2","6","3","02","12","4","","0","0","1","0","0"
"POINT (9.927584665000040 53.518876876000036)","Unfall 136581 (2021) Kat:3, Licht: 0","136581","3","6","4","04","06","2","","0","1","0","0","0"
"POINT (10.234076462000075 53.485312676000035)","Unfall 136582 (2021) Kat:3, Licht: 0","136582","3","3","5","01","14","2","","0","0","1","0","0"
"POINT (9.907105329000046 53.513399885000069)","Unfall 136583 (2021) Kat:3, Licht: 0","136583","3","2","1","03","07","3","","0","0","1","0","0"
"POINT (9.986345837000044 53.563232632000052)","Unfall 136584 (2021) Kat:3, Licht: 0","136584","3","6","2","04","11","7","","0","0","1","0","0"
"POINT (9.852647163000029 53.592401000000052)","Unfall 136585 (2021) Kat:3, Licht: 0","136585","3","4","0","03","15","2","","0","0","1","1","0"
"POINT (10.039060707000033 53.534486723000043)","Unfall 136586 (2021) Kat:3, Licht: 2","136586","3","2","5","02","19","4","","2","0","1","0","1"
"POINT (10.112019255000064 53.558499015000052)","Unfall 136587 (2021) Kat:3, Licht: 0","136587","3","6","3","04","18","4","","0","1","0","0","0"
"POINT (10.014015817000029 53.521320004000074)","Unfall 136588 (2021) Kat:2, Licht: 0","136588","2","6","2","04","10","5","","0","0","1","0","0"
"POINT (10.113736255000049 53.554827272000068)","Unfall 136589 (2021) Kat:3, Licht: 0","136589","3","7","9","01","09","1","","0","0","1","0","0"
"POINT (10.127369144000056 53.546916079000027)","Unfall 136590 (2021) Kat:3, Licht: 0","136590","3","6","2","02","08","5","","0","0","1","0","0"
"POINT (9.988256185000068 53.594285752000076)","Unfall 136591 (2021) Kat:3, Licht: 0","136591","3","3","5","04","07","4","","0","1","0","0","0"
"POINT (10.113945256000022 53.576524612000071)","Unfall 136592 (2021) Kat:3, Licht: 0","136592","3","3","5","01","15","3","","0","0","0","0","0"
"POINT (10.142314813000041 53.648391168000046)","Unfall 136593 (2021) Kat:2, Licht: 0","136593","2","7","9","03","12","2","","0","0","1","0","0"
"POINT (10.041870406000044 53.598615048000056)","Unfall 136594 (2021) Kat:3, Licht: 1","136594","3","2","5","02","19","4","","1","0","1","0","0"
"POINT (10.168149467000035 53.647985114000051)","Unfall 136595 (2021) Kat:2, Licht: 0","136595","2","1","1","04","09","6","","0","0","1","0","0"
"POINT (9.980655805000026 53.424577474000046)","Unfall 136596 (2021) Kat:2, Licht: 1","136596","2","2","6","01","08","2","","1","0","1","1","0"
"POINT (9.899637720000044 53.633365846000061)","Unfall 136597 (2021) Kat:3, Licht: 2","136597","3","4","6","03","20","7","","2","0","1","1","0"
"POINT (9.987534936000031 53.451904282000044)","Unfall 136598 (2021) Kat:3, Licht: 0","136598","3","2","5","04","11","7","","0","0","1","0","0"
"POINT (9.971752277000064 53.581877422000048)","Unfall 136600 (2021) Kat:3, Licht: 0","136600","3","2","3","03","13","1","","0","1","1","0","0"
"POINT (10.036435132000065 53.602725182000029)","Unfall 136601 (2021) Kat:3, Licht: 0","136601","3","4","6","02","16","5","","0","0","1","1","0"
"POINT (10.005927341000074 53.617550938000079)","Unfall 136602 (2021) Kat:3, Licht: 0","136602","3","6","2","04","17","4","","0","0","1","0","0"
"POINT (10.121503344000075 53.586455028000046)","Unfall 136603 (2021) Kat:3, Licht: 0","136603","3","7","0","04","13","7","","0","1","0","0","0"
"POINT (10.051738244000035 53.573406503000058)","Unfall 136604 (2021) Kat:3, Licht: 1","136604","3","2","3","01","17","6","","1","0","1","0","0"
"POINT (9.991697844000043 53.453949007000062)","Unfall 136605 (2021) Kat:3, Licht: 1","136605","3","1","4","02","17","2","","1","0","1","0","0"
"POINT (10.174092380000047 53.470855122000046)","Unfall 136606 (2021) Kat:2, Licht: 0","136606","2","3","5","04","11","4","","0","0","1","0","1"
"POINT (9.965100797000048 53.599518934000059)","Unfall 136607 (2021) Kat:3, Licht: 0","136607","3","6","3","01","09","4","","0","0","1","0","0"
"POINT (10.140754400000048 53.629116862000046)","Unfall 136608 (2021) Kat:3, Licht: 1","136608","3","2","3","03","18","2","","1","0","1","0","0"
"POINT (10.072429194000051 53.558474098000033)","Unfall 136609 (2021) Kat:2, Licht: 0","136609","2","3","5","04","09","3","","0","1","0","0","0"
"POINT (10.239742630000023 53.475573763000057)","Unfall 136611 (2021) Kat:3, Licht: 0","136611","3","3","5","04","15","3","","0","0","1","0","0"
"POINT (10.045534034000070 53.571613255000045)","Unfall 136612 (2021) Kat:2, Licht: 0","136612","2","6","2","03","12","4","","0","0","1","0","1"
"POINT (10.140492722000033 53.570500591000041)","Unfall 136613 (2021) Kat:3, Licht: 0","136613","3","3","5","01","15","4","","0","1","1","0","0"
"POINT (10.084591535000072 53.611023525000064)","Unfall 136614 (2021) Kat:3, Licht: 2","136614","3","3","5","03","19","6","","2","1","0","0","0"
"POINT (10.098946293000040 53.648690765000026)","Unfall 136615 (2021) Kat:3, Licht: 0","136615","3","7","0","02","15","2","","0","0","1","0","0"
"POINT (9.997042114000067 53.546349748000068)","Unfall 136617 (2021) Kat:3, Licht: 0","136617","3","2","5","03","13","5","","0","0","1","0","0"
"POINT (9.991086033000045 53.598662591000050)","Unfall 136618 (2021) Kat:3, Licht: 0","136618","3","4","6","05","15","3","","0","0","1","1","0"
"POINT (10.121072028000071 53.494456741000079)","Unfall 136619 (2021) Kat:3, Licht: 0","136619","3","3","5","01","15","6","","0","0","1","0","0"
"POINT (10.014093119000052 53.611821910000060)","Unfall 136620 (2021) Kat:2, Licht: 0","136620","2","3","5","04","13","1","","0","1","1","0","0"
"POINT (10.113191228000062 53.659157830000026)","Unfall 136622 (2021) Kat:3, Licht: 0","136622","3","5","1","03","12","3","","0","0","1","0","0"
"POINT (10.148014014000069 53.569683209000061)","Unfall 136623 (2021) Kat:3, Licht: 0","136623","3","7","5","01","15","4","","0","0","1","0","0"
"POINT (10.023020633000044 53.567617368000072)","Unfall 136624 (2021) Kat:3, Licht: 0","136624","3","2","3","03","13","7","","0","1","1","0","0"
"POINT (9.897227007000026 53.588753824000037)","Unfall 136625 (2021) Kat:3, Licht: 0","136625","3","2","2","02","15","3","","0","0","1","0","0"
"POINT (10.094996538000032 53.679870559000051)","Unfall 136626 (2021) Kat:3, Licht: 0","136626","3","6","2","04","12","2","","0","0","1","0","0"
"POINT (10.032841934000032 53.534685933000048)","Unfall 136628 (2021) Kat:2, Licht: 0","136628","2","4","6","03","14","4","","0","0","1","1","0"
"POINT (10.204769919000057 53.491486702000032)","Unfall 136629 (2021) Kat:2, Licht: 0","136629","2","2","6","02","15","6","","0","0","1","1","0"
"POINT (9.982152781000025 53.566049084000042)","Unfall 136630 (2021) Kat:3, Licht: 2","136630","3","7","0","05","22","7","","2","0","0","0","1"
"POINT (9.990569986000025 53.560781467000027)","Unfall 136631 (2021) Kat:2, Licht: 0","136631","2","4","6","02","09","3","","0","0","1","1","0"
"POINT (10.009211069000060 53.496490350000045)","Unfall 136632 (2021) Kat:2, Licht: 0","136632","2","3","5","04","11","3","","0","1","1","0","0"
"POINT (10.081178039000065 53.580025574000047)","Unfall 136633 (2021) Kat:3, Licht: 2","136633","3","6","2","01","05","2","","2","0","1","0","0"
"POINT (10.072284472000035 53.552238069000055)","Unfall 136634 (2021) Kat:3, Licht: 0","136634","3","3","5","02","12","5","","0","1","1","0","0"
"POINT (10.105224371000077 53.456836655000075)","Unfall 136635 (2021) Kat:3, Licht: 0","136635","3","3","5","04","17","7","","0","0","1","0","0"
"POINT (9.997509304000062 53.620583285000066)","Unfall 136636 (2021) Kat:3, Licht: 2","136636","3","2","4","01","07","6","","2","0","1","0","0"
"POINT (9.962710250000043 53.555784529000050)","Unfall 136637 (2021) Kat:3, Licht: 0","136637","3","6","6","03","12","7","","0","1","0","1","0"
"POINT (10.069280632000073 53.602029113000071)","Unfall 136638 (2021) Kat:3, Licht: 2","136638","3","6","3","04","00","1","","2","0","1","0","0"
"POINT (10.189306502000022 53.477311902000054)","Unfall 136639 (2021) Kat:3, Licht: 0","136639","3","7","0","03","12","7","","0","0","0","0","1"
"POINT (10.110272369000029 53.539020257000061)","Unfall 136640 (2021) Kat:3, Licht: 0","136640","3","6","2","02","12","3","","0","0","1","0","0"
"POINT (10.100950346000047 53.549486133000073)","Unfall 136641 (2021) Kat:2, Licht: 0","136641","2","2","6","04","14","4","","0","0","1","1","0"