WKT,Name,OBJECTID,UKATEGORIE,UTYP1,UART,UMONAT,USTUNDE,UWOCHENTAG,STRZUSTAND,ULICHTVERH,ISTRAD,ISTPKW,ISTFUSS,ISTKRAD
"POINT (10.046611974000029 53.577723878000029)","Unfall 136642 (2021) Kat:3, Licht: 0","136642","3","4","6","04","16","5","","0","0","1","1","0"
"POINT (9.992624313000022 53.481364784000050)","Unfall 136643 (2021) Kat:3, Licht: 2","136643","3","2","3","01","05","6","","2","1","1","0","0"
"POINT (9.988667109000062 53.465871380000067)","Unfall 136644 (2021) Kat:3, Licht: 1","136644","3","3","5","02","17","2","","1","1","0","0","0"
"POINT (10.002515859000027 53.587195519000034)","Unfall 136645 (2021) Kat:3, Licht: 0","136645","3","3","5","02","12","7","","0","1","0","0","0"
"POINT (9.948994206000066 53.559230579000030)","Unfall 136646 (2021) Kat:3, Licht: 0","136646","3","2","0","04","10","4","","0","1","1","0","0"
"POINT (10.007951421000030 53.577764128000069)","Unfall 136647 (2021) Kat:3, Licht: 2","136647","3","7","7","01","18","2","","2","1","0","0","0"
"POINT (10.018282033000048 53.548615847000065)","Unfall 136648 (2021) Kat:3, Licht: 0","136648","3","4","6","03","16","6","","0","1","0","1","0"
"POINT (9.857266936000030 53.476666881000028)","Unfall 136649 (2021) Kat:3, Licht: 0","136649","3","4","6","04","07","3","","0","0","1","1","0"
"POINT (9.917642271000034 53.553615365000041)","Unfall 136651 (2021) Kat:3, Licht: 0","136651","3","6","4","04","09","4","","0","1","0","0","0"
"POINT (10.184233580000068 53.440654376000055)","Unfall 136652 (2021) Kat:3, Licht: 0","136652","3","3","5","03","16","3","","0","1","1","0","0"
"POINT (10.041984956000022 53.588380935000032)","Unfall 136653 (2021) Kat:3, Licht: 1","136653","3","6","2","01","08","3","","1","0","1","0","0"
"POINT (9.914352476000033 53.601329344000078)","Unfall 136654 (2021) Kat:3, Licht: 0","136654","3","2","3","03","13","6","","0","1","0","0","0"
"POINT (10.035859116000040 53.524103607000029)","Unfall 136656 (2021) Kat:3, Licht: 0","136656","3","6","2","03","09","6","","0","0","0","0","0"
"POINT (10.011524675000032 53.649089038000056)","Unfall 136657 (2021) Kat:3, Licht: 0","136657","3","7","5","03","10","4","","0","0","1","0","0"
"POINT (9.904289207000033 53.570322548000036)","Unfall 136658 (2021) Kat:3, Licht: 0","136658","3","2","3","05","16","4","","0","1","0","0","0"
"POINT (10.016189121000025 53.634879078000040)","Unfall 136659 (2021) Kat:3, Licht: 0","136659","3","6","2","01","13","6","","0","0","1","0","0"
"POINT (9.865381908000074 53.547922821000043)","Unfall 136660 (2021) Kat:3, Licht: 0","136660","3","6","2","04","07","5","","0","0","1","0","0"
"POINT (9.978080442000021 53.571925384000053)","Unfall 136662 (2021) Kat:3, Licht: 0","136662","3","6","2","02","08","2","","0","0","1","0","0"
"POINT (9.810603490000062 53.528833871000074)","Unfall 136663 (2021) Kat:3, Licht: 0","136663","3","2","3","04","17","5","","0","1","0","0","0"
"POINT (9.961826199000029 53.599590201000069)","Unfall 136665 (2021) Kat:3, Licht: 0","136665","3","6","0","04","08","4","","0","0","1","0","1"
"POINT (10.197658928000067 53.483294817000058)","Unfall 136666 (2021) Kat:3, Licht: 0","136666","3","7","6","03","17","4","","0","0","1","1","0"
"POINT (10.150480176000030 53.628342685000064)","Unfall 136667 (2021) Kat:3, Licht: 2","136667","3","4","6","01","07","3","","2","0","1","1","0"
"POINT (10.110545930000058 53.526170724000053)","Unfall 136668 (2021) Kat:3, Licht: 0","136668","3","3","5","03","09","6","","0","0","0","0","0"
"POINT (9.934952682000073 53.430860507000034)","Unfall 136669 (2021) Kat:3, Licht: 0","136669","3","3","5","02","07","7","","0","0","1","0","0"
"POINT (10.045953076000046 53.588078372000041)","Unfall 136670 (2021) Kat:3, Licht: 2","136670","3","2","3","02","17","1","","2","1","1","0","0"
"POINT (10.088045404000070 53.655871162000039)","Unfall 136672 (2021) Kat:3, Licht: 2","136672","3","7","9","03","02","5","","2","0","1","0","0"
"POINT (10.124826309000071 53.586084153000058)","Unfall 136673 (2021) Kat:3, Licht: 0","136673","3","2","4","04","19","6","","0","0","1","0","0"
"POINT (10.123693873000036 53.613812198000062)","Unfall 136675 (2021) Kat:3, Licht: 0","136675","3","7","0","01","14","6","","0","0","0","0","0"
"POINT (10.102765295000040 53.576876657000071)","Unfall 136676 (2021) Kat:3, Licht: 0","136676","3","6","1","03","10","2","","0","0","0","0","0"
"POINT (10.036788406000028 53.597714144000065)","Unfall 136677 (2021) Kat:3, Licht: 2","136677","3","7","0","01","17","5","","2","1","0","0","0"
"POINT (9.989417928000023 53.560051035000072)","Unfall 136678 (2021) Kat:3, Licht: 0","136678","3","3","5","03","11","2","","0","1","0","0","0"
"POINT (9.990567748000046 53.543165116000068)","Unfall 136679 (2021) Kat:3, Licht: 0","136679","3","6","3","02","15","7","","0","1","1","0","0"
"POINT (10.041755061000060 53.588388070000065)","Unfall 136680 (2021) Kat:2, Licht: 0","136680","2","3","5","04","14","2","","0","1","1","0","0"
"POINT (10.259538348000035 53.468793195000046)","Unfall 136682 (2021) Kat:3, Licht: 0","136682","3","7","0","03","14","4","","0","1","0","0","0"
"POINT (10.075005436000026 53.593121011000051)","Unfall 136683 (2021) Kat:2, Licht: 0","136683","2","5","1","02","15","1","","0","0","1","0","0"
"POINT (9.755984320000039 53.577228954000077)","Unfall 136684 (2021) Kat:3, Licht: 0","136684","3","7","0","05","13","2","","0","1","0","0","0"
"POINT (10.044017467000060 53.591458725000052)","Unfall 136685 (2021) Kat:3, Licht: 0","136685","3","3","5","02","10","6","","0","0","0","0","0"
"POINT (9.996016851000036 53.474521917000061)","Unfall 136686 (2021) Kat:3, Licht: 2","136686","3","1","9","04","03","4","","2","0","1","0","0"
"POINT (10.023358503000054 53.537868296000056)","Unfall 136687 (2021) Kat:3, Licht: 1","136687","3","3","5","01","16","4","","1","0","1","0","0"
"POINT (10.195230425000034 53.488894771000048)","Unfall 136688 (2021) Kat:3, Licht: 1","136688","3","6","6","02","07","3","","1","1","0","1","0"
"POINT (9.974089003000074 53.578570291000062)","Unfall 136689 (2021) Kat:3, Licht: 0","136689","3","3","5","04","17","7","","0","1","1","0","0"
"POINT (9.921229103000030 53.632395491000068)","Unfall 136690 (2021) Kat:3, Licht: 0","136690","3","6","0","01","14","5","","0","0","1","0","0"
"POINT (10.168127715000026 53.648015136000026)","Unfall 136691 (2021) Kat:2, Licht: 0","136691","2","4","6","03","13","5","","0","0","1","1","0"
"POINT (9.918209132000072 53.579307984000081)","Unfall 136692 (2021) Kat:3, Licht: 0","136692","3","3","5","04","16","6","","0","1","1","0","0"
"POINT (9.896800065000036 53.609260700000050)","Unfall 136693 (2021) Kat:3, Licht: 0","136693","3","3","4","03","08","3","","0","1","0","0","0"
"POINT (10.018176362000077 53.552586381000026)","Unfall 136694 (2021) Kat:3, Licht: 0","136694","3","2","5","02","16","5","","0","1","1","0","0"
"POINT (9.983965347000037 53.542833298000062)","Unfall 136695 (2021) Kat:3, Licht: 0","136695","3","2","3","04","07","5","","0","1","1","0","0"
"POINT (9.897551720000024 53.612518476000048)","Unfall 136696 (2021) Kat:3, Licht: 0","136696","3","3","5","04","13","1","","0","0","1","0","0"
"POINT (10.118778655000028 53.532167154000035)","Unfall 136697 (2021) Kat:3, Licht: 0","136697","3","3","5","01","12","7","","0","0","1","0","0"
"POINT (9.904005206000022 53.608711349000032)","Unfall 136698 (2021) Kat:3, Licht: 2","136698","3","3","5","03","18","2","","2","0","1","0","0"
"POINT (9.972291102000042 53.451927904000058)","Unfall 136699 (2021) Kat:3, Licht: 0","136699","3","2","2","02","16","6","","0","1","1","0","0"
"POINT (9.971971632000077 53.581901248000065)","Unfall 136700 (2021) Kat:3, Licht: 0","136700","3","3","0","04","17","4","","0","0","1","0","0"
"POINT (9.919734900000037 53.598150720000035)","Unfall 136701 (2021) Kat:3, Licht: 2","136701","3","2","6","01","17","2","","2","0","1","1","0"
"POINT (9.896107603000075 53.553309737000063)","Unfall 136702 (2021) Kat:2, Licht: 1","136702","2","7","0","03","18","7","","1","1","0","0","0"
"POINT (10.154448272000025 53.598784504000037)","Unfall 136703 (2021) Kat:3, Licht: 0","136703","3","2","2","02","17","3","","0","0","1","0","0"
"POINT (10.002732351000077 53.662388718000045)","Unfall 136704 (2021) Kat:3, Licht: 0","136704","3","5","1","04","16","5","","0","0","1","0","0"
"POINT (10.009413665000068 53.578328955000075)","Unfall 136706 (2021) Kat:3, Licht: 0","136706","3","2","0","04","10","2","","0","0","1","0","0"
"POINT (10.084950301000049 53.520096598000066)","Unfall 136707 (2021) Kat:3, Licht: 0","136707","3","7","0","03","15","4","","0","1","0","0","0"
"POINT (10.037634534000063 53.580307149000078)","Unfall 136708 (2021) Kat:3, Licht: 0","136708","3","5","1","01","15","3","","0","1","1","0","0"
"POINT (10.175246373000050 53.654571269000030)","Unfall 136709 (2021) Kat:2, Licht: 1","136709","2","7","0","03","18","1","","1","0","0","0","1"
"POINT (10.143498704000024 53.600393291000046)","Unfall 136710 (2021) Kat:3, Licht: 0","136710","3","3","5","02","09","5","","0","0","1","0","0"
"POINT (10.119598729000074 53.606403624000052)","Unfall 136712 (2021) Kat:3, Licht: 0","136712","3","3","5","03","15","6","","0","1","1","0","0"
"POINT (9.981343940000045 53.458941430000039)","Unfall 136713 (2021) Kat:3, Licht: 0","136713","3","2","6","03","13","3","","0","0","1","1","0"
"POINT (9.959808923000026 53.626505720000068)","Unfall 136714 (2021) Kat:3, Licht: 0","136714","3","6","4","05","13","7","","0","1","1","0","0"
"POINT (10.203081342000075 53.487541099000055)","Unfall 136715 (2021) Kat:3, Licht: 0","136715","3","2","4","01","14","5","","0","1","1","0","0"
"POINT (10.017065583000033 53.564056785000048)","Unfall 136716 (2021) Kat:2, Licht: 2","136716","2","3","5","02","20","6","","2","0","1","0","0"
"POINT (10.098235804000069 53.592337069000052)","Unfall 136717 (2021) Kat:3, Licht: 0","136717","3","7","3","04","15","4","","0","0","1","0","0"
"POINT (9.866691447000051 53.585324486000047)","Unfall 136718 (2021) Kat:3, Licht: 0","136718","3","6","2","01","11","5","","0","0","1","0","0"
"POINT (9.928674081000054 53.592239281000047)","Unfall 136719 (2021) Kat:3, Licht: 2","136719","3","2","5","01","20","1","","2","0","1","0","0"
"POINT (10.122365211000044 53.605121146000045)","Unfall 136720 (2021) Kat:3, Licht: 0","136720","3","1","9","03","11","2","","0","0","1","0","0"
"POINT (10.083243379000066 53.544731704000071)","Unfall 136721 (2021) Kat:3, Licht: 2","136721","3","3","5","01","07","6","","2","1","0","0","0"
"POINT (10.192590811000059 53.495377400000052)","Unfall 136722 (2021) Kat:3, Licht: 0","136722","3","3","5","03","17","4","","0","1","1","0","0"
"POINT (10.082628758000055 53.548457623000047)","Unfall 136723 (2021) Kat:3, Licht: 0","136723","3","6","2","02","11","7","","0","0","1","0","0"
"POINT (10.052320583000039 53.468356838000034)","Unfall 136724 (2021) Kat:3, Licht: 2","136724","3","7","0","04","20","7","","2","0","0","0","1"
"POINT (9.876457425000069 53.477531455000076)","Unfall 136726 (2021) Kat:3, Licht: 0","136726","3","4","6","03","12","5","","0","1","0","1","0"
"POINT (10.046273249000023 53.539317525000058)","Unfall 136727 (2021) Kat:3, Licht: 0","136727","3","3","5","02","11","5","","0","0","1","0","0"
"POINT (10.061829075000048 53.583433669000044)","Unfall 136728 (2021) Kat:3, Licht: 2","136728","3","3","5","04","21","5","","2","0","1","0","0"
"POINT (9.900060354000061 53.610798282000076)","Unfall 136729 (2021) Kat:3, Licht: 0","136729","3","3","5","04","13","2","","0","1","1","0","0"
"POINT (9.978069581000057 53.594066964000035)","Unfall 136730 (2021) Kat:3, Licht: 0","136730","3","7","6","01","08","2","","0","0","1","0","0"
"POINT (9.919922804000066 53.631605932000070)","Unfall 136731 (2021) Kat:3, Licht: 0","136731","3","3","5","02","12","7","","0","0","1","0","1"
"POINT (10.010512668000047 53.556326240000033)","Unfall 136732 (2021) Kat:3, Licht: 2","136732","3","1","0","02","18","7","","2","1","0","0","0"
"POINT (10.050325797000028 53.559763475000068)","Unfall 136733 (2021) Kat:3, Licht: 0","136733","3","6","2","04","17","6","","0","0","1","0","0"
"POINT (10.001408371000025 53.656007863000070)","Unfall 136734 (2021) Kat:3, Licht: 0","136734","3","2","6","01","08","6","","0","0","1","1","0"
"POINT (9.986437652000063 53.508487894000041)","Unfall 136735 (2021) Kat:3, Licht: 0","136735","3","6","2","03","14","6","","0","0","1","0","0"
"POINT (9.899823285000025 53.475107161000039)","Unfall 136736 (2021) Kat:2, Licht: 0","136736","2","6","4","04","11","3","","0","0","1","0","0"
"POINT (9.991007023000066 53.554622986000027)","Unfall 136737 (2021) Kat:3, Licht: 2","136737","3","7","4","03","20","3","","2","0","1","0","0"
"POINT (10.105902512000057 53.558815265000078)","Unfall 136738 (2021) Kat:3, Licht: 1","136738","3","2","6","01","07","5","","1","0","1","1","0"
"POINT (10.002257826000061 53.557340246000081)","Unfall 136739 (2021) Kat:3, Licht: 0","136739","3","4","6","03","09","3","","0","0","0","1","0"
"POINT (10.111619460000043 53.648485940000057)","Unfall 136740 (2021) Kat:3, Licht: 0","136740","3","6","2","02","12","6","","0","0","1","0","0"
"POINT (10.013493942000025 53.548409355000047)","Unfall 136741 (2021) Kat:3, Licht: 0","136741","3","2","3","04","16","1","","0","0","1","0","0"
"POINT (10.073032093000052 53.572301770000081)","Unfall 136743 (2021) Kat:3, Licht: 0","136743","3","4","6","03","10","4","","0","0","1","1","0"
"POINT (10.072633854000060 53.674075021000078)","Unfall 136744 (2021) Kat:3, Licht: 0","136744","3","7","6","03","17","2","","0","1","0","1","0"
"POINT (10.208700959000055 53.490243501000066)","Unfall 136745 (2021) Kat:3, Licht: 0","136745","3","6","3","04","19","6","","0","1","1","0","0"
"POINT (9.950243389000036 53.493923173000042)","Unfall 136746 (2021) Kat:3, Licht: 2","136746","3","7","0","04","05","4","","2","0","0","0","1"
"POINT (10.090078097000060 53.700376251000080)","Unfall 136747 (2021) Kat:3, Licht: 0","136747","3","4","6","01","12","5","","0","0","1","1","0"
"POINT (9.854618601000027 53.563883391000047)","Unfall 136748 (2021) Kat:3, Licht: 0","136748","3","6","4","02","11","7","","0","1","1","0","0"
"POINT (10.172322335000047 53.478580164000050)","Unfall 136749 (2021) Kat:3, Licht: 0","136749","3","6","4","02","14","6","","0","0","1","0","0"
"POINT (10.029641578000053 53.633082215000059)","Unfall 136750 (2021) Kat:3, Licht: 0","136750","3","6","2","04","14","6","","0","0","1","0","0"
"POINT (10.013976789000026 53.593893635000029)","Unfall 136751 (2021) Kat:3, Licht: 0","136751","3","1","0","01","11","7","","0","0","0","0","1"
"POINT (10.013700884000059 53.484705576000067)","Unfall 136752 (2021) Kat:3, Licht: 0","136752","3","6","2","03","12","4","","0","0","1","0","0"
"POINT (10.158429286000057 53.616855105000070)","Unfall 136753 (2021) Kat:3, Licht: 0","136753","3","6","2","04","17","4","","0","0","1","0","0"
"POINT (10.053940690000047 53.608548060000032)","Unfall 136754 (2021) Kat:3, Licht: 2","136754","3","6","6","03","06","3","","2","1","0","1","0"
"POINT (10.069373129000041 53.559575625000036)","Unfall 136755 (2021) Kat:3, Licht: 0","136755","3","3","5","02","12","3","","0","0","1","0","0"
"POINT (10.078817392000076 53.497564763000071)","Unfall 136756 (2021) Kat:3, Licht: 0","136756","3","6","3","04","18","4","","0","1","1","0","0"
"POINT (10.159988050000038 53.605199388000074)","Unfall 136757 (2021) Kat:3, Licht: 0","136757","3","6","6","04","16","5","","0","1","0","1","0"
"POINT (9.904724044000034 53.589966604000040)","Unfall 136758 (2021) Kat:3, Licht: 0","136758","3","3","5","01","12","5","","0","1","1","0","0"
"POINT (9.978753520000055 53.601494758000058)","Unfall 136759 (2021) Kat:3, Licht: 2","136759","3","3","5","03","19","6","","2","1","1","0","0"
"POINT (10.181802367000046 53.493022649000068)","Unfall 136760 (2021) Kat:3, Licht: 2","136760","3","6","2","02","17","5","","2","0","1","0","0"
"POINT (10.037983763000057 53.587255314000060)","Unfall 136761 (2021) Kat:3, Licht: 0","136761","3","3","5","04","08","4","","0","1","1","0","0"
"POINT (10.023300864000021 53.537808588000075)","Unfall 136762 (2021) Kat:3, Licht: 0","136762","3","3","5","01","12","2","","0","0","1","0","0"
"POINT (9.945629653000026 53.571127621000073)","Unfall 136763 (2021) Kat:3, Licht: 0","136763","3","5","1","03","13","7","","0","1","1","0","0"
"POINT (10.035619788000076 53.575217165000026)","Unfall 136764 (2021) Kat:3, Licht: 0","136764","3","6","2","02","14","5","","0","0","1","0","0"
"POINT (10.007616551000069 53.636728310000080)","Unfall 136765 (2021) Kat:3, Licht: 0","136765","3","1","0","02","13","6","","0","0","0","0","1"
"POINT (10.050314102000073 53.561028733000057)","Unfall 136766 (2021) Kat:3, Licht: 0","136766","3","6","2","04","16","5","","0","0","1","0","0"
"POINT (9.844110879000027 53.576950506000060)","Unfall 136768 (2021) Kat:3, Licht: 0","136768","3","6","2","04","08","3","","0","0","1","0","0"
"POINT (9.955360468000038 53.552511469000081)","Unfall 136769 (2021) Kat:3, Licht: 0","136769","3","6","3","03","14","4","","0","0","0","0","0"
"POINT (10.042831972000045 53.540138750000040)","Unfall 136770 (2021) Kat:2, Licht: 2","136770","2","7","0","01","00","7","","2","0","0","0","0"
"POINT (10.109855005000043 53.581902590000027)","Unfall 136771 (2021) Kat:3, Licht: 0","136771","3","4","6","03","07","2","","0","0","1","1","0"
"POINT (9.849148238000055 53.584881111000072)","Unfall 136772 (2021) Kat:3, Licht: 0","136772","3","4","6","02","11","3","","0","0","0","1","0"
"POINT (9.891655895000042 53.574274236000065)","Unfall 136774 (2021) Kat:3, Licht: 0","136774","3","7","6","03","17","7","","0","0","1","1","0"
"POINT (10.084886329000028 53.607830647000071)","Unfall 136775 (2021) Kat:2, Licht: 0","136775","2","4","6","03","17","4","","0","0","1","1","0"
"POINT (10.129813096000021 53.621198694000043)","Unfall 136776 (2021) Kat:2, Licht: 1","136776","2","5","1","04","21","6","","1","0","1","0","0"
"POINT (10.006768626000053 53.550229550000040)","Unfall 136777 (2021) Kat:3, Licht: 2","136777","3","7","0","04","05","5","","2","1","0","0","0"
"POINT (9.871220588000028 53.592493380000064)","Unfall 136778 (2021) Kat:1, Licht: 0","136778","1","4","6","01","11","5","","0","0","1","1","0"
"POINT (9.948698255000068 53.559714022000037)","Unfall 136779 (2021) Kat:3, Licht: 2","136779","3","6","2","02","18","6","","2","0","1","0","0"
"POINT (10.133031236000022 53.622824246000050)","Unfall 136780 (2021) Kat:3, Licht: 0","136780","3","2","3","04","18","7","","0","1","1","0","0"
"POINT (10.035665919000053 53.575070923000055)","Unfall 136781 (2021) Kat:3, Licht: 2","136781","3","2","3","01","17","2","","2","1","1","0","0"
"POINT (10.104250632000060 53.590109356000028)","Unfall 136782 (2021) Kat:2, Licht: 1","136782","2","5","1","03","19","6","","1","0","0","0","1"
"POINT (10.174312727000029 53.614646629000049)","Unfall 136783 (2021) Kat:3, Licht: 0","136783","3","3","5","04","11","1","","0","0","1","0","0"
"POINT (10.105968595000036 53.569417500000043)","Unfall 136785 (2021) Kat:3, Licht: 0","136785","3","4","6","03","17","3","","0","1","0","1","0"
"POINT (9.930438324000022 53.603126562000057)","Unfall 136786 (2021) Kat:3, Licht: 0","136786","3","6","3","02","16","4","","0","0","1","0","1"
"POINT (10.155026049000071 53.599225803000081)","Unfall 136787 (2021) Kat:3, Licht: 0","136787","3","6","2","04","17","6","","0","0","1","0","0"
"POINT (9.992709940000054 53.481375527000068)","Unfall 136788 (2021) Kat:3, Licht: 1","136788","3","2","3","04","19","7","","1","1","0","0","0"
"POINT (9.983958521000034 53.581200375000037)","Unfall 136789 (2021) Kat:3, Licht: 2","136789","3","2","6","01","19","2","","2","0","0","1","0"
"POINT (9.917084902000056 53.582013852000046)","Unfall 136790 (2021) Kat:3, Licht: 1","136790","3","6","2","02","08","3","","1","0","1","0","0"
"POINT (9.936567543000024 53.473005719000071)","Unfall 136791 (2021) Kat:3, Licht: 0","136791","3","1","8","04","17","4","","0","0","0","0","1"
"POINT (9.910796957000059 53.645286355000053)","Unfall 136792 (2021) Kat:3, Licht: 0","136792","3","3","5","01","15","4","","0","0","1","0","0"
"POINT (9.855885378000039 53.473325546000069)","Unfall 136793 (2021) Kat:3, Licht: 0","136793","3","2","5","03","15","6","","0","1","1","0","0"
"POINT (10.033780765000074 53.543794325000079)","Unfall 136794 (2021) Kat:3, Licht: 0","136794","3","7","3","04","11","3","","0","0","1","0","0"
"POINT (10.008176610000021 53.579961747000027)","Unfall 136795 (2021) Kat:3, Licht: 2","136795","3","7","1","04","21","3","","2","1","1","0","0"
"POINT (10.002673888000061 53.463050789000079)","Unfall 136796 (2021) Kat:2, Licht: 0","136796","2","5","1","03","10","4","","0","0","0","0","0"
"POINT (9.986873506000052 53.454679805000069)","Unfall 136797 (2021) Kat:3, Licht: 2","136797","3","5","1","01","19","2","","2","0","1","0","0"
"POINT (10.035547229000031 53.536140803000080)","Unfall 136798 (2021) Kat:3, Licht: 0","136798","3","6","2","03","14","5","","0","0","1","0","0"
"POINT (9.946803951000049 53.455167057000040)","Unfall 136799 (2021) Kat:3, Licht: 2","136799","3","2","6","01","01","6","","2","0","1","1","0"
"POINT (10.117014591000043 53.598117451000064)","Unfall 136800 (2021) Kat:3, Licht: 2","136800","3","5","1","03","23","5","","2","0","1","0","0"
"POINT (10.102882754000063 53.699790803000042)","Unfall 136801 (2021) Kat:3, Licht: 0","136801","3","3","5","01","09","5","","0","1","1","0","0"
"POINT (10.151746318000050 53.586427396000033)","Unfall 136802 (2021) Kat:3, Licht: 0","136802","3","6","6","04","13","6","","0","1","0","1","0"
"POINT (9.899665719000041 53.631555714000058)","Unfall 136804 (2021) Kat:3, Licht: 0","136804","3","7","6","03","11","2","","0","0","1","1","0"
"POINT (9.981815020000056 53.458469611000055)","Unfall 136805 (2021) Kat:2, Licht: 2","136805","2","2","6","03","18","1","","2","0","1","1","0"
"POINT (10.097037841000031 53.641497760000050)","Unfall 136806 (2021) Kat:3, Licht: 0","136806","3","3","5","05","13","3","","0","1","1","0","0"
"POINT (10.067522625000038 53.572252557000070)","Unfall 136807 (2021) Kat:3, Licht: 0","136807","3","6","6","07","12","2","","0","1","0","1","0"
"POINT (10.016329325000072 53.600354169000070)","Unfall 136808 (2021) Kat:3, Licht: 0","136808","3","6","2","06","07","4","","0","0","1","0","0"
"POINT (9.928985742000066 53.592233654000040)","Unfall 136809 (2021) Kat:3, Licht: 0","136809","3","3","5","05","19","3","","0","0","1","0","0"
"POINT (10.007137922000027 53.551918886000067)","Unfall 136810 (2021) Kat:3, Licht: 0","136810","3","7","0","08","16","4","","0","1","0","0","0"
"POINT (10.022485685000049 53.550940625000067)","Unfall 136811 (2021) Kat:3, Licht: 0","136811","3","7","0","06","20","7","","0","0","1","0","0"
"POINT (10.090847721000046 53.502680978000058)","Unfall 136812 (2021) Kat:3, Licht: 0","136812","3","3","5","06","07","5","","0","1","0","0","0"
"POINT (10.002209843000060 53.555113497000036)","Unfall 136813 (2021) Kat:3, Licht: 0","136813","3","7","0","07","16","7","","0","1","0","0","0"
"POINT (10.062542444000030 53.653676299000040)","Unfall 136814 (2021) Kat:3, Licht: 0","136814","3","7","0","05","20","2","","0","1","0","0","0"
"POINT (10.051097960000050 53.554053625000051)","Unfall 136815 (2021) Kat:3, Licht: 0","136815","3","7","1","07","18","3","","0","0","1","0","0"
"POINT (10.152890524000043 53.416523093000080)","Unfall 136816 (2021) Kat:3, Licht: 0","136816","3","5","1","06","07","4","","0","0","1","0","0"
"POINT (9.872035616000062 53.586077851000027)","Unfall 136817 (2021) Kat:3, Licht: 0","136817","3","3","5","06","11","7","","0","1","1","0","0"
"POINT (10.001949274000026 53.555253362000030)","Unfall 136818 (2021) Kat:3, Licht: 0","136818","3","2","3","06","14","3","","0","1","0","0","1"
"POINT (9.958030639000071 53.441726274000075)","Unfall 136819 (2021) Kat:3, Licht: 0","136819","3","2","3","07","07","6","","0","1","0","0","0"
"POINT (10.000774612000043 53.555562202000033)","Unfall 136820 (2021) Kat:3, Licht: 0","136820","3","2","4","05","14","5","","0","0","1","0","0"
"POINT (10.040690324000025 53.555567938000081)","Unfall 136821 (2021) Kat:3, Licht: 0","136821","3","7","4","06","12","5","","0","0","1","0","0"
"POINT (10.165537103000077 53.622272771000041)","Unfall 136822 (2021) Kat:3, Licht: 0","136822","3","7","0","07","18","3","","0","1","0","0","0"
"POINT (10.003975183000023 53.557465396000055)","Unfall 136823 (2021) Kat:3, Licht: 0","136823","3","6","2","07","11","5","","0","0","1","0","0"
"POINT (10.032730101000027 53.619802675000074)","Unfall 136824 (2021) Kat:3, Licht: 0","136824","3","3","5","05","12","1","","0","0","1","0","0"
"POINT (10.020488096000065 53.479429229000061)","Unfall 136825 (2021) Kat:3, Licht: 0","136825","3","3","5","07","10","5","","0","0","1","0","0"
"POINT (10.015397540000038 53.600050219000082)","Unfall 136826 (2021) Kat:3, Licht: 0","136826","3","6","2","06","18","2","","0","0","1","0","0"
"POINT (10.011831823000023 53.557831046000047)","Unfall 136827 (2021) Kat:3, Licht: 2","136827","3","3","5","08","00","2","","2","0","1","0","0"
"POINT (9.913554932000068 53.627591916000029)","Unfall 136828 (2021) Kat:2, Licht: 0","136828","2","6","4","06","12","6","","0","1","1","0","0"
"POINT (9.940016348000029 53.455387823000081)","Unfall 136829 (2021) Kat:3, Licht: 0","136829","3","7","1","06","12","3","","0","1","1","0","0"
"POINT (10.081494489000022 53.558657131000075)","Unfall 136830 (2021) Kat:3, Licht: 0","136830","3","6","3","07","17","5","","0","0","1","0","0"
"POINT (10.023081201000025 53.663240973000029)","Unfall 136831 (2021) Kat:3, Licht: 0","136831","3","2","5","05","13","7","","0","1","1","0","0"
"POINT (10.082469849000063 53.552963586000033)","Unfall 136832 (2021) Kat:3, Licht: 2","136832","3","1","9","06","23","6","","2","1","1","0","0"
"POINT (10.095844646000046 53.516570050000041)","Unfall 136833 (2021) Kat:3, Licht: 0","136833","3","7","6","05","13","6","","0","0","0","1","0"
"POINT (9.987379112000042 53.548923237000054)","Unfall 136834 (2021) Kat:2, Licht: 0","136834","2","3","5","07","06","6","","0","1","0","0","0"
"POINT (10.019627230000026 53.563294630000030)","Unfall 136835 (2021) Kat:3, Licht: 0","136835","3","2","3","05","16","6","","0","1","1","0","0"
"POINT (10.012604863000035 53.626402712000072)","Unfall 136836 (2021) Kat:3, Licht: 0","136836","3","3","5","06","16","3","","0","0","1","0","0"
"POINT (9.992623242000036 53.592082941000058)","Unfall 136837 (2021) Kat:3, Licht: 0","136837","3","7","3","07","13","3","","0","0","0","0","1"
"POINT (9.949475602000064 53.564370255000028)","Unfall 136838 (2021) Kat:3, Licht: 0","136838","3","7","0","06","14","1","","0","0","0","0","0"
"POINT (10.016742949000047 53.563919712000029)","Unfall 136839 (2021) Kat:3, Licht: 0","136839","3","7","0","07","09","4","","0","0","0","0","1"
"POINT (10.160171877000039 53.489672526000049)","Unfall 136840 (2021) Kat:3, Licht: 0","136840","3","3","5","06","09","7","","0","1","1","0","0"
"POINT (10.050789414000064 53.578863092000063)","Unfall 136841 (2021) Kat:3, Licht: 2","136841","3","1","0","07","03","6","","2","0","0","0","0"
"POINT (10.058417921000057 53.570012141000063)","Unfall 136842 (2021) Kat:3, Licht: 0","136842","3","7","3","07","15","7","","0","0","1","0","0"