WKT,Name,OBJECTID,UKATEGORIE,UTYP1,UART,UMONAT,USTUNDE,UWOCHENTAG,STRZUSTAND,ULICHTVERH,ISTRAD,ISTPKW,ISTFUSS,ISTKRAD
"POINT (9.946405085000038 53.619068400000060)","Unfall 136843 (2021) Kat:3, Licht: 0","136843","3","3","5","06","15","3","","0","1","0","0","0"
"POINT (9.962253374000056 53.546461325000053)","Unfall 136844 (2021) Kat:3, Licht: 0","136844","3","6","4","06","18","6","","0","1","0","0","0"
"POINT (10.008650532000047 53.558997475000069)","Unfall 136845 (2021) Kat:3, Licht: 0","136845","3","6","3","07","13","3","","0","1","1","0","0"
"POINT (10.080780711000045 53.516519819000052)","Unfall 136846 (2021) Kat:3, Licht: 0","136846","3","7","2","05","10","2","","0","0","0","0","1"
"POINT (10.140695081000047 53.628798039000060)","Unfall 136847 (2021) Kat:3, Licht: 0","136847","3","2","3","07","10","4","","0","1","1","0","0"
"POINT (9.929579148000073 53.567526654000062)","Unfall 136848 (2021) Kat:3, Licht: 0","136848","3","6","2","06","14","7","","0","0","1","0","0"
"POINT (9.977023994000035 53.461258658000077)","Unfall 136849 (2021) Kat:2, Licht: 0","136849","2","2","6","05","11","4","","0","0","0","1","0"
"POINT (9.979682010000033 53.527754735000030)","Unfall 136850 (2021) Kat:3, Licht: 0","136850","3","3","5","07","16","3","","0","0","1","0","0"
"POINT (10.137545499000055 53.628931348000037)","Unfall 136851 (2021) Kat:2, Licht: 0","136851","2","3","5","06","16","4","","0","1","1","0","0"
"POINT (10.110160533000055 53.550944844000071)","Unfall 136852 (2021) Kat:3, Licht: 0","136852","3","6","2","05","16","3","","0","0","1","0","0"
"POINT (10.016937657000028 53.570639215000028)","Unfall 136853 (2021) Kat:3, Licht: 2","136853","3","1","0","08","02","4","","2","0","0","0","0"
"POINT (10.071146772000077 53.608665325000061)","Unfall 136854 (2021) Kat:3, Licht: 0","136854","3","7","4","06","06","2","","0","0","0","0","1"
"POINT (9.971128953000061 53.547367123000072)","Unfall 136855 (2021) Kat:3, Licht: 2","136855","3","7","0","06","00","7","","2","1","0","0","0"
"POINT (10.083031917000028 53.581419638000057)","Unfall 136856 (2021) Kat:3, Licht: 0","136856","3","3","5","07","18","5","","0","0","1","0","0"
"POINT (10.002061349000030 53.596059684000068)","Unfall 136857 (2021) Kat:3, Licht: 0","136857","3","6","2","07","15","5","","0","0","1","0","0"
"POINT (9.974721621000072 53.494256990000054)","Unfall 136858 (2021) Kat:2, Licht: 1","136858","2","1","0","06","06","1","","1","1","0","0","0"
"POINT (9.936373084000024 53.551561201000027)","Unfall 136859 (2021) Kat:3, Licht: 0","136859","3","2","0","06","11","4","","0","1","0","0","0"
"POINT (10.107890952000048 53.540848755000070)","Unfall 136860 (2021) Kat:3, Licht: 0","136860","3","7","0","07","10","2","","0","1","0","0","0"
"POINT (10.048808279000070 53.589277311000046)","Unfall 136861 (2021) Kat:3, Licht: 0","136861","3","6","4","05","18","1","","0","1","1","0","0"
"POINT (9.941485231000058 53.544553211000050)","Unfall 136862 (2021) Kat:3, Licht: 0","136862","3","7","1","06","09","6","","0","0","1","0","0"
"POINT (9.879757126000072 53.555509251000046)","Unfall 136863 (2021) Kat:3, Licht: 2","136863","3","1","0","07","22","1","","2","1","0","0","0"
"POINT (10.120950927000024 53.655496864000042)","Unfall 136864 (2021) Kat:3, Licht: 0","136864","3","3","5","06","18","3","","0","1","1","0","0"
"POINT (10.061145604000046 53.465049891000035)","Unfall 136865 (2021) Kat:3, Licht: 0","136865","3","6","0","08","19","3","","0","1","0","0","0"
"POINT (10.149805877000063 53.578640057000030)","Unfall 136866 (2021) Kat:3, Licht: 0","136866","3","6","4","06","10","7","","0","1","0","0","0"
"POINT (10.000540918000070 53.515049808000072)","Unfall 136867 (2021) Kat:3, Licht: 0","136867","3","3","5","06","15","4","","0","1","0","0","0"
"POINT (10.155328554000050 53.639772768000057)","Unfall 136868 (2021) Kat:1, Licht: 0","136868","1","2","4","07","06","6","","0","1","0","0","0"
"POINT (10.152362076000031 53.631242897000050)","Unfall 136869 (2021) Kat:3, Licht: 0","136869","3","3","5","05","19","1","","0","0","1","0","1"
"POINT (10.137816711000028 53.589833397000064)","Unfall 136870 (2021) Kat:3, Licht: 2","136870","3","5","1","06","23","4","","2","0","1","0","0"
"POINT (9.945600931000058 53.447915662000071)","Unfall 136871 (2021) Kat:3, Licht: 0","136871","3","6","4","07","09","7","","0","0","1","0","0"
"POINT (10.027926986000068 53.533515696000052)","Unfall 136872 (2021) Kat:3, Licht: 2","136872","3","3","5","05","22","4","","2","1","0","0","0"
"POINT (10.083445101000052 53.549974051000049)","Unfall 136873 (2021) Kat:3, Licht: 0","136873","3","3","5","06","12","4","","0","0","1","0","0"
"POINT (9.985134513000048 53.546447146000048)","Unfall 136874 (2021) Kat:3, Licht: 0","136874","3","3","5","07","10","3","","0","0","1","0","0"
"POINT (9.994991642000059 53.515999677000082)","Unfall 136875 (2021) Kat:3, Licht: 2","136875","3","1","0","06","00","4","","2","1","0","0","0"
"POINT (9.952985588000047 53.616594049000071)","Unfall 136876 (2021) Kat:3, Licht: 0","136876","3","3","5","05","08","7","","0","1","0","0","0"
"POINT (10.000905951000050 53.665568168000050)","Unfall 136877 (2021) Kat:3, Licht: 0","136877","3","6","2","07","08","6","","0","0","1","0","0"
"POINT (10.001852530000065 53.545199045000061)","Unfall 136878 (2021) Kat:3, Licht: 0","136878","3","3","5","06","08","2","","0","1","1","0","0"
"POINT (9.976180390000025 53.605336542000032)","Unfall 136879 (2021) Kat:3, Licht: 0","136879","3","7","7","08","09","2","","0","0","0","1","1"
"POINT (9.957498888000032 53.566854603000081)","Unfall 136880 (2021) Kat:3, Licht: 0","136880","3","5","1","07","11","2","","0","1","1","0","0"
"POINT (10.000392123000040 53.555809019000037)","Unfall 136881 (2021) Kat:3, Licht: 2","136881","3","3","5","06","00","6","","2","0","1","0","0"
"POINT (10.173761354000021 53.444264873000066)","Unfall 136882 (2021) Kat:2, Licht: 2","136882","2","3","5","06","02","3","","2","0","1","0","0"
"POINT (9.997763175000046 53.562861965000081)","Unfall 136883 (2021) Kat:3, Licht: 0","136883","3","7","0","07","19","4","","0","1","0","0","0"
"POINT (9.808481093000069 53.580058582000049)","Unfall 136884 (2021) Kat:3, Licht: 0","136884","3","7","0","05","13","6","","0","1","0","0","0"
"POINT (9.992297291000057 53.560436693000042)","Unfall 136885 (2021) Kat:3, Licht: 0","136885","3","3","5","05","09","6","","0","1","0","0","0"
"POINT (10.060327854000036 53.648874264000028)","Unfall 136886 (2021) Kat:2, Licht: 0","136886","2","3","5","07","10","6","","0","0","1","0","0"
"POINT (10.031749418000061 53.561549435000074)","Unfall 136887 (2021) Kat:3, Licht: 2","136887","3","7","9","05","03","5","","2","0","1","0","0"
"POINT (9.994238452000047 53.579624193000029)","Unfall 136888 (2021) Kat:3, Licht: 2","136888","3","1","0","08","23","5","","2","1","0","0","0"
"POINT (9.872877947000063 53.554897309000069)","Unfall 136889 (2021) Kat:3, Licht: 0","136889","3","7","0","06","16","4","","0","1","0","0","0"
"POINT (10.164979445000029 53.605773403000057)","Unfall 136890 (2021) Kat:3, Licht: 0","136890","3","7","0","06","16","2","","0","1","0","0","0"
"POINT (10.180245565000064 53.496872130000042)","Unfall 136891 (2021) Kat:3, Licht: 1","136891","3","2","2","06","21","6","","1","0","1","0","0"
"POINT (10.022587662000035 53.564012057000070)","Unfall 136892 (2021) Kat:3, Licht: 1","136892","3","7","0","07","21","7","","1","1","0","0","0"
"POINT (10.124830328000030 53.585911936000059)","Unfall 136893 (2021) Kat:3, Licht: 0","136893","3","2","6","07","14","7","","0","0","1","1","0"
"POINT (10.075086748000047 53.608743336000032)","Unfall 136894 (2021) Kat:3, Licht: 0","136894","3","6","2","06","09","3","","0","0","1","0","0"
"POINT (10.092335498000068 53.568040885000073)","Unfall 136895 (2021) Kat:3, Licht: 0","136895","3","7","0","06","14","6","","0","1","0","0","0"
"POINT (10.122696493000035 53.567293426000049)","Unfall 136896 (2021) Kat:3, Licht: 0","136896","3","2","2","06","12","5","","0","1","0","0","0"
"POINT (10.054706835000047 53.591980712000066)","Unfall 136897 (2021) Kat:3, Licht: 1","136897","3","1","9","07","04","1","","1","0","1","0","0"
"POINT (9.976957195000068 53.564379271000064)","Unfall 136898 (2021) Kat:3, Licht: 0","136898","3","6","2","05","05","4","","0","0","1","0","0"
"POINT (10.176477635000026 53.512723884000081)","Unfall 136899 (2021) Kat:3, Licht: 0","136899","3","2","2","06","20","7","","0","0","1","0","0"
"POINT (9.976670636000051 53.544002615000068)","Unfall 136900 (2021) Kat:3, Licht: 2","136900","3","1","0","05","22","4","","2","0","0","0","1"
"POINT (9.919329452000056 53.590920114000028)","Unfall 136901 (2021) Kat:3, Licht: 0","136901","3","6","2","07","09","4","","0","0","1","0","0"
"POINT (9.990229287000034 53.443941151000047)","Unfall 136902 (2021) Kat:3, Licht: 0","136902","3","2","0","06","08","4","","0","1","0","0","0"
"POINT (9.949604025000042 53.549129425000046)","Unfall 136903 (2021) Kat:3, Licht: 0","136903","3","6","3","05","16","3","","0","0","1","0","1"
"POINT (9.972055937000050 53.598552463000033)","Unfall 136904 (2021) Kat:3, Licht: 0","136904","3","6","2","08","17","4","","0","0","1","0","0"
"POINT (10.004172820000065 53.550127577000069)","Unfall 136905 (2021) Kat:3, Licht: 0","136905","3","6","3","06","15","3","","0","0","1","0","0"
"POINT (10.120271493000075 53.664876827000057)","Unfall 136906 (2021) Kat:2, Licht: 0","136906","2","6","4","06","14","7","","0","0","1","0","1"
"POINT (10.125619131000064 53.584088257000076)","Unfall 136907 (2021) Kat:3, Licht: 1","136907","3","6","2","05","19","6","","1","0","1","0","0"
"POINT (9.982386935000022 53.428441400000054)","Unfall 136908 (2021) Kat:3, Licht: 1","136908","3","3","5","07","21","5","","1","0","0","0","0"
"POINT (10.019677245000025 53.565542273000062)","Unfall 136909 (2021) Kat:3, Licht: 0","136909","3","6","2","05","19","5","","0","0","1","0","0"
"POINT (9.980390873000033 53.580586491000076)","Unfall 136910 (2021) Kat:3, Licht: 0","136910","3","4","6","06","15","3","","0","1","0","1","0"
"POINT (10.007107865000023 53.540476500000068)","Unfall 136911 (2021) Kat:3, Licht: 0","136911","3","2","6","07","14","3","","0","0","1","1","0"
"POINT (9.977484293000032 53.638239070000054)","Unfall 136912 (2021) Kat:3, Licht: 0","136912","3","6","4","06","13","1","","0","1","1","0","0"
"POINT (10.006951224000034 53.540747176000082)","Unfall 136913 (2021) Kat:3, Licht: 0","136913","3","7","0","06","13","7","","0","1","0","0","0"
"POINT (10.126852044000032 53.675511024000059)","Unfall 136914 (2021) Kat:3, Licht: 0","136914","3","6","6","07","07","7","","0","0","0","1","0"
"POINT (9.983257416000072 53.589870742000073)","Unfall 136915 (2021) Kat:3, Licht: 2","136915","3","3","5","07","03","7","","2","0","0","0","0"
"POINT (10.022803685000042 53.558465913000077)","Unfall 136916 (2021) Kat:3, Licht: 0","136916","3","2","3","06","10","3","","0","1","1","0","0"
"POINT (10.026805828000022 53.533240407000051)","Unfall 136917 (2021) Kat:3, Licht: 0","136917","3","6","2","06","08","4","","0","0","1","0","0"
"POINT (10.083458926000048 53.543161492000081)","Unfall 136918 (2021) Kat:3, Licht: 0","136918","3","6","2","07","17","3","","0","0","1","0","0"
"POINT (9.986791826000058 53.547851360000038)","Unfall 136919 (2021) Kat:3, Licht: 0","136919","3","3","5","05","10","4","","0","1","1","0","0"
"POINT (9.994261543000050 53.519443060000071)","Unfall 136920 (2021) Kat:3, Licht: 0","136920","3","6","2","07","11","2","","0","0","1","0","0"
"POINT (10.054667419000054 53.560862599000075)","Unfall 136921 (2021) Kat:3, Licht: 0","136921","3","6","3","06","17","7","","0","0","1","0","1"
"POINT (10.033746858000029 53.627605928000037)","Unfall 136922 (2021) Kat:3, Licht: 0","136922","3","7","4","05","15","4","","0","1","1","0","0"
"POINT (9.988313455000025 53.549352703000068)","Unfall 136923 (2021) Kat:3, Licht: 0","136923","3","1","0","07","14","5","","0","1","0","0","0"
"POINT (10.041542650000054 53.550925545000041)","Unfall 136924 (2021) Kat:3, Licht: 0","136924","3","3","0","06","16","4","","0","1","1","0","0"
"POINT (10.001520138000046 53.580892267000081)","Unfall 136925 (2021) Kat:3, Licht: 0","136925","3","4","6","05","14","4","","0","1","0","1","0"
"POINT (10.051489281000045 53.593433385000026)","Unfall 136926 (2021) Kat:3, Licht: 0","136926","3","6","2","08","16","4","","0","0","1","0","0"
"POINT (10.041627706000043 53.646266308000065)","Unfall 136927 (2021) Kat:3, Licht: 2","136927","3","2","3","06","00","1","","2","0","1","0","0"
"POINT (9.936422915000037 53.552453122000031)","Unfall 136928 (2021) Kat:2, Licht: 0","136928","2","5","0","06","16","7","","0","1","1","0","0"
"POINT (10.204343673000039 53.488630191000027)","Unfall 136929 (2021) Kat:3, Licht: 2","136929","3","7","8","07","21","5","","2","0","0","0","0"
"POINT (10.025776090000022 53.559287489000042)","Unfall 136930 (2021) Kat:3, Licht: 0","136930","3","6","3","07","15","5","","0","1","0","0","0"
"POINT (9.846503287000075 53.565030486000069)","Unfall 136931 (2021) Kat:3, Licht: 0","136931","3","3","6","06","15","1","","0","1","0","1","0"
"POINT (10.070147090000034 53.564260174000026)","Unfall 136932 (2021) Kat:3, Licht: 0","136932","3","3","5","06","18","3","","0","0","1","0","0"
"POINT (10.007335081000065 53.546410347000062)","Unfall 136933 (2021) Kat:2, Licht: 1","136933","2","7","6","07","04","2","","1","0","0","1","0"
"POINT (9.898476920000064 53.549556328000051)","Unfall 136934 (2021) Kat:3, Licht: 0","136934","3","3","5","05","11","1","","0","1","1","0","0"
"POINT (9.999358502000064 53.573304760000042)","Unfall 136935 (2021) Kat:3, Licht: 2","136935","3","3","5","06","23","6","","2","1","0","0","0"
"POINT (9.941481189000058 53.455378166000060)","Unfall 136936 (2021) Kat:3, Licht: 2","136936","3","5","1","07","00","7","","2","0","1","0","0"
"POINT (9.988498455000069 53.594138515000054)","Unfall 136937 (2021) Kat:3, Licht: 0","136937","3","3","5","06","09","4","","0","1","1","0","0"
"POINT (9.950799250000046 53.559165036000081)","Unfall 136938 (2021) Kat:3, Licht: 0","136938","3","3","5","08","18","3","","0","1","1","0","0"
"POINT (9.881495638000047 53.555309455000042)","Unfall 136939 (2021) Kat:3, Licht: 0","136939","3","7","0","06","13","7","","0","1","0","0","0"
"POINT (10.161688854000033 53.590935684000044)","Unfall 136940 (2021) Kat:3, Licht: 0","136940","3","3","0","06","09","6","","0","0","1","0","0"
"POINT (10.080493166000053 53.556034173000057)","Unfall 136941 (2021) Kat:3, Licht: 0","136941","3","6","3","07","17","5","","0","0","1","0","1"
"POINT (9.994022575000031 53.579795572000080)","Unfall 136942 (2021) Kat:3, Licht: 0","136942","3","3","5","05","19","3","","0","1","1","0","0"
"POINT (10.056806842000071 53.563586882000038)","Unfall 136943 (2021) Kat:3, Licht: 0","136943","3","6","6","05","16","2","","0","0","0","1","0"
"POINT (10.027849771000035 53.588285485000029)","Unfall 136944 (2021) Kat:3, Licht: 0","136944","3","7","0","05","15","1","","0","1","0","0","0"
"POINT (9.966021921000049 53.634251869000082)","Unfall 136945 (2021) Kat:3, Licht: 2","136945","3","7","0","07","02","7","","2","1","0","0","0"
"POINT (10.088821208000070 53.591603484000075)","Unfall 136946 (2021) Kat:3, Licht: 0","136946","3","3","5","05","17","6","","0","0","1","0","0"
"POINT (10.089651995000054 53.511258403000056)","Unfall 136947 (2021) Kat:3, Licht: 0","136947","3","2","5","06","14","4","","0","0","1","0","0"
"POINT (10.067342225000061 53.529579121000040)","Unfall 136948 (2021) Kat:2, Licht: 0","136948","2","6","3","07","06","2","","0","0","1","0","1"
"POINT (9.937769153000033 53.552984587000026)","Unfall 136949 (2021) Kat:3, Licht: 0","136949","3","3","5","06","12","3","","0","1","1","0","0"
"POINT (10.152260307000063 53.542808974000081)","Unfall 136950 (2021) Kat:3, Licht: 0","136950","3","6","2","05","19","7","","0","0","1","0","0"
"POINT (10.000769915000035 53.550017812000078)","Unfall 136951 (2021) Kat:3, Licht: 0","136951","3","7","0","07","15","7","","0","1","0","0","0"
"POINT (10.020475261000058 53.562658859000067)","Unfall 136952 (2021) Kat:3, Licht: 0","136952","3","6","4","06","07","2","","0","0","1","0","1"
"POINT (9.997479127000076 53.480465291000030)","Unfall 136953 (2021) Kat:2, Licht: 0","136953","2","3","3","08","13","1","","0","0","1","0","1"
"POINT (10.004105256000059 53.505924366000045)","Unfall 136954 (2021) Kat:3, Licht: 0","136954","3","2","3","07","14","2","","0","0","1","0","0"
"POINT (10.039467249000040 53.605931541000075)","Unfall 136955 (2021) Kat:3, Licht: 0","136955","3","3","5","06","09","5","","0","1","1","0","0"
"POINT (9.994954097000061 53.571233033000055)","Unfall 136956 (2021) Kat:3, Licht: 0","136956","3","3","5","06","17","4","","0","1","1","0","0"
"POINT (10.072697289000075 53.590014395000082)","Unfall 136957 (2021) Kat:3, Licht: 0","136957","3","7","0","05","17","7","","0","0","0","0","0"
"POINT (10.145930586000077 53.594362976000070)","Unfall 136958 (2021) Kat:3, Licht: 1","136958","3","7","0","07","21","3","","1","1","0","0","0"
"POINT (10.080187915000067 53.589736987000038)","Unfall 136959 (2021) Kat:2, Licht: 0","136959","2","7","6","05","14","4","","0","1","0","1","0"
"POINT (9.975373396000066 53.561052114000063)","Unfall 136960 (2021) Kat:3, Licht: 0","136960","3","2","6","05","13","1","","0","0","1","1","0"
"POINT (9.983523804000072 53.595819321000079)","Unfall 136961 (2021) Kat:2, Licht: 0","136961","2","2","6","07","13","5","","0","0","1","1","0"
"POINT (9.981981808000057 53.427782401000059)","Unfall 136962 (2021) Kat:3, Licht: 0","136962","3","5","1","05","10","5","","0","0","1","0","0"
"POINT (10.063755960000037 53.596978285000034)","Unfall 136963 (2021) Kat:3, Licht: 0","136963","3","3","3","06","18","3","","0","1","0","0","0"
"POINT (9.955197696000027 53.549742306000041)","Unfall 136964 (2021) Kat:3, Licht: 0","136964","3","2","3","06","15","7","","0","1","1","0","0"
"POINT (9.907362039000077 53.512742247000062)","Unfall 136965 (2021) Kat:3, Licht: 0","136965","3","6","3","07","18","5","","0","0","1","0","0"
"POINT (9.963677367000059 53.556430587000079)","Unfall 136966 (2021) Kat:3, Licht: 2","136966","3","7","0","07","01","1","","2","1","0","0","0"
"POINT (10.161772224000060 53.650483821000080)","Unfall 136967 (2021) Kat:3, Licht: 0","136967","3","3","5","06","16","3","","0","1","1","0","0"
"POINT (10.108568906000073 53.670076788000074)","Unfall 136968 (2021) Kat:3, Licht: 0","136968","3","4","6","06","16","6","","0","1","0","1","0"
"POINT (10.089321860000041 53.617985081000029)","Unfall 136969 (2021) Kat:3, Licht: 0","136969","3","3","5","06","19","5","","0","1","1","0","0"
"POINT (9.985482833000049 53.552139652000051)","Unfall 136970 (2021) Kat:3, Licht: 0","136970","3","2","4","07","13","2","","0","1","0","0","0"
"POINT (10.193657153000061 53.502903155000070)","Unfall 136971 (2021) Kat:3, Licht: 1","136971","3","3","5","05","19","2","","1","1","1","0","0"
"POINT (9.950533959000040 53.546331421000048)","Unfall 136972 (2021) Kat:3, Licht: 0","136972","3","7","0","06","07","6","","0","1","0","0","0"
"POINT (10.035629182000037 53.575049878000073)","Unfall 136973 (2021) Kat:2, Licht: 0","136973","2","2","5","05","16","5","","0","0","1","0","0"
"POINT (10.061463090000075 53.554530733000036)","Unfall 136974 (2021) Kat:3, Licht: 0","136974","3","6","2","07","19","2","","0","0","1","0","0"
"POINT (10.020059680000031 53.591648219000035)","Unfall 136975 (2021) Kat:3, Licht: 0","136975","3","3","5","06","15","5","","0","1","0","0","0"
"POINT (10.148724353000034 53.664143920000072)","Unfall 136976 (2021) Kat:3, Licht: 0","136976","3","3","5","05","13","3","","0","1","1","0","0"
"POINT (9.978237835000073 53.571104073000072)","Unfall 136977 (2021) Kat:3, Licht: 1","136977","3","7","0","08","20","4","","1","0","0","0","1"
"POINT (10.045956704000048 53.588065337000046)","Unfall 136978 (2021) Kat:2, Licht: 0","136978","2","4","0","06","10","2","","0","1","0","1","0"
"POINT (9.998511909000058 53.668878904000053)","Unfall 136979 (2021) Kat:3, Licht: 0","136979","3","3","5","06","17","6","","0","1","1","0","0"
"POINT (9.858519761000025 53.507752449000066)","Unfall 136980 (2021) Kat:2, Licht: 0","136980","2","6","4","05","05","2","","0","0","1","0","0"
"POINT (9.830266701000028 53.471417001000077)","Unfall 136981 (2021) Kat:3, Licht: 0","136981","3","3","5","07","16","3","","0","1","1","0","0"
"POINT (9.978062757000032 53.594395083000052)","Unfall 136982 (2021) Kat:3, Licht: 0","136982","3","3","5","07","10","5","","0","0","1","0","0"
"POINT (9.982351229000074 53.559422464000079)","Unfall 136983 (2021) Kat:3, Licht: 1","136983","3","7","0","06","20","2","","1","1","0","0","0"
"POINT (9.990672220000022 53.544743391000054)","Unfall 136984 (2021) Kat:3, Licht: 0","136984","3","7","3","06","13","4","","0","0","0","0","1"
"POINT (10.017342553000049 53.486246811000058)","Unfall 136985 (2021) Kat:2, Licht: 0","136985","2","6","2","07","08","6","","0","0","1","0","0"
"POINT (10.095305458000041 53.656252020000068)","Unfall 136986 (2021) Kat:2, Licht: 0","136986","2","7","5","05","09","2","","0","1","1","0","0"
"POINT (10.106075726000029 53.531817730000057)","Unfall 136987 (2021) Kat:2, Licht: 0","136987","2","4","6","06","19","4","","0","0","1","1","0"
"POINT (10.018488329000036 53.553782991000048)","Unfall 136988 (2021) Kat:3, Licht: 1","136988","3","3","5","07","21","4","","1","1","1","0","0"
"POINT (9.977507462000062 53.461460975000080)","Unfall 136989 (2021) Kat:3, Licht: 0","136989","3","3","5","05","18","1","","0","1","1","0","0"
"POINT (9.898430134000023 53.625188217000073)","Unfall 136990 (2021) Kat:3, Licht: 0","136990","3","6","2","07","14","5","","0","0","1","0","0"
"POINT (9.873875092000048 53.564887134000060)","Unfall 136991 (2021) Kat:3, Licht: 0","136991","3","3","5","06","18","4","","0","1","1","0","0"
"POINT (10.083616150000069 53.546438058000035)","Unfall 136992 (2021) Kat:3, Licht: 1","136992","3","6","0","08","04","1","","1","0","1","0","0"
"POINT (10.015584213000068 53.584506049000026)","Unfall 136993 (2021) Kat:3, Licht: 0","136993","3","3","5","06","13","6","","0","1","0","0","0"
"POINT (9.941632496000068 53.622049027000060)","Unfall 136994 (2021) Kat:3, Licht: 0","136994","3","3","5","06","15","4","","0","1","1","0","0"
"POINT (10.000796817000037 53.557278816000064)","Unfall 136995 (2021) Kat:2, Licht: 0","136995","2","4","6","07","20","6","","0","0","1","1","0"
"POINT (10.153441871000041 53.592802972000072)","Unfall 136996 (2021) Kat:3, Licht: 0","136996","3","5","0","05","12","4","","0","0","1","0","0"
"POINT (10.008898712000075 53.581291064000027)","Unfall 136997 (2021) Kat:3, Licht: 0","136997","3","7","0","06","17","3","","0","1","0","0","0"
"POINT (9.825653854000052 53.568500486000062)","Unfall 136998 (2021) Kat:3, Licht: 0","136998","3","3","5","07","17","6","","0","1","1","0","0"
"POINT (10.007236829000021 53.652872756000079)","Unfall 136999 (2021) Kat:3, Licht: 0","136999","3","2","4","07","20","6","","0","0","1","0","0"
"POINT (10.002248122000026 53.660839296000063)","Unfall 137000 (2021) Kat:3, Licht: 0","137000","3","2","5","06","12","2","","0","1","1","0","0"
"POINT (9.999340719000031 53.556264401000078)","Unfall 137001 (2021) Kat:3, Licht: 2","137001","3","3","5","06","02","7","","2","1","1","0","0"
"POINT (10.021116436000057 53.669463303000043)","Unfall 137002 (2021) Kat:3, Licht: 0","137002","3","2","5","06","15","3","","0","1","0","0","0"
"POINT (9.986760449000030 53.518390684000053)","Unfall 137003 (2021) Kat:3, Licht: 0","137003","3","4","6","07","10","7","","0","1","0","1","0"
"POINT (9.888243992000071 53.594340207000073)","Unfall 137004 (2021) Kat:3, Licht: 2","137004","3","3","5","05","22","1","","2","1","1","0","0"
"POINT (10.104487962000064 53.609002875000044)","Unfall 137005 (2021) Kat:3, Licht: 0","137005","3","3","5","06","06","6","","0","0","1","0","0"
"POINT (10.009904090000020 53.649196428000039)","Unfall 137006 (2021) Kat:3, Licht: 0","137006","3","7","3","07","06","2","","0","0","0","0","1"
"POINT (9.955236502000048 53.566807602000040)","Unfall 137007 (2021) Kat:3, Licht: 0","137007","3","2","4","06","15","4","","0","1","1","0","0"
"POINT (10.033305937000023 53.573943349000047)","Unfall 137008 (2021) Kat:3, Licht: 0","137008","3","2","4","08","17","2","","0","0","1","0","0"
"POINT (10.137290126000039 53.573725575000026)","Unfall 137009 (2021) Kat:3, Licht: 0","137009","3","6","2","06","08","6","","0","0","1","0","0"
"POINT (10.132894444000044 53.624219769000035)","Unfall 137010 (2021) Kat:3, Licht: 0","137010","3","3","5","06","16","6","","0","0","1","0","0"
"POINT (9.911201271000039 53.583775242000058)","Unfall 137011 (2021) Kat:3, Licht: 0","137011","3","6","2","07","16","5","","0","0","1","0","0"
"POINT (10.003440650000073 53.553897014000029)","Unfall 137012 (2021) Kat:3, Licht: 0","137012","3","2","5","05","16","2","","0","0","1","0","0"
"POINT (9.910774816000071 53.556602240000075)","Unfall 137013 (2021) Kat:2, Licht: 0","137013","2","4","6","06","16","3","","0","0","1","1","0"
"POINT (10.000694621000036 53.555507225000042)","Unfall 137014 (2021) Kat:3, Licht: 0","137014","3","3","5","05","16","2","","0","1","1","0","0"
"POINT (10.050926165000021 53.565104160000033)","Unfall 137015 (2021) Kat:3, Licht: 0","137015","3","7","5","07","13","5","","0","1","1","0","0"
"POINT (9.928386343000057 53.592219117000070)","Unfall 137016 (2021) Kat:3, Licht: 0","137016","3","3","5","05","14","6","","0","0","1","0","0"
"POINT (9.985400649000042 53.541315197000074)","Unfall 137017 (2021) Kat:3, Licht: 0","137017","3","3","6","06","17","5","","0","0","1","1","0"
"POINT (9.967386960000056 53.550042410000060)","Unfall 137018 (2021) Kat:3, Licht: 0","137018","3","6","3","07","21","2","","0","1","0","0","0"
"POINT (9.956589143000031 53.609745392000036)","Unfall 137019 (2021) Kat:3, Licht: 0","137019","3","3","5","06","20","2","","0","1","0","0","0"
"POINT (10.083718603000023 53.576952182000070)","Unfall 137020 (2021) Kat:3, Licht: 0","137020","3","6","3","05","20","7","","0","0","1","0","0"
"POINT (10.152444234000029 53.603969179000046)","Unfall 137021 (2021) Kat:3, Licht: 0","137021","3","2","6","07","13","6","","0","0","1","1","0"
"POINT (10.005213478000030 53.550141052000072)","Unfall 137022 (2021) Kat:3, Licht: 0","137022","3","6","3","06","08","2","","0","0","0","0","0"
"POINT (9.958501367000054 53.565987151000058)","Unfall 137023 (2021) Kat:3, Licht: 0","137023","3","7","0","07","14","7","","0","1","0","0","0"
"POINT (9.999529952000046 53.681325016000073)","Unfall 137024 (2021) Kat:2, Licht: 0","137024","2","3","5","07","18","2","","0","1","0","0","0"
"POINT (10.127865923000059 53.618907975000070)","Unfall 137025 (2021) Kat:3, Licht: 0","137025","3","4","6","06","16","5","","0","0","1","1","0"
"POINT (9.759629956000026 53.581591826000079)","Unfall 137026 (2021) Kat:3, Licht: 0","137026","3","7","6","06","16","4","","0","0","0","1","0"
"POINT (10.020633082000074 53.566178279000042)","Unfall 137027 (2021) Kat:3, Licht: 0","137027","3","2","3","05","15","1","","0","1","1","0","0"
"POINT (9.950751421000064 53.576185086000066)","Unfall 137028 (2021) Kat:3, Licht: 0","137028","3","6","2","07","19","3","","0","1","1","0","0"