WKT,Name,OBJECTID,UKATEGORIE,UTYP1,UART,UMONAT,USTUNDE,UWOCHENTAG,STRZUSTAND,ULICHTVERH,ISTRAD,ISTPKW,ISTFUSS,ISTKRAD
"POINT (9.958448977000046 53.553055849000032)","Unfall 137029 (2021) Kat:3, Licht: 0","137029","3","3","5","05","19","6","","0","0","1","0","0"
"POINT (10.084775328000035 53.583243056000072)","Unfall 137030 (2021) Kat:3, Licht: 2","137030","3","6","4","05","23","6","","2","1","0","0","0"
"POINT (10.095095012000058 53.680551035000065)","Unfall 137031 (2021) Kat:3, Licht: 0","137031","3","1","9","07","17","3","","0","0","1","0","0"
"POINT (10.008415338000077 53.553548379000063)","Unfall 137032 (2021) Kat:3, Licht: 0","137032","3","6","3","05","09","5","","0","0","1","0","0"
"POINT (10.130653088000031 53.623267544000043)","Unfall 137033 (2021) Kat:3, Licht: 0","137033","3","2","3","06","17","3","","0","1","1","0","0"
"POINT (10.070787107000058 53.558628548000058)","Unfall 137034 (2021) Kat:3, Licht: 0","137034","3","6","3","06","20","6","","0","0","1","0","0"
"POINT (9.965304444000026 53.547134285000027)","Unfall 137035 (2021) Kat:3, Licht: 0","137035","3","3","5","07","20","5","","0","1","0","0","0"
"POINT (9.909698670000068 53.627313730000026)","Unfall 137036 (2021) Kat:3, Licht: 1","137036","3","2","4","07","22","7","","1","0","1","0","0"
"POINT (10.133066774000042 53.628660970000055)","Unfall 137037 (2021) Kat:3, Licht: 0","137037","3","6","2","06","11","2","","0","0","1","0","0"
"POINT (10.039146793000043 53.606552169000054)","Unfall 137038 (2021) Kat:3, Licht: 1","137038","3","7","1","06","05","5","","1","1","1","0","0"
"POINT (9.937638457000048 53.574964358000045)","Unfall 137039 (2021) Kat:3, Licht: 0","137039","3","3","5","07","09","2","","0","0","1","0","0"
"POINT (10.095045792000064 53.639344100000073)","Unfall 137040 (2021) Kat:3, Licht: 0","137040","3","6","2","05","13","4","","0","0","1","0","0"
"POINT (9.999358156000028 53.613417241000036)","Unfall 137041 (2021) Kat:3, Licht: 0","137041","3","4","6","06","17","6","","0","1","0","1","0"
"POINT (9.870850334000068 53.547393836000026)","Unfall 137042 (2021) Kat:3, Licht: 0","137042","3","7","0","05","14","4","","0","1","0","0","0"
"POINT (10.069307083000069 53.572809160000077)","Unfall 137043 (2021) Kat:3, Licht: 0","137043","3","4","6","07","17","2","","0","0","0","1","1"
"POINT (9.983478816000058 53.592114011000035)","Unfall 137044 (2021) Kat:3, Licht: 0","137044","3","2","5","06","07","5","","0","1","1","0","0"
"POINT (9.956908737000049 53.599102884000047)","Unfall 137045 (2021) Kat:3, Licht: 0","137045","3","6","2","05","13","3","","0","0","1","0","0"
"POINT (10.081394186000068 53.618778351000060)","Unfall 137046 (2021) Kat:3, Licht: 0","137046","3","3","5","08","17","2","","0","0","1","0","0"
"POINT (9.949664970000072 53.576399053000046)","Unfall 137047 (2021) Kat:3, Licht: 0","137047","3","6","2","06","11","2","","0","0","1","0","0"
"POINT (9.956356239000058 53.561952503000043)","Unfall 137048 (2021) Kat:3, Licht: 0","137048","3","2","3","06","19","6","","0","1","1","0","0"
"POINT (9.955505468000069 53.561535621000075)","Unfall 137049 (2021) Kat:3, Licht: 1","137049","3","6","3","07","19","7","","1","0","0","0","1"
"POINT (9.977659331000041 53.601546355000039)","Unfall 137050 (2021) Kat:3, Licht: 0","137050","3","7","0","05","13","2","","0","1","0","0","0"
"POINT (9.960828022000044 53.556580163000035)","Unfall 137051 (2021) Kat:3, Licht: 2","137051","3","1","0","07","02","4","","2","1","0","0","0"
"POINT (9.974865362000060 53.548924116000080)","Unfall 137052 (2021) Kat:3, Licht: 0","137052","3","1","0","06","19","4","","0","1","0","0","0"
"POINT (9.794806937000033 53.577548608000029)","Unfall 137053 (2021) Kat:3, Licht: 0","137053","3","7","6","06","10","7","","0","0","1","1","0"
"POINT (10.079111580000074 53.567303940000045)","Unfall 137054 (2021) Kat:3, Licht: 0","137054","3","3","5","06","14","4","","0","0","1","0","0"
"POINT (9.999351256000068 53.577734999000029)","Unfall 137055 (2021) Kat:3, Licht: 2","137055","3","7","0","07","00","7","","2","1","0","0","0"
"POINT (10.032941597000047 53.502969905000043)","Unfall 137056 (2021) Kat:3, Licht: 0","137056","3","5","1","05","19","5","","0","0","1","0","0"
"POINT (10.175498904000051 53.476472865000062)","Unfall 137057 (2021) Kat:3, Licht: 0","137057","3","3","5","06","20","5","","0","1","1","0","0"
"POINT (10.014138240000023 53.616643370000077)","Unfall 137058 (2021) Kat:3, Licht: 0","137058","3","3","5","07","16","3","","0","1","0","0","0"
"POINT (9.881538340000077 53.555614423000065)","Unfall 137059 (2021) Kat:3, Licht: 0","137059","3","6","0","05","12","2","","0","1","1","0","0"
"POINT (10.014114269000061 53.559382607000032)","Unfall 137060 (2021) Kat:3, Licht: 0","137060","3","7","1","07","14","6","","0","0","1","0","1"
"POINT (10.029473052000071 53.578354056000080)","Unfall 137061 (2021) Kat:3, Licht: 0","137061","3","3","5","06","07","2","","0","1","1","0","0"
"POINT (10.013110646000030 53.679932766000036)","Unfall 137062 (2021) Kat:3, Licht: 0","137062","3","2","2","08","16","2","","0","0","1","0","0"
"POINT (9.880852915000048 53.559806469000080)","Unfall 137063 (2021) Kat:3, Licht: 0","137063","3","6","4","06","16","6","","0","0","1","0","0"
"POINT (10.096149217000061 53.689503426000044)","Unfall 137064 (2021) Kat:3, Licht: 0","137064","3","3","5","06","12","4","","0","0","1","0","1"
"POINT (10.010404772000072 53.648618948000035)","Unfall 137065 (2021) Kat:3, Licht: 0","137065","3","3","5","07","12","5","","0","0","1","0","0"
"POINT (10.000342473000046 53.498291585000061)","Unfall 137066 (2021) Kat:3, Licht: 0","137066","3","2","4","05","19","7","","0","0","1","0","0"
"POINT (9.983346851000022 53.543209861000037)","Unfall 137067 (2021) Kat:3, Licht: 0","137067","3","6","3","06","11","3","","0","1","0","0","0"
"POINT (10.051419589000034 53.565040829000054)","Unfall 137068 (2021) Kat:3, Licht: 0","137068","3","3","5","05","08","7","","0","1","1","0","0"
"POINT (10.031686342000057 53.572401113000069)","Unfall 137069 (2021) Kat:3, Licht: 0","137069","3","2","3","07","11","6","","0","0","0","0","0"
"POINT (10.112991929000032 53.496877837000056)","Unfall 137070 (2021) Kat:3, Licht: 1","137070","3","3","5","05","20","6","","1","0","0","0","0"
"POINT (10.042258177000065 53.579104728000061)","Unfall 137071 (2021) Kat:3, Licht: 0","137071","3","3","5","06","09","4","","0","1","0","0","0"
"POINT (10.016174958000022 53.449037327000042)","Unfall 137072 (2021) Kat:2, Licht: 1","137072","2","1","8","07","04","7","","1","0","1","0","0"
"POINT (9.949433308000039 53.452426606000074)","Unfall 137073 (2021) Kat:3, Licht: 0","137073","3","7","0","06","16","1","","0","1","0","0","0"
"POINT (10.144417908000037 53.591332840000064)","Unfall 137074 (2021) Kat:3, Licht: 0","137074","3","6","3","07","06","4","","0","1","1","0","0"
"POINT (10.063378132000025 53.567049292000036)","Unfall 137075 (2021) Kat:3, Licht: 1","137075","3","7","0","06","21","7","","1","1","0","0","0"
"POINT (9.947660516000042 53.560891989000027)","Unfall 137076 (2021) Kat:3, Licht: 0","137076","3","4","6","08","19","1","","0","0","1","1","0"
"POINT (10.082202212000027 53.548673858000029)","Unfall 137077 (2021) Kat:3, Licht: 0","137077","3","6","2","07","14","6","","0","0","1","0","0"
"POINT (10.092628164000075 53.525943552000058)","Unfall 137078 (2021) Kat:3, Licht: 0","137078","3","6","2","06","14","2","","0","0","1","0","0"
"POINT (10.199275835000037 53.466804777000050)","Unfall 137079 (2021) Kat:3, Licht: 0","137079","3","5","1","06","16","5","","0","1","1","0","0"
"POINT (10.095097998000028 53.680664246000049)","Unfall 137080 (2021) Kat:3, Licht: 0","137080","3","6","2","07","19","3","","0","0","1","0","0"
"POINT (10.126909989000069 53.444378437000069)","Unfall 137081 (2021) Kat:3, Licht: 0","137081","3","2","4","05","17","3","","0","0","1","0","0"
"POINT (10.006898272000058 53.520685254000057)","Unfall 137082 (2021) Kat:3, Licht: 0","137082","3","4","0","07","17","4","","0","1","0","1","0"
"POINT (10.008178959000077 53.627369027000043)","Unfall 137083 (2021) Kat:3, Licht: 0","137083","3","3","5","05","12","5","","0","0","1","0","1"
"POINT (9.994271622000042 53.601539463000051)","Unfall 137084 (2021) Kat:3, Licht: 0","137084","3","6","4","07","17","3","","0","1","0","0","0"
"POINT (10.102288026000053 53.685638672000039)","Unfall 137085 (2021) Kat:3, Licht: 0","137085","3","3","5","06","18","4","","0","0","1","0","0"
"POINT (9.991821813000058 53.503698820000068)","Unfall 137086 (2021) Kat:3, Licht: 0","137086","3","4","6","05","10","4","","0","0","1","1","0"
"POINT (9.999269200000072 53.550834886000075)","Unfall 137087 (2021) Kat:3, Licht: 0","137087","3","6","6","08","18","5","","0","0","0","1","0"
"POINT (9.994616163000046 53.557480659000078)","Unfall 137088 (2021) Kat:3, Licht: 2","137088","3","1","0","06","00","2","","2","0","0","0","1"
"POINT (10.179063619000033 53.512349215000029)","Unfall 137089 (2021) Kat:3, Licht: 0","137089","3","7","0","06","19","7","","0","0","0","1","0"
"POINT (10.053967674000035 53.558494341000028)","Unfall 137090 (2021) Kat:3, Licht: 2","137090","3","6","3","05","22","1","","2","1","1","0","0"
"POINT (9.976164597000036 53.545312868000053)","Unfall 137091 (2021) Kat:3, Licht: 2","137091","3","3","5","07","22","6","","2","1","1","0","0"
"POINT (9.912818926000057 53.560129735000032)","Unfall 137092 (2021) Kat:3, Licht: 0","137092","3","7","0","05","13","5","","0","0","0","0","0"
"POINT (10.132252940000058 53.571119630000055)","Unfall 137093 (2021) Kat:3, Licht: 0","137093","3","7","0","06","15","3","","0","1","0","0","0"
"POINT (10.086854249000055 53.656588222000039)","Unfall 137094 (2021) Kat:3, Licht: 0","137094","3","5","1","07","15","2","","0","1","1","0","0"
"POINT (9.952043034000042 53.636521245000040)","Unfall 137095 (2021) Kat:3, Licht: 0","137095","3","5","1","06","12","2","","0","1","1","0","0"
"POINT (10.208433413000023 53.481675616000075)","Unfall 137096 (2021) Kat:3, Licht: 0","137096","3","3","5","07","18","4","","0","1","1","0","0"
"POINT (9.949189204000049 53.571507802000042)","Unfall 137097 (2021) Kat:3, Licht: 0","137097","3","3","5","06","07","3","","0","1","1","0","0"
"POINT (9.962223507000033 53.554174005000050)","Unfall 137098 (2021) Kat:3, Licht: 2","137098","3","1","8","07","01","7","","2","0","0","0","0"
"POINT (10.034291403000054 53.536731928000052)","Unfall 137099 (2021) Kat:3, Licht: 0","137099","3","2","2","07","12","7","","0","0","1","0","0"
"POINT (10.150016498000070 53.604202054000041)","Unfall 137100 (2021) Kat:3, Licht: 0","137100","3","7","0","06","13","5","","0","1","0","0","0"
"POINT (10.053096727000025 53.588942390000057)","Unfall 137101 (2021) Kat:3, Licht: 0","137101","3","6","2","06","13","3","","0","0","1","0","1"
"POINT (10.019536799000036 53.566100088000042)","Unfall 137102 (2021) Kat:3, Licht: 0","137102","3","3","0","06","17","6","","0","1","0","0","0"
"POINT (9.946077830000036 53.592099010000027)","Unfall 137103 (2021) Kat:3, Licht: 0","137103","3","7","0","07","12","4","","0","1","0","0","0"
"POINT (9.984658850000073 53.563422433000028)","Unfall 137104 (2021) Kat:3, Licht: 0","137104","3","7","7","05","17","4","","0","1","0","0","0"
"POINT (10.072467680000045 53.608613985000034)","Unfall 137105 (2021) Kat:3, Licht: 0","137105","3","7","0","07","08","4","","0","1","0","0","0"
"POINT (10.016209294000021 53.548640161000037)","Unfall 137106 (2021) Kat:3, Licht: 0","137106","3","4","6","06","15","6","","0","0","0","1","0"
"POINT (9.927396918000056 53.550358205000066)","Unfall 137107 (2021) Kat:3, Licht: 0","137107","3","3","5","05","13","6","","0","1","1","0","0"
"POINT (10.006860389000053 53.551883883000073)","Unfall 137108 (2021) Kat:3, Licht: 2","137108","3","1","0","07","00","4","","2","1","0","0","0"
"POINT (10.023608721000073 53.558178669000029)","Unfall 137109 (2021) Kat:3, Licht: 2","137109","3","2","5","06","22","5","","2","0","1","0","0"
"POINT (10.003583899000034 53.648632141000064)","Unfall 137110 (2021) Kat:3, Licht: 0","137110","3","3","5","05","13","5","","0","0","1","0","0"
"POINT (9.998717030000023 53.549908406000043)","Unfall 137111 (2021) Kat:3, Licht: 0","137111","3","7","3","08","14","5","","0","0","1","0","0"
"POINT (10.148194451000052 53.605585715000075)","Unfall 137112 (2021) Kat:3, Licht: 0","137112","3","6","2","06","19","2","","0","0","1","0","0"
"POINT (9.967751619000069 53.468009287000029)","Unfall 137113 (2021) Kat:3, Licht: 0","137113","3","3","5","06","13","6","","0","0","1","0","0"
"POINT (9.953709116000027 53.545576131000075)","Unfall 137114 (2021) Kat:3, Licht: 2","137114","3","2","4","07","23","6","","2","0","1","0","0"
"POINT (9.980159896000032 53.555931540000074)","Unfall 137115 (2021) Kat:3, Licht: 2","137115","3","7","9","07","03","6","","2","0","0","0","0"
"POINT (10.117349514000068 53.649506236000036)","Unfall 137116 (2021) Kat:3, Licht: 0","137116","3","3","5","06","16","2","","0","0","1","0","0"
"POINT (10.184885936000057 53.658144809000078)","Unfall 137117 (2021) Kat:3, Licht: 0","137117","3","7","0","06","18","4","","0","1","0","0","0"
"POINT (9.944688124000038 53.549223203000054)","Unfall 137118 (2021) Kat:3, Licht: 0","137118","3","5","1","07","15","2","","0","0","1","0","1"
"POINT (9.907414389000053 53.567077233000077)","Unfall 137119 (2021) Kat:3, Licht: 2","137119","3","5","1","05","03","7","","2","0","1","0","0"
"POINT (10.006708462000063 53.614581862000080)","Unfall 137120 (2021) Kat:3, Licht: 0","137120","3","7","4","06","16","6","","0","0","1","0","0"
"POINT (10.118231145000038 53.532295042000044)","Unfall 137121 (2021) Kat:3, Licht: 0","137121","3","3","5","07","11","7","","0","0","1","0","1"
"POINT (10.066101214000071 53.585193506000053)","Unfall 137122 (2021) Kat:3, Licht: 1","137122","3","3","5","06","19","3","","1","1","1","0","0"
"POINT (10.067103125000074 53.572115017000044)","Unfall 137123 (2021) Kat:3, Licht: 0","137123","3","4","6","05","13","3","","0","0","1","1","0"
"POINT (10.033384266000041 53.588080508000075)","Unfall 137124 (2021) Kat:3, Licht: 0","137124","3","2","4","08","09","3","","0","0","1","0","0"
"POINT (10.003415720000021 53.586235705000036)","Unfall 137125 (2021) Kat:3, Licht: 2","137125","3","5","1","06","02","7","","2","1","1","0","0"
"POINT (10.006864252000071 53.653388888000052)","Unfall 137126 (2021) Kat:3, Licht: 0","137126","3","3","5","06","17","5","","0","0","1","0","0"
"POINT (9.977748978000022 53.589724600000068)","Unfall 137127 (2021) Kat:3, Licht: 0","137127","3","7","0","07","17","7","","0","1","0","0","0"
"POINT (9.928634915000032 53.629491787000063)","Unfall 137128 (2021) Kat:3, Licht: 0","137128","3","2","4","05","17","3","","0","1","1","0","0"
"POINT (10.022173393000060 53.661409521000053)","Unfall 137129 (2021) Kat:3, Licht: 0","137129","3","3","5","07","09","4","","0","1","1","0","0"
"POINT (10.106969302000039 53.653612157000055)","Unfall 137130 (2021) Kat:3, Licht: 0","137130","3","6","2","06","19","4","","0","0","1","0","0"
"POINT (9.958566490000067 53.597380713000064)","Unfall 137131 (2021) Kat:3, Licht: 0","137131","3","7","0","06","15","7","","0","0","0","0","1"
"POINT (10.182321570000056 53.492030815000078)","Unfall 137132 (2021) Kat:3, Licht: 0","137132","3","2","2","05","16","2","","0","0","1","0","1"
"POINT (10.003813485000023 53.578214591000062)","Unfall 137133 (2021) Kat:3, Licht: 0","137133","3","3","5","07","14","7","","0","1","0","0","0"
"POINT (10.094202708000068 53.551482138000040)","Unfall 137134 (2021) Kat:3, Licht: 0","137134","3","6","2","05","16","5","","0","0","1","0","0"
"POINT (10.093463693000047 53.656327847000057)","Unfall 137135 (2021) Kat:3, Licht: 0","137135","3","2","4","06","10","4","","0","1","1","0","0"
"POINT (10.043072534000032 53.581832580000082)","Unfall 137136 (2021) Kat:3, Licht: 0","137136","3","3","5","07","20","4","","0","1","1","0","0"
"POINT (9.986924000000045 53.446169700000041)","Unfall 137137 (2021) Kat:3, Licht: 0","137137","3","3","5","06","14","3","","0","1","1","0","0"
"POINT (9.884132001000069 53.580949729000054)","Unfall 137138 (2021) Kat:3, Licht: 0","137138","3","3","5","05","13","2","","0","0","0","0","1"
"POINT (10.058264307000059 53.576031795000063)","Unfall 137139 (2021) Kat:3, Licht: 2","137139","3","3","5","07","02","5","","2","0","0","0","0"
"POINT (9.967089965000071 53.558494799000073)","Unfall 137140 (2021) Kat:3, Licht: 0","137140","3","2","3","06","09","2","","0","1","0","0","1"
"POINT (10.084826100000043 53.554744625000069)","Unfall 137141 (2021) Kat:3, Licht: 0","137141","3","6","2","08","11","1","","0","0","1","0","0"
"POINT (9.974432876000037 53.601670603000059)","Unfall 137142 (2021) Kat:3, Licht: 2","137142","3","1","8","06","02","6","","2","0","0","0","1"
"POINT (10.035283547000063 53.541402136000045)","Unfall 137143 (2021) Kat:3, Licht: 0","137143","3","3","5","06","16","4","","0","1","1","0","0"
"POINT (9.950687643000037 53.579213317000040)","Unfall 137144 (2021) Kat:3, Licht: 0","137144","3","5","1","07","08","5","","0","1","1","0","0"
"POINT (9.921240443000045 53.632386070000052)","Unfall 137145 (2021) Kat:3, Licht: 0","137145","3","5","0","05","13","6","","0","1","1","0","0"
"POINT (10.069453583000040 53.560132852000038)","Unfall 137146 (2021) Kat:3, Licht: 0","137146","3","7","0","06","17","6","","0","0","1","0","0"
"POINT (10.122983943000065 53.531191870000043)","Unfall 137147 (2021) Kat:3, Licht: 0","137147","3","3","5","05","13","6","","0","1","1","0","0"
"POINT (10.008423629000049 53.558907848000047)","Unfall 137148 (2021) Kat:3, Licht: 2","137148","3","7","0","07","01","6","","2","1","0","0","0"
"POINT (10.149171803000058 53.632162050000034)","Unfall 137149 (2021) Kat:3, Licht: 0","137149","3","6","0","05","15","5","","0","1","1","0","0"
"POINT (10.159049176000053 53.617274744000042)","Unfall 137150 (2021) Kat:3, Licht: 0","137150","3","3","0","06","16","3","","0","1","1","0","0"
"POINT (9.963090005000026 53.579332046000047)","Unfall 137151 (2021) Kat:3, Licht: 0","137151","3","6","2","07","19","2","","0","0","1","0","0"
"POINT (10.095769311000026 53.550960598000074)","Unfall 137152 (2021) Kat:3, Licht: 1","137152","3","7","2","06","19","1","","1","0","1","0","0"
"POINT (10.095903497000052 53.551103155000078)","Unfall 137153 (2021) Kat:3, Licht: 0","137153","3","4","6","06","09","6","","0","0","1","1","0"
"POINT (10.015617084000041 53.580720140000039)","Unfall 137154 (2021) Kat:3, Licht: 0","137154","3","5","1","07","15","6","","0","0","1","0","1"
"POINT (10.128038260000039 53.578912468000055)","Unfall 137155 (2021) Kat:2, Licht: 0","137155","2","6","2","07","09","1","","0","0","1","0","1"
"POINT (9.896579570000029 53.631112066000071)","Unfall 137156 (2021) Kat:3, Licht: 0","137156","3","7","8","06","09","3","","0","0","1","0","0"
"POINT (9.939575985000033 53.552043670000046)","Unfall 137157 (2021) Kat:2, Licht: 0","137157","2","3","5","06","18","5","","0","1","0","0","0"
"POINT (9.990504205000036 53.444510531000049)","Unfall 137158 (2021) Kat:3, Licht: 2","137158","3","1","0","07","01","3","","2","0","0","0","0"
"POINT (9.887193071000070 53.558532839000065)","Unfall 137159 (2021) Kat:3, Licht: 0","137159","3","5","1","05","15","3","","0","0","0","0","0"
"POINT (9.994744050000065 53.557459348000066)","Unfall 137160 (2021) Kat:3, Licht: 0","137160","3","6","3","07","17","5","","0","0","1","0","0"
"POINT (10.151091408000070 53.595743478000031)","Unfall 137161 (2021) Kat:3, Licht: 0","137161","3","6","2","06","18","1","","0","0","1","0","1"
"POINT (10.025053607000075 53.562112151000065)","Unfall 137162 (2021) Kat:3, Licht: 2","137162","3","6","4","05","23","4","","2","0","1","0","0"
"POINT (10.004929075000064 53.553322967000042)","Unfall 137163 (2021) Kat:3, Licht: 0","137163","3","7","5","07","19","3","","0","1","0","0","0"
"POINT (10.008368719000032 53.456403269000077)","Unfall 137164 (2021) Kat:3, Licht: 0","137164","3","6","2","06","12","4","","0","0","1","0","0"
"POINT (10.152449999000055 53.603986103000068)","Unfall 137165 (2021) Kat:2, Licht: 2","137165","2","3","5","05","22","4","","2","1","1","0","0"
"POINT (9.985122024000077 53.546094738000079)","Unfall 137166 (2021) Kat:2, Licht: 0","137166","2","4","6","08","08","5","","0","1","0","1","0"
"POINT (10.004404008000051 53.657276993000039)","Unfall 137167 (2021) Kat:3, Licht: 0","137167","3","2","4","06","10","2","","0","0","1","0","0"
"POINT (10.154113587000040 53.414200318000042)","Unfall 137168 (2021) Kat:2, Licht: 0","137168","2","7","0","06","18","7","","0","0","0","0","1"
"POINT (10.034209914000030 53.579925746000072)","Unfall 137169 (2021) Kat:3, Licht: 0","137169","3","7","0","07","16","5","","0","1","0","0","0"
"POINT (10.207294926000031 53.489549957000065)","Unfall 137170 (2021) Kat:3, Licht: 2","137170","3","1","7","07","23","5","","2","0","0","0","0"
"POINT (9.996008311000026 53.549984881000057)","Unfall 137171 (2021) Kat:3, Licht: 0","137171","3","3","5","06","13","2","","0","0","0","0","1"
"POINT (10.013808169000072 53.599862253000026)","Unfall 137172 (2021) Kat:3, Licht: 0","137172","3","2","3","06","09","7","","0","1","1","0","0"
"POINT (10.011635969000054 53.553321943000071)","Unfall 137173 (2021) Kat:2, Licht: 0","137173","2","6","6","06","18","4","","0","0","0","1","0"
"POINT (10.024257485000021 53.604224086000045)","Unfall 137174 (2021) Kat:3, Licht: 0","137174","3","1","1","07","17","2","","0","0","1","0","0"
"POINT (10.065967948000036 53.582135032000053)","Unfall 137175 (2021) Kat:3, Licht: 0","137175","3","6","2","05","13","7","","0","0","1","0","0"
"POINT (9.993544549000035 53.541830022000056)","Unfall 137176 (2021) Kat:3, Licht: 0","137176","3","1","0","06","19","6","","0","0","0","0","0"
"POINT (10.039580312000055 53.532330326000078)","Unfall 137177 (2021) Kat:3, Licht: 0","137177","3","3","5","07","18","1","","0","0","1","0","1"
"POINT (9.936128666000059 53.551544364000051)","Unfall 137178 (2021) Kat:3, Licht: 0","137178","3","7","0","06","16","4","","0","0","0","0","0"
"POINT (10.052704255000037 53.557375940000043)","Unfall 137179 (2021) Kat:3, Licht: 0","137179","3","6","2","08","14","2","","0","1","0","0","0"
"POINT (10.022805175000030 53.600281641000038)","Unfall 137180 (2021) Kat:3, Licht: 0","137180","3","6","2","06","14","7","","0","0","1","0","0"
"POINT (9.916155617000072 53.600292355000079)","Unfall 137181 (2021) Kat:3, Licht: 0","137181","3","2","4","06","18","6","","0","0","1","0","1"
"POINT (10.039713938000034 53.579036883000072)","Unfall 137182 (2021) Kat:3, Licht: 0","137182","3","6","3","07","15","6","","0","1","0","0","0"
"POINT (9.973835354000073 53.569398415000080)","Unfall 137183 (2021) Kat:3, Licht: 0","137183","3","6","2","05","09","2","","0","0","1","0","0"
"POINT (9.975865303000035 53.561903258000029)","Unfall 137184 (2021) Kat:3, Licht: 0","137184","3","7","0","06","15","7","","0","0","0","0","1"
"POINT (9.899221102000070 53.633596008000040)","Unfall 137185 (2021) Kat:3, Licht: 0","137185","3","7","0","06","08","3","","0","1","0","0","0"
"POINT (9.800703334000048 53.522918382000057)","Unfall 137186 (2021) Kat:3, Licht: 0","137186","3","3","5","07","17","6","","0","1","1","0","0"
"POINT (9.962818245000051 53.626559881000048)","Unfall 137187 (2021) Kat:3, Licht: 0","137187","3","2","3","05","13","5","","0","0","1","0","1"
"POINT (9.981740470000034 53.461769270000048)","Unfall 137188 (2021) Kat:2, Licht: 0","137188","2","2","4","06","11","5","","0","0","1","0","0"
"POINT (10.010298946000034 53.582910503000051)","Unfall 137189 (2021) Kat:3, Licht: 2","137189","3","7","1","07","22","1","","2","1","1","0","0"
"POINT (9.920419384000070 53.637728306000042)","Unfall 137190 (2021) Kat:3, Licht: 0","137190","3","3","5","06","15","4","","0","0","1","0","0"
"POINT (9.854418519000035 53.471885566000026)","Unfall 137191 (2021) Kat:2, Licht: 0","137191","2","1","0","07","20","5","","0","1","0","0","0"
"POINT (9.957292754000036 53.462126201000046)","Unfall 137192 (2021) Kat:3, Licht: 0","137192","3","3","5","07","06","5","","0","0","1","0","0"
"POINT (9.995057929000041 53.600213289000067)","Unfall 137193 (2021) Kat:3, Licht: 0","137193","3","7","3","06","09","2","","0","1","1","0","0"
"POINT (9.763699575000032 53.588860949000036)","Unfall 137194 (2021) Kat:3, Licht: 2","137194","3","7","0","06","02","4","","2","1","0","0","0"
"POINT (10.042331822000051 53.589043526000069)","Unfall 137195 (2021) Kat:2, Licht: 0","137195","2","3","5","07","09","1","","0","0","1","0","0"
"POINT (9.907396388000052 53.551517880000063)","Unfall 137196 (2021) Kat:3, Licht: 0","137196","3","7","1","05","15","2","","0","1","1","0","0"
"POINT (9.881759963000036 53.616833660000054)","Unfall 137197 (2021) Kat:3, Licht: 0","137197","3","5","1","06","18","6","","0","1","0","0","0"
"POINT (9.824847692000048 53.562361084000031)","Unfall 137198 (2021) Kat:3, Licht: 0","137198","3","6","4","07","17","2","","0","0","1","0","0"
"POINT (10.000760920000062 53.568831615000079)","Unfall 137199 (2021) Kat:3, Licht: 0","137199","3","7","8","06","19","4","","0","0","0","0","0"
"POINT (9.941616603000057 53.565145522000080)","Unfall 137200 (2021) Kat:3, Licht: 0","137200","3","3","5","08","11","3","","0","1","1","0","0"
"POINT (10.112845634000053 53.538098460000072)","Unfall 137201 (2021) Kat:3, Licht: 0","137201","3","2","5","06","14","6","","0","0","1","0","1"
"POINT (10.044278688000077 53.587790416000075)","Unfall 137202 (2021) Kat:3, Licht: 0","137202","3","4","6","06","13","6","","0","0","0","1","0"
"POINT (10.151434117000065 53.617095474000052)","Unfall 137203 (2021) Kat:3, Licht: 2","137203","3","6","2","07","02","7","","2","0","0","0","1"
"POINT (9.966324492000069 53.596129578000046)","Unfall 137204 (2021) Kat:3, Licht: 0","137204","3","3","5","05","12","2","","0","1","1","0","0"
"POINT (10.185507644000040 53.511448546000054)","Unfall 137205 (2021) Kat:3, Licht: 0","137205","3","6","2","06","14","3","","0","0","1","0","0"
"POINT (10.003856783000060 53.502446305000035)","Unfall 137206 (2021) Kat:3, Licht: 0","137206","3","3","5","06","15","6","","0","1","1","0","0"
"POINT (10.130580358000032 53.531281555000078)","Unfall 137207 (2021) Kat:3, Licht: 0","137207","3","6","2","07","20","6","","0","0","1","0","0"
"POINT (10.007607334000056 53.585684590000028)","Unfall 137208 (2021) Kat:2, Licht: 0","137208","2","7","0","05","10","6","","0","0","1","0","0"
"POINT (9.979252735000046 53.581370138000068)","Unfall 137209 (2021) Kat:3, Licht: 0","137209","3","2","3","06","10","5","","0","1","1","0","0"
"POINT (10.059731853000073 53.572651976000031)","Unfall 137210 (2021) Kat:3, Licht: 0","137210","3","7","0","07","21","4","","0","1","0","0","0"
"POINT (10.190292547000070 53.636285631000078)","Unfall 137211 (2021) Kat:3, Licht: 0","137211","3","3","5","06","17","4","","0","0","1","0","0"
"POINT (10.146147024000072 53.591475980000041)","Unfall 137212 (2021) Kat:3, Licht: 0","137212","3","4","6","05","19","7","","0","0","1","1","0"
"POINT (10.197833521000064 53.492678345000058)","Unfall 137213 (2021) Kat:3, Licht: 0","137213","3","3","5","07","12","5","","0","0","1","0","0"
"POINT (10.155623916000025 53.613932614000078)","Unfall 137214 (2021) Kat:3, Licht: 0","137214","3","7","0","06","07","2","","0","0","0","0","1"