WKT,Name,OBJECTID,UKATEGORIE,UTYP1,UART,UMONAT,USTUNDE,UWOCHENTAG,STRZUSTAND,ULICHTVERH,ISTRAD,ISTPKW,ISTFUSS,ISTKRAD
"POINT (9.983423560000062 53.595852440000044)","Unfall 137215 (2021) Kat:3, Licht: 0","137215","3","6","2","08","11","2","","0","0","1","0","0"
"POINT (9.945262053000022 53.556788917000063)","Unfall 137216 (2021) Kat:3, Licht: 0","137216","3","7","0","07","17","2","","0","1","0","0","0"
"POINT (10.199117982000075 53.510667466000029)","Unfall 137217 (2021) Kat:3, Licht: 0","137217","3","7","0","06","13","5","","0","0","1","0","0"
"POINT (10.070187827000041 53.573384226000030)","Unfall 137218 (2021) Kat:3, Licht: 0","137218","3","6","2","06","16","4","","0","0","1","0","0"
"POINT (10.001963729000067 53.673075179000080)","Unfall 137219 (2021) Kat:3, Licht: 0","137219","3","3","5","07","18","5","","0","1","1","0","0"
"POINT (9.951681153000038 53.599566027000037)","Unfall 137220 (2021) Kat:3, Licht: 0","137220","3","6","2","05","13","6","","0","0","1","0","0"
"POINT (10.025110058000053 53.561848174000033)","Unfall 137221 (2021) Kat:3, Licht: 0","137221","3","6","2","05","08","6","","0","0","1","0","0"
"POINT (10.049469868000074 53.601790603000040)","Unfall 137222 (2021) Kat:2, Licht: 0","137222","2","2","5","07","10","5","","0","1","0","0","0"
"POINT (9.947585020000076 53.577760534000049)","Unfall 137223 (2021) Kat:3, Licht: 0","137223","3","6","2","05","16","6","","0","1","1","0","0"
"POINT (9.955908550000061 53.580844111000033)","Unfall 137224 (2021) Kat:3, Licht: 0","137224","3","7","0","06","13","3","","0","1","0","0","0"
"POINT (10.060731237000027 53.594893805000027)","Unfall 137225 (2021) Kat:3, Licht: 0","137225","3","6","2","07","20","1","","0","0","1","0","0"
"POINT (9.998136527000042 53.557674397000028)","Unfall 137226 (2021) Kat:3, Licht: 0","137226","3","6","3","06","12","1","","0","1","0","0","0"
"POINT (10.065807201000041 53.530407567000054)","Unfall 137227 (2021) Kat:3, Licht: 0","137227","3","7","0","06","14","7","","0","0","0","0","1"
"POINT (9.947365005000051 53.557984000000033)","Unfall 137228 (2021) Kat:3, Licht: 2","137228","3","6","3","07","23","7","","2","0","1","0","1"
"POINT (9.998208722000072 53.556629310000062)","Unfall 137229 (2021) Kat:3, Licht: 0","137229","3","6","3","07","11","1","","0","1","0","0","0"
"POINT (10.032976195000060 53.573757242000056)","Unfall 137230 (2021) Kat:3, Licht: 1","137230","3","3","5","06","20","3","","1","1","0","0","0"
"POINT (10.146579988000042 53.630173342000035)","Unfall 137231 (2021) Kat:3, Licht: 0","137231","3","2","3","06","07","5","","0","1","0","0","0"
"POINT (10.019399107000027 53.654926511000042)","Unfall 137232 (2021) Kat:3, Licht: 0","137232","3","3","5","07","18","4","","0","0","1","0","0"
"POINT (10.012016452000069 53.494161752000082)","Unfall 137233 (2021) Kat:3, Licht: 1","137233","3","2","5","05","21","2","","1","0","1","0","0"
"POINT (9.982362596000030 53.428444630000058)","Unfall 137234 (2021) Kat:3, Licht: 0","137234","3","2","0","07","18","4","","0","1","0","0","0"
"POINT (10.105635544000052 53.641630365000026)","Unfall 137235 (2021) Kat:3, Licht: 0","137235","3","2","3","06","12","7","","0","1","1","0","0"
"POINT (9.957686380000041 53.564802906000068)","Unfall 137236 (2021) Kat:3, Licht: 0","137236","3","3","5","05","19","5","","0","1","1","0","0"
"POINT (10.045182328000067 53.589916875000029)","Unfall 137237 (2021) Kat:3, Licht: 0","137237","3","2","3","07","16","3","","0","1","1","0","0"
"POINT (9.986565213000063 53.582568935000040)","Unfall 137238 (2021) Kat:3, Licht: 0","137238","3","3","5","06","18","5","","0","1","0","0","0"
"POINT (9.945287487000030 53.565155952000055)","Unfall 137239 (2021) Kat:3, Licht: 0","137239","3","2","5","05","13","4","","0","1","1","0","0"
"POINT (9.995106809000049 53.570735516000070)","Unfall 137240 (2021) Kat:3, Licht: 1","137240","3","7","0","08","19","5","","1","0","0","0","1"
"POINT (10.050516340000058 53.559902962000081)","Unfall 137241 (2021) Kat:3, Licht: 0","137241","3","6","2","06","18","1","","0","0","1","0","0"
"POINT (10.025077256000031 53.551670645000058)","Unfall 137242 (2021) Kat:3, Licht: 0","137242","3","3","5","06","05","6","","0","0","1","0","0"
"POINT (9.892931592000025 53.603356717000054)","Unfall 137243 (2021) Kat:3, Licht: 0","137243","3","6","2","07","11","6","","0","0","1","0","0"
"POINT (10.158662738000032 53.646213355000043)","Unfall 137244 (2021) Kat:3, Licht: 0","137244","3","3","0","07","14","5","","0","1","1","0","0"
"POINT (10.018566349000025 53.479450634000045)","Unfall 137245 (2021) Kat:3, Licht: 0","137245","3","3","5","06","14","7","","0","1","1","0","0"
"POINT (9.899200359000076 53.605881797000052)","Unfall 137246 (2021) Kat:2, Licht: 0","137246","2","6","4","06","14","7","","0","0","1","0","0"
"POINT (10.030436226000063 53.565916113000071)","Unfall 137247 (2021) Kat:3, Licht: 0","137247","3","6","0","06","13","4","","0","1","0","0","0"
"POINT (10.005521750000071 53.454167902000052)","Unfall 137248 (2021) Kat:3, Licht: 0","137248","3","3","5","07","13","6","","0","1","1","0","0"
"POINT (10.045404493000035 53.609079856000051)","Unfall 137249 (2021) Kat:3, Licht: 0","137249","3","2","4","05","16","7","","0","0","1","0","1"
"POINT (9.811233561000051 53.521340563000081)","Unfall 137250 (2021) Kat:3, Licht: 0","137250","3","4","6","06","08","5","","0","1","1","1","0"
"POINT (9.851342741000053 53.563804132000030)","Unfall 137251 (2021) Kat:3, Licht: 0","137251","3","2","2","07","12","1","","0","1","1","0","0"
"POINT (10.071228381000026 53.559066428000051)","Unfall 137252 (2021) Kat:3, Licht: 0","137252","3","2","3","06","13","3","","0","0","1","0","1"
"POINT (9.960409039000069 53.455934500000069)","Unfall 137253 (2021) Kat:3, Licht: 0","137253","3","4","6","08","20","1","","0","0","0","1","0"
"POINT (9.889890031000050 53.601673854000069)","Unfall 137254 (2021) Kat:3, Licht: 0","137254","3","6","2","06","16","7","","0","0","1","0","0"
"POINT (9.996911921000049 53.573070412000050)","Unfall 137255 (2021) Kat:3, Licht: 0","137255","3","7","0","06","17","6","","0","1","0","0","0"
"POINT (9.766394393000041 53.578049062000048)","Unfall 137256 (2021) Kat:2, Licht: 0","137256","2","4","6","07","18","6","","0","0","1","1","0"
"POINT (9.945889769000075 53.569592941000053)","Unfall 137257 (2021) Kat:3, Licht: 0","137257","3","3","5","05","18","1","","0","0","1","0","0"
"POINT (10.064583694000021 53.549969402000045)","Unfall 137258 (2021) Kat:3, Licht: 0","137258","3","2","4","05","14","2","","0","0","1","0","1"
"POINT (9.981672001000049 53.462291872000037)","Unfall 137259 (2021) Kat:3, Licht: 0","137259","3","6","2","05","16","2","","0","0","1","0","0"
"POINT (9.995484553000040 53.561621954000032)","Unfall 137260 (2021) Kat:3, Licht: 2","137260","3","1","0","07","02","6","","2","0","0","0","0"
"POINT (9.750371398000027 53.581600099000070)","Unfall 137261 (2021) Kat:3, Licht: 1","137261","3","2","3","05","20","6","","1","0","0","0","0"
"POINT (9.976464421000060 53.456804047000048)","Unfall 137262 (2021) Kat:3, Licht: 0","137262","3","6","6","06","16","5","","0","0","0","1","0"
"POINT (10.069275095000023 53.571717451000040)","Unfall 137263 (2021) Kat:3, Licht: 0","137263","3","6","2","07","10","2","","0","0","1","0","0"
"POINT (10.081963281000071 53.660727093000048)","Unfall 137264 (2021) Kat:2, Licht: 0","137264","2","3","5","06","10","2","","0","0","1","0","1"
"POINT (9.953878120000070 53.553651572000035)","Unfall 137265 (2021) Kat:3, Licht: 0","137265","3","3","5","05","14","1","","0","0","1","0","0"
"POINT (10.010266197000021 53.550969424000073)","Unfall 137266 (2021) Kat:3, Licht: 0","137266","3","2","3","07","18","7","","0","1","0","0","0"
"POINT (9.965373666000062 53.538205403000063)","Unfall 137267 (2021) Kat:3, Licht: 2","137267","3","5","1","06","01","2","","2","0","1","0","0"
"POINT (10.004440864000060 53.657443633000071)","Unfall 137268 (2021) Kat:3, Licht: 2","137268","3","4","6","07","22","7","","2","0","1","1","0"
"POINT (10.177683329000047 53.487424641000075)","Unfall 137269 (2021) Kat:3, Licht: 0","137269","3","6","2","07","12","2","","0","0","1","0","0"
"POINT (10.054760672000043 53.531783621000045)","Unfall 137270 (2021) Kat:3, Licht: 0","137270","3","3","5","06","20","5","","0","1","1","0","0"
"POINT (9.953072711000061 53.546326745000044)","Unfall 137271 (2021) Kat:3, Licht: 2","137271","3","2","0","06","01","4","","2","0","1","0","0"
"POINT (10.003353205000053 53.557363518000045)","Unfall 137272 (2021) Kat:3, Licht: 0","137272","3","6","4","05","19","7","","0","1","0","0","0"
"POINT (10.002473444000032 53.606529098000067)","Unfall 137273 (2021) Kat:3, Licht: 0","137273","3","3","0","07","14","3","","0","0","0","0","0"
"POINT (10.057411768000065 53.565122594000059)","Unfall 137274 (2021) Kat:3, Licht: 0","137274","3","5","1","05","12","6","","0","0","1","0","0"
"POINT (9.988387690000025 53.562175713000045)","Unfall 137275 (2021) Kat:2, Licht: 0","137275","2","7","3","05","19","7","","0","0","1","0","0"
"POINT (10.023664027000052 53.664464309000039)","Unfall 137276 (2021) Kat:3, Licht: 0","137276","3","2","5","07","12","4","","0","1","0","0","0"
"POINT (9.943570313000066 53.560163686000067)","Unfall 137277 (2021) Kat:3, Licht: 0","137277","3","3","5","05","12","5","","0","1","0","0","0"
"POINT (10.109700594000060 53.593396725000048)","Unfall 137278 (2021) Kat:3, Licht: 0","137278","3","2","4","08","18","4","","0","0","1","0","0"
"POINT (9.973264361000076 53.580806343000063)","Unfall 137279 (2021) Kat:3, Licht: 0","137279","3","4","6","06","12","4","","0","0","1","1","0"
"POINT (9.933638472000041 53.590389709000078)","Unfall 137280 (2021) Kat:2, Licht: 0","137280","2","6","2","06","13","7","","0","0","1","0","0"
"POINT (10.025880538000024 53.556987561000028)","Unfall 137281 (2021) Kat:2, Licht: 0","137281","2","6","3","07","20","5","","0","0","1","0","0"
"POINT (9.989684842000031 53.553044462000059)","Unfall 137282 (2021) Kat:3, Licht: 0","137282","3","7","0","07","20","7","","0","0","1","0","0"
"POINT (9.988312047000022 53.562214474000029)","Unfall 137283 (2021) Kat:3, Licht: 0","137283","3","6","3","06","12","3","","0","0","1","0","0"
"POINT (10.085062439000069 53.554750522000063)","Unfall 137284 (2021) Kat:3, Licht: 0","137284","3","6","2","06","08","5","","0","0","1","0","0"
"POINT (9.870882405000032 53.533843504000060)","Unfall 137285 (2021) Kat:2, Licht: 0","137285","2","3","5","05","19","7","","0","0","1","0","1"
"POINT (10.087155448000033 53.610448462000079)","Unfall 137286 (2021) Kat:3, Licht: 0","137286","3","6","3","07","09","5","","0","1","0","0","0"
"POINT (10.019695218000038 53.524488279000082)","Unfall 137287 (2021) Kat:3, Licht: 2","137287","3","3","6","06","22","2","","2","0","0","1","0"
"POINT (10.069310337000047 53.539324589000046)","Unfall 137288 (2021) Kat:3, Licht: 2","137288","3","1","8","08","01","1","","2","0","1","0","0"
"POINT (9.963707193000062 53.631808922000062)","Unfall 137289 (2021) Kat:3, Licht: 0","137289","3","4","6","07","17","2","","0","0","1","1","0"
"POINT (10.207405716000039 53.480009321000068)","Unfall 137290 (2021) Kat:3, Licht: 0","137290","3","3","5","06","17","5","","0","0","1","0","0"
"POINT (10.070089549000045 53.559740178000027)","Unfall 137291 (2021) Kat:3, Licht: 0","137291","3","6","2","06","11","3","","0","0","1","0","0"
"POINT (9.982509819000029 53.452190896000047)","Unfall 137292 (2021) Kat:3, Licht: 0","137292","3","2","5","05","18","7","","0","1","1","0","0"
"POINT (10.006530451000060 53.551843247000079)","Unfall 137293 (2021) Kat:3, Licht: 0","137293","3","7","0","07","17","4","","0","1","0","0","0"
"POINT (9.917760243000032 53.552404227000068)","Unfall 137294 (2021) Kat:3, Licht: 0","137294","3","2","4","05","18","5","","0","0","1","0","0"
"POINT (10.070921011000053 53.573336697000059)","Unfall 137295 (2021) Kat:3, Licht: 2","137295","3","6","2","06","22","6","","2","0","1","0","0"
"POINT (10.184475759000065 53.602737804000071)","Unfall 137296 (2021) Kat:3, Licht: 0","137296","3","6","2","05","15","2","","0","0","1","0","0"
"POINT (9.993118808000077 53.543156885000030)","Unfall 137297 (2021) Kat:3, Licht: 0","137297","3","2","4","05","17","6","","0","1","1","0","0"
"POINT (10.129090632000043 53.529862665000053)","Unfall 137298 (2021) Kat:3, Licht: 0","137298","3","3","5","07","11","5","","0","1","1","0","0"
"POINT (9.984137962000034 53.581241103000082)","Unfall 137299 (2021) Kat:3, Licht: 0","137299","3","6","3","05","17","5","","0","1","1","0","0"
"POINT (10.004947509000033 53.587347038000075)","Unfall 137300 (2021) Kat:3, Licht: 0","137300","3","3","5","08","16","4","","0","1","1","0","0"
"POINT (10.027651245000072 53.585052830000052)","Unfall 137301 (2021) Kat:3, Licht: 0","137301","3","7","0","06","15","3","","0","1","0","0","0"
"POINT (10.048632400000031 53.585031083000047)","Unfall 137302 (2021) Kat:3, Licht: 0","137302","3","7","0","06","11","2","","0","1","0","0","0"
"POINT (10.010746886000049 53.581779354000048)","Unfall 137303 (2021) Kat:3, Licht: 0","137303","3","6","2","07","13","7","","0","0","0","0","1"
"POINT (10.150922282000067 53.473050197000077)","Unfall 137304 (2021) Kat:3, Licht: 0","137304","3","7","0","07","13","1","","0","1","0","0","0"
"POINT (9.947152091000021 53.555559047000031)","Unfall 137305 (2021) Kat:3, Licht: 0","137305","3","2","4","06","14","3","","0","1","0","0","0"
"POINT (10.059291328000029 53.567317175000028)","Unfall 137306 (2021) Kat:3, Licht: 0","137306","3","5","1","06","17","5","","0","1","1","0","0"
"POINT (9.890359639000053 53.555247712000039)","Unfall 137307 (2021) Kat:3, Licht: 0","137307","3","7","0","07","09","2","","0","1","0","0","0"
"POINT (10.006784709000044 53.627761614000065)","Unfall 137308 (2021) Kat:3, Licht: 2","137308","3","3","5","05","05","3","","2","1","1","0","0"
"POINT (9.853152678000072 53.593269360000079)","Unfall 137309 (2021) Kat:3, Licht: 0","137309","3","3","5","06","10","7","","0","1","1","0","0"
"POINT (9.987252181000031 53.493224097000052)","Unfall 137310 (2021) Kat:3, Licht: 0","137310","3","7","0","05","19","3","","0","1","0","0","0"
"POINT (9.991697098000031 53.453803599000082)","Unfall 137311 (2021) Kat:3, Licht: 0","137311","3","6","4","07","14","3","","0","0","0","0","0"
"POINT (10.136097300000074 53.572684889000072)","Unfall 137312 (2021) Kat:3, Licht: 0","137312","3","2","3","06","12","4","","0","1","1","0","0"
"POINT (10.011291258000028 53.577038905000052)","Unfall 137313 (2021) Kat:3, Licht: 0","137313","3","5","1","05","18","3","","0","1","1","0","0"
"POINT (9.966311733000055 53.594504088000065)","Unfall 137314 (2021) Kat:3, Licht: 0","137314","3","3","5","08","18","4","","0","1","1","0","0"
"POINT (10.068667034000043 53.587487812000063)","Unfall 137315 (2021) Kat:3, Licht: 0","137315","3","4","6","06","17","2","","0","0","1","1","0"
"POINT (9.994472513000062 53.601941643000032)","Unfall 137316 (2021) Kat:3, Licht: 0","137316","3","2","5","06","18","7","","0","1","1","0","0"
"POINT (10.126352813000040 53.589231773000051)","Unfall 137317 (2021) Kat:3, Licht: 0","137317","3","6","2","05","13","5","","0","0","1","0","0"
"POINT (10.006226489000028 53.551101135000067)","Unfall 137318 (2021) Kat:3, Licht: 0","137318","3","6","3","07","17","6","","0","0","1","0","0"
"POINT (10.018224567000061 53.586817934000067)","Unfall 137319 (2021) Kat:3, Licht: 0","137319","3","7","0","07","15","6","","0","1","0","0","0"
"POINT (9.909945540000024 53.590176605000067)","Unfall 137320 (2021) Kat:3, Licht: 0","137320","3","6","3","06","18","1","","0","1","0","0","0"
"POINT (9.988147769000022 53.562298653000028)","Unfall 137321 (2021) Kat:3, Licht: 0","137321","3","7","3","06","11","7","","0","0","1","0","0"
"POINT (10.101234244000068 53.540213121000079)","Unfall 137322 (2021) Kat:3, Licht: 0","137322","3","6","2","06","14","3","","0","0","1","0","0"
"POINT (9.961169783000059 53.573827095000070)","Unfall 137323 (2021) Kat:3, Licht: 0","137323","3","7","0","07","14","7","","0","1","0","0","0"
"POINT (9.963640170000076 53.548058282000056)","Unfall 137324 (2021) Kat:3, Licht: 2","137324","3","4","6","05","01","1","","2","1","0","1","0"
"POINT (9.857922233000068 53.598114519000035)","Unfall 137325 (2021) Kat:3, Licht: 0","137325","3","2","5","06","13","6","","0","0","1","0","0"
"POINT (9.891111902000034 53.555154996000056)","Unfall 137326 (2021) Kat:3, Licht: 1","137326","3","2","6","07","21","1","","1","0","1","1","0"
"POINT (9.980736485000023 53.556272753000030)","Unfall 137327 (2021) Kat:3, Licht: 0","137327","3","6","2","06","11","4","","0","0","1","0","0"
"POINT (10.155872597000041 53.504498667000064)","Unfall 137328 (2021) Kat:3, Licht: 1","137328","3","1","9","08","21","1","","1","0","1","0","0"
"POINT (9.989208947000066 53.558302937000065)","Unfall 137329 (2021) Kat:3, Licht: 0","137329","3","6","3","06","16","7","","0","0","1","0","0"
"POINT (9.991794460000051 53.561203312000032)","Unfall 137330 (2021) Kat:3, Licht: 2","137330","3","7","8","06","00","6","","2","1","0","0","0"
"POINT (9.988080334000074 53.555517644000076)","Unfall 137331 (2021) Kat:3, Licht: 0","137331","3","7","0","07","13","5","","0","1","0","0","0"
"POINT (9.956212546000074 53.565306229000043)","Unfall 137332 (2021) Kat:2, Licht: 0","137332","2","6","0","05","16","2","","0","1","0","0","0"
"POINT (10.011486736000052 53.581567824000047)","Unfall 137333 (2021) Kat:3, Licht: 0","137333","3","5","0","06","12","3","","0","1","1","0","0"
"POINT (10.119577980000031 53.606054836000055)","Unfall 137334 (2021) Kat:3, Licht: 0","137334","3","6","3","05","18","2","","0","0","1","0","0"
"POINT (9.938758108000059 53.558413560000076)","Unfall 137335 (2021) Kat:3, Licht: 2","137335","3","7","0","07","00","6","","2","1","0","0","0"
"POINT (9.983698195000045 53.557717202000049)","Unfall 137336 (2021) Kat:3, Licht: 0","137336","3","2","4","05","11","5","","0","0","1","0","0"
"POINT (10.103461496000023 53.543207459000030)","Unfall 137337 (2021) Kat:3, Licht: 0","137337","3","7","0","06","11","4","","0","0","0","0","0"
"POINT (9.829016461000037 53.557970876000070)","Unfall 137338 (2021) Kat:2, Licht: 2","137338","2","1","0","07","01","1","","2","0","0","0","1"
"POINT (10.052153407000048 53.610010448000082)","Unfall 137339 (2021) Kat:3, Licht: 2","137339","3","3","5","06","00","1","","2","0","1","0","1"
"POINT (9.990456538000046 53.572664286000077)","Unfall 137340 (2021) Kat:3, Licht: 2","137340","3","7","0","05","23","7","","2","0","0","0","0"
"POINT (9.968742409000072 53.434459797000045)","Unfall 137341 (2021) Kat:3, Licht: 0","137341","3","3","5","07","16","4","","0","1","1","0","0"
"POINT (9.996208371000023 53.580776662000062)","Unfall 137342 (2021) Kat:3, Licht: 0","137342","3","7","6","06","13","2","","0","0","1","1","0"
"POINT (9.944660837000072 53.585725245000049)","Unfall 137343 (2021) Kat:3, Licht: 0","137343","3","3","5","07","10","7","","0","1","0","0","0"
"POINT (9.766700133000029 53.583511777000069)","Unfall 137344 (2021) Kat:3, Licht: 0","137344","3","7","1","07","18","7","","0","1","1","0","0"
"POINT (10.084559850000062 53.493552646000069)","Unfall 137345 (2021) Kat:3, Licht: 0","137345","3","1","8","06","16","5","","0","0","1","0","0"
"POINT (10.083266467000044 53.618277410000076)","Unfall 137346 (2021) Kat:3, Licht: 0","137346","3","4","6","06","09","2","","0","1","0","1","0"
"POINT (9.830506466000031 53.557501791000050)","Unfall 137347 (2021) Kat:3, Licht: 0","137347","3","6","2","05","15","1","","0","0","0","0","1"
"POINT (10.029239474000065 53.637124182000036)","Unfall 137348 (2021) Kat:3, Licht: 0","137348","3","3","5","07","15","3","","0","0","1","0","0"
"POINT (10.107470415000023 53.654961272000037)","Unfall 137349 (2021) Kat:3, Licht: 0","137349","3","4","6","05","13","4","","0","1","0","1","0"
"POINT (10.098382326000035 53.642749024000068)","Unfall 137350 (2021) Kat:2, Licht: 0","137350","2","3","5","07","17","3","","0","1","0","0","0"
"POINT (10.027659610000057 53.555414345000031)","Unfall 137351 (2021) Kat:3, Licht: 0","137351","3","7","6","05","20","6","","0","0","0","1","0"
"POINT (10.059021753000025 53.481244376000063)","Unfall 137352 (2021) Kat:3, Licht: 0","137352","3","7","0","07","06","3","","0","1","0","0","0"
"POINT (10.006984761000069 53.550271110000040)","Unfall 137353 (2021) Kat:3, Licht: 2","137353","3","7","0","06","01","5","","2","0","0","0","0"
"POINT (9.964251548000050 53.463194042000055)","Unfall 137354 (2021) Kat:3, Licht: 0","137354","3","7","1","05","17","6","","0","1","1","0","0"
"POINT (9.984248584000056 53.555064314000049)","Unfall 137355 (2021) Kat:3, Licht: 0","137355","3","3","0","06","17","3","","0","1","1","0","0"
"POINT (10.033432097000059 53.554667413000061)","Unfall 137356 (2021) Kat:3, Licht: 0","137356","3","4","6","06","12","7","","0","0","1","1","0"
"POINT (10.041751847000057 53.584699870000065)","Unfall 137357 (2021) Kat:2, Licht: 0","137357","2","7","0","06","13","7","","0","1","0","0","0"
"POINT (10.110238491000075 53.653697233000059)","Unfall 137358 (2021) Kat:3, Licht: 0","137358","3","2","6","07","16","5","","0","0","1","1","0"
"POINT (9.868283577000057 53.595260821000068)","Unfall 137359 (2021) Kat:3, Licht: 0","137359","3","3","0","07","14","6","","0","0","1","0","0"
"POINT (10.071903762000034 53.614580593000028)","Unfall 137360 (2021) Kat:3, Licht: 0","137360","3","2","2","06","12","2","","0","1","1","0","0"
"POINT (10.019378994000022 53.618123039000068)","Unfall 137361 (2021) Kat:3, Licht: 0","137361","3","3","5","06","16","6","","0","1","1","0","0"
"POINT (10.112361635000070 53.654356640000060)","Unfall 137362 (2021) Kat:3, Licht: 0","137362","3","5","1","06","14","5","","0","0","1","0","1"
"POINT (10.035081236000053 53.597027565000076)","Unfall 137363 (2021) Kat:3, Licht: 0","137363","3","2","4","07","05","2","","0","0","1","0","1"
"POINT (10.006400040000074 53.502225456000076)","Unfall 137364 (2021) Kat:3, Licht: 0","137364","3","6","4","05","12","1","","0","0","1","0","0"
"POINT (10.017274303000022 53.563834679000081)","Unfall 137365 (2021) Kat:3, Licht: 0","137365","3","3","5","06","18","6","","0","0","1","0","0"
"POINT (9.896395075000044 53.572967905000041)","Unfall 137366 (2021) Kat:3, Licht: 0","137366","3","3","5","05","14","3","","0","1","0","0","0"
"POINT (10.011332443000072 53.581728322000060)","Unfall 137367 (2021) Kat:3, Licht: 2","137367","3","1","0","07","01","1","","2","0","0","0","0"
"POINT (10.079589725000062 53.649274680000076)","Unfall 137368 (2021) Kat:3, Licht: 0","137368","3","1","9","06","06","3","","0","0","1","0","0"
"POINT (9.991137707000064 53.498346552000044)","Unfall 137369 (2021) Kat:3, Licht: 0","137369","3","6","2","05","16","3","","0","0","1","0","0"
"POINT (10.019090013000039 53.557662598000036)","Unfall 137370 (2021) Kat:3, Licht: 0","137370","3","4","6","08","14","4","","0","0","1","1","0"
"POINT (10.033200683000075 53.554528192000078)","Unfall 137371 (2021) Kat:3, Licht: 0","137371","3","2","3","06","10","7","","0","0","1","0","0"
"POINT (10.204523769000048 53.499452340000062)","Unfall 137372 (2021) Kat:3, Licht: 0","137372","3","6","2","06","17","4","","0","0","1","0","0"
"POINT (10.002474019000033 53.545433333000062)","Unfall 137373 (2021) Kat:3, Licht: 0","137373","3","6","4","07","10","7","","0","1","0","0","0"
"POINT (9.971280996000075 53.571175799000059)","Unfall 137374 (2021) Kat:2, Licht: 0","137374","2","3","5","05","09","2","","0","1","1","0","0"
"POINT (10.140634930000033 53.648252024000044)","Unfall 137375 (2021) Kat:2, Licht: 0","137375","2","6","3","07","17","3","","0","1","1","0","0"
"POINT (10.048558118000074 53.576928618000068)","Unfall 137376 (2021) Kat:3, Licht: 0","137376","3","7","1","06","16","4","","0","1","1","0","0"
"POINT (9.917869039000038 53.580874447000042)","Unfall 137377 (2021) Kat:3, Licht: 0","137377","3","6","3","06","07","3","","0","0","1","0","0"
"POINT (9.967127020000021 53.558242265000047)","Unfall 137378 (2021) Kat:2, Licht: 1","137378","2","6","4","07","21","7","","1","1","1","0","0"
"POINT (10.024993407000068 53.601813893000042)","Unfall 137379 (2021) Kat:3, Licht: 0","137379","3","2","4","05","07","4","","0","0","1","0","0"
"POINT (9.956287254000074 53.581316969000056)","Unfall 137380 (2021) Kat:3, Licht: 0","137380","3","2","3","06","10","5","","0","1","1","0","0"
"POINT (10.022345408000035 53.565385921000029)","Unfall 137381 (2021) Kat:2, Licht: 0","137381","2","6","4","07","18","4","","0","1","0","0","0"
"POINT (9.888271366000026 53.601035050000064)","Unfall 137382 (2021) Kat:3, Licht: 0","137382","3","4","6","06","17","3","","0","0","1","1","0"
"POINT (10.084756932000062 53.509294985000054)","Unfall 137383 (2021) Kat:2, Licht: 0","137383","2","6","2","05","12","1","","0","0","1","0","1"
"POINT (10.177962758000035 53.476572502000067)","Unfall 137384 (2021) Kat:2, Licht: 0","137384","2","2","4","07","16","1","","0","0","1","0","0"
"POINT (10.013746532000027 53.599949283000058)","Unfall 137385 (2021) Kat:3, Licht: 0","137385","3","3","5","05","12","3","","0","0","1","0","0"
"POINT (9.936353074000067 53.550911484000039)","Unfall 137386 (2021) Kat:3, Licht: 0","137386","3","7","0","06","15","6","","0","0","0","0","0"
"POINT (9.917896663000022 53.568334174000029)","Unfall 137387 (2021) Kat:3, Licht: 0","137387","3","6","2","05","15","4","","0","0","1","0","0"
"POINT (9.842753589000040 53.534869666000077)","Unfall 137388 (2021) Kat:3, Licht: 0","137388","3","7","8","07","12","1","","0","0","1","0","0"
"POINT (10.133773151000071 53.572009458000082)","Unfall 137389 (2021) Kat:3, Licht: 0","137389","3","3","5","06","15","4","","0","1","1","0","0"
"POINT (10.077337204000060 53.616927068000052)","Unfall 137390 (2021) Kat:3, Licht: 0","137390","3","2","3","05","16","3","","0","0","1","0","0"
"POINT (9.962022676000061 53.553953493000051)","Unfall 137391 (2021) Kat:3, Licht: 0","137391","3","7","0","08","18","4","","0","1","0","0","0"
"POINT (10.013378809000073 53.579261394000071)","Unfall 137392 (2021) Kat:3, Licht: 2","137392","3","1","0","06","01","1","","2","0","0","0","0"
"POINT (9.975068941000075 53.585577036000075)","Unfall 137393 (2021) Kat:2, Licht: 0","137393","2","7","0","06","10","6","","0","1","0","0","0"
"POINT (10.018942361000029 53.528244023000070)","Unfall 137394 (2021) Kat:3, Licht: 0","137394","3","6","4","05","19","1","","0","1","1","0","0"
"POINT (9.973729920000039 53.556766861000028)","Unfall 137395 (2021) Kat:3, Licht: 0","137395","3","6","2","07","17","4","","0","1","0","0","0"
"POINT (9.927340465000043 53.551742831000070)","Unfall 137396 (2021) Kat:3, Licht: 0","137396","3","3","5","07","20","6","","0","1","0","0","0"
"POINT (10.094565391000060 53.547336062000056)","Unfall 137397 (2021) Kat:3, Licht: 0","137397","3","3","5","06","16","7","","0","0","1","0","0"
"POINT (9.953275547000032 53.575819456000033)","Unfall 137398 (2021) Kat:2, Licht: 0","137398","2","7","6","06","20","4","","0","0","1","1","0"
"POINT (10.155131449000066 53.605707433000077)","Unfall 137399 (2021) Kat:2, Licht: 0","137399","2","3","5","07","12","7","","0","1","1","0","0"
"POINT (9.950653210000041 53.565048796000042)","Unfall 137400 (2021) Kat:3, Licht: 0","137400","3","7","0","05","07","2","","0","1","0","0","0"