WKT,Name,OBJECTID,UKATEGORIE,UTYP1,UART,UMONAT,USTUNDE,UWOCHENTAG,STRZUSTAND,ULICHTVERH,ISTRAD,ISTPKW,ISTFUSS,ISTKRAD
"POINT (10.081576537000046 53.596253908000051)","Unfall 137401 (2021) Kat:3, Licht: 1","137401","3","6","3","06","20","4","","1","1","1","0","0"
"POINT (9.873866939000038 53.606116022000037)","Unfall 137402 (2021) Kat:3, Licht: 0","137402","3","7","0","07","18","3","","0","1","0","0","0"
"POINT (10.153745014000037 53.611837062000063)","Unfall 137403 (2021) Kat:3, Licht: 0","137403","3","6","4","05","17","1","","0","1","0","0","0"
"POINT (9.931509777000031 53.600982502000079)","Unfall 137404 (2021) Kat:2, Licht: 0","137404","2","2","5","07","13","5","","0","0","1","0","1"
"POINT (9.927141836000033 53.564670714000044)","Unfall 137405 (2021) Kat:3, Licht: 0","137405","3","3","5","06","15","4","","0","1","1","0","0"
"POINT (10.040407965000043 53.641985036000051)","Unfall 137406 (2021) Kat:3, Licht: 1","137406","3","3","5","08","20","1","","1","0","1","0","0"
"POINT (9.948558537000054 53.521150673000079)","Unfall 137407 (2021) Kat:2, Licht: 2","137407","2","1","9","06","23","7","","2","0","1","0","0"
"POINT (10.204970742000057 53.496110426000030)","Unfall 137408 (2021) Kat:3, Licht: 0","137408","3","4","6","06","20","3","","0","0","0","1","0"
"POINT (10.050908455000069 53.555357416000049)","Unfall 137409 (2021) Kat:3, Licht: 0","137409","3","7","3","07","18","5","","0","0","1","0","1"
"POINT (9.994471640000029 53.543438421000076)","Unfall 137410 (2021) Kat:3, Licht: 0","137410","3","2","2","05","12","1","","0","0","1","0","0"
"POINT (10.036776124000028 53.597752938000042)","Unfall 137411 (2021) Kat:3, Licht: 2","137411","3","5","1","06","22","3","","2","1","1","0","0"
"POINT (10.175319768000065 53.623248828000044)","Unfall 137412 (2021) Kat:3, Licht: 1","137412","3","6","3","05","21","1","","1","1","0","0","0"
"POINT (10.104973495000024 53.545115902000077)","Unfall 137413 (2021) Kat:3, Licht: 0","137413","3","3","5","07","15","6","","0","0","1","0","0"
"POINT (9.979137364000053 53.592936066000050)","Unfall 137414 (2021) Kat:3, Licht: 0","137414","3","2","4","05","09","5","","0","0","1","0","1"
"POINT (9.791771816000050 53.559348911000029)","Unfall 137415 (2021) Kat:3, Licht: 0","137415","3","7","0","06","16","4","","0","1","0","0","0"
"POINT (10.000377566000054 53.557276299000080)","Unfall 137416 (2021) Kat:3, Licht: 0","137416","3","6","3","07","09","2","","0","0","1","0","0"
"POINT (9.862392687000067 53.597707179000054)","Unfall 137417 (2021) Kat:3, Licht: 0","137417","3","7","0","06","13","2","","0","0","1","0","0"
"POINT (10.010099058000037 53.570007351000072)","Unfall 137418 (2021) Kat:3, Licht: 0","137418","3","7","0","06","15","1","","0","0","0","0","0"
"POINT (10.113679616000070 53.653325247000055)","Unfall 137419 (2021) Kat:3, Licht: 0","137419","3","1","0","07","17","3","","0","1","0","0","0"
"POINT (9.928936514000043 53.547708055000044)","Unfall 137420 (2021) Kat:2, Licht: 0","137420","2","3","5","06","21","3","","0","0","1","0","1"
"POINT (10.060082847000047 53.571627159000059)","Unfall 137421 (2021) Kat:3, Licht: 0","137421","3","2","5","07","17","6","","0","0","1","0","1"
"POINT (9.947964721000062 53.551251624000031)","Unfall 137422 (2021) Kat:3, Licht: 0","137422","3","7","0","07","17","7","","0","1","0","0","0"
"POINT (10.008834381000042 53.555568182000059)","Unfall 137423 (2021) Kat:3, Licht: 0","137423","3","3","5","06","11","6","","0","1","0","0","0"
"POINT (10.082255604000068 53.538437201000079)","Unfall 137424 (2021) Kat:3, Licht: 0","137424","3","2","5","06","17","2","","0","1","1","0","0"
"POINT (10.019391494000047 53.566100328000061)","Unfall 137425 (2021) Kat:3, Licht: 0","137425","3","2","3","06","17","6","","0","1","0","0","0"
"POINT (10.133744221000029 53.674253790000080)","Unfall 137426 (2021) Kat:3, Licht: 0","137426","3","7","6","07","20","3","","0","0","1","1","0"
"POINT (9.903454488000023 53.568636540000057)","Unfall 137427 (2021) Kat:3, Licht: 0","137427","3","2","3","05","15","3","","0","1","1","0","0"
"POINT (10.001110901000061 53.663300831000072)","Unfall 137428 (2021) Kat:3, Licht: 0","137428","3","7","0","07","16","3","","0","0","0","0","0"
"POINT (10.125436273000048 53.671562249000033)","Unfall 137429 (2021) Kat:3, Licht: 0","137429","3","7","8","05","10","6","","0","0","0","0","1"
"POINT (10.070997214000045 53.558640273000037)","Unfall 137430 (2021) Kat:2, Licht: 0","137430","2","6","0","07","14","3","","0","1","0","0","0"
"POINT (9.907226104000074 53.616262576000054)","Unfall 137431 (2021) Kat:3, Licht: 0","137431","3","7","0","06","12","5","","0","1","0","0","0"
"POINT (10.014413680000075 53.556169547000081)","Unfall 137432 (2021) Kat:3, Licht: 0","137432","3","5","1","05","16","7","","0","1","1","0","0"
"POINT (10.008327723000036 53.579729843000052)","Unfall 137433 (2021) Kat:3, Licht: 0","137433","3","2","3","08","13","5","","0","1","1","0","0"
"POINT (9.906779380000046 53.626443078000079)","Unfall 137434 (2021) Kat:3, Licht: 0","137434","3","6","4","06","07","2","","0","1","0","0","0"
"POINT (10.085550888000057 53.453663477000077)","Unfall 137435 (2021) Kat:3, Licht: 0","137435","3","7","0","06","16","6","","0","1","0","0","0"
"POINT (10.128049719000046 53.601877960000081)","Unfall 137436 (2021) Kat:3, Licht: 0","137436","3","7","0","07","16","5","","0","1","0","0","0"
"POINT (9.980901213000038 53.461808145000077)","Unfall 137437 (2021) Kat:3, Licht: 0","137437","3","4","6","07","12","5","","0","0","1","1","0"
"POINT (9.934813440000028 53.569277575000058)","Unfall 137438 (2021) Kat:3, Licht: 0","137438","3","7","0","06","15","1","","0","1","0","0","0"
"POINT (10.009997406000025 53.584290830000043)","Unfall 137439 (2021) Kat:3, Licht: 0","137439","3","7","6","06","19","4","","0","0","0","0","1"
"POINT (10.107474395000054 53.600090700000067)","Unfall 137440 (2021) Kat:3, Licht: 0","137440","3","3","5","07","15","1","","0","1","1","0","0"
"POINT (9.917277540000043 53.564272393000067)","Unfall 137441 (2021) Kat:3, Licht: 2","137441","3","6","4","05","20","7","","2","1","0","0","0"
"POINT (9.990232218000074 53.559972462000076)","Unfall 137442 (2021) Kat:3, Licht: 0","137442","3","7","0","06","17","6","","0","0","0","0","0"
"POINT (10.052641245000075 53.588134310000044)","Unfall 137443 (2021) Kat:3, Licht: 0","137443","3","2","2","07","17","7","","0","0","1","0","0"
"POINT (9.736388630000022 53.569907432000036)","Unfall 137444 (2021) Kat:3, Licht: 0","137444","3","7","6","06","14","4","","0","0","1","1","0"
"POINT (10.070693297000048 53.572981266000056)","Unfall 137445 (2021) Kat:3, Licht: 0","137445","3","7","0","08","16","2","","0","0","0","0","0"
"POINT (9.958682037000074 53.574761535000050)","Unfall 137446 (2021) Kat:3, Licht: 1","137446","3","7","0","06","22","7","","1","1","0","0","0"
"POINT (10.045787508000046 53.588633684000058)","Unfall 137447 (2021) Kat:3, Licht: 0","137447","3","2","5","06","09","6","","0","1","1","0","0"
"POINT (10.050604902000032 53.519193989000030)","Unfall 137448 (2021) Kat:3, Licht: 2","137448","3","7","1","07","21","7","","2","0","1","0","0"
"POINT (9.956538277000050 53.635036594000042)","Unfall 137449 (2021) Kat:3, Licht: 0","137449","3","1","0","05","10","3","","0","0","0","0","0"
"POINT (10.027450795000050 53.585475094000060)","Unfall 137450 (2021) Kat:3, Licht: 0","137450","3","4","6","07","14","4","","0","0","1","1","0"
"POINT (10.012671373000046 53.560646109000061)","Unfall 137451 (2021) Kat:3, Licht: 0","137451","3","6","2","06","17","4","","0","0","1","0","1"
"POINT (10.124801237000042 53.570966788000078)","Unfall 137452 (2021) Kat:3, Licht: 0","137452","3","2","5","05","16","2","","0","1","1","0","0"
"POINT (10.026454057000024 53.527181197000061)","Unfall 137453 (2021) Kat:3, Licht: 0","137453","3","3","5","07","12","7","","0","0","1","0","0"
"POINT (10.074234676000060 53.652429774000041)","Unfall 137454 (2021) Kat:3, Licht: 0","137454","3","6","2","05","15","4","","0","0","1","0","0"
"POINT (10.127060730000039 53.571003035000047)","Unfall 137455 (2021) Kat:3, Licht: 0","137455","3","7","0","06","10","5","","0","0","0","0","0"
"POINT (9.969826122000029 53.550654231000067)","Unfall 137456 (2021) Kat:3, Licht: 0","137456","3","2","3","07","14","5","","0","1","1","0","0"
"POINT (9.846956550000073 53.537487309000028)","Unfall 137457 (2021) Kat:3, Licht: 0","137457","3","3","5","06","12","2","","0","1","1","0","0"
"POINT (9.940835364000066 53.578515896000056)","Unfall 137458 (2021) Kat:3, Licht: 0","137458","3","2","3","05","15","2","","0","1","1","0","0"
"POINT (9.915835562000041 53.546035098000061)","Unfall 137459 (2021) Kat:3, Licht: 0","137459","3","6","1","07","10","6","","0","0","1","0","0"
"POINT (9.993250701000022 53.557864090000066)","Unfall 137460 (2021) Kat:2, Licht: 0","137460","2","3","5","06","19","2","","0","0","1","0","0"
"POINT (10.028097540000033 53.588476965000041)","Unfall 137461 (2021) Kat:3, Licht: 0","137461","3","5","1","08","19","2","","0","0","0","0","0"
"POINT (10.080972365000036 53.655101750000028)","Unfall 137462 (2021) Kat:3, Licht: 0","137462","3","2","3","06","07","5","","0","1","1","0","0"
"POINT (10.156288669000048 53.602975823000065)","Unfall 137463 (2021) Kat:3, Licht: 0","137463","3","3","5","06","09","4","","0","1","1","0","0"
"POINT (10.021254938000027 53.633714064000060)","Unfall 137464 (2021) Kat:3, Licht: 0","137464","3","1","0","07","19","5","","0","0","0","0","0"
"POINT (10.109532338000065 53.653767002000052)","Unfall 137465 (2021) Kat:2, Licht: 0","137465","2","7","0","05","09","6","","0","0","1","0","0"
"POINT (10.048076260000073 53.595179096000038)","Unfall 137466 (2021) Kat:3, Licht: 0","137466","3","6","1","05","15","6","","0","0","1","0","0"
"POINT (9.977920009000059 53.546568146000027)","Unfall 137467 (2021) Kat:3, Licht: 2","137467","3","7","0","07","03","6","","2","0","0","0","0"
"POINT (9.990383424000072 53.554528740000080)","Unfall 137468 (2021) Kat:3, Licht: 0","137468","3","3","6","05","09","5","","0","0","0","1","1"
"POINT (10.017337381000061 53.563948967000044)","Unfall 137469 (2021) Kat:3, Licht: 0","137469","3","2","2","06","18","3","","0","0","1","0","0"
"POINT (9.968184000000065 53.557358429000033)","Unfall 137470 (2021) Kat:3, Licht: 0","137470","3","2","3","07","17","3","","0","1","1","0","0"
"POINT (10.012471523000045 53.660236103000045)","Unfall 137471 (2021) Kat:2, Licht: 0","137471","2","4","6","06","16","1","","0","0","0","1","0"
"POINT (10.060109774000068 53.571583051000061)","Unfall 137472 (2021) Kat:3, Licht: 0","137472","3","2","4","06","14","7","","0","0","1","0","0"
"POINT (10.040136638000035 53.555455379000080)","Unfall 137473 (2021) Kat:3, Licht: 0","137473","3","7","0","07","15","7","","0","0","0","0","1"
"POINT (9.975320856000053 53.579041119000067)","Unfall 137474 (2021) Kat:3, Licht: 0","137474","3","2","5","07","19","7","","0","1","1","0","0"
"POINT (10.063363668000022 53.608766843000069)","Unfall 137475 (2021) Kat:3, Licht: 0","137475","3","7","0","06","10","3","","0","1","0","0","0"
"POINT (10.107984187000056 53.655623337000065)","Unfall 137476 (2021) Kat:3, Licht: 0","137476","3","6","2","06","17","5","","0","0","1","0","0"
"POINT (10.005891432000055 53.599770587000080)","Unfall 137477 (2021) Kat:3, Licht: 0","137477","3","2","2","07","08","4","","0","0","1","0","0"
"POINT (10.000309841000046 53.555849741000031)","Unfall 137478 (2021) Kat:3, Licht: 2","137478","3","6","2","05","21","4","","2","0","1","0","0"
"POINT (10.002210605000073 53.557339712000044)","Unfall 137479 (2021) Kat:3, Licht: 0","137479","3","3","5","07","16","5","","0","1","1","0","0"
"POINT (9.932112646000064 53.552120726000055)","Unfall 137480 (2021) Kat:3, Licht: 1","137480","3","1","0","06","05","1","","1","1","0","0","0"
"POINT (10.007695977000026 53.497294243000056)","Unfall 137481 (2021) Kat:3, Licht: 0","137481","3","5","1","07","13","5","","0","0","0","0","0"
"POINT (10.161916885000039 53.657920757000056)","Unfall 137482 (2021) Kat:3, Licht: 0","137482","3","5","1","06","17","2","","0","0","1","0","1"
"POINT (9.960108182000056 53.549437903000069)","Unfall 137483 (2021) Kat:3, Licht: 0","137483","3","6","3","08","17","2","","0","1","1","0","0"
"POINT (9.875001680000025 53.600566098000058)","Unfall 137484 (2021) Kat:3, Licht: 0","137484","3","4","6","06","09","6","","0","0","1","1","0"
"POINT (9.933073204000038 53.553769103000036)","Unfall 137485 (2021) Kat:3, Licht: 0","137485","3","7","2","06","12","4","","0","0","1","0","0"
"POINT (9.982627864000051 53.457668735000027)","Unfall 137486 (2021) Kat:3, Licht: 0","137486","3","3","5","07","14","5","","0","1","1","0","0"
"POINT (10.062889323000036 53.560165421000079)","Unfall 137487 (2021) Kat:2, Licht: 0","137487","2","3","5","05","17","7","","0","0","1","0","1"
"POINT (9.922299652000049 53.550172289000045)","Unfall 137488 (2021) Kat:3, Licht: 0","137488","3","7","1","05","05","6","","0","0","1","0","0"
"POINT (9.931125481000038 53.578235662000054)","Unfall 137489 (2021) Kat:3, Licht: 1","137489","3","7","0","07","21","6","","1","1","0","0","0"
"POINT (9.992695549000075 53.592431454000064)","Unfall 137490 (2021) Kat:3, Licht: 0","137490","3","2","4","05","18","5","","0","1","1","0","0"
"POINT (10.000200671000073 53.550033169000073)","Unfall 137491 (2021) Kat:3, Licht: 0","137491","3","2","3","06","20","4","","0","1","0","0","0"
"POINT (9.916296106000061 53.571166659000028)","Unfall 137492 (2021) Kat:3, Licht: 0","137492","3","2","4","07","14","3","","0","0","1","0","1"
"POINT (10.166360392000058 53.651848120000068)","Unfall 137493 (2021) Kat:3, Licht: 1","137493","3","2","3","06","20","1","","1","1","0","0","0"
"POINT (9.822796675000063 53.526244456000029)","Unfall 137494 (2021) Kat:3, Licht: 0","137494","3","1","8","07","16","2","","0","0","1","0","0"
"POINT (9.907642598000052 53.512428014000079)","Unfall 137495 (2021) Kat:3, Licht: 0","137495","3","1","0","06","06","7","","0","0","0","0","1"
"POINT (10.084276877000036 53.552482535000081)","Unfall 137496 (2021) Kat:3, Licht: 0","137496","3","6","3","07","13","7","","0","0","1","0","0"
"POINT (9.973345204000054 53.457949289000055)","Unfall 137497 (2021) Kat:3, Licht: 0","137497","3","5","1","07","20","6","","0","1","1","0","0"
"POINT (10.107330770000033 53.613592908000044)","Unfall 137498 (2021) Kat:3, Licht: 0","137498","3","7","0","06","16","3","","0","1","0","0","0"
"POINT (9.941479993000030 53.634396556000070)","Unfall 137499 (2021) Kat:3, Licht: 1","137499","3","7","1","06","19","5","","1","0","1","0","0"
"POINT (9.880435441000031 53.532404555000028)","Unfall 137500 (2021) Kat:3, Licht: 0","137500","3","4","6","07","15","3","","0","1","0","1","0"
"POINT (9.983467812000072 53.459744437000040)","Unfall 137501 (2021) Kat:3, Licht: 0","137501","3","3","5","05","15","2","","0","1","1","0","0"
"POINT (9.936131633000059 53.555812929000069)","Unfall 137502 (2021) Kat:3, Licht: 0","137502","3","2","4","07","18","5","","0","1","1","0","0"
"POINT (10.175060564000034 53.601468289000081)","Unfall 137503 (2021) Kat:3, Licht: 2","137503","3","5","1","06","03","7","","2","1","1","0","0"
"POINT (10.037233287000049 53.596185856000034)","Unfall 137504 (2021) Kat:3, Licht: 0","137504","3","6","2","05","18","5","","0","0","1","0","0"
"POINT (10.035817592000058 53.600790465000046)","Unfall 137505 (2021) Kat:3, Licht: 0","137505","3","2","3","07","06","4","","0","1","0","0","0"
"POINT (10.012354374000040 53.558230228000070)","Unfall 137506 (2021) Kat:3, Licht: 2","137506","3","4","6","06","22","5","","2","1","0","1","0"
"POINT (10.165594976000023 53.514400629000079)","Unfall 137507 (2021) Kat:2, Licht: 0","137507","2","1","9","05","06","3","","0","0","1","0","0"
"POINT (10.123162185000069 53.568816149000043)","Unfall 137508 (2021) Kat:3, Licht: 2","137508","3","3","5","08","22","4","","2","1","0","0","0"
"POINT (10.068670284000063 53.574696469000060)","Unfall 137509 (2021) Kat:3, Licht: 0","137509","3","3","4","06","16","2","","0","0","1","0","0"
"POINT (9.953669150000053 53.553705873000069)","Unfall 137510 (2021) Kat:3, Licht: 2","137510","3","7","0","06","01","7","","2","0","0","0","0"
"POINT (9.836770165000075 53.554618849000065)","Unfall 137511 (2021) Kat:2, Licht: 0","137511","2","6","4","07","20","5","","0","1","1","0","0"
"POINT (10.105636059000062 53.590472683000030)","Unfall 137512 (2021) Kat:3, Licht: 0","137512","3","3","0","07","07","5","","0","1","1","0","0"
"POINT (10.124881329000061 53.586125979000030)","Unfall 137513 (2021) Kat:3, Licht: 0","137513","3","2","5","06","10","1","","0","0","1","0","0"
"POINT (9.904948158000025 53.595230380000032)","Unfall 137514 (2021) Kat:3, Licht: 0","137514","3","6","2","06","18","4","","0","0","1","0","0"
"POINT (9.997621748000029 53.557806688000028)","Unfall 137515 (2021) Kat:3, Licht: 0","137515","3","6","2","07","07","2","","0","0","1","0","0"
"POINT (10.108479082000031 53.655902792000063)","Unfall 137516 (2021) Kat:3, Licht: 0","137516","3","6","2","05","17","1","","0","0","1","0","1"
"POINT (9.823609479000027 53.583815086000072)","Unfall 137517 (2021) Kat:3, Licht: 0","137517","3","3","5","06","07","6","","0","1","0","0","0"
"POINT (10.006782308000027 53.653526911000029)","Unfall 137518 (2021) Kat:3, Licht: 0","137518","3","7","0","07","18","7","","0","1","0","0","0"
"POINT (9.948463970000034 53.560287971000037)","Unfall 137519 (2021) Kat:3, Licht: 2","137519","3","1","0","06","00","4","","2","1","0","0","0"
"POINT (9.937215060000028 53.564540615000055)","Unfall 137520 (2021) Kat:3, Licht: 0","137520","3","4","6","08","12","3","","0","1","0","1","0"
"POINT (10.066149392000057 53.571302968000055)","Unfall 137521 (2021) Kat:3, Licht: 0","137521","3","3","5","06","14","6","","0","1","1","0","0"
"POINT (9.934517770000070 53.546372387000076)","Unfall 137522 (2021) Kat:3, Licht: 0","137522","3","3","1","06","13","5","","0","1","1","0","0"
"POINT (10.161699835000036 53.650943624000035)","Unfall 137523 (2021) Kat:3, Licht: 0","137523","3","3","0","07","18","7","","0","1","1","0","0"
"POINT (9.945728195000072 53.551613038000028)","Unfall 137524 (2021) Kat:3, Licht: 0","137524","3","3","5","05","20","3","","0","1","0","0","0"
"POINT (10.065952681000056 53.571737815000063)","Unfall 137525 (2021) Kat:3, Licht: 0","137525","3","3","5","06","18","3","","0","1","0","0","0"
"POINT (10.124468587000024 53.570700994000049)","Unfall 137526 (2021) Kat:3, Licht: 0","137526","3","6","2","05","16","2","","0","0","1","0","0"
"POINT (9.972764920000031 53.553940879000038)","Unfall 137527 (2021) Kat:3, Licht: 0","137527","3","7","0","07","06","1","","0","0","0","0","1"
"POINT (9.997992096000075 53.543611678000048)","Unfall 137528 (2021) Kat:3, Licht: 0","137528","3","5","1","05","18","5","","0","1","0","0","0"
"POINT (10.007180181000024 53.546632661000046)","Unfall 137529 (2021) Kat:2, Licht: 0","137529","2","6","4","06","07","5","","0","0","1","0","0"
"POINT (9.994749749000050 53.571574685000030)","Unfall 137530 (2021) Kat:3, Licht: 0","137530","3","5","1","07","10","4","","0","1","1","0","0"
"POINT (9.927510700000028 53.588249150000081)","Unfall 137531 (2021) Kat:3, Licht: 0","137531","3","2","6","06","14","4","","0","0","0","1","0"
"POINT (10.035578983000050 53.546748537000042)","Unfall 137532 (2021) Kat:3, Licht: 0","137532","3","7","3","05","15","7","","0","0","1","0","0"
"POINT (10.019363472000066 53.550077212000076)","Unfall 137533 (2021) Kat:3, Licht: 0","137533","3","6","3","07","18","6","","0","0","1","0","1"
"POINT (9.978971677000061 53.459957156000030)","Unfall 137534 (2021) Kat:3, Licht: 0","137534","3","2","4","06","12","2","","0","1","1","0","0"
"POINT (9.860661136000033 53.547814466000034)","Unfall 137535 (2021) Kat:3, Licht: 0","137535","3","6","2","08","12","2","","0","0","1","0","0"
"POINT (9.879659872000047 53.533296819000043)","Unfall 137536 (2021) Kat:3, Licht: 0","137536","3","5","1","07","14","1","","0","1","1","0","0"
"POINT (10.077607138000076 53.646912516000043)","Unfall 137537 (2021) Kat:3, Licht: 0","137537","3","5","1","06","17","5","","0","1","1","0","0"
"POINT (9.906332241000030 53.614326522000056)","Unfall 137538 (2021) Kat:3, Licht: 0","137538","3","2","3","06","16","4","","0","1","0","0","0"
"POINT (9.955484827000021 53.579628713000034)","Unfall 137539 (2021) Kat:3, Licht: 0","137539","3","7","0","07","08","4","","0","1","0","0","0"
"POINT (9.993942880000077 53.579584882000063)","Unfall 137540 (2021) Kat:3, Licht: 0","137540","3","3","5","05","11","5","","0","1","1","0","0"
"POINT (10.163548876000050 53.620738672000073)","Unfall 137541 (2021) Kat:3, Licht: 0","137541","3","6","4","06","17","6","","0","1","0","0","0"
"POINT (10.202207983000051 53.488977177000038)","Unfall 137542 (2021) Kat:3, Licht: 0","137542","3","7","6","05","12","5","","0","0","1","1","0"
"POINT (10.036915891000035 53.611641325000051)","Unfall 137543 (2021) Kat:3, Licht: 0","137543","3","6","2","07","20","6","","0","0","1","0","0"
"POINT (9.990032546000066 53.489808648000064)","Unfall 137544 (2021) Kat:3, Licht: 0","137544","3","6","2","05","13","5","","0","0","1","0","0"
"POINT (9.991230485000074 53.459910145000038)","Unfall 137545 (2021) Kat:3, Licht: 0","137545","3","7","5","08","17","4","","0","0","1","0","0"
"POINT (9.990327385000057 53.444145629000047)","Unfall 137546 (2021) Kat:2, Licht: 0","137546","2","6","1","06","08","3","","0","0","1","0","0"
"POINT (10.054680746000031 53.486254276000068)","Unfall 137547 (2021) Kat:3, Licht: 0","137547","3","3","5","06","14","2","","0","1","1","0","0"
"POINT (9.862126275000037 53.461078315000066)","Unfall 137548 (2021) Kat:3, Licht: 0","137548","3","1","0","06","15","6","","0","1","0","0","0"
"POINT (10.051293148000070 53.586694718000047)","Unfall 137549 (2021) Kat:3, Licht: 2","137549","3","2","4","07","22","6","","2","0","1","0","0"
"POINT (10.027875599000026 53.555142055000033)","Unfall 137550 (2021) Kat:2, Licht: 0","137550","2","7","0","07","14","6","","0","0","0","0","1"
"POINT (10.051643956000021 53.608493708000026)","Unfall 137551 (2021) Kat:3, Licht: 0","137551","3","3","5","06","16","3","","0","1","1","0","0"
"POINT (10.160569862000045 53.653119909000054)","Unfall 137552 (2021) Kat:3, Licht: 0","137552","3","3","5","06","14","5","","0","1","1","0","0"
"POINT (10.046155333000058 53.587600087000055)","Unfall 137553 (2021) Kat:3, Licht: 0","137553","3","7","0","07","10","2","","0","1","0","0","0"
"POINT (9.922569576000058 53.550924447000057)","Unfall 137554 (2021) Kat:3, Licht: 0","137554","3","6","3","05","19","4","","0","1","0","0","0"
"POINT (9.978094916000032 53.544075219000035)","Unfall 137555 (2021) Kat:3, Licht: 0","137555","3","6","2","06","19","1","","0","0","1","0","0"
"POINT (10.003551138000034 53.579315104000045)","Unfall 137556 (2021) Kat:3, Licht: 0","137556","3","3","5","05","19","4","","0","1","0","0","0"
"POINT (9.855211450000070 53.583350524000082)","Unfall 137557 (2021) Kat:3, Licht: 0","137557","3","3","5","07","18","5","","0","0","1","0","0"
"POINT (9.966488028000072 53.541591093000079)","Unfall 137558 (2021) Kat:3, Licht: 0","137558","3","7","0","06","17","5","","0","1","0","0","0"
"POINT (10.188596874000041 53.490287693000028)","Unfall 137559 (2021) Kat:3, Licht: 0","137559","3","3","0","05","11","3","","0","1","1","0","0"
"POINT (9.961914104000073 53.577929945000051)","Unfall 137560 (2021) Kat:3, Licht: 0","137560","3","7","0","08","16","4","","0","1","0","0","0"
"POINT (9.976869962000023 53.460414732000061)","Unfall 137561 (2021) Kat:3, Licht: 1","137561","3","2","6","06","19","2","","1","0","1","1","0"
"POINT (10.071392701000036 53.606935830000054)","Unfall 137562 (2021) Kat:2, Licht: 0","137562","2","7","0","06","18","7","","0","1","0","0","0"
"POINT (9.965094027000021 53.551053849000027)","Unfall 137563 (2021) Kat:3, Licht: 2","137563","3","4","6","07","23","6","","2","0","1","1","0"
"POINT (10.141647814000066 53.628808763000052)","Unfall 137564 (2021) Kat:3, Licht: 0","137564","3","6","2","07","11","6","","0","0","1","0","0"
"POINT (10.102064380000058 53.647292496000034)","Unfall 137565 (2021) Kat:3, Licht: 0","137565","3","2","4","06","09","2","","0","0","1","0","0"
"POINT (9.919196382000052 53.564297754000052)","Unfall 137566 (2021) Kat:3, Licht: 0","137566","3","3","5","06","19","7","","0","1","1","0","0"
"POINT (9.906161327000063 53.613834440000062)","Unfall 137567 (2021) Kat:3, Licht: 0","137567","3","2","3","06","13","4","","0","1","1","0","0"
"POINT (9.965730744000041 53.565441201000056)","Unfall 137568 (2021) Kat:3, Licht: 0","137568","3","1","0","07","08","7","","0","1","0","0","0"
"POINT (9.915775741000061 53.600519479000070)","Unfall 137569 (2021) Kat:2, Licht: 0","137569","2","7","0","05","06","2","","0","0","1","0","0"
"POINT (9.873677943000075 53.590766949000056)","Unfall 137570 (2021) Kat:3, Licht: 0","137570","3","6","2","06","15","6","","0","0","1","0","0"
"POINT (10.001738505000048 53.621926023000071)","Unfall 137571 (2021) Kat:3, Licht: 0","137571","3","7","0","07","20","7","","0","0","0","0","0"
"POINT (9.957673122000074 53.570161679000080)","Unfall 137572 (2021) Kat:3, Licht: 0","137572","3","3","5","06","07","4","","0","1","0","0","0"
"POINT (10.106601048000073 53.630931822000036)","Unfall 137573 (2021) Kat:3, Licht: 0","137573","3","7","0","08","09","2","","0","0","1","0","0"
"POINT (9.948502996000059 53.521230216000049)","Unfall 137574 (2021) Kat:1, Licht: 0","137574","1","1","9","06","12","7","","0","0","0","0","1"
"POINT (10.050292742000067 53.568380214000058)","Unfall 137575 (2021) Kat:2, Licht: 2","137575","2","6","2","06","23","6","","2","0","1","0","1"
"POINT (10.017031700000075 53.564047455000036)","Unfall 137576 (2021) Kat:3, Licht: 0","137576","3","3","5","05","20","5","","0","0","1","0","0"
"POINT (9.987357311000039 53.548914484000079)","Unfall 137577 (2021) Kat:3, Licht: 0","137577","3","3","5","07","18","4","","0","1","1","0","0"
"POINT (9.939767619000065 53.559920734000059)","Unfall 137578 (2021) Kat:3, Licht: 0","137578","3","7","0","06","16","5","","0","0","1","0","0"
"POINT (10.074945799000034 53.574592873000029)","Unfall 137579 (2021) Kat:3, Licht: 0","137579","3","2","5","05","15","4","","0","0","1","0","0"
"POINT (9.969590657000026 53.638779209000063)","Unfall 137580 (2021) Kat:3, Licht: 0","137580","3","7","4","08","13","5","","0","0","1","0","0"
"POINT (10.115397619000021 53.533368270000040)","Unfall 137581 (2021) Kat:3, Licht: 0","137581","3","1","9","06","13","1","","0","0","1","0","0"
"POINT (9.930755953000073 53.425205364000078)","Unfall 137582 (2021) Kat:3, Licht: 0","137582","3","3","5","06","15","6","","0","1","1","0","0"
"POINT (10.098516053000026 53.542429953000067)","Unfall 137583 (2021) Kat:3, Licht: 0","137583","3","3","5","07","17","5","","0","0","1","0","0"
"POINT (9.889002698000070 53.600959411000076)","Unfall 137584 (2021) Kat:3, Licht: 0","137584","3","3","5","07","06","5","","0","0","1","0","0"
"POINT (10.029874835000044 53.602825175000078)","Unfall 137585 (2021) Kat:3, Licht: 2","137585","3","3","5","06","02","1","","2","1","1","0","0"
"POINT (10.050488362000067 53.587385993000055)","Unfall 137586 (2021) Kat:3, Licht: 0","137586","3","6","2","06","10","7","","0","0","1","0","0"