WKT,Name,OBJECTID,UKATEGORIE,UTYP1,UART,UMONAT,USTUNDE,UWOCHENTAG,STRZUSTAND,ULICHTVERH,ISTRAD,ISTPKW,ISTFUSS,ISTKRAD
"POINT (10.004762308000068 53.557725521000066)","Unfall 137587 (2021) Kat:3, Licht: 0","137587","3","6","2","06","17","4","","0","0","1","0","1"
"POINT (9.970691673000033 53.581315600000039)","Unfall 137588 (2021) Kat:3, Licht: 0","137588","3","7","6","07","09","2","","0","0","1","1","0"
"POINT (10.085548991000053 53.627321489000053)","Unfall 137589 (2021) Kat:3, Licht: 0","137589","3","3","5","05","11","1","","0","0","1","0","0"
"POINT (9.983050431000038 53.584044039000048)","Unfall 137590 (2021) Kat:3, Licht: 0","137590","3","2","3","06","09","6","","0","1","0","0","0"
"POINT (10.152855405000025 53.614212999000074)","Unfall 137591 (2021) Kat:3, Licht: 0","137591","3","6","0","07","21","7","","0","0","0","0","1"
"POINT (9.968370349000054 53.602872851000029)","Unfall 137592 (2021) Kat:3, Licht: 0","137592","3","6","0","06","17","4","","0","0","1","0","0"
"POINT (10.016489739000065 53.562049025000078)","Unfall 137593 (2021) Kat:3, Licht: 0","137593","3","3","5","08","13","3","","0","1","1","0","0"
"POINT (9.816502771000046 53.579693436000071)","Unfall 137594 (2021) Kat:3, Licht: 2","137594","3","6","4","06","23","7","","2","1","1","0","0"
"POINT (10.117176995000023 53.532569366000075)","Unfall 137595 (2021) Kat:3, Licht: 0","137595","3","3","5","06","11","5","","0","1","1","0","0"
"POINT (9.987379578000059 53.585426464000079)","Unfall 137596 (2021) Kat:3, Licht: 0","137596","3","7","0","07","19","6","","0","0","0","0","0"
"POINT (9.954725045000032 53.574448776000054)","Unfall 137597 (2021) Kat:3, Licht: 0","137597","3","7","5","05","07","3","","0","1","1","0","0"
"POINT (10.016627673000073 53.562133353000036)","Unfall 137598 (2021) Kat:3, Licht: 0","137598","3","3","5","06","17","3","","0","1","1","0","0"
"POINT (9.971123946000034 53.528936377000036)","Unfall 137599 (2021) Kat:3, Licht: 0","137599","3","5","1","05","12","3","","0","1","1","0","0"
"POINT (10.115639625000028 53.611730926000064)","Unfall 137600 (2021) Kat:3, Licht: 0","137600","3","7","0","07","18","7","","0","0","0","0","0"
"POINT (9.986547906000055 53.456928985000047)","Unfall 137601 (2021) Kat:3, Licht: 0","137601","3","4","6","05","11","5","","0","0","1","1","0"
"POINT (9.887109182000074 53.559704713000031)","Unfall 137602 (2021) Kat:3, Licht: 0","137602","3","2","5","06","12","5","","0","1","0","0","0"
"POINT (9.996371168000053 53.477500283000040)","Unfall 137603 (2021) Kat:3, Licht: 0","137603","3","3","5","07","16","2","","0","1","0","0","0"
"POINT (10.125237274000028 53.668915411000057)","Unfall 137604 (2021) Kat:3, Licht: 0","137604","3","2","2","06","07","4","","0","0","1","0","0"
"POINT (9.949102667000034 53.620685205000029)","Unfall 137605 (2021) Kat:3, Licht: 0","137605","3","7","0","05","17","1","","0","1","0","0","0"
"POINT (9.919737385000076 53.570710782000049)","Unfall 137606 (2021) Kat:3, Licht: 0","137606","3","6","2","07","15","7","","0","0","1","0","0"
"POINT (9.945043964000035 53.550917424000033)","Unfall 137607 (2021) Kat:3, Licht: 0","137607","3","2","3","06","08","2","","0","0","1","0","1"
"POINT (9.904660847000059 53.482067479000079)","Unfall 137608 (2021) Kat:3, Licht: 0","137608","3","7","3","08","16","1","","0","0","1","0","0"
"POINT (10.127223148000041 53.575465116000032)","Unfall 137609 (2021) Kat:3, Licht: 0","137609","3","6","2","07","08","2","","0","0","1","0","0"
"POINT (9.987221339000030 53.493543921000082)","Unfall 137610 (2021) Kat:3, Licht: 0","137610","3","7","4","06","15","5","","0","0","1","0","0"
"POINT (10.080453153000065 53.572095740000066)","Unfall 137611 (2021) Kat:3, Licht: 0","137611","3","4","6","06","13","4","","0","0","1","1","0"
"POINT (10.096513288000040 53.658958877000032)","Unfall 137612 (2021) Kat:3, Licht: 0","137612","3","7","0","05","16","7","","0","0","0","0","0"
"POINT (10.016380692000041 53.548106922000045)","Unfall 137613 (2021) Kat:3, Licht: 0","137613","3","3","5","07","19","3","","0","0","1","0","1"
"POINT (10.067314900000042 53.597593842000038)","Unfall 137614 (2021) Kat:2, Licht: 2","137614","2","7","9","05","00","6","","2","0","1","0","0"
"POINT (9.843585348000033 53.550647902000037)","Unfall 137615 (2021) Kat:3, Licht: 0","137615","3","1","4","05","20","7","","0","0","1","0","1"
"POINT (9.974004960000059 53.569285490000027)","Unfall 137616 (2021) Kat:3, Licht: 0","137616","3","2","4","07","15","6","","0","1","1","0","0"
"POINT (10.136875623000037 53.600066777000052)","Unfall 137617 (2021) Kat:3, Licht: 0","137617","3","6","3","05","13","5","","0","1","1","0","0"
"POINT (10.065083052000034 53.655303954000033)","Unfall 137618 (2021) Kat:3, Licht: 0","137618","3","3","5","06","17","4","","0","1","1","0","0"
"POINT (10.156218229000046 53.614611752000030)","Unfall 137619 (2021) Kat:3, Licht: 0","137619","3","3","5","06","09","2","","0","1","1","0","0"
"POINT (10.078771869000036 53.663044470000045)","Unfall 137620 (2021) Kat:3, Licht: 0","137620","3","3","5","07","07","6","","0","1","1","0","0"
"POINT (9.955576473000065 53.551720941000042)","Unfall 137621 (2021) Kat:3, Licht: 0","137621","3","2","0","07","15","1","","0","0","1","0","1"
"POINT (10.039997417000052 53.546238317000075)","Unfall 137622 (2021) Kat:3, Licht: 0","137622","3","3","5","06","14","2","","0","0","1","0","0"
"POINT (10.085357423000062 53.602735133000067)","Unfall 137623 (2021) Kat:3, Licht: 0","137623","3","6","2","06","18","6","","0","0","1","0","0"
"POINT (10.032996762000039 53.577706123000041)","Unfall 137624 (2021) Kat:3, Licht: 0","137624","3","3","5","06","19","5","","0","1","0","0","0"
"POINT (9.993645665000031 53.577686984000081)","Unfall 137625 (2021) Kat:3, Licht: 0","137625","3","1","0","07","16","2","","0","0","0","0","1"
"POINT (9.982299295000075 53.464058308000062)","Unfall 137626 (2021) Kat:3, Licht: 0","137626","3","4","6","05","07","3","","0","0","1","1","0"
"POINT (9.984453932000065 53.564139441000066)","Unfall 137627 (2021) Kat:2, Licht: 2","137627","2","3","5","06","01","7","","2","1","1","0","0"
"POINT (9.973475285000063 53.583907458000056)","Unfall 137628 (2021) Kat:3, Licht: 0","137628","3","3","5","05","19","4","","0","1","1","0","0"
"POINT (10.007847806000029 53.580413519000047)","Unfall 137629 (2021) Kat:3, Licht: 0","137629","3","7","0","07","20","2","","0","0","0","0","1"
"POINT (9.993496104000030 53.478432704000056)","Unfall 137630 (2021) Kat:3, Licht: 0","137630","3","2","4","06","17","4","","0","1","1","0","0"
"POINT (9.940279280000027 53.572781097000075)","Unfall 137631 (2021) Kat:3, Licht: 0","137631","3","6","2","05","14","4","","0","0","1","0","0"
"POINT (9.987546077000047 53.451337431000070)","Unfall 137632 (2021) Kat:3, Licht: 0","137632","3","6","3","08","12","3","","0","0","1","0","0"
"POINT (10.070340931000032 53.569626233000065)","Unfall 137633 (2021) Kat:3, Licht: 0","137633","3","7","0","06","10","2","","0","0","1","0","1"
"POINT (9.942613747000053 53.593214835000026)","Unfall 137634 (2021) Kat:3, Licht: 0","137634","3","6","2","06","20","5","","0","0","1","0","0"
"POINT (10.170880534000048 53.598904221000055)","Unfall 137635 (2021) Kat:3, Licht: 1","137635","3","7","0","05","20","1","","1","1","0","0","0"
"POINT (9.837113324000029 53.573659830000054)","Unfall 137636 (2021) Kat:3, Licht: 0","137636","3","1","0","07","13","3","","0","0","0","0","1"
"POINT (10.050126419000037 53.594088994000060)","Unfall 137637 (2021) Kat:3, Licht: 0","137637","3","3","5","07","14","6","","0","0","1","0","0"
"POINT (9.986438096000029 53.547852859000045)","Unfall 137638 (2021) Kat:3, Licht: 0","137638","3","2","5","06","09","2","","0","0","1","0","0"
"POINT (10.025781986000027 53.621426986000074)","Unfall 137639 (2021) Kat:3, Licht: 0","137639","3","3","5","06","11","7","","0","1","0","0","0"
"POINT (10.065908414000035 53.598460115000080)","Unfall 137640 (2021) Kat:3, Licht: 0","137640","3","3","5","06","19","3","","0","1","0","0","0"
"POINT (10.008892215000060 53.552151685000069)","Unfall 137641 (2021) Kat:3, Licht: 2","137641","3","7","3","07","00","1","","2","0","1","0","0"
"POINT (10.124825825000073 53.586104921000071)","Unfall 137642 (2021) Kat:3, Licht: 0","137642","3","2","4","05","18","2","","0","0","1","0","0"
"POINT (9.877664168000024 53.500567677000049)","Unfall 137643 (2021) Kat:3, Licht: 0","137643","3","7","0","06","18","4","","0","1","0","0","0"
"POINT (9.959761425000067 53.572688507000066)","Unfall 137644 (2021) Kat:3, Licht: 0","137644","3","7","5","05","12","2","","0","1","1","0","0"
"POINT (10.069796800000063 53.526407210000059)","Unfall 137645 (2021) Kat:3, Licht: 0","137645","3","2","4","07","18","6","","0","0","1","0","0"
"POINT (10.001410882000073 53.675758137000059)","Unfall 137646 (2021) Kat:3, Licht: 0","137646","3","7","0","06","13","4","","0","1","0","0","0"
"POINT (10.008079476000034 53.651438412000061)","Unfall 137647 (2021) Kat:3, Licht: 0","137647","3","2","5","08","13","2","","0","1","1","0","0"
"POINT (10.064800925000043 53.586395567000068)","Unfall 137648 (2021) Kat:3, Licht: 0","137648","3","6","2","06","11","7","","0","0","1","0","1"
"POINT (10.081326024000077 53.585459162000063)","Unfall 137649 (2021) Kat:3, Licht: 2","137649","3","7","0","06","23","4","","2","0","0","0","0"
"POINT (10.001193051000030 53.567334927000047)","Unfall 137650 (2021) Kat:3, Licht: 2","137650","3","6","0","07","23","6","","2","1","1","0","0"
"POINT (10.213004853000029 53.487915916000077)","Unfall 137651 (2021) Kat:3, Licht: 0","137651","3","7","0","05","17","5","","0","1","0","0","0"
"POINT (10.074861754000040 53.554794069000081)","Unfall 137652 (2021) Kat:2, Licht: 0","137652","2","3","5","06","15","6","","0","1","0","0","0"
"POINT (10.008832407000057 53.548020451000070)","Unfall 137653 (2021) Kat:3, Licht: 0","137653","3","6","3","05","15","2","","0","0","1","0","0"
"POINT (9.981886220000035 53.544056097000066)","Unfall 137654 (2021) Kat:3, Licht: 0","137654","3","2","3","05","10","2","","0","1","1","0","0"
"POINT (10.112448473000029 53.619965259000082)","Unfall 137655 (2021) Kat:3, Licht: 0","137655","3","7","0","07","20","5","","0","1","0","0","0"
"POINT (9.923549290000039 53.563802136000049)","Unfall 137656 (2021) Kat:2, Licht: 0","137656","2","6","1","05","12","5","","0","0","0","0","1"
"POINT (10.018135543000028 53.582920613000056)","Unfall 137657 (2021) Kat:3, Licht: 0","137657","3","7","3","06","18","3","","0","1","1","0","0"
"POINT (10.008360928000059 53.579710040000066)","Unfall 137658 (2021) Kat:3, Licht: 1","137658","3","6","3","07","21","1","","1","1","1","0","0"
"POINT (10.018507599000031 53.589522308000028)","Unfall 137659 (2021) Kat:2, Licht: 0","137659","2","5","1","06","07","2","","0","1","1","0","0"
"POINT (9.987170935000051 53.514210811000055)","Unfall 137660 (2021) Kat:3, Licht: 0","137660","3","7","0","07","15","4","","0","1","0","0","0"
"POINT (9.757456566000030 53.575806287000034)","Unfall 137661 (2021) Kat:3, Licht: 0","137661","3","7","0","06","13","3","","0","1","0","0","0"
"POINT (10.063629596000055 53.573136674000068)","Unfall 137662 (2021) Kat:3, Licht: 0","137662","3","3","5","07","10","6","","0","0","1","0","1"
"POINT (10.297812865000026 53.431966508000073)","Unfall 137663 (2021) Kat:3, Licht: 0","137663","3","1","9","07","14","7","","0","0","0","0","1"
"POINT (10.091070260000038 53.553150925000068)","Unfall 137664 (2021) Kat:3, Licht: 0","137664","3","2","3","06","15","5","","0","1","1","0","0"
"POINT (10.075952645000029 53.613977614000078)","Unfall 137665 (2021) Kat:3, Licht: 2","137665","3","2","5","06","22","2","","2","0","1","0","0"
"POINT (10.276239606000047 53.426626519000081)","Unfall 137666 (2021) Kat:3, Licht: 0","137666","3","5","1","06","16","4","","0","1","1","0","0"
"POINT (9.992257633000065 53.553448186000082)","Unfall 137667 (2021) Kat:3, Licht: 2","137667","3","7","0","07","02","4","","2","0","0","0","0"
"POINT (9.948522859000036 53.581455342000027)","Unfall 137668 (2021) Kat:3, Licht: 0","137668","3","3","4","05","13","4","","0","1","1","0","0"
"POINT (10.024407039000039 53.498548714000037)","Unfall 137669 (2021) Kat:3, Licht: 0","137669","3","3","5","07","06","2","","0","1","1","0","0"
"POINT (9.957685190000063 53.566671960000065)","Unfall 137670 (2021) Kat:3, Licht: 0","137670","3","2","0","07","13","6","","0","1","0","0","0"
"POINT (10.113217931000065 53.658935481000071)","Unfall 137671 (2021) Kat:3, Licht: 0","137671","3","2","5","05","15","2","","0","1","1","0","0"
"POINT (10.012935643000048 53.642980906000048)","Unfall 137672 (2021) Kat:3, Licht: 0","137672","3","6","4","06","16","3","","0","1","0","0","0"
"POINT (9.868305544000066 53.595382843000039)","Unfall 137673 (2021) Kat:3, Licht: 2","137673","3","3","5","05","22","2","","2","0","1","0","1"
"POINT (9.998751900000059 53.556477373000064)","Unfall 137674 (2021) Kat:3, Licht: 0","137674","3","7","0","07","21","6","","0","0","0","0","0"
"POINT (10.154404039000042 53.645466903000056)","Unfall 137675 (2021) Kat:2, Licht: 0","137675","2","6","4","05","11","6","","0","1","1","0","0"
"POINT (9.999566165000033 53.572649891000026)","Unfall 137676 (2021) Kat:3, Licht: 0","137676","3","6","2","06","15","5","","0","1","0","0","0"
"POINT (9.989076254000054 53.581386731000066)","Unfall 137677 (2021) Kat:3, Licht: 0","137677","3","2","3","07","16","2","","0","1","1","0","0"
"POINT (9.863711282000054 53.584485241000039)","Unfall 137678 (2021) Kat:3, Licht: 0","137678","3","3","5","06","16","2","","0","1","0","0","0"
"POINT (9.991895814000031 53.466638209000052)","Unfall 137679 (2021) Kat:2, Licht: 2","137679","2","7","4","05","23","1","","2","0","1","0","0"
"POINT (10.022828213000025 53.525618451000071)","Unfall 137680 (2021) Kat:3, Licht: 2","137680","3","6","4","07","23","6","","2","1","0","0","1"
"POINT (9.955068353000058 53.569904663000045)","Unfall 137681 (2021) Kat:2, Licht: 0","137681","2","7","0","06","14","3","","0","0","1","0","1"
"POINT (10.087960055000053 53.554864488000078)","Unfall 137682 (2021) Kat:3, Licht: 0","137682","3","7","0","07","14","6","","0","0","0","0","0"
"POINT (9.960166387000072 53.551413997000054)","Unfall 137683 (2021) Kat:3, Licht: 0","137683","3","3","5","07","17","2","","0","1","1","0","0"
"POINT (10.049961613000050 53.560864738000078)","Unfall 137684 (2021) Kat:3, Licht: 0","137684","3","7","0","06","14","5","","0","1","0","0","0"
"POINT (10.233969772000023 53.488874270000053)","Unfall 137685 (2021) Kat:2, Licht: 0","137685","2","7","0","06","17","3","","0","1","0","0","0"
"POINT (10.215438177000067 53.488613840000028)","Unfall 137686 (2021) Kat:3, Licht: 2","137686","3","7","0","05","00","7","","2","0","0","0","0"
"POINT (10.010459836000052 53.611758867000049)","Unfall 137687 (2021) Kat:3, Licht: 0","137687","3","2","4","07","08","3","","0","1","1","0","0"
"POINT (9.944617877000042 53.578683123000076)","Unfall 137688 (2021) Kat:3, Licht: 0","137688","3","5","1","05","11","6","","0","1","1","0","0"
"POINT (10.026586061000046 53.553832694000050)","Unfall 137689 (2021) Kat:3, Licht: 0","137689","3","3","0","05","13","5","","0","0","0","0","0"
"POINT (10.015422686000022 53.580639124000072)","Unfall 137690 (2021) Kat:3, Licht: 0","137690","3","5","0","07","15","4","","0","1","0","0","0"
"POINT (9.967239650000067 53.549766965000060)","Unfall 137691 (2021) Kat:3, Licht: 0","137691","3","3","5","05","09","5","","0","1","1","0","0"
"POINT (10.016812316000028 53.561972947000072)","Unfall 137692 (2021) Kat:2, Licht: 0","137692","2","3","5","08","13","5","","0","1","0","0","0"
"POINT (10.132564941000055 53.547044233000065)","Unfall 137693 (2021) Kat:2, Licht: 0","137693","2","3","5","06","15","3","","0","1","1","0","0"
"POINT (9.957434542000044 53.553291772000080)","Unfall 137694 (2021) Kat:3, Licht: 0","137694","3","6","3","06","20","7","","0","1","0","0","0"
"POINT (10.055217329000072 53.560783579000031)","Unfall 137695 (2021) Kat:3, Licht: 0","137695","3","6","2","07","14","5","","0","0","1","0","0"
"POINT (9.955414477000033 53.562858436000056)","Unfall 137696 (2021) Kat:3, Licht: 0","137696","3","3","5","07","18","7","","0","1","0","0","0"
"POINT (10.009768509000025 53.554336114000080)","Unfall 137697 (2021) Kat:3, Licht: 0","137697","3","3","5","06","08","3","","0","1","0","0","0"
"POINT (10.065924998000071 53.571728738000047)","Unfall 137698 (2021) Kat:3, Licht: 0","137698","3","2","5","06","14","5","","0","1","1","0","0"
"POINT (10.168181640000057 53.646386832000076)","Unfall 137699 (2021) Kat:2, Licht: 0","137699","2","5","1","07","18","2","","0","0","1","0","0"
"POINT (10.071348739000030 53.606945178000046)","Unfall 137700 (2021) Kat:3, Licht: 0","137700","3","3","5","05","12","4","","0","1","1","0","0"
"POINT (9.895143681000036 53.564314633000038)","Unfall 137701 (2021) Kat:3, Licht: 0","137701","3","6","0","06","10","6","","0","1","0","0","0"
"POINT (10.057977094000023 53.569897572000059)","Unfall 137702 (2021) Kat:3, Licht: 0","137702","3","6","2","05","17","4","","0","0","1","0","1"
"POINT (10.063060983000071 53.567582589000040)","Unfall 137703 (2021) Kat:3, Licht: 0","137703","3","2","3","07","19","2","","0","1","0","0","0"
"POINT (10.019910539000023 53.575033908000080)","Unfall 137704 (2021) Kat:3, Licht: 0","137704","3","3","5","06","12","5","","0","0","1","0","1"
"POINT (10.022538177000058 53.588865128000066)","Unfall 137705 (2021) Kat:3, Licht: 0","137705","3","7","0","05","17","3","","0","1","0","0","0"
"POINT (10.015778625000053 53.548522477000063)","Unfall 137706 (2021) Kat:3, Licht: 0","137706","3","6","2","08","10","3","","0","0","1","0","0"
"POINT (10.100089494000031 53.589241236000078)","Unfall 137707 (2021) Kat:3, Licht: 0","137707","3","6","2","06","11","2","","0","0","1","0","0"
"POINT (10.229413298000054 53.445153731000062)","Unfall 137708 (2021) Kat:3, Licht: 0","137708","3","2","4","06","08","4","","0","0","1","0","1"
"POINT (9.919725702000051 53.560428952000052)","Unfall 137709 (2021) Kat:3, Licht: 0","137709","3","3","5","07","14","7","","0","1","1","0","0"
"POINT (10.050023927000041 53.592072698000038)","Unfall 137710 (2021) Kat:3, Licht: 1","137710","3","4","6","05","05","2","","1","0","1","1","0"
"POINT (10.066759515000058 53.563570131000063)","Unfall 137711 (2021) Kat:3, Licht: 0","137711","3","1","8","07","08","4","","0","0","1","0","0"
"POINT (10.082731085000034 53.621526361000065)","Unfall 137712 (2021) Kat:3, Licht: 0","137712","3","2","5","07","12","5","","0","0","1","0","0"
"POINT (10.185314364000021 53.511470008000060)","Unfall 137713 (2021) Kat:3, Licht: 0","137713","3","6","2","06","16","7","","0","0","1","0","0"
"POINT (10.074927125000045 53.574611347000030)","Unfall 137714 (2021) Kat:3, Licht: 0","137714","3","2","5","06","17","4","","0","0","1","0","0"
"POINT (10.063676392000048 53.566694611000059)","Unfall 137715 (2021) Kat:3, Licht: 2","137715","3","7","0","07","00","7","","2","1","0","0","0"
"POINT (9.987113812000075 53.513809751000053)","Unfall 137716 (2021) Kat:3, Licht: 0","137716","3","5","1","05","15","1","","0","1","1","0","0"
"POINT (9.987273116000040 53.493146495000076)","Unfall 137717 (2021) Kat:3, Licht: 0","137717","3","7","0","06","13","5","","0","1","0","0","0"
"POINT (10.006637767000029 53.551856433000069)","Unfall 137718 (2021) Kat:3, Licht: 0","137718","3","1","0","07","07","4","","0","1","0","0","0"
"POINT (9.829910394000024 53.580429048000042)","Unfall 137719 (2021) Kat:3, Licht: 0","137719","3","5","1","05","07","2","","0","0","1","0","0"
"POINT (10.135326159000044 53.594373306000080)","Unfall 137720 (2021) Kat:2, Licht: 0","137720","2","1","8","07","17","6","","0","0","1","0","0"
"POINT (9.927008816000068 53.609132273000057)","Unfall 137721 (2021) Kat:3, Licht: 0","137721","3","7","0","06","20","3","","0","1","0","0","0"
"POINT (10.020855588000074 53.648049172000071)","Unfall 137722 (2021) Kat:3, Licht: 0","137722","3","1","0","08","14","2","","0","0","0","0","1"
"POINT (10.209366752000051 53.489774952000062)","Unfall 137723 (2021) Kat:3, Licht: 0","137723","3","6","6","06","16","6","","0","0","0","1","0"
"POINT (10.041386937000027 53.586994798000035)","Unfall 137724 (2021) Kat:3, Licht: 0","137724","3","3","5","06","15","4","","0","0","1","0","0"
"POINT (10.083173398000042 53.622038730000043)","Unfall 137725 (2021) Kat:3, Licht: 0","137725","3","2","4","07","14","5","","0","1","1","0","0"
"POINT (9.995329859000037 53.673989962000064)","Unfall 137726 (2021) Kat:3, Licht: 2","137726","3","3","5","05","21","5","","2","0","1","0","0"
"POINT (10.031385908000061 53.596892433000050)","Unfall 137727 (2021) Kat:3, Licht: 0","137727","3","5","1","05","10","6","","0","0","1","0","0"
"POINT (10.115565900000036 53.660246515000040)","Unfall 137728 (2021) Kat:3, Licht: 0","137728","3","3","5","07","19","6","","0","1","1","0","0"
"POINT (9.962818273000039 53.612703273000079)","Unfall 137729 (2021) Kat:3, Licht: 0","137729","3","5","1","05","09","6","","0","1","1","0","0"
"POINT (10.125921664000032 53.672874926000077)","Unfall 137730 (2021) Kat:3, Licht: 0","137730","3","3","5","06","13","3","","0","1","1","0","0"
"POINT (10.096135267000022 53.638809865000042)","Unfall 137731 (2021) Kat:3, Licht: 2","137731","3","1","9","07","01","1","","2","0","1","0","0"
"POINT (10.068886475000056 53.610704915000042)","Unfall 137732 (2021) Kat:3, Licht: 0","137732","3","2","2","06","17","1","","0","0","1","0","1"
"POINT (10.126048272000048 53.533018818000073)","Unfall 137733 (2021) Kat:3, Licht: 0","137733","3","3","5","07","07","4","","0","0","1","0","0"
"POINT (10.013394163000044 53.449970719000078)","Unfall 137734 (2021) Kat:3, Licht: 2","137734","3","6","6","06","22","6","","2","1","0","1","0"
"POINT (9.964197230000025 53.464889282000058)","Unfall 137735 (2021) Kat:3, Licht: 0","137735","3","6","2","07","13","6","","0","0","1","0","0"
"POINT (10.042857453000067 53.549411137000050)","Unfall 137736 (2021) Kat:3, Licht: 0","137736","3","7","0","07","13","6","","0","1","1","0","0"
"POINT (10.032189568000035 53.580094866000081)","Unfall 137737 (2021) Kat:3, Licht: 0","137737","3","6","2","06","09","3","","0","0","1","0","0"
"POINT (10.000951846000021 53.555722736000064)","Unfall 137738 (2021) Kat:3, Licht: 0","137738","3","2","3","06","15","6","","0","1","1","0","0"
"POINT (10.007265175000043 53.551935847000038)","Unfall 137739 (2021) Kat:3, Licht: 0","137739","3","7","0","07","09","4","","0","1","0","0","0"
"POINT (10.137636391000058 53.600105965000068)","Unfall 137740 (2021) Kat:3, Licht: 0","137740","3","4","6","05","13","3","","0","1","0","1","0"
"POINT (9.906337437000047 53.555040998000038)","Unfall 137741 (2021) Kat:3, Licht: 0","137741","3","5","1","07","10","4","","0","0","1","0","0"
"POINT (10.044297665000045 53.529785489000062)","Unfall 137742 (2021) Kat:3, Licht: 0","137742","3","3","0","06","18","6","","0","1","1","0","0"
"POINT (10.013800233000040 53.595966521000037)","Unfall 137743 (2021) Kat:3, Licht: 0","137743","3","3","5","05","18","2","","0","1","1","0","0"
"POINT (10.120188083000073 53.664590295000039)","Unfall 137744 (2021) Kat:3, Licht: 0","137744","3","3","5","05","08","5","","0","1","1","0","0"
"POINT (10.007507183000030 53.580875118000051)","Unfall 137745 (2021) Kat:3, Licht: 0","137745","3","2","5","07","18","3","","0","1","1","0","0"
"POINT (9.885135744000024 53.517857110000080)","Unfall 137746 (2021) Kat:2, Licht: 2","137746","2","7","0","06","23","4","","2","0","0","0","0"
"POINT (10.031011211000020 53.626009144000079)","Unfall 137747 (2021) Kat:3, Licht: 0","137747","3","1","8","05","14","3","","0","0","0","0","1"
"POINT (10.123205246000055 53.570996756000056)","Unfall 137748 (2021) Kat:3, Licht: 0","137748","3","3","5","08","11","4","","0","1","1","0","0"
"POINT (10.007544195000037 53.593199929000036)","Unfall 137749 (2021) Kat:3, Licht: 0","137749","3","7","0","06","05","2","","0","0","0","0","0"
"POINT (9.935958252000034 53.544794220000028)","Unfall 137750 (2021) Kat:3, Licht: 0","137750","3","7","0","06","18","7","","0","0","0","0","0"
"POINT (10.018222960000060 53.633959723000032)","Unfall 137751 (2021) Kat:3, Licht: 0","137751","3","6","1","07","10","5","","0","0","1","0","0"
"POINT (10.080776757000024 53.531895557000041)","Unfall 137752 (2021) Kat:3, Licht: 0","137752","3","2","4","07","17","5","","0","0","1","0","0"
"POINT (9.876147495000055 53.533483014000069)","Unfall 137753 (2021) Kat:3, Licht: 0","137753","3","3","5","06","14","7","","0","1","0","0","0"
"POINT (10.044026532000032 53.594502126000066)","Unfall 137754 (2021) Kat:3, Licht: 0","137754","3","2","5","06","15","4","","0","0","1","0","1"
"POINT (10.059245967000038 53.574332096000035)","Unfall 137755 (2021) Kat:3, Licht: 0","137755","3","2","4","07","19","2","","0","1","1","0","0"
"POINT (10.020758443000034 53.563629892000051)","Unfall 137756 (2021) Kat:2, Licht: 0","137756","2","7","6","05","15","2","","0","0","1","1","0"
"POINT (10.013092738000068 53.579644963000078)","Unfall 137757 (2021) Kat:3, Licht: 0","137757","3","5","2","06","11","6","","0","1","1","0","0"
"POINT (10.012996731000044 53.675330053000039)","Unfall 137758 (2021) Kat:3, Licht: 0","137758","3","5","1","07","08","2","","0","0","1","0","0"
"POINT (9.977821898000059 53.465808547000051)","Unfall 137759 (2021) Kat:3, Licht: 0","137759","3","6","2","06","14","4","","0","0","1","0","0"
"POINT (10.056133088000024 53.591621660000044)","Unfall 137760 (2021) Kat:3, Licht: 0","137760","3","6","2","08","07","3","","0","0","1","0","0"
"POINT (9.972496833000037 53.452029725000045)","Unfall 137761 (2021) Kat:3, Licht: 0","137761","3","6","3","06","14","6","","0","0","0","0","0"
"POINT (10.134874051000054 53.576267186000052)","Unfall 137762 (2021) Kat:3, Licht: 2","137762","3","3","5","06","00","5","","2","1","1","0","0"
"POINT (10.015238974000056 53.520374279000066)","Unfall 137763 (2021) Kat:3, Licht: 0","137763","3","3","5","07","10","6","","0","1","1","0","0"
"POINT (9.995420026000033 53.590588187000037)","Unfall 137764 (2021) Kat:3, Licht: 0","137764","3","6","3","05","13","3","","0","1","1","0","0"
"POINT (9.988403699000060 53.592279105000046)","Unfall 137765 (2021) Kat:3, Licht: 0","137765","3","6","2","05","18","6","","0","0","1","0","0"
"POINT (10.001177275000032 53.557258161000050)","Unfall 137766 (2021) Kat:2, Licht: 1","137766","2","7","7","07","04","4","","1","0","0","0","1"
"POINT (10.052036742000041 53.593192305000059)","Unfall 137767 (2021) Kat:3, Licht: 0","137767","3","3","5","06","12","5","","0","1","0","0","0"
"POINT (9.865017334000072 53.556943794000063)","Unfall 137768 (2021) Kat:2, Licht: 0","137768","2","3","5","05","07","6","","0","0","1","0","1"
"POINT (10.016229835000047 53.616518565000035)","Unfall 137769 (2021) Kat:3, Licht: 0","137769","3","6","2","08","13","5","","0","0","1","0","0"
"POINT (10.009906078000029 53.496780171000069)","Unfall 137770 (2021) Kat:3, Licht: 1","137770","3","7","0","06","19","2","","1","1","0","1","0"
"POINT (9.950617145000024 53.564993712000046)","Unfall 137771 (2021) Kat:3, Licht: 0","137771","3","7","0","06","12","7","","0","1","0","0","0"
"POINT (9.866813623000041 53.581171850000032)","Unfall 137772 (2021) Kat:3, Licht: 0","137772","3","6","4","07","08","6","","0","0","1","0","0"