WKT,Name,OBJECTID,UKATEGORIE,UTYP1,UART,UMONAT,USTUNDE,UWOCHENTAG,STRZUSTAND,ULICHTVERH,ISTRAD,ISTPKW,ISTFUSS,ISTKRAD
"POINT (9.945581790000062 53.562765097000067)","Unfall 137773 (2021) Kat:3, Licht: 0","137773","3","6","3","07","17","6","","0","0","1","0","0"
"POINT (10.021486586000037 53.524735191000048)","Unfall 137774 (2021) Kat:3, Licht: 0","137774","3","7","0","06","19","7","","0","0","0","0","1"
"POINT (10.139992740000025 53.626704994000079)","Unfall 137775 (2021) Kat:3, Licht: 1","137775","3","7","0","06","20","3","","1","1","0","0","0"
"POINT (9.996349342000030 53.558156802000042)","Unfall 137776 (2021) Kat:3, Licht: 0","137776","3","6","3","07","08","2","","0","0","1","0","0"
"POINT (10.056462724000028 53.591228927000031)","Unfall 137777 (2021) Kat:3, Licht: 0","137777","3","6","2","05","10","7","","0","0","1","0","0"
"POINT (10.129679476000035 53.672362168000063)","Unfall 137778 (2021) Kat:3, Licht: 0","137778","3","6","2","06","13","6","","0","0","1","0","0"
"POINT (9.918325880000054 53.553811023000037)","Unfall 137779 (2021) Kat:3, Licht: 0","137779","3","2","4","07","17","2","","0","1","1","0","0"
"POINT (10.038019169000052 53.581871674000070)","Unfall 137780 (2021) Kat:3, Licht: 0","137780","3","3","5","06","15","4","","0","1","1","0","0"
"POINT (9.844030180000061 53.561975058000030)","Unfall 137781 (2021) Kat:3, Licht: 0","137781","3","7","0","05","16","3","","0","1","0","0","0"
"POINT (9.961043022000069 53.454361492000032)","Unfall 137782 (2021) Kat:3, Licht: 0","137782","3","7","1","08","10","3","","0","0","0","0","0"
"POINT (10.171133439000073 53.642757525000036)","Unfall 137783 (2021) Kat:3, Licht: 0","137783","3","3","5","06","15","7","","0","1","1","0","0"
"POINT (10.034290245000022 53.617345973000056)","Unfall 137784 (2021) Kat:2, Licht: 0","137784","2","3","5","06","15","5","","0","1","1","0","0"
"POINT (10.001411027000074 53.545068196000045)","Unfall 137785 (2021) Kat:3, Licht: 2","137785","3","5","1","07","22","7","","2","0","1","0","0"
"POINT (9.850080582000032 53.596358834000057)","Unfall 137786 (2021) Kat:3, Licht: 0","137786","3","6","2","05","13","3","","0","0","1","0","0"
"POINT (10.169226275000028 53.606519568000067)","Unfall 137787 (2021) Kat:3, Licht: 0","137787","3","7","0","07","13","3","","0","0","1","0","0"
"POINT (10.076309982000055 53.566893325000080)","Unfall 137788 (2021) Kat:3, Licht: 0","137788","3","3","0","06","09","4","","0","0","1","0","0"
"POINT (10.209217899000066 53.482594433000031)","Unfall 137789 (2021) Kat:3, Licht: 0","137789","3","2","1","05","15","2","","0","0","1","0","0"
"POINT (10.006796578000035 53.551875945000063)","Unfall 137790 (2021) Kat:3, Licht: 0","137790","3","5","1","07","18","7","","0","1","0","0","0"
"POINT (9.853353038000023 53.534597345000066)","Unfall 137791 (2021) Kat:3, Licht: 0","137791","3","7","6","05","18","6","","0","0","1","1","0"
"POINT (10.103565392000064 53.658065965000048)","Unfall 137792 (2021) Kat:2, Licht: 0","137792","2","3","5","06","08","5","","0","0","1","0","1"
"POINT (10.127341848000071 53.587051193000036)","Unfall 137793 (2021) Kat:3, Licht: 0","137793","3","2","0","07","09","4","","0","1","0","0","0"
"POINT (9.989414958000054 53.558293049000042)","Unfall 137794 (2021) Kat:3, Licht: 1","137794","3","7","0","06","21","4","","1","0","0","0","1"
"POINT (9.918346295000049 53.570832223000082)","Unfall 137795 (2021) Kat:3, Licht: 2","137795","3","1","8","05","22","2","","2","0","1","0","0"
"POINT (10.144705135000038 53.595469760000071)","Unfall 137796 (2021) Kat:3, Licht: 0","137796","3","5","1","07","07","5","","0","1","1","0","0"
"POINT (9.980323973000054 53.552390957000057)","Unfall 137797 (2021) Kat:3, Licht: 0","137797","3","7","0","06","11","2","","0","1","0","0","0"
"POINT (10.018619869000077 53.491484021000076)","Unfall 137798 (2021) Kat:3, Licht: 0","137798","3","7","0","08","11","1","","0","1","0","0","0"
"POINT (9.944375793000063 53.575312832000066)","Unfall 137799 (2021) Kat:3, Licht: 0","137799","3","6","2","06","20","6","","0","0","1","0","1"
"POINT (10.140604025000073 53.529843405000065)","Unfall 137800 (2021) Kat:3, Licht: 0","137800","3","6","1","06","11","4","","0","0","1","0","0"
"POINT (10.011944295000035 53.646810431000063)","Unfall 137801 (2021) Kat:3, Licht: 0","137801","3","6","3","07","11","5","","0","0","1","0","1"
"POINT (9.933679633000054 53.621468281000034)","Unfall 137802 (2021) Kat:3, Licht: 0","137802","3","3","5","05","10","7","","0","0","1","0","0"
"POINT (10.108001208000076 53.530053835000047)","Unfall 137803 (2021) Kat:3, Licht: 1","137803","3","3","5","05","18","6","","1","0","1","0","0"
"POINT (9.983718215000067 53.557694036000044)","Unfall 137804 (2021) Kat:3, Licht: 0","137804","3","2","4","07","17","6","","0","0","1","0","0"
"POINT (9.905213690000039 53.611156870000059)","Unfall 137805 (2021) Kat:3, Licht: 0","137805","3","6","2","05","07","6","","0","0","1","0","0"
"POINT (10.126695737000034 53.603780926000070)","Unfall 137806 (2021) Kat:3, Licht: 0","137806","3","2","4","06","11","3","","0","0","1","0","0"
"POINT (9.921529697000040 53.555988346000049)","Unfall 137807 (2021) Kat:3, Licht: 1","137807","3","2","5","07","21","3","","1","1","1","0","0"
"POINT (9.861540889000025 53.469629042000065)","Unfall 137808 (2021) Kat:3, Licht: 2","137808","3","7","0","06","23","1","","2","0","0","0","0"
"POINT (9.983952550000026 53.579246516000069)","Unfall 137809 (2021) Kat:3, Licht: 0","137809","3","3","5","07","09","4","","0","1","1","0","0"
"POINT (10.308242341000039 53.435717954000040)","Unfall 137810 (2021) Kat:3, Licht: 0","137810","3","6","2","06","09","7","","0","1","0","0","0"
"POINT (9.976945596000064 53.420119909000050)","Unfall 137811 (2021) Kat:3, Licht: 0","137811","3","6","2","07","13","6","","0","0","1","0","0"
"POINT (9.988206358000070 53.594865065000079)","Unfall 137812 (2021) Kat:3, Licht: 0","137812","3","5","1","07","17","1","","0","1","1","0","0"
"POINT (10.110347500000046 53.467767071000026)","Unfall 137813 (2021) Kat:3, Licht: 0","137813","3","1","8","06","19","2","","0","0","1","0","0"
"POINT (10.044329747000063 53.592955317000076)","Unfall 137814 (2021) Kat:3, Licht: 0","137814","3","2","5","06","15","5","","0","1","1","0","0"
"POINT (9.952140656000040 53.461300935000054)","Unfall 137815 (2021) Kat:3, Licht: 0","137815","3","5","1","07","07","3","","0","1","1","0","0"
"POINT (9.968074612000066 53.636761568000054)","Unfall 137816 (2021) Kat:3, Licht: 0","137816","3","7","3","05","07","3","","0","0","1","0","0"
"POINT (9.975373202000071 53.511992474000067)","Unfall 137817 (2021) Kat:2, Licht: 0","137817","2","6","2","07","15","4","","0","0","1","0","0"
"POINT (9.969160596000052 53.573504668000055)","Unfall 137818 (2021) Kat:3, Licht: 0","137818","3","7","0","06","18","1","","0","1","0","0","0"
"POINT (10.104326092000065 53.539048501000082)","Unfall 137819 (2021) Kat:3, Licht: 0","137819","3","6","2","05","13","4","","0","0","1","0","0"
"POINT (10.229265803000033 53.445015085000080)","Unfall 137820 (2021) Kat:3, Licht: 0","137820","3","4","6","07","12","2","","0","0","1","1","0"
"POINT (9.794004511000026 53.533855664000043)","Unfall 137821 (2021) Kat:3, Licht: 0","137821","3","4","6","06","17","4","","0","0","1","1","0"
"POINT (10.070423543000061 53.612097685000037)","Unfall 137822 (2021) Kat:3, Licht: 0","137822","3","6","4","05","15","3","","0","0","1","0","0"
"POINT (10.039524262000043 53.608279885000059)","Unfall 137823 (2021) Kat:3, Licht: 0","137823","3","6","2","06","11","2","","0","0","1","0","0"
"POINT (10.196113987000047 53.512013687000035)","Unfall 137824 (2021) Kat:3, Licht: 0","137824","3","7","0","06","14","7","","0","1","0","0","0"
"POINT (10.011904189000063 53.494535895000070)","Unfall 137825 (2021) Kat:3, Licht: 0","137825","3","6","2","06","14","6","","0","0","1","0","0"
"POINT (10.045944653000049 53.611420580000072)","Unfall 137826 (2021) Kat:3, Licht: 0","137826","3","3","5","07","14","5","","0","0","1","0","0"
"POINT (9.904167459000064 53.592920723000077)","Unfall 137827 (2021) Kat:3, Licht: 0","137827","3","6","2","07","16","5","","0","0","1","0","0"
"POINT (10.026935660000049 53.606306715000073)","Unfall 137828 (2021) Kat:3, Licht: 0","137828","3","6","2","06","06","2","","0","0","1","0","0"
"POINT (10.103329708000047 53.577127771000050)","Unfall 137829 (2021) Kat:3, Licht: 0","137829","3","3","5","06","15","3","","0","1","1","0","0"
"POINT (10.161937148000050 53.608369543000038)","Unfall 137830 (2021) Kat:3, Licht: 0","137830","3","5","1","07","11","2","","0","0","1","0","0"
"POINT (10.044046463000029 53.591550508000068)","Unfall 137831 (2021) Kat:3, Licht: 0","137831","3","4","6","05","19","7","","0","0","0","1","0"
"POINT (9.893658086000073 53.573325799000031)","Unfall 137832 (2021) Kat:3, Licht: 0","137832","3","6","3","06","15","6","","0","0","1","0","0"
"POINT (9.955769338000039 53.451500283000030)","Unfall 137833 (2021) Kat:3, Licht: 0","137833","3","1","8","07","18","1","","0","0","1","0","0"
"POINT (9.947607428000026 53.577499143000068)","Unfall 137834 (2021) Kat:3, Licht: 0","137834","3","2","6","06","11","4","","0","0","1","1","0"
"POINT (9.879588611000031 53.568902463000029)","Unfall 137835 (2021) Kat:3, Licht: 2","137835","3","7","0","08","02","3","","2","0","0","1","0"
"POINT (10.051988046000076 53.555325325000069)","Unfall 137836 (2021) Kat:3, Licht: 0","137836","3","6","2","06","13","6","","0","0","0","0","0"
"POINT (10.064784109000072 53.554029263000075)","Unfall 137837 (2021) Kat:3, Licht: 0","137837","3","6","3","06","08","6","","0","0","1","0","1"
"POINT (10.048762982000028 53.575805241000069)","Unfall 137838 (2021) Kat:3, Licht: 0","137838","3","5","1","07","15","6","","0","1","1","0","0"
"POINT (10.060894928000039 53.570414423000045)","Unfall 137839 (2021) Kat:3, Licht: 0","137839","3","3","5","05","14","2","","0","1","1","0","0"
"POINT (10.029986030000032 53.571303845000045)","Unfall 137840 (2021) Kat:3, Licht: 0","137840","3","3","5","06","15","4","","0","1","1","0","0"
"POINT (10.013744339000027 53.599959930000068)","Unfall 137841 (2021) Kat:3, Licht: 0","137841","3","3","5","06","10","3","","0","0","1","0","0"
"POINT (9.988351382000076 53.583946409000077)","Unfall 137842 (2021) Kat:2, Licht: 2","137842","2","7","0","07","22","7","","2","0","0","0","0"
"POINT (10.153603723000060 53.589469764000057)","Unfall 137843 (2021) Kat:3, Licht: 0","137843","3","7","6","05","09","6","","0","1","0","1","0"
"POINT (10.036342225000055 53.591184837000071)","Unfall 137844 (2021) Kat:3, Licht: 0","137844","3","7","0","06","09","5","","0","1","0","0","0"
"POINT (10.076072004000025 53.611847379000039)","Unfall 137845 (2021) Kat:3, Licht: 0","137845","3","3","5","07","13","2","","0","1","1","0","0"
"POINT (9.972536882000043 53.566525321000029)","Unfall 137846 (2021) Kat:3, Licht: 0","137846","3","2","2","07","18","5","","0","0","1","0","1"
"POINT (10.080275039000071 53.608357224000031)","Unfall 137847 (2021) Kat:3, Licht: 0","137847","3","2","4","07","14","6","","0","0","1","0","0"
"POINT (10.170933221000041 53.516566654000030)","Unfall 137848 (2021) Kat:3, Licht: 0","137848","3","3","5","06","20","1","","0","0","1","0","1"
"POINT (9.971270862000040 53.581667256000060)","Unfall 137849 (2021) Kat:2, Licht: 0","137849","2","7","0","08","14","2","","0","1","0","0","0"
"POINT (10.105122059000053 53.653403309000055)","Unfall 137850 (2021) Kat:3, Licht: 0","137850","3","3","5","07","11","2","","0","1","1","0","0"
"POINT (9.994730255000036 53.557461647000082)","Unfall 137851 (2021) Kat:3, Licht: 2","137851","3","6","3","06","00","6","","2","0","1","0","0"
"POINT (10.082560008000030 53.521361331000037)","Unfall 137852 (2021) Kat:3, Licht: 0","137852","3","6","2","06","13","3","","0","0","1","0","0"
"POINT (9.986788618000048 53.547848039000030)","Unfall 137853 (2021) Kat:3, Licht: 0","137853","3","3","5","07","08","4","","0","1","1","0","0"
"POINT (10.067343349000055 53.599689068000032)","Unfall 137854 (2021) Kat:3, Licht: 0","137854","3","2","1","05","17","4","","0","0","1","0","0"
"POINT (10.169258093000053 53.514310439000042)","Unfall 137855 (2021) Kat:3, Licht: 0","137855","3","3","5","06","14","7","","0","0","1","0","0"
"POINT (9.956476969000050 53.443158946000040)","Unfall 137856 (2021) Kat:3, Licht: 0","137856","3","3","5","05","18","5","","0","1","1","0","0"
"POINT (10.034091829000033 53.596785771000043)","Unfall 137857 (2021) Kat:3, Licht: 0","137857","3","2","5","07","12","6","","0","1","0","0","0"
"POINT (9.981849282000042 53.573389027000076)","Unfall 137858 (2021) Kat:3, Licht: 0","137858","3","7","3","05","07","5","","0","0","1","0","0"
"POINT (10.124761092000028 53.571187909000059)","Unfall 137859 (2021) Kat:3, Licht: 0","137859","3","6","2","08","09","4","","0","0","1","0","0"
"POINT (9.988413573000059 53.585541637000063)","Unfall 137860 (2021) Kat:3, Licht: 0","137860","3","3","5","06","14","3","","0","0","0","0","0"
"POINT (10.000897883000050 53.589507224000045)","Unfall 137861 (2021) Kat:3, Licht: 0","137861","3","3","5","06","18","1","","0","0","1","0","1"
"POINT (9.988637407000056 53.572478330000081)","Unfall 137862 (2021) Kat:3, Licht: 0","137862","3","6","2","06","09","4","","0","0","1","0","0"
"POINT (10.103314213000033 53.539574016000074)","Unfall 137863 (2021) Kat:3, Licht: 0","137863","3","6","2","05","17","2","","0","0","1","0","0"
"POINT (9.998062747000063 53.549851494000052)","Unfall 137864 (2021) Kat:3, Licht: 0","137864","3","7","0","07","17","7","","0","0","1","0","0"
"POINT (10.186015513000029 53.477673856000081)","Unfall 137865 (2021) Kat:3, Licht: 0","137865","3","3","5","05","07","6","","0","1","1","0","0"
"POINT (9.929291801000034 53.585152932000028)","Unfall 137866 (2021) Kat:3, Licht: 0","137866","3","3","5","06","08","5","","0","1","0","0","0"
"POINT (9.967437773000029 53.537132554000038)","Unfall 137867 (2021) Kat:2, Licht: 0","137867","2","7","0","07","16","5","","0","0","0","0","1"
"POINT (9.945615719000045 53.556938045000038)","Unfall 137868 (2021) Kat:3, Licht: 0","137868","3","3","5","06","15","3","","0","0","1","0","1"
"POINT (9.992056892000051 53.505456543000037)","Unfall 137869 (2021) Kat:3, Licht: 1","137869","3","6","2","05","22","7","","1","0","1","0","0"
"POINT (9.962484242000073 53.561372290000065)","Unfall 137870 (2021) Kat:3, Licht: 0","137870","3","6","3","07","10","6","","0","1","1","0","0"
"POINT (10.162423593000028 53.646619907000058)","Unfall 137871 (2021) Kat:3, Licht: 0","137871","3","5","1","06","13","2","","0","0","1","0","0"
"POINT (9.937237168000024 53.590776743000049)","Unfall 137872 (2021) Kat:3, Licht: 2","137872","3","3","5","08","22","2","","2","1","0","0","0"
"POINT (9.964397731000076 53.568085910000036)","Unfall 137873 (2021) Kat:3, Licht: 0","137873","3","6","3","06","10","6","","0","1","1","0","0"
"POINT (10.105619129000047 53.570273828000040)","Unfall 137874 (2021) Kat:3, Licht: 0","137874","3","6","2","06","10","4","","0","0","1","0","1"
"POINT (10.188771955000050 53.502544084000078)","Unfall 137875 (2021) Kat:3, Licht: 0","137875","3","3","5","07","19","5","","0","1","1","0","0"
"POINT (10.023550187000069 53.558199967000064)","Unfall 137876 (2021) Kat:3, Licht: 0","137876","3","2","5","05","14","6","","0","1","1","0","0"
"POINT (10.137206453000033 53.607986320000066)","Unfall 137877 (2021) Kat:3, Licht: 0","137877","3","3","5","05","08","6","","0","0","1","0","0"
"POINT (10.191600995000044 53.495924195000043)","Unfall 137878 (2021) Kat:3, Licht: 0","137878","3","3","5","07","14","5","","0","1","1","0","0"
"POINT (9.889567377000049 53.601368556000068)","Unfall 137879 (2021) Kat:3, Licht: 0","137879","3","6","3","05","16","6","","0","1","0","0","0"
"POINT (10.074950569000066 53.574588155000072)","Unfall 137880 (2021) Kat:2, Licht: 0","137880","2","2","4","06","18","3","","0","0","1","0","0"
"POINT (10.106366781000077 53.557392903000050)","Unfall 137881 (2021) Kat:3, Licht: 0","137881","3","5","0","07","19","1","","0","1","1","0","0"
"POINT (9.978285405000065 53.544102561000045)","Unfall 137882 (2021) Kat:3, Licht: 2","137882","3","6","3","06","21","1","","2","0","1","0","1"
"POINT (9.793376438000053 53.562461366000036)","Unfall 137883 (2021) Kat:3, Licht: 2","137883","3","6","3","05","21","2","","2","1","1","0","0"
"POINT (10.187490537000031 53.510189083000057)","Unfall 137884 (2021) Kat:3, Licht: 0","137884","3","7","0","06","13","6","","0","1","0","0","0"
"POINT (9.955530108000062 53.549862220000080)","Unfall 137885 (2021) Kat:3, Licht: 2","137885","3","4","6","07","23","7","","2","0","1","1","0"
"POINT (10.111007902000040 53.623597395000047)","Unfall 137886 (2021) Kat:3, Licht: 0","137886","3","2","4","07","08","7","","0","0","1","0","0"
"POINT (9.981902781000031 53.559882882000068)","Unfall 137887 (2021) Kat:3, Licht: 0","137887","3","6","4","06","17","3","","0","1","0","0","0"
"POINT (10.021262269000033 53.509506835000082)","Unfall 137888 (2021) Kat:3, Licht: 0","137888","3","3","5","06","12","5","","0","0","1","0","0"
"POINT (10.001049828000021 53.455144846000053)","Unfall 137889 (2021) Kat:3, Licht: 0","137889","3","6","4","07","09","4","","0","0","1","0","0"
"POINT (9.971378328000071 53.571116015000030)","Unfall 137890 (2021) Kat:3, Licht: 0","137890","3","2","5","05","13","3","","0","0","1","0","1"
"POINT (10.001197901000069 53.567317426000045)","Unfall 137891 (2021) Kat:2, Licht: 0","137891","2","2","3","07","08","4","","0","1","0","0","0"
"POINT (9.993942608000054 53.579576320000058)","Unfall 137892 (2021) Kat:3, Licht: 0","137892","3","3","5","06","19","1","","0","0","1","0","1"
"POINT (9.987262570000041 53.493185587000028)","Unfall 137893 (2021) Kat:2, Licht: 0","137893","2","7","0","05","20","3","","0","1","0","0","0"
"POINT (10.004214121000075 53.553828004000081)","Unfall 137894 (2021) Kat:3, Licht: 0","137894","3","6","2","07","13","4","","0","0","1","0","0"
"POINT (9.983439715000031 53.564135987000043)","Unfall 137895 (2021) Kat:3, Licht: 0","137895","3","7","0","06","09","5","","0","1","0","0","0"
"POINT (9.916562386000066 53.642056734000050)","Unfall 137896 (2021) Kat:3, Licht: 0","137896","3","3","5","05","14","4","","0","0","1","0","0"
"POINT (9.866451696000070 53.599283723000042)","Unfall 137897 (2021) Kat:3, Licht: 0","137897","3","7","6","08","17","5","","0","0","1","1","0"
"POINT (9.958738216000029 53.596475645000055)","Unfall 137898 (2021) Kat:3, Licht: 0","137898","3","6","0","06","18","2","","0","1","1","0","0"
"POINT (10.038317472000074 53.547574218000079)","Unfall 137899 (2021) Kat:3, Licht: 0","137899","3","3","5","06","18","7","","0","0","1","0","0"
"POINT (9.986967265000033 53.451803225000049)","Unfall 137900 (2021) Kat:3, Licht: 1","137900","3","6","1","06","21","6","","1","0","1","0","0"
"POINT (10.025489795000055 53.551770582000074)","Unfall 137901 (2021) Kat:3, Licht: 0","137901","3","3","5","07","08","5","","0","1","1","0","0"
"POINT (9.758331508000026 53.582501697000055)","Unfall 137902 (2021) Kat:3, Licht: 0","137902","3","2","6","07","09","5","","0","0","1","1","0"
"POINT (10.122445889000062 53.482880276000060)","Unfall 137903 (2021) Kat:3, Licht: 0","137903","3","5","1","06","18","7","","0","1","1","0","0"
"POINT (10.026200969000058 53.629404324000063)","Unfall 137904 (2021) Kat:3, Licht: 0","137904","3","2","5","06","20","3","","0","1","1","0","0"
"POINT (10.124797211000043 53.571242974000029)","Unfall 137905 (2021) Kat:3, Licht: 0","137905","3","6","2","07","10","2","","0","0","1","0","0"
"POINT (9.988652902000069 53.450667946000067)","Unfall 137906 (2021) Kat:3, Licht: 0","137906","3","3","5","05","06","7","","0","0","1","0","0"
"POINT (9.962226816000054 53.549457780000068)","Unfall 137907 (2021) Kat:3, Licht: 0","137907","3","2","2","06","08","6","","0","1","1","0","0"
"POINT (9.995947160000071 53.477639819000046)","Unfall 137908 (2021) Kat:3, Licht: 0","137908","3","7","0","07","08","7","","0","0","0","0","0"
"POINT (10.024808055000051 53.604223481000076)","Unfall 137909 (2021) Kat:3, Licht: 0","137909","3","2","3","06","07","3","","0","1","1","0","0"
"POINT (10.058299932000068 53.590411520000032)","Unfall 137910 (2021) Kat:3, Licht: 0","137910","3","6","2","08","15","4","","0","0","1","0","0"
"POINT (10.081676898000069 53.578657382000074)","Unfall 137911 (2021) Kat:2, Licht: 0","137911","2","3","5","06","09","6","","0","1","0","0","0"
"POINT (9.935880312000052 53.555809363000037)","Unfall 137912 (2021) Kat:2, Licht: 0","137912","2","1","8","06","15","6","","0","0","1","0","0"
"POINT (10.056881964000070 53.580688507000048)","Unfall 137913 (2021) Kat:3, Licht: 0","137913","3","4","6","07","12","5","","0","0","1","1","0"
"POINT (9.990150211000071 53.561148288000027)","Unfall 137914 (2021) Kat:2, Licht: 0","137914","2","4","0","05","20","3","","0","0","0","1","0"
"POINT (10.082331897000074 53.538459158000080)","Unfall 137915 (2021) Kat:3, Licht: 0","137915","3","3","0","05","17","2","","0","1","1","0","0"
"POINT (9.985205195000049 53.456757615000072)","Unfall 137916 (2021) Kat:3, Licht: 0","137916","3","3","5","05","16","2","","0","0","1","0","1"
"POINT (10.119726216000061 53.603203568000026)","Unfall 137917 (2021) Kat:3, Licht: 0","137917","3","6","2","07","12","5","","0","0","1","0","0"
"POINT (9.947660516000042 53.560891989000027)","Unfall 137918 (2021) Kat:3, Licht: 0","137918","3","3","5","05","13","6","","0","1","0","0","1"
"POINT (10.132105865000028 53.618362306000051)","Unfall 137919 (2021) Kat:3, Licht: 0","137919","3","7","0","06","18","4","","0","1","0","0","0"
"POINT (10.161895164000043 53.619487176000064)","Unfall 137920 (2021) Kat:3, Licht: 0","137920","3","6","2","07","12","2","","0","0","1","0","0"
"POINT (9.985226482000030 53.549173088000032)","Unfall 137921 (2021) Kat:3, Licht: 0","137921","3","7","0","06","17","2","","0","1","0","0","0"
"POINT (9.941302272000030 53.549327110000036)","Unfall 137922 (2021) Kat:3, Licht: 0","137922","3","5","1","05","11","7","","0","1","1","0","0"
"POINT (9.978106519000050 53.554490964000081)","Unfall 137923 (2021) Kat:3, Licht: 0","137923","3","7","0","07","14","7","","0","1","0","0","0"
"POINT (9.906971002000034 53.622937663000073)","Unfall 137924 (2021) Kat:3, Licht: 0","137924","3","3","5","06","07","2","","0","1","0","0","0"
"POINT (10.013518038000029 53.551617168000064)","Unfall 137925 (2021) Kat:2, Licht: 0","137925","2","2","6","08","12","1","","0","0","1","1","0"
"POINT (9.904257405000067 53.593197681000049)","Unfall 137926 (2021) Kat:3, Licht: 0","137926","3","2","4","07","07","2","","0","1","0","0","0"
"POINT (10.184855439000046 53.486580638000078)","Unfall 137927 (2021) Kat:3, Licht: 0","137927","3","2","4","06","12","5","","0","0","1","0","0"
"POINT (9.902788533000034 53.631275417000040)","Unfall 137928 (2021) Kat:3, Licht: 0","137928","3","1","1","06","19","4","","0","0","1","0","0"
"POINT (10.138971222000066 53.695575762000033)","Unfall 137929 (2021) Kat:2, Licht: 0","137929","2","7","0","07","16","3","","0","1","0","0","0"
"POINT (10.028195877000030 53.626062677000050)","Unfall 137930 (2021) Kat:3, Licht: 0","137930","3","6","2","05","14","6","","0","0","1","0","0"
"POINT (10.115783760000056 53.488100003000056)","Unfall 137931 (2021) Kat:3, Licht: 0","137931","3","3","4","06","12","7","","0","0","1","0","1"
"POINT (10.081352633000051 53.579794593000031)","Unfall 137932 (2021) Kat:3, Licht: 0","137932","3","2","4","05","12","7","","0","0","1","0","1"
"POINT (10.156036060000076 53.596626827000080)","Unfall 137933 (2021) Kat:3, Licht: 2","137933","3","3","6","07","22","4","","2","0","1","1","0"
"POINT (10.122224426000059 53.585201722000079)","Unfall 137934 (2021) Kat:3, Licht: 0","137934","3","3","5","05","10","5","","0","1","0","0","0"
"POINT (9.919220138000071 53.634563678000063)","Unfall 137935 (2021) Kat:3, Licht: 0","137935","3","5","1","06","10","4","","0","0","1","0","1"
"POINT (9.999651134000032 53.591205657000046)","Unfall 137936 (2021) Kat:3, Licht: 0","137936","3","7","0","06","10","7","","0","1","0","0","0"
"POINT (9.982665049000047 53.584280615000068)","Unfall 137937 (2021) Kat:3, Licht: 0","137937","3","5","1","06","13","1","","0","1","1","0","0"
"POINT (10.101128092000067 53.441039031000059)","Unfall 137938 (2021) Kat:3, Licht: 0","137938","3","2","4","07","19","5","","0","1","1","0","0"
"POINT (10.003481347000047 53.554185072000053)","Unfall 137939 (2021) Kat:2, Licht: 1","137939","2","1","0","07","05","1","","1","1","0","0","0"
"POINT (10.041763850000052 53.580599365000069)","Unfall 137940 (2021) Kat:3, Licht: 0","137940","3","6","2","06","17","3","","0","0","1","0","0"
"POINT (9.961919111000043 53.465057878000039)","Unfall 137941 (2021) Kat:3, Licht: 1","137941","3","7","4","06","05","5","","1","0","1","0","0"
"POINT (10.147318641000027 53.620280954000066)","Unfall 137942 (2021) Kat:3, Licht: 2","137942","3","5","1","07","01","1","","2","0","1","0","0"
"POINT (10.245269750000034 53.429337298000064)","Unfall 137943 (2021) Kat:3, Licht: 2","137943","3","1","8","05","00","2","","2","0","0","0","1"
"POINT (10.100373672000046 53.584732659000053)","Unfall 137944 (2021) Kat:3, Licht: 0","137944","3","6","3","06","06","6","","0","0","1","0","1"
"POINT (10.007927230000064 53.611368806000030)","Unfall 137945 (2021) Kat:3, Licht: 0","137945","3","7","0","05","16","2","","0","1","0","0","0"
"POINT (9.762142720000043 53.582080579000035)","Unfall 137946 (2021) Kat:3, Licht: 0","137946","3","5","1","05","15","5","","0","0","1","0","0"
"POINT (10.063979238000059 53.554130668000028)","Unfall 137947 (2021) Kat:3, Licht: 0","137947","3","1","8","07","05","2","","0","0","1","0","0"
"POINT (9.928912116000049 53.546381263000058)","Unfall 137948 (2021) Kat:3, Licht: 0","137948","3","2","4","06","16","5","","0","0","1","0","1"
"POINT (9.997531632000062 53.578607195000075)","Unfall 137949 (2021) Kat:3, Licht: 0","137949","3","3","5","05","12","4","","0","0","1","0","0"
"POINT (9.983897152000054 53.564590687000077)","Unfall 137950 (2021) Kat:3, Licht: 0","137950","3","4","0","08","15","3","","0","0","0","1","0"
"POINT (9.993599365000023 53.558765554000047)","Unfall 137951 (2021) Kat:3, Licht: 0","137951","3","6","3","06","08","2","","0","0","1","0","0"
"POINT (10.023734980000029 53.558405702000073)","Unfall 137952 (2021) Kat:3, Licht: 0","137952","3","3","5","06","17","6","","0","0","1","0","0"
"POINT (10.092785481000021 53.546391125000071)","Unfall 137953 (2021) Kat:3, Licht: 0","137953","3","4","0","05","17","2","","0","0","0","1","0"
"POINT (10.057575759000031 53.564327974000037)","Unfall 137954 (2021) Kat:3, Licht: 0","137954","3","3","5","07","11","3","","0","1","1","0","0"
"POINT (10.025091888000077 53.569068129000073)","Unfall 137955 (2021) Kat:3, Licht: 0","137955","3","6","5","07","18","6","","0","1","0","0","0"
"POINT (9.925915284000041 53.478081784000040)","Unfall 137956 (2021) Kat:3, Licht: 0","137956","3","6","2","06","18","1","","0","0","1","0","0"
"POINT (10.013358632000063 53.595347347000029)","Unfall 137957 (2021) Kat:3, Licht: 2","137957","3","7","0","06","03","7","","2","1","0","0","0"
"POINT (9.889553874000057 53.557422463000080)","Unfall 137958 (2021) Kat:3, Licht: 0","137958","3","7","0","06","16","4","","0","1","1","0","0"