WKT,Name,OBJECTID,UKATEGORIE,UTYP1,UART,UMONAT,USTUNDE,UWOCHENTAG,STRZUSTAND,ULICHTVERH,ISTRAD,ISTPKW,ISTFUSS,ISTKRAD
"POINT (10.029591444000062 53.585074416000054)","Unfall 137959 (2021) Kat:3, Licht: 0","137959","3","2","3","06","11","7","","0","1","1","0","0"
"POINT (9.903391059000057 53.513051078000046)","Unfall 137960 (2021) Kat:3, Licht: 0","137960","3","1","8","07","18","7","","0","0","1","0","0"
"POINT (10.104474953000022 53.512678635000043)","Unfall 137961 (2021) Kat:2, Licht: 0","137961","2","2","5","07","17","1","","0","1","1","0","0"
"POINT (9.966366720000053 53.512149116000046)","Unfall 137962 (2021) Kat:3, Licht: 0","137962","3","2","3","06","18","3","","0","1","1","0","0"
"POINT (10.098263095000050 53.591495937000047)","Unfall 137963 (2021) Kat:3, Licht: 0","137963","3","7","0","06","16","5","","0","1","0","0","0"
"POINT (10.003849151000054 53.557100818000038)","Unfall 137964 (2021) Kat:3, Licht: 0","137964","3","7","0","07","09","2","","0","1","0","0","0"
"POINT (9.980985991000068 53.567011495000031)","Unfall 137965 (2021) Kat:3, Licht: 0","137965","3","3","5","05","16","4","","0","0","1","0","0"
"POINT (10.105491919000031 53.590432734000046)","Unfall 137966 (2021) Kat:3, Licht: 0","137966","3","6","2","06","17","7","","0","0","1","0","0"
"POINT (10.114548510000077 53.614710075000062)","Unfall 137967 (2021) Kat:3, Licht: 0","137967","3","5","1","05","16","3","","0","0","1","0","0"
"POINT (10.005698193000057 53.556210946000078)","Unfall 137968 (2021) Kat:3, Licht: 2","137968","3","7","6","07","00","4","","2","0","1","1","0"
"POINT (10.155582221000031 53.614493290000041)","Unfall 137969 (2021) Kat:3, Licht: 0","137969","3","6","2","06","19","4","","0","0","1","0","0"
"POINT (10.090136125000072 53.510500693000040)","Unfall 137970 (2021) Kat:3, Licht: 0","137970","3","6","3","05","07","3","","0","0","1","0","0"
"POINT (9.973705418000065 53.611836522000033)","Unfall 137971 (2021) Kat:3, Licht: 0","137971","3","2","3","08","16","4","","0","1","0","0","0"
"POINT (10.203158514000052 53.498107405000042)","Unfall 137972 (2021) Kat:2, Licht: 0","137972","2","3","5","06","14","2","","0","1","1","0","0"
"POINT (9.904673543000058 53.482105642000079)","Unfall 137973 (2021) Kat:3, Licht: 0","137973","3","3","5","06","15","6","","0","0","0","0","0"
"POINT (10.137329260000058 53.574893838000037)","Unfall 137974 (2021) Kat:3, Licht: 0","137974","3","3","5","05","17","5","","0","1","1","0","0"
"POINT (9.952181193000058 53.632786261000035)","Unfall 137975 (2021) Kat:3, Licht: 0","137975","3","7","0","07","18","6","","0","1","0","0","0"
"POINT (10.114064536000058 53.541357404000053)","Unfall 137976 (2021) Kat:3, Licht: 0","137976","3","3","0","07","19","5","","0","0","1","0","0"
"POINT (9.945557493000024 53.556936026000074)","Unfall 137977 (2021) Kat:3, Licht: 0","137977","3","3","5","06","14","2","","0","0","0","0","0"
"POINT (9.988690821000034 53.566340241000034)","Unfall 137978 (2021) Kat:3, Licht: 0","137978","3","2","4","06","20","4","","0","0","1","0","0"
"POINT (10.211337180000044 53.483194713000046)","Unfall 137979 (2021) Kat:3, Licht: 0","137979","3","5","1","07","12","7","","0","0","1","0","0"
"POINT (10.122806374000049 53.596791360000054)","Unfall 137980 (2021) Kat:3, Licht: 0","137980","3","5","1","05","14","1","","0","1","1","0","0"
"POINT (10.130351203000032 53.670827986000063)","Unfall 137981 (2021) Kat:3, Licht: 0","137981","3","3","6","06","07","6","","0","1","0","1","0"
"POINT (9.986592868000059 53.552054675000079)","Unfall 137982 (2021) Kat:3, Licht: 0","137982","3","2","3","07","20","2","","0","1","1","0","0"
"POINT (9.982323816000076 53.469080524000049)","Unfall 137983 (2021) Kat:3, Licht: 0","137983","3","7","0","06","06","4","","0","0","0","0","1"
"POINT (9.817012480000074 53.582700920000036)","Unfall 137984 (2021) Kat:3, Licht: 0","137984","3","5","1","08","15","1","","0","1","1","0","0"
"POINT (9.972391240000036 53.576553888000035)","Unfall 137985 (2021) Kat:3, Licht: 2","137985","3","5","1","06","00","7","","2","1","1","0","0"
"POINT (10.055028838000055 53.633382074000053)","Unfall 137986 (2021) Kat:3, Licht: 0","137986","3","5","1","06","09","6","","0","1","1","0","0"
"POINT (10.140358450000065 53.624385493000034)","Unfall 137987 (2021) Kat:3, Licht: 0","137987","3","2","4","07","15","5","","0","0","1","0","1"
"POINT (10.003102363000039 53.541963221000060)","Unfall 137988 (2021) Kat:3, Licht: 0","137988","3","2","5","05","16","2","","0","0","1","0","0"
"POINT (9.955678224000053 53.464600123000082)","Unfall 137989 (2021) Kat:3, Licht: 0","137989","3","6","2","06","18","6","","0","0","1","0","0"
"POINT (9.928948391000063 53.592256576000068)","Unfall 137990 (2021) Kat:3, Licht: 2","137990","3","3","5","05","00","1","","2","1","1","0","0"
"POINT (9.950480513000059 53.564785028000074)","Unfall 137991 (2021) Kat:3, Licht: 0","137991","3","3","6","07","18","6","","0","1","0","1","0"
"POINT (10.117499358000032 53.533920744000056)","Unfall 137992 (2021) Kat:3, Licht: 2","137992","3","3","5","05","22","5","","2","1","1","0","0"
"POINT (9.971844957000030 53.559765655000035)","Unfall 137993 (2021) Kat:2, Licht: 0","137993","2","7","0","06","19","5","","0","1","0","0","0"
"POINT (9.914460384000051 53.558077758000081)","Unfall 137994 (2021) Kat:3, Licht: 0","137994","3","6","3","07","14","1","","0","1","1","0","0"
"POINT (10.008368029000053 53.553699869000070)","Unfall 137995 (2021) Kat:3, Licht: 2","137995","3","7","0","06","23","1","","2","1","0","0","0"
"POINT (9.991467629000056 53.557026010000072)","Unfall 137996 (2021) Kat:3, Licht: 2","137996","3","6","2","05","22","7","","2","0","1","0","0"
"POINT (10.006394186000023 53.547996654000031)","Unfall 137997 (2021) Kat:3, Licht: 0","137997","3","6","4","07","16","6","","0","1","0","0","0"
"POINT (9.928076578000059 53.556831954000074)","Unfall 137998 (2021) Kat:3, Licht: 0","137998","3","6","2","06","15","2","","0","1","1","0","0"
"POINT (9.933869928000036 53.544939261000081)","Unfall 137999 (2021) Kat:3, Licht: 2","137999","3","1","0","07","00","7","","2","0","0","0","0"
"POINT (10.022119784000040 53.618925055000034)","Unfall 138000 (2021) Kat:3, Licht: 0","138000","3","3","5","07","09","2","","0","1","1","0","0"
"POINT (10.089811922000024 53.554034767000076)","Unfall 138001 (2021) Kat:3, Licht: 0","138001","3","3","5","06","06","5","","0","0","1","0","0"
"POINT (9.879152660000045 53.561674824000079)","Unfall 138002 (2021) Kat:3, Licht: 0","138002","3","7","0","06","11","4","","0","1","1","0","0"
"POINT (10.176962869000022 53.604312646000039)","Unfall 138003 (2021) Kat:3, Licht: 0","138003","3","3","5","05","18","7","","0","1","1","0","0"
"POINT (9.989426101000049 53.558094109000081)","Unfall 138004 (2021) Kat:3, Licht: 0","138004","3","6","3","07","17","3","","0","0","1","0","0"
"POINT (10.002044562000037 53.463132596000037)","Unfall 138005 (2021) Kat:3, Licht: 0","138005","3","6","2","05","15","4","","0","0","1","0","0"
"POINT (10.015562232000036 53.636096208000026)","Unfall 138006 (2021) Kat:3, Licht: 1","138006","3","7","0","05","04","7","","1","1","0","0","0"
"POINT (9.880593014000056 53.572100693000039)","Unfall 138007 (2021) Kat:3, Licht: 0","138007","3","6","2","07","12","4","","0","1","1","0","0"
"POINT (10.003500451000036 53.579533859000037)","Unfall 138008 (2021) Kat:3, Licht: 0","138008","3","3","5","06","07","5","","0","1","0","0","0"
"POINT (9.983007175000068 53.556715658000030)","Unfall 138009 (2021) Kat:3, Licht: 0","138009","3","7","0","05","13","5","","0","1","0","0","0"
"POINT (10.207778964000056 53.480463405000080)","Unfall 138010 (2021) Kat:3, Licht: 0","138010","3","6","3","08","15","4","","0","0","1","0","0"
"POINT (9.999681778000024 53.576460622000070)","Unfall 138011 (2021) Kat:3, Licht: 0","138011","3","2","3","06","21","3","","0","1","0","0","0"
"POINT (10.041390777000061 53.587065768000059)","Unfall 138012 (2021) Kat:3, Licht: 0","138012","3","7","0","06","13","7","","0","1","0","0","0"
"POINT (9.881568313000059 53.556020629000045)","Unfall 138013 (2021) Kat:3, Licht: 2","138013","3","5","1","06","02","1","","2","1","1","0","0"
"POINT (9.977558815000066 53.555954653000072)","Unfall 138014 (2021) Kat:3, Licht: 2","138014","3","6","3","07","00","5","","2","1","0","0","1"
"POINT (10.211857660000021 53.504268168000067)","Unfall 138015 (2021) Kat:3, Licht: 0","138015","3","3","5","07","18","5","","0","1","1","0","0"
"POINT (9.948028594000050 53.549068760000068)","Unfall 138016 (2021) Kat:3, Licht: 0","138016","3","3","4","06","17","1","","0","0","1","0","0"
"POINT (10.021846671000048 53.661150530000043)","Unfall 138017 (2021) Kat:3, Licht: 0","138017","3","2","6","06","19","5","","0","0","1","1","0"
"POINT (10.080635318000077 53.560300956000049)","Unfall 138018 (2021) Kat:3, Licht: 0","138018","3","5","1","07","11","2","","0","0","1","0","0"
"POINT (10.026880531000074 53.629636568000080)","Unfall 138019 (2021) Kat:3, Licht: 0","138019","3","6","2","05","12","7","","0","0","1","0","0"
"POINT (10.064716751000049 53.559954329000050)","Unfall 138020 (2021) Kat:3, Licht: 0","138020","3","6","3","06","14","6","","0","0","1","0","1"
"POINT (10.069222103000072 53.559505456000068)","Unfall 138021 (2021) Kat:3, Licht: 0","138021","3","6","3","05","16","3","","0","0","1","0","0"
"POINT (9.948532360000058 53.595307128000059)","Unfall 138022 (2021) Kat:3, Licht: 0","138022","3","6","2","07","19","2","","0","0","1","0","0"
"POINT (10.005292634000057 53.580747925000082)","Unfall 138023 (2021) Kat:3, Licht: 0","138023","3","7","6","06","11","3","","0","0","1","1","0"
"POINT (10.005212899000071 53.547992225000030)","Unfall 138024 (2021) Kat:3, Licht: 0","138024","3","3","5","05","12","4","","0","0","1","0","0"
"POINT (9.979371159000038 53.555990542000075)","Unfall 138025 (2021) Kat:2, Licht: 2","138025","2","7","0","08","23","4","","2","0","0","0","0"
"POINT (10.196280638000076 53.511861509000028)","Unfall 138026 (2021) Kat:3, Licht: 0","138026","3","3","5","06","08","6","","0","1","1","0","0"
"POINT (9.916597553000031 53.642029429000047)","Unfall 138027 (2021) Kat:3, Licht: 0","138027","3","3","5","06","14","5","","0","0","1","0","0"
"POINT (9.932834967000076 53.554012354000065)","Unfall 138028 (2021) Kat:3, Licht: 0","138028","3","2","0","07","13","7","","0","1","0","0","0"
"POINT (9.931173909000051 53.549119214000029)","Unfall 138029 (2021) Kat:3, Licht: 0","138029","3","3","5","05","19","2","","0","1","0","0","0"
"POINT (9.993941291000056 53.470022180000058)","Unfall 138030 (2021) Kat:2, Licht: 0","138030","2","3","5","07","19","3","","0","1","0","0","0"
"POINT (9.960166392000076 53.551400025000078)","Unfall 138031 (2021) Kat:3, Licht: 1","138031","3","2","4","07","20","5","","1","1","1","0","0"
"POINT (10.046244857000033 53.578951760000052)","Unfall 138032 (2021) Kat:3, Licht: 0","138032","3","6","2","06","16","4","","0","0","1","0","0"
"POINT (10.083037152000031 53.581408968000062)","Unfall 138033 (2021) Kat:3, Licht: 0","138033","3","3","5","07","11","7","","0","0","1","0","0"
"POINT (10.052599688000043 53.550063379000051)","Unfall 138034 (2021) Kat:3, Licht: 0","138034","3","3","5","05","08","6","","0","0","1","0","0"
"POINT (10.068556826000076 53.580925817000036)","Unfall 138035 (2021) Kat:3, Licht: 0","138035","3","4","6","06","06","5","","0","1","0","1","0"
"POINT (10.029874835000044 53.602825175000078)","Unfall 138036 (2021) Kat:2, Licht: 0","138036","2","3","5","07","16","3","","0","1","1","0","0"
"POINT (10.139327625000021 53.629074568000078)","Unfall 138037 (2021) Kat:3, Licht: 0","138037","3","6","3","05","14","1","","0","1","0","0","0"
"POINT (10.066040825000073 53.564134083000056)","Unfall 138038 (2021) Kat:3, Licht: 0","138038","3","6","2","07","14","6","","0","0","1","0","0"
"POINT (10.126562971000055 53.582421811000074)","Unfall 138039 (2021) Kat:3, Licht: 0","138039","3","6","2","06","18","2","","0","0","1","0","0"
"POINT (10.036430217000031 53.591193722000071)","Unfall 138040 (2021) Kat:3, Licht: 0","138040","3","1","0","08","20","2","","0","1","0","0","0"
"POINT (9.898012588000029 53.591355984000074)","Unfall 138041 (2021) Kat:3, Licht: 0","138041","3","7","0","06","14","6","","0","0","0","0","1"
"POINT (10.038685297000029 53.577281831000050)","Unfall 138042 (2021) Kat:3, Licht: 0","138042","3","3","5","06","09","4","","0","1","1","0","0"
"POINT (10.129896109000072 53.508934252000074)","Unfall 138043 (2021) Kat:3, Licht: 0","138043","3","1","8","07","21","6","","0","0","1","0","0"
"POINT (10.177062622000051 53.474858082000026)","Unfall 138044 (2021) Kat:3, Licht: 0","138044","3","6","6","05","17","7","","0","1","0","1","0"
"POINT (10.110585411000045 53.653830568000046)","Unfall 138045 (2021) Kat:3, Licht: 0","138045","3","7","0","05","15","6","","0","1","0","0","0"
"POINT (9.987369999000066 53.494759068000064)","Unfall 138046 (2021) Kat:2, Licht: 2","138046","2","1","0","07","23","5","","2","1","0","0","0"
"POINT (10.012272084000074 53.625595087000079)","Unfall 138047 (2021) Kat:3, Licht: 0","138047","3","6","2","05","18","6","","0","0","1","0","0"
"POINT (9.902611709000041 53.606510239000045)","Unfall 138048 (2021) Kat:3, Licht: 0","138048","3","3","5","06","18","4","","0","1","1","0","0"
"POINT (9.938132370000062 53.592720886000052)","Unfall 138049 (2021) Kat:3, Licht: 1","138049","3","7","0","07","20","2","","1","0","1","0","0"
"POINT (9.947937119000073 53.553492215000063)","Unfall 138050 (2021) Kat:3, Licht: 0","138050","3","3","5","06","14","2","","0","1","1","0","0"
"POINT (9.971230427000023 53.585765503000061)","Unfall 138051 (2021) Kat:3, Licht: 0","138051","3","7","0","07","18","1","","0","1","0","0","0"
"POINT (9.966247264000060 53.604016124000054)","Unfall 138052 (2021) Kat:3, Licht: 0","138052","3","7","0","05","17","2","","0","1","0","0","0"
"POINT (9.851657424000052 53.579070652000041)","Unfall 138053 (2021) Kat:3, Licht: 0","138053","3","6","3","06","13","5","","0","0","1","0","0"
"POINT (9.820434795000040 53.562667408000038)","Unfall 138054 (2021) Kat:3, Licht: 0","138054","3","4","6","07","18","4","","0","0","0","1","0"
"POINT (9.976490052000031 53.510474203000058)","Unfall 138055 (2021) Kat:3, Licht: 0","138055","3","7","0","05","10","1","","0","1","0","0","0"
"POINT (9.838068480000061 53.557136062000041)","Unfall 138056 (2021) Kat:3, Licht: 0","138056","3","3","5","07","15","6","","0","0","1","0","0"
"POINT (10.169939428000021 53.625623471000040)","Unfall 138057 (2021) Kat:3, Licht: 0","138057","3","3","5","06","16","3","","0","1","0","0","1"
"POINT (10.083985045000077 53.656423826000037)","Unfall 138058 (2021) Kat:3, Licht: 0","138058","3","6","3","08","19","2","","0","0","1","0","1"
"POINT (10.084289699000067 53.554835219000040)","Unfall 138059 (2021) Kat:2, Licht: 0","138059","2","3","5","06","20","6","","0","0","1","0","0"
"POINT (10.005064469000047 53.453813712000056)","Unfall 138060 (2021) Kat:3, Licht: 0","138060","3","6","2","06","16","3","","0","0","1","0","0"
"POINT (10.192501653000022 53.476747199000044)","Unfall 138061 (2021) Kat:3, Licht: 0","138061","3","5","1","07","19","5","","0","0","1","0","0"
"POINT (10.080053063000037 53.589707549000082)","Unfall 138062 (2021) Kat:2, Licht: 0","138062","2","4","6","05","17","5","","0","1","0","1","0"
"POINT (10.057000059000075 53.569641202000071)","Unfall 138063 (2021) Kat:3, Licht: 0","138063","3","3","5","06","06","3","","0","0","1","0","1"
"POINT (10.056738289000066 53.568604756000070)","Unfall 138064 (2021) Kat:2, Licht: 0","138064","2","6","4","05","12","1","","0","1","1","0","0"
"POINT (9.877385113000059 53.502208501000041)","Unfall 138065 (2021) Kat:3, Licht: 0","138065","3","3","5","07","17","5","","0","1","1","0","0"
"POINT (10.033399688000031 53.607642853000073)","Unfall 138066 (2021) Kat:3, Licht: 0","138066","3","6","0","05","10","4","","0","0","1","0","0"
"POINT (9.975474139000028 53.557350315000065)","Unfall 138067 (2021) Kat:3, Licht: 0","138067","3","3","5","06","16","3","","0","1","0","0","0"
"POINT (9.998521461000053 53.668836584000076)","Unfall 138068 (2021) Kat:3, Licht: 0","138068","3","4","0","07","05","2","","0","0","1","1","0"
"POINT (10.049562310000056 53.594384620000028)","Unfall 138069 (2021) Kat:3, Licht: 0","138069","3","6","1","06","12","2","","0","0","1","0","0"
"POINT (9.965795045000050 53.565556828000069)","Unfall 138070 (2021) Kat:3, Licht: 0","138070","3","2","0","07","16","4","","0","0","1","0","1"
"POINT (9.951222920000021 53.631532464000031)","Unfall 138071 (2021) Kat:3, Licht: 0","138071","3","3","5","06","08","2","","0","1","1","0","0"
"POINT (10.052433158000042 53.610138643000028)","Unfall 138072 (2021) Kat:3, Licht: 2","138072","3","6","2","07","22","6","","2","0","1","0","0"
"POINT (10.204172183000026 53.491724858000055)","Unfall 138073 (2021) Kat:3, Licht: 0","138073","3","2","3","07","10","7","","0","1","0","0","0"
"POINT (9.835880878000069 53.554950411000050)","Unfall 138074 (2021) Kat:3, Licht: 0","138074","3","4","6","06","13","6","","0","0","1","1","0"
"POINT (9.949982157000022 53.586034319000078)","Unfall 138075 (2021) Kat:3, Licht: 0","138075","3","4","6","06","19","3","","0","0","1","1","0"
"POINT (9.895408501000077 53.620538709000073)","Unfall 138076 (2021) Kat:3, Licht: 0","138076","3","2","4","06","15","6","","0","1","1","0","0"
"POINT (10.065921265000043 53.571727514000031)","Unfall 138077 (2021) Kat:3, Licht: 0","138077","3","3","5","07","08","3","","0","1","0","0","0"
"POINT (9.846528129000035 53.573928520000038)","Unfall 138078 (2021) Kat:3, Licht: 0","138078","3","4","6","05","15","3","","0","0","0","1","0"
"POINT (9.945565805000058 53.640003979000028)","Unfall 138079 (2021) Kat:2, Licht: 0","138079","2","7","0","07","15","4","","0","1","0","0","0"
"POINT (9.969198249000044 53.567979219000051)","Unfall 138080 (2021) Kat:3, Licht: 2","138080","3","7","3","05","22","6","","2","0","1","0","0"
"POINT (9.956741837000038 53.553080875000035)","Unfall 138081 (2021) Kat:3, Licht: 0","138081","3","7","0","07","12","4","","0","1","0","0","0"
"POINT (10.020994111000050 53.575145525000039)","Unfall 138082 (2021) Kat:3, Licht: 0","138082","3","2","4","06","19","5","","0","1","1","0","0"
"POINT (10.077226582000037 53.653189254000040)","Unfall 138083 (2021) Kat:3, Licht: 0","138083","3","2","4","05","10","6","","0","0","1","0","0"
"POINT (9.904744722000032 53.609347215000071)","Unfall 138084 (2021) Kat:3, Licht: 0","138084","3","6","2","08","07","5","","0","0","1","0","0"
"POINT (10.008699064000041 53.574068103000059)","Unfall 138085 (2021) Kat:3, Licht: 2","138085","3","5","1","06","00","1","","2","0","1","0","0"
"POINT (10.085488985000040 53.595243781000079)","Unfall 138086 (2021) Kat:2, Licht: 0","138086","2","3","5","06","10","7","","0","1","1","0","0"
"POINT (9.989307365000059 53.558298213000057)","Unfall 138087 (2021) Kat:2, Licht: 1","138087","2","2","4","06","04","7","","1","0","1","0","0"
"POINT (9.996812826000053 53.546317454000075)","Unfall 138088 (2021) Kat:3, Licht: 0","138088","3","6","6","07","18","5","","0","0","1","1","0"
"POINT (9.859942350000040 53.476901356000042)","Unfall 138089 (2021) Kat:3, Licht: 0","138089","3","3","5","07","11","5","","0","1","1","0","0"
"POINT (9.952041791000056 53.578629638000052)","Unfall 138090 (2021) Kat:3, Licht: 0","138090","3","5","1","06","15","1","","0","1","1","0","0"
"POINT (10.147384186000068 53.617991578000044)","Unfall 138091 (2021) Kat:3, Licht: 0","138091","3","1","9","06","07","3","","0","0","1","0","0"
"POINT (9.958689034000031 53.596768673000042)","Unfall 138092 (2021) Kat:2, Licht: 2","138092","2","6","2","07","23","1","","2","1","0","0","0"
"POINT (10.031243660000030 53.565132080000069)","Unfall 138093 (2021) Kat:3, Licht: 0","138093","3","3","5","05","18","2","","0","1","1","0","0"
"POINT (10.103618259000029 53.649199069000076)","Unfall 138094 (2021) Kat:3, Licht: 0","138094","3","6","3","06","18","6","","0","1","1","0","0"
"POINT (10.060161985000036 53.647729561000062)","Unfall 138095 (2021) Kat:3, Licht: 0","138095","3","2","0","07","07","2","","0","1","1","0","0"
"POINT (9.953996464000056 53.609575055000050)","Unfall 138096 (2021) Kat:3, Licht: 0","138096","3","1","1","06","10","4","","0","0","1","0","0"
"POINT (10.003638770000066 53.587873245000026)","Unfall 138097 (2021) Kat:3, Licht: 0","138097","3","7","0","05","14","3","","0","1","0","0","0"
"POINT (10.103080138000053 53.539694909000048)","Unfall 138098 (2021) Kat:3, Licht: 0","138098","3","6","2","08","16","3","","0","0","1","0","0"
"POINT (10.130793082000025 53.531236425000031)","Unfall 138099 (2021) Kat:3, Licht: 0","138099","3","2","4","06","16","6","","0","0","1","0","0"
"POINT (9.904594963000022 53.617657058000077)","Unfall 138100 (2021) Kat:3, Licht: 0","138100","3","3","5","06","11","5","","0","0","1","0","1"
"POINT (10.010888858000044 53.462989556000082)","Unfall 138101 (2021) Kat:3, Licht: 0","138101","3","2","5","07","08","7","","0","1","1","0","0"
"POINT (9.880610008000076 53.584203220000063)","Unfall 138102 (2021) Kat:3, Licht: 0","138102","3","6","2","05","08","2","","0","0","1","0","0"
"POINT (9.897202220000054 53.616775149000034)","Unfall 138103 (2021) Kat:3, Licht: 2","138103","3","1","0","07","02","4","","2","0","1","0","0"
"POINT (10.019395321000047 53.654926337000063)","Unfall 138104 (2021) Kat:3, Licht: 1","138104","3","3","5","06","21","4","","1","0","1","0","0"
"POINT (10.083536505000041 53.483222060000060)","Unfall 138105 (2021) Kat:2, Licht: 0","138105","2","7","0","05","11","2","","0","1","0","0","0"
"POINT (10.080596786000058 53.581016219000048)","Unfall 138106 (2021) Kat:3, Licht: 0","138106","3","6","2","07","14","7","","0","1","0","0","0"
"POINT (9.925737895000054 53.567666544000076)","Unfall 138107 (2021) Kat:3, Licht: 0","138107","3","2","3","05","07","5","","0","0","1","0","0"
"POINT (10.140579921000040 53.600253530000032)","Unfall 138108 (2021) Kat:3, Licht: 0","138108","3","6","2","06","08","5","","0","0","1","0","0"
"POINT (9.977971761000049 53.550277002000030)","Unfall 138109 (2021) Kat:3, Licht: 0","138109","3","2","3","07","08","4","","0","1","1","0","0"
"POINT (10.106438654000044 53.541127174000053)","Unfall 138110 (2021) Kat:3, Licht: 0","138110","3","4","6","06","17","3","","0","0","1","1","0"
"POINT (9.856431336000071 53.511366780000060)","Unfall 138111 (2021) Kat:3, Licht: 0","138111","3","1","8","05","16","1","","0","0","1","0","0"
"POINT (10.119675715000028 53.655355612000051)","Unfall 138112 (2021) Kat:3, Licht: 0","138112","3","7","0","07","13","5","","0","1","0","0","0"
"POINT (9.885825439000030 53.579634984000052)","Unfall 138113 (2021) Kat:3, Licht: 0","138113","3","7","0","06","17","3","","0","1","0","0","0"
"POINT (10.222276960000045 53.449526748000039)","Unfall 138114 (2021) Kat:3, Licht: 0","138114","3","1","0","08","16","1","","0","1","0","0","0"
"POINT (9.929476247000025 53.556489741000064)","Unfall 138115 (2021) Kat:2, Licht: 0","138115","2","6","4","06","15","6","","0","0","1","0","1"
"POINT (10.123183547000053 53.568816428000048)","Unfall 138116 (2021) Kat:3, Licht: 0","138116","3","3","5","06","10","4","","0","1","1","0","0"
"POINT (10.063449639000055 53.587525350000078)","Unfall 138117 (2021) Kat:3, Licht: 2","138117","3","5","1","07","22","6","","2","0","1","0","1"
"POINT (9.928094628000053 53.592198413000062)","Unfall 138118 (2021) Kat:3, Licht: 0","138118","3","6","2","05","15","5","","0","0","1","0","0"
"POINT (10.088542561000054 53.631259867000040)","Unfall 138119 (2021) Kat:3, Licht: 0","138119","3","6","2","05","10","6","","0","0","1","0","0"
"POINT (9.989635982000038 53.544719284000053)","Unfall 138120 (2021) Kat:3, Licht: 0","138120","3","3","5","07","12","6","","0","1","1","0","0"
"POINT (9.922609175000048 53.627474996000046)","Unfall 138121 (2021) Kat:3, Licht: 0","138121","3","5","1","05","19","5","","0","0","1","0","0"
"POINT (9.986122373000057 53.574924990000056)","Unfall 138122 (2021) Kat:2, Licht: 0","138122","2","2","3","06","15","3","","0","0","0","0","1"
"POINT (10.210483875000023 53.508982035000031)","Unfall 138123 (2021) Kat:3, Licht: 0","138123","3","5","1","07","13","1","","0","0","1","0","0"
"POINT (10.067822211000021 53.582466208000028)","Unfall 138124 (2021) Kat:3, Licht: 0","138124","3","7","0","06","19","1","","0","0","1","0","0"
"POINT (10.012810866000052 53.546487958000057)","Unfall 138125 (2021) Kat:3, Licht: 2","138125","3","6","3","06","01","7","","2","0","1","0","0"
"POINT (10.208088261000057 53.494598349000057)","Unfall 138126 (2021) Kat:3, Licht: 0","138126","3","3","5","07","10","6","","0","0","1","0","1"
"POINT (10.011625023000022 53.579199285000072)","Unfall 138127 (2021) Kat:3, Licht: 0","138127","3","5","1","07","07","1","","0","0","1","0","0"
"POINT (9.963449278000041 53.603548945000057)","Unfall 138128 (2021) Kat:3, Licht: 0","138128","3","7","0","06","11","3","","0","1","0","0","0"
"POINT (10.120102739000060 53.664704034000067)","Unfall 138129 (2021) Kat:3, Licht: 0","138129","3","6","2","06","08","5","","0","0","1","0","0"
"POINT (10.129241260000072 53.529872988000079)","Unfall 138130 (2021) Kat:3, Licht: 0","138130","3","2","1","07","15","3","","0","0","1","0","0"
"POINT (10.100955975000034 53.540284498000062)","Unfall 138131 (2021) Kat:3, Licht: 0","138131","3","3","5","05","12","3","","0","0","1","0","0"
"POINT (9.894505834000029 53.552745687000026)","Unfall 138132 (2021) Kat:2, Licht: 2","138132","2","3","5","07","00","3","","2","1","1","0","0"
"POINT (9.905329897000058 53.611470674000032)","Unfall 138133 (2021) Kat:3, Licht: 0","138133","3","6","2","06","15","1","","0","1","0","0","0"
"POINT (10.051563788000067 53.573377124000046)","Unfall 138134 (2021) Kat:2, Licht: 0","138134","2","4","6","05","17","5","","0","0","1","1","0"
"POINT (9.926061484000058 53.571598364000067)","Unfall 138135 (2021) Kat:3, Licht: 0","138135","3","3","0","07","08","4","","0","1","1","0","0"
"POINT (9.986936362000051 53.603548722000028)","Unfall 138136 (2021) Kat:3, Licht: 0","138136","3","3","5","06","06","5","","0","0","1","0","0"
"POINT (10.065860050000026 53.585131054000044)","Unfall 138137 (2021) Kat:3, Licht: 0","138137","3","6","2","05","11","3","","0","0","1","0","0"
"POINT (10.002952235000066 53.586868141000082)","Unfall 138138 (2021) Kat:3, Licht: 2","138138","3","7","0","08","21","5","","2","1","0","0","0"
"POINT (10.200767702000064 53.510771831000056)","Unfall 138139 (2021) Kat:3, Licht: 0","138139","3","3","5","06","20","1","","0","1","1","0","0"
"POINT (10.155625493000059 53.504898809000053)","Unfall 138140 (2021) Kat:3, Licht: 0","138140","3","1","8","06","08","7","","0","0","0","0","1"
"POINT (9.826493430000028 53.564668940000047)","Unfall 138141 (2021) Kat:3, Licht: 0","138141","3","3","5","07","18","6","","0","1","1","0","0"
"POINT (10.017230863000066 53.600334083000064)","Unfall 138142 (2021) Kat:3, Licht: 0","138142","3","7","0","07","15","5","","0","0","0","0","1"
"POINT (10.118827096000075 53.605229838000071)","Unfall 138143 (2021) Kat:3, Licht: 0","138143","3","6","2","06","12","1","","0","0","1","0","0"
"POINT (10.098285778000047 53.571293815000047)","Unfall 138144 (2021) Kat:2, Licht: 0","138144","2","6","2","06","18","3","","0","1","1","0","0"