WKT,Name,OBJECTID,UKATEGORIE,UTYP1,UART,UMONAT,USTUNDE,UWOCHENTAG,STRZUSTAND,ULICHTVERH,ISTRAD,ISTPKW,ISTFUSS,ISTKRAD
"POINT (10.124619222000035 53.655162138000037)","Unfall 138145 (2021) Kat:3, Licht: 0","138145","3","6","2","07","12","2","","0","0","1","0","0"
"POINT (10.068442934000075 53.671042015000069)","Unfall 138146 (2021) Kat:3, Licht: 0","138146","3","6","0","05","12","1","","0","0","1","0","1"
"POINT (9.930611152000040 53.549656347000052)","Unfall 138147 (2021) Kat:3, Licht: 1","138147","3","7","0","06","22","6","","1","0","0","0","1"
"POINT (9.863642169000059 53.590828047000059)","Unfall 138148 (2021) Kat:3, Licht: 0","138148","3","6","2","07","14","3","","0","1","1","0","0"
"POINT (9.911603297000056 53.514097077000031)","Unfall 138149 (2021) Kat:3, Licht: 0","138149","3","3","5","06","13","6","","0","0","0","0","0"
"POINT (10.017202103000045 53.550074000000052)","Unfall 138150 (2021) Kat:3, Licht: 0","138150","3","6","2","08","16","1","","0","0","1","0","0"
"POINT (10.105701368000041 53.548051548000046)","Unfall 138151 (2021) Kat:3, Licht: 0","138151","3","2","4","07","10","6","","0","0","1","0","0"
"POINT (10.083613352000043 53.542272690000061)","Unfall 138152 (2021) Kat:3, Licht: 0","138152","3","2","5","06","10","3","","0","0","1","0","0"
"POINT (9.977305223000030 53.577651971000080)","Unfall 138153 (2021) Kat:2, Licht: 0","138153","2","7","0","06","05","6","","0","1","0","0","0"
"POINT (10.181965457000047 53.492844414000047)","Unfall 138154 (2021) Kat:3, Licht: 0","138154","3","1","1","07","20","2","","0","0","1","0","0"
"POINT (9.841796570000042 53.564194712000074)","Unfall 138155 (2021) Kat:3, Licht: 0","138155","3","7","7","05","12","3","","0","0","1","0","0"
"POINT (9.947916575000022 53.575764860000049)","Unfall 138156 (2021) Kat:2, Licht: 0","138156","2","4","6","07","16","4","","0","0","0","1","1"
"POINT (10.090097775000061 53.511596055000041)","Unfall 138157 (2021) Kat:3, Licht: 0","138157","3","6","2","05","17","4","","0","0","1","0","0"
"POINT (9.993023368000024 53.479024367000079)","Unfall 138158 (2021) Kat:3, Licht: 0","138158","3","6","3","07","17","4","","0","1","1","0","0"
"POINT (9.959536761000038 53.572512090000032)","Unfall 138159 (2021) Kat:3, Licht: 0","138159","3","7","1","06","15","5","","0","1","1","0","0"
"POINT (9.943358864000061 53.555793104000031)","Unfall 138160 (2021) Kat:3, Licht: 0","138160","3","7","0","05","16","4","","0","1","0","0","0"
"POINT (10.015635751000048 53.562681342000076)","Unfall 138161 (2021) Kat:3, Licht: 0","138161","3","3","5","08","14","4","","0","0","1","0","0"
"POINT (9.980466953000075 53.555329840000070)","Unfall 138162 (2021) Kat:3, Licht: 0","138162","3","4","6","06","18","3","","0","0","1","1","0"
"POINT (10.162757297000041 53.635887773000036)","Unfall 138163 (2021) Kat:3, Licht: 0","138163","3","3","5","06","07","7","","0","0","1","0","0"
"POINT (10.090495234000059 53.577960516000076)","Unfall 138164 (2021) Kat:3, Licht: 0","138164","3","7","0","07","10","5","","0","1","0","0","0"
"POINT (10.088085935000038 53.512026032000051)","Unfall 138165 (2021) Kat:3, Licht: 0","138165","3","2","4","07","14","5","","0","0","1","0","0"
"POINT (9.976039488000026 53.544201729000065)","Unfall 138166 (2021) Kat:3, Licht: 2","138166","3","7","0","06","01","1","","2","1","0","0","0"
"POINT (10.013759992000075 53.520949071000075)","Unfall 138167 (2021) Kat:3, Licht: 0","138167","3","7","6","06","12","3","","0","0","0","1","0"
"POINT (10.012189820000060 53.604175802000043)","Unfall 138168 (2021) Kat:3, Licht: 0","138168","3","2","3","07","17","1","","0","1","1","0","0"
"POINT (9.984273407000046 53.578005410000060)","Unfall 138169 (2021) Kat:3, Licht: 0","138169","3","5","1","05","09","2","","0","1","1","0","0"
"POINT (9.994935646000044 53.565392568000050)","Unfall 138170 (2021) Kat:3, Licht: 0","138170","3","7","3","06","09","6","","0","0","1","0","1"
"POINT (9.758650766000073 53.583333066000080)","Unfall 138171 (2021) Kat:3, Licht: 0","138171","3","3","5","07","14","1","","0","1","0","0","0"
"POINT (10.059316572000057 53.593775691000076)","Unfall 138172 (2021) Kat:3, Licht: 0","138172","3","6","1","06","08","3","","0","0","1","0","0"
"POINT (10.044669265000039 53.604221821000067)","Unfall 138173 (2021) Kat:3, Licht: 0","138173","3","7","0","08","08","3","","0","1","0","0","0"
"POINT (10.103072232000045 53.647049631000073)","Unfall 138174 (2021) Kat:3, Licht: 0","138174","3","6","3","06","08","6","","0","1","1","0","0"
"POINT (9.878059315000030 53.477905441000075)","Unfall 138175 (2021) Kat:3, Licht: 0","138175","3","5","6","06","17","5","","0","0","1","1","0"
"POINT (9.833965000000035 53.577629509000076)","Unfall 138176 (2021) Kat:3, Licht: 0","138176","3","7","4","07","14","7","","0","0","1","0","0"
"POINT (9.951936789000058 53.577052374000061)","Unfall 138177 (2021) Kat:3, Licht: 0","138177","3","5","1","05","13","3","","0","1","1","0","0"
"POINT (9.995108878000053 53.544939088000035)","Unfall 138178 (2021) Kat:3, Licht: 0","138178","3","1","0","06","19","4","","0","1","0","0","0"
"POINT (10.146266683000022 53.549793305000037)","Unfall 138179 (2021) Kat:2, Licht: 0","138179","2","6","4","05","17","2","","0","0","1","0","0"
"POINT (9.990650873000050 53.444809221000071)","Unfall 138180 (2021) Kat:3, Licht: 0","138180","3","7","0","07","14","6","","0","1","0","0","0"
"POINT (9.979048538000029 53.555256334000035)","Unfall 138181 (2021) Kat:3, Licht: 1","138181","3","6","2","05","18","6","","1","0","1","0","0"
"POINT (10.113106907000031 53.653463899000030)","Unfall 138182 (2021) Kat:3, Licht: 0","138182","3","7","0","06","07","4","","0","0","0","0","0"
"POINT (10.022523123000042 53.529456328000038)","Unfall 138183 (2021) Kat:3, Licht: 0","138183","3","6","2","07","16","4","","0","0","1","0","0"
"POINT (10.043785120000052 53.567185545000029)","Unfall 138184 (2021) Kat:3, Licht: 0","138184","3","6","2","06","10","4","","0","0","1","0","0"
"POINT (9.981581235000021 53.613152869000032)","Unfall 138185 (2021) Kat:3, Licht: 0","138185","3","4","6","05","16","7","","0","0","1","1","0"
"POINT (9.823469514000067 53.575274118000038)","Unfall 138186 (2021) Kat:3, Licht: 0","138186","3","3","5","07","16","5","","0","1","1","0","0"
"POINT (9.961832004000030 53.552561672000081)","Unfall 138187 (2021) Kat:3, Licht: 0","138187","3","3","5","06","17","3","","0","1","1","0","0"
"POINT (10.028731163000032 53.571250505000080)","Unfall 138188 (2021) Kat:3, Licht: 0","138188","3","6","2","08","15","1","","0","0","1","0","0"
"POINT (10.024428657000044 53.536963088000050)","Unfall 138189 (2021) Kat:3, Licht: 0","138189","3","6","3","07","16","2","","0","0","1","0","1"
"POINT (10.107261567000023 53.654432599000074)","Unfall 138190 (2021) Kat:3, Licht: 0","138190","3","3","5","06","11","5","","0","1","1","0","0"
"POINT (10.043208303000029 53.581332475000067)","Unfall 138191 (2021) Kat:3, Licht: 0","138191","3","6","2","06","13","4","","0","0","0","0","1"
"POINT (10.208634724000035 53.482078720000061)","Unfall 138192 (2021) Kat:3, Licht: 0","138192","3","6","2","07","13","6","","0","0","1","0","0"
"POINT (10.257341496000038 53.422549786000047)","Unfall 138193 (2021) Kat:3, Licht: 0","138193","3","3","5","05","11","4","","0","0","0","0","1"
"POINT (9.962519903000043 53.548991620000038)","Unfall 138194 (2021) Kat:3, Licht: 2","138194","3","1","0","06","01","1","","2","0","0","0","0"
"POINT (9.941574656000057 53.599095535000060)","Unfall 138195 (2021) Kat:3, Licht: 0","138195","3","4","6","05","06","6","","0","0","1","1","0"
"POINT (10.004944582000064 53.587351323000064)","Unfall 138196 (2021) Kat:3, Licht: 0","138196","3","6","2","07","18","5","","0","1","1","0","0"
"POINT (9.948370817000068 53.561999852000042)","Unfall 138197 (2021) Kat:3, Licht: 0","138197","3","6","2","05","10","6","","0","1","0","0","1"
"POINT (10.016464155000051 53.562032064000050)","Unfall 138198 (2021) Kat:2, Licht: 0","138198","2","3","5","06","20","4","","0","1","0","0","0"
"POINT (10.001936940000064 53.673071678000042)","Unfall 138199 (2021) Kat:3, Licht: 0","138199","3","3","5","06","21","7","","0","1","0","0","0"
"POINT (9.991565671000046 53.483004692000065)","Unfall 138200 (2021) Kat:3, Licht: 2","138200","3","1","8","07","03","1","","2","0","1","0","0"
"POINT (9.853071855000053 53.510846892000075)","Unfall 138201 (2021) Kat:2, Licht: 0","138201","2","1","8","06","14","7","","0","0","1","0","0"
"POINT (10.167266989000041 53.624810047000040)","Unfall 138202 (2021) Kat:3, Licht: 2","138202","3","6","2","06","01","7","","2","0","1","0","0"
"POINT (10.018479083000045 53.651563204000070)","Unfall 138203 (2021) Kat:3, Licht: 0","138203","3","2","3","07","10","6","","0","0","1","0","1"
"POINT (10.008639195000057 53.555571459000078)","Unfall 138204 (2021) Kat:3, Licht: 1","138204","3","3","5","07","04","7","","1","0","1","0","0"
"POINT (9.942651521000073 53.458088007000072)","Unfall 138205 (2021) Kat:3, Licht: 0","138205","3","3","0","06","12","2","","0","0","1","0","1"
"POINT (9.990557193000029 53.465837103000069)","Unfall 138206 (2021) Kat:3, Licht: 0","138206","3","2","0","06","10","6","","0","1","1","0","0"
"POINT (10.032784366000044 53.579829402000030)","Unfall 138207 (2021) Kat:3, Licht: 0","138207","3","6","2","07","17","2","","0","0","1","0","1"
"POINT (10.023774453000044 53.628743245000067)","Unfall 138208 (2021) Kat:3, Licht: 0","138208","3","3","5","05","17","4","","0","1","1","0","0"
"POINT (9.986567117000050 53.547620954000081)","Unfall 138209 (2021) Kat:3, Licht: 0","138209","3","2","4","06","06","7","","0","0","1","0","0"
"POINT (10.126713202000076 53.570993619000035)","Unfall 138210 (2021) Kat:2, Licht: 0","138210","2","7","0","05","07","4","","0","0","1","0","0"
"POINT (10.016945775000067 53.570639597000081)","Unfall 138211 (2021) Kat:3, Licht: 0","138211","3","7","0","07","18","5","","0","1","0","0","0"
"POINT (10.110591027000055 53.592993400000069)","Unfall 138212 (2021) Kat:3, Licht: 0","138212","3","6","3","06","15","4","","0","0","1","0","0"
"POINT (9.987183360000074 53.514298048000057)","Unfall 138213 (2021) Kat:3, Licht: 0","138213","3","6","2","05","13","3","","0","1","1","0","0"
"POINT (9.770861994000029 53.578155547000051)","Unfall 138214 (2021) Kat:3, Licht: 0","138214","3","2","4","08","19","4","","0","1","1","0","0"
"POINT (9.995400945000029 53.579323395000074)","Unfall 138215 (2021) Kat:3, Licht: 0","138215","3","7","0","06","12","2","","0","1","0","0","0"
"POINT (10.053526240000053 53.557130592000078)","Unfall 138216 (2021) Kat:3, Licht: 0","138216","3","3","5","06","11","7","","0","0","1","0","1"
"POINT (10.083305040000027 53.544272496000076)","Unfall 138217 (2021) Kat:3, Licht: 0","138217","3","3","5","07","16","5","","0","0","1","0","0"
"POINT (10.076905460000035 53.616292540000074)","Unfall 138218 (2021) Kat:3, Licht: 0","138218","3","6","3","07","09","6","","0","0","1","0","0"
"POINT (10.079115733000037 53.618199138000080)","Unfall 138219 (2021) Kat:1, Licht: 0","138219","1","5","8","06","14","1","","0","0","1","1","0"
"POINT (9.851701968000043 53.588649890000056)","Unfall 138220 (2021) Kat:3, Licht: 0","138220","3","4","6","06","13","7","","0","0","1","1","0"
"POINT (10.124090638000041 53.540847246000055)","Unfall 138221 (2021) Kat:3, Licht: 0","138221","3","3","5","06","10","3","","0","0","1","0","0"
"POINT (9.941532392000056 53.577844831000050)","Unfall 138222 (2021) Kat:3, Licht: 0","138222","3","2","4","07","14","7","","0","1","1","0","0"
"POINT (10.051954585000033 53.560510103000070)","Unfall 138223 (2021) Kat:3, Licht: 0","138223","3","7","6","05","14","2","","0","0","1","1","0"
"POINT (10.036674701000038 53.547056762000068)","Unfall 138224 (2021) Kat:2, Licht: 0","138224","2","2","2","06","07","6","","0","0","1","0","0"
"POINT (10.062933151000038 53.570995367000080)","Unfall 138225 (2021) Kat:3, Licht: 0","138225","3","4","6","07","16","7","","0","1","0","1","0"
"POINT (9.987582456000041 53.517399080000075)","Unfall 138226 (2021) Kat:2, Licht: 0","138226","2","3","5","06","19","3","","0","1","1","0","0"
"POINT (10.077253155000051 53.616658412000049)","Unfall 138227 (2021) Kat:3, Licht: 0","138227","3","6","2","08","10","2","","0","0","1","0","0"
"POINT (10.013146996000046 53.551416426000060)","Unfall 138228 (2021) Kat:3, Licht: 0","138228","3","7","0","06","09","7","","0","0","0","0","1"
"POINT (10.066471554000032 53.597768900000062)","Unfall 138229 (2021) Kat:3, Licht: 0","138229","3","3","5","06","15","5","","0","1","1","0","0"
"POINT (9.803520644000059 53.560165266000070)","Unfall 138230 (2021) Kat:2, Licht: 0","138230","2","7","0","07","14","6","","0","1","0","0","0"
"POINT (10.119839548000073 53.606316722000031)","Unfall 138231 (2021) Kat:3, Licht: 1","138231","3","2","5","05","21","2","","1","0","1","0","0"
"POINT (10.119804103000035 53.606331227000055)","Unfall 138232 (2021) Kat:3, Licht: 0","138232","3","2","5","05","15","2","","0","0","1","0","0"
"POINT (10.006571365000070 53.548084594000045)","Unfall 138233 (2021) Kat:3, Licht: 0","138233","3","3","5","07","15","6","","0","0","1","0","0"
"POINT (10.211941878000061 53.504046658000050)","Unfall 138234 (2021) Kat:3, Licht: 0","138234","3","6","2","05","16","5","","0","0","1","0","0"
"POINT (10.153998914000056 53.598326557000064)","Unfall 138235 (2021) Kat:3, Licht: 0","138235","3","2","5","06","14","5","","0","1","1","0","0"
"POINT (10.037157996000076 53.634461301000044)","Unfall 138236 (2021) Kat:3, Licht: 0","138236","3","7","1","07","17","2","","0","0","1","0","0"
"POINT (10.030564426000069 53.600544098000057)","Unfall 138237 (2021) Kat:3, Licht: 0","138237","3","7","0","06","08","2","","0","1","0","0","0"
"POINT (10.066298863000043 53.464292875000069)","Unfall 138238 (2021) Kat:2, Licht: 0","138238","2","6","2","05","13","7","","0","0","1","0","1"
"POINT (9.951112416000058 53.631547234000038)","Unfall 138239 (2021) Kat:3, Licht: 0","138239","3","3","5","07","07","5","","0","1","1","0","0"
"POINT (9.854004560000021 53.584112718000029)","Unfall 138240 (2021) Kat:3, Licht: 0","138240","3","2","5","06","13","2","","0","1","0","0","0"
"POINT (10.016451945000028 53.562023969000052)","Unfall 138241 (2021) Kat:3, Licht: 0","138241","3","3","5","07","15","7","","0","1","1","0","0"
"POINT (10.069823159000066 53.574730051000074)","Unfall 138242 (2021) Kat:3, Licht: 0","138242","3","2","5","07","12","2","","0","0","1","0","1"
"POINT (10.232788627000048 53.481557910000049)","Unfall 138243 (2021) Kat:3, Licht: 0","138243","3","3","5","06","12","5","","0","0","0","0","0"
"POINT (9.880417507000061 53.550385145000064)","Unfall 138244 (2021) Kat:3, Licht: 1","138244","3","6","2","06","07","4","","1","0","1","0","0"
"POINT (10.023333925000031 53.566113672000029)","Unfall 138245 (2021) Kat:3, Licht: 0","138245","3","5","1","05","14","1","","0","1","1","0","0"
"POINT (9.995383825000033 53.552213679000033)","Unfall 138246 (2021) Kat:2, Licht: 2","138246","2","7","0","07","01","1","","2","0","0","0","0"
"POINT (9.927311885000051 53.551754988000027)","Unfall 138247 (2021) Kat:3, Licht: 0","138247","3","3","5","06","11","4","","0","0","0","0","1"
"POINT (10.120411033000039 53.538274584000078)","Unfall 138248 (2021) Kat:3, Licht: 0","138248","3","3","5","08","10","2","","0","0","1","0","0"
"POINT (10.004789920000064 53.598402204000081)","Unfall 138249 (2021) Kat:2, Licht: 0","138249","2","2","4","06","13","7","","0","1","1","0","0"
"POINT (10.141638463000049 53.585616985000058)","Unfall 138250 (2021) Kat:3, Licht: 0","138250","3","6","6","06","17","6","","0","0","0","1","0"
"POINT (9.921546742000032 53.591399431000070)","Unfall 138251 (2021) Kat:3, Licht: 0","138251","3","6","4","07","08","6","","0","1","0","0","0"
"POINT (9.906951483000057 53.616288248000046)","Unfall 138252 (2021) Kat:3, Licht: 0","138252","3","2","5","05","18","2","","0","1","1","0","0"
"POINT (10.120126594000055 53.543801279000036)","Unfall 138253 (2021) Kat:2, Licht: 0","138253","2","2","6","06","13","6","","0","0","1","1","0"
"POINT (10.011460333000059 53.552354288000060)","Unfall 138254 (2021) Kat:3, Licht: 0","138254","3","6","3","06","16","3","","0","1","1","0","0"
"POINT (10.028362943000047 53.532968161000042)","Unfall 138255 (2021) Kat:3, Licht: 1","138255","3","7","8","07","21","7","","1","0","1","0","0"
"POINT (9.890048521000040 53.595794084000033)","Unfall 138256 (2021) Kat:3, Licht: 0","138256","3","7","0","05","09","5","","0","1","0","0","0"
"POINT (10.068994952000025 53.555446116000041)","Unfall 138257 (2021) Kat:3, Licht: 0","138257","3","6","4","06","08","4","","0","1","1","0","0"
"POINT (10.168409455000074 53.449885471000073)","Unfall 138258 (2021) Kat:3, Licht: 2","138258","3","7","8","07","01","1","","2","1","0","0","0"
"POINT (9.963606007000067 53.549585429000047)","Unfall 138259 (2021) Kat:3, Licht: 2","138259","3","7","0","06","03","4","","2","0","0","0","0"
"POINT (9.867812085000025 53.590235822000068)","Unfall 138260 (2021) Kat:3, Licht: 1","138260","3","1","0","07","21","7","","1","1","0","0","0"
"POINT (10.009459364000065 53.584912170000052)","Unfall 138261 (2021) Kat:3, Licht: 0","138261","3","4","6","06","16","2","","0","1","0","1","0"
"POINT (9.952671986000041 53.546452403000046)","Unfall 138262 (2021) Kat:3, Licht: 2","138262","3","6","2","08","22","2","","2","0","1","0","0"
"POINT (9.980936080000049 53.422431179000057)","Unfall 138263 (2021) Kat:3, Licht: 0","138263","3","3","5","07","15","1","","0","1","0","0","0"
"POINT (10.007846818000075 53.558811876000050)","Unfall 138264 (2021) Kat:3, Licht: 2","138264","3","6","3","06","01","6","","2","1","0","0","0"
"POINT (10.110800000000040 53.582154287000037)","Unfall 138265 (2021) Kat:3, Licht: 0","138265","3","6","3","06","10","4","","0","1","0","0","0"
"POINT (10.110890674000075 53.556452450000052)","Unfall 138266 (2021) Kat:3, Licht: 0","138266","3","7","0","05","17","7","","0","0","0","0","0"
"POINT (9.977894047000063 53.462436995000076)","Unfall 138267 (2021) Kat:3, Licht: 0","138267","3","6","2","07","17","3","","0","0","1","0","0"
"POINT (10.060386521000055 53.570473719000063)","Unfall 138268 (2021) Kat:3, Licht: 0","138268","3","6","2","05","11","6","","0","0","1","0","0"
"POINT (10.078933259000053 53.563322607000032)","Unfall 138269 (2021) Kat:3, Licht: 0","138269","3","6","2","05","09","2","","0","0","0","0","0"
"POINT (9.949205918000075 53.558855203000064)","Unfall 138270 (2021) Kat:3, Licht: 1","138270","3","6","2","05","20","1","","1","0","1","0","0"
"POINT (10.049481531000026 53.578674175000060)","Unfall 138271 (2021) Kat:3, Licht: 0","138271","3","7","0","07","16","6","","0","1","0","0","0"
"POINT (9.994790100000046 53.551390871000081)","Unfall 138272 (2021) Kat:3, Licht: 0","138272","3","7","3","05","12","6","","0","1","1","0","0"
"POINT (10.147997311000040 53.665403891000039)","Unfall 138273 (2021) Kat:3, Licht: 0","138273","3","2","0","08","10","5","","0","0","0","0","1"
"POINT (9.857489366000038 53.476865754000073)","Unfall 138274 (2021) Kat:3, Licht: 0","138274","3","3","5","06","08","3","","0","1","1","0","0"
"POINT (10.160555448000025 53.653120942000044)","Unfall 138275 (2021) Kat:3, Licht: 2","138275","3","2","2","06","01","1","","2","0","1","0","0"
"POINT (9.866381799000067 53.565948818000038)","Unfall 138276 (2021) Kat:3, Licht: 0","138276","3","6","2","05","18","2","","0","0","1","0","0"
"POINT (10.011102205000043 53.501887961000079)","Unfall 138277 (2021) Kat:3, Licht: 0","138277","3","1","0","07","18","7","","0","0","0","0","0"
"POINT (10.026299723000022 53.629176875000041)","Unfall 138278 (2021) Kat:3, Licht: 0","138278","3","6","3","07","13","1","","0","0","1","0","0"
"POINT (9.989144013000043 53.581996305000075)","Unfall 138279 (2021) Kat:3, Licht: 0","138279","3","6","2","06","17","3","","0","0","1","0","1"
"POINT (9.987987176000047 53.594485100000043)","Unfall 138280 (2021) Kat:3, Licht: 0","138280","3","2","0","06","16","5","","0","1","1","0","0"
"POINT (9.841318589000025 53.551620955000033)","Unfall 138281 (2021) Kat:3, Licht: 0","138281","3","7","0","07","08","2","","0","0","0","0","1"
"POINT (10.142475847000071 53.600344650000068)","Unfall 138282 (2021) Kat:3, Licht: 0","138282","3","7","0","05","18","3","","0","1","0","0","0"
"POINT (10.038130359000036 53.565841711000076)","Unfall 138283 (2021) Kat:2, Licht: 1","138283","2","7","3","06","22","7","","1","0","1","0","0"
"POINT (10.029108043000065 53.571496014000047)","Unfall 138284 (2021) Kat:2, Licht: 0","138284","2","7","8","05","07","4","","0","1","0","0","0"
"POINT (10.007162675000075 53.652929806000031)","Unfall 138285 (2021) Kat:3, Licht: 0","138285","3","6","2","07","15","3","","0","0","1","0","0"
"POINT (10.041283147000058 53.599464638000029)","Unfall 138286 (2021) Kat:3, Licht: 0","138286","3","7","3","06","20","4","","0","0","1","0","1"
"POINT (10.046189140000024 53.642227007000031)","Unfall 138287 (2021) Kat:2, Licht: 0","138287","2","4","6","05","16","4","","0","0","1","1","0"
"POINT (9.946836115000053 53.544300067000052)","Unfall 138288 (2021) Kat:3, Licht: 0","138288","3","6","4","08","08","4","","0","0","1","0","0"
"POINT (10.101399145000073 53.540945601000033)","Unfall 138289 (2021) Kat:3, Licht: 0","138289","3","6","2","06","19","1","","0","0","1","0","0"
"POINT (9.994804896000062 53.596089172000063)","Unfall 138290 (2021) Kat:3, Licht: 2","138290","3","5","1","06","23","7","","2","0","1","0","0"
"POINT (9.956241564000038 53.632610772000078)","Unfall 138291 (2021) Kat:3, Licht: 0","138291","3","2","3","05","12","5","","0","1","0","0","0"
"POINT (9.929467542000054 53.604877126000076)","Unfall 138292 (2021) Kat:3, Licht: 0","138292","3","4","0","07","15","5","","0","0","0","1","0"
"POINT (10.008732584000029 53.575410078000061)","Unfall 138293 (2021) Kat:2, Licht: 0","138293","2","7","0","07","09","6","","0","1","0","0","0"
"POINT (10.179828852000071 53.479378759000042)","Unfall 138294 (2021) Kat:3, Licht: 0","138294","3","3","5","06","10","7","","0","1","0","0","0"
"POINT (10.086662343000057 53.552073832000076)","Unfall 138295 (2021) Kat:3, Licht: 0","138295","3","2","0","06","16","3","","0","1","1","0","0"
"POINT (9.977372042000070 53.564435766000031)","Unfall 138296 (2021) Kat:2, Licht: 2","138296","2","4","6","07","00","7","","2","0","1","1","0"
"POINT (10.166714735000028 53.514700317000063)","Unfall 138297 (2021) Kat:3, Licht: 0","138297","3","2","3","05","08","7","","0","0","1","0","1"
"POINT (9.994877557000052 53.673833575000060)","Unfall 138298 (2021) Kat:3, Licht: 0","138298","3","2","3","06","09","6","","0","0","1","0","0"
"POINT (9.895536732000039 53.505431781000027)","Unfall 138299 (2021) Kat:2, Licht: 0","138299","2","7","8","05","14","1","","0","0","0","0","1"
"POINT (10.185306388000072 53.505963727000051)","Unfall 138300 (2021) Kat:3, Licht: 0","138300","3","3","5","07","16","6","","0","0","1","0","0"
"POINT (9.913942995000070 53.601557552000031)","Unfall 138301 (2021) Kat:3, Licht: 0","138301","3","4","6","06","08","3","","0","1","0","1","0"
"POINT (10.047921892000033 53.610867104000079)","Unfall 138302 (2021) Kat:3, Licht: 0","138302","3","3","5","08","15","2","","0","1","1","0","0"
"POINT (10.015541407000057 53.562676796000062)","Unfall 138303 (2021) Kat:3, Licht: 0","138303","3","3","5","06","19","7","","0","0","1","0","0"
"POINT (9.961824890000059 53.546433999000044)","Unfall 138304 (2021) Kat:3, Licht: 0","138304","3","6","2","06","09","4","","0","0","1","0","0"
"POINT (9.976742319000039 53.587772898000082)","Unfall 138305 (2021) Kat:3, Licht: 0","138305","3","1","0","07","10","5","","0","0","0","0","1"
"POINT (10.164512958000046 53.605608233000055)","Unfall 138306 (2021) Kat:3, Licht: 0","138306","3","6","2","05","12","4","","0","0","1","0","0"
"POINT (10.101061015000028 53.540592364000076)","Unfall 138307 (2021) Kat:3, Licht: 0","138307","3","6","0","05","13","2","","0","0","0","0","1"
"POINT (9.971696902000076 53.600898278000045)","Unfall 138308 (2021) Kat:3, Licht: 0","138308","3","7","0","05","15","2","","0","1","0","0","0"
"POINT (10.024598486000059 53.568885710000075)","Unfall 138309 (2021) Kat:3, Licht: 0","138309","3","2","6","07","14","5","","0","0","1","1","0"
"POINT (10.000939526000025 53.595389151000063)","Unfall 138310 (2021) Kat:3, Licht: 0","138310","3","4","6","05","18","4","","0","1","0","1","0"
"POINT (10.089700405000031 53.619080204000056)","Unfall 138311 (2021) Kat:3, Licht: 0","138311","3","3","5","06","19","3","","0","1","1","0","0"
"POINT (10.000399774000073 53.680038208000042)","Unfall 138312 (2021) Kat:2, Licht: 0","138312","2","6","2","07","12","1","","0","0","1","0","0"
"POINT (10.010841741000036 53.650342911000052)","Unfall 138313 (2021) Kat:3, Licht: 0","138313","3","2","3","06","14","2","","0","1","0","0","0"
"POINT (9.958383716000071 53.546071816000051)","Unfall 138314 (2021) Kat:3, Licht: 0","138314","3","6","6","05","16","7","","0","0","0","1","0"
"POINT (9.936993282000060 53.581875636000063)","Unfall 138315 (2021) Kat:2, Licht: 0","138315","2","2","4","05","10","2","","0","0","1","0","1"
"POINT (9.991717576000042 53.502577914000028)","Unfall 138316 (2021) Kat:2, Licht: 0","138316","2","2","3","07","14","4","","0","1","1","0","0"
"POINT (9.965441494000061 53.563422039000045)","Unfall 138317 (2021) Kat:3, Licht: 0","138317","3","3","5","06","09","3","","0","1","1","0","0"
"POINT (10.041650428000025 53.605674696000051)","Unfall 138318 (2021) Kat:3, Licht: 0","138318","3","3","5","07","16","6","","0","1","1","0","0"
"POINT (10.108054534000075 53.606165593000071)","Unfall 138319 (2021) Kat:3, Licht: 0","138319","3","6","2","07","17","7","","0","0","1","0","0"
"POINT (10.033581066000067 53.582628694000050)","Unfall 138320 (2021) Kat:3, Licht: 0","138320","3","3","5","06","17","6","","0","1","1","0","0"
"POINT (10.055237772000055 53.560957325000061)","Unfall 138321 (2021) Kat:3, Licht: 0","138321","3","2","0","06","16","2","","0","1","1","0","0"
"POINT (9.979142083000056 53.569916191000061)","Unfall 138322 (2021) Kat:3, Licht: 0","138322","3","7","0","05","20","7","","0","0","0","0","1"
"POINT (10.006815745000040 53.551878300000055)","Unfall 138323 (2021) Kat:3, Licht: 0","138323","3","7","0","07","15","5","","0","1","0","0","0"
"POINT (9.937330932000066 53.581668603000082)","Unfall 138324 (2021) Kat:3, Licht: 0","138324","3","7","5","05","10","4","","0","0","1","0","0"
"POINT (9.910690851000027 53.565878233000035)","Unfall 138325 (2021) Kat:3, Licht: 0","138325","3","2","0","07","14","3","","0","0","1","0","0"
"POINT (10.108857939000075 53.541586562000077)","Unfall 138326 (2021) Kat:3, Licht: 0","138326","3","7","0","06","08","6","","0","0","1","0","0"
"POINT (10.079858732000048 53.561815067000055)","Unfall 138327 (2021) Kat:3, Licht: 0","138327","3","3","5","05","14","6","","0","0","1","0","0"
"POINT (10.004853435000030 53.551293997000073)","Unfall 138328 (2021) Kat:3, Licht: 0","138328","3","7","0","07","08","4","","0","0","0","0","0"
"POINT (9.981834849000052 53.564157358000045)","Unfall 138329 (2021) Kat:3, Licht: 2","138329","3","7","0","06","22","5","","2","1","0","0","0"
"POINT (10.069961496000076 53.523254485000052)","Unfall 138330 (2021) Kat:3, Licht: 0","138330","3","3","5","05","07","5","","0","0","1","0","0"
"POINT (10.014556418000041 53.517546804000062)","Unfall 138331 (2021) Kat:3, Licht: 0","138331","3","1","0","06","15","2","","0","0","0","0","1"