WKT,Name,OBJECTID,UKATEGORIE,UTYP1,UART,UMONAT,USTUNDE,UWOCHENTAG,STRZUSTAND,ULICHTVERH,ISTRAD,ISTPKW,ISTFUSS,ISTKRAD
"POINT (9.994189774000063 53.601706247000038)","Unfall 138704 (2021) Kat:3, Licht: 1","138704","3","3","5","10","18","2","","1","1","1","0","0"
"POINT (9.920310948000065 53.637766624000051)","Unfall 138705 (2021) Kat:3, Licht: 0","138705","3","2","3","11","09","6","","0","1","0","0","0"
"POINT (10.155513554000038 53.613806171000078)","Unfall 138706 (2021) Kat:3, Licht: 0","138706","3","2","5","08","13","3","","0","0","1","0","0"
"POINT (9.966944477000027 53.587232134000033)","Unfall 138707 (2021) Kat:3, Licht: 0","138707","3","6","2","09","08","5","","0","0","1","0","0"
"POINT (10.053988597000057 53.568867901000033)","Unfall 138708 (2021) Kat:2, Licht: 0","138708","2","6","3","09","19","6","","0","1","0","0","0"
"POINT (10.050812757000074 53.599301547000039)","Unfall 138709 (2021) Kat:3, Licht: 0","138709","3","2","5","10","12","7","","0","1","1","0","0"
"POINT (10.006248700000071 53.547764815000050)","Unfall 138710 (2021) Kat:3, Licht: 2","138710","3","1","0","10","04","2","","2","0","0","0","1"
"POINT (9.941375421000032 53.616978579000033)","Unfall 138711 (2021) Kat:3, Licht: 2","138711","3","1","9","10","01","1","","2","0","1","0","0"
"POINT (10.033720664000043 53.568055448000052)","Unfall 138712 (2021) Kat:3, Licht: 0","138712","3","7","0","08","08","3","","0","1","0","0","0"
"POINT (9.967207056000063 53.603245471000037)","Unfall 138713 (2021) Kat:3, Licht: 0","138713","3","2","3","11","15","2","","0","0","1","0","0"
"POINT (9.967068169000072 53.557337802000063)","Unfall 138714 (2021) Kat:3, Licht: 0","138714","3","7","0","09","14","3","","0","1","1","0","1"
"POINT (10.005923005000056 53.580238455000028)","Unfall 138715 (2021) Kat:3, Licht: 0","138715","3","5","1","09","08","3","","0","1","1","0","0"
"POINT (9.758099824000055 53.580854165000062)","Unfall 138716 (2021) Kat:3, Licht: 0","138716","3","3","5","08","14","4","","0","1","0","0","0"
"POINT (10.031578986000056 53.625963738000053)","Unfall 138717 (2021) Kat:3, Licht: 0","138717","3","3","5","09","17","5","","0","1","1","0","0"
"POINT (10.010992381000051 53.559756843000059)","Unfall 138718 (2021) Kat:2, Licht: 0","138718","2","7","4","09","16","7","","0","1","1","0","0"
"POINT (10.104723398000033 53.538854627000035)","Unfall 138719 (2021) Kat:3, Licht: 0","138719","3","6","2","08","12","6","","0","0","1","0","0"
"POINT (10.011493036000047 53.609076219000031)","Unfall 138720 (2021) Kat:3, Licht: 0","138720","3","2","3","11","13","3","","0","1","1","0","0"
"POINT (9.978062757000032 53.594395083000052)","Unfall 138721 (2021) Kat:3, Licht: 0","138721","3","2","3","08","12","7","","0","1","1","0","0"
"POINT (9.895388547000039 53.557354942000075)","Unfall 138722 (2021) Kat:3, Licht: 2","138722","3","2","4","11","19","5","","2","0","1","0","0"
"POINT (10.144047211000043 53.583949027000074)","Unfall 138723 (2021) Kat:3, Licht: 0","138723","3","7","6","12","15","4","","0","0","1","1","0"
"POINT (9.987978088000034 53.450191490000066)","Unfall 138724 (2021) Kat:3, Licht: 2","138724","3","3","5","10","07","6","","2","1","1","0","0"
"POINT (9.958495261000053 53.598726903000056)","Unfall 138725 (2021) Kat:3, Licht: 2","138725","3","1","0","10","00","7","","2","1","0","0","0"
"POINT (9.949415573000067 53.558447034000039)","Unfall 138726 (2021) Kat:3, Licht: 0","138726","3","6","2","08","20","7","","0","0","1","0","1"
"POINT (10.069400171000041 53.582784027000059)","Unfall 138727 (2021) Kat:2, Licht: 2","138727","2","6","3","11","16","4","","2","1","1","0","0"
"POINT (10.050290807000067 53.573009071000058)","Unfall 138728 (2021) Kat:3, Licht: 0","138728","3","3","5","08","14","2","","0","0","1","0","0"
"POINT (9.808537548000061 53.569804427000065)","Unfall 138729 (2021) Kat:3, Licht: 0","138729","3","7","0","09","18","3","","0","0","0","0","1"
"POINT (9.964051002000076 53.463923149000038)","Unfall 138730 (2021) Kat:3, Licht: 2","138730","3","7","0","09","01","4","","2","0","0","0","0"
"POINT (9.979770692000045 53.580217699000059)","Unfall 138731 (2021) Kat:3, Licht: 0","138731","3","3","0","10","10","6","","0","1","1","0","0"
"POINT (9.890077851000058 53.601854861000049)","Unfall 138732 (2021) Kat:3, Licht: 2","138732","3","6","2","11","19","7","","2","0","1","0","0"
"POINT (9.870280679000075 53.579497023000044)","Unfall 138733 (2021) Kat:3, Licht: 0","138733","3","7","0","09","08","2","","0","0","0","0","1"
"POINT (9.973880294000026 53.576707453000040)","Unfall 138734 (2021) Kat:2, Licht: 2","138734","2","5","1","09","02","2","","2","1","1","0","0"
"POINT (10.096118053000055 53.596264265000059)","Unfall 138735 (2021) Kat:1, Licht: 0","138735","1","3","6","08","11","3","","0","0","1","1","0"
"POINT (10.083912976000022 53.541964666000069)","Unfall 138736 (2021) Kat:3, Licht: 0","138736","3","3","5","10","16","6","","0","1","1","0","0"
"POINT (9.953442955000071 53.551058433000037)","Unfall 138737 (2021) Kat:2, Licht: 0","138737","2","2","5","10","16","5","","0","1","1","0","0"
"POINT (9.951885783000023 53.566967946000034)","Unfall 138738 (2021) Kat:3, Licht: 0","138738","3","2","4","11","16","2","","0","1","1","0","0"
"POINT (10.060182565000048 53.571729468000058)","Unfall 138739 (2021) Kat:3, Licht: 2","138739","3","3","0","11","17","3","","2","1","1","0","0"
"POINT (9.910051825000039 53.604121997000050)","Unfall 138740 (2021) Kat:3, Licht: 1","138740","3","6","3","11","07","2","","1","1","0","0","0"
"POINT (10.077219936000063 53.575526358000047)","Unfall 138741 (2021) Kat:3, Licht: 0","138741","3","6","2","10","15","5","","0","0","1","0","0"
"POINT (10.062185895000027 53.670767864000027)","Unfall 138742 (2021) Kat:3, Licht: 0","138742","3","7","0","10","13","5","","0","1","0","0","0"
"POINT (10.004857506000064 53.672049137000045)","Unfall 138743 (2021) Kat:3, Licht: 0","138743","3","1","0","08","17","5","","0","1","0","0","0"
"POINT (9.948011557000029 53.582339473000047)","Unfall 138744 (2021) Kat:3, Licht: 0","138744","3","3","5","11","09","7","","0","1","1","0","0"
"POINT (9.899509038000076 53.592747195000072)","Unfall 138745 (2021) Kat:3, Licht: 0","138745","3","6","2","09","12","6","","0","0","1","0","0"
"POINT (10.007001220000063 53.497545953000042)","Unfall 138746 (2021) Kat:3, Licht: 0","138746","3","4","6","08","15","7","","0","0","1","1","0"
"POINT (10.051409464000074 53.594404386000065)","Unfall 138747 (2021) Kat:3, Licht: 2","138747","3","7","6","09","20","2","","2","0","1","1","0"
"POINT (10.056077582000057 53.591396416000066)","Unfall 138748 (2021) Kat:2, Licht: 0","138748","2","2","6","08","15","2","","0","0","0","1","0"
"POINT (9.988651232000052 53.444092834000060)","Unfall 138749 (2021) Kat:3, Licht: 0","138749","3","5","1","10","15","3","","0","0","1","0","1"
"POINT (9.876455886000031 53.481004374000065)","Unfall 138750 (2021) Kat:3, Licht: 0","138750","3","3","5","09","16","5","","0","0","1","1","0"
"POINT (9.989896313000031 53.579947631000039)","Unfall 138751 (2021) Kat:3, Licht: 0","138751","3","1","0","09","18","1","","0","1","0","0","0"
"POINT (9.990438698000048 53.580696036000063)","Unfall 138752 (2021) Kat:3, Licht: 0","138752","3","6","3","08","16","2","","0","1","1","0","0"
"POINT (9.977794823000067 53.549802480000039)","Unfall 138753 (2021) Kat:3, Licht: 0","138753","3","3","5","09","12","4","","0","1","1","0","0"
"POINT (10.026468525000041 53.533587282000042)","Unfall 138754 (2021) Kat:3, Licht: 2","138754","3","2","5","10","18","3","","2","0","1","0","0"
"POINT (10.185450500000059 53.647129322000069)","Unfall 138755 (2021) Kat:3, Licht: 0","138755","3","6","2","11","11","6","","0","0","1","0","0"
"POINT (10.173419250000052 53.488126521000027)","Unfall 138756 (2021) Kat:3, Licht: 0","138756","3","3","5","08","15","4","","0","1","1","0","0"
"POINT (10.098862088000033 53.535956970000029)","Unfall 138757 (2021) Kat:3, Licht: 0","138757","3","1","0","09","11","4","","0","0","0","0","1"
"POINT (9.909066875000065 53.521454396000081)","Unfall 138758 (2021) Kat:3, Licht: 0","138758","3","6","1","11","15","2","","0","0","0","0","1"
"POINT (10.133150598000043 53.584882514000071)","Unfall 138759 (2021) Kat:3, Licht: 0","138759","3","7","0","11","11","6","","0","0","0","0","0"
"POINT (9.952523262000057 53.601913899000067)","Unfall 138760 (2021) Kat:3, Licht: 0","138760","3","7","0","10","14","3","","0","1","0","0","0"
"POINT (10.009700936000058 53.556264009000074)","Unfall 138761 (2021) Kat:3, Licht: 0","138761","3","2","3","08","18","1","","0","0","1","0","0"
"POINT (9.957766792000029 53.555822840000076)","Unfall 138762 (2021) Kat:3, Licht: 0","138762","3","3","5","10","14","4","","0","1","1","0","0"
"POINT (10.106356693000066 53.557184091000067)","Unfall 138763 (2021) Kat:3, Licht: 0","138763","3","3","5","08","14","4","","0","1","1","0","0"
"POINT (9.927389034000043 53.551750015000039)","Unfall 138764 (2021) Kat:3, Licht: 2","138764","3","6","3","11","18","5","","2","0","1","0","0"
"POINT (10.040973032000068 53.596997596000051)","Unfall 138765 (2021) Kat:3, Licht: 0","138765","3","6","6","09","16","4","","0","1","0","1","0"
"POINT (9.922813496000060 53.644243845000062)","Unfall 138766 (2021) Kat:3, Licht: 0","138766","3","5","1","08","07","6","","0","1","1","0","0"
"POINT (10.032769621000057 53.590822949000028)","Unfall 138767 (2021) Kat:3, Licht: 0","138767","3","1","0","09","07","4","","0","0","0","0","1"
"POINT (9.905661300000077 53.633324185000049)","Unfall 138768 (2021) Kat:3, Licht: 0","138768","3","3","5","09","17","3","","0","1","1","0","0"
"POINT (10.203155764000030 53.498106912000026)","Unfall 138769 (2021) Kat:2, Licht: 0","138769","2","3","5","10","14","2","","0","1","1","0","0"
"POINT (9.985906555000042 53.456345106000072)","Unfall 138770 (2021) Kat:3, Licht: 2","138770","3","1","9","08","23","1","","2","0","1","0","0"
"POINT (9.997115296000061 53.602126275000046)","Unfall 138771 (2021) Kat:3, Licht: 1","138771","3","2","4","11","07","5","","1","1","1","0","0"
"POINT (10.015258917000040 53.574647375000040)","Unfall 138772 (2021) Kat:3, Licht: 0","138772","3","5","1","09","10","6","","0","0","1","0","0"
"POINT (10.124762041000054 53.571189356000048)","Unfall 138773 (2021) Kat:3, Licht: 0","138773","3","6","2","08","15","5","","0","0","1","0","0"
"POINT (10.097569000000021 53.593647136000072)","Unfall 138774 (2021) Kat:3, Licht: 0","138774","3","3","5","11","07","6","","0","1","0","0","0"
"POINT (10.063675945000057 53.573064499000054)","Unfall 138775 (2021) Kat:3, Licht: 2","138775","3","7","0","12","17","5","","2","0","0","0","0"
"POINT (9.893960156000048 53.593096263000064)","Unfall 138776 (2021) Kat:2, Licht: 0","138776","2","6","1","10","10","1","","0","0","1","0","0"
"POINT (10.054039239000076 53.572701562000077)","Unfall 138777 (2021) Kat:3, Licht: 0","138777","3","3","5","10","12","2","","0","0","1","0","0"
"POINT (10.117505422000022 53.649256794000053)","Unfall 138778 (2021) Kat:3, Licht: 2","138778","3","3","5","11","06","2","","2","0","1","0","0"
"POINT (10.001064250000070 53.554810434000046)","Unfall 138779 (2021) Kat:3, Licht: 0","138779","3","7","0","08","17","4","","0","0","0","0","0"
"POINT (10.088897797000072 53.617911591000052)","Unfall 138780 (2021) Kat:3, Licht: 1","138780","3","6","0","09","06","3","","1","0","0","0","0"
"POINT (10.026245284000026 53.551425217000030)","Unfall 138781 (2021) Kat:3, Licht: 0","138781","3","6","3","09","10","5","","0","0","1","0","0"
"POINT (10.090859514000044 53.642730716000074)","Unfall 138782 (2021) Kat:3, Licht: 0","138782","3","7","0","10","14","6","","0","1","0","0","0"
"POINT (9.988199449000035 53.556751375000033)","Unfall 138783 (2021) Kat:3, Licht: 0","138783","3","3","0","10","09","3","","0","1","0","0","0"
"POINT (10.018126239000026 53.649473612000065)","Unfall 138784 (2021) Kat:3, Licht: 0","138784","3","7","0","10","14","2","","0","0","0","0","0"
"POINT (9.865448370000024 53.596580044000063)","Unfall 138785 (2021) Kat:3, Licht: 0","138785","3","3","5","08","16","3","","0","1","1","0","0"
"POINT (9.925543129000062 53.546461292000060)","Unfall 138786 (2021) Kat:3, Licht: 0","138786","3","6","3","11","08","4","","0","1","1","0","0"
"POINT (10.126515663000021 53.603755079000052)","Unfall 138787 (2021) Kat:3, Licht: 0","138787","3","6","2","09","15","2","","0","0","1","0","1"
"POINT (9.977582868000070 53.527913383000055)","Unfall 138788 (2021) Kat:3, Licht: 0","138788","3","7","0","09","13","4","","0","1","0","0","0"
"POINT (10.000515263000068 53.660569367000051)","Unfall 138789 (2021) Kat:3, Licht: 0","138789","3","3","5","08","19","4","","0","0","1","0","0"
"POINT (9.965097609000054 53.560547180000071)","Unfall 138790 (2021) Kat:3, Licht: 0","138790","3","7","0","10","07","6","","0","1","0","0","0"
"POINT (10.172087247000036 53.607005915000059)","Unfall 138791 (2021) Kat:3, Licht: 2","138791","3","1","8","09","01","1","","2","0","1","0","0"
"POINT (10.025049736000028 53.576715649000050)","Unfall 138792 (2021) Kat:3, Licht: 2","138792","3","2","4","10","19","6","","2","1","1","0","0"
"POINT (10.070701094000071 53.605112683000073)","Unfall 138793 (2021) Kat:3, Licht: 0","138793","3","7","4","11","08","2","","0","0","1","0","0"
"POINT (10.202018761000033 53.489614915000061)","Unfall 138794 (2021) Kat:3, Licht: 0","138794","3","6","3","08","11","5","","0","0","1","0","0"
"POINT (10.012862511000037 53.645508963000054)","Unfall 138795 (2021) Kat:3, Licht: 2","138795","3","6","3","11","23","4","","2","0","1","0","0"
"POINT (10.039373069000021 53.579270710000060)","Unfall 138796 (2021) Kat:3, Licht: 0","138796","3","2","3","12","08","5","","0","1","1","0","0"
"POINT (10.129309580000040 53.682953316000066)","Unfall 138797 (2021) Kat:3, Licht: 0","138797","3","3","5","10","10","7","","0","0","1","0","0"
"POINT (10.068643041000030 53.651049737000051)","Unfall 138798 (2021) Kat:3, Licht: 0","138798","3","3","0","10","13","7","","0","0","1","0","0"
"POINT (10.061943422000070 53.568931127000042)","Unfall 138799 (2021) Kat:3, Licht: 0","138799","3","3","5","08","18","5","","0","0","1","0","0"
"POINT (10.048159888000043 53.561233198000082)","Unfall 138800 (2021) Kat:3, Licht: 0","138800","3","6","2","11","08","6","","0","0","1","0","0"
"POINT (9.969557996000049 53.576544717000047)","Unfall 138801 (2021) Kat:2, Licht: 0","138801","2","3","5","08","11","2","","0","1","1","0","0"
"POINT (10.023607244000061 53.486529830000052)","Unfall 138802 (2021) Kat:3, Licht: 0","138802","3","4","6","09","18","7","","0","0","1","1","0"
"POINT (10.040945350000072 53.566762939000057)","Unfall 138803 (2021) Kat:3, Licht: 0","138803","3","6","3","09","18","4","","0","0","1","0","1"
"POINT (9.982093651000071 53.428123755000058)","Unfall 138804 (2021) Kat:3, Licht: 0","138804","3","6","3","08","18","5","","0","0","1","0","0"
"POINT (9.966596253000034 53.605198872000074)","Unfall 138805 (2021) Kat:3, Licht: 0","138805","3","5","1","10","17","7","","0","1","1","0","0"
"POINT (9.951590414000066 53.599561338000058)","Unfall 138806 (2021) Kat:3, Licht: 0","138806","3","3","5","11","07","2","","0","1","1","0","0"
"POINT (9.985283301000038 53.545014648000063)","Unfall 138807 (2021) Kat:3, Licht: 1","138807","3","6","2","09","18","6","","1","0","1","0","0"
"POINT (10.190837012000031 53.503978509000035)","Unfall 138808 (2021) Kat:3, Licht: 0","138808","3","5","1","09","17","1","","0","1","0","0","0"
"POINT (9.951839450000023 53.566903745000047)","Unfall 138809 (2021) Kat:3, Licht: 0","138809","3","4","6","08","10","3","","0","1","0","1","0"
"POINT (10.155896869000060 53.614456983000082)","Unfall 138810 (2021) Kat:3, Licht: 1","138810","3","2","4","09","05","3","","1","0","1","0","0"
"POINT (10.092311598000038 53.635937116000036)","Unfall 138811 (2021) Kat:3, Licht: 1","138811","3","6","2","10","19","4","","1","0","1","0","0"
"POINT (9.958797602000061 53.565683965000062)","Unfall 138812 (2021) Kat:3, Licht: 0","138812","3","3","5","11","15","1","","0","1","1","0","0"
"POINT (10.084363938000024 53.602934553000068)","Unfall 138813 (2021) Kat:3, Licht: 0","138813","3","7","0","11","16","3","","0","1","0","0","0"
"POINT (10.085046306000038 53.623460838000028)","Unfall 138814 (2021) Kat:3, Licht: 0","138814","3","2","5","09","16","3","","0","1","0","0","0"
"POINT (10.111457167000026 53.624730623000062)","Unfall 138815 (2021) Kat:3, Licht: 0","138815","3","7","0","09","16","3","","0","1","1","0","0"
"POINT (10.022432718000061 53.507366586000046)","Unfall 138816 (2021) Kat:3, Licht: 0","138816","3","6","2","08","08","4","","0","1","1","0","0"
"POINT (10.073212593000051 53.500649518000046)","Unfall 138817 (2021) Kat:3, Licht: 0","138817","3","5","1","09","11","4","","0","1","1","0","0"
"POINT (10.014822387000038 53.560181744000033)","Unfall 138818 (2021) Kat:2, Licht: 1","138818","2","7","6","09","16","1","","1","0","0","1","0"
"POINT (10.050872461000040 53.572187743000029)","Unfall 138819 (2021) Kat:3, Licht: 2","138819","3","7","1","11","18","1","","2","0","1","0","0"
"POINT (10.131055468000056 53.655401436000034)","Unfall 138820 (2021) Kat:3, Licht: 0","138820","3","6","2","08","13","5","","0","0","1","0","0"
"POINT (10.123955594000051 53.588889967000057)","Unfall 138821 (2021) Kat:3, Licht: 2","138821","3","6","2","11","17","3","","2","0","1","0","1"
"POINT (10.123480214000040 53.614413424000077)","Unfall 138822 (2021) Kat:2, Licht: 0","138822","2","7","0","12","13","4","","0","1","0","0","0"
"POINT (9.873012905000053 53.571190282000032)","Unfall 138823 (2021) Kat:3, Licht: 0","138823","3","6","3","10","08","6","","0","1","0","0","0"
"POINT (9.884403893000069 53.568000703000052)","Unfall 138824 (2021) Kat:2, Licht: 0","138824","2","5","1","10","16","7","","0","1","1","0","0"
"POINT (9.956442030000062 53.595889006000050)","Unfall 138825 (2021) Kat:3, Licht: 0","138825","3","4","6","08","07","5","","0","1","0","1","0"
"POINT (10.047508478000054 53.572186981000073)","Unfall 138826 (2021) Kat:3, Licht: 0","138826","3","3","5","11","20","4","","0","0","1","0","0"
"POINT (10.064305156000046 53.575165055000070)","Unfall 138827 (2021) Kat:3, Licht: 0","138827","3","7","0","08","15","1","","0","1","0","0","0"
"POINT (10.011238349000052 53.623887145000026)","Unfall 138828 (2021) Kat:3, Licht: 0","138828","3","2","3","09","07","2","","0","1","1","0","0"
"POINT (10.044128203000071 53.561015981000082)","Unfall 138829 (2021) Kat:3, Licht: 2","138829","3","7","0","09","22","4","","2","1","0","0","0"
"POINT (10.239256585000021 53.410460637000028)","Unfall 138830 (2021) Kat:3, Licht: 0","138830","3","6","4","08","14","5","","0","0","1","0","0"
"POINT (10.206400201000065 53.477518828000029)","Unfall 138831 (2021) Kat:3, Licht: 0","138831","3","6","0","10","12","7","","0","0","1","0","0"
"POINT (10.201870473000042 53.485348911000074)","Unfall 138832 (2021) Kat:3, Licht: 0","138832","3","3","5","08","14","6","","0","0","1","0","0"
"POINT (9.965238894000038 53.566655194000077)","Unfall 138833 (2021) Kat:3, Licht: 0","138833","3","7","4","11","15","1","","0","1","1","0","0"
"POINT (10.070062148000034 53.552846969000029)","Unfall 138834 (2021) Kat:3, Licht: 0","138834","3","6","3","09","15","2","","0","0","1","0","0"
"POINT (9.948392844000068 53.555671764000067)","Unfall 138835 (2021) Kat:3, Licht: 0","138835","3","3","5","09","07","1","","0","1","0","0","0"
"POINT (10.084903774000054 53.570326094000052)","Unfall 138836 (2021) Kat:3, Licht: 0","138836","3","5","1","08","15","2","","0","0","1","0","0"
"POINT (10.069163761000027 53.524043742000060)","Unfall 138837 (2021) Kat:3, Licht: 0","138837","3","6","2","09","07","5","","0","0","1","0","0"
"POINT (10.012906715000042 53.642839618000039)","Unfall 138838 (2021) Kat:3, Licht: 0","138838","3","2","3","10","10","4","","0","1","1","0","0"
"POINT (10.007217442000069 53.668038269000078)","Unfall 138839 (2021) Kat:3, Licht: 2","138839","3","1","0","11","19","7","","2","1","0","0","0"
"POINT (9.919908398000075 53.637487463000070)","Unfall 138840 (2021) Kat:3, Licht: 2","138840","3","2","2","11","17","2","","2","0","1","0","0"
"POINT (9.941148413000064 53.634011983000050)","Unfall 138841 (2021) Kat:3, Licht: 2","138841","3","7","1","11","18","3","","2","0","1","0","0"
"POINT (9.951428391000036 53.599555065000061)","Unfall 138842 (2021) Kat:3, Licht: 1","138842","3","3","5","10","07","5","","1","1","1","0","0"
"POINT (10.079814831000022 53.600728896000078)","Unfall 138843 (2021) Kat:3, Licht: 0","138843","3","3","5","10","16","6","","0","1","1","0","0"
"POINT (10.112651525000047 53.538135078000039)","Unfall 138844 (2021) Kat:3, Licht: 0","138844","3","7","0","08","13","4","","0","1","0","0","0"
"POINT (9.954059012000073 53.598898305000034)","Unfall 138845 (2021) Kat:3, Licht: 0","138845","3","6","3","11","12","6","","0","1","0","0","0"
"POINT (9.967355739000027 53.439043039000069)","Unfall 138846 (2021) Kat:3, Licht: 0","138846","3","2","4","09","07","5","","0","0","1","0","0"
"POINT (10.031225470000038 53.565127597000071)","Unfall 138847 (2021) Kat:3, Licht: 0","138847","3","3","5","08","13","7","","0","0","1","0","1"
"POINT (10.132831811000074 53.624251445000027)","Unfall 138848 (2021) Kat:2, Licht: 0","138848","2","2","4","09","07","6","","0","0","0","0","1"
"POINT (10.108233485000028 53.548766867000040)","Unfall 138849 (2021) Kat:3, Licht: 0","138849","3","3","5","08","07","2","","0","0","1","0","0"
"POINT (9.961898065000071 53.612598853000065)","Unfall 138850 (2021) Kat:3, Licht: 2","138850","3","7","0","10","05","5","","2","1","0","0","0"
"POINT (9.889124671000047 53.573142263000079)","Unfall 138851 (2021) Kat:3, Licht: 0","138851","3","5","1","09","09","7","","0","1","1","0","0"
"POINT (9.905992456000035 53.616543656000033)","Unfall 138852 (2021) Kat:3, Licht: 0","138852","3","6","3","08","12","2","","0","0","1","0","0"
"POINT (10.026914870000041 53.569831268000030)","Unfall 138853 (2021) Kat:3, Licht: 2","138853","3","6","3","09","21","4","","2","0","1","0","0"
"POINT (9.974017641000046 53.569201377000070)","Unfall 138854 (2021) Kat:3, Licht: 0","138854","3","1","0","10","07","4","","0","0","0","0","1"
"POINT (9.919864793000045 53.563350084000035)","Unfall 138855 (2021) Kat:3, Licht: 2","138855","3","3","5","11","18","5","","2","0","1","0","1"
"POINT (10.160443020000059 53.625422641000057)","Unfall 138856 (2021) Kat:3, Licht: 0","138856","3","3","5","08","17","4","","0","0","1","0","0"
"POINT (10.006592353000030 53.582059041000036)","Unfall 138857 (2021) Kat:3, Licht: 0","138857","3","5","1","09","15","4","","0","0","1","0","0"
"POINT (10.098549856000034 53.542397724000068)","Unfall 138858 (2021) Kat:3, Licht: 0","138858","3","3","5","10","11","1","","0","0","1","0","0"
"POINT (10.016427626000052 53.562225048000073)","Unfall 138859 (2021) Kat:2, Licht: 2","138859","2","2","6","11","23","7","","2","0","1","1","0"
"POINT (9.914816121000058 53.556399199000055)","Unfall 138860 (2021) Kat:3, Licht: 1","138860","3","7","0","10","17","3","","1","0","0","0","0"
"POINT (10.014760237000075 53.551715540000032)","Unfall 138861 (2021) Kat:3, Licht: 0","138861","3","6","2","08","15","1","","0","0","1","0","0"
"POINT (9.982488602000046 53.584361548000061)","Unfall 138862 (2021) Kat:2, Licht: 0","138862","2","7","6","10","11","4","","0","0","0","1","0"
"POINT (9.907441424000069 53.632629763000068)","Unfall 138863 (2021) Kat:2, Licht: 0","138863","2","4","6","08","17","3","","0","0","1","1","0"
"POINT (9.955496490000030 53.549773125000058)","Unfall 138864 (2021) Kat:3, Licht: 2","138864","3","2","4","11","16","5","","2","1","1","0","0"
"POINT (9.875830091000068 53.588652123000031)","Unfall 138865 (2021) Kat:3, Licht: 2","138865","3","4","6","09","23","5","","2","0","1","1","0"
"POINT (9.947296837000067 53.561151886000061)","Unfall 138866 (2021) Kat:3, Licht: 0","138866","3","3","5","08","10","6","","0","1","1","0","0"
"POINT (10.011679194000067 53.623783681000077)","Unfall 138867 (2021) Kat:3, Licht: 0","138867","3","1","0","09","11","4","","0","0","0","0","1"
"POINT (10.113085657000056 53.486160768000047)","Unfall 138868 (2021) Kat:2, Licht: 0","138868","2","6","3","09","19","2","","0","1","0","0","0"
"POINT (10.053117290000046 53.611785073000078)","Unfall 138869 (2021) Kat:3, Licht: 0","138869","3","6","4","08","16","1","","0","0","1","0","0"
"POINT (10.198556661000055 53.462358368000082)","Unfall 138870 (2021) Kat:3, Licht: 0","138870","3","6","2","11","12","4","","0","0","1","0","0"
"POINT (10.128723929000046 53.561326826000027)","Unfall 138871 (2021) Kat:3, Licht: 0","138871","3","3","6","08","08","5","","0","0","1","1","0"
"POINT (10.048720665000076 53.578696004000051)","Unfall 138872 (2021) Kat:3, Licht: 2","138872","3","2","5","11","18","5","","2","1","1","0","0"
"POINT (10.004091222000056 53.554134989000033)","Unfall 138873 (2021) Kat:3, Licht: 2","138873","3","2","3","12","06","6","","2","0","0","0","0"
"POINT (10.059736453000028 53.567730431000030)","Unfall 138874 (2021) Kat:3, Licht: 2","138874","3","2","2","10","19","2","","2","1","1","0","0"
"POINT (10.027257221000070 53.672560245000057)","Unfall 138875 (2021) Kat:3, Licht: 0","138875","3","3","5","10","10","2","","0","0","1","0","0"
"POINT (10.008497058000046 53.550478534000035)","Unfall 138876 (2021) Kat:3, Licht: 0","138876","3","2","3","11","14","4","","0","1","1","0","0"
"POINT (10.050676761000034 53.597408416000064)","Unfall 138877 (2021) Kat:3, Licht: 0","138877","3","6","2","08","17","3","","0","1","1","0","0"
"POINT (9.890243204000058 53.575053422000053)","Unfall 138878 (2021) Kat:3, Licht: 0","138878","3","2","0","09","07","4","","0","0","1","0","1"
"POINT (10.186854861000029 53.650984774000051)","Unfall 138879 (2021) Kat:3, Licht: 0","138879","3","4","6","09","16","5","","0","0","1","1","0"
"POINT (10.109918931000038 53.605432603000054)","Unfall 138880 (2021) Kat:3, Licht: 0","138880","3","3","5","10","13","6","","0","0","1","0","0"
"POINT (9.876079166000068 53.588419206000026)","Unfall 138881 (2021) Kat:3, Licht: 0","138881","3","2","5","10","14","1","","0","0","1","0","0"
"POINT (9.989485926000043 53.447669765000057)","Unfall 138882 (2021) Kat:3, Licht: 0","138882","3","1","0","08","10","6","","0","0","0","0","1"
"POINT (10.056657126000061 53.569549229000074)","Unfall 138883 (2021) Kat:3, Licht: 0","138883","3","6","2","10","18","2","","0","0","1","0","0"
"POINT (10.043479611000066 53.596033471000055)","Unfall 138884 (2021) Kat:3, Licht: 0","138884","3","7","1","11","11","1","","0","0","1","0","0"
"POINT (10.132233256000063 53.587462699000071)","Unfall 138885 (2021) Kat:3, Licht: 0","138885","3","3","5","09","12","2","","0","1","1","0","0"
"POINT (9.844453715000043 53.575250860000040)","Unfall 138886 (2021) Kat:3, Licht: 0","138886","3","4","6","09","10","3","","0","0","1","1","0"
"POINT (10.169477506000021 53.658559827000033)","Unfall 138887 (2021) Kat:2, Licht: 0","138887","2","7","0","08","12","4","","0","1","0","0","0"
"POINT (9.954557713000042 53.455686562000039)","Unfall 138888 (2021) Kat:2, Licht: 2","138888","2","4","6","10","19","6","","2","0","1","1","0"
"POINT (10.132743189000053 53.547149663000027)","Unfall 138889 (2021) Kat:2, Licht: 0","138889","2","3","5","09","13","6","","0","0","1","0","0"