WKT,Name,OBJECTID,UKATEGORIE,UTYP1,UART,UMONAT,USTUNDE,UWOCHENTAG,STRZUSTAND,ULICHTVERH,ISTRAD,ISTPKW,ISTFUSS,ISTKRAD
"POINT (9.887439780000022 53.558721410000032)","Unfall 138890 (2021) Kat:3, Licht: 0","138890","3","6","2","10","12","7","","0","0","1","0","0"
"POINT (9.945125614000062 53.638239857000030)","Unfall 138891 (2021) Kat:3, Licht: 1","138891","3","3","5","11","07","3","","1","1","1","0","0"
"POINT (9.977293912000050 53.553694809000035)","Unfall 138892 (2021) Kat:2, Licht: 2","138892","2","7","6","11","23","5","","2","0","0","1","0"
"POINT (9.990254763000053 53.447466741000028)","Unfall 138893 (2021) Kat:3, Licht: 0","138893","3","6","3","12","15","4","","0","0","1","0","0"
"POINT (10.055104371000027 53.560962436000068)","Unfall 138894 (2021) Kat:3, Licht: 0","138894","3","2","4","10","16","6","","0","1","1","0","0"
"POINT (9.852792863000047 53.592246375000059)","Unfall 138895 (2021) Kat:3, Licht: 0","138895","3","3","5","10","11","2","","0","0","1","0","0"
"POINT (9.750058647000060 53.575308325000037)","Unfall 138896 (2021) Kat:3, Licht: 0","138896","3","3","5","08","13","6","","0","1","1","0","0"
"POINT (10.107869550000032 53.655528340000046)","Unfall 138897 (2021) Kat:3, Licht: 0","138897","3","3","0","11","12","6","","0","0","0","0","0"
"POINT (10.014524060000042 53.597847291000051)","Unfall 138898 (2021) Kat:3, Licht: 0","138898","3","3","5","08","08","2","","0","1","1","0","0"
"POINT (9.866489287000036 53.548005592000038)","Unfall 138899 (2021) Kat:3, Licht: 0","138899","3","6","2","09","18","1","","0","0","1","0","0"
"POINT (10.086544460000027 53.617948463000062)","Unfall 138900 (2021) Kat:3, Licht: 0","138900","3","6","2","09","16","4","","0","0","1","0","0"
"POINT (10.131839549000063 53.578473817000031)","Unfall 138901 (2021) Kat:3, Licht: 0","138901","3","6","4","08","19","5","","0","1","1","0","0"
"POINT (10.132571113000040 53.547050197000033)","Unfall 138902 (2021) Kat:3, Licht: 0","138902","3","2","6","10","17","6","","0","0","1","1","0"
"POINT (10.019766710000056 53.552831386000037)","Unfall 138903 (2021) Kat:3, Licht: 0","138903","3","7","2","09","15","6","","0","0","1","0","0"
"POINT (10.144798486000070 53.530926342000043)","Unfall 138904 (2021) Kat:2, Licht: 0","138904","2","4","6","09","18","1","","0","0","1","1","0"
"POINT (10.014673294000033 53.575939646000052)","Unfall 138905 (2021) Kat:3, Licht: 0","138905","3","3","0","08","16","3","","0","1","1","0","0"
"POINT (9.897874060000049 53.605267750000053)","Unfall 138906 (2021) Kat:3, Licht: 0","138906","3","3","5","09","07","4","","0","1","1","0","0"
"POINT (10.007146300000045 53.606685353000046)","Unfall 138907 (2021) Kat:3, Licht: 2","138907","3","6","4","10","07","3","","2","1","1","0","0"
"POINT (9.991428025000062 53.500559247000069)","Unfall 138908 (2021) Kat:3, Licht: 2","138908","3","3","5","11","20","7","","2","0","1","0","0"
"POINT (10.016469715000028 53.582452403000048)","Unfall 138909 (2021) Kat:3, Licht: 0","138909","3","6","3","11","13","3","","0","1","0","0","0"
"POINT (10.010571801000026 53.623919006000051)","Unfall 138910 (2021) Kat:3, Licht: 0","138910","3","2","3","11","13","2","","0","0","1","0","0"
"POINT (9.878687971000033 53.562016023000069)","Unfall 138911 (2021) Kat:3, Licht: 0","138911","3","3","0","10","15","5","","0","0","1","0","1"
"POINT (9.875804212000048 53.472569003000046)","Unfall 138912 (2021) Kat:3, Licht: 0","138912","3","7","6","08","19","7","","0","0","0","1","0"
"POINT (9.976222439000026 53.490745803000038)","Unfall 138913 (2021) Kat:3, Licht: 2","138913","3","6","2","10","22","6","","2","0","1","0","0"
"POINT (10.081948657000055 53.590119376000075)","Unfall 138914 (2021) Kat:3, Licht: 0","138914","3","3","5","08","08","4","","0","1","1","0","0"
"POINT (10.046681996000075 53.593700394000052)","Unfall 138915 (2021) Kat:3, Licht: 2","138915","3","3","5","11","17","5","","2","0","1","0","0"
"POINT (10.016397886000050 53.649414738000075)","Unfall 138916 (2021) Kat:3, Licht: 0","138916","3","5","1","09","09","6","","0","0","1","0","0"
"POINT (9.921552476000045 53.555912669000065)","Unfall 138917 (2021) Kat:3, Licht: 0","138917","3","7","0","08","18","7","","0","1","0","0","0"
"POINT (10.149541444000022 53.543408307000050)","Unfall 138918 (2021) Kat:3, Licht: 0","138918","3","6","2","09","13","6","","0","0","1","0","0"
"POINT (10.058846240000037 53.569979614000033)","Unfall 138919 (2021) Kat:3, Licht: 0","138919","3","3","5","08","15","3","","0","1","1","0","0"
"POINT (10.202036956000029 53.485559286000068)","Unfall 138920 (2021) Kat:3, Licht: 0","138920","3","2","0","10","10","4","","0","0","1","0","0"
"POINT (9.935912831000053 53.550281489000042)","Unfall 138921 (2021) Kat:3, Licht: 2","138921","3","2","4","11","17","6","","2","1","1","0","0"
"POINT (9.988597910000067 53.562067991000049)","Unfall 138922 (2021) Kat:3, Licht: 1","138922","3","7","3","09","20","7","","1","0","1","0","0"
"POINT (9.761450637000053 53.565576542000031)","Unfall 138923 (2021) Kat:3, Licht: 0","138923","3","7","0","08","18","1","","0","1","0","0","0"
"POINT (10.076129897000044 53.614548183000068)","Unfall 138924 (2021) Kat:3, Licht: 0","138924","3","6","2","12","08","5","","0","0","1","0","0"
"POINT (10.171515940000063 53.626401689000033)","Unfall 138925 (2021) Kat:2, Licht: 2","138925","2","7","0","10","05","1","","2","0","0","0","1"
"POINT (9.971857162000049 53.587374068000031)","Unfall 138926 (2021) Kat:3, Licht: 0","138926","3","4","6","11","12","5","","0","0","0","1","0"
"POINT (10.137724207000076 53.608096550000027)","Unfall 138927 (2021) Kat:3, Licht: 0","138927","3","3","5","08","14","3","","0","1","1","0","0"
"POINT (9.847017910000034 53.568218425000055)","Unfall 138928 (2021) Kat:3, Licht: 2","138928","3","6","2","09","19","5","","2","0","1","0","0"
"POINT (9.970082171000058 53.549158933000058)","Unfall 138929 (2021) Kat:3, Licht: 0","138929","3","7","0","10","08","1","","0","0","0","0","0"
"POINT (10.014023265000048 53.592077870000082)","Unfall 138930 (2021) Kat:3, Licht: 2","138930","3","5","1","11","16","1","","2","0","1","0","1"
"POINT (9.907098179000059 53.602368908000074)","Unfall 138931 (2021) Kat:3, Licht: 0","138931","3","7","0","10","08","4","","0","1","0","0","0"
"POINT (10.101467828000068 53.589529213000048)","Unfall 138932 (2021) Kat:3, Licht: 0","138932","3","7","1","08","16","7","","0","1","1","0","0"
"POINT (9.950723446000040 53.452830411000036)","Unfall 138933 (2021) Kat:3, Licht: 0","138933","3","6","3","10","16","4","","0","1","1","0","0"
"POINT (9.892689803000053 53.573801377000052)","Unfall 138934 (2021) Kat:3, Licht: 1","138934","3","2","4","08","05","3","","1","0","0","0","1"
"POINT (10.179584461000047 53.406714933000046)","Unfall 138935 (2021) Kat:3, Licht: 2","138935","3","5","1","11","04","3","","2","0","1","0","0"
"POINT (9.954795366000042 53.569607987000040)","Unfall 138936 (2021) Kat:3, Licht: 0","138936","3","7","0","09","17","5","","0","1","0","0","0"
"POINT (9.991977153000050 53.559312003000059)","Unfall 138937 (2021) Kat:3, Licht: 0","138937","3","7","0","08","18","6","","0","1","0","0","0"
"POINT (10.035194048000051 53.615317202000028)","Unfall 138938 (2021) Kat:3, Licht: 0","138938","3","6","2","09","15","4","","0","0","1","0","0"
"POINT (9.973846170000058 53.550264059000028)","Unfall 138939 (2021) Kat:3, Licht: 2","138939","3","6","2","09","22","4","","2","1","0","0","0"
"POINT (10.015817013000060 53.551812361000032)","Unfall 138940 (2021) Kat:3, Licht: 0","138940","3","2","2","11","14","3","","0","0","1","0","0"
"POINT (9.977174716000036 53.564162186000033)","Unfall 138941 (2021) Kat:3, Licht: 1","138941","3","2","5","11","17","2","","1","1","1","0","0"
"POINT (10.203365538000071 53.427081574000056)","Unfall 138942 (2021) Kat:3, Licht: 0","138942","3","3","5","10","08","5","","0","0","1","0","0"
"POINT (10.153201791000072 53.615085608000072)","Unfall 138943 (2021) Kat:3, Licht: 0","138943","3","3","5","10","09","6","","0","0","1","0","1"
"POINT (10.021312150000028 53.549534733000030)","Unfall 138944 (2021) Kat:3, Licht: 0","138944","3","4","6","08","17","4","","0","0","1","1","0"
"POINT (9.986412547000043 53.547821117000069)","Unfall 138945 (2021) Kat:3, Licht: 2","138945","3","2","4","11","22","5","","2","0","1","0","0"
"POINT (9.990945401000033 53.560258836000060)","Unfall 138946 (2021) Kat:3, Licht: 0","138946","3","6","2","09","12","6","","0","0","1","0","0"
"POINT (9.888568886000030 53.601022891000071)","Unfall 138947 (2021) Kat:3, Licht: 2","138947","3","1","0","08","01","7","","2","0","0","0","0"
"POINT (10.179755519000025 53.478247977000080)","Unfall 138948 (2021) Kat:3, Licht: 0","138948","3","3","5","09","16","6","","0","1","1","0","0"
"POINT (9.987533317000043 53.450609569000051)","Unfall 138949 (2021) Kat:3, Licht: 0","138949","3","6","3","08","14","2","","0","1","0","0","0"
"POINT (10.108689300000037 53.559045407000042)","Unfall 138950 (2021) Kat:3, Licht: 0","138950","3","2","5","10","14","5","","0","0","1","0","0"
"POINT (10.057235509000066 53.580031986000051)","Unfall 138951 (2021) Kat:3, Licht: 1","138951","3","2","4","09","20","6","","1","0","1","0","0"
"POINT (10.121518157000025 53.564316274000078)","Unfall 138952 (2021) Kat:3, Licht: 0","138952","3","1","8","08","20","1","","0","0","1","0","0"
"POINT (9.945026162000033 53.548516215000063)","Unfall 138953 (2021) Kat:3, Licht: 0","138953","3","6","2","10","11","4","","0","0","1","0","0"
"POINT (9.880900570000051 53.514596271000073)","Unfall 138954 (2021) Kat:3, Licht: 2","138954","3","1","4","11","20","5","","2","0","1","0","0"
"POINT (9.945908932000066 53.557111025000040)","Unfall 138955 (2021) Kat:3, Licht: 1","138955","3","3","5","08","18","4","","1","1","0","0","0"
"POINT (10.090929355000071 53.634326277000071)","Unfall 138956 (2021) Kat:3, Licht: 0","138956","3","2","4","09","17","4","","0","0","1","0","0"
"POINT (10.066181648000054 53.571812889000057)","Unfall 138957 (2021) Kat:3, Licht: 0","138957","3","6","4","10","14","1","","0","1","0","0","0"
"POINT (9.986801169000046 53.547861030000035)","Unfall 138958 (2021) Kat:3, Licht: 2","138958","3","7","0","11","02","1","","2","0","0","0","0"
"POINT (9.960050065000075 53.456847424000046)","Unfall 138959 (2021) Kat:3, Licht: 2","138959","3","2","4","10","19","3","","2","1","1","0","0"
"POINT (10.127898014000039 53.641491208000048)","Unfall 138960 (2021) Kat:3, Licht: 2","138960","3","6","4","08","20","7","","2","0","1","0","0"
"POINT (10.004577620000020 53.588664586000050)","Unfall 138961 (2021) Kat:3, Licht: 2","138961","3","6","2","10","18","4","","2","0","1","0","0"
"POINT (9.898947113000077 53.588605673000075)","Unfall 138962 (2021) Kat:3, Licht: 0","138962","3","3","5","11","07","4","","0","1","1","0","0"
"POINT (9.992406023000058 53.556292764000034)","Unfall 138963 (2021) Kat:3, Licht: 0","138963","3","7","6","09","10","5","","0","0","1","1","0"
"POINT (10.001884992000043 53.550056435000045)","Unfall 138964 (2021) Kat:3, Licht: 0","138964","3","4","0","08","13","5","","0","0","0","1","0"
"POINT (9.954737070000022 53.569407064000075)","Unfall 138965 (2021) Kat:3, Licht: 0","138965","3","2","3","09","08","5","","0","1","1","0","0"
"POINT (10.184444220000046 53.507486895000056)","Unfall 138966 (2021) Kat:3, Licht: 0","138966","3","3","5","09","16","3","","0","0","1","0","0"
"POINT (9.946768878000057 53.462211206000063)","Unfall 138967 (2021) Kat:3, Licht: 0","138967","3","3","5","08","14","6","","0","0","1","0","0"
"POINT (10.090610604000062 53.578079848000073)","Unfall 138968 (2021) Kat:3, Licht: 0","138968","3","6","4","11","15","5","","0","1","0","0","0"
"POINT (9.952562481000029 53.598773704000052)","Unfall 138969 (2021) Kat:3, Licht: 0","138969","3","3","5","08","20","6","","0","1","1","0","0"
"POINT (9.978484897000044 53.607294221000075)","Unfall 138970 (2021) Kat:3, Licht: 0","138970","3","7","0","11","13","6","","0","1","0","0","0"
"POINT (10.035018211000022 53.552392754000039)","Unfall 138971 (2021) Kat:3, Licht: 2","138971","3","4","6","12","06","5","","2","0","1","1","0"
"POINT (10.033996701000035 53.574333710000076)","Unfall 138972 (2021) Kat:3, Licht: 0","138972","3","6","2","10","12","1","","0","0","1","0","0"
"POINT (9.951364476000037 53.599553970000045)","Unfall 138973 (2021) Kat:3, Licht: 0","138973","3","6","0","10","13","3","","0","1","0","0","0"
"POINT (9.954039900000055 53.553488462000075)","Unfall 138974 (2021) Kat:3, Licht: 1","138974","3","7","0","11","07","3","","1","1","0","0","0"
"POINT (10.006116742000074 53.550546548000057)","Unfall 138975 (2021) Kat:3, Licht: 0","138975","3","7","0","08","13","4","","0","0","0","0","0"
"POINT (9.994461535000028 53.564255883000044)","Unfall 138976 (2021) Kat:3, Licht: 0","138976","3","7","2","09","10","4","","0","0","1","0","0"
"POINT (10.031183660000067 53.622118484000055)","Unfall 138977 (2021) Kat:3, Licht: 0","138977","3","7","0","09","11","6","","0","0","0","0","0"
"POINT (9.933943344000056 53.583309755000073)","Unfall 138978 (2021) Kat:3, Licht: 0","138978","3","2","3","10","14","6","","0","1","1","0","0"
"POINT (9.933697631000030 53.590601416000027)","Unfall 138979 (2021) Kat:3, Licht: 0","138979","3","7","0","10","14","2","","0","1","0","0","0"
"POINT (9.870227448000037 53.476546283000062)","Unfall 138980 (2021) Kat:3, Licht: 0","138980","3","3","5","10","16","2","","0","1","1","0","0"
"POINT (10.065125078000051 53.581972038000060)","Unfall 138981 (2021) Kat:3, Licht: 2","138981","3","6","2","11","19","1","","2","0","1","0","0"
"POINT (10.135434275000023 53.594570469000075)","Unfall 138982 (2021) Kat:3, Licht: 0","138982","3","2","6","09","17","1","","0","0","1","1","0"
"POINT (10.131609187000038 53.673316015000069)","Unfall 138983 (2021) Kat:2, Licht: 0","138983","2","3","5","09","16","3","","0","0","1","0","0"
"POINT (10.014524060000042 53.597847291000051)","Unfall 138984 (2021) Kat:3, Licht: 0","138984","3","3","5","08","07","4","","0","1","1","0","0"
"POINT (10.019653306000066 53.479526652000061)","Unfall 138985 (2021) Kat:3, Licht: 0","138985","3","2","5","10","17","6","","0","0","1","0","0"
"POINT (10.182305884000073 53.492059986000072)","Unfall 138986 (2021) Kat:3, Licht: 0","138986","3","6","2","09","12","7","","0","0","1","0","0"
"POINT (10.025125331000027 53.561789198000042)","Unfall 138987 (2021) Kat:3, Licht: 0","138987","3","6","2","10","13","5","","0","0","1","0","0"
"POINT (9.969053109000072 53.567160667000053)","Unfall 138988 (2021) Kat:3, Licht: 2","138988","3","7","1","11","16","3","","2","0","1","0","0"
"POINT (10.204267644000026 53.491761854000060)","Unfall 138989 (2021) Kat:3, Licht: 1","138989","3","2","3","11","17","3","","1","1","1","0","0"
"POINT (9.915714065000031 53.609856185000069)","Unfall 138990 (2021) Kat:3, Licht: 0","138990","3","2","3","12","16","4","","0","1","1","0","0"
"POINT (10.182050269000058 53.511931750000031)","Unfall 138991 (2021) Kat:3, Licht: 0","138991","3","6","1","10","08","6","","0","0","1","0","0"
"POINT (9.903257069000063 53.587632443000075)","Unfall 138992 (2021) Kat:2, Licht: 0","138992","2","7","0","10","12","1","","0","1","0","0","0"
"POINT (10.229251680000061 53.444998813000041)","Unfall 138993 (2021) Kat:3, Licht: 0","138993","3","3","5","08","14","5","","0","1","1","0","0"
"POINT (9.955323385000042 53.551688817000070)","Unfall 138994 (2021) Kat:2, Licht: 2","138994","2","1","0","11","01","1","","2","0","0","0","0"
"POINT (10.009377720000032 53.547710823000045)","Unfall 138995 (2021) Kat:3, Licht: 2","138995","3","6","3","09","21","6","","2","0","1","0","0"
"POINT (10.151034512000024 53.613505970000062)","Unfall 138996 (2021) Kat:3, Licht: 0","138996","3","3","5","08","13","2","","0","1","1","0","0"
"POINT (9.860726017000047 53.472652862000075)","Unfall 138997 (2021) Kat:3, Licht: 0","138997","3","3","5","09","14","1","","0","1","1","0","0"
"POINT (9.888918310000065 53.576474370000028)","Unfall 138998 (2021) Kat:2, Licht: 0","138998","2","4","6","09","09","4","","0","0","0","1","0"
"POINT (9.942186909000043 53.572748489000048)","Unfall 138999 (2021) Kat:3, Licht: 0","138999","3","2","3","08","12","5","","0","0","0","0","1"
"POINT (10.006492022000032 53.654015852000043)","Unfall 139000 (2021) Kat:3, Licht: 0","139000","3","7","0","10","15","6","","0","0","0","0","1"
"POINT (9.964993043000050 53.551024945000052)","Unfall 139001 (2021) Kat:3, Licht: 2","139001","3","7","0","09","02","1","","2","0","0","0","0"
"POINT (9.953686770000047 53.545563994000076)","Unfall 139002 (2021) Kat:3, Licht: 2","139002","3","1","0","09","02","2","","2","0","0","0","0"
"POINT (10.144720282000037 53.601646979000066)","Unfall 139003 (2021) Kat:3, Licht: 0","139003","3","6","2","08","14","2","","0","0","1","0","0"
"POINT (9.977837809000050 53.583956520000072)","Unfall 139004 (2021) Kat:2, Licht: 1","139004","2","3","5","09","18","4","","1","1","1","0","0"
"POINT (10.119673936000027 53.606377799000029)","Unfall 139005 (2021) Kat:3, Licht: 2","139005","3","3","5","10","06","3","","2","0","1","0","0"
"POINT (9.950510451000071 53.469071749000079)","Unfall 139006 (2021) Kat:3, Licht: 0","139006","3","6","4","11","13","6","","0","0","1","0","0"
"POINT (9.957766751000065 53.612133530000051)","Unfall 139007 (2021) Kat:3, Licht: 0","139007","3","2","3","11","08","3","","0","1","1","0","0"
"POINT (9.954193179000072 53.620473225000069)","Unfall 139008 (2021) Kat:2, Licht: 2","139008","2","4","6","11","18","3","","2","0","1","1","0"
"POINT (10.013339341000062 53.548594162000029)","Unfall 139009 (2021) Kat:3, Licht: 0","139009","3","6","3","10","13","6","","0","1","1","0","0"
"POINT (9.959822552000048 53.546246655000061)","Unfall 139010 (2021) Kat:3, Licht: 2","139010","3","1","0","08","00","1","","2","0","0","0","1"
"POINT (10.150065308000023 53.488166929000045)","Unfall 139011 (2021) Kat:3, Licht: 2","139011","3","3","5","10","00","5","","2","0","1","0","0"
"POINT (10.034797951000030 53.680148660000043)","Unfall 139012 (2021) Kat:3, Licht: 0","139012","3","3","5","08","17","3","","0","1","1","0","0"
"POINT (9.967285684000046 53.560940373000051)","Unfall 139013 (2021) Kat:3, Licht: 2","139013","3","7","1","11","17","5","","2","1","1","0","0"
"POINT (9.992775506000044 53.457400417000031)","Unfall 139014 (2021) Kat:3, Licht: 0","139014","3","2","3","09","15","4","","0","0","1","0","0"
"POINT (9.960593267000036 53.569405278000033)","Unfall 139015 (2021) Kat:3, Licht: 0","139015","3","6","2","08","16","5","","0","0","1","0","0"
"POINT (9.970704133000027 53.581419888000028)","Unfall 139016 (2021) Kat:3, Licht: 2","139016","3","5","1","09","19","7","","2","1","1","0","0"
"POINT (10.039460749000057 53.605944130000069)","Unfall 139017 (2021) Kat:2, Licht: 2","139017","2","3","5","09","05","2","","2","0","1","0","1"
"POINT (9.965216655000063 53.548138848000065)","Unfall 139018 (2021) Kat:3, Licht: 0","139018","3","3","5","10","08","4","","0","1","1","0","0"
"POINT (9.994133505000036 53.543403217000048)","Unfall 139019 (2021) Kat:3, Licht: 2","139019","3","7","0","11","18","6","","2","1","0","0","0"
"POINT (9.956309482000052 53.549704907000034)","Unfall 139020 (2021) Kat:3, Licht: 2","139020","3","6","2","09","00","7","","2","0","1","0","0"
"POINT (10.088978559000054 53.512675264000052)","Unfall 139021 (2021) Kat:3, Licht: 0","139021","3","4","6","08","17","7","","0","0","1","1","0"
"POINT (10.052363236000076 53.587881684000081)","Unfall 139022 (2021) Kat:3, Licht: 0","139022","3","6","2","11","13","5","","0","0","1","0","0"
"POINT (9.966291716000057 53.569365672000060)","Unfall 139023 (2021) Kat:3, Licht: 2","139023","3","3","5","10","21","2","","2","1","1","0","0"
"POINT (10.186727909000069 53.508059062000029)","Unfall 139024 (2021) Kat:2, Licht: 2","139024","2","4","6","11","17","5","","2","0","1","1","0"
"POINT (9.955853835000028 53.551732286000060)","Unfall 139025 (2021) Kat:3, Licht: 0","139025","3","3","5","08","13","3","","0","0","1","0","0"
"POINT (10.084863000000041 53.624667880000061)","Unfall 139026 (2021) Kat:3, Licht: 0","139026","3","6","3","09","07","4","","0","1","0","0","0"
"POINT (10.018601264000040 53.565137345000039)","Unfall 139027 (2021) Kat:3, Licht: 0","139027","3","7","0","10","11","7","","0","1","0","0","0"
"POINT (10.077058625000063 53.657091679000075)","Unfall 139028 (2021) Kat:2, Licht: 2","139028","2","4","6","10","05","2","","2","0","1","1","0"
"POINT (10.033692616000053 53.576622093000026)","Unfall 139029 (2021) Kat:3, Licht: 0","139029","3","3","5","10","14","3","","0","0","1","0","0"
"POINT (10.078913171000067 53.550085560000070)","Unfall 139030 (2021) Kat:3, Licht: 0","139030","3","6","2","08","21","2","","0","0","1","0","0"
"POINT (9.956499337000025 53.468775555000036)","Unfall 139031 (2021) Kat:2, Licht: 0","139031","2","3","6","11","07","2","","0","0","1","1","0"
"POINT (10.089270547000069 53.631953422000038)","Unfall 139032 (2021) Kat:3, Licht: 0","139032","3","2","4","09","16","3","","0","0","1","0","0"
"POINT (10.168761926000059 53.400431503000050)","Unfall 139033 (2021) Kat:2, Licht: 0","139033","2","5","1","09","16","3","","0","1","1","0","0"
"POINT (10.129577366000035 53.578695515000049)","Unfall 139034 (2021) Kat:3, Licht: 0","139034","3","7","1","08","12","4","","0","0","1","0","0"
"POINT (10.026784859000031 53.569837577000044)","Unfall 139035 (2021) Kat:3, Licht: 2","139035","3","3","5","09","23","4","","2","1","1","0","0"
"POINT (10.146320537000065 53.603482481000071)","Unfall 139036 (2021) Kat:3, Licht: 2","139036","3","7","4","09","19","7","","2","0","1","0","0"
"POINT (10.007836379000025 53.558675570000048)","Unfall 139037 (2021) Kat:3, Licht: 0","139037","3","5","1","08","16","7","","0","0","1","0","1"
"POINT (10.085924866000028 53.617970247000073)","Unfall 139038 (2021) Kat:3, Licht: 0","139038","3","3","4","11","07","5","","0","1","1","0","0"
"POINT (10.003275063000046 53.524124144000041)","Unfall 139039 (2021) Kat:3, Licht: 0","139039","3","7","0","08","11","7","","0","1","0","0","0"
"POINT (9.953345685000045 53.452747055000032)","Unfall 139040 (2021) Kat:3, Licht: 2","139040","3","5","1","11","17","3","","2","1","0","0","0"
"POINT (10.009336240000039 53.555340501000046)","Unfall 139041 (2021) Kat:3, Licht: 2","139041","3","3","5","12","18","5","","2","0","1","0","0"
"POINT (9.922445115000073 53.628288550000036)","Unfall 139042 (2021) Kat:3, Licht: 0","139042","3","3","5","10","16","6","","0","0","1","0","1"
"POINT (10.035953782000036 53.558355076000055)","Unfall 139043 (2021) Kat:3, Licht: 0","139043","3","6","2","10","12","1","","0","0","0","0","1"
"POINT (10.019552646000022 53.655773624000062)","Unfall 139044 (2021) Kat:3, Licht: 0","139044","3","5","1","08","14","7","","0","0","1","0","0"
"POINT (9.946610053000029 53.556047462000038)","Unfall 139045 (2021) Kat:3, Licht: 2","139045","3","7","6","11","17","4","","2","0","1","1","0"
"POINT (9.975095329000055 53.454024940000068)","Unfall 139046 (2021) Kat:3, Licht: 0","139046","3","2","4","08","18","2","","0","1","1","0","0"
"POINT (10.036508275000074 53.565123617000040)","Unfall 139047 (2021) Kat:3, Licht: 0","139047","3","6","2","09","16","3","","0","0","1","0","0"
"POINT (10.198416748000056 53.505891641000062)","Unfall 139048 (2021) Kat:3, Licht: 0","139048","3","4","6","08","13","3","","0","0","1","1","0"
"POINT (10.043920874000037 53.605067674000054)","Unfall 139049 (2021) Kat:3, Licht: 0","139049","3","7","6","10","11","6","","0","0","1","1","0"
"POINT (9.946559356000023 53.583095659000037)","Unfall 139050 (2021) Kat:3, Licht: 2","139050","3","1","0","11","02","7","","2","0","0","0","0"
"POINT (10.076517044000070 53.664315065000039)","Unfall 139051 (2021) Kat:2, Licht: 2","139051","2","7","0","09","21","2","","2","1","0","0","0"
"POINT (10.045673863000047 53.527017806000060)","Unfall 139052 (2021) Kat:3, Licht: 0","139052","3","2","3","09","12","1","","0","1","0","0","0"
"POINT (10.143716042000051 53.629156260000059)","Unfall 139053 (2021) Kat:3, Licht: 0","139053","3","7","0","08","13","3","","0","1","0","0","0"
"POINT (10.013003556000058 53.644966080000074)","Unfall 139054 (2021) Kat:3, Licht: 2","139054","3","4","6","10","23","6","","2","0","1","1","0"
"POINT (9.997202970000046 53.593189816000063)","Unfall 139055 (2021) Kat:3, Licht: 0","139055","3","7","0","10","08","5","","0","1","0","0","0"
"POINT (10.055317146000050 53.573221668000031)","Unfall 139056 (2021) Kat:3, Licht: 0","139056","3","2","3","11","11","1","","0","0","1","0","1"
"POINT (10.021760009000047 53.584239415000070)","Unfall 139057 (2021) Kat:3, Licht: 2","139057","3","3","5","11","22","3","","2","1","1","0","0"
"POINT (10.002813922000030 53.454416996000077)","Unfall 139058 (2021) Kat:3, Licht: 0","139058","3","3","6","11","13","3","","0","0","0","1","0"
"POINT (10.004349929000057 53.553730857000062)","Unfall 139059 (2021) Kat:3, Licht: 0","139059","3","6","2","10","16","6","","0","0","1","0","0"
"POINT (10.211505409000040 53.487783320000062)","Unfall 139060 (2021) Kat:3, Licht: 0","139060","3","4","6","10","07","6","","0","0","0","1","0"
"POINT (10.077776381000035 53.497964985000067)","Unfall 139061 (2021) Kat:3, Licht: 0","139061","3","6","2","08","10","5","","0","1","0","0","0"
"POINT (10.088377711000021 53.512205309000080)","Unfall 139062 (2021) Kat:3, Licht: 0","139062","3","2","3","08","18","7","","0","0","0","0","1"
"POINT (10.130811359000063 53.588458295000066)","Unfall 139063 (2021) Kat:3, Licht: 0","139063","3","7","0","11","07","3","","0","1","0","0","0"
"POINT (9.921328869000035 53.628133302000037)","Unfall 139064 (2021) Kat:3, Licht: 0","139064","3","6","2","08","15","6","","0","0","1","0","0"
"POINT (10.107501567000043 53.655028036000033)","Unfall 139065 (2021) Kat:3, Licht: 0","139065","3","2","3","11","09","4","","0","1","1","0","0"
"POINT (9.845129945000053 53.557177901000045)","Unfall 139066 (2021) Kat:3, Licht: 0","139066","3","3","5","12","11","5","","0","0","1","0","0"
"POINT (10.023247340000069 53.611164110000061)","Unfall 139067 (2021) Kat:3, Licht: 0","139067","3","7","0","10","12","7","","0","0","1","0","0"
"POINT (10.052472065000075 53.555310933000044)","Unfall 139068 (2021) Kat:3, Licht: 0","139068","3","5","1","10","09","7","","0","1","0","0","1"
"POINT (9.988765445000070 53.558310127000027)","Unfall 139069 (2021) Kat:2, Licht: 2","139069","2","3","5","08","01","7","","2","0","1","0","0"
"POINT (10.110664711000027 53.546420544000057)","Unfall 139070 (2021) Kat:3, Licht: 0","139070","3","3","5","11","10","2","","0","1","0","0","0"
"POINT (9.902628049000043 53.606606345000046)","Unfall 139071 (2021) Kat:3, Licht: 0","139071","3","3","5","08","15","2","","0","0","1","0","0"
"POINT (10.094404154000074 53.529403206000040)","Unfall 139072 (2021) Kat:3, Licht: 0","139072","3","7","6","09","07","3","","0","1","0","1","0"
"POINT (9.874479353000027 53.479789795000045)","Unfall 139073 (2021) Kat:3, Licht: 0","139073","3","3","5","08","16","3","","0","1","1","0","0"
"POINT (10.134783808000066 53.637510013000053)","Unfall 139074 (2021) Kat:3, Licht: 2","139074","3","3","5","10","20","1","","2","0","1","0","0"
"POINT (9.984558578000076 53.458715874000063)","Unfall 139075 (2021) Kat:3, Licht: 0","139075","3","3","5","08","17","6","","0","0","1","0","0"