WKT,Name,OBJECTID,UKATEGORIE,UTYP1,UART,UMONAT,USTUNDE,UWOCHENTAG,STRZUSTAND,ULICHTVERH,ISTRAD,ISTPKW,ISTFUSS,ISTKRAD
"POINT (9.962184766000064 53.561821296000062)","Unfall 139076 (2021) Kat:3, Licht: 2","139076","3","2","5","10","22","1","","2","0","1","0","1"
"POINT (10.136045018000061 53.577126472000032)","Unfall 139077 (2021) Kat:3, Licht: 0","139077","3","2","6","08","09","2","","0","0","1","1","0"
"POINT (9.992030248000049 53.555797014000063)","Unfall 139078 (2021) Kat:3, Licht: 0","139078","3","5","0","11","10","2","","0","0","1","0","1"
"POINT (10.137762455000029 53.570766627000069)","Unfall 139079 (2021) Kat:3, Licht: 2","139079","3","3","5","09","22","1","","2","1","1","0","0"
"POINT (9.933947746000058 53.546442420000062)","Unfall 139080 (2021) Kat:3, Licht: 2","139080","3","1","0","09","21","4","","2","0","0","0","0"
"POINT (9.984288203000062 53.569636075000062)","Unfall 139081 (2021) Kat:3, Licht: 0","139081","3","3","5","08","10","4","","0","1","1","0","0"
"POINT (10.013558779000050 53.547943885000052)","Unfall 139082 (2021) Kat:3, Licht: 0","139082","3","6","2","09","17","5","","0","0","1","0","0"
"POINT (9.967793576000076 53.551044372000035)","Unfall 139083 (2021) Kat:3, Licht: 0","139083","3","6","3","09","18","7","","0","0","1","0","0"
"POINT (10.111635952000029 53.623921100000075)","Unfall 139084 (2021) Kat:3, Licht: 1","139084","3","2","3","10","17","5","","1","1","1","0","0"
"POINT (10.013146409000058 53.627716541000041)","Unfall 139085 (2021) Kat:3, Licht: 0","139085","3","3","5","11","11","2","","0","0","1","0","0"
"POINT (9.858495166000068 53.572649061000050)","Unfall 139086 (2021) Kat:3, Licht: 2","139086","3","7","0","11","19","2","","2","1","0","0","0"
"POINT (9.981633985000030 53.583167023000044)","Unfall 139087 (2021) Kat:3, Licht: 2","139087","3","7","0","11","17","2","","2","0","0","0","1"
"POINT (10.126547068000036 53.582449771000029)","Unfall 139088 (2021) Kat:3, Licht: 2","139088","3","3","5","10","06","5","","2","0","0","0","0"
"POINT (9.993994870000051 53.579758879000053)","Unfall 139089 (2021) Kat:3, Licht: 2","139089","3","3","5","10","23","7","","2","1","1","0","0"
"POINT (9.962528690000056 53.551192355000069)","Unfall 139090 (2021) Kat:2, Licht: 0","139090","2","7","0","08","08","6","","0","0","0","0","0"
"POINT (10.095045343000038 53.680008949000069)","Unfall 139091 (2021) Kat:3, Licht: 0","139091","3","6","1","11","17","6","","0","0","1","0","0"
"POINT (10.069373384000073 53.559526037000069)","Unfall 139092 (2021) Kat:3, Licht: 0","139092","3","6","3","09","11","5","","0","0","1","0","0"
"POINT (9.961019461000035 53.552898844000026)","Unfall 139093 (2021) Kat:3, Licht: 2","139093","3","5","1","08","22","7","","2","1","1","0","0"
"POINT (10.057614165000075 53.554901016000031)","Unfall 139094 (2021) Kat:3, Licht: 1","139094","3","2","4","09","18","7","","1","0","1","0","0"
"POINT (9.957717331000026 53.599138513000071)","Unfall 139095 (2021) Kat:3, Licht: 0","139095","3","6","3","08","08","2","","0","0","1","0","0"
"POINT (10.013878408000039 53.599871097000062)","Unfall 139096 (2021) Kat:3, Licht: 0","139096","3","3","5","10","13","6","","0","1","1","0","0"
"POINT (10.044493260000024 53.591299512000035)","Unfall 139097 (2021) Kat:3, Licht: 0","139097","3","2","3","09","11","6","","0","0","1","0","0"
"POINT (9.986626439000077 53.456940050000071)","Unfall 139098 (2021) Kat:2, Licht: 0","139098","2","4","6","09","08","2","","0","0","1","1","0"
"POINT (9.952317847000074 53.545251358000030)","Unfall 139099 (2021) Kat:2, Licht: 0","139099","2","7","0","08","17","3","","0","1","0","0","0"
"POINT (9.996925827000041 53.546356893000052)","Unfall 139100 (2021) Kat:3, Licht: 0","139100","3","7","6","09","07","4","","0","0","0","1","0"
"POINT (10.027622223000037 53.673802222000063)","Unfall 139101 (2021) Kat:3, Licht: 0","139101","3","6","0","10","08","3","","0","1","1","0","0"
"POINT (9.993747189000032 53.557786153000052)","Unfall 139102 (2021) Kat:3, Licht: 2","139102","3","7","0","11","02","7","","2","0","0","0","0"
"POINT (9.996005411000056 53.605789350000066)","Unfall 139103 (2021) Kat:3, Licht: 0","139103","3","5","1","09","09","6","","0","1","1","0","0"
"POINT (10.125394171000039 53.530590280000069)","Unfall 139104 (2021) Kat:2, Licht: 2","139104","2","6","4","10","20","7","","2","0","1","0","0"
"POINT (9.994589076000068 53.513486884000031)","Unfall 139105 (2021) Kat:3, Licht: 1","139105","3","7","6","11","19","7","","1","0","1","1","0"
"POINT (10.204179008000040 53.426669019000030)","Unfall 139106 (2021) Kat:2, Licht: 0","139106","2","3","5","10","13","3","","0","0","1","0","1"
"POINT (10.191105291000042 53.411452287000031)","Unfall 139107 (2021) Kat:3, Licht: 0","139107","3","3","5","08","18","7","","0","1","1","0","0"
"POINT (9.993695834000050 53.540895891000048)","Unfall 139108 (2021) Kat:3, Licht: 0","139108","3","7","1","10","09","5","","0","1","1","0","0"
"POINT (10.013109753000037 53.601876888000049)","Unfall 139109 (2021) Kat:3, Licht: 0","139109","3","1","0","08","18","3","","0","0","0","0","0"
"POINT (10.131461347000027 53.530074955000032)","Unfall 139110 (2021) Kat:3, Licht: 2","139110","3","6","2","11","19","4","","2","0","1","0","0"
"POINT (10.007383511000057 53.655708176000076)","Unfall 139111 (2021) Kat:3, Licht: 0","139111","3","3","5","09","16","4","","0","1","1","0","0"
"POINT (10.044466902000067 53.655671338000047)","Unfall 139112 (2021) Kat:2, Licht: 1","139112","2","6","2","08","19","6","","1","0","0","0","1"
"POINT (9.987103084000069 53.548239467000030)","Unfall 139113 (2021) Kat:3, Licht: 2","139113","3","3","5","09","23","7","","2","0","1","0","0"
"POINT (9.891546544000050 53.602872775000037)","Unfall 139114 (2021) Kat:3, Licht: 0","139114","3","1","0","09","08","3","","0","1","0","0","0"
"POINT (10.075551022000070 53.598728626000081)","Unfall 139115 (2021) Kat:3, Licht: 0","139115","3","5","1","10","08","5","","0","0","1","0","0"
"POINT (10.002217275000021 53.557339788000036)","Unfall 139116 (2021) Kat:2, Licht: 2","139116","2","3","5","11","17","6","","2","1","1","0","0"
"POINT (9.962974103000022 53.556838360000029)","Unfall 139117 (2021) Kat:3, Licht: 2","139117","3","4","6","09","23","7","","2","1","0","1","0"
"POINT (9.977652228000068 53.455766195000081)","Unfall 139118 (2021) Kat:2, Licht: 0","139118","2","3","5","08","14","7","","0","1","1","0","0"
"POINT (9.961464329000023 53.562381831000039)","Unfall 139119 (2021) Kat:3, Licht: 2","139119","3","7","0","11","21","6","","2","0","1","0","1"
"POINT (10.126854215000037 53.621396367000045)","Unfall 139120 (2021) Kat:3, Licht: 0","139120","3","7","0","10","18","1","","0","1","0","0","0"
"POINT (9.987478958000054 53.450352561000045)","Unfall 139121 (2021) Kat:3, Licht: 0","139121","3","6","2","10","13","3","","0","0","1","0","0"
"POINT (10.040200730000038 53.552573112000061)","Unfall 139122 (2021) Kat:3, Licht: 0","139122","3","6","2","11","12","5","","0","0","1","0","0"
"POINT (10.004286912000055 53.556965081000044)","Unfall 139123 (2021) Kat:3, Licht: 2","139123","3","7","0","08","00","4","","2","0","0","0","0"
"POINT (10.006193039000038 53.582611209000049)","Unfall 139124 (2021) Kat:3, Licht: 0","139124","3","3","5","09","08","4","","0","0","1","0","0"
"POINT (9.957771160000050 53.562579210000081)","Unfall 139125 (2021) Kat:3, Licht: 0","139125","3","2","0","09","16","5","","0","1","0","0","1"
"POINT (10.044720428000062 53.582242906000033)","Unfall 139126 (2021) Kat:3, Licht: 2","139126","3","6","3","10","23","7","","2","0","1","0","0"
"POINT (10.117671315000052 53.560132106000026)","Unfall 139127 (2021) Kat:2, Licht: 0","139127","2","4","6","10","16","2","","0","0","1","1","0"
"POINT (9.940009827000040 53.547930470000040)","Unfall 139128 (2021) Kat:3, Licht: 2","139128","3","7","0","10","02","1","","2","0","0","0","0"
"POINT (9.867857791000063 53.595664236000061)","Unfall 139129 (2021) Kat:3, Licht: 2","139129","3","5","1","08","02","3","","2","0","1","0","1"
"POINT (10.011461807000046 53.577101974000072)","Unfall 139130 (2021) Kat:3, Licht: 0","139130","3","7","0","11","15","4","","0","1","1","0","0"
"POINT (9.990549724000061 53.560373425000080)","Unfall 139131 (2021) Kat:3, Licht: 0","139131","3","3","5","09","13","3","","0","1","1","0","0"
"POINT (10.068636876000028 53.601382522000051)","Unfall 139132 (2021) Kat:3, Licht: 0","139132","3","7","0","09","19","3","","0","1","0","0","0"
"POINT (10.007725923000066 53.558765834000042)","Unfall 139133 (2021) Kat:3, Licht: 0","139133","3","6","4","08","19","5","","0","1","0","0","0"
"POINT (10.105494493000037 53.570598112000027)","Unfall 139134 (2021) Kat:3, Licht: 0","139134","3","2","6","09","15","4","","0","0","1","1","0"
"POINT (10.065516805000073 53.579609208000079)","Unfall 139135 (2021) Kat:3, Licht: 0","139135","3","3","5","09","17","7","","0","0","1","0","0"
"POINT (10.015224338000053 53.555655473000058)","Unfall 139136 (2021) Kat:3, Licht: 1","139136","3","1","0","08","19","1","","1","1","1","0","0"
"POINT (10.057666761000064 53.554039860000046)","Unfall 139137 (2021) Kat:3, Licht: 0","139137","3","2","3","11","13","2","","0","0","1","0","1"
"POINT (9.967219819000036 53.585737443000028)","Unfall 139138 (2021) Kat:3, Licht: 0","139138","3","7","0","08","11","6","","0","0","0","0","1"
"POINT (9.962181685000076 53.549455163000061)","Unfall 139139 (2021) Kat:3, Licht: 2","139139","3","4","6","11","18","5","","2","0","1","1","0"
"POINT (10.162778135000053 53.656695642000045)","Unfall 139140 (2021) Kat:2, Licht: 0","139140","2","7","0","12","08","5","","0","1","0","0","0"
"POINT (10.160230604000049 53.646507361000033)","Unfall 139141 (2021) Kat:3, Licht: 2","139141","3","7","0","10","07","6","","2","1","0","0","0"
"POINT (10.007997149000062 53.627423073000045)","Unfall 139142 (2021) Kat:3, Licht: 0","139142","3","3","5","10","15","7","","0","1","1","0","0"
"POINT (10.105266325000059 53.587469335000037)","Unfall 139143 (2021) Kat:3, Licht: 0","139143","3","6","2","08","18","6","","0","0","1","0","0"
"POINT (9.979461871000069 53.581414869000071)","Unfall 139144 (2021) Kat:2, Licht: 0","139144","2","2","4","11","16","2","","0","1","1","0","0"
"POINT (10.033444726000027 53.573571892000075)","Unfall 139145 (2021) Kat:3, Licht: 0","139145","3","3","5","08","19","2","","0","0","1","0","1"
"POINT (10.042632775000072 53.530406888000073)","Unfall 139146 (2021) Kat:3, Licht: 0","139146","3","7","0","09","14","1","","0","1","0","0","0"
"POINT (9.965975190000051 53.562329976000058)","Unfall 139147 (2021) Kat:3, Licht: 0","139147","3","3","5","09","16","4","","0","1","1","0","0"
"POINT (9.965894671000058 53.562259630000028)","Unfall 139148 (2021) Kat:3, Licht: 0","139148","3","6","2","08","14","6","","0","1","0","0","0"
"POINT (9.960173158000032 53.551509050000050)","Unfall 139149 (2021) Kat:3, Licht: 2","139149","3","7","0","10","02","6","","2","0","0","0","0"
"POINT (10.010254025000052 53.498736969000049)","Unfall 139150 (2021) Kat:3, Licht: 0","139150","3","3","5","11","08","6","","0","0","1","0","0"
"POINT (10.155631287000062 53.614487628000063)","Unfall 139151 (2021) Kat:3, Licht: 1","139151","3","6","0","09","06","2","","1","0","1","0","1"
"POINT (9.948503129000073 53.544862545000058)","Unfall 139152 (2021) Kat:3, Licht: 0","139152","3","5","1","09","14","1","","0","0","1","0","1"
"POINT (9.988494443000036 53.581277752000062)","Unfall 139153 (2021) Kat:3, Licht: 2","139153","3","2","3","08","21","3","","2","1","1","0","0"
"POINT (10.008398123000063 53.553604190000044)","Unfall 139154 (2021) Kat:3, Licht: 0","139154","3","3","5","10","13","6","","0","0","1","0","0"
"POINT (9.940379138000026 53.572779808000064)","Unfall 139155 (2021) Kat:3, Licht: 0","139155","3","7","5","08","12","1","","0","0","1","0","0"
"POINT (10.072416919000034 53.616645830000039)","Unfall 139156 (2021) Kat:3, Licht: 2","139156","3","7","9","10","19","5","","2","1","0","1","0"
"POINT (9.996373603000052 53.543830048000075)","Unfall 139157 (2021) Kat:3, Licht: 2","139157","3","7","6","11","20","7","","2","0","1","1","0"
"POINT (10.030814874000043 53.679393794000077)","Unfall 139158 (2021) Kat:3, Licht: 0","139158","3","7","0","11","13","3","","0","1","0","0","0"
"POINT (10.061278631000050 53.655064979000031)","Unfall 139159 (2021) Kat:2, Licht: 2","139159","2","3","5","11","07","2","","2","1","1","0","0"
"POINT (10.081333306000033 53.579687855000032)","Unfall 139160 (2021) Kat:3, Licht: 2","139160","3","7","0","10","01","5","","2","0","1","0","0"
"POINT (10.076248177000025 53.614225061000070)","Unfall 139161 (2021) Kat:3, Licht: 0","139161","3","3","5","08","12","6","","0","1","1","0","0"
"POINT (9.950697827000056 53.565686917000050)","Unfall 139162 (2021) Kat:3, Licht: 0","139162","3","6","2","10","14","6","","0","0","1","0","0"
"POINT (9.879624103000026 53.553368389000070)","Unfall 139163 (2021) Kat:3, Licht: 0","139163","3","7","0","08","16","5","","0","1","0","0","0"
"POINT (10.024188981000066 53.568468099000029)","Unfall 139164 (2021) Kat:3, Licht: 0","139164","3","3","5","11","13","7","","0","1","1","0","0"
"POINT (10.024600274000022 53.530506029000037)","Unfall 139165 (2021) Kat:3, Licht: 0","139165","3","6","3","09","15","5","","0","0","1","0","0"
"POINT (10.052172002000077 53.610044284000082)","Unfall 139166 (2021) Kat:2, Licht: 0","139166","2","3","0","08","15","7","","0","0","1","0","0"
"POINT (10.107298279000076 53.708624505000046)","Unfall 139167 (2021) Kat:3, Licht: 0","139167","3","4","6","09","07","6","","0","0","0","1","0"
"POINT (9.992497637000042 53.481181930000048)","Unfall 139168 (2021) Kat:3, Licht: 0","139168","3","6","2","08","15","2","","0","0","1","0","0"
"POINT (9.914843694000069 53.582741058000067)","Unfall 139169 (2021) Kat:3, Licht: 0","139169","3","2","4","10","10","5","","0","0","1","0","0"
"POINT (9.901673275000064 53.606464099000050)","Unfall 139170 (2021) Kat:3, Licht: 2","139170","3","5","1","09","03","7","","2","0","1","0","0"
"POINT (9.994390539000051 53.550462201000073)","Unfall 139171 (2021) Kat:3, Licht: 0","139171","3","4","6","09","17","1","","0","1","0","1","0"
"POINT (9.916826422000042 53.624901200000068)","Unfall 139172 (2021) Kat:3, Licht: 1","139172","3","4","6","08","20","1","","1","0","1","1","0"
"POINT (10.013736349000055 53.520952730000033)","Unfall 139173 (2021) Kat:3, Licht: 2","139173","3","7","6","09","19","4","","2","0","0","1","0"
"POINT (10.033119480000039 53.573837982000043)","Unfall 139174 (2021) Kat:3, Licht: 0","139174","3","6","3","10","14","4","","0","0","1","0","0"
"POINT (9.987813873000050 53.453628100000060)","Unfall 139175 (2021) Kat:3, Licht: 0","139175","3","3","5","11","11","5","","0","0","1","0","0"
"POINT (9.989308045000030 53.571054378000042)","Unfall 139176 (2021) Kat:3, Licht: 0","139176","3","4","6","08","17","5","","0","1","0","1","0"
"POINT (10.128676730000052 53.590558249000082)","Unfall 139177 (2021) Kat:3, Licht: 2","139177","3","7","5","09","21","4","","2","0","1","0","0"
"POINT (10.007686993000050 53.497571313000037)","Unfall 139178 (2021) Kat:3, Licht: 2","139178","3","7","6","10","19","1","","2","0","0","1","0"
"POINT (10.024430993000067 53.600447423000048)","Unfall 139179 (2021) Kat:3, Licht: 2","139179","3","6","2","11","17","7","","2","0","1","0","1"
"POINT (10.109176407000064 53.564495116000046)","Unfall 139180 (2021) Kat:3, Licht: 1","139180","3","7","6","10","18","3","","1","0","1","1","0"
"POINT (10.149930121000068 53.529741705000049)","Unfall 139181 (2021) Kat:3, Licht: 0","139181","3","1","0","10","15","3","","0","0","0","0","1"
"POINT (10.032221740000068 53.579507134000039)","Unfall 139182 (2021) Kat:3, Licht: 0","139182","3","3","5","08","15","3","","0","1","1","0","0"
"POINT (10.102100069000073 53.570032234000053)","Unfall 139183 (2021) Kat:3, Licht: 0","139183","3","6","3","11","13","4","","0","0","0","0","0"
"POINT (9.889313815000037 53.601129252000078)","Unfall 139184 (2021) Kat:3, Licht: 0","139184","3","6","2","09","17","5","","0","0","1","0","0"
"POINT (10.072292854000068 53.578238539000040)","Unfall 139185 (2021) Kat:3, Licht: 0","139185","3","6","4","08","16","5","","0","1","0","0","0"
"POINT (10.105257702000074 53.678894336000042)","Unfall 139186 (2021) Kat:3, Licht: 1","139186","3","2","0","09","17","4","","1","0","1","0","1"
"POINT (9.962635952000028 53.549490058000060)","Unfall 139187 (2021) Kat:3, Licht: 0","139187","3","7","0","09","16","3","","0","1","0","0","0"
"POINT (9.950028905000067 53.556941694000045)","Unfall 139188 (2021) Kat:3, Licht: 0","139188","3","7","3","08","16","2","","0","0","1","0","1"
"POINT (10.102789017000021 53.620997427000077)","Unfall 139189 (2021) Kat:2, Licht: 2","139189","2","4","6","11","17","4","","2","0","1","1","0"
"POINT (10.002703742000051 53.587188532000027)","Unfall 139190 (2021) Kat:3, Licht: 0","139190","3","3","5","11","13","7","","0","0","1","0","0"
"POINT (9.880505198000037 53.584331237000072)","Unfall 139191 (2021) Kat:3, Licht: 0","139191","3","6","3","09","17","6","","0","1","0","0","0"
"POINT (10.068493100000069 53.615382454000041)","Unfall 139192 (2021) Kat:3, Licht: 0","139192","3","1","0","08","12","1","","0","0","0","0","0"
"POINT (10.125993359000063 53.530142340000054)","Unfall 139193 (2021) Kat:3, Licht: 0","139193","3","3","5","09","14","2","","0","1","1","0","0"
"POINT (9.938118579000047 53.555100789000051)","Unfall 139194 (2021) Kat:3, Licht: 0","139194","3","4","6","08","13","3","","0","0","1","1","0"
"POINT (10.210463572000037 53.499394258000052)","Unfall 139195 (2021) Kat:3, Licht: 2","139195","3","7","0","10","18","4","","2","0","0","0","0"
"POINT (10.122648083000058 53.567655243000047)","Unfall 139196 (2021) Kat:3, Licht: 0","139196","3","6","2","09","12","6","","0","0","1","0","0"
"POINT (10.111043208000069 53.498337044000039)","Unfall 139197 (2021) Kat:2, Licht: 0","139197","2","2","2","09","06","6","","0","0","0","0","1"
"POINT (10.108001050000041 53.530053755000040)","Unfall 139198 (2021) Kat:3, Licht: 0","139198","3","3","5","08","11","1","","0","0","1","0","0"
"POINT (10.012731215000031 53.560679968000045)","Unfall 139199 (2021) Kat:3, Licht: 2","139199","3","6","4","09","23","5","","2","1","0","0","0"
"POINT (10.026804331000051 53.675061350000078)","Unfall 139200 (2021) Kat:3, Licht: 0","139200","3","5","1","10","10","4","","0","1","1","0","0"
"POINT (10.109354747000054 53.581775876000052)","Unfall 139201 (2021) Kat:3, Licht: 0","139201","3","6","3","11","13","6","","0","0","1","0","0"
"POINT (10.061384697000051 53.570683185000064)","Unfall 139202 (2021) Kat:3, Licht: 2","139202","3","6","0","09","03","5","","2","0","0","0","0"
"POINT (9.918153801000074 53.626176706000081)","Unfall 139203 (2021) Kat:3, Licht: 0","139203","3","3","5","11","13","2","","0","1","1","0","0"
"POINT (10.129651088000060 53.495797326000059)","Unfall 139204 (2021) Kat:3, Licht: 2","139204","3","5","1","11","05","7","","2","0","1","0","0"
"POINT (9.953038977000062 53.465930619000062)","Unfall 139205 (2021) Kat:3, Licht: 0","139205","3","7","0","10","11","3","","0","1","0","0","0"
"POINT (10.021845381000048 53.525027565000073)","Unfall 139206 (2021) Kat:3, Licht: 0","139206","3","6","2","10","17","3","","0","0","1","0","0"
"POINT (10.026579763000029 53.527246689000037)","Unfall 139207 (2021) Kat:3, Licht: 0","139207","3","3","5","08","16","4","","0","1","0","0","0"
"POINT (10.016071722000049 53.649411180000072)","Unfall 139208 (2021) Kat:3, Licht: 2","139208","3","2","6","11","17","5","","2","0","1","1","0"
"POINT (10.165398064000044 53.651697267000031)","Unfall 139209 (2021) Kat:3, Licht: 2","139209","3","1","0","09","20","5","","2","1","0","0","0"
"POINT (10.004167056000028 53.588549248000049)","Unfall 139210 (2021) Kat:3, Licht: 0","139210","3","2","4","08","17","6","","0","1","0","0","0"
"POINT (9.910415654000076 53.549224983000045)","Unfall 139211 (2021) Kat:2, Licht: 2","139211","2","1","0","09","22","6","","2","0","0","0","0"
"POINT (9.751622614000041 53.564319442000055)","Unfall 139212 (2021) Kat:3, Licht: 0","139212","3","7","0","09","12","3","","0","1","0","0","0"
"POINT (9.999819373000037 53.580434964000062)","Unfall 139213 (2021) Kat:3, Licht: 1","139213","3","2","3","10","18","2","","1","1","0","0","1"
"POINT (9.764649598000062 53.576789751000035)","Unfall 139214 (2021) Kat:2, Licht: 0","139214","2","3","5","08","08","2","","0","0","1","0","0"
"POINT (9.979419962000065 53.581374301000039)","Unfall 139215 (2021) Kat:3, Licht: 2","139215","3","6","1","11","18","4","","2","0","1","0","0"
"POINT (10.020695438000075 53.559803328000044)","Unfall 139216 (2021) Kat:3, Licht: 0","139216","3","1","0","09","08","6","","0","1","0","0","0"
"POINT (9.949220120000064 53.558546131000071)","Unfall 139217 (2021) Kat:3, Licht: 0","139217","3","3","5","08","09","7","","0","0","1","0","0"
"POINT (10.101892661000022 53.579952428000070)","Unfall 139218 (2021) Kat:2, Licht: 2","139218","2","4","6","11","17","5","","2","0","1","1","0"
"POINT (9.998656918000052 53.554367505000073)","Unfall 139219 (2021) Kat:3, Licht: 0","139219","3","6","3","10","09","3","","0","1","0","0","0"
"POINT (10.010413635000077 53.648607817000027)","Unfall 139220 (2021) Kat:3, Licht: 0","139220","3","3","5","10","14","3","","0","0","1","0","0"
"POINT (10.039011767000034 53.534434640000029)","Unfall 139221 (2021) Kat:3, Licht: 2","139221","3","3","5","11","05","5","","2","1","1","0","0"
"POINT (10.167616944000031 53.648781343000053)","Unfall 139222 (2021) Kat:3, Licht: 0","139222","3","4","6","08","12","3","","0","0","1","1","0"
"POINT (10.209120897000048 53.484365548000028)","Unfall 139223 (2021) Kat:2, Licht: 0","139223","2","3","5","09","07","3","","0","1","1","0","0"
"POINT (9.866631633000054 53.476813952000043)","Unfall 139224 (2021) Kat:3, Licht: 0","139224","3","3","5","09","07","5","","0","1","1","0","0"
"POINT (9.889007501000037 53.576133598000069)","Unfall 139225 (2021) Kat:2, Licht: 2","139225","2","3","5","10","02","7","","2","0","1","0","0"
"POINT (9.887612635000039 53.565145337000047)","Unfall 139226 (2021) Kat:3, Licht: 2","139226","3","3","0","10","19","2","","2","0","1","0","0"
"POINT (9.920530637000070 53.628044431000035)","Unfall 139227 (2021) Kat:3, Licht: 0","139227","3","6","3","10","14","3","","0","1","0","0","0"
"POINT (10.045824332000052 53.548337156000059)","Unfall 139228 (2021) Kat:3, Licht: 0","139228","3","3","5","08","17","2","","0","0","1","0","0"
"POINT (10.044333630000040 53.592995251000048)","Unfall 139229 (2021) Kat:3, Licht: 0","139229","3","2","3","11","15","2","","0","1","1","0","0"
"POINT (9.934866308000039 53.578958099000033)","Unfall 139230 (2021) Kat:2, Licht: 0","139230","2","3","5","09","11","3","","0","0","1","0","1"
"POINT (9.956347493000067 53.570327888000065)","Unfall 139231 (2021) Kat:3, Licht: 0","139231","3","2","3","09","14","4","","0","1","1","0","0"
"POINT (10.075772122000046 53.532878830000072)","Unfall 139232 (2021) Kat:3, Licht: 0","139232","3","3","5","08","06","4","","0","1","1","0","0"
"POINT (10.113144193000039 53.658667436000030)","Unfall 139233 (2021) Kat:3, Licht: 0","139233","3","2","3","09","16","4","","0","1","1","0","0"
"POINT (9.995179836000034 53.552279540000029)","Unfall 139234 (2021) Kat:3, Licht: 0","139234","3","7","0","09","11","2","","0","1","0","0","0"
"POINT (9.879488436000031 53.513482158000045)","Unfall 139235 (2021) Kat:3, Licht: 0","139235","3","6","4","08","17","1","","0","0","1","0","1"
"POINT (10.031909595000059 53.566420210000047)","Unfall 139236 (2021) Kat:3, Licht: 2","139236","3","2","3","11","20","2","","2","1","1","0","0"
"POINT (10.005606256000021 53.598926647000042)","Unfall 139237 (2021) Kat:3, Licht: 1","139237","3","6","2","08","06","5","","1","0","1","0","0"
"POINT (9.914220323000052 53.642340537000052)","Unfall 139238 (2021) Kat:3, Licht: 0","139238","3","3","5","11","07","4","","0","1","1","0","0"
"POINT (10.047079468000049 53.605466398000033)","Unfall 139239 (2021) Kat:3, Licht: 0","139239","3","7","0","12","08","5","","0","1","0","0","0"
"POINT (9.867340089000038 53.584759229000042)","Unfall 139240 (2021) Kat:3, Licht: 0","139240","3","6","2","10","16","6","","0","0","1","0","0"
"POINT (9.981736587000057 53.460516482000060)","Unfall 139241 (2021) Kat:3, Licht: 0","139241","3","7","0","10","15","1","","0","0","0","0","0"
"POINT (9.846696262000023 53.536612870000056)","Unfall 139242 (2021) Kat:3, Licht: 0","139242","3","6","2","08","17","5","","0","0","1","0","0"
"POINT (9.988455922000071 53.562140749000037)","Unfall 139243 (2021) Kat:3, Licht: 0","139243","3","6","2","11","11","4","","0","0","1","0","0"
"POINT (9.945214771000053 53.461918704000027)","Unfall 139244 (2021) Kat:3, Licht: 0","139244","3","3","5","08","18","1","","0","0","1","0","0"
"POINT (9.963805875000048 53.569094514000028)","Unfall 139245 (2021) Kat:3, Licht: 0","139245","3","7","0","09","14","1","","0","1","0","0","0"
"POINT (10.161466024000049 53.600837621000039)","Unfall 139246 (2021) Kat:3, Licht: 0","139246","3","7","0","09","11","4","","0","1","0","0","0"
"POINT (9.890885864000040 53.574549241000057)","Unfall 139247 (2021) Kat:2, Licht: 0","139247","2","6","3","08","16","5","","0","1","0","0","0"
"POINT (9.928370452000024 53.556007299000044)","Unfall 139248 (2021) Kat:3, Licht: 2","139248","3","6","3","10","19","6","","2","1","1","0","0"
"POINT (10.017498805000059 53.549545154000043)","Unfall 139249 (2021) Kat:3, Licht: 0","139249","3","3","5","11","11","6","","0","0","1","0","0"
"POINT (9.825958538000066 53.472579972000062)","Unfall 139250 (2021) Kat:3, Licht: 0","139250","3","5","4","09","13","2","","0","1","1","0","0"
"POINT (10.038679519000027 53.584728365000046)","Unfall 139251 (2021) Kat:3, Licht: 0","139251","3","3","5","09","16","2","","0","0","1","0","0"
"POINT (10.053164979000030 53.557256954000081)","Unfall 139252 (2021) Kat:3, Licht: 0","139252","3","3","5","08","07","3","","0","1","1","0","0"
"POINT (9.991165895000051 53.589361856000039)","Unfall 139253 (2021) Kat:3, Licht: 0","139253","3","1","0","10","09","6","","0","0","0","0","0"
"POINT (10.189358449000053 53.511533560000032)","Unfall 139254 (2021) Kat:2, Licht: 0","139254","2","6","2","10","14","4","","0","0","1","0","0"
"POINT (9.960176790000048 53.563642802000061)","Unfall 139255 (2021) Kat:2, Licht: 2","139255","2","2","4","11","01","1","","2","1","1","0","0"
"POINT (9.960703650000028 53.566092064000031)","Unfall 139256 (2021) Kat:3, Licht: 2","139256","3","7","0","11","17","3","","2","1","0","0","0"
"POINT (10.001318510000033 53.676104059000068)","Unfall 139257 (2021) Kat:3, Licht: 1","139257","3","4","6","11","07","3","","1","0","1","1","0"
"POINT (9.958433480000053 53.517626278000080)","Unfall 139258 (2021) Kat:3, Licht: 0","139258","3","3","5","10","16","5","","0","0","0","0","0"
"POINT (10.005850189000057 53.552043334000075)","Unfall 139259 (2021) Kat:3, Licht: 2","139259","3","6","6","10","03","7","","2","0","0","1","0"
"POINT (10.163661674000025 53.514287498000044)","Unfall 139260 (2021) Kat:3, Licht: 0","139260","3","4","6","08","07","3","","0","0","0","1","0"
"POINT (10.051745603000029 53.587179665000065)","Unfall 139261 (2021) Kat:3, Licht: 0","139261","3","7","9","11","08","5","","0","0","1","0","0"