WKT,Name,OBJECTID,UKATEGORIE,UTYP1,UART,UMONAT,USTUNDE,UWOCHENTAG,STRZUSTAND,ULICHTVERH,ISTRAD,ISTPKW,ISTFUSS,ISTKRAD
"POINT (9.957156626000028 53.626049883000064)","Unfall 139262 (2021) Kat:3, Licht: 0","139262","3","7","0","09","15","6","","0","1","0","0","0"
"POINT (9.807560382000077 53.556474117000050)","Unfall 139263 (2021) Kat:3, Licht: 0","139263","3","7","0","08","18","7","","0","1","0","0","0"
"POINT (10.150020791000031 53.619137651000074)","Unfall 139264 (2021) Kat:3, Licht: 2","139264","3","2","4","09","05","6","","2","0","1","0","1"
"POINT (10.105444102000035 53.555197657000065)","Unfall 139265 (2021) Kat:3, Licht: 2","139265","3","6","4","08","21","2","","2","0","1","0","0"
"POINT (9.880121756000051 53.618241251000029)","Unfall 139266 (2021) Kat:3, Licht: 0","139266","3","7","0","10","16","5","","0","1","0","0","0"
"POINT (10.072473485000046 53.579492365000078)","Unfall 139267 (2021) Kat:3, Licht: 0","139267","3","3","5","09","18","6","","0","0","1","0","1"
"POINT (9.928707480000071 53.549425976000066)","Unfall 139268 (2021) Kat:3, Licht: 0","139268","3","7","6","08","07","2","","0","1","0","1","0"
"POINT (9.977750223000044 53.597790449000058)","Unfall 139269 (2021) Kat:3, Licht: 2","139269","3","4","6","10","19","4","","2","0","1","1","0"
"POINT (9.851021798000033 53.507987961000026)","Unfall 139270 (2021) Kat:3, Licht: 2","139270","3","2","5","11","20","4","","2","1","1","0","0"
"POINT (9.920060839000030 53.562997180000082)","Unfall 139271 (2021) Kat:3, Licht: 0","139271","3","2","3","08","14","4","","0","1","1","0","0"
"POINT (10.124432675000037 53.538652423000030)","Unfall 139272 (2021) Kat:3, Licht: 0","139272","3","2","5","09","08","5","","0","1","0","0","0"
"POINT (10.064481122000075 53.552485973000046)","Unfall 139273 (2021) Kat:3, Licht: 2","139273","3","5","1","10","04","1","","2","0","1","0","0"
"POINT (9.987214118000054 53.501067724000052)","Unfall 139274 (2021) Kat:3, Licht: 0","139274","3","6","2","11","11","6","","0","0","1","0","0"
"POINT (10.010498332000054 53.611768349000045)","Unfall 139275 (2021) Kat:3, Licht: 2","139275","3","2","3","10","18","3","","2","1","1","0","0"
"POINT (10.061873676000062 53.610668104000069)","Unfall 139276 (2021) Kat:3, Licht: 0","139276","3","3","5","10","13","4","","0","1","1","0","0"
"POINT (9.953977426000051 53.553733061000059)","Unfall 139277 (2021) Kat:3, Licht: 2","139277","3","3","5","08","22","3","","2","1","0","0","0"
"POINT (10.046687181000038 53.583073120000051)","Unfall 139278 (2021) Kat:3, Licht: 2","139278","3","2","6","11","17","2","","2","0","1","1","0"
"POINT (9.954060248000076 53.633116831000052)","Unfall 139279 (2021) Kat:3, Licht: 0","139279","3","7","0","09","16","4","","0","1","0","0","0"
"POINT (9.988546267000061 53.586093777000031)","Unfall 139280 (2021) Kat:3, Licht: 0","139280","3","3","5","08","15","5","","0","1","1","0","0"
"POINT (10.004555828000036 53.660543842000038)","Unfall 139281 (2021) Kat:3, Licht: 0","139281","3","4","6","09","09","4","","0","1","0","1","0"
"POINT (9.903534607000040 53.502879235000080)","Unfall 139282 (2021) Kat:3, Licht: 0","139282","3","6","0","09","15","3","","0","0","0","0","1"
"POINT (10.011616207000031 53.569569854000065)","Unfall 139283 (2021) Kat:3, Licht: 0","139283","3","7","0","08","10","2","","0","0","0","0","0"
"POINT (10.104540932000077 53.573112120000076)","Unfall 139284 (2021) Kat:3, Licht: 0","139284","3","3","0","11","09","3","","0","1","0","0","0"
"POINT (9.983632453000041 53.444241882000028)","Unfall 139285 (2021) Kat:3, Licht: 0","139285","3","6","0","08","12","6","","0","1","0","0","0"
"POINT (9.996806892000052 53.596988895000038)","Unfall 139286 (2021) Kat:3, Licht: 2","139286","3","4","6","11","17","6","","2","0","1","1","0"
"POINT (9.955767008000066 53.551364631000069)","Unfall 139287 (2021) Kat:3, Licht: 2","139287","3","3","0","10","19","1","","2","0","1","0","0"
"POINT (10.007296379000024 53.609367996000060)","Unfall 139288 (2021) Kat:3, Licht: 0","139288","3","3","0","10","17","3","","0","0","1","0","1"
"POINT (9.895134870000049 53.611226157000033)","Unfall 139289 (2021) Kat:3, Licht: 0","139289","3","2","2","11","12","2","","0","0","1","0","0"
"POINT (9.917927437000060 53.511846763000051)","Unfall 139290 (2021) Kat:3, Licht: 0","139290","3","6","2","08","14","4","","0","0","1","0","0"
"POINT (10.009420744000067 53.492166518000033)","Unfall 139291 (2021) Kat:3, Licht: 0","139291","3","6","6","09","13","2","","0","0","0","1","0"
"POINT (9.943953269000076 53.628769506000026)","Unfall 139292 (2021) Kat:3, Licht: 0","139292","3","6","4","09","15","6","","0","1","0","0","0"
"POINT (9.866975973000024 53.476563655000064)","Unfall 139293 (2021) Kat:3, Licht: 0","139293","3","4","6","10","16","6","","0","0","1","1","0"
"POINT (9.880657581000037 53.584145114000080)","Unfall 139294 (2021) Kat:2, Licht: 0","139294","2","4","6","10","07","2","","0","1","0","1","0"
"POINT (9.989345684000057 53.558296374000065)","Unfall 139295 (2021) Kat:3, Licht: 2","139295","3","3","5","10","04","1","","2","1","1","0","0"
"POINT (10.000753682000038 53.555619955000054)","Unfall 139296 (2021) Kat:3, Licht: 2","139296","3","7","4","11","20","2","","2","0","1","0","0"
"POINT (10.024390233000076 53.584839955000064)","Unfall 139297 (2021) Kat:3, Licht: 0","139297","3","3","5","09","07","2","","0","1","1","0","0"
"POINT (10.189677674000052 53.503325799000038)","Unfall 139298 (2021) Kat:3, Licht: 0","139298","3","3","5","09","15","3","","0","0","1","0","0"
"POINT (9.950818700000070 53.565717773000074)","Unfall 139299 (2021) Kat:3, Licht: 0","139299","3","3","5","08","16","4","","0","1","1","0","0"
"POINT (10.096292308000045 53.532450693000044)","Unfall 139300 (2021) Kat:3, Licht: 0","139300","3","2","4","09","12","5","","0","0","1","0","0"
"POINT (9.990869574000044 53.560627551000039)","Unfall 139301 (2021) Kat:3, Licht: 0","139301","3","3","5","09","14","7","","0","1","1","0","0"
"POINT (10.074937718000058 53.589007311000046)","Unfall 139302 (2021) Kat:3, Licht: 2","139302","3","2","3","10","19","5","","2","1","1","0","0"
"POINT (10.040515468000024 53.552585254000064)","Unfall 139303 (2021) Kat:3, Licht: 0","139303","3","6","2","11","12","2","","0","0","1","0","0"
"POINT (9.980681061000041 53.423736599000051)","Unfall 139304 (2021) Kat:2, Licht: 0","139304","2","6","3","11","08","4","","0","0","1","0","0"
"POINT (10.072347813000022 53.579469287000052)","Unfall 139305 (2021) Kat:2, Licht: 2","139305","2","2","6","12","07","4","","2","0","1","1","0"
"POINT (10.012948893000043 53.627277710000044)","Unfall 139306 (2021) Kat:3, Licht: 0","139306","3","2","0","10","13","6","","0","0","1","0","0"
"POINT (9.950640818000068 53.544895075000056)","Unfall 139307 (2021) Kat:3, Licht: 0","139307","3","4","6","10","17","7","","0","1","0","1","0"
"POINT (9.936376211000038 53.544199093000032)","Unfall 139308 (2021) Kat:3, Licht: 2","139308","3","7","0","08","02","6","","2","1","0","0","0"
"POINT (10.098814366000056 53.589013078000050)","Unfall 139309 (2021) Kat:3, Licht: 2","139309","3","2","2","11","19","6","","2","0","1","0","0"
"POINT (10.001248393000026 53.555580282000051)","Unfall 139310 (2021) Kat:3, Licht: 0","139310","3","6","2","08","15","2","","0","0","1","0","0"
"POINT (10.031956221000030 53.561991151000029)","Unfall 139311 (2021) Kat:3, Licht: 0","139311","3","6","2","09","15","2","","0","0","1","0","1"
"POINT (10.067001859000072 53.608549999000047)","Unfall 139312 (2021) Kat:3, Licht: 0","139312","3","6","2","09","12","4","","0","0","1","0","0"
"POINT (9.949845565000032 53.563845919000073)","Unfall 139313 (2021) Kat:3, Licht: 0","139313","3","7","7","08","10","5","","0","1","0","0","0"
"POINT (9.953777880000075 53.545613480000043)","Unfall 139314 (2021) Kat:3, Licht: 0","139314","3","2","3","08","19","7","","0","1","1","0","0"
"POINT (9.826736965000066 53.567459115000077)","Unfall 139315 (2021) Kat:3, Licht: 2","139315","3","2","6","11","17","5","","2","0","1","1","0"
"POINT (10.097597599000039 53.559870514000067)","Unfall 139316 (2021) Kat:3, Licht: 0","139316","3","7","0","12","09","5","","0","1","0","0","0"
"POINT (9.977643258000057 53.577364175000071)","Unfall 139317 (2021) Kat:3, Licht: 0","139317","3","2","4","10","11","3","","0","1","1","0","0"
"POINT (10.081490101000043 53.533179082000061)","Unfall 139318 (2021) Kat:3, Licht: 0","139318","3","6","2","10","15","2","","0","0","1","0","0"
"POINT (9.975179290000028 53.569748938000032)","Unfall 139319 (2021) Kat:3, Licht: 0","139319","3","3","5","11","13","2","","0","0","1","0","0"
"POINT (10.116705966000040 53.574289995000072)","Unfall 139320 (2021) Kat:3, Licht: 0","139320","3","6","2","08","13","3","","0","0","1","0","0"
"POINT (9.998207125000022 53.592718979000040)","Unfall 139321 (2021) Kat:3, Licht: 0","139321","3","3","2","09","18","3","","0","1","1","0","0"
"POINT (10.055213568000056 53.560844494000037)","Unfall 139322 (2021) Kat:3, Licht: 0","139322","3","2","5","09","11","5","","0","0","1","0","0"
"POINT (9.939631935000023 53.592959690000043)","Unfall 139323 (2021) Kat:3, Licht: 0","139323","3","3","5","10","15","6","","0","1","1","0","0"
"POINT (9.986416927000050 53.547826559000043)","Unfall 139324 (2021) Kat:3, Licht: 0","139324","3","2","4","10","08","2","","0","0","1","0","0"
"POINT (10.144731471000057 53.608809514000029)","Unfall 139325 (2021) Kat:3, Licht: 0","139325","3","3","5","10","15","1","","0","1","1","0","0"
"POINT (10.162470608000035 53.605109223000056)","Unfall 139326 (2021) Kat:3, Licht: 0","139326","3","3","5","11","15","3","","0","0","1","0","0"
"POINT (9.991831091000051 53.555587372000048)","Unfall 139327 (2021) Kat:3, Licht: 0","139327","3","4","6","09","18","2","","0","0","0","1","0"
"POINT (10.079130030000044 53.567427824000049)","Unfall 139328 (2021) Kat:3, Licht: 0","139328","3","3","5","09","12","3","","0","1","1","0","0"
"POINT (10.022825413000021 53.558453843000052)","Unfall 139329 (2021) Kat:3, Licht: 0","139329","3","2","3","08","14","4","","0","1","1","0","0"
"POINT (10.012980791000075 53.560864094000067)","Unfall 139330 (2021) Kat:3, Licht: 0","139330","3","5","1","10","16","6","","0","0","1","0","0"
"POINT (10.040676354000027 53.555560305000029)","Unfall 139331 (2021) Kat:2, Licht: 0","139331","2","2","5","09","13","6","","0","0","1","0","0"
"POINT (9.809765342000048 53.513790362000066)","Unfall 139332 (2021) Kat:3, Licht: 0","139332","3","7","0","10","16","6","","0","0","1","0","1"
"POINT (10.025995310000042 53.567903630000046)","Unfall 139333 (2021) Kat:3, Licht: 0","139333","3","4","6","11","14","2","","0","0","1","0","0"
"POINT (10.167020968000031 53.623380585000064)","Unfall 139334 (2021) Kat:2, Licht: 0","139334","2","6","4","08","10","5","","0","0","1","0","0"
"POINT (9.988460192000048 53.572681921000026)","Unfall 139335 (2021) Kat:3, Licht: 0","139335","3","6","1","11","07","5","","0","0","1","0","0"
"POINT (9.943236036000030 53.593384342000036)","Unfall 139336 (2021) Kat:3, Licht: 0","139336","3","7","0","12","09","5","","0","0","0","0","1"
"POINT (9.973282820000065 53.556860918000041)","Unfall 139337 (2021) Kat:3, Licht: 2","139337","3","5","1","10","21","7","","2","0","1","0","1"
"POINT (9.945186704000037 53.585267896000062)","Unfall 139338 (2021) Kat:3, Licht: 0","139338","3","3","5","10","07","2","","0","1","1","0","0"
"POINT (10.012338890000024 53.649211562000062)","Unfall 139339 (2021) Kat:3, Licht: 0","139339","3","6","2","08","10","5","","0","0","1","0","0"
"POINT (10.003733238000052 53.557266170000048)","Unfall 139340 (2021) Kat:3, Licht: 2","139340","3","2","3","11","16","7","","2","0","1","0","0"
"POINT (10.040182717000050 53.552572417000079)","Unfall 139341 (2021) Kat:3, Licht: 0","139341","3","6","2","08","20","2","","0","0","1","0","0"
"POINT (9.987365382000064 53.585425936000036)","Unfall 139342 (2021) Kat:3, Licht: 0","139342","3","3","5","09","15","2","","0","1","1","0","0"
"POINT (9.973170206000077 53.456232458000045)","Unfall 139343 (2021) Kat:3, Licht: 0","139343","3","2","4","08","16","3","","0","1","1","0","0"
"POINT (10.078823610000029 53.579538121000041)","Unfall 139344 (2021) Kat:2, Licht: 0","139344","2","2","4","08","14","5","","0","1","1","0","0"
"POINT (9.853023783000026 53.593197154000052)","Unfall 139345 (2021) Kat:3, Licht: 0","139345","3","2","4","10","12","6","","0","1","0","0","0"
"POINT (9.965907329000061 53.569299109000042)","Unfall 139346 (2021) Kat:3, Licht: 0","139346","3","6","2","11","10","2","","0","0","1","0","0"
"POINT (10.090563312000029 53.652821282000048)","Unfall 139347 (2021) Kat:3, Licht: 0","139347","3","3","6","09","16","6","","0","0","1","1","0"
"POINT (9.948120709000023 53.558149795000077)","Unfall 139348 (2021) Kat:3, Licht: 0","139348","3","6","4","09","16","1","","0","0","1","0","1"
"POINT (10.028791037000076 53.571290827000041)","Unfall 139349 (2021) Kat:3, Licht: 2","139349","3","6","2","08","21","3","","2","0","1","0","0"
"POINT (10.065609636000033 53.650344618000076)","Unfall 139350 (2021) Kat:3, Licht: 0","139350","3","6","2","09","14","5","","0","0","1","0","0"
"POINT (9.934532042000058 53.454596382000034)","Unfall 139351 (2021) Kat:3, Licht: 1","139351","3","2","3","10","17","5","","1","1","1","0","0"
"POINT (10.007571103000032 53.554952947000061)","Unfall 139352 (2021) Kat:3, Licht: 2","139352","3","4","0","11","03","1","","2","1","0","1","0"
"POINT (9.981359164000025 53.572483499000043)","Unfall 139353 (2021) Kat:3, Licht: 2","139353","3","6","2","11","17","3","","2","0","1","0","0"
"POINT (10.002689163000070 53.590323983000076)","Unfall 139354 (2021) Kat:1, Licht: 2","139354","1","4","6","11","07","3","","2","0","1","1","0"
"POINT (10.013608751000049 53.578989358000058)","Unfall 139355 (2021) Kat:3, Licht: 0","139355","3","7","4","10","12","5","","0","0","1","0","1"
"POINT (9.994964383000024 53.478006233000031)","Unfall 139356 (2021) Kat:3, Licht: 1","139356","3","3","5","10","06","5","","1","0","1","0","0"
"POINT (10.028086715000029 53.551917949000028)","Unfall 139357 (2021) Kat:3, Licht: 0","139357","3","3","5","08","13","4","","0","0","1","0","0"
"POINT (10.196635289000028 53.488909013000068)","Unfall 139358 (2021) Kat:3, Licht: 0","139358","3","3","5","11","15","4","","0","1","1","0","0"
"POINT (9.925700858000027 53.640836510000042)","Unfall 139359 (2021) Kat:3, Licht: 0","139359","3","6","2","09","16","6","","0","0","1","0","0"
"POINT (10.042503501000056 53.550982711000074)","Unfall 139360 (2021) Kat:3, Licht: 0","139360","3","5","1","08","15","6","","0","0","1","0","1"
"POINT (9.968731134000052 53.551107508000030)","Unfall 139361 (2021) Kat:2, Licht: 0","139361","2","3","5","09","09","7","","0","1","1","0","0"
"POINT (9.958402981000063 53.553027512000028)","Unfall 139362 (2021) Kat:3, Licht: 2","139362","3","1","0","08","23","2","","2","1","0","0","0"
"POINT (10.075027027000033 53.574688690000073)","Unfall 139363 (2021) Kat:2, Licht: 0","139363","2","2","3","10","14","4","","0","1","1","0","0"
"POINT (9.986300959000062 53.594425909000051)","Unfall 139364 (2021) Kat:3, Licht: 0","139364","3","4","6","11","11","6","","0","1","0","1","0"
"POINT (10.045764161000022 53.548267910000050)","Unfall 139365 (2021) Kat:3, Licht: 0","139365","3","3","5","09","12","6","","0","0","1","0","0"
"POINT (10.127453416000037 53.538556746000040)","Unfall 139366 (2021) Kat:3, Licht: 0","139366","3","6","2","08","19","1","","0","0","1","0","0"
"POINT (9.982190260000039 53.587102051000045)","Unfall 139367 (2021) Kat:3, Licht: 1","139367","3","1","0","10","08","3","","1","0","0","0","1"
"POINT (9.975567475000048 53.560989776000042)","Unfall 139368 (2021) Kat:3, Licht: 2","139368","3","7","0","11","19","6","","2","1","0","0","0"
"POINT (9.995479319000026 53.566125141000043)","Unfall 139369 (2021) Kat:3, Licht: 0","139369","3","7","1","08","17","5","","0","0","1","0","0"
"POINT (10.010045809000076 53.547442381000053)","Unfall 139370 (2021) Kat:3, Licht: 0","139370","3","4","6","09","16","5","","0","0","0","1","0"
"POINT (10.022278172000028 53.560976017000030)","Unfall 139371 (2021) Kat:3, Licht: 0","139371","3","3","5","10","14","1","","0","1","1","0","0"
"POINT (10.070324954000057 53.571870705000038)","Unfall 139372 (2021) Kat:3, Licht: 2","139372","3","6","0","11","17","7","","2","0","0","0","0"
"POINT (10.208654871000022 53.499367333000066)","Unfall 139373 (2021) Kat:3, Licht: 2","139373","3","2","5","10","18","3","","2","1","1","0","0"
"POINT (10.119642828000053 53.578189498000029)","Unfall 139374 (2021) Kat:2, Licht: 0","139374","2","5","1","10","12","3","","0","0","1","0","0"
"POINT (10.208141035000040 53.481114986000080)","Unfall 139375 (2021) Kat:3, Licht: 0","139375","3","6","2","08","09","2","","0","0","1","0","0"
"POINT (9.992952354000067 53.557585011000072)","Unfall 139376 (2021) Kat:3, Licht: 0","139376","3","3","0","11","10","4","","0","1","1","0","0"
"POINT (10.024865668000075 53.627453331000027)","Unfall 139377 (2021) Kat:3, Licht: 0","139377","3","2","6","09","09","4","","0","0","1","1","0"
"POINT (9.992998183000054 53.574619388000031)","Unfall 139378 (2021) Kat:3, Licht: 0","139378","3","6","2","08","09","5","","0","0","1","0","0"
"POINT (10.024375736000025 53.580878106000057)","Unfall 139379 (2021) Kat:3, Licht: 1","139379","3","3","5","09","06","5","","1","0","0","0","1"
"POINT (9.975668374000065 53.575501157000076)","Unfall 139380 (2021) Kat:3, Licht: 0","139380","3","6","4","09","07","4","","0","1","0","0","0"
"POINT (10.013502912000035 53.520601150000061)","Unfall 139381 (2021) Kat:3, Licht: 2","139381","3","1","0","08","23","7","","2","0","0","0","0"
"POINT (9.942294860000061 53.595581428000060)","Unfall 139382 (2021) Kat:3, Licht: 2","139382","3","7","0","11","05","4","","2","1","1","0","0"
"POINT (10.096151536000036 53.689503059000060)","Unfall 139383 (2021) Kat:3, Licht: 0","139383","3","2","4","08","12","6","","0","0","1","0","0"
"POINT (10.135635616000059 53.571019865000039)","Unfall 139384 (2021) Kat:3, Licht: 2","139384","3","2","6","11","06","5","","2","0","1","1","0"
"POINT (9.953164210000068 53.572165604000077)","Unfall 139385 (2021) Kat:3, Licht: 0","139385","3","3","5","12","11","6","","0","1","0","0","0"
"POINT (9.985609126000043 53.595122763000063)","Unfall 139386 (2021) Kat:3, Licht: 2","139386","3","5","1","10","04","1","","2","0","1","0","0"
"POINT (10.009804552000048 53.583928611000033)","Unfall 139387 (2021) Kat:3, Licht: 2","139387","3","7","0","10","19","2","","2","0","0","0","0"
"POINT (10.063736195000047 53.554163324000058)","Unfall 139388 (2021) Kat:3, Licht: 0","139388","3","6","3","11","15","2","","0","0","1","0","0"
"POINT (10.037958342000024 53.569510260000072)","Unfall 139389 (2021) Kat:3, Licht: 0","139389","3","3","5","08","14","2","","0","0","1","0","0"
"POINT (9.977465922000022 53.564311252000039)","Unfall 139390 (2021) Kat:3, Licht: 2","139390","3","2","4","09","20","4","","2","0","1","0","0"
"POINT (9.947566480000035 53.589447494000069)","Unfall 139391 (2021) Kat:3, Licht: 2","139391","3","2","4","09","22","4","","2","0","1","0","1"
"POINT (9.988149623000027 53.556873084000074)","Unfall 139392 (2021) Kat:3, Licht: 0","139392","3","5","1","10","16","2","","0","0","1","0","0"
"POINT (9.985118548000059 53.577642211000068)","Unfall 139393 (2021) Kat:3, Licht: 0","139393","3","5","1","08","12","7","","0","1","1","0","0"
"POINT (10.078251600000044 53.617479592000052)","Unfall 139394 (2021) Kat:2, Licht: 0","139394","2","7","0","10","15","2","","0","0","0","0","0"
"POINT (10.031245439000031 53.586653129000069)","Unfall 139395 (2021) Kat:3, Licht: 2","139395","3","3","5","11","18","1","","2","1","1","0","0"
"POINT (9.963644489000046 53.562402153000050)","Unfall 139396 (2021) Kat:3, Licht: 0","139396","3","4","6","09","17","2","","0","1","0","1","0"
"POINT (9.874420681000061 53.493602462000069)","Unfall 139397 (2021) Kat:3, Licht: 0","139397","3","3","5","09","08","2","","0","0","1","0","0"
"POINT (9.951766914000075 53.576086899000074)","Unfall 139398 (2021) Kat:3, Licht: 0","139398","3","2","3","08","14","4","","0","1","1","0","0"
"POINT (10.157050147000064 53.658755395000071)","Unfall 139399 (2021) Kat:3, Licht: 0","139399","3","7","3","10","15","6","","0","0","1","0","1"
"POINT (9.969807251000077 53.550074900000027)","Unfall 139400 (2021) Kat:3, Licht: 2","139400","3","6","6","09","02","1","","2","0","0","1","0"
"POINT (9.989331743000037 53.558297043000039)","Unfall 139401 (2021) Kat:3, Licht: 2","139401","3","3","5","10","20","5","","2","0","1","0","0"
"POINT (10.078676180000059 53.550170690000073)","Unfall 139402 (2021) Kat:3, Licht: 0","139402","3","2","6","11","08","2","","0","0","1","1","0"
"POINT (10.077148699000077 53.653390463000051)","Unfall 139403 (2021) Kat:3, Licht: 0","139403","3","7","0","11","08","2","","0","0","1","0","0"
"POINT (9.971838002000027 53.582018193000067)","Unfall 139404 (2021) Kat:3, Licht: 0","139404","3","4","6","11","07","3","","0","0","0","1","0"
"POINT (9.927871078000067 53.559159102000081)","Unfall 139405 (2021) Kat:3, Licht: 0","139405","3","7","0","10","08","6","","0","0","0","0","0"
"POINT (10.076287312000034 53.663596172000041)","Unfall 139406 (2021) Kat:3, Licht: 0","139406","3","3","5","10","13","6","","0","1","1","0","0"
"POINT (9.914614529000062 53.634647568000048)","Unfall 139407 (2021) Kat:3, Licht: 0","139407","3","3","5","08","17","5","","0","0","1","0","0"
"POINT (10.156892185000061 53.596681194000041)","Unfall 139408 (2021) Kat:3, Licht: 0","139408","3","6","4","11","11","6","","0","0","1","0","0"
"POINT (10.113910839000027 53.576467451000042)","Unfall 139409 (2021) Kat:3, Licht: 0","139409","3","2","5","09","15","5","","0","0","1","0","1"
"POINT (10.048812305000070 53.588133101000039)","Unfall 139410 (2021) Kat:3, Licht: 0","139410","3","7","0","08","10","7","","0","0","1","0","1"
"POINT (9.923473562000027 53.631626420000032)","Unfall 139411 (2021) Kat:3, Licht: 0","139411","3","6","4","09","14","1","","0","0","1","0","0"
"POINT (10.068597440000076 53.651112810000029)","Unfall 139412 (2021) Kat:3, Licht: 0","139412","3","3","5","08","15","3","","0","0","1","0","0"
"POINT (9.963171645000045 53.549633878000066)","Unfall 139413 (2021) Kat:3, Licht: 0","139413","3","6","2","10","13","7","","0","0","1","0","0"
"POINT (10.038647187000038 53.564845453000032)","Unfall 139414 (2021) Kat:3, Licht: 0","139414","3","7","5","09","16","7","","0","1","1","0","0"
"POINT (9.757848698000032 53.566194361000044)","Unfall 139415 (2021) Kat:2, Licht: 0","139415","2","7","0","09","12","1","","0","1","0","0","0"
"POINT (10.015630807000036 53.620319190000032)","Unfall 139416 (2021) Kat:3, Licht: 0","139416","3","7","0","08","05","3","","0","0","0","0","0"
"POINT (10.203341062000050 53.487902261000045)","Unfall 139417 (2021) Kat:3, Licht: 0","139417","3","3","6","09","16","4","","0","0","0","1","0"
"POINT (9.937499910000042 53.639622078000059)","Unfall 139418 (2021) Kat:3, Licht: 0","139418","3","6","0","10","15","3","","0","1","0","0","0"
"POINT (10.040076385000077 53.530355826000061)","Unfall 139419 (2021) Kat:2, Licht: 2","139419","2","7","0","11","06","7","","2","1","0","0","0"
"POINT (10.219719031000068 53.398279841000033)","Unfall 139420 (2021) Kat:3, Licht: 0","139420","3","5","1","10","11","7","","0","1","1","0","0"
"POINT (9.982399896000061 53.581864793000079)","Unfall 139421 (2021) Kat:3, Licht: 0","139421","3","7","0","11","15","2","","0","1","0","0","0"
"POINT (9.808436679000067 53.563786520000065)","Unfall 139422 (2021) Kat:2, Licht: 0","139422","2","3","5","10","12","4","","0","0","1","0","1"
"POINT (10.004112883000062 53.546659363000060)","Unfall 139423 (2021) Kat:3, Licht: 2","139423","3","7","0","08","00","1","","2","0","0","0","0"
"POINT (10.072475290000057 53.533843745000070)","Unfall 139424 (2021) Kat:3, Licht: 0","139424","3","6","2","10","08","3","","0","0","1","0","0"
"POINT (10.012961779000022 53.643108558000051)","Unfall 139425 (2021) Kat:3, Licht: 0","139425","3","2","6","08","19","4","","0","0","1","1","0"
"POINT (10.149146150000036 53.618957316000035)","Unfall 139426 (2021) Kat:3, Licht: 0","139426","3","7","6","11","15","4","","0","1","0","0","0"
"POINT (9.971933157000024 53.557112472000028)","Unfall 139427 (2021) Kat:3, Licht: 0","139427","3","7","0","09","11","5","","0","1","1","0","0"
"POINT (9.970606533000023 53.583152040000073)","Unfall 139428 (2021) Kat:3, Licht: 0","139428","3","6","0","08","16","5","","0","0","1","0","0"
"POINT (9.986520492000068 53.547573873000033)","Unfall 139429 (2021) Kat:3, Licht: 0","139429","3","2","4","09","11","6","","0","0","1","0","0"
"POINT (9.956113414000072 53.581350683000039)","Unfall 139430 (2021) Kat:3, Licht: 0","139430","3","2","2","09","11","3","","0","1","1","0","0"
"POINT (10.089200408000067 53.607416760000035)","Unfall 139431 (2021) Kat:2, Licht: 0","139431","2","2","4","10","13","4","","0","1","1","0","0"
"POINT (10.031688064000036 53.566315982000049)","Unfall 139432 (2021) Kat:3, Licht: 0","139432","3","7","0","11","09","6","","0","1","0","0","0"
"POINT (10.007774610000070 53.558650698000065)","Unfall 139433 (2021) Kat:3, Licht: 0","139433","3","5","1","09","15","1","","0","1","1","0","0"
"POINT (10.014104812000028 53.578317752000032)","Unfall 139434 (2021) Kat:3, Licht: 0","139434","3","6","4","08","16","7","","0","1","0","0","0"
"POINT (10.005664174000060 53.580435918000035)","Unfall 139435 (2021) Kat:3, Licht: 2","139435","3","5","1","11","18","5","","2","1","1","0","0"
"POINT (10.066148162000047 53.579011073000061)","Unfall 139436 (2021) Kat:3, Licht: 1","139436","3","3","5","12","16","5","","1","1","1","0","0"
"POINT (10.101933224000049 53.581136153000045)","Unfall 139437 (2021) Kat:3, Licht: 0","139437","3","7","0","10","12","7","","0","1","0","0","0"
"POINT (10.035054279000065 53.552393480000035)","Unfall 139438 (2021) Kat:3, Licht: 2","139438","3","4","0","10","19","2","","2","0","0","1","0"
"POINT (9.976180335000038 53.570522111000059)","Unfall 139439 (2021) Kat:3, Licht: 0","139439","3","3","5","10","17","6","","0","0","1","0","0"
"POINT (9.982347157000049 53.585541865000039)","Unfall 139440 (2021) Kat:3, Licht: 0","139440","3","7","5","09","12","1","","0","1","1","0","0"
"POINT (10.040677347000042 53.555560847000038)","Unfall 139441 (2021) Kat:3, Licht: 0","139441","3","2","4","09","16","1","","0","0","1","0","0"
"POINT (10.086837183000057 53.552182474000062)","Unfall 139442 (2021) Kat:3, Licht: 0","139442","3","2","4","08","13","2","","0","0","1","0","0"
"POINT (9.983426608000059 53.460082029000034)","Unfall 139443 (2021) Kat:3, Licht: 0","139443","3","7","0","09","15","3","","0","1","0","0","0"
"POINT (10.208908243000053 53.482648216000030)","Unfall 139444 (2021) Kat:3, Licht: 2","139444","3","3","5","10","19","3","","2","1","1","0","0"
"POINT (10.181565483000043 53.450170994000075)","Unfall 139445 (2021) Kat:3, Licht: 2","139445","3","6","4","11","18","7","","2","0","1","0","0"
"POINT (10.033406597000067 53.573545378000063)","Unfall 139446 (2021) Kat:3, Licht: 2","139446","3","6","2","11","17","3","","2","1","1","0","0"
"POINT (10.139570586000048 53.542130435000047)","Unfall 139447 (2021) Kat:2, Licht: 0","139447","2","7","0","11","11","2","","0","1","0","0","0"