WKT,Name,OBJECTID,UKATEGORIE,UTYP1,UART,UMONAT,USTUNDE,UWOCHENTAG,STRZUSTAND,ULICHTVERH,ISTRAD,ISTPKW,ISTFUSS,ISTKRAD
"POINT (10.007921403000068 53.496602928000073)","Unfall 139448 (2021) Kat:3, Licht: 0","139448","3","2","4","10","09","4","","0","1","1","0","0"
"POINT (10.084586307000052 53.550821421000080)","Unfall 139449 (2021) Kat:3, Licht: 1","139449","3","3","5","08","05","7","","1","0","1","0","0"
"POINT (10.067392979000033 53.577989199000058)","Unfall 139450 (2021) Kat:3, Licht: 0","139450","3","4","6","10","18","5","","0","1","0","1","0"
"POINT (10.017084933000035 53.649425081000061)","Unfall 139451 (2021) Kat:3, Licht: 0","139451","3","6","3","08","15","3","","0","1","0","0","0"
"POINT (9.975168704000055 53.579171727000073)","Unfall 139452 (2021) Kat:3, Licht: 1","139452","3","6","2","11","06","5","","1","0","1","0","0"
"POINT (10.132687288000056 53.599883758000033)","Unfall 139453 (2021) Kat:3, Licht: 0","139453","3","4","6","09","16","6","","0","0","1","1","0"
"POINT (9.939409799000032 53.552066057000047)","Unfall 139454 (2021) Kat:3, Licht: 0","139454","3","5","1","08","19","1","","0","1","1","0","0"
"POINT (10.082506422000051 53.668969946000061)","Unfall 139455 (2021) Kat:3, Licht: 0","139455","3","3","5","09","13","6","","0","1","1","0","0"
"POINT (9.919190553000021 53.545894633000046)","Unfall 139456 (2021) Kat:3, Licht: 0","139456","3","6","2","08","14","3","","0","0","1","0","1"
"POINT (9.802236796000045 53.557376629000032)","Unfall 139457 (2021) Kat:3, Licht: 0","139457","3","7","0","10","17","4","","0","1","0","0","0"
"POINT (10.142315171000064 53.687089871000069)","Unfall 139458 (2021) Kat:3, Licht: 2","139458","3","1","9","11","21","6","","2","0","1","0","0"
"POINT (10.133433069000034 53.505839562000062)","Unfall 139459 (2021) Kat:3, Licht: 0","139459","3","6","2","09","16","6","","0","0","1","0","0"
"POINT (9.956055568000068 53.570286634000070)","Unfall 139460 (2021) Kat:3, Licht: 0","139460","3","2","2","08","10","1","","0","0","1","0","0"
"POINT (10.014277921000030 53.578073274000076)","Unfall 139461 (2021) Kat:3, Licht: 2","139461","3","2","4","11","18","5","","2","1","1","0","0"
"POINT (10.209802947000071 53.485044303000052)","Unfall 139462 (2021) Kat:2, Licht: 2","139462","2","3","6","12","16","5","","2","0","1","1","0"
"POINT (10.010204159000068 53.552282909000041)","Unfall 139463 (2021) Kat:3, Licht: 2","139463","3","3","5","10","02","1","","2","1","1","0","0"
"POINT (10.090663503000030 53.633877862000077)","Unfall 139464 (2021) Kat:3, Licht: 2","139464","3","2","3","11","18","6","","2","0","1","0","0"
"POINT (10.172538804000055 53.653632103000064)","Unfall 139465 (2021) Kat:3, Licht: 0","139465","3","7","1","08","14","3","","0","0","1","0","0"
"POINT (9.965147352000031 53.603501648000076)","Unfall 139466 (2021) Kat:3, Licht: 0","139466","3","3","5","09","15","5","","0","1","1","0","0"
"POINT (10.026034367000022 53.622428113000069)","Unfall 139467 (2021) Kat:3, Licht: 1","139467","3","7","0","10","07","1","","1","1","0","0","0"
"POINT (10.009277222000037 53.649961156000074)","Unfall 139468 (2021) Kat:3, Licht: 2","139468","3","6","6","11","00","7","","2","0","1","1","0"
"POINT (10.134228408000070 53.575070377000031)","Unfall 139469 (2021) Kat:3, Licht: 0","139469","3","6","2","10","16","3","","0","0","1","0","0"
"POINT (9.960647009000070 53.643586387000028)","Unfall 139470 (2021) Kat:3, Licht: 0","139470","3","7","0","10","11","5","","0","0","1","0","0"
"POINT (10.054402732000028 53.574190325000075)","Unfall 139471 (2021) Kat:2, Licht: 0","139471","2","2","5","08","08","3","","0","0","1","0","0"
"POINT (10.033475342000031 53.587481536000041)","Unfall 139472 (2021) Kat:3, Licht: 2","139472","3","5","1","11","22","3","","2","1","1","0","0"
"POINT (10.077677149000067 53.617034706000027)","Unfall 139473 (2021) Kat:3, Licht: 1","139473","3","3","5","09","18","3","","1","1","1","0","0"
"POINT (9.979457870000033 53.560978513000066)","Unfall 139474 (2021) Kat:2, Licht: 2","139474","2","7","0","09","00","5","","2","0","0","0","0"
"POINT (10.016268891000038 53.555341108000050)","Unfall 139475 (2021) Kat:3, Licht: 0","139475","3","4","6","08","11","6","","0","0","1","1","0"
"POINT (10.074464610000064 53.611898040000028)","Unfall 139476 (2021) Kat:3, Licht: 0","139476","3","2","5","09","13","5","","0","0","0","0","0"
"POINT (10.092410705000077 53.595570380000026)","Unfall 139477 (2021) Kat:3, Licht: 0","139477","3","2","4","09","16","3","","0","1","1","0","0"
"POINT (9.967847555000048 53.545789398000068)","Unfall 139478 (2021) Kat:3, Licht: 0","139478","3","7","0","08","14","7","","0","0","1","1","0"
"POINT (10.048133257000075 53.631811447000075)","Unfall 139479 (2021) Kat:3, Licht: 0","139479","3","2","2","11","07","5","","0","1","0","0","0"
"POINT (10.017707369000050 53.549604442000032)","Unfall 139480 (2021) Kat:3, Licht: 0","139480","3","7","0","08","16","5","","0","1","0","0","0"
"POINT (9.879803925000033 53.585093625000070)","Unfall 139481 (2021) Kat:3, Licht: 0","139481","3","6","1","11","08","5","","0","0","1","0","0"
"POINT (9.936336384000072 53.550767406000034)","Unfall 139482 (2021) Kat:3, Licht: 1","139482","3","6","2","12","19","5","","1","0","1","0","0"
"POINT (10.044186613000022 53.573377525000069)","Unfall 139483 (2021) Kat:3, Licht: 0","139483","3","3","5","10","16","7","","0","1","0","0","0"
"POINT (9.864459267000029 53.565570844000035)","Unfall 139484 (2021) Kat:3, Licht: 2","139484","3","7","0","10","04","7","","2","0","0","0","0"
"POINT (9.984576302000050 53.570051105000061)","Unfall 139485 (2021) Kat:3, Licht: 0","139485","3","3","5","08","17","7","","0","1","1","0","0"
"POINT (10.133341274000031 53.599139685000068)","Unfall 139486 (2021) Kat:3, Licht: 0","139486","3","3","5","11","08","4","","0","1","1","0","0"
"POINT (9.983719910000048 53.557769493000080)","Unfall 139487 (2021) Kat:3, Licht: 1","139487","3","2","5","08","21","3","","1","0","0","0","1"
"POINT (9.969576896000035 53.549850505000052)","Unfall 139488 (2021) Kat:3, Licht: 0","139488","3","3","5","09","12","3","","0","1","1","0","0"
"POINT (9.943783058000065 53.549568624000074)","Unfall 139489 (2021) Kat:3, Licht: 0","139489","3","2","3","09","17","4","","0","1","1","0","0"
"POINT (10.081071105000035 53.641702267000028)","Unfall 139490 (2021) Kat:3, Licht: 2","139490","3","6","2","10","21","1","","2","0","1","0","0"
"POINT (10.110886354000058 53.542743498000050)","Unfall 139491 (2021) Kat:3, Licht: 2","139491","3","4","6","10","19","1","","2","0","0","1","0"
"POINT (10.141104276000021 53.597613157000069)","Unfall 139492 (2021) Kat:3, Licht: 0","139492","3","6","2","11","13","1","","0","0","1","0","0"
"POINT (9.901077138000062 53.625487521000082)","Unfall 139493 (2021) Kat:2, Licht: 0","139493","2","3","5","09","17","1","","0","0","1","0","1"
"POINT (10.092713410000044 53.571523033000062)","Unfall 139494 (2021) Kat:3, Licht: 0","139494","3","3","5","09","16","3","","0","1","1","0","0"
"POINT (9.863052536000055 53.476805043000070)","Unfall 139495 (2021) Kat:3, Licht: 0","139495","3","2","5","08","14","3","","0","1","1","0","0"
"POINT (9.986101156000075 53.580362597000033)","Unfall 139496 (2021) Kat:3, Licht: 0","139496","3","7","0","10","18","6","","0","1","0","0","0"
"POINT (10.112443482000060 53.620730824000077)","Unfall 139497 (2021) Kat:2, Licht: 0","139497","2","2","5","09","17","7","","0","1","1","0","0"
"POINT (9.969507266000051 53.567843402000051)","Unfall 139498 (2021) Kat:3, Licht: 1","139498","3","6","2","10","17","5","","1","0","1","0","0"
"POINT (10.021527469000034 53.553152140000066)","Unfall 139499 (2021) Kat:3, Licht: 0","139499","3","4","6","11","09","2","","0","0","1","1","0"
"POINT (10.164933890000043 53.612880433000043)","Unfall 139500 (2021) Kat:3, Licht: 0","139500","3","6","2","11","07","3","","0","1","1","0","0"
"POINT (10.011513041000057 53.649107055000059)","Unfall 139501 (2021) Kat:3, Licht: 2","139501","3","3","5","11","19","3","","2","0","1","0","0"
"POINT (10.081491050000068 53.620088890000034)","Unfall 139502 (2021) Kat:3, Licht: 1","139502","3","6","2","10","07","5","","1","0","1","0","0"
"POINT (10.183426009000073 53.631569889000048)","Unfall 139503 (2021) Kat:3, Licht: 0","139503","3","6","2","08","08","6","","0","0","1","0","0"
"POINT (10.031846200000075 53.596257526000045)","Unfall 139504 (2021) Kat:3, Licht: 0","139504","3","3","5","10","18","5","","0","1","0","0","0"
"POINT (10.008991311000045 53.559328262000065)","Unfall 139505 (2021) Kat:3, Licht: 0","139505","3","6","3","08","18","6","","0","1","0","0","0"
"POINT (10.152138706000073 53.616012103000060)","Unfall 139506 (2021) Kat:3, Licht: 0","139506","3","3","5","11","11","7","","0","1","1","0","0"
"POINT (9.974219548000065 53.605497946000071)","Unfall 139507 (2021) Kat:3, Licht: 1","139507","3","7","0","09","19","6","","1","1","0","0","0"
"POINT (9.997543845000052 53.480633325000042)","Unfall 139508 (2021) Kat:2, Licht: 2","139508","2","6","3","08","22","6","","2","0","1","0","1"
"POINT (10.154658142000073 53.603088355000068)","Unfall 139509 (2021) Kat:3, Licht: 0","139509","3","3","5","09","10","7","","0","1","1","0","0"
"POINT (9.905271599000059 53.608100424000042)","Unfall 139510 (2021) Kat:3, Licht: 0","139510","3","6","2","08","12","3","","0","0","1","0","0"
"POINT (10.185595059000036 53.511175929000046)","Unfall 139511 (2021) Kat:2, Licht: 0","139511","2","6","2","10","11","7","","0","0","1","0","0"
"POINT (9.917398448000029 53.546015805000081)","Unfall 139512 (2021) Kat:3, Licht: 0","139512","3","2","4","09","11","6","","0","1","1","0","0"
"POINT (10.015965238000035 53.551933430000076)","Unfall 139513 (2021) Kat:3, Licht: 2","139513","3","2","2","09","19","7","","2","0","1","0","0"
"POINT (9.922478644000023 53.599554758000068)","Unfall 139514 (2021) Kat:3, Licht: 0","139514","3","7","0","08","09","7","","0","1","0","0","0"
"POINT (10.038486297000077 53.577253217000077)","Unfall 139515 (2021) Kat:2, Licht: 1","139515","2","2","0","09","19","5","","1","1","0","0","0"
"POINT (10.065918631000045 53.559706551000033)","Unfall 139516 (2021) Kat:3, Licht: 0","139516","3","4","0","10","07","3","","0","1","0","1","0"
"POINT (10.010488362000046 53.550944967000078)","Unfall 139517 (2021) Kat:3, Licht: 2","139517","3","4","6","11","21","7","","2","0","0","1","1"
"POINT (10.034985070000062 53.552392087000044)","Unfall 139518 (2021) Kat:3, Licht: 0","139518","3","2","5","09","13","5","","0","1","1","0","0"
"POINT (9.996305532000065 53.546140401000059)","Unfall 139519 (2021) Kat:3, Licht: 0","139519","3","6","6","10","13","1","","0","1","0","1","0"
"POINT (10.090780511000048 53.549100428000031)","Unfall 139520 (2021) Kat:3, Licht: 2","139520","3","3","5","11","02","1","","2","0","1","0","0"
"POINT (9.982723542000031 53.589593294000053)","Unfall 139521 (2021) Kat:3, Licht: 0","139521","3","3","5","10","08","3","","0","0","1","0","0"
"POINT (9.988393616000053 53.549389682000026)","Unfall 139522 (2021) Kat:3, Licht: 0","139522","3","7","0","08","11","1","","0","1","0","0","0"
"POINT (9.968094381000071 53.562405933000036)","Unfall 139523 (2021) Kat:3, Licht: 0","139523","3","3","5","10","08","4","","0","1","0","0","0"
"POINT (10.178685952000023 53.646813114000054)","Unfall 139524 (2021) Kat:3, Licht: 0","139524","3","2","5","08","18","3","","0","1","1","0","0"
"POINT (10.027827889000037 53.544569203000037)","Unfall 139525 (2021) Kat:3, Licht: 0","139525","3","3","5","11","15","5","","0","0","1","0","0"
"POINT (9.824513622000040 53.571724270000061)","Unfall 139526 (2021) Kat:3, Licht: 0","139526","3","1","0","09","16","5","","0","1","0","0","0"
"POINT (9.876717441000039 53.533444987000053)","Unfall 139527 (2021) Kat:3, Licht: 0","139527","3","6","2","08","11","5","","0","0","1","0","0"
"POINT (10.007037468000021 53.540579935000039)","Unfall 139528 (2021) Kat:3, Licht: 0","139528","3","2","4","09","13","7","","0","0","1","0","0"
"POINT (10.108555820000049 53.707894430000067)","Unfall 139529 (2021) Kat:3, Licht: 0","139529","3","3","6","09","16","3","","0","0","1","1","0"
"POINT (10.036666342000046 53.535561501000075)","Unfall 139530 (2021) Kat:3, Licht: 0","139530","3","6","2","10","16","2","","0","0","1","0","0"
"POINT (10.046126421000054 53.578963585000054)","Unfall 139531 (2021) Kat:3, Licht: 0","139531","3","7","0","08","07","2","","0","1","0","0","0"
"POINT (10.064806142000066 53.586578977000045)","Unfall 139532 (2021) Kat:3, Licht: 2","139532","3","2","5","11","23","3","","2","0","1","0","0"
"POINT (9.996472153000070 53.584053033000032)","Unfall 139533 (2021) Kat:3, Licht: 0","139533","3","5","1","09","13","6","","0","1","1","0","0"
"POINT (10.208483468000054 53.481775849000030)","Unfall 139534 (2021) Kat:3, Licht: 0","139534","3","2","4","08","16","6","","0","0","1","0","0"
"POINT (9.793816498000069 53.533922269000072)","Unfall 139535 (2021) Kat:3, Licht: 0","139535","3","3","5","11","15","5","","0","0","1","0","0"
"POINT (9.935875935000070 53.544772152000064)","Unfall 139536 (2021) Kat:3, Licht: 2","139536","3","7","0","10","17","3","","2","1","1","0","0"
"POINT (9.982558486000073 53.460381995000034)","Unfall 139537 (2021) Kat:3, Licht: 0","139537","3","4","6","10","16","3","","0","0","0","1","0"
"POINT (10.102392839000061 53.635507516000075)","Unfall 139538 (2021) Kat:3, Licht: 0","139538","3","6","2","11","08","5","","0","0","1","0","0"
"POINT (10.171691403000068 53.513425827000049)","Unfall 139539 (2021) Kat:3, Licht: 0","139539","3","6","2","08","17","3","","0","0","1","0","0"
"POINT (9.959088261000034 53.456630694000069)","Unfall 139540 (2021) Kat:3, Licht: 0","139540","3","6","6","09","18","2","","0","0","1","1","0"
"POINT (9.989849645000049 53.559440123000059)","Unfall 139541 (2021) Kat:3, Licht: 0","139541","3","6","3","09","11","6","","0","0","0","0","0"
"POINT (9.947831354000073 53.585036784000067)","Unfall 139542 (2021) Kat:3, Licht: 0","139542","3","6","6","10","15","6","","0","1","1","1","0"
"POINT (9.986539459000028 53.547593024000037)","Unfall 139543 (2021) Kat:3, Licht: 0","139543","3","2","4","10","13","1","","0","0","1","0","0"
"POINT (10.055631696000034 53.591291750000039)","Unfall 139544 (2021) Kat:3, Licht: 0","139544","3","4","6","08","10","7","","0","0","1","1","0"
"POINT (10.104534570000055 53.573129856000037)","Unfall 139545 (2021) Kat:3, Licht: 0","139545","3","6","2","10","16","2","","0","0","1","0","0"
"POINT (9.965369215000067 53.566423136000026)","Unfall 139546 (2021) Kat:3, Licht: 0","139546","3","7","0","08","19","3","","0","1","0","0","0"
"POINT (10.099195302000055 53.569558064000034)","Unfall 139547 (2021) Kat:3, Licht: 0","139547","3","2","5","11","14","3","","0","0","1","0","0"
"POINT (9.928668252000023 53.592238829000053)","Unfall 139548 (2021) Kat:3, Licht: 2","139548","3","2","4","09","22","3","","2","0","1","0","0"
"POINT (9.753009728000052 53.564679956000077)","Unfall 139549 (2021) Kat:3, Licht: 0","139549","3","7","0","09","15","3","","0","1","0","0","0"
"POINT (10.014941795000027 53.554765597000028)","Unfall 139550 (2021) Kat:3, Licht: 0","139550","3","6","3","08","18","4","","0","0","1","0","1"
"POINT (9.903329100000064 53.568731827000079)","Unfall 139551 (2021) Kat:3, Licht: 0","139551","3","2","3","09","17","5","","0","1","0","0","0"
"POINT (10.118014341000048 53.537973633000036)","Unfall 139552 (2021) Kat:3, Licht: 0","139552","3","3","5","09","11","7","","0","0","1","0","0"
"POINT (10.050721382000063 53.568287749000035)","Unfall 139553 (2021) Kat:3, Licht: 0","139553","3","3","5","11","15","1","","0","1","1","0","0"
"POINT (9.931603421000034 53.428917468000066)","Unfall 139554 (2021) Kat:3, Licht: 0","139554","3","6","1","08","07","5","","0","0","1","0","0"
"POINT (10.113681571000029 53.594549159000053)","Unfall 139555 (2021) Kat:3, Licht: 0","139555","3","3","5","11","09","3","","0","0","1","0","0"
"POINT (9.937566499000070 53.592620194000062)","Unfall 139556 (2021) Kat:3, Licht: 2","139556","3","2","5","12","07","4","","2","0","1","0","1"
"POINT (10.022906990000024 53.611163737000027)","Unfall 139557 (2021) Kat:3, Licht: 0","139557","3","3","0","10","11","6","","0","1","0","0","0"
"POINT (9.986212933000047 53.454734616000053)","Unfall 139558 (2021) Kat:3, Licht: 2","139558","3","6","6","10","18","7","","2","0","1","1","0"
"POINT (9.895477253000024 53.604167892000078)","Unfall 139559 (2021) Kat:3, Licht: 0","139559","3","4","6","08","15","5","","0","0","0","1","0"
"POINT (10.051410219000047 53.586709864000056)","Unfall 139560 (2021) Kat:3, Licht: 0","139560","3","2","0","11","07","4","","0","0","1","0","1"
"POINT (9.877948462000063 53.589754532000029)","Unfall 139561 (2021) Kat:3, Licht: 0","139561","3","6","3","08","19","2","","0","0","1","0","0"
"POINT (10.081921158000057 53.555464313000073)","Unfall 139562 (2021) Kat:3, Licht: 0","139562","3","6","2","09","14","7","","0","0","1","0","0"
"POINT (10.036855824000043 53.552427247000082)","Unfall 139563 (2021) Kat:3, Licht: 0","139563","3","6","2","08","08","3","","0","0","1","0","0"
"POINT (10.177964315000054 53.490717562000043)","Unfall 139564 (2021) Kat:2, Licht: 0","139564","2","4","6","08","09","5","","0","0","1","1","0"
"POINT (10.038485137000066 53.498659396000050)","Unfall 139565 (2021) Kat:3, Licht: 2","139565","3","6","6","10","19","7","","2","0","1","1","0"
"POINT (9.970406763000028 53.567448442000057)","Unfall 139566 (2021) Kat:3, Licht: 1","139566","3","6","2","11","06","5","","1","0","1","0","0"
"POINT (9.993162676000054 53.551536692000070)","Unfall 139567 (2021) Kat:3, Licht: 0","139567","3","6","4","08","11","4","","0","1","0","0","0"
"POINT (10.051076442000067 53.646818447000044)","Unfall 139568 (2021) Kat:3, Licht: 0","139568","3","3","5","09","17","5","","0","1","1","0","0"
"POINT (10.074952136000036 53.574586604000046)","Unfall 139569 (2021) Kat:3, Licht: 0","139569","3","2","5","09","18","5","","0","0","1","0","0"
"POINT (9.977023853000048 53.511252086000070)","Unfall 139570 (2021) Kat:3, Licht: 0","139570","3","2","4","10","09","6","","0","1","1","0","0"
"POINT (9.972137162000024 53.601780473000076)","Unfall 139571 (2021) Kat:3, Licht: 0","139571","3","6","2","10","15","2","","0","0","1","0","1"
"POINT (10.012141546000066 53.552566171000080)","Unfall 139572 (2021) Kat:3, Licht: 2","139572","3","5","1","10","06","3","","2","1","1","0","0"
"POINT (10.023467642000071 53.550652909000064)","Unfall 139573 (2021) Kat:3, Licht: 0","139573","3","7","0","08","19","2","","0","0","0","0","0"
"POINT (10.067268237000064 53.563091434000057)","Unfall 139574 (2021) Kat:3, Licht: 2","139574","3","4","6","11","18","2","","2","0","0","1","0"
"POINT (10.012722791000044 53.626360497000064)","Unfall 139575 (2021) Kat:3, Licht: 0","139575","3","3","5","09","15","3","","0","1","1","0","0"
"POINT (10.128195881000067 53.601723669000080)","Unfall 139576 (2021) Kat:3, Licht: 2","139576","3","2","4","09","21","3","","2","0","1","0","0"
"POINT (9.995474379000029 53.550601713000049)","Unfall 139577 (2021) Kat:2, Licht: 0","139577","2","2","6","08","09","4","","0","0","0","1","0"
"POINT (10.086806911000053 53.656367823000039)","Unfall 139578 (2021) Kat:3, Licht: 0","139578","3","6","4","09","07","5","","0","1","0","0","0"
"POINT (10.043593519000069 53.540064555000072)","Unfall 139579 (2021) Kat:2, Licht: 0","139579","2","6","2","09","11","6","","0","0","1","0","0"
"POINT (10.145544597000026 53.602593588000047)","Unfall 139580 (2021) Kat:3, Licht: 0","139580","3","2","5","08","13","6","","0","1","1","0","0"
"POINT (10.139597627000057 53.582152265000047)","Unfall 139581 (2021) Kat:3, Licht: 0","139581","3","3","5","11","14","4","","0","1","1","0","0"
"POINT (10.016038163000076 53.548549163000075)","Unfall 139582 (2021) Kat:3, Licht: 0","139582","3","6","3","08","10","6","","0","0","1","0","1"
"POINT (9.900350028000048 53.569968168000059)","Unfall 139583 (2021) Kat:3, Licht: 0","139583","3","3","5","11","11","5","","0","1","1","0","0"
"POINT (10.115397607000034 53.607441813000037)","Unfall 139584 (2021) Kat:2, Licht: 2","139584","2","4","6","12","19","4","","2","0","1","1","0"
"POINT (10.100404287000060 53.584702882000045)","Unfall 139585 (2021) Kat:3, Licht: 0","139585","3","2","4","10","14","6","","0","1","1","0","0"
"POINT (10.024949820000074 53.600710710000044)","Unfall 139586 (2021) Kat:3, Licht: 2","139586","3","6","2","10","20","7","","2","0","1","0","0"
"POINT (9.901278887000046 53.610126117000050)","Unfall 139587 (2021) Kat:3, Licht: 0","139587","3","3","5","08","10","6","","0","1","1","0","0"
"POINT (10.065044973000056 53.571457310000028)","Unfall 139588 (2021) Kat:3, Licht: 0","139588","3","7","0","11","09","4","","0","0","0","0","1"
"POINT (10.112933124000051 53.538172984000028)","Unfall 139589 (2021) Kat:3, Licht: 0","139589","3","3","0","08","09","2","","0","0","1","0","0"
"POINT (9.943194428000027 53.593379996000067)","Unfall 139590 (2021) Kat:3, Licht: 2","139590","3","6","3","09","19","3","","2","0","1","0","0"
"POINT (10.138518841000064 53.600119171000074)","Unfall 139591 (2021) Kat:2, Licht: 0","139591","2","2","0","08","11","3","","0","1","1","0","0"
"POINT (10.035445826000057 53.575124063000032)","Unfall 139592 (2021) Kat:3, Licht: 2","139592","3","2","4","10","05","7","","2","0","1","0","0"
"POINT (10.063418859000024 53.581459792000032)","Unfall 139593 (2021) Kat:3, Licht: 1","139593","3","6","0","11","16","7","","1","1","1","0","0"
"POINT (10.039462072000049 53.608282862000067)","Unfall 139594 (2021) Kat:3, Licht: 0","139594","3","6","2","09","18","1","","0","0","1","0","0"
"POINT (10.112503711000045 53.620740190000049)","Unfall 139595 (2021) Kat:3, Licht: 0","139595","3","7","0","09","14","2","","0","0","0","0","0"
"POINT (10.162854648000064 53.589622982000037)","Unfall 139596 (2021) Kat:3, Licht: 0","139596","3","7","0","08","07","3","","0","0","1","0","0"
"POINT (10.132930139000052 53.605349917000069)","Unfall 139597 (2021) Kat:3, Licht: 0","139597","3","3","5","10","11","7","","0","0","1","0","0"
"POINT (10.067637483000055 53.582315090000066)","Unfall 139598 (2021) Kat:3, Licht: 1","139598","3","3","5","10","08","4","","1","1","1","0","0"
"POINT (9.987828628000045 53.523228386000028)","Unfall 139599 (2021) Kat:3, Licht: 0","139599","3","7","0","11","13","3","","0","1","0","0","0"
"POINT (10.210121309000044 53.490310213000043)","Unfall 139600 (2021) Kat:3, Licht: 0","139600","3","4","6","11","11","2","","0","0","1","1","0"
"POINT (10.101295937000032 53.579848258000027)","Unfall 139601 (2021) Kat:3, Licht: 0","139601","3","6","2","11","09","2","","0","0","1","0","0"
"POINT (10.013061464000032 53.560923611000078)","Unfall 139602 (2021) Kat:3, Licht: 2","139602","3","1","0","10","07","6","","2","0","0","0","1"
"POINT (9.968607785000074 53.549382771000069)","Unfall 139603 (2021) Kat:3, Licht: 2","139603","3","7","0","10","00","6","","2","0","0","0","0"
"POINT (10.128556310000022 53.533025448000046)","Unfall 139604 (2021) Kat:3, Licht: 2","139604","3","7","0","08","00","5","","2","0","0","0","0"
"POINT (10.073405594000064 53.551361552000060)","Unfall 139605 (2021) Kat:3, Licht: 2","139605","3","6","4","11","17","6","","2","0","1","0","1"
"POINT (10.121445409000046 53.595023709000031)","Unfall 139606 (2021) Kat:3, Licht: 0","139606","3","3","5","09","15","5","","0","1","1","0","0"
"POINT (9.912396460000025 53.554062086000044)","Unfall 139607 (2021) Kat:3, Licht: 0","139607","3","6","3","08","18","1","","0","1","1","0","0"
"POINT (9.888511670000071 53.618904640000039)","Unfall 139608 (2021) Kat:3, Licht: 0","139608","3","3","5","09","13","1","","0","1","1","0","0"
"POINT (9.983530905000066 53.431779593000044)","Unfall 139609 (2021) Kat:3, Licht: 0","139609","3","3","5","08","13","2","","0","0","1","0","0"
"POINT (9.987721056000055 53.439105130000030)","Unfall 139610 (2021) Kat:3, Licht: 1","139610","3","3","5","10","18","4","","1","0","1","0","0"
"POINT (9.961376018000067 53.578193424000062)","Unfall 139611 (2021) Kat:3, Licht: 0","139611","3","6","3","09","18","6","","0","1","1","0","0"
"POINT (9.948143662000064 53.555679245000078)","Unfall 139612 (2021) Kat:3, Licht: 0","139612","3","7","0","09","10","7","","0","1","0","0","0"
"POINT (10.044617175000042 53.563899054000046)","Unfall 139613 (2021) Kat:3, Licht: 0","139613","3","6","4","08","11","2","","0","0","1","0","0"
"POINT (10.144865759000027 53.545014902000048)","Unfall 139614 (2021) Kat:3, Licht: 2","139614","3","6","2","09","20","4","","2","0","1","0","0"
"POINT (10.005458952000026 53.540768821000029)","Unfall 139615 (2021) Kat:3, Licht: 2","139615","3","4","0","10","18","4","","2","0","1","1","0"
"POINT (9.983925690000035 53.432446749000064)","Unfall 139616 (2021) Kat:3, Licht: 0","139616","3","3","5","11","13","6","","0","0","1","0","0"
"POINT (10.057457751000072 53.546713432000047)","Unfall 139617 (2021) Kat:3, Licht: 0","139617","3","4","6","08","13","4","","0","1","0","1","0"
"POINT (10.158004805000076 53.658730697000067)","Unfall 139618 (2021) Kat:3, Licht: 0","139618","3","6","6","09","07","5","","0","0","1","1","0"
"POINT (9.994497999000032 53.550507534000076)","Unfall 139619 (2021) Kat:3, Licht: 1","139619","3","3","0","11","08","2","","1","1","0","0","0"
"POINT (10.017000889000030 53.582595240000046)","Unfall 139620 (2021) Kat:3, Licht: 0","139620","3","3","5","11","13","7","","0","1","1","0","0"
"POINT (10.009232066000038 53.559446803000071)","Unfall 139621 (2021) Kat:3, Licht: 0","139621","3","7","0","10","08","4","","0","1","0","0","0"
"POINT (10.052381305000040 53.588214218000076)","Unfall 139622 (2021) Kat:3, Licht: 0","139622","3","3","5","10","08","3","","0","0","1","0","0"
"POINT (9.994101020000073 53.470153505000042)","Unfall 139623 (2021) Kat:3, Licht: 2","139623","3","2","4","08","17","4","","2","1","1","0","0"
"POINT (10.021475445000021 53.575258412000039)","Unfall 139624 (2021) Kat:3, Licht: 2","139624","3","7","0","11","21","4","","2","0","0","0","0"
"POINT (9.998349376000021 53.655181268000035)","Unfall 139625 (2021) Kat:3, Licht: 0","139625","3","3","5","09","08","5","","0","1","1","0","0"
"POINT (10.025921628000049 53.558863446000032)","Unfall 139626 (2021) Kat:3, Licht: 0","139626","3","2","3","08","12","6","","0","1","1","0","0"
"POINT (10.013101092000056 53.560952847000067)","Unfall 139627 (2021) Kat:3, Licht: 0","139627","3","6","2","09","09","6","","0","0","1","0","0"
"POINT (9.985176414000023 53.563804844000060)","Unfall 139628 (2021) Kat:3, Licht: 0","139628","3","6","0","09","14","3","","0","0","1","0","0"
"POINT (10.026211731000046 53.628893359000074)","Unfall 139629 (2021) Kat:3, Licht: 2","139629","3","6","0","10","19","2","","2","0","1","0","0"
"POINT (9.965476667000075 53.561238839000055)","Unfall 139630 (2021) Kat:3, Licht: 0","139630","3","4","6","08","18","2","","0","1","0","1","0"
"POINT (9.993858606000060 53.599358950000067)","Unfall 139631 (2021) Kat:3, Licht: 2","139631","3","2","6","11","19","5","","2","0","1","1","0"
"POINT (9.954795546000071 53.548508833000028)","Unfall 139632 (2021) Kat:3, Licht: 2","139632","3","7","0","09","22","5","","2","1","0","0","0"
"POINT (10.083216827000058 53.545050998000079)","Unfall 139633 (2021) Kat:3, Licht: 0","139633","3","6","2","08","15","5","","0","0","0","0","0"