WKT,Name,OBJECTID,UKATEGORIE,UTYP1,UART,UMONAT,USTUNDE,UWOCHENTAG,STRZUSTAND,ULICHTVERH,ISTRAD,ISTPKW,ISTFUSS,ISTKRAD
"POINT (10.020740182000054 53.550521477000075)","Unfall 139634 (2021) Kat:3, Licht: 0","139634","3","2","0","11","08","6","","0","1","0","0","0"
"POINT (9.993618112000036 53.585674972000049)","Unfall 139635 (2021) Kat:3, Licht: 0","139635","3","7","0","10","16","1","","0","1","0","0","0"
"POINT (10.132704207000074 53.547176207000064)","Unfall 139636 (2021) Kat:3, Licht: 0","139636","3","3","5","10","15","3","","0","0","1","0","0"
"POINT (10.176909809000051 53.591073736000055)","Unfall 139637 (2021) Kat:3, Licht: 0","139637","3","6","4","11","11","3","","0","0","1","0","0"
"POINT (9.961107832000039 53.573993418000043)","Unfall 139638 (2021) Kat:3, Licht: 0","139638","3","2","6","08","11","3","","0","0","0","1","0"
"POINT (9.902684794000038 53.606605945000069)","Unfall 139639 (2021) Kat:3, Licht: 0","139639","3","3","5","09","16","4","","0","0","1","0","0"
"POINT (10.182678986000042 53.491634089000058)","Unfall 139640 (2021) Kat:3, Licht: 0","139640","3","4","6","09","16","5","","0","0","1","1","0"
"POINT (10.029282027000022 53.548002607000058)","Unfall 139641 (2021) Kat:3, Licht: 0","139641","3","6","2","10","15","6","","0","0","1","0","0"
"POINT (10.000231035000070 53.549995945000035)","Unfall 139642 (2021) Kat:2, Licht: 0","139642","2","6","3","10","11","3","","0","0","1","0","0"
"POINT (9.863911044000076 53.456450387000075)","Unfall 139643 (2021) Kat:3, Licht: 0","139643","3","3","5","10","15","2","","0","0","1","0","0"
"POINT (10.053971991000026 53.592328259000055)","Unfall 139644 (2021) Kat:3, Licht: 0","139644","3","7","0","11","12","2","","0","0","1","0","0"
"POINT (10.035327033000044 53.558029846000068)","Unfall 139645 (2021) Kat:3, Licht: 0","139645","3","2","5","09","11","1","","0","0","1","0","0"
"POINT (9.961477228000035 53.472384784000042)","Unfall 139646 (2021) Kat:3, Licht: 2","139646","3","3","5","09","23","3","","2","0","1","0","1"
"POINT (10.153245237000021 53.615049010000064)","Unfall 139647 (2021) Kat:3, Licht: 0","139647","3","3","5","08","11","4","","0","0","1","0","1"
"POINT (10.002659711000035 53.545413112000062)","Unfall 139648 (2021) Kat:3, Licht: 0","139648","3","3","5","10","17","6","","0","1","0","0","0"
"POINT (9.865841376000049 53.590358168000080)","Unfall 139649 (2021) Kat:2, Licht: 0","139649","2","2","3","09","14","2","","0","1","1","0","0"
"POINT (9.968562541000040 53.557348972000057)","Unfall 139650 (2021) Kat:3, Licht: 1","139650","3","4","6","10","19","6","","1","0","0","1","0"
"POINT (9.981334393000054 53.601346446000036)","Unfall 139651 (2021) Kat:3, Licht: 2","139651","3","6","2","11","17","2","","2","0","1","0","0"
"POINT (9.990264941000021 53.491637745000048)","Unfall 139652 (2021) Kat:3, Licht: 0","139652","3","7","1","08","15","5","","0","0","1","0","0"
"POINT (10.004848649000053 53.497111546000042)","Unfall 139653 (2021) Kat:3, Licht: 0","139653","3","3","5","11","13","3","","0","0","1","0","0"
"POINT (10.041772268000045 53.645627269000045)","Unfall 139654 (2021) Kat:3, Licht: 0","139654","3","7","0","12","07","5","","0","0","0","0","1"
"POINT (10.031592974000034 53.596574993000047)","Unfall 139655 (2021) Kat:3, Licht: 0","139655","3","6","2","10","11","6","","0","0","1","0","0"
"POINT (9.980737989000033 53.580593132000047)","Unfall 139656 (2021) Kat:3, Licht: 0","139656","3","5","1","10","14","1","","0","1","1","0","0"
"POINT (9.977764860000036 53.583987803000070)","Unfall 139657 (2021) Kat:3, Licht: 0","139657","3","3","5","08","13","5","","0","1","1","0","0"
"POINT (10.005033365000031 53.577074156000037)","Unfall 139658 (2021) Kat:3, Licht: 0","139658","3","7","0","11","10","6","","0","1","0","0","0"
"POINT (9.903436745000022 53.625944230000073)","Unfall 139659 (2021) Kat:3, Licht: 0","139659","3","3","5","08","14","2","","0","1","1","0","0"
"POINT (9.994301122000024 53.547922160000041)","Unfall 139660 (2021) Kat:3, Licht: 0","139660","3","1","0","09","13","1","","0","0","0","0","1"
"POINT (10.049843447000057 53.590261601000066)","Unfall 139661 (2021) Kat:3, Licht: 0","139661","3","7","0","09","15","4","","0","0","0","0","0"
"POINT (9.881584432000068 53.531577170000048)","Unfall 139662 (2021) Kat:3, Licht: 2","139662","3","5","1","08","22","5","","2","0","1","0","0"
"POINT (9.971685356000023 53.459547820000068)","Unfall 139663 (2021) Kat:3, Licht: 0","139663","3","7","0","10","10","6","","0","0","0","0","0"
"POINT (9.940432126000076 53.593101623000052)","Unfall 139664 (2021) Kat:3, Licht: 0","139664","3","6","2","08","15","7","","0","0","1","0","0"
"POINT (10.164006468000025 53.651533241000038)","Unfall 139665 (2021) Kat:3, Licht: 0","139665","3","3","0","08","15","2","","0","0","0","0","1"
"POINT (10.070450779000055 53.559657999000081)","Unfall 139666 (2021) Kat:3, Licht: 2","139666","3","6","2","11","05","6","","2","0","1","0","0"
"POINT (9.918922184000053 53.634923834000062)","Unfall 139667 (2021) Kat:3, Licht: 2","139667","3","6","3","09","19","6","","2","1","0","0","0"
"POINT (10.068696968000040 53.635032537000029)","Unfall 139668 (2021) Kat:3, Licht: 0","139668","3","6","0","09","13","2","","0","1","1","0","0"
"POINT (10.147571710000022 53.543794830000081)","Unfall 139669 (2021) Kat:3, Licht: 0","139669","3","6","3","08","11","2","","0","0","1","0","0"
"POINT (9.970898081000030 53.567856651000056)","Unfall 139670 (2021) Kat:3, Licht: 0","139670","3","6","2","09","10","4","","0","1","0","0","0"
"POINT (10.123013955000033 53.699620359000050)","Unfall 139671 (2021) Kat:3, Licht: 0","139671","3","6","3","10","13","4","","0","1","0","0","0"
"POINT (9.955954359000032 53.640989868000077)","Unfall 139672 (2021) Kat:3, Licht: 0","139672","3","3","5","11","11","1","","0","1","1","0","0"
"POINT (10.103288962000022 53.653384766000045)","Unfall 139673 (2021) Kat:3, Licht: 0","139673","3","7","0","11","14","2","","0","1","0","0","0"
"POINT (9.823631436000028 53.560634971000070)","Unfall 139674 (2021) Kat:3, Licht: 2","139674","3","2","5","11","07","2","","2","1","0","0","0"
"POINT (10.095983999000055 53.554081918000065)","Unfall 139675 (2021) Kat:3, Licht: 0","139675","3","6","6","10","15","4","","0","0","0","1","0"
"POINT (9.986990677000051 53.456991366000068)","Unfall 139676 (2021) Kat:3, Licht: 2","139676","3","6","1","10","19","6","","2","0","1","0","0"
"POINT (10.045899400000053 53.548276921000081)","Unfall 139677 (2021) Kat:2, Licht: 0","139677","2","3","5","08","18","3","","0","0","1","0","0"
"POINT (9.861728213000049 53.577848910000057)","Unfall 139678 (2021) Kat:3, Licht: 0","139678","3","3","0","11","14","5","","0","1","0","0","0"
"POINT (9.996139765000066 53.474141634000034)","Unfall 139679 (2021) Kat:3, Licht: 0","139679","3","6","2","09","16","5","","0","0","1","0","0"
"POINT (10.146497602000068 53.605100406000076)","Unfall 139680 (2021) Kat:3, Licht: 0","139680","3","5","1","08","07","6","","0","1","1","0","0"
"POINT (10.002342701000032 53.557014523000078)","Unfall 139681 (2021) Kat:3, Licht: 0","139681","3","6","2","09","15","6","","0","0","1","0","0"
"POINT (10.172368463000055 53.653609313000061)","Unfall 139682 (2021) Kat:3, Licht: 0","139682","3","3","5","08","17","3","","0","1","1","0","0"
"POINT (10.101044052000077 53.540574740000068)","Unfall 139683 (2021) Kat:3, Licht: 2","139683","3","6","2","10","23","5","","2","0","1","0","0"
"POINT (10.100721868000051 53.540237782000077)","Unfall 139684 (2021) Kat:3, Licht: 1","139684","3","3","5","09","05","6","","1","0","1","0","0"
"POINT (9.983804794000037 53.564104516000043)","Unfall 139685 (2021) Kat:3, Licht: 0","139685","3","7","0","08","15","2","","0","1","0","0","0"
"POINT (9.939906871000062 53.592843574000028)","Unfall 139686 (2021) Kat:3, Licht: 1","139686","3","2","3","10","07","3","","1","1","1","0","0"
"POINT (9.808659102000036 53.563729171000034)","Unfall 139687 (2021) Kat:3, Licht: 0","139687","3","6","3","11","11","5","","0","1","1","0","0"
"POINT (9.915743605000046 53.600538691000054)","Unfall 139688 (2021) Kat:3, Licht: 0","139688","3","6","4","08","19","4","","0","1","0","0","0"
"POINT (9.878144712000051 53.477736461000063)","Unfall 139689 (2021) Kat:3, Licht: 2","139689","3","2","5","09","20","4","","2","0","1","0","0"
"POINT (9.928681367000024 53.629447809000055)","Unfall 139690 (2021) Kat:3, Licht: 0","139690","3","2","4","11","09","1","","0","0","1","0","0"
"POINT (9.994846649000067 53.552142709000066)","Unfall 139691 (2021) Kat:3, Licht: 0","139691","3","6","3","09","17","3","","0","1","0","0","0"
"POINT (10.161036424000031 53.596669059000078)","Unfall 139692 (2021) Kat:3, Licht: 0","139692","3","3","5","09","14","1","","0","1","1","0","0"
"POINT (9.987609774000020 53.558114819000082)","Unfall 139693 (2021) Kat:3, Licht: 0","139693","3","6","2","08","17","3","","0","0","1","0","0"
"POINT (10.136159674000055 53.613765498000078)","Unfall 139694 (2021) Kat:3, Licht: 0","139694","3","3","5","10","17","7","","0","0","1","0","0"
"POINT (9.893077270000049 53.615014073000054)","Unfall 139695 (2021) Kat:3, Licht: 0","139695","3","6","4","10","10","5","","0","0","1","0","0"
"POINT (10.146464107000043 53.603646264000076)","Unfall 139696 (2021) Kat:3, Licht: 1","139696","3","3","5","11","20","6","","1","1","1","0","0"
"POINT (10.025081845000045 53.569224146000067)","Unfall 139697 (2021) Kat:3, Licht: 0","139697","3","2","3","11","09","3","","0","1","1","0","0"
"POINT (10.010769941000035 53.500547203000053)","Unfall 139698 (2021) Kat:3, Licht: 1","139698","3","2","6","11","07","3","","1","0","1","1","0"
"POINT (9.875981326000044 53.615839018000031)","Unfall 139699 (2021) Kat:3, Licht: 1","139699","3","3","5","10","16","5","","1","0","1","0","0"
"POINT (10.049487842000076 53.601846122000040)","Unfall 139700 (2021) Kat:3, Licht: 0","139700","3","3","5","10","17","5","","0","0","1","0","0"
"POINT (10.000148790000026 53.549991813000076)","Unfall 139701 (2021) Kat:3, Licht: 0","139701","3","2","3","08","10","4","","0","0","1","0","0"
"POINT (10.207713554000065 53.491101371000070)","Unfall 139702 (2021) Kat:3, Licht: 0","139702","3","7","6","11","10","6","","0","0","1","1","0"
"POINT (9.969575963000068 53.549851782000076)","Unfall 139703 (2021) Kat:3, Licht: 0","139703","3","3","5","09","17","6","","0","1","1","0","0"
"POINT (9.979932647000055 53.568191553000077)","Unfall 139704 (2021) Kat:3, Licht: 0","139704","3","3","5","08","19","7","","0","0","1","0","0"
"POINT (9.970502938000038 53.517960883000057)","Unfall 139705 (2021) Kat:3, Licht: 0","139705","3","1","9","09","09","6","","0","0","1","0","0"
"POINT (9.978662679000024 53.590116612000031)","Unfall 139706 (2021) Kat:3, Licht: 0","139706","3","4","6","08","14","2","","0","0","1","1","0"
"POINT (9.931990481000071 53.546613453000077)","Unfall 139707 (2021) Kat:2, Licht: 2","139707","2","2","3","10","21","5","","2","1","1","0","0"
"POINT (9.950146457000073 53.574367953000035)","Unfall 139708 (2021) Kat:3, Licht: 0","139708","3","3","5","09","08","7","","0","1","1","0","0"
"POINT (10.034319150000044 53.573096503000045)","Unfall 139709 (2021) Kat:3, Licht: 0","139709","3","7","0","08","06","1","","0","0","0","0","1"
"POINT (9.962248973000044 53.575081574000080)","Unfall 139710 (2021) Kat:3, Licht: 0","139710","3","7","4","09","11","5","","0","1","1","0","0"
"POINT (9.952907971000059 53.570084657000052)","Unfall 139711 (2021) Kat:3, Licht: 0","139711","3","3","5","10","16","4","","0","1","1","0","0"
"POINT (10.151902600000028 53.616412638000043)","Unfall 139712 (2021) Kat:3, Licht: 0","139712","3","3","5","11","10","5","","0","0","1","0","0"
"POINT (10.107320283000035 53.547776704000057)","Unfall 139713 (2021) Kat:3, Licht: 0","139713","3","6","1","08","16","4","","0","0","1","0","0"
"POINT (10.096047179000038 53.542540504000044)","Unfall 139714 (2021) Kat:3, Licht: 0","139714","3","3","0","09","17","4","","0","0","1","0","1"
"POINT (10.084572831000060 53.476799076000077)","Unfall 139715 (2021) Kat:3, Licht: 2","139715","3","1","1","10","18","1","","2","0","0","0","1"
"POINT (9.966005626000026 53.579343589000075)","Unfall 139716 (2021) Kat:3, Licht: 2","139716","3","3","5","11","18","1","","2","1","1","0","0"
"POINT (10.010026491000076 53.611641128000031)","Unfall 139717 (2021) Kat:3, Licht: 0","139717","3","2","4","10","14","3","","0","0","1","0","0"
"POINT (10.044321822000029 53.597287128000062)","Unfall 139718 (2021) Kat:2, Licht: 2","139718","2","7","0","10","21","4","","2","0","0","0","0"
"POINT (9.985383739000042 53.518003775000068)","Unfall 139719 (2021) Kat:3, Licht: 0","139719","3","4","6","08","16","2","","0","0","1","1","0"
"POINT (10.011111397000036 53.550928877000047)","Unfall 139720 (2021) Kat:3, Licht: 0","139720","3","3","5","11","13","5","","0","1","1","0","0"
"POINT (10.135865500000023 53.635615868000059)","Unfall 139721 (2021) Kat:3, Licht: 0","139721","3","6","1","09","12","4","","0","0","0","0","1"
"POINT (9.998574893000068 53.459693133000030)","Unfall 139722 (2021) Kat:3, Licht: 1","139722","3","6","3","08","05","5","","1","0","1","0","1"
"POINT (9.970519414000023 53.459125153000059)","Unfall 139723 (2021) Kat:3, Licht: 0","139723","3","6","2","09","16","4","","0","0","1","0","0"
"POINT (9.977364198000032 53.557090441000071)","Unfall 139724 (2021) Kat:3, Licht: 0","139724","3","4","0","09","13","3","","0","1","0","1","0"
"POINT (9.879854424000030 53.600857129000076)","Unfall 139725 (2021) Kat:3, Licht: 0","139725","3","3","5","08","12","2","","0","1","0","0","0"
"POINT (10.200949341000069 53.499677600000041)","Unfall 139726 (2021) Kat:3, Licht: 2","139726","3","6","4","11","19","4","","2","1","0","0","0"
"POINT (10.033643323000035 53.620004678000043)","Unfall 139727 (2021) Kat:3, Licht: 0","139727","3","2","3","08","14","6","","0","0","1","0","0"
"POINT (10.003763200000037 53.589255919000038)","Unfall 139728 (2021) Kat:3, Licht: 0","139728","3","7","5","11","15","5","","0","0","1","0","1"
"POINT (10.208513102000040 53.490378479000071)","Unfall 139729 (2021) Kat:3, Licht: 0","139729","3","7","6","12","12","5","","0","0","0","1","0"
"POINT (10.094628716000045 53.595950511000069)","Unfall 139730 (2021) Kat:3, Licht: 1","139730","3","5","1","10","07","2","","1","1","1","0","0"
"POINT (10.102058111000076 53.647293886000057)","Unfall 139731 (2021) Kat:2, Licht: 0","139731","2","3","5","10","13","3","","0","0","1","0","0"
"POINT (10.015944502000025 53.561685761000035)","Unfall 139732 (2021) Kat:3, Licht: 0","139732","3","6","0","11","11","2","","0","0","1","0","0"
"POINT (9.889963323000075 53.557019847000049)","Unfall 139733 (2021) Kat:3, Licht: 0","139733","3","2","3","08","15","3","","0","0","1","0","0"
"POINT (9.918724721000046 53.576736240000059)","Unfall 139734 (2021) Kat:2, Licht: 0","139734","2","3","0","09","17","4","","0","0","1","0","1"
"POINT (9.964955100000054 53.573034956000072)","Unfall 139735 (2021) Kat:3, Licht: 0","139735","3","2","5","09","17","5","","0","1","1","0","0"
"POINT (10.054829113000039 53.591828780000071)","Unfall 139736 (2021) Kat:1, Licht: 0","139736","1","6","3","10","13","6","","0","1","0","0","0"
"POINT (9.957484908000026 53.550356067000052)","Unfall 139737 (2021) Kat:3, Licht: 2","139737","3","7","6","10","05","1","","2","0","1","1","0"
"POINT (10.035018846000071 53.564462502000026)","Unfall 139738 (2021) Kat:3, Licht: 1","139738","3","3","5","10","18","2","","1","0","1","0","1"
"POINT (10.084839131000024 53.603183842000078)","Unfall 139739 (2021) Kat:3, Licht: 1","139739","3","2","4","11","16","2","","1","0","1","0","0"
"POINT (10.043784763000076 53.539779160000080)","Unfall 139740 (2021) Kat:3, Licht: 2","139740","3","7","0","09","20","2","","2","0","0","0","0"
"POINT (9.949939421000067 53.556800165000027)","Unfall 139741 (2021) Kat:3, Licht: 0","139741","3","2","5","09","19","4","","0","1","1","0","0"
"POINT (10.059374549000040 53.576359323000077)","Unfall 139742 (2021) Kat:3, Licht: 1","139742","3","3","5","08","06","4","","1","1","1","0","0"
"POINT (9.960914869000021 53.552672666000035)","Unfall 139743 (2021) Kat:3, Licht: 0","139743","3","3","5","10","10","7","","0","0","1","0","0"
"POINT (9.998241777000032 53.557648640000082)","Unfall 139744 (2021) Kat:3, Licht: 0","139744","3","6","0","09","17","7","","0","1","0","0","0"
"POINT (10.099346957000023 53.589083609000056)","Unfall 139745 (2021) Kat:3, Licht: 2","139745","3","6","2","10","18","7","","2","0","1","0","0"
"POINT (9.946296005000022 53.620676358000082)","Unfall 139746 (2021) Kat:3, Licht: 2","139746","3","2","0","11","17","3","","2","0","1","0","1"
"POINT (9.938951794000047 53.553660544000081)","Unfall 139747 (2021) Kat:2, Licht: 0","139747","2","3","5","08","12","6","","0","0","1","0","1"
"POINT (10.004214203000060 53.553827946000069)","Unfall 139748 (2021) Kat:3, Licht: 2","139748","3","6","2","11","19","4","","2","0","1","0","0"
"POINT (9.983963848000030 53.549472293000065)","Unfall 139749 (2021) Kat:3, Licht: 2","139749","3","4","0","12","18","4","","2","0","1","1","0"
"POINT (10.016965981000055 53.561877787000071)","Unfall 139750 (2021) Kat:3, Licht: 0","139750","3","6","4","10","07","6","","0","0","1","0","0"
"POINT (10.028865496000037 53.570848523000052)","Unfall 139751 (2021) Kat:3, Licht: 2","139751","3","6","2","10","00","7","","2","0","1","0","0"
"POINT (9.858525365000048 53.581922113000076)","Unfall 139752 (2021) Kat:3, Licht: 0","139752","3","5","1","08","15","6","","0","1","1","0","0"
"POINT (9.959325561000071 53.574660545000029)","Unfall 139753 (2021) Kat:3, Licht: 0","139753","3","2","5","11","09","6","","0","0","0","0","0"
"POINT (10.210299791000068 53.490462636000075)","Unfall 139754 (2021) Kat:3, Licht: 0","139754","3","5","0","08","13","2","","0","1","1","0","0"
"POINT (10.038491505000025 53.608240542000033)","Unfall 139755 (2021) Kat:3, Licht: 0","139755","3","3","5","09","09","7","","0","0","1","0","0"
"POINT (10.055551239000067 53.582600418000027)","Unfall 139756 (2021) Kat:3, Licht: 2","139756","3","3","5","09","22","4","","2","1","1","0","0"
"POINT (9.966060572000060 53.637317788000075)","Unfall 139757 (2021) Kat:2, Licht: 0","139757","2","3","5","08","18","5","","0","0","1","0","0"
"POINT (9.947611135000045 53.580340957000033)","Unfall 139758 (2021) Kat:3, Licht: 0","139758","3","5","5","10","16","6","","0","1","0","0","0"
"POINT (9.907189573000039 53.551579873000037)","Unfall 139759 (2021) Kat:2, Licht: 0","139759","2","6","3","09","11","6","","0","1","0","0","0"
"POINT (10.026548983000055 53.671232348000046)","Unfall 139760 (2021) Kat:3, Licht: 1","139760","3","2","4","09","05","2","","1","1","1","0","0"
"POINT (10.084993877000045 53.567017526000029)","Unfall 139761 (2021) Kat:3, Licht: 0","139761","3","7","0","08","08","3","","0","1","0","0","0"
"POINT (10.160407414000076 53.606116358000065)","Unfall 139762 (2021) Kat:3, Licht: 0","139762","3","5","1","09","15","4","","0","1","1","0","0"
"POINT (10.124059456000055 53.612698336000051)","Unfall 139763 (2021) Kat:3, Licht: 0","139763","3","1","9","08","14","1","","0","0","1","0","0"
"POINT (10.057468191000055 53.607777290000058)","Unfall 139764 (2021) Kat:3, Licht: 0","139764","3","3","5","10","09","4","","0","1","1","0","0"
"POINT (9.982517439000048 53.460392727000055)","Unfall 139765 (2021) Kat:3, Licht: 0","139765","3","4","6","11","13","7","","0","1","0","1","0"
"POINT (10.026601896000045 53.585265573000072)","Unfall 139766 (2021) Kat:3, Licht: 0","139766","3","7","1","11","14","3","","0","1","1","0","0"
"POINT (9.935989280000058 53.572752218000062)","Unfall 139767 (2021) Kat:3, Licht: 2","139767","3","6","3","11","18","3","","2","1","1","0","0"
"POINT (10.089603338000074 53.575366329000076)","Unfall 139768 (2021) Kat:3, Licht: 0","139768","3","3","5","10","10","5","","0","1","1","0","0"
"POINT (9.902855664000072 53.556394177000072)","Unfall 139769 (2021) Kat:3, Licht: 2","139769","3","6","2","10","23","6","","2","0","1","0","0"
"POINT (10.068483995000065 53.574688916000071)","Unfall 139770 (2021) Kat:2, Licht: 0","139770","2","4","6","08","16","4","","0","0","1","1","0"
"POINT (10.163038537000034 53.620350570000028)","Unfall 139771 (2021) Kat:3, Licht: 2","139771","3","7","3","11","06","4","","2","0","0","0","1"
"POINT (10.180740214000025 53.494350450000070)","Unfall 139772 (2021) Kat:3, Licht: 0","139772","3","4","6","09","12","5","","0","0","1","1","0"
"POINT (9.969433164000066 53.546074313000076)","Unfall 139773 (2021) Kat:3, Licht: 0","139773","3","2","0","08","11","7","","0","0","0","0","0"
"POINT (9.858252707000076 53.582268422000027)","Unfall 139774 (2021) Kat:3, Licht: 0","139774","3","3","5","09","14","6","","0","1","0","0","0"
"POINT (10.102103920000047 53.647283732000062)","Unfall 139775 (2021) Kat:2, Licht: 0","139775","2","2","4","08","18","2","","0","0","1","0","1"
"POINT (9.955321067000057 53.545694232000073)","Unfall 139776 (2021) Kat:3, Licht: 0","139776","3","6","4","10","14","4","","0","1","0","0","0"
"POINT (10.218948655000077 53.484643930000061)","Unfall 139777 (2021) Kat:2, Licht: 0","139777","2","2","3","11","15","5","","0","1","1","0","0"
"POINT (10.037482053000076 53.565556897000079)","Unfall 139778 (2021) Kat:3, Licht: 2","139778","3","6","3","09","21","7","","2","0","1","0","0"
"POINT (10.054058991000034 53.595103580000057)","Unfall 139779 (2021) Kat:2, Licht: 0","139779","2","5","1","08","18","1","","0","0","1","0","1"
"POINT (9.850082051000072 53.472328435000065)","Unfall 139780 (2021) Kat:3, Licht: 2","139780","3","6","2","12","19","5","","2","0","1","0","0"
"POINT (10.001129367000033 53.555614715000047)","Unfall 139781 (2021) Kat:3, Licht: 2","139781","3","6","2","10","19","1","","2","0","1","0","0"
"POINT (9.918621311000038 53.590919201000077)","Unfall 139782 (2021) Kat:3, Licht: 0","139782","3","2","5","11","08","5","","0","0","1","0","1"
"POINT (10.018289653000068 53.548605951000070)","Unfall 139783 (2021) Kat:3, Licht: 0","139783","3","3","5","08","17","3","","0","0","1","0","0"
"POINT (10.049496227000077 53.600958807000040)","Unfall 139784 (2021) Kat:3, Licht: 0","139784","3","7","6","09","15","5","","0","1","0","1","0"
"POINT (10.122223127000041 53.605183769000064)","Unfall 139785 (2021) Kat:2, Licht: 0","139785","2","2","2","10","12","7","","0","0","1","0","0"
"POINT (9.990354183000022 53.430526821000058)","Unfall 139786 (2021) Kat:3, Licht: 0","139786","3","7","6","11","14","6","","0","0","1","1","0"
"POINT (9.932804652000073 53.596177847000035)","Unfall 139787 (2021) Kat:3, Licht: 0","139787","3","7","0","10","12","4","","0","1","0","0","0"
"POINT (9.917839407000031 53.568619811000076)","Unfall 139788 (2021) Kat:3, Licht: 0","139788","3","3","5","10","15","5","","0","1","1","0","0"
"POINT (9.921339506000038 53.629349535000074)","Unfall 139789 (2021) Kat:3, Licht: 0","139789","3","7","0","08","14","3","","0","1","0","0","0"
"POINT (10.156690157000071 53.639238668000075)","Unfall 139790 (2021) Kat:3, Licht: 2","139790","3","4","6","11","16","2","","2","0","1","1","0"
"POINT (10.054752939000025 53.569682188000058)","Unfall 139791 (2021) Kat:3, Licht: 0","139791","3","5","1","09","16","5","","0","0","1","0","0"
"POINT (10.084976809000068 53.656687695000073)","Unfall 139792 (2021) Kat:3, Licht: 0","139792","3","3","5","08","16","5","","0","1","0","0","0"
"POINT (10.057036972000049 53.573718239000073)","Unfall 139793 (2021) Kat:3, Licht: 0","139793","3","4","6","09","14","5","","0","0","0","1","0"
"POINT (9.969598819000055 53.550067311000078)","Unfall 139794 (2021) Kat:3, Licht: 2","139794","3","2","4","09","03","4","","2","0","1","0","1"
"POINT (10.000835034000033 53.681080219000080)","Unfall 139795 (2021) Kat:3, Licht: 1","139795","3","6","3","11","16","5","","1","0","1","0","0"
"POINT (10.126926120000064 53.586895235000043)","Unfall 139796 (2021) Kat:3, Licht: 0","139796","3","7","2","08","13","5","","0","0","1","0","0"
"POINT (9.951623554000037 53.577571849000037)","Unfall 139797 (2021) Kat:3, Licht: 2","139797","3","7","0","11","18","4","","2","1","1","0","0"
"POINT (9.990054586000042 53.559739512000078)","Unfall 139798 (2021) Kat:3, Licht: 2","139798","3","3","5","12","18","4","","2","0","1","0","0"
"POINT (10.094849567000040 53.639231107000057)","Unfall 139799 (2021) Kat:2, Licht: 2","139799","2","2","4","10","06","6","","2","0","1","0","0"
"POINT (9.988874099000043 53.558174763000068)","Unfall 139800 (2021) Kat:3, Licht: 2","139800","3","3","5","10","02","1","","2","0","1","0","0"
"POINT (9.898637693000069 53.571296257000029)","Unfall 139801 (2021) Kat:3, Licht: 0","139801","3","1","0","11","15","2","","0","0","0","0","0"
"POINT (10.141668153000069 53.590772462000075)","Unfall 139802 (2021) Kat:2, Licht: 0","139802","2","7","0","08","09","1","","0","0","0","0","1"
"POINT (9.890558337000073 53.517792300000053)","Unfall 139803 (2021) Kat:3, Licht: 0","139803","3","3","5","09","06","3","","0","0","1","0","0"
"POINT (10.182417552000061 53.486026946000038)","Unfall 139804 (2021) Kat:3, Licht: 0","139804","3","3","5","08","17","3","","0","1","1","0","0"
"POINT (10.130609385000071 53.682541405000052)","Unfall 139805 (2021) Kat:3, Licht: 0","139805","3","3","5","10","13","2","","0","1","1","0","0"
"POINT (9.960828022000044 53.556580163000035)","Unfall 139806 (2021) Kat:3, Licht: 1","139806","3","7","0","10","07","2","","1","1","0","0","0"
"POINT (10.027499581000029 53.553852239000037)","Unfall 139807 (2021) Kat:3, Licht: 0","139807","3","7","3","08","11","1","","0","1","1","0","0"
"POINT (9.989557062000074 53.558073149000052)","Unfall 139808 (2021) Kat:3, Licht: 0","139808","3","6","3","11","09","2","","0","1","1","0","0"
"POINT (10.015835809000066 53.552393255000027)","Unfall 139809 (2021) Kat:3, Licht: 2","139809","3","7","0","09","01","2","","2","0","0","0","0"
"POINT (10.056714137000029 53.581001362000052)","Unfall 139810 (2021) Kat:3, Licht: 0","139810","3","1","0","09","09","3","","0","1","0","0","0"
"POINT (9.967045292000023 53.568935675000034)","Unfall 139811 (2021) Kat:3, Licht: 0","139811","3","6","2","08","16","4","","0","0","1","0","0"
"POINT (9.992736240000056 53.510562344000050)","Unfall 139812 (2021) Kat:3, Licht: 0","139812","3","7","0","09","11","5","","0","0","0","0","0"
"POINT (9.921618018000061 53.617185533000054)","Unfall 139813 (2021) Kat:3, Licht: 0","139813","3","7","0","09","15","1","","0","1","0","0","0"
"POINT (10.148834365000027 53.528998581000053)","Unfall 139814 (2021) Kat:3, Licht: 0","139814","3","6","2","10","16","5","","0","0","1","0","0"
"POINT (9.976230149000060 53.562422249000065)","Unfall 139815 (2021) Kat:3, Licht: 0","139815","3","7","0","10","14","1","","0","1","0","0","0"
"POINT (10.215476085000034 53.489254524000046)","Unfall 139816 (2021) Kat:3, Licht: 0","139816","3","6","6","11","13","6","","0","0","1","1","0"
"POINT (10.018336846000068 53.600284867000028)","Unfall 139817 (2021) Kat:3, Licht: 0","139817","3","7","8","10","14","4","","0","1","0","0","0"
"POINT (10.184660731000065 53.486634989000038)","Unfall 139818 (2021) Kat:3, Licht: 0","139818","3","2","4","10","08","4","","0","1","1","0","0"
"POINT (9.942764867000051 53.568814766000060)","Unfall 139819 (2021) Kat:3, Licht: 0","139819","3","3","5","08","11","3","","0","1","1","0","0"