WKT,Name,OBJECTID,UKATEGORIE,UTYP1,UART,UMONAT,USTUNDE,UWOCHENTAG,STRZUSTAND,ULICHTVERH,ISTRAD,ISTPKW,ISTFUSS,ISTKRAD
"POINT (9.982844011000054 53.596047402000067)","Unfall 139820 (2021) Kat:3, Licht: 0","139820","3","7","0","11","12","3","","0","0","0","0","0"
"POINT (9.983370678000028 53.586536660000036)","Unfall 139821 (2021) Kat:3, Licht: 0","139821","3","3","5","09","13","5","","0","1","1","0","0"
"POINT (10.180142324000030 53.449141907000069)","Unfall 139822 (2021) Kat:3, Licht: 0","139822","3","3","5","08","06","5","","0","1","1","0","0"
"POINT (10.021335124000075 53.549823973000059)","Unfall 139823 (2021) Kat:3, Licht: 0","139823","3","6","2","09","16","4","","0","0","1","0","0"
"POINT (10.000376718000041 53.555816786000037)","Unfall 139824 (2021) Kat:3, Licht: 0","139824","3","3","5","09","17","4","","0","1","1","0","0"
"POINT (9.921966175000023 53.554175442000030)","Unfall 139825 (2021) Kat:3, Licht: 0","139825","3","2","4","08","11","7","","0","1","1","0","0"
"POINT (10.060965236000072 53.570600749000050)","Unfall 139826 (2021) Kat:3, Licht: 0","139826","3","3","5","11","12","5","","0","1","1","0","0"
"POINT (9.924246712000070 53.554361292000067)","Unfall 139827 (2021) Kat:3, Licht: 0","139827","3","3","5","08","18","6","","0","0","1","0","1"
"POINT (10.033671628000036 53.649426365000068)","Unfall 139828 (2021) Kat:3, Licht: 2","139828","3","3","5","11","02","5","","2","1","1","0","0"
"POINT (10.131613528000059 53.634070930000064)","Unfall 139829 (2021) Kat:3, Licht: 0","139829","3","7","0","12","09","5","","0","1","0","0","0"
"POINT (10.029773679000073 53.630849120000050)","Unfall 139830 (2021) Kat:3, Licht: 2","139830","3","7","0","10","02","1","","2","0","0","0","0"
"POINT (10.118793529000072 53.585250642000062)","Unfall 139831 (2021) Kat:3, Licht: 2","139831","3","2","3","10","21","2","","2","1","1","0","0"
"POINT (10.208346136000046 53.481500849000042)","Unfall 139832 (2021) Kat:3, Licht: 2","139832","3","3","5","11","17","3","","2","1","1","0","0"
"POINT (9.955905715000029 53.551729337000040)","Unfall 139833 (2021) Kat:3, Licht: 1","139833","3","3","5","08","21","3","","1","0","1","0","0"
"POINT (10.003211628000031 53.580788484000038)","Unfall 139834 (2021) Kat:3, Licht: 0","139834","3","2","3","09","15","3","","0","1","0","0","0"
"POINT (10.149921675000030 53.540281703000062)","Unfall 139835 (2021) Kat:3, Licht: 0","139835","3","4","6","09","08","5","","0","0","1","1","0"
"POINT (10.040447408000034 53.570236639000029)","Unfall 139836 (2021) Kat:2, Licht: 2","139836","2","3","5","10","20","6","","2","0","1","0","0"
"POINT (10.120930970000074 53.643846948000032)","Unfall 139837 (2021) Kat:3, Licht: 1","139837","3","3","5","10","06","2","","1","0","1","0","0"
"POINT (9.933920348000072 53.544725977000041)","Unfall 139838 (2021) Kat:3, Licht: 0","139838","3","7","0","10","14","1","","0","0","0","0","1"
"POINT (10.136147436000044 53.613647564000075)","Unfall 139839 (2021) Kat:3, Licht: 0","139839","3","6","2","11","14","1","","0","0","1","0","0"
"POINT (10.076905840000052 53.549240685000029)","Unfall 139840 (2021) Kat:3, Licht: 0","139840","3","7","1","09","17","1","","0","1","1","0","0"
"POINT (10.072710296000025 53.579458816000056)","Unfall 139841 (2021) Kat:3, Licht: 0","139841","3","6","2","09","09","3","","0","0","1","0","0"
"POINT (9.976297111000065 53.582657796000035)","Unfall 139842 (2021) Kat:3, Licht: 0","139842","3","2","5","08","09","4","","0","1","0","0","0"
"POINT (9.980457699000056 53.437374334000026)","Unfall 139843 (2021) Kat:3, Licht: 0","139843","3","5","1","10","16","6","","0","0","1","0","0"
"POINT (9.988311381000074 53.581320517000051)","Unfall 139844 (2021) Kat:3, Licht: 0","139844","3","7","0","09","08","2","","0","1","0","0","0"
"POINT (9.970695391000049 53.569290304000049)","Unfall 139845 (2021) Kat:3, Licht: 0","139845","3","6","2","10","14","5","","0","0","1","0","0"
"POINT (10.000584117000074 53.580750355000077)","Unfall 139846 (2021) Kat:2, Licht: 0","139846","2","7","3","08","16","2","","0","1","1","0","0"
"POINT (10.034756826000034 53.611432088000072)","Unfall 139847 (2021) Kat:3, Licht: 0","139847","3","1","0","11","08","2","","0","1","0","0","0"
"POINT (10.018705821000026 53.479557380000074)","Unfall 139848 (2021) Kat:3, Licht: 0","139848","3","3","5","11","14","4","","0","0","1","0","0"
"POINT (10.050072215000057 53.591681332000064)","Unfall 139849 (2021) Kat:3, Licht: 2","139849","3","4","6","12","20","4","","2","0","1","1","0"
"POINT (9.815758438000046 53.562959597000031)","Unfall 139850 (2021) Kat:3, Licht: 1","139850","3","7","0","10","18","6","","1","0","0","0","1"
"POINT (9.993380160000072 53.557715754000071)","Unfall 139851 (2021) Kat:3, Licht: 0","139851","3","6","0","10","11","2","","0","0","1","0","1"
"POINT (10.106373780000069 53.652625313000044)","Unfall 139852 (2021) Kat:3, Licht: 1","139852","3","3","5","08","19","5","","1","1","0","0","0"
"POINT (10.085074371000076 53.554751033000059)","Unfall 139853 (2021) Kat:3, Licht: 1","139853","3","6","2","11","16","1","","1","0","1","0","0"
"POINT (10.069730466000067 53.559614282000041)","Unfall 139854 (2021) Kat:3, Licht: 0","139854","3","6","2","08","15","1","","0","0","1","0","0"
"POINT (10.038459829000033 53.587460455000041)","Unfall 139855 (2021) Kat:3, Licht: 0","139855","3","7","0","09","08","2","","0","1","0","0","0"
"POINT (9.939310630000023 53.553672793000032)","Unfall 139856 (2021) Kat:3, Licht: 0","139856","3","2","5","09","13","4","","0","1","1","0","0"
"POINT (9.854462040000044 53.593075430000056)","Unfall 139857 (2021) Kat:3, Licht: 1","139857","3","3","5","08","07","6","","1","1","0","0","0"
"POINT (10.057814443000041 53.583688460000076)","Unfall 139858 (2021) Kat:3, Licht: 2","139858","3","6","6","10","19","6","","2","1","0","1","0"
"POINT (9.949720028000058 53.563669820000030)","Unfall 139859 (2021) Kat:2, Licht: 0","139859","2","7","0","09","14","1","","0","0","0","0","0"
"POINT (9.921724297000026 53.631914355000049)","Unfall 139860 (2021) Kat:3, Licht: 0","139860","3","7","0","09","14","2","","0","0","0","0","1"
"POINT (10.150681028000065 53.618196927000042)","Unfall 139861 (2021) Kat:3, Licht: 0","139861","3","6","2","08","12","2","","0","0","1","0","0"
"POINT (9.999320941000065 53.573693042000059)","Unfall 139862 (2021) Kat:3, Licht: 0","139862","3","6","3","09","17","5","","0","1","0","0","0"
"POINT (10.100392886000066 53.584516018000045)","Unfall 139863 (2021) Kat:3, Licht: 0","139863","3","3","5","08","12","1","","0","0","1","0","0"
"POINT (9.992881399000055 53.552645345000030)","Unfall 139864 (2021) Kat:3, Licht: 0","139864","3","6","0","10","16","4","","0","1","0","0","0"
"POINT (10.091196421000063 53.553011133000041)","Unfall 139865 (2021) Kat:3, Licht: 0","139865","3","6","2","11","14","7","","0","0","1","0","0"
"POINT (9.917367176000027 53.636915309000074)","Unfall 139866 (2021) Kat:3, Licht: 1","139866","3","2","4","11","07","3","","1","1","1","0","0"
"POINT (9.969931556000063 53.593838065000057)","Unfall 139867 (2021) Kat:3, Licht: 0","139867","3","6","3","11","12","2","","0","1","0","0","0"
"POINT (10.020229389000065 53.583910991000039)","Unfall 139868 (2021) Kat:3, Licht: 0","139868","3","7","6","10","10","4","","0","0","0","1","0"
"POINT (10.044274594000058 53.592623561000039)","Unfall 139869 (2021) Kat:3, Licht: 0","139869","3","6","3","10","17","5","","0","1","1","0","0"
"POINT (9.932707394000033 53.550834135000059)","Unfall 139870 (2021) Kat:3, Licht: 0","139870","3","6","4","08","15","4","","0","1","0","0","0"
"POINT (10.006480285000066 53.599363769000036)","Unfall 139871 (2021) Kat:3, Licht: 2","139871","3","1","0","11","20","4","","2","0","0","0","1"
"POINT (10.080176803000029 53.608390842000063)","Unfall 139872 (2021) Kat:3, Licht: 0","139872","3","2","4","09","12","6","","0","0","1","0","0"
"POINT (9.955089494000049 53.551639448000060)","Unfall 139873 (2021) Kat:3, Licht: 0","139873","3","6","3","08","10","1","","0","0","1","0","1"
"POINT (10.127830526000025 53.532377055000040)","Unfall 139874 (2021) Kat:3, Licht: 2","139874","3","7","0","09","20","5","","2","0","0","0","0"
"POINT (10.121393147000049 53.614365451000026)","Unfall 139875 (2021) Kat:2, Licht: 0","139875","2","3","5","08","11","2","","0","1","1","0","0"
"POINT (9.991752188000021 53.549168662000056)","Unfall 139876 (2021) Kat:3, Licht: 0","139876","3","3","0","10","15","4","","0","0","0","0","0"
"POINT (10.016005735000022 53.649410844000045)","Unfall 139877 (2021) Kat:3, Licht: 2","139877","3","4","6","11","17","6","","2","0","1","1","0"
"POINT (10.036054178000029 53.629130691000057)","Unfall 139878 (2021) Kat:3, Licht: 0","139878","3","3","5","09","06","6","","0","1","1","0","0"
"POINT (10.069969665000031 53.573021206000078)","Unfall 139879 (2021) Kat:3, Licht: 0","139879","3","6","2","08","16","7","","0","0","1","0","0"
"POINT (10.046372755000050 53.596131256000035)","Unfall 139880 (2021) Kat:3, Licht: 0","139880","3","6","2","11","07","5","","0","0","1","0","0"
"POINT (10.144076322000046 53.593715438000061)","Unfall 139881 (2021) Kat:3, Licht: 0","139881","3","7","6","12","09","5","","0","0","1","1","0"
"POINT (10.047187488000077 53.555153767000036)","Unfall 139882 (2021) Kat:3, Licht: 0","139882","3","7","0","10","13","2","","0","1","0","0","0"
"POINT (10.003380364000066 53.587663896000038)","Unfall 139883 (2021) Kat:3, Licht: 0","139883","3","6","6","11","17","6","","0","1","0","1","0"
"POINT (10.113188264000030 53.653428766000047)","Unfall 139884 (2021) Kat:3, Licht: 0","139884","3","6","2","08","17","3","","0","0","1","0","0"
"POINT (9.987329294000062 53.593812354000079)","Unfall 139885 (2021) Kat:3, Licht: 2","139885","3","7","0","09","22","5","","2","1","0","0","0"
"POINT (9.937754862000077 53.639612500000055)","Unfall 139886 (2021) Kat:2, Licht: 0","139886","2","7","0","10","11","1","","0","1","0","0","0"
"POINT (10.001282247000063 53.483915556000056)","Unfall 139887 (2021) Kat:3, Licht: 2","139887","3","7","9","11","02","6","","2","0","1","0","0"
"POINT (10.026440114000025 53.573116032000030)","Unfall 139888 (2021) Kat:3, Licht: 0","139888","3","5","0","10","17","3","","0","1","1","0","0"
"POINT (10.010188836000054 53.559842147000040)","Unfall 139889 (2021) Kat:3, Licht: 0","139889","3","6","2","10","12","5","","0","0","1","0","0"
"POINT (9.970644380000067 53.575829050000038)","Unfall 139890 (2021) Kat:3, Licht: 0","139890","3","3","5","08","07","3","","0","1","0","0","1"
"POINT (10.011275380000029 53.560053851000077)","Unfall 139891 (2021) Kat:3, Licht: 0","139891","3","3","5","11","09","3","","0","1","1","0","0"
"POINT (9.895651000000043 53.557388137000032)","Unfall 139892 (2021) Kat:3, Licht: 0","139892","3","6","3","09","12","3","","0","0","1","0","0"
"POINT (10.001937694000048 53.545224285000074)","Unfall 139893 (2021) Kat:3, Licht: 0","139893","3","4","0","09","19","3","","0","0","0","1","0"
"POINT (10.079098177000049 53.554166732000056)","Unfall 139894 (2021) Kat:3, Licht: 0","139894","3","2","6","08","09","3","","0","0","1","1","0"
"POINT (10.168453643000021 53.624502137000036)","Unfall 139895 (2021) Kat:3, Licht: 0","139895","3","6","2","09","14","4","","0","0","1","0","0"
"POINT (10.094571586000029 53.520089208000059)","Unfall 139896 (2021) Kat:3, Licht: 0","139896","3","2","4","09","06","6","","0","0","1","0","0"
"POINT (9.982413373000043 53.605514404000076)","Unfall 139897 (2021) Kat:3, Licht: 2","139897","3","7","0","08","01","1","","2","1","0","0","0"
"POINT (10.016500835000045 53.562173307000080)","Unfall 139898 (2021) Kat:3, Licht: 0","139898","3","3","5","11","15","4","","0","0","1","0","0"
"POINT (9.948288009000066 53.558220689000052)","Unfall 139899 (2021) Kat:3, Licht: 0","139899","3","7","0","08","15","6","","0","1","0","0","0"
"POINT (10.013777866000055 53.501511996000033)","Unfall 139900 (2021) Kat:3, Licht: 0","139900","3","2","5","11","08","4","","0","1","1","0","0"
"POINT (10.040357146000076 53.596012385000051)","Unfall 139901 (2021) Kat:3, Licht: 0","139901","3","3","5","12","08","4","","0","0","1","0","0"
"POINT (10.107977653000034 53.530041873000073)","Unfall 139902 (2021) Kat:3, Licht: 2","139902","3","3","5","10","06","6","","2","0","1","0","0"
"POINT (10.163220570000021 53.444181156000070)","Unfall 139903 (2021) Kat:3, Licht: 2","139903","3","6","0","10","00","1","","2","1","0","0","0"
"POINT (10.035296287000051 53.564585653000051)","Unfall 139904 (2021) Kat:3, Licht: 0","139904","3","6","3","11","14","2","","0","0","1","0","0"
"POINT (9.999044260000062 53.444225064000079)","Unfall 139905 (2021) Kat:3, Licht: 0","139905","3","3","5","08","13","2","","0","0","1","0","0"
"POINT (10.055412250000074 53.570801745000040)","Unfall 139906 (2021) Kat:3, Licht: 1","139906","3","2","5","09","18","3","","1","1","1","0","0"
"POINT (9.976082944000041 53.461714081000082)","Unfall 139907 (2021) Kat:3, Licht: 0","139907","3","7","0","09","06","4","","0","1","1","0","0"
"POINT (10.104711688000066 53.544753004000029)","Unfall 139908 (2021) Kat:3, Licht: 2","139908","3","6","0","10","18","7","","2","0","0","0","0"
"POINT (10.020623218000026 53.545659408000063)","Unfall 139909 (2021) Kat:3, Licht: 0","139909","3","6","2","08","17","1","","0","0","1","0","0"
"POINT (10.081447442000069 53.611346699000080)","Unfall 139910 (2021) Kat:3, Licht: 0","139910","3","7","0","11","13","1","","0","1","0","0","0"
"POINT (10.151116039000044 53.617560696000055)","Unfall 139911 (2021) Kat:3, Licht: 0","139911","3","6","2","09","16","2","","0","0","1","0","0"
"POINT (10.212155013000029 53.504061615000069)","Unfall 139912 (2021) Kat:3, Licht: 0","139912","3","3","5","09","16","1","","0","0","1","0","0"
"POINT (10.147954293000055 53.601317001000041)","Unfall 139913 (2021) Kat:3, Licht: 0","139913","3","3","5","08","17","3","","0","1","1","0","0"
"POINT (10.182602747000033 53.498382769000045)","Unfall 139914 (2021) Kat:2, Licht: 0","139914","2","3","5","10","12","6","","0","0","1","0","0"
"POINT (10.083650689000024 53.580158253000036)","Unfall 139915 (2021) Kat:3, Licht: 0","139915","3","2","6","10","11","5","","0","0","1","1","0"
"POINT (10.004081344000042 53.507605004000027)","Unfall 139916 (2021) Kat:3, Licht: 0","139916","3","7","0","08","09","1","","0","1","0","0","0"
"POINT (10.119121545000041 53.585133889000076)","Unfall 139917 (2021) Kat:3, Licht: 2","139917","3","6","2","11","18","1","","2","0","1","0","0"
"POINT (10.151442648000057 53.599687862000053)","Unfall 139918 (2021) Kat:3, Licht: 0","139918","3","7","0","11","15","3","","0","1","0","0","0"
"POINT (9.859128302000045 53.465133644000048)","Unfall 139919 (2021) Kat:2, Licht: 0","139919","2","1","0","11","11","3","","0","1","0","0","0"
"POINT (10.131119696000042 53.588768478000077)","Unfall 139920 (2021) Kat:3, Licht: 0","139920","3","3","5","10","11","4","","0","1","1","0","0"
"POINT (9.999495351000064 53.585221006000040)","Unfall 139921 (2021) Kat:3, Licht: 0","139921","3","2","5","10","16","5","","0","1","1","0","0"
"POINT (9.881530854000061 53.555512978000081)","Unfall 139922 (2021) Kat:3, Licht: 0","139922","3","6","4","08","07","5","","0","1","1","0","0"
"POINT (10.117149890000064 53.649427791000051)","Unfall 139923 (2021) Kat:3, Licht: 0","139923","3","3","5","11","08","7","","0","1","1","0","0"
"POINT (10.033975482000073 53.581681654000079)","Unfall 139924 (2021) Kat:3, Licht: 0","139924","3","6","2","09","14","6","","0","0","1","0","0"
"POINT (10.206540075000021 53.492700925000065)","Unfall 139925 (2021) Kat:3, Licht: 0","139925","3","4","6","08","10","6","","0","0","1","0","0"
"POINT (10.183768182000051 53.498947527000041)","Unfall 139926 (2021) Kat:3, Licht: 0","139926","3","7","0","09","13","2","","0","1","0","0","0"
"POINT (9.962807985000040 53.569755350000037)","Unfall 139927 (2021) Kat:3, Licht: 1","139927","3","4","6","08","20","3","","1","1","0","1","0"
"POINT (9.910199631000069 53.495667094000055)","Unfall 139928 (2021) Kat:3, Licht: 1","139928","3","2","4","10","18","4","","1","0","1","0","1"
"POINT (10.000960922000047 53.681099618000076)","Unfall 139929 (2021) Kat:3, Licht: 0","139929","3","3","5","08","17","2","","0","1","0","0","0"
"POINT (10.055991680000034 53.591433772000073)","Unfall 139930 (2021) Kat:3, Licht: 2","139930","3","2","5","09","22","7","","2","0","1","0","0"
"POINT (9.878333097000052 53.533378205000076)","Unfall 139931 (2021) Kat:3, Licht: 0","139931","3","6","2","09","16","6","","0","1","1","0","0"
"POINT (10.077147183000022 53.658523292000041)","Unfall 139932 (2021) Kat:3, Licht: 0","139932","3","7","0","08","07","2","","0","1","0","0","0"
"POINT (10.204879797000046 53.419512076000046)","Unfall 139933 (2021) Kat:3, Licht: 0","139933","3","4","6","09","08","3","","0","0","1","1","0"
"POINT (10.055539900000042 53.591623027000082)","Unfall 139934 (2021) Kat:3, Licht: 0","139934","3","6","2","10","07","3","","0","0","1","0","0"
"POINT (10.076669572000071 53.584400428000038)","Unfall 139935 (2021) Kat:3, Licht: 1","139935","3","6","2","11","17","6","","1","0","1","0","0"
"POINT (9.896659822000061 53.514991659000032)","Unfall 139936 (2021) Kat:2, Licht: 0","139936","2","1","8","09","15","4","","0","0","0","0","1"
"POINT (10.011714797000025 53.516843855000047)","Unfall 139937 (2021) Kat:3, Licht: 0","139937","3","6","2","10","10","1","","0","0","1","0","0"
"POINT (10.157368322000025 53.615884206000032)","Unfall 139938 (2021) Kat:3, Licht: 2","139938","3","7","1","11","17","1","","2","1","1","0","0"
"POINT (9.948486612000067 53.551150967000069)","Unfall 139939 (2021) Kat:3, Licht: 0","139939","3","3","5","10","14","3","","0","1","1","0","0"
"POINT (10.025594233000049 53.551798174000055)","Unfall 139940 (2021) Kat:3, Licht: 2","139940","3","3","5","08","23","7","","2","0","1","0","0"
"POINT (10.090735324000036 53.549083590000066)","Unfall 139941 (2021) Kat:3, Licht: 0","139941","3","3","5","10","10","4","","0","0","1","0","0"
"POINT (10.051565941000035 53.603169624000031)","Unfall 139942 (2021) Kat:2, Licht: 0","139942","2","2","4","08","08","3","","0","0","1","0","0"
"POINT (10.034923704000050 53.608097730000054)","Unfall 139943 (2021) Kat:3, Licht: 1","139943","3","3","5","11","16","2","","1","1","1","0","0"
"POINT (9.975765903000024 53.556428614000026)","Unfall 139944 (2021) Kat:3, Licht: 0","139944","3","6","3","11","13","3","","0","0","1","0","0"
"POINT (9.872034145000043 53.586096372000043)","Unfall 139945 (2021) Kat:3, Licht: 0","139945","3","3","5","11","16","2","","0","1","1","0","0"
"POINT (9.989330701000029 53.581926226000064)","Unfall 139946 (2021) Kat:3, Licht: 0","139946","3","3","5","10","14","6","","0","1","0","0","0"
"POINT (9.984589991000064 53.583281418000070)","Unfall 139947 (2021) Kat:3, Licht: 2","139947","3","3","5","10","05","7","","2","0","0","0","0"
"POINT (9.947931862000075 53.582343358000060)","Unfall 139948 (2021) Kat:3, Licht: 0","139948","3","3","5","08","19","5","","0","1","1","0","0"
"POINT (9.998206270000026 53.458750766000037)","Unfall 139949 (2021) Kat:1, Licht: 2","139949","1","4","6","11","02","7","","2","0","1","1","0"
"POINT (10.000969900000030 53.555730252000046)","Unfall 139950 (2021) Kat:2, Licht: 0","139950","2","3","5","09","11","6","","0","1","1","0","0"
"POINT (10.071740007000074 53.571925233000059)","Unfall 139951 (2021) Kat:3, Licht: 0","139951","3","3","5","08","12","6","","0","1","1","0","0"
"POINT (9.991893662000052 53.557737808000070)","Unfall 139952 (2021) Kat:3, Licht: 2","139952","3","6","2","09","00","1","","2","0","1","0","0"
"POINT (9.917854355000031 53.636359298000059)","Unfall 139953 (2021) Kat:3, Licht: 2","139953","3","3","5","08","05","3","","2","1","1","0","0"
"POINT (9.922120402000076 53.567701310000075)","Unfall 139954 (2021) Kat:3, Licht: 0","139954","3","2","3","10","15","6","","0","1","1","0","0"
"POINT (10.220090259000074 53.484153621000075)","Unfall 139955 (2021) Kat:2, Licht: 2","139955","2","4","6","09","06","6","","2","0","1","1","0"
"POINT (9.979451389000076 53.457487333000074)","Unfall 139956 (2021) Kat:3, Licht: 0","139956","3","2","5","09","13","2","","0","0","1","0","0"
"POINT (9.987274651000064 53.594686741000032)","Unfall 139957 (2021) Kat:3, Licht: 0","139957","3","2","5","08","07","3","","0","1","1","0","0"
"POINT (10.133798057000035 53.637347314000067)","Unfall 139958 (2021) Kat:3, Licht: 0","139958","3","6","4","09","07","4","","0","1","0","0","0"
"POINT (10.022818771000061 53.619286656000043)","Unfall 139959 (2021) Kat:3, Licht: 0","139959","3","3","5","10","16","3","","0","1","0","0","0"
"POINT (9.846375327000032 53.563620396000033)","Unfall 139960 (2021) Kat:3, Licht: 0","139960","3","3","5","11","08","7","","0","0","1","0","0"
"POINT (10.061045644000046 53.570617859000038)","Unfall 139961 (2021) Kat:3, Licht: 0","139961","3","3","5","09","11","6","","0","0","1","0","0"
"POINT (9.958158295000032 53.552365758000064)","Unfall 139962 (2021) Kat:3, Licht: 2","139962","3","7","6","10","02","1","","2","0","0","1","0"
"POINT (9.812052153000025 53.562084780000077)","Unfall 139963 (2021) Kat:2, Licht: 2","139963","2","7","0","11","21","1","","2","1","0","0","0"
"POINT (9.940509779000024 53.629701989000068)","Unfall 139964 (2021) Kat:3, Licht: 2","139964","3","7","0","10","19","4","","2","1","0","0","0"
"POINT (9.944456306000063 53.569575744000076)","Unfall 139965 (2021) Kat:3, Licht: 0","139965","3","6","4","10","08","5","","0","1","1","0","0"
"POINT (9.857996020000030 53.475664912000070)","Unfall 139966 (2021) Kat:2, Licht: 0","139966","2","1","8","08","14","3","","0","0","1","0","0"
"POINT (10.065451306000057 53.643435465000039)","Unfall 139967 (2021) Kat:2, Licht: 1","139967","2","3","5","11","07","4","","1","0","1","0","1"
"POINT (10.000999537000041 53.555742589000033)","Unfall 139968 (2021) Kat:3, Licht: 0","139968","3","2","0","09","11","5","","0","1","1","0","0"
"POINT (10.059380729000054 53.595792577000054)","Unfall 139969 (2021) Kat:3, Licht: 0","139969","3","3","5","08","09","6","","0","0","1","0","0"
"POINT (10.130120709000039 53.599634884000068)","Unfall 139970 (2021) Kat:3, Licht: 0","139970","3","2","5","09","11","5","","0","0","1","0","0"
"POINT (10.107233911000037 53.653841934000070)","Unfall 139971 (2021) Kat:3, Licht: 0","139971","3","2","3","09","08","3","","0","1","0","0","0"
"POINT (10.043329100000051 53.576582968000082)","Unfall 139972 (2021) Kat:3, Licht: 2","139972","3","7","0","10","22","5","","2","0","0","0","0"
"POINT (9.939917842000057 53.592797136000058)","Unfall 139973 (2021) Kat:2, Licht: 2","139973","2","2","6","11","16","6","","2","0","1","1","0"
"POINT (9.928844229000049 53.592251093000073)","Unfall 139974 (2021) Kat:3, Licht: 2","139974","3","2","4","09","04","7","","2","0","1","0","0"
"POINT (9.887831691000031 53.601010913000039)","Unfall 139975 (2021) Kat:3, Licht: 0","139975","3","3","5","08","20","1","","0","0","0","0","0"
"POINT (9.890135282000074 53.556685808000054)","Unfall 139976 (2021) Kat:3, Licht: 0","139976","3","6","2","11","15","6","","0","0","1","0","0"
"POINT (10.121962750000023 53.534217137000041)","Unfall 139977 (2021) Kat:3, Licht: 0","139977","3","7","0","10","13","1","","0","0","0","0","1"
"POINT (9.927630031000035 53.559899524000059)","Unfall 139978 (2021) Kat:3, Licht: 1","139978","3","2","5","10","07","3","","1","1","0","0","0"
"POINT (10.051708453000060 53.557515645000080)","Unfall 139979 (2021) Kat:3, Licht: 2","139979","3","4","6","11","17","5","","2","0","1","1","0"
"POINT (10.150676725000039 53.602859495000075)","Unfall 139980 (2021) Kat:3, Licht: 1","139980","3","7","7","08","05","3","","1","1","0","0","0"
"POINT (10.139000924000072 53.458155739000063)","Unfall 139981 (2021) Kat:3, Licht: 0","139981","3","6","3","09","08","4","","0","0","0","0","0"
"POINT (9.906708684000023 53.632334916000048)","Unfall 139982 (2021) Kat:3, Licht: 0","139982","3","7","0","09","10","6","","0","0","0","0","0"
"POINT (10.010253283000054 53.648797627000079)","Unfall 139983 (2021) Kat:3, Licht: 0","139983","3","2","3","10","13","7","","0","1","1","0","0"
"POINT (9.861239727000054 53.597316459000069)","Unfall 139984 (2021) Kat:3, Licht: 0","139984","3","7","0","10","15","1","","0","1","0","0","0"
"POINT (10.080601465000029 53.581016454000064)","Unfall 139985 (2021) Kat:3, Licht: 0","139985","3","3","5","08","18","7","","0","0","1","0","0"
"POINT (10.127298305000068 53.538785699000073)","Unfall 139986 (2021) Kat:2, Licht: 2","139986","2","7","3","10","20","2","","2","0","1","0","1"
"POINT (9.996705003000045 53.558058327000026)","Unfall 139987 (2021) Kat:3, Licht: 2","139987","3","6","3","11","17","3","","2","0","1","0","0"
"POINT (9.888541130000021 53.601024025000072)","Unfall 139988 (2021) Kat:3, Licht: 0","139988","3","6","2","09","12","3","","0","0","1","0","1"
"POINT (10.177917824000076 53.634389550000037)","Unfall 139989 (2021) Kat:2, Licht: 0","139989","2","3","5","09","17","3","","0","1","1","0","0"
"POINT (10.008921359000055 53.552154974000075)","Unfall 139990 (2021) Kat:3, Licht: 0","139990","3","7","3","08","12","5","","0","0","1","0","0"
"POINT (9.958602773000052 53.549524973000075)","Unfall 139991 (2021) Kat:2, Licht: 0","139991","2","4","6","09","17","5","","0","0","1","1","0"
"POINT (10.094633395000074 53.575542020000057)","Unfall 139992 (2021) Kat:3, Licht: 0","139992","3","1","0","09","09","7","","0","0","0","0","0"
"POINT (9.986416469000062 53.547825990000035)","Unfall 139993 (2021) Kat:3, Licht: 1","139993","3","7","4","08","19","1","","1","0","1","0","0"
"POINT (10.151498093000043 53.586790231000066)","Unfall 139994 (2021) Kat:3, Licht: 0","139994","3","3","5","11","07","4","","0","0","1","0","0"
"POINT (9.942663407000055 53.578190815000028)","Unfall 139995 (2021) Kat:3, Licht: 0","139995","3","7","6","08","11","7","","0","0","1","1","0"
"POINT (9.994017575000044 53.579788950000079)","Unfall 139996 (2021) Kat:3, Licht: 0","139996","3","3","5","11","11","5","","0","1","1","0","0"
"POINT (10.095200725000041 53.683450004000065)","Unfall 139997 (2021) Kat:3, Licht: 2","139997","3","7","0","12","20","4","","2","0","0","0","0"
"POINT (10.227706540000042 53.491400712000029)","Unfall 139998 (2021) Kat:3, Licht: 0","139998","3","5","1","10","11","6","","0","0","1","0","0"
"POINT (9.952644805000034 53.562144844000045)","Unfall 139999 (2021) Kat:3, Licht: 2","139999","3","7","0","10","01","1","","2","0","0","0","0"
"POINT (10.181949293000059 53.478153608000071)","Unfall 140000 (2021) Kat:3, Licht: 0","140000","3","3","5","08","14","6","","0","0","1","0","0"
"POINT (10.160558893000029 53.653120695000041)","Unfall 140001 (2021) Kat:3, Licht: 0","140001","3","4","6","11","11","4","","0","0","1","1","0"
"POINT (10.048301901000059 53.581619806000049)","Unfall 140002 (2021) Kat:3, Licht: 0","140002","3","3","5","08","11","2","","0","0","1","0","0"
"POINT (10.003838624000025 53.553811793000079)","Unfall 140003 (2021) Kat:3, Licht: 0","140003","3","3","5","09","08","3","","0","1","1","0","0"
"POINT (10.071819118000064 53.573637345000066)","Unfall 140004 (2021) Kat:3, Licht: 0","140004","3","6","3","09","13","4","","0","0","1","0","1"
"POINT (9.970544143000041 53.586358498000038)","Unfall 140005 (2021) Kat:3, Licht: 0","140005","3","5","1","10","14","6","","0","1","1","0","0"