WKT,Name,OBJECTID,UKATEGORIE,UTYP1,UART,UMONAT,USTUNDE,UWOCHENTAG,STRZUSTAND,ULICHTVERH,ISTRAD,ISTPKW,ISTFUSS,ISTKRAD
"POINT (10.190444606000028 53.507361761000027)","Unfall 140006 (2021) Kat:3, Licht: 1","140006","3","5","1","11","06","6","","1","0","1","0","0"
"POINT (9.956428362000054 53.642175603000055)","Unfall 140007 (2021) Kat:2, Licht: 0","140007","2","6","1","09","16","1","","0","0","1","0","1"
"POINT (9.992212050000035 53.556110223000076)","Unfall 140008 (2021) Kat:3, Licht: 0","140008","3","2","6","09","19","2","","0","0","1","1","0"
"POINT (10.022149778000028 53.618938835000051)","Unfall 140009 (2021) Kat:3, Licht: 0","140009","3","7","5","08","17","3","","0","0","1","0","0"
"POINT (10.117423646000077 53.616350225000076)","Unfall 140010 (2021) Kat:2, Licht: 0","140010","2","6","6","10","14","6","","0","1","0","1","0"
"POINT (9.978216423000049 53.572048819000031)","Unfall 140011 (2021) Kat:3, Licht: 0","140011","3","2","5","10","10","5","","0","0","1","0","0"
"POINT (10.109456344000023 53.525486431000047)","Unfall 140012 (2021) Kat:2, Licht: 0","140012","2","6","4","08","11","1","","0","0","1","0","0"
"POINT (10.059744453000064 53.577507493000041)","Unfall 140013 (2021) Kat:3, Licht: 2","140013","3","6","4","11","03","7","","2","0","1","0","0"
"POINT (9.812252860000058 53.563246771000081)","Unfall 140014 (2021) Kat:3, Licht: 0","140014","3","4","6","11","13","2","","0","0","1","1","0"
"POINT (9.953640435000068 53.568605004000062)","Unfall 140015 (2021) Kat:3, Licht: 2","140015","3","3","5","11","16","3","","2","1","1","0","0"
"POINT (10.083411712000043 53.576874734000057)","Unfall 140016 (2021) Kat:3, Licht: 0","140016","3","6","2","10","14","5","","0","0","1","0","0"
"POINT (10.101201420000052 53.579831758000068)","Unfall 140017 (2021) Kat:3, Licht: 0","140017","3","6","2","10","14","5","","0","0","1","0","0"
"POINT (9.827221029000043 53.566540076000081)","Unfall 140018 (2021) Kat:3, Licht: 0","140018","3","7","6","08","14","5","","0","1","0","1","0"
"POINT (10.047638780000057 53.570604220000064)","Unfall 140019 (2021) Kat:3, Licht: 0","140019","3","3","5","11","12","7","","0","1","1","0","0"
"POINT (9.966598295000040 53.599228825000068)","Unfall 140020 (2021) Kat:3, Licht: 0","140020","3","3","5","09","13","6","","0","0","1","0","0"
"POINT (10.214555965000045 53.496053952000068)","Unfall 140021 (2021) Kat:3, Licht: 0","140021","3","7","0","08","14","7","","0","1","0","0","0"
"POINT (10.097672113000044 53.623151314000040)","Unfall 140022 (2021) Kat:3, Licht: 0","140022","3","7","3","09","15","6","","0","1","0","0","0"
"POINT (10.002173012000071 53.557339287000048)","Unfall 140023 (2021) Kat:3, Licht: 0","140023","3","6","4","08","11","3","","0","1","0","0","0"
"POINT (10.110249858000032 53.538853954000047)","Unfall 140024 (2021) Kat:3, Licht: 0","140024","3","6","2","10","14","4","","0","0","1","0","0"
"POINT (9.910879284000032 53.499647374000062)","Unfall 140025 (2021) Kat:3, Licht: 2","140025","3","6","3","09","06","6","","2","0","0","0","0"
"POINT (10.005602318000058 53.547611438000047)","Unfall 140026 (2021) Kat:3, Licht: 0","140026","3","6","3","09","18","1","","0","0","1","0","0"
"POINT (10.025154864000058 53.566906591000077)","Unfall 140027 (2021) Kat:3, Licht: 0","140027","3","7","0","08","14","1","","0","1","0","0","0"
"POINT (10.071590519000040 53.608682728000076)","Unfall 140028 (2021) Kat:3, Licht: 0","140028","3","6","3","09","12","4","","0","0","1","0","0"
"POINT (10.004719689000069 53.598433145000058)","Unfall 140029 (2021) Kat:3, Licht: 0","140029","3","2","5","10","16","4","","0","0","1","0","0"
"POINT (9.855113319000054 53.583287777000066)","Unfall 140030 (2021) Kat:3, Licht: 0","140030","3","3","5","11","09","6","","0","1","1","0","0"
"POINT (10.007281228000068 53.584072133000063)","Unfall 140031 (2021) Kat:3, Licht: 0","140031","3","7","0","08","08","4","","0","1","0","0","0"
"POINT (10.007663108000031 53.621246998000061)","Unfall 140032 (2021) Kat:3, Licht: 0","140032","3","3","5","09","16","5","","0","0","1","0","1"
"POINT (9.971187496000027 53.459371536000049)","Unfall 140033 (2021) Kat:3, Licht: 2","140033","3","6","2","10","21","1","","2","0","1","0","0"
"POINT (10.008142556000053 53.558932842000047)","Unfall 140034 (2021) Kat:3, Licht: 2","140034","3","6","2","11","16","7","","2","0","1","0","0"
"POINT (9.853410896000071 53.467642667000064)","Unfall 140035 (2021) Kat:3, Licht: 1","140035","3","3","5","10","17","3","","1","1","1","0","0"
"POINT (10.072587407000071 53.569999868000082)","Unfall 140036 (2021) Kat:2, Licht: 2","140036","2","6","6","10","20","3","","2","0","0","1","0"
"POINT (10.111746774000039 53.546207045000074)","Unfall 140037 (2021) Kat:3, Licht: 0","140037","3","6","2","08","09","4","","0","0","1","0","0"
"POINT (10.103654104000043 53.575189117000036)","Unfall 140038 (2021) Kat:3, Licht: 0","140038","3","2","0","11","14","4","","0","1","0","0","0"
"POINT (9.999694008000063 53.584844783000051)","Unfall 140039 (2021) Kat:3, Licht: 0","140039","3","7","1","09","18","5","","0","1","0","0","0"
"POINT (9.936940264000043 53.580190091000077)","Unfall 140040 (2021) Kat:3, Licht: 0","140040","3","7","6","08","09","6","","0","0","1","1","0"
"POINT (9.965448819000073 53.565302053000039)","Unfall 140041 (2021) Kat:3, Licht: 0","140041","3","6","3","09","14","5","","0","0","1","0","0"
"POINT (9.952445556000043 53.556474853000054)","Unfall 140042 (2021) Kat:3, Licht: 0","140042","3","6","4","09","19","3","","0","1","0","0","0"
"POINT (10.170989721000069 53.516600579000055)","Unfall 140043 (2021) Kat:2, Licht: 0","140043","2","4","6","10","09","2","","0","0","1","1","0"
"POINT (9.966912550000075 53.463610580000079)","Unfall 140044 (2021) Kat:3, Licht: 0","140044","3","6","2","08","13","1","","0","0","1","0","0"
"POINT (9.901180650000072 53.556522396000048)","Unfall 140045 (2021) Kat:3, Licht: 1","140045","3","6","2","11","16","5","","1","0","1","0","0"
"POINT (10.103364336000027 53.580262229000027)","Unfall 140046 (2021) Kat:3, Licht: 0","140046","3","6","2","08","14","6","","0","0","1","0","0"
"POINT (10.038234282000076 53.641799334000041)","Unfall 140047 (2021) Kat:2, Licht: 0","140047","2","2","5","11","11","6","","0","1","1","0","0"
"POINT (9.978499528000043 53.571242969000082)","Unfall 140048 (2021) Kat:3, Licht: 2","140048","3","4","6","12","16","6","","2","0","1","1","0"
"POINT (10.132830162000062 53.596081289000040)","Unfall 140049 (2021) Kat:2, Licht: 2","140049","2","1","8","10","02","1","","2","0","1","0","0"
"POINT (10.143772285000068 53.600404867000066)","Unfall 140050 (2021) Kat:3, Licht: 0","140050","3","2","2","10","10","3","","0","1","1","0","0"
"POINT (9.993616541000051 53.446719062000057)","Unfall 140051 (2021) Kat:3, Licht: 2","140051","3","7","1","11","16","3","","2","1","1","0","0"
"POINT (10.167780966000066 53.515543312000034)","Unfall 140052 (2021) Kat:3, Licht: 0","140052","3","2","5","08","13","3","","0","1","1","0","0"
"POINT (10.141421070000035 53.583933438000031)","Unfall 140053 (2021) Kat:2, Licht: 0","140053","2","2","4","09","16","3","","0","1","1","0","0"
"POINT (10.083740810000052 53.554393461000075)","Unfall 140054 (2021) Kat:3, Licht: 0","140054","3","6","3","09","09","5","","0","1","0","0","0"
"POINT (9.914166809000051 53.601432623000051)","Unfall 140055 (2021) Kat:3, Licht: 0","140055","3","7","5","10","13","6","","0","0","1","0","0"
"POINT (10.013273322000032 53.552902930000073)","Unfall 140056 (2021) Kat:3, Licht: 1","140056","3","4","6","10","18","3","","1","0","1","1","0"
"POINT (10.004419159000065 53.657479514000045)","Unfall 140057 (2021) Kat:3, Licht: 2","140057","3","7","0","10","20","1","","2","1","0","0","0"
"POINT (10.105905174000043 53.558806227000048)","Unfall 140058 (2021) Kat:3, Licht: 0","140058","3","2","4","11","14","3","","0","1","1","0","0"
"POINT (10.009325177000051 53.481613053000046)","Unfall 140059 (2021) Kat:3, Licht: 0","140059","3","6","2","09","07","2","","0","0","0","0","0"
"POINT (9.971915458000069 53.470017890000065)","Unfall 140060 (2021) Kat:3, Licht: 0","140060","3","6","2","09","07","4","","0","0","1","0","0"
"POINT (10.001112717000069 53.663781606000043)","Unfall 140061 (2021) Kat:3, Licht: 0","140061","3","5","1","08","17","4","","0","0","1","0","0"
"POINT (9.979768903000036 53.580404305000059)","Unfall 140062 (2021) Kat:3, Licht: 2","140062","3","7","0","10","20","7","","2","1","0","0","0"
"POINT (9.916830387000061 53.582164167000030)","Unfall 140063 (2021) Kat:3, Licht: 0","140063","3","3","5","09","15","2","","0","0","1","0","0"
"POINT (10.160912485000040 53.596665867000070)","Unfall 140064 (2021) Kat:3, Licht: 0","140064","3","3","5","10","15","6","","0","0","1","0","0"
"POINT (10.023151023000025 53.615477195000040)","Unfall 140065 (2021) Kat:3, Licht: 0","140065","3","3","5","11","14","2","","0","1","1","0","0"
"POINT (9.957612035000068 53.570079709000026)","Unfall 140066 (2021) Kat:3, Licht: 2","140066","3","3","5","11","06","5","","2","0","1","0","0"
"POINT (10.040408996000053 53.580673722000029)","Unfall 140067 (2021) Kat:2, Licht: 0","140067","2","7","3","09","16","4","","0","0","1","0","0"
"POINT (9.974687093000057 53.610183022000058)","Unfall 140068 (2021) Kat:3, Licht: 0","140068","3","4","6","08","13","5","","0","0","1","1","0"
"POINT (10.202081584000041 53.490115357000036)","Unfall 140069 (2021) Kat:2, Licht: 0","140069","2","7","3","09","07","5","","0","0","1","0","1"
"POINT (10.044619642000043 53.567836377000049)","Unfall 140070 (2021) Kat:3, Licht: 0","140070","3","2","3","09","16","3","","0","1","1","0","0"
"POINT (10.218892083000071 53.485281625000027)","Unfall 140071 (2021) Kat:3, Licht: 0","140071","3","3","5","10","17","2","","0","1","0","0","0"
"POINT (9.896424810000042 53.587729087000071)","Unfall 140072 (2021) Kat:3, Licht: 0","140072","3","3","5","08","16","2","","0","0","1","0","1"
"POINT (10.049503864000030 53.578675234000059)","Unfall 140073 (2021) Kat:3, Licht: 2","140073","3","4","6","11","17","4","","2","0","1","1","0"
"POINT (9.985844021000048 53.541309066000053)","Unfall 140074 (2021) Kat:3, Licht: 0","140074","3","2","3","09","07","6","","0","0","1","0","1"
"POINT (9.914277071000072 53.630452497000078)","Unfall 140075 (2021) Kat:3, Licht: 0","140075","3","6","2","08","16","6","","0","0","1","0","0"
"POINT (10.015488143000027 53.647964171000069)","Unfall 140076 (2021) Kat:3, Licht: 2","140076","3","2","4","11","16","5","","2","1","1","0","0"
"POINT (10.118793529000072 53.585250642000062)","Unfall 140077 (2021) Kat:3, Licht: 2","140077","3","2","6","12","17","5","","2","0","1","1","0"
"POINT (9.997442609000075 53.556841622000036)","Unfall 140078 (2021) Kat:3, Licht: 0","140078","3","6","2","10","17","3","","0","0","1","0","0"
"POINT (10.105852269000025 53.651892506000081)","Unfall 140079 (2021) Kat:3, Licht: 0","140079","3","3","5","10","10","3","","0","1","1","0","0"
"POINT (9.954722422000032 53.569419060000030)","Unfall 140080 (2021) Kat:3, Licht: 0","140080","3","2","3","11","08","5","","0","1","1","0","0"
"POINT (10.031377317000022 53.597136814000066)","Unfall 140081 (2021) Kat:3, Licht: 0","140081","3","1","0","08","15","3","","0","1","0","0","0"
"POINT (9.979669880000074 53.460785756000064)","Unfall 140082 (2021) Kat:3, Licht: 0","140082","3","3","6","09","08","3","","0","0","0","1","0"
"POINT (9.957400853000024 53.547819867000044)","Unfall 140083 (2021) Kat:3, Licht: 1","140083","3","6","6","09","19","6","","1","1","0","1","0"
"POINT (9.879157238000062 53.585660333000078)","Unfall 140084 (2021) Kat:3, Licht: 0","140084","3","2","5","10","14","6","","0","1","1","0","0"
"POINT (10.057509488000051 53.554823756000076)","Unfall 140085 (2021) Kat:3, Licht: 0","140085","3","3","5","10","12","2","","0","0","1","0","0"
"POINT (9.851729954000064 53.586119262000068)","Unfall 140086 (2021) Kat:3, Licht: 0","140086","3","6","2","10","14","3","","0","0","1","0","0"
"POINT (9.864902073000053 53.581238830000075)","Unfall 140087 (2021) Kat:3, Licht: 0","140087","3","3","5","08","16","3","","0","1","1","0","0"
"POINT (9.971786108000060 53.582064918000071)","Unfall 140088 (2021) Kat:3, Licht: 0","140088","3","3","5","11","10","3","","0","1","1","0","0"
"POINT (10.102095007000059 53.647208158000069)","Unfall 140089 (2021) Kat:3, Licht: 0","140089","3","2","2","09","15","3","","0","1","1","0","0"
"POINT (10.056771498000046 53.592040823000048)","Unfall 140090 (2021) Kat:2, Licht: 0","140090","2","4","6","09","11","3","","0","0","1","1","0"
"POINT (10.120248405000041 53.545199988000036)","Unfall 140091 (2021) Kat:3, Licht: 0","140091","3","6","2","08","10","4","","0","0","1","0","0"
"POINT (9.948015461000068 53.574210531000062)","Unfall 140092 (2021) Kat:3, Licht: 0","140092","3","6","4","09","09","5","","0","0","1","0","0"
"POINT (9.865449957000067 53.570169168000064)","Unfall 140093 (2021) Kat:3, Licht: 0","140093","3","2","5","09","12","7","","0","0","0","0","0"
"POINT (9.931555539000044 53.553271330000030)","Unfall 140094 (2021) Kat:3, Licht: 0","140094","3","3","6","11","14","2","","0","1","0","1","0"
"POINT (9.994418424000060 53.648643625000034)","Unfall 140095 (2021) Kat:3, Licht: 0","140095","3","6","2","08","07","5","","0","0","1","0","0"
"POINT (10.165375579000056 53.628883591000033)","Unfall 140096 (2021) Kat:3, Licht: 0","140096","3","4","6","11","07","4","","0","0","1","1","0"
"POINT (10.113673130000052 53.616240052000080)","Unfall 140097 (2021) Kat:3, Licht: 2","140097","3","2","6","12","07","4","","2","0","1","1","0"
"POINT (9.973209823000047 53.580853154000067)","Unfall 140098 (2021) Kat:3, Licht: 0","140098","3","6","3","10","11","6","","0","0","1","0","0"
"POINT (10.065460001000076 53.579617433000067)","Unfall 140099 (2021) Kat:3, Licht: 0","140099","3","3","5","10","14","7","","0","0","1","0","0"
"POINT (9.916005931000029 53.635333439000078)","Unfall 140100 (2021) Kat:3, Licht: 0","140100","3","2","4","08","12","6","","0","1","1","0","0"
"POINT (10.122197110000059 53.605195236000043)","Unfall 140101 (2021) Kat:3, Licht: 0","140101","3","2","4","11","10","2","","0","0","1","0","0"
"POINT (9.965446054000040 53.585129597000048)","Unfall 140102 (2021) Kat:3, Licht: 0","140102","3","2","3","08","12","2","","0","1","1","0","0"
"POINT (9.852154373000076 53.589732870000034)","Unfall 140103 (2021) Kat:3, Licht: 0","140103","3","7","0","09","17","2","","0","0","0","0","0"
"POINT (10.084883121000075 53.659479530000056)","Unfall 140104 (2021) Kat:3, Licht: 0","140104","3","7","0","09","13","4","","0","1","0","0","0"
"POINT (10.123506970000051 53.538523952000048)","Unfall 140105 (2021) Kat:3, Licht: 0","140105","3","4","6","08","07","5","","0","0","1","1","0"
"POINT (9.951796518000037 53.576638413000069)","Unfall 140106 (2021) Kat:3, Licht: 0","140106","3","2","6","10","11","6","","0","0","1","1","0"
"POINT (10.184471053000038 53.489616946000069)","Unfall 140107 (2021) Kat:3, Licht: 0","140107","3","3","5","11","13","6","","0","0","1","0","0"
"POINT (10.029608267000071 53.470241722000026)","Unfall 140108 (2021) Kat:3, Licht: 0","140108","3","7","7","09","14","1","","0","1","0","0","0"
"POINT (10.000266769000064 53.555869244000064)","Unfall 140109 (2021) Kat:3, Licht: 0","140109","3","6","2","09","09","2","","0","0","1","0","1"
"POINT (10.046316495000042 53.558324394000067)","Unfall 140110 (2021) Kat:3, Licht: 0","140110","3","2","4","08","08","3","","0","0","1","0","1"
"POINT (10.002296570000055 53.660846842000069)","Unfall 140111 (2021) Kat:3, Licht: 0","140111","3","4","6","10","14","7","","0","0","1","1","0"
"POINT (9.893808578000062 53.565540983000062)","Unfall 140112 (2021) Kat:3, Licht: 0","140112","3","5","1","08","18","1","","0","0","1","0","0"
"POINT (9.809325196000032 53.529301832000044)","Unfall 140113 (2021) Kat:3, Licht: 2","140113","3","6","2","10","05","4","","2","0","1","0","0"
"POINT (10.013615917000038 53.578980883000042)","Unfall 140114 (2021) Kat:2, Licht: 0","140114","2","7","0","11","15","1","","0","1","0","0","0"
"POINT (9.947623555000064 53.582487117000028)","Unfall 140115 (2021) Kat:3, Licht: 2","140115","3","1","0","11","23","3","","2","1","0","0","0"
"POINT (10.058872237000060 53.594811735000064)","Unfall 140116 (2021) Kat:3, Licht: 2","140116","3","3","5","11","07","3","","2","1","1","0","0"
"POINT (9.960755264000056 53.561219270000038)","Unfall 140117 (2021) Kat:3, Licht: 1","140117","3","1","0","10","18","5","","1","1","0","0","0"
"POINT (10.118003478000048 53.577710364000040)","Unfall 140118 (2021) Kat:2, Licht: 0","140118","2","2","4","10","15","5","","0","0","1","0","0"
"POINT (9.812401188000024 53.563747309000064)","Unfall 140119 (2021) Kat:3, Licht: 0","140119","3","4","6","08","09","4","","0","0","1","1","0"
"POINT (9.879956840000034 53.516274988000077)","Unfall 140120 (2021) Kat:2, Licht: 0","140120","2","1","4","11","08","5","","0","0","1","0","0"
"POINT (9.988809905000039 53.558175079000080)","Unfall 140121 (2021) Kat:3, Licht: 0","140121","3","3","5","09","16","6","","0","1","1","0","0"
"POINT (9.936091622000049 53.555815386000063)","Unfall 140122 (2021) Kat:3, Licht: 0","140122","3","2","4","08","13","7","","0","0","1","0","0"
"POINT (10.121894354000062 53.613843939000049)","Unfall 140123 (2021) Kat:3, Licht: 0","140123","3","7","0","09","14","5","","0","0","0","1","0"
"POINT (10.080507117000025 53.634906118000060)","Unfall 140124 (2021) Kat:3, Licht: 0","140124","3","6","2","08","12","3","","0","1","1","0","0"
"POINT (10.017580747000068 53.582742646000042)","Unfall 140125 (2021) Kat:3, Licht: 2","140125","3","7","6","10","18","5","","2","0","1","1","0"
"POINT (10.023032353000076 53.663144053000053)","Unfall 140126 (2021) Kat:2, Licht: 0","140126","2","7","0","09","18","6","","0","0","0","0","1"
"POINT (10.057165764000047 53.580159450000053)","Unfall 140127 (2021) Kat:3, Licht: 0","140127","3","3","5","08","10","1","","0","0","1","0","0"
"POINT (9.976304697000046 53.597020135000037)","Unfall 140128 (2021) Kat:3, Licht: 0","140128","3","7","6","09","14","4","","0","0","1","0","0"
"POINT (10.054550325000037 53.555489987000044)","Unfall 140129 (2021) Kat:3, Licht: 2","140129","3","7","0","10","22","3","","2","1","0","0","0"
"POINT (10.022123868000051 53.611894787000040)","Unfall 140130 (2021) Kat:3, Licht: 0","140130","3","7","1","11","14","5","","0","1","1","0","0"
"POINT (10.021961489000034 53.679173148000075)","Unfall 140131 (2021) Kat:3, Licht: 0","140131","3","3","5","08","18","4","","0","0","1","0","0"
"POINT (10.124936398000045 53.530764139000041)","Unfall 140132 (2021) Kat:3, Licht: 0","140132","3","3","5","09","11","5","","0","0","1","0","0"
"POINT (10.083053638000024 53.555006009000067)","Unfall 140133 (2021) Kat:2, Licht: 0","140133","2","7","5","10","11","1","","0","0","1","0","0"
"POINT (9.955525300000033 53.440757741000027)","Unfall 140134 (2021) Kat:2, Licht: 0","140134","2","1","9","11","13","6","","0","0","1","0","0"
"POINT (9.978725844000053 53.572367528000029)","Unfall 140135 (2021) Kat:3, Licht: 0","140135","3","2","3","10","12","3","","0","1","1","0","0"
"POINT (9.979808851000030 53.590608667000026)","Unfall 140136 (2021) Kat:3, Licht: 0","140136","3","6","2","10","09","4","","0","0","1","0","0"
"POINT (9.956919186000050 53.567318348000072)","Unfall 140137 (2021) Kat:3, Licht: 1","140137","3","6","0","08","19","3","","1","1","1","0","0"
"POINT (10.127782475000060 53.602423877000035)","Unfall 140138 (2021) Kat:3, Licht: 2","140138","3","4","5","11","16","2","","2","1","1","1","0"
"POINT (10.056482011000071 53.569389334000050)","Unfall 140139 (2021) Kat:3, Licht: 0","140139","3","2","3","09","17","4","","0","0","1","0","0"
"POINT (9.998040697000022 53.557697848000032)","Unfall 140140 (2021) Kat:3, Licht: 0","140140","3","6","3","08","16","6","","0","0","1","0","0"
"POINT (10.105854909000072 53.546080814000049)","Unfall 140141 (2021) Kat:3, Licht: 0","140141","3","7","3","09","18","4","","0","0","1","0","0"
"POINT (10.058753772000046 53.576150029000075)","Unfall 140142 (2021) Kat:3, Licht: 0","140142","3","2","4","09","15","2","","0","1","1","0","0"
"POINT (9.990576055000076 53.560404738000045)","Unfall 140143 (2021) Kat:3, Licht: 0","140143","3","6","3","08","07","2","","0","1","0","0","0"
"POINT (9.992483812000046 53.580133523000029)","Unfall 140144 (2021) Kat:3, Licht: 0","140144","3","7","0","11","15","5","","0","1","0","0","0"
"POINT (9.988356198000076 53.543015676000039)","Unfall 140145 (2021) Kat:3, Licht: 0","140145","3","2","3","08","10","7","","0","1","1","0","0"
"POINT (10.004359211000065 53.588235876000056)","Unfall 140146 (2021) Kat:2, Licht: 2","140146","2","4","6","11","17","5","","2","0","1","1","0"
"POINT (9.987575628000059 53.517421963000061)","Unfall 140147 (2021) Kat:3, Licht: 2","140147","3","3","5","10","19","7","","2","0","1","0","0"
"POINT (9.955710433000036 53.570097499000042)","Unfall 140148 (2021) Kat:3, Licht: 0","140148","3","6","2","10","12","3","","0","0","1","0","0"
"POINT (10.151761938000050 53.609174560000042)","Unfall 140149 (2021) Kat:3, Licht: 2","140149","3","1","9","11","02","3","","2","0","1","0","0"
"POINT (9.991806548000056 53.570993519000069)","Unfall 140150 (2021) Kat:3, Licht: 0","140150","3","3","0","08","17","3","","0","1","0","0","0"
"POINT (10.008624745000077 53.552117168000052)","Unfall 140151 (2021) Kat:3, Licht: 0","140151","3","4","6","09","15","4","","0","0","0","1","0"
"POINT (9.907391286000063 53.549387308000064)","Unfall 140152 (2021) Kat:3, Licht: 0","140152","3","3","5","09","07","6","","0","1","0","0","0"
"POINT (9.977368428000034 53.553886290000037)","Unfall 140153 (2021) Kat:3, Licht: 2","140153","3","6","2","10","19","7","","2","0","1","0","0"
"POINT (9.958435658000042 53.441524103000063)","Unfall 140154 (2021) Kat:3, Licht: 0","140154","3","3","5","10","13","2","","0","0","1","0","0"
"POINT (9.955330166000067 53.561452850000080)","Unfall 140155 (2021) Kat:3, Licht: 0","140155","3","6","3","10","18","2","","0","1","0","0","0"
"POINT (10.024478378000026 53.529081367000060)","Unfall 140156 (2021) Kat:3, Licht: 0","140156","3","6","3","11","11","6","","0","0","1","0","0"
"POINT (10.019230050000033 53.614433228000053)","Unfall 140157 (2021) Kat:3, Licht: 0","140157","3","6","2","09","14","2","","0","0","1","0","0"
"POINT (10.149812494000059 53.528208595000081)","Unfall 140158 (2021) Kat:3, Licht: 0","140158","3","2","4","09","18","3","","0","1","0","0","0"
"POINT (9.969397916000048 53.531483596000044)","Unfall 140159 (2021) Kat:2, Licht: 2","140159","2","7","0","08","22","4","","2","1","0","0","0"
"POINT (10.108654293000029 53.563065354000059)","Unfall 140160 (2021) Kat:3, Licht: 0","140160","3","6","2","10","10","6","","0","0","1","0","0"
"POINT (10.011359943000059 53.647451288000070)","Unfall 140161 (2021) Kat:2, Licht: 0","140161","2","6","3","09","09","7","","0","1","1","0","0"
"POINT (10.155287336000072 53.603016577000062)","Unfall 140162 (2021) Kat:3, Licht: 1","140162","3","2","4","10","18","5","","1","1","1","0","0"
"POINT (9.982605477000050 53.464430724000067)","Unfall 140163 (2021) Kat:2, Licht: 0","140163","2","4","6","11","14","2","","0","1","0","1","0"
"POINT (9.987248487000045 53.438554344000067)","Unfall 140164 (2021) Kat:3, Licht: 0","140164","3","3","5","11","12","4","","0","0","1","0","0"
"POINT (9.965782166000054 53.565232069000047)","Unfall 140165 (2021) Kat:3, Licht: 2","140165","3","2","3","12","21","4","","2","1","1","0","0"
"POINT (10.091775682000048 53.598600446000034)","Unfall 140166 (2021) Kat:3, Licht: 0","140166","3","3","5","10","12","6","","0","1","1","0","0"
"POINT (9.992989508000051 53.639889012000026)","Unfall 140167 (2021) Kat:3, Licht: 0","140167","3","7","0","10","13","1","","0","1","0","0","0"
"POINT (9.874504121000029 53.587640920000069)","Unfall 140168 (2021) Kat:3, Licht: 2","140168","3","3","5","08","05","6","","2","1","1","0","0"
"POINT (10.058909880000044 53.550817377000044)","Unfall 140169 (2021) Kat:3, Licht: 0","140169","3","2","3","11","15","5","","0","1","1","0","0"
"POINT (10.103677045000040 53.580332132000080)","Unfall 140170 (2021) Kat:3, Licht: 0","140170","3","6","2","08","16","2","","0","0","1","0","0"
"POINT (9.954756546000056 53.622533613000030)","Unfall 140171 (2021) Kat:3, Licht: 0","140171","3","6","3","09","11","2","","0","0","1","0","1"
"POINT (10.080321565000077 53.610926758000062)","Unfall 140172 (2021) Kat:2, Licht: 0","140172","2","3","5","09","16","4","","0","0","1","0","0"
"POINT (9.969482457000026 53.576617977000069)","Unfall 140173 (2021) Kat:3, Licht: 0","140173","3","1","0","08","10","5","","0","0","0","0","1"
"POINT (10.023381749000066 53.567942077000055)","Unfall 140174 (2021) Kat:3, Licht: 2","140174","3","6","2","10","20","6","","2","0","1","0","1"
"POINT (9.993324644000040 53.545012672000041)","Unfall 140175 (2021) Kat:3, Licht: 0","140175","3","7","0","09","18","6","","0","1","0","1","0"
"POINT (9.934009689000050 53.591992302000051)","Unfall 140176 (2021) Kat:3, Licht: 0","140176","3","3","5","09","16","2","","0","1","1","0","0"
"POINT (10.007274377000044 53.545775933000073)","Unfall 140177 (2021) Kat:3, Licht: 0","140177","3","3","5","08","14","2","","0","1","1","0","0"
"POINT (9.962663234000047 53.564437555000040)","Unfall 140178 (2021) Kat:3, Licht: 0","140178","3","3","5","09","16","5","","0","0","1","0","0"
"POINT (9.845326067000030 53.563593859000036)","Unfall 140179 (2021) Kat:3, Licht: 0","140179","3","3","5","10","13","3","","0","0","1","0","0"
"POINT (10.176764279000054 53.467388981000056)","Unfall 140180 (2021) Kat:1, Licht: 2","140180","1","1","9","11","20","7","","2","0","0","0","0"
"POINT (10.033297120000043 53.573938355000053)","Unfall 140181 (2021) Kat:3, Licht: 0","140181","3","2","3","11","09","3","","0","1","1","0","0"
"POINT (9.990230091000058 53.580109211000035)","Unfall 140182 (2021) Kat:3, Licht: 2","140182","3","5","4","11","07","3","","2","1","1","0","0"
"POINT (9.973954334000041 53.550397536000048)","Unfall 140183 (2021) Kat:3, Licht: 0","140183","3","6","2","10","13","5","","0","0","1","0","0"
"POINT (9.972604593000028 53.469449608000048)","Unfall 140184 (2021) Kat:3, Licht: 2","140184","3","7","0","10","20","6","","2","1","0","0","0"
"POINT (10.038557157000071 53.608358818000056)","Unfall 140185 (2021) Kat:3, Licht: 0","140185","3","2","2","08","17","4","","0","0","1","0","0"
"POINT (9.962670225000068 53.555573946000038)","Unfall 140186 (2021) Kat:3, Licht: 0","140186","3","4","6","11","12","5","","0","0","1","1","0"
"POINT (10.132960259000072 53.605369551000081)","Unfall 140187 (2021) Kat:3, Licht: 0","140187","3","3","5","09","16","6","","0","0","1","0","0"
"POINT (10.140365657000075 53.624362020000035)","Unfall 140188 (2021) Kat:3, Licht: 0","140188","3","7","0","08","10","6","","0","0","1","0","0"
"POINT (10.148796108000056 53.585874904000036)","Unfall 140189 (2021) Kat:3, Licht: 0","140189","3","2","5","09","07","6","","0","1","0","0","0"
"POINT (10.044122920000063 53.609883521000029)","Unfall 140190 (2021) Kat:3, Licht: 0","140190","3","1","0","08","14","3","","0","1","0","0","0"
"POINT (9.755579263000072 53.581033865000052)","Unfall 140191 (2021) Kat:3, Licht: 0","140191","3","4","6","08","17","5","","0","1","0","1","0"