WKT,Name,OBJECTID,UKATEGORIE,UTYP1,UART,UMONAT,USTUNDE,UWOCHENTAG,STRZUSTAND,ULICHTVERH,ISTRAD,ISTPKW,ISTFUSS,ISTKRAD
"POINT (9.932032650000053 53.546634332000053)","Unfall 140192 (2021) Kat:3, Licht: 0","140192","3","2","5","11","09","5","","0","1","1","0","0"
"POINT (10.047653490000073 53.561348355000064)","Unfall 140193 (2021) Kat:3, Licht: 0","140193","3","2","0","12","10","4","","0","1","1","0","0"
"POINT (9.959933467000042 53.563684729000045)","Unfall 140194 (2021) Kat:3, Licht: 0","140194","3","2","3","10","16","7","","0","1","1","0","0"
"POINT (9.932865847000073 53.588441257000056)","Unfall 140195 (2021) Kat:2, Licht: 0","140195","2","4","6","10","17","2","","0","0","1","1","0"
"POINT (10.015884468000024 53.649410227000033)","Unfall 140196 (2021) Kat:3, Licht: 0","140196","3","6","2","08","18","5","","0","0","1","0","1"
"POINT (9.949342050000041 53.558604583000033)","Unfall 140197 (2021) Kat:3, Licht: 2","140197","3","3","5","11","00","6","","2","0","1","0","0"
"POINT (10.096079654000050 53.579072470000028)","Unfall 140198 (2021) Kat:3, Licht: 0","140198","3","7","0","08","17","1","","0","1","0","0","0"
"POINT (9.818328535000035 53.562123982000060)","Unfall 140199 (2021) Kat:3, Licht: 2","140199","3","7","0","09","00","7","","2","1","0","1","0"
"POINT (9.915993219000029 53.635326510000027)","Unfall 140200 (2021) Kat:3, Licht: 0","140200","3","2","5","09","13","4","","0","1","0","0","0"
"POINT (9.969320866000032 53.445026038000037)","Unfall 140201 (2021) Kat:3, Licht: 0","140201","3","7","8","08","09","5","","0","0","1","0","0"
"POINT (10.126717789000054 53.603676718000031)","Unfall 140202 (2021) Kat:3, Licht: 2","140202","3","6","2","10","19","6","","2","0","1","0","0"
"POINT (9.949748034000038 53.558775856000068)","Unfall 140203 (2021) Kat:3, Licht: 0","140203","3","6","2","11","15","2","","0","0","1","0","0"
"POINT (9.814613965000035 53.467242021000061)","Unfall 140204 (2021) Kat:3, Licht: 0","140204","3","5","1","09","14","5","","0","0","1","0","0"
"POINT (9.862020248000022 53.577790708000066)","Unfall 140205 (2021) Kat:3, Licht: 0","140205","3","3","5","09","07","2","","0","1","1","0","0"
"POINT (9.974742487000071 53.565381723000030)","Unfall 140206 (2021) Kat:3, Licht: 0","140206","3","6","2","08","17","3","","0","0","1","0","1"
"POINT (10.019374585000037 53.518794162000063)","Unfall 140207 (2021) Kat:3, Licht: 0","140207","3","2","4","09","14","3","","0","1","1","0","0"
"POINT (9.983420933000048 53.609509925000054)","Unfall 140208 (2021) Kat:3, Licht: 0","140208","3","1","0","10","16","5","","0","1","0","0","0"
"POINT (9.936068101000046 53.547904505000076)","Unfall 140209 (2021) Kat:3, Licht: 2","140209","3","7","0","11","01","1","","2","0","0","0","0"
"POINT (10.018952899000055 53.652402524000081)","Unfall 140210 (2021) Kat:3, Licht: 0","140210","3","5","1","11","13","2","","0","0","1","0","0"
"POINT (9.993858540000076 53.599369042000035)","Unfall 140211 (2021) Kat:3, Licht: 2","140211","3","7","0","11","17","3","","2","1","0","0","0"
"POINT (10.146205936000058 53.624205976000042)","Unfall 140212 (2021) Kat:2, Licht: 0","140212","2","6","4","10","14","5","","0","1","0","0","0"
"POINT (10.012545435000050 53.484219817000053)","Unfall 140213 (2021) Kat:3, Licht: 0","140213","3","7","0","10","16","5","","0","0","1","0","0"
"POINT (10.039173426000048 53.559322379000037)","Unfall 140214 (2021) Kat:3, Licht: 0","140214","3","2","4","08","14","4","","0","1","1","0","0"
"POINT (9.982269293000058 53.460364209000033)","Unfall 140215 (2021) Kat:3, Licht: 2","140215","3","3","6","11","18","4","","2","1","0","1","0"
"POINT (10.088317580000023 53.550909818000036)","Unfall 140216 (2021) Kat:3, Licht: 0","140216","3","2","4","09","15","5","","0","1","1","0","0"
"POINT (9.954656152000041 53.557234220000055)","Unfall 140217 (2021) Kat:3, Licht: 2","140217","3","1","0","08","00","7","","2","1","0","0","0"
"POINT (9.958431660000031 53.632127749000063)","Unfall 140218 (2021) Kat:3, Licht: 0","140218","3","3","5","09","17","6","","0","1","1","0","0"
"POINT (10.212614408000036 53.455048619000081)","Unfall 140219 (2021) Kat:3, Licht: 0","140219","3","6","4","08","07","2","","0","0","0","0","0"
"POINT (9.983592952000038 53.592249730000049)","Unfall 140220 (2021) Kat:3, Licht: 2","140220","3","2","6","10","07","5","","2","0","1","1","0"
"POINT (9.993230402000052 53.515409928000054)","Unfall 140221 (2021) Kat:3, Licht: 2","140221","3","3","5","11","21","5","","2","0","1","0","0"
"POINT (10.026936999000043 53.639488801000027)","Unfall 140222 (2021) Kat:3, Licht: 0","140222","3","7","0","09","07","6","","0","0","1","0","0"
"POINT (10.165461995000044 53.648773274000064)","Unfall 140223 (2021) Kat:3, Licht: 0","140223","3","2","5","08","13","1","","0","1","1","0","0"
"POINT (10.063692991000039 53.559967543000027)","Unfall 140224 (2021) Kat:3, Licht: 0","140224","3","6","2","10","15","3","","0","0","1","0","0"
"POINT (10.047206899000059 53.583976105000033)","Unfall 140225 (2021) Kat:3, Licht: 1","140225","3","1","0","11","07","6","","1","0","0","0","1"
"POINT (9.982665066000038 53.544205098000077)","Unfall 140226 (2021) Kat:3, Licht: 2","140226","3","3","5","08","23","4","","2","1","1","0","0"
"POINT (10.044224700000029 53.592216148000034)","Unfall 140227 (2021) Kat:3, Licht: 0","140227","3","7","5","09","16","4","","0","0","1","0","1"
"POINT (10.105059595000057 53.708504722000043)","Unfall 140228 (2021) Kat:2, Licht: 0","140228","2","3","5","10","13","1","","0","1","1","0","0"
"POINT (10.008116911000059 53.496450976000062)","Unfall 140229 (2021) Kat:3, Licht: 2","140229","3","2","6","11","17","7","","2","0","1","1","0"
"POINT (10.023117745000036 53.575925694000034)","Unfall 140230 (2021) Kat:2, Licht: 2","140230","2","2","3","10","18","3","","2","1","1","0","0"
"POINT (10.160928967000075 53.591806009000038)","Unfall 140231 (2021) Kat:3, Licht: 0","140231","3","7","5","10","08","3","","0","0","1","0","0"
"POINT (9.991246507000028 53.466151788000047)","Unfall 140232 (2021) Kat:3, Licht: 0","140232","3","7","8","08","14","3","","0","0","0","0","1"
"POINT (9.794045157000028 53.533841264000046)","Unfall 140233 (2021) Kat:3, Licht: 0","140233","3","6","1","11","14","2","","0","0","1","0","0"
"POINT (10.097553823000055 53.593652232000068)","Unfall 140234 (2021) Kat:3, Licht: 0","140234","3","3","5","09","08","4","","0","1","1","0","0"
"POINT (10.035665701000028 53.575070799000059)","Unfall 140235 (2021) Kat:3, Licht: 0","140235","3","2","3","08","07","5","","0","0","1","0","0"
"POINT (10.077265095000030 53.653116733000047)","Unfall 140236 (2021) Kat:3, Licht: 1","140236","3","2","0","09","06","4","","1","0","0","0","1"
"POINT (10.001924487000053 53.468967315000043)","Unfall 140237 (2021) Kat:3, Licht: 1","140237","3","7","0","09","19","3","","1","1","0","0","0"
"POINT (9.892317485000035 53.615639531000056)","Unfall 140238 (2021) Kat:3, Licht: 2","140238","3","5","1","08","02","1","","2","0","1","0","0"
"POINT (10.100308780000034 53.496637525000040)","Unfall 140239 (2021) Kat:3, Licht: 0","140239","3","3","5","11","07","4","","0","0","1","0","0"
"POINT (10.025481797000054 53.551768469000081)","Unfall 140240 (2021) Kat:3, Licht: 0","140240","3","3","5","08","08","5","","0","1","1","0","0"
"POINT (10.066072377000069 53.586879910000050)","Unfall 140241 (2021) Kat:3, Licht: 2","140241","3","6","3","11","22","5","","2","1","1","0","0"
"POINT (9.977935777000027 53.583950765000054)","Unfall 140242 (2021) Kat:3, Licht: 1","140242","3","1","0","12","07","6","","1","1","0","0","0"
"POINT (10.009956692000060 53.583639200000050)","Unfall 140243 (2021) Kat:3, Licht: 0","140243","3","6","2","10","14","1","","0","0","1","0","0"
"POINT (9.967195082000046 53.557633213000031)","Unfall 140244 (2021) Kat:3, Licht: 0","140244","3","3","0","10","13","3","","0","1","0","0","0"
"POINT (9.870226505000062 53.547436586000060)","Unfall 140245 (2021) Kat:3, Licht: 2","140245","3","6","2","11","18","2","","2","0","1","0","0"
"POINT (9.939346391000072 53.592921365000052)","Unfall 140246 (2021) Kat:3, Licht: 0","140246","3","7","0","08","18","3","","0","0","0","0","0"
"POINT (9.979227496000021 53.606951346000073)","Unfall 140247 (2021) Kat:3, Licht: 0","140247","3","7","1","09","15","3","","0","0","1","0","0"
"POINT (10.040461229000073 53.570189928000048)","Unfall 140248 (2021) Kat:2, Licht: 0","140248","2","2","3","09","10","5","","0","0","1","0","1"
"POINT (9.778985525000053 53.562312494000082)","Unfall 140249 (2021) Kat:3, Licht: 1","140249","3","7","0","10","08","6","","1","1","0","0","0"
"POINT (10.002103194000028 53.557107972000040)","Unfall 140250 (2021) Kat:3, Licht: 0","140250","3","3","5","10","09","2","","0","1","1","0","0"
"POINT (9.945385265000027 53.557097905000035)","Unfall 140251 (2021) Kat:3, Licht: 0","140251","3","3","5","10","16","3","","0","1","1","0","0"
"POINT (10.094613221000031 53.542679120000059)","Unfall 140252 (2021) Kat:3, Licht: 0","140252","3","3","0","08","08","1","","0","1","0","0","0"
"POINT (10.035670168000024 53.575073357000065)","Unfall 140253 (2021) Kat:3, Licht: 0","140253","3","2","4","11","14","1","","0","1","1","0","0"
"POINT (10.090128092000043 53.631688084000075)","Unfall 140254 (2021) Kat:3, Licht: 0","140254","3","5","1","09","15","2","","0","1","1","0","0"
"POINT (9.869914862000030 53.477311111000063)","Unfall 140255 (2021) Kat:3, Licht: 0","140255","3","6","4","09","18","2","","0","1","1","0","0"
"POINT (10.003812177000043 53.578346662000058)","Unfall 140256 (2021) Kat:3, Licht: 0","140256","3","3","5","08","07","4","","0","1","0","0","0"
"POINT (10.203380186000061 53.487696542000037)","Unfall 140257 (2021) Kat:3, Licht: 0","140257","3","2","4","10","13","6","","0","0","1","0","0"
"POINT (9.977616349000073 53.564301917000080)","Unfall 140258 (2021) Kat:3, Licht: 0","140258","3","3","5","09","07","7","","0","0","1","0","0"
"POINT (9.961951118000059 53.574592267000071)","Unfall 140259 (2021) Kat:3, Licht: 2","140259","3","5","1","08","20","1","","2","1","1","0","0"
"POINT (9.987298252000073 53.515203593000081)","Unfall 140260 (2021) Kat:3, Licht: 0","140260","3","6","2","10","12","5","","0","1","1","0","0"
"POINT (10.023073022000062 53.663224743000058)","Unfall 140261 (2021) Kat:3, Licht: 0","140261","3","7","1","11","12","1","","0","0","1","0","0"
"POINT (10.056550855000069 53.573622800000066)","Unfall 140262 (2021) Kat:3, Licht: 2","140262","3","6","3","11","19","4","","2","0","1","0","0"
"POINT (9.978499943000031 53.571246075000033)","Unfall 140263 (2021) Kat:3, Licht: 2","140263","3","4","6","12","19","4","","2","0","0","1","0"
"POINT (9.996538004000058 53.600314173000072)","Unfall 140264 (2021) Kat:3, Licht: 0","140264","3","1","0","10","10","7","","0","1","0","0","0"
"POINT (10.181524779000029 53.483519941000054)","Unfall 140265 (2021) Kat:2, Licht: 0","140265","2","2","4","10","12","7","","0","0","1","0","0"
"POINT (10.077297411000075 53.570290726000053)","Unfall 140266 (2021) Kat:3, Licht: 0","140266","3","6","4","08","16","5","","0","1","0","0","0"
"POINT (9.979188015000034 53.581396874000063)","Unfall 140267 (2021) Kat:3, Licht: 2","140267","3","6","2","11","16","6","","2","1","1","0","0"
"POINT (10.096204051000029 53.638783109000030)","Unfall 140268 (2021) Kat:3, Licht: 0","140268","3","6","2","09","12","6","","0","0","1","0","0"
"POINT (10.008447385000068 53.556577501000049)","Unfall 140269 (2021) Kat:3, Licht: 0","140269","3","1","0","08","10","1","","0","0","0","0","0"
"POINT (9.955900520000057 53.551729633000036)","Unfall 140270 (2021) Kat:3, Licht: 0","140270","3","3","5","09","07","1","","0","0","1","0","0"
"POINT (10.053687637000053 53.557997269000055)","Unfall 140271 (2021) Kat:3, Licht: 0","140271","3","7","1","08","17","2","","0","1","0","0","0"
"POINT (9.930046722000043 53.553806656000063)","Unfall 140272 (2021) Kat:3, Licht: 2","140272","3","7","0","10","02","7","","2","0","0","0","0"
"POINT (10.115828422000050 53.546103602000073)","Unfall 140273 (2021) Kat:3, Licht: 0","140273","3","6","4","09","14","7","","0","0","1","0","0"
"POINT (10.128303156000072 53.601777763000030)","Unfall 140274 (2021) Kat:3, Licht: 0","140274","3","7","0","09","13","1","","0","1","0","0","0"
"POINT (10.102260389000037 53.585777583000038)","Unfall 140275 (2021) Kat:3, Licht: 1","140275","3","3","5","08","05","3","","1","0","1","0","0"
"POINT (10.031353542000033 53.498876681000070)","Unfall 140276 (2021) Kat:3, Licht: 0","140276","3","3","5","09","18","4","","0","0","1","0","1"
"POINT (9.996134200000029 53.550636032000057)","Unfall 140277 (2021) Kat:3, Licht: 1","140277","3","7","0","10","17","4","","1","0","0","0","0"
"POINT (10.069758275000027 53.526370449000069)","Unfall 140278 (2021) Kat:3, Licht: 0","140278","3","2","4","11","13","7","","0","0","1","0","0"
"POINT (9.955080514000031 53.548923766000030)","Unfall 140279 (2021) Kat:2, Licht: 2","140279","2","4","6","10","20","1","","2","0","1","1","0"
"POINT (10.078551279000067 53.584879255000033)","Unfall 140280 (2021) Kat:3, Licht: 0","140280","3","2","4","11","13","1","","0","0","1","0","0"
"POINT (10.138216018000037 53.630885971000055)","Unfall 140281 (2021) Kat:3, Licht: 1","140281","3","2","3","10","07","3","","1","1","0","0","0"
"POINT (9.997647831000052 53.557799749000026)","Unfall 140282 (2021) Kat:3, Licht: 0","140282","3","6","2","08","13","1","","0","0","1","0","0"
"POINT (10.047366407000027 53.582640879000053)","Unfall 140283 (2021) Kat:3, Licht: 0","140283","3","6","6","10","08","3","","0","1","0","1","0"
"POINT (10.090640963000055 53.672080433000076)","Unfall 140284 (2021) Kat:3, Licht: 0","140284","3","2","2","08","10","4","","0","0","1","0","0"
"POINT (9.989931108000064 53.449104707000060)","Unfall 140285 (2021) Kat:3, Licht: 0","140285","3","6","2","11","08","4","","0","0","0","0","1"
"POINT (9.991680575000032 53.665906902000074)","Unfall 140286 (2021) Kat:3, Licht: 0","140286","3","3","5","09","14","4","","0","0","1","0","0"
"POINT (10.012866047000045 53.642636577000076)","Unfall 140287 (2021) Kat:3, Licht: 0","140287","3","5","6","08","08","5","","0","0","1","1","0"
"POINT (9.904825793000043 53.608982693000030)","Unfall 140288 (2021) Kat:3, Licht: 0","140288","3","3","5","09","14","6","","0","0","1","0","0"
"POINT (10.048013661000027 53.603487943000061)","Unfall 140289 (2021) Kat:3, Licht: 0","140289","3","7","0","09","17","3","","0","0","0","0","1"
"POINT (10.154130530000032 53.598465561000069)","Unfall 140290 (2021) Kat:3, Licht: 0","140290","3","6","2","10","17","5","","0","0","1","0","0"
"POINT (10.026306812000030 53.607304907000071)","Unfall 140291 (2021) Kat:3, Licht: 2","140291","3","6","3","11","06","6","","2","0","1","0","0"
"POINT (10.018163443000049 53.649472698000068)","Unfall 140292 (2021) Kat:3, Licht: 0","140292","3","6","3","09","16","6","","0","1","0","0","0"
"POINT (10.085523867000063 53.657006550000062)","Unfall 140293 (2021) Kat:2, Licht: 0","140293","2","4","6","08","13","7","","0","0","1","1","0"
"POINT (9.973547764000045 53.612723611000035)","Unfall 140294 (2021) Kat:3, Licht: 0","140294","3","7","6","11","13","6","","0","0","1","1","0"
"POINT (10.148127719000058 53.617109645000028)","Unfall 140295 (2021) Kat:3, Licht: 1","140295","3","7","0","12","07","5","","1","1","0","0","0"
"POINT (10.070119841000064 53.573069878000069)","Unfall 140296 (2021) Kat:3, Licht: 2","140296","3","6","2","10","17","2","","2","0","1","0","0"
"POINT (9.946801255000025 53.565110702000027)","Unfall 140297 (2021) Kat:3, Licht: 0","140297","3","4","6","11","15","5","","0","0","1","1","0"
"POINT (9.973791782000035 53.545269762000032)","Unfall 140298 (2021) Kat:3, Licht: 2","140298","3","7","0","08","23","3","","2","1","0","0","0"
"POINT (10.010828715000059 53.461166401000071)","Unfall 140299 (2021) Kat:3, Licht: 0","140299","3","6","2","09","10","4","","0","0","1","0","0"
"POINT (9.967277035000052 53.586562103000063)","Unfall 140300 (2021) Kat:3, Licht: 0","140300","3","3","5","09","10","6","","0","0","1","0","1"
"POINT (9.916545068000062 53.633941777000075)","Unfall 140301 (2021) Kat:3, Licht: 0","140301","3","6","4","10","10","7","","0","1","1","0","0"
"POINT (10.014731118000043 53.497047900000041)","Unfall 140302 (2021) Kat:3, Licht: 0","140302","3","7","0","10","09","2","","0","1","0","0","0"
"POINT (9.987532107000050 53.451882651000062)","Unfall 140303 (2021) Kat:3, Licht: 0","140303","3","2","4","10","09","2","","0","0","1","0","0"
"POINT (10.047414044000050 53.642366430000038)","Unfall 140304 (2021) Kat:2, Licht: 0","140304","2","7","0","11","09","2","","0","0","0","0","1"
"POINT (10.112439687000062 53.653274286000055)","Unfall 140305 (2021) Kat:3, Licht: 0","140305","3","7","1","09","13","3","","0","0","1","1","0"
"POINT (9.987198627000055 53.493754510000031)","Unfall 140306 (2021) Kat:3, Licht: 0","140306","3","3","5","09","10","3","","0","0","1","0","0"
"POINT (10.021925591000070 53.661444488000029)","Unfall 140307 (2021) Kat:3, Licht: 0","140307","3","3","5","08","17","4","","0","1","1","0","0"
"POINT (10.051452989000040 53.599218426000050)","Unfall 140308 (2021) Kat:3, Licht: 0","140308","3","7","0","09","16","5","","0","1","0","0","0"
"POINT (9.943250670000054 53.576449417000049)","Unfall 140309 (2021) Kat:3, Licht: 2","140309","3","5","1","09","04","7","","2","1","1","0","0"
"POINT (10.201897748000022 53.487540960000047)","Unfall 140310 (2021) Kat:3, Licht: 0","140310","3","6","2","08","14","6","","0","0","1","0","0"
"POINT (9.951799278000067 53.582215631000054)","Unfall 140311 (2021) Kat:3, Licht: 0","140311","3","6","2","11","15","5","","0","0","1","0","0"
"POINT (10.005836611000063 53.599767792000080)","Unfall 140312 (2021) Kat:3, Licht: 0","140312","3","6","2","08","12","6","","0","0","1","0","0"
"POINT (9.871835937000071 53.592049569000039)","Unfall 140313 (2021) Kat:3, Licht: 0","140313","3","6","2","11","14","4","","0","0","1","0","0"
"POINT (9.858935698000039 53.576876998000046)","Unfall 140314 (2021) Kat:2, Licht: 0","140314","2","6","2","12","09","5","","0","0","1","0","0"
"POINT (9.941721905000065 53.577634668000030)","Unfall 140315 (2021) Kat:3, Licht: 0","140315","3","4","0","10","08","6","","0","0","0","1","0"
"POINT (10.102749243000062 53.539833573000067)","Unfall 140316 (2021) Kat:3, Licht: 0","140316","3","3","5","10","15","7","","0","0","1","0","1"
"POINT (9.950867922000043 53.631274357000052)","Unfall 140317 (2021) Kat:2, Licht: 0","140317","2","7","6","08","10","7","","0","1","0","1","0"
"POINT (9.984529170000030 53.458255541000028)","Unfall 140318 (2021) Kat:3, Licht: 0","140318","3","3","5","10","14","4","","0","0","1","0","0"
"POINT (10.084283899000070 53.552430054000070)","Unfall 140319 (2021) Kat:2, Licht: 2","140319","2","4","6","11","22","5","","2","0","1","1","0"
"POINT (9.857124478000060 53.474015250000036)","Unfall 140320 (2021) Kat:3, Licht: 0","140320","3","6","4","09","14","6","","0","1","0","0","0"
"POINT (10.058477271000072 53.577104790000078)","Unfall 140321 (2021) Kat:3, Licht: 0","140321","3","2","3","08","11","7","","0","0","1","0","1"
"POINT (9.917779248000045 53.568919924000056)","Unfall 140322 (2021) Kat:3, Licht: 0","140322","3","3","5","11","12","6","","0","1","1","0","0"
"POINT (9.854294182000046 53.468734132000066)","Unfall 140323 (2021) Kat:3, Licht: 0","140323","3","7","0","12","07","5","","0","1","0","0","0"
"POINT (9.937768272000028 53.473203477000027)","Unfall 140324 (2021) Kat:3, Licht: 0","140324","3","3","5","10","10","2","","0","0","1","0","0"
"POINT (9.975876470000060 53.570228064000048)","Unfall 140325 (2021) Kat:3, Licht: 1","140325","3","1","9","11","17","5","","1","0","0","0","0"
"POINT (9.897762777000025 53.567752471000063)","Unfall 140326 (2021) Kat:3, Licht: 0","140326","3","6","2","08","08","3","","0","0","1","0","0"
"POINT (10.142082946000073 53.598638449000077)","Unfall 140327 (2021) Kat:3, Licht: 0","140327","3","6","2","09","16","5","","0","0","1","0","0"
"POINT (9.950023661000046 53.558870146000061)","Unfall 140328 (2021) Kat:2, Licht: 2","140328","2","1","0","10","03","1","","2","0","0","0","0"
"POINT (10.079490999000029 53.608431421000034)","Unfall 140329 (2021) Kat:3, Licht: 2","140329","3","7","3","11","19","7","","2","0","1","0","0"
"POINT (9.948709432000044 53.474831211000037)","Unfall 140330 (2021) Kat:2, Licht: 2","140330","2","7","0","10","22","4","","2","1","0","0","0"
"POINT (10.069889045000025 53.572893766000050)","Unfall 140331 (2021) Kat:3, Licht: 1","140331","3","6","2","08","19","7","","1","0","1","0","0"
"POINT (9.941204012000071 53.649007824000080)","Unfall 140332 (2021) Kat:3, Licht: 0","140332","3","7","0","10","13","5","","0","1","0","0","0"
"POINT (10.059654292000062 53.568109078000077)","Unfall 140333 (2021) Kat:2, Licht: 0","140333","2","2","3","08","14","3","","0","1","0","0","0"
"POINT (10.016077961000065 53.629274435000070)","Unfall 140334 (2021) Kat:3, Licht: 0","140334","3","7","0","11","15","2","","0","0","0","0","1"
"POINT (9.960331105000023 53.573138977000042)","Unfall 140335 (2021) Kat:3, Licht: 0","140335","3","6","3","09","09","5","","0","1","1","0","0"
"POINT (9.975571403000060 53.552230176000080)","Unfall 140336 (2021) Kat:3, Licht: 0","140336","3","6","3","08","15","6","","0","0","1","0","0"
"POINT (10.110216974000025 53.574695058000032)","Unfall 140337 (2021) Kat:3, Licht: 2","140337","3","4","6","09","06","5","","2","0","0","1","0"
"POINT (10.115630134000071 53.611729884000056)","Unfall 140338 (2021) Kat:3, Licht: 0","140338","3","3","5","09","12","3","","0","0","1","0","0"
"POINT (10.057232888000044 53.580036696000036)","Unfall 140339 (2021) Kat:3, Licht: 2","140339","3","2","4","11","19","5","","2","0","1","0","0"
"POINT (9.880887087000076 53.532908180000049)","Unfall 140340 (2021) Kat:3, Licht: 0","140340","3","7","0","08","17","5","","0","1","0","0","0"
"POINT (9.954608777000033 53.635216503000038)","Unfall 140341 (2021) Kat:3, Licht: 0","140341","3","7","0","11","13","4","","0","1","0","0","0"
"POINT (10.094910748000075 53.543548897000051)","Unfall 140342 (2021) Kat:3, Licht: 2","140342","3","3","6","12","17","4","","2","0","1","1","0"
"POINT (10.047234863000028 53.584004852000078)","Unfall 140343 (2021) Kat:3, Licht: 2","140343","3","6","3","10","22","7","","2","0","1","0","0"
"POINT (10.078746677000026 53.641207903000065)","Unfall 140344 (2021) Kat:3, Licht: 0","140344","3","7","0","10","17","7","","0","1","0","0","0"
"POINT (10.054117257000030 53.604860846000065)","Unfall 140345 (2021) Kat:3, Licht: 0","140345","3","7","9","08","06","7","","0","0","1","0","0"
"POINT (10.160458944000027 53.606246507000037)","Unfall 140346 (2021) Kat:3, Licht: 0","140346","3","3","5","11","14","2","","0","1","1","0","0"
"POINT (9.993122632000052 53.543141944000070)","Unfall 140347 (2021) Kat:3, Licht: 0","140347","3","3","6","08","12","3","","0","1","0","1","0"
"POINT (10.047617755000033 53.561178049000034)","Unfall 140348 (2021) Kat:3, Licht: 1","140348","3","2","4","09","17","3","","1","1","1","0","0"
"POINT (10.018397255000025 53.549237775000051)","Unfall 140349 (2021) Kat:3, Licht: 2","140349","3","5","1","08","00","3","","2","0","1","0","0"
"POINT (10.021065439000040 53.577788937000037)","Unfall 140350 (2021) Kat:3, Licht: 2","140350","3","3","5","10","19","1","","2","0","1","0","0"
"POINT (9.988383802000044 53.585483350000061)","Unfall 140351 (2021) Kat:3, Licht: 0","140351","3","7","0","10","18","2","","0","1","0","0","0"
"POINT (10.124817350000058 53.571273678000068)","Unfall 140352 (2021) Kat:3, Licht: 0","140352","3","1","0","08","16","2","","0","0","0","0","1"
"POINT (10.229366464000066 53.445131066000044)","Unfall 140353 (2021) Kat:2, Licht: 2","140353","2","3","5","11","18","1","","2","0","1","0","0"
"POINT (10.032827307000048 53.636836552000034)","Unfall 140354 (2021) Kat:3, Licht: 0","140354","3","7","1","09","10","2","","0","1","1","0","0"
"POINT (10.014157062000038 53.619243950000055)","Unfall 140355 (2021) Kat:3, Licht: 0","140355","3","3","5","09","12","3","","0","1","1","0","0"
"POINT (10.006587247000027 53.549465785000052)","Unfall 140356 (2021) Kat:3, Licht: 1","140356","3","7","0","08","20","4","","1","1","0","0","0"
"POINT (10.165168144000063 53.605683380000073)","Unfall 140357 (2021) Kat:3, Licht: 0","140357","3","4","6","09","15","5","","0","0","1","1","0"
"POINT (9.889307593000069 53.618298063000054)","Unfall 140358 (2021) Kat:3, Licht: 1","140358","3","2","0","09","06","1","","1","0","1","0","0"
"POINT (10.088453860000072 53.581112144000031)","Unfall 140359 (2021) Kat:3, Licht: 1","140359","3","3","5","10","07","5","","1","0","0","0","1"
"POINT (10.046915690000048 53.583929296000065)","Unfall 140360 (2021) Kat:3, Licht: 0","140360","3","3","5","08","10","2","","0","1","1","0","0"
"POINT (10.105376085000046 53.647065947000044)","Unfall 140361 (2021) Kat:3, Licht: 0","140361","3","7","0","11","08","2","","0","1","0","0","0"
"POINT (10.013047626000059 53.639821697000059)","Unfall 140362 (2021) Kat:3, Licht: 2","140362","3","3","5","11","23","2","","2","1","0","0","0"
"POINT (9.866456430000028 53.594357318000050)","Unfall 140363 (2021) Kat:3, Licht: 0","140363","3","6","4","11","14","3","","0","0","1","0","0"
"POINT (10.182050788000026 53.497994162000055)","Unfall 140364 (2021) Kat:3, Licht: 0","140364","3","6","2","10","13","5","","0","0","1","0","0"
"POINT (9.959897879000039 53.549558810000065)","Unfall 140365 (2021) Kat:3, Licht: 0","140365","3","3","5","10","17","7","","0","1","0","1","0"
"POINT (9.990101557000060 53.559801500000049)","Unfall 140366 (2021) Kat:3, Licht: 0","140366","3","2","0","08","18","6","","0","0","1","0","0"
"POINT (10.186155774000042 53.477716370000053)","Unfall 140367 (2021) Kat:3, Licht: 0","140367","3","2","4","11","14","7","","0","1","1","0","0"
"POINT (10.105610995000063 53.545794436000051)","Unfall 140368 (2021) Kat:3, Licht: 0","140368","3","6","3","09","08","5","","0","0","1","0","1"
"POINT (10.062783349000028 53.577852723000035)","Unfall 140369 (2021) Kat:3, Licht: 0","140369","3","3","5","08","07","6","","0","1","1","0","0"
"POINT (9.920016018000069 53.637544787000081)","Unfall 140370 (2021) Kat:3, Licht: 0","140370","3","6","3","09","12","7","","0","0","1","0","0"
"POINT (10.023811971000043 53.558346378000067)","Unfall 140371 (2021) Kat:3, Licht: 1","140371","3","2","4","08","05","2","","1","1","1","0","0"
"POINT (9.983815477000064 53.557797191000077)","Unfall 140372 (2021) Kat:3, Licht: 2","140372","3","2","4","10","19","6","","2","0","1","0","0"
"POINT (10.015517569000053 53.617094298000040)","Unfall 140373 (2021) Kat:3, Licht: 0","140373","3","2","3","09","16","6","","0","1","1","0","0"
"POINT (10.021350586000040 53.499214973000051)","Unfall 140374 (2021) Kat:3, Licht: 0","140374","3","6","2","09","16","2","","0","0","1","0","0"
"POINT (10.013490517000037 53.601217458000065)","Unfall 140375 (2021) Kat:3, Licht: 0","140375","3","1","0","08","14","3","","0","0","0","0","1"
"POINT (9.996374781000043 53.648418956000057)","Unfall 140376 (2021) Kat:3, Licht: 0","140376","3","6","0","09","12","4","","0","0","1","0","0"
"POINT (9.893711760000031 53.604939737000052)","Unfall 140377 (2021) Kat:3, Licht: 0","140377","3","1","0","10","12","3","","0","0","0","0","0"