WKT,Name,OBJECTID,UKATEGORIE,UTYP1,UART,UMONAT,USTUNDE,UWOCHENTAG,STRZUSTAND,ULICHTVERH,ISTRAD,ISTPKW,ISTFUSS,ISTKRAD
"POINT (10.146669255000063 53.595270690000063)","Unfall 140378 (2021) Kat:3, Licht: 0","140378","3","6","4","11","11","6","","0","1","1","0","0"
"POINT (9.982720653000058 53.579133959000046)","Unfall 140379 (2021) Kat:3, Licht: 0","140379","3","7","0","09","16","6","","0","1","0","0","0"
"POINT (9.955376893000050 53.645567106000044)","Unfall 140380 (2021) Kat:3, Licht: 0","140380","3","7","0","10","15","1","","0","1","1","0","0"
"POINT (10.071867607000058 53.572046662000048)","Unfall 140381 (2021) Kat:3, Licht: 2","140381","3","3","5","11","17","7","","2","0","1","0","0"
"POINT (9.878881804000059 53.529631231000053)","Unfall 140382 (2021) Kat:3, Licht: 2","140382","3","3","5","10","18","3","","2","0","1","0","0"
"POINT (10.099323088000062 53.549890858000026)","Unfall 140383 (2021) Kat:3, Licht: 0","140383","3","5","6","10","10","4","","0","0","0","1","0"
"POINT (10.116003774000035 53.604690346000041)","Unfall 140384 (2021) Kat:3, Licht: 0","140384","3","3","5","08","16","3","","0","0","1","0","0"
"POINT (10.102215773000069 53.580185420000078)","Unfall 140385 (2021) Kat:3, Licht: 1","140385","3","3","5","11","16","4","","1","1","1","0","0"
"POINT (10.040326816000061 53.604041461000065)","Unfall 140386 (2021) Kat:3, Licht: 0","140386","3","7","3","09","07","4","","0","0","0","0","0"
"POINT (10.012499142000024 53.582322175000058)","Unfall 140387 (2021) Kat:3, Licht: 0","140387","3","4","6","08","13","6","","0","1","0","1","0"
"POINT (10.027166605000048 53.606246607000060)","Unfall 140388 (2021) Kat:3, Licht: 0","140388","3","2","5","09","11","6","","0","1","0","0","0"
"POINT (10.106826311000077 53.653414842000075)","Unfall 140389 (2021) Kat:3, Licht: 0","140389","3","2","3","09","08","3","","0","1","1","0","0"
"POINT (9.955767298000069 53.551448268000058)","Unfall 140390 (2021) Kat:3, Licht: 0","140390","3","3","5","10","16","5","","0","1","1","0","0"
"POINT (9.926088272000072 53.555071811000062)","Unfall 140391 (2021) Kat:3, Licht: 0","140391","3","3","1","08","12","2","","0","1","1","0","0"
"POINT (10.059694862000072 53.594071129000042)","Unfall 140392 (2021) Kat:3, Licht: 2","140392","3","2","5","11","00","4","","2","0","1","0","0"
"POINT (10.076841807000051 53.646711552000056)","Unfall 140393 (2021) Kat:3, Licht: 2","140393","3","1","9","09","00","5","","2","0","1","0","0"
"POINT (9.949268074000031 53.558561314000031)","Unfall 140394 (2021) Kat:3, Licht: 2","140394","3","3","5","08","00","6","","2","0","1","0","0"
"POINT (10.149139524000077 53.524489703000029)","Unfall 140395 (2021) Kat:3, Licht: 0","140395","3","3","6","11","08","5","","0","0","0","1","0"
"POINT (10.002722841000036 53.556830433000073)","Unfall 140396 (2021) Kat:3, Licht: 2","140396","3","7","0","10","03","1","","2","0","0","0","0"
"POINT (10.145983009000076 53.624133804000053)","Unfall 140397 (2021) Kat:2, Licht: 0","140397","2","2","4","10","16","2","","0","1","1","0","0"
"POINT (9.954776015000050 53.461706253000045)","Unfall 140398 (2021) Kat:3, Licht: 0","140398","3","6","6","11","16","5","","0","1","0","1","0"
"POINT (9.980476313000054 53.460198715000047)","Unfall 140399 (2021) Kat:3, Licht: 2","140399","3","1","0","08","02","3","","2","0","0","0","0"
"POINT (9.992050889000041 53.442365775000042)","Unfall 140400 (2021) Kat:3, Licht: 0","140400","3","6","4","09","08","2","","0","0","1","0","0"
"POINT (9.941622651000046 53.577911406000055)","Unfall 140401 (2021) Kat:3, Licht: 0","140401","3","3","5","09","14","6","","0","1","1","0","0"
"POINT (10.045817717000034 53.548329681000041)","Unfall 140402 (2021) Kat:3, Licht: 2","140402","3","3","5","10","18","6","","2","0","1","0","0"
"POINT (9.988050850000036 53.556570531000034)","Unfall 140403 (2021) Kat:3, Licht: 0","140403","3","5","1","10","13","2","","0","1","1","0","0"
"POINT (9.942110785000068 53.555144507000080)","Unfall 140404 (2021) Kat:3, Licht: 0","140404","3","7","0","10","11","2","","0","1","0","0","0"
"POINT (9.921757736000075 53.647374990000060)","Unfall 140405 (2021) Kat:2, Licht: 0","140405","2","1","0","08","12","3","","0","1","0","0","0"
"POINT (9.989319884000054 53.572653449000029)","Unfall 140406 (2021) Kat:3, Licht: 2","140406","3","7","3","11","21","4","","2","0","1","0","0"
"POINT (10.022146389000056 53.661413602000039)","Unfall 140407 (2021) Kat:3, Licht: 2","140407","3","7","0","09","20","3","","2","1","0","0","0"
"POINT (9.994461220000062 53.559906626000043)","Unfall 140408 (2021) Kat:3, Licht: 0","140408","3","3","5","09","08","3","","0","1","1","0","0"
"POINT (10.004578876000039 53.554282077000039)","Unfall 140409 (2021) Kat:3, Licht: 0","140409","3","2","3","08","19","4","","0","1","1","0","0"
"POINT (10.015128886000070 53.548344397000051)","Unfall 140410 (2021) Kat:3, Licht: 0","140410","3","1","0","09","07","4","","0","0","1","0","0"
"POINT (10.207571820000055 53.489404480000076)","Unfall 140411 (2021) Kat:3, Licht: 2","140411","3","2","6","09","21","6","","2","0","1","1","0"
"POINT (9.985704543000054 53.436591220000082)","Unfall 140412 (2021) Kat:3, Licht: 0","140412","3","6","4","08","16","7","","0","0","1","0","0"
"POINT (10.013665613000057 53.599730619000070)","Unfall 140413 (2021) Kat:3, Licht: 0","140413","3","3","5","08","16","2","","0","1","1","0","0"
"POINT (9.967579848000071 53.586062446000028)","Unfall 140414 (2021) Kat:3, Licht: 2","140414","3","2","3","11","18","2","","2","0","1","0","0"
"POINT (9.938989011000047 53.580365698000037)","Unfall 140415 (2021) Kat:3, Licht: 0","140415","3","3","5","08","06","6","","0","1","1","0","0"
"POINT (10.022427620000030 53.625767837000069)","Unfall 140416 (2021) Kat:3, Licht: 0","140416","3","7","0","11","13","4","","0","0","1","0","0"
"POINT (10.125721024000029 53.620364915000039)","Unfall 140417 (2021) Kat:3, Licht: 2","140417","3","7","9","12","18","4","","2","0","1","0","0"
"POINT (10.101810444000023 53.582701839000038)","Unfall 140418 (2021) Kat:3, Licht: 0","140418","3","6","1","10","08","6","","0","0","1","0","0"
"POINT (10.054456590000029 53.547513133000052)","Unfall 140419 (2021) Kat:3, Licht: 0","140419","3","7","0","10","17","1","","0","0","0","0","0"
"POINT (10.110317442000053 53.656908509000061)","Unfall 140420 (2021) Kat:3, Licht: 0","140420","3","1","0","08","15","6","","0","0","0","0","1"
"POINT (10.017212810000046 53.563849648000030)","Unfall 140421 (2021) Kat:3, Licht: 0","140421","3","3","5","11","13","4","","0","0","1","0","0"
"POINT (9.948316747000035 53.587839226000028)","Unfall 140422 (2021) Kat:3, Licht: 0","140422","3","3","5","08","07","2","","0","1","0","0","1"
"POINT (10.102107573000069 53.647282922000045)","Unfall 140423 (2021) Kat:3, Licht: 0","140423","3","2","4","09","20","2","","0","0","1","0","0"
"POINT (10.091039734000049 53.514520241000071)","Unfall 140424 (2021) Kat:3, Licht: 0","140424","3","2","5","09","17","4","","0","1","1","0","0"
"POINT (9.990888464000022 53.445343787000070)","Unfall 140425 (2021) Kat:3, Licht: 0","140425","3","3","0","08","17","5","","0","0","1","0","0"
"POINT (9.862448553000036 53.461204485000053)","Unfall 140426 (2021) Kat:3, Licht: 0","140426","3","5","1","10","17","5","","0","0","1","0","0"
"POINT (10.216798907000054 53.485861390000082)","Unfall 140427 (2021) Kat:3, Licht: 0","140427","3","3","5","08","16","6","","0","0","1","0","0"
"POINT (9.996901088000072 53.547366764000060)","Unfall 140428 (2021) Kat:3, Licht: 2","140428","3","2","6","11","20","2","","2","0","1","1","0"
"POINT (10.008214984000062 53.642509240000038)","Unfall 140429 (2021) Kat:2, Licht: 0","140429","2","3","5","09","13","1","","0","0","1","0","1"
"POINT (10.017299768000044 53.554765579000048)","Unfall 140430 (2021) Kat:3, Licht: 0","140430","3","6","6","09","13","2","","0","0","0","1","0"
"POINT (9.991301726000074 53.552031988000067)","Unfall 140431 (2021) Kat:3, Licht: 0","140431","3","2","6","08","13","3","","0","0","1","1","0"
"POINT (10.079964806000021 53.608388250000075)","Unfall 140432 (2021) Kat:3, Licht: 0","140432","3","2","6","09","14","5","","0","0","1","1","0"
"POINT (9.952840374000061 53.598801103000028)","Unfall 140433 (2021) Kat:3, Licht: 2","140433","3","6","2","10","07","5","","2","0","1","0","0"
"POINT (10.165309009000055 53.595573917000081)","Unfall 140434 (2021) Kat:3, Licht: 1","140434","3","7","0","11","07","6","","1","0","0","0","0"
"POINT (10.021031791000041 53.625063687000079)","Unfall 140435 (2021) Kat:3, Licht: 0","140435","3","3","5","11","14","3","","0","1","1","0","0"
"POINT (9.852523277000046 53.592250352000065)","Unfall 140436 (2021) Kat:3, Licht: 0","140436","3","3","1","11","10","2","","0","1","1","0","0"
"POINT (10.040333651000026 53.555479635000040)","Unfall 140437 (2021) Kat:3, Licht: 2","140437","3","3","5","10","19","4","","2","1","1","0","0"
"POINT (10.009936395000068 53.584176427000045)","Unfall 140438 (2021) Kat:3, Licht: 0","140438","3","7","6","08","18","6","","0","0","0","1","0"
"POINT (9.978533221000021 53.571495220000031)","Unfall 140439 (2021) Kat:3, Licht: 0","140439","3","4","6","10","17","6","","0","0","0","1","0"
"POINT (10.005451245000074 53.552817366000056)","Unfall 140440 (2021) Kat:3, Licht: 0","140440","3","3","6","08","14","4","","0","1","0","1","0"
"POINT (9.920111150000025 53.633597401000031)","Unfall 140441 (2021) Kat:3, Licht: 2","140441","3","2","5","11","18","7","","2","1","0","0","0"
"POINT (10.081217003000063 53.619819597000060)","Unfall 140442 (2021) Kat:3, Licht: 0","140442","3","7","5","09","12","5","","0","1","1","0","0"
"POINT (10.019581280000068 53.654935798000054)","Unfall 140443 (2021) Kat:2, Licht: 0","140443","2","3","5","08","13","7","","0","0","1","0","1"
"POINT (9.990844611000057 53.479660407000040)","Unfall 140444 (2021) Kat:3, Licht: 0","140444","3","7","0","09","12","5","","0","1","0","0","0"
"POINT (9.936453109000070 53.582174614000053)","Unfall 140445 (2021) Kat:3, Licht: 0","140445","3","3","5","08","15","2","","0","1","0","0","0"
"POINT (9.912560669000072 53.558862422000061)","Unfall 140446 (2021) Kat:3, Licht: 0","140446","3","7","0","10","11","4","","0","1","0","0","0"
"POINT (10.035066583000059 53.572465618000081)","Unfall 140447 (2021) Kat:3, Licht: 2","140447","3","3","5","11","17","4","","2","1","1","0","0"
"POINT (10.090426654000055 53.503678189000027)","Unfall 140448 (2021) Kat:3, Licht: 0","140448","3","6","2","08","08","2","","0","0","1","0","0"
"POINT (9.907033530000035 53.606610932000081)","Unfall 140449 (2021) Kat:3, Licht: 1","140449","3","3","0","09","20","3","","1","1","0","0","0"
"POINT (10.049132806000046 53.463524134000068)","Unfall 140450 (2021) Kat:3, Licht: 1","140450","3","6","2","08","20","3","","1","1","0","0","0"
"POINT (10.128439078000042 53.444151495000028)","Unfall 140451 (2021) Kat:3, Licht: 2","140451","3","1","9","10","03","7","","2","0","1","0","0"
"POINT (10.163429356000051 53.649385105000079)","Unfall 140452 (2021) Kat:3, Licht: 0","140452","3","7","0","08","08","2","","0","1","0","0","0"
"POINT (10.127609583000037 53.602846165000074)","Unfall 140453 (2021) Kat:3, Licht: 2","140453","3","4","6","11","18","7","","2","1","0","1","0"
"POINT (9.972919690000026 53.587343834000080)","Unfall 140454 (2021) Kat:3, Licht: 0","140454","3","3","5","09","17","2","","0","1","1","0","0"
"POINT (10.057286363000060 53.564455718000033)","Unfall 140455 (2021) Kat:2, Licht: 1","140455","2","2","5","09","19","2","","1","0","1","0","1"
"POINT (9.947755996000069 53.624938554000039)","Unfall 140456 (2021) Kat:3, Licht: 1","140456","3","7","5","08","18","3","","1","0","1","0","1"
"POINT (9.986564547000057 53.456931330000032)","Unfall 140457 (2021) Kat:2, Licht: 0","140457","2","4","6","09","16","5","","0","0","0","1","0"
"POINT (9.779938288000039 53.566963957000041)","Unfall 140458 (2021) Kat:3, Licht: 0","140458","3","7","0","10","17","5","","0","1","0","0","0"
"POINT (10.031642891000047 53.619500354000081)","Unfall 140459 (2021) Kat:3, Licht: 2","140459","3","3","5","11","07","2","","2","1","1","0","0"
"POINT (9.881172548000052 53.600934843000061)","Unfall 140460 (2021) Kat:3, Licht: 0","140460","3","7","0","11","07","3","","0","1","0","0","0"
"POINT (10.012461276000067 53.493940146000057)","Unfall 140461 (2021) Kat:3, Licht: 0","140461","3","5","1","11","08","2","","0","1","0","0","0"
"POINT (10.069473499000026 53.553008245000058)","Unfall 140462 (2021) Kat:2, Licht: 0","140462","2","6","2","10","16","4","","0","0","1","0","0"
"POINT (10.148788163000063 53.620831203000080)","Unfall 140463 (2021) Kat:3, Licht: 0","140463","3","7","0","08","17","6","","0","1","0","0","0"
"POINT (10.100766095000040 53.540448734000051)","Unfall 140464 (2021) Kat:2, Licht: 2","140464","2","2","6","10","04","6","","2","0","1","1","0"
"POINT (9.903491574000043 53.568753498000035)","Unfall 140465 (2021) Kat:3, Licht: 0","140465","3","7","0","08","15","5","","0","0","1","0","0"
"POINT (10.015266533000045 53.612298583000040)","Unfall 140466 (2021) Kat:3, Licht: 0","140466","3","1","0","11","11","7","","0","1","0","0","0"
"POINT (10.083330319000027 53.635061637000035)","Unfall 140467 (2021) Kat:3, Licht: 0","140467","3","3","5","09","08","5","","0","0","1","0","0"
"POINT (10.033585152000057 53.574101499000051)","Unfall 140468 (2021) Kat:3, Licht: 0","140468","3","6","2","08","13","1","","0","0","1","0","0"
"POINT (10.121310329000039 53.565718632000028)","Unfall 140469 (2021) Kat:3, Licht: 0","140469","3","3","5","09","07","2","","0","1","1","0","0"
"POINT (9.906969527000058 53.513536042000055)","Unfall 140470 (2021) Kat:3, Licht: 0","140470","3","6","3","08","13","2","","0","0","1","0","0"
"POINT (10.011255908000066 53.557409438000036)","Unfall 140471 (2021) Kat:3, Licht: 0","140471","3","4","6","10","17","4","","0","1","0","1","0"
"POINT (9.998519456000054 53.619620278000070)","Unfall 140472 (2021) Kat:3, Licht: 2","140472","3","7","4","09","05","6","","2","0","1","0","1"
"POINT (10.022080000000074 53.661520212000028)","Unfall 140473 (2021) Kat:3, Licht: 0","140473","3","6","2","09","06","6","","0","0","1","0","0"
"POINT (10.015607540000076 53.562725688000057)","Unfall 140474 (2021) Kat:3, Licht: 0","140474","3","3","5","08","18","2","","0","0","1","0","0"
"POINT (10.043125545000066 53.607644283000070)","Unfall 140475 (2021) Kat:3, Licht: 0","140475","3","2","4","09","11","4","","0","0","1","0","0"
"POINT (9.915186155000072 53.582536156000060)","Unfall 140476 (2021) Kat:3, Licht: 0","140476","3","3","5","10","14","4","","0","1","1","0","0"
"POINT (9.993708006000077 53.557749770000044)","Unfall 140477 (2021) Kat:3, Licht: 2","140477","3","2","5","11","23","7","","2","0","1","0","0"
"POINT (9.981314228000031 53.591254547000062)","Unfall 140478 (2021) Kat:3, Licht: 0","140478","3","3","5","08","14","4","","0","0","1","0","0"
"POINT (9.987993831000040 53.558145478000029)","Unfall 140479 (2021) Kat:3, Licht: 0","140479","3","6","3","09","13","5","","0","0","1","0","1"
"POINT (9.953746965000050 53.545596688000046)","Unfall 140480 (2021) Kat:3, Licht: 0","140480","3","2","5","11","14","2","","0","1","1","0","0"
"POINT (10.216407400000037 53.485846038000034)","Unfall 140481 (2021) Kat:2, Licht: 2","140481","2","3","5","11","19","7","","2","1","1","0","0"
"POINT (9.985092133000023 53.563837659000058)","Unfall 140482 (2021) Kat:3, Licht: 0","140482","3","7","0","10","16","4","","0","0","0","0","0"
"POINT (10.084464172000025 53.550714746000040)","Unfall 140483 (2021) Kat:3, Licht: 2","140483","3","2","0","10","04","4","","2","1","1","0","0"
"POINT (10.004091222000056 53.554134989000033)","Unfall 140484 (2021) Kat:2, Licht: 0","140484","2","2","3","08","16","5","","0","1","1","0","0"
"POINT (10.029570063000051 53.606698233000031)","Unfall 140485 (2021) Kat:3, Licht: 2","140485","3","2","5","11","17","5","","2","0","1","0","1"
"POINT (10.021839938000028 53.630280108000079)","Unfall 140486 (2021) Kat:3, Licht: 1","140486","3","5","1","09","16","4","","1","1","1","0","0"
"POINT (10.025207655000031 53.566888182000071)","Unfall 140487 (2021) Kat:2, Licht: 0","140487","2","3","5","08","15","6","","0","1","1","0","0"
"POINT (10.122680663000040 53.494242241000052)","Unfall 140488 (2021) Kat:2, Licht: 0","140488","2","3","5","09","13","6","","0","1","0","0","0"
"POINT (9.911568761000069 53.607547330000045)","Unfall 140489 (2021) Kat:3, Licht: 0","140489","3","3","5","09","15","3","","0","1","1","0","0"
"POINT (10.075084493000077 53.652636522000080)","Unfall 140490 (2021) Kat:3, Licht: 0","140490","3","2","4","10","08","2","","0","0","1","0","0"
"POINT (9.878759066000043 53.546706446000030)","Unfall 140491 (2021) Kat:3, Licht: 0","140491","3","7","0","08","18","2","","0","1","0","0","0"
"POINT (10.008794440000031 53.648198031000049)","Unfall 140492 (2021) Kat:3, Licht: 0","140492","3","3","5","08","08","2","","0","1","1","0","0"
"POINT (10.033080554000037 53.616119175000051)","Unfall 140493 (2021) Kat:3, Licht: 2","140493","3","1","1","11","05","5","","2","0","1","0","0"
"POINT (9.988189948000070 53.595064273000048)","Unfall 140494 (2021) Kat:3, Licht: 0","140494","3","7","6","09","08","6","","0","0","1","1","0"
"POINT (9.840815811000027 53.471460919000037)","Unfall 140495 (2021) Kat:3, Licht: 0","140495","3","6","4","08","13","6","","0","1","1","0","0"
"POINT (10.080708931000061 53.619320330000050)","Unfall 140496 (2021) Kat:3, Licht: 0","140496","3","6","6","11","12","5","","0","1","0","1","0"
"POINT (9.898868866000043 53.477258717000041)","Unfall 140497 (2021) Kat:3, Licht: 2","140497","3","2","6","10","05","2","","2","0","1","1","0"
"POINT (10.182698304000041 53.498305463000065)","Unfall 140498 (2021) Kat:3, Licht: 1","140498","3","3","5","10","18","3","","1","1","1","0","0"
"POINT (10.095302095000022 53.656141361000039)","Unfall 140499 (2021) Kat:3, Licht: 0","140499","3","3","5","11","11","5","","0","1","1","0","0"
"POINT (9.978172958000073 53.597553141000049)","Unfall 140500 (2021) Kat:3, Licht: 0","140500","3","3","5","08","13","3","","0","1","1","0","0"
"POINT (9.986900790000050 53.500934640000082)","Unfall 140501 (2021) Kat:3, Licht: 0","140501","3","6","2","09","16","3","","0","0","1","0","0"
"POINT (10.007858844000054 53.440408814000079)","Unfall 140502 (2021) Kat:2, Licht: 2","140502","2","7","0","09","05","5","","2","0","0","0","1"
"POINT (9.993526110000062 53.585671689000037)","Unfall 140503 (2021) Kat:3, Licht: 0","140503","3","3","5","10","10","7","","0","0","1","0","0"
"POINT (9.957920037000065 53.551662568000040)","Unfall 140504 (2021) Kat:3, Licht: 2","140504","3","3","5","10","20","3","","2","0","1","0","0"
"POINT (9.906493549000061 53.598508138000057)","Unfall 140505 (2021) Kat:3, Licht: 2","140505","3","7","0","10","23","2","","2","1","0","0","0"
"POINT (9.957755095000039 53.569982605000064)","Unfall 140506 (2021) Kat:3, Licht: 2","140506","3","2","5","08","20","3","","2","0","1","0","0"
"POINT (10.143374388000041 53.632036690000064)","Unfall 140507 (2021) Kat:2, Licht: 2","140507","2","1","8","11","01","2","","2","0","1","0","0"
"POINT (10.083383531000038 53.617644606000056)","Unfall 140508 (2021) Kat:3, Licht: 2","140508","3","6","2","09","19","3","","2","0","1","0","1"
"POINT (9.951729425000053 53.576409444000035)","Unfall 140509 (2021) Kat:3, Licht: 0","140509","3","6","2","09","09","4","","0","0","1","0","0"
"POINT (10.038999519000072 53.541069514000071)","Unfall 140510 (2021) Kat:2, Licht: 0","140510","2","3","5","08","16","4","","0","1","1","0","0"
"POINT (9.894456194000043 53.603935139000043)","Unfall 140511 (2021) Kat:3, Licht: 0","140511","3","3","5","09","12","4","","0","0","1","0","0"
"POINT (10.035963709000043 53.638730841000040)","Unfall 140512 (2021) Kat:3, Licht: 0","140512","3","5","1","09","15","2","","0","1","1","0","0"
"POINT (9.906790763000060 53.629557240000054)","Unfall 140513 (2021) Kat:3, Licht: 1","140513","3","6","4","11","08","2","","1","1","1","0","0"
"POINT (9.919781317000059 53.637419772000044)","Unfall 140514 (2021) Kat:3, Licht: 0","140514","3","1","0","08","18","6","","0","0","0","0","1"
"POINT (9.952181152000037 53.598649670000043)","Unfall 140515 (2021) Kat:3, Licht: 2","140515","3","6","2","11","19","5","","2","0","1","0","0"
"POINT (10.176933845000065 53.655960903000050)","Unfall 140516 (2021) Kat:3, Licht: 0","140516","3","7","0","12","09","5","","0","1","0","0","0"
"POINT (9.897889032000023 53.605274135000059)","Unfall 140517 (2021) Kat:3, Licht: 0","140517","3","6","2","10","11","6","","0","0","1","0","0"
"POINT (10.007614460000070 53.668048921000036)","Unfall 140518 (2021) Kat:3, Licht: 0","140518","3","3","5","10","10","1","","0","1","1","0","0"
"POINT (10.071531575000051 53.607105508000075)","Unfall 140519 (2021) Kat:3, Licht: 0","140519","3","6","2","08","10","5","","0","0","1","0","0"
"POINT (9.810690086000022 53.579331418000038)","Unfall 140520 (2021) Kat:2, Licht: 1","140520","2","7","1","11","16","7","","1","0","1","0","0"
"POINT (10.115936714000043 53.485232527000051)","Unfall 140521 (2021) Kat:3, Licht: 0","140521","3","2","4","08","12","1","","0","0","1","0","0"
"POINT (10.145979440000076 53.591670097000076)","Unfall 140522 (2021) Kat:3, Licht: 0","140522","3","2","2","09","16","7","","0","0","1","0","1"
"POINT (9.988558638000029 53.557558485000072)","Unfall 140523 (2021) Kat:3, Licht: 0","140523","3","7","0","09","08","4","","0","1","0","0","0"
"POINT (10.006473467000035 53.547953485000050)","Unfall 140524 (2021) Kat:3, Licht: 0","140524","3","3","5","08","15","6","","0","1","1","0","0"
"POINT (10.071128226000042 53.572257210000032)","Unfall 140525 (2021) Kat:3, Licht: 0","140525","3","6","4","10","11","7","","0","1","0","0","0"
"POINT (10.126200814000072 53.583063932000073)","Unfall 140526 (2021) Kat:3, Licht: 2","140526","3","6","3","11","19","7","","2","0","1","0","0"
"POINT (10.073404261000064 53.638031424000076)","Unfall 140527 (2021) Kat:3, Licht: 0","140527","3","7","0","09","13","6","","0","1","0","0","0"
"POINT (9.921574379000049 53.544314291000035)","Unfall 140528 (2021) Kat:3, Licht: 0","140528","3","6","0","09","16","1","","0","1","1","0","0"
"POINT (9.918325793000065 53.553820037000037)","Unfall 140529 (2021) Kat:3, Licht: 0","140529","3","3","5","08","15","3","","0","0","1","0","0"
"POINT (10.148422354000047 53.556054014000040)","Unfall 140530 (2021) Kat:3, Licht: 2","140530","3","6","4","09","21","3","","2","0","1","0","0"
"POINT (10.094178584000076 53.606677505000050)","Unfall 140531 (2021) Kat:3, Licht: 0","140531","3","1","8","10","09","4","","0","0","0","0","0"
"POINT (9.897887337000043 53.620573696000065)","Unfall 140532 (2021) Kat:2, Licht: 2","140532","2","7","0","11","22","1","","2","1","0","0","0"
"POINT (9.974280257000032 53.556640027000071)","Unfall 140533 (2021) Kat:2, Licht: 0","140533","2","5","1","11","17","3","","0","0","1","0","0"
"POINT (9.936453109000070 53.582174614000053)","Unfall 140534 (2021) Kat:3, Licht: 0","140534","3","4","6","11","13","2","","0","1","0","1","0"
"POINT (9.956337230000031 53.464005489000044)","Unfall 140535 (2021) Kat:3, Licht: 1","140535","3","2","4","10","07","4","","1","0","1","0","0"
"POINT (10.012465158000055 53.560539202000029)","Unfall 140536 (2021) Kat:3, Licht: 0","140536","3","6","2","10","16","7","","0","0","1","0","0"
"POINT (10.156241863000048 53.609852204000049)","Unfall 140537 (2021) Kat:3, Licht: 0","140537","3","3","5","08","08","4","","0","1","0","0","0"
"POINT (10.011515729000052 53.610260940000046)","Unfall 140538 (2021) Kat:3, Licht: 2","140538","3","2","5","11","18","4","","2","0","1","0","0"
"POINT (10.095493593000072 53.656230070000049)","Unfall 140539 (2021) Kat:2, Licht: 0","140539","2","3","5","09","14","5","","0","0","1","0","1"
"POINT (10.132883274000051 53.565159341000026)","Unfall 140540 (2021) Kat:3, Licht: 0","140540","3","4","6","08","13","6","","0","0","1","1","0"
"POINT (9.950182040000072 53.629078200000038)","Unfall 140541 (2021) Kat:3, Licht: 2","140541","3","1","0","09","00","6","","2","1","0","0","0"
"POINT (9.989139538000074 53.555202901000030)","Unfall 140542 (2021) Kat:2, Licht: 0","140542","2","2","5","08","09","2","","0","1","0","0","0"
"POINT (9.990615030000072 53.519175164000046)","Unfall 140543 (2021) Kat:3, Licht: 1","140543","3","7","0","10","19","5","","1","1","0","0","0"
"POINT (10.079128360000027 53.554804761000071)","Unfall 140544 (2021) Kat:3, Licht: 0","140544","3","3","5","09","11","6","","0","1","1","0","0"
"POINT (9.971280591000038 53.567918881000082)","Unfall 140545 (2021) Kat:3, Licht: 2","140545","3","7","0","08","21","2","","2","1","0","0","0"
"POINT (9.987086861000023 53.596391934000053)","Unfall 140546 (2021) Kat:3, Licht: 0","140546","3","1","0","10","11","4","","0","0","0","0","1"
"POINT (10.060340399000040 53.568053260000056)","Unfall 140547 (2021) Kat:3, Licht: 0","140547","3","5","1","11","12","6","","0","0","1","0","0"
"POINT (9.926253898000027 53.524082901000043)","Unfall 140548 (2021) Kat:2, Licht: 0","140548","2","1","3","08","18","5","","0","0","0","0","0"
"POINT (10.089046220000057 53.639476999000067)","Unfall 140549 (2021) Kat:3, Licht: 1","140549","3","6","2","09","18","5","","1","0","1","0","0"
"POINT (10.128354568000077 53.601161926000032)","Unfall 140550 (2021) Kat:3, Licht: 0","140550","3","3","5","10","10","1","","0","1","1","0","0"
"POINT (10.025513210000042 53.668962703000034)","Unfall 140551 (2021) Kat:3, Licht: 2","140551","3","3","5","11","16","1","","2","0","1","0","0"
"POINT (9.999946413000032 53.520000076000031)","Unfall 140552 (2021) Kat:3, Licht: 0","140552","3","2","3","10","12","3","","0","0","1","0","0"
"POINT (9.999524616000031 53.548558760000049)","Unfall 140553 (2021) Kat:3, Licht: 0","140553","3","7","2","10","08","4","","0","0","1","0","1"
"POINT (9.925268497000047 53.560996704000047)","Unfall 140554 (2021) Kat:3, Licht: 2","140554","3","3","5","11","17","4","","2","1","1","0","0"
"POINT (9.908799038000041 53.605753346000029)","Unfall 140555 (2021) Kat:3, Licht: 0","140555","3","5","1","09","11","5","","0","0","0","0","0"
"POINT (9.955405968000036 53.551701283000057)","Unfall 140556 (2021) Kat:3, Licht: 0","140556","3","2","3","08","18","5","","0","1","1","0","0"
"POINT (10.005567918000054 53.655569455000034)","Unfall 140557 (2021) Kat:3, Licht: 0","140557","3","5","1","09","12","4","","0","0","1","0","0"
"POINT (9.864874634000046 53.597151409000048)","Unfall 140558 (2021) Kat:3, Licht: 0","140558","3","6","2","09","10","4","","0","0","1","0","0"
"POINT (10.065973851000024 53.572261846000060)","Unfall 140559 (2021) Kat:3, Licht: 0","140559","3","7","6","08","17","6","","0","0","0","1","0"
"POINT (10.023358503000054 53.537868296000056)","Unfall 140560 (2021) Kat:3, Licht: 0","140560","3","3","5","11","15","4","","0","0","1","0","0"
"POINT (10.099712956000076 53.587252374000059)","Unfall 140561 (2021) Kat:3, Licht: 0","140561","3","7","4","08","11","6","","0","0","1","0","1"
"POINT (10.081847863000064 53.641050677000067)","Unfall 140562 (2021) Kat:3, Licht: 0","140562","3","7","0","11","12","6","","0","1","0","0","0"
"POINT (9.974211670000045 53.610919315000046)","Unfall 140563 (2021) Kat:2, Licht: 2","140563","2","4","6","12","16","6","","2","0","1","1","0"