WKT,Name,OBJECTID,UKATEGORIE,UTYP1,UART,UMONAT,USTUNDE,UWOCHENTAG,STRZUSTAND,ULICHTVERH,ISTRAD,ISTPKW,ISTFUSS,ISTKRAD
"POINT (9.974156395000023 53.569181717000049)","Unfall 140564 (2021) Kat:3, Licht: 1","140564","3","2","5","10","18","2","","1","1","1","0","0"
"POINT (9.922008222000045 53.563963792000038)","Unfall 140565 (2021) Kat:2, Licht: 2","140565","2","3","5","10","19","3","","2","0","1","0","0"
"POINT (9.970429810000041 53.569426936000070)","Unfall 140566 (2021) Kat:3, Licht: 0","140566","3","5","1","11","14","3","","0","1","1","0","0"
"POINT (9.919968348000054 53.561308586000052)","Unfall 140567 (2021) Kat:3, Licht: 2","140567","3","7","0","09","20","4","","2","1","0","0","0"
"POINT (9.917649299000061 53.548424181000030)","Unfall 140568 (2021) Kat:3, Licht: 0","140568","3","2","4","09","15","6","","0","0","1","0","0"
"POINT (9.841184934000069 53.571784993000051)","Unfall 140569 (2021) Kat:3, Licht: 0","140569","3","3","5","12","12","2","","0","0","1","0","0"
"POINT (9.883602662000044 53.557416749000026)","Unfall 140574 (2021) Kat:3, Licht: 0","140574","3","3","5","12","13","2","","0","1","1","0","0"
"POINT (10.051518476000069 53.609312816000056)","Unfall 140575 (2021) Kat:2, Licht: 2","140575","2","5","1","12","04","1","","2","0","1","0","0"
"POINT (10.044020743000033 53.591469097000072)","Unfall 140576 (2021) Kat:3, Licht: 2","140576","3","3","5","12","20","6","","2","0","1","0","0"
"POINT (10.015703304000056 53.617196779000039)","Unfall 140582 (2021) Kat:3, Licht: 1","140582","3","2","3","12","07","6","","1","1","1","0","0"
"POINT (10.053199648000032 53.556416192000029)","Unfall 140585 (2021) Kat:3, Licht: 1","140585","3","6","2","12","07","5","","1","0","1","0","0"
"POINT (9.984499998000047 53.502232013000082)","Unfall 140586 (2021) Kat:3, Licht: 2","140586","3","7","0","12","00","5","","2","1","0","0","0"
"POINT (9.958205930000076 53.599160039000026)","Unfall 140593 (2021) Kat:3, Licht: 1","140593","3","6","2","12","16","5","","1","0","1","0","0"
"POINT (9.939563377000070 53.559606700000074)","Unfall 140595 (2021) Kat:3, Licht: 0","140595","3","6","3","12","10","3","","0","1","1","0","0"
"POINT (10.047957707000023 53.570716704000063)","Unfall 140599 (2021) Kat:2, Licht: 2","140599","2","4","6","12","17","2","","2","0","1","1","0"
"POINT (9.911340204000055 53.559367126000041)","Unfall 140600 (2021) Kat:3, Licht: 0","140600","3","7","0","12","13","3","","0","1","0","0","0"
"POINT (10.044463169000039 53.574962432000063)","Unfall 140604 (2021) Kat:3, Licht: 0","140604","3","3","5","12","12","2","","0","1","1","0","0"
"POINT (10.131587628000034 53.622284370000045)","Unfall 140608 (2021) Kat:3, Licht: 0","140608","3","5","6","12","12","7","","0","0","1","1","0"
"POINT (9.818877639000050 53.571173687000055)","Unfall 140609 (2021) Kat:3, Licht: 2","140609","3","7","1","12","17","7","","2","0","1","0","0"
"POINT (10.003273879000062 53.501907947000063)","Unfall 140610 (2021) Kat:3, Licht: 2","140610","3","1","0","12","07","2","","2","0","0","0","0"
"POINT (10.042510813000035 53.555501243000037)","Unfall 140616 (2021) Kat:3, Licht: 2","140616","3","2","4","12","07","4","","2","0","1","0","0"
"POINT (10.055594568000060 53.579906691000076)","Unfall 140618 (2021) Kat:3, Licht: 2","140618","3","3","5","12","06","5","","2","1","1","0","0"
"POINT (10.140517842000065 53.542582967000044)","Unfall 140619 (2021) Kat:3, Licht: 0","140619","3","3","6","12","14","4","","0","0","1","1","0"
"POINT (9.997777439000060 53.588190990000044)","Unfall 140625 (2021) Kat:3, Licht: 0","140625","3","3","5","12","14","4","","0","1","1","0","0"
"POINT (9.982964942000024 53.430769278000071)","Unfall 140626 (2021) Kat:3, Licht: 0","140626","3","3","5","12","11","2","","0","0","1","0","0"
"POINT (9.937237342000060 53.577394698000035)","Unfall 140628 (2021) Kat:3, Licht: 0","140628","3","2","5","12","14","4","","0","1","1","0","0"
"POINT (10.086651944000039 53.568902891000050)","Unfall 140630 (2021) Kat:3, Licht: 0","140630","3","2","3","12","09","4","","0","0","0","0","0"
"POINT (10.057223511000075 53.580053543000076)","Unfall 140631 (2021) Kat:3, Licht: 2","140631","3","2","4","12","17","5","","2","0","1","0","0"
"POINT (10.032840697000040 53.587145021000026)","Unfall 140637 (2021) Kat:2, Licht: 2","140637","2","4","6","12","07","4","","2","0","1","1","0"
"POINT (9.965391574000023 53.578871174000028)","Unfall 140639 (2021) Kat:3, Licht: 1","140639","3","3","6","12","18","4","","1","1","0","1","0"
"POINT (10.069349516000045 53.580047286000081)","Unfall 140643 (2021) Kat:3, Licht: 0","140643","3","6","2","12","11","2","","0","0","1","0","0"
"POINT (9.935146818000021 53.555654252000068)","Unfall 140644 (2021) Kat:3, Licht: 0","140644","3","6","3","12","13","2","","0","1","1","0","0"
"POINT (9.921951273000047 53.555969310000080)","Unfall 140648 (2021) Kat:3, Licht: 2","140648","3","1","0","12","02","1","","2","0","0","0","0"
"POINT (10.007473943000036 53.580919315000074)","Unfall 140653 (2021) Kat:3, Licht: 2","140653","3","2","4","12","19","1","","2","0","1","0","1"
"POINT (10.085022745000060 53.656690601000037)","Unfall 140654 (2021) Kat:2, Licht: 2","140654","2","3","5","12","16","7","","2","0","1","0","0"
"POINT (10.024219294000034 53.550089250000042)","Unfall 140655 (2021) Kat:3, Licht: 0","140655","3","7","0","12","09","2","","0","0","0","0","1"
"POINT (10.024756374000049 53.651303984000037)","Unfall 140660 (2021) Kat:3, Licht: 0","140660","3","7","0","12","14","4","","0","0","0","0","1"
"POINT (9.982266329000026 53.464016072000049)","Unfall 140662 (2021) Kat:3, Licht: 0","140662","3","2","2","12","12","4","","0","0","1","0","0"
"POINT (10.026258007000024 53.579400017000069)","Unfall 140664 (2021) Kat:2, Licht: 2","140664","2","7","0","12","07","3","","2","1","0","0","0"
"POINT (10.041135391000068 53.592281103000062)","Unfall 140669 (2021) Kat:2, Licht: 2","140669","2","7","0","12","22","4","","2","0","0","0","1"
"POINT (10.011641842000074 53.494028117000028)","Unfall 140670 (2021) Kat:3, Licht: 2","140670","3","4","6","12","17","2","","2","1","0","1","0"
"POINT (10.002567206000037 53.587005895000061)","Unfall 140673 (2021) Kat:3, Licht: 1","140673","3","3","5","12","08","2","","1","1","1","0","0"
"POINT (9.885576845000060 53.517863462000037)","Unfall 140677 (2021) Kat:3, Licht: 2","140677","3","6","2","12","07","6","","2","0","1","0","0"
"POINT (10.008938347000026 53.681263921000038)","Unfall 140678 (2021) Kat:3, Licht: 0","140678","3","5","1","12","13","6","","0","1","0","0","0"
"POINT (9.965303754000047 53.566539698000042)","Unfall 140679 (2021) Kat:3, Licht: 0","140679","3","7","1","12","13","5","","0","1","1","0","0"
"POINT (10.024076109000021 53.528005810000082)","Unfall 140683 (2021) Kat:3, Licht: 0","140683","3","3","5","12","08","5","","0","0","1","0","0"
"POINT (10.111144680000052 53.623261265000053)","Unfall 140685 (2021) Kat:3, Licht: 2","140685","3","3","5","12","05","6","","2","1","1","0","0"
"POINT (9.959522965000076 53.574614792000034)","Unfall 140692 (2021) Kat:2, Licht: 2","140692","2","3","3","12","05","7","","2","0","0","0","0"
"POINT (9.984513822000054 53.583466083000076)","Unfall 140693 (2021) Kat:3, Licht: 1","140693","3","7","0","12","20","1","","1","0","1","0","0"
"POINT (10.162835856000072 53.646636090000072)","Unfall 140697 (2021) Kat:3, Licht: 0","140697","3","7","3","12","12","2","","0","0","1","0","0"
"POINT (10.184417969000037 53.489805792000027)","Unfall 140699 (2021) Kat:2, Licht: 2","140699","2","3","5","12","07","6","","2","1","1","0","0"
"POINT (9.906226886000070 53.607108466000057)","Unfall 140702 (2021) Kat:3, Licht: 1","140702","3","2","5","12","08","6","","1","0","1","0","0"
"POINT (10.092095334000021 53.587590363000061)","Unfall 140703 (2021) Kat:3, Licht: 2","140703","3","6","2","12","16","4","","2","0","1","0","0"
"POINT (10.021017001000075 53.553070553000055)","Unfall 140704 (2021) Kat:3, Licht: 0","140704","3","4","6","12","11","5","","0","0","1","1","0"
"POINT (10.004081407000058 53.507572891000052)","Unfall 140709 (2021) Kat:3, Licht: 0","140709","3","3","5","12","15","2","","0","0","1","0","0"
"POINT (10.061052784000026 53.580925817000036)","Unfall 140711 (2021) Kat:3, Licht: 2","140711","3","3","5","12","07","4","","2","1","0","0","0"
"POINT (9.863327490000074 53.476822405000064)","Unfall 140713 (2021) Kat:2, Licht: 0","140713","2","3","5","12","14","3","","0","1","0","0","0"
"POINT (10.033859649000021 53.649376989000075)","Unfall 140717 (2021) Kat:2, Licht: 0","140717","2","3","5","12","10","2","","0","1","1","0","0"
"POINT (9.759301615000027 53.585044152000080)","Unfall 140718 (2021) Kat:2, Licht: 0","140718","2","7","0","12","07","2","","0","1","0","0","0"
"POINT (10.006683207000037 53.611326009000038)","Unfall 140722 (2021) Kat:3, Licht: 0","140722","3","6","4","12","08","2","","0","0","1","0","0"
"POINT (10.132811560000050 53.624296796000067)","Unfall 140727 (2021) Kat:3, Licht: 0","140727","3","3","5","12","12","6","","0","0","1","0","0"
"POINT (9.859764349000045 53.570059382000068)","Unfall 140728 (2021) Kat:3, Licht: 0","140728","3","2","6","12","15","6","","0","0","1","1","0"
"POINT (10.082623402000024 53.579949709000061)","Unfall 140729 (2021) Kat:3, Licht: 2","140729","3","5","1","12","17","6","","2","0","1","0","0"
"POINT (9.949340860000063 53.558606893000047)","Unfall 140734 (2021) Kat:3, Licht: 2","140734","3","2","4","12","05","7","","2","1","1","0","0"
"POINT (10.099252897000042 53.538633740000080)","Unfall 140736 (2021) Kat:3, Licht: 1","140736","3","6","2","12","08","6","","1","0","1","0","0"
"POINT (9.866175736000059 53.586445842000046)","Unfall 140739 (2021) Kat:3, Licht: 2","140739","3","5","1","12","17","5","","2","1","0","0","0"
"POINT (10.002202792000048 53.590922073000058)","Unfall 140740 (2021) Kat:3, Licht: 0","140740","3","3","6","12","10","6","","0","0","1","1","0"
"POINT (10.043417906000059 53.548307630000068)","Unfall 140747 (2021) Kat:3, Licht: 0","140747","3","6","3","12","11","4","","0","0","1","0","0"
"POINT (9.981872804000034 53.584725468000045)","Unfall 140749 (2021) Kat:3, Licht: 0","140749","3","6","3","12","09","3","","0","0","0","0","1"
"POINT (9.967457729000046 53.568755035000038)","Unfall 140752 (2021) Kat:3, Licht: 0","140752","3","6","2","12","11","6","","0","0","0","0","0"
"POINT (10.202131576000056 53.485520772000029)","Unfall 140753 (2021) Kat:3, Licht: 2","140753","3","2","6","12","17","5","","2","0","1","1","0"
"POINT (10.005586228000027 53.580415007000056)","Unfall 140760 (2021) Kat:3, Licht: 0","140760","3","3","5","12","08","5","","0","1","1","0","0"
"POINT (9.956623988000047 53.545860413000071)","Unfall 140763 (2021) Kat:2, Licht: 1","140763","2","6","3","12","16","4","","1","0","1","0","1"
"POINT (9.890104298000040 53.601880349000055)","Unfall 140767 (2021) Kat:3, Licht: 0","140767","3","6","2","12","09","3","","0","0","1","0","0"
"POINT (9.967627059000051 53.440228351000030)","Unfall 140768 (2021) Kat:3, Licht: 0","140768","3","7","0","12","09","2","","0","1","0","0","0"
"POINT (10.008724332000043 53.552480753000054)","Unfall 140772 (2021) Kat:3, Licht: 2","140772","3","4","6","12","03","1","","2","0","1","1","0"
"POINT (10.033954556000026 53.607746553000027)","Unfall 140777 (2021) Kat:3, Licht: 2","140777","3","2","4","12","07","6","","2","0","1","0","0"
"POINT (10.015827398000056 53.571753288000082)","Unfall 140778 (2021) Kat:3, Licht: 2","140778","3","2","6","12","17","1","","2","0","0","1","0"
"POINT (10.207619786000066 53.491620386000079)","Unfall 140779 (2021) Kat:3, Licht: 2","140779","3","6","2","12","18","5","","2","0","1","0","0"
"POINT (10.102219766000076 53.580175785000051)","Unfall 140785 (2021) Kat:3, Licht: 2","140785","3","2","5","12","19","6","","2","0","1","0","0"
"POINT (9.874907352000037 53.587877867000032)","Unfall 140788 (2021) Kat:3, Licht: 1","140788","3","2","3","12","19","5","","1","0","1","0","0"
"POINT (10.079876618000071 53.561779930000057)","Unfall 140789 (2021) Kat:3, Licht: 1","140789","3","3","5","12","16","4","","1","0","1","0","0"
"POINT (9.874808400000063 53.477317503000052)","Unfall 140795 (2021) Kat:3, Licht: 1","140795","3","2","6","12","07","3","","1","0","1","1","0"
"POINT (10.040728761000025 53.601537055000051)","Unfall 140797 (2021) Kat:3, Licht: 0","140797","3","3","5","12","13","4","","0","1","0","0","1"
"POINT (10.021939909000025 53.679148905000034)","Unfall 140802 (2021) Kat:3, Licht: 0","140802","3","3","5","12","12","2","","0","1","1","0","0"
"POINT (9.952868524000053 53.566332101000057)","Unfall 140803 (2021) Kat:3, Licht: 0","140803","3","3","5","12","15","3","","0","1","1","0","0"
"POINT (9.885703990000025 53.603923737000059)","Unfall 140807 (2021) Kat:3, Licht: 0","140807","3","4","0","12","14","2","","0","1","0","1","0"
"POINT (9.966706437000028 53.549983708000070)","Unfall 140813 (2021) Kat:2, Licht: 0","140813","2","6","3","12","14","2","","0","1","1","0","0"
"POINT (10.010690724000028 53.463111781000066)","Unfall 140814 (2021) Kat:3, Licht: 0","140814","3","2","4","12","12","6","","0","0","1","0","0"
"POINT (9.948968699000034 53.582368998000049)","Unfall 140816 (2021) Kat:2, Licht: 0","140816","2","7","0","12","08","3","","0","0","1","0","0"
"POINT (10.089463801000022 53.610330826000052)","Unfall 140817 (2021) Kat:3, Licht: 0","140817","3","7","0","12","08","2","","0","1","0","0","0"
"POINT (10.124227432000055 53.588081186000068)","Unfall 140821 (2021) Kat:2, Licht: 2","140821","2","2","4","12","21","7","","2","0","1","0","0"
"POINT (9.962452397000050 53.603167755000072)","Unfall 140826 (2021) Kat:3, Licht: 0","140826","3","6","2","12","15","2","","0","0","1","0","0"
"POINT (10.016715078000061 53.582960513000046)","Unfall 140827 (2021) Kat:3, Licht: 2","140827","3","7","6","12","06","6","","2","0","1","1","0"
"POINT (10.009651769000072 53.550019939000038)","Unfall 140828 (2021) Kat:3, Licht: 0","140828","3","1","0","12","13","2","","0","1","0","0","0"
"POINT (10.086110115000054 53.594117655000048)","Unfall 140833 (2021) Kat:3, Licht: 0","140833","3","3","5","12","11","5","","0","0","1","0","0"
"POINT (10.061728633000030 53.568975676000036)","Unfall 140835 (2021) Kat:3, Licht: 0","140835","3","2","4","12","10","5","","0","0","1","0","0"
"POINT (10.102408173000072 53.647699900000077)","Unfall 140836 (2021) Kat:3, Licht: 0","140836","3","6","2","12","15","5","","0","0","1","0","0"
"POINT (10.067530051000062 53.667692665000061)","Unfall 140842 (2021) Kat:3, Licht: 0","140842","3","6","2","12","15","4","","0","0","1","0","0"
"POINT (9.963191521000056 53.612745625000059)","Unfall 140843 (2021) Kat:3, Licht: 0","140843","3","3","5","12","14","4","","0","0","1","0","0"
"POINT (10.001962303000028 53.439641555000037)","Unfall 140845 (2021) Kat:3, Licht: 0","140845","3","6","2","12","12","3","","0","0","1","0","0"
"POINT (10.074923847000036 53.555911202000061)","Unfall 140850 (2021) Kat:3, Licht: 2","140850","3","6","1","12","23","6","","2","0","1","0","0"
"POINT (10.128293099000075 53.601772692000054)","Unfall 140851 (2021) Kat:2, Licht: 2","140851","2","2","6","12","17","1","","2","0","1","1","0"
"POINT (9.979828694000048 53.457467912000027)","Unfall 140855 (2021) Kat:3, Licht: 0","140855","3","4","6","12","09","2","","0","0","1","1","0"
"POINT (10.110252629000058 53.653806219000046)","Unfall 140860 (2021) Kat:3, Licht: 0","140860","3","2","6","12","09","5","","0","0","1","1","0"
"POINT (9.928229304000070 53.556133640000041)","Unfall 140861 (2021) Kat:3, Licht: 2","140861","3","2","4","12","21","1","","2","1","1","0","0"
"POINT (10.042736612000056 53.602067618000035)","Unfall 140862 (2021) Kat:3, Licht: 1","140862","3","7","0","12","16","2","","1","1","0","0","0"
"POINT (10.022315966000065 53.549562766000065)","Unfall 140867 (2021) Kat:3, Licht: 0","140867","3","4","0","12","08","2","","0","0","0","1","1"
"POINT (10.028582012000072 53.618186354000045)","Unfall 140869 (2021) Kat:3, Licht: 2","140869","3","4","6","12","07","4","","2","0","1","1","0"
"POINT (10.158235670000067 53.641771719000076)","Unfall 140871 (2021) Kat:3, Licht: 0","140871","3","7","8","12","14","4","","0","0","1","0","0"
"POINT (9.873882329000025 53.564839531000075)","Unfall 140875 (2021) Kat:3, Licht: 2","140875","3","3","5","12","19","3","","2","1","1","0","0"
"POINT (10.065561998000021 53.585579255000027)","Unfall 140880 (2021) Kat:3, Licht: 0","140880","3","6","2","12","13","4","","0","0","1","0","0"
"POINT (10.116648789000067 53.608276498000066)","Unfall 140882 (2021) Kat:3, Licht: 2","140882","3","6","2","12","17","3","","2","0","1","0","0"
"POINT (10.069872506000024 53.574332790000028)","Unfall 140886 (2021) Kat:3, Licht: 0","140886","3","5","1","12","09","5","","0","0","1","0","0"
"POINT (10.097760360000052 53.541708419000031)","Unfall 140887 (2021) Kat:3, Licht: 2","140887","3","5","1","12","16","4","","2","0","1","0","0"
"POINT (9.875318670000070 53.473870191000060)","Unfall 140892 (2021) Kat:3, Licht: 2","140892","3","3","5","12","17","2","","2","1","1","0","0"
"POINT (10.058873812000058 53.594811732000039)","Unfall 140893 (2021) Kat:3, Licht: 2","140893","3","4","6","12","16","2","","2","0","1","1","0"
"POINT (10.135923346000027 53.577005010000050)","Unfall 140896 (2021) Kat:3, Licht: 2","140896","3","2","6","12","20","3","","2","0","1","1","0"
"POINT (10.094754487000046 53.686039243000039)","Unfall 140901 (2021) Kat:3, Licht: 2","140901","3","3","5","12","07","6","","2","1","1","0","0"
"POINT (10.210391590000029 53.499394338000059)","Unfall 140902 (2021) Kat:3, Licht: 2","140902","3","2","5","12","17","6","","2","1","1","0","0"
"POINT (10.088044065000076 53.655888765000043)","Unfall 140906 (2021) Kat:3, Licht: 0","140906","3","2","4","12","13","2","","0","1","1","0","0"
"POINT (9.943494371000043 53.489304182000069)","Unfall 140908 (2021) Kat:3, Licht: 0","140908","3","2","4","12","14","6","","0","0","1","0","0"
"POINT (9.952676117000067 53.598786941000071)","Unfall 140911 (2021) Kat:3, Licht: 2","140911","3","7","0","12","18","6","","2","1","0","0","0"
"POINT (10.085152391000065 53.580407047000051)","Unfall 140912 (2021) Kat:2, Licht: 0","140912","2","4","6","12","21","6","","0","0","1","1","0"
"POINT (10.012457445000052 53.581213083000080)","Unfall 140913 (2021) Kat:3, Licht: 0","140913","3","4","6","12","15","3","","0","1","0","1","0"
"POINT (10.092891054000063 53.587752778000038)","Unfall 140918 (2021) Kat:3, Licht: 0","140918","3","6","2","12","13","3","","0","0","1","0","0"
"POINT (9.923514521000072 53.600025098000060)","Unfall 140920 (2021) Kat:3, Licht: 1","140920","3","6","4","12","07","4","","1","1","1","0","0"
"POINT (10.070035048000022 53.577529664000053)","Unfall 140922 (2021) Kat:3, Licht: 0","140922","3","6","2","12","15","3","","0","0","1","0","0"
"POINT (10.001290172000040 53.676198238000040)","Unfall 140928 (2021) Kat:3, Licht: 0","140928","3","6","2","12","12","2","","0","0","1","0","0"
"POINT (10.025736392000056 53.580707574000030)","Unfall 140929 (2021) Kat:3, Licht: 0","140929","3","3","0","12","15","3","","0","0","1","0","1"
"POINT (9.906574069000044 53.598411787000032)","Unfall 140933 (2021) Kat:3, Licht: 0","140933","3","7","0","12","14","2","","0","0","0","0","1"
"POINT (9.915735820000066 53.548924459000034)","Unfall 140937 (2021) Kat:3, Licht: 0","140937","3","7","1","12","15","2","","0","1","1","0","0"
"POINT (10.179804531000059 53.478348159000063)","Unfall 140938 (2021) Kat:2, Licht: 2","140938","2","2","5","12","19","1","","2","0","1","0","0"
"POINT (10.152269582000031 53.542826559000048)","Unfall 140939 (2021) Kat:3, Licht: 2","140939","3","3","5","12","19","5","","2","0","1","0","0"
"POINT (9.973961838000037 53.569174836000059)","Unfall 140944 (2021) Kat:3, Licht: 2","140944","3","7","0","12","18","4","","2","1","0","0","0"
"POINT (10.060963196000046 53.570315995000044)","Unfall 140945 (2021) Kat:3, Licht: 0","140945","3","6","2","12","15","2","","0","0","1","0","0"
"POINT (10.078813875000037 53.579460176000055)","Unfall 140948 (2021) Kat:3, Licht: 0","140948","3","3","5","12","09","2","","0","0","1","0","1"
"POINT (10.084357134000072 53.623468564000063)","Unfall 140953 (2021) Kat:3, Licht: 2","140953","3","1","9","12","05","1","","2","0","1","0","0"
"POINT (10.152337799000065 53.543034810000051)","Unfall 140954 (2021) Kat:3, Licht: 2","140954","3","2","6","12","16","6","","2","0","1","1","0"
"POINT (9.983258377000027 53.584167728000068)","Unfall 140955 (2021) Kat:3, Licht: 1","140955","3","6","6","12","17","5","","1","0","0","1","0"
"POINT (10.027658776000067 53.533367901000076)","Unfall 140959 (2021) Kat:3, Licht: 2","140959","3","6","0","12","05","6","","2","0","1","0","0"
"POINT (9.952883972000052 53.566327920000049)","Unfall 140961 (2021) Kat:3, Licht: 0","140961","3","3","5","12","12","6","","0","1","0","0","0"
"POINT (10.021859256000027 53.612249292000058)","Unfall 140964 (2021) Kat:3, Licht: 2","140964","3","6","2","12","17","5","","2","0","1","0","0"
"POINT (9.739563911000062 53.586383081000065)","Unfall 140965 (2021) Kat:3, Licht: 0","140965","3","1","0","12","15","7","","0","1","0","0","0"
"POINT (10.044396299000027 53.591591824000034)","Unfall 140973 (2021) Kat:3, Licht: 2","140973","3","4","6","12","08","4","","2","0","1","1","0"
"POINT (10.073025233000067 53.580731522000065)","Unfall 140975 (2021) Kat:3, Licht: 0","140975","3","3","5","12","15","3","","0","1","1","0","0"
"POINT (10.074472297000057 53.611906788000056)","Unfall 140979 (2021) Kat:3, Licht: 0","140979","3","4","6","12","14","2","","0","0","1","1","0"
"POINT (9.900366126000051 53.560110340000051)","Unfall 140980 (2021) Kat:3, Licht: 2","140980","3","7","0","12","07","3","","2","1","0","0","0"
"POINT (9.937377994000030 53.552704015000074)","Unfall 140984 (2021) Kat:3, Licht: 0","140984","3","3","5","12","11","2","","0","0","1","0","1"
"POINT (10.056430605000060 53.563129300000071)","Unfall 140988 (2021) Kat:3, Licht: 2","140988","3","3","3","12","01","1","","2","1","0","0","0"
"POINT (9.977246378000075 53.460975003000044)","Unfall 140989 (2021) Kat:3, Licht: 2","140989","3","3","5","12","22","7","","2","1","0","0","1"
"POINT (9.946152931000029 53.557395241000052)","Unfall 140990 (2021) Kat:3, Licht: 0","140990","3","1","0","12","12","5","","0","0","0","0","0"
"POINT (10.072352868000053 53.608720056000038)","Unfall 140996 (2021) Kat:3, Licht: 2","140996","3","3","5","12","19","5","","2","0","1","0","0"
"POINT (9.949404910000055 53.558470890000081)","Unfall 140998 (2021) Kat:3, Licht: 0","140998","3","2","4","12","14","5","","0","1","0","0","0"
"POINT (10.147645845000056 53.501239634000058)","Unfall 140999 (2021) Kat:3, Licht: 2","140999","3","1","9","12","17","5","","2","0","1","0","0"
"POINT (10.000631124000051 53.499675051000054)","Unfall 141005 (2021) Kat:3, Licht: 2","141005","3","3","5","12","17","4","","2","1","1","0","0"
"POINT (10.179674113000033 53.486524222000071)","Unfall 141007 (2021) Kat:3, Licht: 0","141007","3","4","6","12","09","5","","0","0","0","1","0"
"POINT (10.183695944000021 53.511697943000058)","Unfall 141009 (2021) Kat:3, Licht: 0","141009","3","6","2","12","11","5","","0","0","1","0","0"
"POINT (9.999970587000064 53.554927850000070)","Unfall 141010 (2021) Kat:3, Licht: 0","141010","3","7","0","12","15","6","","0","0","0","0","0"
"POINT (9.919313801000044 53.634448973000076)","Unfall 141017 (2021) Kat:3, Licht: 0","141017","3","6","0","12","12","5","","0","0","1","0","0"
"POINT (10.213184815000034 53.487113258000079)","Unfall 141019 (2021) Kat:3, Licht: 2","141019","3","3","5","12","20","3","","2","0","1","0","0"
"POINT (10.002895799000044 53.553243971000029)","Unfall 141023 (2021) Kat:3, Licht: 2","141023","3","7","6","12","17","3","","2","0","1","1","0"
"POINT (10.014832499000022 53.521013384000071)","Unfall 141024 (2021) Kat:3, Licht: 2","141024","3","6","2","12","17","1","","2","0","1","0","0"
"POINT (10.036856352000029 53.574680426000043)","Unfall 141028 (2021) Kat:3, Licht: 2","141028","3","4","6","12","18","1","","2","0","1","1","0"
"POINT (10.180207694000046 53.507800047000046)","Unfall 141033 (2021) Kat:3, Licht: 2","141033","3","4","6","12","16","6","","2","0","0","1","0"
"POINT (9.891033779000054 53.477850576000037)","Unfall 141034 (2021) Kat:3, Licht: 2","141034","3","6","1","12","16","6","","2","0","1","0","0"
"POINT (9.941714991000026 53.489610604000063)","Unfall 141035 (2021) Kat:2, Licht: 0","141035","2","7","0","12","07","2","","0","1","0","0","0"
"POINT (10.203732786000046 53.471565123000062)","Unfall 141040 (2021) Kat:3, Licht: 2","141040","3","3","5","12","08","4","","2","1","1","0","0"
"POINT (10.013608123000040 53.584618926000076)","Unfall 141043 (2021) Kat:3, Licht: 0","141043","3","7","0","12","13","5","","0","0","1","0","0"
"POINT (9.979600447000053 53.527729771000054)","Unfall 141044 (2021) Kat:2, Licht: 2","141044","2","3","5","12","17","5","","2","0","1","0","0"
"POINT (9.921208808000074 53.544300615000054)","Unfall 141049 (2021) Kat:3, Licht: 2","141049","3","7","0","12","17","3","","2","1","0","0","0"
"POINT (9.936277047000033 53.555804000000080)","Unfall 141050 (2021) Kat:3, Licht: 0","141050","3","3","5","12","11","3","","0","0","1","0","0"
"POINT (10.119044143000053 53.646825405000072)","Unfall 141052 (2021) Kat:2, Licht: 0","141052","2","6","4","12","14","3","","0","0","1","0","0"
"POINT (10.110968247000073 53.623547805000044)","Unfall 141057 (2021) Kat:3, Licht: 2","141057","3","3","5","12","05","6","","2","0","1","0","0"
"POINT (9.958920420000027 53.587442337000027)","Unfall 141058 (2021) Kat:3, Licht: 0","141058","3","5","1","12","20","1","","0","1","1","0","0"
"POINT (10.085218782000027 53.553256646000079)","Unfall 141062 (2021) Kat:3, Licht: 2","141062","3","5","1","12","07","2","","2","1","0","0","0"
"POINT (10.111831435000056 53.653259974000036)","Unfall 141064 (2021) Kat:3, Licht: 2","141064","3","4","6","12","16","4","","2","0","0","1","0"
"POINT (10.079291468000065 53.562855795000075)","Unfall 141069 (2021) Kat:3, Licht: 0","141069","3","7","4","12","09","2","","0","0","1","0","0"
"POINT (9.995063957000070 53.449419339000031)","Unfall 141070 (2021) Kat:3, Licht: 0","141070","3","7","0","12","10","2","","0","1","0","0","0"
"POINT (10.150458790000073 53.628343975000064)","Unfall 141074 (2021) Kat:3, Licht: 2","141074","3","4","0","12","18","2","","2","0","1","1","0"
"POINT (9.946672534000072 53.580186693000030)","Unfall 141079 (2021) Kat:3, Licht: 2","141079","3","7","0","12","00","7","","2","1","0","0","0"
"POINT (10.181415380000033 53.485431841000036)","Unfall 141080 (2021) Kat:3, Licht: 2","141080","3","5","1","12","20","7","","2","0","0","0","0"
"POINT (9.870780553000031 53.592907677000028)","Unfall 141081 (2021) Kat:3, Licht: 2","141081","3","2","3","12","18","3","","2","0","1","0","0"
"POINT (9.894453072000033 53.603939244000060)","Unfall 141086 (2021) Kat:3, Licht: 0","141086","3","3","5","12","12","1","","0","1","1","0","0"
"POINT (10.015855910000028 53.552077152000038)","Unfall 141088 (2021) Kat:3, Licht: 2","141088","3","6","0","12","19","4","","2","0","1","0","1"
"POINT (9.927829685000063 53.559256826000080)","Unfall 141090 (2021) Kat:3, Licht: 0","141090","3","1","0","12","10","5","","0","1","0","0","0"