WKT,Name,OBJECTID,UKATEGORIE,UTYP1,UART,UMONAT,USTUNDE,UWOCHENTAG,STRZUSTAND,ULICHTVERH,ISTRAD,ISTPKW,ISTFUSS,ISTKRAD
"POINT (9.959189426000023 53.432598266000070)","Unfall 141091 (2021) Kat:3, Licht: 2","141091","3","3","5","12","07","4","","2","1","1","0","0"
"POINT (9.921208808000074 53.544300615000054)","Unfall 141097 (2021) Kat:3, Licht: 2","141097","3","7","0","12","17","3","","2","1","0","0","0"
"POINT (9.938054822000026 53.589754384000059)","Unfall 141098 (2021) Kat:3, Licht: 0","141098","3","7","0","12","12","2","","0","1","0","0","0"
"POINT (9.851952255000072 53.587921369000071)","Unfall 141101 (2021) Kat:3, Licht: 2","141101","3","3","5","12","19","2","","2","1","1","0","0"
"POINT (9.996887821000030 53.442776920000028)","Unfall 141106 (2021) Kat:3, Licht: 0","141106","3","3","5","12","16","6","","0","1","1","0","0"
"POINT (9.974222996000037 53.610900887000071)","Unfall 141107 (2021) Kat:3, Licht: 2","141107","3","7","6","12","17","6","","2","0","1","0","0"
"POINT (10.094098213000052 53.656339018000040)","Unfall 141108 (2021) Kat:3, Licht: 0","141108","3","3","0","12","12","6","","0","1","1","0","0"
"POINT (9.905957140000055 53.607328001000042)","Unfall 141113 (2021) Kat:3, Licht: 0","141113","3","6","3","12","12","7","","0","0","0","0","0"
"POINT (9.965569290000076 53.562935164000066)","Unfall 141115 (2021) Kat:3, Licht: 0","141115","3","1","0","12","14","6","","0","1","0","0","0"
"POINT (10.033597666000048 53.588006552000081)","Unfall 141119 (2021) Kat:3, Licht: 1","141119","3","3","5","12","16","5","","1","1","0","0","0"
"POINT (10.210615286000063 53.487329252000052)","Unfall 141120 (2021) Kat:3, Licht: 2","141120","3","2","6","12","18","7","","2","0","1","1","0"
"POINT (10.013828229000069 53.596006630000034)","Unfall 141127 (2021) Kat:3, Licht: 2","141127","3","4","6","12","18","3","","2","0","1","1","0"
"POINT (10.013629095000056 53.554170056000032)","Unfall 141130 (2021) Kat:3, Licht: 2","141130","3","7","0","12","19","7","","2","0","0","0","1"
"POINT (10.036603252000077 53.612576020000063)","Unfall 141133 (2021) Kat:3, Licht: 0","141133","3","6","2","12","15","5","","0","0","1","0","0"
"POINT (10.098671742000022 53.541295840000032)","Unfall 141134 (2021) Kat:3, Licht: 0","141134","3","7","0","12","14","5","","0","1","1","0","0"
"POINT (9.957250208000062 53.554368391000082)","Unfall 141135 (2021) Kat:2, Licht: 1","141135","2","7","0","12","08","2","","1","1","0","0","0"
"POINT (9.993651816000067 53.500221949000036)","Unfall 141140 (2021) Kat:3, Licht: 1","141140","3","2","3","12","07","3","","1","0","1","0","0"
"POINT (10.156094454000026 53.614471590000051)","Unfall 141142 (2021) Kat:3, Licht: 0","141142","3","2","4","12","10","3","","0","0","1","0","0"
"POINT (9.985453987000028 53.582544734000066)","Unfall 141144 (2021) Kat:3, Licht: 2","141144","3","7","3","12","16","3","","2","1","1","0","0"
"POINT (10.052600052000059 53.560943086000066)","Unfall 141148 (2021) Kat:3, Licht: 0","141148","3","6","2","12","15","2","","0","0","1","0","0"
"POINT (10.025738693000051 53.585088353000060)","Unfall 141149 (2021) Kat:3, Licht: 2","141149","3","3","5","12","17","3","","2","0","1","0","0"
"POINT (10.107108093000022 53.708648909000033)","Unfall 141153 (2021) Kat:3, Licht: 2","141153","3","2","6","12","17","2","","2","0","1","1","0"
"POINT (10.025663259000055 53.626649048000047)","Unfall 141157 (2021) Kat:3, Licht: 0","141157","3","6","2","12","07","6","","0","0","1","0","0"
"POINT (9.921570496000072 53.507107316000031)","Unfall 141158 (2021) Kat:3, Licht: 0","141158","3","7","0","12","13","7","","0","0","0","0","0"
"POINT (10.065435988000047 53.569798963000039)","Unfall 141159 (2021) Kat:3, Licht: 0","141159","3","3","5","12","12","6","","0","0","1","0","0"
"POINT (9.982679569000027 53.588740991000066)","Unfall 141164 (2021) Kat:3, Licht: 2","141164","3","1","0","12","04","7","","2","0","0","0","0"
"POINT (9.917730799000026 53.545901220000076)","Unfall 141166 (2021) Kat:3, Licht: 0","141166","3","6","3","12","10","6","","0","0","1","0","0"
"POINT (9.987768430000074 53.439163715000063)","Unfall 141168 (2021) Kat:3, Licht: 0","141168","3","2","3","12","11","5","","0","0","1","0","0"
"POINT (10.028084931000024 53.664429367000082)","Unfall 141169 (2021) Kat:3, Licht: 0","141169","3","3","5","12","14","6","","0","0","1","0","0"
"POINT (10.125673573000029 53.655085389000078)","Unfall 141176 (2021) Kat:1, Licht: 2","141176","1","4","6","12","17","3","","2","0","1","1","0"
"POINT (10.065827960000036 53.552747135000061)","Unfall 141180 (2021) Kat:2, Licht: 2","141180","2","5","1","12","22","3","","2","0","1","0","0"
"POINT (9.864649551000070 53.597212034000052)","Unfall 141184 (2021) Kat:3, Licht: 2","141184","3","5","1","12","06","3","","2","0","1","0","0"
"POINT (10.039271570000039 53.606573126000058)","Unfall 141185 (2021) Kat:3, Licht: 2","141185","3","2","3","12","07","2","","2","1","1","0","0"
"POINT (9.960169355000062 53.551472170000068)","Unfall 141189 (2021) Kat:3, Licht: 0","141189","3","3","5","12","15","1","","0","1","1","0","0"
"POINT (9.908537966000040 53.610334933000047)","Unfall 141192 (2021) Kat:3, Licht: 2","141192","3","4","6","12","16","4","","2","0","1","1","0"
"POINT (10.088443649000055 53.550806424000029)","Unfall 141196 (2021) Kat:3, Licht: 0","141196","3","4","6","12","13","3","","0","0","1","1","0"
"POINT (9.846447080000075 53.563587125000026)","Unfall 141197 (2021) Kat:3, Licht: 0","141197","3","3","5","12","14","3","","0","0","1","0","0"
"POINT (9.956817560000047 53.460022576000028)","Unfall 141201 (2021) Kat:3, Licht: 0","141201","3","7","0","12","13","1","","0","0","0","0","0"
"POINT (9.984881729000051 53.587394489000076)","Unfall 141205 (2021) Kat:2, Licht: 0","141205","2","3","5","12","14","2","","0","1","1","0","0"
"POINT (9.905052507000050 53.610689117000049)","Unfall 141206 (2021) Kat:3, Licht: 0","141206","3","6","2","12","08","6","","0","0","1","0","0"
"POINT (9.976599526000030 53.576748561000045)","Unfall 141207 (2021) Kat:3, Licht: 0","141207","3","7","6","12","12","6","","0","0","1","1","0"
"POINT (10.110252878000040 53.645682589000046)","Unfall 141213 (2021) Kat:2, Licht: 2","141213","2","1","0","12","01","5","","2","0","0","0","0"
"POINT (10.099444341000037 53.576217485000029)","Unfall 141215 (2021) Kat:3, Licht: 2","141215","3","3","5","12","17","5","","2","1","1","0","0"
"POINT (9.986728269000025 53.548321922000071)","Unfall 141216 (2021) Kat:3, Licht: 0","141216","3","3","0","12","12","5","","0","0","1","0","0"
"POINT (9.978914328000030 53.572403169000040)","Unfall 141223 (2021) Kat:3, Licht: 0","141223","3","6","2","12","13","5","","0","0","1","0","0"
"POINT (10.069736154000054 53.579260227000077)","Unfall 141225 (2021) Kat:3, Licht: 2","141225","3","6","2","12","07","4","","2","0","1","0","0"
"POINT (9.994558392000044 53.551681894000069)","Unfall 141230 (2021) Kat:3, Licht: 0","141230","3","7","6","12","08","3","","0","1","0","1","0"
"POINT (9.963532571000030 53.577265056000044)","Unfall 141231 (2021) Kat:3, Licht: 0","141231","3","3","5","12","12","3","","0","1","0","0","0"
"POINT (9.891510711000024 53.593181133000030)","Unfall 141235 (2021) Kat:3, Licht: 0","141235","3","4","6","12","08","2","","0","0","1","1","0"
"POINT (9.980409475000044 53.572462648000055)","Unfall 141240 (2021) Kat:3, Licht: 2","141240","3","6","2","12","16","2","","2","0","1","0","0"
"POINT (10.018703169000048 53.553759930000069)","Unfall 141241 (2021) Kat:3, Licht: 2","141241","3","4","6","12","17","7","","2","0","1","1","0"
"POINT (10.014524060000042 53.597847291000051)","Unfall 141247 (2021) Kat:3, Licht: 1","141247","3","3","5","12","08","4","","1","1","1","0","0"
"POINT (9.973947558000077 53.611343686000055)","Unfall 141250 (2021) Kat:3, Licht: 2","141250","3","6","3","12","20","5","","2","0","0","0","0"
"POINT (9.981985484000063 53.427793620000045)","Unfall 141251 (2021) Kat:3, Licht: 0","141251","3","1","0","12","13","7","","0","0","0","0","1"
"POINT (10.096924305000073 53.579093104000037)","Unfall 141254 (2021) Kat:3, Licht: 2","141254","3","6","2","12","17","6","","2","0","1","0","0"
"POINT (9.951441701000022 53.623073642000065)","Unfall 141255 (2021) Kat:2, Licht: 0","141255","2","2","6","12","07","6","","0","0","1","1","0"
"POINT (10.090236626000035 53.666067478000059)","Unfall 141256 (2021) Kat:3, Licht: 0","141256","3","2","4","12","11","2","","0","0","1","0","0"
"POINT (10.091565688000060 53.635011613000074)","Unfall 141262 (2021) Kat:2, Licht: 0","141262","2","6","3","12","13","6","","0","0","1","0","0"
"POINT (9.977080525000076 53.577105378000056)","Unfall 141264 (2021) Kat:3, Licht: 0","141264","3","7","1","12","11","5","","0","1","1","0","0"
"POINT (9.967435052000042 53.597424547000060)","Unfall 141265 (2021) Kat:3, Licht: 2","141265","3","6","2","12","18","5","","2","0","1","0","0"
"POINT (10.124273620000054 53.587958524000044)","Unfall 141266 (2021) Kat:2, Licht: 2","141266","2","2","4","12","19","6","","2","0","1","0","0"
"POINT (10.061509491000038 53.569528332000061)","Unfall 141272 (2021) Kat:3, Licht: 2","141272","3","6","2","12","16","3","","2","0","1","0","0"
"POINT (9.947186055000032 53.555581960000040)","Unfall 141274 (2021) Kat:3, Licht: 0","141274","3","3","5","12","08","4","","0","1","1","0","0"
"POINT (9.977073924000024 53.563686424000082)","Unfall 141279 (2021) Kat:3, Licht: 1","141279","3","3","5","12","07","3","","1","1","0","0","0"
"POINT (9.917697687000043 53.551689431000057)","Unfall 141280 (2021) Kat:3, Licht: 2","141280","3","7","0","12","19","2","","2","0","0","0","1"
"POINT (9.958875925000029 53.465233528000056)","Unfall 141284 (2021) Kat:3, Licht: 0","141284","3","7","6","12","13","2","","0","0","0","1","0"
"POINT (9.986117944000057 53.572647500000073)","Unfall 141289 (2021) Kat:3, Licht: 2","141289","3","2","4","12","20","5","","2","0","1","0","1"
"POINT (9.951614952000057 53.618314087000044)","Unfall 141290 (2021) Kat:3, Licht: 0","141290","3","6","2","12","15","5","","0","0","1","0","0"
"POINT (9.918438376000040 53.570820581000078)","Unfall 141291 (2021) Kat:3, Licht: 0","141291","3","1","8","12","13","3","","0","0","1","0","0"
"POINT (10.053026126000077 53.557296838000070)","Unfall 141297 (2021) Kat:3, Licht: 2","141297","3","3","6","12","19","3","","2","0","1","1","0"
"POINT (9.902917200000047 53.557655940000075)","Unfall 141300 (2021) Kat:3, Licht: 2","141300","3","7","0","12","18","3","","2","1","0","0","0"
"POINT (10.033396099000072 53.573994418000041)","Unfall 141305 (2021) Kat:3, Licht: 0","141305","3","2","3","12","10","4","","0","1","1","0","0"
"POINT (10.126354034000030 53.582789160000061)","Unfall 141306 (2021) Kat:3, Licht: 0","141306","3","7","0","12","14","2","","0","1","0","0","0"
"POINT (10.123481791000074 53.568983750000029)","Unfall 141310 (2021) Kat:3, Licht: 0","141310","3","6","2","12","08","2","","0","0","1","0","0"
"POINT (10.123645350000061 53.613931960000059)","Unfall 141319 (2021) Kat:3, Licht: 0","141319","3","6","4","12","15","3","","0","0","1","0","0"
"POINT (10.101811232000045 53.582588681000061)","Unfall 141320 (2021) Kat:3, Licht: 2","141320","3","1","0","12","21","2","","2","0","0","0","1"
"POINT (9.857627167000032 53.476457512000081)","Unfall 141322 (2021) Kat:2, Licht: 2","141322","2","3","5","12","16","3","","2","1","0","0","0"
"POINT (9.986707375000037 53.510474960000067)","Unfall 141326 (2021) Kat:3, Licht: 0","141326","3","2","4","12","13","6","","0","0","1","0","0"
"POINT (9.947609391000071 53.551305806000073)","Unfall 141327 (2021) Kat:3, Licht: 2","141327","3","7","0","12","04","7","","2","0","0","0","0"
"POINT (10.151110615000050 53.600585818000070)","Unfall 141331 (2021) Kat:3, Licht: 2","141331","3","3","5","12","18","2","","2","1","1","0","0"
"POINT (10.119166674000041 53.532014791000051)","Unfall 141333 (2021) Kat:3, Licht: 0","141333","3","6","2","12","14","6","","0","0","1","0","0"
"POINT (9.945024134000050 53.638388153000051)","Unfall 141336 (2021) Kat:3, Licht: 1","141336","3","2","3","12","16","6","","1","1","0","0","0"
"POINT (9.993095839000034 53.574332676000040)","Unfall 141337 (2021) Kat:3, Licht: 2","141337","3","6","2","12","19","1","","2","0","1","0","0"
"POINT (9.960199053000053 53.563620669000045)","Unfall 141338 (2021) Kat:3, Licht: 2","141338","3","2","6","12","23","5","","2","0","1","1","0"
"POINT (10.137280570000030 53.592749120000065)","Unfall 141343 (2021) Kat:3, Licht: 0","141343","3","7","0","12","10","3","","0","1","0","0","0"
"POINT (10.106994473000043 53.566671593000081)","Unfall 141345 (2021) Kat:3, Licht: 0","141345","3","7","4","12","08","3","","0","0","1","0","0"
"POINT (10.124697810000043 53.571091431000070)","Unfall 141347 (2021) Kat:3, Licht: 1","141347","3","2","3","12","16","3","","1","1","1","0","0"
"POINT (10.092180124000038 53.635868933000040)","Unfall 141352 (2021) Kat:3, Licht: 0","141352","3","3","5","12","14","3","","0","0","1","0","0"
"POINT (10.079088101000025 53.661766698000065)","Unfall 141353 (2021) Kat:3, Licht: 0","141353","3","7","0","12","09","2","","0","1","0","0","0"
"POINT (10.032987750000075 53.590560691000064)","Unfall 141357 (2021) Kat:3, Licht: 2","141357","3","6","2","12","17","2","","2","0","1","0","1"
"POINT (9.846623869000041 53.560312607000071)","Unfall 141361 (2021) Kat:3, Licht: 1","141361","3","5","0","12","16","2","","1","0","1","0","0"
"POINT (9.899158433000025 53.592800511000064)","Unfall 141362 (2021) Kat:3, Licht: 0","141362","3","6","2","12","09","6","","0","0","1","0","0"
"POINT (10.032213050000053 53.624491032000037)","Unfall 141363 (2021) Kat:3, Licht: 2","141363","3","7","0","12","23","6","","2","1","0","0","0"
"POINT (9.968907157000046 53.576934867000034)","Unfall 141369 (2021) Kat:3, Licht: 2","141369","3","5","5","12","18","6","","2","0","1","0","1"
"POINT (10.001264318000040 53.500197000000071)","Unfall 141371 (2021) Kat:3, Licht: 0","141371","3","6","2","12","12","5","","0","0","1","0","0"
"POINT (9.957836119000035 53.553546468000036)","Unfall 141372 (2021) Kat:3, Licht: 2","141372","3","5","1","12","17","6","","2","0","1","0","0"
"POINT (10.000398633000032 53.665526296000053)","Unfall 141377 (2021) Kat:3, Licht: 0","141377","3","2","4","12","14","6","","0","0","1","0","0"
"POINT (10.063883375000046 53.475260643000070)","Unfall 141378 (2021) Kat:3, Licht: 2","141378","3","5","1","12","16","7","","2","0","1","0","0"
"POINT (9.947321793000071 53.457780481000043)","Unfall 141379 (2021) Kat:3, Licht: 0","141379","3","3","0","12","15","5","","0","0","1","0","0"
"POINT (9.879921587000069 53.475244202000056)","Unfall 141383 (2021) Kat:2, Licht: 0","141383","2","2","2","12","15","6","","0","0","1","0","0"
"POINT (9.890559246000066 53.602246116000060)","Unfall 141385 (2021) Kat:3, Licht: 0","141385","3","6","3","12","11","6","","0","1","0","0","0"
"POINT (10.016783040000064 53.555581093000058)","Unfall 141388 (2021) Kat:3, Licht: 0","141388","3","6","2","12","13","6","","0","0","1","0","0"
"POINT (10.158443006000027 53.649184606000063)","Unfall 141389 (2021) Kat:3, Licht: 0","141389","3","4","6","12","13","7","","0","0","1","1","0"
"POINT (10.037810191000062 53.594731549000073)","Unfall 141396 (2021) Kat:3, Licht: 2","141396","3","4","6","12","07","5","","2","0","1","1","0"
"POINT (10.008957181000028 53.555510761000050)","Unfall 141398 (2021) Kat:3, Licht: 2","141398","3","6","2","12","18","4","","2","1","1","0","0"
"POINT (10.206474447000062 53.477677096000036)","Unfall 141403 (2021) Kat:3, Licht: 2","141403","3","6","2","12","18","2","","2","0","1","0","0"
"POINT (9.963660453000045 53.577388832000054)","Unfall 141404 (2021) Kat:3, Licht: 0","141404","3","7","0","12","13","3","","0","1","0","0","0"
"POINT (10.042511796000042 53.597709378000047)","Unfall 141408 (2021) Kat:3, Licht: 2","141408","3","7","3","12","19","2","","2","0","1","0","0"
"POINT (10.013803880000069 53.619524281000054)","Unfall 141412 (2021) Kat:3, Licht: 0","141412","3","6","2","12","15","1","","0","0","1","0","0"
"POINT (10.144069841000032 53.583950995000066)","Unfall 141413 (2021) Kat:3, Licht: 1","141413","3","7","0","12","07","6","","1","1","0","0","0"
"POINT (9.919261525000024 53.564112746000035)","Unfall 141414 (2021) Kat:3, Licht: 0","141414","3","4","6","12","11","5","","0","0","1","1","0"
"POINT (10.116851893000046 53.607583930000033)","Unfall 141420 (2021) Kat:3, Licht: 2","141420","3","7","6","12","16","6","","2","0","1","1","0"
"POINT (10.208765521000032 53.486174792000043)","Unfall 141422 (2021) Kat:3, Licht: 0","141422","3","7","0","12","09","4","","0","1","0","0","0"
"POINT (9.925892426000075 53.551599712000041)","Unfall 141423 (2021) Kat:3, Licht: 0","141423","3","4","6","12","13","5","","0","0","1","1","0"
"POINT (10.086805164000054 53.656262151000078)","Unfall 141429 (2021) Kat:3, Licht: 0","141429","3","7","3","12","13","3","","0","0","1","0","0"
"POINT (10.128225045000022 53.578676627000050)","Unfall 141431 (2021) Kat:3, Licht: 0","141431","3","3","5","12","15","3","","0","0","1","0","0"
"POINT (10.017018997000037 53.564020032000030)","Unfall 141435 (2021) Kat:3, Licht: 2","141435","3","3","5","12","06","2","","2","0","0","0","0"
"POINT (9.962987628000064 53.546497107000050)","Unfall 141436 (2021) Kat:3, Licht: 0","141436","3","6","6","12","09","3","","0","1","0","1","0"
"POINT (9.800922327000023 53.565130069000077)","Unfall 141439 (2021) Kat:3, Licht: 0","141439","3","2","4","12","12","4","","0","1","1","0","0"
"POINT (9.960057263000067 53.549463282000033)","Unfall 141441 (2021) Kat:3, Licht: 0","141441","3","2","3","12","11","3","","0","1","1","0","0"
"POINT (9.995825108000076 53.549114367000072)","Unfall 141445 (2021) Kat:3, Licht: 2","141445","3","7","6","12","17","3","","2","0","0","1","0"
"POINT (10.027529342000037 53.551766862000079)","Unfall 141446 (2021) Kat:3, Licht: 0","141446","3","7","0","12","09","2","","0","1","0","0","0"
"POINT (9.988728043000037 53.555341882000050)","Unfall 141450 (2021) Kat:3, Licht: 2","141450","3","6","3","12","17","1","","2","0","1","0","0"
"POINT (9.927297966000026 53.551713433000032)","Unfall 141455 (2021) Kat:3, Licht: 2","141455","3","7","0","12","01","2","","2","0","0","0","0"
"POINT (9.886717863000058 53.557443125000077)","Unfall 141456 (2021) Kat:3, Licht: 2","141456","3","2","6","12","17","1","","2","0","1","1","0"
"POINT (9.972772968000072 53.527656146000027)","Unfall 141457 (2021) Kat:2, Licht: 1","141457","2","7","0","12","08","3","","1","1","0","0","0"
"POINT (10.154573599000059 53.655417752000062)","Unfall 141462 (2021) Kat:3, Licht: 0","141462","3","3","5","12","11","6","","0","1","1","0","0"
"POINT (10.004977513000028 53.589037660000031)","Unfall 141465 (2021) Kat:3, Licht: 0","141465","3","7","1","12","15","5","","0","1","1","0","0"
"POINT (9.988501848000055 53.582260133000034)","Unfall 141466 (2021) Kat:3, Licht: 2","141466","3","7","0","12","03","5","","2","0","0","0","0"
"POINT (10.186076004000029 53.649774429000047)","Unfall 141473 (2021) Kat:3, Licht: 0","141473","3","6","2","12","13","2","","0","1","1","0","0"
"POINT (9.759513139000035 53.585602874000074)","Unfall 141474 (2021) Kat:3, Licht: 0","141474","3","7","0","12","08","2","","0","1","0","0","0"
"POINT (9.988911607000034 53.457194419000075)","Unfall 141476 (2021) Kat:3, Licht: 0","141476","3","6","2","12","13","2","","0","0","1","0","0"
"POINT (10.097176974000035 53.654308233000052)","Unfall 141481 (2021) Kat:3, Licht: 2","141481","3","5","1","12","04","7","","2","0","1","0","0"
"POINT (10.049878623000041 53.591758230000039)","Unfall 141482 (2021) Kat:3, Licht: 2","141482","3","4","6","12","17","6","","2","0","1","1","0"
"POINT (10.039165459000060 53.587171005000073)","Unfall 141486 (2021) Kat:3, Licht: 2","141486","3","7","0","12","17","2","","2","1","0","0","0"
"POINT (9.983126850000076 53.543344064000053)","Unfall 141488 (2021) Kat:3, Licht: 2","141488","3","1","0","12","01","7","","2","1","0","0","0"
"POINT (9.850854598000069 53.469731015000036)","Unfall 141490 (2021) Kat:3, Licht: 2","141490","3","4","6","12","17","4","","2","0","0","1","0"
"POINT (9.955710573000033 53.579452428000081)","Unfall 141491 (2021) Kat:3, Licht: 2","141491","3","3","5","12","07","5","","2","0","1","0","0"
"POINT (10.074940783000045 53.574597835000077)","Unfall 141492 (2021) Kat:3, Licht: 2","141492","3","2","5","12","21","1","","2","0","1","0","0"
"POINT (9.986332135000055 53.455521778000048)","Unfall 141497 (2021) Kat:3, Licht: 2","141497","3","4","6","12","00","3","","2","0","1","1","0"
"POINT (10.116974676000041 53.603841152000030)","Unfall 141501 (2021) Kat:3, Licht: 0","141501","3","2","3","12","11","7","","0","0","1","0","0"
"POINT (10.008902787000068 53.552152878000072)","Unfall 141507 (2021) Kat:2, Licht: 0","141507","2","7","5","12","14","2","","0","0","1","0","0"
"POINT (9.982370104000040 53.429006635000064)","Unfall 141508 (2021) Kat:3, Licht: 0","141508","3","7","3","12","08","7","","0","0","1","0","0"
"POINT (10.071842207000032 53.574638341000082)","Unfall 141513 (2021) Kat:3, Licht: 2","141513","3","7","0","12","16","4","","2","1","0","0","0"
"POINT (10.060702852000077 53.649093725000057)","Unfall 141515 (2021) Kat:2, Licht: 0","141515","2","7","5","12","12","3","","0","0","1","0","1"
"POINT (10.063336681000067 53.646372851000081)","Unfall 141518 (2021) Kat:3, Licht: 2","141518","3","1","1","12","22","5","","2","0","1","0","1"
"POINT (10.034765543000049 53.506518519000053)","Unfall 141519 (2021) Kat:2, Licht: 2","141519","2","6","2","12","07","5","","2","0","1","0","0"
"POINT (10.135996230000046 53.614513451000050)","Unfall 141520 (2021) Kat:3, Licht: 2","141520","3","2","3","12","19","6","","2","0","1","0","0"
"POINT (10.206578926000077 53.414650569000059)","Unfall 141525 (2021) Kat:3, Licht: 0","141525","3","5","1","12","15","2","","0","1","0","0","0"
"POINT (10.025910431000057 53.571054354000069)","Unfall 141526 (2021) Kat:3, Licht: 0","141526","3","3","5","12","08","2","","0","0","1","0","0"
"POINT (10.044793964000064 53.579099957000039)","Unfall 141529 (2021) Kat:3, Licht: 0","141529","3","7","6","12","15","3","","0","0","1","1","0"
"POINT (9.961501107000061 53.579975037000054)","Unfall 141533 (2021) Kat:2, Licht: 2","141533","2","3","4","12","18","7","","2","1","1","0","0"
"POINT (9.992729587000042 53.479906587000073)","Unfall 141534 (2021) Kat:3, Licht: 2","141534","3","2","4","12","06","6","","2","1","0","0","0"
"POINT (10.080820222000057 53.585219456000061)","Unfall 141535 (2021) Kat:2, Licht: 2","141535","2","4","6","12","16","6","","2","0","1","1","0"
"POINT (10.127103178000027 53.671099102000028)","Unfall 141540 (2021) Kat:3, Licht: 2","141540","3","2","5","12","17","7","","2","0","1","0","0"
"POINT (10.059700615000054 53.570320495000033)","Unfall 141542 (2021) Kat:3, Licht: 2","141542","3","7","0","12","21","5","","2","0","0","0","1"
"POINT (9.992674197000042 53.592315796000037)","Unfall 141545 (2021) Kat:3, Licht: 2","141545","3","7","0","12","17","6","","2","0","1","0","0"
"POINT (9.969515045000037 53.550196205000077)","Unfall 141546 (2021) Kat:3, Licht: 0","141546","3","3","5","12","10","1","","0","0","1","0","0"
"POINT (10.196019958000022 53.501794536000034)","Unfall 141547 (2021) Kat:2, Licht: 2","141547","2","3","5","12","16","2","","2","0","1","0","0"
"POINT (9.906996342000070 53.616174519000026)","Unfall 141553 (2021) Kat:3, Licht: 2","141553","3","2","6","12","18","3","","2","0","1","1","0"
"POINT (10.055616979000035 53.579872671000032)","Unfall 141555 (2021) Kat:2, Licht: 2","141555","2","3","5","12","16","4","","2","0","1","0","1"
"POINT (10.056473993000054 53.569399460000056)","Unfall 141558 (2021) Kat:3, Licht: 0","141558","3","2","3","12","09","3","","0","1","1","0","0"
"POINT (9.987545469000054 53.517079173000070)","Unfall 141563 (2021) Kat:3, Licht: 2","141563","3","4","0","12","18","2","","2","1","0","1","0"
"POINT (10.010770644000047 53.648159417000045)","Unfall 141564 (2021) Kat:3, Licht: 1","141564","3","6","2","12","17","2","","1","0","1","0","0"
"POINT (10.125636437000026 53.530397785000048)","Unfall 141569 (2021) Kat:3, Licht: 0","141569","3","6","4","12","10","3","","0","0","1","0","0"
"POINT (10.049232272000040 53.587986196000031)","Unfall 141572 (2021) Kat:3, Licht: 0","141572","3","6","2","12","14","4","","0","0","1","0","0"
"POINT (9.955242590000069 53.561412279000081)","Unfall 141577 (2021) Kat:3, Licht: 2","141577","3","2","3","12","16","4","","2","1","1","0","0"
"POINT (10.005829710000057 53.580260881000072)","Unfall 141578 (2021) Kat:3, Licht: 2","141578","3","6","3","12","07","3","","2","1","0","0","0"
"POINT (10.046341534000021 53.596149034000064)","Unfall 141581 (2021) Kat:3, Licht: 0","141581","3","6","2","12","15","2","","0","0","1","0","0"
"POINT (10.033035632000065 53.584443478000082)","Unfall 141586 (2021) Kat:3, Licht: 0","141586","3","7","6","12","13","6","","0","0","0","1","0"
"POINT (10.172506477000070 53.607000927000058)","Unfall 141587 (2021) Kat:3, Licht: 0","141587","3","3","5","12","14","6","","0","1","1","0","0"
"POINT (10.128360150000049 53.601806503000034)","Unfall 141588 (2021) Kat:3, Licht: 2","141588","3","2","6","12","18","6","","2","0","1","1","0"
"POINT (10.113288520000026 53.658877987000039)","Unfall 141593 (2021) Kat:3, Licht: 0","141593","3","3","5","12","11","7","","0","0","1","0","0"
"POINT (9.936138624000023 53.556131944000072)","Unfall 141595 (2021) Kat:3, Licht: 0","141595","3","7","8","12","11","6","","0","0","1","0","0"
"POINT (9.764189781000027 53.582485930000075)","Unfall 141598 (2021) Kat:3, Licht: 0","141598","3","7","0","12","13","5","","0","0","0","0","0"
"POINT (10.155565760000059 53.613865984000029)","Unfall 141599 (2021) Kat:3, Licht: 0","141599","3","2","3","12","12","6","","0","0","1","0","0"
"POINT (10.038792444000023 53.559133103000079)","Unfall 141606 (2021) Kat:3, Licht: 1","141606","3","3","5","12","08","4","","1","1","1","0","0"
"POINT (10.103999145000046 53.553516533000050)","Unfall 141608 (2021) Kat:2, Licht: 2","141608","2","3","5","12","17","3","","2","0","1","0","0"
"POINT (9.864719690000072 53.573403050000081)","Unfall 141612 (2021) Kat:3, Licht: 0","141612","3","4","6","12","13","2","","0","0","1","1","0"
"POINT (9.964546376000044 53.567836613000054)","Unfall 141613 (2021) Kat:3, Licht: 2","141613","3","7","0","12","20","3","","2","1","0","0","0"
"POINT (9.991188221000073 53.556354638000073)","Unfall 141617 (2021) Kat:3, Licht: 0","141617","3","2","4","12","12","2","","0","1","1","0","0"
"POINT (9.981515135000052 53.583094579000033)","Unfall 141621 (2021) Kat:3, Licht: 0","141621","3","6","3","12","11","7","","0","1","1","0","0"
"POINT (10.099938273000021 53.548756946000026)","Unfall 141622 (2021) Kat:3, Licht: 0","141622","3","4","6","12","14","6","","0","0","1","1","0"
"POINT (9.878795751000041 53.585936667000055)","Unfall 141623 (2021) Kat:3, Licht: 2","141623","3","6","0","12","00","3","","2","0","1","0","0"
"POINT (9.993972009000061 53.568205956000043)","Unfall 233427 (2021) Kat:3, Licht: 0","233427","3","7","0","01","12","7","","0","1","0","0","0"
"POINT (10.020009717000050 53.676895154000078)","Unfall 233428 (2021) Kat:3, Licht: 0","233428","3","7","0","01","14","7","","0","1","0","0","0"