WKT,Name,OBJECTID,UKATEGORIE,UTYP1,UART,UMONAT,USTUNDE,UWOCHENTAG,STRZUSTAND,ULICHTVERH,ISTRAD,ISTPKW,ISTFUSS,ISTKRAD
"POINT (10.071750546000033 53.573450965000063)","Unfall 233429 (2021) Kat:2, Licht: 2","233429","2","6","3","01","07","2","","2","1","0","0","0"
"POINT (9.898800927000025 53.592599823000057)","Unfall 233430 (2021) Kat:3, Licht: 2","233430","3","7","0","01","19","2","","2","1","0","0","0"
"POINT (9.980258138000067 53.570289032000062)","Unfall 233431 (2021) Kat:2, Licht: 2","233431","2","7","0","01","18","3","","2","1","0","0","0"
"POINT (10.024872252000023 53.539955102000079)","Unfall 233432 (2021) Kat:3, Licht: 2","233432","3","6","6","01","18","3","","2","1","0","1","0"
"POINT (9.934506488000068 53.574621575000037)","Unfall 233433 (2021) Kat:3, Licht: 0","233433","3","7","0","01","15","7","","0","1","0","0","0"
"POINT (10.021983843000044 53.591951739000081)","Unfall 233434 (2021) Kat:3, Licht: 0","233434","3","3","5","02","08","6","","0","1","1","0","0"
"POINT (10.252312524000047 53.477202400000067)","Unfall 233435 (2021) Kat:3, Licht: 0","233435","3","1","0","02","16","7","","0","1","0","0","0"
"POINT (10.161801807000074 53.631217586000048)","Unfall 233436 (2021) Kat:3, Licht: 1","233436","3","6","6","02","07","6","","1","1","0","1","0"
"POINT (9.880171244000053 53.545601426000076)","Unfall 233437 (2021) Kat:3, Licht: 0","233437","3","7","0","02","13","1","","0","1","0","0","0"
"POINT (10.047386656000072 53.526365650000059)","Unfall 233438 (2021) Kat:3, Licht: 0","233438","3","6","6","02","12","1","","0","1","0","1","0"
"POINT (10.070847359000027 53.627137311000070)","Unfall 233439 (2021) Kat:3, Licht: 0","233439","3","3","5","02","16","2","","0","1","0","0","0"
"POINT (10.091456373000028 53.579115608000052)","Unfall 233440 (2021) Kat:3, Licht: 0","233440","3","6","6","02","13","4","","0","1","0","1","0"
"POINT (9.888096999000027 53.526636950000068)","Unfall 233441 (2021) Kat:3, Licht: 0","233441","3","7","0","02","16","4","","0","1","0","1","0"
"POINT (9.903147831000069 53.560028770000031)","Unfall 233442 (2021) Kat:3, Licht: 0","233442","3","6","6","03","16","2","","0","1","0","0","0"
"POINT (9.948350913000070 53.617340622000029)","Unfall 233443 (2021) Kat:3, Licht: 0","233443","3","6","6","03","17","3","","0","1","0","1","0"
"POINT (9.896678196000039 53.553354650000074)","Unfall 233444 (2021) Kat:3, Licht: 0","233444","3","7","0","03","10","3","","0","1","0","1","0"
"POINT (9.764916138000046 53.564847621000069)","Unfall 233445 (2021) Kat:2, Licht: 1","233445","2","7","7","03","16","3","","1","1","0","0","0"
"POINT (10.143387400000051 53.682020515000033)","Unfall 233446 (2021) Kat:3, Licht: 2","233446","3","7","7","03","04","5","","2","1","0","0","0"
"POINT (10.036141524000072 53.569239883000080)","Unfall 233447 (2021) Kat:3, Licht: 0","233447","3","6","3","03","16","2","","0","1","0","0","0"
"POINT (10.058934638000039 53.519418276000067)","Unfall 233448 (2021) Kat:3, Licht: 0","233448","3","7","9","03","12","4","","0","1","0","0","0"
"POINT (9.839996657000029 53.584611805000065)","Unfall 233449 (2021) Kat:3, Licht: 0","233449","3","7","0","04","11","7","","0","1","0","0","0"
"POINT (9.798046166000063 53.572803434000036)","Unfall 233450 (2021) Kat:3, Licht: 0","233450","3","7","8","04","11","4","","0","1","0","0","0"
"POINT (9.949875792000057 53.617656176000082)","Unfall 233451 (2021) Kat:3, Licht: 0","233451","3","3","5","04","12","7","","0","1","1","0","0"
"POINT (10.166712841000049 53.611597755000048)","Unfall 233452 (2021) Kat:3, Licht: 0","233452","3","7","0","04","17","7","","0","1","0","0","0"
"POINT (10.001292598000020 53.498668261000034)","Unfall 233453 (2021) Kat:3, Licht: 0","233453","3","3","5","04","15","2","","0","1","0","0","0"
"POINT (10.056135765000022 53.575614655000038)","Unfall 233454 (2021) Kat:2, Licht: 0","233454","2","4","6","04","15","4","","0","1","0","1","0"
"POINT (10.036787013000037 53.569585524000047)","Unfall 233455 (2021) Kat:3, Licht: 2","233455","3","7","0","04","00","6","","2","1","0","0","0"
"POINT (9.916923567000026 53.589655002000029)","Unfall 233456 (2021) Kat:3, Licht: 0","233456","3","6","4","04","12","1","","0","1","0","0","0"
"POINT (10.062428338000075 53.509662505000051)","Unfall 233457 (2021) Kat:3, Licht: 0","233457","3","6","3","04","12","1","","0","1","0","0","0"
"POINT (10.128492979000043 53.696853354000041)","Unfall 233458 (2021) Kat:3, Licht: 0","233458","3","7","0","04","19","4","","0","1","0","0","0"
"POINT (10.213662395000028 53.438614318000077)","Unfall 233459 (2021) Kat:3, Licht: 0","233459","3","6","3","04","12","4","","0","1","0","0","0"
"POINT (10.024957284000038 53.595010471000080)","Unfall 233460 (2021) Kat:3, Licht: 0","233460","3","7","9","05","18","2","","0","1","0","0","0"
"POINT (9.995180460000029 53.482027470000048)","Unfall 233461 (2021) Kat:2, Licht: 0","233461","2","7","0","05","13","1","","0","1","0","0","0"
"POINT (10.096349486000065 53.563672321000070)","Unfall 233462 (2021) Kat:3, Licht: 2","233462","3","6","6","05","23","5","","2","1","0","1","0"
"POINT (10.006136931000071 53.558362241000054)","Unfall 233463 (2021) Kat:3, Licht: 0","233463","3","6","4","05","18","7","","0","1","0","0","0"
"POINT (9.933474297000032 53.464131099000042)","Unfall 233464 (2021) Kat:2, Licht: 0","233464","2","7","0","05","09","1","","0","1","0","0","0"
"POINT (9.996750793000047 53.558260729000040)","Unfall 233465 (2021) Kat:3, Licht: 0","233465","3","6","6","05","16","1","","0","1","0","1","0"
"POINT (10.152762017000043 53.599336150000056)","Unfall 233466 (2021) Kat:3, Licht: 0","233466","3","7","0","05","17","7","","0","1","0","0","0"
"POINT (9.981136525000068 53.636380693000035)","Unfall 233467 (2021) Kat:3, Licht: 0","233467","3","7","0","05","15","1","","0","1","0","0","0"
"POINT (10.118188947000021 53.668948196000031)","Unfall 233468 (2021) Kat:3, Licht: 0","233468","3","7","0","05","19","1","","0","1","0","0","0"
"POINT (10.079141638000067 53.612099063000073)","Unfall 233469 (2021) Kat:3, Licht: 0","233469","3","6","3","05","15","2","","0","1","0","0","0"
"POINT (10.036351558000035 53.569354816000043)","Unfall 233470 (2021) Kat:3, Licht: 0","233470","3","3","5","06","16","5","","0","1","0","0","0"
"POINT (10.000632741000061 53.649729583000067)","Unfall 233471 (2021) Kat:3, Licht: 0","233471","3","6","2","06","07","5","","0","1","0","0","0"
"POINT (9.986512576000052 53.602256357000044)","Unfall 233472 (2021) Kat:3, Licht: 0","233472","3","6","4","06","07","6","","0","1","0","0","0"
"POINT (10.016528020000067 53.564301592000049)","Unfall 233473 (2021) Kat:2, Licht: 0","233473","2","6","3","06","21","6","","0","1","0","0","0"
"POINT (9.939874135000025 53.643594693000068)","Unfall 233474 (2021) Kat:3, Licht: 0","233474","3","7","0","06","16","2","","0","1","0","0","0"
"POINT (9.821112118000030 53.554231078000043)","Unfall 233475 (2021) Kat:3, Licht: 0","233475","3","6","4","06","07","3","","0","1","0","0","0"
"POINT (10.025716478000049 53.595150016000048)","Unfall 233476 (2021) Kat:2, Licht: 0","233476","2","1","0","06","19","3","","0","1","0","0","0"
"POINT (10.187004934000072 53.626936463000050)","Unfall 233477 (2021) Kat:3, Licht: 0","233477","3","7","0","06","10","3","","0","1","0","0","0"
"POINT (9.997490388000074 53.561601222000036)","Unfall 233478 (2021) Kat:2, Licht: 0","233478","2","6","4","06","08","4","","0","1","0","0","0"
"POINT (9.846530076000022 53.549715345000038)","Unfall 233479 (2021) Kat:3, Licht: 2","233479","3","7","0","06","23","6","","2","1","0","0","0"
"POINT (10.028910054000050 53.536652508000032)","Unfall 233480 (2021) Kat:3, Licht: 0","233480","3","7","0","06","18","1","","0","1","0","0","0"
"POINT (10.036971072000028 53.569679087000054)","Unfall 233481 (2021) Kat:3, Licht: 0","233481","3","7","0","06","08","2","","0","1","0","0","0"
"POINT (10.002475244000038 53.496322711000062)","Unfall 233482 (2021) Kat:3, Licht: 0","233482","3","1","0","06","08","2","","0","1","0","0","0"
"POINT (9.896986048000031 53.553354998000032)","Unfall 233483 (2021) Kat:2, Licht: 0","233483","2","3","6","06","15","3","","0","1","0","1","0"
"POINT (10.050964628000031 53.524685340000076)","Unfall 233484 (2021) Kat:3, Licht: 0","233484","3","7","0","06","17","5","","0","1","0","0","0"
"POINT (9.887297780000040 53.531082021000032)","Unfall 233485 (2021) Kat:3, Licht: 2","233485","3","7","0","06","03","7","","2","1","0","0","0"
"POINT (10.092497529000070 53.659050069000045)","Unfall 233486 (2021) Kat:3, Licht: 0","233486","3","7","0","06","19","1","","0","1","0","0","0"
"POINT (10.054356663000021 53.574968011000067)","Unfall 233487 (2021) Kat:3, Licht: 0","233487","3","7","0","06","18","4","","0","1","0","0","0"
"POINT (10.050783246000037 53.576342946000068)","Unfall 233488 (2021) Kat:3, Licht: 0","233488","3","6","6","06","16","5","","0","1","0","1","0"
"POINT (10.018924167000023 53.484908087000065)","Unfall 233489 (2021) Kat:3, Licht: 0","233489","3","6","6","06","18","7","","0","1","0","1","0"
"POINT (9.970369948000041 53.567308970000056)","Unfall 233490 (2021) Kat:3, Licht: 2","233490","3","3","5","06","01","1","","2","1","1","0","0"
"POINT (9.948813410000071 53.608219084000041)","Unfall 233491 (2021) Kat:3, Licht: 1","233491","3","7","0","06","21","1","","1","1","0","0","0"
"POINT (10.097899612000049 53.546701443000075)","Unfall 233492 (2021) Kat:3, Licht: 0","233492","3","4","6","06","18","1","","0","1","0","1","0"
"POINT (10.152226784000050 53.491644184000052)","Unfall 233493 (2021) Kat:3, Licht: 0","233493","3","7","0","06","15","1","","0","1","0","0","0"
"POINT (9.848979328000041 53.452853461000075)","Unfall 233494 (2021) Kat:3, Licht: 0","233494","3","1","0","06","12","1","","0","1","0","0","0"
"POINT (9.960480561000054 53.614597909000054)","Unfall 233495 (2021) Kat:3, Licht: 0","233495","3","7","0","07","13","3","","0","1","0","0","0"
"POINT (10.030646801000046 53.658885356000042)","Unfall 233496 (2021) Kat:3, Licht: 0","233496","3","1","0","07","15","4","","0","1","0","0","0"
"POINT (9.997408556000039 53.561436332000028)","Unfall 233497 (2021) Kat:3, Licht: 0","233497","3","6","4","07","17","5","","0","1","0","0","0"
"POINT (10.124532977000058 53.552823547000060)","Unfall 233498 (2021) Kat:3, Licht: 0","233498","3","3","5","07","18","5","","0","1","1","0","0"
"POINT (9.863247153000032 53.508041471000070)","Unfall 233499 (2021) Kat:3, Licht: 0","233499","3","1","8","07","13","5","","0","1","0","0","0"
"POINT (10.222350007000045 53.497362877000057)","Unfall 233500 (2021) Kat:3, Licht: 0","233500","3","7","0","07","12","7","","0","1","0","0","0"
"POINT (10.023556433000067 53.593182219000028)","Unfall 233501 (2021) Kat:3, Licht: 0","233501","3","6","6","07","19","4","","0","1","0","1","0"
"POINT (10.070875511000054 53.575886950000040)","Unfall 233502 (2021) Kat:3, Licht: 0","233502","3","7","0","07","14","5","","0","1","0","1","0"
"POINT (10.145979294000028 53.535748208000030)","Unfall 233503 (2021) Kat:2, Licht: 0","233503","2","7","0","07","14","5","","0","1","0","0","0"
"POINT (10.138715933000071 53.513099673000056)","Unfall 233504 (2021) Kat:2, Licht: 0","233504","2","1","0","07","12","5","","0","1","0","0","0"
"POINT (9.997584801000073 53.494575271000031)","Unfall 233505 (2021) Kat:3, Licht: 0","233505","3","7","7","07","09","6","","0","1","0","0","0"
"POINT (9.973858307000057 53.625852942000051)","Unfall 233506 (2021) Kat:3, Licht: 0","233506","3","7","7","07","14","1","","0","1","0","0","0"
"POINT (9.806322747000024 53.530121749000045)","Unfall 233507 (2021) Kat:2, Licht: 0","233507","2","6","2","07","12","1","","0","1","0","0","0"
"POINT (9.981128056000045 53.464003541000068)","Unfall 233508 (2021) Kat:2, Licht: 1","233508","2","1","0","07","06","4","","1","1","0","0","0"
"POINT (10.083139879000043 53.474458812000080)","Unfall 233509 (2021) Kat:3, Licht: 0","233509","3","7","0","07","14","7","","0","1","0","0","0"
"POINT (10.010156944000073 53.596905182000057)","Unfall 233510 (2021) Kat:2, Licht: 0","233510","2","7","0","07","13","5","","0","1","0","0","0"
"POINT (10.083551054000054 53.544597360000068)","Unfall 233511 (2021) Kat:3, Licht: 0","233511","3","3","5","07","18","5","","0","1","1","0","0"
"POINT (9.774535997000044 53.596442929000034)","Unfall 233512 (2021) Kat:2, Licht: 0","233512","2","6","4","07","15","6","","0","1","0","0","0"
"POINT (10.062146632000065 53.508078720000071)","Unfall 233513 (2021) Kat:3, Licht: 0","233513","3","6","2","08","12","7","","0","1","0","0","0"
"POINT (9.990203826000027 53.651844879000066)","Unfall 233514 (2021) Kat:3, Licht: 0","233514","3","3","5","08","14","2","","0","1","0","0","0"
"POINT (10.018858041000044 53.558013081000070)","Unfall 233515 (2021) Kat:3, Licht: 0","233515","3","7","3","08","08","3","","0","1","1","0","0"
"POINT (9.938325984000073 53.576584960000048)","Unfall 233516 (2021) Kat:3, Licht: 0","233516","3","7","0","08","08","3","","0","1","0","0","0"
"POINT (9.994382561000066 53.558421817000067)","Unfall 233517 (2021) Kat:3, Licht: 0","233517","3","7","2","08","07","5","","0","1","0","0","0"
"POINT (10.142446289000077 53.615880008000033)","Unfall 233518 (2021) Kat:3, Licht: 0","233518","3","3","5","08","18","5","","0","1","0","0","0"
"POINT (10.140670647000036 53.651008671000056)","Unfall 233519 (2021) Kat:3, Licht: 0","233519","3","3","5","08","17","6","","0","1","0","0","0"
"POINT (10.062140008000029 53.508011544000055)","Unfall 233520 (2021) Kat:3, Licht: 0","233520","3","4","6","08","14","7","","0","1","0","1","0"
"POINT (9.931609199000036 53.544304549000060)","Unfall 233521 (2021) Kat:3, Licht: 2","233521","3","7","0","08","00","1","","2","1","0","0","0"
"POINT (9.978876168000056 53.441289884000071)","Unfall 233522 (2021) Kat:2, Licht: 0","233522","2","7","0","08","14","1","","0","1","0","0","0"
"POINT (10.123882178000031 53.635728955000047)","Unfall 233523 (2021) Kat:3, Licht: 0","233523","3","3","5","08","07","3","","0","1","0","0","0"
"POINT (9.917990729000053 53.570214538000073)","Unfall 233524 (2021) Kat:3, Licht: 0","233524","3","3","5","08","09","5","","0","1","1","0","0"
"POINT (9.826285768000048 53.513224256000058)","Unfall 233525 (2021) Kat:3, Licht: 0","233525","3","7","0","08","19","6","","0","1","0","0","0"
"POINT (9.851716549000059 53.548965907000081)","Unfall 233526 (2021) Kat:2, Licht: 0","233526","2","7","0","08","19","6","","0","1","0","0","0"
"POINT (10.042695845000026 53.619795016000069)","Unfall 233527 (2021) Kat:3, Licht: 0","233527","3","5","1","08","16","2","","0","1","1","0","0"
"POINT (10.161666081000021 53.638396003000082)","Unfall 233528 (2021) Kat:3, Licht: 0","233528","3","7","0","09","16","4","","0","1","0","0","0"
"POINT (9.952676105000023 53.553191127000048)","Unfall 233529 (2021) Kat:3, Licht: 0","233529","3","4","6","09","14","5","","0","1","0","1","0"
"POINT (10.030248407000045 53.599553699000069)","Unfall 233530 (2021) Kat:3, Licht: 0","233530","3","2","5","09","16","5","","0","1","0","0","0"
"POINT (9.858680849000052 53.535636011000065)","Unfall 233531 (2021) Kat:3, Licht: 0","233531","3","6","4","09","20","5","","0","1","0","0","0"
"POINT (10.079201400000045 53.608618115000070)","Unfall 233532 (2021) Kat:3, Licht: 0","233532","3","6","2","09","10","6","","0","1","0","0","0"
"POINT (9.991807577000031 53.600828082000078)","Unfall 233533 (2021) Kat:3, Licht: 0","233533","3","1","0","09","07","3","","0","1","0","0","0"
"POINT (10.081987390000052 53.627096685000026)","Unfall 233534 (2021) Kat:3, Licht: 0","233534","3","5","1","09","12","5","","0","1","1","0","0"
"POINT (10.102211682000075 53.582766837000065)","Unfall 233535 (2021) Kat:3, Licht: 2","233535","3","7","0","09","00","6","","2","1","0","0","0"
"POINT (10.059311786000023 53.585813983000037)","Unfall 233536 (2021) Kat:3, Licht: 2","233536","3","7","0","09","22","7","","2","1","0","0","0"
"POINT (10.013873852000074 53.561750767000035)","Unfall 233537 (2021) Kat:3, Licht: 0","233537","3","6","4","09","16","1","","0","1","0","0","0"
"POINT (9.974716864000072 53.589424257000076)","Unfall 233538 (2021) Kat:3, Licht: 0","233538","3","3","0","09","07","4","","0","1","0","0","0"
"POINT (10.082346182000038 53.704536066000060)","Unfall 233539 (2021) Kat:2, Licht: 0","233539","2","7","0","09","14","6","","0","1","0","0","0"
"POINT (10.077288160000023 53.577847575000078)","Unfall 233540 (2021) Kat:3, Licht: 0","233540","3","6","3","09","07","2","","0","1","0","0","0"
"POINT (9.902545528000076 53.559098379000034)","Unfall 233541 (2021) Kat:3, Licht: 0","233541","3","4","6","09","14","6","","0","1","0","1","0"
"POINT (10.014148344000034 53.596153730000026)","Unfall 233542 (2021) Kat:3, Licht: 0","233542","3","3","6","09","14","1","","0","1","0","1","0"
"POINT (10.123382066000033 53.601027155000054)","Unfall 233543 (2021) Kat:3, Licht: 0","233543","3","7","0","09","17","1","","0","1","0","0","0"
"POINT (10.119100379000031 53.685147642000061)","Unfall 233544 (2021) Kat:3, Licht: 0","233544","3","1","0","09","17","3","","0","1","0","0","0"
"POINT (10.018892407000067 53.592708792000053)","Unfall 233545 (2021) Kat:3, Licht: 0","233545","3","6","6","09","12","4","","0","1","0","1","0"
"POINT (10.221822001000021 53.504378218000056)","Unfall 233546 (2021) Kat:2, Licht: 0","233546","2","7","0","09","17","4","","0","1","0","0","0"
"POINT (9.982273734000046 53.552133337000043)","Unfall 233547 (2021) Kat:3, Licht: 2","233547","3","7","0","10","21","6","","2","1","0","0","0"
"POINT (10.027086745000076 53.595644223000079)","Unfall 233548 (2021) Kat:3, Licht: 0","233548","3","7","0","10","13","6","","0","1","0","0","0"
"POINT (10.075891996000053 53.624495557000046)","Unfall 233549 (2021) Kat:3, Licht: 0","233549","3","7","0","10","16","6","","0","1","0","0","0"
"POINT (9.985590104000039 53.521414474000039)","Unfall 233550 (2021) Kat:3, Licht: 0","233550","3","1","0","10","13","1","","0","1","0","0","0"
"POINT (10.005669973000067 53.539975795000032)","Unfall 233551 (2021) Kat:3, Licht: 0","233551","3","7","0","10","13","1","","0","1","0","1","0"
"POINT (10.027492373000030 53.628624353000077)","Unfall 233552 (2021) Kat:2, Licht: 0","233552","2","6","6","10","16","2","","0","1","0","1","0"
"POINT (10.080192342000032 53.630517062000081)","Unfall 233553 (2021) Kat:3, Licht: 0","233553","3","6","3","10","14","4","","0","1","1","0","0"
"POINT (9.863575985000068 53.547337194000079)","Unfall 233554 (2021) Kat:3, Licht: 0","233554","3","3","5","10","08","6","","0","1","0","0","1"
"POINT (10.199605276000057 53.634603950000042)","Unfall 233555 (2021) Kat:2, Licht: 0","233555","2","7","0","10","14","6","","0","1","0","0","0"
"POINT (9.873394410000060 53.474116951000042)","Unfall 233556 (2021) Kat:2, Licht: 1","233556","2","7","0","10","18","4","","1","1","0","0","0"
"POINT (9.880825738000055 53.476804581000067)","Unfall 233557 (2021) Kat:3, Licht: 2","233557","3","7","6","10","21","7","","2","1","0","1","0"
"POINT (9.953188608000062 53.557181914000068)","Unfall 233558 (2021) Kat:3, Licht: 0","233558","3","3","5","10","16","2","","0","1","0","0","0"
"POINT (10.055143469000029 53.575276966000047)","Unfall 233559 (2021) Kat:3, Licht: 1","233559","3","4","6","10","17","3","","1","1","0","1","0"
"POINT (10.005563479000045 53.558174766000036)","Unfall 233560 (2021) Kat:3, Licht: 0","233560","3","6","4","10","12","7","","0","1","0","0","0"
"POINT (10.066723613000022 53.653409769000064)","Unfall 233561 (2021) Kat:3, Licht: 0","233561","3","7","0","11","07","2","","0","1","0","0","0"
"POINT (10.211978248000037 53.489821918000075)","Unfall 233562 (2021) Kat:3, Licht: 0","233562","3","5","1","11","09","3","","0","1","0","0","0"
"POINT (9.939568407000024 53.616226429000051)","Unfall 233563 (2021) Kat:3, Licht: 1","233563","3","6","6","11","16","3","","1","1","0","1","0"
"POINT (10.137274686000069 53.484712287000036)","Unfall 233564 (2021) Kat:3, Licht: 2","233564","3","7","0","11","20","3","","2","1","0","0","0"
"POINT (10.038329258000033 53.555643962000033)","Unfall 233565 (2021) Kat:3, Licht: 0","233565","3","7","0","11","10","4","","0","1","0","0","0"
"POINT (10.054047351000065 53.619735289000062)","Unfall 233566 (2021) Kat:3, Licht: 2","233566","3","7","0","11","17","5","","2","1","0","0","0"
"POINT (10.062564139000074 53.608469464000052)","Unfall 233567 (2021) Kat:3, Licht: 2","233567","3","7","0","11","17","6","","2","1","0","0","0"
"POINT (9.991835770000023 53.600892953000027)","Unfall 233568 (2021) Kat:3, Licht: 0","233568","3","7","0","11","13","7","","0","1","0","0","0"
"POINT (10.088814121000041 53.652212949000045)","Unfall 233569 (2021) Kat:3, Licht: 0","233569","3","7","0","11","10","1","","0","1","0","0","0"
"POINT (9.947133331000032 53.561089087000028)","Unfall 233570 (2021) Kat:3, Licht: 0","233570","3","3","5","12","12","5","","0","1","1","0","0"
"POINT (9.931889449000039 53.555458644000055)","Unfall 233571 (2021) Kat:3, Licht: 0","233571","3","5","1","12","15","3","","0","1","1","0","0"
"POINT (10.013675455000055 53.596236587000078)","Unfall 233572 (2021) Kat:3, Licht: 0","233572","3","3","5","12","14","2","","0","1","0","0","0"
"POINT (10.010799447000068 53.560329946000081)","Unfall 233573 (2021) Kat:3, Licht: 0","233573","3","7","0","12","14","6","","0","1","0","0","0"
"POINT (9.984623606000071 53.566198311000051)","Unfall 233574 (2021) Kat:2, Licht: 0","233574","2","7","0","12","10","7","","0","1","0","0","0"
"POINT (10.119600789000060 53.593017059000033)","Unfall 233575 (2021) Kat:2, Licht: 2","233575","2","7","0","12","18","3","","2","1","0","0","0"
"POINT (10.125126788000046 53.624835339000072)","Unfall 233576 (2021) Kat:3, Licht: 0","233576","3","7","0","12","15","1","","0","1","0","0","0"
"POINT (10.008380770000031 53.555803286000071)","Unfall 233577 (2021) Kat:3, Licht: 0","233577","3","3","0","12","14","5","","0","1","1","0","0"
"POINT (9.948821533000061 53.562283385000100)","Unfall 2674 (2022) Kat:3, Licht: 0","2674","3","2","3","07","07","2","","0","1","1","0","0"
"POINT (9.840439401000030 53.573317051000103)","Unfall 2677 (2022) Kat:3, Licht: 0","2677","3","6","1","05","14","3","","0","0","1","0","0"
"POINT (10.028670881000000 53.452840389000102)","Unfall 2678 (2022) Kat:3, Licht: 0","2678","3","6","2","03","12","3","","0","0","0","0","0"
"POINT (10.034219717999999 53.564414790999997)","Unfall 2692 (2022) Kat:3, Licht: 0","2692","3","6","2","06","18","5","","0","0","1","0","0"
"POINT (9.914807734000020 53.543141013000103)","Unfall 2693 (2022) Kat:3, Licht: 0","2693","3","6","2","02","16","3","","0","0","1","0","0"
"POINT (9.976846039000071 53.549378594000103)","Unfall 2702 (2022) Kat:3, Licht: 0","2702","3","6","4","08","18","5","","0","1","0","0","0"
"POINT (10.030540732000100 53.545146969000001)","Unfall 2706 (2022) Kat:3, Licht: 0","2706","3","6","3","06","14","6","","0","0","1","0","1"
"POINT (9.901348710000040 53.564814835000000)","Unfall 2707 (2022) Kat:3, Licht: 0","2707","3","2","3","03","14","6","","0","1","1","0","0"
"POINT (10.021164498000100 53.575275208000100)","Unfall 2720 (2022) Kat:3, Licht: 0","2720","3","2","3","04","18","5","","0","1","0","0","0"
"POINT (10.040652057999999 53.554604352000098)","Unfall 2721 (2022) Kat:3, Licht: 0","2721","3","6","2","02","13","2","","0","0","1","0","0"
"POINT (9.983925112000071 53.596037312000099)","Unfall 2737 (2022) Kat:3, Licht: 0","2737","3","6","2","06","11","2","","0","0","1","0","0"
"POINT (10.226623864000000 53.487972784000100)","Unfall 2740 (2022) Kat:2, Licht: 2","2740","2","7","8","01","06","5","","2","0","0","0","0"
"POINT (10.025650641000000 53.553278315999997)","Unfall 2748 (2022) Kat:3, Licht: 0","2748","3","3","6","07","11","4","","0","1","0","1","0"
"POINT (9.908384121000040 53.621103271000003)","Unfall 2752 (2022) Kat:3, Licht: 0","2752","3","6","0","05","09","2","","0","0","1","0","0"
"POINT (9.921640209000030 53.515648079000101)","Unfall 2753 (2022) Kat:3, Licht: 0","2753","3","6","3","03","17","4","","0","0","1","0","0"
"POINT (9.915510466000059 53.582413465999998)","Unfall 2765 (2022) Kat:3, Licht: 0","2765","3","3","5","04","16","3","","0","0","1","0","0"
"POINT (10.020358447000000 53.543961426000102)","Unfall 2766 (2022) Kat:3, Licht: 0","2766","3","6","2","02","16","3","","0","0","1","0","0"
"POINT (9.952329059000020 53.613433464000103)","Unfall 2781 (2022) Kat:3, Licht: 2","2781","3","7","0","06","00","1","","2","1","0","0","0"
"POINT (10.000947990000000 53.547595391000101)","Unfall 2795 (2022) Kat:3, Licht: 0","2795","3","3","5","07","14","1","","0","0","1","0","1"
"POINT (9.943942630000040 53.440191819000098)","Unfall 2799 (2022) Kat:3, Licht: 0","2799","3","6","0","05","13","6","","0","0","1","0","1"
"POINT (10.038627221000100 53.559671573999999)","Unfall 2800 (2022) Kat:3, Licht: 0","2800","3","6","0","03","13","7","","0","0","1","0","1"
"POINT (10.021644713000100 53.543478329999999)","Unfall 2813 (2022) Kat:3, Licht: 0","2813","3","6","2","02","13","5","","0","0","1","0","0"
"POINT (9.968658009000020 53.585892731999998)","Unfall 2826 (2022) Kat:3, Licht: 0","2826","3","7","3","06","17","2","","0","0","1","0","0"
"POINT (9.956276875000070 53.570549765000102)","Unfall 2829 (2022) Kat:3, Licht: 0","2829","3","2","3","04","08","6","","0","1","1","0","0"
"POINT (9.986789925000039 53.603321435000097)","Unfall 2839 (2022) Kat:3, Licht: 0","2839","3","2","4","07","13","6","","0","1","1","0","0"
"POINT (9.877095194000050 53.570009014999997)","Unfall 2842 (2022) Kat:3, Licht: 0","2842","3","2","3","05","12","6","","0","1","0","0","0"
"POINT (9.971607920000050 53.550044743000100)","Unfall 2843 (2022) Kat:3, Licht: 0","2843","3","6","2","02","09","7","","0","0","1","0","0"
"POINT (9.950261909000060 53.649227352000104)","Unfall 2858 (2022) Kat:3, Licht: 0","2858","3","6","2","07","19","3","","0","0","1","0","0"
"POINT (9.960204915000080 53.559970466999999)","Unfall 2860 (2022) Kat:3, Licht: 2","2860","3","5","1","01","16","2","","2","1","1","0","0"
"POINT (9.922415042000070 53.594376072000003)","Unfall 2868 (2022) Kat:3, Licht: 0","2868","3","6","2","08","20","2","","0","0","1","0","0"
"POINT (9.986229904000030 53.547777382000000)","Unfall 2872 (2022) Kat:3, Licht: 0","2872","3","2","3","06","10","5","","0","1","0","0","0"
"POINT (9.964666828000080 53.554906090000003)","Unfall 2873 (2022) Kat:3, Licht: 2","2873","3","3","5","03","01","4","","2","0","0","0","0"
"POINT (9.848189409000041 53.472758841000001)","Unfall 2885 (2022) Kat:3, Licht: 0","2885","3","4","6","04","16","4","","0","0","1","1","0"
"POINT (9.984363044000080 53.600984783000101)","Unfall 2886 (2022) Kat:3, Licht: 2","2886","3","2","3","02","19","3","","2","0","1","0","0"
"POINT (9.912988808000019 53.619348445000099)","Unfall 2902 (2022) Kat:3, Licht: 0","2902","3","6","3","06","15","1","","0","0","1","0","1"
"POINT (9.844016321000030 53.472703598000102)","Unfall 2905 (2022) Kat:2, Licht: 0","2905","2","1","8","01","12","6","","0","0","1","0","0"
"POINT (9.905492826000060 53.620190645000001)","Unfall 2914 (2022) Kat:3, Licht: 0","2914","3","6","2","07","18","2","","0","0","1","0","0"
"POINT (9.946174402000050 53.562840475000002)","Unfall 2918 (2022) Kat:3, Licht: 0","2918","3","6","4","05","08","4","","0","1","0","0","0"