WKT,Name,OBJECTID,UKATEGORIE,UTYP1,UART,UMONAT,USTUNDE,UWOCHENTAG,STRZUSTAND,ULICHTVERH,ISTRAD,ISTPKW,ISTFUSS,ISTKRAD
"POINT (9.969535782000040 53.583996430000099)","Unfall 2919 (2022) Kat:3, Licht: 2","2919","3","3","5","03","23","1","","2","0","1","0","1"
"POINT (9.937752542000061 53.576781457000003)","Unfall 2920 (2022) Kat:3, Licht: 0","2920","3","2","3","01","12","2","","0","1","1","0","0"
"POINT (9.917617350000061 53.564243204000000)","Unfall 2933 (2022) Kat:3, Licht: 0","2933","3","7","5","04","09","3","","0","1","1","0","0"
"POINT (9.931330282000030 53.563447155000098)","Unfall 2934 (2022) Kat:3, Licht: 0","2934","3","4","6","02","16","5","","0","0","1","1","0"
"POINT (10.152291952000001 53.554885108000100)","Unfall 2948 (2022) Kat:3, Licht: 0","2948","3","6","3","06","09","2","","0","0","1","0","0"
"POINT (9.938486589000039 53.625152933999999)","Unfall 2960 (2022) Kat:3, Licht: 2","2960","3","1","8","07","23","1","","2","0","1","0","0"
"POINT (9.949220526000030 53.562221477999998)","Unfall 2964 (2022) Kat:3, Licht: 0","2964","3","4","0","05","18","1","","0","1","0","1","0"
"POINT (10.180506511999999 53.507488210000098)","Unfall 2965 (2022) Kat:3, Licht: 0","2965","3","6","2","03","15","6","","0","0","1","0","0"
"POINT (9.964638533000031 53.555083418000002)","Unfall 2967 (2022) Kat:3, Licht: 0","2967","3","3","5","01","11","5","","0","1","1","0","0"
"POINT (10.019449977000001 53.544282647000003)","Unfall 2975 (2022) Kat:3, Licht: 0","2975","3","6","2","07","12","4","","0","0","1","0","0"
"POINT (9.954617078000069 53.570742330000002)","Unfall 2979 (2022) Kat:3, Licht: 0","2979","3","2","5","05","11","6","","0","1","1","0","0"
"POINT (10.013380707000101 53.589898860000098)","Unfall 2980 (2022) Kat:3, Licht: 0","2980","3","3","6","03","16","5","","0","1","0","1","0"
"POINT (10.213679603000100 53.486296950000103)","Unfall 2981 (2022) Kat:3, Licht: 0","2981","3","4","6","01","12","7","","0","0","1","1","0"
"POINT (9.969483402000041 53.583988073000100)","Unfall 2994 (2022) Kat:3, Licht: 2","2994","3","2","3","04","23","7","","2","1","1","0","0"
"POINT (9.935137001000040 53.579847952000101)","Unfall 2995 (2022) Kat:3, Licht: 0","2995","3","3","5","02","12","2","","0","0","1","0","0"
"POINT (10.265266623000100 53.467963085000100)","Unfall 3009 (2022) Kat:2, Licht: 0","3009","2","6","2","06","14","4","","0","0","1","0","0"
"POINT (9.964571557000060 53.599250026000000)","Unfall 3021 (2022) Kat:3, Licht: 0","3021","3","2","0","07","14","3","","0","0","1","0","0"
"POINT (9.916191744000059 53.564515812000103)","Unfall 3025 (2022) Kat:3, Licht: 0","3025","3","6","2","05","16","6","","0","0","1","0","0"
"POINT (10.023715051000099 53.573071966999997)","Unfall 3026 (2022) Kat:3, Licht: 0","3026","3","4","6","03","12","2","","0","1","0","1","0"
"POINT (10.061315743000000 53.509343650000098)","Unfall 3039 (2022) Kat:3, Licht: 2","3039","3","1","8","02","19","7","","2","0","1","0","0"
"POINT (9.945249039000030 53.563215779000103)","Unfall 3053 (2022) Kat:3, Licht: 2","3053","3","7","0","06","23","7","","2","1","0","0","0"
"POINT (9.922781954000071 53.631258584000101)","Unfall 3055 (2022) Kat:3, Licht: 2","3055","3","6","2","04","00","7","","2","0","1","0","0"
"POINT (9.907519875000050 53.617834080000101)","Unfall 3067 (2022) Kat:3, Licht: 0","3067","3","6","2","05","15","3","","0","0","1","0","0"
"POINT (9.942876804000040 53.471144828000000)","Unfall 3068 (2022) Kat:3, Licht: 0","3068","3","6","4","02","07","1","","0","0","1","0","0"
"POINT (9.959337010000070 53.574479183999998)","Unfall 3083 (2022) Kat:3, Licht: 0","3083","3","7","0","07","20","7","","0","0","0","0","0"
"POINT (9.986585238000030 53.547718740999997)","Unfall 3085 (2022) Kat:3, Licht: 2","3085","3","3","5","01","21","1","","2","0","1","0","0"
"POINT (9.961831528000060 53.559152349000001)","Unfall 3094 (2022) Kat:3, Licht: 2","3094","3","7","0","08","04","5","","2","0","0","0","0"
"POINT (9.944585735000031 53.565362793000098)","Unfall 3098 (2022) Kat:3, Licht: 1","3098","3","7","0","05","05","1","","1","0","0","0","0"
"POINT (9.961316381000071 53.605335756000002)","Unfall 3099 (2022) Kat:3, Licht: 0","3099","3","2","3","03","11","3","","0","0","1","0","0"
"POINT (9.941351375000069 53.572804658999999)","Unfall 3112 (2022) Kat:3, Licht: 0","3112","3","3","5","04","11","3","","0","0","1","0","0"
"POINT (9.907519875000050 53.617834080000101)","Unfall 3113 (2022) Kat:3, Licht: 2","3113","3","3","5","02","17","2","","2","0","1","0","0"
"POINT (9.988736202000039 53.592765532000001)","Unfall 3129 (2022) Kat:3, Licht: 0","3129","3","4","6","06","14","4","","0","0","0","1","0"
"POINT (10.000365755000100 53.593462872000003)","Unfall 3141 (2022) Kat:3, Licht: 0","3141","3","3","5","07","12","5","","0","1","1","0","0"
"POINT (9.944573236000050 53.565109828000097)","Unfall 3145 (2022) Kat:3, Licht: 0","3145","3","1","0","05","09","3","","0","1","0","0","0"
"POINT (10.007930399999999 53.618355541000000)","Unfall 3146 (2022) Kat:3, Licht: 0","3146","3","2","3","03","16","4","","0","1","1","0","0"
"POINT (10.049456998000000 53.509438788000097)","Unfall 3147 (2022) Kat:3, Licht: 2","3147","3","6","2","01","07","2","","2","0","1","0","0"
"POINT (10.042723655000000 53.509889962999999)","Unfall 3161 (2022) Kat:3, Licht: 0","3161","3","6","3","04","18","7","","0","0","1","0","0"
"POINT (10.029807842000000 53.444744087000103)","Unfall 3162 (2022) Kat:2, Licht: 1","3162","2","1","9","02","17","6","","1","0","1","0","0"
"POINT (10.065638776000100 53.509248870000100)","Unfall 3175 (2022) Kat:3, Licht: 0","3175","3","6","2","06","06","4","","0","0","1","0","0"
"POINT (10.041256145000000 53.552604968000097)","Unfall 3178 (2022) Kat:3, Licht: 0","3178","3","7","0","04","14","7","","0","1","0","0","0"
"POINT (10.221312876000100 53.487645519000097)","Unfall 3188 (2022) Kat:3, Licht: 0","3188","3","6","2","07","17","4","","0","0","1","0","0"
"POINT (9.967740166000061 53.468080192000102)","Unfall 3192 (2022) Kat:3, Licht: 0","3192","3","3","5","05","09","2","","0","1","1","0","0"
"POINT (9.814757907000059 53.577633880000100)","Unfall 3193 (2022) Kat:3, Licht: 0","3193","3","6","2","03","10","2","","0","0","1","0","0"
"POINT (9.909240284000081 53.624866499000099)","Unfall 3207 (2022) Kat:3, Licht: 0","3207","3","5","1","02","15","3","","0","1","1","0","0"
"POINT (9.911047158000031 53.637329397000002)","Unfall 3221 (2022) Kat:3, Licht: 0","3221","3","6","2","06","15","3","","0","0","1","0","1"
"POINT (10.031640704999999 53.538274780999998)","Unfall 3222 (2022) Kat:3, Licht: 0","3222","3","6","2","04","16","3","","0","0","1","0","0"
"POINT (9.846568577000030 53.572872777000001)","Unfall 3235 (2022) Kat:3, Licht: 2","3235","3","2","4","05","02","6","","2","1","0","0","0"
"POINT (10.033396909000000 53.512379879000001)","Unfall 3236 (2022) Kat:3, Licht: 0","3236","3","6","2","02","12","1","","0","0","1","0","0"
"POINT (9.992412683000049 53.457573085000000)","Unfall 3251 (2022) Kat:3, Licht: 0","3251","3","6","2","06","06","3","","0","0","1","0","0"
"POINT (10.183620961000001 53.506162353000001)","Unfall 3253 (2022) Kat:2, Licht: 2","3253","2","6","2","01","04","1","","2","0","1","0","0"
"POINT (10.024255613999999 53.529705819000100)","Unfall 3272 (2022) Kat:3, Licht: 2","3272","3","6","3","01","22","2","","2","0","1","0","0"
"POINT (9.961718997000050 53.559221524000101)","Unfall 3286 (2022) Kat:2, Licht: 0","3286","2","2","3","06","08","3","","0","1","1","0","0"
"POINT (10.182328011999999 53.506753341000000)","Unfall 3287 (2022) Kat:3, Licht: 0","3287","3","6","2","04","14","4","","0","0","1","0","0"
"POINT (9.951139553000081 53.615785754000100)","Unfall 3298 (2022) Kat:3, Licht: 0","3298","3","6","2","05","16","2","","0","0","1","0","1"
"POINT (9.949128687000041 53.562234291000003)","Unfall 3299 (2022) Kat:3, Licht: 0","3299","3","6","1","02","16","7","","0","0","1","0","1"
"POINT (9.900755869000021 53.568194564000102)","Unfall 3313 (2022) Kat:3, Licht: 0","3313","3","6","2","06","16","2","","0","0","1","0","0"
"POINT (9.967685922000040 53.516053002000000)","Unfall 3315 (2022) Kat:3, Licht: 0","3315","3","6","3","01","15","6","","0","0","1","0","0"
"POINT (9.993277549000030 53.457527998000003)","Unfall 3324 (2022) Kat:3, Licht: 0","3324","3","7","0","08","08","3","","0","1","0","0","0"
"POINT (10.003962182000100 53.615883957999998)","Unfall 3328 (2022) Kat:3, Licht: 0","3328","3","6","0","06","18","6","","0","0","1","0","1"
"POINT (10.028903642000000 53.547256231000098)","Unfall 3329 (2022) Kat:3, Licht: 0","3329","3","6","4","03","07","6","","0","1","0","0","0"
"POINT (10.036952782000100 53.561643367999999)","Unfall 3342 (2022) Kat:3, Licht: 0","3342","3","3","5","04","15","6","","0","1","0","1","0"
"POINT (9.992348756000069 53.457573000000103)","Unfall 3343 (2022) Kat:3, Licht: 2","3343","3","6","2","02","17","3","","2","0","1","0","0"
"POINT (9.993968135000051 53.547321033999999)","Unfall 3360 (2022) Kat:3, Licht: 0","3360","3","2","3","06","13","7","","0","1","1","0","0"
"POINT (9.976589596000050 53.465276766000002)","Unfall 3372 (2022) Kat:3, Licht: 0","3372","3","6","3","07","20","4","","0","0","1","0","0"
"POINT (9.835595631000050 53.574127807000103)","Unfall 3376 (2022) Kat:3, Licht: 0","3376","3","6","2","05","15","5","","0","0","1","0","0"
"POINT (9.822901797000039 53.576442213000099)","Unfall 3377 (2022) Kat:3, Licht: 0","3377","3","2","2","03","15","3","","0","0","1","0","0"
"POINT (9.865317052000020 53.571519158000100)","Unfall 3378 (2022) Kat:3, Licht: 2","3378","3","1","0","01","07","3","","2","0","1","0","0"
"POINT (9.969342316000050 53.584425428000003)","Unfall 3391 (2022) Kat:3, Licht: 0","3391","3","4","6","04","12","6","","0","0","0","1","0"
"POINT (10.162480334000101 53.516031145000099)","Unfall 3392 (2022) Kat:3, Licht: 0","3392","3","6","3","02","13","6","","0","0","1","0","0"
"POINT (9.907518969000019 53.647845648000001)","Unfall 3405 (2022) Kat:3, Licht: 0","3405","3","7","6","06","18","6","","0","0","1","1","0"
"POINT (9.958255191000029 53.647479656000002)","Unfall 3408 (2022) Kat:3, Licht: 0","3408","3","7","0","04","12","7","","0","0","0","0","1"
"POINT (9.988927879000070 53.592977607000101)","Unfall 3417 (2022) Kat:3, Licht: 0","3417","3","4","6","07","16","5","","0","0","0","1","0"
"POINT (9.988368027000041 53.644981917000102)","Unfall 3421 (2022) Kat:1, Licht: 0","3421","1","6","2","05","20","7","","0","0","1","0","1"
"POINT (10.218383005000000 53.487165642999997)","Unfall 3422 (2022) Kat:3, Licht: 0","3422","3","2","3","03","14","3","","0","1","1","0","0"
"POINT (9.971817035000070 53.549996510000000)","Unfall 3423 (2022) Kat:3, Licht: 2","3423","3","6","3","01","16","2","","2","0","1","0","0"
"POINT (10.030693736000000 53.537083246000101)","Unfall 3436 (2022) Kat:3, Licht: 0","3436","3","6","2","02","18","6","","0","0","1","0","0"
"POINT (10.037649369000100 53.498649616000101)","Unfall 3445 (2022) Kat:3, Licht: 0","3445","3","6","3","08","11","4","","0","0","1","0","0"
"POINT (9.924004792000060 53.595341537000103)","Unfall 3449 (2022) Kat:2, Licht: 0","3449","2","6","4","06","17","4","","0","1","0","0","0"
"POINT (9.965493980000080 53.597955374999998)","Unfall 3450 (2022) Kat:3, Licht: 0","3450","3","6","3","03","12","6","","0","0","1","0","0"
"POINT (9.929516002000071 53.644056911000099)","Unfall 3463 (2022) Kat:3, Licht: 0","3463","3","6","3","05","10","2","","0","0","1","0","0"
"POINT (9.941328028000040 53.572825867000098)","Unfall 3464 (2022) Kat:3, Licht: 0","3464","3","6","2","03","12","4","","0","0","0","0","0"
"POINT (9.997784880000040 53.594380585000103)","Unfall 3480 (2022) Kat:3, Licht: 0","3480","3","2","3","06","11","7","","0","1","1","0","0"
"POINT (9.915360362000060 53.478356908000102)","Unfall 3483 (2022) Kat:3, Licht: 0","3483","3","6","2","01","08","2","","0","0","1","0","0"
"POINT (10.216168636000100 53.486382057000100)","Unfall 3491 (2022) Kat:3, Licht: 0","3491","3","1","0","07","07","5","","0","1","0","0","0"
"POINT (10.124411475000000 53.485185450000102)","Unfall 3495 (2022) Kat:3, Licht: 0","3495","3","6","2","05","07","4","","0","0","1","0","1"
"POINT (9.940647350000059 53.471093091999997)","Unfall 3496 (2022) Kat:3, Licht: 0","3496","3","6","1","03","17","2","","0","0","1","0","0"
"POINT (9.918949883000041 53.606769262000100)","Unfall 3508 (2022) Kat:2, Licht: 0","3508","2","1","0","05","17","1","","0","0","0","0","1"
"POINT (9.919072491000071 53.606548424000003)","Unfall 3509 (2022) Kat:3, Licht: 2","3509","3","6","3","02","19","3","","2","0","1","0","0"
"POINT (9.748692529000040 53.584489408000103)","Unfall 3524 (2022) Kat:3, Licht: 0","3524","3","3","5","06","20","5","","0","1","1","0","0"
"POINT (9.945332231000069 53.563071305000101)","Unfall 3537 (2022) Kat:2, Licht: 0","3537","2","2","4","07","07","2","","0","0","1","0","1"
"POINT (10.054973170000000 53.551418924000103)","Unfall 3541 (2022) Kat:3, Licht: 0","3541","3","3","5","05","19","3","","0","0","1","0","0"
"POINT (9.938356004000070 53.648020503000097)","Unfall 3542 (2022) Kat:3, Licht: 0","3542","3","6","3","03","08","3","","0","0","1","0","0"
"POINT (9.932107235000050 53.587193840000097)","Unfall 3543 (2022) Kat:3, Licht: 2","3543","3","7","0","01","01","7","","2","0","0","0","0"
"POINT (9.785344581000061 53.580600318999998)","Unfall 3558 (2022) Kat:3, Licht: 0","3558","3","6","2","07","08","3","","0","0","1","0","0"
"POINT (10.198334734000101 53.492858543000096)","Unfall 3562 (2022) Kat:3, Licht: 0","3562","3","7","3","05","16","4","","0","0","1","0","0"
"POINT (9.909304265000060 53.625151263000099)","Unfall 3563 (2022) Kat:2, Licht: 0","3563","2","2","2","03","14","1","","0","0","1","0","0"
"POINT (9.956157285000071 53.570429814000100)","Unfall 3576 (2022) Kat:3, Licht: 0","3576","3","3","5","04","12","3","","0","0","1","0","0"
"POINT (9.922929229000029 53.595947299000002)","Unfall 3577 (2022) Kat:3, Licht: 0","3577","3","6","2","02","13","5","","0","0","1","0","0"
"POINT (10.002831436000100 53.547365291000098)","Unfall 3593 (2022) Kat:3, Licht: 0","3593","3","7","3","06","07","7","","0","0","1","0","0"
"POINT (10.064363416000001 53.509272926000101)","Unfall 3606 (2022) Kat:3, Licht: 0","3606","3","3","5","07","08","6","","0","0","1","0","0"
"POINT (9.846525736000050 53.472808702000101)","Unfall 3610 (2022) Kat:3, Licht: 0","3610","3","5","1","05","18","4","","0","1","1","0","0"
"POINT (9.922279435000060 53.594555092000100)","Unfall 3611 (2022) Kat:3, Licht: 0","3611","3","6","2","03","17","3","","0","0","1","0","0"
"POINT (9.950012849000069 53.442803386999998)","Unfall 3625 (2022) Kat:3, Licht: 1","3625","3","6","2","02","07","5","","1","0","1","0","0"
"POINT (10.032703617999999 53.492271639000101)","Unfall 3638 (2022) Kat:3, Licht: 0","3638","3","6","2","06","12","1","","0","0","1","0","0"
"POINT (9.983920063000030 53.598648701000101)","Unfall 3641 (2022) Kat:3, Licht: 0","3641","3","7","0","04","06","3","","0","0","0","0","1"
"POINT (9.941449397000040 53.563567667000001)","Unfall 3649 (2022) Kat:3, Licht: 0","3649","3","2","2","07","15","6","","0","0","1","0","0"
"POINT (9.990581069000029 53.593096891000101)","Unfall 3652 (2022) Kat:3, Licht: 0","3652","3","2","5","05","16","2","","0","1","1","0","0"
"POINT (10.025640444000000 53.551810383000003)","Unfall 3653 (2022) Kat:3, Licht: 0","3653","3","3","5","03","09","3","","0","1","0","0","0"
"POINT (9.961369182000061 53.605187233000002)","Unfall 3668 (2022) Kat:3, Licht: 0","3668","3","5","5","06","11","5","","0","0","0","0","1"
"POINT (9.898104842000070 53.560486842000003)","Unfall 3669 (2022) Kat:3, Licht: 0","3669","3","6","3","02","12","3","","0","0","1","0","0"
"POINT (10.029046692000099 53.487850424999998)","Unfall 3678 (2022) Kat:3, Licht: 0","3678","3","6","2","07","13","6","","0","0","1","0","0"
"POINT (10.028801304000099 53.534627805000099)","Unfall 3682 (2022) Kat:3, Licht: 0","3682","3","7","0","06","17","5","","0","1","0","0","0"
"POINT (9.959400408000020 53.574584076000100)","Unfall 3683 (2022) Kat:3, Licht: 2","3683","3","2","4","03","21","1","","2","1","1","0","0"
"POINT (9.978343528000041 53.587886027000103)","Unfall 3696 (2022) Kat:3, Licht: 0","3696","3","7","0","04","16","4","","0","1","0","0","0"
"POINT (10.026844725000000 53.555905046000099)","Unfall 3697 (2022) Kat:3, Licht: 2","3697","3","6","2","02","00","1","","2","0","1","0","0"
"POINT (10.022719156000100 53.543322843000098)","Unfall 3713 (2022) Kat:3, Licht: 0","3713","3","6","2","06","19","6","","0","0","1","0","1"
"POINT (9.979781777000030 53.588504015000098)","Unfall 3716 (2022) Kat:3, Licht: 0","3716","3","7","0","01","08","4","","0","0","0","0","1"
"POINT (9.921689230000030 53.470609087000099)","Unfall 3724 (2022) Kat:3, Licht: 0","3724","3","7","3","07","16","2","","0","0","1","0","0"
"POINT (10.036292118000100 53.496568412999999)","Unfall 3728 (2022) Kat:3, Licht: 2","3728","3","6","2","05","23","4","","2","0","1","0","0"
"POINT (10.229076265000099 53.488121851000102)","Unfall 3729 (2022) Kat:3, Licht: 0","3729","3","2","2","03","17","1","","0","0","1","0","0"
"POINT (9.923126671000031 53.634559652000100)","Unfall 3730 (2022) Kat:3, Licht: 0","3730","3","2","3","01","14","5","","0","0","1","0","0"
"POINT (10.040761396000100 53.552593946000101)","Unfall 3743 (2022) Kat:3, Licht: 0","3743","3","2","2","04","16","7","","0","0","1","0","0"
"POINT (10.206489356000100 53.475211164000001)","Unfall 3744 (2022) Kat:3, Licht: 0","3744","3","1","9","02","16","4","","0","0","1","0","0"
"POINT (9.777477727000081 53.580395459999998)","Unfall 3759 (2022) Kat:3, Licht: 1","3759","3","2","4","06","22","4","","1","0","1","0","0"
"POINT (10.153844600000101 53.479486586000100)","Unfall 3773 (2022) Kat:2, Licht: 0","3773","2","7","8","07","16","2","","0","0","0","0","1"
"POINT (9.922792729000040 53.468835435000102)","Unfall 3777 (2022) Kat:3, Licht: 0","3777","3","6","2","05","11","5","","0","0","1","0","0"
"POINT (9.846978281000080 53.572871696999997)","Unfall 3778 (2022) Kat:3, Licht: 0","3778","3","7","6","03","14","6","","0","0","1","1","0"
"POINT (9.970295639000030 53.550630651000098)","Unfall 3791 (2022) Kat:3, Licht: 0","3791","3","6","3","02","12","5","","0","0","1","0","0"
"POINT (9.863049827000051 53.471439052999997)","Unfall 3805 (2022) Kat:2, Licht: 0","3805","2","3","5","06","15","3","","0","0","1","0","0"
"POINT (10.027491355000100 53.569914208999997)","Unfall 3807 (2022) Kat:3, Licht: 0","3807","3","3","5","04","10","2","","0","1","1","0","0"
"POINT (9.948792955000039 53.562288895999998)","Unfall 3818 (2022) Kat:3, Licht: 0","3818","3","3","5","05","12","2","","0","1","1","0","0"
"POINT (10.131502861000101 53.527914082000102)","Unfall 3819 (2022) Kat:3, Licht: 0","3819","3","6","2","02","16","5","","0","0","1","0","0"
"POINT (9.982787466000049 53.463398433000101)","Unfall 3833 (2022) Kat:3, Licht: 0","3833","3","5","6","07","13","3","","0","0","1","1","0"
"POINT (9.920385914000059 53.626463868000002)","Unfall 3835 (2022) Kat:3, Licht: 0","3835","3","6","2","01","15","3","","0","0","1","0","0"
"POINT (9.948860147000060 53.649901528000001)","Unfall 3844 (2022) Kat:3, Licht: 0","3844","3","6","3","07","05","6","","0","0","1","0","0"
"POINT (9.930602932000060 53.536518888000003)","Unfall 3848 (2022) Kat:3, Licht: 0","3848","3","6","2","05","09","2","","0","0","1","0","0"
"POINT (9.968537966000040 53.586230082999997)","Unfall 3849 (2022) Kat:3, Licht: 0","3849","3","3","5","03","05","5","","0","0","1","0","1"
"POINT (9.916658541000061 53.610805472999999)","Unfall 3850 (2022) Kat:3, Licht: 2","3850","3","6","3","02","06","3","","2","0","1","0","0"
"POINT (9.928557196000041 53.592281255000003)","Unfall 3863 (2022) Kat:3, Licht: 0","3863","3","3","5","06","09","3","","0","1","1","0","0"
"POINT (9.971585194000060 53.550049985000001)","Unfall 3866 (2022) Kat:3, Licht: 2","3866","3","7","0","04","00","1","","2","0","1","0","0"
"POINT (9.901432320000030 53.564816527000097)","Unfall 3874 (2022) Kat:3, Licht: 0","3874","3","2","2","07","14","6","","0","1","1","0","0"
"POINT (9.810000682000069 53.467630423999999)","Unfall 3877 (2022) Kat:3, Licht: 0","3877","3","1","0","05","14","1","","0","1","0","0","0"
"POINT (9.908438416000021 53.565765896000102)","Unfall 3878 (2022) Kat:3, Licht: 2","3878","3","3","5","02","19","2","","2","1","1","0","0"
"POINT (9.911327672000031 53.636422679000098)","Unfall 3893 (2022) Kat:3, Licht: 0","3893","3","3","5","07","08","6","","0","1","1","0","0"
"POINT (9.919407797000080 53.471953343999999)","Unfall 3895 (2022) Kat:3, Licht: 0","3895","3","6","3","01","09","3","","0","0","1","0","0"
"POINT (9.932396139000049 53.628349059000101)","Unfall 3903 (2022) Kat:3, Licht: 0","3903","3","5","0","08","16","6","","0","1","0","0","0"
"POINT (9.921334262000070 53.515600877000097)","Unfall 3907 (2022) Kat:3, Licht: 0","3907","3","6","3","05","17","7","","0","0","1","0","0"
"POINT (9.962030945000039 53.646799821000101)","Unfall 3908 (2022) Kat:3, Licht: 0","3908","3","6","2","03","07","5","","0","0","1","0","0"
"POINT (9.995854950000020 53.593923480000100)","Unfall 3921 (2022) Kat:3, Licht: 1","3921","3","2","4","05","20","1","","1","0","1","0","1"
"POINT (9.919007814000050 53.606664919000103)","Unfall 3922 (2022) Kat:3, Licht: 0","3922","3","6","3","02","16","2","","0","0","1","0","0"
"POINT (9.945610426000030 53.440886595999999)","Unfall 3939 (2022) Kat:2, Licht: 0","3939","2","2","3","06","08","5","","0","1","1","0","0"
"POINT (9.989451746000039 53.593124232000001)","Unfall 3942 (2022) Kat:3, Licht: 2","3942","3","2","5","01","00","2","","2","0","1","0","0"
"POINT (9.925493366000071 53.563710411999999)","Unfall 3951 (2022) Kat:3, Licht: 0","3951","3","2","5","07","15","3","","0","1","1","0","0"
"POINT (10.096855924000099 53.495987943999999)","Unfall 3955 (2022) Kat:2, Licht: 0","3955","2","6","2","05","09","4","","0","0","1","0","0"
"POINT (9.928092787000031 53.470743349000003)","Unfall 3956 (2022) Kat:3, Licht: 0","3956","3","3","5","03","13","2","","0","1","1","0","0"
"POINT (10.021250518000000 53.575199064000103)","Unfall 3957 (2022) Kat:3, Licht: 0","3957","3","2","4","01","12","4","","0","0","1","0","0"
"POINT (9.976385349000051 53.465342059000101)","Unfall 3970 (2022) Kat:3, Licht: 0","3970","3","3","5","04","16","6","","0","1","1","0","0"
"POINT (9.906658056000030 53.470880573999999)","Unfall 3971 (2022) Kat:3, Licht: 0","3971","3","6","2","02","12","7","","0","0","1","0","0"
"POINT (9.942653860000060 53.648708925000101)","Unfall 3985 (2022) Kat:3, Licht: 0","3985","3","6","2","06","07","4","","0","0","1","0","0"
"POINT (9.938492927000031 53.575930644000003)","Unfall 3997 (2022) Kat:3, Licht: 0","3997","3","2","3","07","10","6","","0","0","1","0","0"
"POINT (9.948814160000040 53.618179283000103)","Unfall 4001 (2022) Kat:3, Licht: 0","4001","3","3","5","05","12","1","","0","1","1","0","0"
"POINT (10.028535605000100 53.560013491000099)","Unfall 4002 (2022) Kat:3, Licht: 2","4002","3","6","6","03","04","1","","2","0","0","1","0"
"POINT (9.901090621000041 53.568799163999998)","Unfall 4016 (2022) Kat:3, Licht: 2","4016","3","6","2","01","18","2","","2","0","1","0","0"
"POINT (9.925702040000029 53.520042380000099)","Unfall 4030 (2022) Kat:3, Licht: 0","4030","3","1","9","06","16","6","","0","0","1","0","1"
"POINT (10.029775939000000 53.445164991000098)","Unfall 4031 (2022) Kat:3, Licht: 2","4031","3","1","8","04","20","2","","2","0","1","0","0"
"POINT (10.008909696000000 53.547925441000103)","Unfall 4043 (2022) Kat:3, Licht: 0","4043","3","6","2","05","08","2","","0","0","1","0","0"
"POINT (9.962520467000051 53.469557373000001)","Unfall 4044 (2022) Kat:3, Licht: 2","4044","3","4","6","02","18","5","","2","0","1","1","0"
"POINT (9.999597736000061 53.594530020000001)","Unfall 4058 (2022) Kat:3, Licht: 2","4058","3","3","5","07","02","6","","2","1","1","0","0"
"POINT (9.973802333000039 53.549664260999997)","Unfall 4060 (2022) Kat:3, Licht: 2","4060","3","4","6","01","18","7","","2","1","1","1","0"
"POINT (9.930570179000030 53.648848436000002)","Unfall 4069 (2022) Kat:3, Licht: 2","4069","3","6","3","07","00","5","","2","0","1","0","0"
"POINT (10.025884143000001 53.551486691999997)","Unfall 4073 (2022) Kat:3, Licht: 0","4073","3","6","2","06","15","3","","0","0","1","0","0"
"POINT (9.980665954000070 53.464062435000102)","Unfall 4074 (2022) Kat:3, Licht: 0","4074","3","3","5","03","17","2","","0","1","1","0","0"
"POINT (9.949402298000050 53.470816835000100)","Unfall 4087 (2022) Kat:3, Licht: 0","4087","3","2","4","04","18","5","","0","1","1","0","0"
"POINT (10.019061582000100 53.583724713999999)","Unfall 4088 (2022) Kat:3, Licht: 0","4088","3","7","4","02","15","1","","0","0","1","0","0"
"POINT (10.177097065000099 53.473600492000102)","Unfall 4104 (2022) Kat:3, Licht: 0","4104","3","6","2","06","16","6","","0","0","1","0","0"
"POINT (10.033603728000100 53.541148601000003)","Unfall 4116 (2022) Kat:3, Licht: 0","4116","3","7","8","07","14","2","","0","0","1","0","0"
"POINT (9.839342274000050 53.472227887000003)","Unfall 4120 (2022) Kat:3, Licht: 0","4120","3","5","5","05","09","4","","0","1","1","0","0"
"POINT (9.901476284000070 53.564817417000000)","Unfall 4121 (2022) Kat:3, Licht: 0","4121","3","2","4","03","13","3","","0","1","1","0","0"
"POINT (9.969598235000030 53.584075142000103)","Unfall 4122 (2022) Kat:3, Licht: 2","4122","3","3","5","01","00","2","","2","0","1","0","0"
"POINT (10.097524981999999 53.509964816000000)","Unfall 4135 (2022) Kat:3, Licht: 0","4135","3","6","2","04","12","1","","0","0","1","0","0"
"POINT (10.166495753000000 53.514651929000102)","Unfall 4136 (2022) Kat:2, Licht: 0","4136","2","2","4","02","12","6","","0","0","1","0","0"
"POINT (9.899043826000019 53.565148017000098)","Unfall 4150 (2022) Kat:3, Licht: 2","4150","3","2","4","04","23","2","","2","0","1","0","1"
"POINT (10.026295206000000 53.461064496000098)","Unfall 4151 (2022) Kat:3, Licht: 0","4151","3","1","0","02","07","7","","0","0","1","0","0"
"POINT (9.835103866000050 53.574228756000103)","Unfall 4167 (2022) Kat:3, Licht: 2","4167","3","2","3","06","23","5","","2","1","0","0","0"
"POINT (10.029509939000000 53.546854629000102)","Unfall 4170 (2022) Kat:3, Licht: 2","4170","3","6","2","01","18","4","","2","0","1","0","0"
"POINT (9.981989591000060 53.463667172000001)","Unfall 4179 (2022) Kat:3, Licht: 0","4179","3","6","3","07","14","2","","0","0","1","0","1"
"POINT (9.920113856000061 53.604562658000098)","Unfall 4183 (2022) Kat:3, Licht: 0","4183","3","6","2","05","16","6","","0","0","1","0","0"
"POINT (10.048539109000000 53.552186954000000)","Unfall 4184 (2022) Kat:2, Licht: 0","4184","2","4","6","03","10","7","","0","0","0","1","1"
"POINT (10.032250499000000 53.543349452000001)","Unfall 4185 (2022) Kat:3, Licht: 2","4185","3","2","2","01","07","2","","2","0","1","0","0"
"POINT (9.967454579000050 53.468171448000099)","Unfall 4198 (2022) Kat:3, Licht: 0","4198","3","6","2","04","14","6","","0","0","1","0","0"
"POINT (9.898437294000081 53.562010704000002)","Unfall 4199 (2022) Kat:3, Licht: 0","4199","3","6","2","02","16","3","","0","0","1","0","0"
"POINT (9.962667542000080 53.516987030999999)","Unfall 4212 (2022) Kat:3, Licht: 0","4212","3","6","2","06","16","3","","0","0","1","0","0"