WKT,Name,OBJECTID,UKATEGORIE,UTYP1,UART,UMONAT,USTUNDE,UWOCHENTAG,STRZUSTAND,ULICHTVERH,ISTRAD,ISTPKW,ISTFUSS,ISTKRAD
"POINT (9.931504854000019 53.563446780000000)","Unfall 4215 (2022) Kat:3, Licht: 2","4215","3","1","9","04","22","3","","2","0","1","0","0"
"POINT (9.966453643000021 53.594822024999999)","Unfall 4225 (2022) Kat:2, Licht: 0","4225","2","7","0","07","16","1","","0","1","0","0","0"
"POINT (9.952330331000040 53.428387740000097)","Unfall 4229 (2022) Kat:3, Licht: 2","4229","3","6","2","05","22","2","","2","0","1","0","0"
"POINT (10.006304758000100 53.617354819000099)","Unfall 4230 (2022) Kat:3, Licht: 0","4230","3","2","3","03","13","5","","0","1","1","0","0"
"POINT (9.947994397000061 53.562459273000101)","Unfall 4245 (2022) Kat:3, Licht: 0","4245","3","6","2","01","10","2","","0","0","1","0","0"
"POINT (9.931328289000019 53.535643896000103)","Unfall 4259 (2022) Kat:3, Licht: 0","4259","3","6","2","06","16","6","","0","0","1","0","0"
"POINT (9.864644843000059 53.571592052000000)","Unfall 4260 (2022) Kat:3, Licht: 0","4260","3","6","2","04","12","7","","0","0","1","0","0"
"POINT (9.946630226000019 53.619092191000000)","Unfall 4271 (2022) Kat:3, Licht: 0","4271","3","2","0","05","10","6","","0","1","1","0","0"
"POINT (9.910747993000030 53.631849592999998)","Unfall 4272 (2022) Kat:3, Licht: 0","4272","3","6","4","03","14","5","","0","1","0","0","0"
"POINT (9.824102150000041 53.576255295000102)","Unfall 4288 (2022) Kat:3, Licht: 0","4288","3","2","3","06","08","4","","0","1","0","0","0"
"POINT (9.952851984000061 53.470636826000003)","Unfall 4290 (2022) Kat:3, Licht: 0","4290","3","6","3","01","14","4","","0","0","1","0","0"
"POINT (9.979620576000061 53.464364209000102)","Unfall 4299 (2022) Kat:3, Licht: 0","4299","3","7","0","08","12","2","","0","0","0","0","1"
"POINT (10.084861410000000 53.544188808999998)","Unfall 4303 (2022) Kat:3, Licht: 0","4303","3","1","9","06","09","3","","0","0","1","0","0"
"POINT (9.965779289000070 53.581479552000097)","Unfall 4304 (2022) Kat:3, Licht: 0","4304","3","2","3","03","16","5","","0","1","1","0","0"
"POINT (10.017239794000000 53.587005509000100)","Unfall 4316 (2022) Kat:3, Licht: 0","4316","3","6","3","04","10","4","","0","0","1","0","0"
"POINT (9.926371267000039 53.632302203000101)","Unfall 4317 (2022) Kat:2, Licht: 2","4317","2","7","7","02","01","7","","2","0","1","0","0"
"POINT (9.931997948000060 53.587409217000101)","Unfall 4334 (2022) Kat:3, Licht: 0","4334","3","7","0","06","13","7","","0","0","0","0","1"
"POINT (9.932402496000069 53.527074787000103)","Unfall 4346 (2022) Kat:2, Licht: 0","4346","2","6","2","07","18","7","","0","0","1","0","1"
"POINT (9.879546007000039 53.569013605000102)","Unfall 4350 (2022) Kat:3, Licht: 0","4350","3","7","4","05","20","2","","0","0","1","0","1"
"POINT (9.949912011000039 53.617830105000102)","Unfall 4351 (2022) Kat:3, Licht: 0","4351","3","3","0","03","15","2","","0","1","0","0","0"
"POINT (10.026161162000101 53.558962065000102)","Unfall 4352 (2022) Kat:3, Licht: 2","4352","3","2","4","01","18","7","","2","0","1","0","0"
"POINT (9.911189346000070 53.634493416000097)","Unfall 4364 (2022) Kat:3, Licht: 2","4364","3","5","1","04","21","1","","2","0","1","0","0"
"POINT (10.000233328000000 53.593846081000002)","Unfall 4365 (2022) Kat:3, Licht: 1","4365","3","6","2","02","18","6","","1","0","1","0","1"
"POINT (9.826708265000040 53.470987479000001)","Unfall 4378 (2022) Kat:3, Licht: 0","4378","3","2","3","06","11","5","","0","1","1","0","0"
"POINT (9.966837944000080 53.582566948000100)","Unfall 4381 (2022) Kat:3, Licht: 0","4381","3","3","5","04","14","6","","0","1","1","0","0"
"POINT (9.941351213000081 53.622591261000103)","Unfall 4389 (2022) Kat:3, Licht: 2","4389","3","1","8","07","03","7","","2","0","1","0","0"
"POINT (10.031834073000001 53.538523661000099)","Unfall 4392 (2022) Kat:3, Licht: 0","4392","3","6","2","05","13","6","","0","0","1","0","0"
"POINT (9.941888770000050 53.648624557000097)","Unfall 4393 (2022) Kat:3, Licht: 0","4393","3","6","2","03","14","1","","0","0","1","0","0"
"POINT (9.996992093000070 53.547529134000101)","Unfall 4407 (2022) Kat:3, Licht: 0","4407","3","2","3","07","15","7","","0","1","1","0","0"
"POINT (9.925839237000050 53.538772884000103)","Unfall 4408 (2022) Kat:3, Licht: 1","4408","3","6","2","01","16","2","","1","0","1","0","0"
"POINT (10.026886319000001 53.549869452000102)","Unfall 4417 (2022) Kat:3, Licht: 1","4417","3","7","0","07","20","1","","1","1","0","0","0"
"POINT (10.070441711999999 53.508723934999999)","Unfall 4421 (2022) Kat:3, Licht: 2","4421","3","6","2","05","02","3","","2","0","1","0","0"
"POINT (9.928578776000050 53.592268306000101)","Unfall 4422 (2022) Kat:2, Licht: 0","4422","2","4","6","03","07","4","","0","0","1","1","0"
"POINT (10.000225775000001 53.593881968000098)","Unfall 4443 (2022) Kat:3, Licht: 0","4443","3","6","3","06","08","5","","0","0","1","0","1"
"POINT (9.944557213000049 53.471108693000097)","Unfall 4446 (2022) Kat:3, Licht: 0","4446","3","6","2","04","08","5","","0","0","1","0","0"
"POINT (9.929873894000020 53.591412067000100)","Unfall 4456 (2022) Kat:3, Licht: 2","4456","3","1","9","07","23","6","","2","0","0","0","1"
"POINT (10.027413733000101 53.485688111999998)","Unfall 4460 (2022) Kat:3, Licht: 0","4460","3","7","8","05","10","7","","0","0","0","0","1"
"POINT (9.984280840000050 53.451018740999999)","Unfall 4461 (2022) Kat:3, Licht: 0","4461","3","1","0","03","13","6","","0","0","0","0","1"
"POINT (9.930896645000081 53.470835374000004)","Unfall 4475 (2022) Kat:3, Licht: 0","4475","3","6","2","02","14","6","","0","0","1","0","0"
"POINT (9.900234302000060 53.564904784000099)","Unfall 4485 (2022) Kat:3, Licht: 2","4485","3","3","5","08","00","7","","2","0","1","0","0"
"POINT (9.933127952000060 53.585146508000001)","Unfall 4489 (2022) Kat:3, Licht: 0","4489","3","5","5","06","13","4","","0","1","1","0","0"
"POINT (10.002063760000100 53.592624936999997)","Unfall 4490 (2022) Kat:3, Licht: 0","4490","3","6","2","04","16","6","","0","0","1","0","0"
"POINT (9.934710924000060 53.436241877000000)","Unfall 4503 (2022) Kat:3, Licht: 0","4503","3","6","2","05","18","4","","0","0","1","0","0"
"POINT (9.974001118000050 53.549627102000002)","Unfall 4504 (2022) Kat:3, Licht: 1","4504","3","6","2","02","17","2","","1","0","1","0","0"
"POINT (9.924104547000070 53.516105342000102)","Unfall 4520 (2022) Kat:3, Licht: 0","4520","3","6","3","06","14","3","","0","0","1","0","0"
"POINT (10.055063330000101 53.509505196000099)","Unfall 4522 (2022) Kat:3, Licht: 0","4522","3","7","8","01","13","5","","0","0","0","0","0"
"POINT (9.854741831000069 53.472405752999997)","Unfall 4530 (2022) Kat:3, Licht: 0","4530","3","2","5","07","15","2","","0","1","1","0","0"
"POINT (10.026021066000100 53.554236058000100)","Unfall 4534 (2022) Kat:3, Licht: 0","4534","3","7","0","05","14","2","","0","1","0","0","0"
"POINT (9.919923962000039 53.604838424000000)","Unfall 4535 (2022) Kat:3, Licht: 0","4535","3","6","3","03","09","2","","0","0","1","0","0"
"POINT (9.917084160000060 53.623015462000097)","Unfall 4547 (2022) Kat:3, Licht: 0","4547","3","6","2","04","16","3","","0","0","1","0","0"
"POINT (9.961350619000029 53.605241869000103)","Unfall 4548 (2022) Kat:3, Licht: 0","4548","3","2","3","02","09","5","","0","0","1","0","0"
"POINT (10.211782840000099 53.486954101999999)","Unfall 4563 (2022) Kat:3, Licht: 0","4563","3","7","0","06","19","1","","0","1","0","0","0"
"POINT (9.979639933000040 53.464357978000102)","Unfall 4576 (2022) Kat:3, Licht: 0","4576","3","1","0","07","12","6","","0","0","0","0","1"
"POINT (9.946289428000060 53.573267418999997)","Unfall 4580 (2022) Kat:3, Licht: 0","4580","3","6","4","05","14","3","","0","0","1","0","0"
"POINT (9.928892358000040 53.537452367000100)","Unfall 4581 (2022) Kat:3, Licht: 0","4581","3","6","2","03","08","5","","0","0","1","0","0"
"POINT (9.954959993000051 53.561296174000098)","Unfall 4594 (2022) Kat:3, Licht: 0","4594","3","6","3","02","16","4","","0","0","1","0","0"
"POINT (9.854358972000060 53.472482872000100)","Unfall 4607 (2022) Kat:3, Licht: 0","4607","3","2","2","06","16","5","","0","0","1","0","0"
"POINT (10.190401309000000 53.472795227000098)","Unfall 4610 (2022) Kat:3, Licht: 2","4610","3","6","2","04","06","5","","2","0","1","0","0"
"POINT (9.938716804000020 53.575674780999996)","Unfall 4618 (2022) Kat:3, Licht: 0","4618","3","3","5","07","11","4","","0","1","1","0","0"
"POINT (9.980688045000020 53.464057135000097)","Unfall 4621 (2022) Kat:3, Licht: 0","4621","3","3","5","05","15","7","","0","1","1","0","0"
"POINT (9.988331526000019 53.547421300000103)","Unfall 4622 (2022) Kat:3, Licht: 0","4622","3","6","2","03","17","3","","0","0","1","0","0"
"POINT (9.911690678000070 53.565622513999998)","Unfall 4637 (2022) Kat:3, Licht: 0","4637","3","3","5","07","19","7","","0","1","0","0","0"
"POINT (9.862683339000061 53.571892570999999)","Unfall 4638 (2022) Kat:3, Licht: 2","4638","3","4","6","02","17","2","","2","0","1","1","0"
"POINT (10.032186026000000 53.491650782000100)","Unfall 4647 (2022) Kat:3, Licht: 0","4647","3","6","2","08","11","6","","0","0","1","0","0"
"POINT (9.949962741000039 53.572844154000101)","Unfall 4651 (2022) Kat:3, Licht: 2","4651","3","7","0","06","00","1","","2","1","0","0","0"
"POINT (9.964936611000040 53.554172191000099)","Unfall 4652 (2022) Kat:3, Licht: 0","4652","3","2","3","03","18","1","","0","1","1","0","0"
"POINT (9.973672480000060 53.549688410999998)","Unfall 4665 (2022) Kat:3, Licht: 0","4665","3","2","4","04","11","3","","0","1","1","0","0"
"POINT (9.982944844000031 53.548487487000003)","Unfall 4666 (2022) Kat:3, Licht: 1","4666","3","7","0","02","19","7","","1","0","0","0","0"
"POINT (10.021956157000000 53.543568598000000)","Unfall 4682 (2022) Kat:3, Licht: 0","4682","3","3","5","06","17","1","","0","0","1","0","1"
"POINT (10.133393096000100 53.566933003000003)","Unfall 4685 (2022) Kat:2, Licht: 0","4685","2","4","6","01","10","3","","0","0","0","1","0"
"POINT (9.927012171000060 53.563618165999998)","Unfall 4693 (2022) Kat:3, Licht: 0","4693","3","6","3","07","17","4","","0","1","1","0","0"
"POINT (9.930342116000080 53.648541771000097)","Unfall 4697 (2022) Kat:3, Licht: 0","4697","3","6","3","05","12","6","","0","0","1","0","0"
"POINT (10.159303094000100 53.517053126000100)","Unfall 4698 (2022) Kat:3, Licht: 0","4698","3","6","2","03","13","6","","0","0","1","0","0"
"POINT (9.965956149000020 53.596758960999999)","Unfall 4699 (2022) Kat:2, Licht: 2","4699","2","7","0","01","18","3","","2","1","0","0","0"
"POINT (9.968759021000039 53.585606563000098)","Unfall 4712 (2022) Kat:2, Licht: 0","4712","2","4","2","04","18","5","","0","0","1","1","1"
"POINT (9.995852975000050 53.593922665999997)","Unfall 4713 (2022) Kat:2, Licht: 2","4713","2","3","5","02","23","2","","2","1","1","0","0"
"POINT (9.976389140000039 53.465340847999997)","Unfall 4727 (2022) Kat:3, Licht: 0","4727","3","2","4","06","06","3","","0","0","1","0","0"
"POINT (9.898970659000041 53.565157663999997)","Unfall 4731 (2022) Kat:2, Licht: 0","4731","2","2","4","05","14","1","","0","1","1","0","0"
"POINT (9.991572442000059 53.607201460000098)","Unfall 4732 (2022) Kat:3, Licht: 2","4732","3","6","2","02","17","3","","2","0","1","0","0"
"POINT (9.943240051000030 53.572414762999998)","Unfall 4748 (2022) Kat:3, Licht: 2","4748","3","3","5","06","23","2","","2","0","1","0","0"
"POINT (9.986628308000039 53.547711945000103)","Unfall 4751 (2022) Kat:3, Licht: 2","4751","3","3","5","01","03","2","","2","0","1","0","0"
"POINT (10.032741145999999 53.540018831000097)","Unfall 4759 (2022) Kat:3, Licht: 0","4759","3","6","3","07","12","5","","0","0","1","0","1"
"POINT (10.218438331000099 53.487178685000103)","Unfall 4763 (2022) Kat:3, Licht: 0","4763","3","6","6","05","13","2","","0","1","0","1","0"
"POINT (9.921009761000050 53.593151423999998)","Unfall 4764 (2022) Kat:3, Licht: 0","4764","3","6","3","03","17","4","","0","0","1","0","0"
"POINT (9.938485873000049 53.471036998000002)","Unfall 4776 (2022) Kat:3, Licht: 0","4776","3","7","0","04","09","5","","0","1","0","0","0"
"POINT (9.899261490000070 53.564693530000099)","Unfall 4777 (2022) Kat:3, Licht: 0","4777","3","6","2","02","12","3","","0","0","1","0","0"
"POINT (10.218389631999999 53.487167204999999)","Unfall 4793 (2022) Kat:3, Licht: 0","4793","3","3","5","06","07","6","","0","1","1","0","0"
"POINT (9.966645516000030 53.582327619000097)","Unfall 4807 (2022) Kat:3, Licht: 2","4807","3","7","0","07","23","3","","2","1","0","0","0"
"POINT (9.969479560000019 53.584229052000097)","Unfall 4811 (2022) Kat:3, Licht: 0","4811","3","2","3","05","15","5","","0","1","1","0","0"
"POINT (9.925199580000029 53.594577024000003)","Unfall 4812 (2022) Kat:3, Licht: 0","4812","3","7","0","03","17","2","","0","1","0","0","0"
"POINT (9.980044515000030 53.549075035999998)","Unfall 4825 (2022) Kat:3, Licht: 0","4825","3","6","1","02","11","6","","0","0","1","0","0"
"POINT (10.027433776000100 53.533594231999999)","Unfall 4835 (2022) Kat:3, Licht: 0","4835","3","3","5","08","17","7","","0","1","1","0","0"
"POINT (10.013148694000099 53.547778098999999)","Unfall 4839 (2022) Kat:3, Licht: 0","4839","3","6","2","06","14","5","","0","0","1","0","0"
"POINT (9.919006048000030 53.564044000000102)","Unfall 4842 (2022) Kat:3, Licht: 0","4842","3","6","2","04","16","4","","0","0","1","0","0"
"POINT (9.916841196000060 53.542288847000101)","Unfall 4851 (2022) Kat:3, Licht: 0","4851","3","6","2","07","14","5","","0","0","1","0","0"
"POINT (9.827003140000039 53.471008846000103)","Unfall 4854 (2022) Kat:2, Licht: 0","4854","2","6","2","05","14","7","","0","0","1","0","0"
"POINT (10.026997003000099 53.556264194000100)","Unfall 4855 (2022) Kat:3, Licht: 0","4855","3","3","5","02","13","7","","0","0","1","0","0"
"POINT (9.943458129000019 53.572444087000100)","Unfall 4869 (2022) Kat:2, Licht: 2","4869","2","7","0","07","01","6","","2","0","0","0","0"
"POINT (9.915065740000051 53.621238255999998)","Unfall 4871 (2022) Kat:3, Licht: 2","4871","3","6","2","01","18","2","","2","0","1","0","0"
"POINT (10.025721341000100 53.553460518000101)","Unfall 4879 (2022) Kat:3, Licht: 1","4879","3","6","6","08","22","5","","1","0","1","1","0"
"POINT (9.951458189000050 53.614458540999998)","Unfall 4883 (2022) Kat:3, Licht: 0","4883","3","1","0","06","19","6","","0","1","0","0","0"
"POINT (10.016658226000100 53.587877988999999)","Unfall 4884 (2022) Kat:3, Licht: 0","4884","3","1","0","03","09","4","","0","0","0","0","1"
"POINT (9.976379893000059 53.465343804000000)","Unfall 4897 (2022) Kat:3, Licht: 0","4897","3","3","5","04","13","5","","0","1","1","0","0"
"POINT (9.945250392000050 53.429932485000101)","Unfall 4898 (2022) Kat:1, Licht: 0","4898","1","6","2","02","10","3","","0","0","1","0","0"
"POINT (9.921789522000040 53.602337648000102)","Unfall 4914 (2022) Kat:3, Licht: 0","4914","3","6","2","06","18","5","","0","0","1","0","0"
"POINT (10.026767447999999 53.570506871000099)","Unfall 4917 (2022) Kat:3, Licht: 2","4917","3","6","2","01","23","1","","2","0","1","0","0"
"POINT (9.810965044000060 53.467950142000099)","Unfall 4925 (2022) Kat:3, Licht: 0","4925","3","5","5","07","05","5","","0","0","1","0","0"
"POINT (9.958154999000040 53.610322341000000)","Unfall 4929 (2022) Kat:2, Licht: 0","4929","2","6","0","05","16","4","","0","0","1","0","0"
"POINT (9.898093149000029 53.558664708999999)","Unfall 4930 (2022) Kat:3, Licht: 0","4930","3","6","2","03","08","2","","0","0","1","0","0"
"POINT (9.994951193000080 53.547376369000098)","Unfall 4931 (2022) Kat:3, Licht: 0","4931","3","3","5","01","12","3","","0","1","1","0","0"
"POINT (9.909777487000040 53.627303095000102)","Unfall 4944 (2022) Kat:3, Licht: 0","4944","3","4","6","04","13","7","","0","0","1","1","0"
"POINT (9.932749496000040 53.585901367000098)","Unfall 4945 (2022) Kat:3, Licht: 0","4945","3","3","5","02","11","6","","0","1","1","0","0"
"POINT (9.907319897000040 53.565801366000102)","Unfall 4959 (2022) Kat:3, Licht: 0","4959","3","4","6","06","09","4","","0","0","0","1","0"
"POINT (9.978500102000050 53.549323006000101)","Unfall 4971 (2022) Kat:3, Licht: 0","4971","3","6","2","07","16","3","","0","0","1","0","0"
"POINT (10.025559678000000 53.551984771000001)","Unfall 4975 (2022) Kat:3, Licht: 0","4975","3","6","6","05","09","2","","0","1","0","1","0"
"POINT (9.999677207000049 53.547654401000003)","Unfall 4976 (2022) Kat:3, Licht: 0","4976","3","7","2","03","09","5","","0","0","1","0","0"
"POINT (9.927025353000030 53.470718089999998)","Unfall 4991 (2022) Kat:3, Licht: 2","4991","3","6","2","02","23","7","","2","0","1","0","0"
"POINT (9.985208381000060 53.462450406000102)","Unfall 5005 (2022) Kat:3, Licht: 0","5005","3","2","4","06","13","5","","0","0","1","0","0"
"POINT (10.025991319000100 53.551342783000102)","Unfall 5006 (2022) Kat:3, Licht: 0","5006","3","3","5","04","14","7","","0","1","1","0","0"
"POINT (9.931463738000049 53.588477152999999)","Unfall 5017 (2022) Kat:3, Licht: 0","5017","3","6","2","05","13","2","","0","0","1","0","0"
"POINT (10.127074627000100 53.522563355999999)","Unfall 5018 (2022) Kat:3, Licht: 1","5018","3","6","2","03","16","4","","1","0","1","0","0"
"POINT (10.206406697000000 53.488240351000101)","Unfall 5030 (2022) Kat:3, Licht: 0","5030","3","4","6","07","15","7","","0","0","1","1","0"
"POINT (9.885990079000070 53.472064819000103)","Unfall 5034 (2022) Kat:3, Licht: 0","5034","3","6","2","05","16","2","","0","0","0","0","1"
"POINT (9.983892123000031 53.592319688000003)","Unfall 5035 (2022) Kat:3, Licht: 2","5035","3","2","3","03","21","6","","2","0","1","0","0"
"POINT (9.959294598000040 53.560295855000000)","Unfall 5049 (2022) Kat:2, Licht: 0","5049","2","6","4","02","09","4","","0","1","0","0","0"
"POINT (9.934742549000021 53.646898137999997)","Unfall 5063 (2022) Kat:3, Licht: 0","5063","3","6","2","06","17","5","","0","0","1","0","1"
"POINT (10.036325669000099 53.496608764000001)","Unfall 5065 (2022) Kat:3, Licht: 0","5065","3","6","2","04","13","7","","0","0","1","0","0"
"POINT (10.025961887999999 53.551383426000001)","Unfall 5077 (2022) Kat:3, Licht: 0","5077","3","3","5","05","06","3","","0","0","1","0","0"
"POINT (10.000488742000099 53.593278564999999)","Unfall 5078 (2022) Kat:3, Licht: 0","5078","3","5","1","02","12","6","","0","1","1","0","0"
"POINT (9.920716128000040 53.593075778000099)","Unfall 5093 (2022) Kat:3, Licht: 0","5093","3","6","3","07","07","4","","0","0","1","0","0"
"POINT (9.943102868000040 53.620974040000100)","Unfall 5095 (2022) Kat:3, Licht: 1","5095","3","6","0","01","17","1","","1","0","1","0","0"
"POINT (9.924355419000049 53.563758260999997)","Unfall 5104 (2022) Kat:3, Licht: 2","5104","3","1","0","07","04","1","","2","0","0","0","0"
"POINT (10.036169169000100 53.496835193999999)","Unfall 5108 (2022) Kat:3, Licht: 0","5108","3","3","3","06","12","1","","0","0","1","0","0"
"POINT (9.992273219000030 53.592659230000002)","Unfall 5109 (2022) Kat:3, Licht: 0","5109","3","4","6","03","16","3","","0","1","0","1","0"
"POINT (9.944787469000060 53.572982458000098)","Unfall 5122 (2022) Kat:3, Licht: 0","5122","3","6","3","04","14","7","","0","0","1","0","0"
"POINT (10.025272163000100 53.571781602000001)","Unfall 5123 (2022) Kat:3, Licht: 2","5123","3","6","4","02","19","2","","2","1","0","0","0"
"POINT (10.056118227000100 53.551267711999998)","Unfall 5139 (2022) Kat:3, Licht: 0","5139","3","6","2","06","15","4","","0","0","1","0","0"
"POINT (9.946704724000030 53.619036297000001)","Unfall 5142 (2022) Kat:3, Licht: 2","5142","3","6","2","01","18","6","","2","0","1","0","1"
"POINT (9.965823051000029 53.553142762000000)","Unfall 5152 (2022) Kat:3, Licht: 0","5152","3","6","3","07","18","3","","0","0","1","0","0"
"POINT (9.934499768000020 53.580779328000098)","Unfall 5156 (2022) Kat:3, Licht: 0","5156","3","1","0","05","19","5","","0","1","0","0","0"
"POINT (9.994085183000040 53.547327623000101)","Unfall 5157 (2022) Kat:3, Licht: 0","5157","3","2","3","03","18","4","","0","1","1","0","0"
"POINT (9.946472852000060 53.619228701000097)","Unfall 5158 (2022) Kat:3, Licht: 2","5158","3","2","6","01","07","3","","2","0","1","1","0"
"POINT (9.971362384000029 53.550121390000101)","Unfall 5171 (2022) Kat:3, Licht: 2","5171","3","7","0","04","23","1","","2","1","0","0","0"
"POINT (10.017875020000099 53.544835339000002)","Unfall 5172 (2022) Kat:3, Licht: 1","5172","3","4","6","02","17","4","","1","0","1","1","0"
"POINT (10.030667340999999 53.537888852000002)","Unfall 5186 (2022) Kat:3, Licht: 0","5186","3","3","5","06","07","4","","0","1","1","0","0"
"POINT (9.987553866000040 53.604128195999998)","Unfall 5189 (2022) Kat:3, Licht: 0","5189","3","6","2","04","13","6","","0","0","1","0","0"
"POINT (10.235409915000000 53.476482230999999)","Unfall 5199 (2022) Kat:3, Licht: 0","5199","3","7","9","07","07","6","","0","0","1","0","0"
"POINT (9.962463699000070 53.602220767000098)","Unfall 5203 (2022) Kat:3, Licht: 1","5203","3","6","4","05","07","2","","1","1","0","0","0"
"POINT (9.898597124000050 53.565235985000101)","Unfall 5204 (2022) Kat:3, Licht: 0","5204","3","6","2","03","13","4","","0","0","1","0","0"
"POINT (9.916606269000059 53.610887664000103)","Unfall 5218 (2022) Kat:2, Licht: 2","5218","2","6","3","02","06","3","","2","0","1","0","0"
"POINT (9.924729513000051 53.633362064000003)","Unfall 5231 (2022) Kat:3, Licht: 1","5231","3","2","4","06","03","6","","1","0","1","0","0"
"POINT (10.022642139000000 53.478797980000103)","Unfall 5232 (2022) Kat:3, Licht: 0","5232","3","6","2","04","16","7","","0","0","1","0","0"
"POINT (9.930524385000069 53.629673287999999)","Unfall 5244 (2022) Kat:3, Licht: 0","5244","3","6","2","05","16","2","","0","0","1","0","0"
"POINT (9.964068346000030 53.448977493000001)","Unfall 5245 (2022) Kat:3, Licht: 0","5245","3","6","2","02","12","1","","0","0","1","0","0"
"POINT (9.972057264000060 53.585218960000098)","Unfall 5260 (2022) Kat:3, Licht: 0","5260","3","3","5","06","17","6","","0","1","1","0","0"
"POINT (9.962143991000060 53.603050656999997)","Unfall 5262 (2022) Kat:3, Licht: 2","5262","3","7","0","01","20","4","","2","1","0","0","0"
"POINT (10.029803123000001 53.444806345000103)","Unfall 5271 (2022) Kat:3, Licht: 0","5271","3","6","2","07","13","6","","0","0","1","0","0"
"POINT (9.797077594000029 53.580280120000097)","Unfall 5275 (2022) Kat:3, Licht: 0","5275","3","6","2","06","16","6","","0","0","1","0","1"
"POINT (9.986376348000020 53.547751146000103)","Unfall 5276 (2022) Kat:3, Licht: 0","5276","3","6","0","03","15","4","","0","0","0","0","1"
"POINT (10.213080060999999 53.486490393000103)","Unfall 5288 (2022) Kat:3, Licht: 0","5288","3","6","2","04","17","3","","0","0","1","0","0"
"POINT (10.026704734000100 53.570559982000098)","Unfall 5289 (2022) Kat:3, Licht: 0","5289","3","6","2","02","11","5","","0","0","1","0","0"
"POINT (9.906520017000050 53.565751278000100)","Unfall 5305 (2022) Kat:3, Licht: 0","5305","3","4","6","06","15","2","","0","1","0","1","0"
"POINT (9.963804516000041 53.599948140000002)","Unfall 5328 (2022) Kat:2, Licht: 0","5328","2","6","3","06","19","6","","0","1","0","0","0"
"POINT (10.038874240000000 53.559275951000103)","Unfall 5330 (2022) Kat:2, Licht: 2","5330","2","2","4","01","18","6","","2","0","1","0","0"
"POINT (9.820833293000019 53.576742019999998)","Unfall 5340 (2022) Kat:3, Licht: 0","5340","3","6","4","07","17","5","","0","1","0","0","0"
"POINT (10.038823348999999 53.559366370000099)","Unfall 5344 (2022) Kat:3, Licht: 0","5344","3","2","4","06","18","7","","0","0","1","0","0"
"POINT (9.950436447000071 53.442993221000101)","Unfall 5345 (2022) Kat:2, Licht: 0","5345","2","7","9","03","17","5","","0","0","1","0","0"
"POINT (10.218419400000100 53.487174223000103)","Unfall 5358 (2022) Kat:2, Licht: 0","5358","2","2","5","04","07","6","","0","1","1","0","0"
"POINT (9.822968455000019 53.576434008000000)","Unfall 5359 (2022) Kat:3, Licht: 0","5359","3","2","2","02","11","4","","0","0","1","0","0"
"POINT (10.022690388999999 53.543331749000103)","Unfall 5376 (2022) Kat:3, Licht: 0","5376","3","6","2","06","13","3","","0","0","1","0","1"
"POINT (10.024253202000100 53.467809727000002)","Unfall 5388 (2022) Kat:3, Licht: 0","5388","3","6","2","07","12","4","","0","0","1","0","0"
"POINT (9.801610903000039 53.579614643000099)","Unfall 5392 (2022) Kat:2, Licht: 0","5392","2","2","2","05","13","3","","0","0","1","0","0"
"POINT (9.910740734000060 53.631811052000003)","Unfall 5393 (2022) Kat:2, Licht: 2","5393","2","2","2","03","18","2","","2","0","1","0","1"
"POINT (9.961563822000070 53.604639656000103)","Unfall 5394 (2022) Kat:2, Licht: 2","5394","2","7","0","01","17","1","","2","0","1","0","0"
"POINT (10.021715356000101 53.543451797000003)","Unfall 5407 (2022) Kat:3, Licht: 2","5407","3","6","2","04","23","4","","2","0","1","0","0"
"POINT (9.822805112000029 53.576454113000104)","Unfall 5408 (2022) Kat:3, Licht: 1","5408","3","6","2","02","08","3","","1","0","1","0","0"
"POINT (10.045604454000101 53.509346041000100)","Unfall 5421 (2022) Kat:2, Licht: 0","5421","2","1","8","06","13","6","","0","0","0","0","1"
"POINT (9.932221111000050 53.586960035000097)","Unfall 5424 (2022) Kat:3, Licht: 0","5424","3","6","2","04","18","3","","0","0","1","0","0"
"POINT (10.057153687000000 53.509291288999997)","Unfall 5433 (2022) Kat:3, Licht: 0","5433","3","6","3","07","11","5","","0","0","1","0","0"
"POINT (9.850512138000060 53.472656798000102)","Unfall 5437 (2022) Kat:3, Licht: 0","5437","3","6","2","05","13","3","","0","0","1","0","0"
"POINT (10.027807543000099 53.534005335000103)","Unfall 5438 (2022) Kat:3, Licht: 0","5438","3","7","0","03","14","1","","0","1","0","0","0"
"POINT (9.964230757000051 53.469188197999998)","Unfall 5453 (2022) Kat:3, Licht: 0","5453","3","6","2","02","09","6","","0","0","1","0","0"
"POINT (10.038785200000101 53.559431681000000)","Unfall 5464 (2022) Kat:2, Licht: 2","5464","2","3","5","08","00","6","","2","0","1","0","0"
"POINT (10.040642437000001 53.555236096000002)","Unfall 5468 (2022) Kat:3, Licht: 0","5468","3","6","2","06","10","4","","0","0","1","0","0"
"POINT (9.944098191000020 53.568980637000003)","Unfall 5469 (2022) Kat:3, Licht: 1","5469","3","6","3","03","19","5","","1","1","0","0","0"
"POINT (9.988281397000041 53.592440677000099)","Unfall 5482 (2022) Kat:3, Licht: 0","5482","3","3","5","05","12","4","","0","1","1","0","0"
"POINT (9.941103605000020 53.563598695000103)","Unfall 5483 (2022) Kat:3, Licht: 2","5483","3","6","2","03","20","5","","2","0","1","0","0"
"POINT (10.046569015999999 53.552418564000000)","Unfall 5499 (2022) Kat:3, Licht: 2","5499","3","7","0","06","23","7","","2","0","0","0","0"
"POINT (10.023753508000000 53.573040214999999)","Unfall 5501 (2022) Kat:3, Licht: 0","5501","3","2","3","01","15","4","","0","1","1","0","0"
"POINT (10.009180996000101 53.631589861000101)","Unfall 5509 (2022) Kat:3, Licht: 0","5509","3","6","2","07","09","1","","0","0","1","0","0"
"POINT (9.924326877000061 53.633641144000102)","Unfall 5513 (2022) Kat:3, Licht: 0","5513","3","6","2","05","15","6","","0","0","1","0","0"
"POINT (9.833178153000061 53.471613337000100)","Unfall 5514 (2022) Kat:3, Licht: 0","5514","3","6","2","03","08","4","","0","0","1","0","0"