WKT,Name,OBJECTID,UKATEGORIE,UTYP1,UART,UMONAT,USTUNDE,UWOCHENTAG,STRZUSTAND,ULICHTVERH,ISTRAD,ISTPKW,ISTFUSS,ISTKRAD
"POINT (10.064611987999999 53.509267582000099)","Unfall 5526 (2022) Kat:3, Licht: 0","5526","3","3","2","04","09","5","","0","0","1","0","0"
"POINT (9.993865411000060 53.593165618999997)","Unfall 5527 (2022) Kat:3, Licht: 0","5527","3","6","2","02","14","7","","0","0","1","0","0"
"POINT (9.940212757000040 53.471083116000003)","Unfall 5542 (2022) Kat:3, Licht: 0","5542","3","3","5","06","15","2","","0","1","1","0","0"
"POINT (9.928752763000031 53.537281629000098)","Unfall 5555 (2022) Kat:3, Licht: 0","5555","3","6","2","07","16","4","","0","0","1","0","0"
"POINT (9.971823707000061 53.585265683000003)","Unfall 5559 (2022) Kat:3, Licht: 0","5559","3","3","5","05","12","1","","0","1","1","0","0"
"POINT (9.945409821000061 53.620136661000103)","Unfall 5560 (2022) Kat:3, Licht: 2","5560","3","3","5","03","22","2","","2","0","1","0","0"
"POINT (9.900528402000081 53.548802081000098)","Unfall 5561 (2022) Kat:3, Licht: 0","5561","3","6","2","01","11","1","","0","0","1","0","0"
"POINT (9.992625342000050 53.547240565999999)","Unfall 5574 (2022) Kat:3, Licht: 0","5574","3","6","3","02","16","3","","0","0","1","0","0"
"POINT (10.040275487000001 53.556046273000000)","Unfall 5586 (2022) Kat:3, Licht: 0","5586","3","7","5","06","15","5","","0","1","1","0","0"
"POINT (9.914576892000071 53.481246077999998)","Unfall 5589 (2022) Kat:3, Licht: 1","5589","3","6","2","04","06","3","","1","0","1","0","0"
"POINT (9.936065569000050 53.578816852999999)","Unfall 5597 (2022) Kat:3, Licht: 0","5597","3","4","6","07","16","1","","0","0","1","1","0"
"POINT (10.029517851000000 53.444925222999998)","Unfall 5600 (2022) Kat:3, Licht: 2","5600","3","6","2","05","22","3","","2","0","1","0","0"
"POINT (10.221312876000100 53.487645519000097)","Unfall 5601 (2022) Kat:3, Licht: 0","5601","3","2","3","02","07","5","","0","1","1","0","0"
"POINT (9.925725282000030 53.466395675000101)","Unfall 5616 (2022) Kat:3, Licht: 0","5616","3","6","2","07","17","6","","0","0","1","0","0"
"POINT (9.926329982000031 53.516480546000103)","Unfall 5620 (2022) Kat:3, Licht: 1","5620","3","1","8","07","21","2","","1","0","0","0","1"
"POINT (9.962687963000061 53.578440409999999)","Unfall 5624 (2022) Kat:3, Licht: 0","5624","3","6","3","05","07","5","","0","1","0","0","0"
"POINT (10.025869774000100 53.484049836000104)","Unfall 5625 (2022) Kat:3, Licht: 0","5625","3","1","9","03","13","6","","0","0","1","0","0"
"POINT (9.970973456000021 53.550298401000099)","Unfall 5638 (2022) Kat:3, Licht: 0","5638","3","6","3","04","10","5","","0","1","0","0","0"
"POINT (9.930602046000050 53.650334412000099)","Unfall 5639 (2022) Kat:2, Licht: 0","5639","2","6","3","02","07","2","","0","0","1","0","0"
"POINT (10.023066400000101 53.525052830000000)","Unfall 5652 (2022) Kat:2, Licht: 0","5652","2","4","6","06","20","4","","0","0","1","1","0"
"POINT (9.906191107000041 53.565706830000103)","Unfall 5655 (2022) Kat:3, Licht: 0","5655","3","2","3","04","16","4","","0","1","1","0","0"
"POINT (9.847633012000070 53.472780369000098)","Unfall 5663 (2022) Kat:3, Licht: 2","5663","3","4","6","07","03","7","","2","1","0","1","0"
"POINT (9.933504479000019 53.470931637000000)","Unfall 5666 (2022) Kat:3, Licht: 0","5666","3","2","3","05","07","4","","0","1","1","0","0"
"POINT (10.031290982000000 53.515622941000103)","Unfall 5667 (2022) Kat:3, Licht: 0","5667","3","6","3","03","09","3","","0","0","1","0","0"
"POINT (9.992294468000070 53.592655669000102)","Unfall 5681 (2022) Kat:3, Licht: 1","5681","3","3","6","06","22","5","","1","0","0","1","0"
"POINT (9.898632423000040 53.561174727000001)","Unfall 5682 (2022) Kat:3, Licht: 0","5682","3","3","5","01","13","2","","0","0","1","0","0"
"POINT (9.952287376000070 53.613462909000098)","Unfall 5691 (2022) Kat:3, Licht: 1","5691","3","7","0","08","21","3","","1","0","1","0","1"
"POINT (9.906368494000050 53.565732220000001)","Unfall 5695 (2022) Kat:3, Licht: 0","5695","3","7","9","06","15","1","","0","0","1","0","0"
"POINT (9.956176119000080 53.561026949000102)","Unfall 5696 (2022) Kat:3, Licht: 0","5696","3","6","3","03","13","3","","0","0","1","0","0"
"POINT (9.987567236000070 53.547554159000100)","Unfall 5709 (2022) Kat:3, Licht: 0","5709","3","6","4","05","13","1","","0","1","0","0","0"
"POINT (9.921251041000060 53.540716091000000)","Unfall 5710 (2022) Kat:3, Licht: 2","5710","3","6","0","02","16","2","","2","0","1","0","0"
"POINT (9.964074102000041 53.557196986000100)","Unfall 5726 (2022) Kat:3, Licht: 0","5726","3","3","5","06","08","2","","0","1","1","0","0"
"POINT (10.147221032000100 53.542457771999999)","Unfall 5729 (2022) Kat:2, Licht: 0","5729","2","1","9","01","10","7","","0","0","0","0","0"
"POINT (9.916664379000050 53.610796294000103)","Unfall 5737 (2022) Kat:3, Licht: 0","5737","3","6","2","07","15","4","","0","0","1","0","0"
"POINT (10.149439513000100 53.481007545000097)","Unfall 5741 (2022) Kat:3, Licht: 0","5741","3","1","9","05","10","7","","0","0","1","0","0"
"POINT (9.924305020000080 53.595157238000098)","Unfall 5742 (2022) Kat:3, Licht: 1","5742","3","6","4","03","18","3","","1","1","0","0","0"
"POINT (9.983924299000019 53.596306242000097)","Unfall 5755 (2022) Kat:3, Licht: 0","5755","3","6","4","04","17","5","","0","1","0","0","0"
"POINT (9.824768225000071 53.576136028000100)","Unfall 5756 (2022) Kat:2, Licht: 1","5756","2","4","6","02","17","2","","1","1","0","1","0"
"POINT (9.942181295000070 53.648657927999999)","Unfall 5771 (2022) Kat:3, Licht: 0","5771","3","6","3","06","12","5","","0","0","1","0","0"
"POINT (10.219142315000100 53.487330624000002)","Unfall 5785 (2022) Kat:3, Licht: 0","5785","3","7","0","07","13","6","","0","0","0","0","1"
"POINT (10.032743952000001 53.565637913000003)","Unfall 5789 (2022) Kat:3, Licht: 0","5789","3","7","2","05","12","3","","0","1","0","0","0"
"POINT (9.931125005000069 53.563447692000103)","Unfall 5790 (2022) Kat:3, Licht: 0","5790","3","6","2","03","16","5","","0","0","1","0","0"
"POINT (10.029414009000000 53.449258741999998)","Unfall 5803 (2022) Kat:3, Licht: 0","5803","3","1","3","02","14","1","","0","0","1","0","0"
"POINT (10.025969438000100 53.551373397000098)","Unfall 5817 (2022) Kat:3, Licht: 0","5817","3","3","5","06","07","6","","0","0","1","0","0"
"POINT (10.141066879000000 53.535465079000097)","Unfall 5819 (2022) Kat:3, Licht: 1","5819","3","6","3","04","19","2","","1","0","1","0","0"
"POINT (9.915470937000070 53.564670206000102)","Unfall 5831 (2022) Kat:3, Licht: 2","5831","3","7","0","05","21","5","","2","1","0","0","0"
"POINT (9.879487880000060 53.569032243999999)","Unfall 5832 (2022) Kat:3, Licht: 0","5832","3","2","6","02","15","6","","0","0","1","1","0"
"POINT (10.208338685000101 53.488027857000098)","Unfall 5846 (2022) Kat:3, Licht: 0","5846","3","6","2","06","07","5","","0","0","1","0","1"
"POINT (9.920276610000030 53.604329872999998)","Unfall 5848 (2022) Kat:3, Licht: 0","5848","3","6","2","01","14","3","","0","0","1","0","0"
"POINT (9.909783200000049 53.627328634000001)","Unfall 5857 (2022) Kat:3, Licht: 0","5857","3","2","2","08","16","5","","0","1","1","0","0"
"POINT (9.911365998000059 53.635530968000097)","Unfall 5861 (2022) Kat:3, Licht: 0","5861","3","6","2","06","08","5","","0","0","1","0","1"
"POINT (9.966157142000039 53.596122467999997)","Unfall 5862 (2022) Kat:3, Licht: 0","5862","3","3","5","03","11","7","","0","1","1","0","0"
"POINT (9.954196363000049 53.561467073000102)","Unfall 5874 (2022) Kat:3, Licht: 0","5874","3","7","1","04","12","4","","0","1","1","0","0"
"POINT (9.983930415000030 53.594799154000000)","Unfall 5875 (2022) Kat:3, Licht: 0","5875","3","6","2","02","13","3","","0","0","1","0","0"
"POINT (9.967805181000070 53.589297835000103)","Unfall 5891 (2022) Kat:2, Licht: 0","5891","2","4","6","06","10","7","","0","0","0","1","0"
"POINT (9.985271623000070 53.462399769000100)","Unfall 5894 (2022) Kat:3, Licht: 0","5894","3","3","5","01","11","4","","0","0","1","0","0"
"POINT (9.888504561000049 53.567828863000003)","Unfall 5903 (2022) Kat:3, Licht: 0","5903","3","3","5","07","12","7","","0","0","1","0","0"
"POINT (10.204446324999999 53.488367347000100)","Unfall 5907 (2022) Kat:3, Licht: 0","5907","3","2","3","05","17","3","","0","1","1","0","0"
"POINT (10.019031166000000 53.583821111000098)","Unfall 5908 (2022) Kat:3, Licht: 2","5908","3","3","5","03","18","4","","2","1","0","0","0"
"POINT (9.841300682000050 53.472433807000101)","Unfall 5909 (2022) Kat:3, Licht: 2","5909","3","6","3","01","16","2","","2","0","1","0","0"
"POINT (9.937264904000070 53.577361834000001)","Unfall 5910 (2022) Kat:3, Licht: 0","5910","3","3","5","01","08","4","","0","0","1","0","0"
"POINT (9.934077265000040 53.582126432000102)","Unfall 5919 (2022) Kat:3, Licht: 1","5919","3","7","0","07","05","7","","1","0","0","0","0"
"POINT (9.994921342000049 53.547374689000002)","Unfall 5923 (2022) Kat:3, Licht: 0","5923","3","2","4","06","14","7","","0","1","1","0","0"
"POINT (9.932739864000039 53.585920010999999)","Unfall 5924 (2022) Kat:3, Licht: 0","5924","3","7","0","03","18","3","","0","1","0","0","0"
"POINT (9.983919632000040 53.595202325000102)","Unfall 5937 (2022) Kat:3, Licht: 0","5937","3","7","0","04","14","3","","0","1","0","0","0"
"POINT (9.922907418000021 53.596047199000097)","Unfall 5938 (2022) Kat:3, Licht: 0","5938","3","7","3","02","10","2","","0","0","1","0","0"
"POINT (9.926095542000040 53.516283836000099)","Unfall 5954 (2022) Kat:3, Licht: 1","5954","3","6","3","06","21","6","","1","0","1","0","0"
"POINT (10.006502361000100 53.591602868000102)","Unfall 5957 (2022) Kat:3, Licht: 1","5957","3","2","6","01","08","4","","1","0","1","1","0"
"POINT (10.202349260000100 53.491192005000102)","Unfall 5965 (2022) Kat:3, Licht: 0","5965","3","6","3","07","07","3","","0","0","1","0","0"
"POINT (9.925538247000080 53.516224045000101)","Unfall 5969 (2022) Kat:3, Licht: 0","5969","3","6","2","05","14","3","","0","0","1","0","0"
"POINT (9.849737670000019 53.572640532999998)","Unfall 5970 (2022) Kat:3, Licht: 2","5970","3","5","1","03","19","7","","2","0","1","0","0"
"POINT (10.082940125000100 53.562683644000103)","Unfall 5971 (2022) Kat:3, Licht: 0","5971","3","6","2","01","13","4","","0","0","1","0","0"
"POINT (9.983925261000021 53.596021428000000)","Unfall 5984 (2022) Kat:2, Licht: 0","5984","2","7","0","04","17","7","","0","1","0","0","0"
"POINT (9.996759066000040 53.547514253000003)","Unfall 5985 (2022) Kat:3, Licht: 0","5985","3","2","3","02","12","1","","0","1","1","0","0"
"POINT (9.918872887000020 53.591906829999999)","Unfall 5999 (2022) Kat:3, Licht: 0","5999","3","7","2","06","13","4","","0","0","1","0","0"
"POINT (9.906750871000041 53.565775301000002)","Unfall 6011 (2022) Kat:3, Licht: 0","6011","3","3","5","07","14","1","","0","1","1","0","0"
"POINT (10.004096279000100 53.615967037000097)","Unfall 6015 (2022) Kat:3, Licht: 0","6015","3","5","5","05","19","3","","0","1","1","0","0"
"POINT (9.973844049000039 53.466154291000102)","Unfall 6016 (2022) Kat:3, Licht: 0","6016","3","6","3","03","15","1","","0","0","1","0","0"
"POINT (10.026241249000099 53.557308149999997)","Unfall 6030 (2022) Kat:3, Licht: 0","6030","3","1","0","02","14","3","","0","0","0","0","1"
"POINT (10.053403421000001 53.551603909999997)","Unfall 6043 (2022) Kat:3, Licht: 1","6043","3","6","2","06","20","5","","1","0","1","0","0"
"POINT (10.026863384000000 53.556357643000098)","Unfall 6045 (2022) Kat:3, Licht: 0","6045","3","2","3","04","18","5","","0","0","1","0","0"
"POINT (9.910416926000041 53.630204569999997)","Unfall 6057 (2022) Kat:3, Licht: 0","6057","3","7","0","05","11","3","","0","0","1","0","0"
"POINT (9.959072353000071 53.560368111999999)","Unfall 6058 (2022) Kat:3, Licht: 2","6058","3","7","0","02","04","6","","2","1","0","0","0"
"POINT (9.959946915000049 53.560069181000102)","Unfall 6073 (2022) Kat:3, Licht: 1","6073","3","7","0","07","21","7","","1","0","0","0","0"
"POINT (10.124831260000100 53.485016378000097)","Unfall 6075 (2022) Kat:2, Licht: 0","6075","2","6","2","01","15","5","","0","0","1","0","0"
"POINT (9.936716739000079 53.563725515000002)","Unfall 6084 (2022) Kat:3, Licht: 1","6084","3","3","6","07","05","6","","1","0","0","1","0"
"POINT (9.932340026000080 53.430973970000103)","Unfall 6088 (2022) Kat:3, Licht: 0","6088","3","2","5","05","15","6","","0","1","1","0","0"
"POINT (10.179920191000100 53.507691616000002)","Unfall 6089 (2022) Kat:3, Licht: 0","6089","3","6","2","03","08","2","","0","0","1","0","0"
"POINT (10.024640666000000 53.482998850000101)","Unfall 6102 (2022) Kat:3, Licht: 0","6102","3","6","2","04","13","6","","0","0","1","0","1"
"POINT (10.023045177000000 53.480806904000097)","Unfall 6103 (2022) Kat:3, Licht: 0","6103","3","1","3","02","09","2","","0","0","1","0","0"
"POINT (10.034206030000099 53.494485682000096)","Unfall 6119 (2022) Kat:3, Licht: 0","6119","3","6","2","06","10","1","","0","0","1","0","0"
"POINT (10.038904575000100 53.559215168000001)","Unfall 6131 (2022) Kat:3, Licht: 1","6131","3","2","2","07","19","6","","1","0","1","0","0"
"POINT (9.947417146000021 53.618635804000100)","Unfall 6135 (2022) Kat:3, Licht: 0","6135","3","5","5","05","14","3","","0","0","1","0","0"
"POINT (9.916643589000049 53.610828982999998)","Unfall 6136 (2022) Kat:3, Licht: 0","6136","3","6","3","03","09","4","","0","0","1","0","0"
"POINT (9.968123313000040 53.583670202000100)","Unfall 6137 (2022) Kat:3, Licht: 0","6137","3","3","5","01","13","7","","0","1","1","0","0"
"POINT (10.024677345000001 53.467259444000000)","Unfall 6150 (2022) Kat:3, Licht: 0","6150","3","6","2","04","16","1","","0","0","1","0","0"
"POINT (9.887691783000040 53.471989881000098)","Unfall 6151 (2022) Kat:3, Licht: 1","6151","3","6","2","02","17","4","","1","0","1","0","0"
"POINT (9.987326001000040 53.459016181000003)","Unfall 6164 (2022) Kat:3, Licht: 0","6164","3","6","2","06","13","3","","0","0","1","0","0"
"POINT (9.878309502000040 53.569523342000103)","Unfall 6167 (2022) Kat:3, Licht: 0","6167","3","7","3","04","12","7","","0","0","1","0","0"
"POINT (10.055347553000001 53.551364847999999)","Unfall 6177 (2022) Kat:3, Licht: 0","6177","3","6","2","07","17","6","","0","0","1","0","0"
"POINT (9.870717740000030 53.571153209000002)","Unfall 6181 (2022) Kat:3, Licht: 0","6181","3","3","6","05","08","2","","0","1","0","1","0"
"POINT (9.921956639000030 53.563891992999999)","Unfall 6182 (2022) Kat:3, Licht: 1","6182","3","3","5","03","16","2","","1","0","1","0","1"
"POINT (9.971265437000060 53.584578479000101)","Unfall 6196 (2022) Kat:3, Licht: 2","6196","3","3","5","02","18","2","","2","1","1","0","0"
"POINT (9.930641511000029 53.645596075000100)","Unfall 6213 (2022) Kat:3, Licht: 0","6213","3","2","2","04","13","1","","0","0","1","0","0"
"POINT (10.007891072000101 53.547810410000103)","Unfall 6214 (2022) Kat:3, Licht: 0","6214","3","6","3","02","10","2","","0","0","1","0","0"
"POINT (10.147816698000000 53.546410621000099)","Unfall 6228 (2022) Kat:3, Licht: 0","6228","3","1","9","06","05","6","","0","0","0","0","1"
"POINT (10.065225665000099 53.550288570000099)","Unfall 6240 (2022) Kat:3, Licht: 0","6240","3","6","2","07","08","2","","0","0","1","0","0"
"POINT (10.024596796000001 53.482245046000102)","Unfall 6244 (2022) Kat:3, Licht: 0","6244","3","6","2","05","13","7","","0","0","1","0","0"
"POINT (10.153458940000100 53.556775222000098)","Unfall 6245 (2022) Kat:3, Licht: 0","6245","3","6","3","03","08","5","","0","0","1","0","0"
"POINT (9.920890788000071 53.470522588999998)","Unfall 6260 (2022) Kat:3, Licht: 0","6260","3","6","3","01","15","2","","0","0","1","0","0"
"POINT (9.903249165000030 53.565099668000101)","Unfall 6274 (2022) Kat:3, Licht: 0","6274","3","7","3","06","08","3","","0","0","1","0","0"
"POINT (9.932002506000060 53.587400382000098)","Unfall 6275 (2022) Kat:3, Licht: 1","6275","3","2","3","04","19","2","","1","1","1","0","0"
"POINT (9.888962447000040 53.471933302000103)","Unfall 6286 (2022) Kat:3, Licht: 0","6286","3","3","5","05","15","6","","0","1","1","0","0"
"POINT (9.924315621000060 53.633648946000100)","Unfall 6287 (2022) Kat:3, Licht: 0","6287","3","6","2","03","12","5","","0","0","1","0","0"
"POINT (10.008830714000100 53.547927180999999)","Unfall 6303 (2022) Kat:3, Licht: 2","6303","3","7","0","06","23","6","","2","0","0","0","0"
"POINT (9.983039255000049 53.548468505000102)","Unfall 6305 (2022) Kat:3, Licht: 2","6305","3","7","0","01","23","4","","2","1","0","0","0"
"POINT (9.944760450000050 53.566259407000103)","Unfall 6314 (2022) Kat:3, Licht: 0","6314","3","6","2","07","13","5","","0","0","1","0","1"
"POINT (9.920743107000019 53.604051313000099)","Unfall 6318 (2022) Kat:2, Licht: 0","6318","2","6","2","05","12","2","","0","0","1","0","0"
"POINT (10.025993539000099 53.551339531000103)","Unfall 6319 (2022) Kat:3, Licht: 2","6319","3","3","5","03","20","5","","2","0","1","0","0"
"POINT (9.991652518000020 53.547206516000102)","Unfall 6333 (2022) Kat:3, Licht: 0","6333","3","2","3","04","08","6","","0","1","0","0","0"
"POINT (9.982194622000071 53.548638319000098)","Unfall 6334 (2022) Kat:3, Licht: 0","6334","3","6","2","02","07","2","","0","0","1","0","0"
"POINT (9.927349260000030 53.640193330999999)","Unfall 6351 (2022) Kat:3, Licht: 0","6351","3","6","1","06","17","2","","0","0","1","0","0"
"POINT (9.985162307000049 53.548006077000103)","Unfall 6363 (2022) Kat:3, Licht: 0","6363","3","6","2","07","13","1","","0","0","1","0","0"
"POINT (9.984508753000060 53.601190512000102)","Unfall 6367 (2022) Kat:3, Licht: 0","6367","3","6","2","05","17","3","","0","0","1","0","0"
"POINT (9.831402518000059 53.575016525000102)","Unfall 6368 (2022) Kat:3, Licht: 0","6368","3","6","2","03","15","3","","0","0","1","0","0"
"POINT (9.911019699000059 53.637410518000102)","Unfall 6369 (2022) Kat:3, Licht: 0","6369","3","2","4","01","13","5","","0","1","1","0","0"
"POINT (9.897108314000040 53.554532005000098)","Unfall 6381 (2022) Kat:3, Licht: 0","6381","3","6","2","04","17","4","","0","0","1","0","0"
"POINT (9.963502983000071 53.579243785000102)","Unfall 6382 (2022) Kat:3, Licht: 2","6382","3","2","5","02","21","6","","2","0","0","0","1"
"POINT (9.952704001000029 53.571425343000001)","Unfall 6395 (2022) Kat:3, Licht: 0","6395","3","4","6","06","09","6","","0","1","0","1","0"
"POINT (9.953492204000041 53.612754035000101)","Unfall 6398 (2022) Kat:3, Licht: 0","6398","3","7","0","04","11","4","","0","1","0","0","0"
"POINT (9.750454524000080 53.584020080000101)","Unfall 6406 (2022) Kat:3, Licht: 0","6406","3","7","6","07","15","4","","0","0","0","1","0"
"POINT (10.026632882000101 53.459894964000100)","Unfall 6409 (2022) Kat:3, Licht: 0","6409","3","6","2","05","12","6","","0","0","1","0","0"
"POINT (10.036705610000100 53.561921926000103)","Unfall 6410 (2022) Kat:3, Licht: 2","6410","3","6","4","03","21","7","","2","1","0","0","0"
"POINT (10.060953650000000 53.509352229000100)","Unfall 6425 (2022) Kat:3, Licht: 0","6425","3","6","2","07","13","2","","0","0","1","0","0"
"POINT (9.919987694000040 53.563992542000101)","Unfall 6426 (2022) Kat:3, Licht: 0","6426","3","6","2","02","15","4","","0","0","1","0","0"
"POINT (10.023127167000000 53.528702952000103)","Unfall 6435 (2022) Kat:3, Licht: 0","6435","3","1","8","07","18","1","","0","0","1","0","0"
"POINT (9.987511155000050 53.649474535000103)","Unfall 6439 (2022) Kat:3, Licht: 0","6439","3","6","3","06","10","3","","0","0","1","0","0"
"POINT (9.915174297000020 53.515016254999999)","Unfall 6440 (2022) Kat:3, Licht: 0","6440","3","6","3","03","07","4","","0","0","1","0","0"
"POINT (10.105315542000000 53.512210101999997)","Unfall 6453 (2022) Kat:2, Licht: 0","6453","2","6","2","05","12","1","","0","0","1","0","0"
"POINT (9.897138289000051 53.565539813000001)","Unfall 6454 (2022) Kat:3, Licht: 2","6454","3","3","5","03","19","4","","2","1","1","0","0"
"POINT (9.956251730000080 53.570524545000097)","Unfall 6470 (2022) Kat:3, Licht: 0","6470","3","6","3","06","19","3","","0","1","0","0","0"
"POINT (9.949861044000039 53.572895948000102)","Unfall 6473 (2022) Kat:3, Licht: 2","6473","3","7","0","01","20","4","","2","1","0","0","0"
"POINT (9.853198704000020 53.472567802000100)","Unfall 6481 (2022) Kat:2, Licht: 0","6481","2","2","6","07","17","6","","0","0","1","1","0"
"POINT (9.967972733000069 53.588498217000101)","Unfall 6485 (2022) Kat:3, Licht: 0","6485","3","6","2","05","13","6","","0","0","1","0","0"
"POINT (10.020894405000000 53.543760134000102)","Unfall 6486 (2022) Kat:3, Licht: 0","6486","3","6","2","03","15","6","","0","0","1","0","0"
"POINT (9.931056056000051 53.536189768000000)","Unfall 6504 (2022) Kat:2, Licht: 0","6504","2","7","0","08","19","7","","0","0","0","0","1"
"POINT (10.120276739000101 53.485585782000001)","Unfall 6508 (2022) Kat:2, Licht: 0","6508","2","1","9","06","20","7","","0","0","1","0","0"
"POINT (10.024359869000000 53.530260351000003)","Unfall 6509 (2022) Kat:3, Licht: 0","6509","3","6","3","03","12","1","","0","0","1","0","0"
"POINT (10.026367956000099 53.556686537000097)","Unfall 6522 (2022) Kat:3, Licht: 0","6522","3","2","4","05","07","6","","0","1","1","0","0"
"POINT (9.916903320000070 53.515328765000000)","Unfall 6523 (2022) Kat:3, Licht: 2","6523","3","6","2","02","06","5","","2","0","0","0","0"
"POINT (9.968898645000021 53.467716907000103)","Unfall 6538 (2022) Kat:3, Licht: 0","6538","3","5","1","06","05","3","","0","0","1","0","0"
"POINT (9.912119427000050 53.565506992000103)","Unfall 6540 (2022) Kat:3, Licht: 1","6540","3","6","2","01","17","6","","1","0","1","0","0"
"POINT (10.022272831000100 53.478860569000098)","Unfall 6549 (2022) Kat:3, Licht: 0","6549","3","3","5","07","10","2","","0","0","1","0","0"
"POINT (9.916861567000071 53.542280308999999)","Unfall 6553 (2022) Kat:3, Licht: 1","6553","3","6","2","05","16","3","","1","0","1","0","0"
"POINT (9.944641858000070 53.565582110000001)","Unfall 6554 (2022) Kat:3, Licht: 0","6554","3","6","3","03","15","5","","0","0","1","0","1"
"POINT (9.863105462000020 53.471439385000103)","Unfall 6567 (2022) Kat:3, Licht: 0","6567","3","2","6","04","18","2","","0","0","1","1","0"
"POINT (9.997153297000070 53.456728353000102)","Unfall 6568 (2022) Kat:3, Licht: 0","6568","3","6","2","02","11","2","","0","0","1","0","0"
"POINT (9.930204095000020 53.536790496999998)","Unfall 6583 (2022) Kat:3, Licht: 0","6583","3","6","2","06","14","1","","0","0","1","0","0"
"POINT (9.972836838000029 53.549820748999998)","Unfall 6596 (2022) Kat:3, Licht: 2","6596","3","4","6","07","00","1","","2","0","1","1","0"
"POINT (9.930984695000060 53.525561682000003)","Unfall 6600 (2022) Kat:3, Licht: 0","6600","3","6","2","05","07","3","","0","0","1","0","0"
"POINT (9.984167072000050 53.548233598000103)","Unfall 6601 (2022) Kat:3, Licht: 0","6601","3","6","2","03","08","3","","0","0","1","0","0"
"POINT (9.986927594000059 53.459355637999998)","Unfall 6602 (2022) Kat:2, Licht: 0","6602","2","7","3","01","13","1","","0","0","1","0","0"
"POINT (9.978159041000030 53.464795142000099)","Unfall 6615 (2022) Kat:3, Licht: 2","6615","3","4","6","02","19","4","","2","0","1","1","0"
"POINT (9.940767530000070 53.573356164000103)","Unfall 6628 (2022) Kat:3, Licht: 0","6628","3","5","5","06","10","7","","0","1","0","0","0"
"POINT (9.918600521000030 53.470531621000099)","Unfall 6631 (2022) Kat:3, Licht: 0","6631","3","3","5","04","11","5","","0","1","0","0","0"
"POINT (9.798029391000060 53.580150387000103)","Unfall 6639 (2022) Kat:3, Licht: 0","6639","3","6","2","07","18","5","","0","0","1","0","0"
"POINT (10.125311607000100 53.567156642000000)","Unfall 6642 (2022) Kat:3, Licht: 0","6642","3","6","2","05","17","3","","0","0","1","0","0"
"POINT (10.010424487000000 53.623882385000101)","Unfall 6643 (2022) Kat:2, Licht: 0","6643","2","3","5","02","16","6","","0","0","1","0","0"
"POINT (9.911639022000029 53.565634401000104)","Unfall 6659 (2022) Kat:3, Licht: 0","6659","3","7","6","07","09","2","","0","0","0","1","0"
"POINT (9.854681434000041 53.472418947000101)","Unfall 6660 (2022) Kat:2, Licht: 0","6660","2","3","5","02","15","5","","0","1","0","0","0"
"POINT (9.964284113000080 53.556479701999997)","Unfall 6669 (2022) Kat:2, Licht: 2","6669","2","2","3","08","02","7","","2","1","0","0","0"
"POINT (9.965225094000060 53.553743021000102)","Unfall 6673 (2022) Kat:3, Licht: 0","6673","3","6","3","06","18","1","","0","1","0","0","0"
"POINT (9.988843887000030 53.457639419000003)","Unfall 6674 (2022) Kat:3, Licht: 0","6674","3","6","2","03","09","6","","0","0","1","0","0"
"POINT (9.970751084000030 53.584453918000101)","Unfall 6687 (2022) Kat:3, Licht: 0","6687","3","6","2","04","15","2","","0","0","1","0","0"
"POINT (9.961671518000060 53.577369285000003)","Unfall 6688 (2022) Kat:3, Licht: 2","6688","3","4","6","02","18","2","","2","0","1","1","0"
"POINT (9.971677011000050 53.585142991000097)","Unfall 6704 (2022) Kat:3, Licht: 0","6704","3","1","9","06","11","3","","0","0","0","0","1"
"POINT (9.936862313000059 53.577841261000103)","Unfall 6707 (2022) Kat:3, Licht: 1","6707","3","6","2","01","17","4","","1","0","1","0","0"
"POINT (10.028423754000100 53.453697239000100)","Unfall 6715 (2022) Kat:3, Licht: 0","6715","3","6","3","07","17","2","","0","0","1","0","0"
"POINT (9.909596720000019 53.641668829000103)","Unfall 6719 (2022) Kat:3, Licht: 0","6719","3","6","2","05","15","2","","0","0","1","0","0"
"POINT (10.018701163000101 53.584698039000003)","Unfall 6720 (2022) Kat:3, Licht: 0","6720","3","4","6","03","11","2","","0","1","0","1","0"
"POINT (9.900075473000070 53.567219372000103)","Unfall 6721 (2022) Kat:3, Licht: 2","6721","3","6","2","01","07","5","","2","0","1","0","0"
"POINT (9.983950586000050 53.593135276000098)","Unfall 6734 (2022) Kat:3, Licht: 0","6734","3","7","2","04","07","4","","0","0","1","0","0"
"POINT (9.931306926000049 53.588790711000101)","Unfall 6735 (2022) Kat:3, Licht: 2","6735","3","4","6","02","20","4","","2","0","0","1","1"
"POINT (10.152068137000100 53.480249286999999)","Unfall 6749 (2022) Kat:3, Licht: 0","6749","3","6","2","06","07","4","","0","0","1","0","0"
"POINT (9.904956526000030 53.574087740000003)","Unfall 6763 (2022) Kat:3, Licht: 0","6763","3","6","2","07","15","2","","0","0","1","0","0"
"POINT (9.986800225000019 53.603330253000102)","Unfall 6767 (2022) Kat:3, Licht: 0","6767","3","6","3","05","13","3","","0","1","0","0","0"
"POINT (9.948857902000039 53.562276371999999)","Unfall 6768 (2022) Kat:3, Licht: 2","6768","3","2","3","03","20","1","","2","1","0","0","1"
"POINT (9.850346217000039 53.472666228000001)","Unfall 6781 (2022) Kat:1, Licht: 0","6781","1","4","6","02","11","4","","0","0","0","1","0"
"POINT (10.022073642000100 53.543317227999999)","Unfall 6792 (2022) Kat:3, Licht: 0","6792","3","6","2","08","13","7","","0","0","1","0","0"
"POINT (9.914854423000071 53.564800063000099)","Unfall 6796 (2022) Kat:3, Licht: 0","6796","3","3","5","06","14","6","","0","0","1","0","0"
"POINT (9.986029687000039 53.547813972000000)","Unfall 6798 (2022) Kat:3, Licht: 0","6798","3","6","2","04","15","1","","0","0","1","0","1"
"POINT (10.019764937000000 53.581573489000000)","Unfall 6799 (2022) Kat:3, Licht: 0","6799","3","2","4","04","18","3","","0","0","1","0","0"