WKT,Name,OBJECTID,UKATEGORIE,UTYP1,UART,UMONAT,USTUNDE,UWOCHENTAG,STRZUSTAND,ULICHTVERH,ISTRAD,ISTPKW,ISTFUSS,ISTKRAD
"POINT (9.837005994000039 53.472010331000000)","Unfall 6800 (2022) Kat:2, Licht: 2","6800","2","3","5","02","21","3","","2","1","1","0","0"
"POINT (10.155368255000001 53.558409977000103)","Unfall 6815 (2022) Kat:3, Licht: 0","6815","3","6","3","06","07","4","","0","0","1","0","0"
"POINT (9.949308476000059 53.573170529999999)","Unfall 6828 (2022) Kat:3, Licht: 0","6828","3","6","3","07","21","4","","0","0","1","0","0"
"POINT (10.141596330000000 53.536078277999998)","Unfall 6832 (2022) Kat:2, Licht: 0","6832","2","6","2","05","07","4","","0","0","1","0","1"
"POINT (9.987619121000019 53.649429931999997)","Unfall 6833 (2022) Kat:3, Licht: 0","6833","3","2","5","03","17","2","","0","0","1","0","0"
"POINT (9.908189679000030 53.645775054000097)","Unfall 6834 (2022) Kat:3, Licht: 0","6834","3","2","5","01","15","7","","0","0","1","0","0"
"POINT (9.962154939000071 53.603017808000097)","Unfall 6846 (2022) Kat:2, Licht: 0","6846","2","4","6","02","12","3","","0","0","1","1","0"
"POINT (10.036965469000100 53.509080527999998)","Unfall 6856 (2022) Kat:3, Licht: 0","6856","3","6","2","08","11","7","","0","0","1","0","0"
"POINT (10.013202016999999 53.547766338000002)","Unfall 6860 (2022) Kat:3, Licht: 0","6860","3","7","1","06","14","5","","0","0","1","0","0"
"POINT (9.983651675000029 53.548346353000099)","Unfall 6863 (2022) Kat:3, Licht: 0","6863","3","6","2","04","14","7","","0","0","1","0","0"
"POINT (10.033148636000000 53.562910890000097)","Unfall 6872 (2022) Kat:3, Licht: 2","6872","3","7","3","06","00","5","","2","0","1","0","0"
"POINT (10.040690611000100 53.552890788000099)","Unfall 6875 (2022) Kat:3, Licht: 0","6875","3","6","3","05","17","1","","0","0","1","0","1"
"POINT (10.032836771000101 53.565560634000100)","Unfall 6876 (2022) Kat:3, Licht: 0","6876","3","6","2","02","12","7","","0","0","1","0","0"
"POINT (9.950334689000041 53.617556787000098)","Unfall 6890 (2022) Kat:3, Licht: 0","6890","3","1","0","07","10","6","","0","0","0","0","1"
"POINT (9.931311644000060 53.535990837999996)","Unfall 6892 (2022) Kat:3, Licht: 2","6892","3","6","3","01","20","2","","2","0","1","0","0"
"POINT (9.968634876000070 53.585958306000101)","Unfall 6900 (2022) Kat:3, Licht: 0","6900","3","6","4","08","07","6","","0","1","0","0","0"
"POINT (9.962076490000070 53.577830463000097)","Unfall 6904 (2022) Kat:3, Licht: 0","6904","3","3","5","06","07","5","","0","1","0","0","0"
"POINT (9.963481833000060 53.558253099000098)","Unfall 6905 (2022) Kat:3, Licht: 2","6905","3","4","6","03","22","3","","2","0","1","1","0"
"POINT (9.928173065000070 53.426705020000000)","Unfall 6918 (2022) Kat:1, Licht: 0","6918","1","6","2","04","12","4","","0","0","0","0","0"
"POINT (9.983080003000049 53.548460312000003)","Unfall 6919 (2022) Kat:3, Licht: 0","6919","3","4","6","02","09","4","","0","1","0","1","0"
"POINT (9.816953770000049 53.577352697999999)","Unfall 6936 (2022) Kat:3, Licht: 2","6936","3","7","2","06","20","6","","2","0","1","0","0"
"POINT (9.949283649000050 53.573182867000099)","Unfall 6939 (2022) Kat:3, Licht: 0","6939","3","6","2","01","15","2","","0","0","1","0","0"
"POINT (9.862737576000031 53.571888256000101)","Unfall 6947 (2022) Kat:3, Licht: 0","6947","3","7","0","07","16","3","","0","1","0","1","0"
"POINT (10.022329554000100 53.543235573000103)","Unfall 6951 (2022) Kat:3, Licht: 0","6951","3","2","4","05","09","4","","0","0","1","0","0"
"POINT (10.233527078000099 53.476570436000003)","Unfall 6952 (2022) Kat:3, Licht: 2","6952","3","6","0","03","05","5","","2","0","1","0","0"
"POINT (10.011637582000001 53.590385607000002)","Unfall 6953 (2022) Kat:3, Licht: 2","6953","3","7","3","01","17","3","","2","0","1","0","0"
"POINT (10.110162370000101 53.514149949000100)","Unfall 6966 (2022) Kat:2, Licht: 0","6966","2","6","2","04","09","4","","0","0","0","0","0"
"POINT (10.025939057000100 53.558739146000100)","Unfall 6967 (2022) Kat:3, Licht: 0","6967","3","6","3","02","13","6","","0","1","0","0","0"
"POINT (9.936747199000020 53.470992727000102)","Unfall 6981 (2022) Kat:3, Licht: 0","6981","3","6","2","06","08","2","","0","0","1","0","1"
"POINT (9.935387003000070 53.470957657000000)","Unfall 6993 (2022) Kat:3, Licht: 0","6993","3","5","5","07","20","5","","0","0","1","0","0"
"POINT (10.040654587000100 53.554279690000001)","Unfall 6997 (2022) Kat:3, Licht: 0","6997","3","7","5","05","12","6","","0","1","1","0","0"
"POINT (9.928341857000021 53.592416324000098)","Unfall 6998 (2022) Kat:3, Licht: 2","6998","3","3","5","03","20","6","","2","1","1","0","0"
"POINT (9.897832832000059 53.557182046999998)","Unfall 7013 (2022) Kat:3, Licht: 0","7013","3","6","2","02","12","2","","0","0","1","0","0"
"POINT (10.025190256000000 53.464906235000100)","Unfall 7027 (2022) Kat:3, Licht: 0","7027","3","3","3","06","11","5","","0","0","0","0","0"
"POINT (9.955898904000041 53.611509873999999)","Unfall 7028 (2022) Kat:3, Licht: 0","7028","3","2","3","04","12","3","","0","1","1","0","0"
"POINT (10.026244647000100 53.556961326000099)","Unfall 7039 (2022) Kat:3, Licht: 0","7039","3","3","5","05","06","2","","0","0","1","0","0"
"POINT (9.933937706000050 53.432786337000003)","Unfall 7040 (2022) Kat:1, Licht: 2","7040","1","6","2","03","21","4","","2","0","1","0","0"
"POINT (10.026940997000100 53.463980365000097)","Unfall 7054 (2022) Kat:2, Licht: 0","7054","2","6","2","07","16","2","","0","0","1","0","0"
"POINT (9.938176078000030 53.471028686000103)","Unfall 7056 (2022) Kat:3, Licht: 1","7056","3","6","2","01","17","5","","1","0","1","0","0"
"POINT (10.026038344000000 53.554280842000097)","Unfall 7065 (2022) Kat:3, Licht: 0","7065","3","6","3","08","10","4","","0","1","0","0","0"
"POINT (9.931455789000040 53.563446885000097)","Unfall 7069 (2022) Kat:3, Licht: 0","7069","3","2","3","06","11","5","","0","1","1","0","0"
"POINT (9.988568149000059 53.547380166000003)","Unfall 7070 (2022) Kat:3, Licht: 2","7070","3","7","8","03","02","2","","2","0","1","0","0"
"POINT (10.000652691000001 53.593104702000097)","Unfall 7083 (2022) Kat:3, Licht: 0","7083","3","7","3","04","16","3","","0","0","1","0","0"
"POINT (10.157671581000001 53.478340072999998)","Unfall 7084 (2022) Kat:2, Licht: 0","7084","2","4","6","02","11","1","","0","0","0","1","0"
"POINT (9.952448771000039 53.571518331999997)","Unfall 7097 (2022) Kat:3, Licht: 0","7097","3","6","2","05","17","7","","0","0","1","0","0"
"POINT (9.928006177000039 53.463625700000101)","Unfall 7098 (2022) Kat:2, Licht: 2","7098","2","5","7","02","05","7","","2","0","1","0","0"
"POINT (9.943886867000060 53.570598147000098)","Unfall 7112 (2022) Kat:3, Licht: 0","7112","3","2","3","07","17","5","","0","1","1","0","0"
"POINT (10.203876423000100 53.488793278999999)","Unfall 7114 (2022) Kat:3, Licht: 0","7114","3","6","6","01","14","2","","0","1","0","1","0"
"POINT (9.983415277000059 53.590079545000002)","Unfall 7123 (2022) Kat:3, Licht: 0","7123","3","3","5","07","15","5","","0","0","1","0","0"
"POINT (9.862345503000030 53.571796995000099)","Unfall 7127 (2022) Kat:3, Licht: 0","7127","3","6","2","05","15","7","","0","0","1","0","0"
"POINT (9.944922068000039 53.648954264000103)","Unfall 7128 (2022) Kat:3, Licht: 0","7128","3","6","2","03","16","3","","0","0","1","0","0"
"POINT (10.026857662999999 53.570430470000098)","Unfall 7140 (2022) Kat:2, Licht: 2","7140","2","7","0","04","02","7","","2","0","0","0","0"
"POINT (9.937777308000021 53.576753308000001)","Unfall 7141 (2022) Kat:2, Licht: 0","7141","2","3","5","02","16","7","","0","1","1","0","0"
"POINT (9.921369034000071 53.470068623000003)","Unfall 7157 (2022) Kat:3, Licht: 0","7157","3","6","3","06","15","4","","0","0","1","0","0"
"POINT (9.932460895000080 53.586482353000100)","Unfall 7160 (2022) Kat:3, Licht: 0","7160","3","6","2","01","15","6","","0","0","1","0","0"
"POINT (10.032135988000100 53.561876075999997)","Unfall 7170 (2022) Kat:3, Licht: 1","7170","3","3","5","07","20","6","","1","0","1","0","0"
"POINT (9.949772393000050 53.617888954000101)","Unfall 7174 (2022) Kat:3, Licht: 0","7174","3","3","5","05","08","6","","0","1","0","0","0"
"POINT (10.019888548999999 53.544300491999998)","Unfall 7175 (2022) Kat:3, Licht: 0","7175","3","6","3","03","12","4","","0","0","1","0","0"
"POINT (9.909222886000070 53.624789066000098)","Unfall 7176 (2022) Kat:3, Licht: 0","7176","3","3","5","01","14","5","","0","1","1","0","0"
"POINT (9.944585068000039 53.565357973000097)","Unfall 7189 (2022) Kat:3, Licht: 0","7189","3","2","4","04","08","7","","0","1","1","0","0"
"POINT (9.917744808000069 53.542198986000102)","Unfall 7190 (2022) Kat:3, Licht: 2","7190","3","6","2","02","16","6","","2","0","1","0","0"
"POINT (9.992536327000041 53.592641372999999)","Unfall 7204 (2022) Kat:3, Licht: 0","7204","3","3","5","06","17","5","","0","1","1","0","0"
"POINT (9.933669143000030 53.583645064000102)","Unfall 7207 (2022) Kat:3, Licht: 0","7207","3","7","0","04","15","5","","0","0","0","0","1"
"POINT (9.936570268000031 53.438601415999997)","Unfall 7217 (2022) Kat:2, Licht: 0","7217","2","6","2","07","14","6","","0","0","1","0","0"
"POINT (9.919675777000069 53.605198837000003)","Unfall 7221 (2022) Kat:3, Licht: 0","7221","3","6","2","05","16","4","","0","0","1","0","0"
"POINT (10.010957063999999 53.622647909000101)","Unfall 7222 (2022) Kat:3, Licht: 2","7222","3","6","2","03","18","5","","2","0","1","0","0"
"POINT (10.033070900000000 53.565365698000100)","Unfall 7237 (2022) Kat:3, Licht: 0","7237","3","6","3","02","09","4","","0","0","1","0","0"
"POINT (9.970324897000070 53.550616309000098)","Unfall 7250 (2022) Kat:3, Licht: 0","7250","3","6","2","06","20","6","","0","0","1","0","0"
"POINT (9.986781225000071 53.603313988000103)","Unfall 7251 (2022) Kat:3, Licht: 0","7251","3","2","3","04","16","4","","0","1","1","0","0"
"POINT (9.919037614000050 53.516803778000103)","Unfall 7263 (2022) Kat:3, Licht: 0","7263","3","6","2","05","14","5","","0","0","1","0","0"
"POINT (9.986232836000060 53.547776847000101)","Unfall 7264 (2022) Kat:2, Licht: 2","7264","2","2","3","03","18","3","","2","1","1","0","0"
"POINT (9.987659813000050 53.603409552000102)","Unfall 7280 (2022) Kat:3, Licht: 0","7280","3","3","5","06","12","3","","0","0","1","0","0"
"POINT (9.987492743000081 53.603255975000103)","Unfall 7282 (2022) Kat:2, Licht: 0","7282","2","3","5","01","10","6","","0","0","1","0","0"
"POINT (10.027008727000100 53.458592142000001)","Unfall 7291 (2022) Kat:3, Licht: 2","7291","3","6","2","07","21","1","","2","0","1","0","0"
"POINT (9.920691915000081 53.593059983000003)","Unfall 7295 (2022) Kat:3, Licht: 0","7295","3","6","3","06","12","6","","0","0","1","0","0"
"POINT (9.840450306000040 53.472335028000003)","Unfall 7296 (2022) Kat:3, Licht: 0","7296","3","6","2","04","13","6","","0","0","1","0","0"
"POINT (9.974133350000050 53.451437247999998)","Unfall 7308 (2022) Kat:2, Licht: 0","7308","2","6","2","04","16","3","","0","0","1","0","1"
"POINT (10.021938940000000 53.543367821000103)","Unfall 7309 (2022) Kat:3, Licht: 2","7309","3","6","3","02","18","3","","2","0","1","0","0"
"POINT (9.919241837000071 53.564021103000101)","Unfall 7326 (2022) Kat:3, Licht: 0","7326","3","7","0","06","15","3","","0","0","0","0","0"
"POINT (9.999794479000061 53.594483039000103)","Unfall 7339 (2022) Kat:3, Licht: 0","7339","3","2","4","07","20","3","","0","1","0","0","0"
"POINT (10.155427441000000 53.558453139000100)","Unfall 7343 (2022) Kat:3, Licht: 0","7343","3","6","3","05","15","5","","0","0","1","0","0"
"POINT (9.948856869000050 53.562276570999998)","Unfall 7344 (2022) Kat:3, Licht: 2","7344","3","2","4","03","23","6","","2","1","1","0","0"
"POINT (10.026241744000099 53.556841894999998)","Unfall 7345 (2022) Kat:3, Licht: 0","7345","3","1","9","01","10","6","","0","0","0","0","1"
"POINT (9.892137915000029 53.471820093000098)","Unfall 7357 (2022) Kat:3, Licht: 0","7357","3","6","2","04","17","5","","0","0","1","0","0"
"POINT (9.970929303000050 53.550320044000003)","Unfall 7358 (2022) Kat:3, Licht: 0","7358","3","3","5","02","07","6","","0","1","1","0","0"
"POINT (9.956048046000030 53.561053071000103)","Unfall 7371 (2022) Kat:3, Licht: 0","7371","3","6","3","06","18","5","","0","1","1","0","0"
"POINT (9.890637299000050 53.471872861000101)","Unfall 7374 (2022) Kat:3, Licht: 0","7374","3","6","2","04","17","5","","0","0","1","0","0"
"POINT (10.126737701000000 53.528631233000098)","Unfall 7396 (2022) Kat:2, Licht: 0","7396","2","1","8","06","05","1","","0","0","0","0","1"
"POINT (9.920908420000050 53.470589492999999)","Unfall 7408 (2022) Kat:3, Licht: 1","7408","3","6","2","07","23","7","","1","0","1","0","0"
"POINT (9.958214330000031 53.610259865000003)","Unfall 7412 (2022) Kat:3, Licht: 0","7412","3","7","0","05","09","5","","0","0","0","0","1"
"POINT (9.996671928000071 53.456863976000101)","Unfall 7413 (2022) Kat:2, Licht: 0","7413","2","3","5","03","17","4","","0","0","1","0","0"
"POINT (10.164465161000100 53.515388051999999)","Unfall 7414 (2022) Kat:3, Licht: 1","7414","3","6","2","01","07","2","","1","0","1","0","0"
"POINT (10.071379531000000 53.559454883999997)","Unfall 7427 (2022) Kat:3, Licht: 2","7427","3","1","9","04","03","6","","2","0","1","0","0"
"POINT (9.907163453000070 53.546359215000102)","Unfall 7428 (2022) Kat:3, Licht: 0","7428","3","6","2","02","14","6","","0","0","1","0","0"
"POINT (9.916951056000070 53.515332193000098)","Unfall 7441 (2022) Kat:3, Licht: 0","7441","3","6","2","06","09","5","","0","0","1","0","0"
"POINT (10.147518936000001 53.521587472000100)","Unfall 7444 (2022) Kat:3, Licht: 0","7444","3","6","2","04","16","2","","0","0","1","0","0"
"POINT (10.028302352000001 53.569278265000001)","Unfall 7454 (2022) Kat:3, Licht: 0","7454","3","3","5","07","11","3","","0","1","1","0","0"
"POINT (10.173877955000000 53.510621358000002)","Unfall 7458 (2022) Kat:3, Licht: 0","7458","3","6","3","05","20","7","","0","0","1","0","0"
"POINT (10.025055248999999 53.483495998000102)","Unfall 7459 (2022) Kat:3, Licht: 2","7459","3","7","2","03","19","7","","2","0","1","0","0"
"POINT (10.010294997000100 53.620960074999999)","Unfall 7473 (2022) Kat:3, Licht: 0","7473","3","6","3","02","13","5","","0","0","1","0","0"
"POINT (9.909783200000049 53.627328634000001)","Unfall 7484 (2022) Kat:3, Licht: 0","7484","3","2","4","07","19","5","","0","0","1","0","0"
"POINT (10.090865097000099 53.507950297000001)","Unfall 7488 (2022) Kat:3, Licht: 0","7488","3","6","3","05","15","6","","0","0","1","0","0"
"POINT (10.028745512000100 53.547829962000002)","Unfall 7489 (2022) Kat:3, Licht: 0","7489","3","1","0","03","08","5","","0","0","0","0","1"
"POINT (9.951254995000060 53.615435969000004)","Unfall 7502 (2022) Kat:3, Licht: 0","7502","3","3","5","05","19","4","","0","1","1","0","0"
"POINT (10.075653405000001 53.507774226000002)","Unfall 7503 (2022) Kat:3, Licht: 0","7503","3","6","2","02","15","1","","0","0","1","0","0"
"POINT (10.026117924000101 53.532169680000003)","Unfall 7519 (2022) Kat:3, Licht: 0","7519","3","6","3","06","08","2","","0","0","1","0","0"
"POINT (10.000463706000099 53.547630513000101)","Unfall 7521 (2022) Kat:2, Licht: 2","7521","2","1","9","01","02","2","","2","0","1","0","0"
"POINT (9.916114861000040 53.564532978000003)","Unfall 7529 (2022) Kat:3, Licht: 0","7529","3","4","6","07","15","2","","0","0","1","1","0"
"POINT (9.953942236000049 53.561526340999997)","Unfall 7533 (2022) Kat:3, Licht: 0","7533","3","6","2","05","12","7","","0","0","1","0","0"
"POINT (9.918653201000041 53.472775886000100)","Unfall 7534 (2022) Kat:3, Licht: 0","7534","3","6","2","03","09","4","","0","0","1","0","0"
"POINT (10.026770837000100 53.570504001000103)","Unfall 7546 (2022) Kat:3, Licht: 0","7546","3","3","5","05","13","1","","0","1","0","0","0"
"POINT (9.948778923000081 53.562291602000101)","Unfall 7547 (2022) Kat:3, Licht: 1","7547","3","2","4","02","21","4","","1","0","1","0","1"
"POINT (9.846796214000049 53.472811517000103)","Unfall 7562 (2022) Kat:3, Licht: 0","7562","3","6","4","06","15","6","","0","0","1","0","1"
"POINT (9.895292957000040 53.565907174000102)","Unfall 7575 (2022) Kat:3, Licht: 0","7575","3","2","5","07","17","4","","0","1","1","0","0"
"POINT (9.971497718000020 53.550075806999999)","Unfall 7579 (2022) Kat:3, Licht: 0","7579","3","7","3","05","15","3","","0","0","1","0","1"
"POINT (9.985996427000030 53.602313848999998)","Unfall 7580 (2022) Kat:3, Licht: 0","7580","3","6","0","03","11","6","","0","0","1","0","0"
"POINT (9.928838064000050 53.592319610000096)","Unfall 7593 (2022) Kat:3, Licht: 2","7593","3","2","4","02","20","4","","2","0","1","0","0"
"POINT (10.071547194000100 53.559562696000100)","Unfall 7606 (2022) Kat:3, Licht: 0","7606","3","1","8","06","11","2","","0","0","1","0","0"
"POINT (9.862612073000040 53.571779235000101)","Unfall 7609 (2022) Kat:3, Licht: 0","7609","3","4","6","04","15","7","","0","1","0","1","0"
"POINT (10.025992735999999 53.551340707000101)","Unfall 7617 (2022) Kat:3, Licht: 0","7617","3","3","5","07","17","2","","0","0","1","0","1"
"POINT (10.191640024000000 53.496045527000000)","Unfall 7620 (2022) Kat:2, Licht: 0","7620","2","7","0","05","16","2","","0","0","0","0","0"
"POINT (9.825887623000030 53.575949612999999)","Unfall 7621 (2022) Kat:3, Licht: 0","7621","3","2","2","02","13","2","","0","0","1","0","0"
"POINT (9.910103274000051 53.628780491000001)","Unfall 7636 (2022) Kat:3, Licht: 0","7636","3","3","5","06","18","5","","0","1","1","0","0"
"POINT (9.962779366000060 53.601466657000103)","Unfall 7638 (2022) Kat:3, Licht: 2","7638","3","7","8","02","19","6","","2","0","1","0","0"
"POINT (10.151041746000001 53.520380187999997)","Unfall 7646 (2022) Kat:3, Licht: 0","7646","3","6","2","08","14","3","","0","0","1","0","0"
"POINT (10.206632031000000 53.488238088000102)","Unfall 7650 (2022) Kat:3, Licht: 0","7650","3","6","2","05","10","2","","0","0","1","0","0"
"POINT (9.816374617000060 53.577434191000101)","Unfall 7651 (2022) Kat:3, Licht: 0","7651","3","6","2","03","08","5","","0","0","1","0","0"
"POINT (9.898359500000030 53.562004092999999)","Unfall 7664 (2022) Kat:3, Licht: 0","7664","3","6","2","04","17","6","","0","0","1","0","0"
"POINT (9.967194890000030 53.552063610000097)","Unfall 7665 (2022) Kat:3, Licht: 0","7665","3","6","6","02","16","3","","0","1","0","1","0"
"POINT (9.925941357000060 53.638664139000099)","Unfall 7680 (2022) Kat:3, Licht: 0","7680","3","7","9","06","12","7","","0","0","1","0","0"
"POINT (9.945936058000029 53.471017897000102)","Unfall 7683 (2022) Kat:3, Licht: 0","7683","3","6","2","09","17","5","","0","0","1","0","0"
"POINT (9.963524554000060 53.579267881000099)","Unfall 7691 (2022) Kat:3, Licht: 0","7691","3","2","3","09","08","5","","0","1","1","0","0"
"POINT (9.792501803000050 53.580591217000098)","Unfall 7697 (2022) Kat:3, Licht: 0","7697","3","6","4","11","08","6","","0","1","1","0","0"
"POINT (10.028345427000000 53.453968977000002)","Unfall 7698 (2022) Kat:3, Licht: 2","7698","3","5","1","09","02","7","","2","0","1","0","0"
"POINT (9.932889052000061 53.585631240000097)","Unfall 7703 (2022) Kat:3, Licht: 0","7703","3","5","1","12","09","4","","0","0","1","0","0"
"POINT (9.812611676000071 53.577796755000101)","Unfall 7705 (2022) Kat:3, Licht: 0","7705","3","5","5","08","13","5","","0","1","0","0","0"
"POINT (9.994191173000051 53.547333589000097)","Unfall 7706 (2022) Kat:3, Licht: 0","7706","3","4","6","08","09","4","","0","1","0","1","0"
"POINT (10.051614549000000 53.509604180000103)","Unfall 7710 (2022) Kat:3, Licht: 0","7710","3","6","2","09","09","3","","0","0","1","0","0"
"POINT (10.026523703000100 53.551460386000002)","Unfall 7716 (2022) Kat:3, Licht: 0","7716","3","3","5","11","15","2","","0","0","1","0","0"
"POINT (9.932028256000020 53.587350471000001)","Unfall 7720 (2022) Kat:3, Licht: 2","7720","3","6","2","12","22","3","","2","0","1","0","0"
"POINT (10.025922152000000 53.484535409000003)","Unfall 7722 (2022) Kat:3, Licht: 0","7722","3","6","2","10","11","7","","0","0","0","0","0"
"POINT (9.925464986000071 53.563712001000098)","Unfall 7723 (2022) Kat:3, Licht: 0","7723","3","2","2","08","13","3","","0","0","1","0","0"
"POINT (9.948512352000019 53.649461412999997)","Unfall 7728 (2022) Kat:3, Licht: 0","7728","3","3","5","12","14","7","","0","1","1","0","0"
"POINT (10.025677092000000 53.553346482000102)","Unfall 7729 (2022) Kat:3, Licht: 0","7729","3","3","6","09","08","3","","0","1","0","1","0"
"POINT (10.058504440000000 53.551013368000000)","Unfall 7734 (2022) Kat:3, Licht: 2","7734","3","3","5","11","16","3","","2","0","0","0","0"
"POINT (10.206719400000100 53.475114233000099)","Unfall 7736 (2022) Kat:3, Licht: 1","7736","3","1","0","10","19","6","","1","0","0","0","1"
"POINT (9.986328419000071 53.547759379000098)","Unfall 7738 (2022) Kat:3, Licht: 0","7738","3","6","2","10","14","7","","0","0","1","0","0"
"POINT (9.966844473000039 53.468366397000104)","Unfall 7739 (2022) Kat:3, Licht: 0","7739","3","6","3","08","19","2","","0","0","1","0","0"
"POINT (10.040576840000000 53.555542268000103)","Unfall 7745 (2022) Kat:3, Licht: 0","7745","3","2","4","11","10","6","","0","0","1","0","0"
"POINT (10.031032833999999 53.537508076000101)","Unfall 7746 (2022) Kat:3, Licht: 2","7746","3","6","3","12","20","6","","2","0","1","0","0"
"POINT (10.031155223000001 53.544754201000003)","Unfall 7747 (2022) Kat:3, Licht: 0","7747","3","6","2","09","14","1","","0","0","1","0","1"
"POINT (9.988778682000030 53.457787529000001)","Unfall 7754 (2022) Kat:3, Licht: 0","7754","3","6","2","11","12","3","","0","0","1","0","0"
"POINT (9.862296066000059 53.571799903000098)","Unfall 7757 (2022) Kat:3, Licht: 0","7757","3","4","6","09","12","5","","0","1","0","1","0"
"POINT (10.019134481000000 53.580445720999997)","Unfall 7763 (2022) Kat:3, Licht: 0","7763","3","3","5","11","09","2","","0","1","0","0","0"
"POINT (9.968592175000030 53.586079348000098)","Unfall 7768 (2022) Kat:3, Licht: 0","7768","3","2","2","12","12","5","","0","0","1","0","0"
"POINT (9.975582053000039 53.549443585000098)","Unfall 7770 (2022) Kat:3, Licht: 0","7770","3","6","2","10","15","2","","0","0","1","0","0"
"POINT (9.948424373000019 53.573413818000098)","Unfall 7771 (2022) Kat:3, Licht: 0","7771","3","7","0","08","17","5","","0","1","0","0","0"
"POINT (9.952525530000059 53.613309319000102)","Unfall 7775 (2022) Kat:3, Licht: 0","7775","3","6","0","09","18","1","","0","1","0","0","0"
"POINT (10.032572245000001 53.565780732000100)","Unfall 7781 (2022) Kat:3, Licht: 2","7781","3","7","0","11","22","7","","2","0","0","0","0"
"POINT (10.002206495000101 53.547418116000102)","Unfall 7785 (2022) Kat:3, Licht: 0","7785","3","1","4","12","12","7","","0","0","1","0","0"
"POINT (9.944296761000031 53.570845298999998)","Unfall 7787 (2022) Kat:3, Licht: 0","7787","3","7","0","10","13","5","","0","1","0","0","0"
"POINT (9.852854935000041 53.472576654000100)","Unfall 7788 (2022) Kat:3, Licht: 0","7788","3","6","2","08","09","5","","0","0","1","0","0"
"POINT (9.917757586000050 53.542193582000003)","Unfall 7793 (2022) Kat:3, Licht: 0","7793","3","6","2","12","15","6","","0","0","1","0","0"
"POINT (10.019407780000099 53.582480713000102)","Unfall 7794 (2022) Kat:3, Licht: 0","7794","3","6","2","09","11","3","","0","0","1","0","0"
"POINT (10.026062178000100 53.554343104000097)","Unfall 7799 (2022) Kat:3, Licht: 0","7799","3","6","2","09","11","1","","0","0","1","0","0"
"POINT (9.923639681000051 53.563797217000101)","Unfall 7805 (2022) Kat:3, Licht: 0","7805","3","7","1","11","12","4","","0","0","1","0","0"
"POINT (9.918898925000059 53.564054402000103)","Unfall 7809 (2022) Kat:3, Licht: 0","7809","3","6","2","12","14","3","","0","0","1","0","0"
"POINT (9.908607301000069 53.565760539000102)","Unfall 7811 (2022) Kat:3, Licht: 0","7811","3","6","2","10","16","2","","0","0","1","0","0"
"POINT (9.983936424000040 53.593849476999999)","Unfall 7812 (2022) Kat:3, Licht: 0","7812","3","5","1","08","15","4","","0","0","1","0","0"
"POINT (10.201324509000100 53.491652497000103)","Unfall 7817 (2022) Kat:3, Licht: 2","7817","3","6","2","12","19","6","","2","0","1","0","0"
"POINT (10.184028849000100 53.506040717000097)","Unfall 7818 (2022) Kat:3, Licht: 0","7818","3","7","0","09","11","5","","0","1","0","0","0"
"POINT (10.007490524000000 53.547955168999998)","Unfall 7823 (2022) Kat:3, Licht: 2","7823","3","6","2","11","06","6","","2","0","1","0","0"
"POINT (10.154667784000001 53.557868059999997)","Unfall 7825 (2022) Kat:3, Licht: 0","7825","3","6","3","10","13","4","","0","0","1","0","0"
"POINT (9.943878686000060 53.563193061000000)","Unfall 7828 (2022) Kat:3, Licht: 0","7828","3","6","2","10","15","7","","0","1","0","0","0"
"POINT (9.994951193000080 53.547376369000098)","Unfall 7829 (2022) Kat:2, Licht: 0","7829","2","2","4","08","15","6","","0","0","1","0","1"
"POINT (9.934597245000081 53.580550050000099)","Unfall 7835 (2022) Kat:3, Licht: 1","7835","3","2","6","11","07","5","","1","0","1","1","0"
"POINT (9.970933575000061 53.550317950000100)","Unfall 7836 (2022) Kat:3, Licht: 1","7836","3","6","3","09","19","3","","1","1","1","0","0"
"POINT (9.930611992000021 53.470826881999997)","Unfall 7843 (2022) Kat:3, Licht: 0","7843","3","6","3","11","12","3","","0","0","1","0","0"
"POINT (9.974844608000071 53.549509398000097)","Unfall 7847 (2022) Kat:3, Licht: 2","7847","3","6","2","10","19","7","","2","0","1","0","0"
"POINT (10.031820231999999 53.566404972999997)","Unfall 7853 (2022) Kat:3, Licht: 2","7853","3","2","3","11","06","2","","2","1","1","0","0"
"POINT (9.941483004000080 53.563563823000003)","Unfall 7860 (2022) Kat:3, Licht: 0","7860","3","2","3","10","09","3","","0","1","1","0","0"
"POINT (9.839682544000031 53.573425708999999)","Unfall 7861 (2022) Kat:3, Licht: 2","7861","3","7","1","08","21","3","","2","1","0","1","0"
"POINT (9.915428088000059 53.586716223000103)","Unfall 7866 (2022) Kat:3, Licht: 0","7866","3","6","3","09","07","4","","0","0","1","0","0"
"POINT (10.019442961999999 53.582340774000002)","Unfall 7872 (2022) Kat:3, Licht: 2","7872","3","7","0","11","19","7","","2","0","1","0","0"
"POINT (9.945500643000059 53.620082760000102)","Unfall 7873 (2022) Kat:3, Licht: 1","7873","3","2","4","11","06","4","","1","1","1","0","0"
"POINT (9.998466941000061 53.612271937000102)","Unfall 7875 (2022) Kat:3, Licht: 1","7875","3","7","0","10","17","3","","1","1","0","0","0"
"POINT (10.031533086000000 53.544269551000099)","Unfall 7878 (2022) Kat:3, Licht: 0","7878","3","6","4","10","08","4","","0","1","0","0","0"
"POINT (10.115837166000100 53.516562487000002)","Unfall 7879 (2022) Kat:3, Licht: 0","7879","3","6","2","08","12","2","","0","0","0","0","0"
"POINT (10.037029631000101 53.561556500999998)","Unfall 7884 (2022) Kat:3, Licht: 0","7884","3","3","5","12","17","3","","0","0","1","0","0"
"POINT (10.040701931999999 53.552714205000001)","Unfall 7885 (2022) Kat:3, Licht: 0","7885","3","2","2","09","16","5","","0","0","1","0","0"
"POINT (9.940578649000029 53.573566914000097)","Unfall 7894 (2022) Kat:3, Licht: 2","7894","3","7","0","09","22","5","","2","0","1","0","0"