WKT,Name,OBJECTID,UKATEGORIE,UTYP1,UART,UMONAT,USTUNDE,UWOCHENTAG,STRZUSTAND,ULICHTVERH,ISTRAD,ISTPKW,ISTFUSS,ISTKRAD
"POINT (9.965379714000051 53.423888468000001)","Unfall 7900 (2022) Kat:3, Licht: 0","7900","3","6","2","11","08","4","","0","0","0","0","0"
"POINT (9.921564015000060 53.602313738000099)","Unfall 7901 (2022) Kat:3, Licht: 0","7901","3","6","2","09","16","5","","0","0","1","0","0"
"POINT (10.030249980000100 53.545519605999999)","Unfall 7906 (2022) Kat:3, Licht: 2","7906","3","6","2","12","18","5","","2","0","1","0","0"
"POINT (9.822345953000021 53.576511263999997)","Unfall 7916 (2022) Kat:3, Licht: 0","7916","3","6","2","10","13","4","","0","0","1","0","0"
"POINT (10.212624456000100 53.486648382000098)","Unfall 7919 (2022) Kat:3, Licht: 0","7919","3","2","3","09","08","5","","0","1","0","0","0"
"POINT (9.955454761000061 53.445596145000103)","Unfall 7925 (2022) Kat:3, Licht: 2","7925","3","2","4","11","17","7","","2","0","1","0","0"
"POINT (9.983915038000021 53.600492141000103)","Unfall 7926 (2022) Kat:3, Licht: 0","7926","3","7","3","09","10","2","","0","0","1","0","0"
"POINT (10.022423180000001 53.476310289000097)","Unfall 7930 (2022) Kat:3, Licht: 0","7930","3","1","8","12","11","7","","0","0","1","0","0"
"POINT (9.968578215000040 53.586118918000103)","Unfall 7935 (2022) Kat:3, Licht: 0","7935","3","2","3","09","16","4","","0","0","1","0","0"
"POINT (9.978167990000030 53.549348877000099)","Unfall 7941 (2022) Kat:3, Licht: 2","7941","3","4","0","11","20","5","","2","0","1","1","0"
"POINT (10.012520511000000 53.547922017000097)","Unfall 7946 (2022) Kat:3, Licht: 0","7946","3","6","2","12","15","6","","0","0","1","0","0"
"POINT (9.969422045000041 53.584309500000103)","Unfall 7948 (2022) Kat:3, Licht: 0","7948","3","1","0","10","14","2","","0","1","0","0","0"
"POINT (9.988388235000061 53.547411442000097)","Unfall 7949 (2022) Kat:3, Licht: 2","7949","3","6","2","08","05","7","","2","0","1","0","0"
"POINT (9.951339138000041 53.614896199999997)","Unfall 7954 (2022) Kat:3, Licht: 0","7954","3","7","1","09","17","3","","0","0","1","0","0"
"POINT (9.828246091000040 53.575564440999997)","Unfall 7960 (2022) Kat:3, Licht: 0","7960","3","2","4","11","13","5","","0","0","1","0","1"
"POINT (9.896205523000051 53.471653785999997)","Unfall 7962 (2022) Kat:3, Licht: 2","7962","3","6","4","10","06","6","","2","0","1","0","0"
"POINT (10.040578325000100 53.555536812000099)","Unfall 7965 (2022) Kat:3, Licht: 0","7965","3","2","4","10","11","6","","0","0","1","0","0"
"POINT (9.937527889000020 53.577048579000099)","Unfall 7966 (2022) Kat:3, Licht: 0","7966","3","6","2","08","18","6","","0","0","1","0","0"
"POINT (9.962951284000040 53.469473552000103)","Unfall 7971 (2022) Kat:3, Licht: 2","7971","3","2","4","12","22","7","","2","0","1","0","0"
"POINT (10.032758778000099 53.562489792000100)","Unfall 7972 (2022) Kat:3, Licht: 0","7972","3","2","3","09","14","6","","0","1","1","0","0"
"POINT (9.910892089000070 53.632664869999999)","Unfall 7980 (2022) Kat:3, Licht: 0","7980","3","3","5","09","11","5","","0","1","1","0","0"
"POINT (9.953111707000060 53.561709317000101)","Unfall 7986 (2022) Kat:2, Licht: 0","7986","2","6","3","11","08","2","","0","1","0","0","0"
"POINT (10.205771381000000 53.475314810999997)","Unfall 7987 (2022) Kat:3, Licht: 0","7987","3","6","2","08","17","5","","0","0","1","0","0"
"POINT (10.026796738000000 53.570482066000103)","Unfall 7992 (2022) Kat:3, Licht: 0","7992","3","6","2","12","11","5","","0","0","1","0","0"
"POINT (10.145196049999999 53.522970286000003)","Unfall 7994 (2022) Kat:3, Licht: 0","7994","3","3","3","08","09","2","","0","0","1","0","0"
"POINT (10.002179866000100 53.592594359000003)","Unfall 7995 (2022) Kat:3, Licht: 0","7995","3","2","4","08","14","3","","0","1","1","0","0"
"POINT (10.026062178000100 53.554343104000097)","Unfall 7999 (2022) Kat:3, Licht: 0","7999","3","6","2","09","11","1","","0","0","1","0","0"
"POINT (10.039097558000000 53.500796407999999)","Unfall 8005 (2022) Kat:3, Licht: 1","8005","3","6","2","11","16","4","","1","0","0","0","0"
"POINT (9.949213616000071 53.470827783000097)","Unfall 8009 (2022) Kat:3, Licht: 2","8009","3","2","6","12","21","3","","2","0","1","1","0"
"POINT (9.958138371000080 53.610337620000102)","Unfall 8011 (2022) Kat:3, Licht: 0","8011","3","7","0","10","16","3","","0","1","0","0","0"
"POINT (9.917117483000030 53.564333652000101)","Unfall 8012 (2022) Kat:3, Licht: 0","8012","3","3","0","08","11","4","","0","0","0","0","1"
"POINT (9.986833428000070 53.602766352000103)","Unfall 8017 (2022) Kat:3, Licht: 0","8017","3","6","2","09","06","3","","0","0","1","0","0"
"POINT (10.036988506000100 53.509089326000002)","Unfall 8022 (2022) Kat:2, Licht: 2","8022","2","1","8","11","04","1","","2","0","0","0","0"
"POINT (10.016971062000000 53.587423168999997)","Unfall 8023 (2022) Kat:3, Licht: 0","8023","3","6","2","09","16","6","","0","0","1","0","0"
"POINT (10.162552743999999 53.516007866999999)","Unfall 8028 (2022) Kat:3, Licht: 2","8028","3","6","2","11","17","3","","2","0","1","0","0"
"POINT (10.025898599000101 53.553137628000101)","Unfall 8029 (2022) Kat:3, Licht: 0","8029","3","6","3","11","08","5","","0","1","0","0","0"
"POINT (10.036281855000000 53.496556070000103)","Unfall 8033 (2022) Kat:3, Licht: 2","8033","3","6","2","12","17","6","","2","0","1","0","0"
"POINT (9.958571913000069 53.446907856999999)","Unfall 8035 (2022) Kat:3, Licht: 0","8035","3","6","2","10","16","2","","0","0","1","0","0"
"POINT (9.976582874000030 53.465278915000098)","Unfall 8036 (2022) Kat:2, Licht: 0","8036","2","6","0","08","07","3","","0","1","0","0","0"
"POINT (9.948193064000071 53.562416121000098)","Unfall 8041 (2022) Kat:3, Licht: 0","8041","3","7","0","09","09","6","","0","0","0","0","1"
"POINT (9.937511191000061 53.577068433000100)","Unfall 8046 (2022) Kat:3, Licht: 0","8046","3","5","5","11","09","4","","0","0","1","0","0"
"POINT (9.931431475000069 53.563446937999998)","Unfall 8047 (2022) Kat:3, Licht: 1","8047","3","2","3","11","17","5","","1","1","1","0","0"
"POINT (10.011472680000100 53.590418616000100)","Unfall 8049 (2022) Kat:3, Licht: 0","8049","3","1","0","10","11","6","","0","1","0","0","0"
"POINT (9.946194267000070 53.562836397000098)","Unfall 8051 (2022) Kat:3, Licht: 0","8051","3","6","4","10","09","5","","0","1","0","0","0"
"POINT (10.084452176000100 53.562818745000101)","Unfall 8052 (2022) Kat:3, Licht: 0","8052","3","6","3","08","07","5","","0","0","1","0","0"
"POINT (10.040712644999999 53.552592860000097)","Unfall 8057 (2022) Kat:3, Licht: 1","8057","3","3","5","11","16","2","","1","0","1","0","0"
"POINT (10.110338131000001 53.514218520000000)","Unfall 8058 (2022) Kat:3, Licht: 2","8058","3","6","2","09","22","2","","2","0","0","0","0"
"POINT (9.920420843000040 53.604513234000102)","Unfall 8067 (2022) Kat:3, Licht: 0","8067","3","6","3","09","10","4","","0","0","1","0","0"
"POINT (9.932532610000070 53.586338899000097)","Unfall 8073 (2022) Kat:3, Licht: 2","8073","3","2","2","11","22","5","","2","0","1","0","1"
"POINT (9.924512097000051 53.520643818000103)","Unfall 8074 (2022) Kat:3, Licht: 1","8074","3","1","9","09","20","7","","1","0","0","0","1"
"POINT (9.952594421000070 53.571465267000100)","Unfall 8079 (2022) Kat:2, Licht: 2","8079","2","4","6","12","18","4","","2","0","1","1","0"
"POINT (9.968487567000070 53.586372316999999)","Unfall 8081 (2022) Kat:3, Licht: 0","8081","3","2","3","08","08","5","","0","0","1","0","0"
"POINT (10.038970323999999 53.559085879000101)","Unfall 8082 (2022) Kat:3, Licht: 0","8082","3","3","5","08","15","3","","0","1","0","0","0"
"POINT (10.156042716000099 53.558881389000099)","Unfall 8086 (2022) Kat:2, Licht: 0","8086","2","6","3","09","07","6","","0","0","1","0","0"
"POINT (10.025557568000099 53.552989103000101)","Unfall 8092 (2022) Kat:3, Licht: 0","8092","3","4","6","11","08","4","","0","1","0","1","0"
"POINT (10.026048375000100 53.551259200000104)","Unfall 8096 (2022) Kat:3, Licht: 0","8096","3","7","0","12","14","4","","0","0","0","0","0"
"POINT (9.943861239000061 53.440160005999999)","Unfall 8098 (2022) Kat:3, Licht: 0","8098","3","6","2","10","15","6","","0","0","1","0","0"
"POINT (9.983384636000039 53.590063803000099)","Unfall 8099 (2022) Kat:3, Licht: 2","8099","3","2","4","08","21","4","","2","0","1","0","0"
"POINT (9.898092044000069 53.565488332000001)","Unfall 8104 (2022) Kat:3, Licht: 2","8104","3","6","4","11","07","4","","2","1","0","0","0"
"POINT (9.921774223000060 53.602364246000000)","Unfall 8105 (2022) Kat:3, Licht: 0","8105","3","6","2","09","15","6","","0","0","1","0","0"
"POINT (9.855039563000050 53.472331551000103)","Unfall 8110 (2022) Kat:3, Licht: 2","8110","3","1","0","11","20","6","","2","1","0","0","0"
"POINT (9.964638533000031 53.555083418000002)","Unfall 8112 (2022) Kat:3, Licht: 0","8112","3","3","5","10","11","6","","0","1","1","0","0"
"POINT (9.964939445000031 53.554167193000097)","Unfall 8115 (2022) Kat:3, Licht: 0","8115","3","2","4","10","11","6","","0","1","1","0","0"
"POINT (9.854190910000060 53.572080229999997)","Unfall 8116 (2022) Kat:3, Licht: 0","8116","3","7","0","08","16","5","","0","1","0","0","0"
"POINT (9.981834286000041 53.589597159999997)","Unfall 8122 (2022) Kat:3, Licht: 0","8122","3","6","2","11","15","6","","0","0","1","0","0"
"POINT (9.899000033000050 53.562578007000099)","Unfall 8123 (2022) Kat:3, Licht: 2","8123","3","6","2","09","02","1","","2","0","1","0","0"
"POINT (9.964055840000070 53.557322231999997)","Unfall 8133 (2022) Kat:3, Licht: 2","8133","3","7","0","10","17","7","","2","0","0","0","1"
"POINT (10.064247931000100 53.550284416000103)","Unfall 8135 (2022) Kat:3, Licht: 2","8135","3","7","6","10","02","7","","2","0","1","1","0"
"POINT (9.969170329000059 53.584081251999997)","Unfall 8137 (2022) Kat:3, Licht: 0","8137","3","1","0","10","11","4","","0","1","0","0","0"
"POINT (10.136266342000100 53.530371887000101)","Unfall 8138 (2022) Kat:3, Licht: 0","8138","3","6","2","08","12","1","","0","0","1","0","0"
"POINT (10.028049781000000 53.533811226000097)","Unfall 8143 (2022) Kat:3, Licht: 0","8143","3","6","2","12","08","2","","0","0","1","0","0"
"POINT (9.913890178000029 53.495366548000000)","Unfall 8144 (2022) Kat:3, Licht: 2","8144","3","6","2","09","04","7","","2","0","1","0","0"
"POINT (10.023776526000100 53.529644462000100)","Unfall 8153 (2022) Kat:3, Licht: 0","8153","3","6","3","09","14","1","","0","0","1","0","0"
"POINT (10.027239645000099 53.484954152999997)","Unfall 8159 (2022) Kat:2, Licht: 2","8159","2","5","1","11","21","1","","2","0","1","0","0"
"POINT (10.030705806000100 53.545330612000001)","Unfall 8160 (2022) Kat:3, Licht: 0","8160","3","2","4","09","19","1","","0","0","1","0","0"
"POINT (9.877095194000050 53.570009014999997)","Unfall 8167 (2022) Kat:3, Licht: 0","8167","3","2","3","08","16","2","","0","1","0","0","0"
"POINT (9.994279028000051 53.547338535000101)","Unfall 8168 (2022) Kat:2, Licht: 0","8168","2","4","6","08","07","2","","0","1","0","1","0"
"POINT (9.918091524000030 53.564156568999998)","Unfall 8169 (2022) Kat:3, Licht: 2","8169","3","1","0","10","06","7","","2","0","0","0","0"
"POINT (9.895272130000020 53.565914139000000)","Unfall 8172 (2022) Kat:3, Licht: 1","8172","3","2","5","09","17","4","","1","1","1","0","0"
"POINT (10.015729048000001 53.545782517000099)","Unfall 8178 (2022) Kat:1, Licht: 0","8178","1","4","6","11","09","5","","0","0","0","1","0"
"POINT (9.966384755000041 53.595218926000001)","Unfall 8182 (2022) Kat:3, Licht: 0","8182","3","2","3","12","13","6","","0","1","0","0","0"
"POINT (9.957025515000050 53.571392506000102)","Unfall 8184 (2022) Kat:3, Licht: 0","8184","3","4","6","10","14","6","","0","0","1","1","0"
"POINT (9.916430591000051 53.611652362000001)","Unfall 8185 (2022) Kat:3, Licht: 0","8185","3","6","2","08","14","7","","0","0","1","0","0"
"POINT (10.098975792999999 53.510371715000097)","Unfall 8190 (2022) Kat:3, Licht: 2","8190","3","7","3","11","19","1","","2","0","1","0","0"
"POINT (9.998342402000050 53.594427155000098)","Unfall 8191 (2022) Kat:2, Licht: 0","8191","2","6","3","09","10","5","","0","0","0","0","1"
"POINT (9.965218734000080 53.581099182999999)","Unfall 8196 (2022) Kat:3, Licht: 2","8196","3","7","0","11","18","3","","2","1","0","1","0"
"POINT (10.157228888000100 53.559575098000003)","Unfall 8198 (2022) Kat:3, Licht: 0","8198","3","6","3","10","12","5","","0","0","1","0","0"
"POINT (9.931630388000031 53.588142979000096)","Unfall 8201 (2022) Kat:2, Licht: 0","8201","2","6","2","09","14","6","","0","0","1","0","1"
"POINT (10.092810581000000 53.541386703000100)","Unfall 8207 (2022) Kat:3, Licht: 2","8207","3","6","2","11","07","2","","2","0","1","0","0"
"POINT (9.945597170000040 53.562952582000001)","Unfall 8208 (2022) Kat:3, Licht: 2","8208","3","4","6","09","04","1","","2","0","1","1","0"
"POINT (9.879991967000020 53.568913581000103)","Unfall 8218 (2022) Kat:3, Licht: 2","8218","3","6","2","09","19","7","","2","0","1","0","0"
"POINT (9.967425877000039 53.590851100000101)","Unfall 8224 (2022) Kat:3, Licht: 0","8224","3","7","0","11","11","7","","0","1","0","0","0"
"POINT (9.986781225000071 53.603313988000103)","Unfall 8229 (2022) Kat:3, Licht: 2","8229","3","2","5","12","19","7","","2","1","1","0","0"
"POINT (9.902210928000040 53.621436959000100)","Unfall 8231 (2022) Kat:3, Licht: 0","8231","3","3","5","10","13","2","","0","0","1","0","0"
"POINT (9.952872805000030 53.613094183999998)","Unfall 8232 (2022) Kat:3, Licht: 0","8232","3","6","2","08","17","1","","0","0","1","0","0"
"POINT (9.933989595000069 53.582396553000102)","Unfall 8237 (2022) Kat:3, Licht: 0","8237","3","7","0","09","17","3","","0","1","0","0","0"
"POINT (9.956200799000040 53.570473460000102)","Unfall 8243 (2022) Kat:3, Licht: 0","8243","3","2","2","11","07","4","","0","0","1","0","0"
"POINT (10.129407832000000 53.524093578000098)","Unfall 8252 (2022) Kat:3, Licht: 0","8252","3","1","8","11","09","3","","0","0","1","0","0"
"POINT (9.897284539000051 53.556190303999998)","Unfall 8257 (2022) Kat:3, Licht: 0","8257","3","6","2","12","13","6","","0","0","1","0","0"
"POINT (10.002524715000000 53.639897430000097)","Unfall 8259 (2022) Kat:2, Licht: 2","8259","2","1","0","10","21","5","","2","0","1","0","0"
"POINT (9.921273020000060 53.563930026000001)","Unfall 8260 (2022) Kat:3, Licht: 2","8260","3","6","6","08","23","4","","2","1","0","1","0"
"POINT (10.166888898000000 53.514495383000103)","Unfall 8264 (2022) Kat:3, Licht: 0","8264","3","4","6","09","14","6","","0","0","1","1","0"
"POINT (10.109831873000100 53.513834357000100)","Unfall 8270 (2022) Kat:2, Licht: 0","8270","2","1","8","11","13","5","","0","0","1","0","0"
"POINT (9.850055226000050 53.572598894000102)","Unfall 8275 (2022) Kat:3, Licht: 0","8275","3","6","3","10","17","7","","0","0","1","0","0"
"POINT (9.926857400000070 53.467672936000000)","Unfall 8276 (2022) Kat:3, Licht: 0","8276","3","1","9","08","17","2","","0","0","1","0","0"
"POINT (9.909777597000071 53.627303585000000)","Unfall 8281 (2022) Kat:3, Licht: 1","8281","3","3","5","12","07","4","","1","1","1","0","0"
"POINT (10.205475683000000 53.488246199999999)","Unfall 8282 (2022) Kat:3, Licht: 1","8282","3","4","6","09","20","1","","1","1","0","1","0"
"POINT (9.858741558000080 53.571898809000103)","Unfall 8289 (2022) Kat:3, Licht: 0","8289","3","6","3","10","13","7","","0","0","1","0","0"
"POINT (9.932304802000029 53.527573973000102)","Unfall 8292 (2022) Kat:3, Licht: 0","8292","3","6","3","09","11","2","","0","0","1","0","0"
"POINT (9.920581789000041 53.515356698000097)","Unfall 8298 (2022) Kat:3, Licht: 0","8298","3","6","2","11","14","2","","0","0","1","0","0"
"POINT (9.962631889000020 53.578387659000001)","Unfall 8299 (2022) Kat:3, Licht: 0","8299","3","5","3","09","16","5","","0","1","1","0","0"
"POINT (9.953028910000061 53.613006548999998)","Unfall 8305 (2022) Kat:3, Licht: 0","8305","3","2","3","12","15","6","","0","1","1","0","0"
"POINT (9.989166063000029 53.593017621000101)","Unfall 8310 (2022) Kat:3, Licht: 0","8310","3","3","5","09","14","6","","0","1","1","0","0"
"POINT (10.019031213000099 53.583820953000000)","Unfall 8315 (2022) Kat:3, Licht: 2","8315","3","4","6","11","19","5","","2","0","1","1","0"
"POINT (10.040576632000100 53.507477455000100)","Unfall 8320 (2022) Kat:3, Licht: 2","8320","3","6","2","12","23","5","","2","0","1","0","0"
"POINT (9.908349323000040 53.575965742000101)","Unfall 8322 (2022) Kat:3, Licht: 0","8322","3","7","8","10","14","7","","0","0","1","0","0"
"POINT (9.965898195000021 53.596909389000103)","Unfall 8323 (2022) Kat:3, Licht: 0","8323","3","3","5","08","16","2","","0","1","1","0","0"
"POINT (9.930297989000049 53.536726555000001)","Unfall 8328 (2022) Kat:3, Licht: 0","8328","3","6","2","09","06","3","","0","0","1","0","0"
"POINT (9.922130722000080 53.468965721000103)","Unfall 8333 (2022) Kat:3, Licht: 2","8333","3","6","2","11","18","6","","2","0","0","0","0"
"POINT (10.029828498000001 53.489238151999999)","Unfall 8335 (2022) Kat:3, Licht: 0","8335","3","6","2","10","13","1","","0","0","1","0","0"
"POINT (9.846538362000050 53.572872723000003)","Unfall 8337 (2022) Kat:3, Licht: 0","8337","3","2","5","10","13","6","","0","1","1","0","0"
"POINT (9.945257109000069 53.620206433000099)","Unfall 8338 (2022) Kat:3, Licht: 1","8338","3","2","4","08","19","2","","1","0","1","0","0"
"POINT (10.009924136000100 53.547927598999998)","Unfall 8343 (2022) Kat:3, Licht: 2","8343","3","5","1","12","04","6","","2","0","0","0","0"
"POINT (9.901576716000021 53.470972940000102)","Unfall 8344 (2022) Kat:2, Licht: 0","8344","2","6","2","09","12","2","","0","0","1","0","1"
"POINT (9.959275924000050 53.560301927000097)","Unfall 8352 (2022) Kat:3, Licht: 0","8352","3","6","2","09","10","6","","0","0","1","0","0"
"POINT (10.000268834000099 53.547639361000101)","Unfall 8358 (2022) Kat:3, Licht: 2","8358","3","7","0","11","19","4","","2","0","0","0","1"
"POINT (10.027853628000100 53.454581544000099)","Unfall 8359 (2022) Kat:3, Licht: 0","8359","3","6","2","10","14","7","","0","0","1","0","0"
"POINT (9.986906825000061 53.459374459999999)","Unfall 8360 (2022) Kat:2, Licht: 0","8360","2","6","3","08","09","5","","0","1","0","0","0"
"POINT (10.025689325000000 53.553378008000003)","Unfall 8365 (2022) Kat:3, Licht: 0","8365","3","4","6","12","11","6","","0","1","0","1","0"
"POINT (10.026031710000000 53.551941835999997)","Unfall 8366 (2022) Kat:3, Licht: 0","8366","3","3","5","09","17","6","","0","0","1","0","0"
"POINT (9.944064969000070 53.568594472000001)","Unfall 8374 (2022) Kat:3, Licht: 0","8374","3","4","6","09","12","7","","0","1","0","1","0"
"POINT (10.030640533000099 53.545413779999997)","Unfall 8380 (2022) Kat:3, Licht: 0","8380","3","7","4","11","11","5","","0","0","1","0","0"
"POINT (9.941241146000040 53.572904788000102)","Unfall 8381 (2022) Kat:3, Licht: 2","8381","3","3","5","08","22","7","","2","1","1","0","0"
"POINT (9.893789409000020 53.471765031000103)","Unfall 8386 (2022) Kat:3, Licht: 2","8386","3","6","2","12","06","3","","2","0","0","0","0"
"POINT (10.023835791000099 53.572972277000098)","Unfall 8388 (2022) Kat:3, Licht: 0","8388","3","2","4","08","09","3","","0","1","1","0","0"
"POINT (9.992237713000071 53.457572851000101)","Unfall 8392 (2022) Kat:3, Licht: 0","8392","3","6","2","09","08","3","","0","0","1","0","0"
"POINT (9.907519875000050 53.617834080000101)","Unfall 8398 (2022) Kat:3, Licht: 0","8398","3","3","5","11","13","2","","0","0","1","0","0"
"POINT (10.025979973000100 53.551359404999999)","Unfall 8402 (2022) Kat:3, Licht: 2","8402","3","3","5","12","22","7","","2","0","1","0","0"
"POINT (9.823166851000050 53.576409587999997)","Unfall 8404 (2022) Kat:3, Licht: 0","8404","3","2","3","10","15","7","","0","1","0","0","0"
"POINT (10.105166408000100 53.512311393000097)","Unfall 8405 (2022) Kat:3, Licht: 0","8405","3","6","2","08","16","5","","0","0","1","0","0"
"POINT (9.969796998000049 53.550880771999999)","Unfall 8410 (2022) Kat:3, Licht: 0","8410","3","3","5","09","18","3","","0","1","1","0","0"
"POINT (10.026071079000101 53.571096654000002)","Unfall 8415 (2022) Kat:3, Licht: 0","8415","3","6","3","11","15","3","","0","0","1","0","0"
"POINT (10.029984689000100 53.489009864000103)","Unfall 8417 (2022) Kat:3, Licht: 0","8417","3","6","2","10","14","2","","0","0","1","0","0"
"POINT (9.957201854000060 53.571633024000100)","Unfall 8419 (2022) Kat:3, Licht: 1","8419","3","6","2","10","17","4","","1","0","1","0","0"
"POINT (9.930323671000050 53.629813453000097)","Unfall 8420 (2022) Kat:3, Licht: 0","8420","3","6","2","08","15","5","","0","0","1","0","0"
"POINT (9.987330690000020 53.547594291000102)","Unfall 8425 (2022) Kat:3, Licht: 2","8425","3","6","2","12","17","7","","2","0","1","0","0"
"POINT (9.916539723000030 53.564440404000003)","Unfall 8426 (2022) Kat:3, Licht: 2","8426","3","6","2","09","20","4","","2","0","1","0","0"
"POINT (10.027249658000100 53.542319470000102)","Unfall 8435 (2022) Kat:3, Licht: 0","8435","3","6","2","09","09","3","","0","0","1","0","0"
"POINT (9.923429504000071 53.595773749000003)","Unfall 8441 (2022) Kat:3, Licht: 0","8441","3","7","9","11","08","7","","0","0","1","0","0"
"POINT (9.950951113000031 53.616286395000003)","Unfall 8442 (2022) Kat:3, Licht: 2","8442","3","1","0","08","22","7","","2","1","0","0","0"
"POINT (9.793730811000049 53.580583103000002)","Unfall 8449 (2022) Kat:3, Licht: 0","8449","3","5","5","08","18","3","","0","0","1","0","0"
"POINT (10.032431291000000 53.540457791999998)","Unfall 8450 (2022) Kat:3, Licht: 2","8450","3","3","5","09","20","6","","2","0","1","0","0"
"POINT (9.993661303000071 53.547297210000103)","Unfall 8454 (2022) Kat:3, Licht: 0","8454","3","6","4","09","07","2","","0","0","1","0","0"
"POINT (9.831407309000040 53.471446464000103)","Unfall 8460 (2022) Kat:3, Licht: 1","8460","3","2","6","11","07","6","","1","0","1","1","0"
"POINT (10.036248164000000 53.496516004000100)","Unfall 8464 (2022) Kat:3, Licht: 0","8464","3","6","2","12","13","6","","0","0","1","0","0"
"POINT (10.029248457000101 53.488567920999998)","Unfall 8466 (2022) Kat:3, Licht: 0","8466","3","6","3","10","14","3","","0","0","1","0","0"
"POINT (10.027361460000099 53.570022379000100)","Unfall 8467 (2022) Kat:3, Licht: 0","8467","3","3","5","08","10","5","","0","0","1","0","0"
"POINT (10.036962007000101 53.561632940000003)","Unfall 8468 (2022) Kat:3, Licht: 0","8468","3","2","3","08","07","6","","0","1","0","0","0"
"POINT (10.027553621999999 53.569862356000002)","Unfall 8473 (2022) Kat:2, Licht: 0","8473","2","7","9","12","11","3","","0","0","1","0","0"
"POINT (9.887614085000051 53.568095198999998)","Unfall 8475 (2022) Kat:3, Licht: 0","8475","3","7","0","08","09","1","","0","1","0","0","0"
"POINT (9.917435584000030 53.609460398000103)","Unfall 8476 (2022) Kat:3, Licht: 2","8476","3","6","3","08","22","4","","2","0","1","0","0"
"POINT (9.961417861000029 53.559415628000103)","Unfall 8480 (2022) Kat:3, Licht: 0","8480","3","6","3","09","17","5","","0","1","0","0","0"
"POINT (9.818787667000040 53.577063367000100)","Unfall 8486 (2022) Kat:2, Licht: 2","8486","2","6","4","11","18","3","","2","1","0","0","0"
"POINT (9.961804852000061 53.577530224000000)","Unfall 8488 (2022) Kat:3, Licht: 2","8488","3","7","0","10","01","7","","2","1","0","0","0"
"POINT (10.026406304000000 53.532012101000099)","Unfall 8491 (2022) Kat:3, Licht: 0","8491","3","6","4","12","15","6","","0","1","0","0","0"
"POINT (9.916938880000030 53.515331318000101)","Unfall 8493 (2022) Kat:3, Licht: 2","8493","3","6","2","10","17","2","","2","0","1","0","0"
"POINT (10.166365127000100 53.514703507000000)","Unfall 8494 (2022) Kat:3, Licht: 0","8494","3","6","2","08","14","1","","0","0","1","0","0"
"POINT (9.923404345000050 53.595676626000099)","Unfall 8499 (2022) Kat:3, Licht: 0","8499","3","1","9","12","14","7","","0","0","1","0","0"
"POINT (10.040381619000099 53.555904173000002)","Unfall 8500 (2022) Kat:3, Licht: 0","8500","3","7","3","09","14","2","","0","0","1","0","0"
"POINT (9.973901562000041 53.586516717999999)","Unfall 8505 (2022) Kat:2, Licht: 0","8505","2","3","5","11","15","7","","0","0","1","0","1"
"POINT (10.002669550000100 53.592477312000000)","Unfall 8507 (2022) Kat:3, Licht: 2","8507","3","7","0","10","20","7","","2","0","0","0","1"
"POINT (10.224978535000000 53.487871068000103)","Unfall 8509 (2022) Kat:2, Licht: 0","8509","2","7","1","10","10","3","","0","0","1","0","0"
"POINT (10.025551066000000 53.552838493000102)","Unfall 8510 (2022) Kat:3, Licht: 0","8510","3","4","6","08","08","3","","0","1","0","1","0"
"POINT (10.025635845000100 53.520570168000098)","Unfall 8516 (2022) Kat:3, Licht: 2","8516","3","6","3","12","18","7","","2","0","1","0","0"
"POINT (10.152234829000101 53.519722038000097)","Unfall 8517 (2022) Kat:3, Licht: 0","8517","3","6","2","09","19","6","","0","0","1","0","0"
"POINT (9.909777561000061 53.627303425000001)","Unfall 8526 (2022) Kat:3, Licht: 0","8526","3","2","0","10","16","7","","0","1","1","0","0"
"POINT (10.147516327000099 53.542762014000097)","Unfall 8532 (2022) Kat:3, Licht: 2","8532","3","1","9","11","23","6","","2","0","1","0","0"
"POINT (9.957250590000060 53.470295898000103)","Unfall 8533 (2022) Kat:3, Licht: 0","8533","3","6","2","09","14","7","","0","0","1","0","0"
"POINT (9.924241777000081 53.595193770000002)","Unfall 8540 (2022) Kat:3, Licht: 0","8540","3","3","5","10","09","3","","0","0","1","0","0"
"POINT (10.036868940000000 53.561738137000098)","Unfall 8541 (2022) Kat:3, Licht: 0","8541","3","4","6","08","15","1","","0","0","0","1","1"
"POINT (9.837552173000059 53.573747808000100)","Unfall 8544 (2022) Kat:3, Licht: 0","8544","3","2","4","09","07","2","","0","1","1","0","0"
"POINT (10.055098133000101 53.551400094000002)","Unfall 8550 (2022) Kat:3, Licht: 0","8550","3","6","2","11","13","2","","0","0","1","0","0"
"POINT (9.945186221000030 53.620238821000001)","Unfall 8554 (2022) Kat:2, Licht: 2","8554","2","3","5","12","16","2","","2","1","1","0","0"
"POINT (10.202572732000000 53.491079798000001)","Unfall 8556 (2022) Kat:3, Licht: 0","8556","3","2","4","10","11","7","","0","0","1","0","0"
"POINT (10.145786715000000 53.522615324000100)","Unfall 8557 (2022) Kat:3, Licht: 0","8557","3","6","2","08","13","6","","0","0","1","0","0"
"POINT (9.970442649000059 53.584202312000102)","Unfall 8562 (2022) Kat:3, Licht: 2","8562","3","6","2","11","16","3","","2","0","1","0","0"
"POINT (9.962026204000040 53.603379762000003)","Unfall 8563 (2022) Kat:3, Licht: 0","8563","3","6","2","09","13","4","","0","0","1","0","0"
"POINT (9.953387858000040 53.561648073000100)","Unfall 8570 (2022) Kat:3, Licht: 2","8570","3","5","1","10","01","5","","2","1","0","0","0"
"POINT (10.022742314000000 53.474788875999998)","Unfall 8573 (2022) Kat:2, Licht: 1","8573","2","6","3","09","18","5","","1","0","1","0","0"
"POINT (9.959904770000040 53.608221919000101)","Unfall 8579 (2022) Kat:3, Licht: 2","8579","3","1","8","11","01","1","","2","0","1","0","0"
"POINT (10.029361371000000 53.449760571000098)","Unfall 8580 (2022) Kat:3, Licht: 0","8580","3","1","3","09","13","5","","0","0","1","0","0"
"POINT (9.917730892000071 53.542204871000102)","Unfall 8587 (2022) Kat:3, Licht: 1","8587","3","6","2","11","08","3","","1","0","1","0","0"