WKT,Name,OBJECTID,UKATEGORIE,UTYP1,UART,UMONAT,USTUNDE,UWOCHENTAG,STRZUSTAND,ULICHTVERH,ISTRAD,ISTPKW,ISTFUSS,ISTKRAD
"POINT (10.098488418000001 53.510234441000101)","Unfall 8588 (2022) Kat:3, Licht: 0","8588","3","6","2","09","08","2","","0","0","1","0","0"
"POINT (10.165086286000101 53.515177730000097)","Unfall 8593 (2022) Kat:3, Licht: 0","8593","3","6","3","11","08","6","","0","0","1","0","0"
"POINT (9.946224788000050 53.562830132999999)","Unfall 8594 (2022) Kat:3, Licht: 0","8594","3","6","4","11","08","5","","0","1","0","0","0"
"POINT (9.929213327000070 53.434872134999999)","Unfall 8596 (2022) Kat:3, Licht: 0","8596","3","6","2","10","13","5","","0","0","1","0","0"
"POINT (9.921225481000020 53.440108651999999)","Unfall 8599 (2022) Kat:3, Licht: 2","8599","3","7","0","10","03","2","","2","0","1","0","0"
"POINT (9.909174296000060 53.565742555000000)","Unfall 8600 (2022) Kat:3, Licht: 0","8600","3","7","0","08","14","6","","0","0","1","0","1"
"POINT (9.991826270000050 53.607402498000098)","Unfall 8606 (2022) Kat:3, Licht: 1","8606","3","2","5","11","07","4","","1","0","0","0","1"
"POINT (9.955607917000069 53.611651426000002)","Unfall 8607 (2022) Kat:3, Licht: 1","8607","3","7","9","09","06","1","","1","0","1","0","0"
"POINT (9.877521493000071 53.471976454000099)","Unfall 8614 (2022) Kat:3, Licht: 0","8614","3","7","0","11","14","3","","0","1","0","0","0"
"POINT (9.827377548000070 53.575702016000001)","Unfall 8618 (2022) Kat:3, Licht: 1","8618","3","1","2","09","07","1","","1","0","1","0","0"
"POINT (9.919267069000060 53.564018652000101)","Unfall 8624 (2022) Kat:3, Licht: 2","8624","3","2","5","11","16","6","","2","0","1","0","0"
"POINT (9.988179312000060 53.592437839000098)","Unfall 8631 (2022) Kat:3, Licht: 0","8631","3","1","0","10","16","3","","0","1","0","0","0"
"POINT (9.967219949000031 53.591567118000100)","Unfall 8632 (2022) Kat:3, Licht: 0","8632","3","6","4","08","06","5","","0","0","1","0","0"
"POINT (9.875146400000061 53.570694469000003)","Unfall 8637 (2022) Kat:3, Licht: 0","8637","3","7","0","09","13","4","","0","1","0","0","0"
"POINT (10.200727787000099 53.491889221000100)","Unfall 8643 (2022) Kat:2, Licht: 1","8643","2","2","6","11","16","6","","1","0","0","1","0"
"POINT (10.107045941000001 53.512807455000001)","Unfall 8645 (2022) Kat:2, Licht: 0","8645","2","6","3","10","09","7","","0","0","1","0","0"
"POINT (9.991154043000050 53.606870217999997)","Unfall 8649 (2022) Kat:3, Licht: 0","8649","3","6","2","10","08","4","","0","0","1","0","0"
"POINT (9.955866741000021 53.570440515000001)","Unfall 8650 (2022) Kat:3, Licht: 2","8650","3","3","5","08","23","6","","2","1","1","0","0"
"POINT (10.244709047000100 53.474799374000000)","Unfall 8655 (2022) Kat:3, Licht: 2","8655","3","7","0","12","20","3","","2","0","1","0","0"
"POINT (10.048355893000100 53.552208307000100)","Unfall 8656 (2022) Kat:3, Licht: 0","8656","3","6","2","09","07","2","","0","0","1","0","0"
"POINT (10.031661398000001 53.561513167000001)","Unfall 8665 (2022) Kat:3, Licht: 0","8665","3","7","6","09","07","5","","0","1","0","1","0"
"POINT (9.751565261000049 53.583603654999997)","Unfall 8671 (2022) Kat:3, Licht: 0","8671","3","6","2","11","11","6","","0","0","1","0","0"
"POINT (9.963913381000051 53.599848987000001)","Unfall 8672 (2022) Kat:3, Licht: 0","8672","3","2","3","09","18","6","","0","1","1","0","0"
"POINT (10.152924829000000 53.555633571000001)","Unfall 8677 (2022) Kat:3, Licht: 0","8677","3","7","0","12","09","4","","0","0","1","0","0"
"POINT (10.110713713999999 53.565565408000097)","Unfall 8682 (2022) Kat:3, Licht: 0","8682","3","1","8","09","16","7","","0","0","1","0","0"
"POINT (9.946064223000061 53.471010465000099)","Unfall 8687 (2022) Kat:3, Licht: 0","8687","3","6","2","11","13","3","","0","0","1","0","0"
"POINT (10.064872003000101 53.550209992000099)","Unfall 8691 (2022) Kat:3, Licht: 2","8691","3","2","4","12","16","6","","2","0","1","0","0"
"POINT (10.012936458000100 53.547824910000003)","Unfall 8693 (2022) Kat:3, Licht: 0","8693","3","6","4","10","13","3","","0","1","0","0","0"
"POINT (9.955228606000050 53.561233686999998)","Unfall 8694 (2022) Kat:3, Licht: 1","8694","3","7","6","08","06","7","","1","0","0","1","1"
"POINT (9.999793575000069 53.547654240000000)","Unfall 8704 (2022) Kat:2, Licht: 2","8704","2","6","3","10","02","1","","2","0","1","0","0"
"POINT (9.983895228000049 53.600127102999998)","Unfall 8707 (2022) Kat:3, Licht: 0","8707","3","7","3","09","08","3","","0","0","1","0","1"
"POINT (9.986516741000059 53.460015642000002)","Unfall 8713 (2022) Kat:3, Licht: 2","8713","3","6","2","11","17","5","","2","0","1","0","1"
"POINT (9.932589728000041 53.586224645000101)","Unfall 8718 (2022) Kat:3, Licht: 1","8718","3","6","2","12","07","3","","1","0","1","0","0"
"POINT (9.983936012000070 53.594381763999998)","Unfall 8720 (2022) Kat:3, Licht: 2","8720","3","2","3","10","18","6","","2","1","1","0","0"
"POINT (9.998551184000060 53.456213241999997)","Unfall 8721 (2022) Kat:3, Licht: 0","8721","3","6","2","08","13","7","","0","0","1","0","0"
"POINT (9.932310541000049 53.586783115999999)","Unfall 8726 (2022) Kat:2, Licht: 2","8726","2","6","3","09","03","3","","2","0","0","0","0"
"POINT (9.847728047000031 53.572854074000098)","Unfall 8732 (2022) Kat:3, Licht: 1","8732","3","2","3","11","16","5","","1","1","1","0","0"
"POINT (9.928038434000030 53.463812984000100)","Unfall 8734 (2022) Kat:3, Licht: 2","8734","3","7","6","10","19","6","","2","0","1","1","0"
"POINT (10.010517008000001 53.621481996999997)","Unfall 8737 (2022) Kat:3, Licht: 2","8737","3","7","0","10","05","7","","2","1","0","0","0"
"POINT (9.936929548000020 53.577761284000097)","Unfall 8738 (2022) Kat:3, Licht: 0","8738","3","6","1","08","07","6","","0","1","0","0","0"
"POINT (10.012217959000100 53.547813018000099)","Unfall 8743 (2022) Kat:3, Licht: 2","8743","3","6","3","12","19","2","","2","0","1","0","0"
"POINT (9.981300788000061 53.548825469000100)","Unfall 8744 (2022) Kat:3, Licht: 2","8744","3","6","2","09","03","1","","2","0","1","0","0"
"POINT (9.854840861000071 53.472382175000099)","Unfall 8750 (2022) Kat:3, Licht: 0","8750","3","2","4","10","15","1","","0","0","1","0","0"
"POINT (9.971922630000050 53.585117517000100)","Unfall 8754 (2022) Kat:3, Licht: 0","8754","3","2","3","09","09","6","","0","0","1","0","1"
"POINT (10.029195347000000 53.535063604000101)","Unfall 8760 (2022) Kat:3, Licht: 1","8760","3","6","2","11","16","7","","1","0","1","0","0"
"POINT (10.032693431000000 53.565679975000101)","Unfall 8761 (2022) Kat:3, Licht: 0","8761","3","3","5","08","15","3","","0","0","1","0","1"
"POINT (9.987785979000019 53.547516135000102)","Unfall 8766 (2022) Kat:3, Licht: 0","8766","3","6","3","12","14","6","","0","0","1","0","0"
"POINT (10.029108633000000 53.449198709000001)","Unfall 8768 (2022) Kat:2, Licht: 0","8768","2","6","2","08","13","1","","0","0","1","0","0"
"POINT (9.944099805000061 53.569008470000000)","Unfall 8772 (2022) Kat:3, Licht: 0","8772","3","2","3","09","19","1","","0","1","1","0","0"
"POINT (9.949797805000060 53.617878679000100)","Unfall 8778 (2022) Kat:3, Licht: 0","8778","3","6","2","11","12","5","","0","0","1","0","0"
"POINT (9.808431418000049 53.467081597000103)","Unfall 8782 (2022) Kat:2, Licht: 0","8782","2","6","2","12","09","4","","0","0","1","0","0"
"POINT (10.032428339999999 53.539333495000101)","Unfall 8784 (2022) Kat:3, Licht: 0","8784","3","6","2","10","12","6","","0","0","1","0","0"
"POINT (10.011107911000099 53.623826928000000)","Unfall 8785 (2022) Kat:3, Licht: 0","8785","3","3","5","08","08","4","","0","1","1","0","0"
"POINT (9.964586550000041 53.555330523000102)","Unfall 8790 (2022) Kat:3, Licht: 0","8790","3","6","2","09","17","5","","0","0","1","0","0"
"POINT (9.877523236000060 53.569850068999997)","Unfall 8795 (2022) Kat:3, Licht: 0","8795","3","2","3","11","13","2","","0","1","1","0","0"
"POINT (10.203481567000001 53.489206950000003)","Unfall 8796 (2022) Kat:3, Licht: 2","8796","3","7","6","11","17","4","","2","0","0","1","0"
"POINT (9.946581710000030 53.470980453000003)","Unfall 8799 (2022) Kat:2, Licht: 2","8799","2","1","0","10","04","7","","2","0","0","0","0"
"POINT (9.947680442000030 53.441785897999999)","Unfall 8800 (2022) Kat:3, Licht: 0","8800","3","2","3","08","19","4","","0","1","1","0","0"
"POINT (9.991781768000070 53.592791450000000)","Unfall 8805 (2022) Kat:3, Licht: 0","8805","3","3","5","12","14","5","","0","1","0","0","0"
"POINT (9.964070354000061 53.557222689000099)","Unfall 8806 (2022) Kat:3, Licht: 0","8806","3","7","0","09","14","6","","0","1","0","0","0"
"POINT (9.998240616000031 53.547600719000101)","Unfall 8813 (2022) Kat:3, Licht: 0","8813","3","6","2","09","08","2","","0","0","1","0","1"
"POINT (9.967229048000039 53.583061294000103)","Unfall 8818 (2022) Kat:3, Licht: 1","8818","3","6","2","11","17","3","","1","0","1","0","1"
"POINT (9.937034485000030 53.577636459000097)","Unfall 8820 (2022) Kat:3, Licht: 0","8820","3","2","3","10","13","4","","0","1","1","0","0"
"POINT (10.034117630000001 53.563875401000097)","Unfall 8822 (2022) Kat:3, Licht: 0","8822","3","6","6","10","11","5","","0","1","0","1","0"
"POINT (9.954880412000019 53.561311252000102)","Unfall 8823 (2022) Kat:3, Licht: 0","8823","3","6","3","08","14","6","","0","0","1","0","0"
"POINT (9.909216392000079 53.624754238000001)","Unfall 8828 (2022) Kat:3, Licht: 2","8828","3","5","5","11","17","3","","2","0","1","0","1"
"POINT (10.026844091999999 53.542404272000098)","Unfall 8829 (2022) Kat:2, Licht: 1","8829","2","6","4","09","06","3","","1","1","0","0","0"
"POINT (9.967750836000050 53.551763716000004)","Unfall 8837 (2022) Kat:3, Licht: 2","8837","3","6","4","09","05","5","","2","1","0","0","0"
"POINT (10.040681196000000 53.553223690000003)","Unfall 8843 (2022) Kat:3, Licht: 2","8843","3","6","3","11","16","2","","2","0","1","0","0"
"POINT (10.028538372000099 53.452217464999997)","Unfall 8844 (2022) Kat:3, Licht: 0","8844","3","6","2","08","15","2","","0","0","1","0","0"
"POINT (9.924189820000040 53.636228505000098)","Unfall 8851 (2022) Kat:2, Licht: 0","8851","2","7","0","08","14","5","","0","0","1","0","0"
"POINT (9.963788777000049 53.599962474000101)","Unfall 8852 (2022) Kat:3, Licht: 0","8852","3","6","2","08","14","7","","0","0","1","0","0"
"POINT (10.039041306000099 53.558947064999998)","Unfall 8856 (2022) Kat:3, Licht: 0","8856","3","6","0","09","12","2","","0","0","1","0","1"
"POINT (10.025896420000000 53.553128948000101)","Unfall 8862 (2022) Kat:3, Licht: 0","8862","3","6","6","11","14","2","","0","1","0","1","0"
"POINT (9.838699282000050 53.472176840000003)","Unfall 8866 (2022) Kat:3, Licht: 2","8866","3","5","5","12","16","5","","2","0","1","0","0"
"POINT (10.010947311000100 53.623944860000101)","Unfall 8868 (2022) Kat:3, Licht: 2","8868","3","6","2","10","22","6","","2","0","1","0","0"
"POINT (9.999857110000050 53.594460943000101)","Unfall 8869 (2022) Kat:3, Licht: 2","8869","3","3","5","08","23","1","","2","0","0","0","0"
"POINT (9.915663175000081 53.542004149000000)","Unfall 8874 (2022) Kat:3, Licht: 0","8874","3","6","2","12","12","5","","0","0","1","0","0"
"POINT (9.933823756000040 53.434856711000101)","Unfall 8875 (2022) Kat:3, Licht: 0","8875","3","6","3","09","16","5","","0","0","1","0","0"
"POINT (9.803367969000019 53.579347020999997)","Unfall 8880 (2022) Kat:3, Licht: 2","8880","3","3","5","11","05","3","","2","1","1","0","0"
"POINT (10.024712072000099 53.467024000999999)","Unfall 8882 (2022) Kat:3, Licht: 2","8882","3","6","2","10","06","2","","2","0","1","0","0"
"POINT (9.958473089000050 53.573218457999999)","Unfall 8885 (2022) Kat:2, Licht: 1","8885","2","5","5","10","06","3","","1","0","1","0","1"
"POINT (9.810032400000070 53.578047056999999)","Unfall 8886 (2022) Kat:3, Licht: 0","8886","3","2","4","08","07","2","","0","0","1","0","1"
"POINT (10.029135226999999 53.568594801000103)","Unfall 8892 (2022) Kat:3, Licht: 0","8892","3","6","3","11","16","6","","0","0","1","0","0"
"POINT (10.025546654999999 53.552904641000097)","Unfall 8893 (2022) Kat:3, Licht: 0","8893","3","6","2","11","11","6","","0","0","1","0","0"
"POINT (10.022111249000000 53.543303103000000)","Unfall 8894 (2022) Kat:3, Licht: 0","8894","3","6","2","09","13","1","","0","0","1","0","0"
"POINT (9.913618643000060 53.510661480000103)","Unfall 8904 (2022) Kat:3, Licht: 0","8904","3","6","2","09","16","6","","0","0","1","0","0"
"POINT (9.869325589000031 53.471686155999997)","Unfall 8910 (2022) Kat:3, Licht: 0","8910","3","2","2","11","08","3","","0","0","1","0","0"
"POINT (10.028459946000099 53.548197184000102)","Unfall 8917 (2022) Kat:3, Licht: 0","8917","3","6","2","10","12","5","","0","0","1","0","0"
"POINT (9.965882764000069 53.596949168999998)","Unfall 8918 (2022) Kat:3, Licht: 2","8918","3","7","0","08","21","4","","2","1","0","0","0"
"POINT (9.942694373000050 53.572662923999999)","Unfall 8922 (2022) Kat:3, Licht: 2","8922","3","1","0","09","04","1","","2","0","0","0","0"
"POINT (10.023485112000101 53.573261817999999)","Unfall 8925 (2022) Kat:3, Licht: 2","8925","3","1","0","10","06","7","","2","0","0","0","0"
"POINT (9.847962765000030 53.472767610000098)","Unfall 8927 (2022) Kat:3, Licht: 0","8927","3","6","2","09","11","2","","0","0","1","0","0"
"POINT (9.936574673000051 53.432260809000098)","Unfall 8933 (2022) Kat:3, Licht: 0","8933","3","7","0","11","11","6","","0","0","1","0","0"
"POINT (9.928722538000050 53.460888355000101)","Unfall 8934 (2022) Kat:3, Licht: 0","8934","3","6","0","09","17","1","","0","0","1","0","0"
"POINT (10.033271678000100 53.563047212000100)","Unfall 8939 (2022) Kat:3, Licht: 2","8939","3","4","6","12","19","7","","2","0","1","1","0"
"POINT (10.040621280000000 53.555407213000102)","Unfall 8941 (2022) Kat:3, Licht: 0","8941","3","6","3","08","09","3","","0","1","0","0","0"
"POINT (9.961480399000040 53.559374762000097)","Unfall 8942 (2022) Kat:2, Licht: 2","8942","2","1","0","09","03","5","","2","0","0","0","0"
"POINT (9.916567294000060 53.541650553000103)","Unfall 8946 (2022) Kat:3, Licht: 0","8946","3","6","2","09","10","7","","0","0","1","0","0"
"POINT (9.928616346000069 53.592245761000100)","Unfall 8952 (2022) Kat:3, Licht: 2","8952","3","2","4","11","06","2","","2","0","1","0","0"
"POINT (9.963630037000030 53.579406984000101)","Unfall 8956 (2022) Kat:2, Licht: 2","8956","2","1","0","12","19","3","","2","0","0","0","0"
"POINT (10.039076384000101 53.500722482000100)","Unfall 8958 (2022) Kat:3, Licht: 0","8958","3","6","2","10","15","6","","0","0","1","0","0"
"POINT (9.963517561000060 53.579260069000000)","Unfall 8959 (2022) Kat:3, Licht: 2","8959","3","2","3","08","20","5","","2","1","1","0","0"
"POINT (10.029275139999999 53.547154214000003)","Unfall 8964 (2022) Kat:3, Licht: 0","8964","3","6","2","11","15","4","","0","0","1","0","0"
"POINT (10.004838859000101 53.591960462000003)","Unfall 8965 (2022) Kat:3, Licht: 0","8965","3","6","2","09","17","5","","0","0","1","0","0"
"POINT (9.916447338000070 53.564459677000102)","Unfall 8970 (2022) Kat:3, Licht: 0","8970","3","3","5","11","16","6","","0","1","1","0","0"
"POINT (10.026049858000000 53.558290940000099)","Unfall 8974 (2022) Kat:3, Licht: 2","8974","3","6","4","10","23","2","","2","0","1","0","0"
"POINT (9.924102852000029 53.563772008000100)","Unfall 8975 (2022) Kat:3, Licht: 0","8975","3","6","4","08","15","6","","0","1","0","0","0"
"POINT (9.911083291000070 53.637218216000100)","Unfall 8981 (2022) Kat:3, Licht: 0","8981","3","5","5","11","10","4","","0","1","1","0","0"
"POINT (9.915761357000060 53.583757680000097)","Unfall 8982 (2022) Kat:3, Licht: 0","8982","3","6","3","09","11","4","","0","0","1","0","0"
"POINT (10.098399720000000 53.510046513000098)","Unfall 8989 (2022) Kat:2, Licht: 0","8989","2","1","9","11","09","3","","0","0","1","0","0"
"POINT (9.988167408000040 53.547449830000097)","Unfall 8993 (2022) Kat:3, Licht: 2","8993","3","6","3","09","21","3","","2","0","1","0","0"
"POINT (9.999738764000030 53.594498328999997)","Unfall 8999 (2022) Kat:3, Licht: 2","8999","3","6","2","11","19","5","","2","0","1","0","0"
"POINT (9.965871903000050 53.553099326000101)","Unfall 9004 (2022) Kat:3, Licht: 2","9004","3","2","3","12","02","7","","2","1","1","0","0"
"POINT (10.059661915000000 53.550876785000099)","Unfall 9006 (2022) Kat:3, Licht: 0","9006","3","6","3","10","16","2","","0","0","0","0","1"
"POINT (9.911844259000080 53.565581133000101)","Unfall 9007 (2022) Kat:3, Licht: 0","9007","3","3","5","08","14","3","","0","1","1","0","0"
"POINT (9.907884680000050 53.646763356000100)","Unfall 9012 (2022) Kat:3, Licht: 0","9012","3","4","6","09","07","4","","0","0","1","1","0"
"POINT (9.966905693000060 53.552263472999996)","Unfall 9018 (2022) Kat:3, Licht: 2","9018","3","2","0","11","17","4","","2","1","1","0","0"
"POINT (9.963966683000020 53.579842610000100)","Unfall 9020 (2022) Kat:3, Licht: 0","9020","3","2","3","10","14","2","","0","1","0","0","0"
"POINT (9.955663543000069 53.611624243000101)","Unfall 9023 (2022) Kat:3, Licht: 2","9023","3","2","3","10","19","3","","2","0","1","0","0"
"POINT (10.032417220000100 53.565909314000102)","Unfall 9024 (2022) Kat:3, Licht: 0","9024","3","1","0","08","16","5","","0","1","0","0","0"
"POINT (9.987852094000059 53.603649566000101)","Unfall 9029 (2022) Kat:3, Licht: 0","9029","3","3","5","12","15","2","","0","1","1","0","0"
"POINT (9.983760943000050 53.590437997000002)","Unfall 9030 (2022) Kat:3, Licht: 0","9030","3","3","5","09","11","1","","0","1","1","0","0"
"POINT (10.052223787000100 53.509373863000100)","Unfall 9042 (2022) Kat:3, Licht: 2","9042","3","6","3","11","17","5","","2","0","1","0","0"
"POINT (9.961090519000040 53.576437854000098)","Unfall 9046 (2022) Kat:3, Licht: 0","9046","3","4","6","12","15","2","","0","0","0","1","0"
"POINT (9.964109838000070 53.556994931000098)","Unfall 9048 (2022) Kat:3, Licht: 0","9048","3","2","3","10","15","5","","0","0","1","0","0"
"POINT (9.994992281000069 53.593603545000100)","Unfall 9049 (2022) Kat:3, Licht: 0","9049","3","6","3","08","15","4","","0","0","0","0","0"
"POINT (10.037932841000000 53.560537914000101)","Unfall 9054 (2022) Kat:3, Licht: 1","9054","3","4","6","12","08","5","","1","1","0","1","0"
"POINT (9.964184026000050 53.556775604000102)","Unfall 9055 (2022) Kat:3, Licht: 0","9055","3","6","2","09","11","3","","0","0","1","0","0"
"POINT (9.959588956000060 53.574945693000103)","Unfall 9062 (2022) Kat:3, Licht: 2","9062","3","7","0","10","21","4","","2","0","0","0","1"
"POINT (10.029746631000000 53.535726423000000)","Unfall 9065 (2022) Kat:3, Licht: 0","9065","3","6","2","09","08","5","","0","0","1","0","0"
"POINT (9.931679575000031 53.534757903000099)","Unfall 9071 (2022) Kat:3, Licht: 2","9071","3","7","9","11","05","7","","2","0","1","0","0"
"POINT (9.958657668000059 53.573453643000100)","Unfall 9072 (2022) Kat:3, Licht: 0","9072","3","2","0","09","16","3","","0","1","1","0","0"
"POINT (10.026243858999999 53.556928931000101)","Unfall 9077 (2022) Kat:3, Licht: 0","9077","3","1","9","12","11","7","","0","0","1","0","0"
"POINT (9.980660684000039 53.451441579000097)","Unfall 9079 (2022) Kat:3, Licht: 0","9079","3","6","2","10","12","2","","0","0","1","0","0"
"POINT (10.133222610000100 53.527328543000102)","Unfall 9083 (2022) Kat:3, Licht: 2","9083","3","6","3","09","21","6","","2","0","1","0","0"
"POINT (10.233895473000100 53.488417644999998)","Unfall 9089 (2022) Kat:3, Licht: 2","9089","3","2","6","11","19","7","","2","0","1","1","0"
"POINT (9.915498790000070 53.588389116000002)","Unfall 9090 (2022) Kat:3, Licht: 0","9090","3","6","1","11","13","6","","0","0","1","0","0"
"POINT (10.017038943999999 53.545128724000101)","Unfall 9095 (2022) Kat:3, Licht: 0","9095","3","6","3","12","14","3","","0","0","1","0","0"
"POINT (9.945464282000049 53.562975113000000)","Unfall 9097 (2022) Kat:3, Licht: 0","9097","3","3","5","10","11","2","","0","0","1","0","0"
"POINT (10.025773621000001 53.552382205000100)","Unfall 9098 (2022) Kat:3, Licht: 0","9098","3","6","4","08","19","2","","0","1","0","0","0"
"POINT (9.897069129000039 53.565638836000097)","Unfall 9103 (2022) Kat:3, Licht: 0","9103","3","3","5","09","16","3","","0","0","1","0","0"
"POINT (9.950138554000031 53.572748394000001)","Unfall 9108 (2022) Kat:3, Licht: 2","9108","3","3","5","11","17","1","","2","1","1","0","0"
"POINT (9.943848594000031 53.570663551999999)","Unfall 9110 (2022) Kat:3, Licht: 0","9110","3","5","5","10","09","2","","0","1","1","0","0"
"POINT (9.937424978000021 53.577170962000103)","Unfall 9112 (2022) Kat:3, Licht: 0","9112","3","6","2","10","14","6","","0","0","1","0","0"
"POINT (9.877827661000030 53.471981026999998)","Unfall 9113 (2022) Kat:2, Licht: 0","9113","2","3","5","08","13","3","","0","0","1","0","0"
"POINT (9.993915602000071 53.593184092999998)","Unfall 9118 (2022) Kat:3, Licht: 2","9118","3","1","0","12","04","7","","2","0","0","0","0"
"POINT (9.983925996000041 53.595573161000097)","Unfall 9119 (2022) Kat:3, Licht: 0","9119","3","6","6","09","10","6","","0","1","0","0","0"
"POINT (9.896125571000031 53.565664007000102)","Unfall 9125 (2022) Kat:3, Licht: 2","9125","3","1","0","11","19","3","","2","1","0","0","0"
"POINT (9.920241839000029 53.470573883999997)","Unfall 9128 (2022) Kat:3, Licht: 0","9128","3","2","2","09","17","2","","0","0","1","0","0"
"POINT (9.968859511000060 53.551273494999997)","Unfall 9134 (2022) Kat:2, Licht: 0","9134","2","2","3","11","08","3","","0","1","1","0","0"
"POINT (9.842524562000049 53.472562144000101)","Unfall 9135 (2022) Kat:3, Licht: 0","9135","3","6","2","08","08","4","","0","0","1","0","0"
"POINT (9.962732762000030 53.448518755000102)","Unfall 9140 (2022) Kat:3, Licht: 2","9140","3","5","5","12","22","6","","2","0","1","0","0"
"POINT (9.967626246000069 53.583385603000103)","Unfall 9142 (2022) Kat:3, Licht: 0","9142","3","1","0","08","17","3","","0","1","0","0","0"
"POINT (9.998916106000021 53.594494306999998)","Unfall 9143 (2022) Kat:3, Licht: 0","9143","3","6","3","09","13","7","","0","0","1","0","1"
"POINT (10.035196406000100 53.509818561000003)","Unfall 9147 (2022) Kat:3, Licht: 0","9147","3","6","2","09","14","1","","0","0","0","0","0"
"POINT (9.973906326000080 53.549644822000097)","Unfall 9153 (2022) Kat:3, Licht: 2","9153","3","6","2","11","19","4","","2","0","1","0","0"
"POINT (10.019180221999999 53.583348313999998)","Unfall 9154 (2022) Kat:3, Licht: 0","9154","3","6","2","09","17","4","","0","0","1","0","0"
"POINT (9.964084236000080 53.557127443000098)","Unfall 9160 (2022) Kat:3, Licht: 0","9160","3","2","3","11","13","4","","0","0","1","0","1"
"POINT (10.214483832000001 53.486111419000103)","Unfall 9161 (2022) Kat:3, Licht: 0","9161","3","7","0","08","18","6","","0","0","0","1","0"
"POINT (10.048664680000099 53.552172320000103)","Unfall 9166 (2022) Kat:3, Licht: 2","9166","3","1","0","12","20","6","","2","0","1","0","0"
"POINT (9.919150725000071 53.564029951000101)","Unfall 9171 (2022) Kat:3, Licht: 2","9171","3","2","4","09","23","7","","2","1","0","0","1"
"POINT (9.842495260000019 53.472559253000000)","Unfall 9176 (2022) Kat:3, Licht: 2","9176","3","5","5","11","07","6","","2","1","1","0","0"
"POINT (10.025626753999999 53.551836154000100)","Unfall 9177 (2022) Kat:3, Licht: 0","9177","3","3","5","11","07","5","","0","1","1","0","0"
"POINT (9.969569608000031 53.584001826000097)","Unfall 9181 (2022) Kat:3, Licht: 0","9181","3","2","4","12","13","3","","0","0","1","0","0"
"POINT (10.176952689000100 53.508731451000102)","Unfall 9183 (2022) Kat:2, Licht: 0","9183","2","4","6","10","11","3","","0","0","0","1","0"
"POINT (9.966503489000051 53.594545273000101)","Unfall 9184 (2022) Kat:3, Licht: 0","9184","3","2","3","08","14","2","","0","1","1","0","0"
"POINT (9.908812969000049 53.622932509000101)","Unfall 9189 (2022) Kat:3, Licht: 0","9189","3","2","4","09","08","2","","0","1","1","0","0"
"POINT (10.029607099000000 53.546342275000001)","Unfall 9194 (2022) Kat:2, Licht: 0","9194","2","6","2","11","09","3","","0","0","0","0","1"
"POINT (9.992873187000040 53.592752992999998)","Unfall 9195 (2022) Kat:3, Licht: 0","9195","3","6","2","11","07","5","","0","0","1","0","0"
"POINT (9.984105377000050 53.590496393000102)","Unfall 9197 (2022) Kat:3, Licht: 0","9197","3","2","3","10","12","5","","0","1","0","0","0"
"POINT (9.952915124000070 53.613070427000103)","Unfall 9199 (2022) Kat:3, Licht: 0","9199","3","5","5","10","08","4","","0","1","1","0","0"
"POINT (9.800206399000050 53.579825492000097)","Unfall 9200 (2022) Kat:3, Licht: 2","9200","3","7","0","08","21","5","","2","1","0","0","0"
"POINT (9.918650255000051 53.472779361999997)","Unfall 9205 (2022) Kat:3, Licht: 2","9205","3","6","3","12","06","2","","2","0","1","0","0"
"POINT (10.149398900000101 53.521144443000097)","Unfall 9206 (2022) Kat:3, Licht: 1","9206","3","6","2","09","18","2","","1","0","1","0","0"
"POINT (9.991148408000070 53.547188194000100)","Unfall 9213 (2022) Kat:3, Licht: 2","9213","3","1","0","10","02","1","","2","0","0","0","0"
"POINT (9.915370838000060 53.587578264000101)","Unfall 9216 (2022) Kat:3, Licht: 0","9216","3","6","3","09","15","4","","0","0","1","0","0"
"POINT (10.009105233000099 53.627598845000101)","Unfall 9222 (2022) Kat:3, Licht: 2","9222","3","2","3","11","19","1","","2","0","1","0","0"
"POINT (10.030635480999999 53.567391119000000)","Unfall 9223 (2022) Kat:3, Licht: 0","9223","3","2","4","09","16","5","","0","1","1","0","0"
"POINT (9.947489676000030 53.649552195000098)","Unfall 9230 (2022) Kat:3, Licht: 0","9230","3","1","9","08","07","4","","0","0","0","0","1"
"POINT (10.009532988000000 53.619581369999999)","Unfall 9231 (2022) Kat:3, Licht: 0","9231","3","7","0","09","20","7","","0","0","0","0","0"
"POINT (9.949109811000030 53.573265482000103)","Unfall 9235 (2022) Kat:3, Licht: 0","9235","3","6","4","09","11","3","","0","1","0","0","0"
"POINT (9.890345496000069 53.471881682000102)","Unfall 9241 (2022) Kat:3, Licht: 2","9241","3","5","6","11","05","5","","2","0","1","1","0"
"POINT (9.819059852000070 53.577015991000103)","Unfall 9245 (2022) Kat:3, Licht: 2","9245","3","3","5","12","17","4","","2","1","1","0","0"
"POINT (9.932273741000071 53.628444977000100)","Unfall 9247 (2022) Kat:3, Licht: 0","9247","3","7","3","10","16","6","","0","0","1","0","0"
"POINT (10.025838030999999 53.553761637999997)","Unfall 9248 (2022) Kat:2, Licht: 0","9248","2","6","2","08","07","5","","0","0","1","0","0"
"POINT (9.843188165000070 53.572947550000002)","Unfall 9253 (2022) Kat:3, Licht: 1","9253","3","6","2","11","18","3","","1","0","1","0","0"
"POINT (10.191774601000100 53.495942297000099)","Unfall 9254 (2022) Kat:3, Licht: 0","9254","3","3","5","09","08","5","","0","1","1","0","0"
"POINT (9.888525650000080 53.567824002000101)","Unfall 9259 (2022) Kat:3, Licht: 2","9259","3","2","4","11","17","7","","2","1","1","0","0"
"POINT (9.915467466000051 53.586399219000000)","Unfall 9261 (2022) Kat:3, Licht: 1","9261","3","6","3","10","17","1","","1","0","1","0","0"
"POINT (9.928833904000040 53.592321986999998)","Unfall 9264 (2022) Kat:2, Licht: 0","9264","2","4","6","10","08","7","","0","0","0","1","0"