WKT,Name,OBJECTID,UKATEGORIE,UTYP1,UART,UMONAT,USTUNDE,UWOCHENTAG,STRZUSTAND,ULICHTVERH,ISTRAD,ISTPKW,ISTFUSS,ISTKRAD
"POINT (9.913366517000039 53.542902300999998)","Unfall 9265 (2022) Kat:3, Licht: 0","9265","3","6","2","08","17","2","","0","0","1","0","0"
"POINT (10.022979332000000 53.543255543000001)","Unfall 9269 (2022) Kat:3, Licht: 0","9269","3","6","2","12","10","2","","0","0","1","0","0"
"POINT (9.929356930000040 53.643699314000102)","Unfall 9271 (2022) Kat:3, Licht: 0","9271","3","6","2","10","08","7","","0","0","1","0","0"
"POINT (9.969724610000069 53.550911042000102)","Unfall 9272 (2022) Kat:3, Licht: 2","9272","3","2","5","08","21","7","","2","0","1","0","0"
"POINT (9.916457251000050 53.564457609000002)","Unfall 9277 (2022) Kat:3, Licht: 0","9277","3","3","5","09","18","5","","0","0","1","0","0"
"POINT (10.038817205000001 53.500751536000102)","Unfall 9282 (2022) Kat:3, Licht: 2","9282","3","6","2","11","18","1","","2","0","1","0","0"
"POINT (10.024841970000100 53.530324024000002)","Unfall 9284 (2022) Kat:3, Licht: 0","9284","3","6","3","10","14","4","","0","0","1","0","0"
"POINT (9.916572643000050 53.515263127000097)","Unfall 9286 (2022) Kat:3, Licht: 0","9286","3","6","3","10","17","3","","0","0","1","0","0"
"POINT (10.039050514000101 53.558929057999997)","Unfall 9287 (2022) Kat:3, Licht: 0","9287","3","6","3","08","14","4","","0","0","1","0","1"
"POINT (9.940261081000070 53.439468026999997)","Unfall 9293 (2022) Kat:3, Licht: 0","9293","3","6","2","12","10","6","","0","0","1","0","0"
"POINT (10.131654571000100 53.526150791000099)","Unfall 9294 (2022) Kat:2, Licht: 0","9294","2","6","2","09","10","7","","0","0","1","0","0"
"POINT (9.969039541000029 53.584055243000101)","Unfall 9303 (2022) Kat:3, Licht: 2","9303","3","1","0","09","00","7","","2","1","0","0","0"
"POINT (9.942533919000031 53.563391901000003)","Unfall 9309 (2022) Kat:3, Licht: 2","9309","3","7","4","11","19","1","","2","0","1","0","1"
"POINT (9.965834636000070 53.553132225000098)","Unfall 9310 (2022) Kat:3, Licht: 0","9310","3","2","3","08","10","1","","0","1","1","0","0"
"POINT (9.986136274000049 53.547794492999998)","Unfall 9315 (2022) Kat:3, Licht: 0","9315","3","2","2","12","15","7","","0","0","1","0","0"
"POINT (9.836347804000070 53.471952897000101)","Unfall 9317 (2022) Kat:3, Licht: 0","9317","3","6","2","08","12","1","","0","0","1","0","1"
"POINT (9.961079893000029 53.646978769999997)","Unfall 9318 (2022) Kat:3, Licht: 0","9318","3","7","0","08","17","4","","0","0","0","0","1"
"POINT (9.938378432000039 53.576066871000101)","Unfall 9321 (2022) Kat:3, Licht: 1","9321","3","7","0","09","21","2","","1","1","0","0","0"
"POINT (9.867399262000051 53.571434453000101)","Unfall 9327 (2022) Kat:3, Licht: 0","9327","3","6","2","11","10","4","","0","0","1","1","0"
"POINT (9.978131752000021 53.549351700000003)","Unfall 9331 (2022) Kat:3, Licht: 0","9331","3","4","6","12","14","3","","0","0","0","1","0"
"POINT (9.984344488000030 53.648420559999998)","Unfall 9333 (2022) Kat:3, Licht: 0","9333","3","6","2","10","16","5","","0","0","1","0","0"
"POINT (9.923202514000019 53.598929878000000)","Unfall 9334 (2022) Kat:1, Licht: 0","9334","1","7","0","08","17","1","","0","0","1","0","0"
"POINT (9.870757961000040 53.471734767000001)","Unfall 9339 (2022) Kat:2, Licht: 1","9339","2","1","9","12","07","5","","1","0","1","0","0"
"POINT (9.910908636000039 53.632844997000099)","Unfall 9340 (2022) Kat:3, Licht: 2","9340","3","2","4","09","21","5","","2","0","1","0","1"
"POINT (10.053086114999999 53.551637177000003)","Unfall 9347 (2022) Kat:3, Licht: 0","9347","3","5","5","10","09","5","","0","0","1","0","0"
"POINT (9.968981929000050 53.585022084000101)","Unfall 9350 (2022) Kat:3, Licht: 2","9350","3","4","0","09","20","6","","2","0","0","1","0"
"POINT (9.974067161000050 53.586590374000103)","Unfall 9356 (2022) Kat:3, Licht: 0","9356","3","7","5","11","08","2","","0","1","1","0","0"
"POINT (10.022852312000101 53.573812724000000)","Unfall 9357 (2022) Kat:3, Licht: 0","9357","3","6","3","09","10","6","","0","1","1","0","0"
"POINT (9.794068825000069 53.580578142000000)","Unfall 9366 (2022) Kat:3, Licht: 0","9366","3","6","3","09","11","3","","0","0","1","0","0"
"POINT (9.966684498000060 53.593690598000101)","Unfall 9372 (2022) Kat:3, Licht: 2","9372","3","1","8","11","17","6","","2","0","1","1","0"
"POINT (9.989654052000050 53.457436404000099)","Unfall 9381 (2022) Kat:3, Licht: 2","9381","3","6","3","11","16","4","","2","0","1","0","0"
"POINT (9.973568585000070 53.549707612000098)","Unfall 9382 (2022) Kat:3, Licht: 0","9382","3","1","0","09","09","7","","0","0","0","0","1"
"POINT (9.985545779000059 53.547913684000001)","Unfall 9392 (2022) Kat:3, Licht: 0","9392","3","5","1","09","10","5","","0","0","1","1","0"
"POINT (10.036187076999999 53.496443749999997)","Unfall 9398 (2022) Kat:3, Licht: 0","9398","3","6","2","11","12","6","","0","0","1","0","0"
"POINT (9.961192335000019 53.605999414000102)","Unfall 9403 (2022) Kat:3, Licht: 0","9403","3","7","0","12","13","6","","0","0","0","0","0"
"POINT (10.202378689000099 53.491177229000101)","Unfall 9405 (2022) Kat:3, Licht: 0","9405","3","2","4","10","16","4","","0","0","1","0","0"
"POINT (9.897206703000050 53.554478713999998)","Unfall 9406 (2022) Kat:3, Licht: 0","9406","3","6","2","08","18","7","","0","0","1","0","0"
"POINT (10.049289242000000 53.552095911000002)","Unfall 9411 (2022) Kat:3, Licht: 0","9411","3","6","2","09","16","2","","0","0","1","0","0"
"POINT (9.917341225000030 53.609653696000102)","Unfall 9417 (2022) Kat:3, Licht: 1","9417","3","6","3","11","06","5","","1","0","1","0","0"
"POINT (9.936509774000060 53.647510099000002)","Unfall 9419 (2022) Kat:3, Licht: 0","9419","3","6","2","10","17","3","","0","0","1","0","0"
"POINT (10.023663416000000 53.573114600000103)","Unfall 9423 (2022) Kat:3, Licht: 2","9423","3","7","0","10","19","4","","2","1","0","0","0"
"POINT (9.998945649000060 53.612732964000003)","Unfall 9424 (2022) Kat:3, Licht: 0","9424","3","6","3","08","16","7","","0","1","0","0","0"
"POINT (9.945300202000061 53.563000535000100)","Unfall 9429 (2022) Kat:3, Licht: 2","9429","3","2","3","12","17","4","","2","1","1","0","0"
"POINT (9.934750355000061 53.580321400999999)","Unfall 9430 (2022) Kat:3, Licht: 0","9430","3","4","6","09","15","2","","0","0","0","1","0"
"POINT (9.939727836000030 53.574537022000101)","Unfall 9439 (2022) Kat:3, Licht: 0","9439","3","6","2","09","08","3","","0","0","1","0","0"
"POINT (9.942514436000071 53.563394907000003)","Unfall 9445 (2022) Kat:3, Licht: 2","9445","3","1","0","11","22","7","","2","1","0","0","0"
"POINT (9.864454144000041 53.571613421999999)","Unfall 9446 (2022) Kat:3, Licht: 0","9446","3","6","2","08","15","2","","0","0","1","0","0"
"POINT (10.009380359000000 53.547780867000000)","Unfall 9452 (2022) Kat:3, Licht: 2","9452","3","6","2","12","16","5","","2","0","1","0","0"
"POINT (9.963284200000031 53.469405752000100)","Unfall 9457 (2022) Kat:3, Licht: 0","9457","3","6","2","09","10","4","","0","0","1","0","0"
"POINT (10.053824398000099 53.551558819000000)","Unfall 9462 (2022) Kat:3, Licht: 0","9462","3","2","3","11","09","6","","0","0","1","0","0"
"POINT (9.942288643000040 53.563429737000000)","Unfall 9464 (2022) Kat:3, Licht: 2","9464","3","6","2","10","23","7","","2","0","1","0","0"
"POINT (9.928457242000039 53.592341233000099)","Unfall 9467 (2022) Kat:3, Licht: 0","9467","3","3","5","12","13","5","","0","0","1","0","0"
"POINT (9.907519875000050 53.617834080000101)","Unfall 9469 (2022) Kat:3, Licht: 0","9469","3","3","5","10","16","4","","0","0","1","0","0"
"POINT (10.205703096000001 53.475247586000101)","Unfall 9470 (2022) Kat:3, Licht: 0","9470","3","6","2","08","17","5","","0","0","1","0","0"
"POINT (9.984933602000069 53.601587067000096)","Unfall 9475 (2022) Kat:3, Licht: 1","9475","3","7","0","09","06","3","","1","1","0","0","0"
"POINT (9.939139056000039 53.563643519999999)","Unfall 9480 (2022) Kat:3, Licht: 0","9480","3","7","0","11","12","6","","0","1","0","0","0"
"POINT (10.030872972999999 53.515969001000002)","Unfall 9482 (2022) Kat:1, Licht: 2","9482","1","1","9","10","05","6","","2","0","0","0","1"
"POINT (10.026508481000100 53.551490505000103)","Unfall 9484 (2022) Kat:3, Licht: 2","9484","3","3","5","10","20","7","","2","0","1","0","0"
"POINT (9.955640887000071 53.570490743000100)","Unfall 9485 (2022) Kat:3, Licht: 0","9485","3","6","2","08","16","2","","0","0","1","0","0"
"POINT (9.751817963000059 53.583577753999997)","Unfall 9490 (2022) Kat:3, Licht: 0","9490","3","6","2","11","11","3","","0","0","1","0","0"
"POINT (9.943281607000070 53.572393114000100)","Unfall 9492 (2022) Kat:3, Licht: 2","9492","3","6","3","12","17","4","","2","0","1","0","0"
"POINT (9.930463473000030 53.643873777000103)","Unfall 9494 (2022) Kat:3, Licht: 1","9494","3","1","0","10","06","2","","1","0","0","0","1"
"POINT (10.032753265000100 53.562484009999999)","Unfall 9495 (2022) Kat:3, Licht: 0","9495","3","7","3","08","16","7","","0","0","1","0","1"
"POINT (9.927065767000039 53.467937802999998)","Unfall 9500 (2022) Kat:2, Licht: 0","9500","2","7","9","09","07","3","","0","0","1","0","0"
"POINT (10.082854253000100 53.504377159000100)","Unfall 9506 (2022) Kat:2, Licht: 0","9506","2","7","0","11","10","1","","0","0","1","0","0"
"POINT (9.857883939000031 53.471542561000000)","Unfall 9508 (2022) Kat:2, Licht: 0","9508","2","7","0","10","11","4","","0","1","0","0","0"
"POINT (9.994392260000041 53.547344908000099)","Unfall 9511 (2022) Kat:3, Licht: 0","9511","3","6","2","10","15","7","","0","0","1","0","0"
"POINT (10.145666655000101 53.522830008000000)","Unfall 9512 (2022) Kat:3, Licht: 0","9512","3","6","2","08","06","6","","0","0","0","0","1"
"POINT (10.155868982000101 53.558764004000103)","Unfall 9517 (2022) Kat:3, Licht: 0","9517","3","6","3","12","10","3","","0","0","1","0","0"
"POINT (10.056101321000000 53.509308048000001)","Unfall 9518 (2022) Kat:3, Licht: 0","9518","3","6","2","09","16","5","","0","0","1","0","0"
"POINT (10.031821477000101 53.538506574000102)","Unfall 9527 (2022) Kat:3, Licht: 0","9527","3","6","3","09","07","2","","0","0","1","0","0"
"POINT (10.012766005000101 53.547862505000097)","Unfall 9533 (2022) Kat:3, Licht: 0","9533","3","3","5","11","12","2","","0","1","1","0","0"
"POINT (9.980647611000050 53.464066836000001)","Unfall 9534 (2022) Kat:2, Licht: 0","9534","2","3","5","08","18","3","","0","0","1","0","1"
"POINT (10.178307565000100 53.508216173000100)","Unfall 9539 (2022) Kat:3, Licht: 0","9539","3","6","2","12","15","4","","0","0","1","0","0"
"POINT (9.924608458000019 53.563744488000097)","Unfall 9541 (2022) Kat:3, Licht: 1","9541","3","7","0","08","05","3","","1","0","0","0","1"
"POINT (10.019228685000000 53.583193015000099)","Unfall 9545 (2022) Kat:3, Licht: 0","9545","3","2","0","09","16","2","","0","0","1","0","1"
"POINT (10.021698151000100 53.543458258999998)","Unfall 9551 (2022) Kat:3, Licht: 2","9551","3","6","2","11","05","5","","2","0","1","0","0"
"POINT (10.026244192000000 53.556942612000100)","Unfall 9555 (2022) Kat:3, Licht: 0","9555","3","3","5","12","13","5","","0","0","1","0","1"
"POINT (9.826679974000060 53.470985429000102)","Unfall 9557 (2022) Kat:2, Licht: 0","9557","2","2","5","10","14","6","","0","1","1","0","0"
"POINT (9.983936327000039 53.593974346000003)","Unfall 9558 (2022) Kat:3, Licht: 0","9558","3","6","2","08","11","2","","0","0","1","0","0"
"POINT (9.928617110000060 53.592245302999999)","Unfall 9563 (2022) Kat:3, Licht: 2","9563","3","2","4","09","23","6","","2","0","1","0","0"
"POINT (9.934350061000030 53.581218493000101)","Unfall 9568 (2022) Kat:3, Licht: 2","9568","3","6","2","11","16","2","","2","0","1","0","0"
"POINT (10.031910880000099 53.539904993000100)","Unfall 9570 (2022) Kat:3, Licht: 0","9570","3","6","2","10","13","1","","0","0","1","0","0"
"POINT (9.988673210000060 53.457936905000103)","Unfall 9572 (2022) Kat:3, Licht: 1","9572","3","2","3","10","18","7","","1","0","1","0","0"
"POINT (9.986241761000031 53.547775215999998)","Unfall 9573 (2022) Kat:3, Licht: 0","9573","3","2","3","08","11","5","","0","1","0","0","0"
"POINT (10.216167002000100 53.486049483999999)","Unfall 9578 (2022) Kat:3, Licht: 2","9578","3","6","6","12","19","5","","2","1","0","1","0"
"POINT (10.010122184000100 53.620564520000102)","Unfall 9579 (2022) Kat:3, Licht: 0","9579","3","7","3","09","13","2","","0","0","1","0","0"
"POINT (9.937959847000061 53.563673602999998)","Unfall 9588 (2022) Kat:3, Licht: 0","9588","3","7","3","09","13","3","","0","0","1","0","0"
"POINT (9.923234185000069 53.595232867999997)","Unfall 9594 (2022) Kat:3, Licht: 0","9594","3","6","2","11","14","4","","0","0","0","0","0"
"POINT (9.936595740000030 53.563729756000001)","Unfall 9595 (2022) Kat:3, Licht: 0","9595","3","1","0","09","07","5","","0","1","0","0","0"
"POINT (9.834255520000060 53.471744407000102)","Unfall 9602 (2022) Kat:3, Licht: 0","9602","3","6","4","08","11","7","","0","1","0","0","0"
"POINT (10.120500879000099 53.655459908000097)","Unfall 148167 (2022) Kat:3, Licht: 2","148167","3","7","9","01","02","6","","2","0","1","0","0"
"POINT (10.105757185000099 53.548034772000101)","Unfall 148168 (2022) Kat:3, Licht: 0","148168","3","2","4","03","13","6","","0","0","1","0","0"
"POINT (9.993501931000029 53.557689303000103)","Unfall 148169 (2022) Kat:3, Licht: 0","148169","3","3","5","01","14","1","","0","0","1","0","0"
"POINT (10.054125704000100 53.635763296999997)","Unfall 148170 (2022) Kat:3, Licht: 2","148170","3","2","3","02","05","7","","2","0","1","0","0"
"POINT (9.995553052000050 53.543508885000101)","Unfall 148172 (2022) Kat:3, Licht: 1","148172","3","6","3","01","17","7","","1","0","1","0","0"
"POINT (9.977679824000059 53.455901482999998)","Unfall 148173 (2022) Kat:3, Licht: 2","148173","3","1","8","03","19","2","","2","0","1","0","0"
"POINT (9.918794896000071 53.576653241000002)","Unfall 148175 (2022) Kat:3, Licht: 0","148175","3","3","5","02","09","2","","0","0","1","0","0"
"POINT (9.999403660000040 53.556237701000001)","Unfall 148176 (2022) Kat:3, Licht: 0","148176","3","6","3","02","09","3","","0","1","0","0","0"
"POINT (9.907509447000050 53.589810724000102)","Unfall 148178 (2022) Kat:3, Licht: 0","148178","3","7","0","01","12","3","","0","1","0","0","0"
"POINT (10.109733162000101 53.538712908000001)","Unfall 148179 (2022) Kat:3, Licht: 0","148179","3","7","0","03","11","3","","0","0","0","0","0"
"POINT (10.012728020000100 53.626359710000003)","Unfall 148180 (2022) Kat:3, Licht: 1","148180","3","3","5","01","06","5","","1","1","1","0","0"
"POINT (10.122038844000000 53.609329813000002)","Unfall 148181 (2022) Kat:2, Licht: 2","148181","2","7","3","02","18","2","","2","0","1","0","0"
"POINT (9.995048588000030 53.595344742000101)","Unfall 148182 (2022) Kat:3, Licht: 0","148182","3","6","2","03","15","4","","0","1","1","0","0"
"POINT (10.158222610999999 53.616699939999997)","Unfall 148183 (2022) Kat:3, Licht: 0","148183","3","4","6","01","13","6","","0","0","1","1","0"
"POINT (9.904072267000060 53.587571271000101)","Unfall 148185 (2022) Kat:3, Licht: 0","148185","3","3","5","02","12","5","","0","1","1","0","0"
"POINT (9.965202545000070 53.566300255000002)","Unfall 148186 (2022) Kat:3, Licht: 2","148186","3","7","0","02","04","7","","2","0","0","0","0"
"POINT (9.949353667000031 53.463132330000100)","Unfall 148187 (2022) Kat:3, Licht: 2","148187","3","7","6","02","21","5","","2","0","0","1","0"
"POINT (9.866984313000049 53.453754977000102)","Unfall 148188 (2022) Kat:3, Licht: 0","148188","3","6","4","03","16","2","","0","0","1","0","0"
"POINT (10.026380201000100 53.579394345000097)","Unfall 148190 (2022) Kat:3, Licht: 2","148190","3","2","4","01","19","7","","2","0","1","0","0"
"POINT (9.990687802000020 53.541562473000099)","Unfall 148191 (2022) Kat:3, Licht: 0","148191","3","7","7","03","17","1","","0","0","0","1","1"
"POINT (9.996865900000049 53.547696904000098)","Unfall 148192 (2022) Kat:3, Licht: 1","148192","3","3","5","01","16","4","","1","1","1","0","0"
"POINT (9.889947552000020 53.601599824000097)","Unfall 148193 (2022) Kat:3, Licht: 2","148193","3","3","5","02","21","7","","2","0","1","0","0"
"POINT (10.122450861000100 53.567263437000101)","Unfall 148194 (2022) Kat:2, Licht: 2","148194","2","3","5","01","17","3","","2","0","1","0","0"
"POINT (9.989915246000070 53.543747047000103)","Unfall 148196 (2022) Kat:3, Licht: 0","148196","3","7","0","02","08","5","","0","1","0","0","0"
"POINT (10.120540522000100 53.534715279000103)","Unfall 148197 (2022) Kat:3, Licht: 0","148197","3","4","6","03","17","1","","0","0","0","1","0"
"POINT (10.103413608000000 53.648963460000097)","Unfall 148198 (2022) Kat:3, Licht: 2","148198","3","2","3","03","19","4","","2","0","1","0","0"
"POINT (10.142513020000001 53.604219133000100)","Unfall 148199 (2022) Kat:3, Licht: 2","148199","3","1","0","02","07","2","","2","1","0","0","0"
"POINT (10.028362942999999 53.532968160999999)","Unfall 148201 (2022) Kat:3, Licht: 2","148201","3","1","0","01","16","4","","2","0","0","0","1"
"POINT (10.079913050000100 53.580981760999997)","Unfall 148202 (2022) Kat:3, Licht: 0","148202","3","2","3","03","10","5","","0","0","1","0","1"
"POINT (9.955688598000050 53.551980485999998)","Unfall 148204 (2022) Kat:3, Licht: 2","148204","3","3","5","02","19","4","","2","1","0","0","0"
"POINT (10.095888851000000 53.516604716000103)","Unfall 148205 (2022) Kat:3, Licht: 0","148205","3","7","0","02","13","4","","0","1","0","0","0"
"POINT (10.063155296000000 53.587649193000097)","Unfall 148206 (2022) Kat:3, Licht: 0","148206","3","3","5","03","12","6","","0","0","1","0","0"
"POINT (10.009661272000100 53.550787604999996)","Unfall 148207 (2022) Kat:3, Licht: 1","148207","3","7","0","03","06","6","","1","1","0","0","0"
"POINT (10.037132249000001 53.558575707000003)","Unfall 148208 (2022) Kat:3, Licht: 1","148208","3","6","2","01","18","7","","1","0","1","0","0"
"POINT (10.049523519999999 53.578676164999997)","Unfall 148209 (2022) Kat:3, Licht: 2","148209","3","2","3","03","19","2","","2","1","0","0","1"
"POINT (9.979076579000040 53.457140817000003)","Unfall 148210 (2022) Kat:3, Licht: 2","148210","3","3","6","01","07","6","","2","0","1","1","0"
"POINT (10.104707487000001 53.572682305999997)","Unfall 148211 (2022) Kat:3, Licht: 0","148211","3","3","6","03","15","5","","0","0","0","1","0"
"POINT (10.057695800999999 53.579201847000000)","Unfall 148212 (2022) Kat:3, Licht: 0","148212","3","3","5","01","11","2","","0","0","1","0","1"
"POINT (10.208683466000000 53.490256197000100)","Unfall 148213 (2022) Kat:3, Licht: 0","148213","3","3","6","03","16","6","","0","0","0","1","0"
"POINT (9.898894332000051 53.623221409999999)","Unfall 148215 (2022) Kat:3, Licht: 0","148215","3","6","4","02","12","1","","0","1","1","0","0"
"POINT (9.977965623000051 53.458788250000097)","Unfall 148216 (2022) Kat:3, Licht: 0","148216","3","2","0","02","16","2","","0","0","1","0","0"
"POINT (10.063188993000001 53.602531999000099)","Unfall 148217 (2022) Kat:3, Licht: 0","148217","3","7","3","02","12","6","","0","0","1","0","0"
"POINT (9.993172000000071 53.543220677000100)","Unfall 148218 (2022) Kat:3, Licht: 1","148218","3","2","4","01","07","4","","1","0","0","0","1"
"POINT (9.993462261000049 53.640709206000103)","Unfall 148219 (2022) Kat:3, Licht: 0","148219","3","6","4","03","14","7","","0","0","1","0","1"
"POINT (10.061536458000001 53.671095823000002)","Unfall 148220 (2022) Kat:3, Licht: 0","148220","3","6","1","01","13","4","","0","0","1","0","0"
"POINT (9.795832045000051 53.514807621000003)","Unfall 148221 (2022) Kat:3, Licht: 0","148221","3","6","2","02","12","7","","0","0","1","0","0"
"POINT (9.999320229000030 53.667335766000100)","Unfall 148222 (2022) Kat:3, Licht: 1","148222","3","3","5","03","06","3","","1","1","1","0","0"
"POINT (10.006346963000100 53.580618942000100)","Unfall 148223 (2022) Kat:3, Licht: 0","148223","3","6","2","01","07","6","","0","1","0","0","0"
"POINT (9.955708867000061 53.632385210999999)","Unfall 148225 (2022) Kat:3, Licht: 0","148225","3","5","1","02","15","6","","0","0","1","0","0"
"POINT (10.066770128000000 53.650637158000102)","Unfall 148226 (2022) Kat:3, Licht: 0","148226","3","4","6","02","13","6","","0","0","1","1","0"
"POINT (10.055601733000101 53.579895815000000)","Unfall 148227 (2022) Kat:3, Licht: 0","148227","3","3","0","02","15","4","","0","1","1","0","0"
"POINT (10.086212186000100 53.554818986000001)","Unfall 148228 (2022) Kat:3, Licht: 0","148228","3","3","6","03","13","1","","0","1","0","1","0"
"POINT (10.099338025000099 53.653764860000102)","Unfall 148229 (2022) Kat:3, Licht: 0","148229","3","1","0","02","07","2","","0","1","0","0","0"
"POINT (9.902000160000060 53.609748197000002)","Unfall 148231 (2022) Kat:3, Licht: 2","148231","3","7","0","01","19","7","","2","0","0","0","0"
"POINT (9.955053210000070 53.575441544999997)","Unfall 148232 (2022) Kat:3, Licht: 0","148232","3","4","6","03","07","5","","0","0","1","1","0"
"POINT (9.997157439000031 53.602187974000103)","Unfall 148233 (2022) Kat:3, Licht: 0","148233","3","2","3","01","15","2","","0","1","1","0","0"
"POINT (10.076506066000000 53.673692686999999)","Unfall 148234 (2022) Kat:3, Licht: 2","148234","3","1","9","02","21","6","","2","0","1","0","0"
"POINT (10.105235327999999 53.570447776999998)","Unfall 148235 (2022) Kat:3, Licht: 2","148235","3","4","6","01","18","4","","2","0","0","1","0"
"POINT (10.030872833000000 53.591855582999997)","Unfall 148237 (2022) Kat:3, Licht: 0","148237","3","5","1","02","15","2","","0","1","1","0","0"
"POINT (9.964493705000050 53.599735475000003)","Unfall 148238 (2022) Kat:3, Licht: 0","148238","3","6","1","03","07","3","","0","0","1","0","0"
"POINT (9.981761202000030 53.596311716000102)","Unfall 148239 (2022) Kat:3, Licht: 2","148239","3","2","6","01","07","6","","2","0","1","1","0"
"POINT (9.993385120000029 53.601964879000001)","Unfall 148241 (2022) Kat:3, Licht: 0","148241","3","2","3","02","10","5","","0","0","1","0","0"
"POINT (10.099822967000000 53.587035815000000)","Unfall 148242 (2022) Kat:3, Licht: 0","148242","3","6","2","02","15","6","","0","0","1","0","0"
"POINT (10.077815765000000 53.663226418000100)","Unfall 148243 (2022) Kat:3, Licht: 2","148243","3","6","2","02","18","5","","2","0","1","0","0"
"POINT (10.093107035000100 53.675646772000100)","Unfall 148244 (2022) Kat:3, Licht: 0","148244","3","6","3","03","14","7","","0","1","1","0","0"
"POINT (10.008603321000100 53.550584367000098)","Unfall 148245 (2022) Kat:3, Licht: 0","148245","3","3","5","02","13","6","","0","0","1","0","0"
"POINT (10.010785292000000 53.574266409000103)","Unfall 148247 (2022) Kat:3, Licht: 0","148247","3","7","0","01","11","1","","0","0","0","0","1"
"POINT (9.938497258000041 53.553189438000103)","Unfall 148248 (2022) Kat:3, Licht: 0","148248","3","3","5","03","16","6","","0","1","1","0","0"
"POINT (10.234006777999999 53.486587617000097)","Unfall 148249 (2022) Kat:3, Licht: 0","148249","3","3","5","01","09","3","","0","0","1","0","0"
"POINT (9.988633560000039 53.557322842000097)","Unfall 148250 (2022) Kat:3, Licht: 2","148250","3","7","0","02","18","7","","2","0","1","0","1"
"POINT (10.148839511000100 53.675495107000103)","Unfall 148251 (2022) Kat:3, Licht: 0","148251","3","3","5","01","13","4","","0","1","1","0","0"
"POINT (10.000846441000000 53.677771501000102)","Unfall 148253 (2022) Kat:3, Licht: 0","148253","3","7","0","02","09","3","","0","1","0","0","0"
"POINT (9.957207345000031 53.572558628000102)","Unfall 148254 (2022) Kat:3, Licht: 0","148254","3","3","5","03","12","5","","0","1","1","0","0"
"POINT (10.157755202000001 53.638814484000100)","Unfall 148255 (2022) Kat:3, Licht: 2","148255","3","6","4","01","19","4","","2","0","0","0","0"
"POINT (9.929909595000030 53.592310176000097)","Unfall 148256 (2022) Kat:3, Licht: 0","148256","3","5","1","03","09","3","","0","0","1","0","0"
"POINT (9.954087748000060 53.548680990999998)","Unfall 148257 (2022) Kat:3, Licht: 1","148257","3","2","3","02","16","4","","1","1","1","0","0"
"POINT (9.987967604000060 53.450197266000004)","Unfall 148259 (2022) Kat:3, Licht: 0","148259","3","3","5","01","08","3","","0","1","1","0","0"
"POINT (10.010202999000100 53.557845058000098)","Unfall 148260 (2022) Kat:3, Licht: 0","148260","3","1","0","03","14","5","","0","1","0","0","0"
"POINT (10.075840674000100 53.566818479000098)","Unfall 148262 (2022) Kat:3, Licht: 2","148262","3","6","2","02","18","3","","2","0","1","0","0"
"POINT (10.014425690000101 53.545899061999997)","Unfall 148263 (2022) Kat:3, Licht: 0","148263","3","6","3","02","13","4","","0","0","1","0","0"
"POINT (10.013358039000000 53.552271349000101)","Unfall 148264 (2022) Kat:3, Licht: 0","148264","3","2","5","03","16","6","","0","1","1","0","0"
"POINT (9.969706009000051 53.583975295000101)","Unfall 148265 (2022) Kat:3, Licht: 0","148265","3","3","5","01","11","6","","0","1","1","0","0"
"POINT (10.004908907000100 53.557785092000103)","Unfall 148266 (2022) Kat:3, Licht: 2","148266","3","6","2","03","19","3","","2","0","1","0","1"
"POINT (10.141711705000001 53.604578231000097)","Unfall 148267 (2022) Kat:3, Licht: 2","148267","3","7","0","01","17","6","","2","1","0","0","0"
"POINT (10.127794729000099 53.587282643999998)","Unfall 148268 (2022) Kat:3, Licht: 0","148268","3","3","5","03","16","4","","0","0","1","0","0"
"POINT (9.947481746000051 53.628980065000100)","Unfall 148269 (2022) Kat:3, Licht: 2","148269","3","7","0","01","00","7","","2","0","0","0","0"
"POINT (10.087957593000100 53.512016955000000)","Unfall 148270 (2022) Kat:3, Licht: 0","148270","3","2","5","03","13","6","","0","0","1","0","0"
"POINT (10.057315657000100 53.536156842000103)","Unfall 148272 (2022) Kat:2, Licht: 2","148272","2","7","0","02","23","7","","2","1","0","0","0"
"POINT (9.920990126000049 53.587375809000001)","Unfall 148273 (2022) Kat:3, Licht: 0","148273","3","3","5","02","12","2","","0","1","1","0","0"
"POINT (9.968651202000050 53.433859914999999)","Unfall 148274 (2022) Kat:3, Licht: 2","148274","3","2","4","02","19","5","","2","1","1","0","0"
"POINT (10.085542465000101 53.644672276000101)","Unfall 148275 (2022) Kat:3, Licht: 0","148275","3","2","4","01","12","4","","0","1","1","0","0"
"POINT (9.911629400000040 53.602692121000103)","Unfall 148276 (2022) Kat:3, Licht: 0","148276","3","2","6","03","10","6","","0","0","1","1","0"
"POINT (10.074697001000100 53.611940495000098)","Unfall 148277 (2022) Kat:3, Licht: 0","148277","3","7","0","01","11","5","","0","1","0","0","0"
"POINT (10.038754721000000 53.559117518999997)","Unfall 148278 (2022) Kat:3, Licht: 2","148278","3","2","4","02","18","5","","2","0","1","0","0"
"POINT (10.010139306999999 53.483029020000103)","Unfall 148279 (2022) Kat:3, Licht: 2","148279","3","5","1","01","18","6","","2","0","1","0","0"
"POINT (9.864599261000020 53.558926974000002)","Unfall 148281 (2022) Kat:3, Licht: 0","148281","3","7","0","02","10","5","","0","0","0","0","1"
"POINT (10.129753698000100 53.638888618000102)","Unfall 148282 (2022) Kat:3, Licht: 0","148282","3","7","0","02","08","5","","0","0","0","0","0"
"POINT (10.006428338999999 53.548113530000101)","Unfall 148283 (2022) Kat:3, Licht: 0","148283","3","6","2","03","10","6","","0","0","1","0","0"