WKT,Name,OBJECTID,UKATEGORIE,UTYP1,UART,UMONAT,USTUNDE,UWOCHENTAG,STRZUSTAND,ULICHTVERH,ISTRAD,ISTPKW,ISTFUSS,ISTKRAD
"POINT (10.061132611000099 53.598264410000098)","Unfall 148970 (2022) Kat:3, Licht: 0","148970","3","2","3","03","14","7","","0","1","1","0","0"
"POINT (10.008622737000101 53.553519406000099)","Unfall 148971 (2022) Kat:3, Licht: 2","148971","3","6","6","01","06","3","","2","0","0","1","0"
"POINT (10.066122977000100 53.571298269000103)","Unfall 148972 (2022) Kat:3, Licht: 0","148972","3","2","5","02","15","6","","0","1","1","0","0"
"POINT (9.987621774000051 53.552234611000102)","Unfall 148973 (2022) Kat:3, Licht: 0","148973","3","4","6","01","13","4","","0","0","0","1","1"
"POINT (9.961780196000060 53.549438752000100)","Unfall 148975 (2022) Kat:3, Licht: 0","148975","3","7","1","02","12","3","","0","1","1","0","0"
"POINT (10.001132315000101 53.679335162000001)","Unfall 148976 (2022) Kat:3, Licht: 0","148976","3","7","4","03","08","4","","0","1","1","0","0"
"POINT (9.803985904000060 53.513458258000099)","Unfall 148977 (2022) Kat:3, Licht: 0","148977","3","7","6","01","08","3","","0","1","0","1","0"
"POINT (9.963488528000029 53.554795943999999)","Unfall 148978 (2022) Kat:3, Licht: 0","148978","3","4","6","02","09","4","","0","0","0","1","0"
"POINT (10.067469557000001 53.553466569000101)","Unfall 148980 (2022) Kat:3, Licht: 0","148980","3","3","5","01","11","3","","0","0","1","0","0"
"POINT (9.863638573000060 53.560779680000103)","Unfall 148981 (2022) Kat:3, Licht: 0","148981","3","2","5","03","09","3","","0","1","1","0","0"
"POINT (9.887455338000050 53.599433882000000)","Unfall 148983 (2022) Kat:3, Licht: 1","148983","3","6","4","02","17","3","","1","0","1","0","0"
"POINT (9.858416630000020 53.571555998000100)","Unfall 148984 (2022) Kat:3, Licht: 2","148984","3","6","3","02","19","3","","2","1","1","0","0"
"POINT (10.029707261000100 53.535679088000101)","Unfall 148985 (2022) Kat:3, Licht: 0","148985","3","6","2","03","08","5","","0","0","1","0","0"
"POINT (10.154011028000101 53.531066416999998)","Unfall 148986 (2022) Kat:3, Licht: 0","148986","3","7","6","01","14","6","","0","0","1","0","0"
"POINT (10.107088859999999 53.711389557000103)","Unfall 148987 (2022) Kat:3, Licht: 0","148987","3","1","1","03","17","2","","0","0","1","0","1"
"POINT (10.151545156999999 53.625250287000000)","Unfall 148988 (2022) Kat:3, Licht: 2","148988","3","6","4","01","00","6","","2","0","1","0","0"
"POINT (9.768736931000030 53.580749906000101)","Unfall 148989 (2022) Kat:3, Licht: 0","148989","3","6","4","02","16","1","","0","1","1","0","0"
"POINT (10.059108080000000 53.593613210000100)","Unfall 148990 (2022) Kat:3, Licht: 0","148990","3","2","3","03","14","2","","0","1","1","0","0"
"POINT (10.084882720000101 53.669858929000000)","Unfall 148991 (2022) Kat:3, Licht: 1","148991","3","5","1","01","17","3","","1","0","1","0","0"
"POINT (9.866323566000061 53.459279496000100)","Unfall 148993 (2022) Kat:3, Licht: 0","148993","3","3","5","02","11","6","","0","1","1","0","0"
"POINT (9.924093833000031 53.631389372999998)","Unfall 148994 (2022) Kat:2, Licht: 2","148994","2","7","0","02","06","2","","2","1","0","0","0"
"POINT (9.990400228000061 53.560929811000101)","Unfall 148995 (2022) Kat:3, Licht: 0","148995","3","7","0","02","14","6","","0","0","0","1","0"
"POINT (9.919613225000029 53.637461764000101)","Unfall 148996 (2022) Kat:3, Licht: 2","148996","3","3","5","01","22","1","","2","0","1","0","0"
"POINT (9.935930102000039 53.550280544000003)","Unfall 148997 (2022) Kat:3, Licht: 0","148997","3","2","4","03","12","6","","0","1","1","0","0"
"POINT (9.928891454000050 53.553627451000096)","Unfall 148998 (2022) Kat:3, Licht: 0","148998","3","7","6","01","09","4","","0","1","0","1","0"
"POINT (9.991220247000060 53.602485532999999)","Unfall 148999 (2022) Kat:3, Licht: 0","148999","3","6","2","02","15","6","","0","0","1","0","0"
"POINT (10.018608369000001 53.491450198999999)","Unfall 149000 (2022) Kat:3, Licht: 0","149000","3","2","5","01","09","6","","0","0","1","0","0"
"POINT (10.099874389000000 53.539465804000002)","Unfall 149002 (2022) Kat:3, Licht: 2","149002","3","2","4","02","06","4","","2","0","1","0","0"
"POINT (10.006671845000000 53.653712971000097)","Unfall 149003 (2022) Kat:3, Licht: 2","149003","3","6","2","02","06","5","","2","0","1","0","0"
"POINT (9.890609885000060 53.556678442000099)","Unfall 149004 (2022) Kat:3, Licht: 0","149004","3","6","2","02","10","3","","0","1","0","0","0"
"POINT (9.952093505000050 53.566789900000103)","Unfall 149005 (2022) Kat:3, Licht: 2","149005","3","1","0","03","02","1","","2","0","0","0","0"
"POINT (9.947261394000069 53.578095302000101)","Unfall 149006 (2022) Kat:3, Licht: 0","149006","3","5","1","03","09","4","","0","1","1","0","0"
"POINT (9.951948953000061 53.577075784999998)","Unfall 149007 (2022) Kat:3, Licht: 0","149007","3","4","6","02","16","3","","0","0","0","1","0"
"POINT (9.950563911000071 53.597566075000003)","Unfall 149009 (2022) Kat:3, Licht: 2","149009","3","2","0","01","18","4","","2","1","0","0","0"
"POINT (10.043357615000000 53.585860769000099)","Unfall 149010 (2022) Kat:3, Licht: 2","149010","3","6","3","03","19","3","","2","1","1","0","0"
"POINT (9.997147721000029 53.602173746000098)","Unfall 149012 (2022) Kat:3, Licht: 2","149012","3","2","5","02","19","3","","2","1","1","0","0"
"POINT (9.967875856000029 53.581995811000098)","Unfall 149013 (2022) Kat:3, Licht: 0","149013","3","5","1","02","14","4","","0","0","1","0","0"
"POINT (10.070290056999999 53.579514875000001)","Unfall 149014 (2022) Kat:3, Licht: 0","149014","3","3","4","01","15","4","","0","0","1","0","0"
"POINT (9.951135563000040 53.623905160000000)","Unfall 149016 (2022) Kat:3, Licht: 2","149016","3","2","6","01","18","7","","2","0","1","1","0"
"POINT (10.041760277000000 53.584699644000104)","Unfall 149017 (2022) Kat:3, Licht: 2","149017","3","1","0","03","20","5","","2","1","0","0","0"
"POINT (10.057240386000000 53.608518790000097)","Unfall 149018 (2022) Kat:3, Licht: 2","149018","3","2","2","01","18","2","","2","0","1","0","0"
"POINT (9.946093449000051 53.562200274000098)","Unfall 149019 (2022) Kat:2, Licht: 2","149019","2","7","6","02","18","6","","2","0","1","1","0"
"POINT (10.002422384000100 53.554516023000097)","Unfall 149020 (2022) Kat:3, Licht: 0","149020","3","3","5","02","11","6","","0","1","1","0","0"
"POINT (9.926251887000030 53.560578205000098)","Unfall 149021 (2022) Kat:3, Licht: 0","149021","3","7","6","02","07","3","","0","0","0","1","0"
"POINT (10.017030957999999 53.564080505000000)","Unfall 149022 (2022) Kat:3, Licht: 0","149022","3","3","5","03","16","7","","0","0","1","0","0"
"POINT (10.012773215999999 53.546501154000097)","Unfall 149023 (2022) Kat:3, Licht: 0","149023","3","2","3","02","12","3","","0","0","1","0","0"
"POINT (10.065141319000100 53.586659811000096)","Unfall 149025 (2022) Kat:3, Licht: 2","149025","3","6","2","01","17","7","","2","0","1","0","0"
"POINT (10.020021802000000 53.551425080000101)","Unfall 149026 (2022) Kat:3, Licht: 2","149026","3","6","4","03","18","4","","2","1","0","0","0"
"POINT (10.018063528000001 53.564491429999997)","Unfall 149027 (2022) Kat:2, Licht: 0","149027","2","1","1","01","13","1","","0","0","1","0","1"
"POINT (10.051831111000100 53.568525738000098)","Unfall 149028 (2022) Kat:3, Licht: 0","149028","3","6","2","02","11","6","","0","0","1","0","0"
"POINT (10.016990698000001 53.582608264999998)","Unfall 149029 (2022) Kat:3, Licht: 1","149029","3","3","5","01","08","4","","1","1","1","0","0"
"POINT (10.069801575000000 53.526411766000102)","Unfall 149031 (2022) Kat:3, Licht: 0","149031","3","2","4","01","14","1","","0","0","1","0","0"
"POINT (9.890624576000050 53.552555681000101)","Unfall 149032 (2022) Kat:3, Licht: 0","149032","3","6","2","03","14","5","","0","0","1","0","0"
"POINT (9.904808194000051 53.558677015999997)","Unfall 149033 (2022) Kat:3, Licht: 0","149033","3","7","0","01","09","6","","0","1","0","0","0"
"POINT (9.995998836000069 53.550441191000097)","Unfall 149034 (2022) Kat:3, Licht: 0","149034","3","7","0","03","15","5","","0","1","0","0","0"
"POINT (10.000721572000000 53.557278365000101)","Unfall 149035 (2022) Kat:3, Licht: 0","149035","3","6","2","02","11","2","","0","0","1","0","0"
"POINT (9.990931340000030 53.560655328000102)","Unfall 149037 (2022) Kat:3, Licht: 0","149037","3","3","5","03","11","5","","0","1","1","0","0"
"POINT (10.079348507000100 53.527163792000103)","Unfall 149038 (2022) Kat:3, Licht: 2","149038","3","7","0","01","21","5","","2","0","0","0","1"
"POINT (9.979666710000060 53.565669549000098)","Unfall 149039 (2022) Kat:3, Licht: 0","149039","3","6","4","03","12","3","","0","1","0","0","0"
"POINT (9.962949583000070 53.579367047000098)","Unfall 149041 (2022) Kat:3, Licht: 2","149041","3","7","1","02","20","4","","2","1","1","0","0"
"POINT (10.102173071999999 53.533271344000099)","Unfall 149042 (2022) Kat:3, Licht: 1","149042","3","3","5","02","16","3","","1","0","1","0","0"
"POINT (10.210620430000100 53.502206158000000)","Unfall 149043 (2022) Kat:3, Licht: 0","149043","3","6","2","03","13","5","","0","0","1","0","0"
"POINT (10.041184326000099 53.550892889000103)","Unfall 149044 (2022) Kat:3, Licht: 0","149044","3","2","6","01","09","2","","0","0","1","1","0"
"POINT (9.929314825000059 53.556445760000003)","Unfall 149045 (2022) Kat:3, Licht: 0","149045","3","6","0","03","18","3","","0","0","1","0","0"
"POINT (9.957869166000020 53.553662273999997)","Unfall 149046 (2022) Kat:3, Licht: 0","149046","3","7","6","01","14","5","","0","0","1","1","0"
"POINT (10.207354154000001 53.480031816000100)","Unfall 149047 (2022) Kat:3, Licht: 1","149047","3","3","5","02","18","2","","1","1","1","0","0"
"POINT (10.118614012000000 53.606731074000002)","Unfall 149048 (2022) Kat:2, Licht: 2","149048","2","4","6","03","19","3","","2","0","1","1","0"
"POINT (10.112807839000000 53.642084105999999)","Unfall 149049 (2022) Kat:3, Licht: 0","149049","3","3","5","01","14","2","","0","0","1","0","0"
"POINT (10.080510512000000 53.662783111000103)","Unfall 149051 (2022) Kat:3, Licht: 0","149051","3","3","5","02","13","2","","0","1","1","0","0"
"POINT (9.967725200000070 53.570416899000101)","Unfall 149052 (2022) Kat:3, Licht: 0","149052","3","3","0","02","10","3","","0","0","1","0","1"
"POINT (10.044644744999999 53.582340030000097)","Unfall 149053 (2022) Kat:3, Licht: 1","149053","3","6","2","03","06","6","","1","0","1","0","0"
"POINT (9.986528214000030 53.547581670000099)","Unfall 149054 (2022) Kat:3, Licht: 0","149054","3","2","4","02","14","6","","0","0","1","0","0"
"POINT (10.057831434000001 53.569859604999998)","Unfall 149056 (2022) Kat:3, Licht: 2","149056","3","3","5","01","20","2","","2","0","1","0","0"
"POINT (9.970970379000050 53.582811503000102)","Unfall 149057 (2022) Kat:3, Licht: 0","149057","3","2","3","03","12","6","","0","1","1","0","0"
"POINT (9.987937130000031 53.581968261000000)","Unfall 149058 (2022) Kat:3, Licht: 0","149058","3","3","5","01","13","3","","0","1","1","0","0"
"POINT (10.182530259000000 53.631024891000003)","Unfall 149059 (2022) Kat:2, Licht: 2","149059","2","2","4","02","19","6","","2","0","1","0","1"
"POINT (10.054151420000000 53.549874273999997)","Unfall 149060 (2022) Kat:3, Licht: 0","149060","3","3","5","01","15","6","","0","0","1","0","0"
"POINT (9.942596147000071 53.555398005000001)","Unfall 149062 (2022) Kat:3, Licht: 0","149062","3","4","6","02","12","5","","0","0","1","1","0"
"POINT (9.922233896000019 53.554208736000099)","Unfall 149063 (2022) Kat:3, Licht: 0","149063","3","4","6","03","09","2","","0","1","0","1","0"
"POINT (9.986305845000061 53.487196158000103)","Unfall 149064 (2022) Kat:2, Licht: 0","149064","2","7","3","03","11","4","","0","0","0","0","0"
"POINT (9.906360008000039 53.598669041000100)","Unfall 149065 (2022) Kat:3, Licht: 0","149065","3","7","0","02","13","4","","0","0","0","0","1"
"POINT (10.147162451000000 53.634577493000101)","Unfall 149067 (2022) Kat:3, Licht: 1","149067","3","2","3","01","16","4","","1","1","0","0","0"
"POINT (9.878785902000059 53.532363527000001)","Unfall 149068 (2022) Kat:3, Licht: 1","149068","3","3","5","03","05","5","","1","0","0","0","1"
"POINT (9.987783870000040 53.453159319000100)","Unfall 149070 (2022) Kat:3, Licht: 0","149070","3","7","6","02","16","3","","0","0","1","1","0"
"POINT (9.889834531000080 53.601620684000103)","Unfall 149071 (2022) Kat:2, Licht: 2","149071","2","2","6","02","19","3","","2","0","1","1","0"
"POINT (10.091263460000100 53.544135771000100)","Unfall 149072 (2022) Kat:3, Licht: 2","149072","3","6","2","03","20","5","","2","0","1","0","0"
"POINT (10.019474857000001 53.654871075000102)","Unfall 149073 (2022) Kat:3, Licht: 2","149073","3","1","9","01","19","5","","2","0","1","0","0"
"POINT (9.999849195000021 53.585443865000101)","Unfall 149074 (2022) Kat:3, Licht: 2","149074","3","2","3","03","21","5","","2","1","1","0","0"
"POINT (9.890414269000081 53.575090091000000)","Unfall 149075 (2022) Kat:3, Licht: 0","149075","3","7","0","01","10","2","","0","1","0","0","0"
"POINT (10.067095431000000 53.553619066000103)","Unfall 149076 (2022) Kat:3, Licht: 0","149076","3","3","5","02","11","1","","0","1","1","0","0"
"POINT (9.917860269000069 53.567587394000000)","Unfall 149078 (2022) Kat:3, Licht: 0","149078","3","2","3","03","07","5","","0","1","0","0","0"
"POINT (10.043390542999999 53.596401286999999)","Unfall 149079 (2022) Kat:3, Licht: 2","149079","3","2","4","01","17","2","","2","1","1","0","0"
"POINT (9.928773246000050 53.629441702000101)","Unfall 149080 (2022) Kat:3, Licht: 2","149080","3","6","0","03","20","1","","2","0","0","0","0"
"POINT (10.133286273000101 53.528572046000100)","Unfall 149082 (2022) Kat:3, Licht: 0","149082","3","7","0","02","14","2","","0","1","0","0","0"
"POINT (10.000750058000101 53.680895401999997)","Unfall 149083 (2022) Kat:3, Licht: 2","149083","3","7","4","02","20","2","","2","0","1","0","0"
"POINT (9.986117956000040 53.572743731999999)","Unfall 149085 (2022) Kat:3, Licht: 0","149085","3","3","5","01","14","4","","0","1","1","0","0"
"POINT (10.067892603000100 53.608541862999999)","Unfall 149086 (2022) Kat:3, Licht: 0","149086","3","6","2","03","13","2","","0","0","1","0","0"
"POINT (10.071849023000000 53.614597889000002)","Unfall 149087 (2022) Kat:3, Licht: 0","149087","3","7","0","01","12","5","","0","1","0","0","0"
"POINT (9.947428604000040 53.565138600000097)","Unfall 149088 (2022) Kat:3, Licht: 0","149088","3","6","2","03","13","3","","0","0","1","0","0"
"POINT (9.952514395000041 53.598767103999997)","Unfall 149089 (2022) Kat:3, Licht: 0","149089","3","2","2","03","11","3","","0","0","1","0","0"
"POINT (10.132535474000100 53.575213918000003)","Unfall 149090 (2022) Kat:3, Licht: 1","149090","3","3","5","01","16","6","","1","0","1","0","0"
"POINT (10.102452022000000 53.635461675999998)","Unfall 149092 (2022) Kat:3, Licht: 1","149092","3","3","5","02","07","4","","1","1","1","0","0"
"POINT (10.017030452000000 53.564103070000002)","Unfall 149093 (2022) Kat:3, Licht: 2","149093","3","3","5","02","05","5","","2","0","1","0","0"
"POINT (10.067135680000000 53.553609263000098)","Unfall 149094 (2022) Kat:3, Licht: 2","149094","3","2","6","02","20","6","","2","0","0","1","0"
"POINT (9.888381668000020 53.575238523000102)","Unfall 149095 (2022) Kat:3, Licht: 0","149095","3","7","4","03","15","3","","0","1","1","0","0"
"POINT (10.010472272000101 53.550942726000102)","Unfall 149097 (2022) Kat:3, Licht: 0","149097","3","3","6","03","16","5","","0","1","0","1","0"
"POINT (10.035543907999999 53.591467626000103)","Unfall 149098 (2022) Kat:3, Licht: 2","149098","3","7","1","01","07","2","","2","1","1","0","0"
"POINT (10.123142433000099 53.531144459000103)","Unfall 149099 (2022) Kat:3, Licht: 0","149099","3","7","3","03","10","2","","0","0","1","0","0"
"POINT (10.009831048000001 53.501876563000103)","Unfall 149101 (2022) Kat:3, Licht: 2","149101","3","6","4","02","19","2","","2","0","1","0","0"
"POINT (9.878858194000030 53.531752649000097)","Unfall 149102 (2022) Kat:3, Licht: 2","149102","3","5","1","02","18","7","","2","0","1","0","1"
"POINT (9.867139732000060 53.606892408000100)","Unfall 149104 (2022) Kat:3, Licht: 2","149104","3","7","3","01","07","4","","2","0","1","0","0"
"POINT (9.956057987000070 53.561803296000100)","Unfall 149105 (2022) Kat:3, Licht: 2","149105","3","7","0","03","19","4","","2","1","0","0","0"
"POINT (9.972526929000029 53.537613235999999)","Unfall 149106 (2022) Kat:3, Licht: 0","149106","3","7","7","01","12","5","","0","1","0","0","0"
"POINT (9.804472803000071 53.556988167999997)","Unfall 149107 (2022) Kat:3, Licht: 0","149107","3","6","2","02","12","1","","0","1","1","0","0"
"POINT (10.062407593000000 53.568414738999998)","Unfall 149108 (2022) Kat:3, Licht: 0","149108","3","6","2","03","15","3","","0","0","1","0","0"
"POINT (10.056073056000100 53.582137103999997)","Unfall 149109 (2022) Kat:3, Licht: 0","149109","3","7","0","01","14","6","","0","0","0","0","1"
"POINT (9.951065430000030 53.565631301000103)","Unfall 149111 (2022) Kat:3, Licht: 0","149111","3","3","5","02","15","6","","0","1","1","0","0"
"POINT (10.087796265000099 53.656047131999998)","Unfall 149112 (2022) Kat:3, Licht: 0","149112","3","6","2","02","12","6","","0","0","1","0","0"
"POINT (9.918746063000070 53.590914724000100)","Unfall 149113 (2022) Kat:3, Licht: 0","149113","3","2","4","03","11","6","","0","0","1","0","0"
"POINT (10.062321989000100 53.608646980000103)","Unfall 149114 (2022) Kat:2, Licht: 1","149114","2","2","6","02","07","5","","1","0","1","1","0"
"POINT (10.032334134999999 53.579051135000000)","Unfall 149116 (2022) Kat:3, Licht: 2","149116","3","7","4","01","06","2","","2","0","1","0","1"
"POINT (9.999647118000039 53.580330238999998)","Unfall 149117 (2022) Kat:3, Licht: 2","149117","3","7","0","03","21","7","","2","1","0","0","0"
"POINT (10.006127243000000 53.551797938000000)","Unfall 149118 (2022) Kat:3, Licht: 0","149118","3","4","6","01","14","4","","0","0","0","1","0"
"POINT (9.993774963000019 53.557815006000098)","Unfall 149119 (2022) Kat:3, Licht: 2","149119","3","3","5","02","18","6","","2","1","1","0","0"
"POINT (10.034188295000000 53.627928877999999)","Unfall 149120 (2022) Kat:3, Licht: 0","149120","3","7","0","01","08","4","","0","1","0","0","0"
"POINT (9.928302618000030 53.549366229999997)","Unfall 149122 (2022) Kat:3, Licht: 0","149122","3","2","3","03","11","6","","0","1","1","0","0"
"POINT (10.136042239000099 53.571239327000100)","Unfall 149123 (2022) Kat:3, Licht: 2","149123","3","4","6","02","05","3","","2","0","1","1","0"
"POINT (9.987872826000061 53.439121992000103)","Unfall 149124 (2022) Kat:3, Licht: 0","149124","3","7","0","03","11","6","","0","1","0","0","0"
"POINT (9.958307683000040 53.556920670000103)","Unfall 149125 (2022) Kat:3, Licht: 0","149125","3","3","5","03","14","5","","0","1","1","0","0"
"POINT (9.977216827000060 53.461193170000101)","Unfall 149126 (2022) Kat:3, Licht: 2","149126","3","3","5","02","19","2","","2","0","1","0","0"
"POINT (9.890027093000070 53.610940026000002)","Unfall 149128 (2022) Kat:3, Licht: 2","149128","3","7","0","01","07","5","","2","0","0","0","1"
"POINT (10.001318945000000 53.557320253000100)","Unfall 149129 (2022) Kat:3, Licht: 0","149129","3","7","6","03","16","5","","0","0","0","1","0"
"POINT (10.111863147000101 53.622119417000100)","Unfall 149131 (2022) Kat:3, Licht: 1","149131","3","3","5","02","17","4","","1","0","1","0","0"
"POINT (10.100722396000000 53.540238346000102)","Unfall 149132 (2022) Kat:3, Licht: 2","149132","3","3","5","02","01","4","","2","0","1","0","0"
"POINT (9.978069544000050 53.458450472999999)","Unfall 149133 (2022) Kat:3, Licht: 0","149133","3","3","5","03","11","5","","0","1","1","0","0"
"POINT (9.974614720000030 53.598224432000102)","Unfall 149134 (2022) Kat:3, Licht: 0","149134","3","3","5","01","08","2","","0","1","1","0","0"
"POINT (10.069517860000101 53.574723198000100)","Unfall 149135 (2022) Kat:3, Licht: 2","149135","3","6","2","03","20","6","","2","0","1","0","0"
"POINT (10.202170700000099 53.485504845999998)","Unfall 149136 (2022) Kat:3, Licht: 2","149136","3","2","6","01","18","5","","2","0","1","1","0"
"POINT (10.196057675000100 53.476292683000104)","Unfall 149138 (2022) Kat:2, Licht: 0","149138","2","3","5","01","09","7","","0","1","1","0","0"
"POINT (9.989192168000050 53.581962001000100)","Unfall 149139 (2022) Kat:3, Licht: 0","149139","3","3","5","03","14","2","","0","1","1","0","0"
"POINT (10.107912872000000 53.628797429000002)","Unfall 149141 (2022) Kat:2, Licht: 0","149141","2","4","6","02","16","2","","0","0","0","1","0"
"POINT (10.024859750000100 53.591210530000097)","Unfall 149142 (2022) Kat:3, Licht: 0","149142","3","7","7","02","08","2","","0","1","0","0","0"
"POINT (10.098605830000100 53.640791047000100)","Unfall 149144 (2022) Kat:3, Licht: 0","149144","3","4","6","01","16","3","","0","0","1","1","0"
"POINT (10.019070835000001 53.539030663000098)","Unfall 149145 (2022) Kat:3, Licht: 0","149145","3","7","3","03","09","4","","0","0","0","0","0"
"POINT (10.046943325000001 53.558187908000001)","Unfall 149146 (2022) Kat:3, Licht: 0","149146","3","1","0","01","11","5","","0","1","0","0","0"
"POINT (9.817979218000060 53.513055431000097)","Unfall 149147 (2022) Kat:3, Licht: 0","149147","3","6","1","02","11","7","","0","0","1","0","0"
"POINT (10.217760901000100 53.489856113000002)","Unfall 149148 (2022) Kat:3, Licht: 0","149148","3","3","0","03","08","3","","0","0","1","0","1"
"POINT (9.935536768000080 53.579976486000099)","Unfall 149149 (2022) Kat:3, Licht: 0","149149","3","7","0","01","08","6","","0","1","0","1","0"
"POINT (10.017217520000001 53.612885980999998)","Unfall 149151 (2022) Kat:3, Licht: 1","149151","3","7","1","02","07","4","","1","0","1","0","1"
"POINT (10.124801741000100 53.586343355000103)","Unfall 149152 (2022) Kat:3, Licht: 2","149152","3","6","2","02","21","6","","2","0","1","0","0"
"POINT (10.125566535000100 53.572526825000097)","Unfall 149153 (2022) Kat:3, Licht: 1","149153","3","6","2","02","17","6","","1","0","1","0","0"
"POINT (10.003959790000099 53.648696713000000)","Unfall 149154 (2022) Kat:2, Licht: 0","149154","2","6","4","03","12","1","","0","0","1","0","0"
"POINT (10.100921491000101 53.540293344000098)","Unfall 149156 (2022) Kat:3, Licht: 2","149156","3","3","5","01","07","1","","2","0","1","0","0"
"POINT (10.085080364000000 53.554751289000102)","Unfall 149157 (2022) Kat:3, Licht: 0","149157","3","6","3","03","16","7","","0","0","1","0","1"
"POINT (9.987586770000060 53.450906826999997)","Unfall 149158 (2022) Kat:3, Licht: 2","149158","3","7","0","01","18","7","","2","0","0","0","0"
"POINT (9.983000554000061 53.613868706000098)","Unfall 149159 (2022) Kat:3, Licht: 0","149159","3","3","5","02","17","7","","0","1","1","0","0"
"POINT (9.990095765000040 53.571041916000098)","Unfall 149160 (2022) Kat:3, Licht: 0","149160","3","5","6","01","08","3","","0","0","1","1","0"
"POINT (10.017553336000001 53.549006150000103)","Unfall 149162 (2022) Kat:3, Licht: 2","149162","3","6","2","02","18","4","","2","0","1","0","0"
"POINT (9.917730130000050 53.599421303000000)","Unfall 149163 (2022) Kat:3, Licht: 0","149163","3","3","5","03","14","5","","0","0","1","0","0"
"POINT (10.064281980000001 53.586840887000101)","Unfall 149164 (2022) Kat:2, Licht: 2","149164","2","1","4","03","18","4","","2","0","1","0","0"
"POINT (9.950854150000049 53.597962914000000)","Unfall 149165 (2022) Kat:3, Licht: 1","149165","3","6","2","02","06","4","","1","0","1","0","0"
"POINT (10.047125090000099 53.608230102000100)","Unfall 149167 (2022) Kat:2, Licht: 2","149167","2","4","6","01","16","4","","2","0","0","1","0"
"POINT (10.069947910000099 53.608708539000098)","Unfall 149168 (2022) Kat:3, Licht: 0","149168","3","3","5","03","14","5","","0","0","1","0","0"
"POINT (10.057258069000101 53.579991454999998)","Unfall 149171 (2022) Kat:3, Licht: 0","149171","3","2","3","01","12","6","","0","1","1","0","0"
"POINT (9.958351545000030 53.556950303000100)","Unfall 149172 (2022) Kat:3, Licht: 0","149172","3","3","5","03","10","6","","0","0","1","0","0"
"POINT (10.017863415000001 53.549649343000098)","Unfall 149173 (2022) Kat:3, Licht: 0","149173","3","6","2","01","12","2","","0","0","1","0","0"
"POINT (10.070059871000099 53.633578839000101)","Unfall 149174 (2022) Kat:3, Licht: 0","149174","3","7","6","02","14","5","","0","0","1","0","0"
"POINT (10.063840957000000 53.603091640000102)","Unfall 149175 (2022) Kat:3, Licht: 1","149175","3","7","0","01","16","3","","1","1","1","0","0"
"POINT (9.875711589000050 53.565261484000096)","Unfall 149177 (2022) Kat:3, Licht: 0","149177","3","2","3","02","16","4","","0","0","1","0","1"
"POINT (9.993229030000069 53.515409988999998)","Unfall 149178 (2022) Kat:3, Licht: 2","149178","3","3","5","03","23","7","","2","0","1","0","0"
"POINT (10.117556585999999 53.559359882000102)","Unfall 149179 (2022) Kat:3, Licht: 2","149179","3","6","1","03","05","4","","2","0","1","0","0"
"POINT (9.918596089000060 53.590920106000098)","Unfall 149180 (2022) Kat:3, Licht: 2","149180","3","2","6","02","18","3","","2","0","1","1","0"
"POINT (9.901011519000059 53.569699073999999)","Unfall 149182 (2022) Kat:3, Licht: 0","149182","3","2","3","01","08","5","","0","1","1","0","0"
"POINT (10.071334890999999 53.571856773000000)","Unfall 149183 (2022) Kat:3, Licht: 0","149183","3","2","3","03","17","3","","0","1","1","0","0"
"POINT (10.043455961000101 53.597752235000002)","Unfall 149185 (2022) Kat:3, Licht: 0","149185","3","7","5","02","14","3","","0","0","1","0","0"
"POINT (10.007819150000000 53.558668633000103)","Unfall 149186 (2022) Kat:3, Licht: 2","149186","3","5","1","02","18","4","","2","1","1","0","0"
"POINT (10.027270886000100 53.572402855000099)","Unfall 149187 (2022) Kat:3, Licht: 0","149187","3","5","1","01","12","2","","0","1","1","0","0"
"POINT (10.101860864000100 53.581393325000100)","Unfall 149188 (2022) Kat:3, Licht: 0","149188","3","3","0","03","17","4","","0","1","1","0","0"
"POINT (9.945018698000069 53.575407591999998)","Unfall 149189 (2022) Kat:3, Licht: 0","149189","3","4","6","01","13","1","","0","0","0","1","1"
"POINT (10.068561581000001 53.572264485000098)","Unfall 149190 (2022) Kat:3, Licht: 0","149190","3","4","6","03","13","4","","0","1","0","1","0"
"POINT (10.132103591000000 53.571118851999998)","Unfall 149191 (2022) Kat:3, Licht: 1","149191","3","5","1","01","18","2","","1","1","1","0","0"
"POINT (9.913274722000040 53.558565778000101)","Unfall 149192 (2022) Kat:3, Licht: 2","149192","3","5","1","03","03","7","","2","1","1","0","0"
"POINT (9.971687637000059 53.600386134000097)","Unfall 149194 (2022) Kat:3, Licht: 0","149194","3","7","0","02","15","7","","0","1","0","0","0"
"POINT (10.070411892999999 53.573162879999998)","Unfall 149195 (2022) Kat:2, Licht: 2","149195","2","6","2","02","23","7","","2","0","1","0","0"
"POINT (9.937198178000070 53.552376132000099)","Unfall 149197 (2022) Kat:3, Licht: 1","149197","3","7","0","01","07","3","","1","0","0","0","0"
"POINT (9.992845109000029 53.480613597999998)","Unfall 149198 (2022) Kat:3, Licht: 0","149198","3","3","5","03","14","2","","0","1","1","0","0"