WKT,Name,OBJECTID,UKATEGORIE,UTYP1,UART,UMONAT,USTUNDE,UWOCHENTAG,STRZUSTAND,ULICHTVERH,ISTRAD,ISTPKW,ISTFUSS,ISTKRAD
"POINT (10.040949641999999 53.608200365000101)","Unfall 149199 (2022) Kat:3, Licht: 0","149199","3","7","0","01","09","5","","0","1","0","0","0"
"POINT (9.863127527000071 53.471037889999998)","Unfall 149200 (2022) Kat:3, Licht: 1","149200","3","7","0","02","18","7","","1","1","0","0","0"
"POINT (9.986012689000059 53.563418761000001)","Unfall 149201 (2022) Kat:3, Licht: 0","149201","3","7","3","03","16","4","","0","0","0","0","0"
"POINT (10.080636943000099 53.589873548000099)","Unfall 149202 (2022) Kat:3, Licht: 2","149202","3","3","5","01","06","5","","2","1","1","0","0"
"POINT (10.031600195000101 53.596367574000098)","Unfall 149204 (2022) Kat:3, Licht: 0","149204","3","2","3","02","15","6","","0","1","1","0","0"
"POINT (10.020194630000001 53.516808924000003)","Unfall 149205 (2022) Kat:3, Licht: 2","149205","3","6","2","02","19","6","","2","0","1","0","0"
"POINT (10.011271477999999 53.498693959000001)","Unfall 149206 (2022) Kat:3, Licht: 0","149206","3","7","0","02","13","6","","0","1","1","0","0"
"POINT (10.218243689000101 53.497737761000103)","Unfall 149207 (2022) Kat:3, Licht: 0","149207","3","5","1","03","14","1","","0","1","1","0","0"
"POINT (10.095779779000100 53.516519185000000)","Unfall 149208 (2022) Kat:2, Licht: 0","149208","2","4","6","02","15","2","","0","0","1","1","0"
"POINT (9.892390928000051 53.615580088000101)","Unfall 149210 (2022) Kat:2, Licht: 1","149210","2","5","1","01","18","7","","1","0","1","0","1"
"POINT (10.066995596000000 53.563020786000003)","Unfall 149211 (2022) Kat:2, Licht: 0","149211","2","2","4","03","16","3","","0","1","1","0","0"
"POINT (10.074014874000101 53.611315842000103)","Unfall 149212 (2022) Kat:3, Licht: 2","149212","3","2","6","01","21","1","","2","0","1","1","0"
"POINT (10.098124983000000 53.591278351000000)","Unfall 149213 (2022) Kat:3, Licht: 1","149213","3","3","6","02","08","6","","1","0","1","1","0"
"POINT (10.151135387000100 53.600603821000000)","Unfall 149214 (2022) Kat:3, Licht: 0","149214","3","7","5","01","15","4","","0","1","1","0","0"
"POINT (9.973012015000050 53.559775291999998)","Unfall 149216 (2022) Kat:3, Licht: 2","149216","3","7","0","01","19","1","","2","1","0","0","0"
"POINT (10.150765528000001 53.523870035000101)","Unfall 149217 (2022) Kat:3, Licht: 0","149217","3","3","5","03","13","5","","0","0","1","0","0"
"POINT (10.026818977000101 53.678472970000001)","Unfall 149218 (2022) Kat:2, Licht: 1","149218","2","1","8","01","16","6","","1","0","1","0","0"
"POINT (10.176226480000000 53.467731428000000)","Unfall 149219 (2022) Kat:3, Licht: 0","149219","3","1","9","03","15","4","","0","0","0","0","1"
"POINT (9.855181745000040 53.583261018000002)","Unfall 149220 (2022) Kat:3, Licht: 0","149220","3","4","6","02","13","7","","0","0","1","1","0"
"POINT (9.940887103000019 53.443924082000102)","Unfall 149222 (2022) Kat:3, Licht: 0","149222","3","2","3","01","07","5","","0","1","1","0","0"
"POINT (9.947482179000080 53.546260961000002)","Unfall 149223 (2022) Kat:3, Licht: 2","149223","3","1","0","03","20","3","","2","1","0","0","0"
"POINT (10.074991710000100 53.574673134000101)","Unfall 149225 (2022) Kat:3, Licht: 2","149225","3","3","5","02","19","4","","2","0","1","0","0"
"POINT (9.988739661000070 53.547605193999999)","Unfall 149226 (2022) Kat:3, Licht: 0","149226","3","7","0","02","10","4","","0","1","0","0","0"
"POINT (10.029411175000099 53.567197702000001)","Unfall 149227 (2022) Kat:3, Licht: 1","149227","3","3","5","01","08","3","","1","1","1","0","0"
"POINT (10.129417208000101 53.561401187999998)","Unfall 149228 (2022) Kat:3, Licht: 0","149228","3","3","5","03","17","3","","0","1","0","0","0"
"POINT (9.951429540000049 53.599555084000002)","Unfall 149229 (2022) Kat:3, Licht: 0","149229","3","7","0","01","13","5","","0","1","0","0","0"
"POINT (9.874995604000050 53.587928069999997)","Unfall 149230 (2022) Kat:3, Licht: 0","149230","3","7","0","03","16","3","","0","0","0","0","1"
"POINT (9.931773404000070 53.550335805000003)","Unfall 149231 (2022) Kat:3, Licht: 0","149231","3","5","1","03","12","4","","0","0","1","0","0"
"POINT (9.909290334000049 53.646219742000000)","Unfall 149232 (2022) Kat:2, Licht: 0","149232","2","7","1","01","08","1","","0","0","0","0","0"
"POINT (9.979773094000050 53.518464188999999)","Unfall 149234 (2022) Kat:3, Licht: 0","149234","3","7","0","02","08","6","","0","0","0","0","0"
"POINT (9.895181355000030 53.552405710000102)","Unfall 149235 (2022) Kat:3, Licht: 2","149235","3","5","1","02","18","1","","2","1","1","0","0"
"POINT (10.160082970000101 53.618114984000002)","Unfall 149236 (2022) Kat:2, Licht: 2","149236","2","4","6","02","19","5","","2","0","1","1","0"
"POINT (9.918201650000070 53.599154107000103)","Unfall 149237 (2022) Kat:3, Licht: 2","149237","3","6","2","02","20","3","","2","0","1","0","0"
"POINT (10.004352696000099 53.437212952000003)","Unfall 149238 (2022) Kat:3, Licht: 0","149238","3","3","5","02","07","4","","0","1","0","0","0"
"POINT (9.991037906000029 53.446051349000101)","Unfall 149239 (2022) Kat:2, Licht: 0","149239","2","6","2","01","13","6","","0","0","1","0","0"
"POINT (10.211840460000101 53.487661457999998)","Unfall 149240 (2022) Kat:3, Licht: 0","149240","3","7","1","03","12","3","","0","0","1","0","0"
"POINT (10.088837636000100 53.522403107000102)","Unfall 149241 (2022) Kat:3, Licht: 1","149241","3","2","5","01","07","6","","1","0","0","0","1"
"POINT (10.056686253000100 53.591131715000103)","Unfall 149242 (2022) Kat:3, Licht: 2","149242","3","7","3","02","19","2","","2","0","1","0","0"
"POINT (9.932476252000070 53.614772185000000)","Unfall 149243 (2022) Kat:3, Licht: 0","149243","3","6","4","03","06","5","","0","0","1","0","0"
"POINT (9.914833217000020 53.557783855000103)","Unfall 149244 (2022) Kat:3, Licht: 0","149244","3","3","5","01","16","2","","0","1","1","0","0"
"POINT (10.023903588000101 53.620032562000098)","Unfall 149245 (2022) Kat:3, Licht: 0","149245","3","6","2","03","16","7","","0","0","1","0","0"
"POINT (9.867168596000059 53.561051196999998)","Unfall 149247 (2022) Kat:3, Licht: 2","149247","3","7","0","02","01","7","","2","1","0","0","0"
"POINT (10.070465650000100 53.553519324000000)","Unfall 149248 (2022) Kat:2, Licht: 2","149248","2","7","0","02","18","1","","2","1","0","0","0"
"POINT (9.926414301000021 53.563351650000101)","Unfall 149249 (2022) Kat:3, Licht: 1","149249","3","6","0","02","16","6","","1","1","1","0","0"
"POINT (9.991639180000050 53.570998957000000)","Unfall 149250 (2022) Kat:3, Licht: 0","149250","3","5","1","01","14","5","","0","0","0","0","0"
"POINT (10.124131237000000 53.570137089000099)","Unfall 149251 (2022) Kat:3, Licht: 0","149251","3","3","5","03","07","6","","0","0","1","0","0"
"POINT (10.091811135000100 53.631035774000097)","Unfall 149252 (2022) Kat:3, Licht: 0","149252","3","3","5","01","11","5","","0","0","1","0","0"
"POINT (10.015222280000000 53.485311081000098)","Unfall 149253 (2022) Kat:3, Licht: 0","149253","3","3","5","02","16","2","","0","0","1","0","0"
"POINT (10.016782225000000 53.548796175000099)","Unfall 149254 (2022) Kat:3, Licht: 0","149254","3","6","3","01","12","6","","0","0","1","0","0"
"POINT (9.808905020000051 53.571588833000099)","Unfall 149256 (2022) Kat:3, Licht: 2","149256","3","7","0","02","18","5","","2","0","1","0","0"
"POINT (10.121447136000000 53.608548498000097)","Unfall 149257 (2022) Kat:3, Licht: 1","149257","3","6","2","02","07","5","","1","0","1","0","0"
"POINT (10.037042272000100 53.611233420000097)","Unfall 149258 (2022) Kat:3, Licht: 1","149258","3","6","2","02","16","4","","1","0","1","0","0"
"POINT (10.064775696000000 53.571381422000101)","Unfall 149259 (2022) Kat:3, Licht: 0","149259","3","7","3","03","17","1","","0","0","1","0","1"
"POINT (10.142852042000101 53.599504389000103)","Unfall 149260 (2022) Kat:3, Licht: 0","149260","3","6","2","03","15","4","","0","0","1","0","0"
"POINT (10.053242295000100 53.561037772000098)","Unfall 149261 (2022) Kat:3, Licht: 2","149261","3","3","5","02","17","3","","2","0","1","0","0"
"POINT (10.040221888000101 53.604321893000098)","Unfall 149263 (2022) Kat:3, Licht: 2","149263","3","5","1","01","18","7","","2","0","1","0","0"
"POINT (10.106656657000000 53.605876901000002)","Unfall 149264 (2022) Kat:3, Licht: 0","149264","3","2","3","03","14","5","","0","1","1","0","0"
"POINT (9.875101208000050 53.477356643000100)","Unfall 149265 (2022) Kat:3, Licht: 2","149265","3","2","5","01","19","1","","2","0","1","0","0"
"POINT (10.078341422000101 53.550282242000002)","Unfall 149266 (2022) Kat:3, Licht: 2","149266","3","2","4","02","19","4","","2","0","1","0","0"
"POINT (9.917419991000029 53.548516633000098)","Unfall 149267 (2022) Kat:3, Licht: 2","149267","3","2","5","02","18","6","","2","0","1","0","1"
"POINT (10.040939801000000 53.608175019999997)","Unfall 149268 (2022) Kat:3, Licht: 2","149268","3","3","6","01","17","3","","2","0","1","1","0"
"POINT (9.978489908000030 53.544076330000102)","Unfall 149270 (2022) Kat:2, Licht: 2","149270","2","1","0","01","22","6","","2","1","0","0","0"
"POINT (9.991449854000050 53.500805166000099)","Unfall 149271 (2022) Kat:3, Licht: 2","149271","3","3","5","03","19","6","","2","1","1","0","0"
"POINT (10.092360507000000 53.568661603000102)","Unfall 149272 (2022) Kat:3, Licht: 0","149272","3","3","5","01","15","2","","0","0","1","0","0"
"POINT (10.064432897000099 53.530589167000102)","Unfall 149274 (2022) Kat:3, Licht: 0","149274","3","7","4","01","09","5","","0","0","1","0","1"
"POINT (9.928146319000060 53.553637942000101)","Unfall 149275 (2022) Kat:3, Licht: 0","149275","3","6","4","03","12","2","","0","0","1","0","1"
"POINT (10.045765251000001 53.548269225000098)","Unfall 149277 (2022) Kat:3, Licht: 0","149277","3","3","5","02","11","7","","0","1","1","0","0"
"POINT (9.992120764000051 53.670413715000102)","Unfall 149278 (2022) Kat:3, Licht: 0","149278","3","7","0","02","15","2","","0","0","1","0","0"
"POINT (10.081872330000101 53.549108650999997)","Unfall 149279 (2022) Kat:3, Licht: 2","149279","3","6","2","01","21","4","","2","0","1","0","0"
"POINT (9.967018977000070 53.603233977000102)","Unfall 149280 (2022) Kat:3, Licht: 1","149280","3","3","5","03","18","4","","1","1","1","0","0"
"POINT (10.031347489000000 53.593030407000100)","Unfall 149281 (2022) Kat:2, Licht: 0","149281","2","7","0","01","13","5","","0","1","0","0","0"
"POINT (10.031226671000100 53.537737849000102)","Unfall 149282 (2022) Kat:3, Licht: 0","149282","3","2","4","02","12","1","","0","0","1","0","0"
"POINT (10.000550324000100 53.555729251000102)","Unfall 149283 (2022) Kat:3, Licht: 0","149283","3","2","4","03","09","3","","0","0","1","0","0"
"POINT (10.106699777000101 53.588557279000000)","Unfall 149284 (2022) Kat:3, Licht: 0","149284","3","3","5","01","14","6","","0","1","1","0","0"
"POINT (10.025125401000000 53.569090879999997)","Unfall 149286 (2022) Kat:3, Licht: 0","149286","3","4","6","02","14","6","","0","0","0","1","0"
"POINT (9.917414573000030 53.548454726999999)","Unfall 149287 (2022) Kat:3, Licht: 0","149287","3","2","3","02","11","7","","0","1","1","0","0"
"POINT (9.896253225000070 53.618726506000002)","Unfall 149288 (2022) Kat:3, Licht: 1","149288","3","7","1","02","16","5","","1","1","1","0","0"
"POINT (9.834598270000070 53.571808985000096)","Unfall 149289 (2022) Kat:3, Licht: 2","149289","3","7","3","03","18","5","","2","0","1","0","0"
"POINT (9.967198887000050 53.557597751000102)","Unfall 149291 (2022) Kat:3, Licht: 2","149291","3","6","3","01","17","7","","2","1","0","0","0"
"POINT (9.987882717000049 53.581615089000103)","Unfall 149292 (2022) Kat:3, Licht: 0","149292","3","6","3","03","08","6","","0","0","1","0","1"
"POINT (9.989055252000069 53.593602315000098)","Unfall 149293 (2022) Kat:2, Licht: 2","149293","2","1","1","01","07","7","","2","0","1","0","0"
"POINT (10.099264601000099 53.569426020000002)","Unfall 149294 (2022) Kat:2, Licht: 0","149294","2","3","5","02","13","6","","0","1","1","0","0"
"POINT (10.018923798000101 53.553443087000097)","Unfall 149295 (2022) Kat:3, Licht: 2","149295","3","7","0","01","19","3","","2","0","0","0","1"
"POINT (10.010863806000000 53.575595163000102)","Unfall 149297 (2022) Kat:3, Licht: 0","149297","3","6","6","02","09","4","","0","1","0","1","0"
"POINT (10.047078834000001 53.548154886000098)","Unfall 149298 (2022) Kat:2, Licht: 0","149298","2","5","1","03","15","1","","0","0","1","0","0"
"POINT (10.030450573000101 53.567294375000102)","Unfall 149299 (2022) Kat:2, Licht: 2","149299","2","6","4","03","23","4","","2","1","1","0","0"
"POINT (9.956161122000029 53.563470322000100)","Unfall 149300 (2022) Kat:3, Licht: 2","149300","3","7","0","02","18","3","","2","1","1","0","0"
"POINT (10.010756646000100 53.540315517000103)","Unfall 149302 (2022) Kat:3, Licht: 2","149302","3","6","2","01","20","4","","2","0","1","0","0"
"POINT (10.083009064000100 53.581415069000101)","Unfall 149303 (2022) Kat:3, Licht: 0","149303","3","3","5","03","10","5","","0","0","1","0","0"
"POINT (9.961287755000059 53.567384632000000)","Unfall 149305 (2022) Kat:3, Licht: 2","149305","3","7","0","02","18","4","","2","1","0","0","0"
"POINT (9.865167431000030 53.571461054000103)","Unfall 149306 (2022) Kat:3, Licht: 2","149306","3","6","3","02","19","3","","2","0","1","0","0"
"POINT (10.023586771000099 53.549914290000103)","Unfall 149308 (2022) Kat:2, Licht: 0","149308","2","3","0","01","12","7","","0","1","0","0","0"
"POINT (10.077859952000001 53.564666543999998)","Unfall 149309 (2022) Kat:3, Licht: 0","149309","3","3","5","03","12","1","","0","0","1","0","0"
"POINT (9.938944356000039 53.553656654000100)","Unfall 149310 (2022) Kat:3, Licht: 0","149310","3","2","5","01","13","3","","0","0","1","0","0"
"POINT (10.002195815000100 53.500981402000001)","Unfall 149311 (2022) Kat:3, Licht: 0","149311","3","6","2","02","15","6","","0","0","1","0","0"
"POINT (9.984568258000021 53.458655057000001)","Unfall 149312 (2022) Kat:3, Licht: 0","149312","3","1","0","01","12","5","","0","0","0","0","0"
"POINT (9.904219381000081 53.592317784000002)","Unfall 149314 (2022) Kat:3, Licht: 0","149314","3","4","6","02","07","5","","0","0","1","1","0"
"POINT (10.029151053000000 53.552316447000102)","Unfall 149315 (2022) Kat:3, Licht: 2","149315","3","2","3","02","07","4","","2","1","1","0","0"
"POINT (10.027297249000100 53.606207521000002)","Unfall 149316 (2022) Kat:3, Licht: 0","149316","3","2","3","03","17","2","","0","1","0","0","0"
"POINT (10.014219417000000 53.581794296000098)","Unfall 149317 (2022) Kat:3, Licht: 0","149317","3","4","6","03","12","4","","0","1","0","1","0"
"POINT (10.028641580000100 53.600058859999997)","Unfall 149318 (2022) Kat:3, Licht: 0","149318","3","6","2","02","08","4","","0","0","1","0","0"
"POINT (10.030851626000100 53.639970939000101)","Unfall 149320 (2022) Kat:3, Licht: 0","149320","3","1","0","01","09","5","","0","0","0","0","1"
"POINT (10.043473749000000 53.596049092999998)","Unfall 149321 (2022) Kat:3, Licht: 0","149321","3","5","1","03","17","5","","0","1","1","0","0"
"POINT (9.993054574000039 53.557535684000101)","Unfall 149323 (2022) Kat:3, Licht: 0","149323","3","7","0","02","07","3","","0","0","0","0","1"
"POINT (10.054528512999999 53.608446698000101)","Unfall 149324 (2022) Kat:3, Licht: 2","149324","3","2","3","02","18","3","","2","1","1","0","0"
"POINT (10.083221831000101 53.544965281000003)","Unfall 149326 (2022) Kat:3, Licht: 2","149326","3","3","5","01","07","5","","2","0","1","0","0"
"POINT (9.970435360000071 53.569142683999999)","Unfall 149327 (2022) Kat:3, Licht: 0","149327","3","5","1","03","08","5","","0","0","1","0","0"
"POINT (10.059508516999999 53.594129287999998)","Unfall 149328 (2022) Kat:3, Licht: 0","149328","3","2","3","01","14","2","","0","1","0","0","0"
"POINT (10.113788193000101 53.644934546000101)","Unfall 149329 (2022) Kat:3, Licht: 2","149329","3","5","1","02","17","7","","2","1","0","0","0"
"POINT (10.071512692000100 53.614658792999997)","Unfall 149331 (2022) Kat:3, Licht: 0","149331","3","3","5","03","11","5","","0","1","1","0","0"
"POINT (10.021310992000100 53.580148764000100)","Unfall 149332 (2022) Kat:3, Licht: 2","149332","3","2","4","01","22","7","","2","1","1","0","0"
"POINT (10.145558633000100 53.484048572000098)","Unfall 149333 (2022) Kat:3, Licht: 0","149333","3","5","1","03","17","6","","0","1","1","0","0"
"POINT (9.956937469000019 53.580145811000101)","Unfall 149335 (2022) Kat:3, Licht: 0","149335","3","5","1","02","09","2","","0","1","1","0","0"
"POINT (9.987009590000071 53.552835432999998)","Unfall 149336 (2022) Kat:3, Licht: 0","149336","3","6","3","02","13","3","","0","1","1","0","0"
"POINT (10.069256798000000 53.601993874000101)","Unfall 149338 (2022) Kat:3, Licht: 2","149338","3","6","2","01","18","4","","2","0","1","0","0"
"POINT (10.115010141000001 53.545349065000003)","Unfall 149339 (2022) Kat:3, Licht: 2","149339","3","2","6","03","20","3","","2","0","1","1","0"
"POINT (10.040686810000100 53.555566018000000)","Unfall 149340 (2022) Kat:3, Licht: 0","149340","3","2","4","01","13","5","","0","0","1","0","0"
"POINT (9.866640676000030 53.584840483999997)","Unfall 149341 (2022) Kat:3, Licht: 0","149341","3","6","3","02","13","7","","0","0","1","0","0"
"POINT (9.936022129000040 53.555727570999998)","Unfall 149342 (2022) Kat:3, Licht: 0","149342","3","2","4","03","16","4","","0","1","1","0","0"
"POINT (9.966255902000061 53.546327851999997)","Unfall 149343 (2022) Kat:3, Licht: 0","149343","3","6","2","01","09","5","","0","0","1","0","0"
"POINT (10.096912962999999 53.533532202000103)","Unfall 149345 (2022) Kat:3, Licht: 2","149345","3","6","2","02","06","5","","2","0","1","0","0"
"POINT (10.069806375000001 53.574876406000001)","Unfall 149346 (2022) Kat:3, Licht: 2","149346","3","4","6","02","18","5","","2","0","0","1","0"
"POINT (10.126139180000100 53.586601543000000)","Unfall 149347 (2022) Kat:3, Licht: 0","149347","3","6","2","02","12","6","","0","0","1","0","0"
"POINT (10.036226228000000 53.582206050000103)","Unfall 149349 (2022) Kat:3, Licht: 0","149349","3","3","5","01","15","2","","0","0","1","0","0"
"POINT (10.152577562999999 53.610532200000101)","Unfall 149350 (2022) Kat:3, Licht: 0","149350","3","6","2","03","12","7","","0","0","1","0","0"
"POINT (9.808140386000050 53.563871652000003)","Unfall 149351 (2022) Kat:3, Licht: 2","149351","3","5","1","01","21","4","","2","0","1","0","0"
"POINT (10.003580354000100 53.586021072999998)","Unfall 149352 (2022) Kat:3, Licht: 0","149352","3","6","3","02","15","5","","0","1","1","0","0"
"POINT (9.822541498000019 53.569754946000003)","Unfall 149353 (2022) Kat:3, Licht: 2","149353","3","7","0","01","20","4","","2","1","0","1","0"
"POINT (9.988448561000039 53.582133157999998)","Unfall 149355 (2022) Kat:3, Licht: 2","149355","3","3","5","02","05","3","","2","1","1","0","0"
"POINT (9.988050745000070 53.465958509000103)","Unfall 149356 (2022) Kat:3, Licht: 0","149356","3","6","3","03","11","1","","0","1","1","0","0"
"POINT (10.202376277000001 53.486326641000097)","Unfall 149357 (2022) Kat:2, Licht: 0","149357","2","7","0","03","13","4","","0","1","0","0","0"
"POINT (9.959733211000071 53.620023414000102)","Unfall 149358 (2022) Kat:3, Licht: 2","149358","3","7","1","02","19","4","","2","1","1","0","0"
"POINT (10.063127302000099 53.581585682000103)","Unfall 149360 (2022) Kat:3, Licht: 0","149360","3","2","3","01","16","5","","0","1","0","0","0"
"POINT (9.891029932000039 53.574671836999997)","Unfall 149361 (2022) Kat:2, Licht: 0","149361","2","6","2","03","08","4","","0","0","1","0","0"
"POINT (10.059642441999999 53.610781252999999)","Unfall 149363 (2022) Kat:3, Licht: 0","149363","3","3","5","02","11","4","","0","1","1","0","0"
"POINT (9.972019999000050 53.601795475000102)","Unfall 149364 (2022) Kat:3, Licht: 2","149364","3","6","3","02","19","5","","2","1","0","0","0"
"POINT (9.957231675000060 53.567096597000003)","Unfall 149365 (2022) Kat:3, Licht: 2","149365","3","2","4","01","17","6","","2","1","1","0","0"
"POINT (10.063416253000099 53.596748836000103)","Unfall 149366 (2022) Kat:2, Licht: 1","149366","2","4","6","03","18","6","","1","0","1","1","0"
"POINT (9.981153028000049 53.420804368000098)","Unfall 149367 (2022) Kat:3, Licht: 0","149367","3","7","6","01","09","5","","0","0","1","1","0"
"POINT (10.094491671000100 53.656322312999997)","Unfall 149368 (2022) Kat:3, Licht: 0","149368","3","1","0","02","13","7","","0","0","1","0","1"
"POINT (10.043332973000100 53.555254871999999)","Unfall 149369 (2022) Kat:2, Licht: 0","149369","2","3","5","03","14","5","","0","1","1","0","0"
"POINT (10.016863590000099 53.561941195000003)","Unfall 149370 (2022) Kat:3, Licht: 2","149370","3","6","2","01","18","2","","2","0","1","0","0"
"POINT (10.041272627000099 53.599495726000001)","Unfall 149371 (2022) Kat:3, Licht: 0","149371","3","7","3","03","14","1","","0","0","1","0","0"
"POINT (9.984726686000039 53.583127530000098)","Unfall 149373 (2022) Kat:3, Licht: 0","149373","3","6","2","02","15","1","","0","1","0","0","0"
"POINT (10.085771627000000 53.627294313000000)","Unfall 149374 (2022) Kat:3, Licht: 0","149374","3","3","5","02","13","2","","0","0","1","0","0"
"POINT (10.207367902000000 53.479599469999997)","Unfall 149376 (2022) Kat:3, Licht: 1","149376","3","3","5","03","18","3","","1","1","1","0","0"
"POINT (9.951550461000069 53.632033788000101)","Unfall 149377 (2022) Kat:2, Licht: 0","149377","2","7","1","01","11","5","","0","1","1","0","0"
"POINT (9.918325974000030 53.553801329000102)","Unfall 149378 (2022) Kat:3, Licht: 0","149378","3","7","0","06","14","2","","0","0","0","0","1"
"POINT (10.121436546000000 53.605539952000100)","Unfall 149379 (2022) Kat:3, Licht: 0","149379","3","2","5","06","14","4","","0","1","1","0","0"
"POINT (10.125137528000000 53.668575980000099)","Unfall 149380 (2022) Kat:3, Licht: 0","149380","3","2","4","05","18","2","","0","0","1","0","0"
"POINT (10.104792444999999 53.544611574999998)","Unfall 149381 (2022) Kat:3, Licht: 0","149381","3","3","5","06","17","1","","0","1","0","0","0"
"POINT (9.982350390000020 53.591717093000099)","Unfall 149382 (2022) Kat:3, Licht: 2","149382","3","7","0","03","04","7","","2","1","0","0","0"
"POINT (9.989898528000030 53.561590697000000)","Unfall 149383 (2022) Kat:3, Licht: 0","149383","3","7","2","05","16","5","","0","0","1","0","0"
"POINT (10.100321852000000 53.565788368000000)","Unfall 149384 (2022) Kat:3, Licht: 0","149384","3","6","6","05","11","2","","0","0","1","1","0"
"POINT (9.878882945000040 53.529744935000103)","Unfall 149385 (2022) Kat:3, Licht: 0","149385","3","4","6","04","14","3","","0","0","0","1","1"
"POINT (10.020042642000000 53.563433916000101)","Unfall 149386 (2022) Kat:3, Licht: 0","149386","3","5","1","06","09","5","","0","1","1","0","0"
"POINT (10.024737575000101 53.565200587000000)","Unfall 149387 (2022) Kat:3, Licht: 0","149387","3","5","1","05","13","4","","0","0","1","0","0"
"POINT (10.002984175000099 53.520297622999998)","Unfall 149388 (2022) Kat:3, Licht: 2","149388","3","5","1","04","00","2","","2","0","1","0","0"
"POINT (10.100819410000000 53.579765068000000)","Unfall 149389 (2022) Kat:3, Licht: 0","149389","3","6","3","04","15","5","","0","0","1","0","0"
"POINT (10.076540654000000 53.615953526000098)","Unfall 149390 (2022) Kat:3, Licht: 0","149390","3","2","3","06","16","7","","0","1","1","0","0"
"POINT (9.990418821000050 53.483096414999999)","Unfall 149391 (2022) Kat:3, Licht: 0","149391","3","6","2","05","07","6","","0","0","1","0","0"
"POINT (9.939995578000040 53.579404637000003)","Unfall 149392 (2022) Kat:2, Licht: 0","149392","2","3","5","04","07","3","","0","1","0","0","1"
"POINT (10.058973568000100 53.648686435000101)","Unfall 149393 (2022) Kat:3, Licht: 0","149393","3","6","4","06","15","3","","0","1","0","0","0"
"POINT (10.126898181000101 53.672612711000099)","Unfall 149394 (2022) Kat:3, Licht: 0","149394","3","6","6","05","19","1","","0","0","1","1","0"
"POINT (10.009306272000099 53.550716712000103)","Unfall 149395 (2022) Kat:3, Licht: 0","149395","3","1","0","03","15","7","","0","0","0","0","1"
"POINT (9.919212606000031 53.558176842000101)","Unfall 149396 (2022) Kat:3, Licht: 0","149396","3","5","1","05","16","4","","0","1","1","0","0"
"POINT (9.936605040000069 53.582225424999997)","Unfall 149397 (2022) Kat:2, Licht: 2","149397","2","3","5","05","00","1","","2","1","0","0","0"
"POINT (9.812288660000039 53.563070971999998)","Unfall 149398 (2022) Kat:3, Licht: 0","149398","3","6","2","04","17","1","","0","0","1","0","0"
"POINT (9.805064332000031 53.530045839000103)","Unfall 149399 (2022) Kat:2, Licht: 0","149399","2","7","0","05","13","1","","0","1","0","0","0"
"POINT (9.962937772000030 53.556800564000099)","Unfall 149400 (2022) Kat:3, Licht: 0","149400","3","7","0","04","18","6","","0","1","0","0","0"
"POINT (9.962527791000070 53.556347704000103)","Unfall 149401 (2022) Kat:3, Licht: 0","149401","3","7","0","04","09","4","","0","1","0","0","0"
"POINT (10.103655436000100 53.575189369999997)","Unfall 149402 (2022) Kat:3, Licht: 0","149402","3","2","4","06","08","5","","0","1","1","0","0"
"POINT (10.014763521000100 53.581966919000102)","Unfall 149403 (2022) Kat:3, Licht: 0","149403","3","6","3","06","08","4","","0","1","0","0","0"
"POINT (10.107386329000100 53.599002324000097)","Unfall 149404 (2022) Kat:3, Licht: 0","149404","3","3","5","06","16","6","","0","0","1","0","0"
"POINT (10.129190903000101 53.495492451000104)","Unfall 149405 (2022) Kat:3, Licht: 0","149405","3","7","0","05","08","5","","0","1","0","0","0"
"POINT (10.106037928999999 53.590615649000000)","Unfall 149406 (2022) Kat:3, Licht: 0","149406","3","7","0","06","20","3","","0","1","0","0","0"
"POINT (9.969492446000061 53.546157995000002)","Unfall 149407 (2022) Kat:3, Licht: 2","149407","3","2","6","04","00","7","","2","0","1","1","0"
"POINT (10.153150433000100 53.593567356999998)","Unfall 149408 (2022) Kat:2, Licht: 0","149408","2","7","6","04","09","5","","0","0","1","1","0"
"POINT (10.117757817999999 53.607004717000102)","Unfall 149409 (2022) Kat:3, Licht: 0","149409","3","6","2","06","09","7","","0","0","1","0","1"
"POINT (10.106422262000001 53.557157895000003)","Unfall 149410 (2022) Kat:3, Licht: 2","149410","3","3","5","05","22","6","","2","0","1","0","1"
"POINT (9.789651287000030 53.572380647999999)","Unfall 149411 (2022) Kat:3, Licht: 0","149411","3","7","8","04","12","6","","0","0","1","0","0"
"POINT (10.151841946999999 53.600076979999997)","Unfall 149412 (2022) Kat:3, Licht: 0","149412","3","7","0","05","18","2","","0","1","0","0","0"
"POINT (10.089497010000100 53.549930631999999)","Unfall 149413 (2022) Kat:3, Licht: 0","149413","3","6","6","05","16","4","","0","0","0","1","0"
"POINT (9.961623288000061 53.569429828000096)","Unfall 149414 (2022) Kat:3, Licht: 2","149414","3","7","0","05","04","7","","2","1","0","0","0"
"POINT (10.036830689000100 53.629702125000101)","Unfall 149415 (2022) Kat:3, Licht: 0","149415","3","3","5","04","16","1","","0","0","1","0","0"
"POINT (9.928121720000039 53.593905726000102)","Unfall 149416 (2022) Kat:3, Licht: 0","149416","3","5","1","06","07","5","","0","1","1","0","0"