WKT,Name,OBJECTID,UKATEGORIE,UTYP1,UART,UMONAT,USTUNDE,UWOCHENTAG,STRZUSTAND,ULICHTVERH,ISTRAD,ISTPKW,ISTFUSS,ISTKRAD
"POINT (10.112471051000099 53.654729289999999)","Unfall 149417 (2022) Kat:3, Licht: 0","149417","3","3","0","05","15","4","","0","1","1","0","0"
"POINT (10.114384505000000 53.615177965000001)","Unfall 149418 (2022) Kat:3, Licht: 0","149418","3","6","2","06","17","2","","0","0","1","0","0"
"POINT (9.954816394000030 53.549731359000099)","Unfall 149419 (2022) Kat:3, Licht: 0","149419","3","6","2","03","08","5","","0","0","1","0","0"
"POINT (9.993539169000030 53.558322965000102)","Unfall 149420 (2022) Kat:3, Licht: 0","149420","3","6","3","06","12","5","","0","0","1","0","0"
"POINT (9.945286486000040 53.549425260000099)","Unfall 149421 (2022) Kat:3, Licht: 0","149421","3","7","0","06","19","4","","0","1","0","0","0"
"POINT (9.895445286000040 53.552270622000002)","Unfall 149422 (2022) Kat:2, Licht: 0","149422","2","5","1","04","08","5","","0","1","1","0","0"
"POINT (10.102261586999999 53.647246215999999)","Unfall 149423 (2022) Kat:3, Licht: 0","149423","3","2","5","06","16","6","","0","0","1","0","0"
"POINT (9.988117357000020 53.448864618000101)","Unfall 149424 (2022) Kat:3, Licht: 0","149424","3","6","2","05","12","4","","0","0","1","0","0"
"POINT (10.008368114000101 53.559029332000101)","Unfall 149425 (2022) Kat:3, Licht: 2","149425","3","7","4","04","21","4","","2","0","1","0","0"
"POINT (9.994466067000079 53.601930052999997)","Unfall 149426 (2022) Kat:3, Licht: 0","149426","3","3","5","04","12","7","","0","0","0","0","1"
"POINT (9.876991435000040 53.546768986000103)","Unfall 149427 (2022) Kat:2, Licht: 0","149427","2","3","5","06","18","2","","0","0","1","0","1"
"POINT (10.068772389000101 53.559542133000001)","Unfall 149428 (2022) Kat:3, Licht: 0","149428","3","3","5","05","06","2","","0","1","1","0","0"
"POINT (9.988670624000060 53.594523307000003)","Unfall 149429 (2022) Kat:3, Licht: 0","149429","3","6","4","06","17","1","","0","1","0","0","0"
"POINT (9.980690875000050 53.461630974000101)","Unfall 149430 (2022) Kat:3, Licht: 0","149430","3","6","6","06","13","2","","0","0","0","1","0"
"POINT (10.099743381000099 53.666430029000097)","Unfall 149431 (2022) Kat:3, Licht: 0","149431","3","1","0","06","18","2","","0","1","0","0","0"
"POINT (10.057397597000000 53.580184121000102)","Unfall 149432 (2022) Kat:3, Licht: 0","149432","3","3","5","06","14","7","","0","0","1","0","0"
"POINT (10.144656149000101 53.545182738000101)","Unfall 149433 (2022) Kat:2, Licht: 0","149433","2","2","5","05","06","2","","0","0","1","0","0"
"POINT (10.048905162000001 53.642764504000098)","Unfall 149434 (2022) Kat:3, Licht: 0","149434","3","7","0","03","09","6","","0","0","0","0","0"
"POINT (9.969448711000039 53.571951786000099)","Unfall 149435 (2022) Kat:3, Licht: 0","149435","3","6","3","05","07","5","","0","1","0","0","0"
"POINT (9.955274318000020 53.549220311000099)","Unfall 149436 (2022) Kat:3, Licht: 0","149436","3","7","4","06","12","5","","0","0","0","0","1"
"POINT (9.950638419000031 53.618660306999999)","Unfall 149437 (2022) Kat:3, Licht: 0","149437","3","3","5","04","15","3","","0","1","1","0","0"
"POINT (9.982138929000030 53.581500335999998)","Unfall 149438 (2022) Kat:3, Licht: 2","149438","3","7","0","05","22","4","","2","1","0","0","0"
"POINT (9.925941480000059 53.641055909000002)","Unfall 149439 (2022) Kat:3, Licht: 0","149439","3","3","5","04","09","7","","0","0","1","0","0"
"POINT (9.917922248000020 53.636396720000100)","Unfall 149440 (2022) Kat:3, Licht: 0","149440","3","2","4","04","09","5","","0","1","1","0","0"
"POINT (10.104910872000101 53.570414933999999)","Unfall 149441 (2022) Kat:2, Licht: 2","149441","2","7","0","06","00","6","","2","1","0","0","0"
"POINT (9.821941531000050 53.574037724999997)","Unfall 149442 (2022) Kat:3, Licht: 2","149442","3","5","1","05","00","7","","2","0","1","0","0"
"POINT (9.909365681000050 53.513608555000097)","Unfall 149443 (2022) Kat:3, Licht: 1","149443","3","6","3","05","17","5","","1","0","1","0","0"
"POINT (10.021929992000000 53.614877354999997)","Unfall 149444 (2022) Kat:3, Licht: 0","149444","3","4","6","06","16","3","","0","0","0","1","0"
"POINT (10.079391138000100 53.651638693000102)","Unfall 149445 (2022) Kat:3, Licht: 0","149445","3","7","0","06","13","1","","0","1","0","0","0"
"POINT (9.918255114000029 53.590932342000002)","Unfall 149446 (2022) Kat:3, Licht: 0","149446","3","6","3","05","10","2","","0","1","1","0","0"
"POINT (9.936074717000050 53.555605838000098)","Unfall 149447 (2022) Kat:2, Licht: 2","149447","2","7","0","04","03","6","","2","0","0","0","0"
"POINT (10.044442226999999 53.542589457000098)","Unfall 149448 (2022) Kat:3, Licht: 0","149448","3","5","1","05","07","3","","0","1","1","0","0"
"POINT (10.040299193000100 53.608200951000100)","Unfall 149449 (2022) Kat:3, Licht: 0","149449","3","7","0","05","11","7","","0","1","0","0","0"
"POINT (9.960801811000071 53.631271220000002)","Unfall 149450 (2022) Kat:3, Licht: 0","149450","3","3","5","04","12","6","","0","0","1","0","0"
"POINT (9.973217448000071 53.452471570000100)","Unfall 149451 (2022) Kat:3, Licht: 0","149451","3","1","0","05","13","1","","0","0","0","0","1"
"POINT (9.894209591000051 53.624815423000001)","Unfall 149452 (2022) Kat:2, Licht: 1","149452","2","7","0","04","19","4","","1","1","0","0","0"
"POINT (10.042680371000101 53.588990597000098)","Unfall 149453 (2022) Kat:3, Licht: 0","149453","3","6","6","04","13","3","","0","1","0","1","0"
"POINT (9.987544877000060 53.562607582000098)","Unfall 149454 (2022) Kat:3, Licht: 0","149454","3","7","3","06","15","6","","0","0","1","0","0"
"POINT (10.110919956000000 53.623551255999999)","Unfall 149455 (2022) Kat:3, Licht: 0","149455","3","2","5","06","20","4","","0","0","1","0","0"
"POINT (9.954636456000060 53.594852731000103)","Unfall 149456 (2022) Kat:3, Licht: 2","149456","3","7","0","06","01","6","","2","1","0","0","0"
"POINT (10.000829396000000 53.544899221000001)","Unfall 149457 (2022) Kat:3, Licht: 0","149457","3","2","3","05","15","5","","0","1","1","0","0"
"POINT (9.970397539000031 53.575703806000000)","Unfall 149458 (2022) Kat:3, Licht: 0","149458","3","6","2","06","07","3","","0","1","0","0","0"
"POINT (9.995212969000020 53.569957332000101)","Unfall 149459 (2022) Kat:3, Licht: 2","149459","3","7","6","03","19","4","","2","0","1","1","0"
"POINT (10.043691447000100 53.556849823999997)","Unfall 149460 (2022) Kat:3, Licht: 0","149460","3","4","6","05","07","3","","0","0","0","1","0"
"POINT (10.034831017000000 53.505845484000098)","Unfall 149461 (2022) Kat:3, Licht: 2","149461","3","6","3","04","22","6","","2","0","1","0","0"
"POINT (9.865214895000070 53.554827681000098)","Unfall 149462 (2022) Kat:3, Licht: 0","149462","3","3","0","06","10","6","","0","1","1","0","0"
"POINT (10.003834063999999 53.554056389000003)","Unfall 149463 (2022) Kat:3, Licht: 2","149463","3","2","4","04","22","4","","2","0","1","0","0"
"POINT (10.125634987000099 53.572647637000003)","Unfall 149464 (2022) Kat:3, Licht: 0","149464","3","6","3","05","13","6","","0","0","1","0","0"
"POINT (9.971005577000030 53.614245785999998)","Unfall 149465 (2022) Kat:2, Licht: 0","149465","2","5","1","04","16","3","","0","1","1","0","0"
"POINT (9.951119738000051 53.580163783000003)","Unfall 149466 (2022) Kat:2, Licht: 0","149466","2","3","5","05","16","1","","0","0","1","0","0"
"POINT (9.864327500000060 53.569994158000000)","Unfall 149467 (2022) Kat:3, Licht: 1","149467","3","2","3","05","19","4","","1","0","1","0","1"
"POINT (10.074945541000000 53.556250373000097)","Unfall 149468 (2022) Kat:3, Licht: 0","149468","3","6","4","05","15","7","","0","0","1","0","0"
"POINT (9.977509591000061 53.577463752000000)","Unfall 149469 (2022) Kat:3, Licht: 0","149469","3","2","3","04","07","2","","0","0","0","0","1"
"POINT (10.155995543000101 53.614445597000000)","Unfall 149470 (2022) Kat:3, Licht: 0","149470","3","2","4","05","16","7","","0","0","1","0","0"
"POINT (10.065326374000101 53.491417007999999)","Unfall 149471 (2022) Kat:3, Licht: 0","149471","3","1","9","04","18","6","","0","0","1","0","0"
"POINT (9.909198930000059 53.602273513000100)","Unfall 149472 (2022) Kat:3, Licht: 0","149472","3","3","5","05","08","2","","0","1","1","0","0"
"POINT (10.124239272000100 53.587939608000099)","Unfall 149473 (2022) Kat:3, Licht: 2","149473","3","2","5","04","19","5","","2","0","1","0","0"
"POINT (10.073408872000099 53.609829282000099)","Unfall 149474 (2022) Kat:3, Licht: 0","149474","3","6","3","04","10","3","","0","0","1","0","0"
"POINT (9.920605748000069 53.648605352000097)","Unfall 149475 (2022) Kat:2, Licht: 0","149475","2","3","5","06","08","6","","0","1","1","0","0"
"POINT (9.960516022000039 53.639937050000100)","Unfall 149476 (2022) Kat:3, Licht: 0","149476","3","7","0","06","07","4","","0","1","0","0","0"
"POINT (9.851099202000061 53.595648349999998)","Unfall 149477 (2022) Kat:3, Licht: 2","149477","3","5","1","06","22","5","","2","0","1","0","0"
"POINT (10.126791461000000 53.546631458000000)","Unfall 149478 (2022) Kat:3, Licht: 0","149478","3","3","5","05","14","5","","0","1","1","0","0"
"POINT (10.018405269000001 53.535757819000104)","Unfall 149479 (2022) Kat:3, Licht: 0","149479","3","7","8","06","06","2","","0","0","1","0","0"
"POINT (10.063484131000100 53.556576849000102)","Unfall 149480 (2022) Kat:3, Licht: 0","149480","3","3","5","03","10","4","","0","1","1","0","0"
"POINT (10.121435307000100 53.605540652000101)","Unfall 149481 (2022) Kat:3, Licht: 0","149481","3","2","4","06","08","5","","0","0","1","0","0"
"POINT (10.176886114000100 53.650223670999999)","Unfall 149482 (2022) Kat:3, Licht: 0","149482","3","6","6","04","07","6","","0","1","0","1","0"
"POINT (9.977254537000020 53.459711466999998)","Unfall 149483 (2022) Kat:3, Licht: 0","149483","3","6","0","06","14","7","","0","0","1","0","1"
"POINT (9.910529063000070 53.549222538999999)","Unfall 149484 (2022) Kat:3, Licht: 0","149484","3","7","0","05","07","6","","0","1","0","0","0"
"POINT (9.913461823000031 53.601824911000101)","Unfall 149485 (2022) Kat:3, Licht: 2","149485","3","7","0","04","02","6","","2","0","0","0","0"
"POINT (10.017629592000000 53.613002592000001)","Unfall 149486 (2022) Kat:2, Licht: 0","149486","2","1","0","05","16","1","","0","1","0","0","0"
"POINT (10.114635667000099 53.614446993000101)","Unfall 149487 (2022) Kat:3, Licht: 0","149487","3","6","2","05","07","3","","0","0","1","0","0"
"POINT (10.130404218000001 53.599752330999998)","Unfall 149488 (2022) Kat:3, Licht: 0","149488","3","6","2","05","14","7","","0","0","1","0","0"
"POINT (10.002512888000100 53.672139411000003)","Unfall 149489 (2022) Kat:3, Licht: 0","149489","3","4","6","04","13","2","","0","1","0","1","0"
"POINT (10.051129063000101 53.586946943999997)","Unfall 149490 (2022) Kat:3, Licht: 0","149490","3","3","5","06","11","4","","0","1","1","0","0"
"POINT (9.990905976000020 53.560643922000096)","Unfall 149491 (2022) Kat:3, Licht: 0","149491","3","3","5","05","09","5","","0","1","0","0","0"
"POINT (10.006512612000099 53.549220241000100)","Unfall 149492 (2022) Kat:3, Licht: 2","149492","3","7","0","06","03","1","","2","0","0","0","1"
"POINT (9.962494951000050 53.561360424000000)","Unfall 149493 (2022) Kat:3, Licht: 0","149493","3","7","0","03","13","1","","0","0","0","0","0"
"POINT (9.885836331000061 53.528700229999998)","Unfall 149494 (2022) Kat:3, Licht: 0","149494","3","7","1","05","14","6","","0","0","1","0","0"
"POINT (10.130243163999999 53.599366455999998)","Unfall 149495 (2022) Kat:3, Licht: 0","149495","3","7","0","06","19","5","","0","1","0","0","0"
"POINT (9.994047465000049 53.558823908000100)","Unfall 149496 (2022) Kat:3, Licht: 0","149496","3","7","0","06","09","4","","0","1","0","0","0"
"POINT (9.976435239000070 53.563071815999997)","Unfall 149497 (2022) Kat:3, Licht: 0","149497","3","6","3","04","18","5","","0","1","1","0","0"
"POINT (9.937761856000069 53.552305382000000)","Unfall 149498 (2022) Kat:3, Licht: 0","149498","3","7","2","06","12","7","","0","0","1","0","1"
"POINT (9.781129016000021 53.518429965999999)","Unfall 149499 (2022) Kat:3, Licht: 2","149499","3","1","0","05","22","4","","2","1","0","0","0"
"POINT (10.019879481000000 53.551605565999999)","Unfall 149500 (2022) Kat:3, Licht: 0","149500","3","6","2","04","17","4","","0","0","1","0","0"
"POINT (10.095062779999999 53.542586259000103)","Unfall 149501 (2022) Kat:3, Licht: 0","149501","3","7","4","04","17","7","","0","0","1","0","0"
"POINT (9.992682047000070 53.556801623000098)","Unfall 149502 (2022) Kat:3, Licht: 0","149502","3","1","0","06","18","2","","0","0","0","0","0"
"POINT (9.983143401000060 53.548131787999999)","Unfall 149503 (2022) Kat:3, Licht: 0","149503","3","7","1","05","19","3","","0","1","1","0","0"
"POINT (10.015999932000099 53.617232012000002)","Unfall 149504 (2022) Kat:3, Licht: 0","149504","3","6","2","06","07","2","","0","0","1","0","0"
"POINT (9.986332703000070 53.569291407999998)","Unfall 149505 (2022) Kat:3, Licht: 0","149505","3","6","2","06","07","3","","0","1","1","0","0"
"POINT (9.877108514000041 53.565573890000103)","Unfall 149506 (2022) Kat:3, Licht: 0","149506","3","5","1","06","09","7","","0","1","1","0","0"
"POINT (9.809680961000030 53.521537320999997)","Unfall 149507 (2022) Kat:3, Licht: 0","149507","3","1","0","05","12","3","","0","1","0","0","0"
"POINT (9.965502066000060 53.563117269000003)","Unfall 149508 (2022) Kat:3, Licht: 2","149508","3","7","0","03","03","7","","2","1","0","0","0"
"POINT (10.135569740000101 53.616936695000000)","Unfall 149509 (2022) Kat:3, Licht: 0","149509","3","4","6","05","07","5","","0","0","1","1","0"
"POINT (9.939520487000040 53.572790887000103)","Unfall 149510 (2022) Kat:2, Licht: 0","149510","2","3","5","06","18","5","","0","0","1","0","1"
"POINT (10.025517253000000 53.567156519000001)","Unfall 149511 (2022) Kat:3, Licht: 1","149511","3","4","6","04","20","2","","1","0","1","1","0"
"POINT (10.043998662000000 53.594585156000100)","Unfall 149512 (2022) Kat:3, Licht: 0","149512","3","2","6","05","19","4","","0","0","1","1","0"
"POINT (9.941192116000019 53.562627817000099)","Unfall 149513 (2022) Kat:3, Licht: 0","149513","3","3","5","04","14","2","","0","0","1","0","0"
"POINT (9.979265547000070 53.611304578999999)","Unfall 149514 (2022) Kat:3, Licht: 0","149514","3","7","0","04","14","5","","0","0","1","1","0"
"POINT (9.971152446000080 53.463493909000100)","Unfall 149515 (2022) Kat:3, Licht: 0","149515","3","2","4","06","16","6","","0","1","1","0","0"
"POINT (9.982880002000060 53.457436003000097)","Unfall 149516 (2022) Kat:3, Licht: 0","149516","3","6","6","05","17","6","","0","0","0","1","0"
"POINT (9.936146027000060 53.572940594999999)","Unfall 149517 (2022) Kat:3, Licht: 0","149517","3","6","3","05","11","6","","0","0","1","0","0"
"POINT (9.979302466000039 53.564194327999999)","Unfall 149518 (2022) Kat:3, Licht: 0","149518","3","6","3","06","12","4","","0","0","1","0","1"
"POINT (10.047984106000101 53.588314474000100)","Unfall 149519 (2022) Kat:3, Licht: 0","149519","3","5","1","06","16","1","","0","0","1","0","0"
"POINT (10.152094071000000 53.487913738000003)","Unfall 149520 (2022) Kat:3, Licht: 0","149520","3","7","1","05","13","7","","0","1","1","0","0"
"POINT (10.148203061000100 53.605340532000099)","Unfall 149521 (2022) Kat:3, Licht: 0","149521","3","2","3","04","08","5","","0","1","0","0","0"
"POINT (9.973697312000070 53.424178879000102)","Unfall 149522 (2022) Kat:3, Licht: 0","149522","3","6","0","05","08","4","","0","1","1","0","0"
"POINT (10.074515747000000 53.572321660999997)","Unfall 149523 (2022) Kat:3, Licht: 2","149523","3","7","0","05","03","3","","2","0","0","0","0"
"POINT (9.938500581000030 53.647947486000099)","Unfall 149524 (2022) Kat:3, Licht: 0","149524","3","6","2","05","15","2","","0","0","1","0","0"
"POINT (10.055955061000100 53.549222442000001)","Unfall 149525 (2022) Kat:3, Licht: 0","149525","3","4","6","04","15","3","","0","1","0","1","0"
"POINT (9.996617716000060 53.599890162000101)","Unfall 149526 (2022) Kat:3, Licht: 0","149526","3","4","6","06","08","6","","0","1","0","1","0"
"POINT (9.987772761000031 53.595733178000003)","Unfall 149527 (2022) Kat:3, Licht: 0","149527","3","1","0","06","12","4","","0","0","0","0","1"
"POINT (10.054101444000000 53.596872753000099)","Unfall 149528 (2022) Kat:3, Licht: 0","149528","3","7","0","06","19","5","","0","1","0","0","0"
"POINT (10.075411067000100 53.457438873000100)","Unfall 149529 (2022) Kat:2, Licht: 2","149529","2","7","0","06","22","7","","2","1","0","0","0"
"POINT (10.041139248000000 53.589295319000001)","Unfall 149530 (2022) Kat:3, Licht: 2","149530","3","1","8","05","22","4","","2","1","0","0","0"
"POINT (10.107084723000099 53.566454563000001)","Unfall 149531 (2022) Kat:3, Licht: 0","149531","3","4","6","06","13","1","","0","0","1","1","0"
"POINT (10.012089722000001 53.579338581999998)","Unfall 149532 (2022) Kat:3, Licht: 0","149532","3","6","2","03","08","5","","0","1","1","0","0"
"POINT (9.902620058000020 53.608111637000000)","Unfall 149533 (2022) Kat:3, Licht: 0","149533","3","4","6","06","14","6","","0","0","1","1","0"
"POINT (10.128824293999999 53.622543180999998)","Unfall 149534 (2022) Kat:2, Licht: 0","149534","2","7","0","05","11","3","","0","0","0","0","1"
"POINT (9.993560525000021 53.648811737000102)","Unfall 149535 (2022) Kat:3, Licht: 0","149535","3","6","2","04","13","5","","0","0","1","0","0"
"POINT (10.034360702000100 53.590985027000002)","Unfall 149536 (2022) Kat:3, Licht: 0","149536","3","7","3","06","05","6","","0","0","1","0","1"
"POINT (10.058597767000000 53.537740181000103)","Unfall 149537 (2022) Kat:3, Licht: 0","149537","3","2","4","05","17","4","","0","1","1","0","0"
"POINT (10.012664896000000 53.626556544000003)","Unfall 149538 (2022) Kat:2, Licht: 0","149538","2","4","6","04","15","5","","0","0","1","1","0"
"POINT (9.905955581000059 53.613231540000100)","Unfall 149539 (2022) Kat:2, Licht: 1","149539","2","7","0","04","19","6","","1","1","0","0","0"
"POINT (10.036116956000100 53.613557484000097)","Unfall 149540 (2022) Kat:3, Licht: 0","149540","3","6","2","06","07","3","","0","0","1","0","0"
"POINT (10.046206833999999 53.558277734999997)","Unfall 149541 (2022) Kat:3, Licht: 0","149541","3","2","4","05","12","2","","0","0","1","0","1"
"POINT (10.130802655000000 53.578661602000103)","Unfall 149542 (2022) Kat:3, Licht: 0","149542","3","3","5","05","11","6","","0","0","1","0","0"
"POINT (10.019035528000099 53.550970620000001)","Unfall 149543 (2022) Kat:3, Licht: 0","149543","3","7","0","04","15","2","","0","1","0","0","0"
"POINT (9.949135738000050 53.548943518000002)","Unfall 149544 (2022) Kat:2, Licht: 0","149544","2","2","3","06","14","5","","0","1","1","0","0"
"POINT (10.034007984000000 53.607755849999997)","Unfall 149545 (2022) Kat:3, Licht: 0","149545","3","6","2","05","17","2","","0","0","1","0","1"
"POINT (9.794714650000060 53.567411636000003)","Unfall 149546 (2022) Kat:3, Licht: 0","149546","3","7","5","06","10","7","","0","1","1","0","0"
"POINT (10.004315798000100 53.557530864000100)","Unfall 149547 (2022) Kat:3, Licht: 0","149547","3","6","2","03","08","2","","0","0","1","0","0"
"POINT (10.178200921000000 53.656281127000099)","Unfall 149548 (2022) Kat:3, Licht: 0","149548","3","5","1","05","08","6","","0","1","1","0","0"
"POINT (10.009682368000000 53.581496252000100)","Unfall 149549 (2022) Kat:3, Licht: 0","149549","3","6","0","05","08","2","","0","1","1","0","0"
"POINT (9.935435598000030 53.551531326000003)","Unfall 149550 (2022) Kat:3, Licht: 0","149550","3","4","6","04","19","3","","0","1","0","1","0"
"POINT (9.987782918000050 53.590933057000001)","Unfall 149551 (2022) Kat:3, Licht: 0","149551","3","6","4","06","07","6","","0","1","0","0","0"
"POINT (9.979397178000060 53.572443745999998)","Unfall 149552 (2022) Kat:3, Licht: 2","149552","3","6","6","04","22","2","","2","0","1","1","0"
"POINT (10.057389381000100 53.607802581999998)","Unfall 149553 (2022) Kat:3, Licht: 0","149553","3","3","0","05","13","4","","0","0","1","0","0"
"POINT (10.037846405000000 53.630297091999999)","Unfall 149554 (2022) Kat:3, Licht: 0","149554","3","3","5","04","18","2","","0","0","1","0","0"
"POINT (9.984714518000031 53.466436592999997)","Unfall 149555 (2022) Kat:2, Licht: 0","149555","2","3","5","04","15","6","","0","1","1","0","0"
"POINT (9.976559221000061 53.511533380000103)","Unfall 149556 (2022) Kat:3, Licht: 0","149556","3","6","3","06","13","7","","0","0","1","0","0"
"POINT (10.010527209999999 53.559943254000103)","Unfall 149557 (2022) Kat:3, Licht: 0","149557","3","3","5","05","14","7","","0","1","0","0","0"
"POINT (10.013663911000000 53.599738971000100)","Unfall 149558 (2022) Kat:3, Licht: 0","149558","3","2","4","04","15","2","","0","1","1","0","0"
"POINT (10.000201411000001 53.550028828000102)","Unfall 149559 (2022) Kat:3, Licht: 0","149559","3","2","0","06","16","3","","0","0","1","0","0"
"POINT (9.848782202000050 53.528315010000000)","Unfall 149560 (2022) Kat:3, Licht: 0","149560","3","1","0","06","14","2","","0","1","0","0","0"
"POINT (10.026965213000000 53.564078413000097)","Unfall 149561 (2022) Kat:3, Licht: 0","149561","3","6","2","05","18","1","","0","0","1","0","1"
"POINT (10.041536944000001 53.540631915000098)","Unfall 149562 (2022) Kat:2, Licht: 0","149562","2","3","5","03","11","6","","0","0","0","0","0"
"POINT (9.997969080000081 53.557715374000097)","Unfall 149563 (2022) Kat:3, Licht: 0","149563","3","6","2","05","19","4","","0","0","1","1","0"
"POINT (10.175299752999999 53.487899029000097)","Unfall 149564 (2022) Kat:2, Licht: 2","149564","2","4","6","05","22","1","","2","0","1","1","0"
"POINT (10.009903523000000 53.612987140000001)","Unfall 149565 (2022) Kat:3, Licht: 0","149565","3","7","9","06","17","4","","0","0","1","0","0"
"POINT (9.990386301000060 53.444027939000101)","Unfall 149566 (2022) Kat:3, Licht: 0","149566","3","2","3","05","15","3","","0","0","1","0","0"
"POINT (9.989226708000050 53.546110951000102)","Unfall 149567 (2022) Kat:3, Licht: 2","149567","3","7","0","06","00","1","","2","0","0","0","0"
"POINT (10.040515625000101 53.603323255000099)","Unfall 149568 (2022) Kat:3, Licht: 0","149568","3","2","3","03","09","2","","0","0","1","0","1"
"POINT (10.104830178000000 53.572152130000099)","Unfall 149569 (2022) Kat:3, Licht: 0","149569","3","7","0","05","16","5","","0","0","0","0","1"
"POINT (9.981078571000070 53.544068574000100)","Unfall 149570 (2022) Kat:3, Licht: 0","149570","3","6","3","06","16","6","","0","1","0","0","0"
"POINT (9.822539859000070 53.583232295000101)","Unfall 149571 (2022) Kat:3, Licht: 0","149571","3","7","0","05","17","3","","0","1","0","0","0"
"POINT (9.937675826000030 53.552319349000101)","Unfall 149572 (2022) Kat:3, Licht: 0","149572","3","7","0","04","08","4","","0","0","0","0","0"
"POINT (10.011945891000000 53.549409804000000)","Unfall 149573 (2022) Kat:3, Licht: 0","149573","3","7","4","06","08","5","","0","1","0","0","0"
"POINT (9.964372530000050 53.564923487000002)","Unfall 149574 (2022) Kat:3, Licht: 0","149574","3","6","2","05","20","5","","0","0","0","0","0"
"POINT (10.155154239000099 53.614708355000097)","Unfall 149575 (2022) Kat:3, Licht: 0","149575","3","6","2","04","08","2","","0","0","1","0","0"
"POINT (10.061697313000000 53.570743411000102)","Unfall 149576 (2022) Kat:3, Licht: 0","149576","3","6","3","04","15","6","","0","0","1","0","1"
"POINT (10.128223827000101 53.601737761000003)","Unfall 149577 (2022) Kat:3, Licht: 0","149577","3","2","3","06","15","1","","0","1","1","0","0"
"POINT (10.106982584000001 53.605942610000099)","Unfall 149578 (2022) Kat:3, Licht: 0","149578","3","6","1","05","11","2","","0","0","1","0","0"
"POINT (10.019775091000000 53.581499253000104)","Unfall 149579 (2022) Kat:3, Licht: 0","149579","3","2","0","06","14","3","","0","0","0","0","0"
"POINT (10.149718352000001 53.586414093000002)","Unfall 149580 (2022) Kat:2, Licht: 0","149580","2","2","5","06","20","2","","0","1","1","0","0"
"POINT (10.001026635000100 53.555753869000100)","Unfall 149581 (2022) Kat:3, Licht: 0","149581","3","3","5","05","13","2","","0","1","1","0","0"
"POINT (9.994591765000051 53.548234899000100)","Unfall 149582 (2022) Kat:3, Licht: 0","149582","3","7","0","03","07","6","","0","1","0","0","0"
"POINT (10.057139121000001 53.569678498000002)","Unfall 149583 (2022) Kat:2, Licht: 0","149583","2","6","6","05","07","4","","0","1","0","1","0"
"POINT (9.966335925000070 53.579479603999999)","Unfall 149584 (2022) Kat:3, Licht: 0","149584","3","1","0","05","17","6","","0","1","0","0","0"
"POINT (10.047665737999999 53.608390846000098)","Unfall 149585 (2022) Kat:3, Licht: 0","149585","3","6","2","04","11","7","","0","0","1","0","0"
"POINT (10.008642201000001 53.627500171000101)","Unfall 149586 (2022) Kat:3, Licht: 0","149586","3","6","3","05","07","3","","0","1","0","0","0"
"POINT (10.010941645999999 53.560057352999998)","Unfall 149587 (2022) Kat:3, Licht: 0","149587","3","6","2","04","15","6","","0","0","1","0","0"
"POINT (9.853858961000070 53.476029109000102)","Unfall 149588 (2022) Kat:2, Licht: 0","149588","2","4","6","04","14","5","","0","0","1","1","0"
"POINT (10.130364289999999 53.535401288000102)","Unfall 149589 (2022) Kat:3, Licht: 0","149589","3","6","2","06","07","6","","0","0","1","0","0"
"POINT (10.186025184000099 53.488594353000103)","Unfall 149590 (2022) Kat:3, Licht: 0","149590","3","5","5","05","17","7","","0","0","1","0","0"
"POINT (9.917520891000040 53.545921112000002)","Unfall 149591 (2022) Kat:3, Licht: 0","149591","3","1","0","06","10","7","","0","1","0","0","0"
"POINT (9.921598785000070 53.632088369000002)","Unfall 149592 (2022) Kat:3, Licht: 0","149592","3","7","3","05","18","6","","0","0","1","0","0"
"POINT (9.990198575000020 53.602742837000100)","Unfall 149593 (2022) Kat:3, Licht: 0","149593","3","6","2","06","17","3","","0","0","1","0","0"
"POINT (10.102905455000000 53.552382219000002)","Unfall 149594 (2022) Kat:3, Licht: 1","149594","3","3","0","04","20","6","","1","0","0","0","1"
"POINT (10.053348278000000 53.557378116999999)","Unfall 149595 (2022) Kat:3, Licht: 1","149595","3","1","0","06","21","7","","1","0","0","0","0"
"POINT (10.038233170000099 53.547465688999999)","Unfall 149596 (2022) Kat:3, Licht: 0","149596","3","3","5","05","13","6","","0","0","1","0","0"
"POINT (9.934420094000069 53.476781840999998)","Unfall 149597 (2022) Kat:3, Licht: 0","149597","3","2","4","04","14","6","","0","0","1","0","0"
"POINT (10.162320165000001 53.619781289000102)","Unfall 149598 (2022) Kat:2, Licht: 0","149598","2","2","5","05","18","1","","0","0","1","0","0"
"POINT (10.038890453000000 53.607273828000103)","Unfall 149599 (2022) Kat:2, Licht: 0","149599","2","7","0","05","15","5","","0","0","0","0","0"
"POINT (9.758664754000050 53.583374538000001)","Unfall 149600 (2022) Kat:3, Licht: 0","149600","3","7","0","05","12","1","","0","1","0","0","0"
"POINT (9.990750696000021 53.587769667000003)","Unfall 149601 (2022) Kat:3, Licht: 0","149601","3","6","2","04","15","3","","0","0","1","0","0"
"POINT (10.095137223000100 53.536550098000099)","Unfall 149602 (2022) Kat:3, Licht: 0","149602","3","1","8","06","14","3","","0","0","0","0","1"