WKT,Name,OBJECTID,UKATEGORIE,UTYP1,UART,UMONAT,USTUNDE,UWOCHENTAG,STRZUSTAND,ULICHTVERH,ISTRAD,ISTPKW,ISTFUSS,ISTKRAD
"POINT (10.135551695000100 53.576731363000100)","Unfall 149603 (2022) Kat:3, Licht: 0","149603","3","4","6","06","17","5","","0","0","0","1","0"
"POINT (9.997266620000060 53.578531796999997)","Unfall 149604 (2022) Kat:3, Licht: 0","149604","3","6","2","05","08","4","","0","1","1","0","0"
"POINT (10.091457254000000 53.521308500000004)","Unfall 149605 (2022) Kat:1, Licht: 1","149605","1","1","8","06","04","2","","1","0","1","0","0"
"POINT (9.991875498000070 53.504050229000001)","Unfall 149606 (2022) Kat:3, Licht: 0","149606","3","6","2","03","16","5","","0","0","1","0","0"
"POINT (9.977614808000061 53.574567027999997)","Unfall 149607 (2022) Kat:3, Licht: 0","149607","3","1","0","06","16","5","","0","1","0","0","0"
"POINT (10.055224579000001 53.560796579000097)","Unfall 149608 (2022) Kat:2, Licht: 0","149608","2","2","4","05","08","3","","0","1","1","0","0"
"POINT (10.005939441000100 53.544496875000000)","Unfall 149609 (2022) Kat:3, Licht: 0","149609","3","7","0","04","08","5","","0","0","0","0","0"
"POINT (10.147686435000001 53.420253088000003)","Unfall 149610 (2022) Kat:3, Licht: 0","149610","3","7","6","06","15","6","","0","1","0","1","0"
"POINT (9.944155692000040 53.567203052000103)","Unfall 149611 (2022) Kat:3, Licht: 0","149611","3","7","0","05","14","6","","0","1","0","0","0"
"POINT (9.941050923000031 53.546154997000002)","Unfall 149612 (2022) Kat:3, Licht: 0","149612","3","7","0","04","19","5","","0","0","1","0","0"
"POINT (9.990340783000020 53.455157640000003)","Unfall 149613 (2022) Kat:3, Licht: 2","149613","3","2","6","04","02","7","","2","0","1","1","0"
"POINT (9.811279116000041 53.558408176999997)","Unfall 149614 (2022) Kat:3, Licht: 2","149614","3","7","0","06","02","1","","2","0","0","0","0"
"POINT (9.950002600000060 53.557019688000103)","Unfall 149615 (2022) Kat:3, Licht: 0","149615","3","3","5","05","12","2","","0","0","1","0","0"
"POINT (10.122914107000000 53.663657200999999)","Unfall 149616 (2022) Kat:3, Licht: 0","149616","3","7","6","04","19","7","","0","0","1","1","0"
"POINT (10.012367081000001 53.517166561000103)","Unfall 149617 (2022) Kat:3, Licht: 0","149617","3","3","0","06","17","4","","0","0","0","0","0"
"POINT (10.125319323999999 53.586292153999999)","Unfall 149618 (2022) Kat:3, Licht: 0","149618","3","4","6","05","14","3","","0","0","1","1","0"
"POINT (10.031425948000001 53.596036599999998)","Unfall 149619 (2022) Kat:3, Licht: 1","149619","3","3","5","06","20","7","","1","0","0","0","1"
"POINT (9.993247070000050 53.582186873000097)","Unfall 149620 (2022) Kat:3, Licht: 2","149620","3","7","7","03","22","7","","2","1","0","0","0"
"POINT (9.865434097000049 53.466872825000102)","Unfall 149621 (2022) Kat:3, Licht: 0","149621","3","6","0","05","16","5","","0","1","1","0","0"
"POINT (9.857618949000029 53.476484446000001)","Unfall 149622 (2022) Kat:2, Licht: 0","149622","2","3","5","05","10","2","","0","1","1","0","0"
"POINT (10.080979379000000 53.619586093000102)","Unfall 149623 (2022) Kat:2, Licht: 0","149623","2","7","0","04","09","1","","0","0","0","0","1"
"POINT (10.057151424000001 53.566671069000101)","Unfall 149624 (2022) Kat:3, Licht: 0","149624","3","5","1","06","19","5","","0","1","1","0","0"
"POINT (9.974892833000069 53.556193766000000)","Unfall 149625 (2022) Kat:3, Licht: 1","149625","3","3","5","04","20","3","","1","1","1","0","0"
"POINT (10.010925531000099 53.615577845000097)","Unfall 149626 (2022) Kat:3, Licht: 0","149626","3","7","3","05","17","4","","0","1","1","0","0"
"POINT (9.975740594000060 53.578970706000099)","Unfall 149627 (2022) Kat:3, Licht: 1","149627","3","2","3","04","19","7","","1","1","1","0","0"
"POINT (9.929200277000060 53.562896186000003)","Unfall 149628 (2022) Kat:3, Licht: 0","149628","3","6","2","04","16","5","","0","0","1","0","0"
"POINT (10.117692262000000 53.583957510000097)","Unfall 149629 (2022) Kat:2, Licht: 0","149629","2","1","8","06","06","7","","0","0","0","0","0"
"POINT (10.023656382000100 53.664448247999999)","Unfall 149630 (2022) Kat:3, Licht: 0","149630","3","3","5","05","16","1","","0","0","1","0","0"
"POINT (10.067538201000000 53.608696630000097)","Unfall 149631 (2022) Kat:3, Licht: 0","149631","3","2","3","04","16","3","","0","1","1","0","0"
"POINT (9.972229684000069 53.451590318000100)","Unfall 149632 (2022) Kat:3, Licht: 0","149632","3","6","2","06","07","2","","0","0","1","0","0"
"POINT (10.006057238000000 53.551547761000101)","Unfall 149633 (2022) Kat:3, Licht: 2","149633","3","1","0","05","00","1","","2","0","0","0","0"
"POINT (9.865622195000070 53.533954692000101)","Unfall 149634 (2022) Kat:3, Licht: 2","149634","3","7","0","03","03","6","","2","1","0","0","0"
"POINT (10.016424579000001 53.643187399000098)","Unfall 149635 (2022) Kat:3, Licht: 2","149635","3","7","2","05","01","4","","2","1","1","0","0"
"POINT (10.158752483000100 53.602682541000000)","Unfall 149636 (2022) Kat:3, Licht: 2","149636","3","6","2","05","02","6","","2","0","1","0","0"
"POINT (9.924761212000019 53.567687670000097)","Unfall 149637 (2022) Kat:3, Licht: 0","149637","3","3","5","04","12","7","","0","0","1","0","0"
"POINT (10.078145124000100 53.617393526000100)","Unfall 149638 (2022) Kat:3, Licht: 0","149638","3","6","3","05","11","1","","0","0","1","0","0"
"POINT (9.926350620000051 53.555201179999997)","Unfall 149639 (2022) Kat:3, Licht: 0","149639","3","3","5","04","09","5","","0","0","1","0","1"
"POINT (9.949982338000041 53.622521986000002)","Unfall 149640 (2022) Kat:3, Licht: 0","149640","3","7","0","04","17","4","","0","1","0","0","0"
"POINT (10.107273889000099 53.654466640000102)","Unfall 149641 (2022) Kat:3, Licht: 0","149641","3","3","5","06","11","6","","0","0","1","0","0"
"POINT (10.034132486000001 53.579915540000101)","Unfall 149642 (2022) Kat:3, Licht: 0","149642","3","6","4","06","09","4","","0","1","0","0","0"
"POINT (10.036413145999999 53.602810352000098)","Unfall 149643 (2022) Kat:3, Licht: 0","149643","3","5","1","06","15","6","","0","1","1","0","0"
"POINT (10.014180923000000 53.578194567000097)","Unfall 149644 (2022) Kat:3, Licht: 0","149644","3","6","3","05","14","5","","0","1","1","0","0"
"POINT (10.013239365000100 53.552451269000102)","Unfall 149645 (2022) Kat:3, Licht: 0","149645","3","7","4","06","14","4","","0","0","1","0","0"
"POINT (10.046287429000101 53.582837554000001)","Unfall 149646 (2022) Kat:3, Licht: 1","149646","3","1","8","04","05","7","","1","0","1","0","0"
"POINT (9.958048096000031 53.626526163000101)","Unfall 149647 (2022) Kat:3, Licht: 0","149647","3","6","2","06","14","1","","0","0","1","0","0"
"POINT (10.062433474000001 53.585791610999998)","Unfall 149648 (2022) Kat:3, Licht: 0","149648","3","2","4","05","13","7","","0","1","1","0","0"
"POINT (10.017610235000101 53.549576492000000)","Unfall 149649 (2022) Kat:3, Licht: 0","149649","3","2","3","04","11","7","","0","0","1","0","1"
"POINT (9.890812061000080 53.612645010000101)","Unfall 149650 (2022) Kat:3, Licht: 0","149650","3","3","5","05","16","2","","0","1","1","0","0"
"POINT (10.018566815000000 53.479447460000102)","Unfall 149651 (2022) Kat:3, Licht: 0","149651","3","3","5","05","09","4","","0","1","1","0","0"
"POINT (9.943562573000071 53.555902175000000)","Unfall 149652 (2022) Kat:3, Licht: 2","149652","3","7","8","05","02","1","","2","1","0","0","0"
"POINT (10.000377829000101 53.679813353999997)","Unfall 149653 (2022) Kat:3, Licht: 0","149653","3","1","0","04","12","2","","0","1","0","0","0"
"POINT (10.007525935000000 53.661386790000101)","Unfall 149654 (2022) Kat:3, Licht: 0","149654","3","7","0","06","15","3","","0","1","0","0","0"
"POINT (9.920419088000070 53.449435558000097)","Unfall 149655 (2022) Kat:3, Licht: 0","149655","3","6","4","06","12","5","","0","1","0","0","0"
"POINT (10.099704489000001 53.569602571000097)","Unfall 149656 (2022) Kat:3, Licht: 0","149656","3","6","2","05","14","4","","0","0","1","0","0"
"POINT (10.089764425000100 53.664658243000098)","Unfall 149657 (2022) Kat:3, Licht: 0","149657","3","1","0","06","12","1","","0","1","0","0","0"
"POINT (10.115932404000000 53.485253331000102)","Unfall 149658 (2022) Kat:3, Licht: 0","149658","3","2","4","03","16","3","","0","0","1","0","0"
"POINT (9.959136433000030 53.590653594999999)","Unfall 149659 (2022) Kat:3, Licht: 2","149659","3","1","1","04","01","1","","2","0","1","0","0"
"POINT (9.904935695000059 53.590312957000002)","Unfall 149660 (2022) Kat:3, Licht: 0","149660","3","7","0","05","16","1","","0","1","0","0","0"
"POINT (10.025262916999999 53.608943467000103)","Unfall 149661 (2022) Kat:3, Licht: 0","149661","3","6","2","04","11","6","","0","0","1","0","0"
"POINT (9.979371159000040 53.555990542000103)","Unfall 149662 (2022) Kat:3, Licht: 2","149662","3","7","0","04","01","3","","2","1","0","0","0"
"POINT (9.944336195000060 53.573184312000102)","Unfall 149663 (2022) Kat:3, Licht: 0","149663","3","3","5","06","12","6","","0","1","1","0","0"
"POINT (9.996963913000060 53.548385261000099)","Unfall 149664 (2022) Kat:3, Licht: 0","149664","3","2","5","06","20","5","","0","1","1","0","0"
"POINT (10.004067930000099 53.553797666000001)","Unfall 149665 (2022) Kat:3, Licht: 0","149665","3","6","2","06","14","7","","0","0","0","0","1"
"POINT (9.990200550000051 53.559930962000102)","Unfall 149666 (2022) Kat:3, Licht: 0","149666","3","6","2","06","15","1","","0","0","0","0","1"
"POINT (9.995184705000041 53.543361464999997)","Unfall 149667 (2022) Kat:3, Licht: 0","149667","3","2","5","05","15","6","","0","1","0","0","0"
"POINT (10.009361926000100 53.558278126000097)","Unfall 149668 (2022) Kat:3, Licht: 2","149668","3","5","1","06","01","4","","2","1","1","0","0"
"POINT (10.183721239000000 53.488580183000103)","Unfall 149669 (2022) Kat:3, Licht: 0","149669","3","3","5","04","18","5","","0","1","1","0","0"
"POINT (9.870304716000019 53.556875220999999)","Unfall 149670 (2022) Kat:3, Licht: 0","149670","3","2","3","06","18","1","","0","1","1","0","0"
"POINT (10.080916822000100 53.606738524000001)","Unfall 149671 (2022) Kat:3, Licht: 0","149671","3","7","0","05","13","6","","0","1","0","0","0"
"POINT (9.938800436000070 53.544064050000003)","Unfall 149672 (2022) Kat:3, Licht: 0","149672","3","7","0","04","15","1","","0","0","0","0","1"
"POINT (10.086587324000000 53.545173121000097)","Unfall 149673 (2022) Kat:3, Licht: 0","149673","3","2","4","05","12","2","","0","0","0","0","1"
"POINT (9.948069981000060 53.560546846000101)","Unfall 149674 (2022) Kat:3, Licht: 2","149674","3","7","4","05","21","3","","2","0","1","0","0"
"POINT (9.938594088000061 53.544076620000098)","Unfall 149675 (2022) Kat:3, Licht: 1","149675","3","1","8","05","04","7","","1","0","1","0","0"
"POINT (10.135511059000100 53.594610303000103)","Unfall 149676 (2022) Kat:3, Licht: 0","149676","3","6","2","04","17","2","","0","0","1","0","1"
"POINT (9.955819323000069 53.555024770999999)","Unfall 149677 (2022) Kat:3, Licht: 2","149677","3","1","0","06","01","6","","2","0","0","0","0"
"POINT (9.910250934000031 53.495627325000001)","Unfall 149678 (2022) Kat:2, Licht: 0","149678","2","2","4","06","16","7","","0","0","1","0","1"
"POINT (10.031496819999999 53.607308443000100)","Unfall 149679 (2022) Kat:3, Licht: 0","149679","3","2","3","05","07","4","","0","1","1","0","0"
"POINT (10.006457264000099 53.633400141000003)","Unfall 149680 (2022) Kat:3, Licht: 0","149680","3","7","6","06","08","1","","0","0","1","1","0"
"POINT (9.968889513000020 53.612987562000100)","Unfall 149681 (2022) Kat:3, Licht: 0","149681","3","6","2","03","08","5","","0","0","1","0","0"
"POINT (10.049287110000000 53.578849804000100)","Unfall 149682 (2022) Kat:3, Licht: 0","149682","3","3","5","06","07","5","","0","1","0","0","1"
"POINT (10.208728817000100 53.482267138000097)","Unfall 149683 (2022) Kat:3, Licht: 0","149683","3","5","5","06","08","4","","0","1","1","0","0"
"POINT (10.091106848000001 53.544220420000002)","Unfall 149684 (2022) Kat:3, Licht: 0","149684","3","2","3","04","14","4","","0","1","1","0","0"
"POINT (10.114927180000100 53.595331424000101)","Unfall 149685 (2022) Kat:2, Licht: 2","149685","2","1","0","06","22","6","","2","0","0","0","0"
"POINT (10.086378379000100 53.513041615000098)","Unfall 149686 (2022) Kat:3, Licht: 0","149686","3","6","2","04","14","3","","0","0","1","0","0"
"POINT (9.982249299000051 53.522274249000098)","Unfall 149687 (2022) Kat:3, Licht: 0","149687","3","7","2","05","08","5","","0","0","1","0","1"
"POINT (9.989910852000040 53.558245917000100)","Unfall 149688 (2022) Kat:3, Licht: 0","149688","3","6","3","04","20","5","","0","0","1","0","0"
"POINT (10.208972742000100 53.489859019000100)","Unfall 149689 (2022) Kat:3, Licht: 0","149689","3","4","6","04","13","6","","0","0","1","1","0"
"POINT (10.130405336000001 53.591552372000102)","Unfall 149690 (2022) Kat:3, Licht: 2","149690","3","7","0","06","21","1","","2","1","0","0","0"
"POINT (9.984054618000069 53.575693530000102)","Unfall 149691 (2022) Kat:3, Licht: 0","149691","3","3","5","05","08","3","","0","0","1","0","0"
"POINT (10.037663012000101 53.576231577999998)","Unfall 149692 (2022) Kat:3, Licht: 0","149692","3","7","0","06","17","3","","0","0","0","0","0"
"POINT (10.067265733999999 53.553579362999997)","Unfall 149693 (2022) Kat:3, Licht: 0","149693","3","7","8","06","19","4","","0","0","1","0","0"
"POINT (9.961794223000030 53.551269480000002)","Unfall 149694 (2022) Kat:3, Licht: 0","149694","3","6","3","05","09","3","","0","0","1","0","1"
"POINT (10.115934786000000 53.557553180000099)","Unfall 149695 (2022) Kat:2, Licht: 0","149695","2","7","0","06","12","7","","0","1","0","0","0"
"POINT (10.036275655000100 53.613280334000102)","Unfall 149696 (2022) Kat:3, Licht: 0","149696","3","3","5","03","16","7","","0","0","1","0","0"
"POINT (9.908856235000030 53.605717472999999)","Unfall 149697 (2022) Kat:3, Licht: 0","149697","3","1","1","05","08","5","","0","0","1","0","0"
"POINT (9.862429427000050 53.534142095000000)","Unfall 149698 (2022) Kat:3, Licht: 2","149698","3","1","1","04","01","1","","2","0","1","0","0"
"POINT (10.006379244000099 53.550122629000001)","Unfall 149699 (2022) Kat:3, Licht: 2","149699","3","6","3","06","23","5","","2","0","1","0","0"
"POINT (10.116986723000000 53.625396983000002)","Unfall 149700 (2022) Kat:3, Licht: 1","149700","3","3","5","04","18","2","","1","0","1","0","0"
"POINT (9.888615800000030 53.573048103000097)","Unfall 149701 (2022) Kat:3, Licht: 0","149701","3","7","1","05","11","4","","0","1","1","0","0"
"POINT (10.132983561000099 53.624174699000001)","Unfall 149702 (2022) Kat:2, Licht: 0","149702","2","2","2","04","11","2","","0","0","1","0","0"
"POINT (9.928333178000059 53.557918258000001)","Unfall 149703 (2022) Kat:3, Licht: 0","149703","3","5","1","04","12","5","","0","1","1","0","0"
"POINT (10.044628662999999 53.642162036000101)","Unfall 149704 (2022) Kat:3, Licht: 0","149704","3","7","0","06","15","7","","0","1","0","0","0"
"POINT (9.997890722000021 53.563390323000100)","Unfall 149705 (2022) Kat:3, Licht: 0","149705","3","7","0","05","19","1","","0","0","0","0","0"
"POINT (9.983275624000040 53.544499501000097)","Unfall 149706 (2022) Kat:3, Licht: 2","149706","3","4","0","04","20","3","","2","1","0","1","0"
"POINT (10.123290150000100 53.604714295000100)","Unfall 149707 (2022) Kat:3, Licht: 0","149707","3","6","2","06","14","2","","0","0","1","0","0"
"POINT (9.989193544000051 53.581394551000102)","Unfall 149708 (2022) Kat:3, Licht: 0","149708","3","3","5","05","16","1","","0","1","1","0","0"
"POINT (10.024508074000000 53.666444331999998)","Unfall 149709 (2022) Kat:2, Licht: 1","149709","2","7","3","03","18","6","","1","0","1","0","1"
"POINT (10.153334159000099 53.603552714999999)","Unfall 149710 (2022) Kat:3, Licht: 0","149710","3","7","6","05","16","3","","0","0","0","1","0"
"POINT (9.958987440000040 53.549594699000103)","Unfall 149711 (2022) Kat:1, Licht: 1","149711","1","4","6","05","03","1","","1","1","1","1","0"
"POINT (9.960137151000030 53.550333029000100)","Unfall 149712 (2022) Kat:3, Licht: 2","149712","3","7","6","04","02","1","","2","0","1","1","0"
"POINT (10.207390141000101 53.480016116000101)","Unfall 149713 (2022) Kat:3, Licht: 0","149713","3","3","5","05","17","2","","0","0","1","0","0"
"POINT (9.997604401000050 53.465003912999997)","Unfall 149714 (2022) Kat:3, Licht: 2","149714","3","1","2","04","01","5","","2","0","1","0","0"
"POINT (9.972721201000070 53.534202622000102)","Unfall 149715 (2022) Kat:2, Licht: 0","149715","2","7","0","04","12","4","","0","1","0","0","0"
"POINT (9.939722466000029 53.544523191000103)","Unfall 149716 (2022) Kat:2, Licht: 2","149716","2","1","7","06","23","6","","2","0","0","0","1"
"POINT (10.096390158000100 53.532432781000097)","Unfall 149717 (2022) Kat:2, Licht: 0","149717","2","2","3","06","16","4","","0","1","0","0","0"
"POINT (10.034861350000000 53.574863909000001)","Unfall 149718 (2022) Kat:3, Licht: 0","149718","3","3","5","06","14","6","","0","1","0","0","0"
"POINT (10.108593695000000 53.707866199000101)","Unfall 149719 (2022) Kat:3, Licht: 0","149719","3","2","3","05","16","5","","0","1","1","0","0"
"POINT (10.046724224000100 53.583107265000102)","Unfall 149720 (2022) Kat:3, Licht: 0","149720","3","2","5","06","09","2","","0","1","1","0","0"
"POINT (10.026028395000001 53.660988447000101)","Unfall 149721 (2022) Kat:3, Licht: 0","149721","3","7","0","03","16","4","","0","1","0","0","0"
"POINT (10.008345469000099 53.552079548999998)","Unfall 149722 (2022) Kat:3, Licht: 0","149722","3","4","6","04","16","7","","0","0","1","1","0"
"POINT (9.992966525000041 53.549908641999998)","Unfall 149723 (2022) Kat:3, Licht: 2","149723","3","7","0","06","01","1","","2","1","0","0","0"
"POINT (10.015476428000101 53.617265358000097)","Unfall 149724 (2022) Kat:3, Licht: 0","149724","3","7","0","05","20","6","","0","1","0","0","0"
"POINT (9.831746582000051 53.556794835000098)","Unfall 149725 (2022) Kat:3, Licht: 0","149725","3","7","0","04","15","7","","0","1","0","0","0"
"POINT (9.840241842000070 53.564635157000097)","Unfall 149726 (2022) Kat:3, Licht: 0","149726","3","7","0","05","13","1","","0","0","0","0","1"
"POINT (9.964604023000049 53.584847345000099)","Unfall 149727 (2022) Kat:3, Licht: 0","149727","3","7","0","05","18","4","","0","1","0","0","0"
"POINT (10.180587130999999 53.652462983000099)","Unfall 149728 (2022) Kat:3, Licht: 0","149728","3","5","1","05","18","7","","0","0","1","0","0"
"POINT (9.993299132000059 53.430150617999999)","Unfall 149729 (2022) Kat:3, Licht: 0","149729","3","7","0","04","15","1","","0","1","0","0","0"
"POINT (10.091653889000000 53.552690267000102)","Unfall 149730 (2022) Kat:3, Licht: 1","149730","3","1","8","06","06","4","","1","0","1","0","0"
"POINT (9.872141396000069 53.591852723999999)","Unfall 149731 (2022) Kat:3, Licht: 0","149731","3","3","5","05","16","5","","0","0","1","0","0"
"POINT (10.071026192000000 53.500950054000000)","Unfall 149732 (2022) Kat:3, Licht: 0","149732","3","7","8","06","20","1","","0","1","0","0","0"
"POINT (9.898262322000051 53.572499300000104)","Unfall 149733 (2022) Kat:3, Licht: 0","149733","3","5","1","03","09","1","","0","1","1","0","0"
"POINT (10.022373102000101 53.523018233000101)","Unfall 149734 (2022) Kat:3, Licht: 0","149734","3","7","0","06","07","5","","0","0","0","0","1"
"POINT (10.095293715000000 53.592992086000002)","Unfall 149735 (2022) Kat:3, Licht: 0","149735","3","5","5","05","08","3","","0","0","1","0","0"
"POINT (9.981791654000061 53.596331499000001)","Unfall 149736 (2022) Kat:3, Licht: 0","149736","3","2","4","04","06","4","","0","1","1","0","0"
"POINT (9.875913795000031 53.588425769000096)","Unfall 149737 (2022) Kat:3, Licht: 0","149737","3","2","3","06","12","7","","0","1","1","0","0"
"POINT (9.964831896000019 53.560158993000101)","Unfall 149738 (2022) Kat:3, Licht: 0","149738","3","6","2","05","13","5","","0","0","1","0","1"
"POINT (10.101217982000000 53.540918088000097)","Unfall 149739 (2022) Kat:3, Licht: 2","149739","3","5","1","04","22","4","","2","0","1","0","0"
"POINT (10.094789027999999 53.686025191000098)","Unfall 149740 (2022) Kat:3, Licht: 0","149740","3","3","5","04","08","6","","0","1","1","0","0"
"POINT (9.812990752000079 53.563388230000001)","Unfall 149741 (2022) Kat:3, Licht: 1","149741","3","2","4","06","21","1","","1","0","0","0","0"
"POINT (10.101767986000000 53.581723867999997)","Unfall 149742 (2022) Kat:3, Licht: 0","149742","3","3","5","05","06","2","","0","1","0","0","0"
"POINT (10.021901953000100 53.591582878000096)","Unfall 149743 (2022) Kat:3, Licht: 0","149743","3","4","6","06","20","2","","0","1","0","1","0"
"POINT (9.998356450000070 53.477132498000103)","Unfall 149744 (2022) Kat:3, Licht: 0","149744","3","3","5","06","16","2","","0","0","1","0","0"
"POINT (9.910895468000041 53.495644448000100)","Unfall 149745 (2022) Kat:3, Licht: 0","149745","3","6","2","05","17","2","","0","0","1","0","0"
"POINT (9.960338044000030 53.563809802999998)","Unfall 149746 (2022) Kat:3, Licht: 2","149746","3","7","0","03","18","7","","2","0","0","0","0"
"POINT (9.758526530000040 53.585097816000001)","Unfall 149747 (2022) Kat:3, Licht: 0","149747","3","7","0","05","17","6","","0","1","0","0","0"
"POINT (9.988643608000070 53.557345661000099)","Unfall 149748 (2022) Kat:3, Licht: 0","149748","3","4","0","05","10","2","","0","0","0","1","0"
"POINT (10.004326124000000 53.657248447000001)","Unfall 149749 (2022) Kat:3, Licht: 0","149749","3","2","0","06","18","5","","0","0","1","0","0"
"POINT (9.995529855000029 53.548458166000003)","Unfall 149750 (2022) Kat:3, Licht: 0","149750","3","6","3","04","17","3","","0","1","1","0","0"
"POINT (10.006101736000099 53.550051242000102)","Unfall 149751 (2022) Kat:3, Licht: 0","149751","3","2","3","05","11","4","","0","1","1","0","0"
"POINT (10.015691591000101 53.590268289999997)","Unfall 149752 (2022) Kat:3, Licht: 0","149752","3","6","2","04","15","2","","0","0","1","0","0"
"POINT (9.921129436000060 53.567682855999998)","Unfall 149753 (2022) Kat:3, Licht: 0","149753","3","7","4","04","15","5","","0","1","1","0","0"
"POINT (9.955729566000061 53.624859239000003)","Unfall 149754 (2022) Kat:3, Licht: 0","149754","3","7","0","06","12","6","","0","1","0","0","0"
"POINT (10.093562063000000 53.637450856999997)","Unfall 149755 (2022) Kat:3, Licht: 2","149755","3","7","0","05","03","3","","2","1","0","0","0"
"POINT (9.904224571000039 53.592055539000100)","Unfall 149756 (2022) Kat:3, Licht: 0","149756","3","7","4","04","17","5","","0","0","1","0","0"
"POINT (10.033457157999999 53.573580537000097)","Unfall 149757 (2022) Kat:3, Licht: 0","149757","3","2","0","06","14","6","","0","1","0","0","0"
"POINT (10.124990493000000 53.586167396000100)","Unfall 149758 (2022) Kat:3, Licht: 0","149758","3","7","4","04","19","3","","0","0","1","0","0"
"POINT (10.158528270000000 53.602408074000003)","Unfall 149759 (2022) Kat:3, Licht: 0","149759","3","6","3","05","18","5","","0","0","1","0","0"
"POINT (10.035051099000000 53.577355507999997)","Unfall 149760 (2022) Kat:3, Licht: 0","149760","3","6","0","04","14","4","","0","0","1","0","1"
"POINT (10.106143880999999 53.572584966000100)","Unfall 149761 (2022) Kat:3, Licht: 0","149761","3","2","4","04","14","7","","0","0","1","0","0"
"POINT (10.059863322000099 53.572068323000103)","Unfall 149762 (2022) Kat:3, Licht: 0","149762","3","2","3","06","20","2","","0","1","1","0","0"
"POINT (10.174378076000000 53.513021369999997)","Unfall 149763 (2022) Kat:3, Licht: 0","149763","3","5","5","05","10","1","","0","0","1","0","0"
"POINT (9.916633684000031 53.624718487999999)","Unfall 149764 (2022) Kat:3, Licht: 0","149764","3","4","6","06","18","3","","0","0","1","1","0"
"POINT (10.000545492000100 53.678873105000001)","Unfall 149765 (2022) Kat:3, Licht: 1","149765","3","6","2","06","20","4","","1","0","1","0","0"
"POINT (10.076160726000101 53.592040885000102)","Unfall 149766 (2022) Kat:3, Licht: 0","149766","3","3","0","05","17","2","","0","1","0","0","0"
"POINT (10.102721097000000 53.620987685000003)","Unfall 149767 (2022) Kat:3, Licht: 0","149767","3","7","0","06","13","7","","0","0","0","0","0"
"POINT (10.013961208000101 53.596202448000000)","Unfall 149768 (2022) Kat:2, Licht: 0","149768","2","4","6","03","14","7","","0","0","1","1","0"
"POINT (9.982646042000059 53.544221096000101)","Unfall 149769 (2022) Kat:3, Licht: 0","149769","3","3","5","05","19","6","","0","1","1","0","0"
"POINT (9.898117843000019 53.591603153999998)","Unfall 149770 (2022) Kat:3, Licht: 2","149770","3","1","0","06","00","5","","2","0","0","0","0"
"POINT (9.987921477000040 53.566286276000000)","Unfall 149771 (2022) Kat:3, Licht: 0","149771","3","5","1","04","12","3","","0","1","1","0","0"
"POINT (10.033986910000101 53.536446128000101)","Unfall 149772 (2022) Kat:3, Licht: 0","149772","3","5","5","05","17","3","","0","0","1","0","1"
"POINT (9.966675049000060 53.630216394000101)","Unfall 149773 (2022) Kat:3, Licht: 0","149773","3","7","0","04","18","7","","0","1","0","0","0"
"POINT (10.046763648000001 53.596977658000100)","Unfall 149774 (2022) Kat:2, Licht: 1","149774","2","5","1","04","20","5","","1","0","1","0","0"
"POINT (9.982025979000070 53.579129412999997)","Unfall 149775 (2022) Kat:2, Licht: 0","149775","2","1","8","06","13","7","","0","1","0","0","0"
"POINT (9.945986896000020 53.584577421000098)","Unfall 149776 (2022) Kat:2, Licht: 0","149776","2","4","6","05","19","1","","0","0","1","1","0"
"POINT (10.042574274000099 53.538869161000001)","Unfall 149777 (2022) Kat:2, Licht: 0","149777","2","6","3","04","17","1","","0","1","0","0","0"
"POINT (10.205696539000000 53.501635714000003)","Unfall 149778 (2022) Kat:3, Licht: 0","149778","3","4","6","06","10","4","","0","0","0","1","0"
"POINT (10.010605346000000 53.576671056000102)","Unfall 149779 (2022) Kat:3, Licht: 0","149779","3","7","0","06","07","2","","0","1","0","0","0"
"POINT (10.026084361000100 53.568263795000099)","Unfall 149780 (2022) Kat:3, Licht: 0","149780","3","3","5","05","09","2","","0","1","1","0","0"
"POINT (10.023737840000001 53.527264989999999)","Unfall 149781 (2022) Kat:3, Licht: 0","149781","3","6","2","03","08","5","","0","0","1","0","0"
"POINT (10.053641042000001 53.510127453999999)","Unfall 149782 (2022) Kat:3, Licht: 0","149782","3","1","8","05","07","3","","0","0","1","0","0"
"POINT (10.115627868000001 53.430931459000099)","Unfall 149783 (2022) Kat:3, Licht: 0","149783","3","3","5","06","09","6","","0","1","1","0","0"
"POINT (10.116131025000101 53.641282224000101)","Unfall 149784 (2022) Kat:3, Licht: 0","149784","3","5","1","05","08","6","","0","0","1","0","0"
"POINT (9.825724894000070 53.523174787000102)","Unfall 149785 (2022) Kat:3, Licht: 2","149785","3","6","4","03","05","5","","2","0","1","0","0"
"POINT (10.137757178000101 53.534916005000099)","Unfall 149786 (2022) Kat:3, Licht: 0","149786","3","5","1","05","13","2","","0","0","1","0","1"
"POINT (10.063199980000000 53.587727180999998)","Unfall 149787 (2022) Kat:3, Licht: 0","149787","3","2","4","04","15","5","","0","1","1","0","0"
"POINT (9.990990369000031 53.560191887000002)","Unfall 149788 (2022) Kat:3, Licht: 0","149788","3","7","0","04","18","3","","0","0","0","0","1"