WKT,Name,OBJECTID,UKATEGORIE,UTYP1,UART,UMONAT,USTUNDE,UWOCHENTAG,STRZUSTAND,ULICHTVERH,ISTRAD,ISTPKW,ISTFUSS,ISTKRAD
"POINT (9.996945250000071 53.601846631999997)","Unfall 149789 (2022) Kat:3, Licht: 0","149789","3","2","4","06","14","5","","0","1","0","0","0"
"POINT (10.085556655000101 53.627353364000001)","Unfall 149790 (2022) Kat:3, Licht: 0","149790","3","3","5","06","18","4","","0","0","1","0","0"
"POINT (9.939117218000041 53.582205198000104)","Unfall 149791 (2022) Kat:2, Licht: 0","149791","2","5","1","06","18","6","","0","0","1","0","1"
"POINT (10.047487617000099 53.572180773000099)","Unfall 149792 (2022) Kat:2, Licht: 0","149792","2","3","5","05","18","6","","0","0","1","0","0"
"POINT (10.060124258000000 53.548514060999999)","Unfall 149793 (2022) Kat:3, Licht: 0","149793","3","2","3","06","08","2","","0","1","1","0","0"
"POINT (10.074778573000099 53.611925773000102)","Unfall 149794 (2022) Kat:3, Licht: 1","149794","3","7","0","03","19","3","","1","1","0","0","0"
"POINT (10.024312903000100 53.564041691000099)","Unfall 149795 (2022) Kat:3, Licht: 0","149795","3","6","2","06","14","6","","0","0","1","0","0"
"POINT (10.169533868000000 53.658563528999998)","Unfall 149796 (2022) Kat:3, Licht: 0","149796","3","1","8","04","16","7","","0","0","0","0","1"
"POINT (10.013512721000000 53.551609307000000)","Unfall 149797 (2022) Kat:3, Licht: 0","149797","3","3","5","06","13","2","","0","1","1","0","0"
"POINT (9.972481044000061 53.583632162000100)","Unfall 149798 (2022) Kat:3, Licht: 2","149798","3","3","5","04","21","4","","2","0","1","0","1"
"POINT (9.945267319000040 53.599327527000099)","Unfall 149799 (2022) Kat:3, Licht: 0","149799","3","7","0","05","17","7","","0","0","0","0","1"
"POINT (9.954967589000031 53.579006989000000)","Unfall 149800 (2022) Kat:3, Licht: 0","149800","3","5","1","04","13","6","","0","1","1","0","0"
"POINT (10.006047642000100 53.439894739000103)","Unfall 149801 (2022) Kat:2, Licht: 0","149801","2","7","0","05","15","2","","0","1","0","0","0"
"POINT (9.927072351000049 53.560285925000102)","Unfall 149802 (2022) Kat:3, Licht: 1","149802","3","6","3","05","20","4","","1","1","0","0","0"
"POINT (10.002115714000100 53.557103998000102)","Unfall 149803 (2022) Kat:3, Licht: 2","149803","3","1","9","05","03","7","","2","0","1","0","0"
"POINT (10.089884077000001 53.575327217999998)","Unfall 149804 (2022) Kat:3, Licht: 0","149804","3","4","6","04","14","1","","0","0","1","1","0"
"POINT (9.982795481000039 53.568326335000101)","Unfall 149805 (2022) Kat:3, Licht: 0","149805","3","2","4","06","17","4","","0","1","1","0","0"
"POINT (9.995939215000019 53.550628703000001)","Unfall 149806 (2022) Kat:3, Licht: 0","149806","3","3","5","05","19","5","","0","0","1","0","0"
"POINT (9.997842914000049 53.601944029999999)","Unfall 149807 (2022) Kat:3, Licht: 0","149807","3","7","4","06","12","7","","0","0","1","0","1"
"POINT (10.097166302000099 53.544477529000098)","Unfall 149808 (2022) Kat:2, Licht: 2","149808","2","4","6","03","23","7","","2","0","1","1","0"
"POINT (10.019369420000000 53.618136173000003)","Unfall 149809 (2022) Kat:3, Licht: 0","149809","3","3","5","05","15","7","","0","0","1","0","0"
"POINT (9.964975178000030 53.565224677000103)","Unfall 149810 (2022) Kat:2, Licht: 2","149810","2","1","0","06","01","6","","2","0","0","0","0"
"POINT (10.097984501999999 53.640445531000097)","Unfall 149811 (2022) Kat:3, Licht: 0","149811","3","5","1","05","11","2","","0","0","1","0","0"
"POINT (10.042526084000000 53.597690462999999)","Unfall 149812 (2022) Kat:3, Licht: 0","149812","3","2","3","04","15","5","","0","0","1","0","0"
"POINT (9.878718065000040 53.477810555000097)","Unfall 149813 (2022) Kat:3, Licht: 0","149813","3","4","6","06","17","5","","0","0","1","1","0"
"POINT (10.025729054000101 53.559468451999997)","Unfall 149814 (2022) Kat:3, Licht: 0","149814","3","6","2","04","09","2","","0","0","1","0","0"
"POINT (10.035103661999999 53.603869315000097)","Unfall 149815 (2022) Kat:3, Licht: 0","149815","3","3","5","05","18","5","","0","1","1","0","0"
"POINT (10.045830011000000 53.564020763000002)","Unfall 149816 (2022) Kat:3, Licht: 2","149816","3","7","0","04","05","7","","2","0","0","0","0"
"POINT (9.993390520000050 53.516154929000002)","Unfall 149817 (2022) Kat:3, Licht: 0","149817","3","4","6","04","08","6","","0","0","0","1","0"
"POINT (10.119494499000000 53.646129219999999)","Unfall 149818 (2022) Kat:3, Licht: 0","149818","3","7","0","06","12","1","","0","0","0","0","0"
"POINT (10.004405938000000 53.546842325999997)","Unfall 149819 (2022) Kat:3, Licht: 0","149819","3","1","0","05","17","3","","0","1","0","0","0"
"POINT (10.126380915000000 53.670533103000103)","Unfall 149820 (2022) Kat:3, Licht: 0","149820","3","6","3","06","16","2","","0","1","1","0","0"
"POINT (9.853823294000049 53.583946730999997)","Unfall 149821 (2022) Kat:3, Licht: 0","149821","3","2","5","06","16","3","","0","1","1","0","0"
"POINT (10.031191809000100 53.650031356000099)","Unfall 149822 (2022) Kat:3, Licht: 0","149822","3","3","5","05","15","1","","0","1","0","0","0"
"POINT (10.087608358000100 53.579919863999997)","Unfall 149823 (2022) Kat:2, Licht: 0","149823","2","7","6","03","13","6","","0","0","0","1","0"
"POINT (9.827715949000041 53.567095231000103)","Unfall 149824 (2022) Kat:3, Licht: 0","149824","3","6","2","05","11","4","","0","0","1","0","0"
"POINT (10.093305273000100 53.550173762999997)","Unfall 149825 (2022) Kat:3, Licht: 0","149825","3","4","0","05","17","6","","0","0","0","1","0"
"POINT (9.955641270000060 53.561599741000101)","Unfall 149826 (2022) Kat:3, Licht: 0","149826","3","7","0","04","11","6","","0","1","0","0","0"
"POINT (10.038639319000000 53.591335195000099)","Unfall 149827 (2022) Kat:3, Licht: 0","149827","3","2","3","05","07","4","","0","1","1","0","0"
"POINT (10.148486576000000 53.622247600999998)","Unfall 149828 (2022) Kat:3, Licht: 0","149828","3","4","6","04","12","6","","0","0","1","1","0"
"POINT (9.874479353000030 53.479789795000002)","Unfall 149829 (2022) Kat:3, Licht: 0","149829","3","3","5","04","07","4","","0","1","1","0","0"
"POINT (10.003842952000101 53.437599810000101)","Unfall 149830 (2022) Kat:2, Licht: 0","149830","2","1","8","06","20","6","","0","0","0","0","1"
"POINT (10.045591055999999 53.601855243999999)","Unfall 149831 (2022) Kat:3, Licht: 0","149831","3","1","0","05","13","6","","0","1","0","0","0"
"POINT (10.181855408000001 53.483676625999998)","Unfall 149832 (2022) Kat:2, Licht: 0","149832","2","6","3","05","17","5","","0","0","1","0","0"
"POINT (10.005010319000100 53.556603601000099)","Unfall 149833 (2022) Kat:3, Licht: 0","149833","3","3","5","06","16","4","","0","1","0","0","0"
"POINT (10.068486634000100 53.574931581000001)","Unfall 149834 (2022) Kat:3, Licht: 0","149834","3","7","1","06","13","7","","0","1","1","0","0"
"POINT (10.100529598000000 53.549502271000101)","Unfall 149835 (2022) Kat:2, Licht: 0","149835","2","1","0","05","09","7","","0","1","0","0","0"
"POINT (9.984233518000050 53.556527932000101)","Unfall 149836 (2022) Kat:3, Licht: 0","149836","3","7","6","04","17","1","","0","0","1","1","0"
"POINT (9.951926614000060 53.598711381999998)","Unfall 149837 (2022) Kat:3, Licht: 0","149837","3","6","8","05","12","3","","0","0","1","0","0"
"POINT (10.059270939999999 53.610503924000099)","Unfall 149838 (2022) Kat:3, Licht: 2","149838","3","7","0","05","22","3","","2","0","1","0","0"
"POINT (9.945683353000049 53.579391735999998)","Unfall 149839 (2022) Kat:3, Licht: 0","149839","3","6","3","05","12","2","","0","1","0","0","0"
"POINT (10.015996488000001 53.589930735000102)","Unfall 149840 (2022) Kat:3, Licht: 0","149840","3","7","0","04","12","3","","0","1","0","0","0"
"POINT (10.143768706000101 53.582990576999997)","Unfall 149841 (2022) Kat:3, Licht: 0","149841","3","3","5","06","18","3","","0","1","0","0","0"
"POINT (9.878515904000039 53.586193437000098)","Unfall 149842 (2022) Kat:3, Licht: 0","149842","3","6","1","06","10","6","","0","0","0","0","1"
"POINT (10.000451742999999 53.569858489000097)","Unfall 149843 (2022) Kat:2, Licht: 0","149843","2","6","3","05","19","4","","0","1","0","0","0"
"POINT (9.960167383000050 53.563763203000100)","Unfall 149844 (2022) Kat:3, Licht: 0","149844","3","2","4","06","14","3","","0","0","1","0","1"
"POINT (10.072647052000001 53.608732519000100)","Unfall 149845 (2022) Kat:3, Licht: 0","149845","3","2","4","03","15","5","","0","0","1","0","0"
"POINT (9.922504303000039 53.588602016999999)","Unfall 149846 (2022) Kat:3, Licht: 0","149846","3","6","3","06","08","4","","0","1","1","0","0"
"POINT (9.952276286000030 53.554853802000103)","Unfall 149847 (2022) Kat:3, Licht: 0","149847","3","7","0","06","19","7","","0","0","0","0","0"
"POINT (10.000319951000099 53.438751303000103)","Unfall 149848 (2022) Kat:3, Licht: 0","149848","3","1","0","05","19","6","","0","1","0","0","0"
"POINT (10.011557203000100 53.623536195000000)","Unfall 149849 (2022) Kat:3, Licht: 0","149849","3","3","5","05","15","6","","0","0","1","0","1"
"POINT (10.035891121000100 53.574816853000101)","Unfall 149850 (2022) Kat:2, Licht: 0","149850","2","4","6","06","15","4","","0","0","1","1","0"
"POINT (10.014986997999999 53.632980424000003)","Unfall 149851 (2022) Kat:3, Licht: 0","149851","3","5","1","06","16","7","","0","0","1","0","0"
"POINT (9.951836186000040 53.598886339000003)","Unfall 149852 (2022) Kat:2, Licht: 0","149852","2","3","5","05","13","1","","0","1","1","0","0"
"POINT (10.023028032000100 53.568856695000100)","Unfall 149853 (2022) Kat:3, Licht: 2","149853","3","6","0","04","22","1","","2","1","1","0","0"
"POINT (10.089536302999999 53.634312462000103)","Unfall 149854 (2022) Kat:3, Licht: 0","149854","3","3","0","05","07","3","","0","1","1","0","0"
"POINT (9.989361125000070 53.564183045000000)","Unfall 149855 (2022) Kat:3, Licht: 0","149855","3","6","2","05","14","6","","0","0","1","0","0"
"POINT (10.057222925000101 53.608635264999997)","Unfall 149856 (2022) Kat:3, Licht: 0","149856","3","3","5","05","15","2","","0","0","1","0","0"
"POINT (9.984853912000061 53.595266127000102)","Unfall 149857 (2022) Kat:3, Licht: 0","149857","3","3","5","04","17","5","","0","1","1","0","0"
"POINT (9.901939121000050 53.606519257000102)","Unfall 149858 (2022) Kat:3, Licht: 0","149858","3","2","3","04","16","3","","0","1","1","0","0"
"POINT (9.908384928000030 53.566704280000103)","Unfall 149859 (2022) Kat:3, Licht: 0","149859","3","3","5","06","08","5","","0","1","1","0","0"
"POINT (10.053668783000001 53.605380572000101)","Unfall 149860 (2022) Kat:3, Licht: 0","149860","3","2","4","06","18","4","","0","1","1","0","0"
"POINT (10.000499755000000 53.679040907000100)","Unfall 149861 (2022) Kat:3, Licht: 0","149861","3","1","0","06","11","6","","0","1","0","0","0"
"POINT (10.099176772000000 53.643512055000002)","Unfall 149862 (2022) Kat:3, Licht: 0","149862","3","2","4","05","08","4","","0","1","1","0","0"
"POINT (10.041737446000100 53.534441385000001)","Unfall 149863 (2022) Kat:3, Licht: 0","149863","3","3","6","06","15","1","","0","1","0","1","0"
"POINT (9.929372217000040 53.549507454000000)","Unfall 149864 (2022) Kat:3, Licht: 0","149864","3","3","5","03","19","3","","0","1","0","0","1"
"POINT (10.122622230999999 53.592187713999998)","Unfall 149865 (2022) Kat:3, Licht: 0","149865","3","6","2","06","08","4","","0","0","1","0","0"
"POINT (10.135134276000000 53.594517017999998)","Unfall 149866 (2022) Kat:2, Licht: 0","149866","2","2","4","04","12","5","","0","0","1","0","0"
"POINT (9.994984044000031 53.507872297000098)","Unfall 149867 (2022) Kat:3, Licht: 0","149867","3","1","0","06","11","6","","0","0","0","0","0"
"POINT (10.148738887000000 53.606174289000101)","Unfall 149868 (2022) Kat:2, Licht: 0","149868","2","3","5","04","11","3","","0","0","1","0","0"
"POINT (9.938268304000079 53.583889857000003)","Unfall 149869 (2022) Kat:3, Licht: 0","149869","3","6","3","05","08","6","","0","1","1","0","0"
"POINT (9.965795205000060 53.565294377999997)","Unfall 149870 (2022) Kat:3, Licht: 0","149870","3","6","2","04","08","4","","0","0","1","0","0"
"POINT (9.989182169000060 53.581455802000100)","Unfall 149871 (2022) Kat:2, Licht: 2","149871","2","3","5","05","21","3","","2","1","1","0","0"
"POINT (10.064021350000100 53.594683046000100)","Unfall 149872 (2022) Kat:3, Licht: 2","149872","3","5","1","06","23","3","","2","0","1","0","0"
"POINT (9.957243902000069 53.549757890000102)","Unfall 149873 (2022) Kat:3, Licht: 0","149873","3","6","3","05","07","4","","0","1","1","0","0"
"POINT (9.853496341000040 53.470770366000103)","Unfall 149874 (2022) Kat:3, Licht: 0","149874","3","7","0","05","15","7","","0","1","0","0","0"
"POINT (9.946884418000019 53.593820363000098)","Unfall 149875 (2022) Kat:3, Licht: 0","149875","3","6","0","04","16","2","","0","0","1","0","1"
"POINT (9.951615871000060 53.559556697000097)","Unfall 149876 (2022) Kat:3, Licht: 0","149876","3","7","0","06","12","4","","0","0","0","0","1"
"POINT (10.233907439000101 53.483191969000103)","Unfall 149877 (2022) Kat:3, Licht: 0","149877","3","3","5","05","07","3","","0","0","1","0","0"
"POINT (9.988110076000050 53.556651508000101)","Unfall 149878 (2022) Kat:3, Licht: 0","149878","3","7","3","06","11","2","","0","0","1","0","0"
"POINT (9.938723668000019 53.592824362000002)","Unfall 149879 (2022) Kat:3, Licht: 0","149879","3","6","2","03","13","2","","0","0","1","0","0"
"POINT (9.909060595000030 53.513569895000003)","Unfall 149880 (2022) Kat:2, Licht: 0","149880","2","6","3","05","13","5","","0","0","1","0","0"
"POINT (9.878205327000050 53.533312830000099)","Unfall 149881 (2022) Kat:3, Licht: 0","149881","3","3","5","06","12","6","","0","1","1","0","0"
"POINT (10.127816911000000 53.532381245000103)","Unfall 149882 (2022) Kat:3, Licht: 0","149882","3","6","2","05","08","2","","0","0","1","0","0"
"POINT (10.044756207000001 53.570563637000099)","Unfall 149883 (2022) Kat:3, Licht: 1","149883","3","3","5","04","19","4","","1","0","1","0","0"
"POINT (9.984212033000061 53.555672054000098)","Unfall 149884 (2022) Kat:3, Licht: 0","149884","3","2","4","06","12","5","","0","1","1","0","0"
"POINT (10.027115077000101 53.547401040000103)","Unfall 149885 (2022) Kat:3, Licht: 0","149885","3","5","5","05","11","4","","0","0","1","0","0"
"POINT (10.098965817000000 53.579444274000103)","Unfall 149886 (2022) Kat:3, Licht: 0","149886","3","6","2","04","14","2","","0","0","1","0","0"
"POINT (10.107416320000000 53.547532070000003)","Unfall 149887 (2022) Kat:2, Licht: 0","149887","2","4","6","04","13","6","","0","0","1","1","0"
"POINT (10.085549477000001 53.492892724000100)","Unfall 149888 (2022) Kat:2, Licht: 0","149888","2","1","0","06","09","1","","0","0","0","0","0"
"POINT (10.087785532000099 53.489137773000003)","Unfall 149889 (2022) Kat:3, Licht: 0","149889","3","6","2","05","16","1","","0","1","1","0","0"
"POINT (9.945575683000071 53.562772227000004)","Unfall 149890 (2022) Kat:3, Licht: 0","149890","3","7","0","06","08","3","","0","0","0","0","0"
"POINT (10.120614646000000 53.607480393000102)","Unfall 149891 (2022) Kat:3, Licht: 0","149891","3","5","5","06","11","2","","0","1","1","0","0"
"POINT (10.123748278000100 53.671181947999997)","Unfall 149892 (2022) Kat:3, Licht: 0","149892","3","6","2","05","19","1","","0","0","1","0","1"
"POINT (9.978232575000050 53.554594233000003)","Unfall 149893 (2022) Kat:3, Licht: 2","149893","3","6","2","03","19","7","","2","0","1","0","1"
"POINT (9.988900908000060 53.577185997000100)","Unfall 149894 (2022) Kat:3, Licht: 0","149894","3","6","2","05","12","4","","0","0","1","0","0"
"POINT (9.987329114000030 53.504257441000000)","Unfall 149895 (2022) Kat:3, Licht: 0","149895","3","5","5","05","15","5","","0","0","1","0","0"
"POINT (9.955207985000071 53.519332813000098)","Unfall 149896 (2022) Kat:3, Licht: 0","149896","3","6","2","04","16","6","","0","0","0","0","0"
"POINT (10.029451144000101 53.600143670000101)","Unfall 149897 (2022) Kat:3, Licht: 0","149897","3","7","9","05","13","3","","0","0","1","0","0"
"POINT (10.185702950000101 53.489236482000102)","Unfall 149898 (2022) Kat:3, Licht: 0","149898","3","6","3","04","11","4","","0","0","1","0","0"
"POINT (10.051742935000000 53.593321687000099)","Unfall 149899 (2022) Kat:3, Licht: 0","149899","3","3","5","04","16","4","","0","1","1","0","0"
"POINT (9.993517270000041 53.557668876000001)","Unfall 149900 (2022) Kat:3, Licht: 2","149900","3","3","5","06","22","5","","2","0","1","0","0"
"POINT (10.159809696000000 53.613634904000001)","Unfall 149901 (2022) Kat:3, Licht: 0","149901","3","2","3","06","13","3","","0","1","0","0","0"
"POINT (10.010914673000100 53.501210979000099)","Unfall 149902 (2022) Kat:3, Licht: 0","149902","3","5","1","06","08","6","","0","1","1","0","0"
"POINT (10.130907390000100 53.578916583000101)","Unfall 149903 (2022) Kat:2, Licht: 0","149903","2","4","6","05","07","5","","0","0","1","1","0"
"POINT (10.209183698000100 53.496764148000103)","Unfall 149904 (2022) Kat:3, Licht: 1","149904","3","6","0","06","06","3","","1","0","1","0","0"
"POINT (9.955922311000050 53.575262981000002)","Unfall 149905 (2022) Kat:3, Licht: 0","149905","3","5","1","04","12","6","","0","1","1","0","0"
"POINT (9.951832710000080 53.576079204999999)","Unfall 149906 (2022) Kat:3, Licht: 0","149906","3","2","2","06","12","2","","0","1","0","0","1"
"POINT (10.085215830999999 53.602866751000100)","Unfall 149907 (2022) Kat:3, Licht: 0","149907","3","7","0","05","12","7","","0","1","0","0","0"
"POINT (9.985163289000070 53.453560990000000)","Unfall 149908 (2022) Kat:3, Licht: 0","149908","3","7","0","04","13","6","","0","1","0","0","0"
"POINT (10.026355796000100 53.574040005000001)","Unfall 149909 (2022) Kat:3, Licht: 0","149909","3","5","1","05","11","2","","0","1","1","0","0"
"POINT (10.014104168000101 53.588336386999998)","Unfall 149910 (2022) Kat:3, Licht: 0","149910","3","7","1","05","12","5","","0","1","1","0","0"
"POINT (9.898403468000030 53.477095582000103)","Unfall 149911 (2022) Kat:3, Licht: 0","149911","3","7","0","05","10","6","","0","1","0","0","0"
"POINT (9.997244206000060 53.545498487000003)","Unfall 149912 (2022) Kat:3, Licht: 2","149912","3","7","0","04","03","1","","2","1","0","0","0"
"POINT (10.064465595000099 53.586489090999997)","Unfall 149913 (2022) Kat:3, Licht: 0","149913","3","3","5","06","14","5","","0","1","1","0","0"
"POINT (10.218283711000000 53.485172454000100)","Unfall 149914 (2022) Kat:3, Licht: 0","149914","3","6","2","05","13","4","","0","0","1","0","0"
"POINT (10.085746045000100 53.627294758000097)","Unfall 149915 (2022) Kat:3, Licht: 0","149915","3","2","5","06","14","2","","0","1","1","0","0"
"POINT (9.879612248000059 53.583731262000100)","Unfall 149916 (2022) Kat:3, Licht: 0","149916","3","3","5","03","12","4","","0","0","1","0","0"
"POINT (10.033344404999999 53.621069550000101)","Unfall 149917 (2022) Kat:3, Licht: 0","149917","3","6","2","06","15","5","","0","0","1","0","0"
"POINT (10.081375717000100 53.618783383000000)","Unfall 149918 (2022) Kat:3, Licht: 0","149918","3","5","5","05","06","3","","0","1","1","0","0"
"POINT (10.152248326000100 53.616006685000102)","Unfall 149919 (2022) Kat:3, Licht: 0","149919","3","3","5","04","10","4","","0","0","1","0","0"
"POINT (9.959587601000070 53.612339464999998)","Unfall 149920 (2022) Kat:3, Licht: 0","149920","3","6","2","06","13","7","","0","0","1","0","0"
"POINT (9.972901139000040 53.612708159000100)","Unfall 149921 (2022) Kat:3, Licht: 0","149921","3","6","2","04","07","4","","0","0","1","0","0"
"POINT (9.948878993000051 53.566182221000098)","Unfall 149922 (2022) Kat:3, Licht: 0","149922","3","4","6","05","18","6","","0","0","1","1","0"
"POINT (10.058158727000000 53.560742532000098)","Unfall 149923 (2022) Kat:3, Licht: 0","149923","3","2","3","04","16","3","","0","1","1","0","0"
"POINT (10.215007685000000 53.428294053000101)","Unfall 149924 (2022) Kat:1, Licht: 0","149924","1","1","8","04","15","7","","0","0","1","0","0"
"POINT (10.153730421000001 53.587358064000099)","Unfall 149925 (2022) Kat:3, Licht: 0","149925","3","2","3","06","20","2","","0","1","1","0","0"
"POINT (10.124804847000100 53.530765239000097)","Unfall 149926 (2022) Kat:3, Licht: 0","149926","3","1","0","05","17","1","","0","1","0","0","0"
"POINT (9.944297106000020 53.572975387000000)","Unfall 149927 (2022) Kat:3, Licht: 0","149927","3","3","5","06","07","2","","0","1","1","0","0"
"POINT (10.149158996000001 53.558208122000103)","Unfall 149928 (2022) Kat:3, Licht: 0","149928","3","5","5","06","19","3","","0","0","1","0","1"
"POINT (10.050766897000100 53.602469796000001)","Unfall 149929 (2022) Kat:3, Licht: 0","149929","3","4","6","05","17","3","","0","0","0","1","0"
"POINT (10.093187358000000 53.655641483000103)","Unfall 149930 (2022) Kat:3, Licht: 0","149930","3","6","3","06","12","1","","0","0","1","0","0"
"POINT (9.950084157000051 53.549211202999999)","Unfall 149931 (2022) Kat:3, Licht: 2","149931","3","1","0","03","01","1","","2","0","0","0","0"
"POINT (10.013667722999999 53.599720259999998)","Unfall 149932 (2022) Kat:2, Licht: 0","149932","2","4","6","05","18","5","","0","0","1","1","0"
"POINT (10.017768800000100 53.552885483000097)","Unfall 149933 (2022) Kat:3, Licht: 1","149933","3","3","5","05","21","3","","1","1","1","0","0"
"POINT (10.011928616000001 53.552554741999998)","Unfall 149934 (2022) Kat:3, Licht: 0","149934","3","7","6","04","16","4","","0","0","1","1","0"
"POINT (9.995560386000021 53.588526165000097)","Unfall 149935 (2022) Kat:3, Licht: 0","149935","3","1","0","06","12","6","","0","1","0","0","0"
"POINT (9.939131280000030 53.582203215000000)","Unfall 149936 (2022) Kat:3, Licht: 0","149936","3","6","2","05","18","3","","0","1","1","0","0"
"POINT (10.016560494000000 53.555349019000097)","Unfall 149937 (2022) Kat:3, Licht: 2","149937","3","2","3","04","22","3","","2","1","1","0","0"
"POINT (10.115907880000099 53.583475487999998)","Unfall 149938 (2022) Kat:3, Licht: 0","149938","3","3","5","04","12","5","","0","1","0","0","0"
"POINT (9.985501469000040 53.456777209000101)","Unfall 149939 (2022) Kat:3, Licht: 2","149939","3","2","4","06","00","6","","2","0","1","0","1"
"POINT (9.985038530000050 53.542671878000100)","Unfall 149940 (2022) Kat:3, Licht: 2","149940","3","2","4","05","03","1","","2","0","1","0","0"
"POINT (9.893266104000080 53.614860919000101)","Unfall 149941 (2022) Kat:3, Licht: 0","149941","3","3","5","04","15","3","","0","0","1","0","0"
"POINT (9.933479419000040 53.546489920000099)","Unfall 149942 (2022) Kat:3, Licht: 0","149942","3","3","5","04","14","5","","0","1","1","0","0"
"POINT (9.934421278000061 53.546386582000103)","Unfall 149943 (2022) Kat:3, Licht: 2","149943","3","4","6","06","00","7","","2","0","1","1","0"
"POINT (10.091372912000100 53.544076611000001)","Unfall 149944 (2022) Kat:3, Licht: 2","149944","3","1","1","05","01","4","","2","0","1","0","0"
"POINT (9.934137214000030 53.555621485000103)","Unfall 149945 (2022) Kat:3, Licht: 0","149945","3","3","5","04","16","5","","0","1","1","0","0"
"POINT (9.988120859000050 53.570320835000103)","Unfall 149946 (2022) Kat:3, Licht: 0","149946","3","5","1","05","14","1","","0","1","1","0","0"
"POINT (9.959575576000081 53.556755066000100)","Unfall 149947 (2022) Kat:3, Licht: 0","149947","3","6","0","06","08","3","","0","1","0","0","0"
"POINT (10.111460875000001 53.657664513999997)","Unfall 149948 (2022) Kat:3, Licht: 0","149948","3","5","6","05","19","2","","0","0","1","1","0"
"POINT (10.009455891000099 53.492444796000001)","Unfall 149949 (2022) Kat:3, Licht: 0","149949","3","6","2","05","09","6","","0","1","1","0","0"
"POINT (10.101570508000099 53.550761045000101)","Unfall 149950 (2022) Kat:3, Licht: 0","149950","3","6","4","04","07","1","","0","0","1","0","0"
"POINT (10.137544780000001 53.501018929000097)","Unfall 149951 (2022) Kat:3, Licht: 0","149951","3","7","0","06","07","4","","0","1","0","0","0"
"POINT (10.145915736000100 53.624275300000100)","Unfall 149952 (2022) Kat:3, Licht: 0","149952","3","3","5","05","13","2","","0","1","1","0","0"
"POINT (10.055886299000100 53.595230924000099)","Unfall 149953 (2022) Kat:3, Licht: 0","149953","3","2","3","06","14","7","","0","1","0","0","0"
"POINT (9.992812059000070 53.602139616000002)","Unfall 149954 (2022) Kat:3, Licht: 0","149954","3","6","3","03","17","1","","0","1","0","0","0"
"POINT (9.950291968000039 53.564497053000103)","Unfall 149955 (2022) Kat:2, Licht: 0","149955","2","5","1","05","10","6","","0","0","1","0","0"
"POINT (10.049865879000000 53.594223569000100)","Unfall 149956 (2022) Kat:3, Licht: 0","149956","3","7","5","04","13","3","","0","1","1","0","0"
"POINT (10.024298603000000 53.574960937000100)","Unfall 149957 (2022) Kat:3, Licht: 0","149957","3","1","0","06","08","5","","0","1","0","0","0"
"POINT (10.061313317000000 53.648981342000098)","Unfall 149958 (2022) Kat:3, Licht: 0","149958","3","6","2","05","14","3","","0","0","1","0","0"
"POINT (9.957439738000060 53.547014937000000)","Unfall 149959 (2022) Kat:3, Licht: 0","149959","3","7","0","04","14","1","","0","1","1","0","0"
"POINT (9.994186946000070 53.544618467000099)","Unfall 149960 (2022) Kat:3, Licht: 0","149960","3","5","1","04","08","6","","0","1","1","0","0"
"POINT (10.120258112000000 53.534866818000097)","Unfall 149961 (2022) Kat:2, Licht: 2","149961","2","7","0","06","23","7","","2","0","0","0","0"
"POINT (9.845014686000070 53.470457463000102)","Unfall 149962 (2022) Kat:3, Licht: 0","149962","3","2","3","05","11","6","","0","1","1","0","0"
"POINT (9.957520866000040 53.456338975999998)","Unfall 149963 (2022) Kat:3, Licht: 0","149963","3","6","2","04","17","1","","0","0","1","0","0"
"POINT (9.977689268000059 53.459002108000000)","Unfall 149964 (2022) Kat:3, Licht: 0","149964","3","6","2","06","11","2","","0","0","1","0","0"
"POINT (10.076611668000099 53.606417084999997)","Unfall 149965 (2022) Kat:3, Licht: 0","149965","3","3","5","06","15","2","","0","1","1","0","0"
"POINT (9.938200476000080 53.455146081000102)","Unfall 149966 (2022) Kat:3, Licht: 0","149966","3","7","1","05","16","7","","0","1","1","0","0"
"POINT (10.102715372000000 53.570132567000002)","Unfall 149967 (2022) Kat:3, Licht: 0","149967","3","3","5","03","14","6","","0","1","0","0","0"
"POINT (10.102038663000000 53.580744631000101)","Unfall 149968 (2022) Kat:3, Licht: 0","149968","3","2","2","05","13","3","","0","0","1","0","1"
"POINT (10.061926745000100 53.583395514000102)","Unfall 149969 (2022) Kat:3, Licht: 0","149969","3","3","5","05","19","7","","0","1","1","0","0"
"POINT (9.962429644000050 53.561432783000001)","Unfall 149970 (2022) Kat:3, Licht: 0","149970","3","3","6","04","19","6","","0","0","1","1","0"
"POINT (9.874051163000050 53.474349424000103)","Unfall 149971 (2022) Kat:3, Licht: 0","149971","3","2","5","05","13","2","","0","0","1","0","1"
"POINT (10.081480198000101 53.660520024000000)","Unfall 149972 (2022) Kat:3, Licht: 0","149972","3","1","1","04","15","5","","0","0","1","0","0"
"POINT (9.894023111000021 53.573166985999997)","Unfall 149973 (2022) Kat:3, Licht: 0","149973","3","3","5","04","09","4","","0","1","1","0","0"
"POINT (10.119857948000099 53.606461105000101)","Unfall 149974 (2022) Kat:3, Licht: 0","149974","3","6","3","06","17","5","","0","1","1","0","0"