WKT,Name,OBJECTID,UKATEGORIE,UTYP1,UART,UMONAT,USTUNDE,UWOCHENTAG,STRZUSTAND,ULICHTVERH,ISTRAD,ISTPKW,ISTFUSS,ISTKRAD
"POINT (9.892470729000021 53.477706983000097)","Unfall 149975 (2022) Kat:3, Licht: 0","149975","3","7","1","06","15","4","","0","1","1","0","0"
"POINT (9.872691664000060 53.480741600000002)","Unfall 149976 (2022) Kat:3, Licht: 0","149976","3","3","5","06","11","6","","0","1","1","0","0"
"POINT (10.067086486000100 53.462701213999999)","Unfall 149977 (2022) Kat:3, Licht: 2","149977","3","7","0","05","21","5","","2","1","0","0","0"
"POINT (9.970136762000040 53.586709615000103)","Unfall 149978 (2022) Kat:3, Licht: 0","149978","3","2","4","06","16","4","","0","1","1","0","0"
"POINT (10.010345984000001 53.458663975000000)","Unfall 149979 (2022) Kat:3, Licht: 0","149979","3","6","2","04","17","6","","0","0","1","0","0"
"POINT (10.031567369000101 53.597310430999997)","Unfall 149980 (2022) Kat:3, Licht: 0","149980","3","6","2","06","17","7","","0","0","1","0","0"
"POINT (10.026683063000100 53.671572036000001)","Unfall 149981 (2022) Kat:2, Licht: 0","149981","2","4","6","05","15","6","","0","0","1","1","0"
"POINT (10.231105357000001 53.475390006000097)","Unfall 149982 (2022) Kat:3, Licht: 0","149982","3","6","6","04","10","7","","0","1","0","1","0"
"POINT (9.985692941000019 53.563581697000103)","Unfall 149983 (2022) Kat:3, Licht: 0","149983","3","6","3","05","17","3","","0","0","1","0","0"
"POINT (9.921667599000051 53.631867710000101)","Unfall 149984 (2022) Kat:3, Licht: 0","149984","3","2","6","05","15","4","","0","0","1","1","0"
"POINT (9.957150543000070 53.567152116000003)","Unfall 149985 (2022) Kat:3, Licht: 0","149985","3","2","3","05","14","1","","0","0","1","0","1"
"POINT (9.949354140000031 53.623891603000096)","Unfall 149986 (2022) Kat:3, Licht: 0","149986","3","7","6","04","11","2","","0","0","1","1","0"
"POINT (9.942721134000070 53.555620865000002)","Unfall 149987 (2022) Kat:3, Licht: 0","149987","3","4","6","06","18","6","","0","0","1","1","0"
"POINT (9.993500698000050 53.562324162000003)","Unfall 149988 (2022) Kat:3, Licht: 0","149988","3","2","4","05","15","4","","0","1","1","0","0"
"POINT (9.922207646000061 53.596621890000101)","Unfall 149989 (2022) Kat:3, Licht: 0","149989","3","3","6","06","07","2","","0","1","0","1","0"
"POINT (10.009033534000000 53.555475059000102)","Unfall 149990 (2022) Kat:3, Licht: 0","149990","3","5","1","03","15","5","","0","0","1","0","0"
"POINT (10.016932353000101 53.565939745000001)","Unfall 149991 (2022) Kat:3, Licht: 0","149991","3","7","0","06","17","5","","0","1","0","0","0"
"POINT (10.076259746000099 53.566920528000097)","Unfall 149992 (2022) Kat:2, Licht: 0","149992","2","7","8","06","10","4","","0","0","0","0","0"
"POINT (10.026230166000101 53.585189258000099)","Unfall 149993 (2022) Kat:3, Licht: 0","149993","3","5","1","04","19","5","","0","0","1","0","1"
"POINT (10.065248482000101 53.578868215999996)","Unfall 149994 (2022) Kat:2, Licht: 0","149994","2","2","4","06","18","6","","0","0","1","0","1"
"POINT (10.124806832000001 53.586292948000100)","Unfall 149995 (2022) Kat:3, Licht: 0","149995","3","2","3","04","10","3","","0","1","1","0","0"
"POINT (10.085555931000000 53.627350353000097)","Unfall 149996 (2022) Kat:2, Licht: 0","149996","2","2","3","05","13","5","","0","1","1","0","0"
"POINT (9.947640163000070 53.565148592000099)","Unfall 149997 (2022) Kat:3, Licht: 0","149997","3","3","5","04","09","5","","0","1","1","0","0"
"POINT (9.955786006000039 53.640883019999997)","Unfall 149998 (2022) Kat:3, Licht: 0","149998","3","6","4","04","13","6","","0","1","0","0","0"
"POINT (10.017350812000100 53.612923701000099)","Unfall 149999 (2022) Kat:3, Licht: 0","149999","3","1","0","06","19","3","","0","1","0","0","0"
"POINT (9.869104378000030 53.533887110000101)","Unfall 150000 (2022) Kat:3, Licht: 0","150000","3","2","0","05","11","2","","0","1","0","0","0"
"POINT (9.918106885000039 53.579810873000000)","Unfall 150001 (2022) Kat:3, Licht: 0","150001","3","2","0","06","08","3","","0","0","1","0","0"
"POINT (10.131509522000000 53.533266406000102)","Unfall 150002 (2022) Kat:3, Licht: 0","150002","3","1","6","06","19","4","","0","0","0","1","1"
"POINT (10.154850928000000 53.616172182000099)","Unfall 150003 (2022) Kat:3, Licht: 0","150003","3","5","6","05","15","2","","0","0","1","1","0"
"POINT (10.051353294000000 53.613645909000098)","Unfall 150004 (2022) Kat:3, Licht: 0","150004","3","7","0","06","17","1","","0","1","0","0","0"
"POINT (9.960582777000070 53.634482775000002)","Unfall 150005 (2022) Kat:3, Licht: 0","150005","3","5","0","03","14","7","","0","1","1","0","0"
"POINT (9.993925444000070 53.545262487999999)","Unfall 150006 (2022) Kat:3, Licht: 0","150006","3","4","6","05","19","5","","0","1","0","1","0"
"POINT (10.053138058000100 53.557264687000000)","Unfall 150007 (2022) Kat:2, Licht: 0","150007","2","3","5","06","14","5","","0","1","1","0","0"
"POINT (10.070158072000000 53.573438721999999)","Unfall 150008 (2022) Kat:3, Licht: 0","150008","3","6","2","05","11","3","","0","0","1","0","0"
"POINT (10.004877837000000 53.551234972000003)","Unfall 150009 (2022) Kat:3, Licht: 0","150009","3","5","1","04","12","2","","0","0","1","0","1"
"POINT (10.024160671000100 53.628425591000102)","Unfall 150010 (2022) Kat:3, Licht: 0","150010","3","6","3","04","16","4","","0","1","1","0","0"
"POINT (10.042400023000001 53.555456264999997)","Unfall 150011 (2022) Kat:3, Licht: 0","150011","3","3","5","06","18","6","","0","0","1","0","0"
"POINT (10.024838121000100 53.563008058000001)","Unfall 150012 (2022) Kat:3, Licht: 0","150012","3","7","0","05","17","1","","0","0","0","0","1"
"POINT (10.008424858000099 53.553515775000101)","Unfall 150013 (2022) Kat:3, Licht: 0","150013","3","3","5","04","15","3","","0","0","1","0","0"
"POINT (10.134534057000099 53.628684139000001)","Unfall 150014 (2022) Kat:3, Licht: 0","150014","3","7","0","06","13","4","","0","0","0","0","0"
"POINT (10.001958037000101 53.590215925000102)","Unfall 150015 (2022) Kat:3, Licht: 0","150015","3","6","6","06","10","3","","0","0","1","1","0"
"POINT (9.938077690000060 53.592711156000099)","Unfall 150016 (2022) Kat:3, Licht: 0","150016","3","6","0","05","19","1","","0","0","0","0","0"
"POINT (9.992828230000040 53.560274333999999)","Unfall 150017 (2022) Kat:3, Licht: 0","150017","3","3","5","03","14","6","","0","1","0","0","0"
"POINT (10.023716826999999 53.517038974000101)","Unfall 150018 (2022) Kat:2, Licht: 0","150018","2","6","2","05","13","3","","0","0","1","0","0"
"POINT (9.977891585000069 53.462038432000000)","Unfall 150019 (2022) Kat:2, Licht: 0","150019","2","7","8","05","21","7","","0","1","0","0","0"
"POINT (9.971617219000050 53.470271117999999)","Unfall 150020 (2022) Kat:3, Licht: 0","150020","3","7","0","04","15","1","","0","0","0","0","0"
"POINT (10.004339996000100 53.475479579000101)","Unfall 150021 (2022) Kat:3, Licht: 0","150021","3","6","2","05","19","2","","0","0","1","0","0"
"POINT (10.080785131000001 53.531905037999998)","Unfall 150022 (2022) Kat:2, Licht: 0","150022","2","2","4","04","18","4","","0","0","1","0","0"
"POINT (10.210246187000100 53.513068200000099)","Unfall 150023 (2022) Kat:3, Licht: 0","150023","3","6","2","04","07","3","","0","0","1","0","0"
"POINT (10.026894380000000 53.569764804000002)","Unfall 150024 (2022) Kat:2, Licht: 2","150024","2","3","5","06","21","6","","2","1","1","0","0"
"POINT (9.999069891000030 53.567110540999998)","Unfall 150025 (2022) Kat:3, Licht: 0","150025","3","7","1","06","14","4","","0","1","0","0","0"
"POINT (9.754995984000059 53.581844865999997)","Unfall 150026 (2022) Kat:3, Licht: 0","150026","3","6","6","06","20","6","","0","1","0","1","0"
"POINT (10.015635132000099 53.548483148999999)","Unfall 150027 (2022) Kat:3, Licht: 1","150027","3","4","6","05","18","5","","1","0","1","1","0"
"POINT (10.122360466000000 53.592837212000099)","Unfall 150028 (2022) Kat:2, Licht: 0","150028","2","3","5","06","13","2","","0","1","1","0","0"
"POINT (9.975968738000059 53.578500562999999)","Unfall 150029 (2022) Kat:3, Licht: 0","150029","3","4","0","03","12","5","","0","0","0","1","0"
"POINT (10.003068179000000 53.554442395000102)","Unfall 150030 (2022) Kat:3, Licht: 1","150030","3","6","2","06","21","6","","1","0","1","0","1"
"POINT (10.019224943999999 53.552958249000000)","Unfall 150031 (2022) Kat:3, Licht: 0","150031","3","2","3","04","07","6","","0","1","1","0","0"
"POINT (10.199655471000000 53.505854096000100)","Unfall 150032 (2022) Kat:3, Licht: 0","150032","3","3","5","06","17","7","","0","0","1","0","0"
"POINT (9.879489450000049 53.592754864000000)","Unfall 150033 (2022) Kat:3, Licht: 0","150033","3","6","2","05","09","6","","0","0","1","0","1"
"POINT (10.014528390000100 53.579847347000097)","Unfall 150034 (2022) Kat:3, Licht: 0","150034","3","3","0","04","18","6","","0","0","1","0","1"
"POINT (10.059308994000000 53.594300595999997)","Unfall 150035 (2022) Kat:3, Licht: 0","150035","3","7","3","05","16","1","","0","0","1","0","0"
"POINT (10.083689788000100 53.576944910000101)","Unfall 150036 (2022) Kat:3, Licht: 0","150036","3","6","0","06","13","3","","0","0","0","0","0"
"POINT (9.843995201000039 53.468994377999998)","Unfall 150037 (2022) Kat:3, Licht: 0","150037","3","5","1","05","14","1","","0","1","1","0","0"
"POINT (9.999177153000060 53.515362389000103)","Unfall 150038 (2022) Kat:3, Licht: 0","150038","3","1","8","03","10","6","","0","0","1","0","0"
"POINT (10.038210776000000 53.580310639000103)","Unfall 150039 (2022) Kat:3, Licht: 0","150039","3","2","3","05","17","4","","0","1","1","0","0"
"POINT (9.989590707000049 53.522957980000101)","Unfall 150040 (2022) Kat:3, Licht: 0","150040","3","7","0","05","11","6","","0","1","0","0","0"
"POINT (10.162104588000000 53.483441447000097)","Unfall 150041 (2022) Kat:3, Licht: 0","150041","3","5","1","04","18","1","","0","0","1","0","0"
"POINT (10.200850765000000 53.483668936000100)","Unfall 150042 (2022) Kat:3, Licht: 0","150042","3","7","7","05","13","2","","0","1","0","0","0"
"POINT (9.978650256000041 53.590111366000002)","Unfall 150043 (2022) Kat:3, Licht: 0","150043","3","6","4","04","08","6","","0","0","0","0","1"
"POINT (9.975525102000059 53.588761148000103)","Unfall 150044 (2022) Kat:3, Licht: 0","150044","3","3","0","04","11","4","","0","0","0","0","0"
"POINT (9.962624153000039 53.603490972000003)","Unfall 150045 (2022) Kat:3, Licht: 0","150045","3","7","4","06","12","6","","0","0","1","0","1"
"POINT (9.830515298000019 53.472882281000103)","Unfall 150046 (2022) Kat:3, Licht: 0","150046","3","6","0","06","19","4","","0","1","1","0","0"
"POINT (9.966565547000069 53.575185443000102)","Unfall 150047 (2022) Kat:3, Licht: 0","150047","3","7","0","06","17","7","","0","0","0","0","0"
"POINT (10.025363616000000 53.576602887000000)","Unfall 150048 (2022) Kat:3, Licht: 0","150048","3","5","0","05","05","6","","0","1","1","0","0"
"POINT (10.127360602000101 53.582690037000098)","Unfall 150049 (2022) Kat:3, Licht: 0","150049","3","7","0","06","20","3","","0","1","0","0","0"
"POINT (10.156748037000099 53.639214679000098)","Unfall 150050 (2022) Kat:2, Licht: 0","150050","2","4","6","04","16","7","","0","0","1","1","0"
"POINT (10.141186687000101 53.583305064000101)","Unfall 150051 (2022) Kat:3, Licht: 2","150051","3","5","1","06","23","6","","2","0","1","0","1"
"POINT (9.988384704000049 53.592928513000103)","Unfall 150052 (2022) Kat:3, Licht: 0","150052","3","7","0","04","14","7","","0","1","0","0","0"
"POINT (9.957573773000041 53.546523307000001)","Unfall 150053 (2022) Kat:3, Licht: 2","150053","3","1","8","06","01","1","","2","0","0","0","0"
"POINT (10.207347873000099 53.480034556000099)","Unfall 150054 (2022) Kat:3, Licht: 0","150054","3","3","5","05","13","6","","0","1","1","0","0"
"POINT (10.088605552000001 53.586870143000098)","Unfall 150055 (2022) Kat:3, Licht: 0","150055","3","4","6","04","13","7","","0","0","1","1","0"
"POINT (9.955420646000050 53.570092467000102)","Unfall 150056 (2022) Kat:3, Licht: 1","150056","3","6","3","05","21","3","","1","0","1","0","0"
"POINT (10.178606779000100 53.487152627999997)","Unfall 150057 (2022) Kat:3, Licht: 2","150057","3","3","5","05","23","4","","2","0","0","0","0"
"POINT (9.966981174000070 53.550011068000103)","Unfall 150058 (2022) Kat:2, Licht: 2","150058","2","4","6","05","03","1","","2","0","1","1","0"
"POINT (10.107427846000100 53.547528587999999)","Unfall 150059 (2022) Kat:3, Licht: 2","150059","3","7","0","04","00","7","","2","0","0","0","0"
"POINT (10.208917001000000 53.482679294000000)","Unfall 150060 (2022) Kat:3, Licht: 0","150060","3","3","0","06","17","5","","0","1","1","0","0"
"POINT (9.888968084000060 53.600794958000101)","Unfall 150061 (2022) Kat:3, Licht: 0","150061","3","3","5","05","07","5","","0","1","0","0","0"
"POINT (9.977721501000079 53.564910626000000)","Unfall 150062 (2022) Kat:3, Licht: 0","150062","3","6","2","06","20","2","","0","0","1","0","1"
"POINT (9.983237096000041 53.517575577999999)","Unfall 150063 (2022) Kat:3, Licht: 0","150063","3","5","1","03","16","3","","0","1","1","0","0"
"POINT (9.970190865000060 53.581199082000097)","Unfall 150064 (2022) Kat:3, Licht: 0","150064","3","5","1","06","10","5","","0","1","1","0","0"
"POINT (10.006875552000100 53.653369855000101)","Unfall 150065 (2022) Kat:3, Licht: 0","150065","3","5","5","06","13","4","","0","0","0","0","0"
"POINT (10.090896975000000 53.656179743000102)","Unfall 150066 (2022) Kat:2, Licht: 0","150066","2","6","2","04","13","4","","0","0","1","0","0"
"POINT (10.085524243000100 53.586136522000103)","Unfall 150067 (2022) Kat:3, Licht: 0","150067","3","2","5","06","13","6","","0","1","1","0","0"
"POINT (10.081399184000100 53.593106460000101)","Unfall 150068 (2022) Kat:3, Licht: 0","150068","3","3","5","04","07","3","","0","0","1","0","0"
"POINT (10.006097698000101 53.547838832000103)","Unfall 150069 (2022) Kat:3, Licht: 0","150069","3","6","3","05","15","5","","0","0","1","0","0"
"POINT (9.977482380000030 53.463802024000103)","Unfall 150070 (2022) Kat:3, Licht: 0","150070","3","3","5","04","09","4","","0","0","1","0","1"
"POINT (10.087713984000100 53.596626214000104)","Unfall 150071 (2022) Kat:2, Licht: 0","150071","2","7","0","04","09","7","","0","1","0","0","0"
"POINT (9.863433433000070 53.597507630000102)","Unfall 150072 (2022) Kat:3, Licht: 0","150072","3","5","5","06","14","2","","0","0","1","0","0"
"POINT (9.901699014000030 53.583606191000101)","Unfall 150073 (2022) Kat:2, Licht: 1","150073","2","7","0","05","06","2","","1","1","0","0","0"
"POINT (9.958975382000061 53.551563803000100)","Unfall 150074 (2022) Kat:3, Licht: 0","150074","3","5","1","06","15","3","","0","0","1","0","1"
"POINT (9.934748780000060 53.547713724000097)","Unfall 150075 (2022) Kat:3, Licht: 0","150075","3","7","0","06","07","4","","0","1","0","0","0"
"POINT (9.985582826000041 53.436436173000097)","Unfall 150076 (2022) Kat:3, Licht: 2","150076","3","7","0","05","00","2","","2","0","0","0","0"
"POINT (9.996919496000030 53.601801496000100)","Unfall 150077 (2022) Kat:3, Licht: 2","150077","3","7","8","06","02","7","","2","0","0","0","0"
"POINT (10.088638196000000 53.647207638000097)","Unfall 150078 (2022) Kat:3, Licht: 0","150078","3","6","3","03","11","7","","0","1","0","0","0"
"POINT (10.164981982000000 53.605727420000100)","Unfall 150079 (2022) Kat:3, Licht: 0","150079","3","3","5","05","08","5","","0","1","1","0","0"
"POINT (9.997117217000040 53.552599534000102)","Unfall 150080 (2022) Kat:3, Licht: 0","150080","3","5","1","06","07","6","","0","0","1","0","0"
"POINT (9.969564797000031 53.638743822999999)","Unfall 150081 (2022) Kat:3, Licht: 0","150081","3","7","0","04","16","2","","0","0","1","0","1"
"POINT (9.939476992000040 53.572791447999997)","Unfall 150082 (2022) Kat:3, Licht: 0","150082","3","5","5","05","17","3","","0","1","1","0","0"
"POINT (10.000173146000099 53.607296284000000)","Unfall 150083 (2022) Kat:3, Licht: 2","150083","3","1","9","04","04","1","","2","0","1","0","0"
"POINT (10.056570964000100 53.591909160000100)","Unfall 150084 (2022) Kat:3, Licht: 0","150084","3","7","0","04","15","5","","0","1","0","0","0"
"POINT (10.142055381000000 53.598607413000103)","Unfall 150085 (2022) Kat:3, Licht: 0","150085","3","2","4","06","15","6","","0","1","1","0","0"
"POINT (9.969234193000030 53.445171269000099)","Unfall 150086 (2022) Kat:3, Licht: 2","150086","3","6","3","05","00","7","","2","1","0","0","0"
"POINT (9.997734643000060 53.480470400999998)","Unfall 150087 (2022) Kat:3, Licht: 2","150087","3","1","9","04","21","3","","2","0","1","0","0"
"POINT (10.065430668999999 53.550673942000103)","Unfall 150088 (2022) Kat:3, Licht: 0","150088","3","5","1","06","19","4","","0","1","1","0","0"
"POINT (10.114626198000099 53.489999889000003)","Unfall 150089 (2022) Kat:2, Licht: 2","150089","2","6","6","06","23","7","","2","1","0","1","0"
"POINT (10.029837603000001 53.571384889000100)","Unfall 150090 (2022) Kat:3, Licht: 0","150090","3","6","2","05","07","2","","0","0","1","0","0"
"POINT (10.202027181000100 53.485653030999998)","Unfall 150091 (2022) Kat:2, Licht: 2","150091","2","2","4","04","23","5","","2","0","1","0","1"
"POINT (10.037804021000101 53.578151709000103)","Unfall 150092 (2022) Kat:2, Licht: 0","150092","2","3","5","05","14","3","","0","1","1","0","0"
"POINT (10.004107991000099 53.505826856000098)","Unfall 150093 (2022) Kat:3, Licht: 2","150093","3","1","8","05","22","5","","2","0","1","0","0"
"POINT (9.951817154000031 53.576707055999996)","Unfall 150094 (2022) Kat:3, Licht: 2","150094","3","1","0","04","02","6","","2","0","0","0","0"
"POINT (10.014803451000001 53.560300052999999)","Unfall 150095 (2022) Kat:3, Licht: 0","150095","3","3","5","05","10","2","","0","1","1","0","0"
"POINT (10.020266983000100 53.624544385000000)","Unfall 150096 (2022) Kat:3, Licht: 0","150096","3","3","5","04","15","4","","0","0","1","0","0"
"POINT (10.054661660000001 53.560979396000100)","Unfall 150097 (2022) Kat:2, Licht: 0","150097","2","1","8","04","12","3","","0","0","1","0","0"
"POINT (9.992013721000029 53.549358677999997)","Unfall 150098 (2022) Kat:3, Licht: 2","150098","3","1","0","06","23","5","","2","1","0","0","0"
"POINT (10.162829084000100 53.589652305000101)","Unfall 150099 (2022) Kat:3, Licht: 0","150099","3","2","4","06","17","4","","0","0","1","0","0"
"POINT (9.952885553000041 53.463314623000002)","Unfall 150100 (2022) Kat:3, Licht: 0","150100","3","3","5","06","16","5","","0","0","1","0","0"
"POINT (9.951256231000061 53.582347413000001)","Unfall 150101 (2022) Kat:3, Licht: 0","150101","3","3","5","05","18","4","","0","1","0","0","0"
"POINT (10.129489088000099 53.683871660000101)","Unfall 150102 (2022) Kat:3, Licht: 0","150102","3","6","2","06","11","1","","0","0","1","0","0"
"POINT (9.929468264000040 53.629317108000102)","Unfall 150103 (2022) Kat:3, Licht: 0","150103","3","4","6","03","16","4","","0","0","1","1","0"
"POINT (10.099980497000001 53.539590128000000)","Unfall 150104 (2022) Kat:2, Licht: 0","150104","2","2","3","05","12","3","","0","1","1","0","0"
"POINT (10.138999350000100 53.541858456999996)","Unfall 150105 (2022) Kat:3, Licht: 0","150105","3","4","6","04","16","5","","0","0","0","1","0"
"POINT (10.022020714000099 53.529941334999997)","Unfall 150106 (2022) Kat:3, Licht: 0","150106","3","6","2","06","13","6","","0","0","1","0","0"
"POINT (10.207349664000001 53.491687142000004)","Unfall 150107 (2022) Kat:3, Licht: 0","150107","3","6","6","05","12","6","","0","1","0","1","0"
"POINT (10.069856700000100 53.579497750000002)","Unfall 150108 (2022) Kat:3, Licht: 0","150108","3","2","2","04","19","5","","0","0","1","0","0"
"POINT (10.156446782000000 53.622427296000097)","Unfall 150109 (2022) Kat:3, Licht: 2","150109","3","1","0","05","02","1","","2","0","0","0","0"
"POINT (9.941050283000040 53.589740356000000)","Unfall 150110 (2022) Kat:3, Licht: 0","150110","3","3","5","05","15","4","","0","0","1","0","0"
"POINT (9.999999401000030 53.499263483000000)","Unfall 150111 (2022) Kat:3, Licht: 0","150111","3","3","5","05","15","7","","0","1","1","0","0"
"POINT (10.010539612000100 53.576769142000003)","Unfall 150112 (2022) Kat:3, Licht: 0","150112","3","2","3","04","11","2","","0","0","1","0","0"
"POINT (9.921199953000039 53.647003705000003)","Unfall 150113 (2022) Kat:3, Licht: 0","150113","3","3","0","06","08","5","","0","1","1","0","0"
"POINT (10.010217232000100 53.496891529000003)","Unfall 150114 (2022) Kat:3, Licht: 0","150114","3","3","5","05","12","3","","0","1","1","0","0"
"POINT (9.956883667000060 53.450754286000098)","Unfall 150115 (2022) Kat:2, Licht: 0","150115","2","3","5","06","20","7","","0","0","1","0","0"
"POINT (10.056511710000100 53.569348492000103)","Unfall 150116 (2022) Kat:3, Licht: 0","150116","3","7","0","03","10","2","","0","1","0","0","0"
"POINT (10.014234380000101 53.554458790000098)","Unfall 150117 (2022) Kat:3, Licht: 0","150117","3","1","9","05","15","5","","0","0","0","0","1"
"POINT (9.867160315000040 53.575484263000099)","Unfall 150118 (2022) Kat:3, Licht: 0","150118","3","7","0","06","14","5","","0","1","0","0","0"
"POINT (9.984366702000051 53.590463124000102)","Unfall 150119 (2022) Kat:3, Licht: 2","150119","3","7","0","04","00","5","","2","0","0","0","0"
"POINT (9.962620029000050 53.561223327000100)","Unfall 150120 (2022) Kat:3, Licht: 0","150120","3","6","3","06","20","5","","0","1","0","0","0"
"POINT (9.935541094000030 53.551540840000001)","Unfall 150121 (2022) Kat:3, Licht: 0","150121","3","3","5","05","08","5","","0","0","1","0","0"
"POINT (10.026882162000000 53.517872060999998)","Unfall 150122 (2022) Kat:3, Licht: 0","150122","3","6","2","04","16","2","","0","0","1","0","0"
"POINT (9.935322996000020 53.551773452000099)","Unfall 150123 (2022) Kat:3, Licht: 0","150123","3","4","6","04","11","6","","0","0","0","1","0"
"POINT (10.023786464000100 53.580955820000000)","Unfall 150124 (2022) Kat:3, Licht: 0","150124","3","5","1","06","18","3","","0","0","1","0","0"
"POINT (10.207366531000000 53.480026416000001)","Unfall 150125 (2022) Kat:3, Licht: 0","150125","3","3","5","05","09","2","","0","1","0","0","0"
"POINT (10.024502547000100 53.609953902000001)","Unfall 150126 (2022) Kat:3, Licht: 0","150126","3","6","6","06","13","3","","0","1","0","1","0"
"POINT (9.844826564000069 53.553864996000101)","Unfall 150127 (2022) Kat:3, Licht: 0","150127","3","6","2","05","17","4","","0","0","1","0","1"
"POINT (10.069861983000100 53.534598891000002)","Unfall 150128 (2022) Kat:3, Licht: 0","150128","3","6","4","05","12","6","","0","0","1","0","0"
"POINT (9.959425068000030 53.561577794000101)","Unfall 150129 (2022) Kat:3, Licht: 2","150129","3","7","0","04","01","1","","2","1","0","0","0"
"POINT (10.207296891000100 53.494967952000103)","Unfall 150130 (2022) Kat:3, Licht: 0","150130","3","7","0","06","17","4","","0","1","0","0","0"
"POINT (10.142943166000100 53.599606983999998)","Unfall 150131 (2022) Kat:2, Licht: 0","150131","2","5","5","06","17","7","","0","0","1","0","0"
"POINT (9.944796611000070 53.577346886999997)","Unfall 150132 (2022) Kat:3, Licht: 2","150132","3","6","4","05","00","5","","2","1","1","0","0"
"POINT (10.149846293000101 53.526718486000000)","Unfall 150133 (2022) Kat:3, Licht: 0","150133","3","4","6","06","14","7","","0","0","1","1","0"
"POINT (9.953741681000050 53.545593818000000)","Unfall 150134 (2022) Kat:3, Licht: 0","150134","3","2","3","03","09","3","","0","1","1","0","0"
"POINT (9.890818985000070 53.612660443999999)","Unfall 150135 (2022) Kat:3, Licht: 0","150135","3","6","2","06","13","5","","0","1","1","0","0"
"POINT (9.871193411000039 53.592515470000102)","Unfall 150136 (2022) Kat:3, Licht: 0","150136","3","5","5","06","16","4","","0","0","1","0","0"
"POINT (9.997459421000030 53.620567469000001)","Unfall 150137 (2022) Kat:2, Licht: 0","150137","2","2","4","04","16","5","","0","0","1","0","0"
"POINT (9.902605592000040 53.634770844999998)","Unfall 150138 (2022) Kat:3, Licht: 0","150138","3","7","0","06","16","7","","0","1","0","0","0"
"POINT (9.993031141000071 53.552710544000000)","Unfall 150139 (2022) Kat:3, Licht: 2","150139","3","1","0","05","00","5","","2","1","0","0","0"
"POINT (10.050684114999999 53.610337075000103)","Unfall 150140 (2022) Kat:2, Licht: 0","150140","2","4","6","04","18","4","","0","0","1","1","0"
"POINT (10.181594594000000 53.486055937000103)","Unfall 150141 (2022) Kat:2, Licht: 0","150141","2","3","5","04","10","6","","0","1","0","0","0"
"POINT (9.961278431000039 53.565280710000103)","Unfall 150142 (2022) Kat:3, Licht: 0","150142","3","3","5","06","15","2","","0","1","1","0","0"
"POINT (10.054071230000000 53.605152992999997)","Unfall 150143 (2022) Kat:2, Licht: 0","150143","2","6","4","05","06","2","","0","0","1","0","0"
"POINT (10.076868750000100 53.599342818000103)","Unfall 150144 (2022) Kat:3, Licht: 0","150144","3","4","6","06","11","2","","0","0","1","1","0"
"POINT (10.045346598000000 53.589591367000097)","Unfall 150145 (2022) Kat:3, Licht: 0","150145","3","2","3","06","11","3","","0","1","1","0","0"
"POINT (10.083586409000100 53.618194350000103)","Unfall 150146 (2022) Kat:2, Licht: 0","150146","2","4","6","06","17","7","","0","0","1","1","0"
"POINT (9.968312943000059 53.549136451999999)","Unfall 150147 (2022) Kat:3, Licht: 0","150147","3","3","5","05","07","4","","0","1","1","0","0"
"POINT (10.005839014000101 53.590205255000100)","Unfall 150148 (2022) Kat:3, Licht: 1","150148","3","6","6","03","19","6","","1","1","0","1","0"
"POINT (10.142117653000099 53.590864992000000)","Unfall 150149 (2022) Kat:3, Licht: 0","150149","3","6","4","05","06","5","","0","1","1","0","0"
"POINT (10.188235783000000 53.635133672000102)","Unfall 150150 (2022) Kat:3, Licht: 0","150150","3","3","5","05","14","2","","0","1","1","0","0"
"POINT (10.056005838000001 53.565358167000099)","Unfall 150151 (2022) Kat:2, Licht: 0","150151","2","7","6","06","14","5","","0","0","0","1","0"
"POINT (10.017398371000100 53.553188958000099)","Unfall 150152 (2022) Kat:3, Licht: 0","150152","3","4","6","04","18","3","","0","1","0","1","0"
"POINT (10.111355589000000 53.653853083000101)","Unfall 150153 (2022) Kat:3, Licht: 0","150153","3","6","2","05","18","4","","0","0","1","0","0"
"POINT (10.017790987000099 53.569176029000097)","Unfall 150154 (2022) Kat:3, Licht: 0","150154","3","6","2","04","16","1","","0","1","0","0","0"
"POINT (9.977850489000049 53.607836294999998)","Unfall 150155 (2022) Kat:3, Licht: 0","150155","3","6","6","04","10","5","","0","0","1","1","0"
"POINT (10.105658384000000 53.580811595000100)","Unfall 150156 (2022) Kat:3, Licht: 0","150156","3","3","5","06","08","6","","0","1","1","0","0"
"POINT (9.897082195000049 53.504831663000097)","Unfall 150157 (2022) Kat:3, Licht: 0","150157","3","7","1","05","12","6","","0","1","0","0","0"
"POINT (10.015656783000100 53.590090647000103)","Unfall 150158 (2022) Kat:3, Licht: 0","150158","3","2","4","05","12","6","","0","0","1","0","0"
"POINT (9.979358811000051 53.606894258000104)","Unfall 150159 (2022) Kat:3, Licht: 0","150159","3","2","3","06","19","4","","0","0","1","0","1"
"POINT (9.982883925000070 53.470687593999997)","Unfall 150160 (2022) Kat:3, Licht: 0","150160","3","7","0","06","20","2","","0","1","0","0","0"
"POINT (9.915720203000030 53.495391058999999)","Unfall 150161 (2022) Kat:2, Licht: 0","150161","2","2","3","05","16","7","","0","0","1","0","1"