WKT,Name,OBJECTID,UKATEGORIE,UTYP1,UART,UMONAT,USTUNDE,UWOCHENTAG,STRZUSTAND,ULICHTVERH,ISTRAD,ISTPKW,ISTFUSS,ISTKRAD
"POINT (10.038635941000100 53.608220797000101)","Unfall 150162 (2022) Kat:3, Licht: 0","150162","3","3","5","04","19","7","","0","0","1","0","0"
"POINT (9.850804618000041 53.595839278000000)","Unfall 150163 (2022) Kat:3, Licht: 0","150163","3","6","2","05","13","4","","0","0","1","0","0"
"POINT (10.098482283000100 53.553397227000097)","Unfall 150164 (2022) Kat:3, Licht: 2","150164","3","1","9","05","22","5","","2","0","1","0","0"
"POINT (9.918520390000030 53.572125180000100)","Unfall 150165 (2022) Kat:3, Licht: 0","150165","3","6","3","05","16","2","","0","0","1","0","0"
"POINT (10.045431602000100 53.561156315000098)","Unfall 150166 (2022) Kat:3, Licht: 0","150166","3","3","5","04","15","5","","0","1","0","0","0"
"POINT (10.129179080000000 53.605169364000098)","Unfall 150167 (2022) Kat:3, Licht: 0","150167","3","7","0","04","19","3","","0","0","0","0","0"
"POINT (10.024980717000100 53.654518092000004)","Unfall 150168 (2022) Kat:3, Licht: 0","150168","3","7","0","06","12","6","","0","1","0","0","0"
"POINT (10.057402621000101 53.579731746999997)","Unfall 150169 (2022) Kat:3, Licht: 0","150169","3","6","2","06","09","3","","0","0","1","0","0"
"POINT (9.994061586000040 53.601046289000102)","Unfall 150170 (2022) Kat:3, Licht: 0","150170","3","5","3","06","10","6","","0","0","1","0","0"
"POINT (10.012338811000101 53.580592969000101)","Unfall 150171 (2022) Kat:2, Licht: 0","150171","2","7","1","05","18","4","","0","1","1","0","0"
"POINT (9.955677021000040 53.584195404000099)","Unfall 150172 (2022) Kat:3, Licht: 0","150172","3","2","5","06","08","2","","0","1","0","0","0"
"POINT (9.989389377000069 53.558739807999999)","Unfall 150173 (2022) Kat:3, Licht: 1","150173","3","7","6","03","07","4","","1","1","0","1","0"
"POINT (9.890384140000039 53.552420525999999)","Unfall 150174 (2022) Kat:3, Licht: 0","150174","3","2","5","06","07","5","","0","1","1","0","0"
"POINT (10.004380435000000 53.553599175999999)","Unfall 150175 (2022) Kat:3, Licht: 0","150175","3","6","2","06","18","4","","0","0","1","0","0"
"POINT (9.994480670000030 53.564566782000000)","Unfall 150176 (2022) Kat:3, Licht: 0","150176","3","6","2","04","18","7","","0","0","1","0","1"
"POINT (10.035615225000100 53.575041882000100)","Unfall 150177 (2022) Kat:3, Licht: 0","150177","3","2","4","06","17","7","","0","0","1","0","1"
"POINT (10.203071917000001 53.488970209000101)","Unfall 150178 (2022) Kat:3, Licht: 2","150178","3","1","0","05","00","7","","2","0","0","0","0"
"POINT (10.162495509000101 53.626884194000098)","Unfall 150179 (2022) Kat:3, Licht: 0","150179","3","6","2","04","16","3","","0","0","1","0","1"
"POINT (10.025726832000000 53.669419894999997)","Unfall 150180 (2022) Kat:3, Licht: 0","150180","3","6","2","05","13","2","","0","0","1","0","1"
"POINT (10.038005165000101 53.609471812000002)","Unfall 150181 (2022) Kat:3, Licht: 0","150181","3","6","4","06","13","1","","0","0","1","0","0"
"POINT (10.096735646000100 53.542139690000099)","Unfall 150182 (2022) Kat:3, Licht: 0","150182","3","7","3","05","19","2","","0","0","1","0","0"
"POINT (10.024995458999999 53.602410872000100)","Unfall 150183 (2022) Kat:3, Licht: 0","150183","3","7","6","05","17","7","","0","0","1","1","0"
"POINT (10.123942283000099 53.613289594999998)","Unfall 150184 (2022) Kat:2, Licht: 2","150184","2","1","8","04","03","1","","2","0","0","0","0"
"POINT (9.950373647000051 53.549260509000099)","Unfall 150185 (2022) Kat:3, Licht: 2","150185","3","4","6","06","02","5","","2","0","0","1","0"
"POINT (10.162782606000100 53.651907119000001)","Unfall 150186 (2022) Kat:3, Licht: 0","150186","3","3","6","05","14","2","","0","1","0","1","0"
"POINT (10.090190923000000 53.597574006999999)","Unfall 150187 (2022) Kat:3, Licht: 2","150187","3","1","0","06","22","7","","2","0","0","0","1"
"POINT (9.954270088000040 53.557137513000001)","Unfall 150188 (2022) Kat:3, Licht: 0","150188","3","2","3","03","17","2","","0","1","1","0","0"
"POINT (10.016032140000000 53.613802112000002)","Unfall 150189 (2022) Kat:3, Licht: 0","150189","3","2","4","05","10","5","","0","0","1","0","0"
"POINT (9.997315971000029 53.556877948000100)","Unfall 150190 (2022) Kat:3, Licht: 0","150190","3","6","2","04","12","3","","0","0","1","0","1"
"POINT (10.174104343000099 53.470860481999999)","Unfall 150191 (2022) Kat:3, Licht: 0","150191","3","3","5","06","07","4","","0","1","1","0","0"
"POINT (10.004010319000001 53.588823510000097)","Unfall 150192 (2022) Kat:3, Licht: 0","150192","3","7","0","05","16","3","","0","1","0","0","0"
"POINT (10.034680402999999 53.628282602000098)","Unfall 150193 (2022) Kat:3, Licht: 0","150193","3","6","2","04","15","7","","0","0","1","0","0"
"POINT (9.874252281000050 53.587474469000000)","Unfall 150194 (2022) Kat:3, Licht: 0","150194","3","2","3","04","16","4","","0","1","1","0","0"
"POINT (9.866099763000021 53.585158827999997)","Unfall 150195 (2022) Kat:3, Licht: 0","150195","3","6","2","06","13","7","","0","0","1","0","0"
"POINT (9.972811434000050 53.561667448999998)","Unfall 150196 (2022) Kat:3, Licht: 0","150196","3","1","0","05","21","7","","0","0","0","0","0"
"POINT (10.037864040000001 53.630306959999999)","Unfall 150197 (2022) Kat:3, Licht: 0","150197","3","5","5","04","13","2","","0","0","1","0","0"
"POINT (10.076791148000000 53.660725623000097)","Unfall 150198 (2022) Kat:3, Licht: 0","150198","3","3","0","06","17","2","","0","1","1","0","0"
"POINT (9.995589255000031 53.557300108000000)","Unfall 150199 (2022) Kat:3, Licht: 0","150199","3","7","7","06","19","3","","0","0","0","0","0"
"POINT (10.087437087000099 53.682537166000003)","Unfall 150200 (2022) Kat:3, Licht: 0","150200","3","6","2","05","15","1","","0","1","0","0","0"
"POINT (10.096012040000099 53.542628295000000)","Unfall 150201 (2022) Kat:3, Licht: 0","150201","3","3","5","03","16","6","","0","1","1","0","0"
"POINT (9.992111951000030 53.505292177999998)","Unfall 150202 (2022) Kat:3, Licht: 0","150202","3","2","0","05","17","4","","0","1","0","0","0"
"POINT (10.008686843000000 53.552614277000004)","Unfall 150203 (2022) Kat:3, Licht: 0","150203","3","6","3","05","14","2","","0","0","1","0","0"
"POINT (9.978366612000061 53.579228575999998)","Unfall 150204 (2022) Kat:3, Licht: 0","150204","3","7","0","04","11","7","","0","1","0","0","0"
"POINT (9.977093092000080 53.553661988000002)","Unfall 150205 (2022) Kat:3, Licht: 2","150205","3","7","2","05","21","3","","2","0","1","0","0"
"POINT (9.926216780000059 53.564429565000097)","Unfall 150206 (2022) Kat:3, Licht: 0","150206","3","3","5","04","15","4","","0","0","1","0","0"
"POINT (10.123567950000099 53.616132903999997)","Unfall 150207 (2022) Kat:2, Licht: 0","150207","2","2","3","04","07","3","","0","1","1","0","0"
"POINT (10.166588379000100 53.514196218999999)","Unfall 150208 (2022) Kat:2, Licht: 1","150208","2","3","5","06","20","5","","1","0","0","0","1"
"POINT (10.142004358000101 53.543175402000003)","Unfall 150209 (2022) Kat:3, Licht: 0","150209","3","7","2","06","12","3","","0","0","1","0","0"
"POINT (9.999413022000059 53.556233730000002)","Unfall 150210 (2022) Kat:3, Licht: 0","150210","3","7","3","06","09","7","","0","0","1","0","1"
"POINT (10.035777557000101 53.600899420000097)","Unfall 150211 (2022) Kat:3, Licht: 0","150211","3","2","4","05","09","5","","0","0","1","0","0"
"POINT (9.863933391000050 53.566945906000100)","Unfall 150212 (2022) Kat:3, Licht: 1","150212","3","6","2","06","18","3","","1","0","0","0","0"
"POINT (9.960726985000059 53.546346748000097)","Unfall 150213 (2022) Kat:3, Licht: 0","150213","3","6","4","04","12","6","","0","1","0","0","0"
"POINT (9.886764290000031 53.522043279000101)","Unfall 150214 (2022) Kat:2, Licht: 0","150214","2","6","4","06","13","1","","0","0","1","0","0"
"POINT (9.992926927000040 53.557810639000103)","Unfall 150215 (2022) Kat:2, Licht: 2","150215","2","7","0","05","22","7","","2","1","0","0","0"
"POINT (10.093152120000100 53.700535715999997)","Unfall 150216 (2022) Kat:3, Licht: 0","150216","3","6","0","04","19","7","","0","1","1","0","0"
"POINT (10.286666316000000 53.427754538000002)","Unfall 150217 (2022) Kat:3, Licht: 0","150217","3","6","0","05","12","1","","0","1","0","0","0"
"POINT (9.957529274000020 53.580599064000097)","Unfall 150218 (2022) Kat:3, Licht: 2","150218","3","7","0","05","23","5","","2","1","0","0","0"
"POINT (10.025448765000000 53.552070540000003)","Unfall 150219 (2022) Kat:3, Licht: 1","150219","3","1","0","06","21","2","","1","0","0","0","0"
"POINT (9.942627904000060 53.555412883000002)","Unfall 150220 (2022) Kat:3, Licht: 0","150220","3","4","6","05","15","2","","0","1","0","1","0"
"POINT (9.961162261000030 53.549526331999999)","Unfall 150221 (2022) Kat:3, Licht: 2","150221","3","6","6","03","02","7","","2","0","1","1","0"
"POINT (10.204903085000099 53.406727494000101)","Unfall 150222 (2022) Kat:3, Licht: 0","150222","3","6","0","05","19","4","","0","0","1","1","0"
"POINT (9.992990487000039 53.543209017999999)","Unfall 150223 (2022) Kat:3, Licht: 0","150223","3","3","6","06","16","7","","0","0","0","1","0"
"POINT (9.973323246000060 53.530279356999998)","Unfall 150224 (2022) Kat:3, Licht: 0","150224","3","7","0","05","18","6","","0","1","0","0","0"
"POINT (10.101775798000100 53.597458584000002)","Unfall 150225 (2022) Kat:2, Licht: 0","150225","2","3","5","04","11","7","","0","0","1","0","0"
"POINT (9.950374058000021 53.564622434000100)","Unfall 150226 (2022) Kat:3, Licht: 0","150226","3","5","1","05","16","3","","0","1","1","0","0"
"POINT (10.102477490000100 53.657974359000001)","Unfall 150227 (2022) Kat:3, Licht: 0","150227","3","2","6","04","07","6","","0","0","1","1","0"
"POINT (10.016748172000099 53.565933652000098)","Unfall 150228 (2022) Kat:3, Licht: 0","150228","3","2","5","04","16","4","","0","1","1","0","0"
"POINT (10.013808353000099 53.497273458999999)","Unfall 150229 (2022) Kat:2, Licht: 0","150229","2","7","0","06","14","6","","0","1","0","0","0"
"POINT (10.067595856000001 53.608531067000101)","Unfall 150230 (2022) Kat:3, Licht: 0","150230","3","2","4","05","16","6","","0","0","1","0","0"
"POINT (10.074923497000000 53.554855234000101)","Unfall 150231 (2022) Kat:3, Licht: 0","150231","3","6","2","05","16","5","","0","1","1","0","0"
"POINT (9.826107088000070 53.473607415000103)","Unfall 150232 (2022) Kat:3, Licht: 0","150232","3","6","4","06","15","3","","0","0","1","0","0"
"POINT (9.938569848000039 53.485487700000100)","Unfall 150233 (2022) Kat:3, Licht: 0","150233","3","7","0","04","18","7","","0","1","0","0","0"
"POINT (10.069537566000101 53.651360688000103)","Unfall 150234 (2022) Kat:3, Licht: 0","150234","3","6","2","06","13","7","","0","0","1","0","0"
"POINT (10.154719113000100 53.587601716000101)","Unfall 150235 (2022) Kat:3, Licht: 2","150235","3","3","6","05","22","7","","2","0","1","1","0"
"POINT (9.927371252000061 53.555725437000000)","Unfall 150236 (2022) Kat:3, Licht: 2","150236","3","7","0","04","23","7","","2","1","0","0","0"
"POINT (10.044026188000000 53.572254708000102)","Unfall 150237 (2022) Kat:3, Licht: 0","150237","3","6","0","05","15","2","","0","1","0","0","0"
"POINT (10.067398400000100 53.607968831000100)","Unfall 150238 (2022) Kat:3, Licht: 0","150238","3","6","4","05","19","5","","0","1","1","0","0"
"POINT (9.872320831000019 53.554981711000003)","Unfall 150239 (2022) Kat:3, Licht: 0","150239","3","7","0","05","14","1","","0","1","0","0","0"
"POINT (10.098402430000000 53.703796833000098)","Unfall 150240 (2022) Kat:2, Licht: 0","150240","2","7","0","04","09","3","","0","1","0","0","0"
"POINT (9.961832419000070 53.551264973000102)","Unfall 150241 (2022) Kat:3, Licht: 0","150241","3","6","6","06","16","4","","0","0","0","1","0"
"POINT (10.085138136000101 53.658411086000100)","Unfall 150242 (2022) Kat:3, Licht: 0","150242","3","5","5","06","15","5","","0","1","1","0","0"
"POINT (9.930073054000051 53.584737308000101)","Unfall 150243 (2022) Kat:3, Licht: 0","150243","3","3","5","05","17","5","","0","0","1","0","1"
"POINT (10.068467033999999 53.553279077000099)","Unfall 150244 (2022) Kat:2, Licht: 0","150244","2","6","2","06","15","2","","0","0","1","0","1"
"POINT (10.005038113000101 53.550847273999999)","Unfall 150245 (2022) Kat:3, Licht: 0","150245","3","4","6","03","13","4","","0","0","1","1","0"
"POINT (9.924643630000050 53.591005251000098)","Unfall 150246 (2022) Kat:3, Licht: 0","150246","3","1","0","06","18","5","","0","1","0","0","0"
"POINT (9.810169249000070 53.521549348000100)","Unfall 150247 (2022) Kat:3, Licht: 0","150247","3","2","3","05","19","3","","0","1","0","0","0"
"POINT (10.076706514000000 53.554820788000001)","Unfall 150248 (2022) Kat:3, Licht: 0","150248","3","7","3","04","11","4","","0","0","1","0","1"
"POINT (10.117575941000000 53.607067487000101)","Unfall 150249 (2022) Kat:2, Licht: 0","150249","2","7","2","06","18","6","","0","0","1","0","0"
"POINT (10.060556844000100 53.578455744999999)","Unfall 150250 (2022) Kat:3, Licht: 0","150250","3","3","5","05","07","5","","0","0","1","0","0"
"POINT (10.000783115000001 53.544886347999999)","Unfall 150251 (2022) Kat:3, Licht: 0","150251","3","6","2","04","16","4","","0","0","1","0","0"
"POINT (10.040296002000000 53.580222118000101)","Unfall 150252 (2022) Kat:2, Licht: 0","150252","2","7","7","04","11","6","","0","0","1","0","0"
"POINT (9.953853354000049 53.549687943000002)","Unfall 150253 (2022) Kat:3, Licht: 0","150253","3","6","3","06","19","3","","0","0","1","0","1"
"POINT (9.928854574000070 53.585240165000101)","Unfall 150254 (2022) Kat:2, Licht: 0","150254","2","7","1","05","17","2","","0","1","1","0","0"
"POINT (10.005995900000100 53.586017787999999)","Unfall 150255 (2022) Kat:3, Licht: 0","150255","3","4","6","04","11","1","","0","0","0","1","0"
"POINT (9.964595182000039 53.464697899999997)","Unfall 150256 (2022) Kat:3, Licht: 0","150256","3","6","4","06","20","4","","0","1","0","0","0"
"POINT (9.906203574000070 53.567579707999997)","Unfall 150257 (2022) Kat:3, Licht: 0","150257","3","1","8","06","15","7","","0","0","1","0","0"
"POINT (10.100069961000001 53.589237089999997)","Unfall 150258 (2022) Kat:2, Licht: 0","150258","2","2","3","05","19","3","","0","0","1","0","0"
"POINT (10.051472792000000 53.541969634000097)","Unfall 150259 (2022) Kat:3, Licht: 0","150259","3","3","5","06","19","7","","0","0","1","0","1"
"POINT (10.018231872000101 53.562423184000103)","Unfall 150260 (2022) Kat:3, Licht: 2","150260","3","4","6","03","20","1","","2","1","0","1","0"
"POINT (9.963426091000031 53.560240575000101)","Unfall 150261 (2022) Kat:3, Licht: 0","150261","3","6","4","05","16","6","","0","1","1","0","0"
"POINT (10.101860438000100 53.597371791999997)","Unfall 150262 (2022) Kat:2, Licht: 0","150262","2","3","6","05","17","2","","0","1","0","1","0"
"POINT (9.992632326000029 53.543186078000097)","Unfall 150263 (2022) Kat:3, Licht: 0","150263","3","7","0","04","17","2","","0","1","0","0","0"
"POINT (9.995913654000050 53.566776068000102)","Unfall 150264 (2022) Kat:3, Licht: 1","150264","3","2","4","06","21","6","","1","1","1","0","0"
"POINT (10.061178136000001 53.645115154999999)","Unfall 150265 (2022) Kat:3, Licht: 0","150265","3","3","5","05","16","4","","0","1","1","0","0"
"POINT (10.006343544000099 53.548574705000100)","Unfall 150266 (2022) Kat:3, Licht: 1","150266","3","7","0","04","20","1","","1","0","1","0","0"
"POINT (10.104430769000000 53.580503840000098)","Unfall 150267 (2022) Kat:3, Licht: 0","150267","3","7","0","04","18","5","","0","0","0","0","1"
"POINT (10.009959442000000 53.552391134000104)","Unfall 150268 (2022) Kat:3, Licht: 0","150268","3","6","3","06","14","7","","0","1","0","0","0"
"POINT (10.045176077000100 53.642241771000002)","Unfall 150269 (2022) Kat:3, Licht: 0","150269","3","3","5","05","19","6","","0","0","1","0","0"
"POINT (9.908115935000071 53.549343434000001)","Unfall 150270 (2022) Kat:3, Licht: 1","150270","3","6","3","04","05","2","","1","1","1","0","0"
"POINT (10.002083667000001 53.596080814000103)","Unfall 150271 (2022) Kat:3, Licht: 0","150271","3","7","0","06","16","2","","0","1","0","0","0"
"POINT (10.012544745000101 53.626255785000097)","Unfall 150272 (2022) Kat:3, Licht: 0","150272","3","6","2","06","15","2","","0","0","1","0","0"
"POINT (9.973913516000041 53.580249150000000)","Unfall 150273 (2022) Kat:3, Licht: 0","150273","3","6","2","05","13","2","","0","0","1","0","0"
"POINT (10.009749639000100 53.559431603000100)","Unfall 150274 (2022) Kat:3, Licht: 2","150274","3","5","1","03","20","6","","2","1","1","0","0"
"POINT (10.092655438000101 53.478813676000101)","Unfall 150275 (2022) Kat:3, Licht: 0","150275","3","7","9","05","13","4","","0","0","0","0","1"
"POINT (9.966269771000039 53.569229217999997)","Unfall 150276 (2022) Kat:3, Licht: 2","150276","3","7","3","05","22","7","","2","0","1","0","0"
"POINT (9.934727361000061 53.551259172000101)","Unfall 150277 (2022) Kat:3, Licht: 0","150277","3","7","0","04","12","6","","0","0","0","0","0"
"POINT (9.990250445000070 53.515533034000001)","Unfall 150278 (2022) Kat:3, Licht: 0","150278","3","2","6","05","15","2","","0","0","0","1","0"
"POINT (9.856175688000061 53.473333175000100)","Unfall 150279 (2022) Kat:3, Licht: 2","150279","3","2","6","04","22","5","","2","0","1","1","0"
"POINT (10.123268274000100 53.570996225999998)","Unfall 150280 (2022) Kat:3, Licht: 0","150280","3","7","3","04","18","2","","0","0","1","0","0"
"POINT (10.019329451000001 53.552735419000001)","Unfall 150281 (2022) Kat:3, Licht: 2","150281","3","3","5","06","20","6","","2","0","1","0","0"
"POINT (10.095519327000000 53.613496869000102)","Unfall 150282 (2022) Kat:3, Licht: 0","150282","3","5","1","06","16","4","","0","1","1","0","0"
"POINT (10.049572589000000 53.545278889000002)","Unfall 150283 (2022) Kat:2, Licht: 0","150283","2","7","0","06","07","6","","0","1","0","0","0"
"POINT (9.978339629000059 53.572460960000100)","Unfall 150284 (2022) Kat:3, Licht: 2","150284","3","6","2","05","23","6","","2","0","1","0","0"
"POINT (9.982504331000030 53.559220847000098)","Unfall 150285 (2022) Kat:3, Licht: 0","150285","3","1","0","06","17","4","","0","0","0","0","1"
"POINT (10.095630612000001 53.582326958000102)","Unfall 150286 (2022) Kat:3, Licht: 0","150286","3","4","6","04","08","5","","0","0","1","1","0"
"POINT (10.072428614000000 53.500760170000000)","Unfall 150287 (2022) Kat:3, Licht: 0","150287","3","3","5","06","09","7","","0","1","1","0","0"
"POINT (10.084146833000000 53.553134814000003)","Unfall 150288 (2022) Kat:3, Licht: 2","150288","3","1","0","05","22","6","","2","0","0","0","1"
"POINT (9.962056055000060 53.465892519000100)","Unfall 150289 (2022) Kat:3, Licht: 0","150289","3","7","5","04","15","5","","0","1","1","0","0"
"POINT (10.046641384000100 53.586115761000002)","Unfall 150290 (2022) Kat:3, Licht: 0","150290","3","7","9","05","13","1","","0","0","0","0","0"
"POINT (10.009171844000001 53.496482533000098)","Unfall 150291 (2022) Kat:3, Licht: 0","150291","3","3","5","05","15","4","","0","0","1","0","0"
"POINT (9.943821081000070 53.552844221999997)","Unfall 150292 (2022) Kat:3, Licht: 0","150292","3","3","5","05","14","1","","0","1","1","0","0"
"POINT (10.043170718000100 53.581300283000097)","Unfall 150293 (2022) Kat:3, Licht: 0","150293","3","6","2","04","17","2","","0","0","1","0","0"
"POINT (10.005024768000100 53.547561497000103)","Unfall 150294 (2022) Kat:3, Licht: 0","150294","3","3","5","06","15","6","","0","0","1","0","0"
"POINT (10.039234000000000 53.559664482000102)","Unfall 150295 (2022) Kat:3, Licht: 0","150295","3","6","2","06","14","7","","0","0","1","0","0"
"POINT (9.873872412000029 53.564904761999998)","Unfall 150296 (2022) Kat:3, Licht: 0","150296","3","2","4","05","19","4","","0","1","1","0","0"
"POINT (10.017386735000100 53.627977205000001)","Unfall 150297 (2022) Kat:2, Licht: 0","150297","2","5","1","06","15","2","","0","1","1","0","0"
"POINT (9.954556597000019 53.580204465000101)","Unfall 150298 (2022) Kat:2, Licht: 0","150298","2","6","2","03","17","3","","0","1","1","0","0"
"POINT (9.898698021000030 53.612131519999998)","Unfall 150299 (2022) Kat:3, Licht: 0","150299","3","7","3","06","11","4","","0","1","1","0","0"
"POINT (9.873612065000030 53.590936544999998)","Unfall 150300 (2022) Kat:3, Licht: 0","150300","3","2","3","04","17","5","","0","1","1","0","0"
"POINT (10.132450953999999 53.611596063000000)","Unfall 150301 (2022) Kat:3, Licht: 0","150301","3","3","5","06","16","6","","0","1","1","0","0"
"POINT (9.998589483000050 53.601828216000101)","Unfall 150302 (2022) Kat:3, Licht: 0","150302","3","6","2","04","15","3","","0","0","1","0","0"
"POINT (10.084111571000101 53.542202750000101)","Unfall 150303 (2022) Kat:3, Licht: 0","150303","3","1","0","05","18","5","","0","1","0","0","0"
"POINT (10.004933974000000 53.523870606000102)","Unfall 150304 (2022) Kat:3, Licht: 0","150304","3","6","3","04","14","4","","0","0","1","0","0"
"POINT (10.143481980000001 53.570319498000103)","Unfall 150305 (2022) Kat:2, Licht: 0","150305","2","2","4","04","19","6","","0","0","1","0","1"
"POINT (10.149567727999999 53.524498022000003)","Unfall 150306 (2022) Kat:2, Licht: 1","150306","2","1","8","06","04","2","","1","0","1","0","0"
"POINT (10.082949323999999 53.555343938000100)","Unfall 150307 (2022) Kat:3, Licht: 0","150307","3","3","5","05","19","2","","0","1","1","0","0"
"POINT (9.917889153000029 53.580884718999997)","Unfall 150308 (2022) Kat:3, Licht: 0","150308","3","2","3","06","07","2","","0","1","1","0","0"
"POINT (10.116920457999999 53.574223833000097)","Unfall 150309 (2022) Kat:3, Licht: 0","150309","3","5","1","06","07","4","","0","1","1","0","0"
"POINT (10.059134530000099 53.573621897000102)","Unfall 150310 (2022) Kat:2, Licht: 0","150310","2","2","3","05","18","2","","0","1","1","0","0"
"POINT (10.097815024999999 53.675461435999999)","Unfall 150311 (2022) Kat:3, Licht: 2","150311","3","7","0","06","01","1","","2","1","0","0","0"
"POINT (10.065228060999999 53.559896319000103)","Unfall 150312 (2022) Kat:3, Licht: 0","150312","3","6","2","03","17","7","","0","0","1","0","0"
"POINT (10.039190784000001 53.578600168999998)","Unfall 150313 (2022) Kat:3, Licht: 0","150313","3","6","2","05","18","5","","0","0","1","0","0"
"POINT (9.989876837000050 53.447712076000101)","Unfall 150314 (2022) Kat:3, Licht: 0","150314","3","6","2","05","07","7","","0","0","1","0","0"
"POINT (10.111883807000000 53.622085288999997)","Unfall 150315 (2022) Kat:2, Licht: 0","150315","2","6","2","04","13","2","","0","0","1","0","0"
"POINT (9.938881411000070 53.553596228000103)","Unfall 150316 (2022) Kat:3, Licht: 2","150316","3","2","4","06","23","6","","2","0","1","0","0"
"POINT (9.972203859000050 53.587504812000098)","Unfall 150317 (2022) Kat:2, Licht: 0","150317","2","4","6","05","10","5","","0","0","1","1","0"
"POINT (10.082386260000000 53.556941928000100)","Unfall 150318 (2022) Kat:3, Licht: 0","150318","3","6","2","06","15","2","","0","0","1","0","0"
"POINT (9.891472437000060 53.593182232000103)","Unfall 150319 (2022) Kat:3, Licht: 0","150319","3","6","2","03","09","5","","0","0","1","0","0"
"POINT (9.785309621000071 53.569387757000101)","Unfall 150320 (2022) Kat:3, Licht: 0","150320","3","3","5","06","16","5","","0","1","1","0","0"
"POINT (10.134073072000000 53.590567028000102)","Unfall 150321 (2022) Kat:3, Licht: 0","150321","3","7","0","05","07","3","","0","0","0","0","0"
"POINT (9.973624323000021 53.580497374000103)","Unfall 150322 (2022) Kat:3, Licht: 0","150322","3","6","3","04","08","4","","0","0","1","0","0"
"POINT (10.192619155999999 53.503360428000100)","Unfall 150323 (2022) Kat:3, Licht: 0","150323","3","6","4","06","19","6","","0","0","1","0","1"
"POINT (9.964062090000031 53.573235353000001)","Unfall 150324 (2022) Kat:3, Licht: 0","150324","3","3","5","04","10","4","","0","1","1","0","0"
"POINT (9.962537378000039 53.549480367000101)","Unfall 150325 (2022) Kat:3, Licht: 2","150325","3","7","4","05","22","6","","2","0","1","0","0"
"POINT (9.992040226000031 53.589099760000103)","Unfall 150326 (2022) Kat:3, Licht: 0","150326","3","3","5","04","19","5","","0","0","1","0","1"
"POINT (10.010232225999999 53.494368877000099)","Unfall 150327 (2022) Kat:3, Licht: 0","150327","3","4","6","04","17","6","","0","1","0","1","0"
"POINT (9.990332861000070 53.455164363000101)","Unfall 150328 (2022) Kat:3, Licht: 1","150328","3","6","4","06","05","1","","1","1","0","0","0"
"POINT (9.878251411000059 53.586438403999999)","Unfall 150329 (2022) Kat:2, Licht: 0","150329","2","7","7","05","14","2","","0","0","1","0","1"
"POINT (10.208343355000100 53.489709609000002)","Unfall 150330 (2022) Kat:3, Licht: 0","150330","3","2","4","06","07","2","","0","1","1","0","0"
"POINT (9.892425679000040 53.603192493999998)","Unfall 150331 (2022) Kat:3, Licht: 0","150331","3","7","0","06","09","4","","0","0","0","0","0"
"POINT (10.090118423000000 53.666072422000099)","Unfall 150332 (2022) Kat:3, Licht: 0","150332","3","2","4","05","11","3","","0","0","1","0","1"
"POINT (10.033161597000101 53.619886313999999)","Unfall 150333 (2022) Kat:3, Licht: 0","150333","3","1","8","06","12","1","","0","1","0","0","0"
"POINT (10.056724973000000 53.569567425000102)","Unfall 150334 (2022) Kat:3, Licht: 0","150334","3","6","2","03","18","1","","0","0","1","0","0"
"POINT (9.902553407000029 53.617769415000097)","Unfall 150335 (2022) Kat:3, Licht: 0","150335","3","4","6","05","10","5","","0","1","0","1","0"
"POINT (9.906692412000041 53.567370107999999)","Unfall 150336 (2022) Kat:3, Licht: 0","150336","3","5","5","05","09","2","","0","0","0","0","0"
"POINT (10.232607187999999 53.454077558999998)","Unfall 150337 (2022) Kat:3, Licht: 0","150337","3","1","8","04","14","3","","0","0","1","0","0"
"POINT (9.959307464000061 53.563429191000097)","Unfall 150338 (2022) Kat:3, Licht: 0","150338","3","6","2","06","15","5","","0","0","1","0","0"
"POINT (10.047817996999999 53.550631268000103)","Unfall 150339 (2022) Kat:3, Licht: 0","150339","3","3","5","04","18","2","","0","0","1","0","0"
"POINT (9.855251199000071 53.590101988000100)","Unfall 150340 (2022) Kat:3, Licht: 0","150340","3","7","6","05","14","4","","0","0","1","1","0"
"POINT (10.208921977999999 53.482696955999998)","Unfall 150341 (2022) Kat:3, Licht: 0","150341","3","2","3","04","16","2","","0","1","1","0","0"
"POINT (10.147958044000100 53.635064020000101)","Unfall 150342 (2022) Kat:3, Licht: 0","150342","3","7","0","04","11","4","","0","1","0","0","0"
"POINT (10.118215174000101 53.606857986000101)","Unfall 150343 (2022) Kat:3, Licht: 0","150343","3","4","6","06","20","6","","0","0","1","1","0"
"POINT (10.032284523000000 53.555595742000001)","Unfall 150344 (2022) Kat:3, Licht: 0","150344","3","2","4","05","19","7","","0","1","1","0","0"
"POINT (9.765383602000041 53.583269600000101)","Unfall 150345 (2022) Kat:3, Licht: 0","150345","3","4","6","04","11","3","","0","0","1","1","0"
"POINT (10.077715193000101 53.646943987999997)","Unfall 150346 (2022) Kat:2, Licht: 0","150346","2","1","0","06","18","3","","0","1","0","0","0"
"POINT (9.932939582000071 53.545575690000099)","Unfall 150347 (2022) Kat:3, Licht: 0","150347","3","3","5","05","14","1","","0","0","1","0","0"