WKT,Name,OBJECTID,UKATEGORIE,UTYP1,UART,UMONAT,USTUNDE,UWOCHENTAG,STRZUSTAND,ULICHTVERH,ISTRAD,ISTPKW,ISTFUSS,ISTKRAD
"POINT (9.980651257000030 53.590975066000098)","Unfall 150534 (2022) Kat:3, Licht: 0","150534","3","5","0","03","11","6","","0","0","1","0","0"
"POINT (9.929247875000041 53.627159742000103)","Unfall 150535 (2022) Kat:3, Licht: 0","150535","3","7","1","05","15","3","","0","0","1","0","0"
"POINT (10.013929200000099 53.559247202000101)","Unfall 150536 (2022) Kat:3, Licht: 0","150536","3","6","2","05","18","6","","0","0","1","0","0"
"POINT (9.938958050000050 53.572887556000097)","Unfall 150537 (2022) Kat:3, Licht: 0","150537","3","3","5","04","15","6","","0","1","1","0","0"
"POINT (10.033463191000100 53.587650257000099)","Unfall 150538 (2022) Kat:3, Licht: 0","150538","3","3","5","05","19","3","","0","1","1","0","0"
"POINT (9.984868855000061 53.583315362000100)","Unfall 150539 (2022) Kat:3, Licht: 0","150539","3","7","0","04","07","6","","0","0","0","0","1"
"POINT (10.019434347000100 53.618137654000101)","Unfall 150540 (2022) Kat:3, Licht: 2","150540","3","6","4","04","22","5","","2","0","1","0","0"
"POINT (10.098485263000001 53.623790114000002)","Unfall 150541 (2022) Kat:3, Licht: 2","150541","3","7","0","06","23","6","","2","1","0","0","0"
"POINT (10.038085483000000 53.641796433000103)","Unfall 150542 (2022) Kat:3, Licht: 0","150542","3","6","2","05","09","1","","0","0","1","0","0"
"POINT (9.951967210000021 53.463185571000103)","Unfall 150543 (2022) Kat:3, Licht: 0","150543","3","3","0","06","15","6","","0","0","1","0","1"
"POINT (9.963974774000061 53.548655691000100)","Unfall 150544 (2022) Kat:3, Licht: 2","150544","3","5","1","06","00","1","","2","0","1","0","0"
"POINT (9.960222368000069 53.552464096999998)","Unfall 150545 (2022) Kat:3, Licht: 1","150545","3","7","6","05","21","6","","1","0","1","1","0"
"POINT (10.067833984000099 53.582181091000102)","Unfall 150546 (2022) Kat:3, Licht: 0","150546","3","6","2","06","10","3","","0","0","1","0","0"
"POINT (10.021133735999999 53.648984111000097)","Unfall 150547 (2022) Kat:3, Licht: 0","150547","3","2","4","04","14","6","","0","1","1","0","0"
"POINT (9.914229254000080 53.642322622000101)","Unfall 150548 (2022) Kat:3, Licht: 0","150548","3","3","5","06","09","2","","0","1","1","0","0"
"POINT (10.105871269000000 53.578293686999999)","Unfall 150549 (2022) Kat:3, Licht: 0","150549","3","7","0","05","15","7","","0","0","0","0","0"
"POINT (10.152677963000000 53.523220264000003)","Unfall 150550 (2022) Kat:3, Licht: 2","150550","3","3","5","04","21","6","","2","0","1","0","0"
"POINT (9.940936481000049 53.578260286999999)","Unfall 150551 (2022) Kat:3, Licht: 2","150551","3","7","0","05","04","1","","2","0","0","0","0"
"POINT (10.000837732999999 53.681086086000100)","Unfall 150552 (2022) Kat:3, Licht: 1","150552","3","6","3","05","20","5","","1","0","1","0","0"
"POINT (9.995653186000030 53.559214858000097)","Unfall 150553 (2022) Kat:3, Licht: 0","150553","3","1","0","05","19","2","","0","1","0","0","0"
"POINT (9.905998460000029 53.613361385000097)","Unfall 150554 (2022) Kat:3, Licht: 0","150554","3","3","5","04","18","3","","0","1","1","0","0"
"POINT (9.987337104000060 53.582230977999998)","Unfall 150555 (2022) Kat:3, Licht: 0","150555","3","6","2","06","12","6","","0","0","1","0","0"
"POINT (9.958099837000081 53.556330348000103)","Unfall 150556 (2022) Kat:3, Licht: 2","150556","3","7","0","05","02","5","","2","0","0","0","0"
"POINT (10.135244775000000 53.576558073999998)","Unfall 150557 (2022) Kat:3, Licht: 0","150557","3","3","5","06","14","1","","0","1","0","0","0"
"POINT (10.153666873000100 53.599029225000002)","Unfall 150558 (2022) Kat:3, Licht: 0","150558","3","6","2","03","07","5","","0","0","1","0","0"
"POINT (10.110892589000100 53.653953715999997)","Unfall 150559 (2022) Kat:3, Licht: 0","150559","3","7","0","06","14","5","","0","1","0","0","0"
"POINT (10.086048454000000 53.618030858000097)","Unfall 150560 (2022) Kat:3, Licht: 0","150560","3","3","5","05","18","3","","0","1","1","0","0"
"POINT (10.149380064000100 53.615599949000099)","Unfall 150561 (2022) Kat:3, Licht: 0","150561","3","3","5","04","07","4","","0","0","1","0","0"
"POINT (10.026620640999999 53.585269418000102)","Unfall 150562 (2022) Kat:3, Licht: 0","150562","3","5","1","06","14","7","","0","1","1","0","0"
"POINT (9.969490238000050 53.576613690999999)","Unfall 150563 (2022) Kat:3, Licht: 0","150563","3","1","0","04","14","4","","0","1","0","0","0"
"POINT (10.082925759000000 53.621756646000101)","Unfall 150564 (2022) Kat:3, Licht: 0","150564","3","7","0","05","20","5","","0","1","0","0","0"
"POINT (10.060778316000000 53.637489418000001)","Unfall 150565 (2022) Kat:3, Licht: 0","150565","3","2","3","04","19","4","","0","0","1","0","0"
"POINT (10.007691437000100 53.497253081000103)","Unfall 150566 (2022) Kat:3, Licht: 0","150566","3","5","1","04","19","7","","0","0","0","1","0"
"POINT (9.983721871000061 53.557770062000003)","Unfall 150567 (2022) Kat:3, Licht: 0","150567","3","6","3","06","21","3","","0","1","1","0","0"
"POINT (9.961838910000040 53.630803602000100)","Unfall 150568 (2022) Kat:3, Licht: 0","150568","3","6","2","05","10","2","","0","0","1","0","0"
"POINT (9.920995494000071 53.589403560000100)","Unfall 150569 (2022) Kat:3, Licht: 0","150569","3","4","6","06","13","2","","0","0","1","1","0"
"POINT (10.141002613000101 53.629157192999998)","Unfall 150570 (2022) Kat:3, Licht: 0","150570","3","7","0","06","10","4","","0","1","0","0","0"
"POINT (10.031365638000100 53.597469015999998)","Unfall 150571 (2022) Kat:3, Licht: 0","150571","3","6","2","06","13","7","","0","0","1","0","0"
"POINT (9.926402774000049 53.610249138000000)","Unfall 150572 (2022) Kat:3, Licht: 2","150572","3","2","2","05","07","3","","2","1","1","0","0"
"POINT (9.982515468000029 53.581249096000100)","Unfall 150573 (2022) Kat:3, Licht: 1","150573","3","6","3","06","17","2","","1","1","0","0","0"
"POINT (9.934815810000030 53.430871814000099)","Unfall 150574 (2022) Kat:3, Licht: 0","150574","3","3","5","03","13","7","","0","0","1","0","0"
"POINT (10.175056625000000 53.647747792000096)","Unfall 150575 (2022) Kat:3, Licht: 0","150575","3","6","2","05","17","5","","0","0","1","0","0"
"POINT (9.974729756000039 53.568805007999998)","Unfall 150576 (2022) Kat:3, Licht: 0","150576","3","7","1","05","08","3","","0","1","0","0","0"
"POINT (9.946304695000039 53.555528743000103)","Unfall 150577 (2022) Kat:3, Licht: 0","150577","3","3","5","04","15","3","","0","1","0","0","0"
"POINT (10.059171542000101 53.593662666999997)","Unfall 150578 (2022) Kat:3, Licht: 0","150578","3","6","3","06","18","5","","0","0","0","0","0"
"POINT (9.850824791000040 53.578815780000099)","Unfall 150579 (2022) Kat:3, Licht: 0","150579","3","3","5","04","13","3","","0","0","1","0","0"
"POINT (10.026155311000000 53.585173888999996)","Unfall 150580 (2022) Kat:3, Licht: 0","150580","3","5","1","05","08","4","","0","0","0","0","1"
"POINT (9.988050502000020 53.556570054000098)","Unfall 150581 (2022) Kat:3, Licht: 0","150581","3","6","3","04","16","3","","0","1","1","0","0"
"POINT (9.916861363000070 53.495367791000000)","Unfall 150582 (2022) Kat:3, Licht: 1","150582","3","3","5","04","20","4","","1","0","1","0","0"
"POINT (10.086047073000000 53.617964610000101)","Unfall 150583 (2022) Kat:2, Licht: 0","150583","2","6","4","06","13","6","","0","0","1","0","0"
"POINT (9.998440179000060 53.669234494000101)","Unfall 150584 (2022) Kat:3, Licht: 0","150584","3","1","0","05","19","1","","0","0","0","0","0"
"POINT (10.036844301000000 53.597537592999998)","Unfall 150585 (2022) Kat:3, Licht: 0","150585","3","2","3","04","16","3","","0","1","1","0","0"
"POINT (10.167032795000100 53.605867082000003)","Unfall 150586 (2022) Kat:3, Licht: 0","150586","3","7","0","06","13","3","","0","1","0","0","0"
"POINT (10.019183178000000 53.552742985000101)","Unfall 150587 (2022) Kat:3, Licht: 0","150587","3","2","4","05","19","1","","0","0","1","0","0"
"POINT (9.979698509000061 53.462644486999999)","Unfall 150588 (2022) Kat:3, Licht: 0","150588","3","3","5","03","16","5","","0","0","0","0","0"
"POINT (10.026680568000099 53.580584989000002)","Unfall 150589 (2022) Kat:3, Licht: 0","150589","3","2","4","05","08","4","","0","1","1","0","0"
"POINT (9.952120396000049 53.577355747000098)","Unfall 150590 (2022) Kat:3, Licht: 0","150590","3","4","6","05","11","6","","0","0","0","1","0"
"POINT (9.997041448000060 53.561408354000001)","Unfall 150591 (2022) Kat:3, Licht: 0","150591","3","6","4","04","18","2","","0","1","1","0","0"
"POINT (10.183584227000001 53.589377652000103)","Unfall 150592 (2022) Kat:3, Licht: 0","150592","3","3","5","05","17","1","","0","0","1","0","1"
"POINT (10.078088347000101 53.564453004000001)","Unfall 150593 (2022) Kat:3, Licht: 0","150593","3","4","6","04","07","4","","0","0","0","1","0"
"POINT (10.007746903000101 53.551999729000002)","Unfall 150594 (2022) Kat:3, Licht: 0","150594","3","6","3","04","13","4","","0","0","1","0","0"
"POINT (9.924235179000050 53.554368989000103)","Unfall 150595 (2022) Kat:3, Licht: 0","150595","3","2","4","06","12","6","","0","1","1","0","0"
"POINT (9.970962943000069 53.582818508999999)","Unfall 150596 (2022) Kat:3, Licht: 0","150596","3","6","2","06","17","4","","0","0","1","0","0"
"POINT (9.941558232000030 53.576305929000100)","Unfall 150597 (2022) Kat:3, Licht: 0","150597","3","7","1","06","10","7","","0","1","1","0","0"
"POINT (10.045789614000100 53.588624389000103)","Unfall 150598 (2022) Kat:3, Licht: 0","150598","3","2","3","05","13","5","","0","0","1","0","0"
"POINT (10.037845124000100 53.569480697000103)","Unfall 150599 (2022) Kat:3, Licht: 2","150599","3","2","6","06","00","3","","2","0","0","1","0"
"POINT (9.983091675000029 53.551451165000103)","Unfall 150600 (2022) Kat:3, Licht: 2","150600","3","7","0","04","04","6","","2","0","0","0","0"
"POINT (10.152831673000000 53.523240927000103)","Unfall 150601 (2022) Kat:3, Licht: 0","150601","3","2","3","04","14","1","","0","1","1","0","0"
"POINT (9.997899574000030 53.544266635000000)","Unfall 150602 (2022) Kat:3, Licht: 0","150602","3","2","3","06","12","6","","0","1","1","0","0"
"POINT (9.978477028000039 53.572181909000101)","Unfall 150603 (2022) Kat:3, Licht: 2","150603","3","6","4","04","22","2","","2","0","1","0","0"
"POINT (10.091751800999999 53.616543913000001)","Unfall 150604 (2022) Kat:3, Licht: 0","150604","3","1","0","05","19","3","","0","0","0","0","0"
"POINT (10.043011605000100 53.596956509999998)","Unfall 150605 (2022) Kat:3, Licht: 0","150605","3","3","5","04","15","2","","0","0","1","0","0"
"POINT (9.955691254000040 53.551975211000098)","Unfall 150606 (2022) Kat:3, Licht: 2","150606","3","6","0","04","22","6","","2","1","0","0","0"
"POINT (10.191516631000100 53.503748727000101)","Unfall 150607 (2022) Kat:3, Licht: 0","150607","3","6","2","06","17","7","","0","0","1","0","0"
"POINT (9.859636113000020 53.476821977999997)","Unfall 150608 (2022) Kat:3, Licht: 0","150608","3","3","5","05","13","6","","0","1","1","0","0"
"POINT (9.926630077000031 53.591993279000100)","Unfall 150609 (2022) Kat:3, Licht: 0","150609","3","7","0","04","16","2","","0","1","0","0","0"
"POINT (10.015655628999999 53.562677941000103)","Unfall 150610 (2022) Kat:3, Licht: 0","150610","3","2","3","06","14","3","","0","1","1","0","0"
"POINT (10.208304161999999 53.481416796000097)","Unfall 150611 (2022) Kat:3, Licht: 0","150611","3","5","5","06","11","2","","0","0","1","0","0"
"POINT (9.999315904000071 53.574288158999998)","Unfall 150612 (2022) Kat:2, Licht: 0","150612","2","1","0","05","14","1","","0","1","0","0","0"
"POINT (10.160360691999999 53.618323362000098)","Unfall 150613 (2022) Kat:3, Licht: 0","150613","3","6","2","03","12","6","","0","0","1","0","1"
"POINT (10.097970714000001 53.596635142000103)","Unfall 150614 (2022) Kat:3, Licht: 0","150614","3","3","5","05","12","4","","0","1","1","0","0"
"POINT (9.987433103000059 53.450064557000097)","Unfall 150615 (2022) Kat:2, Licht: 2","150615","2","4","6","05","22","7","","2","0","1","1","0"
"POINT (9.975115679000060 53.546960295000098)","Unfall 150616 (2022) Kat:3, Licht: 2","150616","3","1","1","04","04","1","","2","0","1","0","0"
"POINT (9.977805052000059 53.555880444000103)","Unfall 150617 (2022) Kat:3, Licht: 0","150617","3","5","1","05","15","3","","0","1","1","0","0"
"POINT (10.205802041000000 53.491505587000098)","Unfall 150618 (2022) Kat:3, Licht: 0","150618","3","3","5","04","18","5","","0","1","1","0","0"
"POINT (9.836999702000069 53.562898922000002)","Unfall 150619 (2022) Kat:2, Licht: 0","150619","2","1","0","04","07","3","","0","1","0","0","0"
"POINT (10.023332157000000 53.537841618000101)","Unfall 150620 (2022) Kat:3, Licht: 0","150620","3","3","5","06","14","6","","0","0","1","0","0"
"POINT (10.015271391000100 53.539602674999998)","Unfall 150621 (2022) Kat:3, Licht: 0","150621","3","7","0","06","13","5","","0","0","0","0","0"
"POINT (10.003216492000000 53.554537525999997)","Unfall 150622 (2022) Kat:3, Licht: 0","150622","3","7","7","06","20","7","","0","1","0","0","0"
"POINT (10.017244856000000 53.536810183000100)","Unfall 150623 (2022) Kat:3, Licht: 0","150623","3","7","0","06","19","1","","0","1","0","0","0"
"POINT (10.013295339000001 53.552816773000103)","Unfall 150624 (2022) Kat:3, Licht: 2","150624","3","6","3","05","21","6","","2","0","1","0","1"
"POINT (9.943264647000030 53.638915910000001)","Unfall 150625 (2022) Kat:3, Licht: 0","150625","3","2","5","06","15","3","","0","1","0","0","0"
"POINT (9.954633714000069 53.557166075000097)","Unfall 150626 (2022) Kat:3, Licht: 0","150626","3","6","2","04","18","7","","0","1","0","0","0"
"POINT (10.015275956000000 53.524238240999999)","Unfall 150627 (2022) Kat:3, Licht: 0","150627","3","3","5","06","15","7","","0","1","0","0","0"
"POINT (10.039317294000099 53.641817386000099)","Unfall 150628 (2022) Kat:3, Licht: 0","150628","3","6","2","05","15","6","","0","0","1","0","0"
"POINT (9.974442503000031 53.610538869000003)","Unfall 150629 (2022) Kat:3, Licht: 1","150629","3","6","2","04","20","1","","1","0","1","0","1"
"POINT (9.978243183000069 53.572075554000001)","Unfall 150630 (2022) Kat:3, Licht: 0","150630","3","2","4","05","10","3","","0","1","1","0","0"
"POINT (9.993789717000030 53.552476472000102)","Unfall 150631 (2022) Kat:3, Licht: 0","150631","3","4","6","05","19","5","","0","0","1","1","0"
"POINT (9.953641076000050 53.629618071000003)","Unfall 150632 (2022) Kat:3, Licht: 0","150632","3","3","5","05","19","1","","0","0","1","0","0"
"POINT (10.095168316000100 53.685017333000097)","Unfall 150633 (2022) Kat:3, Licht: 0","150633","3","7","0","04","13","2","","0","0","0","0","0"
"POINT (9.966289090000030 53.639934938000103)","Unfall 150634 (2022) Kat:3, Licht: 0","150634","3","3","5","06","14","5","","0","1","1","0","0"
"POINT (10.301190577000099 53.435502997000100)","Unfall 150635 (2022) Kat:2, Licht: 0","150635","2","2","4","06","19","7","","0","0","1","0","0"
"POINT (9.983958639000040 53.581239078000102)","Unfall 150636 (2022) Kat:3, Licht: 0","150636","3","2","4","05","19","5","","0","1","1","0","0"
"POINT (10.016021905000100 53.635363349000002)","Unfall 150637 (2022) Kat:3, Licht: 0","150637","3","6","2","06","15","2","","0","0","1","0","0"
"POINT (10.030494782000099 53.679947454999997)","Unfall 150638 (2022) Kat:3, Licht: 0","150638","3","3","5","03","08","4","","0","1","1","0","0"
"POINT (9.957368240000051 53.547396055000000)","Unfall 150639 (2022) Kat:3, Licht: 2","150639","3","1","0","06","21","6","","2","1","0","0","0"
"POINT (10.130469495000099 53.623159012000002)","Unfall 150640 (2022) Kat:3, Licht: 0","150640","3","7","3","06","17","4","","0","0","1","0","0"
"POINT (9.994008898000059 53.579777458000102)","Unfall 150641 (2022) Kat:3, Licht: 0","150641","3","3","5","04","06","4","","0","1","1","0","0"
"POINT (9.895401118000050 53.557355990000097)","Unfall 150642 (2022) Kat:3, Licht: 0","150642","3","3","5","06","18","6","","0","0","1","0","0"
"POINT (9.955656890000061 53.561607116000097)","Unfall 150643 (2022) Kat:3, Licht: 0","150643","3","7","0","04","12","4","","0","1","0","0","0"
"POINT (9.887363762000060 53.565170661000103)","Unfall 150644 (2022) Kat:2, Licht: 2","150644","2","3","5","05","22","5","","2","1","1","0","0"
"POINT (10.055105912000000 53.538833317000098)","Unfall 150645 (2022) Kat:3, Licht: 0","150645","3","3","5","04","17","3","","0","0","1","0","0"
"POINT (10.074804645000000 53.574700485000101)","Unfall 150646 (2022) Kat:3, Licht: 1","150646","3","2","5","04","21","6","","1","0","1","0","0"
"POINT (10.031626717000099 53.596021643000000)","Unfall 150647 (2022) Kat:2, Licht: 0","150647","2","6","3","06","12","1","","0","0","1","0","1"
"POINT (9.977512915000030 53.564308336000103)","Unfall 150648 (2022) Kat:3, Licht: 0","150648","3","3","5","05","16","3","","0","1","1","0","0"
"POINT (9.846278474000030 53.577509916000103)","Unfall 150649 (2022) Kat:3, Licht: 0","150649","3","6","2","06","14","3","","0","0","1","0","0"
"POINT (10.009344733000001 53.649877384000000)","Unfall 150650 (2022) Kat:3, Licht: 0","150650","3","5","5","06","15","4","","0","1","1","0","0"
"POINT (10.002039121999999 53.597908324000102)","Unfall 150651 (2022) Kat:3, Licht: 2","150651","3","7","0","06","01","7","","2","0","0","0","0"
"POINT (9.916452417000070 53.511971809999999)","Unfall 150652 (2022) Kat:3, Licht: 1","150652","3","6","4","05","06","3","","1","0","0","0","1"
"POINT (9.970800758000051 53.545651309000000)","Unfall 150653 (2022) Kat:3, Licht: 0","150653","3","7","0","06","14","1","","0","0","0","0","1"
"POINT (9.936074278000040 53.555640336000103)","Unfall 150654 (2022) Kat:3, Licht: 0","150654","3","7","0","03","07","1","","0","0","0","0","0"
"POINT (9.995310302000060 53.543185754000000)","Unfall 150655 (2022) Kat:3, Licht: 0","150655","3","7","0","05","13","5","","0","0","0","0","0"
"POINT (10.097142865000000 53.544353882000102)","Unfall 150656 (2022) Kat:3, Licht: 0","150656","3","6","2","04","17","3","","0","0","1","0","0"
"POINT (9.998151744000040 53.611955598000101)","Unfall 150657 (2022) Kat:3, Licht: 0","150657","3","6","3","06","08","5","","0","1","0","0","0"
"POINT (9.974342285000031 53.459849155000001)","Unfall 150658 (2022) Kat:3, Licht: 0","150658","3","4","6","05","16","3","","0","0","1","1","0"
"POINT (9.907219891000070 53.567224735000103)","Unfall 150659 (2022) Kat:3, Licht: 0","150659","3","3","5","04","15","2","","0","1","1","0","0"
"POINT (9.925262200000081 53.550069813999997)","Unfall 150660 (2022) Kat:3, Licht: 0","150660","3","2","3","04","10","5","","0","1","1","0","0"
"POINT (10.000108089999999 53.594823239999997)","Unfall 150661 (2022) Kat:3, Licht: 2","150661","3","1","0","06","23","7","","2","0","0","0","0"
"POINT (9.992497345000061 53.557650682000002)","Unfall 150662 (2022) Kat:3, Licht: 0","150662","3","7","0","05","08","1","","0","1","0","0","0"
"POINT (10.001154222000000 53.589239804999998)","Unfall 150663 (2022) Kat:2, Licht: 0","150663","2","5","1","04","16","2","","0","1","1","0","0"
"POINT (10.036150735000000 53.629296651000097)","Unfall 150664 (2022) Kat:3, Licht: 0","150664","3","6","4","06","15","3","","0","1","0","0","0"
"POINT (9.969546557000060 53.557324235000102)","Unfall 150665 (2022) Kat:3, Licht: 0","150665","3","4","6","05","18","1","","0","1","0","1","0"
"POINT (10.016101958000000 53.589913594000102)","Unfall 150666 (2022) Kat:3, Licht: 0","150666","3","6","2","03","14","6","","0","1","1","0","0"
"POINT (9.981972838000051 53.613657758000002)","Unfall 150667 (2022) Kat:3, Licht: 0","150667","3","2","5","05","15","4","","0","1","1","0","0"
"POINT (10.107984850999999 53.606152312000098)","Unfall 150668 (2022) Kat:3, Licht: 1","150668","3","6","2","05","19","7","","1","0","1","0","0"
"POINT (9.981384268000060 53.613686225999999)","Unfall 150669 (2022) Kat:3, Licht: 0","150669","3","3","5","04","07","6","","0","1","1","0","0"
"POINT (10.008487509000100 53.559080406000099)","Unfall 150670 (2022) Kat:3, Licht: 0","150670","3","5","1","05","17","2","","0","1","1","0","0"
"POINT (10.056057285000101 53.647097125000101)","Unfall 150671 (2022) Kat:3, Licht: 0","150671","3","2","6","04","18","4","","0","0","1","1","0"
"POINT (9.955282276000050 53.463808018000101)","Unfall 150672 (2022) Kat:3, Licht: 2","150672","3","7","1","04","02","3","","2","0","1","0","0"
"POINT (10.054957505000100 53.555457180000097)","Unfall 150673 (2022) Kat:3, Licht: 0","150673","3","6","2","06","11","5","","0","0","1","0","0"
"POINT (10.000700468000000 53.520073987000004)","Unfall 150674 (2022) Kat:2, Licht: 0","150674","2","7","3","06","12","4","","0","0","1","0","0"
"POINT (10.209081331000000 53.484257857000003)","Unfall 150675 (2022) Kat:3, Licht: 0","150675","3","2","2","06","08","5","","0","0","1","0","0"
"POINT (10.040796130000000 53.560411678999998)","Unfall 150676 (2022) Kat:3, Licht: 2","150676","3","1","0","05","21","5","","2","1","0","0","0"
"POINT (10.044054788000000 53.584063073000003)","Unfall 150677 (2022) Kat:3, Licht: 0","150677","3","5","5","06","17","2","","0","1","1","0","0"
"POINT (9.894437691000061 53.603959469000102)","Unfall 150678 (2022) Kat:3, Licht: 2","150678","3","3","5","03","05","4","","2","1","1","0","0"
"POINT (10.042011174000001 53.584788310000100)","Unfall 150679 (2022) Kat:2, Licht: 0","150679","2","2","5","04","17","6","","0","1","1","0","0"
"POINT (9.781470879000040 53.518326174999999)","Unfall 150680 (2022) Kat:3, Licht: 2","150680","3","7","0","06","01","7","","2","0","0","0","1"
"POINT (10.015270872000000 53.592707232000102)","Unfall 150681 (2022) Kat:3, Licht: 0","150681","3","6","2","05","16","6","","0","0","1","0","0"
"POINT (10.067398747000000 53.583017329000000)","Unfall 150682 (2022) Kat:3, Licht: 2","150682","3","2","4","04","23","6","","2","0","1","0","0"
"POINT (9.890641621000039 53.626343780000099)","Unfall 150683 (2022) Kat:3, Licht: 2","150683","3","5","1","05","23","1","","2","0","1","0","0"
"POINT (10.057157095999999 53.580175607999998)","Unfall 150684 (2022) Kat:3, Licht: 0","150684","3","2","4","05","07","4","","0","0","1","0","0"
"POINT (10.216532537000001 53.447971754000001)","Unfall 150685 (2022) Kat:2, Licht: 0","150685","2","1","1","05","18","6","","0","0","1","0","0"
"POINT (10.105074455000000 53.545164462000102)","Unfall 150686 (2022) Kat:3, Licht: 0","150686","3","2","0","04","17","7","","0","0","0","0","0"
"POINT (10.168854585000100 53.595205511000103)","Unfall 150687 (2022) Kat:3, Licht: 0","150687","3","2","4","06","10","4","","0","1","1","0","0"
"POINT (10.012064670000001 53.606896528000000)","Unfall 150688 (2022) Kat:3, Licht: 0","150688","3","6","4","05","13","4","","0","1","0","0","0"
"POINT (9.940063321000030 53.448997408000103)","Unfall 150689 (2022) Kat:3, Licht: 0","150689","3","7","0","06","19","1","","0","1","0","0","0"
"POINT (9.958311453000020 53.553105557999999)","Unfall 150690 (2022) Kat:3, Licht: 2","150690","3","6","2","03","23","7","","2","0","1","0","0"
"POINT (9.987218053000049 53.455412674000101)","Unfall 150691 (2022) Kat:3, Licht: 0","150691","3","5","5","06","08","5","","0","1","0","0","0"
"POINT (9.959808288000030 53.555508213000103)","Unfall 150692 (2022) Kat:3, Licht: 0","150692","3","3","5","06","09","4","","0","1","1","0","0"
"POINT (10.033680931999999 53.568008275000103)","Unfall 150693 (2022) Kat:3, Licht: 0","150693","3","2","4","04","09","5","","0","1","0","0","0"
"POINT (9.963764153000060 53.612810160000002)","Unfall 150694 (2022) Kat:3, Licht: 0","150694","3","5","6","06","14","7","","0","0","1","1","0"
"POINT (10.050314097000101 53.593997751000103)","Unfall 150695 (2022) Kat:3, Licht: 2","150695","3","4","6","04","20","3","","2","0","0","1","0"
"POINT (10.046800069000000 53.588575538000001)","Unfall 150696 (2022) Kat:3, Licht: 0","150696","3","6","3","05","16","5","","0","1","0","0","0"
"POINT (10.110377375000001 53.621493846000099)","Unfall 150697 (2022) Kat:2, Licht: 0","150697","2","7","1","04","13","4","","0","0","1","0","0"
"POINT (10.062571961000099 53.570920974000003)","Unfall 150698 (2022) Kat:3, Licht: 2","150698","3","4","6","04","20","6","","2","1","0","1","0"
"POINT (9.907734369000019 53.632577312000102)","Unfall 150699 (2022) Kat:3, Licht: 0","150699","3","3","5","04","12","7","","0","1","1","0","0"
"POINT (9.997091637000040 53.499193300000101)","Unfall 150700 (2022) Kat:3, Licht: 2","150700","3","7","0","06","22","7","","2","1","0","0","0"
"POINT (9.938951045000071 53.551634599000103)","Unfall 150701 (2022) Kat:3, Licht: 0","150701","3","6","6","05","17","7","","0","1","0","1","0"
"POINT (10.117461191000100 53.616348965000000)","Unfall 150702 (2022) Kat:3, Licht: 2","150702","3","1","0","04","22","7","","2","0","0","0","0"
"POINT (10.033120462999999 53.587226399000002)","Unfall 150703 (2022) Kat:3, Licht: 0","150703","3","2","5","05","17","2","","0","1","1","0","0"
"POINT (10.207361728000000 53.480028511999997)","Unfall 150704 (2022) Kat:3, Licht: 0","150704","3","3","5","05","11","4","","0","0","1","0","0"
"POINT (10.016375899000000 53.567619615000098)","Unfall 150705 (2022) Kat:3, Licht: 0","150705","3","7","0","05","15","7","","0","0","0","0","1"
"POINT (10.013832734000101 53.599059318000101)","Unfall 150706 (2022) Kat:3, Licht: 0","150706","3","4","6","04","17","2","","0","0","1","1","0"
"POINT (10.106253731000001 53.538137065999997)","Unfall 150707 (2022) Kat:3, Licht: 0","150707","3","6","2","06","15","5","","0","0","1","0","1"
"POINT (9.933686061000060 53.592651429999997)","Unfall 150708 (2022) Kat:3, Licht: 0","150708","3","3","5","05","06","5","","0","1","1","0","0"
"POINT (9.864415298000040 53.569997138000097)","Unfall 150709 (2022) Kat:3, Licht: 0","150709","3","6","2","06","13","2","","0","0","1","0","0"
"POINT (10.126839024000001 53.546814406000102)","Unfall 150710 (2022) Kat:2, Licht: 2","150710","2","2","4","03","06","3","","2","0","1","0","1"
"POINT (10.177769225000100 53.647042327000101)","Unfall 150711 (2022) Kat:3, Licht: 0","150711","3","3","5","06","17","5","","0","0","1","0","0"
"POINT (10.107016113000000 53.570702105000102)","Unfall 150712 (2022) Kat:3, Licht: 0","150712","3","3","5","06","14","4","","0","0","1","0","0"
"POINT (9.992365003000030 53.507879145000103)","Unfall 150713 (2022) Kat:3, Licht: 0","150713","3","4","6","04","16","4","","0","0","1","1","0"
"POINT (9.846960678000070 53.574991095000001)","Unfall 150714 (2022) Kat:3, Licht: 0","150714","3","6","2","06","13","6","","0","0","1","0","0"
"POINT (10.123202687000100 53.568816678000097)","Unfall 150715 (2022) Kat:3, Licht: 0","150715","3","3","5","04","15","3","","0","1","1","0","0"
"POINT (10.007968506999999 53.577769951000100)","Unfall 150716 (2022) Kat:3, Licht: 0","150716","3","3","5","05","12","5","","0","1","0","0","0"
"POINT (9.958330377000040 53.556896791000000)","Unfall 150717 (2022) Kat:3, Licht: 0","150717","3","3","5","04","19","5","","0","1","1","0","0"
"POINT (9.906205203000070 53.613960763000101)","Unfall 150718 (2022) Kat:3, Licht: 0","150718","3","4","6","04","11","6","","0","0","0","1","0"
"POINT (10.068903442000000 53.553333270000103)","Unfall 150719 (2022) Kat:3, Licht: 0","150719","3","1","0","06","15","1","","0","0","0","0","1"