WKT,Name,OBJECTID,UKATEGORIE,UTYP1,UART,UMONAT,USTUNDE,UWOCHENTAG,STRZUSTAND,ULICHTVERH,ISTRAD,ISTPKW,ISTFUSS,ISTKRAD
"POINT (9.897641334000070 53.571586043000103)","Unfall 150720 (2022) Kat:3, Licht: 0","150720","3","4","6","05","19","2","","0","1","0","1","0"
"POINT (9.983483065000030 53.593747637000000)","Unfall 150721 (2022) Kat:3, Licht: 0","150721","3","7","0","06","12","3","","0","1","0","0","0"
"POINT (10.001336724000099 53.606098150000001)","Unfall 150722 (2022) Kat:3, Licht: 0","150722","3","4","6","06","11","4","","0","1","1","1","0"
"POINT (9.983395052000050 53.460506002999999)","Unfall 150723 (2022) Kat:3, Licht: 2","150723","3","1","0","05","22","2","","2","0","0","0","0"
"POINT (9.974725001000021 53.556537572000103)","Unfall 150724 (2022) Kat:3, Licht: 0","150724","3","6","3","06","19","2","","0","0","1","0","0"
"POINT (9.948779163000040 53.581441247000001)","Unfall 150725 (2022) Kat:2, Licht: 0","150725","2","7","0","03","12","2","","0","1","0","0","0"
"POINT (10.041612631000000 53.556023326999998)","Unfall 150726 (2022) Kat:3, Licht: 0","150726","3","7","0","05","09","5","","0","0","0","0","0"
"POINT (9.959611878000031 53.552891676000101)","Unfall 150727 (2022) Kat:3, Licht: 2","150727","3","6","4","06","03","6","","2","0","0","0","0"
"POINT (9.998209376000030 53.428439193000003)","Unfall 150728 (2022) Kat:3, Licht: 2","150728","3","6","6","04","21","2","","2","0","0","1","0"
"POINT (10.040225444000001 53.570474196000099)","Unfall 150729 (2022) Kat:3, Licht: 1","150729","3","7","0","05","19","3","","1","1","0","0","0"
"POINT (9.966665039000080 53.545729328999997)","Unfall 150730 (2022) Kat:3, Licht: 0","150730","3","6","6","04","19","7","","0","1","0","1","0"
"POINT (10.096532570000001 53.649849852999999)","Unfall 150731 (2022) Kat:3, Licht: 0","150731","3","2","4","04","10","5","","0","0","1","0","0"
"POINT (10.003732086000101 53.557409206999999)","Unfall 150732 (2022) Kat:3, Licht: 2","150732","3","1","0","06","23","7","","2","0","0","0","0"
"POINT (9.981006240000060 53.566995167000101)","Unfall 150733 (2022) Kat:3, Licht: 0","150733","3","6","2","05","19","7","","0","0","1","0","0"
"POINT (10.019236657000000 53.552714648000098)","Unfall 150734 (2022) Kat:2, Licht: 0","150734","2","3","5","04","17","4","","0","0","1","0","1"
"POINT (9.994047726000080 53.558824057000002)","Unfall 150735 (2022) Kat:3, Licht: 0","150735","3","3","5","06","08","4","","0","1","1","0","0"
"POINT (9.918584057000031 53.594463576000102)","Unfall 150736 (2022) Kat:3, Licht: 0","150736","3","7","8","06","20","3","","0","0","0","0","0"
"POINT (10.040355444000101 53.570316828999999)","Unfall 150737 (2022) Kat:3, Licht: 0","150737","3","7","0","05","19","1","","0","1","0","0","0"
"POINT (10.196632154000000 53.416625695000100)","Unfall 150738 (2022) Kat:3, Licht: 2","150738","3","7","0","03","19","6","","2","0","0","0","1"
"POINT (9.921880959000021 53.591442194000102)","Unfall 150739 (2022) Kat:3, Licht: 0","150739","3","2","4","05","12","3","","0","1","1","0","0"
"POINT (10.005369659000101 53.557952962999998)","Unfall 150740 (2022) Kat:3, Licht: 0","150740","3","6","4","05","18","6","","0","1","0","0","0"
"POINT (10.177059070000000 53.497640146000002)","Unfall 150741 (2022) Kat:3, Licht: 0","150741","3","5","1","04","08","6","","0","1","0","0","0"
"POINT (9.937772246000071 53.572806776000000)","Unfall 150742 (2022) Kat:3, Licht: 0","150742","3","6","3","05","08","2","","0","0","1","0","1"
"POINT (10.072534599000100 53.583408887000097)","Unfall 150743 (2022) Kat:3, Licht: 0","150743","3","6","2","04","17","4","","0","0","1","0","0"
"POINT (9.997437949000069 53.578555297000001)","Unfall 150744 (2022) Kat:3, Licht: 0","150744","3","2","3","04","19","3","","0","1","0","0","0"
"POINT (9.941571272000029 53.564755255000101)","Unfall 150745 (2022) Kat:3, Licht: 0","150745","3","7","1","06","13","6","","0","1","1","0","0"
"POINT (10.201849601999999 53.488734516000100)","Unfall 150746 (2022) Kat:3, Licht: 0","150746","3","6","2","06","14","4","","0","0","1","0","0"
"POINT (10.075420392000099 53.655444160000101)","Unfall 150747 (2022) Kat:3, Licht: 0","150747","3","7","0","06","09","5","","0","1","0","0","0"
"POINT (10.110421698000000 53.593029672999997)","Unfall 150748 (2022) Kat:3, Licht: 0","150748","3","3","5","05","06","5","","0","1","1","0","0"
"POINT (10.146495749000101 53.603682360000100)","Unfall 150749 (2022) Kat:3, Licht: 0","150749","3","2","3","06","17","2","","0","0","1","0","0"
"POINT (9.995782395000051 53.588423644999999)","Unfall 150750 (2022) Kat:3, Licht: 0","150750","3","3","5","03","13","3","","0","1","1","0","0"
"POINT (10.164358847000100 53.621369920000099)","Unfall 150751 (2022) Kat:1, Licht: 0","150751","1","6","6","05","15","3","","0","1","0","1","0"
"POINT (10.005533541000000 53.557768555999999)","Unfall 150752 (2022) Kat:3, Licht: 0","150752","3","6","3","04","18","6","","0","1","1","0","0"
"POINT (10.071466399000000 53.571699916000100)","Unfall 150753 (2022) Kat:2, Licht: 2","150753","2","6","3","06","00","6","","2","0","1","0","0"
"POINT (9.959658533000040 53.591190524000098)","Unfall 150754 (2022) Kat:2, Licht: 0","150754","2","7","1","05","09","7","","0","0","1","0","1"
"POINT (9.914543896000049 53.632117110000102)","Unfall 150755 (2022) Kat:3, Licht: 0","150755","3","7","0","04","11","4","","0","1","0","0","0"
"POINT (9.947704382000040 53.560985163000097)","Unfall 150756 (2022) Kat:3, Licht: 1","150756","3","3","5","05","23","2","","1","1","0","0","0"
"POINT (9.868346710000029 53.547833430000097)","Unfall 150757 (2022) Kat:3, Licht: 0","150757","3","7","0","05","13","4","","0","1","0","0","0"
"POINT (9.997252876000060 53.578535881000100)","Unfall 150758 (2022) Kat:3, Licht: 0","150758","3","2","3","05","12","7","","0","1","1","0","0"
"POINT (10.061339310999999 53.588938419999998)","Unfall 150759 (2022) Kat:3, Licht: 0","150759","3","2","4","04","12","2","","0","1","0","0","0"
"POINT (9.996867350000061 53.547568006000098)","Unfall 150760 (2022) Kat:3, Licht: 0","150760","3","7","4","06","19","5","","0","0","1","0","0"
"POINT (9.980805874000049 53.447638656000002)","Unfall 150761 (2022) Kat:3, Licht: 0","150761","3","1","0","05","14","3","","0","1","0","0","0"
"POINT (10.021370252000100 53.591614021000098)","Unfall 150762 (2022) Kat:3, Licht: 0","150762","3","2","3","06","14","7","","0","0","1","0","1"
"POINT (10.065802435000000 53.578431598000101)","Unfall 150763 (2022) Kat:3, Licht: 0","150763","3","5","1","03","12","2","","0","1","1","0","0"
"POINT (9.995369787000071 53.543102534000099)","Unfall 150764 (2022) Kat:3, Licht: 0","150764","3","7","7","05","13","5","","0","1","0","0","0"
"POINT (10.010944845999999 53.623647822000102)","Unfall 150765 (2022) Kat:3, Licht: 0","150765","3","6","2","06","07","5","","0","0","1","0","0"
"POINT (10.066366718999999 53.584684002000103)","Unfall 150766 (2022) Kat:3, Licht: 0","150766","3","3","5","05","06","2","","0","0","1","0","0"
"POINT (9.930728692000059 53.561596961000099)","Unfall 150767 (2022) Kat:3, Licht: 0","150767","3","6","4","04","09","5","","0","0","1","0","1"
"POINT (10.189249767000000 53.607158598000098)","Unfall 150768 (2022) Kat:3, Licht: 0","150768","3","7","0","06","13","5","","0","0","0","0","1"
"POINT (10.000871145000101 53.589482291000103)","Unfall 150769 (2022) Kat:3, Licht: 0","150769","3","3","5","05","13","5","","0","1","1","0","0"
"POINT (10.189641381000101 53.608497491000001)","Unfall 150770 (2022) Kat:3, Licht: 0","150770","3","3","5","04","06","2","","0","0","1","0","0"
"POINT (10.239746996000100 53.475583106999999)","Unfall 150771 (2022) Kat:3, Licht: 0","150771","3","3","5","04","12","6","","0","0","1","0","0"
"POINT (10.026015399000100 53.629385275000097)","Unfall 150772 (2022) Kat:3, Licht: 0","150772","3","1","0","06","11","3","","0","1","0","0","0"
"POINT (10.010814000000000 53.460765516000002)","Unfall 150773 (2022) Kat:3, Licht: 0","150773","3","5","5","05","14","2","","0","0","1","0","0"
"POINT (10.044447906000100 53.579228758000099)","Unfall 150774 (2022) Kat:3, Licht: 0","150774","3","3","5","06","12","2","","0","1","1","0","0"
"POINT (9.925549865000050 53.550742521000103)","Unfall 150775 (2022) Kat:3, Licht: 0","150775","3","7","0","06","19","3","","0","1","0","0","0"
"POINT (9.918596841000070 53.572432190000001)","Unfall 150776 (2022) Kat:3, Licht: 0","150776","3","2","3","05","08","2","","0","1","0","0","0"
"POINT (10.180792348000100 53.659042319000001)","Unfall 150777 (2022) Kat:3, Licht: 0","150777","3","7","0","03","14","6","","0","1","0","0","0"
"POINT (9.988563204000060 53.440241168999997)","Unfall 150778 (2022) Kat:3, Licht: 0","150778","3","2","3","05","14","4","","0","1","1","0","0"
"POINT (9.948595475000049 53.640769417000101)","Unfall 150779 (2022) Kat:3, Licht: 0","150779","3","1","0","05","17","6","","0","0","0","0","0"
"POINT (9.873355858000020 53.586741560000100)","Unfall 150780 (2022) Kat:3, Licht: 0","150780","3","7","0","04","09","7","","0","0","0","0","0"
"POINT (9.963415769000051 53.560257847999999)","Unfall 150781 (2022) Kat:3, Licht: 0","150781","3","7","1","05","13","3","","0","1","1","0","0"
"POINT (10.068060063000100 53.579270257000097)","Unfall 150782 (2022) Kat:3, Licht: 0","150782","3","2","3","04","14","6","","0","1","1","0","0"
"POINT (10.070400451000101 53.573013511000099)","Unfall 150783 (2022) Kat:3, Licht: 0","150783","3","3","5","04","15","4","","0","1","1","0","0"
"POINT (10.003745565999999 53.557412323000101)","Unfall 150784 (2022) Kat:3, Licht: 2","150784","3","1","0","06","23","7","","2","0","0","0","0"
"POINT (9.983485100000051 53.444198222000097)","Unfall 150785 (2022) Kat:3, Licht: 0","150785","3","6","4","05","18","6","","0","1","1","0","0"
"POINT (9.996360542000049 53.552781920000001)","Unfall 150786 (2022) Kat:3, Licht: 0","150786","3","7","0","05","18","6","","0","1","0","0","0"
"POINT (10.029388482000099 53.637101901000101)","Unfall 150787 (2022) Kat:3, Licht: 0","150787","3","5","1","06","15","3","","0","0","0","0","0"
"POINT (9.914764939000070 53.627674407000001)","Unfall 150788 (2022) Kat:3, Licht: 0","150788","3","5","1","06","15","1","","0","1","1","0","0"
"POINT (10.045184707000001 53.589912164000097)","Unfall 150789 (2022) Kat:3, Licht: 0","150789","3","2","3","05","16","2","","0","1","1","0","0"
"POINT (10.151386872000000 53.649458437000099)","Unfall 150790 (2022) Kat:1, Licht: 2","150790","1","6","4","06","22","2","","2","0","1","0","0"
"POINT (10.045003822000099 53.590270291000103)","Unfall 150791 (2022) Kat:2, Licht: 0","150791","2","5","1","06","15","3","","0","1","0","0","0"
"POINT (10.077521227000000 53.575623663999998)","Unfall 150792 (2022) Kat:3, Licht: 0","150792","3","6","2","05","14","2","","0","0","1","0","0"
"POINT (10.095338005000000 53.547845099000000)","Unfall 150793 (2022) Kat:3, Licht: 0","150793","3","3","5","03","15","6","","0","1","1","0","0"
"POINT (9.884160439000031 53.580962481000000)","Unfall 150794 (2022) Kat:3, Licht: 0","150794","3","2","3","05","18","6","","0","1","0","0","0"
"POINT (9.930205434000070 53.592326829999998)","Unfall 150795 (2022) Kat:3, Licht: 0","150795","3","6","2","05","15","3","","0","0","1","0","0"
"POINT (9.989581933000069 53.447903918000101)","Unfall 150796 (2022) Kat:3, Licht: 0","150796","3","6","3","06","18","4","","0","0","1","0","0"
"POINT (10.103065334000100 53.557738207000099)","Unfall 150797 (2022) Kat:3, Licht: 0","150797","3","5","1","04","17","2","","0","0","1","0","0"
"POINT (9.981162426000029 53.571476087000100)","Unfall 150798 (2022) Kat:3, Licht: 0","150798","3","4","6","05","17","3","","0","1","0","1","0"
"POINT (10.023000935000001 53.611074230000000)","Unfall 150799 (2022) Kat:3, Licht: 2","150799","3","1","0","04","05","7","","2","0","0","0","0"
"POINT (9.903139877000060 53.587643110999998)","Unfall 150800 (2022) Kat:3, Licht: 0","150800","3","7","0","04","18","5","","0","1","0","0","0"
"POINT (9.956384499000020 53.547404852000099)","Unfall 150801 (2022) Kat:3, Licht: 2","150801","3","1","0","06","03","7","","2","0","0","0","0"
"POINT (9.991998174000059 53.504991502000102)","Unfall 150802 (2022) Kat:3, Licht: 0","150802","3","2","3","05","12","6","","0","1","0","0","0"
"POINT (10.037312871999999 53.569210597000101)","Unfall 150803 (2022) Kat:3, Licht: 0","150803","3","7","0","05","08","5","","0","1","0","0","0"
"POINT (10.018609573999999 53.582994988999999)","Unfall 150804 (2022) Kat:3, Licht: 0","150804","3","6","6","06","10","4","","0","1","0","1","0"
"POINT (10.007137373000001 53.604557112000101)","Unfall 150805 (2022) Kat:3, Licht: 1","150805","3","7","0","06","20","7","","1","1","0","0","0"
"POINT (9.979395018000050 53.569347944000100)","Unfall 150806 (2022) Kat:3, Licht: 0","150806","3","7","0","05","16","1","","0","1","0","0","0"
"POINT (9.922077749000040 53.631877772000102)","Unfall 150807 (2022) Kat:3, Licht: 0","150807","3","6","3","04","15","1","","0","0","1","0","0"
"POINT (10.023449561000101 53.549876337000100)","Unfall 150808 (2022) Kat:3, Licht: 0","150808","3","3","5","05","12","3","","0","0","0","0","1"
"POINT (9.784637193000041 53.531813140000096)","Unfall 150809 (2022) Kat:3, Licht: 2","150809","3","6","0","05","21","5","","2","0","1","0","0"
"POINT (10.133290626000100 53.676384962999997)","Unfall 150810 (2022) Kat:3, Licht: 0","150810","3","7","1","05","08","2","","0","0","0","0","1"
"POINT (9.942002755000029 53.599138703000101)","Unfall 150811 (2022) Kat:3, Licht: 0","150811","3","3","5","04","08","5","","0","1","1","0","0"
"POINT (10.113876038000100 53.624810860000103)","Unfall 150812 (2022) Kat:3, Licht: 0","150812","3","3","5","04","06","3","","0","0","1","0","0"
"POINT (9.890174321000069 53.612859700999998)","Unfall 150813 (2022) Kat:3, Licht: 0","150813","3","3","5","06","08","6","","0","0","1","0","0"
"POINT (9.981765015000059 53.544070734000101)","Unfall 150814 (2022) Kat:3, Licht: 0","150814","3","1","2","06","13","4","","0","1","0","0","0"
"POINT (10.123367927000100 53.667121795000099)","Unfall 150815 (2022) Kat:3, Licht: 0","150815","3","6","4","06","14","5","","0","0","1","0","0"
"POINT (10.113900587000000 53.690117385000100)","Unfall 150816 (2022) Kat:3, Licht: 0","150816","3","7","0","05","13","4","","0","1","0","0","0"
"POINT (10.081541690000099 53.608193890000102)","Unfall 150817 (2022) Kat:3, Licht: 0","150817","3","6","2","06","14","1","","0","0","1","0","1"
"POINT (10.000266178000100 53.498235579000003)","Unfall 150818 (2022) Kat:3, Licht: 0","150818","3","2","3","03","09","3","","0","1","0","0","0"
"POINT (10.046174151000100 53.596244347000003)","Unfall 150819 (2022) Kat:2, Licht: 0","150819","2","6","4","06","14","6","","0","1","0","0","0"
"POINT (10.073795373000101 53.613503494000000)","Unfall 150820 (2022) Kat:3, Licht: 0","150820","3","7","0","06","09","4","","0","0","0","0","0"
"POINT (10.001954833000100 53.557155056000099)","Unfall 150821 (2022) Kat:3, Licht: 0","150821","3","6","2","04","11","6","","0","0","1","0","0"
"POINT (10.020316437000099 53.551054849000103)","Unfall 150822 (2022) Kat:2, Licht: 0","150822","2","4","6","06","12","7","","0","0","1","1","0"
"POINT (10.033567536000000 53.620444564000103)","Unfall 150823 (2022) Kat:3, Licht: 0","150823","3","6","2","04","16","3","","0","0","1","0","0"
"POINT (9.949525123000059 53.571434651000096)","Unfall 150824 (2022) Kat:3, Licht: 0","150824","3","7","0","05","16","6","","0","0","0","0","1"
"POINT (10.093631014000000 53.581053573000098)","Unfall 150825 (2022) Kat:3, Licht: 0","150825","3","6","0","04","14","5","","0","1","1","0","0"
"POINT (10.102224659999999 53.541841914000003)","Unfall 150826 (2022) Kat:3, Licht: 0","150826","3","6","2","05","17","2","","0","0","1","0","0"
"POINT (10.038585137000000 53.608402835000000)","Unfall 150827 (2022) Kat:3, Licht: 0","150827","3","2","3","06","11","3","","0","1","1","0","0"
"POINT (10.023334554000000 53.558266132000000)","Unfall 150828 (2022) Kat:3, Licht: 0","150828","3","2","3","05","19","4","","0","1","1","0","0"
"POINT (10.142925158000001 53.627898346000102)","Unfall 150829 (2022) Kat:3, Licht: 0","150829","3","6","3","05","12","6","","0","0","1","0","1"
"POINT (9.966154527000070 53.569282047999998)","Unfall 150830 (2022) Kat:3, Licht: 0","150830","3","6","2","04","09","2","","0","0","1","0","0"
"POINT (9.962433277000059 53.577753854000001)","Unfall 150831 (2022) Kat:3, Licht: 0","150831","3","5","1","06","09","5","","0","1","0","0","0"
"POINT (10.042150512999999 53.536617251000102)","Unfall 150832 (2022) Kat:3, Licht: 0","150832","3","1","0","05","20","2","","0","0","0","0","0"
"POINT (10.054197253000000 53.486054034000098)","Unfall 150833 (2022) Kat:3, Licht: 0","150833","3","3","5","06","16","1","","0","1","1","0","0"
"POINT (9.951984170000060 53.582091931000001)","Unfall 150834 (2022) Kat:3, Licht: 0","150834","3","6","2","03","13","2","","0","1","1","0","0"
"POINT (10.006093791000101 53.558180972999999)","Unfall 150835 (2022) Kat:3, Licht: 0","150835","3","6","2","05","13","5","","0","0","1","0","0"
"POINT (10.006326364000101 53.548513896000003)","Unfall 150836 (2022) Kat:3, Licht: 0","150836","3","6","3","04","09","4","","0","0","1","0","1"
"POINT (9.996363306000029 53.452414906000101)","Unfall 150837 (2022) Kat:3, Licht: 1","150837","3","3","5","06","06","4","","1","0","1","0","0"
"POINT (10.090611812000100 53.549230115000100)","Unfall 150838 (2022) Kat:2, Licht: 0","150838","2","6","2","05","08","4","","0","0","1","0","0"
"POINT (9.826901061000060 53.566092829000098)","Unfall 150839 (2022) Kat:3, Licht: 0","150839","3","2","3","04","15","7","","0","1","1","0","0"
"POINT (9.919291485000031 53.628243155000099)","Unfall 150840 (2022) Kat:3, Licht: 0","150840","3","5","1","04","18","7","","0","1","1","0","0"
"POINT (9.987904549000060 53.558138351000103)","Unfall 150841 (2022) Kat:3, Licht: 2","150841","3","7","0","06","00","1","","2","0","0","0","0"
"POINT (9.928019411000040 53.553477794999999)","Unfall 150842 (2022) Kat:3, Licht: 0","150842","3","6","2","05","11","7","","0","1","1","0","0"
"POINT (10.010546707000101 53.559746412999999)","Unfall 150843 (2022) Kat:3, Licht: 0","150843","3","5","1","06","16","3","","0","1","1","0","0"
"POINT (10.177027706000001 53.630616475000103)","Unfall 150844 (2022) Kat:2, Licht: 2","150844","2","7","0","06","04","2","","2","1","0","0","0"
"POINT (9.968178005000031 53.546107055000000)","Unfall 150845 (2022) Kat:3, Licht: 0","150845","3","4","6","05","16","2","","0","0","1","1","0"
"POINT (9.998297713000060 53.543441990000098)","Unfall 150846 (2022) Kat:3, Licht: 0","150846","3","7","0","03","15","7","","0","0","0","0","0"
"POINT (9.970571535000030 53.460402098000003)","Unfall 150847 (2022) Kat:3, Licht: 0","150847","3","2","5","05","16","3","","0","1","1","0","0"
"POINT (9.998138368000070 53.557673946000101)","Unfall 150848 (2022) Kat:2, Licht: 0","150848","2","1","4","05","15","2","","0","1","1","0","0"
"POINT (9.991301080000030 53.555038298000099)","Unfall 150849 (2022) Kat:3, Licht: 2","150849","3","7","0","04","22","6","","2","1","0","0","0"
"POINT (9.965444018000030 53.563403235000102)","Unfall 150850 (2022) Kat:3, Licht: 0","150850","3","1","0","05","20","1","","0","0","0","0","0"
"POINT (10.009184253999999 53.648354978000000)","Unfall 150851 (2022) Kat:3, Licht: 0","150851","3","6","2","04","12","6","","0","0","1","0","0"
"POINT (9.965150977000061 53.603551983000003)","Unfall 150852 (2022) Kat:3, Licht: 0","150852","3","3","5","04","13","3","","0","0","1","0","0"
"POINT (9.823735716000041 53.560881631000001)","Unfall 150853 (2022) Kat:3, Licht: 2","150853","3","7","8","06","22","6","","2","0","0","0","0"
"POINT (9.960243802000040 53.574345639999997)","Unfall 150854 (2022) Kat:3, Licht: 0","150854","3","6","0","06","12","4","","0","1","0","0","0"
"POINT (9.965433887000071 53.565294682999998)","Unfall 150855 (2022) Kat:3, Licht: 2","150855","3","1","0","06","02","7","","2","0","0","0","0"
"POINT (10.007488898000100 53.623126967000097)","Unfall 150856 (2022) Kat:3, Licht: 2","150856","3","7","0","05","22","5","","2","1","0","0","0"
"POINT (9.955530125000051 53.580618889999997)","Unfall 150857 (2022) Kat:3, Licht: 0","150857","3","5","5","06","19","4","","0","1","0","0","0"
"POINT (10.039658000999999 53.532295684000097)","Unfall 150858 (2022) Kat:2, Licht: 0","150858","2","3","5","06","12","6","","0","1","1","0","0"
"POINT (9.946526294000019 53.561793120000097)","Unfall 150859 (2022) Kat:2, Licht: 2","150859","2","6","3","04","21","6","","2","0","1","0","1"
"POINT (9.978487910000069 53.571162600999997)","Unfall 150860 (2022) Kat:3, Licht: 0","150860","3","3","5","06","12","2","","0","0","0","0","0"
"POINT (10.021942605000000 53.543975574000100)","Unfall 150861 (2022) Kat:3, Licht: 0","150861","3","6","2","05","13","6","","0","0","1","0","0"
"POINT (10.139105424000000 53.581473210000098)","Unfall 150862 (2022) Kat:3, Licht: 2","150862","3","6","6","04","20","6","","2","0","1","1","0"
"POINT (9.947500962000049 53.575474770000000)","Unfall 150863 (2022) Kat:3, Licht: 0","150863","3","2","3","05","19","2","","0","1","0","0","0"
"POINT (9.852646735000061 53.592398925000097)","Unfall 150864 (2022) Kat:2, Licht: 0","150864","2","4","6","05","20","5","","0","0","1","1","0"
"POINT (9.961432408000061 53.620075976000102)","Unfall 150865 (2022) Kat:3, Licht: 2","150865","3","5","1","05","22","1","","2","1","1","0","0"
"POINT (9.862393838000060 53.461117647999998)","Unfall 150866 (2022) Kat:3, Licht: 0","150866","3","3","0","04","11","1","","0","1","0","0","1"
"POINT (10.045232344000100 53.579055040000100)","Unfall 150867 (2022) Kat:3, Licht: 0","150867","3","6","2","06","12","6","","0","0","1","0","0"
"POINT (9.974757086000070 53.579525054000001)","Unfall 150868 (2022) Kat:3, Licht: 0","150868","3","6","1","05","15","5","","0","0","1","0","1"
"POINT (10.030717205000000 53.565978539000099)","Unfall 150869 (2022) Kat:3, Licht: 0","150869","3","7","1","06","08","2","","0","1","1","0","0"
"POINT (10.159773097000000 53.617881955000001)","Unfall 150870 (2022) Kat:3, Licht: 0","150870","3","6","2","03","07","5","","0","0","1","0","0"
"POINT (10.024915793000000 53.562705675000103)","Unfall 150871 (2022) Kat:3, Licht: 0","150871","3","6","3","06","11","5","","0","0","1","0","0"
"POINT (10.109217994000099 53.586273607000102)","Unfall 150872 (2022) Kat:3, Licht: 0","150872","3","1","0","06","09","4","","0","1","0","0","0"
"POINT (10.018091753000000 53.568737901000098)","Unfall 150873 (2022) Kat:3, Licht: 2","150873","3","2","3","04","21","4","","2","1","1","0","0"
"POINT (10.024056105000099 53.528013356000002)","Unfall 150874 (2022) Kat:3, Licht: 0","150874","3","3","5","06","15","6","","0","0","1","0","0"
"POINT (9.992551105000080 53.591906020000103)","Unfall 150875 (2022) Kat:3, Licht: 0","150875","3","4","6","04","15","4","","0","0","1","1","0"
"POINT (9.992673425000021 53.557625268999999)","Unfall 150876 (2022) Kat:3, Licht: 0","150876","3","7","0","05","17","6","","0","1","0","0","0"
"POINT (10.120888509000100 53.564644765000097)","Unfall 150877 (2022) Kat:2, Licht: 0","150877","2","6","2","04","12","4","","0","0","1","0","0"
"POINT (10.072107084000001 53.596909383000103)","Unfall 150878 (2022) Kat:3, Licht: 0","150878","3","6","2","04","18","7","","0","0","1","0","0"
"POINT (9.994454080000031 53.559894658000097)","Unfall 150879 (2022) Kat:3, Licht: 1","150879","3","3","5","06","04","1","","1","0","1","0","0"
"POINT (9.898428132000049 53.592880910000098)","Unfall 150880 (2022) Kat:3, Licht: 2","150880","3","2","6","05","23","2","","2","0","1","1","0"
"POINT (10.103802045000100 53.701923718000003)","Unfall 150881 (2022) Kat:3, Licht: 0","150881","3","3","5","04","20","6","","0","1","1","0","0"
"POINT (10.069357314000101 53.572022207000003)","Unfall 150882 (2022) Kat:2, Licht: 2","150882","2","4","6","06","23","7","","2","0","0","1","0"
"POINT (10.128026652000100 53.601917819999997)","Unfall 150883 (2022) Kat:2, Licht: 0","150883","2","2","4","05","10","7","","0","1","0","0","0"
"POINT (10.094461675000000 53.606619315000003)","Unfall 150884 (2022) Kat:3, Licht: 0","150884","3","6","2","04","17","7","","0","0","1","0","1"
"POINT (9.982621972000061 53.544241339000102)","Unfall 150885 (2022) Kat:3, Licht: 2","150885","3","3","5","05","21","3","","2","0","1","0","0"
"POINT (10.147983131000000 53.569641496000003)","Unfall 150886 (2022) Kat:3, Licht: 0","150886","3","2","5","05","15","5","","0","0","1","0","0"
"POINT (10.004335965000100 53.497213125000002)","Unfall 150887 (2022) Kat:3, Licht: 0","150887","3","6","2","05","18","1","","0","0","1","0","0"
"POINT (10.065415191000101 53.595602474000003)","Unfall 150888 (2022) Kat:2, Licht: 0","150888","2","5","1","04","06","3","","0","0","1","0","0"
"POINT (9.875849465000041 53.588392391000099)","Unfall 150889 (2022) Kat:3, Licht: 0","150889","3","6","2","06","12","4","","0","0","1","0","0"
"POINT (9.949246612000019 53.604861406000097)","Unfall 150890 (2022) Kat:3, Licht: 0","150890","3","5","3","06","12","6","","0","0","1","0","0"
"POINT (10.006369191999999 53.632751390000102)","Unfall 150891 (2022) Kat:3, Licht: 0","150891","3","7","1","05","12","4","","0","0","0","0","0"
"POINT (10.000137931999999 53.549991224999999)","Unfall 150892 (2022) Kat:3, Licht: 0","150892","3","2","0","06","12","3","","0","0","0","0","0"
"POINT (10.032545550000100 53.623383189000002)","Unfall 150893 (2022) Kat:3, Licht: 0","150893","3","3","5","03","07","5","","0","0","1","0","0"
"POINT (9.990931340000030 53.560655328000102)","Unfall 150894 (2022) Kat:3, Licht: 0","150894","3","3","0","06","12","5","","0","1","0","0","0"
"POINT (9.944555955000061 53.577588408000103)","Unfall 150895 (2022) Kat:3, Licht: 1","150895","3","7","0","06","08","4","","1","1","0","0","0"
"POINT (9.979547181000040 53.572450834999998)","Unfall 150896 (2022) Kat:3, Licht: 0","150896","3","7","3","04","14","5","","0","0","1","0","1"
"POINT (10.068448500000001 53.583216311000101)","Unfall 150897 (2022) Kat:3, Licht: 0","150897","3","7","0","06","17","6","","0","0","0","0","0"
"POINT (9.958295848000031 53.564057553000097)","Unfall 150898 (2022) Kat:3, Licht: 0","150898","3","7","0","05","17","5","","0","1","0","0","0"
"POINT (10.152432364999999 53.621119880000002)","Unfall 150899 (2022) Kat:3, Licht: 0","150899","3","3","5","04","12","4","","0","1","1","0","0"
"POINT (9.959074095000060 53.549590833000103)","Unfall 150900 (2022) Kat:3, Licht: 2","150900","3","7","0","05","02","1","","2","1","0","0","0"
"POINT (9.905997691000040 53.613358695000002)","Unfall 150901 (2022) Kat:3, Licht: 0","150901","3","5","5","06","18","3","","0","1","1","0","0"
"POINT (10.094641044000101 53.639273526000103)","Unfall 150902 (2022) Kat:3, Licht: 0","150902","3","3","5","05","12","2","","0","1","0","0","0"
"POINT (10.108727440999999 53.627258907000098)","Unfall 150903 (2022) Kat:3, Licht: 1","150903","3","6","2","04","20","1","","1","0","1","0","0"
"POINT (9.990124100000060 53.559831105999997)","Unfall 150904 (2022) Kat:3, Licht: 0","150904","3","6","2","06","20","4","","0","0","1","0","0"
"POINT (10.074808184000100 53.572196224000002)","Unfall 150905 (2022) Kat:3, Licht: 0","150905","3","3","5","05","17","3","","0","1","1","0","0"