WKT,Name,OBJECTID,UKATEGORIE,UTYP1,UART,UMONAT,USTUNDE,UWOCHENTAG,STRZUSTAND,ULICHTVERH,ISTRAD,ISTPKW,ISTFUSS,ISTKRAD
"POINT (9.903397392000040 53.608602629000103)","Unfall 150906 (2022) Kat:3, Licht: 0","150906","3","4","6","06","09","7","","0","1","0","1","0"
"POINT (10.049276589000000 53.569717971999999)","Unfall 150907 (2022) Kat:3, Licht: 0","150907","3","3","5","03","12","1","","0","0","1","0","1"
"POINT (9.987295730000030 53.590309067000099)","Unfall 150908 (2022) Kat:3, Licht: 0","150908","3","7","0","05","17","6","","0","1","0","0","0"
"POINT (9.918411527000050 53.566526677000098)","Unfall 150909 (2022) Kat:2, Licht: 0","150909","2","5","5","05","13","3","","0","0","1","0","1"
"POINT (10.035828011000000 53.614043897000002)","Unfall 150910 (2022) Kat:3, Licht: 0","150910","3","6","2","04","14","2","","0","0","1","0","0"
"POINT (10.004035927000100 53.491882635000103)","Unfall 150911 (2022) Kat:3, Licht: 0","150911","3","6","2","06","15","4","","0","0","1","0","0"
"POINT (10.007565993000100 53.574433964000001)","Unfall 150912 (2022) Kat:3, Licht: 0","150912","3","3","5","04","14","3","","0","1","1","0","0"
"POINT (10.088663931999999 53.652787461000102)","Unfall 150913 (2022) Kat:3, Licht: 0","150913","3","3","5","05","16","4","","0","1","1","0","0"
"POINT (9.961328478000040 53.548489686000003)","Unfall 150914 (2022) Kat:3, Licht: 2","150914","3","6","6","04","21","7","","2","0","1","1","0"
"POINT (10.136356074000000 53.572268517000097)","Unfall 150915 (2022) Kat:2, Licht: 0","150915","2","2","3","04","14","5","","0","0","0","0","0"
"POINT (10.097333476000101 53.588667416000099)","Unfall 150916 (2022) Kat:2, Licht: 2","150916","2","1","8","06","02","7","","2","0","0","0","1"
"POINT (10.110106412000100 53.561763700000000)","Unfall 150917 (2022) Kat:3, Licht: 0","150917","3","4","6","05","16","6","","0","0","1","1","0"
"POINT (10.086039213999999 53.617964864999998)","Unfall 150918 (2022) Kat:3, Licht: 0","150918","3","2","2","04","16","3","","0","0","1","0","0"
"POINT (9.996182483000039 53.519631416000003)","Unfall 150919 (2022) Kat:3, Licht: 0","150919","3","1","0","06","10","2","","0","0","0","0","0"
"POINT (10.086570284000100 53.591150941000102)","Unfall 150920 (2022) Kat:3, Licht: 0","150920","3","5","5","06","08","2","","0","1","1","0","0"
"POINT (9.949070900000040 53.559096211000103)","Unfall 150921 (2022) Kat:2, Licht: 0","150921","2","6","3","05","12","2","","0","0","1","0","1"
"POINT (10.025873728000001 53.571052326000000)","Unfall 150922 (2022) Kat:2, Licht: 2","150922","2","4","6","03","20","6","","2","0","1","1","0"
"POINT (9.987935101000060 53.581969149000003)","Unfall 150923 (2022) Kat:3, Licht: 0","150923","3","3","5","05","16","4","","0","1","1","0","0"
"POINT (10.057875306000000 53.569871040000102)","Unfall 150924 (2022) Kat:3, Licht: 0","150924","3","6","3","05","17","6","","0","0","1","0","0"
"POINT (10.001282041000000 53.580867384000001)","Unfall 150925 (2022) Kat:3, Licht: 2","150925","3","1","0","04","20","7","","2","1","0","0","0"
"POINT (9.983828841000051 53.453118835000097)","Unfall 150926 (2022) Kat:3, Licht: 0","150926","3","7","0","05","18","2","","0","0","1","1","0"
"POINT (9.876451255000060 53.588768754000100)","Unfall 150927 (2022) Kat:3, Licht: 2","150927","3","7","0","04","23","6","","2","0","1","0","0"
"POINT (9.860827330000060 53.597953934000003)","Unfall 150928 (2022) Kat:3, Licht: 0","150928","3","2","4","04","11","4","","0","0","1","0","0"
"POINT (9.994438246000071 53.558768919999999)","Unfall 150929 (2022) Kat:3, Licht: 0","150929","3","7","0","06","15","6","","0","1","0","0","0"
"POINT (10.105557643000100 53.487273674000100)","Unfall 150930 (2022) Kat:3, Licht: 0","150930","3","1","9","06","07","4","","0","0","1","0","0"
"POINT (10.053265836000000 53.557183051999999)","Unfall 150931 (2022) Kat:2, Licht: 0","150931","2","3","5","06","10","6","","0","1","1","0","0"
"POINT (10.124254120000000 53.478302847000101)","Unfall 150932 (2022) Kat:3, Licht: 0","150932","3","7","6","05","10","5","","0","1","0","1","0"
"POINT (9.950517559000049 53.544868888000103)","Unfall 150933 (2022) Kat:3, Licht: 0","150933","3","6","2","06","15","4","","0","0","1","0","0"
"POINT (9.817736783000040 53.562348362000101)","Unfall 150934 (2022) Kat:3, Licht: 0","150934","3","7","0","04","11","6","","0","1","1","0","0"
"POINT (10.114605028000000 53.595309538000002)","Unfall 150935 (2022) Kat:3, Licht: 0","150935","3","7","0","06","09","7","","0","1","0","0","0"
"POINT (10.070233594999999 53.576355116999999)","Unfall 150936 (2022) Kat:3, Licht: 2","150936","3","7","9","05","01","7","","2","0","1","0","0"
"POINT (10.017749731000000 53.556029805000001)","Unfall 150937 (2022) Kat:3, Licht: 0","150937","3","2","3","04","11","6","","0","1","1","0","0"
"POINT (10.003666562999999 53.554000072000100)","Unfall 150938 (2022) Kat:3, Licht: 0","150938","3","2","4","05","10","3","","0","0","1","0","1"
"POINT (10.023587010000000 53.526925155000100)","Unfall 150939 (2022) Kat:3, Licht: 0","150939","3","3","5","05","05","4","","0","0","1","0","0"
"POINT (10.061389026000001 53.563382494999999)","Unfall 150940 (2022) Kat:3, Licht: 0","150940","3","3","5","05","08","6","","0","1","1","0","0"
"POINT (10.030008427000000 53.600423096000000)","Unfall 150941 (2022) Kat:3, Licht: 0","150941","3","6","2","04","14","1","","0","0","1","0","0"
"POINT (9.977947832000041 53.571811036000000)","Unfall 150942 (2022) Kat:3, Licht: 0","150942","3","4","6","06","12","6","","0","0","0","1","0"
"POINT (10.006931247000100 53.591901106000101)","Unfall 150943 (2022) Kat:3, Licht: 0","150943","3","7","1","05","18","4","","0","1","1","0","0"
"POINT (10.084292870000100 53.640355069000101)","Unfall 150944 (2022) Kat:3, Licht: 0","150944","3","2","4","06","10","2","","0","1","1","0","0"
"POINT (10.182900059000101 53.606944147000000)","Unfall 150945 (2022) Kat:3, Licht: 0","150945","3","1","9","03","17","4","","0","0","1","0","0"
"POINT (9.852997663000050 53.554237763000103)","Unfall 150946 (2022) Kat:3, Licht: 0","150946","3","5","1","06","09","5","","0","1","1","0","0"
"POINT (9.846754332000049 53.574206848000102)","Unfall 150947 (2022) Kat:3, Licht: 0","150947","3","6","2","06","08","4","","0","0","1","0","0"
"POINT (9.849373206000051 53.559331740000097)","Unfall 150948 (2022) Kat:3, Licht: 0","150948","3","3","5","04","17","5","","0","1","1","0","0"
"POINT (9.841403171000019 53.564306162000001)","Unfall 150949 (2022) Kat:2, Licht: 2","150949","2","6","3","06","23","6","","2","1","0","0","0"
"POINT (10.015801051000000 53.648297141999997)","Unfall 150950 (2022) Kat:3, Licht: 0","150950","3","5","0","04","18","3","","0","1","1","0","0"
"POINT (10.014685607000001 53.560423782999997)","Unfall 150951 (2022) Kat:3, Licht: 0","150951","3","2","6","05","12","5","","0","0","1","1","0"
"POINT (9.955936298000040 53.606055562999998)","Unfall 150952 (2022) Kat:3, Licht: 0","150952","3","3","5","04","07","3","","0","1","1","0","0"
"POINT (10.015559403999999 53.518485951000102)","Unfall 150953 (2022) Kat:3, Licht: 0","150953","3","6","2","04","12","7","","0","0","1","0","0"
"POINT (9.944547377000051 53.579688363999999)","Unfall 150954 (2022) Kat:3, Licht: 0","150954","3","7","1","06","08","3","","0","1","1","0","0"
"POINT (10.033158979000101 53.649451614999997)","Unfall 150955 (2022) Kat:3, Licht: 0","150955","3","5","5","05","16","2","","0","1","1","0","0"
"POINT (9.918515335000050 53.635447876999997)","Unfall 150956 (2022) Kat:3, Licht: 0","150956","3","7","6","06","16","3","","0","0","1","1","0"
"POINT (10.084530494999999 53.551014075000097)","Unfall 150957 (2022) Kat:3, Licht: 0","150957","3","6","2","06","12","4","","0","0","1","0","0"
"POINT (10.152949774000000 53.614249635000100)","Unfall 150958 (2022) Kat:3, Licht: 0","150958","3","2","3","05","08","2","","0","1","0","0","0"
"POINT (10.002368254000000 53.590681994000100)","Unfall 150959 (2022) Kat:3, Licht: 0","150959","3","7","6","06","15","7","","0","0","0","1","0"
"POINT (9.993709676000041 53.579597348000000)","Unfall 150960 (2022) Kat:2, Licht: 0","150960","2","7","0","03","08","7","","0","1","0","0","0"
"POINT (10.015910566000100 53.600304211000001)","Unfall 150961 (2022) Kat:3, Licht: 0","150961","3","6","3","05","13","5","","0","0","1","0","0"
"POINT (10.017030239000100 53.564112566000098)","Unfall 150962 (2022) Kat:3, Licht: 0","150962","3","3","5","05","20","2","","0","0","1","0","0"
"POINT (9.959648606000030 53.552883246000100)","Unfall 150963 (2022) Kat:3, Licht: 2","150963","3","6","4","06","03","6","","2","0","0","0","0"
"POINT (9.866242161000059 53.586425939000002)","Unfall 150964 (2022) Kat:2, Licht: 0","150964","2","4","6","04","15","3","","0","0","1","1","0"
"POINT (9.959607542000070 53.549480032000098)","Unfall 150965 (2022) Kat:3, Licht: 0","150965","3","6","3","05","13","3","","0","1","1","0","0"
"POINT (9.965583604000070 53.576090680000000)","Unfall 150966 (2022) Kat:3, Licht: 0","150966","3","4","6","04","17","2","","0","1","0","1","0"
"POINT (10.048545682000100 53.587169729999999)","Unfall 150967 (2022) Kat:3, Licht: 0","150967","3","5","1","04","16","4","","0","0","1","0","0"
"POINT (10.008654639000000 53.572457083000103)","Unfall 150968 (2022) Kat:3, Licht: 0","150968","3","6","3","06","08","7","","0","1","0","0","0"
"POINT (10.106852870000100 53.609239973000101)","Unfall 150969 (2022) Kat:3, Licht: 0","150969","3","1","0","05","11","7","","0","1","0","0","0"
"POINT (9.965384135000020 53.561068734999999)","Unfall 150970 (2022) Kat:3, Licht: 0","150970","3","5","1","04","16","2","","0","1","1","0","0"
"POINT (10.037635750000000 53.573553527999998)","Unfall 150971 (2022) Kat:3, Licht: 0","150971","3","6","2","06","16","3","","0","0","1","0","0"
"POINT (9.939257785000050 53.559205691999999)","Unfall 150972 (2022) Kat:3, Licht: 0","150972","3","3","5","06","16","3","","0","1","1","0","0"
"POINT (9.999398915000031 53.604560198999998)","Unfall 150973 (2022) Kat:3, Licht: 0","150973","3","3","5","05","08","2","","0","1","1","0","0"
"POINT (10.022526434000000 53.581171112000000)","Unfall 150974 (2022) Kat:3, Licht: 0","150974","3","3","5","03","16","6","","0","1","1","0","0"
"POINT (9.976557127000040 53.578122802999999)","Unfall 150975 (2022) Kat:3, Licht: 0","150975","3","4","6","07","12","2","","0","0","1","1","0"
"POINT (9.898682046000030 53.605620479999999)","Unfall 150976 (2022) Kat:3, Licht: 0","150976","3","2","5","08","14","6","","0","0","1","0","0"
"POINT (9.984282626000040 53.582804790000097)","Unfall 150977 (2022) Kat:2, Licht: 0","150977","2","7","6","07","10","7","","0","0","1","1","0"
"POINT (9.791837073000069 53.534703681000103)","Unfall 150978 (2022) Kat:3, Licht: 0","150978","3","3","5","08","18","1","","0","0","1","0","1"
"POINT (10.050024558000100 53.592074689000100)","Unfall 150979 (2022) Kat:3, Licht: 0","150979","3","7","0","08","13","3","","0","0","0","0","0"
"POINT (9.989382965000059 53.564102019000103)","Unfall 150980 (2022) Kat:3, Licht: 0","150980","3","7","0","06","13","4","","0","1","0","0","0"
"POINT (10.114723006000100 53.683781025000002)","Unfall 150981 (2022) Kat:3, Licht: 0","150981","3","7","0","09","15","6","","0","1","0","0","0"
"POINT (9.989513039000030 53.563643216000102)","Unfall 150982 (2022) Kat:3, Licht: 0","150982","3","7","0","07","06","1","","0","0","0","0","1"
"POINT (9.978929570000050 53.555162874000096)","Unfall 150983 (2022) Kat:3, Licht: 0","150983","3","1","8","08","19","7","","0","1","0","0","0"
"POINT (10.160351671000100 53.591723066000000)","Unfall 150984 (2022) Kat:3, Licht: 0","150984","3","5","5","08","13","5","","0","1","1","0","0"
"POINT (9.993657205000030 53.558755916999999)","Unfall 150985 (2022) Kat:3, Licht: 2","150985","3","3","5","07","21","7","","2","0","1","0","0"
"POINT (9.911488595000041 53.646025596000101)","Unfall 150986 (2022) Kat:3, Licht: 0","150986","3","1","0","08","17","6","","0","0","0","0","1"
"POINT (10.090452855000001 53.578062602000003)","Unfall 150987 (2022) Kat:2, Licht: 2","150987","2","1","0","08","00","6","","2","0","0","0","0"
"POINT (9.964059087000070 53.549364185999998)","Unfall 150988 (2022) Kat:3, Licht: 0","150988","3","7","0","07","05","5","","0","1","0","0","0"
"POINT (9.994011342000020 53.559157237000100)","Unfall 150989 (2022) Kat:3, Licht: 0","150989","3","7","1","08","15","5","","0","1","0","0","0"
"POINT (9.986514614000040 53.588927329999997)","Unfall 150990 (2022) Kat:3, Licht: 0","150990","3","7","1","07","11","6","","0","0","1","0","0"
"POINT (10.065982954000001 53.491704884000100)","Unfall 150991 (2022) Kat:3, Licht: 0","150991","3","7","6","08","12","6","","0","0","1","1","0"
"POINT (10.085120607000000 53.595164687000100)","Unfall 150992 (2022) Kat:2, Licht: 0","150992","2","5","1","08","21","2","","0","0","1","0","0"
"POINT (9.958455493000031 53.519365429000104)","Unfall 150993 (2022) Kat:3, Licht: 0","150993","3","7","0","07","16","4","","0","0","0","0","0"
"POINT (9.960857014000061 53.631341128000003)","Unfall 150994 (2022) Kat:3, Licht: 0","150994","3","3","5","09","07","5","","0","1","1","0","0"
"POINT (10.043463235999999 53.542330685000103)","Unfall 150995 (2022) Kat:3, Licht: 0","150995","3","2","4","07","21","6","","0","0","1","0","0"
"POINT (10.000087261999999 53.541212771000097)","Unfall 150996 (2022) Kat:3, Licht: 0","150996","3","6","6","07","17","5","","0","0","0","1","0"
"POINT (10.021028936000100 53.527812203000103)","Unfall 150997 (2022) Kat:3, Licht: 0","150997","3","3","5","08","18","4","","0","1","1","0","0"
"POINT (10.129402403000000 53.602653515000000)","Unfall 150998 (2022) Kat:3, Licht: 2","150998","3","2","4","08","20","6","","2","1","1","0","0"
"POINT (10.035787501000099 53.615301448000103)","Unfall 150999 (2022) Kat:3, Licht: 1","150999","3","7","0","07","22","4","","1","1","0","0","0"
"POINT (10.066613132000001 53.670000043000101)","Unfall 151000 (2022) Kat:2, Licht: 0","151000","2","4","6","08","17","5","","0","0","1","1","0"
"POINT (10.145331884000001 53.611252223000101)","Unfall 151001 (2022) Kat:3, Licht: 0","151001","3","3","5","08","17","3","","0","0","1","0","1"
"POINT (9.976406819000029 53.557312355000100)","Unfall 151002 (2022) Kat:3, Licht: 0","151002","3","6","2","07","13","4","","0","0","1","0","0"
"POINT (9.845115116000040 53.557153594000098)","Unfall 151003 (2022) Kat:3, Licht: 0","151003","3","3","5","08","17","7","","0","0","1","0","0"
"POINT (10.223488540000099 53.397753603000098)","Unfall 151004 (2022) Kat:3, Licht: 0","151004","3","5","1","07","17","2","","0","1","1","0","0"
"POINT (10.067606090000000 53.522109014000101)","Unfall 151005 (2022) Kat:3, Licht: 0","151005","3","7","0","07","19","4","","0","1","0","0","0"
"POINT (10.078082226999999 53.586934747000001)","Unfall 151006 (2022) Kat:3, Licht: 0","151006","3","7","0","08","14","6","","0","0","0","0","0"
"POINT (9.934581244000070 53.551527943000103)","Unfall 151007 (2022) Kat:3, Licht: 0","151007","3","7","6","07","09","3","","0","0","0","1","0"
"POINT (10.006565367000100 53.558340250000100)","Unfall 151008 (2022) Kat:3, Licht: 0","151008","3","6","4","07","06","6","","0","0","1","0","0"
"POINT (10.160937782000101 53.596684550000099)","Unfall 151009 (2022) Kat:3, Licht: 0","151009","3","3","5","08","08","4","","0","0","1","0","0"
"POINT (10.051317232000001 53.568471875999997)","Unfall 151010 (2022) Kat:3, Licht: 0","151010","3","5","1","08","09","4","","0","0","1","0","0"
"POINT (10.049793950000000 53.594261729999999)","Unfall 151011 (2022) Kat:3, Licht: 0","151011","3","3","5","06","09","5","","0","1","0","0","0"
"POINT (9.883743625000021 53.552686803000000)","Unfall 151012 (2022) Kat:3, Licht: 1","151012","3","7","0","08","20","2","","1","1","0","0","0"
"POINT (10.037986029000001 53.573140756000001)","Unfall 151013 (2022) Kat:3, Licht: 0","151013","3","7","1","07","08","3","","0","1","1","0","0"
"POINT (10.088397486000099 53.631091822000002)","Unfall 151014 (2022) Kat:2, Licht: 0","151014","2","4","6","08","16","3","","0","0","0","1","0"
"POINT (9.858629681000020 53.592057683000100)","Unfall 151015 (2022) Kat:2, Licht: 0","151015","2","7","9","08","19","7","","0","0","0","0","1"
"POINT (10.177435180000000 53.487544219000000)","Unfall 151016 (2022) Kat:3, Licht: 0","151016","3","5","5","07","16","6","","0","1","1","0","0"
"POINT (10.042360906000100 53.588925740000001)","Unfall 151017 (2022) Kat:3, Licht: 0","151017","3","7","0","08","10","6","","0","1","0","0","0"
"POINT (10.018976821000001 53.529311925000101)","Unfall 151018 (2022) Kat:3, Licht: 0","151018","3","3","5","07","20","1","","0","1","1","0","0"
"POINT (9.961047728000040 53.556885993999998)","Unfall 151019 (2022) Kat:3, Licht: 0","151019","3","3","5","07","15","5","","0","1","1","0","0"
"POINT (9.962927193000040 53.599724609000098)","Unfall 151020 (2022) Kat:3, Licht: 0","151020","3","6","3","07","21","7","","0","0","1","0","0"
"POINT (9.979999320000051 53.606607457999999)","Unfall 151021 (2022) Kat:3, Licht: 0","151021","3","6","2","08","14","5","","0","0","1","0","0"
"POINT (9.933682256000051 53.592659296000100)","Unfall 151022 (2022) Kat:2, Licht: 0","151022","2","1","0","07","12","5","","0","0","0","0","1"
"POINT (9.944331121000060 53.573171641999998)","Unfall 151023 (2022) Kat:3, Licht: 0","151023","3","5","5","08","16","3","","0","0","1","0","0"
"POINT (9.936571571000060 53.572901269000099)","Unfall 151024 (2022) Kat:3, Licht: 2","151024","3","7","0","08","00","1","","2","1","0","0","0"
"POINT (9.987766919000020 53.451857809000003)","Unfall 151025 (2022) Kat:3, Licht: 0","151025","3","7","0","06","13","3","","0","1","0","0","0"
"POINT (10.165864297000001 53.622519440000097)","Unfall 151026 (2022) Kat:3, Licht: 0","151026","3","7","8","09","12","5","","0","0","0","0","1"
"POINT (10.025645394000000 53.551265322000098)","Unfall 151027 (2022) Kat:3, Licht: 0","151027","3","6","2","07","19","7","","0","0","1","0","0"
"POINT (10.039851401000000 53.587294708000101)","Unfall 151028 (2022) Kat:3, Licht: 0","151028","3","6","3","08","18","4","","0","1","0","0","0"
"POINT (9.965281875000070 53.565236943000102)","Unfall 151029 (2022) Kat:3, Licht: 0","151029","3","6","2","07","19","6","","0","0","1","0","0"
"POINT (10.073169148000000 53.609276571000102)","Unfall 151030 (2022) Kat:3, Licht: 0","151030","3","6","2","08","07","4","","0","0","1","0","0"
"POINT (10.072251767000100 53.596712601000000)","Unfall 151031 (2022) Kat:3, Licht: 0","151031","3","7","6","08","09","6","","0","1","0","1","0"
"POINT (10.010571712999999 53.576721243000101)","Unfall 151032 (2022) Kat:3, Licht: 0","151032","3","2","3","07","11","3","","0","0","1","0","0"
"POINT (9.826708733000030 53.565598274000102)","Unfall 151033 (2022) Kat:3, Licht: 0","151033","3","3","5","08","12","3","","0","0","1","0","0"
"POINT (10.162923542000000 53.403146660000097)","Unfall 151034 (2022) Kat:2, Licht: 0","151034","2","5","1","07","15","4","","0","1","1","0","0"
"POINT (9.919020605000069 53.634806156000103)","Unfall 151035 (2022) Kat:3, Licht: 0","151035","3","3","5","08","19","1","","0","0","1","0","0"
"POINT (10.060891952000100 53.570418713999999)","Unfall 151036 (2022) Kat:3, Licht: 0","151036","3","2","4","07","13","3","","0","1","1","0","0"
"POINT (9.975685317000060 53.544410208999999)","Unfall 151037 (2022) Kat:3, Licht: 0","151037","3","7","0","07","07","4","","0","0","0","0","0"
"POINT (10.112559037000000 53.582631325000101)","Unfall 151038 (2022) Kat:3, Licht: 0","151038","3","7","3","07","08","6","","0","0","1","0","1"
"POINT (10.036579222000100 53.574547420999998)","Unfall 151039 (2022) Kat:3, Licht: 0","151039","3","3","5","07","18","4","","0","1","1","0","0"
"POINT (10.158494512000100 53.602374754000003)","Unfall 151040 (2022) Kat:3, Licht: 0","151040","3","2","6","08","10","6","","0","0","1","1","0"
"POINT (10.020856301000000 53.513521115000103)","Unfall 151041 (2022) Kat:3, Licht: 0","151041","3","6","3","07","18","2","","0","0","1","0","0"
"POINT (9.952528092000019 53.633281814000000)","Unfall 151042 (2022) Kat:3, Licht: 0","151042","3","2","3","08","20","6","","0","1","1","0","0"
"POINT (9.893968032000030 53.604456509000002)","Unfall 151043 (2022) Kat:3, Licht: 0","151043","3","3","5","06","10","5","","0","1","1","0","0"
"POINT (9.992421585000050 53.553344047000103)","Unfall 151044 (2022) Kat:3, Licht: 0","151044","3","4","0","08","15","3","","0","0","0","1","0"
"POINT (9.995361990000051 53.548862443000097)","Unfall 151045 (2022) Kat:3, Licht: 1","151045","3","7","0","07","22","3","","1","1","0","0","0"
"POINT (9.985738545000061 53.436634531999999)","Unfall 151046 (2022) Kat:3, Licht: 0","151046","3","6","2","08","13","3","","0","0","1","0","0"
"POINT (10.048219078000001 53.608416657000099)","Unfall 151047 (2022) Kat:3, Licht: 0","151047","3","1","0","08","16","7","","0","0","0","0","0"
"POINT (10.013482647000000 53.561134549000002)","Unfall 151048 (2022) Kat:3, Licht: 0","151048","3","3","5","07","12","1","","0","0","1","0","0"
"POINT (10.132419432000100 53.604980003999998)","Unfall 151049 (2022) Kat:3, Licht: 0","151049","3","5","1","08","16","1","","0","0","1","0","0"
"POINT (9.853068288000030 53.584146814000100)","Unfall 151050 (2022) Kat:3, Licht: 0","151050","3","7","0","08","10","2","","0","0","0","0","0"
"POINT (10.020721651000001 53.654944661000101)","Unfall 151051 (2022) Kat:3, Licht: 0","151051","3","5","1","07","13","4","","0","1","1","0","0"
"POINT (10.042367835000100 53.588935781000004)","Unfall 151052 (2022) Kat:2, Licht: 0","151052","2","2","4","09","16","5","","0","1","1","0","0"
"POINT (9.986065964000030 53.447719464999999)","Unfall 151053 (2022) Kat:3, Licht: 0","151053","3","5","1","06","19","5","","0","0","0","0","0"
"POINT (10.079178447000100 53.608459898000000)","Unfall 151054 (2022) Kat:3, Licht: 0","151054","3","6","3","07","11","4","","0","0","1","0","0"
"POINT (10.065493140000100 53.613394415000101)","Unfall 151055 (2022) Kat:2, Licht: 2","151055","2","1","0","08","02","7","","2","0","0","0","0"
"POINT (9.920374370000051 53.599792621000098)","Unfall 151056 (2022) Kat:3, Licht: 0","151056","3","5","1","07","16","2","","0","1","1","0","0"
"POINT (10.048812183000100 53.568133370000098)","Unfall 151057 (2022) Kat:3, Licht: 0","151057","3","6","1","08","16","6","","0","0","1","0","0"
"POINT (9.944333668000070 53.573178002000098)","Unfall 151058 (2022) Kat:3, Licht: 0","151058","3","5","5","08","19","3","","0","1","1","0","0"
"POINT (10.007883116000100 53.587011424000103)","Unfall 151059 (2022) Kat:2, Licht: 2","151059","2","7","0","07","01","4","","2","1","0","0","0"
"POINT (9.957641541000040 53.551676061000101)","Unfall 151060 (2022) Kat:3, Licht: 0","151060","3","1","8","08","07","1","","0","0","1","0","0"
"POINT (10.010431174000100 53.557736026999997)","Unfall 151061 (2022) Kat:3, Licht: 0","151061","3","5","1","07","09","2","","0","1","1","0","0"
"POINT (9.985866296000040 53.588365505000098)","Unfall 151062 (2022) Kat:3, Licht: 0","151062","3","4","7","07","12","3","","0","0","0","1","0"
"POINT (10.021300836000000 53.566816550000098)","Unfall 151063 (2022) Kat:3, Licht: 0","151063","3","7","0","08","13","6","","0","0","1","0","0"
"POINT (9.981868179000060 53.457023983000099)","Unfall 151064 (2022) Kat:3, Licht: 0","151064","3","7","6","07","13","1","","0","1","0","1","0"
"POINT (9.962109872000040 53.570189697000004)","Unfall 151065 (2022) Kat:3, Licht: 0","151065","3","7","0","07","09","5","","0","1","0","0","0"
"POINT (10.016937779999999 53.527664451000099)","Unfall 151066 (2022) Kat:3, Licht: 0","151066","3","7","0","08","11","5","","0","0","0","0","0"
"POINT (9.981725655000050 53.459646171000003)","Unfall 151067 (2022) Kat:3, Licht: 0","151067","3","7","6","08","14","3","","0","0","1","1","0"
"POINT (10.149785201000000 53.619508762000102)","Unfall 151068 (2022) Kat:3, Licht: 0","151068","3","7","1","06","17","4","","0","1","1","0","0"
"POINT (10.008117425000000 53.490408975999998)","Unfall 151069 (2022) Kat:3, Licht: 0","151069","3","7","1","09","18","5","","0","0","1","0","0"
"POINT (9.948920629000041 53.582366602000000)","Unfall 151070 (2022) Kat:3, Licht: 0","151070","3","2","4","07","08","2","","0","1","0","0","0"
"POINT (9.946985117000050 53.561389519999999)","Unfall 151071 (2022) Kat:3, Licht: 0","151071","3","3","5","08","09","2","","0","1","1","0","0"
"POINT (9.982939208000060 53.430691813000102)","Unfall 151072 (2022) Kat:2, Licht: 0","151072","2","4","6","08","14","5","","0","0","0","1","0"
"POINT (10.124811987999999 53.586241901000101)","Unfall 151073 (2022) Kat:2, Licht: 1","151073","2","2","4","07","21","1","","1","1","1","0","0"
"POINT (9.919513536000069 53.558483072999998)","Unfall 151074 (2022) Kat:3, Licht: 0","151074","3","2","4","08","10","6","","0","1","1","0","0"
"POINT (9.994515162000029 53.558808802000001)","Unfall 151075 (2022) Kat:3, Licht: 0","151075","3","3","5","07","09","6","","0","1","0","0","0"
"POINT (9.962455632000060 53.550421272000101)","Unfall 151076 (2022) Kat:3, Licht: 2","151076","3","6","4","07","23","7","","2","0","1","0","0"
"POINT (9.995158374000029 53.602338676999999)","Unfall 151077 (2022) Kat:3, Licht: 0","151077","3","3","5","08","09","4","","0","1","1","0","0"
"POINT (9.867289795000030 53.603242256000001)","Unfall 151078 (2022) Kat:3, Licht: 0","151078","3","5","1","07","11","6","","0","0","1","0","0"
"POINT (10.013021566000100 53.644315341000002)","Unfall 151079 (2022) Kat:3, Licht: 0","151079","3","3","5","08","09","2","","0","1","1","0","0"
"POINT (10.146023336000001 53.652564957000003)","Unfall 151080 (2022) Kat:3, Licht: 0","151080","3","1","8","08","13","2","","0","0","0","0","1"
"POINT (9.813028217000070 53.528628469000097)","Unfall 151081 (2022) Kat:3, Licht: 0","151081","3","1","0","06","15","3","","0","1","0","0","0"
"POINT (10.052034612000099 53.608502401000102)","Unfall 151082 (2022) Kat:3, Licht: 2","151082","3","2","4","09","21","5","","2","0","1","0","0"
"POINT (10.059791826000000 53.574330396000100)","Unfall 151083 (2022) Kat:3, Licht: 0","151083","3","5","5","07","16","7","","0","1","1","0","0"
"POINT (10.055774747999999 53.606454438000100)","Unfall 151084 (2022) Kat:3, Licht: 0","151084","3","2","3","08","07","4","","0","1","1","0","0"
"POINT (9.998031129000029 53.595566783999999)","Unfall 151085 (2022) Kat:3, Licht: 2","151085","3","7","0","07","23","5","","2","0","0","0","0"
"POINT (10.032429945000001 53.579837021000102)","Unfall 151086 (2022) Kat:3, Licht: 0","151086","3","7","0","08","18","4","","0","1","0","0","0"
"POINT (10.031881575000099 53.579895512000100)","Unfall 151087 (2022) Kat:3, Licht: 1","151087","3","3","5","08","05","7","","1","0","1","0","0"
"POINT (10.049890716000000 53.646624396000000)","Unfall 151088 (2022) Kat:3, Licht: 0","151088","3","5","1","07","08","3","","0","0","0","0","1"
"POINT (9.868420081000069 53.476120225000003)","Unfall 151089 (2022) Kat:3, Licht: 0","151089","3","6","4","08","10","3","","0","0","1","0","0"
"POINT (9.917404297000081 53.560663665000000)","Unfall 151090 (2022) Kat:3, Licht: 0","151090","3","6","6","07","17","5","","0","1","0","1","0"
"POINT (10.080636107000000 53.618983163000102)","Unfall 151091 (2022) Kat:3, Licht: 0","151091","3","3","0","08","11","6","","0","0","1","0","0"