WKT,Name,OBJECTID,UKATEGORIE,UTYP1,UART,UMONAT,USTUNDE,UWOCHENTAG,STRZUSTAND,ULICHTVERH,ISTRAD,ISTPKW,ISTFUSS,ISTKRAD
"POINT (10.011338177000001 53.581944650000104)","Unfall 151092 (2022) Kat:3, Licht: 0","151092","3","7","6","07","12","4","","0","1","0","1","0"
"POINT (9.889192329000020 53.618225634000098)","Unfall 151093 (2022) Kat:3, Licht: 0","151093","3","7","0","07","09","3","","0","1","0","0","0"
"POINT (9.874345296000060 53.587535946000102)","Unfall 151094 (2022) Kat:3, Licht: 0","151094","3","1","8","07","08","7","","0","1","0","0","0"
"POINT (10.048932622000100 53.578540670999999)","Unfall 151095 (2022) Kat:3, Licht: 0","151095","3","2","4","08","17","7","","0","1","1","0","0"
"POINT (9.887069384000030 53.560369396000098)","Unfall 151096 (2022) Kat:3, Licht: 0","151096","3","3","5","07","10","3","","0","1","1","0","0"
"POINT (10.185164899000000 53.399567493000099)","Unfall 151097 (2022) Kat:2, Licht: 0","151097","2","1","0","07","09","4","","0","1","0","0","0"
"POINT (10.159901182000100 53.613713791000102)","Unfall 151098 (2022) Kat:3, Licht: 0","151098","3","3","5","08","11","3","","0","1","1","0","0"
"POINT (10.012666373000100 53.580181090000103)","Unfall 151099 (2022) Kat:3, Licht: 2","151099","3","5","1","06","22","5","","2","1","1","0","0"
"POINT (9.988885916000070 53.558174705000098)","Unfall 151100 (2022) Kat:3, Licht: 0","151100","3","3","5","08","14","3","","0","0","1","0","0"
"POINT (9.928895291000060 53.585826023999999)","Unfall 151101 (2022) Kat:3, Licht: 0","151101","3","6","2","07","19","3","","0","1","1","0","0"
"POINT (9.991846069000079 53.447917785000101)","Unfall 151102 (2022) Kat:2, Licht: 0","151102","2","4","6","08","16","3","","0","0","1","1","0"
"POINT (10.058147416000100 53.552830335000102)","Unfall 151103 (2022) Kat:3, Licht: 0","151103","3","2","4","08","12","1","","0","0","0","0","1"
"POINT (9.874475054000071 53.479763417000100)","Unfall 151104 (2022) Kat:3, Licht: 0","151104","3","3","5","08","19","2","","0","0","1","0","0"
"POINT (9.872643778000050 53.606767030000100)","Unfall 151105 (2022) Kat:3, Licht: 0","151105","3","3","5","07","14","1","","0","1","1","0","0"
"POINT (9.990312336000040 53.444114571999997)","Unfall 151106 (2022) Kat:3, Licht: 0","151106","3","7","0","07","10","2","","0","0","0","0","1"
"POINT (10.069015088000100 53.569028708000097)","Unfall 151107 (2022) Kat:3, Licht: 0","151107","3","7","3","08","07","5","","0","1","1","0","0"
"POINT (9.957552677000020 53.546638471000101)","Unfall 151108 (2022) Kat:3, Licht: 2","151108","3","5","1","07","01","7","","2","0","1","0","0"
"POINT (10.134773391000101 53.594697009000100)","Unfall 151109 (2022) Kat:3, Licht: 2","151109","3","7","0","08","23","2","","2","0","0","0","0"
"POINT (9.993589346000020 53.558409715000003)","Unfall 151110 (2022) Kat:3, Licht: 0","151110","3","6","4","08","18","4","","0","1","0","0","0"
"POINT (9.984057527000060 53.545649879999999)","Unfall 151111 (2022) Kat:3, Licht: 0","151111","3","3","5","06","10","4","","0","0","1","0","0"
"POINT (9.995780196000061 53.550653347000001)","Unfall 151112 (2022) Kat:3, Licht: 0","151112","3","4","6","09","13","6","","0","1","0","1","0"
"POINT (9.974767633000059 53.551369362000102)","Unfall 151113 (2022) Kat:3, Licht: 0","151113","3","7","0","07","14","7","","0","0","0","0","1"
"POINT (10.185830782000000 53.404165600000098)","Unfall 151114 (2022) Kat:3, Licht: 0","151114","3","3","5","08","09","2","","0","1","1","0","0"
"POINT (9.987975014000030 53.581951674000003)","Unfall 151115 (2022) Kat:3, Licht: 2","151115","3","3","5","08","01","7","","2","1","1","0","0"
"POINT (10.041095691000100 53.579817670000097)","Unfall 151116 (2022) Kat:3, Licht: 2","151116","3","2","5","07","00","7","","2","0","1","0","0"
"POINT (9.942586158000040 53.555393325000097)","Unfall 151117 (2022) Kat:3, Licht: 0","151117","3","3","5","08","17","6","","0","1","0","0","0"
"POINT (10.201194755000101 53.461389205000003)","Unfall 151118 (2022) Kat:3, Licht: 0","151118","3","5","1","07","17","6","","0","1","1","0","0"
"POINT (10.111341564000000 53.673112333000098)","Unfall 151119 (2022) Kat:3, Licht: 0","151119","3","3","5","08","16","5","","0","1","1","0","0"
"POINT (10.168401742000100 53.647636928000097)","Unfall 151120 (2022) Kat:3, Licht: 2","151120","3","7","0","07","22","6","","2","0","0","0","1"
"POINT (10.198325553000100 53.432098834999998)","Unfall 151121 (2022) Kat:3, Licht: 0","151121","3","6","3","08","16","7","","0","1","0","0","0"
"POINT (10.054648442000000 53.633375788000102)","Unfall 151122 (2022) Kat:3, Licht: 0","151122","3","7","6","07","14","2","","0","0","1","1","0"
"POINT (10.043984730000000 53.568110846000103)","Unfall 151123 (2022) Kat:3, Licht: 0","151123","3","6","3","08","16","6","","0","1","0","0","0"
"POINT (10.007359277999999 53.581067560000101)","Unfall 151124 (2022) Kat:3, Licht: 2","151124","3","7","0","07","21","7","","2","1","0","0","0"
"POINT (10.049655966000000 53.594334934000102)","Unfall 151125 (2022) Kat:3, Licht: 0","151125","3","3","5","07","18","5","","0","0","1","0","0"
"POINT (9.987971948000050 53.591470436000101)","Unfall 151126 (2022) Kat:3, Licht: 0","151126","3","7","2","08","19","4","","0","1","1","0","0"
"POINT (10.124672550000099 53.656827321000002)","Unfall 151127 (2022) Kat:3, Licht: 0","151127","3","3","5","08","08","3","","0","1","1","0","0"
"POINT (10.079026332000099 53.502969440000101)","Unfall 151128 (2022) Kat:3, Licht: 0","151128","3","7","0","06","20","3","","0","0","0","0","1"
"POINT (10.049047546000100 53.594657711000103)","Unfall 151129 (2022) Kat:3, Licht: 0","151129","3","7","0","09","17","6","","0","0","1","0","0"
"POINT (10.046781187000001 53.583172902000101)","Unfall 151130 (2022) Kat:3, Licht: 2","151130","3","6","3","07","03","7","","2","0","1","0","0"
"POINT (10.026468127999999 53.553758029000100)","Unfall 151131 (2022) Kat:3, Licht: 0","151131","3","6","0","08","16","2","","0","0","1","0","0"
"POINT (10.095856153000099 53.578903001000100)","Unfall 151132 (2022) Kat:3, Licht: 0","151132","3","7","8","08","15","6","","0","0","1","0","0"
"POINT (9.995343297000030 53.559077995000102)","Unfall 151133 (2022) Kat:3, Licht: 0","151133","3","7","2","07","17","7","","0","0","1","0","0"
"POINT (10.044034467000101 53.572222633000102)","Unfall 151134 (2022) Kat:3, Licht: 0","151134","3","3","5","08","06","5","","0","1","1","0","0"
"POINT (9.903404674000059 53.568855913999997)","Unfall 151135 (2022) Kat:3, Licht: 0","151135","3","2","5","07","08","6","","0","1","1","0","0"
"POINT (10.045451096000001 53.589382927000003)","Unfall 151136 (2022) Kat:3, Licht: 0","151136","3","6","3","08","18","5","","0","0","1","0","0"
"POINT (10.094399996000000 53.656328320999997)","Unfall 151137 (2022) Kat:3, Licht: 2","151137","3","6","2","07","23","5","","2","0","1","0","0"
"POINT (9.948165210000070 53.588390818999997)","Unfall 151138 (2022) Kat:3, Licht: 0","151138","3","6","6","08","11","2","","0","1","0","1","0"
"POINT (10.010588024000100 53.559762730999999)","Unfall 151139 (2022) Kat:3, Licht: 0","151139","3","6","3","08","08","2","","0","1","0","0","0"
"POINT (9.991893844000060 53.442566833999997)","Unfall 151140 (2022) Kat:3, Licht: 0","151140","3","7","1","07","17","3","","0","0","1","0","1"
"POINT (10.013894024000001 53.551356108999997)","Unfall 151141 (2022) Kat:2, Licht: 2","151141","2","7","0","09","23","5","","2","1","0","0","0"
"POINT (10.035770496000101 53.600918636000102)","Unfall 151142 (2022) Kat:3, Licht: 2","151142","3","2","4","07","23","6","","2","0","1","0","0"
"POINT (10.031379225000000 53.634506300000098)","Unfall 151143 (2022) Kat:3, Licht: 1","151143","3","2","3","08","20","5","","1","1","0","0","0"
"POINT (9.961418464000079 53.562424317000101)","Unfall 151144 (2022) Kat:3, Licht: 0","151144","3","6","2","07","15","5","","0","0","1","0","0"
"POINT (10.100787049000100 53.560194668000101)","Unfall 151145 (2022) Kat:3, Licht: 0","151145","3","6","4","08","14","3","","0","1","0","0","0"
"POINT (9.988966912000020 53.439246816999997)","Unfall 151146 (2022) Kat:3, Licht: 0","151146","3","4","6","08","17","5","","0","1","0","1","0"
"POINT (10.025562829000000 53.567227746000100)","Unfall 151147 (2022) Kat:3, Licht: 0","151147","3","6","2","07","18","4","","0","0","1","0","1"
"POINT (10.189052023000000 53.504615788000102)","Unfall 151148 (2022) Kat:3, Licht: 0","151148","3","7","7","08","15","3","","0","0","0","0","0"
"POINT (10.096311474000100 53.542578202000101)","Unfall 151149 (2022) Kat:3, Licht: 0","151149","3","2","5","07","14","3","","0","0","1","0","0"
"POINT (10.094117262000101 53.571789465999998)","Unfall 151150 (2022) Kat:3, Licht: 0","151150","3","1","0","08","18","7","","0","0","0","0","0"
"POINT (9.974236333000020 53.569304706000104)","Unfall 151151 (2022) Kat:3, Licht: 0","151151","3","2","4","07","19","3","","0","1","0","0","0"
"POINT (10.000256150000000 53.554305992000103)","Unfall 151152 (2022) Kat:3, Licht: 0","151152","3","6","3","07","09","4","","0","1","1","0","0"
"POINT (10.142062327000099 53.564068546000001)","Unfall 151153 (2022) Kat:3, Licht: 0","151153","3","7","0","08","11","7","","0","1","0","0","0"
"POINT (9.995464596000030 53.568546900999998)","Unfall 151154 (2022) Kat:3, Licht: 0","151154","3","2","3","07","08","3","","0","0","1","0","1"
"POINT (10.161989986000000 53.506600501999998)","Unfall 151155 (2022) Kat:3, Licht: 0","151155","3","3","5","07","13","4","","0","1","1","0","0"
"POINT (10.210498496000101 53.486580353000100)","Unfall 151156 (2022) Kat:3, Licht: 0","151156","3","3","5","08","07","3","","0","1","1","0","0"
"POINT (10.157930602000000 53.588413938000002)","Unfall 151157 (2022) Kat:3, Licht: 0","151157","3","5","5","08","09","4","","0","0","1","0","0"
"POINT (9.848983641000070 53.554087116000098)","Unfall 151158 (2022) Kat:3, Licht: 0","151158","3","7","1","06","17","5","","0","1","1","0","0"
"POINT (9.969503659000051 53.455450987000098)","Unfall 151159 (2022) Kat:3, Licht: 0","151159","3","5","1","08","07","2","","0","0","1","0","0"
"POINT (9.951168565000049 53.582482475000099)","Unfall 151160 (2022) Kat:3, Licht: 0","151160","3","3","5","07","18","3","","0","1","1","0","0"
"POINT (10.166288025000000 53.514310158000100)","Unfall 151161 (2022) Kat:3, Licht: 1","151161","3","3","5","08","21","3","","1","1","0","0","0"
"POINT (9.951063087000019 53.565628027999999)","Unfall 151162 (2022) Kat:2, Licht: 2","151162","2","3","5","08","00","1","","2","1","1","0","0"
"POINT (10.138635712999999 53.600159740999999)","Unfall 151163 (2022) Kat:3, Licht: 0","151163","3","6","2","08","11","2","","0","0","0","0","0"
"POINT (10.096941642999999 53.641419304000102)","Unfall 151164 (2022) Kat:3, Licht: 0","151164","3","1","9","07","11","2","","0","0","1","0","0"
"POINT (9.904886811000040 53.595101731000099)","Unfall 151165 (2022) Kat:3, Licht: 0","151165","3","4","6","07","16","1","","0","0","1","1","0"
"POINT (10.029371379000100 53.667104334000001)","Unfall 151166 (2022) Kat:3, Licht: 0","151166","3","6","4","08","07","6","","0","1","0","0","0"
"POINT (10.183772256999999 53.466683085000099)","Unfall 151167 (2022) Kat:3, Licht: 0","151167","3","6","6","07","11","7","","0","0","1","1","0"
"POINT (9.908457107000061 53.554550146000103)","Unfall 151168 (2022) Kat:3, Licht: 0","151168","3","7","3","08","08","2","","0","0","1","0","1"
"POINT (10.100177546000101 53.589259927000100)","Unfall 151169 (2022) Kat:3, Licht: 0","151169","3","6","2","08","18","3","","0","0","1","0","0"
"POINT (9.894447412000030 53.552757380999999)","Unfall 151170 (2022) Kat:2, Licht: 2","151170","2","3","5","06","23","4","","2","1","1","0","0"
"POINT (10.064508827000100 53.560089847000000)","Unfall 151171 (2022) Kat:3, Licht: 0","151171","3","7","0","09","07","6","","0","1","0","0","0"
"POINT (10.079927968000000 53.501519218000098)","Unfall 151172 (2022) Kat:3, Licht: 0","151172","3","2","3","07","18","1","","0","1","1","0","0"
"POINT (10.043533662000099 53.595889415999999)","Unfall 151173 (2022) Kat:3, Licht: 0","151173","3","7","6","08","18","1","","0","0","1","1","0"
"POINT (9.993355366000060 53.515890665000001)","Unfall 151174 (2022) Kat:3, Licht: 0","151174","3","6","6","08","20","4","","0","1","0","1","0"
"POINT (9.964828495000059 53.579005377999998)","Unfall 151175 (2022) Kat:3, Licht: 2","151175","3","7","0","07","02","1","","2","0","0","0","0"
"POINT (9.939339731000080 53.553745055000000)","Unfall 151176 (2022) Kat:3, Licht: 0","151176","3","3","5","08","08","5","","0","0","1","0","1"
"POINT (10.040749556000000 53.570316175000102)","Unfall 151177 (2022) Kat:2, Licht: 0","151177","2","6","2","08","17","7","","0","0","1","0","0"
"POINT (10.077429065000000 53.599603012999999)","Unfall 151178 (2022) Kat:3, Licht: 0","151178","3","5","5","07","16","6","","0","1","1","0","0"
"POINT (10.036069178000000 53.597283206000000)","Unfall 151179 (2022) Kat:3, Licht: 0","151179","3","6","3","08","07","4","","0","1","1","0","0"
"POINT (9.862084744000070 53.597762410000001)","Unfall 151180 (2022) Kat:3, Licht: 0","151180","3","7","3","07","14","6","","0","0","1","0","0"
"POINT (9.864118718000039 53.462291835000002)","Unfall 151181 (2022) Kat:3, Licht: 0","151181","3","7","0","08","10","7","","0","1","0","0","0"
"POINT (9.965117098000061 53.551388607000000)","Unfall 151182 (2022) Kat:2, Licht: 2","151182","2","5","1","08","01","2","","2","0","1","0","0"
"POINT (10.108853930000100 53.599161480000099)","Unfall 151183 (2022) Kat:2, Licht: 0","151183","2","3","5","07","17","3","","0","0","0","0","1"
"POINT (10.090909502000001 53.572819853000098)","Unfall 151184 (2022) Kat:3, Licht: 0","151184","3","5","1","09","14","5","","0","0","1","0","1"
"POINT (10.145430062999999 53.540144831000099)","Unfall 151185 (2022) Kat:3, Licht: 0","151185","3","4","6","07","15","6","","0","0","1","1","0"
"POINT (9.959773179000020 53.580728887000099)","Unfall 151186 (2022) Kat:3, Licht: 2","151186","3","7","0","07","00","5","","2","0","0","0","1"
"POINT (9.859908114000060 53.476694121000001)","Unfall 151187 (2022) Kat:3, Licht: 0","151187","3","3","4","08","12","4","","0","1","1","0","0"
"POINT (9.994786719000050 53.551393851000100)","Unfall 151188 (2022) Kat:3, Licht: 0","151188","3","4","6","08","18","7","","0","1","0","1","0"
"POINT (10.016540367000101 53.555364594000103)","Unfall 151189 (2022) Kat:3, Licht: 0","151189","3","2","2","08","09","6","","0","0","1","0","0"
"POINT (9.925949152000040 53.641062955000102)","Unfall 151190 (2022) Kat:3, Licht: 0","151190","3","5","5","08","11","4","","0","0","1","0","0"
"POINT (9.932992833000069 53.579829231000097)","Unfall 151191 (2022) Kat:3, Licht: 0","151191","3","3","5","07","12","4","","0","1","1","0","0"
"POINT (10.136508360000100 53.459286608000099)","Unfall 151192 (2022) Kat:3, Licht: 0","151192","3","2","3","08","12","7","","0","1","0","0","0"
"POINT (9.992410345000049 53.557663238000004)","Unfall 151193 (2022) Kat:3, Licht: 0","151193","3","7","0","07","20","1","","0","1","0","0","0"
"POINT (9.982901425000019 53.458748561000000)","Unfall 151194 (2022) Kat:3, Licht: 0","151194","3","6","6","07","11","4","","0","0","0","1","0"
"POINT (9.992657032000070 53.557627635000102)","Unfall 151195 (2022) Kat:2, Licht: 0","151195","2","7","0","08","16","6","","0","1","0","0","0"
"POINT (10.068631810999999 53.651065269000100)","Unfall 151196 (2022) Kat:1, Licht: 0","151196","1","2","3","07","12","2","","0","1","0","0","0"
"POINT (9.995598189000081 53.656020356000099)","Unfall 151197 (2022) Kat:2, Licht: 0","151197","2","6","3","08","13","1","","0","1","0","0","0"
"POINT (9.967012705000061 53.603222143000004)","Unfall 151198 (2022) Kat:3, Licht: 0","151198","3","3","5","07","13","4","","0","0","1","0","0"
"POINT (10.045331434000000 53.558365837000103)","Unfall 151199 (2022) Kat:3, Licht: 0","151199","3","5","5","09","16","5","","0","1","1","0","0"
"POINT (9.986531181000030 53.440863614000101)","Unfall 151200 (2022) Kat:2, Licht: 0","151200","2","4","6","06","15","5","","0","0","1","1","0"
"POINT (10.122817452000000 53.567547342000097)","Unfall 151201 (2022) Kat:3, Licht: 2","151201","3","6","3","08","21","4","","2","0","1","0","1"
"POINT (10.006436983000100 53.554811309999998)","Unfall 151202 (2022) Kat:3, Licht: 0","151202","3","3","5","07","15","5","","0","1","1","0","0"
"POINT (10.015550405999999 53.562683630000002)","Unfall 151203 (2022) Kat:3, Licht: 0","151203","3","3","5","08","19","3","","0","0","1","0","0"
"POINT (10.203595512000000 53.497735975000097)","Unfall 151204 (2022) Kat:3, Licht: 0","151204","3","2","3","07","10","7","","0","1","0","0","0"
"POINT (9.928069682000061 53.558687962000100)","Unfall 151205 (2022) Kat:3, Licht: 0","151205","3","2","3","08","18","6","","0","1","1","0","0"
"POINT (9.917665475000041 53.599457421000103)","Unfall 151206 (2022) Kat:3, Licht: 0","151206","3","2","3","08","11","3","","0","1","1","0","0"
"POINT (9.906126287000060 53.607008199000099)","Unfall 151207 (2022) Kat:3, Licht: 0","151207","3","2","3","07","16","4","","0","1","0","0","0"
"POINT (10.121995571000101 53.585128493000099)","Unfall 151208 (2022) Kat:3, Licht: 0","151208","3","7","0","08","15","1","","0","1","0","0","0"
"POINT (10.195121877000100 53.642844971999999)","Unfall 151209 (2022) Kat:3, Licht: 0","151209","3","7","0","07","10","3","","0","1","0","0","0"
"POINT (9.918623848000040 53.577424780999998)","Unfall 151210 (2022) Kat:3, Licht: 0","151210","3","3","5","07","11","3","","0","1","1","0","0"
"POINT (10.021473912999999 53.660573157999998)","Unfall 151211 (2022) Kat:3, Licht: 0","151211","3","5","1","07","14","7","","0","0","1","0","0"
"POINT (10.069661476000000 53.579536949000001)","Unfall 151212 (2022) Kat:3, Licht: 0","151212","3","2","5","08","15","6","","0","1","1","0","0"
"POINT (10.125187207000099 53.570972745000098)","Unfall 151213 (2022) Kat:3, Licht: 0","151213","3","6","2","07","19","2","","0","0","1","0","0"
"POINT (10.122519943000000 53.463980210000003)","Unfall 151214 (2022) Kat:2, Licht: 0","151214","2","6","4","07","15","5","","0","0","0","0","1"
"POINT (10.055825202999999 53.606350788000000)","Unfall 151215 (2022) Kat:3, Licht: 0","151215","3","3","5","08","18","4","","0","1","0","0","0"
"POINT (9.937358085000030 53.574707242000002)","Unfall 151216 (2022) Kat:3, Licht: 0","151216","3","2","5","08","09","4","","0","0","1","0","0"
"POINT (9.890548410000060 53.552334868000102)","Unfall 151217 (2022) Kat:3, Licht: 0","151217","3","7","1","06","12","5","","0","1","1","0","0"
"POINT (10.199535512000100 53.481732028000103)","Unfall 151218 (2022) Kat:3, Licht: 0","151218","3","2","3","08","16","2","","0","0","1","0","1"
"POINT (9.890373151000061 53.618967627000103)","Unfall 151219 (2022) Kat:3, Licht: 0","151219","3","7","5","07","14","2","","0","0","1","0","1"
"POINT (10.015013056000001 53.619819113000098)","Unfall 151220 (2022) Kat:3, Licht: 0","151220","3","1","0","08","18","3","","0","1","0","0","0"
"POINT (10.025400290000100 53.540758133000097)","Unfall 151221 (2022) Kat:3, Licht: 0","151221","3","6","2","08","12","6","","0","0","1","0","0"
"POINT (9.977982913000060 53.458791048000101)","Unfall 151222 (2022) Kat:3, Licht: 0","151222","3","7","6","08","17","2","","0","1","0","1","0"
"POINT (9.939127271000070 53.559002625000097)","Unfall 151223 (2022) Kat:3, Licht: 0","151223","3","7","0","07","12","2","","0","1","0","0","0"
"POINT (9.860858616000030 53.598008763000102)","Unfall 151224 (2022) Kat:3, Licht: 0","151224","3","3","5","07","18","2","","0","1","1","0","0"
"POINT (9.963750263000071 53.551105798000002)","Unfall 151225 (2022) Kat:2, Licht: 0","151225","2","4","6","08","16","6","","0","0","1","1","0"
"POINT (10.128606271000001 53.601066152999998)","Unfall 151226 (2022) Kat:2, Licht: 1","151226","2","3","0","07","22","7","","1","0","0","0","0"
"POINT (9.958142976000030 53.546041928000101)","Unfall 151227 (2022) Kat:3, Licht: 0","151227","3","4","6","08","10","3","","0","1","0","1","0"
"POINT (9.936635877000070 53.550241379000099)","Unfall 151228 (2022) Kat:3, Licht: 0","151228","3","7","0","08","19","4","","0","1","0","0","0"
"POINT (10.207550926000099 53.480027806000102)","Unfall 151229 (2022) Kat:3, Licht: 0","151229","3","3","5","06","14","3","","0","0","1","0","0"
"POINT (9.993432710000040 53.541706722000100)","Unfall 151230 (2022) Kat:3, Licht: 0","151230","3","3","5","07","16","1","","0","0","1","0","0"
"POINT (10.209809918000101 53.413138050000001)","Unfall 151231 (2022) Kat:3, Licht: 2","151231","3","1","8","08","23","1","","2","1","0","0","0"
"POINT (9.986411227000080 53.458102768000103)","Unfall 151232 (2022) Kat:2, Licht: 0","151232","2","7","0","08","14","4","","0","0","0","0","1"
"POINT (10.023287674000100 53.537792755000098)","Unfall 151233 (2022) Kat:3, Licht: 0","151233","3","3","5","07","09","7","","0","0","1","0","0"
"POINT (9.858975461000060 53.576631784000000)","Unfall 151234 (2022) Kat:3, Licht: 1","151234","3","4","6","08","16","5","","1","0","1","1","0"
"POINT (10.136275753000101 53.570953312000000)","Unfall 151235 (2022) Kat:3, Licht: 2","151235","3","5","1","08","00","7","","2","0","1","0","0"
"POINT (10.012810936000101 53.517340229000098)","Unfall 151236 (2022) Kat:3, Licht: 0","151236","3","6","2","07","17","5","","0","0","1","0","0"
"POINT (10.035729474000000 53.601113026000100)","Unfall 151237 (2022) Kat:3, Licht: 0","151237","3","2","3","08","11","4","","0","1","1","0","0"
"POINT (9.905940203000061 53.601433213000099)","Unfall 151238 (2022) Kat:3, Licht: 0","151238","3","3","5","07","10","5","","0","0","1","0","0"
"POINT (10.026680376000099 53.626450462000001)","Unfall 151239 (2022) Kat:2, Licht: 0","151239","2","3","5","08","17","7","","0","0","1","0","0"
"POINT (10.086588796000100 53.617947023000099)","Unfall 151240 (2022) Kat:3, Licht: 0","151240","3","7","0","08","11","2","","0","0","1","0","0"
"POINT (10.067263781000101 53.579160220000098)","Unfall 151241 (2022) Kat:3, Licht: 0","151241","3","5","1","07","10","4","","0","1","1","0","0"
"POINT (10.207351078000000 53.480033157999998)","Unfall 151242 (2022) Kat:3, Licht: 0","151242","3","3","5","08","16","4","","0","1","1","0","0"
"POINT (10.094067277000001 53.545255650000101)","Unfall 151243 (2022) Kat:3, Licht: 0","151243","3","6","2","06","17","5","","0","0","1","0","0"
"POINT (10.175194995000000 53.482224768000002)","Unfall 151244 (2022) Kat:3, Licht: 0","151244","3","3","5","07","09","4","","0","1","1","0","0"
"POINT (10.040052030000000 53.589780927000000)","Unfall 151245 (2022) Kat:3, Licht: 0","151245","3","7","6","08","15","7","","0","0","0","1","0"
"POINT (10.001780233000000 53.547482545000001)","Unfall 151246 (2022) Kat:3, Licht: 0","151246","3","4","6","07","17","3","","0","0","1","1","0"
"POINT (10.043730767000101 53.563768256000102)","Unfall 151247 (2022) Kat:3, Licht: 0","151247","3","2","3","08","18","6","","0","1","1","0","0"
"POINT (9.977571675000039 53.577503579999998)","Unfall 151248 (2022) Kat:3, Licht: 0","151248","3","2","4","08","17","2","","0","0","1","0","0"
"POINT (10.092030489000001 53.543688444000097)","Unfall 151249 (2022) Kat:3, Licht: 0","151249","3","7","6","07","17","3","","0","0","0","1","0"
"POINT (10.012900393000100 53.645357631000103)","Unfall 151250 (2022) Kat:3, Licht: 0","151250","3","4","6","08","20","1","","0","1","0","1","0"
"POINT (10.071823564000100 53.583271080000003)","Unfall 151251 (2022) Kat:3, Licht: 0","151251","3","7","0","07","16","2","","0","0","0","0","1"
"POINT (9.997174600000051 53.544041229000101)","Unfall 151252 (2022) Kat:3, Licht: 0","151252","3","6","3","07","15","2","","0","1","1","0","0"
"POINT (10.070925989999999 53.570885535999999)","Unfall 151253 (2022) Kat:3, Licht: 0","151253","3","4","6","08","19","6","","0","0","0","1","0"
"POINT (10.069486918999999 53.559557615000102)","Unfall 151254 (2022) Kat:3, Licht: 0","151254","3","3","5","07","12","6","","0","0","1","0","0"
"POINT (9.988103108000081 53.582027064999998)","Unfall 151255 (2022) Kat:3, Licht: 0","151255","3","2","3","07","06","5","","0","1","1","0","0"
"POINT (9.949652581000070 53.557912322999996)","Unfall 151256 (2022) Kat:3, Licht: 0","151256","3","7","8","08","07","5","","0","1","0","0","0"
"POINT (9.903565446000069 53.626055606000101)","Unfall 151257 (2022) Kat:3, Licht: 0","151257","3","4","6","08","14","3","","0","0","1","1","0"
"POINT (9.969747721000029 53.470865115999999)","Unfall 151258 (2022) Kat:3, Licht: 0","151258","3","3","3","06","15","5","","0","1","0","0","0"
"POINT (9.995143331000071 53.452903433000102)","Unfall 151259 (2022) Kat:3, Licht: 0","151259","3","2","3","07","18","2","","0","1","1","0","0"
"POINT (9.946249630000070 53.580736855000097)","Unfall 151260 (2022) Kat:3, Licht: 0","151260","3","1","0","08","20","2","","0","1","0","0","0"
"POINT (10.141387519000000 53.628948612000002)","Unfall 151261 (2022) Kat:3, Licht: 0","151261","3","6","2","08","14","6","","0","0","1","0","0"
"POINT (9.985789834000061 53.581872187000002)","Unfall 151262 (2022) Kat:3, Licht: 0","151262","3","5","1","08","09","2","","0","1","1","0","0"
"POINT (9.962022608000041 53.472327413000102)","Unfall 151263 (2022) Kat:3, Licht: 0","151263","3","6","0","08","13","6","","0","1","1","0","0"
"POINT (10.004509776000100 53.553412983999998)","Unfall 151264 (2022) Kat:3, Licht: 0","151264","3","6","2","07","12","7","","0","0","1","0","0"
"POINT (10.014329765000101 53.598153070000102)","Unfall 151265 (2022) Kat:3, Licht: 0","151265","3","6","0","08","08","5","","0","0","1","0","0"
"POINT (10.045619754000001 53.569605500000101)","Unfall 151266 (2022) Kat:3, Licht: 0","151266","3","6","3","07","08","6","","0","0","1","0","0"
"POINT (10.075705897000001 53.554843951000102)","Unfall 151267 (2022) Kat:2, Licht: 0","151267","2","5","1","08","10","2","","0","1","1","0","0"
"POINT (9.980013264000039 53.568210534000102)","Unfall 151268 (2022) Kat:3, Licht: 0","151268","3","2","3","08","11","3","","0","1","0","0","0"
"POINT (9.958156657000069 53.562862215999999)","Unfall 151269 (2022) Kat:3, Licht: 0","151269","3","7","0","06","08","4","","0","1","0","0","0"
"POINT (10.033227801000100 53.636170935000102)","Unfall 151270 (2022) Kat:3, Licht: 0","151270","3","3","5","09","09","5","","0","1","0","0","0"
"POINT (10.035430537000000 53.602338087000099)","Unfall 151271 (2022) Kat:3, Licht: 0","151271","3","6","0","07","10","7","","0","1","1","0","0"
"POINT (10.015317359999999 53.559285823000003)","Unfall 151272 (2022) Kat:3, Licht: 0","151272","3","5","5","07","11","6","","0","1","1","0","0"
"POINT (10.130510770000100 53.633859778000001)","Unfall 151273 (2022) Kat:3, Licht: 0","151273","3","1","0","08","16","4","","0","1","0","0","0"
"POINT (10.039683395999999 53.571120114999999)","Unfall 151274 (2022) Kat:3, Licht: 0","151274","3","6","4","08","18","4","","0","1","0","0","0"
"POINT (10.135435116000099 53.617452880000002)","Unfall 151275 (2022) Kat:3, Licht: 0","151275","3","7","6","06","14","4","","0","1","0","1","0"
"POINT (9.915794714000070 53.548771442000003)","Unfall 151276 (2022) Kat:3, Licht: 0","151276","3","2","4","08","09","2","","0","1","1","0","0"
"POINT (9.999700411000051 53.576516740999999)","Unfall 151277 (2022) Kat:3, Licht: 0","151277","3","4","6","07","18","2","","0","1","0","1","0"