WKT,Name,OBJECTID,UKATEGORIE,UTYP1,UART,UMONAT,USTUNDE,UWOCHENTAG,STRZUSTAND,ULICHTVERH,ISTRAD,ISTPKW,ISTFUSS,ISTKRAD
"POINT (10.070278189000000 53.573200886999999)","Unfall 151278 (2022) Kat:3, Licht: 0","151278","3","3","5","08","12","2","","0","0","1","0","0"
"POINT (10.065584543000099 53.571367942000101)","Unfall 151279 (2022) Kat:3, Licht: 0","151279","3","1","0","08","19","6","","0","0","0","0","1"
"POINT (9.918283029000071 53.578967581000001)","Unfall 151280 (2022) Kat:3, Licht: 0","151280","3","5","5","08","10","2","","0","1","1","0","0"
"POINT (9.947687579000050 53.552841481000002)","Unfall 151281 (2022) Kat:3, Licht: 0","151281","3","2","6","08","18","6","","0","0","0","1","0"
"POINT (9.949775062000070 53.544699771000097)","Unfall 151282 (2022) Kat:3, Licht: 0","151282","3","4","6","07","16","1","","0","0","0","1","1"
"POINT (10.185683183000000 53.487721886000003)","Unfall 151283 (2022) Kat:3, Licht: 0","151283","3","6","2","08","14","4","","0","0","1","0","0"
"POINT (10.080421080000100 53.556209604000102)","Unfall 151284 (2022) Kat:3, Licht: 0","151284","3","5","1","07","15","6","","0","0","1","0","1"
"POINT (10.100899878000099 53.641770538999999)","Unfall 151285 (2022) Kat:3, Licht: 0","151285","3","1","0","08","18","2","","0","0","0","0","0"
"POINT (9.999325811000061 53.574391839000000)","Unfall 151286 (2022) Kat:3, Licht: 0","151286","3","6","2","08","18","4","","0","1","0","0","0"
"POINT (10.069718744999999 53.579335630999999)","Unfall 151287 (2022) Kat:3, Licht: 0","151287","3","3","5","06","09","3","","0","1","1","0","0"
"POINT (9.920554549000030 53.589613821999997)","Unfall 151288 (2022) Kat:3, Licht: 2","151288","3","1","0","07","01","7","","2","0","0","0","0"
"POINT (10.160799979000000 53.593589852000001)","Unfall 151289 (2022) Kat:3, Licht: 0","151289","3","7","0","08","10","4","","0","0","0","0","0"
"POINT (10.205941942000001 53.423876012999997)","Unfall 151290 (2022) Kat:2, Licht: 0","151290","2","7","0","07","19","5","","0","1","0","0","0"
"POINT (10.122252058000100 53.585118094999999)","Unfall 151291 (2022) Kat:2, Licht: 0","151291","2","3","5","08","16","4","","0","1","1","0","0"
"POINT (10.047096775000099 53.561128494999998)","Unfall 151292 (2022) Kat:3, Licht: 0","151292","3","6","2","08","14","6","","0","0","1","0","0"
"POINT (10.207153923000000 53.489264800999997)","Unfall 151293 (2022) Kat:3, Licht: 0","151293","3","7","0","07","08","4","","0","1","0","0","0"
"POINT (10.042391765000000 53.555587290000098)","Unfall 151294 (2022) Kat:3, Licht: 0","151294","3","2","4","08","17","3","","0","1","0","0","0"
"POINT (10.036517044000000 53.597392431000102)","Unfall 151295 (2022) Kat:3, Licht: 2","151295","3","7","3","07","22","6","","2","1","1","0","0"
"POINT (10.094893067999999 53.606531015000002)","Unfall 151296 (2022) Kat:3, Licht: 0","151296","3","6","2","07","20","6","","0","0","1","0","0"
"POINT (10.038733720000000 53.584729424999999)","Unfall 151297 (2022) Kat:3, Licht: 2","151297","3","1","0","08","01","1","","2","1","0","0","0"
"POINT (9.985950798000029 53.555670561000099)","Unfall 151298 (2022) Kat:3, Licht: 1","151298","3","7","0","07","22","4","","1","0","0","0","1"
"POINT (10.107909217000000 53.655569399000100)","Unfall 151299 (2022) Kat:3, Licht: 0","151299","3","6","4","09","07","5","","0","1","0","0","0"
"POINT (10.151161080000101 53.608925563000099)","Unfall 151300 (2022) Kat:3, Licht: 0","151300","3","6","2","07","09","6","","0","0","1","0","0"
"POINT (10.103671106000000 53.641704531000101)","Unfall 151301 (2022) Kat:3, Licht: 0","151301","3","7","0","07","19","4","","0","1","0","0","0"
"POINT (9.951191488000060 53.545012068000098)","Unfall 151302 (2022) Kat:2, Licht: 2","151302","2","7","0","08","03","7","","2","1","0","0","0"
"POINT (9.973679767000020 53.528170930000002)","Unfall 151303 (2022) Kat:3, Licht: 0","151303","3","2","3","07","17","2","","0","1","1","0","0"
"POINT (9.991107296000051 53.554132209999999)","Unfall 151304 (2022) Kat:3, Licht: 2","151304","3","7","0","08","02","6","","2","1","0","0","0"
"POINT (10.135810405000001 53.628790549000001)","Unfall 151305 (2022) Kat:3, Licht: 0","151305","3","6","4","06","08","5","","0","0","1","0","0"
"POINT (10.015977888000100 53.635434463000102)","Unfall 151306 (2022) Kat:3, Licht: 0","151306","3","6","2","08","19","2","","0","0","1","0","0"
"POINT (9.903443840000021 53.568678605999999)","Unfall 151307 (2022) Kat:3, Licht: 0","151307","3","2","3","07","13","4","","0","1","1","0","0"
"POINT (9.988034846000060 53.510384322999997)","Unfall 151308 (2022) Kat:3, Licht: 1","151308","3","3","5","08","21","3","","1","0","0","0","0"
"POINT (10.024967201999999 53.562488126000098)","Unfall 151309 (2022) Kat:3, Licht: 0","151309","3","6","2","08","12","7","","0","0","1","0","0"
"POINT (10.157748849000001 53.641396762000099)","Unfall 151310 (2022) Kat:2, Licht: 2","151310","2","6","4","07","22","1","","2","0","1","0","0"
"POINT (9.933443237000059 53.556856209999999)","Unfall 151311 (2022) Kat:3, Licht: 1","151311","3","6","3","07","21","3","","1","1","1","0","0"
"POINT (10.196651170999999 53.492570231000101)","Unfall 151312 (2022) Kat:3, Licht: 0","151312","3","6","3","08","13","5","","0","1","1","0","0"
"POINT (9.989020696000070 53.441472261999998)","Unfall 151313 (2022) Kat:3, Licht: 0","151313","3","6","4","07","13","6","","0","0","1","0","0"
"POINT (9.900029323000069 53.482240746999999)","Unfall 151314 (2022) Kat:3, Licht: 0","151314","3","6","2","07","16","5","","0","0","0","0","1"
"POINT (10.053243928000001 53.557019808000099)","Unfall 151315 (2022) Kat:3, Licht: 0","151315","3","6","2","08","15","4","","0","0","1","0","0"
"POINT (9.956855875000031 53.610373314000100)","Unfall 151316 (2022) Kat:3, Licht: 0","151316","3","3","5","08","17","3","","0","1","1","0","0"
"POINT (10.014558353000000 53.575928368000099)","Unfall 151317 (2022) Kat:2, Licht: 0","151317","2","2","5","06","09","4","","0","1","1","0","0"
"POINT (10.013660392000100 53.552477486999997)","Unfall 151318 (2022) Kat:3, Licht: 0","151318","3","4","6","07","13","7","","0","0","1","1","0"
"POINT (10.038165120000000 53.580310331000099)","Unfall 151319 (2022) Kat:3, Licht: 0","151319","3","6","3","08","16","3","","0","1","0","0","0"
"POINT (10.023231352000000 53.615516625000097)","Unfall 151320 (2022) Kat:3, Licht: 0","151320","3","3","5","08","15","6","","0","1","1","0","0"
"POINT (9.816577069000060 53.575823331000002)","Unfall 151321 (2022) Kat:3, Licht: 2","151321","3","1","0","07","00","7","","2","0","0","0","0"
"POINT (10.014637154000100 53.518851008000098)","Unfall 151322 (2022) Kat:3, Licht: 0","151322","3","3","5","08","08","5","","0","1","0","0","0"
"POINT (10.076105423000101 53.614247465000098)","Unfall 151323 (2022) Kat:3, Licht: 0","151323","3","1","0","07","13","5","","0","0","1","0","0"
"POINT (10.105064223999999 53.456937433000100)","Unfall 151324 (2022) Kat:3, Licht: 0","151324","3","3","5","08","15","4","","0","0","1","0","0"
"POINT (9.990298048000060 53.602717892999998)","Unfall 151325 (2022) Kat:3, Licht: 0","151325","3","6","2","07","09","6","","0","0","1","0","0"
"POINT (9.978633386000070 53.514870774000002)","Unfall 151326 (2022) Kat:3, Licht: 2","151326","3","6","3","08","02","1","","2","1","0","0","0"
"POINT (9.885095722000070 53.622060992999998)","Unfall 151327 (2022) Kat:3, Licht: 0","151327","3","4","6","08","16","1","","0","0","1","1","0"
"POINT (10.049320815000000 53.573644983000101)","Unfall 151328 (2022) Kat:3, Licht: 0","151328","3","1","0","07","15","3","","0","0","0","0","0"
"POINT (10.089731807000000 53.544746711000101)","Unfall 151329 (2022) Kat:3, Licht: 1","151329","3","4","6","09","05","5","","1","0","1","1","0"
"POINT (9.981602909000060 53.426587111000103)","Unfall 151330 (2022) Kat:3, Licht: 0","151330","3","6","4","06","20","5","","0","0","1","0","0"
"POINT (9.849468482000081 53.555092146000000)","Unfall 151331 (2022) Kat:3, Licht: 0","151331","3","3","5","08","08","4","","0","1","0","0","0"
"POINT (10.057973322000100 53.569896589000102)","Unfall 151332 (2022) Kat:2, Licht: 0","151332","2","5","1","07","16","5","","0","0","1","0","0"
"POINT (9.985049464000040 53.458705607000098)","Unfall 151333 (2022) Kat:3, Licht: 0","151333","3","5","6","08","07","3","","0","0","1","1","0"
"POINT (10.039359248000000 53.606587851000000)","Unfall 151334 (2022) Kat:3, Licht: 0","151334","3","7","0","08","12","5","","0","0","0","0","0"
"POINT (9.886814956000020 53.598778264000003)","Unfall 151335 (2022) Kat:3, Licht: 0","151335","3","3","6","07","18","4","","0","1","0","1","0"
"POINT (10.055691821000000 53.591559965000002)","Unfall 151336 (2022) Kat:3, Licht: 0","151336","3","2","4","08","15","3","","0","1","1","0","0"
"POINT (10.050722470000000 53.568283607000097)","Unfall 151337 (2022) Kat:2, Licht: 0","151337","2","6","4","07","17","4","","0","1","0","0","0"
"POINT (10.051136221000000 53.602843463000099)","Unfall 151338 (2022) Kat:3, Licht: 0","151338","3","6","3","08","10","6","","0","0","0","0","1"
"POINT (9.935780724000040 53.546325769000099)","Unfall 151339 (2022) Kat:3, Licht: 0","151339","3","6","3","07","06","4","","0","0","1","0","0"
"POINT (10.129227417999999 53.561390964000097)","Unfall 151340 (2022) Kat:3, Licht: 0","151340","3","7","5","07","14","3","","0","0","0","0","0"
"POINT (10.065704328000001 53.578948547000003)","Unfall 151341 (2022) Kat:3, Licht: 2","151341","3","2","4","08","22","7","","2","0","1","0","1"
"POINT (9.949439820000070 53.555778341000099)","Unfall 151342 (2022) Kat:3, Licht: 0","151342","3","7","2","07","08","3","","0","1","1","0","0"
"POINT (10.051605300000100 53.634718529000097)","Unfall 151343 (2022) Kat:3, Licht: 0","151343","3","7","0","08","10","4","","0","1","0","0","0"
"POINT (10.021707923000100 53.553178918000100)","Unfall 151344 (2022) Kat:3, Licht: 0","151344","3","4","6","08","13","5","","0","0","1","1","0"
"POINT (9.900026493000039 53.482232640000099)","Unfall 151345 (2022) Kat:3, Licht: 0","151345","3","6","2","07","19","5","","0","0","1","0","0"
"POINT (9.960267070000040 53.551433460000098)","Unfall 151346 (2022) Kat:3, Licht: 0","151346","3","6","2","08","17","4","","0","0","1","0","1"
"POINT (10.098014342000100 53.595867446000099)","Unfall 151347 (2022) Kat:3, Licht: 0","151347","3","5","5","08","18","7","","0","1","1","0","0"
"POINT (9.943548706000060 53.593303163000002)","Unfall 151348 (2022) Kat:3, Licht: 0","151348","3","2","6","07","08","3","","0","0","0","1","0"
"POINT (9.988507490000069 53.543025686000099)","Unfall 151349 (2022) Kat:3, Licht: 0","151349","3","5","1","08","17","4","","0","1","0","0","0"
"POINT (10.102046175000099 53.647296531000102)","Unfall 151350 (2022) Kat:3, Licht: 0","151350","3","2","0","07","16","4","","0","0","1","0","1"
"POINT (9.936336034000020 53.588598935999997)","Unfall 151351 (2022) Kat:3, Licht: 0","151351","3","7","0","08","09","7","","0","1","0","0","0"
"POINT (10.176127709000101 53.608560499000099)","Unfall 151352 (2022) Kat:2, Licht: 0","151352","2","4","6","07","14","3","","0","0","1","1","0"
"POINT (9.998929248000019 53.550792983000100)","Unfall 151353 (2022) Kat:3, Licht: 0","151353","3","7","0","07","10","6","","0","0","0","0","0"
"POINT (9.982858324000061 53.589287576000103)","Unfall 151354 (2022) Kat:3, Licht: 0","151354","3","7","3","07","16","3","","0","0","1","0","0"
"POINT (10.107247988999999 53.654395088999998)","Unfall 151355 (2022) Kat:3, Licht: 0","151355","3","2","4","08","17","7","","0","0","1","0","0"
"POINT (10.003036053000100 53.554271447000097)","Unfall 151356 (2022) Kat:3, Licht: 2","151356","3","7","0","07","23","3","","2","1","0","0","0"
"POINT (9.869030932000040 53.565477976000103)","Unfall 151357 (2022) Kat:3, Licht: 0","151357","3","5","1","08","15","6","","0","0","1","0","0"
"POINT (10.013569466000000 53.643196483000096)","Unfall 151358 (2022) Kat:3, Licht: 0","151358","3","4","6","06","14","5","","0","0","1","1","0"
"POINT (10.097123422999999 53.460642718000003)","Unfall 151359 (2022) Kat:3, Licht: 0","151359","3","1","8","08","15","2","","0","0","1","0","0"
"POINT (10.010602982000000 53.538007933000102)","Unfall 151360 (2022) Kat:3, Licht: 0","151360","3","5","1","07","12","3","","0","0","1","0","0"
"POINT (9.989337694000030 53.564269977999999)","Unfall 151361 (2022) Kat:3, Licht: 0","151361","3","5","5","08","18","4","","0","0","1","0","0"
"POINT (10.019797584000100 53.530681112000103)","Unfall 151362 (2022) Kat:2, Licht: 0","151362","2","3","5","08","15","2","","0","0","1","0","0"
"POINT (10.206643291000001 53.478040493999998)","Unfall 151363 (2022) Kat:3, Licht: 0","151363","3","6","2","08","11","2","","0","0","1","0","0"
"POINT (9.929778651000049 53.592302754000102)","Unfall 151364 (2022) Kat:3, Licht: 0","151364","3","7","3","07","14","1","","0","0","1","0","1"
"POINT (10.000590781000000 53.520063236000098)","Unfall 151365 (2022) Kat:3, Licht: 2","151365","3","3","5","07","00","2","","2","0","1","0","0"
"POINT (9.994420962000049 53.563496549000000)","Unfall 151366 (2022) Kat:3, Licht: 0","151366","3","3","5","08","12","6","","0","0","1","0","0"
"POINT (10.003136755000099 53.587466532000100)","Unfall 151367 (2022) Kat:3, Licht: 0","151367","3","7","0","07","15","1","","0","1","0","0","0"
"POINT (10.154305184000100 53.602308909000001)","Unfall 151368 (2022) Kat:3, Licht: 0","151368","3","5","1","07","10","6","","0","1","1","0","0"
"POINT (9.789968662000041 53.571895943000101)","Unfall 151369 (2022) Kat:2, Licht: 2","151369","2","7","0","08","21","4","","2","1","0","0","0"
"POINT (9.963113355000081 53.599741342000101)","Unfall 151370 (2022) Kat:3, Licht: 0","151370","3","6","2","08","13","3","","0","0","1","0","0"
"POINT (10.077912578000101 53.586660823000003)","Unfall 151371 (2022) Kat:3, Licht: 0","151371","3","6","1","06","18","3","","0","0","1","0","0"
"POINT (9.945781533000060 53.470504536000099)","Unfall 151372 (2022) Kat:3, Licht: 2","151372","3","7","0","09","20","5","","2","1","0","0","0"
"POINT (9.913059553000039 53.644828599999997)","Unfall 151373 (2022) Kat:3, Licht: 1","151373","3","5","1","07","21","7","","1","1","1","0","0"
"POINT (9.994016782000070 53.579787899999999)","Unfall 151374 (2022) Kat:3, Licht: 2","151374","3","3","5","08","22","3","","2","1","1","0","0"
"POINT (10.029363021000099 53.578214963999997)","Unfall 151375 (2022) Kat:3, Licht: 2","151375","3","3","5","08","23","6","","2","1","1","0","0"
"POINT (9.998500285000031 53.608836306000100)","Unfall 151376 (2022) Kat:3, Licht: 0","151376","3","7","0","07","09","1","","0","1","0","0","0"
"POINT (9.868227883000030 53.595312052000097)","Unfall 151377 (2022) Kat:3, Licht: 0","151377","3","2","2","08","17","6","","0","0","1","0","0"
"POINT (10.002268349000101 53.587764931999999)","Unfall 151378 (2022) Kat:3, Licht: 0","151378","3","7","2","07","18","6","","0","0","1","0","0"
"POINT (10.018350769000101 53.528940812000002)","Unfall 151379 (2022) Kat:2, Licht: 0","151379","2","6","2","08","09","5","","0","0","1","0","0"
"POINT (10.091925554000101 53.651395028000103)","Unfall 151380 (2022) Kat:3, Licht: 0","151380","3","5","3","07","19","6","","0","0","1","0","0"
"POINT (9.915865359000071 53.642620133999998)","Unfall 151381 (2022) Kat:3, Licht: 0","151381","3","3","5","08","09","2","","0","1","1","0","0"
"POINT (9.884161428000031 53.601101259000103)","Unfall 151382 (2022) Kat:3, Licht: 0","151382","3","7","6","08","12","2","","0","0","1","1","0"
"POINT (9.852161922000050 53.588866764000002)","Unfall 151383 (2022) Kat:3, Licht: 0","151383","3","7","7","07","19","3","","0","0","0","1","1"
"POINT (10.010397664999999 53.599767430999997)","Unfall 151384 (2022) Kat:3, Licht: 0","151384","3","6","4","09","17","5","","0","1","0","0","0"
"POINT (10.056182354000001 53.569538710000103)","Unfall 151385 (2022) Kat:2, Licht: 0","151385","2","3","5","07","07","6","","0","1","1","0","0"
"POINT (9.995003802000040 53.565478646000003)","Unfall 151386 (2022) Kat:3, Licht: 0","151386","3","2","0","08","17","5","","0","1","1","0","0"
"POINT (9.857436538000060 53.598101225000100)","Unfall 151387 (2022) Kat:3, Licht: 0","151387","3","6","3","07","18","5","","0","0","0","0","1"
"POINT (9.977572662000060 53.575485196000002)","Unfall 151388 (2022) Kat:3, Licht: 0","151388","3","7","0","08","09","4","","0","1","0","0","0"
"POINT (10.057302536000099 53.564484660000097)","Unfall 151389 (2022) Kat:3, Licht: 0","151389","3","2","2","08","19","5","","0","0","1","0","0"
"POINT (10.031713429000000 53.625672299000001)","Unfall 151390 (2022) Kat:3, Licht: 2","151390","3","6","2","07","22","4","","2","0","1","0","0"
"POINT (10.017619062000101 53.572031435000000)","Unfall 151391 (2022) Kat:3, Licht: 2","151391","3","5","1","08","22","3","","2","0","1","0","0"
"POINT (9.990530174000069 53.560350176000000)","Unfall 151392 (2022) Kat:3, Licht: 0","151392","3","3","5","07","13","4","","0","1","1","0","0"
"POINT (10.007425150000101 53.585708096000097)","Unfall 151393 (2022) Kat:3, Licht: 0","151393","3","5","5","08","11","7","","0","0","1","0","1"
"POINT (9.940378385000029 53.572779818000100)","Unfall 151394 (2022) Kat:3, Licht: 0","151394","3","6","2","07","17","3","","0","0","1","0","0"
"POINT (10.130506670000001 53.529795507000102)","Unfall 151395 (2022) Kat:3, Licht: 0","151395","3","1","0","07","09","3","","0","0","0","0","1"
"POINT (9.927691140000039 53.559836292999996)","Unfall 151396 (2022) Kat:3, Licht: 2","151396","3","7","0","08","23","7","","2","0","0","0","0"
"POINT (10.209540708000100 53.489650734000101)","Unfall 151397 (2022) Kat:3, Licht: 0","151397","3","6","6","07","10","2","","0","1","0","1","0"
"POINT (9.949163440000060 53.558528185999997)","Unfall 151398 (2022) Kat:3, Licht: 0","151398","3","2","5","07","18","5","","0","1","1","0","0"
"POINT (10.022502380000001 53.559055948999998)","Unfall 151399 (2022) Kat:3, Licht: 0","151399","3","3","5","08","10","5","","0","1","1","0","0"
"POINT (9.864685598000049 53.599198761000103)","Unfall 151400 (2022) Kat:2, Licht: 0","151400","2","1","0","08","16","4","","0","1","0","0","0"
"POINT (10.054833473000000 53.591831570000103)","Unfall 151401 (2022) Kat:3, Licht: 0","151401","3","2","4","06","14","5","","0","1","1","0","0"
"POINT (9.990221637000049 53.443925141000101)","Unfall 151402 (2022) Kat:3, Licht: 0","151402","3","2","4","08","14","2","","0","0","1","0","0"
"POINT (9.942195741000029 53.551861221000102)","Unfall 151403 (2022) Kat:3, Licht: 0","151403","3","1","0","07","15","3","","0","1","0","0","0"
"POINT (10.197964990000100 53.510742337000103)","Unfall 151404 (2022) Kat:3, Licht: 1","151404","3","3","6","08","18","2","","1","0","0","1","0"
"POINT (9.917019146000030 53.582054847000101)","Unfall 151405 (2022) Kat:3, Licht: 0","151405","3","2","3","08","17","6","","0","1","1","0","0"
"POINT (9.914074071000069 53.512278698000003)","Unfall 151406 (2022) Kat:3, Licht: 0","151406","3","6","2","08","16","2","","0","0","1","0","0"
"POINT (9.880642243000070 53.600904951000103)","Unfall 151407 (2022) Kat:3, Licht: 0","151407","3","3","6","07","13","2","","0","0","1","1","0"
"POINT (10.084328360000001 53.649984957000100)","Unfall 151408 (2022) Kat:3, Licht: 0","151408","3","7","0","07","16","2","","0","1","0","0","0"
"POINT (9.876644939000069 53.503720223000101)","Unfall 151409 (2022) Kat:2, Licht: 0","151409","2","3","5","08","15","5","","0","1","0","0","0"
"POINT (10.172758705000000 53.648208476000001)","Unfall 151410 (2022) Kat:3, Licht: 0","151410","3","3","5","07","09","7","","0","1","0","0","0"
"POINT (9.951872280000030 53.576887077000002)","Unfall 151411 (2022) Kat:3, Licht: 0","151411","3","7","1","08","16","2","","0","1","1","0","0"
"POINT (9.910070957000070 53.604097600000003)","Unfall 151412 (2022) Kat:3, Licht: 0","151412","3","6","2","08","16","3","","0","0","1","0","0"
"POINT (9.991495595000060 53.588454593000101)","Unfall 151413 (2022) Kat:3, Licht: 0","151413","3","7","9","06","15","4","","0","0","1","0","0"
"POINT (10.037586002000101 53.648641924000103)","Unfall 151414 (2022) Kat:3, Licht: 0","151414","3","3","5","09","06","6","","0","0","1","0","0"
"POINT (9.985310001000069 53.552983644000101)","Unfall 151415 (2022) Kat:3, Licht: 0","151415","3","7","0","07","10","7","","0","1","0","0","0"
"POINT (10.201919447000000 53.488977026999997)","Unfall 151416 (2022) Kat:3, Licht: 0","151416","3","2","4","08","13","6","","0","1","1","0","0"
"POINT (9.909561452000050 53.568026123000003)","Unfall 151417 (2022) Kat:3, Licht: 0","151417","3","6","3","08","16","4","","0","0","1","0","0"
"POINT (9.950970201000080 53.546200070000097)","Unfall 151418 (2022) Kat:3, Licht: 0","151418","3","7","0","07","18","1","","0","1","0","0","0"
"POINT (9.810249942000040 53.526759665999997)","Unfall 151419 (2022) Kat:3, Licht: 0","151419","3","6","2","08","16","4","","0","0","1","0","0"
"POINT (10.035089422000100 53.564493830000103)","Unfall 151420 (2022) Kat:3, Licht: 0","151420","3","5","3","06","17","5","","0","0","1","0","0"
"POINT (9.986097204000030 53.437091396000000)","Unfall 151421 (2022) Kat:3, Licht: 2","151421","3","7","0","08","20","2","","2","1","0","0","0"
"POINT (10.028016691000101 53.558994003000102)","Unfall 151422 (2022) Kat:2, Licht: 0","151422","2","7","1","07","15","2","","0","1","1","0","0"
"POINT (10.154790454000000 53.524840867000101)","Unfall 151423 (2022) Kat:2, Licht: 0","151423","2","4","6","08","14","3","","0","0","1","1","0"
"POINT (10.214688020000001 53.495109845000101)","Unfall 151424 (2022) Kat:3, Licht: 0","151424","3","6","3","08","12","7","","0","1","0","0","0"
"POINT (9.985458369000069 53.571343775000102)","Unfall 151425 (2022) Kat:3, Licht: 0","151425","3","4","6","08","07","3","","0","0","0","1","0"
"POINT (10.033678774000100 53.536358353000097)","Unfall 151426 (2022) Kat:3, Licht: 0","151426","3","5","3","07","16","1","","0","0","1","0","1"
"POINT (10.078692026000100 53.550164998000099)","Unfall 151427 (2022) Kat:3, Licht: 0","151427","3","4","6","07","10","2","","0","0","1","1","0"
"POINT (9.981822096000030 53.527508603999998)","Unfall 151428 (2022) Kat:3, Licht: 2","151428","3","7","0","08","00","6","","2","1","0","0","0"
"POINT (10.119259422000001 53.538173127999997)","Unfall 151429 (2022) Kat:2, Licht: 2","151429","2","3","5","07","22","7","","2","1","1","0","0"
"POINT (10.063068668000000 53.602456885000002)","Unfall 151430 (2022) Kat:3, Licht: 0","151430","3","7","0","08","11","2","","0","0","0","0","0"
"POINT (10.070635924999999 53.604961656000100)","Unfall 151431 (2022) Kat:3, Licht: 0","151431","3","3","5","08","17","3","","0","0","1","0","0"
"POINT (10.180696442000100 53.603045017000099)","Unfall 151432 (2022) Kat:3, Licht: 0","151432","3","5","5","06","17","3","","0","1","1","0","0"
"POINT (9.950324372000070 53.574478876999997)","Unfall 151433 (2022) Kat:3, Licht: 0","151433","3","3","5","07","12","1","","0","1","1","0","0"
"POINT (9.925514519000050 53.582147261999999)","Unfall 151434 (2022) Kat:3, Licht: 0","151434","3","6","4","08","20","2","","0","0","1","0","0"
"POINT (9.958879271000059 53.634464653000101)","Unfall 151435 (2022) Kat:3, Licht: 0","151435","3","5","5","08","07","6","","0","0","1","0","0"
"POINT (9.992673606000039 53.592312593000003)","Unfall 151436 (2022) Kat:3, Licht: 0","151436","3","1","0","07","15","7","","0","0","0","0","1"
"POINT (9.981084004000021 53.596663969000097)","Unfall 151437 (2022) Kat:3, Licht: 0","151437","3","6","2","08","10","5","","0","0","1","0","0"
"POINT (10.016473894000100 53.523643645999996)","Unfall 151438 (2022) Kat:3, Licht: 2","151438","3","1","8","08","04","1","","2","0","0","0","0"
"POINT (10.040947653000000 53.532282541000001)","Unfall 151439 (2022) Kat:3, Licht: 0","151439","3","7","6","07","14","6","","0","0","1","1","0"
"POINT (10.013042731000001 53.643643375000103)","Unfall 151440 (2022) Kat:3, Licht: 0","151440","3","2","4","08","17","5","","0","1","1","0","0"
"POINT (10.065785678999999 53.571305357000000)","Unfall 151441 (2022) Kat:3, Licht: 0","151441","3","3","5","07","11","5","","0","1","1","0","0"
"POINT (9.973056474000030 53.545495464000098)","Unfall 151442 (2022) Kat:2, Licht: 0","151442","2","2","4","08","20","7","","0","0","1","0","1"
"POINT (9.896658324000040 53.625116710999997)","Unfall 151443 (2022) Kat:3, Licht: 2","151443","3","3","6","08","20","2","","2","1","0","1","0"
"POINT (9.987377766000071 53.554399784000097)","Unfall 151444 (2022) Kat:3, Licht: 2","151444","3","6","2","07","23","4","","2","0","0","0","0"
"POINT (10.019746174000000 53.568824995999996)","Unfall 151445 (2022) Kat:3, Licht: 0","151445","3","2","6","09","09","5","","0","0","0","1","0"
"POINT (10.019387725000101 53.487515440999999)","Unfall 151446 (2022) Kat:3, Licht: 0","151446","3","6","2","06","12","5","","0","0","1","0","1"
"POINT (10.159043951999999 53.646107573000101)","Unfall 151447 (2022) Kat:3, Licht: 0","151447","3","6","4","08","18","4","","0","1","0","0","0"
"POINT (10.004040358999999 53.553703782000099)","Unfall 151448 (2022) Kat:3, Licht: 0","151448","3","7","6","07","15","6","","0","0","0","1","0"
"POINT (10.234158129000001 53.487269969000103)","Unfall 151449 (2022) Kat:2, Licht: 0","151449","2","1","0","08","11","4","","0","1","0","0","0"
"POINT (9.974971342000060 53.565381162000101)","Unfall 151450 (2022) Kat:3, Licht: 0","151450","3","2","3","08","18","2","","0","1","1","0","0"
"POINT (10.024721907000099 53.551005632000098)","Unfall 151451 (2022) Kat:3, Licht: 0","151451","3","7","0","08","09","5","","0","0","0","0","1"
"POINT (9.925150744000060 53.592292487000101)","Unfall 151452 (2022) Kat:3, Licht: 0","151452","3","1","0","08","15","4","","0","0","0","0","1"
"POINT (9.993390523000070 53.573822335000003)","Unfall 151453 (2022) Kat:3, Licht: 0","151453","3","5","5","07","12","5","","0","1","1","0","0"
"POINT (9.825535437000040 53.584171918999999)","Unfall 151454 (2022) Kat:3, Licht: 0","151454","3","1","0","08","12","7","","0","1","0","0","0"
"POINT (10.002137949000000 53.672993755000000)","Unfall 151455 (2022) Kat:2, Licht: 0","151455","2","7","3","07","14","3","","0","0","1","0","1"
"POINT (9.939004368000040 53.577733631999997)","Unfall 151456 (2022) Kat:3, Licht: 0","151456","3","6","3","07","17","4","","0","1","1","0","0"
"POINT (10.214138052000100 53.487174543000002)","Unfall 151457 (2022) Kat:3, Licht: 0","151457","3","6","6","08","11","6","","0","0","0","1","0"
"POINT (9.911122710000029 53.583798764000100)","Unfall 151458 (2022) Kat:3, Licht: 1","151458","3","3","5","07","20","2","","1","0","1","0","0"
"POINT (10.006073584999999 53.599242108000098)","Unfall 151459 (2022) Kat:3, Licht: 0","151459","3","3","5","07","14","6","","0","1","1","0","0"
"POINT (9.905556868000080 53.607704506000097)","Unfall 151460 (2022) Kat:3, Licht: 0","151460","3","7","2","08","12","4","","0","0","1","0","0"
"POINT (9.778885220000060 53.562320435000103)","Unfall 151461 (2022) Kat:3, Licht: 0","151461","3","6","2","08","14","4","","0","1","1","0","0"
"POINT (10.120897668000101 53.534587172000002)","Unfall 151462 (2022) Kat:3, Licht: 0","151462","3","4","6","06","15","4","","0","0","1","1","0"
"POINT (10.016411078999999 53.548695109000100)","Unfall 151463 (2022) Kat:3, Licht: 0","151463","3","6","3","08","18","2","","0","0","1","0","0"