WKT,Name,OBJECTID,UKATEGORIE,UTYP1,UART,UMONAT,USTUNDE,UWOCHENTAG,STRZUSTAND,ULICHTVERH,ISTRAD,ISTPKW,ISTFUSS,ISTKRAD
"POINT (10.124260340999999 53.604299952000098)","Unfall 151464 (2022) Kat:3, Licht: 0","151464","3","6","6","07","08","2","","0","0","0","1","0"
"POINT (9.921373832000031 53.616885046999997)","Unfall 151465 (2022) Kat:3, Licht: 0","151465","3","6","4","08","14","2","","0","1","0","0","0"
"POINT (9.974805919000060 53.579483137000103)","Unfall 151466 (2022) Kat:3, Licht: 0","151466","3","6","0","08","17","7","","0","0","1","0","0"
"POINT (9.985644080000039 53.551044842000103)","Unfall 151467 (2022) Kat:3, Licht: 2","151467","3","1","9","07","02","7","","2","0","1","0","0"
"POINT (10.058314823000000 53.569985388000099)","Unfall 151468 (2022) Kat:3, Licht: 0","151468","3","6","3","08","17","6","","0","0","0","0","1"
"POINT (9.957318919000040 53.456300643000098)","Unfall 151469 (2022) Kat:2, Licht: 0","151469","2","5","1","07","13","7","","0","1","1","0","0"
"POINT (9.885447386000070 53.565184843000097)","Unfall 151470 (2022) Kat:2, Licht: 0","151470","2","1","0","08","17","5","","0","0","0","0","1"
"POINT (9.870224374000029 53.558227176999999)","Unfall 151471 (2022) Kat:3, Licht: 0","151471","3","3","5","07","11","7","","0","1","1","0","0"
"POINT (9.977654014000050 53.544254987000002)","Unfall 151472 (2022) Kat:3, Licht: 0","151472","3","5","1","08","18","3","","0","1","1","0","0"
"POINT (10.108643423000000 53.560116966000102)","Unfall 151473 (2022) Kat:3, Licht: 0","151473","3","6","2","08","14","3","","0","0","1","0","0"
"POINT (9.998881066000020 53.498721957000001)","Unfall 151474 (2022) Kat:2, Licht: 0","151474","2","3","5","06","12","3","","0","1","1","0","0"
"POINT (10.080454989000000 53.576216350000003)","Unfall 151475 (2022) Kat:3, Licht: 2","151475","3","7","0","07","23","7","","2","0","0","0","1"
"POINT (9.971498167000050 53.552540878000102)","Unfall 151476 (2022) Kat:3, Licht: 0","151476","3","7","5","08","12","2","","0","0","1","0","0"
"POINT (10.055616268000101 53.591281580000000)","Unfall 151477 (2022) Kat:3, Licht: 0","151477","3","6","2","08","15","5","","0","0","1","0","0"
"POINT (10.144523930000000 53.626597146000101)","Unfall 151478 (2022) Kat:3, Licht: 0","151478","3","7","1","07","12","6","","0","1","0","0","0"
"POINT (10.122584939999999 53.567063681000000)","Unfall 151479 (2022) Kat:2, Licht: 2","151479","2","1","0","08","21","4","","2","0","0","0","1"
"POINT (9.771718875000030 53.580569363999999)","Unfall 151480 (2022) Kat:3, Licht: 0","151480","3","1","0","08","12","1","","0","0","0","0","0"
"POINT (10.016522919000099 53.649416977999998)","Unfall 151481 (2022) Kat:3, Licht: 0","151481","3","6","4","07","10","6","","0","0","1","0","0"
"POINT (10.202850395000000 53.495110007000100)","Unfall 151482 (2022) Kat:3, Licht: 0","151482","3","7","0","08","14","3","","0","1","0","0","0"
"POINT (10.242053973999999 53.481568952000003)","Unfall 151483 (2022) Kat:2, Licht: 0","151483","2","1","8","07","15","5","","0","1","0","0","0"
"POINT (10.163604240000000 53.649243216999999)","Unfall 151484 (2022) Kat:3, Licht: 0","151484","3","4","6","08","10","7","","0","1","0","1","0"
"POINT (10.015517232000001 53.523397444000103)","Unfall 151485 (2022) Kat:3, Licht: 1","151485","3","4","6","08","20","2","","1","0","1","1","0"
"POINT (10.058642783000000 53.672562438999996)","Unfall 151486 (2022) Kat:3, Licht: 0","151486","3","6","4","07","15","4","","0","0","1","0","0"
"POINT (9.961100030000070 53.549527784000098)","Unfall 151487 (2022) Kat:3, Licht: 2","151487","3","6","3","09","22","5","","2","1","0","0","0"
"POINT (9.905982450000071 53.596838438000098)","Unfall 151488 (2022) Kat:3, Licht: 1","151488","3","7","0","07","04","6","","1","1","0","0","0"
"POINT (10.058410607000001 53.575924856000000)","Unfall 151489 (2022) Kat:3, Licht: 1","151489","3","1","0","07","04","4","","1","0","0","0","1"
"POINT (10.009625070000000 53.570702283000102)","Unfall 151490 (2022) Kat:3, Licht: 0","151490","3","7","0","08","15","7","","0","1","0","0","0"
"POINT (10.068778915000101 53.559548952999997)","Unfall 151491 (2022) Kat:3, Licht: 0","151491","3","3","5","07","15","2","","0","1","1","0","0"
"POINT (10.055558752000000 53.561384306000001)","Unfall 151492 (2022) Kat:3, Licht: 0","151492","3","6","6","08","18","5","","0","1","0","1","0"
"POINT (9.911088233000040 53.646102895000098)","Unfall 151493 (2022) Kat:3, Licht: 0","151493","3","3","5","08","13","3","","0","1","1","0","0"
"POINT (9.995125674000059 53.551198716999998)","Unfall 151494 (2022) Kat:3, Licht: 0","151494","3","4","6","07","08","5","","0","0","1","1","0"
"POINT (10.100880438000001 53.589407242000000)","Unfall 151495 (2022) Kat:3, Licht: 1","151495","3","5","1","08","19","6","","1","1","0","0","0"
"POINT (10.027431496000100 53.556329828000102)","Unfall 151496 (2022) Kat:3, Licht: 0","151496","3","6","2","07","11","6","","0","0","1","0","0"
"POINT (9.899192525000050 53.609823187000103)","Unfall 151497 (2022) Kat:3, Licht: 0","151497","3","6","0","08","15","5","","0","0","1","0","0"
"POINT (10.007367980000000 53.580891072999997)","Unfall 151498 (2022) Kat:3, Licht: 0","151498","3","7","0","07","19","5","","0","1","0","0","0"
"POINT (10.069055621000100 53.663559309000000)","Unfall 151499 (2022) Kat:3, Licht: 0","151499","3","6","4","08","14","7","","0","1","1","0","0"
"POINT (9.995248373000040 53.543443854000003)","Unfall 151500 (2022) Kat:3, Licht: 0","151500","3","6","3","08","12","2","","0","0","1","0","0"
"POINT (9.999614548000070 53.576284192000102)","Unfall 151501 (2022) Kat:3, Licht: 1","151501","3","7","0","07","21","4","","1","1","0","0","0"
"POINT (9.909450240000069 53.560167022000002)","Unfall 151502 (2022) Kat:3, Licht: 0","151502","3","6","3","09","13","5","","0","1","1","0","0"
"POINT (10.028194879000100 53.579370908000001)","Unfall 151503 (2022) Kat:3, Licht: 0","151503","3","7","0","07","16","6","","0","1","0","0","0"
"POINT (10.076200533000099 53.572232364000101)","Unfall 151504 (2022) Kat:3, Licht: 0","151504","3","1","8","07","11","5","","0","0","1","0","0"
"POINT (10.203433162000101 53.497930548000099)","Unfall 151505 (2022) Kat:3, Licht: 0","151505","3","5","1","08","13","3","","0","0","1","0","0"
"POINT (10.000019047000000 53.550944950000002)","Unfall 151506 (2022) Kat:3, Licht: 2","151506","3","7","0","08","00","1","","2","0","0","0","0"
"POINT (9.895121666000019 53.611230577000100)","Unfall 151507 (2022) Kat:3, Licht: 0","151507","3","2","2","07","12","3","","0","1","1","0","0"
"POINT (10.037488961000101 53.630088706000002)","Unfall 151508 (2022) Kat:3, Licht: 0","151508","3","6","2","07","15","6","","0","0","1","0","0"
"POINT (9.962750719000040 53.549243658000101)","Unfall 151509 (2022) Kat:3, Licht: 0","151509","3","5","6","08","11","6","","0","0","1","1","0"
"POINT (9.950977906000050 53.565509032000101)","Unfall 151510 (2022) Kat:3, Licht: 0","151510","3","6","2","08","19","4","","0","1","0","0","0"
"POINT (9.988863555000020 53.579485632000100)","Unfall 151511 (2022) Kat:3, Licht: 0","151511","3","2","3","07","11","4","","0","1","1","0","0"
"POINT (9.969025728000080 53.546032954000097)","Unfall 151512 (2022) Kat:3, Licht: 0","151512","3","1","0","08","15","1","","0","1","0","0","0"
"POINT (9.958345731000071 53.556935559000102)","Unfall 151513 (2022) Kat:3, Licht: 0","151513","3","3","5","07","13","3","","0","1","1","0","0"
"POINT (10.000118123000000 53.499335557000101)","Unfall 151514 (2022) Kat:3, Licht: 0","151514","3","6","2","07","13","4","","0","0","1","0","0"
"POINT (10.068863521000001 53.571657705000099)","Unfall 151515 (2022) Kat:3, Licht: 0","151515","3","6","2","08","15","6","","0","0","1","0","0"
"POINT (9.975614702000030 53.578789739000101)","Unfall 151516 (2022) Kat:3, Licht: 0","151516","3","2","5","07","14","2","","0","1","1","0","0"
"POINT (9.984809558000050 53.583340073000002)","Unfall 151517 (2022) Kat:3, Licht: 0","151517","3","7","0","07","10","6","","0","0","0","0","1"
"POINT (10.183756646000100 53.511689328999999)","Unfall 151518 (2022) Kat:3, Licht: 0","151518","3","6","4","08","15","4","","0","0","1","0","0"
"POINT (9.888540326000051 53.621497334000097)","Unfall 151519 (2022) Kat:3, Licht: 0","151519","3","4","6","08","16","4","","0","0","1","1","0"
"POINT (10.044213736000099 53.592170434000103)","Unfall 151520 (2022) Kat:3, Licht: 0","151520","3","2","3","06","08","5","","0","1","0","0","0"
"POINT (10.007618812000000 53.652185146000100)","Unfall 151521 (2022) Kat:3, Licht: 0","151521","3","3","5","08","08","2","","0","1","0","0","0"
"POINT (10.019637052000100 53.656075287000100)","Unfall 151522 (2022) Kat:3, Licht: 0","151522","3","4","6","07","13","3","","0","0","0","1","0"
"POINT (9.927859450000030 53.642780256999998)","Unfall 151523 (2022) Kat:3, Licht: 0","151523","3","6","3","08","17","3","","0","0","0","0","1"
"POINT (10.058594515999999 53.590191603999997)","Unfall 151524 (2022) Kat:3, Licht: 0","151524","3","2","3","08","14","6","","0","1","1","0","0"
"POINT (9.945824229000040 53.549438306000098)","Unfall 151525 (2022) Kat:3, Licht: 0","151525","3","7","0","07","14","1","","0","1","0","0","0"
"POINT (9.922997621000039 53.437879303999999)","Unfall 151526 (2022) Kat:3, Licht: 0","151526","3","6","0","08","14","5","","0","0","1","0","0"
"POINT (9.971855244000039 53.568169361000102)","Unfall 151527 (2022) Kat:3, Licht: 0","151527","3","7","0","07","09","1","","0","1","0","0","0"
"POINT (10.060649039999999 53.657051666000001)","Unfall 151528 (2022) Kat:3, Licht: 0","151528","3","6","2","08","16","4","","0","0","1","0","0"
"POINT (10.038563258000099 53.608467800000000)","Unfall 151529 (2022) Kat:3, Licht: 2","151529","3","3","5","07","21","6","","2","1","1","0","0"
"POINT (9.904453334000040 53.553499645999999)","Unfall 151530 (2022) Kat:3, Licht: 0","151530","3","3","0","08","12","3","","0","1","1","0","0"
"POINT (10.159972832999999 53.646386716999999)","Unfall 151531 (2022) Kat:3, Licht: 2","151531","3","7","0","08","22","3","","2","1","0","0","0"
"POINT (9.863354373000050 53.466704697000097)","Unfall 151532 (2022) Kat:3, Licht: 0","151532","3","7","0","06","12","3","","0","1","0","0","0"
"POINT (10.107911092000100 53.579084991999999)","Unfall 151533 (2022) Kat:3, Licht: 0","151533","3","3","5","09","08","6","","0","0","1","0","0"
"POINT (9.965452608000019 53.561194611000097)","Unfall 151534 (2022) Kat:3, Licht: 0","151534","3","6","2","07","18","1","","0","1","0","0","0"
"POINT (9.901612656000051 53.564700567000003)","Unfall 151535 (2022) Kat:3, Licht: 0","151535","3","3","5","08","16","5","","0","1","1","0","0"
"POINT (9.967559949000080 53.577676914000101)","Unfall 151536 (2022) Kat:3, Licht: 0","151536","3","7","0","07","13","6","","0","1","0","0","0"
"POINT (10.102222097000000 53.647255792000102)","Unfall 151537 (2022) Kat:2, Licht: 0","151537","2","2","4","08","06","3","","0","0","1","0","0"
"POINT (9.995418994000030 53.655655359000001)","Unfall 151538 (2022) Kat:3, Licht: 0","151538","3","7","0","08","17","1","","0","1","0","0","0"
"POINT (10.028340510000000 53.551986355000103)","Unfall 151539 (2022) Kat:2, Licht: 0","151539","2","6","3","07","08","4","","0","0","1","0","1"
"POINT (10.077204340000000 53.651005735000098)","Unfall 151540 (2022) Kat:3, Licht: 0","151540","3","7","2","08","10","3","","0","0","1","0","0"
"POINT (9.949698730000019 53.629087931000100)","Unfall 151541 (2022) Kat:3, Licht: 0","151541","3","2","4","07","16","5","","0","0","1","0","1"
"POINT (10.028761537999999 53.552281240000099)","Unfall 151542 (2022) Kat:3, Licht: 1","151542","3","3","5","08","20","6","","1","0","1","0","1"
"POINT (9.845285899000030 53.563632296999998)","Unfall 151543 (2022) Kat:3, Licht: 0","151543","3","3","5","07","10","4","","0","1","1","0","0"
"POINT (10.002482109000001 53.600895070000000)","Unfall 151544 (2022) Kat:3, Licht: 0","151544","3","7","0","07","18","6","","0","1","0","0","0"
"POINT (10.014798874000100 53.680019985000101)","Unfall 151545 (2022) Kat:3, Licht: 0","151545","3","3","5","07","21","4","","0","1","0","0","0"
"POINT (10.200799732000100 53.483397217000103)","Unfall 151546 (2022) Kat:2, Licht: 0","151546","2","6","3","08","09","6","","0","1","0","0","0"
"POINT (9.917459120000050 53.551219195999998)","Unfall 151547 (2022) Kat:3, Licht: 0","151547","3","7","0","07","18","3","","0","1","0","0","0"
"POINT (10.156735598000100 53.614308321000102)","Unfall 151548 (2022) Kat:3, Licht: 0","151548","3","2","5","08","06","5","","0","1","1","0","0"
"POINT (10.066980389999999 53.650690158000003)","Unfall 151549 (2022) Kat:2, Licht: 0","151549","2","6","3","06","06","5","","0","0","1","0","1"
"POINT (10.013081130000000 53.644667976000100)","Unfall 151550 (2022) Kat:3, Licht: 0","151550","3","6","3","08","13","2","","0","0","1","0","1"
"POINT (9.986189254000070 53.547593178000099)","Unfall 151551 (2022) Kat:3, Licht: 0","151551","3","2","3","07","08","2","","0","1","1","0","0"
"POINT (10.145017272000100 53.629461084000098)","Unfall 151552 (2022) Kat:3, Licht: 2","151552","3","7","1","08","00","3","","2","1","1","0","0"
"POINT (10.021581582000101 53.612648655000001)","Unfall 151553 (2022) Kat:2, Licht: 0","151553","2","1","0","08","18","7","","0","1","0","0","0"
"POINT (10.013541716000100 53.561092043000002)","Unfall 151554 (2022) Kat:3, Licht: 0","151554","3","3","5","07","17","1","","0","0","1","0","0"
"POINT (9.981871587000059 53.427446814000099)","Unfall 151555 (2022) Kat:3, Licht: 0","151555","3","5","5","07","17","1","","0","0","1","0","0"
"POINT (9.977748791000071 53.455954586000097)","Unfall 151556 (2022) Kat:3, Licht: 2","151556","3","6","4","08","21","5","","2","1","0","0","0"
"POINT (10.193437356000100 53.503046431000001)","Unfall 151557 (2022) Kat:3, Licht: 0","151557","3","5","6","07","08","7","","0","0","1","1","0"
"POINT (10.018429148000100 53.564732016999997)","Unfall 151558 (2022) Kat:2, Licht: 0","151558","2","4","6","07","18","5","","0","0","1","1","0"
"POINT (10.035021847000101 53.541300389000099)","Unfall 151559 (2022) Kat:3, Licht: 0","151559","3","3","5","08","05","3","","0","1","0","0","0"
"POINT (9.962302354000030 53.564259964000001)","Unfall 151560 (2022) Kat:3, Licht: 0","151560","3","3","5","08","12","4","","0","1","0","0","0"
"POINT (9.912750560000060 53.554461953999997)","Unfall 151561 (2022) Kat:3, Licht: 0","151561","3","7","1","06","16","4","","0","1","1","0","0"
"POINT (10.072338217000000 53.608465058000000)","Unfall 151562 (2022) Kat:3, Licht: 0","151562","3","3","5","09","09","6","","0","1","1","0","0"
"POINT (10.103338415000101 53.473478654000097)","Unfall 151563 (2022) Kat:3, Licht: 0","151563","3","7","8","07","13","7","","0","1","0","0","0"
"POINT (9.993789862000030 53.579630305000101)","Unfall 151564 (2022) Kat:2, Licht: 0","151564","2","3","5","08","07","3","","0","1","0","0","0"
"POINT (9.947050286000040 53.551393710000099)","Unfall 151565 (2022) Kat:3, Licht: 2","151565","3","6","2","08","23","6","","2","1","1","0","0"
"POINT (10.045180110000000 53.589921265999998)","Unfall 151566 (2022) Kat:3, Licht: 0","151566","3","2","3","07","14","7","","0","1","1","0","0"
"POINT (10.069806900000099 53.603074897000099)","Unfall 151567 (2022) Kat:3, Licht: 0","151567","3","6","2","08","18","5","","0","0","1","0","0"
"POINT (9.890620932000051 53.616980834000103)","Unfall 151568 (2022) Kat:3, Licht: 0","151568","3","4","6","08","15","7","","0","0","1","1","0"
"POINT (9.918834744000041 53.557644733000103)","Unfall 151569 (2022) Kat:3, Licht: 0","151569","3","6","2","07","16","2","","0","1","1","0","0"
"POINT (9.963190804000019 53.603538179000097)","Unfall 151570 (2022) Kat:3, Licht: 0","151570","3","2","4","07","14","3","","0","0","1","0","0"
"POINT (9.943810865000049 53.578481330000002)","Unfall 151571 (2022) Kat:3, Licht: 0","151571","3","3","5","07","10","7","","0","1","1","0","0"
"POINT (10.100505932000001 53.688923607000000)","Unfall 151572 (2022) Kat:3, Licht: 0","151572","3","7","0","08","11","6","","0","1","0","0","0"
"POINT (10.084321911000099 53.623424875000097)","Unfall 151573 (2022) Kat:3, Licht: 0","151573","3","4","6","07","13","1","","0","0","1","1","0"
"POINT (9.995220984000071 53.590782091000101)","Unfall 151574 (2022) Kat:3, Licht: 1","151574","3","5","1","07","04","5","","1","0","1","0","0"
"POINT (10.031592840000000 53.596578831999999)","Unfall 151575 (2022) Kat:3, Licht: 0","151575","3","5","1","08","12","4","","0","0","1","0","0"
"POINT (9.974240032000070 53.573652401000103)","Unfall 151576 (2022) Kat:3, Licht: 0","151576","3","7","0","08","14","4","","0","1","0","0","0"
"POINT (9.848637902000061 53.553106995000100)","Unfall 151577 (2022) Kat:3, Licht: 0","151577","3","7","0","06","17","5","","0","1","0","1","0"
"POINT (9.947572079000050 53.641234752999999)","Unfall 151578 (2022) Kat:3, Licht: 0","151578","3","4","6","09","18","6","","0","0","1","1","0"
"POINT (9.794210406000049 53.584892058999998)","Unfall 151579 (2022) Kat:3, Licht: 0","151579","3","6","6","07","17","2","","0","0","1","0","0"
"POINT (10.014051304000100 53.539780583999999)","Unfall 151580 (2022) Kat:2, Licht: 0","151580","2","1","4","08","13","3","","0","0","1","0","0"
"POINT (9.943921217000019 53.447834172999997)","Unfall 151581 (2022) Kat:3, Licht: 0","151581","3","5","5","08","16","5","","0","0","1","0","0"
"POINT (9.896460691000071 53.609662080000099)","Unfall 151582 (2022) Kat:2, Licht: 2","151582","2","1","0","07","22","7","","2","0","0","0","0"
"POINT (9.950157902000059 53.556594731000096)","Unfall 151583 (2022) Kat:3, Licht: 0","151583","3","5","1","08","15","6","","0","0","1","1","0"
"POINT (9.938805548000060 53.581565633000103)","Unfall 151584 (2022) Kat:3, Licht: 0","151584","3","5","1","07","13","6","","0","1","0","0","0"
"POINT (9.993711441000070 53.562469970000102)","Unfall 151585 (2022) Kat:3, Licht: 1","151585","3","7","2","07","21","7","","1","0","1","0","1"
"POINT (10.035757530000099 53.600981802000000)","Unfall 151586 (2022) Kat:2, Licht: 2","151586","2","2","4","08","22","5","","2","0","1","0","0"
"POINT (10.040690402999999 53.581376567000099)","Unfall 151587 (2022) Kat:3, Licht: 0","151587","3","3","5","07","06","5","","0","0","1","0","0"
"POINT (9.809875840000069 53.529148115000098)","Unfall 151588 (2022) Kat:2, Licht: 0","151588","2","1","8","08","15","1","","0","0","0","0","1"
"POINT (9.978134443000039 53.561566545000098)","Unfall 151589 (2022) Kat:3, Licht: 0","151589","3","6","3","08","13","3","","0","0","1","0","1"
"POINT (10.038232929000101 53.641929265999998)","Unfall 151590 (2022) Kat:3, Licht: 0","151590","3","6","2","06","09","4","","0","0","1","0","0"
"POINT (10.107017323999999 53.570699275000003)","Unfall 151591 (2022) Kat:3, Licht: 0","151591","3","3","5","08","16","4","","0","0","1","0","0"
"POINT (10.135485363000001 53.617276520000097)","Unfall 151592 (2022) Kat:3, Licht: 0","151592","3","3","5","07","14","7","","0","1","1","0","0"
"POINT (10.103968626000000 53.586753362000103)","Unfall 151593 (2022) Kat:3, Licht: 1","151593","3","2","5","08","17","4","","1","1","0","0","0"
"POINT (10.064533103000000 53.612497215000097)","Unfall 151594 (2022) Kat:3, Licht: 0","151594","3","6","3","07","16","5","","0","1","0","0","0"
"POINT (10.065110234000000 53.569773165000100)","Unfall 151595 (2022) Kat:3, Licht: 0","151595","3","3","5","08","17","3","","0","1","1","0","0"
"POINT (10.027429731000000 53.539102143000001)","Unfall 151596 (2022) Kat:3, Licht: 0","151596","3","5","1","08","11","7","","0","1","1","0","0"
"POINT (10.069330751000100 53.559517251999999)","Unfall 151597 (2022) Kat:3, Licht: 0","151597","3","6","3","07","08","4","","0","0","1","0","0"
"POINT (10.064843201000000 53.586350223000103)","Unfall 151598 (2022) Kat:3, Licht: 0","151598","3","6","2","08","17","3","","0","0","1","0","1"
"POINT (10.041137351000000 53.609921817000000)","Unfall 151599 (2022) Kat:3, Licht: 0","151599","3","5","1","07","16","3","","0","1","1","0","0"
"POINT (10.169077389000099 53.400353959000000)","Unfall 151600 (2022) Kat:2, Licht: 0","151600","2","4","0","08","13","7","","0","0","0","1","1"
"POINT (10.061114151000000 53.547808410000101)","Unfall 151601 (2022) Kat:3, Licht: 0","151601","3","4","6","07","20","4","","0","1","0","1","0"
"POINT (9.864286347000069 53.559096000000103)","Unfall 151602 (2022) Kat:3, Licht: 0","151602","3","2","5","07","12","6","","0","1","1","0","0"
"POINT (9.876111467000040 53.588542738000100)","Unfall 151603 (2022) Kat:3, Licht: 0","151603","3","3","5","07","21","4","","0","0","1","0","0"
"POINT (10.012567085000100 53.560592047999997)","Unfall 151604 (2022) Kat:3, Licht: 0","151604","3","6","2","08","17","1","","0","0","1","0","1"
"POINT (9.947500089000069 53.581184173000103)","Unfall 151605 (2022) Kat:3, Licht: 0","151605","3","5","1","07","09","2","","0","1","0","0","0"
"POINT (9.867623239000070 53.481984082000103)","Unfall 151606 (2022) Kat:3, Licht: 0","151606","3","7","1","07","17","4","","0","1","1","0","0"
"POINT (10.074361141000100 53.577667052000002)","Unfall 151607 (2022) Kat:3, Licht: 0","151607","3","7","2","08","13","5","","0","0","0","0","1"
"POINT (10.016572773000100 53.527163477999999)","Unfall 151608 (2022) Kat:3, Licht: 2","151608","3","7","0","06","00","5","","2","1","0","0","0"
"POINT (10.012456265000001 53.580445281999999)","Unfall 151609 (2022) Kat:3, Licht: 0","151609","3","7","0","08","14","2","","0","1","0","0","0"
"POINT (10.008191767000000 53.520813693999997)","Unfall 151610 (2022) Kat:3, Licht: 0","151610","3","6","2","07","11","2","","0","0","1","0","0"
"POINT (10.002904812000100 53.554350575000100)","Unfall 151611 (2022) Kat:3, Licht: 0","151611","3","6","3","08","16","4","","0","0","1","0","0"
"POINT (10.013968568000100 53.629601245000103)","Unfall 151612 (2022) Kat:3, Licht: 0","151612","3","5","1","08","15","1","","0","1","1","0","0"
"POINT (10.016184994000101 53.634903414000100)","Unfall 151613 (2022) Kat:3, Licht: 0","151613","3","6","6","08","16","2","","0","1","0","1","0"
"POINT (10.043103480000100 53.563649474999998)","Unfall 151614 (2022) Kat:3, Licht: 0","151614","3","3","5","07","09","1","","0","0","1","0","0"
"POINT (9.960182390000060 53.563637235000002)","Unfall 151615 (2022) Kat:3, Licht: 0","151615","3","2","5","07","09","3","","0","1","0","0","0"
"POINT (10.182655984000100 53.593890950999999)","Unfall 151616 (2022) Kat:3, Licht: 2","151616","3","5","1","08","23","5","","2","0","1","0","0"
"POINT (9.924947606000050 53.546447633000099)","Unfall 151617 (2022) Kat:3, Licht: 0","151617","3","7","0","07","16","1","","0","1","0","0","0"
"POINT (10.065564027000100 53.578941894000103)","Unfall 151618 (2022) Kat:3, Licht: 1","151618","3","1","0","08","22","3","","1","1","0","0","0"
"POINT (9.960283014000030 53.599347444999999)","Unfall 151619 (2022) Kat:3, Licht: 0","151619","3","7","0","08","11","4","","0","1","0","0","0"
"POINT (9.938972130000019 53.561512347000097)","Unfall 151620 (2022) Kat:3, Licht: 0","151620","3","5","1","06","07","4","","0","0","1","0","0"
"POINT (10.111602058000100 53.552759863000098)","Unfall 151621 (2022) Kat:3, Licht: 0","151621","3","3","5","09","17","6","","0","0","1","0","0"
"POINT (9.960161675000050 53.563657827999997)","Unfall 151622 (2022) Kat:3, Licht: 0","151622","3","2","3","07","18","7","","0","1","1","0","0"
"POINT (10.210582958000000 53.503629113999999)","Unfall 151623 (2022) Kat:3, Licht: 0","151623","3","6","2","08","10","2","","0","0","1","0","0"
"POINT (10.130418364000001 53.599754189000102)","Unfall 151624 (2022) Kat:3, Licht: 0","151624","3","6","2","08","17","6","","0","0","1","0","0"
"POINT (10.088163736000100 53.613053659999999)","Unfall 151625 (2022) Kat:3, Licht: 0","151625","3","6","0","07","10","7","","0","1","1","0","0"
"POINT (9.969690618000071 53.576505144000102)","Unfall 151626 (2022) Kat:3, Licht: 0","151626","3","3","5","08","10","6","","0","1","1","0","0"
"POINT (9.971033009000051 53.557209796999999)","Unfall 151627 (2022) Kat:3, Licht: 2","151627","3","6","2","07","23","7","","2","0","1","0","0"
"POINT (10.082818564000000 53.590335322999998)","Unfall 151628 (2022) Kat:3, Licht: 1","151628","3","6","3","08","20","4","","1","1","1","0","0"
"POINT (10.100670218000101 53.647608945999998)","Unfall 151629 (2022) Kat:3, Licht: 0","151629","3","5","1","07","10","6","","0","1","1","0","0"
"POINT (10.000275630999999 53.549997755000000)","Unfall 151630 (2022) Kat:3, Licht: 0","151630","3","7","3","08","16","1","","0","0","1","0","0"
"POINT (10.058159299000099 53.608541450000097)","Unfall 151631 (2022) Kat:2, Licht: 0","151631","2","1","9","08","07","1","","0","0","1","0","0"
"POINT (9.920824555000021 53.553129513999998)","Unfall 151632 (2022) Kat:3, Licht: 0","151632","3","5","5","07","17","4","","0","1","1","0","0"
"POINT (9.949400837000040 53.549098377000099)","Unfall 151633 (2022) Kat:3, Licht: 0","151633","3","4","6","09","08","5","","0","1","0","1","0"
"POINT (10.055405680000000 53.579759860000102)","Unfall 151634 (2022) Kat:3, Licht: 0","151634","3","4","6","07","15","6","","0","1","0","1","0"
"POINT (9.979891389000040 53.565531956000001)","Unfall 151635 (2022) Kat:3, Licht: 0","151635","3","4","6","08","15","5","","0","0","0","1","0"
"POINT (9.984243134000049 53.556174323000100)","Unfall 151636 (2022) Kat:3, Licht: 0","151636","3","7","0","07","14","6","","0","1","0","0","0"
"POINT (10.084333160000000 53.508870383999998)","Unfall 151637 (2022) Kat:3, Licht: 0","151637","3","2","4","08","19","4","","0","0","1","0","0"
"POINT (9.877213192000060 53.565372551000102)","Unfall 151638 (2022) Kat:3, Licht: 0","151638","3","3","5","08","10","6","","0","1","1","0","0"
"POINT (10.074374545000101 53.593937611000101)","Unfall 151639 (2022) Kat:3, Licht: 1","151639","3","2","4","08","06","3","","1","1","1","0","0"
"POINT (10.001817999000000 53.550052902000097)","Unfall 151640 (2022) Kat:3, Licht: 0","151640","3","4","6","07","18","4","","0","0","0","1","0"
"POINT (10.131881675000001 53.622551651000002)","Unfall 151641 (2022) Kat:3, Licht: 0","151641","3","5","1","08","07","1","","0","0","1","0","0"
"POINT (10.069349633000099 53.570772302000101)","Unfall 151642 (2022) Kat:3, Licht: 0","151642","3","7","6","07","10","3","","0","0","0","1","0"
"POINT (9.888574814000039 53.567944609000101)","Unfall 151643 (2022) Kat:3, Licht: 0","151643","3","2","4","07","06","7","","0","0","1","0","0"
"POINT (9.950509891000021 53.555876629000103)","Unfall 151644 (2022) Kat:3, Licht: 0","151644","3","2","5","08","08","5","","0","1","1","0","0"
"POINT (10.145686667000099 53.540175607000002)","Unfall 151645 (2022) Kat:3, Licht: 0","151645","3","7","6","07","17","5","","0","0","0","1","0"
"POINT (10.104874940000100 53.522391652000103)","Unfall 151646 (2022) Kat:3, Licht: 0","151646","3","3","0","07","11","6","","0","0","1","0","0"
"POINT (9.970650479000030 53.577136205999999)","Unfall 151647 (2022) Kat:3, Licht: 0","151647","3","7","2","08","09","3","","0","1","0","0","0"
"POINT (10.032766674000101 53.590682563000001)","Unfall 151648 (2022) Kat:3, Licht: 0","151648","3","2","4","08","16","2","","0","1","1","0","0"
"POINT (10.056463354000099 53.569412894999999)","Unfall 151649 (2022) Kat:3, Licht: 0","151649","3","2","2","07","17","4","","0","1","1","0","0"