WKT,Name,OBJECTID,UKATEGORIE,UTYP1,UART,UMONAT,USTUNDE,UWOCHENTAG,STRZUSTAND,ULICHTVERH,ISTRAD,ISTPKW,ISTFUSS,ISTKRAD
"POINT (10.127881745000000 53.579637828000003)","Unfall 151650 (2022) Kat:3, Licht: 2","151650","3","6","2","09","21","5","","2","0","1","0","0"
"POINT (10.053710673000101 53.561015822999998)","Unfall 151651 (2022) Kat:3, Licht: 0","151651","3","6","2","06","09","5","","0","0","1","0","0"
"POINT (10.034870099000001 53.604713855000099)","Unfall 151652 (2022) Kat:3, Licht: 0","151652","3","3","5","08","13","5","","0","1","1","0","0"
"POINT (10.055497387999999 53.570756517000099)","Unfall 151653 (2022) Kat:3, Licht: 0","151653","3","3","5","07","12","5","","0","0","1","0","0"
"POINT (10.182254570000101 53.486063707000000)","Unfall 151654 (2022) Kat:3, Licht: 0","151654","3","6","2","08","16","3","","0","0","1","0","0"
"POINT (10.070424121000000 53.563526857000099)","Unfall 151655 (2022) Kat:2, Licht: 0","151655","2","7","0","08","16","5","","0","1","0","0","0"
"POINT (9.936105599000030 53.544708538000101)","Unfall 151656 (2022) Kat:3, Licht: 0","151656","3","1","0","07","12","3","","0","0","1","0","1"
"POINT (9.868546572000071 53.593693705000099)","Unfall 151657 (2022) Kat:3, Licht: 0","151657","3","3","1","08","11","3","","0","1","1","0","0"
"POINT (10.091457791000000 53.618186889000100)","Unfall 151658 (2022) Kat:2, Licht: 0","151658","2","4","6","07","08","4","","0","0","1","1","0"
"POINT (9.984076594000040 53.586909425999998)","Unfall 151659 (2022) Kat:3, Licht: 2","151659","3","7","0","08","03","1","","2","1","0","0","0"
"POINT (10.010308157000100 53.552288814000100)","Unfall 151660 (2022) Kat:2, Licht: 0","151660","2","4","6","07","11","4","","0","0","1","1","0"
"POINT (9.934655219000041 53.550369390000100)","Unfall 151661 (2022) Kat:3, Licht: 0","151661","3","3","5","07","19","4","","0","1","0","0","0"
"POINT (9.871403685000081 53.533804729000103)","Unfall 151662 (2022) Kat:3, Licht: 0","151662","3","5","1","08","17","7","","0","1","0","0","0"
"POINT (9.978673375000030 53.515055234999998)","Unfall 151663 (2022) Kat:3, Licht: 0","151663","3","6","2","07","14","2","","0","0","0","0","0"
"POINT (10.106201088000001 53.544187078000000)","Unfall 151664 (2022) Kat:3, Licht: 0","151664","3","1","5","07","20","4","","0","1","0","0","0"
"POINT (10.058410073000100 53.575928187999999)","Unfall 151665 (2022) Kat:3, Licht: 0","151665","3","2","6","08","16","3","","0","0","1","1","0"
"POINT (9.956578453000080 53.609726937000097)","Unfall 151666 (2022) Kat:3, Licht: 0","151666","3","2","4","08","16","4","","0","1","1","0","0"
"POINT (9.986186880000050 53.549794607000102)","Unfall 151667 (2022) Kat:3, Licht: 0","151667","3","2","3","06","18","5","","0","1","1","0","0"
"POINT (10.032112974000000 53.584341385000101)","Unfall 151668 (2022) Kat:3, Licht: 0","151668","3","3","5","08","16","2","","0","0","1","0","1"
"POINT (9.975233956000070 53.544575306000098)","Unfall 151669 (2022) Kat:3, Licht: 0","151669","3","6","3","07","16","2","","0","0","0","0","0"
"POINT (10.141482107000099 53.608404427000004)","Unfall 151670 (2022) Kat:3, Licht: 0","151670","3","3","5","08","18","3","","0","1","0","0","0"
"POINT (10.078041579000100 53.498117676000000)","Unfall 151671 (2022) Kat:3, Licht: 0","151671","3","6","2","08","12","1","","0","0","1","0","0"
"POINT (9.878848037000070 53.533061515999997)","Unfall 151672 (2022) Kat:3, Licht: 0","151672","3","3","5","08","14","2","","0","1","1","0","0"
"POINT (9.897781391000020 53.573771168000100)","Unfall 151673 (2022) Kat:3, Licht: 1","151673","3","7","0","07","21","2","","1","1","0","1","0"
"POINT (10.072952685000100 53.608738495000097)","Unfall 151674 (2022) Kat:3, Licht: 0","151674","3","4","6","07","17","2","","0","0","1","1","0"
"POINT (9.982531186000070 53.553858933000100)","Unfall 151675 (2022) Kat:3, Licht: 0","151675","3","5","1","07","17","7","","0","1","1","0","0"
"POINT (10.035222034000100 53.592378698000097)","Unfall 151676 (2022) Kat:3, Licht: 0","151676","3","7","4","08","09","6","","0","1","0","0","0"
"POINT (9.900838299000039 53.473732875000103)","Unfall 151677 (2022) Kat:3, Licht: 0","151677","3","3","5","07","06","7","","0","0","1","0","0"
"POINT (9.889143047000060 53.600968084999998)","Unfall 151678 (2022) Kat:3, Licht: 0","151678","3","3","5","08","12","2","","0","0","1","0","0"
"POINT (10.186804580000100 53.490538585000103)","Unfall 151679 (2022) Kat:3, Licht: 0","151679","3","4","6","08","16","3","","0","0","1","1","0"
"POINT (9.995681461000061 53.550620310000099)","Unfall 151680 (2022) Kat:3, Licht: 0","151680","3","3","5","06","09","4","","0","1","1","0","0"
"POINT (10.100737817000001 53.540419362000101)","Unfall 151681 (2022) Kat:3, Licht: 0","151681","3","3","5","09","18","6","","0","0","1","0","0"
"POINT (10.017030277000099 53.564110876000001)","Unfall 151682 (2022) Kat:3, Licht: 2","151682","3","3","5","07","01","1","","2","0","1","0","0"
"POINT (10.036583385000000 53.612629702000000)","Unfall 151683 (2022) Kat:3, Licht: 0","151683","3","6","2","08","13","2","","0","0","1","0","0"
"POINT (9.866319431000020 53.533930382999998)","Unfall 151684 (2022) Kat:3, Licht: 0","151684","3","5","5","08","13","5","","0","1","0","0","0"
"POINT (10.181536216000000 53.483549819000103)","Unfall 151685 (2022) Kat:3, Licht: 0","151685","3","3","5","07","15","1","","0","0","1","0","1"
"POINT (10.025387085000000 53.555576889000100)","Unfall 151686 (2022) Kat:3, Licht: 0","151686","3","6","2","08","08","5","","0","0","1","0","0"
"POINT (10.096944015000100 53.619925081000098)","Unfall 151687 (2022) Kat:3, Licht: 0","151687","3","1","9","08","10","7","","0","0","1","1","0"
"POINT (10.002359498000001 53.672186809999999)","Unfall 151688 (2022) Kat:2, Licht: 0","151688","2","4","6","07","09","5","","0","0","1","1","0"
"POINT (10.074731619000000 53.663986404000099)","Unfall 151689 (2022) Kat:3, Licht: 0","151689","3","3","5","08","17","4","","0","0","1","0","0"
"POINT (10.033709401000101 53.585722985000103)","Unfall 151690 (2022) Kat:3, Licht: 0","151690","3","5","5","07","15","5","","0","1","1","0","0"
"POINT (10.160042537000001 53.625611687999999)","Unfall 151691 (2022) Kat:3, Licht: 0","151691","3","2","4","08","13","1","","0","0","1","0","1"
"POINT (9.949288478000030 53.454913720000000)","Unfall 151692 (2022) Kat:3, Licht: 2","151692","3","4","6","08","21","2","","2","0","0","1","0"
"POINT (10.009548306999999 53.482442585999998)","Unfall 151693 (2022) Kat:3, Licht: 0","151693","3","2","4","07","18","3","","0","0","1","0","0"
"POINT (10.098129407000000 53.613175292999998)","Unfall 151694 (2022) Kat:3, Licht: 0","151694","3","4","6","09","10","5","","0","0","1","1","0"
"POINT (9.899243343000020 53.475817888999998)","Unfall 151695 (2022) Kat:2, Licht: 0","151695","2","3","5","07","13","6","","0","1","1","0","0"
"POINT (10.130540790000101 53.531134987000002)","Unfall 151696 (2022) Kat:2, Licht: 0","151696","2","3","5","07","06","5","","0","1","1","0","0"
"POINT (9.997334582000059 53.478039525000000)","Unfall 151697 (2022) Kat:2, Licht: 0","151697","2","6","3","08","19","3","","0","0","1","0","0"
"POINT (10.134556352000100 53.585487022000102)","Unfall 151698 (2022) Kat:2, Licht: 2","151698","2","6","4","08","21","7","","2","0","1","0","1"
"POINT (10.141377661000000 53.675865377000001)","Unfall 151699 (2022) Kat:3, Licht: 0","151699","3","6","2","08","07","5","","0","0","0","0","0"
"POINT (9.880561682000060 53.584262246000002)","Unfall 151700 (2022) Kat:3, Licht: 2","151700","3","7","0","08","23","4","","2","1","0","0","0"
"POINT (10.067046764000100 53.535405472999997)","Unfall 151701 (2022) Kat:3, Licht: 0","151701","3","5","5","07","12","4","","0","0","1","0","0"
"POINT (9.996556955000070 53.499342565000099)","Unfall 151702 (2022) Kat:3, Licht: 2","151702","3","7","0","08","00","7","","2","0","0","0","0"
"POINT (10.141593324000000 53.583973196999999)","Unfall 151703 (2022) Kat:3, Licht: 0","151703","3","3","5","07","20","1","","0","0","1","0","0"
"POINT (9.864839724000030 53.534777749000099)","Unfall 151704 (2022) Kat:3, Licht: 0","151704","3","2","4","07","18","4","","0","1","0","0","0"
"POINT (9.757534108000071 53.580861958000099)","Unfall 151705 (2022) Kat:3, Licht: 0","151705","3","3","5","07","08","7","","0","1","1","0","0"
"POINT (9.987950482000031 53.589984639000100)","Unfall 151706 (2022) Kat:3, Licht: 0","151706","3","7","1","08","15","6","","0","1","1","0","0"
"POINT (10.085337738000000 53.606679458000002)","Unfall 151707 (2022) Kat:2, Licht: 0","151707","2","5","1","07","19","2","","0","0","1","0","1"
"POINT (10.012951781000000 53.627284986000099)","Unfall 151708 (2022) Kat:2, Licht: 0","151708","2","2","4","08","11","4","","0","0","1","0","1"
"POINT (10.168388107000100 53.652699329000001)","Unfall 151709 (2022) Kat:3, Licht: 0","151709","3","6","4","08","17","4","","0","0","1","0","0"
"POINT (10.180793593000001 53.494274869999998)","Unfall 151710 (2022) Kat:3, Licht: 0","151710","3","6","2","06","09","4","","0","0","1","0","0"
"POINT (10.025732421000001 53.675240820000099)","Unfall 151711 (2022) Kat:3, Licht: 0","151711","3","3","5","08","10","2","","0","0","1","0","0"
"POINT (10.052301869000100 53.539639198000003)","Unfall 151712 (2022) Kat:3, Licht: 0","151712","3","6","2","07","15","2","","0","0","1","0","0"
"POINT (9.949582140000080 53.558722037000102)","Unfall 151713 (2022) Kat:3, Licht: 0","151713","3","2","6","08","10","3","","0","0","1","1","0"
"POINT (10.095303740000100 53.536513855000102)","Unfall 151714 (2022) Kat:3, Licht: 0","151714","3","3","5","08","14","6","","0","0","1","0","0"
"POINT (9.890508197000029 53.552193725000102)","Unfall 151715 (2022) Kat:3, Licht: 0","151715","3","6","2","08","13","2","","0","0","1","0","0"
"POINT (10.046911432000099 53.595829539000100)","Unfall 151716 (2022) Kat:3, Licht: 0","151716","3","3","6","08","15","6","","0","1","0","1","0"
"POINT (10.124567683000100 53.570879964000000)","Unfall 151717 (2022) Kat:3, Licht: 0","151717","3","6","3","07","15","7","","0","0","1","0","0"
"POINT (9.978358426000060 53.544078878000100)","Unfall 151718 (2022) Kat:3, Licht: 0","151718","3","7","0","08","08","5","","0","0","0","0","1"
"POINT (10.019117289000100 53.550007218000097)","Unfall 151719 (2022) Kat:3, Licht: 0","151719","3","6","3","07","20","6","","0","0","1","0","0"
"POINT (10.008837843000000 53.585377485000002)","Unfall 151720 (2022) Kat:2, Licht: 0","151720","2","7","0","07","15","3","","0","1","0","0","0"
"POINT (9.859942459000020 53.476902424999999)","Unfall 151721 (2022) Kat:3, Licht: 0","151721","3","3","0","08","15","6","","0","0","1","0","0"
"POINT (9.925857962000070 53.450359785000003)","Unfall 151722 (2022) Kat:3, Licht: 0","151722","3","5","5","07","14","1","","0","0","1","0","1"
"POINT (10.011371307999999 53.647437860000103)","Unfall 151723 (2022) Kat:3, Licht: 0","151723","3","7","3","07","13","5","","0","0","1","0","1"
"POINT (10.020513598999999 53.550394341000100)","Unfall 151724 (2022) Kat:3, Licht: 0","151724","3","6","2","08","08","4","","0","0","0","0","1"
"POINT (10.027236647000100 53.570002377999998)","Unfall 151725 (2022) Kat:2, Licht: 0","151725","2","2","5","08","14","4","","0","0","1","0","1"
"POINT (9.961095268000070 53.625684866000000)","Unfall 151726 (2022) Kat:3, Licht: 0","151726","3","3","5","06","07","5","","0","1","1","0","0"
"POINT (9.961194453000081 53.556528573999998)","Unfall 151727 (2022) Kat:3, Licht: 0","151727","3","4","6","08","14","2","","0","1","0","1","0"
"POINT (10.036261794000000 53.634550402000102)","Unfall 151728 (2022) Kat:3, Licht: 0","151728","3","7","0","07","19","2","","0","1","0","0","0"
"POINT (9.907440642000040 53.617513759000097)","Unfall 151729 (2022) Kat:3, Licht: 0","151729","3","6","3","08","13","2","","0","0","1","0","0"
"POINT (9.924516503000060 53.568279946000096)","Unfall 151730 (2022) Kat:3, Licht: 0","151730","3","5","1","08","16","7","","0","1","1","0","0"
"POINT (9.822758646000070 53.526248901000002)","Unfall 151731 (2022) Kat:3, Licht: 0","151731","3","7","8","08","10","2","","0","0","1","0","0"
"POINT (9.966104716000070 53.549923783000096)","Unfall 151732 (2022) Kat:3, Licht: 2","151732","3","7","6","07","03","1","","2","0","0","1","0"
"POINT (10.011590896000000 53.584243073000003)","Unfall 151733 (2022) Kat:3, Licht: 0","151733","3","7","0","07","20","2","","0","0","0","0","1"
"POINT (9.965596105000030 53.564379320000100)","Unfall 151734 (2022) Kat:3, Licht: 1","151734","3","5","1","08","22","6","","1","1","1","0","0"
"POINT (10.102208758000099 53.551527088000100)","Unfall 151735 (2022) Kat:3, Licht: 0","151735","3","3","5","07","11","7","","0","1","1","0","0"
"POINT (10.051454359999999 53.634876736000102)","Unfall 151736 (2022) Kat:3, Licht: 0","151736","3","3","5","08","08","3","","0","0","1","0","0"
"POINT (10.050044003000000 53.594366149000102)","Unfall 151737 (2022) Kat:3, Licht: 0","151737","3","4","6","08","11","3","","0","0","1","1","0"
"POINT (9.879832642000050 53.528072230000099)","Unfall 151738 (2022) Kat:2, Licht: 0","151738","2","4","6","06","17","3","","0","0","1","1","0"
"POINT (10.207188766000099 53.495012805000002)","Unfall 151739 (2022) Kat:3, Licht: 0","151739","3","2","4","07","14","7","","0","0","1","0","0"
"POINT (9.962450223000079 53.554651825000100)","Unfall 151740 (2022) Kat:3, Licht: 0","151740","3","1","8","08","13","2","","0","0","0","0","0"
"POINT (10.078753530000000 53.663047829999996)","Unfall 151741 (2022) Kat:3, Licht: 0","151741","3","3","5","08","18","5","","0","1","1","0","0"
"POINT (10.046102842000000 53.675660170000100)","Unfall 151742 (2022) Kat:3, Licht: 0","151742","3","3","5","07","09","7","","0","1","1","0","0"
"POINT (10.045685641000000 53.548173644000002)","Unfall 151743 (2022) Kat:3, Licht: 0","151743","3","6","2","08","16","5","","0","0","1","0","0"
"POINT (9.878161884000059 53.535825015999997)","Unfall 151744 (2022) Kat:3, Licht: 0","151744","3","5","1","08","11","6","","0","1","1","0","0"
"POINT (10.109458671000001 53.656347465000103)","Unfall 151745 (2022) Kat:2, Licht: 2","151745","2","7","0","07","00","6","","2","1","0","0","0"
"POINT (10.081971540000000 53.660715642000099)","Unfall 151746 (2022) Kat:3, Licht: 0","151746","3","5","5","08","16","4","","0","0","1","0","0"
"POINT (9.980627193000030 53.571142166000101)","Unfall 151747 (2022) Kat:3, Licht: 2","151747","3","6","4","07","22","6","","2","1","0","0","0"
"POINT (10.076634649000001 53.579401448000098)","Unfall 151748 (2022) Kat:3, Licht: 0","151748","3","3","5","08","18","6","","0","1","0","0","0"
"POINT (9.965146480000040 53.464260693000000)","Unfall 151749 (2022) Kat:3, Licht: 0","151749","3","7","3","08","16","2","","0","1","1","0","0"
"POINT (10.015640274000100 53.548484557999998)","Unfall 151750 (2022) Kat:3, Licht: 0","151750","3","2","3","07","15","4","","0","0","1","0","1"
"POINT (9.966790426000051 53.579677275000101)","Unfall 151751 (2022) Kat:3, Licht: 0","151751","3","4","6","09","16","5","","0","1","1","1","0"
"POINT (10.057428112000000 53.555125568000101)","Unfall 151752 (2022) Kat:3, Licht: 0","151752","3","6","2","07","12","6","","0","0","1","0","0"
"POINT (10.080990901000099 53.618887858999997)","Unfall 151753 (2022) Kat:3, Licht: 0","151753","3","7","0","07","14","5","","0","0","1","0","1"
"POINT (9.821008771000040 53.555148789999997)","Unfall 151754 (2022) Kat:3, Licht: 0","151754","3","6","3","08","16","4","","0","1","0","0","0"
"POINT (9.985192961000051 53.466370613999999)","Unfall 151755 (2022) Kat:3, Licht: 0","151755","3","7","0","08","18","1","","0","1","0","0","0"
"POINT (10.132426873000000 53.646446138999998)","Unfall 151756 (2022) Kat:3, Licht: 0","151756","3","2","1","07","12","4","","0","0","1","0","1"
"POINT (10.103139018000000 53.542849746000101)","Unfall 151757 (2022) Kat:3, Licht: 0","151757","3","6","3","08","13","5","","0","0","1","0","0"
"POINT (9.966198179000060 53.512188496000100)","Unfall 151758 (2022) Kat:3, Licht: 0","151758","3","3","5","08","15","4","","0","0","1","0","0"
"POINT (10.215484611000001 53.398942706000099)","Unfall 151759 (2022) Kat:3, Licht: 0","151759","3","1","0","07","13","3","","0","1","0","0","0"
"POINT (10.059041308000101 53.574450583999997)","Unfall 151760 (2022) Kat:3, Licht: 0","151760","3","7","0","08","18","1","","0","0","0","0","1"
"POINT (10.084217418000000 53.554938307000000)","Unfall 151761 (2022) Kat:3, Licht: 0","151761","3","3","5","07","13","2","","0","1","1","0","0"
"POINT (10.014749594000000 53.576531736000000)","Unfall 151762 (2022) Kat:3, Licht: 0","151762","3","1","0","07","11","2","","0","1","0","0","0"
"POINT (10.040659581000099 53.554326235000097)","Unfall 151763 (2022) Kat:3, Licht: 1","151763","3","6","2","08","05","5","","1","0","1","0","1"
"POINT (9.977547062000040 53.564306217000102)","Unfall 151764 (2022) Kat:3, Licht: 1","151764","3","1","0","07","21","7","","1","0","0","0","0"
"POINT (10.179808191000101 53.478355640000103)","Unfall 151765 (2022) Kat:3, Licht: 0","151765","3","3","5","07","09","5","","0","0","1","0","0"
"POINT (9.934597424000060 53.570924252000097)","Unfall 151766 (2022) Kat:3, Licht: 0","151766","3","7","1","08","13","5","","0","1","1","0","0"
"POINT (10.125420329000100 53.572150986000104)","Unfall 151767 (2022) Kat:3, Licht: 0","151767","3","2","5","08","16","3","","0","0","1","0","0"
"POINT (10.081598498000099 53.641149953000102)","Unfall 151768 (2022) Kat:3, Licht: 0","151768","3","6","3","06","07","5","","0","1","1","0","0"
"POINT (10.220059939000100 53.484143611000000)","Unfall 151769 (2022) Kat:3, Licht: 0","151769","3","3","5","09","15","5","","0","0","1","0","0"
"POINT (10.156232618000001 53.609912268000102)","Unfall 151770 (2022) Kat:3, Licht: 0","151770","3","5","1","07","13","2","","0","1","1","0","0"
"POINT (9.994467421000021 53.593074296000097)","Unfall 151771 (2022) Kat:3, Licht: 0","151771","3","5","1","08","15","3","","0","1","1","0","0"
"POINT (9.884347516000050 53.591963110999998)","Unfall 151772 (2022) Kat:3, Licht: 2","151772","3","7","6","08","04","7","","2","0","0","1","0"
"POINT (9.917869590000070 53.552444711000099)","Unfall 151773 (2022) Kat:3, Licht: 0","151773","3","7","0","08","08","2","","0","1","0","0","0"
"POINT (10.075264471000001 53.557885228000004)","Unfall 151774 (2022) Kat:3, Licht: 0","151774","3","7","4","08","18","5","","0","0","1","0","1"
"POINT (9.995913212000060 53.464428102000099)","Unfall 151775 (2022) Kat:3, Licht: 0","151775","3","3","2","07","16","7","","0","1","1","0","0"
"POINT (10.070667895000000 53.612425041000101)","Unfall 151776 (2022) Kat:3, Licht: 0","151776","3","6","4","07","13","7","","0","0","1","0","0"
"POINT (10.019449878000000 53.565392246999998)","Unfall 151777 (2022) Kat:2, Licht: 2","151777","2","7","0","08","22","5","","2","1","0","0","0"
"POINT (9.805589588000030 53.580846391000101)","Unfall 151778 (2022) Kat:3, Licht: 0","151778","3","3","5","07","11","6","","0","1","1","0","0"
"POINT (9.914226367000030 53.558194811000099)","Unfall 151779 (2022) Kat:3, Licht: 0","151779","3","6","2","08","06","2","","0","1","1","0","0"
"POINT (9.953771460000040 53.545609992999999)","Unfall 151780 (2022) Kat:3, Licht: 0","151780","3","2","4","08","07","3","","0","1","0","0","1"
"POINT (10.141324774000100 53.583541208000000)","Unfall 151781 (2022) Kat:3, Licht: 0","151781","3","6","2","06","17","3","","0","1","1","0","0"
"POINT (10.094234988000000 53.650031712999997)","Unfall 151782 (2022) Kat:3, Licht: 0","151782","3","6","3","09","07","5","","0","1","0","0","0"
"POINT (10.068840155000000 53.601301679000102)","Unfall 151783 (2022) Kat:3, Licht: 0","151783","3","2","4","07","10","7","","0","0","1","0","0"
"POINT (10.019170376000000 53.566794012999999)","Unfall 151784 (2022) Kat:3, Licht: 2","151784","3","5","1","08","00","4","","2","1","1","0","0"
"POINT (10.005712899000100 53.552036438000101)","Unfall 151785 (2022) Kat:3, Licht: 0","151785","3","6","2","07","14","6","","0","0","1","0","0"
"POINT (10.007670219000000 53.593054076999998)","Unfall 151786 (2022) Kat:3, Licht: 0","151786","3","1","0","08","07","4","","0","1","0","0","0"
"POINT (9.967976256000039 53.501037265000001)","Unfall 151787 (2022) Kat:3, Licht: 0","151787","3","1","0","08","13","1","","0","1","0","0","0"
"POINT (10.072689399000099 53.500715987000000)","Unfall 151788 (2022) Kat:2, Licht: 0","151788","2","1","0","07","17","4","","0","1","0","0","0"
"POINT (10.151039913000000 53.613508071000098)","Unfall 151789 (2022) Kat:3, Licht: 0","151789","3","4","6","08","15","3","","0","0","1","1","0"
"POINT (9.791846415000069 53.534700166999997)","Unfall 151790 (2022) Kat:3, Licht: 0","151790","3","2","0","07","13","3","","0","1","0","0","0"
"POINT (9.982701932000049 53.510651801000101)","Unfall 151791 (2022) Kat:3, Licht: 0","151791","3","2","2","08","12","6","","0","0","1","0","0"
"POINT (9.963161261000041 53.557586544999999)","Unfall 151792 (2022) Kat:3, Licht: 0","151792","3","3","5","07","15","3","","0","1","0","0","0"
"POINT (10.043100653000099 53.630833801000101)","Unfall 151793 (2022) Kat:3, Licht: 0","151793","3","7","0","07","15","6","","0","1","0","0","0"
"POINT (10.084265863000001 53.554838333000099)","Unfall 151794 (2022) Kat:3, Licht: 0","151794","3","3","5","07","18","6","","0","0","1","0","0"
"POINT (10.153270395000000 53.615027817000097)","Unfall 151795 (2022) Kat:3, Licht: 0","151795","3","4","6","08","14","2","","0","0","1","1","0"
"POINT (10.005454323000000 53.552346378000003)","Unfall 151796 (2022) Kat:3, Licht: 0","151796","3","7","6","08","13","4","","0","1","0","1","0"
"POINT (9.985415327000061 53.462813396999998)","Unfall 151797 (2022) Kat:3, Licht: 0","151797","3","3","5","06","09","4","","0","1","1","0","0"
"POINT (10.005699749000000 53.505999510999999)","Unfall 151798 (2022) Kat:3, Licht: 0","151798","3","3","5","09","05","5","","0","0","0","0","1"
"POINT (10.006458023000100 53.635013567000001)","Unfall 151799 (2022) Kat:3, Licht: 0","151799","3","7","0","07","11","7","","0","1","0","0","0"
"POINT (10.012878561000001 53.560788674000001)","Unfall 151800 (2022) Kat:3, Licht: 2","151800","3","5","1","08","21","2","","2","0","1","1","0"
"POINT (9.850862308000050 53.471892728999997)","Unfall 151801 (2022) Kat:3, Licht: 0","151801","3","3","5","08","12","4","","0","0","1","0","1"
"POINT (9.963764758000019 53.612810227000097)","Unfall 151802 (2022) Kat:3, Licht: 0","151802","3","6","4","07","11","6","","0","0","1","0","0"
"POINT (9.873582329000040 53.586939261000097)","Unfall 151803 (2022) Kat:3, Licht: 1","151803","3","2","4","08","20","3","","1","0","1","0","0"
"POINT (9.970482673000051 53.460415624000099)","Unfall 151804 (2022) Kat:3, Licht: 2","151804","3","1","0","08","21","6","","2","1","0","0","0"
"POINT (10.121428060000000 53.605544743999999)","Unfall 151805 (2022) Kat:3, Licht: 0","151805","3","2","5","07","12","5","","0","0","0","0","0"
"POINT (10.088666784000100 53.646964298999997)","Unfall 151806 (2022) Kat:3, Licht: 0","151806","3","7","8","08","13","3","","0","0","1","0","0"
"POINT (9.966936193000040 53.549915306000102)","Unfall 151807 (2022) Kat:3, Licht: 0","151807","3","1","0","07","14","6","","0","1","0","0","0"
"POINT (10.006259359000101 53.617378410000100)","Unfall 151808 (2022) Kat:3, Licht: 2","151808","3","2","5","08","21","1","","2","0","1","0","1"
"POINT (10.015063138000100 53.554814909000100)","Unfall 151809 (2022) Kat:3, Licht: 0","151809","3","7","0","07","10","4","","0","0","0","0","1"
"POINT (9.982089944000050 53.585391936000100)","Unfall 151810 (2022) Kat:3, Licht: 0","151810","3","4","6","09","14","5","","0","1","0","1","0"
"POINT (9.968134547000030 53.566724659999998)","Unfall 151811 (2022) Kat:3, Licht: 0","151811","3","2","5","07","13","6","","0","1","1","0","0"
"POINT (10.050742670000000 53.600084866000003)","Unfall 151812 (2022) Kat:3, Licht: 0","151812","3","5","1","07","10","4","","0","0","1","0","0"
"POINT (10.017432286000000 53.612946757000003)","Unfall 151813 (2022) Kat:3, Licht: 0","151813","3","7","0","08","12","7","","0","0","0","0","1"
"POINT (9.967482989000080 53.599120829000100)","Unfall 151814 (2022) Kat:3, Licht: 0","151814","3","6","2","07","14","2","","0","1","0","1","0"
"POINT (9.972648721000040 53.639165892999998)","Unfall 151815 (2022) Kat:3, Licht: 2","151815","3","1","8","08","22","6","","2","0","0","0","1"
"POINT (9.995127176000040 53.551199566000001)","Unfall 151816 (2022) Kat:3, Licht: 0","151816","3","2","3","08","15","2","","0","1","0","0","0"
"POINT (9.927011709000061 53.453586557000101)","Unfall 151817 (2022) Kat:3, Licht: 0","151817","3","6","2","07","07","4","","0","0","1","0","0"
"POINT (9.961247284000020 53.551333726000102)","Unfall 151818 (2022) Kat:3, Licht: 0","151818","3","7","1","08","18","4","","0","1","1","0","0"
"POINT (10.152203535000099 53.616056638000003)","Unfall 151819 (2022) Kat:3, Licht: 0","151819","3","3","5","08","16","7","","0","0","1","0","0"
"POINT (10.122957779000000 53.539254535000097)","Unfall 151820 (2022) Kat:3, Licht: 0","151820","3","6","4","07","20","1","","0","1","1","0","0"
"POINT (9.981960649000030 53.564383478000103)","Unfall 151821 (2022) Kat:3, Licht: 0","151821","3","2","4","07","17","2","","0","1","1","0","0"
"POINT (9.766908527000060 53.576866929000097)","Unfall 151822 (2022) Kat:3, Licht: 0","151822","3","5","5","08","13","6","","0","0","1","0","0"
"POINT (10.045059891000101 53.560996773000099)","Unfall 151823 (2022) Kat:2, Licht: 0","151823","2","5","1","07","05","1","","0","0","1","0","0"
"POINT (10.204048326000100 53.491678274999998)","Unfall 151824 (2022) Kat:3, Licht: 0","151824","3","6","2","08","18","4","","0","0","1","0","0"
"POINT (10.022575840000099 53.567423494000103)","Unfall 151825 (2022) Kat:3, Licht: 2","151825","3","6","1","08","01","3","","2","0","1","0","0"
"POINT (10.118425844000100 53.606790950000097)","Unfall 151826 (2022) Kat:3, Licht: 0","151826","3","6","2","06","17","5","","0","0","1","0","0"
"POINT (10.010819389000099 53.667539072000103)","Unfall 151827 (2022) Kat:3, Licht: 0","151827","3","2","4","09","13","6","","0","1","1","0","0"
"POINT (9.972460112000020 53.558413440000002)","Unfall 151828 (2022) Kat:3, Licht: 0","151828","3","4","6","07","18","3","","0","1","0","1","0"
"POINT (9.979828771000030 53.555639569000000)","Unfall 151829 (2022) Kat:3, Licht: 0","151829","3","3","4","08","14","3","","0","1","1","0","0"
"POINT (10.216880089000000 53.456415492000097)","Unfall 151830 (2022) Kat:2, Licht: 0","151830","2","5","1","08","10","5","","0","1","0","0","0"
"POINT (10.041366658000101 53.579675358000003)","Unfall 151831 (2022) Kat:3, Licht: 0","151831","3","3","5","07","15","1","","0","0","1","0","0"
"POINT (10.064545932000000 53.554058542000099)","Unfall 151832 (2022) Kat:3, Licht: 0","151832","3","6","2","08","14","5","","0","0","1","0","0"
"POINT (10.178479741000000 53.487055769000101)","Unfall 151833 (2022) Kat:3, Licht: 0","151833","3","3","5","07","09","4","","0","0","1","0","1"
"POINT (10.006418874000101 53.515271432000098)","Unfall 151834 (2022) Kat:2, Licht: 2","151834","2","1","9","07","21","6","","2","0","0","0","1"
"POINT (9.960301728000051 53.563799887000101)","Unfall 151835 (2022) Kat:3, Licht: 0","151835","3","2","3","08","18","5","","0","1","0","0","0"