WKT,Name,OBJECTID,UKATEGORIE,UTYP1,UART,UMONAT,USTUNDE,UWOCHENTAG,STRZUSTAND,ULICHTVERH,ISTRAD,ISTPKW,ISTFUSS,ISTKRAD
"POINT (9.984481560000059 53.458851874000104)","Unfall 151836 (2022) Kat:2, Licht: 0","151836","2","4","6","07","12","5","","0","0","0","1","0"
"POINT (9.961925349000071 53.556411028000099)","Unfall 151837 (2022) Kat:3, Licht: 0","151837","3","2","3","08","17","2","","0","1","0","0","0"
"POINT (9.997201108000070 53.596660014000101)","Unfall 151838 (2022) Kat:3, Licht: 0","151838","3","7","0","08","12","2","","0","1","0","0","0"
"POINT (10.009506599000099 53.578206147000103)","Unfall 151839 (2022) Kat:3, Licht: 1","151839","3","2","3","07","20","4","","1","1","0","0","1"
"POINT (10.078683665000000 53.584793112000099)","Unfall 151840 (2022) Kat:3, Licht: 0","151840","3","1","0","09","08","5","","0","0","0","0","1"
"POINT (9.928638077000070 53.553796204999998)","Unfall 151841 (2022) Kat:2, Licht: 2","151841","2","7","6","07","21","6","","2","0","1","1","0"
"POINT (10.024265713000000 53.564332294000103)","Unfall 151842 (2022) Kat:3, Licht: 0","151842","3","7","0","08","17","4","","0","1","0","0","0"
"POINT (9.940351288000040 53.591321694999998)","Unfall 151843 (2022) Kat:3, Licht: 0","151843","3","5","1","07","08","5","","0","1","1","0","0"
"POINT (9.982160161000021 53.557177234000100)","Unfall 151844 (2022) Kat:3, Licht: 2","151844","3","6","2","08","23","4","","2","0","1","0","0"
"POINT (10.006098905000000 53.550032506999997)","Unfall 151845 (2022) Kat:3, Licht: 0","151845","3","2","3","08","19","6","","0","1","1","0","0"
"POINT (10.002210995000000 53.557339716999998)","Unfall 151846 (2022) Kat:3, Licht: 0","151846","3","3","5","07","15","4","","0","1","1","0","0"
"POINT (10.033198885999999 53.587319051000101)","Unfall 151847 (2022) Kat:3, Licht: 0","151847","3","6","4","08","18","3","","0","1","0","0","0"
"POINT (9.909200929000059 53.622983660999999)","Unfall 151848 (2022) Kat:3, Licht: 0","151848","3","6","3","07","15","5","","0","1","1","0","0"
"POINT (10.007351411000100 53.515842329000101)","Unfall 151849 (2022) Kat:3, Licht: 0","151849","3","6","2","08","14","6","","0","0","1","0","0"
"POINT (10.014950644000100 53.574493013000101)","Unfall 151850 (2022) Kat:2, Licht: 0","151850","2","4","6","07","19","4","","0","1","0","1","0"
"POINT (10.000929549000000 53.435204836000104)","Unfall 151851 (2022) Kat:3, Licht: 0","151851","3","3","5","07","13","3","","0","1","0","0","0"
"POINT (10.008440232000099 53.553463118000103)","Unfall 151852 (2022) Kat:2, Licht: 2","151852","2","3","6","08","21","1","","2","0","1","1","0"
"POINT (9.982651291000019 53.544216683000101)","Unfall 151853 (2022) Kat:3, Licht: 1","151853","3","3","5","07","21","3","","1","1","0","0","0"
"POINT (10.202119098000001 53.490421456000000)","Unfall 151854 (2022) Kat:3, Licht: 0","151854","3","7","0","07","19","4","","0","0","0","0","1"
"POINT (9.982558798000071 53.591810124000098)","Unfall 151855 (2022) Kat:3, Licht: 0","151855","3","2","4","08","14","5","","0","0","1","0","1"
"POINT (10.013045874000101 53.602213675000002)","Unfall 151856 (2022) Kat:3, Licht: 0","151856","3","3","5","06","07","5","","0","1","1","0","0"
"POINT (9.982225665000040 53.463940083000097)","Unfall 151857 (2022) Kat:3, Licht: 0","151857","3","3","5","08","18","3","","0","0","1","0","0"
"POINT (10.012687486000100 53.580154542999999)","Unfall 151858 (2022) Kat:2, Licht: 0","151858","2","7","1","07","11","2","","0","1","1","0","0"
"POINT (9.977455363000050 53.557027580000103)","Unfall 151859 (2022) Kat:3, Licht: 2","151859","3","7","0","08","02","4","","2","0","0","0","0"
"POINT (9.822245025000029 53.526279037000101)","Unfall 151860 (2022) Kat:3, Licht: 0","151860","3","6","2","08","19","1","","0","0","1","0","1"
"POINT (9.972217909000049 53.587510111000000)","Unfall 151861 (2022) Kat:3, Licht: 2","151861","3","1","0","08","23","3","","2","0","0","0","0"
"POINT (9.962710137000039 53.549588536000002)","Unfall 151862 (2022) Kat:3, Licht: 0","151862","3","6","3","07","05","1","","0","1","1","0","0"
"POINT (10.011489627000101 53.441147594000000)","Unfall 151863 (2022) Kat:3, Licht: 2","151863","3","3","5","07","00","2","","2","1","1","0","0"
"POINT (10.032689277999999 53.554648764000000)","Unfall 151864 (2022) Kat:3, Licht: 0","151864","3","6","2","08","19","5","","0","0","1","0","1"
"POINT (9.995895449000050 53.549983263000101)","Unfall 151865 (2022) Kat:3, Licht: 0","151865","3","1","9","07","12","1","","0","1","0","0","0"
"POINT (10.143277347000000 53.570338172000000)","Unfall 151866 (2022) Kat:3, Licht: 0","151866","3","6","2","08","16","2","","0","0","1","0","0"
"POINT (9.799615125000059 53.557927651000099)","Unfall 151867 (2022) Kat:3, Licht: 0","151867","3","6","4","07","12","3","","0","1","1","0","0"
"POINT (10.140890500000101 53.570562185000000)","Unfall 151868 (2022) Kat:3, Licht: 0","151868","3","6","2","08","16","6","","0","0","1","0","0"
"POINT (9.956153697000049 53.581414275000000)","Unfall 151869 (2022) Kat:3, Licht: 0","151869","3","2","3","07","10","2","","0","1","1","0","0"
"POINT (9.903716393000019 53.602987886999998)","Unfall 151870 (2022) Kat:3, Licht: 0","151870","3","3","5","08","10","6","","0","0","1","0","1"
"POINT (10.065584543000099 53.571367942000101)","Unfall 151871 (2022) Kat:2, Licht: 0","151871","2","3","5","06","14","5","","0","1","0","0","0"
"POINT (9.897780168000050 53.557472587000099)","Unfall 151872 (2022) Kat:3, Licht: 0","151872","3","6","2","08","15","2","","0","0","1","0","0"
"POINT (10.073202659000099 53.655424648000100)","Unfall 151873 (2022) Kat:2, Licht: 0","151873","2","3","6","07","07","2","","0","1","0","1","0"
"POINT (9.993452171000060 53.558790080000101)","Unfall 151874 (2022) Kat:3, Licht: 2","151874","3","6","2","08","23","4","","2","0","1","0","0"
"POINT (10.042587449000100 53.589004596000102)","Unfall 151875 (2022) Kat:3, Licht: 1","151875","3","2","6","08","21","7","","1","0","1","1","0"
"POINT (10.072255355999999 53.574628314999998)","Unfall 151876 (2022) Kat:3, Licht: 0","151876","3","6","2","07","11","2","","0","0","1","0","0"
"POINT (9.887932084000060 53.534199740000098)","Unfall 151877 (2022) Kat:3, Licht: 0","151877","3","2","3","07","13","3","","0","1","0","0","0"
"POINT (9.905342107000020 53.607985025000097)","Unfall 151878 (2022) Kat:3, Licht: 0","151878","3","7","0","08","17","6","","0","0","1","0","0"
"POINT (9.948621030000030 53.454968251000103)","Unfall 151879 (2022) Kat:3, Licht: 0","151879","3","3","5","07","17","6","","0","0","1","0","1"
"POINT (9.880177787000040 53.600904982000003)","Unfall 151880 (2022) Kat:3, Licht: 0","151880","3","3","5","07","20","5","","0","0","1","0","0"
"POINT (10.059209659000000 53.535611941000099)","Unfall 151881 (2022) Kat:3, Licht: 0","151881","3","5","3","08","14","4","","0","0","1","0","1"
"POINT (10.006572295000099 53.550231730000100)","Unfall 151882 (2022) Kat:3, Licht: 0","151882","3","3","5","08","18","4","","0","0","1","0","0"
"POINT (9.913887842000070 53.554016072000103)","Unfall 151883 (2022) Kat:3, Licht: 0","151883","3","7","5","06","16","4","","0","1","1","0","0"
"POINT (10.043453145000100 53.581542181000003)","Unfall 151884 (2022) Kat:3, Licht: 0","151884","3","2","3","09","15","6","","0","1","1","0","0"
"POINT (9.824987062000050 53.569917742000001)","Unfall 151885 (2022) Kat:3, Licht: 0","151885","3","2","4","07","10","7","","0","0","1","0","0"
"POINT (9.866378089000021 53.568418806000103)","Unfall 151886 (2022) Kat:3, Licht: 0","151886","3","2","3","08","19","3","","0","1","0","0","0"
"POINT (10.079815814000000 53.613753897999999)","Unfall 151887 (2022) Kat:2, Licht: 0","151887","2","7","0","08","19","6","","0","1","0","0","0"
"POINT (9.956169012000030 53.614482078000002)","Unfall 151888 (2022) Kat:3, Licht: 2","151888","3","7","0","07","21","1","","2","1","0","0","0"
"POINT (9.916285244000051 53.564047944000002)","Unfall 151889 (2022) Kat:3, Licht: 0","151889","3","1","0","08","18","5","","0","0","0","0","1"
"POINT (10.102845103000000 53.597693343000103)","Unfall 151890 (2022) Kat:3, Licht: 0","151890","3","6","6","07","12","5","","0","1","0","1","0"
"POINT (9.985594436000040 53.555676828000102)","Unfall 151891 (2022) Kat:2, Licht: 0","151891","2","6","3","07","15","7","","0","1","1","0","0"
"POINT (9.873557343000069 53.563171463000103)","Unfall 151892 (2022) Kat:2, Licht: 0","151892","2","5","1","08","12","5","","0","0","1","0","0"
"POINT (10.129257941000001 53.601493682000097)","Unfall 151893 (2022) Kat:2, Licht: 1","151893","2","7","0","07","18","5","","1","1","0","0","0"
"POINT (10.037098766000000 53.565386115000102)","Unfall 151894 (2022) Kat:3, Licht: 0","151894","3","6","3","08","14","2","","0","0","1","0","0"
"POINT (9.969620312000069 53.460573661000097)","Unfall 151895 (2022) Kat:3, Licht: 2","151895","3","1","0","08","22","1","","2","0","0","0","0"
"POINT (10.051573726000100 53.593396200000001)","Unfall 151896 (2022) Kat:3, Licht: 0","151896","3","7","0","07","18","4","","0","1","0","0","0"
"POINT (10.081521978000101 53.641181776000103)","Unfall 151897 (2022) Kat:3, Licht: 0","151897","3","7","0","09","13","5","","0","1","0","0","0"
"POINT (10.111024068000100 53.538459580000101)","Unfall 151898 (2022) Kat:3, Licht: 0","151898","3","6","4","06","14","5","","0","0","0","0","0"
"POINT (9.963229477000031 53.603426420000098)","Unfall 151899 (2022) Kat:3, Licht: 0","151899","3","3","5","08","16","5","","0","0","1","0","0"
"POINT (10.142425788000001 53.599024462999999)","Unfall 151900 (2022) Kat:3, Licht: 0","151900","3","5","5","07","07","6","","0","0","1","0","0"
"POINT (10.175913112000000 53.472562682000003)","Unfall 151901 (2022) Kat:2, Licht: 0","151901","2","2","5","08","09","3","","0","1","1","0","0"
"POINT (10.001700927000099 53.662049545000102)","Unfall 151902 (2022) Kat:3, Licht: 2","151902","3","1","9","07","22","7","","2","0","1","0","0"
"POINT (10.187811589000001 53.469075701000101)","Unfall 151903 (2022) Kat:2, Licht: 0","151903","2","1","0","08","13","5","","0","1","0","0","0"
"POINT (10.155337529000100 53.622067950000002)","Unfall 151904 (2022) Kat:3, Licht: 0","151904","3","7","0","07","12","4","","0","1","0","0","0"
"POINT (10.116024686000101 53.557318254999998)","Unfall 151905 (2022) Kat:3, Licht: 0","151905","3","2","5","08","14","3","","0","1","1","0","0"
"POINT (9.935915779000030 53.572663885000097)","Unfall 151906 (2022) Kat:3, Licht: 0","151906","3","7","6","07","14","4","","0","0","1","1","0"
"POINT (10.207944550000001 53.408637676000097)","Unfall 151907 (2022) Kat:2, Licht: 0","151907","2","6","4","08","18","6","","0","0","1","0","0"
"POINT (10.130228284999999 53.599363321000098)","Unfall 151908 (2022) Kat:2, Licht: 0","151908","2","3","5","07","08","3","","0","1","0","0","0"
"POINT (10.010602947000100 53.644394951999999)","Unfall 151909 (2022) Kat:3, Licht: 0","151909","3","6","4","07","21","3","","0","0","1","0","1"
"POINT (10.159272871000001 53.653915187999999)","Unfall 151910 (2022) Kat:2, Licht: 0","151910","2","7","0","08","17","7","","0","0","1","0","0"
"POINT (9.953026405000060 53.546345291000101)","Unfall 151911 (2022) Kat:3, Licht: 0","151911","3","3","5","07","13","2","","0","1","0","0","0"
"POINT (10.124935907000101 53.643576060999997)","Unfall 151912 (2022) Kat:3, Licht: 0","151912","3","6","2","07","12","6","","0","0","1","0","0"
"POINT (10.024213723000100 53.620254999000103)","Unfall 151913 (2022) Kat:3, Licht: 1","151913","3","6","2","08","06","5","","1","0","0","0","1"
"POINT (10.026211204000001 53.569650455000001)","Unfall 151914 (2022) Kat:3, Licht: 0","151914","3","6","3","08","17","4","","0","0","1","0","1"
"POINT (9.977662749000050 53.575719359000097)","Unfall 151915 (2022) Kat:3, Licht: 2","151915","3","4","6","06","22","5","","2","1","0","1","0"
"POINT (10.032403842000100 53.609505685999999)","Unfall 151916 (2022) Kat:3, Licht: 0","151916","3","7","6","08","16","2","","0","0","0","1","0"
"POINT (9.967326963000060 53.549949323000099)","Unfall 151917 (2022) Kat:3, Licht: 0","151917","3","7","0","07","16","3","","0","1","0","0","0"
"POINT (9.987945945000041 53.589986865000100)","Unfall 151918 (2022) Kat:3, Licht: 0","151918","3","7","2","08","14","2","","0","0","1","0","1"
"POINT (9.905957850000050 53.596806248000100)","Unfall 151919 (2022) Kat:3, Licht: 2","151919","3","6","3","08","21","6","","2","1","1","0","0"
"POINT (10.005627457000100 53.558040972000100)","Unfall 151920 (2022) Kat:3, Licht: 1","151920","3","6","4","08","19","3","","1","0","1","0","0"
"POINT (9.829820989000041 53.530338047000001)","Unfall 151921 (2022) Kat:3, Licht: 0","151921","3","1","8","07","09","1","","0","0","1","0","0"
"POINT (10.054232353000000 53.608641483000000)","Unfall 151922 (2022) Kat:3, Licht: 0","151922","3","7","0","07","20","2","","0","0","0","0","1"
"POINT (9.977728575000070 53.546377550999999)","Unfall 151923 (2022) Kat:3, Licht: 0","151923","3","7","0","07","07","7","","0","0","0","0","0"
"POINT (9.892947897000059 53.615121787000099)","Unfall 151924 (2022) Kat:3, Licht: 0","151924","3","6","2","08","11","6","","0","0","1","0","0"
"POINT (9.986990184000041 53.456991297000101)","Unfall 151925 (2022) Kat:3, Licht: 0","151925","3","4","0","07","11","6","","0","1","0","1","0"
"POINT (10.095825773000101 53.599104797999999)","Unfall 151926 (2022) Kat:3, Licht: 0","151926","3","3","5","08","18","3","","0","1","1","0","0"
"POINT (10.103329584000100 53.577132300000102)","Unfall 151927 (2022) Kat:3, Licht: 0","151927","3","7","0","08","12","3","","0","1","0","0","0"
"POINT (9.987884910000050 53.439332052000097)","Unfall 151928 (2022) Kat:3, Licht: 0","151928","3","3","5","06","14","3","","0","0","0","0","0"
"POINT (10.089923319000000 53.620416384000102)","Unfall 151929 (2022) Kat:3, Licht: 0","151929","3","3","5","09","11","6","","0","1","0","0","0"
"POINT (9.947035414000030 53.551389836000098)","Unfall 151930 (2022) Kat:3, Licht: 2","151930","3","1","0","07","02","1","","2","0","0","0","1"
"POINT (9.916656158000020 53.592660425000098)","Unfall 151931 (2022) Kat:3, Licht: 0","151931","3","7","0","08","17","7","","0","1","0","0","0"
"POINT (10.058626871000101 53.537904902000001)","Unfall 151932 (2022) Kat:3, Licht: 0","151932","3","3","5","08","18","5","","0","1","0","0","0"
"POINT (10.198777914000100 53.436529035000000)","Unfall 151933 (2022) Kat:2, Licht: 0","151933","2","7","7","07","16","6","","0","1","0","0","0"
"POINT (9.993940288000029 53.579503074999998)","Unfall 151934 (2022) Kat:3, Licht: 0","151934","3","3","5","08","08","5","","0","1","0","0","0"
"POINT (10.208949863999999 53.489851804000097)","Unfall 151935 (2022) Kat:2, Licht: 2","151935","2","7","0","08","22","6","","2","1","0","0","0"
"POINT (10.021228319000000 53.553105393000102)","Unfall 151936 (2022) Kat:3, Licht: 0","151936","3","6","3","07","17","7","","0","0","1","0","0"
"POINT (10.184528807000000 53.486598630000103)","Unfall 151937 (2022) Kat:3, Licht: 0","151937","3","7","0","08","12","4","","0","1","0","0","0"
"POINT (9.915087019000049 53.557799570000000)","Unfall 151938 (2022) Kat:3, Licht: 0","151938","3","2","3","07","14","6","","0","1","1","0","0"
"POINT (10.060429269000100 53.570483035000102)","Unfall 151939 (2022) Kat:3, Licht: 0","151939","3","6","3","08","14","7","","0","0","1","0","1"
"POINT (10.030828842000099 53.571898806000000)","Unfall 151940 (2022) Kat:3, Licht: 2","151940","3","7","0","08","01","1","","2","0","0","0","0"
"POINT (10.106936843000000 53.547676879000100)","Unfall 151941 (2022) Kat:3, Licht: 0","151941","3","2","3","07","05","3","","0","1","1","0","0"
"POINT (9.975476504000030 53.560467111000001)","Unfall 151942 (2022) Kat:3, Licht: 2","151942","3","2","4","09","21","5","","2","1","1","0","0"
"POINT (10.125020652000000 53.541669066000097)","Unfall 151943 (2022) Kat:3, Licht: 0","151943","3","7","0","07","15","6","","0","1","0","0","0"
"POINT (9.979913076000059 53.578786936000000)","Unfall 151944 (2022) Kat:3, Licht: 0","151944","3","3","5","07","11","5","","0","0","1","0","0"
"POINT (10.124773108000101 53.571206228000101)","Unfall 151945 (2022) Kat:3, Licht: 0","151945","3","6","2","08","17","4","","0","0","1","0","1"
"POINT (9.889622153000060 53.593168529000103)","Unfall 151946 (2022) Kat:3, Licht: 2","151946","3","7","0","08","06","1","","2","1","1","0","0"
"POINT (10.071720315000100 53.597427163000098)","Unfall 151947 (2022) Kat:3, Licht: 0","151947","3","3","5","07","14","3","","0","0","1","0","0"
"POINT (10.017007090000000 53.552856238000103)","Unfall 151948 (2022) Kat:3, Licht: 0","151948","3","2","4","08","07","4","","0","1","1","0","0"
"POINT (10.208635049000099 53.482079371000097)","Unfall 151949 (2022) Kat:3, Licht: 0","151949","3","6","3","06","09","3","","0","0","1","0","0"
"POINT (10.145626416000001 53.528142978000098)","Unfall 151950 (2022) Kat:3, Licht: 0","151950","3","5","5","07","20","1","","0","0","1","0","0"
"POINT (9.948340545000059 53.551173506000097)","Unfall 151951 (2022) Kat:3, Licht: 0","151951","3","6","2","08","12","2","","0","0","1","0","0"
"POINT (10.189596548000100 53.503339081000000)","Unfall 151952 (2022) Kat:2, Licht: 0","151952","2","3","5","08","14","6","","0","0","1","0","0"
"POINT (9.972760857000029 53.545530723000098)","Unfall 151953 (2022) Kat:3, Licht: 0","151953","3","7","0","07","19","7","","0","0","0","0","0"
"POINT (9.991418530000031 53.553957928000003)","Unfall 151954 (2022) Kat:3, Licht: 0","151954","3","4","6","08","11","5","","0","0","0","1","0"
"POINT (10.017048552000100 53.549420533000003)","Unfall 151955 (2022) Kat:3, Licht: 0","151955","3","6","3","07","19","6","","0","0","1","0","0"
"POINT (10.134387402000099 53.459962872000098)","Unfall 151956 (2022) Kat:3, Licht: 0","151956","3","7","0","08","17","4","","0","0","0","0","1"
"POINT (10.032348144000000 53.623822921000098)","Unfall 151957 (2022) Kat:3, Licht: 0","151957","3","6","2","07","10","6","","0","0","1","0","0"
"POINT (9.975145589000020 53.551788725000101)","Unfall 151958 (2022) Kat:3, Licht: 0","151958","3","6","2","08","21","7","","0","0","1","0","0"
"POINT (9.957363206000030 53.550007294000103)","Unfall 151959 (2022) Kat:3, Licht: 0","151959","3","7","0","08","06","3","","0","1","0","0","0"
"POINT (10.072405002000000 53.616597239999997)","Unfall 151960 (2022) Kat:3, Licht: 0","151960","3","7","0","07","17","3","","0","1","0","0","0"
"POINT (9.957160456000050 53.580876918999998)","Unfall 151961 (2022) Kat:3, Licht: 0","151961","3","3","5","09","13","5","","0","1","0","0","0"
"POINT (10.177656874000000 53.475724110999998)","Unfall 151962 (2022) Kat:2, Licht: 1","151962","2","7","0","06","21","5","","1","1","0","0","0"
"POINT (9.903458393000051 53.568649164000099)","Unfall 151963 (2022) Kat:3, Licht: 0","151963","3","2","3","08","16","4","","0","1","1","0","0"
"POINT (10.019981041000101 53.581397397000003)","Unfall 151964 (2022) Kat:3, Licht: 0","151964","3","6","2","07","12","6","","0","0","1","0","1"
"POINT (10.084161885000100 53.554973693000100)","Unfall 151965 (2022) Kat:3, Licht: 0","151965","3","3","5","08","08","3","","0","0","1","0","0"
"POINT (10.049373756000000 53.646614772000099)","Unfall 151966 (2022) Kat:2, Licht: 0","151966","2","1","8","07","14","7","","0","0","1","0","0"
"POINT (9.920638231000050 53.632889562000102)","Unfall 151967 (2022) Kat:3, Licht: 0","151967","3","6","6","08","17","2","","0","1","0","1","0"
"POINT (9.951931858000020 53.566762656000002)","Unfall 151968 (2022) Kat:3, Licht: 0","151968","3","6","2","08","15","6","","0","0","1","0","1"
"POINT (10.053076913000000 53.564974181000103)","Unfall 151969 (2022) Kat:3, Licht: 0","151969","3","7","0","08","07","4","","0","0","0","0","0"
"POINT (10.183631887000001 53.511707033999997)","Unfall 151970 (2022) Kat:3, Licht: 0","151970","3","2","4","07","12","4","","0","1","1","0","0"
"POINT (10.043052983000100 53.607763326000097)","Unfall 151971 (2022) Kat:3, Licht: 0","151971","3","3","5","08","19","1","","0","1","1","0","0"
"POINT (9.752514227000059 53.581758450000102)","Unfall 151972 (2022) Kat:3, Licht: 0","151972","3","7","0","07","07","3","","0","1","0","0","0"
"POINT (9.793710263000040 53.533822856000000)","Unfall 151973 (2022) Kat:3, Licht: 1","151973","3","1","4","07","06","4","","1","1","1","0","0"
"POINT (9.940514091000070 53.572778066000097)","Unfall 151974 (2022) Kat:3, Licht: 0","151974","3","7","3","07","17","7","","0","0","1","0","0"
"POINT (10.096886853999999 53.497431507000002)","Unfall 151975 (2022) Kat:3, Licht: 1","151975","3","1","0","08","21","6","","1","1","0","0","0"
"POINT (10.102223499000001 53.647255452000103)","Unfall 151976 (2022) Kat:2, Licht: 0","151976","2","2","0","07","12","2","","0","0","1","0","1"
"POINT (10.202614825000101 53.486811549999999)","Unfall 151977 (2022) Kat:3, Licht: 0","151977","3","5","5","07","15","4","","0","0","1","0","1"
"POINT (10.034427660000100 53.617353420000001)","Unfall 151978 (2022) Kat:3, Licht: 0","151978","3","2","4","08","17","4","","0","1","1","0","0"
"POINT (9.913858829000050 53.601604479999999)","Unfall 151979 (2022) Kat:3, Licht: 1","151979","3","6","3","08","05","4","","1","1","0","0","0"
"POINT (9.941514951000039 53.564077821000097)","Unfall 151980 (2022) Kat:3, Licht: 0","151980","3","4","6","06","16","5","","0","1","0","1","0"
"POINT (10.196229656000099 53.512008375999997)","Unfall 151981 (2022) Kat:3, Licht: 0","151981","3","3","5","08","07","2","","0","0","1","0","0"
"POINT (9.977782709000049 53.575499381999997)","Unfall 151982 (2022) Kat:3, Licht: 0","151982","3","3","5","07","17","3","","0","1","1","0","0"
"POINT (10.031813763000100 53.591619831000102)","Unfall 151983 (2022) Kat:3, Licht: 0","151983","3","1","0","08","17","2","","0","1","0","0","0"
"POINT (10.069719297000100 53.579333239000100)","Unfall 151984 (2022) Kat:2, Licht: 0","151984","2","3","5","08","15","6","","0","1","0","0","0"
"POINT (10.210344573000000 53.499394391000102)","Unfall 151985 (2022) Kat:3, Licht: 0","151985","3","2","3","08","16","2","","0","1","1","0","0"
"POINT (9.936319429000040 53.550548997000099)","Unfall 151986 (2022) Kat:3, Licht: 0","151986","3","7","0","07","13","2","","0","1","0","0","0"
"POINT (9.941215080000060 53.549940128000102)","Unfall 151987 (2022) Kat:3, Licht: 0","151987","3","4","6","07","17","2","","0","0","0","1","0"
"POINT (9.965381800000049 53.552344443000003)","Unfall 151988 (2022) Kat:3, Licht: 1","151988","3","6","3","07","18","7","","1","1","0","0","0"
"POINT (10.101836405000000 53.579942607000099)","Unfall 151989 (2022) Kat:3, Licht: 0","151989","3","6","2","08","16","5","","0","0","1","0","0"
"POINT (10.042251672000100 53.584615315000100)","Unfall 151990 (2022) Kat:3, Licht: 2","151990","3","6","2","07","22","7","","2","0","1","0","0"
"POINT (10.035720270000100 53.601152460999998)","Unfall 151991 (2022) Kat:3, Licht: 0","151991","3","3","0","08","16","3","","0","1","1","0","0"
"POINT (9.917554078000020 53.553142050000098)","Unfall 151992 (2022) Kat:2, Licht: 0","151992","2","4","6","08","16","4","","0","0","1","1","0"
"POINT (10.051269965000101 53.608485556000097)","Unfall 151993 (2022) Kat:3, Licht: 0","151993","3","5","5","06","17","3","","0","1","1","0","0"
"POINT (9.992920195000069 53.558931277000099)","Unfall 151994 (2022) Kat:3, Licht: 2","151994","3","7","3","09","21","6","","2","0","1","0","0"
"POINT (10.092665346000000 53.654532312000100)","Unfall 151995 (2022) Kat:3, Licht: 0","151995","3","6","0","07","13","7","","0","0","1","0","0"
"POINT (10.047135061000100 53.478437002000099)","Unfall 151996 (2022) Kat:3, Licht: 2","151996","3","1","9","08","04","7","","2","1","0","0","0"
"POINT (9.914072860000029 53.601485109000102)","Unfall 151997 (2022) Kat:3, Licht: 0","151997","3","7","0","08","09","5","","0","1","0","0","0"
"POINT (10.147335507999999 53.523580924000001)","Unfall 151998 (2022) Kat:3, Licht: 2","151998","3","7","5","07","02","6","","2","0","1","0","0"
"POINT (10.009749738000000 53.624996275999997)","Unfall 151999 (2022) Kat:3, Licht: 2","151999","3","1","8","08","23","4","","2","0","1","0","0"
"POINT (10.041202386000100 53.630410502000103)","Unfall 152000 (2022) Kat:3, Licht: 0","152000","3","7","8","08","11","1","","0","1","0","0","0"
"POINT (10.064627105000101 53.573269272000097)","Unfall 152001 (2022) Kat:3, Licht: 0","152001","3","7","1","07","16","5","","0","1","1","0","0"
"POINT (9.878246494000051 53.513574560000102)","Unfall 152002 (2022) Kat:3, Licht: 0","152002","3","6","3","08","13","3","","0","1","0","0","0"
"POINT (9.998701691000059 53.665399928000099)","Unfall 152003 (2022) Kat:2, Licht: 0","152003","2","5","5","07","14","5","","0","0","1","0","1"
"POINT (9.952644893000070 53.633475267000101)","Unfall 152004 (2022) Kat:3, Licht: 2","152004","3","7","0","08","02","1","","2","0","0","0","0"
"POINT (10.075725616000099 53.592303690000101)","Unfall 152005 (2022) Kat:3, Licht: 1","152005","3","7","0","08","06","2","","1","0","0","0","0"
"POINT (10.080794556000100 53.581018467000000)","Unfall 152006 (2022) Kat:3, Licht: 0","152006","3","3","5","07","07","3","","0","1","0","0","1"
"POINT (9.896342668000051 53.625104970000102)","Unfall 152007 (2022) Kat:3, Licht: 0","152007","3","6","2","09","07","5","","0","0","1","0","0"
"POINT (10.032834853000100 53.607417411000000)","Unfall 152008 (2022) Kat:3, Licht: 0","152008","3","6","2","07","12","6","","0","0","1","0","0"
"POINT (10.056032159000001 53.591416169000098)","Unfall 152009 (2022) Kat:3, Licht: 0","152009","3","2","4","07","15","4","","0","1","1","0","0"
"POINT (10.018370461000099 53.549230381000001)","Unfall 152010 (2022) Kat:3, Licht: 2","152010","3","7","0","08","02","7","","2","0","0","0","1"
"POINT (10.149785070000100 53.528208648000003)","Unfall 152011 (2022) Kat:3, Licht: 0","152011","3","3","5","07","17","2","","0","1","1","0","0"
"POINT (10.022942544999999 53.567643246999999)","Unfall 152012 (2022) Kat:3, Licht: 0","152012","3","2","2","08","14","6","","0","0","1","0","0"
"POINT (9.967824789000080 53.570459991000099)","Unfall 152013 (2022) Kat:3, Licht: 2","152013","3","5","1","08","21","3","","2","1","1","0","0"
"POINT (10.184624228000100 53.484962471000102)","Unfall 152014 (2022) Kat:3, Licht: 0","152014","3","5","1","07","11","4","","0","1","1","0","0"
"POINT (9.970039626000069 53.545854007999999)","Unfall 152015 (2022) Kat:3, Licht: 0","152015","3","7","0","08","14","1","","0","1","0","0","0"
"POINT (9.757787275000060 53.571091378000098)","Unfall 152016 (2022) Kat:3, Licht: 0","152016","3","7","0","07","15","2","","0","0","1","0","0"
"POINT (10.010449086000101 53.553826507000103)","Unfall 152017 (2022) Kat:3, Licht: 2","152017","3","7","6","07","22","1","","2","0","1","1","0"
"POINT (10.118286709000101 53.488370381000003)","Unfall 152018 (2022) Kat:3, Licht: 0","152018","3","7","0","08","09","5","","0","0","0","0","0"
"POINT (9.796904343000049 53.516506818000003)","Unfall 152019 (2022) Kat:3, Licht: 0","152019","3","7","0","07","15","6","","0","1","0","0","0"
"POINT (10.102861012000099 53.498088447999997)","Unfall 152020 (2022) Kat:3, Licht: 0","152020","3","6","3","07","09","5","","0","0","0","0","0"
"POINT (9.977913514000020 53.546780793000003)","Unfall 152021 (2022) Kat:3, Licht: 0","152021","3","7","9","08","15","5","","0","0","1","0","0"