WKT,Name,OBJECTID,UKATEGORIE,UTYP1,UART,UMONAT,USTUNDE,UWOCHENTAG,STRZUSTAND,ULICHTVERH,ISTRAD,ISTPKW,ISTFUSS,ISTKRAD
"POINT (10.023183720000100 53.611408412000102)","Unfall 152208 (2022) Kat:3, Licht: 0","152208","3","2","3","09","07","5","","0","1","0","0","0"
"POINT (9.986929224000050 53.517566823000003)","Unfall 152209 (2022) Kat:3, Licht: 0","152209","3","6","6","07","20","6","","0","0","0","1","0"
"POINT (10.101767986000000 53.581723867999997)","Unfall 152210 (2022) Kat:2, Licht: 2","152210","2","4","6","08","20","4","","2","1","0","1","0"
"POINT (9.839940694000060 53.472522753000099)","Unfall 152211 (2022) Kat:3, Licht: 0","152211","3","6","2","07","16","5","","0","0","1","0","0"
"POINT (10.003361390000100 53.543992154000101)","Unfall 152212 (2022) Kat:3, Licht: 0","152212","3","3","5","08","16","4","","0","1","1","0","0"
"POINT (10.124770031000001 53.618784861999998)","Unfall 152213 (2022) Kat:3, Licht: 0","152213","3","7","0","08","18","1","","0","1","0","0","0"
"POINT (9.960130638000070 53.550131999000001)","Unfall 152214 (2022) Kat:3, Licht: 0","152214","3","4","6","08","18","6","","0","1","0","1","0"
"POINT (9.894423200000061 53.573140814000098)","Unfall 152215 (2022) Kat:3, Licht: 2","152215","3","6","4","08","23","4","","2","0","0","0","0"
"POINT (10.084481529000101 53.682606426000099)","Unfall 152216 (2022) Kat:3, Licht: 0","152216","3","3","5","07","08","4","","0","0","1","0","0"
"POINT (9.914824555000051 53.563792126000102)","Unfall 152217 (2022) Kat:2, Licht: 0","152217","2","7","0","08","12","1","","0","1","0","0","0"
"POINT (10.062691399000100 53.554329088000003)","Unfall 152218 (2022) Kat:3, Licht: 0","152218","3","6","2","07","14","2","","0","0","1","0","0"
"POINT (9.989231058000030 53.589290122000101)","Unfall 152219 (2022) Kat:3, Licht: 0","152219","3","4","6","07","13","3","","0","1","0","1","0"
"POINT (9.990670656000081 53.558136269999999)","Unfall 152220 (2022) Kat:3, Licht: 0","152220","3","6","3","08","17","6","","0","0","0","0","0"
"POINT (9.944692051000059 53.593420473999998)","Unfall 152221 (2022) Kat:3, Licht: 0","152221","3","6","2","07","08","2","","0","0","1","0","0"
"POINT (10.097404268000000 53.559044830000097)","Unfall 152222 (2022) Kat:3, Licht: 0","152222","3","6","4","07","16","4","","0","1","1","0","0"
"POINT (9.959145215000040 53.552971976999999)","Unfall 152223 (2022) Kat:3, Licht: 1","152223","3","6","2","08","19","5","","1","1","0","0","0"
"POINT (9.873594634000030 53.569585339000099)","Unfall 152224 (2022) Kat:2, Licht: 0","152224","2","5","1","08","16","4","","0","1","1","0","0"
"POINT (10.027093057000100 53.533229456000100)","Unfall 152225 (2022) Kat:3, Licht: 1","152225","3","6","0","06","22","4","","1","1","0","0","0"
"POINT (10.180174196999999 53.589881488000103)","Unfall 152226 (2022) Kat:3, Licht: 2","152226","3","7","0","08","23","2","","2","1","0","0","0"
"POINT (9.974526999000030 53.579722563000097)","Unfall 152227 (2022) Kat:3, Licht: 0","152227","3","7","3","07","08","2","","0","0","1","0","0"
"POINT (9.930557537000031 53.567378571000098)","Unfall 152228 (2022) Kat:3, Licht: 0","152228","3","7","0","08","18","3","","0","0","0","0","0"
"POINT (10.051246864000101 53.565082633000003)","Unfall 152229 (2022) Kat:3, Licht: 0","152229","3","4","6","08","17","6","","0","0","0","1","0"
"POINT (10.011906743999999 53.581123347000101)","Unfall 152230 (2022) Kat:3, Licht: 0","152230","3","7","3","07","11","7","","0","0","1","0","1"
"POINT (10.061519705000000 53.588827319000103)","Unfall 152231 (2022) Kat:3, Licht: 1","152231","3","6","2","08","05","6","","1","0","1","0","0"
"POINT (9.965446743000030 53.563858098000097)","Unfall 152232 (2022) Kat:3, Licht: 0","152232","3","4","0","07","16","2","","0","1","1","1","0"
"POINT (10.001692241000100 53.556293186000097)","Unfall 152233 (2022) Kat:3, Licht: 0","152233","3","1","0","08","17","5","","0","1","0","0","0"
"POINT (10.016498488000000 53.555397002000099)","Unfall 152234 (2022) Kat:3, Licht: 0","152234","3","2","5","07","17","7","","0","0","1","0","0"
"POINT (9.984241119000050 53.556248411000098)","Unfall 152235 (2022) Kat:3, Licht: 0","152235","3","7","0","08","18","2","","0","1","0","0","0"
"POINT (9.757641950000050 53.583526263000103)","Unfall 152236 (2022) Kat:2, Licht: 0","152236","2","7","0","08","11","3","","0","0","0","0","0"
"POINT (9.993642935000031 53.541167609000098)","Unfall 152237 (2022) Kat:3, Licht: 1","152237","3","7","1","06","19","4","","1","1","1","0","0"
"POINT (9.994137809000049 53.499996543000101)","Unfall 152238 (2022) Kat:3, Licht: 0","152238","3","6","3","09","08","5","","0","0","0","0","1"
"POINT (10.085477573000000 53.657047885000097)","Unfall 152239 (2022) Kat:3, Licht: 0","152239","3","6","2","07","13","7","","0","0","1","0","0"
"POINT (9.999582325000061 53.515282358000000)","Unfall 152240 (2022) Kat:2, Licht: 0","152240","2","7","1","08","11","6","","0","0","1","0","0"
"POINT (9.981937000000070 53.584656400000000)","Unfall 152241 (2022) Kat:3, Licht: 0","152241","3","7","1","08","13","5","","0","1","1","0","0"
"POINT (10.035483130999999 53.614667929000099)","Unfall 152242 (2022) Kat:2, Licht: 0","152242","2","4","6","07","11","6","","0","0","1","1","0"
"POINT (10.006118172000100 53.506093873000097)","Unfall 152243 (2022) Kat:3, Licht: 0","152243","3","6","2","08","15","4","","0","0","1","0","0"
"POINT (10.150323443000000 53.628351711000100)","Unfall 152244 (2022) Kat:2, Licht: 0","152244","2","2","5","08","14","7","","0","1","1","0","0"
"POINT (9.984633423000050 53.461846235000102)","Unfall 152245 (2022) Kat:3, Licht: 0","152245","3","4","6","07","10","4","","0","0","1","1","0"
"POINT (10.142745010000100 53.464966154000102)","Unfall 152246 (2022) Kat:3, Licht: 0","152246","3","5","1","08","12","3","","0","1","0","0","0"
"POINT (10.014677661000100 53.575752579000003)","Unfall 152247 (2022) Kat:3, Licht: 0","152247","3","6","3","11","09","6","","0","1","1","0","0"
"POINT (10.010099885000001 53.581606022000102)","Unfall 152248 (2022) Kat:3, Licht: 0","152248","3","6","3","10","16","5","","0","1","1","0","0"
"POINT (9.934673473000030 53.476805699000103)","Unfall 152249 (2022) Kat:3, Licht: 0","152249","3","6","2","10","12","3","","0","0","1","0","0"
"POINT (10.014667551000100 53.597577379000001)","Unfall 152250 (2022) Kat:3, Licht: 0","152250","3","7","0","11","12","5","","0","0","1","0","0"
"POINT (9.880912792000061 53.604144663000099)","Unfall 152251 (2022) Kat:3, Licht: 0","152251","3","5","1","10","13","7","","0","0","1","0","0"
"POINT (9.954941475000060 53.569837024000002)","Unfall 152252 (2022) Kat:2, Licht: 2","152252","2","5","5","09","19","7","","2","0","1","0","0"
"POINT (10.007034969000101 53.545822966999999)","Unfall 152253 (2022) Kat:3, Licht: 0","152253","3","1","0","09","18","6","","0","0","0","0","1"
"POINT (9.868405167000050 53.595149311000100)","Unfall 152254 (2022) Kat:3, Licht: 2","152254","3","5","1","10","00","4","","2","0","1","0","0"
"POINT (9.793045140000061 53.515089494000101)","Unfall 152255 (2022) Kat:3, Licht: 1","152255","3","6","2","09","06","4","","1","0","0","0","1"
"POINT (10.031900528000101 53.538613806999997)","Unfall 152256 (2022) Kat:3, Licht: 0","152256","3","6","3","09","14","3","","0","0","1","0","0"
"POINT (9.987331884000071 53.593766057000003)","Unfall 152257 (2022) Kat:3, Licht: 0","152257","3","6","6","11","12","6","","0","0","0","1","0"
"POINT (9.927233091000060 53.585807637000102)","Unfall 152258 (2022) Kat:3, Licht: 2","152258","3","1","0","09","23","7","","2","0","0","0","0"
"POINT (10.103314495000101 53.523147395000102)","Unfall 152259 (2022) Kat:3, Licht: 0","152259","3","2","3","09","07","7","","0","0","1","0","1"
"POINT (9.949467416000060 53.581306702000099)","Unfall 152260 (2022) Kat:3, Licht: 0","152260","3","7","0","12","12","5","","0","1","0","0","0"
"POINT (9.865707936000041 53.592683944999997)","Unfall 152261 (2022) Kat:3, Licht: 0","152261","3","5","4","11","16","4","","0","0","1","0","0"
"POINT (10.092385794000100 53.636026936000100)","Unfall 152262 (2022) Kat:3, Licht: 0","152262","3","5","5","11","14","7","","0","0","1","0","0"
"POINT (9.797050815000031 53.566251561000101)","Unfall 152263 (2022) Kat:3, Licht: 1","152263","3","4","6","10","07","4","","1","0","1","1","0"
"POINT (10.029007996000100 53.554988135000002)","Unfall 152264 (2022) Kat:3, Licht: 0","152264","3","6","4","10","09","7","","0","0","0","0","1"
"POINT (9.995117998000071 53.566755081000103)","Unfall 152265 (2022) Kat:3, Licht: 0","152265","3","7","3","11","10","4","","0","1","1","0","0"
"POINT (10.091688710000000 53.552672952000101)","Unfall 152266 (2022) Kat:3, Licht: 0","152266","3","6","2","09","18","4","","0","0","1","0","0"
"POINT (10.118156432999999 53.606876677999999)","Unfall 152267 (2022) Kat:3, Licht: 0","152267","3","3","5","09","10","4","","0","0","1","0","0"
"POINT (10.067122255000100 53.572121289999998)","Unfall 152268 (2022) Kat:3, Licht: 0","152268","3","4","6","09","12","3","","0","0","1","1","0"
"POINT (10.011038907000099 53.520496759000103)","Unfall 152269 (2022) Kat:3, Licht: 2","152269","3","7","0","09","05","1","","2","0","0","0","0"
"POINT (10.007878875000101 53.455980093000100)","Unfall 152270 (2022) Kat:2, Licht: 2","152270","2","7","7","11","19","4","","2","1","0","0","0"
"POINT (9.954736592000071 53.622408746000097)","Unfall 152271 (2022) Kat:2, Licht: 0","152271","2","2","5","10","16","7","","0","1","1","0","0"
"POINT (10.078560016999999 53.564841565999998)","Unfall 152272 (2022) Kat:3, Licht: 0","152272","3","7","0","09","16","5","","0","1","0","0","0"
"POINT (9.952047989000050 53.554675222000100)","Unfall 152273 (2022) Kat:3, Licht: 2","152273","3","7","0","11","17","2","","2","1","0","0","0"
"POINT (9.933905842000060 53.476740620999998)","Unfall 152274 (2022) Kat:3, Licht: 0","152274","3","6","3","11","15","3","","0","0","1","0","0"
"POINT (10.099330778000001 53.538535856000102)","Unfall 152275 (2022) Kat:3, Licht: 2","152275","3","2","2","11","00","5","","2","0","1","0","0"
"POINT (10.098085110000101 53.591272560000000)","Unfall 152276 (2022) Kat:3, Licht: 0","152276","3","3","5","10","11","6","","0","1","0","0","0"
"POINT (10.020871204000100 53.563659752000000)","Unfall 152277 (2022) Kat:3, Licht: 2","152277","3","3","5","11","18","2","","2","0","1","0","0"
"POINT (9.986731149000040 53.562366286000000)","Unfall 152278 (2022) Kat:3, Licht: 0","152278","3","7","0","10","14","2","","0","1","0","0","0"
"POINT (9.967358218000070 53.557358915000101)","Unfall 152279 (2022) Kat:3, Licht: 0","152279","3","3","6","09","09","3","","0","1","0","1","0"
"POINT (10.025873571000000 53.607907703000102)","Unfall 152280 (2022) Kat:3, Licht: 0","152280","3","6","2","09","09","2","","0","0","1","0","0"
"POINT (10.057932203000099 53.610151207999998)","Unfall 152281 (2022) Kat:3, Licht: 0","152281","3","2","3","10","12","6","","0","0","0","0","1"
"POINT (9.979385502000071 53.544331749000001)","Unfall 152282 (2022) Kat:3, Licht: 2","152282","3","6","4","11","18","2","","2","1","0","0","0"
"POINT (9.969870580000080 53.516127954000098)","Unfall 152283 (2022) Kat:3, Licht: 0","152283","3","6","2","09","12","4","","0","0","0","0","1"
"POINT (10.136363353000000 53.572244586000103)","Unfall 152284 (2022) Kat:3, Licht: 0","152284","3","2","3","09","15","2","","0","0","1","0","0"
"POINT (10.036943728000001 53.565176983000100)","Unfall 152285 (2022) Kat:3, Licht: 2","152285","3","3","5","10","04","1","","2","0","1","0","0"
"POINT (9.942007976000070 53.599139158000099)","Unfall 152286 (2022) Kat:3, Licht: 2","152286","3","6","2","11","06","6","","2","1","1","0","0"
"POINT (10.078318450999999 53.550288686999998)","Unfall 152287 (2022) Kat:2, Licht: 0","152287","2","7","0","10","14","7","","0","0","1","0","0"
"POINT (9.945888462000029 53.576462630000002)","Unfall 152288 (2022) Kat:3, Licht: 0","152288","3","7","0","10","13","5","","0","1","0","0","0"
"POINT (10.115560426000100 53.607364464000099)","Unfall 152289 (2022) Kat:3, Licht: 0","152289","3","2","3","11","15","6","","0","0","1","0","0"
"POINT (10.090012300000099 53.665236958999998)","Unfall 152290 (2022) Kat:3, Licht: 0","152290","3","2","2","10","07","2","","0","0","1","0","0"
"POINT (10.186809016000000 53.490549902000097)","Unfall 152291 (2022) Kat:3, Licht: 0","152291","3","3","5","09","07","6","","0","1","1","0","0"
"POINT (10.062483466000099 53.608650403000098)","Unfall 152292 (2022) Kat:3, Licht: 2","152292","3","7","0","09","00","7","","2","0","0","0","0"
"POINT (10.015316543000001 53.561195308000002)","Unfall 152293 (2022) Kat:2, Licht: 0","152293","2","5","3","11","13","5","","0","1","1","0","0"
"POINT (10.102430378000101 53.580053462000102)","Unfall 152294 (2022) Kat:3, Licht: 2","152294","3","2","4","10","19","4","","2","0","1","0","0"
"POINT (10.080722480000100 53.585339497000099)","Unfall 152295 (2022) Kat:3, Licht: 0","152295","3","6","2","10","08","5","","0","0","1","0","0"
"POINT (10.049810899000001 53.585517664000101)","Unfall 152296 (2022) Kat:3, Licht: 0","152296","3","7","8","09","08","6","","0","0","1","0","0"
"POINT (9.950258009000040 53.640353441999999)","Unfall 152297 (2022) Kat:3, Licht: 0","152297","3","3","6","09","12","5","","0","0","1","1","0"
"POINT (10.064462040000000 53.573395828000102)","Unfall 152298 (2022) Kat:3, Licht: 0","152298","3","3","5","11","14","7","","0","0","1","0","0"
"POINT (9.975273503000039 53.544892105000002)","Unfall 152299 (2022) Kat:3, Licht: 0","152299","3","7","0","09","13","1","","0","1","0","0","0"
"POINT (9.933363232000030 53.589481243000101)","Unfall 152300 (2022) Kat:3, Licht: 0","152300","3","3","5","09","15","1","","0","1","0","0","0"
"POINT (9.921494355000050 53.591384172000097)","Unfall 152301 (2022) Kat:3, Licht: 0","152301","3","2","4","12","16","6","","0","0","1","0","0"
"POINT (9.948167503000040 53.594828829999997)","Unfall 152302 (2022) Kat:3, Licht: 0","152302","3","6","2","11","12","4","","0","0","1","0","0"
"POINT (9.904493516000059 53.587921946000101)","Unfall 152303 (2022) Kat:3, Licht: 0","152303","3","5","5","11","15","1","","0","1","1","0","0"
"POINT (10.038913666999999 53.607198678000003)","Unfall 152304 (2022) Kat:3, Licht: 2","152304","3","1","0","10","18","6","","2","1","0","0","0"
"POINT (9.989080717000039 53.589500783000098)","Unfall 152305 (2022) Kat:3, Licht: 0","152305","3","2","4","10","08","4","","0","1","0","0","0"
"POINT (9.984627154000069 53.604537800000102)","Unfall 152306 (2022) Kat:3, Licht: 0","152306","3","5","5","10","15","2","","0","1","1","0","0"
"POINT (10.038174722000100 53.576701274000101)","Unfall 152307 (2022) Kat:3, Licht: 0","152307","3","3","5","11","14","5","","0","1","1","0","0"
"POINT (9.993441115000049 53.558791922000097)","Unfall 152308 (2022) Kat:3, Licht: 1","152308","3","6","2","10","06","6","","1","0","1","0","0"
"POINT (9.907098954000050 53.567097398999998)","Unfall 152309 (2022) Kat:3, Licht: 0","152309","3","2","6","09","13","4","","0","1","0","1","0"
"POINT (10.004073312999999 53.554129417000098)","Unfall 152310 (2022) Kat:3, Licht: 0","152310","3","2","4","09","15","4","","0","1","1","0","0"
"POINT (10.024492169000000 53.654638413000001)","Unfall 152311 (2022) Kat:3, Licht: 0","152311","3","6","3","10","09","4","","0","1","1","0","0"
"POINT (10.087759394000001 53.610645908000002)","Unfall 152312 (2022) Kat:3, Licht: 0","152312","3","7","0","09","10","3","","0","1","0","0","0"
"POINT (9.962650806000060 53.549491519000100)","Unfall 152313 (2022) Kat:3, Licht: 0","152313","3","1","0","09","09","3","","0","1","0","0","0"
"POINT (9.892897690000041 53.557419000000003)","Unfall 152314 (2022) Kat:3, Licht: 2","152314","3","2","3","11","18","5","","2","1","1","0","0"
"POINT (10.107755269000100 53.534202628000102)","Unfall 152315 (2022) Kat:3, Licht: 0","152315","3","2","3","09","12","6","","0","0","1","0","1"
"POINT (9.967973804000049 53.557360678000101)","Unfall 152316 (2022) Kat:3, Licht: 0","152316","3","3","0","09","17","7","","0","0","1","0","1"
"POINT (9.991792635000021 53.555547758000003)","Unfall 152317 (2022) Kat:3, Licht: 0","152317","3","4","6","11","12","4","","0","0","1","1","0"
"POINT (9.937075224000070 53.546196903000101)","Unfall 152318 (2022) Kat:3, Licht: 2","152318","3","5","5","11","18","3","","2","0","1","0","0"
"POINT (10.061400739000000 53.579443978000000)","Unfall 152319 (2022) Kat:3, Licht: 0","152319","3","2","3","11","13","6","","0","1","0","0","0"
"POINT (9.748727529000060 53.579255269000001)","Unfall 152320 (2022) Kat:3, Licht: 0","152320","3","6","6","11","10","4","","0","0","1","1","0"
"POINT (9.868670569000070 53.579390879000101)","Unfall 152321 (2022) Kat:3, Licht: 0","152321","3","3","5","10","13","2","","0","1","1","0","0"
"POINT (10.102555921000000 53.580081525000097)","Unfall 152322 (2022) Kat:3, Licht: 2","152322","3","2","4","10","20","2","","2","1","1","0","0"
"POINT (9.955243106000070 53.456872386999997)","Unfall 152323 (2022) Kat:3, Licht: 0","152323","3","2","5","10","15","5","","0","1","1","0","0"
"POINT (9.876363163000059 53.553737013999999)","Unfall 152324 (2022) Kat:3, Licht: 0","152324","3","3","5","11","09","4","","0","1","1","0","0"
"POINT (10.132848762000000 53.605356434000001)","Unfall 152325 (2022) Kat:3, Licht: 0","152325","3","2","5","09","15","3","","0","0","1","0","1"
"POINT (10.007704792000000 53.497384208000000)","Unfall 152326 (2022) Kat:3, Licht: 0","152326","3","7","0","09","15","2","","0","0","0","0","0"
"POINT (10.044759439000099 53.597050621000101)","Unfall 152327 (2022) Kat:3, Licht: 0","152327","3","2","3","10","10","2","","0","1","0","0","0"
"POINT (10.013012169000000 53.560887244000099)","Unfall 152328 (2022) Kat:3, Licht: 0","152328","3","6","3","09","07","3","","0","0","1","0","1"
"POINT (9.948966408000050 53.618319442000001)","Unfall 152329 (2022) Kat:3, Licht: 0","152329","3","3","5","11","14","3","","0","0","1","1","0"
"POINT (10.196588783999999 53.488908512000101)","Unfall 152330 (2022) Kat:3, Licht: 0","152330","3","5","5","09","14","5","","0","1","0","0","0"
"POINT (10.013076472000000 53.579665417000101)","Unfall 152331 (2022) Kat:3, Licht: 0","152331","3","6","2","11","15","2","","0","1","0","0","0"
"POINT (10.130217370000000 53.599722127000099)","Unfall 152332 (2022) Kat:3, Licht: 2","152332","3","2","3","10","22","6","","2","0","1","0","0"
"POINT (9.918105666000031 53.579816961000098)","Unfall 152333 (2022) Kat:3, Licht: 0","152333","3","5","5","10","16","5","","0","1","1","0","0"
"POINT (10.083942118000000 53.546777259000102)","Unfall 152334 (2022) Kat:2, Licht: 2","152334","2","4","6","11","17","3","","2","0","0","1","0"
"POINT (10.009287421000099 53.581392482000098)","Unfall 152335 (2022) Kat:3, Licht: 0","152335","3","2","4","10","08","3","","0","1","1","0","0"
"POINT (10.024287640000100 53.580789206000098)","Unfall 152336 (2022) Kat:3, Licht: 0","152336","3","3","5","09","08","2","","0","1","1","0","0"
"POINT (9.980353540000070 53.453357906000100)","Unfall 152337 (2022) Kat:3, Licht: 0","152337","3","4","6","09","15","6","","0","0","1","1","0"
"POINT (9.841597146000030 53.576144854000098)","Unfall 152338 (2022) Kat:3, Licht: 2","152338","3","7","0","10","01","5","","2","0","1","0","0"
"POINT (10.109291369000101 53.707615085000000)","Unfall 152339 (2022) Kat:2, Licht: 0","152339","2","5","6","09","11","4","","0","0","1","1","0"
"POINT (10.084261824000100 53.554906832000000)","Unfall 152340 (2022) Kat:2, Licht: 2","152340","2","3","5","11","19","2","","2","0","0","0","1"
"POINT (10.107698088000101 53.708509071999998)","Unfall 152341 (2022) Kat:3, Licht: 0","152341","3","2","4","09","17","2","","0","1","1","0","0"
"POINT (10.152600753000099 53.596521386000099)","Unfall 152342 (2022) Kat:3, Licht: 0","152342","3","2","2","09","18","1","","0","0","1","0","0"
"POINT (10.023252109000101 53.567857856000003)","Unfall 152343 (2022) Kat:3, Licht: 2","152343","3","6","2","12","19","2","","2","0","1","0","0"
"POINT (9.962027254000080 53.467372571000098)","Unfall 152344 (2022) Kat:3, Licht: 1","152344","3","1","0","10","17","6","","1","0","0","0","1"
"POINT (9.948293859000049 53.578199451000003)","Unfall 152345 (2022) Kat:3, Licht: 2","152345","3","5","3","11","20","6","","2","1","1","0","0"
"POINT (10.023019066000099 53.567617888000001)","Unfall 152346 (2022) Kat:3, Licht: 0","152346","3","2","3","09","17","3","","0","1","1","0","0"
"POINT (9.811153814000020 53.560604725000097)","Unfall 152347 (2022) Kat:3, Licht: 1","152347","3","3","5","09","19","1","","1","1","1","0","0"
"POINT (10.096678570000099 53.569032491000002)","Unfall 152348 (2022) Kat:3, Licht: 2","152348","3","2","2","11","19","2","","2","0","1","0","0"
"POINT (9.950043257000059 53.566318173000099)","Unfall 152349 (2022) Kat:3, Licht: 0","152349","3","7","3","10","18","1","","0","1","1","0","0"
"POINT (10.129416782000000 53.536326502000101)","Unfall 152350 (2022) Kat:3, Licht: 0","152350","3","4","6","09","07","5","","0","0","1","1","0"
"POINT (9.962924066000030 53.556768964000099)","Unfall 152351 (2022) Kat:3, Licht: 2","152351","3","6","6","11","01","1","","2","0","0","1","0"
"POINT (10.158003473000100 53.605555758000001)","Unfall 152352 (2022) Kat:3, Licht: 1","152352","3","1","0","10","07","7","","1","0","0","0","1"
"POINT (9.889936667000031 53.601603836999999)","Unfall 152353 (2022) Kat:3, Licht: 0","152353","3","3","5","10","17","4","","0","0","1","0","0"
"POINT (9.950794098000070 53.546357844000099)","Unfall 152354 (2022) Kat:3, Licht: 0","152354","3","3","5","11","07","2","","0","1","0","0","0"
"POINT (10.006938789000101 53.611334802000002)","Unfall 152355 (2022) Kat:3, Licht: 0","152355","3","7","0","10","09","2","","0","1","0","0","0"
"POINT (9.865343444000080 53.599224611000103)","Unfall 152356 (2022) Kat:3, Licht: 0","152356","3","4","6","09","18","2","","0","0","0","1","1"
"POINT (10.079390963000000 53.549913923000098)","Unfall 152357 (2022) Kat:3, Licht: 0","152357","3","6","2","09","19","6","","0","0","1","0","0"
"POINT (9.967031633000030 53.549924803000103)","Unfall 152358 (2022) Kat:3, Licht: 2","152358","3","1","0","10","02","7","","2","0","0","0","0"
"POINT (9.936784020000060 53.547346486000002)","Unfall 152359 (2022) Kat:3, Licht: 0","152359","3","7","0","11","13","3","","0","1","0","0","0"
"POINT (10.134259714000100 53.540015400000101)","Unfall 152360 (2022) Kat:3, Licht: 0","152360","3","5","5","09","07","1","","0","1","0","0","0"
"POINT (10.007935669000100 53.555164435000101)","Unfall 152361 (2022) Kat:3, Licht: 0","152361","3","6","3","09","13","3","","0","0","1","0","0"
"POINT (9.918924255000039 53.590788074999999)","Unfall 152362 (2022) Kat:3, Licht: 2","152362","3","2","6","12","05","3","","2","0","1","1","0"
"POINT (10.107767080000000 53.641644078000098)","Unfall 152363 (2022) Kat:3, Licht: 0","152363","3","1","0","10","11","7","","0","1","0","0","0"
"POINT (10.066680687000000 53.650614611999998)","Unfall 152364 (2022) Kat:2, Licht: 2","152364","2","5","1","11","01","7","","2","0","1","0","0"
"POINT (10.057814601000100 53.569855217000097)","Unfall 152365 (2022) Kat:2, Licht: 2","152365","2","7","3","10","19","5","","2","0","1","0","0"
"POINT (9.968934409000040 53.557342973000097)","Unfall 152366 (2022) Kat:3, Licht: 0","152366","3","6","2","10","15","3","","0","0","1","0","0"
"POINT (10.208140701000000 53.484698286000103)","Unfall 152367 (2022) Kat:3, Licht: 0","152367","3","3","5","11","14","6","","0","0","1","0","0"
"POINT (10.140396544000099 53.628823404000102)","Unfall 152368 (2022) Kat:3, Licht: 2","152368","3","3","5","10","19","1","","2","0","1","0","0"
"POINT (10.026171324000099 53.631750410999999)","Unfall 152369 (2022) Kat:3, Licht: 0","152369","3","6","0","09","10","6","","0","0","0","1","0"
"POINT (9.883646106000070 53.557308478000003)","Unfall 152370 (2022) Kat:2, Licht: 0","152370","2","1","6","09","09","5","","0","0","1","1","0"
"POINT (10.099315433000100 53.588030975999999)","Unfall 152371 (2022) Kat:3, Licht: 2","152371","3","6","3","11","07","4","","2","0","1","0","0"
"POINT (10.007543720999999 53.497065575000100)","Unfall 152372 (2022) Kat:3, Licht: 0","152372","3","3","5","10","14","4","","0","0","0","0","0"
"POINT (10.078147420000100 53.584659971000100)","Unfall 152373 (2022) Kat:3, Licht: 0","152373","3","6","2","10","10","4","","0","0","1","0","0"
"POINT (9.881946357000061 53.600965233000103)","Unfall 152374 (2022) Kat:3, Licht: 0","152374","3","6","3","09","14","5","","0","1","0","0","0"
"POINT (9.966965847000040 53.596157239000000)","Unfall 152375 (2022) Kat:3, Licht: 0","152375","3","3","5","09","07","4","","0","1","1","0","0"
"POINT (10.119766976999999 53.603948113000101)","Unfall 152376 (2022) Kat:3, Licht: 2","152376","3","6","2","11","18","6","","2","0","1","0","0"
"POINT (10.124811082000100 53.586250872999997)","Unfall 152377 (2022) Kat:3, Licht: 1","152377","3","2","4","09","19","7","","1","0","1","0","0"
"POINT (10.048225234000000 53.591590973999999)","Unfall 152378 (2022) Kat:3, Licht: 0","152378","3","7","1","09","10","2","","0","1","1","0","0"
"POINT (9.972898970000070 53.581119957000098)","Unfall 152379 (2022) Kat:3, Licht: 2","152379","3","1","1","12","04","7","","2","0","1","0","0"
"POINT (10.006337521000001 53.586103013000098)","Unfall 152380 (2022) Kat:3, Licht: 0","152380","3","3","5","11","10","3","","0","0","1","0","0"
"POINT (9.959968412000020 53.570604758000101)","Unfall 152381 (2022) Kat:3, Licht: 0","152381","3","2","5","11","15","7","","0","1","1","0","0"
"POINT (9.883523385000050 53.601044250000001)","Unfall 152382 (2022) Kat:3, Licht: 2","152382","3","4","6","10","18","3","","2","0","1","1","0"
"POINT (9.998627149000070 53.608943655000097)","Unfall 152383 (2022) Kat:2, Licht: 0","152383","2","7","0","10","15","1","","0","1","0","0","0"
"POINT (9.900431059000031 53.610863616000103)","Unfall 152384 (2022) Kat:3, Licht: 0","152384","3","6","3","11","09","5","","0","0","1","0","1"
"POINT (10.161489520000000 53.489582997000099)","Unfall 152385 (2022) Kat:3, Licht: 1","152385","3","3","5","10","19","5","","1","0","1","0","0"
"POINT (9.948773039000059 53.587795257000003)","Unfall 152386 (2022) Kat:2, Licht: 0","152386","2","3","5","09","08","4","","0","1","1","0","0"
"POINT (9.954013744000060 53.553788926000003)","Unfall 152387 (2022) Kat:3, Licht: 0","152387","3","3","5","09","11","5","","0","0","1","0","0"
"POINT (9.947793038000039 53.586848392000000)","Unfall 152388 (2022) Kat:3, Licht: 0","152388","3","4","6","10","16","4","","0","1","0","1","0"
"POINT (9.864253112000030 53.570068433000102)","Unfall 152389 (2022) Kat:3, Licht: 0","152389","3","5","5","09","10","4","","0","1","1","0","0"
"POINT (10.010968277000099 53.578966439000098)","Unfall 152390 (2022) Kat:3, Licht: 0","152390","3","5","1","09","08","3","","0","0","1","0","1"
"POINT (10.097050306000000 53.588609426000097)","Unfall 152391 (2022) Kat:3, Licht: 2","152391","3","6","3","11","23","5","","2","0","1","0","0"
"POINT (10.002090719000000 53.439517006000102)","Unfall 152392 (2022) Kat:3, Licht: 1","152392","3","4","6","10","19","7","","1","0","1","1","0"
"POINT (10.098132066000099 53.575874720000101)","Unfall 152393 (2022) Kat:3, Licht: 2","152393","3","5","1","09","22","7","","2","0","1","0","0"