WKT,Name,OBJECTID,UKATEGORIE,UTYP1,UART,UMONAT,USTUNDE,UWOCHENTAG,STRZUSTAND,ULICHTVERH,ISTRAD,ISTPKW,ISTFUSS,ISTKRAD
"POINT (10.209019598999999 53.490012233000101)","Unfall 152394 (2022) Kat:3, Licht: 2","152394","3","3","5","11","18","4","","2","1","1","0","0"
"POINT (10.030514625000000 53.580074089999997)","Unfall 152395 (2022) Kat:3, Licht: 2","152395","3","1","0","10","18","2","","2","1","0","0","0"
"POINT (10.072317320000000 53.597472543000002)","Unfall 152396 (2022) Kat:3, Licht: 1","152396","3","3","5","11","16","5","","1","0","0","0","0"
"POINT (10.004067054000100 53.546630752000098)","Unfall 152397 (2022) Kat:3, Licht: 0","152397","3","3","5","11","09","4","","0","1","1","0","0"
"POINT (10.090575281000000 53.666729943000099)","Unfall 152398 (2022) Kat:3, Licht: 1","152398","3","5","1","10","06","1","","1","0","1","0","0"
"POINT (10.018626225000000 53.564857080000102)","Unfall 152399 (2022) Kat:3, Licht: 1","152399","3","3","6","10","08","2","","1","1","0","1","0"
"POINT (10.201891313000001 53.488977012000099)","Unfall 152400 (2022) Kat:3, Licht: 0","152400","3","2","4","10","12","6","","0","0","1","0","0"
"POINT (9.984814601000039 53.583206415000099)","Unfall 152401 (2022) Kat:3, Licht: 0","152401","3","2","3","11","11","4","","0","1","1","0","0"
"POINT (9.976294796000049 53.562393201000098)","Unfall 152402 (2022) Kat:3, Licht: 0","152402","3","4","6","09","18","3","","0","1","0","1","0"
"POINT (10.046799536000000 53.588555653000100)","Unfall 152403 (2022) Kat:3, Licht: 0","152403","3","2","5","09","17","3","","0","1","0","0","0"
"POINT (9.948991207000059 53.582370120000100)","Unfall 152404 (2022) Kat:3, Licht: 0","152404","3","7","0","10","16","3","","0","1","0","0","0"
"POINT (10.169992067000100 53.595252612000102)","Unfall 152405 (2022) Kat:3, Licht: 2","152405","3","7","0","11","17","3","","2","0","0","0","1"
"POINT (9.901050423000070 53.625483385000102)","Unfall 152406 (2022) Kat:3, Licht: 0","152406","3","2","4","11","13","2","","0","1","1","0","0"
"POINT (10.055769194000000 53.591382383000102)","Unfall 152407 (2022) Kat:3, Licht: 0","152407","3","2","4","10","13","6","","0","1","1","0","0"
"POINT (10.024310292999999 53.565033687000003)","Unfall 152408 (2022) Kat:3, Licht: 0","152408","3","7","3","10","14","5","","0","1","1","0","0"
"POINT (10.024264295000000 53.564896240000103)","Unfall 152409 (2022) Kat:3, Licht: 0","152409","3","2","3","11","08","2","","0","1","1","0","0"
"POINT (9.937134431000061 53.564581287000102)","Unfall 152410 (2022) Kat:3, Licht: 2","152410","3","5","1","10","04","6","","2","1","1","0","0"
"POINT (9.966230134000060 53.569328134000003)","Unfall 152411 (2022) Kat:3, Licht: 0","152411","3","2","4","10","13","3","","0","0","1","0","1"
"POINT (10.159133043000100 53.646144300000103)","Unfall 152412 (2022) Kat:3, Licht: 0","152412","3","7","0","09","19","2","","0","0","0","0","1"
"POINT (9.848645583000060 53.587057726000097)","Unfall 152413 (2022) Kat:3, Licht: 0","152413","3","3","5","09","18","1","","0","1","1","0","0"
"POINT (10.011296693000100 53.560082911000102)","Unfall 152414 (2022) Kat:3, Licht: 0","152414","3","2","3","11","07","4","","0","1","1","0","0"
"POINT (10.106851337000000 53.662560601000102)","Unfall 152415 (2022) Kat:3, Licht: 0","152415","3","5","1","10","11","4","","0","0","1","0","0"
"POINT (10.169819736000001 53.597983231000100)","Unfall 152416 (2022) Kat:3, Licht: 0","152416","3","3","5","10","13","4","","0","1","0","0","0"
"POINT (9.887616278000049 53.565303622000002)","Unfall 152417 (2022) Kat:3, Licht: 0","152417","3","6","4","09","13","4","","0","1","0","0","0"
"POINT (9.950160733000081 53.574378406999998)","Unfall 152418 (2022) Kat:3, Licht: 2","152418","3","3","5","11","06","2","","2","1","1","0","0"
"POINT (10.104207372000101 53.586124809000097)","Unfall 152419 (2022) Kat:3, Licht: 2","152419","3","6","6","09","00","1","","2","1","0","1","0"
"POINT (9.952774011000029 53.616677078000102)","Unfall 152420 (2022) Kat:3, Licht: 0","152420","3","5","1","09","14","2","","0","1","1","0","0"
"POINT (10.115662391000100 53.571023046999997)","Unfall 152421 (2022) Kat:3, Licht: 2","152421","3","3","5","12","16","2","","2","0","1","0","0"
"POINT (9.996741298000069 53.560927761000102)","Unfall 152422 (2022) Kat:3, Licht: 1","152422","3","5","1","11","17","5","","1","0","1","0","0"
"POINT (9.961338709000071 53.549873355000003)","Unfall 152423 (2022) Kat:3, Licht: 0","152423","3","4","6","10","12","1","","0","0","1","1","0"
"POINT (9.944089306000020 53.617088957000099)","Unfall 152424 (2022) Kat:3, Licht: 2","152424","3","1","8","11","22","7","","2","0","1","0","0"
"POINT (9.947346667000030 53.574476904000100)","Unfall 152425 (2022) Kat:3, Licht: 0","152425","3","5","1","10","11","5","","0","0","1","0","0"
"POINT (10.135726329000001 53.570730518000097)","Unfall 152426 (2022) Kat:3, Licht: 0","152426","3","4","6","10","16","3","","0","0","1","1","0"
"POINT (10.175943671000001 53.651444064000003)","Unfall 152427 (2022) Kat:3, Licht: 0","152427","3","3","5","11","13","6","","0","1","1","0","0"
"POINT (9.943582019000081 53.582179312000100)","Unfall 152428 (2022) Kat:2, Licht: 2","152428","2","1","0","10","01","1","","2","1","0","0","0"
"POINT (10.030881875000000 53.571927586000101)","Unfall 152429 (2022) Kat:3, Licht: 0","152429","3","3","5","09","12","6","","0","1","1","0","0"
"POINT (10.040917540000100 53.608117684000000)","Unfall 152430 (2022) Kat:3, Licht: 0","152430","3","3","5","09","17","5","","0","0","1","0","0"
"POINT (9.981048583000071 53.591147876000001)","Unfall 152431 (2022) Kat:3, Licht: 0","152431","3","5","3","11","13","5","","0","0","1","0","0"
"POINT (10.024052752999999 53.529452577000001)","Unfall 152432 (2022) Kat:3, Licht: 1","152432","3","6","3","10","07","3","","1","0","1","0","0"
"POINT (9.993936738000061 53.500980937000101)","Unfall 152433 (2022) Kat:3, Licht: 1","152433","3","4","6","09","06","5","","1","0","1","1","0"
"POINT (10.017697491000000 53.552071345999998)","Unfall 152434 (2022) Kat:3, Licht: 0","152434","3","3","5","09","17","4","","0","1","1","0","0"
"POINT (10.023292074000000 53.558654722000000)","Unfall 152435 (2022) Kat:3, Licht: 0","152435","3","2","3","11","09","6","","0","1","1","0","0"
"POINT (9.959276445000061 53.563415126000102)","Unfall 152436 (2022) Kat:3, Licht: 0","152436","3","7","0","09","09","7","","0","1","0","0","0"
"POINT (9.923629038000060 53.599583993000103)","Unfall 152437 (2022) Kat:3, Licht: 0","152437","3","7","0","09","13","7","","0","1","0","0","0"
"POINT (10.050485914999999 53.611236531000003)","Unfall 152438 (2022) Kat:3, Licht: 2","152438","3","1","0","12","23","6","","2","0","0","0","0"
"POINT (9.981146552000039 53.421091189000002)","Unfall 152439 (2022) Kat:3, Licht: 0","152439","3","6","2","11","12","3","","0","0","1","0","0"
"POINT (10.147283141000100 53.668088860000097)","Unfall 152440 (2022) Kat:3, Licht: 0","152440","3","6","2","11","14","7","","0","0","1","0","0"
"POINT (10.160968277000100 53.596679761000097)","Unfall 152441 (2022) Kat:3, Licht: 0","152441","3","3","5","10","08","3","","0","0","1","0","1"
"POINT (9.976784691000031 53.578102956000102)","Unfall 152442 (2022) Kat:2, Licht: 0","152442","2","3","5","10","14","1","","0","0","1","1","0"
"POINT (9.905926667000070 53.567699232000102)","Unfall 152443 (2022) Kat:3, Licht: 2","152443","3","6","2","11","17","6","","2","0","1","0","0"
"POINT (9.929019059000041 53.629386400999998)","Unfall 152444 (2022) Kat:3, Licht: 0","152444","3","6","6","09","16","4","","0","1","0","1","0"
"POINT (10.106465370000000 53.538037824000099)","Unfall 152445 (2022) Kat:3, Licht: 0","152445","3","6","2","09","18","3","","0","0","1","0","0"
"POINT (10.135647777000001 53.571018752999997)","Unfall 152446 (2022) Kat:3, Licht: 2","152446","3","6","4","10","06","5","","2","1","0","0","0"
"POINT (10.118647809000000 53.559653117000003)","Unfall 152447 (2022) Kat:3, Licht: 2","152447","3","5","1","10","19","2","","2","0","1","0","0"
"POINT (10.040694505999999 53.555570223000103)","Unfall 152448 (2022) Kat:3, Licht: 0","152448","3","2","4","11","11","6","","0","0","1","0","0"
"POINT (10.051301061000100 53.610339619999998)","Unfall 152449 (2022) Kat:2, Licht: 2","152449","2","4","9","10","21","1","","2","0","1","1","0"
"POINT (9.917435818000060 53.545929174000001)","Unfall 152450 (2022) Kat:3, Licht: 0","152450","3","2","4","09","14","6","","0","0","1","0","0"
"POINT (10.180348390000100 53.589084945000103)","Unfall 152451 (2022) Kat:3, Licht: 2","152451","3","5","6","09","21","5","","2","0","0","1","0"
"POINT (10.055071011000100 53.555448036000001)","Unfall 152452 (2022) Kat:3, Licht: 2","152452","3","4","6","11","18","4","","2","0","1","1","0"
"POINT (9.939954838000061 53.554013031000103)","Unfall 152453 (2022) Kat:2, Licht: 0","152453","2","7","0","10","16","5","","0","1","0","0","0"
"POINT (10.169956580000100 53.625628731000099)","Unfall 152454 (2022) Kat:3, Licht: 2","152454","3","1","9","10","19","3","","2","0","1","0","0"
"POINT (9.973591375000071 53.454781396000001)","Unfall 152455 (2022) Kat:3, Licht: 1","152455","3","1","0","09","18","5","","1","1","0","0","0"
"POINT (10.045592902000100 53.579018095999999)","Unfall 152456 (2022) Kat:3, Licht: 0","152456","3","5","5","09","18","3","","0","0","1","0","1"
"POINT (9.876339190000071 53.505419935000099)","Unfall 152457 (2022) Kat:3, Licht: 2","152457","3","5","1","11","17","6","","2","0","1","0","0"
"POINT (10.090834141000100 53.549122049000097)","Unfall 152458 (2022) Kat:3, Licht: 2","152458","3","4","6","09","01","7","","2","0","0","1","0"
"POINT (9.933140990000030 53.545635044000100)","Unfall 152459 (2022) Kat:2, Licht: 0","152459","2","6","4","09","20","7","","0","1","0","0","0"
"POINT (10.162939069000100 53.649442788999998)","Unfall 152460 (2022) Kat:3, Licht: 0","152460","3","5","1","12","12","6","","0","1","1","0","0"
"POINT (10.226395646000100 53.480735852000102)","Unfall 152461 (2022) Kat:3, Licht: 0","152461","3","7","0","11","15","3","","0","1","0","0","0"
"POINT (9.938332923000081 53.639609866000100)","Unfall 152462 (2022) Kat:3, Licht: 0","152462","3","7","0","11","14","1","","0","1","0","0","0"
"POINT (9.977873415000030 53.581821925000000)","Unfall 152463 (2022) Kat:3, Licht: 0","152463","3","7","6","10","13","4","","0","0","0","1","0"
"POINT (10.178861763000000 53.479127716999997)","Unfall 152464 (2022) Kat:3, Licht: 0","152464","3","3","5","10","14","7","","0","0","1","0","0"
"POINT (10.202585284000101 53.486750771000096)","Unfall 152465 (2022) Kat:3, Licht: 0","152465","3","5","0","11","10","5","","0","1","0","0","1"
"POINT (10.197895553000000 53.479572926000102)","Unfall 152466 (2022) Kat:3, Licht: 0","152466","3","2","4","09","08","5","","0","1","1","0","0"
"POINT (10.169937631000000 53.625622920000097)","Unfall 152467 (2022) Kat:3, Licht: 0","152467","3","3","5","09","13","4","","0","1","1","0","0"
"POINT (10.006947651000100 53.520690158000001)","Unfall 152468 (2022) Kat:3, Licht: 0","152468","3","6","2","09","14","3","","0","0","1","0","0"
"POINT (10.088855337000000 53.586922549000100)","Unfall 152469 (2022) Kat:3, Licht: 0","152469","3","5","5","09","16","2","","0","0","1","0","0"
"POINT (10.002438225000001 53.600909377000100)","Unfall 152470 (2022) Kat:3, Licht: 2","152470","3","7","0","11","18","5","","2","1","0","0","0"
"POINT (10.156226072999999 53.614406518000102)","Unfall 152471 (2022) Kat:3, Licht: 0","152471","3","3","5","10","13","7","","0","0","1","0","0"
"POINT (10.147935201999999 53.525023383000097)","Unfall 152472 (2022) Kat:3, Licht: 0","152472","3","3","5","09","12","5","","0","0","1","0","1"
"POINT (10.050189092000000 53.594423358000000)","Unfall 152473 (2022) Kat:3, Licht: 2","152473","3","2","4","11","20","4","","2","0","1","0","0"
"POINT (9.890070832000051 53.595344684000104)","Unfall 152474 (2022) Kat:3, Licht: 2","152474","3","1","0","10","01","1","","2","0","0","0","0"
"POINT (10.064157233000101 53.572492175000001)","Unfall 152475 (2022) Kat:3, Licht: 0","152475","3","2","6","11","11","5","","0","0","1","1","0"
"POINT (9.941527983000070 53.555002651000102)","Unfall 152476 (2022) Kat:3, Licht: 0","152476","3","3","5","10","14","6","","0","1","0","0","0"
"POINT (9.987949989000070 53.596432651999997)","Unfall 152477 (2022) Kat:3, Licht: 0","152477","3","3","5","11","08","4","","0","1","1","0","0"
"POINT (10.033071303000000 53.582685310999999)","Unfall 152478 (2022) Kat:3, Licht: 0","152478","3","2","3","10","18","2","","0","1","1","0","0"
"POINT (9.992595354000059 53.553233671000001)","Unfall 152479 (2022) Kat:3, Licht: 2","152479","3","7","6","10","00","2","","2","0","0","1","0"
"POINT (9.987359923000040 53.590753418000098)","Unfall 152480 (2022) Kat:3, Licht: 0","152480","3","3","5","10","15","6","","0","1","1","0","0"
"POINT (9.922484403000061 53.554235998000102)","Unfall 152481 (2022) Kat:3, Licht: 2","152481","3","6","2","11","18","4","","2","0","1","0","0"
"POINT (10.091126078000100 53.668064911000002)","Unfall 152482 (2022) Kat:2, Licht: 0","152482","2","3","5","09","15","3","","0","0","1","0","0"
"POINT (10.102082233999999 53.551518949000098)","Unfall 152483 (2022) Kat:3, Licht: 0","152483","3","3","5","09","07","3","","0","0","1","0","0"
"POINT (9.970525768000069 53.567389790000000)","Unfall 152484 (2022) Kat:3, Licht: 1","152484","3","3","5","10","07","3","","1","1","1","0","0"
"POINT (10.008229027000000 53.554188968000098)","Unfall 152485 (2022) Kat:3, Licht: 2","152485","3","7","6","11","17","3","","2","0","0","1","0"
"POINT (9.945025587000030 53.548517419000099)","Unfall 152486 (2022) Kat:3, Licht: 0","152486","3","2","3","11","14","3","","0","1","0","0","0"
"POINT (10.100896761000101 53.540299687000100)","Unfall 152487 (2022) Kat:2, Licht: 0","152487","2","3","5","10","09","6","","0","0","1","0","0"
"POINT (9.854411831000050 53.469738129000099)","Unfall 152488 (2022) Kat:3, Licht: 0","152488","3","3","5","10","12","4","","0","0","1","0","1"
"POINT (10.038949483000099 53.607100409000097)","Unfall 152489 (2022) Kat:3, Licht: 0","152489","3","1","0","11","11","2","","0","1","0","0","0"
"POINT (10.093044752000001 53.655127510000099)","Unfall 152490 (2022) Kat:3, Licht: 2","152490","3","6","3","10","20","2","","2","0","1","0","0"
"POINT (10.081583860000000 53.548993615000001)","Unfall 152491 (2022) Kat:3, Licht: 0","152491","3","2","4","09","12","2","","0","0","1","0","1"
"POINT (9.907013553000070 53.602278995000098)","Unfall 152492 (2022) Kat:2, Licht: 0","152492","2","7","0","09","13","7","","0","1","0","0","0"
"POINT (10.041116649000100 53.550887258000003)","Unfall 152493 (2022) Kat:3, Licht: 2","152493","3","4","6","11","18","3","","2","0","0","1","1"
"POINT (9.973669530000050 53.550050600000098)","Unfall 152494 (2022) Kat:3, Licht: 2","152494","3","6","2","10","21","5","","2","0","1","0","0"
"POINT (9.918595304000061 53.577552538000099)","Unfall 152495 (2022) Kat:3, Licht: 0","152495","3","6","2","10","08","5","","0","0","1","0","0"
"POINT (10.079688024000101 53.608413468999998)","Unfall 152496 (2022) Kat:3, Licht: 0","152496","3","6","2","09","08","6","","0","0","1","0","0"
"POINT (10.106695488000099 53.605883386000102)","Unfall 152497 (2022) Kat:2, Licht: 0","152497","2","1","0","09","14","4","","0","0","0","0","1"
"POINT (10.041655892000099 53.607923493000001)","Unfall 152498 (2022) Kat:3, Licht: 2","152498","3","2","3","11","18","3","","2","1","1","0","0"
"POINT (10.180645725000000 53.489540233000099)","Unfall 152499 (2022) Kat:3, Licht: 2","152499","3","7","0","09","02","1","","2","1","0","0","0"
"POINT (10.005213874000001 53.553085962000097)","Unfall 152500 (2022) Kat:3, Licht: 0","152500","3","7","0","09","06","2","","0","0","0","0","0"
"POINT (10.155911050000000 53.614261583000001)","Unfall 152501 (2022) Kat:3, Licht: 2","152501","3","3","5","12","17","2","","2","1","1","0","0"
"POINT (10.060666302000101 53.581798427000102)","Unfall 152502 (2022) Kat:3, Licht: 2","152502","3","1","0","11","17","4","","2","1","0","0","0"
"POINT (9.940652634000060 53.554375438000100)","Unfall 152503 (2022) Kat:3, Licht: 2","152503","3","7","0","10","05","1","","2","0","0","0","0"
"POINT (9.779235436000020 53.522172748000102)","Unfall 152504 (2022) Kat:3, Licht: 0","152504","3","7","8","11","08","6","","0","0","1","0","0"
"POINT (10.026880156000100 53.554484660000099)","Unfall 152505 (2022) Kat:3, Licht: 0","152505","3","5","1","10","12","5","","0","1","1","0","0"
"POINT (10.201917920000000 53.488977026000001)","Unfall 152506 (2022) Kat:3, Licht: 0","152506","3","2","3","10","14","2","","0","1","1","0","0"
"POINT (10.075251425999999 53.557715905000101)","Unfall 152507 (2022) Kat:3, Licht: 2","152507","3","2","5","11","16","5","","2","0","1","0","0"
"POINT (9.935937567000050 53.555726167000003)","Unfall 152508 (2022) Kat:2, Licht: 2","152508","2","7","0","10","03","7","","2","1","0","0","0"
"POINT (9.962173622000019 53.599640106999999)","Unfall 152509 (2022) Kat:3, Licht: 0","152509","3","2","3","09","15","6","","0","1","1","0","0"
"POINT (10.032284901000001 53.624019014000098)","Unfall 152510 (2022) Kat:3, Licht: 0","152510","3","6","2","09","17","5","","0","0","1","0","0"
"POINT (10.049669657000001 53.586956946999997)","Unfall 152511 (2022) Kat:3, Licht: 2","152511","3","6","6","10","23","4","","2","0","0","1","0"
"POINT (10.027706146000099 53.544534712000001)","Unfall 152512 (2022) Kat:3, Licht: 0","152512","3","6","3","09","14","5","","0","0","1","0","1"
"POINT (9.985158628000020 53.550981471000100)","Unfall 152513 (2022) Kat:2, Licht: 1","152513","2","7","0","09","19","3","","1","0","1","0","1"
"POINT (10.015213850000100 53.524150354000000)","Unfall 152514 (2022) Kat:3, Licht: 2","152514","3","7","0","11","22","6","","2","1","0","0","0"
"POINT (10.167939328999999 53.520000994999997)","Unfall 152515 (2022) Kat:3, Licht: 0","152515","3","1","0","09","17","7","","0","1","0","0","0"
"POINT (10.064605480000100 53.639197336000102)","Unfall 152516 (2022) Kat:3, Licht: 0","152516","3","7","0","09","15","7","","0","1","0","0","0"
"POINT (9.906288415000059 53.616457200000099)","Unfall 152517 (2022) Kat:3, Licht: 0","152517","3","6","3","12","11","7","","0","1","1","0","0"
"POINT (9.994167741000069 53.466778908000002)","Unfall 152518 (2022) Kat:3, Licht: 0","152518","3","7","0","11","15","3","","0","1","0","0","0"
"POINT (9.983516939000030 53.584323105000102)","Unfall 152519 (2022) Kat:3, Licht: 0","152519","3","5","1","11","10","2","","0","1","1","0","0"
"POINT (9.878861218000051 53.553420025999998)","Unfall 152520 (2022) Kat:3, Licht: 0","152520","3","6","3","10","08","3","","0","1","1","0","0"
"POINT (10.124880321999999 53.586125596999999)","Unfall 152521 (2022) Kat:3, Licht: 1","152521","3","2","4","10","17","7","","1","0","1","0","0"
"POINT (9.990823188000039 53.560475789000101)","Unfall 152522 (2022) Kat:3, Licht: 0","152522","3","6","2","11","07","4","","0","0","1","0","0"
"POINT (10.180059989000000 53.496213183000101)","Unfall 152523 (2022) Kat:2, Licht: 0","152523","2","3","5","09","07","4","","0","0","1","0","0"
"POINT (9.888502900000050 53.611055061000101)","Unfall 152524 (2022) Kat:3, Licht: 0","152524","3","6","6","09","17","4","","0","0","1","1","0"
"POINT (9.958372150000059 53.582962330000001)","Unfall 152525 (2022) Kat:3, Licht: 2","152525","3","5","1","09","05","3","","2","0","1","0","0"
"POINT (10.068719032000001 53.601262009999999)","Unfall 152526 (2022) Kat:3, Licht: 1","152526","3","2","4","09","06","2","","1","1","1","0","0"
"POINT (10.006166909999999 53.551258355000101)","Unfall 152527 (2022) Kat:3, Licht: 1","152527","3","6","0","11","16","5","","1","1","0","0","0"
"POINT (10.130139528000001 53.599621340000098)","Unfall 152528 (2022) Kat:3, Licht: 0","152528","3","2","4","09","11","6","","0","1","1","0","0"
"POINT (10.157059706000000 53.648725671000101)","Unfall 152529 (2022) Kat:3, Licht: 0","152529","3","6","6","09","13","6","","0","1","0","1","0"
"POINT (9.967877494000049 53.568566842000102)","Unfall 152530 (2022) Kat:3, Licht: 2","152530","3","5","1","11","23","4","","2","0","1","0","0"
"POINT (9.992783473000030 53.447303754000103)","Unfall 152531 (2022) Kat:3, Licht: 0","152531","3","4","6","10","12","7","","0","1","0","1","0"
"POINT (10.110310692000001 53.539303377000103)","Unfall 152532 (2022) Kat:3, Licht: 0","152532","3","5","5","11","15","6","","0","1","1","0","0"
"POINT (10.063006995000000 53.576793515000098)","Unfall 152533 (2022) Kat:3, Licht: 2","152533","3","7","0","10","22","6","","2","1","0","0","0"
"POINT (10.076876159000101 53.655456947000097)","Unfall 152534 (2022) Kat:3, Licht: 1","152534","3","3","5","11","08","2","","1","1","1","0","0"
"POINT (10.003478548000000 53.557119553000099)","Unfall 152535 (2022) Kat:3, Licht: 0","152535","3","6","2","09","13","2","","0","0","1","0","1"
"POINT (10.026246400000000 53.531839839000000)","Unfall 152536 (2022) Kat:3, Licht: 0","152536","3","6","2","10","14","6","","0","0","1","0","0"
"POINT (9.957120616000051 53.565892317000099)","Unfall 152537 (2022) Kat:3, Licht: 1","152537","3","5","5","11","16","3","","1","1","0","0","0"
"POINT (10.160444100000101 53.649954168000100)","Unfall 152538 (2022) Kat:3, Licht: 0","152538","3","6","2","09","10","3","","0","0","1","0","0"
"POINT (10.123435693999999 53.627190889000097)","Unfall 152539 (2022) Kat:3, Licht: 0","152539","3","3","5","09","12","3","","0","0","1","0","0"
"POINT (9.864838155000029 53.572907401000101)","Unfall 152540 (2022) Kat:3, Licht: 1","152540","3","1","0","10","18","1","","1","1","0","0","0"
"POINT (10.128946425000001 53.600649953000101)","Unfall 152541 (2022) Kat:3, Licht: 0","152541","3","5","5","11","11","7","","0","0","1","0","0"
"POINT (9.941052609000050 53.572773561000098)","Unfall 152542 (2022) Kat:3, Licht: 0","152542","3","6","2","10","13","7","","0","0","1","0","0"
"POINT (9.999393298000030 53.469531300000000)","Unfall 152543 (2022) Kat:2, Licht: 0","152543","2","6","4","10","12","5","","0","0","1","0","0"
"POINT (10.092755586000100 53.546612242000002)","Unfall 152544 (2022) Kat:3, Licht: 0","152544","3","2","2","11","09","6","","0","0","1","0","0"
"POINT (9.989898963000030 53.561594669999998)","Unfall 152545 (2022) Kat:3, Licht: 0","152545","3","6","4","10","15","2","","0","1","0","0","0"
"POINT (10.100837445000000 53.540360079000003)","Unfall 152546 (2022) Kat:3, Licht: 0","152546","3","3","5","09","15","6","","0","0","1","0","0"
"POINT (10.182560037000000 53.631006647000000)","Unfall 152547 (2022) Kat:3, Licht: 0","152547","3","2","4","09","13","7","","0","0","1","0","0"
"POINT (9.950598658000050 53.564965477000001)","Unfall 152548 (2022) Kat:3, Licht: 2","152548","3","7","0","11","19","5","","2","1","0","0","0"
"POINT (10.048126578000099 53.567831578000003)","Unfall 152549 (2022) Kat:3, Licht: 2","152549","3","3","5","09","20","3","","2","1","1","0","0"
"POINT (9.988861577000019 53.590877124000002)","Unfall 152550 (2022) Kat:3, Licht: 0","152550","3","1","0","09","15","2","","0","1","0","0","0"
"POINT (9.868827161000070 53.481010617999999)","Unfall 152551 (2022) Kat:3, Licht: 0","152551","3","4","6","11","15","4","","0","1","0","1","0"
"POINT (10.071658417000000 53.571801360999999)","Unfall 152552 (2022) Kat:3, Licht: 2","152552","3","1","7","09","00","6","","2","0","0","0","0"
"POINT (10.019570134000000 53.655834159999998)","Unfall 152553 (2022) Kat:3, Licht: 2","152553","3","7","0","09","05","5","","2","1","0","0","0"
"POINT (10.032090454000100 53.574262972000000)","Unfall 152554 (2022) Kat:2, Licht: 2","152554","2","4","6","11","16","4","","2","0","1","1","0"
"POINT (9.982648599000070 53.544218946000100)","Unfall 152555 (2022) Kat:3, Licht: 0","152555","3","3","5","11","14","3","","0","1","1","0","0"
"POINT (9.970230446000070 53.571677667000102)","Unfall 152556 (2022) Kat:3, Licht: 0","152556","3","4","6","11","08","6","","0","1","0","1","0"
"POINT (10.180579486000100 53.629815706999999)","Unfall 152557 (2022) Kat:3, Licht: 0","152557","3","2","2","10","14","6","","0","0","1","0","0"
"POINT (9.862588433000040 53.597670317999999)","Unfall 152558 (2022) Kat:3, Licht: 0","152558","3","5","1","10","14","6","","0","0","1","0","0"
"POINT (9.902597515000020 53.606540613999996)","Unfall 152559 (2022) Kat:3, Licht: 1","152559","3","2","4","11","07","3","","1","1","1","0","0"
"POINT (9.959123921000071 53.580694278000102)","Unfall 152560 (2022) Kat:2, Licht: 2","152560","2","1","1","10","00","3","","2","0","1","0","0"
"POINT (9.883016827000059 53.593200915000097)","Unfall 152561 (2022) Kat:3, Licht: 0","152561","3","2","9","10","16","7","","0","0","1","0","0"
"POINT (10.000827639000001 53.555538808000101)","Unfall 152562 (2022) Kat:3, Licht: 2","152562","3","3","5","11","16","5","","2","1","1","0","0"
"POINT (9.971263202000049 53.570948268999999)","Unfall 152563 (2022) Kat:3, Licht: 0","152563","3","6","2","09","11","4","","0","0","1","0","0"
"POINT (10.052821287000000 53.604160405000101)","Unfall 152564 (2022) Kat:3, Licht: 1","152564","3","6","0","09","20","3","","1","1","0","0","0"
"POINT (10.068847117000100 53.601290753999997)","Unfall 152565 (2022) Kat:3, Licht: 0","152565","3","2","2","12","12","2","","0","0","1","0","0"
"POINT (10.181530800000100 53.483535670000002)","Unfall 152566 (2022) Kat:3, Licht: 0","152566","3","2","4","10","10","2","","0","0","1","0","0"
"POINT (9.953977460000029 53.553733113000099)","Unfall 152567 (2022) Kat:3, Licht: 2","152567","3","3","5","11","17","4","","2","1","1","0","0"
"POINT (10.170061733000100 53.514036041000097)","Unfall 152568 (2022) Kat:3, Licht: 0","152568","3","6","2","11","14","2","","0","0","1","0","0"
"POINT (10.002099059000001 53.439394450000101)","Unfall 152569 (2022) Kat:3, Licht: 0","152569","3","3","5","10","12","7","","0","0","1","0","0"
"POINT (10.026156627000001 53.552136414000103)","Unfall 152570 (2022) Kat:3, Licht: 0","152570","3","7","5","10","07","4","","0","1","0","0","0"
"POINT (9.988548315000060 53.572683855999998)","Unfall 152571 (2022) Kat:3, Licht: 0","152571","3","3","5","11","11","1","","0","0","1","0","0"
"POINT (9.949016329000070 53.579487057999998)","Unfall 152572 (2022) Kat:3, Licht: 1","152572","3","7","0","10","19","6","","1","0","0","0","1"
"POINT (9.920078021000050 53.563070435999997)","Unfall 152573 (2022) Kat:2, Licht: 0","152573","2","2","2","10","15","3","","0","1","1","0","0"
"POINT (9.978360798000040 53.572419553000003)","Unfall 152574 (2022) Kat:2, Licht: 0","152574","2","1","0","09","16","1","","0","0","0","0","1"
"POINT (10.058132565999999 53.576010197000102)","Unfall 152575 (2022) Kat:3, Licht: 0","152575","3","3","5","09","17","7","","0","0","1","0","0"
"POINT (10.000000096000100 53.607168131999998)","Unfall 152576 (2022) Kat:3, Licht: 0","152576","3","7","0","11","07","5","","0","1","0","0","0"
"POINT (10.101871449000001 53.581356184000100)","Unfall 152577 (2022) Kat:3, Licht: 0","152577","3","5","5","10","12","3","","0","0","1","0","0"
"POINT (9.904276076000031 53.587581837000101)","Unfall 152578 (2022) Kat:3, Licht: 0","152578","3","2","4","10","14","5","","0","1","1","0","0"
"POINT (9.956510223000070 53.582751493000004)","Unfall 152579 (2022) Kat:3, Licht: 0","152579","3","2","5","09","14","6","","0","1","1","0","0"