WKT,Name,OBJECTID,UKATEGORIE,UTYP1,UART,UMONAT,USTUNDE,UWOCHENTAG,STRZUSTAND,ULICHTVERH,ISTRAD,ISTPKW,ISTFUSS,ISTKRAD
"POINT (9.994467918000050 53.564469031999998)","Unfall 152580 (2022) Kat:3, Licht: 0","152580","3","6","2","09","17","5","","0","0","1","0","1"
"POINT (10.121776076000099 53.566102898000103)","Unfall 152581 (2022) Kat:3, Licht: 2","152581","3","6","2","11","19","1","","2","0","1","0","0"
"POINT (10.003876713000100 53.540885320000001)","Unfall 152582 (2022) Kat:3, Licht: 0","152582","3","3","5","09","16","2","","0","0","1","0","0"
"POINT (9.956001544000060 53.549792346000103)","Unfall 152583 (2022) Kat:3, Licht: 2","152583","3","6","2","09","06","1","","2","0","1","0","0"
"POINT (9.958531076000041 53.599177496999999)","Unfall 152584 (2022) Kat:2, Licht: 2","152584","2","2","4","12","00","7","","2","0","1","0","0"
"POINT (9.983654641000040 53.431612692999998)","Unfall 152585 (2022) Kat:3, Licht: 0","152585","3","6","2","11","12","4","","0","0","1","0","0"
"POINT (10.141160216999999 53.583987421000103)","Unfall 152586 (2022) Kat:3, Licht: 0","152586","3","4","6","10","05","6","","0","0","1","1","0"
"POINT (9.976984557000041 53.543997818000001)","Unfall 152587 (2022) Kat:2, Licht: 2","152587","2","1","0","11","04","7","","2","0","1","0","0"
"POINT (10.174540005000001 53.614600725999999)","Unfall 152588 (2022) Kat:3, Licht: 0","152588","3","2","3","10","10","5","","0","1","1","0","0"
"POINT (9.842536750000020 53.465867183999997)","Unfall 152589 (2022) Kat:3, Licht: 2","152589","3","1","0","10","20","3","","2","0","0","0","0"
"POINT (10.108082022000101 53.524526471999998)","Unfall 152590 (2022) Kat:3, Licht: 2","152590","3","6","2","11","19","5","","2","0","1","0","0"
"POINT (10.080593464000099 53.662611997000099)","Unfall 152591 (2022) Kat:3, Licht: 2","152591","3","4","6","10","22","7","","2","0","1","1","0"
"POINT (9.947541976000020 53.555627577999999)","Unfall 152592 (2022) Kat:3, Licht: 0","152592","3","5","5","09","08","6","","0","1","1","0","0"
"POINT (10.014760930000000 53.548190392999999)","Unfall 152593 (2022) Kat:3, Licht: 0","152593","3","6","0","09","13","5","","0","0","1","0","1"
"POINT (10.061971077000100 53.602434612000103)","Unfall 152594 (2022) Kat:3, Licht: 0","152594","3","7","0","10","12","3","","0","1","0","0","0"
"POINT (10.161560342000000 53.600780535000098)","Unfall 152595 (2022) Kat:3, Licht: 0","152595","3","7","6","09","09","4","","0","0","1","1","0"
"POINT (10.032109112000100 53.624931721000102)","Unfall 152596 (2022) Kat:3, Licht: 0","152596","3","1","0","09","07","3","","0","0","0","0","1"
"POINT (10.026588561000001 53.553855758000097)","Unfall 152597 (2022) Kat:3, Licht: 0","152597","3","2","3","11","13","6","","0","1","1","0","0"
"POINT (10.067055084000099 53.639870315000103)","Unfall 152598 (2022) Kat:3, Licht: 2","152598","3","3","5","09","21","7","","2","1","1","0","0"
"POINT (9.987504335000040 53.457063732000101)","Unfall 152599 (2022) Kat:3, Licht: 0","152599","3","6","2","11","18","4","","0","0","1","0","0"
"POINT (9.914940911000031 53.563805604000002)","Unfall 152600 (2022) Kat:3, Licht: 2","152600","3","7","3","11","18","3","","2","1","1","0","0"
"POINT (10.144845433000100 53.608819573000098)","Unfall 152601 (2022) Kat:3, Licht: 0","152601","3","7","0","11","10","7","","0","0","0","0","0"
"POINT (10.046352969999999 53.583151500000000)","Unfall 152602 (2022) Kat:3, Licht: 2","152602","3","2","5","10","19","4","","2","1","0","0","0"
"POINT (10.017608538999999 53.561479862000098)","Unfall 152603 (2022) Kat:3, Licht: 0","152603","3","6","1","10","17","2","","0","0","1","0","0"
"POINT (9.967209780000079 53.546218284000098)","Unfall 152604 (2022) Kat:3, Licht: 2","152604","3","7","0","11","17","5","","2","1","0","0","0"
"POINT (10.108047994000099 53.530077595000101)","Unfall 152605 (2022) Kat:3, Licht: 0","152605","3","2","2","09","16","5","","0","0","1","0","0"
"POINT (10.082579138000000 53.642655677000100)","Unfall 152606 (2022) Kat:3, Licht: 0","152606","3","7","0","09","18","4","","0","1","0","0","0"
"POINT (10.011498512000101 53.609053267000000)","Unfall 152607 (2022) Kat:3, Licht: 2","152607","3","3","5","09","22","4","","2","0","1","0","0"
"POINT (9.845102400000030 53.557127483999999)","Unfall 152608 (2022) Kat:3, Licht: 0","152608","3","3","5","09","12","2","","0","0","1","0","0"
"POINT (10.085047629000000 53.618017641999998)","Unfall 152609 (2022) Kat:3, Licht: 2","152609","3","4","6","11","18","2","","2","0","1","1","0"
"POINT (10.239732440000100 53.475550750000103)","Unfall 152610 (2022) Kat:3, Licht: 0","152610","3","7","0","10","09","7","","0","0","1","0","0"
"POINT (9.946048237000070 53.475320531000101)","Unfall 152611 (2022) Kat:3, Licht: 2","152611","3","7","9","09","21","6","","2","0","0","0","0"
"POINT (10.126977240000000 53.603542902000100)","Unfall 152612 (2022) Kat:3, Licht: 2","152612","3","6","4","11","19","1","","2","0","1","0","0"
"POINT (10.114843630000101 53.556275626000101)","Unfall 152613 (2022) Kat:3, Licht: 0","152613","3","6","3","10","16","7","","0","0","1","0","0"
"POINT (10.082310761000000 53.573321640000103)","Unfall 152614 (2022) Kat:3, Licht: 1","152614","3","5","5","10","07","4","","1","1","0","0","0"
"POINT (9.919423169000030 53.556588132999998)","Unfall 152615 (2022) Kat:3, Licht: 2","152615","3","6","6","11","02","2","","2","0","0","1","0"
"POINT (9.898540167000020 53.612011824000000)","Unfall 152616 (2022) Kat:3, Licht: 2","152616","3","3","3","10","19","3","","2","0","1","0","1"
"POINT (9.979079413000020 53.569821864000097)","Unfall 152617 (2022) Kat:3, Licht: 0","152617","3","7","3","09","09","3","","0","0","1","0","0"
"POINT (10.011682018000000 53.610235837000097)","Unfall 152618 (2022) Kat:3, Licht: 0","152618","3","2","3","09","15","7","","0","1","1","0","0"
"POINT (10.172574204000099 53.607000121000098)","Unfall 152619 (2022) Kat:3, Licht: 0","152619","3","2","4","10","10","6","","0","1","1","0","0"
"POINT (10.019207031000100 53.552893859999998)","Unfall 152620 (2022) Kat:3, Licht: 2","152620","3","7","0","11","06","3","","2","1","0","0","0"
"POINT (10.013002410000100 53.643358207000098)","Unfall 152621 (2022) Kat:3, Licht: 0","152621","3","1","0","09","14","1","","0","0","0","0","1"
"POINT (9.916784677000070 53.592686991000100)","Unfall 152622 (2022) Kat:2, Licht: 0","152622","2","3","5","09","16","3","","0","1","1","0","0"
"POINT (10.188909319000100 53.511408022000097)","Unfall 152623 (2022) Kat:3, Licht: 2","152623","3","1","1","12","17","1","","2","0","1","0","0"
"POINT (10.043154456000000 53.558361041000097)","Unfall 152624 (2022) Kat:3, Licht: 1","152624","3","6","4","10","18","7","","1","1","1","0","0"
"POINT (10.080606219000099 53.611598517000097)","Unfall 152625 (2022) Kat:3, Licht: 2","152625","3","2","6","11","16","7","","2","0","1","1","0"
"POINT (10.010336977000099 53.545460590000097)","Unfall 152626 (2022) Kat:3, Licht: 1","152626","3","3","5","10","16","4","","1","0","1","0","0"
"POINT (9.821377609000020 53.576523043000101)","Unfall 152627 (2022) Kat:3, Licht: 0","152627","3","4","6","10","14","3","","0","0","1","1","0"
"POINT (10.026091174999999 53.568260889999998)","Unfall 152628 (2022) Kat:2, Licht: 0","152628","2","3","5","11","12","6","","0","1","1","0","0"
"POINT (10.081575031000099 53.615363522000102)","Unfall 152629 (2022) Kat:3, Licht: 0","152629","3","7","1","10","14","7","","0","0","1","0","1"
"POINT (9.883337594000070 53.562385468000102)","Unfall 152630 (2022) Kat:3, Licht: 0","152630","3","7","0","09","17","7","","0","1","0","0","0"
"POINT (9.985959124000029 53.463588831999999)","Unfall 152631 (2022) Kat:3, Licht: 0","152631","3","6","4","09","06","6","","0","1","0","0","0"
"POINT (10.095819217000001 53.516550112000097)","Unfall 152632 (2022) Kat:2, Licht: 0","152632","2","6","2","11","14","4","","0","0","1","0","0"
"POINT (9.950902606000060 53.632904787000001)","Unfall 152633 (2022) Kat:3, Licht: 0","152633","3","6","2","10","10","4","","0","1","0","0","0"
"POINT (10.107996881000100 53.711926350000098)","Unfall 152634 (2022) Kat:3, Licht: 0","152634","3","4","6","10","10","5","","0","1","0","1","0"
"POINT (10.008402442000000 53.559044016000001)","Unfall 152635 (2022) Kat:3, Licht: 0","152635","3","6","6","09","15","6","","0","1","0","1","0"
"POINT (9.986410168000081 53.547465525000099)","Unfall 152636 (2022) Kat:3, Licht: 0","152636","3","6","3","09","10","5","","0","0","1","0","1"
"POINT (10.090594490999999 53.553617058000000)","Unfall 152637 (2022) Kat:3, Licht: 2","152637","3","6","2","11","17","6","","2","0","1","0","0"
"POINT (10.008676450000101 53.608204773000097)","Unfall 152638 (2022) Kat:3, Licht: 0","152638","3","7","0","09","17","1","","0","1","0","0","0"
"POINT (10.044015196000000 53.610489020000003)","Unfall 152639 (2022) Kat:3, Licht: 2","152639","3","3","5","12","18","7","","2","0","1","0","0"
"POINT (10.158144540000000 53.648966240999997)","Unfall 152640 (2022) Kat:2, Licht: 0","152640","2","7","0","11","08","3","","0","1","0","0","0"
"POINT (10.172904368999999 53.513237795000101)","Unfall 152641 (2022) Kat:3, Licht: 2","152641","3","1","0","11","01","7","","2","0","0","0","0"
"POINT (10.018893110000000 53.560749620000102)","Unfall 152642 (2022) Kat:3, Licht: 0","152642","3","2","4","10","09","4","","0","0","1","0","0"
"POINT (10.054429123000000 53.497395196000099)","Unfall 152643 (2022) Kat:2, Licht: 0","152643","2","7","0","10","14","1","","0","0","0","0","1"
"POINT (10.141693833000000 53.598200328000097)","Unfall 152644 (2022) Kat:3, Licht: 0","152644","3","6","2","11","15","5","","0","0","1","0","0"
"POINT (10.060891232000101 53.570419752000099)","Unfall 152645 (2022) Kat:3, Licht: 0","152645","3","3","5","09","13","4","","0","1","1","0","0"
"POINT (9.990094265000041 53.559823524000102)","Unfall 152646 (2022) Kat:3, Licht: 0","152646","3","4","6","09","16","4","","0","0","0","1","0"
"POINT (10.032237710000100 53.579418943000100)","Unfall 152647 (2022) Kat:3, Licht: 1","152647","3","6","3","10","18","4","","1","0","1","0","0"
"POINT (10.068379464000000 53.608560404000102)","Unfall 152648 (2022) Kat:3, Licht: 0","152648","3","6","2","09","12","4","","0","0","1","0","0"
"POINT (10.014623641000099 53.618407164000097)","Unfall 152649 (2022) Kat:3, Licht: 0","152649","3","2","3","09","08","3","","0","1","1","0","0"
"POINT (9.947276567000070 53.578079607000099)","Unfall 152650 (2022) Kat:3, Licht: 0","152650","3","6","3","11","13","5","","0","1","0","0","0"
"POINT (10.081188070000101 53.580006150000003)","Unfall 152651 (2022) Kat:3, Licht: 0","152651","3","7","0","09","13","6","","0","0","0","0","0"
"POINT (9.978168088000070 53.458336076000101)","Unfall 152652 (2022) Kat:3, Licht: 0","152652","3","2","4","09","13","7","","0","1","1","0","0"
"POINT (10.046138319000001 53.588519218000002)","Unfall 152653 (2022) Kat:2, Licht: 0","152653","2","4","6","12","13","5","","0","0","1","1","0"
"POINT (10.040100942000000 53.579990350999999)","Unfall 152654 (2022) Kat:2, Licht: 0","152654","2","7","0","10","08","5","","0","1","0","0","0"
"POINT (9.917725195000060 53.636414889000001)","Unfall 152655 (2022) Kat:2, Licht: 0","152655","2","2","4","10","16","5","","0","1","1","0","0"
"POINT (9.887047716000041 53.599028260000097)","Unfall 152656 (2022) Kat:3, Licht: 0","152656","3","1","9","09","12","6","","0","0","1","0","0"
"POINT (10.025368851000099 53.576838606000102)","Unfall 152657 (2022) Kat:3, Licht: 0","152657","3","6","3","09","11","4","","0","1","1","0","0"
"POINT (10.146476120000001 53.605861718000000)","Unfall 152658 (2022) Kat:3, Licht: 0","152658","3","7","0","11","15","7","","0","0","0","0","0"
"POINT (9.939246121000050 53.581583395999999)","Unfall 152659 (2022) Kat:3, Licht: 1","152659","3","5","1","09","08","2","","1","1","1","0","0"
"POINT (10.031393459000100 53.596677623000097)","Unfall 152660 (2022) Kat:3, Licht: 0","152660","3","6","2","09","18","2","","0","0","1","0","0"
"POINT (9.989973651000071 53.559860704000101)","Unfall 152661 (2022) Kat:3, Licht: 2","152661","3","2","5","12","01","1","","2","0","1","0","0"
"POINT (9.973635490000049 53.459954940999999)","Unfall 152662 (2022) Kat:3, Licht: 0","152662","3","2","4","11","07","3","","0","1","1","0","0"
"POINT (10.023363129000099 53.577048908999998)","Unfall 152663 (2022) Kat:3, Licht: 2","152663","3","7","6","11","18","7","","2","0","1","1","0"
"POINT (10.169249438000101 53.488669475999998)","Unfall 152664 (2022) Kat:3, Licht: 0","152664","3","4","6","10","16","4","","0","0","1","1","0"
"POINT (10.041013225000000 53.532281822000101)","Unfall 152665 (2022) Kat:3, Licht: 0","152665","3","7","6","10","14","2","","0","0","0","1","0"
"POINT (9.978023593000049 53.576599121000100)","Unfall 152666 (2022) Kat:3, Licht: 2","152666","3","7","0","11","18","6","","2","1","0","0","0"
"POINT (10.102136390000100 53.541745968000001)","Unfall 152667 (2022) Kat:3, Licht: 2","152667","3","6","2","10","20","7","","2","0","1","0","0"
"POINT (10.160158404000100 53.625557121999996)","Unfall 152668 (2022) Kat:3, Licht: 0","152668","3","6","2","09","07","4","","0","0","1","0","0"
"POINT (9.963800307000040 53.612814171000103)","Unfall 152669 (2022) Kat:3, Licht: 0","152669","3","5","5","09","15","6","","0","0","1","0","0"
"POINT (10.035916805999999 53.600956609000001)","Unfall 152670 (2022) Kat:3, Licht: 2","152670","3","1","8","10","21","3","","2","0","1","0","0"
"POINT (10.066957323000100 53.643780448000001)","Unfall 152671 (2022) Kat:3, Licht: 0","152671","3","7","0","09","13","5","","0","1","0","0","0"
"POINT (10.072459423000099 53.579385799000100)","Unfall 152672 (2022) Kat:2, Licht: 2","152672","2","2","6","09","05","3","","2","0","1","1","0"
"POINT (10.085604870999999 53.585992697999998)","Unfall 152673 (2022) Kat:3, Licht: 0","152673","3","5","1","11","12","5","","0","1","1","0","0"
"POINT (9.936008397000020 53.555727343000100)","Unfall 152674 (2022) Kat:3, Licht: 0","152674","3","2","4","09","17","7","","0","0","1","0","0"
"POINT (10.040994925000099 53.555734369000000)","Unfall 152675 (2022) Kat:3, Licht: 2","152675","3","2","4","11","19","3","","2","1","1","0","0"
"POINT (9.981644061000051 53.567723096000101)","Unfall 152676 (2022) Kat:3, Licht: 0","152676","3","7","1","10","10","2","","0","1","0","0","0"
"POINT (10.124071910000101 53.569992646000102)","Unfall 152677 (2022) Kat:3, Licht: 2","152677","3","3","5","11","17","5","","2","0","1","0","0"
"POINT (10.106346804000101 53.653529128999999)","Unfall 152678 (2022) Kat:3, Licht: 2","152678","3","6","2","11","17","4","","2","0","1","0","0"
"POINT (10.015475803000101 53.572534114000099)","Unfall 152679 (2022) Kat:3, Licht: 2","152679","3","3","5","10","21","2","","2","0","1","0","0"
"POINT (10.169470796000001 53.630726533000001)","Unfall 152680 (2022) Kat:3, Licht: 0","152680","3","7","0","10","17","3","","0","0","0","0","0"
"POINT (9.973560803000050 53.545344581999998)","Unfall 152681 (2022) Kat:3, Licht: 2","152681","3","6","2","10","21","1","","2","0","1","0","0"
"POINT (10.001122639000100 53.675954674000103)","Unfall 152682 (2022) Kat:3, Licht: 1","152682","3","6","2","11","07","4","","1","0","1","0","0"
"POINT (10.084948104000000 53.550672625000097)","Unfall 152683 (2022) Kat:3, Licht: 2","152683","3","6","4","09","06","3","","2","1","0","0","0"
"POINT (10.188625217000000 53.486660749000102)","Unfall 152684 (2022) Kat:3, Licht: 0","152684","3","6","4","09","07","3","","0","1","0","0","0"
"POINT (10.048747853000100 53.610730082000003)","Unfall 152685 (2022) Kat:3, Licht: 0","152685","3","6","2","10","11","5","","0","0","1","0","0"
"POINT (10.126461302000100 53.546789883000002)","Unfall 152686 (2022) Kat:3, Licht: 2","152686","3","7","8","09","00","2","","2","0","1","0","0"
"POINT (10.048818491000100 53.602096836999998)","Unfall 152687 (2022) Kat:3, Licht: 0","152687","3","7","0","11","07","3","","0","0","1","0","0"
"POINT (10.161699835000000 53.650943624000000)","Unfall 152688 (2022) Kat:3, Licht: 0","152688","3","5","4","10","09","7","","0","1","1","0","0"
"POINT (9.860655557000030 53.534538173000001)","Unfall 152689 (2022) Kat:3, Licht: 0","152689","3","7","3","09","15","5","","0","1","1","0","0"
"POINT (10.002092878999999 53.592305254999999)","Unfall 152690 (2022) Kat:3, Licht: 2","152690","3","6","2","11","16","3","","2","0","1","0","0"
"POINT (9.999545574000020 53.673632421000001)","Unfall 152691 (2022) Kat:3, Licht: 0","152691","3","5","1","10","15","7","","0","1","1","0","0"
"POINT (10.152036539000100 53.609926037000001)","Unfall 152692 (2022) Kat:3, Licht: 0","152692","3","6","2","10","08","5","","0","0","1","0","0"
"POINT (9.981512061000050 53.464154374000003)","Unfall 152693 (2022) Kat:3, Licht: 0","152693","3","6","4","11","15","2","","0","1","0","0","0"
"POINT (9.850247535000049 53.596048303000003)","Unfall 152694 (2022) Kat:3, Licht: 0","152694","3","2","5","10","15","3","","0","1","0","0","0"
"POINT (10.091054047000100 53.687771482000102)","Unfall 152695 (2022) Kat:3, Licht: 0","152695","3","3","5","09","15","1","","0","0","1","0","0"
"POINT (10.134519782000000 53.575019810000100)","Unfall 152696 (2022) Kat:3, Licht: 0","152696","3","7","2","09","07","6","","0","0","1","0","0"
"POINT (9.954711782000061 53.453388595000000)","Unfall 152697 (2022) Kat:3, Licht: 0","152697","3","6","4","10","16","5","","0","1","0","0","0"
"POINT (10.025107333999999 53.561858692999998)","Unfall 152698 (2022) Kat:3, Licht: 0","152698","3","2","3","09","08","5","","0","1","1","0","0"
"POINT (9.978100886000050 53.571948112000001)","Unfall 152699 (2022) Kat:3, Licht: 2","152699","3","2","3","11","17","3","","2","1","0","0","0"
"POINT (9.909759732000049 53.604322158000102)","Unfall 152700 (2022) Kat:3, Licht: 0","152700","3","2","3","09","16","2","","0","1","0","0","0"
"POINT (10.102727449000000 53.579458494000100)","Unfall 152701 (2022) Kat:3, Licht: 0","152701","3","2","4","09","14","2","","0","1","1","0","0"
"POINT (10.136533575000000 53.578005158000103)","Unfall 152702 (2022) Kat:3, Licht: 0","152702","3","7","0","12","11","2","","0","1","0","0","0"
"POINT (9.891118540000040 53.553197607000101)","Unfall 152703 (2022) Kat:3, Licht: 0","152703","3","1","0","10","15","7","","0","0","0","0","1"
"POINT (9.867309913000041 53.596096751000097)","Unfall 152704 (2022) Kat:3, Licht: 2","152704","3","7","3","11","19","7","","2","0","1","0","0"
"POINT (10.100574602000099 53.549560363000097)","Unfall 152705 (2022) Kat:3, Licht: 2","152705","3","2","4","10","18","5","","2","0","1","0","0"
"POINT (10.019351027000001 53.518809390000101)","Unfall 152706 (2022) Kat:3, Licht: 1","152706","3","2","4","10","18","3","","1","1","1","0","0"
"POINT (9.984900386000049 53.563912316000000)","Unfall 152707 (2022) Kat:3, Licht: 0","152707","3","7","0","11","12","7","","0","0","1","0","0"
"POINT (10.101793950999999 53.583233973000098)","Unfall 152708 (2022) Kat:3, Licht: 0","152708","3","7","0","10","12","1","","0","1","0","0","0"
"POINT (10.192656641999999 53.489227370000002)","Unfall 152709 (2022) Kat:3, Licht: 0","152709","3","5","5","09","18","6","","0","0","1","0","1"
"POINT (10.013348734999999 53.552645805000097)","Unfall 152710 (2022) Kat:3, Licht: 0","152710","3","6","3","09","19","6","","0","0","1","0","1"
"POINT (10.088497385000000 53.646689027999997)","Unfall 152711 (2022) Kat:2, Licht: 0","152711","2","3","5","11","12","5","","0","0","1","0","0"
"POINT (9.974706545000060 53.582892669000003)","Unfall 152712 (2022) Kat:3, Licht: 2","152712","3","5","1","10","19","5","","2","1","1","0","0"
"POINT (10.209245740000000 53.496823947000102)","Unfall 152713 (2022) Kat:3, Licht: 2","152713","3","7","0","10","19","3","","2","0","1","0","0"
"POINT (9.983327055000069 53.564144614000000)","Unfall 152714 (2022) Kat:3, Licht: 1","152714","3","6","2","09","17","6","","1","0","1","0","0"
"POINT (10.159413909000000 53.624785690000103)","Unfall 152715 (2022) Kat:3, Licht: 2","152715","3","7","0","09","22","3","","2","0","0","0","0"
"POINT (9.823619604000040 53.560530594000099)","Unfall 152716 (2022) Kat:3, Licht: 0","152716","3","2","3","11","10","7","","0","1","1","0","0"
"POINT (10.065532443000100 53.650325158999998)","Unfall 152717 (2022) Kat:3, Licht: 0","152717","3","7","0","09","13","7","","0","1","0","0","0"
"POINT (10.133741822999999 53.575127784000102)","Unfall 152718 (2022) Kat:3, Licht: 1","152718","3","1","9","12","17","6","","1","0","1","0","0"
"POINT (10.138017607000100 53.629016357000097)","Unfall 152719 (2022) Kat:3, Licht: 1","152719","3","3","5","11","07","3","","1","1","0","0","0"
"POINT (9.979650261000071 53.527831160000098)","Unfall 152720 (2022) Kat:2, Licht: 2","152720","2","3","5","11","17","1","","2","0","1","0","0"
"POINT (10.045282546000101 53.576310419000002)","Unfall 152721 (2022) Kat:3, Licht: 0","152721","3","2","4","10","10","3","","0","1","1","0","0"
"POINT (9.993949224000060 53.663754697000101)","Unfall 152722 (2022) Kat:3, Licht: 2","152722","3","7","0","10","20","2","","2","0","1","0","0"
"POINT (10.004574086000000 53.546947304000099)","Unfall 152723 (2022) Kat:3, Licht: 2","152723","3","7","6","11","22","6","","2","0","1","1","0"
"POINT (9.981958120000060 53.461344054999998)","Unfall 152724 (2022) Kat:3, Licht: 0","152724","3","7","0","09","12","4","","0","0","0","0","0"
"POINT (10.207406808000000 53.503648781999999)","Unfall 152725 (2022) Kat:2, Licht: 0","152725","2","3","5","09","12","3","","0","1","1","0","0"
"POINT (9.952640586000030 53.634900467000101)","Unfall 152726 (2022) Kat:3, Licht: 0","152726","3","2","3","09","07","4","","0","1","1","0","0"
"POINT (9.963485292000030 53.456162227999997)","Unfall 152727 (2022) Kat:3, Licht: 0","152727","3","7","3","09","18","2","","0","1","1","0","0"
"POINT (10.010521379000100 53.648472493000000)","Unfall 152728 (2022) Kat:3, Licht: 0","152728","3","6","2","11","09","5","","0","0","1","0","0"
"POINT (9.937916832000040 53.592682533000101)","Unfall 152729 (2022) Kat:3, Licht: 2","152729","3","4","6","10","23","7","","2","0","0","1","0"
"POINT (10.077861219000100 53.616483521000099)","Unfall 152730 (2022) Kat:3, Licht: 1","152730","3","7","1","09","18","5","","1","1","1","0","0"
"POINT (9.864853647000070 53.558527003000101)","Unfall 152731 (2022) Kat:3, Licht: 1","152731","3","6","4","11","16","4","","1","1","0","0","0"
"POINT (10.105583085999999 53.570360644000097)","Unfall 152732 (2022) Kat:3, Licht: 2","152732","3","2","3","10","18","2","","2","1","1","0","0"
"POINT (9.918635965000020 53.565889303000098)","Unfall 152733 (2022) Kat:2, Licht: 2","152733","2","4","6","11","00","5","","2","0","1","1","0"
"POINT (9.938621373000050 53.629935707000101)","Unfall 152734 (2022) Kat:3, Licht: 0","152734","3","5","1","11","11","4","","0","1","1","0","0"
"POINT (9.978539108000060 53.601505003000099)","Unfall 152735 (2022) Kat:3, Licht: 0","152735","3","6","3","10","12","2","","0","1","0","0","0"
"POINT (10.110288386000001 53.593092147000000)","Unfall 152736 (2022) Kat:3, Licht: 0","152736","3","3","5","10","07","6","","0","1","1","0","0"
"POINT (10.021680700999999 53.538521136000000)","Unfall 152737 (2022) Kat:3, Licht: 1","152737","3","6","3","11","16","5","","1","0","1","0","0"
"POINT (9.987894339000039 53.507876701999997)","Unfall 152738 (2022) Kat:3, Licht: 0","152738","3","7","0","09","08","3","","0","1","0","0","0"
"POINT (10.009762542000001 53.649358081999999)","Unfall 152739 (2022) Kat:3, Licht: 0","152739","3","6","4","09","13","3","","0","1","0","0","0"
"POINT (10.164003706000100 53.609204579000000)","Unfall 152740 (2022) Kat:3, Licht: 0","152740","3","6","4","10","13","2","","0","1","1","0","0"
"POINT (9.955085578000020 53.598978078000101)","Unfall 152741 (2022) Kat:3, Licht: 0","152741","3","6","3","11","15","4","","0","0","0","0","1"
"POINT (10.002413069999999 53.554511117000096)","Unfall 152742 (2022) Kat:3, Licht: 0","152742","3","3","5","11","10","3","","0","0","1","0","0"
"POINT (10.112478228000001 53.538167768999998)","Unfall 152743 (2022) Kat:3, Licht: 0","152743","3","4","6","10","13","7","","0","0","1","1","0"
"POINT (10.073477434000001 53.585560065000003)","Unfall 152744 (2022) Kat:2, Licht: 0","152744","2","7","3","10","15","4","","0","0","1","0","1"
"POINT (10.010245374000000 53.458668973999998)","Unfall 152745 (2022) Kat:3, Licht: 0","152745","3","3","5","11","15","2","","0","1","1","0","0"
"POINT (9.990017950000039 53.439228417000002)","Unfall 152746 (2022) Kat:3, Licht: 0","152746","3","5","1","10","14","2","","0","1","0","0","0"
"POINT (10.096751307000000 53.533266254000097)","Unfall 152747 (2022) Kat:3, Licht: 0","152747","3","7","3","09","14","2","","0","0","1","0","0"
"POINT (9.994776806000059 53.550458941999999)","Unfall 152748 (2022) Kat:3, Licht: 0","152748","3","3","0","09","18","7","","0","0","0","1","0"
"POINT (9.997479314000030 53.578578213000100)","Unfall 152749 (2022) Kat:3, Licht: 0","152749","3","3","0","11","14","4","","0","1","1","0","0"
"POINT (9.964381349000060 53.573163929000003)","Unfall 152750 (2022) Kat:3, Licht: 1","152750","3","1","0","11","16","3","","1","1","0","0","0"
"POINT (9.861209950000051 53.597887558000103)","Unfall 152751 (2022) Kat:3, Licht: 0","152751","3","6","2","11","08","6","","0","0","1","0","0"
"POINT (9.930240646000071 53.551790081000000)","Unfall 152752 (2022) Kat:3, Licht: 0","152752","3","7","0","11","15","4","","0","0","0","0","1"
"POINT (10.203346247000100 53.427090271000097)","Unfall 152753 (2022) Kat:3, Licht: 0","152753","3","1","0","10","13","1","","0","1","0","0","0"
"POINT (10.031483744000100 53.607306186000102)","Unfall 152754 (2022) Kat:3, Licht: 0","152754","3","2","3","10","07","2","","0","1","1","0","0"
"POINT (10.000534010000001 53.515051499999998)","Unfall 152755 (2022) Kat:3, Licht: 0","152755","3","3","5","10","11","6","","0","1","1","0","0"
"POINT (10.091087049000100 53.544231121000102)","Unfall 152756 (2022) Kat:2, Licht: 2","152756","2","2","4","11","18","3","","2","0","1","0","1"
"POINT (10.101644022000100 53.597430633000002)","Unfall 152757 (2022) Kat:3, Licht: 0","152757","3","3","5","09","15","3","","0","0","1","0","0"
"POINT (10.130138922000100 53.588253055999999)","Unfall 152758 (2022) Kat:3, Licht: 0","152758","3","7","0","09","12","2","","0","0","0","0","0"
"POINT (9.947646800000030 53.560901801999997)","Unfall 152759 (2022) Kat:3, Licht: 0","152759","3","3","5","10","17","3","","0","1","1","0","0"
"POINT (9.983599014000051 53.564123788000103)","Unfall 152760 (2022) Kat:3, Licht: 2","152760","3","7","3","11","17","4","","2","0","1","0","1"
"POINT (10.055669018000099 53.591569431000003)","Unfall 152761 (2022) Kat:3, Licht: 1","152761","3","2","5","09","18","6","","1","0","0","1","0"
"POINT (9.962348281000059 53.554086687999998)","Unfall 152762 (2022) Kat:3, Licht: 0","152762","3","2","6","11","07","2","","0","0","1","1","0"
"POINT (10.064540669000101 53.586639278000099)","Unfall 152763 (2022) Kat:3, Licht: 1","152763","3","6","2","10","17","6","","1","0","1","0","0"
"POINT (9.968860883000049 53.567068610000000)","Unfall 152764 (2022) Kat:3, Licht: 1","152764","3","3","5","10","17","5","","1","0","1","0","0"
"POINT (9.937828397000031 53.592666797000000)","Unfall 152765 (2022) Kat:3, Licht: 2","152765","3","7","3","11","17","3","","2","0","1","0","0"