WKT,Name,OBJECTID,UKATEGORIE,UTYP1,UART,UMONAT,USTUNDE,UWOCHENTAG,STRZUSTAND,ULICHTVERH,ISTRAD,ISTPKW,ISTFUSS,ISTKRAD
"POINT (10.042104276000000 53.555471120000000)","Unfall 152766 (2022) Kat:3, Licht: 2","152766","3","4","6","10","19","2","","2","0","1","1","0"
"POINT (9.937335087000060 53.476887435999998)","Unfall 152767 (2022) Kat:3, Licht: 2","152767","3","3","5","09","04","3","","2","0","1","0","0"
"POINT (10.038638679000000 53.608209436999999)","Unfall 152768 (2022) Kat:2, Licht: 2","152768","2","2","4","09","05","6","","2","0","1","0","1"
"POINT (10.016033636000000 53.555231566000003)","Unfall 152769 (2022) Kat:3, Licht: 0","152769","3","2","3","10","08","5","","0","1","1","0","0"
"POINT (9.887046732000041 53.560636498000100)","Unfall 152770 (2022) Kat:3, Licht: 0","152770","3","7","0","09","12","5","","0","0","0","0","0"
"POINT (10.017505207000100 53.668950924999997)","Unfall 152771 (2022) Kat:3, Licht: 1","152771","3","6","3","11","16","2","","1","1","0","0","0"
"POINT (9.996162645000030 53.571368487000001)","Unfall 152772 (2022) Kat:3, Licht: 0","152772","3","7","0","09","11","2","","0","0","0","0","0"
"POINT (10.075873733000000 53.566903154999999)","Unfall 152773 (2022) Kat:3, Licht: 0","152773","3","3","5","09","16","1","","0","1","1","0","0"
"POINT (9.910449193000030 53.513805034000001)","Unfall 152774 (2022) Kat:3, Licht: 2","152774","3","6","3","12","07","2","","2","0","1","0","0"
"POINT (9.945645213000031 53.546307040000002)","Unfall 152775 (2022) Kat:3, Licht: 0","152775","3","6","3","11","14","5","","0","0","1","0","0"
"POINT (9.865514836000051 53.599252755000101)","Unfall 152776 (2022) Kat:3, Licht: 2","152776","3","7","6","10","19","7","","2","0","1","1","0"
"POINT (9.914830582000040 53.601058841000103)","Unfall 152777 (2022) Kat:3, Licht: 0","152777","3","2","3","11","07","6","","0","1","1","0","0"
"POINT (9.898207358000040 53.549607762999997)","Unfall 152778 (2022) Kat:3, Licht: 0","152778","3","3","0","10","08","5","","0","1","1","0","0"
"POINT (10.300384328000099 53.434556687000097)","Unfall 152779 (2022) Kat:3, Licht: 0","152779","3","3","5","10","13","3","","0","0","1","0","0"
"POINT (10.160440870000100 53.591730974000001)","Unfall 152780 (2022) Kat:3, Licht: 0","152780","3","7","0","11","07","7","","0","0","1","0","0"
"POINT (10.119015082000001 53.663633016000098)","Unfall 152781 (2022) Kat:2, Licht: 2","152781","2","4","6","10","00","1","","2","0","1","1","0"
"POINT (9.908122592000041 53.626903493999997)","Unfall 152782 (2022) Kat:3, Licht: 0","152782","3","7","0","09","13","6","","0","1","0","0","0"
"POINT (10.046882259000000 53.573042575000002)","Unfall 152783 (2022) Kat:3, Licht: 1","152783","3","3","5","09","19","5","","1","0","1","0","1"
"POINT (10.114547549000100 53.601603943000001)","Unfall 152784 (2022) Kat:2, Licht: 0","152784","2","7","5","11","14","4","","0","0","1","0","0"
"POINT (10.120786933000000 53.602031222000100)","Unfall 152785 (2022) Kat:3, Licht: 2","152785","3","5","5","10","23","5","","2","0","1","0","0"
"POINT (10.060153865000100 53.567922397000103)","Unfall 152786 (2022) Kat:3, Licht: 0","152786","3","6","2","10","12","3","","0","0","1","0","0"
"POINT (9.946741401000050 53.593884281000001)","Unfall 152787 (2022) Kat:3, Licht: 0","152787","3","6","2","09","12","5","","0","0","1","0","0"
"POINT (9.952821536000039 53.575914564000101)","Unfall 152788 (2022) Kat:3, Licht: 0","152788","3","7","1","09","16","3","","0","1","1","0","0"
"POINT (10.091655665000101 53.587502057000101)","Unfall 152789 (2022) Kat:3, Licht: 1","152789","3","3","5","11","17","7","","1","0","1","0","1"
"POINT (9.981028734000059 53.556434035999999)","Unfall 152790 (2022) Kat:3, Licht: 2","152790","3","1","0","09","04","7","","2","1","0","0","0"
"POINT (10.009213644000100 53.496490863000098)","Unfall 152791 (2022) Kat:3, Licht: 1","152791","3","4","6","09","20","7","","1","0","1","1","0"
"POINT (9.979457657000070 53.564187850000103)","Unfall 152792 (2022) Kat:3, Licht: 0","152792","3","7","0","12","09","1","","0","0","0","0","0"
"POINT (10.045724782000001 53.548292082000003)","Unfall 152793 (2022) Kat:3, Licht: 0","152793","3","3","5","11","14","3","","0","0","1","0","1"
"POINT (10.080866283000001 53.581030919000099)","Unfall 152794 (2022) Kat:3, Licht: 0","152794","3","2","6","11","12","7","","0","0","1","1","0"
"POINT (9.993992433000070 53.572805807000101)","Unfall 152795 (2022) Kat:3, Licht: 2","152795","3","6","2","10","21","4","","2","0","1","0","0"
"POINT (10.085045806000000 53.656692061000101)","Unfall 152796 (2022) Kat:3, Licht: 2","152796","3","6","3","10","05","1","","2","0","1","0","0"
"POINT (10.047806794000101 53.556290136000001)","Unfall 152797 (2022) Kat:3, Licht: 2","152797","3","1","0","11","01","5","","2","0","0","0","1"
"POINT (10.124715639000000 53.571118613000102)","Unfall 152798 (2022) Kat:3, Licht: 0","152798","3","4","6","09","13","4","","0","0","1","1","0"
"POINT (9.993055464000070 53.552941414000003)","Unfall 152799 (2022) Kat:3, Licht: 0","152799","3","4","0","09","18","4","","0","1","0","1","0"
"POINT (10.038246198000000 53.547469029000098)","Unfall 152800 (2022) Kat:2, Licht: 2","152800","2","2","5","09","19","3","","2","0","1","0","0"
"POINT (10.005441728999999 53.552832040000098)","Unfall 152801 (2022) Kat:3, Licht: 0","152801","3","4","6","09","12","2","","0","1","0","1","0"
"POINT (10.008065956000101 53.614719409000003)","Unfall 152802 (2022) Kat:3, Licht: 2","152802","3","3","5","11","22","4","","2","0","1","0","0"
"POINT (10.159479722000100 53.603408607000098)","Unfall 152803 (2022) Kat:3, Licht: 2","152803","3","2","5","09","22","6","","2","0","1","0","0"
"POINT (9.970900871000030 53.548038054000102)","Unfall 152804 (2022) Kat:3, Licht: 2","152804","3","1","8","09","00","6","","2","0","0","0","0"
"POINT (9.868088256000020 53.591141521000097)","Unfall 152805 (2022) Kat:2, Licht: 2","152805","2","4","6","11","18","4","","2","0","1","1","0"
"POINT (10.026404376000100 53.585859622999997)","Unfall 152806 (2022) Kat:3, Licht: 0","152806","3","5","1","10","15","2","","0","1","1","0","0"
"POINT (10.074405080000099 53.575003357000099)","Unfall 152807 (2022) Kat:3, Licht: 2","152807","3","6","2","11","19","5","","2","0","1","0","0"
"POINT (10.026987801000100 53.606223896000103)","Unfall 152808 (2022) Kat:3, Licht: 1","152808","3","6","2","10","18","6","","1","0","1","0","0"
"POINT (10.103814533000000 53.575061606000098)","Unfall 152809 (2022) Kat:3, Licht: 0","152809","3","2","5","11","14","3","","0","1","1","0","0"
"POINT (10.002364276000000 53.554853172000001)","Unfall 152810 (2022) Kat:3, Licht: 0","152810","3","6","2","10","12","2","","0","0","1","0","0"
"POINT (9.993556004000030 53.517297472000102)","Unfall 152811 (2022) Kat:3, Licht: 0","152811","3","6","2","10","13","5","","0","0","1","0","0"
"POINT (9.863640743000079 53.601164816000100)","Unfall 152812 (2022) Kat:2, Licht: 0","152812","2","1","0","11","13","5","","0","1","0","0","0"
"POINT (10.147480781000100 53.629246299999998)","Unfall 152813 (2022) Kat:3, Licht: 0","152813","3","1","0","09","13","3","","0","1","0","0","0"
"POINT (9.973678378000050 53.528173236000001)","Unfall 152814 (2022) Kat:3, Licht: 2","152814","3","7","0","09","23","3","","2","1","0","0","0"
"POINT (9.920823270000030 53.642464271000101)","Unfall 152815 (2022) Kat:2, Licht: 0","152815","2","1","0","10","09","2","","0","0","0","0","0"
"POINT (9.945252898000041 53.638666951000097)","Unfall 152816 (2022) Kat:3, Licht: 1","152816","3","4","6","11","07","2","","1","0","1","1","0"
"POINT (10.101524978000000 53.550796916000102)","Unfall 152817 (2022) Kat:3, Licht: 0","152817","3","3","0","11","15","7","","0","0","0","0","1"
"POINT (10.076074347000000 53.613930730000000)","Unfall 152818 (2022) Kat:3, Licht: 0","152818","3","2","3","10","10","6","","0","1","1","0","0"
"POINT (10.207767699000000 53.490970461000103)","Unfall 152819 (2022) Kat:3, Licht: 0","152819","3","7","4","10","11","4","","0","0","1","0","0"
"POINT (10.056667106000100 53.560884645999998)","Unfall 152820 (2022) Kat:3, Licht: 0","152820","3","6","2","11","10","7","","0","0","1","0","0"
"POINT (10.055557159999999 53.591242618000102)","Unfall 152821 (2022) Kat:3, Licht: 0","152821","3","6","2","10","11","2","","0","0","1","0","0"
"POINT (9.992879153000050 53.512046589000100)","Unfall 152822 (2022) Kat:3, Licht: 0","152822","3","4","6","09","11","7","","0","0","1","1","0"
"POINT (9.955910671000030 53.625033021000000)","Unfall 152823 (2022) Kat:3, Licht: 0","152823","3","7","0","09","11","1","","0","1","0","0","0"
"POINT (10.009731202000101 53.583786234000101)","Unfall 152824 (2022) Kat:3, Licht: 2","152824","3","7","0","11","20","5","","2","1","0","0","0"
"POINT (10.204999416000000 53.496003347000098)","Unfall 152825 (2022) Kat:3, Licht: 0","152825","3","2","4","10","12","4","","0","1","1","0","0"
"POINT (10.069446125000100 53.579459245000102)","Unfall 152826 (2022) Kat:3, Licht: 2","152826","3","2","6","10","22","4","","2","0","1","1","0"
"POINT (10.019927226000000 53.631867460000102)","Unfall 152827 (2022) Kat:3, Licht: 0","152827","3","6","6","09","15","6","","0","1","1","1","0"
"POINT (9.899431587000040 53.605188887000097)","Unfall 152828 (2022) Kat:2, Licht: 0","152828","2","1","7","09","11","4","","0","0","0","0","0"
"POINT (9.994134511000031 53.601744569000097)","Unfall 152829 (2022) Kat:3, Licht: 2","152829","3","3","5","11","18","3","","2","1","1","0","0"
"POINT (10.057264048000000 53.579980713000097)","Unfall 152830 (2022) Kat:3, Licht: 0","152830","3","2","4","09","17","2","","0","1","1","0","0"
"POINT (9.952807092000061 53.463345119000103)","Unfall 152831 (2022) Kat:3, Licht: 0","152831","3","3","5","09","13","1","","0","0","1","0","1"
"POINT (9.962674290000050 53.555595525999998)","Unfall 152832 (2022) Kat:3, Licht: 1","152832","3","5","1","11","17","5","","1","1","1","0","0"
"POINT (9.933913812000069 53.555816661999998)","Unfall 152833 (2022) Kat:3, Licht: 0","152833","3","1","0","10","14","7","","0","0","0","0","1"
"POINT (10.010136257000100 53.671495327999999)","Unfall 152834 (2022) Kat:3, Licht: 0","152834","3","1","0","11","15","6","","0","1","0","0","0"
"POINT (10.153053005000100 53.597060240000097)","Unfall 152835 (2022) Kat:3, Licht: 1","152835","3","2","3","10","16","5","","1","1","1","0","0"
"POINT (10.004171692000099 53.552413342000101)","Unfall 152836 (2022) Kat:3, Licht: 0","152836","3","1","0","10","13","4","","0","0","0","0","0"
"POINT (10.094328957000100 53.638741649000103)","Unfall 152837 (2022) Kat:3, Licht: 2","152837","3","3","5","11","17","5","","2","1","1","0","0"
"POINT (9.928382757000071 53.556191800000100)","Unfall 152838 (2022) Kat:3, Licht: 0","152838","3","2","4","10","13","7","","0","1","1","0","0"
"POINT (9.991661512000061 53.557771316000100)","Unfall 152839 (2022) Kat:3, Licht: 0","152839","3","1","0","09","17","6","","0","1","0","0","0"
"POINT (10.155897117000100 53.596619117000003)","Unfall 152840 (2022) Kat:3, Licht: 0","152840","3","3","5","09","15","5","","0","1","1","0","0"
"POINT (10.024101745999999 53.567259078000099)","Unfall 152841 (2022) Kat:3, Licht: 0","152841","3","7","6","10","07","4","","0","0","1","1","0"
"POINT (10.102378398000001 53.580041843000103)","Unfall 152842 (2022) Kat:3, Licht: 1","152842","3","2","5","09","19","4","","1","0","1","0","0"
"POINT (10.053123789000001 53.557268785000097)","Unfall 152843 (2022) Kat:3, Licht: 0","152843","3","3","5","09","21","3","","0","1","1","0","0"
"POINT (9.964094573000070 53.464938651000097)","Unfall 152844 (2022) Kat:3, Licht: 0","152844","3","7","0","11","09","5","","0","1","0","0","0"
"POINT (10.044996392000000 53.586741759000098)","Unfall 152845 (2022) Kat:3, Licht: 0","152845","3","4","6","09","14","7","","0","0","1","1","0"
"POINT (9.994759522000040 53.602341598000102)","Unfall 152846 (2022) Kat:3, Licht: 1","152846","3","6","3","09","19","7","","1","0","1","0","0"
"POINT (9.918837526000059 53.590865266000002)","Unfall 152847 (2022) Kat:3, Licht: 2","152847","3","2","4","12","21","5","","2","0","1","0","0"
"POINT (10.043702174000000 53.595432000000102)","Unfall 152848 (2022) Kat:3, Licht: 0","152848","3","6","6","11","10","3","","0","1","0","1","0"
"POINT (9.990336012000061 53.602708487000001)","Unfall 152849 (2022) Kat:3, Licht: 0","152849","3","3","5","11","08","2","","0","1","1","0","0"
"POINT (10.017030079000101 53.564119722999997)","Unfall 152850 (2022) Kat:3, Licht: 0","152850","3","3","5","10","08","5","","0","0","1","0","1"
"POINT (9.984279848000030 53.557107805999998)","Unfall 152851 (2022) Kat:3, Licht: 0","152851","3","2","5","09","12","5","","0","1","1","0","0"
"POINT (9.962232569000040 53.575083882000101)","Unfall 152852 (2022) Kat:3, Licht: 0","152852","3","2","4","11","09","2","","0","0","1","0","1"
"POINT (10.091885005000099 53.673466310000002)","Unfall 152853 (2022) Kat:3, Licht: 0","152853","3","3","5","09","12","2","","0","1","1","0","0"
"POINT (10.117117566999999 53.649934099000099)","Unfall 152854 (2022) Kat:3, Licht: 0","152854","3","3","5","09","13","2","","0","0","1","0","0"
"POINT (9.949424236000031 53.558427654000099)","Unfall 152855 (2022) Kat:3, Licht: 2","152855","3","6","2","12","19","2","","2","0","1","0","0"
"POINT (10.016076865000100 53.555748635999997)","Unfall 152856 (2022) Kat:3, Licht: 0","152856","3","6","6","11","09","5","","0","0","0","1","0"
"POINT (9.949937608000029 53.564270104999999)","Unfall 152857 (2022) Kat:3, Licht: 0","152857","3","1","0","10","13","1","","0","0","0","0","0"
"POINT (9.907552966000029 53.632497426999997)","Unfall 152858 (2022) Kat:3, Licht: 0","152858","3","2","6","11","09","6","","0","0","1","1","0"
"POINT (9.988166564000039 53.526477700000001)","Unfall 152859 (2022) Kat:3, Licht: 2","152859","3","1","0","10","22","6","","2","1","0","0","0"
"POINT (9.969454790000039 53.576633217000101)","Unfall 152860 (2022) Kat:3, Licht: 0","152860","3","3","5","10","13","3","","0","1","1","0","0"
"POINT (9.959745214000071 53.580730801000101)","Unfall 152861 (2022) Kat:3, Licht: 0","152861","3","7","8","11","09","7","","0","0","1","0","0"
"POINT (9.961798195000030 53.459454624999999)","Unfall 152862 (2022) Kat:3, Licht: 0","152862","3","3","5","10","16","7","","0","1","1","0","0"
"POINT (10.105136199000100 53.571609717999998)","Unfall 152863 (2022) Kat:3, Licht: 0","152863","3","6","2","09","13","6","","0","0","1","0","0"
"POINT (10.032475617999999 53.581728185000003)","Unfall 152864 (2022) Kat:3, Licht: 0","152864","3","3","5","09","16","6","","0","1","1","0","0"
"POINT (10.009152834000099 53.593377660000002)","Unfall 152865 (2022) Kat:3, Licht: 0","152865","3","1","0","11","16","5","","0","0","0","0","1"
"POINT (10.026609673000101 53.625946697000103)","Unfall 152866 (2022) Kat:3, Licht: 0","152866","3","6","2","10","12","4","","0","0","1","0","0"
"POINT (10.099164128000000 53.538504062000101)","Unfall 152867 (2022) Kat:3, Licht: 2","152867","3","3","5","09","22","5","","2","0","1","0","0"
"POINT (9.805006904000040 53.513409224999997)","Unfall 152868 (2022) Kat:3, Licht: 0","152868","3","1","0","09","16","3","","0","1","0","0","0"
"POINT (10.068198016000100 53.581491829000100)","Unfall 152869 (2022) Kat:3, Licht: 2","152869","3","6","2","11","18","7","","2","0","0","0","0"
"POINT (9.822520805000069 53.584041398000103)","Unfall 152870 (2022) Kat:3, Licht: 0","152870","3","3","5","09","14","7","","0","1","1","0","0"
"POINT (9.985401521000030 53.571425331999997)","Unfall 152871 (2022) Kat:3, Licht: 2","152871","3","1","0","12","18","7","","2","1","0","0","0"
"POINT (9.984427101000049 53.480263455000099)","Unfall 152872 (2022) Kat:3, Licht: 0","152872","3","2","4","11","15","3","","0","1","0","0","0"
"POINT (9.954048328000059 53.623347698000003)","Unfall 152873 (2022) Kat:2, Licht: 0","152873","2","7","8","11","13","1","","0","0","1","0","0"
"POINT (9.809674243000069 53.524544732000003)","Unfall 152874 (2022) Kat:2, Licht: 0","152874","2","1","8","10","13","3","","0","0","0","0","1"
"POINT (9.976084772000039 53.461588649000099)","Unfall 152875 (2022) Kat:3, Licht: 0","152875","3","3","5","10","16","7","","0","1","1","0","0"
"POINT (10.032220525000101 53.565542135999998)","Unfall 152876 (2022) Kat:3, Licht: 0","152876","3","1","0","11","14","5","","0","1","0","0","0"
"POINT (10.039058465000000 53.559573641999997)","Unfall 152877 (2022) Kat:3, Licht: 1","152877","3","2","3","09","07","5","","1","0","1","0","0"
"POINT (9.975830816000039 53.561805095000103)","Unfall 152878 (2022) Kat:3, Licht: 0","152878","3","7","3","09","09","4","","0","0","1","0","0"
"POINT (9.916569550000080 53.600049181000003)","Unfall 152879 (2022) Kat:3, Licht: 0","152879","3","5","5","09","17","3","","0","1","1","0","0"
"POINT (10.086761073000000 53.491456578000097)","Unfall 152880 (2022) Kat:2, Licht: 0","152880","2","7","0","09","12","1","","0","1","0","0","0"
"POINT (9.931915722000040 53.578152361000001)","Unfall 152881 (2022) Kat:3, Licht: 0","152881","3","6","4","11","08","5","","0","1","0","0","0"
"POINT (10.208814954999999 53.482439623000097)","Unfall 152882 (2022) Kat:3, Licht: 0","152882","3","6","2","09","14","6","","0","0","1","0","1"
"POINT (9.918818256000071 53.573301421000103)","Unfall 152883 (2022) Kat:3, Licht: 2","152883","3","5","5","09","23","6","","2","0","1","0","0"
"POINT (10.081425897000001 53.620260938000101)","Unfall 152884 (2022) Kat:3, Licht: 2","152884","3","3","5","11","16","3","","2","1","1","0","0"
"POINT (10.074387483000100 53.646084784000003)","Unfall 152885 (2022) Kat:3, Licht: 0","152885","3","7","0","10","16","1","","0","0","0","0","0"
"POINT (10.106881216000000 53.605920869999999)","Unfall 152886 (2022) Kat:3, Licht: 0","152886","3","3","5","11","15","5","","0","1","1","0","0"
"POINT (10.158662631000000 53.646210334999999)","Unfall 152887 (2022) Kat:3, Licht: 0","152887","3","3","5","10","08","6","","0","1","0","0","0"
"POINT (9.814929630000050 53.563389727000100)","Unfall 152888 (2022) Kat:3, Licht: 1","152888","3","3","5","11","18","3","","1","1","1","0","0"
"POINT (9.958112926000069 53.562839982000099)","Unfall 152889 (2022) Kat:3, Licht: 2","152889","3","7","0","10","22","3","","2","0","0","0","0"
"POINT (10.101141883000000 53.618970988000100)","Unfall 152890 (2022) Kat:3, Licht: 0","152890","3","3","5","09","08","4","","0","1","1","0","0"
"POINT (9.962107813000051 53.561789365000003)","Unfall 152891 (2022) Kat:3, Licht: 0","152891","3","2","4","10","16","7","","0","1","0","0","0"
"POINT (9.977517272000060 53.574568396000103)","Unfall 152892 (2022) Kat:3, Licht: 2","152892","3","2","4","11","20","5","","2","0","1","0","1"
"POINT (9.975457349000070 53.559441435000103)","Unfall 152893 (2022) Kat:3, Licht: 0","152893","3","5","5","09","09","4","","0","0","1","1","0"
"POINT (9.998344759000080 53.548353104999997)","Unfall 152894 (2022) Kat:3, Licht: 0","152894","3","7","0","09","18","3","","0","1","0","0","0"
"POINT (10.083519782000099 53.531743186000000)","Unfall 152895 (2022) Kat:3, Licht: 2","152895","3","7","0","10","04","2","","2","1","0","0","0"
"POINT (10.183116058000101 53.641927714000097)","Unfall 152896 (2022) Kat:3, Licht: 0","152896","3","3","5","11","16","3","","0","1","1","0","0"
"POINT (9.986350980000051 53.563900795999999)","Unfall 152897 (2022) Kat:3, Licht: 2","152897","3","7","6","11","03","1","","2","0","1","1","0"
"POINT (10.079871483000000 53.561790019000100)","Unfall 152898 (2022) Kat:3, Licht: 0","152898","3","5","5","10","13","7","","0","0","1","0","0"
"POINT (9.974035215000070 53.598297289000101)","Unfall 152899 (2022) Kat:3, Licht: 0","152899","3","5","5","10","16","4","","0","1","0","0","0"
"POINT (10.069866764000000 53.578486535000103)","Unfall 152900 (2022) Kat:3, Licht: 2","152900","3","6","3","11","05","7","","2","0","1","0","0"
"POINT (10.004053950000101 53.505084916999998)","Unfall 152901 (2022) Kat:3, Licht: 0","152901","3","2","2","10","13","1","","0","0","1","0","0"
"POINT (9.950706980000060 53.568278433000003)","Unfall 152902 (2022) Kat:3, Licht: 0","152902","3","6","2","09","15","2","","0","0","1","0","0"
"POINT (9.960758513000030 53.547592145000102)","Unfall 152903 (2022) Kat:3, Licht: 0","152903","3","7","9","09","12","1","","0","0","1","0","0"
"POINT (10.213954187000100 53.504161228000001)","Unfall 152904 (2022) Kat:3, Licht: 0","152904","3","5","5","11","08","5","","0","0","0","0","0"
"POINT (10.031032658000100 53.554463908999999)","Unfall 152905 (2022) Kat:3, Licht: 0","152905","3","2","4","10","16","3","","0","0","1","0","0"
"POINT (10.152612241000000 53.615625149000003)","Unfall 152906 (2022) Kat:3, Licht: 1","152906","3","4","6","10","17","4","","1","0","1","1","0"
"POINT (10.015683341000100 53.650468053000097)","Unfall 152907 (2022) Kat:2, Licht: 2","152907","2","7","0","09","21","6","","2","1","0","0","0"
"POINT (9.819665548000049 53.560626544000101)","Unfall 152908 (2022) Kat:3, Licht: 0","152908","3","2","6","09","13","5","","0","0","1","1","0"
"POINT (10.000498506000000 53.514913712000101)","Unfall 152909 (2022) Kat:3, Licht: 0","152909","3","6","3","11","18","5","","0","1","1","0","0"
"POINT (9.911635056000019 53.583651988000000)","Unfall 152910 (2022) Kat:3, Licht: 0","152910","3","6","2","09","09","2","","0","0","1","0","0"
"POINT (10.041708587000100 53.587978328000098)","Unfall 152911 (2022) Kat:2, Licht: 0","152911","2","7","0","09","15","2","","0","0","0","0","0"
"POINT (9.983472834000050 53.583921336000103)","Unfall 152912 (2022) Kat:3, Licht: 0","152912","3","1","0","12","13","6","","0","1","0","0","0"
"POINT (9.856704314000069 53.550335036000000)","Unfall 152913 (2022) Kat:2, Licht: 2","152913","2","7","0","11","17","3","","2","1","0","0","0"
"POINT (9.860850300000040 53.597994189000097)","Unfall 152914 (2022) Kat:3, Licht: 0","152914","3","3","5","11","12","7","","0","1","1","0","0"
"POINT (9.903950057000030 53.617884167000099)","Unfall 152915 (2022) Kat:3, Licht: 2","152915","3","6","2","11","21","6","","2","0","1","0","0"
"POINT (10.023668707000100 53.626361975000101)","Unfall 152916 (2022) Kat:3, Licht: 2","152916","3","1","0","10","18","5","","2","1","0","0","0"
"POINT (10.138287553000101 53.581141264000102)","Unfall 152917 (2022) Kat:3, Licht: 0","152917","3","6","2","10","10","3","","0","0","1","0","1"
"POINT (10.130792893000001 53.588471622000000)","Unfall 152918 (2022) Kat:3, Licht: 0","152918","3","6","0","11","09","5","","0","0","0","0","0"
"POINT (9.944158963000060 53.637198719000097)","Unfall 152919 (2022) Kat:3, Licht: 2","152919","3","7","0","10","19","7","","2","1","0","0","0"
"POINT (10.064639133000099 53.559856802000098)","Unfall 152920 (2022) Kat:3, Licht: 0","152920","3","3","5","09","07","5","","0","1","0","0","1"
"POINT (9.979737988000069 53.544346992000001)","Unfall 152921 (2022) Kat:3, Licht: 0","152921","3","6","2","09","11","6","","0","0","1","0","0"
"POINT (9.973719402000031 53.554995687000002)","Unfall 152922 (2022) Kat:3, Licht: 0","152922","3","6","2","10","15","4","","0","0","1","0","1"
"POINT (9.962532577000051 53.554957963000000)","Unfall 152923 (2022) Kat:3, Licht: 0","152923","3","2","4","09","07","6","","0","1","0","0","0"
"POINT (10.040786540000100 53.571414446000098)","Unfall 152924 (2022) Kat:3, Licht: 0","152924","3","7","0","09","10","3","","0","1","0","0","0"
"POINT (10.107436795000099 53.657878745000097)","Unfall 152925 (2022) Kat:3, Licht: 0","152925","3","7","3","11","07","4","","0","0","1","0","1"
"POINT (9.859377610000021 53.534757066000097)","Unfall 152926 (2022) Kat:3, Licht: 0","152926","3","4","6","09","17","6","","0","0","1","1","0"
"POINT (10.127616734000100 53.589948614999997)","Unfall 152927 (2022) Kat:3, Licht: 2","152927","3","6","2","11","16","4","","2","0","1","0","0"
"POINT (9.953905618000020 53.573384580000003)","Unfall 152928 (2022) Kat:3, Licht: 0","152928","3","3","5","11","07","3","","0","1","1","0","0"
"POINT (10.010976584000000 53.601414781000102)","Unfall 152929 (2022) Kat:3, Licht: 2","152929","3","5","1","11","01","6","","2","0","1","0","0"
"POINT (9.964457576000029 53.546585893000000)","Unfall 152930 (2022) Kat:3, Licht: 0","152930","3","7","0","10","08","3","","0","1","0","0","0"
"POINT (10.012386329000000 53.607447069999999)","Unfall 152931 (2022) Kat:3, Licht: 0","152931","3","3","5","10","16","4","","0","1","1","0","0"
"POINT (10.000891384999999 53.677604439000000)","Unfall 152932 (2022) Kat:3, Licht: 0","152932","3","7","0","10","17","1","","0","1","0","0","0"
"POINT (10.024081659000000 53.528003716000100)","Unfall 152933 (2022) Kat:3, Licht: 2","152933","3","2","4","11","17","4","","2","0","1","0","0"
"POINT (9.890514274000051 53.552215054000001)","Unfall 152934 (2022) Kat:3, Licht: 0","152934","3","6","2","09","15","3","","0","0","1","0","0"
"POINT (9.844040265000050 53.556464099999999)","Unfall 152935 (2022) Kat:3, Licht: 0","152935","3","5","1","09","15","4","","0","1","1","0","0"
"POINT (9.873881590000050 53.564723956000101)","Unfall 152936 (2022) Kat:2, Licht: 1","152936","2","2","0","09","19","4","","1","1","1","0","0"
"POINT (10.122017692000000 53.566080444000100)","Unfall 152937 (2022) Kat:3, Licht: 0","152937","3","3","5","09","09","1","","0","0","1","0","0"
"POINT (9.966976214000059 53.559340077999998)","Unfall 152938 (2022) Kat:3, Licht: 0","152938","3","7","6","11","08","3","","0","0","1","1","0"
"POINT (9.983076803000070 53.584091749999999)","Unfall 152939 (2022) Kat:3, Licht: 0","152939","3","3","5","10","14","1","","0","0","1","0","0"
"POINT (9.993497239000019 53.541710072000100)","Unfall 152940 (2022) Kat:3, Licht: 0","152940","3","2","3","09","08","6","","0","1","1","0","0"
"POINT (10.094740309000001 53.606562040000000)","Unfall 152941 (2022) Kat:3, Licht: 0","152941","3","6","2","11","10","2","","0","0","1","0","0"
"POINT (10.164306559000099 53.605568593999998)","Unfall 152942 (2022) Kat:3, Licht: 2","152942","3","3","5","10","20","7","","2","1","1","0","0"
"POINT (9.983179112000069 53.452159326000100)","Unfall 152943 (2022) Kat:3, Licht: 0","152943","3","4","6","10","15","4","","0","0","0","1","0"
"POINT (10.109164498000000 53.536794147000101)","Unfall 152944 (2022) Kat:3, Licht: 2","152944","3","6","4","11","19","2","","2","1","1","0","0"
"POINT (10.018272460000000 53.548684610000102)","Unfall 152945 (2022) Kat:3, Licht: 1","152945","3","6","4","10","17","2","","1","0","1","0","0"
"POINT (10.136253353000001 53.690144670999999)","Unfall 152946 (2022) Kat:2, Licht: 0","152946","2","7","0","09","14","2","","0","1","0","0","0"
"POINT (10.208735478000101 53.482280475000003)","Unfall 152947 (2022) Kat:3, Licht: 0","152947","3","5","5","09","12","6","","0","1","1","0","0"
"POINT (9.881344046000040 53.600941075999998)","Unfall 152948 (2022) Kat:3, Licht: 0","152948","3","6","6","10","09","6","","0","1","0","1","0"
"POINT (9.947619291000020 53.565147605999996)","Unfall 152949 (2022) Kat:3, Licht: 2","152949","3","6","2","11","18","3","","2","0","1","0","0"
"POINT (9.993496741000060 53.543243009000001)","Unfall 152950 (2022) Kat:3, Licht: 0","152950","3","2","3","09","16","3","","0","1","1","0","0"
"POINT (9.877617389000021 53.585765092000003)","Unfall 152951 (2022) Kat:3, Licht: 0","152951","3","5","5","09","07","3","","0","1","1","0","0"