WKT,Name,OBJECTID,UKATEGORIE,UTYP1,UART,UMONAT,USTUNDE,UWOCHENTAG,STRZUSTAND,ULICHTVERH,ISTRAD,ISTPKW,ISTFUSS,ISTKRAD
"POINT (10.206977354000101 53.494973049000102)","Unfall 152952 (2022) Kat:3, Licht: 0","152952","3","5","5","12","12","2","","0","0","1","0","0"
"POINT (9.897161015000050 53.563188175999997)","Unfall 152953 (2022) Kat:3, Licht: 0","152953","3","3","0","10","16","3","","0","1","1","0","0"
"POINT (10.208715165000100 53.490233189999998)","Unfall 152954 (2022) Kat:3, Licht: 0","152954","3","7","1","10","12","7","","0","0","1","0","0"
"POINT (9.987240739000070 53.514762120999997)","Unfall 152955 (2022) Kat:3, Licht: 2","152955","3","3","5","11","17","3","","2","1","0","0","0"
"POINT (9.888518581000030 53.560595159000101)","Unfall 152956 (2022) Kat:3, Licht: 0","152956","3","7","0","09","18","5","","0","0","1","0","0"
"POINT (10.003024761000100 53.590038138000097)","Unfall 152957 (2022) Kat:3, Licht: 0","152957","3","5","1","09","14","4","","0","0","1","0","0"
"POINT (10.124502597999999 53.570762420000101)","Unfall 152958 (2022) Kat:3, Licht: 1","152958","3","2","6","09","05","3","","1","0","1","1","0"
"POINT (9.971694131000049 53.598710425000000)","Unfall 152959 (2022) Kat:3, Licht: 0","152959","3","2","0","09","08","2","","0","1","0","0","0"
"POINT (10.080200200000000 53.608480491000101)","Unfall 152960 (2022) Kat:3, Licht: 0","152960","3","3","5","11","13","4","","0","1","1","0","0"
"POINT (9.970429633000039 53.602234017999997)","Unfall 152961 (2022) Kat:3, Licht: 2","152961","3","7","0","10","01","7","","2","0","0","0","0"
"POINT (9.826750732000050 53.565750487000102)","Unfall 152962 (2022) Kat:3, Licht: 0","152962","3","7","0","09","11","6","","0","1","0","0","0"
"POINT (10.009151850000000 53.501942802000002)","Unfall 152963 (2022) Kat:3, Licht: 2","152963","3","3","5","11","19","7","","2","1","1","0","0"
"POINT (9.977038714000059 53.578047249000100)","Unfall 152964 (2022) Kat:3, Licht: 0","152964","3","2","3","11","10","3","","0","1","1","0","0"
"POINT (10.098459568000100 53.655590516000103)","Unfall 152965 (2022) Kat:3, Licht: 0","152965","3","6","3","11","13","6","","0","0","0","0","0"
"POINT (10.112596090000100 53.582641473000102)","Unfall 152966 (2022) Kat:2, Licht: 0","152966","2","1","1","10","15","6","","0","0","1","0","0"
"POINT (9.977675493000049 53.564848110000099)","Unfall 152967 (2022) Kat:3, Licht: 2","152967","3","7","4","11","18","3","","2","0","1","0","1"
"POINT (10.116524203000001 53.564802329000003)","Unfall 152968 (2022) Kat:2, Licht: 0","152968","2","3","5","10","13","2","","0","1","1","0","0"
"POINT (10.004043200000099 53.505980969000099)","Unfall 152969 (2022) Kat:2, Licht: 2","152969","2","2","4","09","21","7","","2","0","1","0","0"
"POINT (10.147374533000100 53.524958024000099)","Unfall 152970 (2022) Kat:2, Licht: 0","152970","2","7","0","09","19","2","","0","1","0","0","0"
"POINT (10.092505508000000 53.652519923000099)","Unfall 152971 (2022) Kat:3, Licht: 0","152971","3","4","6","10","13","5","","0","0","1","1","0"
"POINT (9.965657199000081 53.564602053999998)","Unfall 152972 (2022) Kat:3, Licht: 2","152972","3","5","1","10","00","7","","2","1","1","0","0"
"POINT (9.955562801000040 53.549703115000099)","Unfall 152973 (2022) Kat:3, Licht: 2","152973","3","2","4","11","20","3","","2","0","1","0","0"
"POINT (10.013544574999999 53.600949483000100)","Unfall 152974 (2022) Kat:3, Licht: 0","152974","3","6","2","09","13","3","","0","0","1","0","0"
"POINT (10.000584117000100 53.580750355000099)","Unfall 152975 (2022) Kat:3, Licht: 0","152975","3","3","5","09","12","3","","0","0","1","0","1"
"POINT (10.101881261000100 53.581321234000001)","Unfall 152976 (2022) Kat:3, Licht: 0","152976","3","5","5","12","13","2","","0","1","1","0","0"
"POINT (10.051232342000000 53.591650669000003)","Unfall 152977 (2022) Kat:3, Licht: 2","152977","3","5","1","10","19","1","","2","0","1","0","1"
"POINT (9.842973410000070 53.476407491000003)","Unfall 152978 (2022) Kat:2, Licht: 2","152978","2","3","5","11","16","6","","2","0","1","0","0"
"POINT (9.985138034000039 53.604309512999997)","Unfall 152979 (2022) Kat:3, Licht: 2","152979","3","2","4","10","19","6","","2","1","1","0","0"
"POINT (10.013879373000099 53.578645435000098)","Unfall 152980 (2022) Kat:3, Licht: 0","152980","3","1","0","10","16","5","","0","1","0","0","0"
"POINT (10.129646742000000 53.588036420999998)","Unfall 152981 (2022) Kat:3, Licht: 1","152981","3","3","5","11","16","6","","1","1","0","0","0"
"POINT (10.082959777999999 53.538639860000004)","Unfall 152982 (2022) Kat:3, Licht: 1","152982","3","5","5","10","17","2","","1","0","1","0","0"
"POINT (9.973730059000051 53.555007463999999)","Unfall 152983 (2022) Kat:3, Licht: 2","152983","3","1","0","09","03","7","","2","0","0","0","0"
"POINT (10.012365490000001 53.553644712999997)","Unfall 152984 (2022) Kat:3, Licht: 2","152984","3","7","3","09","23","7","","2","1","1","0","0"
"POINT (9.892220893000060 53.624359077000101)","Unfall 152985 (2022) Kat:3, Licht: 0","152985","3","6","2","11","13","5","","0","0","1","0","0"
"POINT (9.926851856000040 53.592028085999999)","Unfall 152986 (2022) Kat:3, Licht: 0","152986","3","7","3","10","15","5","","0","0","1","0","0"
"POINT (9.821068862000059 53.556226703999997)","Unfall 152987 (2022) Kat:3, Licht: 0","152987","3","7","8","10","11","5","","0","1","0","0","0"
"POINT (9.954572484000041 53.574367078000101)","Unfall 152988 (2022) Kat:3, Licht: 0","152988","3","5","1","09","12","6","","0","1","1","0","0"
"POINT (10.038217928000099 53.577213630000102)","Unfall 152989 (2022) Kat:2, Licht: 0","152989","2","7","0","09","18","4","","0","1","0","0","0"
"POINT (10.060616137000100 53.594808452999999)","Unfall 152990 (2022) Kat:3, Licht: 1","152990","3","5","0","11","16","7","","1","0","1","0","0"
"POINT (10.035283999000100 53.575141399000103)","Unfall 152991 (2022) Kat:3, Licht: 2","152991","3","2","3","09","22","1","","2","1","1","0","0"
"POINT (10.041391344999999 53.587201869000097)","Unfall 152992 (2022) Kat:3, Licht: 1","152992","3","3","5","09","05","2","","1","0","1","0","0"
"POINT (10.147066301000100 53.629902321000003)","Unfall 152993 (2022) Kat:3, Licht: 0","152993","3","3","5","12","10","6","","0","1","1","0","0"
"POINT (10.002392146000000 53.671377273000097)","Unfall 152994 (2022) Kat:3, Licht: 0","152994","3","6","4","11","07","3","","0","1","0","0","0"
"POINT (10.017538574000101 53.522888416999997)","Unfall 152995 (2022) Kat:3, Licht: 0","152995","3","1","1","11","08","6","","0","0","1","0","0"
"POINT (9.951087580000030 53.576147569000099)","Unfall 152996 (2022) Kat:3, Licht: 0","152996","3","7","1","10","10","5","","0","1","1","0","0"
"POINT (9.898913588000029 53.557244971000003)","Unfall 152997 (2022) Kat:3, Licht: 0","152997","3","3","5","10","09","3","","0","0","1","0","0"
"POINT (9.979227822000039 53.572435742000003)","Unfall 152998 (2022) Kat:3, Licht: 0","152998","3","7","0","11","11","6","","0","1","0","0","0"
"POINT (10.054119978000100 53.558773620000103)","Unfall 152999 (2022) Kat:3, Licht: 2","152999","3","7","0","10","19","7","","2","0","1","0","0"
"POINT (10.001344437000100 53.581596434000097)","Unfall 153000 (2022) Kat:3, Licht: 0","153000","3","1","0","09","15","4","","0","1","0","0","0"
"POINT (9.961365106000070 53.599521125000102)","Unfall 153001 (2022) Kat:3, Licht: 0","153001","3","2","3","09","09","6","","0","1","1","0","0"
"POINT (10.022652462000099 53.575735655000102)","Unfall 153002 (2022) Kat:3, Licht: 0","153002","3","4","0","10","13","3","","0","0","0","1","0"
"POINT (10.043616395000100 53.611989419000103)","Unfall 153003 (2022) Kat:3, Licht: 1","153003","3","5","1","09","06","5","","1","1","1","0","0"
"POINT (9.967164664000050 53.566234201999997)","Unfall 153004 (2022) Kat:3, Licht: 0","153004","3","6","2","09","08","3","","0","0","1","0","0"
"POINT (10.090095991000100 53.620909515000100)","Unfall 153005 (2022) Kat:3, Licht: 0","153005","3","5","1","11","11","5","","0","1","1","0","0"
"POINT (9.836282405000080 53.466755493000100)","Unfall 153006 (2022) Kat:3, Licht: 0","153006","3","6","3","09","13","6","","0","1","0","0","0"
"POINT (10.000897055000101 53.555699928000102)","Unfall 153007 (2022) Kat:3, Licht: 0","153007","3","3","5","09","14","1","","0","0","1","0","0"
"POINT (10.018777230000101 53.567502560000001)","Unfall 153008 (2022) Kat:3, Licht: 1","153008","3","6","2","11","16","4","","1","0","1","0","0"
"POINT (10.215485735000099 53.486377861999998)","Unfall 153009 (2022) Kat:3, Licht: 2","153009","3","7","0","10","01","1","","2","1","0","0","0"
"POINT (9.963447091000029 53.453960877999997)","Unfall 153010 (2022) Kat:3, Licht: 0","153010","3","7","0","11","08","5","","0","1","0","0","0"
"POINT (10.010914969000099 53.609932540000003)","Unfall 153011 (2022) Kat:3, Licht: 2","153011","3","4","6","11","07","4","","2","1","0","1","0"
"POINT (10.026343793000001 53.553749646000000)","Unfall 153012 (2022) Kat:3, Licht: 0","153012","3","4","6","10","13","2","","0","0","1","1","0"
"POINT (9.962598483000020 53.551952264000100)","Unfall 153013 (2022) Kat:3, Licht: 0","153013","3","7","0","10","08","6","","0","0","0","0","0"
"POINT (9.770867537000070 53.578156520000100)","Unfall 153014 (2022) Kat:3, Licht: 2","153014","3","2","4","11","17","4","","2","0","1","0","0"
"POINT (10.021138379000000 53.550565689000102)","Unfall 153015 (2022) Kat:3, Licht: 1","153015","3","6","3","09","17","3","","1","0","1","0","0"
"POINT (9.993984898000059 53.453686463000103)","Unfall 153016 (2022) Kat:3, Licht: 0","153016","3","6","3","09","18","2","","0","1","1","0","0"
"POINT (10.163221688000000 53.597369220000097)","Unfall 153017 (2022) Kat:3, Licht: 0","153017","3","7","1","09","15","1","","0","1","1","0","0"
"POINT (10.069485761000101 53.581431551000001)","Unfall 153018 (2022) Kat:3, Licht: 1","153018","3","6","2","11","07","3","","1","0","1","0","0"
"POINT (10.033813018000000 53.585020628000102)","Unfall 153019 (2022) Kat:3, Licht: 0","153019","3","6","4","09","13","6","","0","1","0","0","0"
"POINT (9.953681151000071 53.460303430000103)","Unfall 153020 (2022) Kat:3, Licht: 0","153020","3","6","4","11","13","2","","0","1","1","0","0"
"POINT (10.220539400000099 53.488981008000103)","Unfall 153021 (2022) Kat:3, Licht: 0","153021","3","7","0","10","11","6","","0","0","0","1","0"
"POINT (10.069563970000001 53.579729513000103)","Unfall 153022 (2022) Kat:3, Licht: 2","153022","3","6","2","10","21","5","","2","0","1","0","0"
"POINT (10.180917754000101 53.494099067000001)","Unfall 153023 (2022) Kat:3, Licht: 2","153023","3","7","1","11","07","3","","2","0","1","0","0"
"POINT (10.019177134000101 53.566781832000103)","Unfall 153024 (2022) Kat:3, Licht: 0","153024","3","7","0","10","10","3","","0","0","0","0","1"
"POINT (10.088173190000100 53.577827163000102)","Unfall 153025 (2022) Kat:3, Licht: 0","153025","3","7","3","09","16","1","","0","0","1","0","0"
"POINT (9.981943753000049 53.427666250000101)","Unfall 153026 (2022) Kat:3, Licht: 2","153026","3","7","0","09","01","7","","2","0","0","0","0"
"POINT (10.046724653000100 53.599776661000099)","Unfall 153027 (2022) Kat:3, Licht: 0","153027","3","2","2","10","07","4","","0","0","1","0","0"
"POINT (9.990923116000030 53.554237264999998)","Unfall 153028 (2022) Kat:3, Licht: 0","153028","3","3","5","09","17","5","","0","0","1","0","0"
"POINT (9.778062629000029 53.534949142000102)","Unfall 153029 (2022) Kat:3, Licht: 1","153029","3","6","6","11","07","2","","1","0","0","1","0"
"POINT (10.103328557000101 53.580254230000001)","Unfall 153030 (2022) Kat:3, Licht: 0","153030","3","6","2","09","17","2","","0","0","1","0","0"
"POINT (9.990427738000051 53.560905772000098)","Unfall 153031 (2022) Kat:3, Licht: 0","153031","3","6","2","09","16","2","","0","0","1","0","0"
"POINT (9.950753569000030 53.599537047000098)","Unfall 153032 (2022) Kat:2, Licht: 1","153032","2","1","0","12","05","2","","1","1","0","0","0"
"POINT (10.012639257000000 53.501658268000000)","Unfall 153033 (2022) Kat:2, Licht: 0","153033","2","2","4","10","10","6","","0","0","1","0","1"
"POINT (10.025151721000000 53.576784562999997)","Unfall 153034 (2022) Kat:3, Licht: 2","153034","3","3","5","11","07","6","","2","1","1","0","0"
"POINT (10.190757847000000 53.608912148999998)","Unfall 153035 (2022) Kat:3, Licht: 2","153035","3","3","5","10","06","5","","2","1","1","0","0"
"POINT (9.983735274000029 53.458505303999999)","Unfall 153036 (2022) Kat:3, Licht: 0","153036","3","7","6","10","11","3","","0","0","1","1","0"
"POINT (9.849790817000040 53.536434899000000)","Unfall 153037 (2022) Kat:3, Licht: 0","153037","3","1","0","11","09","1","","0","1","0","0","0"
"POINT (10.090567432000100 53.622681118999999)","Unfall 153038 (2022) Kat:3, Licht: 0","153038","3","3","5","10","08","1","","0","0","1","0","0"
"POINT (10.064603191000099 53.586529493000100)","Unfall 153039 (2022) Kat:3, Licht: 0","153039","3","3","5","09","15","6","","0","0","1","0","0"
"POINT (9.983461092000031 53.568871005000098)","Unfall 153040 (2022) Kat:3, Licht: 0","153040","3","3","5","09","16","5","","0","1","0","0","0"
"POINT (9.897511221000061 53.608238880999998)","Unfall 153041 (2022) Kat:3, Licht: 0","153041","3","1","0","11","09","5","","0","1","0","0","0"
"POINT (9.960267267000059 53.563552856999998)","Unfall 153042 (2022) Kat:3, Licht: 2","153042","3","7","0","10","23","4","","2","1","0","0","0"
"POINT (10.104664229000001 53.544650542000099)","Unfall 153043 (2022) Kat:3, Licht: 0","153043","3","3","5","10","11","3","","0","0","1","0","0"
"POINT (9.877753674000081 53.533977319000002)","Unfall 153044 (2022) Kat:3, Licht: 0","153044","3","4","6","09","16","5","","0","1","0","1","0"
"POINT (10.027480395000101 53.606130775000103)","Unfall 153045 (2022) Kat:3, Licht: 0","153045","3","3","5","09","09","3","","0","1","1","0","0"
"POINT (9.966473932000040 53.457970992000099)","Unfall 153046 (2022) Kat:3, Licht: 2","153046","3","7","3","11","22","6","","2","0","1","0","0"
"POINT (10.214110571999999 53.484259607000098)","Unfall 153047 (2022) Kat:3, Licht: 0","153047","3","3","5","09","13","7","","0","1","0","0","0"
"POINT (9.985176513000059 53.587802649000103)","Unfall 153048 (2022) Kat:3, Licht: 0","153048","3","4","6","09","13","7","","0","0","0","1","0"
"POINT (10.205751065000101 53.490203640000097)","Unfall 153049 (2022) Kat:3, Licht: 2","153049","3","7","6","12","21","7","","2","0","0","1","0"
"POINT (9.930697174000040 53.602555711000001)","Unfall 153050 (2022) Kat:3, Licht: 0","153050","3","3","5","11","14","4","","0","1","1","0","0"
"POINT (9.977634957000021 53.581627941000100)","Unfall 153051 (2022) Kat:3, Licht: 0","153051","3","7","0","11","08","1","","0","1","0","0","0"
"POINT (10.076365646000101 53.591788553000100)","Unfall 153052 (2022) Kat:3, Licht: 0","153052","3","7","0","10","10","6","","0","0","0","0","1"
"POINT (10.045950812000100 53.611431660999997)","Unfall 153053 (2022) Kat:3, Licht: 2","153053","3","3","5","11","18","7","","2","0","1","0","0"
"POINT (9.958395007000041 53.553089972000102)","Unfall 153054 (2022) Kat:3, Licht: 2","153054","3","7","0","10","23","5","","2","1","0","0","0"
"POINT (9.957474211000029 53.582848119000097)","Unfall 153055 (2022) Kat:3, Licht: 1","153055","3","2","3","10","07","3","","1","1","1","0","0"
"POINT (10.108639888000001 53.561970299000102)","Unfall 153056 (2022) Kat:3, Licht: 1","153056","3","6","2","11","16","6","","1","0","1","0","0"
"POINT (9.976511518000050 53.578147196000003)","Unfall 153057 (2022) Kat:3, Licht: 0","153057","3","6","2","10","14","6","","0","0","1","0","0"
"POINT (9.945848173000060 53.551922170000097)","Unfall 153058 (2022) Kat:3, Licht: 2","153058","3","7","0","10","03","1","","2","1","0","0","0"
"POINT (9.917655351000059 53.548491077999998)","Unfall 153059 (2022) Kat:3, Licht: 0","153059","3","2","4","09","14","7","","0","0","1","0","0"
"POINT (9.979542614000019 53.579804777000000)","Unfall 153060 (2022) Kat:2, Licht: 0","153060","2","7","0","09","17","6","","0","0","0","0","0"
"POINT (10.024168896999999 53.527993713000100)","Unfall 153061 (2022) Kat:3, Licht: 0","153061","3","3","5","11","09","4","","0","0","1","0","0"
"POINT (9.782014554000060 53.532108825000101)","Unfall 153062 (2022) Kat:3, Licht: 0","153062","3","7","1","10","08","3","","0","1","0","0","0"
"POINT (10.026387432000000 53.565142530000102)","Unfall 153063 (2022) Kat:3, Licht: 0","153063","3","4","6","10","08","5","","0","1","0","1","0"
"POINT (10.100850482000100 53.540373623999997)","Unfall 153064 (2022) Kat:3, Licht: 0","153064","3","3","5","09","10","5","","0","0","1","0","0"
"POINT (10.155878022000000 53.614223744000100)","Unfall 153065 (2022) Kat:3, Licht: 0","153065","3","2","3","09","08","4","","0","1","1","0","0"
"POINT (10.144658704999999 53.545180692000002)","Unfall 153066 (2022) Kat:2, Licht: 0","153066","2","2","4","11","10","7","","0","0","1","0","0"
"POINT (10.035684707000000 53.546778277999998)","Unfall 153067 (2022) Kat:3, Licht: 0","153067","3","6","2","09","14","6","","0","0","1","0","0"
"POINT (9.816758833000049 53.580975659000003)","Unfall 153068 (2022) Kat:3, Licht: 1","153068","3","2","2","09","18","2","","1","1","0","0","0"
"POINT (9.980776270000041 53.461825035000103)","Unfall 153069 (2022) Kat:3, Licht: 0","153069","3","7","1","12","10","6","","0","0","1","0","0"
"POINT (10.106416872000100 53.679051942999997)","Unfall 153070 (2022) Kat:3, Licht: 0","153070","3","7","0","11","09","3","","0","1","0","0","0"
"POINT (10.093428631000100 53.656325964000096)","Unfall 153071 (2022) Kat:3, Licht: 0","153071","3","3","5","11","09","7","","0","0","0","0","0"
"POINT (9.990964952000070 53.554213402000101)","Unfall 153072 (2022) Kat:3, Licht: 0","153072","3","7","0","10","15","4","","0","1","0","0","0"
"POINT (10.095851217000099 53.587634633999997)","Unfall 153073 (2022) Kat:3, Licht: 0","153073","3","5","5","10","10","2","","0","1","1","0","0"
"POINT (9.811162477000041 53.560703549000003)","Unfall 153074 (2022) Kat:3, Licht: 2","153074","3","4","6","11","17","5","","2","0","1","1","0"
"POINT (9.978578038000020 53.571110779000001)","Unfall 153075 (2022) Kat:3, Licht: 2","153075","3","7","0","10","04","6","","2","0","0","0","0"
"POINT (10.013987954000100 53.619246570000001)","Unfall 153076 (2022) Kat:3, Licht: 0","153076","3","2","4","09","08","4","","0","0","1","0","1"
"POINT (9.960184775000069 53.563634863000097)","Unfall 153077 (2022) Kat:3, Licht: 0","153077","3","7","0","09","18","5","","0","1","0","0","0"
"POINT (10.026153922000001 53.623927326999997)","Unfall 153078 (2022) Kat:3, Licht: 0","153078","3","6","2","10","12","3","","0","0","1","0","1"
"POINT (10.047516020000000 53.572189225000002)","Unfall 153079 (2022) Kat:2, Licht: 2","153079","2","3","5","09","18","4","","2","0","1","0","1"
"POINT (9.970348095000080 53.548794954000101)","Unfall 153080 (2022) Kat:3, Licht: 0","153080","3","7","0","09","18","3","","0","1","0","0","0"
"POINT (10.016883700999999 53.563628242000000)","Unfall 153081 (2022) Kat:3, Licht: 2","153081","3","6","2","11","00","5","","2","0","1","0","0"
"POINT (10.030031929000099 53.579909790999999)","Unfall 153082 (2022) Kat:3, Licht: 0","153082","3","3","5","10","15","7","","0","1","0","0","0"
"POINT (10.123505885000000 53.615880682000103)","Unfall 153083 (2022) Kat:3, Licht: 0","153083","3","3","5","09","10","7","","0","1","1","0","0"
"POINT (10.045828021000000 53.563197021000100)","Unfall 153084 (2022) Kat:3, Licht: 0","153084","3","1","0","11","11","3","","0","0","0","0","0"
"POINT (9.855963452000029 53.476992896000098)","Unfall 153085 (2022) Kat:3, Licht: 2","153085","3","4","6","10","23","1","","2","0","1","1","0"
"POINT (10.096291569000099 53.542561975000098)","Unfall 153086 (2022) Kat:3, Licht: 0","153086","3","2","3","11","13","5","","0","0","0","0","0"
"POINT (10.013862760000100 53.596057479000102)","Unfall 153087 (2022) Kat:3, Licht: 2","153087","3","6","2","11","17","4","","2","0","1","0","0"
"POINT (10.014577016000000 53.562166286000000)","Unfall 153088 (2022) Kat:3, Licht: 0","153088","3","6","2","10","10","2","","0","0","1","0","0"
"POINT (10.202854770000000 53.498571142999999)","Unfall 153089 (2022) Kat:3, Licht: 0","153089","3","4","6","10","15","5","","0","0","0","1","0"
"POINT (10.070087438000000 53.558445640000102)","Unfall 153090 (2022) Kat:3, Licht: 2","153090","3","6","3","11","16","4","","2","0","1","0","0"
"POINT (9.979332642000029 53.590401538000002)","Unfall 153091 (2022) Kat:3, Licht: 0","153091","3","6","3","09","14","3","","0","0","1","0","1"
"POINT (9.922607466000040 53.631801515000099)","Unfall 153092 (2022) Kat:3, Licht: 0","153092","3","6","3","09","10","3","","0","0","1","0","0"
"POINT (10.010022922000100 53.552070356000101)","Unfall 153093 (2022) Kat:3, Licht: 2","153093","3","3","5","10","23","2","","2","0","1","0","0"
"POINT (10.076841743999999 53.653050448000002)","Unfall 153094 (2022) Kat:3, Licht: 0","153094","3","6","3","11","15","3","","0","0","1","0","0"
"POINT (9.869100743000050 53.594515586000099)","Unfall 153095 (2022) Kat:3, Licht: 0","153095","3","6","2","09","16","6","","0","0","1","0","0"
"POINT (9.990932324000029 53.589360204999998)","Unfall 153096 (2022) Kat:3, Licht: 0","153096","3","6","3","11","14","3","","0","1","1","0","0"
"POINT (10.136387423000000 53.572152065000097)","Unfall 153097 (2022) Kat:3, Licht: 1","153097","3","6","3","10","07","6","","1","0","1","0","1"
"POINT (9.967338714000050 53.546203472999998)","Unfall 153098 (2022) Kat:3, Licht: 0","153098","3","7","0","10","17","4","","0","1","0","0","0"
"POINT (9.954946219000020 53.548719988000101)","Unfall 153099 (2022) Kat:3, Licht: 1","153099","3","4","6","11","16","3","","1","0","1","1","0"
"POINT (9.994441055000040 53.550547102000102)","Unfall 153100 (2022) Kat:3, Licht: 2","153100","3","7","0","10","19","2","","2","0","0","0","0"
"POINT (9.958272019000050 53.612194533000000)","Unfall 153101 (2022) Kat:3, Licht: 0","153101","3","6","2","09","12","2","","0","0","1","0","0"
"POINT (10.027489792000001 53.533192042000103)","Unfall 153102 (2022) Kat:3, Licht: 0","153102","3","4","6","09","17","6","","0","0","1","1","0"
"POINT (10.086836017000101 53.629262441999998)","Unfall 153103 (2022) Kat:3, Licht: 2","153103","3","7","3","10","21","4","","2","0","1","0","0"
"POINT (10.008954086000101 53.550650006000097)","Unfall 153104 (2022) Kat:3, Licht: 0","153104","3","4","6","10","18","5","","0","0","1","1","0"
"POINT (9.986575563000031 53.555615420999999)","Unfall 153105 (2022) Kat:3, Licht: 0","153105","3","2","4","09","16","5","","0","1","0","0","0"
"POINT (9.904990519000020 53.629704893000103)","Unfall 153106 (2022) Kat:3, Licht: 0","153106","3","7","1","11","15","2","","0","0","1","0","0"
"POINT (9.873960986000039 53.600312369000100)","Unfall 153107 (2022) Kat:3, Licht: 1","153107","3","5","1","09","07","1","","1","0","1","0","0"
"POINT (9.860582703000031 53.597947815000097)","Unfall 153108 (2022) Kat:3, Licht: 0","153108","3","6","2","09","08","2","","0","0","1","0","0"
"POINT (10.053250625000000 53.557073438000003)","Unfall 153109 (2022) Kat:3, Licht: 0","153109","3","3","5","12","12","2","","0","1","0","0","0"
"POINT (9.954096229000070 53.551366904000098)","Unfall 153110 (2022) Kat:3, Licht: 1","153110","3","3","5","11","07","5","","1","1","1","0","0"
"POINT (10.015829138000100 53.552367594000003)","Unfall 153111 (2022) Kat:3, Licht: 2","153111","3","1","9","10","00","7","","2","0","1","0","0"
"POINT (9.905754450000069 53.616620931000099)","Unfall 153112 (2022) Kat:3, Licht: 2","153112","3","5","0","11","17","7","","2","1","0","0","0"
"POINT (10.043949790000100 53.562393247000003)","Unfall 153113 (2022) Kat:3, Licht: 0","153113","3","5","3","10","13","4","","0","0","1","0","1"
"POINT (10.174126113000099 53.588602926000100)","Unfall 153114 (2022) Kat:3, Licht: 0","153114","3","2","4","10","07","2","","0","1","1","0","0"
"POINT (10.117154636000100 53.607216951000098)","Unfall 153115 (2022) Kat:3, Licht: 1","153115","3","6","2","11","16","1","","1","0","1","0","0"
"POINT (9.939746087000060 53.557879587000102)","Unfall 153116 (2022) Kat:3, Licht: 2","153116","3","1","1","10","03","1","","2","0","1","0","0"
"POINT (9.954788151000059 53.553702342000101)","Unfall 153117 (2022) Kat:3, Licht: 0","153117","3","7","1","09","13","6","","0","1","1","0","0"
"POINT (9.911805375000030 53.602758030000103)","Unfall 153118 (2022) Kat:3, Licht: 0","153118","3","1","8","09","17","5","","0","0","1","0","0"
"POINT (10.083884793999999 53.576994120999998)","Unfall 153119 (2022) Kat:3, Licht: 0","153119","3","2","2","11","15","4","","0","0","1","0","0"
"POINT (9.878091875000051 53.559478315000000)","Unfall 153120 (2022) Kat:3, Licht: 0","153120","3","3","5","10","12","4","","0","0","1","0","1"
"POINT (9.958476402000031 53.441492346000103)","Unfall 153121 (2022) Kat:3, Licht: 0","153121","3","5","5","09","16","4","","0","0","1","0","0"
"POINT (10.019229724000100 53.538943019999998)","Unfall 153122 (2022) Kat:3, Licht: 1","153122","3","3","5","09","19","4","","1","0","1","0","0"
"POINT (10.015545075000000 53.545540611000000)","Unfall 153123 (2022) Kat:3, Licht: 0","153123","3","6","1","11","13","6","","0","0","1","0","0"
"POINT (10.038267367000101 53.609050184000097)","Unfall 153124 (2022) Kat:3, Licht: 1","153124","3","4","6","09","07","6","","1","0","1","1","0"
"POINT (10.070886064000000 53.553539622000102)","Unfall 153125 (2022) Kat:3, Licht: 0","153125","3","5","1","09","11","7","","0","0","1","0","1"
"POINT (10.096939684000100 53.575778821000000)","Unfall 153126 (2022) Kat:3, Licht: 0","153126","3","7","0","12","13","6","","0","0","0","0","0"
"POINT (10.004530232000000 53.554269334000097)","Unfall 153127 (2022) Kat:3, Licht: 2","153127","3","7","2","11","18","4","","2","0","0","0","1"
"POINT (10.035421910000000 53.601140337000103)","Unfall 153128 (2022) Kat:2, Licht: 0","153128","2","2","6","11","07","7","","0","0","1","1","0"
"POINT (9.966598986000060 53.546288447000101)","Unfall 153129 (2022) Kat:3, Licht: 0","153129","3","6","2","10","12","4","","0","0","1","0","0"
"POINT (10.005306757000000 53.557931000000103)","Unfall 153130 (2022) Kat:3, Licht: 0","153130","3","4","6","10","17","1","","0","0","1","1","0"
"POINT (10.032217838000101 53.578685604000000)","Unfall 153131 (2022) Kat:3, Licht: 2","153131","3","4","6","11","20","5","","2","0","1","1","0"
"POINT (10.099256145000000 53.605634346000002)","Unfall 153132 (2022) Kat:3, Licht: 1","153132","3","7","0","09","19","4","","1","1","0","0","0"
"POINT (9.973919167000080 53.457263017999999)","Unfall 153133 (2022) Kat:3, Licht: 0","153133","3","1","1","09","10","3","","0","0","1","0","1"
"POINT (9.965646110000019 53.565841271000103)","Unfall 153134 (2022) Kat:3, Licht: 1","153134","3","5","1","09","18","3","","1","0","1","0","1"
"POINT (9.864719196000070 53.573427526000003)","Unfall 153135 (2022) Kat:3, Licht: 0","153135","3","3","5","09","16","2","","0","0","1","0","0"
"POINT (10.028128626000100 53.608605793999999)","Unfall 153136 (2022) Kat:3, Licht: 2","153136","3","7","0","11","21","5","","2","1","0","0","0"
"POINT (10.060156616000000 53.571724602000103)","Unfall 153137 (2022) Kat:3, Licht: 1","153137","3","2","3","09","19","6","","1","1","1","0","0"
"POINT (9.964731871000030 53.573085136000003)","Unfall 153138 (2022) Kat:3, Licht: 0","153138","3","7","3","09","08","6","","0","0","1","0","1"