WKT,Name,OBJECTID,UKATEGORIE,UTYP1,UART,UMONAT,USTUNDE,UWOCHENTAG,STRZUSTAND,ULICHTVERH,ISTRAD,ISTPKW,ISTFUSS,ISTKRAD
"POINT (10.070717603000000 53.573032877000102)","Unfall 153139 (2022) Kat:3, Licht: 1","153139","3","7","1","12","07","5","","1","1","0","0","0"
"POINT (10.003874976000100 53.557274448999998)","Unfall 153140 (2022) Kat:3, Licht: 2","153140","3","3","5","11","17","3","","2","1","1","0","0"
"POINT (10.083960328000000 53.571532170000097)","Unfall 153141 (2022) Kat:3, Licht: 0","153141","3","6","3","11","15","6","","0","1","0","0","0"
"POINT (9.966322765000029 53.585422586999996)","Unfall 153142 (2022) Kat:3, Licht: 2","153142","3","6","6","10","22","6","","2","1","0","1","0"
"POINT (10.017762547000100 53.605340320000003)","Unfall 153143 (2022) Kat:3, Licht: 0","153143","3","2","4","11","09","3","","0","0","1","0","0"
"POINT (9.967626175000021 53.545787175000001)","Unfall 153144 (2022) Kat:3, Licht: 0","153144","3","7","6","10","12","2","","0","0","1","1","0"
"POINT (10.001309322999999 53.665330116000099)","Unfall 153145 (2022) Kat:3, Licht: 0","153145","3","6","2","10","16","6","","0","0","1","0","0"
"POINT (9.974224683000051 53.569299217999998)","Unfall 153146 (2022) Kat:3, Licht: 2","153146","3","4","6","11","18","5","","2","1","0","1","0"
"POINT (10.057146501000000 53.592287034999998)","Unfall 153147 (2022) Kat:3, Licht: 0","153147","3","6","2","09","07","3","","0","0","1","0","0"
"POINT (10.115764480000101 53.488056162000099)","Unfall 153148 (2022) Kat:3, Licht: 0","153148","3","2","2","09","07","2","","0","0","0","0","1"
"POINT (10.159638929000000 53.605341535000001)","Unfall 153149 (2022) Kat:3, Licht: 2","153149","3","4","6","12","18","2","","2","0","1","1","0"
"POINT (9.995821181000050 53.455438248000100)","Unfall 153150 (2022) Kat:2, Licht: 2","153150","2","1","8","10","05","2","","2","0","1","0","0"
"POINT (9.920236438000069 53.633275684000097)","Unfall 153151 (2022) Kat:3, Licht: 0","153151","3","6","4","10","12","4","","0","0","1","0","0"
"POINT (10.127226166000099 53.575469702000099)","Unfall 153152 (2022) Kat:3, Licht: 0","153152","3","6","2","10","13","1","","0","0","1","0","0"
"POINT (10.022586138000101 53.584418265000103)","Unfall 153153 (2022) Kat:3, Licht: 2","153153","3","5","0","11","18","5","","2","0","1","0","1"
"POINT (10.135089269000000 53.606672087000000)","Unfall 153154 (2022) Kat:3, Licht: 0","153154","3","5","5","09","11","5","","0","0","1","0","0"
"POINT (10.088655882000101 53.652787402999998)","Unfall 153155 (2022) Kat:3, Licht: 0","153155","3","5","5","09","16","4","","0","1","1","0","0"
"POINT (10.056319758000001 53.554985635000001)","Unfall 153156 (2022) Kat:3, Licht: 0","153156","3","6","3","10","08","5","","0","0","1","0","0"
"POINT (9.916790627000070 53.495404432000001)","Unfall 153157 (2022) Kat:3, Licht: 0","153157","3","3","5","09","15","3","","0","0","1","0","0"
"POINT (10.151735811000000 53.603427828000100)","Unfall 153158 (2022) Kat:3, Licht: 0","153158","3","7","0","09","07","2","","0","1","0","0","0"
"POINT (10.013703004000000 53.600164094000000)","Unfall 153159 (2022) Kat:3, Licht: 0","153159","3","3","5","11","15","5","","0","0","1","0","0"
"POINT (10.118434527000000 53.560382618000098)","Unfall 153160 (2022) Kat:3, Licht: 0","153160","3","6","3","10","17","7","","0","0","1","0","0"
"POINT (10.018992589000000 53.560696272000001)","Unfall 153161 (2022) Kat:3, Licht: 0","153161","3","6","3","09","08","5","","0","0","1","0","1"
"POINT (10.086997166000099 53.534099965000102)","Unfall 153162 (2022) Kat:3, Licht: 1","153162","3","5","5","11","06","4","","1","0","1","0","0"
"POINT (9.982911359000070 53.543454721000003)","Unfall 153163 (2022) Kat:3, Licht: 0","153163","3","4","6","10","16","2","","0","1","0","1","0"
"POINT (9.976927117000059 53.577926259000002)","Unfall 153164 (2022) Kat:3, Licht: 1","153164","3","6","2","11","07","6","","1","0","1","0","0"
"POINT (10.127692381999999 53.654982531000002)","Unfall 153165 (2022) Kat:3, Licht: 1","153165","3","3","5","11","07","4","","1","1","1","0","0"
"POINT (9.966598563000050 53.640472020000097)","Unfall 153166 (2022) Kat:3, Licht: 0","153166","3","1","0","10","14","2","","0","1","0","0","0"
"POINT (9.897124231000021 53.627678647000003)","Unfall 153167 (2022) Kat:3, Licht: 0","153167","3","3","5","10","17","6","","0","0","1","0","0"
"POINT (9.967370710000070 53.579942995000103)","Unfall 153168 (2022) Kat:3, Licht: 2","153168","3","3","5","11","06","4","","2","1","0","0","0"
"POINT (10.168001028999999 53.606159838000103)","Unfall 153169 (2022) Kat:3, Licht: 0","153169","3","2","3","09","14","3","","0","1","0","0","0"
"POINT (10.094071045000000 53.656726865000103)","Unfall 153170 (2022) Kat:3, Licht: 0","153170","3","7","0","09","18","3","","0","1","0","0","0"
"POINT (9.980082490000029 53.582377972000103)","Unfall 153171 (2022) Kat:1, Licht: 0","153171","1","4","6","10","12","3","","0","0","0","1","0"
"POINT (9.970704512000051 53.568978487000003)","Unfall 153172 (2022) Kat:3, Licht: 2","153172","3","5","0","11","18","3","","2","1","1","0","0"
"POINT (9.907627969000030 53.632543354000099)","Unfall 153173 (2022) Kat:3, Licht: 2","153173","3","3","5","11","21","3","","2","1","1","0","0"
"POINT (9.895853450000059 53.546301953000103)","Unfall 153174 (2022) Kat:3, Licht: 0","153174","3","1","0","10","13","7","","0","1","0","0","0"
"POINT (9.902865728000050 53.603203583999999)","Unfall 153175 (2022) Kat:3, Licht: 2","153175","3","5","1","10","00","5","","2","0","1","0","1"
"POINT (10.167350331000000 53.650273578000103)","Unfall 153176 (2022) Kat:3, Licht: 2","153176","3","4","6","11","17","2","","2","0","1","1","0"
"POINT (10.106463344000099 53.556825156000102)","Unfall 153177 (2022) Kat:3, Licht: 0","153177","3","6","4","10","14","2","","0","0","1","0","0"
"POINT (10.059380729000100 53.595792577000097)","Unfall 153178 (2022) Kat:3, Licht: 1","153178","3","5","5","09","18","2","","1","0","1","0","0"
"POINT (9.984622114000050 53.457117593000099)","Unfall 153179 (2022) Kat:3, Licht: 0","153179","3","6","3","09","16","7","","0","0","1","0","0"
"POINT (10.082492676000101 53.535008607000101)","Unfall 153180 (2022) Kat:2, Licht: 0","153180","2","1","9","11","15","3","","0","0","0","0","1"
"POINT (9.939629450000041 53.553351100000000)","Unfall 153181 (2022) Kat:3, Licht: 0","153181","3","3","5","10","13","5","","0","1","1","0","0"
"POINT (9.859025203000041 53.558073766000099)","Unfall 153182 (2022) Kat:3, Licht: 0","153182","3","2","2","10","08","5","","0","1","1","0","0"
"POINT (9.905838531000031 53.555198959000101)","Unfall 153183 (2022) Kat:2, Licht: 1","153183","2","4","6","09","06","6","","1","0","1","1","0"
"POINT (10.004075195000000 53.509368279999997)","Unfall 153184 (2022) Kat:3, Licht: 0","153184","3","6","2","09","16","4","","0","0","1","0","0"
"POINT (10.080070257999999 53.600851997000099)","Unfall 153185 (2022) Kat:3, Licht: 2","153185","3","6","2","11","17","3","","2","0","1","0","0"
"POINT (9.874264418000051 53.604743696000099)","Unfall 153186 (2022) Kat:3, Licht: 0","153186","3","7","2","09","11","2","","0","1","0","0","0"
"POINT (10.111246832000100 53.701582363000099)","Unfall 153187 (2022) Kat:3, Licht: 1","153187","3","7","0","09","19","2","","1","1","0","0","0"
"POINT (10.050786268000000 53.602509711000003)","Unfall 153188 (2022) Kat:3, Licht: 0","153188","3","7","0","11","13","4","","0","1","0","0","0"
"POINT (9.938446068000079 53.553389852000102)","Unfall 153189 (2022) Kat:2, Licht: 2","153189","2","4","6","10","21","1","","2","0","0","1","0"
"POINT (10.064319846000000 53.598381376000098)","Unfall 153190 (2022) Kat:3, Licht: 0","153190","3","7","1","11","10","6","","0","1","1","0","0"
"POINT (9.879005731000060 53.534478120000102)","Unfall 153191 (2022) Kat:3, Licht: 0","153191","3","7","3","10","16","5","","0","1","1","0","0"
"POINT (9.988282847000050 53.549338584000097)","Unfall 153192 (2022) Kat:3, Licht: 0","153192","3","1","0","10","16","3","","0","0","0","0","0"
"POINT (10.286636588000000 53.427749273000103)","Unfall 153193 (2022) Kat:3, Licht: 2","153193","3","5","1","11","16","1","","2","0","1","0","0"
"POINT (10.129059042000099 53.538940228999998)","Unfall 153194 (2022) Kat:3, Licht: 0","153194","3","6","2","10","13","5","","0","0","1","0","0"
"POINT (9.906102377000019 53.616511545999998)","Unfall 153195 (2022) Kat:3, Licht: 0","153195","3","6","2","10","14","7","","0","0","1","0","0"
"POINT (9.806656636000071 53.513561439000100)","Unfall 153196 (2022) Kat:3, Licht: 2","153196","3","6","2","09","05","5","","2","0","1","0","1"
"POINT (10.063776656000099 53.538431053000103)","Unfall 153197 (2022) Kat:3, Licht: 0","153197","3","1","0","09","14","5","","0","1","0","0","0"
"POINT (9.972835730000041 53.561170676000103)","Unfall 153198 (2022) Kat:3, Licht: 0","153198","3","6","3","11","12","6","","0","1","1","0","0"
"POINT (10.026011430000001 53.622052956000097)","Unfall 153199 (2022) Kat:3, Licht: 0","153199","3","6","2","10","15","3","","0","0","1","0","0"
"POINT (9.947654820000031 53.582193799999999)","Unfall 153200 (2022) Kat:3, Licht: 0","153200","3","3","5","09","14","5","","0","0","1","0","0"
"POINT (10.162705404000100 53.514215341000103)","Unfall 153201 (2022) Kat:3, Licht: 0","153201","3","5","1","09","13","3","","0","1","1","0","0"
"POINT (10.010833977000100 53.461309639000000)","Unfall 153202 (2022) Kat:3, Licht: 2","153202","3","6","2","11","21","6","","2","0","1","0","0"
"POINT (10.209385027000099 53.486031298000100)","Unfall 153203 (2022) Kat:3, Licht: 2","153203","3","1","9","09","01","7","","2","0","0","0","0"
"POINT (9.758382505000039 53.565608661000098)","Unfall 153204 (2022) Kat:3, Licht: 0","153204","3","7","0","09","12","7","","0","1","0","0","0"
"POINT (10.023177799000100 53.611406240000100)","Unfall 153205 (2022) Kat:3, Licht: 0","153205","3","2","3","12","14","6","","0","1","0","0","0"
"POINT (10.017068040000000 53.563750372000101)","Unfall 153206 (2022) Kat:3, Licht: 0","153206","3","6","2","11","15","3","","0","0","1","0","0"
"POINT (9.968407413000021 53.557353206000101)","Unfall 153207 (2022) Kat:3, Licht: 2","153207","3","7","0","11","00","1","","2","0","1","1","0"
"POINT (10.093813498999999 53.644913715000001)","Unfall 153208 (2022) Kat:3, Licht: 0","153208","3","7","0","10","12","3","","0","1","0","0","0"
"POINT (10.012248511000100 53.592979329000102)","Unfall 153209 (2022) Kat:3, Licht: 0","153209","3","5","1","10","08","1","","0","0","1","0","0"
"POINT (10.032942735000100 53.607781555000003)","Unfall 153210 (2022) Kat:3, Licht: 0","153210","3","1","0","11","08","4","","0","1","0","0","0"
"POINT (10.021328008000101 53.524846267000001)","Unfall 153211 (2022) Kat:3, Licht: 0","153211","3","3","5","09","16","4","","0","0","0","0","1"
"POINT (10.024221014000000 53.584779180000098)","Unfall 153212 (2022) Kat:3, Licht: 0","153212","3","3","0","09","10","4","","0","0","1","0","1"
"POINT (9.927737878000070 53.587343933000099)","Unfall 153213 (2022) Kat:3, Licht: 2","153213","3","1","0","09","21","3","","2","0","0","0","1"
"POINT (10.067769235000100 53.582341664000097)","Unfall 153214 (2022) Kat:3, Licht: 0","153214","3","2","4","09","11","1","","0","0","1","0","0"
"POINT (9.909925423000059 53.629287631000103)","Unfall 153215 (2022) Kat:3, Licht: 2","153215","3","6","3","11","17","5","","2","1","0","0","1"
"POINT (10.082658942000000 53.576684759999999)","Unfall 153216 (2022) Kat:3, Licht: 2","153216","3","2","2","09","21","6","","2","0","1","0","0"
"POINT (9.915872559000039 53.642710699000098)","Unfall 153217 (2022) Kat:3, Licht: 0","153217","3","2","4","09","13","6","","0","0","1","0","0"
"POINT (10.130128246000000 53.599629460000102)","Unfall 153218 (2022) Kat:3, Licht: 0","153218","3","2","4","11","15","3","","0","0","1","0","0"
"POINT (9.954570721000040 53.455719714000097)","Unfall 153219 (2022) Kat:3, Licht: 0","153219","3","7","0","10","12","7","","0","0","0","0","1"
"POINT (10.082742309000000 53.548397579000003)","Unfall 153220 (2022) Kat:3, Licht: 0","153220","3","1","0","11","15","6","","0","0","0","0","1"
"POINT (10.024244959000001 53.564827510999997)","Unfall 153221 (2022) Kat:3, Licht: 2","153221","3","5","3","10","21","6","","2","1","0","0","0"
"POINT (9.918343970000020 53.566715233000103)","Unfall 153222 (2022) Kat:3, Licht: 2","153222","3","6","3","11","19","3","","2","1","1","0","0"
"POINT (9.987821699000049 53.556132494000103)","Unfall 153223 (2022) Kat:2, Licht: 2","153223","2","4","6","09","03","1","","2","0","1","1","0"
"POINT (10.104315433000099 53.448306920999997)","Unfall 153224 (2022) Kat:2, Licht: 0","153224","2","1","8","10","09","5","","0","0","0","0","1"
"POINT (9.846518577000040 53.559475859000003)","Unfall 153225 (2022) Kat:3, Licht: 1","153225","3","1","0","11","16","3","","1","1","0","0","0"
"POINT (9.991752905000061 53.424905998000000)","Unfall 153226 (2022) Kat:2, Licht: 0","153226","2","2","3","09","13","3","","0","0","0","0","1"
"POINT (10.046862933000099 53.539148777000001)","Unfall 153227 (2022) Kat:3, Licht: 0","153227","3","7","2","09","14","3","","0","1","0","0","0"
"POINT (9.954723454000030 53.569418214000102)","Unfall 153228 (2022) Kat:3, Licht: 0","153228","3","3","5","12","15","2","","0","1","0","0","0"
"POINT (10.062788633000000 53.577842240000102)","Unfall 153229 (2022) Kat:2, Licht: 0","153229","2","7","6","10","11","1","","0","0","1","1","0"
"POINT (10.023122459000000 53.529482870000002)","Unfall 153230 (2022) Kat:3, Licht: 2","153230","3","6","3","11","16","2","","2","0","1","0","0"
"POINT (10.148395588000000 53.543635879000099)","Unfall 153231 (2022) Kat:2, Licht: 1","153231","2","6","2","10","20","7","","1","0","1","0","0"
"POINT (10.004680484000099 53.551641250999999)","Unfall 153232 (2022) Kat:3, Licht: 2","153232","3","1","0","10","02","6","","2","0","0","0","0"
"POINT (9.973966414000071 53.459969803000000)","Unfall 153233 (2022) Kat:3, Licht: 2","153233","3","6","2","11","16","6","","2","0","1","0","0"
"POINT (9.932035475000021 53.546615454000097)","Unfall 153234 (2022) Kat:3, Licht: 2","153234","3","2","4","10","22","6","","2","0","1","0","0"
"POINT (10.015304209000000 53.518510765000002)","Unfall 153235 (2022) Kat:3, Licht: 0","153235","3","3","5","10","10","2","","0","0","1","0","0"
"POINT (10.118678295000100 53.601510052999998)","Unfall 153236 (2022) Kat:3, Licht: 2","153236","3","7","0","09","00","7","","2","1","0","0","0"
"POINT (10.144087197999999 53.525076624000100)","Unfall 153237 (2022) Kat:3, Licht: 0","153237","3","6","2","09","11","7","","0","0","1","0","0"
"POINT (10.102558334999999 53.542206142000097)","Unfall 153238 (2022) Kat:3, Licht: 2","153238","3","6","2","11","18","5","","2","0","1","0","0"
"POINT (10.051092832000100 53.557563990000098)","Unfall 153239 (2022) Kat:2, Licht: 0","153239","2","7","0","10","09","5","","0","1","1","0","0"
"POINT (9.946870059000050 53.565113762000102)","Unfall 153240 (2022) Kat:3, Licht: 0","153240","3","4","6","09","07","6","","0","1","0","1","0"
"POINT (9.893460342000029 53.611780816000099)","Unfall 153241 (2022) Kat:3, Licht: 0","153241","3","6","1","09","19","4","","0","1","1","1","0"
"POINT (9.899586485000039 53.588552452000002)","Unfall 153242 (2022) Kat:3, Licht: 0","153242","3","7","0","11","15","7","","0","0","0","1","0"
"POINT (10.023527434000099 53.526915324000100)","Unfall 153243 (2022) Kat:3, Licht: 0","153243","3","2","2","09","17","1","","0","0","1","0","0"
"POINT (10.039214013000000 53.606563459000000)","Unfall 153244 (2022) Kat:3, Licht: 0","153244","3","3","5","09","11","2","","0","0","1","0","0"
"POINT (9.915534150000040 53.548742213000097)","Unfall 153245 (2022) Kat:3, Licht: 2","153245","3","1","0","12","03","1","","2","0","0","0","0"
"POINT (9.883529457000069 53.482572421999997)","Unfall 153246 (2022) Kat:3, Licht: 0","153246","3","5","1","11","11","3","","0","1","1","0","0"
"POINT (9.957604160000070 53.567276849000102)","Unfall 153247 (2022) Kat:3, Licht: 2","153247","3","1","0","11","02","7","","2","1","0","0","0"
"POINT (9.928321867000021 53.643639409000102)","Unfall 153248 (2022) Kat:3, Licht: 0","153248","3","6","3","10","10","5","","0","0","1","0","0"
"POINT (10.017922900000000 53.613089142000000)","Unfall 153249 (2022) Kat:3, Licht: 2","153249","3","1","8","10","19","3","","2","0","0","0","1"
"POINT (9.918873101000029 53.602421509000102)","Unfall 153250 (2022) Kat:2, Licht: 0","153250","2","7","0","11","16","6","","0","1","0","0","0"
"POINT (9.907644411000041 53.632554533000103)","Unfall 153251 (2022) Kat:3, Licht: 0","153251","3","3","5","10","11","7","","0","1","1","0","0"
"POINT (10.016770985999999 53.562203777000001)","Unfall 153252 (2022) Kat:3, Licht: 0","153252","3","4","6","09","08","5","","0","0","1","1","0"
"POINT (10.015732373000001 53.590147991000002)","Unfall 153253 (2022) Kat:3, Licht: 0","153253","3","7","0","09","08","6","","0","0","0","0","0"
"POINT (9.965512106000061 53.565333289000101)","Unfall 153254 (2022) Kat:3, Licht: 0","153254","3","2","3","11","12","3","","0","1","1","0","0"
"POINT (10.146951893000100 53.417990865000000)","Unfall 153255 (2022) Kat:3, Licht: 2","153255","3","1","0","11","06","1","","2","0","0","0","1"
"POINT (10.019055650000000 53.560662454000102)","Unfall 153256 (2022) Kat:3, Licht: 2","153256","3","6","3","10","20","6","","2","0","0","0","0"
"POINT (10.094837853000101 53.578710856999997)","Unfall 153257 (2022) Kat:2, Licht: 2","153257","2","7","9","10","22","4","","2","0","1","0","0"
"POINT (10.015733000000100 53.569159173000102)","Unfall 153258 (2022) Kat:3, Licht: 0","153258","3","6","3","11","14","1","","0","0","1","0","0"
"POINT (10.019189064000001 53.552614151999997)","Unfall 153259 (2022) Kat:3, Licht: 0","153259","3","3","5","10","13","2","","0","0","1","0","1"
"POINT (10.033924533000100 53.579889150000000)","Unfall 153260 (2022) Kat:3, Licht: 0","153260","3","3","5","09","15","1","","0","0","1","0","0"
"POINT (9.978570399000031 53.597705900999998)","Unfall 153261 (2022) Kat:3, Licht: 0","153261","3","3","5","09","14","1","","0","1","1","0","0"
"POINT (10.039329019000000 53.595913371999998)","Unfall 153262 (2022) Kat:2, Licht: 0","153262","2","1","0","11","14","5","","0","1","0","0","0"
"POINT (9.914000984000040 53.636633332000002)","Unfall 153263 (2022) Kat:3, Licht: 0","153263","3","3","5","10","12","4","","0","1","0","0","0"
"POINT (10.058352329000099 53.569995120999998)","Unfall 153264 (2022) Kat:3, Licht: 0","153264","3","6","2","10","15","5","","0","0","1","0","0"
"POINT (9.856554827000020 53.563929739999999)","Unfall 153265 (2022) Kat:3, Licht: 0","153265","3","6","3","09","16","6","","0","1","0","0","0"
"POINT (9.916131404000049 53.600306832999998)","Unfall 153266 (2022) Kat:3, Licht: 0","153266","3","2","4","09","09","5","","0","0","1","0","1"
"POINT (10.058754480000101 53.570204990000001)","Unfall 153267 (2022) Kat:3, Licht: 1","153267","3","3","5","11","07","2","","1","1","0","0","0"
"POINT (10.038605471000000 53.608342462000103)","Unfall 153268 (2022) Kat:3, Licht: 2","153268","3","2","4","09","21","2","","2","0","1","0","0"
"POINT (10.074108712999999 53.457973063000097)","Unfall 153269 (2022) Kat:3, Licht: 0","153269","3","6","2","09","16","1","","0","0","1","0","1"
"POINT (9.961816234000031 53.552563579999998)","Unfall 153270 (2022) Kat:3, Licht: 2","153270","3","5","1","12","07","1","","2","1","1","0","0"
"POINT (10.008609699999999 53.575398933000002)","Unfall 153271 (2022) Kat:3, Licht: 0","153271","3","5","1","11","14","4","","0","1","1","0","0"
"POINT (9.983225287000041 53.589821569999998)","Unfall 153272 (2022) Kat:3, Licht: 0","153272","3","7","0","10","12","7","","0","0","0","0","0"
"POINT (9.976561622000080 53.576721712000101)","Unfall 153273 (2022) Kat:3, Licht: 0","153273","3","2","4","11","13","6","","0","1","1","0","0"
"POINT (10.035665965000000 53.575070950000097)","Unfall 153274 (2022) Kat:3, Licht: 1","153274","3","2","5","10","07","5","","1","1","0","0","0"
"POINT (9.988528195000070 53.465746382000098)","Unfall 153275 (2022) Kat:3, Licht: 0","153275","3","1","0","10","14","4","","0","1","0","0","0"
"POINT (9.991353484000060 53.500696498000103)","Unfall 153276 (2022) Kat:3, Licht: 1","153276","3","2","2","11","06","5","","1","0","1","0","0"
"POINT (10.013298756999999 53.599954248000103)","Unfall 153277 (2022) Kat:3, Licht: 0","153277","3","2","4","10","13","7","","0","1","1","0","0"
"POINT (10.125940271999999 53.669847461000103)","Unfall 153278 (2022) Kat:3, Licht: 0","153278","3","6","2","09","19","6","","0","0","1","0","1"
"POINT (9.852988666000041 53.593281277000102)","Unfall 153279 (2022) Kat:3, Licht: 0","153279","3","2","3","09","17","6","","0","0","1","0","0"
"POINT (9.934388827000021 53.555581472000000)","Unfall 153280 (2022) Kat:3, Licht: 0","153280","3","2","5","10","13","4","","0","1","0","0","0"
"POINT (10.013281474000101 53.639751519000100)","Unfall 153281 (2022) Kat:3, Licht: 0","153281","3","2","5","09","15","5","","0","1","1","0","0"
"POINT (9.993067628000061 53.570599395999999)","Unfall 153282 (2022) Kat:3, Licht: 0","153282","3","3","5","09","17","3","","0","1","1","0","0"
"POINT (9.854709865000070 53.550365163999999)","Unfall 153283 (2022) Kat:3, Licht: 0","153283","3","1","0","11","08","6","","0","1","0","0","0"
"POINT (10.148540619000100 53.585833685000097)","Unfall 153284 (2022) Kat:3, Licht: 2","153284","3","7","0","09","21","7","","2","1","0","0","0"
"POINT (10.038311065000100 53.559196829000001)","Unfall 153285 (2022) Kat:3, Licht: 0","153285","3","6","3","11","15","3","","0","0","1","0","1"
"POINT (9.905309979000039 53.549513127000097)","Unfall 153286 (2022) Kat:3, Licht: 0","153286","3","6","3","11","16","4","","0","1","0","0","0"
"POINT (10.140901854999999 53.597447801000001)","Unfall 153287 (2022) Kat:3, Licht: 2","153287","3","1","8","11","03","1","","2","0","1","0","0"
"POINT (9.948678703000040 53.464644602000099)","Unfall 153288 (2022) Kat:3, Licht: 0","153288","3","2","3","10","15","3","","0","0","1","0","0"
"POINT (10.097789705000000 53.620204525000098)","Unfall 153289 (2022) Kat:3, Licht: 2","153289","3","7","0","10","19","7","","2","1","0","0","0"
"POINT (9.999640298000029 53.576351766000101)","Unfall 153290 (2022) Kat:3, Licht: 0","153290","3","7","0","11","10","5","","0","1","0","0","0"
"POINT (10.026764189000099 53.626287223000098)","Unfall 153291 (2022) Kat:3, Licht: 2","153291","3","3","5","09","21","4","","2","0","1","0","0"
"POINT (9.860859338000070 53.598010027999997)","Unfall 153292 (2022) Kat:3, Licht: 0","153292","3","3","5","09","08","4","","0","1","0","0","0"
"POINT (9.989191229000030 53.581962754000102)","Unfall 153293 (2022) Kat:3, Licht: 0","153293","3","3","5","09","13","4","","0","1","1","0","0"
"POINT (10.113332871000100 53.594394518000101)","Unfall 153294 (2022) Kat:3, Licht: 0","153294","3","5","1","09","18","1","","0","1","1","0","0"
"POINT (9.959799710000031 53.564070388000097)","Unfall 153295 (2022) Kat:3, Licht: 2","153295","3","7","1","11","18","5","","2","1","1","0","0"
"POINT (10.041160314000001 53.647889292000102)","Unfall 153296 (2022) Kat:3, Licht: 0","153296","3","6","3","10","16","1","","0","0","1","0","1"
"POINT (9.995409322000061 53.594404460000099)","Unfall 153297 (2022) Kat:3, Licht: 2","153297","3","7","0","09","20","5","","2","1","0","0","0"
"POINT (9.983890779000030 53.564595851000000)","Unfall 153298 (2022) Kat:3, Licht: 0","153298","3","3","5","11","14","2","","0","1","1","0","0"
"POINT (9.975115296000070 53.588602999999999)","Unfall 153299 (2022) Kat:3, Licht: 0","153299","3","7","0","11","10","3","","0","1","0","0","0"
"POINT (10.074932216000001 53.574606310000000)","Unfall 153300 (2022) Kat:3, Licht: 0","153300","3","2","4","11","09","6","","0","0","1","0","0"
"POINT (10.007177622000000 53.592287837000100)","Unfall 153301 (2022) Kat:3, Licht: 0","153301","3","7","0","10","15","6","","0","0","0","0","1"
"POINT (10.008160574000000 53.614764357000098)","Unfall 153302 (2022) Kat:3, Licht: 2","153302","3","2","4","11","18","2","","2","1","1","0","0"
"POINT (10.083493353000099 53.542249052999999)","Unfall 153303 (2022) Kat:3, Licht: 0","153303","3","6","2","09","15","2","","0","0","1","0","0"
"POINT (9.900918356000030 53.503650555000000)","Unfall 153304 (2022) Kat:3, Licht: 0","153304","3","5","5","09","17","2","","0","1","1","0","0"
"POINT (9.906700043000059 53.610172493999997)","Unfall 153305 (2022) Kat:3, Licht: 2","153305","3","1","1","10","22","6","","2","0","1","0","0"
"POINT (10.137753801000001 53.608074133999999)","Unfall 153306 (2022) Kat:3, Licht: 0","153306","3","3","5","11","16","2","","0","1","1","0","0"
"POINT (9.789337658000020 53.515923469000001)","Unfall 153307 (2022) Kat:3, Licht: 0","153307","3","3","5","09","18","3","","0","0","1","0","0"
"POINT (9.995079057000050 53.602083161000103)","Unfall 153308 (2022) Kat:3, Licht: 0","153308","3","6","2","09","08","3","","0","0","1","0","0"
"POINT (9.891508689000030 53.593181190999999)","Unfall 153309 (2022) Kat:3, Licht: 2","153309","3","2","6","12","18","2","","2","0","1","1","0"
"POINT (10.082112217000001 53.511843356999997)","Unfall 153310 (2022) Kat:3, Licht: 0","153310","3","6","4","10","15","7","","0","1","0","0","0"
"POINT (9.963281496000040 53.603541446000101)","Unfall 153311 (2022) Kat:3, Licht: 0","153311","3","7","0","11","12","6","","0","0","0","0","1"
"POINT (9.959744371000060 53.591281566000099)","Unfall 153312 (2022) Kat:3, Licht: 0","153312","3","6","2","10","15","5","","0","1","1","0","0"
"POINT (10.106505384000100 53.538019060000103)","Unfall 153313 (2022) Kat:3, Licht: 2","153313","3","7","3","10","19","2","","2","0","1","0","0"
"POINT (10.152788144000100 53.596708670000098)","Unfall 153314 (2022) Kat:3, Licht: 0","153314","3","6","2","11","12","6","","0","0","1","0","0"
"POINT (9.910846839000040 53.513899268999999)","Unfall 153315 (2022) Kat:3, Licht: 0","153315","3","6","3","10","09","6","","0","0","1","0","0"
"POINT (10.077595562000100 53.572651490000098)","Unfall 153316 (2022) Kat:3, Licht: 2","153316","3","2","2","09","20","7","","2","0","1","0","0"
"POINT (9.971605560000061 53.575218104999998)","Unfall 153317 (2022) Kat:2, Licht: 0","153317","2","3","5","09","16","6","","0","1","1","0","0"
"POINT (10.124809674000099 53.586264810000003)","Unfall 153318 (2022) Kat:3, Licht: 2","153318","3","3","5","11","16","4","","2","1","1","0","0"
"POINT (9.954741498000031 53.453019112000000)","Unfall 153319 (2022) Kat:2, Licht: 0","153319","2","6","2","10","15","4","","0","0","1","0","1"
"POINT (10.074930238000000 53.574608267000002)","Unfall 153320 (2022) Kat:3, Licht: 0","153320","3","2","4","10","16","4","","0","0","1","0","0"
"POINT (10.186529012999999 53.491116410000103)","Unfall 153321 (2022) Kat:3, Licht: 0","153321","3","7","6","09","13","4","","0","1","0","1","0"
"POINT (9.957526619000021 53.576490939999999)","Unfall 153322 (2022) Kat:3, Licht: 0","153322","3","6","4","09","13","5","","0","1","1","0","0"
"POINT (9.974984769000059 53.577645062000002)","Unfall 153323 (2022) Kat:3, Licht: 2","153323","3","1","1","11","03","7","","2","0","1","0","0"
"POINT (9.995811570000059 53.559437097000099)","Unfall 153324 (2022) Kat:3, Licht: 1","153324","3","6","3","09","19","7","","1","1","0","0","0"