WKT,Name,OBJECTID,UKATEGORIE,UTYP1,UART,UMONAT,USTUNDE,UWOCHENTAG,STRZUSTAND,ULICHTVERH,ISTRAD,ISTPKW,ISTFUSS,ISTKRAD
"POINT (9.997291635000069 53.564847900000103)","Unfall 153325 (2022) Kat:3, Licht: 2","153325","3","7","0","09","23","2","","2","0","0","1","0"
"POINT (9.956908217000031 53.567325939000099)","Unfall 153326 (2022) Kat:3, Licht: 0","153326","3","2","4","12","09","6","","0","1","1","0","0"
"POINT (10.035403616000099 53.554888930000097)","Unfall 153327 (2022) Kat:3, Licht: 0","153327","3","6","3","11","13","3","","0","1","1","0","0"
"POINT (10.035202186999999 53.564543884000003)","Unfall 153328 (2022) Kat:3, Licht: 0","153328","3","6","2","11","15","7","","0","0","1","0","0"
"POINT (10.018914925000001 53.560876429000103)","Unfall 153329 (2022) Kat:3, Licht: 2","153329","3","2","6","10","20","6","","2","0","1","1","0"
"POINT (10.207230970000101 53.493476461000100)","Unfall 153330 (2022) Kat:2, Licht: 0","153330","2","7","0","10","14","3","","0","0","1","0","0"
"POINT (10.042420872999999 53.555454894000000)","Unfall 153331 (2022) Kat:3, Licht: 0","153331","3","3","0","10","14","7","","0","0","0","0","1"
"POINT (10.009766410000100 53.550808596000103)","Unfall 153332 (2022) Kat:3, Licht: 0","153332","3","6","3","11","09","6","","0","0","1","0","1"
"POINT (9.827108743000050 53.566397066000000)","Unfall 153333 (2022) Kat:3, Licht: 0","153333","3","7","0","09","16","5","","0","1","0","0","0"
"POINT (9.839755121000049 53.469761562000002)","Unfall 153334 (2022) Kat:3, Licht: 1","153334","3","7","6","09","06","3","","1","0","0","1","0"
"POINT (10.014324544000001 53.578079614000004)","Unfall 153335 (2022) Kat:3, Licht: 2","153335","3","2","5","10","19","4","","2","1","1","0","0"
"POINT (10.032234738000099 53.578689166000103)","Unfall 153336 (2022) Kat:3, Licht: 0","153336","3","3","5","09","09","3","","0","1","1","0","0"
"POINT (10.005612485000000 53.551966942000000)","Unfall 153337 (2022) Kat:3, Licht: 2","153337","3","6","2","09","23","3","","2","0","1","0","0"
"POINT (9.940515566000039 53.572778047000000)","Unfall 153338 (2022) Kat:3, Licht: 0","153338","3","6","6","11","13","4","","0","1","0","1","0"
"POINT (9.988325090000050 53.514259342000102)","Unfall 153339 (2022) Kat:3, Licht: 0","153339","3","3","5","09","08","6","","0","0","1","0","0"
"POINT (9.884837862000040 53.531780233000099)","Unfall 153340 (2022) Kat:3, Licht: 0","153340","3","7","0","09","10","7","","0","1","0","0","0"
"POINT (10.137386206000000 53.600091599999999)","Unfall 153341 (2022) Kat:3, Licht: 0","153341","3","2","6","11","10","3","","0","0","1","1","0"
"POINT (9.947026918000059 53.559480586000099)","Unfall 153342 (2022) Kat:3, Licht: 0","153342","3","1","0","11","08","3","","0","1","0","0","0"
"POINT (10.026644744000100 53.626141896000000)","Unfall 153343 (2022) Kat:3, Licht: 1","153343","3","7","0","11","21","6","","1","0","0","0","1"
"POINT (9.917954209000071 53.580573051000002)","Unfall 153344 (2022) Kat:3, Licht: 0","153344","3","6","2","11","14","4","","0","0","1","0","0"
"POINT (10.002911562000101 53.524178719000098)","Unfall 153345 (2022) Kat:3, Licht: 0","153345","3","1","0","10","17","2","","0","1","0","0","0"
"POINT (10.042196671999999 53.647606886000098)","Unfall 153346 (2022) Kat:3, Licht: 0","153346","3","6","3","10","15","2","","0","0","1","0","0"
"POINT (9.852928425000069 53.473575281000102)","Unfall 153347 (2022) Kat:3, Licht: 0","153347","3","3","5","10","17","6","","0","0","0","0","0"
"POINT (9.973549632000070 53.462945947000001)","Unfall 153348 (2022) Kat:3, Licht: 2","153348","3","5","1","11","00","3","","2","0","1","0","0"
"POINT (10.127980267000099 53.571027944000001)","Unfall 153349 (2022) Kat:2, Licht: 0","153349","2","7","1","09","13","3","","0","0","1","0","0"
"POINT (10.138577889000000 53.576991888000101)","Unfall 153350 (2022) Kat:3, Licht: 0","153350","3","6","4","09","15","2","","0","0","1","0","0"
"POINT (10.034452384000099 53.536701595000103)","Unfall 153351 (2022) Kat:3, Licht: 0","153351","3","3","0","10","13","1","","0","1","0","0","0"
"POINT (9.828423883000029 53.579549133000100)","Unfall 153352 (2022) Kat:3, Licht: 0","153352","3","6","0","11","16","2","","0","1","1","0","0"
"POINT (9.969495788000071 53.576511945000000)","Unfall 153353 (2022) Kat:3, Licht: 0","153353","3","3","5","09","14","6","","0","1","1","0","0"
"POINT (9.806598709000070 53.564293997000000)","Unfall 153354 (2022) Kat:3, Licht: 0","153354","3","2","4","11","13","3","","0","0","1","0","1"
"POINT (10.162795526000000 53.589689779000103)","Unfall 153355 (2022) Kat:2, Licht: 0","153355","2","2","5","10","14","5","","0","0","1","0","1"
"POINT (10.053989944000000 53.605231767000099)","Unfall 153356 (2022) Kat:2, Licht: 0","153356","2","2","5","10","08","3","","0","1","0","0","0"
"POINT (10.135129199000099 53.574073505999998)","Unfall 153357 (2022) Kat:2, Licht: 0","153357","2","4","6","09","08","4","","0","0","1","1","0"
"POINT (9.846545207000080 53.558583591999998)","Unfall 153358 (2022) Kat:3, Licht: 0","153358","3","3","5","09","08","3","","0","0","1","0","1"
"POINT (10.096447175000000 53.532765896000100)","Unfall 153359 (2022) Kat:3, Licht: 0","153359","3","6","3","11","15","5","","0","0","0","0","0"
"POINT (10.097042193000000 53.629534406000097)","Unfall 153360 (2022) Kat:3, Licht: 0","153360","3","7","3","09","08","6","","0","1","1","0","0"
"POINT (10.077363446000000 53.653172509999997)","Unfall 153361 (2022) Kat:3, Licht: 0","153361","3","3","5","09","08","7","","0","0","1","0","0"
"POINT (10.099296876000000 53.538486836000097)","Unfall 153362 (2022) Kat:3, Licht: 2","153362","3","2","4","11","21","4","","2","0","1","0","0"
"POINT (10.008349779000101 53.585627725999998)","Unfall 153363 (2022) Kat:3, Licht: 2","153363","3","1","0","10","20","1","","2","0","0","0","1"
"POINT (10.124806974000000 53.586291541000001)","Unfall 153364 (2022) Kat:3, Licht: 0","153364","3","2","5","11","11","5","","0","1","0","0","0"
"POINT (9.979696391000060 53.555435078000102)","Unfall 153365 (2022) Kat:2, Licht: 0","153365","2","3","5","10","18","3","","0","0","1","0","0"
"POINT (10.033506100000100 53.582636325000102)","Unfall 153366 (2022) Kat:3, Licht: 0","153366","3","3","5","10","10","3","","0","1","1","0","0"
"POINT (10.094884420000000 53.639142451000097)","Unfall 153367 (2022) Kat:2, Licht: 0","153367","2","2","4","10","13","1","","0","0","1","0","0"
"POINT (9.981464113000071 53.424488720000099)","Unfall 153368 (2022) Kat:3, Licht: 1","153368","3","4","6","11","07","4","","1","0","1","1","0"
"POINT (10.009782702000100 53.457801317000097)","Unfall 153369 (2022) Kat:3, Licht: 0","153369","3","3","5","09","13","3","","0","0","1","0","0"
"POINT (9.891133598000071 53.553965351000002)","Unfall 153370 (2022) Kat:3, Licht: 2","153370","3","3","5","09","20","4","","2","1","1","0","0"
"POINT (9.982043534000070 53.563753334000097)","Unfall 153371 (2022) Kat:3, Licht: 0","153371","3","7","7","09","09","3","","0","1","0","0","0"
"POINT (10.208269718000100 53.492119058000100)","Unfall 153372 (2022) Kat:3, Licht: 2","153372","3","2","3","11","19","3","","2","1","1","0","0"
"POINT (10.208236818000000 53.492240623999997)","Unfall 153373 (2022) Kat:3, Licht: 2","153373","3","2","6","10","20","7","","2","0","1","1","0"
"POINT (10.076134416000100 53.652884626999999)","Unfall 153374 (2022) Kat:3, Licht: 2","153374","3","5","5","09","20","6","","2","0","1","0","0"
"POINT (10.161610587000000 53.627774304000098)","Unfall 153375 (2022) Kat:3, Licht: 2","153375","3","7","0","11","17","1","","2","1","1","0","0"
"POINT (10.103684633000100 53.653307405000099)","Unfall 153376 (2022) Kat:3, Licht: 2","153376","3","2","6","10","22","7","","2","0","1","1","0"
"POINT (10.015516955000100 53.518481334000100)","Unfall 153377 (2022) Kat:3, Licht: 2","153377","3","3","5","10","18","5","","2","0","0","0","0"
"POINT (10.156156753000101 53.614542722000103)","Unfall 153378 (2022) Kat:3, Licht: 0","153378","3","6","1","11","12","2","","0","0","1","0","0"
"POINT (10.087556847000000 53.656084038000103)","Unfall 153379 (2022) Kat:3, Licht: 0","153379","3","6","3","10","13","3","","0","1","0","0","0"
"POINT (10.204281275000000 53.426610703999998)","Unfall 153380 (2022) Kat:3, Licht: 1","153380","3","1","0","09","07","7","","1","0","1","0","0"
"POINT (10.080984586000101 53.531959827999998)","Unfall 153381 (2022) Kat:2, Licht: 0","153381","2","3","5","09","06","6","","0","0","1","0","0"
"POINT (10.012935157000101 53.552369687000102)","Unfall 153382 (2022) Kat:3, Licht: 0","153382","3","4","6","10","16","7","","0","0","0","1","0"
"POINT (10.064920233000100 53.559931243000101)","Unfall 153383 (2022) Kat:3, Licht: 2","153383","3","6","2","11","17","2","","2","0","1","0","0"
"POINT (9.992253572000040 53.506970858999999)","Unfall 153384 (2022) Kat:3, Licht: 0","153384","3","5","1","09","10","2","","0","0","1","0","0"
"POINT (10.097011165000000 53.543677324000001)","Unfall 153385 (2022) Kat:3, Licht: 2","153385","3","7","0","09","20","2","","2","0","1","0","1"
"POINT (9.965965867000021 53.549909954000000)","Unfall 153386 (2022) Kat:3, Licht: 2","153386","3","7","1","12","17","3","","2","1","1","0","0"
"POINT (10.034143505999999 53.627895799999997)","Unfall 153387 (2022) Kat:3, Licht: 0","153387","3","6","2","10","16","7","","0","0","1","0","0"
"POINT (10.014234195000000 53.619322044999997)","Unfall 153388 (2022) Kat:3, Licht: 2","153388","3","2","3","11","18","7","","2","1","1","0","0"
"POINT (9.779590205000030 53.562236833000000)","Unfall 153389 (2022) Kat:3, Licht: 0","153389","3","3","0","10","15","5","","0","1","1","0","0"
"POINT (10.150476197000000 53.628342924999998)","Unfall 153390 (2022) Kat:2, Licht: 2","153390","2","4","6","10","05","2","","2","0","1","1","0"
"POINT (10.059574428000101 53.593976646000002)","Unfall 153391 (2022) Kat:3, Licht: 0","153391","3","6","2","11","13","6","","0","0","0","0","1"
"POINT (9.982743723000061 53.565557580000103)","Unfall 153392 (2022) Kat:3, Licht: 0","153392","3","6","2","10","16","1","","0","0","1","0","0"
"POINT (9.970084836000069 53.571738379000102)","Unfall 153393 (2022) Kat:3, Licht: 0","153393","3","4","6","09","14","6","","0","1","0","1","0"
"POINT (10.019239467000000 53.538941367000099)","Unfall 153394 (2022) Kat:3, Licht: 0","153394","3","3","5","09","11","6","","0","0","1","0","0"
"POINT (10.119050604000099 53.585573337000000)","Unfall 153395 (2022) Kat:3, Licht: 2","153395","3","6","2","11","06","4","","2","0","1","0","0"
"POINT (9.921898955000071 53.554165560000101)","Unfall 153396 (2022) Kat:3, Licht: 0","153396","3","4","6","10","15","5","","0","0","0","1","1"
"POINT (9.974068262000060 53.550538123000102)","Unfall 153397 (2022) Kat:3, Licht: 2","153397","3","7","4","09","20","6","","2","0","1","0","0"
"POINT (10.059065661000000 53.574187956999999)","Unfall 153398 (2022) Kat:3, Licht: 0","153398","3","6","2","09","10","4","","0","0","1","0","0"
"POINT (10.050511583000100 53.559870031999999)","Unfall 153399 (2022) Kat:3, Licht: 2","153399","3","4","6","11","18","7","","2","0","1","1","0"
"POINT (9.918618854000041 53.635314094000101)","Unfall 153400 (2022) Kat:2, Licht: 0","153400","2","4","6","09","13","7","","0","0","1","1","0"
"POINT (10.007705923000101 53.577680466000103)","Unfall 153401 (2022) Kat:3, Licht: 1","153401","3","6","3","09","19","2","","1","1","1","0","0"
"POINT (10.008197343000100 53.599412966000003)","Unfall 153402 (2022) Kat:3, Licht: 2","153402","3","7","0","12","02","6","","2","0","0","0","0"
"POINT (10.138707690000000 53.570745101999997)","Unfall 153403 (2022) Kat:3, Licht: 2","153403","3","6","2","11","17","3","","2","0","1","0","0"
"POINT (10.052021258000000 53.510538795000102)","Unfall 153404 (2022) Kat:3, Licht: 0","153404","3","7","0","11","12","1","","0","1","0","0","0"
"POINT (9.844541072000030 53.574816182000099)","Unfall 153405 (2022) Kat:3, Licht: 0","153405","3","4","6","10","12","4","","0","1","0","1","0"
"POINT (10.026046554000100 53.551910456000002)","Unfall 153406 (2022) Kat:3, Licht: 2","153406","3","3","5","10","23","7","","2","0","1","0","0"
"POINT (9.840203781000071 53.564645939999998)","Unfall 153407 (2022) Kat:3, Licht: 0","153407","3","3","5","11","12","5","","0","0","1","0","0"
"POINT (9.949803753000030 53.469763940000099)","Unfall 153408 (2022) Kat:3, Licht: 2","153408","3","2","3","10","19","5","","2","1","1","0","0"
"POINT (9.914961454000039 53.557842381000100)","Unfall 153409 (2022) Kat:3, Licht: 0","153409","3","2","0","09","14","5","","0","0","1","0","1"
"POINT (10.029032505000000 53.552279824999999)","Unfall 153410 (2022) Kat:2, Licht: 0","153410","2","4","2","09","08","4","","0","0","1","1","1"
"POINT (9.964823285000019 53.549705093999997)","Unfall 153411 (2022) Kat:3, Licht: 0","153411","3","2","5","10","13","3","","0","1","1","0","0"
"POINT (9.898915846000021 53.557244690000097)","Unfall 153412 (2022) Kat:3, Licht: 0","153412","3","3","5","09","10","4","","0","0","1","0","0"
"POINT (9.938357195000039 53.629968153000000)","Unfall 153413 (2022) Kat:3, Licht: 0","153413","3","5","5","09","08","2","","0","1","1","0","0"
"POINT (10.094245398000099 53.657015025000099)","Unfall 153414 (2022) Kat:2, Licht: 0","153414","2","4","6","11","07","5","","0","0","1","1","0"
"POINT (9.981290268000070 53.420189779000097)","Unfall 153415 (2022) Kat:3, Licht: 0","153415","3","6","3","10","11","7","","0","0","1","0","0"
"POINT (9.910091398000080 53.566086499000100)","Unfall 153416 (2022) Kat:3, Licht: 0","153416","3","6","3","09","14","6","","0","1","0","0","0"
"POINT (10.085867554000099 53.628424977000101)","Unfall 153417 (2022) Kat:3, Licht: 2","153417","3","3","5","11","17","4","","2","0","1","0","0"
"POINT (9.992288796000031 53.543164075000000)","Unfall 153418 (2022) Kat:3, Licht: 0","153418","3","5","1","11","15","3","","0","0","1","0","1"
"POINT (9.936110548000039 53.592490388000002)","Unfall 153419 (2022) Kat:3, Licht: 0","153419","3","1","0","11","11","5","","0","0","0","0","0"
"POINT (9.907201263000051 53.567202517000098)","Unfall 153420 (2022) Kat:3, Licht: 1","153420","3","2","4","11","16","4","","1","1","1","0","0"
"POINT (10.124201627000000 53.587918875000099)","Unfall 153421 (2022) Kat:3, Licht: 2","153421","3","2","5","10","21","2","","2","0","1","0","0"
"POINT (10.044748007000100 53.597107246000100)","Unfall 153422 (2022) Kat:3, Licht: 0","153422","3","3","5","10","13","2","","0","0","1","0","0"
"POINT (10.037469049000000 53.547269765000102)","Unfall 153423 (2022) Kat:3, Licht: 0","153423","3","7","1","10","15","6","","0","0","1","0","0"
"POINT (9.971502185000080 53.470529870000099)","Unfall 153424 (2022) Kat:3, Licht: 2","153424","3","3","5","11","19","4","","2","0","1","0","0"
"POINT (9.937328147000070 53.552481151000102)","Unfall 153425 (2022) Kat:3, Licht: 0","153425","3","6","3","09","08","3","","0","0","1","0","1"
"POINT (10.210873875000100 53.507476145000098)","Unfall 153426 (2022) Kat:3, Licht: 0","153426","3","2","4","09","07","2","","0","1","0","0","0"
"POINT (9.896302500000051 53.515401699000101)","Unfall 153427 (2022) Kat:3, Licht: 0","153427","3","2","2","10","14","2","","0","0","1","0","0"
"POINT (10.027919353000099 53.602196892999999)","Unfall 153428 (2022) Kat:3, Licht: 0","153428","3","5","5","11","15","3","","0","0","1","0","1"
"POINT (9.989027531000030 53.581361779000098)","Unfall 153429 (2022) Kat:3, Licht: 2","153429","3","7","0","11","22","3","","2","1","0","0","0"
"POINT (9.891269604000060 53.573429282000099)","Unfall 153430 (2022) Kat:2, Licht: 0","153430","2","3","5","10","13","7","","0","0","1","0","0"
"POINT (9.917652944000050 53.548462591000003)","Unfall 153431 (2022) Kat:3, Licht: 0","153431","3","2","4","10","17","5","","0","0","1","0","0"
"POINT (9.909090285000049 53.649675704000103)","Unfall 153432 (2022) Kat:3, Licht: 1","153432","3","7","6","11","17","3","","1","0","1","1","0"
"POINT (10.083067874000101 53.555000765000003)","Unfall 153433 (2022) Kat:3, Licht: 2","153433","3","6","2","10","01","1","","2","0","1","0","0"
"POINT (10.006041686000099 53.496888059000099)","Unfall 153434 (2022) Kat:3, Licht: 0","153434","3","6","2","09","14","2","","0","0","1","0","0"
"POINT (10.087302932000100 53.654635489000000)","Unfall 153435 (2022) Kat:2, Licht: 2","153435","2","1","9","09","22","7","","2","0","1","0","0"
"POINT (9.968163371000060 53.550023238999998)","Unfall 153436 (2022) Kat:3, Licht: 2","153436","3","6","3","11","18","3","","2","0","1","0","1"
"POINT (10.118456057000101 53.604956215000101)","Unfall 153437 (2022) Kat:2, Licht: 2","153437","2","6","3","10","22","3","","2","0","1","0","0"
"POINT (10.015254945000001 53.647371708999998)","Unfall 153438 (2022) Kat:3, Licht: 0","153438","3","7","0","10","12","5","","0","1","0","0","0"
"POINT (9.955504747000081 53.561535280999998)","Unfall 153439 (2022) Kat:3, Licht: 2","153439","3","7","8","09","23","5","","2","1","0","0","0"
"POINT (10.105384561000101 53.570462882000101)","Unfall 153440 (2022) Kat:3, Licht: 0","153440","3","3","5","11","12","3","","0","0","1","0","0"
"POINT (9.931693240000071 53.428580219000096)","Unfall 153441 (2022) Kat:3, Licht: 0","153441","3","1","4","09","15","7","","0","0","1","0","0"
"POINT (10.078191437999999 53.589426820000000)","Unfall 153442 (2022) Kat:3, Licht: 0","153442","3","3","5","09","14","2","","0","1","1","0","0"
"POINT (10.146031886999999 53.624029436999997)","Unfall 153443 (2022) Kat:3, Licht: 0","153443","3","2","6","12","17","2","","0","0","0","1","0"
"POINT (9.962598636000051 53.564528756000101)","Unfall 153444 (2022) Kat:3, Licht: 0","153444","3","6","2","11","08","5","","0","1","0","0","0"
"POINT (9.920046687000021 53.562936840000098)","Unfall 153445 (2022) Kat:3, Licht: 2","153445","3","4","6","10","20","7","","2","0","1","1","0"
"POINT (10.160575100000100 53.653119533000101)","Unfall 153446 (2022) Kat:3, Licht: 0","153446","3","6","2","11","13","6","","0","0","1","0","0"
"POINT (10.209518892000100 53.512815054999997)","Unfall 153447 (2022) Kat:2, Licht: 0","153447","2","3","6","10","08","4","","0","0","1","1","0"
"POINT (10.004449246000000 53.584846877000103)","Unfall 153448 (2022) Kat:2, Licht: 0","153448","2","6","3","10","10","3","","0","0","0","0","1"
"POINT (9.985150478000040 53.563814943000096)","Unfall 153449 (2022) Kat:3, Licht: 1","153449","3","6","2","11","17","7","","1","0","1","0","0"
"POINT (9.999459123000070 53.575218538999998)","Unfall 153450 (2022) Kat:3, Licht: 0","153450","3","6","2","10","15","1","","0","1","1","0","0"
"POINT (9.926303453000060 53.555246861999997)","Unfall 153451 (2022) Kat:3, Licht: 0","153451","3","2","5","09","18","7","","0","1","1","0","0"
"POINT (10.059919246000000 53.642467017000101)","Unfall 153452 (2022) Kat:3, Licht: 0","153452","3","6","2","09","17","5","","0","0","1","0","1"
"POINT (10.016454471999999 53.552825676000097)","Unfall 153453 (2022) Kat:3, Licht: 0","153453","3","7","1","11","09","6","","0","1","1","0","0"
"POINT (10.135807024000000 53.597647737000003)","Unfall 153454 (2022) Kat:3, Licht: 0","153454","3","6","6","10","08","6","","0","0","1","1","0"
"POINT (10.026313381000000 53.678391058000003)","Unfall 153455 (2022) Kat:2, Licht: 2","153455","2","7","0","10","20","5","","2","0","1","0","0"
"POINT (9.890543855000031 53.552318883000098)","Unfall 153456 (2022) Kat:3, Licht: 0","153456","3","6","2","11","15","3","","0","0","1","0","0"
"POINT (9.990530174000069 53.560350176000000)","Unfall 153457 (2022) Kat:3, Licht: 0","153457","3","5","1","10","16","3","","0","1","1","0","0"
"POINT (9.956233452000051 53.549794107000103)","Unfall 153458 (2022) Kat:3, Licht: 2","153458","3","1","0","09","04","1","","2","0","0","0","1"
"POINT (10.107773618000101 53.564455807000101)","Unfall 153459 (2022) Kat:3, Licht: 0","153459","3","3","5","09","12","6","","0","0","1","0","0"
"POINT (9.883644732000050 53.557431279000099)","Unfall 153460 (2022) Kat:3, Licht: 0","153460","3","3","5","10","14","5","","0","0","1","0","0"
"POINT (9.896823484000040 53.610647483000001)","Unfall 153461 (2022) Kat:3, Licht: 0","153461","3","6","2","09","18","5","","0","0","1","0","1"
"POINT (10.122600331000100 53.626871792000003)","Unfall 153462 (2022) Kat:3, Licht: 2","153462","3","3","5","11","07","2","","2","0","1","0","0"
"POINT (9.966296302000050 53.569368467000103)","Unfall 153463 (2022) Kat:3, Licht: 0","153463","3","2","3","09","13","2","","0","1","0","0","0"
"POINT (9.994658815000040 53.581356254000099)","Unfall 153464 (2022) Kat:3, Licht: 0","153464","3","7","0","09","13","1","","0","1","0","0","0"
"POINT (10.059077015000099 53.574018704000103)","Unfall 153465 (2022) Kat:2, Licht: 2","153465","2","7","0","12","03","1","","2","0","0","0","0"
"POINT (9.957949696000069 53.553244438000000)","Unfall 153466 (2022) Kat:3, Licht: 0","153466","3","2","4","10","16","7","","0","1","1","0","0"
"POINT (9.942270249000050 53.555398707999998)","Unfall 153467 (2022) Kat:3, Licht: 2","153467","3","2","2","11","19","6","","2","0","1","0","1"
"POINT (10.076079834000000 53.663566887999998)","Unfall 153468 (2022) Kat:3, Licht: 0","153468","3","2","3","10","11","5","","0","0","1","0","0"
"POINT (10.000246270000000 53.498320100000100)","Unfall 153469 (2022) Kat:3, Licht: 1","153469","3","2","4","10","19","3","","1","0","1","0","1"
"POINT (9.932150935000040 53.597562627000102)","Unfall 153470 (2022) Kat:3, Licht: 2","153470","3","1","0","11","17","1","","2","0","0","0","0"
"POINT (10.060286448000101 53.642124772999999)","Unfall 153471 (2022) Kat:3, Licht: 0","153471","3","3","0","10","12","1","","0","1","1","0","0"
"POINT (10.016352601000101 53.613932595000101)","Unfall 153472 (2022) Kat:3, Licht: 0","153472","3","5","1","09","13","6","","0","0","1","0","0"
"POINT (10.068847828999999 53.651208666000102)","Unfall 153473 (2022) Kat:3, Licht: 0","153473","3","2","3","09","14","5","","0","1","1","0","0"
"POINT (10.086878238000100 53.641238381000100)","Unfall 153474 (2022) Kat:2, Licht: 1","153474","2","6","0","11","07","5","","1","1","1","0","0"
"POINT (9.994534924000050 53.558587613000000)","Unfall 153475 (2022) Kat:3, Licht: 0","153475","3","3","5","10","16","5","","0","1","0","0","0"
"POINT (9.842840564000030 53.534404594000101)","Unfall 153476 (2022) Kat:3, Licht: 0","153476","3","2","3","10","16","3","","0","1","1","0","0"
"POINT (9.999018878000070 53.463520449999997)","Unfall 153477 (2022) Kat:3, Licht: 0","153477","3","6","2","09","15","5","","0","0","1","0","0"
"POINT (10.053160442999999 53.568691149000102)","Unfall 153478 (2022) Kat:3, Licht: 0","153478","3","6","3","09","15","3","","0","0","1","0","0"
"POINT (9.903634010000079 53.606494118999997)","Unfall 153479 (2022) Kat:3, Licht: 2","153479","3","7","0","11","19","6","","2","0","1","0","0"
"POINT (10.117434986999999 53.584514592000097)","Unfall 153480 (2022) Kat:3, Licht: 0","153480","3","6","2","09","16","7","","0","0","1","0","0"
"POINT (9.939000577000060 53.580482865000100)","Unfall 153481 (2022) Kat:3, Licht: 0","153481","3","6","2","09","12","7","","0","0","1","0","0"
"POINT (10.002766725000100 53.545730832000103)","Unfall 153482 (2022) Kat:3, Licht: 1","153482","3","1","0","12","07","6","","1","1","0","0","0"
"POINT (9.967219368000030 53.557406859000103)","Unfall 153483 (2022) Kat:3, Licht: 1","153483","3","3","5","11","18","4","","1","1","1","0","0"
"POINT (9.955515864000059 53.575345662000103)","Unfall 153484 (2022) Kat:3, Licht: 0","153484","3","6","2","11","12","1","","0","0","1","0","0"
"POINT (9.959657405000030 53.556743551000103)","Unfall 153485 (2022) Kat:3, Licht: 0","153485","3","6","4","10","18","4","","0","1","0","0","0"
"POINT (10.062709347000100 53.608655192000100)","Unfall 153486 (2022) Kat:3, Licht: 2","153486","3","4","6","10","19","7","","2","0","1","1","0"
"POINT (10.015461356000101 53.550100270000002)","Unfall 153487 (2022) Kat:3, Licht: 1","153487","3","2","3","11","18","6","","1","0","1","0","1"
"POINT (10.042754042000100 53.539470520000101)","Unfall 153488 (2022) Kat:3, Licht: 2","153488","3","3","5","10","19","5","","2","1","1","0","0"
"POINT (10.086651137000000 53.546582356999998)","Unfall 153489 (2022) Kat:3, Licht: 0","153489","3","7","0","09","13","5","","0","1","0","0","0"
"POINT (9.885362332000060 53.552465056000102)","Unfall 153490 (2022) Kat:3, Licht: 0","153490","3","3","5","09","18","4","","0","1","1","0","0"
"POINT (10.087474689000000 53.546161673000000)","Unfall 153491 (2022) Kat:2, Licht: 0","153491","2","4","6","09","12","3","","0","0","1","1","0"
"POINT (10.142769028000000 53.687839113999999)","Unfall 153492 (2022) Kat:3, Licht: 0","153492","3","7","0","09","14","2","","0","1","0","0","0"
"POINT (10.056966408999999 53.563877425999998)","Unfall 153493 (2022) Kat:3, Licht: 2","153493","3","1","0","11","23","4","","2","1","0","0","0"
"POINT (10.000454493000101 53.621563626000103)","Unfall 153494 (2022) Kat:2, Licht: 0","153494","2","5","5","10","11","7","","0","0","1","0","0"
"POINT (10.045730710999999 53.588818350000103)","Unfall 153495 (2022) Kat:2, Licht: 0","153495","2","5","1","09","12","5","","0","0","1","0","0"
"POINT (10.126479542000000 53.603766000000100)","Unfall 153496 (2022) Kat:3, Licht: 0","153496","3","3","5","12","14","5","","0","1","0","0","0"
"POINT (10.236101448000101 53.463988367000098)","Unfall 153497 (2022) Kat:2, Licht: 0","153497","2","5","1","10","13","2","","0","1","0","0","1"
"POINT (9.947891043000030 53.590726052999997)","Unfall 153498 (2022) Kat:3, Licht: 0","153498","3","1","0","11","07","5","","0","1","0","0","0"
"POINT (9.991790923000050 53.557752637000100)","Unfall 153499 (2022) Kat:3, Licht: 1","153499","3","4","6","10","18","6","","1","0","1","1","0"
"POINT (9.887128534000061 53.601097537000001)","Unfall 153500 (2022) Kat:3, Licht: 0","153500","3","3","5","10","15","6","","0","0","1","0","0"
"POINT (9.938087227000040 53.550052393000001)","Unfall 153501 (2022) Kat:3, Licht: 0","153501","3","1","0","11","09","4","","0","1","0","0","0"
"POINT (10.166229926000000 53.660158221000103)","Unfall 153502 (2022) Kat:3, Licht: 0","153502","3","7","0","10","12","1","","0","1","0","0","0"
"POINT (10.087609841000100 53.547850467000004)","Unfall 153503 (2022) Kat:2, Licht: 0","153503","2","1","0","10","12","2","","0","0","0","0","1"
"POINT (10.007861231000000 53.558817365000003)","Unfall 153504 (2022) Kat:3, Licht: 0","153504","3","6","2","10","15","6","","0","0","1","0","0"
"POINT (9.934418128000059 53.476781656000099)","Unfall 153505 (2022) Kat:3, Licht: 2","153505","3","2","4","11","06","4","","2","0","1","0","0"
"POINT (9.960184221000080 53.563635415000100)","Unfall 153506 (2022) Kat:3, Licht: 1","153506","3","7","0","09","07","3","","1","0","0","0","0"
"POINT (10.002019844000101 53.550063545000100)","Unfall 153507 (2022) Kat:3, Licht: 0","153507","3","6","4","09","11","3","","0","0","0","0","0"
"POINT (9.975467365000039 53.559953708000101)","Unfall 153508 (2022) Kat:3, Licht: 0","153508","3","7","3","10","10","3","","0","0","1","0","0"
"POINT (9.990691295000030 53.444891019000103)","Unfall 153509 (2022) Kat:3, Licht: 2","153509","3","4","6","11","17","3","","2","0","0","1","0"
"POINT (9.878275379000060 53.530338149000002)","Unfall 153510 (2022) Kat:2, Licht: 0","153510","2","3","5","11","13","2","","0","1","1","0","0"