WKT,Name,OBJECTID,UKATEGORIE,UTYP1,UART,UMONAT,USTUNDE,UWOCHENTAG,STRZUSTAND,ULICHTVERH,ISTRAD,ISTPKW,ISTFUSS,ISTKRAD
"POINT (10.063298335000100 53.587648269000098)","Unfall 153511 (2022) Kat:3, Licht: 0","153511","3","7","4","10","15","6","","0","0","1","0","0"
"POINT (10.192327255000100 53.489315329000100)","Unfall 153512 (2022) Kat:3, Licht: 0","153512","3","5","5","10","17","4","","0","1","1","0","0"
"POINT (9.979526169000049 53.527706861000098)","Unfall 153513 (2022) Kat:3, Licht: 2","153513","3","3","5","11","22","7","","2","0","1","0","0"
"POINT (10.098936518000100 53.640973641000102)","Unfall 153514 (2022) Kat:3, Licht: 1","153514","3","6","2","10","17","2","","1","0","1","0","0"
"POINT (10.061034388000101 53.577082935000099)","Unfall 153515 (2022) Kat:3, Licht: 0","153515","3","2","3","09","09","2","","0","0","1","0","0"
"POINT (9.899097780000030 53.576592112000100)","Unfall 153516 (2022) Kat:3, Licht: 0","153516","3","7","0","09","17","1","","0","1","0","0","0"
"POINT (10.089144569000000 53.639462361000000)","Unfall 153517 (2022) Kat:3, Licht: 2","153517","3","2","4","11","16","5","","2","1","1","0","0"
"POINT (9.987478772000030 53.457060130000102)","Unfall 153518 (2022) Kat:3, Licht: 0","153518","3","5","1","10","14","3","","0","0","1","1","0"
"POINT (9.940419401000041 53.551923988000098)","Unfall 153519 (2022) Kat:3, Licht: 0","153519","3","4","6","10","15","5","","0","1","0","1","0"
"POINT (10.036287207999999 53.634535852000099)","Unfall 153520 (2022) Kat:3, Licht: 0","153520","3","7","0","09","09","6","","0","0","0","0","0"
"POINT (10.076425964000100 53.570998762000002)","Unfall 153521 (2022) Kat:3, Licht: 0","153521","3","3","5","09","14","4","","0","1","1","0","0"
"POINT (10.077337910000001 53.616926766000098)","Unfall 153522 (2022) Kat:2, Licht: 0","153522","2","7","0","11","10","3","","0","1","0","0","0"
"POINT (10.119669772000099 53.606379228999998)","Unfall 153523 (2022) Kat:3, Licht: 0","153523","3","2","3","09","08","2","","0","0","1","0","0"
"POINT (10.104022599000100 53.553544844000001)","Unfall 153524 (2022) Kat:3, Licht: 0","153524","3","3","5","09","18","1","","0","0","1","0","0"
"POINT (10.022892849000099 53.570908944000102)","Unfall 153525 (2022) Kat:3, Licht: 2","153525","3","7","3","11","17","4","","2","1","1","0","0"
"POINT (10.094914364999999 53.551154513000000)","Unfall 153526 (2022) Kat:3, Licht: 0","153526","3","2","5","10","15","7","","0","0","1","0","0"
"POINT (10.177337600000000 53.475613027000101)","Unfall 153527 (2022) Kat:2, Licht: 0","153527","2","3","5","11","09","6","","0","1","1","0","0"
"POINT (10.006249874000000 53.633669032000100)","Unfall 153528 (2022) Kat:3, Licht: 0","153528","3","7","0","10","14","5","","0","0","0","0","0"
"POINT (10.106502642000100 53.538020345000099)","Unfall 153529 (2022) Kat:3, Licht: 0","153529","3","2","4","10","14","2","","0","0","1","0","1"
"POINT (9.987578944000060 53.517303823000098)","Unfall 153530 (2022) Kat:3, Licht: 0","153530","3","4","6","11","13","5","","0","0","1","1","0"
"POINT (10.074848024000101 53.554761265000103)","Unfall 153531 (2022) Kat:3, Licht: 0","153531","3","2","3","10","11","5","","0","1","0","0","0"
"POINT (10.187005770000001 53.500609789000102)","Unfall 153532 (2022) Kat:2, Licht: 0","153532","2","4","6","10","15","7","","0","1","0","1","0"
"POINT (9.962290658000031 53.564272056000000)","Unfall 153533 (2022) Kat:3, Licht: 0","153533","3","7","0","09","09","6","","0","1","0","0","0"
"POINT (10.068732680000000 53.601279987000098)","Unfall 153534 (2022) Kat:3, Licht: 0","153534","3","2","4","09","06","5","","0","1","1","0","0"
"POINT (10.016732209000100 53.562184721999998)","Unfall 153535 (2022) Kat:3, Licht: 2","153535","3","3","5","10","18","4","","2","1","1","0","0"
"POINT (9.972396347000030 53.568427778000100)","Unfall 153536 (2022) Kat:3, Licht: 0","153536","3","7","0","09","14","5","","0","1","0","0","0"
"POINT (10.141573725000100 53.456211849000098)","Unfall 153537 (2022) Kat:2, Licht: 0","153537","2","1","9","09","11","3","","0","0","1","0","0"
"POINT (9.978231963000040 53.571106534000101)","Unfall 153538 (2022) Kat:3, Licht: 0","153538","3","2","3","11","11","6","","0","1","0","0","0"
"POINT (10.022253987999999 53.550311588000099)","Unfall 153539 (2022) Kat:3, Licht: 0","153539","3","5","1","09","11","7","","0","0","1","0","1"
"POINT (9.986263262000019 53.583690035000103)","Unfall 153540 (2022) Kat:3, Licht: 2","153540","3","7","1","09","01","7","","2","1","1","0","0"
"POINT (9.966782445000041 53.436138085000003)","Unfall 153541 (2022) Kat:3, Licht: 1","153541","3","3","6","12","16","5","","1","0","1","1","0"
"POINT (10.029767737000000 53.538883499000100)","Unfall 153542 (2022) Kat:3, Licht: 0","153542","3","2","2","11","07","3","","0","0","1","0","0"
"POINT (10.144663031000100 53.545177228000099)","Unfall 153543 (2022) Kat:3, Licht: 2","153543","3","2","4","11","19","6","","2","0","1","0","0"
"POINT (10.065944098999999 53.639577166999999)","Unfall 153544 (2022) Kat:3, Licht: 0","153544","3","7","3","10","17","4","","0","1","1","0","0"
"POINT (10.000306212000099 53.556009324999998)","Unfall 153545 (2022) Kat:3, Licht: 2","153545","3","3","5","10","02","1","","2","0","1","0","0"
"POINT (10.100921619000101 53.540293310999999)","Unfall 153546 (2022) Kat:3, Licht: 0","153546","3","3","5","11","13","3","","0","0","1","0","0"
"POINT (10.205894994000101 53.498992832000098)","Unfall 153547 (2022) Kat:3, Licht: 0","153547","3","7","0","09","13","5","","0","0","1","0","0"
"POINT (9.987310271000069 53.446960021999999)","Unfall 153548 (2022) Kat:2, Licht: 0","153548","2","3","5","09","18","3","","0","1","1","0","0"
"POINT (9.806025793000060 53.574027310000098)","Unfall 153549 (2022) Kat:3, Licht: 0","153549","3","4","6","09","09","3","","0","0","1","1","0"
"POINT (10.086890929999999 53.652911920000101)","Unfall 153550 (2022) Kat:3, Licht: 0","153550","3","6","2","09","15","2","","0","0","1","0","0"
"POINT (10.024176486000000 53.535359497000101)","Unfall 153551 (2022) Kat:3, Licht: 0","153551","3","6","2","11","16","5","","0","0","1","0","0"
"POINT (10.069043257000001 53.600982987000101)","Unfall 153552 (2022) Kat:3, Licht: 0","153552","3","6","2","10","15","7","","0","0","1","0","0"
"POINT (10.079616183000001 53.653819704000099)","Unfall 153553 (2022) Kat:3, Licht: 0","153553","3","1","8","09","13","6","","0","0","0","0","1"
"POINT (9.981292127000071 53.556761049999999)","Unfall 153554 (2022) Kat:3, Licht: 0","153554","3","4","6","11","11","1","","0","0","1","1","0"
"POINT (9.962327584000040 53.612647594000101)","Unfall 153555 (2022) Kat:3, Licht: 0","153555","3","2","4","11","07","3","","0","1","1","0","0"
"POINT (10.156406258000100 53.601062937000101)","Unfall 153556 (2022) Kat:3, Licht: 2","153556","3","7","1","11","18","6","","2","1","1","0","0"
"POINT (10.038295683000101 53.547481718000000)","Unfall 153557 (2022) Kat:3, Licht: 2","153557","3","2","4","10","06","6","","2","1","1","0","0"
"POINT (9.958306828000049 53.599164483999999)","Unfall 153558 (2022) Kat:3, Licht: 0","153558","3","2","4","11","10","3","","0","1","0","0","0"
"POINT (10.176224219000099 53.408229098000000)","Unfall 153559 (2022) Kat:3, Licht: 2","153559","3","6","2","10","00","2","","2","1","0","0","0"
"POINT (9.961098146000040 53.454350779999999)","Unfall 153560 (2022) Kat:3, Licht: 0","153560","3","7","0","09","12","1","","0","1","0","0","0"
"POINT (9.983941284000030 53.557833652000099)","Unfall 153561 (2022) Kat:3, Licht: 0","153561","3","2","2","09","17","2","","0","0","1","0","0"
"POINT (10.083689950000100 53.570141436000000)","Unfall 153562 (2022) Kat:3, Licht: 2","153562","3","2","3","10","19","3","","2","1","1","0","0"
"POINT (10.119593497000000 53.606077452000100)","Unfall 153563 (2022) Kat:3, Licht: 0","153563","3","6","2","09","18","5","","0","0","1","0","0"
"POINT (9.991932077000060 53.504434379000003)","Unfall 153564 (2022) Kat:3, Licht: 0","153564","3","7","0","09","13","3","","0","0","0","0","0"
"POINT (10.045339974999999 53.569467099000100)","Unfall 153565 (2022) Kat:3, Licht: 2","153565","3","3","5","11","19","6","","2","1","1","0","0"
"POINT (10.079317103000101 53.562818639000099)","Unfall 153566 (2022) Kat:3, Licht: 0","153566","3","7","3","09","09","7","","0","0","1","0","0"
"POINT (9.990924005000069 53.556417714000098)","Unfall 153567 (2022) Kat:3, Licht: 2","153567","3","7","3","12","20","6","","2","1","1","0","0"
"POINT (10.060112814000000 53.571578070999998)","Unfall 153568 (2022) Kat:3, Licht: 0","153568","3","3","5","11","13","3","","0","0","1","0","0"
"POINT (9.954026088000029 53.553497150000098)","Unfall 153569 (2022) Kat:3, Licht: 0","153569","3","7","0","11","15","7","","0","0","0","0","1"
"POINT (9.986610869000060 53.565416791000096)","Unfall 153570 (2022) Kat:3, Licht: 0","153570","3","5","1","10","08","4","","0","1","1","0","0"
"POINT (10.041020827000100 53.601035674999999)","Unfall 153571 (2022) Kat:3, Licht: 2","153571","3","7","4","10","21","7","","2","0","1","0","0"
"POINT (10.182515446000000 53.491793341000097)","Unfall 153572 (2022) Kat:2, Licht: 0","153572","2","6","2","11","15","5","","0","0","1","0","0"
"POINT (9.951862733000040 53.566936005999999)","Unfall 153573 (2022) Kat:3, Licht: 0","153573","3","2","5","09","09","5","","0","1","1","0","0"
"POINT (10.033604387000000 53.619995111000001)","Unfall 153574 (2022) Kat:3, Licht: 2","153574","3","2","4","09","19","4","","2","1","1","0","0"
"POINT (10.013483218999999 53.579137813999999)","Unfall 153575 (2022) Kat:3, Licht: 1","153575","3","7","0","09","07","3","","1","1","0","0","0"
"POINT (9.990297588000031 53.491905497000097)","Unfall 153576 (2022) Kat:3, Licht: 1","153576","3","1","0","09","07","1","","1","0","0","0","0"
"POINT (10.102859283000001 53.542716514000098)","Unfall 153577 (2022) Kat:1, Licht: 0","153577","1","4","6","11","09","4","","0","0","0","1","0"
"POINT (10.040406915000100 53.540911598999998)","Unfall 153578 (2022) Kat:3, Licht: 0","153578","3","7","0","10","14","7","","0","1","0","0","0"
"POINT (9.756449074000050 53.580898643000097)","Unfall 153579 (2022) Kat:3, Licht: 0","153579","3","7","0","09","07","6","","0","1","0","0","0"
"POINT (10.197758511000099 53.481796586000002)","Unfall 153580 (2022) Kat:3, Licht: 2","153580","3","7","0","11","21","4","","2","1","0","0","0"
"POINT (9.994457141000050 53.550535925000098)","Unfall 153581 (2022) Kat:3, Licht: 2","153581","3","3","5","11","17","3","","2","1","0","0","0"
"POINT (10.061711316000100 53.599465518999999)","Unfall 153582 (2022) Kat:3, Licht: 2","153582","3","6","3","11","05","6","","2","0","1","0","0"
"POINT (10.013010039000100 53.521281942000002)","Unfall 153583 (2022) Kat:3, Licht: 2","153583","3","1","8","10","23","6","","2","1","0","0","0"
"POINT (9.876117198000030 53.588385833000103)","Unfall 153584 (2022) Kat:3, Licht: 0","153584","3","2","4","10","12","6","","0","0","1","0","0"
"POINT (10.099702166000000 53.655887264000100)","Unfall 153585 (2022) Kat:2, Licht: 0","153585","2","7","1","11","09","2","","0","0","0","1","0"
"POINT (9.925934077000020 53.638452980000103)","Unfall 153586 (2022) Kat:3, Licht: 2","153586","3","6","4","10","20","3","","2","1","0","0","0"
"POINT (10.070334124000100 53.573101779000098)","Unfall 153587 (2022) Kat:3, Licht: 2","153587","3","3","5","09","20","4","","2","0","1","0","0"
"POINT (9.946071547000029 53.569596877999999)","Unfall 153588 (2022) Kat:3, Licht: 2","153588","3","3","5","10","18","7","","2","0","1","0","0"
"POINT (9.978704230000060 53.553336209000101)","Unfall 153589 (2022) Kat:3, Licht: 0","153589","3","4","6","11","14","5","","0","0","1","1","0"
"POINT (9.988732714000040 53.566492496000102)","Unfall 153590 (2022) Kat:3, Licht: 0","153590","3","2","2","09","12","4","","0","0","1","0","1"
"POINT (9.971708839000030 53.601557700000100)","Unfall 153591 (2022) Kat:3, Licht: 1","153591","3","7","0","09","19","3","","1","0","1","0","0"
"POINT (10.012968421000000 53.643140995000103)","Unfall 153592 (2022) Kat:3, Licht: 0","153592","3","2","4","12","08","2","","0","1","1","0","0"
"POINT (10.109973513000099 53.538477304000097)","Unfall 153593 (2022) Kat:3, Licht: 0","153593","3","6","3","10","10","2","","0","0","1","0","0"
"POINT (9.985794124000050 53.510525335000096)","Unfall 153594 (2022) Kat:3, Licht: 0","153594","3","5","5","11","15","2","","0","1","0","0","0"
"POINT (9.959325436000031 53.627084647000103)","Unfall 153595 (2022) Kat:3, Licht: 2","153595","3","1","0","11","01","1","","2","1","0","0","0"
"POINT (10.102066984000000 53.580629536000103)","Unfall 153596 (2022) Kat:3, Licht: 2","153596","3","6","2","10","22","7","","2","0","1","0","0"
"POINT (9.905252332000030 53.611266134000097)","Unfall 153597 (2022) Kat:3, Licht: 1","153597","3","1","8","10","18","4","","1","0","1","0","0"
"POINT (9.975206596000019 53.460195854000098)","Unfall 153598 (2022) Kat:2, Licht: 2","153598","2","6","6","11","20","7","","2","0","1","1","0"
"POINT (9.959086494000079 53.572124154999997)","Unfall 153599 (2022) Kat:3, Licht: 0","153599","3","6","2","10","09","6","","0","1","0","0","1"
"POINT (9.953985524000069 53.549695386000103)","Unfall 153600 (2022) Kat:3, Licht: 0","153600","3","5","3","10","14","3","","0","0","1","0","0"
"POINT (10.208808677000000 53.482427053000002)","Unfall 153601 (2022) Kat:3, Licht: 0","153601","3","6","2","09","09","7","","0","0","1","0","0"
"POINT (9.969257025000051 53.550055946999997)","Unfall 153602 (2022) Kat:3, Licht: 0","153602","3","6","3","09","17","1","","0","1","1","0","0"
"POINT (10.127183411000001 53.546892808000102)","Unfall 153603 (2022) Kat:3, Licht: 0","153603","3","6","2","11","15","4","","0","0","1","0","0"
"POINT (9.986719075000050 53.438786751000102)","Unfall 153604 (2022) Kat:3, Licht: 0","153604","3","6","2","10","12","3","","0","0","1","0","0"
"POINT (9.940304362000060 53.579092348000103)","Unfall 153605 (2022) Kat:3, Licht: 0","153605","3","7","0","10","14","5","","0","1","0","0","0"
"POINT (9.919245730000060 53.556637082000101)","Unfall 153606 (2022) Kat:3, Licht: 0","153606","3","7","0","09","10","6","","0","1","0","0","0"
"POINT (10.035484834000000 53.575144938999998)","Unfall 153607 (2022) Kat:3, Licht: 0","153607","3","3","5","09","07","4","","0","1","1","0","0"
"POINT (10.002758507000101 53.601426947000000)","Unfall 153608 (2022) Kat:3, Licht: 2","153608","3","6","2","11","18","3","","2","0","1","0","1"
"POINT (10.085165307000100 53.657848418000100)","Unfall 153609 (2022) Kat:3, Licht: 2","153609","3","7","1","09","21","2","","2","0","1","0","0"
"POINT (10.084172047999999 53.554967217000097)","Unfall 153610 (2022) Kat:3, Licht: 2","153610","3","3","5","09","20","1","","2","1","1","0","0"
"POINT (9.994423792000021 53.551528064000102)","Unfall 153611 (2022) Kat:3, Licht: 2","153611","3","7","0","12","21","7","","2","0","0","0","0"
"POINT (10.128245716000000 53.444274708000101)","Unfall 153612 (2022) Kat:3, Licht: 1","153612","3","2","4","11","16","4","","1","0","1","0","0"
"POINT (9.909457244000070 53.605006889999999)","Unfall 153613 (2022) Kat:3, Licht: 2","153613","3","6","2","10","23","7","","2","0","1","0","0"
"POINT (10.004931133000101 53.551106053000098)","Unfall 153614 (2022) Kat:3, Licht: 2","153614","3","7","6","11","18","7","","2","0","1","1","0"
"POINT (10.201660358000000 53.484988584000099)","Unfall 153615 (2022) Kat:3, Licht: 1","153615","3","1","0","10","21","4","","1","0","0","0","0"
"POINT (10.112404278000000 53.620724727999999)","Unfall 153616 (2022) Kat:3, Licht: 0","153616","3","2","3","10","15","3","","0","0","1","0","0"
"POINT (10.024778219000000 53.568857209999997)","Unfall 153617 (2022) Kat:2, Licht: 2","153617","2","1","9","11","00","6","","2","0","0","0","1"
"POINT (10.111462255999999 53.538368499000100)","Unfall 153618 (2022) Kat:3, Licht: 0","153618","3","7","5","10","10","5","","0","0","1","0","0"
"POINT (9.942842838000050 53.558666495000097)","Unfall 153619 (2022) Kat:3, Licht: 0","153619","3","1","0","10","12","7","","0","0","0","0","1"
"POINT (10.149238763000000 53.524257628000001)","Unfall 153620 (2022) Kat:3, Licht: 0","153620","3","7","0","09","16","7","","0","0","0","0","1"
"POINT (9.956328282000070 53.570332571000101)","Unfall 153621 (2022) Kat:3, Licht: 0","153621","3","2","5","09","16","6","","0","1","1","0","0"
"POINT (10.027795781000099 53.570675644000097)","Unfall 153622 (2022) Kat:3, Licht: 0","153622","3","6","2","10","14","3","","0","0","1","0","0"
"POINT (9.997467698000040 53.556834424999998)","Unfall 153623 (2022) Kat:3, Licht: 1","153623","3","6","2","09","18","5","","1","0","1","0","0"
"POINT (10.086806911000100 53.656367822999997)","Unfall 153624 (2022) Kat:2, Licht: 1","153624","2","6","4","09","06","3","","1","1","0","0","0"
"POINT (10.009555999000000 53.581463026999998)","Unfall 153625 (2022) Kat:3, Licht: 2","153625","3","7","0","11","17","4","","2","0","0","0","1"
"POINT (9.988580700000060 53.585467564000098)","Unfall 153626 (2022) Kat:2, Licht: 0","153626","2","3","5","09","05","7","","0","1","0","0","0"
"POINT (9.827326864000041 53.470155376000001)","Unfall 153627 (2022) Kat:3, Licht: 0","153627","3","2","4","09","11","6","","0","1","0","0","0"
"POINT (9.964718977000080 53.557086978000001)","Unfall 153628 (2022) Kat:3, Licht: 2","153628","3","6","2","12","20","5","","2","0","1","0","0"
"POINT (10.032793433000100 53.578029220000097)","Unfall 153629 (2022) Kat:3, Licht: 0","153629","3","7","0","10","14","1","","0","1","0","0","0"
"POINT (9.905798224000019 53.612773042000100)","Unfall 153630 (2022) Kat:3, Licht: 2","153630","3","6","2","11","21","6","","2","0","1","0","0"
"POINT (10.002678481000000 53.587221974000002)","Unfall 153631 (2022) Kat:3, Licht: 0","153631","3","2","3","10","12","4","","0","1","1","0","0"
"POINT (10.018067490000000 53.565982083999998)","Unfall 153632 (2022) Kat:3, Licht: 0","153632","3","6","3","10","08","2","","0","1","1","0","0"
"POINT (10.017545455000100 53.556872458000001)","Unfall 153633 (2022) Kat:3, Licht: 0","153633","3","5","3","11","15","5","","0","1","1","0","0"
"POINT (10.069700754000101 53.581618892000101)","Unfall 153634 (2022) Kat:2, Licht: 0","153634","2","3","5","09","14","3","","0","1","1","0","0"
"POINT (10.132017362999999 53.587516760000000)","Unfall 153635 (2022) Kat:3, Licht: 0","153635","3","3","5","09","18","4","","0","1","1","0","0"
"POINT (10.103951065000000 53.574701848000103)","Unfall 153636 (2022) Kat:3, Licht: 0","153636","3","2","3","09","08","4","","0","1","1","0","0"
"POINT (9.992919687000040 53.558931448000102)","Unfall 153637 (2022) Kat:3, Licht: 0","153637","3","6","3","09","09","2","","0","0","1","0","1"
"POINT (10.119804032999999 53.603817769999999)","Unfall 153638 (2022) Kat:3, Licht: 2","153638","3","5","5","11","19","2","","2","0","1","0","0"
"POINT (9.952301952000029 53.598667908000003)","Unfall 153639 (2022) Kat:3, Licht: 2","153639","3","7","0","10","21","1","","2","0","0","0","0"
"POINT (9.978962623000029 53.460869854000101)","Unfall 153640 (2022) Kat:3, Licht: 0","153640","3","4","6","09","16","5","","0","0","0","1","0"
"POINT (9.958886076000059 53.439451353000003)","Unfall 153641 (2022) Kat:3, Licht: 0","153641","3","5","5","11","14","7","","0","0","1","0","0"
"POINT (9.922980121000020 53.548353377000097)","Unfall 153642 (2022) Kat:3, Licht: 0","153642","3","7","2","10","10","6","","0","1","1","0","0"
"POINT (9.911398342000041 53.634803408000003)","Unfall 153643 (2022) Kat:3, Licht: 0","153643","3","4","6","10","15","5","","0","0","1","1","0"
"POINT (9.917190323000060 53.569970540000000)","Unfall 153644 (2022) Kat:3, Licht: 0","153644","3","3","5","11","13","2","","0","1","1","0","0"
"POINT (10.208411793000000 53.481309592999999)","Unfall 153645 (2022) Kat:3, Licht: 2","153645","3","2","6","10","20","2","","2","0","0","1","0"
"POINT (9.969765436000049 53.545925521000100)","Unfall 153646 (2022) Kat:3, Licht: 0","153646","3","6","2","09","12","3","","0","0","1","0","0"
"POINT (10.139595869000100 53.582153034000001)","Unfall 153647 (2022) Kat:3, Licht: 0","153647","3","3","5","09","06","6","","0","1","1","0","0"
"POINT (9.998286805000021 53.438183158000101)","Unfall 153648 (2022) Kat:3, Licht: 0","153648","3","3","5","10","13","5","","0","1","0","0","0"
"POINT (9.916296616000070 53.600208051000003)","Unfall 153649 (2022) Kat:3, Licht: 0","153649","3","3","5","11","12","2","","0","1","1","0","0"
"POINT (9.945968991000029 53.626211670000004)","Unfall 153650 (2022) Kat:3, Licht: 0","153650","3","7","0","09","11","1","","0","1","0","0","0"
"POINT (9.897763343000070 53.590768803000103)","Unfall 153651 (2022) Kat:3, Licht: 0","153651","3","6","4","09","10","3","","0","0","1","0","0"
"POINT (9.923397047000041 53.599487515000099)","Unfall 153652 (2022) Kat:3, Licht: 1","153652","3","7","0","12","07","3","","1","0","0","0","0"
"POINT (10.061606021999999 53.569389147000003)","Unfall 153653 (2022) Kat:3, Licht: 0","153653","3","6","2","10","12","7","","0","0","1","0","0"
"POINT (9.863227285000050 53.471220306000099)","Unfall 153654 (2022) Kat:3, Licht: 0","153654","3","6","2","11","15","6","","0","0","1","0","0"
"POINT (9.982331653000070 53.577236745999997)","Unfall 153655 (2022) Kat:3, Licht: 2","153655","3","6","4","10","19","5","","2","1","1","0","0"
"POINT (10.044636298000100 53.591436616000102)","Unfall 153656 (2022) Kat:3, Licht: 1","153656","3","2","4","10","17","3","","1","0","1","0","0"
"POINT (10.000859178000001 53.541026283000100)","Unfall 153657 (2022) Kat:3, Licht: 0","153657","3","4","6","11","15","7","","0","0","1","1","0"
"POINT (10.006909926000001 53.550256736000101)","Unfall 153658 (2022) Kat:3, Licht: 0","153658","3","6","2","10","14","7","","0","0","1","0","0"
"POINT (9.944166710000051 53.575856079000097)","Unfall 153659 (2022) Kat:3, Licht: 2","153659","3","6","4","09","22","7","","2","0","1","0","0"
"POINT (9.857316747000031 53.558136132000101)","Unfall 153660 (2022) Kat:2, Licht: 0","153660","2","6","2","09","16","5","","0","1","1","0","0"
"POINT (10.033021207999999 53.546024106000097)","Unfall 153661 (2022) Kat:3, Licht: 2","153661","3","7","3","11","06","4","","2","0","1","0","0"
"POINT (9.886988810000050 53.561193807999999)","Unfall 153662 (2022) Kat:3, Licht: 0","153662","3","6","2","10","16","5","","0","0","1","0","0"
"POINT (10.110955984000000 53.657332428000103)","Unfall 153663 (2022) Kat:3, Licht: 0","153663","3","4","6","10","15","5","","0","0","1","1","0"
"POINT (9.988195341000051 53.571710588000002)","Unfall 153664 (2022) Kat:3, Licht: 0","153664","3","7","0","09","14","5","","0","0","0","0","1"
"POINT (9.949100527000040 53.548990680000003)","Unfall 153665 (2022) Kat:3, Licht: 0","153665","3","2","4","09","15","5","","0","1","1","0","0"
"POINT (10.083760137000100 53.618127631000000)","Unfall 153666 (2022) Kat:3, Licht: 0","153666","3","3","5","11","09","6","","0","1","1","0","0"
"POINT (10.088911821000099 53.517337822999998)","Unfall 153667 (2022) Kat:3, Licht: 2","153667","3","5","1","09","23","6","","2","0","0","0","0"
"POINT (9.999734246000060 53.580409798000098)","Unfall 153668 (2022) Kat:3, Licht: 0","153668","3","7","0","09","18","2","","0","1","0","0","0"
"POINT (10.024595883000099 53.579230118000098)","Unfall 153669 (2022) Kat:3, Licht: 0","153669","3","7","0","12","09","7","","0","1","0","0","0"
"POINT (9.939844635000039 53.572786705000098)","Unfall 153670 (2022) Kat:3, Licht: 0","153670","3","6","3","10","15","7","","0","0","1","0","1"
"POINT (9.933156039000041 53.544687916999997)","Unfall 153671 (2022) Kat:3, Licht: 0","153671","3","2","3","11","15","3","","0","0","1","0","1"
"POINT (10.015751875999999 53.562632610000001)","Unfall 153672 (2022) Kat:3, Licht: 0","153672","3","6","2","09","17","4","","0","0","1","0","0"
"POINT (10.034031173000100 53.649148384000100)","Unfall 153673 (2022) Kat:3, Licht: 0","153673","3","3","5","09","11","3","","0","1","1","0","0"
"POINT (9.892980961000029 53.603372272999998)","Unfall 153674 (2022) Kat:1, Licht: 2","153674","1","4","6","12","16","2","","2","0","1","1","0"
"POINT (9.959525789000050 53.457869178000102)","Unfall 153675 (2022) Kat:3, Licht: 0","153675","3","3","5","10","16","6","","0","0","1","0","0"
"POINT (10.073883954000101 53.594577383000100)","Unfall 153676 (2022) Kat:3, Licht: 2","153676","3","7","3","11","20","7","","2","0","1","0","0"
"POINT (9.981881217000019 53.480220643000102)","Unfall 153677 (2022) Kat:3, Licht: 2","153677","3","1","9","10","04","7","","2","0","0","0","0"
"POINT (10.037380353000099 53.569244841000099)","Unfall 153678 (2022) Kat:3, Licht: 0","153678","3","5","3","10","15","5","","0","0","1","0","0"
"POINT (10.044723203000000 53.582243756000103)","Unfall 153679 (2022) Kat:3, Licht: 2","153679","3","7","3","11","16","7","","2","0","1","0","0"
"POINT (9.976083157000060 53.461587459999997)","Unfall 153680 (2022) Kat:3, Licht: 0","153680","3","3","5","10","15","1","","0","1","0","0","0"
"POINT (10.080179954000100 53.608305584000000)","Unfall 153681 (2022) Kat:3, Licht: 0","153681","3","3","5","09","16","7","","0","0","1","0","0"
"POINT (10.067137947999999 53.562973845000002)","Unfall 153682 (2022) Kat:3, Licht: 1","153682","3","6","2","09","18","7","","1","0","1","0","0"
"POINT (9.788823968000029 53.570967783000100)","Unfall 153683 (2022) Kat:3, Licht: 2","153683","3","3","5","11","22","5","","2","0","1","0","1"
"POINT (10.023768654000000 53.558379754999997)","Unfall 153684 (2022) Kat:2, Licht: 0","153684","2","3","5","10","15","5","","0","0","1","0","0"
"POINT (9.845287238000029 53.563568249000099)","Unfall 153685 (2022) Kat:3, Licht: 0","153685","3","3","5","10","16","5","","0","0","1","0","0"
"POINT (10.027241544000001 53.629889140000003)","Unfall 153686 (2022) Kat:3, Licht: 0","153686","3","6","3","09","10","6","","0","0","1","0","0"
"POINT (10.013319306000000 53.639906512000003)","Unfall 153687 (2022) Kat:2, Licht: 2","153687","2","2","4","09","04","4","","2","0","1","0","1"
"POINT (10.000751480000099 53.595288906000100)","Unfall 153688 (2022) Kat:3, Licht: 2","153688","3","6","3","11","20","6","","2","1","1","0","0"
"POINT (9.994242237000041 53.572848483000001)","Unfall 153689 (2022) Kat:3, Licht: 0","153689","3","7","0","09","11","2","","0","0","0","0","0"
"POINT (9.991759991000039 53.665948381000099)","Unfall 153690 (2022) Kat:3, Licht: 0","153690","3","2","4","09","14","2","","0","1","1","0","0"
"POINT (10.158958782000100 53.599666212999999)","Unfall 153691 (2022) Kat:3, Licht: 2","153691","3","1","9","12","03","7","","2","0","0","0","0"
"POINT (9.880525171000039 53.584009448000103)","Unfall 153692 (2022) Kat:3, Licht: 0","153692","3","5","1","11","15","4","","0","0","1","0","0"
"POINT (9.970591297000061 53.575936657000099)","Unfall 153693 (2022) Kat:3, Licht: 0","153693","3","2","3","11","08","2","","0","1","0","0","0"
"POINT (9.989595894000050 53.544858675000100)","Unfall 153694 (2022) Kat:3, Licht: 2","153694","3","3","5","10","05","5","","2","0","1","0","0"
"POINT (9.949201382000069 53.640137338999999)","Unfall 153695 (2022) Kat:3, Licht: 2","153695","3","6","2","10","19","3","","2","0","1","0","0"
"POINT (10.032337312999999 53.539208868000102)","Unfall 153696 (2022) Kat:3, Licht: 0","153696","3","6","2","11","14","5","","0","0","1","0","0"