WKT,Name,OBJECTID,UKATEGORIE,UTYP1,UART,UMONAT,USTUNDE,UWOCHENTAG,STRZUSTAND,ULICHTVERH,ISTRAD,ISTPKW,ISTFUSS,ISTKRAD
"POINT (9.975433264000060 53.424225559000000)","Unfall 153697 (2022) Kat:3, Licht: 0","153697","3","6","3","10","15","6","","0","1","1","0","0"
"POINT (9.887434017000031 53.564805978000003)","Unfall 153698 (2022) Kat:3, Licht: 0","153698","3","7","0","09","08","5","","0","0","0","0","1"
"POINT (9.972362459000070 53.575729422999999)","Unfall 153699 (2022) Kat:2, Licht: 0","153699","2","6","4","09","07","6","","0","1","0","0","0"
"POINT (10.125726474000000 53.669491848000099)","Unfall 153700 (2022) Kat:2, Licht: 0","153700","2","4","6","10","16","4","","0","0","1","1","0"
"POINT (9.964765905000039 53.569442698000003)","Unfall 153701 (2022) Kat:3, Licht: 0","153701","3","7","0","09","08","5","","0","1","0","0","0"
"POINT (9.856563063000070 53.598132084000000)","Unfall 153702 (2022) Kat:3, Licht: 1","153702","3","2","5","09","07","3","","1","1","0","0","0"
"POINT (10.180917147000100 53.629966409000097)","Unfall 153703 (2022) Kat:3, Licht: 2","153703","3","5","5","11","17","5","","2","1","1","0","0"
"POINT (9.996118985000070 53.445147967000104)","Unfall 153704 (2022) Kat:3, Licht: 0","153704","3","7","0","09","07","7","","0","1","0","0","0"
"POINT (10.017341860000000 53.549501715000098)","Unfall 153705 (2022) Kat:3, Licht: 0","153705","3","3","5","11","08","4","","0","1","0","0","0"
"POINT (9.982206186000040 53.455086700000003)","Unfall 153706 (2022) Kat:2, Licht: 2","153706","2","1","0","10","00","1","","2","0","0","0","0"
"POINT (10.050875537000000 53.602642228000001)","Unfall 153707 (2022) Kat:3, Licht: 0","153707","3","7","0","11","07","6","","0","0","0","0","0"
"POINT (10.014593901000101 53.554615589999997)","Unfall 153708 (2022) Kat:3, Licht: 0","153708","3","4","6","11","10","4","","0","0","1","1","0"
"POINT (10.061535980000000 53.560171902000000)","Unfall 153709 (2022) Kat:2, Licht: 0","153709","2","2","4","10","10","3","","0","1","1","0","0"
"POINT (10.131066535000100 53.591939382000099)","Unfall 153710 (2022) Kat:3, Licht: 0","153710","3","7","0","10","16","2","","0","0","0","0","0"
"POINT (10.183811904000001 53.488804392000098)","Unfall 153711 (2022) Kat:3, Licht: 0","153711","3","2","4","11","15","3","","0","1","1","0","0"
"POINT (10.049927306000001 53.594190980000100)","Unfall 153712 (2022) Kat:3, Licht: 0","153712","3","2","2","09","15","3","","0","0","1","0","0"
"POINT (9.967854947000029 53.577514432000001)","Unfall 153713 (2022) Kat:3, Licht: 0","153713","3","7","0","09","18","4","","0","1","0","0","0"
"POINT (9.810509530000051 53.580712490000103)","Unfall 153714 (2022) Kat:3, Licht: 0","153714","3","7","0","09","16","2","","0","0","0","0","0"
"POINT (10.084992452000099 53.587053173000101)","Unfall 153715 (2022) Kat:3, Licht: 0","153715","3","5","3","11","11","2","","0","1","1","0","0"
"POINT (9.956116655000070 53.563563506999998)","Unfall 153716 (2022) Kat:2, Licht: 2","153716","2","1","0","10","23","1","","2","0","0","0","0"
"POINT (9.931870486000040 53.454197662000098)","Unfall 153717 (2022) Kat:3, Licht: 0","153717","3","6","3","09","15","5","","0","0","1","0","0"
"POINT (9.906970301000060 53.616286713000100)","Unfall 153718 (2022) Kat:3, Licht: 1","153718","3","2","4","11","16","3","","1","0","1","1","0"
"POINT (9.969958987000039 53.603685720999998)","Unfall 153719 (2022) Kat:3, Licht: 0","153719","3","1","0","10","14","7","","0","0","0","0","0"
"POINT (10.110995319000001 53.623503837999998)","Unfall 153720 (2022) Kat:3, Licht: 2","153720","3","1","0","10","19","5","","2","0","0","0","1"
"POINT (10.061747139000000 53.599420680999998)","Unfall 153721 (2022) Kat:2, Licht: 0","153721","2","2","4","11","11","2","","0","0","0","0","0"
"POINT (10.077309485000100 53.653054403000098)","Unfall 153722 (2022) Kat:3, Licht: 0","153722","3","2","0","10","10","3","","0","1","1","0","0"
"POINT (9.957867808000060 53.582963001000103)","Unfall 153723 (2022) Kat:2, Licht: 0","153723","2","5","5","09","16","2","","0","1","1","0","0"
"POINT (10.110034853000100 53.530606349999999)","Unfall 153724 (2022) Kat:3, Licht: 0","153724","3","5","5","09","15","6","","0","0","1","0","0"
"POINT (10.095756683999999 53.516501075000100)","Unfall 153725 (2022) Kat:3, Licht: 0","153725","3","4","6","10","17","4","","0","0","0","1","0"
"POINT (9.997461182000050 53.578568168000103)","Unfall 153726 (2022) Kat:3, Licht: 2","153726","3","3","5","09","21","5","","2","1","1","0","0"
"POINT (10.002582405000100 53.545592759000002)","Unfall 153727 (2022) Kat:2, Licht: 0","153727","2","1","0","11","09","3","","0","0","0","0","1"
"POINT (10.027729680000000 53.555328197000101)","Unfall 153728 (2022) Kat:3, Licht: 0","153728","3","5","1","09","09","2","","0","1","1","0","0"
"POINT (10.050309549000101 53.573014489999998)","Unfall 153729 (2022) Kat:3, Licht: 2","153729","3","3","5","09","02","1","","2","0","1","0","0"
"POINT (10.135092020000100 53.646919809000103)","Unfall 153730 (2022) Kat:3, Licht: 0","153730","3","1","9","12","13","1","","0","0","1","0","0"
"POINT (10.125925603000001 53.538703243000000)","Unfall 153731 (2022) Kat:3, Licht: 0","153731","3","6","2","10","11","6","","0","1","0","0","0"
"POINT (9.960761521000050 53.559557128999998)","Unfall 153732 (2022) Kat:2, Licht: 2","153732","2","6","4","11","23","7","","2","1","0","0","0"
"POINT (10.240244627999999 53.466223832000097)","Unfall 153733 (2022) Kat:2, Licht: 0","153733","2","7","0","10","09","4","","0","0","0","0","0"
"POINT (10.031635205000001 53.554555605000097)","Unfall 153734 (2022) Kat:3, Licht: 0","153734","3","6","2","10","16","3","","0","0","1","0","0"
"POINT (10.009634075000100 53.590415233000002)","Unfall 153735 (2022) Kat:2, Licht: 0","153735","2","2","4","11","14","6","","0","1","1","0","0"
"POINT (10.170917633000000 53.588472016000097)","Unfall 153736 (2022) Kat:3, Licht: 2","153736","3","7","0","10","19","1","","2","1","0","0","0"
"POINT (9.951939322000040 53.576691881000002)","Unfall 153737 (2022) Kat:3, Licht: 0","153737","3","2","2","09","16","6","","0","0","1","0","0"
"POINT (9.995820419000040 53.477682393000102)","Unfall 153738 (2022) Kat:3, Licht: 1","153738","3","1","0","09","19","5","","1","0","1","0","0"
"POINT (10.022089231000100 53.633803810000103)","Unfall 153739 (2022) Kat:3, Licht: 1","153739","3","4","6","11","07","5","","1","1","0","1","0"
"POINT (10.014592470000000 53.581912652000000)","Unfall 153740 (2022) Kat:3, Licht: 0","153740","3","7","0","10","08","4","","0","1","0","0","0"
"POINT (10.112044464000100 53.543572261000101)","Unfall 153741 (2022) Kat:3, Licht: 0","153741","3","7","0","10","11","3","","0","0","0","0","0"
"POINT (10.001455740000001 53.555061105999997)","Unfall 153742 (2022) Kat:3, Licht: 0","153742","3","7","0","09","16","6","","0","1","0","0","0"
"POINT (10.033347902999999 53.619932091000102)","Unfall 153743 (2022) Kat:3, Licht: 1","153743","3","6","3","09","19","3","","1","1","1","0","0"
"POINT (9.997704065000050 53.544036304000002)","Unfall 153744 (2022) Kat:3, Licht: 1","153744","3","2","3","11","21","6","","1","0","1","0","1"
"POINT (9.992313249000061 53.461673201000103)","Unfall 153745 (2022) Kat:2, Licht: 2","153745","2","1","9","09","21","7","","2","0","0","0","1"
"POINT (10.092147487000000 53.687684752999999)","Unfall 153746 (2022) Kat:3, Licht: 0","153746","3","7","0","09","14","7","","0","1","0","0","0"
"POINT (9.959297515000060 53.549492095000097)","Unfall 153747 (2022) Kat:3, Licht: 2","153747","3","4","6","12","21","6","","2","0","1","1","0"
"POINT (10.009026088000001 53.599520228000102)","Unfall 153748 (2022) Kat:3, Licht: 0","153748","3","7","0","11","08","3","","0","1","0","0","0"
"POINT (9.822551866000030 53.584035791000098)","Unfall 153749 (2022) Kat:3, Licht: 0","153749","3","3","5","11","10","1","","0","1","0","0","0"
"POINT (9.918212278000061 53.579293490000097)","Unfall 153750 (2022) Kat:3, Licht: 0","153750","3","6","2","10","16","4","","0","0","1","0","0"
"POINT (9.988508339000081 53.582186223000100)","Unfall 153751 (2022) Kat:3, Licht: 0","153751","3","3","5","10","06","2","","0","1","1","0","0"
"POINT (10.100441512000000 53.535634547000001)","Unfall 153752 (2022) Kat:3, Licht: 0","153752","3","6","2","11","11","5","","0","0","1","0","0"
"POINT (9.913209077000030 53.601827256000000)","Unfall 153753 (2022) Kat:3, Licht: 2","153753","3","3","5","09","06","5","","2","1","1","0","0"
"POINT (9.989614830000050 53.553519674000000)","Unfall 153754 (2022) Kat:3, Licht: 0","153754","3","6","6","09","12","4","","0","1","0","1","0"
"POINT (9.956479145000060 53.562014472999998)","Unfall 153755 (2022) Kat:3, Licht: 0","153755","3","2","5","09","14","4","","0","1","1","0","0"
"POINT (9.964320396000060 53.442285060000103)","Unfall 153756 (2022) Kat:3, Licht: 0","153756","3","3","4","09","15","2","","0","1","0","0","0"
"POINT (10.022584921000000 53.584417997000102)","Unfall 153757 (2022) Kat:2, Licht: 0","153757","2","7","1","11","13","5","","0","1","1","0","0"
"POINT (10.107035027000100 53.547457932999997)","Unfall 153758 (2022) Kat:3, Licht: 0","153758","3","2","6","09","10","6","","0","0","0","1","0"
"POINT (10.096450302000100 53.552430637999997)","Unfall 153759 (2022) Kat:2, Licht: 0","153759","2","4","6","09","15","5","","0","0","1","1","0"
"POINT (9.941849084000070 53.547984777000103)","Unfall 153760 (2022) Kat:3, Licht: 0","153760","3","2","2","11","10","4","","0","0","1","0","0"
"POINT (10.054360340000100 53.497259663000101)","Unfall 153761 (2022) Kat:3, Licht: 0","153761","3","5","1","10","12","1","","0","1","0","0","0"
"POINT (9.954902346000040 53.551593578000102)","Unfall 153762 (2022) Kat:3, Licht: 2","153762","3","7","6","11","22","6","","2","0","1","1","0"
"POINT (9.919425970000081 53.560456919000003)","Unfall 153763 (2022) Kat:3, Licht: 0","153763","3","6","2","11","09","4","","0","1","0","0","0"
"POINT (10.031611859000099 53.552150147000098)","Unfall 153764 (2022) Kat:2, Licht: 1","153764","2","2","6","11","06","3","","1","0","1","1","0"
"POINT (10.116853618000100 53.607496288999997)","Unfall 153765 (2022) Kat:3, Licht: 0","153765","3","5","5","11","10","7","","0","0","1","0","1"
"POINT (9.894454566000039 53.603937280000103)","Unfall 153766 (2022) Kat:3, Licht: 0","153766","3","6","4","10","13","4","","0","1","0","0","0"
"POINT (9.898183999000031 53.592904902000001)","Unfall 153767 (2022) Kat:3, Licht: 2","153767","3","6","2","10","02","1","","2","0","1","0","0"
"POINT (10.082433222000100 53.621174003000100)","Unfall 153768 (2022) Kat:3, Licht: 2","153768","3","7","3","11","17","5","","2","0","1","0","1"
"POINT (10.066295121000101 53.584688499000002)","Unfall 153769 (2022) Kat:3, Licht: 0","153769","3","3","5","09","08","4","","0","0","1","0","0"
"POINT (9.962616606000040 53.564493728000102)","Unfall 153770 (2022) Kat:3, Licht: 0","153770","3","2","4","09","16","4","","0","1","1","0","0"
"POINT (9.922461775000039 53.638144197000003)","Unfall 153771 (2022) Kat:3, Licht: 0","153771","3","6","2","10","16","4","","0","0","1","0","0"
"POINT (10.092255390000000 53.635869073000002)","Unfall 153772 (2022) Kat:1, Licht: 2","153772","1","3","5","09","21","4","","2","0","1","0","1"
"POINT (9.957319752000050 53.580365947000097)","Unfall 153773 (2022) Kat:3, Licht: 2","153773","3","2","3","09","21","3","","2","1","0","0","1"
"POINT (9.988022626000030 53.589949229000098)","Unfall 153774 (2022) Kat:3, Licht: 2","153774","3","5","1","11","17","4","","2","1","1","0","0"
"POINT (10.026832229000000 53.626274062999997)","Unfall 153775 (2022) Kat:3, Licht: 0","153775","3","3","5","10","11","7","","0","1","1","0","0"
"POINT (10.115393440000000 53.544184157000103)","Unfall 153776 (2022) Kat:3, Licht: 0","153776","3","4","6","09","10","7","","0","0","1","1","0"
"POINT (10.002405419000100 53.587583472000098)","Unfall 153777 (2022) Kat:3, Licht: 2","153777","3","7","0","11","19","4","","2","1","0","0","0"
"POINT (9.965847848000070 53.548151314999998)","Unfall 153778 (2022) Kat:3, Licht: 0","153778","3","4","6","11","11","3","","0","0","1","1","0"
"POINT (9.963763090000040 53.569661973999999)","Unfall 153779 (2022) Kat:3, Licht: 0","153779","3","2","3","11","10","6","","0","1","1","0","0"
"POINT (9.901298727000039 53.479361986000100)","Unfall 153780 (2022) Kat:3, Licht: 0","153780","3","3","5","11","10","3","","0","0","1","0","0"
"POINT (9.906117394000031 53.607003714000001)","Unfall 153781 (2022) Kat:3, Licht: 0","153781","3","2","5","10","11","2","","0","1","1","0","0"
"POINT (10.206032451000100 53.488562846000001)","Unfall 153782 (2022) Kat:3, Licht: 0","153782","3","6","3","10","07","6","","0","0","0","0","0"
"POINT (10.050921469000100 53.563120488000003)","Unfall 153783 (2022) Kat:3, Licht: 0","153783","3","7","0","11","12","3","","0","0","0","0","1"
"POINT (10.065925822000100 53.585148433000001)","Unfall 153784 (2022) Kat:3, Licht: 2","153784","3","6","2","09","21","3","","2","0","1","0","0"
"POINT (10.115617460000101 53.611137137000100)","Unfall 153785 (2022) Kat:3, Licht: 2","153785","3","3","5","09","21","2","","2","1","1","0","0"
"POINT (9.987229002000049 53.514314824000103)","Unfall 153786 (2022) Kat:3, Licht: 0","153786","3","2","4","10","12","2","","0","1","1","0","0"
"POINT (9.946101075000060 53.569597651999999)","Unfall 153787 (2022) Kat:3, Licht: 0","153787","3","1","0","11","18","3","","0","1","0","0","0"
"POINT (9.763866270000049 53.584906583000098)","Unfall 153788 (2022) Kat:3, Licht: 0","153788","3","4","6","09","17","6","","0","0","1","1","0"
"POINT (10.151021593000101 53.584037561000102)","Unfall 153789 (2022) Kat:3, Licht: 0","153789","3","5","1","11","09","2","","0","0","1","0","0"
"POINT (9.889879744000041 53.601624825999998)","Unfall 153790 (2022) Kat:3, Licht: 1","153790","3","2","4","10","16","6","","1","0","1","0","1"
"POINT (10.037911065000101 53.569558164000100)","Unfall 153791 (2022) Kat:3, Licht: 1","153791","3","3","5","10","07","5","","1","0","1","0","0"
"POINT (9.910592314000040 53.556326048000102)","Unfall 153792 (2022) Kat:3, Licht: 2","153792","3","3","5","11","17","3","","2","1","1","0","0"
"POINT (9.984809558000050 53.583340073000002)","Unfall 153793 (2022) Kat:3, Licht: 2","153793","3","7","0","10","23","2","","2","0","0","0","1"
"POINT (9.974152259000050 53.569265098000102)","Unfall 153794 (2022) Kat:3, Licht: 0","153794","3","2","3","09","18","1","","0","1","1","0","0"
"POINT (10.045433500000099 53.663742558000102)","Unfall 153795 (2022) Kat:3, Licht: 2","153795","3","7","0","09","00","6","","2","0","0","0","0"
"POINT (10.069639811000100 53.579585176000101)","Unfall 153796 (2022) Kat:3, Licht: 0","153796","3","2","3","10","13","4","","0","1","0","0","0"
"POINT (9.975190110000030 53.453980708000103)","Unfall 153797 (2022) Kat:3, Licht: 0","153797","3","2","4","10","09","4","","0","0","1","0","0"
"POINT (9.863535335000050 53.597483756000003)","Unfall 153798 (2022) Kat:3, Licht: 1","153798","3","5","5","09","19","5","","1","0","1","0","0"
"POINT (10.095308657000000 53.656151628000003)","Unfall 153799 (2022) Kat:3, Licht: 0","153799","3","5","5","11","15","2","","0","1","1","0","0"
"POINT (10.102803887000100 53.578873830000099)","Unfall 153800 (2022) Kat:3, Licht: 0","153800","3","7","2","09","12","1","","0","0","1","0","0"
"POINT (9.963901662000071 53.579215353000102)","Unfall 153801 (2022) Kat:3, Licht: 0","153801","3","6","2","09","08","2","","0","0","1","0","0"
"POINT (10.124831368000100 53.585867371000099)","Unfall 153802 (2022) Kat:3, Licht: 1","153802","3","6","2","12","16","2","","1","0","1","0","0"
"POINT (10.014087429000000 53.623598000000101)","Unfall 153803 (2022) Kat:3, Licht: 0","153803","3","6","6","11","14","4","","0","1","0","1","0"
"POINT (9.973298367000041 53.583896983999999)","Unfall 153804 (2022) Kat:3, Licht: 0","153804","3","4","6","10","08","7","","0","0","1","1","0"
"POINT (10.027501531000000 53.570118919999999)","Unfall 153805 (2022) Kat:3, Licht: 0","153805","3","6","2","11","10","7","","0","0","1","0","0"
"POINT (9.955659352000049 53.570219716000103)","Unfall 153806 (2022) Kat:3, Licht: 1","153806","3","1","0","10","18","5","","1","1","0","0","0"
"POINT (10.049756123000099 53.602927080000001)","Unfall 153807 (2022) Kat:3, Licht: 0","153807","3","3","5","10","12","3","","0","1","1","0","0"
"POINT (9.972217273000069 53.451894213999999)","Unfall 153808 (2022) Kat:3, Licht: 2","153808","3","4","6","11","18","1","","2","0","1","1","0"
"POINT (9.852688931000049 53.591409671000100)","Unfall 153809 (2022) Kat:3, Licht: 0","153809","3","7","0","10","12","7","","0","0","1","0","0"
"POINT (9.988522425000040 53.555399895000100)","Unfall 153810 (2022) Kat:3, Licht: 0","153810","3","6","3","09","14","6","","0","1","0","0","0"
"POINT (9.975256640000049 53.579096241999999)","Unfall 153811 (2022) Kat:3, Licht: 2","153811","3","6","2","09","20","5","","2","0","1","0","0"
"POINT (9.948083961000069 53.641253374000001)","Unfall 153812 (2022) Kat:3, Licht: 0","153812","3","5","5","11","12","5","","0","1","1","0","0"
"POINT (10.080715871000100 53.559787268000001)","Unfall 153813 (2022) Kat:3, Licht: 0","153813","3","2","3","10","17","3","","0","1","0","0","0"
"POINT (9.969117394000021 53.470982997000100)","Unfall 153814 (2022) Kat:3, Licht: 0","153814","3","6","6","09","15","5","","0","0","1","1","0"
"POINT (9.959500476000070 53.556765288000101)","Unfall 153815 (2022) Kat:3, Licht: 0","153815","3","2","3","09","08","4","","0","1","1","0","0"
"POINT (9.970812170000039 53.582960570000097)","Unfall 153816 (2022) Kat:3, Licht: 2","153816","3","3","5","11","01","7","","2","0","1","0","0"
"POINT (10.186753523000000 53.495714354000000)","Unfall 153817 (2022) Kat:3, Licht: 0","153817","3","5","1","09","16","7","","0","0","1","0","1"
"POINT (9.965378623000049 53.552325529000001)","Unfall 153818 (2022) Kat:3, Licht: 2","153818","3","1","0","12","01","1","","2","0","0","0","0"
"POINT (9.799487942000040 53.582100760000102)","Unfall 153819 (2022) Kat:3, Licht: 0","153819","3","5","1","11","14","4","","0","1","1","0","0"
"POINT (10.206767712000000 53.489134969000098)","Unfall 153820 (2022) Kat:3, Licht: 2","153820","3","6","4","11","20","6","","2","1","1","0","0"
"POINT (9.926345582000071 53.571849514000100)","Unfall 153821 (2022) Kat:3, Licht: 0","153821","3","3","5","10","12","3","","0","0","1","0","0"
"POINT (10.167660076000100 53.649797454000101)","Unfall 153822 (2022) Kat:2, Licht: 0","153822","2","6","3","10","16","7","","0","1","1","0","0"
"POINT (10.058120892000000 53.609860122999997)","Unfall 153823 (2022) Kat:3, Licht: 2","153823","3","4","0","11","16","5","","2","1","0","1","0"
"POINT (10.009758547000001 53.583568496000098)","Unfall 153824 (2022) Kat:3, Licht: 0","153824","3","2","4","09","12","5","","0","1","1","0","0"
"POINT (9.993592516000041 53.558766696000099)","Unfall 153825 (2022) Kat:3, Licht: 0","153825","3","6","6","09","08","4","","0","1","0","1","0"
"POINT (9.980860159000031 53.567137695000000)","Unfall 153826 (2022) Kat:3, Licht: 0","153826","3","2","3","09","09","3","","0","0","1","0","0"
"POINT (10.034229959000101 53.640167847000001)","Unfall 153827 (2022) Kat:3, Licht: 0","153827","3","3","5","09","11","2","","0","0","1","0","0"
"POINT (10.004494575000001 53.588595157999997)","Unfall 153828 (2022) Kat:3, Licht: 0","153828","3","6","6","11","14","5","","0","1","0","1","0"
"POINT (9.972007431000071 53.557103935000001)","Unfall 153829 (2022) Kat:3, Licht: 2","153829","3","6","2","10","19","7","","2","0","1","0","0"
"POINT (9.866104166000071 53.598279040000101)","Unfall 153830 (2022) Kat:3, Licht: 0","153830","3","7","0","09","14","6","","0","1","0","0","0"
"POINT (10.058062376000100 53.578481416999999)","Unfall 153831 (2022) Kat:2, Licht: 2","153831","2","6","4","12","19","5","","2","0","1","0","0"
"POINT (9.922603110000070 53.644285312000100)","Unfall 153832 (2022) Kat:3, Licht: 2","153832","3","7","0","10","16","1","","2","1","0","0","0"
"POINT (10.155724229000000 53.630821194000099)","Unfall 153833 (2022) Kat:3, Licht: 0","153833","3","7","0","11","08","5","","0","1","0","0","0"
"POINT (9.994070781000060 53.468240942000101)","Unfall 153834 (2022) Kat:3, Licht: 0","153834","3","7","0","10","12","6","","0","1","0","0","0"
"POINT (10.127818648000099 53.641663162999997)","Unfall 153835 (2022) Kat:2, Licht: 2","153835","2","4","6","11","17","3","","2","0","0","1","0"
"POINT (10.024993516000100 53.601845748000102)","Unfall 153836 (2022) Kat:3, Licht: 2","153836","3","2","3","10","22","5","","2","0","1","0","0"
"POINT (10.080885973000001 53.535200617000001)","Unfall 153837 (2022) Kat:3, Licht: 0","153837","3","2","3","10","15","5","","0","1","0","0","0"
"POINT (9.975431314000049 53.583039465000098)","Unfall 153838 (2022) Kat:3, Licht: 2","153838","3","2","6","11","17","5","","2","0","1","1","0"
"POINT (9.999742517000071 53.577220335000000)","Unfall 153839 (2022) Kat:3, Licht: 0","153839","3","6","3","09","14","4","","0","1","1","0","0"
"POINT (10.069156307000100 53.527170601000101)","Unfall 153840 (2022) Kat:3, Licht: 0","153840","3","7","0","09","17","3","","0","1","0","0","0"
"POINT (10.010127299000001 53.552278545000000)","Unfall 153841 (2022) Kat:3, Licht: 0","153841","3","4","6","10","11","3","","0","0","1","1","0"
"POINT (10.025062118999999 53.600413021000101)","Unfall 153842 (2022) Kat:3, Licht: 0","153842","3","6","1","11","07","3","","0","0","1","0","1"
"POINT (10.012722607000100 53.484294303000098)","Unfall 153843 (2022) Kat:3, Licht: 0","153843","3","6","2","11","14","2","","0","0","1","0","0"
"POINT (10.080867204000100 53.531994685000001)","Unfall 153844 (2022) Kat:3, Licht: 2","153844","3","6","2","10","18","6","","2","0","1","0","0"
"POINT (10.057564441000100 53.608527369000100)","Unfall 153845 (2022) Kat:3, Licht: 0","153845","3","2","3","10","12","4","","0","0","1","0","0"
"POINT (10.026180655000100 53.556809559999998)","Unfall 153846 (2022) Kat:3, Licht: 2","153846","3","6","2","11","18","1","","2","0","1","0","0"
"POINT (9.949297944000021 53.558688587000098)","Unfall 153847 (2022) Kat:3, Licht: 0","153847","3","2","4","10","15","2","","0","0","1","0","0"
"POINT (10.084563273000100 53.656726231000100)","Unfall 153848 (2022) Kat:3, Licht: 2","153848","3","7","6","09","22","2","","2","0","1","1","0"
"POINT (9.952796701000070 53.575919712000001)","Unfall 153849 (2022) Kat:3, Licht: 0","153849","3","7","3","09","16","1","","0","0","1","0","1"
"POINT (10.067419884000101 53.571255350000101)","Unfall 153850 (2022) Kat:3, Licht: 0","153850","3","1","0","11","08","4","","0","1","0","0","0"
"POINT (10.017080451000000 53.523791184000103)","Unfall 153851 (2022) Kat:3, Licht: 2","153851","3","7","1","10","06","4","","2","1","1","0","0"
"POINT (10.075844451000000 53.566828158000099)","Unfall 153852 (2022) Kat:3, Licht: 1","153852","3","6","2","10","06","4","","1","0","1","0","0"
"POINT (10.034113860000000 53.576040411000101)","Unfall 153853 (2022) Kat:3, Licht: 2","153853","3","1","0","09","00","6","","2","0","0","0","0"
"POINT (9.997462660000050 53.578568986000100)","Unfall 153854 (2022) Kat:3, Licht: 0","153854","3","3","5","09","17","4","","0","1","1","0","0"
"POINT (9.973955074000060 53.578529260000003)","Unfall 153855 (2022) Kat:3, Licht: 0","153855","3","3","5","11","12","3","","0","1","1","0","0"
"POINT (9.969758495000059 53.598837095000100)","Unfall 153856 (2022) Kat:3, Licht: 0","153856","3","7","2","09","09","2","","0","0","1","0","0"
"POINT (10.017959517000101 53.613101192000002)","Unfall 153857 (2022) Kat:3, Licht: 0","153857","3","7","0","09","16","2","","0","1","0","0","0"
"POINT (10.044275646000100 53.593568391000098)","Unfall 153858 (2022) Kat:3, Licht: 2","153858","3","1","0","12","05","1","","2","0","0","0","0"
"POINT (10.197374943000099 53.483393943000102)","Unfall 153859 (2022) Kat:3, Licht: 0","153859","3","7","0","11","15","4","","0","1","0","0","0"
"POINT (10.081409152000001 53.558817568999999)","Unfall 153860 (2022) Kat:3, Licht: 0","153860","3","6","2","10","09","7","","0","0","1","0","0"
"POINT (9.909918780000050 53.559966772000102)","Unfall 153861 (2022) Kat:3, Licht: 0","153861","3","1","8","10","13","2","","0","1","0","0","0"
"POINT (10.103182455000001 53.570201570999998)","Unfall 153862 (2022) Kat:3, Licht: 2","153862","3","7","0","10","19","6","","2","0","0","0","0"
"POINT (10.123269518000001 53.568817550000098)","Unfall 153863 (2022) Kat:3, Licht: 2","153863","3","3","5","11","19","4","","2","0","1","0","0"
"POINT (10.001952607000000 53.651457470000103)","Unfall 153864 (2022) Kat:3, Licht: 0","153864","3","3","5","09","07","3","","0","1","1","0","0"
"POINT (10.035294677000000 53.555858979999996)","Unfall 153865 (2022) Kat:2, Licht: 0","153865","2","7","0","09","13","2","","0","1","0","0","0"
"POINT (10.100725840999999 53.540406922999999)","Unfall 153866 (2022) Kat:3, Licht: 2","153866","3","3","5","10","18","1","","2","0","1","0","0"
"POINT (9.862328263000050 53.461676793999999)","Unfall 153867 (2022) Kat:3, Licht: 0","153867","3","6","3","11","15","3","","0","1","1","0","0"
"POINT (9.824804884000059 53.560743877999997)","Unfall 153868 (2022) Kat:3, Licht: 2","153868","3","7","0","11","20","3","","2","1","0","0","0"
"POINT (10.050975232000001 53.602730576000098)","Unfall 153869 (2022) Kat:2, Licht: 2","153869","2","6","4","10","23","7","","2","0","1","0","0"
"POINT (9.996020168000030 53.542178747999998)","Unfall 153870 (2022) Kat:3, Licht: 0","153870","3","7","1","10","09","5","","0","0","1","0","0"
"POINT (9.955677293000059 53.624798638000101)","Unfall 153871 (2022) Kat:3, Licht: 2","153871","3","1","0","11","17","3","","2","1","0","0","0"
"POINT (10.115772367000000 53.488074097000002)","Unfall 153872 (2022) Kat:3, Licht: 0","153872","3","3","5","10","07","2","","0","0","1","0","0"
"POINT (9.813725074000050 53.513535922000102)","Unfall 153873 (2022) Kat:3, Licht: 0","153873","3","6","2","09","13","7","","0","0","1","0","0"
"POINT (9.865081823000031 53.557963788000102)","Unfall 153874 (2022) Kat:2, Licht: 0","153874","2","3","5","09","13","1","","0","1","0","0","0"
"POINT (9.842736706000039 53.534282189000102)","Unfall 153875 (2022) Kat:3, Licht: 2","153875","3","3","5","11","05","3","","2","1","1","0","0"
"POINT (10.220380096000000 53.504916092000002)","Unfall 153876 (2022) Kat:3, Licht: 1","153876","3","3","5","10","06","3","","1","0","1","0","0"
"POINT (9.820247614000040 53.562096930999999)","Unfall 153877 (2022) Kat:3, Licht: 0","153877","3","7","5","10","10","5","","0","0","1","0","0"
"POINT (10.024980642000100 53.604300354000003)","Unfall 153878 (2022) Kat:3, Licht: 0","153878","3","7","2","09","13","4","","0","0","1","0","0"
"POINT (10.232914961000100 53.436723674000099)","Unfall 153879 (2022) Kat:3, Licht: 2","153879","3","7","7","11","00","1","","2","0","0","0","1"
"POINT (10.046650263000100 53.582951475000101)","Unfall 153880 (2022) Kat:3, Licht: 2","153880","3","6","2","09","21","2","","2","0","1","0","0"
"POINT (10.168783488000001 53.400426203000102)","Unfall 153881 (2022) Kat:2, Licht: 0","153881","2","7","0","09","10","1","","0","1","0","0","0"
"POINT (10.136986371000001 53.578883757000000)","Unfall 153882 (2022) Kat:3, Licht: 2","153882","3","1","8","12","00","1","","2","0","1","0","0"