WKT,Name,OBJECTID,UKATEGORIE,UTYP1,UART,UMONAT,USTUNDE,UWOCHENTAG,STRZUSTAND,ULICHTVERH,ISTRAD,ISTPKW,ISTFUSS,ISTKRAD
"POINT (10.123154619999999 53.570997181000102)","Unfall 153883 (2022) Kat:3, Licht: 0","153883","3","6","3","11","12","4","","0","0","1","0","0"
"POINT (10.140195268000101 53.629140343000103)","Unfall 153884 (2022) Kat:3, Licht: 1","153884","3","1","8","10","17","1","","1","0","1","0","0"
"POINT (9.983517165000020 53.585143157000097)","Unfall 153885 (2022) Kat:3, Licht: 0","153885","3","5","0","11","12","7","","0","0","1","0","0"
"POINT (9.864333749000020 53.468734072000103)","Unfall 153886 (2022) Kat:3, Licht: 0","153886","3","7","0","10","13","5","","0","0","0","0","0"
"POINT (10.114681085000001 53.545295142000001)","Unfall 153887 (2022) Kat:3, Licht: 2","153887","3","2","6","10","06","2","","2","0","0","1","0"
"POINT (10.022719197000100 53.529882999000101)","Unfall 153888 (2022) Kat:3, Licht: 2","153888","3","1","0","11","07","1","","2","1","0","0","0"
"POINT (10.043054236000000 53.577265353000001)","Unfall 153889 (2022) Kat:3, Licht: 2","153889","3","3","5","10","21","7","","2","1","0","0","0"
"POINT (9.988507857000060 53.582191715000100)","Unfall 153890 (2022) Kat:3, Licht: 0","153890","3","3","5","09","14","7","","0","1","1","0","0"
"POINT (10.083857852000101 53.538891344000000)","Unfall 153891 (2022) Kat:3, Licht: 0","153891","3","2","4","09","14","5","","0","0","1","0","0"
"POINT (10.107579135000000 53.629169223000098)","Unfall 153892 (2022) Kat:3, Licht: 2","153892","3","3","5","11","07","5","","2","1","1","0","0"
"POINT (10.204807388000100 53.512055541999999)","Unfall 153893 (2022) Kat:3, Licht: 0","153893","3","7","0","10","09","3","","0","1","0","0","0"
"POINT (10.130917005000100 53.588635612000097)","Unfall 153894 (2022) Kat:3, Licht: 0","153894","3","7","6","09","07","5","","0","1","0","1","0"
"POINT (10.008364877000099 53.520830881999998)","Unfall 153895 (2022) Kat:3, Licht: 0","153895","3","7","4","09","08","3","","0","0","1","0","0"
"POINT (10.157263852000000 53.615767775000101)","Unfall 153896 (2022) Kat:3, Licht: 2","153896","3","1","1","11","02","7","","2","0","1","0","0"
"POINT (10.011313930000000 53.581747580000098)","Unfall 153897 (2022) Kat:3, Licht: 0","153897","3","7","0","09","11","7","","0","1","0","0","0"
"POINT (9.974093711000020 53.550569527999997)","Unfall 153898 (2022) Kat:3, Licht: 2","153898","3","7","3","09","02","7","","2","1","0","0","0"
"POINT (9.999427326000051 53.498564166999998)","Unfall 153899 (2022) Kat:3, Licht: 0","153899","3","6","2","12","10","7","","0","0","1","0","0"
"POINT (9.913582055000060 53.634144397000100)","Unfall 153900 (2022) Kat:3, Licht: 0","153900","3","1","0","11","15","4","","0","1","0","0","0"
"POINT (9.966215244000070 53.603731358000097)","Unfall 153901 (2022) Kat:3, Licht: 0","153901","3","7","2","11","13","2","","0","0","1","0","0"
"POINT (9.866482255000051 53.458649123999997)","Unfall 153902 (2022) Kat:3, Licht: 0","153902","3","5","1","10","08","3","","0","0","1","0","0"
"POINT (10.161359990000101 53.651785517000100)","Unfall 153903 (2022) Kat:3, Licht: 0","153903","3","6","2","10","12","7","","0","0","1","0","0"
"POINT (9.938940362000039 53.553494369000099)","Unfall 153904 (2022) Kat:3, Licht: 0","153904","3","1","0","11","08","6","","0","0","0","0","0"
"POINT (10.145294767999999 53.611237234000001)","Unfall 153905 (2022) Kat:3, Licht: 0","153905","3","2","3","09","09","4","","0","0","1","0","1"
"POINT (9.968567523000051 53.443752452000098)","Unfall 153906 (2022) Kat:3, Licht: 0","153906","3","7","0","09","07","3","","0","1","0","0","0"
"POINT (10.105960857000101 53.708653568999999)","Unfall 153907 (2022) Kat:3, Licht: 0","153907","3","4","6","09","11","3","","0","0","1","1","0"
"POINT (10.040935300000100 53.598540555000099)","Unfall 153908 (2022) Kat:2, Licht: 0","153908","2","4","6","09","07","2","","0","0","1","1","0"
"POINT (10.101892078000001 53.540062969000097)","Unfall 153909 (2022) Kat:2, Licht: 1","153909","2","7","0","11","17","4","","1","0","0","0","0"
"POINT (10.046622537000101 53.533541018999998)","Unfall 153910 (2022) Kat:3, Licht: 0","153910","3","5","5","09","07","6","","0","1","1","0","0"
"POINT (9.967571559000019 53.551043999000100)","Unfall 153911 (2022) Kat:3, Licht: 0","153911","3","2","3","09","15","6","","0","0","1","0","0"
"POINT (10.106867340000100 53.605917894000100)","Unfall 153912 (2022) Kat:2, Licht: 2","153912","2","4","6","11","20","4","","2","0","1","1","0"
"POINT (10.005153236000099 53.547912822999997)","Unfall 153913 (2022) Kat:3, Licht: 2","153913","3","3","5","10","01","1","","2","0","1","0","0"
"POINT (9.972398809000030 53.557074501000002)","Unfall 153914 (2022) Kat:3, Licht: 2","153914","3","7","6","11","21","6","","2","0","0","1","0"
"POINT (10.041032265000100 53.580073175000102)","Unfall 153915 (2022) Kat:2, Licht: 1","153915","2","3","5","10","06","6","","1","1","0","0","0"
"POINT (10.061385661999999 53.671231624000001)","Unfall 153916 (2022) Kat:3, Licht: 1","153916","3","3","5","11","07","2","","1","1","1","0","0"
"POINT (10.003624500999999 53.524070866999999)","Unfall 153917 (2022) Kat:3, Licht: 0","153917","3","1","0","10","14","2","","0","1","0","0","0"
"POINT (9.951858833000070 53.577324485000098)","Unfall 153918 (2022) Kat:3, Licht: 0","153918","3","4","6","09","09","3","","0","0","1","1","0"
"POINT (10.024475188000100 53.630686218000100)","Unfall 153919 (2022) Kat:2, Licht: 0","153919","2","6","3","10","12","6","","0","1","1","0","0"
"POINT (10.003086975000000 53.589983881000101)","Unfall 153920 (2022) Kat:3, Licht: 2","153920","3","7","0","11","21","3","","2","1","0","0","0"
"POINT (9.983665541000050 53.547813634000100)","Unfall 153921 (2022) Kat:3, Licht: 0","153921","3","3","5","09","15","4","","0","1","1","0","0"
"POINT (10.136142310000000 53.571421997000101)","Unfall 153922 (2022) Kat:3, Licht: 0","153922","3","7","0","09","15","2","","0","0","1","1","0"
"POINT (9.955486060000061 53.463846105000101)","Unfall 153923 (2022) Kat:3, Licht: 2","153923","3","3","5","12","01","1","","2","0","0","0","0"
"POINT (10.024722367000001 53.530638473000103)","Unfall 153924 (2022) Kat:3, Licht: 0","153924","3","6","2","10","14","6","","0","0","1","0","0"
"POINT (9.986943054000051 53.461702961000100)","Unfall 153925 (2022) Kat:3, Licht: 2","153925","3","3","5","11","17","3","","2","0","1","0","0"
"POINT (10.064932658000000 53.499299468000103)","Unfall 153926 (2022) Kat:3, Licht: 0","153926","3","1","0","10","11","7","","0","1","0","0","0"
"POINT (9.952329008000049 53.549583276000099)","Unfall 153927 (2022) Kat:3, Licht: 0","153927","3","7","0","10","09","4","","0","1","0","0","0"
"POINT (10.182271162000101 53.659172222000102)","Unfall 153928 (2022) Kat:3, Licht: 2","153928","3","1","9","11","23","7","","2","0","1","0","0"
"POINT (10.040506522999999 53.555500918000099)","Unfall 153929 (2022) Kat:2, Licht: 2","153929","2","3","5","10","05","1","","2","0","1","0","0"
"POINT (10.053347837000000 53.561083632000098)","Unfall 153930 (2022) Kat:2, Licht: 2","153930","2","7","0","09","02","7","","2","0","0","0","0"
"POINT (9.976868951000030 53.563749034000097)","Unfall 153931 (2022) Kat:3, Licht: 0","153931","3","7","0","09","17","1","","0","0","0","0","0"
"POINT (9.988385609000030 53.592631488999999)","Unfall 153932 (2022) Kat:3, Licht: 2","153932","3","1","0","11","19","5","","2","0","0","0","1"
"POINT (9.963307076000040 53.569282178999998)","Unfall 153933 (2022) Kat:3, Licht: 0","153933","3","6","3","10","11","4","","0","1","0","0","0"
"POINT (10.085451065000001 53.549751861000097)","Unfall 153934 (2022) Kat:3, Licht: 0","153934","3","4","6","10","17","5","","0","1","0","1","0"
"POINT (10.018975513000001 53.580454316000001)","Unfall 153935 (2022) Kat:3, Licht: 0","153935","3","2","3","09","12","6","","0","1","1","0","0"
"POINT (9.974261010000021 53.598268990000101)","Unfall 153936 (2022) Kat:3, Licht: 0","153936","3","6","3","09","10","5","","0","0","0","0","1"
"POINT (10.055202500000100 53.608460037999997)","Unfall 153937 (2022) Kat:3, Licht: 0","153937","3","1","0","11","13","1","","0","0","0","0","1"
"POINT (9.898312709000040 53.549507046000002)","Unfall 153938 (2022) Kat:3, Licht: 0","153938","3","6","2","09","19","2","","0","1","1","0","0"
"POINT (10.079539370000100 53.501234222000100)","Unfall 153939 (2022) Kat:3, Licht: 0","153939","3","6","4","09","13","1","","0","1","0","0","0"
"POINT (9.990452668000049 53.560254036000103)","Unfall 153940 (2022) Kat:3, Licht: 2","153940","3","6","2","12","02","6","","2","0","1","0","1"
"POINT (9.890222842000069 53.556509655000099)","Unfall 153941 (2022) Kat:3, Licht: 1","153941","3","3","5","11","07","4","","1","1","1","0","0"
"POINT (10.094885701000100 53.639144275000000)","Unfall 153942 (2022) Kat:3, Licht: 2","153942","3","2","4","11","16","7","","2","0","1","0","0"
"POINT (10.084427904000099 53.554677476999998)","Unfall 153943 (2022) Kat:3, Licht: 0","153943","3","3","5","11","10","7","","0","0","1","0","0"
"POINT (9.914660524000061 53.560948820000100)","Unfall 153944 (2022) Kat:3, Licht: 0","153944","3","7","0","10","17","5","","0","0","0","0","1"
"POINT (10.044562508000100 53.559873266000103)","Unfall 153945 (2022) Kat:3, Licht: 1","153945","3","3","5","10","07","2","","1","1","1","0","0"
"POINT (9.914730860000081 53.582771624000003)","Unfall 153946 (2022) Kat:3, Licht: 2","153946","3","6","2","11","18","5","","2","0","1","0","0"
"POINT (10.016534883000100 53.555368838000000)","Unfall 153947 (2022) Kat:3, Licht: 0","153947","3","6","2","10","18","7","","0","0","1","0","0"
"POINT (10.025520018000099 53.604215886000098)","Unfall 153948 (2022) Kat:2, Licht: 0","153948","2","2","3","09","08","5","","0","1","1","0","0"
"POINT (9.892312458000051 53.606884155000003)","Unfall 153949 (2022) Kat:3, Licht: 0","153949","3","3","5","09","15","5","","0","0","1","0","0"
"POINT (10.012800623000000 53.580012280000098)","Unfall 153950 (2022) Kat:3, Licht: 0","153950","3","7","3","10","12","3","","0","1","1","0","0"
"POINT (10.139583904000100 53.582158268000100)","Unfall 153951 (2022) Kat:3, Licht: 0","153951","3","3","5","09","16","5","","0","1","1","0","0"
"POINT (10.076569309000000 53.584578135000100)","Unfall 153952 (2022) Kat:3, Licht: 0","153952","3","7","0","09","11","3","","0","1","0","0","0"
"POINT (10.161371881999999 53.509230538000097)","Unfall 153953 (2022) Kat:2, Licht: 2","153953","2","1","9","11","06","5","","2","1","0","0","0"
"POINT (9.965823242000059 53.603562173000100)","Unfall 153954 (2022) Kat:3, Licht: 1","153954","3","6","2","09","19","7","","1","0","1","0","0"
"POINT (9.931172527000060 53.454095220000099)","Unfall 153955 (2022) Kat:3, Licht: 0","153955","3","6","2","09","15","6","","0","0","1","0","1"
"POINT (10.004607967000000 53.551632362000099)","Unfall 153956 (2022) Kat:3, Licht: 0","153956","3","4","6","12","08","5","","0","1","0","1","0"
"POINT (10.112592216000101 53.619392575000099)","Unfall 153957 (2022) Kat:3, Licht: 0","153957","3","7","0","10","07","1","","0","0","0","0","0"
"POINT (10.046121879999999 53.558242208000102)","Unfall 153958 (2022) Kat:3, Licht: 2","153958","3","4","6","11","17","5","","2","0","0","1","0"
"POINT (10.003271920000000 53.524124616000101)","Unfall 153959 (2022) Kat:3, Licht: 0","153959","3","7","0","10","14","2","","0","1","0","0","0"
"POINT (10.039066281000000 53.578094153999999)","Unfall 153960 (2022) Kat:2, Licht: 0","153960","2","6","2","10","16","4","","0","0","1","0","0"
"POINT (10.160065907000000 53.489360557000097)","Unfall 153961 (2022) Kat:2, Licht: 0","153961","2","4","6","10","14","7","","0","0","1","1","0"
"POINT (10.005071370000101 53.547208323000099)","Unfall 153962 (2022) Kat:3, Licht: 2","153962","3","1","0","11","19","4","","2","1","0","0","0"
"POINT (10.010267724000100 53.550965976999997)","Unfall 153967 (2022) Kat:3, Licht: 0","153967","3","2","3","12","14","3","","0","1","0","0","0"
"POINT (10.032957246000000 53.590719508000099)","Unfall 153971 (2022) Kat:3, Licht: 0","153971","3","6","2","12","14","3","","0","0","1","0","0"
"POINT (9.883690701000029 53.618113955000098)","Unfall 153973 (2022) Kat:3, Licht: 2","153973","3","7","0","12","07","4","","2","1","0","0","0"
"POINT (9.983467671000030 53.551542812999998)","Unfall 153981 (2022) Kat:3, Licht: 0","153981","3","7","0","12","09","2","","0","1","0","0","0"
"POINT (9.955406887000040 53.456881515000099)","Unfall 153988 (2022) Kat:3, Licht: 0","153988","3","7","0","12","08","3","","0","0","0","0","0"
"POINT (10.177855052000000 53.492932994000100)","Unfall 153990 (2022) Kat:3, Licht: 2","153990","3","2","6","12","06","5","","2","0","1","1","0"
"POINT (10.119412196000001 53.606467674000001)","Unfall 153999 (2022) Kat:3, Licht: 0","153999","3","6","2","12","12","1","","0","0","1","0","0"
"POINT (10.196504776999999 53.501685130000098)","Unfall 154001 (2022) Kat:3, Licht: 2","154001","3","6","4","12","18","5","","2","0","1","0","0"
"POINT (9.943985474000041 53.628854769999997)","Unfall 154006 (2022) Kat:3, Licht: 0","154006","3","2","4","12","10","4","","0","1","1","0","0"
"POINT (10.010630861999999 53.552879695999998)","Unfall 154009 (2022) Kat:3, Licht: 0","154009","3","5","1","12","14","5","","0","1","1","0","0"
"POINT (10.133836451000001 53.575117427000102)","Unfall 154011 (2022) Kat:3, Licht: 2","154011","3","1","0","12","20","3","","2","0","0","0","0"
"POINT (10.026065085000001 53.622887922000103)","Unfall 154015 (2022) Kat:3, Licht: 2","154015","3","2","6","12","17","7","","2","0","1","1","0"
"POINT (10.005032599000099 53.612914234000101)","Unfall 154018 (2022) Kat:3, Licht: 0","154018","3","5","1","12","15","2","","0","1","1","0","0"
"POINT (9.918176362000050 53.579464029000100)","Unfall 154026 (2022) Kat:3, Licht: 2","154026","3","3","5","12","19","5","","2","1","1","0","0"
"POINT (9.963700574000031 53.569312437000100)","Unfall 154028 (2022) Kat:3, Licht: 0","154028","3","1","0","12","08","1","","0","0","1","0","0"
"POINT (10.054891211999999 53.591868525999999)","Unfall 154029 (2022) Kat:3, Licht: 2","154029","3","2","4","12","17","5","","2","0","1","0","0"
"POINT (9.982846577000030 53.550303837000101)","Unfall 154032 (2022) Kat:3, Licht: 0","154032","3","7","0","12","08","2","","0","1","0","0","0"
"POINT (10.038217093000100 53.576883434000102)","Unfall 154039 (2022) Kat:3, Licht: 2","154039","3","6","3","12","21","4","","2","0","1","0","0"
"POINT (10.033709081000000 53.573573965000001)","Unfall 154041 (2022) Kat:2, Licht: 2","154041","2","7","0","12","03","7","","2","0","0","0","0"
"POINT (10.006545802000099 53.554825485999999)","Unfall 154042 (2022) Kat:3, Licht: 2","154042","3","4","6","12","17","5","","2","0","1","1","0"
"POINT (10.012298592000000 53.552401587000098)","Unfall 154051 (2022) Kat:3, Licht: 0","154051","3","6","3","12","08","6","","0","0","1","0","0"
"POINT (10.083701227000100 53.540375857000100)","Unfall 154053 (2022) Kat:3, Licht: 0","154053","3","3","5","12","11","5","","0","0","1","0","0"
"POINT (9.989582179000021 53.545308183000003)","Unfall 154058 (2022) Kat:3, Licht: 0","154058","3","7","6","12","11","3","","0","0","0","1","0"
"POINT (10.044283700000101 53.597307559999997)","Unfall 154061 (2022) Kat:3, Licht: 2","154061","3","7","0","12","23","4","","2","1","0","0","0"
"POINT (10.030045999000000 53.545186670000099)","Unfall 154063 (2022) Kat:3, Licht: 2","154063","3","6","2","12","17","3","","2","0","1","0","0"
"POINT (10.038768316000100 53.562218077000097)","Unfall 154067 (2022) Kat:3, Licht: 2","154067","3","2","6","12","18","7","","2","0","1","1","0"
"POINT (9.992919729000050 53.543315677000102)","Unfall 154069 (2022) Kat:3, Licht: 2","154069","3","2","6","12","18","2","","2","0","1","1","0"
"POINT (10.068897483000100 53.553327342999999)","Unfall 154076 (2022) Kat:2, Licht: 2","154076","2","4","6","12","05","4","","2","0","1","1","0"
"POINT (10.252214427000100 53.427392177999998)","Unfall 154078 (2022) Kat:3, Licht: 0","154078","3","1","8","12","10","7","","0","0","1","0","0"
"POINT (10.054821691000001 53.571823761000097)","Unfall 154079 (2022) Kat:2, Licht: 0","154079","2","3","5","12","15","5","","0","0","1","0","0"
"POINT (9.975830247000030 53.570092149000097)","Unfall 154085 (2022) Kat:3, Licht: 0","154085","3","3","5","12","09","6","","0","1","0","0","0"
"POINT (9.951846151000041 53.581769106000102)","Unfall 154089 (2022) Kat:3, Licht: 2","154089","3","7","0","12","04","6","","2","0","0","0","0"
"POINT (9.882202294000020 53.617497904000103)","Unfall 154091 (2022) Kat:3, Licht: 0","154091","3","7","0","12","15","6","","0","1","0","0","0"
"POINT (10.014058439999999 53.638521902000001)","Unfall 154095 (2022) Kat:3, Licht: 0","154095","3","6","2","12","15","5","","0","0","1","0","0"
"POINT (9.830723864000049 53.565594867000101)","Unfall 154101 (2022) Kat:3, Licht: 2","154101","3","3","5","12","16","6","","2","1","1","0","0"
"POINT (10.191582392999999 53.495920238000103)","Unfall 154105 (2022) Kat:3, Licht: 0","154105","3","6","2","12","13","6","","0","0","1","0","0"
"POINT (10.076730136000000 53.635673689000001)","Unfall 154107 (2022) Kat:3, Licht: 0","154107","3","7","0","12","07","4","","0","1","0","0","0"
"POINT (10.023275817000100 53.575991082000002)","Unfall 154112 (2022) Kat:3, Licht: 2","154112","3","4","6","12","19","4","","2","1","0","1","0"
"POINT (9.863145334000020 53.470160862000100)","Unfall 154115 (2022) Kat:3, Licht: 2","154115","3","2","5","12","07","3","","2","1","1","0","0"
"POINT (10.008412170000000 53.651028746000101)","Unfall 154117 (2022) Kat:3, Licht: 0","154117","3","5","1","12","09","4","","0","0","1","0","0"
"POINT (10.012774672000001 53.560667222000099)","Unfall 154123 (2022) Kat:3, Licht: 0","154123","3","2","3","12","11","2","","0","1","1","0","0"
"POINT (10.071715406000100 53.579548973999998)","Unfall 154130 (2022) Kat:3, Licht: 0","154130","3","7","0","12","13","2","","0","0","0","0","0"
"POINT (10.153661416000000 53.597968679000097)","Unfall 154132 (2022) Kat:3, Licht: 0","154132","3","6","2","12","14","6","","0","0","1","0","0"
"POINT (10.137757519999999 53.608071316000100)","Unfall 154137 (2022) Kat:3, Licht: 0","154137","3","4","6","12","07","4","","0","0","0","1","0"
"POINT (10.011799914999999 53.612135710000103)","Unfall 154141 (2022) Kat:3, Licht: 2","154141","3","2","4","12","17","6","","2","1","1","0","0"
"POINT (10.182447571000100 53.498277561000101)","Unfall 154143 (2022) Kat:3, Licht: 0","154143","3","2","2","12","13","4","","0","0","1","0","0"
"POINT (10.032612629000001 53.572809006000099)","Unfall 154147 (2022) Kat:3, Licht: 2","154147","3","3","5","12","21","6","","2","1","1","0","0"
"POINT (10.072497459999999 53.527910254000098)","Unfall 154149 (2022) Kat:3, Licht: 0","154149","3","6","4","12","16","2","","0","0","1","0","0"
"POINT (10.015919183999999 53.616991487000099)","Unfall 154152 (2022) Kat:3, Licht: 0","154152","3","6","2","12","12","3","","0","0","1","0","0"
"POINT (10.014257776000001 53.578289834000003)","Unfall 154154 (2022) Kat:3, Licht: 2","154154","3","3","5","12","16","4","","2","1","1","0","0"
"POINT (9.919005154000050 53.590912767000098)","Unfall 154158 (2022) Kat:3, Licht: 2","154158","3","2","6","12","17","4","","2","0","1","1","0"
"POINT (10.033249664000000 53.590871741000100)","Unfall 154160 (2022) Kat:3, Licht: 0","154160","3","6","2","12","10","6","","0","1","1","0","0"
"POINT (10.077541227999999 53.641656077000100)","Unfall 154168 (2022) Kat:3, Licht: 2","154168","3","1","9","12","05","4","","2","0","1","0","0"
"POINT (9.987456091000070 53.438798380000001)","Unfall 154170 (2022) Kat:3, Licht: 0","154170","3","6","2","12","14","3","","0","0","1","0","0"
"POINT (9.989313970000071 53.558297896000099)","Unfall 154174 (2022) Kat:3, Licht: 2","154174","3","3","5","12","22","3","","2","0","1","0","0"
"POINT (10.079123509000100 53.554790875000002)","Unfall 154176 (2022) Kat:3, Licht: 2","154176","3","3","5","12","17","6","","2","1","1","0","0"
"POINT (10.006609617000001 53.549612855000099)","Unfall 154177 (2022) Kat:3, Licht: 0","154177","3","6","2","12","14","2","","0","0","1","0","0"
"POINT (10.105369765000001 53.653425202000101)","Unfall 154186 (2022) Kat:3, Licht: 2","154186","3","1","0","12","18","5","","2","0","0","0","0"
"POINT (9.894834646000049 53.626716569999999)","Unfall 154188 (2022) Kat:3, Licht: 0","154188","3","3","5","12","09","5","","0","1","1","0","0"
"POINT (10.059373403000100 53.584440504000000)","Unfall 154193 (2022) Kat:2, Licht: 2","154193","2","4","6","12","18","4","","2","0","1","1","0"
"POINT (9.988364144000061 53.550718980000099)","Unfall 154197 (2022) Kat:3, Licht: 2","154197","3","5","3","12","22","5","","2","0","1","0","1"
"POINT (9.989193622000069 53.581960836000100)","Unfall 154199 (2022) Kat:3, Licht: 2","154199","3","3","5","12","17","4","","2","1","1","0","0"
"POINT (9.980993366000060 53.422202003000102)","Unfall 154203 (2022) Kat:3, Licht: 2","154203","3","6","4","12","17","6","","2","0","1","0","0"
"POINT (10.095245181000100 53.656258452000003)","Unfall 154205 (2022) Kat:3, Licht: 1","154205","3","2","4","12","07","2","","1","0","1","0","0"
"POINT (9.945657048000040 53.568888459999997)","Unfall 154207 (2022) Kat:3, Licht: 0","154207","3","7","2","12","09","2","","0","0","1","0","0"
"POINT (10.000602872000099 53.555634144000102)","Unfall 154214 (2022) Kat:3, Licht: 2","154214","3","2","4","12","16","4","","2","0","1","0","0"
"POINT (9.960366284000029 53.549455022000103)","Unfall 154216 (2022) Kat:3, Licht: 2","154216","3","7","0","12","00","7","","2","0","1","0","1"
"POINT (10.180437558000101 53.486283587999999)","Unfall 154217 (2022) Kat:3, Licht: 0","154217","3","7","6","12","13","4","","0","0","0","1","0"
"POINT (10.015936550999999 53.616975488999998)","Unfall 154226 (2022) Kat:3, Licht: 2","154226","3","6","2","12","03","7","","2","0","1","0","0"
"POINT (10.031451672000101 53.681675321999997)","Unfall 154228 (2022) Kat:3, Licht: 2","154228","3","3","5","12","19","6","","2","0","1","0","0"
"POINT (9.991598814000040 53.559875548999997)","Unfall 154233 (2022) Kat:2, Licht: 2","154233","2","4","6","12","20","4","","2","1","0","1","0"
"POINT (10.052696147000100 53.582000806000103)","Unfall 154236 (2022) Kat:3, Licht: 2","154236","3","7","6","12","21","4","","2","0","1","1","0"
"POINT (10.057221679000101 53.597400544000003)","Unfall 154238 (2022) Kat:3, Licht: 2","154238","3","1","8","12","01","3","","2","0","1","0","0"
"POINT (10.208317452000101 53.489717606000099)","Unfall 154242 (2022) Kat:3, Licht: 0","154242","3","2","6","12","12","5","","0","0","1","1","0"
"POINT (10.107540123000000 53.708567535999997)","Unfall 154244 (2022) Kat:3, Licht: 0","154244","3","7","0","12","15","4","","0","0","1","0","0"
"POINT (10.070199215000100 53.573361121000097)","Unfall 154249 (2022) Kat:3, Licht: 1","154249","3","6","2","12","07","3","","1","0","1","0","0"
"POINT (9.989191405000041 53.581962613000002)","Unfall 154252 (2022) Kat:3, Licht: 2","154252","3","3","5","12","07","5","","2","1","1","0","0"
"POINT (9.949551830000081 53.569755538999999)","Unfall 154254 (2022) Kat:3, Licht: 0","154254","3","6","4","12","08","4","","0","1","1","0","0"
"POINT (10.039552214000000 53.571275638000003)","Unfall 154258 (2022) Kat:3, Licht: 0","154258","3","6","2","12","10","5","","0","0","0","0","0"
"POINT (10.093941534000100 53.656512825000000)","Unfall 154261 (2022) Kat:3, Licht: 2","154261","3","2","3","12","18","2","","2","1","1","0","0"
"POINT (9.865161959000030 53.571568872000100)","Unfall 154269 (2022) Kat:3, Licht: 2","154269","3","2","4","12","17","4","","2","0","1","0","0"
"POINT (10.099371050000100 53.587922532999997)","Unfall 154271 (2022) Kat:3, Licht: 0","154271","3","1","8","12","14","1","","0","0","1","0","0"
"POINT (9.853273385000019 53.583963724000100)","Unfall 154272 (2022) Kat:3, Licht: 2","154272","3","5","6","12","07","5","","2","0","1","1","0"
"POINT (9.974664215000081 53.610214876999997)","Unfall 154278 (2022) Kat:3, Licht: 0","154278","3","2","4","12","08","7","","0","1","1","0","0"
"POINT (9.988958179000059 53.572658439000101)","Unfall 154282 (2022) Kat:3, Licht: 0","154282","3","1","0","12","13","1","","0","1","0","0","0"
"POINT (9.916099125000070 53.600326132000099)","Unfall 154284 (2022) Kat:3, Licht: 0","154284","3","2","0","12","14","5","","0","0","1","0","0"
"POINT (9.926283068000030 53.638466901000101)","Unfall 154289 (2022) Kat:3, Licht: 2","154289","3","1","9","12","21","3","","2","0","1","0","0"
"POINT (9.972037463000049 53.598554890000102)","Unfall 154292 (2022) Kat:2, Licht: 0","154292","2","6","3","12","13","3","","0","0","0","0","1"
"POINT (9.963155914000030 53.560622471999999)","Unfall 154294 (2022) Kat:3, Licht: 2","154294","3","1","0","12","00","4","","2","1","0","1","0"
"POINT (10.034005473000001 53.536953247000000)","Unfall 154298 (2022) Kat:3, Licht: 0","154298","3","2","4","12","14","6","","0","1","1","0","0"
"POINT (10.025265442000000 53.627891180000098)","Unfall 154300 (2022) Kat:3, Licht: 0","154300","3","1","0","12","08","2","","0","1","0","0","0"
"POINT (9.982961341000021 53.459344790000003)","Unfall 154308 (2022) Kat:3, Licht: 2","154308","3","7","6","12","19","5","","2","0","1","1","0"
"POINT (9.999651147000071 53.621263547000098)","Unfall 154310 (2022) Kat:3, Licht: 0","154310","3","7","0","12","08","2","","0","0","0","0","0"
"POINT (9.928652251000070 53.555389960000099)","Unfall 154318 (2022) Kat:3, Licht: 1","154318","3","2","4","12","07","5","","1","1","1","0","0"
"POINT (10.216413853000100 53.485853143999996)","Unfall 154320 (2022) Kat:3, Licht: 0","154320","3","3","5","12","12","6","","0","1","1","0","0"
"POINT (10.083768079000000 53.539383532000002)","Unfall 154321 (2022) Kat:3, Licht: 2","154321","3","1","8","12","04","7","","2","0","1","0","0"
"POINT (10.132627654000000 53.536112850000102)","Unfall 154327 (2022) Kat:2, Licht: 0","154327","2","7","1","12","15","6","","0","0","1","0","0"
"POINT (10.061536021000100 53.560346003000099)","Unfall 154331 (2022) Kat:3, Licht: 2","154331","3","2","4","12","17","6","","2","0","1","0","0"
"POINT (10.101259370999999 53.657967158000098)","Unfall 154333 (2022) Kat:3, Licht: 2","154333","3","7","0","12","07","4","","2","1","0","0","0"
"POINT (10.210566616000101 53.513114900000097)","Unfall 154338 (2022) Kat:3, Licht: 2","154338","3","6","6","12","18","3","","2","1","0","1","0"
"POINT (10.103300984000001 53.616321747000001)","Unfall 154341 (2022) Kat:3, Licht: 0","154341","3","6","4","12","07","3","","0","1","0","0","0"
"POINT (10.037869486000000 53.569493060000099)","Unfall 154343 (2022) Kat:3, Licht: 2","154343","3","2","6","12","21","4","","2","0","1","1","0"
"POINT (10.115105803000100 53.595473149999997)","Unfall 154347 (2022) Kat:3, Licht: 2","154347","3","2","0","12","03","7","","2","0","0","0","1"
"POINT (10.037446232000001 53.648673191999997)","Unfall 154349 (2022) Kat:3, Licht: 2","154349","3","2","6","12","17","2","","2","0","1","1","0"
"POINT (10.198486056000000 53.510648898000099)","Unfall 154357 (2022) Kat:3, Licht: 2","154357","3","2","6","12","17","4","","2","0","1","1","0"
"POINT (10.083801340000001 53.570158382000002)","Unfall 154363 (2022) Kat:3, Licht: 2","154363","3","3","5","12","07","3","","2","1","1","0","0"