WKT,Name,OBJECTID,UKATEGORIE,UTYP1,UART,UMONAT,USTUNDE,UWOCHENTAG,STRZUSTAND,ULICHTVERH,ISTRAD,ISTPKW,ISTFUSS,ISTKRAD
"POINT (10.003999147000100 53.553995647000100)","Unfall 154367 (2022) Kat:3, Licht: 0","154367","3","6","3","12","15","5","","0","0","1","0","1"
"POINT (10.046051464000101 53.578886575000098)","Unfall 154369 (2022) Kat:3, Licht: 0","154369","3","3","5","12","15","3","","0","1","0","0","0"
"POINT (10.034913763000100 53.505609341000103)","Unfall 154373 (2022) Kat:3, Licht: 2","154373","3","1","9","12","17","2","","2","0","1","0","0"
"POINT (10.118714467000100 53.606699108000001)","Unfall 154375 (2022) Kat:3, Licht: 0","154375","3","6","2","12","14","7","","0","0","1","0","1"
"POINT (10.033477963000101 53.584130725000101)","Unfall 154376 (2022) Kat:3, Licht: 0","154376","3","6","2","12","13","7","","0","0","1","0","0"
"POINT (10.081652808000101 53.571478613000103)","Unfall 154382 (2022) Kat:3, Licht: 0","154382","3","7","0","12","14","4","","0","0","0","0","1"
"POINT (10.094514287999999 53.656320694000001)","Unfall 154386 (2022) Kat:3, Licht: 1","154386","3","6","3","12","16","5","","1","0","0","0","0"
"POINT (9.977086489000040 53.455445127000097)","Unfall 154388 (2022) Kat:3, Licht: 2","154388","3","7","3","12","22","5","","2","0","1","0","0"
"POINT (9.962401358000021 53.549558198000099)","Unfall 154392 (2022) Kat:3, Licht: 2","154392","3","3","5","12","17","7","","2","0","1","0","0"
"POINT (10.206686505000100 53.478133501000102)","Unfall 154394 (2022) Kat:3, Licht: 2","154394","3","6","3","12","17","2","","2","0","1","0","0"
"POINT (10.041851398000100 53.534205545000098)","Unfall 154397 (2022) Kat:3, Licht: 0","154397","3","2","6","12","13","2","","0","0","1","1","0"
"POINT (10.016794079000000 53.668919451000100)","Unfall 154399 (2022) Kat:3, Licht: 2","154399","3","7","0","12","07","4","","2","0","0","0","1"
"POINT (9.941597449000030 53.554870844000000)","Unfall 154403 (2022) Kat:3, Licht: 0","154403","3","7","1","12","12","4","","0","1","0","0","0"
"POINT (10.063401455000101 53.582252011999998)","Unfall 154405 (2022) Kat:3, Licht: 0","154405","3","5","1","12","09","2","","0","0","1","0","0"
"POINT (9.898221653000061 53.625096397999997)","Unfall 154414 (2022) Kat:3, Licht: 2","154414","3","3","5","12","07","6","","2","1","1","0","0"
"POINT (9.959208378000030 53.563384262000099)","Unfall 154416 (2022) Kat:3, Licht: 2","154416","3","6","2","12","17","5","","2","1","1","0","0"
"POINT (10.136396158000000 53.577746930000004)","Unfall 154421 (2022) Kat:3, Licht: 2","154421","3","6","2","12","17","4","","2","0","1","0","0"
"POINT (9.992319269000060 53.556133137000103)","Unfall 154425 (2022) Kat:3, Licht: 0","154425","3","5","1","12","10","3","","0","0","1","0","0"
"POINT (10.050723941999999 53.568278003000003)","Unfall 154427 (2022) Kat:3, Licht: 2","154427","3","3","5","12","16","3","","2","1","1","0","0"
"POINT (10.094900505000099 53.639165349999999)","Unfall 154433 (2022) Kat:2, Licht: 2","154433","2","2","4","12","17","2","","2","0","1","0","0"
"POINT (10.046137211000000 53.567555046999999)","Unfall 154435 (2022) Kat:3, Licht: 2","154435","3","7","3","12","06","2","","2","0","1","0","0"
"POINT (9.994455864000029 53.551996679000098)","Unfall 154442 (2022) Kat:3, Licht: 2","154442","3","1","0","12","16","2","","2","0","0","0","0"
"POINT (10.146239451000000 53.539529418000001)","Unfall 154444 (2022) Kat:3, Licht: 0","154444","3","5","1","12","15","1","","0","0","1","0","0"
"POINT (9.851801990000070 53.588646050000101)","Unfall 154447 (2022) Kat:3, Licht: 2","154447","3","6","2","12","18","5","","2","0","1","0","0"
"POINT (10.068915851000000 53.601182902000097)","Unfall 154449 (2022) Kat:3, Licht: 1","154449","3","2","4","12","15","2","","1","0","1","0","0"
"POINT (10.061286342000100 53.560266069000100)","Unfall 154452 (2022) Kat:3, Licht: 2","154452","3","3","5","12","02","1","","2","0","1","0","0"
"POINT (9.917833528000070 53.636271798000102)","Unfall 154459 (2022) Kat:3, Licht: 2","154459","3","2","6","12","18","4","","2","0","1","1","0"
"POINT (9.927402101000039 53.552738009000102)","Unfall 154461 (2022) Kat:3, Licht: 0","154461","3","5","1","12","12","1","","0","1","1","0","0"
"POINT (9.898739129000029 53.477073652000101)","Unfall 154462 (2022) Kat:3, Licht: 0","154462","3","2","4","12","11","4","","0","1","1","0","0"
"POINT (10.119862490999999 53.606307334000100)","Unfall 154471 (2022) Kat:3, Licht: 2","154471","3","2","4","12","19","6","","2","0","1","0","0"
"POINT (9.965382969000069 53.594387401000098)","Unfall 154473 (2022) Kat:3, Licht: 2","154473","3","1","0","12","22","5","","2","1","0","0","0"
"POINT (10.111169874000000 53.653849903000001)","Unfall 154478 (2022) Kat:3, Licht: 0","154478","3","6","2","12","10","4","","0","0","1","0","0"
"POINT (9.993994437000030 53.470161964000098)","Unfall 154481 (2022) Kat:3, Licht: 0","154481","3","2","4","12","15","3","","0","0","1","0","0"
"POINT (9.990766191000031 53.582346203000000)","Unfall 154483 (2022) Kat:3, Licht: 0","154483","3","5","1","12","14","4","","0","1","0","0","0"
"POINT (10.106265578000000 53.557180571000103)","Unfall 154487 (2022) Kat:3, Licht: 2","154487","3","2","6","12","21","7","","2","0","1","1","0"
"POINT (10.011481489000101 53.649161339000003)","Unfall 154490 (2022) Kat:2, Licht: 2","154490","2","3","5","12","05","2","","2","1","1","0","0"
"POINT (9.983373973000029 53.557505998000103)","Unfall 154498 (2022) Kat:3, Licht: 2","154498","3","1","0","12","04","2","","2","1","0","0","0"
"POINT (9.975809107000030 53.578988858999999)","Unfall 154500 (2022) Kat:3, Licht: 2","154500","3","7","0","12","05","1","","2","0","0","0","0"
"POINT (10.100108082000100 53.585803736000102)","Unfall 154501 (2022) Kat:3, Licht: 0","154501","3","6","2","12","10","5","","0","0","1","0","0"
"POINT (9.966009739000070 53.552052649000103)","Unfall 154507 (2022) Kat:3, Licht: 2","154507","3","7","0","12","23","7","","2","0","1","0","0"
"POINT (9.882650871000070 53.593207175000003)","Unfall 154511 (2022) Kat:3, Licht: 0","154511","3","3","5","12","14","7","","0","0","1","0","0"
"POINT (9.997045968000069 53.546314644000098)","Unfall 154513 (2022) Kat:3, Licht: 0","154513","3","6","2","12","12","5","","0","0","1","0","0"
"POINT (9.987276566000050 53.553625520000097)","Unfall 154515 (2022) Kat:3, Licht: 0","154515","3","2","4","12","09","5","","0","1","1","0","0"
"POINT (10.116390607000000 53.625282132999999)","Unfall 154524 (2022) Kat:3, Licht: 0","154524","3","7","0","12","12","7","","0","0","1","0","0"
"POINT (10.002098625000000 53.557109422000103)","Unfall 154526 (2022) Kat:2, Licht: 0","154526","2","3","5","12","10","6","","0","1","1","0","0"
"POINT (9.864484879000029 53.552325185000001)","Unfall 154531 (2022) Kat:3, Licht: 0","154531","3","3","5","12","12","3","","0","0","1","0","0"
"POINT (10.179764148000100 53.496182251000100)","Unfall 154534 (2022) Kat:3, Licht: 0","154534","3","3","5","12","14","3","","0","1","1","0","0"
"POINT (9.999511990000030 53.550867598000103)","Unfall 154536 (2022) Kat:3, Licht: 2","154536","3","7","0","12","00","4","","2","0","0","0","0"
"POINT (10.017030651000001 53.564094194000099)","Unfall 154540 (2022) Kat:3, Licht: 2","154540","3","3","5","12","21","7","","2","0","1","0","0"
"POINT (9.954087113000069 53.581711071000001)","Unfall 154542 (2022) Kat:3, Licht: 2","154542","3","7","0","12","07","2","","2","1","0","0","0"
"POINT (10.050542071000100 53.646757218000097)","Unfall 154550 (2022) Kat:3, Licht: 0","154550","3","6","2","12","16","3","","0","0","1","0","0"
"POINT (9.943927473000031 53.616952545000103)","Unfall 154552 (2022) Kat:3, Licht: 2","154552","3","1","8","12","18","1","","2","0","1","0","0"
"POINT (10.052269148000100 53.603714220000001)","Unfall 154553 (2022) Kat:1, Licht: 2","154553","1","4","6","12","23","6","","2","0","1","1","0"
"POINT (9.926672037000060 53.598601277999997)","Unfall 154559 (2022) Kat:2, Licht: 2","154559","2","1","0","12","16","5","","2","0","0","0","1"
"POINT (10.127008389000000 53.574989194000104)","Unfall 154563 (2022) Kat:3, Licht: 2","154563","3","2","6","12","05","6","","2","0","1","1","0"
"POINT (10.191566847000001 53.483072596000099)","Unfall 154565 (2022) Kat:3, Licht: 0","154565","3","7","0","12","08","4","","0","1","0","0","0"
"POINT (9.956421954000060 53.549866445000099)","Unfall 154570 (2022) Kat:3, Licht: 2","154570","3","3","5","12","22","4","","2","0","1","0","0"
"POINT (9.867576652000031 53.600590996999998)","Unfall 154573 (2022) Kat:3, Licht: 2","154573","3","7","6","12","20","5","","2","0","1","1","0"
"POINT (10.087424021000100 53.662743859000003)","Unfall 154575 (2022) Kat:3, Licht: 1","154575","3","7","0","12","07","4","","1","1","0","0","0"
"POINT (10.045390321000101 53.565424522999997)","Unfall 154579 (2022) Kat:3, Licht: 0","154579","3","2","2","12","12","4","","0","0","1","0","0"
"POINT (9.908585050000060 53.513528703000098)","Unfall 154581 (2022) Kat:3, Licht: 2","154581","3","6","3","12","17","6","","2","0","1","0","0"
"POINT (10.008645397000100 53.650743540000100)","Unfall 154585 (2022) Kat:3, Licht: 1","154585","3","7","3","12","07","4","","1","0","1","0","0"
"POINT (9.984193118000061 53.572569500000000)","Unfall 154588 (2022) Kat:3, Licht: 0","154588","3","6","2","12","12","4","","0","0","1","0","1"
"POINT (10.182180530000000 53.492579686000099)","Unfall 154590 (2022) Kat:3, Licht: 1","154590","3","1","0","12","08","3","","1","0","0","0","1"
"POINT (9.930561902000020 53.549649078000101)","Unfall 154596 (2022) Kat:3, Licht: 2","154596","3","7","0","12","02","1","","2","1","0","0","0"
"POINT (10.118029373000100 53.606917108000097)","Unfall 154603 (2022) Kat:3, Licht: 2","154603","3","4","6","12","17","3","","2","0","1","1","0"
"POINT (10.144875765000100 53.618086031000097)","Unfall 154610 (2022) Kat:2, Licht: 0","154610","2","4","6","12","14","4","","0","0","1","1","0"
"POINT (10.136338702000000 53.634734211000101)","Unfall 154614 (2022) Kat:3, Licht: 0","154614","3","6","2","12","12","5","","0","0","1","0","0"
"POINT (10.019546007000001 53.649353411000000)","Unfall 154616 (2022) Kat:3, Licht: 2","154616","3","6","2","12","16","5","","2","0","1","0","0"
"POINT (10.084417165000000 53.554727033000098)","Unfall 154620 (2022) Kat:3, Licht: 0","154620","3","3","5","12","13","6","","0","0","1","0","0"
"POINT (9.988947508000020 53.552741095000002)","Unfall 154624 (2022) Kat:3, Licht: 1","154624","3","4","6","12","18","5","","1","1","0","1","0"
"POINT (9.898258094000029 53.625177723000000)","Unfall 154626 (2022) Kat:3, Licht: 0","154626","3","3","5","12","12","4","","0","0","1","0","0"
"POINT (10.106407437000000 53.546728711000100)","Unfall 154630 (2022) Kat:3, Licht: 2","154630","3","6","3","12","18","3","","2","0","1","0","0"
"POINT (9.970472012000069 53.557263791000103)","Unfall 154632 (2022) Kat:3, Licht: 2","154632","3","7","3","12","20","7","","2","1","1","0","0"
"POINT (10.094730633999999 53.656305209999999)","Unfall 154633 (2022) Kat:3, Licht: 0","154633","3","6","3","12","11","2","","0","0","1","0","0"
"POINT (10.124244687999999 53.587942591000100)","Unfall 154642 (2022) Kat:2, Licht: 2","154642","2","2","4","12","19","5","","2","0","1","0","0"
"POINT (10.066239940999999 53.582004090000098)","Unfall 154644 (2022) Kat:3, Licht: 2","154644","3","5","1","12","17","4","","2","0","1","0","0"
"POINT (9.951012450000061 53.631435637999999)","Unfall 154649 (2022) Kat:3, Licht: 0","154649","3","7","0","12","14","4","","0","1","0","0","0"
"POINT (9.965491460000070 53.585144202000002)","Unfall 154650 (2022) Kat:2, Licht: 0","154650","2","7","0","12","09","2","","0","1","0","0","0"
"POINT (10.135302028000099 53.594501863000097)","Unfall 154658 (2022) Kat:3, Licht: 2","154658","3","2","4","12","05","6","","2","0","1","0","0"
"POINT (10.076721440000000 53.591497072999999)","Unfall 154660 (2022) Kat:3, Licht: 0","154660","3","7","0","12","14","4","","0","0","0","0","0"
"POINT (10.126731841000000 53.546832478000098)","Unfall 154665 (2022) Kat:3, Licht: 2","154665","3","3","5","12","22","4","","2","0","1","0","0"
"POINT (10.040677505000099 53.555560933999999)","Unfall 154669 (2022) Kat:3, Licht: 0","154669","3","2","4","12","09","3","","0","0","1","0","0"
"POINT (9.974002171000050 53.582624799000001)","Unfall 154671 (2022) Kat:3, Licht: 1","154671","3","3","5","12","07","4","","1","1","0","0","0"
"POINT (9.965472024000061 53.539512070000100)","Unfall 154677 (2022) Kat:3, Licht: 2","154677","3","5","5","12","16","2","","2","1","1","0","0"
"POINT (9.879690208000060 53.590973191000003)","Unfall 154680 (2022) Kat:3, Licht: 0","154680","3","3","5","12","07","2","","0","0","1","0","0"
"POINT (10.094795138000100 53.578702796000101)","Unfall 154687 (2022) Kat:3, Licht: 0","154687","3","6","2","12","14","4","","0","0","1","0","0"
"POINT (9.950814796000030 53.550869343000002)","Unfall 154689 (2022) Kat:3, Licht: 2","154689","3","6","3","12","23","7","","2","0","1","0","0"
"POINT (10.012053537000000 53.583738054000001)","Unfall 154690 (2022) Kat:3, Licht: 0","154690","3","6","4","12","13","5","","0","1","1","0","0"
"POINT (9.893321578000039 53.614818630000102)","Unfall 154699 (2022) Kat:3, Licht: 2","154699","3","1","8","12","03","1","","2","0","1","0","0"
"POINT (10.077991322999999 53.666314525000097)","Unfall 154701 (2022) Kat:2, Licht: 0","154701","2","7","0","12","08","4","","0","1","0","0","0"
"POINT (10.038578144000001 53.604531362000003)","Unfall 154706 (2022) Kat:3, Licht: 0","154706","3","1","0","12","13","3","","0","1","0","0","0"
"POINT (10.032362255000100 53.635400232000102)","Unfall 154709 (2022) Kat:3, Licht: 2","154709","3","3","5","12","20","4","","2","0","1","0","0"
"POINT (10.220027421999999 53.484132875000100)","Unfall 154711 (2022) Kat:3, Licht: 0","154711","3","3","5","12","11","3","","0","0","1","0","0"
"POINT (9.952099806000041 53.554640280000100)","Unfall 154715 (2022) Kat:3, Licht: 2","154715","3","3","6","12","18","6","","2","0","0","1","0"
"POINT (9.995498641000040 53.594249822999998)","Unfall 154717 (2022) Kat:3, Licht: 0","154717","3","1","0","12","08","2","","0","1","0","0","0"
"POINT (9.981352215000070 53.577613810000102)","Unfall 154722 (2022) Kat:3, Licht: 0","154722","3","7","0","12","15","3","","0","1","0","0","0"
"POINT (9.975750693000069 53.578674389000099)","Unfall 154724 (2022) Kat:3, Licht: 0","154724","3","7","0","12","13","4","","0","0","0","0","0"
"POINT (10.155872567000101 53.614217494000101)","Unfall 154727 (2022) Kat:3, Licht: 2","154727","3","2","5","12","05","5","","2","1","1","0","0"
"POINT (10.033372701000101 53.600963368000102)","Unfall 154729 (2022) Kat:3, Licht: 0","154729","3","7","0","12","08","2","","0","1","0","0","0"
"POINT (10.041853490000101 53.535245301000003)","Unfall 154731 (2022) Kat:3, Licht: 2","154731","3","3","5","12","16","1","","2","0","1","0","0"
"POINT (9.918828246000031 53.590873526000102)","Unfall 154738 (2022) Kat:3, Licht: 2","154738","3","3","5","12","18","4","","2","0","1","0","0"
"POINT (10.066363619000100 53.584591238000002)","Unfall 154740 (2022) Kat:3, Licht: 2","154740","3","6","2","12","19","1","","2","0","1","0","0"
"POINT (10.010869427999999 53.462253105999999)","Unfall 154741 (2022) Kat:3, Licht: 0","154741","3","5","6","12","13","6","","0","0","1","1","0"
"POINT (9.988574688000030 53.572684434999999)","Unfall 154747 (2022) Kat:3, Licht: 2","154747","3","3","5","12","00","7","","2","0","1","0","0"
"POINT (10.115579534000100 53.576992335000099)","Unfall 154751 (2022) Kat:3, Licht: 2","154751","3","7","0","12","01","6","","2","0","0","0","0"
"POINT (10.154418900000101 53.596532071000098)","Unfall 154753 (2022) Kat:3, Licht: 0","154753","3","5","1","12","10","5","","0","0","1","0","0"
"POINT (9.927985723000059 53.594860365000002)","Unfall 154758 (2022) Kat:3, Licht: 2","154758","3","5","6","12","07","3","","2","0","1","1","0"
"POINT (9.918188006000040 53.556855268000000)","Unfall 154761 (2022) Kat:3, Licht: 2","154761","3","2","3","12","17","4","","2","1","1","0","0"
"POINT (10.127831405000100 53.580316818000000)","Unfall 154763 (2022) Kat:3, Licht: 0","154763","3","5","1","12","15","3","","0","0","1","0","1"
"POINT (10.081335420000100 53.641868770000002)","Unfall 154767 (2022) Kat:3, Licht: 0","154767","3","4","6","12","15","5","","0","0","1","1","0"
"POINT (10.135021576000000 53.619347701999999)","Unfall 154769 (2022) Kat:3, Licht: 0","154769","3","2","6","12","10","1","","0","0","1","1","0"
"POINT (9.943508983000070 53.593298560000100)","Unfall 154776 (2022) Kat:2, Licht: 2","154776","2","4","6","12","17","4","","2","0","0","1","0"
"POINT (10.089780510000001 53.548713049000099)","Unfall 154778 (2022) Kat:3, Licht: 0","154778","3","6","0","12","12","7","","0","0","1","0","0"
"POINT (10.068715586000099 53.601257470000100)","Unfall 154779 (2022) Kat:3, Licht: 2","154779","3","2","4","12","17","7","","2","0","1","0","0"
"POINT (10.132093682000100 53.597183836000099)","Unfall 154785 (2022) Kat:3, Licht: 2","154785","3","3","5","12","19","3","","2","0","1","0","0"
"POINT (9.988641821000041 53.572629910000003)","Unfall 154791 (2022) Kat:3, Licht: 2","154791","3","3","5","12","06","5","","2","0","1","0","0"
"POINT (9.976341918000060 53.572169186000103)","Unfall 154793 (2022) Kat:3, Licht: 1","154793","3","2","3","12","16","7","","1","1","1","0","0"
"POINT (9.986124285000070 53.575344762000000)","Unfall 154794 (2022) Kat:3, Licht: 0","154794","3","7","0","12","07","1","","0","1","0","0","0"
"POINT (10.127531062999999 53.538821368000100)","Unfall 154800 (2022) Kat:3, Licht: 0","154800","3","4","6","12","13","5","","0","0","1","1","0"
"POINT (10.101180619999999 53.540226876000098)","Unfall 154804 (2022) Kat:3, Licht: 2","154804","3","6","2","12","22","6","","2","0","1","0","0"
"POINT (10.112535134000000 53.616169282999998)","Unfall 154806 (2022) Kat:3, Licht: 0","154806","3","7","0","12","10","4","","0","0","0","0","0"
"POINT (9.981696509000070 53.426895827000102)","Unfall 154811 (2022) Kat:3, Licht: 0","154811","3","5","5","12","12","2","","0","0","1","0","0"
"POINT (10.067620273999999 53.577224460000103)","Unfall 154814 (2022) Kat:3, Licht: 0","154814","3","6","2","12","13","3","","0","0","1","0","0"
"POINT (10.062637611000101 53.653836308999999)","Unfall 154816 (2022) Kat:3, Licht: 2","154816","3","2","3","12","18","3","","2","1","1","0","0"
"POINT (10.068033616999999 53.553391720000000)","Unfall 154820 (2022) Kat:3, Licht: 2","154820","3","6","2","12","21","7","","2","0","1","0","0"
"POINT (10.124407296000101 53.570969120000001)","Unfall 154822 (2022) Kat:3, Licht: 2","154822","3","2","6","12","20","2","","2","0","1","1","0"
"POINT (9.875679892000051 53.588304405000002)","Unfall 154830 (2022) Kat:3, Licht: 0","154830","3","6","2","12","11","4","","0","0","1","0","0"
"POINT (9.986752011000020 53.455726063000000)","Unfall 154836 (2022) Kat:3, Licht: 0","154836","3","4","6","12","10","3","","0","0","0","1","0"
"POINT (10.031766019999999 53.539694327000099)","Unfall 154840 (2022) Kat:3, Licht: 0","154840","3","6","3","12","11","6","","0","0","1","0","0"
"POINT (10.044669670000101 53.597056346000002)","Unfall 154842 (2022) Kat:3, Licht: 0","154842","3","3","5","12","15","5","","0","0","1","0","0"
"POINT (10.003309673000000 53.552996618000101)","Unfall 154846 (2022) Kat:3, Licht: 0","154846","3","7","1","12","13","6","","0","1","1","0","0"
"POINT (10.048513126000000 53.548006472000097)","Unfall 154848 (2022) Kat:3, Licht: 2","154848","3","5","1","12","17","2","","2","0","1","0","0"
"POINT (9.929540180000060 53.553082097000100)","Unfall 154851 (2022) Kat:3, Licht: 2","154851","3","7","0","12","07","2","","2","0","0","0","0"
"POINT (9.983937340000070 53.557399351000100)","Unfall 154860 (2022) Kat:3, Licht: 0","154860","3","6","3","12","12","6","","0","1","1","0","0"
"POINT (9.957932801000030 53.629491745999999)","Unfall 154862 (2022) Kat:3, Licht: 2","154862","3","1","0","12","16","6","","2","1","0","0","0"
"POINT (10.055475476000000 53.574501808999997)","Unfall 154866 (2022) Kat:3, Licht: 0","154866","3","2","3","12","11","6","","0","0","1","0","0"
"POINT (9.812078142000081 53.561885185000101)","Unfall 154870 (2022) Kat:3, Licht: 0","154870","3","3","6","12","10","3","","0","0","1","1","0"
"POINT (9.967767302000031 53.566540848999999)","Unfall 154872 (2022) Kat:3, Licht: 0","154872","3","6","4","12","07","4","","0","1","0","0","0"
"POINT (10.202744910000000 53.491181794000099)","Unfall 154876 (2022) Kat:3, Licht: 2","154876","3","2","6","12","18","4","","2","0","1","1","0"
"POINT (10.064602066000100 53.549983693000101)","Unfall 154878 (2022) Kat:3, Licht: 0","154878","3","7","1","12","14","6","","0","0","0","0","0"
"POINT (10.067383743000100 53.582387514000096)","Unfall 154879 (2022) Kat:3, Licht: 1","154879","3","2","6","12","18","2","","1","0","0","1","0"
"POINT (10.016974316000100 53.562303692000100)","Unfall 154888 (2022) Kat:3, Licht: 2","154888","3","1","9","12","22","5","","2","0","1","0","0"
"POINT (10.153893300000000 53.614622109999999)","Unfall 154890 (2022) Kat:3, Licht: 2","154890","3","3","5","12","17","5","","2","1","1","0","0"
"POINT (10.217963369000101 53.494490958000000)","Unfall 154895 (2022) Kat:3, Licht: 0","154895","3","6","4","12","13","4","","0","1","0","0","0"
"POINT (9.961440631000070 53.558847395999997)","Unfall 154899 (2022) Kat:3, Licht: 0","154899","3","5","1","12","12","5","","0","0","1","0","0"
"POINT (10.055837535000000 53.560927411000101)","Unfall 154901 (2022) Kat:2, Licht: 2","154901","2","6","2","12","07","3","","2","0","1","0","0"
"POINT (10.143072920000099 53.570357697000098)","Unfall 154905 (2022) Kat:3, Licht: 2","154905","3","3","0","12","00","6","","2","1","1","0","0"
"POINT (10.016724521000100 53.566051768000101)","Unfall 154908 (2022) Kat:2, Licht: 2","154908","2","1","0","12","02","1","","2","0","0","0","0"
"POINT (9.998514912000079 53.549893048999998)","Unfall 154915 (2022) Kat:3, Licht: 1","154915","3","6","3","12","16","3","","1","0","1","0","0"
"POINT (10.163886302000000 53.646795686000097)","Unfall 154917 (2022) Kat:3, Licht: 0","154917","3","2","6","12","10","6","","0","0","1","1","0"
"POINT (10.109468555999999 53.615508853999998)","Unfall 154918 (2022) Kat:3, Licht: 0","154918","3","5","1","12","10","5","","0","0","1","0","0"
"POINT (9.962264067000040 53.573675033000001)","Unfall 154927 (2022) Kat:2, Licht: 2","154927","2","3","5","12","19","1","","2","1","1","0","0"
"POINT (10.014249945000101 53.578286305000098)","Unfall 154929 (2022) Kat:3, Licht: 0","154929","3","3","5","12","13","6","","0","1","0","0","0"
"POINT (9.811266394000031 53.560616879000101)","Unfall 154931 (2022) Kat:3, Licht: 0","154931","3","2","6","12","15","4","","0","0","0","1","0"
"POINT (9.914709117000029 53.601128038000098)","Unfall 154933 (2022) Kat:3, Licht: 2","154933","3","5","3","12","18","1","","2","0","1","0","0"
"POINT (9.991077935000019 53.497889503000103)","Unfall 154934 (2022) Kat:3, Licht: 2","154934","3","5","1","12","02","5","","2","0","1","0","0"
"POINT (10.044027445999999 53.591490312000097)","Unfall 154943 (2022) Kat:3, Licht: 2","154943","3","2","4","12","20","7","","2","0","1","0","0"
"POINT (10.122177201000101 53.672779487000099)","Unfall 154945 (2022) Kat:3, Licht: 0","154945","3","4","6","12","16","5","","0","0","1","1","0"
"POINT (10.140145422000000 53.570625765999999)","Unfall 154950 (2022) Kat:3, Licht: 0","154950","3","6","2","12","14","3","","0","0","1","0","0"
"POINT (9.983621834000081 53.436908032000098)","Unfall 154953 (2022) Kat:3, Licht: 0","154953","3","5","1","12","15","3","","0","0","1","0","0"
"POINT (10.092590467000001 53.592421428000101)","Unfall 154955 (2022) Kat:3, Licht: 1","154955","3","4","6","12","08","3","","1","0","0","1","0"
"POINT (10.104755678000100 53.544802618000098)","Unfall 154959 (2022) Kat:3, Licht: 0","154959","3","6","2","12","11","5","","0","0","1","0","0"
"POINT (10.038597004000099 53.591389247000102)","Unfall 154961 (2022) Kat:3, Licht: 2","154961","3","2","4","12","23","2","","2","0","1","0","0"
"POINT (10.022998694000000 53.578574787999997)","Unfall 154963 (2022) Kat:3, Licht: 0","154963","3","1","0","12","08","2","","0","1","0","0","0"
"POINT (9.949895572000059 53.572674635000098)","Unfall 154971 (2022) Kat:3, Licht: 0","154971","3","6","2","12","14","2","","0","0","1","0","0"
"POINT (10.240519452000100 53.476911910000098)","Unfall 154973 (2022) Kat:3, Licht: 2","154973","3","6","2","12","06","6","","2","0","1","0","0"
"POINT (9.915202750000050 53.553983690000102)","Unfall 154974 (2022) Kat:3, Licht: 2","154974","3","3","5","12","07","5","","2","1","1","0","0"
"POINT (9.977472712000059 53.577430069999998)","Unfall 154980 (2022) Kat:3, Licht: 2","154980","3","3","5","12","06","7","","2","0","1","0","0"
"POINT (10.019510671000001 53.654932028000097)","Unfall 154984 (2022) Kat:3, Licht: 0","154984","3","3","5","12","11","7","","0","0","1","0","0"
"POINT (10.002198444999999 53.543323442000002)","Unfall 154986 (2022) Kat:3, Licht: 0","154986","3","2","2","12","08","5","","0","0","1","0","0"
"POINT (10.105595058000100 53.570331807999999)","Unfall 154991 (2022) Kat:3, Licht: 2","154991","3","2","6","12","17","4","","2","0","0","1","0"
"POINT (10.012799321999999 53.560665823000100)","Unfall 154994 (2022) Kat:3, Licht: 2","154994","3","7","0","12","21","3","","2","0","1","0","0"
"POINT (9.974995288000059 53.565397511000100)","Unfall 154996 (2022) Kat:3, Licht: 0","154996","3","3","5","12","10","4","","0","1","1","0","0"
"POINT (10.069578473000000 53.571761490000000)","Unfall 155003 (2022) Kat:3, Licht: 0","155003","3","5","0","12","09","3","","0","0","1","0","0"
"POINT (10.045359771000101 53.589565091000097)","Unfall 155006 (2022) Kat:3, Licht: 2","155006","3","6","3","12","19","4","","2","0","1","0","0"
"POINT (9.981851781000049 53.577107022000099)","Unfall 155008 (2022) Kat:3, Licht: 0","155008","3","7","0","12","14","4","","0","1","0","0","0"
"POINT (10.090547923000001 53.587271925000003)","Unfall 155012 (2022) Kat:2, Licht: 0","155012","2","3","5","12","12","7","","0","0","1","0","0"
"POINT (9.910107057000060 53.566080947000003)","Unfall 155014 (2022) Kat:3, Licht: 0","155014","3","5","3","12","11","2","","0","1","1","0","0"
"POINT (10.012921286000100 53.577645608000097)","Unfall 155015 (2022) Kat:3, Licht: 0","155015","3","7","0","12","09","2","","0","1","0","0","0"
"POINT (9.987464187000059 53.562648928000002)","Unfall 155023 (2022) Kat:3, Licht: 1","155023","3","6","2","12","17","4","","1","0","1","0","0"
"POINT (10.027158932000100 53.543517694999998)","Unfall 155025 (2022) Kat:3, Licht: 0","155025","3","5","5","12","14","6","","0","1","1","0","0"
"POINT (10.055572483000001 53.646806300000001)","Unfall 155026 (2022) Kat:3, Licht: 1","155026","3","7","0","12","07","5","","1","0","0","0","0"
"POINT (9.904777483000030 53.609191043000102)","Unfall 155032 (2022) Kat:3, Licht: 2","155032","3","1","8","12","16","6","","2","0","1","0","0"
"POINT (10.124839301000099 53.618344267000097)","Unfall 155036 (2022) Kat:3, Licht: 2","155036","3","1","9","12","23","6","","2","0","1","0","0"
"POINT (10.137328145000000 53.683786050000002)","Unfall 155038 (2022) Kat:3, Licht: 1","155038","3","7","0","12","08","4","","1","1","0","0","0"