WKT,Name,OBJECTID,UKATEGORIE,UTYP1,UART,UMONAT,USTUNDE,UWOCHENTAG,STRZUSTAND,ULICHTVERH,ISTRAD,ISTPKW,ISTFUSS,ISTKRAD
"POINT (9.857828298000070 53.598085869000002)","Unfall 155043 (2022) Kat:3, Licht: 1","155043","3","6","3","12","08","4","","1","0","1","0","1"
"POINT (10.114085669000101 53.607724995000098)","Unfall 155046 (2022) Kat:3, Licht: 0","155046","3","7","6","12","15","3","","0","0","1","1","0"
"POINT (9.994337623000041 53.549995478000000)","Unfall 155048 (2022) Kat:3, Licht: 0","155048","3","5","3","12","15","4","","0","0","1","0","0"
"POINT (10.117983903000001 53.606931577000097)","Unfall 155052 (2022) Kat:3, Licht: 2","155052","3","4","6","12","21","6","","2","0","1","1","0"
"POINT (9.909695383000040 53.604644116000003)","Unfall 155054 (2022) Kat:3, Licht: 2","155054","3","6","4","12","07","2","","2","1","0","0","0"
"POINT (10.094459103000100 53.581276367000001)","Unfall 155055 (2022) Kat:3, Licht: 0","155055","3","7","0","12","09","2","","0","1","0","0","0"
"POINT (9.829165266000080 53.568663080000100)","Unfall 155063 (2022) Kat:3, Licht: 2","155063","3","3","5","12","06","6","","2","1","1","0","0"
"POINT (9.944333473000031 53.573177514000101)","Unfall 155065 (2022) Kat:3, Licht: 2","155065","3","3","5","12","19","5","","2","1","0","0","0"
"POINT (10.103650617000000 53.498515951999998)","Unfall 155069 (2022) Kat:3, Licht: 0","155069","3","1","1","12","17","1","","0","0","1","0","0"
"POINT (10.022798459000100 53.551027662000102)","Unfall 155076 (2022) Kat:3, Licht: 2","155076","3","5","5","12","17","1","","2","0","1","0","0"
"POINT (10.070083110000001 53.573058629999998)","Unfall 155078 (2022) Kat:3, Licht: 0","155078","3","4","6","12","09","7","","0","0","0","1","0"
"POINT (10.053257587000100 53.557124209999998)","Unfall 155079 (2022) Kat:3, Licht: 1","155079","3","2","3","12","07","6","","1","1","1","0","0"
"POINT (10.028650666000001 53.571196294000103)","Unfall 155085 (2022) Kat:3, Licht: 0","155085","3","3","5","12","15","4","","0","0","1","0","0"
"POINT (9.878176971000070 53.546728976000097)","Unfall 155089 (2022) Kat:3, Licht: 2","155089","3","1","0","12","19","5","","2","1","0","0","0"
"POINT (10.036698027000099 53.552421068999998)","Unfall 155091 (2022) Kat:3, Licht: 0","155091","3","6","2","12","11","5","","0","0","1","0","1"
"POINT (10.014387602000101 53.539731904000099)","Unfall 155095 (2022) Kat:3, Licht: 2","155095","3","4","6","12","17","7","","2","0","1","1","0"
"POINT (9.824968928000031 53.569998785000102)","Unfall 155097 (2022) Kat:3, Licht: 2","155097","3","6","2","12","17","2","","2","0","1","0","0"
"POINT (9.924895349000050 53.550908326000098)","Unfall 155100 (2022) Kat:3, Licht: 2","155100","3","3","5","12","16","3","","2","1","1","0","0"
"POINT (10.010853106000100 53.609920756000101)","Unfall 155102 (2022) Kat:3, Licht: 0","155102","3","1","0","12","07","4","","0","1","0","0","0"
"POINT (10.055408670000100 53.531663423000097)","Unfall 155106 (2022) Kat:2, Licht: 2","155106","2","4","6","12","23","4","","2","0","1","1","0"
"POINT (10.102808830000100 53.647113513000100)","Unfall 155108 (2022) Kat:3, Licht: 1","155108","3","7","0","12","08","7","","1","1","0","0","0"
"POINT (10.157200302000000 53.639029384000096)","Unfall 155109 (2022) Kat:3, Licht: 2","155109","3","4","6","12","19","2","","2","0","1","1","0"
"POINT (10.203518130000100 53.504833076000097)","Unfall 155118 (2022) Kat:2, Licht: 0","155118","2","3","5","12","09","5","","0","1","1","0","0"
"POINT (10.187612236000099 53.494166876000101)","Unfall 155120 (2022) Kat:3, Licht: 1","155120","3","7","0","12","07","4","","1","1","0","0","0"
"POINT (10.105450142000100 53.570469520000103)","Unfall 155125 (2022) Kat:3, Licht: 2","155125","3","3","5","12","17","4","","2","0","1","0","0"
"POINT (9.909360065000040 53.558580646999999)","Unfall 155128 (2022) Kat:3, Licht: 0","155128","3","5","1","12","16","5","","0","1","1","0","0"
"POINT (9.913533154000049 53.636884211000101)","Unfall 155130 (2022) Kat:3, Licht: 0","155130","3","7","0","12","11","4","","0","1","0","0","0"
"POINT (10.072876919000100 53.569201582000098)","Unfall 155132 (2022) Kat:3, Licht: 0","155132","3","6","3","12","11","6","","0","0","1","0","0"
"POINT (9.907168486000050 53.616268263999999)","Unfall 155133 (2022) Kat:3, Licht: 0","155133","3","2","4","12","12","2","","0","1","1","0","0"
"POINT (9.912594945000023 53.508376181000074)","Unfall 2570 (2023) Kat:3, Licht: 0","2570","3","6","2","01","18","3","","0","0","1","0","0"
"POINT (10.128104857000039 53.523257625000042)","Unfall 2571 (2023) Kat:3, Licht: 2","2571","3","6","2","01","17","2","","2","0","1","0","0"
"POINT (10.136725422000040 53.566696237000031)","Unfall 2572 (2023) Kat:3, Licht: 1","2572","3","6","2","01","07","2","","1","0","1","0","0"
"POINT (10.032662263000077 53.565705925000032)","Unfall 2573 (2023) Kat:3, Licht: 2","2573","3","2","3","01","17","2","","2","1","1","0","0"
"POINT (9.919083111000077 53.606529295000030)","Unfall 2574 (2023) Kat:3, Licht: 0","2574","3","6","3","01","07","2","","0","0","1","0","0"
"POINT (9.967497541000057 53.551884622000046)","Unfall 2575 (2023) Kat:3, Licht: 2","2575","3","6","2","01","00","6","","2","0","1","0","0"
"POINT (9.954480827000054 53.470525748000057)","Unfall 2576 (2023) Kat:3, Licht: 0","2576","3","2","2","01","08","5","","0","0","1","0","0"
"POINT (10.019773317000045 53.581555806000040)","Unfall 2577 (2023) Kat:3, Licht: 2","2577","3","2","5","01","22","4","","2","1","1","0","0"
"POINT (9.941290963000029 53.572859536000067)","Unfall 2578 (2023) Kat:3, Licht: 2","2578","3","3","5","01","19","4","","2","1","1","0","0"
"POINT (9.964596084000050 53.555289376000076)","Unfall 2579 (2023) Kat:3, Licht: 2","2579","3","7","6","01","21","4","","2","1","0","1","0"
"POINT (10.019782478000025 53.544165960000043)","Unfall 2580 (2023) Kat:3, Licht: 0","2580","3","6","2","01","13","3","","0","0","1","0","0"
"POINT (10.019747080000059 53.576538357000061)","Unfall 2581 (2023) Kat:3, Licht: 2","2581","3","7","3","01","18","3","","2","0","1","0","0"
"POINT (10.055271717000039 53.509320497000033)","Unfall 2582 (2023) Kat:3, Licht: 0","2582","3","6","3","01","12","2","","0","0","1","0","0"
"POINT (9.948812532000034 53.562285121000059)","Unfall 2583 (2023) Kat:3, Licht: 0","2583","3","2","6","01","14","2","","0","0","1","1","0"
"POINT (10.032563756000059 53.540582804000053)","Unfall 2584 (2023) Kat:3, Licht: 0","2584","3","6","2","01","15","6","","0","0","1","0","0"
"POINT (10.208294909000074 53.488037605000045)","Unfall 2585 (2023) Kat:3, Licht: 2","2585","3","4","6","01","16","5","","2","1","0","1","0"
"POINT (10.059327517000042 53.550921858000038)","Unfall 2586 (2023) Kat:3, Licht: 0","2586","3","6","2","01","14","5","","0","0","1","0","0"
"POINT (9.928610997000021 53.592250705000026)","Unfall 2587 (2023) Kat:3, Licht: 0","2587","3","2","4","01","13","5","","0","0","1","0","1"
"POINT (9.966536046000044 53.594388754000079)","Unfall 2588 (2023) Kat:3, Licht: 0","2588","3","4","6","01","11","5","","0","1","0","1","0"
"POINT (9.826911125000038 53.471002178000049)","Unfall 2589 (2023) Kat:3, Licht: 2","2589","3","4","6","01","07","4","","2","0","1","1","0"
"POINT (10.040272771000048 53.556050121000055)","Unfall 2590 (2023) Kat:3, Licht: 2","2590","3","6","2","01","17","4","","2","0","1","0","0"
"POINT (9.906394921000071 53.575205297000082)","Unfall 2591 (2023) Kat:3, Licht: 0","2591","3","6","3","01","11","4","","0","0","1","0","0"
"POINT (9.908194758000036 53.620439873000066)","Unfall 2592 (2023) Kat:3, Licht: 0","2592","3","2","4","01","09","4","","0","0","1","0","0"
"POINT (9.965593150000075 53.597695727000030)","Unfall 2593 (2023) Kat:3, Licht: 2","2593","3","6","4","01","19","3","","2","1","0","0","0"
"POINT (10.209780081000076 53.487680358000034)","Unfall 2594 (2023) Kat:3, Licht: 1","2594","3","5","5","01","16","2","","1","1","0","0","0"
"POINT (10.168533959000058 53.513789697000050)","Unfall 2595 (2023) Kat:3, Licht: 0","2595","3","6","2","01","07","2","","0","0","1","0","0"
"POINT (10.044793669000057 53.552575150000052)","Unfall 2596 (2023) Kat:3, Licht: 0","2596","3","4","6","01","08","2","","0","0","1","1","0"
"POINT (10.029200457000059 53.568541772000060)","Unfall 2597 (2023) Kat:3, Licht: 2","2597","3","2","5","01","20","2","","2","0","1","0","0"
"POINT (9.965840313000058 53.553127061000055)","Unfall 2598 (2023) Kat:3, Licht: 2","2598","3","2","3","01","21","1","","2","1","1","0","0"
"POINT (10.210459077000053 53.487436835000040)","Unfall 2599 (2023) Kat:3, Licht: 0","2599","3","3","5","01","12","7","","0","0","1","0","0"
"POINT (9.921182221000038 53.515427883000029)","Unfall 2600 (2023) Kat:3, Licht: 1","2600","3","2","2","01","07","7","","1","0","1","0","0"
"POINT (10.089588583000022 53.507703177000053)","Unfall 2601 (2023) Kat:2, Licht: 0","2601","2","6","3","01","15","6","","0","0","1","0","0"
"POINT (9.930166749000023 53.591273083000033)","Unfall 2602 (2023) Kat:3, Licht: 0","2602","3","3","5","01","12","5","","0","1","1","0","0"
"POINT (9.987295741000025 53.547600159000069)","Unfall 2603 (2023) Kat:3, Licht: 2","2603","3","6","2","01","18","5","","2","0","1","0","0"
"POINT (10.030537273000050 53.545151381000039)","Unfall 2604 (2023) Kat:3, Licht: 2","2604","3","7","0","01","16","4","","2","1","0","0","0"
"POINT (9.915555591000043 53.585932101000026)","Unfall 2605 (2023) Kat:3, Licht: 1","2605","3","6","3","01","17","4","","1","0","1","0","0"
"POINT (9.904469398000060 53.470902667000075)","Unfall 2606 (2023) Kat:3, Licht: 0","2606","3","5","1","01","12","1","","0","0","1","0","0"
"POINT (10.010097470000062 53.590736323000044)","Unfall 2744 (2023) Kat:3, Licht: 0","2744","3","2","3","01","15","2","","0","1","1","0","0"
"POINT (9.975136690000056 53.465743188000033)","Unfall 2792 (2023) Kat:3, Licht: 2","2792","3","1","4","01","20","7","","2","0","1","0","0"
"POINT (10.094082842000034 53.563694176000070)","Unfall 2830 (2023) Kat:2, Licht: 2","2830","2","7","8","01","00","7","","2","0","1","0","0"
"POINT (10.160303077000037 53.516731413000059)","Unfall 2839 (2023) Kat:3, Licht: 2","2839","3","6","2","01","19","6","","2","0","1","0","0"
"POINT (9.950002237000035 53.572824039000068)","Unfall 2959 (2023) Kat:3, Licht: 2","2959","3","2","3","01","07","6","","2","1","1","0","0"
"POINT (9.945394951000026 53.471050010000056)","Unfall 3034 (2023) Kat:3, Licht: 2","3034","3","2","6","01","07","4","","2","0","1","1","0"
"POINT (9.909761458000048 53.627231432000031)","Unfall 3161 (2023) Kat:3, Licht: 0","3161","3","2","6","01","14","6","","0","0","1","1","0"
"POINT (10.221379485000057 53.487650308000070)","Unfall 3274 (2023) Kat:3, Licht: 0","3274","3","2","2","01","14","2","","0","0","1","0","0"
"POINT (10.212412041000050 53.486724222000078)","Unfall 3347 (2023) Kat:3, Licht: 2","3347","3","4","6","01","17","6","","2","0","1","1","0"
"POINT (9.912490897000055 53.544118418000039)","Unfall 3386 (2023) Kat:3, Licht: 2","3386","3","1","8","01","19","5","","2","0","1","0","0"
"POINT (9.919806226000048 53.605009399000039)","Unfall 3517 (2023) Kat:3, Licht: 2","3517","3","6","3","01","19","4","","2","0","1","0","0"
"POINT (9.970931974000052 53.550318735000076)","Unfall 3866 (2023) Kat:3, Licht: 2","3866","3","4","6","01","18","4","","2","0","1","1","0"
"POINT (9.949973226000054 53.572838814000079)","Unfall 4004 (2023) Kat:3, Licht: 0","4004","3","2","3","01","13","2","","0","1","0","0","0"
"POINT (10.027795310000045 53.569661088000032)","Unfall 4397 (2023) Kat:3, Licht: 2","4397","3","5","5","01","17","2","","2","1","1","0","0"
"POINT (9.776331977000041 53.580371296000067)","Unfall 4538 (2023) Kat:3, Licht: 2","4538","3","6","3","01","17","5","","2","0","1","0","0"
"POINT (10.027201809000076 53.542330165000067)","Unfall 4848 (2023) Kat:3, Licht: 0","4848","3","6","3","01","12","6","","0","0","1","0","0"
"POINT (9.961562818000061 53.604642653000042)","Unfall 4871 (2023) Kat:3, Licht: 2","4871","3","1","9","01","22","5","","2","0","1","0","0"
"POINT (9.931180477000055 53.629217227000026)","Unfall 4917 (2023) Kat:3, Licht: 2","4917","3","2","4","01","18","7","","2","0","1","0","0"
"POINT (9.927324684000041 53.435730652000075)","Unfall 5071 (2023) Kat:1, Licht: 0","5071","1","6","2","01","16","2","","0","0","1","0","0"
"POINT (9.893371557000023 53.471781316000033)","Unfall 5092 (2023) Kat:3, Licht: 2","5092","3","6","2","01","05","2","","2","0","1","0","0"
"POINT (9.999710105000077 53.594506195000065)","Unfall 5137 (2023) Kat:3, Licht: 0","5137","3","6","2","01","07","4","","0","0","1","0","0"
"POINT (9.936793611000041 53.626396110000030)","Unfall 5371 (2023) Kat:3, Licht: 2","5371","3","1","3","01","17","4","","2","1","1","0","0"
"POINT (9.877589800000067 53.569824047000054)","Unfall 5515 (2023) Kat:3, Licht: 2","5515","3","6","2","01","18","5","","2","0","1","0","0"
"POINT (9.986504190000062 53.603092157000049)","Unfall 5786 (2023) Kat:3, Licht: 0","5786","3","6","3","01","12","3","","0","0","1","0","0"
"POINT (9.969692189000057 53.450650618000054)","Unfall 6231 (2023) Kat:3, Licht: 2","6231","3","2","6","01","21","3","","2","0","1","1","0"
"POINT (9.923035178000021 53.595472266000058)","Unfall 6233 (2023) Kat:3, Licht: 0","6233","3","7","9","01","13","5","","0","0","1","0","0"
"POINT (9.991263594000031 53.592947645000038)","Unfall 7030 (2023) Kat:3, Licht: 0","7030","3","7","3","01","12","3","","0","0","1","0","0"
"POINT (9.910887083000034 53.632632020000074)","Unfall 7269 (2023) Kat:3, Licht: 0","7269","3","6","2","01","11","7","","0","0","1","0","0"
"POINT (10.025559678000036 53.551984771000036)","Unfall 7490 (2023) Kat:3, Licht: 2","7490","3","7","0","01","19","5","","2","1","0","0","0"
"POINT (10.000757990000068 53.593027816000074)","Unfall 8678 (2023) Kat:3, Licht: 2","8678","3","3","6","12","19","1","","2","0","1","1","0"
"POINT (9.945182174000024 53.620240670000044)","Unfall 8679 (2023) Kat:3, Licht: 2","8679","3","3","5","12","06","7","","2","1","1","0","0"
"POINT (10.034574652000060 53.564091050000059)","Unfall 8680 (2023) Kat:3, Licht: 2","8680","3","3","5","12","05","6","","2","0","1","0","0"
"POINT (9.971218854000028 53.550183571000048)","Unfall 8681 (2023) Kat:3, Licht: 2","8681","3","6","0","12","19","6","","2","0","0","0","0"
"POINT (10.027230263000035 53.462627279000060)","Unfall 8682 (2023) Kat:3, Licht: 2","8682","3","1","9","12","00","5","","2","0","1","0","0"
"POINT (9.918897847000039 53.606416321000040)","Unfall 8683 (2023) Kat:3, Licht: 2","8683","3","6","3","12","20","5","","2","0","1","0","0"
"POINT (9.958400127000061 53.610050932000036)","Unfall 8684 (2023) Kat:3, Licht: 2","8684","3","6","2","12","19","5","","2","0","1","0","0"
"POINT (9.785832749000065 53.580583030000071)","Unfall 8685 (2023) Kat:3, Licht: 0","8685","3","2","6","12","11","4","","0","0","1","1","0"
"POINT (10.019321223000077 53.582824973000072)","Unfall 8686 (2023) Kat:3, Licht: 2","8686","3","6","2","12","16","3","","2","0","1","0","0"
"POINT (9.966809243000057 53.449927395000032)","Unfall 8687 (2023) Kat:3, Licht: 0","8687","3","3","5","12","14","2","","0","0","1","0","0"
"POINT (10.139912506000030 53.533789593000051)","Unfall 8688 (2023) Kat:3, Licht: 1","8688","3","1","9","12","09","7","","1","0","1","0","0"
"POINT (10.025991400000066 53.558523057000059)","Unfall 8689 (2023) Kat:3, Licht: 0","8689","3","6","2","12","11","7","","0","0","1","0","0"
"POINT (9.913535477000039 53.619643193000059)","Unfall 8690 (2023) Kat:3, Licht: 1","8690","3","3","5","12","16","7","","1","0","1","0","0"
"POINT (10.023808764000023 53.529103116000044)","Unfall 8692 (2023) Kat:3, Licht: 0","8692","3","6","3","12","15","5","","0","0","1","0","0"
"POINT (10.008073231000026 53.547943001000078)","Unfall 8693 (2023) Kat:3, Licht: 0","8693","3","6","2","12","12","5","","0","0","1","0","0"
"POINT (9.892270701000029 53.471815763000052)","Unfall 8695 (2023) Kat:3, Licht: 2","8695","3","6","1","12","17","4","","2","0","1","0","0"
"POINT (10.023583007000070 53.481673631000035)","Unfall 8696 (2023) Kat:2, Licht: 2","8696","2","1","3","12","22","4","","2","0","1","0","0"
"POINT (10.040707727000040 53.552648561000069)","Unfall 8697 (2023) Kat:3, Licht: 2","8697","3","2","6","12","06","4","","2","0","1","1","0"
"POINT (10.007905448000031 53.618339921000029)","Unfall 8699 (2023) Kat:3, Licht: 2","8699","3","6","2","12","17","4","","2","0","1","0","0"
"POINT (10.035138771000049 53.563593885000046)","Unfall 8700 (2023) Kat:3, Licht: 2","8700","3","1","0","12","22","4","","2","1","0","0","0"
"POINT (9.919844687000023 53.541310907000081)","Unfall 8701 (2023) Kat:3, Licht: 0","8701","3","6","2","12","13","4","","0","0","1","0","0"
"POINT (9.925248195000052 53.539024223000069)","Unfall 8702 (2023) Kat:3, Licht: 0","8702","3","6","2","12","12","4","","0","0","1","0","0"
"POINT (9.889648338000029 53.471907062000071)","Unfall 8703 (2023) Kat:3, Licht: 2","8703","3","6","3","12","16","3","","2","0","1","0","0"
"POINT (9.938915953000048 53.471047049000049)","Unfall 8705 (2023) Kat:3, Licht: 1","8705","3","2","6","12","08","3","","1","0","1","1","0"
"POINT (10.032599539000046 53.492544579000082)","Unfall 8706 (2023) Kat:3, Licht: 2","8706","3","6","3","12","18","3","","2","0","1","0","0"
"POINT (10.025572051000040 53.552424659000053)","Unfall 8707 (2023) Kat:3, Licht: 2","8707","3","6","2","12","18","3","","2","0","1","0","0"
"POINT (10.013822322000067 53.589726463000034)","Unfall 8709 (2023) Kat:3, Licht: 0","8709","3","1","8","12","14","3","","0","0","1","0","0"
"POINT (9.948368820000042 53.649597146000076)","Unfall 8711 (2023) Kat:3, Licht: 0","8711","3","2","4","12","16","3","","0","0","1","0","0"
"POINT (9.963753262000068 53.599994821000053)","Unfall 8712 (2023) Kat:3, Licht: 1","8712","3","3","5","12","07","3","","1","1","1","0","0"
"POINT (9.968493919000025 53.586352545000068)","Unfall 8713 (2023) Kat:3, Licht: 2","8713","3","2","6","12","06","3","","2","0","1","1","0"
"POINT (10.047353680000072 53.552325101000065)","Unfall 8714 (2023) Kat:3, Licht: 2","8714","3","7","3","12","16","2","","2","0","1","0","1"
"POINT (10.008199679000029 53.547941077000075)","Unfall 8716 (2023) Kat:3, Licht: 0","8716","3","3","5","12","14","2","","0","1","0","0","0"
"POINT (9.919194588000039 53.564025691000040)","Unfall 8717 (2023) Kat:3, Licht: 1","8717","3","2","4","12","17","2","","1","1","1","0","0"
"POINT (9.958612273000028 53.647536861000049)","Unfall 8718 (2023) Kat:3, Licht: 0","8718","3","6","2","12","12","2","","0","0","1","0","0"
"POINT (9.969888110000056 53.550842671000055)","Unfall 8719 (2023) Kat:3, Licht: 2","8719","3","3","5","12","17","1","","2","0","1","0","0"
"POINT (10.168232406000072 53.513952050000057)","Unfall 8720 (2023) Kat:2, Licht: 2","8720","2","3","4","12","22","7","","2","0","1","1","0"
"POINT (9.988698180000029 53.457901542000059)","Unfall 8721 (2023) Kat:3, Licht: 2","8721","3","2","4","12","18","6","","2","0","1","0","0"
"POINT (9.948999678000064 53.562252289000071)","Unfall 8722 (2023) Kat:3, Licht: 0","8722","3","4","6","12","12","6","","0","0","1","1","0"
"POINT (9.986715729000025 53.547697522000078)","Unfall 8723 (2023) Kat:3, Licht: 1","8723","3","2","4","12","16","6","","1","1","1","0","0"
"POINT (9.922518948000061 53.594510622000030)","Unfall 8724 (2023) Kat:3, Licht: 2","8724","3","3","5","12","03","5","","2","0","1","0","0"
"POINT (9.956106487000056 53.570387047000054)","Unfall 8725 (2023) Kat:1, Licht: 2","8725","1","4","6","12","23","5","","2","0","1","1","0"
"POINT (9.923567206000030 53.520291022000038)","Unfall 8726 (2023) Kat:3, Licht: 0","8726","3","6","3","12","08","5","","0","0","1","0","0"
"POINT (9.876299770000060 53.471944098000051)","Unfall 8727 (2023) Kat:3, Licht: 0","8727","3","3","5","12","14","4","","0","0","1","0","0"
"POINT (10.011933547000069 53.548040503000038)","Unfall 8728 (2023) Kat:3, Licht: 0","8728","3","6","2","12","10","4","","0","0","1","0","0"
"POINT (9.929560985000023 53.563478101000044)","Unfall 8729 (2023) Kat:3, Licht: 2","8729","3","2","4","12","21","4","","2","1","1","0","0"
"POINT (9.985989501000063 53.602310550000027)","Unfall 8730 (2023) Kat:3, Licht: 0","8730","3","7","1","12","12","4","","0","0","1","0","0"
"POINT (9.986781225000072 53.603313988000082)","Unfall 8731 (2023) Kat:3, Licht: 2","8731","3","2","0","12","17","4","","2","1","1","0","0"
"POINT (9.915008891000070 53.612980602000050)","Unfall 8732 (2023) Kat:3, Licht: 0","8732","3","6","2","12","11","3","","0","0","1","0","0"
"POINT (10.022924979000038 53.480576337000059)","Unfall 8733 (2023) Kat:2, Licht: 2","8733","2","1","8","12","23","2","","2","0","1","0","0"
"POINT (9.932033765000028 53.587339795000048)","Unfall 8734 (2023) Kat:3, Licht: 2","8734","3","3","5","12","18","2","","2","0","1","0","0"
"POINT (9.990015109000069 53.605937979000032)","Unfall 8735 (2023) Kat:3, Licht: 0","8735","3","3","5","12","10","2","","0","0","1","0","0"
"POINT (9.949634856000046 53.470803551000074)","Unfall 8737 (2023) Kat:3, Licht: 2","8737","3","6","2","12","16","1","","2","0","1","0","0"
"POINT (9.919151603000046 53.564029866000055)","Unfall 8740 (2023) Kat:3, Licht: 2","8740","3","2","6","12","18","1","","2","0","1","1","0"
"POINT (10.047783115000072 53.509682789000067)","Unfall 8741 (2023) Kat:3, Licht: 1","8741","3","6","2","12","16","6","","1","0","1","0","0"
"POINT (9.926569775000075 53.563650138000071)","Unfall 8742 (2023) Kat:3, Licht: 2","8742","3","2","4","12","17","6","","2","0","1","0","0"
"POINT (10.135063456000069 53.526814768000065)","Unfall 8743 (2023) Kat:3, Licht: 0","8743","3","6","3","12","08","5","","0","0","1","0","0"
"POINT (10.005037662000063 53.616556960000082)","Unfall 8744 (2023) Kat:3, Licht: 0","8744","3","2","2","12","13","5","","0","0","1","0","0"
"POINT (10.034435957000028 53.564158336000048)","Unfall 8745 (2023) Kat:3, Licht: 0","8745","3","6","2","12","15","5","","0","0","1","0","0"
"POINT (9.826026914000067 53.575926418000051)","Unfall 8746 (2023) Kat:3, Licht: 2","8746","3","6","2","12","17","5","","2","0","1","0","0"
"POINT (9.912967993000052 53.499144475000037)","Unfall 8747 (2023) Kat:2, Licht: 0","8747","2","6","2","12","13","4","","0","0","1","0","0"
"POINT (9.958957577000035 53.470084284000052)","Unfall 8748 (2023) Kat:3, Licht: 1","8748","3","7","3","12","16","4","","1","0","1","0","0"
"POINT (9.973691421000069 53.549684911000043)","Unfall 8749 (2023) Kat:3, Licht: 0","8749","3","6","3","12","12","4","","0","1","0","0","0"
"POINT (9.919007022000073 53.471943156000066)","Unfall 8751 (2023) Kat:3, Licht: 0","8751","3","6","2","12","14","3","","0","0","1","0","0"
"POINT (10.234484863000034 53.488454250000075)","Unfall 8752 (2023) Kat:3, Licht: 0","8752","3","6","2","12","10","3","","0","0","1","0","0"
"POINT (10.038827466000043 53.559359321000045)","Unfall 8753 (2023) Kat:3, Licht: 2","8753","3","2","4","12","05","3","","2","0","1","0","0"
"POINT (10.011141046000034 53.622983785000031)","Unfall 8754 (2023) Kat:3, Licht: 0","8754","3","6","2","12","13","3","","0","0","1","0","0"
"POINT (9.927997284000071 53.458775838000065)","Unfall 8756 (2023) Kat:3, Licht: 0","8756","3","1","9","12","08","2","","0","0","1","0","0"
"POINT (10.040699205000067 53.552745083000048)","Unfall 8757 (2023) Kat:3, Licht: 2","8757","3","2","6","12","17","2","","2","0","1","1","0"
"POINT (10.019298639000056 53.576944003000051)","Unfall 8758 (2023) Kat:2, Licht: 2","8758","2","2","6","12","07","2","","2","0","1","1","0"
"POINT (9.992567039000050 53.592646697000077)","Unfall 8759 (2023) Kat:3, Licht: 0","8759","3","6","2","12","12","2","","0","0","1","0","0"
"POINT (9.983936240000048 53.594085977000077)","Unfall 8760 (2023) Kat:3, Licht: 0","8760","3","1","0","12","07","2","","0","1","0","0","0"
"POINT (9.948970859000042 53.562256311000056)","Unfall 8761 (2023) Kat:3, Licht: 2","8761","3","4","6","12","18","2","","2","0","1","1","0"
"POINT (9.924384978000035 53.470679023000059)","Unfall 8762 (2023) Kat:3, Licht: 2","8762","3","6","3","12","16","1","","2","0","1","0","0"
"POINT (10.023285849000047 53.542976873000043)","Unfall 8763 (2023) Kat:2, Licht: 2","8763","2","4","6","12","18","1","","2","0","1","1","0"
"POINT (9.898452015000032 53.562368130000038)","Unfall 8764 (2023) Kat:3, Licht: 2","8764","3","6","2","12","18","1","","2","0","1","0","0"
"POINT (9.993843599000058 53.547314023000069)","Unfall 8765 (2023) Kat:3, Licht: 2","8765","3","2","4","12","22","1","","2","0","1","0","0"
"POINT (10.034326918000033 53.494216656000049)","Unfall 8766 (2023) Kat:3, Licht: 0","8766","3","6","2","12","15","6","","0","0","1","0","0"
"POINT (10.146832140000072 53.543679743000041)","Unfall 8767 (2023) Kat:3, Licht: 2","8767","3","6","2","12","07","6","","2","0","1","0","0"
"POINT (10.134330801000033 53.528441195000028)","Unfall 8768 (2023) Kat:3, Licht: 2","8768","3","6","3","12","05","6","","2","0","1","0","0"
"POINT (10.032402351000030 53.543155540000043)","Unfall 8769 (2023) Kat:3, Licht: 0","8769","3","6","2","12","12","6","","0","0","1","0","0"
"POINT (9.819396772000061 53.469947457000046)","Unfall 8770 (2023) Kat:3, Licht: 2","8770","3","7","8","11","02","5","","2","0","1","0","0"
"POINT (9.959192774000030 53.574263315000053)","Unfall 8771 (2023) Kat:3, Licht: 2","8771","3","7","6","11","21","5","","2","0","0","1","0"
"POINT (9.993904477000058 53.593179998000039)","Unfall 8772 (2023) Kat:3, Licht: 2","8772","3","6","2","11","18","4","","2","0","1","0","0"
"POINT (9.949779500000034 53.572936468000080)","Unfall 8773 (2023) Kat:3, Licht: 0","8773","3","5","1","11","10","4","","0","1","1","0","0"
"POINT (9.926836042000048 53.456509822000044)","Unfall 8775 (2023) Kat:3, Licht: 0","8775","3","6","2","11","08","3","","0","0","0","0","0"
"POINT (9.942997259000038 53.439869168000030)","Unfall 8776 (2023) Kat:3, Licht: 0","8776","3","4","6","11","10","3","","0","0","1","1","0"
"POINT (10.103003862000037 53.511602159000063)","Unfall 8777 (2023) Kat:3, Licht: 1","8777","3","6","2","11","08","3","","1","0","1","0","0"
"POINT (10.010293215000047 53.620955950000052)","Unfall 8778 (2023) Kat:3, Licht: 0","8778","3","6","3","11","13","3","","0","0","1","0","0"
"POINT (9.871747235000043 53.471769436000045)","Unfall 8779 (2023) Kat:3, Licht: 2","8779","3","3","5","11","19","2","","2","1","1","0","0"
"POINT (9.992055346000029 53.457570622000048)","Unfall 8780 (2023) Kat:3, Licht: 0","8780","3","6","2","11","13","2","","0","0","1","0","0"
"POINT (10.031953896000061 53.543372356000077)","Unfall 8781 (2023) Kat:3, Licht: 0","8781","3","3","5","11","14","2","","0","0","1","0","0"
"POINT (9.917028194000068 53.610814392000066)","Unfall 8782 (2023) Kat:3, Licht: 2","8782","3","6","3","11","18","2","","2","0","1","0","0"
"POINT (9.936962526000059 53.563716900000031)","Unfall 8783 (2023) Kat:3, Licht: 0","8783","3","5","5","11","09","2","","0","0","1","0","0"
"POINT (9.963688284000057 53.558103905000053)","Unfall 8784 (2023) Kat:3, Licht: 2","8784","3","7","0","11","06","1","","2","1","0","0","0"
"POINT (10.021582526000032 53.574903850000055)","Unfall 8785 (2023) Kat:3, Licht: 2","8785","3","6","0","11","17","7","","2","0","1","0","0"
"POINT (9.920936102000042 53.563948768000046)","Unfall 8786 (2023) Kat:3, Licht: 0","8786","3","1","0","11","09","7","","0","1","0","0","0"