WKT,Name,OBJECTID,UKATEGORIE,UTYP1,UART,UMONAT,USTUNDE,UWOCHENTAG,STRZUSTAND,ULICHTVERH,ISTRAD,ISTPKW,ISTFUSS,ISTKRAD
"POINT (9.900346492000040 53.567632146000051)","Unfall 8787 (2023) Kat:3, Licht: 2","8787","3","6","2","11","17","6","","2","0","1","0","0"
"POINT (9.909022920000041 53.623892443000045)","Unfall 8788 (2023) Kat:3, Licht: 2","8788","3","7","0","11","05","6","","2","1","0","0","0"
"POINT (9.991815869000050 53.607394176000071)","Unfall 8789 (2023) Kat:3, Licht: 2","8789","3","2","4","11","22","6","","2","0","1","0","0"
"POINT (9.941729155000075 53.572476096000059)","Unfall 8791 (2023) Kat:3, Licht: 0","8791","3","6","2","11","11","6","","0","0","1","0","0"
"POINT (9.840074348000030 53.472290505000046)","Unfall 8792 (2023) Kat:3, Licht: 2","8792","3","2","4","11","18","5","","2","0","1","0","0"
"POINT (10.006629917000055 53.591576034000070)","Unfall 8793 (2023) Kat:3, Licht: 2","8793","3","3","4","11","17","5","","2","1","0","0","0"
"POINT (9.933041853000077 53.585332129000051)","Unfall 8794 (2023) Kat:3, Licht: 0","8794","3","6","2","11","15","5","","0","0","1","0","0"
"POINT (9.920822424000050 53.603528255000072)","Unfall 8795 (2023) Kat:3, Licht: 0","8795","3","6","3","11","14","5","","0","0","1","0","0"
"POINT (9.948320758000023 53.618328974000065)","Unfall 8796 (2023) Kat:3, Licht: 0","8796","3","5","1","11","15","5","","0","0","1","0","0"
"POINT (9.922971354000026 53.632608597000058)","Unfall 8797 (2023) Kat:3, Licht: 0","8797","3","6","3","11","12","5","","0","0","1","0","0"
"POINT (9.969765859000063 53.550893793000057)","Unfall 8798 (2023) Kat:3, Licht: 0","8798","3","6","2","11","09","5","","0","0","1","0","0"
"POINT (9.939657981000039 53.471072399000036)","Unfall 8799 (2023) Kat:3, Licht: 0","8799","3","6","2","11","12","4","","0","0","1","0","0"
"POINT (10.030865532000064 53.538263670000049)","Unfall 8800 (2023) Kat:3, Licht: 2","8800","3","7","0","11","17","4","","2","1","0","0","0"
"POINT (10.031814193000059 53.566410135000069)","Unfall 8801 (2023) Kat:3, Licht: 2","8801","3","2","0","11","17","4","","2","1","0","0","0"
"POINT (9.952937367000061 53.613057940000033)","Unfall 8802 (2023) Kat:3, Licht: 2","8802","3","1","0","11","18","4","","2","1","0","0","0"
"POINT (9.998472075000052 53.547613614000056)","Unfall 8805 (2023) Kat:3, Licht: 2","8805","3","7","6","11","18","4","","2","0","1","1","0"
"POINT (10.156929501000036 53.517820999000037)","Unfall 8806 (2023) Kat:3, Licht: 2","8806","3","7","0","11","18","3","","2","0","0","0","0"
"POINT (10.040205884000045 53.556144885000037)","Unfall 8807 (2023) Kat:3, Licht: 2","8807","3","7","0","11","21","3","","2","0","0","0","0"
"POINT (9.930486699000028 53.646965064000028)","Unfall 8808 (2023) Kat:3, Licht: 0","8808","3","6","2","11","14","3","","0","0","1","0","0"
"POINT (10.207579144000022 53.488191906000054)","Unfall 8809 (2023) Kat:3, Licht: 2","8809","3","7","0","11","22","2","","2","0","0","0","0"
"POINT (10.025563469000076 53.552032046000079)","Unfall 8810 (2023) Kat:3, Licht: 0","8810","3","6","2","11","08","2","","0","0","1","0","0"
"POINT (9.999238149000064 53.594521467000050)","Unfall 8811 (2023) Kat:3, Licht: 0","8811","3","6","2","11","07","2","","0","0","1","0","0"
"POINT (9.909287227000050 53.565740562000030)","Unfall 8813 (2023) Kat:3, Licht: 1","8813","3","6","2","11","16","2","","1","0","1","0","0"
"POINT (9.938764285000047 53.575621108000064)","Unfall 8814 (2023) Kat:3, Licht: 0","8814","3","6","2","11","13","2","","0","0","1","0","0"
"POINT (9.991790286000025 53.607373923000068)","Unfall 8815 (2023) Kat:3, Licht: 0","8815","3","2","5","11","09","2","","0","0","1","0","0"
"POINT (9.878507269000067 53.471993721000047)","Unfall 8817 (2023) Kat:3, Licht: 1","8817","3","3","5","11","19","1","","1","0","1","0","0"
"POINT (10.023846327000058 53.471090535000030)","Unfall 8818 (2023) Kat:3, Licht: 2","8818","3","6","2","11","18","1","","2","0","1","0","0"
"POINT (9.907524870000032 53.617853288000049)","Unfall 8819 (2023) Kat:3, Licht: 1","8819","3","3","5","11","16","1","","1","0","1","0","0"
"POINT (9.941743200000076 53.563521582000078)","Unfall 8820 (2023) Kat:3, Licht: 2","8820","3","3","5","11","21","1","","2","1","1","0","0"
"POINT (9.948965600000065 53.562257044000035)","Unfall 8822 (2023) Kat:3, Licht: 2","8822","3","4","6","11","18","1","","2","0","1","1","0"
"POINT (9.962045336000074 53.559028032000072)","Unfall 8823 (2023) Kat:3, Licht: 2","8823","3","6","3","11","22","1","","2","0","1","0","0"
"POINT (9.993924009000068 53.547318550000057)","Unfall 8824 (2023) Kat:3, Licht: 0","8824","3","6","2","11","14","1","","0","0","1","0","0"
"POINT (9.992404948000058 53.457573075000028)","Unfall 8825 (2023) Kat:3, Licht: 2","8825","3","6","2","11","22","7","","2","0","1","0","0"
"POINT (10.198417982000024 53.492823264000037)","Unfall 8826 (2023) Kat:3, Licht: 2","8826","3","3","5","11","16","7","","2","0","1","0","0"
"POINT (9.950845850000064 53.616567142000065)","Unfall 8827 (2023) Kat:3, Licht: 2","8827","3","6","2","11","23","7","","2","0","1","0","0"
"POINT (9.997786938000047 53.547575440000060)","Unfall 8829 (2023) Kat:2, Licht: 2","8829","2","4","6","11","18","7","","2","0","1","1","0"
"POINT (9.974907085000041 53.549501666000026)","Unfall 8830 (2023) Kat:3, Licht: 0","8830","3","6","2","11","09","7","","0","0","1","0","0"
"POINT (9.968664580000052 53.585874104000027)","Unfall 8831 (2023) Kat:3, Licht: 2","8831","3","6","2","11","17","6","","2","0","1","0","0"
"POINT (9.986446398000055 53.460249569000041)","Unfall 8832 (2023) Kat:3, Licht: 0","8832","3","7","0","11","12","5","","0","0","0","0","0"
"POINT (10.135364051000067 53.529424032000065)","Unfall 8833 (2023) Kat:3, Licht: 0","8833","3","6","2","11","07","5","","0","0","1","0","0"
"POINT (9.903983570000037 53.620588955000073)","Unfall 8834 (2023) Kat:3, Licht: 2","8834","3","6","2","11","17","5","","2","0","1","0","0"
"POINT (9.955862154000044 53.570441538000068)","Unfall 8835 (2023) Kat:3, Licht: 2","8835","3","2","3","11","19","5","","2","1","1","0","0"
"POINT (9.988575364000042 53.547378912000056)","Unfall 8836 (2023) Kat:2, Licht: 1","8836","2","2","4","11","16","5","","1","1","1","0","0"
"POINT (9.931437489000075 53.521963754000069)","Unfall 8837 (2023) Kat:3, Licht: 1","8837","3","6","1","11","16","5","","1","0","1","0","0"
"POINT (9.956876640000075 53.446211491000042)","Unfall 8838 (2023) Kat:3, Licht: 0","8838","3","2","3","11","12","4","","0","0","1","0","0"
"POINT (10.037546110000051 53.509288376000029)","Unfall 8839 (2023) Kat:3, Licht: 2","8839","3","6","2","11","18","4","","2","0","1","0","0"
"POINT (10.157117948000064 53.517759659000035)","Unfall 8840 (2023) Kat:3, Licht: 2","8840","3","6","2","11","18","4","","2","0","1","0","0"
"POINT (10.017832966000071 53.586105261000057)","Unfall 8842 (2023) Kat:3, Licht: 0","8842","3","2","3","11","08","4","","0","1","0","0","0"
"POINT (9.990774173000034 53.593072220000067)","Unfall 8843 (2023) Kat:3, Licht: 2","8843","3","7","3","11","17","4","","2","0","1","0","1"
"POINT (9.964465585000028 53.599346457000081)","Unfall 8844 (2023) Kat:3, Licht: 0","8844","3","6","2","11","15","4","","0","0","1","0","1"
"POINT (9.926615419000029 53.456646673000080)","Unfall 8845 (2023) Kat:3, Licht: 2","8845","3","6","3","11","05","3","","2","0","1","0","0"
"POINT (10.009382486000050 53.626782528000035)","Unfall 8846 (2023) Kat:3, Licht: 0","8846","3","6","2","11","16","3","","0","0","1","0","0"
"POINT (9.928534404000061 53.537379076000036)","Unfall 8847 (2023) Kat:3, Licht: 2","8847","3","6","2","11","07","3","","2","0","1","0","0"
"POINT (10.032841088000055 53.512668312000073)","Unfall 8848 (2023) Kat:3, Licht: 2","8848","3","6","3","11","16","2","","2","0","1","0","0"
"POINT (10.241382061000024 53.477660612000079)","Unfall 8849 (2023) Kat:2, Licht: 0","8849","2","4","6","11","13","2","","0","0","1","1","0"
"POINT (9.983643549000021 53.648496260000059)","Unfall 8850 (2023) Kat:3, Licht: 0","8850","3","6","3","11","11","2","","0","0","1","0","0"
"POINT (10.041430564000052 53.552608854000027)","Unfall 8851 (2023) Kat:3, Licht: 2","8851","3","6","2","11","16","1","","2","0","1","0","0"
"POINT (9.968524132000027 53.586267050000060)","Unfall 8852 (2023) Kat:3, Licht: 2","8852","3","2","0","11","17","1","","2","0","1","0","0"
"POINT (9.990480364000064 53.606319221000035)","Unfall 8853 (2023) Kat:2, Licht: 0","8853","2","1","9","11","09","1","","0","0","1","0","0"
"POINT (9.942743987000028 53.572707021000042)","Unfall 8855 (2023) Kat:3, Licht: 2","8855","3","7","0","11","01","7","","2","0","0","0","0"
"POINT (9.877808566000056 53.569738522000080)","Unfall 8856 (2023) Kat:3, Licht: 2","8856","3","6","2","11","19","6","","2","0","1","0","0"
"POINT (9.923546400000021 53.563802293000037)","Unfall 8858 (2023) Kat:3, Licht: 2","8858","3","3","5","11","17","6","","2","1","1","0","0"
"POINT (9.971134711000047 53.550220901000046)","Unfall 8859 (2023) Kat:3, Licht: 2","8859","3","2","4","11","17","6","","2","0","1","0","0"
"POINT (9.924106195000036 53.467770038000026)","Unfall 8860 (2023) Kat:3, Licht: 0","8860","3","6","2","11","09","5","","0","0","1","0","0"
"POINT (10.093351569000049 53.541189191000058)","Unfall 8862 (2023) Kat:2, Licht: 0","8862","2","6","2","11","08","5","","0","0","1","0","0"
"POINT (9.933722182000054 53.583428512000069)","Unfall 8863 (2023) Kat:3, Licht: 2","8863","3","3","5","11","17","5","","2","1","0","0","0"
"POINT (9.951297026000077 53.572083472000031)","Unfall 8864 (2023) Kat:3, Licht: 0","8864","3","7","1","11","13","5","","0","0","1","0","0"
"POINT (9.924139923000041 53.595256505000066)","Unfall 8865 (2023) Kat:3, Licht: 0","8865","3","7","0","11","18","4","","0","1","0","0","0"
"POINT (9.823135578000063 53.576413438000031)","Unfall 8866 (2023) Kat:3, Licht: 2","8866","3","2","3","11","19","4","","2","1","1","0","0"
"POINT (9.833606761000055 53.471660391000057)","Unfall 8867 (2023) Kat:3, Licht: 2","8867","3","7","0","11","06","3","","2","1","0","0","0"
"POINT (9.844579848000024 53.472723689000077)","Unfall 8868 (2023) Kat:3, Licht: 2","8868","3","6","2","11","18","3","","2","0","1","0","0"
"POINT (9.863706680000064 53.471459550000077)","Unfall 8869 (2023) Kat:3, Licht: 0","8869","3","7","0","11","15","3","","0","1","0","0","0"
"POINT (10.048595345000024 53.552180401000044)","Unfall 8870 (2023) Kat:3, Licht: 2","8870","3","2","3","11","17","3","","2","1","1","0","0"
"POINT (9.796790211000030 53.580318167000030)","Unfall 8871 (2023) Kat:3, Licht: 0","8871","3","4","6","12","15","1","","0","0","1","1","0"
"POINT (9.965879279000035 53.596958152000070)","Unfall 8872 (2023) Kat:3, Licht: 2","8872","3","1","0","11","19","3","","2","0","0","0","0"
"POINT (9.965870987000073 53.596979526000041)","Unfall 8873 (2023) Kat:3, Licht: 0","8873","3","7","0","11","16","3","","0","1","0","0","0"
"POINT (9.933562345000041 53.583986008000068)","Unfall 8874 (2023) Kat:3, Licht: 1","8874","3","6","2","11","17","2","","1","0","1","0","0"
"POINT (9.969738108000058 53.550905397000065)","Unfall 8875 (2023) Kat:3, Licht: 2","8875","3","2","0","11","18","2","","2","1","1","0","0"
"POINT (10.051859285000035 53.551779806000070)","Unfall 8876 (2023) Kat:3, Licht: 2","8876","3","2","2","11","21","1","","2","0","1","0","0"
"POINT (9.850897048000036 53.572487782000053)","Unfall 8877 (2023) Kat:3, Licht: 0","8877","3","6","2","11","13","1","","0","0","1","0","0"
"POINT (9.989888293000035 53.457467716000053)","Unfall 8878 (2023) Kat:3, Licht: 0","8878","3","7","3","11","14","7","","0","0","0","0","0"
"POINT (10.024726054000041 53.530205669000054)","Unfall 8880 (2023) Kat:3, Licht: 0","8880","3","6","2","11","10","7","","0","0","1","0","0"
"POINT (9.994904253000072 53.547373726000046)","Unfall 8882 (2023) Kat:3, Licht: 1","8882","3","2","4","11","18","7","","1","0","1","0","0"
"POINT (10.227712774000054 53.477066308000076)","Unfall 8883 (2023) Kat:2, Licht: 2","8883","2","6","2","11","06","7","","2","0","1","0","0"
"POINT (9.870946169000035 53.571144671000070)","Unfall 8884 (2023) Kat:3, Licht: 2","8884","3","5","1","11","17","7","","2","1","1","0","0"
"POINT (9.991703778000044 53.607305436000047)","Unfall 8885 (2023) Kat:3, Licht: 2","8885","3","7","0","11","19","7","","2","1","0","0","0"
"POINT (9.992940493000049 53.547256988000072)","Unfall 8887 (2023) Kat:3, Licht: 2","8887","3","7","0","11","18","6","","2","1","0","0","0"
"POINT (10.226502051000068 53.481291033000048)","Unfall 8888 (2023) Kat:3, Licht: 2","8888","3","7","0","11","17","5","","2","1","0","0","0"
"POINT (9.901476284000069 53.564817417000029)","Unfall 8890 (2023) Kat:3, Licht: 2","8890","3","3","5","11","19","5","","2","0","1","0","0"
"POINT (9.927590809000037 53.463823996000031)","Unfall 8891 (2023) Kat:3, Licht: 0","8891","3","6","3","11","12","4","","0","0","1","0","0"
"POINT (9.909025103000033 53.643360565000080)","Unfall 8892 (2023) Kat:3, Licht: 0","8892","3","3","5","11","10","4","","0","1","1","0","0"
"POINT (9.978823599000066 53.549280981000038)","Unfall 8893 (2023) Kat:3, Licht: 0","8893","3","6","3","11","13","4","","0","0","1","0","0"
"POINT (9.956106487000056 53.570387047000054)","Unfall 8894 (2023) Kat:3, Licht: 0","8894","3","3","5","10","15","3","","0","0","1","0","1"
"POINT (9.987535114000025 53.592534713000077)","Unfall 8895 (2023) Kat:3, Licht: 0","8895","3","6","2","10","14","3","","0","0","1","0","0"
"POINT (9.906863043000044 53.565785015000074)","Unfall 8896 (2023) Kat:3, Licht: 0","8896","3","2","2","10","13","2","","0","0","1","0","0"
"POINT (9.930785765000053 53.652294474000030)","Unfall 8897 (2023) Kat:2, Licht: 0","8897","2","6","0","10","12","2","","0","0","1","0","0"
"POINT (9.966600470000060 53.594083909000062)","Unfall 8898 (2023) Kat:3, Licht: 0","8898","3","5","0","10","10","2","","0","1","0","0","0"
"POINT (9.945387031000053 53.471050564000052)","Unfall 8899 (2023) Kat:3, Licht: 2","8899","3","2","6","10","19","7","","2","0","1","1","0"
"POINT (9.967411162000076 53.583258117000071)","Unfall 8900 (2023) Kat:3, Licht: 2","8900","3","1","0","10","18","7","","2","1","0","0","0"
"POINT (9.962103632000037 53.603171753000026)","Unfall 8901 (2023) Kat:3, Licht: 0","8901","3","6","2","10","08","7","","0","0","1","0","0"
"POINT (10.053962903000070 53.509531299000059)","Unfall 8902 (2023) Kat:3, Licht: 0","8902","3","6","2","10","14","6","","0","0","1","0","0"
"POINT (10.020008395000048 53.544257968000068)","Unfall 8905 (2023) Kat:3, Licht: 0","8905","3","6","3","10","10","6","","0","0","1","0","0"
"POINT (9.973730490000037 53.549677690000067)","Unfall 8906 (2023) Kat:3, Licht: 0","8906","3","4","6","10","11","6","","0","0","0","1","0"
"POINT (9.961805572000060 53.517184426000028)","Unfall 8907 (2023) Kat:3, Licht: 0","8907","3","7","9","10","09","6","","0","0","1","0","0"
"POINT (9.876918483000054 53.471965051000041)","Unfall 8908 (2023) Kat:3, Licht: 2","8908","3","2","2","12","18","6","","2","0","1","0","0"
"POINT (9.999724767000032 53.594502171000045)","Unfall 8909 (2023) Kat:3, Licht: 0","8909","3","7","0","10","14","5","","0","0","0","0","0"
"POINT (9.923982100000046 53.563778580000076)","Unfall 8910 (2023) Kat:3, Licht: 2","8910","3","6","0","10","17","5","","2","0","1","0","0"
"POINT (9.916893689000062 53.542266847000064)","Unfall 8911 (2023) Kat:3, Licht: 0","8911","3","6","2","10","12","5","","0","0","1","0","0"
"POINT (9.928425618000063 53.459105423000040)","Unfall 8912 (2023) Kat:3, Licht: 0","8912","3","6","3","10","08","4","","0","0","1","0","0"
"POINT (10.154790086000048 53.557963943000061)","Unfall 8913 (2023) Kat:2, Licht: 2","8913","2","6","3","10","06","4","","2","0","1","0","0"
"POINT (10.010191274000022 53.620720003000031)","Unfall 8914 (2023) Kat:3, Licht: 2","8914","3","7","3","10","05","4","","2","0","1","0","1"
"POINT (9.909779705000062 53.627313010000080)","Unfall 8915 (2023) Kat:3, Licht: 2","8915","3","2","3","10","07","4","","2","1","0","0","0"
"POINT (9.981736265000052 53.463747202000036)","Unfall 8916 (2023) Kat:3, Licht: 0","8916","3","6","2","10","13","3","","0","0","1","0","0"
"POINT (10.022444381000071 53.574160537000068)","Unfall 8917 (2023) Kat:3, Licht: 0","8917","3","2","3","10","12","3","","0","1","1","0","0"
"POINT (9.944199829000070 53.567133007000052)","Unfall 8918 (2023) Kat:3, Licht: 0","8918","3","6","4","10","16","3","","0","0","1","0","0"
"POINT (9.903353654000057 53.470905055000060)","Unfall 8919 (2023) Kat:3, Licht: 0","8919","3","7","9","10","13","2","","0","0","1","0","0"
"POINT (10.086737262000042 53.507191692000049)","Unfall 8920 (2023) Kat:2, Licht: 2","8920","2","6","2","10","06","2","","2","0","1","0","0"
"POINT (10.019403890000035 53.582496184000036)","Unfall 8921 (2023) Kat:2, Licht: 0","8921","2","6","6","10","15","2","","0","1","0","1","0"
"POINT (9.815588763000051 53.469156011000052)","Unfall 8922 (2023) Kat:3, Licht: 0","8922","3","6","2","10","13","1","","0","0","1","0","0"
"POINT (10.040556231000039 53.555617994000045)","Unfall 8923 (2023) Kat:3, Licht: 0","8923","3","2","4","10","17","1","","0","0","1","0","0"
"POINT (9.966512683000076 53.594499299000063)","Unfall 8924 (2023) Kat:3, Licht: 0","8924","3","3","5","11","07","6","","0","1","1","0","0"
"POINT (9.933559169000034 53.646547775000045)","Unfall 8925 (2023) Kat:3, Licht: 0","8925","3","6","2","10","15","1","","0","0","1","0","0"
"POINT (10.032668715000057 53.565700552000067)","Unfall 8926 (2023) Kat:3, Licht: 2","8926","3","3","5","10","20","6","","2","1","1","0","0"
"POINT (10.028156090000039 53.559842052000079)","Unfall 8927 (2023) Kat:3, Licht: 2","8927","3","6","2","10","07","6","","2","0","1","0","0"
"POINT (9.917503082000053 53.542011454000033)","Unfall 8928 (2023) Kat:3, Licht: 0","8928","3","6","2","10","17","6","","0","0","1","0","0"
"POINT (9.922793706000050 53.470639788000028)","Unfall 8929 (2023) Kat:3, Licht: 2","8929","3","6","2","10","19","5","","2","0","1","0","0"
"POINT (9.924546746000033 53.539322044000073)","Unfall 8930 (2023) Kat:3, Licht: 0","8930","3","6","2","10","09","5","","0","0","1","0","0"
"POINT (9.912245251000058 53.565473090000069)","Unfall 8931 (2023) Kat:3, Licht: 2","8931","3","4","6","10","05","5","","2","1","0","1","0"
"POINT (9.953453937000063 53.571153632000062)","Unfall 8932 (2023) Kat:3, Licht: 2","8932","3","6","2","10","06","5","","2","0","1","0","0"
"POINT (9.970928369000035 53.550320503000080)","Unfall 8933 (2023) Kat:3, Licht: 0","8933","3","3","5","10","15","5","","0","1","1","0","0"
"POINT (9.893863302000057 53.471762151000064)","Unfall 8934 (2023) Kat:2, Licht: 0","8934","2","3","5","10","13","4","","0","0","1","0","0"
"POINT (10.149133203000076 53.548624177000079)","Unfall 8935 (2023) Kat:2, Licht: 0","8935","2","6","2","10","13","4","","0","0","0","0","0"
"POINT (10.025974135000070 53.554114416000061)","Unfall 8938 (2023) Kat:3, Licht: 0","8938","3","6","2","10","16","4","","0","0","1","0","0"
"POINT (9.876016239000023 53.570394541000041)","Unfall 8939 (2023) Kat:3, Licht: 0","8939","3","6","3","10","12","4","","0","0","1","1","0"
"POINT (9.900734626000030 53.471064023000054)","Unfall 8940 (2023) Kat:3, Licht: 2","8940","3","6","2","10","07","2","","2","0","1","0","0"
"POINT (10.032712764000053 53.539734995000060)","Unfall 8941 (2023) Kat:3, Licht: 2","8941","3","6","3","10","06","2","","2","0","1","0","1"
"POINT (9.937639474000036 53.431614423000042)","Unfall 8942 (2023) Kat:3, Licht: 0","8942","3","6","2","10","13","1","","0","0","1","0","0"
"POINT (10.023275486000045 53.472304416000043)","Unfall 8943 (2023) Kat:3, Licht: 0","8943","3","6","2","10","12","1","","0","0","1","0","0"
"POINT (10.077886626000065 53.508584567000071)","Unfall 8944 (2023) Kat:3, Licht: 1","8944","3","7","8","10","17","1","","1","0","1","0","0"
"POINT (10.019280837000053 53.582985597000061)","Unfall 8945 (2023) Kat:3, Licht: 0","8945","3","6","2","10","13","1","","0","1","0","0","0"
"POINT (9.987397104000024 53.603184865000060)","Unfall 8946 (2023) Kat:3, Licht: 2","8946","3","6","2","10","19","1","","2","0","1","0","0"
"POINT (9.959919787000047 53.575366885000051)","Unfall 8947 (2023) Kat:3, Licht: 0","8947","3","6","4","10","16","1","","0","0","1","0","0"
"POINT (9.965857514000049 53.553111415000046)","Unfall 8948 (2023) Kat:3, Licht: 2","8948","3","2","3","10","20","1","","2","1","1","0","0"
"POINT (10.034621967000021 53.506960681000066)","Unfall 8949 (2023) Kat:3, Licht: 0","8949","3","6","2","10","14","7","","0","0","1","0","0"
"POINT (10.007559504000028 53.618123359000037)","Unfall 8950 (2023) Kat:3, Licht: 0","8950","3","6","2","10","12","7","","0","0","1","0","0"
"POINT (9.937684419000050 53.576862458000051)","Unfall 8951 (2023) Kat:2, Licht: 1","8951","2","6","2","10","18","7","","1","0","1","0","0"
"POINT (9.983924070000057 53.596511894000059)","Unfall 8953 (2023) Kat:3, Licht: 0","8953","3","1","0","10","11","7","","0","0","0","0","1"
"POINT (9.846581476000040 53.472810711000079)","Unfall 8955 (2023) Kat:3, Licht: 2","8955","3","3","5","10","20","6","","2","1","1","0","0"
"POINT (9.855173376000039 53.472295431000077)","Unfall 8956 (2023) Kat:3, Licht: 0","8956","3","6","2","10","11","6","","0","0","1","0","0"
"POINT (10.227791963000072 53.488044973000058)","Unfall 8957 (2023) Kat:3, Licht: 0","8957","3","6","2","10","08","6","","0","0","1","0","0"
"POINT (10.006213494000065 53.617298468000058)","Unfall 8958 (2023) Kat:3, Licht: 2","8958","3","3","5","10","07","6","","2","0","1","0","0"
"POINT (9.897581285000058 53.565580497000042)","Unfall 8959 (2023) Kat:2, Licht: 2","8959","2","4","6","10","19","6","","2","0","1","1","0"
"POINT (9.967976168000064 53.583604206000075)","Unfall 8960 (2023) Kat:3, Licht: 0","8960","3","5","3","10","13","6","","0","0","1","0","1"
"POINT (9.950305417000038 53.572655797000039)","Unfall 8961 (2023) Kat:3, Licht: 0","8961","3","3","5","10","10","6","","0","1","1","0","0"
"POINT (10.221335236000073 53.487647127000059)","Unfall 8962 (2023) Kat:3, Licht: 0","8962","3","3","5","10","07","5","","0","1","1","0","0"
"POINT (9.945491818000050 53.620087998000031)","Unfall 8963 (2023) Kat:3, Licht: 2","8963","3","2","4","10","19","5","","2","0","1","0","0"
"POINT (9.964470577000043 53.555801449000057)","Unfall 8964 (2023) Kat:2, Licht: 2","8964","2","4","6","10","20","5","","2","0","1","1","0"
"POINT (10.057722715000068 53.509279053000057)","Unfall 8967 (2023) Kat:3, Licht: 2","8967","3","6","3","10","00","4","","2","0","1","0","0"
"POINT (9.914504123000029 53.543268242000067)","Unfall 8968 (2023) Kat:3, Licht: 0","8968","3","6","2","10","13","4","","0","0","1","0","0"
"POINT (9.915896697000051 53.542684668000049)","Unfall 8969 (2023) Kat:3, Licht: 2","8969","3","6","2","10","08","4","","2","0","1","0","0"
"POINT (9.849596712000050 53.472701880000045)","Unfall 8970 (2023) Kat:3, Licht: 0","8970","3","6","2","10","13","3","","0","0","1","0","0"
"POINT (10.032932552000034 53.513397093000037)","Unfall 8971 (2023) Kat:3, Licht: 0","8971","3","6","3","10","15","3","","0","0","1","0","0"
"POINT (10.002556552000044 53.592504241000029)","Unfall 8973 (2023) Kat:3, Licht: 0","8973","3","4","6","10","17","3","","0","0","1","1","0"
"POINT (10.023793690000048 53.573007038000071)","Unfall 8974 (2023) Kat:3, Licht: 2","8974","3","2","4","10","20","3","","2","0","1","0","0"
"POINT (9.929611454000053 53.563476713000057)","Unfall 8975 (2023) Kat:3, Licht: 0","8975","3","4","6","10","08","3","","0","0","1","1","0"
"POINT (9.956224648000045 53.570497380000063)","Unfall 8976 (2023) Kat:3, Licht: 0","8976","3","6","3","10","17","3","","0","1","0","0","0"
"POINT (9.972014193000064 53.549954343000081)","Unfall 8977 (2023) Kat:3, Licht: 0","8977","3","6","3","10","15","3","","0","0","1","0","1"
"POINT (9.928440508000051 53.459149867000065)","Unfall 8978 (2023) Kat:3, Licht: 0","8978","3","6","2","10","08","2","","0","0","1","0","0"
"POINT (9.984871383000041 53.462662203000036)","Unfall 8979 (2023) Kat:2, Licht: 2","8979","2","7","3","12","17","7","","2","0","1","0","0"
"POINT (9.915077159000077 53.512382070000058)","Unfall 8980 (2023) Kat:3, Licht: 2","8980","3","6","2","10","06","2","","2","0","1","0","0"
"POINT (9.928081061000057 53.428303372000073)","Unfall 8982 (2023) Kat:2, Licht: 2","8982","2","7","8","10","18","2","","2","0","1","0","0"
"POINT (10.122937327000045 53.565860327000053)","Unfall 8983 (2023) Kat:3, Licht: 0","8983","3","1","8","10","16","2","","0","0","1","0","0"
"POINT (10.129178650000028 53.524019050000049)","Unfall 8984 (2023) Kat:3, Licht: 0","8984","3","7","9","10","09","2","","0","0","1","0","0"
"POINT (9.919432112000038 53.564011276000031)","Unfall 8985 (2023) Kat:3, Licht: 2","8985","3","2","4","10","21","2","","2","0","1","0","0"
"POINT (9.888227153000059 53.567888465000067)","Unfall 8986 (2023) Kat:3, Licht: 0","8986","3","6","2","10","11","2","","0","0","1","0","0"
"POINT (9.926218155000072 53.593864389000032)","Unfall 8987 (2023) Kat:3, Licht: 0","8987","3","3","5","10","08","1","","0","1","1","0","0"
"POINT (9.948941404000038 53.573338508000063)","Unfall 8988 (2023) Kat:3, Licht: 2","8988","3","2","4","10","22","1","","2","0","1","0","0"
"POINT (9.962414040000056 53.602338660000044)","Unfall 8989 (2023) Kat:3, Licht: 0","8989","3","6","3","10","16","1","","0","0","1","0","0"
"POINT (9.986934338000026 53.603449869000031)","Unfall 8990 (2023) Kat:3, Licht: 0","8990","3","3","5","10","10","1","","0","0","1","0","0"
"POINT (10.009175733000063 53.627394072000072)","Unfall 8991 (2023) Kat:3, Licht: 0","8991","3","6","3","10","13","7","","0","0","1","0","0"
"POINT (9.876274697000042 53.570302191000053)","Unfall 8992 (2023) Kat:3, Licht: 2","8992","3","6","2","10","19","7","","2","0","1","0","0"
"POINT (9.930342297000038 53.648649222000074)","Unfall 8993 (2023) Kat:3, Licht: 0","8993","3","6","2","10","13","7","","0","0","1","0","0"
"POINT (10.025916522000045 53.553209045000074)","Unfall 8994 (2023) Kat:3, Licht: 0","8994","3","5","3","10","15","6","","0","0","1","0","1"
"POINT (10.054719730000045 53.551452252000047)","Unfall 8995 (2023) Kat:3, Licht: 1","8995","3","6","3","10","07","6","","1","0","1","0","0"
"POINT (9.920476527000062 53.604044103000035)","Unfall 8997 (2023) Kat:3, Licht: 0","8997","3","6","2","10","17","6","","0","0","1","0","0"
"POINT (9.916255246000048 53.476381326000080)","Unfall 8998 (2023) Kat:3, Licht: 2","8998","3","6","3","10","04","5","","2","0","0","0","0"
"POINT (9.985314379000044 53.462364364000052)","Unfall 8999 (2023) Kat:3, Licht: 0","8999","3","3","5","10","17","5","","0","1","1","0","0"
"POINT (9.992672866000021 53.457570459000067)","Unfall 9000 (2023) Kat:3, Licht: 0","9000","3","6","3","10","11","5","","0","0","1","0","0"
"POINT (10.049044120000076 53.552126470000076)","Unfall 9001 (2023) Kat:2, Licht: 2","9001","2","2","3","10","06","5","","2","1","1","0","0"
"POINT (9.945187755000063 53.620238120000067)","Unfall 9002 (2023) Kat:3, Licht: 0","9002","3","3","5","10","14","5","","0","1","1","0","0"
"POINT (9.984387378000065 53.601100459000065)","Unfall 9003 (2023) Kat:3, Licht: 0","9003","3","3","4","10","11","5","","0","1","1","0","0"