WKT,Name,OBJECTID,UKATEGORIE,UTYP1,UART,UMONAT,USTUNDE,UWOCHENTAG,STRZUSTAND,ULICHTVERH,ISTRAD,ISTPKW,ISTFUSS,ISTKRAD
"POINT (9.923623925000072 53.470660258000066)","Unfall 9004 (2023) Kat:3, Licht: 1","9004","3","2","2","10","19","4","","1","0","1","0","0"
"POINT (9.915253583000037 53.478643523000073)","Unfall 9005 (2023) Kat:3, Licht: 0","9005","3","6","2","10","07","4","","0","0","1","0","0"
"POINT (10.006890766000026 53.617700212000045)","Unfall 9007 (2023) Kat:3, Licht: 0","9007","3","6","2","10","07","4","","0","0","1","0","0"
"POINT (9.951567597000064 53.561943129000042)","Unfall 9008 (2023) Kat:3, Licht: 0","9008","3","6","3","10","15","4","","0","0","1","0","0"
"POINT (9.983739703000026 53.548327326000049)","Unfall 9009 (2023) Kat:3, Licht: 0","9009","3","6","2","10","15","4","","0","0","1","0","0"
"POINT (9.972689276000040 53.549844853000081)","Unfall 9010 (2023) Kat:3, Licht: 0","9010","3","1","0","10","07","3","","0","0","0","0","0"
"POINT (10.203416889000039 53.489622254000039)","Unfall 9011 (2023) Kat:3, Licht: 1","9011","3","1","8","10","19","2","","1","0","1","0","0"
"POINT (9.989292732000024 53.457379830000036)","Unfall 9012 (2023) Kat:3, Licht: 0","9012","3","6","3","09","17","7","","0","0","1","0","0"
"POINT (9.778634940000074 53.580500870000037)","Unfall 9013 (2023) Kat:3, Licht: 0","9013","3","3","5","09","08","7","","0","1","1","0","0"
"POINT (10.013208094000049 53.589967688000058)","Unfall 9015 (2023) Kat:3, Licht: 0","9015","3","2","2","09","13","6","","0","0","1","0","1"
"POINT (9.909829007000042 53.627547888000038)","Unfall 9016 (2023) Kat:3, Licht: 2","9016","3","7","0","09","20","6","","2","0","0","0","1"
"POINT (9.956028832000072 53.611446980000039)","Unfall 9017 (2023) Kat:3, Licht: 0","9017","3","3","5","09","14","6","","0","1","1","0","0"
"POINT (9.966536886000029 53.594384779000052)","Unfall 9018 (2023) Kat:3, Licht: 0","9018","3","6","3","09","15","6","","0","0","1","0","0"
"POINT (9.846538512000052 53.472809163000079)","Unfall 9019 (2023) Kat:3, Licht: 0","9019","3","5","5","09","16","5","","0","1","1","0","0"
"POINT (10.008408776000067 53.618662619000077)","Unfall 9020 (2023) Kat:3, Licht: 0","9020","3","3","5","09","08","5","","0","1","1","0","0"
"POINT (10.023776683000051 53.573021079000057)","Unfall 9021 (2023) Kat:2, Licht: 0","9021","2","7","4","09","18","5","","0","0","1","0","1"
"POINT (10.016363014000035 53.545601034000072)","Unfall 9022 (2023) Kat:3, Licht: 0","9022","3","3","5","09","08","4","","0","0","1","0","0"
"POINT (10.034597334000068 53.564068035000048)","Unfall 9023 (2023) Kat:3, Licht: 0","9023","3","3","5","09","16","4","","0","1","1","0","0"
"POINT (9.907519875000048 53.617834080000080)","Unfall 9024 (2023) Kat:3, Licht: 0","9024","3","2","0","09","06","4","","0","0","0","0","0"
"POINT (9.827060336000045 53.471012991000066)","Unfall 9025 (2023) Kat:3, Licht: 0","9025","3","6","2","09","13","3","","0","0","1","0","0"
"POINT (10.036268580000069 53.496957655000074)","Unfall 9026 (2023) Kat:3, Licht: 0","9026","3","6","3","09","09","3","","0","0","1","0","0"
"POINT (10.018506375000072 53.585025878000067)","Unfall 9027 (2023) Kat:2, Licht: 1","9027","2","4","6","09","19","3","","1","1","0","1","0"
"POINT (9.919482114000061 53.605480067000030)","Unfall 9028 (2023) Kat:3, Licht: 0","9028","3","6","3","09","06","3","","0","0","1","0","0"
"POINT (9.854618265000056 53.472432746000038)","Unfall 9029 (2023) Kat:3, Licht: 2","9029","3","1","9","09","00","2","","2","0","1","0","0"
"POINT (9.995968425000058 53.593970246000026)","Unfall 9030 (2023) Kat:3, Licht: 2","9030","3","3","5","09","20","2","","2","1","1","0","0"
"POINT (9.948570940000025 53.649458266000067)","Unfall 9032 (2023) Kat:3, Licht: 0","9032","3","6","2","09","11","2","","0","0","1","0","0"
"POINT (9.947822696000060 53.649481871000035)","Unfall 9033 (2023) Kat:3, Licht: 0","9033","3","6","3","09","09","2","","0","0","1","0","1"
"POINT (9.942590323000047 53.572710116000053)","Unfall 9034 (2023) Kat:3, Licht: 2","9034","3","6","3","09","20","2","","2","0","1","0","0"
"POINT (9.926618609000059 53.519258257000047)","Unfall 9036 (2023) Kat:3, Licht: 2","9036","3","1","9","09","19","2","","2","0","0","0","1"
"POINT (9.964428471000076 53.555957027000034)","Unfall 9038 (2023) Kat:3, Licht: 2","9038","3","7","0","09","01","1","","2","0","0","0","0"
"POINT (9.907543278000048 53.617924081000069)","Unfall 9039 (2023) Kat:3, Licht: 1","9039","3","3","5","11","17","1","","1","0","1","0","0"
"POINT (9.892645922000042 53.471804617000032)","Unfall 9040 (2023) Kat:3, Licht: 0","9040","3","2","2","09","14","7","","0","0","1","0","0"
"POINT (10.003227617000050 53.547401606000051)","Unfall 9041 (2023) Kat:3, Licht: 2","9041","3","6","4","09","05","7","","2","0","1","0","0"
"POINT (9.966811913000072 53.582534573000032)","Unfall 9042 (2023) Kat:3, Licht: 0","9042","3","2","6","09","17","6","","0","1","0","1","0"
"POINT (9.961035522000032 53.576331626000069)","Unfall 9043 (2023) Kat:3, Licht: 0","9043","3","6","2","09","12","6","","0","0","1","0","0"
"POINT (9.970520087000068 53.550520633000076)","Unfall 9044 (2023) Kat:3, Licht: 0","9044","3","7","0","09","16","6","","0","0","0","1","0"
"POINT (10.059936393000044 53.509229278000078)","Unfall 9045 (2023) Kat:3, Licht: 0","9045","3","6","3","09","12","5","","0","0","1","0","0"
"POINT (9.854755330000046 53.572029839000038)","Unfall 9046 (2023) Kat:3, Licht: 0","9046","3","6","2","09","10","5","","0","0","1","0","1"
"POINT (9.926058314000045 53.563678779000043)","Unfall 9047 (2023) Kat:3, Licht: 0","9047","3","6","3","09","12","5","","0","0","0","0","0"
"POINT (9.947486547000040 53.649551797000072)","Unfall 9048 (2023) Kat:2, Licht: 2","9048","2","1","9","09","22","5","","2","0","1","0","0"
"POINT (9.958194836000075 53.647616497000058)","Unfall 9049 (2023) Kat:2, Licht: 0","9049","2","3","5","09","09","5","","0","1","1","0","0"
"POINT (9.966470787000048 53.594726837000053)","Unfall 9050 (2023) Kat:2, Licht: 0","9050","2","7","8","09","08","5","","0","0","1","0","0"
"POINT (10.005497525000067 53.547748254000055)","Unfall 9051 (2023) Kat:3, Licht: 2","9051","3","3","5","09","20","5","","2","0","1","0","0"
"POINT (10.134107393000022 53.526992657000051)","Unfall 9052 (2023) Kat:3, Licht: 0","9052","3","6","2","11","08","7","","0","0","1","0","0"
"POINT (9.977741288000061 53.549361886000042)","Unfall 9053 (2023) Kat:3, Licht: 0","9053","3","3","5","09","15","5","","0","1","0","0","0"
"POINT (10.028817916000037 53.547737584000060)","Unfall 9054 (2023) Kat:2, Licht: 0","9054","2","4","6","09","15","4","","0","1","0","1","0"
"POINT (9.995937776000062 53.593957614000033)","Unfall 9055 (2023) Kat:2, Licht: 2","9055","2","2","3","09","23","4","","2","1","1","0","0"
"POINT (10.017546369000058 53.586568110000030)","Unfall 9056 (2023) Kat:3, Licht: 0","9056","3","2","3","09","15","4","","0","0","0","0","0"
"POINT (9.917007855000065 53.610842598000033)","Unfall 9057 (2023) Kat:3, Licht: 0","9057","3","6","2","09","15","4","","0","0","1","0","0"
"POINT (9.921038078000038 53.518145354000069)","Unfall 9058 (2023) Kat:3, Licht: 0","9058","3","6","2","09","16","4","","0","0","1","0","0"
"POINT (9.955046023000023 53.561277507000057)","Unfall 9059 (2023) Kat:3, Licht: 0","9059","3","2","3","09","12","4","","0","1","1","0","0"
"POINT (9.983152020000034 53.548445833000073)","Unfall 9060 (2023) Kat:3, Licht: 0","9060","3","4","6","09","15","4","","0","0","1","1","0"
"POINT (9.854969341000071 53.572021047000078)","Unfall 9061 (2023) Kat:3, Licht: 0","9061","3","2","3","09","14","3","","0","0","1","0","0"
"POINT (9.909792481000068 53.627373062000061)","Unfall 9062 (2023) Kat:3, Licht: 2","9062","3","3","5","09","22","3","","2","1","1","0","0"
"POINT (9.990199954000047 53.457487359000027)","Unfall 9063 (2023) Kat:3, Licht: 0","9063","3","7","0","09","14","2","","0","0","0","0","1"
"POINT (9.852364413000032 53.572308114000066)","Unfall 9064 (2023) Kat:3, Licht: 0","9064","3","2","3","09","15","2","","0","1","1","0","0"
"POINT (9.968623615000070 53.585990226000035)","Unfall 9065 (2023) Kat:3, Licht: 0","9065","3","4","6","09","14","2","","0","0","1","1","0"
"POINT (9.968380491000062 53.586705596000058)","Unfall 9066 (2023) Kat:3, Licht: 0","9066","3","7","6","09","18","2","","0","1","0","1","0"
"POINT (9.944996000000060 53.563732486000049)","Unfall 9067 (2023) Kat:3, Licht: 0","9067","3","5","1","09","17","2","","0","0","1","0","0"
"POINT (9.965963215000045 53.553022610000028)","Unfall 9068 (2023) Kat:3, Licht: 0","9068","3","6","4","09","07","2","","0","1","0","0","0"
"POINT (9.846923494000066 53.572871968000072)","Unfall 9069 (2023) Kat:3, Licht: 0","9069","3","2","4","09","17","2","","0","1","1","0","0"
"POINT (10.019401502000051 53.582505683000079)","Unfall 9070 (2023) Kat:3, Licht: 2","9070","3","7","0","09","21","1","","2","1","0","0","0"
"POINT (9.992345016000058 53.547230592000062)","Unfall 9073 (2023) Kat:3, Licht: 2","9073","3","1","8","09","01","1","","2","0","1","0","0"
"POINT (10.027940696000030 53.548473039000044)","Unfall 9074 (2023) Kat:3, Licht: 0","9074","3","7","0","09","14","7","","0","1","0","0","0"
"POINT (10.032949375000044 53.565466881000077)","Unfall 9075 (2023) Kat:3, Licht: 0","9075","3","7","0","09","09","7","","0","1","0","0","0"
"POINT (9.852666532000057 53.572267145000069)","Unfall 9076 (2023) Kat:3, Licht: 0","9076","3","7","0","09","16","7","","0","0","0","0","0"
"POINT (9.993218133000028 53.547271456000033)","Unfall 9077 (2023) Kat:3, Licht: 2","9077","3","6","2","09","02","7","","2","0","1","0","0"
"POINT (10.023550183000054 53.523720964000063)","Unfall 9079 (2023) Kat:3, Licht: 0","9079","3","6","3","09","11","6","","0","0","1","0","0"
"POINT (9.961449920000064 53.604949634000036)","Unfall 9080 (2023) Kat:3, Licht: 0","9080","3","5","1","09","17","6","","0","1","1","0","0"
"POINT (9.938440639000021 53.575992857000074)","Unfall 9081 (2023) Kat:3, Licht: 0","9081","3","2","3","09","09","6","","0","1","0","0","0"
"POINT (9.880138311000053 53.472037827000065)","Unfall 9082 (2023) Kat:3, Licht: 0","9082","3","1","0","09","17","5","","0","0","0","0","1"
"POINT (10.147199082000043 53.543740562000039)","Unfall 9083 (2023) Kat:3, Licht: 2","9083","3","7","8","09","04","5","","2","0","0","0","0"
"POINT (10.006337494000036 53.591637550000030)","Unfall 9085 (2023) Kat:3, Licht: 0","9085","3","7","0","09","18","5","","0","1","0","0","0"
"POINT (10.034467277000033 53.564201409000077)","Unfall 9087 (2023) Kat:2, Licht: 0","9087","2","2","3","09","16","5","","0","1","0","0","0"
"POINT (10.185313545000042 53.502567992000081)","Unfall 9088 (2023) Kat:3, Licht: 0","9088","3","7","0","09","16","4","","0","0","0","0","0"
"POINT (10.097915901000022 53.509907072000033)","Unfall 9089 (2023) Kat:2, Licht: 0","9089","2","6","2","09","12","4","","0","0","1","0","0"
"POINT (9.926098270000068 53.563676541000063)","Unfall 9090 (2023) Kat:3, Licht: 2","9090","3","7","0","09","20","4","","2","0","0","0","0"
"POINT (9.931586546000062 53.433701449000068)","Unfall 9091 (2023) Kat:3, Licht: 0","9091","3","6","3","09","13","3","","0","0","1","0","0"
"POINT (10.019039836000047 53.579260463000082)","Unfall 9092 (2023) Kat:3, Licht: 0","9092","3","6","4","09","18","3","","0","1","0","0","0"
"POINT (9.952110966000021 53.613598105000051)","Unfall 9093 (2023) Kat:3, Licht: 0","9093","3","7","0","09","10","3","","0","1","0","0","0"
"POINT (9.987675820000049 53.603425566000055)","Unfall 9094 (2023) Kat:3, Licht: 0","9094","3","3","5","09","08","3","","0","0","1","0","0"
"POINT (9.919369430000074 53.471994936000044)","Unfall 9095 (2023) Kat:3, Licht: 0","9095","3","3","5","09","18","2","","0","0","1","0","0"
"POINT (9.985871570000029 53.451088953000067)","Unfall 9096 (2023) Kat:3, Licht: 2","9096","3","7","8","09","05","2","","2","0","0","0","1"
"POINT (10.209776221000027 53.487681526000074)","Unfall 9097 (2023) Kat:3, Licht: 0","9097","3","7","0","09","11","2","","0","1","0","0","0"
"POINT (10.031715335000058 53.566494638000052)","Unfall 9098 (2023) Kat:3, Licht: 0","9098","3","6","3","09","08","2","","0","0","1","0","0"
"POINT (9.927956255000026 53.641010045000030)","Unfall 9099 (2023) Kat:3, Licht: 0","9099","3","6","2","09","07","2","","0","0","1","0","0"
"POINT (10.033610405000047 53.541301787000066)","Unfall 9100 (2023) Kat:3, Licht: 0","9100","3","2","3","09","11","1","","0","1","1","0","0"
"POINT (10.032232151000073 53.539064888000041)","Unfall 9101 (2023) Kat:3, Licht: 0","9101","3","6","3","09","09","7","","0","0","1","0","0"
"POINT (9.850525351000044 53.572537096000076)","Unfall 9103 (2023) Kat:3, Licht: 0","9103","3","2","4","09","10","7","","0","1","1","0","0"
"POINT (9.908187870000063 53.620411922000073)","Unfall 9104 (2023) Kat:3, Licht: 0","9104","3","3","5","09","18","7","","0","0","1","0","0"
"POINT (10.032404895000070 53.543152291000069)","Unfall 9106 (2023) Kat:3, Licht: 2","9106","3","6","2","09","20","6","","2","0","1","0","0"
"POINT (10.083115802000066 53.544922158000077)","Unfall 9107 (2023) Kat:3, Licht: 0","9107","3","3","5","09","17","5","","0","0","1","0","0"
"POINT (9.932752224000069 53.585896087000037)","Unfall 9108 (2023) Kat:3, Licht: 0","9108","3","2","3","09","13","5","","0","1","1","0","0"
"POINT (9.915954715000055 53.585899783000059)","Unfall 9109 (2023) Kat:3, Licht: 0","9109","3","6","3","09","18","5","","0","0","1","0","0"
"POINT (9.897498579000057 53.558100824000064)","Unfall 9110 (2023) Kat:3, Licht: 0","9110","3","6","2","09","15","5","","0","0","1","0","0"
"POINT (9.931011356000056 53.629334649000043)","Unfall 9111 (2023) Kat:3, Licht: 0","9111","3","2","4","09","18","5","","0","1","1","0","0"
"POINT (9.984377439000070 53.548187139000049)","Unfall 9112 (2023) Kat:3, Licht: 0","9112","3","3","5","09","18","5","","0","1","0","0","0"
"POINT (10.038022918000024 53.560432636000030)","Unfall 9113 (2023) Kat:2, Licht: 0","9113","2","2","4","09","08","4","","0","0","1","0","1"
"POINT (9.918816181000068 53.607014335000031)","Unfall 9114 (2023) Kat:3, Licht: 0","9114","3","6","2","09","15","4","","0","0","1","0","0"
"POINT (9.888497145000031 53.624204251000037)","Unfall 9115 (2023) Kat:3, Licht: 0","9115","3","6","2","09","14","4","","0","0","0","0","0"
"POINT (9.820176865000064 53.576842108000051)","Unfall 9117 (2023) Kat:3, Licht: 0","9117","3","1","0","09","18","4","","0","1","0","0","0"
"POINT (9.943210108000073 53.572375990000069)","Unfall 9119 (2023) Kat:3, Licht: 0","9119","3","3","5","09","09","4","","0","0","1","0","0"
"POINT (9.959376775000067 53.560269137000034)","Unfall 9120 (2023) Kat:3, Licht: 1","9120","3","6","4","09","17","4","","1","1","0","0","0"
"POINT (9.978500102000055 53.549323006000066)","Unfall 9121 (2023) Kat:3, Licht: 0","9121","3","4","6","09","07","4","","0","0","0","1","0"
"POINT (10.133227063000049 53.527489933000027)","Unfall 9122 (2023) Kat:3, Licht: 0","9122","3","6","1","09","10","3","","0","0","1","0","0"
"POINT (9.931342211000072 53.588720232000071)","Unfall 9123 (2023) Kat:3, Licht: 2","9123","3","2","6","10","00","7","","2","0","1","1","0"
"POINT (10.022556292000047 53.543373263000035)","Unfall 9124 (2023) Kat:2, Licht: 0","9124","2","3","5","09","19","3","","0","1","1","0","0"
"POINT (9.968638557000077 53.585947873000066)","Unfall 9125 (2023) Kat:3, Licht: 0","9125","3","3","5","09","16","3","","0","1","0","0","0"
"POINT (9.965351898000051 53.553599381000026)","Unfall 9126 (2023) Kat:3, Licht: 0","9126","3","7","0","09","11","3","","0","0","0","0","0"
"POINT (9.853219844000023 53.472567257000037)","Unfall 9127 (2023) Kat:3, Licht: 0","9127","3","2","5","09","12","5","","0","0","1","0","0"
"POINT (10.155824018000033 53.558733624000070)","Unfall 9128 (2023) Kat:3, Licht: 2","9128","3","1","7","09","22","2","","2","0","1","0","0"
"POINT (9.838471236000032 53.472158924000041)","Unfall 9129 (2023) Kat:3, Licht: 0","9129","3","2","4","09","12","7","","0","1","1","0","0"
"POINT (10.070793785000035 53.508472656000038)","Unfall 9130 (2023) Kat:3, Licht: 0","9130","3","6","3","09","09","7","","0","0","1","0","0"
"POINT (10.210634029000062 53.487373424000054)","Unfall 9132 (2023) Kat:3, Licht: 2","9132","3","2","4","09","04","7","","2","0","1","0","0"
"POINT (10.025551463000056 53.552941850000082)","Unfall 9133 (2023) Kat:3, Licht: 0","9133","3","4","6","12","11","6","","0","0","0","1","0"
"POINT (10.040577827000050 53.555538647000049)","Unfall 9134 (2023) Kat:3, Licht: 1","9134","3","2","4","09","05","7","","1","0","1","0","0"
"POINT (10.023299589000032 53.573437074000026)","Unfall 9136 (2023) Kat:3, Licht: 2","9136","3","1","1","09","23","7","","2","0","1","0","0"
"POINT (9.907519875000048 53.617834080000080)","Unfall 9137 (2023) Kat:3, Licht: 0","9137","3","3","5","09","07","7","","0","0","1","0","0"
"POINT (9.935491705000061 53.647110627000075)","Unfall 9138 (2023) Kat:3, Licht: 2","9138","3","7","0","09","23","7","","2","1","0","0","0"
"POINT (9.914056875000028 53.487406088000057)","Unfall 9139 (2023) Kat:3, Licht: 0","9139","3","6","2","09","08","6","","0","0","1","0","0"
"POINT (10.033173013000066 53.492834071000061)","Unfall 9140 (2023) Kat:3, Licht: 0","9140","3","1","9","09","12","6","","0","0","1","0","0"
"POINT (10.141057459000024 53.535454167000069)","Unfall 9141 (2023) Kat:3, Licht: 0","9141","3","6","2","09","14","6","","0","0","1","0","0"
"POINT (10.018608722000067 53.584859247000054)","Unfall 9142 (2023) Kat:3, Licht: 0","9142","3","7","3","09","09","6","","0","0","1","0","0"
"POINT (9.903037203000054 53.565064990000053)","Unfall 9143 (2023) Kat:3, Licht: 0","9143","3","6","2","09","14","6","","0","0","1","0","0"
"POINT (9.901586540000039 53.470972359000029)","Unfall 9144 (2023) Kat:3, Licht: 0","9144","3","6","2","08","20","5","","0","0","1","0","0"
"POINT (10.040570230000071 53.555566557000077)","Unfall 9146 (2023) Kat:3, Licht: 2","9146","3","3","5","08","22","5","","2","0","1","0","0"
"POINT (10.009271677000072 53.547920875000045)","Unfall 9147 (2023) Kat:3, Licht: 0","9147","3","2","3","08","07","5","","0","1","1","0","0"
"POINT (10.030971993000037 53.567112095000027)","Unfall 9148 (2023) Kat:3, Licht: 0","9148","3","6","2","08","15","5","","0","0","1","0","1"
"POINT (9.915497537000022 53.586287869000046)","Unfall 9149 (2023) Kat:3, Licht: 0","9149","3","6","3","08","11","4","","0","0","1","0","0"
"POINT (9.947258501000022 53.573360295000043)","Unfall 9150 (2023) Kat:3, Licht: 0","9150","3","6","2","08","16","4","","0","0","1","0","0"
"POINT (9.923137070000053 53.468557184000076)","Unfall 9151 (2023) Kat:3, Licht: 0","9151","3","6","2","08","08","3","","0","0","1","0","0"
"POINT (10.081882095000026 53.505577266000046)","Unfall 9154 (2023) Kat:3, Licht: 0","9154","3","6","3","08","10","3","","0","0","1","0","0"
"POINT (10.042362898000022 53.552622597000038)","Unfall 9155 (2023) Kat:3, Licht: 0","9155","3","4","6","08","08","3","","0","0","1","1","0"
"POINT (9.878120869000043 53.569611556000041)","Unfall 9156 (2023) Kat:1, Licht: 0","9156","1","2","3","08","16","3","","0","1","0","0","0"
"POINT (9.934347764000051 53.646908792000033)","Unfall 9157 (2023) Kat:3, Licht: 0","9157","3","7","4","08","16","3","","0","0","1","0","0"
"POINT (9.990501693000056 53.593100886000059)","Unfall 9158 (2023) Kat:3, Licht: 0","9158","3","6","3","08","16","3","","0","0","1","0","0"
"POINT (9.975494787000059 53.586951971000076)","Unfall 9159 (2023) Kat:3, Licht: 0","9159","3","7","0","08","07","3","","0","1","0","0","0"
"POINT (9.982866556000033 53.548503227000026)","Unfall 9160 (2023) Kat:2, Licht: 0","9160","2","1","8","08","11","3","","0","1","0","0","0"
"POINT (10.214913967000030 53.486048843000049)","Unfall 9162 (2023) Kat:3, Licht: 0","9162","3","6","4","08","17","2","","0","1","0","0","0"
"POINT (9.948914071000047 53.618152353000028)","Unfall 9163 (2023) Kat:3, Licht: 0","9163","3","2","3","08","15","2","","0","1","1","0","0"
"POINT (9.923453066000036 53.635124909000069)","Unfall 9164 (2023) Kat:3, Licht: 0","9164","3","6","3","08","07","2","","0","0","1","0","0"
"POINT (9.971384125000043 53.584676731000059)","Unfall 9166 (2023) Kat:3, Licht: 0","9166","3","6","0","08","07","2","","0","1","0","0","0"
"POINT (10.146796737000045 53.481781262000027)","Unfall 9168 (2023) Kat:3, Licht: 0","9168","3","1","0","08","11","1","","0","0","1","0","0"
"POINT (9.929313773000047 53.563485136000054)","Unfall 9169 (2023) Kat:3, Licht: 2","9169","3","3","5","08","22","1","","2","0","1","0","0"
"POINT (9.915749100000028 53.584732117000044)","Unfall 9170 (2023) Kat:3, Licht: 0","9170","3","6","2","08","17","1","","0","0","1","0","0"
"POINT (9.933245590000070 53.563661627000045)","Unfall 9171 (2023) Kat:3, Licht: 0","9171","3","7","0","08","08","7","","0","1","0","0","0"
"POINT (9.921415929000034 53.516080954000074)","Unfall 9174 (2023) Kat:3, Licht: 0","9174","3","6","2","08","10","7","","0","0","1","0","0"
"POINT (9.983928130000038 53.595714949000069)","Unfall 9175 (2023) Kat:3, Licht: 2","9175","3","7","0","08","21","7","","2","1","0","0","0"
"POINT (10.032323271000053 53.565987228000040)","Unfall 9176 (2023) Kat:3, Licht: 0","9176","3","6","2","08","13","6","","0","0","1","0","0"
"POINT (9.908809894000058 53.622839227000043)","Unfall 9178 (2023) Kat:3, Licht: 0","9178","3","6","2","08","13","6","","0","1","0","0","0"
"POINT (9.965237206000040 53.553729301000033)","Unfall 9179 (2023) Kat:3, Licht: 1","9179","3","4","6","08","22","6","","1","1","0","1","0"
"POINT (9.907519875000048 53.617834080000080)","Unfall 9180 (2023) Kat:3, Licht: 0","9180","3","7","0","08","16","5","","0","1","0","0","0"
"POINT (9.919223614000032 53.447833186000082)","Unfall 9181 (2023) Kat:3, Licht: 0","9181","3","6","2","08","12","4","","0","0","1","0","0"
"POINT (10.151889969000024 53.554914332000067)","Unfall 9182 (2023) Kat:2, Licht: 0","9182","2","6","2","08","15","4","","0","0","1","0","0"
"POINT (9.988305587000070 53.592553876000068)","Unfall 9183 (2023) Kat:3, Licht: 0","9183","3","6","3","08","12","4","","0","0","1","0","0"
"POINT (9.989125674000036 53.593166180000082)","Unfall 9184 (2023) Kat:3, Licht: 0","9184","3","7","0","08","17","4","","0","0","0","0","0"
"POINT (9.927635530000032 53.464251986000079)","Unfall 9185 (2023) Kat:3, Licht: 0","9185","3","6","2","08","08","3","","0","0","1","0","0"
"POINT (10.140158556000074 53.483132916000045)","Unfall 9187 (2023) Kat:3, Licht: 2","9187","3","7","4","08","02","3","","2","0","1","0","0"
"POINT (9.999855831000048 53.594461564000028)","Unfall 9188 (2023) Kat:3, Licht: 0","9188","3","3","5","08","07","3","","0","0","1","0","1"
"POINT (9.996573512000055 53.547501988000079)","Unfall 9189 (2023) Kat:3, Licht: 0","9189","3","3","0","08","18","3","","0","1","0","0","0"
"POINT (9.892553545000055 53.471807303000048)","Unfall 9190 (2023) Kat:3, Licht: 0","9190","3","2","3","08","10","2","","0","1","1","0","0"
"POINT (10.036900910000043 53.497735824000074)","Unfall 9191 (2023) Kat:3, Licht: 0","9191","3","6","3","08","16","2","","0","0","1","0","0"
"POINT (9.958424544000025 53.573160705000078)","Unfall 9193 (2023) Kat:3, Licht: 0","9193","3","6","2","08","16","2","","0","0","1","0","0"
"POINT (10.009571683000047 53.547921381000037)","Unfall 9194 (2023) Kat:3, Licht: 2","9194","3","6","3","08","22","1","","2","0","1","0","0"
"POINT (9.907531126000038 53.617877347000046)","Unfall 9196 (2023) Kat:3, Licht: 0","9196","3","3","5","08","07","1","","0","0","1","0","0"
"POINT (9.900777771000037 53.564829558000042)","Unfall 9197 (2023) Kat:3, Licht: 0","9197","3","6","2","08","14","1","","0","0","1","0","1"
"POINT (10.020804199000054 53.575594140000078)","Unfall 9199 (2023) Kat:3, Licht: 2","9199","3","7","0","08","21","7","","2","1","0","0","0"
"POINT (9.957642095000040 53.610654165000028)","Unfall 9200 (2023) Kat:3, Licht: 0","9200","3","6","2","08","14","7","","0","0","1","0","1"
"POINT (9.983921561000045 53.595365973000071)","Unfall 9201 (2023) Kat:3, Licht: 1","9201","3","6","2","08","20","7","","1","0","1","0","0"
"POINT (9.861472231000050 53.471424754000054)","Unfall 9202 (2023) Kat:3, Licht: 0","9202","3","7","3","08","18","6","","0","0","1","0","0"
"POINT (9.928322981000065 53.523334926000075)","Unfall 9204 (2023) Kat:1, Licht: 0","9204","1","6","2","08","06","6","","0","0","0","0","1"
"POINT (9.964181115000031 53.556784209000057)","Unfall 9206 (2023) Kat:3, Licht: 2","9206","3","6","3","08","22","6","","2","0","1","0","1"
"POINT (9.970954562000031 53.550307662000080)","Unfall 9207 (2023) Kat:3, Licht: 0","9207","3","4","6","08","16","6","","0","0","1","1","0"
"POINT (9.919115103000024 53.515433998000049)","Unfall 9208 (2023) Kat:3, Licht: 2","9208","3","6","4","08","00","6","","2","0","1","0","0"
"POINT (10.092611883000075 53.508515904000035)","Unfall 9210 (2023) Kat:3, Licht: 0","9210","3","6","2","08","11","5","","0","0","1","0","0"
"POINT (10.054344930000070 53.551497552000058)","Unfall 9212 (2023) Kat:3, Licht: 1","9212","3","6","3","08","20","5","","1","0","1","0","1"
"POINT (10.022696143000076 53.573945787000071)","Unfall 9213 (2023) Kat:3, Licht: 2","9213","3","7","6","08","05","5","","2","0","1","1","0"
"POINT (9.929228871000021 53.592084444000079)","Unfall 9214 (2023) Kat:3, Licht: 0","9214","3","6","2","08","10","5","","0","0","1","0","0"
"POINT (9.974830341000029 53.645659865000027)","Unfall 9215 (2023) Kat:3, Licht: 0","9215","3","6","2","08","11","5","","0","0","0","0","0"
"POINT (9.992855843000029 53.592743679000080)","Unfall 9216 (2023) Kat:3, Licht: 0","9216","3","7","0","08","14","5","","0","0","0","0","1"
"POINT (9.923101866000025 53.468585632000043)","Unfall 9218 (2023) Kat:3, Licht: 2","9218","3","6","2","08","22","4","","2","0","1","0","0"
"POINT (10.026929693000056 53.458866113000056)","Unfall 9219 (2023) Kat:3, Licht: 0","9219","3","6","2","08","12","4","","0","0","1","0","0"
"POINT (9.974811913000053 53.465846438000028)","Unfall 9220 (2023) Kat:3, Licht: 0","9220","3","6","0","08","12","4","","0","0","1","0","0"
"POINT (10.106062227000052 53.512467871000069)","Unfall 9221 (2023) Kat:3, Licht: 0","9221","3","6","2","08","15","4","","0","0","1","0","0"
"POINT (9.928155077000042 53.592759847000082)","Unfall 9222 (2023) Kat:3, Licht: 2","9222","3","6","3","08","23","4","","2","0","1","0","0"
"POINT (9.920830711000065 53.563954630000069)","Unfall 9223 (2023) Kat:3, Licht: 0","9223","3","6","3","08","09","4","","0","1","0","0","0"
"POINT (9.973277338000059 53.549756105000029)","Unfall 9224 (2023) Kat:3, Licht: 0","9224","3","3","5","08","19","4","","0","0","1","0","1"
"POINT (9.994208727000057 53.547334577000072)","Unfall 9225 (2023) Kat:3, Licht: 0","9225","3","3","5","08","09","4","","0","1","0","0","0"
"POINT (10.028144310000073 53.453578729000071)","Unfall 9226 (2023) Kat:3, Licht: 0","9226","3","6","2","08","11","3","","0","0","1","0","0"
"POINT (10.072595041000056 53.508134052000059)","Unfall 9227 (2023) Kat:3, Licht: 0","9227","3","6","2","08","15","3","","0","0","1","0","0"
"POINT (9.969547002000070 53.583998220000069)","Unfall 9228 (2023) Kat:3, Licht: 0","9228","3","2","4","08","16","3","","0","1","1","0","0"
"POINT (10.039114272000063 53.500854763000063)","Unfall 9229 (2023) Kat:3, Licht: 0","9229","3","6","2","08","15","2","","0","0","1","0","0"