WKT,Name,OBJECTID,UKATEGORIE,UTYP1,UART,UMONAT,USTUNDE,UWOCHENTAG,STRZUSTAND,ULICHTVERH,ISTRAD,ISTPKW,ISTFUSS,ISTKRAD
"POINT (10.018662636000045 53.584768164000081)","Unfall 9447 (2023) Kat:3, Licht: 0","9447","3","2","6","08","15","5","","0","0","1","1","0"
"POINT (9.914164660000040 53.484296402000041)","Unfall 9448 (2023) Kat:3, Licht: 0","9448","3","6","2","06","17","6","","0","0","1","0","0"
"POINT (10.029414819000067 53.449250549000055)","Unfall 9449 (2023) Kat:3, Licht: 2","9449","3","7","9","06","03","6","","2","0","0","0","0"
"POINT (9.780939792000027 53.580688695000049)","Unfall 9450 (2023) Kat:3, Licht: 0","9450","3","3","5","06","11","6","","0","1","1","0","0"
"POINT (9.957959391000031 53.647542045000080)","Unfall 9451 (2023) Kat:3, Licht: 0","9451","3","6","2","06","15","6","","0","0","1","0","0"
"POINT (9.963587872000062 53.558185837000053)","Unfall 9452 (2023) Kat:2, Licht: 2","9452","2","3","5","06","23","6","","2","1","1","0","0"
"POINT (9.819071352000037 53.577014196000050)","Unfall 9453 (2023) Kat:3, Licht: 0","9453","3","7","0","06","17","5","","0","0","0","0","0"
"POINT (9.898605917000054 53.562630101000082)","Unfall 9454 (2023) Kat:3, Licht: 0","9454","3","6","3","06","16","5","","0","0","1","0","0"
"POINT (9.999537985000075 53.547654593000061)","Unfall 9455 (2023) Kat:3, Licht: 0","9455","3","6","2","06","06","5","","0","0","1","0","0"
"POINT (10.095999766000034 53.509557062000056)","Unfall 9456 (2023) Kat:2, Licht: 0","9456","2","6","2","06","15","4","","0","0","1","0","0"
"POINT (10.128891982000027 53.567228709000062)","Unfall 9457 (2023) Kat:3, Licht: 2","9457","3","1","9","06","02","4","","2","0","1","0","0"
"POINT (10.022415749000061 53.574185016000058)","Unfall 9458 (2023) Kat:2, Licht: 0","9458","2","7","0","06","08","4","","0","0","0","0","0"
"POINT (9.905950028000063 53.565650939000079)","Unfall 9459 (2023) Kat:3, Licht: 0","9459","3","6","2","06","14","4","","0","0","1","0","0"
"POINT (9.966069208000022 53.646035876000042)","Unfall 9460 (2023) Kat:3, Licht: 0","9460","3","6","2","06","08","4","","0","0","1","0","0"
"POINT (9.921763544000044 53.515534098000046)","Unfall 9461 (2023) Kat:3, Licht: 0","9461","3","6","3","06","18","4","","0","0","1","0","0"
"POINT (10.134342556000036 53.526902363000033)","Unfall 9462 (2023) Kat:3, Licht: 0","9462","3","6","2","06","19","3","","0","0","1","0","0"
"POINT (10.017393322000032 53.586783896000043)","Unfall 9463 (2023) Kat:3, Licht: 0","9463","3","6","3","06","19","3","","0","1","0","0","0"
"POINT (9.801513488000069 53.579629193000073)","Unfall 9464 (2023) Kat:3, Licht: 0","9464","3","3","5","10","15","4","","0","0","1","0","0"
"POINT (10.038493153000047 53.559866597000052)","Unfall 9465 (2023) Kat:3, Licht: 0","9465","3","6","2","06","14","2","","0","0","1","0","0"
"POINT (10.023238979000041 53.573487342000078)","Unfall 9466 (2023) Kat:3, Licht: 0","9466","3","5","3","06","16","2","","0","0","1","0","1"
"POINT (9.993562726000050 53.593037903000038)","Unfall 9467 (2023) Kat:3, Licht: 0","9467","3","6","4","07","17","3","","0","1","0","0","0"
"POINT (9.915846102000046 53.541932608000081)","Unfall 9468 (2023) Kat:3, Licht: 0","9468","3","6","1","06","17","2","","0","0","1","0","0"
"POINT (9.908608739000044 53.565760494000074)","Unfall 9470 (2023) Kat:3, Licht: 0","9470","3","7","0","06","13","2","","0","0","1","0","1"
"POINT (9.889058382000030 53.567826645000082)","Unfall 9471 (2023) Kat:3, Licht: 0","9471","3","6","2","06","12","2","","0","0","1","0","0"
"POINT (9.877095194000049 53.570009015000039)","Unfall 9472 (2023) Kat:3, Licht: 0","9472","3","2","3","06","09","2","","0","1","1","0","0"
"POINT (9.930925193000064 53.629394433000073)","Unfall 9473 (2023) Kat:3, Licht: 0","9473","3","2","2","06","17","2","","0","0","1","0","0"
"POINT (9.986140805000048 53.547793665000029)","Unfall 9474 (2023) Kat:3, Licht: 0","9474","3","2","3","06","08","2","","0","1","1","0","0"
"POINT (9.922920076000025 53.516020865000030)","Unfall 9476 (2023) Kat:3, Licht: 0","9476","3","6","2","06","16","2","","0","0","1","0","0"
"POINT (10.027130724000074 53.533267120000062)","Unfall 9477 (2023) Kat:3, Licht: 0","9477","3","6","4","06","10","1","","0","1","0","0","0"
"POINT (9.949545551000028 53.649388894000026)","Unfall 9479 (2023) Kat:3, Licht: 0","9479","3","6","2","06","12","1","","0","0","1","0","0"
"POINT (10.022992146000036 53.480057222000028)","Unfall 9480 (2023) Kat:3, Licht: 0","9480","3","6","2","06","12","7","","0","0","1","0","0"
"POINT (10.206158610000045 53.488242725000077)","Unfall 9481 (2023) Kat:3, Licht: 0","9481","3","2","3","06","12","7","","0","1","1","0","0"
"POINT (9.875968288000024 53.570411675000059)","Unfall 9482 (2023) Kat:3, Licht: 0","9482","3","2","5","06","18","7","","0","1","1","0","0"
"POINT (9.908620234000068 53.622050884000032)","Unfall 9483 (2023) Kat:3, Licht: 1","9483","3","6","2","06","21","7","","1","0","1","0","0"
"POINT (10.138685849000069 53.532818394000060)","Unfall 9484 (2023) Kat:3, Licht: 0","9484","3","6","3","09","18","5","","0","0","1","0","0"
"POINT (9.959371676000046 53.574542572000041)","Unfall 9485 (2023) Kat:3, Licht: 0","9485","3","6","2","06","14","7","","0","0","1","0","0"
"POINT (9.948361873000067 53.562379454000052)","Unfall 9486 (2023) Kat:3, Licht: 2","9486","3","4","6","06","23","7","","2","0","1","1","0"
"POINT (9.912655953000069 53.500826226000072)","Unfall 9488 (2023) Kat:3, Licht: 0","9488","3","6","2","06","12","6","","0","0","1","0","0"
"POINT (10.117299780000053 53.517260764000071)","Unfall 9489 (2023) Kat:3, Licht: 0","9489","3","6","2","06","15","6","","0","0","1","0","0"
"POINT (10.070868384000050 53.549356126000077)","Unfall 9490 (2023) Kat:3, Licht: 0","9490","3","6","2","06","07","6","","0","0","1","0","0"
"POINT (10.028188752000062 53.548165564000044)","Unfall 9492 (2023) Kat:3, Licht: 0","9492","3","7","7","06","07","6","","0","1","0","0","0"
"POINT (10.005118125000024 53.616608338000049)","Unfall 9493 (2023) Kat:3, Licht: 0","9493","3","6","2","06","17","6","","0","0","1","0","0"
"POINT (10.040675635000071 53.553420319000054)","Unfall 9494 (2023) Kat:3, Licht: 0","9494","3","6","6","06","07","5","","0","1","0","1","0"
"POINT (10.028800838000052 53.568866641000056)","Unfall 9497 (2023) Kat:2, Licht: 0","9497","2","1","9","06","16","5","","0","0","0","0","0"
"POINT (9.920893489000036 53.626896589000069)","Unfall 9498 (2023) Kat:3, Licht: 0","9498","3","6","2","06","13","5","","0","0","1","0","0"
"POINT (9.964199050000047 53.556731185000046)","Unfall 9499 (2023) Kat:3, Licht: 0","9499","3","6","2","06","16","5","","0","0","0","0","1"
"POINT (10.025545026000032 53.552892032000045)","Unfall 9500 (2023) Kat:3, Licht: 0","9500","3","7","6","06","07","4","","0","1","0","1","0"
"POINT (9.897679115000074 53.558636108000030)","Unfall 9502 (2023) Kat:3, Licht: 0","9502","3","1","8","06","07","4","","0","0","1","0","0"
"POINT (9.908780336000063 53.622626995000076)","Unfall 9503 (2023) Kat:3, Licht: 0","9503","3","7","0","06","07","4","","0","1","0","0","0"
"POINT (9.983252310000069 53.548425669000039)","Unfall 9504 (2023) Kat:3, Licht: 0","9504","3","2","0","06","18","4","","0","1","1","0","0"
"POINT (10.026486971000054 53.542479873000048)","Unfall 9506 (2023) Kat:3, Licht: 0","9506","3","2","6","06","07","3","","0","0","1","1","0"
"POINT (10.022254105000059 53.574323220000053)","Unfall 9507 (2023) Kat:3, Licht: 0","9507","3","6","4","08","15","3","","0","1","0","0","0"
"POINT (9.951309966000053 53.615155312000070)","Unfall 9508 (2023) Kat:3, Licht: 0","9508","3","6","3","06","10","3","","0","0","1","0","0"
"POINT (9.953354264000041 53.612828881000041)","Unfall 9509 (2023) Kat:3, Licht: 0","9509","3","5","5","06","07","3","","0","0","0","0","1"
"POINT (9.912690963000045 53.508694283000068)","Unfall 9510 (2023) Kat:3, Licht: 0","9510","3","6","2","06","16","2","","0","0","1","0","0"
"POINT (10.030074291000062 53.545745438000040)","Unfall 9511 (2023) Kat:3, Licht: 0","9511","3","6","2","06","08","2","","0","0","1","0","0"
"POINT (10.019083374000047 53.580257426000060)","Unfall 9512 (2023) Kat:3, Licht: 0","9512","3","3","5","06","18","2","","0","1","0","0","0"
"POINT (9.995098603000031 53.547388122000029)","Unfall 9513 (2023) Kat:3, Licht: 2","9513","3","1","0","06","01","2","","2","0","0","0","0"
"POINT (10.104645123000068 53.511978654000075)","Unfall 9515 (2023) Kat:3, Licht: 0","9515","3","6","3","06","16","1","","0","0","1","0","1"
"POINT (9.816497545000061 53.577416893000077)","Unfall 9517 (2023) Kat:3, Licht: 0","9517","3","1","8","06","12","1","","0","0","1","0","0"
"POINT (9.961624102000030 53.559285787000078)","Unfall 9518 (2023) Kat:3, Licht: 0","9518","3","4","6","06","16","1","","0","1","0","0","0"
"POINT (10.006970560000070 53.547959472000059)","Unfall 9519 (2023) Kat:3, Licht: 0","9519","3","6","3","06","15","1","","0","0","1","0","1"
"POINT (9.991914642000040 53.457569291000027)","Unfall 9521 (2023) Kat:3, Licht: 0","9521","3","6","2","06","15","7","","0","0","1","0","0"
"POINT (9.964058103000070 53.557306714000049)","Unfall 9522 (2023) Kat:3, Licht: 0","9522","3","6","3","06","19","7","","0","0","1","0","0"
"POINT (10.035775772000022 53.495950663000031)","Unfall 9523 (2023) Kat:3, Licht: 0","9523","3","6","2","06","13","6","","0","0","1","0","0"
"POINT (9.995959933000051 53.547456784000076)","Unfall 9524 (2023) Kat:3, Licht: 0","9524","3","6","3","06","10","6","","0","0","1","0","0"
"POINT (9.916240438000045 53.470461691000082)","Unfall 9525 (2023) Kat:3, Licht: 0","9525","3","6","2","06","16","5","","0","0","1","0","0"
"POINT (9.932835607000072 53.470920116000059)","Unfall 9527 (2023) Kat:2, Licht: 0","9527","2","2","4","06","20","5","","0","0","1","0","1"
"POINT (9.988009298000065 53.458493774000033)","Unfall 9529 (2023) Kat:3, Licht: 0","9529","3","6","2","06","11","5","","0","0","1","0","0"
"POINT (10.104793957000027 53.512187218000065)","Unfall 9530 (2023) Kat:3, Licht: 0","9530","3","6","2","06","16","5","","0","0","1","0","0"
"POINT (10.028419751000058 53.569179899000062)","Unfall 9531 (2023) Kat:3, Licht: 0","9531","3","7","0","06","10","5","","0","0","1","0","0"
"POINT (9.925485506000030 53.563710852000042)","Unfall 9532 (2023) Kat:3, Licht: 0","9532","3","5","5","06","17","5","","0","1","1","0","0"
"POINT (9.964136293000024 53.556916721000050)","Unfall 9534 (2023) Kat:3, Licht: 0","9534","3","6","4","09","11","7","","0","1","0","0","0"
"POINT (9.897224724000068 53.555773376000047)","Unfall 9535 (2023) Kat:3, Licht: 0","9535","3","6","2","06","11","5","","0","0","1","0","0"
"POINT (9.925550163000025 53.635020960000077)","Unfall 9536 (2023) Kat:2, Licht: 2","9536","2","1","9","06","23","5","","2","0","0","0","1"
"POINT (9.955420171000071 53.570538548000059)","Unfall 9537 (2023) Kat:3, Licht: 0","9537","3","6","3","06","10","5","","0","0","1","0","1"
"POINT (10.027895486000034 53.454437228000074)","Unfall 9538 (2023) Kat:3, Licht: 2","9538","3","6","2","06","22","4","","2","0","1","0","0"
"POINT (10.002132752000023 53.592606767000063)","Unfall 9539 (2023) Kat:3, Licht: 2","9539","3","2","3","10","20","6","","2","1","1","0","0"
"POINT (10.102624441000046 53.492363453000053)","Unfall 9540 (2023) Kat:3, Licht: 1","9540","3","7","0","06","04","4","","1","0","1","0","0"
"POINT (9.931095529000061 53.645900760000075)","Unfall 9541 (2023) Kat:3, Licht: 0","9541","3","7","4","06","14","4","","0","0","1","0","0"
"POINT (9.966117209000060 53.581737633000046)","Unfall 9542 (2023) Kat:3, Licht: 0","9542","3","6","2","06","16","4","","0","0","1","0","1"
"POINT (9.879557929000043 53.472019258000046)","Unfall 9544 (2023) Kat:2, Licht: 0","9544","2","6","4","10","15","6","","0","0","1","0","0"
"POINT (9.944877387000076 53.564023467000027)","Unfall 9545 (2023) Kat:3, Licht: 2","9545","3","7","0","06","23","4","","2","1","0","0","0"
"POINT (9.917221404000031 53.470488971000066)","Unfall 9546 (2023) Kat:3, Licht: 0","9546","3","6","2","06","14","3","","0","0","1","0","0"
"POINT (10.065518303000033 53.550148914000033)","Unfall 9547 (2023) Kat:3, Licht: 0","9547","3","5","5","06","16","3","","0","1","1","0","0"
"POINT (10.020781624000051 53.575613477000047)","Unfall 9548 (2023) Kat:3, Licht: 0","9548","3","5","5","06","14","3","","0","0","1","0","0"
"POINT (9.941851266000072 53.648727844000064)","Unfall 9549 (2023) Kat:3, Licht: 0","9549","3","6","2","06","17","3","","0","0","1","0","0"
"POINT (9.970795670000030 53.550385549000055)","Unfall 9550 (2023) Kat:3, Licht: 0","9550","3","6","3","06","11","3","","0","0","1","0","0"
"POINT (10.013986501000034 53.547374558000058)","Unfall 9551 (2023) Kat:3, Licht: 2","9551","3","1","0","06","01","1","","2","0","0","0","0"
"POINT (9.876381983000044 53.570263858000033)","Unfall 9552 (2023) Kat:3, Licht: 0","9552","3","2","4","08","16","2","","0","1","1","0","0"
"POINT (9.941082301000051 53.573049078000054)","Unfall 9553 (2023) Kat:2, Licht: 0","9553","2","6","2","06","17","1","","0","0","1","0","1"
"POINT (9.994425602000035 53.593389153000032)","Unfall 9554 (2023) Kat:3, Licht: 2","9554","3","7","0","06","00","7","","2","0","1","0","1"
"POINT (9.944027880000021 53.567655053000067)","Unfall 9556 (2023) Kat:3, Licht: 2","9556","3","7","0","06","22","7","","2","1","0","0","0"
"POINT (9.933228733000021 53.584933464000073)","Unfall 9557 (2023) Kat:3, Licht: 2","9557","3","7","0","06","23","6","","2","0","0","0","0"
"POINT (9.932158895000043 53.587087773000064)","Unfall 9558 (2023) Kat:3, Licht: 0","9558","3","6","2","06","16","6","","0","0","1","0","0"
"POINT (9.928291767000076 53.592467816000067)","Unfall 9559 (2023) Kat:3, Licht: 0","9559","3","2","6","06","13","6","","0","0","1","1","0"
"POINT (9.820209000000034 53.576837116000036)","Unfall 9560 (2023) Kat:3, Licht: 0","9560","3","5","5","06","16","6","","0","1","1","0","0"
"POINT (9.948760206000031 53.562295212000038)","Unfall 9561 (2023) Kat:3, Licht: 0","9561","3","6","0","06","19","6","","0","0","1","0","0"
"POINT (9.990597237000031 53.593096078000031)","Unfall 9562 (2023) Kat:3, Licht: 0","9562","3","2","5","06","15","6","","0","1","1","0","0"
"POINT (9.888664564000067 53.471945034000044)","Unfall 9563 (2023) Kat:2, Licht: 0","9563","2","2","5","06","09","5","","0","0","1","0","0"
"POINT (9.992745033000062 53.457566501000031)","Unfall 9565 (2023) Kat:3, Licht: 0","9565","3","2","3","06","16","5","","0","1","1","0","0"
"POINT (10.166727328000036 53.514559887000075)","Unfall 9566 (2023) Kat:2, Licht: 0","9566","2","3","5","06","19","5","","0","0","1","0","0"
"POINT (10.149279886000045 53.549020381000048)","Unfall 9567 (2023) Kat:3, Licht: 0","9567","3","6","2","06","17","5","","0","0","1","0","0"
"POINT (10.011153146000026 53.623788263000051)","Unfall 9568 (2023) Kat:3, Licht: 0","9568","3","1","0","06","17","5","","0","1","0","0","0"
"POINT (9.955588189000025 53.611661066000067)","Unfall 9570 (2023) Kat:3, Licht: 0","9570","3","6","4","06","15","5","","0","1","0","0","0"
"POINT (10.038886205000040 53.559251977000031)","Unfall 9571 (2023) Kat:3, Licht: 0","9571","3","6","3","06","15","6","","0","1","0","0","0"
"POINT (9.941080448000037 53.573050761000047)","Unfall 9572 (2023) Kat:3, Licht: 0","9572","3","7","0","06","08","5","","0","1","0","0","0"
"POINT (9.953516005000040 53.571130985000082)","Unfall 9573 (2023) Kat:3, Licht: 2","9573","3","7","0","06","23","5","","2","0","0","0","0"
"POINT (9.893616568000027 53.471771768000053)","Unfall 9574 (2023) Kat:3, Licht: 0","9574","3","7","6","05","11","4","","0","0","1","1","0"
"POINT (10.152232727000069 53.554806518000078)","Unfall 9575 (2023) Kat:3, Licht: 0","9575","3","6","3","05","11","4","","0","0","1","0","0"
"POINT (10.026102949000062 53.558079813000063)","Unfall 9576 (2023) Kat:3, Licht: 0","9576","3","6","2","05","17","4","","0","0","1","0","0"
"POINT (9.965830326000059 53.597084342000073)","Unfall 9577 (2023) Kat:3, Licht: 0","9577","3","6","3","05","08","4","","0","1","0","0","0"
"POINT (9.944573151000043 53.565110387000061)","Unfall 9579 (2023) Kat:3, Licht: 0","9579","3","2","2","05","17","4","","0","0","1","0","0"
"POINT (9.944097247000059 53.568964340000036)","Unfall 9580 (2023) Kat:3, Licht: 0","9580","3","6","2","05","17","4","","0","0","1","0","1"
"POINT (9.969867299000043 53.550851374000047)","Unfall 9582 (2023) Kat:3, Licht: 2","9582","3","2","5","05","22","4","","2","0","1","0","1"
"POINT (10.028946494000024 53.488200981000034)","Unfall 9583 (2023) Kat:3, Licht: 0","9583","3","6","2","05","11","3","","0","0","1","0","0"
"POINT (9.983470449000038 53.548382822000065)","Unfall 9584 (2023) Kat:3, Licht: 0","9584","3","4","6","05","08","3","","0","1","0","1","0"
"POINT (9.973954742000046 53.451395532000049)","Unfall 9585 (2023) Kat:3, Licht: 0","9585","3","1","8","05","16","1","","0","0","1","0","0"
"POINT (9.962928357000067 53.469478221000031)","Unfall 9586 (2023) Kat:3, Licht: 0","9586","3","3","5","05","09","1","","0","0","1","0","0"
"POINT (10.134627141000067 53.526793092000048)","Unfall 9587 (2023) Kat:3, Licht: 0","9587","3","2","5","05","19","1","","0","0","1","0","0"
"POINT (10.000599518000058 53.593153117000043)","Unfall 9588 (2023) Kat:3, Licht: 1","9588","3","1","7","05","21","1","","1","0","0","0","0"
"POINT (9.907545082000070 53.617931024000029)","Unfall 9589 (2023) Kat:3, Licht: 2","9589","3","3","5","05","23","1","","2","0","1","0","0"
"POINT (9.914409085000045 53.514844413000048)","Unfall 9590 (2023) Kat:3, Licht: 0","9590","3","6","3","05","13","7","","0","0","1","0","0"
"POINT (10.028081952000036 53.569443307000029)","Unfall 9593 (2023) Kat:3, Licht: 0","9593","3","2","5","05","12","6","","0","1","1","0","0"
"POINT (9.801571054000021 53.579620595000051)","Unfall 9594 (2023) Kat:3, Licht: 0","9594","3","6","1","05","14","6","","0","0","1","0","0"
"POINT (9.911956506000024 53.565550890000054)","Unfall 9595 (2023) Kat:3, Licht: 0","9595","3","6","2","05","18","6","","0","0","1","0","0"
"POINT (9.922996920000060 53.632691092000073)","Unfall 9596 (2023) Kat:3, Licht: 0","9596","3","6","2","05","09","6","","0","0","0","0","0"
"POINT (9.814445220000039 53.468927788000030)","Unfall 9597 (2023) Kat:3, Licht: 0","9597","3","6","4","05","15","5","","0","0","1","0","0"
"POINT (9.964312998000025 53.469165585000042)","Unfall 9598 (2023) Kat:3, Licht: 0","9598","3","3","5","05","11","5","","0","1","1","0","0"
"POINT (10.030744960000050 53.545280394000031)","Unfall 9599 (2023) Kat:3, Licht: 0","9599","3","2","3","05","12","5","","0","1","0","0","0"
"POINT (10.033267951000028 53.565201631000036)","Unfall 9600 (2023) Kat:3, Licht: 0","9600","3","2","3","05","08","5","","0","1","1","0","0"
"POINT (9.802363496000055 53.579500736000057)","Unfall 9601 (2023) Kat:3, Licht: 0","9601","3","5","5","05","09","5","","0","0","1","0","0"
"POINT (9.922280319000038 53.563873352000030)","Unfall 9602 (2023) Kat:3, Licht: 2","9602","3","6","2","12","20","4","","2","0","1","0","0"
"POINT (9.928229447000035 53.563530185000047)","Unfall 9603 (2023) Kat:3, Licht: 0","9603","3","7","1","05","18","5","","0","1","1","0","0"
"POINT (10.031859583000028 53.491260436000061)","Unfall 9604 (2023) Kat:3, Licht: 0","9604","3","6","3","05","07","4","","0","0","1","0","0"
"POINT (9.928480454000066 53.592339553000045)","Unfall 9605 (2023) Kat:3, Licht: 0","9605","3","3","5","05","13","4","","0","1","1","0","0"
"POINT (9.917285304000075 53.582858568000063)","Unfall 9606 (2023) Kat:3, Licht: 0","9606","3","7","3","05","12","4","","0","0","1","0","0"
"POINT (9.958610055000065 53.647537281000041)","Unfall 9607 (2023) Kat:3, Licht: 1","9607","3","6","2","05","20","4","","1","0","1","0","1"
"POINT (9.957875530000024 53.572543512000038)","Unfall 9608 (2023) Kat:3, Licht: 0","9608","3","7","0","05","18","4","","0","1","0","0","0"
"POINT (9.955521396000051 53.570516623000060)","Unfall 9609 (2023) Kat:3, Licht: 0","9609","3","1","0","05","20","4","","0","1","0","0","0"
"POINT (9.961259389000077 53.448008866000066)","Unfall 9610 (2023) Kat:3, Licht: 0","9610","3","3","5","05","07","3","","0","0","1","0","1"
"POINT (9.936852088000023 53.470995432000052)","Unfall 9611 (2023) Kat:3, Licht: 0","9611","3","6","2","05","06","3","","0","0","1","0","0"
"POINT (9.919087084000068 53.606522140000038)","Unfall 9612 (2023) Kat:3, Licht: 0","9612","3","6","3","05","16","3","","0","0","1","0","0"
"POINT (9.916460028000074 53.564457029000039)","Unfall 9613 (2023) Kat:3, Licht: 0","9613","3","3","5","05","08","3","","0","1","1","0","0"
"POINT (9.869314116000055 53.571261324000034)","Unfall 9614 (2023) Kat:3, Licht: 0","9614","3","6","1","05","08","3","","0","0","1","0","0"
"POINT (9.961207420000051 53.606394734000048)","Unfall 9615 (2023) Kat:3, Licht: 0","9615","3","3","5","05","17","3","","0","1","0","0","0"
"POINT (9.913823334000028 53.496049942000070)","Unfall 9616 (2023) Kat:3, Licht: 0","9616","3","6","2","05","07","2","","0","0","1","0","0"
"POINT (10.153127870000048 53.556427605000067)","Unfall 9617 (2023) Kat:3, Licht: 0","9617","3","3","5","05","14","2","","0","0","1","0","0"
"POINT (9.933759838000071 53.583211002000041)","Unfall 9618 (2023) Kat:3, Licht: 0","9618","3","3","5","05","15","6","","0","1","1","0","0"
"POINT (9.986029687000041 53.547813972000029)","Unfall 9619 (2023) Kat:3, Licht: 0","9619","3","6","2","05","12","2","","0","0","0","0","1"
"POINT (10.029168542000036 53.535539181000047)","Unfall 9620 (2023) Kat:3, Licht: 0","9620","3","6","2","05","16","1","","0","0","1","0","0"
"POINT (10.011635102000071 53.548049908000053)","Unfall 9621 (2023) Kat:2, Licht: 2","9621","2","1","9","05","01","1","","2","0","1","0","0"
"POINT (9.926871125000048 53.456547912000076)","Unfall 9622 (2023) Kat:3, Licht: 0","9622","3","6","2","05","13","7","","0","0","1","0","0"
"POINT (9.940421890000039 53.573741821000056)","Unfall 9623 (2023) Kat:3, Licht: 0","9623","3","6","2","05","19","7","","0","0","1","0","0"
"POINT (10.038698196000041 53.559563797000067)","Unfall 9624 (2023) Kat:3, Licht: 0","9624","3","2","3","05","16","6","","0","1","1","0","0"
"POINT (10.000453954000022 53.613504196000065)","Unfall 9625 (2023) Kat:3, Licht: 0","9625","3","6","2","05","16","5","","0","0","1","0","0"
"POINT (9.920606949000046 53.563967076000040)","Unfall 9627 (2023) Kat:3, Licht: 0","9627","3","6","2","05","12","5","","0","0","1","0","0"
"POINT (10.059884472000022 53.509230447000050)","Unfall 9628 (2023) Kat:3, Licht: 0","9628","3","6","2","05","19","4","","0","0","1","0","0"
"POINT (10.016571366000051 53.545503365000059)","Unfall 9629 (2023) Kat:3, Licht: 1","9629","3","1","0","05","20","4","","1","0","0","0","0"
"POINT (10.030693808000024 53.541102975000058)","Unfall 9630 (2023) Kat:3, Licht: 0","9630","3","6","2","05","11","4","","0","0","1","0","0"
"POINT (9.957940240000028 53.647546085000045)","Unfall 9631 (2023) Kat:3, Licht: 0","9631","3","6","2","05","14","4","","0","0","1","0","0"
"POINT (9.922551508000026 53.631260508000082)","Unfall 9632 (2023) Kat:2, Licht: 0","9632","2","6","2","05","13","4","","0","0","0","0","1"
"POINT (9.982966435000037 53.548483146000081)","Unfall 9633 (2023) Kat:3, Licht: 2","9633","3","6","2","05","23","4","","2","0","1","0","0"
"POINT (10.025630992000060 53.483762978000073)","Unfall 9634 (2023) Kat:3, Licht: 0","9634","3","6","2","05","12","3","","0","0","1","0","0"
"POINT (10.083760847000065 53.503676792000078)","Unfall 9636 (2023) Kat:3, Licht: 0","9636","3","6","3","05","06","3","","0","0","1","0","0"
"POINT (9.923076136000077 53.598341956000070)","Unfall 9637 (2023) Kat:3, Licht: 0","9637","3","6","2","05","18","3","","0","0","0","0","0"
"POINT (9.923050778000061 53.632864893000033)","Unfall 9638 (2023) Kat:3, Licht: 0","9638","3","6","2","05","10","3","","0","0","0","0","0"
"POINT (9.969127564000075 53.584755595000047)","Unfall 9639 (2023) Kat:3, Licht: 2","9639","3","7","0","05","22","3","","2","1","0","0","0"
"POINT (9.948557907000065 53.562336873000049)","Unfall 9641 (2023) Kat:3, Licht: 0","9641","3","7","0","05","16","3","","0","1","0","0","0"
"POINT (9.959935267000048 53.575382926000032)","Unfall 9642 (2023) Kat:3, Licht: 0","9642","3","6","3","05","15","2","","0","1","0","0","0"
"POINT (9.964235848000044 53.556622393000055)","Unfall 9643 (2023) Kat:3, Licht: 0","9643","3","6","2","05","11","2","","0","0","1","0","0"
"POINT (10.010265858000025 53.547971340000061)","Unfall 9644 (2023) Kat:3, Licht: 0","9644","3","3","5","05","19","1","","0","1","1","0","0"
"POINT (9.909290965000025 53.625092068000072)","Unfall 9645 (2023) Kat:3, Licht: 0","9645","3","2","5","05","17","1","","0","0","1","0","1"
"POINT (10.029384535000077 53.560402961000079)","Unfall 9646 (2023) Kat:3, Licht: 0","9646","3","7","6","05","10","7","","0","1","0","1","0"
"POINT (9.952152241000022 53.613562421000040)","Unfall 9647 (2023) Kat:3, Licht: 0","9647","3","7","0","05","16","7","","0","1","0","0","0"
"POINT (9.980382807000069 53.549007789000029)","Unfall 9648 (2023) Kat:2, Licht: 0","9648","2","6","3","05","13","7","","0","0","0","0","1"
"POINT (9.990266820000045 53.457492310000077)","Unfall 9649 (2023) Kat:3, Licht: 0","9649","3","6","2","05","16","6","","0","0","1","0","0"
"POINT (9.975861876000067 53.587256470000057)","Unfall 9650 (2023) Kat:3, Licht: 0","9650","3","6","3","10","07","3","","0","1","1","0","0"
"POINT (10.203092220000030 53.490618167000036)","Unfall 9651 (2023) Kat:3, Licht: 0","9651","3","6","2","05","09","6","","0","0","1","0","0"
"POINT (10.033286164000060 53.563063262000071)","Unfall 9652 (2023) Kat:3, Licht: 0","9652","3","7","3","05","13","6","","0","0","1","0","0"
"POINT (9.955098587000066 53.561264598000037)","Unfall 9653 (2023) Kat:3, Licht: 0","9653","3","2","3","05","10","6","","0","1","1","0","0"
"POINT (10.025805525000067 53.552696705000074)","Unfall 9654 (2023) Kat:3, Licht: 0","9654","3","6","2","05","18","5","","0","0","1","0","0"
"POINT (9.944483949000073 53.566733861000046)","Unfall 9655 (2023) Kat:2, Licht: 0","9655","2","6","4","05","15","5","","0","1","0","0","0"
"POINT (9.966887775000032 53.552277571000047)","Unfall 9657 (2023) Kat:3, Licht: 0","9657","3","5","5","05","14","5","","0","1","0","0","0"
"POINT (9.850000541000043 53.472685296000066)","Unfall 9659 (2023) Kat:2, Licht: 0","9659","2","2","5","05","19","4","","0","0","1","0","0"
"POINT (10.027113558000053 53.556179346000079)","Unfall 9660 (2023) Kat:3, Licht: 0","9660","3","2","3","05","14","4","","0","0","1","0","0"
"POINT (9.933761732000050 53.583199054000033)","Unfall 9661 (2023) Kat:3, Licht: 0","9661","3","3","5","05","20","4","","0","1","1","0","0"
"POINT (10.024310739000043 53.542945929000041)","Unfall 9662 (2023) Kat:3, Licht: 0","9662","3","7","0","05","17","3","","0","1","0","0","0"
"POINT (10.032450132000065 53.540475572000048)","Unfall 9663 (2023) Kat:3, Licht: 0","9663","3","2","4","05","18","3","","0","1","1","0","0"
"POINT (9.998981261000040 53.594499802000030)","Unfall 9664 (2023) Kat:2, Licht: 0","9664","2","4","6","05","16","3","","0","0","1","1","0"
"POINT (9.976115377000042 53.646119569000064)","Unfall 9666 (2023) Kat:3, Licht: 2","9666","3","7","9","05","23","3","","2","0","0","0","1"