WKT,Name,OBJECTID,UKATEGORIE,UTYP1,UART,UMONAT,USTUNDE,UWOCHENTAG,STRZUSTAND,ULICHTVERH,ISTRAD,ISTPKW,ISTFUSS,ISTKRAD
"POINT (9.987212485000043 53.603745555000046)","Unfall 9667 (2023) Kat:3, Licht: 0","9667","3","6","2","05","09","2","","0","0","1","0","0"
"POINT (9.967196633000071 53.552062424000042)","Unfall 9668 (2023) Kat:3, Licht: 0","9668","3","6","3","05","17","2","","0","1","0","0","0"
"POINT (9.920932144000062 53.594684416000064)","Unfall 9670 (2023) Kat:3, Licht: 0","9670","3","6","3","05","11","7","","0","0","1","0","1"
"POINT (10.022148944000037 53.574412683000048)","Unfall 9671 (2023) Kat:3, Licht: 0","9671","3","3","5","05","15","6","","0","1","1","0","0"
"POINT (9.994025603000068 53.593227723000041)","Unfall 9672 (2023) Kat:3, Licht: 0","9672","3","4","6","05","18","5","","0","0","1","1","0"
"POINT (9.986277228000063 53.547768734000044)","Unfall 9674 (2023) Kat:3, Licht: 0","9674","3","2","4","05","10","5","","0","1","1","0","0"
"POINT (9.999710105000077 53.594506195000065)","Unfall 9675 (2023) Kat:3, Licht: 0","9675","3","3","5","05","18","4","","0","1","0","0","0"
"POINT (9.966708843000049 53.552418357000079)","Unfall 9677 (2023) Kat:3, Licht: 0","9677","3","6","2","08","11","7","","0","0","1","0","0"
"POINT (10.000672823000059 53.593086373000062)","Unfall 9678 (2023) Kat:3, Licht: 0","9678","3","2","3","05","16","4","","0","1","1","0","0"
"POINT (9.921522840000023 53.602802696000026)","Unfall 9680 (2023) Kat:3, Licht: 2","9680","3","6","3","05","16","3","","2","0","1","0","1"
"POINT (9.988522055000033 53.458074917000033)","Unfall 9681 (2023) Kat:3, Licht: 2","9681","3","3","3","04","22","1","","2","0","1","0","0"
"POINT (10.239496766000059 53.475838421000049)","Unfall 9682 (2023) Kat:3, Licht: 0","9682","3","7","9","04","12","1","","0","0","1","0","0"
"POINT (9.754090201000054 53.583344572000044)","Unfall 9683 (2023) Kat:2, Licht: 2","9683","2","6","2","04","22","7","","2","0","1","0","1"
"POINT (9.966743845000053 53.552390818000049)","Unfall 9685 (2023) Kat:3, Licht: 0","9685","3","4","6","04","15","7","","0","1","0","1","0"
"POINT (9.937353769000026 53.471007857000075)","Unfall 9686 (2023) Kat:3, Licht: 0","9686","3","6","2","04","07","6","","0","0","1","0","0"
"POINT (10.052304883000033 53.509371959000077)","Unfall 9687 (2023) Kat:3, Licht: 0","9687","3","6","2","04","10","6","","0","0","1","0","0"
"POINT (9.924908026000026 53.594755979000070)","Unfall 9688 (2023) Kat:3, Licht: 0","9688","3","6","2","04","17","6","","0","0","1","0","0"
"POINT (9.950147634000075 53.470775793000030)","Unfall 9690 (2023) Kat:3, Licht: 0","9690","3","6","3","04","16","5","","0","0","1","0","0"
"POINT (9.926656767000054 53.467200165000065)","Unfall 9691 (2023) Kat:3, Licht: 2","9691","3","1","0","04","00","5","","2","0","0","0","1"
"POINT (10.037726213000042 53.498318893000032)","Unfall 9692 (2023) Kat:2, Licht: 2","9692","2","6","2","04","01","5","","2","0","0","0","0"
"POINT (10.025177604000021 53.521100806000049)","Unfall 9693 (2023) Kat:3, Licht: 0","9693","3","6","3","04","12","5","","0","0","0","0","1"
"POINT (10.117298204000065 53.485756656000035)","Unfall 9694 (2023) Kat:3, Licht: 0","9694","3","7","0","04","08","5","","0","0","0","0","1"
"POINT (10.021153969000068 53.575284530000033)","Unfall 9695 (2023) Kat:2, Licht: 0","9695","2","3","5","04","15","5","","0","1","1","0","0"
"POINT (9.965850156000045 53.597033225000075)","Unfall 9697 (2023) Kat:3, Licht: 1","9697","3","7","3","11","16","4","","1","0","0","0","1"
"POINT (9.848602346000064 53.472742707000066)","Unfall 9698 (2023) Kat:3, Licht: 0","9698","3","5","5","04","11","4","","0","0","1","0","0"
"POINT (9.962032344000022 53.559035586000050)","Unfall 9699 (2023) Kat:3, Licht: 2","9699","3","6","3","12","07","5","","2","0","1","0","0"
"POINT (10.108064329000058 53.513336795000043)","Unfall 9700 (2023) Kat:3, Licht: 0","9700","3","6","2","04","09","4","","0","0","1","0","0"
"POINT (9.943612975000065 53.572169360000032)","Unfall 9702 (2023) Kat:3, Licht: 2","9702","3","6","2","07","02","7","","2","0","1","0","0"
"POINT (10.039464719000023 53.557822968000039)","Unfall 9703 (2023) Kat:3, Licht: 0","9703","3","3","0","04","08","4","","0","1","1","0","0"
"POINT (9.966735256000050 53.449901705000059)","Unfall 9704 (2023) Kat:3, Licht: 0","9704","3","3","5","04","07","3","","0","1","1","0","0"
"POINT (9.945537082000044 53.471040053000081)","Unfall 9705 (2023) Kat:3, Licht: 0","9705","3","3","5","04","06","3","","0","1","1","0","0"
"POINT (10.030391967000071 53.545337095000036)","Unfall 9706 (2023) Kat:3, Licht: 0","9706","3","2","3","04","15","3","","0","1","1","0","0"
"POINT (9.995908620000023 53.593945599000051)","Unfall 9707 (2023) Kat:3, Licht: 0","9707","3","2","0","04","19","3","","0","1","0","0","0"
"POINT (9.914008157000069 53.492883052000082)","Unfall 9708 (2023) Kat:3, Licht: 0","9708","3","6","3","08","18","4","","0","0","1","0","0"
"POINT (9.924978875000022 53.594709487000046)","Unfall 9709 (2023) Kat:3, Licht: 0","9709","3","3","5","07","19","6","","0","1","0","0","0"
"POINT (9.987837238000054 53.603628453000056)","Unfall 9710 (2023) Kat:3, Licht: 0","9710","3","3","5","04","14","3","","0","1","1","0","0"
"POINT (10.151903996000044 53.554934266000032)","Unfall 9711 (2023) Kat:3, Licht: 0","9711","3","6","3","04","12","2","","0","0","1","0","0"
"POINT (10.030936292000035 53.537393633000079)","Unfall 9712 (2023) Kat:3, Licht: 0","9712","3","6","2","04","09","2","","0","0","1","0","0"
"POINT (9.964887141000077 53.554259450000075)","Unfall 9713 (2023) Kat:3, Licht: 0","9713","3","7","6","04","08","2","","0","0","1","1","0"
"POINT (9.914733584000032 53.480525135000050)","Unfall 9715 (2023) Kat:3, Licht: 0","9715","3","6","2","04","13","1","","0","0","1","0","0"
"POINT (10.022892179000053 53.475507187000062)","Unfall 9717 (2023) Kat:3, Licht: 0","9717","3","6","2","04","12","1","","0","0","1","0","0"
"POINT (9.986501720000035 53.547731919000057)","Unfall 9718 (2023) Kat:3, Licht: 0","9718","3","3","5","04","09","1","","0","1","1","0","0"
"POINT (9.925744655000074 53.520010810000031)","Unfall 9719 (2023) Kat:3, Licht: 0","9719","3","2","3","04","13","1","","0","0","1","0","0"
"POINT (9.986252220000040 53.547773304000032)","Unfall 9720 (2023) Kat:3, Licht: 1","9720","3","2","3","04","19","7","","1","1","1","0","0"
"POINT (10.019279512000026 53.576961165000057)","Unfall 9721 (2023) Kat:3, Licht: 0","9721","3","6","0","04","08","6","","0","0","1","0","0"
"POINT (9.973279083000023 53.549755867000044)","Unfall 9722 (2023) Kat:3, Licht: 0","9722","3","3","5","04","19","6","","0","0","1","0","0"
"POINT (10.027932247000024 53.486536890000082)","Unfall 9723 (2023) Kat:3, Licht: 0","9723","3","6","2","04","15","5","","0","0","1","0","0"
"POINT (9.926293903000044 53.538327325000068)","Unfall 9724 (2023) Kat:2, Licht: 0","9724","2","6","2","04","09","5","","0","0","1","0","0"
"POINT (9.973951290000059 53.586539356000060)","Unfall 9725 (2023) Kat:3, Licht: 0","9725","3","3","5","04","17","5","","0","1","1","0","0"
"POINT (10.043782978000024 53.509604428000046)","Unfall 9726 (2023) Kat:3, Licht: 2","9726","3","6","0","04","23","4","","2","0","1","0","0"
"POINT (9.927878297000063 53.592952717000060)","Unfall 9727 (2023) Kat:3, Licht: 2","9727","3","7","6","08","21","6","","2","0","0","1","0"
"POINT (10.027096588000063 53.555906409000045)","Unfall 9728 (2023) Kat:3, Licht: 0","9728","3","6","2","04","17","4","","0","0","1","0","1"
"POINT (9.897918983000068 53.622260251000057)","Unfall 9729 (2023) Kat:3, Licht: 0","9729","3","6","2","04","13","4","","0","0","1","0","0"
"POINT (9.801329419000069 53.579657744000031)","Unfall 9731 (2023) Kat:3, Licht: 0","9731","3","3","5","04","20","4","","0","1","1","0","0"
"POINT (9.947761478000075 53.562509865000038)","Unfall 9732 (2023) Kat:3, Licht: 0","9732","3","6","3","04","17","1","","0","0","1","0","1"
"POINT (9.907847076000053 53.646886839000047)","Unfall 9733 (2023) Kat:3, Licht: 0","9733","3","4","6","04","16","3","","0","0","1","1","0"
"POINT (9.918459932000076 53.607743428000049)","Unfall 9734 (2023) Kat:3, Licht: 0","9734","3","6","3","04","18","2","","0","0","1","0","0"
"POINT (9.907536293000021 53.617897221000078)","Unfall 9735 (2023) Kat:3, Licht: 0","9735","3","6","3","04","14","1","","0","0","1","0","1"
"POINT (9.945094520000055 53.471071055000039)","Unfall 9736 (2023) Kat:3, Licht: 0","9736","3","6","2","04","13","7","","0","0","1","0","0"
"POINT (10.026933642000074 53.555655958000045)","Unfall 9740 (2023) Kat:2, Licht: 0","9740","2","1","0","04","11","7","","0","0","0","0","1"
"POINT (10.131882410000060 53.526327797000079)","Unfall 9741 (2023) Kat:3, Licht: 0","9741","3","6","2","04","12","6","","0","0","1","0","0"
"POINT (10.032527524000045 53.540548610000030)","Unfall 9743 (2023) Kat:3, Licht: 0","9743","3","6","2","04","14","6","","0","0","1","0","0"
"POINT (9.915645090000055 53.582940399000051)","Unfall 9744 (2023) Kat:3, Licht: 0","9744","3","6","2","04","14","6","","0","0","1","0","0"
"POINT (10.033574081000040 53.493314623000060)","Unfall 9746 (2023) Kat:3, Licht: 0","9746","3","6","2","08","10","3","","0","0","1","0","0"
"POINT (9.971987722000051 53.645422090000068)","Unfall 9747 (2023) Kat:3, Licht: 0","9747","3","6","2","04","08","6","","0","0","1","0","0"
"POINT (9.946566865000023 53.619147152000039)","Unfall 9748 (2023) Kat:3, Licht: 0","9748","3","2","0","11","07","5","","0","1","1","0","0"
"POINT (10.033334445000037 53.541964152000048)","Unfall 9749 (2023) Kat:3, Licht: 0","9749","3","6","2","04","09","5","","0","0","1","0","0"
"POINT (10.033189419000053 53.541593755000065)","Unfall 9752 (2023) Kat:3, Licht: 0","9752","3","6","2","04","08","5","","0","0","1","0","0"
"POINT (9.907522736000033 53.617845081000041)","Unfall 9753 (2023) Kat:3, Licht: 0","9753","3","3","5","04","18","4","","0","0","1","0","0"
"POINT (9.918863903000045 53.606476495000038)","Unfall 9755 (2023) Kat:3, Licht: 0","9755","3","6","3","04","07","4","","0","0","1","0","0"
"POINT (9.942387990000043 53.571927140000071)","Unfall 9756 (2023) Kat:2, Licht: 0","9756","2","3","5","04","16","4","","0","0","0","0","0"
"POINT (9.952595430000031 53.613265151000064)","Unfall 9757 (2023) Kat:3, Licht: 0","9757","3","6","4","04","14","3","","0","0","1","0","0"
"POINT (9.953035349000061 53.470626375000052)","Unfall 9758 (2023) Kat:3, Licht: 0","9758","3","3","5","12","13","6","","0","0","1","0","0"
"POINT (9.977936223000029 53.549360458000081)","Unfall 9759 (2023) Kat:3, Licht: 0","9759","3","7","0","08","13","3","","0","0","0","1","0"
"POINT (9.907519875000048 53.617834080000080)","Unfall 9760 (2023) Kat:3, Licht: 0","9760","3","6","2","04","17","1","","0","0","1","0","0"
"POINT (9.973982938000063 53.549630501000081)","Unfall 9761 (2023) Kat:2, Licht: 2","9761","2","6","2","04","22","7","","2","0","1","0","0"
"POINT (9.914429183000038 53.482058580000057)","Unfall 9762 (2023) Kat:3, Licht: 0","9762","3","6","2","04","12","5","","0","0","1","0","0"
"POINT (9.930415596000046 53.427926082000056)","Unfall 9764 (2023) Kat:3, Licht: 0","9764","3","6","2","04","13","5","","0","0","1","0","0"
"POINT (10.032354284000064 53.540438587000040)","Unfall 9765 (2023) Kat:3, Licht: 0","9765","3","3","5","04","07","5","","0","0","1","0","0"
"POINT (10.031270720000066 53.561290419000045)","Unfall 9767 (2023) Kat:3, Licht: 0","9767","3","2","3","04","14","5","","0","1","1","0","0"
"POINT (10.022495137000021 53.574117140000055)","Unfall 9768 (2023) Kat:3, Licht: 0","9768","3","5","1","04","16","5","","0","0","1","0","0"
"POINT (9.908194758000036 53.620439873000066)","Unfall 9769 (2023) Kat:3, Licht: 0","9769","3","2","4","04","15","5","","0","0","1","0","1"
"POINT (9.968791184000054 53.467750546000048)","Unfall 9770 (2023) Kat:3, Licht: 0","9770","3","6","2","04","14","4","","0","0","1","0","0"
"POINT (10.027438155000027 53.533599042000048)","Unfall 9771 (2023) Kat:3, Licht: 0","9771","3","3","5","04","12","4","","0","1","1","0","0"
"POINT (10.008531035000033 53.591101388000027)","Unfall 9772 (2023) Kat:3, Licht: 0","9772","3","6","2","04","14","4","","0","0","1","0","0"
"POINT (10.000480056000072 53.593290028000069)","Unfall 9773 (2023) Kat:3, Licht: 2","9773","3","1","0","04","03","4","","2","0","0","0","0"
"POINT (9.915856010000027 53.513355083000079)","Unfall 9774 (2023) Kat:3, Licht: 0","9774","3","6","2","04","08","3","","0","0","1","0","0"
"POINT (10.038204095000026 53.498982087000059)","Unfall 9775 (2023) Kat:3, Licht: 0","9775","3","6","2","04","16","3","","0","0","1","0","0"
"POINT (9.939794465000034 53.471074912000063)","Unfall 9776 (2023) Kat:2, Licht: 0","9776","2","6","4","04","19","2","","0","0","1","0","0"
"POINT (10.157256007000058 53.559589072000051)","Unfall 9777 (2023) Kat:3, Licht: 0","9777","3","6","3","04","08","2","","0","0","1","0","0"
"POINT (10.017499800000053 53.586633770000049)","Unfall 9778 (2023) Kat:3, Licht: 0","9778","3","6","3","04","16","2","","0","0","0","0","0"
"POINT (9.948793688000023 53.573372507000045)","Unfall 9780 (2023) Kat:3, Licht: 0","9780","3","6","2","04","12","1","","0","0","1","0","0"
"POINT (10.028453231000071 53.453595034000045)","Unfall 9781 (2023) Kat:3, Licht: 0","9781","3","6","2","04","15","7","","0","0","1","0","0"
"POINT (9.927279785000053 53.470713755000077)","Unfall 9783 (2023) Kat:3, Licht: 0","9783","3","2","5","03","17","6","","0","0","1","0","0"
"POINT (10.026061506000076 53.520719169000074)","Unfall 9784 (2023) Kat:3, Licht: 0","9784","3","6","2","03","14","6","","0","0","1","0","0"
"POINT (10.213551143000075 53.486333643000080)","Unfall 9785 (2023) Kat:2, Licht: 2","9785","2","4","6","03","21","6","","2","0","1","1","0"
"POINT (9.845705000000066 53.472759929000063)","Unfall 9786 (2023) Kat:3, Licht: 0","9786","3","5","5","08","12","6","","0","0","1","0","0"
"POINT (10.027706349000027 53.548771904000034)","Unfall 9787 (2023) Kat:3, Licht: 0","9787","3","5","5","03","10","6","","0","1","1","0","0"
"POINT (9.913951274000055 53.494297889000052)","Unfall 9789 (2023) Kat:3, Licht: 0","9789","3","6","2","03","08","5","","0","0","1","0","0"
"POINT (10.217967395000073 53.487067730000035)","Unfall 9790 (2023) Kat:3, Licht: 0","9790","3","4","6","03","12","5","","0","0","0","1","0"
"POINT (10.032970623000040 53.540049944000032)","Unfall 9791 (2023) Kat:3, Licht: 0","9791","3","1","8","03","18","5","","0","0","1","0","0"
"POINT (10.010981672000071 53.548011828000028)","Unfall 9792 (2023) Kat:3, Licht: 0","9792","3","6","0","03","15","5","","0","0","1","0","0"
"POINT (9.939786389000062 53.574473496000053)","Unfall 9793 (2023) Kat:3, Licht: 2","9793","3","6","2","03","22","5","","2","0","1","0","0"
"POINT (10.185745104000034 53.472812148000060)","Unfall 9795 (2023) Kat:3, Licht: 0","9795","3","6","2","03","15","4","","0","0","1","0","0"
"POINT (9.969367309000063 53.583969551000052)","Unfall 9796 (2023) Kat:3, Licht: 0","9796","3","6","2","03","07","4","","0","0","1","0","1"
"POINT (9.969338796000045 53.551072375000047)","Unfall 9797 (2023) Kat:3, Licht: 2","9797","3","7","0","03","04","4","","2","1","0","0","0"
"POINT (10.131541082000069 53.526062779000029)","Unfall 9798 (2023) Kat:3, Licht: 0","9798","3","7","0","03","15","3","","0","0","1","0","0"
"POINT (10.003251813000077 53.592338548000043)","Unfall 9800 (2023) Kat:3, Licht: 0","9800","3","2","3","03","11","3","","0","1","1","0","0"
"POINT (10.016860336000036 53.587580347000028)","Unfall 9801 (2023) Kat:3, Licht: 0","9801","3","6","2","03","07","3","","0","0","1","0","0"
"POINT (9.941211336000038 53.572931867000079)","Unfall 9802 (2023) Kat:3, Licht: 0","9802","3","6","2","03","11","3","","0","0","1","0","0"
"POINT (9.944568259000050 53.565236431000073)","Unfall 9803 (2023) Kat:3, Licht: 1","9803","3","1","0","03","06","3","","1","0","0","0","1"
"POINT (9.958233188000065 53.517889651000075)","Unfall 9804 (2023) Kat:3, Licht: 0","9804","3","6","2","03","14","3","","0","0","1","0","0"
"POINT (9.955930092000074 53.518504702000030)","Unfall 9805 (2023) Kat:3, Licht: 0","9805","3","6","2","03","13","3","","0","0","0","0","0"
"POINT (9.862509930000044 53.471435830000075)","Unfall 9806 (2023) Kat:3, Licht: 0","9806","3","6","2","03","13","2","","0","0","1","0","0"
"POINT (10.129080280000039 53.523948502000053)","Unfall 9807 (2023) Kat:3, Licht: 2","9807","3","6","3","03","22","2","","2","0","1","0","0"
"POINT (10.027031246000035 53.570283466000035)","Unfall 9808 (2023) Kat:3, Licht: 0","9808","3","3","5","03","12","2","","0","1","1","0","0"
"POINT (9.872172372000023 53.571101408000061)","Unfall 9809 (2023) Kat:3, Licht: 0","9809","3","5","5","03","15","2","","0","1","1","0","0"
"POINT (9.964051769000037 53.557350158000077)","Unfall 9811 (2023) Kat:3, Licht: 0","9811","3","6","2","03","16","2","","0","0","1","0","0"
"POINT (10.000251822000052 53.593767355000068)","Unfall 9812 (2023) Kat:3, Licht: 0","9812","3","4","6","03","11","7","","0","0","1","1","0"
"POINT (9.959666284000036 53.560175006000065)","Unfall 9813 (2023) Kat:3, Licht: 2","9813","3","2","2","03","20","7","","2","0","1","0","0"
"POINT (9.968291166000029 53.467907068000045)","Unfall 9814 (2023) Kat:3, Licht: 0","9814","3","2","2","03","11","6","","0","0","1","0","0"
"POINT (9.949914963000026 53.470788389000063)","Unfall 9815 (2023) Kat:3, Licht: 0","9815","3","6","2","03","09","6","","0","0","0","0","0"
"POINT (9.986437830000057 53.460279182000079)","Unfall 9816 (2023) Kat:3, Licht: 2","9816","3","6","2","03","01","6","","2","0","1","0","0"
"POINT (10.222457949000045 53.487717539000073)","Unfall 9817 (2023) Kat:3, Licht: 0","9817","3","1","0","06","13","5","","0","1","0","0","0"
"POINT (10.197937302000071 53.493042475000038)","Unfall 9818 (2023) Kat:3, Licht: 0","9818","3","6","2","03","18","6","","0","0","1","0","0"
"POINT (10.019832514000029 53.581395343000054)","Unfall 9819 (2023) Kat:3, Licht: 1","9819","3","3","5","03","05","6","","1","0","1","0","0"
"POINT (9.907840885000041 53.646907171000066)","Unfall 9820 (2023) Kat:3, Licht: 1","9820","3","7","0","12","07","6","","1","0","0","0","0"
"POINT (9.968970856000055 53.585043493000057)","Unfall 9821 (2023) Kat:3, Licht: 0","9821","3","4","0","03","14","6","","0","0","0","1","0"
"POINT (9.963439610000023 53.558276721000027)","Unfall 9822 (2023) Kat:3, Licht: 0","9822","3","7","0","03","15","6","","0","0","0","0","1"
"POINT (9.927091270000062 53.468396328000040)","Unfall 9823 (2023) Kat:3, Licht: 1","9823","3","1","9","03","18","5","","1","0","1","0","0"
"POINT (10.025991787000066 53.551342098000077)","Unfall 9824 (2023) Kat:3, Licht: 2","9824","3","3","5","03","23","5","","2","0","1","0","0"
"POINT (10.027887626000052 53.533614084000078)","Unfall 9825 (2023) Kat:3, Licht: 0","9825","3","3","5","03","17","5","","0","1","1","0","0"
"POINT (10.031307395000056 53.544559025000069)","Unfall 9826 (2023) Kat:3, Licht: 0","9826","3","6","2","03","07","5","","0","0","1","0","0"
"POINT (10.009228062000034 53.638134571000080)","Unfall 9827 (2023) Kat:3, Licht: 1","9827","3","6","2","03","17","5","","1","0","1","0","0"
"POINT (10.036888434000048 53.561716103000037)","Unfall 9828 (2023) Kat:2, Licht: 0","9828","2","2","6","03","14","5","","0","0","1","1","0"
"POINT (9.844871429000023 53.572878051000032)","Unfall 9829 (2023) Kat:3, Licht: 0","9829","3","6","2","03","11","5","","0","0","1","0","0"
"POINT (9.934735461000059 53.646896128000037)","Unfall 9831 (2023) Kat:3, Licht: 0","9831","3","6","2","03","15","5","","0","0","1","0","0"
"POINT (10.027405946000044 53.533563660000027)","Unfall 9833 (2023) Kat:3, Licht: 0","9833","3","6","2","03","15","4","","0","0","1","0","0"
"POINT (9.929856829000073 53.646697410000058)","Unfall 9834 (2023) Kat:3, Licht: 2","9834","3","1","0","03","22","4","","2","0","0","0","1"
"POINT (9.933105043000069 53.585195894000037)","Unfall 9837 (2023) Kat:2, Licht: 0","9837","2","5","5","06","14","6","","0","0","1","0","1"
"POINT (10.037102894000043 53.561452135000081)","Unfall 9838 (2023) Kat:3, Licht: 0","9838","3","6","2","03","17","3","","0","0","1","0","0"
"POINT (9.897430417000066 53.552913758000045)","Unfall 9839 (2023) Kat:3, Licht: 0","9839","3","6","2","03","08","3","","0","0","1","0","0"
"POINT (9.917461998000022 53.542028673000061)","Unfall 9840 (2023) Kat:3, Licht: 0","9840","3","6","2","03","06","3","","0","0","1","0","0"
"POINT (9.911527050000075 53.543621599000062)","Unfall 9841 (2023) Kat:3, Licht: 1","9841","3","6","2","03","06","3","","1","0","1","0","0"
"POINT (9.950122436000072 53.572757338000031)","Unfall 9842 (2023) Kat:3, Licht: 0","9842","3","7","5","03","14","2","","0","1","1","0","0"
"POINT (9.928481307000027 53.536921164000034)","Unfall 9844 (2023) Kat:3, Licht: 0","9844","3","6","2","03","13","7","","0","0","1","0","0"
"POINT (9.900200256000062 53.564912844000048)","Unfall 9845 (2023) Kat:3, Licht: 0","9845","3","3","5","03","11","5","","0","0","1","0","1"
"POINT (10.032320577000064 53.543259963000082)","Unfall 9847 (2023) Kat:3, Licht: 0","9847","3","6","2","03","07","4","","0","0","1","0","0"
"POINT (10.019222703000025 53.583212181000079)","Unfall 9848 (2023) Kat:2, Licht: 2","9848","2","2","4","03","18","4","","2","0","1","0","1"
"POINT (9.836291145000075 53.573985027000049)","Unfall 9849 (2023) Kat:3, Licht: 0","9849","3","6","3","03","13","4","","0","0","1","0","0"
"POINT (9.907532197000023 53.617881464000050)","Unfall 9850 (2023) Kat:3, Licht: 0","9850","3","3","5","06","14","4","","0","0","1","0","0"
"POINT (9.919604051000022 53.564005479000059)","Unfall 9851 (2023) Kat:2, Licht: 2","9851","2","1","0","03","18","4","","2","0","1","0","0"
"POINT (9.986770463000028 53.603305371000033)","Unfall 9852 (2023) Kat:3, Licht: 2","9852","3","2","6","03","19","4","","2","0","1","1","0"
"POINT (9.944108658000061 53.569125864000057)","Unfall 9853 (2023) Kat:3, Licht: 0","9853","3","4","6","03","16","4","","0","1","0","1","0"
"POINT (9.970866217000037 53.550350968000032)","Unfall 9855 (2023) Kat:3, Licht: 0","9855","3","3","5","03","16","4","","0","1","0","0","0"
"POINT (10.180317039000045 53.473405353000032)","Unfall 9856 (2023) Kat:1, Licht: 2","9856","1","7","0","03","23","3","","2","0","1","0","0"
"POINT (10.166501621000066 53.514649612000028)","Unfall 9857 (2023) Kat:2, Licht: 0","9857","2","2","4","03","07","3","","0","0","1","0","0"
"POINT (10.234274302000074 53.488441173000069)","Unfall 9858 (2023) Kat:3, Licht: 0","9858","3","7","0","03","15","3","","0","1","0","0","0"
"POINT (9.905003189000070 53.574132411000051)","Unfall 9859 (2023) Kat:3, Licht: 0","9859","3","6","2","03","15","6","","0","0","1","0","0"
"POINT (10.025777407000021 53.552209818000051)","Unfall 9860 (2023) Kat:3, Licht: 0","9860","3","6","4","03","14","3","","0","1","0","0","0"
"POINT (9.925170597000033 53.594593755000062)","Unfall 9861 (2023) Kat:3, Licht: 0","9861","3","7","7","03","18","3","","0","0","0","0","0"
"POINT (10.033195716000023 53.541464652000059)","Unfall 9862 (2023) Kat:3, Licht: 2","9862","3","6","2","03","00","2","","2","0","1","0","0"
"POINT (9.919204041000057 53.564024773000028)","Unfall 9864 (2023) Kat:3, Licht: 2","9864","3","2","4","09","21","5","","2","0","1","0","1"
"POINT (9.986983563000024 53.547652562000053)","Unfall 9865 (2023) Kat:3, Licht: 2","9865","3","6","2","03","04","1","","2","0","1","0","0"
"POINT (9.922651353000049 53.452787144000069)","Unfall 9867 (2023) Kat:3, Licht: 0","9867","3","6","2","03","10","7","","0","0","1","0","0"
"POINT (9.922444925000036 53.438834985000028)","Unfall 9868 (2023) Kat:3, Licht: 0","9868","3","6","2","03","13","7","","0","0","1","0","0"
"POINT (9.867510082000024 53.471621054000082)","Unfall 9869 (2023) Kat:3, Licht: 0","9869","3","6","2","06","13","2","","0","0","1","0","0"
"POINT (9.839471315000026 53.472238663000041)","Unfall 9870 (2023) Kat:3, Licht: 0","9870","3","7","6","03","14","6","","0","0","1","1","0"
"POINT (9.996158337000054 53.456993398000066)","Unfall 9871 (2023) Kat:3, Licht: 0","9871","3","6","3","03","13","6","","0","0","1","0","0"
"POINT (10.040605963000075 53.555451423000079)","Unfall 9872 (2023) Kat:2, Licht: 0","9872","2","2","3","03","13","6","","0","0","1","0","1"
"POINT (9.929664533000050 53.643846925000048)","Unfall 9873 (2023) Kat:3, Licht: 1","9873","3","6","3","03","17","6","","1","0","1","0","0"
"POINT (10.032516049000037 53.540537781000069)","Unfall 9874 (2023) Kat:3, Licht: 0","9874","3","2","2","03","13","5","","0","0","1","0","0"
"POINT (10.028156043000024 53.569389016000059)","Unfall 9875 (2023) Kat:3, Licht: 1","9875","3","3","5","03","18","5","","1","0","1","0","0"
"POINT (9.922786917000053 53.563844011000072)","Unfall 9876 (2023) Kat:3, Licht: 0","9876","3","7","6","03","11","5","","0","1","0","1","0"
"POINT (9.988165454000068 53.547450169000058)","Unfall 9877 (2023) Kat:3, Licht: 0","9877","3","6","3","03","10","5","","0","0","1","0","0"
"POINT (9.840372362000039 53.472325798000043)","Unfall 9879 (2023) Kat:3, Licht: 0","9879","3","6","3","03","14","4","","0","0","1","0","0"
"POINT (9.983245911000040 53.548426955000082)","Unfall 9880 (2023) Kat:3, Licht: 0","9880","3","2","3","03","07","4","","0","1","1","0","0"
"POINT (9.861871359000077 53.571940985000026)","Unfall 9881 (2023) Kat:3, Licht: 0","9881","3","7","0","03","17","3","","0","0","0","1","0"
"POINT (9.939354002000073 53.574954462000051)","Unfall 9882 (2023) Kat:3, Licht: 2","9882","3","6","3","03","19","1","","2","0","1","0","0"
"POINT (9.828192162000050 53.575573191000046)","Unfall 9883 (2023) Kat:3, Licht: 2","9883","3","2","4","08","21","4","","2","0","1","0","0"
"POINT (9.975411500000064 53.549455839000075)","Unfall 9884 (2023) Kat:3, Licht: 0","9884","3","5","1","03","07","1","","0","0","1","0","0"
"POINT (9.908812969000053 53.622932509000066)","Unfall 9885 (2023) Kat:3, Licht: 0","9885","3","7","0","03","15","7","","0","1","0","0","0"
"POINT (10.038817991000030 53.500754648000054)","Unfall 9886 (2023) Kat:3, Licht: 0","9886","3","6","2","03","13","6","","0","0","1","0","0"
"POINT (10.191782328000045 53.495936271000062)","Unfall 9887 (2023) Kat:3, Licht: 2","9887","3","3","5","11","17","5","","2","0","1","0","0"
"POINT (9.948814311000035 53.649537235000082)","Unfall 9888 (2023) Kat:3, Licht: 0","9888","3","6","2","03","11","6","","0","0","1","0","0"
"POINT (9.973519900000042 53.549716610000075)","Unfall 9889 (2023) Kat:3, Licht: 0","9889","3","6","2","03","12","6","","0","1","1","0","0"
"POINT (9.914190296000072 53.511301447000051)","Unfall 9890 (2023) Kat:3, Licht: 2","9890","3","6","3","03","06","5","","2","0","1","0","0"
"POINT (9.924281819000043 53.595170639000060)","Unfall 9891 (2023) Kat:3, Licht: 1","9891","3","6","2","03","19","5","","1","0","1","0","0"
"POINT (9.932000237000068 53.587404782000078)","Unfall 9892 (2023) Kat:3, Licht: 0","9892","3","3","5","03","11","5","","0","1","1","0","0"
"POINT (9.931299550000062 53.563447222000036)","Unfall 9893 (2023) Kat:3, Licht: 1","9893","3","4","6","03","17","5","","1","1","0","1","0"
"POINT (9.971368336000069 53.466941648000045)","Unfall 9894 (2023) Kat:3, Licht: 0","9894","3","7","0","03","08","4","","0","0","0","0","0"
"POINT (9.938711307000062 53.625008545000071)","Unfall 9895 (2023) Kat:3, Licht: 0","9895","3","2","4","09","18","5","","0","1","1","0","0"