WKT,Name,OBJECTID,UKATEGORIE,UTYP1,UART,UMONAT,USTUNDE,UWOCHENTAG,STRZUSTAND,ULICHTVERH,ISTRAD,ISTPKW,ISTFUSS,ISTKRAD
"POINT (10.026865683000040 53.462464345000058)","Unfall 9896 (2023) Kat:2, Licht: 2","9896","2","6","4","03","18","4","","2","0","1","0","0"
"POINT (9.986267314000031 53.547770546000038)","Unfall 9897 (2023) Kat:3, Licht: 0","9897","3","2","4","03","15","4","","0","0","1","0","0"
"POINT (9.925611769000056 53.632782443000053)","Unfall 9898 (2023) Kat:3, Licht: 0","9898","3","6","1","02","09","3","","0","0","1","0","0"
"POINT (10.218304690000025 53.487147363000076)","Unfall 9899 (2023) Kat:3, Licht: 0","9899","3","3","5","09","12","1","","0","0","1","0","1"
"POINT (9.937319094000031 53.563703473000032)","Unfall 9900 (2023) Kat:3, Licht: 0","9900","3","2","6","02","15","2","","0","0","0","1","0"
"POINT (9.969789741000056 53.550883806000058)","Unfall 9902 (2023) Kat:3, Licht: 0","9902","3","3","5","02","12","2","","0","1","1","0","0"
"POINT (9.931056593000051 53.563448032000053)","Unfall 9903 (2023) Kat:3, Licht: 0","9903","3","1","0","02","10","1","","0","0","0","0","0"
"POINT (9.987642675000075 53.547541045000060)","Unfall 9904 (2023) Kat:3, Licht: 2","9904","3","6","3","02","03","1","","2","0","1","0","0"
"POINT (10.038862951000056 53.559298570000067)","Unfall 9905 (2023) Kat:3, Licht: 0","9905","3","2","2","02","15","6","","0","0","1","1","0"
"POINT (10.021891762000052 53.574628790000077)","Unfall 9907 (2023) Kat:3, Licht: 0","9907","3","4","6","02","10","6","","0","1","0","1","0"
"POINT (10.037029631000053 53.561556501000041)","Unfall 9908 (2023) Kat:3, Licht: 0","9908","3","2","3","02","12","6","","0","1","0","0","0"
"POINT (9.983924065000053 53.597499056000061)","Unfall 9909 (2023) Kat:3, Licht: 0","9909","3","6","2","02","14","6","","0","0","1","0","0"
"POINT (9.992218712000067 53.592668366000055)","Unfall 9910 (2023) Kat:3, Licht: 1","9910","3","6","4","02","06","6","","1","1","0","0","0"
"POINT (10.108458998000060 53.489476450000041)","Unfall 9911 (2023) Kat:3, Licht: 1","9911","3","6","2","02","06","5","","1","0","1","0","0"
"POINT (10.022530570000072 53.543177548000074)","Unfall 9912 (2023) Kat:3, Licht: 0","9912","3","3","5","06","08","2","","0","1","0","0","1"
"POINT (10.040704327000071 53.552687079000066)","Unfall 9913 (2023) Kat:2, Licht: 0","9913","2","2","3","02","16","5","","0","1","1","0","0"
"POINT (10.019233464000024 53.577002485000037)","Unfall 9914 (2023) Kat:3, Licht: 0","9914","3","2","3","02","09","5","","0","0","1","0","0"
"POINT (9.870415971000057 53.571164489000068)","Unfall 9915 (2023) Kat:3, Licht: 2","9915","3","6","3","02","06","5","","2","0","1","0","0"
"POINT (9.913642540000069 53.497563275000061)","Unfall 9916 (2023) Kat:3, Licht: 0","9916","3","6","3","02","16","4","","0","0","1","0","0"
"POINT (10.164067046000071 53.476407117000065)","Unfall 9917 (2023) Kat:1, Licht: 2","9917","1","6","2","02","20","4","","2","0","1","0","1"
"POINT (10.023757475000025 53.542872082000031)","Unfall 9918 (2023) Kat:3, Licht: 2","9918","3","6","3","02","22","4","","2","0","1","0","0"
"POINT (9.848728829000038 53.472737514000073)","Unfall 9919 (2023) Kat:3, Licht: 0","9919","3","2","2","02","13","3","","0","0","1","0","1"
"POINT (9.855308531000048 53.572007113000041)","Unfall 9920 (2023) Kat:3, Licht: 2","9920","3","2","3","02","01","3","","2","1","1","0","0"
"POINT (9.902377498000021 53.564968538000073)","Unfall 9921 (2023) Kat:3, Licht: 0","9921","3","3","5","02","08","2","","0","1","1","0","0"
"POINT (9.958009137000033 53.647531553000078)","Unfall 9922 (2023) Kat:3, Licht: 2","9922","3","6","2","02","20","2","","2","0","1","0","0"
"POINT (9.948350441000059 53.573415287000046)","Unfall 9923 (2023) Kat:3, Licht: 2","9923","3","2","6","02","18","2","","2","0","1","1","0"
"POINT (9.963643396000066 53.579425068000035)","Unfall 9925 (2023) Kat:3, Licht: 0","9925","3","2","4","02","10","7","","0","1","1","0","0"
"POINT (9.917030941000064 53.475049025000033)","Unfall 9926 (2023) Kat:3, Licht: 0","9926","3","1","9","02","12","6","","0","0","0","0","0"
"POINT (9.983958588000064 53.592657637000059)","Unfall 9927 (2023) Kat:3, Licht: 0","9927","3","3","5","02","08","6","","0","1","1","0","0"
"POINT (9.992725509000024 53.547245786000076)","Unfall 9928 (2023) Kat:3, Licht: 0","9928","3","7","7","02","13","6","","0","1","0","0","0"
"POINT (9.846529633000046 53.472808843000053)","Unfall 9929 (2023) Kat:3, Licht: 1","9929","3","5","5","02","17","5","","1","1","1","0","0"
"POINT (9.823920163000025 53.470678848000034)","Unfall 9930 (2023) Kat:3, Licht: 1","9930","3","6","2","02","17","5","","1","0","1","0","0"
"POINT (9.790410109000049 53.580600099000037)","Unfall 9931 (2023) Kat:3, Licht: 0","9931","3","6","2","02","14","5","","0","0","1","0","0"
"POINT (9.919536440000059 53.541162551000070)","Unfall 9932 (2023) Kat:3, Licht: 0","9932","3","6","2","02","08","5","","0","0","1","0","0"
"POINT (9.939961593000021 53.574283414000035)","Unfall 9933 (2023) Kat:3, Licht: 0","9933","3","6","2","02","15","5","","0","0","1","0","0"
"POINT (10.056978208000032 53.551171062000037)","Unfall 9934 (2023) Kat:3, Licht: 0","9934","3","6","2","02","17","4","","0","0","1","0","0"
"POINT (9.849992326000063 53.472685634000072)","Unfall 9935 (2023) Kat:3, Licht: 0","9935","3","2","3","11","14","4","","0","1","1","0","0"
"POINT (9.901441857000066 53.621550823000064)","Unfall 9936 (2023) Kat:2, Licht: 0","9936","2","6","2","02","10","4","","0","0","1","0","0"
"POINT (9.973917550000067 53.586524499000063)","Unfall 9937 (2023) Kat:3, Licht: 2","9937","3","2","4","02","19","4","","2","1","1","0","0"
"POINT (9.854441221000059 53.572054111000057)","Unfall 9938 (2023) Kat:3, Licht: 2","9938","3","3","5","04","06","7","","2","0","1","0","0"
"POINT (9.970918238000024 53.550325468000040)","Unfall 9939 (2023) Kat:2, Licht: 2","9939","2","3","5","02","21","4","","2","1","1","0","0"
"POINT (9.925395940000044 53.520024204000038)","Unfall 9940 (2023) Kat:3, Licht: 0","9940","3","6","3","02","11","4","","0","0","1","0","0"
"POINT (9.901355239000054 53.470987963000027)","Unfall 9941 (2023) Kat:3, Licht: 2","9941","3","2","2","02","17","3","","2","1","1","0","0"
"POINT (10.212529377000067 53.486681352000062)","Unfall 9942 (2023) Kat:3, Licht: 2","9942","3","3","5","02","18","3","","2","0","1","0","0"
"POINT (10.058660943000064 53.509257962000049)","Unfall 9943 (2023) Kat:3, Licht: 0","9943","3","6","3","02","12","3","","0","0","1","0","0"
"POINT (9.919269667000037 53.540593595000075)","Unfall 9944 (2023) Kat:3, Licht: 0","9944","3","7","0","02","10","3","","0","0","0","0","0"
"POINT (9.989103506000049 53.593154363000053)","Unfall 9945 (2023) Kat:3, Licht: 0","9945","3","3","5","08","12","7","","0","0","0","0","0"
"POINT (9.958373370000061 53.610084054000026)","Unfall 9946 (2023) Kat:3, Licht: 0","9946","3","6","2","02","14","3","","0","0","1","0","1"
"POINT (10.001176610000073 53.547564783000041)","Unfall 9947 (2023) Kat:2, Licht: 0","9947","2","1","0","09","09","7","","0","0","0","0","1"
"POINT (10.004926017000059 53.616485671000078)","Unfall 9948 (2023) Kat:3, Licht: 2","9948","3","5","5","02","05","2","","2","1","1","0","0"
"POINT (9.919390797000062 53.564012670000068)","Unfall 9949 (2023) Kat:3, Licht: 0","9949","3","2","4","02","13","2","","0","0","1","0","0"
"POINT (9.907560034000028 53.617988521000029)","Unfall 9950 (2023) Kat:3, Licht: 2","9950","3","2","6","02","17","1","","2","0","1","1","0"
"POINT (9.954462770000021 53.470527228000037)","Unfall 9951 (2023) Kat:3, Licht: 2","9951","3","6","2","02","18","7","","2","0","1","0","0"
"POINT (9.942491539000059 53.471137599000031)","Unfall 9952 (2023) Kat:2, Licht: 2","9952","2","7","0","02","22","7","","2","1","0","0","0"
"POINT (10.025935339000057 53.552043187000038)","Unfall 9953 (2023) Kat:3, Licht: 2","9953","3","4","6","02","06","7","","2","0","0","1","0"
"POINT (9.983921868000039 53.598552590000054)","Unfall 9954 (2023) Kat:3, Licht: 2","9954","3","6","2","02","20","7","","2","0","1","0","0"
"POINT (9.975108893000026 53.549482541000032)","Unfall 9955 (2023) Kat:3, Licht: 2","9955","3","3","5","05","23","7","","2","1","0","0","0"
"POINT (10.032257758000071 53.543340183000055)","Unfall 9956 (2023) Kat:3, Licht: 2","9956","3","2","5","02","20","6","","2","1","0","0","0"
"POINT (9.908234899000036 53.618621713000039)","Unfall 9957 (2023) Kat:3, Licht: 2","9957","3","6","3","02","18","6","","2","0","1","0","0"
"POINT (9.918881762000069 53.564056069000060)","Unfall 9959 (2023) Kat:3, Licht: 0","9959","3","6","3","02","16","6","","0","0","1","0","0"
"POINT (10.212487809000038 53.486696540000082)","Unfall 9960 (2023) Kat:3, Licht: 2","9960","3","2","6","02","17","5","","2","0","1","1","0"
"POINT (9.907133717000022 53.650342927000054)","Unfall 9961 (2023) Kat:3, Licht: 0","9961","3","6","2","02","08","6","","0","0","1","0","0"
"POINT (10.153737318000026 53.557048692000080)","Unfall 9962 (2023) Kat:3, Licht: 1","9962","3","6","3","02","06","5","","1","0","1","0","0"
"POINT (9.948398052000073 53.573414341000046)","Unfall 9963 (2023) Kat:3, Licht: 2","9963","3","3","5","02","06","5","","2","1","1","0","0"
"POINT (9.953354264000041 53.612828881000041)","Unfall 9964 (2023) Kat:3, Licht: 2","9964","3","6","2","02","18","3","","2","0","1","0","0"
"POINT (9.989125674000036 53.593166180000082)","Unfall 9965 (2023) Kat:3, Licht: 0","9965","3","6","2","02","09","3","","0","0","1","0","0"
"POINT (9.923257952000029 53.520382444000063)","Unfall 9966 (2023) Kat:3, Licht: 0","9966","3","6","3","02","14","3","","0","0","0","0","1"
"POINT (9.922607500000026 53.468985111000052)","Unfall 9967 (2023) Kat:3, Licht: 0","9967","3","6","2","02","09","2","","0","0","1","0","0"
"POINT (10.205455000000029 53.488246280000055)","Unfall 9968 (2023) Kat:3, Licht: 0","9968","3","7","3","02","12","2","","0","0","0","0","0"
"POINT (10.143958794000071 53.523340057000041)","Unfall 9969 (2023) Kat:3, Licht: 1","9969","3","6","2","02","17","2","","1","0","1","0","0"
"POINT (10.026059344000032 53.551243133000071)","Unfall 9970 (2023) Kat:3, Licht: 2","9970","3","2","3","02","18","2","","2","1","1","0","0"
"POINT (9.914446485000042 53.512538084000028)","Unfall 9971 (2023) Kat:3, Licht: 2","9971","3","3","3","02","04","1","","2","0","1","0","0"
"POINT (9.901238130000024 53.549017141000036)","Unfall 9972 (2023) Kat:3, Licht: 0","9972","3","6","2","04","18","1","","0","0","1","0","0"
"POINT (9.969555106000030 53.583999513000037)","Unfall 9973 (2023) Kat:3, Licht: 2","9973","3","2","4","02","21","1","","2","0","1","0","0"
"POINT (9.964881109000032 53.554270091000035)","Unfall 9975 (2023) Kat:2, Licht: 0","9975","2","2","3","02","16","1","","0","0","1","0","0"
"POINT (10.134276214000067 53.526927835000038)","Unfall 9976 (2023) Kat:3, Licht: 0","9976","3","6","2","02","08","7","","0","0","1","0","0"
"POINT (9.936072400000057 53.647272256000065)","Unfall 9977 (2023) Kat:3, Licht: 0","9977","3","3","5","02","12","7","","0","0","1","0","0"
"POINT (10.035767678000070 53.562969262000081)","Unfall 9978 (2023) Kat:3, Licht: 0","9978","3","7","3","02","09","6","","0","0","1","0","0"
"POINT (9.973347554000043 53.549746541000047)","Unfall 9979 (2023) Kat:3, Licht: 2","9979","3","2","3","12","19","6","","2","0","1","0","0"
"POINT (9.943944982000062 53.570474311000055)","Unfall 9980 (2023) Kat:3, Licht: 2","9980","3","2","5","02","19","6","","2","1","1","0","0"
"POINT (9.952583433000029 53.571469270000080)","Unfall 9982 (2023) Kat:3, Licht: 2","9982","3","3","5","02","22","6","","2","1","1","0","0"
"POINT (9.870078380000052 53.471713054000077)","Unfall 9983 (2023) Kat:3, Licht: 2","9983","3","7","0","02","21","5","","2","1","0","0","0"
"POINT (9.965657351000061 53.468745961000081)","Unfall 9985 (2023) Kat:3, Licht: 0","9985","3","5","3","02","15","5","","0","1","1","0","0"
"POINT (10.203396918000067 53.489731628000072)","Unfall 9986 (2023) Kat:3, Licht: 2","9986","3","6","4","02","05","5","","2","1","0","0","0"
"POINT (9.926255335000064 53.563667747000068)","Unfall 9987 (2023) Kat:3, Licht: 2","9987","3","2","3","02","22","5","","2","1","1","0","0"
"POINT (10.023355727000023 53.573383593000074)","Unfall 9988 (2023) Kat:3, Licht: 2","9988","3","6","3","02","06","4","","2","0","1","0","0"
"POINT (9.955463663000046 53.611721917000068)","Unfall 9989 (2023) Kat:3, Licht: 0","9989","3","6","2","02","08","4","","0","0","1","0","0"
"POINT (9.983925191000026 53.596028904000036)","Unfall 9990 (2023) Kat:3, Licht: 2","9990","3","6","2","02","19","4","","2","0","1","0","0"
"POINT (9.984144598000057 53.590525375000027)","Unfall 9991 (2023) Kat:3, Licht: 0","9991","3","2","4","02","09","4","","0","1","1","0","0"
"POINT (9.966893351000067 53.582636602000036)","Unfall 9992 (2023) Kat:3, Licht: 2","9992","3","3","5","02","06","4","","2","1","1","0","0"
"POINT (9.850180278000039 53.472675659000060)","Unfall 9994 (2023) Kat:3, Licht: 0","9994","3","2","2","01","08","3","","0","0","1","0","0"
"POINT (10.221094522000044 53.477092245000051)","Unfall 9995 (2023) Kat:3, Licht: 2","9995","3","6","2","01","00","3","","2","0","1","0","0"
"POINT (9.921590796000032 53.602263221000044)","Unfall 9996 (2023) Kat:3, Licht: 0","9996","3","6","2","01","17","3","","0","0","1","0","0"
"POINT (9.932429381000077 53.527108014000078)","Unfall 9997 (2023) Kat:3, Licht: 0","9997","3","6","2","01","07","3","","0","0","1","0","0"
"POINT (9.898365050000052 53.562025932000040)","Unfall 9998 (2023) Kat:3, Licht: 0","9998","3","3","0","01","08","3","","0","0","1","0","0"
"POINT (10.156729657000028 53.559298524000042)","Unfall 9999 (2023) Kat:3, Licht: 0","9999","3","6","3","11","13","3","","0","0","1","0","0"
"POINT (9.926583033000043 53.632172394000065)","Unfall 10000 (2023) Kat:3, Licht: 1","10000","3","6","2","01","17","3","","1","0","1","0","0"
"POINT (9.954804303000060 53.612056647000031)","Unfall 10001 (2023) Kat:3, Licht: 2","10001","3","7","7","01","18","3","","2","1","0","0","0"
"POINT (9.848761031000038 53.472736192000070)","Unfall 10002 (2023) Kat:3, Licht: 0","10002","3","6","2","01","12","2","","0","0","1","0","0"
"POINT (10.056916077000039 53.551177647000031)","Unfall 10004 (2023) Kat:3, Licht: 2","10004","3","4","6","01","20","2","","2","0","1","1","0"
"POINT (9.972079340000050 53.645419852000032)","Unfall 10005 (2023) Kat:3, Licht: 2","10005","3","7","8","01","05","2","","2","0","1","0","0"
"POINT (9.941341549000072 53.572813585000063)","Unfall 10006 (2023) Kat:3, Licht: 0","10006","3","3","5","01","12","2","","0","0","1","0","0"
"POINT (9.932976918000065 53.534210204000033)","Unfall 10007 (2023) Kat:3, Licht: 2","10007","3","1","0","01","17","1","","2","0","1","0","0"
"POINT (9.968094881000070 53.583657450000032)","Unfall 10008 (2023) Kat:3, Licht: 0","10008","3","5","5","01","15","1","","0","0","1","0","0"
"POINT (9.957828415000051 53.446604056000069)","Unfall 10009 (2023) Kat:3, Licht: 2","10009","3","7","3","01","21","7","","2","0","1","0","0"
"POINT (9.871259578000036 53.571132953000074)","Unfall 10010 (2023) Kat:3, Licht: 0","10010","3","6","2","01","12","7","","0","0","1","0","0"
"POINT (9.973559040000055 53.549709376000067)","Unfall 10011 (2023) Kat:3, Licht: 2","10011","3","6","2","01","20","7","","2","0","1","0","0"
"POINT (10.026484416000073 53.556609062000064)","Unfall 10012 (2023) Kat:3, Licht: 1","10012","3","6","3","01","07","6","","1","0","1","0","0"
"POINT (9.901012071000025 53.568661378000058)","Unfall 10013 (2023) Kat:3, Licht: 0","10013","3","6","2","01","15","6","","0","0","1","0","1"
"POINT (9.977308269000048 53.587500726000030)","Unfall 10014 (2023) Kat:3, Licht: 0","10014","3","2","5","01","14","6","","0","1","1","0","0"
"POINT (9.968603053000038 53.586048512000048)","Unfall 10015 (2023) Kat:3, Licht: 0","10015","3","2","4","01","09","6","","0","1","1","0","0"
"POINT (9.968884613000057 53.585257180000042)","Unfall 10016 (2023) Kat:3, Licht: 0","10016","3","2","0","01","08","6","","0","1","1","0","0"
"POINT (10.215837744000055 53.486201656000048)","Unfall 10017 (2023) Kat:3, Licht: 2","10017","3","7","0","01","01","5","","2","0","0","0","0"
"POINT (10.037464083000032 53.561030274000075)","Unfall 10018 (2023) Kat:3, Licht: 1","10018","3","6","0","01","17","5","","1","1","0","0","0"
"POINT (10.031613864000064 53.566578631000027)","Unfall 10019 (2023) Kat:3, Licht: 0","10019","3","1","0","01","08","5","","0","1","0","0","0"
"POINT (9.944569752000064 53.565132997000035)","Unfall 10020 (2023) Kat:3, Licht: 2","10020","3","3","5","01","18","5","","2","1","0","0","0"
"POINT (10.023386671000026 53.523792170000036)","Unfall 10021 (2023) Kat:3, Licht: 0","10021","3","6","2","01","08","4","","0","0","1","0","0"
"POINT (10.025183084000048 53.571858092000070)","Unfall 10022 (2023) Kat:3, Licht: 0","10022","3","6","6","01","15","4","","0","1","0","1","0"
"POINT (9.915698918000032 53.585053750000043)","Unfall 10023 (2023) Kat:3, Licht: 0","10023","3","6","2","01","09","4","","0","0","1","0","0"
"POINT (10.040577174000020 53.555541043000062)","Unfall 10024 (2023) Kat:3, Licht: 0","10024","3","2","4","11","10","7","","0","0","1","0","0"
"POINT (9.969524315000058 53.583994600000040)","Unfall 10025 (2023) Kat:3, Licht: 0","10025","3","2","4","01","13","4","","0","0","1","0","0"
"POINT (9.940236101000039 53.544492880000064)","Unfall 152217 (2023) Kat:3, Licht: 0","152217","3","4","6","03","14","1","","0","0","1","1","0"
"POINT (9.961956471000065 53.554128263000052)","Unfall 152218 (2023) Kat:3, Licht: 2","152218","3","7","0","03","03","1","","2","0","0","0","0"
"POINT (10.005285456000024 53.599844536000035)","Unfall 152219 (2023) Kat:3, Licht: 0","152219","3","7","3","03","11","7","","0","0","1","0","0"
"POINT (9.953226965000056 53.575829783000074)","Unfall 152220 (2023) Kat:3, Licht: 0","152220","3","2","3","03","17","7","","0","1","0","0","1"
"POINT (10.013303472000075 53.554037597000047)","Unfall 152221 (2023) Kat:3, Licht: 0","152221","3","7","3","03","10","7","","0","1","1","0","0"
"POINT (10.068874824000034 53.553304808000064)","Unfall 152222 (2023) Kat:3, Licht: 2","152222","3","4","6","03","20","6","","2","0","1","1","0"
"POINT (10.020861476000050 53.550369642000078)","Unfall 152223 (2023) Kat:3, Licht: 0","152223","3","2","6","03","08","6","","0","0","1","1","0"
"POINT (10.124843396000074 53.604121640000074)","Unfall 152224 (2023) Kat:3, Licht: 0","152224","3","6","2","03","17","6","","0","0","1","0","0"
"POINT (10.123316504000059 53.568818163000060)","Unfall 152225 (2023) Kat:3, Licht: 0","152225","3","2","4","03","15","6","","0","0","1","0","0"
"POINT (10.061808604000021 53.570764853000071)","Unfall 152226 (2023) Kat:3, Licht: 0","152226","3","4","6","03","14","6","","0","0","0","1","0"
"POINT (10.043052983000052 53.607763326000054)","Unfall 152227 (2023) Kat:3, Licht: 2","152227","3","2","6","03","05","6","","2","0","1","1","0"
"POINT (10.036034414000028 53.607995765000055)","Unfall 152228 (2023) Kat:3, Licht: 0","152228","3","6","2","03","15","6","","0","0","1","0","0"
"POINT (10.118607198000063 53.655043456000044)","Unfall 152229 (2023) Kat:3, Licht: 0","152229","3","5","5","03","13","6","","0","1","1","0","0"
"POINT (10.051268439000069 53.586834685000042)","Unfall 152230 (2023) Kat:2, Licht: 2","152230","2","3","5","03","19","6","","2","0","1","0","0"
"POINT (9.763876699000036 53.587192080000079)","Unfall 152231 (2023) Kat:3, Licht: 0","152231","3","7","0","03","14","6","","0","1","0","0","0"
"POINT (9.962333946000058 53.551112896000063)","Unfall 152232 (2023) Kat:3, Licht: 2","152232","3","2","6","03","21","6","","2","0","1","1","0"
"POINT (10.001077196000040 53.544866940000077)","Unfall 152233 (2023) Kat:3, Licht: 0","152233","3","4","6","03","07","6","","0","0","1","1","0"
"POINT (9.992345213000021 53.553392557000052)","Unfall 152234 (2023) Kat:3, Licht: 0","152234","3","7","0","03","15","6","","0","1","1","0","0"
"POINT (10.007777417000057 53.554977288000032)","Unfall 152235 (2023) Kat:3, Licht: 2","152235","3","2","6","03","18","6","","2","0","1","1","0"
"POINT (9.851382636000039 53.473538539000060)","Unfall 152236 (2023) Kat:2, Licht: 2","152236","2","4","6","03","19","5","","2","0","1","1","0"
"POINT (9.987383543000021 53.454727922000075)","Unfall 152237 (2023) Kat:3, Licht: 0","152237","3","3","5","03","14","5","","0","0","1","0","0"
"POINT (10.180298582000034 53.507892110000057)","Unfall 152238 (2023) Kat:3, Licht: 0","152238","3","5","1","03","13","5","","0","0","1","1","0"
"POINT (10.126468554000041 53.599200482000072)","Unfall 152239 (2023) Kat:3, Licht: 0","152239","3","7","0","03","14","5","","0","1","0","0","0"
"POINT (9.947540334000053 53.641968680000048)","Unfall 152240 (2023) Kat:3, Licht: 1","152240","3","2","4","03","17","5","","1","1","1","0","0"
"POINT (9.963177234000057 53.566918492000070)","Unfall 152241 (2023) Kat:3, Licht: 2","152241","3","5","5","03","18","5","","2","1","0","0","0"
"POINT (9.956020864000038 53.599050878000071)","Unfall 152242 (2023) Kat:3, Licht: 0","152242","3","2","3","03","14","5","","0","1","1","0","0"
"POINT (9.962358732000041 53.551217110000039)","Unfall 152243 (2023) Kat:3, Licht: 2","152243","3","2","3","03","21","5","","2","0","1","0","0"
"POINT (10.100757865000048 53.540440186000069)","Unfall 152244 (2023) Kat:2, Licht: 2","152244","2","3","5","03","23","4","","2","0","1","0","0"
"POINT (10.057655927000042 53.554897667000034)","Unfall 152245 (2023) Kat:3, Licht: 0","152245","3","2","4","03","13","4","","0","0","1","0","0"
"POINT (10.100087447000021 53.586424024000053)","Unfall 152246 (2023) Kat:3, Licht: 0","152246","3","5","5","03","06","4","","0","0","1","0","0"
"POINT (10.070556614000054 53.640789031000054)","Unfall 152247 (2023) Kat:3, Licht: 0","152247","3","6","2","03","09","4","","0","0","1","0","0"
"POINT (9.961789484000064 53.566675918000044)","Unfall 152248 (2023) Kat:3, Licht: 0","152248","3","7","0","03","14","4","","0","0","0","1","0"
"POINT (9.977424387000042 53.571363923000035)","Unfall 152249 (2023) Kat:3, Licht: 0","152249","3","2","3","03","11","4","","0","1","0","0","0"
"POINT (10.209625709000022 53.482705885000030)","Unfall 152250 (2023) Kat:2, Licht: 2","152250","2","1","8","03","21","3","","2","1","0","0","0"
"POINT (10.065141584000060 53.491302723000047)","Unfall 152251 (2023) Kat:2, Licht: 0","152251","2","3","5","03","11","3","","0","0","1","0","0"
"POINT (10.104668372000049 53.544704151000076)","Unfall 152252 (2023) Kat:3, Licht: 0","152252","3","3","6","03","17","3","","0","0","1","1","0"
"POINT (10.076094002000048 53.572555923000039)","Unfall 152253 (2023) Kat:3, Licht: 0","152253","3","7","2","03","16","3","","0","0","1","0","0"
"POINT (10.140762005000056 53.652973695000071)","Unfall 152254 (2023) Kat:3, Licht: 0","152254","3","5","6","03","08","3","","0","0","1","1","0"
"POINT (10.059672553000041 53.672067661000028)","Unfall 152255 (2023) Kat:3, Licht: 0","152255","3","3","5","03","09","3","","0","0","1","0","0"
"POINT (10.013297150000028 53.628064150000057)","Unfall 152256 (2023) Kat:3, Licht: 1","152256","3","6","2","03","18","3","","1","0","1","0","0"
"POINT (10.004656072000046 53.619258633000072)","Unfall 152257 (2023) Kat:2, Licht: 0","152257","2","2","4","03","07","3","","0","0","1","0","1"
"POINT (9.804936658000031 53.530084899000030)","Unfall 152258 (2023) Kat:3, Licht: 0","152258","3","7","0","03","10","2","","0","0","0","0","0"
"POINT (10.200809615000026 53.483394902000043)","Unfall 152259 (2023) Kat:3, Licht: 0","152259","3","7","0","03","17","2","","0","0","0","0","1"
"POINT (10.128161522000028 53.579141441000047)","Unfall 152260 (2023) Kat:3, Licht: 0","152260","3","6","2","03","09","2","","0","0","1","0","0"
"POINT (10.123309075000066 53.568818065000073)","Unfall 152261 (2023) Kat:3, Licht: 0","152261","3","2","4","03","07","2","","0","0","1","0","0"
"POINT (10.066457930000070 53.571357852000062)","Unfall 152262 (2023) Kat:2, Licht: 0","152262","2","1","0","03","12","2","","0","0","0","0","1"
"POINT (10.111984826000025 53.673240706000058)","Unfall 152263 (2023) Kat:3, Licht: 2","152263","3","1","9","03","18","2","","2","0","1","0","0"
"POINT (10.104456186000050 53.650143549000063)","Unfall 152264 (2023) Kat:3, Licht: 2","152264","3","7","0","03","18","2","","2","1","0","0","0"
"POINT (10.010771669000064 53.671206255000072)","Unfall 152265 (2023) Kat:3, Licht: 0","152265","3","7","1","03","16","2","","0","1","1","0","0"
"POINT (10.038119797000036 53.569333310000047)","Unfall 152266 (2023) Kat:3, Licht: 0","152266","3","6","2","03","12","2","","0","0","1","0","0"
"POINT (9.922283322000055 53.596566729000074)","Unfall 152267 (2023) Kat:3, Licht: 2","152267","3","7","0","03","20","2","","2","1","0","0","0"
"POINT (9.957407155000055 53.580694144000063)","Unfall 152268 (2023) Kat:2, Licht: 2","152268","2","1","0","03","01","2","","2","0","0","0","0"
"POINT (9.963134978000028 53.569639396000071)","Unfall 152269 (2023) Kat:3, Licht: 0","152269","3","6","2","03","14","2","","0","0","1","0","0"
"POINT (9.943276972000035 53.551830462000055)","Unfall 152270 (2023) Kat:3, Licht: 0","152270","3","6","0","03","11","2","","0","1","0","0","0"
"POINT (10.014379948000055 53.539733012000056)","Unfall 152271 (2023) Kat:3, Licht: 0","152271","3","4","6","03","08","2","","0","0","1","1","0"
"POINT (10.001780233000034 53.547482545000037)","Unfall 152272 (2023) Kat:3, Licht: 0","152272","3","6","2","03","16","2","","0","0","1","0","0"
"POINT (10.004855330000055 53.557763320000049)","Unfall 152273 (2023) Kat:3, Licht: 0","152273","3","6","2","03","15","2","","0","0","1","0","0"
"POINT (10.084872251000036 53.554744774000028)","Unfall 152274 (2023) Kat:3, Licht: 2","152274","3","6","2","03","19","1","","2","0","1","0","0"
"POINT (10.080187403000025 53.551756118000071)","Unfall 152275 (2023) Kat:3, Licht: 0","152275","3","5","1","03","15","1","","0","0","0","0","0"
"POINT (10.102611246000038 53.580093891000047)","Unfall 152276 (2023) Kat:3, Licht: 2","152276","3","4","6","03","21","1","","2","0","1","1","0"
"POINT (9.948880712000062 53.562576035000063)","Unfall 152277 (2023) Kat:3, Licht: 0","152277","3","1","0","03","08","1","","0","0","0","0","1"
"POINT (10.207685910000066 53.480295945000080)","Unfall 152278 (2023) Kat:3, Licht: 0","152278","3","6","3","03","13","7","","0","0","1","0","0"
"POINT (10.156184353000071 53.614414558000078)","Unfall 152279 (2023) Kat:3, Licht: 0","152279","3","2","4","03","12","7","","0","0","1","0","0"
"POINT (10.079475014000025 53.589585910000039)","Unfall 152280 (2023) Kat:3, Licht: 1","152280","3","6","0","03","17","7","","1","1","0","0","0"
"POINT (10.102068050000071 53.597522600000048)","Unfall 152281 (2023) Kat:3, Licht: 0","152281","3","4","6","03","13","3","","0","0","1","1","0"
"POINT (10.145188471000040 53.668023309000034)","Unfall 152282 (2023) Kat:3, Licht: 2","152282","3","7","0","03","21","7","","2","0","1","0","0"
"POINT (10.038773425000045 53.678620053000031)","Unfall 152283 (2023) Kat:3, Licht: 2","152283","3","1","0","03","05","7","","2","0","0","0","1"
"POINT (10.013370693000070 53.646596293000073)","Unfall 152284 (2023) Kat:3, Licht: 0","152284","3","6","2","03","12","7","","0","1","1","0","0"