WKT,Name,OBJECTID,UKATEGORIE,UTYP1,UART,UMONAT,USTUNDE,UWOCHENTAG,STRZUSTAND,ULICHTVERH,ISTRAD,ISTPKW,ISTFUSS,ISTKRAD
"POINT (9.842915389000041 53.558997367000075)","Unfall 152285 (2023) Kat:3, Licht: 0","152285","3","3","5","03","15","7","","0","1","1","0","0"
"POINT (9.910782749000077 53.583783804000063)","Unfall 152286 (2023) Kat:3, Licht: 0","152286","3","4","6","03","12","7","","0","0","1","1","0"
"POINT (9.976970526000059 53.571063436000031)","Unfall 152287 (2023) Kat:3, Licht: 2","152287","3","7","0","03","22","7","","2","1","0","0","0"
"POINT (9.979270085000053 53.462071353000056)","Unfall 152288 (2023) Kat:3, Licht: 0","152288","3","3","6","03","10","6","","0","0","0","1","0"
"POINT (9.995000714000071 53.508403863000069)","Unfall 152289 (2023) Kat:3, Licht: 0","152289","3","6","4","03","10","6","","0","1","1","0","0"
"POINT (10.019256017000032 53.549474748000080)","Unfall 152290 (2023) Kat:3, Licht: 0","152290","3","1","0","03","14","6","","0","0","0","0","1"
"POINT (10.133308146000047 53.584500472000059)","Unfall 152291 (2023) Kat:3, Licht: 0","152291","3","2","4","03","14","6","","0","0","1","0","0"
"POINT (10.007434607000050 53.580908831000045)","Unfall 152292 (2023) Kat:3, Licht: 0","152292","3","3","5","03","07","6","","0","1","0","0","0"
"POINT (9.912990571000023 53.559927242000072)","Unfall 152293 (2023) Kat:3, Licht: 0","152293","3","7","0","03","10","6","","0","0","0","0","0"
"POINT (9.981596044000071 53.605881866000061)","Unfall 152294 (2023) Kat:3, Licht: 2","152294","3","7","6","03","06","6","","2","0","1","1","0"
"POINT (10.009401825000054 53.557244236000031)","Unfall 152295 (2023) Kat:3, Licht: 0","152295","3","7","6","03","09","6","","0","0","1","1","0"
"POINT (10.124482038000053 53.588076644000068)","Unfall 152296 (2023) Kat:3, Licht: 1","152296","3","2","2","03","18","5","","1","0","1","0","0"
"POINT (10.133079490000057 53.584486499000036)","Unfall 152297 (2023) Kat:3, Licht: 0","152297","3","4","6","03","08","5","","0","0","1","1","0"
"POINT (10.097636413000032 53.572451945000068)","Unfall 152298 (2023) Kat:3, Licht: 0","152298","3","3","5","03","13","5","","0","0","1","0","0"
"POINT (10.087607835000028 53.617928513000038)","Unfall 152299 (2023) Kat:3, Licht: 0","152299","3","6","2","03","13","5","","0","0","1","0","0"
"POINT (10.105766949000042 53.639102487000059)","Unfall 152300 (2023) Kat:3, Licht: 0","152300","3","7","0","03","12","5","","0","1","1","0","0"
"POINT (10.076884530000029 53.655457020000028)","Unfall 152301 (2023) Kat:3, Licht: 0","152301","3","3","5","03","13","5","","0","0","1","0","0"
"POINT (9.993137619000038 53.648896520000051)","Unfall 152302 (2023) Kat:3, Licht: 2","152302","3","5","1","03","03","5","","2","0","1","0","0"
"POINT (10.009095801000058 53.627626242000076)","Unfall 152303 (2023) Kat:3, Licht: 0","152303","3","6","3","03","15","5","","0","0","1","0","0"
"POINT (10.055370800000048 53.569199551000054)","Unfall 152304 (2023) Kat:3, Licht: 0","152304","3","7","4","03","17","5","","0","0","1","0","0"
"POINT (9.947847079000042 53.584960182000032)","Unfall 152305 (2023) Kat:3, Licht: 2","152305","3","7","0","03","17","5","","2","1","0","0","0"
"POINT (10.004208876000064 53.546719295000059)","Unfall 152306 (2023) Kat:3, Licht: 2","152306","3","7","0","03","23","5","","2","0","0","0","0"
"POINT (10.002425311000025 53.554517565000026)","Unfall 152307 (2023) Kat:3, Licht: 2","152307","3","3","5","03","22","5","","2","1","1","0","0"
"POINT (9.999351804000071 53.541701282000076)","Unfall 152308 (2023) Kat:3, Licht: 0","152308","3","5","1","03","10","5","","0","0","1","0","0"
"POINT (9.995568487000071 53.550612957000055)","Unfall 152309 (2023) Kat:3, Licht: 2","152309","3","1","8","03","04","5","","2","0","1","0","0"
"POINT (9.989428476000057 53.449391367000032)","Unfall 152310 (2023) Kat:2, Licht: 0","152310","2","7","0","03","10","4","","0","1","0","0","0"
"POINT (10.234067590000052 53.483793383000034)","Unfall 152311 (2023) Kat:3, Licht: 0","152311","3","7","1","03","11","4","","0","0","1","0","0"
"POINT (10.078315387000032 53.550289547000034)","Unfall 152312 (2023) Kat:3, Licht: 0","152312","3","2","2","03","14","4","","0","0","1","0","0"
"POINT (10.124826774000041 53.586064268000030)","Unfall 152313 (2023) Kat:3, Licht: 2","152313","3","2","5","03","22","4","","2","0","1","0","0"
"POINT (10.179026608000072 53.593762525000045)","Unfall 152314 (2023) Kat:3, Licht: 0","152314","3","3","5","03","17","4","","0","1","1","0","0"
"POINT (10.065334791000055 53.613713171000029)","Unfall 152315 (2023) Kat:3, Licht: 2","152315","3","5","3","03","20","4","","2","1","1","0","0"
"POINT (10.063690715000064 53.649770199000045)","Unfall 152316 (2023) Kat:3, Licht: 0","152316","3","2","3","03","15","4","","0","1","1","0","0"
"POINT (10.128588492000063 53.678486388000067)","Unfall 152317 (2023) Kat:3, Licht: 0","152317","3","3","5","03","11","4","","0","1","1","0","0"
"POINT (10.023378222000076 53.558619450000037)","Unfall 152318 (2023) Kat:3, Licht: 0","152318","3","3","5","03","13","4","","0","0","1","0","0"
"POINT (9.918518987000027 53.590922873000068)","Unfall 152319 (2023) Kat:3, Licht: 1","152319","3","2","6","03","06","4","","1","0","1","1","0"
"POINT (9.914812502000075 53.560932713000057)","Unfall 152320 (2023) Kat:3, Licht: 2","152320","3","7","0","03","19","4","","2","1","0","0","0"
"POINT (9.868658165000056 53.581379382000080)","Unfall 152321 (2023) Kat:3, Licht: 0","152321","3","2","4","03","16","4","","0","1","1","0","0"
"POINT (9.947404034000044 53.639727918000062)","Unfall 152322 (2023) Kat:3, Licht: 0","152322","3","4","6","03","07","4","","0","0","0","1","0"
"POINT (9.979518549000034 53.585733912000080)","Unfall 152323 (2023) Kat:3, Licht: 0","152323","3","7","0","03","09","4","","0","1","0","0","0"
"POINT (10.106620658000054 53.537967412000057)","Unfall 152324 (2023) Kat:3, Licht: 0","152324","3","2","6","02","12","3","","0","0","1","1","0"
"POINT (10.110158340000055 53.539394047000030)","Unfall 152325 (2023) Kat:3, Licht: 0","152325","3","3","6","02","08","3","","0","0","1","1","0"
"POINT (10.097049236000032 53.534166575000029)","Unfall 152326 (2023) Kat:3, Licht: 0","152326","3","5","5","02","15","3","","0","1","1","0","0"
"POINT (10.103442066000071 53.543185905000030)","Unfall 152327 (2023) Kat:3, Licht: 2","152327","3","6","0","02","20","3","","2","0","1","0","0"
"POINT (10.036700722000035 53.547064081000030)","Unfall 152328 (2023) Kat:3, Licht: 2","152328","3","2","2","02","06","3","","2","0","1","0","0"
"POINT (10.136670448000075 53.610380540000051)","Unfall 152329 (2023) Kat:3, Licht: 0","152329","3","3","5","02","07","3","","0","1","1","0","0"
"POINT (10.113790977000065 53.576494640000078)","Unfall 152330 (2023) Kat:3, Licht: 0","152330","3","2","0","02","18","3","","0","0","1","0","1"
"POINT (10.155070193000029 53.614552370000069)","Unfall 152331 (2023) Kat:3, Licht: 0","152331","3","6","3","02","07","3","","0","0","1","0","0"
"POINT (10.078946796000025 53.584965090000082)","Unfall 152332 (2023) Kat:3, Licht: 0","152332","3","6","3","02","16","3","","0","0","1","0","0"
"POINT (10.081045300000028 53.585291297000026)","Unfall 152333 (2023) Kat:3, Licht: 0","152333","3","6","3","02","13","3","","0","0","1","0","0"
"POINT (10.074770671000067 53.566415905000042)","Unfall 152334 (2023) Kat:3, Licht: 2","152334","3","2","4","02","20","3","","2","1","1","0","0"
"POINT (10.025335106000057 53.626758359000064)","Unfall 152335 (2023) Kat:3, Licht: 0","152335","3","2","3","02","07","3","","0","1","1","0","0"
"POINT (10.018306417000076 53.661407455000074)","Unfall 152336 (2023) Kat:3, Licht: 2","152336","3","7","0","02","23","3","","2","1","0","0","0"
"POINT (10.014918929000032 53.574650568000038)","Unfall 152337 (2023) Kat:3, Licht: 0","152337","3","2","2","02","17","3","","0","1","1","0","0"
"POINT (9.960764437000023 53.574133406000044)","Unfall 152338 (2023) Kat:3, Licht: 0","152338","3","6","3","02","16","3","","0","1","0","0","0"
"POINT (10.104393507000054 53.539014430000066)","Unfall 152339 (2023) Kat:3, Licht: 0","152339","3","6","2","03","13","6","","0","0","1","0","0"
"POINT (10.054126227000040 53.509087975000057)","Unfall 152340 (2023) Kat:3, Licht: 2","152340","3","7","0","02","19","2","","2","0","0","0","0"
"POINT (10.080792243000076 53.504560801000082)","Unfall 152341 (2023) Kat:2, Licht: 0","152341","2","6","2","02","11","2","","0","0","1","0","0"
"POINT (10.091208494000057 53.552997763000064)","Unfall 152342 (2023) Kat:3, Licht: 0","152342","3","5","1","02","13","2","","0","0","1","0","0"
"POINT (10.018770285000073 53.549340713000049)","Unfall 152343 (2023) Kat:3, Licht: 0","152343","3","1","0","02","16","2","","0","0","0","0","1"
"POINT (10.147156787000029 53.588817666000068)","Unfall 152344 (2023) Kat:3, Licht: 0","152344","3","2","6","02","07","2","","0","0","1","1","0"
"POINT (10.097150450000072 53.586455420000050)","Unfall 152345 (2023) Kat:3, Licht: 0","152345","3","6","4","02","10","2","","0","1","1","0","0"
"POINT (10.110490013000060 53.624288570000033)","Unfall 152346 (2023) Kat:3, Licht: 0","152346","3","5","5","02","10","2","","0","1","0","0","0"
"POINT (9.991774189000068 53.665990477000037)","Unfall 152347 (2023) Kat:3, Licht: 0","152347","3","3","5","02","07","2","","0","1","1","0","0"
"POINT (9.886820062000027 53.598783964000063)","Unfall 152348 (2023) Kat:3, Licht: 2","152348","3","2","3","02","19","2","","2","1","0","0","0"
"POINT (9.911919893000061 53.645656299000052)","Unfall 152349 (2023) Kat:3, Licht: 0","152349","3","3","5","02","16","2","","0","0","1","0","0"
"POINT (9.931214190000048 53.553080879000049)","Unfall 152350 (2023) Kat:3, Licht: 0","152350","3","3","5","02","16","2","","0","1","0","0","0"
"POINT (9.956838233000042 53.548407191000081)","Unfall 152351 (2023) Kat:3, Licht: 0","152351","3","7","1","02","09","2","","0","1","1","0","0"
"POINT (10.095695274000036 53.543122944000061)","Unfall 152352 (2023) Kat:3, Licht: 2","152352","3","2","4","02","19","1","","2","0","1","0","0"
"POINT (10.096598670000049 53.641132072000062)","Unfall 152353 (2023) Kat:3, Licht: 0","152353","3","2","3","02","09","1","","0","1","0","0","0"
"POINT (10.010966181000072 53.611883589000058)","Unfall 152354 (2023) Kat:3, Licht: 0","152354","3","5","5","02","12","1","","0","1","1","0","0"
"POINT (10.044516146000035 53.591243953000060)","Unfall 152355 (2023) Kat:3, Licht: 2","152355","3","7","0","02","21","1","","2","0","0","0","0"
"POINT (10.015523684000073 53.562663337000060)","Unfall 152356 (2023) Kat:3, Licht: 2","152356","3","3","5","02","01","1","","2","0","1","0","0"
"POINT (9.979009777000044 53.590213959000039)","Unfall 152357 (2023) Kat:2, Licht: 0","152357","2","3","5","02","16","1","","0","0","1","0","1"
"POINT (9.944667852000066 53.581621373000075)","Unfall 152358 (2023) Kat:3, Licht: 0","152358","3","7","0","02","14","1","","0","1","0","0","0"
"POINT (9.949524085000064 53.558705860000032)","Unfall 152359 (2023) Kat:3, Licht: 0","152359","3","2","4","02","15","1","","0","1","1","0","0"
"POINT (10.210455992000050 53.509781983000039)","Unfall 152360 (2023) Kat:3, Licht: 2","152360","3","1","1","02","01","7","","2","0","1","0","0"
"POINT (10.080265885000074 53.607752531000074)","Unfall 152361 (2023) Kat:3, Licht: 0","152361","3","1","0","02","13","7","","0","0","0","0","0"
"POINT (10.185224603000052 53.655341738000061)","Unfall 152362 (2023) Kat:3, Licht: 0","152362","3","2","4","02","16","7","","0","1","1","0","0"
"POINT (10.017994398000042 53.600492026000040)","Unfall 152363 (2023) Kat:3, Licht: 0","152363","3","6","2","02","12","7","","0","0","1","0","0"
"POINT (10.054553044000045 53.592053449000048)","Unfall 152364 (2023) Kat:3, Licht: 0","152364","3","6","2","02","15","7","","0","0","1","0","0"
"POINT (9.865112839000062 53.574217774000033)","Unfall 152365 (2023) Kat:3, Licht: 0","152365","3","1","8","02","10","7","","0","1","0","0","0"
"POINT (9.938662830000055 53.582309461000079)","Unfall 152366 (2023) Kat:3, Licht: 0","152366","3","3","5","02","09","7","","0","0","1","0","1"
"POINT (10.010891098000059 53.463075872000047)","Unfall 152367 (2023) Kat:3, Licht: 0","152367","3","2","4","02","15","6","","0","0","1","0","0"
"POINT (9.993987589000028 53.465257176000080)","Unfall 152368 (2023) Kat:2, Licht: 0","152368","2","2","4","02","14","6","","0","1","1","0","0"
"POINT (10.100890590000063 53.540415295000059)","Unfall 152369 (2023) Kat:3, Licht: 0","152369","3","3","5","02","12","6","","0","0","1","0","0"
"POINT (10.099972665000053 53.539581312000053)","Unfall 152370 (2023) Kat:3, Licht: 1","152370","3","2","6","02","06","6","","1","0","1","1","0"
"POINT (10.071121729000026 53.559162213000036)","Unfall 152371 (2023) Kat:3, Licht: 1","152371","3","6","3","02","06","6","","1","0","1","0","0"
"POINT (10.057156870000028 53.580176253000047)","Unfall 152372 (2023) Kat:3, Licht: 0","152372","3","2","4","02","13","6","","0","0","1","0","0"
"POINT (10.073623283000074 53.594917930000065)","Unfall 152373 (2023) Kat:3, Licht: 0","152373","3","5","3","02","16","6","","0","0","1","0","0"
"POINT (10.096312271000045 53.661052521000045)","Unfall 152374 (2023) Kat:3, Licht: 1","152374","3","5","1","02","07","6","","1","1","1","0","0"
"POINT (10.147783035000032 53.665849746000049)","Unfall 152375 (2023) Kat:3, Licht: 0","152375","3","5","1","02","13","6","","0","0","1","0","0"
"POINT (10.157872904000044 53.641477299000030)","Unfall 152376 (2023) Kat:3, Licht: 2","152376","3","7","4","02","06","6","","2","0","1","0","0"
"POINT (10.051153158000034 53.586553740000056)","Unfall 152377 (2023) Kat:3, Licht: 0","152377","3","3","5","02","14","6","","0","1","1","0","0"
"POINT (9.988375982000036 53.585390849000078)","Unfall 152378 (2023) Kat:3, Licht: 0","152378","3","6","2","02","14","6","","0","0","1","0","0"
"POINT (9.950583403000053 53.546336067000027)","Unfall 152379 (2023) Kat:3, Licht: 0","152379","3","6","2","02","15","6","","0","0","1","0","0"
"POINT (9.947468199000070 53.555621066000072)","Unfall 152380 (2023) Kat:3, Licht: 2","152380","3","6","2","02","20","6","","2","1","1","0","0"
"POINT (9.980374397000048 53.567870366000079)","Unfall 152381 (2023) Kat:3, Licht: 1","152381","3","4","0","02","17","6","","1","0","0","1","0"
"POINT (9.978498442000046 53.571028917000035)","Unfall 152382 (2023) Kat:2, Licht: 0","152382","2","3","5","02","13","6","","0","0","1","0","0"
"POINT (9.969483873000058 53.546147096000027)","Unfall 152383 (2023) Kat:3, Licht: 2","152383","3","2","6","02","21","6","","2","0","1","1","0"
"POINT (10.149820068000054 53.525954704000071)","Unfall 152384 (2023) Kat:3, Licht: 0","152384","3","3","5","02","13","5","","0","0","1","0","0"
"POINT (10.154399348000027 53.602528796000058)","Unfall 152385 (2023) Kat:3, Licht: 0","152385","3","6","3","02","13","5","","0","1","1","0","0"
"POINT (10.010200054000052 53.648858417000042)","Unfall 152386 (2023) Kat:3, Licht: 0","152386","3","6","0","02","15","5","","0","0","0","0","0"
"POINT (9.997375099000067 53.600058805000060)","Unfall 152387 (2023) Kat:3, Licht: 0","152387","3","4","6","02","12","5","","0","0","1","1","0"
"POINT (10.035715137000068 53.580178553000053)","Unfall 152388 (2023) Kat:3, Licht: 2","152388","3","3","5","02","05","5","","2","0","1","0","0"
"POINT (9.978174639000031 53.597555239000030)","Unfall 152389 (2023) Kat:3, Licht: 0","152389","3","3","5","02","08","5","","0","0","1","0","0"
"POINT (9.986518803000024 53.563135995000039)","Unfall 152390 (2023) Kat:3, Licht: 0","152390","3","7","3","02","10","5","","0","0","1","0","0"
"POINT (9.985158628000022 53.550981471000057)","Unfall 152391 (2023) Kat:3, Licht: 0","152391","3","1","0","02","10","5","","0","1","0","0","0"
"POINT (9.999115546000041 53.498657084000058)","Unfall 152392 (2023) Kat:3, Licht: 0","152392","3","2","4","02","09","4","","0","0","1","0","0"
"POINT (10.079834715000061 53.501451523000071)","Unfall 152393 (2023) Kat:3, Licht: 1","152393","3","2","6","02","06","4","","1","0","1","1","0"
"POINT (10.137873913000021 53.600120208000078)","Unfall 152394 (2023) Kat:3, Licht: 0","152394","3","7","0","02","08","4","","0","0","0","1","0"
"POINT (10.109072147000063 53.626578211000037)","Unfall 152395 (2023) Kat:3, Licht: 2","152395","3","2","5","02","18","4","","2","0","1","0","0"
"POINT (10.164272361000030 53.646759244000066)","Unfall 152396 (2023) Kat:3, Licht: 0","152396","3","3","5","02","14","4","","0","1","1","0","0"
"POINT (10.023752007000041 53.558392583000057)","Unfall 152397 (2023) Kat:3, Licht: 2","152397","3","3","5","02","21","4","","2","0","1","0","0"
"POINT (10.035632112000030 53.575223761000075)","Unfall 152398 (2023) Kat:3, Licht: 0","152398","3","6","3","02","15","4","","0","0","1","0","1"
"POINT (9.916340826000066 53.600181617000032)","Unfall 152399 (2023) Kat:3, Licht: 0","152399","3","2","3","02","15","4","","0","1","1","0","0"
"POINT (9.845136431000071 53.557188533000044)","Unfall 152400 (2023) Kat:3, Licht: 1","152400","3","3","5","02","06","4","","1","0","1","0","0"
"POINT (9.945413267000049 53.557079479000038)","Unfall 152401 (2023) Kat:3, Licht: 0","152401","3","3","5","02","16","4","","0","0","1","0","1"
"POINT (9.969900079000070 53.573006575000079)","Unfall 152402 (2023) Kat:3, Licht: 2","152402","3","7","0","02","19","4","","2","1","0","0","0"
"POINT (10.186806204000050 53.490542727000047)","Unfall 152403 (2023) Kat:3, Licht: 0","152403","3","3","5","02","07","3","","0","0","0","0","0"
"POINT (10.083899921000068 53.541949015000057)","Unfall 152404 (2023) Kat:2, Licht: 0","152404","2","3","5","02","14","3","","0","1","0","0","0"
"POINT (10.114578871000049 53.545229031000076)","Unfall 152405 (2023) Kat:1, Licht: 0","152405","1","1","9","02","13","3","","0","1","0","0","0"
"POINT (10.154575101000034 53.598892934000048)","Unfall 152406 (2023) Kat:3, Licht: 0","152406","3","2","5","02","17","3","","0","0","1","0","0"
"POINT (10.072213141000077 53.608713215000080)","Unfall 152407 (2023) Kat:3, Licht: 2","152407","3","1","0","02","23","3","","2","0","1","0","0"
"POINT (10.050953036000067 53.644042845000058)","Unfall 152408 (2023) Kat:3, Licht: 0","152408","3","5","1","02","13","3","","0","0","1","0","0"
"POINT (10.012610560000041 53.640965208000068)","Unfall 152409 (2023) Kat:3, Licht: 1","152409","3","5","5","02","16","3","","1","1","0","0","0"
"POINT (10.022573570000077 53.559980345000042)","Unfall 152410 (2023) Kat:3, Licht: 2","152410","3","5","1","02","20","3","","2","0","1","0","0"
"POINT (9.819668840000077 53.561763324000026)","Unfall 152411 (2023) Kat:3, Licht: 2","152411","3","2","3","02","18","3","","2","1","1","0","0"
"POINT (9.867303537000055 53.599360150000052)","Unfall 152412 (2023) Kat:3, Licht: 0","152412","3","7","0","02","12","3","","0","1","0","0","0"
"POINT (9.978671489000021 53.590120192000029)","Unfall 152413 (2023) Kat:3, Licht: 2","152413","3","4","6","02","19","3","","2","0","1","1","0"
"POINT (9.989591581000070 53.563385912000058)","Unfall 152414 (2023) Kat:3, Licht: 0","152414","3","6","3","02","09","3","","0","1","1","0","0"
"POINT (10.019217829000070 53.552929885000026)","Unfall 152415 (2023) Kat:3, Licht: 0","152415","3","7","6","02","08","3","","0","1","0","1","0"
"POINT (9.968179602000021 53.435947424000062)","Unfall 152416 (2023) Kat:3, Licht: 0","152416","3","6","2","02","15","2","","0","0","1","0","0"
"POINT (10.023767356000064 53.529042134000065)","Unfall 152417 (2023) Kat:3, Licht: 0","152417","3","6","3","02","13","2","","0","0","1","0","0"
"POINT (10.108425269000065 53.537415596000073)","Unfall 152418 (2023) Kat:2, Licht: 0","152418","2","1","8","02","12","2","","0","0","1","0","0"
"POINT (10.057507168000029 53.554743954000060)","Unfall 152419 (2023) Kat:3, Licht: 2","152419","3","2","3","02","19","2","","2","0","1","0","0"
"POINT (10.141447513000060 53.584671025000034)","Unfall 152420 (2023) Kat:3, Licht: 0","152420","3","6","6","02","16","2","","0","0","1","1","0"
"POINT (10.110453614000050 53.594078348000039)","Unfall 152421 (2023) Kat:3, Licht: 0","152421","3","1","9","02","07","2","","0","0","1","0","0"
"POINT (10.068887857000050 53.608579920000068)","Unfall 152422 (2023) Kat:3, Licht: 2","152422","3","4","6","02","17","2","","2","1","0","1","0"
"POINT (10.137051410000026 53.654786066000042)","Unfall 152423 (2023) Kat:3, Licht: 0","152423","3","3","5","02","14","2","","0","1","1","0","0"
"POINT (10.013622411000028 53.599923314000080)","Unfall 152424 (2023) Kat:3, Licht: 0","152424","3","2","2","02","12","2","","0","0","1","0","0"
"POINT (10.009985419000031 53.583261264000043)","Unfall 152425 (2023) Kat:3, Licht: 0","152425","3","6","2","02","16","2","","0","0","1","0","1"
"POINT (10.056043140000043 53.591411394000033)","Unfall 152426 (2023) Kat:3, Licht: 2","152426","3","3","5","02","23","2","","2","0","1","0","0"
"POINT (9.954909251000061 53.623640187000035)","Unfall 152427 (2023) Kat:3, Licht: 0","152427","3","2","4","02","12","2","","0","0","1","0","0"
"POINT (10.023579658000074 53.626459277000038)","Unfall 152428 (2023) Kat:3, Licht: 0","152428","3","3","5","02","07","3","","0","0","1","0","1"
"POINT (9.952336410000044 53.567336381000075)","Unfall 152429 (2023) Kat:3, Licht: 2","152429","3","7","0","02","06","2","","2","1","0","0","0"
"POINT (9.983954629000038 53.549445462000051)","Unfall 152430 (2023) Kat:3, Licht: 0","152430","3","4","6","03","13","6","","0","0","1","1","0"
"POINT (9.967526482000039 53.550578338000037)","Unfall 152431 (2023) Kat:3, Licht: 2","152431","3","6","4","02","20","2","","2","1","1","0","0"
"POINT (10.193770286000074 53.502911998000059)","Unfall 152432 (2023) Kat:3, Licht: 1","152432","3","5","1","02","16","1","","1","0","1","0","0"
"POINT (9.941706561000046 53.613177103000055)","Unfall 152433 (2023) Kat:3, Licht: 0","152433","3","6","4","02","12","1","","0","1","1","0","0"
"POINT (9.957996009000055 53.553172302000064)","Unfall 152434 (2023) Kat:2, Licht: 2","152434","2","7","2","02","20","1","","2","1","1","0","0"
"POINT (10.111423593000040 53.531114398000057)","Unfall 152435 (2023) Kat:3, Licht: 0","152435","3","6","4","02","10","7","","0","0","1","0","0"
"POINT (10.044049895000057 53.594430919000047)","Unfall 152436 (2023) Kat:3, Licht: 0","152436","3","7","0","02","09","2","","0","0","0","0","0"
"POINT (10.061296068000047 53.560375119000071)","Unfall 152437 (2023) Kat:3, Licht: 0","152437","3","2","3","02","11","7","","0","1","1","0","0"
"POINT (10.150519601000042 53.600634596000077)","Unfall 152438 (2023) Kat:3, Licht: 2","152438","3","3","5","02","18","7","","2","1","1","0","0"
"POINT (10.091834723000034 53.635345881000035)","Unfall 152439 (2023) Kat:3, Licht: 0","152439","3","7","0","02","11","7","","0","0","1","0","0"
"POINT (10.010225012000035 53.584429148000027)","Unfall 152440 (2023) Kat:3, Licht: 2","152440","3","7","6","02","19","7","","2","0","0","1","0"
"POINT (9.851463515000034 53.588657634000072)","Unfall 152441 (2023) Kat:3, Licht: 0","152441","3","5","1","02","14","7","","0","0","1","0","0"
"POINT (9.869247624000025 53.562743470000044)","Unfall 152442 (2023) Kat:3, Licht: 0","152442","3","3","5","02","11","7","","0","0","1","0","0"
"POINT (9.970618655000067 53.557252323000057)","Unfall 152443 (2023) Kat:3, Licht: 0","152443","3","7","0","02","08","7","","0","1","0","0","0"
"POINT (10.184415252000065 53.489808484000037)","Unfall 152444 (2023) Kat:3, Licht: 2","152444","3","4","6","02","18","6","","2","0","1","1","0"
"POINT (10.117373384000075 53.607139428000039)","Unfall 152445 (2023) Kat:3, Licht: 0","152445","3","6","2","02","14","6","","0","0","1","0","0"
"POINT (10.136439503000076 53.593292193000082)","Unfall 152446 (2023) Kat:3, Licht: 0","152446","3","7","6","02","10","6","","0","0","1","1","0"
"POINT (10.071116800000027 53.571993368000051)","Unfall 152447 (2023) Kat:3, Licht: 0","152447","3","3","5","02","07","6","","0","0","1","0","0"
"POINT (10.010849559000064 53.650319601000035)","Unfall 152448 (2023) Kat:3, Licht: 0","152448","3","7","1","02","13","6","","0","1","1","0","0"
"POINT (10.035655071000065 53.591152975000057)","Unfall 152449 (2023) Kat:3, Licht: 0","152449","3","2","2","02","12","6","","0","1","1","0","0"
"POINT (10.011518846000058 53.608965023000053)","Unfall 152450 (2023) Kat:3, Licht: 0","152450","3","3","5","02","09","6","","0","0","1","0","0"
"POINT (10.055771537000055 53.569307807000030)","Unfall 152451 (2023) Kat:3, Licht: 0","152451","3","6","2","02","15","6","","0","0","1","0","0"
"POINT (10.012806312000066 53.573382429000048)","Unfall 152452 (2023) Kat:3, Licht: 0","152452","3","2","3","02","11","6","","0","0","1","0","0"
"POINT (10.028510266000069 53.564281041000072)","Unfall 152453 (2023) Kat:3, Licht: 0","152453","3","6","4","02","09","6","","0","1","1","0","0"
"POINT (9.887056618000031 53.560538454000039)","Unfall 152454 (2023) Kat:3, Licht: 0","152454","3","3","5","02","16","6","","0","0","1","0","0"
"POINT (9.955209901000046 53.635179337000068)","Unfall 152455 (2023) Kat:3, Licht: 0","152455","3","5","1","02","15","6","","0","1","1","0","0"
"POINT (9.943857556000069 53.604412270000068)","Unfall 152456 (2023) Kat:3, Licht: 0","152456","3","5","1","02","12","6","","0","1","1","0","0"
"POINT (9.990382570000065 53.550080589000061)","Unfall 152457 (2023) Kat:2, Licht: 0","152457","2","3","5","02","15","6","","0","1","0","0","0"
"POINT (9.967233674000056 53.515655549000030)","Unfall 152458 (2023) Kat:3, Licht: 1","152458","3","3","5","02","06","6","","1","0","1","0","0"
"POINT (10.051378887000055 53.586741650000079)","Unfall 152459 (2023) Kat:3, Licht: 0","152459","3","7","0","03","08","5","","0","0","0","0","0"
"POINT (10.011331311000049 53.516770210000061)","Unfall 152460 (2023) Kat:3, Licht: 0","152460","3","7","0","02","12","5","","0","0","1","0","0"
"POINT (9.993387275000032 53.500201862000040)","Unfall 152461 (2023) Kat:3, Licht: 0","152461","3","6","2","02","12","5","","0","0","1","0","0"
"POINT (10.133448856000030 53.530290706000073)","Unfall 152462 (2023) Kat:3, Licht: 2","152462","3","6","2","02","21","5","","2","0","1","0","0"
"POINT (10.108253388000037 53.541087898000058)","Unfall 152463 (2023) Kat:3, Licht: 0","152463","3","7","5","02","11","5","","0","1","1","0","0"
"POINT (10.153878463000069 53.587394548000077)","Unfall 152464 (2023) Kat:3, Licht: 0","152464","3","6","2","02","09","5","","0","0","1","0","0"
"POINT (10.115670857000055 53.571023106000041)","Unfall 152465 (2023) Kat:3, Licht: 1","152465","3","3","5","02","07","5","","1","0","1","0","0"
"POINT (10.152199607000057 53.616023132000066)","Unfall 152466 (2023) Kat:3, Licht: 0","152466","3","3","5","02","07","5","","0","0","1","0","0"
"POINT (10.081776129000048 53.642146379000053)","Unfall 152467 (2023) Kat:3, Licht: 2","152467","3","1","0","02","21","5","","2","1","0","0","0"
"POINT (10.031750968000040 53.575669246000075)","Unfall 152468 (2023) Kat:3, Licht: 1","152468","3","1","0","02","18","5","","1","0","0","0","0"
"POINT (9.884142852000025 53.554726065000068)","Unfall 152469 (2023) Kat:3, Licht: 0","152469","3","6","0","02","10","5","","0","1","0","0","0"
"POINT (9.951680350000061 53.599779434000027)","Unfall 152470 (2023) Kat:3, Licht: 0","152470","3","4","6","02","17","5","","0","0","1","1","0"