WKT,Name,OBJECTID,UKATEGORIE,UTYP1,UART,UMONAT,USTUNDE,UWOCHENTAG,STRZUSTAND,ULICHTVERH,ISTRAD,ISTPKW,ISTFUSS,ISTKRAD
"POINT (9.978672204000077 53.590120490000061)","Unfall 152471 (2023) Kat:3, Licht: 0","152471","3","4","6","02","15","5","","0","0","1","1","0"
"POINT (9.936095429000034 53.555837559000054)","Unfall 152472 (2023) Kat:3, Licht: 0","152472","3","2","4","02","16","5","","0","1","1","0","0"
"POINT (9.977609223000059 53.571507771000029)","Unfall 152473 (2023) Kat:3, Licht: 0","152473","3","4","6","02","10","5","","0","0","0","1","0"
"POINT (9.978234167000039 53.571105610000075)","Unfall 152474 (2023) Kat:3, Licht: 2","152474","3","1","0","02","00","5","","2","1","0","0","0"
"POINT (9.962759944000027 53.552424384000062)","Unfall 152475 (2023) Kat:3, Licht: 2","152475","3","3","5","02","21","5","","2","1","1","0","0"
"POINT (9.953236040000036 53.546521104000078)","Unfall 152476 (2023) Kat:3, Licht: 0","152476","3","6","2","02","11","5","","0","0","1","0","0"
"POINT (9.979577687000074 53.481136070000048)","Unfall 152477 (2023) Kat:3, Licht: 2","152477","3","6","2","02","23","5","","2","0","1","0","0"
"POINT (9.982002067000053 53.461011954000071)","Unfall 152478 (2023) Kat:2, Licht: 0","152478","2","4","6","02","15","4","","0","0","0","1","0"
"POINT (9.990482007000026 53.458884889000046)","Unfall 152479 (2023) Kat:3, Licht: 0","152479","3","6","2","02","11","4","","0","0","1","0","0"
"POINT (9.976430856000036 53.454840272000069)","Unfall 152480 (2023) Kat:3, Licht: 0","152480","3","3","5","02","08","4","","0","1","1","0","0"
"POINT (10.021231243000045 53.517547490000027)","Unfall 152481 (2023) Kat:3, Licht: 0","152481","3","6","3","02","15","4","","0","0","1","0","0"
"POINT (10.207070472000055 53.489658927000050)","Unfall 152482 (2023) Kat:3, Licht: 1","152482","3","7","5","02","17","4","","1","0","0","0","0"
"POINT (10.184492870000042 53.486587210000039)","Unfall 152483 (2023) Kat:3, Licht: 0","152483","3","7","0","02","16","4","","0","1","0","0","0"
"POINT (10.030734221000046 53.559461414000054)","Unfall 152484 (2023) Kat:3, Licht: 0","152484","3","7","1","02","13","4","","0","0","1","0","0"
"POINT (10.055522835000033 53.591219993000038)","Unfall 152485 (2023) Kat:3, Licht: 0","152485","3","6","2","02","09","4","","0","0","1","0","0"
"POINT (9.939702048000072 53.593546419000063)","Unfall 152486 (2023) Kat:3, Licht: 0","152486","3","3","5","02","13","4","","0","1","1","0","0"
"POINT (9.900706873000047 53.592557826000075)","Unfall 152487 (2023) Kat:3, Licht: 1","152487","3","6","2","02","17","4","","1","0","1","0","0"
"POINT (9.898539588000062 53.631281620000038)","Unfall 152488 (2023) Kat:3, Licht: 0","152488","3","5","1","02","14","4","","0","0","1","0","0"
"POINT (9.948445896000067 53.560090930000058)","Unfall 152489 (2023) Kat:3, Licht: 0","152489","3","6","3","02","15","4","","0","0","1","0","0"
"POINT (9.964866602000029 53.560082378000061)","Unfall 152490 (2023) Kat:3, Licht: 0","152490","3","2","3","02","15","4","","0","1","0","0","0"
"POINT (9.962378478000062 53.549466574000064)","Unfall 152491 (2023) Kat:3, Licht: 1","152491","3","2","0","02","17","4","","1","1","1","0","0"
"POINT (10.013232149000032 53.554127068000071)","Unfall 152492 (2023) Kat:3, Licht: 1","152492","3","2","6","02","07","4","","1","1","1","1","0"
"POINT (10.001977623000073 53.500797520000049)","Unfall 152493 (2023) Kat:3, Licht: 0","152493","3","2","4","02","16","3","","0","0","1","0","0"
"POINT (10.018687355000054 53.491682492000052)","Unfall 152494 (2023) Kat:3, Licht: 0","152494","3","6","2","02","11","3","","0","0","1","0","0"
"POINT (10.155066083000065 53.613306067000053)","Unfall 152495 (2023) Kat:3, Licht: 0","152495","3","6","2","02","14","3","","0","0","1","0","0"
"POINT (10.150416725000071 53.628346512000064)","Unfall 152496 (2023) Kat:3, Licht: 2","152496","3","4","6","02","18","3","","2","0","1","1","0"
"POINT (10.016083382000033 53.634581993000040)","Unfall 152497 (2023) Kat:3, Licht: 0","152497","3","2","4","02","14","3","","0","0","1","0","0"
"POINT (10.042141228000048 53.571748764000063)","Unfall 152498 (2023) Kat:3, Licht: 2","152498","3","2","4","02","19","3","","2","1","1","0","0"
"POINT (10.024953359000051 53.562548364000065)","Unfall 152499 (2023) Kat:3, Licht: 2","152499","3","7","0","02","22","3","","2","1","0","0","0"
"POINT (9.860746266000035 53.597935505000066)","Unfall 152500 (2023) Kat:3, Licht: 0","152500","3","2","2","02","16","3","","0","0","1","0","0"
"POINT (9.928621493000037 53.629255172000057)","Unfall 152501 (2023) Kat:3, Licht: 2","152501","3","2","6","02","20","3","","2","0","1","1","0"
"POINT (9.980676035000045 53.587642853000034)","Unfall 152502 (2023) Kat:3, Licht: 0","152502","3","7","0","02","12","3","","0","1","1","0","0"
"POINT (9.957073054000034 53.575028885000052)","Unfall 152503 (2023) Kat:3, Licht: 2","152503","3","7","0","02","19","3","","2","1","0","0","0"
"POINT (9.982444543000042 53.568136053000046)","Unfall 152504 (2023) Kat:3, Licht: 1","152504","3","4","6","02","18","3","","1","0","0","1","0"
"POINT (9.993585041000074 53.558402689000047)","Unfall 152505 (2023) Kat:3, Licht: 0","152505","3","6","4","02","15","3","","0","1","0","0","0"
"POINT (10.002180434000024 53.500968451000062)","Unfall 152506 (2023) Kat:3, Licht: 0","152506","3","6","2","02","15","2","","0","0","1","0","0"
"POINT (10.084807246000025 53.553505392000034)","Unfall 152507 (2023) Kat:3, Licht: 0","152507","3","7","0","02","09","2","","0","0","0","0","0"
"POINT (10.122224896000034 53.566868166000063)","Unfall 152508 (2023) Kat:3, Licht: 2","152508","3","6","2","02","05","2","","2","0","1","0","0"
"POINT (10.119905757000026 53.606289629000059)","Unfall 152509 (2023) Kat:3, Licht: 0","152509","3","3","5","02","19","2","","0","0","1","0","0"
"POINT (10.077362102000052 53.570308693000072)","Unfall 152510 (2023) Kat:3, Licht: 0","152510","3","3","5","02","16","2","","0","1","0","0","0"
"POINT (10.068702495000025 53.601240227000062)","Unfall 152511 (2023) Kat:3, Licht: 2","152511","3","2","4","02","20","2","","2","0","1","0","0"
"POINT (10.019548180000072 53.654618245000052)","Unfall 152512 (2023) Kat:3, Licht: 0","152512","3","6","3","02","13","2","","0","1","0","0","0"
"POINT (10.025094593000063 53.569222910000065)","Unfall 152513 (2023) Kat:3, Licht: 0","152513","3","2","0","02","08","2","","0","1","1","0","0"
"POINT (10.016745904000061 53.565944981000030)","Unfall 152514 (2023) Kat:3, Licht: 0","152514","3","3","5","02","13","2","","0","1","0","0","0"
"POINT (10.019054739000069 53.565069177000055)","Unfall 152515 (2023) Kat:3, Licht: 0","152515","3","2","2","02","08","2","","0","0","1","0","0"
"POINT (9.823337757000047 53.575691214000074)","Unfall 152516 (2023) Kat:3, Licht: 0","152516","3","2","1","02","15","2","","0","0","1","0","0"
"POINT (9.966012043000035 53.578529456000069)","Unfall 152517 (2023) Kat:3, Licht: 1","152517","3","3","5","02","16","2","","1","1","1","0","0"
"POINT (9.963296264000064 53.591576821000046)","Unfall 152518 (2023) Kat:3, Licht: 0","152518","3","7","0","02","07","2","","0","0","1","1","0"
"POINT (9.994252935000077 53.558902455000066)","Unfall 152519 (2023) Kat:3, Licht: 1","152519","3","3","5","02","20","2","","1","1","1","0","0"
"POINT (9.988908967000043 53.556410150000033)","Unfall 152520 (2023) Kat:3, Licht: 2","152520","3","7","0","02","22","2","","2","0","0","0","1"
"POINT (10.009687793000069 53.549954466000031)","Unfall 152521 (2023) Kat:3, Licht: 0","152521","3","7","0","02","08","2","","0","1","0","0","0"
"POINT (10.166322692000051 53.514460923000058)","Unfall 152522 (2023) Kat:3, Licht: 0","152522","3","7","2","02","12","1","","0","0","1","0","0"
"POINT (10.036731536000048 53.597893770000042)","Unfall 152523 (2023) Kat:3, Licht: 0","152523","3","7","0","02","10","1","","0","1","0","0","0"
"POINT (9.917648359000054 53.599466983000070)","Unfall 152524 (2023) Kat:3, Licht: 2","152524","3","2","3","02","18","1","","2","1","1","0","0"
"POINT (9.915472642000054 53.571319248000066)","Unfall 152525 (2023) Kat:3, Licht: 0","152525","3","1","0","02","13","1","","0","1","0","0","0"
"POINT (9.948402371000043 53.558409851000079)","Unfall 152526 (2023) Kat:3, Licht: 2","152526","3","6","3","02","19","1","","2","0","1","0","1"
"POINT (9.991343981000057 53.558039099000041)","Unfall 152527 (2023) Kat:3, Licht: 2","152527","3","6","3","02","04","1","","2","0","1","0","0"
"POINT (10.253248992000067 53.417919352000069)","Unfall 152528 (2023) Kat:2, Licht: 2","152528","2","5","1","02","17","7","","2","0","1","0","0"
"POINT (10.084349302000021 53.669590057000050)","Unfall 152529 (2023) Kat:3, Licht: 0","152529","3","6","4","02","14","7","","0","0","1","0","0"
"POINT (10.006325146000052 53.654297042000053)","Unfall 152530 (2023) Kat:3, Licht: 1","152530","3","2","4","02","16","7","","1","0","1","0","0"
"POINT (10.056132909000041 53.591372355000033)","Unfall 152531 (2023) Kat:3, Licht: 1","152531","3","2","6","02","20","7","","1","0","1","1","0"
"POINT (9.885105308000050 53.565201343000069)","Unfall 152532 (2023) Kat:3, Licht: 0","152532","3","3","5","02","11","7","","0","0","1","0","1"
"POINT (9.947978365000040 53.553515446000063)","Unfall 152533 (2023) Kat:2, Licht: 0","152533","2","3","5","02","10","7","","0","0","1","0","1"
"POINT (10.047116287000051 53.558604505000062)","Unfall 152534 (2023) Kat:3, Licht: 0","152534","3","6","3","02","13","6","","0","0","1","0","0"
"POINT (10.132023159000028 53.597323280000069)","Unfall 152535 (2023) Kat:3, Licht: 2","152535","3","6","2","02","22","6","","2","0","1","0","0"
"POINT (10.133232106000037 53.603185792000033)","Unfall 152536 (2023) Kat:3, Licht: 2","152536","3","4","6","02","20","6","","2","0","1","1","0"
"POINT (10.081623537000041 53.571491288000061)","Unfall 152537 (2023) Kat:3, Licht: 0","152537","3","7","6","02","13","6","","0","0","1","1","0"
"POINT (10.071143511000059 53.606161526000051)","Unfall 152538 (2023) Kat:3, Licht: 2","152538","3","6","2","02","17","6","","2","0","1","0","0"
"POINT (10.102078405000043 53.647182107000049)","Unfall 152539 (2023) Kat:3, Licht: 1","152539","3","2","4","02","18","6","","1","0","1","0","0"
"POINT (10.126830670000061 53.671154885000078)","Unfall 152540 (2023) Kat:3, Licht: 2","152540","3","2","6","02","07","6","","2","0","1","1","0"
"POINT (9.917803953000032 53.557036361000030)","Unfall 152541 (2023) Kat:3, Licht: 2","152541","3","7","1","02","23","6","","2","1","1","0","0"
"POINT (9.955635237000024 53.592513105000080)","Unfall 152542 (2023) Kat:3, Licht: 0","152542","3","5","1","02","15","6","","0","1","1","0","0"
"POINT (9.952044500000056 53.577273945000059)","Unfall 152543 (2023) Kat:2, Licht: 2","152543","2","1","0","02","20","6","","2","1","0","0","0"
"POINT (9.930193433000056 53.551315381000052)","Unfall 152544 (2023) Kat:3, Licht: 2","152544","3","5","5","02","18","6","","2","1","1","0","0"
"POINT (9.983450806000064 53.564955836000081)","Unfall 152545 (2023) Kat:3, Licht: 0","152545","3","3","5","02","12","6","","0","1","0","0","0"
"POINT (9.979767880000054 53.578838863000044)","Unfall 152546 (2023) Kat:3, Licht: 0","152546","3","3","5","02","11","6","","0","0","1","0","0"
"POINT (10.013386361000073 53.552543455000034)","Unfall 152547 (2023) Kat:3, Licht: 0","152547","3","6","3","02","13","6","","0","0","1","0","0"
"POINT (10.201556087000029 53.484960093000041)","Unfall 152548 (2023) Kat:3, Licht: 2","152548","3","3","5","02","06","5","","2","0","1","0","0"
"POINT (10.053412373000072 53.560905174000027)","Unfall 152549 (2023) Kat:3, Licht: 0","152549","3","6","2","02","12","5","","0","0","1","0","0"
"POINT (10.041676401000075 53.550983400000064)","Unfall 152550 (2023) Kat:3, Licht: 0","152550","3","3","5","02","11","5","","0","0","1","0","0"
"POINT (10.152704305000043 53.596547645000044)","Unfall 152551 (2023) Kat:3, Licht: 0","152551","3","2","3","02","11","5","","0","1","1","0","0"
"POINT (10.146750007000037 53.590741340000079)","Unfall 152552 (2023) Kat:3, Licht: 0","152552","3","3","5","02","08","5","","0","1","1","0","0"
"POINT (10.156657091000056 53.614323451000075)","Unfall 152553 (2023) Kat:3, Licht: 0","152553","3","6","2","02","09","5","","0","0","1","0","0"
"POINT (10.076059648000069 53.589329925000072)","Unfall 152554 (2023) Kat:2, Licht: 0","152554","2","3","5","02","08","5","","0","1","1","0","0"
"POINT (10.085228725000036 53.586191894000081)","Unfall 152555 (2023) Kat:3, Licht: 1","152555","3","2","6","02","07","5","","1","0","1","1","0"
"POINT (10.094822063000038 53.639239009000050)","Unfall 152556 (2023) Kat:3, Licht: 1","152556","3","2","4","02","07","5","","1","0","1","0","0"
"POINT (10.026128043000028 53.623555673000055)","Unfall 152557 (2023) Kat:3, Licht: 0","152557","3","6","2","02","15","5","","0","0","1","0","0"
"POINT (10.049202656000034 53.574781554000026)","Unfall 152558 (2023) Kat:3, Licht: 2","152558","3","2","3","02","07","5","","2","1","1","0","0"
"POINT (9.952310231000070 53.567299463000040)","Unfall 152559 (2023) Kat:3, Licht: 0","152559","3","7","0","02","13","5","","0","1","0","0","0"
"POINT (9.993957883000064 53.572864462000041)","Unfall 152560 (2023) Kat:3, Licht: 0","152560","3","2","2","02","12","5","","0","0","1","0","0"
"POINT (9.985985653000057 53.563433867000072)","Unfall 152561 (2023) Kat:3, Licht: 0","152561","3","7","3","02","13","5","","0","0","1","0","0"
"POINT (9.960145086000068 53.550577950000047)","Unfall 152562 (2023) Kat:3, Licht: 2","152562","3","7","1","02","20","5","","2","1","1","0","0"
"POINT (10.047622148000073 53.573188533000064)","Unfall 152563 (2023) Kat:3, Licht: 0","152563","3","4","6","03","08","6","","0","1","0","1","0"
"POINT (10.234386865000033 53.483088259000056)","Unfall 152564 (2023) Kat:3, Licht: 0","152564","3","5","6","02","07","4","","0","0","1","1","0"
"POINT (10.083188763000067 53.549825057000078)","Unfall 152565 (2023) Kat:3, Licht: 0","152565","3","4","6","02","15","4","","0","0","1","1","0"
"POINT (10.034118833000036 53.554680663000056)","Unfall 152566 (2023) Kat:3, Licht: 2","152566","3","6","3","02","17","4","","2","0","1","0","0"
"POINT (10.150610185000062 53.628334845000040)","Unfall 152567 (2023) Kat:3, Licht: 0","152567","3","5","5","02","16","4","","0","1","1","0","0"
"POINT (10.082102677000023 53.567925901000081)","Unfall 152568 (2023) Kat:2, Licht: 0","152568","2","4","6","02","07","4","","0","0","0","1","0"
"POINT (10.100380680000058 53.584507312000028)","Unfall 152569 (2023) Kat:2, Licht: 1","152569","2","2","3","02","17","4","","1","1","0","0","0"
"POINT (10.024228767000068 53.564511827000047)","Unfall 152570 (2023) Kat:3, Licht: 0","152570","3","4","6","02","11","4","","0","0","0","1","1"
"POINT (10.031381303000046 53.576140217000045)","Unfall 152571 (2023) Kat:3, Licht: 0","152571","3","3","5","02","14","4","","0","0","1","0","0"
"POINT (9.914587929000049 53.601197079000030)","Unfall 152572 (2023) Kat:3, Licht: 1","152572","3","2","3","02","17","4","","1","0","1","0","0"
"POINT (9.873886519000052 53.564811965000047)","Unfall 152573 (2023) Kat:3, Licht: 0","152573","3","2","4","02","07","4","","0","1","1","0","0"
"POINT (9.884353468000029 53.601118301000042)","Unfall 152574 (2023) Kat:3, Licht: 0","152574","3","4","6","02","09","4","","0","0","1","1","0"
"POINT (9.929447001000028 53.629320388000053)","Unfall 152575 (2023) Kat:3, Licht: 1","152575","3","7","0","02","07","4","","1","1","0","0","0"
"POINT (10.180394468000031 53.486291521000055)","Unfall 152576 (2023) Kat:3, Licht: 0","152576","3","4","6","02","16","3","","0","1","0","1","0"
"POINT (10.183800702000042 53.486389541000051)","Unfall 152577 (2023) Kat:3, Licht: 0","152577","3","5","5","02","07","3","","0","1","1","0","0"
"POINT (10.044243121000022 53.608968049000055)","Unfall 152578 (2023) Kat:3, Licht: 0","152578","3","2","4","02","14","3","","0","0","0","0","0"
"POINT (10.085491793000074 53.627075374000071)","Unfall 152579 (2023) Kat:3, Licht: 0","152579","3","6","2","02","14","3","","0","0","1","0","0"
"POINT (10.088039561000073 53.655947960000049)","Unfall 152580 (2023) Kat:3, Licht: 0","152580","3","3","5","02","11","3","","0","0","1","0","0"
"POINT (10.097388992000049 53.662136934000046)","Unfall 152581 (2023) Kat:2, Licht: 0","152581","2","5","1","02","09","3","","0","0","1","0","0"
"POINT (10.000315671000067 53.679924860000028)","Unfall 152582 (2023) Kat:3, Licht: 0","152582","3","3","5","02","14","3","","0","0","1","0","0"
"POINT (10.016868634000048 53.563634410000077)","Unfall 152583 (2023) Kat:3, Licht: 0","152583","3","6","2","02","07","3","","0","0","1","0","0"
"POINT (9.944001583000045 53.586364530000026)","Unfall 152584 (2023) Kat:3, Licht: 0","152584","3","7","1","02","07","3","","0","1","1","0","0"
"POINT (9.885305920000064 53.605375475000073)","Unfall 152585 (2023) Kat:3, Licht: 0","152585","3","5","6","02","15","3","","0","0","1","1","0"
"POINT (9.866299219000041 53.585328662000052)","Unfall 152586 (2023) Kat:3, Licht: 0","152586","3","4","6","02","17","3","","0","0","1","1","0"
"POINT (9.928627862000042 53.629399728000067)","Unfall 152587 (2023) Kat:3, Licht: 0","152587","3","2","4","02","13","3","","0","1","1","0","0"
"POINT (9.948988209000049 53.576555605000067)","Unfall 152588 (2023) Kat:3, Licht: 2","152588","3","2","3","02","18","3","","2","1","1","0","0"
"POINT (9.956172843000047 53.563479927000060)","Unfall 152589 (2023) Kat:3, Licht: 0","152589","3","1","0","02","13","3","","0","1","0","0","0"
"POINT (9.930215955000051 53.551351488000080)","Unfall 152590 (2023) Kat:3, Licht: 0","152590","3","7","0","02","15","3","","0","1","0","0","0"
"POINT (9.989849991000028 53.447729504000051)","Unfall 152591 (2023) Kat:3, Licht: 2","152591","3","6","2","02","19","2","","2","0","1","0","0"
"POINT (9.931268749000026 53.427035955000065)","Unfall 152592 (2023) Kat:2, Licht: 2","152592","2","1","8","02","04","2","","2","0","1","0","0"
"POINT (10.004895479000027 53.497103121000066)","Unfall 152593 (2023) Kat:3, Licht: 2","152593","3","5","5","02","17","2","","2","0","1","0","0"
"POINT (10.148957569000061 53.606412869000053)","Unfall 152594 (2023) Kat:3, Licht: 2","152594","3","6","0","02","19","2","","2","0","1","0","0"
"POINT (10.154932359000043 53.587654266000072)","Unfall 152595 (2023) Kat:3, Licht: 0","152595","3","3","5","02","07","2","","0","0","1","0","0"
"POINT (10.037103345000048 53.611220624000055)","Unfall 152596 (2023) Kat:3, Licht: 0","152596","3","2","4","02","07","2","","0","0","1","0","1"
"POINT (10.082177402000070 53.608117559000050)","Unfall 152597 (2023) Kat:3, Licht: 2","152597","3","7","0","02","21","2","","2","0","0","0","1"
"POINT (10.041996700000027 53.584682907000058)","Unfall 152598 (2023) Kat:3, Licht: 2","152598","3","3","5","02","20","2","","2","0","1","0","0"
"POINT (9.999088608000022 53.498711233000051)","Unfall 152599 (2023) Kat:3, Licht: 0","152599","3","2","4","02","13","2","","0","0","1","0","0"
"POINT (10.026713465000057 53.574187815000073)","Unfall 152600 (2023) Kat:3, Licht: 0","152600","3","5","3","02","16","2","","0","1","1","0","0"
"POINT (10.020022872000027 53.563427074000060)","Unfall 152601 (2023) Kat:3, Licht: 0","152601","3","4","6","02","13","2","","0","0","0","1","0"
"POINT (9.812506465000070 53.561037781000039)","Unfall 152602 (2023) Kat:3, Licht: 0","152602","3","7","0","02","11","2","","0","1","1","0","0"
"POINT (9.898746480000057 53.628744543000039)","Unfall 152603 (2023) Kat:3, Licht: 1","152603","3","5","5","02","16","2","","1","0","1","0","0"
"POINT (9.970026173000065 53.567615332000059)","Unfall 152604 (2023) Kat:3, Licht: 1","152604","3","3","5","02","07","2","","1","1","0","0","0"
"POINT (9.985284568000054 53.571223042000042)","Unfall 152605 (2023) Kat:3, Licht: 1","152605","3","1","0","02","16","2","","1","1","0","0","0"
"POINT (9.960647052000070 53.546339131000082)","Unfall 152606 (2023) Kat:3, Licht: 2","152606","3","1","8","02","21","2","","2","0","1","0","0"
"POINT (10.013570338000022 53.561296911000056)","Unfall 152607 (2023) Kat:3, Licht: 1","152607","3","4","6","02","17","2","","1","0","1","1","0"
"POINT (10.067073770000036 53.579063141000063)","Unfall 152608 (2023) Kat:3, Licht: 0","152608","3","4","6","02","12","1","","0","0","0","1","0"
"POINT (10.010434724000049 53.648705438000036)","Unfall 152609 (2023) Kat:3, Licht: 2","152609","3","2","4","02","20","1","","2","0","1","0","0"
"POINT (10.005452528000035 53.599812086000043)","Unfall 152610 (2023) Kat:3, Licht: 1","152610","3","4","6","02","17","1","","1","0","1","1","0"
"POINT (9.939885796000056 53.592932780000069)","Unfall 152611 (2023) Kat:3, Licht: 2","152611","3","3","5","02","00","1","","2","0","1","0","0"
"POINT (9.965303402000075 53.569384048000074)","Unfall 152612 (2023) Kat:3, Licht: 2","152612","3","6","2","02","22","1","","2","0","1","0","0"
"POINT (10.084985321000033 53.554747220000081)","Unfall 152613 (2023) Kat:3, Licht: 0","152613","3","6","2","02","12","7","","0","0","1","0","0"
"POINT (9.988969622000070 53.565597636000064)","Unfall 152614 (2023) Kat:3, Licht: 0","152614","3","7","0","02","12","1","","0","1","0","0","0"
"POINT (10.206528335000030 53.477793077000058)","Unfall 152615 (2023) Kat:3, Licht: 0","152615","3","5","5","02","13","7","","0","0","1","0","0"
"POINT (10.034827709000069 53.536509171000034)","Unfall 152616 (2023) Kat:3, Licht: 2","152616","3","7","6","02","18","7","","2","0","0","0","0"
"POINT (10.048788449000028 53.545486705000030)","Unfall 152617 (2023) Kat:3, Licht: 2","152617","3","6","2","02","17","7","","2","0","1","0","0"
"POINT (10.076051893000056 53.589354615000047)","Unfall 152618 (2023) Kat:3, Licht: 0","152618","3","3","5","02","12","7","","0","1","0","0","0"
"POINT (10.061741773000051 53.608742934000077)","Unfall 152619 (2023) Kat:3, Licht: 0","152619","3","2","3","02","13","7","","0","0","1","0","0"
"POINT (10.128730694000069 53.680187270000033)","Unfall 152620 (2023) Kat:3, Licht: 2","152620","3","5","1","02","18","7","","2","0","1","0","0"
"POINT (10.039618877000066 53.578898516000038)","Unfall 152621 (2023) Kat:3, Licht: 0","152621","3","6","4","02","09","7","","0","1","0","0","0"
"POINT (9.912745550000068 53.560219954000047)","Unfall 152622 (2023) Kat:3, Licht: 0","152622","3","5","1","02","11","7","","0","0","1","0","0"
"POINT (9.947641321000049 53.560905722000030)","Unfall 152623 (2023) Kat:3, Licht: 2","152623","3","3","0","02","17","7","","2","1","1","0","0"
"POINT (9.928225311000062 53.553737623000075)","Unfall 152624 (2023) Kat:3, Licht: 0","152624","3","4","6","02","14","7","","0","1","0","1","0"
"POINT (9.989088749000075 53.558157382000047)","Unfall 152625 (2023) Kat:3, Licht: 0","152625","3","6","3","02","16","7","","0","0","1","0","0"
"POINT (10.138914601000067 53.636096589000033)","Unfall 152626 (2023) Kat:3, Licht: 2","152626","3","7","9","02","18","6","","2","1","0","0","0"
"POINT (10.037988454000072 53.641714582000077)","Unfall 152627 (2023) Kat:3, Licht: 1","152627","3","3","6","02","07","6","","1","0","1","1","0"
"POINT (10.001644204000058 53.580895301000055)","Unfall 152628 (2023) Kat:3, Licht: 0","152628","3","3","5","02","09","6","","0","1","1","0","0"
"POINT (9.918328118000034 53.590929723000045)","Unfall 152629 (2023) Kat:3, Licht: 0","152629","3","6","2","02","08","6","","0","0","1","0","0"
"POINT (9.912603838000052 53.554122522000057)","Unfall 152630 (2023) Kat:3, Licht: 2","152630","3","3","5","02","07","6","","2","1","1","0","0"
"POINT (9.854339365000044 53.598182003000034)","Unfall 152631 (2023) Kat:3, Licht: 2","152631","3","2","6","02","06","6","","2","0","1","1","0"
"POINT (9.974435843000037 53.586086018000060)","Unfall 152632 (2023) Kat:3, Licht: 0","152632","3","5","0","02","09","6","","0","1","1","0","0"
"POINT (9.936131971000066 53.551544298000067)","Unfall 152633 (2023) Kat:3, Licht: 0","152633","3","2","3","02","09","6","","0","0","1","0","0"
"POINT (9.985880701000042 53.563492503000077)","Unfall 152634 (2023) Kat:3, Licht: 2","152634","3","6","3","02","17","6","","2","0","1","0","0"
"POINT (10.003954445000034 53.554033672000060)","Unfall 152635 (2023) Kat:3, Licht: 0","152635","3","2","4","02","09","6","","0","0","0","0","0"
"POINT (10.201829107000037 53.488775652000072)","Unfall 152636 (2023) Kat:3, Licht: 1","152636","3","7","6","02","16","5","","1","0","1","0","0"
"POINT (10.208787683000025 53.428170540000053)","Unfall 152637 (2023) Kat:3, Licht: 1","152637","3","2","3","02","17","5","","1","1","0","0","0"
"POINT (10.082905869000058 53.548387332000061)","Unfall 152638 (2023) Kat:3, Licht: 0","152638","3","2","5","02","13","5","","0","0","1","0","0"
"POINT (10.055451366000057 53.555417394000074)","Unfall 152639 (2023) Kat:3, Licht: 2","152639","3","7","6","02","19","5","","2","0","0","1","0"
"POINT (10.092539529000021 53.656278011000040)","Unfall 152640 (2023) Kat:3, Licht: 0","152640","3","6","4","02","11","5","","0","1","0","0","0"
"POINT (10.031569651000041 53.597244877000037)","Unfall 152641 (2023) Kat:3, Licht: 0","152641","3","1","0","02","08","5","","0","0","0","0","1"
"POINT (10.061283195000044 53.588826117000053)","Unfall 152642 (2023) Kat:3, Licht: 0","152642","3","2","0","02","11","5","","0","1","1","0","0"
"POINT (9.817887043000042 53.572628522000059)","Unfall 152643 (2023) Kat:3, Licht: 0","152643","3","3","5","02","12","5","","0","1","1","0","0"
"POINT (9.867661549000047 53.585641529000043)","Unfall 152644 (2023) Kat:3, Licht: 0","152644","3","6","2","02","16","5","","0","0","1","0","0"
"POINT (9.926075915000069 53.571693045000075)","Unfall 152645 (2023) Kat:3, Licht: 0","152645","3","6","4","02","09","5","","0","1","0","0","0"
"POINT (9.960591774000022 53.592926681000051)","Unfall 152646 (2023) Kat:3, Licht: 2","152646","3","6","4","02","19","5","","2","1","1","0","0"
"POINT (9.997167845000035 53.578561150000041)","Unfall 152647 (2023) Kat:3, Licht: 0","152647","3","2","3","02","09","5","","0","1","1","0","0"
"POINT (9.988602941000067 53.572685055000079)","Unfall 152648 (2023) Kat:3, Licht: 0","152648","3","3","5","02","08","5","","0","0","1","0","0"
"POINT (9.977634801000022 53.550210446000051)","Unfall 152649 (2023) Kat:3, Licht: 2","152649","3","7","4","02","18","5","","2","1","1","0","0"
"POINT (9.993484163000062 53.551164266000058)","Unfall 152650 (2023) Kat:3, Licht: 0","152650","3","4","6","02","13","5","","0","0","0","1","0"
"POINT (9.996299016000023 53.557144814000026)","Unfall 152651 (2023) Kat:3, Licht: 0","152651","3","7","3","02","14","5","","0","0","1","0","0"
"POINT (9.983919622000030 53.452109572000040)","Unfall 152652 (2023) Kat:3, Licht: 1","152652","3","4","6","02","07","4","","1","0","1","1","0"
"POINT (10.207504479000022 53.496263728000031)","Unfall 152653 (2023) Kat:3, Licht: 0","152653","3","5","0","02","10","4","","0","1","1","0","0"
"POINT (10.090948490000073 53.656182826000077)","Unfall 152654 (2023) Kat:3, Licht: 1","152654","3","7","3","03","18","4","","1","0","1","0","0"
"POINT (10.124331090000055 53.570452700000033)","Unfall 152655 (2023) Kat:3, Licht: 0","152655","3","6","2","02","10","4","","0","0","1","0","0"
"POINT (10.119961709000052 53.606266732000051)","Unfall 152656 (2023) Kat:3, Licht: 2","152656","3","2","4","02","17","4","","2","0","1","0","0"