WKT,Name,OBJECTID,UKATEGORIE,UTYP1,UART,UMONAT,USTUNDE,UWOCHENTAG,STRZUSTAND,ULICHTVERH,ISTRAD,ISTPKW,ISTFUSS,ISTKRAD
"POINT (9.918089667000061 53.556957317000069)","Unfall 152657 (2023) Kat:3, Licht: 0","152657","3","2","3","02","08","4","","0","1","1","0","0"
"POINT (9.962199825000027 53.630808754000043)","Unfall 152658 (2023) Kat:3, Licht: 2","152658","3","2","6","02","17","4","","2","0","1","1","0"
"POINT (9.947639141000025 53.560907282000073)","Unfall 152659 (2023) Kat:3, Licht: 0","152659","3","3","5","02","08","4","","0","1","1","0","0"
"POINT (9.969575587000065 53.549852296000040)","Unfall 152660 (2023) Kat:3, Licht: 2","152660","3","2","6","02","20","4","","2","0","1","1","0"
"POINT (10.002411192000068 53.554510127000071)","Unfall 152661 (2023) Kat:3, Licht: 0","152661","3","2","1","02","12","4","","0","0","1","0","0"
"POINT (9.986574773000029 53.555596991000073)","Unfall 152662 (2023) Kat:3, Licht: 0","152662","3","2","4","02","10","4","","0","1","1","0","0"
"POINT (10.011126373000025 53.554855634000035)","Unfall 152663 (2023) Kat:3, Licht: 0","152663","3","2","3","02","08","4","","0","0","1","0","0"
"POINT (10.004117595000025 53.557049686000028)","Unfall 152664 (2023) Kat:3, Licht: 0","152664","3","7","0","02","09","4","","0","1","0","0","0"
"POINT (9.981027063000056 53.519256378000080)","Unfall 152665 (2023) Kat:3, Licht: 2","152665","3","2","6","01","18","3","","2","0","0","1","0"
"POINT (10.108591607000051 53.549159608000082)","Unfall 152666 (2023) Kat:3, Licht: 0","152666","3","6","2","01","13","3","","0","0","1","0","0"
"POINT (10.141435108000053 53.584091671000067)","Unfall 152667 (2023) Kat:2, Licht: 2","152667","2","2","6","01","17","3","","2","0","1","1","0"
"POINT (10.105457395000030 53.570470255000032)","Unfall 152668 (2023) Kat:3, Licht: 1","152668","3","3","5","01","17","3","","1","0","1","0","0"
"POINT (10.155645469000035 53.613710786000070)","Unfall 152669 (2023) Kat:3, Licht: 2","152669","3","3","5","01","07","3","","2","0","1","0","0"
"POINT (10.067559986000049 53.582300509000049)","Unfall 152670 (2023) Kat:3, Licht: 1","152670","3","3","5","01","16","3","","1","0","1","0","0"
"POINT (10.007274108000047 53.593177109000067)","Unfall 152671 (2023) Kat:3, Licht: 1","152671","3","7","7","01","17","3","","1","0","1","0","0"
"POINT (10.026308638000046 53.626317510000035)","Unfall 152672 (2023) Kat:3, Licht: 0","152672","3","6","3","02","07","3","","0","0","1","0","0"
"POINT (9.864796491000050 53.584851948000050)","Unfall 152673 (2023) Kat:3, Licht: 0","152673","3","6","3","01","12","3","","0","0","1","0","1"
"POINT (9.968168284000058 53.557358598000064)","Unfall 152674 (2023) Kat:3, Licht: 1","152674","3","5","5","01","17","3","","1","1","1","0","0"
"POINT (9.996294450000050 53.481712225000081)","Unfall 152675 (2023) Kat:3, Licht: 2","152675","3","7","5","01","21","2","","2","0","1","0","0"
"POINT (10.098523781000040 53.550082420000081)","Unfall 152676 (2023) Kat:3, Licht: 2","152676","3","6","2","01","18","2","","2","0","1","0","0"
"POINT (10.072217907000038 53.553513112000076)","Unfall 152677 (2023) Kat:3, Licht: 2","152677","3","4","6","01","17","2","","2","0","1","1","0"
"POINT (10.106863298000064 53.547258872000043)","Unfall 152678 (2023) Kat:3, Licht: 0","152678","3","6","2","01","13","2","","0","0","0","0","0"
"POINT (10.066767192000043 53.553699009000070)","Unfall 152679 (2023) Kat:3, Licht: 0","152679","3","2","4","01","12","2","","0","0","1","0","0"
"POINT (10.075005585000042 53.582547025000054)","Unfall 152680 (2023) Kat:3, Licht: 0","152680","3","5","1","01","15","2","","0","0","1","0","0"
"POINT (10.067223937000051 53.563074843000038)","Unfall 152681 (2023) Kat:3, Licht: 0","152681","3","2","6","01","11","2","","0","0","0","1","0"
"POINT (10.036583624000059 53.574549693000051)","Unfall 152682 (2023) Kat:3, Licht: 0","152682","3","3","5","01","10","2","","0","1","1","0","0"
"POINT (9.984008143000040 53.588370259000044)","Unfall 152683 (2023) Kat:3, Licht: 0","152683","3","7","6","01","11","2","","0","0","0","1","0"
"POINT (9.981978945000037 53.564157949000048)","Unfall 152684 (2023) Kat:3, Licht: 0","152684","3","6","2","01","13","2","","0","0","1","0","0"
"POINT (9.999824098000033 53.541262785000072)","Unfall 152685 (2023) Kat:1, Licht: 0","152685","1","2","3","01","15","2","","0","1","0","0","0"
"POINT (9.979511110000033 53.555498823000050)","Unfall 152686 (2023) Kat:3, Licht: 0","152686","3","2","4","01","09","2","","0","0","1","0","0"
"POINT (10.180910520000054 53.494109311000045)","Unfall 152687 (2023) Kat:3, Licht: 0","152687","3","5","5","01","08","1","","0","0","1","0","0"
"POINT (10.006815580000023 53.668087135000064)","Unfall 152688 (2023) Kat:3, Licht: 2","152688","3","3","5","01","21","1","","2","0","1","0","0"
"POINT (9.942724723000026 53.593336436000072)","Unfall 152689 (2023) Kat:3, Licht: 0","152689","3","5","3","01","11","1","","0","0","1","0","0"
"POINT (9.904551198000036 53.587772259000076)","Unfall 152690 (2023) Kat:3, Licht: 2","152690","3","4","6","01","18","1","","2","0","1","1","0"
"POINT (9.947282137000059 53.551336931000037)","Unfall 152691 (2023) Kat:3, Licht: 0","152691","3","3","0","01","12","1","","0","0","1","0","0"
"POINT (10.040926629000069 53.532282771000041)","Unfall 152692 (2023) Kat:3, Licht: 0","152692","3","7","0","01","12","7","","0","1","0","0","0"
"POINT (10.135745673000031 53.591749621000076)","Unfall 152693 (2023) Kat:2, Licht: 0","152693","2","4","6","01","08","7","","0","0","1","1","0"
"POINT (10.026601511000024 53.625901231000057)","Unfall 152694 (2023) Kat:3, Licht: 0","152694","3","6","3","01","15","7","","0","1","1","0","0"
"POINT (9.892526525000051 53.603231113000049)","Unfall 152695 (2023) Kat:3, Licht: 0","152695","3","4","6","01","15","7","","0","0","1","1","0"
"POINT (9.920096733000037 53.570725384000070)","Unfall 152696 (2023) Kat:3, Licht: 0","152696","3","2","3","01","12","7","","0","0","1","0","1"
"POINT (9.877176904000066 53.565369757000042)","Unfall 152697 (2023) Kat:3, Licht: 2","152697","3","3","5","01","19","7","","2","1","1","0","0"
"POINT (9.928075267000054 53.554066348000049)","Unfall 152698 (2023) Kat:3, Licht: 2","152698","3","7","0","01","03","7","","2","1","0","0","0"
"POINT (9.994371426000043 53.543427988000076)","Unfall 152699 (2023) Kat:3, Licht: 2","152699","3","2","3","01","18","7","","2","1","1","0","0"
"POINT (9.979480891000037 53.544090224000058)","Unfall 152700 (2023) Kat:3, Licht: 0","152700","3","6","3","01","12","7","","0","1","0","0","0"
"POINT (9.867046670000036 53.453178048000041)","Unfall 152701 (2023) Kat:3, Licht: 0","152701","3","6","3","01","14","6","","0","1","1","0","0"
"POINT (9.984550166000076 53.458759751000059)","Unfall 152702 (2023) Kat:3, Licht: 0","152702","3","6","2","01","08","6","","0","0","1","0","0"
"POINT (10.149781893000068 53.525554320000026)","Unfall 152703 (2023) Kat:3, Licht: 0","152703","3","5","5","01","15","6","","0","0","1","0","0"
"POINT (10.140982196000039 53.525745376000032)","Unfall 152704 (2023) Kat:3, Licht: 2","152704","3","6","4","01","05","6","","2","0","1","0","1"
"POINT (10.106869593000056 53.605918377000080)","Unfall 152705 (2023) Kat:3, Licht: 2","152705","3","2","6","01","06","6","","2","0","1","1","0"
"POINT (10.114931955000031 53.595228881000082)","Unfall 152706 (2023) Kat:3, Licht: 0","152706","3","3","5","01","12","6","","0","1","1","0","0"
"POINT (10.107090876000029 53.653630994000082)","Unfall 152707 (2023) Kat:3, Licht: 2","152707","3","2","4","01","19","6","","2","0","1","0","0"
"POINT (9.982032083000036 53.613644608000072)","Unfall 152708 (2023) Kat:3, Licht: 1","152708","3","3","5","01","05","6","","1","1","1","0","0"
"POINT (9.977290180000068 53.460876732000031)","Unfall 152709 (2023) Kat:3, Licht: 2","152709","3","2","5","01","17","5","","2","0","1","0","0"
"POINT (9.977413975000047 53.459674776000043)","Unfall 152710 (2023) Kat:3, Licht: 0","152710","3","7","0","01","11","5","","0","0","0","0","0"
"POINT (9.823245737000036 53.577536240000029)","Unfall 152711 (2023) Kat:3, Licht: 0","152711","3","6","3","02","07","4","","0","0","1","0","1"
"POINT (10.181005936000076 53.508698473000038)","Unfall 152712 (2023) Kat:3, Licht: 0","152712","3","3","5","01","13","5","","0","1","1","0","0"
"POINT (10.061428816000046 53.554536444000064)","Unfall 152713 (2023) Kat:3, Licht: 2","152713","3","6","2","01","17","5","","2","0","1","0","0"
"POINT (10.024371639000037 53.548369419000039)","Unfall 152714 (2023) Kat:3, Licht: 0","152714","3","5","5","01","12","5","","0","0","1","0","0"
"POINT (10.132144708000055 53.589426092000053)","Unfall 152715 (2023) Kat:3, Licht: 2","152715","3","7","1","01","23","5","","2","0","1","0","0"
"POINT (10.169492002000027 53.625346249000074)","Unfall 152716 (2023) Kat:2, Licht: 2","152716","2","1","0","01","22","5","","2","1","0","0","0"
"POINT (10.097199223000075 53.579140821000067)","Unfall 152717 (2023) Kat:3, Licht: 0","152717","3","7","4","01","12","5","","0","0","1","0","0"
"POINT (10.026126170000055 53.622805341000060)","Unfall 152718 (2023) Kat:3, Licht: 1","152718","3","2","3","01","16","5","","1","1","0","0","0"
"POINT (10.032478429000037 53.581727853000075)","Unfall 152719 (2023) Kat:3, Licht: 0","152719","3","2","5","01","12","5","","0","1","1","0","0"
"POINT (9.885462989000075 53.601127741000028)","Unfall 152720 (2023) Kat:3, Licht: 1","152720","3","2","6","01","16","5","","1","0","1","1","0"
"POINT (9.874309254000025 53.604034374000037)","Unfall 152721 (2023) Kat:2, Licht: 0","152721","2","1","0","01","15","5","","0","0","1","0","1"
"POINT (9.881266024000070 53.583140712000045)","Unfall 152722 (2023) Kat:3, Licht: 2","152722","3","1","0","01","07","5","","2","1","0","0","0"
"POINT (9.940229165000062 53.632932027000038)","Unfall 152723 (2023) Kat:3, Licht: 2","152723","3","7","0","01","21","5","","2","0","1","0","0"
"POINT (9.941998421000051 53.599138327000048)","Unfall 152724 (2023) Kat:3, Licht: 0","152724","3","3","0","01","14","5","","0","1","1","0","0"
"POINT (9.957434221000028 53.570062965000034)","Unfall 152725 (2023) Kat:3, Licht: 0","152725","3","2","6","01","14","5","","0","0","1","1","0"
"POINT (9.945524255000066 53.576735298000074)","Unfall 152726 (2023) Kat:3, Licht: 0","152726","3","7","0","01","14","5","","0","0","0","0","1"
"POINT (9.965770476000046 53.557187789000068)","Unfall 152727 (2023) Kat:3, Licht: 2","152727","3","7","3","01","17","5","","2","0","1","0","0"
"POINT (10.096025363000024 53.532498249000071)","Unfall 152728 (2023) Kat:3, Licht: 2","152728","3","2","2","01","17","4","","2","0","1","0","0"
"POINT (10.054656794000039 53.560862951000047)","Unfall 152729 (2023) Kat:3, Licht: 2","152729","3","6","2","01","18","4","","2","0","1","0","0"
"POINT (10.130316744000027 53.599740843000063)","Unfall 152730 (2023) Kat:3, Licht: 1","152730","3","6","3","01","16","4","","1","0","1","0","0"
"POINT (10.068545705000076 53.580836538000028)","Unfall 152731 (2023) Kat:2, Licht: 2","152731","2","2","4","01","18","4","","2","0","1","0","0"
"POINT (10.049821803000043 53.594026574000054)","Unfall 152732 (2023) Kat:3, Licht: 2","152732","3","2","3","01","17","4","","2","1","1","0","0"
"POINT (10.051177461000066 53.586578215000031)","Unfall 152733 (2023) Kat:2, Licht: 0","152733","2","3","5","01","09","4","","0","1","1","0","0"
"POINT (10.082810447000043 53.555312131000051)","Unfall 152734 (2023) Kat:2, Licht: 0","152734","2","6","2","03","15","3","","0","0","1","0","0"
"POINT (9.908549818000040 53.591559822000079)","Unfall 152735 (2023) Kat:3, Licht: 0","152735","3","2","3","01","15","4","","0","1","1","0","0"
"POINT (10.009039093000069 53.550665482000056)","Unfall 152736 (2023) Kat:3, Licht: 1","152736","3","3","5","01","16","4","","1","1","0","0","0"
"POINT (9.880370873000061 53.600888485000041)","Unfall 152737 (2023) Kat:3, Licht: 2","152737","3","1","8","03","02","7","","2","0","1","0","0"
"POINT (9.895563603000028 53.505411960000060)","Unfall 152738 (2023) Kat:3, Licht: 2","152738","3","6","3","01","05","3","","2","0","1","0","0"
"POINT (9.990820480000025 53.519191982000052)","Unfall 152739 (2023) Kat:3, Licht: 2","152739","3","7","0","01","05","3","","2","1","0","0","0"
"POINT (10.211017720000029 53.507633967000061)","Unfall 152740 (2023) Kat:3, Licht: 2","152740","3","7","3","01","18","3","","2","0","1","0","0"
"POINT (10.121404916000074 53.578685176000079)","Unfall 152741 (2023) Kat:3, Licht: 1","152741","3","5","1","01","07","3","","1","1","1","0","0"
"POINT (10.004895479000027 53.497103121000066)","Unfall 152742 (2023) Kat:3, Licht: 0","152742","3","6","2","03","11","6","","0","0","1","0","0"
"POINT (10.131001158000061 53.603917156000080)","Unfall 152743 (2023) Kat:3, Licht: 0","152743","3","1","0","01","07","3","","0","1","0","0","0"
"POINT (10.073202645000038 53.609179366000035)","Unfall 152744 (2023) Kat:3, Licht: 0","152744","3","3","5","01","11","3","","0","0","0","0","0"
"POINT (10.010606998000071 53.576791690000050)","Unfall 152745 (2023) Kat:3, Licht: 0","152745","3","7","6","01","14","3","","0","0","1","1","0"
"POINT (9.895990219000055 53.625088331000029)","Unfall 152746 (2023) Kat:3, Licht: 2","152746","3","3","5","01","07","3","","2","0","1","0","0"
"POINT (9.955129501000044 53.549740916000076)","Unfall 152747 (2023) Kat:3, Licht: 0","152747","3","6","2","01","10","3","","0","0","1","0","0"
"POINT (9.962896019000027 53.564503223000031)","Unfall 152748 (2023) Kat:3, Licht: 2","152748","3","4","6","01","18","3","","2","1","0","1","0"
"POINT (10.187886923000065 53.490471455000034)","Unfall 152749 (2023) Kat:3, Licht: 0","152749","3","6","3","01","09","3","","0","1","1","0","0"
"POINT (9.934442262000061 53.476783929000078)","Unfall 152750 (2023) Kat:3, Licht: 0","152750","3","2","4","01","08","3","","0","0","1","0","0"
"POINT (10.208385383000063 53.503855323000039)","Unfall 152751 (2023) Kat:3, Licht: 0","152751","3","2","3","01","15","2","","0","1","1","0","0"
"POINT (10.105258648000074 53.538603658000056)","Unfall 152752 (2023) Kat:3, Licht: 0","152752","3","6","3","01","10","2","","0","0","1","0","0"
"POINT (10.126491895000072 53.599206944000059)","Unfall 152753 (2023) Kat:3, Licht: 0","152753","3","6","3","01","13","2","","0","1","0","0","0"
"POINT (10.072029086000043 53.596752681000055)","Unfall 152754 (2023) Kat:3, Licht: 2","152754","3","2","6","01","07","2","","2","0","1","1","0"
"POINT (9.994487646000039 53.601968847000080)","Unfall 152755 (2023) Kat:2, Licht: 1","152755","2","2","4","01","07","2","","1","0","1","0","0"
"POINT (10.010559257000068 53.608722818000047)","Unfall 152756 (2023) Kat:3, Licht: 2","152756","3","5","1","01","02","2","","2","0","1","0","0"
"POINT (10.042079239000032 53.580371350000064)","Unfall 152757 (2023) Kat:3, Licht: 2","152757","3","7","6","01","19","2","","2","0","1","1","0"
"POINT (9.858419246000039 53.571507374000078)","Unfall 152758 (2023) Kat:3, Licht: 2","152758","3","5","3","01","18","2","","2","1","1","0","0"
"POINT (9.887604613000065 53.565145207000057)","Unfall 152759 (2023) Kat:3, Licht: 2","152759","3","3","5","01","06","2","","2","0","1","0","0"
"POINT (9.952968415000043 53.598812143000032)","Unfall 152760 (2023) Kat:3, Licht: 0","152760","3","4","6","01","12","2","","0","0","0","1","0"
"POINT (9.992618193000055 53.553219164000041)","Unfall 152761 (2023) Kat:3, Licht: 2","152761","3","7","5","01","18","2","","2","1","1","0","0"
"POINT (9.987226599000053 53.553479661000040)","Unfall 152762 (2023) Kat:3, Licht: 0","152762","3","7","0","01","11","2","","0","0","0","0","1"
"POINT (10.195533176000026 53.475527309000029)","Unfall 152763 (2023) Kat:3, Licht: 2","152763","3","7","0","01","18","1","","2","1","0","0","0"
"POINT (9.954966721000062 53.548561420000055)","Unfall 152764 (2023) Kat:3, Licht: 2","152764","3","2","6","01","00","1","","2","0","1","1","0"
"POINT (9.874348035000025 53.480685452000046)","Unfall 152765 (2023) Kat:3, Licht: 2","152765","3","1","0","01","00","7","","2","1","0","0","0"
"POINT (10.069212095000069 53.526790992000031)","Unfall 152766 (2023) Kat:3, Licht: 2","152766","3","7","1","01","17","7","","2","0","0","0","0"
"POINT (10.082874330000038 53.555323429000055)","Unfall 152767 (2023) Kat:3, Licht: 2","152767","3","3","5","01","19","7","","2","1","1","0","0"
"POINT (10.030831948000070 53.586526588000027)","Unfall 152768 (2023) Kat:3, Licht: 0","152768","3","5","1","01","12","7","","0","0","1","0","0"
"POINT (10.023580771000070 53.615688138000053)","Unfall 152769 (2023) Kat:3, Licht: 2","152769","3","7","0","01","01","7","","2","1","0","0","0"
"POINT (9.881623209000054 53.546547561000068)","Unfall 152770 (2023) Kat:3, Licht: 0","152770","3","3","5","01","10","7","","0","0","1","0","0"
"POINT (9.946185761000038 53.579182737000053)","Unfall 152771 (2023) Kat:3, Licht: 0","152771","3","6","0","01","10","7","","0","1","1","0","0"
"POINT (9.947630175000029 53.581507539000029)","Unfall 152772 (2023) Kat:3, Licht: 0","152772","3","7","0","01","13","7","","0","1","0","0","0"
"POINT (10.011852437000073 53.557759972000042)","Unfall 152773 (2023) Kat:3, Licht: 0","152773","3","7","6","01","15","7","","0","0","1","1","0"
"POINT (9.955281818000060 53.456789645000072)","Unfall 152774 (2023) Kat:3, Licht: 0","152774","3","6","2","01","11","6","","0","0","1","0","0"
"POINT (9.988149961000033 53.514268207000043)","Unfall 152775 (2023) Kat:3, Licht: 0","152775","3","7","1","01","11","6","","0","0","1","0","0"
"POINT (10.179814481000051 53.478368497000076)","Unfall 152776 (2023) Kat:3, Licht: 2","152776","3","2","4","01","23","6","","2","0","1","0","0"
"POINT (10.118166201000065 53.538155802000063)","Unfall 152777 (2023) Kat:3, Licht: 0","152777","3","3","5","01","15","6","","0","1","1","0","0"
"POINT (10.094413817000031 53.529734763000079)","Unfall 152778 (2023) Kat:3, Licht: 2","152778","3","2","3","01","05","6","","2","1","1","0","0"
"POINT (10.016146737000042 53.548623126000052)","Unfall 152779 (2023) Kat:3, Licht: 0","152779","3","3","5","01","13","6","","0","1","1","0","0"
"POINT (10.145744942000022 53.619913504000067)","Unfall 152780 (2023) Kat:3, Licht: 0","152780","3","5","5","01","14","6","","0","1","1","0","0"
"POINT (10.033819913000059 53.607962966000059)","Unfall 152781 (2023) Kat:3, Licht: 0","152781","3","6","2","01","15","6","","0","0","0","0","0"
"POINT (10.124336851000066 53.635780552000028)","Unfall 152782 (2023) Kat:3, Licht: 1","152782","3","1","0","01","07","6","","1","1","0","0","0"
"POINT (10.047001180000052 53.630561336000028)","Unfall 152783 (2023) Kat:3, Licht: 0","152783","3","1","0","01","09","6","","0","1","0","0","0"
"POINT (10.096956363000061 53.662747001000071)","Unfall 152784 (2023) Kat:3, Licht: 1","152784","3","1","0","01","07","6","","1","1","0","0","0"
"POINT (10.008568809000053 53.601854118000062)","Unfall 152785 (2023) Kat:3, Licht: 0","152785","3","4","6","01","13","6","","0","1","0","1","0"
"POINT (10.021833383000057 53.559195920000036)","Unfall 152786 (2023) Kat:3, Licht: 2","152786","3","6","3","01","17","6","","2","0","1","0","0"
"POINT (10.038632257000074 53.591354286000069)","Unfall 152787 (2023) Kat:3, Licht: 0","152787","3","2","2","01","10","6","","0","0","1","0","0"
"POINT (9.833971246000033 53.566355861000034)","Unfall 152788 (2023) Kat:3, Licht: 0","152788","3","6","0","01","08","6","","0","1","1","0","0"
"POINT (9.975369423000075 53.578999429000078)","Unfall 152789 (2023) Kat:3, Licht: 0","152789","3","2","3","01","14","6","","0","0","0","0","0"
"POINT (9.973390518000031 53.612208651000060)","Unfall 152790 (2023) Kat:3, Licht: 1","152790","3","4","6","01","16","6","","1","0","1","1","0"
"POINT (9.997464226000034 53.544116055000075)","Unfall 152791 (2023) Kat:3, Licht: 0","152791","3","2","4","01","09","6","","0","1","1","0","0"
"POINT (9.996573235000028 53.550652533000061)","Unfall 152792 (2023) Kat:3, Licht: 1","152792","3","4","6","01","16","6","","1","0","0","1","0"
"POINT (9.968123395000021 53.537121833000072)","Unfall 152793 (2023) Kat:3, Licht: 0","152793","3","2","4","01","15","6","","0","1","1","0","0"
"POINT (10.094608268000059 53.515682975000061)","Unfall 152794 (2023) Kat:2, Licht: 2","152794","2","4","6","01","21","5","","2","0","1","1","0"
"POINT (10.130250875000058 53.629332906000059)","Unfall 152795 (2023) Kat:3, Licht: 2","152795","3","7","0","01","18","5","","2","1","0","0","0"
"POINT (10.150032658000043 53.628367622000042)","Unfall 152796 (2023) Kat:2, Licht: 0","152796","2","2","4","01","16","5","","0","1","1","0","0"
"POINT (10.141422008000063 53.583945526000036)","Unfall 152797 (2023) Kat:3, Licht: 2","152797","3","2","3","01","17","5","","2","0","1","0","0"
"POINT (10.040938177000044 53.608170838000035)","Unfall 152798 (2023) Kat:3, Licht: 0","152798","3","3","5","01","13","5","","0","1","1","0","0"
"POINT (10.020096077000062 53.657879830000070)","Unfall 152799 (2023) Kat:3, Licht: 0","152799","3","3","5","01","10","5","","0","1","0","0","0"
"POINT (9.980108569000038 53.582957038000075)","Unfall 152800 (2023) Kat:3, Licht: 0","152800","3","3","5","02","12","7","","0","1","1","0","0"
"POINT (10.044486965000033 53.567282632000058)","Unfall 152801 (2023) Kat:3, Licht: 2","152801","3","1","9","01","06","5","","2","0","1","0","0"
"POINT (9.833032450000076 53.565218426000058)","Unfall 152802 (2023) Kat:3, Licht: 0","152802","3","6","4","01","14","5","","0","1","1","0","0"
"POINT (9.907196527000053 53.567196869000043)","Unfall 152803 (2023) Kat:3, Licht: 0","152803","3","2","4","01","08","5","","0","1","1","0","0"
"POINT (9.940652693000061 53.577535229000034)","Unfall 152804 (2023) Kat:3, Licht: 2","152804","3","5","1","01","22","5","","2","1","1","0","0"
"POINT (9.988405645000057 53.568138666000038)","Unfall 152805 (2023) Kat:3, Licht: 0","152805","3","7","0","01","15","5","","0","1","0","0","0"
"POINT (9.975965666000036 53.466753503000064)","Unfall 152806 (2023) Kat:3, Licht: 2","152806","3","6","2","01","07","5","","2","0","1","0","0"
"POINT (10.012299991000077 53.440362204000053)","Unfall 152807 (2023) Kat:3, Licht: 2","152807","3","2","6","01","06","4","","2","0","1","1","0"
"POINT (9.964880900000026 53.464572541000052)","Unfall 152808 (2023) Kat:3, Licht: 0","152808","3","7","0","01","15","4","","0","1","0","0","0"
"POINT (9.994044180000060 53.470158016000028)","Unfall 152809 (2023) Kat:2, Licht: 0","152809","2","3","5","01","10","4","","0","0","1","0","0"
"POINT (10.187577341000065 53.486787536000065)","Unfall 152810 (2023) Kat:3, Licht: 2","152810","3","5","1","01","21","4","","2","1","1","0","0"
"POINT (10.117458431000045 53.542308101000060)","Unfall 152811 (2023) Kat:3, Licht: 2","152811","3","1","0","01","00","4","","2","1","0","0","0"
"POINT (10.106711672000074 53.605886089000080)","Unfall 152812 (2023) Kat:3, Licht: 1","152812","3","3","5","01","07","4","","1","0","1","0","0"
"POINT (10.057222429000035 53.582234935000031)","Unfall 152813 (2023) Kat:3, Licht: 0","152813","3","7","0","01","10","4","","0","0","0","0","0"
"POINT (9.994470299000056 53.601937661000079)","Unfall 152814 (2023) Kat:3, Licht: 0","152814","3","2","4","01","11","4","","0","0","1","0","0"
"POINT (10.019705773000055 53.565561096000067)","Unfall 152815 (2023) Kat:2, Licht: 0","152815","2","6","3","01","16","4","","0","0","1","0","0"
"POINT (9.981777246000036 53.585431390000053)","Unfall 152816 (2023) Kat:3, Licht: 0","152816","3","2","4","01","10","4","","0","1","1","0","0"
"POINT (9.964957691000052 53.603550959000074)","Unfall 152817 (2023) Kat:3, Licht: 0","152817","3","6","2","01","09","4","","0","0","1","0","0"
"POINT (9.973998897000058 53.555304549000027)","Unfall 152818 (2023) Kat:3, Licht: 0","152818","3","6","2","01","13","4","","0","0","1","0","0"
"POINT (9.982054091000066 53.543970171000069)","Unfall 152819 (2023) Kat:3, Licht: 0","152819","3","1","0","01","07","4","","0","0","0","0","1"
"POINT (10.215535278000061 53.483966997000039)","Unfall 152820 (2023) Kat:3, Licht: 0","152820","3","4","6","01","16","3","","0","0","1","1","0"
"POINT (10.123558226000057 53.616101289000028)","Unfall 152821 (2023) Kat:2, Licht: 2","152821","2","2","4","01","07","3","","2","0","1","0","0"
"POINT (10.123603502000037 53.616248503000065)","Unfall 152822 (2023) Kat:3, Licht: 0","152822","3","6","2","01","08","3","","0","0","1","0","0"
"POINT (10.012591502000021 53.641220025000052)","Unfall 152823 (2023) Kat:3, Licht: 0","152823","3","4","6","01","10","3","","0","0","1","1","0"
"POINT (10.000449754000044 53.621572735000029)","Unfall 152824 (2023) Kat:3, Licht: 2","152824","3","3","5","01","07","3","","2","1","1","0","0"
"POINT (10.021859767000024 53.566968391000046)","Unfall 152825 (2023) Kat:3, Licht: 1","152825","3","6","3","01","08","3","","1","0","1","0","0"
"POINT (10.037327670000025 53.564881350000064)","Unfall 152826 (2023) Kat:3, Licht: 1","152826","3","4","6","01","07","3","","1","0","0","1","0"
"POINT (10.054410617000030 53.574209472000064)","Unfall 152827 (2023) Kat:3, Licht: 0","152827","3","2","3","01","13","3","","0","0","1","0","0"
"POINT (9.858637599000076 53.557700001000057)","Unfall 152828 (2023) Kat:3, Licht: 0","152828","3","6","0","01","09","3","","0","0","1","0","0"
"POINT (9.962039338000068 53.565396739000050)","Unfall 152829 (2023) Kat:3, Licht: 0","152829","3","7","5","01","12","3","","0","1","1","0","0"
"POINT (9.937950083000032 53.552918085000044)","Unfall 152830 (2023) Kat:3, Licht: 0","152830","3","6","3","01","15","3","","0","1","0","0","0"
"POINT (9.974980589000040 53.574178695000057)","Unfall 152831 (2023) Kat:2, Licht: 0","152831","2","7","0","01","14","3","","0","1","0","0","0"
"POINT (10.004124976000071 53.554145484000060)","Unfall 152832 (2023) Kat:3, Licht: 2","152832","3","2","6","01","06","3","","2","0","1","1","0"
"POINT (10.233217508000052 53.483334396000032)","Unfall 152833 (2023) Kat:3, Licht: 0","152833","3","4","6","01","13","2","","0","0","1","1","0"
"POINT (10.084812286000044 53.536336645000063)","Unfall 152834 (2023) Kat:3, Licht: 2","152834","3","2","2","01","07","2","","2","0","1","0","0"
"POINT (10.149902816000065 53.619113327000036)","Unfall 152835 (2023) Kat:3, Licht: 0","152835","3","3","5","01","14","2","","0","1","1","0","0"
"POINT (10.146029159000022 53.603150077000066)","Unfall 152836 (2023) Kat:3, Licht: 2","152836","3","5","1","01","19","2","","2","0","1","0","0"
"POINT (10.121667087000048 53.574694077000061)","Unfall 152837 (2023) Kat:2, Licht: 0","152837","2","7","0","01","15","2","","0","0","1","0","0"
"POINT (10.024720637000030 53.627950556000030)","Unfall 152838 (2023) Kat:3, Licht: 0","152838","3","7","0","01","09","2","","0","0","1","0","1"
"POINT (10.032565821000048 53.572854096000071)","Unfall 152839 (2023) Kat:3, Licht: 1","152839","3","3","5","01","07","2","","1","1","1","0","0"
"POINT (9.895415432000050 53.557357184000068)","Unfall 152840 (2023) Kat:3, Licht: 2","152840","3","2","4","01","20","2","","2","0","1","0","0"
"POINT (9.983715277000044 53.557616374000077)","Unfall 152841 (2023) Kat:3, Licht: 2","152841","3","3","5","01","18","2","","2","0","1","0","0"
"POINT (9.997386866000056 53.556857612000044)","Unfall 152842 (2023) Kat:3, Licht: 2","152842","3","6","3","03","18","5","","2","0","1","0","1"