WKT,Name,OBJECTID,UKATEGORIE,UTYP1,UART,UMONAT,USTUNDE,UWOCHENTAG,STRZUSTAND,ULICHTVERH,ISTRAD,ISTPKW,ISTFUSS,ISTKRAD
"POINT (10.054899779000039 53.569077003000075)","Unfall 152843 (2023) Kat:3, Licht: 2","152843","3","6","4","02","21","4","","2","0","1","0","0"
"POINT (10.013231308000059 53.552450978000081)","Unfall 152844 (2023) Kat:3, Licht: 2","152844","3","3","5","01","20","2","","2","0","1","0","0"
"POINT (10.055640040000071 53.582521573000065)","Unfall 152845 (2023) Kat:2, Licht: 2","152845","2","1","9","02","00","6","","2","0","1","0","0"
"POINT (10.105439215000047 53.651317263000067)","Unfall 152846 (2023) Kat:3, Licht: 2","152846","3","5","1","01","20","1","","2","0","1","0","0"
"POINT (10.002779583000063 53.587089797000033)","Unfall 152847 (2023) Kat:3, Licht: 2","152847","3","2","3","01","18","1","","2","0","1","0","0"
"POINT (9.889776444000063 53.610241310000049)","Unfall 152848 (2023) Kat:3, Licht: 0","152848","3","7","0","01","12","1","","0","1","0","0","0"
"POINT (10.071317128000032 53.606595501000072)","Unfall 152849 (2023) Kat:3, Licht: 1","152849","3","7","2","01","16","3","","1","0","1","0","0"
"POINT (9.920929090000072 53.567679477000070)","Unfall 152850 (2023) Kat:3, Licht: 0","152850","3","3","5","01","13","1","","0","1","1","0","0"
"POINT (9.943301492000046 53.582150629000068)","Unfall 152851 (2023) Kat:3, Licht: 0","152851","3","7","0","01","12","1","","0","0","0","0","1"
"POINT (9.979014577000044 53.565861777000066)","Unfall 152852 (2023) Kat:3, Licht: 2","152852","3","7","0","01","04","1","","2","0","0","0","1"
"POINT (9.964783562000036 53.560099202000060)","Unfall 152853 (2023) Kat:3, Licht: 2","152853","3","7","1","01","19","1","","2","1","1","0","0"
"POINT (10.019214436000027 53.538945615000046)","Unfall 152854 (2023) Kat:3, Licht: 0","152854","3","3","5","01","15","1","","0","0","1","0","0"
"POINT (10.004659233000041 53.553307047000033)","Unfall 152855 (2023) Kat:3, Licht: 0","152855","3","5","3","01","15","1","","0","0","1","0","0"
"POINT (9.992949117000023 53.557807436000076)","Unfall 152856 (2023) Kat:3, Licht: 0","152856","3","6","3","01","13","1","","0","0","1","0","0"
"POINT (10.117019730000038 53.645188039000061)","Unfall 152857 (2023) Kat:3, Licht: 0","152857","3","3","5","01","16","4","","0","1","1","0","0"
"POINT (10.005239802000062 53.557637257000067)","Unfall 152858 (2023) Kat:3, Licht: 0","152858","3","2","0","01","14","1","","0","1","1","0","0"
"POINT (10.013219712000023 53.552450557000043)","Unfall 152859 (2023) Kat:3, Licht: 0","152859","3","3","5","01","12","1","","0","0","1","0","0"
"POINT (9.853021395000042 53.471491990000061)","Unfall 152860 (2023) Kat:3, Licht: 0","152860","3","6","6","01","11","7","","0","0","0","1","0"
"POINT (10.161321668000028 53.509507750000068)","Unfall 152861 (2023) Kat:3, Licht: 0","152861","3","2","6","01","11","7","","0","0","0","1","0"
"POINT (10.175443312000027 53.490000117000079)","Unfall 152862 (2023) Kat:2, Licht: 2","152862","2","7","6","01","22","7","","2","0","1","1","0"
"POINT (10.146340604000045 53.529778310000040)","Unfall 152863 (2023) Kat:3, Licht: 2","152863","3","2","6","01","20","7","","2","0","1","1","0"
"POINT (9.947268291000057 53.565131472000076)","Unfall 152864 (2023) Kat:3, Licht: 0","152864","3","2","0","01","08","2","","0","1","0","0","0"
"POINT (10.106852005000064 53.547245783000051)","Unfall 152865 (2023) Kat:3, Licht: 0","152865","3","5","5","01","10","7","","0","0","1","0","0"
"POINT (9.927157255000054 53.572063213000035)","Unfall 152866 (2023) Kat:3, Licht: 0","152866","3","5","1","01","11","3","","0","1","1","0","0"
"POINT (10.156779982000046 53.639201440000079)","Unfall 152867 (2023) Kat:2, Licht: 0","152867","2","3","5","01","15","7","","0","0","1","0","0"
"POINT (9.991750840000066 53.665921247000028)","Unfall 152868 (2023) Kat:3, Licht: 2","152868","3","2","4","01","17","7","","2","0","1","0","0"
"POINT (10.020533465000028 53.624731030000078)","Unfall 152869 (2023) Kat:3, Licht: 2","152869","3","3","5","01","18","7","","2","1","1","0","0"
"POINT (9.864695278000056 53.573265571000036)","Unfall 152870 (2023) Kat:3, Licht: 2","152870","3","3","5","01","20","7","","2","0","1","0","0"
"POINT (9.936147924000068 53.555811711000047)","Unfall 152871 (2023) Kat:3, Licht: 1","152871","3","2","4","01","16","7","","1","0","1","0","0"
"POINT (9.961325123000051 53.550127710000027)","Unfall 152872 (2023) Kat:3, Licht: 2","152872","3","4","6","01","01","7","","2","1","0","1","0"
"POINT (10.004119549000052 53.554143797000052)","Unfall 152873 (2023) Kat:3, Licht: 2","152873","3","4","6","01","22","7","","2","0","1","1","0"
"POINT (9.975368828000057 53.556555978000063)","Unfall 152874 (2023) Kat:3, Licht: 2","152874","3","1","9","01","05","7","","2","0","1","0","0"
"POINT (10.084182028000043 53.554960857000026)","Unfall 152875 (2023) Kat:3, Licht: 2","152875","3","3","5","01","17","6","","2","0","1","0","0"
"POINT (10.078369616000032 53.550194084000054)","Unfall 152876 (2023) Kat:2, Licht: 2","152876","2","2","4","01","17","6","","2","0","1","0","1"
"POINT (10.087990723000075 53.511968528000068)","Unfall 152877 (2023) Kat:3, Licht: 0","152877","3","2","4","01","15","6","","0","0","1","0","0"
"POINT (10.084407956000064 53.553067128000066)","Unfall 152878 (2023) Kat:3, Licht: 0","152878","3","6","2","01","14","6","","0","0","1","0","0"
"POINT (10.041921614000046 53.550953322000055)","Unfall 152879 (2023) Kat:2, Licht: 2","152879","2","2","6","01","19","6","","2","0","0","1","0"
"POINT (10.137948281000035 53.573723182000037)","Unfall 152880 (2023) Kat:3, Licht: 2","152880","3","4","6","01","17","6","","2","0","1","1","0"
"POINT (10.144945564000068 53.584077157000081)","Unfall 152881 (2023) Kat:3, Licht: 0","152881","3","7","6","01","14","6","","0","0","1","1","0"
"POINT (10.078596424000068 53.584889053000040)","Unfall 152882 (2023) Kat:3, Licht: 2","152882","3","3","5","01","01","6","","2","0","1","0","0"
"POINT (10.058417177000024 53.613696009000080)","Unfall 152883 (2023) Kat:3, Licht: 0","152883","3","5","1","01","13","6","","0","0","1","0","0"
"POINT (9.992277829000045 53.649084798000047)","Unfall 152884 (2023) Kat:3, Licht: 2","152884","3","3","5","01","05","6","","2","1","1","0","0"
"POINT (10.102195829000038 53.580005351000068)","Unfall 152885 (2023) Kat:3, Licht: 2","152885","3","6","2","02","18","7","","2","0","1","0","0"
"POINT (10.005957366000075 53.577107805000082)","Unfall 152886 (2023) Kat:3, Licht: 2","152886","3","5","1","01","16","6","","2","1","1","0","0"
"POINT (10.054056556000035 53.572709617000044)","Unfall 152887 (2023) Kat:2, Licht: 2","152887","2","3","5","01","17","6","","2","0","1","0","1"
"POINT (9.915048290000072 53.546068759000036)","Unfall 152888 (2023) Kat:3, Licht: 2","152888","3","6","2","01","16","6","","2","1","1","0","0"
"POINT (9.856237326000041 53.598145635000037)","Unfall 152889 (2023) Kat:3, Licht: 0","152889","3","6","3","01","15","6","","0","0","1","0","1"
"POINT (10.071932370000070 53.588276079000082)","Unfall 152890 (2023) Kat:3, Licht: 2","152890","3","1","8","01","01","7","","2","0","0","0","0"
"POINT (9.978529796000032 53.597678999000038)","Unfall 152891 (2023) Kat:3, Licht: 2","152891","3","2","5","01","19","6","","2","1","1","0","0"
"POINT (9.969269116000021 53.567948072000036)","Unfall 152892 (2023) Kat:3, Licht: 2","152892","3","6","2","01","19","6","","2","0","1","0","0"
"POINT (9.977750474000061 53.578565347000051)","Unfall 152893 (2023) Kat:3, Licht: 0","152893","3","7","6","01","08","6","","0","1","0","1","0"
"POINT (9.878348549000066 53.533414029000028)","Unfall 152894 (2023) Kat:3, Licht: 0","152894","3","2","3","01","13","5","","0","1","1","0","0"
"POINT (9.962728418000040 53.465319591000082)","Unfall 152895 (2023) Kat:3, Licht: 2","152895","3","4","6","01","17","5","","2","0","1","1","0"
"POINT (10.179575551000028 53.512285729000041)","Unfall 152896 (2023) Kat:3, Licht: 1","152896","3","6","2","01","07","5","","1","0","1","0","0"
"POINT (10.178963052000029 53.490382177000072)","Unfall 152897 (2023) Kat:3, Licht: 2","152897","3","6","3","01","07","5","","2","0","0","0","0"
"POINT (10.076178883000068 53.663777442000082)","Unfall 152898 (2023) Kat:3, Licht: 2","152898","3","2","6","02","18","6","","2","0","1","1","0"
"POINT (10.047695008000062 53.561563811000042)","Unfall 152899 (2023) Kat:3, Licht: 2","152899","3","5","5","01","20","5","","2","0","1","0","0"
"POINT (10.050496950000024 53.555298331000074)","Unfall 152900 (2023) Kat:3, Licht: 0","152900","3","2","4","01","12","5","","0","1","1","0","0"
"POINT (10.151753114000030 53.613785043000064)","Unfall 152901 (2023) Kat:3, Licht: 0","152901","3","2","3","01","10","5","","0","0","1","0","0"
"POINT (10.141356701000063 53.583979753000051)","Unfall 152902 (2023) Kat:2, Licht: 2","152902","2","2","4","01","07","5","","2","0","1","0","0"
"POINT (10.042314649000048 53.598638787000027)","Unfall 152903 (2023) Kat:3, Licht: 0","152903","3","6","3","02","07","2","","0","1","0","0","0"
"POINT (10.071958124000048 53.583499683000070)","Unfall 152904 (2023) Kat:2, Licht: 2","152904","2","2","3","01","17","5","","2","0","1","0","1"
"POINT (10.089322586000037 53.617987936000077)","Unfall 152905 (2023) Kat:3, Licht: 0","152905","3","3","5","01","13","5","","0","0","1","0","0"
"POINT (10.037687668000046 53.609935503000031)","Unfall 152906 (2023) Kat:3, Licht: 0","152906","3","6","2","01","12","5","","0","0","1","0","0"
"POINT (10.081315285000073 53.606210551000061)","Unfall 152907 (2023) Kat:3, Licht: 2","152907","3","2","5","01","18","5","","2","1","1","0","0"
"POINT (10.014524060000042 53.597847291000051)","Unfall 152908 (2023) Kat:3, Licht: 0","152908","3","3","5","01","08","5","","0","1","1","0","0"
"POINT (10.056199301000049 53.591665134000039)","Unfall 152909 (2023) Kat:3, Licht: 0","152909","3","6","2","01","09","5","","0","0","1","0","0"
"POINT (9.935434102000045 53.582771608000030)","Unfall 152910 (2023) Kat:3, Licht: 1","152910","3","2","3","01","17","5","","1","1","0","0","0"
"POINT (9.765371885000036 53.569607928000039)","Unfall 152911 (2023) Kat:3, Licht: 0","152911","3","5","5","01","15","5","","0","1","1","0","0"
"POINT (9.979020039000034 53.590191692000076)","Unfall 152912 (2023) Kat:3, Licht: 0","152912","3","4","6","01","09","5","","0","0","1","1","0"
"POINT (9.936300324000058 53.548817787000075)","Unfall 152913 (2023) Kat:3, Licht: 0","152913","3","6","2","01","08","5","","0","0","1","0","0"
"POINT (9.972995080000032 53.568714926000041)","Unfall 152914 (2023) Kat:3, Licht: 2","152914","3","3","5","01","16","5","","2","0","1","0","0"
"POINT (9.993769934000056 53.584151546000044)","Unfall 152915 (2023) Kat:3, Licht: 2","152915","3","5","1","01","08","5","","2","1","1","0","0"
"POINT (10.002536417000044 53.554754282000033)","Unfall 152916 (2023) Kat:3, Licht: 0","152916","3","6","2","01","13","5","","0","0","1","0","0"
"POINT (10.100341952000065 53.496609363000061)","Unfall 152917 (2023) Kat:3, Licht: 1","152917","3","3","5","01","16","4","","1","0","1","0","0"
"POINT (10.102398103000041 53.579785856000058)","Unfall 152918 (2023) Kat:3, Licht: 0","152918","3","6","2","01","15","4","","0","0","1","0","0"
"POINT (10.166579355000067 53.633067679000078)","Unfall 152919 (2023) Kat:3, Licht: 1","152919","3","7","0","01","07","4","","1","1","0","0","0"
"POINT (10.061765848000050 53.577459241000042)","Unfall 152920 (2023) Kat:3, Licht: 0","152920","3","6","2","01","08","4","","0","0","1","0","0"
"POINT (10.064440517000037 53.586480661000053)","Unfall 152921 (2023) Kat:3, Licht: 2","152921","3","2","6","01","07","4","","2","0","1","1","0"
"POINT (10.044889724000029 53.657317260000070)","Unfall 152922 (2023) Kat:3, Licht: 0","152922","3","6","2","01","14","4","","0","0","1","0","0"
"POINT (10.004438042000061 53.657448297000030)","Unfall 152923 (2023) Kat:3, Licht: 2","152923","3","2","5","01","07","4","","2","0","1","0","0"
"POINT (9.992277886000068 53.649086104000048)","Unfall 152924 (2023) Kat:3, Licht: 0","152924","3","3","5","01","09","4","","0","1","1","0","0"
"POINT (10.020045901000060 53.613748897000050)","Unfall 152925 (2023) Kat:2, Licht: 2","152925","2","2","6","01","07","4","","2","0","1","1","0"
"POINT (10.033351949000064 53.588281528000039)","Unfall 152926 (2023) Kat:3, Licht: 2","152926","3","6","2","01","18","4","","2","0","1","0","0"
"POINT (10.044761555000036 53.597115991000067)","Unfall 152927 (2023) Kat:3, Licht: 2","152927","3","3","5","01","07","4","","2","1","1","0","0"
"POINT (10.055593030000068 53.591266263000080)","Unfall 152928 (2023) Kat:3, Licht: 1","152928","3","6","1","01","08","4","","1","0","1","0","0"
"POINT (9.947959673000071 53.584221885000034)","Unfall 152929 (2023) Kat:3, Licht: 2","152929","3","5","5","01","19","4","","2","0","1","0","1"
"POINT (9.978650565000066 53.590111498000056)","Unfall 152930 (2023) Kat:3, Licht: 0","152930","3","4","6","01","09","4","","0","0","1","1","0"
"POINT (9.960871556000029 53.552727245000028)","Unfall 152931 (2023) Kat:3, Licht: 2","152931","3","4","6","02","19","7","","2","0","1","1","0"
"POINT (9.936764608000033 53.551713270000050)","Unfall 152932 (2023) Kat:3, Licht: 0","152932","3","7","6","01","10","4","","0","0","1","1","0"
"POINT (9.957760711000049 53.545997755000030)","Unfall 152933 (2023) Kat:2, Licht: 2","152933","2","6","2","01","23","4","","2","0","0","0","1"
"POINT (9.962440667000067 53.549399022000046)","Unfall 152934 (2023) Kat:3, Licht: 2","152934","3","3","5","01","08","4","","2","0","1","0","0"
"POINT (10.007216748000076 53.548053030000062)","Unfall 152935 (2023) Kat:2, Licht: 0","152935","2","6","3","01","13","4","","0","0","1","0","0"
"POINT (9.995070174000034 53.550554302000080)","Unfall 152936 (2023) Kat:3, Licht: 0","152936","3","7","0","01","12","4","","0","1","0","0","0"
"POINT (10.099146592000068 53.541067516000055)","Unfall 152937 (2023) Kat:2, Licht: 2","152937","2","7","3","01","16","3","","2","0","1","0","1"
"POINT (10.136950962000071 53.592822216000059)","Unfall 152938 (2023) Kat:3, Licht: 2","152938","3","6","2","01","23","3","","2","0","1","0","0"
"POINT (10.155040036000059 53.587681084000053)","Unfall 152939 (2023) Kat:3, Licht: 0","152939","3","2","2","01","14","3","","0","0","1","0","0"
"POINT (10.137346618000038 53.683798196000055)","Unfall 152940 (2023) Kat:3, Licht: 0","152940","3","3","5","01","11","3","","0","1","1","0","0"
"POINT (10.023213183000053 53.567832567000039)","Unfall 152941 (2023) Kat:3, Licht: 0","152941","3","6","3","01","08","3","","0","0","1","0","1"
"POINT (9.955110045000026 53.605593099000032)","Unfall 152942 (2023) Kat:3, Licht: 0","152942","3","6","2","01","10","3","","0","0","1","0","0"
"POINT (9.944311413000037 53.573136603000080)","Unfall 152943 (2023) Kat:3, Licht: 0","152943","3","7","0","01","11","3","","0","0","0","0","1"
"POINT (10.112432494000075 53.571001899000066)","Unfall 152944 (2023) Kat:3, Licht: 2","152944","3","7","0","01","18","2","","2","1","0","0","0"
"POINT (10.101980782000055 53.597503424000081)","Unfall 152945 (2023) Kat:3, Licht: 0","152945","3","7","2","01","14","2","","0","0","1","0","0"
"POINT (10.007869055000072 53.552015671000049)","Unfall 152946 (2023) Kat:3, Licht: 2","152946","3","4","6","01","18","3","","2","0","1","1","0"
"POINT (10.158945410000058 53.602926148000051)","Unfall 152947 (2023) Kat:3, Licht: 1","152947","3","6","2","01","16","2","","1","0","1","0","0"
"POINT (10.124867829000038 53.586120857000026)","Unfall 152948 (2023) Kat:3, Licht: 0","152948","3","2","4","01","09","2","","0","0","1","0","0"
"POINT (9.804621422000025 53.563162728000066)","Unfall 152949 (2023) Kat:2, Licht: 1","152949","2","7","0","01","07","2","","1","1","0","0","0"
"POINT (9.749995787000046 53.580052122000041)","Unfall 152950 (2023) Kat:3, Licht: 0","152950","3","7","0","01","14","2","","0","1","0","0","0"
"POINT (9.977325076000056 53.577295234000076)","Unfall 152951 (2023) Kat:3, Licht: 2","152951","3","2","6","01","07","2","","2","0","1","1","0"
"POINT (9.960176266000076 53.563643323000065)","Unfall 152952 (2023) Kat:3, Licht: 2","152952","3","3","5","01","23","2","","2","1","1","0","0"
"POINT (9.979938122000021 53.550017094000054)","Unfall 152953 (2023) Kat:3, Licht: 2","152953","3","7","8","01","20","2","","2","1","0","0","0"
"POINT (10.014108105000048 53.619267330000071)","Unfall 152954 (2023) Kat:3, Licht: 2","152954","3","2","4","01","17","7","","2","0","1","0","0"
"POINT (9.899248548000060 53.480004145000066)","Unfall 152955 (2023) Kat:3, Licht: 2","152955","3","1","9","01","22","1","","2","0","1","0","0"
"POINT (9.780525731000068 53.519541458000049)","Unfall 152956 (2023) Kat:3, Licht: 2","152956","3","5","1","01","20","1","","2","0","1","0","0"
"POINT (9.988387817000046 53.517145468000081)","Unfall 152957 (2023) Kat:3, Licht: 0","152957","3","6","2","01","14","1","","0","0","1","0","0"
"POINT (10.161601844000074 53.508366918000036)","Unfall 152958 (2023) Kat:3, Licht: 0","152958","3","1","7","01","09","1","","0","0","1","0","0"
"POINT (10.213541159000044 53.504140544000052)","Unfall 152959 (2023) Kat:2, Licht: 2","152959","2","1","0","01","21","1","","2","1","0","0","0"
"POINT (9.980395444000067 53.567838623000057)","Unfall 152960 (2023) Kat:3, Licht: 1","152960","3","7","0","02","17","1","","1","1","1","0","0"
"POINT (10.134863224000071 53.569402484000079)","Unfall 152961 (2023) Kat:3, Licht: 0","152961","3","3","5","01","13","1","","0","0","1","0","0"
"POINT (9.986071685000070 53.572545271000081)","Unfall 152962 (2023) Kat:3, Licht: 2","152962","3","2","4","02","20","6","","2","0","1","0","0"
"POINT (9.996304624000061 53.593954476000079)","Unfall 152963 (2023) Kat:3, Licht: 0","152963","3","7","6","01","14","1","","0","0","1","1","0"
"POINT (9.824706439000067 53.560724397000058)","Unfall 152964 (2023) Kat:3, Licht: 0","152964","3","7","0","01","15","1","","0","1","0","0","0"
"POINT (9.918287814000053 53.553005919000043)","Unfall 152965 (2023) Kat:3, Licht: 0","152965","3","2","3","01","14","1","","0","1","1","0","0"
"POINT (10.016122849000055 53.551958915000057)","Unfall 152966 (2023) Kat:3, Licht: 2","152966","3","2","6","01","19","1","","2","0","1","1","0"
"POINT (9.984560261000070 53.458705300000076)","Unfall 152967 (2023) Kat:3, Licht: 0","152967","3","3","5","01","14","7","","0","0","1","0","0"
"POINT (10.063919792000036 53.530639657000052)","Unfall 152968 (2023) Kat:3, Licht: 2","152968","3","1","8","01","05","7","","2","0","1","0","0"
"POINT (9.994649852000066 53.602212697000027)","Unfall 152969 (2023) Kat:3, Licht: 0","152969","3","2","4","01","12","7","","0","0","1","0","0"
"POINT (10.038330107000036 53.577038673000061)","Unfall 152970 (2023) Kat:3, Licht: 0","152970","3","7","8","01","14","7","","0","0","1","0","0"
"POINT (9.903493552000043 53.608666852000056)","Unfall 152971 (2023) Kat:3, Licht: 2","152971","3","7","6","01","16","7","","2","0","1","0","0"
"POINT (10.166108830000042 53.629049200000054)","Unfall 152972 (2023) Kat:3, Licht: 2","152972","3","2","6","01","07","4","","2","0","1","1","0"
"POINT (9.974323643000048 53.598261140000034)","Unfall 152973 (2023) Kat:2, Licht: 0","152973","2","1","0","01","08","7","","0","1","0","0","0"
"POINT (9.878888164000045 53.530189694000057)","Unfall 152974 (2023) Kat:3, Licht: 0","152974","3","6","2","01","12","6","","0","0","1","0","0"
"POINT (9.976016939000033 53.456734127000061)","Unfall 152975 (2023) Kat:3, Licht: 0","152975","3","1","0","01","15","6","","0","1","0","0","0"
"POINT (9.971989138000026 53.451768450000031)","Unfall 152976 (2023) Kat:3, Licht: 0","152976","3","2","4","01","13","6","","0","0","1","0","0"
"POINT (9.976507485000070 53.460632662000080)","Unfall 152977 (2023) Kat:2, Licht: 0","152977","2","7","0","01","14","6","","0","1","0","0","0"
"POINT (10.136432416000048 53.570935783000039)","Unfall 152978 (2023) Kat:3, Licht: 0","152978","3","6","2","01","13","6","","0","0","1","0","0"
"POINT (10.072310696000045 53.608717992000038)","Unfall 152979 (2023) Kat:3, Licht: 2","152979","3","2","6","01","07","6","","2","0","1","1","0"
"POINT (10.010222457000054 53.648644457000046)","Unfall 152980 (2023) Kat:3, Licht: 2","152980","3","3","5","01","20","6","","2","0","1","0","0"
"POINT (10.027085807000049 53.606369370000039)","Unfall 152981 (2023) Kat:3, Licht: 2","152981","3","1","9","01","20","6","","2","0","1","0","0"
"POINT (10.051516175000074 53.586931217000028)","Unfall 152982 (2023) Kat:3, Licht: 0","152982","3","7","6","01","15","6","","0","0","0","1","0"
"POINT (9.936523008000052 53.552449588000059)","Unfall 152983 (2023) Kat:3, Licht: 2","152983","3","5","5","01","20","6","","2","1","0","0","0"
"POINT (9.932956933000071 53.550261526000043)","Unfall 152984 (2023) Kat:3, Licht: 1","152984","3","4","6","01","16","6","","1","0","1","1","0"
"POINT (9.928151221000064 53.557256409000047)","Unfall 152985 (2023) Kat:3, Licht: 0","152985","3","4","6","01","13","6","","0","1","1","1","0"
"POINT (9.972132681000062 53.568301324000061)","Unfall 152986 (2023) Kat:3, Licht: 2","152986","3","6","2","01","19","6","","2","0","1","0","1"
"POINT (9.977571153000042 53.577434354000047)","Unfall 152987 (2023) Kat:3, Licht: 0","152987","3","7","4","01","13","6","","0","0","1","0","0"
"POINT (9.981945372000041 53.564157811000030)","Unfall 152988 (2023) Kat:3, Licht: 2","152988","3","2","4","01","20","6","","2","1","1","0","0"
"POINT (9.993086917000028 53.558875219000072)","Unfall 152989 (2023) Kat:3, Licht: 1","152989","3","7","0","01","08","6","","1","0","0","0","1"
"POINT (10.013714267000069 53.539828547000070)","Unfall 152990 (2023) Kat:2, Licht: 2","152990","2","4","6","01","18","6","","2","0","1","1","0"
"POINT (10.002452568000024 53.548059272000046)","Unfall 152991 (2023) Kat:3, Licht: 0","152991","3","4","6","01","11","6","","0","0","1","1","0"
"POINT (10.226419770000064 53.481641757000034)","Unfall 152992 (2023) Kat:3, Licht: 0","152992","3","7","0","01","13","5","","0","1","0","0","0"
"POINT (10.148822301000052 53.595049158000052)","Unfall 152993 (2023) Kat:2, Licht: 1","152993","2","7","0","01","17","5","","1","1","0","0","0"
"POINT (10.051321472000041 53.586723241000072)","Unfall 152994 (2023) Kat:3, Licht: 1","152994","3","2","4","02","17","5","","1","0","1","0","0"
"POINT (10.004541125000060 53.657279366000068)","Unfall 152995 (2023) Kat:2, Licht: 2","152995","2","2","4","01","19","5","","2","0","1","0","0"
"POINT (10.036638614000026 53.642347477000044)","Unfall 152996 (2023) Kat:3, Licht: 0","152996","3","2","3","01","15","5","","0","1","1","0","0"
"POINT (10.007373985000072 53.616335781000032)","Unfall 152997 (2023) Kat:3, Licht: 2","152997","3","5","1","01","20","5","","2","0","1","0","0"
"POINT (10.036961471000041 53.580300766000050)","Unfall 152998 (2023) Kat:3, Licht: 0","152998","3","7","2","01","15","5","","0","0","1","0","0"
"POINT (9.926587451000046 53.571863877000055)","Unfall 152999 (2023) Kat:3, Licht: 0","152999","3","1","0","01","14","5","","0","0","0","0","1"
"POINT (9.957286715000066 53.612067576000072)","Unfall 153000 (2023) Kat:3, Licht: 0","153000","3","5","5","01","08","5","","0","0","1","0","0"
"POINT (9.967217202000029 53.557427035000046)","Unfall 153001 (2023) Kat:3, Licht: 2","153001","3","3","5","01","21","5","","2","1","1","0","0"
"POINT (10.013944083000069 53.561567565000075)","Unfall 153002 (2023) Kat:3, Licht: 2","153002","3","7","0","01","23","5","","2","0","1","0","0"
"POINT (10.018181151000022 53.552583303000063)","Unfall 153003 (2023) Kat:3, Licht: 0","153003","3","2","4","01","07","5","","0","1","0","0","0"
"POINT (10.090866497000036 53.634325254000032)","Unfall 153004 (2023) Kat:3, Licht: 0","153004","3","2","3","01","12","5","","0","1","0","0","0"
"POINT (9.869013838000058 53.533886043000052)","Unfall 153005 (2023) Kat:3, Licht: 2","153005","3","4","6","01","19","4","","2","1","0","1","0"
"POINT (10.035155520000046 53.505200060000050)","Unfall 153006 (2023) Kat:3, Licht: 2","153006","3","1","8","01","01","4","","2","0","1","0","0"
"POINT (10.144658685000024 53.545180707000043)","Unfall 153007 (2023) Kat:3, Licht: 2","153007","3","2","4","01","18","4","","2","0","1","0","0"
"POINT (10.040624596000043 53.543722321000075)","Unfall 153008 (2023) Kat:3, Licht: 0","153008","3","6","2","01","15","4","","0","0","1","0","0"
"POINT (10.061406032000036 53.560131109000054)","Unfall 153009 (2023) Kat:2, Licht: 1","153009","2","2","6","01","08","4","","1","0","1","1","0"
"POINT (10.165537962000030 53.622441655000046)","Unfall 153010 (2023) Kat:3, Licht: 2","153010","3","2","6","01","19","4","","2","0","1","1","0"
"POINT (10.093419566000023 53.656325477000053)","Unfall 153011 (2023) Kat:2, Licht: 2","153011","2","2","6","01","20","4","","2","0","1","1","0"
"POINT (10.056114283000056 53.647135094000078)","Unfall 153012 (2023) Kat:3, Licht: 2","153012","3","2","3","01","16","4","","2","1","1","0","0"
"POINT (10.012963235000029 53.643115663000060)","Unfall 153013 (2023) Kat:3, Licht: 2","153013","3","2","3","01","22","4","","2","1","1","0","0"
"POINT (10.056147014000032 53.591366221000044)","Unfall 153014 (2023) Kat:2, Licht: 2","153014","2","2","6","01","07","4","","2","0","1","1","0"
"POINT (9.927490759000023 53.608502075000047)","Unfall 153015 (2023) Kat:3, Licht: 2","153015","3","5","1","01","06","4","","2","1","1","0","0"
"POINT (9.812061466000046 53.561900306000041)","Unfall 153016 (2023) Kat:3, Licht: 0","153016","3","4","6","01","13","4","","0","0","1","1","0"
"POINT (9.973500558000069 53.583961658000078)","Unfall 153017 (2023) Kat:3, Licht: 0","153017","3","3","5","01","13","4","","0","0","1","0","0"
"POINT (9.993577699000070 53.541628195000044)","Unfall 153018 (2023) Kat:3, Licht: 2","153018","3","4","6","01","19","4","","2","0","1","1","0"
"POINT (10.108025222000038 53.530066030000057)","Unfall 153019 (2023) Kat:3, Licht: 0","153019","3","3","5","01","13","3","","0","1","1","0","0"
"POINT (10.057780350000030 53.583672380000053)","Unfall 153020 (2023) Kat:3, Licht: 2","153020","3","5","5","01","07","3","","2","1","1","0","0"
"POINT (10.055529298000067 53.591224253000064)","Unfall 153021 (2023) Kat:3, Licht: 0","153021","3","1","0","01","12","3","","0","1","0","0","0"
"POINT (9.857739462000040 53.599225625000031)","Unfall 153022 (2023) Kat:3, Licht: 0","153022","3","3","5","01","15","3","","0","1","1","0","0"
"POINT (9.861942696000028 53.607165938000037)","Unfall 153023 (2023) Kat:3, Licht: 0","153023","3","3","0","01","09","3","","0","1","1","0","0"
"POINT (10.103501564000055 53.543251904000044)","Unfall 153024 (2023) Kat:3, Licht: 0","153024","3","3","5","01","08","6","","0","1","1","0","0"
"POINT (9.941832616000056 53.599234818000070)","Unfall 153025 (2023) Kat:2, Licht: 0","153025","2","3","5","01","09","3","","0","1","1","0","0"
"POINT (9.943609730000048 53.549600332000068)","Unfall 153026 (2023) Kat:3, Licht: 0","153026","3","6","3","01","09","3","","0","1","1","0","0"
"POINT (9.917838093000057 53.550654080000072)","Unfall 153027 (2023) Kat:3, Licht: 2","153027","3","7","7","01","22","3","","2","0","1","1","0"
"POINT (9.946938221000039 53.561211285000070)","Unfall 153028 (2023) Kat:3, Licht: 0","153028","3","7","0","01","12","3","","0","1","0","0","0"