WKT,Name,OBJECTID,UKATEGORIE,UTYP1,UART,UMONAT,USTUNDE,UWOCHENTAG,STRZUSTAND,ULICHTVERH,ISTRAD,ISTPKW,ISTFUSS,ISTKRAD
"POINT (9.904773013000067 53.602809740000055)","Unfall 153029 (2023) Kat:3, Licht: 0","153029","3","5","1","02","14","6","","0","0","1","0","0"
"POINT (10.204248565000057 53.496967883000082)","Unfall 153030 (2023) Kat:3, Licht: 2","153030","3","6","2","01","16","2","","2","0","1","0","0"
"POINT (10.115571710000040 53.611640180000052)","Unfall 153031 (2023) Kat:3, Licht: 2","153031","3","2","6","01","07","2","","2","0","1","1","0"
"POINT (9.907672790000049 53.626673444000062)","Unfall 153032 (2023) Kat:3, Licht: 2","153032","3","7","0","01","07","2","","2","1","0","0","0"
"POINT (9.917867387000058 53.636230992000037)","Unfall 153033 (2023) Kat:3, Licht: 2","153033","3","2","6","01","06","2","","2","0","1","1","0"
"POINT (9.936006345000067 53.555727309000076)","Unfall 153034 (2023) Kat:3, Licht: 0","153034","3","2","3","01","11","2","","0","1","1","0","0"
"POINT (10.164131245000021 53.489325253000061)","Unfall 153035 (2023) Kat:3, Licht: 0","153035","3","3","5","02","13","2","","0","0","1","0","0"
"POINT (9.995083032000025 53.570783630000051)","Unfall 153036 (2023) Kat:3, Licht: 2","153036","3","6","2","01","20","2","","2","0","1","0","0"
"POINT (9.988804052000035 53.561961298000028)","Unfall 153037 (2023) Kat:3, Licht: 2","153037","3","6","2","01","19","2","","2","0","1","0","0"
"POINT (9.988807108000060 53.561959664000028)","Unfall 153038 (2023) Kat:3, Licht: 2","153038","3","6","2","01","17","2","","2","0","1","0","1"
"POINT (9.965574499000070 53.557169218000070)","Unfall 153039 (2023) Kat:3, Licht: 2","153039","3","7","0","02","06","6","","2","0","0","0","0"
"POINT (9.968491670000049 53.566897303000076)","Unfall 153040 (2023) Kat:2, Licht: 2","153040","2","7","0","01","21","2","","2","0","0","0","0"
"POINT (10.187551510000048 53.400834042000042)","Unfall 153041 (2023) Kat:2, Licht: 0","153041","2","1","8","01","15","1","","0","0","0","0","1"
"POINT (10.084828840000057 53.554744634000031)","Unfall 153042 (2023) Kat:3, Licht: 0","153042","3","6","2","01","14","1","","0","0","1","0","0"
"POINT (10.086823101000050 53.656403520000026)","Unfall 153043 (2023) Kat:3, Licht: 2","153043","3","1","0","01","22","3","","2","1","0","0","0"
"POINT (10.135339566000027 53.594521337000060)","Unfall 153044 (2023) Kat:2, Licht: 0","153044","2","2","4","01","12","1","","0","0","1","0","0"
"POINT (10.108963982000034 53.603789942000049)","Unfall 153045 (2023) Kat:3, Licht: 2","153045","3","1","8","01","06","1","","2","0","1","0","0"
"POINT (10.038760412000045 53.577991352000026)","Unfall 153046 (2023) Kat:2, Licht: 1","153046","2","4","6","01","08","1","","1","0","0","1","0"
"POINT (10.035421432000021 53.575111007000032)","Unfall 153047 (2023) Kat:3, Licht: 2","153047","3","2","4","01","00","1","","2","0","1","0","0"
"POINT (9.995640180000066 53.567904256000077)","Unfall 153048 (2023) Kat:3, Licht: 0","153048","3","6","4","01","09","1","","0","0","1","0","0"
"POINT (10.008712838000065 53.559022085000038)","Unfall 153049 (2023) Kat:3, Licht: 2","153049","3","6","3","01","18","1","","2","1","1","0","0"
"POINT (10.013009588000045 53.644942751000031)","Unfall 153075 (2023) Kat:3, Licht: 1","153075","3","7","0","01","16","5","","1","0","0","0","1"
"POINT (10.055220314000053 53.560788932000037)","Unfall 153078 (2023) Kat:3, Licht: 0","153078","3","6","3","02","13","2","","0","1","0","0","0"
"POINT (9.857868586000052 53.474738601000070)","Unfall 153083 (2023) Kat:3, Licht: 0","153083","3","6","2","02","15","5","","0","0","1","0","0"
"POINT (10.055710275000024 53.591343547000065)","Unfall 153088 (2023) Kat:3, Licht: 0","153088","3","6","2","02","11","2","","0","0","1","0","0"
"POINT (10.081142715000055 53.576349044000040)","Unfall 153093 (2023) Kat:2, Licht: 2","153093","2","1","1","01","00","1","","2","0","1","0","0"
"POINT (10.095908003000034 53.541126175000045)","Unfall 153096 (2023) Kat:3, Licht: 0","153096","3","7","1","03","14","5","","0","1","0","0","0"
"POINT (10.076146357000027 53.614347388000056)","Unfall 153100 (2023) Kat:2, Licht: 2","153100","2","2","6","01","17","3","","2","0","1","1","0"
"POINT (9.988739622000026 53.581284618000041)","Unfall 153125 (2023) Kat:3, Licht: 0","153125","3","3","5","01","10","4","","0","1","1","0","0"
"POINT (9.899126099000057 53.479650857000081)","Unfall 153127 (2023) Kat:3, Licht: 0","153127","3","3","5","01","09","3","","0","0","1","0","0"
"POINT (10.079088059000071 53.584995747000050)","Unfall 153138 (2023) Kat:2, Licht: 0","153138","2","7","0","03","16","5","","0","0","0","0","0"
"POINT (10.004443499000047 53.556886837000036)","Unfall 153157 (2023) Kat:3, Licht: 0","153157","3","5","1","01","09","2","","0","1","1","0","0"
"POINT (9.986771023000074 53.589264734000039)","Unfall 153166 (2023) Kat:3, Licht: 0","153166","3","6","2","03","16","2","","0","1","1","0","0"
"POINT (10.043206335000036 53.568513043000053)","Unfall 153178 (2023) Kat:3, Licht: 2","153178","3","2","6","01","23","3","","2","0","1","1","0"
"POINT (10.017167151000024 53.555758729000047)","Unfall 153179 (2023) Kat:3, Licht: 1","153179","3","6","2","01","19","7","","1","0","1","0","0"
"POINT (9.945632519000071 53.571113814000057)","Unfall 153187 (2023) Kat:3, Licht: 0","153187","3","4","6","01","13","3","","0","0","1","1","0"
"POINT (9.960168706000047 53.591721028000052)","Unfall 153194 (2023) Kat:3, Licht: 0","153194","3","7","1","02","12","5","","0","1","1","0","0"
"POINT (10.019334302000061 53.484477160000040)","Unfall 153230 (2023) Kat:3, Licht: 0","153230","3","4","6","02","15","5","","0","0","1","1","0"
"POINT (10.064392410000039 53.586755101000051)","Unfall 153236 (2023) Kat:3, Licht: 0","153236","3","6","2","01","09","2","","0","0","1","0","0"
"POINT (10.088023763000024 53.649788279000063)","Unfall 153246 (2023) Kat:3, Licht: 0","153246","3","7","8","01","15","1","","0","0","1","0","0"
"POINT (10.034102929000028 53.619078198000068)","Unfall 153262 (2023) Kat:3, Licht: 0","153262","3","7","2","02","14","6","","0","0","1","0","0"
"POINT (10.012574708000045 53.498689531000082)","Unfall 153272 (2023) Kat:3, Licht: 0","153272","3","3","5","03","17","3","","0","0","1","0","0"
"POINT (10.103080163000072 53.578531592000047)","Unfall 153273 (2023) Kat:3, Licht: 0","153273","3","3","5","03","08","6","","0","1","1","0","0"
"POINT (9.995832522000057 53.559564975000058)","Unfall 153274 (2023) Kat:3, Licht: 0","153274","3","2","4","02","09","6","","0","1","1","0","0"
"POINT (10.118079737000073 53.600097377000054)","Unfall 153290 (2023) Kat:3, Licht: 2","153290","3","2","5","01","19","2","","2","0","1","0","0"
"POINT (9.975483641000039 53.565020042000071)","Unfall 153308 (2023) Kat:3, Licht: 0","153308","3","6","4","01","12","1","","0","0","1","0","0"
"POINT (9.989306190000036 53.439395346000026)","Unfall 153319 (2023) Kat:3, Licht: 0","153319","3","5","5","02","10","5","","0","0","1","0","0"
"POINT (10.089790294000068 53.587117448000072)","Unfall 153329 (2023) Kat:3, Licht: 2","153329","3","6","2","02","18","7","","2","0","1","0","0"
"POINT (10.186348460000033 53.510199215000057)","Unfall 153348 (2023) Kat:3, Licht: 2","153348","3","6","4","01","07","2","","2","1","1","0","0"
"POINT (10.041360048000058 53.569474731000071)","Unfall 153382 (2023) Kat:3, Licht: 0","153382","3","5","1","01","13","2","","0","1","1","0","0"
"POINT (10.220508568000071 53.492720077000058)","Unfall 153387 (2023) Kat:3, Licht: 0","153387","3","7","0","02","13","5","","0","0","0","0","0"
"POINT (9.866111586000045 53.472487316000070)","Unfall 153394 (2023) Kat:3, Licht: 0","153394","3","6","6","02","11","6","","0","1","0","1","0"
"POINT (9.968817837000074 53.557601839000029)","Unfall 153402 (2023) Kat:3, Licht: 2","153402","3","7","2","01","18","5","","2","1","1","0","0"
"POINT (10.094162247000042 53.651579121000054)","Unfall 153417 (2023) Kat:3, Licht: 0","153417","3","7","0","06","19","2","","0","1","0","0","0"
"POINT (10.076954175000026 53.655480730000079)","Unfall 153418 (2023) Kat:3, Licht: 0","153418","3","3","5","06","10","2","","0","0","1","0","0"
"POINT (10.018174004000059 53.634013831000061)","Unfall 153419 (2023) Kat:3, Licht: 0","153419","3","7","0","06","12","2","","0","1","0","0","0"
"POINT (10.031425948000049 53.596036600000048)","Unfall 153420 (2023) Kat:3, Licht: 0","153420","3","2","5","06","15","2","","0","1","1","0","0"
"POINT (10.011342129000070 53.582758777000038)","Unfall 153421 (2023) Kat:3, Licht: 0","153421","3","5","1","06","20","2","","0","0","1","0","1"
"POINT (9.873956413000030 53.597582361000036)","Unfall 153422 (2023) Kat:3, Licht: 0","153422","3","3","5","06","17","2","","0","1","1","0","0"
"POINT (9.922889990000044 53.570887201000062)","Unfall 153423 (2023) Kat:3, Licht: 0","153423","3","2","4","06","17","2","","0","1","1","0","0"
"POINT (9.867393869000068 53.547979222000038)","Unfall 153424 (2023) Kat:3, Licht: 1","153424","3","7","0","06","21","2","","1","1","0","0","0"
"POINT (9.990296070000056 53.617726529000038)","Unfall 153425 (2023) Kat:3, Licht: 0","153425","3","5","1","06","13","2","","0","0","0","0","0"
"POINT (9.949204794000025 53.581420305000051)","Unfall 153426 (2023) Kat:2, Licht: 0","153426","2","1","0","06","09","2","","0","1","0","0","0"
"POINT (9.956341947000055 53.570329240000035)","Unfall 153427 (2023) Kat:3, Licht: 0","153427","3","2","5","06","08","2","","0","1","1","0","0"
"POINT (9.941017024000075 53.578317919000028)","Unfall 153428 (2023) Kat:3, Licht: 0","153428","3","4","6","06","14","2","","0","0","1","1","0"
"POINT (9.950457311000036 53.559026576000065)","Unfall 153429 (2023) Kat:3, Licht: 0","153429","3","4","6","06","19","2","","0","1","0","1","0"
"POINT (10.019226633000073 53.538943545000052)","Unfall 153430 (2023) Kat:3, Licht: 0","153430","3","3","5","06","20","2","","0","0","1","0","0"
"POINT (9.999905452000064 53.550927340000044)","Unfall 153431 (2023) Kat:3, Licht: 0","153431","3","4","6","06","11","2","","0","1","0","1","0"
"POINT (9.990993680000031 53.554197016000046)","Unfall 153432 (2023) Kat:3, Licht: 0","153432","3","1","0","06","18","2","","0","1","0","0","0"
"POINT (9.925038660000041 53.521572626000079)","Unfall 153433 (2023) Kat:3, Licht: 0","153433","3","2","4","06","07","2","","0","0","1","0","0"
"POINT (9.981166651000024 53.421635486000071)","Unfall 153434 (2023) Kat:3, Licht: 0","153434","3","3","5","06","15","1","","0","0","1","0","0"
"POINT (10.009891480000022 53.496302936000063)","Unfall 153435 (2023) Kat:3, Licht: 0","153435","3","3","5","06","10","1","","0","0","1","0","0"
"POINT (10.176227837000056 53.512759309000046)","Unfall 153436 (2023) Kat:3, Licht: 0","153436","3","6","2","06","15","1","","0","0","1","0","0"
"POINT (10.097223452000037 53.550429999000073)","Unfall 153437 (2023) Kat:3, Licht: 0","153437","3","7","0","06","13","1","","0","1","0","0","0"
"POINT (10.075897514000076 53.549906960000044)","Unfall 153438 (2023) Kat:3, Licht: 0","153438","3","7","0","06","17","1","","0","1","0","0","0"
"POINT (10.156226883000045 53.609389827000030)","Unfall 153439 (2023) Kat:3, Licht: 0","153439","3","2","5","06","16","1","","0","0","1","0","1"
"POINT (10.130250117000060 53.572244636000050)","Unfall 153440 (2023) Kat:3, Licht: 0","153440","3","7","0","06","16","1","","0","1","0","0","0"
"POINT (10.042846917000077 53.596959519000052)","Unfall 153441 (2023) Kat:3, Licht: 0","153441","3","4","6","06","10","1","","0","0","1","1","0"
"POINT (10.017220434000023 53.563708431000066)","Unfall 153442 (2023) Kat:3, Licht: 2","153442","3","3","5","06","00","1","","2","0","1","0","0"
"POINT (9.960418404000052 53.619308165000064)","Unfall 153443 (2023) Kat:3, Licht: 0","153443","3","7","0","06","11","1","","0","1","0","0","0"
"POINT (9.989316660000043 53.581673468000076)","Unfall 153444 (2023) Kat:3, Licht: 0","153444","3","1","0","06","13","1","","0","1","0","0","0"
"POINT (9.963222548000033 53.550431600000081)","Unfall 153445 (2023) Kat:3, Licht: 0","153445","3","1","0","06","07","1","","0","1","0","0","0"
"POINT (9.953558129000044 53.545970259000057)","Unfall 153446 (2023) Kat:2, Licht: 0","153446","2","7","3","06","06","1","","0","1","1","0","0"
"POINT (10.002044664000039 53.555202159000032)","Unfall 153447 (2023) Kat:3, Licht: 0","153447","3","7","0","06","17","1","","0","1","0","0","0"
"POINT (10.010516581000047 53.550948898000058)","Unfall 153448 (2023) Kat:3, Licht: 0","153448","3","3","5","06","12","1","","0","1","1","0","0"
"POINT (10.011277200000052 53.553163211000026)","Unfall 153449 (2023) Kat:3, Licht: 2","153449","3","7","0","06","04","1","","2","1","0","0","0"
"POINT (9.943480830000055 53.489307511000050)","Unfall 153450 (2023) Kat:3, Licht: 0","153450","3","2","4","06","16","1","","0","0","1","0","0"
"POINT (9.976010708000047 53.424414470000045)","Unfall 153451 (2023) Kat:3, Licht: 0","153451","3","3","5","06","14","7","","0","0","1","0","0"
"POINT (9.944418356000028 53.452799657000071)","Unfall 153452 (2023) Kat:3, Licht: 0","153452","3","7","0","06","10","7","","0","1","0","0","0"
"POINT (10.028645974000028 53.478872342000045)","Unfall 153453 (2023) Kat:3, Licht: 0","153453","3","2","4","06","14","7","","0","1","1","0","0"
"POINT (9.982662661000063 53.509294114000056)","Unfall 153454 (2023) Kat:2, Licht: 2","153454","2","1","0","06","01","7","","2","1","0","0","0"
"POINT (9.993343312000036 53.515800042000080)","Unfall 153455 (2023) Kat:2, Licht: 0","153455","2","7","0","06","12","7","","0","1","0","0","0"
"POINT (10.146553829000027 53.485713169000064)","Unfall 153456 (2023) Kat:3, Licht: 0","153456","3","1","8","06","16","7","","0","0","1","0","0"
"POINT (10.221511553000028 53.397986489000061)","Unfall 153457 (2023) Kat:3, Licht: 0","153457","3","2","3","06","14","7","","0","1","0","0","1"
"POINT (10.210824718000026 53.501507553000067)","Unfall 153458 (2023) Kat:3, Licht: 0","153458","3","7","0","06","11","7","","0","1","0","0","0"
"POINT (10.111354882000057 53.535758580000049)","Unfall 153459 (2023) Kat:3, Licht: 0","153459","3","7","0","06","11","7","","0","1","0","0","0"
"POINT (10.144084745000043 53.617941032000033)","Unfall 153460 (2023) Kat:3, Licht: 2","153460","3","7","0","06","22","7","","2","0","0","0","0"
"POINT (10.074442662000024 53.567692735000037)","Unfall 153461 (2023) Kat:3, Licht: 0","153461","3","6","2","06","07","7","","0","0","1","0","0"
"POINT (10.009531563000053 53.676436147000061)","Unfall 153462 (2023) Kat:2, Licht: 0","153462","2","5","1","06","14","7","","0","1","1","0","0"
"POINT (10.041903534000028 53.584632175000081)","Unfall 153463 (2023) Kat:2, Licht: 0","153463","2","2","4","06","18","7","","0","1","1","0","0"
"POINT (9.934734420000041 53.573440545000039)","Unfall 153464 (2023) Kat:3, Licht: 2","153464","3","7","0","06","02","7","","2","1","0","0","0"
"POINT (9.941673094000066 53.599106177000067)","Unfall 153465 (2023) Kat:3, Licht: 2","153465","3","1","8","06","00","7","","2","0","1","0","0"
"POINT (9.900977473000069 53.569868490000033)","Unfall 153466 (2023) Kat:3, Licht: 2","153466","3","1","0","06","00","7","","2","1","0","0","0"
"POINT (9.916011655000034 53.650751145000072)","Unfall 153467 (2023) Kat:3, Licht: 0","153467","3","7","0","06","13","7","","0","1","0","0","0"
"POINT (9.956085183000027 53.607867677000058)","Unfall 153468 (2023) Kat:3, Licht: 0","153468","3","7","0","06","19","7","","0","1","0","0","0"
"POINT (9.949122304000070 53.548961512000062)","Unfall 153469 (2023) Kat:3, Licht: 0","153469","3","4","6","06","07","7","","0","0","0","1","1"
"POINT (10.002994045000037 53.524166335000075)","Unfall 153470 (2023) Kat:3, Licht: 2","153470","3","7","0","06","23","7","","2","1","0","0","0"
"POINT (10.192056712000067 53.433860707000065)","Unfall 153471 (2023) Kat:3, Licht: 0","153471","3","5","5","06","15","6","","0","0","1","0","0"
"POINT (10.184103072000028 53.511640167000053)","Unfall 153472 (2023) Kat:3, Licht: 0","153472","3","6","2","06","09","6","","0","0","1","0","0"
"POINT (10.101052389000074 53.540583402000038)","Unfall 153473 (2023) Kat:3, Licht: 0","153473","3","4","6","06","18","6","","0","1","0","1","0"
"POINT (10.083572938000032 53.554671224000060)","Unfall 153474 (2023) Kat:2, Licht: 0","153474","2","3","5","06","15","6","","0","1","0","0","0"
"POINT (10.099588747000041 53.540851056000065)","Unfall 153475 (2023) Kat:3, Licht: 0","153475","3","7","3","06","11","6","","0","0","1","0","1"
"POINT (10.044232792000059 53.542100206000043)","Unfall 153476 (2023) Kat:2, Licht: 0","153476","2","5","5","06","13","6","","0","0","1","0","0"
"POINT (10.154686483000035 53.616508079000027)","Unfall 153477 (2023) Kat:3, Licht: 0","153477","3","7","6","06","20","6","","0","0","1","1","0"
"POINT (10.150091806000034 53.600764133000041)","Unfall 153478 (2023) Kat:2, Licht: 0","153478","2","2","4","06","17","6","","0","1","1","0","0"
"POINT (10.138985584000068 53.581556725000041)","Unfall 153479 (2023) Kat:3, Licht: 0","153479","3","2","4","06","16","6","","0","1","1","0","0"
"POINT (10.125768332000064 53.572882984000046)","Unfall 153480 (2023) Kat:3, Licht: 0","153480","3","6","2","06","12","6","","0","0","1","0","0"
"POINT (10.116074928000046 53.599927252000043)","Unfall 153481 (2023) Kat:3, Licht: 0","153481","3","6","2","06","16","6","","0","0","1","0","0"
"POINT (10.162002076000022 53.619566875000032)","Unfall 153482 (2023) Kat:3, Licht: 0","153482","3","7","0","06","12","6","","0","1","0","0","0"
"POINT (10.069496373000050 53.579840508000075)","Unfall 153483 (2023) Kat:3, Licht: 0","153483","3","6","2","06","14","6","","0","0","1","0","0"
"POINT (10.094771079000054 53.578698256000052)","Unfall 153484 (2023) Kat:3, Licht: 1","153484","3","5","5","06","21","6","","1","1","1","0","0"
"POINT (10.090493051000067 53.577965775000052)","Unfall 153485 (2023) Kat:3, Licht: 0","153485","3","6","4","06","16","6","","0","1","0","0","0"
"POINT (10.136500726000065 53.647499575000040)","Unfall 153486 (2023) Kat:3, Licht: 0","153486","3","3","5","06","13","6","","0","1","1","0","0"
"POINT (10.167570431000058 53.648864194000055)","Unfall 153487 (2023) Kat:3, Licht: 0","153487","3","6","2","06","10","6","","0","0","1","0","1"
"POINT (10.078214063000075 53.653370200000040)","Unfall 153488 (2023) Kat:3, Licht: 2","153488","3","7","0","06","22","6","","2","1","0","0","0"
"POINT (10.010206126000071 53.624251015000027)","Unfall 153489 (2023) Kat:3, Licht: 0","153489","3","6","3","06","15","6","","0","0","1","0","0"
"POINT (10.033250064000072 53.641466572000070)","Unfall 153490 (2023) Kat:3, Licht: 1","153490","3","7","0","06","22","6","","1","1","0","0","0"
"POINT (10.031298521000053 53.681707939000034)","Unfall 153491 (2023) Kat:3, Licht: 0","153491","3","3","5","06","07","6","","0","1","1","0","0"
"POINT (10.034453265000025 53.595567661000075)","Unfall 153492 (2023) Kat:3, Licht: 0","153492","3","7","0","06","20","6","","0","1","0","0","0"
"POINT (10.033487943000068 53.584242677000077)","Unfall 153493 (2023) Kat:3, Licht: 0","153493","3","6","3","06","18","6","","0","0","1","0","1"
"POINT (9.864261512000041 53.559091650000028)","Unfall 153494 (2023) Kat:3, Licht: 0","153494","3","2","6","06","14","6","","0","0","1","1","0"
"POINT (9.789127335000046 53.579698513000039)","Unfall 153495 (2023) Kat:3, Licht: 0","153495","3","1","0","06","19","6","","0","1","0","0","0"
"POINT (9.856709102000025 53.563946227000031)","Unfall 153496 (2023) Kat:3, Licht: 0","153496","3","6","2","06","14","6","","0","1","1","0","0"
"POINT (9.866690878000043 53.585130080000056)","Unfall 153497 (2023) Kat:3, Licht: 0","153497","3","3","5","06","15","6","","0","1","1","0","0"
"POINT (9.879734809000070 53.555736097000079)","Unfall 153498 (2023) Kat:3, Licht: 0","153498","3","7","0","06","17","6","","0","1","0","0","0"
"POINT (9.962973133000048 53.631351558000063)","Unfall 153499 (2023) Kat:3, Licht: 0","153499","3","5","0","06","06","6","","0","1","0","0","0"
"POINT (9.950183468000034 53.603354692000039)","Unfall 153500 (2023) Kat:3, Licht: 0","153500","3","7","7","06","18","6","","0","0","0","0","0"
"POINT (9.979623818000050 53.597176351000030)","Unfall 153501 (2023) Kat:3, Licht: 0","153501","3","1","0","06","17","6","","0","1","0","0","0"
"POINT (9.938735447000056 53.544700241000044)","Unfall 153502 (2023) Kat:3, Licht: 0","153502","3","6","3","06","15","6","","0","0","1","0","1"
"POINT (9.960009523000053 53.549464964000038)","Unfall 153503 (2023) Kat:3, Licht: 0","153503","3","2","3","06","16","6","","0","0","1","0","0"
"POINT (9.993086179000045 53.557787653000048)","Unfall 153504 (2023) Kat:2, Licht: 0","153504","2","3","5","06","18","6","","0","1","1","0","0"
"POINT (10.005881496000029 53.550141773000064)","Unfall 153505 (2023) Kat:3, Licht: 0","153505","3","6","0","06","13","6","","0","0","1","0","0"
"POINT (9.991733834000058 53.543239720000031)","Unfall 153506 (2023) Kat:3, Licht: 2","153506","3","7","0","06","01","6","","2","1","0","0","0"
"POINT (9.863199599000041 53.475368934000073)","Unfall 153507 (2023) Kat:3, Licht: 0","153507","3","3","5","06","07","5","","0","1","1","0","0"
"POINT (9.954543391000072 53.453001278000045)","Unfall 153508 (2023) Kat:3, Licht: 0","153508","3","6","3","06","16","5","","0","1","0","0","0"
"POINT (9.994797407000021 53.454505918000052)","Unfall 153509 (2023) Kat:3, Licht: 0","153509","3","6","2","06","15","5","","0","0","1","0","0"
"POINT (10.112655355000072 53.542587264000076)","Unfall 153510 (2023) Kat:3, Licht: 0","153510","3","6","2","06","16","5","","0","0","1","0","0"
"POINT (10.032925135000028 53.545997856000042)","Unfall 153511 (2023) Kat:3, Licht: 0","153511","3","7","3","06","10","5","","0","0","0","0","1"
"POINT (10.041626077000046 53.534222873000033)","Unfall 153512 (2023) Kat:2, Licht: 0","153512","2","2","5","06","06","5","","0","1","1","0","0"
"POINT (10.022772899000074 53.551020549000043)","Unfall 153513 (2023) Kat:2, Licht: 0","153513","2","3","4","06","07","5","","0","1","0","0","0"
"POINT (10.127227100000027 53.603359303000047)","Unfall 153514 (2023) Kat:3, Licht: 0","153514","3","6","2","06","19","5","","0","0","1","0","0"
"POINT (10.158423825000057 53.623785424000062)","Unfall 153515 (2023) Kat:3, Licht: 1","153515","3","4","6","06","06","5","","1","1","0","1","0"
"POINT (10.123569936000024 53.589861881000047)","Unfall 153516 (2023) Kat:3, Licht: 0","153516","3","1","0","06","13","5","","0","1","0","0","0"
"POINT (10.068805545000032 53.580620650000071)","Unfall 153517 (2023) Kat:2, Licht: 2","153517","2","1","1","06","00","5","","2","0","1","0","0"
"POINT (10.090876150000042 53.623893759000055)","Unfall 153518 (2023) Kat:3, Licht: 0","153518","3","5","1","06","14","5","","0","0","1","0","0"
"POINT (10.036035868000056 53.629140706000044)","Unfall 153519 (2023) Kat:3, Licht: 0","153519","3","2","4","06","09","5","","0","1","0","0","0"
"POINT (10.092976889000056 53.655021051000062)","Unfall 153520 (2023) Kat:3, Licht: 0","153520","3","2","3","06","09","5","","0","1","1","0","0"
"POINT (10.078269686000056 53.575796359000037)","Unfall 153521 (2023) Kat:3, Licht: 2","153521","3","7","3","06","22","6","","2","0","1","0","0"
"POINT (10.000754964000066 53.680906071000038)","Unfall 153522 (2023) Kat:3, Licht: 0","153522","3","6","3","06","18","5","","0","0","1","0","0"
"POINT (10.006779867000034 53.627762559000075)","Unfall 153523 (2023) Kat:3, Licht: 0","153523","3","3","5","06","06","5","","0","1","1","0","0"
"POINT (9.928301646000023 53.606976176000046)","Unfall 153524 (2023) Kat:3, Licht: 0","153524","3","1","0","06","17","5","","0","1","0","0","0"
"POINT (9.838482617000068 53.558669652000049)","Unfall 153525 (2023) Kat:3, Licht: 0","153525","3","7","0","06","12","5","","0","0","0","0","1"
"POINT (9.908237530000065 53.545850752000035)","Unfall 153526 (2023) Kat:3, Licht: 0","153526","3","6","3","06","09","5","","0","0","1","0","1"
"POINT (9.999397490000035 53.577702009000063)","Unfall 153527 (2023) Kat:3, Licht: 0","153527","3","7","0","06","18","7","","0","0","0","0","1"
"POINT (9.968761439000048 53.632710331000055)","Unfall 153528 (2023) Kat:3, Licht: 0","153528","3","5","1","06","08","5","","0","1","1","0","0"
"POINT (9.964003717000026 53.589747412000065)","Unfall 153529 (2023) Kat:3, Licht: 0","153529","3","7","0","06","15","5","","0","1","0","0","0"
"POINT (9.955767990000027 53.551647778000074)","Unfall 153530 (2023) Kat:3, Licht: 2","153530","3","2","5","06","02","5","","2","0","1","0","0"
"POINT (9.985915731000034 53.563472932000082)","Unfall 153531 (2023) Kat:3, Licht: 0","153531","3","7","3","06","16","5","","0","0","1","0","0"
"POINT (9.998116620000076 53.544328712000038)","Unfall 153532 (2023) Kat:3, Licht: 2","153532","3","6","2","06","23","5","","2","0","1","0","0"
"POINT (9.993429849000051 53.558138752000048)","Unfall 153533 (2023) Kat:2, Licht: 0","153533","2","1","0","06","18","5","","0","1","0","0","0"
"POINT (9.960872383000037 53.462673855000048)","Unfall 153534 (2023) Kat:3, Licht: 0","153534","3","3","5","06","21","4","","0","0","1","0","0"
"POINT (9.989406955000049 53.456255763000058)","Unfall 153535 (2023) Kat:3, Licht: 0","153535","3","6","2","06","17","4","","0","0","1","0","0"
"POINT (9.963359384000057 53.468030667000050)","Unfall 153536 (2023) Kat:3, Licht: 0","153536","3","6","6","06","15","4","","0","0","0","1","0"
"POINT (9.960464019000028 53.456876736000027)","Unfall 153537 (2023) Kat:3, Licht: 0","153537","3","7","6","06","07","4","","0","0","0","1","0"
"POINT (9.970757413000058 53.459212899000079)","Unfall 153538 (2023) Kat:3, Licht: 0","153538","3","4","6","06","16","4","","0","0","1","1","0"
"POINT (10.210673097000040 53.487474330000055)","Unfall 153539 (2023) Kat:3, Licht: 0","153539","3","6","3","06","18","4","","0","1","0","0","0"
"POINT (10.096862525000063 53.542094317000078)","Unfall 153540 (2023) Kat:3, Licht: 0","153540","3","6","3","06","18","4","","0","0","1","0","1"
"POINT (10.069536979000077 53.526151354000035)","Unfall 153541 (2023) Kat:3, Licht: 0","153541","3","6","2","06","15","4","","0","0","1","0","0"
"POINT (10.030005441000071 53.536079483000037)","Unfall 153542 (2023) Kat:3, Licht: 2","153542","3","7","0","06","23","4","","2","0","0","0","0"
"POINT (10.028319251000028 53.547742431000074)","Unfall 153543 (2023) Kat:3, Licht: 0","153543","3","7","0","06","15","4","","0","0","0","0","0"
"POINT (10.108687387000032 53.592753544000061)","Unfall 153544 (2023) Kat:3, Licht: 0","153544","3","6","2","06","17","4","","0","0","1","0","0"
"POINT (10.081541322000021 53.615321838000057)","Unfall 153545 (2023) Kat:3, Licht: 0","153545","3","2","4","06","17","4","","0","1","1","0","0"
"POINT (10.084774377000031 53.607845259000044)","Unfall 153546 (2023) Kat:3, Licht: 0","153546","3","7","9","06","10","4","","0","0","1","0","0"
"POINT (10.059390604000043 53.595806792000076)","Unfall 153547 (2023) Kat:3, Licht: 0","153547","3","5","5","06","08","4","","0","0","1","0","0"
"POINT (10.075934876000076 53.614559532000044)","Unfall 153548 (2023) Kat:3, Licht: 0","153548","3","7","0","06","12","4","","0","1","0","0","0"
"POINT (10.169774720000021 53.646036491000075)","Unfall 153549 (2023) Kat:3, Licht: 0","153549","3","7","0","06","18","4","","0","1","0","0","0"