WKT,Name,OBJECTID,UKATEGORIE,UTYP1,UART,UMONAT,USTUNDE,UWOCHENTAG,STRZUSTAND,ULICHTVERH,ISTRAD,ISTPKW,ISTFUSS,ISTKRAD
"POINT (10.012811862000035 53.640535339000053)","Unfall 153550 (2023) Kat:3, Licht: 0","153550","3","2","3","06","17","4","","0","1","1","0","0"
"POINT (10.018823546000021 53.661333256000034)","Unfall 153551 (2023) Kat:3, Licht: 0","153551","3","3","5","06","06","4","","0","1","1","0","0"
"POINT (10.013880943000061 53.599871374000031)","Unfall 153552 (2023) Kat:3, Licht: 0","153552","3","2","5","06","17","4","","0","1","1","0","0"
"POINT (10.020491005000054 53.581658412000081)","Unfall 153553 (2023) Kat:3, Licht: 0","153553","3","3","5","06","17","4","","0","1","1","0","0"
"POINT (9.936097174000054 53.592446880000068)","Unfall 153554 (2023) Kat:3, Licht: 0","153554","3","3","5","06","07","4","","0","1","1","0","0"
"POINT (9.956595093000033 53.611933506000071)","Unfall 153555 (2023) Kat:3, Licht: 0","153555","3","2","4","06","10","4","","0","1","1","0","0"
"POINT (9.941221925000036 53.622046042000079)","Unfall 153556 (2023) Kat:3, Licht: 0","153556","3","7","0","06","18","4","","0","0","1","1","0"
"POINT (9.965460721000056 53.563906836000058)","Unfall 153557 (2023) Kat:3, Licht: 0","153557","3","6","3","06","08","4","","0","1","0","0","0"
"POINT (10.022183532000042 53.529858474000036)","Unfall 153558 (2023) Kat:3, Licht: 0","153558","3","6","2","06","15","3","","0","0","1","0","0"
"POINT (10.017391355000029 53.485534571000073)","Unfall 153559 (2023) Kat:3, Licht: 0","153559","3","2","2","06","11","3","","0","0","1","0","0"
"POINT (10.024233159000062 53.527949846000070)","Unfall 153560 (2023) Kat:3, Licht: 0","153560","3","3","5","06","09","3","","0","0","0","0","0"
"POINT (10.063900696000076 53.475231883000049)","Unfall 153561 (2023) Kat:2, Licht: 0","153561","2","6","2","06","21","3","","0","1","0","0","0"
"POINT (10.098632371000065 53.550056849000043)","Unfall 153562 (2023) Kat:2, Licht: 2","153562","2","5","5","06","22","3","","2","0","1","0","1"
"POINT (10.099209331000054 53.589054392000037)","Unfall 153563 (2023) Kat:3, Licht: 0","153563","3","6","2","06","17","3","","0","0","1","0","1"
"POINT (10.079136002000041 53.575961834000054)","Unfall 153564 (2023) Kat:3, Licht: 0","153564","3","7","0","06","10","3","","0","1","0","0","0"
"POINT (10.074455664000027 53.611887857000056)","Unfall 153565 (2023) Kat:3, Licht: 0","153565","3","6","4","06","13","3","","0","1","0","0","0"
"POINT (10.159775888000070 53.646348600000067)","Unfall 153566 (2023) Kat:3, Licht: 0","153566","3","7","8","06","14","3","","0","0","1","0","0"
"POINT (10.029305216000068 53.637103013000058)","Unfall 153567 (2023) Kat:3, Licht: 0","153567","3","2","3","06","19","3","","0","1","0","0","0"
"POINT (10.008795712000051 53.648136303000058)","Unfall 153568 (2023) Kat:3, Licht: 0","153568","3","4","6","06","12","3","","0","0","1","1","0"
"POINT (10.023372456000061 53.629061201000070)","Unfall 153569 (2023) Kat:3, Licht: 0","153569","3","7","0","06","15","3","","0","0","0","0","1"
"POINT (10.033975930000054 53.576207739000040)","Unfall 153570 (2023) Kat:3, Licht: 0","153570","3","7","6","06","09","3","","0","1","0","1","0"
"POINT (9.905874798000070 53.612991672000078)","Unfall 153571 (2023) Kat:3, Licht: 0","153571","3","1","0","06","14","3","","0","0","0","0","0"
"POINT (9.939578595000057 53.652500564000036)","Unfall 153572 (2023) Kat:3, Licht: 0","153572","3","6","4","06","19","3","","0","1","1","0","0"
"POINT (9.948087939000061 53.577242935000072)","Unfall 153573 (2023) Kat:3, Licht: 0","153573","3","5","1","06","14","3","","0","1","1","0","0"
"POINT (9.982492672000035 53.591780606000043)","Unfall 153574 (2023) Kat:3, Licht: 0","153574","3","5","1","06","09","3","","0","1","1","0","0"
"POINT (9.992101376000051 53.591043089000038)","Unfall 153575 (2023) Kat:3, Licht: 0","153575","3","7","0","06","12","3","","0","1","0","0","0"
"POINT (9.917200038000033 53.546144154000046)","Unfall 153576 (2023) Kat:3, Licht: 0","153576","3","6","2","06","15","3","","0","0","1","0","0"
"POINT (9.989287680000075 53.581849879000060)","Unfall 153577 (2023) Kat:3, Licht: 0","153577","3","2","0","06","12","3","","0","1","0","0","0"
"POINT (9.986173214000075 53.569464300000050)","Unfall 153578 (2023) Kat:3, Licht: 0","153578","3","2","3","06","08","3","","0","1","0","0","0"
"POINT (9.977243289000057 53.571244025000055)","Unfall 153579 (2023) Kat:3, Licht: 0","153579","3","6","2","06","09","3","","0","1","0","0","0"
"POINT (9.962775321000038 53.556229978000033)","Unfall 153580 (2023) Kat:3, Licht: 1","153580","3","4","6","06","21","3","","1","1","0","1","0"
"POINT (9.965977599000041 53.565589240000065)","Unfall 153581 (2023) Kat:3, Licht: 0","153581","3","6","2","06","18","3","","0","0","1","0","0"
"POINT (9.965894289000062 53.562265541000045)","Unfall 153582 (2023) Kat:3, Licht: 0","153582","3","2","3","06","18","3","","0","1","0","0","0"
"POINT (10.000652488000071 53.556306362000043)","Unfall 153583 (2023) Kat:3, Licht: 0","153583","3","3","5","06","15","3","","0","0","1","0","0"
"POINT (10.017170939000039 53.527446952000048)","Unfall 153584 (2023) Kat:3, Licht: 0","153584","3","6","3","06","10","3","","0","0","1","0","0"
"POINT (9.995677088000036 53.470085680000068)","Unfall 153585 (2023) Kat:3, Licht: 0","153585","3","6","2","06","07","2","","0","0","1","0","1"
"POINT (10.020982523000043 53.527972976000058)","Unfall 153586 (2023) Kat:3, Licht: 0","153586","3","5","5","06","17","2","","0","1","1","0","0"
"POINT (10.239462211000045 53.482054406000032)","Unfall 153587 (2023) Kat:3, Licht: 0","153587","3","7","0","06","16","2","","0","1","0","0","0"
"POINT (10.093695018000062 53.545713686000056)","Unfall 153588 (2023) Kat:3, Licht: 2","153588","3","4","6","06","21","2","","2","0","0","1","1"
"POINT (10.100546763000068 53.540051046000031)","Unfall 153589 (2023) Kat:3, Licht: 0","153589","3","6","2","06","10","2","","0","0","0","0","0"
"POINT (10.053230219000056 53.561011788000030)","Unfall 153590 (2023) Kat:3, Licht: 0","153590","3","6","2","06","15","2","","0","0","1","0","0"
"POINT (10.026186697000071 53.532245036000063)","Unfall 153591 (2023) Kat:3, Licht: 0","153591","3","7","0","06","06","2","","0","1","0","0","0"
"POINT (10.041112707000025 53.555518101000075)","Unfall 153592 (2023) Kat:3, Licht: 0","153592","3","6","3","06","19","2","","0","0","1","0","0"
"POINT (10.099511402000076 53.635035551000044)","Unfall 153593 (2023) Kat:3, Licht: 0","153593","3","3","5","06","07","2","","0","1","0","0","1"
"POINT (10.034523119000028 53.572924742000055)","Unfall 153594 (2023) Kat:3, Licht: 0","153594","3","1","1","06","14","1","","0","0","1","0","0"
"POINT (10.055427726000062 53.574518229000034)","Unfall 153595 (2023) Kat:3, Licht: 0","153595","3","6","0","06","10","2","","0","0","0","1","0"
"POINT (9.940572233000069 53.593005397000070)","Unfall 153596 (2023) Kat:3, Licht: 2","153596","3","6","3","06","23","2","","2","1","1","0","0"
"POINT (9.905998386000022 53.613361122000072)","Unfall 153597 (2023) Kat:3, Licht: 0","153597","3","5","5","06","09","2","","0","0","1","0","0"
"POINT (9.893658086000073 53.573325799000031)","Unfall 153598 (2023) Kat:3, Licht: 0","153598","3","3","5","06","17","2","","0","1","1","0","0"
"POINT (9.908129615000064 53.554601353000066)","Unfall 153599 (2023) Kat:3, Licht: 0","153599","3","2","3","06","15","2","","0","0","1","0","0"
"POINT (9.948528039000053 53.559971790000077)","Unfall 153600 (2023) Kat:3, Licht: 0","153600","3","4","6","06","09","2","","0","1","0","1","0"
"POINT (9.970308680000073 53.575652640000044)","Unfall 153601 (2023) Kat:3, Licht: 0","153601","3","3","5","06","08","2","","0","1","0","0","0"
"POINT (10.090557500000045 53.503152928000077)","Unfall 153602 (2023) Kat:3, Licht: 0","153602","3","1","0","06","12","1","","0","0","0","0","0"
"POINT (10.031784013000049 53.619487885000069)","Unfall 153603 (2023) Kat:3, Licht: 0","153603","3","2","5","06","10","1","","0","1","1","0","0"
"POINT (10.038561165000033 53.642198517000054)","Unfall 153604 (2023) Kat:3, Licht: 1","153604","3","3","5","06","21","1","","1","1","1","0","0"
"POINT (10.055802007000068 53.591404012000055)","Unfall 153605 (2023) Kat:3, Licht: 0","153605","3","3","5","06","19","1","","0","0","1","0","0"
"POINT (9.876262045000033 53.588258733000032)","Unfall 153606 (2023) Kat:2, Licht: 0","153606","2","3","5","06","19","1","","0","1","1","0","0"
"POINT (9.867194922000067 53.547990311000035)","Unfall 153607 (2023) Kat:2, Licht: 0","153607","2","7","0","06","15","1","","0","1","0","0","0"
"POINT (10.115678399000046 53.531119027000045)","Unfall 153608 (2023) Kat:3, Licht: 0","153608","3","2","8","06","19","6","","0","0","1","0","0"
"POINT (9.955767953000077 53.551637318000076)","Unfall 153609 (2023) Kat:3, Licht: 0","153609","3","2","4","06","17","1","","0","0","1","0","0"
"POINT (9.955768006000028 53.551652465000075)","Unfall 153610 (2023) Kat:3, Licht: 2","153610","3","3","5","06","01","1","","2","0","1","0","0"
"POINT (9.927601837000054 53.544905008000057)","Unfall 153611 (2023) Kat:3, Licht: 0","153611","3","3","5","06","18","1","","0","1","1","0","0"
"POINT (10.010700062000069 53.583869870000058)","Unfall 153612 (2023) Kat:3, Licht: 0","153612","3","7","0","06","11","1","","0","0","1","0","1"
"POINT (10.000579822000077 53.524538548000066)","Unfall 153613 (2023) Kat:3, Licht: 2","153613","3","7","0","06","01","1","","2","0","0","0","0"
"POINT (9.976955797000073 53.460246784000049)","Unfall 153614 (2023) Kat:3, Licht: 2","153614","3","1","8","06","01","7","","2","1","0","0","0"
"POINT (10.201777632000073 53.485170946000039)","Unfall 153615 (2023) Kat:3, Licht: 0","153615","3","6","4","06","18","7","","0","1","0","0","0"
"POINT (10.064356939000049 53.559889512000041)","Unfall 153616 (2023) Kat:3, Licht: 0","153616","3","6","2","06","18","7","","0","0","1","0","0"
"POINT (10.130051100000060 53.571042863000059)","Unfall 153617 (2023) Kat:3, Licht: 0","153617","3","3","5","06","14","7","","0","0","1","0","0"
"POINT (10.107917878000023 53.611899665000067)","Unfall 153618 (2023) Kat:2, Licht: 0","153618","2","7","0","06","21","7","","0","0","0","0","1"
"POINT (10.127840800000058 53.580291632000069)","Unfall 153619 (2023) Kat:3, Licht: 0","153619","3","6","1","06","11","7","","0","0","1","0","1"
"POINT (10.096372184000074 53.656091567000033)","Unfall 153620 (2023) Kat:3, Licht: 0","153620","3","1","0","06","12","7","","0","0","0","0","0"
"POINT (10.127708513000073 53.678506216000073)","Unfall 153621 (2023) Kat:3, Licht: 0","153621","3","7","0","06","19","7","","0","1","0","0","0"
"POINT (10.124279193000064 53.699060212000063)","Unfall 153622 (2023) Kat:2, Licht: 2","153622","2","5","1","06","00","7","","2","0","1","0","0"
"POINT (10.126315928000054 53.642748594000068)","Unfall 153623 (2023) Kat:3, Licht: 0","153623","3","7","0","06","12","7","","0","1","0","0","0"
"POINT (10.018752588000041 53.600297248000061)","Unfall 153624 (2023) Kat:3, Licht: 0","153624","3","7","0","06","20","7","","0","1","0","0","0"
"POINT (10.009453656000062 53.581235520000064)","Unfall 153625 (2023) Kat:3, Licht: 1","153625","3","1","0","06","05","7","","1","1","0","0","0"
"POINT (10.049548999000024 53.594391682000037)","Unfall 153626 (2023) Kat:3, Licht: 0","153626","3","6","2","06","06","7","","0","0","1","0","0"
"POINT (9.808236711000063 53.570846883000058)","Unfall 153627 (2023) Kat:3, Licht: 0","153627","3","7","0","06","13","7","","0","1","0","0","0"
"POINT (9.958438212000033 53.598169220000045)","Unfall 153628 (2023) Kat:3, Licht: 0","153628","3","7","0","06","08","7","","0","1","0","0","0"
"POINT (9.929560024000068 53.546406916000080)","Unfall 153629 (2023) Kat:3, Licht: 2","153629","3","2","4","06","22","7","","2","0","1","0","1"
"POINT (9.923262958000066 53.548406548000060)","Unfall 153630 (2023) Kat:2, Licht: 2","153630","2","1","0","06","01","7","","2","1","0","0","0"
"POINT (9.960535592000042 53.554266541000061)","Unfall 153631 (2023) Kat:3, Licht: 0","153631","3","3","5","06","17","7","","0","1","1","0","0"
"POINT (9.964981636000061 53.557112712000048)","Unfall 153632 (2023) Kat:3, Licht: 0","153632","3","7","0","06","15","7","","0","1","0","0","0"
"POINT (9.980722636000053 53.544353381000064)","Unfall 153633 (2023) Kat:2, Licht: 0","153633","2","7","0","06","11","7","","0","0","0","0","0"
"POINT (10.031317669000032 53.552229360000069)","Unfall 153634 (2023) Kat:3, Licht: 0","153634","3","3","5","06","07","6","","0","0","1","0","0"
"POINT (9.993708207000054 53.551015867000046)","Unfall 153635 (2023) Kat:3, Licht: 0","153635","3","4","6","06","12","7","","0","1","0","1","0"
"POINT (10.024751474000027 53.553576036000038)","Unfall 153636 (2023) Kat:2, Licht: 2","153636","2","7","0","06","01","7","","2","0","0","0","0"
"POINT (9.983283430000029 53.465026647000059)","Unfall 153637 (2023) Kat:3, Licht: 0","153637","3","7","0","06","15","7","","0","1","0","0","0"
"POINT (10.190232714000047 53.496166091000077)","Unfall 153638 (2023) Kat:3, Licht: 0","153638","3","5","1","06","15","6","","0","0","1","0","0"
"POINT (10.209402574000023 53.409853049000048)","Unfall 153639 (2023) Kat:2, Licht: 0","153639","2","5","1","06","06","6","","0","1","1","0","0"
"POINT (10.071118886000022 53.559184048000077)","Unfall 153640 (2023) Kat:3, Licht: 0","153640","3","6","3","06","20","6","","0","0","1","0","0"
"POINT (10.151129116000050 53.525867434000077)","Unfall 153641 (2023) Kat:3, Licht: 0","153641","3","1","0","06","17","6","","0","1","0","0","0"
"POINT (10.094034643000043 53.551560936000044)","Unfall 153642 (2023) Kat:3, Licht: 0","153642","3","6","3","06","15","6","","0","1","0","0","0"
"POINT (10.085504587000059 53.548032574000047)","Unfall 153643 (2023) Kat:3, Licht: 0","153643","3","6","2","06","08","6","","0","0","1","0","0"
"POINT (10.133043727000029 53.564138339000067)","Unfall 153644 (2023) Kat:3, Licht: 0","153644","3","4","6","06","07","6","","0","0","1","1","0"
"POINT (10.059331159000067 53.546918339000058)","Unfall 153645 (2023) Kat:3, Licht: 2","153645","3","5","1","06","23","6","","2","0","1","0","0"
"POINT (10.064888170000074 53.554018157000030)","Unfall 153646 (2023) Kat:3, Licht: 0","153646","3","4","6","06","17","6","","0","1","0","1","0"
"POINT (10.102626944000065 53.605449945000032)","Unfall 153647 (2023) Kat:3, Licht: 2","153647","3","1","0","06","02","6","","2","0","0","0","0"
"POINT (10.116125820000036 53.609934043000067)","Unfall 153648 (2023) Kat:3, Licht: 2","153648","3","1","0","06","23","6","","2","0","0","0","0"
"POINT (10.074014773000044 53.568038765000040)","Unfall 153649 (2023) Kat:3, Licht: 0","153649","3","3","5","06","17","6","","0","1","1","0","0"
"POINT (10.078236959000037 53.589352308000059)","Unfall 153650 (2023) Kat:3, Licht: 0","153650","3","2","4","06","06","6","","0","1","1","0","0"
"POINT (10.069602261000057 53.581533067000066)","Unfall 153651 (2023) Kat:2, Licht: 0","153651","2","1","0","06","19","6","","0","0","0","0","1"
"POINT (10.064381880000042 53.654582110000035)","Unfall 153652 (2023) Kat:3, Licht: 0","153652","3","5","5","06","13","6","","0","0","1","0","0"
"POINT (10.015585546000068 53.650417049000055)","Unfall 153653 (2023) Kat:3, Licht: 0","153653","3","7","0","06","19","6","","0","1","0","0","0"
"POINT (10.002992542000072 53.580785420000041)","Unfall 153654 (2023) Kat:3, Licht: 2","153654","3","1","0","06","23","6","","2","1","0","0","0"
"POINT (10.054724544000067 53.587479935000033)","Unfall 153655 (2023) Kat:3, Licht: 0","153655","3","2","2","06","15","6","","0","0","1","0","0"
"POINT (9.925800038000034 53.598915335000072)","Unfall 153656 (2023) Kat:3, Licht: 0","153656","3","6","2","06","17","6","","0","0","1","0","0"
"POINT (9.757824400000061 53.570762887000058)","Unfall 153657 (2023) Kat:3, Licht: 0","153657","3","6","3","06","15","6","","0","1","0","0","0"
"POINT (9.759477269000058 53.573426378000079)","Unfall 153658 (2023) Kat:2, Licht: 0","153658","2","1","9","06","12","6","","0","0","1","0","0"
"POINT (9.900025460000052 53.592668434000075)","Unfall 153659 (2023) Kat:3, Licht: 0","153659","3","6","0","06","16","6","","0","1","0","0","0"
"POINT (9.883690696000031 53.562563462000071)","Unfall 153660 (2023) Kat:3, Licht: 0","153660","3","1","0","06","18","6","","0","1","0","0","0"
"POINT (9.892226750000077 53.624360908000028)","Unfall 153661 (2023) Kat:3, Licht: 0","153661","3","1","0","06","20","6","","0","1","0","0","0"
"POINT (9.953562770000076 53.619762479000030)","Unfall 153662 (2023) Kat:3, Licht: 0","153662","3","7","3","06","11","6","","0","0","1","0","0"
"POINT (9.975078468000049 53.601645750000046)","Unfall 153663 (2023) Kat:3, Licht: 0","153663","3","6","2","06","18","6","","0","0","1","0","0"
"POINT (9.939796766000029 53.579594376000045)","Unfall 153664 (2023) Kat:3, Licht: 0","153664","3","4","6","06","18","6","","0","1","0","1","0"
"POINT (10.001197901000069 53.567317426000045)","Unfall 153665 (2023) Kat:3, Licht: 0","153665","3","1","0","06","21","6","","0","1","0","0","0"
"POINT (9.984658406000051 53.583342753000068)","Unfall 153666 (2023) Kat:3, Licht: 0","153666","3","2","3","06","07","6","","0","1","1","0","0"
"POINT (9.990862243000038 53.445273845000031)","Unfall 153667 (2023) Kat:3, Licht: 0","153667","3","2","5","06","08","5","","0","0","1","0","1"
"POINT (9.992972944000030 53.512858611000070)","Unfall 153668 (2023) Kat:3, Licht: 2","153668","3","7","0","06","23","5","","2","1","0","0","0"
"POINT (10.019195281000066 53.518789525000045)","Unfall 153669 (2023) Kat:1, Licht: 0","153669","1","2","3","06","13","5","","0","1","0","0","0"
"POINT (10.078364911000051 53.550275652000039)","Unfall 153670 (2023) Kat:3, Licht: 0","153670","3","2","4","06","16","5","","0","1","1","0","0"
"POINT (10.025114518000066 53.551709342000038)","Unfall 153671 (2023) Kat:3, Licht: 0","153671","3","6","3","06","19","5","","0","0","1","0","1"
"POINT (10.036848446000022 53.547105635000037)","Unfall 153672 (2023) Kat:3, Licht: 0","153672","3","2","2","06","13","5","","0","0","1","0","0"
"POINT (10.144654608000053 53.608783781000056)","Unfall 153673 (2023) Kat:3, Licht: 0","153673","3","3","5","06","15","5","","0","1","1","0","0"
"POINT (10.058434008000063 53.576145727000039)","Unfall 153674 (2023) Kat:3, Licht: 0","153674","3","6","2","06","12","5","","0","1","0","0","0"
"POINT (10.077577840000060 53.565173023000057)","Unfall 153675 (2023) Kat:3, Licht: 0","153675","3","6","2","06","14","5","","0","0","1","0","0"
"POINT (10.071704892000071 53.607468914000037)","Unfall 153676 (2023) Kat:3, Licht: 0","153676","3","7","2","06","15","5","","0","0","1","0","0"
"POINT (10.097892269000056 53.655750490000059)","Unfall 153677 (2023) Kat:3, Licht: 0","153677","3","2","4","06","07","5","","0","1","0","0","0"
"POINT (9.999618027000054 53.585324127000035)","Unfall 153678 (2023) Kat:3, Licht: 0","153678","3","2","3","06","10","5","","0","0","1","0","1"
"POINT (10.043068962000063 53.589977760000068)","Unfall 153679 (2023) Kat:3, Licht: 0","153679","3","6","3","06","16","5","","0","0","0","0","0"
"POINT (10.015570178000075 53.572401713000033)","Unfall 153680 (2023) Kat:3, Licht: 0","153680","3","1","0","06","11","5","","0","1","0","0","0"
"POINT (9.892182300000059 53.600775640000052)","Unfall 153681 (2023) Kat:3, Licht: 0","153681","3","6","3","06","09","5","","0","1","1","0","0"
"POINT (9.977123553000069 53.579620388000080)","Unfall 153682 (2023) Kat:3, Licht: 0","153682","3","5","0","06","13","5","","0","1","1","0","0"
"POINT (9.973132440000029 53.601720760000035)","Unfall 153683 (2023) Kat:3, Licht: 0","153683","3","5","5","06","16","5","","0","0","1","0","0"
"POINT (9.947112548000064 53.551140927000063)","Unfall 153684 (2023) Kat:3, Licht: 0","153684","3","3","5","06","19","5","","0","1","1","0","0"
"POINT (9.936974712000051 53.557200111000043)","Unfall 153685 (2023) Kat:3, Licht: 0","153685","3","3","6","06","14","5","","0","0","1","1","0"
"POINT (9.985458507000033 53.563686764000067)","Unfall 153686 (2023) Kat:3, Licht: 2","153686","3","6","4","06","23","5","","2","0","1","0","0"
"POINT (10.010381605000020 53.550928933000080)","Unfall 153687 (2023) Kat:3, Licht: 0","153687","3","2","3","06","11","5","","0","1","0","0","0"
"POINT (10.207192519000046 53.493741107000062)","Unfall 153688 (2023) Kat:3, Licht: 0","153688","3","6","6","05","13","4","","0","0","0","1","0"
"POINT (10.149973697000064 53.530873201000077)","Unfall 153689 (2023) Kat:3, Licht: 0","153689","3","1","0","05","18","4","","0","0","0","0","0"
"POINT (10.105030722000038 53.539483984000071)","Unfall 153690 (2023) Kat:3, Licht: 0","153690","3","7","6","05","09","4","","0","1","0","1","0"
"POINT (10.026844768000046 53.551512658000036)","Unfall 153691 (2023) Kat:3, Licht: 1","153691","3","3","5","05","20","4","","1","0","1","0","0"
"POINT (10.021273115000042 53.550035720000039)","Unfall 153692 (2023) Kat:3, Licht: 0","153692","3","2","4","05","17","4","","0","1","1","0","0"
"POINT (10.028833909000070 53.552338145000078)","Unfall 153693 (2023) Kat:3, Licht: 0","153693","3","3","5","05","09","4","","0","0","1","0","0"
"POINT (10.101893855000071 53.581276381000066)","Unfall 153694 (2023) Kat:3, Licht: 0","153694","3","6","2","05","08","4","","0","0","1","0","0"
"POINT (10.060878655000067 53.570437885000047)","Unfall 153695 (2023) Kat:3, Licht: 2","153695","3","1","0","05","01","4","","2","0","0","0","0"
"POINT (10.096311915000058 53.618961327000079)","Unfall 153696 (2023) Kat:3, Licht: 0","153696","3","2","5","05","18","4","","0","1","1","0","0"
"POINT (10.006475642000055 53.648460024000030)","Unfall 153697 (2023) Kat:3, Licht: 0","153697","3","6","2","05","18","4","","0","0","1","0","0"
"POINT (10.045567687000073 53.591442165000046)","Unfall 153698 (2023) Kat:3, Licht: 0","153698","3","3","5","05","08","4","","0","1","0","0","0"
"POINT (9.943012501000055 53.587424379000026)","Unfall 153699 (2023) Kat:2, Licht: 0","153699","2","2","4","05","13","4","","0","0","1","0","0"
"POINT (9.863359948000038 53.547513211000080)","Unfall 153700 (2023) Kat:3, Licht: 0","153700","3","7","0","05","14","4","","0","1","0","0","0"
"POINT (9.867674055000066 53.547953261000032)","Unfall 153701 (2023) Kat:3, Licht: 0","153701","3","7","0","05","18","4","","0","1","0","0","0"
"POINT (9.903850245000058 53.592164571000069)","Unfall 153702 (2023) Kat:3, Licht: 0","153702","3","2","4","05","16","4","","0","1","1","0","0"
"POINT (9.924676395000063 53.561172157000044)","Unfall 153703 (2023) Kat:3, Licht: 0","153703","3","7","0","05","10","4","","0","1","0","0","0"
"POINT (9.877872922000051 53.586788952000063)","Unfall 153704 (2023) Kat:3, Licht: 0","153704","3","5","5","05","06","4","","0","0","1","0","0"
"POINT (9.877136522000058 53.603810283000030)","Unfall 153705 (2023) Kat:3, Licht: 0","153705","3","5","1","05","15","4","","0","0","1","0","0"
"POINT (9.939407922000044 53.622044335000055)","Unfall 153706 (2023) Kat:3, Licht: 0","153706","3","3","5","05","17","4","","0","1","1","0","0"
"POINT (9.952431843000056 53.567748284000061)","Unfall 153707 (2023) Kat:3, Licht: 0","153707","3","1","0","05","06","4","","0","1","0","0","0"
"POINT (9.938579511000057 53.582265547000077)","Unfall 153708 (2023) Kat:3, Licht: 0","153708","3","1","0","05","19","4","","0","0","0","0","1"
"POINT (9.988612070000045 53.566856582000071)","Unfall 153709 (2023) Kat:3, Licht: 0","153709","3","7","4","05","16","4","","0","1","0","0","0"
"POINT (9.957159278000063 53.562357393000070)","Unfall 153710 (2023) Kat:3, Licht: 0","153710","3","7","2","05","14","4","","0","0","1","0","0"
"POINT (10.208739749000074 53.482289031000050)","Unfall 153711 (2023) Kat:3, Licht: 0","153711","3","5","5","06","18","3","","0","1","1","0","0"
"POINT (10.207281979000072 53.489307848000067)","Unfall 153712 (2023) Kat:3, Licht: 0","153712","3","7","6","05","12","3","","0","0","0","1","0"
"POINT (10.208343261000039 53.481496288000073)","Unfall 153713 (2023) Kat:3, Licht: 0","153713","3","5","5","05","08","3","","0","1","1","0","0"
"POINT (10.070524349000038 53.522897722000039)","Unfall 153714 (2023) Kat:3, Licht: 1","153714","3","2","2","05","05","3","","1","0","1","0","0"
"POINT (10.017689370000028 53.549043192000056)","Unfall 153715 (2023) Kat:3, Licht: 0","153715","3","1","0","05","15","3","","0","1","0","0","0"
"POINT (10.124954591000062 53.570969155000057)","Unfall 153716 (2023) Kat:3, Licht: 0","153716","3","4","6","05","16","3","","0","0","1","1","0"
"POINT (10.119275471000037 53.616285568000080)","Unfall 153717 (2023) Kat:3, Licht: 0","153717","3","2","3","05","08","3","","0","1","0","0","0"
"POINT (10.077971968000043 53.564688642000078)","Unfall 153718 (2023) Kat:3, Licht: 0","153718","3","3","5","05","13","3","","0","0","1","0","0"
"POINT (10.021910616000071 53.679193651000048)","Unfall 153719 (2023) Kat:3, Licht: 0","153719","3","3","5","05","06","3","","0","0","1","0","0"
"POINT (10.024889998000049 53.566203937000068)","Unfall 153720 (2023) Kat:3, Licht: 0","153720","3","6","2","05","20","3","","0","0","1","0","0"
"POINT (10.050757216000022 53.573143925000068)","Unfall 153721 (2023) Kat:3, Licht: 0","153721","3","6","3","05","18","3","","0","0","1","0","0"
"POINT (9.993423788000030 53.558128475000046)","Unfall 153722 (2023) Kat:3, Licht: 0","153722","3","3","5","06","17","2","","0","1","0","0","0"
"POINT (10.044411551000053 53.587766254000030)","Unfall 153723 (2023) Kat:3, Licht: 0","153723","3","5","1","05","18","3","","0","0","0","0","0"
"POINT (9.936218716000042 53.573043127000062)","Unfall 153724 (2023) Kat:3, Licht: 0","153724","3","2","2","05","12","3","","0","0","1","0","0"
"POINT (9.892300997000063 53.557329160000052)","Unfall 153725 (2023) Kat:3, Licht: 0","153725","3","6","4","05","08","3","","0","1","0","0","0"
"POINT (9.866372824000052 53.548003369000071)","Unfall 153726 (2023) Kat:3, Licht: 0","153726","3","7","0","05","17","3","","0","1","0","0","0"
"POINT (9.919743554000036 53.637337389000038)","Unfall 153727 (2023) Kat:3, Licht: 0","153727","3","2","4","05","17","3","","0","0","1","0","1"
"POINT (9.967386416000068 53.603187910000031)","Unfall 153728 (2023) Kat:3, Licht: 0","153728","3","6","2","05","09","3","","0","0","1","0","0"
"POINT (9.980048696000040 53.582716553000068)","Unfall 153729 (2023) Kat:3, Licht: 0","153729","3","1","0","05","16","3","","0","1","0","0","0"
"POINT (9.964767557000073 53.560078819000069)","Unfall 153730 (2023) Kat:3, Licht: 0","153730","3","7","4","05","15","3","","0","1","1","0","0"
"POINT (9.995324705000030 53.552350148000073)","Unfall 153731 (2023) Kat:3, Licht: 0","153731","3","7","0","05","19","3","","0","1","0","0","0"
"POINT (10.019250879000026 53.557750764000048)","Unfall 153732 (2023) Kat:3, Licht: 0","153732","3","7","0","05","14","3","","0","1","1","0","0"
"POINT (10.183589611000059 53.497968384000046)","Unfall 153733 (2023) Kat:3, Licht: 0","153733","3","5","1","05","12","2","","0","1","1","0","0"
"POINT (10.110191872000030 53.652884598000071)","Unfall 153734 (2023) Kat:3, Licht: 0","153734","3","5","5","06","16","7","","0","1","1","0","0"
"POINT (10.146088316000032 53.420665519000067)","Unfall 153735 (2023) Kat:3, Licht: 0","153735","3","6","4","05","12","2","","0","0","1","0","1"