WKT,Name,OBJECTID,UKATEGORIE,UTYP1,UART,UMONAT,USTUNDE,UWOCHENTAG,STRZUSTAND,ULICHTVERH,ISTRAD,ISTPKW,ISTFUSS,ISTKRAD
"POINT (10.141766884000049 53.593249834000062)","Unfall 153736 (2023) Kat:3, Licht: 0","153736","3","5","5","05","17","2","","0","1","1","0","0"
"POINT (10.178369488000044 53.615435669000078)","Unfall 153737 (2023) Kat:3, Licht: 0","153737","3","7","2","05","10","2","","0","0","1","0","1"
"POINT (10.156371719000049 53.585688031000075)","Unfall 153738 (2023) Kat:3, Licht: 0","153738","3","7","0","05","15","2","","0","1","0","0","0"
"POINT (10.060970952000048 53.570304813000064)","Unfall 153739 (2023) Kat:3, Licht: 0","153739","3","6","4","05","14","2","","0","1","0","0","0"
"POINT (10.031308719000037 53.650102956000069)","Unfall 153740 (2023) Kat:3, Licht: 0","153740","3","7","1","05","13","2","","0","1","0","0","0"
"POINT (10.006743548000031 53.577365962000044)","Unfall 153741 (2023) Kat:3, Licht: 0","153741","3","5","1","05","16","2","","0","1","1","0","0"
"POINT (9.861907399000074 53.547548985000049)","Unfall 153742 (2023) Kat:3, Licht: 2","153742","3","1","0","05","04","2","","2","1","0","0","0"
"POINT (9.849431145000040 53.581331424000041)","Unfall 153743 (2023) Kat:3, Licht: 0","153743","3","5","1","05","16","2","","0","0","0","0","1"
"POINT (9.952106298000047 53.582143623000036)","Unfall 153744 (2023) Kat:3, Licht: 1","153744","3","3","5","05","21","2","","1","0","1","0","0"
"POINT (9.966487401000052 53.604941686000075)","Unfall 153745 (2023) Kat:3, Licht: 0","153745","3","3","5","05","16","2","","0","0","1","0","1"
"POINT (9.948984273000065 53.579695560000062)","Unfall 153746 (2023) Kat:2, Licht: 2","153746","2","7","0","05","02","2","","2","0","0","0","0"
"POINT (9.962122741000030 53.554112195000073)","Unfall 153747 (2023) Kat:3, Licht: 0","153747","3","3","5","05","17","2","","0","0","1","0","0"
"POINT (10.006085581000036 53.549944306000043)","Unfall 153748 (2023) Kat:3, Licht: 0","153748","3","3","5","05","18","2","","0","0","1","0","0"
"POINT (10.015523173000076 53.518482010000071)","Unfall 153749 (2023) Kat:2, Licht: 0","153749","2","2","5","05","14","1","","0","0","1","0","0"
"POINT (10.021183185000041 53.485808958000064)","Unfall 153750 (2023) Kat:3, Licht: 0","153750","3","3","0","05","05","1","","0","1","1","0","0"
"POINT (10.140415360000077 53.529845288000047)","Unfall 153751 (2023) Kat:3, Licht: 0","153751","3","6","2","05","11","1","","0","0","1","0","0"
"POINT (10.109169063000024 53.606378014000029)","Unfall 153752 (2023) Kat:3, Licht: 0","153752","3","5","1","05","16","1","","0","0","1","0","0"
"POINT (10.147965353000075 53.673902128000066)","Unfall 153753 (2023) Kat:3, Licht: 0","153753","3","2","5","05","13","1","","0","0","1","0","0"
"POINT (9.973826326000051 53.580323987000043)","Unfall 153754 (2023) Kat:3, Licht: 0","153754","3","6","2","06","12","7","","0","0","1","0","0"
"POINT (9.949817306000057 53.629079108000042)","Unfall 153755 (2023) Kat:3, Licht: 2","153755","3","7","0","05","21","1","","2","0","0","0","0"
"POINT (9.931953693000025 53.545369560000040)","Unfall 153756 (2023) Kat:3, Licht: 1","153756","3","3","5","05","20","1","","1","1","0","0","0"
"POINT (9.948111241000049 53.560504262000052)","Unfall 153757 (2023) Kat:3, Licht: 0","153757","3","6","3","05","17","1","","0","0","1","0","0"
"POINT (9.967031633000033 53.549924804000057)","Unfall 153758 (2023) Kat:3, Licht: 0","153758","3","6","3","05","12","1","","0","0","1","0","0"
"POINT (9.971104846000060 53.497682555000040)","Unfall 153759 (2023) Kat:2, Licht: 0","153759","2","6","2","05","13","1","","0","1","0","0","0"
"POINT (10.075289717000032 53.619362227000067)","Unfall 153760 (2023) Kat:3, Licht: 0","153760","3","6","2","06","09","6","","0","1","1","0","0"
"POINT (9.997050965000028 53.499204625000061)","Unfall 153761 (2023) Kat:3, Licht: 0","153761","3","3","3","05","10","7","","0","1","1","0","0"
"POINT (10.119605232000026 53.599631286000033)","Unfall 153762 (2023) Kat:2, Licht: 0","153762","2","1","0","05","06","7","","0","0","0","0","0"
"POINT (10.061781802000041 53.570759690000045)","Unfall 153763 (2023) Kat:3, Licht: 0","153763","3","7","3","05","21","7","","0","0","1","0","0"
"POINT (10.038752057000067 53.608299603000034)","Unfall 153764 (2023) Kat:3, Licht: 2","153764","3","3","5","05","03","7","","2","0","1","0","0"
"POINT (10.098048124000059 53.649971848000064)","Unfall 153765 (2023) Kat:3, Licht: 0","153765","3","3","5","05","12","7","","0","1","1","0","0"
"POINT (10.007541954000033 53.580828883000038)","Unfall 153766 (2023) Kat:3, Licht: 0","153766","3","6","3","05","19","7","","0","0","1","0","1"
"POINT (10.046016560000055 53.578719476000060)","Unfall 153767 (2023) Kat:3, Licht: 2","153767","3","1","0","05","22","7","","2","1","0","0","0"
"POINT (10.101308700000061 53.559018271000070)","Unfall 153768 (2023) Kat:3, Licht: 0","153768","3","1","0","05","19","3","","0","1","0","0","0"
"POINT (10.030139158000054 53.580122447000065)","Unfall 153769 (2023) Kat:3, Licht: 0","153769","3","2","4","05","18","7","","0","1","1","0","0"
"POINT (10.012790166000059 53.554485622000072)","Unfall 153770 (2023) Kat:3, Licht: 2","153770","3","7","6","05","22","7","","2","0","0","1","0"
"POINT (9.862253050000049 53.534167252000032)","Unfall 153771 (2023) Kat:3, Licht: 0","153771","3","6","4","05","12","6","","0","0","1","0","0"
"POINT (10.177556382000034 53.407651725000051)","Unfall 153772 (2023) Kat:3, Licht: 0","153772","3","5","5","05","07","6","","0","1","0","0","0"
"POINT (10.232544369000038 53.453903494000031)","Unfall 153773 (2023) Kat:3, Licht: 0","153773","3","5","1","05","05","6","","0","1","1","0","0"
"POINT (10.135170681000034 53.594498862000080)","Unfall 153774 (2023) Kat:3, Licht: 0","153774","3","2","4","05","06","6","","0","0","1","0","0"
"POINT (10.103004067000029 53.704994316000068)","Unfall 153775 (2023) Kat:3, Licht: 0","153775","3","6","2","05","13","6","","0","0","1","0","0"
"POINT (10.110308659000054 53.650754574000075)","Unfall 153776 (2023) Kat:2, Licht: 0","153776","2","4","6","05","07","6","","0","0","1","1","0"
"POINT (9.880317494000053 53.562212221000038)","Unfall 153777 (2023) Kat:3, Licht: 0","153777","3","7","0","05","09","6","","0","0","1","0","1"
"POINT (9.920761051000056 53.550890807000030)","Unfall 153778 (2023) Kat:3, Licht: 0","153778","3","6","2","05","15","6","","0","1","1","0","0"
"POINT (10.207810792000032 53.490897381000082)","Unfall 153779 (2023) Kat:2, Licht: 2","153779","2","7","0","05","23","4","","2","1","0","0","0"
"POINT (9.926755428000035 53.549075458000061)","Unfall 153780 (2023) Kat:3, Licht: 0","153780","3","3","5","05","13","6","","0","1","0","0","0"
"POINT (9.973243512000067 53.569792457000062)","Unfall 153781 (2023) Kat:3, Licht: 0","153781","3","4","6","05","09","6","","0","1","0","1","0"
"POINT (9.994952911000041 53.548493863000033)","Unfall 153782 (2023) Kat:3, Licht: 0","153782","3","2","3","05","20","6","","0","1","0","0","0"
"POINT (9.985637808000035 53.552099115000033)","Unfall 153783 (2023) Kat:3, Licht: 0","153783","3","7","0","05","11","6","","0","1","0","0","0"
"POINT (10.011968864000039 53.551194291000058)","Unfall 153784 (2023) Kat:3, Licht: 0","153784","3","5","0","05","16","6","","0","0","1","0","0"
"POINT (10.007030458000031 53.551905147000070)","Unfall 153785 (2023) Kat:3, Licht: 0","153785","3","6","2","05","19","6","","0","0","1","0","0"
"POINT (9.849950794000051 53.473496367000052)","Unfall 153786 (2023) Kat:3, Licht: 0","153786","3","5","5","05","20","5","","0","1","1","0","0"
"POINT (9.888002288000052 53.475164275000054)","Unfall 153787 (2023) Kat:3, Licht: 0","153787","3","6","0","05","13","5","","0","1","0","0","0"
"POINT (9.878070084000058 53.477785975000074)","Unfall 153788 (2023) Kat:3, Licht: 0","153788","3","3","5","05","05","5","","0","1","1","0","0"
"POINT (10.206288021000034 53.494605752000041)","Unfall 153789 (2023) Kat:3, Licht: 0","153789","3","7","0","05","05","5","","0","0","0","0","0"
"POINT (10.096774497000069 53.550564112000075)","Unfall 153790 (2023) Kat:3, Licht: 0","153790","3","5","1","05","11","5","","0","0","1","0","0"
"POINT (10.036251293000021 53.558313380000072)","Unfall 153791 (2023) Kat:3, Licht: 0","153791","3","6","2","05","16","5","","0","0","1","0","0"
"POINT (10.077863879000063 53.589962982000031)","Unfall 153792 (2023) Kat:3, Licht: 0","153792","3","5","1","05","10","5","","0","0","1","0","0"
"POINT (10.072584772000027 53.579462497000065)","Unfall 153793 (2023) Kat:3, Licht: 0","153793","3","2","5","05","07","5","","0","1","0","0","0"
"POINT (10.100739182000041 53.654646058000026)","Unfall 153794 (2023) Kat:3, Licht: 0","153794","3","6","2","05","11","5","","0","0","1","0","0"
"POINT (10.129795195000042 53.645354718000078)","Unfall 153795 (2023) Kat:3, Licht: 0","153795","3","7","9","05","08","5","","0","0","1","0","0"
"POINT (9.995811337000021 53.648509104000027)","Unfall 153796 (2023) Kat:3, Licht: 0","153796","3","2","3","05","17","5","","0","1","1","0","0"
"POINT (10.023063887000035 53.611339617000056)","Unfall 153797 (2023) Kat:3, Licht: 0","153797","3","2","4","05","08","5","","0","0","1","0","0"
"POINT (10.010462329000063 53.576877484000079)","Unfall 153798 (2023) Kat:3, Licht: 0","153798","3","6","4","05","18","5","","0","1","0","0","0"
"POINT (10.033175924000034 53.582751796000082)","Unfall 153799 (2023) Kat:3, Licht: 0","153799","3","7","1","05","17","5","","0","0","1","0","0"
"POINT (9.959443545000056 53.546203390000073)","Unfall 153800 (2023) Kat:3, Licht: 0","153800","3","6","3","06","15","7","","0","0","1","0","0"
"POINT (10.038796272000070 53.577701110000078)","Unfall 153801 (2023) Kat:3, Licht: 0","153801","3","4","6","05","17","5","","0","1","1","1","0"
"POINT (10.053549804000056 53.568885285000079)","Unfall 153802 (2023) Kat:3, Licht: 0","153802","3","2","0","05","18","5","","0","1","0","0","0"
"POINT (10.010613052000053 53.576659558000074)","Unfall 153803 (2023) Kat:3, Licht: 0","153803","3","5","5","05","14","5","","0","1","1","0","0"
"POINT (9.934160861000066 53.592636122000044)","Unfall 153804 (2023) Kat:3, Licht: 0","153804","3","6","2","05","15","5","","0","0","1","0","0"
"POINT (9.897675924000055 53.605181919000074)","Unfall 153805 (2023) Kat:3, Licht: 0","153805","3","7","0","05","09","5","","0","1","0","0","0"
"POINT (9.766779631000077 53.579483024000069)","Unfall 153806 (2023) Kat:3, Licht: 0","153806","3","2","4","05","13","5","","0","1","1","0","0"
"POINT (9.887828402000025 53.549422161000052)","Unfall 153807 (2023) Kat:3, Licht: 0","153807","3","7","0","05","18","5","","0","1","0","0","0"
"POINT (9.902198950000070 53.549714422000079)","Unfall 153808 (2023) Kat:3, Licht: 0","153808","3","6","6","05","16","5","","0","1","0","1","0"
"POINT (9.925662745000068 53.651141280000047)","Unfall 153809 (2023) Kat:3, Licht: 0","153809","3","1","8","05","08","5","","0","1","0","0","0"
"POINT (9.956082292000076 53.587661030000049)","Unfall 153810 (2023) Kat:3, Licht: 0","153810","3","2","4","05","07","5","","0","1","1","0","0"
"POINT (9.946826408000049 53.546267709000062)","Unfall 153811 (2023) Kat:3, Licht: 0","153811","3","5","1","05","15","5","","0","0","1","0","0"
"POINT (9.988507195000068 53.582199256000081)","Unfall 153812 (2023) Kat:3, Licht: 0","153812","3","3","5","05","12","5","","0","1","1","0","0"
"POINT (9.989436144000024 53.558092226000042)","Unfall 153813 (2023) Kat:3, Licht: 0","153813","3","2","6","05","14","5","","0","0","1","1","0"
"POINT (10.020052006000071 53.530651425000030)","Unfall 153814 (2023) Kat:3, Licht: 0","153814","3","6","2","05","19","5","","0","0","1","0","0"
"POINT (9.969484684000065 53.455444996000040)","Unfall 153815 (2023) Kat:3, Licht: 2","153815","3","5","1","05","01","4","","2","0","1","0","0"
"POINT (9.986665089000041 53.428800568000042)","Unfall 153816 (2023) Kat:2, Licht: 0","153816","2","3","5","05","16","4","","0","1","1","0","0"
"POINT (10.202071130000036 53.489902218000054)","Unfall 153817 (2023) Kat:3, Licht: 0","153817","3","2","3","05","19","4","","0","0","1","0","1"
"POINT (10.192068916000039 53.503554097000062)","Unfall 153818 (2023) Kat:2, Licht: 0","153818","2","4","6","05","12","4","","0","0","1","1","0"
"POINT (10.146967036000035 53.486952192000047)","Unfall 153819 (2023) Kat:3, Licht: 0","153819","3","5","1","05","11","4","","0","0","0","0","0"
"POINT (10.042390911000041 53.558547364000049)","Unfall 153820 (2023) Kat:3, Licht: 0","153820","3","7","6","05","09","4","","0","1","0","1","0"
"POINT (10.116232140000022 53.583637063000026)","Unfall 153821 (2023) Kat:3, Licht: 0","153821","3","6","2","05","09","4","","0","0","1","0","0"
"POINT (10.125485745000049 53.572152202000041)","Unfall 153822 (2023) Kat:3, Licht: 0","153822","3","7","0","05","14","4","","0","1","0","0","0"
"POINT (10.070063833000063 53.587819863000050)","Unfall 153823 (2023) Kat:3, Licht: 0","153823","3","5","1","05","07","4","","0","1","1","0","0"
"POINT (10.097218858000076 53.641475788000037)","Unfall 153824 (2023) Kat:3, Licht: 0","153824","3","3","5","05","19","4","","0","0","1","0","0"
"POINT (10.167341263000026 53.650290650000045)","Unfall 153825 (2023) Kat:3, Licht: 0","153825","3","7","6","05","18","4","","0","0","0","1","0"
"POINT (10.152324679000060 53.656063199000073)","Unfall 153826 (2023) Kat:2, Licht: 0","153826","2","5","1","05","14","4","","0","0","1","0","0"
"POINT (10.059706634000065 53.674152402000061)","Unfall 153827 (2023) Kat:3, Licht: 0","153827","3","7","0","05","18","4","","0","1","0","0","0"
"POINT (10.026392789000056 53.629087479000077)","Unfall 153828 (2023) Kat:3, Licht: 0","153828","3","6","2","05","16","4","","0","0","1","0","0"
"POINT (9.926539906000073 53.586269366000067)","Unfall 153829 (2023) Kat:3, Licht: 0","153829","3","6","4","05","17","4","","0","1","0","0","0"
"POINT (9.846638483000049 53.563616127000046)","Unfall 153830 (2023) Kat:3, Licht: 0","153830","3","7","0","05","11","4","","0","1","1","0","0"
"POINT (9.869615334000059 53.579486220000035)","Unfall 153831 (2023) Kat:3, Licht: 0","153831","3","4","0","05","17","4","","0","1","0","1","0"
"POINT (9.940879541000072 53.578467751000062)","Unfall 153832 (2023) Kat:3, Licht: 0","153832","3","7","9","05","17","4","","0","0","1","0","0"
"POINT (10.004091222000056 53.554134989000033)","Unfall 153833 (2023) Kat:3, Licht: 0","153833","3","2","3","05","18","4","","0","1","1","0","0"
"POINT (9.991184013000066 53.554088452000030)","Unfall 153834 (2023) Kat:3, Licht: 0","153834","3","7","0","05","15","4","","0","1","0","0","0"
"POINT (9.975326990000042 53.454085952000071)","Unfall 153835 (2023) Kat:2, Licht: 0","153835","2","4","6","05","16","3","","0","0","1","1","0"
"POINT (9.986054437000064 53.456859705000056)","Unfall 153836 (2023) Kat:2, Licht: 0","153836","2","7","0","05","08","3","","0","0","0","1","0"
"POINT (10.191861404000065 53.511716236000041)","Unfall 153837 (2023) Kat:3, Licht: 0","153837","3","6","2","05","13","3","","0","0","1","0","0"
"POINT (10.209704123000051 53.485110598000063)","Unfall 153838 (2023) Kat:3, Licht: 0","153838","3","1","0","05","18","3","","0","0","0","0","0"
"POINT (10.083682643000031 53.554795608000063)","Unfall 153839 (2023) Kat:3, Licht: 1","153839","3","2","3","05","19","3","","1","0","1","0","0"
"POINT (10.071152576000031 53.552548207000029)","Unfall 153840 (2023) Kat:3, Licht: 0","153840","3","7","0","05","17","3","","0","1","0","0","0"
"POINT (10.020820915000058 53.549906557000043)","Unfall 153841 (2023) Kat:3, Licht: 0","153841","3","6","2","05","13","3","","0","0","1","0","0"
"POINT (9.877542919000064 53.589489035000042)","Unfall 153842 (2023) Kat:3, Licht: 0","153842","3","6","3","05","12","3","","0","0","1","0","1"
"POINT (10.026922067000044 53.533188641000038)","Unfall 153843 (2023) Kat:3, Licht: 0","153843","3","7","0","05","12","3","","0","1","0","0","0"
"POINT (10.041634776000024 53.551086299000076)","Unfall 153844 (2023) Kat:3, Licht: 0","153844","3","4","6","05","07","3","","0","0","0","1","0"
"POINT (10.128133835000028 53.600811385000043)","Unfall 153845 (2023) Kat:3, Licht: 0","153845","3","6","4","05","07","3","","0","1","0","0","0"
"POINT (10.038751537000053 53.607766322000032)","Unfall 153846 (2023) Kat:3, Licht: 0","153846","3","7","2","05","08","3","","0","1","0","0","0"
"POINT (10.045408606000024 53.659339536000061)","Unfall 153847 (2023) Kat:1, Licht: 0","153847","1","4","6","05","08","3","","0","0","0","1","0"
"POINT (10.058848318000059 53.569976627000074)","Unfall 153848 (2023) Kat:3, Licht: 0","153848","3","2","3","05","16","3","","0","1","0","0","0"
"POINT (9.926079029000050 53.591904675000080)","Unfall 153849 (2023) Kat:3, Licht: 0","153849","3","7","6","05","07","3","","0","0","0","1","0"
"POINT (9.945604526000068 53.584907365000049)","Unfall 153850 (2023) Kat:3, Licht: 0","153850","3","7","0","05","16","3","","0","1","0","0","0"
"POINT (9.906488399000068 53.595621748000042)","Unfall 153851 (2023) Kat:3, Licht: 0","153851","3","1","0","05","14","3","","0","0","0","0","0"
"POINT (9.992006420000052 53.590401844000041)","Unfall 153852 (2023) Kat:3, Licht: 0","153852","3","7","5","05","16","3","","0","1","1","0","0"
"POINT (9.987428001000069 53.590741640000033)","Unfall 153853 (2023) Kat:3, Licht: 0","153853","3","3","5","05","10","3","","0","0","1","0","1"
"POINT (9.954798073000063 53.575495787000079)","Unfall 153854 (2023) Kat:3, Licht: 0","153854","3","4","6","05","10","3","","0","1","0","1","0"
"POINT (9.990695362000054 53.560523463000038)","Unfall 153855 (2023) Kat:3, Licht: 2","153855","3","3","0","05","22","3","","2","0","0","0","0"
"POINT (9.967296143000056 53.515641668000058)","Unfall 153856 (2023) Kat:3, Licht: 2","153856","3","3","5","05","00","3","","2","0","0","0","0"
"POINT (10.079735143000050 53.501378730000056)","Unfall 153857 (2023) Kat:3, Licht: 0","153857","3","7","0","05","14","2","","0","1","0","0","0"
"POINT (10.056013835000044 53.563020223000080)","Unfall 153858 (2023) Kat:3, Licht: 0","153858","3","7","5","05","17","2","","0","0","1","0","0"
"POINT (10.026391229000069 53.544181333000040)","Unfall 153859 (2023) Kat:3, Licht: 2","153859","3","2","6","05","21","2","","2","0","1","1","0"
"POINT (10.041880820000074 53.535225084000047)","Unfall 153860 (2023) Kat:3, Licht: 0","153860","3","3","5","05","10","2","","0","0","1","0","1"
"POINT (10.130200776000038 53.571192864000068)","Unfall 153861 (2023) Kat:3, Licht: 0","153861","3","3","5","05","14","2","","0","0","1","0","1"
"POINT (10.112758510000049 53.616215980000050)","Unfall 153862 (2023) Kat:3, Licht: 0","153862","3","1","0","05","12","2","","0","1","0","0","0"
"POINT (10.128235419000021 53.601743607000060)","Unfall 153863 (2023) Kat:3, Licht: 0","153863","3","2","3","05","16","2","","0","1","1","0","0"
"POINT (10.066092643000047 53.585191312000063)","Unfall 153864 (2023) Kat:3, Licht: 0","153864","3","2","0","05","14","2","","0","1","0","0","0"
"POINT (10.076355572000068 53.591796450000061)","Unfall 153865 (2023) Kat:3, Licht: 1","153865","3","7","0","05","19","2","","1","0","0","0","0"
"POINT (9.997098078000022 53.602101067000035)","Unfall 153866 (2023) Kat:3, Licht: 0","153866","3","3","5","05","05","4","","0","0","0","0","0"
"POINT (10.073993298000062 53.611267869000073)","Unfall 153867 (2023) Kat:3, Licht: 0","153867","3","6","2","05","08","2","","0","0","1","0","0"
"POINT (10.011044151000021 53.650338349000037)","Unfall 153868 (2023) Kat:3, Licht: 0","153868","3","1","0","05","13","2","","0","0","0","0","1"
"POINT (9.995400588000052 53.594421069000077)","Unfall 153869 (2023) Kat:3, Licht: 0","153869","3","6","4","05","13","2","","0","1","0","0","0"
"POINT (9.994111930000031 53.601760227000057)","Unfall 153870 (2023) Kat:3, Licht: 0","153870","3","3","5","05","07","2","","0","1","1","0","0"
"POINT (9.903331739000066 53.568730603000063)","Unfall 153871 (2023) Kat:3, Licht: 0","153871","3","6","2","06","19","2","","0","0","1","0","0"
"POINT (9.843807433000052 53.557448676000035)","Unfall 153872 (2023) Kat:3, Licht: 0","153872","3","3","5","05","17","2","","0","1","1","0","0"
"POINT (9.956534456000043 53.614698909000026)","Unfall 153873 (2023) Kat:3, Licht: 0","153873","3","7","0","05","20","2","","0","1","0","0","0"
"POINT (9.932551147000027 53.557279256000072)","Unfall 153874 (2023) Kat:3, Licht: 0","153874","3","2","4","05","19","2","","0","0","1","0","0"
"POINT (9.917631159000052 53.551209630000074)","Unfall 153875 (2023) Kat:3, Licht: 0","153875","3","6","3","05","12","2","","0","1","0","0","1"
"POINT (9.994465391000062 53.564384647000054)","Unfall 153876 (2023) Kat:3, Licht: 1","153876","3","7","3","05","20","2","","1","0","1","0","0"
"POINT (9.980104642000072 53.568276383000068)","Unfall 153877 (2023) Kat:3, Licht: 0","153877","3","5","1","05","12","2","","0","1","1","0","0"
"POINT (10.010262832000024 53.550977018000026)","Unfall 153878 (2023) Kat:3, Licht: 0","153878","3","2","3","05","14","2","","0","1","0","0","0"
"POINT (9.936192160000076 53.484144025000035)","Unfall 153879 (2023) Kat:3, Licht: 0","153879","3","1","8","05","09","2","","0","0","0","0","1"
"POINT (10.252576695000073 53.417073697000035)","Unfall 153880 (2023) Kat:3, Licht: 0","153880","3","6","2","05","18","1","","0","1","0","0","0"
"POINT (10.139267035000046 53.546758663000048)","Unfall 153881 (2023) Kat:3, Licht: 0","153881","3","4","6","05","15","1","","0","0","1","1","0"
"POINT (10.117773610000029 53.654757607000079)","Unfall 153882 (2023) Kat:3, Licht: 0","153882","3","2","3","05","17","1","","0","0","1","0","0"
"POINT (10.001540615000067 53.662324318000060)","Unfall 153883 (2023) Kat:3, Licht: 0","153883","3","1","0","05","17","1","","0","1","0","0","0"
"POINT (10.001644246000069 53.580895305000070)","Unfall 153884 (2023) Kat:3, Licht: 0","153884","3","3","5","05","13","1","","0","1","1","0","0"
"POINT (10.041864067000063 53.588252461000081)","Unfall 153885 (2023) Kat:3, Licht: 0","153885","3","7","6","05","10","1","","0","0","1","1","0"
"POINT (10.050037128000042 53.593272657000057)","Unfall 153886 (2023) Kat:3, Licht: 0","153886","3","7","0","05","12","1","","0","1","0","0","0"
"POINT (9.839030283000056 53.575244762000068)","Unfall 153887 (2023) Kat:3, Licht: 0","153887","3","7","0","05","17","1","","0","0","0","0","1"
"POINT (10.149176168000054 53.524343613000042)","Unfall 153888 (2023) Kat:3, Licht: 0","153888","3","7","0","06","19","1","","0","0","1","0","0"
"POINT (9.904320749000021 53.570384827000055)","Unfall 153889 (2023) Kat:3, Licht: 2","153889","3","6","2","05","00","1","","2","1","0","0","0"
"POINT (9.953699812000025 53.578280938000034)","Unfall 153890 (2023) Kat:3, Licht: 0","153890","3","7","3","05","18","1","","0","1","1","0","0"
"POINT (9.984811659000059 53.584880175000080)","Unfall 153891 (2023) Kat:3, Licht: 0","153891","3","3","5","05","13","1","","0","1","0","1","0"
"POINT (9.980441758000040 53.584767582000040)","Unfall 153892 (2023) Kat:3, Licht: 0","153892","3","6","2","05","16","1","","0","1","1","0","0"
"POINT (9.936211262000029 53.555717279000078)","Unfall 153893 (2023) Kat:3, Licht: 0","153893","3","4","6","05","12","1","","0","1","0","1","0"
"POINT (9.976156563000075 53.491112871000041)","Unfall 153894 (2023) Kat:3, Licht: 0","153894","3","3","5","05","16","1","","0","0","1","0","0"
"POINT (10.017083869000032 53.527853524000079)","Unfall 153895 (2023) Kat:3, Licht: 0","153895","3","1","0","05","14","1","","0","1","0","0","0"
"POINT (9.969248810000067 53.532703222000066)","Unfall 153896 (2023) Kat:3, Licht: 0","153896","3","1","0","05","05","1","","0","1","0","0","0"
"POINT (10.005297861000031 53.436692831000073)","Unfall 153897 (2023) Kat:3, Licht: 0","153897","3","6","4","05","15","7","","0","0","0","0","0"
"POINT (10.213591027000064 53.513434671000027)","Unfall 153898 (2023) Kat:3, Licht: 0","153898","3","7","0","05","10","7","","0","1","0","0","0"
"POINT (10.134725014000026 53.579192568000053)","Unfall 153899 (2023) Kat:3, Licht: 2","153899","3","7","0","05","23","7","","2","0","0","0","0"
"POINT (10.064616378000039 53.571468566000078)","Unfall 153900 (2023) Kat:3, Licht: 0","153900","3","3","5","05","18","7","","0","1","1","0","0"
"POINT (9.805649918000029 53.556716962000053)","Unfall 153901 (2023) Kat:3, Licht: 0","153901","3","1","8","05","14","7","","0","1","0","0","0"
"POINT (9.987683543000060 53.614854958000080)","Unfall 153902 (2023) Kat:3, Licht: 0","153902","3","5","1","05","19","7","","0","1","1","0","0"
"POINT (10.195014222000054 53.606303096000033)","Unfall 153903 (2023) Kat:3, Licht: 0","153903","3","7","0","06","19","7","","0","1","0","0","0"
"POINT (9.945732836000047 53.579434234000075)","Unfall 153904 (2023) Kat:3, Licht: 0","153904","3","3","5","05","11","7","","0","1","1","0","0"
"POINT (10.000760697000032 53.555967376000069)","Unfall 153905 (2023) Kat:3, Licht: 1","153905","3","3","6","05","21","7","","1","1","0","1","0"
"POINT (9.996175995000044 53.546095191000063)","Unfall 153906 (2023) Kat:3, Licht: 0","153906","3","2","3","05","13","7","","0","1","1","0","0"
"POINT (10.000155799000026 53.514405784000076)","Unfall 153907 (2023) Kat:3, Licht: 0","153907","3","1","8","05","13","6","","0","1","0","0","0"
"POINT (10.104570195000065 53.538926460000027)","Unfall 153908 (2023) Kat:3, Licht: 0","153908","3","2","4","05","14","6","","0","0","1","0","1"
"POINT (10.145414799000037 53.544345074000034)","Unfall 153909 (2023) Kat:3, Licht: 0","153909","3","6","2","05","14","1","","0","0","1","0","0"
"POINT (10.119426493000049 53.562167745000067)","Unfall 153910 (2023) Kat:3, Licht: 0","153910","3","6","2","05","11","6","","0","0","1","0","0"
"POINT (10.047586739000053 53.609155867000027)","Unfall 153911 (2023) Kat:3, Licht: 0","153911","3","5","5","05","13","5","","0","1","1","0","0"
"POINT (10.133843425000066 53.595192297000040)","Unfall 153912 (2023) Kat:3, Licht: 0","153912","3","3","5","05","11","6","","0","1","1","0","0"
"POINT (10.132141130000036 53.571119048000071)","Unfall 153913 (2023) Kat:3, Licht: 2","153913","3","6","3","05","23","6","","2","0","1","0","0"
"POINT (10.082227443000022 53.571207945000026)","Unfall 153914 (2023) Kat:3, Licht: 0","153914","3","2","2","05","11","6","","0","0","1","0","1"
"POINT (10.057564392000074 53.648277044000054)","Unfall 153915 (2023) Kat:3, Licht: 0","153915","3","3","5","05","13","6","","0","1","1","0","0"
"POINT (10.001336642000069 53.676043809000078)","Unfall 153916 (2023) Kat:3, Licht: 0","153916","3","2","2","05","18","6","","0","0","1","0","0"
"POINT (10.006442020000065 53.633513123000057)","Unfall 153917 (2023) Kat:3, Licht: 2","153917","3","6","2","05","23","6","","2","0","1","0","0"
"POINT (10.045777795000049 53.577704678000032)","Unfall 153918 (2023) Kat:3, Licht: 0","153918","3","3","5","05","17","6","","0","1","0","0","1"
"POINT (10.046013901000038 53.587488054000062)","Unfall 153919 (2023) Kat:3, Licht: 0","153919","3","7","0","05","19","6","","0","1","0","0","0"
"POINT (9.913602196000056 53.613183114000037)","Unfall 153920 (2023) Kat:3, Licht: 0","153920","3","7","0","05","13","6","","0","1","0","0","0"
"POINT (9.798237201000063 53.562897215000078)","Unfall 153921 (2023) Kat:3, Licht: 0","153921","3","7","0","05","11","6","","0","1","0","0","0"