WKT,Name,OBJECTID,UKATEGORIE,UTYP1,UART,UMONAT,USTUNDE,UWOCHENTAG,STRZUSTAND,ULICHTVERH,ISTRAD,ISTPKW,ISTFUSS,ISTKRAD
"POINT (9.950482538000074 53.597453407000046)","Unfall 153922 (2023) Kat:3, Licht: 0","153922","3","2","3","05","16","6","","0","1","1","0","0"
"POINT (9.949967414000071 53.574236845000030)","Unfall 153923 (2023) Kat:3, Licht: 0","153923","3","1","0","05","11","6","","0","1","0","0","0"
"POINT (9.966202035000038 53.603594929000053)","Unfall 153924 (2023) Kat:3, Licht: 0","153924","3","2","3","05","18","6","","0","1","0","0","1"
"POINT (9.930293035000034 53.552305198000056)","Unfall 153925 (2023) Kat:3, Licht: 0","153925","3","4","6","05","10","6","","0","0","1","1","0"
"POINT (9.936411456000030 53.547298835000049)","Unfall 153926 (2023) Kat:3, Licht: 1","153926","3","7","0","05","20","6","","1","0","0","0","0"
"POINT (9.976683125000022 53.563467323000054)","Unfall 153927 (2023) Kat:3, Licht: 0","153927","3","6","3","05","16","6","","0","0","1","0","1"
"POINT (9.949376353000048 53.452432610000074)","Unfall 153928 (2023) Kat:3, Licht: 1","153928","3","1","0","05","20","5","","1","1","0","0","0"
"POINT (10.089196051000044 53.545144847000074)","Unfall 153929 (2023) Kat:2, Licht: 0","153929","2","4","6","05","19","5","","0","0","1","1","0"
"POINT (10.056873752000058 53.553722979000042)","Unfall 153930 (2023) Kat:3, Licht: 0","153930","3","4","6","05","17","5","","0","0","1","1","0"
"POINT (10.013796686000035 53.638953434000030)","Unfall 153931 (2023) Kat:3, Licht: 0","153931","3","2","3","05","16","5","","0","1","0","0","0"
"POINT (9.996905875000039 53.598351142000070)","Unfall 153932 (2023) Kat:2, Licht: 1","153932","2","5","1","05","20","5","","1","1","1","0","0"
"POINT (10.009267455000042 53.585747141000070)","Unfall 153933 (2023) Kat:3, Licht: 0","153933","3","1","0","05","19","5","","0","0","0","0","0"
"POINT (10.034749110000064 53.596946189000050)","Unfall 153934 (2023) Kat:3, Licht: 0","153934","3","7","0","05","14","5","","0","1","0","0","0"
"POINT (10.003623743000048 53.579002859000070)","Unfall 153935 (2023) Kat:3, Licht: 0","153935","3","1","0","05","15","5","","0","0","0","0","0"
"POINT (10.016884899000047 53.565125284000032)","Unfall 153936 (2023) Kat:3, Licht: 0","153936","3","7","6","05","15","5","","0","1","0","1","0"
"POINT (9.906717005000075 53.567360098000051)","Unfall 153937 (2023) Kat:3, Licht: 1","153937","3","5","5","05","21","5","","1","1","1","0","0"
"POINT (9.952870586000074 53.568074208000041)","Unfall 153938 (2023) Kat:2, Licht: 2","153938","2","6","0","05","22","5","","2","0","0","0","0"
"POINT (9.955715408000060 53.549702890000049)","Unfall 153939 (2023) Kat:3, Licht: 0","153939","3","7","0","05","17","5","","0","0","0","0","0"
"POINT (10.019252154000071 53.538939214000038)","Unfall 153940 (2023) Kat:3, Licht: 0","153940","3","3","5","05","16","5","","0","0","1","0","0"
"POINT (9.916829199000063 53.481338870000059)","Unfall 153941 (2023) Kat:3, Licht: 0","153941","3","2","5","05","11","4","","0","0","1","0","0"
"POINT (10.106890466000038 53.523806637000064)","Unfall 153942 (2023) Kat:3, Licht: 0","153942","3","6","2","05","16","4","","0","0","1","0","1"
"POINT (10.107873027000039 53.564355202000058)","Unfall 153943 (2023) Kat:3, Licht: 0","153943","3","6","2","05","09","4","","0","0","1","0","1"
"POINT (10.069572752000056 53.571760660000052)","Unfall 153944 (2023) Kat:3, Licht: 0","153944","3","6","3","05","16","4","","0","0","1","0","0"
"POINT (10.040703598000050 53.606811019000077)","Unfall 153945 (2023) Kat:3, Licht: 2","153945","3","5","1","05","23","4","","2","0","1","0","0"
"POINT (10.079798091000043 53.602379184000029)","Unfall 153946 (2023) Kat:3, Licht: 1","153946","3","6","2","05","20","4","","1","1","1","0","0"
"POINT (10.075245863000021 53.605858326000032)","Unfall 153947 (2023) Kat:3, Licht: 0","153947","3","7","6","05","10","4","","0","0","1","1","0"
"POINT (10.000196698000025 53.674423884000078)","Unfall 153948 (2023) Kat:3, Licht: 0","153948","3","6","4","05","16","4","","0","1","1","0","0"
"POINT (10.003275624000025 53.618845715000077)","Unfall 153949 (2023) Kat:3, Licht: 0","153949","3","6","6","05","13","4","","0","1","0","1","0"
"POINT (9.997015186000056 53.601969198000063)","Unfall 153950 (2023) Kat:3, Licht: 0","153950","3","2","5","05","08","4","","0","1","0","0","0"
"POINT (10.024321677000046 53.564192325000079)","Unfall 153951 (2023) Kat:3, Licht: 0","153951","3","6","3","05","18","4","","0","1","0","0","0"
"POINT (9.866378437000037 53.568868156000065)","Unfall 153952 (2023) Kat:3, Licht: 0","153952","3","6","4","05","12","4","","0","0","1","0","0"
"POINT (9.909761486000036 53.641612691000034)","Unfall 153953 (2023) Kat:3, Licht: 0","153953","3","6","2","05","08","4","","0","0","1","0","0"
"POINT (9.948285873000032 53.576041903000032)","Unfall 153954 (2023) Kat:3, Licht: 0","153954","3","3","5","05","15","4","","0","1","1","0","0"
"POINT (9.969385481000074 53.545922184000062)","Unfall 153955 (2023) Kat:3, Licht: 0","153955","3","7","0","05","13","4","","0","1","0","0","0"
"POINT (9.971527672000036 53.470379018000074)","Unfall 153956 (2023) Kat:3, Licht: 0","153956","3","6","2","05","17","4","","0","0","1","0","0"
"POINT (9.918821823000030 53.497569567000028)","Unfall 153957 (2023) Kat:2, Licht: 0","153957","2","3","5","05","15","4","","0","1","0","0","1"
"POINT (9.992357006000077 53.481331706000049)","Unfall 153958 (2023) Kat:3, Licht: 0","153958","3","3","5","05","08","3","","0","0","1","0","0"
"POINT (10.014917155000035 53.523233476000030)","Unfall 153959 (2023) Kat:3, Licht: 0","153959","3","4","6","05","06","3","","0","1","0","1","0"
"POINT (10.080800653000040 53.531922613000063)","Unfall 153960 (2023) Kat:3, Licht: 0","153960","3","2","4","05","06","3","","0","0","1","0","0"
"POINT (10.131330235000064 53.603490886000031)","Unfall 153961 (2023) Kat:3, Licht: 0","153961","3","7","0","05","12","3","","0","0","0","0","0"
"POINT (10.132313313000054 53.584581462000074)","Unfall 153962 (2023) Kat:2, Licht: 1","153962","2","4","6","05","07","3","","1","0","1","1","0"
"POINT (10.070069443000023 53.573054121000041)","Unfall 153963 (2023) Kat:3, Licht: 0","153963","3","7","0","05","17","3","","0","0","0","0","1"
"POINT (10.096116993000066 53.596264054000073)","Unfall 153964 (2023) Kat:3, Licht: 0","153964","3","5","5","05","07","3","","0","0","1","0","1"
"POINT (10.001316938000059 53.665602088000071)","Unfall 153965 (2023) Kat:3, Licht: 0","153965","3","2","2","05","15","3","","0","0","1","0","0"
"POINT (10.045567644000073 53.579020684000056)","Unfall 153966 (2023) Kat:3, Licht: 0","153966","3","2","3","05","07","3","","0","1","0","0","0"
"POINT (10.048407408000060 53.588176927000063)","Unfall 153967 (2023) Kat:3, Licht: 0","153967","3","1","0","05","15","3","","0","0","0","0","1"
"POINT (9.947905617000060 53.558213095000042)","Unfall 153968 (2023) Kat:3, Licht: 0","153968","3","3","5","05","17","3","","0","0","1","0","0"
"POINT (9.925536978000025 53.546461322000027)","Unfall 153969 (2023) Kat:3, Licht: 0","153969","3","4","6","05","12","3","","0","0","1","1","0"
"POINT (9.971694062000040 53.598711584000057)","Unfall 153970 (2023) Kat:3, Licht: 2","153970","3","7","0","06","00","1","","2","0","0","0","0"
"POINT (9.983152266000047 53.570548581000082)","Unfall 153971 (2023) Kat:3, Licht: 2","153971","3","1","0","05","22","3","","2","0","0","0","0"
"POINT (10.000640739000062 53.566184528000065)","Unfall 153972 (2023) Kat:3, Licht: 0","153972","3","6","3","05","17","3","","0","1","0","0","0"
"POINT (9.951823968000042 53.474225001000036)","Unfall 153973 (2023) Kat:3, Licht: 0","153973","3","1","0","05","08","3","","0","1","0","0","0"
"POINT (9.810184308000032 53.466824409000026)","Unfall 153974 (2023) Kat:3, Licht: 0","153974","3","5","5","05","16","2","","0","0","1","0","0"
"POINT (10.014955373000021 53.522202878000030)","Unfall 153975 (2023) Kat:2, Licht: 2","153975","2","7","0","05","23","2","","2","1","0","0","0"
"POINT (9.992482249000034 53.508750392000081)","Unfall 153976 (2023) Kat:3, Licht: 0","153976","3","3","5","05","18","2","","0","0","1","0","0"
"POINT (9.979758435000065 53.518378236000046)","Unfall 153977 (2023) Kat:2, Licht: 0","153977","2","2","3","05","16","2","","0","0","1","0","0"
"POINT (10.210444490000043 53.486905033000028)","Unfall 153978 (2023) Kat:3, Licht: 0","153978","3","5","1","05","16","2","","0","1","1","0","0"
"POINT (10.041775479000023 53.555486699000028)","Unfall 153979 (2023) Kat:3, Licht: 0","153979","3","6","2","05","12","2","","0","0","1","0","0"
"POINT (10.072198178000065 53.608712483000033)","Unfall 153980 (2023) Kat:3, Licht: 0","153980","3","2","4","05","09","2","","0","0","1","0","0"
"POINT (10.059753525000076 53.594117537000045)","Unfall 153981 (2023) Kat:3, Licht: 0","153981","3","2","3","05","11","2","","0","1","0","0","0"
"POINT (10.076975883000046 53.656116573000077)","Unfall 153982 (2023) Kat:2, Licht: 0","153982","2","6","2","05","12","2","","0","1","0","0","0"
"POINT (10.013760460000071 53.619838820000041)","Unfall 153983 (2023) Kat:3, Licht: 0","153983","3","7","4","05","12","2","","0","0","1","0","1"
"POINT (10.008506227000055 53.653156145000082)","Unfall 153984 (2023) Kat:3, Licht: 0","153984","3","4","6","05","17","2","","0","0","1","1","0"
"POINT (10.048294632000022 53.581616920000045)","Unfall 153985 (2023) Kat:3, Licht: 0","153985","3","3","5","05","08","2","","0","0","1","0","0"
"POINT (10.054835047000040 53.591832578000037)","Unfall 153986 (2023) Kat:3, Licht: 0","153986","3","2","5","05","17","2","","0","1","1","0","0"
"POINT (9.917139637000048 53.560689662000073)","Unfall 153987 (2023) Kat:3, Licht: 0","153987","3","5","6","05","17","2","","0","0","1","1","0"
"POINT (9.979238003000034 53.565940851000050)","Unfall 153988 (2023) Kat:2, Licht: 0","153988","2","2","4","05","20","2","","0","1","1","0","0"
"POINT (9.967986547000066 53.557360542000026)","Unfall 153989 (2023) Kat:2, Licht: 0","153989","2","6","0","05","13","2","","0","0","1","0","0"
"POINT (9.954729277000069 53.548424410000052)","Unfall 153990 (2023) Kat:3, Licht: 0","153990","3","4","6","05","18","2","","0","1","0","1","0"
"POINT (10.005900682000060 53.551932503000046)","Unfall 153991 (2023) Kat:2, Licht: 0","153991","2","7","0","05","16","2","","0","0","0","0","0"
"POINT (9.987689266000075 53.454085514000042)","Unfall 153992 (2023) Kat:3, Licht: 0","153992","3","5","1","05","13","1","","0","0","1","0","0"
"POINT (10.001083671000060 53.483783308000056)","Unfall 153993 (2023) Kat:3, Licht: 0","153993","3","7","6","05","13","1","","0","0","1","0","0"
"POINT (10.002738168000064 53.485621200000082)","Unfall 153994 (2023) Kat:2, Licht: 0","153994","2","1","8","05","09","1","","0","0","1","0","0"
"POINT (10.015224511000042 53.545621491000077)","Unfall 153995 (2023) Kat:3, Licht: 0","153995","3","4","6","05","14","1","","0","0","1","1","0"
"POINT (10.016748172000064 53.565933652000069)","Unfall 153996 (2023) Kat:3, Licht: 0","153996","3","6","4","05","12","1","","0","1","0","0","0"
"POINT (9.874976314000037 53.587917098000048)","Unfall 153997 (2023) Kat:3, Licht: 0","153997","3","6","2","05","15","1","","0","1","1","0","0"
"POINT (9.876084058000060 53.588524506000056)","Unfall 153998 (2023) Kat:3, Licht: 0","153998","3","2","4","05","11","1","","0","0","1","0","0"
"POINT (9.890991332000056 53.556749489000026)","Unfall 153999 (2023) Kat:2, Licht: 0","153999","2","7","9","05","14","1","","0","0","1","0","0"
"POINT (9.938245707000021 53.554832823000027)","Unfall 154000 (2023) Kat:3, Licht: 0","154000","3","3","5","05","11","1","","0","1","0","0","0"
"POINT (9.968560757000034 53.550035125000079)","Unfall 154001 (2023) Kat:3, Licht: 0","154001","3","6","3","05","19","1","","0","0","1","0","1"
"POINT (9.969039906000035 53.545814614000051)","Unfall 154002 (2023) Kat:2, Licht: 0","154002","2","7","0","05","05","1","","0","1","0","0","0"
"POINT (9.994154347000062 53.547768175000044)","Unfall 154003 (2023) Kat:3, Licht: 0","154003","3","1","0","05","12","1","","0","0","0","0","0"
"POINT (9.987522089000038 53.451800439000067)","Unfall 154004 (2023) Kat:3, Licht: 0","154004","3","3","5","05","13","7","","0","0","1","0","0"
"POINT (10.097530400000039 53.559700833000079)","Unfall 154005 (2023) Kat:3, Licht: 0","154005","3","3","5","05","17","7","","0","1","1","0","0"
"POINT (9.972399688000053 53.545368811000060)","Unfall 154006 (2023) Kat:3, Licht: 0","154006","3","2","3","05","12","1","","0","1","1","0","0"
"POINT (10.145605156000045 53.544434694000074)","Unfall 154007 (2023) Kat:3, Licht: 0","154007","3","3","5","05","14","7","","0","0","1","0","1"
"POINT (10.051079026000025 53.545159336000040)","Unfall 154008 (2023) Kat:3, Licht: 2","154008","3","1","0","05","23","7","","2","0","0","0","0"
"POINT (10.131858659000045 53.571117577000052)","Unfall 154009 (2023) Kat:3, Licht: 1","154009","3","7","3","05","19","7","","1","0","1","0","0"
"POINT (10.147162923000053 53.588790033000066)","Unfall 154010 (2023) Kat:3, Licht: 0","154010","3","7","0","05","09","7","","0","1","1","0","0"
"POINT (10.064332213000057 53.586444255000060)","Unfall 154011 (2023) Kat:3, Licht: 0","154011","3","6","2","05","14","7","","0","0","1","0","0"
"POINT (10.124615444000028 53.671409585000049)","Unfall 154012 (2023) Kat:3, Licht: 0","154012","3","3","5","05","17","7","","0","1","1","0","0"
"POINT (10.128663849000077 53.697039514000039)","Unfall 154013 (2023) Kat:3, Licht: 0","154013","3","3","5","05","15","7","","0","1","1","0","0"
"POINT (10.041705190000073 53.598758561000068)","Unfall 154014 (2023) Kat:3, Licht: 2","154014","3","1","0","05","00","7","","2","0","0","0","0"
"POINT (10.045946791000063 53.567515951000075)","Unfall 154015 (2023) Kat:3, Licht: 0","154015","3","5","1","05","16","7","","0","0","1","0","0"
"POINT (9.939565550000054 53.572790306000059)","Unfall 154016 (2023) Kat:3, Licht: 1","154016","3","7","3","05","21","7","","1","0","1","0","1"
"POINT (9.867332104000070 53.547983184000032)","Unfall 154017 (2023) Kat:3, Licht: 0","154017","3","7","0","05","16","7","","0","1","0","0","0"
"POINT (9.878489027000057 53.586218329000076)","Unfall 154018 (2023) Kat:3, Licht: 2","154018","3","7","3","05","00","7","","2","0","1","0","0"
"POINT (9.980071621000036 53.566496426000072)","Unfall 154019 (2023) Kat:3, Licht: 2","154019","3","1","1","05","23","7","","2","0","1","0","0"
"POINT (9.982643120000034 53.544223553000052)","Unfall 154020 (2023) Kat:3, Licht: 0","154020","3","2","3","05","14","7","","0","0","1","0","0"
"POINT (10.044995804000052 53.566969483000037)","Unfall 154021 (2023) Kat:3, Licht: 0","154021","3","1","0","05","16","7","","0","1","0","0","0"
"POINT (9.985078569000052 53.466386389000036)","Unfall 154022 (2023) Kat:3, Licht: 2","154022","3","7","8","05","03","7","","2","0","1","0","0"
"POINT (9.990691937000065 53.444892318000029)","Unfall 154023 (2023) Kat:3, Licht: 2","154023","3","1","0","05","22","6","","2","0","0","0","0"
"POINT (10.088392959000032 53.463801803000081)","Unfall 154024 (2023) Kat:2, Licht: 2","154024","2","7","7","05","23","6","","2","0","0","0","1"
"POINT (10.147523765000074 53.529753218000053)","Unfall 154025 (2023) Kat:2, Licht: 0","154025","2","7","0","05","16","6","","0","0","0","0","0"
"POINT (10.091083526000034 53.544233025000040)","Unfall 154026 (2023) Kat:3, Licht: 0","154026","3","2","3","05","15","6","","0","1","1","0","0"
"POINT (10.115801662000024 53.535219620000078)","Unfall 154027 (2023) Kat:3, Licht: 2","154027","3","5","1","05","00","6","","2","0","1","0","0"
"POINT (10.050937697000052 53.548010690000069)","Unfall 154028 (2023) Kat:3, Licht: 0","154028","3","1","0","05","07","6","","0","0","0","0","0"
"POINT (10.105711988000053 53.580826165000076)","Unfall 154029 (2023) Kat:3, Licht: 0","154029","3","6","2","05","18","6","","0","0","1","0","0"
"POINT (10.136572530000024 53.592286134000062)","Unfall 154030 (2023) Kat:2, Licht: 0","154030","2","5","5","05","07","6","","0","1","1","0","0"
"POINT (10.131683175000035 53.571116661000076)","Unfall 154031 (2023) Kat:3, Licht: 0","154031","3","6","3","05","10","6","","0","0","1","0","0"
"POINT (10.133714841000028 53.571249226000077)","Unfall 154032 (2023) Kat:3, Licht: 0","154032","3","3","5","05","07","6","","0","0","1","0","0"
"POINT (10.066130102000045 53.571299537000073)","Unfall 154033 (2023) Kat:3, Licht: 0","154033","3","2","3","05","08","6","","0","1","0","0","0"
"POINT (10.092998193000028 53.651501022000048)","Unfall 154034 (2023) Kat:3, Licht: 0","154034","3","7","0","05","09","6","","0","1","0","0","0"
"POINT (10.111976523000067 53.707052615000066)","Unfall 154035 (2023) Kat:3, Licht: 0","154035","3","6","2","05","13","6","","0","0","1","0","0"
"POINT (9.999676535000049 53.580439931000058)","Unfall 154036 (2023) Kat:3, Licht: 0","154036","3","3","5","05","17","6","","0","1","0","0","0"
"POINT (10.045306627000059 53.589138768000055)","Unfall 154037 (2023) Kat:3, Licht: 0","154037","3","4","6","05","15","6","","0","1","0","1","0"
"POINT (10.051447158000030 53.586671560000070)","Unfall 154038 (2023) Kat:2, Licht: 0","154038","2","6","2","05","19","6","","0","0","1","0","0"
"POINT (10.053597648000050 53.564787144000036)","Unfall 154039 (2023) Kat:3, Licht: 0","154039","3","2","5","05","18","6","","0","1","1","0","0"
"POINT (9.906051543000046 53.607251171000030)","Unfall 154040 (2023) Kat:3, Licht: 0","154040","3","6","2","06","06","3","","0","0","1","0","0"
"POINT (10.014898657000060 53.574743792000049)","Unfall 154041 (2023) Kat:3, Licht: 0","154041","3","6","3","05","16","6","","0","1","0","0","0"
"POINT (10.040551586000049 53.579735408000033)","Unfall 154042 (2023) Kat:2, Licht: 0","154042","2","1","0","05","10","6","","0","0","0","0","1"
"POINT (10.046600162000061 53.609118043000080)","Unfall 154043 (2023) Kat:3, Licht: 0","154043","3","2","2","06","19","1","","0","0","1","0","0"
"POINT (9.865110187000028 53.571867993000069)","Unfall 154044 (2023) Kat:3, Licht: 2","154044","3","1","0","05","22","6","","2","0","0","0","0"
"POINT (9.800453123000068 53.557788861000063)","Unfall 154045 (2023) Kat:3, Licht: 0","154045","3","4","6","05","17","6","","0","1","0","0","0"
"POINT (9.870188037000048 53.557082913000045)","Unfall 154046 (2023) Kat:3, Licht: 2","154046","3","1","9","05","21","6","","2","1","0","0","0"
"POINT (9.874103410000032 53.590403340000080)","Unfall 154047 (2023) Kat:3, Licht: 0","154047","3","6","2","05","16","6","","0","0","1","0","0"
"POINT (10.021704715000055 53.614761380000061)","Unfall 154048 (2023) Kat:3, Licht: 0","154048","3","2","5","06","13","6","","0","0","1","0","1"
"POINT (9.919470597000043 53.631585670000050)","Unfall 154049 (2023) Kat:3, Licht: 0","154049","3","7","0","05","12","6","","0","1","1","0","0"
"POINT (9.977196246000062 53.564192471000069)","Unfall 154050 (2023) Kat:3, Licht: 0","154050","3","2","0","05","18","6","","0","0","1","0","1"
"POINT (9.967060189000051 53.566178169000068)","Unfall 154051 (2023) Kat:3, Licht: 0","154051","3","7","0","05","17","6","","0","0","0","0","0"
"POINT (9.953863762000026 53.545660127000076)","Unfall 154052 (2023) Kat:3, Licht: 0","154052","3","3","5","05","12","6","","0","0","1","0","0"
"POINT (9.997424817000024 53.544105874000081)","Unfall 154053 (2023) Kat:3, Licht: 0","154053","3","4","6","05","16","6","","0","1","0","1","0"
"POINT (9.992796126000030 53.549517953000077)","Unfall 154054 (2023) Kat:3, Licht: 0","154054","3","7","8","05","18","6","","0","1","0","0","0"
"POINT (9.967277502000059 53.438720408000052)","Unfall 154055 (2023) Kat:3, Licht: 0","154055","3","6","2","05","15","5","","0","0","1","0","0"
"POINT (9.947231729000066 53.467504544000064)","Unfall 154056 (2023) Kat:3, Licht: 0","154056","3","5","3","05","15","5","","0","0","1","0","0"
"POINT (10.229955672000074 53.448265095000068)","Unfall 154057 (2023) Kat:2, Licht: 0","154057","2","6","2","05","15","5","","0","0","1","0","1"
"POINT (10.095734044000039 53.550923131000047)","Unfall 154058 (2023) Kat:3, Licht: 0","154058","3","3","5","05","18","5","","0","0","1","0","0"
"POINT (10.026587542000073 53.553846361000069)","Unfall 154059 (2023) Kat:3, Licht: 0","154059","3","2","4","05","16","5","","0","1","1","0","0"
"POINT (10.149463932000060 53.615625458000068)","Unfall 154060 (2023) Kat:3, Licht: 0","154060","3","3","5","05","16","5","","0","1","1","0","0"
"POINT (10.085042012000031 53.607817229000034)","Unfall 154061 (2023) Kat:3, Licht: 0","154061","3","6","2","05","15","5","","0","0","1","0","0"
"POINT (10.038643011000033 53.608191466000051)","Unfall 154062 (2023) Kat:3, Licht: 0","154062","3","7","4","05","18","5","","0","0","1","0","1"
"POINT (10.101525920000029 53.653405082000063)","Unfall 154063 (2023) Kat:3, Licht: 0","154063","3","2","3","05","08","5","","0","1","1","0","0"
"POINT (10.148198099000069 53.643982346000030)","Unfall 154064 (2023) Kat:3, Licht: 0","154064","3","7","0","05","19","5","","0","1","0","0","0"
"POINT (10.094998289000046 53.675456391000068)","Unfall 154065 (2023) Kat:3, Licht: 0","154065","3","7","0","05","13","5","","0","1","0","0","0"
"POINT (10.021969980000051 53.679182686000047)","Unfall 154066 (2023) Kat:3, Licht: 0","154066","3","3","5","05","20","5","","0","0","1","0","0"
"POINT (10.024880306000057 53.627618327000050)","Unfall 154067 (2023) Kat:3, Licht: 0","154067","3","7","0","05","16","5","","0","1","0","0","0"
"POINT (10.006295609000063 53.599213038000073)","Unfall 154068 (2023) Kat:3, Licht: 0","154068","3","3","5","05","17","5","","0","1","1","0","0"
"POINT (10.031795126000077 53.566998714000079)","Unfall 154069 (2023) Kat:2, Licht: 0","154069","2","4","6","05","18","5","","0","1","0","1","0"
"POINT (10.039845460000038 53.579522553000061)","Unfall 154070 (2023) Kat:2, Licht: 0","154070","2","4","6","05","16","5","","0","0","1","1","0"
"POINT (9.909591914000032 53.601066583000033)","Unfall 154071 (2023) Kat:3, Licht: 0","154071","3","3","5","05","11","5","","0","0","1","0","1"
"POINT (9.895421557000077 53.557357694000075)","Unfall 154072 (2023) Kat:3, Licht: 0","154072","3","2","4","05","17","5","","0","0","1","0","0"
"POINT (9.876951569000028 53.597528796000063)","Unfall 154073 (2023) Kat:3, Licht: 0","154073","3","3","5","05","07","5","","0","0","1","0","0"
"POINT (9.976083294000034 53.580657785000028)","Unfall 154074 (2023) Kat:3, Licht: 0","154074","3","6","4","05","08","5","","0","1","0","0","0"
"POINT (9.921420816000023 53.548315759000047)","Unfall 154075 (2023) Kat:3, Licht: 0","154075","3","4","6","05","11","5","","0","1","0","1","0"
"POINT (9.982185768000022 53.555621610000060)","Unfall 154076 (2023) Kat:2, Licht: 2","154076","2","5","1","05","00","5","","2","1","1","0","0"
"POINT (9.974844165000036 53.494117474000063)","Unfall 154077 (2023) Kat:3, Licht: 0","154077","3","7","0","05","11","5","","0","1","0","0","0"
"POINT (9.988416376000032 53.440202834000047)","Unfall 154078 (2023) Kat:3, Licht: 0","154078","3","2","3","05","09","4","","0","0","1","0","0"
"POINT (10.083637312000064 53.542277364000029)","Unfall 154079 (2023) Kat:3, Licht: 0","154079","3","2","5","05","16","4","","0","0","1","0","0"
"POINT (10.135397193000074 53.594551233000061)","Unfall 154080 (2023) Kat:3, Licht: 0","154080","3","6","3","05","14","4","","0","0","1","0","0"
"POINT (10.133108819000029 53.599898943000028)","Unfall 154081 (2023) Kat:3, Licht: 1","154081","3","2","3","05","04","4","","1","1","1","0","0"
"POINT (10.086466519000055 53.663566141000047)","Unfall 154082 (2023) Kat:3, Licht: 0","154082","3","1","0","05","11","4","","0","0","0","0","0"
"POINT (10.013119482000036 53.616302767000036)","Unfall 154083 (2023) Kat:3, Licht: 0","154083","3","6","2","05","13","4","","0","0","1","0","0"
"POINT (10.031823181000050 53.588108587000079)","Unfall 154084 (2023) Kat:3, Licht: 0","154084","3","7","0","05","08","4","","0","1","0","0","0"
"POINT (10.047109919000036 53.583614233000048)","Unfall 154085 (2023) Kat:3, Licht: 0","154085","3","6","2","05","18","4","","0","0","1","0","0"
"POINT (10.054700018000062 53.606827209000073)","Unfall 154086 (2023) Kat:3, Licht: 0","154086","3","5","5","05","13","7","","0","0","1","0","0"
"POINT (10.055931213000065 53.591489112000033)","Unfall 154087 (2023) Kat:3, Licht: 0","154087","3","2","4","05","07","4","","0","0","1","0","0"
"POINT (9.901060944000051 53.625382374000026)","Unfall 154088 (2023) Kat:3, Licht: 0","154088","3","3","5","05","19","4","","0","1","1","0","0"
"POINT (9.950682626000059 53.555625860000077)","Unfall 154089 (2023) Kat:3, Licht: 0","154089","3","6","2","05","13","4","","0","0","1","0","0"
"POINT (9.976318146000040 53.564619611000069)","Unfall 154090 (2023) Kat:2, Licht: 0","154090","2","6","2","05","12","4","","0","0","1","0","0"
"POINT (10.188841960000047 53.504689031000055)","Unfall 154091 (2023) Kat:3, Licht: 0","154091","3","4","6","05","14","3","","0","0","1","1","0"
"POINT (10.081920515000036 53.608144659000061)","Unfall 154092 (2023) Kat:3, Licht: 0","154092","3","6","2","05","17","3","","0","0","1","0","0"
"POINT (10.092422658000032 53.651727135000044)","Unfall 154093 (2023) Kat:3, Licht: 0","154093","3","7","0","05","14","3","","0","0","0","0","0"
"POINT (9.950789585000052 53.468592874000080)","Unfall 154094 (2023) Kat:3, Licht: 0","154094","3","7","0","06","13","7","","0","1","0","0","0"
"POINT (10.017862830000070 53.650147020000077)","Unfall 154095 (2023) Kat:3, Licht: 0","154095","3","6","1","05","17","3","","0","0","1","0","0"
"POINT (10.025188931000059 53.605535377000081)","Unfall 154096 (2023) Kat:3, Licht: 0","154096","3","3","5","05","12","3","","0","0","1","0","0"
"POINT (10.045346601000062 53.589591360000043)","Unfall 154097 (2023) Kat:3, Licht: 0","154097","3","7","0","05","18","3","","0","0","1","0","0"
"POINT (10.017961822000075 53.562766914000065)","Unfall 154098 (2023) Kat:3, Licht: 0","154098","3","3","5","05","17","3","","0","1","1","0","0"
"POINT (9.932191547000059 53.583655431000068)","Unfall 154099 (2023) Kat:3, Licht: 0","154099","3","7","0","05","17","3","","0","1","1","0","0"
"POINT (9.928078708000044 53.592020975000082)","Unfall 154100 (2023) Kat:3, Licht: 0","154100","3","6","2","05","12","3","","0","0","1","0","0"
"POINT (9.860711556000069 53.547803723000072)","Unfall 154101 (2023) Kat:3, Licht: 0","154101","3","4","6","05","17","3","","0","1","0","1","0"
"POINT (9.994319620000056 53.563045258000045)","Unfall 154102 (2023) Kat:3, Licht: 0","154102","3","3","5","05","19","3","","0","0","1","0","1"
"POINT (9.988065827000071 53.582009307000078)","Unfall 154103 (2023) Kat:3, Licht: 0","154103","3","2","6","05","18","3","","0","0","1","1","0"
"POINT (9.989791192000041 53.562723133000077)","Unfall 154104 (2023) Kat:3, Licht: 0","154104","3","4","6","05","08","3","","0","0","1","1","0"
"POINT (9.984735382000054 53.542702424000026)","Unfall 154105 (2023) Kat:3, Licht: 0","154105","3","6","3","05","15","3","","0","0","1","0","0"
"POINT (9.996896427000024 53.547388474000059)","Unfall 154106 (2023) Kat:3, Licht: 0","154106","3","1","0","05","13","3","","0","1","0","0","0"
"POINT (9.975260093000031 53.546964174000038)","Unfall 154107 (2023) Kat:3, Licht: 0","154107","3","7","0","05","09","3","","0","1","0","0","0"