WKT,Name,OBJECTID,UKATEGORIE,UTYP1,UART,UMONAT,USTUNDE,UWOCHENTAG,STRZUSTAND,ULICHTVERH,ISTRAD,ISTPKW,ISTFUSS,ISTKRAD
"POINT (9.968353343000047 53.546086912000078)","Unfall 154108 (2023) Kat:3, Licht: 0","154108","3","6","4","05","10","3","","0","1","1","0","0"
"POINT (9.865255272000070 53.476815061000082)","Unfall 154109 (2023) Kat:3, Licht: 0","154109","3","6","2","05","18","2","","0","0","1","0","0"
"POINT (10.055432937000035 53.565185055000029)","Unfall 154110 (2023) Kat:3, Licht: 0","154110","3","1","9","05","18","3","","0","1","0","0","0"
"POINT (9.894796755000073 53.477374663000035)","Unfall 154111 (2023) Kat:3, Licht: 0","154111","3","7","0","05","16","2","","0","1","0","0","0"
"POINT (9.859517369000059 53.467454701000065)","Unfall 154112 (2023) Kat:3, Licht: 0","154112","3","7","0","05","15","2","","0","0","0","0","0"
"POINT (10.027429791000031 53.503786477000062)","Unfall 154113 (2023) Kat:3, Licht: 0","154113","3","2","5","05","19","2","","0","1","1","0","0"
"POINT (10.189223487000049 53.511370348000071)","Unfall 154114 (2023) Kat:3, Licht: 0","154114","3","3","5","05","14","2","","0","1","1","0","0"
"POINT (10.083294491000061 53.554917293000074)","Unfall 154115 (2023) Kat:3, Licht: 0","154115","3","6","2","05","15","2","","0","0","1","0","0"
"POINT (10.175907171000063 53.609192709000069)","Unfall 154116 (2023) Kat:3, Licht: 0","154116","3","6","4","05","15","2","","0","0","0","0","1"
"POINT (10.073267939000061 53.618008737000082)","Unfall 154117 (2023) Kat:3, Licht: 0","154117","3","3","5","05","17","2","","0","1","1","0","0"
"POINT (10.038513010000031 53.608357904000059)","Unfall 154118 (2023) Kat:3, Licht: 0","154118","3","6","3","05","13","2","","0","0","1","0","0"
"POINT (10.058778043000075 53.597304034000047)","Unfall 154119 (2023) Kat:3, Licht: 0","154119","3","2","4","05","19","2","","0","0","1","0","0"
"POINT (10.074340323000058 53.593982039000082)","Unfall 154120 (2023) Kat:3, Licht: 0","154120","3","6","2","05","16","2","","0","0","1","0","0"
"POINT (10.014754689000029 53.637386722000031)","Unfall 154121 (2023) Kat:3, Licht: 0","154121","3","4","0","05","16","2","","0","0","0","1","1"
"POINT (10.013052174000052 53.644778826000049)","Unfall 154122 (2023) Kat:3, Licht: 0","154122","3","1","0","05","11","2","","0","0","0","0","1"
"POINT (9.997362064000072 53.596562935000065)","Unfall 154123 (2023) Kat:3, Licht: 0","154123","3","3","5","05","13","2","","0","0","1","0","0"
"POINT (10.041330744000049 53.587200684000038)","Unfall 154124 (2023) Kat:3, Licht: 0","154124","3","2","3","05","09","2","","0","1","1","0","0"
"POINT (10.015621054000064 53.562694225000030)","Unfall 154125 (2023) Kat:2, Licht: 0","154125","2","3","5","05","12","2","","0","0","1","0","1"
"POINT (9.890589228000067 53.609190725000076)","Unfall 154126 (2023) Kat:3, Licht: 0","154126","3","6","0","05","14","2","","0","0","1","0","1"
"POINT (9.932200861000069 53.587309074000075)","Unfall 154127 (2023) Kat:3, Licht: 0","154127","3","2","5","05","16","2","","0","1","1","0","0"
"POINT (9.921043942000040 53.597464619000050)","Unfall 154128 (2023) Kat:3, Licht: 0","154128","3","2","3","05","15","2","","0","0","1","0","0"
"POINT (9.877253650000057 53.565375666000079)","Unfall 154129 (2023) Kat:3, Licht: 0","154129","3","3","5","05","15","2","","0","1","1","0","0"
"POINT (9.925488124000026 53.558664410000063)","Unfall 154130 (2023) Kat:3, Licht: 0","154130","3","7","0","05","17","2","","0","0","0","0","0"
"POINT (9.994552725000062 53.571852098000079)","Unfall 154131 (2023) Kat:3, Licht: 2","154131","3","2","4","05","22","2","","2","0","1","0","1"
"POINT (9.989925254000070 53.561898204000045)","Unfall 154132 (2023) Kat:3, Licht: 0","154132","3","7","3","05","13","2","","0","0","1","0","1"
"POINT (9.988867376000030 53.574266593000061)","Unfall 154133 (2023) Kat:3, Licht: 0","154133","3","2","6","05","17","2","","0","0","0","1","0"
"POINT (9.958278484000061 53.562275639000063)","Unfall 154134 (2023) Kat:3, Licht: 0","154134","3","7","1","05","12","2","","0","1","1","0","0"
"POINT (9.975848112000051 53.558358249000037)","Unfall 154135 (2023) Kat:3, Licht: 0","154135","3","7","3","05","12","2","","0","1","1","0","0"
"POINT (9.998182615000076 53.544347586000072)","Unfall 154136 (2023) Kat:3, Licht: 0","154136","3","6","2","05","16","2","","0","0","0","0","1"
"POINT (10.011742289000040 53.523125940000057)","Unfall 154137 (2023) Kat:3, Licht: 0","154137","3","6","2","05","10","2","","0","0","1","0","0"
"POINT (10.102970842000047 53.557822566000027)","Unfall 154138 (2023) Kat:3, Licht: 0","154138","3","7","0","05","20","1","","0","0","0","0","0"
"POINT (10.006639099000040 53.617131692000044)","Unfall 154139 (2023) Kat:3, Licht: 0","154139","3","6","6","05","10","1","","0","0","1","1","0"
"POINT (9.947786811000071 53.552325696000082)","Unfall 154140 (2023) Kat:3, Licht: 2","154140","3","5","1","05","21","1","","2","0","1","0","0"
"POINT (9.937045490000060 53.552222901000050)","Unfall 154141 (2023) Kat:3, Licht: 1","154141","3","7","0","05","20","1","","1","1","0","0","0"
"POINT (10.006460106000077 53.551834640000038)","Unfall 154142 (2023) Kat:3, Licht: 0","154142","3","6","2","05","13","1","","0","0","1","0","0"
"POINT (10.006105216000037 53.520606500000042)","Unfall 154143 (2023) Kat:3, Licht: 0","154143","3","4","6","05","18","7","","0","0","0","1","0"
"POINT (10.126302885000030 53.482943484000032)","Unfall 154144 (2023) Kat:3, Licht: 0","154144","3","6","4","05","14","7","","0","0","1","0","0"
"POINT (10.211367249000034 53.485466480000071)","Unfall 154145 (2023) Kat:3, Licht: 0","154145","3","5","6","05","12","7","","0","0","1","1","0"
"POINT (10.083286733000023 53.555171230000042)","Unfall 154146 (2023) Kat:3, Licht: 2","154146","3","6","2","05","23","7","","2","0","1","0","0"
"POINT (10.106984942000054 53.542780786000037)","Unfall 154147 (2023) Kat:3, Licht: 0","154147","3","3","6","05","18","7","","0","1","0","1","0"
"POINT (10.156992873000036 53.614258737000057)","Unfall 154148 (2023) Kat:3, Licht: 0","154148","3","5","5","06","08","5","","0","0","1","0","1"
"POINT (10.154775169000061 53.524187659000063)","Unfall 154149 (2023) Kat:3, Licht: 0","154149","3","4","6","05","16","7","","0","1","0","1","0"
"POINT (10.095420635000039 53.547796034000044)","Unfall 154150 (2023) Kat:3, Licht: 0","154150","3","7","0","05","12","7","","0","1","0","0","0"
"POINT (9.962578082000050 53.590950993000035)","Unfall 154151 (2023) Kat:3, Licht: 0","154151","3","5","3","05","18","2","","0","1","1","0","0"
"POINT (10.010198897000066 53.638688198000068)","Unfall 154152 (2023) Kat:3, Licht: 2","154152","3","6","4","05","23","7","","2","0","1","0","0"
"POINT (9.887126598000066 53.598840549000045)","Unfall 154153 (2023) Kat:3, Licht: 2","154153","3","2","6","05","00","7","","2","0","0","1","0"
"POINT (9.954372779000039 53.553276154000059)","Unfall 154154 (2023) Kat:3, Licht: 2","154154","3","4","6","05","23","7","","2","1","0","1","0"
"POINT (9.955664555000055 53.551728382000078)","Unfall 154155 (2023) Kat:3, Licht: 2","154155","3","2","4","05","23","7","","2","0","1","0","0"
"POINT (9.857920355000033 53.598133195000059)","Unfall 154156 (2023) Kat:3, Licht: 0","154156","3","2","3","06","14","6","","0","1","1","0","0"
"POINT (9.967214893000062 53.549864624000065)","Unfall 154157 (2023) Kat:3, Licht: 0","154157","3","3","5","05","19","7","","0","1","1","0","0"
"POINT (10.013690005000058 53.554202054000029)","Unfall 154158 (2023) Kat:3, Licht: 0","154158","3","6","2","05","16","7","","0","0","1","0","0"
"POINT (10.005841002000068 53.552063498000052)","Unfall 154159 (2023) Kat:3, Licht: 0","154159","3","7","0","05","16","7","","0","1","0","0","0"
"POINT (9.977722133000043 53.571608896000043)","Unfall 154160 (2023) Kat:2, Licht: 0","154160","2","6","3","06","09","6","","0","1","0","0","0"
"POINT (9.912237828000059 53.512714690000053)","Unfall 154161 (2023) Kat:3, Licht: 0","154161","3","6","2","05","13","6","","0","0","1","0","0"
"POINT (9.885184899000024 53.499647416000073)","Unfall 154162 (2023) Kat:3, Licht: 0","154162","3","5","1","05","08","6","","0","0","1","0","0"
"POINT (10.079755287000069 53.576081337000062)","Unfall 154163 (2023) Kat:3, Licht: 2","154163","3","7","3","05","21","6","","2","0","1","0","0"
"POINT (10.097651019000068 53.593619591000049)","Unfall 154164 (2023) Kat:3, Licht: 0","154164","3","3","5","05","14","6","","0","0","1","0","0"
"POINT (10.085236676000022 53.626082793000080)","Unfall 154165 (2023) Kat:3, Licht: 0","154165","3","4","6","05","11","6","","0","1","0","1","0"
"POINT (10.072118734000071 53.596892983000032)","Unfall 154166 (2023) Kat:3, Licht: 0","154166","3","3","0","05","08","6","","0","1","0","0","0"
"POINT (10.085180140000034 53.602900691000059)","Unfall 154167 (2023) Kat:3, Licht: 0","154167","3","7","0","05","14","6","","0","1","0","0","0"
"POINT (10.167245766000065 53.605810863000045)","Unfall 154168 (2023) Kat:3, Licht: 0","154168","3","2","6","05","16","3","","0","0","1","1","0"
"POINT (9.996733053000071 53.599252231000037)","Unfall 154169 (2023) Kat:2, Licht: 0","154169","2","1","0","05","11","6","","0","0","0","0","0"
"POINT (9.869690513000023 53.593970498000033)","Unfall 154170 (2023) Kat:3, Licht: 0","154170","3","6","3","05","09","6","","0","0","1","0","0"
"POINT (9.942540013000041 53.635204669000075)","Unfall 154171 (2023) Kat:3, Licht: 0","154171","3","5","3","05","07","6","","0","1","1","0","0"
"POINT (9.964288248000059 53.603547408000054)","Unfall 154172 (2023) Kat:3, Licht: 0","154172","3","5","1","05","13","6","","0","0","1","0","0"
"POINT (9.958994092000069 53.572190915000078)","Unfall 154173 (2023) Kat:2, Licht: 0","154173","2","6","2","05","08","6","","0","1","0","0","0"
"POINT (9.978456944000072 53.607242975000077)","Unfall 154174 (2023) Kat:3, Licht: 0","154174","3","7","0","05","11","6","","0","0","0","0","1"
"POINT (9.946859793000044 53.551403272000073)","Unfall 154175 (2023) Kat:3, Licht: 0","154175","3","1","0","05","17","6","","0","1","0","0","0"
"POINT (9.995439688000033 53.543623100000048)","Unfall 154176 (2023) Kat:3, Licht: 0","154176","3","6","2","05","14","6","","0","0","1","0","0"
"POINT (10.113119971000060 53.478826496000067)","Unfall 154177 (2023) Kat:3, Licht: 0","154177","3","7","0","05","08","5","","0","1","0","0","0"
"POINT (10.065296318000037 53.472420083000031)","Unfall 154178 (2023) Kat:2, Licht: 0","154178","2","7","8","05","19","5","","0","1","0","0","0"
"POINT (10.078926898000077 53.550080629000036)","Unfall 154179 (2023) Kat:3, Licht: 0","154179","3","6","3","05","14","5","","0","0","1","0","0"
"POINT (10.106782283000030 53.591669488000036)","Unfall 154180 (2023) Kat:3, Licht: 0","154180","3","7","0","05","18","5","","0","1","0","0","0"
"POINT (10.078272564000031 53.589293970000028)","Unfall 154181 (2023) Kat:3, Licht: 0","154181","3","3","5","06","15","5","","0","0","1","0","0"
"POINT (10.122523158000035 53.626790234000055)","Unfall 154182 (2023) Kat:3, Licht: 0","154182","3","2","5","05","11","5","","0","0","1","0","1"
"POINT (10.138935831000026 53.600173821000055)","Unfall 154183 (2023) Kat:3, Licht: 0","154183","3","5","1","05","12","5","","0","1","1","0","0"
"POINT (10.065627616000029 53.571354539000026)","Unfall 154184 (2023) Kat:2, Licht: 2","154184","2","4","6","05","22","5","","2","0","1","1","0"
"POINT (10.162667740000074 53.648236577000034)","Unfall 154185 (2023) Kat:3, Licht: 0","154185","3","7","6","05","09","5","","0","0","1","1","0"
"POINT (10.005825927000046 53.585887638000031)","Unfall 154186 (2023) Kat:3, Licht: 0","154186","3","1","0","05","17","5","","0","1","0","0","0"
"POINT (10.017618742000025 53.563010533000067)","Unfall 154187 (2023) Kat:3, Licht: 2","154187","3","1","8","05","22","5","","2","0","1","0","0"
"POINT (9.948233278000032 53.622410303000038)","Unfall 154188 (2023) Kat:3, Licht: 0","154188","3","3","5","05","07","5","","0","1","1","0","0"
"POINT (9.958918336000067 53.574724450000076)","Unfall 154189 (2023) Kat:3, Licht: 1","154189","3","6","3","05","20","5","","1","1","1","0","0"
"POINT (10.011963968000032 53.639458378000029)","Unfall 154190 (2023) Kat:3, Licht: 0","154190","3","7","0","05","12","4","","0","0","0","0","0"
"POINT (9.951887956000064 53.576937948000079)","Unfall 154191 (2023) Kat:3, Licht: 0","154191","3","6","6","05","19","4","","0","1","0","1","1"
"POINT (9.984593976000042 53.604552624000064)","Unfall 154192 (2023) Kat:3, Licht: 0","154192","3","2","3","05","09","5","","0","1","1","0","0"
"POINT (9.949232682000059 53.555762932000050)","Unfall 154193 (2023) Kat:2, Licht: 2","154193","2","6","3","05","22","5","","2","1","0","0","0"
"POINT (9.942036291000022 53.555104324000069)","Unfall 154194 (2023) Kat:3, Licht: 0","154194","3","7","0","05","13","5","","0","0","1","0","0"
"POINT (9.992679475000045 53.566549596000073)","Unfall 154195 (2023) Kat:3, Licht: 0","154195","3","3","5","05","16","5","","0","1","1","0","0"
"POINT (9.986443807000057 53.582622089000040)","Unfall 154196 (2023) Kat:3, Licht: 0","154196","3","2","3","05","16","5","","0","1","1","0","0"
"POINT (9.988683012000024 53.573668998000073)","Unfall 154197 (2023) Kat:3, Licht: 0","154197","3","6","2","05","14","5","","0","0","0","0","1"
"POINT (9.961858242000062 53.549532096000064)","Unfall 154198 (2023) Kat:3, Licht: 2","154198","3","4","2","05","21","5","","2","0","1","1","1"
"POINT (9.985871421000070 53.547264376000044)","Unfall 154199 (2023) Kat:3, Licht: 0","154199","3","2","3","05","10","5","","0","1","0","0","0"
"POINT (10.008487971000022 53.550486678000027)","Unfall 154200 (2023) Kat:3, Licht: 0","154200","3","2","3","06","17","6","","0","1","1","0","0"
"POINT (10.013544199000023 53.561277982000036)","Unfall 154201 (2023) Kat:3, Licht: 0","154201","3","3","5","05","08","5","","0","1","1","0","0"
"POINT (10.008551546000035 53.552107308000075)","Unfall 154202 (2023) Kat:3, Licht: 0","154202","3","3","5","05","19","5","","0","0","1","0","0"
"POINT (10.193796684000063 53.492386035000038)","Unfall 154203 (2023) Kat:3, Licht: 0","154203","3","1","0","05","13","4","","0","1","0","0","0"
"POINT (10.158612973000061 53.489841165000030)","Unfall 154204 (2023) Kat:3, Licht: 0","154204","3","3","5","05","08","4","","0","1","1","0","0"
"POINT (10.026589775000048 53.553866962000029)","Unfall 154205 (2023) Kat:3, Licht: 0","154205","3","2","4","05","11","4","","0","1","0","0","0"
"POINT (10.126841599000045 53.603621178000026)","Unfall 154206 (2023) Kat:3, Licht: 0","154206","3","6","4","05","19","4","","0","1","0","0","0"
"POINT (10.130419287000052 53.571088634000034)","Unfall 154207 (2023) Kat:3, Licht: 0","154207","3","2","3","05","08","4","","0","0","1","0","0"
"POINT (10.165260325000077 53.605689063000057)","Unfall 154208 (2023) Kat:3, Licht: 0","154208","3","7","0","05","07","4","","0","1","0","0","0"
"POINT (10.097457687000031 53.588692852000065)","Unfall 154209 (2023) Kat:3, Licht: 0","154209","3","2","3","05","17","4","","0","1","1","0","0"
"POINT (10.076178072000062 53.614424804000066)","Unfall 154210 (2023) Kat:3, Licht: 0","154210","3","4","6","05","09","4","","0","0","0","1","0"
"POINT (9.997605659000044 53.596124188000033)","Unfall 154211 (2023) Kat:3, Licht: 0","154211","3","7","1","05","14","4","","0","1","1","0","0"
"POINT (10.042118915000060 53.598492020000037)","Unfall 154212 (2023) Kat:3, Licht: 0","154212","3","7","8","05","16","4","","0","0","1","0","0"
"POINT (9.910284725000054 53.610664672000041)","Unfall 154213 (2023) Kat:3, Licht: 0","154213","3","2","4","05","15","4","","0","1","1","0","0"
"POINT (9.931560522000041 53.600893040000074)","Unfall 154214 (2023) Kat:3, Licht: 0","154214","3","6","2","05","15","4","","0","0","1","0","1"
"POINT (9.902605255000026 53.608101511000029)","Unfall 154215 (2023) Kat:2, Licht: 0","154215","2","4","6","05","10","4","","0","0","1","1","0"
"POINT (9.898189694000052 53.549623944000075)","Unfall 154216 (2023) Kat:3, Licht: 0","154216","3","6","2","05","07","4","","0","1","1","0","0"
"POINT (9.949612709000064 53.629487857000072)","Unfall 154217 (2023) Kat:3, Licht: 0","154217","3","5","1","05","14","4","","0","1","0","0","0"
"POINT (10.066803458000038 53.587043920000042)","Unfall 154218 (2023) Kat:3, Licht: 0","154218","3","6","2","05","13","7","","0","0","1","0","0"
"POINT (9.932842334000043 53.544682107000028)","Unfall 154219 (2023) Kat:3, Licht: 0","154219","3","7","0","05","14","4","","0","1","0","0","0"
"POINT (9.917108058000053 53.546329594000042)","Unfall 154220 (2023) Kat:3, Licht: 0","154220","3","3","5","05","13","4","","0","1","0","0","1"
"POINT (9.968309348000048 53.574092421000046)","Unfall 154221 (2023) Kat:3, Licht: 0","154221","3","7","0","05","16","4","","0","1","1","0","0"
"POINT (9.994879535000052 53.550532675000056)","Unfall 154222 (2023) Kat:3, Licht: 0","154222","3","6","2","05","17","4","","0","1","1","0","0"
"POINT (9.988479768000047 53.558176707000030)","Unfall 154223 (2023) Kat:3, Licht: 0","154223","3","6","2","05","08","4","","0","0","1","0","0"
"POINT (10.012616901000058 53.557274219000078)","Unfall 154224 (2023) Kat:3, Licht: 0","154224","3","3","0","05","19","4","","0","0","0","0","1"
"POINT (9.864233031000026 53.476831565000055)","Unfall 154225 (2023) Kat:2, Licht: 0","154225","2","6","4","05","14","3","","0","0","1","0","0"
"POINT (10.107148301000052 53.541981722000060)","Unfall 154226 (2023) Kat:3, Licht: 0","154226","3","7","0","05","10","3","","0","0","0","0","0"
"POINT (10.075155239000026 53.612770157000057)","Unfall 154227 (2023) Kat:3, Licht: 0","154227","3","7","0","05","14","7","","0","1","0","0","0"
"POINT (10.011573526000063 53.546921646000044)","Unfall 154228 (2023) Kat:3, Licht: 0","154228","3","6","3","05","15","3","","0","0","1","0","0"
"POINT (10.008795103000068 53.648165886000072)","Unfall 154229 (2023) Kat:3, Licht: 0","154229","3","3","5","05","15","3","","0","1","1","0","0"
"POINT (10.023624738000024 53.626334574000055)","Unfall 154230 (2023) Kat:3, Licht: 0","154230","3","3","5","05","18","3","","0","0","1","0","0"
"POINT (9.926243133000071 53.564317599000049)","Unfall 154231 (2023) Kat:2, Licht: 0","154231","2","7","0","05","13","3","","0","0","0","0","0"
"POINT (9.971769070000050 53.581884752000065)","Unfall 154232 (2023) Kat:3, Licht: 0","154232","3","3","5","05","18","3","","0","1","1","0","0"
"POINT (9.941479114000060 53.551876229000072)","Unfall 154233 (2023) Kat:3, Licht: 0","154233","3","5","1","05","11","3","","0","1","0","0","0"
"POINT (9.970098919000066 53.551015092000057)","Unfall 154234 (2023) Kat:3, Licht: 0","154234","3","6","3","05","08","3","","0","1","1","0","0"
"POINT (10.008942960000070 53.559112981000055)","Unfall 154235 (2023) Kat:3, Licht: 0","154235","3","2","3","05","09","3","","0","1","0","0","0"
"POINT (9.997679040000037 53.480309002000070)","Unfall 154236 (2023) Kat:3, Licht: 2","154236","3","6","2","05","22","2","","2","0","1","0","0"
"POINT (10.020521197000051 53.484369907000030)","Unfall 154237 (2023) Kat:2, Licht: 0","154237","2","4","6","05","15","2","","0","0","0","1","0"
"POINT (10.149592707000068 53.559467627000060)","Unfall 154238 (2023) Kat:3, Licht: 0","154238","3","6","2","05","16","2","","0","0","1","0","0"
"POINT (10.020807190000028 53.550473520000082)","Unfall 154239 (2023) Kat:3, Licht: 2","154239","3","3","5","05","20","2","","2","0","1","0","0"
"POINT (10.036444767000035 53.535676416000058)","Unfall 154240 (2023) Kat:3, Licht: 2","154240","3","6","3","05","00","7","","2","0","1","0","0"
"POINT (10.031199109000056 53.536845702000051)","Unfall 154241 (2023) Kat:3, Licht: 0","154241","3","3","5","05","13","2","","0","1","1","0","0"
"POINT (10.063879867000026 53.599786439000070)","Unfall 154242 (2023) Kat:3, Licht: 0","154242","3","7","6","05","18","2","","0","0","0","1","0"
"POINT (10.082216886000026 53.608113393000053)","Unfall 154243 (2023) Kat:3, Licht: 0","154243","3","6","4","05","07","2","","0","0","1","0","0"
"POINT (10.015881232000027 53.589328107000028)","Unfall 154244 (2023) Kat:3, Licht: 0","154244","3","1","0","05","12","2","","0","1","0","0","0"
"POINT (10.050269097000069 53.572975422000070)","Unfall 154245 (2023) Kat:3, Licht: 0","154245","3","2","3","05","16","2","","0","0","1","0","0"
"POINT (9.903496057000041 53.608936130000075)","Unfall 154246 (2023) Kat:3, Licht: 0","154246","3","7","8","05","14","2","","0","0","1","0","0"
"POINT (9.932698911000045 53.615735630000074)","Unfall 154247 (2023) Kat:3, Licht: 0","154247","3","2","3","05","13","2","","0","1","0","0","1"
"POINT (10.001615852000043 53.550582618000078)","Unfall 154248 (2023) Kat:3, Licht: 0","154248","3","7","0","05","16","2","","0","1","0","0","0"
"POINT (10.005221979000055 53.510691609000048)","Unfall 154249 (2023) Kat:3, Licht: 0","154249","3","6","2","04","14","1","","0","0","1","0","0"
"POINT (10.188446764000048 53.608162585000059)","Unfall 154250 (2023) Kat:3, Licht: 0","154250","3","1","8","04","19","1","","0","0","1","0","0"
"POINT (10.038581670000042 53.608413128000052)","Unfall 154251 (2023) Kat:3, Licht: 0","154251","3","3","5","04","06","1","","0","0","1","0","0"
"POINT (10.124002139000027 53.671257962000027)","Unfall 154252 (2023) Kat:1, Licht: 0","154252","1","3","5","04","15","1","","0","0","1","0","1"
"POINT (10.008824194000056 53.623403013000029)","Unfall 154253 (2023) Kat:3, Licht: 2","154253","3","1","0","04","21","1","","2","0","0","0","0"
"POINT (9.961750919000053 53.459457681000060)","Unfall 154254 (2023) Kat:3, Licht: 0","154254","3","3","5","05","13","7","","0","1","1","0","0"
"POINT (10.010460084000044 53.623858318000032)","Unfall 154255 (2023) Kat:3, Licht: 0","154255","3","3","5","04","18","1","","0","0","1","0","0"
"POINT (10.016540011000075 53.562082352000061)","Unfall 154256 (2023) Kat:3, Licht: 0","154256","3","3","5","04","17","1","","0","1","1","0","0"
"POINT (10.012110449000033 53.569429587000059)","Unfall 154257 (2023) Kat:3, Licht: 0","154257","3","6","3","04","17","1","","0","1","0","0","0"
"POINT (10.040832893000072 53.601555609000059)","Unfall 154258 (2023) Kat:3, Licht: 0","154258","3","2","3","06","19","7","","0","1","1","0","0"
"POINT (9.900133628000049 53.609495611000057)","Unfall 154259 (2023) Kat:3, Licht: 0","154259","3","1","0","04","17","1","","0","0","0","0","0"
"POINT (9.956578928000056 53.570271470000080)","Unfall 154260 (2023) Kat:3, Licht: 1","154260","3","6","3","04","20","1","","1","0","1","0","0"
"POINT (10.050036572000067 53.592149344000063)","Unfall 154261 (2023) Kat:3, Licht: 0","154261","3","2","3","06","19","7","","0","0","1","0","0"
"POINT (9.947314528000049 53.580524365000031)","Unfall 154262 (2023) Kat:3, Licht: 0","154262","3","6","6","04","13","1","","0","0","0","1","1"
"POINT (9.987923236000029 53.581974345000049)","Unfall 154263 (2023) Kat:3, Licht: 2","154263","3","3","5","04","02","1","","2","1","1","0","0"
"POINT (9.878843079000035 53.531893771000057)","Unfall 154264 (2023) Kat:3, Licht: 0","154264","3","2","3","04","18","7","","0","0","1","0","1"
"POINT (9.985000516000071 53.499753960000078)","Unfall 154265 (2023) Kat:3, Licht: 2","154265","3","7","0","04","22","7","","2","1","0","0","0"
"POINT (10.098907148000023 53.541182647000028)","Unfall 154266 (2023) Kat:3, Licht: 0","154266","3","7","3","04","11","7","","0","0","1","0","0"
"POINT (10.036878511000054 53.536782337000034)","Unfall 154267 (2023) Kat:3, Licht: 2","154267","3","6","6","04","23","7","","2","0","0","1","0"
"POINT (10.180777343000045 53.589123310000048)","Unfall 154268 (2023) Kat:2, Licht: 2","154268","2","4","6","04","22","7","","2","0","1","1","0"
"POINT (10.115978614000028 53.610380099000054)","Unfall 154269 (2023) Kat:3, Licht: 0","154269","3","5","3","04","15","7","","0","1","1","0","0"
"POINT (10.061890183000060 53.568990355000039)","Unfall 154270 (2023) Kat:3, Licht: 0","154270","3","2","4","04","14","7","","0","0","1","0","0"
"POINT (9.969287363000035 53.580805710000050)","Unfall 154271 (2023) Kat:3, Licht: 0","154271","3","7","0","05","10","5","","0","0","1","0","1"
"POINT (10.098341705000053 53.579337632000033)","Unfall 154272 (2023) Kat:2, Licht: 0","154272","2","1","9","04","07","7","","0","0","1","0","0"
"POINT (9.997036189000028 53.648385006000069)","Unfall 154273 (2023) Kat:3, Licht: 0","154273","3","6","2","04","11","7","","0","0","1","0","0"
"POINT (9.902503027000023 53.608030493000058)","Unfall 154274 (2023) Kat:3, Licht: 0","154274","3","3","5","04","09","7","","0","1","0","0","0"
"POINT (9.926711971000032 53.571907342000031)","Unfall 154275 (2023) Kat:3, Licht: 0","154275","3","6","2","04","08","7","","0","0","1","0","0"
"POINT (9.951447078000058 53.623916327000074)","Unfall 154276 (2023) Kat:3, Licht: 0","154276","3","3","5","04","12","7","","0","1","1","0","0"
"POINT (9.977479405000054 53.578368035000040)","Unfall 154277 (2023) Kat:2, Licht: 0","154277","2","1","0","04","18","7","","0","1","0","0","0"
"POINT (9.978478386000063 53.565551210000081)","Unfall 154278 (2023) Kat:2, Licht: 0","154278","2","4","6","04","15","7","","0","0","1","1","0"
"POINT (9.968284170000061 53.566886188000069)","Unfall 154279 (2023) Kat:3, Licht: 2","154279","3","6","4","04","23","7","","2","1","0","0","0"
"POINT (9.965188071000057 53.548298877000036)","Unfall 154280 (2023) Kat:3, Licht: 2","154280","3","7","0","04","22","7","","2","0","0","0","0"
"POINT (10.006377555000029 53.547743094000054)","Unfall 154281 (2023) Kat:3, Licht: 0","154281","3","6","6","04","11","7","","0","1","0","1","0"
"POINT (10.019686224000054 53.528866097000048)","Unfall 154282 (2023) Kat:3, Licht: 0","154282","3","6","3","04","12","7","","0","0","1","0","1"
"POINT (9.876642048000065 53.533449843000028)","Unfall 154283 (2023) Kat:2, Licht: 0","154283","2","7","0","04","17","6","","0","1","0","0","0"
"POINT (9.963107889000071 53.469160260000081)","Unfall 154284 (2023) Kat:3, Licht: 0","154284","3","2","6","04","13","6","","0","0","1","1","0"
"POINT (10.017735992000041 53.463373965000073)","Unfall 154285 (2023) Kat:3, Licht: 0","154285","3","6","3","04","08","6","","0","0","1","0","0"
"POINT (10.080802077000044 53.516506462000052)","Unfall 154286 (2023) Kat:3, Licht: 0","154286","3","2","2","04","12","6","","0","0","1","0","0"
"POINT (10.034323440000037 53.606305182000028)","Unfall 154287 (2023) Kat:3, Licht: 2","154287","3","3","5","04","22","6","","2","0","1","0","1"
"POINT (10.077431208000064 53.608610265000038)","Unfall 154288 (2023) Kat:3, Licht: 0","154288","3","6","2","04","07","6","","0","0","1","0","0"
"POINT (10.053785251000022 53.604918427000030)","Unfall 154289 (2023) Kat:3, Licht: 0","154289","3","5","5","04","12","6","","0","1","1","0","0"
"POINT (10.116056716000060 53.706785639000032)","Unfall 154290 (2023) Kat:3, Licht: 0","154290","3","6","2","04","11","6","","0","0","1","0","0"
"POINT (10.001064485000029 53.676952274000030)","Unfall 154291 (2023) Kat:3, Licht: 2","154291","3","3","5","04","22","6","","2","0","1","0","0"
"POINT (10.057402425000021 53.673278569000047)","Unfall 154292 (2023) Kat:3, Licht: 0","154292","3","2","4","05","08","3","","0","0","1","0","0"
"POINT (10.012916475000054 53.642887287000065)","Unfall 154293 (2023) Kat:3, Licht: 2","154293","3","6","2","04","20","6","","2","0","1","0","1"