WKT,Name,OBJECTID,UKATEGORIE,UTYP1,UART,UMONAT,USTUNDE,UWOCHENTAG,STRZUSTAND,ULICHTVERH,ISTRAD,ISTPKW,ISTFUSS,ISTKRAD
"POINT (10.025707387000068 53.559551128000066)","Unfall 154294 (2023) Kat:3, Licht: 0","154294","3","6","2","04","16","6","","0","0","1","0","0"
"POINT (10.042735525000069 53.597413189000065)","Unfall 154295 (2023) Kat:2, Licht: 0","154295","2","6","3","04","14","6","","0","0","1","0","0"
"POINT (9.893589573000042 53.620272733000036)","Unfall 154296 (2023) Kat:3, Licht: 2","154296","3","3","5","04","21","6","","2","0","1","0","0"
"POINT (9.934958292000033 53.576762774000031)","Unfall 154297 (2023) Kat:3, Licht: 1","154297","3","1","0","04","18","6","","1","1","0","0","0"
"POINT (9.961309261000054 53.550433479000048)","Unfall 154298 (2023) Kat:3, Licht: 2","154298","3","4","6","05","00","2","","2","0","1","1","0"
"POINT (9.823635237000076 53.560643998000046)","Unfall 154299 (2023) Kat:3, Licht: 0","154299","3","2","6","04","15","6","","0","0","1","1","0"
"POINT (10.018686312000057 53.491679430000033)","Unfall 154300 (2023) Kat:3, Licht: 0","154300","3","6","2","04","12","5","","0","0","1","0","0"
"POINT (10.037365251000040 53.608198962000074)","Unfall 154301 (2023) Kat:3, Licht: 0","154301","3","6","0","04","15","5","","0","0","1","0","0"
"POINT (10.009832063000033 53.583432829000060)","Unfall 154302 (2023) Kat:3, Licht: 2","154302","3","3","5","04","21","5","","2","1","0","0","1"
"POINT (9.887179173000050 53.614599056000031)","Unfall 154303 (2023) Kat:3, Licht: 0","154303","3","7","6","04","15","5","","0","0","1","1","0"
"POINT (9.853096403000052 53.584870598000066)","Unfall 154304 (2023) Kat:3, Licht: 0","154304","3","1","0","04","14","5","","0","0","0","0","0"
"POINT (9.949874436000073 53.623553940000079)","Unfall 154305 (2023) Kat:3, Licht: 0","154305","3","2","3","04","16","5","","0","1","1","0","0"
"POINT (9.954549181000061 53.621217035000029)","Unfall 154306 (2023) Kat:3, Licht: 0","154306","3","5","5","04","08","5","","0","0","1","0","0"
"POINT (9.995942829000057 53.550527691000070)","Unfall 154307 (2023) Kat:3, Licht: 0","154307","3","4","6","04","18","5","","0","1","0","1","0"
"POINT (10.006628567000064 53.549953382000069)","Unfall 154308 (2023) Kat:3, Licht: 0","154308","3","6","2","04","17","5","","0","0","1","0","0"
"POINT (10.020521836000057 53.550785442000063)","Unfall 154309 (2023) Kat:3, Licht: 0","154309","3","5","5","04","09","5","","0","1","1","0","0"
"POINT (9.973686854000050 53.528159164000044)","Unfall 154310 (2023) Kat:2, Licht: 0","154310","2","2","3","04","07","5","","0","1","0","0","0"
"POINT (9.973043782000047 53.456488523000075)","Unfall 154311 (2023) Kat:3, Licht: 0","154311","3","7","0","04","12","4","","0","1","0","0","0"
"POINT (9.979733025000030 53.588010788000076)","Unfall 154312 (2023) Kat:1, Licht: 0","154312","1","7","6","06","13","2","","0","0","0","1","0"
"POINT (10.211013897000043 53.488605888000052)","Unfall 154313 (2023) Kat:3, Licht: 0","154313","3","6","4","04","16","4","","0","1","0","0","0"
"POINT (10.006922035000059 53.545872939000049)","Unfall 154314 (2023) Kat:3, Licht: 0","154314","3","3","5","05","08","5","","0","1","1","0","0"
"POINT (10.207590942000024 53.491831844000046)","Unfall 154315 (2023) Kat:3, Licht: 0","154315","3","6","2","04","11","4","","0","0","1","0","0"
"POINT (10.068874824000034 53.553304808000064)","Unfall 154316 (2023) Kat:3, Licht: 0","154316","3","3","5","04","15","4","","0","1","1","0","0"
"POINT (10.149445933000038 53.615586402000076)","Unfall 154317 (2023) Kat:3, Licht: 0","154317","3","3","5","04","17","4","","0","0","1","0","0"
"POINT (9.858252502000028 53.582268337000073)","Unfall 154318 (2023) Kat:3, Licht: 0","154318","3","3","5","05","17","2","","0","1","0","0","0"
"POINT (10.086183241000072 53.580633630000079)","Unfall 154319 (2023) Kat:3, Licht: 0","154319","3","6","2","04","10","4","","0","0","1","0","0"
"POINT (10.059259422000025 53.573340950000045)","Unfall 154320 (2023) Kat:3, Licht: 0","154320","3","7","3","04","17","4","","0","0","1","0","1"
"POINT (10.067663834000030 53.608533540000053)","Unfall 154321 (2023) Kat:3, Licht: 0","154321","3","1","0","04","20","4","","0","0","0","0","1"
"POINT (10.092712414000061 53.629146222000031)","Unfall 154322 (2023) Kat:3, Licht: 2","154322","3","1","0","04","22","4","","2","1","0","0","0"
"POINT (10.021593435000057 53.578001525000047)","Unfall 154323 (2023) Kat:3, Licht: 0","154323","3","3","5","04","09","4","","0","1","0","0","1"
"POINT (10.033181137000042 53.575255442000071)","Unfall 154324 (2023) Kat:3, Licht: 0","154324","3","6","1","04","15","4","","0","0","1","0","0"
"POINT (10.072139868000022 53.573744752000039)","Unfall 154325 (2023) Kat:3, Licht: 0","154325","3","7","3","04","11","4","","0","0","1","0","0"
"POINT (10.048949464000032 53.568163208000044)","Unfall 154326 (2023) Kat:3, Licht: 0","154326","3","7","0","04","09","4","","0","0","0","0","1"
"POINT (9.924957864000021 53.591798511000036)","Unfall 154327 (2023) Kat:2, Licht: 1","154327","2","4","6","04","05","4","","1","0","1","1","0"
"POINT (9.852363626000056 53.590725050000060)","Unfall 154328 (2023) Kat:3, Licht: 0","154328","3","3","5","04","17","4","","0","1","1","0","0"
"POINT (9.915938846000074 53.553863979000027)","Unfall 154329 (2023) Kat:3, Licht: 0","154329","3","7","2","04","15","4","","0","1","0","0","0"
"POINT (9.871191542000076 53.586147718000063)","Unfall 154330 (2023) Kat:3, Licht: 0","154330","3","6","2","04","08","4","","0","0","0","0","0"
"POINT (9.976710342000047 53.589274946000046)","Unfall 154331 (2023) Kat:3, Licht: 0","154331","3","6","2","04","12","4","","0","0","1","0","0"
"POINT (10.041550064000035 53.550926250000032)","Unfall 154332 (2023) Kat:3, Licht: 0","154332","3","2","3","06","08","5","","0","1","0","0","0"
"POINT (9.875830176000022 53.586283548000040)","Unfall 154333 (2023) Kat:3, Licht: 0","154333","3","3","5","05","09","2","","0","1","0","0","0"
"POINT (9.962306794000028 53.599655041000062)","Unfall 154334 (2023) Kat:3, Licht: 0","154334","3","1","0","04","07","4","","0","0","0","0","1"
"POINT (9.930920635000064 53.546554123000078)","Unfall 154335 (2023) Kat:3, Licht: 0","154335","3","7","6","04","16","4","","0","1","0","1","0"
"POINT (9.952800522000075 53.566350508000028)","Unfall 154336 (2023) Kat:3, Licht: 0","154336","3","5","5","04","18","4","","0","1","0","0","0"
"POINT (9.972572953000054 53.557010248000040)","Unfall 154337 (2023) Kat:3, Licht: 0","154337","3","2","4","04","16","4","","0","0","1","0","0"
"POINT (9.996979843000076 53.477038871000047)","Unfall 154338 (2023) Kat:3, Licht: 0","154338","3","6","2","04","13","3","","0","0","1","0","0"
"POINT (10.211321378000036 53.500489543000072)","Unfall 154339 (2023) Kat:2, Licht: 0","154339","2","7","0","04","13","3","","0","1","0","0","0"
"POINT (10.083784634000040 53.538934497000071)","Unfall 154340 (2023) Kat:3, Licht: 0","154340","3","2","2","04","15","3","","0","0","1","0","0"
"POINT (10.098536000000024 53.590016336000076)","Unfall 154341 (2023) Kat:2, Licht: 0","154341","2","3","5","04","09","3","","0","1","1","0","0"
"POINT (10.060286218000044 53.597249055000077)","Unfall 154342 (2023) Kat:3, Licht: 0","154342","3","2","5","04","16","3","","0","0","1","0","0"
"POINT (10.063179244000025 53.596579167000073)","Unfall 154343 (2023) Kat:3, Licht: 0","154343","3","6","2","04","15","3","","0","0","1","0","0"
"POINT (10.000673641000049 53.680729211000028)","Unfall 154344 (2023) Kat:3, Licht: 0","154344","3","6","3","04","11","3","","0","0","1","0","0"
"POINT (10.011292812000022 53.622984911000060)","Unfall 154345 (2023) Kat:3, Licht: 0","154345","3","6","2","04","07","3","","0","0","1","0","0"
"POINT (10.008388362000062 53.611392340000066)","Unfall 154346 (2023) Kat:2, Licht: 0","154346","2","6","3","04","11","3","","0","1","0","0","1"
"POINT (10.009146468000040 53.611467546000029)","Unfall 154347 (2023) Kat:3, Licht: 0","154347","3","6","2","04","11","3","","0","1","0","0","1"
"POINT (10.001561586000037 53.588700552000034)","Unfall 154348 (2023) Kat:3, Licht: 0","154348","3","2","3","04","08","3","","0","1","1","0","0"
"POINT (10.054290821000052 53.579547245000072)","Unfall 154349 (2023) Kat:3, Licht: 0","154349","3","5","5","04","15","3","","0","1","1","0","0"
"POINT (9.822281036000049 53.567810535000035)","Unfall 154350 (2023) Kat:3, Licht: 0","154350","3","7","8","04","18","3","","0","1","0","0","0"
"POINT (9.923344045000022 53.570692960000031)","Unfall 154351 (2023) Kat:3, Licht: 0","154351","3","6","2","04","14","3","","0","0","1","0","0"
"POINT (9.945641568000042 53.544337548000044)","Unfall 154352 (2023) Kat:3, Licht: 2","154352","3","4","0","04","21","3","","2","0","0","1","0"
"POINT (10.006482764000054 53.548102680000056)","Unfall 154353 (2023) Kat:2, Licht: 0","154353","2","3","5","04","18","3","","0","1","1","0","0"
"POINT (10.015343920000021 53.554930302000059)","Unfall 154354 (2023) Kat:3, Licht: 0","154354","3","4","6","04","19","3","","0","0","0","1","1"
"POINT (10.165230033000057 53.624815754000053)","Unfall 154355 (2023) Kat:3, Licht: 0","154355","3","5","5","04","07","2","","0","0","1","0","1"
"POINT (10.162327811000068 53.601402012000051)","Unfall 154356 (2023) Kat:3, Licht: 0","154356","3","3","5","04","08","2","","0","1","1","0","0"
"POINT (10.071289651000029 53.571910733000038)","Unfall 154357 (2023) Kat:3, Licht: 0","154357","3","6","2","04","12","2","","0","0","1","0","1"
"POINT (10.045431882000059 53.608120322000048)","Unfall 154358 (2023) Kat:3, Licht: 0","154358","3","5","5","04","08","2","","0","1","1","0","0"
"POINT (10.135065399000041 53.662409076000074)","Unfall 154359 (2023) Kat:3, Licht: 0","154359","3","3","5","04","07","2","","0","1","1","0","0"
"POINT (10.097823708000021 53.650291925000033)","Unfall 154360 (2023) Kat:3, Licht: 0","154360","3","2","4","04","08","2","","0","1","1","0","0"
"POINT (10.167800445000069 53.645290356000032)","Unfall 154361 (2023) Kat:3, Licht: 0","154361","3","3","5","04","15","2","","0","0","1","0","0"
"POINT (10.032345075000023 53.623830466000072)","Unfall 154362 (2023) Kat:3, Licht: 0","154362","3","7","0","04","18","2","","0","0","0","0","1"
"POINT (10.031594062000067 53.596543737000047)","Unfall 154363 (2023) Kat:3, Licht: 0","154363","3","6","2","04","12","2","","0","0","1","0","0"
"POINT (10.032415629000070 53.576379109000072)","Unfall 154364 (2023) Kat:3, Licht: 1","154364","3","3","5","04","19","2","","1","0","1","0","0"
"POINT (9.910876941000026 53.603312859000027)","Unfall 154365 (2023) Kat:2, Licht: 0","154365","2","7","0","04","11","2","","0","0","0","0","1"
"POINT (9.810169848000044 53.560933700000078)","Unfall 154366 (2023) Kat:3, Licht: 0","154366","3","5","1","04","09","2","","0","1","1","0","0"
"POINT (9.865019205000067 53.572549711000079)","Unfall 154367 (2023) Kat:3, Licht: 0","154367","3","2","4","04","07","2","","0","1","1","0","0"
"POINT (9.983575412000050 53.586502600000074)","Unfall 154368 (2023) Kat:3, Licht: 0","154368","3","4","6","04","12","2","","0","0","1","1","0"
"POINT (9.929487469000037 53.554573464000043)","Unfall 154369 (2023) Kat:3, Licht: 0","154369","3","7","0","04","10","2","","0","1","1","0","0"
"POINT (9.961142263000056 53.564023099000053)","Unfall 154370 (2023) Kat:3, Licht: 0","154370","3","6","2","04","16","2","","0","0","1","0","1"
"POINT (9.994307950000064 53.557524896000075)","Unfall 154371 (2023) Kat:3, Licht: 0","154371","3","6","2","04","17","2","","0","0","1","0","0"
"POINT (9.980916871000034 53.555525924000051)","Unfall 154372 (2023) Kat:3, Licht: 0","154372","3","7","9","04","10","2","","0","0","1","0","0"
"POINT (9.984524772000043 53.434638682000070)","Unfall 154373 (2023) Kat:3, Licht: 0","154373","3","6","2","04","14","1","","0","0","1","0","0"
"POINT (10.004051317000062 53.505041270000049)","Unfall 154374 (2023) Kat:3, Licht: 0","154374","3","3","2","04","15","1","","0","0","1","0","0"
"POINT (10.207215842000039 53.489285616000075)","Unfall 154375 (2023) Kat:3, Licht: 0","154375","3","7","6","04","09","1","","0","0","1","1","0"
"POINT (10.130748500000038 53.531218475000060)","Unfall 154376 (2023) Kat:2, Licht: 2","154376","2","2","4","04","00","1","","2","1","0","0","0"
"POINT (10.020621303000041 53.550423295000030)","Unfall 154377 (2023) Kat:3, Licht: 0","154377","3","6","2","04","18","1","","0","0","1","0","0"
"POINT (10.086731562000068 53.572058250000055)","Unfall 154378 (2023) Kat:3, Licht: 0","154378","3","6","4","04","06","1","","0","1","0","0","0"
"POINT (10.118992697000067 53.677770469000052)","Unfall 154379 (2023) Kat:3, Licht: 0","154379","3","3","5","06","14","4","","0","1","1","0","0"
"POINT (10.056483492000041 53.647421695000048)","Unfall 154380 (2023) Kat:3, Licht: 0","154380","3","6","2","04","10","1","","0","0","1","0","0"
"POINT (10.075884829000074 53.640316453000082)","Unfall 154381 (2023) Kat:3, Licht: 2","154381","3","1","8","04","03","1","","2","0","1","0","0"
"POINT (10.015827693000062 53.617075764000049)","Unfall 154382 (2023) Kat:3, Licht: 0","154382","3","7","6","04","11","1","","0","0","1","1","0"
"POINT (9.970329677000052 53.639596214000051)","Unfall 154383 (2023) Kat:3, Licht: 0","154383","3","3","5","04","06","1","","0","1","1","0","0"
"POINT (10.164283210000065 53.646760457000028)","Unfall 154384 (2023) Kat:2, Licht: 0","154384","2","3","5","05","18","3","","0","1","1","0","0"
"POINT (9.988276087000031 53.585456921000059)","Unfall 154385 (2023) Kat:3, Licht: 2","154385","3","7","0","04","04","1","","2","0","0","0","1"
"POINT (9.981141938000064 53.421258790000081)","Unfall 154386 (2023) Kat:3, Licht: 0","154386","3","2","3","04","16","7","","0","1","1","0","0"
"POINT (10.184246109000071 53.401780384000062)","Unfall 154387 (2023) Kat:3, Licht: 0","154387","3","5","3","04","12","7","","0","0","1","0","1"
"POINT (10.207747287000075 53.414085357000033)","Unfall 154388 (2023) Kat:2, Licht: 2","154388","2","7","6","04","00","7","","2","0","1","1","0"
"POINT (10.119302160000075 53.606505457000026)","Unfall 154389 (2023) Kat:3, Licht: 2","154389","3","2","0","04","23","7","","2","0","0","0","0"
"POINT (10.095067080000035 53.578754114000049)","Unfall 154390 (2023) Kat:3, Licht: 0","154390","3","7","1","04","11","7","","0","0","1","0","0"
"POINT (10.064560049000022 53.575191079000035)","Unfall 154391 (2023) Kat:3, Licht: 0","154391","3","1","0","04","09","7","","0","1","0","0","0"
"POINT (10.099912011000072 53.616819708000037)","Unfall 154392 (2023) Kat:3, Licht: 0","154392","3","7","6","04","09","7","","0","0","1","1","0"
"POINT (10.109636559000023 53.656455205000043)","Unfall 154393 (2023) Kat:3, Licht: 0","154393","3","6","2","04","16","7","","0","0","1","1","0"
"POINT (10.020057178000059 53.640193782000040)","Unfall 154394 (2023) Kat:3, Licht: 0","154394","3","6","3","04","18","7","","0","1","1","0","0"
"POINT (10.018291309000062 53.600283338000054)","Unfall 154395 (2023) Kat:3, Licht: 0","154395","3","1","0","04","14","7","","0","1","0","0","0"
"POINT (10.033438122000064 53.583683755000038)","Unfall 154396 (2023) Kat:2, Licht: 2","154396","2","4","6","04","03","7","","2","0","1","1","0"
"POINT (9.947486565000077 53.583086008000066)","Unfall 154397 (2023) Kat:3, Licht: 0","154397","3","3","5","05","09","5","","0","0","1","0","0"
"POINT (9.959406798000032 53.564740385000050)","Unfall 154398 (2023) Kat:3, Licht: 0","154398","3","5","1","04","09","7","","0","0","1","0","0"
"POINT (9.949734090000049 53.569688096000050)","Unfall 154399 (2023) Kat:3, Licht: 2","154399","3","1","0","04","01","7","","2","1","0","0","0"
"POINT (9.960768379000058 53.554243072000077)","Unfall 154400 (2023) Kat:3, Licht: 0","154400","3","7","6","04","15","7","","0","0","1","1","0"
"POINT (9.979686158000050 53.555819674000077)","Unfall 154401 (2023) Kat:3, Licht: 0","154401","3","3","5","04","09","7","","0","1","1","0","0"
"POINT (9.875229767000064 53.508464763000063)","Unfall 154402 (2023) Kat:2, Licht: 0","154402","2","1","8","04","12","6","","0","0","0","0","1"
"POINT (10.034799717000055 53.506713606000062)","Unfall 154403 (2023) Kat:3, Licht: 2","154403","3","6","2","04","22","6","","2","0","1","0","0"
"POINT (10.211521046000030 53.505205205000038)","Unfall 154404 (2023) Kat:3, Licht: 0","154404","3","2","3","04","15","6","","0","0","0","0","1"
"POINT (10.097903542000040 53.448854879000066)","Unfall 154405 (2023) Kat:2, Licht: 0","154405","2","1","8","04","11","6","","0","0","0","0","1"
"POINT (10.078769339000075 53.550137227000050)","Unfall 154406 (2023) Kat:3, Licht: 0","154406","3","6","2","04","16","6","","0","0","1","0","0"
"POINT (10.071113372000070 53.536324463000028)","Unfall 154407 (2023) Kat:3, Licht: 0","154407","3","6","1","04","07","6","","0","0","1","0","1"
"POINT (10.123198430000059 53.570996813000079)","Unfall 154408 (2023) Kat:3, Licht: 0","154408","3","5","5","04","18","6","","0","1","1","0","0"
"POINT (10.078080142000033 53.572686458000078)","Unfall 154409 (2023) Kat:3, Licht: 0","154409","3","5","1","04","10","6","","0","0","1","0","0"
"POINT (10.090419863000022 53.578059308000036)","Unfall 154410 (2023) Kat:3, Licht: 0","154410","3","6","4","04","18","6","","0","0","1","0","0"
"POINT (10.049484062000033 53.601847538000072)","Unfall 154411 (2023) Kat:3, Licht: 0","154411","3","2","4","04","20","6","","0","0","1","0","0"
"POINT (10.015575538000064 53.590094810000039)","Unfall 154412 (2023) Kat:3, Licht: 0","154412","3","3","5","04","16","6","","0","1","1","0","0"
"POINT (10.013805816000058 53.595974359000081)","Unfall 154413 (2023) Kat:3, Licht: 0","154413","3","3","5","04","16","6","","0","1","1","0","0"
"POINT (9.993997330000070 53.602082686000074)","Unfall 154414 (2023) Kat:3, Licht: 0","154414","3","6","2","04","11","6","","0","0","1","0","0"
"POINT (10.007502599000077 53.580881212000065)","Unfall 154415 (2023) Kat:3, Licht: 2","154415","3","3","5","04","00","6","","2","0","1","0","0"
"POINT (10.046190413000033 53.568889883000054)","Unfall 154416 (2023) Kat:3, Licht: 0","154416","3","6","4","04","14","6","","0","0","1","0","0"
"POINT (9.870746480000037 53.586129216000074)","Unfall 154417 (2023) Kat:3, Licht: 0","154417","3","6","3","04","14","6","","0","1","0","0","0"
"POINT (10.007922119000057 53.555306042000041)","Unfall 154418 (2023) Kat:3, Licht: 0","154418","3","6","2","04","19","6","","0","0","1","0","0"
"POINT (10.010087562000024 53.556513050000035)","Unfall 154419 (2023) Kat:3, Licht: 0","154419","3","5","1","04","12","6","","0","0","1","0","0"
"POINT (10.016937780000035 53.527664451000078)","Unfall 154420 (2023) Kat:3, Licht: 0","154420","3","1","0","04","14","6","","0","1","0","0","0"
"POINT (10.072866556000065 53.580583120000028)","Unfall 154421 (2023) Kat:3, Licht: 0","154421","3","6","3","06","12","7","","0","0","1","0","0"
"POINT (9.871374904000049 53.476739615000042)","Unfall 154422 (2023) Kat:3, Licht: 0","154422","3","4","6","04","18","5","","0","0","1","1","0"
"POINT (10.000825705000068 53.499829639000041)","Unfall 154423 (2023) Kat:3, Licht: 0","154423","3","5","0","04","16","5","","0","0","1","0","0"
"POINT (10.150931350000064 53.608662769000034)","Unfall 154424 (2023) Kat:3, Licht: 0","154424","3","6","3","04","11","5","","0","0","1","0","0"
"POINT (10.032317139000043 53.623906252000040)","Unfall 154425 (2023) Kat:3, Licht: 0","154425","3","6","3","04","08","5","","0","0","1","0","0"
"POINT (10.033365806000063 53.621007167000073)","Unfall 154426 (2023) Kat:3, Licht: 0","154426","3","7","0","04","07","5","","0","0","0","0","1"
"POINT (10.000694590000023 53.580774771000051)","Unfall 154427 (2023) Kat:3, Licht: 0","154427","3","7","0","04","15","5","","0","1","1","0","0"
"POINT (10.046686451000028 53.585988939000060)","Unfall 154428 (2023) Kat:3, Licht: 0","154428","3","6","2","04","12","5","","0","0","1","0","0"
"POINT (9.986628130000042 53.552178624000078)","Unfall 154429 (2023) Kat:3, Licht: 0","154429","3","4","6","06","14","2","","0","1","0","1","0"
"POINT (9.894884974000036 53.552545316000078)","Unfall 154430 (2023) Kat:3, Licht: 0","154430","3","5","1","04","14","5","","0","0","1","0","0"
"POINT (9.962483933000044 53.599674906000075)","Unfall 154431 (2023) Kat:3, Licht: 0","154431","3","7","3","04","15","5","","0","0","1","0","0"
"POINT (9.983399330000054 53.591101850000030)","Unfall 154432 (2023) Kat:3, Licht: 0","154432","3","6","2","04","07","5","","0","0","1","0","0"
"POINT (10.086693596000032 53.578289384000072)","Unfall 154433 (2023) Kat:3, Licht: 0","154433","3","5","5","05","14","5","","0","1","1","0","0"
"POINT (9.942007031000060 53.555382796000060)","Unfall 154434 (2023) Kat:3, Licht: 2","154434","3","3","5","04","21","5","","2","1","1","0","0"
"POINT (9.955531711000049 53.551717160000067)","Unfall 154435 (2023) Kat:3, Licht: 0","154435","3","2","2","04","17","5","","0","0","1","0","0"
"POINT (9.874751390000029 53.474035473000072)","Unfall 154436 (2023) Kat:3, Licht: 0","154436","3","5","5","04","16","4","","0","0","1","0","1"
"POINT (9.938397993000024 53.472053713000037)","Unfall 154437 (2023) Kat:3, Licht: 0","154437","3","6","2","04","16","4","","0","0","1","0","0"
"POINT (10.007429372000047 53.496586009000055)","Unfall 154438 (2023) Kat:2, Licht: 0","154438","2","7","3","04","18","4","","0","0","1","0","1"
"POINT (10.246676908000040 53.428810200000044)","Unfall 154439 (2023) Kat:2, Licht: 2","154439","2","5","1","04","22","4","","2","0","1","0","0"
"POINT (10.208888632000026 53.493123854000032)","Unfall 154440 (2023) Kat:2, Licht: 0","154440","2","4","6","04","16","4","","0","0","1","1","0"
"POINT (10.183494335000034 53.593924471000037)","Unfall 154441 (2023) Kat:3, Licht: 0","154441","3","2","5","04","16","4","","0","0","1","0","1"
"POINT (9.918407703000071 53.578393250000033)","Unfall 154442 (2023) Kat:3, Licht: 0","154442","3","2","4","04","11","5","","0","0","1","0","0"
"POINT (10.141516172000024 53.608440838000035)","Unfall 154443 (2023) Kat:3, Licht: 0","154443","3","3","5","04","15","4","","0","0","1","0","1"
"POINT (9.962812479000036 53.636455820000037)","Unfall 154444 (2023) Kat:3, Licht: 0","154444","3","2","4","05","17","3","","0","1","1","0","0"
"POINT (10.076561983000033 53.564476260000049)","Unfall 154445 (2023) Kat:3, Licht: 0","154445","3","6","3","04","08","4","","0","1","1","0","0"
"POINT (10.072669794000035 53.588454456000079)","Unfall 154446 (2023) Kat:3, Licht: 0","154446","3","3","5","04","16","4","","0","1","1","0","0"
"POINT (10.056307896000021 53.581747316000076)","Unfall 154447 (2023) Kat:3, Licht: 0","154447","3","7","0","04","12","4","","0","1","0","0","0"
"POINT (10.049581810000063 53.573703930000079)","Unfall 154448 (2023) Kat:3, Licht: 0","154448","3","7","0","04","17","5","","0","1","0","0","0"
"POINT (10.109622060000049 53.622851937000064)","Unfall 154449 (2023) Kat:3, Licht: 0","154449","3","7","0","04","18","4","","0","0","1","0","0"
"POINT (10.046902001000035 53.599881112000048)","Unfall 154450 (2023) Kat:2, Licht: 0","154450","2","2","4","04","08","4","","0","1","1","0","0"
"POINT (10.158669087000021 53.645684300000028)","Unfall 154451 (2023) Kat:3, Licht: 0","154451","3","7","2","04","17","4","","0","0","1","0","0"
"POINT (9.796655970000074 53.566509405000033)","Unfall 154452 (2023) Kat:3, Licht: 0","154452","3","6","4","04","10","4","","0","0","1","0","0"
"POINT (9.908283968000035 53.554577218000077)","Unfall 154453 (2023) Kat:3, Licht: 0","154453","3","6","4","04","17","4","","0","1","0","0","0"
"POINT (9.891430486000047 53.572942838000074)","Unfall 154454 (2023) Kat:3, Licht: 0","154454","3","5","1","04","16","4","","0","0","1","0","1"
"POINT (9.904716257000075 53.587451070000043)","Unfall 154455 (2023) Kat:3, Licht: 0","154455","3","6","2","04","09","4","","0","0","1","0","0"
"POINT (9.970317827000031 53.639598410000076)","Unfall 154456 (2023) Kat:2, Licht: 0","154456","2","3","5","04","16","4","","0","0","1","0","1"
"POINT (10.090739946000042 53.545643636000079)","Unfall 154457 (2023) Kat:3, Licht: 0","154457","3","7","0","04","08","5","","0","1","0","0","0"
"POINT (9.956254901000023 53.545813338000073)","Unfall 154458 (2023) Kat:3, Licht: 0","154458","3","6","2","04","15","4","","0","0","1","0","0"
"POINT (9.933607916000028 53.630143186000055)","Unfall 154459 (2023) Kat:3, Licht: 0","154459","3","3","5","05","17","5","","0","1","1","0","0"
"POINT (9.983867134000036 53.542886619000058)","Unfall 154460 (2023) Kat:3, Licht: 0","154460","3","7","0","04","11","4","","0","0","1","0","0"
"POINT (9.995208794000064 53.543573843000047)","Unfall 154461 (2023) Kat:3, Licht: 0","154461","3","7","3","04","08","4","","0","1","0","0","0"
"POINT (9.988419373000056 53.552525701000036)","Unfall 154462 (2023) Kat:3, Licht: 0","154462","3","3","5","04","07","4","","0","1","0","0","0"
"POINT (10.109603866000043 53.510320771000067)","Unfall 154463 (2023) Kat:3, Licht: 0","154463","3","1","0","04","14","3","","0","0","0","0","1"
"POINT (10.074847853000051 53.554760859000055)","Unfall 154464 (2023) Kat:2, Licht: 0","154464","2","3","5","04","06","3","","0","1","0","0","0"
"POINT (10.023693915000024 53.550716541000043)","Unfall 154465 (2023) Kat:3, Licht: 1","154465","3","6","3","04","21","3","","1","0","1","0","1"
"POINT (10.124055795000061 53.569964888000072)","Unfall 154466 (2023) Kat:2, Licht: 0","154466","2","6","2","04","17","3","","0","0","1","0","0"
"POINT (10.128185296000026 53.577512821000028)","Unfall 154467 (2023) Kat:3, Licht: 0","154467","3","7","0","04","15","3","","0","0","0","0","0"
"POINT (10.136023177000027 53.577048705000038)","Unfall 154468 (2023) Kat:3, Licht: 0","154468","3","2","4","04","15","3","","0","0","1","0","1"
"POINT (10.151995830000033 53.600211137000031)","Unfall 154469 (2023) Kat:2, Licht: 0","154469","2","2","4","04","13","3","","0","1","1","0","0"
"POINT (10.108992394000040 53.626523743000064)","Unfall 154470 (2023) Kat:3, Licht: 0","154470","3","2","3","04","07","3","","0","1","1","0","0"
"POINT (10.000777680000056 53.680955478000044)","Unfall 154471 (2023) Kat:2, Licht: 0","154471","2","7","5","04","17","3","","0","0","1","0","1"
"POINT (10.041714179000053 53.586048340000048)","Unfall 154472 (2023) Kat:3, Licht: 2","154472","3","7","0","04","22","3","","2","1","0","0","0"
"POINT (10.053293338000060 53.584759172000076)","Unfall 154473 (2023) Kat:3, Licht: 0","154473","3","2","3","04","14","3","","0","0","1","0","1"
"POINT (10.159848841000041 53.412107960000071)","Unfall 154474 (2023) Kat:3, Licht: 0","154474","3","6","0","05","12","4","","0","0","1","0","0"
"POINT (9.916118192000056 53.600314732000072)","Unfall 154475 (2023) Kat:3, Licht: 0","154475","3","2","4","04","19","3","","0","0","1","0","0"
"POINT (9.982922741000039 53.609740008000074)","Unfall 154476 (2023) Kat:3, Licht: 0","154476","3","3","5","04","15","3","","0","0","1","0","1"
"POINT (9.955420671000070 53.591531366000027)","Unfall 154477 (2023) Kat:3, Licht: 0","154477","3","3","5","04","15","3","","0","1","0","0","0"
"POINT (9.944455968000057 53.575679065000031)","Unfall 154478 (2023) Kat:3, Licht: 0","154478","3","3","5","04","13","3","","0","1","1","0","0"
"POINT (10.004578388000027 53.554281948000039)","Unfall 154479 (2023) Kat:3, Licht: 0","154479","3","7","0","04","11","3","","0","1","0","0","0"