WKT,Name,OBJECTID,UKATEGORIE,UTYP1,UART,UMONAT,USTUNDE,UWOCHENTAG,STRZUSTAND,ULICHTVERH,ISTRAD,ISTPKW,ISTFUSS,ISTKRAD
"POINT (10.011510662000035 53.554537418000052)","Unfall 154480 (2023) Kat:3, Licht: 0","154480","3","7","6","04","19","3","","0","1","0","1","0"
"POINT (9.937255314000026 53.476941794000027)","Unfall 154481 (2023) Kat:3, Licht: 0","154481","3","2","4","04","11","3","","0","0","1","0","0"
"POINT (10.016546023000046 53.523807191000060)","Unfall 154482 (2023) Kat:3, Licht: 0","154482","3","3","5","04","17","2","","0","1","1","0","0"
"POINT (9.985458937000033 53.510593920000076)","Unfall 154483 (2023) Kat:3, Licht: 0","154483","3","3","5","04","13","2","","0","1","1","0","0"
"POINT (10.176474726000038 53.473657640000056)","Unfall 154484 (2023) Kat:3, Licht: 0","154484","3","7","0","04","12","2","","0","1","0","0","0"
"POINT (10.109559717000025 53.546877838000057)","Unfall 154485 (2023) Kat:3, Licht: 0","154485","3","5","1","04","15","2","","0","0","1","0","0"
"POINT (10.025105569000061 53.551700048000043)","Unfall 154486 (2023) Kat:2, Licht: 2","154486","2","1","0","04","22","2","","2","1","0","0","0"
"POINT (10.166105386000027 53.629058501000031)","Unfall 154487 (2023) Kat:3, Licht: 0","154487","3","2","6","04","16","2","","0","0","1","1","0"
"POINT (10.129411520000076 53.600166229000081)","Unfall 154488 (2023) Kat:3, Licht: 0","154488","3","6","4","04","13","2","","0","1","0","0","0"
"POINT (10.119569876000071 53.606043023000041)","Unfall 154489 (2023) Kat:3, Licht: 0","154489","3","1","9","04","15","2","","0","0","0","0","1"
"POINT (10.074819083000023 53.574690865000036)","Unfall 154490 (2023) Kat:3, Licht: 2","154490","3","2","4","04","21","2","","2","0","1","0","0"
"POINT (10.076921336000055 53.606534588000045)","Unfall 154491 (2023) Kat:3, Licht: 0","154491","3","5","5","04","19","2","","0","0","1","0","0"
"POINT (10.075111852000077 53.649226459000033)","Unfall 154492 (2023) Kat:1, Licht: 0","154492","1","4","6","04","15","2","","0","0","0","1","0"
"POINT (10.105166655000062 53.621338438000066)","Unfall 154493 (2023) Kat:3, Licht: 0","154493","3","6","2","05","17","6","","0","0","1","0","0"
"POINT (9.872035116000063 53.586084155000037)","Unfall 154494 (2023) Kat:3, Licht: 0","154494","3","7","0","04","17","2","","0","0","1","0","0"
"POINT (9.918576316000042 53.572353576000069)","Unfall 154495 (2023) Kat:3, Licht: 0","154495","3","5","5","04","13","2","","0","1","1","0","0"
"POINT (9.965708533000054 53.565430239000079)","Unfall 154496 (2023) Kat:3, Licht: 0","154496","3","2","2","04","09","2","","0","0","1","0","0"
"POINT (9.965382804000058 53.561066288000063)","Unfall 154497 (2023) Kat:3, Licht: 0","154497","3","1","0","04","08","2","","0","1","1","0","0"
"POINT (9.998856443000022 53.548761326000033)","Unfall 154498 (2023) Kat:3, Licht: 0","154498","3","7","1","04","15","2","","0","0","1","0","0"
"POINT (9.982676619000074 53.544195557000080)","Unfall 154499 (2023) Kat:3, Licht: 0","154499","3","2","3","04","16","2","","0","0","0","0","1"
"POINT (10.002076046000070 53.557116587000053)","Unfall 154500 (2023) Kat:3, Licht: 0","154500","3","3","5","04","19","2","","0","1","1","0","0"
"POINT (10.013989210000034 53.552503446000060)","Unfall 154501 (2023) Kat:3, Licht: 0","154501","3","5","3","04","11","2","","0","0","1","0","0"
"POINT (9.968288684000072 53.512368781000077)","Unfall 154502 (2023) Kat:3, Licht: 0","154502","3","2","3","04","16","2","","0","1","0","0","0"
"POINT (10.009104299000057 53.676503480000065)","Unfall 154503 (2023) Kat:3, Licht: 2","154503","3","1","0","05","23","4","","2","1","0","0","0"
"POINT (9.980003541000031 53.527697910000029)","Unfall 154504 (2023) Kat:3, Licht: 0","154504","3","6","2","04","15","2","","0","0","1","0","1"
"POINT (10.107905677000076 53.541789660000063)","Unfall 154505 (2023) Kat:3, Licht: 0","154505","3","6","2","04","13","1","","0","0","1","0","0"
"POINT (9.797427509000045 53.578873748000035)","Unfall 154506 (2023) Kat:3, Licht: 0","154506","3","1","0","04","13","1","","0","1","0","0","0"
"POINT (9.965818367000054 53.565405065000050)","Unfall 154507 (2023) Kat:3, Licht: 0","154507","3","4","6","04","17","1","","0","0","0","1","0"
"POINT (10.003879325000071 53.540944607000029)","Unfall 154508 (2023) Kat:3, Licht: 0","154508","3","3","5","04","08","1","","0","0","1","0","0"
"POINT (10.008281355000065 53.558992218000071)","Unfall 154509 (2023) Kat:3, Licht: 0","154509","3","2","0","04","12","1","","0","1","1","0","0"
"POINT (10.009875722000061 53.559481401000028)","Unfall 154510 (2023) Kat:3, Licht: 0","154510","3","5","1","04","16","1","","0","1","1","0","0"
"POINT (10.020864107000023 53.530227936000074)","Unfall 154511 (2023) Kat:3, Licht: 0","154511","3","1","8","04","15","7","","0","0","1","0","0"
"POINT (10.057662002000029 53.554053729000032)","Unfall 154512 (2023) Kat:2, Licht: 2","154512","2","3","5","04","20","7","","2","1","1","0","0"
"POINT (10.136365063000028 53.572469243000057)","Unfall 154513 (2023) Kat:3, Licht: 0","154513","3","3","5","04","19","7","","0","0","1","0","0"
"POINT (10.034901243000036 53.608093940000060)","Unfall 154514 (2023) Kat:3, Licht: 0","154514","3","5","1","04","20","7","","0","1","1","0","0"
"POINT (10.089488606000032 53.639411157000040)","Unfall 154515 (2023) Kat:3, Licht: 0","154515","3","5","5","04","11","7","","0","0","1","0","0"
"POINT (10.057298966000076 53.569721367000056)","Unfall 154516 (2023) Kat:3, Licht: 2","154516","3","5","5","04","22","7","","2","0","1","0","0"
"POINT (10.056271019000064 53.591312295000080)","Unfall 154517 (2023) Kat:3, Licht: 2","154517","3","6","2","04","20","7","","2","0","1","0","0"
"POINT (9.907786611000063 53.606325006000077)","Unfall 154518 (2023) Kat:3, Licht: 0","154518","3","7","0","04","14","7","","0","0","1","0","0"
"POINT (9.893286698000054 53.605526491000035)","Unfall 154519 (2023) Kat:3, Licht: 0","154519","3","6","6","04","11","7","","0","0","1","1","0"
"POINT (10.188166461000037 53.490593852000075)","Unfall 154520 (2023) Kat:3, Licht: 0","154520","3","7","8","04","11","1","","0","1","0","0","0"
"POINT (9.941820296000060 53.599293238000030)","Unfall 154521 (2023) Kat:3, Licht: 0","154521","3","1","0","04","20","7","","0","1","0","0","0"
"POINT (10.000774006000029 53.547397275000037)","Unfall 154522 (2023) Kat:3, Licht: 0","154522","3","3","0","04","16","7","","0","0","1","0","0"
"POINT (9.949237983000046 53.463369038000053)","Unfall 154523 (2023) Kat:3, Licht: 0","154523","3","6","3","04","18","6","","0","0","1","0","0"
"POINT (10.147233331000052 53.471397103000072)","Unfall 154524 (2023) Kat:1, Licht: 2","154524","1","1","9","04","01","6","","2","0","1","0","0"
"POINT (10.078622851000034 53.550189847000070)","Unfall 154525 (2023) Kat:3, Licht: 0","154525","3","6","2","04","17","6","","0","0","1","0","1"
"POINT (10.117438165000067 53.611904060000029)","Unfall 154526 (2023) Kat:3, Licht: 0","154526","3","3","5","04","14","6","","0","0","1","0","0"
"POINT (10.100730368000029 53.641761311000039)","Unfall 154527 (2023) Kat:3, Licht: 2","154527","3","1","1","04","01","6","","2","0","1","0","0"
"POINT (10.008342670000047 53.579733993000048)","Unfall 154528 (2023) Kat:3, Licht: 0","154528","3","6","2","04","17","6","","0","1","1","0","0"
"POINT (10.183608069000059 53.511710414000049)","Unfall 154529 (2023) Kat:3, Licht: 0","154529","3","2","4","05","19","4","","0","1","1","0","0"
"POINT (10.046221934000073 53.587533092000058)","Unfall 154530 (2023) Kat:3, Licht: 0","154530","3","6","2","04","08","6","","0","0","1","0","0"
"POINT (10.045154758000024 53.567383710000058)","Unfall 154531 (2023) Kat:3, Licht: 0","154531","3","6","3","04","18","6","","0","0","1","0","1"
"POINT (10.017172580000022 53.564100063000069)","Unfall 154532 (2023) Kat:3, Licht: 0","154532","3","6","3","04","17","6","","0","0","1","0","1"
"POINT (9.877233034000028 53.565374079000037)","Unfall 154533 (2023) Kat:3, Licht: 2","154533","3","3","5","04","21","6","","2","1","1","0","0"
"POINT (9.990637168000035 53.560477412000068)","Unfall 154534 (2023) Kat:3, Licht: 0","154534","3","2","3","04","08","6","","0","1","1","0","0"
"POINT (10.003895900000032 53.552333583000063)","Unfall 154535 (2023) Kat:3, Licht: 0","154535","3","7","6","04","16","6","","0","0","0","1","0"
"POINT (10.017314175000024 53.556754745000035)","Unfall 154536 (2023) Kat:3, Licht: 0","154536","3","3","5","04","16","6","","0","0","1","0","1"
"POINT (9.993973952000033 53.465256595000028)","Unfall 154537 (2023) Kat:3, Licht: 0","154537","3","2","4","04","16","5","","0","0","1","0","0"
"POINT (9.981139093000024 53.460597195000048)","Unfall 154538 (2023) Kat:3, Licht: 0","154538","3","5","5","04","11","5","","0","0","1","0","0"
"POINT (10.277392190000057 53.439122790000056)","Unfall 154539 (2023) Kat:2, Licht: 0","154539","2","7","9","05","11","5","","0","0","1","0","0"
"POINT (9.957744024000021 53.444939343000044)","Unfall 154540 (2023) Kat:2, Licht: 0","154540","2","7","9","04","07","5","","0","0","1","0","0"
"POINT (10.024064321000026 53.546580423000080)","Unfall 154541 (2023) Kat:3, Licht: 0","154541","3","3","5","04","13","5","","0","1","1","0","0"
"POINT (10.115978000000041 53.604659029000061)","Unfall 154542 (2023) Kat:3, Licht: 0","154542","3","3","5","04","15","5","","0","1","1","0","0"
"POINT (10.062439481000069 53.653321324000046)","Unfall 154543 (2023) Kat:3, Licht: 0","154543","3","7","0","04","13","5","","0","0","0","0","0"
"POINT (10.040469305000045 53.603318509000076)","Unfall 154544 (2023) Kat:3, Licht: 2","154544","3","2","4","04","21","5","","2","0","1","0","1"
"POINT (10.044236600000033 53.568023748000030)","Unfall 154545 (2023) Kat:3, Licht: 0","154545","3","2","4","04","16","5","","0","0","1","0","1"
"POINT (10.055287653000050 53.573234307000064)","Unfall 154546 (2023) Kat:3, Licht: 0","154546","3","3","5","04","14","5","","0","0","1","0","0"
"POINT (10.049391218000039 53.591660278000063)","Unfall 154547 (2023) Kat:3, Licht: 0","154547","3","6","2","04","07","5","","0","0","1","0","1"
"POINT (9.904991742000050 53.608594834000030)","Unfall 154548 (2023) Kat:3, Licht: 0","154548","3","6","2","04","14","5","","0","0","1","0","0"
"POINT (10.085498023000071 53.551296482000055)","Unfall 154549 (2023) Kat:2, Licht: 0","154549","2","3","5","05","12","3","","0","0","1","0","1"
"POINT (9.823242305000065 53.560682023000027)","Unfall 154550 (2023) Kat:3, Licht: 0","154550","3","6","2","04","16","5","","0","0","1","0","0"
"POINT (10.039556322000067 53.576474785000073)","Unfall 154551 (2023) Kat:3, Licht: 0","154551","3","1","0","05","14","4","","0","1","0","0","0"
"POINT (9.865167881000048 53.571440213000074)","Unfall 154552 (2023) Kat:2, Licht: 0","154552","2","2","5","04","09","5","","0","1","0","0","0"
"POINT (9.952274171000056 53.598879579000027)","Unfall 154553 (2023) Kat:3, Licht: 0","154553","3","2","5","04","19","5","","0","1","1","0","0"
"POINT (9.930644818000076 53.552574060000040)","Unfall 154554 (2023) Kat:3, Licht: 0","154554","3","7","6","04","10","5","","0","0","1","1","0"
"POINT (9.945727659000056 53.557184798000037)","Unfall 154555 (2023) Kat:3, Licht: 0","154555","3","7","0","04","10","5","","0","1","0","0","0"
"POINT (9.979275052000048 53.565917406000040)","Unfall 154556 (2023) Kat:3, Licht: 0","154556","3","2","5","04","19","5","","0","0","1","0","0"
"POINT (9.990001812000060 53.559852024000065)","Unfall 154557 (2023) Kat:3, Licht: 2","154557","3","2","4","04","23","5","","2","1","1","0","0"
"POINT (10.185663742000031 53.489242837000063)","Unfall 154558 (2023) Kat:3, Licht: 0","154558","3","6","2","04","16","4","","0","0","1","0","0"
"POINT (10.005450908000057 53.552354569000045)","Unfall 154559 (2023) Kat:3, Licht: 0","154559","3","4","6","06","13","6","","0","1","0","1","0"
"POINT (10.082891361000065 53.555025941000054)","Unfall 154560 (2023) Kat:3, Licht: 0","154560","3","6","2","04","09","4","","0","0","1","0","0"
"POINT (10.022560231000057 53.545615866000048)","Unfall 154561 (2023) Kat:2, Licht: 0","154561","2","7","6","04","10","4","","0","0","0","1","0"
"POINT (10.038382623000075 53.547490734000064)","Unfall 154562 (2023) Kat:2, Licht: 0","154562","2","2","4","04","08","4","","0","0","1","0","0"
"POINT (10.167769150000026 53.627298558000064)","Unfall 154563 (2023) Kat:3, Licht: 0","154563","3","6","2","04","08","4","","0","0","1","0","0"
"POINT (10.115724464000039 53.546006373000068)","Unfall 154564 (2023) Kat:3, Licht: 2","154564","3","2","5","04","20","1","","2","0","1","0","0"
"POINT (10.128368837000039 53.601169482000046)","Unfall 154565 (2023) Kat:3, Licht: 0","154565","3","2","4","04","13","4","","0","1","1","0","0"
"POINT (10.060459288000061 53.571010506000050)","Unfall 154566 (2023) Kat:3, Licht: 0","154566","3","5","1","04","07","4","","0","1","0","0","0"
"POINT (10.091254535000076 53.669146957000066)","Unfall 154567 (2023) Kat:3, Licht: 0","154567","3","5","5","04","14","4","","0","1","0","0","0"
"POINT (9.994499496000060 53.601990151000052)","Unfall 154568 (2023) Kat:3, Licht: 0","154568","3","2","2","04","15","4","","0","0","1","0","0"
"POINT (10.035444073000065 53.575123125000061)","Unfall 154569 (2023) Kat:2, Licht: 2","154569","2","2","4","04","03","4","","2","0","1","0","0"
"POINT (9.880221213000027 53.560339494000061)","Unfall 154570 (2023) Kat:3, Licht: 0","154570","3","7","0","04","17","4","","0","0","1","0","0"
"POINT (9.997068567000042 53.546406939000065)","Unfall 154571 (2023) Kat:3, Licht: 0","154571","3","3","5","04","14","4","","0","0","1","0","0"
"POINT (10.008778942000049 53.552137938000044)","Unfall 154572 (2023) Kat:3, Licht: 0","154572","3","7","3","04","16","4","","0","0","0","0","0"
"POINT (10.201643421000028 53.419855738000081)","Unfall 154573 (2023) Kat:3, Licht: 0","154573","3","6","2","04","07","3","","0","0","1","0","0"
"POINT (10.090713076000043 53.549075997000045)","Unfall 154574 (2023) Kat:2, Licht: 0","154574","2","3","5","04","17","3","","0","0","0","0","1"
"POINT (10.083929696000041 53.531668072000059)","Unfall 154575 (2023) Kat:3, Licht: 0","154575","3","7","0","04","09","3","","0","1","0","0","0"
"POINT (10.103295111000023 53.576923890000046)","Unfall 154576 (2023) Kat:3, Licht: 0","154576","3","2","4","04","18","3","","0","0","1","0","0"
"POINT (10.113159029000030 53.617432011000062)","Unfall 154577 (2023) Kat:3, Licht: 0","154577","3","6","2","04","14","3","","0","0","1","0","0"
"POINT (10.113795889000073 53.624796259000050)","Unfall 154578 (2023) Kat:3, Licht: 0","154578","3","5","5","04","11","3","","0","0","1","0","0"
"POINT (10.124592015000076 53.570923907000065)","Unfall 154579 (2023) Kat:3, Licht: 2","154579","3","2","4","04","23","3","","2","0","1","0","0"
"POINT (10.072521561000030 53.573871671000063)","Unfall 154580 (2023) Kat:3, Licht: 0","154580","3","4","6","04","15","3","","0","1","0","1","0"
"POINT (10.078626017000033 53.584673941000062)","Unfall 154581 (2023) Kat:3, Licht: 0","154581","3","2","5","04","12","3","","0","1","1","0","0"
"POINT (10.105867277000073 53.653474026000026)","Unfall 154582 (2023) Kat:2, Licht: 0","154582","2","2","4","04","18","3","","0","0","1","0","1"
"POINT (10.093767100000036 53.676771626000061)","Unfall 154583 (2023) Kat:3, Licht: 0","154583","3","5","5","04","15","3","","0","1","1","0","0"
"POINT (10.015508419000071 53.572486662000074)","Unfall 154584 (2023) Kat:2, Licht: 0","154584","2","7","8","04","18","3","","0","1","0","0","0"
"POINT (10.028621276000024 53.571176501000082)","Unfall 154585 (2023) Kat:3, Licht: 0","154585","3","3","5","04","12","3","","0","0","1","0","0"
"POINT (9.962658960000056 53.569437869000069)","Unfall 154586 (2023) Kat:3, Licht: 0","154586","3","6","2","04","16","3","","0","0","1","0","0"
"POINT (9.943185586000027 53.555869554000026)","Unfall 154587 (2023) Kat:3, Licht: 0","154587","3","6","2","04","19","3","","0","0","1","0","0"
"POINT (9.989658562000045 53.563153239000030)","Unfall 154588 (2023) Kat:3, Licht: 0","154588","3","6","2","04","16","3","","0","0","1","0","1"
"POINT (10.098061142000063 53.550154062000047)","Unfall 154589 (2023) Kat:3, Licht: 0","154589","3","3","5","06","17","3","","0","0","1","0","1"
"POINT (9.989208077000058 53.581949250000036)","Unfall 154590 (2023) Kat:3, Licht: 0","154590","3","3","5","04","10","3","","0","1","1","0","0"
"POINT (9.960562333000041 53.554280437000045)","Unfall 154591 (2023) Kat:3, Licht: 0","154591","3","3","5","04","16","3","","0","0","1","0","0"
"POINT (10.000262197000040 53.547201410000071)","Unfall 154592 (2023) Kat:3, Licht: 0","154592","3","6","3","04","18","3","","0","0","1","0","0"
"POINT (10.008384914000032 53.553646189000062)","Unfall 154593 (2023) Kat:3, Licht: 0","154593","3","4","6","04","15","3","","0","0","1","1","0"
"POINT (9.983561906000034 53.452133852000031)","Unfall 154594 (2023) Kat:2, Licht: 0","154594","2","7","0","04","14","2","","0","0","0","1","0"
"POINT (9.955370615000049 53.455894994000062)","Unfall 154595 (2023) Kat:3, Licht: 0","154595","3","3","5","04","15","2","","0","1","1","0","0"
"POINT (10.014963837000039 53.521249420000061)","Unfall 154596 (2023) Kat:3, Licht: 0","154596","3","3","5","04","11","2","","0","1","0","0","0"
"POINT (10.198513807000040 53.500776549000079)","Unfall 154597 (2023) Kat:3, Licht: 0","154597","3","6","2","04","18","2","","0","0","1","0","1"
"POINT (10.159442144000025 53.596246708000081)","Unfall 154598 (2023) Kat:3, Licht: 0","154598","3","7","0","04","10","2","","0","1","0","0","0"
"POINT (10.072306581000021 53.573800521000067)","Unfall 154599 (2023) Kat:3, Licht: 0","154599","3","7","0","04","15","2","","0","0","1","0","1"
"POINT (10.071623271000021 53.608684333000042)","Unfall 154600 (2023) Kat:3, Licht: 0","154600","3","6","3","04","14","2","","0","0","1","0","0"
"POINT (10.128624593000040 53.644868733000067)","Unfall 154601 (2023) Kat:3, Licht: 0","154601","3","7","8","04","15","2","","0","0","1","0","0"
"POINT (10.092895770000041 53.644615936000037)","Unfall 154602 (2023) Kat:3, Licht: 1","154602","3","7","0","04","20","2","","1","0","1","0","0"
"POINT (10.012533703000031 53.649236169000062)","Unfall 154603 (2023) Kat:3, Licht: 0","154603","3","2","3","04","18","2","","0","1","1","0","0"
"POINT (9.909612791000029 53.554362196000056)","Unfall 154604 (2023) Kat:3, Licht: 0","154604","3","2","6","04","16","2","","0","0","1","1","0"
"POINT (9.949950530000024 53.596723144000066)","Unfall 154605 (2023) Kat:3, Licht: 2","154605","3","5","1","04","21","2","","2","0","1","0","0"
"POINT (9.966492608000067 53.541329907000033)","Unfall 154606 (2023) Kat:3, Licht: 0","154606","3","1","0","04","16","2","","0","1","0","0","0"
"POINT (9.891088333000027 53.517645528000060)","Unfall 154607 (2023) Kat:3, Licht: 0","154607","3","1","8","04","07","1","","0","0","1","0","0"
"POINT (10.026149152000073 53.471858249000036)","Unfall 154608 (2023) Kat:3, Licht: 0","154608","3","1","8","04","06","1","","0","0","0","0","1"
"POINT (10.204922602000067 53.490780299000050)","Unfall 154609 (2023) Kat:3, Licht: 2","154609","3","1","0","04","03","1","","2","0","0","0","0"
"POINT (10.046195713000031 53.533632617000080)","Unfall 154610 (2023) Kat:3, Licht: 0","154610","3","7","1","04","16","1","","0","1","1","0","0"
"POINT (10.009556553000039 53.585901574000047)","Unfall 154611 (2023) Kat:3, Licht: 0","154611","3","7","0","04","14","2","","0","1","0","0","0"
"POINT (10.016907440000068 53.548830272000032)","Unfall 154612 (2023) Kat:3, Licht: 2","154612","3","7","9","04","03","1","","2","0","1","0","0"
"POINT (10.151008318000038 53.608750815000064)","Unfall 154613 (2023) Kat:3, Licht: 0","154613","3","6","3","04","15","1","","0","0","1","0","0"
"POINT (10.169531292000045 53.625388880000060)","Unfall 154614 (2023) Kat:3, Licht: 2","154614","3","1","8","04","05","1","","2","0","1","0","0"
"POINT (10.032380796000041 53.635393618000080)","Unfall 154615 (2023) Kat:3, Licht: 0","154615","3","3","5","04","11","1","","0","0","1","0","0"
"POINT (10.038473104000047 53.577579462000074)","Unfall 154616 (2023) Kat:3, Licht: 1","154616","3","5","1","04","21","1","","1","0","1","0","0"
"POINT (10.037329265000039 53.586141203000068)","Unfall 154617 (2023) Kat:3, Licht: 2","154617","3","7","0","04","20","1","","2","1","0","0","0"
"POINT (9.962149028000056 53.554086320000067)","Unfall 154618 (2023) Kat:2, Licht: 2","154618","2","3","5","04","03","1","","2","1","1","0","0"
"POINT (9.982645653000077 53.544221424000057)","Unfall 154619 (2023) Kat:3, Licht: 0","154619","3","2","3","04","17","1","","0","1","1","0","0"
"POINT (10.182881127000030 53.511813575000076)","Unfall 154620 (2023) Kat:3, Licht: 0","154620","3","6","2","04","09","7","","0","0","1","0","1"
"POINT (10.081175083000062 53.559257622000075)","Unfall 154621 (2023) Kat:3, Licht: 0","154621","3","4","6","04","11","7","","0","0","1","1","0"
"POINT (10.122826858000053 53.596813827000062)","Unfall 154622 (2023) Kat:3, Licht: 0","154622","3","7","5","04","10","7","","0","1","1","0","0"
"POINT (10.044754799000032 53.575023784000052)","Unfall 154623 (2023) Kat:3, Licht: 0","154623","3","4","6","04","16","4","","0","0","1","1","0"
"POINT (10.069220466000047 53.572783167000068)","Unfall 154624 (2023) Kat:3, Licht: 0","154624","3","6","2","04","14","7","","0","0","1","0","0"
"POINT (10.088700560000063 53.663545842000076)","Unfall 154625 (2023) Kat:3, Licht: 1","154625","3","7","0","04","20","7","","1","1","0","0","0"
"POINT (10.051460162000069 53.579931493000061)","Unfall 154626 (2023) Kat:3, Licht: 0","154626","3","5","5","04","08","7","","0","1","1","0","0"
"POINT (9.936260679000043 53.588595752000060)","Unfall 154627 (2023) Kat:2, Licht: 2","154627","2","7","0","04","22","7","","2","0","0","0","0"
"POINT (9.889258002000076 53.618266901000027)","Unfall 154628 (2023) Kat:3, Licht: 0","154628","3","2","3","04","12","7","","0","1","1","0","0"
"POINT (9.901339960000030 53.588167658000032)","Unfall 154629 (2023) Kat:3, Licht: 0","154629","3","4","6","04","15","7","","0","0","0","1","0"
"POINT (9.919002421000073 53.574801021000042)","Unfall 154630 (2023) Kat:2, Licht: 0","154630","2","7","0","04","12","7","","0","1","0","0","0"
"POINT (10.186887449000039 53.644513995000068)","Unfall 154631 (2023) Kat:2, Licht: 0","154631","2","5","5","05","16","3","","0","0","1","0","1"
"POINT (9.912353133000067 53.611532948000047)","Unfall 154632 (2023) Kat:3, Licht: 1","154632","3","1","0","05","21","5","","1","0","0","0","1"
"POINT (9.998142390000055 53.544135445000052)","Unfall 154633 (2023) Kat:1, Licht: 0","154633","1","4","6","04","16","7","","0","0","0","1","0"
"POINT (9.867256855000051 53.585534522000046)","Unfall 154634 (2023) Kat:3, Licht: 0","154634","3","6","3","05","14","6","","0","0","1","0","1"
"POINT (9.993870364000031 53.550906233000035)","Unfall 154635 (2023) Kat:3, Licht: 0","154635","3","7","6","04","16","7","","0","0","0","1","0"
"POINT (10.198200775000032 53.496017371000050)","Unfall 154636 (2023) Kat:3, Licht: 0","154636","3","7","0","04","15","6","","0","0","0","0","0"
"POINT (10.103950192000070 53.543274626000027)","Unfall 154637 (2023) Kat:3, Licht: 0","154637","3","2","9","04","07","6","","0","0","1","0","0"
"POINT (10.146856362000051 53.629933428000072)","Unfall 154638 (2023) Kat:3, Licht: 0","154638","3","6","0","04","17","6","","0","0","1","0","0"
"POINT (10.066559771000072 53.579089037000074)","Unfall 154639 (2023) Kat:3, Licht: 0","154639","3","4","0","04","17","6","","0","0","0","1","1"
"POINT (9.889075053000056 53.593170575000045)","Unfall 154640 (2023) Kat:3, Licht: 0","154640","3","5","1","04","18","6","","0","0","1","0","0"
"POINT (9.994359556000063 53.550455994000060)","Unfall 154641 (2023) Kat:2, Licht: 0","154641","2","4","6","04","18","6","","0","1","0","1","0"
"POINT (9.936675108000031 53.430713554000079)","Unfall 154642 (2023) Kat:3, Licht: 0","154642","3","2","2","04","11","5","","0","0","1","0","0"
"POINT (10.213516312000024 53.490641202000063)","Unfall 154643 (2023) Kat:3, Licht: 0","154643","3","6","3","04","17","5","","0","0","1","0","0"
"POINT (10.204439191000063 53.491831148000074)","Unfall 154644 (2023) Kat:2, Licht: 0","154644","2","4","6","04","17","5","","0","0","1","1","0"
"POINT (10.108986454000046 53.549646726000049)","Unfall 154645 (2023) Kat:3, Licht: 0","154645","3","3","5","04","19","5","","0","0","1","0","0"
"POINT (10.153402481000057 53.611377478000065)","Unfall 154646 (2023) Kat:3, Licht: 0","154646","3","2","4","04","14","5","","0","0","1","0","0"
"POINT (10.100246287000061 53.584411479000039)","Unfall 154647 (2023) Kat:3, Licht: 0","154647","3","6","2","04","18","5","","0","0","1","0","0"
"POINT (10.018260553000061 53.661452338000061)","Unfall 154648 (2023) Kat:3, Licht: 0","154648","3","2","4","04","14","5","","0","1","0","0","0"
"POINT (10.018459220000068 53.591706333000047)","Unfall 154649 (2023) Kat:3, Licht: 0","154649","3","7","2","04","18","5","","0","1","1","0","0"
"POINT (10.040239832000054 53.570178435000059)","Unfall 154650 (2023) Kat:2, Licht: 0","154650","2","2","4","04","12","5","","0","1","1","0","0"
"POINT (9.865802324000072 53.575716434000071)","Unfall 154651 (2023) Kat:3, Licht: 0","154651","3","3","5","04","09","5","","0","1","1","0","0"
"POINT (9.873956270000065 53.597582464000027)","Unfall 154652 (2023) Kat:3, Licht: 0","154652","3","3","5","04","18","5","","0","0","1","0","0"
"POINT (9.951656028000059 53.576147918000061)","Unfall 154653 (2023) Kat:3, Licht: 0","154653","3","2","4","04","11","5","","0","1","1","0","0"
"POINT (9.983247499000072 53.589854399000046)","Unfall 154654 (2023) Kat:3, Licht: 0","154654","3","2","5","04","14","5","","0","1","1","0","0"
"POINT (9.955547878000061 53.584512577000055)","Unfall 154655 (2023) Kat:3, Licht: 1","154655","3","3","5","04","07","5","","1","1","1","0","0"
"POINT (9.958672072000070 53.579598310000051)","Unfall 154656 (2023) Kat:3, Licht: 0","154656","3","7","0","04","16","5","","0","1","0","0","0"
"POINT (9.991449687000056 53.589365698000051)","Unfall 154657 (2023) Kat:3, Licht: 0","154657","3","3","5","04","08","5","","0","1","1","0","0"
"POINT (9.938426940000056 53.580989739000074)","Unfall 154658 (2023) Kat:3, Licht: 0","154658","3","2","3","04","18","5","","0","0","1","0","0"
"POINT (10.000129638000033 53.515150592000055)","Unfall 154659 (2023) Kat:3, Licht: 0","154659","3","6","2","06","14","1","","0","1","1","0","0"
"POINT (9.993556252000076 53.577282688000082)","Unfall 154660 (2023) Kat:3, Licht: 2","154660","3","1","0","04","04","5","","2","0","0","0","0"
"POINT (10.106139890000065 53.547918202000062)","Unfall 154661 (2023) Kat:3, Licht: 1","154661","3","5","5","04","19","4","","1","0","1","0","0"
"POINT (10.074879971000030 53.554938347000075)","Unfall 154662 (2023) Kat:3, Licht: 0","154662","3","3","5","04","07","4","","0","1","1","0","0"
"POINT (10.056185700000071 53.530202207000059)","Unfall 154663 (2023) Kat:3, Licht: 0","154663","3","7","1","04","14","4","","0","1","0","0","0"
"POINT (10.116525207000052 53.608714190000057)","Unfall 154664 (2023) Kat:3, Licht: 0","154664","3","7","6","04","16","4","","0","0","0","1","0"
"POINT (10.071247419000031 53.570598213000039)","Unfall 154665 (2023) Kat:3, Licht: 0","154665","3","3","5","04","08","4","","0","0","1","0","0"