WKT,Name,OBJECTID,UKATEGORIE,UTYP1,UART,UMONAT,USTUNDE,UWOCHENTAG,STRZUSTAND,ULICHTVERH,ISTRAD,ISTPKW,ISTFUSS,ISTKRAD
"POINT (10.087516769000047 53.613025779000054)","Unfall 154666 (2023) Kat:3, Licht: 0","154666","3","5","1","04","13","4","","0","0","1","0","0"
"POINT (10.019174836000047 53.632775009000056)","Unfall 154667 (2023) Kat:3, Licht: 0","154667","3","5","3","04","17","4","","0","1","1","0","0"
"POINT (10.042897734000064 53.568728474000068)","Unfall 154668 (2023) Kat:3, Licht: 0","154668","3","6","3","04","18","4","","0","1","1","0","0"
"POINT (9.856798827000034 53.572455671000057)","Unfall 154669 (2023) Kat:3, Licht: 0","154669","3","6","3","04","08","4","","0","1","1","0","0"
"POINT (9.953261562000023 53.618497690000027)","Unfall 154670 (2023) Kat:3, Licht: 0","154670","3","7","1","04","13","4","","0","0","1","0","0"
"POINT (9.965880311000035 53.588347932000033)","Unfall 154671 (2023) Kat:2, Licht: 0","154671","2","2","3","04","13","4","","0","1","1","0","0"
"POINT (9.957505140000023 53.582852053000067)","Unfall 154672 (2023) Kat:3, Licht: 0","154672","3","2","4","04","07","4","","0","1","1","0","0"
"POINT (9.932955974000038 53.555118968000045)","Unfall 154673 (2023) Kat:3, Licht: 0","154673","3","7","0","04","15","4","","0","1","0","0","0"
"POINT (10.125232218000065 53.668701667000050)","Unfall 154674 (2023) Kat:3, Licht: 0","154674","3","6","2","04","12","5","","0","0","0","0","0"
"POINT (9.934922628000038 53.547712650000051)","Unfall 154675 (2023) Kat:3, Licht: 0","154675","3","7","0","04","18","4","","0","1","0","0","0"
"POINT (9.979437476000044 53.464974556000072)","Unfall 154676 (2023) Kat:3, Licht: 0","154676","3","6","2","04","13","4","","0","0","1","0","0"
"POINT (9.870362767000074 53.476527089000058)","Unfall 154677 (2023) Kat:3, Licht: 0","154677","3","6","2","04","17","3","","0","0","1","0","0"
"POINT (9.965126507000036 53.466668161000030)","Unfall 154678 (2023) Kat:3, Licht: 0","154678","3","7","1","04","15","3","","0","0","1","0","0"
"POINT (9.850083122000058 53.535582905000069)","Unfall 154679 (2023) Kat:3, Licht: 0","154679","3","1","0","06","09","6","","0","1","0","0","0"
"POINT (10.020457193000027 53.479430601000047)","Unfall 154680 (2023) Kat:3, Licht: 0","154680","3","3","5","04","14","3","","0","0","1","0","0"
"POINT (9.915776122000068 53.560830605000035)","Unfall 154681 (2023) Kat:3, Licht: 0","154681","3","2","3","06","15","5","","0","1","0","0","1"
"POINT (10.182889324000030 53.486142077000068)","Unfall 154682 (2023) Kat:3, Licht: 0","154682","3","6","2","04","11","3","","0","0","0","0","0"
"POINT (10.028828381000039 53.552334460000054)","Unfall 154683 (2023) Kat:2, Licht: 2","154683","2","3","5","04","21","3","","2","0","1","0","0"
"POINT (10.036660142000073 53.554988525000056)","Unfall 154684 (2023) Kat:3, Licht: 1","154684","3","3","5","04","19","3","","1","0","1","0","0"
"POINT (10.161668789000032 53.619316409000078)","Unfall 154685 (2023) Kat:3, Licht: 0","154685","3","4","6","04","17","3","","0","1","0","1","0"
"POINT (10.207794089000060 53.490915391000044)","Unfall 154686 (2023) Kat:3, Licht: 2","154686","3","1","0","05","03","1","","2","0","0","0","0"
"POINT (10.064790581000068 53.586575224000057)","Unfall 154687 (2023) Kat:3, Licht: 0","154687","3","2","5","04","10","3","","0","1","1","0","0"
"POINT (10.034876236000059 53.628422676000071)","Unfall 154688 (2023) Kat:3, Licht: 0","154688","3","2","4","04","18","3","","0","0","1","0","0"
"POINT (10.107418671000062 53.653674692000038)","Unfall 154689 (2023) Kat:3, Licht: 0","154689","3","6","2","04","17","3","","0","0","1","0","1"
"POINT (10.070243756000025 53.651481582000031)","Unfall 154690 (2023) Kat:3, Licht: 0","154690","3","6","3","04","14","3","","0","0","1","0","1"
"POINT (9.993478974000027 53.601934812000081)","Unfall 154691 (2023) Kat:3, Licht: 0","154691","3","2","3","04","14","3","","0","1","1","0","0"
"POINT (10.033667768000043 53.576659108000058)","Unfall 154692 (2023) Kat:3, Licht: 0","154692","3","2","3","04","16","3","","0","1","1","0","0"
"POINT (10.160705868000036 53.653004208000027)","Unfall 154693 (2023) Kat:3, Licht: 0","154693","3","2","3","05","09","2","","0","1","1","0","0"
"POINT (10.016509265000025 53.562061970000059)","Unfall 154694 (2023) Kat:2, Licht: 0","154694","2","3","5","04","10","3","","0","1","0","0","0"
"POINT (9.955598829000053 53.626914025000076)","Unfall 154695 (2023) Kat:3, Licht: 0","154695","3","6","4","04","11","3","","0","1","1","0","0"
"POINT (9.934189520000075 53.551851731000056)","Unfall 154696 (2023) Kat:3, Licht: 0","154696","3","7","4","04","10","3","","0","1","1","0","0"
"POINT (9.945474906000072 53.557035056000075)","Unfall 154697 (2023) Kat:3, Licht: 0","154697","3","2","4","04","08","3","","0","1","0","0","0"
"POINT (9.982196609000027 53.566013778000070)","Unfall 154698 (2023) Kat:2, Licht: 0","154698","2","7","0","04","09","3","","0","1","0","0","0"
"POINT (9.941319893000070 53.558022196000081)","Unfall 154699 (2023) Kat:3, Licht: 0","154699","3","3","5","05","17","2","","0","0","1","0","0"
"POINT (10.005218348000028 53.557648128000039)","Unfall 154700 (2023) Kat:3, Licht: 0","154700","3","2","0","04","15","3","","0","1","1","0","0"
"POINT (9.991429060000030 53.572691260000056)","Unfall 154701 (2023) Kat:2, Licht: 2","154701","2","7","0","06","00","1","","2","1","0","0","0"
"POINT (10.046633168000028 53.558289356000046)","Unfall 154702 (2023) Kat:3, Licht: 0","154702","3","2","4","04","08","2","","0","1","1","0","0"
"POINT (10.156162247000054 53.602898398000036)","Unfall 154703 (2023) Kat:3, Licht: 0","154703","3","7","0","04","17","2","","0","0","0","0","0"
"POINT (10.038198309000052 53.576697408000030)","Unfall 154704 (2023) Kat:2, Licht: 0","154704","2","3","5","04","13","5","","0","0","1","0","0"
"POINT (10.133178400000077 53.603568036000070)","Unfall 154705 (2023) Kat:3, Licht: 0","154705","3","5","5","04","09","2","","0","0","1","0","0"
"POINT (10.024617573000057 53.528923814000052)","Unfall 154706 (2023) Kat:3, Licht: 0","154706","3","6","2","05","15","4","","0","0","1","0","0"
"POINT (10.072227806000058 53.569920171000035)","Unfall 154707 (2023) Kat:3, Licht: 0","154707","3","2","4","04","18","2","","0","1","0","0","0"
"POINT (10.145166566000057 53.669026677000033)","Unfall 154708 (2023) Kat:3, Licht: 0","154708","3","3","5","04","07","2","","0","1","1","0","0"
"POINT (10.070982932000049 53.640900871000042)","Unfall 154709 (2023) Kat:3, Licht: 0","154709","3","7","5","04","15","2","","0","0","1","0","0"
"POINT (10.031269282000039 53.607374970000080)","Unfall 154710 (2023) Kat:3, Licht: 2","154710","3","2","6","04","20","2","","2","0","0","1","0"
"POINT (9.867043836000050 53.593125305000058)","Unfall 154711 (2023) Kat:3, Licht: 0","154711","3","6","3","04","18","2","","0","1","1","0","0"
"POINT (9.939827257000047 53.629793086000063)","Unfall 154712 (2023) Kat:3, Licht: 0","154712","3","3","5","04","07","2","","0","0","1","0","0"
"POINT (9.969124286000067 53.580731805000028)","Unfall 154713 (2023) Kat:2, Licht: 0","154713","2","5","1","04","17","2","","0","0","1","0","0"
"POINT (9.978210044000036 53.566610287000060)","Unfall 154714 (2023) Kat:3, Licht: 0","154714","3","4","6","04","16","2","","0","0","1","1","0"
"POINT (9.965569159000040 53.564094605000037)","Unfall 154715 (2023) Kat:3, Licht: 0","154715","3","2","4","04","16","2","","0","1","0","0","0"
"POINT (10.007148114000074 53.548054607000040)","Unfall 154716 (2023) Kat:3, Licht: 0","154716","3","6","2","04","13","2","","0","0","1","0","0"
"POINT (9.965562983000041 53.539513526000064)","Unfall 154717 (2023) Kat:3, Licht: 0","154717","3","2","4","04","06","2","","0","1","1","0","0"
"POINT (10.004092252000021 53.505959677000078)","Unfall 154718 (2023) Kat:3, Licht: 1","154718","3","2","4","04","19","1","","1","0","1","0","0"
"POINT (10.019490195000060 53.549539368000069)","Unfall 154719 (2023) Kat:2, Licht: 1","154719","2","7","0","04","20","3","","1","0","0","0","1"
"POINT (9.998498364000056 53.507031917000063)","Unfall 154720 (2023) Kat:3, Licht: 0","154720","3","1","0","04","13","1","","0","1","0","0","0"
"POINT (10.216388452000047 53.485825172000034)","Unfall 154721 (2023) Kat:3, Licht: 0","154721","3","3","5","04","09","1","","0","1","1","0","0"
"POINT (10.091157814000042 53.667927538000072)","Unfall 154722 (2023) Kat:3, Licht: 2","154722","3","1","0","05","02","2","","2","1","0","0","0"
"POINT (10.101846280000075 53.597473870000044)","Unfall 154723 (2023) Kat:2, Licht: 2","154723","2","3","5","04","02","1","","2","0","1","0","0"
"POINT (10.006312627000057 53.633186412000043)","Unfall 154724 (2023) Kat:3, Licht: 0","154724","3","5","3","04","17","1","","0","0","1","0","0"
"POINT (9.982665066000038 53.544205098000077)","Unfall 154725 (2023) Kat:3, Licht: 0","154725","3","2","3","04","18","1","","0","1","1","0","0"
"POINT (9.955306280000059 53.455925593000075)","Unfall 154726 (2023) Kat:3, Licht: 0","154726","3","5","5","04","12","7","","0","0","1","0","0"
"POINT (9.962627539000039 53.548460319000071)","Unfall 154727 (2023) Kat:3, Licht: 2","154727","3","1","0","04","05","1","","2","0","0","0","0"
"POINT (10.104220254000040 53.539101991000052)","Unfall 154728 (2023) Kat:3, Licht: 0","154728","3","5","5","04","13","7","","0","0","1","0","0"
"POINT (10.106961379000040 53.641660829000045)","Unfall 154729 (2023) Kat:3, Licht: 0","154729","3","5","5","04","11","7","","0","0","1","0","0"
"POINT (10.006213990000049 53.586024125000051)","Unfall 154730 (2023) Kat:3, Licht: 0","154730","3","2","5","04","09","7","","0","1","0","0","0"
"POINT (10.010675059000050 53.582541765000030)","Unfall 154731 (2023) Kat:2, Licht: 1","154731","2","3","5","04","22","7","","1","0","1","0","1"
"POINT (9.978251925000052 53.586595642000077)","Unfall 154732 (2023) Kat:2, Licht: 0","154732","2","3","5","04","16","7","","0","1","1","0","0"
"POINT (9.942600268000035 53.555560047000029)","Unfall 154733 (2023) Kat:3, Licht: 0","154733","3","6","3","04","17","7","","0","0","0","0","0"
"POINT (9.792438846000039 53.514223752000078)","Unfall 154734 (2023) Kat:3, Licht: 0","154734","3","1","0","03","15","6","","0","1","0","0","0"
"POINT (10.076348477000067 53.566869693000058)","Unfall 154735 (2023) Kat:2, Licht: 2","154735","2","7","0","03","18","6","","2","0","0","0","0"
"POINT (10.108050148000075 53.708312732000081)","Unfall 154736 (2023) Kat:3, Licht: 0","154736","3","6","2","03","11","6","","0","0","1","0","0"
"POINT (10.053897787000039 53.568847780000056)","Unfall 154737 (2023) Kat:3, Licht: 0","154737","3","2","6","03","17","6","","0","0","0","1","0"
"POINT (10.056719102000045 53.568695663000028)","Unfall 154738 (2023) Kat:3, Licht: 0","154738","3","3","5","03","17","6","","0","0","1","0","0"
"POINT (9.892977651000024 53.557097423000073)","Unfall 154739 (2023) Kat:3, Licht: 0","154739","3","6","3","03","08","6","","0","0","1","0","0"
"POINT (9.975879687000031 53.584685145000037)","Unfall 154740 (2023) Kat:3, Licht: 0","154740","3","7","1","03","14","6","","0","1","1","0","0"
"POINT (9.949539794000032 53.558167572000059)","Unfall 154741 (2023) Kat:3, Licht: 0","154741","3","6","2","03","14","6","","0","0","1","0","0"
"POINT (9.979119086000026 53.579739967000080)","Unfall 154742 (2023) Kat:3, Licht: 0","154742","3","4","6","03","09","6","","0","1","0","1","0"
"POINT (10.009474498000031 53.556083446000059)","Unfall 154743 (2023) Kat:3, Licht: 0","154743","3","6","6","03","13","6","","0","1","0","1","0"
"POINT (10.115859582000041 53.488093356000036)","Unfall 154744 (2023) Kat:3, Licht: 2","154744","3","2","4","03","06","5","","2","0","1","0","0"
"POINT (9.838114046000044 53.557125256000063)","Unfall 154745 (2023) Kat:2, Licht: 1","154745","2","3","5","04","19","6","","1","0","1","0","1"
"POINT (10.034299229000055 53.628009019000046)","Unfall 154746 (2023) Kat:3, Licht: 0","154746","3","6","3","04","15","3","","0","1","1","0","0"
"POINT (10.113893272000041 53.534231007000074)","Unfall 154747 (2023) Kat:3, Licht: 2","154747","3","7","3","03","21","5","","2","0","1","0","1"
"POINT (10.041719566000040 53.534343647000071)","Unfall 154748 (2023) Kat:3, Licht: 2","154748","3","2","6","03","22","5","","2","0","1","1","0"
"POINT (10.038805127000046 53.552503523000041)","Unfall 154749 (2023) Kat:2, Licht: 0","154749","2","2","3","03","13","5","","0","1","1","0","0"
"POINT (10.132262725000032 53.599866241000029)","Unfall 154750 (2023) Kat:3, Licht: 0","154750","3","7","0","03","15","5","","0","1","0","0","0"
"POINT (10.010312736000060 53.521023554000067)","Unfall 154751 (2023) Kat:3, Licht: 0","154751","3","6","4","05","16","4","","0","1","0","0","0"
"POINT (10.084878067000034 53.607834399000069)","Unfall 154752 (2023) Kat:3, Licht: 0","154752","3","6","2","03","17","5","","0","0","1","0","0"
"POINT (10.070190587000070 53.606825597000068)","Unfall 154753 (2023) Kat:3, Licht: 0","154753","3","2","4","03","16","5","","0","0","1","0","1"
"POINT (10.099482615000056 53.695552741000029)","Unfall 154754 (2023) Kat:3, Licht: 0","154754","3","1","9","03","17","5","","0","0","1","0","0"
"POINT (10.072117823000042 53.596894264000071)","Unfall 154755 (2023) Kat:3, Licht: 0","154755","3","7","6","05","16","3","","0","0","0","1","0"
"POINT (9.996430745000055 53.645138889000066)","Unfall 154756 (2023) Kat:3, Licht: 0","154756","3","3","5","03","14","5","","0","0","1","0","0"
"POINT (10.068246374000068 53.644113519000030)","Unfall 154757 (2023) Kat:3, Licht: 0","154757","3","3","5","04","09","7","","0","1","1","0","0"
"POINT (10.011522882000065 53.610252565000053)","Unfall 154758 (2023) Kat:3, Licht: 0","154758","3","2","4","03","08","5","","0","0","1","0","0"
"POINT (10.031235350000031 53.565160272000071)","Unfall 154759 (2023) Kat:3, Licht: 0","154759","3","3","5","03","09","5","","0","1","1","0","0"
"POINT (10.021213641000031 53.581295181000030)","Unfall 154760 (2023) Kat:3, Licht: 2","154760","3","7","0","05","02","3","","2","0","0","0","0"
"POINT (9.931923354000048 53.592422235000072)","Unfall 154761 (2023) Kat:3, Licht: 2","154761","3","5","1","03","20","5","","2","0","1","0","1"
"POINT (9.809180518000062 53.563594728000055)","Unfall 154762 (2023) Kat:3, Licht: 0","154762","3","2","3","03","08","5","","0","1","0","0","1"
"POINT (9.926358119000042 53.571833554000079)","Unfall 154763 (2023) Kat:3, Licht: 0","154763","3","3","5","03","11","5","","0","0","1","0","0"
"POINT (9.976828251000029 53.564418016000047)","Unfall 154764 (2023) Kat:3, Licht: 0","154764","3","6","2","03","07","5","","0","0","1","0","0"
"POINT (9.965870058000064 53.562032880000061)","Unfall 154765 (2023) Kat:3, Licht: 0","154765","3","7","0","03","15","5","","0","1","0","0","0"
"POINT (10.017011704000026 53.564111216000072)","Unfall 154766 (2023) Kat:3, Licht: 0","154766","3","3","5","04","15","1","","0","0","1","0","0"
"POINT (9.951128854000046 53.555986982000036)","Unfall 154767 (2023) Kat:3, Licht: 0","154767","3","6","3","03","09","5","","0","1","1","0","0"
"POINT (9.984247676000052 53.555067820000033)","Unfall 154768 (2023) Kat:3, Licht: 0","154768","3","3","5","03","08","5","","0","1","1","0","0"
"POINT (9.954782010000031 53.455849763000060)","Unfall 154769 (2023) Kat:3, Licht: 0","154769","3","2","4","03","16","4","","0","0","1","0","0"
"POINT (10.117841278000071 53.536344360000044)","Unfall 154770 (2023) Kat:3, Licht: 0","154770","3","2","4","03","08","4","","0","1","1","0","0"
"POINT (10.031880886000067 53.588107631000071)","Unfall 154771 (2023) Kat:3, Licht: 0","154771","3","2","3","05","06","5","","0","0","1","0","1"
"POINT (10.106442004000030 53.557046017000062)","Unfall 154772 (2023) Kat:3, Licht: 0","154772","3","5","1","03","08","4","","0","0","0","0","0"
"POINT (10.058310998000024 53.552243772000054)","Unfall 154773 (2023) Kat:2, Licht: 0","154773","2","2","2","03","12","4","","0","0","1","0","0"
"POINT (10.057467049000024 53.607777656000053)","Unfall 154774 (2023) Kat:3, Licht: 0","154774","3","3","5","03","16","4","","0","1","1","0","0"
"POINT (10.063361307000037 53.653830349000032)","Unfall 154775 (2023) Kat:2, Licht: 0","154775","2","6","3","03","11","4","","0","1","1","0","0"
"POINT (9.979769081000029 53.580462781000051)","Unfall 154776 (2023) Kat:3, Licht: 0","154776","3","1","0","03","15","4","","0","1","0","0","0"
"POINT (9.989330798000026 53.581926255000042)","Unfall 154777 (2023) Kat:3, Licht: 2","154777","3","3","5","03","20","4","","2","1","1","0","0"
"POINT (9.970592868000040 53.545707305000064)","Unfall 154778 (2023) Kat:3, Licht: 1","154778","3","6","3","03","07","4","","1","1","0","0","0"
"POINT (9.987178360000030 53.514262945000041)","Unfall 154779 (2023) Kat:3, Licht: 0","154779","3","3","5","03","17","3","","0","1","0","0","0"
"POINT (9.990614918000063 53.494451642000058)","Unfall 154780 (2023) Kat:3, Licht: 0","154780","3","4","6","03","19","3","","0","0","0","1","0"
"POINT (10.140174553000065 53.625202765000040)","Unfall 154781 (2023) Kat:2, Licht: 0","154781","2","7","0","03","08","3","","0","1","0","0","0"
"POINT (10.004013077000025 53.553983798000047)","Unfall 154782 (2023) Kat:3, Licht: 0","154782","3","2","3","06","07","5","","0","1","0","0","0"
"POINT (10.113396902000034 53.599849608000056)","Unfall 154783 (2023) Kat:3, Licht: 0","154783","3","6","3","03","16","3","","0","0","1","0","0"
"POINT (10.116432334000024 53.608998318000033)","Unfall 154784 (2023) Kat:3, Licht: 2","154784","3","7","0","03","05","3","","2","0","0","0","1"
"POINT (10.067487342000049 53.582812827000055)","Unfall 154785 (2023) Kat:3, Licht: 1","154785","3","6","2","03","19","3","","1","0","1","0","0"
"POINT (10.080544929000041 53.581013605000066)","Unfall 154786 (2023) Kat:3, Licht: 0","154786","3","1","0","03","06","3","","0","1","0","0","0"
"POINT (10.186433020000038 53.652915169000039)","Unfall 154787 (2023) Kat:3, Licht: 0","154787","3","4","6","03","06","3","","0","1","0","1","0"
"POINT (10.136995160000026 53.692112727000051)","Unfall 154788 (2023) Kat:3, Licht: 0","154788","3","7","0","03","07","3","","0","1","0","0","0"
"POINT (10.153183569000021 53.693173273000070)","Unfall 154789 (2023) Kat:3, Licht: 2","154789","3","7","0","03","22","3","","2","0","1","0","0"
"POINT (10.015696615000024 53.585815626000056)","Unfall 154790 (2023) Kat:3, Licht: 0","154790","3","3","4","03","16","3","","0","1","1","0","0"
"POINT (9.995959951000032 53.583860462000075)","Unfall 154791 (2023) Kat:3, Licht: 1","154791","3","7","0","03","06","3","","1","1","0","0","0"
"POINT (10.040532743000028 53.570259102000080)","Unfall 154792 (2023) Kat:2, Licht: 0","154792","2","3","5","03","18","3","","0","0","1","0","0"
"POINT (10.047247394000067 53.584501453000030)","Unfall 154793 (2023) Kat:3, Licht: 0","154793","3","1","0","03","06","3","","0","1","0","0","0"
"POINT (10.056938018000039 53.575729808000062)","Unfall 154794 (2023) Kat:3, Licht: 0","154794","3","1","0","03","07","3","","0","0","0","0","1"
"POINT (9.905011635000051 53.608556562000047)","Unfall 154795 (2023) Kat:3, Licht: 0","154795","3","6","3","03","17","3","","0","0","1","0","0"
"POINT (9.927980923000064 53.607578473000046)","Unfall 154796 (2023) Kat:3, Licht: 1","154796","3","1","0","03","07","3","","1","1","0","0","0"
"POINT (9.862729624000053 53.607149879000076)","Unfall 154797 (2023) Kat:3, Licht: 0","154797","3","5","1","03","18","3","","0","0","1","0","0"
"POINT (9.905064702000061 53.622860041000081)","Unfall 154798 (2023) Kat:3, Licht: 0","154798","3","7","6","03","16","3","","0","1","0","1","0"
"POINT (9.987650445000043 53.562553489000038)","Unfall 154799 (2023) Kat:3, Licht: 0","154799","3","7","0","03","15","5","","0","0","1","0","0"
"POINT (9.981917376000069 53.613659697000060)","Unfall 154800 (2023) Kat:3, Licht: 0","154800","3","7","0","03","08","3","","0","1","0","0","0"
"POINT (9.963743514000043 53.577375404000065)","Unfall 154801 (2023) Kat:3, Licht: 0","154801","3","7","0","03","08","3","","0","1","0","0","0"
"POINT (9.947145647000070 53.555545817000052)","Unfall 154802 (2023) Kat:3, Licht: 0","154802","3","3","5","03","09","3","","0","1","1","0","0"
"POINT (9.941858734000050 53.565413244000069)","Unfall 154803 (2023) Kat:3, Licht: 0","154803","3","7","0","03","07","3","","0","1","0","0","0"
"POINT (9.988857318000044 53.572667253000077)","Unfall 154804 (2023) Kat:3, Licht: 0","154804","3","7","0","03","06","3","","0","1","0","0","0"
"POINT (9.997267814000054 53.578531442000042)","Unfall 154805 (2023) Kat:3, Licht: 0","154805","3","1","0","03","08","3","","0","1","0","0","0"
"POINT (9.966226133000021 53.565754625000068)","Unfall 154806 (2023) Kat:3, Licht: 0","154806","3","7","0","03","07","3","","0","1","0","0","0"
"POINT (10.001875793000067 53.553266391000079)","Unfall 154807 (2023) Kat:3, Licht: 0","154807","3","5","5","03","13","3","","0","0","1","0","1"
"POINT (10.013509698000064 53.561252997000054)","Unfall 154808 (2023) Kat:3, Licht: 0","154808","3","2","3","03","13","3","","0","1","1","0","0"
"POINT (10.007562402000076 53.550382371000069)","Unfall 154809 (2023) Kat:3, Licht: 0","154809","3","7","0","03","08","3","","0","1","0","0","0"
"POINT (9.856367957000032 53.473472451000077)","Unfall 154810 (2023) Kat:3, Licht: 0","154810","3","1","8","03","17","2","","0","0","1","0","0"
"POINT (9.862055861000044 53.597766859000046)","Unfall 154811 (2023) Kat:3, Licht: 0","154811","3","3","5","05","17","3","","0","0","1","0","0"
"POINT (9.908149908000041 53.545844868000074)","Unfall 154812 (2023) Kat:3, Licht: 2","154812","3","5","1","05","02","2","","2","0","1","0","0"
"POINT (10.050820292000026 53.547868432000030)","Unfall 154813 (2023) Kat:3, Licht: 0","154813","3","3","5","03","17","2","","0","0","1","0","0"
"POINT (10.139189695000027 53.587168904000066)","Unfall 154814 (2023) Kat:3, Licht: 2","154814","3","3","5","03","20","2","","2","0","0","0","0"
"POINT (10.115635345000044 53.571161712000048)","Unfall 154815 (2023) Kat:2, Licht: 2","154815","2","2","6","03","23","2","","2","0","1","1","0"
"POINT (10.121296415000074 53.586492812000074)","Unfall 154816 (2023) Kat:2, Licht: 0","154816","2","6","3","03","15","2","","0","0","1","0","0"
"POINT (10.137619402000041 53.626037661000055)","Unfall 154817 (2023) Kat:3, Licht: 0","154817","3","6","2","03","16","2","","0","0","1","0","0"
"POINT (10.012856213000020 53.650478537000026)","Unfall 154818 (2023) Kat:3, Licht: 0","154818","3","5","1","05","18","2","","0","1","1","0","0"
"POINT (10.125275741000053 53.572020137000038)","Unfall 154819 (2023) Kat:3, Licht: 0","154819","3","6","2","03","15","2","","0","0","1","0","0"
"POINT (10.015989948000026 53.649410764000038)","Unfall 154820 (2023) Kat:3, Licht: 0","154820","3","7","0","03","19","2","","0","0","1","0","0"
"POINT (9.996952110000052 53.597643190000042)","Unfall 154821 (2023) Kat:3, Licht: 0","154821","3","2","6","03","14","2","","0","0","1","1","0"
"POINT (9.956053964000034 53.627961762000041)","Unfall 154822 (2023) Kat:3, Licht: 0","154822","3","2","4","03","07","2","","0","1","1","0","0"
"POINT (9.925776690000021 53.555427699000063)","Unfall 154823 (2023) Kat:3, Licht: 0","154823","3","7","1","03","17","2","","0","1","0","0","0"
"POINT (9.984481428000038 53.564117157000055)","Unfall 154824 (2023) Kat:3, Licht: 2","154824","3","3","5","03","21","2","","2","1","1","0","0"
"POINT (9.989831252000045 53.447741668000049)","Unfall 154825 (2023) Kat:3, Licht: 0","154825","3","2","2","03","15","1","","0","0","1","0","0"
"POINT (10.036868359000039 53.552427737000073)","Unfall 154826 (2023) Kat:3, Licht: 0","154826","3","6","2","03","12","1","","0","0","1","0","0"
"POINT (10.133224209000048 53.583996291000062)","Unfall 154827 (2023) Kat:3, Licht: 0","154827","3","5","1","03","13","1","","0","0","1","0","0"
"POINT (10.118245151000053 53.606848447000061)","Unfall 154828 (2023) Kat:3, Licht: 0","154828","3","6","2","03","12","1","","0","0","1","0","0"
"POINT (10.076199449000057 53.663619075000042)","Unfall 154829 (2023) Kat:3, Licht: 0","154829","3","3","5","03","09","1","","0","0","1","0","0"
"POINT (9.863514796000061 53.578181611000048)","Unfall 154830 (2023) Kat:3, Licht: 0","154830","3","2","1","03","11","1","","0","0","1","0","0"
"POINT (9.915639114000044 53.642664419000027)","Unfall 154831 (2023) Kat:2, Licht: 2","154831","2","3","5","03","04","1","","2","0","0","0","1"
"POINT (9.955464038000059 53.550207718000081)","Unfall 154832 (2023) Kat:3, Licht: 2","154832","3","7","6","03","04","1","","2","0","1","1","0"
"POINT (9.917651229000057 53.545908760000032)","Unfall 154833 (2023) Kat:3, Licht: 0","154833","3","6","2","03","11","1","","0","0","1","0","0"
"POINT (9.932910983000056 53.556544396000049)","Unfall 154834 (2023) Kat:2, Licht: 0","154834","2","7","6","03","10","1","","0","1","0","1","0"
"POINT (9.997872073000053 53.556721135000032)","Unfall 154835 (2023) Kat:3, Licht: 0","154835","3","6","2","03","11","1","","0","0","1","0","0"
"POINT (10.029175935000069 53.526296779000063)","Unfall 154836 (2023) Kat:3, Licht: 0","154836","3","6","3","03","14","7","","0","0","1","0","0"
"POINT (10.182204040000045 53.485294438000039)","Unfall 154837 (2023) Kat:2, Licht: 0","154837","2","6","3","03","11","7","","0","1","0","0","0"
"POINT (10.149870666000027 53.527575972000079)","Unfall 154838 (2023) Kat:3, Licht: 1","154838","3","4","6","03","18","7","","1","0","1","1","0"
"POINT (10.082579802000055 53.534883365000042)","Unfall 154839 (2023) Kat:3, Licht: 0","154839","3","2","3","06","11","4","","0","1","0","0","0"
"POINT (10.106364288000066 53.546568178000030)","Unfall 154840 (2023) Kat:3, Licht: 0","154840","3","3","5","03","13","7","","0","0","1","0","0"
"POINT (10.066167324000048 53.559673300000043)","Unfall 154841 (2023) Kat:3, Licht: 0","154841","3","7","0","03","13","7","","0","1","0","0","0"
"POINT (10.024344902000053 53.551457977000041)","Unfall 154842 (2023) Kat:3, Licht: 2","154842","3","5","1","03","22","7","","2","0","1","0","0"
"POINT (10.074934929000051 53.574603626000055)","Unfall 154843 (2023) Kat:3, Licht: 1","154843","3","2","4","03","19","7","","1","0","1","0","0"
"POINT (9.956565509000029 53.582750201000067)","Unfall 154844 (2023) Kat:3, Licht: 0","154844","3","2","3","06","16","5","","0","1","1","0","0"
"POINT (10.064793907000023 53.584251946000052)","Unfall 154845 (2023) Kat:3, Licht: 0","154845","3","4","6","04","15","5","","0","0","1","1","0"
"POINT (9.977694668000026 53.571584298000062)","Unfall 154846 (2023) Kat:3, Licht: 1","154846","3","1","8","03","18","7","","1","0","1","0","0"
"POINT (10.008687892000069 53.552610517000062)","Unfall 154847 (2023) Kat:3, Licht: 2","154847","3","4","6","03","22","7","","2","0","1","1","0"
"POINT (9.992210856000042 53.507797417000063)","Unfall 154848 (2023) Kat:3, Licht: 0","154848","3","3","5","03","16","6","","0","1","1","0","0"
"POINT (10.085291129000041 53.553212916000064)","Unfall 154849 (2023) Kat:3, Licht: 0","154849","3","6","3","03","06","6","","0","1","0","0","0"
"POINT (10.073942560000035 53.558102013000052)","Unfall 154850 (2023) Kat:3, Licht: 0","154850","3","1","1","03","14","6","","0","0","1","0","0"
"POINT (10.124721338000029 53.571127301000047)","Unfall 154851 (2023) Kat:3, Licht: 2","154851","3","2","4","03","21","6","","2","0","1","0","0"