WKT,Name,OBJECTID,UKATEGORIE,UTYP1,UART,UMONAT,USTUNDE,UWOCHENTAG,STRZUSTAND,ULICHTVERH,ISTRAD,ISTPKW,ISTFUSS,ISTKRAD
"POINT (10.050742654000032 53.599491235000073)","Unfall 154852 (2023) Kat:3, Licht: 0","154852","3","4","6","03","16","6","","0","0","0","1","0"
"POINT (10.009731934000058 53.666284396000037)","Unfall 154853 (2023) Kat:3, Licht: 0","154853","3","1","1","03","08","6","","0","1","1","0","0"
"POINT (10.083104696000021 53.575999218000049)","Unfall 154854 (2023) Kat:3, Licht: 0","154854","3","3","5","05","08","6","","0","1","1","0","0"
"POINT (10.012469735000025 53.580428344000040)","Unfall 154855 (2023) Kat:3, Licht: 1","154855","3","5","1","03","18","6","","1","1","1","0","0"
"POINT (10.035783152000022 53.600884194000059)","Unfall 154856 (2023) Kat:3, Licht: 2","154856","3","2","4","03","18","6","","2","0","1","0","0"
"POINT (9.908973277000030 53.612204581000071)","Unfall 154857 (2023) Kat:3, Licht: 0","154857","3","7","0","03","15","6","","0","1","0","0","0"
"POINT (9.810416318000023 53.562661112000058)","Unfall 154858 (2023) Kat:3, Licht: 2","154858","3","7","0","03","21","6","","2","1","0","0","0"
"POINT (9.895413396000038 53.557357014000047)","Unfall 154859 (2023) Kat:3, Licht: 0","154859","3","2","4","03","15","6","","0","0","1","0","0"
"POINT (9.920033796000041 53.562774963000038)","Unfall 154860 (2023) Kat:3, Licht: 0","154860","3","6","2","03","15","6","","0","0","1","0","0"
"POINT (9.951635858000031 53.576081951000049)","Unfall 154861 (2023) Kat:3, Licht: 2","154861","3","2","0","03","22","6","","2","0","1","0","1"
"POINT (9.982996344000071 53.584128656000075)","Unfall 154862 (2023) Kat:3, Licht: 0","154862","3","2","4","03","17","6","","0","1","1","0","0"
"POINT (9.841738790000022 53.576190741000062)","Unfall 154863 (2023) Kat:3, Licht: 0","154863","3","2","2","05","11","4","","0","0","1","0","0"
"POINT (9.988270965000027 53.556602998000074)","Unfall 154864 (2023) Kat:3, Licht: 2","154864","3","7","6","03","22","6","","2","0","1","1","0"
"POINT (9.973157135000065 53.576873331000058)","Unfall 154865 (2023) Kat:3, Licht: 0","154865","3","3","5","05","11","4","","0","1","0","0","0"
"POINT (10.009909139000058 53.556415771000047)","Unfall 154866 (2023) Kat:3, Licht: 0","154866","3","4","6","03","15","6","","0","1","0","1","0"
"POINT (10.078215498000077 53.523677936000070)","Unfall 154867 (2023) Kat:3, Licht: 0","154867","3","6","0","03","11","5","","0","1","0","0","0"
"POINT (10.005093834000036 53.656360398000061)","Unfall 154868 (2023) Kat:3, Licht: 2","154868","3","1","9","04","03","6","","2","0","1","0","0"
"POINT (10.031240041000046 53.552226835000056)","Unfall 154869 (2023) Kat:3, Licht: 0","154869","3","6","2","03","17","5","","0","0","1","0","0"
"POINT (10.043156524000040 53.548294497000029)","Unfall 154870 (2023) Kat:3, Licht: 0","154870","3","6","3","03","13","5","","0","0","1","0","1"
"POINT (10.069357269000022 53.650176387000045)","Unfall 154871 (2023) Kat:3, Licht: 2","154871","3","1","8","03","20","5","","2","0","1","0","0"
"POINT (10.158445157000074 53.658209134000060)","Unfall 154872 (2023) Kat:3, Licht: 2","154872","3","1","8","03","19","5","","2","1","0","0","0"
"POINT (10.146455909000053 53.668758767000043)","Unfall 154873 (2023) Kat:3, Licht: 0","154873","3","6","2","03","16","5","","0","0","1","0","0"
"POINT (10.068485000000067 53.651121683000042)","Unfall 154874 (2023) Kat:3, Licht: 0","154874","3","7","4","03","15","5","","0","0","1","0","0"
"POINT (10.130637979000028 53.645859885000050)","Unfall 154875 (2023) Kat:3, Licht: 2","154875","3","3","5","03","05","5","","2","0","1","0","1"
"POINT (10.042544646000067 53.589193445000035)","Unfall 154876 (2023) Kat:3, Licht: 0","154876","3","7","0","03","08","5","","0","0","0","0","1"
"POINT (10.035646240000062 53.575059650000071)","Unfall 154877 (2023) Kat:3, Licht: 1","154877","3","2","3","03","19","5","","1","1","1","0","0"
"POINT (10.028298161000066 53.570521944000063)","Unfall 154878 (2023) Kat:3, Licht: 0","154878","3","4","6","03","17","5","","0","1","1","1","0"
"POINT (10.036941710000065 53.565178538000055)","Unfall 154879 (2023) Kat:3, Licht: 0","154879","3","3","5","03","09","5","","0","1","1","0","0"
"POINT (9.928068400000029 53.643047442000068)","Unfall 154880 (2023) Kat:2, Licht: 0","154880","2","1","0","03","07","5","","0","1","0","0","0"
"POINT (9.963017523000076 53.569648027000028)","Unfall 154881 (2023) Kat:3, Licht: 0","154881","3","6","3","03","12","5","","0","1","0","0","0"
"POINT (9.942594276000023 53.580150048000064)","Unfall 154882 (2023) Kat:3, Licht: 0","154882","3","5","1","03","08","5","","0","1","1","0","0"
"POINT (9.996950135000077 53.546365377000029)","Unfall 154883 (2023) Kat:3, Licht: 0","154883","3","2","4","03","17","5","","0","0","1","0","0"
"POINT (9.974748623000039 53.544731583000043)","Unfall 154884 (2023) Kat:3, Licht: 0","154884","3","6","2","03","14","5","","0","0","1","0","0"
"POINT (9.948389091000024 53.465091076000078)","Unfall 154885 (2023) Kat:2, Licht: 2","154885","2","1","0","03","21","4","","2","1","0","0","0"
"POINT (10.114113029000066 53.555445417000044)","Unfall 154886 (2023) Kat:3, Licht: 0","154886","3","5","5","03","14","4","","0","1","1","0","0"
"POINT (10.127714201000060 53.532412850000071)","Unfall 154887 (2023) Kat:3, Licht: 0","154887","3","7","0","03","08","4","","0","0","0","0","0"
"POINT (10.108654294000075 53.563068114000032)","Unfall 154888 (2023) Kat:3, Licht: 0","154888","3","6","2","03","07","4","","0","0","1","0","0"
"POINT (10.063346402000036 53.536471232000054)","Unfall 154889 (2023) Kat:2, Licht: 0","154889","2","6","3","03","17","4","","0","0","1","0","0"
"POINT (10.137763440000072 53.570770795000044)","Unfall 154890 (2023) Kat:3, Licht: 0","154890","3","3","5","03","16","4","","0","0","1","0","1"
"POINT (10.137880646000042 53.608207059000051)","Unfall 154891 (2023) Kat:3, Licht: 0","154891","3","7","0","03","12","4","","0","1","0","0","0"
"POINT (9.898104104000026 53.571129488000054)","Unfall 154892 (2023) Kat:2, Licht: 0","154892","2","6","3","06","08","2","","0","1","0","0","0"
"POINT (9.954303502000073 53.569501938000030)","Unfall 154893 (2023) Kat:3, Licht: 0","154893","3","3","5","03","07","4","","0","1","0","0","0"
"POINT (10.026068408000071 53.626480814000047)","Unfall 154894 (2023) Kat:3, Licht: 0","154894","3","3","5","03","09","4","","0","1","1","0","0"
"POINT (10.005732479000073 53.648619359000065)","Unfall 154895 (2023) Kat:2, Licht: 2","154895","2","4","6","03","21","4","","2","0","1","1","0"
"POINT (9.906865322000044 53.615813159000027)","Unfall 154896 (2023) Kat:3, Licht: 0","154896","3","6","2","03","13","4","","0","0","1","0","0"
"POINT (9.938244671000064 53.583997329000056)","Unfall 154897 (2023) Kat:3, Licht: 0","154897","3","5","1","03","07","4","","0","1","1","0","0"
"POINT (9.922071833000075 53.645301615000051)","Unfall 154898 (2023) Kat:3, Licht: 0","154898","3","3","5","03","18","4","","0","1","1","0","0"
"POINT (9.948778303000040 53.576403550000066)","Unfall 154899 (2023) Kat:3, Licht: 0","154899","3","7","0","03","14","4","","0","1","0","0","0"
"POINT (9.954116448000036 53.553816121000068)","Unfall 154900 (2023) Kat:3, Licht: 0","154900","3","3","5","03","14","4","","0","1","1","0","0"
"POINT (9.956682769000054 53.562117141000044)","Unfall 154901 (2023) Kat:3, Licht: 0","154901","3","4","6","03","15","4","","0","0","1","1","0"
"POINT (10.003245475000028 53.554332214000056)","Unfall 154902 (2023) Kat:3, Licht: 2","154902","3","6","2","03","17","4","","2","0","1","0","0"
"POINT (10.030653103000077 53.619470567000064)","Unfall 154903 (2023) Kat:3, Licht: 2","154903","3","6","2","05","21","4","","2","0","1","0","0"
"POINT (9.991037784000071 53.446947483000031)","Unfall 154904 (2023) Kat:3, Licht: 0","154904","3","6","3","03","15","3","","0","0","0","0","0"
"POINT (9.981141138000055 53.421287837000079)","Unfall 154905 (2023) Kat:3, Licht: 0","154905","3","5","5","03","14","3","","0","0","1","0","0"
"POINT (10.025119207000046 53.553612963000035)","Unfall 154906 (2023) Kat:3, Licht: 0","154906","3","6","2","03","11","3","","0","0","1","0","0"
"POINT (10.027906239000060 53.552173723000067)","Unfall 154907 (2023) Kat:3, Licht: 0","154907","3","6","4","03","08","3","","0","1","0","0","0"
"POINT (10.055591478000053 53.579911382000034)","Unfall 154908 (2023) Kat:3, Licht: 0","154908","3","3","5","05","08","6","","0","1","1","0","0"
"POINT (10.154987257000073 53.587636290000034)","Unfall 154909 (2023) Kat:3, Licht: 0","154909","3","3","5","03","07","3","","0","0","1","0","0"
"POINT (10.069807849000028 53.575046991000079)","Unfall 154910 (2023) Kat:2, Licht: 2","154910","2","6","2","03","20","3","","2","0","1","0","0"
"POINT (10.019365460000074 53.618141606000052)","Unfall 154911 (2023) Kat:3, Licht: 0","154911","3","3","5","03","14","3","","0","0","1","0","0"
"POINT (10.032413613000074 53.635381910000035)","Unfall 154912 (2023) Kat:3, Licht: 0","154912","3","3","5","04","10","2","","0","0","1","0","0"
"POINT (10.023999431000050 53.558188891000043)","Unfall 154913 (2023) Kat:3, Licht: 1","154913","3","6","3","03","17","3","","1","0","1","0","0"
"POINT (9.867662712000026 53.585641836000036)","Unfall 154914 (2023) Kat:3, Licht: 0","154914","3","5","5","03","11","3","","0","1","1","0","0"
"POINT (9.963442278000059 53.603548632000070)","Unfall 154915 (2023) Kat:3, Licht: 0","154915","3","6","2","03","14","3","","0","0","1","0","0"
"POINT (9.961900383000057 53.566433269000072)","Unfall 154916 (2023) Kat:3, Licht: 0","154916","3","6","0","03","11","3","","0","0","1","0","1"
"POINT (9.987931870000068 53.572670209000080)","Unfall 154917 (2023) Kat:3, Licht: 0","154917","3","6","3","03","15","3","","0","1","1","0","0"
"POINT (10.013779930000055 53.561008385000036)","Unfall 154918 (2023) Kat:3, Licht: 0","154918","3","3","5","03","16","3","","0","1","1","0","0"
"POINT (10.213185895000038 53.487113988000033)","Unfall 154919 (2023) Kat:3, Licht: 0","154919","3","6","3","03","16","2","","0","0","1","0","0"
"POINT (10.114956697000025 53.556402964000029)","Unfall 154920 (2023) Kat:3, Licht: 2","154920","3","3","5","03","21","2","","2","0","1","0","0"
"POINT (9.890599292000047 53.552407178000067)","Unfall 154921 (2023) Kat:3, Licht: 0","154921","3","2","4","04","17","5","","0","1","1","0","0"
"POINT (10.034500365000042 53.536676995000050)","Unfall 154922 (2023) Kat:3, Licht: 0","154922","3","2","0","03","15","2","","0","0","1","0","0"
"POINT (10.128064366000046 53.578575068000077)","Unfall 154923 (2023) Kat:2, Licht: 0","154923","2","4","6","03","15","2","","0","0","1","1","0"
"POINT (10.169492348000063 53.625443433000044)","Unfall 154924 (2023) Kat:3, Licht: 1","154924","3","6","3","03","17","2","","1","1","0","0","0"
"POINT (10.097308767000072 53.620940413000028)","Unfall 154925 (2023) Kat:3, Licht: 0","154925","3","4","6","03","15","2","","0","0","1","1","0"
"POINT (10.125163134000047 53.662663714000075)","Unfall 154926 (2023) Kat:3, Licht: 0","154926","3","5","5","03","15","2","","0","1","1","0","0"
"POINT (10.038794410000037 53.572180231000061)","Unfall 154927 (2023) Kat:3, Licht: 0","154927","3","6","6","03","16","2","","0","0","0","1","0"
"POINT (9.896656170000028 53.604799085000082)","Unfall 154928 (2023) Kat:3, Licht: 0","154928","3","2","4","03","07","2","","0","1","1","0","0"
"POINT (9.948548633000030 53.604623850000053)","Unfall 154929 (2023) Kat:3, Licht: 0","154929","3","3","5","03","13","2","","0","0","1","0","0"
"POINT (10.177971719000027 53.490719669000043)","Unfall 154930 (2023) Kat:3, Licht: 0","154930","3","3","5","03","09","1","","0","1","1","0","0"
"POINT (9.812439498000060 53.563440507000053)","Unfall 154931 (2023) Kat:3, Licht: 1","154931","3","6","2","03","18","1","","1","0","1","0","1"
"POINT (9.938958862000050 53.553504676000045)","Unfall 154932 (2023) Kat:3, Licht: 0","154932","3","2","3","03","14","1","","0","0","1","0","1"
"POINT (9.958268771000064 53.562919215000079)","Unfall 154933 (2023) Kat:3, Licht: 0","154933","3","6","4","03","15","1","","0","1","0","0","0"
"POINT (10.014567397000064 53.561991647000070)","Unfall 154934 (2023) Kat:3, Licht: 2","154934","3","6","4","03","19","1","","2","0","1","0","1"
"POINT (9.982500636000054 53.428426309000031)","Unfall 154935 (2023) Kat:3, Licht: 0","154935","3","6","2","03","09","7","","0","0","1","0","0"
"POINT (9.981105373000048 53.425108099000056)","Unfall 154936 (2023) Kat:2, Licht: 2","154936","2","6","2","03","02","7","","2","0","1","0","0"
"POINT (10.150094842000044 53.600784154000053)","Unfall 154937 (2023) Kat:3, Licht: 0","154937","3","3","0","03","17","7","","0","1","0","0","0"
"POINT (10.144249269000056 53.600433136000049)","Unfall 154938 (2023) Kat:3, Licht: 0","154938","3","2","2","03","16","7","","0","0","1","0","0"
"POINT (9.936049132000051 53.598021901000038)","Unfall 154939 (2023) Kat:3, Licht: 0","154939","3","1","0","03","11","7","","0","0","0","0","0"
"POINT (9.917651978000038 53.599464961000081)","Unfall 154940 (2023) Kat:3, Licht: 0","154940","3","2","3","03","13","7","","0","1","1","0","0"
"POINT (9.978182649000075 53.606949350000036)","Unfall 154941 (2023) Kat:3, Licht: 0","154941","3","5","1","03","12","7","","0","1","1","0","0"
"POINT (9.982483488000071 53.565782683000066)","Unfall 154942 (2023) Kat:3, Licht: 1","154942","3","6","2","03","17","7","","1","0","1","0","1"
"POINT (9.998354582000047 53.498861704000035)","Unfall 154943 (2023) Kat:3, Licht: 0","154943","3","7","0","04","16","2","","0","0","0","0","0"
"POINT (9.960332982000068 53.549647948000029)","Unfall 154944 (2023) Kat:3, Licht: 2","154944","3","4","6","03","00","7","","2","0","1","1","0"
"POINT (10.005496085000061 53.550136515000077)","Unfall 154945 (2023) Kat:3, Licht: 2","154945","3","6","3","03","21","7","","2","0","1","0","0"
"POINT (9.879788070000075 53.528176338000037)","Unfall 154946 (2023) Kat:2, Licht: 0","154946","2","1","8","03","10","6","","0","0","1","0","0"
"POINT (10.205933027000071 53.493173935000073)","Unfall 154947 (2023) Kat:3, Licht: 0","154947","3","2","4","03","12","6","","0","1","1","0","0"
"POINT (10.005957881000029 53.648579543000039)","Unfall 154948 (2023) Kat:2, Licht: 0","154948","2","6","4","06","06","3","","0","1","0","0","0"
"POINT (10.049136574000045 53.557881653000038)","Unfall 154949 (2023) Kat:3, Licht: 0","154949","3","4","6","03","14","6","","0","1","0","1","0"
"POINT (9.921494723000023 53.508394506000059)","Unfall 154950 (2023) Kat:2, Licht: 0","154950","2","6","3","05","14","2","","0","1","0","0","0"
"POINT (10.153640548000055 53.602823728000033)","Unfall 154951 (2023) Kat:3, Licht: 0","154951","3","7","6","03","14","6","","0","0","1","1","0"
"POINT (10.036003473000051 53.646439554000040)","Unfall 154952 (2023) Kat:3, Licht: 0","154952","3","5","1","03","15","6","","0","1","1","0","0"
"POINT (10.056009972000027 53.591425817000072)","Unfall 154953 (2023) Kat:3, Licht: 0","154953","3","2","4","03","12","6","","0","1","1","0","0"
"POINT (10.015408736000040 53.572634413000060)","Unfall 154954 (2023) Kat:3, Licht: 0","154954","3","6","3","03","13","6","","0","1","0","0","0"
"POINT (10.052386259000059 53.585672932000080)","Unfall 154955 (2023) Kat:3, Licht: 1","154955","3","6","2","03","18","6","","1","0","1","0","1"
"POINT (10.019617101000051 53.560363036000069)","Unfall 154956 (2023) Kat:3, Licht: 0","154956","3","6","3","03","13","6","","0","0","1","0","1"
"POINT (9.863953699000035 53.550471584000036)","Unfall 154957 (2023) Kat:3, Licht: 0","154957","3","6","2","03","14","6","","0","0","1","0","0"
"POINT (9.993663398000024 53.583171349000054)","Unfall 154958 (2023) Kat:3, Licht: 0","154958","3","7","0","03","10","6","","0","1","0","0","0"
"POINT (10.000636919000044 53.499679275000062)","Unfall 154959 (2023) Kat:3, Licht: 0","154959","3","5","5","03","14","5","","0","1","1","0","0"
"POINT (10.151453759000049 53.594536792000042)","Unfall 154960 (2023) Kat:3, Licht: 0","154960","3","5","1","03","12","5","","0","1","1","0","0"
"POINT (10.070068699000046 53.573614859000031)","Unfall 154961 (2023) Kat:3, Licht: 0","154961","3","6","2","03","16","5","","0","0","1","0","0"
"POINT (10.060966981000036 53.608724264000045)","Unfall 154962 (2023) Kat:3, Licht: 0","154962","3","6","2","03","10","5","","0","0","1","0","0"
"POINT (10.011806891000049 53.624467808000077)","Unfall 154963 (2023) Kat:3, Licht: 0","154963","3","5","3","03","17","5","","0","0","1","0","0"
"POINT (9.965682772000036 53.564703008000038)","Unfall 154964 (2023) Kat:3, Licht: 0","154964","3","7","0","03","17","4","","0","1","0","0","0"
"POINT (9.907619738000051 53.632537757000080)","Unfall 154965 (2023) Kat:3, Licht: 0","154965","3","3","5","03","15","5","","0","1","1","0","0"
"POINT (9.954279489000044 53.575606027000049)","Unfall 154966 (2023) Kat:3, Licht: 0","154966","3","7","0","03","10","5","","0","0","0","0","0"
"POINT (9.943008841000051 53.565320046000068)","Unfall 154967 (2023) Kat:3, Licht: 0","154967","3","4","6","03","15","5","","0","0","1","1","0"
"POINT (9.928072519000068 53.553544812000041)","Unfall 154968 (2023) Kat:3, Licht: 0","154968","3","1","0","03","09","5","","0","1","0","0","0"
"POINT (9.942385116000025 53.546361275000038)","Unfall 154969 (2023) Kat:3, Licht: 0","154969","3","3","5","03","12","5","","0","0","1","0","0"
"POINT (9.993838057000062 53.583149875000061)","Unfall 154970 (2023) Kat:3, Licht: 0","154970","3","3","5","03","16","5","","0","1","1","0","0"
"POINT (9.989184059000024 53.581457557000078)","Unfall 154971 (2023) Kat:3, Licht: 0","154971","3","3","5","03","14","5","","0","1","1","0","0"
"POINT (9.980588407000027 53.555389408000053)","Unfall 154972 (2023) Kat:3, Licht: 0","154972","3","1","0","03","14","5","","0","1","0","0","0"
"POINT (9.976759443000049 53.511463418000062)","Unfall 154973 (2023) Kat:3, Licht: 0","154973","3","2","2","04","14","2","","0","0","1","0","0"
"POINT (10.045989637000048 53.558169346000057)","Unfall 154974 (2023) Kat:2, Licht: 2","154974","2","3","5","03","20","4","","2","0","1","0","0"
"POINT (10.069679106000024 53.651385060000052)","Unfall 154975 (2023) Kat:3, Licht: 0","154975","3","5","1","03","08","4","","0","0","1","0","0"
"POINT (10.004400262000047 53.650880271000062)","Unfall 154976 (2023) Kat:3, Licht: 0","154976","3","6","3","03","14","4","","0","0","1","0","0"
"POINT (10.013486819000036 53.601235791000079)","Unfall 154977 (2023) Kat:3, Licht: 2","154977","3","2","2","03","05","4","","2","0","1","0","0"
"POINT (9.881583008000064 53.563213115000053)","Unfall 154978 (2023) Kat:3, Licht: 0","154978","3","6","1","03","12","4","","0","0","1","0","0"
"POINT (9.917182593000064 53.581949815000030)","Unfall 154979 (2023) Kat:3, Licht: 0","154979","3","6","2","03","08","4","","0","0","1","0","0"
"POINT (9.889667814000063 53.570223710000050)","Unfall 154980 (2023) Kat:3, Licht: 1","154980","3","6","2","03","07","4","","1","0","1","0","0"
"POINT (9.974439790000076 53.603260432000070)","Unfall 154981 (2023) Kat:3, Licht: 0","154981","3","1","0","03","15","4","","0","0","0","0","0"
"POINT (9.866009536000035 53.472490696000079)","Unfall 154982 (2023) Kat:3, Licht: 0","154982","3","6","4","03","11","3","","0","1","1","0","0"
"POINT (10.045708595000065 53.548201203000076)","Unfall 154983 (2023) Kat:3, Licht: 0","154983","3","4","6","03","11","3","","0","0","0","1","0"
"POINT (10.071256782000034 53.582930894000071)","Unfall 154984 (2023) Kat:3, Licht: 0","154984","3","2","3","03","08","3","","0","1","1","0","0"
"POINT (10.038049911000030 53.630410967000046)","Unfall 154985 (2023) Kat:3, Licht: 2","154985","3","7","3","03","20","3","","2","0","1","0","0"
"POINT (10.015620834000060 53.617085554000028)","Unfall 154986 (2023) Kat:3, Licht: 0","154986","3","2","3","03","16","3","","0","1","1","0","0"
"POINT (9.951453723000043 53.623916098000052)","Unfall 154987 (2023) Kat:3, Licht: 0","154987","3","2","6","03","09","3","","0","0","1","1","0"
"POINT (9.940857411000025 53.578491868000071)","Unfall 154988 (2023) Kat:3, Licht: 0","154988","3","7","0","03","16","3","","0","1","0","0","0"
"POINT (10.004527525000071 53.542341384000053)","Unfall 154989 (2023) Kat:2, Licht: 0","154989","2","7","0","04","11","7","","0","0","0","0","0"
"POINT (10.006559869000057 53.550262906000057)","Unfall 154990 (2023) Kat:2, Licht: 2","154990","2","3","5","03","19","3","","2","0","1","0","0"
"POINT (10.019085162000067 53.552674160000038)","Unfall 154991 (2023) Kat:3, Licht: 2","154991","3","4","6","03","23","3","","2","0","1","1","0"
"POINT (10.013521312000023 53.552193958000032)","Unfall 154992 (2023) Kat:3, Licht: 0","154992","3","6","2","03","10","3","","0","0","1","0","0"
"POINT (9.968956607000052 53.433471818000044)","Unfall 154993 (2023) Kat:2, Licht: 2","154993","2","1","8","03","21","2","","2","0","0","0","1"
"POINT (10.159438703000035 53.487485110000080)","Unfall 154994 (2023) Kat:2, Licht: 0","154994","2","1","0","03","11","2","","0","1","0","0","0"
"POINT (10.084002935000058 53.542360358000053)","Unfall 154995 (2023) Kat:3, Licht: 0","154995","3","6","2","03","17","2","","0","0","1","0","0"
"POINT (10.155199512000024 53.639743463000059)","Unfall 154996 (2023) Kat:2, Licht: 0","154996","2","2","6","03","11","2","","0","0","1","1","0"
"POINT (10.067922571000054 53.537145747000068)","Unfall 154997 (2023) Kat:3, Licht: 0","154997","3","2","2","05","16","6","","0","0","1","0","0"
"POINT (10.049650072000077 53.634341864000078)","Unfall 154998 (2023) Kat:3, Licht: 0","154998","3","7","3","03","11","2","","0","0","1","0","0"
"POINT (10.000228690000029 53.596753807000027)","Unfall 154999 (2023) Kat:3, Licht: 0","154999","3","7","6","03","08","2","","0","0","1","1","0"
"POINT (9.854277864000039 53.576795934000074)","Unfall 155000 (2023) Kat:3, Licht: 0","155000","3","2","3","03","13","2","","0","0","1","0","0"
"POINT (9.924192820000030 53.628667183000061)","Unfall 155001 (2023) Kat:3, Licht: 2","155001","3","7","0","03","01","2","","2","0","0","0","0"
"POINT (9.976904108000042 53.563800163000053)","Unfall 155002 (2023) Kat:3, Licht: 0","155002","3","4","6","03","12","2","","0","1","0","1","0"
"POINT (10.179742674000067 53.603292664000037)","Unfall 155003 (2023) Kat:3, Licht: 0","155003","3","2","0","03","17","2","","0","0","1","0","1"
"POINT (9.987273657000060 53.558224015000064)","Unfall 155004 (2023) Kat:3, Licht: 2","155004","3","1","9","03","01","2","","2","0","0","0","0"
"POINT (9.853752202000067 53.473445517000073)","Unfall 155005 (2023) Kat:2, Licht: 2","155005","2","4","6","03","18","1","","2","0","1","1","0"
"POINT (10.147081530000037 53.627944606000028)","Unfall 155006 (2023) Kat:3, Licht: 0","155006","3","5","6","03","10","1","","0","0","1","1","0"
"POINT (10.050691062000055 53.598225000000070)","Unfall 155007 (2023) Kat:3, Licht: 2","155007","3","3","5","03","18","1","","2","0","1","0","0"
"POINT (9.913452847000030 53.601829861000056)","Unfall 155008 (2023) Kat:3, Licht: 2","155008","3","1","0","03","03","1","","2","0","0","0","0"
"POINT (9.885853745000077 53.597626014000070)","Unfall 155009 (2023) Kat:3, Licht: 0","155009","3","4","6","03","15","1","","0","0","1","1","0"
"POINT (10.208344202000035 53.492371293000076)","Unfall 155010 (2023) Kat:3, Licht: 0","155010","3","7","0","05","12","7","","0","1","0","0","0"
"POINT (9.959537391000026 53.576881795000077)","Unfall 155011 (2023) Kat:3, Licht: 2","155011","3","1","0","03","01","1","","2","1","0","0","0"
"POINT (9.966210484000044 53.603682199000048)","Unfall 155012 (2023) Kat:3, Licht: 0","155012","3","7","0","03","15","1","","0","1","0","0","0"
"POINT (9.956936205000034 53.580145108000067)","Unfall 155013 (2023) Kat:3, Licht: 2","155013","3","5","1","03","01","1","","2","1","1","0","0"
"POINT (9.965996565000069 53.571187082000051)","Unfall 155014 (2023) Kat:3, Licht: 0","155014","3","7","1","08","12","2","","0","1","1","0","0"
"POINT (9.988556237000068 53.465822727000045)","Unfall 155015 (2023) Kat:3, Licht: 0","155015","3","3","5","08","09","2","","0","1","1","0","0"
"POINT (9.975250636000055 53.454027245000077)","Unfall 155016 (2023) Kat:3, Licht: 0","155016","3","2","4","08","16","1","","0","0","1","0","1"
"POINT (10.071069319000060 53.500943159000030)","Unfall 155017 (2023) Kat:3, Licht: 0","155017","3","7","0","08","17","1","","0","1","0","0","0"
"POINT (10.107129512000029 53.605974121000031)","Unfall 155018 (2023) Kat:3, Licht: 0","155018","3","7","3","08","20","1","","0","0","1","0","0"
"POINT (10.123434229000054 53.585641053000074)","Unfall 155019 (2023) Kat:3, Licht: 0","155019","3","7","0","08","12","1","","0","0","0","0","1"
"POINT (10.094803264000063 53.639244411000050)","Unfall 155020 (2023) Kat:3, Licht: 1","155020","3","3","5","08","05","1","","1","0","1","0","0"
"POINT (9.898692008000069 53.605625228000065)","Unfall 155021 (2023) Kat:3, Licht: 0","155021","3","2","4","08","18","1","","0","1","1","0","0"
"POINT (9.827956303000065 53.567447781000055)","Unfall 155022 (2023) Kat:3, Licht: 0","155022","3","5","1","08","15","1","","0","1","0","0","0"
"POINT (9.962525421000066 53.626409178000074)","Unfall 155023 (2023) Kat:3, Licht: 0","155023","3","2","3","08","10","1","","0","0","1","0","1"
"POINT (9.934368028000051 53.555101935000039)","Unfall 155024 (2023) Kat:3, Licht: 2","155024","3","1","0","08","01","1","","2","0","0","0","1"
"POINT (9.965105657000038 53.566998019000039)","Unfall 155025 (2023) Kat:3, Licht: 2","155025","3","3","5","08","22","1","","2","1","1","0","0"
"POINT (9.978396987000053 53.561448565000035)","Unfall 155026 (2023) Kat:3, Licht: 0","155026","3","5","3","08","18","1","","0","1","1","0","0"
"POINT (9.982222729000057 53.519990344000064)","Unfall 155027 (2023) Kat:3, Licht: 2","155027","3","1","8","08","23","7","","2","1","0","0","0"
"POINT (10.026346742000044 53.501018942000030)","Unfall 155028 (2023) Kat:3, Licht: 2","155028","3","7","0","08","00","7","","2","1","0","0","0"
"POINT (10.205689703000075 53.401615403000051)","Unfall 155029 (2023) Kat:3, Licht: 0","155029","3","6","4","08","13","7","","0","0","1","0","1"
"POINT (10.112836668000057 53.465627497000071)","Unfall 155030 (2023) Kat:3, Licht: 2","155030","3","7","0","08","02","7","","2","1","0","0","0"
"POINT (10.088351733000025 53.511836525000035)","Unfall 155031 (2023) Kat:2, Licht: 0","155031","2","7","4","08","13","7","","0","0","1","0","1"
"POINT (10.071118700000056 53.559185471000035)","Unfall 155032 (2023) Kat:3, Licht: 2","155032","3","6","3","08","21","7","","2","0","1","0","0"
"POINT (10.036276947000033 53.558321019000061)","Unfall 155033 (2023) Kat:3, Licht: 2","155033","3","6","2","08","23","7","","2","0","1","0","0"
"POINT (10.156282737000026 53.614682646000063)","Unfall 155034 (2023) Kat:3, Licht: 0","155034","3","6","2","08","19","7","","0","0","1","0","0"
"POINT (10.117205212000044 53.607199028000082)","Unfall 155035 (2023) Kat:3, Licht: 0","155035","3","6","2","08","08","7","","0","0","1","0","0"
"POINT (10.061811701000067 53.608636418000060)","Unfall 155036 (2023) Kat:3, Licht: 0","155036","3","6","3","08","14","7","","0","0","1","0","0"
"POINT (10.074982904000024 53.612534780000033)","Unfall 155037 (2023) Kat:3, Licht: 0","155037","3","7","3","08","12","7","","0","0","1","0","0"
"POINT (10.094772049000028 53.639253380000071)","Unfall 155038 (2023) Kat:3, Licht: 1","155038","3","3","5","08","19","7","","1","0","1","0","0"