WKT,Name,OBJECTID,UKATEGORIE,UTYP1,UART,UMONAT,USTUNDE,UWOCHENTAG,STRZUSTAND,ULICHTVERH,ISTRAD,ISTPKW,ISTFUSS,ISTKRAD
"POINT (10.046686337000040 53.593688644000054)","Unfall 155039 (2023) Kat:3, Licht: 2","155039","3","3","5","08","01","7","","2","0","1","0","0"
"POINT (9.995061407000037 53.570856130000038)","Unfall 155040 (2023) Kat:3, Licht: 0","155040","3","7","6","08","09","7","","0","0","1","1","0"
"POINT (9.957959502000051 53.551270698000053)","Unfall 155041 (2023) Kat:3, Licht: 2","155041","3","6","6","08","23","7","","2","0","1","1","0"
"POINT (9.974958490000063 53.549317404000078)","Unfall 155042 (2023) Kat:3, Licht: 1","155042","3","7","6","08","20","7","","1","1","0","0","0"
"POINT (10.107377027000041 53.541920183000059)","Unfall 155043 (2023) Kat:2, Licht: 0","155043","2","4","6","08","17","6","","0","0","1","1","0"
"POINT (10.161638226000036 53.619293122000045)","Unfall 155044 (2023) Kat:3, Licht: 0","155044","3","6","2","08","15","6","","0","0","1","0","0"
"POINT (10.065367814000069 53.571552405000034)","Unfall 155045 (2023) Kat:3, Licht: 0","155045","3","6","3","08","19","6","","0","0","1","0","0"
"POINT (10.001132315000063 53.679335162000029)","Unfall 155046 (2023) Kat:3, Licht: 0","155046","3","7","0","08","08","6","","0","0","1","1","0"
"POINT (10.025049875000036 53.584946929000068)","Unfall 155047 (2023) Kat:3, Licht: 0","155047","3","7","6","08","11","6","","0","0","1","1","0"
"POINT (10.043673932000047 53.590910832000077)","Unfall 155048 (2023) Kat:3, Licht: 0","155048","3","5","5","08","16","6","","0","1","1","0","0"
"POINT (10.056508100000030 53.569509261000064)","Unfall 155049 (2023) Kat:2, Licht: 0","155049","2","2","4","08","19","6","","0","1","1","0","0"
"POINT (10.020373338000070 53.566194215000053)","Unfall 155050 (2023) Kat:3, Licht: 0","155050","3","7","0","08","08","6","","0","1","0","0","0"
"POINT (10.060141172000044 53.589569493000056)","Unfall 155051 (2023) Kat:3, Licht: 0","155051","3","6","3","08","08","6","","0","0","1","0","0"
"POINT (9.950675179000029 53.618652047000069)","Unfall 155052 (2023) Kat:3, Licht: 2","155052","3","7","0","08","23","6","","2","1","0","0","0"
"POINT (9.928156221000052 53.558744228000080)","Unfall 155053 (2023) Kat:3, Licht: 0","155053","3","2","3","08","12","6","","0","1","1","0","0"
"POINT (9.981848925000065 53.572494254000048)","Unfall 155054 (2023) Kat:3, Licht: 0","155054","3","6","2","08","15","6","","0","0","1","0","0"
"POINT (9.988674273000072 53.573365942000066)","Unfall 155055 (2023) Kat:3, Licht: 0","155055","3","6","2","08","15","6","","0","0","1","0","0"
"POINT (10.003864526000029 53.540886183000055)","Unfall 155056 (2023) Kat:3, Licht: 0","155056","3","3","5","08","17","6","","0","0","1","0","0"
"POINT (10.010281595000038 53.550934661000042)","Unfall 155057 (2023) Kat:3, Licht: 0","155057","3","3","5","08","14","6","","0","0","1","0","0"
"POINT (9.793248516000062 53.515266332000067)","Unfall 155058 (2023) Kat:3, Licht: 0","155058","3","2","2","08","15","5","","0","0","1","0","0"
"POINT (10.012014404000070 53.516902513000048)","Unfall 155059 (2023) Kat:3, Licht: 0","155059","3","6","2","08","16","5","","0","0","1","0","0"
"POINT (10.210577343000068 53.503625748000047)","Unfall 155060 (2023) Kat:3, Licht: 0","155060","3","6","2","08","14","5","","0","0","1","0","0"
"POINT (10.112763281000070 53.528579252000043)","Unfall 155061 (2023) Kat:3, Licht: 0","155061","3","6","3","08","13","5","","0","0","1","0","0"
"POINT (10.014791856000045 53.548793883000030)","Unfall 155062 (2023) Kat:2, Licht: 0","155062","2","4","6","08","15","5","","0","0","1","1","0"
"POINT (10.138593618000073 53.580280691000041)","Unfall 155063 (2023) Kat:3, Licht: 0","155063","3","4","6","08","11","5","","0","0","1","1","0"
"POINT (10.069526410000037 53.579469699000072)","Unfall 155064 (2023) Kat:3, Licht: 0","155064","3","2","3","08","15","5","","0","1","1","0","0"
"POINT (10.033123511000042 53.587227286000029)","Unfall 155065 (2023) Kat:3, Licht: 0","155065","3","2","3","08","15","5","","0","1","1","0","0"
"POINT (10.018408816000033 53.564719115000059)","Unfall 155066 (2023) Kat:3, Licht: 0","155066","3","6","2","08","16","5","","0","0","1","0","0"
"POINT (10.035295057000042 53.601155757000072)","Unfall 155067 (2023) Kat:3, Licht: 0","155067","3","3","5","08","18","5","","0","1","1","0","0"
"POINT (9.931446640000047 53.565309036000031)","Unfall 155068 (2023) Kat:3, Licht: 0","155068","3","6","6","08","15","5","","0","1","0","1","0"
"POINT (9.983243836000042 53.592102286000056)","Unfall 155069 (2023) Kat:3, Licht: 0","155069","3","7","0","08","11","5","","0","0","0","0","0"
"POINT (10.015120978000027 53.554838415000063)","Unfall 155070 (2023) Kat:3, Licht: 0","155070","3","4","6","08","18","5","","0","0","1","1","0"
"POINT (9.955302516000074 53.463811801000077)","Unfall 155071 (2023) Kat:3, Licht: 0","155071","3","6","2","08","11","4","","0","0","1","0","1"
"POINT (10.156119614000033 53.614427035000062)","Unfall 155072 (2023) Kat:3, Licht: 0","155072","3","7","4","08","12","4","","0","0","1","1","0"
"POINT (10.193437438000046 53.609619780000060)","Unfall 155073 (2023) Kat:3, Licht: 0","155073","3","3","5","08","07","4","","0","0","1","0","0"
"POINT (10.150658730000032 53.620578209000030)","Unfall 155074 (2023) Kat:3, Licht: 0","155074","3","5","5","08","16","4","","0","0","1","0","1"
"POINT (10.154081258000076 53.591182559000060)","Unfall 155075 (2023) Kat:3, Licht: 0","155075","3","3","5","08","13","4","","0","0","1","0","0"
"POINT (10.045147916000076 53.599422170000082)","Unfall 155076 (2023) Kat:3, Licht: 0","155076","3","2","4","08","13","4","","0","0","1","0","0"
"POINT (10.079979600000058 53.608386902000063)","Unfall 155077 (2023) Kat:3, Licht: 0","155077","3","2","6","08","10","4","","0","0","1","1","0"
"POINT (10.096474974000046 53.653186511000058)","Unfall 155078 (2023) Kat:2, Licht: 0","155078","2","7","0","08","10","4","","0","1","0","0","0"
"POINT (10.060383274000060 53.648710763000054)","Unfall 155079 (2023) Kat:3, Licht: 0","155079","3","7","0","08","06","4","","0","1","0","0","0"
"POINT (10.026938566000069 53.626253497000050)","Unfall 155080 (2023) Kat:2, Licht: 1","155080","2","3","5","08","20","4","","1","1","1","0","0"
"POINT (9.996314458000029 53.593642159000069)","Unfall 155081 (2023) Kat:3, Licht: 0","155081","3","7","0","08","18","4","","0","0","1","0","0"
"POINT (9.893324502000041 53.603482441000040)","Unfall 155082 (2023) Kat:3, Licht: 2","155082","3","1","0","08","22","4","","2","0","0","0","0"
"POINT (9.886698112000033 53.598651296000071)","Unfall 155083 (2023) Kat:3, Licht: 0","155083","3","6","6","08","15","4","","0","1","0","1","0"
"POINT (9.922890825000025 53.638175665000063)","Unfall 155084 (2023) Kat:3, Licht: 0","155084","3","3","5","08","07","4","","0","0","1","0","0"
"POINT (9.949549692000062 53.581458155000064)","Unfall 155085 (2023) Kat:3, Licht: 0","155085","3","1","0","08","18","4","","0","1","0","0","0"
"POINT (9.975755981000077 53.578974783000035)","Unfall 155086 (2023) Kat:3, Licht: 0","155086","3","2","3","08","07","4","","0","1","0","0","0"
"POINT (9.968053903000055 53.602973690000056)","Unfall 155087 (2023) Kat:3, Licht: 0","155087","3","7","0","08","11","4","","0","0","1","0","0"
"POINT (9.977213875000075 53.564217269000039)","Unfall 155088 (2023) Kat:3, Licht: 2","155088","3","2","3","08","20","4","","2","0","1","0","0"
"POINT (9.990506046000064 53.582270096000059)","Unfall 155089 (2023) Kat:3, Licht: 0","155089","3","5","3","08","07","4","","0","1","1","0","0"
"POINT (10.011527514000022 53.540088717000060)","Unfall 155090 (2023) Kat:3, Licht: 0","155090","3","4","6","08","16","4","","0","1","0","1","0"
"POINT (9.992159707000042 53.556122719000030)","Unfall 155091 (2023) Kat:3, Licht: 0","155091","3","1","0","08","08","4","","0","1","0","0","0"
"POINT (9.980625659000054 53.461845904000029)","Unfall 155092 (2023) Kat:3, Licht: 0","155092","3","7","0","08","13","3","","0","0","1","0","0"
"POINT (10.042675038000027 53.555644502000064)","Unfall 155093 (2023) Kat:3, Licht: 0","155093","3","6","4","08","18","3","","0","1","0","0","0"
"POINT (10.037875206000024 53.547373906000075)","Unfall 155094 (2023) Kat:3, Licht: 0","155094","3","6","2","08","16","3","","0","0","1","0","0"
"POINT (10.087383311000053 53.577734801000076)","Unfall 155095 (2023) Kat:3, Licht: 0","155095","3","6","2","08","16","3","","0","0","1","0","0"
"POINT (10.095874388000027 53.659720245000074)","Unfall 155096 (2023) Kat:3, Licht: 0","155096","3","5","1","08","19","3","","0","1","1","0","0"
"POINT (10.100864489000060 53.641768612000078)","Unfall 155097 (2023) Kat:3, Licht: 0","155097","3","1","4","08","14","3","","0","0","1","0","0"
"POINT (10.040298016000065 53.580253349000031)","Unfall 155098 (2023) Kat:3, Licht: 0","155098","3","3","5","08","11","3","","0","0","1","0","0"
"POINT (10.052957333000052 53.573787489000040)","Unfall 155099 (2023) Kat:3, Licht: 0","155099","3","2","3","08","09","3","","0","0","1","0","0"
"POINT (9.898230324000053 53.549586726000030)","Unfall 155100 (2023) Kat:3, Licht: 0","155100","3","7","0","08","09","3","","0","1","0","0","0"
"POINT (9.936483982000027 53.555789774000061)","Unfall 155101 (2023) Kat:3, Licht: 0","155101","3","7","0","08","19","3","","0","1","0","0","0"
"POINT (9.960855275000029 53.556576672000062)","Unfall 155102 (2023) Kat:3, Licht: 0","155102","3","3","5","08","18","3","","0","1","1","0","0"
"POINT (9.970273941000073 53.501407332000042)","Unfall 155103 (2023) Kat:3, Licht: 0","155103","3","1","0","08","10","3","","0","1","0","0","0"
"POINT (10.024699447000046 53.530178502000069)","Unfall 155104 (2023) Kat:3, Licht: 0","155104","3","6","3","08","07","2","","0","0","1","0","0"
"POINT (9.986417040000049 53.488511631000051)","Unfall 155105 (2023) Kat:3, Licht: 1","155105","3","7","0","08","05","2","","1","1","0","0","0"
"POINT (10.180453562000025 53.589094287000080)","Unfall 155106 (2023) Kat:3, Licht: 0","155106","3","7","6","08","15","2","","0","0","0","1","0"
"POINT (10.069342448000043 53.640470495000045)","Unfall 155107 (2023) Kat:3, Licht: 0","155107","3","6","4","08","13","2","","0","0","1","0","0"
"POINT (10.015500620000068 53.582197591000067)","Unfall 155108 (2023) Kat:3, Licht: 0","155108","3","3","5","08","17","2","","0","1","1","0","0"
"POINT (9.760115195000026 53.566304386000070)","Unfall 155109 (2023) Kat:3, Licht: 0","155109","3","7","0","08","20","2","","0","1","0","0","0"
"POINT (9.857545847000040 53.582116130000031)","Unfall 155110 (2023) Kat:3, Licht: 0","155110","3","3","5","08","19","2","","0","1","1","0","0"
"POINT (9.915870352000070 53.642710261000047)","Unfall 155111 (2023) Kat:3, Licht: 0","155111","3","2","5","08","14","2","","0","0","1","0","0"
"POINT (9.951489042000048 53.545075283000074)","Unfall 155112 (2023) Kat:3, Licht: 1","155112","3","5","1","08","20","2","","1","1","1","0","0"
"POINT (9.973080011000036 53.554289096000048)","Unfall 155113 (2023) Kat:3, Licht: 2","155113","3","1","0","08","02","2","","2","0","0","0","1"
"POINT (9.955971169000065 53.549792392000029)","Unfall 155114 (2023) Kat:3, Licht: 0","155114","3","3","5","08","18","2","","0","0","1","0","0"
"POINT (9.962142070000027 53.546454243000028)","Unfall 155115 (2023) Kat:3, Licht: 0","155115","3","6","1","08","14","2","","0","0","1","0","0"
"POINT (9.981638013000065 53.544064779000053)","Unfall 155116 (2023) Kat:3, Licht: 0","155116","3","6","2","08","15","2","","0","0","1","0","0"
"POINT (9.969097115000068 53.546027508000066)","Unfall 155117 (2023) Kat:3, Licht: 0","155117","3","3","5","08","18","2","","0","1","1","0","0"
"POINT (9.977025148000052 53.544262643000081)","Unfall 155118 (2023) Kat:3, Licht: 0","155118","3","1","0","08","17","2","","0","1","0","0","0"
"POINT (10.004188720000059 53.557014146000029)","Unfall 155119 (2023) Kat:3, Licht: 0","155119","3","6","4","08","18","2","","0","1","1","0","0"
"POINT (10.051338356000031 53.502760068000043)","Unfall 155120 (2023) Kat:3, Licht: 0","155120","3","7","0","08","16","1","","0","0","0","0","1"
"POINT (10.244889762000071 53.406288936000067)","Unfall 155121 (2023) Kat:3, Licht: 0","155121","3","5","1","08","19","1","","0","1","1","0","0"
"POINT (10.300680985000042 53.434462684000039)","Unfall 155122 (2023) Kat:3, Licht: 0","155122","3","6","2","08","12","1","","0","0","1","0","1"
"POINT (10.080874383000037 53.585129583000082)","Unfall 155123 (2023) Kat:3, Licht: 2","155123","3","7","0","08","01","1","","2","0","0","0","0"
"POINT (10.037636335000059 53.600345455000081)","Unfall 155124 (2023) Kat:3, Licht: 2","155124","3","7","0","08","01","1","","2","0","0","0","0"
"POINT (9.780646331000071 53.565733429000034)","Unfall 155125 (2023) Kat:3, Licht: 0","155125","3","1","0","08","11","1","","0","1","0","0","0"
"POINT (9.903561565000075 53.568902900000069)","Unfall 155126 (2023) Kat:3, Licht: 0","155126","3","6","3","08","14","1","","0","1","1","0","0"
"POINT (9.988783250000040 53.603116425000053)","Unfall 155127 (2023) Kat:3, Licht: 0","155127","3","1","0","08","20","1","","0","0","0","0","1"
"POINT (9.984797830000048 53.563950419000037)","Unfall 155128 (2023) Kat:3, Licht: 2","155128","3","3","0","08","20","1","","2","0","0","0","0"
"POINT (9.968986557000051 53.557341589000032)","Unfall 155129 (2023) Kat:3, Licht: 0","155129","3","7","0","08","16","1","","0","0","0","1","0"
"POINT (9.984741468000038 53.551805276000039)","Unfall 155130 (2023) Kat:3, Licht: 1","155130","3","6","6","08","22","1","","1","0","0","1","0"
"POINT (10.003020152000033 53.556947300000047)","Unfall 155131 (2023) Kat:3, Licht: 2","155131","3","1","8","08","04","1","","2","0","1","0","0"
"POINT (10.168619021000040 53.626579723000077)","Unfall 155132 (2023) Kat:3, Licht: 0","155132","3","3","5","08","16","7","","0","0","1","0","0"
"POINT (10.107341399000063 53.598997533000045)","Unfall 155133 (2023) Kat:3, Licht: 2","155133","3","7","0","08","00","7","","2","1","0","0","0"
"POINT (9.910391927000035 53.603712161000033)","Unfall 155134 (2023) Kat:3, Licht: 0","155134","3","6","0","08","15","7","","0","1","0","0","0"
"POINT (9.893265822000046 53.614861133000034)","Unfall 155135 (2023) Kat:3, Licht: 0","155135","3","5","5","08","11","7","","0","1","1","0","0"
"POINT (9.885976990000074 53.601108674000045)","Unfall 155136 (2023) Kat:2, Licht: 2","155136","2","4","6","08","21","7","","2","0","1","1","0"
"POINT (9.956992154000034 53.565053720000037)","Unfall 155137 (2023) Kat:3, Licht: 2","155137","3","7","0","08","01","7","","2","1","0","0","0"
"POINT (9.957573773000036 53.546523307000029)","Unfall 155138 (2023) Kat:2, Licht: 0","155138","2","6","6","08","17","7","","0","0","1","1","0"
"POINT (9.993494874000021 53.557657164000034)","Unfall 155139 (2023) Kat:3, Licht: 2","155139","3","3","5","08","23","7","","2","0","1","0","0"
"POINT (9.987262295000050 53.480661464000036)","Unfall 155140 (2023) Kat:3, Licht: 0","155140","3","5","5","08","07","6","","0","1","1","0","0"
"POINT (10.193955988000027 53.437953841000081)","Unfall 155141 (2023) Kat:3, Licht: 0","155141","3","1","8","08","09","6","","0","0","0","0","1"
"POINT (10.108643689000075 53.549218714000062)","Unfall 155142 (2023) Kat:3, Licht: 0","155142","3","6","3","08","12","6","","0","0","1","0","0"
"POINT (10.080764593000026 53.554768228000057)","Unfall 155143 (2023) Kat:3, Licht: 0","155143","3","7","5","08","09","6","","0","1","1","0","0"
"POINT (10.037818161000075 53.541177024000035)","Unfall 155144 (2023) Kat:3, Licht: 0","155144","3","7","0","08","12","6","","0","0","1","0","0"
"POINT (10.102403159000062 53.579775446000042)","Unfall 155145 (2023) Kat:3, Licht: 0","155145","3","6","2","08","14","6","","0","0","1","0","0"
"POINT (10.019378994000022 53.618123039000068)","Unfall 155146 (2023) Kat:3, Licht: 0","155146","3","6","2","08","18","6","","0","0","1","0","0"
"POINT (10.009951016000059 53.612017592000029)","Unfall 155147 (2023) Kat:3, Licht: 0","155147","3","6","2","08","08","6","","0","0","1","0","0"
"POINT (9.906435214000055 53.614622989000054)","Unfall 155148 (2023) Kat:3, Licht: 0","155148","3","2","3","08","13","6","","0","0","1","0","0"
"POINT (9.820802085000025 53.561280139000075)","Unfall 155149 (2023) Kat:3, Licht: 0","155149","3","7","0","08","07","6","","0","1","0","0","0"
"POINT (9.872495242000070 53.586288448000062)","Unfall 155150 (2023) Kat:3, Licht: 0","155150","3","6","3","08","11","6","","0","0","1","0","1"
"POINT (9.923793800000055 53.567703387000051)","Unfall 155151 (2023) Kat:3, Licht: 0","155151","3","7","3","08","09","6","","0","1","0","0","0"
"POINT (9.962585591000050 53.610040300000037)","Unfall 155152 (2023) Kat:3, Licht: 0","155152","3","5","1","08","10","6","","0","1","1","0","0"
"POINT (9.994475214000033 53.548106196000049)","Unfall 155153 (2023) Kat:2, Licht: 2","155153","2","7","0","08","23","6","","2","1","0","0","0"
"POINT (9.992365024000037 53.553379973000062)","Unfall 155154 (2023) Kat:3, Licht: 0","155154","3","5","3","08","17","6","","0","0","1","0","0"
"POINT (10.018766794000044 53.501489259000039)","Unfall 155155 (2023) Kat:3, Licht: 0","155155","3","5","6","08","16","5","","0","0","1","1","0"
"POINT (10.204550972000050 53.473306958000080)","Unfall 155156 (2023) Kat:3, Licht: 0","155156","3","7","0","08","18","5","","0","1","0","0","0"
"POINT (10.100851690000070 53.540374879000069)","Unfall 155157 (2023) Kat:3, Licht: 2","155157","3","3","5","08","23","5","","2","0","1","0","0"
"POINT (10.097089319000077 53.534159465000073)","Unfall 155158 (2023) Kat:3, Licht: 0","155158","3","3","5","08","12","5","","0","0","0","0","0"
"POINT (10.163592714000060 53.634685265000030)","Unfall 155159 (2023) Kat:3, Licht: 0","155159","3","7","0","08","18","5","","0","1","0","0","0"
"POINT (10.086141993000069 53.607702021000080)","Unfall 155160 (2023) Kat:3, Licht: 0","155160","3","6","2","08","17","5","","0","0","1","0","0"
"POINT (9.799419045000036 53.569349143000068)","Unfall 155161 (2023) Kat:3, Licht: 0","155161","3","1","0","08","15","5","","0","1","0","0","0"
"POINT (9.986823055000059 53.603589677000059)","Unfall 155162 (2023) Kat:3, Licht: 0","155162","3","2","5","08","12","5","","0","1","0","0","0"
"POINT (9.984107113000050 53.614147101000071)","Unfall 155163 (2023) Kat:3, Licht: 0","155163","3","7","5","08","08","5","","0","0","1","0","1"
"POINT (9.947233039000025 53.561269196000069)","Unfall 155164 (2023) Kat:3, Licht: 1","155164","3","6","4","08","21","5","","1","0","1","0","1"
"POINT (9.955767990000027 53.551648011000054)","Unfall 155165 (2023) Kat:3, Licht: 0","155165","3","3","5","08","16","5","","0","0","1","0","0"
"POINT (9.986785226000052 53.562996826000074)","Unfall 155166 (2023) Kat:3, Licht: 0","155166","3","6","2","08","18","5","","0","0","1","0","0"
"POINT (9.977582402000053 53.577423405000047)","Unfall 155167 (2023) Kat:3, Licht: 0","155167","3","3","0","08","18","5","","0","1","0","0","0"
"POINT (9.986783950000074 53.548507204000032)","Unfall 155168 (2023) Kat:3, Licht: 0","155168","3","4","6","08","13","5","","0","0","1","1","0"
"POINT (10.013336189000029 53.553934337000044)","Unfall 155169 (2023) Kat:2, Licht: 0","155169","2","4","6","08","19","5","","0","0","1","1","0"
"POINT (10.078139120000060 53.587055444000043)","Unfall 155170 (2023) Kat:2, Licht: 1","155170","2","2","3","08","20","4","","1","1","1","0","0"
"POINT (10.059071934000031 53.574094453000043)","Unfall 155171 (2023) Kat:3, Licht: 0","155171","3","2","3","08","10","4","","0","1","0","0","0"
"POINT (10.091500940000060 53.587470551000081)","Unfall 155172 (2023) Kat:3, Licht: 0","155172","3","7","0","08","16","4","","0","0","0","0","1"
"POINT (10.000422357000048 53.680078275000028)","Unfall 155173 (2023) Kat:3, Licht: 0","155173","3","2","3","08","12","4","","0","1","0","0","0"
"POINT (10.022879827000054 53.611344598000073)","Unfall 155174 (2023) Kat:3, Licht: 0","155174","3","6","2","08","16","4","","0","0","1","0","0"
"POINT (9.852096473000074 53.589497067000082)","Unfall 155175 (2023) Kat:3, Licht: 0","155175","3","7","6","08","15","4","","0","0","1","1","0"
"POINT (9.810161085000061 53.563385545000074)","Unfall 155176 (2023) Kat:3, Licht: 0","155176","3","5","5","08","09","4","","0","1","1","0","0"
"POINT (9.922842582000044 53.548278337000056)","Unfall 155177 (2023) Kat:3, Licht: 0","155177","3","2","4","08","18","4","","0","1","1","0","0"
"POINT (9.955726188000028 53.545745904000057)","Unfall 155178 (2023) Kat:3, Licht: 0","155178","3","6","2","08","18","4","","0","0","1","0","0"
"POINT (10.207036220000077 53.484840133000034)","Unfall 155179 (2023) Kat:3, Licht: 0","155179","3","6","2","08","15","3","","0","0","1","0","0"
"POINT (10.148655564000023 53.523086371000034)","Unfall 155180 (2023) Kat:3, Licht: 0","155180","3","6","2","08","15","3","","0","0","1","0","0"
"POINT (10.126638399000058 53.574361336000038)","Unfall 155181 (2023) Kat:3, Licht: 0","155181","3","1","0","08","09","3","","0","0","0","0","1"
"POINT (10.082735659000036 53.621531772000026)","Unfall 155182 (2023) Kat:3, Licht: 0","155182","3","2","4","08","14","3","","0","0","1","0","0"
"POINT (10.061136721000025 53.637629069000070)","Unfall 155183 (2023) Kat:3, Licht: 0","155183","3","6","2","08","18","3","","0","0","1","0","0"
"POINT (10.008296844000029 53.629137852000042)","Unfall 155184 (2023) Kat:3, Licht: 2","155184","3","1","0","08","21","3","","2","0","1","0","0"
"POINT (9.860123081000040 53.569978947000038)","Unfall 155185 (2023) Kat:3, Licht: 0","155185","3","1","8","08","06","3","","0","0","1","0","0"
"POINT (9.945008422000058 53.638369005000072)","Unfall 155186 (2023) Kat:2, Licht: 0","155186","2","2","4","08","08","3","","0","1","1","0","0"
"POINT (9.962826505000066 53.581094340000050)","Unfall 155187 (2023) Kat:3, Licht: 0","155187","3","3","5","08","13","3","","0","1","1","0","0"
"POINT (10.001191761000030 53.567339585000070)","Unfall 155188 (2023) Kat:3, Licht: 2","155188","3","6","2","08","21","3","","2","1","1","0","0"
"POINT (9.991632630000026 53.553846635000070)","Unfall 155189 (2023) Kat:3, Licht: 0","155189","3","7","1","08","11","3","","0","0","0","0","0"
"POINT (9.997913861000029 53.556709737000062)","Unfall 155190 (2023) Kat:3, Licht: 0","155190","3","7","0","08","17","3","","0","0","0","0","1"
"POINT (9.912261991000037 53.512776699000028)","Unfall 155191 (2023) Kat:3, Licht: 1","155191","3","6","3","08","05","2","","1","0","1","0","0"
"POINT (9.987662907000072 53.457087498000078)","Unfall 155192 (2023) Kat:3, Licht: 2","155192","3","7","0","08","00","2","","2","0","0","0","0"
"POINT (10.164849504000074 53.489248740000050)","Unfall 155193 (2023) Kat:2, Licht: 0","155193","2","4","6","08","15","2","","0","0","1","1","0"
"POINT (10.115686172000039 53.557267998000043)","Unfall 155194 (2023) Kat:3, Licht: 2","155194","3","7","0","08","22","2","","2","0","0","0","0"
"POINT (10.070869755000047 53.538808397000082)","Unfall 155195 (2023) Kat:3, Licht: 0","155195","3","3","5","08","14","2","","0","0","1","0","0"
"POINT (10.046843734000049 53.540695271000061)","Unfall 155196 (2023) Kat:3, Licht: 0","155196","3","7","0","08","15","2","","0","1","0","0","0"
"POINT (10.151432071000045 53.600358669000059)","Unfall 155197 (2023) Kat:3, Licht: 0","155197","3","6","3","08","18","2","","0","0","1","0","0"
"POINT (10.145271481000066 53.580950945000041)","Unfall 155198 (2023) Kat:3, Licht: 0","155198","3","4","6","08","14","2","","0","0","1","1","0"
"POINT (10.067731832000050 53.562269349000076)","Unfall 155199 (2023) Kat:3, Licht: 0","155199","3","7","3","08","18","2","","0","0","1","0","0"
"POINT (10.052840223000032 53.608403408000072)","Unfall 155200 (2023) Kat:3, Licht: 0","155200","3","2","5","08","14","2","","0","1","1","0","0"
"POINT (10.092197265000038 53.651480003000074)","Unfall 155201 (2023) Kat:3, Licht: 0","155201","3","7","0","08","17","2","","0","0","0","0","0"
"POINT (10.021239209000044 53.494829327000048)","Unfall 155202 (2023) Kat:3, Licht: 0","155202","3","1","0","08","18","6","","0","1","0","0","0"
"POINT (9.967077811000024 53.629748263000067)","Unfall 155203 (2023) Kat:2, Licht: 0","155203","2","5","1","08","06","2","","0","1","1","0","0"
"POINT (9.968891434000057 53.602708240000027)","Unfall 155204 (2023) Kat:3, Licht: 0","155204","3","2","3","08","18","2","","0","0","1","0","0"
"POINT (9.993264301000067 53.576358747000029)","Unfall 155205 (2023) Kat:3, Licht: 0","155205","3","2","3","08","12","2","","0","1","1","0","0"
"POINT (9.963145443000030 53.557512442000075)","Unfall 155206 (2023) Kat:3, Licht: 0","155206","3","7","1","08","12","2","","0","1","1","0","0"
"POINT (10.098899998000036 53.588840985000047)","Unfall 155207 (2023) Kat:3, Licht: 0","155207","3","6","2","08","15","1","","0","0","1","0","0"
"POINT (9.911970724000071 53.602665549000051)","Unfall 155208 (2023) Kat:3, Licht: 2","155208","3","6","3","08","00","1","","2","0","1","0","0"
"POINT (9.979882198000041 53.518317979000074)","Unfall 155209 (2023) Kat:3, Licht: 0","155209","3","1","0","08","18","7","","0","0","0","0","1"
"POINT (10.066594888000054 53.584741069000074)","Unfall 155210 (2023) Kat:3, Licht: 0","155210","3","4","6","08","14","7","","0","0","1","1","0"
"POINT (10.162659799000039 53.651942311000028)","Unfall 155211 (2023) Kat:3, Licht: 0","155211","3","7","6","08","10","7","","0","0","1","1","0"
"POINT (10.013147160000074 53.599940218000029)","Unfall 155212 (2023) Kat:3, Licht: 1","155212","3","2","4","08","05","7","","1","0","1","0","0"
"POINT (10.032223398000042 53.578686776000040)","Unfall 155213 (2023) Kat:3, Licht: 2","155213","3","1","0","08","03","7","","2","0","0","0","0"
"POINT (9.946386426000061 53.591261585000041)","Unfall 155214 (2023) Kat:3, Licht: 0","155214","3","7","0","08","18","7","","0","1","0","0","0"
"POINT (9.936318895000056 53.550381701000049)","Unfall 155215 (2023) Kat:3, Licht: 0","155215","3","7","0","08","12","7","","0","1","0","0","0"
"POINT (9.989039916000024 53.581368122000072)","Unfall 155216 (2023) Kat:3, Licht: 0","155216","3","2","2","08","12","7","","0","1","1","0","0"
"POINT (9.963066763000029 53.546499473000040)","Unfall 155217 (2023) Kat:3, Licht: 2","155217","3","7","6","08","22","7","","2","1","0","1","0"
"POINT (9.961373135000031 53.546405104000030)","Unfall 155218 (2023) Kat:3, Licht: 0","155218","3","3","5","08","16","7","","0","1","0","0","0"
"POINT (9.999651605000054 53.541242246000081)","Unfall 155219 (2023) Kat:3, Licht: 0","155219","3","1","0","08","17","7","","0","0","0","0","1"
"POINT (9.992675655000028 53.541667434000033)","Unfall 155220 (2023) Kat:3, Licht: 0","155220","3","7","0","08","20","7","","0","1","0","0","0"
"POINT (9.984588876000032 53.466453921000038)","Unfall 155221 (2023) Kat:3, Licht: 0","155221","3","6","2","08","15","7","","0","0","1","0","0"
"POINT (9.793034024000065 53.515307844000063)","Unfall 155222 (2023) Kat:3, Licht: 0","155222","3","7","0","08","07","6","","0","1","0","0","0"
"POINT (9.948933700000055 53.463986572000067)","Unfall 155223 (2023) Kat:3, Licht: 2","155223","3","6","3","08","02","6","","2","0","1","0","0"
"POINT (10.009063204000029 53.480542770000056)","Unfall 155224 (2023) Kat:3, Licht: 0","155224","3","3","5","08","17","6","","0","1","1","0","0"