WKT,Name,OBJECTID,UKATEGORIE,UTYP1,UART,UMONAT,USTUNDE,UWOCHENTAG,STRZUSTAND,ULICHTVERH,ISTRAD,ISTPKW,ISTFUSS,ISTKRAD
"POINT (10.130483532000028 53.539113116000067)","Unfall 155225 (2023) Kat:3, Licht: 0","155225","3","5","1","08","12","6","","0","0","1","0","0"
"POINT (10.062629189000063 53.530767599000058)","Unfall 155226 (2023) Kat:3, Licht: 0","155226","3","4","6","08","15","6","","0","0","1","1","0"
"POINT (10.123655204000045 53.569266071000072)","Unfall 155227 (2023) Kat:3, Licht: 0","155227","3","5","5","08","14","6","","0","1","1","0","0"
"POINT (10.090915624000047 53.634200285000077)","Unfall 155228 (2023) Kat:3, Licht: 0","155228","3","6","2","08","11","6","","0","0","1","0","0"
"POINT (10.004573536000066 53.657334885000068)","Unfall 155229 (2023) Kat:3, Licht: 2","155229","3","3","5","08","22","6","","2","0","1","0","0"
"POINT (9.903769350000061 53.555949185000031)","Unfall 155230 (2023) Kat:3, Licht: 0","155230","3","1","0","08","19","6","","0","0","0","0","1"
"POINT (9.837146846000053 53.554471662000026)","Unfall 155231 (2023) Kat:3, Licht: 2","155231","3","1","0","08","05","1","","2","0","0","0","1"
"POINT (9.920219668000072 53.633298328000080)","Unfall 155232 (2023) Kat:3, Licht: 0","155232","3","7","0","08","10","6","","0","0","0","0","0"
"POINT (9.936968289000049 53.557191084000067)","Unfall 155233 (2023) Kat:3, Licht: 0","155233","3","5","0","08","12","6","","0","1","0","0","0"
"POINT (10.006018423000057 53.551650184000039)","Unfall 155234 (2023) Kat:3, Licht: 2","155234","3","7","0","08","21","6","","2","0","0","0","0"
"POINT (9.979290658000025 53.556043215000045)","Unfall 155235 (2023) Kat:3, Licht: 1","155235","3","1","0","08","21","6","","1","0","0","0","1"
"POINT (9.874488977000055 53.477274328000078)","Unfall 155236 (2023) Kat:3, Licht: 1","155236","3","6","2","08","20","5","","1","0","1","0","0"
"POINT (9.822977135000031 53.526206723000030)","Unfall 155237 (2023) Kat:3, Licht: 0","155237","3","6","2","08","15","5","","0","0","1","0","0"
"POINT (10.212380702000075 53.462852419000058)","Unfall 155238 (2023) Kat:3, Licht: 0","155238","3","1","9","08","16","5","","0","0","0","0","0"
"POINT (10.149827423000033 53.526066032000074)","Unfall 155239 (2023) Kat:3, Licht: 0","155239","3","3","5","08","17","1","","0","0","1","0","1"
"POINT (10.039449802000036 53.601309163000053)","Unfall 155240 (2023) Kat:3, Licht: 0","155240","3","5","1","08","09","5","","0","0","1","0","0"
"POINT (10.096239306000030 53.638769395000054)","Unfall 155241 (2023) Kat:3, Licht: 0","155241","3","6","2","08","11","5","","0","0","1","0","0"
"POINT (10.016653993000034 53.562146286000029)","Unfall 155242 (2023) Kat:3, Licht: 0","155242","3","3","5","08","11","5","","0","0","1","0","0"
"POINT (9.942690705000075 53.593221732000075)","Unfall 155243 (2023) Kat:3, Licht: 0","155243","3","6","2","08","11","5","","0","0","1","0","0"
"POINT (9.906283171000041 53.585969553000041)","Unfall 155244 (2023) Kat:3, Licht: 0","155244","3","7","4","08","13","5","","0","0","1","0","1"
"POINT (9.900729743000056 53.545855716000062)","Unfall 155245 (2023) Kat:3, Licht: 0","155245","3","3","5","08","08","5","","0","0","1","0","0"
"POINT (9.877004717000034 53.597562886000048)","Unfall 155246 (2023) Kat:2, Licht: 0","155246","2","3","5","08","07","5","","0","0","1","0","0"
"POINT (9.950881194000033 53.631289160000051)","Unfall 155247 (2023) Kat:3, Licht: 0","155247","3","5","3","08","10","5","","0","1","1","0","0"
"POINT (9.901315617000023 53.624688080000055)","Unfall 155248 (2023) Kat:3, Licht: 0","155248","3","7","0","08","15","5","","0","1","0","0","0"
"POINT (10.006162461000031 53.550147666000044)","Unfall 155249 (2023) Kat:3, Licht: 0","155249","3","3","5","08","09","5","","0","0","1","0","0"
"POINT (10.007943168000054 53.552026248000061)","Unfall 155250 (2023) Kat:3, Licht: 0","155250","3","7","3","08","18","5","","0","0","1","0","0"
"POINT (10.119444789000056 53.532031635000067)","Unfall 155251 (2023) Kat:3, Licht: 2","155251","3","6","3","08","04","4","","2","1","1","0","0"
"POINT (10.038156650000076 53.547446070000035)","Unfall 155252 (2023) Kat:3, Licht: 0","155252","3","2","6","08","16","4","","0","0","1","1","0"
"POINT (10.020149812000056 53.550296545000037)","Unfall 155253 (2023) Kat:3, Licht: 0","155253","3","4","6","08","14","4","","0","0","1","1","0"
"POINT (10.044414028000062 53.527546472000040)","Unfall 155254 (2023) Kat:3, Licht: 0","155254","3","7","0","08","13","4","","0","1","0","0","0"
"POINT (10.152230878000069 53.583204893000072)","Unfall 155255 (2023) Kat:3, Licht: 0","155255","3","6","4","08","16","4","","0","0","1","0","0"
"POINT (10.088609590000033 53.595922852000058)","Unfall 155256 (2023) Kat:3, Licht: 0","155256","3","6","3","08","11","4","","0","1","1","0","0"
"POINT (10.008219005000058 53.627898585000082)","Unfall 155257 (2023) Kat:3, Licht: 0","155257","3","6","2","08","17","4","","0","0","1","0","0"
"POINT (10.011432431000060 53.581975302000046)","Unfall 155258 (2023) Kat:3, Licht: 0","155258","3","7","0","08","14","4","","0","0","0","0","1"
"POINT (10.047436440000070 53.583996786000057)","Unfall 155259 (2023) Kat:2, Licht: 0","155259","2","6","4","08","18","4","","0","0","1","0","0"
"POINT (10.046066186000076 53.588521796000066)","Unfall 155260 (2023) Kat:3, Licht: 0","155260","3","2","3","08","17","4","","0","1","0","0","0"
"POINT (10.047624931000030 53.572221634000073)","Unfall 155261 (2023) Kat:3, Licht: 0","155261","3","2","3","08","15","4","","0","0","1","0","0"
"POINT (10.014557052000043 53.554599520000068)","Unfall 155262 (2023) Kat:3, Licht: 0","155262","3","6","2","08","20","4","","0","0","1","0","0"
"POINT (10.013168247000067 53.555651420000061)","Unfall 155263 (2023) Kat:3, Licht: 0","155263","3","5","5","08","09","4","","0","1","1","0","0"
"POINT (10.019393860000037 53.530116146000069)","Unfall 155264 (2023) Kat:3, Licht: 0","155264","3","6","3","08","09","4","","0","0","1","0","0"
"POINT (10.142192530000045 53.570441776000052)","Unfall 155265 (2023) Kat:3, Licht: 0","155265","3","2","4","08","17","3","","0","0","1","0","1"
"POINT (10.143555005000053 53.600394760000029)","Unfall 155266 (2023) Kat:3, Licht: 0","155266","3","2","2","08","16","3","","0","0","1","0","0"
"POINT (10.071357360000036 53.583004961000029)","Unfall 155267 (2023) Kat:3, Licht: 0","155267","3","2","3","08","12","3","","0","0","1","0","0"
"POINT (10.094220998000026 53.678158272000076)","Unfall 155268 (2023) Kat:3, Licht: 1","155268","3","6","4","08","20","3","","1","0","1","0","0"
"POINT (10.029238177000025 53.637116435000053)","Unfall 155269 (2023) Kat:3, Licht: 0","155269","3","3","5","08","18","3","","0","0","1","0","0"
"POINT (10.043083757000034 53.590000228000065)","Unfall 155270 (2023) Kat:3, Licht: 0","155270","3","1","0","08","15","3","","0","1","0","0","0"
"POINT (9.916048287000024 53.600356529000067)","Unfall 155271 (2023) Kat:3, Licht: 0","155271","3","2","3","08","07","3","","0","1","1","0","0"
"POINT (9.905875241000047 53.596698147000041)","Unfall 155272 (2023) Kat:3, Licht: 0","155272","3","4","6","08","07","3","","0","1","0","1","0"
"POINT (9.958692478000046 53.567590941000049)","Unfall 155273 (2023) Kat:3, Licht: 0","155273","3","1","0","08","09","3","","0","1","0","0","0"
"POINT (9.987928740000029 53.581971935000070)","Unfall 155274 (2023) Kat:3, Licht: 0","155274","3","3","5","08","20","3","","0","1","1","0","0"
"POINT (10.000953361000029 53.550022514000034)","Unfall 155275 (2023) Kat:3, Licht: 0","155275","3","7","0","08","15","3","","0","1","0","0","0"
"POINT (10.010522807000029 53.550949765000041)","Unfall 155276 (2023) Kat:3, Licht: 0","155276","3","4","6","08","09","3","","0","0","1","1","0"
"POINT (9.991412280000077 53.443218260000037)","Unfall 155277 (2023) Kat:2, Licht: 0","155277","2","5","0","07","10","2","","0","0","0","0","1"
"POINT (10.124704297000051 53.571101320000082)","Unfall 155278 (2023) Kat:3, Licht: 0","155278","3","2","4","07","17","2","","0","0","1","0","0"
"POINT (10.082650417000025 53.640747701000066)","Unfall 155279 (2023) Kat:3, Licht: 0","155279","3","6","2","07","12","2","","0","0","1","0","0"
"POINT (10.047907842000029 53.571433848000027)","Unfall 155280 (2023) Kat:3, Licht: 0","155280","3","2","6","07","16","2","","0","0","1","1","0"
"POINT (10.035591975000045 53.575202280000042)","Unfall 155281 (2023) Kat:3, Licht: 0","155281","3","6","2","07","12","2","","0","0","1","0","0"
"POINT (10.037919498000065 53.564412306000065)","Unfall 155282 (2023) Kat:3, Licht: 0","155282","3","1","0","07","07","2","","0","1","0","0","0"
"POINT (9.900923292000073 53.610013707000064)","Unfall 155283 (2023) Kat:3, Licht: 0","155283","3","6","2","07","15","2","","0","0","1","0","0"
"POINT (9.822566690000031 53.569802294000056)","Unfall 155284 (2023) Kat:3, Licht: 0","155284","3","3","5","07","11","2","","0","0","1","0","0"
"POINT (9.951214841000024 53.613136301000054)","Unfall 155285 (2023) Kat:3, Licht: 0","155285","3","5","5","07","10","2","","0","1","1","0","0"
"POINT (9.949691380000047 53.555797053000049)","Unfall 155286 (2023) Kat:3, Licht: 1","155286","3","7","0","07","18","2","","1","0","0","0","0"
"POINT (10.019219015000033 53.538944837000031)","Unfall 155287 (2023) Kat:3, Licht: 0","155287","3","3","5","07","10","2","","0","0","1","0","0"
"POINT (9.970501425000066 53.459118521000050)","Unfall 155288 (2023) Kat:3, Licht: 2","155288","3","2","5","07","23","1","","2","1","0","0","0"
"POINT (10.200612649000050 53.509094606000076)","Unfall 155289 (2023) Kat:3, Licht: 0","155289","3","6","0","07","11","1","","0","0","0","0","0"
"POINT (10.119653892000031 53.606165479000026)","Unfall 155290 (2023) Kat:3, Licht: 2","155290","3","2","2","07","21","1","","2","0","1","0","0"
"POINT (10.131129467000051 53.584231301000045)","Unfall 155291 (2023) Kat:3, Licht: 0","155291","3","1","0","07","06","1","","0","0","0","0","0"
"POINT (9.974072626000066 53.556688393000059)","Unfall 155292 (2023) Kat:3, Licht: 0","155292","3","4","6","07","17","1","","0","0","0","1","0"
"POINT (10.206337048000023 53.494564780000076)","Unfall 155293 (2023) Kat:3, Licht: 0","155293","3","2","6","07","11","7","","0","0","1","1","0"
"POINT (10.083653297000069 53.549881401000050)","Unfall 155294 (2023) Kat:3, Licht: 0","155294","3","2","6","07","11","7","","0","0","1","1","0"
"POINT (10.044212261000041 53.529784755000037)","Unfall 155295 (2023) Kat:3, Licht: 0","155295","3","7","0","07","18","7","","0","1","0","0","0"
"POINT (10.105504836000023 53.570566950000057)","Unfall 155296 (2023) Kat:3, Licht: 0","155296","3","3","5","07","13","7","","0","0","1","0","0"
"POINT (10.090902165000045 53.670247487000040)","Unfall 155297 (2023) Kat:3, Licht: 0","155297","3","7","0","07","11","7","","0","1","0","0","0"
"POINT (9.918247046000033 53.579133334000062)","Unfall 155298 (2023) Kat:3, Licht: 0","155298","3","3","5","07","10","7","","0","0","1","0","0"
"POINT (10.004977753000048 53.551676794000059)","Unfall 155299 (2023) Kat:3, Licht: 0","155299","3","7","0","07","16","7","","0","1","0","0","0"
"POINT (10.140549571000065 53.627199961000031)","Unfall 155300 (2023) Kat:3, Licht: 0","155300","3","7","0","08","11","2","","0","1","0","0","0"
"POINT (9.979451031000053 53.544087670000067)","Unfall 155301 (2023) Kat:3, Licht: 0","155301","3","3","5","07","17","7","","0","0","1","0","0"
"POINT (9.980276917000026 53.460711709000066)","Unfall 155302 (2023) Kat:3, Licht: 0","155302","3","7","0","07","10","6","","0","0","0","0","0"
"POINT (10.071657694000066 53.597523057000046)","Unfall 155303 (2023) Kat:3, Licht: 0","155303","3","7","6","07","07","6","","0","0","1","1","0"
"POINT (10.009407141000054 53.578337514000054)","Unfall 155304 (2023) Kat:3, Licht: 0","155304","3","2","3","07","09","6","","0","0","1","0","0"
"POINT (9.904247579000071 53.587578571000051)","Unfall 155305 (2023) Kat:3, Licht: 2","155305","3","1","0","07","23","6","","2","0","0","0","0"
"POINT (9.907081182000070 53.567211866000036)","Unfall 155306 (2023) Kat:3, Licht: 0","155306","3","2","2","07","15","6","","0","0","1","0","1"
"POINT (9.891391276000036 53.574395174000074)","Unfall 155307 (2023) Kat:3, Licht: 0","155307","3","7","2","07","08","6","","0","0","0","0","1"
"POINT (9.990000874000032 53.559852313000079)","Unfall 155308 (2023) Kat:3, Licht: 0","155308","3","2","3","07","09","6","","0","1","1","0","0"
"POINT (10.023308018000023 53.537817176000033)","Unfall 155309 (2023) Kat:3, Licht: 0","155309","3","3","5","07","19","6","","0","0","1","0","0"
"POINT (10.008770800000036 53.552322234000030)","Unfall 155310 (2023) Kat:3, Licht: 0","155310","3","2","6","07","12","6","","0","0","1","1","0"
"POINT (9.986538748000044 53.456927695000047)","Unfall 155311 (2023) Kat:3, Licht: 0","155311","3","4","6","07","16","5","","0","0","1","1","0"
"POINT (10.134968210000068 53.594599844000072)","Unfall 155312 (2023) Kat:3, Licht: 0","155312","3","6","4","07","17","5","","0","1","0","0","0"
"POINT (10.143945019000057 53.619493199000033)","Unfall 155313 (2023) Kat:2, Licht: 0","155313","2","3","5","07","16","5","","0","0","1","0","1"
"POINT (10.151204482000026 53.613572032000036)","Unfall 155314 (2023) Kat:3, Licht: 2","155314","3","2","3","07","00","5","","2","0","0","0","0"
"POINT (10.040623134000043 53.603148368000063)","Unfall 155315 (2023) Kat:3, Licht: 0","155315","3","6","2","07","13","5","","0","0","1","0","0"
"POINT (10.057319443000040 53.636626399000079)","Unfall 155316 (2023) Kat:3, Licht: 0","155316","3","1","4","07","17","5","","0","0","1","0","0"
"POINT (9.947664513000063 53.582300331000056)","Unfall 155317 (2023) Kat:3, Licht: 2","155317","3","1","0","07","23","5","","2","1","0","0","0"
"POINT (9.991183368000065 53.557839702000081)","Unfall 155318 (2023) Kat:3, Licht: 2","155318","3","6","2","07","21","5","","2","0","1","0","0"
"POINT (10.000879307000048 53.551103917000034)","Unfall 155319 (2023) Kat:3, Licht: 0","155319","3","6","3","07","09","5","","0","1","0","0","0"
"POINT (9.990149540000061 53.443784404000041)","Unfall 155320 (2023) Kat:3, Licht: 0","155320","3","6","2","07","16","4","","0","0","1","0","0"
"POINT (10.186219561000030 53.489155295000046)","Unfall 155321 (2023) Kat:3, Licht: 0","155321","3","2","3","07","11","4","","0","0","1","0","0"
"POINT (10.218867326000066 53.484577535000028)","Unfall 155322 (2023) Kat:3, Licht: 2","155322","3","7","0","07","02","4","","2","0","0","0","0"
"POINT (10.085169448000045 53.657539583000073)","Unfall 155323 (2023) Kat:3, Licht: 0","155323","3","7","0","07","11","4","","0","1","0","0","0"
"POINT (10.032167157000060 53.593020511000077)","Unfall 155324 (2023) Kat:3, Licht: 0","155324","3","6","2","07","16","4","","0","0","1","0","0"
"POINT (10.045030190000034 53.590222428000061)","Unfall 155325 (2023) Kat:3, Licht: 0","155325","3","2","3","07","18","4","","0","1","1","0","0"
"POINT (9.949852722000060 53.628873467000062)","Unfall 155326 (2023) Kat:3, Licht: 0","155326","3","2","6","07","17","4","","0","0","1","1","0"
"POINT (9.973441997000066 53.583943526000041)","Unfall 155327 (2023) Kat:3, Licht: 0","155327","3","3","5","07","11","4","","0","0","1","0","0"
"POINT (10.015931898000076 53.612521323000067)","Unfall 155328 (2023) Kat:3, Licht: 0","155328","3","3","5","08","13","5","","0","1","1","0","0"
"POINT (9.951735663000022 53.566027139000028)","Unfall 155329 (2023) Kat:3, Licht: 2","155329","3","1","0","07","23","4","","2","1","0","0","0"
"POINT (9.946624611000061 53.561139473000082)","Unfall 155330 (2023) Kat:3, Licht: 0","155330","3","7","0","07","16","4","","0","1","0","0","0"
"POINT (9.942687493000051 53.551850467000065)","Unfall 155331 (2023) Kat:3, Licht: 0","155331","3","3","5","07","11","4","","0","1","0","0","0"
"POINT (9.976745507000032 53.578074766000043)","Unfall 155332 (2023) Kat:3, Licht: 0","155332","3","6","2","07","11","4","","0","0","1","0","0"
"POINT (9.959110448000047 53.546735393000063)","Unfall 155333 (2023) Kat:3, Licht: 0","155333","3","7","0","07","18","4","","0","1","0","0","0"
"POINT (9.967724638000050 53.549976342000036)","Unfall 155334 (2023) Kat:3, Licht: 0","155334","3","4","6","07","14","4","","0","1","0","1","0"
"POINT (10.007332325000050 53.547609028000068)","Unfall 155335 (2023) Kat:3, Licht: 0","155335","3","3","5","07","18","4","","0","1","0","0","0"
"POINT (9.879087452000022 53.513458124000067)","Unfall 155336 (2023) Kat:3, Licht: 2","155336","3","6","4","07","23","3","","2","0","0","0","1"
"POINT (10.188590282000064 53.491482464000057)","Unfall 155337 (2023) Kat:3, Licht: 0","155337","3","5","5","07","18","3","","0","0","1","0","0"
"POINT (10.162106099000027 53.506655797000064)","Unfall 155338 (2023) Kat:3, Licht: 0","155338","3","7","0","07","13","3","","0","1","0","0","0"
"POINT (10.177805669000065 53.407544845000075)","Unfall 155339 (2023) Kat:2, Licht: 0","155339","2","4","6","07","14","3","","0","0","0","1","0"
"POINT (10.102843861000053 53.578781541000069)","Unfall 155340 (2023) Kat:3, Licht: 0","155340","3","7","3","07","18","3","","0","0","1","0","0"
"POINT (10.164513966000072 53.621496749000073)","Unfall 155341 (2023) Kat:3, Licht: 0","155341","3","5","5","07","07","3","","0","0","1","0","0"
"POINT (10.147495538000044 53.600534710000034)","Unfall 155342 (2023) Kat:3, Licht: 0","155342","3","1","0","08","19","5","","0","1","0","0","0"
"POINT (10.124706291000052 53.571104362000028)","Unfall 155343 (2023) Kat:3, Licht: 0","155343","3","3","5","07","18","3","","0","1","1","0","0"
"POINT (10.038585677000071 53.608401234000041)","Unfall 155344 (2023) Kat:3, Licht: 0","155344","3","3","5","07","19","3","","0","1","0","0","0"
"POINT (10.114856277000058 53.659879664000073)","Unfall 155345 (2023) Kat:3, Licht: 0","155345","3","6","2","07","12","3","","0","0","1","0","0"
"POINT (9.989271727000073 53.581556624000029)","Unfall 155346 (2023) Kat:3, Licht: 0","155346","3","7","0","07","11","3","","0","1","0","0","0"
"POINT (9.997198846000060 53.541476866000039)","Unfall 155347 (2023) Kat:2, Licht: 0","155347","2","7","0","07","18","3","","0","0","1","0","0"
"POINT (9.984878893000030 53.453548276000049)","Unfall 155348 (2023) Kat:3, Licht: 0","155348","3","5","1","07","18","2","","0","1","1","0","0"
"POINT (10.196734959000025 53.488910085000043)","Unfall 155349 (2023) Kat:3, Licht: 0","155349","3","7","0","07","13","2","","0","0","0","0","0"
"POINT (10.079862010000056 53.561808628000051)","Unfall 155350 (2023) Kat:3, Licht: 0","155350","3","7","2","07","17","2","","0","0","1","0","0"
"POINT (10.068795947000069 53.559566752000080)","Unfall 155351 (2023) Kat:3, Licht: 0","155351","3","3","5","07","14","2","","0","1","1","0","0"
"POINT (10.127118550000034 53.571004601000027)","Unfall 155352 (2023) Kat:3, Licht: 0","155352","3","5","5","07","09","2","","0","1","0","0","0"
"POINT (10.073382326000058 53.641531910000026)","Unfall 155353 (2023) Kat:3, Licht: 1","155353","3","1","9","07","04","2","","1","0","1","0","0"
"POINT (10.002460601000053 53.672137823000071)","Unfall 155354 (2023) Kat:3, Licht: 0","155354","3","2","3","07","17","2","","0","1","1","0","0"
"POINT (10.021832376000077 53.612272059000077)","Unfall 155355 (2023) Kat:3, Licht: 0","155355","3","6","2","07","14","2","","0","0","1","0","0"
"POINT (10.019763257000022 53.583799286000044)","Unfall 155356 (2023) Kat:3, Licht: 2","155356","3","7","0","07","23","2","","2","1","0","0","0"
"POINT (10.014568215000054 53.575924511000039)","Unfall 155357 (2023) Kat:2, Licht: 2","155357","2","3","5","07","22","2","","2","0","1","0","1"
"POINT (9.792397400000027 53.561870975000033)","Unfall 155358 (2023) Kat:3, Licht: 0","155358","3","3","5","07","15","2","","0","1","1","0","0"
"POINT (9.846823173000075 53.574562013000048)","Unfall 155359 (2023) Kat:3, Licht: 0","155359","3","2","3","07","14","2","","0","0","1","0","0"
"POINT (9.759434731000056 53.566795923000029)","Unfall 155360 (2023) Kat:3, Licht: 0","155360","3","1","8","07","06","2","","0","1","0","0","0"
"POINT (9.940849911000043 53.550928154000076)","Unfall 155361 (2023) Kat:3, Licht: 0","155361","3","6","2","07","15","2","","0","0","1","0","0"
"POINT (9.964127722000057 53.564854560000072)","Unfall 155362 (2023) Kat:3, Licht: 0","155362","3","7","6","07","12","2","","0","0","0","1","0"
"POINT (9.987222055000075 53.493558944000029)","Unfall 155363 (2023) Kat:3, Licht: 0","155363","3","1","0","07","15","1","","0","1","0","0","0"
"POINT (9.919753442000058 53.637329841000053)","Unfall 155364 (2023) Kat:3, Licht: 0","155364","3","2","4","08","15","1","","0","0","1","0","1"
"POINT (10.183182234000071 53.486248381000053)","Unfall 155365 (2023) Kat:3, Licht: 0","155365","3","1","9","07","15","1","","0","0","0","0","1"
"POINT (10.094988797000042 53.530500151000069)","Unfall 155366 (2023) Kat:3, Licht: 0","155366","3","6","2","07","14","1","","0","0","1","0","0"
"POINT (10.079415411000070 53.574933759000032)","Unfall 155367 (2023) Kat:3, Licht: 0","155367","3","7","0","07","06","1","","0","0","1","0","0"
"POINT (10.016048011000066 53.616872817000058)","Unfall 155368 (2023) Kat:3, Licht: 0","155368","3","6","2","07","17","1","","0","0","1","0","0"
"POINT (9.907147110000039 53.616270374000067)","Unfall 155369 (2023) Kat:3, Licht: 2","155369","3","3","5","07","22","1","","2","0","1","0","0"
"POINT (9.947711123000033 53.560999482000057)","Unfall 155370 (2023) Kat:3, Licht: 2","155370","3","7","0","07","01","1","","2","1","0","0","0"
"POINT (10.006130671000051 53.548708531000045)","Unfall 155371 (2023) Kat:3, Licht: 0","155371","3","6","2","07","15","1","","0","0","1","0","0"
"POINT (10.177050269000063 53.483180641000047)","Unfall 155372 (2023) Kat:2, Licht: 0","155372","2","3","5","07","11","7","","0","1","1","0","0"
"POINT (10.208341631000053 53.496007322000082)","Unfall 155373 (2023) Kat:3, Licht: 0","155373","3","4","0","07","17","7","","0","0","0","1","0"
"POINT (10.276355448000061 53.460881971000049)","Unfall 155374 (2023) Kat:3, Licht: 0","155374","3","6","2","07","15","7","","0","1","0","0","0"
"POINT (10.094544428000063 53.542693330000077)","Unfall 155375 (2023) Kat:2, Licht: 1","155375","2","7","9","07","05","7","","1","0","1","0","0"
"POINT (10.059523220000074 53.560586239000031)","Unfall 155376 (2023) Kat:3, Licht: 2","155376","3","1","0","07","22","7","","2","1","0","0","0"
"POINT (10.047700637000048 53.561593020000032)","Unfall 155377 (2023) Kat:3, Licht: 0","155377","3","5","5","07","13","7","","0","1","1","0","0"
"POINT (10.128177940000057 53.601662760000067)","Unfall 155378 (2023) Kat:3, Licht: 2","155378","3","2","4","07","22","7","","2","0","1","0","0"
"POINT (10.061453932000063 53.577298774000042)","Unfall 155379 (2023) Kat:3, Licht: 0","155379","3","1","0","07","08","7","","0","0","0","0","0"
"POINT (10.113833763000059 53.637921630000051)","Unfall 155380 (2023) Kat:3, Licht: 0","155380","3","1","0","07","19","7","","0","1","0","0","0"
"POINT (10.006463398000051 53.633354671000063)","Unfall 155381 (2023) Kat:3, Licht: 0","155381","3","7","0","07","11","7","","0","0","1","1","0"
"POINT (10.004680601000075 53.657046976000061)","Unfall 155382 (2023) Kat:2, Licht: 0","155382","2","7","8","07","17","7","","0","0","1","0","0"
"POINT (10.007030061000023 53.656235828000035)","Unfall 155383 (2023) Kat:3, Licht: 0","155383","3","5","1","07","10","7","","0","1","1","0","0"
"POINT (10.018797537000069 53.647065013000031)","Unfall 155384 (2023) Kat:3, Licht: 1","155384","3","1","0","07","18","7","","1","0","0","0","0"
"POINT (9.993864953000070 53.599173492000034)","Unfall 155385 (2023) Kat:3, Licht: 0","155385","3","2","3","07","16","7","","0","1","1","0","0"
"POINT (9.959113108000054 53.626877458000081)","Unfall 155386 (2023) Kat:3, Licht: 0","155386","3","7","0","07","08","3","","0","1","0","0","0"
"POINT (9.914475689000028 53.557313410000063)","Unfall 155387 (2023) Kat:3, Licht: 1","155387","3","5","5","07","18","7","","1","1","0","0","0"
"POINT (9.977810187000046 53.601539828000057)","Unfall 155388 (2023) Kat:3, Licht: 0","155388","3","5","0","07","15","7","","0","0","0","0","1"
"POINT (9.979813484000033 53.550103875000048)","Unfall 155389 (2023) Kat:3, Licht: 0","155389","3","7","0","07","16","7","","0","0","0","0","0"
"POINT (9.993087629000058 53.544906355000080)","Unfall 155390 (2023) Kat:3, Licht: 2","155390","3","1","8","07","03","7","","2","0","0","0","1"
"POINT (10.010267602000056 53.552286512000080)","Unfall 155391 (2023) Kat:3, Licht: 0","155391","3","4","6","07","15","7","","0","0","1","1","0"
"POINT (10.017011463000074 53.547292287000062)","Unfall 155392 (2023) Kat:3, Licht: 0","155392","3","5","5","07","17","6","","0","1","1","0","0"
"POINT (10.160299853000026 53.599541905000081)","Unfall 155393 (2023) Kat:3, Licht: 2","155393","3","5","1","07","02","6","","2","1","1","0","0"
"POINT (10.061330360000056 53.649171530000046)","Unfall 155394 (2023) Kat:3, Licht: 0","155394","3","3","2","07","10","6","","0","1","1","0","0"
"POINT (10.022650874000021 53.649064980000048)","Unfall 155395 (2023) Kat:2, Licht: 0","155395","2","1","8","07","19","6","","0","0","0","0","1"
"POINT (10.025474351000071 53.631200515000046)","Unfall 155396 (2023) Kat:3, Licht: 0","155396","3","6","4","07","17","6","","0","1","1","0","0"
"POINT (10.030345567000040 53.619182455000043)","Unfall 155397 (2023) Kat:3, Licht: 0","155397","3","3","6","07","09","6","","0","0","1","1","0"
"POINT (10.032766008000067 53.590686028000050)","Unfall 155398 (2023) Kat:3, Licht: 0","155398","3","3","5","07","17","6","","0","1","1","0","0"
"POINT (10.055705208000063 53.591340206000041)","Unfall 155399 (2023) Kat:3, Licht: 0","155399","3","6","2","07","08","6","","0","0","1","0","0"
"POINT (9.964954683000030 53.578973034000057)","Unfall 155400 (2023) Kat:3, Licht: 0","155400","3","2","6","07","07","6","","0","0","0","1","0"
"POINT (9.934833756000046 53.546339078000074)","Unfall 155401 (2023) Kat:3, Licht: 0","155401","3","7","3","07","11","6","","0","0","1","0","1"
"POINT (10.096812188000058 53.532355524000081)","Unfall 155402 (2023) Kat:3, Licht: 0","155402","3","2","3","08","15","6","","0","0","1","0","0"
"POINT (9.930197206000059 53.551351156000067)","Unfall 155403 (2023) Kat:3, Licht: 0","155403","3","5","5","07","12","6","","0","1","1","0","0"
"POINT (9.999622905000024 53.576306124000041)","Unfall 155404 (2023) Kat:3, Licht: 0","155404","3","1","0","07","19","6","","0","0","0","0","0"
"POINT (10.115694641000061 53.531106579000038)","Unfall 155405 (2023) Kat:3, Licht: 0","155405","3","2","4","07","17","7","","0","0","1","0","0"
"POINT (9.948901743000022 53.474795113000027)","Unfall 155406 (2023) Kat:3, Licht: 0","155406","3","1","0","07","20","6","","0","1","0","0","0"
"POINT (9.878754473000072 53.513501908000080)","Unfall 155407 (2023) Kat:3, Licht: 0","155407","3","1","9","07","13","5","","0","0","1","0","0"
"POINT (9.990703326000073 53.444915363000064)","Unfall 155408 (2023) Kat:3, Licht: 0","155408","3","2","4","07","19","5","","0","1","1","0","0"
"POINT (10.128857761000063 53.482133807000082)","Unfall 155409 (2023) Kat:2, Licht: 0","155409","2","3","5","07","19","5","","0","1","0","0","0"
"POINT (10.082009614000071 53.513116779000029)","Unfall 155410 (2023) Kat:3, Licht: 0","155410","3","5","1","07","16","5","","0","0","1","0","0"