WKT,Name,OBJECTID,UKATEGORIE,UTYP1,UART,UMONAT,USTUNDE,UWOCHENTAG,STRZUSTAND,ULICHTVERH,ISTRAD,ISTPKW,ISTFUSS,ISTKRAD
"POINT (10.152349539000056 53.542858736000028)","Unfall 155411 (2023) Kat:3, Licht: 0","155411","3","2","4","07","13","5","","0","0","1","0","0"
"POINT (10.083113942000068 53.576000511000075)","Unfall 155412 (2023) Kat:3, Licht: 0","155412","3","3","5","07","07","5","","0","1","1","0","0"
"POINT (10.079951314000027 53.582373604000054)","Unfall 155413 (2023) Kat:3, Licht: 0","155413","3","5","1","07","14","5","","0","0","1","0","0"
"POINT (10.012659247000045 53.641598430000045)","Unfall 155414 (2023) Kat:3, Licht: 0","155414","3","7","6","07","10","5","","0","0","1","0","0"
"POINT (10.033752085000060 53.587991595000062)","Unfall 155415 (2023) Kat:3, Licht: 0","155415","3","1","0","07","12","5","","0","0","0","0","1"
"POINT (10.025575794000076 53.563995401000057)","Unfall 155416 (2023) Kat:3, Licht: 0","155416","3","5","3","07","18","5","","0","1","1","0","0"
"POINT (9.918917330000056 53.576040751000050)","Unfall 155417 (2023) Kat:3, Licht: 0","155417","3","5","5","07","17","5","","0","1","1","0","0"
"POINT (9.972203017000027 53.598533143000054)","Unfall 155418 (2023) Kat:3, Licht: 0","155418","3","5","5","07","17","5","","0","1","1","0","0"
"POINT (9.936280218000036 53.547845816000063)","Unfall 155419 (2023) Kat:3, Licht: 0","155419","3","7","0","07","13","5","","0","0","0","0","1"
"POINT (9.993750353000053 53.579761952000069)","Unfall 155420 (2023) Kat:3, Licht: 0","155420","3","3","5","07","11","5","","0","1","1","0","0"
"POINT (9.995886733000077 53.567076362000080)","Unfall 155421 (2023) Kat:3, Licht: 0","155421","3","6","6","07","08","5","","0","0","0","1","0"
"POINT (9.979661974000066 53.555446919000076)","Unfall 155422 (2023) Kat:3, Licht: 2","155422","3","6","4","07","23","5","","2","1","0","0","0"
"POINT (10.006318793000048 53.548487097000077)","Unfall 155423 (2023) Kat:3, Licht: 0","155423","3","6","3","07","16","5","","0","0","1","0","1"
"POINT (9.970706198000073 53.550115278000078)","Unfall 155424 (2023) Kat:3, Licht: 0","155424","3","6","2","07","16","5","","0","0","1","0","0"
"POINT (9.854754482000033 53.535421272000065)","Unfall 155425 (2023) Kat:3, Licht: 0","155425","3","7","0","07","17","4","","0","1","1","0","0"
"POINT (9.981946692000065 53.463328503000071)","Unfall 155426 (2023) Kat:3, Licht: 0","155426","3","6","2","07","14","4","","0","0","1","0","0"
"POINT (10.208468615000072 53.510043456000062)","Unfall 155427 (2023) Kat:3, Licht: 0","155427","3","2","6","07","13","4","","0","0","1","1","0"
"POINT (10.207093181000062 53.495053764000033)","Unfall 155428 (2023) Kat:3, Licht: 0","155428","3","7","0","07","11","4","","0","0","0","0","0"
"POINT (9.819426400000054 53.580954132000045)","Unfall 155429 (2023) Kat:3, Licht: 0","155429","3","3","5","07","09","5","","0","1","1","0","0"
"POINT (10.079084309000052 53.530701395000051)","Unfall 155430 (2023) Kat:2, Licht: 0","155430","2","5","5","07","09","4","","0","1","1","0","0"
"POINT (10.056925576000026 53.563803076000056)","Unfall 155431 (2023) Kat:3, Licht: 0","155431","3","5","1","07","20","4","","0","1","1","0","0"
"POINT (10.077017647000048 53.570214865000082)","Unfall 155432 (2023) Kat:3, Licht: 0","155432","3","5","5","07","18","4","","0","1","1","0","0"
"POINT (10.060731039000075 53.585075954000047)","Unfall 155433 (2023) Kat:3, Licht: 0","155433","3","5","1","07","20","4","","0","1","1","0","0"
"POINT (10.058353630000056 53.593069969000055)","Unfall 155434 (2023) Kat:3, Licht: 0","155434","3","6","2","07","12","4","","0","0","1","0","0"
"POINT (9.929023413000039 53.585178792000079)","Unfall 155435 (2023) Kat:3, Licht: 0","155435","3","5","5","07","17","4","","0","1","1","0","0"
"POINT (9.898638467000069 53.612025715000073)","Unfall 155436 (2023) Kat:3, Licht: 0","155436","3","3","5","07","08","4","","0","0","0","0","0"
"POINT (9.929402110000069 53.626532090000069)","Unfall 155437 (2023) Kat:3, Licht: 0","155437","3","1","0","07","18","4","","0","1","0","0","0"
"POINT (9.944319731000064 53.572984157000064)","Unfall 155438 (2023) Kat:3, Licht: 0","155438","3","2","2","07","14","4","","0","0","0","0","1"
"POINT (9.970660383000052 53.598575549000032)","Unfall 155439 (2023) Kat:3, Licht: 0","155439","3","7","0","07","12","4","","0","1","1","0","0"
"POINT (9.934390254000050 53.555581609000058)","Unfall 155440 (2023) Kat:3, Licht: 0","155440","3","7","0","07","18","4","","0","1","0","0","0"
"POINT (9.936080571000048 53.552960698000049)","Unfall 155441 (2023) Kat:3, Licht: 0","155441","3","6","3","07","11","4","","0","1","1","0","0"
"POINT (9.960175795000055 53.563643791000061)","Unfall 155442 (2023) Kat:3, Licht: 0","155442","3","2","5","07","20","4","","0","1","1","0","0"
"POINT (10.007118215000048 53.546427325000082)","Unfall 155443 (2023) Kat:3, Licht: 0","155443","3","6","4","07","16","4","","0","1","1","0","0"
"POINT (9.987086595000051 53.513618652000048)","Unfall 155444 (2023) Kat:3, Licht: 0","155444","3","4","6","07","11","3","","0","0","1","1","0"
"POINT (10.113947140000050 53.557888442000035)","Unfall 155445 (2023) Kat:3, Licht: 0","155445","3","6","2","07","13","3","","0","0","1","0","0"
"POINT (9.958714566000026 53.596616651000033)","Unfall 155446 (2023) Kat:3, Licht: 0","155446","3","3","5","07","12","6","","0","0","1","0","0"
"POINT (10.057051575000060 53.564186616000029)","Unfall 155447 (2023) Kat:3, Licht: 0","155447","3","2","3","07","16","3","","0","1","1","0","0"
"POINT (10.130285402000027 53.592037748000052)","Unfall 155448 (2023) Kat:3, Licht: 0","155448","3","3","5","07","19","3","","0","0","1","0","0"
"POINT (10.141453148000039 53.584476503000076)","Unfall 155449 (2023) Kat:3, Licht: 0","155449","3","5","3","07","15","3","","0","0","1","0","0"
"POINT (10.075263488000076 53.592780525000080)","Unfall 155450 (2023) Kat:3, Licht: 0","155450","3","6","6","07","11","3","","0","0","0","1","0"
"POINT (10.056686130000060 53.673745695000036)","Unfall 155451 (2023) Kat:2, Licht: 0","155451","2","6","2","07","13","3","","0","0","1","0","1"
"POINT (10.051537968000048 53.564407397000082)","Unfall 155452 (2023) Kat:3, Licht: 1","155452","3","3","5","07","20","3","","1","1","1","0","0"
"POINT (10.025207203000036 53.561455391000038)","Unfall 155453 (2023) Kat:3, Licht: 1","155453","3","6","0","07","20","5","","1","1","0","0","0"
"POINT (9.886693234000063 53.578719059000036)","Unfall 155454 (2023) Kat:3, Licht: 0","155454","3","6","3","07","20","3","","0","1","0","0","0"
"POINT (9.867020277000051 53.547998756000027)","Unfall 155455 (2023) Kat:3, Licht: 0","155455","3","1","0","07","19","3","","0","1","0","0","0"
"POINT (9.866231825000057 53.547997272000032)","Unfall 155456 (2023) Kat:3, Licht: 0","155456","3","1","0","07","19","3","","0","1","0","0","0"
"POINT (9.986058596000021 53.594976346000067)","Unfall 155457 (2023) Kat:3, Licht: 0","155457","3","3","5","07","13","3","","0","0","1","0","0"
"POINT (9.954272745000026 53.553789423000069)","Unfall 155458 (2023) Kat:3, Licht: 2","155458","3","7","0","07","03","3","","2","1","0","0","0"
"POINT (10.023494094000057 53.551221234000081)","Unfall 155459 (2023) Kat:3, Licht: 0","155459","3","6","3","07","17","2","","0","0","1","0","0"
"POINT (10.075895690000038 53.613886798000067)","Unfall 155460 (2023) Kat:3, Licht: 0","155460","3","4","6","07","11","2","","0","0","1","1","0"
"POINT (10.084308085000032 53.640460648000044)","Unfall 155461 (2023) Kat:3, Licht: 0","155461","3","6","6","07","13","2","","0","0","0","1","0"
"POINT (10.021133515000031 53.648983343000054)","Unfall 155462 (2023) Kat:3, Licht: 0","155462","3","2","4","07","17","2","","0","0","1","0","0"
"POINT (10.019930890000069 53.633602331000077)","Unfall 155463 (2023) Kat:3, Licht: 0","155463","3","7","0","07","08","2","","0","1","1","0","0"
"POINT (10.006108430000040 53.550095553000062)","Unfall 155464 (2023) Kat:3, Licht: 0","155464","3","4","6","08","14","7","","0","0","0","1","0"
"POINT (10.027482251000038 53.570485409000071)","Unfall 155465 (2023) Kat:3, Licht: 0","155465","3","6","2","07","15","2","","0","0","1","0","0"
"POINT (10.040776234000077 53.566734034000035)","Unfall 155466 (2023) Kat:3, Licht: 0","155466","3","1","0","07","18","2","","0","0","0","0","1"
"POINT (9.904947971000070 53.608679046000077)","Unfall 155467 (2023) Kat:3, Licht: 0","155467","3","3","0","07","14","2","","0","0","1","0","0"
"POINT (9.864628590000052 53.559155044000079)","Unfall 155468 (2023) Kat:3, Licht: 0","155468","3","2","3","07","11","2","","0","1","1","0","0"
"POINT (9.857533842000066 53.582110493000073)","Unfall 155469 (2023) Kat:3, Licht: 0","155469","3","3","5","07","08","2","","0","1","1","0","0"
"POINT (9.831779819000076 53.579204775000051)","Unfall 155470 (2023) Kat:3, Licht: 0","155470","3","5","1","07","06","2","","0","0","1","0","0"
"POINT (9.897340407000058 53.562146098000028)","Unfall 155471 (2023) Kat:2, Licht: 0","155471","2","1","0","07","17","2","","0","1","0","0","0"
"POINT (9.949191918000054 53.621510759000046)","Unfall 155472 (2023) Kat:3, Licht: 0","155472","3","5","1","07","08","2","","0","0","1","0","0"
"POINT (9.990963600000043 53.560231742000042)","Unfall 155473 (2023) Kat:3, Licht: 0","155473","3","6","2","07","11","2","","0","0","1","0","0"
"POINT (9.984218990000045 53.569564944000035)","Unfall 155474 (2023) Kat:3, Licht: 0","155474","3","4","6","07","08","2","","0","1","0","1","0"
"POINT (9.974138207000067 53.569194566000078)","Unfall 155475 (2023) Kat:3, Licht: 0","155475","3","1","0","07","19","2","","0","1","0","0","0"
"POINT (10.018444186000067 53.552481263000061)","Unfall 155476 (2023) Kat:3, Licht: 0","155476","3","6","2","07","14","2","","0","0","1","0","0"
"POINT (10.095182960000045 53.530837016000078)","Unfall 155477 (2023) Kat:3, Licht: 0","155477","3","6","2","07","14","1","","0","0","1","0","0"
"POINT (10.121813803000066 53.565778837000039)","Unfall 155478 (2023) Kat:2, Licht: 0","155478","2","2","3","07","16","1","","0","1","1","0","0"
"POINT (10.113790926000036 53.582972667000035)","Unfall 155479 (2023) Kat:3, Licht: 0","155479","3","6","2","07","14","1","","0","0","1","0","0"
"POINT (10.135788717000025 53.593899787000055)","Unfall 155480 (2023) Kat:3, Licht: 0","155480","3","6","3","07","12","1","","0","1","1","0","0"
"POINT (10.059106366000037 53.576799157000039)","Unfall 155481 (2023) Kat:3, Licht: 0","155481","3","5","3","07","18","1","","0","0","1","0","0"
"POINT (10.084541858000023 53.656777366000028)","Unfall 155482 (2023) Kat:3, Licht: 0","155482","3","3","5","07","16","1","","0","1","1","0","0"
"POINT (10.006946434000042 53.599149660000080)","Unfall 155483 (2023) Kat:3, Licht: 2","155483","3","7","0","07","03","1","","2","1","0","0","0"
"POINT (10.035090002000061 53.568072060000077)","Unfall 155484 (2023) Kat:3, Licht: 1","155484","3","6","6","08","20","4","","1","1","0","1","0"
"POINT (10.027534105000029 53.617666119000035)","Unfall 155485 (2023) Kat:3, Licht: 0","155485","3","5","5","07","18","1","","0","0","1","0","0"
"POINT (10.018383913000037 53.562869817000035)","Unfall 155486 (2023) Kat:3, Licht: 0","155486","3","4","6","07","18","1","","0","1","0","1","0"
"POINT (10.017011630000070 53.564108981000061)","Unfall 155487 (2023) Kat:3, Licht: 0","155487","3","3","5","07","17","1","","0","1","1","0","0"
"POINT (10.026891375000048 53.569755059000045)","Unfall 155488 (2023) Kat:2, Licht: 2","155488","2","4","6","07","02","1","","2","0","1","1","0"
"POINT (9.808548394000070 53.561480915000061)","Unfall 155489 (2023) Kat:3, Licht: 0","155489","3","6","0","07","20","1","","0","1","0","0","0"
"POINT (9.910506211000040 53.568080454000039)","Unfall 155490 (2023) Kat:3, Licht: 2","155490","3","1","0","07","00","1","","2","1","0","0","0"
"POINT (9.987187969000047 53.590094016000080)","Unfall 155491 (2023) Kat:3, Licht: 2","155491","3","7","0","07","00","1","","2","0","0","0","0"
"POINT (9.949638660000062 53.596295042000065)","Unfall 155492 (2023) Kat:3, Licht: 2","155492","3","7","9","07","00","1","","2","0","0","0","1"
"POINT (9.985127156000033 53.546438000000080)","Unfall 155493 (2023) Kat:2, Licht: 0","155493","2","3","5","07","13","1","","0","0","1","0","0"
"POINT (9.856313589000024 53.473433067000030)","Unfall 155494 (2023) Kat:3, Licht: 0","155494","3","7","0","07","13","7","","0","1","0","0","0"
"POINT (10.207088582000040 53.478973956000061)","Unfall 155495 (2023) Kat:3, Licht: 0","155495","3","3","3","07","12","7","","0","1","0","0","0"
"POINT (10.120792436000045 53.564109171000041)","Unfall 155496 (2023) Kat:3, Licht: 0","155496","3","1","8","07","11","7","","0","0","1","0","0"
"POINT (10.115683065000042 53.557393932000082)","Unfall 155497 (2023) Kat:3, Licht: 0","155497","3","2","4","07","08","7","","0","0","1","0","0"
"POINT (10.116615441000022 53.625325373000067)","Unfall 155498 (2023) Kat:3, Licht: 0","155498","3","6","2","07","12","7","","0","0","1","0","0"
"POINT (10.074676775000057 53.611945230000060)","Unfall 155499 (2023) Kat:3, Licht: 0","155499","3","2","3","07","15","7","","0","1","1","0","0"
"POINT (10.059266629000035 53.611569950000046)","Unfall 155500 (2023) Kat:3, Licht: 0","155500","3","1","7","07","05","7","","0","0","0","0","0"
"POINT (10.005448725000065 53.655771610000045)","Unfall 155501 (2023) Kat:3, Licht: 0","155501","3","6","2","07","13","7","","0","0","1","0","0"
"POINT (10.015473916000076 53.582190598000068)","Unfall 155502 (2023) Kat:3, Licht: 0","155502","3","1","0","07","19","7","","0","0","0","0","1"
"POINT (10.026057165000054 53.577099802000077)","Unfall 155503 (2023) Kat:3, Licht: 0","155503","3","6","0","07","13","7","","0","0","1","0","0"
"POINT (9.898344593000047 53.549472290000040)","Unfall 155504 (2023) Kat:3, Licht: 2","155504","3","3","5","07","23","7","","2","1","1","0","0"
"POINT (9.867228948000047 53.547988665000048)","Unfall 155505 (2023) Kat:3, Licht: 0","155505","3","1","0","07","15","7","","0","0","0","0","0"
"POINT (9.927779636000025 53.629897273000040)","Unfall 155506 (2023) Kat:3, Licht: 0","155506","3","7","0","07","10","7","","0","1","0","0","0"
"POINT (9.931515472000058 53.547882680000043)","Unfall 155507 (2023) Kat:3, Licht: 0","155507","3","6","2","07","18","7","","0","0","1","0","0"
"POINT (9.937904915000047 53.552282157000036)","Unfall 155508 (2023) Kat:3, Licht: 0","155508","3","7","2","07","10","7","","0","1","1","0","0"
"POINT (9.960587857000064 53.563877304000073)","Unfall 155509 (2023) Kat:3, Licht: 0","155509","3","4","0","07","12","7","","0","0","0","1","0"
"POINT (9.909630329000038 53.477669890000072)","Unfall 155510 (2023) Kat:3, Licht: 0","155510","3","5","3","07","13","6","","0","0","1","0","0"
"POINT (10.001084314000025 53.514917539000066)","Unfall 155511 (2023) Kat:3, Licht: 2","155511","3","7","6","07","00","6","","2","0","1","1","0"
"POINT (10.221782041000040 53.481834632000073)","Unfall 155512 (2023) Kat:3, Licht: 1","155512","3","1","0","07","21","6","","1","1","0","0","0"
"POINT (10.084492089000037 53.554297144000031)","Unfall 155513 (2023) Kat:3, Licht: 0","155513","3","6","2","07","13","6","","0","0","1","0","0"
"POINT (10.126912817000061 53.538774390000071)","Unfall 155514 (2023) Kat:3, Licht: 0","155514","3","7","0","07","10","6","","0","0","0","0","0"
"POINT (10.027807713000072 53.551834296000038)","Unfall 155515 (2023) Kat:3, Licht: 2","155515","3","1","0","07","23","6","","2","0","0","0","0"
"POINT (10.130441222000059 53.591573009000058)","Unfall 155516 (2023) Kat:3, Licht: 0","155516","3","7","6","07","10","6","","0","0","0","1","0"
"POINT (10.098680161000061 53.589402040000039)","Unfall 155517 (2023) Kat:3, Licht: 0","155517","3","6","2","07","09","6","","0","0","1","0","1"
"POINT (10.058723538000038 53.575120884000057)","Unfall 155518 (2023) Kat:3, Licht: 2","155518","3","7","0","07","23","6","","2","1","0","0","0"
"POINT (10.083023288000049 53.660066391000043)","Unfall 155519 (2023) Kat:3, Licht: 0","155519","3","7","6","07","11","6","","0","0","1","1","0"
"POINT (10.158392955000068 53.653720485000065)","Unfall 155520 (2023) Kat:3, Licht: 0","155520","3","3","0","07","09","6","","0","0","1","0","0"
"POINT (9.993251255000075 53.665485081000043)","Unfall 155521 (2023) Kat:3, Licht: 0","155521","3","6","2","07","12","6","","0","0","1","0","0"
"POINT (10.015541071000030 53.600067977000037)","Unfall 155522 (2023) Kat:3, Licht: 0","155522","3","6","2","07","18","6","","0","0","1","0","0"
"POINT (10.004958297000030 53.587331249000044)","Unfall 155523 (2023) Kat:3, Licht: 0","155523","3","2","4","07","08","6","","0","1","1","0","0"
"POINT (10.001252721000071 53.593551102000049)","Unfall 155524 (2023) Kat:3, Licht: 0","155524","3","5","5","07","12","6","","0","1","1","0","0"
"POINT (9.854641827000023 53.598256956000057)","Unfall 155525 (2023) Kat:3, Licht: 0","155525","3","6","2","07","11","6","","0","0","1","0","0"
"POINT (9.918854651000061 53.576364898000065)","Unfall 155526 (2023) Kat:3, Licht: 0","155526","3","5","5","07","08","6","","0","1","1","0","0"
"POINT (9.954814809000027 53.623028530000056)","Unfall 155527 (2023) Kat:3, Licht: 0","155527","3","1","0","07","21","6","","0","1","0","0","0"
"POINT (9.923730550000073 53.628576099000043)","Unfall 155528 (2023) Kat:2, Licht: 0","155528","2","2","3","07","11","6","","0","0","1","0","1"
"POINT (9.953357930000038 53.579347711000082)","Unfall 155529 (2023) Kat:3, Licht: 0","155529","3","7","1","07","17","6","","0","1","1","0","0"
"POINT (9.980819131000032 53.567199578000043)","Unfall 155530 (2023) Kat:3, Licht: 0","155530","3","6","3","07","18","6","","0","1","0","0","0"
"POINT (9.963028969000050 53.564540728000054)","Unfall 155531 (2023) Kat:3, Licht: 0","155531","3","6","3","07","17","6","","0","1","0","0","0"
"POINT (9.997045968000066 53.546314644000063)","Unfall 155532 (2023) Kat:3, Licht: 0","155532","3","3","5","07","17","6","","0","0","1","0","0"
"POINT (9.855154510000034 53.583271669000055)","Unfall 155533 (2023) Kat:3, Licht: 0","155533","3","3","5","08","16","6","","0","1","0","0","0"
"POINT (9.994650579000051 53.515338936000035)","Unfall 155534 (2023) Kat:3, Licht: 0","155534","3","6","2","07","11","5","","0","0","1","0","0"
"POINT (10.171809670000073 53.477963017000036)","Unfall 155535 (2023) Kat:3, Licht: 0","155535","3","7","0","07","08","5","","0","0","0","0","0"
"POINT (10.130212686000050 53.529848041000037)","Unfall 155536 (2023) Kat:3, Licht: 0","155536","3","1","0","07","15","5","","0","1","0","0","0"
"POINT (10.124139208000031 53.580305687000077)","Unfall 155537 (2023) Kat:2, Licht: 0","155537","2","3","5","07","15","5","","0","1","1","0","0"
"POINT (10.159664946000021 53.605330943000070)","Unfall 155538 (2023) Kat:3, Licht: 0","155538","3","3","5","07","13","5","","0","1","1","0","0"
"POINT (10.024197777000040 53.568473907000055)","Unfall 155539 (2023) Kat:3, Licht: 0","155539","3","2","3","08","08","5","","0","1","0","0","0"
"POINT (10.133648410000035 53.603616302000034)","Unfall 155540 (2023) Kat:3, Licht: 0","155540","3","7","0","07","21","5","","0","1","0","0","0"
"POINT (10.060470579000025 53.570992009000065)","Unfall 155541 (2023) Kat:3, Licht: 0","155541","3","4","6","07","17","5","","0","1","0","1","0"
"POINT (10.083093592000068 53.575868676000027)","Unfall 155542 (2023) Kat:3, Licht: 0","155542","3","4","6","07","15","5","","0","0","1","1","0"
"POINT (10.059468071000026 53.593893756000057)","Unfall 155543 (2023) Kat:3, Licht: 0","155543","3","2","6","07","06","5","","0","0","1","1","0"
"POINT (10.012549623000041 53.626267605000066)","Unfall 155544 (2023) Kat:3, Licht: 0","155544","3","6","2","07","19","5","","0","0","1","0","0"
"POINT (10.001903432000063 53.667938658000082)","Unfall 155545 (2023) Kat:3, Licht: 0","155545","3","5","5","07","14","5","","0","1","1","0","0"
"POINT (10.011855083000057 53.582112754000036)","Unfall 155546 (2023) Kat:3, Licht: 0","155546","3","1","0","07","10","5","","0","1","0","0","0"
"POINT (10.018672149000054 53.589495014000079)","Unfall 155547 (2023) Kat:3, Licht: 0","155547","3","1","0","07","13","5","","0","1","0","0","0"
"POINT (10.036319318000039 53.597344210000074)","Unfall 155548 (2023) Kat:2, Licht: 0","155548","2","4","6","07","17","5","","0","1","0","1","0"
"POINT (10.055985546000045 53.591524786000036)","Unfall 155549 (2023) Kat:3, Licht: 0","155549","3","3","5","07","16","5","","0","1","1","0","0"
"POINT (10.025718369000060 53.559958838000057)","Unfall 155550 (2023) Kat:3, Licht: 0","155550","3","3","5","07","11","5","","0","0","1","0","0"
"POINT (10.050079641000025 53.591681135000044)","Unfall 155551 (2023) Kat:3, Licht: 2","155551","3","1","0","07","00","5","","2","1","0","0","0"
"POINT (9.911967420000053 53.633245433000070)","Unfall 155552 (2023) Kat:3, Licht: 0","155552","3","1","9","07","20","5","","0","1","0","0","0"
"POINT (9.973192024000070 53.607019444000059)","Unfall 155553 (2023) Kat:3, Licht: 0","155553","3","3","5","07","20","5","","0","1","1","0","0"
"POINT (9.936504483000022 53.551790664000066)","Unfall 155554 (2023) Kat:3, Licht: 0","155554","3","3","5","07","18","5","","0","0","1","0","0"
"POINT (9.946476279000024 53.560214997000060)","Unfall 155555 (2023) Kat:2, Licht: 0","155555","2","1","0","07","07","5","","0","1","0","0","0"
"POINT (9.972909262000030 53.554100396000081)","Unfall 155556 (2023) Kat:3, Licht: 2","155556","3","6","3","07","23","5","","2","0","0","0","0"
"POINT (9.980113554000070 53.544117196000059)","Unfall 155557 (2023) Kat:3, Licht: 2","155557","3","6","2","07","22","5","","2","0","1","0","0"
"POINT (9.989110994000043 53.560445974000061)","Unfall 155558 (2023) Kat:3, Licht: 0","155558","3","1","0","07","07","5","","0","1","0","0","0"
"POINT (9.874215247000052 53.495626885000036)","Unfall 155559 (2023) Kat:3, Licht: 0","155559","3","7","0","07","06","4","","0","1","0","0","0"
"POINT (10.231086772000026 53.475275318000058)","Unfall 155560 (2023) Kat:3, Licht: 0","155560","3","3","4","07","09","4","","0","0","1","0","1"
"POINT (10.116809622000062 53.571020841000063)","Unfall 155561 (2023) Kat:3, Licht: 0","155561","3","6","2","07","11","4","","0","0","1","0","0"
"POINT (9.954577039000071 53.457792274000042)","Unfall 155562 (2023) Kat:3, Licht: 0","155562","3","7","0","08","14","3","","0","1","0","0","0"
"POINT (10.144896915000061 53.618089908000059)","Unfall 155563 (2023) Kat:3, Licht: 0","155563","3","3","5","07","12","4","","0","1","1","0","0"
"POINT (10.075363257000049 53.592658638000046)","Unfall 155564 (2023) Kat:3, Licht: 0","155564","3","6","2","07","17","4","","0","1","0","0","0"
"POINT (10.022664206000059 53.576355109000076)","Unfall 155565 (2023) Kat:2, Licht: 0","155565","2","5","3","07","19","4","","0","1","1","0","0"
"POINT (10.156715817000077 53.640712441000062)","Unfall 155566 (2023) Kat:3, Licht: 0","155566","3","5","5","07","17","4","","0","0","1","0","0"
"POINT (10.146872768000037 53.668732976000058)","Unfall 155567 (2023) Kat:3, Licht: 0","155567","3","1","0","07","19","4","","0","1","0","0","0"
"POINT (10.012218461000032 53.584482107000042)","Unfall 155568 (2023) Kat:3, Licht: 0","155568","3","1","0","07","13","4","","0","1","0","0","0"
"POINT (9.902485692000027 53.564175452000029)","Unfall 155569 (2023) Kat:3, Licht: 0","155569","3","7","0","07","20","4","","0","1","0","0","0"
"POINT (9.874899204000030 53.587873232000049)","Unfall 155570 (2023) Kat:3, Licht: 0","155570","3","2","3","07","13","4","","0","1","1","0","0"
"POINT (9.942859371000054 53.576772128000073)","Unfall 155571 (2023) Kat:3, Licht: 0","155571","3","2","4","07","19","4","","0","1","1","0","0"
"POINT (9.963501967000070 53.569572270000037)","Unfall 155572 (2023) Kat:3, Licht: 0","155572","3","6","3","07","18","4","","0","0","1","0","0"
"POINT (9.957838563000053 53.570383675000073)","Unfall 155573 (2023) Kat:3, Licht: 0","155573","3","1","0","07","15","4","","0","1","0","0","0"
"POINT (9.958132768000041 53.565236457000026)","Unfall 155574 (2023) Kat:3, Licht: 0","155574","3","7","0","07","12","4","","0","1","0","0","0"
"POINT (9.923310770000057 53.553139447000035)","Unfall 155575 (2023) Kat:3, Licht: 0","155575","3","7","0","07","15","4","","0","0","0","0","1"
"POINT (9.931352175000029 53.564721449000047)","Unfall 155576 (2023) Kat:3, Licht: 2","155576","3","6","3","08","23","6","","2","1","1","0","0"
"POINT (9.952285562000043 53.559887477000075)","Unfall 155577 (2023) Kat:3, Licht: 0","155577","3","3","5","07","08","4","","0","1","1","0","0"
"POINT (9.994301501000052 53.583359691000055)","Unfall 155578 (2023) Kat:3, Licht: 0","155578","3","6","3","07","18","4","","0","1","0","0","0"
"POINT (9.988508312000022 53.582186535000062)","Unfall 155579 (2023) Kat:3, Licht: 0","155579","3","3","5","07","15","4","","0","1","1","0","0"
"POINT (9.979889342000035 53.578786704000038)","Unfall 155580 (2023) Kat:3, Licht: 0","155580","3","1","0","07","15","4","","0","1","0","0","0"
"POINT (9.842695860000049 53.534283780000067)","Unfall 155581 (2023) Kat:3, Licht: 0","155581","3","2","5","07","15","3","","0","0","1","0","1"
"POINT (9.985567725000067 53.456544181000027)","Unfall 155582 (2023) Kat:3, Licht: 0","155582","3","6","6","07","17","3","","0","0","0","1","0"
"POINT (9.998870771000043 53.456477358000029)","Unfall 155583 (2023) Kat:3, Licht: 0","155583","3","6","4","07","16","3","","0","0","1","0","0"
"POINT (10.237813850000066 53.398676788000046)","Unfall 155584 (2023) Kat:3, Licht: 1","155584","3","1","8","07","21","3","","1","0","0","0","1"
"POINT (10.202887845000021 53.491241804000026)","Unfall 155585 (2023) Kat:3, Licht: 0","155585","3","6","2","07","18","3","","0","0","1","0","0"
"POINT (10.144625629000075 53.545207176000076)","Unfall 155586 (2023) Kat:3, Licht: 0","155586","3","2","4","07","07","3","","0","0","1","0","0"
"POINT (10.061207762000038 53.546764105000079)","Unfall 155587 (2023) Kat:3, Licht: 0","155587","3","3","5","07","08","3","","0","0","1","0","0"
"POINT (10.067534720000026 53.582726962000038)","Unfall 155588 (2023) Kat:3, Licht: 2","155588","3","6","2","07","22","3","","2","0","1","0","0"
"POINT (9.943536977000065 53.578411953000057)","Unfall 155589 (2023) Kat:2, Licht: 0","155589","2","5","1","07","17","3","","0","1","1","0","0"
"POINT (10.090079739000032 53.607330447000038)","Unfall 155590 (2023) Kat:3, Licht: 0","155590","3","6","4","07","06","3","","0","1","0","0","0"
"POINT (10.013168312000062 53.627767049000056)","Unfall 155591 (2023) Kat:3, Licht: 0","155591","3","2","4","07","14","3","","0","0","1","0","1"
"POINT (10.044163303000062 53.573177711000028)","Unfall 155592 (2023) Kat:2, Licht: 0","155592","2","5","3","07","13","3","","0","1","0","0","0"
"POINT (10.161443612000028 53.604915029000040)","Unfall 155593 (2023) Kat:3, Licht: 0","155593","3","2","6","07","08","6","","0","0","1","1","0"
"POINT (10.007827273000032 53.573997917000042)","Unfall 155594 (2023) Kat:3, Licht: 2","155594","3","3","5","07","23","3","","2","1","0","0","0"
"POINT (9.903759616000059 53.617931645000056)","Unfall 155595 (2023) Kat:3, Licht: 0","155595","3","7","0","07","19","3","","0","1","0","0","0"
"POINT (9.869961382000042 53.547473623000030)","Unfall 155596 (2023) Kat:3, Licht: 0","155596","3","5","5","07","14","3","","0","1","1","0","0"