WKT,Name,OBJECTID,UKATEGORIE,UTYP1,UART,UMONAT,USTUNDE,UWOCHENTAG,STRZUSTAND,ULICHTVERH,ISTRAD,ISTPKW,ISTFUSS,ISTKRAD
"POINT (9.865908000000047 53.547973903000070)","Unfall 155597 (2023) Kat:3, Licht: 0","155597","3","7","0","07","18","3","","0","1","0","0","0"
"POINT (9.897331576000056 53.565943486000037)","Unfall 155598 (2023) Kat:2, Licht: 0","155598","2","5","6","07","06","3","","0","0","0","1","0"
"POINT (9.873133320000022 53.561594511000067)","Unfall 155599 (2023) Kat:3, Licht: 0","155599","3","3","5","07","17","3","","0","1","1","0","0"
"POINT (9.950373070000069 53.623227106000058)","Unfall 155600 (2023) Kat:3, Licht: 0","155600","3","1","0","07","17","3","","0","1","0","0","0"
"POINT (9.903674070000022 53.623538901000074)","Unfall 155601 (2023) Kat:3, Licht: 0","155601","3","1","0","07","13","3","","0","1","0","0","0"
"POINT (9.948418061000041 53.622438819000081)","Unfall 155602 (2023) Kat:3, Licht: 0","155602","3","4","6","07","08","3","","0","1","0","1","0"
"POINT (9.957653118000053 53.566703402000030)","Unfall 155603 (2023) Kat:3, Licht: 0","155603","3","4","6","07","08","3","","0","0","0","1","1"
"POINT (9.986071806000041 53.572545470000080)","Unfall 155604 (2023) Kat:3, Licht: 0","155604","3","1","0","07","19","3","","0","1","0","0","0"
"POINT (9.965909294000028 53.565542809000078)","Unfall 155605 (2023) Kat:3, Licht: 0","155605","3","2","3","07","16","3","","0","0","1","0","1"
"POINT (9.956089172000077 53.557107984000027)","Unfall 155606 (2023) Kat:3, Licht: 0","155606","3","4","6","07","15","3","","0","1","0","1","0"
"POINT (10.008467664000023 53.553369162000081)","Unfall 155607 (2023) Kat:3, Licht: 0","155607","3","4","6","07","17","3","","0","0","1","1","0"
"POINT (9.982164727000054 53.458096487000034)","Unfall 155608 (2023) Kat:3, Licht: 0","155608","3","7","0","07","09","2","","0","0","0","0","0"
"POINT (10.057382530000041 53.487414724000075)","Unfall 155609 (2023) Kat:3, Licht: 2","155609","3","7","8","07","00","2","","2","0","0","0","1"
"POINT (10.099376512000049 53.549878020000051)","Unfall 155610 (2023) Kat:3, Licht: 0","155610","3","2","6","07","08","2","","0","0","1","1","0"
"POINT (10.174099069000022 53.589907938000067)","Unfall 155611 (2023) Kat:3, Licht: 0","155611","3","7","0","07","18","2","","0","0","0","0","0"
"POINT (10.067650729000036 53.582516716000043)","Unfall 155612 (2023) Kat:2, Licht: 1","155612","2","2","6","07","04","2","","1","0","1","1","0"
"POINT (10.091733607000037 53.578205824000065)","Unfall 155613 (2023) Kat:3, Licht: 0","155613","3","6","2","07","16","2","","0","0","1","0","0"
"POINT (10.176034347000041 53.651124018000075)","Unfall 155614 (2023) Kat:3, Licht: 0","155614","3","7","0","07","14","2","","0","1","0","0","0"
"POINT (10.025123709000070 53.681597881000073)","Unfall 155615 (2023) Kat:3, Licht: 0","155615","3","3","5","07","18","2","","0","0","1","0","0"
"POINT (9.863999357000068 53.557101797000030)","Unfall 155616 (2023) Kat:3, Licht: 0","155616","3","7","0","07","07","2","","0","1","0","0","0"
"POINT (9.846756464000066 53.590094779000026)","Unfall 155617 (2023) Kat:2, Licht: 0","155617","2","5","5","07","07","2","","0","1","1","0","0"
"POINT (9.880333936000056 53.570357962000060)","Unfall 155618 (2023) Kat:3, Licht: 0","155618","3","1","0","07","18","2","","0","1","0","0","0"
"POINT (9.868319961000054 53.609237567000037)","Unfall 155619 (2023) Kat:3, Licht: 0","155619","3","7","0","07","08","2","","0","1","0","0","0"
"POINT (9.903686317000052 53.587593369000047)","Unfall 155620 (2023) Kat:3, Licht: 0","155620","3","7","0","07","05","2","","0","0","0","0","1"
"POINT (9.952562481000029 53.598773704000052)","Unfall 155621 (2023) Kat:3, Licht: 0","155621","3","3","5","07","16","2","","0","1","1","0","0"
"POINT (9.975127394000026 53.588607524000054)","Unfall 155622 (2023) Kat:3, Licht: 0","155622","3","7","0","07","10","2","","0","0","0","0","1"
"POINT (9.949520504000077 53.558704861000081)","Unfall 155623 (2023) Kat:3, Licht: 0","155623","3","7","0","07","19","2","","0","0","0","0","1"
"POINT (9.918274099000030 53.555814177000059)","Unfall 155624 (2023) Kat:3, Licht: 0","155624","3","1","0","07","12","2","","0","1","0","0","0"
"POINT (9.987294590000033 53.562735829000076)","Unfall 155625 (2023) Kat:3, Licht: 0","155625","3","6","3","07","12","6","","0","0","0","0","1"
"POINT (10.001580138000065 53.556222654000067)","Unfall 155626 (2023) Kat:3, Licht: 0","155626","3","7","0","07","17","2","","0","1","0","0","0"
"POINT (9.994809382000028 53.551373876000071)","Unfall 155627 (2023) Kat:3, Licht: 0","155627","3","4","6","07","14","2","","0","1","0","1","0"
"POINT (9.968093606000025 53.562405920000060)","Unfall 155628 (2023) Kat:3, Licht: 0","155628","3","2","4","07","09","4","","0","0","1","0","1"
"POINT (9.880124050000063 53.521062978000032)","Unfall 155629 (2023) Kat:3, Licht: 0","155629","3","1","8","07","12","1","","0","0","0","0","1"
"POINT (10.209050430000048 53.484292797000080)","Unfall 155630 (2023) Kat:3, Licht: 0","155630","3","3","5","07","17","1","","0","0","1","0","0"
"POINT (10.159711347000041 53.613866103000078)","Unfall 155631 (2023) Kat:3, Licht: 0","155631","3","7","0","07","06","1","","0","1","0","0","0"
"POINT (10.099668918000077 53.579564414000060)","Unfall 155632 (2023) Kat:3, Licht: 0","155632","3","6","2","07","19","1","","0","0","1","0","0"
"POINT (10.116750564000029 53.625938465000047)","Unfall 155633 (2023) Kat:3, Licht: 0","155633","3","3","5","07","09","1","","0","1","1","0","0"
"POINT (10.076713620000021 53.642340885000067)","Unfall 155634 (2023) Kat:3, Licht: 0","155634","3","3","5","07","13","1","","0","0","1","0","0"
"POINT (10.081213537000053 53.655107054000041)","Unfall 155635 (2023) Kat:2, Licht: 0","155635","2","1","7","07","16","1","","0","1","0","0","0"
"POINT (10.068385723000063 53.640219487000081)","Unfall 155636 (2023) Kat:3, Licht: 0","155636","3","7","0","07","20","1","","0","1","0","0","0"
"POINT (10.021705106000070 53.630388251000056)","Unfall 155637 (2023) Kat:3, Licht: 0","155637","3","7","0","07","13","1","","0","1","0","0","0"
"POINT (10.026591708000069 53.553884786000026)","Unfall 155638 (2023) Kat:3, Licht: 0","155638","3","3","5","07","17","7","","0","1","1","0","0"
"POINT (10.004410128000075 53.584901808000041)","Unfall 155639 (2023) Kat:3, Licht: 0","155639","3","6","3","07","19","1","","0","0","1","0","0"
"POINT (10.038987727000062 53.562298251000072)","Unfall 155640 (2023) Kat:3, Licht: 2","155640","3","5","1","07","00","1","","2","0","1","0","0"
"POINT (9.928418178000072 53.561104816000068)","Unfall 155641 (2023) Kat:3, Licht: 0","155641","3","1","0","07","06","1","","0","0","0","0","0"
"POINT (9.936107532000051 53.550362164000035)","Unfall 155642 (2023) Kat:3, Licht: 0","155642","3","1","0","07","14","1","","0","0","0","0","1"
"POINT (9.933700714000054 53.556252503000053)","Unfall 155643 (2023) Kat:3, Licht: 2","155643","3","7","0","07","00","1","","2","0","0","0","0"
"POINT (10.185815270000035 53.499796954000033)","Unfall 155644 (2023) Kat:2, Licht: 0","155644","2","1","0","07","15","7","","0","1","0","0","0"
"POINT (10.234055517000058 53.458071382000071)","Unfall 155645 (2023) Kat:3, Licht: 2","155645","3","1","0","07","21","7","","2","1","0","0","0"
"POINT (10.201877029000059 53.489140809000048)","Unfall 155646 (2023) Kat:3, Licht: 0","155646","3","6","2","07","08","7","","0","0","0","0","1"
"POINT (10.133384892000038 53.542277121000041)","Unfall 155647 (2023) Kat:3, Licht: 2","155647","3","7","0","07","23","7","","2","1","0","0","0"
"POINT (10.041607894000038 53.530062355000041)","Unfall 155648 (2023) Kat:3, Licht: 0","155648","3","2","0","07","19","7","","0","1","0","0","0"
"POINT (10.142332062000037 53.575330968000060)","Unfall 155649 (2023) Kat:3, Licht: 2","155649","3","6","4","07","22","7","","2","1","0","0","0"
"POINT (10.144625373000054 53.579990480000049)","Unfall 155650 (2023) Kat:3, Licht: 2","155650","3","5","1","07","23","7","","2","0","0","0","0"
"POINT (10.117942777000053 53.594891992000044)","Unfall 155651 (2023) Kat:2, Licht: 1","155651","2","7","0","07","21","7","","1","1","0","0","0"
"POINT (10.117571901000076 53.571019664000062)","Unfall 155652 (2023) Kat:3, Licht: 0","155652","3","5","1","07","14","7","","0","0","1","0","0"
"POINT (10.059076416000039 53.574027637000029)","Unfall 155653 (2023) Kat:3, Licht: 0","155653","3","6","4","07","14","7","","0","1","0","0","0"
"POINT (10.044291693000048 53.609053113000073)","Unfall 155654 (2023) Kat:3, Licht: 0","155654","3","2","4","07","18","7","","0","0","1","0","1"
"POINT (10.069956466000065 53.608623009000041)","Unfall 155655 (2023) Kat:3, Licht: 1","155655","3","5","1","07","22","7","","1","0","1","0","0"
"POINT (10.158383035000043 53.653717607000033)","Unfall 155656 (2023) Kat:3, Licht: 0","155656","3","3","5","07","11","7","","0","0","1","0","0"
"POINT (10.172856343000035 53.649038182000027)","Unfall 155657 (2023) Kat:3, Licht: 0","155657","3","3","5","07","13","7","","0","1","0","0","0"
"POINT (9.987693283000056 53.649433033000037)","Unfall 155658 (2023) Kat:3, Licht: 0","155658","3","6","3","08","12","6","","0","0","1","0","0"
"POINT (10.131073559000072 53.687095277000026)","Unfall 155659 (2023) Kat:3, Licht: 0","155659","3","1","0","07","18","7","","0","0","0","0","1"
"POINT (10.006590293000045 53.633819174000052)","Unfall 155660 (2023) Kat:3, Licht: 0","155660","3","7","0","07","13","7","","0","0","0","0","0"
"POINT (10.012926794000066 53.642937688000075)","Unfall 155661 (2023) Kat:3, Licht: 0","155661","3","5","1","07","17","7","","0","0","1","0","1"
"POINT (10.023575891000064 53.584635698000056)","Unfall 155662 (2023) Kat:3, Licht: 0","155662","3","3","5","07","18","7","","0","1","0","0","0"
"POINT (9.999833463000073 53.604900375000057)","Unfall 155663 (2023) Kat:3, Licht: 0","155663","3","2","3","07","12","7","","0","1","0","0","0"
"POINT (10.044660968000073 53.588156000000026)","Unfall 155664 (2023) Kat:3, Licht: 0","155664","3","2","3","07","18","7","","0","1","0","0","0"
"POINT (10.040167772000075 53.562729435000051)","Unfall 155665 (2023) Kat:3, Licht: 0","155665","3","3","5","07","17","7","","0","1","1","0","0"
"POINT (9.924617802000057 53.558641376000082)","Unfall 155666 (2023) Kat:3, Licht: 1","155666","3","1","0","07","04","7","","1","1","0","0","0"
"POINT (9.947842642000069 53.558031963000076)","Unfall 155667 (2023) Kat:3, Licht: 0","155667","3","6","3","07","14","7","","0","1","1","0","0"
"POINT (9.977057092000052 53.578060625000035)","Unfall 155668 (2023) Kat:3, Licht: 0","155668","3","2","3","07","15","7","","0","1","0","0","0"
"POINT (9.967076238000061 53.557338553000079)","Unfall 155669 (2023) Kat:3, Licht: 0","155669","3","6","4","07","15","7","","0","0","1","0","0"
"POINT (10.005609595000067 53.552556247000041)","Unfall 155670 (2023) Kat:3, Licht: 2","155670","3","6","3","07","22","7","","2","0","1","0","0"
"POINT (9.988745320000021 53.551437066000062)","Unfall 155671 (2023) Kat:3, Licht: 0","155671","3","7","0","07","14","7","","0","1","0","0","0"
"POINT (10.127326374000063 53.538906999000062)","Unfall 155672 (2023) Kat:2, Licht: 0","155672","2","4","6","08","18","7","","0","0","1","1","0"
"POINT (9.985848359000045 53.550922443000047)","Unfall 155673 (2023) Kat:3, Licht: 0","155673","3","1","7","07","19","7","","0","0","0","0","0"
"POINT (9.885131582000042 53.526717296000072)","Unfall 155674 (2023) Kat:3, Licht: 0","155674","3","5","5","07","15","6","","0","1","1","0","0"
"POINT (9.863463749000061 53.533688941000037)","Unfall 155675 (2023) Kat:3, Licht: 0","155675","3","5","3","07","08","6","","0","1","1","0","0"
"POINT (9.979423761000021 53.457504721000078)","Unfall 155676 (2023) Kat:3, Licht: 0","155676","3","2","6","07","16","6","","0","0","1","1","0"
"POINT (9.964808917000028 53.457665585000029)","Unfall 155677 (2023) Kat:3, Licht: 0","155677","3","7","0","07","14","6","","0","0","1","0","0"
"POINT (9.991042874000073 53.496205864000046)","Unfall 155678 (2023) Kat:3, Licht: 0","155678","3","7","0","07","07","6","","0","1","0","0","0"
"POINT (10.198568325000053 53.482825791000039)","Unfall 155679 (2023) Kat:3, Licht: 0","155679","3","5","1","07","07","6","","0","1","1","0","0"
"POINT (10.095241811000051 53.562427012000057)","Unfall 155680 (2023) Kat:3, Licht: 0","155680","3","7","0","07","06","6","","0","0","0","0","0"
"POINT (10.169499495000025 53.625354380000033)","Unfall 155681 (2023) Kat:3, Licht: 0","155681","3","3","5","07","14","6","","0","1","0","0","0"
"POINT (10.163576556000066 53.620759722000059)","Unfall 155682 (2023) Kat:3, Licht: 0","155682","3","2","3","07","14","6","","0","1","1","0","0"
"POINT (9.979391625000062 53.584425304000035)","Unfall 155683 (2023) Kat:3, Licht: 0","155683","3","7","0","07","06","3","","0","0","0","0","1"
"POINT (10.053146688000027 53.600508374000071)","Unfall 155684 (2023) Kat:3, Licht: 0","155684","3","2","4","07","18","6","","0","1","1","0","0"
"POINT (10.061067211000022 53.595139162000066)","Unfall 155685 (2023) Kat:3, Licht: 0","155685","3","7","0","07","12","6","","0","1","0","0","0"
"POINT (10.086320410000042 53.656426275000058)","Unfall 155686 (2023) Kat:3, Licht: 0","155686","3","6","2","07","18","6","","0","0","1","0","0"
"POINT (10.113437793000060 53.650444301000050)","Unfall 155687 (2023) Kat:3, Licht: 0","155687","3","5","3","07","12","6","","0","1","0","0","0"
"POINT (10.107766562000052 53.655661973000065)","Unfall 155688 (2023) Kat:3, Licht: 0","155688","3","6","2","07","19","6","","0","0","1","0","0"
"POINT (10.053381694000052 53.584722896000073)","Unfall 155689 (2023) Kat:3, Licht: 1","155689","3","6","2","07","20","6","","1","0","1","0","0"
"POINT (10.019136396000022 53.565071786000033)","Unfall 155690 (2023) Kat:3, Licht: 0","155690","3","3","5","07","12","6","","0","1","1","0","0"
"POINT (10.018951070000071 53.567189258000042)","Unfall 155691 (2023) Kat:3, Licht: 1","155691","3","1","0","07","04","6","","1","1","0","0","0"
"POINT (9.883905548000030 53.554899552000052)","Unfall 155692 (2023) Kat:3, Licht: 0","155692","3","6","3","07","21","6","","0","1","0","0","0"
"POINT (9.866427919000046 53.548004421000030)","Unfall 155693 (2023) Kat:3, Licht: 0","155693","3","7","8","07","07","6","","0","1","0","0","0"
"POINT (9.930398805000038 53.613572628000043)","Unfall 155694 (2023) Kat:3, Licht: 0","155694","3","7","0","07","18","6","","0","1","0","0","0"
"POINT (9.926698035000072 53.555382806000068)","Unfall 155695 (2023) Kat:3, Licht: 0","155695","3","6","2","07","11","6","","0","0","1","0","0"
"POINT (9.972266117000061 53.570486325000047)","Unfall 155696 (2023) Kat:3, Licht: 0","155696","3","7","0","07","16","6","","0","1","0","0","0"
"POINT (9.992883128000074 53.557595003000074)","Unfall 155697 (2023) Kat:3, Licht: 0","155697","3","3","5","07","17","6","","0","1","1","0","0"
"POINT (9.989953917000037 53.559866787000033)","Unfall 155698 (2023) Kat:3, Licht: 0","155698","3","7","0","07","16","6","","0","1","0","0","0"
"POINT (9.947967894000044 53.568092526000044)","Unfall 155699 (2023) Kat:3, Licht: 0","155699","3","5","1","07","18","1","","0","0","1","0","0"
"POINT (10.018203644000039 53.552568846000042)","Unfall 155700 (2023) Kat:3, Licht: 0","155700","3","2","3","07","14","6","","0","1","1","0","0"
"POINT (10.010229690000074 53.551051836000056)","Unfall 155701 (2023) Kat:3, Licht: 2","155701","3","7","0","07","00","6","","2","0","0","0","0"
"POINT (10.011970096000027 53.523178577000067)","Unfall 155702 (2023) Kat:3, Licht: 0","155702","3","3","5","07","07","6","","0","1","1","0","0"
"POINT (9.987894404000031 53.507877427000039)","Unfall 155703 (2023) Kat:3, Licht: 0","155703","3","1","0","07","20","5","","0","1","1","0","0"
"POINT (9.992266255000061 53.507071943000028)","Unfall 155704 (2023) Kat:3, Licht: 0","155704","3","5","5","07","15","5","","0","1","1","0","0"
"POINT (10.193663939000032 53.502908381000054)","Unfall 155705 (2023) Kat:3, Licht: 0","155705","3","2","4","08","11","2","","0","1","1","0","0"
"POINT (10.194314162000069 53.488915316000032)","Unfall 155706 (2023) Kat:3, Licht: 0","155706","3","7","0","07","18","5","","0","1","0","0","0"
"POINT (10.214436932000069 53.414853429000061)","Unfall 155707 (2023) Kat:3, Licht: 0","155707","3","3","5","07","16","5","","0","1","1","0","0"
"POINT (10.184246649000045 53.401781142000061)","Unfall 155708 (2023) Kat:3, Licht: 0","155708","3","3","5","07","14","5","","0","0","1","0","1"
"POINT (10.066497546000051 53.535561727000072)","Unfall 155709 (2023) Kat:3, Licht: 0","155709","3","3","5","07","11","5","","0","0","1","0","0"
"POINT (10.106500043000040 53.605850743000076)","Unfall 155710 (2023) Kat:3, Licht: 0","155710","3","3","0","07","19","5","","0","1","0","0","0"
"POINT (10.146968895000043 53.605711768000049)","Unfall 155711 (2023) Kat:3, Licht: 0","155711","3","5","3","07","13","5","","0","1","1","0","0"
"POINT (10.082585437000034 53.618454207000070)","Unfall 155712 (2023) Kat:3, Licht: 0","155712","3","2","3","07","08","5","","0","1","1","0","0"
"POINT (10.154048421000027 53.674554313000044)","Unfall 155713 (2023) Kat:2, Licht: 0","155713","2","7","0","07","18","5","","0","1","0","0","0"
"POINT (10.175514828000075 53.654836148000072)","Unfall 155714 (2023) Kat:3, Licht: 0","155714","3","3","5","07","06","5","","0","1","1","0","0"
"POINT (9.927415954000026 53.555748006000044)","Unfall 155715 (2023) Kat:3, Licht: 0","155715","3","7","0","07","18","5","","0","0","0","0","0"
"POINT (9.949779361000026 53.544700791000082)","Unfall 155716 (2023) Kat:3, Licht: 0","155716","3","4","6","07","08","5","","0","1","0","1","0"
"POINT (9.973158801000068 53.574243911000053)","Unfall 155717 (2023) Kat:3, Licht: 0","155717","3","2","4","07","16","5","","0","1","1","0","0"
"POINT (10.149926069000060 53.529553134000082)","Unfall 155718 (2023) Kat:3, Licht: 0","155718","3","3","5","07","14","4","","0","1","1","0","0"
"POINT (10.176704938000057 53.633834118000038)","Unfall 155719 (2023) Kat:3, Licht: 0","155719","3","2","3","07","14","4","","0","0","1","0","1"
"POINT (10.140540009000063 53.623794136000072)","Unfall 155720 (2023) Kat:3, Licht: 0","155720","3","3","5","07","19","4","","0","0","1","0","0"
"POINT (10.073239582000042 53.574163274000057)","Unfall 155721 (2023) Kat:3, Licht: 0","155721","3","2","4","07","16","4","","0","0","1","0","0"
"POINT (10.089225208000073 53.607420729000069)","Unfall 155722 (2023) Kat:3, Licht: 0","155722","3","2","3","07","09","4","","0","1","1","0","0"
"POINT (10.167133084000056 53.648918729000059)","Unfall 155723 (2023) Kat:2, Licht: 0","155723","2","7","6","07","13","4","","0","0","0","1","0"
"POINT (9.986399077000044 53.508179266000070)","Unfall 155724 (2023) Kat:3, Licht: 0","155724","3","2","3","07","13","7","","0","1","1","0","0"
"POINT (10.030387727000061 53.591672710000068)","Unfall 155725 (2023) Kat:3, Licht: 0","155725","3","3","5","07","08","4","","0","1","1","0","0"
"POINT (10.006146569000066 53.582598475000054)","Unfall 155726 (2023) Kat:3, Licht: 0","155726","3","3","5","07","20","4","","0","0","1","0","0"
"POINT (10.025655800000038 53.576352404000033)","Unfall 155727 (2023) Kat:3, Licht: 0","155727","3","6","3","07","08","4","","0","1","0","0","0"
"POINT (9.882668825000053 53.593206868000038)","Unfall 155728 (2023) Kat:3, Licht: 0","155728","3","3","5","07","10","4","","0","0","1","0","0"
"POINT (9.915802490000033 53.560827816000028)","Unfall 155729 (2023) Kat:3, Licht: 0","155729","3","5","5","07","07","4","","0","1","1","0","0"
"POINT (9.987929300000076 53.591399531000036)","Unfall 155730 (2023) Kat:3, Licht: 0","155730","3","6","2","07","12","4","","0","0","1","0","1"
"POINT (9.955767947000027 53.551635487000055)","Unfall 155731 (2023) Kat:3, Licht: 0","155731","3","2","4","07","11","4","","0","0","1","0","0"
"POINT (9.930436819000022 53.549635388000070)","Unfall 155732 (2023) Kat:3, Licht: 0","155732","3","6","3","07","10","4","","0","1","1","0","0"
"POINT (10.091318851000040 53.462338126000077)","Unfall 155733 (2023) Kat:2, Licht: 0","155733","2","6","4","07","16","6","","0","0","1","0","0"
"POINT (9.986303141000064 53.582683676000045)","Unfall 155734 (2023) Kat:3, Licht: 0","155734","3","2","3","07","11","4","","0","1","1","0","0"
"POINT (9.997613025000021 53.578652285000032)","Unfall 155735 (2023) Kat:3, Licht: 0","155735","3","7","0","07","12","4","","0","1","0","0","0"
"POINT (9.971384230000069 53.557173064000040)","Unfall 155736 (2023) Kat:3, Licht: 0","155736","3","6","6","07","20","4","","0","1","0","1","0"
"POINT (9.988605840000048 53.555378021000081)","Unfall 155737 (2023) Kat:3, Licht: 0","155737","3","4","6","07","18","4","","0","1","0","1","0"
"POINT (10.183285110000043 53.399447912000028)","Unfall 155738 (2023) Kat:3, Licht: 0","155738","3","3","5","07","14","3","","0","1","0","0","0"
"POINT (10.062884616000076 53.560007870000049)","Unfall 155739 (2023) Kat:3, Licht: 0","155739","3","3","5","07","17","3","","0","1","1","0","0"
"POINT (10.044875193000053 53.546705593000070)","Unfall 155740 (2023) Kat:3, Licht: 0","155740","3","3","5","07","12","3","","0","1","1","0","0"
"POINT (10.126760945000058 53.603815798000028)","Unfall 155741 (2023) Kat:3, Licht: 0","155741","3","2","3","07","17","3","","0","1","0","0","0"
"POINT (10.105511386000046 53.570547217000069)","Unfall 155742 (2023) Kat:3, Licht: 0","155742","3","7","0","07","07","3","","0","0","0","0","0"
"POINT (10.057225431000063 53.590898353000057)","Unfall 155743 (2023) Kat:3, Licht: 0","155743","3","5","1","08","19","4","","0","1","1","0","0"
"POINT (10.093696956000031 53.656141126000080)","Unfall 155744 (2023) Kat:3, Licht: 2","155744","3","6","2","07","23","3","","2","0","1","0","0"
"POINT (10.161740201000043 53.650758885000073)","Unfall 155745 (2023) Kat:3, Licht: 0","155745","3","6","2","07","15","3","","0","0","1","0","0"
"POINT (9.995008580000047 53.665161883000053)","Unfall 155746 (2023) Kat:3, Licht: 0","155746","3","5","5","07","11","3","","0","0","1","0","0"
"POINT (10.023749626000040 53.558394417000045)","Unfall 155747 (2023) Kat:3, Licht: 0","155747","3","6","2","07","10","3","","0","0","1","0","0"
"POINT (9.916341902000056 53.600180974000068)","Unfall 155748 (2023) Kat:3, Licht: 0","155748","3","2","3","07","17","3","","0","1","1","0","0"
"POINT (9.898370098000044 53.557410027000060)","Unfall 155749 (2023) Kat:3, Licht: 0","155749","3","6","2","07","13","3","","0","0","1","0","0"
"POINT (9.909737841000037 53.554114131000063)","Unfall 155750 (2023) Kat:3, Licht: 0","155750","3","1","0","07","14","3","","0","1","0","0","0"
"POINT (9.974591842000052 53.598158459000047)","Unfall 155751 (2023) Kat:3, Licht: 0","155751","3","3","5","07","10","3","","0","0","1","0","0"
"POINT (9.993572640000025 53.558382450000067)","Unfall 155752 (2023) Kat:3, Licht: 0","155752","3","6","4","07","11","3","","0","1","0","0","0"
"POINT (9.984585733000074 53.570067446000053)","Unfall 155753 (2023) Kat:3, Licht: 0","155753","3","3","5","07","07","3","","0","0","1","0","0"
"POINT (9.991659739000056 53.557771572000036)","Unfall 155754 (2023) Kat:3, Licht: 0","155754","3","4","6","07","10","3","","0","0","1","1","0"
"POINT (9.997622994000039 53.544446327000060)","Unfall 155755 (2023) Kat:3, Licht: 0","155755","3","7","0","07","10","3","","0","0","0","0","0"
"POINT (10.012446685000043 53.560529624000026)","Unfall 155756 (2023) Kat:3, Licht: 0","155756","3","6","4","07","17","3","","0","1","0","0","0"
"POINT (10.008568425000021 53.555552987000056)","Unfall 155757 (2023) Kat:3, Licht: 0","155757","3","2","5","07","12","3","","0","1","0","0","0"
"POINT (10.013808076000032 53.551456900000062)","Unfall 155758 (2023) Kat:3, Licht: 0","155758","3","2","3","07","17","3","","0","1","1","0","0"
"POINT (10.135084118000066 53.594374889000051)","Unfall 155759 (2023) Kat:3, Licht: 0","155759","3","2","2","08","07","2","","0","0","1","0","0"
"POINT (9.885305538000068 53.518049196000050)","Unfall 155760 (2023) Kat:3, Licht: 0","155760","3","1","0","07","17","2","","0","0","0","0","1"
"POINT (9.977898269000036 53.462294718000066)","Unfall 155761 (2023) Kat:3, Licht: 0","155761","3","1","0","07","14","2","","0","0","0","0","1"
"POINT (10.126678658000060 53.626851735000059)","Unfall 155762 (2023) Kat:3, Licht: 0","155762","3","7","6","07","17","2","","0","0","1","1","0"
"POINT (10.162935139000069 53.624184315000036)","Unfall 155763 (2023) Kat:3, Licht: 0","155763","3","2","4","07","08","2","","0","1","1","0","0"
"POINT (10.170380916000056 53.595253694000064)","Unfall 155764 (2023) Kat:3, Licht: 0","155764","3","7","0","07","20","2","","0","0","0","0","1"
"POINT (10.101759397000023 53.579929164000077)","Unfall 155765 (2023) Kat:3, Licht: 0","155765","3","7","0","07","11","2","","0","0","0","0","0"
"POINT (10.076104324000028 53.611828346000038)","Unfall 155766 (2023) Kat:3, Licht: 0","155766","3","2","0","07","16","2","","0","1","1","0","0"
"POINT (10.098123261000069 53.637915263000082)","Unfall 155767 (2023) Kat:3, Licht: 0","155767","3","5","1","07","14","2","","0","1","1","0","0"
"POINT (10.011278983000068 53.623893258000066)","Unfall 155768 (2023) Kat:3, Licht: 0","155768","3","3","5","07","08","2","","0","1","1","0","0"
"POINT (10.030287638000061 53.622556289000045)","Unfall 155769 (2023) Kat:2, Licht: 0","155769","2","3","5","07","17","2","","0","1","1","0","0"
"POINT (10.012459302000025 53.607435853000027)","Unfall 155770 (2023) Kat:3, Licht: 0","155770","3","3","5","07","08","2","","0","1","1","0","0"
"POINT (10.033934881000050 53.576264777000063)","Unfall 155771 (2023) Kat:3, Licht: 0","155771","3","6","2","07","19","2","","0","0","1","0","0"
"POINT (10.044766582000022 53.570566799000062)","Unfall 155772 (2023) Kat:3, Licht: 0","155772","3","3","5","07","16","2","","0","0","1","0","0"
"POINT (10.050044105000040 53.594216621000044)","Unfall 155773 (2023) Kat:3, Licht: 0","155773","3","2","3","07","08","2","","0","1","0","0","0"
"POINT (9.820230519000063 53.561620489000063)","Unfall 155774 (2023) Kat:3, Licht: 0","155774","3","6","4","07","19","2","","0","1","0","0","0"
"POINT (9.977830945000051 53.564288599000065)","Unfall 155775 (2023) Kat:3, Licht: 0","155775","3","6","2","07","10","2","","0","0","1","0","1"
"POINT (9.988127339000073 53.572674618000065)","Unfall 155776 (2023) Kat:3, Licht: 0","155776","3","6","3","07","13","2","","0","1","1","0","0"
"POINT (9.991052329000070 53.448426074000054)","Unfall 155777 (2023) Kat:3, Licht: 0","155777","3","6","4","07","12","1","","0","1","1","0","0"
"POINT (10.177068518000056 53.407860878000065)","Unfall 155778 (2023) Kat:3, Licht: 0","155778","3","7","0","07","13","1","","0","1","0","0","0"
"POINT (10.105193000000043 53.456856341000048)","Unfall 155779 (2023) Kat:3, Licht: 0","155779","3","3","5","07","12","1","","0","0","1","0","0"
"POINT (10.210350168000048 53.489045073000057)","Unfall 155780 (2023) Kat:3, Licht: 2","155780","3","1","0","07","02","1","","2","0","0","0","0"
"POINT (10.104350577000048 53.539595398000074)","Unfall 155781 (2023) Kat:3, Licht: 0","155781","3","7","6","07","16","1","","0","0","0","1","0"
"POINT (10.098025552000024 53.550119344000052)","Unfall 155782 (2023) Kat:2, Licht: 0","155782","2","2","5","07","16","1","","0","1","0","0","0"