WKT,Name,OBJECTID,UKATEGORIE,UTYP1,UART,UMONAT,USTUNDE,UWOCHENTAG,STRZUSTAND,ULICHTVERH,ISTRAD,ISTPKW,ISTFUSS,ISTKRAD
"POINT (10.092224384000076 53.613906669000073)","Unfall 155783 (2023) Kat:3, Licht: 0","155783","3","1","9","08","15","2","","0","0","1","0","0"
"POINT (10.039330612000072 53.555356140000072)","Unfall 155784 (2023) Kat:2, Licht: 0","155784","2","4","6","07","15","1","","0","0","1","1","0"
"POINT (10.102540421000072 53.580078060000062)","Unfall 155785 (2023) Kat:3, Licht: 0","155785","3","2","4","08","15","2","","0","1","1","0","0"
"POINT (9.954655299000024 53.455946618000041)","Unfall 155786 (2023) Kat:3, Licht: 0","155786","3","2","3","07","16","3","","0","0","1","0","0"
"POINT (10.124777832000063 53.571213431000047)","Unfall 155787 (2023) Kat:3, Licht: 0","155787","3","6","2","07","10","1","","0","0","1","0","1"
"POINT (10.164482003000046 53.611205244000075)","Unfall 155788 (2023) Kat:3, Licht: 0","155788","3","5","1","07","08","4","","0","0","1","0","0"
"POINT (10.025975005000021 53.669535024000027)","Unfall 155789 (2023) Kat:3, Licht: 0","155789","3","7","0","07","14","1","","0","1","0","0","0"
"POINT (10.124448359000041 53.570664456000031)","Unfall 155790 (2023) Kat:3, Licht: 0","155790","3","6","2","07","06","2","","0","0","1","0","1"
"POINT (10.020687149000025 53.613234941000030)","Unfall 155791 (2023) Kat:2, Licht: 2","155791","2","1","0","07","00","1","","2","1","0","0","0"
"POINT (10.028314720000026 53.570530630000064)","Unfall 155792 (2023) Kat:3, Licht: 1","155792","3","6","3","07","21","1","","1","0","1","0","0"
"POINT (10.043253579000066 53.568462964000048)","Unfall 155793 (2023) Kat:3, Licht: 0","155793","3","3","5","07","19","1","","0","0","1","0","0"
"POINT (9.968564097000069 53.549346436000064)","Unfall 155794 (2023) Kat:3, Licht: 0","155794","3","7","5","08","15","1","","0","1","1","0","0"
"POINT (9.988776978000033 53.566334664000067)","Unfall 155795 (2023) Kat:3, Licht: 0","155795","3","2","4","07","07","1","","0","1","1","0","0"
"POINT (9.993349063000039 53.545023626000045)","Unfall 155796 (2023) Kat:3, Licht: 0","155796","3","1","0","07","16","1","","0","1","0","0","0"
"POINT (10.010268884000027 53.550963357000057)","Unfall 155797 (2023) Kat:3, Licht: 0","155797","3","2","3","07","13","1","","0","1","0","0","0"
"POINT (9.970715704000042 53.449691185000063)","Unfall 155798 (2023) Kat:3, Licht: 0","155798","3","7","0","07","18","7","","0","1","0","0","0"
"POINT (9.894015051000054 53.499047054000073)","Unfall 155799 (2023) Kat:3, Licht: 0","155799","3","6","2","08","20","7","","0","0","1","0","0"
"POINT (10.202023282000027 53.485564852000039)","Unfall 155800 (2023) Kat:3, Licht: 0","155800","3","2","4","07","18","7","","0","0","1","0","1"
"POINT (10.006631534000064 53.599012298000048)","Unfall 155801 (2023) Kat:3, Licht: 0","155801","3","1","0","07","10","1","","0","1","0","0","0"
"POINT (10.204821551000066 53.485090614000057)","Unfall 155802 (2023) Kat:2, Licht: 0","155802","2","6","2","07","17","7","","0","0","1","0","0"
"POINT (10.100532415000032 53.540035746000058)","Unfall 155803 (2023) Kat:3, Licht: 0","155803","3","6","2","07","15","7","","0","0","1","0","0"
"POINT (9.922070280000071 53.591555074000041)","Unfall 155804 (2023) Kat:3, Licht: 0","155804","3","5","5","07","08","6","","0","0","0","0","1"
"POINT (10.101875383000049 53.541631967000058)","Unfall 155805 (2023) Kat:3, Licht: 0","155805","3","6","2","07","15","7","","0","0","1","0","0"
"POINT (10.059967790000030 53.562537878000057)","Unfall 155806 (2023) Kat:3, Licht: 0","155806","3","1","0","07","09","7","","0","0","0","0","1"
"POINT (10.106996624000033 53.605945620000057)","Unfall 155807 (2023) Kat:3, Licht: 0","155807","3","6","2","07","18","7","","0","0","1","0","0"
"POINT (10.194155280000075 53.605160500000068)","Unfall 155808 (2023) Kat:3, Licht: 0","155808","3","7","0","07","17","7","","0","0","0","0","1"
"POINT (10.098722777000035 53.588951918000078)","Unfall 155809 (2023) Kat:2, Licht: 2","155809","2","3","5","07","00","7","","2","0","1","0","0"
"POINT (10.074961094000059 53.574577743000077)","Unfall 155810 (2023) Kat:3, Licht: 2","155810","3","3","5","07","00","7","","2","0","1","0","0"
"POINT (9.960137338000038 53.551446217000034)","Unfall 155811 (2023) Kat:3, Licht: 0","155811","3","3","5","07","13","1","","0","1","0","0","0"
"POINT (10.138808240000060 53.669653318000030)","Unfall 155812 (2023) Kat:3, Licht: 0","155812","3","7","0","07","12","7","","0","1","0","0","0"
"POINT (10.076496809000048 53.660721053000032)","Unfall 155813 (2023) Kat:3, Licht: 0","155813","3","3","6","07","11","7","","0","0","1","1","0"
"POINT (10.127805985000066 53.661117500000046)","Unfall 155814 (2023) Kat:3, Licht: 0","155814","3","6","2","07","14","7","","0","0","1","0","0"
"POINT (10.000468211000054 53.672862448000046)","Unfall 155815 (2023) Kat:3, Licht: 0","155815","3","1","0","07","17","7","","0","1","0","0","0"
"POINT (9.902777866000065 53.609345482000037)","Unfall 155816 (2023) Kat:3, Licht: 0","155816","3","2","3","07","17","7","","0","0","1","0","0"
"POINT (9.871130729000072 53.599833264000040)","Unfall 155817 (2023) Kat:3, Licht: 0","155817","3","3","5","07","18","7","","0","1","1","0","0"
"POINT (9.872670393000021 53.592508572000042)","Unfall 155818 (2023) Kat:3, Licht: 0","155818","3","7","6","07","12","7","","0","0","1","1","0"
"POINT (9.956545975000040 53.565198396000028)","Unfall 155819 (2023) Kat:3, Licht: 2","155819","3","5","1","07","03","7","","2","1","1","0","0"
"POINT (9.943029088000060 53.565318345000037)","Unfall 155820 (2023) Kat:3, Licht: 0","155820","3","6","2","07","14","7","","0","0","1","0","1"
"POINT (9.912231096000028 53.512700849000055)","Unfall 155821 (2023) Kat:3, Licht: 0","155821","3","1","8","06","21","6","","0","0","0","0","1"
"POINT (9.861105581000061 53.476775410000073)","Unfall 155822 (2023) Kat:3, Licht: 0","155822","3","1","0","06","10","6","","0","1","0","0","0"
"POINT (9.974416439000038 53.434225302000073)","Unfall 155823 (2023) Kat:3, Licht: 0","155823","3","4","6","06","14","6","","0","0","1","1","0"
"POINT (10.107361339000022 53.541924404000042)","Unfall 155824 (2023) Kat:2, Licht: 0","155824","2","4","6","07","20","5","","0","0","1","1","0"
"POINT (9.999191613000050 53.455951118000030)","Unfall 155825 (2023) Kat:3, Licht: 0","155825","3","3","5","06","07","6","","0","1","0","0","0"
"POINT (9.982376916000021 53.418170182000040)","Unfall 155826 (2023) Kat:2, Licht: 0","155826","2","6","0","06","07","6","","0","1","0","0","1"
"POINT (9.987213021000059 53.514540179000051)","Unfall 155827 (2023) Kat:3, Licht: 0","155827","3","4","6","06","17","6","","0","0","1","1","0"
"POINT (10.000947932000031 53.515554384000040)","Unfall 155828 (2023) Kat:3, Licht: 1","155828","3","7","0","06","21","6","","1","0","0","0","0"
"POINT (10.011399297000025 53.495269345000054)","Unfall 155829 (2023) Kat:3, Licht: 0","155829","3","1","1","06","09","6","","0","0","1","0","0"
"POINT (9.958274782000046 53.562922271000048)","Unfall 155830 (2023) Kat:3, Licht: 0","155830","3","5","5","08","07","4","","0","0","1","0","1"
"POINT (10.012150731000077 53.494235781000043)","Unfall 155831 (2023) Kat:3, Licht: 0","155831","3","2","4","06","11","6","","0","0","1","0","0"
"POINT (10.208453861000066 53.481721905000029)","Unfall 155832 (2023) Kat:3, Licht: 0","155832","3","6","2","06","11","6","","0","0","1","0","0"
"POINT (10.095738484000037 53.550927848000072)","Unfall 155833 (2023) Kat:3, Licht: 0","155833","3","2","3","06","17","6","","0","1","0","0","1"
"POINT (10.099032600000044 53.541122327000039)","Unfall 155834 (2023) Kat:3, Licht: 0","155834","3","1","0","06","09","6","","0","0","0","0","1"
"POINT (10.079810830000042 53.556288303000031)","Unfall 155835 (2023) Kat:3, Licht: 0","155835","3","4","6","06","13","6","","0","0","1","1","0"
"POINT (10.045267112000033 53.608092163000038)","Unfall 155836 (2023) Kat:3, Licht: 0","155836","3","6","2","06","20","6","","0","0","1","0","0"
"POINT (10.038816608000047 53.578445296000041)","Unfall 155837 (2023) Kat:3, Licht: 0","155837","3","4","6","06","10","6","","0","0","1","1","0"
"POINT (9.998191105000046 53.544350015000077)","Unfall 155838 (2023) Kat:3, Licht: 2","155838","3","7","0","08","02","4","","2","0","0","0","0"
"POINT (9.934598604000030 53.583025028000066)","Unfall 155839 (2023) Kat:3, Licht: 0","155839","3","7","3","06","14","6","","0","1","0","0","1"
"POINT (9.901148538000029 53.619159857000056)","Unfall 155840 (2023) Kat:3, Licht: 0","155840","3","7","6","06","14","6","","0","0","1","1","0"
"POINT (9.874206722000054 53.587444835000042)","Unfall 155841 (2023) Kat:3, Licht: 0","155841","3","6","3","06","09","6","","0","0","1","0","1"
"POINT (9.872235013000022 53.586223377000067)","Unfall 155842 (2023) Kat:3, Licht: 0","155842","3","6","3","06","06","6","","0","0","1","0","1"
"POINT (9.960776714000076 53.633254153000053)","Unfall 155843 (2023) Kat:3, Licht: 0","155843","3","3","5","06","11","6","","0","1","0","0","1"
"POINT (9.973009094000076 53.587270534000027)","Unfall 155844 (2023) Kat:3, Licht: 0","155844","3","7","1","06","15","6","","0","1","1","0","0"
"POINT (9.954814293000027 53.575492339000050)","Unfall 155845 (2023) Kat:3, Licht: 0","155845","3","7","0","06","11","6","","0","0","1","0","0"
"POINT (9.960994261000053 53.563983298000039)","Unfall 155846 (2023) Kat:3, Licht: 0","155846","3","6","6","06","09","6","","0","1","0","1","0"
"POINT (9.987900066000066 53.556304194000063)","Unfall 155847 (2023) Kat:3, Licht: 0","155847","3","2","2","06","13","6","","0","1","1","0","0"
"POINT (10.020622455000023 53.528358606000040)","Unfall 155848 (2023) Kat:3, Licht: 0","155848","3","7","6","06","18","6","","0","0","0","1","0"
"POINT (10.223621229000059 53.485067337000032)","Unfall 155849 (2023) Kat:2, Licht: 0","155849","2","3","5","06","13","5","","0","0","1","0","0"
"POINT (10.177946809000048 53.490712581000082)","Unfall 155850 (2023) Kat:3, Licht: 0","155850","3","3","6","06","07","5","","0","0","1","1","0"
"POINT (10.035025000000076 53.541313269000057)","Unfall 155851 (2023) Kat:3, Licht: 0","155851","3","2","4","06","16","5","","0","1","1","0","0"
"POINT (10.018786729000055 53.549345251000034)","Unfall 155852 (2023) Kat:2, Licht: 2","155852","2","4","6","06","23","5","","2","0","0","1","0"
"POINT (10.070550276000063 53.612263539000082)","Unfall 155853 (2023) Kat:3, Licht: 0","155853","3","6","4","06","16","5","","0","1","1","0","0"
"POINT (10.058887829000071 53.594811704000051)","Unfall 155854 (2023) Kat:3, Licht: 0","155854","3","3","0","06","14","5","","0","0","0","0","0"
"POINT (10.071900031000041 53.597200879000070)","Unfall 155855 (2023) Kat:3, Licht: 0","155855","3","6","3","06","09","5","","0","1","1","0","0"
"POINT (10.077133994000064 53.657846420000055)","Unfall 155856 (2023) Kat:3, Licht: 0","155856","3","5","0","06","17","5","","0","1","1","0","0"
"POINT (10.163674209000021 53.650765146000026)","Unfall 155857 (2023) Kat:3, Licht: 0","155857","3","6","2","06","18","5","","0","0","0","0","0"
"POINT (10.012784038000063 53.642224596000062)","Unfall 155858 (2023) Kat:3, Licht: 0","155858","3","5","5","06","12","5","","0","1","0","0","0"
"POINT (10.033182873000044 53.649444319000054)","Unfall 155859 (2023) Kat:3, Licht: 0","155859","3","5","5","06","09","5","","0","1","1","0","0"
"POINT (9.872990200000061 53.591263585000036)","Unfall 155860 (2023) Kat:3, Licht: 0","155860","3","4","6","06","07","5","","0","0","0","1","0"
"POINT (9.956412044000047 53.614561206000076)","Unfall 155861 (2023) Kat:3, Licht: 2","155861","3","7","0","06","22","5","","2","1","0","0","0"
"POINT (9.952949866000040 53.619201222000072)","Unfall 155862 (2023) Kat:3, Licht: 0","155862","3","7","3","06","11","5","","0","0","1","0","0"
"POINT (9.946460113000057 53.574861250000026)","Unfall 155863 (2023) Kat:3, Licht: 0","155863","3","2","3","06","18","5","","0","1","1","0","0"
"POINT (9.949449567000045 53.576454817000069)","Unfall 155864 (2023) Kat:2, Licht: 0","155864","2","5","3","06","12","5","","0","1","1","0","0"
"POINT (10.009945697000035 53.552366189000054)","Unfall 155865 (2023) Kat:3, Licht: 0","155865","3","7","6","08","14","7","","0","1","0","1","0"
"POINT (9.940821979000077 53.577602370000079)","Unfall 155866 (2023) Kat:3, Licht: 1","155866","3","3","0","06","21","5","","1","1","0","0","1"
"POINT (9.953381613000033 53.575796909000076)","Unfall 155867 (2023) Kat:3, Licht: 0","155867","3","5","1","06","18","5","","0","1","1","0","0"
"POINT (9.947208564000050 53.551200583000082)","Unfall 155868 (2023) Kat:2, Licht: 0","155868","2","7","0","06","11","5","","0","1","0","0","0"
"POINT (9.989552484000058 53.561581461000060)","Unfall 155869 (2023) Kat:3, Licht: 0","155869","3","3","5","06","18","5","","0","1","1","0","0"
"POINT (9.988625134000074 53.572056540000062)","Unfall 155870 (2023) Kat:3, Licht: 0","155870","3","1","8","06","12","5","","0","0","1","0","0"
"POINT (9.979943593000030 53.577566397000055)","Unfall 155871 (2023) Kat:3, Licht: 0","155871","3","3","5","06","08","5","","0","0","1","0","0"
"POINT (9.965003409000076 53.549814099000059)","Unfall 155872 (2023) Kat:3, Licht: 2","155872","3","4","6","06","01","5","","2","0","1","1","0"
"POINT (10.007026237000048 53.548057408000034)","Unfall 155873 (2023) Kat:3, Licht: 0","155873","3","6","3","06","12","5","","0","0","1","0","0"
"POINT (10.002076519000070 53.543642839000029)","Unfall 155874 (2023) Kat:2, Licht: 0","155874","2","2","4","06","11","5","","0","0","1","0","1"
"POINT (10.014072491000036 53.559351504000063)","Unfall 155875 (2023) Kat:3, Licht: 0","155875","3","7","0","06","20","5","","0","1","0","0","0"
"POINT (9.789446787000031 53.535414048000064)","Unfall 155876 (2023) Kat:3, Licht: 0","155876","3","7","0","06","17","4","","0","1","0","0","0"
"POINT (10.104262720000065 53.544227319000072)","Unfall 155877 (2023) Kat:3, Licht: 0","155877","3","3","5","06","09","4","","0","1","1","0","0"
"POINT (10.054418954000027 53.559351932000027)","Unfall 155878 (2023) Kat:3, Licht: 0","155878","3","2","5","06","12","4","","0","1","1","0","0"
"POINT (10.035893492000071 53.552408692000029)","Unfall 155879 (2023) Kat:3, Licht: 0","155879","3","6","6","06","09","4","","0","1","0","1","0"
"POINT (10.120708860000036 53.607599575000052)","Unfall 155880 (2023) Kat:3, Licht: 0","155880","3","7","1","06","15","4","","0","1","0","0","0"
"POINT (9.878077600000040 53.513566692000040)","Unfall 155881 (2023) Kat:3, Licht: 0","155881","3","1","8","07","08","6","","0","0","0","0","1"
"POINT (10.124128997000071 53.570976146000078)","Unfall 155882 (2023) Kat:3, Licht: 0","155882","3","6","3","06","17","4","","0","0","1","0","0"
"POINT (10.138142375000029 53.580972156000030)","Unfall 155883 (2023) Kat:3, Licht: 0","155883","3","1","1","06","20","4","","0","0","1","0","0"
"POINT (10.208061349000047 53.494574097000054)","Unfall 155884 (2023) Kat:3, Licht: 0","155884","3","7","2","07","11","1","","0","0","0","0","0"
"POINT (10.132912491000070 53.624210642000037)","Unfall 155885 (2023) Kat:3, Licht: 0","155885","3","2","5","06","15","4","","0","0","1","0","1"
"POINT (10.067912948000071 53.608542603000046)","Unfall 155886 (2023) Kat:3, Licht: 0","155886","3","1","0","06","19","4","","0","0","1","0","0"
"POINT (10.012390440000047 53.646341969000048)","Unfall 155887 (2023) Kat:3, Licht: 0","155887","3","6","2","06","10","4","","0","0","1","0","0"
"POINT (9.961499642000035 53.562349188000042)","Unfall 155888 (2023) Kat:3, Licht: 1","155888","3","7","0","07","07","4","","1","1","0","1","0"
"POINT (10.040271869000037 53.580373856000051)","Unfall 155889 (2023) Kat:3, Licht: 0","155889","3","3","5","06","17","4","","0","1","1","0","0"
"POINT (9.898557022000034 53.605560886000035)","Unfall 155890 (2023) Kat:3, Licht: 0","155890","3","6","4","06","17","4","","0","0","0","0","0"
"POINT (9.927176351000071 53.590958368000031)","Unfall 155891 (2023) Kat:3, Licht: 0","155891","3","5","1","06","15","4","","0","1","1","0","0"
"POINT (9.757961442000067 53.565727282000068)","Unfall 155892 (2023) Kat:3, Licht: 0","155892","3","1","8","06","16","4","","0","0","0","0","1"
"POINT (9.945870678000063 53.551548818000072)","Unfall 155893 (2023) Kat:3, Licht: 0","155893","3","3","5","06","15","4","","0","1","0","0","0"
"POINT (9.965699832000041 53.564770360000068)","Unfall 155894 (2023) Kat:3, Licht: 0","155894","3","5","3","06","20","4","","0","1","1","0","0"
"POINT (9.968376903000035 53.586130714000035)","Unfall 155895 (2023) Kat:3, Licht: 0","155895","3","3","5","07","13","6","","0","1","1","0","0"
"POINT (9.954654469000047 53.557183262000081)","Unfall 155896 (2023) Kat:3, Licht: 0","155896","3","7","0","06","19","4","","0","1","0","0","0"
"POINT (9.965604748000032 53.565379014000030)","Unfall 155897 (2023) Kat:3, Licht: 0","155897","3","2","3","06","14","4","","0","1","1","0","0"
"POINT (10.000598951000029 53.551050555000074)","Unfall 155898 (2023) Kat:3, Licht: 0","155898","3","7","3","06","11","4","","0","1","1","0","0"
"POINT (9.786016159000042 53.503962740000077)","Unfall 155899 (2023) Kat:3, Licht: 0","155899","3","1","0","06","19","3","","0","0","0","0","1"
"POINT (9.886591089000035 53.474089830000082)","Unfall 155900 (2023) Kat:3, Licht: 0","155900","3","3","5","06","12","3","","0","1","1","0","0"
"POINT (10.202747210000041 53.488978104000068)","Unfall 155901 (2023) Kat:3, Licht: 0","155901","3","5","6","06","17","3","","0","0","1","1","0"
"POINT (10.164134778000061 53.621188849000077)","Unfall 155902 (2023) Kat:3, Licht: 0","155902","3","2","2","07","18","2","","0","0","1","0","0"
"POINT (10.182978210000044 53.496215312000061)","Unfall 155903 (2023) Kat:3, Licht: 0","155903","3","7","0","06","11","3","","0","1","0","0","0"
"POINT (10.010839111000053 53.500839601000052)","Unfall 155904 (2023) Kat:3, Licht: 0","155904","3","6","6","07","19","3","","0","0","0","1","0"
"POINT (10.177273677000073 53.509194079000054)","Unfall 155905 (2023) Kat:2, Licht: 0","155905","2","1","0","06","11","3","","0","1","0","0","0"
"POINT (10.116324641000062 53.549542982000048)","Unfall 155906 (2023) Kat:3, Licht: 2","155906","3","6","2","06","23","3","","2","0","1","0","1"
"POINT (10.136300365000068 53.536044516000061)","Unfall 155907 (2023) Kat:3, Licht: 0","155907","3","2","4","06","16","3","","0","1","0","0","0"
"POINT (10.047513310000056 53.548109929000077)","Unfall 155908 (2023) Kat:3, Licht: 0","155908","3","4","6","06","16","3","","0","1","0","1","0"
"POINT (10.043367417000070 53.556447442000035)","Unfall 155909 (2023) Kat:3, Licht: 0","155909","3","7","0","06","19","3","","0","1","0","0","0"
"POINT (10.126207472000033 53.530252690000054)","Unfall 155910 (2023) Kat:2, Licht: 0","155910","2","4","6","06","18","4","","0","0","1","1","0"
"POINT (10.126603672000044 53.582350248000068)","Unfall 155911 (2023) Kat:3, Licht: 0","155911","3","6","2","06","16","3","","0","0","1","0","0"
"POINT (10.176924542000052 53.604289898000047)","Unfall 155912 (2023) Kat:3, Licht: 0","155912","3","3","5","06","07","3","","0","1","1","0","0"
"POINT (10.068573312000069 53.580900111000062)","Unfall 155913 (2023) Kat:3, Licht: 0","155913","3","2","3","06","08","3","","0","1","1","0","0"
"POINT (10.064531104000025 53.603435291000039)","Unfall 155914 (2023) Kat:3, Licht: 0","155914","3","7","0","06","18","3","","0","1","1","0","0"
"POINT (10.161079445000041 53.650091167000028)","Unfall 155915 (2023) Kat:3, Licht: 0","155915","3","7","0","06","07","3","","0","1","0","0","0"
"POINT (10.030836691000047 53.679338160000043)","Unfall 155916 (2023) Kat:3, Licht: 0","155916","3","7","0","06","08","3","","0","1","0","0","0"
"POINT (10.000101701000062 53.587698751000062)","Unfall 155917 (2023) Kat:3, Licht: 0","155917","3","7","0","06","13","3","","0","1","0","1","0"
"POINT (9.884910194000042 53.561024370000041)","Unfall 155918 (2023) Kat:3, Licht: 0","155918","3","5","1","07","09","5","","0","1","1","0","0"
"POINT (10.025654618000033 53.616633185000069)","Unfall 155919 (2023) Kat:3, Licht: 0","155919","3","3","5","06","15","3","","0","1","1","0","0"
"POINT (10.002012163000074 53.598310453000067)","Unfall 155920 (2023) Kat:3, Licht: 0","155920","3","3","5","06","07","3","","0","0","1","0","0"
"POINT (10.025093443000060 53.561912334000056)","Unfall 155921 (2023) Kat:3, Licht: 0","155921","3","1","0","06","17","3","","0","1","0","0","0"
"POINT (10.033994375000077 53.579791229000080)","Unfall 155922 (2023) Kat:3, Licht: 0","155922","3","3","5","06","07","3","","0","1","1","0","0"
"POINT (9.896556861000022 53.604693358000077)","Unfall 155923 (2023) Kat:3, Licht: 0","155923","3","6","2","06","15","3","","0","0","1","0","0"
"POINT (9.955527573000040 53.632775375000051)","Unfall 155924 (2023) Kat:3, Licht: 0","155924","3","5","6","06","17","3","","0","0","1","1","0"
"POINT (9.984335021000049 53.584706719000053)","Unfall 155925 (2023) Kat:3, Licht: 0","155925","3","3","5","06","18","3","","0","1","0","0","1"
"POINT (9.942786377000061 53.565338074000067)","Unfall 155926 (2023) Kat:3, Licht: 0","155926","3","6","3","06","09","3","","0","1","0","0","0"
"POINT (9.940895505000071 53.561940679000031)","Unfall 155927 (2023) Kat:3, Licht: 0","155927","3","1","0","06","13","3","","0","1","0","0","0"
"POINT (9.986495873000024 53.566976477000082)","Unfall 155928 (2023) Kat:3, Licht: 0","155928","3","1","0","06","09","3","","0","1","0","0","0"
"POINT (9.866689082000050 53.548006592000036)","Unfall 155929 (2023) Kat:2, Licht: 0","155929","2","6","0","07","17","4","","0","1","1","0","0"
"POINT (9.987909873000035 53.581980196000075)","Unfall 155930 (2023) Kat:2, Licht: 0","155930","2","3","5","06","10","3","","0","1","1","0","0"
"POINT (9.954664707000063 53.557332390000056)","Unfall 155931 (2023) Kat:3, Licht: 0","155931","3","5","1","06","09","3","","0","1","1","0","0"
"POINT (10.005999661000033 53.551699698000050)","Unfall 155932 (2023) Kat:3, Licht: 0","155932","3","3","5","06","13","3","","0","0","1","0","0"
"POINT (9.871524742000076 53.533795719000068)","Unfall 155933 (2023) Kat:2, Licht: 0","155933","2","4","6","06","19","2","","0","0","1","1","0"
"POINT (10.155219580000050 53.522741868000082)","Unfall 155934 (2023) Kat:3, Licht: 0","155934","3","1","9","06","18","2","","0","0","1","0","0"
"POINT (9.954928573000075 53.561256593000053)","Unfall 155935 (2023) Kat:3, Licht: 0","155935","3","2","3","07","09","5","","0","1","1","0","0"
"POINT (10.081620285000042 53.541839845000027)","Unfall 155936 (2023) Kat:3, Licht: 0","155936","3","5","5","06","07","2","","0","1","1","0","0"
"POINT (10.114798251000025 53.531798319000075)","Unfall 155937 (2023) Kat:3, Licht: 0","155937","3","7","0","06","06","2","","0","1","1","0","0"
"POINT (10.118000551000023 53.599878027000045)","Unfall 155938 (2023) Kat:3, Licht: 0","155938","3","3","6","06","14","2","","0","0","1","1","0"
"POINT (10.117653597000071 53.611242069000070)","Unfall 155939 (2023) Kat:3, Licht: 0","155939","3","6","6","06","20","2","","0","0","1","1","0"
"POINT (10.079611921000037 53.566795320000040)","Unfall 155940 (2023) Kat:3, Licht: 0","155940","3","5","3","06","14","2","","0","1","1","0","0"
"POINT (10.067045168000050 53.579161300000067)","Unfall 155941 (2023) Kat:3, Licht: 0","155941","3","3","5","06","16","2","","0","1","1","0","0"
"POINT (10.082623374000036 53.608070512000040)","Unfall 155942 (2023) Kat:2, Licht: 0","155942","2","3","5","06","14","2","","0","1","0","0","0"
"POINT (10.112758794000058 53.642135199000052)","Unfall 155943 (2023) Kat:3, Licht: 0","155943","3","3","5","06","09","2","","0","0","1","0","0"
"POINT (10.092502526000033 53.653287048000038)","Unfall 155944 (2023) Kat:3, Licht: 0","155944","3","2","3","06","08","2","","0","1","1","0","0"
"POINT (10.047952049000060 53.591574501000082)","Unfall 155945 (2023) Kat:3, Licht: 0","155945","3","5","3","06","17","2","","0","1","1","0","0"
"POINT (10.038298340000040 53.577328912000041)","Unfall 155946 (2023) Kat:3, Licht: 0","155946","3","6","2","06","15","2","","0","0","1","0","1"
"POINT (10.008778281000048 53.552137849000076)","Unfall 155947 (2023) Kat:3, Licht: 2","155947","3","3","5","08","23","7","","2","1","1","0","0"
"POINT (10.049254425000072 53.594547959000067)","Unfall 155948 (2023) Kat:3, Licht: 0","155948","3","7","0","06","15","2","","0","0","1","0","0"
"POINT (10.038148721000027 53.576705536000077)","Unfall 155949 (2023) Kat:3, Licht: 0","155949","3","2","3","06","16","2","","0","1","1","0","0"
"POINT (10.004516291000073 53.481142514000055)","Unfall 155950 (2023) Kat:3, Licht: 0","155950","3","6","4","08","19","4","","0","0","1","0","0"
"POINT (9.899445664000041 53.609735073000081)","Unfall 155951 (2023) Kat:3, Licht: 2","155951","3","7","0","06","23","2","","2","1","0","0","0"
"POINT (10.130991969000036 53.588327944000071)","Unfall 155952 (2023) Kat:3, Licht: 0","155952","3","6","2","08","18","1","","0","0","1","0","0"
"POINT (9.916094553000050 53.600328866000041)","Unfall 155953 (2023) Kat:3, Licht: 0","155953","3","2","4","06","17","2","","0","0","1","0","0"
"POINT (9.907705574000033 53.606358125000042)","Unfall 155954 (2023) Kat:3, Licht: 0","155954","3","5","3","06","15","2","","0","0","1","0","0"
"POINT (9.898160226000073 53.569552599000076)","Unfall 155955 (2023) Kat:3, Licht: 0","155955","3","7","0","06","17","2","","0","1","0","0","0"
"POINT (9.955512484000053 53.632778926000071)","Unfall 155956 (2023) Kat:3, Licht: 0","155956","3","4","6","06","11","2","","0","1","0","1","0"
"POINT (9.944201913000029 53.578579112000057)","Unfall 155957 (2023) Kat:3, Licht: 0","155957","3","6","4","06","18","2","","0","1","1","0","0"
"POINT (9.991651046000072 53.589301943000066)","Unfall 155958 (2023) Kat:3, Licht: 0","155958","3","3","5","06","16","2","","0","1","0","0","0"
"POINT (9.971148502000062 53.577397930000075)","Unfall 155959 (2023) Kat:2, Licht: 0","155959","2","4","6","07","13","5","","0","1","0","1","0"
"POINT (10.000215532000027 53.541092260000028)","Unfall 155960 (2023) Kat:3, Licht: 0","155960","3","7","0","06","11","2","","0","0","0","0","0"
"POINT (9.859486382000057 53.534740428000077)","Unfall 155961 (2023) Kat:2, Licht: 2","155961","2","4","6","06","01","1","","2","0","1","1","0"
"POINT (10.065016568000033 53.491276311000036)","Unfall 155962 (2023) Kat:2, Licht: 0","155962","2","6","2","06","19","1","","0","0","1","0","0"
"POINT (10.107946354000035 53.548457615000075)","Unfall 155963 (2023) Kat:3, Licht: 1","155963","3","6","3","06","21","1","","1","0","1","0","0"
"POINT (10.095595316000072 53.559963755000069)","Unfall 155964 (2023) Kat:3, Licht: 0","155964","3","6","3","06","18","1","","0","1","0","0","1"
"POINT (10.078576522000048 53.550365603000046)","Unfall 155965 (2023) Kat:3, Licht: 0","155965","3","1","0","06","15","1","","0","1","0","0","0"
"POINT (10.080685643000038 53.537951972000030)","Unfall 155966 (2023) Kat:3, Licht: 1","155966","3","7","0","06","22","1","","1","0","0","0","0"
"POINT (10.136219740000058 53.571572616000026)","Unfall 155967 (2023) Kat:3, Licht: 0","155967","3","6","3","06","15","1","","0","0","0","0","1"
"POINT (9.802822367000033 53.571764507000069)","Unfall 155968 (2023) Kat:3, Licht: 0","155968","3","1","0","06","17","1","","0","1","0","0","0"