WKT,Name,OBJECTID,UKATEGORIE,UTYP1,UART,UMONAT,USTUNDE,UWOCHENTAG,STRZUSTAND,ULICHTVERH,ISTRAD,ISTPKW,ISTFUSS,ISTKRAD
"POINT (9.882941319000054 53.603680198000063)","Unfall 155969 (2023) Kat:3, Licht: 0","155969","3","7","0","06","18","1","","0","0","0","0","1"
"POINT (9.866651557000068 53.548006756000063)","Unfall 155970 (2023) Kat:3, Licht: 0","155970","3","1","0","06","12","1","","0","1","0","0","0"
"POINT (9.959715181000035 53.574551922000069)","Unfall 155971 (2023) Kat:3, Licht: 0","155971","3","7","0","06","14","1","","0","1","0","0","0"
"POINT (9.993957273000035 53.558969783000066)","Unfall 155972 (2023) Kat:3, Licht: 0","155972","3","1","9","06","10","1","","0","1","0","0","0"
"POINT (10.023347800000067 53.537857457000030)","Unfall 155973 (2023) Kat:3, Licht: 0","155973","3","3","5","06","15","1","","0","0","1","0","0"
"POINT (9.991676373000075 53.453995338000027)","Unfall 155974 (2023) Kat:2, Licht: 0","155974","2","1","3","06","20","7","","0","1","1","0","0"
"POINT (10.014589451000063 53.518802919000052)","Unfall 155975 (2023) Kat:3, Licht: 0","155975","3","7","5","06","19","7","","0","1","0","0","0"
"POINT (10.202014875000032 53.485629283000037)","Unfall 155976 (2023) Kat:3, Licht: 1","155976","3","2","4","06","22","7","","1","0","1","0","1"
"POINT (10.223657901000024 53.397740559000056)","Unfall 155977 (2023) Kat:3, Licht: 0","155977","3","1","0","06","14","7","","0","1","0","0","0"
"POINT (10.115098767000063 53.545333238000069)","Unfall 155978 (2023) Kat:3, Licht: 0","155978","3","4","6","06","16","7","","0","0","1","1","0"
"POINT (10.107659830000046 53.605019116000051)","Unfall 155979 (2023) Kat:3, Licht: 2","155979","3","7","0","06","22","7","","2","0","0","0","0"
"POINT (10.162929520000034 53.605223458000069)","Unfall 155980 (2023) Kat:3, Licht: 0","155980","3","1","0","06","14","7","","0","1","0","0","0"
"POINT (10.078283256000077 53.587295862000076)","Unfall 155981 (2023) Kat:3, Licht: 0","155981","3","2","4","06","12","7","","0","0","1","0","0"
"POINT (9.860855585000024 53.598003452000057)","Unfall 155982 (2023) Kat:3, Licht: 0","155982","3","3","5","07","09","5","","0","1","1","0","0"
"POINT (10.109044734000065 53.626528267000026)","Unfall 155983 (2023) Kat:3, Licht: 0","155983","3","4","6","06","13","7","","0","0","1","1","0"
"POINT (10.074728146000041 53.614613315000042)","Unfall 155984 (2023) Kat:3, Licht: 0","155984","3","7","0","06","11","7","","0","1","0","1","0"
"POINT (10.033887068000070 53.573877028000027)","Unfall 155985 (2023) Kat:2, Licht: 2","155985","2","1","0","06","00","7","","2","1","0","0","0"
"POINT (10.039468074000069 53.570926171000053)","Unfall 155986 (2023) Kat:3, Licht: 0","155986","3","7","0","06","14","7","","0","1","0","0","0"
"POINT (9.932951110000033 53.594190802000071)","Unfall 155987 (2023) Kat:3, Licht: 0","155987","3","7","0","06","19","7","","0","1","0","0","0"
"POINT (9.897384564000049 53.620682186000067)","Unfall 155988 (2023) Kat:3, Licht: 0","155988","3","4","6","06","16","7","","0","0","1","1","0"
"POINT (9.907394053000075 53.617325407000067)","Unfall 155989 (2023) Kat:3, Licht: 0","155989","3","6","2","06","13","7","","0","0","1","0","0"
"POINT (9.851945645000058 53.587893653000037)","Unfall 155990 (2023) Kat:3, Licht: 0","155990","3","2","3","06","19","7","","0","1","1","0","0"
"POINT (9.784860582000022 53.573113974000080)","Unfall 155991 (2023) Kat:3, Licht: 0","155991","3","1","0","06","11","7","","0","1","0","0","0"
"POINT (9.972896707000075 53.581266411000058)","Unfall 155992 (2023) Kat:3, Licht: 0","155992","3","2","2","06","12","7","","0","0","1","0","1"
"POINT (9.980876910000063 53.550532865000037)","Unfall 155993 (2023) Kat:3, Licht: 0","155993","3","7","6","06","17","7","","0","1","0","1","0"
"POINT (9.981933001000073 53.559687045000032)","Unfall 155994 (2023) Kat:3, Licht: 0","155994","3","1","0","06","13","7","","0","1","0","0","0"
"POINT (9.987020474000076 53.513154411000073)","Unfall 155995 (2023) Kat:3, Licht: 2","155995","3","1","1","06","00","6","","2","1","1","0","0"
"POINT (10.182088512000064 53.488531509000040)","Unfall 155996 (2023) Kat:3, Licht: 1","155996","3","6","4","06","21","6","","1","1","1","0","0"
"POINT (10.124932378000040 53.530758098000035)","Unfall 155997 (2023) Kat:3, Licht: 0","155997","3","3","0","06","06","6","","0","0","0","0","1"
"POINT (9.946983687000056 53.454995970000027)","Unfall 155998 (2023) Kat:3, Licht: 0","155998","3","2","3","08","17","6","","0","1","1","0","0"
"POINT (10.141257293000024 53.583172825000077)","Unfall 155999 (2023) Kat:3, Licht: 0","155999","3","3","5","06","09","6","","0","1","1","0","0"
"POINT (10.183523547000050 53.589314393000052)","Unfall 156000 (2023) Kat:3, Licht: 0","156000","3","3","5","06","08","6","","0","1","0","0","0"
"POINT (10.131719700000076 53.622370919000048)","Unfall 156001 (2023) Kat:3, Licht: 0","156001","3","6","3","06","07","6","","0","1","0","0","0"
"POINT (10.055563035000034 53.582589945000052)","Unfall 156002 (2023) Kat:3, Licht: 0","156002","3","3","5","06","14","6","","0","0","1","0","0"
"POINT (10.067429780000055 53.582917148000035)","Unfall 156003 (2023) Kat:3, Licht: 0","156003","3","1","0","06","17","6","","0","0","0","0","1"
"POINT (10.076392368000029 53.570712576000062)","Unfall 156004 (2023) Kat:3, Licht: 0","156004","3","7","0","06","06","6","","0","1","0","0","0"
"POINT (10.050483324000027 53.596895872000061)","Unfall 156005 (2023) Kat:3, Licht: 0","156005","3","3","5","06","16","6","","0","0","1","0","0"
"POINT (10.028610910000054 53.664330738000046)","Unfall 156006 (2023) Kat:3, Licht: 0","156006","3","3","5","06","09","6","","0","1","1","0","0"
"POINT (10.015347276000057 53.617038693000040)","Unfall 156007 (2023) Kat:3, Licht: 0","156007","3","6","2","06","10","6","","0","0","1","0","0"
"POINT (10.040542510000023 53.475263907000055)","Unfall 156008 (2023) Kat:3, Licht: 2","156008","3","1","8","08","21","1","","2","0","0","0","1"
"POINT (10.053097881000042 53.584646357000054)","Unfall 156009 (2023) Kat:3, Licht: 0","156009","3","5","3","06","15","6","","0","1","1","0","0"
"POINT (10.043096012000035 53.589906167000038)","Unfall 156010 (2023) Kat:2, Licht: 0","156010","2","3","5","06","17","6","","0","1","1","0","0"
"POINT (9.903147421000028 53.608520176000070)","Unfall 156011 (2023) Kat:3, Licht: 0","156011","3","7","0","06","13","6","","0","0","1","0","1"
"POINT (9.906140025000070 53.613773108000032)","Unfall 156012 (2023) Kat:3, Licht: 0","156012","3","5","5","06","08","6","","0","1","1","0","0"
"POINT (9.857527131000040 53.581959177000044)","Unfall 156013 (2023) Kat:3, Licht: 0","156013","3","1","0","06","13","6","","0","0","0","0","1"
"POINT (9.826686523000035 53.565509972000029)","Unfall 156014 (2023) Kat:3, Licht: 0","156014","3","7","0","06","09","6","","0","0","1","0","0"
"POINT (9.911012718000052 53.556935481000039)","Unfall 156015 (2023) Kat:3, Licht: 0","156015","3","5","3","06","13","6","","0","0","1","0","1"
"POINT (10.052668118000042 53.588310522000029)","Unfall 156016 (2023) Kat:3, Licht: 0","156016","3","6","3","06","07","4","","0","0","1","0","0"
"POINT (9.924942981000072 53.573603622000064)","Unfall 156017 (2023) Kat:3, Licht: 0","156017","3","5","1","06","11","6","","0","1","1","0","0"
"POINT (9.983707202000062 53.592298039000070)","Unfall 156018 (2023) Kat:3, Licht: 0","156018","3","6","3","06","20","6","","0","1","0","0","0"
"POINT (9.928343701000074 53.556102838000072)","Unfall 156019 (2023) Kat:3, Licht: 2","156019","3","2","4","06","22","6","","2","1","1","0","0"
"POINT (9.943306347000032 53.554461550000042)","Unfall 156020 (2023) Kat:3, Licht: 0","156020","3","2","6","06","12","6","","0","0","1","1","0"
"POINT (9.977398814000026 53.574715171000037)","Unfall 156021 (2023) Kat:3, Licht: 0","156021","3","4","6","06","18","6","","0","0","1","1","0"
"POINT (9.990557638000041 53.560382836000031)","Unfall 156022 (2023) Kat:3, Licht: 0","156022","3","3","5","06","11","6","","0","1","1","0","0"
"POINT (9.990912842000057 53.560647009000036)","Unfall 156023 (2023) Kat:3, Licht: 2","156023","3","6","0","06","23","6","","2","0","0","0","0"
"POINT (9.987172593000025 53.514222448000055)","Unfall 156024 (2023) Kat:3, Licht: 0","156024","3","3","5","07","19","3","","0","1","1","0","0"
"POINT (9.999735057000066 53.577250466000066)","Unfall 156025 (2023) Kat:3, Licht: 0","156025","3","1","0","06","13","6","","0","1","0","0","0"
"POINT (9.961275977000071 53.551302647000057)","Unfall 156026 (2023) Kat:3, Licht: 2","156026","3","3","5","06","23","6","","2","1","1","0","0"
"POINT (9.955427903000043 53.549578126000029)","Unfall 156027 (2023) Kat:3, Licht: 0","156027","3","6","3","06","17","6","","0","1","1","0","0"
"POINT (9.985321891000069 53.552950634000069)","Unfall 156028 (2023) Kat:3, Licht: 0","156028","3","4","6","06","07","6","","0","1","0","1","0"
"POINT (10.003140567000059 53.501785780000034)","Unfall 156029 (2023) Kat:3, Licht: 0","156029","3","6","2","06","15","5","","0","0","1","0","0"
"POINT (10.122237992000066 53.482839679000051)","Unfall 156030 (2023) Kat:3, Licht: 0","156030","3","7","0","06","08","5","","0","1","1","0","0"
"POINT (10.239664581000056 53.474143077000065)","Unfall 156031 (2023) Kat:2, Licht: 0","156031","2","1","0","06","14","5","","0","1","0","0","0"
"POINT (10.100915889000021 53.540294781000057)","Unfall 156032 (2023) Kat:3, Licht: 2","156032","3","3","5","06","23","5","","2","0","1","0","0"
"POINT (10.025563802000022 53.544496855000034)","Unfall 156033 (2023) Kat:3, Licht: 0","156033","3","7","6","06","14","5","","0","0","0","1","0"
"POINT (10.111182596000049 53.590992666000034)","Unfall 156034 (2023) Kat:3, Licht: 0","156034","3","5","5","06","09","5","","0","1","1","0","0"
"POINT (9.910939381000048 53.603273533000049)","Unfall 156035 (2023) Kat:3, Licht: 0","156035","3","7","6","08","12","2","","0","1","1","1","0"
"POINT (10.150168027000063 53.600692050000077)","Unfall 156036 (2023) Kat:3, Licht: 0","156036","3","1","0","06","15","5","","0","1","0","0","0"
"POINT (10.059492058000046 53.576352610000072)","Unfall 156037 (2023) Kat:3, Licht: 0","156037","3","2","3","06","17","5","","0","1","1","0","0"
"POINT (10.057422808000069 53.575903855000035)","Unfall 156038 (2023) Kat:3, Licht: 0","156038","3","6","4","06","15","5","","0","1","0","0","0"
"POINT (10.101492064000070 53.654118047000054)","Unfall 156039 (2023) Kat:3, Licht: 0","156039","3","3","5","06","06","5","","0","1","1","0","0"
"POINT (10.039384831000064 53.579288157000065)","Unfall 156040 (2023) Kat:3, Licht: 0","156040","3","7","0","06","13","5","","0","1","0","0","0"
"POINT (9.967337923000059 53.589229329000034)","Unfall 156041 (2023) Kat:3, Licht: 0","156041","3","7","5","06","08","5","","0","1","1","0","0"
"POINT (9.966985952000073 53.603315636000048)","Unfall 156042 (2023) Kat:3, Licht: 0","156042","3","5","5","06","09","5","","0","0","1","0","0"
"POINT (9.993495956000061 53.585621689000050)","Unfall 156043 (2023) Kat:3, Licht: 0","156043","3","3","5","06","07","5","","0","0","1","0","0"
"POINT (9.957011932000057 53.601948887000049)","Unfall 156044 (2023) Kat:3, Licht: 0","156044","3","5","1","06","12","5","","0","1","1","0","0"
"POINT (9.966731162000031 53.587536970000031)","Unfall 156045 (2023) Kat:3, Licht: 0","156045","3","6","3","06","14","5","","0","1","0","0","0"
"POINT (9.950601535000033 53.555720884000038)","Unfall 156046 (2023) Kat:3, Licht: 0","156046","3","2","4","06","08","5","","0","1","1","0","0"
"POINT (9.996602628000062 53.560705713000061)","Unfall 156047 (2023) Kat:2, Licht: 0","156047","2","6","3","06","12","5","","0","1","0","0","0"
"POINT (10.006592638000029 53.550157108000064)","Unfall 156048 (2023) Kat:3, Licht: 2","156048","3","3","5","06","23","5","","2","0","1","0","0"
"POINT (9.968516341000054 53.545802202000061)","Unfall 156049 (2023) Kat:3, Licht: 2","156049","3","1","0","06","22","5","","2","1","0","0","0"
"POINT (10.010260539000058 53.550982198000042)","Unfall 156050 (2023) Kat:3, Licht: 0","156050","3","2","3","06","08","5","","0","1","1","0","0"
"POINT (9.916852468000059 53.495388712000079)","Unfall 156051 (2023) Kat:3, Licht: 0","156051","3","3","0","06","07","4","","0","0","1","0","0"
"POINT (10.008651319000023 53.498795750000056)","Unfall 156052 (2023) Kat:3, Licht: 1","156052","3","2","5","06","22","4","","1","0","0","0","0"
"POINT (10.071051284000021 53.500946043000056)","Unfall 156053 (2023) Kat:3, Licht: 0","156053","3","7","0","06","19","4","","0","1","0","0","0"
"POINT (10.094813083000076 53.606547260000070)","Unfall 156054 (2023) Kat:2, Licht: 1","156054","2","6","2","08","20","2","","1","0","1","0","0"
"POINT (10.037157116000060 53.549083764000045)","Unfall 156055 (2023) Kat:3, Licht: 0","156055","3","1","0","06","11","4","","0","0","1","0","0"
"POINT (10.043710497000063 53.556805983000061)","Unfall 156056 (2023) Kat:3, Licht: 0","156056","3","4","6","06","08","4","","0","0","1","1","0"
"POINT (10.128258006000067 53.621157669000070)","Unfall 156057 (2023) Kat:3, Licht: 0","156057","3","6","3","06","19","4","","0","1","0","0","0"
"POINT (10.109460671000022 53.591636018000031)","Unfall 156058 (2023) Kat:3, Licht: 0","156058","3","7","0","06","07","4","","0","1","0","0","0"
"POINT (10.065207977000057 53.578956685000037)","Unfall 156059 (2023) Kat:3, Licht: 0","156059","3","3","5","06","08","4","","0","0","1","0","0"
"POINT (10.080560645000048 53.572946407000074)","Unfall 156060 (2023) Kat:3, Licht: 0","156060","3","4","6","06","14","4","","0","0","0","1","0"
"POINT (10.083405291000076 53.575084190000041)","Unfall 156061 (2023) Kat:3, Licht: 0","156061","3","1","0","06","08","4","","0","0","0","0","1"
"POINT (10.105111565000072 53.650896769000042)","Unfall 156062 (2023) Kat:3, Licht: 0","156062","3","2","3","06","16","4","","0","1","1","0","0"
"POINT (10.107312072000070 53.708622735000063)","Unfall 156063 (2023) Kat:3, Licht: 0","156063","3","2","5","06","17","4","","0","1","0","0","0"
"POINT (10.011895195000022 53.623239465000040)","Unfall 156064 (2023) Kat:3, Licht: 0","156064","3","7","0","06","09","4","","0","0","1","0","0"
"POINT (10.026302838000049 53.630246903000057)","Unfall 156065 (2023) Kat:3, Licht: 0","156065","3","7","0","06","16","4","","0","1","0","0","0"
"POINT (10.014516923000031 53.597858524000060)","Unfall 156066 (2023) Kat:3, Licht: 0","156066","3","3","5","06","13","4","","0","1","1","0","0"
"POINT (10.024178498000026 53.558597101000032)","Unfall 156067 (2023) Kat:3, Licht: 0","156067","3","6","2","06","09","4","","0","0","1","0","0"
"POINT (9.822570664000068 53.560889489000033)","Unfall 156068 (2023) Kat:3, Licht: 2","156068","3","7","0","06","02","4","","2","0","0","0","0"
"POINT (9.860219942000072 53.586756664000063)","Unfall 156069 (2023) Kat:3, Licht: 0","156069","3","5","5","06","08","4","","0","1","0","0","0"
"POINT (9.805885959000022 53.556684984000071)","Unfall 156070 (2023) Kat:3, Licht: 0","156070","3","7","0","06","07","4","","0","1","0","0","0"
"POINT (10.026754963000030 53.618941801000062)","Unfall 156071 (2023) Kat:3, Licht: 0","156071","3","4","2","06","17","6","","0","1","0","1","0"
"POINT (9.850460859000066 53.575607227000035)","Unfall 156072 (2023) Kat:3, Licht: 0","156072","3","5","1","06","20","4","","0","1","1","0","0"
"POINT (10.008692311000061 53.552594669000030)","Unfall 156073 (2023) Kat:3, Licht: 0","156073","3","3","5","06","19","5","","0","1","0","0","0"
"POINT (9.900735635000046 53.549838814000054)","Unfall 156074 (2023) Kat:3, Licht: 0","156074","3","3","5","06","07","4","","0","1","1","0","0"
"POINT (9.901377411000055 53.635326457000076)","Unfall 156075 (2023) Kat:3, Licht: 0","156075","3","4","0","06","15","4","","0","0","0","1","0"
"POINT (9.988538081000058 53.585747617000038)","Unfall 156076 (2023) Kat:3, Licht: 0","156076","3","6","3","06","10","4","","0","1","1","0","0"
"POINT (9.975368750000030 53.577783194000062)","Unfall 156077 (2023) Kat:3, Licht: 0","156077","3","7","3","06","16","4","","0","1","0","0","0"
"POINT (9.962790593000022 53.552519224000037)","Unfall 156078 (2023) Kat:3, Licht: 0","156078","3","7","6","06","15","4","","0","1","0","1","0"
"POINT (10.000733006000075 53.555868572000065)","Unfall 156079 (2023) Kat:3, Licht: 0","156079","3","3","5","06","15","4","","0","1","1","0","0"
"POINT (9.979892798000037 53.554086709000046)","Unfall 156080 (2023) Kat:3, Licht: 0","156080","3","4","6","06","08","4","","0","1","0","1","0"
"POINT (9.978941547000034 53.546973763000040)","Unfall 156081 (2023) Kat:3, Licht: 0","156081","3","7","0","06","08","4","","0","1","0","0","0"
"POINT (9.995455838000055 53.439635341000042)","Unfall 156082 (2023) Kat:3, Licht: 0","156082","3","7","0","06","20","3","","0","0","0","0","0"
"POINT (10.055867003000060 53.591446855000072)","Unfall 156083 (2023) Kat:3, Licht: 0","156083","3","3","5","07","16","2","","0","0","1","0","0"
"POINT (9.960170017000053 53.455873518000033)","Unfall 156084 (2023) Kat:3, Licht: 0","156084","3","5","1","06","07","3","","0","1","1","0","0"
"POINT (10.024226017000046 53.527952244000062)","Unfall 156085 (2023) Kat:3, Licht: 0","156085","3","3","5","06","16","3","","0","0","1","0","0"
"POINT (9.987318858000037 53.493004090000056)","Unfall 156086 (2023) Kat:3, Licht: 0","156086","3","1","0","06","06","3","","0","1","0","0","0"
"POINT (10.025883017000069 53.493712790000075)","Unfall 156087 (2023) Kat:2, Licht: 0","156087","2","1","0","06","18","3","","0","0","0","0","1"
"POINT (10.185626831000036 53.487573107000060)","Unfall 156088 (2023) Kat:3, Licht: 0","156088","3","4","6","06","16","3","","0","0","1","1","0"
"POINT (10.082670205000056 53.534867334000069)","Unfall 156089 (2023) Kat:3, Licht: 0","156089","3","2","3","06","16","3","","0","1","1","0","0"
"POINT (10.069480686000077 53.608603407000032)","Unfall 156090 (2023) Kat:3, Licht: 0","156090","3","7","3","08","07","2","","0","0","1","0","0"
"POINT (10.099875909000048 53.549758002000033)","Unfall 156091 (2023) Kat:3, Licht: 0","156091","3","6","4","06","12","3","","0","1","0","0","0"
"POINT (10.020714747000056 53.550547266000081)","Unfall 156092 (2023) Kat:3, Licht: 0","156092","3","2","3","06","10","3","","0","1","1","0","0"
"POINT (10.117574475000026 53.600009774000057)","Unfall 156093 (2023) Kat:2, Licht: 0","156093","2","5","5","06","18","3","","0","1","1","0","0"
"POINT (10.130212948000064 53.591441734000057)","Unfall 156094 (2023) Kat:3, Licht: 0","156094","3","7","3","06","19","3","","0","0","1","0","0"
"POINT (10.124800656000048 53.586354091000032)","Unfall 156095 (2023) Kat:3, Licht: 0","156095","3","6","3","06","07","3","","0","1","0","0","0"
"POINT (10.067534533000071 53.608679059000053)","Unfall 156096 (2023) Kat:3, Licht: 0","156096","3","6","2","06","17","3","","0","1","0","0","0"
"POINT (10.077385670000069 53.616635543000029)","Unfall 156097 (2023) Kat:3, Licht: 0","156097","3","3","5","06","16","3","","0","0","1","0","1"
"POINT (10.070112902000062 53.603788348000080)","Unfall 156098 (2023) Kat:3, Licht: 0","156098","3","5","5","06","18","3","","0","1","1","0","0"
"POINT (10.080323088000057 53.610873505000029)","Unfall 156099 (2023) Kat:3, Licht: 0","156099","3","4","6","06","07","3","","0","1","0","1","0"
"POINT (10.072083194000072 53.645459258000074)","Unfall 156100 (2023) Kat:2, Licht: 0","156100","2","1","9","06","15","3","","0","0","1","0","0"
"POINT (10.011919183000032 53.575687782000045)","Unfall 156101 (2023) Kat:3, Licht: 0","156101","3","1","0","06","21","3","","0","0","0","0","0"
"POINT (9.883301893000066 53.601073710000037)","Unfall 156102 (2023) Kat:2, Licht: 0","156102","2","3","5","06","17","3","","0","1","1","0","0"
"POINT (10.056715112000063 53.568714565000050)","Unfall 156103 (2023) Kat:3, Licht: 0","156103","3","5","5","08","19","3","","0","1","1","0","0"
"POINT (9.955081779000068 53.579075450000062)","Unfall 156104 (2023) Kat:3, Licht: 0","156104","3","4","6","06","16","3","","0","0","1","1","0"
"POINT (9.958307247000050 53.556920732000037)","Unfall 156105 (2023) Kat:3, Licht: 0","156105","3","3","5","06","17","3","","0","1","1","0","0"
"POINT (10.000597173000074 53.554513504000056)","Unfall 156106 (2023) Kat:3, Licht: 0","156106","3","2","6","06","12","3","","0","0","1","1","0"
"POINT (10.012807272000032 53.558576193000079)","Unfall 156107 (2023) Kat:3, Licht: 0","156107","3","7","0","06","09","3","","0","1","0","0","0"
"POINT (9.976503252000043 53.460476621000055)","Unfall 156108 (2023) Kat:3, Licht: 0","156108","3","3","5","06","13","2","","0","1","1","0","0"
"POINT (10.014857176000021 53.492017644000043)","Unfall 156109 (2023) Kat:3, Licht: 0","156109","3","6","3","06","08","2","","0","1","0","0","0"
"POINT (10.180455520000066 53.494804499000054)","Unfall 156110 (2023) Kat:3, Licht: 0","156110","3","5","5","06","14","2","","0","1","1","0","0"
"POINT (10.207061308000050 53.495030774000043)","Unfall 156111 (2023) Kat:3, Licht: 0","156111","3","2","4","06","12","2","","0","0","1","0","1"
"POINT (10.098459251000065 53.535884974000055)","Unfall 156112 (2023) Kat:3, Licht: 0","156112","3","3","5","06","16","2","","0","0","1","0","0"
"POINT (10.078709433000029 53.612051423000082)","Unfall 156113 (2023) Kat:3, Licht: 0","156113","3","7","0","06","16","2","","0","1","0","0","0"
"POINT (10.008187651000071 53.627634416000035)","Unfall 156114 (2023) Kat:3, Licht: 0","156114","3","3","5","06","19","2","","0","0","1","0","0"
"POINT (10.027766193000048 53.674922186000060)","Unfall 156115 (2023) Kat:3, Licht: 0","156115","3","1","0","06","11","2","","0","0","0","0","0"
"POINT (10.004184736000070 53.588518309000051)","Unfall 156116 (2023) Kat:3, Licht: 0","156116","3","1","0","06","18","2","","0","1","0","0","0"
"POINT (10.044945349000045 53.591437219000056)","Unfall 156117 (2023) Kat:3, Licht: 0","156117","3","7","0","06","17","2","","0","1","1","0","0"
"POINT (10.057245815000044 53.590889117000074)","Unfall 156118 (2023) Kat:3, Licht: 0","156118","3","6","2","06","10","2","","0","0","1","0","0"
"POINT (9.884948893000058 53.596389280000039)","Unfall 156119 (2023) Kat:3, Licht: 0","156119","3","2","3","06","07","2","","0","1","0","0","0"
"POINT (9.878849425000055 53.546704163000072)","Unfall 156120 (2023) Kat:3, Licht: 0","156120","3","5","1","06","07","2","","0","0","1","0","0"
"POINT (9.959842335000076 53.591385468000055)","Unfall 156121 (2023) Kat:3, Licht: 0","156121","3","6","3","06","15","2","","0","0","1","0","1"
"POINT (9.941707942000050 53.559251743000061)","Unfall 156122 (2023) Kat:3, Licht: 0","156122","3","3","5","06","18","2","","0","1","0","0","0"
"POINT (9.989043024000068 53.581369713000072)","Unfall 156123 (2023) Kat:3, Licht: 0","156123","3","2","3","06","08","2","","0","1","0","0","0"
"POINT (9.971392826000056 53.571105861000035)","Unfall 156124 (2023) Kat:3, Licht: 0","156124","3","6","2","06","06","2","","0","0","1","0","1"
"POINT (9.971836063000069 53.552914330000078)","Unfall 156125 (2023) Kat:3, Licht: 0","156125","3","2","3","06","18","2","","0","0","1","0","1"
"POINT (10.006311633000053 53.551816541000051)","Unfall 156126 (2023) Kat:3, Licht: 0","156126","3","3","5","06","09","2","","0","1","0","0","0"
"POINT (9.988346349000039 53.461047145000066)","Unfall 156127 (2023) Kat:3, Licht: 0","156127","3","1","0","06","09","2","","0","0","0","0","0"
"POINT (9.988163512000028 53.450089339000044)","Unfall 156128 (2023) Kat:3, Licht: 0","156128","3","7","1","06","19","1","","0","0","1","0","0"
"POINT (10.010898008000026 53.495869205000076)","Unfall 156129 (2023) Kat:2, Licht: 0","156129","2","1","9","06","18","1","","0","0","1","0","0"
"POINT (9.993189456000039 53.514553067000065)","Unfall 156130 (2023) Kat:3, Licht: 1","156130","3","4","6","06","21","1","","1","0","1","1","0"
"POINT (10.169319349000034 53.400293245000057)","Unfall 156131 (2023) Kat:3, Licht: 0","156131","3","4","6","06","16","1","","0","1","0","1","0"
"POINT (10.149923362000038 53.529419804000042)","Unfall 156132 (2023) Kat:3, Licht: 0","156132","3","6","6","06","17","1","","0","1","0","1","0"
"POINT (10.083532091000052 53.542629593000072)","Unfall 156133 (2023) Kat:3, Licht: 0","156133","3","1","0","06","18","1","","0","1","0","0","0"
"POINT (10.084570900000074 53.553531393000071)","Unfall 156134 (2023) Kat:3, Licht: 0","156134","3","3","5","08","14","6","","0","0","0","0","1"
"POINT (10.020724776000066 53.550534884000058)","Unfall 156135 (2023) Kat:3, Licht: 2","156135","3","2","3","06","23","1","","2","1","1","0","0"
"POINT (10.025541140000030 53.566904304000047)","Unfall 156136 (2023) Kat:3, Licht: 0","156136","3","3","5","06","16","4","","0","1","0","0","0"
"POINT (10.116255738000064 53.660867326000073)","Unfall 156137 (2023) Kat:2, Licht: 0","156137","2","1","8","06","05","1","","0","0","1","0","0"
"POINT (10.000469938000037 53.680239532000030)","Unfall 156138 (2023) Kat:3, Licht: 0","156138","3","6","2","06","16","1","","0","0","1","0","0"
"POINT (10.020626383000035 53.614226532000032)","Unfall 156139 (2023) Kat:3, Licht: 0","156139","3","1","0","06","05","1","","0","1","0","0","0"
"POINT (9.849304846000052 53.566258073000029)","Unfall 156140 (2023) Kat:3, Licht: 0","156140","3","5","1","06","12","1","","0","1","1","0","0"
"POINT (9.974445532000061 53.565518132000079)","Unfall 156141 (2023) Kat:3, Licht: 0","156141","3","6","3","06","18","1","","0","0","1","0","1"
"POINT (9.965513474000034 53.561306499000068)","Unfall 156142 (2023) Kat:3, Licht: 2","156142","3","1","0","06","01","1","","2","0","0","0","0"
"POINT (10.006451622000043 53.550175056000057)","Unfall 156143 (2023) Kat:3, Licht: 0","156143","3","1","9","06","09","1","","0","0","1","0","0"
"POINT (10.012680964000026 53.557234802000039)","Unfall 156144 (2023) Kat:3, Licht: 0","156144","3","1","0","06","13","1","","0","0","0","0","1"
"POINT (9.890013368000041 53.477937097000051)","Unfall 156145 (2023) Kat:3, Licht: 0","156145","3","5","5","06","20","7","","0","0","1","0","0"
"POINT (10.012028588000021 53.609058867000044)","Unfall 156146 (2023) Kat:3, Licht: 0","156146","3","1","0","08","13","4","","0","1","0","0","0"
"POINT (10.112077140000054 53.558541868000077)","Unfall 156147 (2023) Kat:3, Licht: 0","156147","3","1","0","06","15","7","","0","0","0","0","1"
"POINT (10.104642726000066 53.544675225000049)","Unfall 156148 (2023) Kat:2, Licht: 2","156148","2","7","0","06","22","7","","2","0","0","0","0"
"POINT (10.168316185000037 53.593856184000060)","Unfall 156149 (2023) Kat:3, Licht: 2","156149","3","1","8","06","23","7","","2","0","1","0","0"
"POINT (10.150928185000055 53.600540633000037)","Unfall 156150 (2023) Kat:3, Licht: 0","156150","3","6","2","06","10","7","","0","1","0","0","0"
"POINT (10.185865465000063 53.607544140000073)","Unfall 156151 (2023) Kat:3, Licht: 0","156151","3","2","4","06","10","7","","0","0","1","0","0"
"POINT (10.121261653000033 53.571004506000065)","Unfall 156152 (2023) Kat:3, Licht: 0","156152","3","7","0","06","10","7","","0","1","0","0","0"
"POINT (10.090341612000032 53.662609839000027)","Unfall 156153 (2023) Kat:3, Licht: 0","156153","3","7","6","06","10","7","","0","1","0","0","0"
"POINT (10.033154192000040 53.588285680000070)","Unfall 156154 (2023) Kat:3, Licht: 2","156154","3","6","2","06","23","7","","2","0","1","0","0"