WKT,Name,OBJECTID,UKATEGORIE,UTYP1,UART,UMONAT,USTUNDE,UWOCHENTAG,STRZUSTAND,ULICHTVERH,ISTRAD,ISTPKW,ISTFUSS,ISTKRAD
"POINT (9.905683979000059 53.607577351000032)","Unfall 156155 (2023) Kat:3, Licht: 0","156155","3","6","3","06","11","7","","0","0","0","0","1"
"POINT (9.857540990000075 53.582113849000052)","Unfall 156156 (2023) Kat:3, Licht: 0","156156","3","3","5","06","18","7","","0","1","1","0","0"
"POINT (9.852250059000028 53.584383168000045)","Unfall 156157 (2023) Kat:3, Licht: 0","156157","3","4","6","06","12","7","","0","0","1","1","0"
"POINT (9.933476759000030 53.552301531000069)","Unfall 156158 (2023) Kat:3, Licht: 0","156158","3","7","0","06","11","7","","0","0","0","0","0"
"POINT (9.962620029000050 53.561223327000050)","Unfall 156159 (2023) Kat:3, Licht: 0","156159","3","5","1","06","12","7","","0","0","1","0","0"
"POINT (9.997340948000044 53.553388683000037)","Unfall 156160 (2023) Kat:3, Licht: 0","156160","3","6","3","06","20","7","","0","1","0","0","0"
"POINT (9.859647759000040 53.476821889000064)","Unfall 156161 (2023) Kat:3, Licht: 0","156161","3","3","5","07","16","2","","0","1","1","0","0"
"POINT (9.950966107000056 53.474393183000075)","Unfall 156162 (2023) Kat:3, Licht: 0","156162","3","1","0","06","21","7","","0","1","0","0","0"
"POINT (9.868353400000046 53.535150201000079)","Unfall 156163 (2023) Kat:3, Licht: 0","156163","3","6","6","06","08","6","","0","0","0","1","0"
"POINT (9.855310647000067 53.472700883000073)","Unfall 156164 (2023) Kat:3, Licht: 0","156164","3","2","2","06","18","6","","0","0","1","0","1"
"POINT (9.916922301000056 53.635844867000060)","Unfall 156165 (2023) Kat:3, Licht: 0","156165","3","5","5","06","09","6","","0","1","1","0","0"
"POINT (10.183703639000043 53.482557607000047)","Unfall 156166 (2023) Kat:3, Licht: 0","156166","3","5","1","06","17","6","","0","0","1","0","0"
"POINT (10.206964095000046 53.484848345000046)","Unfall 156167 (2023) Kat:3, Licht: 0","156167","3","6","2","06","16","6","","0","0","1","0","0"
"POINT (10.209098646000029 53.503895393000050)","Unfall 156168 (2023) Kat:3, Licht: 0","156168","3","2","3","06","08","6","","0","1","1","0","0"
"POINT (10.086663326000064 53.554856548000032)","Unfall 156169 (2023) Kat:3, Licht: 0","156169","3","7","0","06","17","6","","0","1","0","0","0"
"POINT (10.043251452000050 53.548299266000072)","Unfall 156170 (2023) Kat:3, Licht: 0","156170","3","6","2","06","13","6","","0","0","1","0","0"
"POINT (10.039491038000051 53.541024782000079)","Unfall 156171 (2023) Kat:3, Licht: 0","156171","3","2","6","06","12","6","","0","0","0","1","0"
"POINT (10.163805331000049 53.621036240000080)","Unfall 156172 (2023) Kat:3, Licht: 0","156172","3","3","5","06","07","6","","0","0","1","0","0"
"POINT (10.140466785000058 53.604087929000059)","Unfall 156173 (2023) Kat:3, Licht: 0","156173","3","5","3","06","13","6","","0","0","0","0","0"
"POINT (10.137681728000075 53.570814725000048)","Unfall 156174 (2023) Kat:3, Licht: 0","156174","3","4","6","06","14","6","","0","0","1","1","0"
"POINT (10.083500228000048 53.640520161000040)","Unfall 156175 (2023) Kat:3, Licht: 0","156175","3","6","3","06","16","6","","0","1","0","0","0"
"POINT (10.085118673000068 53.658485746000053)","Unfall 156176 (2023) Kat:3, Licht: 0","156176","3","1","0","06","09","6","","0","1","0","0","0"
"POINT (10.015073272000052 53.617804933000059)","Unfall 156177 (2023) Kat:3, Licht: 0","156177","3","6","2","06","15","6","","0","0","0","0","0"
"POINT (10.024583954000036 53.600440391000063)","Unfall 156178 (2023) Kat:3, Licht: 0","156178","3","6","2","06","08","6","","0","0","1","0","0"
"POINT (9.904870453000058 53.608835056000032)","Unfall 156179 (2023) Kat:3, Licht: 0","156179","3","3","5","06","13","6","","0","1","1","0","0"
"POINT (9.864477106000038 53.547751302000052)","Unfall 156180 (2023) Kat:2, Licht: 0","156180","2","1","0","06","15","6","","0","1","0","0","0"
"POINT (9.895373229000029 53.557353665000051)","Unfall 156181 (2023) Kat:3, Licht: 0","156181","3","2","4","06","19","6","","0","0","1","0","0"
"POINT (9.902065462000053 53.569265508000058)","Unfall 156182 (2023) Kat:3, Licht: 0","156182","3","7","0","06","12","6","","0","0","0","0","1"
"POINT (9.969444194000062 53.576639053000065)","Unfall 156183 (2023) Kat:3, Licht: 0","156183","3","3","5","06","14","6","","0","1","1","0","0"
"POINT (9.944138280000061 53.579750343000057)","Unfall 156184 (2023) Kat:3, Licht: 0","156184","3","1","1","06","07","6","","0","0","1","0","0"
"POINT (9.981520123000053 53.587951561000068)","Unfall 156185 (2023) Kat:2, Licht: 0","156185","2","7","0","06","11","6","","0","0","0","0","0"
"POINT (9.917741872000022 53.549515196000073)","Unfall 156186 (2023) Kat:3, Licht: 0","156186","3","6","2","06","15","6","","0","0","1","0","0"
"POINT (9.956224839000072 53.551913432000049)","Unfall 156187 (2023) Kat:3, Licht: 0","156187","3","7","0","06","07","6","","0","1","0","0","0"
"POINT (10.054607695000072 53.592027601000041)","Unfall 156188 (2023) Kat:3, Licht: 0","156188","3","6","3","07","18","7","","0","0","1","0","0"
"POINT (9.978761357000053 53.555027417000076)","Unfall 156189 (2023) Kat:3, Licht: 0","156189","3","7","3","06","17","6","","0","0","1","0","1"
"POINT (10.008930624000072 53.550645735000046)","Unfall 156190 (2023) Kat:3, Licht: 0","156190","3","4","6","06","16","6","","0","1","0","1","0"
"POINT (9.857424899000023 53.476684424000041)","Unfall 156191 (2023) Kat:3, Licht: 0","156191","3","1","0","06","14","5","","0","1","0","0","0"
"POINT (9.854472704000045 53.468674246000035)","Unfall 156192 (2023) Kat:3, Licht: 0","156192","3","7","6","06","15","5","","0","1","0","1","0"
"POINT (9.996788619000029 53.442819862000079)","Unfall 156193 (2023) Kat:3, Licht: 0","156193","3","2","6","06","08","5","","0","0","1","1","0"
"POINT (10.000985125000057 53.515616313000066)","Unfall 156194 (2023) Kat:3, Licht: 0","156194","3","3","5","06","15","5","","0","1","0","0","1"
"POINT (10.208226420000074 53.492145420000043)","Unfall 156195 (2023) Kat:3, Licht: 0","156195","3","2","4","06","20","5","","0","0","1","0","0"
"POINT (10.088738356000022 53.522376015000077)","Unfall 156196 (2023) Kat:3, Licht: 0","156196","3","2","3","06","16","5","","0","0","1","0","0"
"POINT (10.038462487000061 53.534679539000081)","Unfall 156197 (2023) Kat:3, Licht: 0","156197","3","4","6","06","05","5","","0","1","0","1","0"
"POINT (10.149811459000034 53.613097017000030)","Unfall 156198 (2023) Kat:3, Licht: 0","156198","3","2","6","06","15","5","","0","0","1","1","0"
"POINT (10.111456196000063 53.606813426000031)","Unfall 156199 (2023) Kat:3, Licht: 2","156199","3","6","4","06","22","5","","2","0","1","0","0"
"POINT (10.052672038000026 53.610908030000076)","Unfall 156200 (2023) Kat:3, Licht: 0","156200","3","7","0","06","15","5","","0","1","0","0","0"
"POINT (10.024468759000058 53.565442178000069)","Unfall 156201 (2023) Kat:3, Licht: 0","156201","3","3","5","07","07","2","","0","0","1","0","1"
"POINT (10.102288026000053 53.685638672000039)","Unfall 156202 (2023) Kat:3, Licht: 0","156202","3","3","5","06","09","5","","0","0","1","0","0"
"POINT (10.106008983000038 53.653490310000052)","Unfall 156203 (2023) Kat:3, Licht: 0","156203","3","6","2","06","09","5","","0","0","1","0","0"
"POINT (9.997463870000047 53.556835523000075)","Unfall 156204 (2023) Kat:3, Licht: 0","156204","3","6","2","08","17","1","","0","0","1","0","0"
"POINT (10.032548068000040 53.525180176000049)","Unfall 156205 (2023) Kat:2, Licht: 0","156205","2","1","0","06","10","1","","0","1","0","0","0"
"POINT (10.117395339000041 53.649433002000080)","Unfall 156206 (2023) Kat:3, Licht: 0","156206","3","6","2","06","05","5","","0","0","1","0","0"
"POINT (10.109284619000050 53.656249774000059)","Unfall 156207 (2023) Kat:3, Licht: 0","156207","3","7","0","06","18","5","","0","1","0","0","0"
"POINT (10.017470771000035 53.564174108000032)","Unfall 156208 (2023) Kat:3, Licht: 0","156208","3","6","0","06","07","5","","0","0","0","0","0"
"POINT (9.933355962000064 53.579016418000037)","Unfall 156209 (2023) Kat:3, Licht: 0","156209","3","3","5","06","07","5","","0","0","1","0","0"
"POINT (9.880812982000066 53.593213899000034)","Unfall 156210 (2023) Kat:3, Licht: 0","156210","3","1","0","06","16","5","","0","1","0","0","0"
"POINT (10.034826810000027 53.596965227000055)","Unfall 156211 (2023) Kat:3, Licht: 1","156211","3","6","2","08","21","6","","1","0","1","0","0"
"POINT (9.968216206000022 53.602820717000043)","Unfall 156212 (2023) Kat:3, Licht: 0","156212","3","3","5","06","15","5","","0","0","1","0","0"
"POINT (9.943448657000033 53.576301016000059)","Unfall 156213 (2023) Kat:3, Licht: 0","156213","3","7","0","06","08","5","","0","1","0","0","0"
"POINT (9.951604008000061 53.581205699000066)","Unfall 156214 (2023) Kat:3, Licht: 0","156214","3","3","0","06","14","5","","0","1","1","0","0"
"POINT (9.994224105000058 53.558529517000068)","Unfall 156215 (2023) Kat:3, Licht: 0","156215","3","3","5","06","19","5","","0","1","1","0","0"
"POINT (9.988852673000054 53.582109110000033)","Unfall 156216 (2023) Kat:3, Licht: 0","156216","3","7","0","06","15","5","","0","0","1","0","1"
"POINT (9.964870198000028 53.562851457000079)","Unfall 156217 (2023) Kat:3, Licht: 0","156217","3","4","6","06","06","5","","0","1","0","1","0"
"POINT (10.004151945000046 53.546683751000046)","Unfall 156218 (2023) Kat:2, Licht: 0","156218","2","4","6","06","08","5","","0","1","0","1","0"
"POINT (10.015875029000028 53.552803250000068)","Unfall 156219 (2023) Kat:3, Licht: 0","156219","3","3","5","06","17","5","","0","1","0","0","0"
"POINT (10.011874437000074 53.522825135000062)","Unfall 156220 (2023) Kat:3, Licht: 0","156220","3","3","5","06","14","5","","0","1","1","0","0"
"POINT (10.018644454000025 53.529264623000074)","Unfall 156221 (2023) Kat:3, Licht: 0","156221","3","6","2","06","11","5","","0","0","1","0","0"
"POINT (9.845451400000059 53.470318436000071)","Unfall 156222 (2023) Kat:3, Licht: 0","156222","3","2","4","06","20","4","","0","0","1","0","0"
"POINT (10.085768994000034 53.519607677000067)","Unfall 156223 (2023) Kat:3, Licht: 0","156223","3","6","4","07","17","5","","0","1","0","0","0"
"POINT (9.978353364000043 53.460884082000064)","Unfall 156224 (2023) Kat:3, Licht: 0","156224","3","3","5","06","15","4","","0","0","0","0","0"
"POINT (10.000936511000077 53.515538141000036)","Unfall 156225 (2023) Kat:3, Licht: 0","156225","3","7","0","06","16","4","","0","1","1","0","0"
"POINT (10.000993484000048 53.515578858000026)","Unfall 156226 (2023) Kat:3, Licht: 0","156226","3","7","0","06","16","4","","0","1","1","0","0"
"POINT (10.192323511000041 53.489310818000035)","Unfall 156227 (2023) Kat:3, Licht: 0","156227","3","5","1","06","19","4","","0","1","1","0","0"
"POINT (10.206800548000047 53.489146007000045)","Unfall 156228 (2023) Kat:3, Licht: 0","156228","3","7","0","06","19","4","","0","0","0","0","0"
"POINT (10.209816214000057 53.511608185000057)","Unfall 156229 (2023) Kat:3, Licht: 0","156229","3","5","3","06","16","4","","0","1","1","0","0"
"POINT (10.191742290000036 53.477522608000072)","Unfall 156230 (2023) Kat:3, Licht: 0","156230","3","3","5","06","10","4","","0","1","0","0","0"
"POINT (10.069551573000069 53.553460648000055)","Unfall 156231 (2023) Kat:3, Licht: 0","156231","3","5","1","06","17","4","","0","0","1","0","0"
"POINT (9.869485167000050 53.481895342000030)","Unfall 156232 (2023) Kat:3, Licht: 0","156232","3","5","1","07","16","1","","0","0","1","0","0"
"POINT (10.067377906000047 53.553199560000053)","Unfall 156233 (2023) Kat:3, Licht: 0","156233","3","6","3","06","20","4","","0","0","1","0","1"
"POINT (10.160063149000052 53.612845944000071)","Unfall 156234 (2023) Kat:3, Licht: 0","156234","3","2","4","06","07","4","","0","1","1","0","0"
"POINT (10.152553503000036 53.587062154000080)","Unfall 156235 (2023) Kat:3, Licht: 0","156235","3","3","5","06","15","4","","0","1","1","0","0"
"POINT (10.132040644000028 53.628244588000030)","Unfall 156236 (2023) Kat:3, Licht: 0","156236","3","7","0","06","07","4","","0","1","0","0","0"
"POINT (10.038246309000044 53.609085807000042)","Unfall 156237 (2023) Kat:3, Licht: 0","156237","3","4","6","06","07","4","","0","0","0","1","1"
"POINT (10.034742576000042 53.616773512000066)","Unfall 156238 (2023) Kat:3, Licht: 0","156238","3","7","0","06","20","4","","0","0","0","0","0"
"POINT (10.156881903000055 53.660066721000078)","Unfall 156239 (2023) Kat:3, Licht: 0","156239","3","6","2","06","18","4","","0","0","1","0","1"
"POINT (10.094159686000069 53.656336839000062)","Unfall 156240 (2023) Kat:3, Licht: 0","156240","3","7","0","06","09","4","","0","1","0","1","0"
"POINT (10.160869308000031 53.664280686000041)","Unfall 156241 (2023) Kat:3, Licht: 0","156241","3","6","2","06","14","4","","0","1","0","0","0"
"POINT (10.097440495000058 53.641856412000038)","Unfall 156242 (2023) Kat:3, Licht: 0","156242","3","6","2","06","14","4","","0","0","1","0","1"
"POINT (10.095039709000048 53.679979698000068)","Unfall 156243 (2023) Kat:3, Licht: 1","156243","3","6","2","06","21","4","","1","0","1","0","1"
"POINT (10.014519121000035 53.630935527000076)","Unfall 156244 (2023) Kat:3, Licht: 0","156244","3","7","0","06","07","4","","0","1","1","0","0"
"POINT (10.019468107000023 53.580352750000031)","Unfall 156245 (2023) Kat:3, Licht: 0","156245","3","4","6","06","18","4","","0","1","0","1","0"
"POINT (10.053825474000064 53.589943465000033)","Unfall 156246 (2023) Kat:3, Licht: 0","156246","3","4","6","06","15","4","","0","1","0","1","0"
"POINT (9.812219881000033 53.562787688000071)","Unfall 156247 (2023) Kat:3, Licht: 0","156247","3","7","1","06","13","4","","0","1","1","0","0"
"POINT (9.907141053000032 53.563732784000081)","Unfall 156248 (2023) Kat:3, Licht: 0","156248","3","1","0","06","10","4","","0","1","0","0","0"
"POINT (9.888262271000031 53.576932554000052)","Unfall 156249 (2023) Kat:2, Licht: 0","156249","2","2","4","06","09","4","","0","1","0","0","0"
"POINT (9.883491120000031 53.572235008000064)","Unfall 156250 (2023) Kat:3, Licht: 0","156250","3","6","3","06","12","4","","0","1","0","0","0"
"POINT (9.928213332000041 53.554108078000070)","Unfall 156251 (2023) Kat:3, Licht: 0","156251","3","3","5","06","08","4","","0","1","1","0","0"
"POINT (9.934360327000036 53.555669782000052)","Unfall 156252 (2023) Kat:3, Licht: 0","156252","3","6","2","06","12","4","","0","1","1","0","0"
"POINT (9.960019375000059 53.563808049000045)","Unfall 156253 (2023) Kat:3, Licht: 0","156253","3","7","0","06","07","4","","0","0","0","0","1"
"POINT (9.990252171000066 53.554604783000059)","Unfall 156254 (2023) Kat:3, Licht: 0","156254","3","7","7","06","12","4","","0","1","0","0","0"
"POINT (10.081476296000062 53.533152103000077)","Unfall 156255 (2023) Kat:3, Licht: 2","156255","3","6","2","07","23","7","","2","0","1","0","0"
"POINT (10.002678802000048 53.556805536000070)","Unfall 156256 (2023) Kat:3, Licht: 0","156256","3","7","5","06","08","4","","0","1","1","0","0"
"POINT (10.209285716000068 53.463866499000062)","Unfall 156257 (2023) Kat:3, Licht: 0","156257","3","5","1","06","19","3","","0","0","1","0","0"
"POINT (10.105507728000021 53.493194207000045)","Unfall 156258 (2023) Kat:3, Licht: 0","156258","3","3","0","06","05","3","","0","0","0","0","1"
"POINT (10.212002959000074 53.504050945000074)","Unfall 156259 (2023) Kat:3, Licht: 0","156259","3","3","0","06","17","3","","0","0","1","0","0"
"POINT (10.122544597000058 53.567439161000038)","Unfall 156260 (2023) Kat:3, Licht: 0","156260","3","6","2","06","16","3","","0","0","1","0","0"
"POINT (10.091794753000045 53.541367582000078)","Unfall 156261 (2023) Kat:3, Licht: 0","156261","3","6","6","06","07","3","","0","1","0","1","0"
"POINT (10.117309027000033 53.607162236000079)","Unfall 156262 (2023) Kat:3, Licht: 0","156262","3","2","3","06","14","3","","0","1","1","0","0"
"POINT (10.060696476000032 53.570541264000042)","Unfall 156263 (2023) Kat:3, Licht: 0","156263","3","3","5","06","19","3","","0","0","1","0","0"
"POINT (10.064609895000046 53.597530145000064)","Unfall 156264 (2023) Kat:2, Licht: 0","156264","2","3","3","06","18","3","","0","1","1","0","0"
"POINT (10.006258605000028 53.548278859000050)","Unfall 156265 (2023) Kat:3, Licht: 0","156265","3","1","7","06","09","6","","0","1","0","0","0"
"POINT (10.052180329000066 53.644990513000039)","Unfall 156266 (2023) Kat:3, Licht: 0","156266","3","3","5","06","15","3","","0","1","1","0","0"
"POINT (10.077053488000047 53.665041533000078)","Unfall 156267 (2023) Kat:3, Licht: 0","156267","3","6","6","06","09","3","","0","1","0","1","0"
"POINT (10.000106724000034 53.622069554000063)","Unfall 156268 (2023) Kat:3, Licht: 0","156268","3","3","5","06","12","3","","0","0","1","0","1"
"POINT (10.014742178000063 53.557918094000058)","Unfall 156269 (2023) Kat:3, Licht: 0","156269","3","1","0","06","17","7","","0","1","0","0","0"
"POINT (10.000465658000053 53.621542160000047)","Unfall 156270 (2023) Kat:3, Licht: 0","156270","3","3","5","06","18","3","","0","0","1","0","0"
"POINT (10.054071429000032 53.585094772000048)","Unfall 156271 (2023) Kat:3, Licht: 0","156271","3","5","3","06","18","3","","0","1","1","0","0"
"POINT (10.046289408000064 53.583200367000074)","Unfall 156272 (2023) Kat:2, Licht: 0","156272","2","2","3","06","18","3","","0","1","0","0","0"
"POINT (9.830062620000035 53.579627875000028)","Unfall 156273 (2023) Kat:3, Licht: 0","156273","3","6","4","06","16","3","","0","1","0","0","0"
"POINT (9.869574106000073 53.592340970000066)","Unfall 156274 (2023) Kat:3, Licht: 0","156274","3","5","5","06","19","3","","0","1","0","0","0"
"POINT (9.961654550000048 53.635424571000044)","Unfall 156275 (2023) Kat:3, Licht: 0","156275","3","2","2","06","21","3","","0","1","0","0","0"
"POINT (10.166624017000061 53.623083875000077)","Unfall 156276 (2023) Kat:3, Licht: 0","156276","3","5","5","07","12","2","","0","0","1","0","0"
"POINT (9.910872588000075 53.636415036000074)","Unfall 156277 (2023) Kat:3, Licht: 0","156277","3","3","5","06","13","3","","0","1","1","0","0"
"POINT (9.955972399000075 53.575252792000072)","Unfall 156278 (2023) Kat:2, Licht: 0","156278","2","7","0","06","16","3","","0","1","0","0","0"
"POINT (9.917660846000047 53.548556132000044)","Unfall 156279 (2023) Kat:3, Licht: 0","156279","3","2","6","06","15","3","","0","0","1","1","0"
"POINT (9.951925999000025 53.559714633000056)","Unfall 156280 (2023) Kat:3, Licht: 1","156280","3","6","3","06","23","3","","1","1","1","0","0"
"POINT (9.989330447000043 53.564296863000038)","Unfall 156281 (2023) Kat:2, Licht: 2","156281","2","7","0","06","22","3","","2","0","0","0","0"
"POINT (9.987933616000021 53.581969800000081)","Unfall 156282 (2023) Kat:3, Licht: 0","156282","3","3","5","06","09","3","","0","1","1","0","0"
"POINT (9.989193599000032 53.581960854000044)","Unfall 156283 (2023) Kat:3, Licht: 0","156283","3","3","5","06","07","3","","0","1","1","0","0"
"POINT (9.875630280000053 53.473817540000027)","Unfall 156284 (2023) Kat:3, Licht: 0","156284","3","3","5","06","14","2","","0","0","1","0","0"
"POINT (9.967445816000065 53.439156407000041)","Unfall 156285 (2023) Kat:2, Licht: 0","156285","2","1","0","06","09","2","","0","1","0","0","0"
"POINT (10.094946491000030 53.530420698000057)","Unfall 156286 (2023) Kat:2, Licht: 0","156286","2","7","0","06","08","2","","0","1","1","0","0"
"POINT (10.119834645000026 53.606427943000028)","Unfall 156287 (2023) Kat:3, Licht: 0","156287","3","2","4","06","07","2","","0","1","0","0","0"
"POINT (10.130877267000074 53.584175774000073)","Unfall 156288 (2023) Kat:3, Licht: 0","156288","3","2","5","06","16","2","","0","0","1","0","0"
"POINT (10.072325186000057 53.608447642000044)","Unfall 156289 (2023) Kat:3, Licht: 0","156289","3","6","2","06","10","2","","0","0","1","0","0"
"POINT (10.008073392000028 53.552044835000061)","Unfall 156290 (2023) Kat:3, Licht: 0","156290","3","7","6","07","11","7","","0","1","0","1","0"
"POINT (10.058159074000059 53.671337987000072)","Unfall 156291 (2023) Kat:3, Licht: 0","156291","3","7","0","06","19","2","","0","1","0","0","0"
"POINT (10.042371367000044 53.585286689000043)","Unfall 156292 (2023) Kat:3, Licht: 0","156292","3","6","2","11","13","4","","0","0","1","0","0"
"POINT (9.903491962000032 53.605225106000034)","Unfall 156293 (2023) Kat:3, Licht: 2","156293","3","4","6","11","07","4","","2","0","1","1","0"
"POINT (9.963018614000021 53.546498453000027)","Unfall 156294 (2023) Kat:3, Licht: 2","156294","3","4","6","11","17","4","","2","1","0","1","0"
"POINT (9.973645921000070 53.525633368000058)","Unfall 156295 (2023) Kat:3, Licht: 1","156295","3","6","2","11","16","4","","1","0","1","0","0"
"POINT (9.978658999000061 53.460888427000043)","Unfall 156296 (2023) Kat:3, Licht: 0","156296","3","6","3","11","16","3","","0","0","1","0","0"
"POINT (9.979763361000039 53.460775415000057)","Unfall 156297 (2023) Kat:3, Licht: 2","156297","3","6","6","11","17","3","","2","0","0","1","0"
"POINT (10.091091988000073 53.544228451000038)","Unfall 156298 (2023) Kat:3, Licht: 0","156298","3","2","4","11","12","3","","0","1","1","0","0"
"POINT (10.183522118000042 53.607063995000033)","Unfall 156299 (2023) Kat:3, Licht: 2","156299","3","6","2","11","20","3","","2","0","1","0","0"
"POINT (10.150761371000044 53.625079333000031)","Unfall 156300 (2023) Kat:3, Licht: 0","156300","3","4","6","11","13","3","","0","0","0","1","0"
"POINT (10.161399671000027 53.651702804000081)","Unfall 156301 (2023) Kat:3, Licht: 2","156301","3","2","4","11","17","3","","2","0","1","0","0"
"POINT (10.046724224000059 53.583107265000081)","Unfall 156302 (2023) Kat:3, Licht: 0","156302","3","2","3","11","08","3","","0","1","1","0","0"
"POINT (9.905361187000040 53.595997404000059)","Unfall 156303 (2023) Kat:3, Licht: 1","156303","3","4","6","11","06","3","","1","0","1","1","0"
"POINT (9.953186166000023 53.587007566000068)","Unfall 156304 (2023) Kat:3, Licht: 0","156304","3","7","0","11","13","3","","0","1","0","0","0"
"POINT (9.965253708000034 53.548135547000072)","Unfall 156305 (2023) Kat:3, Licht: 0","156305","3","4","0","11","08","3","","0","1","0","1","0"
"POINT (9.957130428000028 53.562342848000071)","Unfall 156306 (2023) Kat:3, Licht: 2","156306","3","3","5","11","17","3","","2","0","1","0","1"
"POINT (9.985245514000042 53.541601365000076)","Unfall 156307 (2023) Kat:3, Licht: 2","156307","3","7","0","11","20","3","","2","0","1","0","0"
"POINT (9.955341952000026 53.456837249000046)","Unfall 156308 (2023) Kat:3, Licht: 0","156308","3","6","2","11","07","2","","0","0","1","0","0"
"POINT (10.189806600000054 53.503264813000044)","Unfall 156309 (2023) Kat:3, Licht: 0","156309","3","1","0","11","11","2","","0","1","0","0","0"
"POINT (10.136314338000034 53.611775353000041)","Unfall 156310 (2023) Kat:3, Licht: 2","156310","3","6","2","11","21","2","","2","0","1","0","0"
"POINT (10.143480733000047 53.600211465000029)","Unfall 156311 (2023) Kat:3, Licht: 2","156311","3","2","6","11","20","2","","2","0","1","1","0"
"POINT (10.133044609000024 53.593128144000048)","Unfall 156312 (2023) Kat:2, Licht: 2","156312","2","6","4","11","01","3","","2","0","1","0","0"
"POINT (10.130048270000032 53.571039164000069)","Unfall 156313 (2023) Kat:3, Licht: 2","156313","3","3","5","11","16","2","","2","0","0","0","1"
"POINT (10.080365418000042 53.579657677000057)","Unfall 156314 (2023) Kat:3, Licht: 0","156314","3","3","5","11","08","2","","0","1","0","0","0"
"POINT (10.044173351000040 53.604635342000051)","Unfall 156315 (2023) Kat:3, Licht: 0","156315","3","6","0","11","09","2","","0","1","1","0","0"
"POINT (10.089493761000028 53.639410390000080)","Unfall 156316 (2023) Kat:3, Licht: 0","156316","3","5","5","11","12","2","","0","0","1","0","0"
"POINT (10.013605035000069 53.501185451000026)","Unfall 156317 (2023) Kat:3, Licht: 0","156317","3","6","6","11","15","3","","0","0","0","1","0"
"POINT (10.042074375000027 53.584665559000030)","Unfall 156318 (2023) Kat:3, Licht: 2","156318","3","2","6","11","16","2","","2","0","1","1","0"
"POINT (9.896933282000077 53.609103141000048)","Unfall 156319 (2023) Kat:3, Licht: 1","156319","3","2","3","11","07","2","","1","0","1","0","0"
"POINT (9.820272606000060 53.562350620000075)","Unfall 156320 (2023) Kat:3, Licht: 0","156320","3","7","1","11","15","2","","0","1","1","0","0"
"POINT (9.752995789000067 53.587964292000038)","Unfall 156321 (2023) Kat:3, Licht: 0","156321","3","3","5","11","09","2","","0","0","1","0","0"
"POINT (9.860939070000029 53.597870129000057)","Unfall 156322 (2023) Kat:3, Licht: 2","156322","3","3","5","11","16","2","","2","0","1","0","0"
"POINT (9.870942759000059 53.588177736000034)","Unfall 156323 (2023) Kat:3, Licht: 2","156323","3","3","5","11","16","2","","2","0","1","0","0"
"POINT (9.887316060000046 53.558828963000053)","Unfall 156324 (2023) Kat:3, Licht: 0","156324","3","6","2","11","10","2","","0","0","1","0","0"
"POINT (9.951905832000023 53.601258866000080)","Unfall 156325 (2023) Kat:3, Licht: 2","156325","3","2","6","11","19","2","","2","0","0","1","0"
"POINT (9.948101338000072 53.577229523000028)","Unfall 156326 (2023) Kat:3, Licht: 1","156326","3","5","1","11","16","2","","1","1","1","0","0"
"POINT (9.951269509000042 53.575249663000079)","Unfall 156327 (2023) Kat:3, Licht: 0","156327","3","1","0","11","08","2","","0","1","0","0","0"
"POINT (9.979206790000035 53.579564787000038)","Unfall 156328 (2023) Kat:3, Licht: 2","156328","3","5","1","11","20","2","","2","1","1","0","0"
"POINT (10.004778450000060 53.553425647000040)","Unfall 156329 (2023) Kat:3, Licht: 2","156329","3","7","6","11","19","2","","2","1","0","1","0"
"POINT (9.995288201000051 53.551033873000051)","Unfall 156330 (2023) Kat:3, Licht: 2","156330","3","4","6","11","17","2","","2","0","1","1","0"
"POINT (9.856183418000057 53.473338775000059)","Unfall 156331 (2023) Kat:3, Licht: 2","156331","3","2","6","11","17","1","","2","0","1","1","0"
"POINT (10.189701141000057 53.492725152000048)","Unfall 156332 (2023) Kat:3, Licht: 2","156332","3","7","9","11","00","1","","2","0","1","0","0"
"POINT (10.145619147000048 53.544427204000044)","Unfall 156333 (2023) Kat:3, Licht: 2","156333","3","3","5","11","17","1","","2","0","1","0","0"
"POINT (10.165210629000057 53.632515398000066)","Unfall 156334 (2023) Kat:3, Licht: 0","156334","3","3","5","11","10","1","","0","1","1","0","0"
"POINT (10.057172414000036 53.580147191000037)","Unfall 156335 (2023) Kat:2, Licht: 0","156335","2","2","4","11","11","1","","0","0","1","0","0"
"POINT (10.057120838000060 53.608632276000037)","Unfall 156336 (2023) Kat:3, Licht: 2","156336","3","2","3","11","17","1","","2","0","0","0","0"
"POINT (10.006356228000072 53.586113954000041)","Unfall 156337 (2023) Kat:3, Licht: 0","156337","3","7","0","11","15","1","","0","0","0","0","1"
"POINT (10.053479770000024 53.592614767000043)","Unfall 156338 (2023) Kat:3, Licht: 0","156338","3","3","5","11","10","1","","0","0","1","0","0"
"POINT (9.941951912000036 53.555273011000054)","Unfall 156339 (2023) Kat:3, Licht: 0","156339","3","3","5","11","10","1","","0","0","1","0","0"
"POINT (9.993833577000032 53.583167348000075)","Unfall 156340 (2023) Kat:3, Licht: 0","156340","3","3","5","11","13","1","","0","1","1","0","0"