WKT,Name,OBJECTID,UKATEGORIE,UTYP1,UART,UMONAT,USTUNDE,UWOCHENTAG,STRZUSTAND,ULICHTVERH,ISTRAD,ISTPKW,ISTFUSS,ISTKRAD
"POINT (9.992205908000074 53.555988988000081)","Unfall 156341 (2023) Kat:3, Licht: 0","156341","3","7","6","11","15","1","","0","0","1","1","0"
"POINT (9.939763150000033 53.456824056000073)","Unfall 156342 (2023) Kat:3, Licht: 0","156342","3","5","1","11","11","7","","0","0","1","0","0"
"POINT (10.205669083000032 53.475808085000040)","Unfall 156343 (2023) Kat:2, Licht: 0","156343","2","3","5","11","14","7","","0","0","1","0","0"
"POINT (10.106300370000042 53.568535789000066)","Unfall 156344 (2023) Kat:3, Licht: 2","156344","3","5","3","11","22","7","","2","0","1","0","0"
"POINT (10.150464682000063 53.628343620000066)","Unfall 156345 (2023) Kat:3, Licht: 2","156345","3","4","6","11","18","7","","2","0","1","1","0"
"POINT (10.178085234000037 53.634776060000036)","Unfall 156346 (2023) Kat:3, Licht: 2","156346","3","2","6","11","20","7","","2","0","1","1","0"
"POINT (10.146304422000071 53.603464097000028)","Unfall 156347 (2023) Kat:3, Licht: 0","156347","3","2","3","11","11","7","","0","1","1","0","0"
"POINT (10.090088491000074 53.665560182000036)","Unfall 156348 (2023) Kat:3, Licht: 0","156348","3","7","6","11","11","7","","0","0","1","1","0"
"POINT (10.025103149000074 53.561874853000063)","Unfall 156349 (2023) Kat:3, Licht: 2","156349","3","6","2","11","18","7","","2","0","1","0","0"
"POINT (9.936664616000030 53.582245347000082)","Unfall 156350 (2023) Kat:3, Licht: 0","156350","3","4","6","11","12","7","","0","0","1","1","0"
"POINT (9.863881176000064 53.569989969000062)","Unfall 156351 (2023) Kat:3, Licht: 2","156351","3","5","1","11","17","7","","2","0","1","0","1"
"POINT (9.980412553000065 53.572862389000079)","Unfall 156352 (2023) Kat:3, Licht: 0","156352","3","7","0","11","15","7","","0","0","1","0","0"
"POINT (10.010270391000063 53.550959955000053)","Unfall 156353 (2023) Kat:1, Licht: 0","156353","1","2","3","11","11","7","","0","1","0","0","0"
"POINT (10.079139265000038 53.556534492000026)","Unfall 156354 (2023) Kat:3, Licht: 0","156354","3","5","1","11","13","6","","0","0","1","0","0"
"POINT (10.039682246000041 53.605547778000073)","Unfall 156355 (2023) Kat:3, Licht: 2","156355","3","6","2","11","00","6","","2","0","1","0","0"
"POINT (10.044400042000063 53.591577497000060)","Unfall 156356 (2023) Kat:3, Licht: 2","156356","3","3","5","11","17","6","","2","0","0","0","0"
"POINT (9.802471095000044 53.590481796000063)","Unfall 156357 (2023) Kat:3, Licht: 0","156357","3","7","0","11","15","6","","0","1","0","0","0"
"POINT (9.864182504000041 53.547955727000044)","Unfall 156358 (2023) Kat:3, Licht: 0","156358","3","2","3","11","09","6","","0","1","1","0","0"
"POINT (9.849430783000059 53.581377082000074)","Unfall 156359 (2023) Kat:3, Licht: 2","156359","3","1","8","11","01","6","","2","0","1","0","0"
"POINT (10.203774206000048 53.471665615000063)","Unfall 156360 (2023) Kat:2, Licht: 2","156360","2","4","6","11","18","5","","2","0","1","1","0"
"POINT (10.020704492000050 53.550559929000030)","Unfall 156361 (2023) Kat:3, Licht: 0","156361","3","7","0","11","13","5","","0","0","0","0","0"
"POINT (10.098494209000023 53.579363690000037)","Unfall 156362 (2023) Kat:3, Licht: 2","156362","3","4","6","11","18","5","","2","0","0","1","0"
"POINT (10.060224728000037 53.597251297000071)","Unfall 156363 (2023) Kat:3, Licht: 0","156363","3","2","6","11","15","5","","0","0","0","1","0"
"POINT (10.089205169000024 53.607422702000065)","Unfall 156364 (2023) Kat:3, Licht: 0","156364","3","7","0","11","09","5","","0","1","0","0","0"
"POINT (10.025541140000030 53.566904304000047)","Unfall 156365 (2023) Kat:3, Licht: 0","156365","3","2","3","11","15","5","","0","1","0","0","0"
"POINT (9.933657557000060 53.592710355000065)","Unfall 156366 (2023) Kat:3, Licht: 2","156366","3","2","4","11","19","5","","2","1","1","0","0"
"POINT (9.850509506000037 53.552394651000043)","Unfall 156367 (2023) Kat:3, Licht: 0","156367","3","7","0","11","11","5","","0","1","0","0","0"
"POINT (9.912607595000054 53.554131213000062)","Unfall 156368 (2023) Kat:3, Licht: 0","156368","3","2","4","11","14","5","","0","1","1","0","0"
"POINT (9.951434773000074 53.623127077000049)","Unfall 156369 (2023) Kat:3, Licht: 0","156369","3","5","6","11","10","5","","0","0","1","1","0"
"POINT (9.966178036000031 53.551040813000043)","Unfall 156370 (2023) Kat:3, Licht: 0","156370","3","2","4","11","13","5","","0","1","1","0","0"
"POINT (9.962181685000076 53.549455163000061)","Unfall 156371 (2023) Kat:3, Licht: 0","156371","3","4","6","11","10","5","","0","1","0","1","0"
"POINT (10.023423373000071 53.535158997000053)","Unfall 156372 (2023) Kat:3, Licht: 0","156372","3","7","0","11","11","5","","0","0","0","0","0"
"POINT (9.995939861000068 53.550628727000060)","Unfall 156373 (2023) Kat:3, Licht: 2","156373","3","1","0","11","02","5","","2","1","0","0","0"
"POINT (10.218258633000062 53.487396028000035)","Unfall 156374 (2023) Kat:3, Licht: 2","156374","3","7","0","11","18","4","","2","1","0","0","0"
"POINT (10.119472339000026 53.562604322000027)","Unfall 156375 (2023) Kat:3, Licht: 0","156375","3","3","5","11","08","4","","0","0","1","0","0"
"POINT (10.083220241000049 53.544982516000061)","Unfall 156376 (2023) Kat:3, Licht: 0","156376","3","7","0","11","11","4","","0","0","1","0","0"
"POINT (10.064126554000040 53.534455554000033)","Unfall 156377 (2023) Kat:3, Licht: 0","156377","3","5","5","11","15","4","","0","0","1","0","0"
"POINT (10.163823897000043 53.621023149000052)","Unfall 156378 (2023) Kat:3, Licht: 2","156378","3","3","5","11","18","4","","2","1","1","0","0"
"POINT (10.179207303000055 53.603513743000065)","Unfall 156379 (2023) Kat:3, Licht: 0","156379","3","4","6","11","15","4","","0","0","1","1","0"
"POINT (10.088174313000025 53.634720260000051)","Unfall 156380 (2023) Kat:3, Licht: 0","156380","3","5","1","11","14","4","","0","1","1","0","0"
"POINT (10.000520489000053 53.679074919000072)","Unfall 156381 (2023) Kat:3, Licht: 1","156381","3","2","6","11","17","4","","1","0","1","1","0"
"POINT (9.996832221000034 53.598766406000038)","Unfall 156382 (2023) Kat:3, Licht: 0","156382","3","6","4","11","12","4","","0","0","1","0","1"
"POINT (10.041471093000041 53.587199871000053)","Unfall 156383 (2023) Kat:3, Licht: 2","156383","3","2","4","11","19","4","","2","0","1","0","0"
"POINT (9.919741728000076 53.598307112000043)","Unfall 156384 (2023) Kat:3, Licht: 2","156384","3","2","6","11","06","4","","2","0","1","1","0"
"POINT (9.889392064000049 53.557409254000049)","Unfall 156385 (2023) Kat:3, Licht: 2","156385","3","2","4","11","19","4","","2","1","1","0","0"
"POINT (9.869247311000038 53.562742680000042)","Unfall 156386 (2023) Kat:3, Licht: 1","156386","3","7","0","11","07","4","","1","1","0","0","0"
"POINT (9.943368010000029 53.581068063000032)","Unfall 156387 (2023) Kat:3, Licht: 2","156387","3","7","0","11","19","4","","2","1","0","0","0"
"POINT (9.984002326000052 53.586849140000027)","Unfall 156388 (2023) Kat:3, Licht: 0","156388","3","7","6","11","15","4","","0","0","1","1","0"
"POINT (9.934964400000069 53.547712594000075)","Unfall 156389 (2023) Kat:3, Licht: 2","156389","3","6","3","11","18","4","","2","0","0","0","1"
"POINT (9.930157290000068 53.550979162000033)","Unfall 156390 (2023) Kat:3, Licht: 2","156390","3","7","0","11","05","4","","2","1","0","0","0"
"POINT (9.971952274000046 53.570705885000052)","Unfall 156391 (2023) Kat:3, Licht: 2","156391","3","7","0","11","16","4","","2","1","0","0","0"
"POINT (9.954794580000055 53.548507603000076)","Unfall 156392 (2023) Kat:3, Licht: 2","156392","3","7","0","11","20","4","","2","0","0","0","1"
"POINT (9.953428603000077 53.546106833000067)","Unfall 156393 (2023) Kat:3, Licht: 0","156393","3","7","0","11","10","4","","0","1","0","0","0"
"POINT (9.988340679000032 53.556907583000054)","Unfall 156394 (2023) Kat:3, Licht: 0","156394","3","6","3","11","13","4","","0","0","1","0","0"
"POINT (9.854390881000029 53.470729431000052)","Unfall 156395 (2023) Kat:3, Licht: 0","156395","3","3","5","11","11","3","","0","0","1","0","0"
"POINT (10.084737775000065 53.550609504000079)","Unfall 156396 (2023) Kat:3, Licht: 2","156396","3","3","6","11","06","3","","2","0","1","1","0"
"POINT (10.098738606000040 53.535972556000047)","Unfall 156397 (2023) Kat:3, Licht: 0","156397","3","2","6","11","06","3","","0","0","0","1","0"
"POINT (10.036715237000067 53.552421747000039)","Unfall 156398 (2023) Kat:3, Licht: 2","156398","3","6","2","11","18","3","","2","0","1","0","0"
"POINT (10.148711961000060 53.595411649000027)","Unfall 156399 (2023) Kat:3, Licht: 2","156399","3","1","1","11","16","3","","2","0","1","0","0"
"POINT (10.113616174000072 53.624825476000069)","Unfall 156400 (2023) Kat:2, Licht: 2","156400","2","7","3","11","05","3","","2","1","1","0","0"
"POINT (10.105517281000061 53.570529459000056)","Unfall 156401 (2023) Kat:3, Licht: 0","156401","3","3","5","11","15","3","","0","0","1","0","0"
"POINT (10.137702512000033 53.608132405000049)","Unfall 156402 (2023) Kat:3, Licht: 2","156402","3","3","5","11","17","3","","2","0","1","0","0"
"POINT (10.069582714000035 53.579698737000058)","Unfall 156403 (2023) Kat:3, Licht: 1","156403","3","6","2","11","16","3","","1","0","1","0","0"
"POINT (10.099588977000053 53.587633863000065)","Unfall 156404 (2023) Kat:2, Licht: 0","156404","2","2","4","11","08","3","","0","0","1","0","1"
"POINT (10.055416029000071 53.582728109000072)","Unfall 156405 (2023) Kat:3, Licht: 2","156405","3","1","8","11","02","3","","2","0","1","0","0"
"POINT (10.067068496000047 53.639873837000039)","Unfall 156406 (2023) Kat:3, Licht: 0","156406","3","2","4","11","11","3","","0","0","1","0","0"
"POINT (10.103275079000070 53.648803975000078)","Unfall 156407 (2023) Kat:3, Licht: 1","156407","3","1","0","11","17","3","","1","1","0","0","0"
"POINT (10.019132099000046 53.623561155000061)","Unfall 156408 (2023) Kat:3, Licht: 0","156408","3","3","5","11","14","3","","0","1","1","0","0"
"POINT (10.021350882000036 53.584153332000028)","Unfall 156409 (2023) Kat:3, Licht: 0","156409","3","5","1","11","15","3","","0","1","1","0","0"
"POINT (9.996818573000041 53.602043748000028)","Unfall 156410 (2023) Kat:3, Licht: 2","156410","3","2","6","11","06","3","","2","0","1","1","0"
"POINT (9.891807333000031 53.602892099000030)","Unfall 156411 (2023) Kat:3, Licht: 2","156411","3","4","6","11","17","3","","2","0","1","1","0"
"POINT (9.793438026000047 53.579810365000071)","Unfall 156412 (2023) Kat:3, Licht: 2","156412","3","1","8","11","21","3","","2","0","1","0","0"
"POINT (9.760671230000071 53.589012479000075)","Unfall 156413 (2023) Kat:3, Licht: 0","156413","3","6","3","11","08","3","","0","1","0","0","0"
"POINT (9.824877119000064 53.560758172000078)","Unfall 156414 (2023) Kat:3, Licht: 0","156414","3","6","4","11","12","3","","0","0","0","0","0"
"POINT (9.952147088000061 53.563791179000077)","Unfall 156415 (2023) Kat:3, Licht: 2","156415","3","5","0","11","19","3","","2","0","1","0","0"
"POINT (9.989271808000069 53.581347625000035)","Unfall 156416 (2023) Kat:3, Licht: 0","156416","3","4","6","11","09","3","","0","0","1","1","0"
"POINT (10.143473048000033 53.600202431000071)","Unfall 156417 (2023) Kat:3, Licht: 2","156417","3","2","6","11","05","3","","2","0","1","1","0"
"POINT (9.988443843000027 53.549412852000046)","Unfall 156418 (2023) Kat:3, Licht: 2","156418","3","7","0","11","19","3","","2","1","0","0","0"
"POINT (9.980241104000072 53.555267053000080)","Unfall 156419 (2023) Kat:3, Licht: 2","156419","3","2","6","11","18","3","","2","0","1","1","0"
"POINT (10.007907868000075 53.555926556000031)","Unfall 156420 (2023) Kat:3, Licht: 2","156420","3","2","3","11","17","3","","2","1","1","0","0"
"POINT (9.793044440000074 53.515305792000049)","Unfall 156421 (2023) Kat:3, Licht: 2","156421","3","2","6","11","17","2","","2","0","1","1","0"
"POINT (10.069968837000033 53.559766977000038)","Unfall 156422 (2023) Kat:3, Licht: 2","156422","3","2","2","11","06","2","","2","0","1","0","0"
"POINT (10.124523908000072 53.570800908000081)","Unfall 156423 (2023) Kat:3, Licht: 2","156423","3","2","6","11","20","2","","2","0","1","1","0"
"POINT (10.124831502000063 53.585861656000077)","Unfall 156424 (2023) Kat:3, Licht: 1","156424","3","6","2","11","16","2","","1","0","1","0","0"
"POINT (10.124829898000030 53.585930379000047)","Unfall 156425 (2023) Kat:3, Licht: 2","156425","3","2","4","11","17","2","","2","0","0","0","0"
"POINT (10.132772902000056 53.599886577000063)","Unfall 156426 (2023) Kat:3, Licht: 2","156426","3","4","6","11","16","2","","2","0","1","1","0"
"POINT (10.057155535000049 53.580178749000027)","Unfall 156427 (2023) Kat:3, Licht: 0","156427","3","2","5","11","15","2","","0","0","1","0","0"
"POINT (10.057171453000024 53.580148989000065)","Unfall 156428 (2023) Kat:3, Licht: 2","156428","3","2","4","11","20","2","","2","0","1","0","0"
"POINT (10.074020492000045 53.611328335000053)","Unfall 156429 (2023) Kat:3, Licht: 0","156429","3","6","2","11","10","2","","0","0","1","0","0"
"POINT (10.088035394000030 53.682523101000072)","Unfall 156430 (2023) Kat:3, Licht: 0","156430","3","3","5","11","15","2","","0","1","0","0","0"
"POINT (10.107393723000030 53.658101562000070)","Unfall 156431 (2023) Kat:3, Licht: 2","156431","3","3","5","11","18","2","","2","1","1","0","0"
"POINT (10.080364079000049 53.662715796000043)","Unfall 156432 (2023) Kat:3, Licht: 2","156432","3","6","2","11","18","2","","2","0","1","0","0"
"POINT (10.049728658000049 53.568322367000064)","Unfall 156433 (2023) Kat:3, Licht: 0","156433","3","6","2","11","09","2","","0","0","1","0","0"
"POINT (9.949603794000041 53.579123177000042)","Unfall 156434 (2023) Kat:3, Licht: 2","156434","3","6","4","11","19","2","","2","0","0","0","1"
"POINT (9.947673049000059 53.558527030000050)","Unfall 156435 (2023) Kat:3, Licht: 2","156435","3","4","0","11","17","2","","2","1","0","1","0"
"POINT (9.948342396000044 53.561691003000078)","Unfall 156436 (2023) Kat:3, Licht: 0","156436","3","7","0","11","10","2","","0","1","0","0","0"
"POINT (9.970026173000065 53.567615332000059)","Unfall 156437 (2023) Kat:3, Licht: 2","156437","3","2","3","11","17","2","","2","1","1","0","0"
"POINT (9.995474227000045 53.571942682000042)","Unfall 156438 (2023) Kat:3, Licht: 0","156438","3","5","1","11","13","2","","0","1","1","0","0"
"POINT (9.964979717000062 53.549720599000068)","Unfall 156439 (2023) Kat:3, Licht: 2","156439","3","4","0","11","20","2","","2","0","0","1","0"
"POINT (10.014624252000033 53.559692674000075)","Unfall 156440 (2023) Kat:3, Licht: 2","156440","3","3","6","11","19","2","","2","0","1","1","0"
"POINT (10.007996722000030 53.554955809000035)","Unfall 156441 (2023) Kat:3, Licht: 0","156441","3","6","2","11","12","2","","0","0","1","0","0"
"POINT (9.987691525000059 53.454079212000067)","Unfall 156442 (2023) Kat:2, Licht: 0","156442","2","1","1","11","14","1","","0","0","1","0","0"
"POINT (10.209344205000036 53.484470274000046)","Unfall 156443 (2023) Kat:3, Licht: 2","156443","3","6","2","11","17","1","","2","0","1","0","0"
"POINT (10.179902672000026 53.496084047000068)","Unfall 156444 (2023) Kat:3, Licht: 1","156444","3","2","2","11","16","1","","1","0","1","0","0"
"POINT (10.069746260000045 53.526460398000040)","Unfall 156445 (2023) Kat:3, Licht: 2","156445","3","2","4","11","17","1","","2","0","1","0","1"
"POINT (10.133385728000064 53.575163173000078)","Unfall 156446 (2023) Kat:3, Licht: 2","156446","3","7","0","11","17","1","","2","1","0","0","0"
"POINT (10.063919047000070 53.597084883000036)","Unfall 156447 (2023) Kat:3, Licht: 2","156447","3","6","3","11","20","1","","2","0","1","0","0"
"POINT (10.000618736000035 53.680605167000067)","Unfall 156448 (2023) Kat:3, Licht: 0","156448","3","6","2","11","14","1","","0","0","1","0","0"
"POINT (10.027040788000022 53.672450318000074)","Unfall 156449 (2023) Kat:3, Licht: 0","156449","3","1","9","11","15","1","","0","0","1","0","0"
"POINT (9.997806198000035 53.588184824000052)","Unfall 156450 (2023) Kat:3, Licht: 2","156450","3","3","5","11","17","1","","2","1","1","0","0"
"POINT (10.046140256000058 53.586596750000069)","Unfall 156451 (2023) Kat:3, Licht: 2","156451","3","3","0","11","22","1","","2","1","1","0","0"
"POINT (10.052388122000025 53.588212076000048)","Unfall 156452 (2023) Kat:3, Licht: 2","156452","3","3","5","11","19","1","","2","1","0","0","0"
"POINT (10.035920265000073 53.600955618000057)","Unfall 156453 (2023) Kat:3, Licht: 0","156453","3","6","2","11","13","1","","0","0","1","0","0"
"POINT (10.023901003000049 53.558276074000048)","Unfall 156454 (2023) Kat:3, Licht: 2","156454","3","3","0","11","20","1","","2","1","1","0","0"
"POINT (9.946724776000053 53.565463110000053)","Unfall 156455 (2023) Kat:3, Licht: 2","156455","3","5","1","11","20","1","","2","0","1","0","0"
"POINT (9.983995023000034 53.574945904000060)","Unfall 156456 (2023) Kat:3, Licht: 2","156456","3","5","1","11","04","1","","2","0","1","0","0"
"POINT (9.972173571000042 53.562446578000049)","Unfall 156457 (2023) Kat:3, Licht: 2","156457","3","7","0","11","18","1","","2","0","0","0","0"
"POINT (10.081671589000052 53.548998164000068)","Unfall 156458 (2023) Kat:2, Licht: 2","156458","2","2","4","11","20","7","","2","0","1","0","0"
"POINT (10.099711125000056 53.589160918000061)","Unfall 156459 (2023) Kat:3, Licht: 2","156459","3","6","2","11","21","7","","2","0","1","0","0"
"POINT (10.109352777000026 53.581775389000029)","Unfall 156460 (2023) Kat:3, Licht: 0","156460","3","6","2","11","13","7","","0","0","1","0","0"
"POINT (10.082453875000056 53.621198437000032)","Unfall 156461 (2023) Kat:3, Licht: 2","156461","3","4","6","11","02","7","","2","0","1","1","0"
"POINT (10.102951385000040 53.705174389000035)","Unfall 156462 (2023) Kat:3, Licht: 0","156462","3","5","1","11","11","7","","0","0","1","0","0"
"POINT (9.905067069000040 53.608449909000058)","Unfall 156463 (2023) Kat:3, Licht: 2","156463","3","6","3","11","19","7","","2","0","1","0","1"
"POINT (9.951873963000025 53.576892317000045)","Unfall 156464 (2023) Kat:3, Licht: 2","156464","3","6","3","11","18","7","","2","1","1","0","0"
"POINT (9.941465672000049 53.555437176000055)","Unfall 156465 (2023) Kat:3, Licht: 0","156465","3","6","2","11","14","7","","0","0","1","0","0"
"POINT (9.979770558000041 53.579805031000035)","Unfall 156466 (2023) Kat:3, Licht: 2","156466","3","7","0","11","19","7","","2","1","0","0","0"
"POINT (10.005319487000065 53.547384816000033)","Unfall 156467 (2023) Kat:3, Licht: 0","156467","3","7","0","11","15","7","","0","0","1","0","1"
"POINT (9.997347777000073 53.480822546000070)","Unfall 156468 (2023) Kat:2, Licht: 2","156468","2","7","9","11","03","6","","2","0","1","0","0"
"POINT (9.985590819000038 53.517944744000033)","Unfall 156469 (2023) Kat:3, Licht: 0","156469","3","5","1","11","15","6","","0","1","1","0","0"
"POINT (10.013173380000069 53.521296560000053)","Unfall 156470 (2023) Kat:2, Licht: 2","156470","2","1","0","11","21","6","","2","0","0","0","1"
"POINT (10.097670118000053 53.572503775000030)","Unfall 156471 (2023) Kat:3, Licht: 1","156471","3","3","5","11","16","6","","1","1","1","0","0"
"POINT (10.013962422000077 53.619218888000034)","Unfall 156472 (2023) Kat:3, Licht: 1","156472","3","2","4","11","06","6","","1","1","0","0","0"
"POINT (10.022094185000071 53.578137289000040)","Unfall 156473 (2023) Kat:3, Licht: 0","156473","3","2","0","11","08","6","","0","1","1","0","0"
"POINT (9.932234721000043 53.568715466000072)","Unfall 156474 (2023) Kat:3, Licht: 0","156474","3","5","1","11","15","6","","0","0","1","0","0"
"POINT (9.908277931000043 53.591589146000047)","Unfall 156475 (2023) Kat:3, Licht: 0","156475","3","2","4","11","14","6","","0","0","1","0","0"
"POINT (9.918692507000060 53.572798600000056)","Unfall 156476 (2023) Kat:3, Licht: 1","156476","3","5","1","11","07","6","","1","1","0","0","0"
"POINT (9.974096168000074 53.611107243000049)","Unfall 156477 (2023) Kat:3, Licht: 0","156477","3","7","4","11","10","6","","0","1","1","0","0"
"POINT (9.974716011000055 53.579560313000059)","Unfall 156478 (2023) Kat:3, Licht: 0","156478","3","7","3","11","07","6","","0","0","1","0","0"
"POINT (9.954716915000063 53.553058917000044)","Unfall 156479 (2023) Kat:3, Licht: 0","156479","3","5","1","11","09","6","","0","0","1","0","0"
"POINT (9.981767859000058 53.581241885000054)","Unfall 156480 (2023) Kat:3, Licht: 0","156480","3","2","5","11","11","2","","0","1","1","0","0"
"POINT (9.997224962000075 53.578544176000037)","Unfall 156481 (2023) Kat:2, Licht: 0","156481","2","2","3","11","14","6","","0","1","0","0","0"
"POINT (9.982662725000068 53.582026636000080)","Unfall 156482 (2023) Kat:3, Licht: 0","156482","3","7","0","11","06","6","","0","0","0","0","0"
"POINT (9.960048781000069 53.563774549000073)","Unfall 156483 (2023) Kat:3, Licht: 2","156483","3","2","4","11","01","6","","2","0","1","0","0"
"POINT (10.201695812000025 53.488976729000058)","Unfall 156484 (2023) Kat:3, Licht: 0","156484","3","1","0","11","18","5","","0","0","1","0","0"
"POINT (10.083132593000073 53.536288961000082)","Unfall 156485 (2023) Kat:2, Licht: 2","156485","2","4","6","11","05","5","","2","0","1","1","0"
"POINT (10.058563871000047 53.576099056000032)","Unfall 156486 (2023) Kat:3, Licht: 0","156486","3","3","5","11","15","5","","0","0","1","0","0"
"POINT (10.059901425000021 53.571988018000070)","Unfall 156487 (2023) Kat:3, Licht: 0","156487","3","5","5","11","10","5","","0","1","1","0","0"
"POINT (10.037156213000060 53.610828529000059)","Unfall 156488 (2023) Kat:3, Licht: 0","156488","3","6","2","11","13","5","","0","0","1","0","0"
"POINT (10.102480963000062 53.579615267000065)","Unfall 156489 (2023) Kat:3, Licht: 1","156489","3","6","2","11","20","5","","1","0","1","0","0"
"POINT (10.069922872000063 53.615092757000070)","Unfall 156490 (2023) Kat:3, Licht: 0","156490","3","3","5","11","07","5","","0","1","1","0","0"
"POINT (10.039040861000046 53.606849697000030)","Unfall 156491 (2023) Kat:3, Licht: 0","156491","3","7","0","11","13","5","","0","0","0","0","0"
"POINT (10.039710900000046 53.579032461000054)","Unfall 156492 (2023) Kat:3, Licht: 2","156492","3","6","3","11","17","5","","2","1","1","0","0"
"POINT (9.893701359000033 53.611700062000068)","Unfall 156493 (2023) Kat:3, Licht: 0","156493","3","3","5","11","09","5","","0","1","1","0","0"
"POINT (9.811018335000028 53.560659319000081)","Unfall 156494 (2023) Kat:3, Licht: 2","156494","3","4","6","11","16","5","","2","0","0","1","0"
"POINT (9.874110193000035 53.591101025000057)","Unfall 156495 (2023) Kat:3, Licht: 2","156495","3","6","2","11","20","5","","2","0","1","0","0"
"POINT (9.889125698000043 53.573142452000070)","Unfall 156496 (2023) Kat:3, Licht: 0","156496","3","4","6","11","15","5","","0","0","1","1","0"
"POINT (9.880415703000040 53.604614388000073)","Unfall 156497 (2023) Kat:3, Licht: 0","156497","3","2","6","11","09","5","","0","0","1","1","0"
"POINT (9.926270979000037 53.571944485000074)","Unfall 156498 (2023) Kat:3, Licht: 2","156498","3","2","4","11","05","5","","2","1","1","0","0"
"POINT (9.948752284000022 53.549005997000052)","Unfall 156499 (2023) Kat:3, Licht: 1","156499","3","6","2","11","07","5","","1","0","1","0","0"
"POINT (10.000432059000048 53.555788882000058)","Unfall 156500 (2023) Kat:3, Licht: 0","156500","3","2","6","11","08","5","","0","0","1","1","0"
"POINT (9.860268390000044 53.464355272000034)","Unfall 156501 (2023) Kat:2, Licht: 0","156501","2","3","5","11","15","4","","0","1","1","0","0"
"POINT (9.983504578000066 53.431642971000031)","Unfall 156502 (2023) Kat:3, Licht: 0","156502","3","2","3","11","14","4","","0","0","1","0","0"
"POINT (10.202353980000055 53.486283619000062)","Unfall 156503 (2023) Kat:3, Licht: 0","156503","3","7","0","11","14","4","","0","0","0","0","0"
"POINT (10.094312298000034 53.544953436000071)","Unfall 156504 (2023) Kat:3, Licht: 2","156504","3","2","3","11","17","4","","2","1","1","0","0"
"POINT (10.058445066000047 53.576169254000035)","Unfall 156505 (2023) Kat:3, Licht: 2","156505","3","3","5","11","05","4","","2","1","1","0","0"
"POINT (10.084216383000069 53.607903696000051)","Unfall 156506 (2023) Kat:3, Licht: 0","156506","3","6","2","11","16","4","","0","0","1","0","0"
"POINT (10.030756326000073 53.619225406000055)","Unfall 156507 (2023) Kat:3, Licht: 0","156507","3","7","0","11","07","4","","0","1","0","0","0"
"POINT (10.075863851000065 53.613839034000080)","Unfall 156508 (2023) Kat:2, Licht: 2","156508","2","1","0","11","19","4","","2","1","0","0","0"
"POINT (10.145206777000055 53.668944041000032)","Unfall 156509 (2023) Kat:3, Licht: 1","156509","3","2","4","11","16","4","","1","0","1","0","1"
"POINT (10.124978994000060 53.635833439000066)","Unfall 156510 (2023) Kat:3, Licht: 0","156510","3","1","0","11","13","4","","0","1","0","0","0"
"POINT (10.018489711000029 53.614979116000029)","Unfall 156511 (2023) Kat:3, Licht: 2","156511","3","2","4","11","22","4","","2","1","1","0","0"
"POINT (10.035108141000023 53.597034158000042)","Unfall 156512 (2023) Kat:3, Licht: 0","156512","3","2","3","11","15","4","","0","1","1","0","0"
"POINT (10.038764625000056 53.572215636000067)","Unfall 156513 (2023) Kat:3, Licht: 2","156513","3","7","3","11","17","4","","2","1","1","0","0"
"POINT (10.054512772000066 53.579590706000033)","Unfall 156514 (2023) Kat:3, Licht: 2","156514","3","5","5","11","17","4","","2","1","1","0","0"
"POINT (9.903536267000050 53.603026544000045)","Unfall 156515 (2023) Kat:3, Licht: 0","156515","3","7","0","11","11","4","","0","1","0","0","0"
"POINT (9.955549831000042 53.572985884000047)","Unfall 156516 (2023) Kat:3, Licht: 0","156516","3","1","0","11","14","4","","0","1","0","0","0"
"POINT (9.967954399000064 53.566634495000073)","Unfall 156517 (2023) Kat:3, Licht: 0","156517","3","1","0","11","13","4","","0","1","0","0","0"
"POINT (10.009099635000041 53.555804881000029)","Unfall 156518 (2023) Kat:3, Licht: 2","156518","3","6","2","11","20","4","","2","0","1","0","0"
"POINT (10.010839568000051 53.461461923000059)","Unfall 156519 (2023) Kat:3, Licht: 0","156519","3","6","4","11","14","3","","0","0","1","0","0"
"POINT (10.000003130000039 53.499265565000030)","Unfall 156520 (2023) Kat:3, Licht: 0","156520","3","3","5","11","14","3","","0","1","1","0","0"
"POINT (9.992701669000041 53.480576975000076)","Unfall 156521 (2023) Kat:3, Licht: 0","156521","3","7","8","11","09","3","","0","0","0","0","0"
"POINT (10.200725514000055 53.483477663000031)","Unfall 156522 (2023) Kat:3, Licht: 0","156522","3","2","2","11","14","3","","0","0","1","0","1"
"POINT (10.067230371000051 53.553587360000051)","Unfall 156523 (2023) Kat:3, Licht: 0","156523","3","4","6","11","14","3","","0","1","0","1","0"
"POINT (10.023795415000052 53.549093197000047)","Unfall 156524 (2023) Kat:3, Licht: 2","156524","3","7","0","11","02","3","","2","0","0","0","0"
"POINT (10.124048138000035 53.612929110000039)","Unfall 156525 (2023) Kat:2, Licht: 1","156525","2","6","4","11","06","3","","1","1","0","0","0"
"POINT (10.101666917000045 53.585382392000042)","Unfall 156526 (2023) Kat:2, Licht: 2","156526","2","7","7","11","18","3","","2","0","0","0","0"