WKT,Name,OBJECTID,UKATEGORIE,UTYP1,UART,UMONAT,USTUNDE,UWOCHENTAG,STRZUSTAND,ULICHTVERH,ISTRAD,ISTPKW,ISTFUSS,ISTKRAD
"POINT (10.064132955000048 53.578630414000031)","Unfall 156527 (2023) Kat:3, Licht: 2","156527","3","2","6","11","06","3","","2","0","1","1","0"
"POINT (10.111773559000028 53.636020744000064)","Unfall 156528 (2023) Kat:3, Licht: 2","156528","3","5","1","11","18","3","","2","0","1","0","0"
"POINT (10.019009956000048 53.649494406000031)","Unfall 156529 (2023) Kat:3, Licht: 0","156529","3","3","5","11","15","3","","0","1","1","0","0"
"POINT (9.906742173000055 53.598298822000061)","Unfall 156530 (2023) Kat:3, Licht: 0","156530","3","3","5","11","12","3","","0","1","1","0","0"
"POINT (9.866721768000048 53.584738203000029)","Unfall 156531 (2023) Kat:3, Licht: 1","156531","3","2","4","11","16","3","","1","0","1","0","0"
"POINT (9.870141084000068 53.606754783000042)","Unfall 156532 (2023) Kat:3, Licht: 2","156532","3","3","0","11","19","3","","2","0","0","0","0"
"POINT (9.910918026000047 53.556797456000027)","Unfall 156533 (2023) Kat:3, Licht: 0","156533","3","7","0","11","12","3","","0","1","1","0","0"
"POINT (9.952396013000055 53.546482619000074)","Unfall 156534 (2023) Kat:2, Licht: 0","156534","2","7","0","11","07","3","","0","1","0","0","0"
"POINT (10.043355348000034 53.597703988000035)","Unfall 156535 (2023) Kat:3, Licht: 0","156535","3","6","2","11","13","5","","0","0","1","0","0"
"POINT (9.976663961000042 53.564473230000033)","Unfall 156536 (2023) Kat:3, Licht: 2","156536","3","1","2","11","17","3","","2","0","1","0","1"
"POINT (9.979086537000057 53.565900190000036)","Unfall 156537 (2023) Kat:3, Licht: 0","156537","3","2","3","11","07","3","","0","1","1","0","0"
"POINT (9.965289427000073 53.552342131000046)","Unfall 156538 (2023) Kat:3, Licht: 1","156538","3","4","6","11","06","3","","1","0","1","1","0"
"POINT (10.018010353000022 53.556253157000071)","Unfall 156539 (2023) Kat:3, Licht: 0","156539","3","2","3","11","08","3","","0","1","1","0","0"
"POINT (9.966502489000050 53.492672679000066)","Unfall 156540 (2023) Kat:3, Licht: 1","156540","3","6","2","11","17","3","","1","0","1","0","0"
"POINT (9.981213888000070 53.460587941000028)","Unfall 156541 (2023) Kat:3, Licht: 0","156541","3","5","5","11","10","2","","0","1","1","0","0"
"POINT (10.095774904000052 53.516515363000053)","Unfall 156542 (2023) Kat:3, Licht: 0","156542","3","4","6","11","15","2","","0","0","1","1","0"
"POINT (10.201897709000036 53.487261034000028)","Unfall 156543 (2023) Kat:3, Licht: 0","156543","3","6","0","11","07","2","","0","1","0","0","0"
"POINT (10.034112143000073 53.536890159000052)","Unfall 156544 (2023) Kat:3, Licht: 2","156544","3","1","9","11","17","2","","2","0","1","0","0"
"POINT (10.057967460000043 53.553263307000066)","Unfall 156545 (2023) Kat:2, Licht: 0","156545","2","2","3","11","12","2","","0","1","1","0","0"
"POINT (10.034615739000060 53.617188809000027)","Unfall 156546 (2023) Kat:3, Licht: 0","156546","3","6","4","11","12","2","","0","0","1","0","0"
"POINT (10.101569070000039 53.654190638000046)","Unfall 156547 (2023) Kat:3, Licht: 1","156547","3","6","0","11","17","2","","1","0","0","0","1"
"POINT (10.159326486000055 53.646224045000054)","Unfall 156548 (2023) Kat:3, Licht: 0","156548","3","6","2","11","14","2","","0","0","1","0","0"
"POINT (10.142762206000043 53.670285192000051)","Unfall 156549 (2023) Kat:3, Licht: 0","156549","3","6","3","11","10","2","","0","1","1","0","0"
"POINT (10.033262987000057 53.627274358000079)","Unfall 156550 (2023) Kat:3, Licht: 0","156550","3","2","2","11","07","2","","0","0","1","0","0"
"POINT (10.002136779000068 53.595999647000042)","Unfall 156551 (2023) Kat:3, Licht: 0","156551","3","4","6","11","15","2","","0","0","1","1","0"
"POINT (10.020750629000077 53.589229305000060)","Unfall 156552 (2023) Kat:3, Licht: 0","156552","3","7","6","11","09","2","","0","1","0","1","0"
"POINT (10.005836793000071 53.590201899000078)","Unfall 156553 (2023) Kat:2, Licht: 0","156553","2","5","3","11","07","2","","0","1","1","0","0"
"POINT (9.938201528000036 53.581060081000032)","Unfall 156554 (2023) Kat:3, Licht: 2","156554","3","6","3","11","17","2","","2","1","1","0","0"
"POINT (9.903540402000033 53.608910973000036)","Unfall 156555 (2023) Kat:3, Licht: 0","156555","3","3","6","11","13","2","","0","0","1","1","0"
"POINT (9.976272373000029 53.589085332000082)","Unfall 156556 (2023) Kat:3, Licht: 2","156556","3","4","6","11","06","2","","2","0","1","1","0"
"POINT (9.952048782000077 53.566838474000065)","Unfall 156557 (2023) Kat:3, Licht: 0","156557","3","2","4","11","09","2","","0","0","1","0","1"
"POINT (10.008307549000051 53.552075143000081)","Unfall 156558 (2023) Kat:3, Licht: 0","156558","3","7","3","11","15","2","","0","0","1","0","0"
"POINT (10.010182798000073 53.552281696000080)","Unfall 156559 (2023) Kat:3, Licht: 0","156559","3","2","6","11","12","2","","0","0","0","1","0"
"POINT (10.097553326000025 53.541798567000058)","Unfall 156560 (2023) Kat:3, Licht: 2","156560","3","1","4","11","04","1","","2","0","1","0","0"
"POINT (10.134287833000030 53.621409033000077)","Unfall 156561 (2023) Kat:3, Licht: 2","156561","3","5","0","11","16","1","","2","1","1","0","0"
"POINT (10.124372282000024 53.587869471000033)","Unfall 156562 (2023) Kat:3, Licht: 1","156562","3","6","2","11","16","1","","1","0","1","0","0"
"POINT (10.010830651000049 53.599787368000079)","Unfall 156563 (2023) Kat:3, Licht: 2","156563","3","5","1","11","18","5","","2","0","1","0","0"
"POINT (10.018727040000044 53.610620379000068)","Unfall 156564 (2023) Kat:3, Licht: 2","156564","3","1","0","11","18","1","","2","1","0","0","0"
"POINT (10.036771807000036 53.565240587000062)","Unfall 156565 (2023) Kat:3, Licht: 2","156565","3","3","5","11","00","1","","2","0","1","0","0"
"POINT (9.979543679000074 53.566171798000028)","Unfall 156566 (2023) Kat:3, Licht: 2","156566","3","5","5","11","20","1","","2","0","1","0","0"
"POINT (10.003251581000029 53.554141499000082)","Unfall 156567 (2023) Kat:3, Licht: 1","156567","3","6","2","11","18","1","","1","0","1","0","0"
"POINT (9.972733548000065 53.534118795000040)","Unfall 156568 (2023) Kat:3, Licht: 2","156568","3","7","0","11","16","1","","2","1","0","0","0"
"POINT (10.067299469000034 53.582998751000048)","Unfall 156569 (2023) Kat:2, Licht: 0","156569","2","3","5","11","09","7","","0","0","1","0","1"
"POINT (10.071668884000076 53.569800267000062)","Unfall 156570 (2023) Kat:2, Licht: 0","156570","2","5","3","11","09","7","","0","1","1","0","0"
"POINT (10.111847397000076 53.653211570000053)","Unfall 156571 (2023) Kat:3, Licht: 0","156571","3","2","6","11","13","7","","0","0","1","1","0"
"POINT (10.080602646000045 53.641423636000070)","Unfall 156572 (2023) Kat:3, Licht: 0","156572","3","6","3","11","09","7","","0","0","1","0","0"
"POINT (10.013240978000056 53.611422325000035)","Unfall 156573 (2023) Kat:3, Licht: 0","156573","3","7","0","11","10","7","","0","0","0","0","0"
"POINT (10.056742208000060 53.569572047000065)","Unfall 156574 (2023) Kat:3, Licht: 2","156574","3","6","2","11","21","7","","2","0","1","0","0"
"POINT (9.811206783000046 53.560317929000064)","Unfall 156575 (2023) Kat:3, Licht: 0","156575","3","7","6","11","14","7","","0","0","1","1","0"
"POINT (9.975856372000067 53.570076500000027)","Unfall 156576 (2023) Kat:3, Licht: 0","156576","3","3","5","11","15","7","","0","0","1","0","1"
"POINT (9.964750239000068 53.569444258000033)","Unfall 156577 (2023) Kat:3, Licht: 0","156577","3","6","3","11","11","7","","0","0","1","0","0"
"POINT (10.209096091000049 53.483344461000058)","Unfall 156578 (2023) Kat:3, Licht: 2","156578","3","2","4","11","17","6","","2","1","1","0","0"
"POINT (10.106438191000052 53.538050569000063)","Unfall 156579 (2023) Kat:3, Licht: 0","156579","3","5","1","11","09","6","","0","1","1","0","0"
"POINT (10.044320419000030 53.529778921000059)","Unfall 156580 (2023) Kat:3, Licht: 2","156580","3","3","5","11","20","6","","2","1","1","0","0"
"POINT (10.039297537000039 53.559696748000079)","Unfall 156581 (2023) Kat:3, Licht: 0","156581","3","6","2","11","12","6","","0","0","1","0","0"
"POINT (10.000447578000035 53.621576920000052)","Unfall 156582 (2023) Kat:3, Licht: 1","156582","3","3","5","11","07","3","","1","1","0","0","0"
"POINT (10.040319082000053 53.631378924000046)","Unfall 156583 (2023) Kat:3, Licht: 2","156583","3","6","2","11","19","6","","2","0","1","0","0"
"POINT (10.016489486000069 53.562048857000036)","Unfall 156584 (2023) Kat:2, Licht: 0","156584","2","3","5","11","12","6","","0","0","1","1","0"
"POINT (10.036840900000072 53.597548335000056)","Unfall 156585 (2023) Kat:3, Licht: 2","156585","3","2","2","11","18","6","","2","0","1","0","0"
"POINT (10.045684482000070 53.588923085000033)","Unfall 156586 (2023) Kat:2, Licht: 0","156586","2","2","0","11","13","6","","0","0","1","0","0"
"POINT (10.017953645000034 53.562765749000050)","Unfall 156587 (2023) Kat:3, Licht: 2","156587","3","7","0","11","18","6","","2","1","0","0","0"
"POINT (9.946612692000031 53.580141435000030)","Unfall 156588 (2023) Kat:3, Licht: 2","156588","3","7","0","11","17","6","","2","1","0","0","0"
"POINT (9.966675146000057 53.605266428000050)","Unfall 156589 (2023) Kat:3, Licht: 2","156589","3","1","0","11","17","6","","2","1","0","0","0"
"POINT (9.953790368000057 53.560554692000039)","Unfall 156590 (2023) Kat:3, Licht: 1","156590","3","2","4","11","16","6","","1","1","1","0","0"
"POINT (9.977672344000041 53.577558518000046)","Unfall 156591 (2023) Kat:3, Licht: 0","156591","3","2","3","11","10","6","","0","1","1","0","0"
"POINT (9.960149353000077 53.550709610000069)","Unfall 156592 (2023) Kat:3, Licht: 2","156592","3","6","4","11","01","6","","2","1","1","0","0"
"POINT (10.201829031000045 53.488930160000052)","Unfall 156593 (2023) Kat:3, Licht: 2","156593","3","2","4","11","19","5","","2","1","1","0","0"
"POINT (10.068903682000041 53.553333509000026)","Unfall 156594 (2023) Kat:2, Licht: 2","156594","2","2","6","11","18","5","","2","0","0","1","0"
"POINT (10.082401690000040 53.552939683000034)","Unfall 156595 (2023) Kat:3, Licht: 1","156595","3","5","1","11","06","5","","1","1","1","0","0"
"POINT (10.107000664000054 53.570738243000051)","Unfall 156596 (2023) Kat:3, Licht: 2","156596","3","3","5","11","17","5","","2","0","1","0","0"
"POINT (10.168243854000025 53.589411272000063)","Unfall 156597 (2023) Kat:3, Licht: 0","156597","3","7","0","11","08","5","","0","1","0","0","0"
"POINT (10.066564727000070 53.571938492000072)","Unfall 156598 (2023) Kat:2, Licht: 0","156598","2","7","3","11","14","5","","0","0","1","0","0"
"POINT (10.081781761000059 53.592456073000051)","Unfall 156599 (2023) Kat:3, Licht: 0","156599","3","4","6","11","07","5","","0","1","0","1","0"
"POINT (9.994465797000032 53.601929569000049)","Unfall 156600 (2023) Kat:3, Licht: 0","156600","3","2","4","11","09","5","","0","1","1","0","0"
"POINT (10.057210752000060 53.575872395000033)","Unfall 156601 (2023) Kat:3, Licht: 0","156601","3","6","2","11","08","5","","0","0","1","0","0"
"POINT (10.036613312000043 53.575655190000077)","Unfall 156602 (2023) Kat:3, Licht: 2","156602","3","7","0","11","03","5","","2","0","0","0","0"
"POINT (9.887141677000045 53.599124777000043)","Unfall 156603 (2023) Kat:3, Licht: 2","156603","3","6","3","11","17","5","","2","0","1","0","1"
"POINT (9.991801565000060 53.598919035000051)","Unfall 156604 (2023) Kat:3, Licht: 2","156604","3","7","0","11","17","5","","2","1","0","0","0"
"POINT (9.974105757000075 53.580084144000068)","Unfall 156605 (2023) Kat:3, Licht: 0","156605","3","6","2","11","11","5","","0","0","1","0","0"
"POINT (9.993132420000052 53.551522216000080)","Unfall 156606 (2023) Kat:3, Licht: 0","156606","3","6","6","11","12","5","","0","0","0","1","0"
"POINT (9.996301985000059 53.549759206000033)","Unfall 156607 (2023) Kat:3, Licht: 2","156607","3","7","7","11","02","5","","2","0","0","0","0"
"POINT (9.854713319000041 53.467785329000037)","Unfall 156608 (2023) Kat:3, Licht: 0","156608","3","7","0","11","10","4","","0","1","0","0","0"
"POINT (9.889470934000030 53.517953724000051)","Unfall 156609 (2023) Kat:3, Licht: 2","156609","3","7","0","11","06","4","","2","1","0","0","0"
"POINT (9.968987416000061 53.442935762000047)","Unfall 156610 (2023) Kat:3, Licht: 0","156610","3","3","5","11","15","4","","0","1","1","0","0"
"POINT (9.988570748000029 53.448594743000058)","Unfall 156611 (2023) Kat:3, Licht: 0","156611","3","3","5","11","07","4","","0","0","1","0","0"
"POINT (10.202608963000046 53.486799488000031)","Unfall 156612 (2023) Kat:3, Licht: 2","156612","3","5","1","11","17","4","","2","0","1","0","1"
"POINT (10.020785861000036 53.545459302000040)","Unfall 156613 (2023) Kat:2, Licht: 1","156613","2","3","5","11","16","4","","1","1","1","0","0"
"POINT (10.046698934000062 53.534461562000047)","Unfall 156614 (2023) Kat:3, Licht: 0","156614","3","7","0","11","12","4","","0","1","0","0","0"
"POINT (10.027978316000031 53.556457004000038)","Unfall 156615 (2023) Kat:3, Licht: 1","156615","3","6","2","11","06","4","","1","0","0","0","0"
"POINT (10.133730856000057 53.571526256000027)","Unfall 156616 (2023) Kat:1, Licht: 2","156616","1","7","0","11","18","4","","2","0","0","0","0"
"POINT (10.072085824000055 53.573726631000056)","Unfall 156617 (2023) Kat:3, Licht: 0","156617","3","5","1","11","15","4","","0","0","1","0","0"
"POINT (10.082341487000065 53.567975514000068)","Unfall 156618 (2023) Kat:3, Licht: 2","156618","3","1","0","11","23","4","","2","0","0","0","0"
"POINT (10.047146332000068 53.582542556000078)","Unfall 156619 (2023) Kat:3, Licht: 0","156619","3","7","0","11","08","4","","0","0","0","0","0"
"POINT (10.040373983000052 53.595955380000078)","Unfall 156620 (2023) Kat:2, Licht: 0","156620","2","1","0","11","08","4","","0","0","0","0","0"
"POINT (9.910162899000056 53.513736054000049)","Unfall 156621 (2023) Kat:3, Licht: 0","156621","3","6","3","11","15","5","","0","0","1","0","0"
"POINT (9.884633676000021 53.580376677000061)","Unfall 156622 (2023) Kat:3, Licht: 0","156622","3","7","4","11","17","4","","0","0","1","0","0"
"POINT (9.872292841000046 53.591750145000049)","Unfall 156623 (2023) Kat:3, Licht: 0","156623","3","7","0","11","11","4","","0","1","0","0","0"
"POINT (9.798025562000021 53.566040830000077)","Unfall 156624 (2023) Kat:2, Licht: 2","156624","2","2","6","11","17","2","","2","0","1","1","0"
"POINT (9.917706712000040 53.569519304000039)","Unfall 156625 (2023) Kat:3, Licht: 0","156625","3","3","5","11","10","4","","0","1","1","0","0"
"POINT (9.887131645000068 53.601110814000037)","Unfall 156626 (2023) Kat:3, Licht: 0","156626","3","2","3","11","08","4","","0","1","1","0","0"
"POINT (9.861723426000026 53.599024979000035)","Unfall 156627 (2023) Kat:3, Licht: 2","156627","3","6","3","11","18","4","","2","0","1","0","1"
"POINT (9.941390020000028 53.577827657000057)","Unfall 156628 (2023) Kat:3, Licht: 0","156628","3","2","3","11","09","4","","0","1","1","0","0"
"POINT (9.978033747000040 53.595545351000055)","Unfall 156629 (2023) Kat:3, Licht: 0","156629","3","5","0","11","09","4","","0","0","1","0","1"
"POINT (9.937768985000048 53.552984467000044)","Unfall 156630 (2023) Kat:3, Licht: 2","156630","3","3","5","11","19","4","","2","0","1","0","0"
"POINT (9.953601351000032 53.548133167000060)","Unfall 156631 (2023) Kat:3, Licht: 1","156631","3","5","0","11","07","4","","1","0","1","0","1"
"POINT (10.004091222000056 53.554134989000033)","Unfall 156632 (2023) Kat:3, Licht: 0","156632","3","2","3","11","15","4","","0","1","1","0","0"
"POINT (9.956667803000073 53.459465163000061)","Unfall 156633 (2023) Kat:3, Licht: 2","156633","3","3","5","10","17","3","","2","0","1","0","0"
"POINT (9.995007307000037 53.452954099000067)","Unfall 156634 (2023) Kat:3, Licht: 2","156634","3","4","6","10","19","3","","2","0","0","1","0"
"POINT (10.052690295000048 53.550078898000038)","Unfall 156635 (2023) Kat:3, Licht: 2","156635","3","3","0","10","05","3","","2","0","1","0","0"
"POINT (9.881395500000053 53.591740774000073)","Unfall 156636 (2023) Kat:3, Licht: 0","156636","3","4","6","11","07","5","","0","0","1","1","0"
"POINT (10.132097505000047 53.597176275000038)","Unfall 156637 (2023) Kat:3, Licht: 0","156637","3","3","5","10","13","3","","0","0","1","0","0"
"POINT (10.007495353000024 53.592782074000070)","Unfall 156638 (2023) Kat:3, Licht: 2","156638","3","6","2","10","23","3","","2","1","0","0","0"
"POINT (9.972432605000051 53.553573619000076)","Unfall 156639 (2023) Kat:2, Licht: 2","156639","2","7","8","10","02","3","","2","0","0","0","0"
"POINT (10.004594834000045 53.551630752000051)","Unfall 156640 (2023) Kat:3, Licht: 0","156640","3","4","6","10","14","3","","0","0","0","1","0"
"POINT (9.786924646000045 53.507975850000037)","Unfall 156641 (2023) Kat:3, Licht: 0","156641","3","7","8","10","15","2","","0","1","0","0","0"
"POINT (9.898962753000035 53.476823663000062)","Unfall 156642 (2023) Kat:3, Licht: 0","156642","3","6","2","10","13","2","","0","0","1","0","0"
"POINT (9.982039781000026 53.461014262000049)","Unfall 156643 (2023) Kat:3, Licht: 0","156643","3","4","6","10","12","2","","0","0","1","1","0"
"POINT (10.023689821000062 53.528923632000044)","Unfall 156644 (2023) Kat:3, Licht: 0","156644","3","6","3","10","06","2","","0","0","1","0","0"
"POINT (10.215395295000064 53.488076717000069)","Unfall 156645 (2023) Kat:3, Licht: 0","156645","3","7","0","10","07","2","","0","1","0","0","0"
"POINT (10.116899130000036 53.683299248000026)","Unfall 156646 (2023) Kat:3, Licht: 0","156646","3","7","0","11","14","3","","0","1","0","0","0"
"POINT (10.046437479000076 53.548221248000061)","Unfall 156647 (2023) Kat:3, Licht: 0","156647","3","7","4","10","16","2","","0","0","1","0","1"
"POINT (10.110437809000075 53.593022124000072)","Unfall 156648 (2023) Kat:2, Licht: 0","156648","2","3","5","10","09","2","","0","1","1","0","0"
"POINT (10.072557353000036 53.608708403000037)","Unfall 156649 (2023) Kat:3, Licht: 0","156649","3","2","4","10","14","2","","0","0","1","0","0"
"POINT (10.092988424000055 53.618451976000074)","Unfall 156650 (2023) Kat:3, Licht: 0","156650","3","5","3","10","10","2","","0","1","1","0","0"
"POINT (9.950148418000026 53.550923763000071)","Unfall 156651 (2023) Kat:3, Licht: 0","156651","3","1","0","11","13","5","","0","1","0","0","0"
"POINT (10.072692810000035 53.608858060000045)","Unfall 156652 (2023) Kat:3, Licht: 1","156652","3","3","5","10","16","2","","1","1","1","0","0"
"POINT (10.081553275000033 53.611330740000028)","Unfall 156653 (2023) Kat:3, Licht: 0","156653","3","4","6","10","12","2","","0","0","1","1","0"
"POINT (10.088037088000021 53.655816186000038)","Unfall 156654 (2023) Kat:3, Licht: 0","156654","3","3","5","10","10","2","","0","1","1","0","0"
"POINT (10.023074621000035 53.629296782000040)","Unfall 156655 (2023) Kat:3, Licht: 1","156655","3","1","0","10","06","2","","1","1","0","0","0"
"POINT (10.053665273000036 53.589729212000066)","Unfall 156656 (2023) Kat:3, Licht: 2","156656","3","7","1","10","18","2","","2","0","1","0","0"
"POINT (10.046454857000072 53.586461818000032)","Unfall 156657 (2023) Kat:3, Licht: 0","156657","3","6","3","10","11","2","","0","1","1","0","0"
"POINT (9.921012117000032 53.637557355000069)","Unfall 156658 (2023) Kat:3, Licht: 0","156658","3","7","0","10","06","2","","0","1","0","0","0"
"POINT (9.971530361000021 53.580593894000060)","Unfall 156659 (2023) Kat:2, Licht: 0","156659","2","7","0","10","15","2","","0","1","0","0","0"
"POINT (9.967477383000073 53.579932435000046)","Unfall 156660 (2023) Kat:3, Licht: 0","156660","3","3","5","10","09","2","","0","0","1","0","1"
"POINT (9.935448219000023 53.551532464000047)","Unfall 156661 (2023) Kat:3, Licht: 0","156661","3","7","6","10","10","2","","0","0","0","1","0"
"POINT (9.961505813000031 53.555168929000047)","Unfall 156662 (2023) Kat:2, Licht: 1","156662","2","1","0","10","21","2","","1","0","1","0","0"
"POINT (9.987786268000036 53.453187579000030)","Unfall 156663 (2023) Kat:3, Licht: 2","156663","3","5","1","10","22","1","","2","1","0","0","0"
"POINT (10.208347425000056 53.481504782000059)","Unfall 156664 (2023) Kat:3, Licht: 2","156664","3","5","5","10","19","1","","2","1","1","0","0"
"POINT (10.068761586000051 53.572645456000032)","Unfall 156665 (2023) Kat:3, Licht: 2","156665","3","6","3","10","18","1","","2","0","1","0","0"
"POINT (10.067415239000070 53.571267270000078)","Unfall 156666 (2023) Kat:3, Licht: 2","156666","3","1","8","10","00","1","","2","0","1","0","0"
"POINT (10.007962263000024 53.627585732000057)","Unfall 156667 (2023) Kat:3, Licht: 2","156667","3","2","6","10","05","1","","2","0","1","1","0"
"POINT (9.933356303000039 53.544693865000056)","Unfall 156668 (2023) Kat:2, Licht: 2","156668","2","1","8","11","22","6","","2","0","0","0","0"
"POINT (10.018354608000038 53.661659999000051)","Unfall 156669 (2023) Kat:3, Licht: 0","156669","3","7","0","10","11","1","","0","0","0","0","1"
"POINT (10.014965689000064 53.570248308000032)","Unfall 156670 (2023) Kat:3, Licht: 0","156670","3","5","5","10","10","1","","0","0","1","0","0"
"POINT (9.917472617000044 53.599874481000029)","Unfall 156671 (2023) Kat:3, Licht: 2","156671","3","1","0","10","02","1","","2","0","0","0","0"
"POINT (9.871693177000054 53.593466443000068)","Unfall 156672 (2023) Kat:3, Licht: 2","156672","3","1","1","10","01","1","","2","0","1","0","0"
"POINT (9.932372446000045 53.614695377000032)","Unfall 156673 (2023) Kat:3, Licht: 0","156673","3","1","0","10","14","1","","0","1","0","0","0"
"POINT (9.917484210000055 53.636156260000064)","Unfall 156674 (2023) Kat:3, Licht: 0","156674","3","6","2","10","12","1","","0","0","1","0","0"
"POINT (9.986125296000068 53.576603285000033)","Unfall 156675 (2023) Kat:3, Licht: 1","156675","3","7","0","10","16","1","","1","1","0","0","0"
"POINT (9.981508288000043 53.544063052000070)","Unfall 156676 (2023) Kat:3, Licht: 0","156676","3","6","3","10","16","1","","0","0","1","0","0"
"POINT (10.007973254000035 53.555406397000070)","Unfall 156677 (2023) Kat:3, Licht: 0","156677","3","3","5","10","10","1","","0","1","1","0","0"
"POINT (9.966650101000027 53.437225901000033)","Unfall 156678 (2023) Kat:3, Licht: 1","156678","3","6","2","10","17","7","","1","0","1","0","0"
"POINT (10.209794726000041 53.485013539000079)","Unfall 156679 (2023) Kat:1, Licht: 1","156679","1","4","6","10","17","7","","1","0","1","1","0"
"POINT (10.177840233000040 53.476450569000065)","Unfall 156680 (2023) Kat:3, Licht: 2","156680","3","1","8","10","03","7","","2","0","0","0","0"
"POINT (10.070752381000034 53.558590756000058)","Unfall 156681 (2023) Kat:3, Licht: 2","156681","3","6","2","10","21","7","","2","0","1","0","0"
"POINT (10.135381309000024 53.570167076000075)","Unfall 156682 (2023) Kat:3, Licht: 0","156682","3","7","0","10","13","7","","0","0","1","0","0"
"POINT (10.074009416000024 53.579429056000038)","Unfall 156683 (2023) Kat:2, Licht: 2","156683","2","4","6","10","18","7","","2","0","1","1","0"
"POINT (10.044283776000043 53.603701943000033)","Unfall 156684 (2023) Kat:3, Licht: 2","156684","3","1","0","10","18","7","","2","1","0","0","0"
"POINT (9.973287308000067 53.574341442000048)","Unfall 156685 (2023) Kat:3, Licht: 0","156685","3","7","0","10","12","7","","0","1","0","0","0"
"POINT (9.966543398000056 53.551041292000036)","Unfall 156686 (2023) Kat:3, Licht: 0","156686","3","2","3","10","12","7","","0","0","1","0","1"
"POINT (10.010858639000048 53.552320080000072)","Unfall 156687 (2023) Kat:3, Licht: 0","156687","3","4","6","10","16","7","","0","0","1","1","0"
"POINT (10.080722340000023 53.559787498000048)","Unfall 156688 (2023) Kat:3, Licht: 0","156688","3","3","5","10","09","6","","0","1","1","0","0"
"POINT (10.034487989000070 53.552377154000055)","Unfall 156689 (2023) Kat:3, Licht: 1","156689","3","7","0","10","16","6","","1","0","0","0","1"
"POINT (10.147843581000075 53.605196148000061)","Unfall 156690 (2023) Kat:3, Licht: 2","156690","3","6","2","10","07","6","","2","0","1","0","0"
"POINT (10.123276332000046 53.570996158000071)","Unfall 156691 (2023) Kat:3, Licht: 0","156691","3","5","1","10","15","6","","0","0","1","0","0"
"POINT (10.084430199000053 53.669628586000044)","Unfall 156692 (2023) Kat:3, Licht: 2","156692","3","4","6","10","00","6","","2","0","0","1","0"
"POINT (10.032768668000074 53.590672184000027)","Unfall 156693 (2023) Kat:3, Licht: 2","156693","3","2","6","10","18","6","","2","0","1","1","0"
"POINT (9.996872250000024 53.598571505000052)","Unfall 156694 (2023) Kat:3, Licht: 0","156694","3","7","0","10","12","6","","0","0","0","0","1"
"POINT (10.053930776000072 53.572654962000058)","Unfall 156695 (2023) Kat:3, Licht: 0","156695","3","3","5","10","11","6","","0","1","1","0","0"
"POINT (10.027463045000047 53.570100625000066)","Unfall 156696 (2023) Kat:3, Licht: 2","156696","3","4","6","10","19","6","","2","0","1","1","0"
"POINT (9.824463954000066 53.560676411000031)","Unfall 156697 (2023) Kat:3, Licht: 2","156697","3","1","7","10","19","6","","2","1","0","0","0"
"POINT (9.872920699000076 53.591312076000065)","Unfall 156698 (2023) Kat:3, Licht: 0","156698","3","4","6","10","14","6","","0","0","1","1","0"
"POINT (9.874176555000076 53.581882726000060)","Unfall 156699 (2023) Kat:3, Licht: 0","156699","3","5","1","10","10","6","","0","1","0","0","0"
"POINT (9.960285309000028 53.546301549000077)","Unfall 156700 (2023) Kat:3, Licht: 2","156700","3","1","0","10","01","3","","2","0","0","0","0"
"POINT (9.968296188000068 53.578396532000056)","Unfall 156701 (2023) Kat:3, Licht: 0","156701","3","7","0","10","14","6","","0","1","0","0","0"
"POINT (9.957381870000063 53.547315649000041)","Unfall 156702 (2023) Kat:3, Licht: 0","156702","3","4","6","10","15","6","","0","0","1","1","0"
"POINT (10.207235619000073 53.489292264000028)","Unfall 156703 (2023) Kat:3, Licht: 0","156703","3","1","0","10","11","5","","0","1","0","0","0"
"POINT (10.098421988000041 53.541471635000050)","Unfall 156704 (2023) Kat:2, Licht: 2","156704","2","3","5","10","18","5","","2","0","1","0","0"
"POINT (9.772396224000033 53.530070469000066)","Unfall 156705 (2023) Kat:3, Licht: 0","156705","3","7","6","10","14","4","","0","0","0","1","0"
"POINT (10.179806172000042 53.478351515000043)","Unfall 156706 (2023) Kat:3, Licht: 0","156706","3","2","4","10","11","4","","0","0","1","0","0"
"POINT (10.041651634000061 53.551065179000034)","Unfall 156707 (2023) Kat:2, Licht: 0","156707","2","2","2","10","13","4","","0","0","1","1","0"
"POINT (10.124801221000041 53.571249086000080)","Unfall 156708 (2023) Kat:3, Licht: 0","156708","3","6","2","10","13","4","","0","0","1","0","1"
"POINT (10.061934527000062 53.583397972000057)","Unfall 156709 (2023) Kat:3, Licht: 0","156709","3","1","0","10","08","4","","0","1","0","0","0"
"POINT (10.057487911000067 53.607770961000028)","Unfall 156710 (2023) Kat:3, Licht: 0","156710","3","3","5","10","16","4","","0","1","0","0","0"
"POINT (10.085834838000039 53.628435689000071)","Unfall 156711 (2023) Kat:2, Licht: 2","156711","2","4","6","10","05","4","","2","0","1","1","0"
"POINT (10.149017790000073 53.663251335000041)","Unfall 156712 (2023) Kat:3, Licht: 2","156712","3","7","0","10","22","4","","2","1","0","0","0"