WKT,Name,OBJECTID,UKATEGORIE,UTYP1,UART,UMONAT,USTUNDE,UWOCHENTAG,STRZUSTAND,ULICHTVERH,ISTRAD,ISTPKW,ISTFUSS,ISTKRAD
"POINT (10.034282636000057 53.637057768000034)","Unfall 156713 (2023) Kat:3, Licht: 0","156713","3","6","4","10","11","4","","0","0","1","0","1"
"POINT (10.001392236000072 53.596829189000061)","Unfall 156714 (2023) Kat:3, Licht: 0","156714","3","5","5","10","14","4","","0","1","0","0","0"
"POINT (10.056169537000073 53.569561498000041)","Unfall 156715 (2023) Kat:3, Licht: 1","156715","3","2","6","10","08","4","","1","0","1","1","0"
"POINT (9.947522891000062 53.581308535000062)","Unfall 156716 (2023) Kat:3, Licht: 0","156716","3","7","0","10","12","4","","0","1","0","0","0"
"POINT (9.953991048000034 53.553754015000038)","Unfall 156717 (2023) Kat:3, Licht: 0","156717","3","3","5","10","15","4","","0","1","1","0","0"
"POINT (9.987258976000021 53.541379540000037)","Unfall 156718 (2023) Kat:3, Licht: 2","156718","3","7","3","10","21","4","","2","0","0","0","1"
"POINT (9.997780276000071 53.543988491000050)","Unfall 156719 (2023) Kat:3, Licht: 0","156719","3","2","3","10","15","4","","0","1","1","0","0"
"POINT (9.986069976000067 53.459951091000050)","Unfall 156720 (2023) Kat:3, Licht: 0","156720","3","7","0","10","10","3","","0","0","1","0","0"
"POINT (10.018619580000063 53.483414480000079)","Unfall 156721 (2023) Kat:3, Licht: 0","156721","3","3","5","10","10","3","","0","0","1","0","0"
"POINT (10.053057895000052 53.561045224000054)","Unfall 156722 (2023) Kat:3, Licht: 0","156722","3","3","5","10","08","3","","0","1","1","0","0"
"POINT (10.136389633000022 53.584353916000055)","Unfall 156723 (2023) Kat:3, Licht: 2","156723","3","5","5","10","06","3","","2","0","1","0","0"
"POINT (10.152174982000076 53.531086978000076)","Unfall 156724 (2023) Kat:3, Licht: 2","156724","3","2","6","11","20","3","","2","0","1","1","0"
"POINT (10.101865332000045 53.581377972000041)","Unfall 156725 (2023) Kat:3, Licht: 0","156725","3","1","0","10","15","3","","0","1","0","0","0"
"POINT (10.079063411000050 53.584990398000059)","Unfall 156726 (2023) Kat:3, Licht: 0","156726","3","6","2","10","16","3","","0","0","1","0","0"
"POINT (9.973722226000064 53.550111109000056)","Unfall 156727 (2023) Kat:3, Licht: 2","156727","3","6","2","11","19","6","","2","0","1","0","0"
"POINT (10.160904110000047 53.652584657000034)","Unfall 156728 (2023) Kat:3, Licht: 0","156728","3","7","0","10","13","3","","0","1","0","0","0"
"POINT (10.036933860000033 53.565184582000029)","Unfall 156729 (2023) Kat:3, Licht: 0","156729","3","3","5","10","12","3","","0","1","1","0","0"
"POINT (10.026873757000033 53.580559158000028)","Unfall 156730 (2023) Kat:3, Licht: 2","156730","3","4","6","10","07","3","","2","0","0","1","0"
"POINT (9.936275489000025 53.582260374000043)","Unfall 156731 (2023) Kat:3, Licht: 0","156731","3","6","3","10","12","3","","0","1","1","0","0"
"POINT (9.889058394000074 53.596634279000057)","Unfall 156732 (2023) Kat:3, Licht: 2","156732","3","6","2","10","19","3","","2","0","1","0","0"
"POINT (9.955672386000060 53.579513470000052)","Unfall 156733 (2023) Kat:3, Licht: 1","156733","3","2","4","10","17","3","","1","1","1","0","0"
"POINT (10.008949305000044 53.552158128000031)","Unfall 156734 (2023) Kat:3, Licht: 1","156734","3","7","3","10","17","3","","1","0","1","0","0"
"POINT (9.941211082000052 53.489638907000028)","Unfall 156735 (2023) Kat:3, Licht: 2","156735","3","4","6","10","19","2","","2","1","0","1","0"
"POINT (9.990217239000060 53.443915935000064)","Unfall 156736 (2023) Kat:2, Licht: 0","156736","2","2","4","10","13","2","","0","1","1","0","0"
"POINT (10.184701060000066 53.486529415000064)","Unfall 156737 (2023) Kat:3, Licht: 2","156737","3","2","0","10","06","2","","2","0","0","0","0"
"POINT (10.084341965000021 53.554839200000060)","Unfall 156738 (2023) Kat:3, Licht: 0","156738","3","3","5","10","15","2","","0","0","1","0","0"
"POINT (10.069901754000057 53.578255747000071)","Unfall 156739 (2023) Kat:3, Licht: 0","156739","3","6","2","10","12","2","","0","0","1","0","1"
"POINT (10.043052983000052 53.607763326000054)","Unfall 156740 (2023) Kat:3, Licht: 0","156740","3","1","0","10","13","2","","0","1","0","0","0"
"POINT (10.042368157000055 53.589037900000051)","Unfall 156741 (2023) Kat:3, Licht: 0","156741","3","3","4","10","13","2","","0","0","1","0","0"
"POINT (10.028310686000054 53.570528514000046)","Unfall 156742 (2023) Kat:3, Licht: 1","156742","3","6","0","10","18","2","","1","0","1","0","0"
"POINT (10.016633089000038 53.566508392000060)","Unfall 156743 (2023) Kat:3, Licht: 0","156743","3","6","2","10","09","2","","0","0","1","0","0"
"POINT (9.933750975000066 53.592539669000075)","Unfall 156744 (2023) Kat:3, Licht: 0","156744","3","6","2","10","12","2","","0","0","1","0","0"
"POINT (9.937344076000045 53.574711014000059)","Unfall 156745 (2023) Kat:3, Licht: 0","156745","3","3","5","10","08","2","","0","0","1","0","0"
"POINT (9.957616761000054 53.644953168000029)","Unfall 156746 (2023) Kat:3, Licht: 0","156746","3","7","0","10","09","2","","0","1","0","0","0"
"POINT (9.957611332000056 53.644954607000045)","Unfall 156747 (2023) Kat:3, Licht: 0","156747","3","7","0","10","09","2","","0","1","0","0","0"
"POINT (9.994231890000037 53.558541709000053)","Unfall 156748 (2023) Kat:3, Licht: 0","156748","3","6","0","10","08","2","","0","0","0","0","1"
"POINT (10.001867135000055 53.550055493000059)","Unfall 156749 (2023) Kat:3, Licht: 2","156749","3","4","6","10","18","2","","2","0","0","1","0"
"POINT (10.002205653000033 53.551311469000041)","Unfall 156750 (2023) Kat:3, Licht: 0","156750","3","4","6","10","16","2","","0","1","0","1","0"
"POINT (9.979430525000055 53.555949031000068)","Unfall 156751 (2023) Kat:3, Licht: 0","156751","3","3","5","10","11","2","","0","0","1","0","0"
"POINT (9.969522714000050 53.550207497000031)","Unfall 156752 (2023) Kat:3, Licht: 0","156752","3","2","4","10","08","2","","0","1","1","0","0"
"POINT (10.008897843000057 53.552152320000062)","Unfall 156753 (2023) Kat:3, Licht: 0","156753","3","7","3","10","08","2","","0","0","1","0","0"
"POINT (9.850512525000056 53.466129793000050)","Unfall 156754 (2023) Kat:3, Licht: 0","156754","3","1","0","10","13","1","","0","1","0","0","0"
"POINT (10.187785192000035 53.505058318000067)","Unfall 156755 (2023) Kat:3, Licht: 0","156755","3","5","5","10","14","1","","0","0","1","0","0"
"POINT (10.032009085000027 53.618815747000042)","Unfall 156756 (2023) Kat:3, Licht: 0","156756","3","1","4","10","10","1","","0","1","1","0","0"
"POINT (9.866382450000060 53.565966264000053)","Unfall 156757 (2023) Kat:3, Licht: 2","156757","3","7","8","10","03","1","","2","0","1","0","0"
"POINT (9.916214956000033 53.640648947000045)","Unfall 156758 (2023) Kat:3, Licht: 0","156758","3","1","8","10","09","1","","0","1","0","0","0"
"POINT (9.982275527000070 53.587383952000039)","Unfall 156759 (2023) Kat:3, Licht: 0","156759","3","7","0","10","14","1","","0","0","0","0","1"
"POINT (10.008505654000032 53.553537890000030)","Unfall 156760 (2023) Kat:3, Licht: 0","156760","3","7","6","10","10","1","","0","0","1","1","0"
"POINT (9.969465311000022 53.531176082000059)","Unfall 156761 (2023) Kat:2, Licht: 0","156761","2","7","0","10","15","1","","0","1","0","0","0"
"POINT (10.274192508000056 53.426842974000067)","Unfall 156762 (2023) Kat:2, Licht: 0","156762","2","7","8","10","17","7","","0","0","1","0","0"
"POINT (10.148074562000033 53.569483300000059)","Unfall 156763 (2023) Kat:3, Licht: 0","156763","3","6","2","10","11","7","","0","0","1","0","0"
"POINT (9.937534298000060 53.581542137000042)","Unfall 156764 (2023) Kat:3, Licht: 0","156764","3","3","5","10","12","7","","0","1","1","0","0"
"POINT (9.974485030000039 53.579758586000082)","Unfall 156765 (2023) Kat:3, Licht: 0","156765","3","6","3","10","12","7","","0","0","1","0","1"
"POINT (9.922523783000031 53.550634744000035)","Unfall 156766 (2023) Kat:3, Licht: 1","156766","3","4","6","10","19","7","","1","1","0","1","0"
"POINT (9.979185367000071 53.565974659000062)","Unfall 156767 (2023) Kat:3, Licht: 0","156767","3","2","4","10","14","7","","0","0","1","0","0"
"POINT (9.993560578000029 53.541728942000077)","Unfall 156768 (2023) Kat:3, Licht: 0","156768","3","1","0","10","16","7","","0","1","0","0","0"
"POINT (9.983546215000047 53.431789432000073)","Unfall 156769 (2023) Kat:2, Licht: 2","156769","2","4","6","10","18","6","","2","0","1","1","0"
"POINT (9.994350271000030 53.511476337000033)","Unfall 156770 (2023) Kat:3, Licht: 2","156770","3","5","5","10","20","6","","2","0","1","0","0"
"POINT (9.874001141000065 53.586872452000080)","Unfall 156771 (2023) Kat:3, Licht: 1","156771","3","7","6","10","16","1","","1","0","1","1","0"
"POINT (10.107900977000043 53.564273412000034)","Unfall 156772 (2023) Kat:3, Licht: 2","156772","3","7","0","10","01","6","","2","0","0","0","0"
"POINT (10.059251153000048 53.549801251000076)","Unfall 156773 (2023) Kat:3, Licht: 2","156773","3","5","1","10","17","6","","2","0","1","0","0"
"POINT (10.165731770000036 53.622420977000047)","Unfall 156774 (2023) Kat:3, Licht: 0","156774","3","2","3","10","13","6","","0","0","0","0","0"
"POINT (10.082544028000029 53.576656195000055)","Unfall 156775 (2023) Kat:3, Licht: 2","156775","3","2","2","10","23","6","","2","0","1","0","0"
"POINT (10.069758423000053 53.579155392000075)","Unfall 156776 (2023) Kat:3, Licht: 2","156776","3","6","2","10","20","6","","2","0","1","0","0"
"POINT (10.076003274000072 53.589261907000036)","Unfall 156777 (2023) Kat:3, Licht: 1","156777","3","3","5","10","17","6","","1","1","1","0","0"
"POINT (10.055593511000041 53.582562886000062)","Unfall 156778 (2023) Kat:3, Licht: 0","156778","3","2","3","10","16","6","","0","1","1","0","0"
"POINT (10.085950518000061 53.566778694000050)","Unfall 156779 (2023) Kat:3, Licht: 2","156779","3","5","1","10","04","6","","2","0","1","0","0"
"POINT (10.155185532000075 53.639734303000068)","Unfall 156780 (2023) Kat:2, Licht: 2","156780","2","2","6","10","19","6","","2","0","1","1","0"
"POINT (9.934095887000069 53.592629228000078)","Unfall 156781 (2023) Kat:3, Licht: 0","156781","3","6","2","10","09","6","","0","0","1","0","0"
"POINT (9.924167191000038 53.569052673000044)","Unfall 156782 (2023) Kat:3, Licht: 0","156782","3","1","0","10","12","6","","0","1","0","0","0"
"POINT (9.991607899000030 53.589034863000052)","Unfall 156783 (2023) Kat:2, Licht: 2","156783","2","4","6","10","19","6","","2","0","0","1","0"
"POINT (9.931885929000032 53.546569632000057)","Unfall 156784 (2023) Kat:3, Licht: 0","156784","3","6","0","10","08","6","","0","1","0","0","1"
"POINT (9.966247937000048 53.571363554000072)","Unfall 156785 (2023) Kat:3, Licht: 1","156785","3","7","0","10","17","6","","1","0","1","0","0"
"POINT (9.862132076000023 53.583703970000045)","Unfall 156786 (2023) Kat:3, Licht: 1","156786","3","3","0","10","07","3","","1","1","1","0","0"
"POINT (9.978524132000075 53.571785231000035)","Unfall 156787 (2023) Kat:3, Licht: 0","156787","3","7","0","10","12","6","","0","0","0","0","0"
"POINT (10.057164085000068 53.580162762000043)","Unfall 156788 (2023) Kat:3, Licht: 2","156788","3","2","4","11","03","3","","2","0","1","0","0"
"POINT (10.024222710000060 53.527953355000079)","Unfall 156789 (2023) Kat:3, Licht: 2","156789","3","3","5","10","18","5","","2","0","1","0","0"
"POINT (10.078507457000057 53.550302142000078)","Unfall 156790 (2023) Kat:3, Licht: 1","156790","3","2","4","10","17","5","","1","0","1","0","1"
"POINT (10.097233798000047 53.534060026000077)","Unfall 156791 (2023) Kat:3, Licht: 2","156791","3","7","0","10","07","5","","2","0","0","0","0"
"POINT (10.046326800000031 53.533604486000058)","Unfall 156792 (2023) Kat:3, Licht: 2","156792","3","4","6","10","06","5","","2","0","0","1","0"
"POINT (10.148132526000040 53.605358360000082)","Unfall 156793 (2023) Kat:2, Licht: 1","156793","2","2","4","10","17","5","","1","0","1","0","0"
"POINT (10.098188823000044 53.591287620000060)","Unfall 156794 (2023) Kat:2, Licht: 0","156794","2","2","3","10","14","5","","0","1","1","0","0"
"POINT (10.080894577000038 53.641591065000057)","Unfall 156795 (2023) Kat:3, Licht: 1","156795","3","2","6","10","07","5","","1","0","1","1","0"
"POINT (10.010573339000075 53.569846184000028)","Unfall 156796 (2023) Kat:3, Licht: 0","156796","3","3","5","10","14","5","","0","1","1","0","0"
"POINT (10.054170997000028 53.583928273000026)","Unfall 156797 (2023) Kat:2, Licht: 0","156797","2","4","6","10","14","5","","0","0","0","1","0"
"POINT (10.046952240000053 53.583396843000060)","Unfall 156798 (2023) Kat:3, Licht: 0","156798","3","7","0","10","15","5","","0","1","0","0","0"
"POINT (9.936486294000076 53.550246938000043)","Unfall 156799 (2023) Kat:3, Licht: 2","156799","3","2","3","10","18","5","","2","1","1","0","0"
"POINT (9.944561522000072 53.565187721000029)","Unfall 156800 (2023) Kat:3, Licht: 0","156800","3","2","4","10","13","5","","0","0","1","0","1"
"POINT (9.990168120000021 53.571025238000061)","Unfall 156801 (2023) Kat:3, Licht: 2","156801","3","5","3","10","19","5","","2","1","1","0","0"
"POINT (9.990094792000036 53.580863234000049)","Unfall 156802 (2023) Kat:3, Licht: 0","156802","3","1","0","10","09","5","","0","1","0","0","0"
"POINT (9.974986368000032 53.544881296000028)","Unfall 156803 (2023) Kat:3, Licht: 0","156803","3","6","2","10","16","5","","0","0","1","0","0"
"POINT (10.001492276000022 53.549241325000082)","Unfall 156804 (2023) Kat:3, Licht: 0","156804","3","3","5","10","13","5","","0","0","1","0","0"
"POINT (9.805091600000026 53.530038394000030)","Unfall 156805 (2023) Kat:3, Licht: 2","156805","3","6","4","10","18","4","","2","0","1","0","0"
"POINT (9.896366409000052 53.515383550000081)","Unfall 156806 (2023) Kat:3, Licht: 0","156806","3","2","4","10","13","4","","0","1","1","0","0"
"POINT (9.983571958000027 53.462190894000059)","Unfall 156807 (2023) Kat:3, Licht: 0","156807","3","7","6","10","12","4","","0","0","1","1","0"
"POINT (10.024245033000057 53.529692803000046)","Unfall 156808 (2023) Kat:3, Licht: 0","156808","3","6","3","10","10","4","","0","0","1","0","0"
"POINT (10.023801580000054 53.528111763000027)","Unfall 156809 (2023) Kat:3, Licht: 0","156809","3","6","2","10","10","4","","0","0","1","0","0"
"POINT (10.001357780000035 53.662621004000073)","Unfall 156810 (2023) Kat:3, Licht: 0","156810","3","7","0","10","09","2","","0","1","0","0","0"
"POINT (10.115939039000068 53.485221302000070)","Unfall 156811 (2023) Kat:3, Licht: 2","156811","3","2","4","10","20","4","","2","0","1","0","0"
"POINT (10.168824789000041 53.595207339000069)","Unfall 156812 (2023) Kat:3, Licht: 0","156812","3","3","5","10","12","4","","0","0","1","0","0"
"POINT (10.094731858000046 53.639261228000066)","Unfall 156813 (2023) Kat:3, Licht: 0","156813","3","2","3","10","15","4","","0","1","1","0","0"
"POINT (10.054494898000030 53.646396836000065)","Unfall 156814 (2023) Kat:3, Licht: 1","156814","3","6","2","10","16","4","","1","0","1","0","0"
"POINT (10.009699231000070 53.649430385000073)","Unfall 156815 (2023) Kat:3, Licht: 0","156815","3","6","2","10","13","4","","0","0","1","0","0"
"POINT (10.013042453000025 53.644314829000052)","Unfall 156816 (2023) Kat:3, Licht: 0","156816","3","2","3","10","08","4","","0","0","1","0","1"
"POINT (9.948821650000070 53.549015334000046)","Unfall 156817 (2023) Kat:3, Licht: 0","156817","3","6","2","10","12","4","","0","0","1","0","0"
"POINT (9.962062988000071 53.553995870000051)","Unfall 156818 (2023) Kat:3, Licht: 2","156818","3","4","6","10","00","4","","2","0","1","1","0"
"POINT (10.000821338000037 53.555545582000036)","Unfall 156819 (2023) Kat:3, Licht: 2","156819","3","3","5","10","17","4","","2","1","1","0","0"
"POINT (10.022808551000026 53.529558124000062)","Unfall 156820 (2023) Kat:3, Licht: 0","156820","3","6","2","10","12","3","","0","0","1","0","0"
"POINT (10.101057986000058 53.442070583000032)","Unfall 156821 (2023) Kat:3, Licht: 0","156821","3","1","0","10","15","3","","0","0","0","0","1"
"POINT (10.251393585000073 53.415631541000039)","Unfall 156822 (2023) Kat:1, Licht: 0","156822","1","5","1","10","15","3","","0","1","1","0","0"
"POINT (10.017890899000065 53.549657252000031)","Unfall 156823 (2023) Kat:3, Licht: 0","156823","3","6","2","10","14","3","","0","0","1","0","0"
"POINT (10.113806245000035 53.624798146000046)","Unfall 156824 (2023) Kat:3, Licht: 0","156824","3","2","4","10","11","3","","0","1","1","0","0"
"POINT (10.071993042000031 53.570830570000055)","Unfall 156825 (2023) Kat:3, Licht: 0","156825","3","6","2","10","08","3","","0","0","1","0","0"
"POINT (10.043246467000074 53.607760916000075)","Unfall 156826 (2023) Kat:2, Licht: 0","156826","2","3","5","10","13","3","","0","1","0","0","0"
"POINT (10.059033918000068 53.597294708000049)","Unfall 156827 (2023) Kat:3, Licht: 0","156827","3","2","4","10","13","3","","0","0","1","0","0"
"POINT (10.087968961000058 53.656033545000071)","Unfall 156828 (2023) Kat:3, Licht: 2","156828","3","2","5","10","03","3","","2","0","1","0","0"
"POINT (10.028800811000053 53.600070299000038)","Unfall 156829 (2023) Kat:3, Licht: 0","156829","3","6","2","10","15","3","","0","0","1","0","0"
"POINT (9.844627848000073 53.554536071000030)","Unfall 156830 (2023) Kat:2, Licht: 0","156830","2","5","1","10","14","3","","0","0","1","0","0"
"POINT (9.913037701000064 53.546125070000073)","Unfall 156831 (2023) Kat:3, Licht: 2","156831","3","5","1","10","04","3","","2","0","1","0","0"
"POINT (9.949237177000043 53.582382378000034)","Unfall 156832 (2023) Kat:3, Licht: 2","156832","3","1","8","10","21","3","","2","1","0","0","0"
"POINT (9.977872453000032 53.544066506000036)","Unfall 156833 (2023) Kat:3, Licht: 0","156833","3","6","2","10","16","3","","0","0","1","0","0"
"POINT (10.018228841000052 53.552552652000031)","Unfall 156834 (2023) Kat:3, Licht: 1","156834","3","7","0","10","18","3","","1","0","0","0","0"
"POINT (10.016564807000066 53.523776795000060)","Unfall 156835 (2023) Kat:3, Licht: 0","156835","3","7","0","10","12","2","","0","1","0","0","0"
"POINT (10.156500752000056 53.489789086000030)","Unfall 156836 (2023) Kat:3, Licht: 0","156836","3","2","4","10","17","2","","0","1","1","0","0"
"POINT (10.090812406000055 53.506765841000060)","Unfall 156837 (2023) Kat:2, Licht: 2","156837","2","6","2","10","05","2","","2","0","1","0","0"
"POINT (10.084748908000051 53.534498706000079)","Unfall 156838 (2023) Kat:2, Licht: 2","156838","2","6","4","10","18","2","","2","0","1","0","0"
"POINT (10.106940535000035 53.547348403000058)","Unfall 156839 (2023) Kat:3, Licht: 0","156839","3","6","2","10","13","2","","0","0","1","0","0"
"POINT (10.126408055000070 53.546781499000076)","Unfall 156840 (2023) Kat:3, Licht: 1","156840","3","6","2","10","17","2","","1","0","1","0","0"
"POINT (10.141419481000071 53.583912953000038)","Unfall 156841 (2023) Kat:3, Licht: 0","156841","3","2","6","10","15","2","","0","0","1","1","0"
"POINT (10.074736806000033 53.574745684000050)","Unfall 156842 (2023) Kat:3, Licht: 0","156842","3","2","3","10","13","2","","0","1","0","0","0"
"POINT (10.151174067000056 53.669843459000049)","Unfall 156843 (2023) Kat:3, Licht: 0","156843","3","7","7","10","18","2","","0","1","0","0","0"
"POINT (10.077825641000061 53.653279926000039)","Unfall 156844 (2023) Kat:3, Licht: 0","156844","3","6","2","10","14","2","","0","0","1","0","0"
"POINT (10.039439529000049 53.648231951000071)","Unfall 156845 (2023) Kat:3, Licht: 0","156845","3","6","3","10","16","2","","0","0","1","0","0"
"POINT (10.018161741000029 53.564557227000080)","Unfall 156846 (2023) Kat:3, Licht: 0","156846","3","4","6","10","09","2","","0","0","1","1","0"
"POINT (10.038790910000046 53.568733270000052)","Unfall 156847 (2023) Kat:3, Licht: 0","156847","3","1","0","10","17","2","","0","1","0","0","0"
"POINT (10.041878045000033 53.591470391000030)","Unfall 156848 (2023) Kat:3, Licht: 0","156848","3","3","5","10","13","2","","0","1","1","0","0"
"POINT (9.907218859000068 53.567223505000072)","Unfall 156849 (2023) Kat:3, Licht: 2","156849","3","3","5","10","22","2","","2","1","1","0","0"
"POINT (9.872966767000037 53.591279934000056)","Unfall 156850 (2023) Kat:3, Licht: 1","156850","3","7","0","10","06","2","","1","0","0","0","1"
"POINT (10.001163526000028 53.567441468000027)","Unfall 156851 (2023) Kat:3, Licht: 0","156851","3","7","0","10","18","2","","0","1","0","0","0"
"POINT (10.002623389000064 53.554520251000042)","Unfall 156852 (2023) Kat:3, Licht: 0","156852","3","3","5","10","15","2","","0","0","1","0","0"
"POINT (9.876352075000057 53.505224373000033)","Unfall 156853 (2023) Kat:3, Licht: 2","156853","3","6","2","10","19","1","","2","0","1","0","0"
"POINT (9.987642544000039 53.451851657000077)","Unfall 156854 (2023) Kat:3, Licht: 1","156854","3","3","5","10","18","1","","1","0","1","0","0"
"POINT (10.237570661000063 53.468214109000030)","Unfall 156855 (2023) Kat:3, Licht: 1","156855","3","6","4","10","16","1","","1","0","1","0","0"
"POINT (10.103136774000063 53.552570041000081)","Unfall 156856 (2023) Kat:3, Licht: 2","156856","3","7","0","10","05","1","","2","1","0","0","0"
"POINT (10.032686646000059 53.591019832000029)","Unfall 156857 (2023) Kat:3, Licht: 0","156857","3","7","0","10","15","1","","0","0","0","0","1"
"POINT (10.037012155000070 53.565347524000060)","Unfall 156858 (2023) Kat:3, Licht: 2","156858","3","2","4","10","04","1","","2","0","1","0","0"
"POINT (10.040515025000047 53.595010529000035)","Unfall 156859 (2023) Kat:3, Licht: 1","156859","3","2","6","10","19","1","","1","0","1","1","0"
"POINT (9.979811203000054 53.606690227000058)","Unfall 156860 (2023) Kat:3, Licht: 0","156860","3","6","2","10","17","1","","0","0","1","0","0"
"POINT (9.970579393000037 53.567919030000041)","Unfall 156861 (2023) Kat:3, Licht: 0","156861","3","6","2","10","16","1","","0","0","1","0","0"
"POINT (9.966397959000062 53.565837856000030)","Unfall 156862 (2023) Kat:3, Licht: 0","156862","3","6","2","10","12","1","","0","0","1","0","0"
"POINT (9.885814364000055 53.467028075000030)","Unfall 156863 (2023) Kat:2, Licht: 0","156863","2","1","0","10","09","7","","0","1","0","0","0"
"POINT (10.019745731000057 53.488111536000076)","Unfall 156864 (2023) Kat:3, Licht: 0","156864","3","7","7","10","16","7","","0","1","0","0","0"
"POINT (10.091010389000076 53.506227563000039)","Unfall 156865 (2023) Kat:3, Licht: 0","156865","3","6","3","10","13","7","","0","0","1","0","0"
"POINT (10.025334376000046 53.557297210000058)","Unfall 156866 (2023) Kat:3, Licht: 2","156866","3","6","2","10","19","7","","2","0","1","0","0"
"POINT (9.941558157000031 53.564642350000042)","Unfall 156867 (2023) Kat:3, Licht: 1","156867","3","6","3","11","06","4","","1","0","1","0","0"
"POINT (9.941784865000045 53.580084574000068)","Unfall 156868 (2023) Kat:3, Licht: 0","156868","3","7","5","10","10","7","","0","1","1","0","0"
"POINT (9.948786585000050 53.549010614000053)","Unfall 156869 (2023) Kat:3, Licht: 0","156869","3","6","2","10","14","7","","0","0","1","0","0"
"POINT (9.948761363000074 53.549007219000032)","Unfall 156870 (2023) Kat:3, Licht: 0","156870","3","6","2","10","11","7","","0","0","1","0","0"
"POINT (9.989075583000044 53.553994169000077)","Unfall 156871 (2023) Kat:3, Licht: 0","156871","3","4","6","10","13","7","","0","0","1","1","0"
"POINT (10.022252536000053 53.529273601000057)","Unfall 156872 (2023) Kat:3, Licht: 0","156872","3","6","2","10","07","6","","0","0","0","0","0"
"POINT (10.262137377000045 53.424240164000082)","Unfall 156873 (2023) Kat:2, Licht: 0","156873","2","6","4","10","08","6","","0","0","1","0","0"
"POINT (10.147632599000076 53.529751432000069)","Unfall 156874 (2023) Kat:2, Licht: 2","156874","2","3","0","10","18","6","","2","0","0","0","0"
"POINT (10.133200396000063 53.593223379000051)","Unfall 156875 (2023) Kat:2, Licht: 0","156875","2","7","0","10","13","6","","0","0","1","0","1"
"POINT (10.074812498000028 53.572213503000057)","Unfall 156876 (2023) Kat:3, Licht: 0","156876","3","2","3","10","12","6","","0","1","1","0","0"
"POINT (10.092556851000040 53.654599263000080)","Unfall 156877 (2023) Kat:3, Licht: 0","156877","3","4","6","10","16","6","","0","0","1","1","0"
"POINT (10.172367634000068 53.653609202000041)","Unfall 156878 (2023) Kat:3, Licht: 0","156878","3","3","5","10","13","6","","0","1","0","0","0"
"POINT (10.076067146000071 53.655449843000042)","Unfall 156879 (2023) Kat:3, Licht: 1","156879","3","5","5","10","08","6","","1","1","1","0","0"
"POINT (10.014359638000030 53.630565736000051)","Unfall 156880 (2023) Kat:3, Licht: 0","156880","3","6","2","10","14","6","","0","0","1","0","0"
"POINT (9.975318339000069 53.579043279000075)","Unfall 156881 (2023) Kat:3, Licht: 0","156881","3","7","0","10","09","6","","0","1","0","0","0"
"POINT (9.983832488000076 53.614381029000072)","Unfall 156882 (2023) Kat:3, Licht: 2","156882","3","3","5","10","05","6","","2","1","1","0","0"
"POINT (9.936515795000048 53.550245842000038)","Unfall 156883 (2023) Kat:3, Licht: 2","156883","3","2","6","10","19","6","","2","0","0","1","0"
"POINT (9.917692322000050 53.553745806000052)","Unfall 156884 (2023) Kat:3, Licht: 0","156884","3","2","4","10","15","6","","0","1","1","0","0"
"POINT (9.993943122000076 53.579592529000081)","Unfall 156885 (2023) Kat:3, Licht: 0","156885","3","3","0","10","10","6","","0","1","0","0","0"
"POINT (10.008683412000039 53.552626584000052)","Unfall 156886 (2023) Kat:3, Licht: 0","156886","3","4","6","10","08","6","","0","0","1","1","0"
"POINT (9.863429348000068 53.469816738000077)","Unfall 156887 (2023) Kat:3, Licht: 0","156887","3","3","5","10","08","5","","0","1","1","0","0"
"POINT (10.111408524000069 53.490291970000044)","Unfall 156888 (2023) Kat:3, Licht: 0","156888","3","3","5","10","16","5","","0","0","1","0","0"
"POINT (10.061299956000028 53.643735067000080)","Unfall 156889 (2023) Kat:3, Licht: 0","156889","3","5","5","11","15","4","","0","0","1","0","0"
"POINT (10.093372050000028 53.545693365000034)","Unfall 156890 (2023) Kat:2, Licht: 0","156890","2","4","6","10","15","5","","0","0","1","1","0"
"POINT (10.042684452000060 53.555652735000081)","Unfall 156891 (2023) Kat:3, Licht: 0","156891","3","2","2","10","17","5","","0","1","0","0","0"
"POINT (10.107452869000042 53.624833902000034)","Unfall 156892 (2023) Kat:3, Licht: 1","156892","3","5","1","11","16","6","","1","0","1","0","0"
"POINT (10.065266924000071 53.559732802000042)","Unfall 156893 (2023) Kat:3, Licht: 0","156893","3","2","3","10","08","5","","0","1","0","0","0"
"POINT (10.121955312000068 53.605302650000056)","Unfall 156894 (2023) Kat:3, Licht: 0","156894","3","1","0","10","13","5","","0","1","0","0","0"
"POINT (10.065419421000058 53.598003412000082)","Unfall 156895 (2023) Kat:3, Licht: 1","156895","3","6","2","10","17","5","","1","0","1","0","0"
"POINT (10.105613888000050 53.651059617000044)","Unfall 156896 (2023) Kat:3, Licht: 0","156896","3","7","0","10","10","5","","0","1","0","0","0"
"POINT (9.871641690000047 53.533787013000051)","Unfall 156897 (2023) Kat:3, Licht: 0","156897","3","4","6","11","09","2","","0","0","1","1","0"
"POINT (10.046101485000065 53.675644551000062)","Unfall 156898 (2023) Kat:3, Licht: 0","156898","3","3","5","10","18","5","","0","1","1","0","0"