WKT,Name,OBJECTID,UKATEGORIE,UTYP1,UART,UMONAT,USTUNDE,UWOCHENTAG,STRZUSTAND,ULICHTVERH,ISTRAD,ISTPKW,ISTFUSS,ISTKRAD
"POINT (10.032823010000072 53.622494588000052)","Unfall 156899 (2023) Kat:3, Licht: 0","156899","3","6","2","10","13","5","","0","0","1","0","0"
"POINT (10.000310759000058 53.639706609000029)","Unfall 156900 (2023) Kat:3, Licht: 1","156900","3","7","3","10","18","5","","1","1","1","0","0"
"POINT (10.011539073000051 53.610233610000080)","Unfall 156901 (2023) Kat:2, Licht: 0","156901","2","2","4","10","07","5","","0","0","1","0","0"
"POINT (9.852850151000041 53.592357017000040)","Unfall 156902 (2023) Kat:3, Licht: 2","156902","3","4","6","10","18","5","","2","0","0","1","0"
"POINT (9.821489928000062 53.569831438000051)","Unfall 156903 (2023) Kat:3, Licht: 0","156903","3","5","3","10","18","5","","0","1","1","0","0"
"POINT (9.894672961000026 53.583742010000037)","Unfall 156904 (2023) Kat:3, Licht: 0","156904","3","2","3","10","11","5","","0","1","1","0","0"
"POINT (9.949958300000048 53.556805408000059)","Unfall 156905 (2023) Kat:3, Licht: 0","156905","3","2","3","10","09","5","","0","1","1","0","0"
"POINT (9.943042177000052 53.555623540000056)","Unfall 156906 (2023) Kat:3, Licht: 0","156906","3","6","2","10","09","5","","0","0","1","0","0"
"POINT (9.962673486000028 53.561166438000043)","Unfall 156907 (2023) Kat:3, Licht: 0","156907","3","4","6","10","16","5","","0","0","1","1","0"
"POINT (9.974723353000059 53.556537945000059)","Unfall 156908 (2023) Kat:3, Licht: 1","156908","3","6","2","10","06","5","","1","0","1","0","0"
"POINT (10.005991096000059 53.550143268000056)","Unfall 156909 (2023) Kat:3, Licht: 0","156909","3","6","3","10","16","5","","0","0","1","0","0"
"POINT (10.006310500000041 53.548457744000075)","Unfall 156910 (2023) Kat:3, Licht: 0","156910","3","6","4","10","14","5","","0","1","0","0","0"
"POINT (10.010814234000065 53.460771883000064)","Unfall 156911 (2023) Kat:3, Licht: 0","156911","3","2","3","10","08","4","","0","0","1","0","1"
"POINT (10.208001864000039 53.490736132000052)","Unfall 156912 (2023) Kat:3, Licht: 0","156912","3","6","6","10","15","4","","0","0","0","1","0"
"POINT (10.007361033000052 53.545757554000033)","Unfall 156913 (2023) Kat:3, Licht: 0","156913","3","7","0","10","14","4","","0","1","0","0","0"
"POINT (10.133981438000035 53.622454397000070)","Unfall 156914 (2023) Kat:3, Licht: 2","156914","3","6","2","10","21","4","","2","0","1","0","0"
"POINT (10.107133750000060 53.566336662000026)","Unfall 156915 (2023) Kat:3, Licht: 0","156915","3","6","2","10","15","4","","0","0","1","0","0"
"POINT (10.076850458000024 53.616226097000037)","Unfall 156916 (2023) Kat:3, Licht: 0","156916","3","1","0","10","10","4","","0","0","0","0","0"
"POINT (9.997944302000064 53.595678528000064)","Unfall 156917 (2023) Kat:3, Licht: 0","156917","3","5","1","10","15","4","","0","1","1","0","0"
"POINT (10.042851196000072 53.570869557000037)","Unfall 156918 (2023) Kat:3, Licht: 0","156918","3","7","0","10","09","4","","0","1","0","0","0"
"POINT (9.886943580000036 53.620472627000026)","Unfall 156919 (2023) Kat:3, Licht: 1","156919","3","2","3","10","07","4","","1","0","1","0","0"
"POINT (10.070276669000066 53.573203969000076)","Unfall 156920 (2023) Kat:3, Licht: 2","156920","3","2","3","11","16","2","","2","1","0","0","0"
"POINT (9.877131484000074 53.587475261000066)","Unfall 156921 (2023) Kat:3, Licht: 1","156921","3","6","2","10","17","4","","1","0","1","0","0"
"POINT (9.971745906000024 53.587332112000070)","Unfall 156922 (2023) Kat:3, Licht: 0","156922","3","7","6","10","14","4","","0","0","0","1","0"
"POINT (9.977446690000022 53.571461921000036)","Unfall 156923 (2023) Kat:3, Licht: 2","156923","3","2","6","10","21","4","","2","0","1","1","0"
"POINT (9.987145849000058 53.548861273000057)","Unfall 156924 (2023) Kat:2, Licht: 1","156924","2","7","0","10","17","4","","1","1","0","0","0"
"POINT (9.989273705000073 53.558299829000077)","Unfall 156925 (2023) Kat:3, Licht: 2","156925","3","3","5","10","00","4","","2","0","1","0","0"
"POINT (9.983941374000040 53.432476093000048)","Unfall 156926 (2023) Kat:3, Licht: 0","156926","3","2","3","10","10","3","","0","1","1","0","0"
"POINT (9.994260621000024 53.519442393000077)","Unfall 156927 (2023) Kat:3, Licht: 0","156927","3","1","0","10","08","3","","0","1","0","0","0"
"POINT (10.240058236000039 53.476119221000033)","Unfall 156928 (2023) Kat:3, Licht: 0","156928","3","2","4","10","07","3","","0","0","1","0","0"
"POINT (10.127637377000042 53.542976824000050)","Unfall 156929 (2023) Kat:3, Licht: 0","156929","3","5","1","10","17","3","","0","0","1","0","1"
"POINT (10.039203061000023 53.606561620000036)","Unfall 156930 (2023) Kat:3, Licht: 2","156930","3","3","5","10","18","3","","2","0","1","0","0"
"POINT (10.096002848000069 53.548373618000028)","Unfall 156931 (2023) Kat:3, Licht: 0","156931","3","5","1","10","16","3","","0","0","1","0","0"
"POINT (10.106265040000039 53.538131763000081)","Unfall 156932 (2023) Kat:3, Licht: 0","156932","3","7","1","10","14","3","","0","0","1","0","1"
"POINT (10.082514554000056 53.576649076000081)","Unfall 156933 (2023) Kat:3, Licht: 0","156933","3","3","5","10","12","3","","0","0","1","0","0"
"POINT (10.095332067000072 53.656188253000039)","Unfall 156934 (2023) Kat:3, Licht: 0","156934","3","7","5","10","13","3","","0","0","1","0","0"
"POINT (10.130321833000039 53.650707453000052)","Unfall 156935 (2023) Kat:3, Licht: 0","156935","3","6","0","10","07","3","","0","1","1","0","0"
"POINT (10.014079409000033 53.571545681000032)","Unfall 156936 (2023) Kat:3, Licht: 2","156936","3","2","3","10","07","3","","2","0","1","0","1"
"POINT (9.884033103000036 53.559532029000081)","Unfall 156937 (2023) Kat:3, Licht: 0","156937","3","2","3","10","16","3","","0","1","0","0","0"
"POINT (9.901013617000046 53.569854195000062)","Unfall 156938 (2023) Kat:3, Licht: 0","156938","3","7","0","10","14","3","","0","1","0","0","0"
"POINT (9.897273562000066 53.565659984000035)","Unfall 156939 (2023) Kat:3, Licht: 0","156939","3","2","3","10","12","3","","0","1","1","0","0"
"POINT (9.911391229000060 53.638945356000079)","Unfall 156940 (2023) Kat:3, Licht: 0","156940","3","5","1","10","07","3","","0","1","1","0","0"
"POINT (9.960141747000023 53.593463010000050)","Unfall 156941 (2023) Kat:3, Licht: 0","156941","3","5","3","10","13","3","","0","1","1","0","0"
"POINT (9.966466826000044 53.578278980000050)","Unfall 156942 (2023) Kat:3, Licht: 0","156942","3","5","1","10","13","3","","0","1","0","0","0"
"POINT (9.948421462000056 53.560126368000056)","Unfall 156943 (2023) Kat:3, Licht: 0","156943","3","7","0","10","14","3","","0","1","0","0","0"
"POINT (10.010380162000047 53.550928684000041)","Unfall 156944 (2023) Kat:3, Licht: 0","156944","3","6","2","10","10","3","","0","0","1","0","0"
"POINT (9.968504473000053 53.500389561000077)","Unfall 156945 (2023) Kat:3, Licht: 0","156945","3","6","2","10","08","3","","0","0","1","0","0"
"POINT (9.966431882000052 53.540538143000049)","Unfall 156946 (2023) Kat:3, Licht: 0","156946","3","7","0","10","10","3","","0","1","1","0","0"
"POINT (9.987755413000059 53.439144903000056)","Unfall 156947 (2023) Kat:3, Licht: 0","156947","3","3","5","10","12","2","","0","0","1","0","0"
"POINT (10.206212130000040 53.494669175000070)","Unfall 156948 (2023) Kat:3, Licht: 1","156948","3","2","3","10","07","2","","1","1","0","0","0"
"POINT (10.072022325000034 53.608703873000081)","Unfall 156949 (2023) Kat:3, Licht: 2","156949","3","6","2","10","20","2","","2","0","1","0","0"
"POINT (10.044674394000026 53.607856715000082)","Unfall 156950 (2023) Kat:3, Licht: 0","156950","3","3","5","10","08","2","","0","1","0","0","0"
"POINT (10.003140876000032 53.679556599000080)","Unfall 156951 (2023) Kat:3, Licht: 0","156951","3","6","0","10","16","2","","0","1","0","0","0"
"POINT (10.045857931000057 53.578990944000054)","Unfall 156952 (2023) Kat:3, Licht: 0","156952","3","3","5","10","11","2","","0","1","1","0","0"
"POINT (10.045735838000041 53.563958057000036)","Unfall 156953 (2023) Kat:2, Licht: 1","156953","2","3","5","10","18","2","","1","0","1","0","0"
"POINT (9.932839987000023 53.583523670000034)","Unfall 156954 (2023) Kat:3, Licht: 0","156954","3","2","4","10","08","2","","0","1","0","0","0"
"POINT (9.931211155000028 53.592382687000054)","Unfall 156955 (2023) Kat:3, Licht: 0","156955","3","6","2","10","13","2","","0","0","1","0","0"
"POINT (9.874172673000032 53.602027818000067)","Unfall 156956 (2023) Kat:3, Licht: 1","156956","3","5","5","10","08","2","","1","1","1","0","0"
"POINT (9.946404534000067 53.593386327000076)","Unfall 156957 (2023) Kat:3, Licht: 2","156957","3","3","5","10","19","2","","2","1","1","0","0"
"POINT (9.925245933000042 53.550102320000065)","Unfall 156958 (2023) Kat:3, Licht: 0","156958","3","3","5","10","12","2","","0","0","1","0","0"
"POINT (10.006555299000070 53.551846300000079)","Unfall 156959 (2023) Kat:3, Licht: 0","156959","3","6","0","10","12","2","","0","0","0","0","0"
"POINT (9.956106621000060 53.459238288000051)","Unfall 156960 (2023) Kat:3, Licht: 0","156960","3","6","3","10","10","1","","0","1","1","0","0"
"POINT (9.949584491000053 53.569742715000075)","Unfall 156961 (2023) Kat:3, Licht: 2","156961","3","7","0","10","22","3","","2","1","0","0","0"
"POINT (10.145650832000058 53.629695236000032)","Unfall 156962 (2023) Kat:3, Licht: 2","156962","3","7","0","10","22","1","","2","0","0","1","0"
"POINT (10.106555259000061 53.614867698000069)","Unfall 156963 (2023) Kat:3, Licht: 0","156963","3","3","5","10","10","1","","0","1","1","0","0"
"POINT (10.067989807000060 53.561966870000049)","Unfall 156964 (2023) Kat:2, Licht: 0","156964","2","2","3","10","15","1","","0","0","1","0","1"
"POINT (10.032511306000060 53.612664892000055)","Unfall 156965 (2023) Kat:2, Licht: 0","156965","2","4","6","10","12","1","","0","0","1","1","0"
"POINT (10.033526114000040 53.584726982000063)","Unfall 156966 (2023) Kat:3, Licht: 2","156966","3","6","2","10","22","1","","2","0","1","0","0"
"POINT (10.092619256000035 53.654702212000075)","Unfall 156967 (2023) Kat:3, Licht: 2","156967","3","7","0","11","18","5","","2","0","0","0","0"
"POINT (9.793795389000024 53.562686046000067)","Unfall 156968 (2023) Kat:3, Licht: 0","156968","3","1","1","10","15","1","","0","1","1","0","0"
"POINT (9.891051982000022 53.595898505000036)","Unfall 156969 (2023) Kat:3, Licht: 1","156969","3","5","1","10","17","1","","1","0","0","0","1"
"POINT (9.979736791000050 53.590577325000027)","Unfall 156970 (2023) Kat:3, Licht: 0","156970","3","2","2","10","16","1","","0","0","1","0","1"
"POINT (9.928587165000067 53.554641942000046)","Unfall 156971 (2023) Kat:3, Licht: 0","156971","3","3","5","10","15","1","","0","1","1","0","0"
"POINT (10.013892696000028 53.561530352000034)","Unfall 156972 (2023) Kat:3, Licht: 2","156972","3","1","8","10","00","1","","2","0","1","0","0"
"POINT (9.947611574000064 53.466700605000028)","Unfall 156973 (2023) Kat:3, Licht: 0","156973","3","6","4","10","07","7","","0","0","1","0","0"
"POINT (10.147765788000072 53.621883450000041)","Unfall 156974 (2023) Kat:2, Licht: 0","156974","2","6","4","10","15","2","","0","0","1","0","0"
"POINT (10.029126158000054 53.555008394000026)","Unfall 156975 (2023) Kat:3, Licht: 2","156975","3","7","0","10","21","7","","2","0","0","1","0"
"POINT (10.031087672000069 53.554473192000046)","Unfall 156976 (2023) Kat:3, Licht: 1","156976","3","6","2","10","17","7","","1","0","1","0","0"
"POINT (10.162863388000062 53.624144400000034)","Unfall 156977 (2023) Kat:3, Licht: 0","156977","3","3","5","10","17","7","","0","0","1","0","0"
"POINT (10.151880638000023 53.596058123000034)","Unfall 156978 (2023) Kat:3, Licht: 0","156978","3","2","3","10","13","7","","0","1","1","0","0"
"POINT (10.058118493000052 53.576007890000028)","Unfall 156979 (2023) Kat:3, Licht: 0","156979","3","1","8","10","11","7","","0","0","1","0","0"
"POINT (9.974243982000075 53.610866275000035)","Unfall 156980 (2023) Kat:3, Licht: 0","156980","3","6","2","10","10","7","","0","0","1","0","0"
"POINT (9.964321291000033 53.568213986000046)","Unfall 156981 (2023) Kat:3, Licht: 2","156981","3","7","6","10","22","7","","2","0","1","1","0"
"POINT (9.993942983000068 53.579588139000066)","Unfall 156982 (2023) Kat:3, Licht: 2","156982","3","3","5","10","20","7","","2","1","1","0","0"
"POINT (9.964724090000061 53.550451807000059)","Unfall 156983 (2023) Kat:3, Licht: 2","156983","3","1","0","10","04","7","","2","0","0","0","0"
"POINT (9.875365681000062 53.472600406000026)","Unfall 156984 (2023) Kat:3, Licht: 0","156984","3","3","5","10","16","6","","0","1","1","0","0"
"POINT (10.157327992000035 53.484535017000042)","Unfall 156985 (2023) Kat:2, Licht: 0","156985","2","7","0","10","11","6","","0","1","0","0","0"
"POINT (10.175605155000028 53.469058154000038)","Unfall 156986 (2023) Kat:2, Licht: 0","156986","2","7","6","10","17","6","","0","0","1","1","0"
"POINT (10.115769536000073 53.488067659000080)","Unfall 156987 (2023) Kat:3, Licht: 0","156987","3","3","5","10","16","6","","0","0","1","0","0"
"POINT (9.964703084000064 53.567566621000026)","Unfall 156988 (2023) Kat:3, Licht: 1","156988","3","2","3","11","17","3","","1","1","1","0","0"
"POINT (10.171059954000043 53.513694533000034)","Unfall 156989 (2023) Kat:3, Licht: 0","156989","3","3","5","10","15","6","","0","1","1","0","0"
"POINT (10.168183241000065 53.488867690000063)","Unfall 156990 (2023) Kat:2, Licht: 2","156990","2","1","9","10","22","6","","2","0","1","0","0"
"POINT (10.136349717000030 53.593375449000064)","Unfall 156991 (2023) Kat:3, Licht: 0","156991","3","7","0","10","17","6","","0","0","0","0","0"
"POINT (10.105112635000069 53.571672702000058)","Unfall 156992 (2023) Kat:3, Licht: 0","156992","3","6","2","10","13","6","","0","0","1","0","0"
"POINT (10.016399980000074 53.523624368000071)","Unfall 156993 (2023) Kat:2, Licht: 0","156993","2","7","0","11","12","6","","0","1","0","0","0"
"POINT (10.016067233000058 53.648575171000061)","Unfall 156994 (2023) Kat:3, Licht: 0","156994","3","4","0","10","13","6","","0","1","0","1","0"
"POINT (10.033468922000054 53.587570678000077)","Unfall 156995 (2023) Kat:3, Licht: 2","156995","3","1","0","10","01","6","","2","0","0","0","1"
"POINT (9.923127722000061 53.570919107000066)","Unfall 156996 (2023) Kat:3, Licht: 0","156996","3","2","4","10","12","6","","0","0","1","0","0"
"POINT (9.974113486000022 53.611079068000038)","Unfall 156997 (2023) Kat:3, Licht: 0","156997","3","6","2","10","08","6","","0","0","1","0","0"
"POINT (10.014675100000034 53.560427512000047)","Unfall 156998 (2023) Kat:3, Licht: 0","156998","3","2","6","10","09","6","","0","0","1","1","0"
"POINT (10.011150937000025 53.557333854000035)","Unfall 156999 (2023) Kat:3, Licht: 1","156999","3","3","5","10","06","6","","1","1","1","0","0"
"POINT (9.870063036000033 53.476402866000058)","Unfall 157000 (2023) Kat:3, Licht: 0","157000","3","3","5","10","08","5","","0","1","1","0","0"
"POINT (10.007295867000039 53.457995998000058)","Unfall 157001 (2023) Kat:3, Licht: 0","157001","3","5","5","10","13","5","","0","0","1","0","0"
"POINT (10.053586233000033 53.553146474000073)","Unfall 157002 (2023) Kat:3, Licht: 0","157002","3","2","6","10","14","5","","0","0","1","1","0"
"POINT (10.080290197000068 53.576184553000076)","Unfall 157003 (2023) Kat:3, Licht: 0","157003","3","2","3","11","09","2","","0","1","0","0","0"
"POINT (10.128791273000047 53.606883962000040)","Unfall 157004 (2023) Kat:3, Licht: 0","157004","3","7","0","10","08","5","","0","1","0","0","0"
"POINT (10.111089592000042 53.596222089000037)","Unfall 157005 (2023) Kat:3, Licht: 1","157005","3","1","8","10","19","5","","1","0","0","0","1"
"POINT (10.117394979000039 53.584486761000051)","Unfall 157006 (2023) Kat:3, Licht: 0","157006","3","6","2","10","13","5","","0","0","1","0","0"
"POINT (10.115298940000059 53.583365354000080)","Unfall 157007 (2023) Kat:3, Licht: 0","157007","3","6","3","10","10","5","","0","0","1","0","1"
"POINT (10.080137304000061 53.585105205000048)","Unfall 157008 (2023) Kat:3, Licht: 1","157008","3","7","0","10","17","5","","1","1","1","0","0"
"POINT (10.076109094000060 53.591989667000064)","Unfall 157009 (2023) Kat:3, Licht: 0","157009","3","6","4","10","10","5","","0","0","1","0","0"
"POINT (10.091691743000069 53.581298001000050)","Unfall 157010 (2023) Kat:3, Licht: 0","157010","3","6","2","10","08","5","","0","0","1","0","0"
"POINT (10.097665331000030 53.620184073000075)","Unfall 157011 (2023) Kat:3, Licht: 0","157011","3","7","0","10","15","5","","0","1","0","0","0"
"POINT (10.061370979000060 53.654744099000027)","Unfall 157012 (2023) Kat:3, Licht: 0","157012","3","5","3","10","13","5","","0","0","1","0","0"
"POINT (9.999634347000040 53.648312847000057)","Unfall 157013 (2023) Kat:3, Licht: 0","157013","3","4","6","10","10","5","","0","1","0","1","0"
"POINT (9.994718943000066 53.673777146000077)","Unfall 157014 (2023) Kat:3, Licht: 0","157014","3","3","5","10","16","5","","0","1","0","0","0"
"POINT (10.019634339000049 53.653250159000038)","Unfall 157015 (2023) Kat:3, Licht: 1","157015","3","2","6","10","07","5","","1","0","1","1","0"
"POINT (10.026072221000049 53.585156830000074)","Unfall 157016 (2023) Kat:3, Licht: 0","157016","3","7","0","10","11","5","","0","0","0","0","1"
"POINT (10.033283283000060 53.588745057000040)","Unfall 157017 (2023) Kat:3, Licht: 0","157017","3","5","5","10","13","5","","0","1","1","0","0"
"POINT (9.763466926000035 53.592650181000067)","Unfall 157018 (2023) Kat:3, Licht: 1","157018","3","6","4","10","18","5","","1","1","1","0","0"
"POINT (9.904664380000042 53.549556030000076)","Unfall 157019 (2023) Kat:3, Licht: 1","157019","3","3","5","10","18","5","","1","1","0","0","0"
"POINT (9.882254842000066 53.593210045000035)","Unfall 157020 (2023) Kat:3, Licht: 0","157020","3","3","5","10","14","5","","0","1","1","0","0"
"POINT (9.917175282000073 53.560686085000043)","Unfall 157021 (2023) Kat:3, Licht: 0","157021","3","5","5","10","17","5","","0","0","1","0","0"
"POINT (9.945068263000053 53.546177005000061)","Unfall 157022 (2023) Kat:3, Licht: 0","157022","3","3","5","10","11","5","","0","0","1","0","0"
"POINT (9.936184619000073 53.546206085000051)","Unfall 157023 (2023) Kat:3, Licht: 2","157023","3","7","0","10","05","5","","2","0","1","0","1"
"POINT (9.992572185000029 53.564882574000080)","Unfall 157024 (2023) Kat:3, Licht: 0","157024","3","4","6","10","14","5","","0","0","1","1","0"
"POINT (9.983731708000050 53.557673456000032)","Unfall 157025 (2023) Kat:3, Licht: 2","157025","3","2","4","10","19","5","","2","0","1","0","1"
"POINT (9.968606754000064 53.460785120000082)","Unfall 157026 (2023) Kat:3, Licht: 2","157026","3","6","3","10","06","4","","2","1","0","0","0"
"POINT (10.208149275000039 53.481129816000077)","Unfall 157027 (2023) Kat:3, Licht: 0","157027","3","6","2","10","15","4","","0","0","1","0","0"
"POINT (10.090450232000023 53.512107894000053)","Unfall 157028 (2023) Kat:3, Licht: 1","157028","3","6","3","10","06","4","","1","0","1","0","0"
"POINT (10.107909932000041 53.564247200000068)","Unfall 157029 (2023) Kat:3, Licht: 0","157029","3","7","0","10","11","4","","0","1","0","0","0"
"POINT (10.174148065000054 53.614765356000078)","Unfall 157030 (2023) Kat:3, Licht: 0","157030","3","6","2","10","08","4","","0","0","1","0","0"
"POINT (10.134751597000047 53.637575482000045)","Unfall 157031 (2023) Kat:3, Licht: 1","157031","3","1","8","10","07","4","","1","0","0","0","1"
"POINT (10.125321730000053 53.671657714000048)","Unfall 157032 (2023) Kat:3, Licht: 0","157032","3","3","5","10","10","4","","0","0","1","0","0"
"POINT (10.039912240000035 53.567381189000059)","Unfall 157033 (2023) Kat:3, Licht: 0","157033","3","3","5","10","15","4","","0","1","1","0","0"
"POINT (10.019784075000075 53.565685594000058)","Unfall 157034 (2023) Kat:3, Licht: 0","157034","3","2","0","10","10","4","","0","0","0","0","0"
"POINT (10.050119105000022 53.585699381000040)","Unfall 157035 (2023) Kat:3, Licht: 0","157035","3","2","3","10","18","4","","0","1","1","0","0"
"POINT (9.866065686000070 53.578614305000031)","Unfall 157036 (2023) Kat:3, Licht: 2","157036","3","6","2","10","00","4","","2","0","1","0","0"
"POINT (9.984100587000057 53.557729875000064)","Unfall 157037 (2023) Kat:2, Licht: 0","157037","2","4","6","10","11","4","","0","1","0","1","0"
"POINT (10.105477518000043 53.570649249000041)","Unfall 157038 (2023) Kat:3, Licht: 2","157038","3","2","6","11","22","4","","2","0","1","1","0"
"POINT (9.992027850000056 53.553595991000066)","Unfall 157039 (2023) Kat:3, Licht: 0","157039","3","6","3","10","07","4","","0","1","0","0","0"
"POINT (9.983840888000032 53.557804555000075)","Unfall 157040 (2023) Kat:3, Licht: 2","157040","3","2","2","10","06","4","","2","0","1","0","0"
"POINT (9.934421304000068 53.476781955000035)","Unfall 157041 (2023) Kat:3, Licht: 0","157041","3","2","4","10","08","4","","0","0","1","0","0"
"POINT (10.074105848000045 53.528581282000061)","Unfall 157042 (2023) Kat:3, Licht: 0","157042","3","7","7","10","13","3","","0","1","0","0","0"
"POINT (10.159225473000049 53.604149013000040)","Unfall 157043 (2023) Kat:3, Licht: 2","157043","3","5","5","11","20","2","","2","0","1","0","0"
"POINT (10.107269965000057 53.579542535000030)","Unfall 157044 (2023) Kat:3, Licht: 0","157044","3","3","5","10","14","3","","0","0","1","0","0"
"POINT (10.137089176000075 53.600646949000065)","Unfall 157045 (2023) Kat:3, Licht: 0","157045","3","1","0","10","13","3","","0","0","0","0","0"
"POINT (10.075788117000059 53.579401192000034)","Unfall 157046 (2023) Kat:3, Licht: 2","157046","3","1","0","10","00","3","","2","1","0","0","0"
"POINT (9.963050408000072 53.579341916000033)","Unfall 157047 (2023) Kat:3, Licht: 0","157047","3","7","0","10","18","3","","0","0","0","0","1"
"POINT (9.943777944000033 53.551809144000060)","Unfall 157048 (2023) Kat:3, Licht: 0","157048","3","7","0","10","08","3","","0","1","0","0","0"
"POINT (9.949039504000041 53.552166342000078)","Unfall 157049 (2023) Kat:3, Licht: 0","157049","3","3","5","10","18","3","","0","0","1","0","1"
"POINT (9.938973800000042 53.553672052000081)","Unfall 157050 (2023) Kat:3, Licht: 0","157050","3","6","3","10","10","3","","0","0","0","0","0"
"POINT (9.962700625000025 53.555734227000073)","Unfall 157051 (2023) Kat:3, Licht: 2","157051","3","6","6","10","01","3","","2","0","1","1","0"
"POINT (9.959977300000048 53.549555720000058)","Unfall 157052 (2023) Kat:3, Licht: 0","157052","3","6","3","10","18","3","","0","1","1","0","0"
"POINT (9.984082674000035 53.557724666000070)","Unfall 157053 (2023) Kat:3, Licht: 0","157053","3","1","6","10","14","3","","0","0","1","1","0"
"POINT (10.006578778000062 53.551849185000037)","Unfall 157054 (2023) Kat:2, Licht: 0","157054","2","1","0","10","16","3","","0","1","0","0","0"
"POINT (10.010543080000048 53.523035224000068)","Unfall 157055 (2023) Kat:2, Licht: 0","157055","2","1","0","10","13","3","","0","1","0","0","0"
"POINT (10.003568415000075 53.524079444000051)","Unfall 157056 (2023) Kat:3, Licht: 0","157056","3","1","0","10","14","3","","0","1","0","0","0"
"POINT (10.001196932000028 53.500140562000070)","Unfall 157057 (2023) Kat:3, Licht: 0","157057","3","6","2","10","13","6","","0","0","1","0","0"
"POINT (10.071086003000062 53.571988474000079)","Unfall 157058 (2023) Kat:3, Licht: 0","157058","3","6","2","10","12","5","","0","0","1","0","0"
"POINT (10.003955915000063 53.524020185000040)","Unfall 157059 (2023) Kat:3, Licht: 0","157059","3","1","0","10","13","3","","0","1","0","0","0"
"POINT (9.990631839000059 53.452253682000048)","Unfall 157060 (2023) Kat:3, Licht: 0","157060","3","3","5","10","07","2","","0","0","0","0","0"
"POINT (10.020470980000027 53.479429483000047)","Unfall 157061 (2023) Kat:3, Licht: 0","157061","3","3","5","10","15","2","","0","0","1","0","0"
"POINT (10.090765478000037 53.502788300000077)","Unfall 157062 (2023) Kat:3, Licht: 1","157062","3","4","6","10","06","2","","1","0","1","1","0"
"POINT (10.103637043000049 53.543483099000071)","Unfall 157063 (2023) Kat:3, Licht: 0","157063","3","7","0","10","11","2","","0","0","0","0","0"
"POINT (10.042251972000031 53.540422896000052)","Unfall 157064 (2023) Kat:3, Licht: 0","157064","3","6","2","10","08","2","","0","0","0","0","0"
"POINT (10.104680362000067 53.653449103000071)","Unfall 157065 (2023) Kat:3, Licht: 0","157065","3","2","4","10","14","2","","0","1","1","0","0"
"POINT (10.029874835000044 53.602825175000078)","Unfall 157066 (2023) Kat:3, Licht: 0","157066","3","3","5","10","16","2","","0","1","1","0","0"
"POINT (9.898368065000057 53.605470819000061)","Unfall 157067 (2023) Kat:2, Licht: 0","157067","2","3","5","10","16","2","","0","1","0","0","0"
"POINT (9.880208076000031 53.584675979000053)","Unfall 157068 (2023) Kat:3, Licht: 2","157068","3","7","0","10","22","2","","2","0","0","0","0"
"POINT (9.961948757000073 53.570287356000051)","Unfall 157069 (2023) Kat:3, Licht: 0","157069","3","7","0","10","11","2","","0","1","0","0","0"
"POINT (9.993616689000021 53.577530515000035)","Unfall 157070 (2023) Kat:3, Licht: 0","157070","3","6","2","11","07","3","","0","0","1","0","0"
"POINT (9.986170820000041 53.549787667000032)","Unfall 157071 (2023) Kat:2, Licht: 2","157071","2","4","6","10","21","2","","2","0","0","1","1"
"POINT (9.970767727000066 53.548220573000037)","Unfall 157072 (2023) Kat:3, Licht: 2","157072","3","7","0","10","23","2","","2","1","0","0","0"
"POINT (10.019106607000026 53.528774954000028)","Unfall 157073 (2023) Kat:3, Licht: 0","157073","3","6","3","10","14","2","","0","0","1","0","0"
"POINT (9.977893540000025 53.462113395000074)","Unfall 157074 (2023) Kat:3, Licht: 0","157074","3","5","1","10","14","1","","0","0","1","0","0"
"POINT (9.986426792000032 53.439527064000060)","Unfall 157075 (2023) Kat:3, Licht: 2","157075","3","1","1","10","02","1","","2","0","1","0","1"
"POINT (9.996489578000023 53.477448942000080)","Unfall 157076 (2023) Kat:3, Licht: 2","157076","3","1","0","10","04","1","","2","1","0","0","0"
"POINT (10.045741682000028 53.548240928000041)","Unfall 157077 (2023) Kat:3, Licht: 0","157077","3","3","5","10","15","1","","0","0","1","0","0"
"POINT (10.006090788000051 53.549978769000063)","Unfall 157078 (2023) Kat:3, Licht: 2","157078","3","2","6","10","20","1","","2","0","1","1","0"
"POINT (10.039075547000039 53.549314006000031)","Unfall 157079 (2023) Kat:3, Licht: 0","157079","3","5","5","10","12","1","","0","0","1","0","0"
"POINT (10.017415252000035 53.600256222000041)","Unfall 157080 (2023) Kat:3, Licht: 2","157080","3","1","8","10","20","1","","2","0","0","0","0"
"POINT (10.053823440000031 53.579455721000045)","Unfall 157081 (2023) Kat:3, Licht: 2","157081","3","6","3","10","18","1","","2","0","0","0","0"
"POINT (9.845952250000039 53.586904876000062)","Unfall 157082 (2023) Kat:3, Licht: 0","157082","3","6","4","10","12","1","","0","0","1","0","1"
"POINT (9.986141632000056 53.581267534000062)","Unfall 157083 (2023) Kat:2, Licht: 0","157083","2","3","5","10","14","1","","0","0","1","0","0"
"POINT (10.004966913000032 53.547526836000031)","Unfall 157084 (2023) Kat:3, Licht: 0","157084","3","1","8","10","15","1","","0","0","1","0","0"