WKT,Name,OBJECTID,UKATEGORIE,UTYP1,UART,UMONAT,USTUNDE,UWOCHENTAG,STRZUSTAND,ULICHTVERH,ISTRAD,ISTPKW,ISTFUSS,ISTKRAD
"POINT (10.069570363000025 53.579474686000026)","Unfall 157085 (2023) Kat:3, Licht: 2","157085","3","3","5","10","00","3","","2","0","1","0","0"
"POINT (9.932733434000056 53.454328027000031)","Unfall 157086 (2023) Kat:3, Licht: 0","157086","3","7","5","09","17","7","","0","0","1","0","0"
"POINT (9.958557299000063 53.597427416000073)","Unfall 157087 (2023) Kat:3, Licht: 0","157087","3","6","4","11","15","6","","0","1","1","0","0"
"POINT (9.961483651000037 53.546412173000078)","Unfall 157088 (2023) Kat:3, Licht: 0","157088","3","5","5","10","10","1","","0","0","1","0","0"
"POINT (9.874177662000022 53.587423831000081)","Unfall 157089 (2023) Kat:3, Licht: 2","157089","3","6","2","10","19","7","","2","0","1","0","0"
"POINT (9.989139344000023 53.452416876000029)","Unfall 157090 (2023) Kat:3, Licht: 0","157090","3","6","2","09","16","7","","0","0","1","0","0"
"POINT (9.981690920000062 53.459135957000058)","Unfall 157091 (2023) Kat:3, Licht: 0","157091","3","7","7","11","08","6","","0","0","1","0","0"
"POINT (9.996258387000069 53.505638862000069)","Unfall 157092 (2023) Kat:3, Licht: 2","157092","3","3","5","09","22","7","","2","1","0","0","0"
"POINT (10.045459320000077 53.539550438000049)","Unfall 157093 (2023) Kat:3, Licht: 2","157093","3","7","6","09","19","7","","2","0","1","1","0"
"POINT (10.017011014000047 53.564090431000068)","Unfall 157094 (2023) Kat:3, Licht: 2","157094","3","3","5","11","18","2","","2","0","1","0","0"
"POINT (10.128505930000074 53.590460019000034)","Unfall 157095 (2023) Kat:3, Licht: 0","157095","3","1","0","09","16","7","","0","0","0","0","1"
"POINT (10.120128341000054 53.618276952000031)","Unfall 157096 (2023) Kat:3, Licht: 0","157096","3","4","6","09","16","7","","0","0","1","1","0"
"POINT (10.078150887000049 53.564735171000052)","Unfall 157097 (2023) Kat:3, Licht: 2","157097","3","6","4","09","20","7","","2","1","0","0","0"
"POINT (10.065584543000057 53.571367942000052)","Unfall 157098 (2023) Kat:3, Licht: 0","157098","3","3","5","09","18","7","","0","1","1","0","0"
"POINT (10.088051847000031 53.624133585000038)","Unfall 157099 (2023) Kat:3, Licht: 0","157099","3","6","4","09","16","7","","0","1","0","0","0"
"POINT (10.103429421000044 53.648981664000075)","Unfall 157100 (2023) Kat:3, Licht: 0","157100","3","6","0","09","14","7","","0","1","0","0","0"
"POINT (10.029440304000047 53.586097601000063)","Unfall 157101 (2023) Kat:3, Licht: 0","157101","3","5","1","09","18","7","","0","1","1","0","0"
"POINT (10.048714058000030 53.578696708000052)","Unfall 157102 (2023) Kat:3, Licht: 2","157102","3","3","5","09","21","7","","2","0","1","0","0"
"POINT (9.942186846000027 53.555185535000078)","Unfall 157103 (2023) Kat:3, Licht: 2","157103","3","7","0","09","21","7","","2","0","0","0","0"
"POINT (9.950728807000075 53.566517577000070)","Unfall 157104 (2023) Kat:2, Licht: 2","157104","2","7","0","09","02","7","","2","0","0","0","0"
"POINT (9.970175058000052 53.572841014000062)","Unfall 157105 (2023) Kat:3, Licht: 0","157105","3","7","0","09","16","7","","0","1","0","0","0"
"POINT (9.961327512000025 53.546402186000080)","Unfall 157106 (2023) Kat:3, Licht: 0","157106","3","2","4","09","11","7","","0","1","0","0","0"
"POINT (10.016083664000064 53.556112377000034)","Unfall 157107 (2023) Kat:3, Licht: 0","157107","3","3","5","09","17","7","","0","0","0","0","1"
"POINT (9.966827375000037 53.437645637000060)","Unfall 157108 (2023) Kat:3, Licht: 1","157108","3","3","5","09","18","6","","1","0","1","0","0"
"POINT (9.994327573000021 53.499944214000038)","Unfall 157109 (2023) Kat:3, Licht: 0","157109","3","5","5","09","18","6","","0","0","1","0","0"
"POINT (10.176357976000077 53.512741127000027)","Unfall 157110 (2023) Kat:3, Licht: 2","157110","3","3","5","09","21","6","","2","0","1","0","0"
"POINT (10.058475729000065 53.576234486000033)","Unfall 157111 (2023) Kat:3, Licht: 1","157111","3","6","3","10","16","3","","1","0","1","0","0"
"POINT (10.018527873000039 53.614883162000069)","Unfall 157112 (2023) Kat:3, Licht: 0","157112","3","2","2","10","18","2","","0","0","1","0","0"
"POINT (10.135230083000067 53.536948291000044)","Unfall 157113 (2023) Kat:3, Licht: 0","157113","3","6","2","09","14","6","","0","1","1","0","0"
"POINT (10.023035999000058 53.545249243000058)","Unfall 157114 (2023) Kat:3, Licht: 0","157114","3","6","2","09","14","6","","0","0","1","0","1"
"POINT (10.124697726000022 53.571091304000049)","Unfall 157115 (2023) Kat:3, Licht: 0","157115","3","3","5","09","14","6","","0","0","1","0","0"
"POINT (10.078444103000038 53.584854012000051)","Unfall 157116 (2023) Kat:2, Licht: 2","157116","2","2","5","09","19","6","","2","0","1","0","0"
"POINT (9.976848872000062 53.563716795000062)","Unfall 157117 (2023) Kat:2, Licht: 0","157117","2","3","5","10","16","6","","0","0","1","0","0"
"POINT (10.072933795000040 53.608738126000048)","Unfall 157118 (2023) Kat:3, Licht: 0","157118","3","7","4","09","17","6","","0","0","1","0","0"
"POINT (10.081173136000075 53.608243223000045)","Unfall 157119 (2023) Kat:3, Licht: 0","157119","3","6","2","09","12","6","","0","0","1","0","0"
"POINT (10.101930275000029 53.654028521000043)","Unfall 157120 (2023) Kat:3, Licht: 2","157120","3","6","2","09","19","6","","2","0","1","0","0"
"POINT (10.106092804000070 53.658192935000045)","Unfall 157121 (2023) Kat:3, Licht: 0","157121","3","7","0","09","15","6","","0","1","0","0","0"
"POINT (9.744717965000063 53.576955129000055)","Unfall 157122 (2023) Kat:3, Licht: 0","157122","3","7","6","09","09","6","","0","0","1","1","0"
"POINT (9.918997433000072 53.574744093000049)","Unfall 157123 (2023) Kat:3, Licht: 1","157123","3","6","3","09","17","6","","1","0","1","0","0"
"POINT (10.114603226000042 53.614544917000046)","Unfall 157124 (2023) Kat:3, Licht: 0","157124","3","6","2","10","15","4","","0","0","1","0","0"
"POINT (9.951536761000057 53.577684651000027)","Unfall 157125 (2023) Kat:3, Licht: 0","157125","3","7","1","09","12","6","","0","1","1","0","0"
"POINT (9.947911751000049 53.560693963000062)","Unfall 157126 (2023) Kat:3, Licht: 1","157126","3","2","4","09","21","6","","1","1","1","0","0"
"POINT (9.934424058000047 53.555675894000046)","Unfall 157127 (2023) Kat:3, Licht: 2","157127","3","1","0","09","20","6","","2","1","0","0","0"
"POINT (9.982667934000062 53.544279132000042)","Unfall 157128 (2023) Kat:3, Licht: 0","157128","3","2","3","09","17","6","","0","0","1","0","0"
"POINT (10.016598654000063 53.553851978000068)","Unfall 157129 (2023) Kat:3, Licht: 0","157129","3","6","4","09","15","6","","0","0","1","0","0"
"POINT (10.122316502000047 53.567028411000081)","Unfall 157130 (2023) Kat:3, Licht: 0","157130","3","6","2","09","18","5","","0","0","1","0","0"
"POINT (10.076031926000041 53.575091854000050)","Unfall 157131 (2023) Kat:3, Licht: 0","157131","3","6","2","09","12","5","","0","0","1","0","0"
"POINT (10.101314719000072 53.647458656000026)","Unfall 157132 (2023) Kat:3, Licht: 0","157132","3","5","3","09","18","5","","0","1","1","0","0"
"POINT (10.092972268000040 53.655013804000077)","Unfall 157133 (2023) Kat:3, Licht: 0","157133","3","5","5","09","16","5","","0","1","1","0","0"
"POINT (10.126506275000054 53.642629231000058)","Unfall 157134 (2023) Kat:3, Licht: 0","157134","3","6","2","09","10","5","","0","0","1","0","0"
"POINT (10.020200610000074 53.581400432000066)","Unfall 157135 (2023) Kat:2, Licht: 2","157135","2","7","7","09","21","5","","2","0","0","0","0"
"POINT (10.051940828000056 53.568537237000044)","Unfall 157136 (2023) Kat:3, Licht: 1","157136","3","7","3","09","20","5","","1","0","1","0","0"
"POINT (9.948611852000056 53.555716750000045)","Unfall 157137 (2023) Kat:3, Licht: 2","157137","3","2","3","11","18","4","","2","1","0","0","0"
"POINT (10.046047984000040 53.586607080000078)","Unfall 157138 (2023) Kat:3, Licht: 2","157138","3","7","0","09","22","5","","2","1","0","0","0"
"POINT (10.052158801000076 53.568560082000033)","Unfall 157139 (2023) Kat:3, Licht: 0","157139","3","6","3","09","12","5","","0","0","1","0","0"
"POINT (10.028754164000077 53.571265995000033)","Unfall 157140 (2023) Kat:3, Licht: 0","157140","3","7","0","09","16","5","","0","1","0","0","0"
"POINT (10.047375610000074 53.584413137000070)","Unfall 157141 (2023) Kat:3, Licht: 0","157141","3","3","5","09","17","5","","0","1","1","0","0"
"POINT (10.041546281000024 53.586298519000081)","Unfall 157142 (2023) Kat:3, Licht: 0","157142","3","7","0","09","11","5","","0","0","0","0","1"
"POINT (10.043830111000034 53.595066606000046)","Unfall 157143 (2023) Kat:3, Licht: 0","157143","3","7","0","09","14","5","","0","1","0","0","0"
"POINT (10.015551596000023 53.569414104000032)","Unfall 157144 (2023) Kat:3, Licht: 0","157144","3","5","1","09","16","5","","0","1","1","0","0"
"POINT (10.012640413000042 53.646037778000050)","Unfall 157145 (2023) Kat:3, Licht: 2","157145","3","7","0","11","19","4","","2","0","0","0","1"
"POINT (9.889132716000063 53.569306166000047)","Unfall 157146 (2023) Kat:3, Licht: 0","157146","3","3","5","09","16","5","","0","1","1","0","0"
"POINT (9.994122830000038 53.552009587000043)","Unfall 157147 (2023) Kat:3, Licht: 0","157147","3","1","6","10","10","4","","0","0","0","1","0"
"POINT (9.918273155000065 53.579013063000048)","Unfall 157148 (2023) Kat:3, Licht: 0","157148","3","5","5","09","09","5","","0","0","1","0","1"
"POINT (9.904285782000045 53.593463746000054)","Unfall 157149 (2023) Kat:3, Licht: 0","157149","3","7","0","09","17","5","","0","1","0","0","0"
"POINT (9.978642467000043 53.572343190000026)","Unfall 157150 (2023) Kat:3, Licht: 0","157150","3","2","4","09","17","5","","0","0","1","0","0"
"POINT (9.962245960000075 53.561846688000060)","Unfall 157151 (2023) Kat:3, Licht: 2","157151","3","7","0","09","05","5","","2","1","0","0","0"
"POINT (10.007215763000033 53.540670833000036)","Unfall 157152 (2023) Kat:3, Licht: 0","157152","3","6","3","09","14","5","","0","0","1","0","0"
"POINT (9.985254930000053 53.552285847000064)","Unfall 157153 (2023) Kat:3, Licht: 1","157153","3","6","3","09","06","5","","1","1","1","0","0"
"POINT (9.987340759000062 53.501016953000033)","Unfall 157154 (2023) Kat:3, Licht: 0","157154","3","6","2","09","10","4","","0","0","1","0","0"
"POINT (10.151008351000030 53.543106422000051)","Unfall 157155 (2023) Kat:3, Licht: 2","157155","3","6","3","09","21","4","","2","0","1","0","0"
"POINT (10.072068594000029 53.573720862000073)","Unfall 157156 (2023) Kat:3, Licht: 0","157156","3","6","2","09","17","4","","0","0","1","0","0"
"POINT (10.047893992000070 53.610871732000078)","Unfall 157157 (2023) Kat:2, Licht: 0","157157","2","3","5","09","08","4","","0","0","1","0","1"
"POINT (10.041136427000026 53.600252844000067)","Unfall 157158 (2023) Kat:3, Licht: 2","157158","3","4","6","09","00","4","","2","1","0","1","0"
"POINT (10.074845358000061 53.655439105000028)","Unfall 157159 (2023) Kat:3, Licht: 0","157159","3","7","0","09","16","4","","0","0","0","0","0"
"POINT (10.116659116000051 53.625333797000053)","Unfall 157160 (2023) Kat:3, Licht: 0","157160","3","1","0","10","13","6","","0","0","0","0","1"
"POINT (10.032273165000049 53.624096375000079)","Unfall 157161 (2023) Kat:3, Licht: 0","157161","3","6","4","09","08","4","","0","1","0","0","0"
"POINT (10.002073715000051 53.668686749000074)","Unfall 157162 (2023) Kat:3, Licht: 1","157162","3","2","0","09","07","4","","1","0","1","0","1"
"POINT (10.038269086000071 53.645910096000080)","Unfall 157163 (2023) Kat:3, Licht: 0","157163","3","6","3","09","08","4","","0","0","1","0","0"
"POINT (10.013678007000067 53.578907453000056)","Unfall 157164 (2023) Kat:3, Licht: 0","157164","3","3","5","09","16","4","","0","1","1","0","0"
"POINT (9.911674828000059 53.602714691000074)","Unfall 157165 (2023) Kat:3, Licht: 1","157165","3","2","2","09","06","4","","1","1","1","0","0"
"POINT (9.866130171000066 53.547989937000068)","Unfall 157166 (2023) Kat:3, Licht: 0","157166","3","7","0","09","08","4","","0","1","0","0","0"
"POINT (9.973471572000051 53.587986910000041)","Unfall 157167 (2023) Kat:3, Licht: 0","157167","3","5","1","09","12","4","","0","1","1","0","0"
"POINT (9.931889592000061 53.545362658000045)","Unfall 157168 (2023) Kat:3, Licht: 0","157168","3","2","2","09","19","4","","0","1","0","0","0"
"POINT (9.986124839000070 53.577432946000044)","Unfall 157169 (2023) Kat:3, Licht: 0","157169","3","6","0","09","18","4","","0","1","0","0","0"
"POINT (9.992466096000044 53.559093088000054)","Unfall 157170 (2023) Kat:3, Licht: 0","157170","3","6","2","09","14","4","","0","0","1","0","0"
"POINT (9.970104180000021 53.567585292000047)","Unfall 157171 (2023) Kat:3, Licht: 0","157171","3","2","3","09","13","4","","0","0","1","0","0"
"POINT (9.889244702000042 53.601064025000028)","Unfall 157172 (2023) Kat:1, Licht: 0","157172","1","4","6","11","08","6","","0","0","0","1","0"
"POINT (9.977784356000029 53.577219184000057)","Unfall 157173 (2023) Kat:3, Licht: 2","157173","3","1","0","10","02","1","","2","0","0","0","0"
"POINT (9.965225702000055 53.546519402000058)","Unfall 157174 (2023) Kat:3, Licht: 0","157174","3","1","0","09","10","4","","0","1","0","0","0"
"POINT (10.003745404000028 53.541138682000053)","Unfall 157175 (2023) Kat:3, Licht: 0","157175","3","6","2","09","10","4","","0","0","1","0","1"
"POINT (9.904370149000044 53.482133069000042)","Unfall 157176 (2023) Kat:3, Licht: 0","157176","3","6","2","09","10","3","","0","0","1","0","0"
"POINT (9.976386816000058 53.458507848000067)","Unfall 157177 (2023) Kat:3, Licht: 0","157177","3","3","0","09","13","3","","0","0","1","0","1"
"POINT (9.984238313000048 53.433329166000078)","Unfall 157178 (2023) Kat:3, Licht: 0","157178","3","2","2","09","12","3","","0","0","1","0","0"
"POINT (10.144648809000046 53.545188615000029)","Unfall 157179 (2023) Kat:2, Licht: 0","157179","2","2","4","09","18","3","","0","0","1","0","0"
"POINT (10.086025428000028 53.554806630000030)","Unfall 157180 (2023) Kat:3, Licht: 0","157180","3","6","2","09","11","3","","0","0","1","0","0"
"POINT (9.822817548000046 53.581011506000038)","Unfall 157181 (2023) Kat:3, Licht: 2","157181","3","2","4","11","17","4","","2","1","1","0","0"
"POINT (10.082366960000058 53.556979286000058)","Unfall 157182 (2023) Kat:2, Licht: 2","157182","2","7","3","09","05","3","","2","1","1","0","0"
"POINT (10.128213327000026 53.601610243000039)","Unfall 157183 (2023) Kat:3, Licht: 0","157183","3","6","3","09","12","3","","0","0","1","0","0"
"POINT (10.142963879000035 53.608607427000038)","Unfall 157184 (2023) Kat:3, Licht: 0","157184","3","1","0","09","15","3","","0","1","0","0","0"
"POINT (10.132214281000074 53.587450748000037)","Unfall 157185 (2023) Kat:3, Licht: 0","157185","3","3","5","09","15","3","","0","1","0","0","0"
"POINT (10.057636377000051 53.575929857000062)","Unfall 157186 (2023) Kat:3, Licht: 0","157186","3","6","4","09","16","3","","0","1","0","0","0"
"POINT (10.075589710000031 53.572184955000068)","Unfall 157187 (2023) Kat:3, Licht: 0","157187","3","6","2","09","14","3","","0","0","1","0","0"
"POINT (10.079823895000061 53.585040623000054)","Unfall 157188 (2023) Kat:3, Licht: 0","157188","3","7","0","09","07","3","","0","1","0","0","0"
"POINT (10.059399884000072 53.595820151000055)","Unfall 157189 (2023) Kat:3, Licht: 2","157189","3","5","5","09","19","3","","2","0","1","0","1"
"POINT (10.038981180000064 53.607013447000043)","Unfall 157190 (2023) Kat:3, Licht: 0","157190","3","7","0","09","15","3","","0","0","0","0","1"
"POINT (10.100788981000051 53.645298897000032)","Unfall 157191 (2023) Kat:3, Licht: 1","157191","3","5","5","09","07","3","","1","1","0","0","0"
"POINT (10.055509124000025 53.636201454000059)","Unfall 157192 (2023) Kat:3, Licht: 0","157192","3","6","4","09","14","3","","0","0","1","0","0"
"POINT (10.008188205000067 53.627639081000041)","Unfall 157193 (2023) Kat:3, Licht: 0","157193","3","3","5","09","10","3","","0","0","1","0","0"
"POINT (10.015998879000051 53.616731139000080)","Unfall 157194 (2023) Kat:3, Licht: 0","157194","3","5","1","09","16","3","","0","0","1","0","0"
"POINT (9.884189919000050 53.580975700000067)","Unfall 157195 (2023) Kat:3, Licht: 2","157195","3","1","0","11","23","6","","2","0","0","0","0"
"POINT (9.940164203000052 53.592962232000048)","Unfall 157196 (2023) Kat:3, Licht: 0","157196","3","2","4","09","15","3","","0","1","1","0","0"
"POINT (10.090546532000076 53.622770347000028)","Unfall 157197 (2023) Kat:3, Licht: 0","157197","3","3","5","09","12","7","","0","1","1","0","0"
"POINT (9.904951046000065 53.608673130000057)","Unfall 157198 (2023) Kat:3, Licht: 0","157198","3","6","2","09","14","3","","0","0","1","0","0"
"POINT (9.766593727000043 53.579460636000078)","Unfall 157199 (2023) Kat:2, Licht: 0","157199","2","5","1","09","17","3","","0","1","1","0","0"
"POINT (9.924768980000067 53.631155596000042)","Unfall 157200 (2023) Kat:3, Licht: 0","157200","3","6","6","09","18","3","","0","1","0","1","0"
"POINT (10.024866660000043 53.530349233000038)","Unfall 157201 (2023) Kat:3, Licht: 2","157201","3","6","3","11","22","7","","2","0","1","0","0"
"POINT (9.960480456000028 53.592045999000050)","Unfall 157202 (2023) Kat:3, Licht: 0","157202","3","7","0","09","15","3","","0","1","0","0","0"
"POINT (9.943537594000077 53.551029757000038)","Unfall 157203 (2023) Kat:3, Licht: 0","157203","3","2","6","09","14","3","","0","0","1","1","0"
"POINT (9.965548074000026 53.562987476000046)","Unfall 157204 (2023) Kat:3, Licht: 0","157204","3","2","3","09","13","3","","0","1","1","0","0"
"POINT (9.994992506000074 53.548614524000072)","Unfall 157205 (2023) Kat:3, Licht: 0","157205","3","7","0","09","10","3","","0","0","1","0","0"
"POINT (10.008481803000052 53.550492204000079)","Unfall 157206 (2023) Kat:3, Licht: 0","157206","3","2","3","09","17","3","","0","1","1","0","0"
"POINT (9.975966041000049 53.466753332000053)","Unfall 157207 (2023) Kat:3, Licht: 2","157207","3","6","2","09","05","3","","2","0","1","0","1"
"POINT (9.846794958000032 53.530616686000030)","Unfall 157208 (2023) Kat:3, Licht: 0","157208","3","1","0","09","17","2","","0","1","0","0","0"
"POINT (9.985614651000049 53.513201155000047)","Unfall 157209 (2023) Kat:3, Licht: 0","157209","3","6","4","09","16","2","","0","1","0","0","0"
"POINT (10.106720182000061 53.542874541000060)","Unfall 157210 (2023) Kat:2, Licht: 0","157210","2","2","3","09","10","2","","0","1","0","0","0"
"POINT (10.022086152000043 53.550264384000059)","Unfall 157211 (2023) Kat:3, Licht: 0","157211","3","6","3","09","17","2","","0","0","1","0","0"
"POINT (10.096902963000048 53.608851267000034)","Unfall 157212 (2023) Kat:3, Licht: 0","157212","3","1","6","09","15","2","","0","0","1","1","0"
"POINT (10.098411789000068 53.613228202000073)","Unfall 157213 (2023) Kat:3, Licht: 2","157213","3","7","0","09","05","2","","2","1","0","0","0"
"POINT (10.062204381000072 53.608752416000073)","Unfall 157214 (2023) Kat:3, Licht: 0","157214","3","2","0","09","14","2","","0","1","0","0","0"
"POINT (10.089048805000061 53.631846246000066)","Unfall 157215 (2023) Kat:3, Licht: 0","157215","3","3","5","09","14","2","","0","1","0","0","0"
"POINT (10.162098435000075 53.648642192000068)","Unfall 157216 (2023) Kat:3, Licht: 0","157216","3","6","2","09","13","2","","0","0","1","0","1"
"POINT (10.002538607000076 53.586982859000045)","Unfall 157217 (2023) Kat:2, Licht: 0","157217","2","3","5","09","12","2","","0","1","0","0","0"
"POINT (10.052253215000064 53.568569977000038)","Unfall 157218 (2023) Kat:3, Licht: 0","157218","3","6","3","09","18","2","","0","0","1","0","0"
"POINT (10.013972572000057 53.579038513000057)","Unfall 157219 (2023) Kat:3, Licht: 0","157219","3","5","1","09","17","2","","0","1","1","0","0"
"POINT (10.051407956000048 53.565101649000042)","Unfall 157220 (2023) Kat:3, Licht: 0","157220","3","3","5","09","14","2","","0","0","1","0","0"
"POINT (10.055511175000049 53.591212307000035)","Unfall 157221 (2023) Kat:3, Licht: 0","157221","3","6","2","09","14","2","","0","0","1","0","0"
"POINT (9.865158107000070 53.556939678000049)","Unfall 157222 (2023) Kat:3, Licht: 0","157222","3","6","2","09","10","2","","0","1","1","0","0"
"POINT (9.918182487000024 53.567179598000052)","Unfall 157223 (2023) Kat:3, Licht: 0","157223","3","5","5","09","18","2","","0","1","1","0","0"
"POINT (9.956232076000049 53.581865704000052)","Unfall 157224 (2023) Kat:3, Licht: 0","157224","3","7","0","09","15","2","","0","1","0","0","0"
"POINT (9.936161545000061 53.551023291000035)","Unfall 157225 (2023) Kat:3, Licht: 0","157225","3","4","6","09","18","2","","0","1","0","1","0"
"POINT (9.933703194000032 53.551932721000071)","Unfall 157226 (2023) Kat:3, Licht: 0","157226","3","4","6","09","16","2","","0","0","0","1","0"
"POINT (9.960126884000033 53.546798246000037)","Unfall 157227 (2023) Kat:3, Licht: 2","157227","3","5","1","09","00","2","","2","1","1","0","0"
"POINT (9.979878098000029 53.555595430000039)","Unfall 157228 (2023) Kat:3, Licht: 0","157228","3","7","0","09","17","2","","0","1","0","0","0"
"POINT (9.982812879000051 53.460294889000068)","Unfall 157229 (2023) Kat:3, Licht: 0","157229","3","5","3","09","14","1","","0","0","1","0","0"
"POINT (9.977270021000038 53.460876634000044)","Unfall 157230 (2023) Kat:3, Licht: 0","157230","3","2","3","09","18","1","","0","0","1","0","0"
"POINT (9.957316637000076 53.462075646000073)","Unfall 157231 (2023) Kat:3, Licht: 0","157231","3","3","5","09","16","1","","0","0","1","0","0"
"POINT (9.992225090000034 53.481998551000061)","Unfall 157232 (2023) Kat:3, Licht: 0","157232","3","2","3","09","13","1","","0","1","1","0","0"
"POINT (10.205093724000051 53.474459646000071)","Unfall 157233 (2023) Kat:3, Licht: 2","157233","3","2","4","09","19","1","","2","0","1","0","0"
"POINT (10.253507292000052 53.424062922000076)","Unfall 157234 (2023) Kat:3, Licht: 0","157234","3","7","3","09","11","1","","0","0","1","0","0"
"POINT (10.005785772000024 53.607418600000074)","Unfall 157235 (2023) Kat:3, Licht: 2","157235","3","7","0","11","19","5","","2","0","0","0","0"
"POINT (10.135281969000062 53.636595556000032)","Unfall 157236 (2023) Kat:3, Licht: 0","157236","3","7","0","09","16","1","","0","0","0","0","0"
"POINT (10.040916902000049 53.601666793000049)","Unfall 157237 (2023) Kat:3, Licht: 2","157237","3","6","2","09","20","1","","2","0","1","0","0"
"POINT (10.024255629000038 53.568512111000075)","Unfall 157238 (2023) Kat:3, Licht: 1","157238","3","6","4","09","20","1","","1","1","0","0","0"
"POINT (9.919731735000028 53.598312339000074)","Unfall 157239 (2023) Kat:3, Licht: 2","157239","3","7","9","09","21","1","","2","0","1","0","0"
"POINT (9.938185675000057 53.592730371000073)","Unfall 157240 (2023) Kat:3, Licht: 0","157240","3","6","2","09","15","1","","0","0","1","0","0"
"POINT (9.865158292000046 53.555544543000053)","Unfall 157241 (2023) Kat:3, Licht: 2","157241","3","1","0","09","01","1","","2","0","0","0","0"
"POINT (9.860202729000036 53.558270361000041)","Unfall 157242 (2023) Kat:3, Licht: 0","157242","3","7","6","09","16","1","","0","1","0","1","0"
"POINT (9.804924775000075 53.530018457000040)","Unfall 157243 (2023) Kat:3, Licht: 0","157243","3","2","2","10","14","4","","0","0","1","0","1"
"POINT (9.953776438000034 53.551277772000049)","Unfall 157244 (2023) Kat:3, Licht: 2","157244","3","1","0","09","01","1","","2","0","0","0","0"
"POINT (9.987928854000074 53.581971885000030)","Unfall 157245 (2023) Kat:3, Licht: 0","157245","3","3","5","09","13","1","","0","0","1","0","1"
"POINT (10.000977690000070 53.555403983000076)","Unfall 157246 (2023) Kat:3, Licht: 0","157246","3","6","2","09","18","1","","0","0","1","0","0"
"POINT (10.002457405000030 53.464980325000056)","Unfall 157247 (2023) Kat:3, Licht: 0","157247","3","5","1","09","08","7","","0","0","1","0","0"
"POINT (10.114250060000074 53.537858245000052)","Unfall 157248 (2023) Kat:3, Licht: 0","157248","3","1","0","09","08","7","","0","0","0","0","1"
"POINT (10.028849280000031 53.552348395000081)","Unfall 157249 (2023) Kat:3, Licht: 0","157249","3","6","2","09","15","7","","0","0","1","0","1"
"POINT (10.085173725000061 53.577203972000063)","Unfall 157250 (2023) Kat:3, Licht: 1","157250","3","2","3","09","19","7","","1","1","0","0","0"
"POINT (10.080185806000031 53.556297984000082)","Unfall 157251 (2023) Kat:3, Licht: 0","157251","3","6","3","09","13","6","","0","0","1","0","0"
"POINT (9.883465489000059 53.589917001000060)","Unfall 157252 (2023) Kat:3, Licht: 0","157252","3","1","8","09","11","7","","0","1","0","0","0"
"POINT (9.959554997000055 53.563533788000029)","Unfall 157253 (2023) Kat:3, Licht: 2","157253","3","3","5","11","23","6","","2","1","1","0","0"
"POINT (9.911059187000035 53.646100290000049)","Unfall 157254 (2023) Kat:3, Licht: 1","157254","3","1","8","09","06","7","","1","0","1","0","0"
"POINT (9.976164594000068 53.584718335000048)","Unfall 157255 (2023) Kat:3, Licht: 2","157255","3","3","5","09","03","7","","2","0","1","0","0"
"POINT (9.925935525000057 53.550705730000061)","Unfall 157256 (2023) Kat:3, Licht: 0","157256","3","5","1","09","17","7","","0","1","1","0","0"
"POINT (9.971574799000052 53.566888428000027)","Unfall 157257 (2023) Kat:3, Licht: 2","157257","3","1","4","10","03","7","","2","0","1","0","0"
"POINT (9.961154606000036 53.562795297000036)","Unfall 157258 (2023) Kat:3, Licht: 2","157258","3","3","5","09","03","7","","2","1","1","0","0"
"POINT (9.963319347000038 53.548623675000044)","Unfall 157259 (2023) Kat:2, Licht: 2","157259","2","4","6","09","21","7","","2","0","1","1","0"
"POINT (9.995681193000053 53.473252589000026)","Unfall 157260 (2023) Kat:3, Licht: 0","157260","3","6","3","09","16","6","","0","0","1","0","0"
"POINT (10.101281857000060 53.655350872000042)","Unfall 157261 (2023) Kat:2, Licht: 0","157261","2","1","0","09","07","3","","0","1","0","0","0"
"POINT (9.953342112000030 53.458801249000032)","Unfall 157262 (2023) Kat:3, Licht: 0","157262","3","5","1","09","10","6","","0","0","1","0","0"
"POINT (10.218223525000042 53.487657198000079)","Unfall 157263 (2023) Kat:3, Licht: 0","157263","3","3","5","09","15","6","","0","0","1","0","1"
"POINT (10.056161720000034 53.601429006000046)","Unfall 157264 (2023) Kat:3, Licht: 0","157264","3","4","6","09","17","6","","0","1","0","1","0"
"POINT (10.000429707000023 53.596838110000078)","Unfall 157265 (2023) Kat:3, Licht: 0","157265","3","7","0","11","16","6","","0","1","0","0","0"
"POINT (10.044407615000068 53.608010073000059)","Unfall 157266 (2023) Kat:3, Licht: 0","157266","3","7","0","09","15","6","","0","0","0","0","0"
"POINT (10.015232517000072 53.520395742000062)","Unfall 157267 (2023) Kat:3, Licht: 1","157267","3","5","5","11","06","2","","1","1","1","0","0"
"POINT (10.041910436000023 53.637798873000065)","Unfall 157268 (2023) Kat:3, Licht: 0","157268","3","7","0","09","13","6","","0","0","0","0","0"
"POINT (10.160368304000031 53.653153455000052)","Unfall 157269 (2023) Kat:3, Licht: 0","157269","3","6","2","09","13","6","","0","0","1","0","0"
"POINT (10.005080661000022 53.590820723000036)","Unfall 157270 (2023) Kat:3, Licht: 1","157270","3","5","1","09","19","6","","1","1","1","0","0"