WKT,Name,OBJECTID,UKATEGORIE,UTYP1,UART,UMONAT,USTUNDE,UWOCHENTAG,STRZUSTAND,ULICHTVERH,ISTRAD,ISTPKW,ISTFUSS,ISTKRAD
"POINT (10.013165181000033 53.599941886000067)","Unfall 157271 (2023) Kat:3, Licht: 1","157271","3","7","5","09","19","6","","1","0","0","0","1"
"POINT (10.028579228000069 53.571219289000055)","Unfall 157272 (2023) Kat:2, Licht: 0","157272","2","3","5","09","14","6","","0","1","1","0","0"
"POINT (9.889040078000050 53.576094929000078)","Unfall 157273 (2023) Kat:3, Licht: 1","157273","3","3","5","09","18","6","","1","0","1","0","0"
"POINT (9.864718833000040 53.573445508000077)","Unfall 157274 (2023) Kat:3, Licht: 0","157274","3","6","2","10","12","7","","0","0","1","0","0"
"POINT (9.959266835000051 53.567777976000059)","Unfall 157275 (2023) Kat:2, Licht: 0","157275","2","7","0","09","17","6","","0","1","0","0","0"
"POINT (9.974732456000027 53.610361266000041)","Unfall 157276 (2023) Kat:3, Licht: 0","157276","3","7","0","09","13","6","","0","1","0","0","0"
"POINT (9.942676294000023 53.555225030000031)","Unfall 157277 (2023) Kat:3, Licht: 0","157277","3","2","5","09","07","6","","0","1","0","0","0"
"POINT (9.964309476000039 53.568233780000071)","Unfall 157278 (2023) Kat:3, Licht: 0","157278","3","2","3","09","09","6","","0","1","1","0","0"
"POINT (9.957777798000052 53.562575239000068)","Unfall 157279 (2023) Kat:3, Licht: 0","157279","3","2","4","09","13","6","","0","1","1","0","0"
"POINT (9.969096289000049 53.550051141000040)","Unfall 157280 (2023) Kat:3, Licht: 0","157280","3","2","3","09","11","6","","0","1","1","0","0"
"POINT (9.970237899000040 53.545801687000051)","Unfall 157281 (2023) Kat:3, Licht: 2","157281","3","7","0","09","22","6","","2","1","0","0","0"
"POINT (10.013344739000047 53.552249515000028)","Unfall 157282 (2023) Kat:3, Licht: 0","157282","3","2","3","09","10","6","","0","1","1","0","0"
"POINT (9.981569156000035 53.462839662000079)","Unfall 157283 (2023) Kat:3, Licht: 0","157283","3","3","5","09","17","5","","0","0","1","0","0"
"POINT (10.047946936000073 53.550908297000035)","Unfall 157284 (2023) Kat:3, Licht: 0","157284","3","5","5","09","12","5","","0","0","1","0","0"
"POINT (10.064871850000031 53.586594824000031)","Unfall 157285 (2023) Kat:3, Licht: 0","157285","3","2","4","09","09","5","","0","1","1","0","0"
"POINT (10.162046892000035 53.647625955000080)","Unfall 157286 (2023) Kat:3, Licht: 0","157286","3","5","3","09","16","5","","0","1","1","0","0"
"POINT (10.037374098000043 53.680699345000050)","Unfall 157287 (2023) Kat:3, Licht: 0","157287","3","7","0","09","15","5","","0","0","1","0","0"
"POINT (10.030158067000059 53.668863402000056)","Unfall 157288 (2023) Kat:3, Licht: 0","157288","3","3","5","09","17","5","","0","1","1","0","0"
"POINT (10.002219870000033 53.580870796000056)","Unfall 157289 (2023) Kat:3, Licht: 1","157289","3","7","0","09","19","5","","1","1","0","0","0"
"POINT (10.015136661000042 53.573565887000029)","Unfall 157290 (2023) Kat:3, Licht: 0","157290","3","2","3","09","15","5","","0","0","1","0","1"
"POINT (9.991233354000030 53.560835547000067)","Unfall 157291 (2023) Kat:2, Licht: 2","157291","2","4","6","11","16","2","","2","0","1","1","0"
"POINT (9.822341785000049 53.567516277000038)","Unfall 157292 (2023) Kat:3, Licht: 0","157292","3","4","6","09","14","5","","0","1","0","1","0"
"POINT (9.910519460000046 53.556161809000059)","Unfall 157293 (2023) Kat:3, Licht: 0","157293","3","7","0","09","14","5","","0","1","0","0","0"
"POINT (9.989683907000028 53.578819798000040)","Unfall 157294 (2023) Kat:3, Licht: 0","157294","3","5","1","09","18","5","","0","1","1","0","0"
"POINT (9.978157471000031 53.571137759000067)","Unfall 157295 (2023) Kat:3, Licht: 0","157295","3","6","3","09","15","5","","0","1","0","0","0"
"POINT (9.970252531000028 53.572798627000054)","Unfall 157296 (2023) Kat:3, Licht: 0","157296","3","6","3","09","14","5","","0","1","0","0","0"
"POINT (9.986416694000070 53.568110130000036)","Unfall 157297 (2023) Kat:3, Licht: 0","157297","3","7","1","09","09","5","","0","1","1","0","0"
"POINT (9.992085335000070 53.555855000000065)","Unfall 157298 (2023) Kat:3, Licht: 0","157298","3","7","4","09","18","5","","0","1","1","0","0"
"POINT (9.939672110000060 53.476635518000080)","Unfall 157299 (2023) Kat:3, Licht: 0","157299","3","6","4","09","14","5","","0","1","0","0","0"
"POINT (9.897046167000042 53.515386689000081)","Unfall 157300 (2023) Kat:3, Licht: 0","157300","3","6","2","09","06","4","","0","0","1","0","0"
"POINT (9.928062128000022 53.453656590000037)","Unfall 157301 (2023) Kat:3, Licht: 0","157301","3","5","1","09","16","4","","0","1","1","0","0"
"POINT (10.207878498000071 53.486365131000071)","Unfall 157302 (2023) Kat:3, Licht: 0","157302","3","7","0","09","16","4","","0","1","0","0","0"
"POINT (10.103551477000053 53.539445451000063)","Unfall 157303 (2023) Kat:3, Licht: 2","157303","3","7","4","09","21","4","","2","0","1","0","1"
"POINT (10.069731781000030 53.526463974000080)","Unfall 157304 (2023) Kat:3, Licht: 2","157304","3","2","4","09","05","4","","2","0","1","0","0"
"POINT (10.115912399000024 53.557344359000069)","Unfall 157305 (2023) Kat:3, Licht: 0","157305","3","2","4","09","15","4","","0","0","1","0","0"
"POINT (10.136075970000036 53.572618998000053)","Unfall 157306 (2023) Kat:3, Licht: 0","157306","3","3","5","09","18","4","","0","0","1","0","0"
"POINT (10.148092948000055 53.605368363000082)","Unfall 157307 (2023) Kat:3, Licht: 0","157307","3","2","4","09","10","4","","0","0","1","0","0"
"POINT (10.069124423000062 53.560636457000044)","Unfall 157308 (2023) Kat:3, Licht: 0","157308","3","3","5","09","15","4","","0","1","1","0","0"
"POINT (10.088126861000035 53.575081693000072)","Unfall 157309 (2023) Kat:3, Licht: 0","157309","3","3","5","09","17","4","","0","1","1","0","0"
"POINT (10.051774762000036 53.608496617000071)","Unfall 157310 (2023) Kat:3, Licht: 0","157310","3","2","3","09","12","4","","0","1","1","0","0"
"POINT (10.013104779000059 53.601903117000063)","Unfall 157311 (2023) Kat:3, Licht: 0","157311","3","6","3","09","16","4","","0","0","1","0","0"
"POINT (9.904015970000046 53.563226571000030)","Unfall 157312 (2023) Kat:3, Licht: 0","157312","3","6","2","09","17","4","","0","0","1","0","0"
"POINT (9.949479640000050 53.544631129000038)","Unfall 157313 (2023) Kat:3, Licht: 2","157313","3","7","0","09","21","7","","2","0","1","1","0"
"POINT (9.916895761000035 53.641794552000079)","Unfall 157314 (2023) Kat:3, Licht: 0","157314","3","7","0","09","07","4","","0","1","0","0","0"
"POINT (9.987866613000051 53.564028181000026)","Unfall 157315 (2023) Kat:3, Licht: 0","157315","3","7","0","09","17","4","","0","1","0","0","0"
"POINT (9.991871477000075 53.559369645000061)","Unfall 157316 (2023) Kat:3, Licht: 0","157316","3","6","3","09","15","4","","0","0","1","0","0"
"POINT (9.993782133000025 53.578344207000043)","Unfall 157317 (2023) Kat:3, Licht: 0","157317","3","6","3","09","13","4","","0","1","1","0","0"
"POINT (9.993071044000033 53.551468612000065)","Unfall 157318 (2023) Kat:2, Licht: 0","157318","2","1","7","09","10","4","","0","0","0","0","0"
"POINT (9.984849971000074 53.461031272000071)","Unfall 157319 (2023) Kat:3, Licht: 2","157319","3","5","5","09","21","3","","2","0","1","0","0"
"POINT (10.105198100000052 53.456853140000078)","Unfall 157320 (2023) Kat:3, Licht: 0","157320","3","3","5","09","09","3","","0","0","1","0","0"
"POINT (10.123804894000045 53.483000068000081)","Unfall 157321 (2023) Kat:3, Licht: 0","157321","3","5","5","09","07","3","","0","1","0","0","0"
"POINT (10.184426347000056 53.489797487000033)","Unfall 157322 (2023) Kat:3, Licht: 0","157322","3","4","6","09","09","3","","0","0","1","1","0"
"POINT (10.092072691000055 53.552439862000028)","Unfall 157323 (2023) Kat:3, Licht: 0","157323","3","6","3","09","17","3","","0","0","1","0","0"
"POINT (10.113181055000041 53.554393995000055)","Unfall 157324 (2023) Kat:3, Licht: 2","157324","3","6","3","09","00","3","","2","0","1","0","0"
"POINT (10.004563971000039 53.657241299000077)","Unfall 157325 (2023) Kat:2, Licht: 0","157325","2","3","0","09","16","3","","0","1","0","0","0"
"POINT (10.054834918000040 53.591832495000062)","Unfall 157326 (2023) Kat:3, Licht: 0","157326","3","2","4","09","08","3","","0","1","1","0","0"
"POINT (10.167759084000068 53.488917039000057)","Unfall 157327 (2023) Kat:3, Licht: 0","157327","3","5","1","11","14","3","","0","0","1","0","0"
"POINT (10.028668168000024 53.571112174000064)","Unfall 157328 (2023) Kat:3, Licht: 0","157328","3","2","3","09","08","3","","0","0","1","0","0"
"POINT (9.972964307000041 53.491571128000032)","Unfall 157329 (2023) Kat:3, Licht: 2","157329","3","6","2","10","22","6","","2","0","1","0","0"
"POINT (10.044474247000039 53.591345668000031)","Unfall 157330 (2023) Kat:3, Licht: 0","157330","3","7","0","09","16","3","","0","1","0","0","0"
"POINT (9.909741286000042 53.590155319000075)","Unfall 157331 (2023) Kat:3, Licht: 1","157331","3","5","0","09","19","3","","1","0","1","0","0"
"POINT (10.002624159000050 53.554891103000045)","Unfall 157332 (2023) Kat:3, Licht: 2","157332","3","6","3","11","20","1","","2","0","1","0","0"
"POINT (9.965127209000059 53.603551858000060)","Unfall 157333 (2023) Kat:3, Licht: 0","157333","3","3","5","09","08","3","","0","1","1","0","0"
"POINT (9.936234516000070 53.551271370000052)","Unfall 157334 (2023) Kat:3, Licht: 0","157334","3","7","5","09","17","3","","0","0","1","0","0"
"POINT (9.947105743000066 53.551398461000076)","Unfall 157335 (2023) Kat:3, Licht: 0","157335","3","3","5","09","09","3","","0","1","0","0","0"
"POINT (9.873382635000041 53.480691768000042)","Unfall 157336 (2023) Kat:3, Licht: 0","157336","3","7","0","09","18","2","","0","1","0","0","0"
"POINT (9.982029715000067 53.463480800000070)","Unfall 157337 (2023) Kat:2, Licht: 0","157337","2","6","2","09","18","2","","0","0","1","0","0"
"POINT (9.954667098000073 53.455833142000074)","Unfall 157338 (2023) Kat:3, Licht: 0","157338","3","2","4","09","07","2","","0","0","1","0","0"
"POINT (9.981524908000040 53.519558791000065)","Unfall 157339 (2023) Kat:3, Licht: 1","157339","3","6","2","09","06","2","","1","0","1","0","0"
"POINT (10.095766499000035 53.550957610000069)","Unfall 157340 (2023) Kat:3, Licht: 2","157340","3","2","0","10","19","2","","2","1","1","0","0"
"POINT (10.184701060000066 53.486529415000064)","Unfall 157341 (2023) Kat:3, Licht: 0","157341","3","2","0","09","16","2","","0","0","1","0","0"
"POINT (10.183727822000037 53.498930468000026)","Unfall 157342 (2023) Kat:3, Licht: 0","157342","3","7","0","09","13","2","","0","1","0","0","0"
"POINT (10.106619150000029 53.546975793000058)","Unfall 157343 (2023) Kat:3, Licht: 0","157343","3","5","1","09","17","2","","0","0","1","0","1"
"POINT (10.052686204000054 53.550074008000081)","Unfall 157344 (2023) Kat:3, Licht: 0","157344","3","3","5","09","16","2","","0","0","1","0","0"
"POINT (10.124343567000039 53.577772966000055)","Unfall 157345 (2023) Kat:3, Licht: 0","157345","3","3","5","09","17","2","","0","1","0","0","0"
"POINT (10.118418267000038 53.606793361000030)","Unfall 157346 (2023) Kat:3, Licht: 0","157346","3","7","6","09","15","2","","0","0","0","1","0"
"POINT (10.141933731000051 53.628663756000037)","Unfall 157347 (2023) Kat:3, Licht: 0","157347","3","6","2","09","11","2","","0","0","1","0","0"
"POINT (10.135311151000053 53.606804897000075)","Unfall 157348 (2023) Kat:2, Licht: 0","157348","2","6","2","09","16","2","","0","0","1","0","0"
"POINT (10.065765880000072 53.571311518000073)","Unfall 157349 (2023) Kat:3, Licht: 0","157349","3","7","0","09","14","2","","0","1","0","0","0"
"POINT (10.113767678000045 53.673234679000075)","Unfall 157350 (2023) Kat:3, Licht: 0","157350","3","1","0","09","13","2","","0","1","0","0","0"
"POINT (9.905500905000054 53.607769630000064)","Unfall 157351 (2023) Kat:3, Licht: 0","157351","3","6","2","09","14","2","","0","0","1","0","0"
"POINT (9.891421011000034 53.573324818000060)","Unfall 157352 (2023) Kat:3, Licht: 0","157352","3","7","9","09","16","2","","0","0","1","0","0"
"POINT (9.915828285000032 53.639982053000040)","Unfall 157353 (2023) Kat:3, Licht: 0","157353","3","3","5","09","12","2","","0","1","1","0","0"
"POINT (9.980197709000038 53.584688038000081)","Unfall 157354 (2023) Kat:3, Licht: 0","157354","3","7","1","09","11","2","","0","0","1","0","0"
"POINT (9.992386004000025 53.553366648000065)","Unfall 157355 (2023) Kat:3, Licht: 1","157355","3","7","4","09","19","2","","1","1","1","0","0"
"POINT (10.126597188000062 53.582361649000063)","Unfall 157356 (2023) Kat:3, Licht: 2","157356","3","1","9","09","02","1","","2","0","1","0","0"
"POINT (10.121170021000069 53.604202533000034)","Unfall 157357 (2023) Kat:3, Licht: 0","157357","3","7","0","09","15","1","","0","0","0","0","1"
"POINT (10.009730738000030 53.577908318000027)","Unfall 157358 (2023) Kat:2, Licht: 2","157358","2","5","1","09","01","1","","2","1","1","0","0"
"POINT (9.935135299000024 53.594705108000028)","Unfall 157359 (2023) Kat:3, Licht: 0","157359","3","5","1","09","15","1","","0","1","1","0","0"
"POINT (9.759230834000050 53.567043766000040)","Unfall 157360 (2023) Kat:3, Licht: 0","157360","3","7","0","09","16","1","","0","1","0","0","0"
"POINT (9.917715244000021 53.551206443000069)","Unfall 157361 (2023) Kat:3, Licht: 0","157361","3","2","4","09","15","1","","0","0","1","0","1"
"POINT (9.989049106000039 53.581372828000042)","Unfall 157362 (2023) Kat:3, Licht: 0","157362","3","2","3","09","14","1","","0","1","1","0","0"
"POINT (9.994507047000070 53.543442108000079)","Unfall 157363 (2023) Kat:3, Licht: 0","157363","3","2","3","09","12","1","","0","1","1","0","0"
"POINT (10.111968752000053 53.538208190000034)","Unfall 157364 (2023) Kat:3, Licht: 0","157364","3","2","4","09","16","7","","0","0","1","0","0"
"POINT (10.095820896000021 53.516551428000071)","Unfall 157365 (2023) Kat:3, Licht: 0","157365","3","6","2","09","13","1","","0","0","1","0","0"
"POINT (10.021142847000021 53.550034524000068)","Unfall 157366 (2023) Kat:3, Licht: 0","157366","3","2","3","09","11","7","","0","0","1","0","0"
"POINT (10.063333374000024 53.557418286000029)","Unfall 157367 (2023) Kat:3, Licht: 0","157367","3","7","0","09","11","7","","0","0","0","0","1"
"POINT (10.169500738000067 53.625355728000045)","Unfall 157368 (2023) Kat:3, Licht: 0","157368","3","2","0","09","12","7","","0","1","1","0","0"
"POINT (10.134603438000056 53.674626629000045)","Unfall 157369 (2023) Kat:3, Licht: 0","157369","3","6","4","09","12","7","","0","1","0","0","0"
"POINT (10.083050782000043 53.611120040000060)","Unfall 157370 (2023) Kat:3, Licht: 0","157370","3","7","0","10","08","3","","0","1","0","1","0"
"POINT (10.097305283000026 53.641732358000070)","Unfall 157371 (2023) Kat:3, Licht: 2","157371","3","1","9","09","20","7","","2","0","0","0","1"
"POINT (10.053408336000075 53.589376900000047)","Unfall 157372 (2023) Kat:3, Licht: 2","157372","3","5","1","09","23","7","","2","0","1","0","0"
"POINT (10.050085920000072 53.594108684000048)","Unfall 157373 (2023) Kat:3, Licht: 2","157373","3","2","4","09","03","7","","2","0","1","0","0"
"POINT (9.901354527000024 53.606397962000074)","Unfall 157374 (2023) Kat:3, Licht: 0","157374","3","6","2","09","10","7","","0","0","1","0","0"
"POINT (9.936387969000066 53.555796041000065)","Unfall 157375 (2023) Kat:3, Licht: 0","157375","3","6","2","09","12","7","","0","0","1","0","0"
"POINT (9.943505148000042 53.593298116000028)","Unfall 157376 (2023) Kat:3, Licht: 2","157376","3","2","6","11","06","2","","2","0","0","1","0"
"POINT (9.994529169000032 53.558588565000036)","Unfall 157377 (2023) Kat:3, Licht: 0","157377","3","3","5","09","17","7","","0","1","1","0","0"
"POINT (10.106865317000029 53.570652098000039)","Unfall 157378 (2023) Kat:3, Licht: 0","157378","3","4","6","11","10","3","","0","0","1","1","0"
"POINT (9.969750694000027 53.557314855000072)","Unfall 157379 (2023) Kat:3, Licht: 0","157379","3","6","3","09","18","7","","0","0","1","0","1"
"POINT (9.986214364000034 53.549806484000044)","Unfall 157380 (2023) Kat:2, Licht: 0","157380","2","3","5","09","13","7","","0","1","0","0","0"
"POINT (9.979731367000056 53.527703275000079)","Unfall 157381 (2023) Kat:3, Licht: 2","157381","3","1","0","09","23","7","","2","0","0","0","1"
"POINT (10.110401838000030 53.593038980000074)","Unfall 157382 (2023) Kat:3, Licht: 0","157382","3","3","5","09","08","6","","0","1","1","0","0"
"POINT (10.080530922000037 53.619145400000036)","Unfall 157383 (2023) Kat:3, Licht: 0","157383","3","2","3","09","13","6","","0","1","1","0","0"
"POINT (10.090375904000041 53.595053023000048)","Unfall 157384 (2023) Kat:3, Licht: 2","157384","3","7","6","10","21","5","","2","0","1","1","0"
"POINT (10.046014135000064 53.608098242000040)","Unfall 157385 (2023) Kat:3, Licht: 0","157385","3","7","7","09","07","6","","0","0","1","0","0"
"POINT (10.044470947000036 53.609059934000072)","Unfall 157386 (2023) Kat:3, Licht: 0","157386","3","6","2","09","11","6","","0","0","1","0","1"
"POINT (10.120126582000069 53.655442305000065)","Unfall 157387 (2023) Kat:3, Licht: 0","157387","3","2","4","09","12","6","","0","0","1","0","0"
"POINT (10.132791273000066 53.649995648000072)","Unfall 157388 (2023) Kat:3, Licht: 0","157388","3","5","1","09","13","6","","0","1","1","0","0"
"POINT (10.040278416000035 53.570189329000073)","Unfall 157389 (2023) Kat:3, Licht: 0","157389","3","2","4","09","08","3","","0","1","0","0","0"
"POINT (10.036777754000070 53.591228815000079)","Unfall 157390 (2023) Kat:3, Licht: 0","157390","3","3","5","09","12","6","","0","0","0","0","1"
"POINT (9.969861822000041 53.593835583000043)","Unfall 157391 (2023) Kat:3, Licht: 0","157391","3","4","0","11","08","3","","0","1","0","1","0"
"POINT (9.994399849000047 53.602094211000065)","Unfall 157392 (2023) Kat:2, Licht: 0","157392","2","2","4","09","11","6","","0","1","1","0","0"
"POINT (10.039100708000035 53.580310040000029)","Unfall 157393 (2023) Kat:3, Licht: 0","157393","3","6","2","09","16","6","","0","0","1","0","0"
"POINT (9.959507828000028 53.564555306000045)","Unfall 157394 (2023) Kat:3, Licht: 2","157394","3","6","3","09","23","6","","2","1","0","0","0"
"POINT (9.945101941000075 53.556709192000028)","Unfall 157395 (2023) Kat:3, Licht: 2","157395","3","7","6","09","22","6","","2","0","1","1","0"
"POINT (9.996438688000069 53.543706201000077)","Unfall 157396 (2023) Kat:3, Licht: 0","157396","3","4","6","09","08","6","","0","1","0","1","0"
"POINT (9.831944842000041 53.530725243000063)","Unfall 157397 (2023) Kat:3, Licht: 0","157397","3","5","5","09","14","5","","0","1","1","0","0"
"POINT (9.988068990000045 53.448896818000037)","Unfall 157398 (2023) Kat:3, Licht: 2","157398","3","5","5","09","21","5","","2","0","1","0","0"
"POINT (10.186087224000062 53.486859518000074)","Unfall 157399 (2023) Kat:3, Licht: 0","157399","3","7","0","09","08","5","","0","1","0","0","0"
"POINT (10.177078941000048 53.629673593000064)","Unfall 157400 (2023) Kat:3, Licht: 0","157400","3","1","9","09","17","5","","0","0","0","0","0"
"POINT (10.137898945000074 53.588396638000063)","Unfall 157401 (2023) Kat:3, Licht: 0","157401","3","1","0","09","13","5","","0","0","0","0","0"
"POINT (10.070165056000064 53.571917551000070)","Unfall 157402 (2023) Kat:3, Licht: 0","157402","3","2","0","09","18","5","","0","0","0","0","0"
"POINT (10.063675661000048 53.578403435000041)","Unfall 157403 (2023) Kat:3, Licht: 0","157403","3","7","1","09","16","5","","0","1","1","0","0"
"POINT (9.995988990000058 53.653422284000044)","Unfall 157404 (2023) Kat:3, Licht: 0","157404","3","3","5","09","12","5","","0","1","0","0","0"
"POINT (10.014633108000055 53.581925545000047)","Unfall 157405 (2023) Kat:3, Licht: 0","157405","3","5","1","09","11","5","","0","1","0","0","0"
"POINT (10.040522705000058 53.570256460000053)","Unfall 157406 (2023) Kat:3, Licht: 0","157406","3","2","3","09","09","5","","0","1","1","0","0"
"POINT (9.936085993000063 53.572868446000030)","Unfall 157407 (2023) Kat:3, Licht: 0","157407","3","2","3","09","14","5","","0","1","1","0","0"
"POINT (9.962737103000052 53.552452130000063)","Unfall 157408 (2023) Kat:3, Licht: 2","157408","3","3","5","11","23","1","","2","0","1","0","0"
"POINT (9.956232370000066 53.581866953000031)","Unfall 157409 (2023) Kat:3, Licht: 0","157409","3","7","0","09","18","5","","0","1","0","0","0"
"POINT (10.017094774000043 53.527337479000039)","Unfall 157410 (2023) Kat:3, Licht: 0","157410","3","6","2","10","14","7","","0","0","1","0","0"
"POINT (9.945626826000023 53.560914440000033)","Unfall 157411 (2023) Kat:3, Licht: 0","157411","3","3","5","09","14","5","","0","1","0","0","0"
"POINT (9.986311052000076 53.581265080000037)","Unfall 157412 (2023) Kat:3, Licht: 0","157412","3","7","0","09","09","5","","0","1","0","0","0"
"POINT (9.966917362000061 53.566101566000043)","Unfall 157413 (2023) Kat:3, Licht: 0","157413","3","6","4","09","16","5","","0","1","0","0","0"
"POINT (9.981077779000032 53.560260990000074)","Unfall 157414 (2023) Kat:3, Licht: 0","157414","3","7","0","09","08","5","","0","1","0","0","0"
"POINT (10.017274043000043 53.555808162000062)","Unfall 157415 (2023) Kat:3, Licht: 0","157415","3","2","3","09","17","5","","0","1","1","0","0"
"POINT (10.007142408000050 53.498240197000030)","Unfall 157416 (2023) Kat:3, Licht: 0","157416","3","1","0","09","12","4","","0","0","1","0","0"
"POINT (10.002937150000037 53.659933188000082)","Unfall 157417 (2023) Kat:3, Licht: 0","157417","3","5","5","11","14","2","","0","1","1","0","0"
"POINT (10.182764275000068 53.496216933000028)","Unfall 157418 (2023) Kat:3, Licht: 0","157418","3","5","5","09","16","4","","0","0","1","0","0"
"POINT (10.115773056000023 53.488075662000028)","Unfall 157419 (2023) Kat:3, Licht: 0","157419","3","3","5","09","16","4","","0","0","1","0","0"
"POINT (10.108446998000034 53.537430963000077)","Unfall 157420 (2023) Kat:3, Licht: 0","157420","3","2","3","09","13","4","","0","1","0","0","0"
"POINT (10.183491968000055 53.607057962000056)","Unfall 157421 (2023) Kat:3, Licht: 0","157421","3","6","2","09","11","4","","0","0","1","0","0"
"POINT (10.152381390000073 53.610312411000052)","Unfall 157422 (2023) Kat:3, Licht: 1","157422","3","6","2","09","07","4","","1","0","1","0","0"
"POINT (10.054173649000063 53.609716877000039)","Unfall 157423 (2023) Kat:3, Licht: 0","157423","3","3","5","09","08","4","","0","0","1","0","0"
"POINT (10.110907093000037 53.653245082000069)","Unfall 157424 (2023) Kat:3, Licht: 0","157424","3","5","1","09","10","5","","0","1","1","0","0"
"POINT (10.091565043000060 53.599827879000031)","Unfall 157425 (2023) Kat:3, Licht: 0","157425","3","3","5","09","08","4","","0","1","1","0","0"
"POINT (10.076920956000038 53.653069017000064)","Unfall 157426 (2023) Kat:3, Licht: 2","157426","3","4","6","09","20","4","","2","0","1","1","0"
"POINT (9.980842549000045 53.544079967000073)","Unfall 157427 (2023) Kat:3, Licht: 0","157427","3","6","2","10","08","6","","0","0","1","0","0"
"POINT (10.014272357000038 53.619089278000047)","Unfall 157428 (2023) Kat:3, Licht: 0","157428","3","6","2","09","15","4","","0","0","1","0","0"
"POINT (10.017625854000073 53.564193751000062)","Unfall 157429 (2023) Kat:3, Licht: 0","157429","3","6","3","09","15","4","","0","1","1","0","0"
"POINT (9.933436990000075 53.596896297000058)","Unfall 157430 (2023) Kat:3, Licht: 2","157430","3","1","0","09","03","4","","2","1","0","0","0"
"POINT (9.894448995000062 53.603944604000048)","Unfall 157431 (2023) Kat:2, Licht: 2","157431","2","2","6","09","04","4","","2","0","1","1","0"
"POINT (9.866416419000075 53.567201637000039)","Unfall 157432 (2023) Kat:3, Licht: 0","157432","3","6","4","09","16","4","","0","0","1","0","0"
"POINT (9.888279750000038 53.577003428000069)","Unfall 157433 (2023) Kat:3, Licht: 0","157433","3","3","5","09","15","4","","0","1","1","0","0"
"POINT (10.131673837000051 53.655532540000081)","Unfall 157434 (2023) Kat:3, Licht: 2","157434","3","6","2","10","18","6","","2","0","1","0","0"
"POINT (9.939140972000075 53.555599687000040)","Unfall 157435 (2023) Kat:3, Licht: 2","157435","3","5","1","09","23","4","","2","1","1","0","0"
"POINT (9.977712230000066 53.577580286000057)","Unfall 157436 (2023) Kat:3, Licht: 0","157436","3","4","6","09","08","4","","0","0","0","1","0"
"POINT (9.987877851000064 53.558136219000062)","Unfall 157437 (2023) Kat:3, Licht: 0","157437","3","6","3","09","10","4","","0","0","1","0","0"
"POINT (9.998596740000039 53.556523473000027)","Unfall 157438 (2023) Kat:3, Licht: 0","157438","3","7","3","09","10","4","","0","0","1","0","0"
"POINT (9.993498041000066 53.557655547000081)","Unfall 157439 (2023) Kat:3, Licht: 0","157439","3","3","5","09","06","4","","0","1","1","0","0"
"POINT (9.969855009000071 53.516562224000040)","Unfall 157440 (2023) Kat:3, Licht: 2","157440","3","6","3","09","20","4","","2","0","1","0","0"
"POINT (10.038707110000075 53.608300294000060)","Unfall 157441 (2023) Kat:3, Licht: 0","157441","3","2","4","11","06","6","","0","0","1","0","0"
"POINT (9.845143528000051 53.478723394000042)","Unfall 157442 (2023) Kat:3, Licht: 0","157442","3","1","0","09","19","3","","0","0","0","0","1"
"POINT (9.979544150000038 53.460801368000034)","Unfall 157443 (2023) Kat:2, Licht: 0","157443","2","4","6","09","07","3","","0","0","1","1","0"
"POINT (9.991991516000041 53.505292098000041)","Unfall 157444 (2023) Kat:3, Licht: 0","157444","3","2","4","09","06","3","","0","0","1","0","1"
"POINT (10.180094865000058 53.496217390000027)","Unfall 157445 (2023) Kat:3, Licht: 0","157445","3","2","5","09","07","3","","0","1","1","0","0"
"POINT (10.170654110000044 53.503003118000038)","Unfall 157446 (2023) Kat:3, Licht: 0","157446","3","1","8","10","07","2","","0","0","0","0","1"
"POINT (10.076996102000066 53.535942134000038)","Unfall 157447 (2023) Kat:3, Licht: 0","157447","3","3","5","09","14","3","","0","0","1","0","0"
"POINT (10.096299044000034 53.558958771000050)","Unfall 157448 (2023) Kat:3, Licht: 0","157448","3","5","1","09","06","3","","0","0","1","0","0"
"POINT (10.055904478000059 53.561998613000071)","Unfall 157449 (2023) Kat:3, Licht: 0","157449","3","6","2","09","17","3","","0","0","1","0","0"
"POINT (10.108015620000060 53.610984672000029)","Unfall 157450 (2023) Kat:3, Licht: 1","157450","3","1","1","09","06","3","","1","0","1","0","0"
"POINT (10.155990954000060 53.613588360000051)","Unfall 157451 (2023) Kat:3, Licht: 0","157451","3","3","5","09","07","3","","0","1","1","0","0"
"POINT (10.061258104000046 53.569890795000049)","Unfall 157452 (2023) Kat:3, Licht: 0","157452","3","6","2","09","18","3","","0","0","1","0","0"
"POINT (10.055749538000043 53.598725978000061)","Unfall 157453 (2023) Kat:3, Licht: 0","157453","3","5","5","09","15","3","","0","1","1","0","0"
"POINT (10.040769321000028 53.602562691000060)","Unfall 157454 (2023) Kat:2, Licht: 0","157454","2","6","4","09","17","3","","0","0","1","0","0"
"POINT (10.016573371000050 53.616241655000067)","Unfall 157455 (2023) Kat:2, Licht: 2","157455","2","7","3","11","18","5","","2","0","1","0","0"
"POINT (9.950996194000027 53.582944962000056)","Unfall 157456 (2023) Kat:3, Licht: 0","157456","3","7","0","10","15","5","","0","1","0","0","0"