WKT,Name,OBJECTID,UKATEGORIE,UTYP1,UART,UMONAT,USTUNDE,UWOCHENTAG,STRZUSTAND,ULICHTVERH,ISTRAD,ISTPKW,ISTFUSS,ISTKRAD
"POINT (10.102549476000036 53.619504767000080)","Unfall 157457 (2023) Kat:2, Licht: 0","157457","2","1","0","09","08","3","","0","0","0","0","0"
"POINT (10.149326857000062 53.640733483000076)","Unfall 157458 (2023) Kat:2, Licht: 0","157458","2","7","6","09","10","3","","0","0","1","1","0"
"POINT (10.005930099000068 53.655393329000049)","Unfall 157459 (2023) Kat:3, Licht: 0","157459","3","5","1","09","09","3","","0","0","1","0","0"
"POINT (9.993943379000029 53.579600644000038)","Unfall 157460 (2023) Kat:3, Licht: 0","157460","3","3","5","11","14","4","","0","1","1","0","0"
"POINT (10.012907346000077 53.579878082000050)","Unfall 157461 (2023) Kat:3, Licht: 0","157461","3","5","3","09","09","3","","0","1","1","0","0"
"POINT (10.044649530000072 53.577530075000027)","Unfall 157462 (2023) Kat:3, Licht: 0","157462","3","7","0","09","06","3","","0","0","1","0","1"
"POINT (10.019605529000046 53.560369201000071)","Unfall 157463 (2023) Kat:3, Licht: 0","157463","3","1","0","09","14","3","","0","0","0","0","1"
"POINT (9.808999310000047 53.571606836000058)","Unfall 157464 (2023) Kat:3, Licht: 0","157464","3","5","5","09","18","3","","0","1","1","0","0"
"POINT (9.899251679000031 53.592785771000081)","Unfall 157465 (2023) Kat:3, Licht: 0","157465","3","7","0","09","09","3","","0","0","1","0","1"
"POINT (9.955337263000047 53.624408525000035)","Unfall 157466 (2023) Kat:3, Licht: 0","157466","3","5","5","09","11","3","","0","0","1","0","1"
"POINT (9.912708373000044 53.627459123000051)","Unfall 157467 (2023) Kat:3, Licht: 0","157467","3","3","0","09","08","3","","0","1","1","0","0"
"POINT (9.966303894000021 53.603512560000070)","Unfall 157468 (2023) Kat:3, Licht: 0","157468","3","7","0","09","13","3","","0","0","0","0","1"
"POINT (10.053557089000037 53.568772210000077)","Unfall 157469 (2023) Kat:3, Licht: 0","157469","3","7","3","10","12","1","","0","0","1","0","0"
"POINT (9.925394017000031 53.549141501000065)","Unfall 157470 (2023) Kat:3, Licht: 1","157470","3","5","3","09","19","3","","1","1","1","0","0"
"POINT (9.935721105000027 53.547734016000049)","Unfall 157471 (2023) Kat:3, Licht: 0","157471","3","7","0","09","10","3","","0","1","0","0","0"
"POINT (9.977181393000023 53.564171578000071)","Unfall 157472 (2023) Kat:3, Licht: 0","157472","3","2","3","09","09","3","","0","1","1","0","0"
"POINT (10.003715844000055 53.553875951000066)","Unfall 157473 (2023) Kat:3, Licht: 0","157473","3","1","0","09","10","3","","0","0","0","0","1"
"POINT (10.006219963000035 53.551806437000039)","Unfall 157474 (2023) Kat:3, Licht: 0","157474","3","3","3","09","08","3","","0","1","0","0","0"
"POINT (10.017565943000022 53.556549706000055)","Unfall 157475 (2023) Kat:3, Licht: 0","157475","3","5","6","09","14","3","","0","0","1","1","0"
"POINT (9.982251521000023 53.428634332000058)","Unfall 157476 (2023) Kat:2, Licht: 0","157476","2","4","6","09","06","2","","0","1","0","1","0"
"POINT (10.012283970000055 53.494292109000071)","Unfall 157477 (2023) Kat:2, Licht: 0","157477","2","3","5","09","09","2","","0","1","1","0","0"
"POINT (9.991754947000061 53.503259680000042)","Unfall 157478 (2023) Kat:3, Licht: 1","157478","3","3","5","09","19","2","","1","1","1","0","0"
"POINT (10.129698773000030 53.444656816000077)","Unfall 157479 (2023) Kat:3, Licht: 0","157479","3","5","5","09","13","2","","0","1","1","0","0"
"POINT (10.185856904000048 53.508275758000082)","Unfall 157480 (2023) Kat:3, Licht: 0","157480","3","7","0","09","11","2","","0","0","0","0","0"
"POINT (10.054332938000073 53.563544911000065)","Unfall 157481 (2023) Kat:3, Licht: 0","157481","3","3","5","09","08","2","","0","1","0","0","0"
"POINT (10.033480834000045 53.536242828000070)","Unfall 157482 (2023) Kat:3, Licht: 0","157482","3","3","5","09","17","2","","0","1","1","0","0"
"POINT (10.153223202000049 53.615067573000033)","Unfall 157483 (2023) Kat:3, Licht: 0","157483","3","7","0","09","19","2","","0","1","1","0","0"
"POINT (10.141625954000062 53.685465031000035)","Unfall 157484 (2023) Kat:3, Licht: 0","157484","3","5","1","09","18","2","","0","1","1","0","0"
"POINT (9.952569271000073 53.626317930000027)","Unfall 157485 (2023) Kat:3, Licht: 1","157485","3","7","0","10","18","1","","1","1","0","0","0"
"POINT (9.981783522000057 53.581271541000035)","Unfall 157486 (2023) Kat:3, Licht: 0","157486","3","3","5","09","15","3","","0","1","1","0","0"
"POINT (10.011514434000048 53.649104897000029)","Unfall 157487 (2023) Kat:2, Licht: 0","157487","2","2","4","09","07","2","","0","0","0","0","1"
"POINT (10.044268499000054 53.592552738000052)","Unfall 157488 (2023) Kat:3, Licht: 0","157488","3","5","3","09","14","2","","0","0","1","0","0"
"POINT (10.013816485000063 53.578810421000071)","Unfall 157489 (2023) Kat:3, Licht: 0","157489","3","4","6","09","08","2","","0","1","0","1","0"
"POINT (10.020684813000059 53.559808808000071)","Unfall 157490 (2023) Kat:3, Licht: 0","157490","3","6","3","09","17","2","","0","0","1","0","0"
"POINT (10.034274820000064 53.578832665000050)","Unfall 157491 (2023) Kat:3, Licht: 0","157491","3","6","2","09","09","2","","0","1","1","0","0"
"POINT (9.905882762000033 53.600889341000027)","Unfall 157492 (2023) Kat:3, Licht: 0","157492","3","7","0","09","19","2","","0","1","0","0","0"
"POINT (9.810468969000055 53.563344420000078)","Unfall 157493 (2023) Kat:3, Licht: 0","157493","3","1","0","09","15","2","","0","1","0","0","0"
"POINT (9.900785416000076 53.569944452000072)","Unfall 157494 (2023) Kat:3, Licht: 0","157494","3","3","5","09","08","2","","0","1","1","0","0"
"POINT (9.918373893000023 53.553316251000069)","Unfall 157495 (2023) Kat:3, Licht: 0","157495","3","6","4","09","13","2","","0","1","0","0","0"
"POINT (9.987919042000044 53.581976181000073)","Unfall 157496 (2023) Kat:3, Licht: 2","157496","3","3","5","09","23","2","","2","1","1","0","0"
"POINT (9.993305673000066 53.573964402000058)","Unfall 157497 (2023) Kat:3, Licht: 0","157497","3","2","4","09","16","2","","0","0","1","0","1"
"POINT (9.979629976000069 53.578786197000056)","Unfall 157498 (2023) Kat:3, Licht: 0","157498","3","3","5","09","18","2","","0","0","1","0","0"
"POINT (9.973606403000076 53.554870813000036)","Unfall 157499 (2023) Kat:3, Licht: 0","157499","3","3","5","09","16","2","","0","1","1","0","0"
"POINT (9.949215098000025 53.474736289000077)","Unfall 157500 (2023) Kat:3, Licht: 0","157500","3","7","0","09","16","2","","0","1","0","0","0"
"POINT (9.986997953000071 53.512996278000060)","Unfall 157501 (2023) Kat:3, Licht: 2","157501","3","1","0","09","02","1","","2","0","0","0","0"
"POINT (10.079309593000062 53.501059621000081)","Unfall 157502 (2023) Kat:3, Licht: 0","157502","3","6","3","09","16","1","","0","0","1","0","0"
"POINT (10.160949820000042 53.604602105000026)","Unfall 157503 (2023) Kat:3, Licht: 2","157503","3","7","0","09","03","1","","2","0","0","0","0"
"POINT (10.089368522000029 53.632226981000031)","Unfall 157504 (2023) Kat:3, Licht: 0","157504","3","6","2","09","14","1","","0","0","1","0","0"
"POINT (10.056870343000071 53.563702507000073)","Unfall 157505 (2023) Kat:3, Licht: 0","157505","3","6","2","11","14","4","","0","0","1","0","0"
"POINT (10.026280747000044 53.670566343000075)","Unfall 157506 (2023) Kat:3, Licht: 0","157506","3","2","3","09","15","1","","0","1","1","0","0"
"POINT (10.003313161000051 53.580342400000063)","Unfall 157507 (2023) Kat:3, Licht: 0","157507","3","1","7","09","13","1","","0","1","0","0","0"
"POINT (10.138007937000054 53.607690445000060)","Unfall 157508 (2023) Kat:3, Licht: 0","157508","3","1","5","09","09","4","","0","0","1","1","0"
"POINT (9.898498358000040 53.610064097000077)","Unfall 157509 (2023) Kat:3, Licht: 0","157509","3","3","5","09","19","1","","0","1","1","0","0"
"POINT (9.767845010000030 53.577074421000077)","Unfall 157510 (2023) Kat:3, Licht: 1","157510","3","7","0","09","18","1","","1","0","0","0","1"
"POINT (9.867717573000050 53.547945667000079)","Unfall 157511 (2023) Kat:3, Licht: 0","157511","3","1","0","09","18","1","","0","1","0","0","0"
"POINT (9.877877102000070 53.589707816000043)","Unfall 157512 (2023) Kat:3, Licht: 0","157512","3","6","2","09","16","1","","0","0","1","0","0"
"POINT (9.904274784000052 53.592663032000075)","Unfall 157513 (2023) Kat:3, Licht: 2","157513","3","7","6","09","02","1","","2","0","1","1","0"
"POINT (10.081505514000071 53.558636403000037)","Unfall 157514 (2023) Kat:3, Licht: 0","157514","3","1","4","11","13","4","","0","0","1","0","0"
"POINT (9.982823538000048 53.612497533000067)","Unfall 157515 (2023) Kat:3, Licht: 0","157515","3","5","1","09","16","1","","0","1","1","0","0"
"POINT (9.867949957000064 53.547905114000059)","Unfall 157516 (2023) Kat:3, Licht: 2","157516","3","1","0","09","05","2","","2","1","0","0","0"
"POINT (9.950363880000054 53.582432147000077)","Unfall 157517 (2023) Kat:3, Licht: 2","157517","3","7","0","09","05","1","","2","0","0","0","0"
"POINT (9.979770636000069 53.579823356000077)","Unfall 157518 (2023) Kat:3, Licht: 0","157518","3","7","0","09","11","1","","0","1","0","0","0"
"POINT (9.977712230000066 53.577580286000057)","Unfall 157519 (2023) Kat:3, Licht: 2","157519","3","7","0","09","02","1","","2","0","0","0","0"
"POINT (10.003882188000034 53.540940458000080)","Unfall 157520 (2023) Kat:3, Licht: 0","157520","3","3","0","09","12","1","","0","1","1","0","0"
"POINT (9.995026531000065 53.461351009000055)","Unfall 157521 (2023) Kat:3, Licht: 0","157521","3","6","4","09","10","7","","0","1","1","0","0"
"POINT (10.110596228000077 53.546559936000051)","Unfall 157522 (2023) Kat:3, Licht: 2","157522","3","5","5","10","00","1","","2","0","1","0","0"
"POINT (10.004648884000062 53.440543958000035)","Unfall 157523 (2023) Kat:2, Licht: 0","157523","2","1","0","09","17","7","","0","1","0","0","0"
"POINT (10.068306899000049 53.461418867000077)","Unfall 157524 (2023) Kat:3, Licht: 0","157524","3","2","2","09","17","7","","0","0","1","0","0"
"POINT (10.206323281000039 53.494576285000051)","Unfall 157525 (2023) Kat:2, Licht: 0","157525","2","2","6","09","09","7","","0","0","1","1","0"
"POINT (10.112400580000042 53.441059980000034)","Unfall 157526 (2023) Kat:3, Licht: 0","157526","3","1","0","09","09","7","","0","1","0","0","0"
"POINT (10.130564467000056 53.532287367000038)","Unfall 157527 (2023) Kat:3, Licht: 0","157527","3","5","1","09","15","7","","0","0","1","0","0"
"POINT (10.045872777000056 53.548279675000060)","Unfall 157528 (2023) Kat:3, Licht: 0","157528","3","3","5","09","16","7","","0","0","1","0","0"
"POINT (10.039405075000047 53.546589771000072)","Unfall 157529 (2023) Kat:3, Licht: 0","157529","3","4","6","09","11","7","","0","0","0","1","0"
"POINT (10.038061730000038 53.569396949000065)","Unfall 157530 (2023) Kat:2, Licht: 2","157530","2","2","6","11","19","2","","2","0","1","1","0"
"POINT (10.045872072000066 53.548279748000027)","Unfall 157531 (2023) Kat:3, Licht: 0","157531","3","3","5","09","09","7","","0","0","1","0","0"
"POINT (10.040691517000027 53.555568590000064)","Unfall 157532 (2023) Kat:2, Licht: 2","157532","2","2","4","09","23","7","","2","0","1","0","1"
"POINT (10.127445015000035 53.603095930000052)","Unfall 157533 (2023) Kat:3, Licht: 2","157533","3","7","0","09","03","7","","2","1","0","0","0"
"POINT (10.060982370000033 53.577015004000032)","Unfall 157534 (2023) Kat:3, Licht: 0","157534","3","2","4","09","11","7","","0","1","1","0","0"
"POINT (10.003420429000073 53.586229566000043)","Unfall 157535 (2023) Kat:3, Licht: 0","157535","3","6","3","09","17","7","","0","1","1","0","0"
"POINT (9.815615497000067 53.563001349000047)","Unfall 157536 (2023) Kat:3, Licht: 0","157536","3","5","1","09","14","7","","0","0","1","0","1"
"POINT (9.875969556000030 53.588518801000077)","Unfall 157537 (2023) Kat:3, Licht: 2","157537","3","2","4","09","21","7","","2","0","1","0","0"
"POINT (10.011045563000039 53.575610946000040)","Unfall 157538 (2023) Kat:3, Licht: 0","157538","3","1","0","11","13","3","","0","1","0","0","0"
"POINT (9.934077798000033 53.555678165000074)","Unfall 157539 (2023) Kat:3, Licht: 2","157539","3","7","0","09","21","7","","2","1","0","0","0"
"POINT (9.943702562000055 53.558124622000037)","Unfall 157540 (2023) Kat:3, Licht: 2","157540","3","7","0","09","03","7","","2","1","0","0","0"
"POINT (9.964858793000076 53.565073546000065)","Unfall 157541 (2023) Kat:3, Licht: 1","157541","3","7","1","09","20","7","","1","1","1","0","0"
"POINT (10.003961685000036 53.554027513000051)","Unfall 157542 (2023) Kat:3, Licht: 2","157542","3","2","4","09","23","7","","2","0","1","0","0"
"POINT (9.985153906000050 53.546471252000060)","Unfall 157543 (2023) Kat:3, Licht: 2","157543","3","6","2","09","20","7","","2","0","1","0","0"
"POINT (9.986213839000072 53.456881918000079)","Unfall 157544 (2023) Kat:3, Licht: 0","157544","3","5","1","09","10","6","","0","0","1","0","0"
"POINT (10.102761900000075 53.498002636000081)","Unfall 157545 (2023) Kat:3, Licht: 0","157545","3","2","4","09","05","6","","0","0","1","0","0"
"POINT (10.105346471000075 53.545483858000068)","Unfall 157546 (2023) Kat:3, Licht: 0","157546","3","6","2","09","15","6","","0","0","1","0","0"
"POINT (10.127600051000059 53.542275360000076)","Unfall 157547 (2023) Kat:3, Licht: 0","157547","3","7","0","09","10","6","","0","0","0","0","0"
"POINT (10.061217455000076 53.554485805000070)","Unfall 157548 (2023) Kat:3, Licht: 0","157548","3","2","2","09","10","6","","0","0","1","0","0"
"POINT (10.111170278000031 53.575185585000042)","Unfall 157549 (2023) Kat:3, Licht: 0","157549","3","7","0","09","15","6","","0","0","1","0","0"
"POINT (10.064733869000065 53.586467488000039)","Unfall 157550 (2023) Kat:2, Licht: 0","157550","2","6","2","09","15","6","","0","0","1","0","1"
"POINT (10.066738691000069 53.584057108000081)","Unfall 157551 (2023) Kat:3, Licht: 0","157551","3","6","6","09","16","6","","0","1","0","1","0"
"POINT (10.074128400000063 53.618625399000052)","Unfall 157552 (2023) Kat:3, Licht: 0","157552","3","3","5","09","11","6","","0","1","1","0","0"
"POINT (10.012049900000022 53.580956244000049)","Unfall 157553 (2023) Kat:3, Licht: 0","157553","3","4","6","09","17","6","","0","1","0","1","0"
"POINT (10.013730099000043 53.600029765000045)","Unfall 157554 (2023) Kat:3, Licht: 0","157554","3","2","4","09","16","6","","0","0","1","0","0"
"POINT (10.017011868000054 53.564116157000058)","Unfall 157555 (2023) Kat:3, Licht: 0","157555","3","3","5","09","14","6","","0","0","1","0","0"
"POINT (10.102542828000026 53.573355951000053)","Unfall 157556 (2023) Kat:3, Licht: 2","157556","3","7","1","09","19","2","","2","0","1","0","0"
"POINT (9.885060701000043 53.621958693000067)","Unfall 157557 (2023) Kat:3, Licht: 0","157557","3","2","4","09","07","6","","0","1","0","0","0"
"POINT (9.894943835000049 53.604022154000063)","Unfall 157558 (2023) Kat:3, Licht: 2","157558","3","7","0","09","01","6","","2","0","0","0","0"
"POINT (9.966218114000071 53.628585626000074)","Unfall 157559 (2023) Kat:2, Licht: 2","157559","2","7","0","09","21","6","","2","1","0","0","0"
"POINT (9.993425822000063 53.614454583000054)","Unfall 157560 (2023) Kat:3, Licht: 0","157560","3","1","0","09","18","6","","0","1","0","0","0"
"POINT (9.975845126000024 53.578595805000077)","Unfall 157561 (2023) Kat:3, Licht: 0","157561","3","6","3","09","16","6","","0","0","1","0","1"
"POINT (9.941755539000042 53.565421607000076)","Unfall 157562 (2023) Kat:3, Licht: 0","157562","3","3","5","09","12","6","","0","0","1","0","0"
"POINT (9.931823279000071 53.553419118000079)","Unfall 157563 (2023) Kat:3, Licht: 0","157563","3","5","3","09","08","6","","0","1","1","0","0"
"POINT (9.932657139000071 53.550906300000065)","Unfall 157564 (2023) Kat:3, Licht: 0","157564","3","7","0","09","07","6","","0","1","0","0","0"
"POINT (9.959994226000049 53.561225660000048)","Unfall 157565 (2023) Kat:3, Licht: 0","157565","3","4","6","09","17","6","","0","0","1","1","0"
"POINT (9.993802280000068 53.552467080000042)","Unfall 157566 (2023) Kat:3, Licht: 2","157566","3","1","0","09","22","6","","2","0","0","0","0"
"POINT (9.961485876000040 53.472403064000048)","Unfall 157567 (2023) Kat:2, Licht: 0","157567","2","2","3","09","14","6","","0","0","1","0","1"
"POINT (9.978152865000027 53.458353299000066)","Unfall 157568 (2023) Kat:3, Licht: 0","157568","3","6","3","09","15","5","","0","0","1","0","1"
"POINT (10.208737829000029 53.482285183000045)","Unfall 157569 (2023) Kat:3, Licht: 0","157569","3","5","5","09","17","5","","0","1","1","0","0"
"POINT (10.117131308000069 53.607225219000043)","Unfall 157570 (2023) Kat:3, Licht: 0","157570","3","6","4","09","16","5","","0","1","0","0","0"
"POINT (10.130026784000052 53.571081740000068)","Unfall 157571 (2023) Kat:3, Licht: 0","157571","3","2","3","09","18","5","","0","0","1","0","0"
"POINT (10.183426831000077 53.607044929000040)","Unfall 157572 (2023) Kat:3, Licht: 1","157572","3","6","3","09","06","5","","1","0","1","0","1"
"POINT (10.117898964000062 53.606958605000045)","Unfall 157573 (2023) Kat:3, Licht: 0","157573","3","7","0","09","19","5","","0","0","1","0","0"
"POINT (10.057562182000026 53.646423093000067)","Unfall 157574 (2023) Kat:3, Licht: 0","157574","3","3","5","09","10","5","","0","1","1","0","0"
"POINT (10.017011055000069 53.564091632000043)","Unfall 157575 (2023) Kat:3, Licht: 0","157575","3","3","5","09","14","5","","0","0","1","0","0"
"POINT (9.823332684000036 53.575707270000066)","Unfall 157576 (2023) Kat:3, Licht: 0","157576","3","5","5","09","09","5","","0","1","1","0","0"
"POINT (9.988170207000053 53.514267183000072)","Unfall 157577 (2023) Kat:3, Licht: 0","157577","3","7","0","09","09","6","","0","0","0","0","0"
"POINT (9.912808443000074 53.554026681000039)","Unfall 157578 (2023) Kat:3, Licht: 0","157578","3","6","2","09","16","5","","0","0","0","0","1"
"POINT (9.924421364000068 53.625957393000078)","Unfall 157579 (2023) Kat:3, Licht: 0","157579","3","5","5","09","09","5","","0","1","0","0","0"
"POINT (9.954066256000033 53.603325522000034)","Unfall 157580 (2023) Kat:3, Licht: 0","157580","3","3","5","09","18","5","","0","0","1","0","0"
"POINT (10.002692988000035 53.485040061000063)","Unfall 157581 (2023) Kat:3, Licht: 2","157581","3","1","8","11","21","7","","2","0","1","0","0"
"POINT (9.966900472000077 53.592091605000064)","Unfall 157582 (2023) Kat:3, Licht: 0","157582","3","3","5","09","17","5","","0","1","1","0","0"
"POINT (9.941808426000023 53.572783261000041)","Unfall 157583 (2023) Kat:3, Licht: 0","157583","3","6","3","09","14","5","","0","0","1","0","0"
"POINT (9.962707025000043 53.566275730000029)","Unfall 157584 (2023) Kat:3, Licht: 0","157584","3","7","5","09","13","5","","0","0","1","0","0"
"POINT (9.993479149000052 53.585645188000058)","Unfall 157585 (2023) Kat:3, Licht: 0","157585","3","3","5","09","11","5","","0","0","1","0","0"
"POINT (9.975309436000032 53.601636858000063)","Unfall 157586 (2023) Kat:3, Licht: 0","157586","3","5","5","09","11","5","","0","1","1","0","0"
"POINT (9.922215159000075 53.555933133000053)","Unfall 157587 (2023) Kat:3, Licht: 0","157587","3","7","0","09","08","5","","0","1","0","0","0"
"POINT (9.989173962000052 53.581976594000082)","Unfall 157588 (2023) Kat:3, Licht: 0","157588","3","3","5","09","17","5","","0","1","1","0","0"
"POINT (10.158694611000044 53.602610229000049)","Unfall 157589 (2023) Kat:3, Licht: 1","157589","3","6","3","10","18","5","","1","0","1","0","0"
"POINT (9.994440060000045 53.557506455000066)","Unfall 157590 (2023) Kat:3, Licht: 0","157590","3","6","3","09","17","5","","0","0","1","0","1"
"POINT (10.006314596000038 53.633171276000041)","Unfall 157591 (2023) Kat:3, Licht: 0","157591","3","7","1","11","14","6","","0","0","1","0","0"
"POINT (9.988321255000074 53.561298283000042)","Unfall 157592 (2023) Kat:3, Licht: 0","157592","3","7","6","09","18","5","","0","0","0","1","0"
"POINT (9.991243322000059 53.557831134000082)","Unfall 157593 (2023) Kat:3, Licht: 0","157593","3","4","6","09","16","5","","0","0","0","1","1"
"POINT (10.002112184000055 53.543652535000035)","Unfall 157594 (2023) Kat:3, Licht: 0","157594","3","2","4","09","09","5","","0","1","0","0","0"
"POINT (9.888274732000070 53.477994953000064)","Unfall 157595 (2023) Kat:3, Licht: 0","157595","3","3","5","09","13","4","","0","1","1","0","0"
"POINT (9.878159420000031 53.533319893000055)","Unfall 157596 (2023) Kat:3, Licht: 0","157596","3","7","0","09","08","4","","0","1","0","0","0"
"POINT (9.910293392000028 53.512296311000057)","Unfall 157597 (2023) Kat:3, Licht: 0","157597","3","6","2","09","07","4","","0","0","1","0","0"
"POINT (10.016513740000050 53.562064936000070)","Unfall 157598 (2023) Kat:3, Licht: 0","157598","3","3","5","09","08","3","","0","1","1","0","0"
"POINT (9.933177890000024 53.471748053000056)","Unfall 157599 (2023) Kat:3, Licht: 0","157599","3","3","0","09","17","4","","0","1","1","0","0"
"POINT (9.986423609000042 53.451712527000041)","Unfall 157600 (2023) Kat:3, Licht: 0","157600","3","7","0","09","11","4","","0","0","0","0","0"
"POINT (9.975289192000048 53.453935357000034)","Unfall 157601 (2023) Kat:3, Licht: 1","157601","3","2","6","09","19","3","","1","0","0","1","0"
"POINT (10.016518682000026 53.496431654000048)","Unfall 157602 (2023) Kat:3, Licht: 2","157602","3","1","9","09","21","4","","2","0","1","0","0"
"POINT (10.153895263000038 53.474272221000035)","Unfall 157603 (2023) Kat:3, Licht: 1","157603","3","5","1","09","20","4","","1","0","1","0","1"
"POINT (10.233846685000060 53.437947178000059)","Unfall 157604 (2023) Kat:3, Licht: 0","157604","3","1","0","09","11","4","","0","0","1","0","0"
"POINT (10.196842836000030 53.512065638000081)","Unfall 157605 (2023) Kat:3, Licht: 0","157605","3","6","2","09","10","4","","0","0","1","0","0"
"POINT (10.145657520000043 53.529679587000032)","Unfall 157606 (2023) Kat:3, Licht: 0","157606","3","3","5","09","16","4","","0","1","1","0","0"
"POINT (9.981730586000026 53.519690879000052)","Unfall 157607 (2023) Kat:3, Licht: 0","157607","3","7","2","09","11","5","","0","0","0","0","1"
"POINT (10.077055754000071 53.549342135000074)","Unfall 157608 (2023) Kat:3, Licht: 0","157608","3","7","1","09","10","4","","0","1","1","0","0"
"POINT (10.091921298000045 53.549604767000062)","Unfall 157609 (2023) Kat:3, Licht: 0","157609","3","2","6","09","17","4","","0","0","1","1","0"
"POINT (10.045673071000067 53.548294798000029)","Unfall 157610 (2023) Kat:2, Licht: 0","157610","2","3","5","09","18","4","","0","0","1","0","0"
"POINT (10.119676731000027 53.606198763000066)","Unfall 157611 (2023) Kat:3, Licht: 1","157611","3","3","5","09","19","4","","1","1","0","0","0"
"POINT (10.067921079000030 53.608542899000042)","Unfall 157612 (2023) Kat:3, Licht: 0","157612","3","6","2","09","08","4","","0","0","1","0","0"
"POINT (10.118511362000049 53.655014319000031)","Unfall 157613 (2023) Kat:2, Licht: 0","157613","2","6","2","09","16","4","","0","0","1","0","1"
"POINT (9.999213372000042 53.580022216000032)","Unfall 157614 (2023) Kat:3, Licht: 0","157614","3","3","0","09","16","4","","0","1","0","0","0"
"POINT (10.055485001000022 53.570816115000071)","Unfall 157615 (2023) Kat:3, Licht: 0","157615","3","2","3","09","19","4","","0","1","1","0","0"
"POINT (9.887595954000062 53.619818351000049)","Unfall 157616 (2023) Kat:3, Licht: 0","157616","3","5","5","09","07","4","","0","0","1","0","0"
"POINT (9.877060376000031 53.589173135000067)","Unfall 157617 (2023) Kat:3, Licht: 0","157617","3","1","0","09","09","4","","0","1","0","0","0"
"POINT (9.949630591000073 53.636968000000081)","Unfall 157618 (2023) Kat:3, Licht: 0","157618","3","3","5","09","18","4","","0","0","1","0","0"
"POINT (10.055198559000075 53.560749923000060)","Unfall 157619 (2023) Kat:3, Licht: 0","157619","3","6","3","10","14","4","","0","1","0","0","0"
"POINT (9.943230130000074 53.635646554000061)","Unfall 157620 (2023) Kat:3, Licht: 0","157620","3","1","8","09","16","4","","0","1","0","0","0"
"POINT (9.974037066000051 53.644709571000078)","Unfall 157621 (2023) Kat:3, Licht: 0","157621","3","7","0","09","07","4","","0","0","0","0","1"
"POINT (9.957930913000041 53.580231109000067)","Unfall 157622 (2023) Kat:3, Licht: 0","157622","3","7","6","09","16","4","","0","0","1","1","0"
"POINT (9.993558765000046 53.585672854000052)","Unfall 157623 (2023) Kat:3, Licht: 0","157623","3","3","5","09","09","4","","0","0","1","0","0"
"POINT (9.941516680000063 53.563994461000050)","Unfall 157624 (2023) Kat:3, Licht: 2","157624","3","2","4","09","20","4","","2","0","1","0","1"
"POINT (9.998701952000033 53.577975780000031)","Unfall 157625 (2023) Kat:3, Licht: 0","157625","3","2","3","09","08","4","","0","1","0","0","0"
"POINT (9.956717711000067 53.553015471000037)","Unfall 157626 (2023) Kat:3, Licht: 0","157626","3","7","0","09","16","4","","0","1","0","0","0"
"POINT (9.859652920000030 53.476821849000032)","Unfall 157627 (2023) Kat:2, Licht: 0","157627","2","4","6","09","13","3","","0","0","1","1","0"
"POINT (9.979292003000069 53.460007412000039)","Unfall 157628 (2023) Kat:3, Licht: 0","157628","3","7","6","09","15","3","","0","0","1","1","0"
"POINT (10.090436018000048 53.513862344000074)","Unfall 157629 (2023) Kat:3, Licht: 0","157629","3","7","0","09","18","3","","0","0","0","0","1"
"POINT (10.095399066000027 53.525736344000052)","Unfall 157630 (2023) Kat:3, Licht: 0","157630","3","2","2","09","12","3","","0","0","1","0","0"
"POINT (10.089478575000044 53.522085362000041)","Unfall 157631 (2023) Kat:3, Licht: 0","157631","3","5","5","09","12","3","","0","0","1","0","0"
"POINT (10.127283334000026 53.529310015000078)","Unfall 157632 (2023) Kat:3, Licht: 2","157632","3","7","0","09","00","3","","2","0","0","0","1"
"POINT (10.141410384000039 53.583795665000082)","Unfall 157633 (2023) Kat:3, Licht: 0","157633","3","6","2","09","12","3","","0","0","1","0","0"
"POINT (10.136390169000038 53.629384490000064)","Unfall 157634 (2023) Kat:3, Licht: 0","157634","3","7","0","09","17","3","","0","1","0","0","0"
"POINT (10.070645659000036 53.573242942000036)","Unfall 157635 (2023) Kat:3, Licht: 0","157635","3","6","2","09","12","3","","0","0","1","0","0"
"POINT (10.098670915000071 53.588941298000066)","Unfall 157636 (2023) Kat:3, Licht: 0","157636","3","2","3","09","06","3","","0","1","1","0","0"
"POINT (10.076059438000073 53.589330592000067)","Unfall 157637 (2023) Kat:3, Licht: 1","157637","3","3","5","09","05","3","","1","1","1","0","0"
"POINT (10.072157886000070 53.646900716000061)","Unfall 157638 (2023) Kat:3, Licht: 0","157638","3","3","5","09","17","3","","0","1","1","0","0"
"POINT (10.072489196000049 53.656651786000054)","Unfall 157639 (2023) Kat:3, Licht: 0","157639","3","3","5","09","15","3","","0","1","1","0","0"
"POINT (10.006249874000048 53.633669032000057)","Unfall 157640 (2023) Kat:3, Licht: 0","157640","3","7","7","09","11","3","","0","0","0","0","0"
"POINT (10.023877665000043 53.664901521000047)","Unfall 157641 (2023) Kat:3, Licht: 0","157641","3","7","0","09","09","3","","0","1","0","0","0"
"POINT (10.050803167000026 53.568417993000082)","Unfall 157642 (2023) Kat:3, Licht: 0","157642","3","7","0","09","11","3","","0","0","1","0","1"