WKT,Name,OBJECTID,UKATEGORIE,UTYP1,UART,UMONAT,USTUNDE,UWOCHENTAG,STRZUSTAND,ULICHTVERH,ISTRAD,ISTPKW,ISTFUSS,ISTKRAD
"POINT (10.032772742000077 53.567506918000049)","Unfall 157643 (2023) Kat:3, Licht: 0","157643","3","5","5","09","17","3","","0","1","0","0","0"
"POINT (10.033676682000021 53.583433366000065)","Unfall 157644 (2023) Kat:3, Licht: 0","157644","3","3","5","09","16","3","","0","0","1","0","1"
"POINT (9.958219074000056 53.574834182000075)","Unfall 157645 (2023) Kat:3, Licht: 0","157645","3","7","3","10","16","2","","0","1","1","0","0"
"POINT (9.882872389000056 53.593203386000027)","Unfall 157646 (2023) Kat:3, Licht: 0","157646","3","7","9","09","18","3","","0","0","0","0","1"
"POINT (10.108653255000036 53.499981658000081)","Unfall 157647 (2023) Kat:3, Licht: 0","157647","3","7","0","09","16","3","","0","0","1","0","0"
"POINT (9.970130257000051 53.598791958000049)","Unfall 157648 (2023) Kat:3, Licht: 0","157648","3","2","3","09","08","3","","0","1","0","0","0"
"POINT (9.993786483000065 53.557597683000040)","Unfall 157649 (2023) Kat:3, Licht: 0","157649","3","2","6","09","15","3","","0","0","1","1","0"
"POINT (10.015886913000031 53.551704715000028)","Unfall 157650 (2023) Kat:3, Licht: 0","157650","3","2","3","09","08","3","","0","1","1","0","0"
"POINT (9.945527569000035 53.461953402000063)","Unfall 157651 (2023) Kat:2, Licht: 0","157651","2","2","4","09","17","2","","0","1","1","0","0"
"POINT (9.971261828000024 53.459187827000051)","Unfall 157652 (2023) Kat:3, Licht: 0","157652","3","7","0","09","09","2","","0","0","0","0","0"
"POINT (9.981002237000041 53.422166852000032)","Unfall 157653 (2023) Kat:3, Licht: 0","157653","3","6","2","09","07","4","","0","0","1","0","0"
"POINT (9.993658050000022 53.516215947000035)","Unfall 157654 (2023) Kat:3, Licht: 0","157654","3","6","2","09","19","2","","0","1","1","0","0"
"POINT (10.079310855000074 53.551140384000064)","Unfall 157655 (2023) Kat:3, Licht: 0","157655","3","3","5","09","17","2","","0","1","0","0","0"
"POINT (10.106656748000034 53.588588130000062)","Unfall 157656 (2023) Kat:3, Licht: 2","157656","3","2","3","09","21","2","","2","1","1","0","0"
"POINT (10.107344659000034 53.599024171000053)","Unfall 157657 (2023) Kat:3, Licht: 0","157657","3","3","5","09","14","2","","0","0","1","0","0"
"POINT (10.135665310000036 53.617061464000074)","Unfall 157658 (2023) Kat:3, Licht: 0","157658","3","3","5","09","08","2","","0","1","1","0","0"
"POINT (10.141460618000053 53.587657242000034)","Unfall 157659 (2023) Kat:3, Licht: 0","157659","3","3","5","09","08","2","","0","0","1","0","0"
"POINT (10.070714513000041 53.573266522000040)","Unfall 157660 (2023) Kat:3, Licht: 0","157660","3","6","2","09","16","2","","0","0","1","0","0"
"POINT (10.088274801000068 53.613058492000050)","Unfall 157661 (2023) Kat:3, Licht: 0","157661","3","6","4","09","17","2","","0","1","1","0","0"
"POINT (10.001546877000067 53.675200416000052)","Unfall 157662 (2023) Kat:3, Licht: 0","157662","3","6","2","09","16","2","","0","0","1","0","0"
"POINT (10.015281095000034 53.612303747000055)","Unfall 157663 (2023) Kat:3, Licht: 0","157663","3","6","4","09","16","2","","0","1","1","0","0"
"POINT (10.003022886000053 53.586774660000060)","Unfall 157664 (2023) Kat:3, Licht: 0","157664","3","2","2","09","09","2","","0","0","1","0","1"
"POINT (10.054295830000058 53.592175100000077)","Unfall 157665 (2023) Kat:3, Licht: 0","157665","3","6","2","09","13","2","","0","0","1","0","0"
"POINT (10.020534617000067 53.566116762000036)","Unfall 157666 (2023) Kat:3, Licht: 0","157666","3","6","4","09","08","2","","0","0","1","0","0"
"POINT (10.052784077000069 53.588092716000062)","Unfall 157667 (2023) Kat:3, Licht: 1","157667","3","3","5","09","05","2","","1","1","1","0","0"
"POINT (9.906106326000042 53.606998131000068)","Unfall 157668 (2023) Kat:3, Licht: 0","157668","3","2","3","09","15","2","","0","1","1","0","0"
"POINT (9.900066942000024 53.610799443000076)","Unfall 157669 (2023) Kat:3, Licht: 0","157669","3","3","5","09","15","2","","0","1","1","0","0"
"POINT (9.973686650000047 53.611832730000060)","Unfall 157670 (2023) Kat:3, Licht: 0","157670","3","2","3","09","18","2","","0","1","1","0","0"
"POINT (9.984620430000064 53.564014875000055)","Unfall 157671 (2023) Kat:3, Licht: 0","157671","3","7","5","09","15","2","","0","0","1","0","0"
"POINT (9.962556126000038 53.551190319000057)","Unfall 157672 (2023) Kat:3, Licht: 0","157672","3","7","0","09","13","5","","0","1","0","0","0"
"POINT (9.964642244000061 53.552837547000081)","Unfall 157673 (2023) Kat:3, Licht: 0","157673","3","7","1","09","17","2","","0","1","1","0","0"
"POINT (9.974913899000057 53.556209881000029)","Unfall 157674 (2023) Kat:3, Licht: 1","157674","3","7","0","09","06","2","","1","0","0","0","1"
"POINT (10.190373091000026 53.504136387000074)","Unfall 157675 (2023) Kat:3, Licht: 0","157675","3","2","2","10","14","7","","0","1","1","0","0"
"POINT (9.983697756000026 53.553055381000036)","Unfall 157676 (2023) Kat:3, Licht: 0","157676","3","4","6","09","10","2","","0","0","0","1","0"
"POINT (10.013850481000077 53.552493116000051)","Unfall 157677 (2023) Kat:3, Licht: 2","157677","3","6","3","09","20","2","","2","0","1","0","0"
"POINT (10.005089952000048 53.496759990000044)","Unfall 157678 (2023) Kat:3, Licht: 2","157678","3","7","9","09","20","1","","2","0","1","0","0"
"POINT (10.139553030000059 53.457027050000079)","Unfall 157679 (2023) Kat:3, Licht: 0","157679","3","6","4","09","07","1","","0","0","1","0","1"
"POINT (10.098688800000048 53.541287639000075)","Unfall 157680 (2023) Kat:3, Licht: 0","157680","3","2","6","09","18","1","","0","0","1","1","0"
"POINT (10.077538942000047 53.554807939000057)","Unfall 157681 (2023) Kat:3, Licht: 2","157681","3","1","0","09","05","1","","2","0","0","0","0"
"POINT (9.820004576000031 53.566388284000027)","Unfall 157682 (2023) Kat:3, Licht: 0","157682","3","6","0","10","08","5","","0","1","1","0","0"
"POINT (10.121932225000023 53.644933474000027)","Unfall 157683 (2023) Kat:3, Licht: 0","157683","3","7","0","09","18","1","","0","1","0","0","0"
"POINT (9.931050206000066 53.600896903000034)","Unfall 157684 (2023) Kat:3, Licht: 2","157684","3","7","0","09","03","1","","2","0","0","0","0"
"POINT (9.904306126000051 53.592909185000053)","Unfall 157685 (2023) Kat:3, Licht: 0","157685","3","6","2","09","15","1","","0","0","1","0","1"
"POINT (9.889310799000043 53.601126405000059)","Unfall 157686 (2023) Kat:3, Licht: 0","157686","3","6","2","09","11","1","","0","0","1","0","0"
"POINT (9.974987279000061 53.582991348000064)","Unfall 157687 (2023) Kat:3, Licht: 0","157687","3","3","5","09","18","1","","0","0","1","0","0"
"POINT (9.956707888000039 53.587437888000068)","Unfall 157688 (2023) Kat:3, Licht: 2","157688","3","5","1","09","01","1","","2","1","1","0","0"
"POINT (9.941498823000074 53.555988031000027)","Unfall 157689 (2023) Kat:3, Licht: 0","157689","3","1","0","09","16","1","","0","1","0","0","0"
"POINT (10.004061797000077 53.497271702000035)","Unfall 157690 (2023) Kat:3, Licht: 0","157690","3","4","6","10","14","2","","0","0","0","1","0"
"POINT (9.941703050000058 53.555298962000052)","Unfall 157691 (2023) Kat:3, Licht: 2","157691","3","1","0","09","00","1","","2","1","0","0","0"
"POINT (9.962282775000062 53.564280206000035)","Unfall 157692 (2023) Kat:3, Licht: 0","157692","3","1","0","09","13","1","","0","1","0","0","0"
"POINT (9.975734457000044 53.558454550000079)","Unfall 157693 (2023) Kat:3, Licht: 2","157693","3","1","0","09","00","1","","2","0","0","0","1"
"POINT (10.019291397000075 53.556727370000033)","Unfall 157694 (2023) Kat:2, Licht: 0","157694","2","1","0","09","18","1","","0","0","0","0","0"
"POINT (9.986378310000021 53.456047375000082)","Unfall 157695 (2023) Kat:3, Licht: 0","157695","3","6","3","09","11","7","","0","1","1","0","0"
"POINT (10.003830706000031 53.502678801000059)","Unfall 157696 (2023) Kat:3, Licht: 0","157696","3","6","3","09","19","7","","0","0","0","0","1"
"POINT (10.141215580000051 53.502654609000047)","Unfall 157697 (2023) Kat:3, Licht: 0","157697","3","1","8","09","11","7","","0","1","0","0","0"
"POINT (10.100795765000044 53.540479551000033)","Unfall 157698 (2023) Kat:3, Licht: 1","157698","3","2","2","09","19","7","","1","0","1","0","0"
"POINT (10.084519646000047 53.566437914000062)","Unfall 157699 (2023) Kat:3, Licht: 0","157699","3","3","5","09","13","7","","0","0","1","0","0"
"POINT (10.069671535000055 53.608611270000040)","Unfall 157700 (2023) Kat:3, Licht: 0","157700","3","6","2","09","08","7","","0","0","1","0","0"
"POINT (10.136134265000067 53.613737551000042)","Unfall 157701 (2023) Kat:3, Licht: 2","157701","3","3","5","10","22","2","","2","0","1","0","0"
"POINT (10.055593883000029 53.606483470000057)","Unfall 157702 (2023) Kat:3, Licht: 0","157702","3","2","6","09","14","7","","0","0","1","1","0"
"POINT (9.994496788000049 53.548130019000041)","Unfall 157703 (2023) Kat:3, Licht: 0","157703","3","1","0","11","09","1","","0","0","0","0","0"
"POINT (10.107305112000063 53.653662120000035)","Unfall 157704 (2023) Kat:3, Licht: 0","157704","3","6","3","09","11","7","","0","0","0","0","0"
"POINT (10.160518744000058 53.656051098000034)","Unfall 157705 (2023) Kat:3, Licht: 0","157705","3","2","6","09","11","7","","0","0","1","1","0"
"POINT (10.037479919000077 53.591290717000049)","Unfall 157706 (2023) Kat:3, Licht: 2","157706","3","5","1","09","22","7","","2","0","1","0","0"
"POINT (9.973507463000033 53.612008394000043)","Unfall 157707 (2023) Kat:3, Licht: 0","157707","3","7","0","11","15","4","","0","1","0","0","0"
"POINT (10.044254040000055 53.597323457000073)","Unfall 157708 (2023) Kat:3, Licht: 0","157708","3","1","0","09","13","7","","0","1","0","0","0"
"POINT (9.903313934000039 53.627338840000050)","Unfall 157709 (2023) Kat:3, Licht: 2","157709","3","1","0","09","21","7","","2","1","0","0","0"
"POINT (9.968937586000038 53.568093785000030)","Unfall 157710 (2023) Kat:3, Licht: 1","157710","3","6","2","09","22","7","","1","0","1","0","0"
"POINT (10.077370668000071 53.549549556000045)","Unfall 157711 (2023) Kat:3, Licht: 0","157711","3","7","0","09","13","4","","0","1","0","0","0"
"POINT (9.962554469000054 53.549482048000073)","Unfall 157712 (2023) Kat:3, Licht: 2","157712","3","2","4","09","02","7","","2","1","1","0","0"
"POINT (9.937495804000037 53.552788519000046)","Unfall 157713 (2023) Kat:3, Licht: 0","157713","3","6","2","11","14","6","","0","0","1","0","1"
"POINT (9.958535837000056 53.549531589000082)","Unfall 157714 (2023) Kat:2, Licht: 2","157714","2","4","6","09","00","7","","2","0","1","1","0"
"POINT (10.006389032000072 53.547732221000047)","Unfall 157715 (2023) Kat:3, Licht: 2","157715","3","7","0","09","23","7","","2","0","0","0","0"
"POINT (10.020843983000077 53.538669077000065)","Unfall 157716 (2023) Kat:3, Licht: 1","157716","3","6","2","09","19","7","","1","0","1","0","1"
"POINT (9.984557561000031 53.458722258000080)","Unfall 157717 (2023) Kat:3, Licht: 0","157717","3","6","2","09","11","6","","0","0","1","0","0"
"POINT (9.987650619000021 53.439023587000065)","Unfall 157718 (2023) Kat:3, Licht: 0","157718","3","7","6","09","17","6","","0","1","0","1","0"
"POINT (10.004630777000045 53.493663624000078)","Unfall 157719 (2023) Kat:3, Licht: 0","157719","3","6","2","09","13","6","","0","0","0","0","0"
"POINT (10.092652919000045 53.546590047000052)","Unfall 157720 (2023) Kat:3, Licht: 1","157720","3","2","2","09","18","6","","1","0","1","0","0"
"POINT (10.091105130000074 53.544221348000065)","Unfall 157721 (2023) Kat:3, Licht: 0","157721","3","7","4","09","15","6","","0","0","1","0","0"
"POINT (9.929598930000054 53.549535063000064)","Unfall 157722 (2023) Kat:3, Licht: 0","157722","3","6","3","11","15","7","","0","1","0","0","0"
"POINT (10.110029097000051 53.550787701000047)","Unfall 157723 (2023) Kat:3, Licht: 0","157723","3","7","1","09","12","6","","0","0","0","0","0"
"POINT (10.042171715000052 53.555467925000073)","Unfall 157724 (2023) Kat:3, Licht: 0","157724","3","1","2","09","15","6","","0","0","1","0","1"
"POINT (10.065062564000073 53.553888083000061)","Unfall 157725 (2023) Kat:3, Licht: 0","157725","3","2","4","09","07","6","","0","1","1","0","0"
"POINT (10.053208548000043 53.556615798000053)","Unfall 157726 (2023) Kat:2, Licht: 0","157726","2","5","1","09","08","6","","0","1","1","0","0"
"POINT (10.159053287000063 53.617271578000043)","Unfall 157727 (2023) Kat:3, Licht: 0","157727","3","3","5","09","13","6","","0","1","1","0","0"
"POINT (10.061434686000041 53.579536993000033)","Unfall 157728 (2023) Kat:3, Licht: 0","157728","3","3","5","09","13","6","","0","0","1","0","0"
"POINT (10.071120841000038 53.559169037000061)","Unfall 157729 (2023) Kat:3, Licht: 0","157729","3","6","3","09","12","6","","0","0","1","0","0"
"POINT (10.075555168000051 53.613364296000043)","Unfall 157730 (2023) Kat:3, Licht: 0","157730","3","2","3","09","17","6","","0","0","1","0","1"
"POINT (10.042966632000059 53.632219359000032)","Unfall 157731 (2023) Kat:3, Licht: 0","157731","3","6","2","09","13","6","","0","0","1","0","0"
"POINT (10.135309782000036 53.594505886000036)","Unfall 157732 (2023) Kat:3, Licht: 2","157732","3","2","4","11","19","1","","2","0","1","0","0"
"POINT (10.011889968000048 53.624669125000082)","Unfall 157733 (2023) Kat:3, Licht: 0","157733","3","7","3","09","12","6","","0","0","1","0","0"
"POINT (10.015465822000067 53.591991769000060)","Unfall 157734 (2023) Kat:3, Licht: 0","157734","3","2","4","09","07","6","","0","1","1","0","0"
"POINT (9.927723102000073 53.555896695000058)","Unfall 157735 (2023) Kat:2, Licht: 2","157735","2","5","3","09","22","7","","2","1","1","0","0"
"POINT (10.034068462000050 53.596780247000027)","Unfall 157736 (2023) Kat:3, Licht: 0","157736","3","2","5","09","19","6","","0","1","1","0","0"
"POINT (10.058198246000075 53.587233134000030)","Unfall 157737 (2023) Kat:3, Licht: 0","157737","3","3","5","09","12","6","","0","1","0","0","0"
"POINT (10.019950803000029 53.579979333000040)","Unfall 157738 (2023) Kat:2, Licht: 2","157738","2","5","1","09","04","6","","2","1","1","0","0"
"POINT (10.022333628000069 53.581152459000066)","Unfall 157739 (2023) Kat:3, Licht: 2","157739","3","2","4","09","00","6","","2","0","1","0","0"
"POINT (9.770453097000029 53.580698682000047)","Unfall 157740 (2023) Kat:3, Licht: 0","157740","3","6","0","09","13","6","","0","1","1","0","0"
"POINT (9.910395929000060 53.565978522000080)","Unfall 157741 (2023) Kat:2, Licht: 2","157741","2","7","2","09","22","6","","2","1","0","0","0"
"POINT (9.951384558000029 53.635490332000074)","Unfall 157742 (2023) Kat:3, Licht: 0","157742","3","3","5","09","12","6","","0","1","0","0","0"
"POINT (10.045593353000072 53.569592440000065)","Unfall 157743 (2023) Kat:3, Licht: 0","157743","3","5","3","09","09","6","","0","0","1","0","0"
"POINT (9.948000006000029 53.587390715000026)","Unfall 157744 (2023) Kat:3, Licht: 0","157744","3","3","5","09","15","6","","0","1","1","0","0"
"POINT (9.948052361000066 53.558275282000068)","Unfall 157745 (2023) Kat:3, Licht: 0","157745","3","2","0","09","14","6","","0","0","1","0","0"
"POINT (9.953095835000056 53.549178399000027)","Unfall 157746 (2023) Kat:3, Licht: 0","157746","3","7","0","09","11","6","","0","1","0","0","0"
"POINT (10.013209363000044 53.552450182000030)","Unfall 157747 (2023) Kat:3, Licht: 0","157747","3","3","5","09","15","6","","0","0","1","0","0"
"POINT (9.987233915000047 53.493769828000040)","Unfall 157748 (2023) Kat:3, Licht: 0","157748","3","3","5","08","17","5","","0","0","1","0","0"
"POINT (9.952957838000032 53.547550388000047)","Unfall 157749 (2023) Kat:3, Licht: 1","157749","3","1","0","10","08","2","","1","1","0","0","0"
"POINT (10.166918228000043 53.514838586000053)","Unfall 157750 (2023) Kat:3, Licht: 0","157750","3","6","2","08","10","5","","0","0","1","0","0"
"POINT (9.983851493000031 53.518817938000041)","Unfall 157751 (2023) Kat:3, Licht: 0","157751","3","4","6","10","11","1","","0","0","1","1","0"
"POINT (10.065035265000063 53.553854533000049)","Unfall 157752 (2023) Kat:3, Licht: 0","157752","3","2","4","08","10","5","","0","1","1","0","0"
"POINT (10.087418917000036 53.576854929000035)","Unfall 157753 (2023) Kat:3, Licht: 0","157753","3","6","3","08","09","5","","0","0","1","0","0"
"POINT (9.967206524000062 53.549897630000032)","Unfall 157754 (2023) Kat:3, Licht: 2","157754","3","7","0","10","00","3","","2","0","0","0","0"
"POINT (10.078397413000062 53.564039512000079)","Unfall 157755 (2023) Kat:3, Licht: 0","157755","3","1","0","08","17","5","","0","0","0","0","0"
"POINT (10.076277157000050 53.614753227000051)","Unfall 157756 (2023) Kat:3, Licht: 0","157756","3","1","0","08","09","5","","0","1","0","0","0"
"POINT (10.084692969000059 53.656736918000036)","Unfall 157757 (2023) Kat:3, Licht: 0","157757","3","2","3","08","18","5","","0","1","0","0","0"
"POINT (10.000482466000051 53.621516494000048)","Unfall 157758 (2023) Kat:3, Licht: 0","157758","3","5","1","08","19","5","","0","0","1","0","0"
"POINT (10.015533786000049 53.562671008000052)","Unfall 157759 (2023) Kat:3, Licht: 0","157759","3","3","5","08","13","5","","0","0","1","0","0"
"POINT (9.928035743000066 53.558769870000049)","Unfall 157760 (2023) Kat:3, Licht: 0","157760","3","2","3","09","18","2","","0","1","1","0","0"
"POINT (10.042714523000029 53.581399475000069)","Unfall 157761 (2023) Kat:3, Licht: 0","157761","3","6","4","08","19","5","","0","1","0","0","0"
"POINT (9.922005522000063 53.591535304000047)","Unfall 157762 (2023) Kat:3, Licht: 0","157762","3","2","5","08","18","5","","0","1","1","0","0"
"POINT (9.880467854000074 53.614693210000041)","Unfall 157763 (2023) Kat:3, Licht: 0","157763","3","3","5","08","17","5","","0","0","1","0","0"
"POINT (9.865078824000022 53.556643599000040)","Unfall 157764 (2023) Kat:3, Licht: 0","157764","3","2","2","08","19","5","","0","1","1","0","0"
"POINT (9.809643546000075 53.568307188000063)","Unfall 157765 (2023) Kat:3, Licht: 0","157765","3","7","0","08","11","5","","0","1","0","0","0"
"POINT (9.867880371000069 53.547917258000041)","Unfall 157766 (2023) Kat:3, Licht: 1","157766","3","7","0","08","20","5","","1","1","0","0","0"
"POINT (9.901619971000059 53.569451442000059)","Unfall 157767 (2023) Kat:3, Licht: 2","157767","3","7","0","08","23","5","","2","0","0","0","0"
"POINT (9.890288800000064 53.551154971000074)","Unfall 157768 (2023) Kat:3, Licht: 0","157768","3","5","1","08","18","5","","0","1","1","0","0"
"POINT (10.153790883000056 53.653466179000077)","Unfall 157769 (2023) Kat:2, Licht: 2","157769","2","6","4","10","21","3","","2","0","1","0","0"
"POINT (9.993513745000030 53.517038872000057)","Unfall 157770 (2023) Kat:2, Licht: 0","157770","2","4","6","10","17","7","","0","0","0","1","0"
"POINT (9.977415653000037 53.577563106000071)","Unfall 157771 (2023) Kat:3, Licht: 2","157771","3","2","6","10","22","7","","2","0","1","1","0"
"POINT (9.867760886000042 53.547938109000029)","Unfall 157772 (2023) Kat:3, Licht: 0","157772","3","1","0","08","06","5","","0","1","0","0","0"
"POINT (9.982590954000045 53.596134691000032)","Unfall 157773 (2023) Kat:3, Licht: 0","157773","3","7","0","08","19","5","","0","1","0","0","0"
"POINT (9.937636879000024 53.550204169000040)","Unfall 157774 (2023) Kat:3, Licht: 1","157774","3","7","0","08","20","5","","1","1","0","0","0"
"POINT (9.988508421000063 53.582185302000028)","Unfall 157775 (2023) Kat:3, Licht: 0","157775","3","3","5","08","09","5","","0","1","1","0","0"
"POINT (9.979874729000073 53.553465207000045)","Unfall 157776 (2023) Kat:3, Licht: 0","157776","3","7","0","08","19","5","","0","1","0","0","0"
"POINT (9.993335741000067 53.545078894000028)","Unfall 157777 (2023) Kat:3, Licht: 0","157777","3","5","5","08","14","5","","0","0","1","0","0"
"POINT (9.990261460000056 53.556433117000040)","Unfall 157778 (2023) Kat:3, Licht: 0","157778","3","7","6","08","12","5","","0","1","0","1","0"
"POINT (9.934950162000064 53.430860715000051)","Unfall 157779 (2023) Kat:3, Licht: 2","157779","3","2","5","08","20","4","","2","0","1","0","1"
"POINT (9.977421220000053 53.459676102000060)","Unfall 157780 (2023) Kat:3, Licht: 0","157780","3","2","3","08","07","4","","0","1","1","0","0"
"POINT (10.008390437000060 53.490395677000038)","Unfall 157781 (2023) Kat:3, Licht: 0","157781","3","7","0","08","14","4","","0","0","0","0","0"
"POINT (10.181514926000034 53.483494356000051)","Unfall 157782 (2023) Kat:2, Licht: 2","157782","2","2","0","08","21","4","","2","0","1","0","0"
"POINT (10.210571942000058 53.503710458000057)","Unfall 157783 (2023) Kat:3, Licht: 0","157783","3","3","5","08","15","4","","0","0","1","0","0"
"POINT (10.190556409000067 53.504008817000056)","Unfall 157784 (2023) Kat:3, Licht: 0","157784","3","7","0","08","10","4","","0","0","0","0","0"
"POINT (10.026683141000035 53.551948869000057)","Unfall 157785 (2023) Kat:3, Licht: 0","157785","3","7","2","08","18","4","","0","0","1","0","0"
"POINT (10.110245698000028 53.593112152000060)","Unfall 157786 (2023) Kat:3, Licht: 0","157786","3","6","2","08","16","4","","0","0","1","0","0"
"POINT (9.874758529000076 53.534593294000047)","Unfall 157787 (2023) Kat:2, Licht: 0","157787","2","5","3","10","11","6","","0","1","1","0","0"
"POINT (10.069504562000077 53.579467220000026)","Unfall 157788 (2023) Kat:3, Licht: 0","157788","3","2","3","08","15","4","","0","1","1","0","0"
"POINT (9.966217816000039 53.550472879000040)","Unfall 157789 (2023) Kat:3, Licht: 2","157789","3","2","4","11","17","7","","2","1","1","0","0"
"POINT (10.074315589000037 53.574955040000077)","Unfall 157790 (2023) Kat:3, Licht: 0","157790","3","3","5","08","07","4","","0","0","1","0","0"
"POINT (9.984912399000052 53.616849447000050)","Unfall 157791 (2023) Kat:3, Licht: 0","157791","3","4","6","10","07","6","","0","1","0","1","0"
"POINT (10.052536066000073 53.603701451000063)","Unfall 157792 (2023) Kat:3, Licht: 0","157792","3","3","5","08","18","4","","0","1","1","0","0"
"POINT (10.100048363000042 53.635116445000051)","Unfall 157793 (2023) Kat:3, Licht: 0","157793","3","6","3","11","13","6","","0","1","0","0","0"
"POINT (10.072388520000061 53.616514499000061)","Unfall 157794 (2023) Kat:2, Licht: 0","157794","2","1","0","08","17","4","","0","0","0","0","0"
"POINT (9.966648948000056 53.599326376000079)","Unfall 157795 (2023) Kat:3, Licht: 0","157795","3","1","0","08","13","4","","0","0","0","0","0"
"POINT (9.986925843000051 53.512468302000059)","Unfall 157796 (2023) Kat:2, Licht: 0","157796","2","4","6","08","09","3","","0","0","1","1","0"
"POINT (10.181006803000059 53.497368173000041)","Unfall 157797 (2023) Kat:3, Licht: 0","157797","3","6","2","08","16","3","","0","0","1","0","0"
"POINT (10.107913652000036 53.548422394000056)","Unfall 157798 (2023) Kat:3, Licht: 2","157798","3","2","2","08","00","3","","2","0","1","0","0"
"POINT (10.065568326000061 53.553964963000055)","Unfall 157799 (2023) Kat:2, Licht: 0","157799","2","6","6","08","14","3","","0","0","0","1","0"
"POINT (10.171348016000024 53.626328943000033)","Unfall 157800 (2023) Kat:3, Licht: 0","157800","3","7","3","08","07","3","","0","0","1","0","1"
"POINT (10.069712225000046 53.579363869000076)","Unfall 157801 (2023) Kat:3, Licht: 2","157801","3","1","9","08","22","3","","2","0","1","0","0"
"POINT (10.071944117000044 53.583176257000048)","Unfall 157802 (2023) Kat:3, Licht: 0","157802","3","2","3","08","16","3","","0","1","1","0","0"
"POINT (10.090455468000073 53.633611815000052)","Unfall 157803 (2023) Kat:3, Licht: 0","157803","3","7","3","08","14","3","","0","0","1","0","0"
"POINT (10.011207613000067 53.647631272000069)","Unfall 157804 (2023) Kat:3, Licht: 0","157804","3","5","5","08","17","3","","0","1","0","0","0"
"POINT (10.052017829000022 53.588328427000079)","Unfall 157805 (2023) Kat:3, Licht: 0","157805","3","7","0","08","16","3","","0","0","1","0","0"
"POINT (10.030453489000024 53.583984872000030)","Unfall 157806 (2023) Kat:3, Licht: 0","157806","3","7","0","08","09","3","","0","1","0","0","0"
"POINT (9.904723244000024 53.608756544000073)","Unfall 157807 (2023) Kat:3, Licht: 0","157807","3","2","3","08","17","3","","0","1","1","0","0"
"POINT (9.974379542000065 53.610296287000040)","Unfall 157808 (2023) Kat:3, Licht: 0","157808","3","1","0","08","14","3","","0","1","0","0","0"
"POINT (9.937889344000041 53.558659662000082)","Unfall 157809 (2023) Kat:3, Licht: 0","157809","3","6","4","08","07","3","","0","1","0","0","0"
"POINT (10.210159814000065 53.498005680000063)","Unfall 157810 (2023) Kat:3, Licht: 0","157810","3","6","2","10","14","4","","0","0","1","0","0"
"POINT (9.990717312000072 53.560652726000058)","Unfall 157811 (2023) Kat:3, Licht: 0","157811","3","2","3","08","14","3","","0","0","1","0","0"
"POINT (9.977583122000055 53.564303979000044)","Unfall 157812 (2023) Kat:3, Licht: 2","157812","3","3","5","08","01","3","","2","1","1","0","0"
"POINT (9.997311711000066 53.573104174000036)","Unfall 157813 (2023) Kat:3, Licht: 2","157813","3","3","5","08","22","3","","2","1","0","0","1"
"POINT (9.975348937000035 53.545954812000048)","Unfall 157814 (2023) Kat:3, Licht: 0","157814","3","6","2","08","18","3","","0","1","1","0","0"
"POINT (9.973592749000034 53.545103710000035)","Unfall 157815 (2023) Kat:2, Licht: 0","157815","2","4","6","08","16","3","","0","1","0","1","0"
"POINT (9.984087581000040 53.542770799000039)","Unfall 157816 (2023) Kat:3, Licht: 0","157816","3","7","6","08","11","3","","0","1","0","1","0"
"POINT (9.945677271000022 53.455094954000060)","Unfall 157817 (2023) Kat:3, Licht: 0","157817","3","3","5","08","08","2","","0","0","1","0","0"
"POINT (10.101994099000024 53.443956048000075)","Unfall 157818 (2023) Kat:2, Licht: 0","157818","2","1","9","08","10","2","","0","0","0","0","1"
"POINT (10.083485887000052 53.555002342000080)","Unfall 157819 (2023) Kat:2, Licht: 0","157819","2","6","3","11","12","1","","0","0","1","0","0"
"POINT (9.946657041000037 53.551436451000029)","Unfall 157820 (2023) Kat:3, Licht: 0","157820","3","7","0","09","11","5","","0","1","0","0","0"
"POINT (10.129243635000023 53.538953335000031)","Unfall 157821 (2023) Kat:3, Licht: 0","157821","3","2","3","08","13","2","","0","0","1","0","0"
"POINT (10.118030609000073 53.559908117000077)","Unfall 157822 (2023) Kat:3, Licht: 0","157822","3","7","8","08","10","2","","0","0","1","0","0"
"POINT (10.080384571000025 53.551894676000074)","Unfall 157823 (2023) Kat:3, Licht: 0","157823","3","4","0","08","17","2","","0","1","0","1","0"
"POINT (10.038484408000045 53.559013952000043)","Unfall 157824 (2023) Kat:3, Licht: 0","157824","3","6","3","08","14","2","","0","0","1","0","0"
"POINT (10.054525542000022 53.560867303000066)","Unfall 157825 (2023) Kat:3, Licht: 0","157825","3","6","2","08","13","2","","0","0","1","0","1"
"POINT (10.062175422000053 53.557355760000064)","Unfall 157826 (2023) Kat:3, Licht: 0","157826","3","3","5","08","08","2","","0","0","1","0","0"
"POINT (10.016785264000021 53.565672786000050)","Unfall 157827 (2023) Kat:3, Licht: 0","157827","3","6","6","09","18","5","","0","1","0","1","0"
"POINT (10.162363195000069 53.623881750000066)","Unfall 157828 (2023) Kat:3, Licht: 0","157828","3","1","8","08","17","2","","0","0","0","0","0"