WKT,Name,OBJECTID,UKATEGORIE,UTYP1,UART,UMONAT,USTUNDE,UWOCHENTAG,STRZUSTAND,ULICHTVERH,ISTRAD,ISTPKW,ISTFUSS,ISTKRAD
"POINT (9.943855809000070 53.556289392000053)","Unfall 157829 (2023) Kat:3, Licht: 0","157829","3","6","2","11","14","2","","0","0","1","0","0"
"POINT (10.114828408000051 53.601941716000056)","Unfall 157830 (2023) Kat:3, Licht: 2","157830","3","1","8","08","21","2","","2","0","0","0","0"
"POINT (10.104756359000021 53.572139982000067)","Unfall 157831 (2023) Kat:3, Licht: 0","157831","3","6","2","08","07","2","","0","1","0","0","0"
"POINT (10.069535596000037 53.572696179000047)","Unfall 157832 (2023) Kat:3, Licht: 0","157832","3","2","6","08","14","2","","0","0","0","1","0"
"POINT (10.059707795000065 53.574333426000067)","Unfall 157833 (2023) Kat:1, Licht: 0","157833","1","3","5","08","09","2","","0","1","1","0","0"
"POINT (10.058404103000044 53.575965412000073)","Unfall 157834 (2023) Kat:3, Licht: 1","157834","3","7","0","08","20","2","","1","0","0","0","1"
"POINT (10.031972763000056 53.593251196000040)","Unfall 157835 (2023) Kat:3, Licht: 0","157835","3","6","4","08","15","2","","0","1","0","0","0"
"POINT (10.040623250000067 53.579903288000082)","Unfall 157836 (2023) Kat:3, Licht: 0","157836","3","1","0","08","14","2","","0","0","0","0","1"
"POINT (9.915529959000025 53.600660406000031)","Unfall 157837 (2023) Kat:3, Licht: 0","157837","3","5","5","08","15","2","","0","1","0","0","0"
"POINT (9.795676132000040 53.566960056000028)","Unfall 157838 (2023) Kat:3, Licht: 0","157838","3","5","5","08","08","2","","0","1","1","0","0"
"POINT (9.843566867000050 53.555360064000070)","Unfall 157839 (2023) Kat:3, Licht: 0","157839","3","6","6","08","07","2","","0","1","0","1","0"
"POINT (9.879952312000057 53.584944912000026)","Unfall 157840 (2023) Kat:3, Licht: 0","157840","3","2","4","08","16","2","","0","0","1","0","0"
"POINT (9.920386292000046 53.559983656000043)","Unfall 157841 (2023) Kat:3, Licht: 0","157841","3","1","0","08","10","2","","0","1","0","0","0"
"POINT (9.918179618000067 53.567187963000038)","Unfall 157842 (2023) Kat:3, Licht: 0","157842","3","2","3","08","09","2","","0","1","0","0","0"
"POINT (9.897441136000054 53.551251441000034)","Unfall 157843 (2023) Kat:2, Licht: 0","157843","2","3","5","08","07","2","","0","1","1","0","0"
"POINT (9.952275031000056 53.598878443000046)","Unfall 157844 (2023) Kat:3, Licht: 0","157844","3","2","3","08","15","2","","0","1","1","0","0"
"POINT (9.966282598000021 53.579458375000058)","Unfall 157845 (2023) Kat:3, Licht: 0","157845","3","7","3","08","14","2","","0","1","1","0","0"
"POINT (9.976416649000043 53.589147795000031)","Unfall 157846 (2023) Kat:3, Licht: 0","157846","3","4","6","09","17","3","","0","0","1","1","0"
"POINT (9.978301193000050 53.566551848000074)","Unfall 157847 (2023) Kat:3, Licht: 0","157847","3","7","0","08","08","2","","0","1","0","0","0"
"POINT (9.954654853000022 53.557169157000033)","Unfall 157848 (2023) Kat:3, Licht: 0","157848","3","6","2","08","17","2","","0","1","0","0","0"
"POINT (9.965428395000060 53.561150100000077)","Unfall 157849 (2023) Kat:3, Licht: 0","157849","3","7","0","08","16","2","","0","1","0","0","0"
"POINT (10.140361896000059 53.526083748000076)","Unfall 157850 (2023) Kat:3, Licht: 0","157850","3","7","0","08","11","1","","0","0","0","0","1"
"POINT (10.006654516000026 53.635872265000046)","Unfall 157851 (2023) Kat:3, Licht: 0","157851","3","3","5","10","15","6","","0","1","0","0","0"
"POINT (10.124505821000071 53.570768241000053)","Unfall 157852 (2023) Kat:3, Licht: 0","157852","3","2","4","08","14","1","","0","1","1","0","0"
"POINT (10.062977174000025 53.581492522000076)","Unfall 157853 (2023) Kat:2, Licht: 2","157853","2","1","8","08","23","1","","2","0","1","0","0"
"POINT (10.042133284000045 53.601879290000056)","Unfall 157854 (2023) Kat:3, Licht: 0","157854","3","2","3","08","15","1","","0","1","1","0","0"
"POINT (10.020588589000056 53.677707586000054)","Unfall 157855 (2023) Kat:3, Licht: 2","157855","3","7","0","08","23","1","","2","1","0","0","0"
"POINT (10.000005611000063 53.605061955000053)","Unfall 157856 (2023) Kat:3, Licht: 0","157856","3","6","4","08","20","1","","0","0","1","0","1"
"POINT (10.041480904000025 53.587199428000076)","Unfall 157857 (2023) Kat:3, Licht: 0","157857","3","2","5","08","10","1","","0","0","1","0","0"
"POINT (9.933538117000069 53.592570659000046)","Unfall 157858 (2023) Kat:3, Licht: 0","157858","3","2","6","08","19","1","","0","0","1","1","0"
"POINT (9.905923780000023 53.606916665000028)","Unfall 157859 (2023) Kat:3, Licht: 2","157859","3","1","9","08","20","1","","2","0","1","0","1"
"POINT (9.866549499000030 53.548006741000052)","Unfall 157860 (2023) Kat:3, Licht: 2","157860","3","1","0","08","00","1","","2","0","0","0","0"
"POINT (9.972439215000065 53.583618737000052)","Unfall 157861 (2023) Kat:3, Licht: 0","157861","3","3","5","08","16","1","","0","0","1","0","0"
"POINT (10.127008241000055 53.571001613000078)","Unfall 157862 (2023) Kat:3, Licht: 2","157862","3","1","0","10","21","2","","2","0","0","0","0"
"POINT (9.944682973000056 53.581620791000034)","Unfall 157863 (2023) Kat:3, Licht: 0","157863","3","4","6","08","13","1","","0","1","1","1","0"
"POINT (9.938687655000024 53.553519785000049)","Unfall 157864 (2023) Kat:3, Licht: 0","157864","3","6","3","08","19","1","","0","0","1","0","0"
"POINT (9.932648430000029 53.547939783000061)","Unfall 157865 (2023) Kat:3, Licht: 0","157865","3","5","3","08","15","1","","0","1","1","0","0"
"POINT (10.099413638000044 53.538655669000036)","Unfall 157866 (2023) Kat:3, Licht: 0","157866","3","4","6","11","08","6","","0","0","1","1","0"
"POINT (9.921582410000042 53.546149058000026)","Unfall 157867 (2023) Kat:3, Licht: 0","157867","3","5","3","08","11","1","","0","1","1","0","0"
"POINT (10.010266413000068 53.552286444000060)","Unfall 157868 (2023) Kat:2, Licht: 2","157868","2","4","6","08","23","1","","2","0","1","1","0"
"POINT (10.044267693000052 53.593614590000072)","Unfall 157869 (2023) Kat:3, Licht: 2","157869","3","7","6","11","19","7","","2","0","1","1","0"
"POINT (10.016976651000050 53.527714759000048)","Unfall 157870 (2023) Kat:2, Licht: 0","157870","2","1","0","08","10","1","","0","1","0","0","0"
"POINT (9.863442147000058 53.472575702000029)","Unfall 157871 (2023) Kat:3, Licht: 0","157871","3","3","5","08","14","7","","0","0","1","0","0"
"POINT (10.140460491000056 53.502879830000040)","Unfall 157872 (2023) Kat:3, Licht: 0","157872","3","3","5","09","18","2","","0","1","1","0","0"
"POINT (9.792846988000065 53.514806023000062)","Unfall 157873 (2023) Kat:3, Licht: 0","157873","3","3","5","08","09","7","","0","0","1","0","0"
"POINT (9.944078828000045 53.446866043000057)","Unfall 157874 (2023) Kat:3, Licht: 0","157874","3","5","1","08","16","7","","0","0","1","0","0"
"POINT (10.009101985000029 53.476271058000066)","Unfall 157875 (2023) Kat:3, Licht: 2","157875","3","7","0","08","22","7","","2","0","1","0","0"
"POINT (10.153917333000038 53.489352742000051)","Unfall 157876 (2023) Kat:3, Licht: 0","157876","3","7","0","08","15","7","","0","0","0","0","0"
"POINT (10.179730545000041 53.486499111000057)","Unfall 157877 (2023) Kat:3, Licht: 1","157877","3","3","5","08","05","7","","1","0","1","0","0"
"POINT (10.143255182000075 53.600385561000053)","Unfall 157878 (2023) Kat:3, Licht: 2","157878","3","7","0","08","01","7","","2","1","0","0","0"
"POINT (10.062397322000038 53.595561781000072)","Unfall 157879 (2023) Kat:3, Licht: 0","157879","3","7","0","08","16","7","","0","1","0","0","0"
"POINT (10.013422192000064 53.639935975000071)","Unfall 157880 (2023) Kat:3, Licht: 0","157880","3","3","5","08","16","7","","0","1","0","0","0"
"POINT (9.851420197000039 53.563743933000069)","Unfall 157881 (2023) Kat:3, Licht: 0","157881","3","7","0","08","18","7","","0","1","0","0","0"
"POINT (9.888454329000069 53.577022946000056)","Unfall 157882 (2023) Kat:3, Licht: 0","157882","3","7","0","08","18","7","","0","1","0","0","0"
"POINT (9.888416531000075 53.567507348000049)","Unfall 157883 (2023) Kat:3, Licht: 2","157883","3","7","0","08","23","7","","2","0","0","0","0"
"POINT (9.936374369000021 53.551563644000055)","Unfall 157884 (2023) Kat:2, Licht: 2","157884","2","6","3","08","21","7","","2","0","1","0","1"
"POINT (9.991119197000046 53.515499918000046)","Unfall 157885 (2023) Kat:3, Licht: 0","157885","3","5","5","08","17","4","","0","1","0","0","0"
"POINT (9.999365166000075 53.573266696000076)","Unfall 157886 (2023) Kat:2, Licht: 0","157886","2","3","5","08","17","7","","0","1","0","0","0"
"POINT (9.971030797000026 53.571297633000029)","Unfall 157887 (2023) Kat:3, Licht: 0","157887","3","7","0","08","12","7","","0","1","0","0","0"
"POINT (10.006595297000047 53.550142028000039)","Unfall 157888 (2023) Kat:3, Licht: 2","157888","3","3","5","11","20","4","","2","0","1","0","0"
"POINT (10.114621999000065 53.595126108000045)","Unfall 157889 (2023) Kat:3, Licht: 0","157889","3","3","5","09","07","2","","0","1","1","0","0"
"POINT (10.111582499000065 53.622562283000036)","Unfall 157890 (2023) Kat:3, Licht: 0","157890","3","7","6","09","12","2","","0","0","0","1","0"
"POINT (9.958014218000073 53.551653635000037)","Unfall 157891 (2023) Kat:3, Licht: 0","157891","3","6","2","08","17","7","","0","0","1","0","0"
"POINT (9.860965377000070 53.467270837000058)","Unfall 157892 (2023) Kat:3, Licht: 0","157892","3","6","6","08","07","6","","0","1","0","1","0"
"POINT (9.955274316000043 53.456852385000047)","Unfall 157893 (2023) Kat:3, Licht: 0","157893","3","3","5","08","12","6","","0","1","1","0","0"
"POINT (10.009444085000041 53.501935050000043)","Unfall 157894 (2023) Kat:3, Licht: 0","157894","3","6","6","08","13","6","","0","0","0","1","0"
"POINT (10.078508406000026 53.550303013000075)","Unfall 157895 (2023) Kat:3, Licht: 0","157895","3","2","4","08","16","6","","0","0","1","0","0"
"POINT (10.090700648000052 53.549071756000046)","Unfall 157896 (2023) Kat:3, Licht: 0","157896","3","3","5","08","07","6","","0","0","1","0","0"
"POINT (10.136731996000037 53.610353144000044)","Unfall 157897 (2023) Kat:3, Licht: 0","157897","3","3","0","08","14","6","","0","0","1","0","0"
"POINT (10.060714465000046 53.570656766000070)","Unfall 157898 (2023) Kat:3, Licht: 0","157898","3","3","5","08","19","6","","0","0","1","0","1"
"POINT (10.115157754000052 53.636505142000033)","Unfall 157899 (2023) Kat:3, Licht: 0","157899","3","7","0","08","16","6","","0","0","0","1","0"
"POINT (10.084888743000022 53.664828836000027)","Unfall 157900 (2023) Kat:3, Licht: 0","157900","3","1","0","08","15","6","","0","1","0","0","0"
"POINT (10.000050131000023 53.592658974000074)","Unfall 157901 (2023) Kat:3, Licht: 0","157901","3","4","6","08","11","6","","0","0","0","1","0"
"POINT (10.013731388000053 53.600023380000039)","Unfall 157902 (2023) Kat:3, Licht: 0","157902","3","2","4","08","07","6","","0","0","1","0","0"
"POINT (9.890865265000059 53.616796152000063)","Unfall 157903 (2023) Kat:3, Licht: 0","157903","3","6","2","08","13","6","","0","0","1","0","0"
"POINT (9.765370337000036 53.579910711000082)","Unfall 157904 (2023) Kat:3, Licht: 0","157904","3","5","1","08","13","6","","0","0","1","0","0"
"POINT (9.881861998000034 53.597455660000037)","Unfall 157905 (2023) Kat:3, Licht: 0","157905","3","6","4","08","16","6","","0","1","1","0","0"
"POINT (9.872752590000061 53.591429370000071)","Unfall 157906 (2023) Kat:3, Licht: 0","157906","3","6","2","08","13","6","","0","0","1","0","1"
"POINT (9.966641997000067 53.599245625000037)","Unfall 157907 (2023) Kat:3, Licht: 0","157907","3","3","5","08","17","6","","0","0","1","0","0"
"POINT (9.944858917000033 53.548471674000041)","Unfall 157908 (2023) Kat:3, Licht: 2","157908","3","7","0","08","04","6","","2","0","0","0","0"
"POINT (9.931496626000069 53.557040186000052)","Unfall 157909 (2023) Kat:3, Licht: 0","157909","3","5","5","08","15","6","","0","1","1","0","0"
"POINT (9.932960213000058 53.550253934000068)","Unfall 157910 (2023) Kat:3, Licht: 0","157910","3","3","5","08","13","6","","0","0","1","0","0"
"POINT (9.952559269000062 53.549604565000038)","Unfall 157911 (2023) Kat:3, Licht: 2","157911","3","2","3","08","02","6","","2","0","1","0","1"
"POINT (9.984878738000077 53.583311243000082)","Unfall 157912 (2023) Kat:2, Licht: 2","157912","2","4","6","08","21","6","","2","0","1","1","0"
"POINT (9.978845723000063 53.553977030000055)","Unfall 157913 (2023) Kat:3, Licht: 0","157913","3","5","0","08","15","6","","0","0","1","0","0"
"POINT (9.883786563000058 53.555280878000076)","Unfall 157914 (2023) Kat:3, Licht: 0","157914","3","7","0","09","18","7","","0","1","0","0","0"
"POINT (9.976880291000043 53.460394522000058)","Unfall 157915 (2023) Kat:3, Licht: 0","157915","3","2","6","08","12","5","","0","0","1","1","0"
"POINT (10.206952287000036 53.489197018000027)","Unfall 157916 (2023) Kat:3, Licht: 0","157916","3","6","2","08","14","5","","0","0","1","0","0"
"POINT (9.997817578000024 53.588182384000049)","Unfall 157917 (2023) Kat:2, Licht: 0","157917","2","3","5","10","07","4","","0","1","1","0","0"
"POINT (10.273388847000035 53.426946230000055)","Unfall 157918 (2023) Kat:1, Licht: 0","157918","1","4","6","08","13","5","","0","0","0","1","1"
"POINT (10.100747958000056 53.540429895000045)","Unfall 157919 (2023) Kat:3, Licht: 0","157919","3","3","5","08","16","5","","0","0","1","0","0"
"POINT (10.127760178000074 53.602487102000055)","Unfall 157920 (2023) Kat:3, Licht: 2","157920","3","7","0","08","21","5","","2","1","0","0","0"
"POINT (10.124398763000045 53.628761527000052)","Unfall 157921 (2023) Kat:2, Licht: 0","157921","2","5","1","08","16","5","","0","0","1","0","0"
"POINT (10.152932043000021 53.600780126000075)","Unfall 157922 (2023) Kat:3, Licht: 0","157922","3","7","0","08","12","5","","0","0","0","0","0"
"POINT (10.041904694000038 53.535349479000047)","Unfall 157923 (2023) Kat:3, Licht: 0","157923","3","4","6","11","11","1","","0","0","1","1","0"
"POINT (9.975321887000064 53.560419131000060)","Unfall 157924 (2023) Kat:3, Licht: 0","157924","3","2","3","10","09","3","","0","1","1","0","0"
"POINT (10.070511712000041 53.608642749000069)","Unfall 157925 (2023) Kat:3, Licht: 0","157925","3","1","0","08","11","5","","0","1","0","0","0"
"POINT (10.101378223000040 53.654624046000038)","Unfall 157926 (2023) Kat:3, Licht: 0","157926","3","5","2","08","07","5","","0","1","1","0","0"
"POINT (10.153234766000026 53.593348133000063)","Unfall 157927 (2023) Kat:3, Licht: 0","157927","3","7","1","09","09","3","","0","1","1","0","0"
"POINT (9.998202601000060 53.659740851000038)","Unfall 157928 (2023) Kat:3, Licht: 0","157928","3","7","0","08","14","5","","0","0","1","0","0"
"POINT (9.997370324000030 53.620620468000027)","Unfall 157929 (2023) Kat:3, Licht: 0","157929","3","2","3","08","08","5","","0","1","1","0","0"
"POINT (10.013876675000063 53.604874323000047)","Unfall 157930 (2023) Kat:3, Licht: 0","157930","3","3","5","08","08","5","","0","1","1","0","0"
"POINT (9.996696894000024 53.604150393000054)","Unfall 157931 (2023) Kat:3, Licht: 0","157931","3","5","1","08","17","5","","0","1","1","0","0"
"POINT (10.035587075000024 53.575025756000059)","Unfall 157932 (2023) Kat:3, Licht: 2","157932","3","2","4","10","20","7","","2","0","1","0","0"
"POINT (10.051207665000049 53.586608631000047)","Unfall 157933 (2023) Kat:3, Licht: 0","157933","3","6","3","08","12","5","","0","0","1","0","0"
"POINT (10.032239300000072 53.573341999000036)","Unfall 157934 (2023) Kat:3, Licht: 0","157934","3","6","0","08","10","5","","0","1","0","0","0"
"POINT (9.853049807000048 53.593322606000072)","Unfall 157935 (2023) Kat:3, Licht: 0","157935","3","7","4","08","13","5","","0","0","1","0","0"
"POINT (9.847939172000054 53.549849310000070)","Unfall 157936 (2023) Kat:3, Licht: 0","157936","3","7","0","08","14","5","","0","0","0","0","1"
"POINT (9.917089224000051 53.546336938000081)","Unfall 157937 (2023) Kat:3, Licht: 0","157937","3","3","5","08","17","5","","0","1","1","0","0"
"POINT (9.934372580000058 53.551530565000064)","Unfall 157938 (2023) Kat:3, Licht: 0","157938","3","4","0","08","13","5","","0","0","0","1","0"
"POINT (9.954934825000066 53.548573865000037)","Unfall 157939 (2023) Kat:3, Licht: 0","157939","3","3","0","08","17","5","","0","1","1","0","0"
"POINT (9.995707244000073 53.550621100000058)","Unfall 157940 (2023) Kat:2, Licht: 0","157940","2","4","6","08","12","5","","0","1","0","1","0"
"POINT (10.011886550000042 53.624660848000076)","Unfall 157941 (2023) Kat:3, Licht: 0","157941","3","2","3","10","11","7","","0","0","1","0","0"
"POINT (9.980553463000035 53.480667541000059)","Unfall 157942 (2023) Kat:3, Licht: 0","157942","3","3","5","08","13","5","","0","0","0","0","1"
"POINT (9.846607351000046 53.536615088000076)","Unfall 157943 (2023) Kat:3, Licht: 0","157943","3","6","2","08","16","4","","0","1","1","0","0"
"POINT (10.028194016000043 53.526612331000081)","Unfall 157944 (2023) Kat:3, Licht: 1","157944","3","3","5","08","20","4","","1","1","1","0","0"
"POINT (10.023654148000048 53.528864230000067)","Unfall 157945 (2023) Kat:3, Licht: 0","157945","3","6","3","08","11","4","","0","0","1","0","0"
"POINT (10.027949408000040 53.533690972000045)","Unfall 157946 (2023) Kat:3, Licht: 0","157946","3","6","2","08","17","4","","0","0","1","0","0"
"POINT (10.040285605000065 53.604150393000054)","Unfall 157947 (2023) Kat:3, Licht: 0","157947","3","5","5","08","10","4","","0","0","1","0","0"
"POINT (10.163621337000052 53.650653691000059)","Unfall 157948 (2023) Kat:3, Licht: 0","157948","3","1","1","08","14","4","","0","1","0","0","0"
"POINT (10.006439290000060 53.633533365000062)","Unfall 157949 (2023) Kat:3, Licht: 0","157949","3","7","0","08","16","4","","0","0","0","0","0"
"POINT (10.033317199000066 53.621144961000027)","Unfall 157950 (2023) Kat:3, Licht: 0","157950","3","6","2","08","11","4","","0","0","0","0","0"
"POINT (10.009923595000032 53.602020704000040)","Unfall 157951 (2023) Kat:3, Licht: 0","157951","3","5","1","10","14","6","","0","0","1","0","1"
"POINT (9.999393186000077 53.606675342000074)","Unfall 157952 (2023) Kat:3, Licht: 0","157952","3","5","1","08","17","4","","0","1","1","0","0"
"POINT (10.019306346000064 53.565077217000066)","Unfall 157953 (2023) Kat:3, Licht: 0","157953","3","7","0","08","16","4","","0","1","0","0","0"
"POINT (10.024818871000036 53.563080393000064)","Unfall 157954 (2023) Kat:3, Licht: 0","157954","3","6","2","08","14","4","","0","0","1","0","1"
"POINT (10.076667427000075 53.653009583000028)","Unfall 157955 (2023) Kat:3, Licht: 0","157955","3","6","2","08","15","5","","0","0","1","0","0"
"POINT (9.919895444000076 53.598226702000034)","Unfall 157956 (2023) Kat:3, Licht: 0","157956","3","2","4","08","16","4","","0","0","1","0","0"
"POINT (9.915067192000038 53.603163883000036)","Unfall 157957 (2023) Kat:3, Licht: 0","157957","3","1","0","08","07","4","","0","1","0","0","0"
"POINT (9.847584754000025 53.576897706000068)","Unfall 157958 (2023) Kat:3, Licht: 2","157958","3","7","0","08","21","4","","2","1","0","0","0"
"POINT (9.889020911000046 53.576353094000069)","Unfall 157959 (2023) Kat:3, Licht: 0","157959","3","6","3","08","08","4","","0","1","1","0","0"
"POINT (9.854143700000066 53.473561918000030)","Unfall 157960 (2023) Kat:3, Licht: 0","157960","3","7","0","08","06","4","","0","0","0","0","0"
"POINT (9.993481500000030 53.585641902000077)","Unfall 157961 (2023) Kat:3, Licht: 1","157961","3","3","5","08","19","4","","1","0","1","0","0"
"POINT (9.967343586000027 53.605816175000029)","Unfall 157962 (2023) Kat:3, Licht: 2","157962","3","2","4","09","05","4","","2","1","1","0","0"
"POINT (9.978150111000048 53.597524649000036)","Unfall 157963 (2023) Kat:3, Licht: 0","157963","3","4","6","08","12","4","","0","0","1","1","0"
"POINT (9.947920989000067 53.565166100000056)","Unfall 157964 (2023) Kat:3, Licht: 0","157964","3","6","3","08","08","4","","0","1","1","0","0"
"POINT (9.969176320000031 53.558239666000077)","Unfall 157965 (2023) Kat:3, Licht: 2","157965","3","1","0","08","21","4","","2","1","0","0","0"
"POINT (10.008438130000059 53.553470315000027)","Unfall 157966 (2023) Kat:3, Licht: 0","157966","3","6","2","08","12","4","","0","0","1","0","0"
"POINT (10.013369268000076 53.555786384000044)","Unfall 157967 (2023) Kat:3, Licht: 2","157967","3","7","0","08","03","4","","2","0","0","0","0"
"POINT (9.861099729000045 53.476775679000070)","Unfall 157968 (2023) Kat:3, Licht: 0","157968","3","1","0","08","09","3","","0","1","0","0","0"
"POINT (10.032999402000030 53.589283630000068)","Unfall 157969 (2023) Kat:3, Licht: 2","157969","3","6","2","11","17","5","","2","0","1","0","0"
"POINT (9.954669668000065 53.455833513000073)","Unfall 157970 (2023) Kat:3, Licht: 2","157970","3","2","4","08","04","3","","2","1","1","0","0"
"POINT (9.991749413000036 53.503220112000065)","Unfall 157971 (2023) Kat:3, Licht: 0","157971","3","3","5","08","17","3","","0","0","0","0","0"
"POINT (9.994423866000034 53.510980791000065)","Unfall 157972 (2023) Kat:3, Licht: 0","157972","3","7","1","08","16","3","","0","1","1","0","0"
"POINT (9.959766188000060 53.593949997000038)","Unfall 157973 (2023) Kat:3, Licht: 0","157973","3","3","5","10","13","3","","0","1","1","0","0"
"POINT (10.071116221000068 53.559204519000048)","Unfall 157974 (2023) Kat:3, Licht: 0","157974","3","2","3","08","12","3","","0","0","1","0","0"
"POINT (10.086209478000058 53.546785454000030)","Unfall 157975 (2023) Kat:3, Licht: 0","157975","3","5","1","08","11","3","","0","0","1","0","1"
"POINT (10.108957521000036 53.581681323000055)","Unfall 157976 (2023) Kat:3, Licht: 0","157976","3","5","5","08","17","3","","0","0","1","0","1"
"POINT (10.125568743000031 53.591457923000064)","Unfall 157977 (2023) Kat:3, Licht: 0","157977","3","3","5","08","16","3","","0","1","1","0","0"
"POINT (10.095168408000063 53.685017035000044)","Unfall 157978 (2023) Kat:3, Licht: 0","157978","3","2","2","08","19","3","","0","0","1","0","0"
"POINT (10.013116449000051 53.644167523000078)","Unfall 157979 (2023) Kat:2, Licht: 2","157979","2","6","4","08","21","3","","2","1","0","0","0"
"POINT (9.970619250000027 53.575920244000031)","Unfall 157980 (2023) Kat:3, Licht: 0","157980","3","4","6","11","09","5","","0","0","1","1","0"
"POINT (10.023721167000076 53.528974108000057)","Unfall 157981 (2023) Kat:3, Licht: 0","157981","3","6","3","10","11","2","","0","0","1","0","0"
"POINT (9.994102559000055 53.640378191000082)","Unfall 157982 (2023) Kat:3, Licht: 2","157982","3","6","2","08","21","3","","2","1","1","0","0"
"POINT (10.003313727000034 53.587609909000037)","Unfall 157983 (2023) Kat:3, Licht: 0","157983","3","5","5","08","08","3","","0","1","1","0","0"
"POINT (10.056973410000069 53.575774503000048)","Unfall 157984 (2023) Kat:3, Licht: 0","157984","3","3","5","08","17","3","","0","1","1","0","0"
"POINT (9.951997602000063 53.582123345000070)","Unfall 157985 (2023) Kat:3, Licht: 0","157985","3","7","0","08","20","3","","0","1","0","0","0"
"POINT (9.944008482000072 53.548345545000075)","Unfall 157986 (2023) Kat:3, Licht: 0","157986","3","3","5","08","08","3","","0","1","1","0","0"
"POINT (10.081799302000036 53.660997430000066)","Unfall 157987 (2023) Kat:3, Licht: 0","157987","3","6","2","10","16","6","","0","0","1","0","0"
"POINT (9.975443196000072 53.577805716000057)","Unfall 157988 (2023) Kat:3, Licht: 2","157988","3","3","5","08","21","3","","2","1","0","0","0"
"POINT (9.911807376000070 53.514468963000070)","Unfall 157989 (2023) Kat:3, Licht: 0","157989","3","3","5","08","06","2","","0","0","0","0","0"
"POINT (9.973560330000055 53.454845604000070)","Unfall 157990 (2023) Kat:3, Licht: 0","157990","3","5","1","08","16","2","","0","1","1","0","0"
"POINT (10.217795570000021 53.490595481000071)","Unfall 157991 (2023) Kat:3, Licht: 0","157991","3","7","1","08","08","2","","0","1","1","0","0"
"POINT (10.208116543000074 53.498036517000060)","Unfall 157992 (2023) Kat:3, Licht: 0","157992","3","3","5","08","13","2","","0","1","0","0","0"
"POINT (10.102609406000056 53.549761785000044)","Unfall 157993 (2023) Kat:3, Licht: 0","157993","3","7","6","08","15","2","","0","0","1","1","0"
"POINT (10.064240985000026 53.528868983000052)","Unfall 157994 (2023) Kat:3, Licht: 0","157994","3","7","0","08","17","2","","0","1","0","0","0"
"POINT (10.046036689000061 53.558198562000030)","Unfall 157995 (2023) Kat:3, Licht: 0","157995","3","4","6","08","12","2","","0","0","0","1","0"
"POINT (10.168773466000061 53.594926961000056)","Unfall 157996 (2023) Kat:3, Licht: 0","157996","3","3","5","08","16","2","","0","1","1","0","0"
"POINT (10.153874572000063 53.614613585000029)","Unfall 157997 (2023) Kat:3, Licht: 2","157997","3","2","4","08","05","2","","2","1","0","0","0"
"POINT (10.163470512000060 53.620679078000080)","Unfall 157998 (2023) Kat:3, Licht: 0","157998","3","7","0","08","16","2","","0","1","0","0","0"
"POINT (10.078152560000035 53.575774062000050)","Unfall 157999 (2023) Kat:3, Licht: 0","157999","3","7","3","08","13","2","","0","0","1","0","0"
"POINT (10.060987199000067 53.577011666000033)","Unfall 158000 (2023) Kat:3, Licht: 0","158000","3","2","4","08","07","2","","0","0","1","0","0"
"POINT (10.096911617000046 53.618867069000032)","Unfall 158001 (2023) Kat:2, Licht: 0","158001","2","4","6","08","10","2","","0","0","1","1","0"
"POINT (10.037134368000068 53.611224153000080)","Unfall 158002 (2023) Kat:3, Licht: 0","158002","3","2","4","08","09","2","","0","0","1","0","0"
"POINT (10.080210715000021 53.608533282000053)","Unfall 158003 (2023) Kat:3, Licht: 0","158003","3","1","0","08","12","2","","0","0","0","0","0"
"POINT (10.166599507000058 53.651764283000034)","Unfall 158004 (2023) Kat:3, Licht: 0","158004","3","6","4","08","16","2","","0","1","0","0","0"
"POINT (10.033652430000075 53.636618901000077)","Unfall 158005 (2023) Kat:3, Licht: 0","158005","3","2","4","08","15","2","","0","1","0","0","0"
"POINT (10.010444944000028 53.648568493000028)","Unfall 158006 (2023) Kat:3, Licht: 0","158006","3","7","0","08","17","2","","0","1","0","0","0"
"POINT (10.155480875000023 53.605939159000059)","Unfall 158007 (2023) Kat:3, Licht: 0","158007","3","6","6","10","12","2","","0","1","0","1","0"
"POINT (10.031394950000049 53.596635175000074)","Unfall 158008 (2023) Kat:3, Licht: 0","158008","3","6","4","08","16","2","","0","1","0","0","0"
"POINT (10.004610440000022 53.597168214000078)","Unfall 158009 (2023) Kat:3, Licht: 0","158009","3","7","0","08","16","2","","0","1","0","0","0"
"POINT (10.054146975000037 53.592245500000047)","Unfall 158010 (2023) Kat:3, Licht: 0","158010","3","5","5","08","08","2","","0","1","1","0","0"
"POINT (10.013857049000023 53.568833819000076)","Unfall 158011 (2023) Kat:3, Licht: 0","158011","3","7","0","08","16","2","","0","1","0","0","0"
"POINT (9.923952494000048 53.598332597000081)","Unfall 158012 (2023) Kat:3, Licht: 0","158012","3","7","1","08","07","2","","0","0","1","0","0"
"POINT (9.843423607000034 53.561670719000062)","Unfall 158013 (2023) Kat:3, Licht: 0","158013","3","3","5","08","15","2","","0","1","1","0","0"
"POINT (9.838239980000026 53.570481881000035)","Unfall 158014 (2023) Kat:3, Licht: 2","158014","3","7","0","08","01","2","","2","0","0","0","0"