WKT,Name,OBJECTID,UKATEGORIE,UTYP1,UART,UMONAT,USTUNDE,UWOCHENTAG,STRZUSTAND,ULICHTVERH,ISTRAD,ISTPKW,ISTFUSS,ISTKRAD
"POINT (10.151783732000069 53.609642785000062)","Unfall 158015 (2023) Kat:3, Licht: 2","158015","3","6","2","10","18","3","","2","0","1","0","0"
"POINT (9.901388698000062 53.545699896000031)","Unfall 158016 (2023) Kat:3, Licht: 0","158016","3","6","3","08","19","2","","0","1","1","0","0"
"POINT (10.208694739000066 53.490247494000073)","Unfall 158797 (2023) Kat:3, Licht: 0","158797","3","1","0","12","15","1","","0","1","0","0","0"
"POINT (10.018172497000023 53.675671549000072)","Unfall 158798 (2023) Kat:3, Licht: 2","158798","3","7","1","12","18","1","","2","0","1","1","0"
"POINT (10.033271529000046 53.573923859000047)","Unfall 158799 (2023) Kat:3, Licht: 2","158799","3","3","5","12","18","1","","2","0","1","0","0"
"POINT (9.904770555000027 53.609856434000051)","Unfall 158800 (2023) Kat:3, Licht: 2","158800","3","6","2","12","22","1","","2","0","1","0","0"
"POINT (9.951276993000022 53.598454914000058)","Unfall 158801 (2023) Kat:3, Licht: 2","158801","3","1","8","12","02","1","","2","0","1","0","0"
"POINT (10.151938160000043 53.411826560000065)","Unfall 158802 (2023) Kat:2, Licht: 1","158802","2","1","8","12","16","7","","1","0","1","0","0"
"POINT (10.069731145000048 53.526464131000068)","Unfall 158803 (2023) Kat:2, Licht: 2","158803","2","2","4","12","18","7","","2","0","0","0","0"
"POINT (10.178916357000048 53.606840173000080)","Unfall 158804 (2023) Kat:3, Licht: 0","158804","3","6","2","12","12","7","","0","0","1","0","0"
"POINT (10.011486524000077 53.649152369000035)","Unfall 158805 (2023) Kat:3, Licht: 0","158805","3","6","2","12","10","7","","0","1","0","0","0"
"POINT (10.051878644000055 53.593261926000082)","Unfall 158806 (2023) Kat:2, Licht: 2","158806","2","4","6","12","17","7","","2","0","1","1","0"
"POINT (9.760183802000029 53.581528878000029)","Unfall 158807 (2023) Kat:3, Licht: 0","158807","3","2","3","12","09","7","","0","1","0","0","0"
"POINT (9.887176312000065 53.601064588000042)","Unfall 158808 (2023) Kat:3, Licht: 0","158808","3","3","6","12","13","7","","0","0","1","1","0"
"POINT (10.004073136000045 53.554129362000026)","Unfall 158810 (2023) Kat:3, Licht: 0","158810","3","2","6","12","14","7","","0","0","0","1","0"
"POINT (10.005254252000043 53.552759997000067)","Unfall 158811 (2023) Kat:2, Licht: 2","158811","2","4","6","12","03","7","","2","0","1","1","0"
"POINT (9.986725633000049 53.510846360000073)","Unfall 158812 (2023) Kat:3, Licht: 2","158812","3","6","6","12","17","6","","2","1","0","1","0"
"POINT (10.116516471000068 53.597124136000048)","Unfall 158813 (2023) Kat:3, Licht: 0","158813","3","4","6","12","14","6","","0","0","1","1","0"
"POINT (10.083882589000041 53.660001299000044)","Unfall 158814 (2023) Kat:3, Licht: 2","158814","3","3","5","12","18","6","","2","0","1","0","0"
"POINT (10.033287610000059 53.588715845000081)","Unfall 158815 (2023) Kat:3, Licht: 1","158815","3","5","1","12","17","6","","1","0","1","0","0"
"POINT (10.023723123000025 53.558414381000034)","Unfall 158816 (2023) Kat:3, Licht: 2","158816","3","3","5","12","20","6","","2","0","1","0","0"
"POINT (10.046700454000074 53.567674868000040)","Unfall 158817 (2023) Kat:3, Licht: 2","158817","3","4","6","12","17","6","","2","0","1","1","0"
"POINT (9.843921227000067 53.576889727000037)","Unfall 158819 (2023) Kat:2, Licht: 2","158819","2","6","3","12","19","6","","2","0","1","0","0"
"POINT (9.954765295000072 53.548470295000072)","Unfall 158820 (2023) Kat:3, Licht: 1","158820","3","4","6","12","16","6","","1","0","1","1","0"
"POINT (10.001055587000053 53.555774719000055)","Unfall 158822 (2023) Kat:3, Licht: 0","158822","3","4","6","12","08","6","","0","0","1","1","0"
"POINT (10.003617953000060 53.524071869000068)","Unfall 158823 (2023) Kat:3, Licht: 2","158823","3","7","0","12","20","6","","2","1","0","0","0"
"POINT (9.850087959000064 53.471932686000059)","Unfall 158824 (2023) Kat:3, Licht: 0","158824","3","3","5","12","14","5","","0","0","1","0","0"
"POINT (10.060390896000058 53.570474673000035)","Unfall 158825 (2023) Kat:3, Licht: 2","158825","3","6","2","12","18","5","","2","0","1","0","0"
"POINT (10.156735280000021 53.639219966000041)","Unfall 158827 (2023) Kat:3, Licht: 0","158827","3","4","6","12","13","5","","0","0","1","1","0"
"POINT (10.052743773000032 53.570046982000065)","Unfall 158828 (2023) Kat:3, Licht: 2","158828","3","4","6","12","17","5","","2","0","1","1","0"
"POINT (9.755462420000072 53.581941623000034)","Unfall 158829 (2023) Kat:3, Licht: 0","158829","3","6","6","12","13","5","","0","0","0","1","0"
"POINT (9.958390767000026 53.449720461000027)","Unfall 158830 (2023) Kat:3, Licht: 2","158830","3","6","4","12","19","4","","2","0","1","0","0"
"POINT (9.934845694000046 53.430869346000065)","Unfall 158831 (2023) Kat:3, Licht: 2","158831","3","3","5","12","17","4","","2","0","1","0","0"
"POINT (10.174332579000065 53.513027888000067)","Unfall 158832 (2023) Kat:3, Licht: 1","158832","3","1","8","12","17","4","","1","0","1","0","0"
"POINT (10.169258093000053 53.514310439000042)","Unfall 158833 (2023) Kat:2, Licht: 0","158833","2","5","5","12","12","4","","0","0","1","0","0"
"POINT (10.140884742000026 53.628817868000056)","Unfall 158835 (2023) Kat:3, Licht: 2","158835","3","6","3","12","16","4","","2","1","1","0","0"
"POINT (10.170380801000022 53.595253695000054)","Unfall 158836 (2023) Kat:3, Licht: 0","158836","3","7","0","12","09","4","","0","1","0","0","0"
"POINT (10.038650899000061 53.608158739000032)","Unfall 158837 (2023) Kat:3, Licht: 2","158837","3","2","2","12","18","4","","2","0","1","0","0"
"POINT (10.067174769000076 53.606751714000040)","Unfall 158838 (2023) Kat:3, Licht: 0","158838","3","5","1","12","14","4","","0","0","1","0","0"
"POINT (10.117291015000035 53.649451351000039)","Unfall 158839 (2023) Kat:3, Licht: 2","158839","3","3","5","12","00","4","","2","0","1","0","0"
"POINT (10.089392999000040 53.634339101000080)","Unfall 158840 (2023) Kat:2, Licht: 0","158840","2","6","4","12","15","4","","0","0","1","0","1"
"POINT (10.113677002000031 53.657053844000075)","Unfall 158841 (2023) Kat:2, Licht: 0","158841","2","7","0","12","09","4","","0","1","0","0","0"
"POINT (10.017011828000022 53.564114911000047)","Unfall 158842 (2023) Kat:3, Licht: 2","158842","3","3","5","12","20","4","","2","0","1","0","0"
"POINT (9.916146311000034 53.600297920000060)","Unfall 158843 (2023) Kat:3, Licht: 0","158843","3","6","2","12","12","4","","0","0","1","0","0"
"POINT (9.918173484000022 53.570854074000067)","Unfall 158844 (2023) Kat:3, Licht: 2","158844","3","2","4","12","22","4","","2","0","1","0","0"
"POINT (9.936459968000065 53.551715749000039)","Unfall 158845 (2023) Kat:3, Licht: 0","158845","3","3","5","12","14","4","","0","1","1","0","0"
"POINT (9.966122003000066 53.568129964000036)","Unfall 158846 (2023) Kat:3, Licht: 2","158846","3","1","0","12","21","4","","2","1","0","0","0"
"POINT (9.972693076000041 53.553861482000059)","Unfall 158847 (2023) Kat:3, Licht: 0","158847","3","6","2","12","12","4","","0","0","1","0","0"
"POINT (9.994394301000057 53.557512842000051)","Unfall 158848 (2023) Kat:3, Licht: 2","158848","3","6","2","12","18","4","","2","0","1","0","0"
"POINT (10.022650389000034 53.550986458000068)","Unfall 158849 (2023) Kat:3, Licht: 2","158849","3","6","3","12","17","3","","2","0","1","0","0"
"POINT (9.920597545000021 53.648653396000043)","Unfall 158850 (2023) Kat:2, Licht: 2","158850","2","4","6","12","19","3","","2","0","1","1","0"
"POINT (9.997602133000044 53.556795862000058)","Unfall 158851 (2023) Kat:3, Licht: 0","158851","3","6","3","12","15","3","","0","0","1","0","0"
"POINT (10.234006479000072 53.488261756000043)","Unfall 158852 (2023) Kat:3, Licht: 1","158852","3","7","6","12","19","2","","1","0","1","1","0"
"POINT (10.136788633000037 53.610048739000035)","Unfall 158853 (2023) Kat:3, Licht: 0","158853","3","7","0","12","13","2","","0","1","0","0","0"
"POINT (9.957550103000074 53.562554439000053)","Unfall 158855 (2023) Kat:3, Licht: 2","158855","3","2","3","12","02","2","","2","1","0","0","0"
"POINT (9.992789482000035 53.447299568000062)","Unfall 158856 (2023) Kat:3, Licht: 0","158856","3","7","6","12","13","1","","0","0","1","1","0"
"POINT (9.923562782000033 53.557986401000051)","Unfall 158857 (2023) Kat:3, Licht: 2","158857","3","6","2","12","00","1","","2","1","0","0","0"
"POINT (9.994543204000024 53.581870383000080)","Unfall 158859 (2023) Kat:1, Licht: 2","158859","1","1","8","12","02","1","","2","0","1","0","0"
"POINT (9.955082719000075 53.548927111000069)","Unfall 158860 (2023) Kat:3, Licht: 2","158860","3","4","6","12","00","1","","2","0","1","1","0"
"POINT (10.064773276000039 53.586425222000059)","Unfall 158861 (2023) Kat:2, Licht: 0","158861","2","2","6","12","20","7","","0","0","0","1","0"
"POINT (10.067182867000042 53.563059461000080)","Unfall 158862 (2023) Kat:3, Licht: 2","158862","3","2","3","12","18","7","","2","1","1","0","0"
"POINT (10.060557300000028 53.570849948000046)","Unfall 158863 (2023) Kat:3, Licht: 2","158863","3","7","0","12","01","7","","2","0","0","0","0"
"POINT (10.056039343000066 53.608483857000067)","Unfall 158864 (2023) Kat:2, Licht: 2","158864","2","6","2","12","17","7","","2","0","1","0","0"
"POINT (9.958870152000031 53.599196059000064)","Unfall 158865 (2023) Kat:3, Licht: 0","158865","3","6","2","12","12","7","","0","0","1","0","0"
"POINT (10.117188748000046 53.605600642000070)","Unfall 158866 (2023) Kat:3, Licht: 0","158866","3","7","6","12","11","6","","0","0","1","1","0"
"POINT (10.116480730000035 53.625221721000059)","Unfall 158867 (2023) Kat:3, Licht: 0","158867","3","3","6","12","09","6","","0","0","1","1","0"
"POINT (10.057152332000044 53.580184737000081)","Unfall 158868 (2023) Kat:3, Licht: 0","158868","3","2","4","12","13","6","","0","0","1","0","0"
"POINT (10.030099838000069 53.626047739000057)","Unfall 158870 (2023) Kat:3, Licht: 0","158870","3","6","2","12","13","6","","0","0","1","0","0"
"POINT (10.046307098000057 53.587302989000079)","Unfall 158871 (2023) Kat:3, Licht: 2","158871","3","4","6","12","23","6","","2","0","1","1","0"
"POINT (9.948047015000043 53.582339504000061)","Unfall 158872 (2023) Kat:3, Licht: 2","158872","3","3","5","12","17","6","","2","0","1","0","0"
"POINT (9.928785609000045 53.556301565000069)","Unfall 158873 (2023) Kat:3, Licht: 2","158873","3","7","0","12","22","6","","2","1","1","0","0"
"POINT (9.995591121000075 53.550615662000041)","Unfall 158874 (2023) Kat:3, Licht: 0","158874","3","2","4","12","12","6","","0","0","0","0","0"
"POINT (10.005828269000062 53.556185742000082)","Unfall 158875 (2023) Kat:3, Licht: 0","158875","3","7","6","12","12","6","","0","0","1","1","0"
"POINT (9.996134304000066 53.455399431000046)","Unfall 158876 (2023) Kat:3, Licht: 2","158876","3","4","6","12","20","5","","2","0","1","1","0"
"POINT (10.207155475000036 53.495042332000082)","Unfall 158877 (2023) Kat:2, Licht: 0","158877","2","2","4","12","08","5","","0","0","1","0","0"
"POINT (10.208259366000050 53.490435604000027)","Unfall 158879 (2023) Kat:3, Licht: 1","158879","3","2","3","12","08","5","","1","1","0","0","0"
"POINT (10.088300300000071 53.550902897000071)","Unfall 158880 (2023) Kat:3, Licht: 2","158880","3","3","5","12","21","5","","2","0","1","0","0"
"POINT (10.105764259000068 53.545974384000033)","Unfall 158881 (2023) Kat:3, Licht: 2","158881","3","7","3","12","20","5","","2","0","1","0","0"
"POINT (10.152303793000044 53.542912516000058)","Unfall 158882 (2023) Kat:3, Licht: 0","158882","3","2","4","12","15","5","","0","0","1","0","0"
"POINT (10.032608640000035 53.557304880000061)","Unfall 158883 (2023) Kat:3, Licht: 0","158883","3","2","3","12","11","5","","0","1","0","0","0"
"POINT (10.083529152000040 53.568220983000060)","Unfall 158884 (2023) Kat:3, Licht: 0","158884","3","6","2","12","09","5","","0","0","1","0","0"
"POINT (10.049579689000041 53.601812028000040)","Unfall 158885 (2023) Kat:3, Licht: 0","158885","3","3","5","12","08","5","","0","0","1","0","0"
"POINT (10.042451003000053 53.650509301000056)","Unfall 158886 (2023) Kat:3, Licht: 2","158886","3","6","4","12","07","5","","2","0","1","0","1"
"POINT (10.108816900000022 53.707753271000058)","Unfall 158887 (2023) Kat:2, Licht: 2","158887","2","4","6","12","07","5","","2","0","1","1","0"
"POINT (10.014626576000069 53.649379597000063)","Unfall 158888 (2023) Kat:3, Licht: 2","158888","3","1","8","12","17","5","","2","0","1","0","0"
"POINT (9.952508609000063 53.635354295000070)","Unfall 158889 (2023) Kat:3, Licht: 0","158889","3","2","6","12","10","5","","0","0","1","1","0"
"POINT (9.907548319000057 53.632495602000063)","Unfall 158890 (2023) Kat:3, Licht: 2","158890","3","2","6","12","07","5","","2","0","1","1","0"
"POINT (9.974927614000023 53.598181105000037)","Unfall 158891 (2023) Kat:2, Licht: 0","158891","2","4","6","12","15","5","","0","0","1","1","0"
"POINT (9.959435355000039 53.564688073000070)","Unfall 158892 (2023) Kat:3, Licht: 0","158892","3","7","0","12","14","5","","0","0","1","0","0"
"POINT (9.984532076000050 53.554498178000074)","Unfall 158893 (2023) Kat:3, Licht: 2","158893","3","6","2","12","18","5","","2","0","1","0","0"
"POINT (10.001789804000055 53.550051416000031)","Unfall 158894 (2023) Kat:3, Licht: 2","158894","3","4","6","12","16","5","","2","0","0","1","0"
"POINT (10.008451088000072 53.553425934000074)","Unfall 158895 (2023) Kat:3, Licht: 0","158895","3","7","6","12","15","5","","0","0","1","1","0"
"POINT (9.930559018000054 53.602845820000027)","Unfall 158896 (2023) Kat:3, Licht: 2","158896","3","4","6","12","16","1","","2","0","1","1","0"
"POINT (10.006388383000058 53.554765595000049)","Unfall 158897 (2023) Kat:3, Licht: 2","158897","3","3","5","12","19","5","","2","0","1","0","0"
"POINT (9.985724273000073 53.456814870000073)","Unfall 158898 (2023) Kat:3, Licht: 2","158898","3","4","6","12","18","4","","2","0","1","1","0"
"POINT (10.190428770000040 53.504116301000067)","Unfall 158899 (2023) Kat:3, Licht: 2","158899","3","2","4","12","06","4","","2","1","0","0","0"
"POINT (10.151748089000023 53.542967029000067)","Unfall 158900 (2023) Kat:3, Licht: 0","158900","3","6","2","12","13","4","","0","0","1","0","0"
"POINT (10.119848693000051 53.606312980000041)","Unfall 158902 (2023) Kat:3, Licht: 2","158902","3","2","4","12","17","4","","2","0","1","0","0"
"POINT (10.148125392000054 53.605360162000068)","Unfall 158903 (2023) Kat:3, Licht: 0","158903","3","2","4","12","10","4","","0","0","1","0","0"
"POINT (10.092715487000021 53.587716452000052)","Unfall 158904 (2023) Kat:3, Licht: 2","158904","3","2","6","12","17","4","","2","0","1","1","0"
"POINT (10.072545221000041 53.608695629000067)","Unfall 158905 (2023) Kat:3, Licht: 2","158905","3","6","3","12","17","4","","2","0","1","0","0"
"POINT (10.054704226000069 53.633335084000066)","Unfall 158906 (2023) Kat:3, Licht: 0","158906","3","2","6","12","14","4","","0","0","1","1","0"
"POINT (10.158419329000026 53.653728136000041)","Unfall 158907 (2023) Kat:3, Licht: 0","158907","3","3","5","12","08","4","","0","0","1","0","0"
"POINT (10.032770264000021 53.590663870000071)","Unfall 158908 (2023) Kat:3, Licht: 2","158908","3","2","6","12","17","4","","2","0","1","1","0"
"POINT (10.053715730000022 53.568807440000057)","Unfall 158909 (2023) Kat:3, Licht: 2","158909","3","2","3","12","18","4","","2","0","1","0","0"
"POINT (10.049161779000030 53.579294307000055)","Unfall 158910 (2023) Kat:3, Licht: 0","158910","3","3","5","12","13","4","","0","0","1","1","0"
"POINT (10.045894816000043 53.578987164000068)","Unfall 158912 (2023) Kat:3, Licht: 2","158912","3","2","6","12","17","4","","2","0","1","1","0"
"POINT (9.878488886000071 53.586218459000065)","Unfall 158913 (2023) Kat:3, Licht: 1","158913","3","3","5","12","07","4","","1","0","0","0","0"
"POINT (9.951529948000029 53.636762358000055)","Unfall 158914 (2023) Kat:3, Licht: 1","158914","3","6","0","12","07","4","","1","1","0","0","0"
"POINT (9.978627426000060 53.590101726000057)","Unfall 158915 (2023) Kat:3, Licht: 2","158915","3","4","6","12","17","4","","2","0","1","1","0"
"POINT (9.980102221000038 53.606562183000051)","Unfall 158916 (2023) Kat:3, Licht: 0","158916","3","2","3","12","10","4","","0","0","1","0","0"
"POINT (9.928409475000024 53.555867938000063)","Unfall 158917 (2023) Kat:3, Licht: 2","158917","3","5","1","12","19","4","","2","0","1","0","0"
"POINT (9.990527884000073 53.572665927000060)","Unfall 158918 (2023) Kat:3, Licht: 2","158918","3","7","7","12","21","4","","2","1","0","0","0"
"POINT (9.968285597000033 53.568380337000065)","Unfall 158919 (2023) Kat:3, Licht: 0","158919","3","7","3","12","14","4","","0","0","1","0","1"
"POINT (9.969446108000056 53.571239379000076)","Unfall 158920 (2023) Kat:2, Licht: 2","158920","2","7","6","12","06","4","","2","0","0","1","0"
"POINT (9.976801072000058 53.563641598000061)","Unfall 158921 (2023) Kat:3, Licht: 0","158921","3","3","5","12","10","4","","0","1","1","0","0"
"POINT (10.008500083000058 53.553258123000035)","Unfall 158922 (2023) Kat:3, Licht: 1","158922","3","6","2","12","16","4","","1","1","1","0","0"
"POINT (10.002591948000031 53.520259360000068)","Unfall 158923 (2023) Kat:3, Licht: 2","158923","3","7","7","12","16","3","","2","0","1","0","0"
"POINT (10.017834238000034 53.517466707000040)","Unfall 158924 (2023) Kat:3, Licht: 1","158924","3","6","2","12","08","3","","1","0","1","0","0"
"POINT (10.191391957000064 53.503792662000080)","Unfall 158925 (2023) Kat:3, Licht: 2","158925","3","3","5","12","07","3","","2","1","1","0","0"
"POINT (10.144625629000075 53.545207176000076)","Unfall 158926 (2023) Kat:3, Licht: 0","158926","3","2","4","12","08","3","","0","0","1","0","0"
"POINT (10.123295839000036 53.568817893000073)","Unfall 158927 (2023) Kat:3, Licht: 0","158927","3","2","4","12","13","3","","0","0","1","0","0"
"POINT (10.123670024000035 53.589618252000037)","Unfall 158928 (2023) Kat:3, Licht: 2","158928","3","4","6","12","16","3","","2","0","1","1","0"
"POINT (10.109647521000056 53.593356469000071)","Unfall 158929 (2023) Kat:3, Licht: 0","158929","3","2","4","12","13","3","","0","0","1","0","0"
"POINT (10.151389868000024 53.591000874000031)","Unfall 158930 (2023) Kat:3, Licht: 1","158930","3","2","5","12","07","3","","1","1","1","0","0"
"POINT (10.142197130000056 53.692411526000058)","Unfall 158931 (2023) Kat:2, Licht: 1","158931","2","2","3","12","07","3","","1","1","1","0","0"
"POINT (10.034032477000039 53.649331602000075)","Unfall 158932 (2023) Kat:3, Licht: 2","158932","3","2","6","12","16","3","","2","0","1","1","0"
"POINT (10.008020016000046 53.648174125000082)","Unfall 158933 (2023) Kat:3, Licht: 0","158933","3","6","2","12","10","3","","0","0","1","0","0"
"POINT (10.013337643000057 53.599957846000052)","Unfall 158935 (2023) Kat:3, Licht: 2","158935","3","2","3","12","07","3","","2","1","0","0","0"
"POINT (9.860854668000059 53.598001846000045)","Unfall 158936 (2023) Kat:3, Licht: 0","158936","3","2","6","12","08","3","","0","0","0","1","0"
"POINT (9.975614586000063 53.578789838000034)","Unfall 158938 (2023) Kat:3, Licht: 0","158938","3","3","5","12","12","3","","0","1","1","0","0"
"POINT (9.968348791000039 53.550028786000041)","Unfall 158939 (2023) Kat:2, Licht: 2","158939","2","4","6","12","18","3","","2","0","1","1","0"
"POINT (9.985783653000055 53.551056885000037)","Unfall 158940 (2023) Kat:3, Licht: 2","158940","3","7","3","12","19","3","","2","0","1","0","0"
"POINT (10.016309220000039 53.551989049000042)","Unfall 158941 (2023) Kat:3, Licht: 2","158941","3","4","6","12","18","3","","2","0","1","1","0"
"POINT (10.020570839000072 53.557294463000062)","Unfall 158942 (2023) Kat:3, Licht: 2","158942","3","2","6","12","18","3","","2","0","1","1","0"
"POINT (10.017745998000066 53.552897097000027)","Unfall 158943 (2023) Kat:3, Licht: 0","158943","3","3","5","12","13","3","","0","1","1","0","0"
"POINT (9.982605126000067 53.441624622000063)","Unfall 158944 (2023) Kat:3, Licht: 0","158944","3","5","1","12","14","2","","0","0","1","0","0"
"POINT (10.209408242000052 53.489951643000040)","Unfall 158945 (2023) Kat:3, Licht: 0","158945","3","7","0","12","13","2","","0","0","1","1","0"
"POINT (10.104952415000071 53.538747246000071)","Unfall 158946 (2023) Kat:3, Licht: 0","158946","3","6","2","12","13","2","","0","0","1","0","0"
"POINT (10.035714831000064 53.536054981000063)","Unfall 158947 (2023) Kat:3, Licht: 2","158947","3","3","6","12","07","2","","2","0","1","1","0"
"POINT (10.113798189000022 53.624796678000052)","Unfall 158948 (2023) Kat:3, Licht: 0","158948","3","2","0","12","10","2","","0","1","1","0","0"
"POINT (10.106336700000043 53.568435266000051)","Unfall 158949 (2023) Kat:3, Licht: 0","158949","3","5","5","12","11","2","","0","0","1","0","0"
"POINT (10.086413494000055 53.577585627000076)","Unfall 158950 (2023) Kat:3, Licht: 2","158950","3","6","3","12","19","2","","2","0","1","0","0"
"POINT (9.954542547000074 53.621190846000047)","Unfall 158951 (2023) Kat:3, Licht: 2","158951","3","3","6","12","17","2","","2","0","1","1","0"
"POINT (9.969881146000034 53.639154580000081)","Unfall 158952 (2023) Kat:3, Licht: 0","158952","3","5","1","12","13","2","","0","1","1","0","0"
"POINT (9.976520837000066 53.578142212000046)","Unfall 158954 (2023) Kat:3, Licht: 2","158954","3","3","5","12","23","2","","2","1","1","0","0"
"POINT (9.978685666000047 53.544301480000058)","Unfall 158955 (2023) Kat:3, Licht: 2","158955","3","7","0","12","17","2","","2","1","0","0","0"
"POINT (10.005789064000055 53.548639391000052)","Unfall 158956 (2023) Kat:3, Licht: 0","158956","3","6","3","12","12","1","","0","0","1","0","0"
"POINT (10.221151831000043 53.496308656000053)","Unfall 158958 (2023) Kat:3, Licht: 2","158958","3","1","8","12","00","7","","2","0","1","0","0"
"POINT (10.055142774000046 53.555442255000060)","Unfall 158959 (2023) Kat:3, Licht: 0","158959","3","6","2","12","12","7","","0","0","1","0","0"
"POINT (10.033697302000064 53.607582818000026)","Unfall 158961 (2023) Kat:3, Licht: 2","158961","3","6","2","12","23","7","","2","0","1","0","0"
"POINT (10.174985187000061 53.647759618000066)","Unfall 158962 (2023) Kat:3, Licht: 0","158962","3","1","0","12","14","7","","0","0","0","0","1"
"POINT (9.994709069000066 53.673773580000045)","Unfall 158963 (2023) Kat:3, Licht: 2","158963","3","4","6","12","16","7","","2","0","1","1","0"
"POINT (10.028508860000045 53.588428290000081)","Unfall 158964 (2023) Kat:3, Licht: 0","158964","3","5","1","12","14","7","","0","0","1","0","1"
"POINT (9.921504230000039 53.632166927000071)","Unfall 158965 (2023) Kat:3, Licht: 2","158965","3","1","0","12","18","7","","2","1","0","0","0"
"POINT (9.994017766000070 53.557565401000033)","Unfall 158966 (2023) Kat:3, Licht: 2","158966","3","6","2","12","17","7","","2","0","1","0","0"
"POINT (10.001495433000059 53.543487695000067)","Unfall 158967 (2023) Kat:3, Licht: 2","158967","3","1","8","12","02","7","","2","0","0","0","0"
"POINT (9.901399352000055 53.479356657000039)","Unfall 158968 (2023) Kat:3, Licht: 0","158968","3","3","5","12","12","6","","0","0","1","0","0"
"POINT (9.976815769000041 53.460520768000038)","Unfall 158969 (2023) Kat:3, Licht: 2","158969","3","3","5","12","19","6","","2","0","1","0","0"
"POINT (10.019837311000060 53.488929247000044)","Unfall 158970 (2023) Kat:3, Licht: 0","158970","3","6","2","12","07","6","","0","0","1","0","0"
"POINT (10.199289472000032 53.462930488000040)","Unfall 158971 (2023) Kat:3, Licht: 0","158971","3","6","1","12","13","6","","0","0","1","0","0"
"POINT (10.115745943000036 53.571023635000074)","Unfall 158972 (2023) Kat:3, Licht: 0","158972","3","2","3","12","09","6","","0","0","0","0","0"
"POINT (10.068038448000038 53.561909837000030)","Unfall 158973 (2023) Kat:3, Licht: 0","158973","3","5","1","12","12","6","","0","0","1","0","0"
"POINT (10.084289376000072 53.623384519000069)","Unfall 158974 (2023) Kat:3, Licht: 2","158974","3","4","6","12","23","6","","2","0","1","1","0"
"POINT (10.088339440000027 53.648641683000051)","Unfall 158975 (2023) Kat:3, Licht: 1","158975","3","5","0","12","17","6","","1","0","1","0","0"
"POINT (10.018938319000029 53.623709679000058)","Unfall 158976 (2023) Kat:3, Licht: 2","158976","3","3","5","12","17","6","","2","1","1","0","0"
"POINT (10.032925056000067 53.573728426000059)","Unfall 158977 (2023) Kat:3, Licht: 0","158977","3","4","6","12","12","6","","0","0","0","1","0"
"POINT (9.906996863000074 53.616175958000042)","Unfall 158978 (2023) Kat:3, Licht: 0","158978","3","2","6","12","08","6","","0","0","1","1","0"
"POINT (9.993925287000025 53.470198476000064)","Unfall 158979 (2023) Kat:3, Licht: 2","158979","3","2","4","12","06","5","","2","0","1","0","0"
"POINT (9.986179040000025 53.456179977000033)","Unfall 158980 (2023) Kat:3, Licht: 0","158980","3","4","6","12","16","5","","0","1","0","1","0"
"POINT (10.147499444000061 53.488522930000045)","Unfall 158982 (2023) Kat:2, Licht: 1","158982","2","4","6","12","07","5","","1","0","1","1","0"
"POINT (10.118005606000054 53.606924671000058)","Unfall 158984 (2023) Kat:3, Licht: 2","158984","3","4","6","12","17","5","","2","0","0","1","0"
"POINT (10.136364113000070 53.584357350000062)","Unfall 158985 (2023) Kat:2, Licht: 0","158985","2","4","6","12","14","5","","0","0","0","1","0"
"POINT (10.125555732000066 53.588779232000036)","Unfall 158986 (2023) Kat:3, Licht: 0","158986","3","2","5","12","14","5","","0","0","1","0","0"
"POINT (10.064465757000050 53.576864426000043)","Unfall 158987 (2023) Kat:3, Licht: 1","158987","3","2","6","12","16","5","","1","0","1","1","0"
"POINT (10.030511217000026 53.679954883000050)","Unfall 158988 (2023) Kat:3, Licht: 2","158988","3","2","6","12","06","5","","2","0","1","1","0"
"POINT (10.023340232000066 53.663784097000075)","Unfall 158989 (2023) Kat:3, Licht: 0","158989","3","6","2","12","12","5","","0","0","1","0","0"
"POINT (10.031323478000047 53.600545730000078)","Unfall 158990 (2023) Kat:3, Licht: 2","158990","3","6","4","12","19","5","","2","1","0","0","0"
"POINT (9.873598596000022 53.590833448000069)","Unfall 158991 (2023) Kat:3, Licht: 2","158991","3","2","3","12","17","5","","2","1","1","0","0"
"POINT (9.952120709000042 53.578676162000079)","Unfall 158992 (2023) Kat:3, Licht: 2","158992","3","3","5","12","19","5","","2","1","0","0","1"
"POINT (9.919215873000041 53.550985908000030)","Unfall 158993 (2023) Kat:3, Licht: 2","158993","3","7","0","12","16","5","","2","1","0","0","0"
"POINT (9.917903994000028 53.551063154000076)","Unfall 158995 (2023) Kat:3, Licht: 0","158995","3","3","5","12","13","5","","0","0","1","0","1"
"POINT (10.207044901000074 53.495018939000033)","Unfall 158996 (2023) Kat:2, Licht: 2","158996","2","2","4","12","22","7","","2","0","1","0","0"
"POINT (9.987901175000047 53.555460314000072)","Unfall 158997 (2023) Kat:3, Licht: 2","158997","3","6","0","12","18","5","","2","1","0","0","0"
"POINT (9.986503204000030 53.510487876000070)","Unfall 158998 (2023) Kat:3, Licht: 2","158998","3","2","6","12","07","4","","2","0","1","1","0"
"POINT (10.149831115000040 53.526206498000079)","Unfall 158999 (2023) Kat:3, Licht: 2","158999","3","4","6","12","17","4","","2","0","1","1","0"