WKT,Name,OBJECTID,UKATEGORIE,UTYP1,UART,UMONAT,USTUNDE,UWOCHENTAG,STRZUSTAND,ULICHTVERH,ISTRAD,ISTPKW,ISTFUSS,ISTKRAD
"POINT (10.081286374000058 53.641837875000078)","Unfall 159000 (2023) Kat:3, Licht: 0","159000","3","5","5","12","14","4","","0","0","1","0","0"
"POINT (10.118548410000074 53.647590234000063)","Unfall 159001 (2023) Kat:3, Licht: 0","159001","3","6","2","12","13","4","","0","0","1","0","0"
"POINT (10.042970560000072 53.597097945000030)","Unfall 159002 (2023) Kat:3, Licht: 0","159002","3","7","3","12","15","4","","0","0","1","0","0"
"POINT (9.931123761000038 53.601769731000047)","Unfall 159003 (2023) Kat:3, Licht: 0","159003","3","4","6","12","07","4","","0","0","0","1","1"
"POINT (9.921245876000057 53.556087208000065)","Unfall 159004 (2023) Kat:2, Licht: 2","159004","2","2","3","12","18","4","","2","1","1","0","0"
"POINT (9.984252578000053 53.555048899000042)","Unfall 159007 (2023) Kat:3, Licht: 2","159007","3","5","5","12","18","4","","2","1","1","0","0"
"POINT (10.006211207000035 53.548110126000040)","Unfall 159008 (2023) Kat:3, Licht: 2","159008","3","3","5","12","17","4","","2","0","1","0","0"
"POINT (9.969021112000064 53.512966333000065)","Unfall 159009 (2023) Kat:1, Licht: 0","159009","1","2","3","12","14","4","","0","1","0","0","0"
"POINT (9.987030352000033 53.513223760000074)","Unfall 159010 (2023) Kat:3, Licht: 2","159010","3","4","6","12","16","3","","2","0","1","1","0"
"POINT (10.090722191000054 53.512548995000031)","Unfall 159011 (2023) Kat:3, Licht: 2","159011","3","7","0","12","20","3","","2","0","0","0","0"
"POINT (10.138505587000054 53.461975100000075)","Unfall 159012 (2023) Kat:2, Licht: 0","159012","2","1","0","12","13","3","","0","1","0","0","0"
"POINT (10.108288151000068 53.537318623000033)","Unfall 159013 (2023) Kat:3, Licht: 0","159013","3","2","4","12","12","3","","0","0","1","0","0"
"POINT (10.142101810000042 53.628546137000058)","Unfall 159014 (2023) Kat:3, Licht: 0","159014","3","2","5","12","10","3","","0","0","0","0","0"
"POINT (10.040802945000053 53.602386331000048)","Unfall 159015 (2023) Kat:3, Licht: 0","159015","3","2","3","12","14","3","","0","1","0","0","0"
"POINT (10.056458818000067 53.569418624000036)","Unfall 159017 (2023) Kat:3, Licht: 2","159017","3","6","2","12","18","3","","2","0","1","0","0"
"POINT (10.031390754000029 53.559653090000040)","Unfall 159018 (2023) Kat:3, Licht: 0","159018","3","7","6","12","14","3","","0","0","1","1","0"
"POINT (9.826810022000075 53.565894502000049)","Unfall 159019 (2023) Kat:3, Licht: 0","159019","3","3","5","12","15","3","","0","1","1","0","0"
"POINT (9.939631713000040 53.592959660000076)","Unfall 159020 (2023) Kat:3, Licht: 2","159020","3","2","4","12","07","4","","2","1","1","0","0"
"POINT (9.858187367000028 53.591680007000036)","Unfall 159021 (2023) Kat:3, Licht: 0","159021","3","1","0","12","15","3","","0","0","0","0","0"
"POINT (9.918591397000057 53.566015872000037)","Unfall 159022 (2023) Kat:3, Licht: 0","159022","3","7","0","12","11","3","","0","0","0","0","0"
"POINT (9.934400445000051 53.555673630000058)","Unfall 159023 (2023) Kat:3, Licht: 1","159023","3","7","0","12","07","3","","1","1","1","0","0"
"POINT (9.987892828000042 53.581851110000059)","Unfall 159024 (2023) Kat:3, Licht: 2","159024","3","7","0","12","17","3","","2","1","0","0","0"
"POINT (9.993788634000055 53.579748803000030)","Unfall 159026 (2023) Kat:3, Licht: 0","159026","3","3","5","12","09","3","","0","0","1","0","0"
"POINT (9.980117352000036 53.568257631000051)","Unfall 159027 (2023) Kat:3, Licht: 1","159027","3","7","0","12","07","3","","1","1","0","0","0"
"POINT (9.989356116000067 53.558295873000077)","Unfall 159028 (2023) Kat:3, Licht: 0","159028","3","6","2","12","07","3","","0","0","1","0","0"
"POINT (10.000067427000033 53.557294311000078)","Unfall 159029 (2023) Kat:3, Licht: 1","159029","3","6","2","12","07","3","","1","0","1","0","0"
"POINT (10.015120826000043 53.522814093000079)","Unfall 159030 (2023) Kat:3, Licht: 1","159030","3","2","6","12","07","2","","1","0","1","1","0"
"POINT (10.015089895000074 53.522841578000055)","Unfall 159031 (2023) Kat:3, Licht: 2","159031","3","2","6","12","07","2","","2","0","0","1","0"
"POINT (10.022107357000039 53.517467064000073)","Unfall 159032 (2023) Kat:3, Licht: 0","159032","3","6","3","12","08","2","","0","0","1","0","0"
"POINT (10.055099763000044 53.555445720000080)","Unfall 159033 (2023) Kat:3, Licht: 0","159033","3","4","6","12","15","2","","0","0","1","1","0"
"POINT (10.065183787000024 53.578851430000043)","Unfall 159034 (2023) Kat:3, Licht: 2","159034","3","3","5","12","05","2","","2","0","1","0","0"
"POINT (10.088471924000032 53.663302332000058)","Unfall 159036 (2023) Kat:3, Licht: 0","159036","3","6","2","12","12","2","","0","0","0","0","0"
"POINT (10.012909422000064 53.642852840000046)","Unfall 159037 (2023) Kat:3, Licht: 0","159037","3","2","0","12","14","2","","0","0","1","0","1"
"POINT (10.013119573000040 53.601825112000029)","Unfall 159038 (2023) Kat:3, Licht: 0","159038","3","6","2","12","15","2","","0","0","1","0","0"
"POINT (10.031610323000052 53.596159592000049)","Unfall 159040 (2023) Kat:3, Licht: 0","159040","3","2","2","12","15","2","","0","0","1","0","0"
"POINT (10.047496912000042 53.572183539000036)","Unfall 159041 (2023) Kat:3, Licht: 0","159041","3","3","5","12","11","2","","0","0","1","0","0"
"POINT (9.891613110000037 53.602794340000059)","Unfall 159042 (2023) Kat:3, Licht: 0","159042","3","3","5","12","15","2","","0","0","1","0","0"
"POINT (9.845173055000032 53.557149829000082)","Unfall 159043 (2023) Kat:3, Licht: 1","159043","3","3","5","12","16","2","","1","0","1","0","0"
"POINT (9.862493552000046 53.597688184000049)","Unfall 159044 (2023) Kat:3, Licht: 2","159044","3","7","3","12","17","2","","2","0","1","0","0"
"POINT (9.951425191000055 53.623917084000027)","Unfall 159045 (2023) Kat:3, Licht: 2","159045","3","2","6","12","06","2","","2","0","1","1","0"
"POINT (9.958048862000055 53.570683425000027)","Unfall 159046 (2023) Kat:3, Licht: 0","159046","3","5","1","12","14","2","","0","0","1","0","0"
"POINT (10.077858962000050 53.589971029000026)","Unfall 159047 (2023) Kat:3, Licht: 0","159047","3","6","4","12","10","3","","0","0","1","0","0"
"POINT (9.984227114000021 53.584660977000055)","Unfall 159048 (2023) Kat:3, Licht: 0","159048","3","7","6","12","10","2","","0","0","1","1","0"
"POINT (9.990269032000072 53.602839929000027)","Unfall 159049 (2023) Kat:3, Licht: 0","159049","3","7","6","12","12","2","","0","0","1","1","0"
"POINT (9.967212188000076 53.549875289000056)","Unfall 159050 (2023) Kat:3, Licht: 0","159050","3","3","5","12","13","2","","0","1","1","0","0"
"POINT (10.177478336000036 53.487523813000053)","Unfall 159051 (2023) Kat:3, Licht: 0","159051","3","3","5","12","13","1","","0","0","1","0","0"
"POINT (10.107553491000033 53.542010789000074)","Unfall 159052 (2023) Kat:3, Licht: 2","159052","3","2","6","12","17","1","","2","0","0","1","0"
"POINT (10.057174911000061 53.554929534000053)","Unfall 159053 (2023) Kat:3, Licht: 2","159053","3","2","6","12","22","1","","2","0","1","1","0"
"POINT (10.057406188000073 53.554915589000075)","Unfall 159054 (2023) Kat:3, Licht: 0","159054","3","2","3","12","09","1","","0","0","1","0","0"
"POINT (10.065822166000032 53.571622900000079)","Unfall 159055 (2023) Kat:2, Licht: 2","159055","2","3","5","12","01","1","","2","0","1","0","0"
"POINT (10.008186442000067 53.627624227000069)","Unfall 159056 (2023) Kat:3, Licht: 2","159056","3","3","5","12","05","1","","2","0","1","0","0"
"POINT (10.025200517000030 53.605516508000051)","Unfall 159057 (2023) Kat:3, Licht: 0","159057","3","3","5","12","11","1","","0","0","1","0","0"
"POINT (9.948906419000025 53.558589328000039)","Unfall 159058 (2023) Kat:3, Licht: 2","159058","3","2","6","12","17","1","","2","0","1","1","0"
"POINT (10.077966970000034 53.550387305000072)","Unfall 159059 (2023) Kat:3, Licht: 2","159059","3","6","3","12","21","7","","2","0","1","0","0"
"POINT (10.146937499000046 53.618502032000038)","Unfall 159060 (2023) Kat:3, Licht: 2","159060","3","1","0","12","03","7","","2","0","1","0","0"
"POINT (9.907639728000049 53.606385035000073)","Unfall 159062 (2023) Kat:2, Licht: 2","159062","2","1","4","12","19","7","","2","0","1","0","0"
"POINT (9.879629066000064 53.565688608000073)","Unfall 159063 (2023) Kat:3, Licht: 0","159063","3","7","0","12","12","7","","0","1","0","0","0"
"POINT (10.008570464000059 53.553017066000052)","Unfall 159064 (2023) Kat:3, Licht: 0","159064","3","4","6","12","12","7","","0","0","1","1","0"
"POINT (9.986260454000046 53.507191410000075)","Unfall 159065 (2023) Kat:3, Licht: 0","159065","3","4","6","12","14","6","","0","0","1","1","0"
"POINT (10.058394947000068 53.552112412000042)","Unfall 159067 (2023) Kat:3, Licht: 0","159067","3","4","6","12","15","6","","0","0","1","1","0"
"POINT (10.134318892000067 53.621304609000049)","Unfall 159070 (2023) Kat:3, Licht: 2","159070","3","5","1","12","04","6","","2","0","1","0","0"
"POINT (10.064416461000064 53.586472575000073)","Unfall 159071 (2023) Kat:3, Licht: 2","159071","3","2","6","12","21","6","","2","0","1","1","0"
"POINT (10.064764021000030 53.586435148000078)","Unfall 159072 (2023) Kat:3, Licht: 2","159072","3","2","6","12","19","6","","2","0","1","1","0"
"POINT (10.013086258000044 53.644648342000039)","Unfall 159073 (2023) Kat:3, Licht: 2","159073","3","1","8","12","04","6","","2","0","1","0","0"
"POINT (10.017011880000041 53.564116535000039)","Unfall 159074 (2023) Kat:3, Licht: 0","159074","3","3","5","12","13","6","","0","0","1","0","0"
"POINT (10.048379264000062 53.588128403000042)","Unfall 159075 (2023) Kat:3, Licht: 2","159075","3","2","6","12","19","6","","2","0","1","1","0"
"POINT (9.950653187000057 53.565675522000049)","Unfall 159076 (2023) Kat:3, Licht: 0","159076","3","6","2","12","15","6","","0","0","1","0","0"
"POINT (9.968583237000075 53.557348407000063)","Unfall 159077 (2023) Kat:2, Licht: 2","159077","2","3","5","12","17","6","","2","1","1","0","0"
"POINT (10.102883237000071 53.558300418000044)","Unfall 159078 (2023) Kat:3, Licht: 0","159078","3","1","0","12","11","5","","0","1","0","0","0"
"POINT (10.069006668000043 53.571939014000066)","Unfall 159079 (2023) Kat:3, Licht: 2","159079","3","7","0","12","18","5","","2","0","0","0","0"
"POINT (10.084908295000048 53.587198432000037)","Unfall 159080 (2023) Kat:3, Licht: 0","159080","3","6","2","12","07","5","","0","0","1","0","0"
"POINT (10.125726755000073 53.669492347000073)","Unfall 159081 (2023) Kat:3, Licht: 2","159081","3","4","6","12","20","5","","2","0","1","1","0"
"POINT (9.849998228000061 53.557751907000068)","Unfall 159082 (2023) Kat:3, Licht: 0","159082","3","1","9","12","15","5","","0","0","1","0","0"
"POINT (9.978590354000062 53.596580739000046)","Unfall 159083 (2023) Kat:3, Licht: 2","159083","3","5","1","12","17","5","","2","1","1","0","0"
"POINT (9.955390283000042 53.549746232000075)","Unfall 159084 (2023) Kat:3, Licht: 0","159084","3","2","4","12","15","5","","0","0","1","0","0"
"POINT (9.928438822000032 53.556207076000078)","Unfall 159086 (2023) Kat:3, Licht: 0","159086","3","7","0","12","08","5","","0","1","0","0","0"
"POINT (9.977183480000065 53.564340335000054)","Unfall 159088 (2023) Kat:3, Licht: 2","159088","3","3","5","12","18","5","","2","0","1","0","0"
"POINT (9.974211626000056 53.569293066000057)","Unfall 159089 (2023) Kat:3, Licht: 0","159089","3","6","2","12","11","5","","0","0","1","0","0"
"POINT (9.986685901000044 53.510525029000064)","Unfall 159090 (2023) Kat:3, Licht: 2","159090","3","2","3","12","19","4","","2","1","0","0","0"
"POINT (10.211408417000030 53.513224730000047)","Unfall 159091 (2023) Kat:3, Licht: 1","159091","3","3","5","12","07","4","","1","1","0","0","0"
"POINT (10.012195462000022 53.622718993000035)","Unfall 159092 (2023) Kat:2, Licht: 1","159092","2","6","4","12","21","4","","1","0","1","0","0"
"POINT (9.813241386000072 53.562380310000037)","Unfall 159093 (2023) Kat:3, Licht: 0","159093","3","5","5","12","10","4","","0","1","0","0","0"
"POINT (9.812549846000024 53.563261481000040)","Unfall 159094 (2023) Kat:3, Licht: 0","159094","3","4","6","12","07","4","","0","0","0","1","0"
"POINT (9.943640262000031 53.599285163000047)","Unfall 159096 (2023) Kat:3, Licht: 0","159096","3","6","0","12","10","4","","0","0","1","0","0"
"POINT (9.874478388000057 53.497551960000067)","Unfall 159097 (2023) Kat:3, Licht: 1","159097","3","6","4","12","16","3","","1","0","1","0","0"
"POINT (9.916864167000028 53.495361194000054)","Unfall 159098 (2023) Kat:3, Licht: 0","159098","3","3","5","12","13","3","","0","0","1","0","0"
"POINT (10.116880767000055 53.558604639000066)","Unfall 159099 (2023) Kat:3, Licht: 2","159099","3","1","1","12","18","3","","2","0","1","0","0"
"POINT (10.116706171000033 53.608108516000073)","Unfall 159100 (2023) Kat:3, Licht: 0","159100","3","6","2","12","11","3","","0","0","1","0","0"
"POINT (10.137573468000028 53.628933549000067)","Unfall 159101 (2023) Kat:3, Licht: 2","159101","3","4","6","12","07","3","","2","0","0","1","0"
"POINT (10.129701325000042 53.638936796000053)","Unfall 159102 (2023) Kat:3, Licht: 2","159102","3","6","2","12","16","3","","2","0","1","0","0"
"POINT (10.079172516000028 53.567314651000061)","Unfall 159103 (2023) Kat:3, Licht: 0","159103","3","2","3","12","10","3","","0","0","1","0","0"
"POINT (10.124755302000040 53.655152032000046)","Unfall 159104 (2023) Kat:3, Licht: 2","159104","3","3","5","12","19","3","","2","1","1","0","0"
"POINT (9.914448827000058 53.566388257000028)","Unfall 159105 (2023) Kat:3, Licht: 0","159105","3","4","6","12","09","3","","0","0","1","1","0"
"POINT (10.004267403000028 53.554189770000050)","Unfall 159106 (2023) Kat:3, Licht: 0","159106","3","6","2","12","11","3","","0","0","1","0","0"
"POINT (9.984855666000044 53.456972483000072)","Unfall 159107 (2023) Kat:3, Licht: 2","159107","3","6","2","12","19","2","","2","0","1","0","0"
"POINT (10.137373749000062 53.600090885000043)","Unfall 159108 (2023) Kat:3, Licht: 1","159108","3","4","6","12","16","2","","1","0","1","1","0"
"POINT (10.121624374000021 53.578757179000036)","Unfall 159109 (2023) Kat:3, Licht: 2","159109","3","1","8","12","05","2","","2","0","1","0","0"
"POINT (10.069805519000056 53.574777320000067)","Unfall 159110 (2023) Kat:3, Licht: 2","159110","3","2","4","12","20","2","","2","0","1","0","0"
"POINT (9.889854344000071 53.570085317000064)","Unfall 159112 (2023) Kat:3, Licht: 0","159112","3","6","2","12","09","2","","0","0","1","0","0"
"POINT (9.880594517000077 53.584222142000044)","Unfall 159113 (2023) Kat:3, Licht: 0","159113","3","5","5","12","09","2","","0","0","1","0","0"
"POINT (9.941865152000048 53.599052846000063)","Unfall 159115 (2023) Kat:3, Licht: 2","159115","3","3","5","12","16","2","","2","0","1","0","0"
"POINT (10.010527482000043 53.550950416000035)","Unfall 159116 (2023) Kat:3, Licht: 0","159116","3","4","6","12","12","2","","0","0","1","1","0"
"POINT (10.121767260000070 53.605386647000046)","Unfall 159117 (2023) Kat:3, Licht: 2","159117","3","6","2","12","18","1","","2","0","1","0","0"
"POINT (10.122073420000049 53.593539450000037)","Unfall 159118 (2023) Kat:2, Licht: 2","159118","2","1","9","12","00","1","","2","0","1","0","0"
"POINT (10.075978904000067 53.591996824000034)","Unfall 159119 (2023) Kat:3, Licht: 2","159119","3","2","2","12","20","1","","2","0","1","0","0"
"POINT (10.093682695000041 53.637596880000046)","Unfall 159120 (2023) Kat:3, Licht: 2","159120","3","7","3","12","17","1","","2","0","1","0","0"
"POINT (10.013289265000026 53.628045967000048)","Unfall 159121 (2023) Kat:3, Licht: 0","159121","3","6","2","12","11","1","","0","0","1","0","0"
"POINT (9.888931397000022 53.600972002000049)","Unfall 159122 (2023) Kat:3, Licht: 2","159122","3","4","6","12","19","1","","2","0","1","1","0"
"POINT (9.992037387000039 53.551029069000037)","Unfall 159123 (2023) Kat:3, Licht: 2","159123","3","7","0","12","05","1","","2","1","0","0","0"
"POINT (9.997623548000035 53.552281004000065)","Unfall 159125 (2023) Kat:3, Licht: 2","159125","3","1","0","12","03","1","","2","0","0","0","0"
"POINT (10.176994994000040 53.609331583000028)","Unfall 159126 (2023) Kat:3, Licht: 0","159126","3","2","6","12","09","7","","0","0","1","1","0"
"POINT (10.084174680000046 53.577067274000058)","Unfall 159127 (2023) Kat:3, Licht: 0","159127","3","2","3","12","20","7","","0","0","1","0","0"
"POINT (10.000499064000053 53.621497529000067)","Unfall 159128 (2023) Kat:3, Licht: 2","159128","3","5","5","12","23","7","","2","0","1","0","0"
"POINT (10.019846668000071 53.613885688000039)","Unfall 159129 (2023) Kat:3, Licht: 0","159129","3","3","5","12","11","7","","0","0","1","0","0"
"POINT (10.058550776000061 53.593201187000034)","Unfall 159130 (2023) Kat:3, Licht: 2","159130","3","7","0","12","07","7","","2","0","0","0","0"
"POINT (9.836298656000054 53.559225273000038)","Unfall 159131 (2023) Kat:3, Licht: 2","159131","3","1","1","12","07","7","","2","0","1","0","0"
"POINT (9.903177051000057 53.568797951000079)","Unfall 159132 (2023) Kat:3, Licht: 0","159132","3","6","2","12","11","7","","0","0","1","0","0"
"POINT (10.108279648000064 53.537312610000072)","Unfall 159133 (2023) Kat:3, Licht: 2","159133","3","2","4","12","19","6","","2","0","1","0","0"
"POINT (10.053118519000066 53.561042774000043)","Unfall 159135 (2023) Kat:3, Licht: 0","159135","3","3","5","12","09","6","","0","1","1","0","0"
"POINT (10.026591841000027 53.553886015000046)","Unfall 159136 (2023) Kat:3, Licht: 1","159136","3","3","5","12","07","6","","1","1","1","0","0"
"POINT (10.120241369000041 53.606999794000046)","Unfall 159137 (2023) Kat:3, Licht: 0","159137","3","6","2","12","13","6","","0","0","1","0","0"
"POINT (10.172160742000074 53.642582222000044)","Unfall 159138 (2023) Kat:3, Licht: 1","159138","3","6","6","12","16","6","","1","1","0","1","0"
"POINT (9.946825997000076 53.561519077000071)","Unfall 159139 (2023) Kat:3, Licht: 2","159139","3","6","2","12","18","6","","2","0","1","0","0"
"POINT (9.997202027000071 53.572132016000069)","Unfall 159140 (2023) Kat:2, Licht: 2","159140","2","7","6","12","02","6","","2","0","1","1","0"
"POINT (10.008454955000047 53.553412693000041)","Unfall 159141 (2023) Kat:2, Licht: 0","159141","2","3","6","12","13","6","","0","0","1","1","0"
"POINT (10.153236138000068 53.597375756000076)","Unfall 159142 (2023) Kat:3, Licht: 0","159142","3","1","0","11","08","5","","0","1","0","0","0"
"POINT (10.026283564000039 53.670573121000075)","Unfall 159144 (2023) Kat:3, Licht: 0","159144","3","4","6","12","12","5","","0","0","1","1","0"
"POINT (10.094807642000035 53.582070854000051)","Unfall 159145 (2023) Kat:3, Licht: 2","159145","3","4","6","11","16","5","","2","0","1","1","0"
"POINT (10.092297808000069 53.654001217000030)","Unfall 159146 (2023) Kat:3, Licht: 0","159146","3","6","0","11","14","5","","0","0","0","0","0"
"POINT (10.003772014000049 53.677351792000081)","Unfall 159147 (2023) Kat:3, Licht: 0","159147","3","6","4","11","13","5","","0","1","1","0","0"
"POINT (10.025880169000061 53.632397746000038)","Unfall 159148 (2023) Kat:3, Licht: 0","159148","3","4","6","11","09","5","","0","0","1","1","0"
"POINT (10.011347169000032 53.581947574000026)","Unfall 159149 (2023) Kat:3, Licht: 0","159149","3","7","0","11","08","5","","0","1","0","0","0"
"POINT (10.019907851000028 53.589335884000036)","Unfall 159150 (2023) Kat:3, Licht: 0","159150","3","1","0","11","14","5","","0","1","0","0","0"
"POINT (10.040696168000068 53.579935749000072)","Unfall 159151 (2023) Kat:2, Licht: 0","159151","2","3","5","11","08","5","","0","0","1","0","0"
"POINT (9.914858397000046 53.601042994000068)","Unfall 159152 (2023) Kat:3, Licht: 1","159152","3","7","0","11","07","5","","1","1","0","0","0"
"POINT (9.823298869000041 53.560384760000034)","Unfall 159153 (2023) Kat:2, Licht: 2","159153","2","7","0","11","17","5","","2","1","0","0","0"
"POINT (9.914893110000037 53.582614716000080)","Unfall 159154 (2023) Kat:3, Licht: 0","159154","3","6","2","11","08","5","","0","0","1","0","0"
"POINT (9.868380995000052 53.609919837000064)","Unfall 159155 (2023) Kat:3, Licht: 0","159155","3","3","0","11","08","5","","0","0","1","0","0"
"POINT (9.955796863000046 53.579432785000051)","Unfall 159156 (2023) Kat:3, Licht: 1","159156","3","3","5","11","07","5","","1","1","1","0","0"
"POINT (9.955417171000022 53.549746780000078)","Unfall 159157 (2023) Kat:3, Licht: 2","159157","3","3","5","11","06","5","","2","0","1","0","0"
"POINT (9.961486685000068 53.549523524000051)","Unfall 159158 (2023) Kat:3, Licht: 2","159158","3","6","2","11","20","5","","2","0","1","0","0"
"POINT (9.988140421000026 53.556685417000040)","Unfall 159159 (2023) Kat:3, Licht: 2","159159","3","7","3","11","19","5","","2","0","1","0","0"
"POINT (10.006943017000026 53.548059321000039)","Unfall 159160 (2023) Kat:3, Licht: 0","159160","3","6","2","12","13","7","","0","0","1","0","0"
"POINT (10.010285894000049 53.648760383000081)","Unfall 159161 (2023) Kat:3, Licht: 0","159161","3","3","5","11","12","4","","0","0","1","0","0"
"POINT (9.900395609000043 53.609497850000082)","Unfall 159162 (2023) Kat:3, Licht: 2","159162","3","7","0","11","19","4","","2","1","0","0","0"
"POINT (9.902620121000041 53.545446415000072)","Unfall 159163 (2023) Kat:3, Licht: 2","159163","3","1","0","11","17","4","","2","0","0","0","1"
"POINT (9.952385836000076 53.646142748000045)","Unfall 159164 (2023) Kat:3, Licht: 0","159164","3","3","5","11","15","4","","0","1","1","0","0"
"POINT (9.961098660000061 53.583551928000077)","Unfall 159165 (2023) Kat:3, Licht: 0","159165","3","2","4","11","09","4","","0","1","1","0","0"
"POINT (9.959901648000027 53.572792520000064)","Unfall 159166 (2023) Kat:3, Licht: 0","159166","3","5","1","11","09","4","","0","1","1","0","0"
"POINT (9.952821898000025 53.550528607000047)","Unfall 159168 (2023) Kat:3, Licht: 0","159168","3","7","0","11","14","4","","0","1","0","0","0"
"POINT (9.994049976000042 53.552293615000053)","Unfall 159169 (2023) Kat:3, Licht: 2","159169","3","1","0","11","19","4","","2","0","0","0","0"
"POINT (10.020520852000061 53.479425438000078)","Unfall 159170 (2023) Kat:3, Licht: 2","159170","3","2","4","11","21","3","","2","0","1","0","0"
"POINT (10.021270945000026 53.519047552000075)","Unfall 159171 (2023) Kat:3, Licht: 2","159171","3","4","6","11","07","3","","2","1","0","1","0"
"POINT (10.161765897000066 53.604909091000081)","Unfall 159172 (2023) Kat:3, Licht: 2","159172","3","2","6","11","16","3","","2","0","1","1","0"
"POINT (10.191434171000026 53.609162836000053)","Unfall 159173 (2023) Kat:3, Licht: 2","159173","3","6","3","11","21","3","","2","0","1","0","0"
"POINT (10.103705412000068 53.679182036000043)","Unfall 159174 (2023) Kat:2, Licht: 0","159174","2","5","1","11","11","3","","0","0","1","0","0"
"POINT (10.017854401000022 53.654855272000077)","Unfall 159175 (2023) Kat:3, Licht: 0","159175","3","1","0","11","08","3","","0","1","0","0","0"
"POINT (10.030237534000037 53.606917377000059)","Unfall 159176 (2023) Kat:3, Licht: 2","159176","3","1","0","11","00","3","","2","0","0","0","1"
"POINT (10.033014367000021 53.582689847000040)","Unfall 159177 (2023) Kat:3, Licht: 0","159177","3","3","5","11","15","3","","0","1","0","0","0"
"POINT (10.044022518000077 53.591474715000061)","Unfall 159178 (2023) Kat:3, Licht: 0","159178","3","2","4","11","11","3","","0","0","1","0","0"
"POINT (9.905764629000032 53.607496672000082)","Unfall 159179 (2023) Kat:3, Licht: 2","159179","3","7","3","11","16","3","","2","0","1","0","0"
"POINT (9.875595835000070 53.588260791000039)","Unfall 159180 (2023) Kat:3, Licht: 2","159180","3","6","2","11","17","3","","2","0","1","0","0"
"POINT (9.949897502000056 53.576341418000027)","Unfall 159181 (2023) Kat:3, Licht: 2","159181","3","5","1","11","16","3","","2","1","1","0","0"
"POINT (9.973115099000040 53.556896200000040)","Unfall 159182 (2023) Kat:2, Licht: 2","159182","2","7","3","11","17","3","","2","0","1","0","1"
"POINT (9.965283902000067 53.471719629000063)","Unfall 159183 (2023) Kat:2, Licht: 0","159183","2","6","2","11","10","3","","0","0","1","0","0"
"POINT (9.873828049000053 53.474205436000034)","Unfall 159184 (2023) Kat:3, Licht: 2","159184","3","2","6","11","19","2","","2","0","1","1","0"
"POINT (9.983640270000024 53.431942283000069)","Unfall 159185 (2023) Kat:2, Licht: 0","159185","2","4","6","11","09","2","","0","0","1","1","0"
"POINT (10.201530198000057 53.488975641000081)","Unfall 159186 (2023) Kat:3, Licht: 0","159186","3","3","5","11","12","2","","0","1","1","0","0"
"POINT (10.188123006000069 53.490477070000054)","Unfall 159187 (2023) Kat:3, Licht: 0","159187","3","3","5","11","10","2","","0","1","1","0","0"
"POINT (10.065213108000023 53.530508233000035)","Unfall 159188 (2023) Kat:3, Licht: 0","159188","3","4","6","11","18","2","","0","0","1","1","0"
"POINT (10.032386145000032 53.551103639000075)","Unfall 159189 (2023) Kat:3, Licht: 0","159189","3","2","4","11","08","2","","0","1","1","0","0"
"POINT (10.128061104000039 53.579588106000074)","Unfall 159190 (2023) Kat:3, Licht: 2","159190","3","6","2","11","17","2","","2","0","1","0","0"
"POINT (10.033676564000075 53.620012845000076)","Unfall 159191 (2023) Kat:2, Licht: 2","159191","2","2","4","11","21","2","","2","0","0","0","1"
"POINT (10.014783695000062 53.590086681000059)","Unfall 159192 (2023) Kat:3, Licht: 2","159192","3","5","0","11","19","2","","2","0","1","0","1"
"POINT (9.986194619000059 53.575679201000071)","Unfall 159195 (2023) Kat:3, Licht: 0","159195","3","3","5","12","14","2","","0","1","1","0","0"
"POINT (10.046827535000034 53.583233581000059)","Unfall 159196 (2023) Kat:3, Licht: 2","159196","3","5","1","11","22","2","","2","0","1","0","0"
"POINT (10.043587806000062 53.581556710000029)","Unfall 159197 (2023) Kat:3, Licht: 2","159197","3","2","3","11","16","2","","2","0","0","0","0"
"POINT (9.903420921000077 53.608618343000046)","Unfall 159198 (2023) Kat:2, Licht: 2","159198","2","4","6","11","17","2","","2","0","1","1","0"
"POINT (9.907886213000040 53.566890604000037)","Unfall 159199 (2023) Kat:3, Licht: 0","159199","3","6","2","11","08","2","","0","0","1","0","0"
"POINT (9.951616960000024 53.550877321000030)","Unfall 159201 (2023) Kat:3, Licht: 2","159201","3","7","0","11","23","2","","2","1","0","0","0"
"POINT (9.943699207000066 53.565262077000057)","Unfall 159202 (2023) Kat:3, Licht: 0","159202","3","7","0","11","12","2","","0","0","0","0","0"
"POINT (9.977191285000060 53.564185494000071)","Unfall 159203 (2023) Kat:3, Licht: 2","159203","3","2","3","11","19","2","","2","1","1","0","0"
"POINT (9.953268048000041 53.546558206000043)","Unfall 159204 (2023) Kat:3, Licht: 2","159204","3","6","2","11","17","2","","2","0","1","0","0"
"POINT (9.994527858000026 53.557494200000065)","Unfall 159205 (2023) Kat:3, Licht: 2","159205","3","6","2","11","16","2","","2","0","1","0","1"
"POINT (10.006767770000067 53.551872406000030)","Unfall 159206 (2023) Kat:3, Licht: 0","159206","3","6","3","11","12","2","","0","0","1","0","0"
"POINT (10.209862082000029 53.422629120000067)","Unfall 159208 (2023) Kat:3, Licht: 2","159208","3","7","0","11","04","1","","2","0","1","0","0"