WKT,Name,OBJECTID,UKATEGORIE,UTYP1,UART,UMONAT,USTUNDE,UWOCHENTAG,STRZUSTAND,ULICHTVERH,ISTRAD,ISTPKW,ISTFUSS,ISTKRAD
"POINT (10.047226897000030 53.561253723000050)","Unfall 159209 (2023) Kat:3, Licht: 2","159209","3","5","1","11","02","1","","2","0","1","0","0"
"POINT (10.050735238000073 53.601184973000045)","Unfall 159211 (2023) Kat:3, Licht: 0","159211","3","2","6","11","15","1","","0","0","1","1","0"
"POINT (10.013311922000071 53.639904398000056)","Unfall 159212 (2023) Kat:3, Licht: 0","159212","3","2","4","11","13","1","","0","0","1","0","0"
"POINT (10.229274874000055 53.445025537000049)","Unfall 159213 (2023) Kat:3, Licht: 0","159213","3","3","5","11","13","7","","0","1","1","0","0"
"POINT (10.185142416000076 53.486465648000035)","Unfall 159214 (2023) Kat:2, Licht: 0","159214","2","1","0","11","15","7","","0","1","0","0","0"
"POINT (10.098177412000041 53.541526818000079)","Unfall 159215 (2023) Kat:3, Licht: 0","159215","3","7","2","11","14","7","","0","0","1","0","0"
"POINT (10.080896798000026 53.559782851000080)","Unfall 159217 (2023) Kat:3, Licht: 0","159217","3","4","6","11","13","7","","0","1","0","1","0"
"POINT (10.118081118000021 53.545011949000070)","Unfall 159218 (2023) Kat:3, Licht: 2","159218","3","1","8","11","05","7","","2","0","1","0","0"
"POINT (10.078450348000047 53.556777442000055)","Unfall 159219 (2023) Kat:3, Licht: 2","159219","3","6","2","11","21","7","","2","0","1","0","0"
"POINT (10.146641087000035 53.525050304000047)","Unfall 159220 (2023) Kat:3, Licht: 2","159220","3","6","3","11","18","7","","2","0","0","0","1"
"POINT (10.118926453000029 53.585202822000042)","Unfall 159221 (2023) Kat:3, Licht: 2","159221","3","2","5","11","22","7","","2","0","1","0","0"
"POINT (10.180726907000064 53.604183027000033)","Unfall 159222 (2023) Kat:3, Licht: 0","159222","3","7","6","11","14","7","","0","0","0","1","0"
"POINT (10.149445039000057 53.615587497000035)","Unfall 159223 (2023) Kat:3, Licht: 0","159223","3","3","5","11","10","7","","0","0","1","0","0"
"POINT (10.087255195000068 53.622697227000060)","Unfall 159224 (2023) Kat:3, Licht: 2","159224","3","6","1","11","18","7","","2","0","1","0","0"
"POINT (10.014014982000049 53.638593548000074)","Unfall 159225 (2023) Kat:3, Licht: 0","159225","3","6","2","11","13","7","","0","0","1","0","0"
"POINT (9.921968018000030 53.591523854000059)","Unfall 159226 (2023) Kat:3, Licht: 0","159226","3","6","2","11","12","7","","0","0","1","0","0"
"POINT (9.932809541000040 53.596821881000039)","Unfall 159227 (2023) Kat:3, Licht: 2","159227","3","7","0","11","21","7","","2","1","0","0","0"
"POINT (9.752981611000052 53.577453478000052)","Unfall 159228 (2023) Kat:3, Licht: 0","159228","3","3","0","11","15","7","","0","1","0","0","0"
"POINT (9.951022512000065 53.565764330000036)","Unfall 159229 (2023) Kat:3, Licht: 2","159229","3","6","3","11","22","7","","2","0","1","0","0"
"POINT (9.946749783000030 53.462207563000050)","Unfall 159230 (2023) Kat:3, Licht: 0","159230","3","3","5","11","14","6","","0","0","1","0","0"
"POINT (10.013644055000043 53.483175129000074)","Unfall 159231 (2023) Kat:3, Licht: 2","159231","3","1","9","11","23","6","","2","0","1","0","0"
"POINT (10.018659648000039 53.484663375000082)","Unfall 159232 (2023) Kat:3, Licht: 2","159232","3","5","1","11","23","6","","2","0","1","0","0"
"POINT (10.019507420000025 53.489993074000040)","Unfall 159233 (2023) Kat:3, Licht: 2","159233","3","7","3","11","16","6","","2","0","1","0","0"
"POINT (10.181532948000040 53.483541285000058)","Unfall 159234 (2023) Kat:2, Licht: 0","159234","2","2","4","11","15","6","","0","0","1","0","0"
"POINT (10.020766587000026 53.550483261000068)","Unfall 159235 (2023) Kat:3, Licht: 2","159235","3","3","5","11","21","6","","2","0","1","0","0"
"POINT (10.028928985000050 53.552399049000030)","Unfall 159236 (2023) Kat:3, Licht: 0","159236","3","6","2","11","14","6","","0","0","1","0","0"
"POINT (10.035871505000046 53.558328764000066)","Unfall 159237 (2023) Kat:3, Licht: 0","159237","3","4","6","11","10","6","","0","1","0","1","0"
"POINT (10.153570696000031 53.611642567000047)","Unfall 159238 (2023) Kat:3, Licht: 0","159238","3","2","3","11","11","6","","0","1","1","0","0"
"POINT (10.088975350000055 53.577915129000075)","Unfall 159239 (2023) Kat:3, Licht: 0","159239","3","5","1","11","16","6","","0","0","1","0","0"
"POINT (10.079573836000066 53.572793575000048)","Unfall 159240 (2023) Kat:3, Licht: 1","159240","3","2","6","11","16","6","","1","0","1","1","0"
"POINT (10.056021262000058 53.608600317000082)","Unfall 159242 (2023) Kat:3, Licht: 2","159242","3","7","0","11","01","6","","2","0","0","0","0"
"POINT (10.036039865000021 53.639544897000064)","Unfall 159243 (2023) Kat:3, Licht: 0","159243","3","6","2","11","08","6","","0","0","1","0","0"
"POINT (10.036028458000033 53.639345524000078)","Unfall 159244 (2023) Kat:3, Licht: 0","159244","3","5","5","11","08","6","","0","1","1","0","0"
"POINT (10.030231721000064 53.626107527000045)","Unfall 159245 (2023) Kat:3, Licht: 1","159245","3","2","4","11","16","6","","1","1","1","0","0"
"POINT (10.047837033000064 53.582649449000030)","Unfall 159246 (2023) Kat:3, Licht: 2","159246","3","7","0","11","18","6","","2","1","0","1","0"
"POINT (9.979417599000044 53.606868700000064)","Unfall 159247 (2023) Kat:3, Licht: 2","159247","3","6","2","11","22","6","","2","0","1","0","0"
"POINT (9.984702748000075 53.583382508000057)","Unfall 159248 (2023) Kat:3, Licht: 0","159248","3","6","2","11","15","6","","0","0","1","0","0"
"POINT (9.965705238000055 53.565702631000079)","Unfall 159249 (2023) Kat:3, Licht: 2","159249","3","4","6","11","18","6","","2","0","1","1","0"
"POINT (9.967427066000027 53.557362285000067)","Unfall 159250 (2023) Kat:3, Licht: 2","159250","3","6","2","11","22","6","","2","0","1","0","1"
"POINT (10.006439242000056 53.548940333000075)","Unfall 159251 (2023) Kat:3, Licht: 0","159251","3","6","6","11","12","6","","0","0","0","1","0"
"POINT (9.977164468000069 53.459867078000059)","Unfall 159252 (2023) Kat:3, Licht: 0","159252","3","6","2","11","14","5","","0","0","1","0","0"
"POINT (10.086620965000066 53.550333020000039)","Unfall 159253 (2023) Kat:3, Licht: 2","159253","3","2","6","11","21","5","","2","0","1","1","0"
"POINT (10.099581575000059 53.539084223000032)","Unfall 159254 (2023) Kat:3, Licht: 2","159254","3","6","3","11","17","5","","2","0","1","0","0"
"POINT (10.017567494000048 53.549010005000071)","Unfall 159255 (2023) Kat:3, Licht: 0","159255","3","6","2","11","10","5","","0","0","1","0","0"
"POINT (10.141580062000060 53.583973504000028)","Unfall 159256 (2023) Kat:3, Licht: 1","159256","3","2","6","11","16","5","","1","0","1","1","0"
"POINT (10.176822036000033 53.604174245000081)","Unfall 159257 (2023) Kat:3, Licht: 2","159257","3","1","0","11","06","5","","2","0","0","0","0"
"POINT (10.103626322000025 53.634142941000050)","Unfall 159258 (2023) Kat:3, Licht: 2","159258","3","7","0","11","20","5","","2","0","0","0","0"
"POINT (10.064932908000060 53.655188921000047)","Unfall 159259 (2023) Kat:3, Licht: 2","159259","3","3","5","11","08","5","","2","1","1","0","0"
"POINT (10.094849776000046 53.639231047000067)","Unfall 159260 (2023) Kat:3, Licht: 1","159260","3","2","5","11","07","5","","1","0","1","0","0"
"POINT (10.108825133000039 53.648144942000044)","Unfall 159261 (2023) Kat:3, Licht: 0","159261","3","7","6","11","16","5","","0","0","1","1","0"
"POINT (10.025822615000038 53.669621560000053)","Unfall 159262 (2023) Kat:3, Licht: 0","159262","3","2","6","11","13","5","","0","0","1","1","0"
"POINT (10.002055370000051 53.673297120000029)","Unfall 159263 (2023) Kat:3, Licht: 2","159263","3","6","6","11","05","5","","2","1","0","1","0"
"POINT (10.000773982000055 53.672415061000038)","Unfall 159264 (2023) Kat:3, Licht: 0","159264","3","3","6","11","15","5","","0","0","1","1","0"
"POINT (10.013638825000044 53.600482252000063)","Unfall 159265 (2023) Kat:3, Licht: 1","159265","3","5","1","11","07","5","","1","0","1","0","0"
"POINT (10.015555592000055 53.562687568000058)","Unfall 159266 (2023) Kat:3, Licht: 2","159266","3","3","5","11","23","5","","2","0","1","0","0"
"POINT (9.925662177000049 53.600455842000031)","Unfall 159268 (2023) Kat:3, Licht: 0","159268","3","7","1","11","07","5","","0","1","1","0","0"
"POINT (9.890554432000044 53.612742337000043)","Unfall 159269 (2023) Kat:3, Licht: 0","159269","3","3","5","11","07","5","","0","1","1","0","0"
"POINT (9.930386588000033 53.592336892000048)","Unfall 159270 (2023) Kat:3, Licht: 0","159270","3","6","2","11","14","5","","0","0","1","0","0"
"POINT (9.874268768000036 53.587485366000067)","Unfall 159271 (2023) Kat:3, Licht: 2","159271","3","7","0","11","16","5","","2","1","0","0","0"
"POINT (9.950320280000028 53.574476758000060)","Unfall 159272 (2023) Kat:3, Licht: 1","159272","3","6","0","11","07","5","","1","1","1","0","0"
"POINT (9.981921200000045 53.564157712000053)","Unfall 159273 (2023) Kat:3, Licht: 2","159273","3","6","2","11","19","5","","2","0","1","0","0"
"POINT (9.984950248000075 53.563892902000077)","Unfall 159274 (2023) Kat:3, Licht: 2","159274","3","6","2","11","17","5","","2","0","1","0","0"
"POINT (9.989189167000063 53.581462299000066)","Unfall 159275 (2023) Kat:3, Licht: 0","159275","3","3","5","11","09","5","","0","1","1","0","0"
"POINT (9.973333157000070 53.574209985000039)","Unfall 159276 (2023) Kat:3, Licht: 2","159276","3","7","0","11","19","5","","2","1","0","0","0"
"POINT (10.052775122000071 53.588095324000051)","Unfall 159277 (2023) Kat:3, Licht: 2","159277","3","3","5","11","18","5","","2","1","1","0","0"
"POINT (9.957581523000044 53.557013463000033)","Unfall 159278 (2023) Kat:3, Licht: 0","159278","3","2","3","11","15","5","","0","1","1","0","0"
"POINT (9.959647208000035 53.552883567000038)","Unfall 159279 (2023) Kat:3, Licht: 0","159279","3","7","0","11","09","2","","0","1","0","0","0"
"POINT (10.004673650000029 53.540824788000066)","Unfall 159280 (2023) Kat:3, Licht: 2","159280","3","1","0","11","01","5","","2","1","0","0","0"
"POINT (10.010541404000037 53.550952355000049)","Unfall 159282 (2023) Kat:3, Licht: 2","159282","3","4","6","11","17","5","","2","0","1","1","0"
"POINT (10.011441662000038 53.441196229000070)","Unfall 159283 (2023) Kat:2, Licht: 0","159283","2","7","0","11","13","4","","0","1","0","0","0"
"POINT (9.992170709000050 53.482148972000061)","Unfall 159284 (2023) Kat:3, Licht: 0","159284","3","7","0","11","10","4","","0","0","1","0","0"
"POINT (10.160507725000059 53.625517249000040)","Unfall 159285 (2023) Kat:3, Licht: 0","159285","3","2","6","11","07","4","","0","0","1","1","0"
"POINT (10.077046676000066 53.616449540000076)","Unfall 159286 (2023) Kat:3, Licht: 2","159286","3","7","0","11","22","4","","2","1","0","0","0"
"POINT (10.128626257000064 53.670972472000074)","Unfall 159287 (2023) Kat:3, Licht: 2","159287","3","6","2","11","17","4","","2","0","1","0","0"
"POINT (10.010103051000044 53.615306475000068)","Unfall 159289 (2023) Kat:3, Licht: 2","159289","3","3","5","11","17","4","","2","1","1","0","0"
"POINT (10.012498843000060 53.587531362000050)","Unfall 159290 (2023) Kat:3, Licht: 0","159290","3","1","0","11","11","4","","0","1","0","0","0"
"POINT (9.997710829000027 53.588200180000058)","Unfall 159291 (2023) Kat:3, Licht: 2","159291","3","3","5","11","21","4","","2","1","1","0","0"
"POINT (10.008293138000056 53.497711287000072)","Unfall 262984 (2023) Kat:3, Licht: 1","262984","3","6","4","01","07","5","","1","1","0","0","0"
"POINT (9.955179567000073 53.495414447000030)","Unfall 262985 (2023) Kat:3, Licht: 0","262985","3","1","0","01","07","5","","0","1","0","0","0"
"POINT (9.951395840000032 53.546956855000076)","Unfall 262986 (2023) Kat:3, Licht: 2","262986","3","7","0","01","07","5","","2","1","0","0","0"
"POINT (9.905770822000022 53.639596535000067)","Unfall 262987 (2023) Kat:3, Licht: 0","262987","3","7","0","02","14","4","","0","1","0","0","0"
"POINT (10.064927722000050 53.554213112000070)","Unfall 262988 (2023) Kat:2, Licht: 2","262988","2","7","0","02","19","4","","2","1","0","0","0"
"POINT (10.124337718000049 53.609691969000039)","Unfall 262989 (2023) Kat:3, Licht: 0","262989","3","6","6","02","15","6","","0","1","0","1","0"
"POINT (9.969351923000033 53.575419779000072)","Unfall 262990 (2023) Kat:3, Licht: 0","262990","3","6","0","02","14","7","","0","1","0","0","0"
"POINT (10.009864345000040 53.497637898000050)","Unfall 262991 (2023) Kat:3, Licht: 0","262991","3","1","0","02","07","5","","0","1","0","0","0"
"POINT (9.990873897000029 53.503781541000080)","Unfall 262992 (2023) Kat:3, Licht: 0","262992","3","7","0","02","11","3","","0","1","0","0","0"
"POINT (10.017611507000026 53.558694115000037)","Unfall 262993 (2023) Kat:3, Licht: 0","262993","3","7","1","02","08","4","","0","1","1","0","0"
"POINT (10.021355472000039 53.591248801000063)","Unfall 262994 (2023) Kat:3, Licht: 0","262994","3","7","0","02","16","7","","0","1","0","0","0"
"POINT (10.011120958000049 53.596421835000058)","Unfall 262995 (2023) Kat:3, Licht: 0","262995","3","7","0","03","16","4","","0","1","0","0","0"
"POINT (10.015382591000048 53.563191943000049)","Unfall 262996 (2023) Kat:3, Licht: 0","262996","3","6","3","03","08","3","","0","1","0","0","0"
"POINT (9.991724816000044 53.600678413000082)","Unfall 262997 (2023) Kat:3, Licht: 0","262997","3","7","0","03","17","4","","0","1","0","0","0"
"POINT (9.997486291000030 53.561592966000035)","Unfall 262998 (2023) Kat:3, Licht: 0","262998","3","1","0","03","11","2","","0","1","0","0","0"
"POINT (10.012214132000054 53.649327781000068)","Unfall 262999 (2023) Kat:3, Licht: 0","262999","3","5","5","03","12","7","","0","1","1","0","0"
"POINT (10.017025722000028 53.559022638000044)","Unfall 263000 (2023) Kat:3, Licht: 0","263000","3","5","5","03","11","2","","0","1","1","0","0"
"POINT (10.035031974000049 53.568728762000035)","Unfall 263001 (2023) Kat:2, Licht: 0","263001","2","7","0","04","08","2","","0","1","0","0","0"
"POINT (10.175226685000041 53.478243151000072)","Unfall 263002 (2023) Kat:3, Licht: 0","263002","3","1","0","04","13","2","","0","1","0","0","0"
"POINT (9.999583709000035 53.546752420000075)","Unfall 263003 (2023) Kat:3, Licht: 0","263003","3","6","4","04","12","2","","0","1","0","0","0"
"POINT (10.135402002000035 53.563108513000032)","Unfall 263004 (2023) Kat:3, Licht: 0","263004","3","6","6","04","15","7","","0","1","0","1","0"
"POINT (10.143519685000058 53.575125798000045)","Unfall 263005 (2023) Kat:1, Licht: 0","263005","1","7","0","04","18","7","","0","1","0","0","0"
"POINT (9.968249016000073 53.469397156000070)","Unfall 263006 (2023) Kat:3, Licht: 0","263006","3","7","0","04","13","7","","0","1","0","0","0"
"POINT (10.181944964000024 53.412434960000041)","Unfall 263007 (2023) Kat:3, Licht: 0","263007","3","7","0","04","16","1","","0","1","0","0","0"
"POINT (10.146222437000063 53.486044499000059)","Unfall 263008 (2023) Kat:2, Licht: 0","263008","2","7","0","05","15","2","","0","1","0","0","0"
"POINT (9.934735315000069 53.547448617000043)","Unfall 263009 (2023) Kat:3, Licht: 0","263009","3","7","0","05","19","3","","0","1","0","0","0"
"POINT (10.036130717000049 53.569261524000069)","Unfall 263010 (2023) Kat:3, Licht: 0","263010","3","7","0","05","07","3","","0","1","0","0","0"
"POINT (10.216955417000065 53.403496868000047)","Unfall 263011 (2023) Kat:3, Licht: 0","263011","3","3","5","05","17","4","","0","1","0","0","0"
"POINT (9.932767808000051 53.632350189000078)","Unfall 263012 (2023) Kat:3, Licht: 1","263012","3","6","4","05","06","5","","1","1","0","0","0"
"POINT (9.903077002000032 53.574057881000044)","Unfall 263013 (2023) Kat:3, Licht: 0","263013","3","3","5","05","12","2","","0","1","0","0","0"
"POINT (9.954301383000029 53.569720958000062)","Unfall 263014 (2023) Kat:3, Licht: 0","263014","3","3","5","05","18","4","","0","1","0","0","0"
"POINT (9.991821752000021 53.600859439000033)","Unfall 263015 (2023) Kat:3, Licht: 0","263015","3","7","0","05","08","5","","0","1","0","0","0"
"POINT (10.136840328000062 53.627405952000061)","Unfall 263016 (2023) Kat:2, Licht: 0","263016","2","1","0","05","15","5","","0","1","0","0","0"
"POINT (10.163673943000049 53.613005433000069)","Unfall 263017 (2023) Kat:3, Licht: 0","263017","3","4","6","05","16","6","","0","1","0","1","0"
"POINT (10.005681264000032 53.593150054000034)","Unfall 263018 (2023) Kat:3, Licht: 0","263018","3","1","0","05","15","2","","0","1","0","0","0"
"POINT (10.031050663000030 53.642361264000044)","Unfall 263019 (2023) Kat:3, Licht: 0","263019","3","1","0","05","09","3","","0","1","0","0","0"
"POINT (10.123217701000044 53.613795516000039)","Unfall 263020 (2023) Kat:3, Licht: 0","263020","3","7","0","05","20","5","","0","1","0","0","0"
"POINT (10.027777529000048 53.537256293000041)","Unfall 263021 (2023) Kat:3, Licht: 1","263021","3","6","3","05","20","5","","1","1","0","0","0"
"POINT (10.120327138000050 53.630140282000070)","Unfall 263022 (2023) Kat:3, Licht: 0","263022","3","6","2","05","17","6","","0","1","0","0","0"
"POINT (10.113279576000025 53.587381074000064)","Unfall 263023 (2023) Kat:3, Licht: 0","263023","3","7","0","05","17","1","","0","1","0","0","0"
"POINT (9.996657619000075 53.489760494000052)","Unfall 263024 (2023) Kat:3, Licht: 2","263024","3","7","7","05","22","2","","2","1","0","0","0"
"POINT (10.043349981000063 53.645187628000031)","Unfall 263025 (2023) Kat:3, Licht: 0","263025","3","7","0","05","17","7","","0","1","0","0","0"
"POINT (10.119812475000060 53.594776534000061)","Unfall 263026 (2023) Kat:3, Licht: 0","263026","3","7","0","05","10","2","","0","1","0","0","0"
"POINT (9.862981961000060 53.575285141000052)","Unfall 263027 (2023) Kat:3, Licht: 0","263027","3","6","6","05","18","3","","0","1","0","1","0"
"POINT (9.935736214000030 53.590009272000032)","Unfall 263028 (2023) Kat:3, Licht: 0","263028","3","1","0","05","18","3","","0","1","0","0","0"
"POINT (10.004096852000032 53.598886689000039)","Unfall 263029 (2023) Kat:3, Licht: 0","263029","3","5","1","05","16","3","","0","1","1","0","0"
"POINT (9.995748596000055 53.558903731000044)","Unfall 263030 (2023) Kat:2, Licht: 0","263030","2","4","6","05","18","4","","0","1","0","1","0"
"POINT (10.098022292000053 53.612047690000054)","Unfall 263031 (2023) Kat:3, Licht: 0","263031","3","6","4","05","16","4","","0","1","0","0","0"
"POINT (10.014338039000052 53.599068689000035)","Unfall 263032 (2023) Kat:3, Licht: 0","263032","3","1","0","06","10","5","","0","1","0","0","0"
"POINT (10.207695030000025 53.629932595000071)","Unfall 263033 (2023) Kat:3, Licht: 0","263033","3","6","2","06","17","5","","0","1","0","0","0"
"POINT (10.063113412000064 53.610596344000044)","Unfall 263034 (2023) Kat:3, Licht: 0","263034","3","1","0","06","07","6","","0","1","0","0","0"
"POINT (10.216975220000052 53.498833358000070)","Unfall 263035 (2023) Kat:3, Licht: 0","263035","3","6","4","06","13","6","","0","1","0","0","0"
"POINT (10.150191570000061 53.508130386000062)","Unfall 263036 (2023) Kat:3, Licht: 0","263036","3","6","2","06","17","6","","0","1","0","0","0"
"POINT (10.114852191000068 53.581718276000061)","Unfall 263037 (2023) Kat:3, Licht: 0","263037","3","7","0","06","12","7","","0","1","0","0","0"
"POINT (9.947344349000048 53.581576597000037)","Unfall 263038 (2023) Kat:3, Licht: 0","263038","3","2","3","06","16","1","","0","1","0","0","0"
"POINT (9.852204729000050 53.548911257000043)","Unfall 263039 (2023) Kat:3, Licht: 0","263039","3","7","0","06","14","1","","0","1","0","0","0"
"POINT (10.083657764000066 53.647107528000049)","Unfall 263040 (2023) Kat:3, Licht: 0","263040","3","1","0","06","10","1","","0","1","0","0","0"
"POINT (10.172727041000030 53.489500903000078)","Unfall 263041 (2023) Kat:3, Licht: 0","263041","3","6","0","06","16","2","","0","1","0","0","0"
"POINT (9.997978056000022 53.478508678000082)","Unfall 263042 (2023) Kat:3, Licht: 0","263042","3","6","4","06","20","3","","0","1","0","0","0"
"POINT (10.025465523000037 53.582781439000030)","Unfall 263043 (2023) Kat:3, Licht: 0","263043","3","7","0","06","18","5","","0","1","0","0","0"
"POINT (10.095249223000053 53.597210899000061)","Unfall 263044 (2023) Kat:2, Licht: 0","263044","2","1","0","06","11","5","","0","1","0","0","0"
"POINT (10.006352444000072 53.558441094000045)","Unfall 263045 (2023) Kat:3, Licht: 0","263045","3","6","4","06","10","6","","0","1","0","0","0"
"POINT (10.034164076000025 53.632363865000059)","Unfall 263046 (2023) Kat:3, Licht: 0","263046","3","7","0","06","12","6","","0","1","0","0","0"
"POINT (10.042607115000067 53.632682930000044)","Unfall 263047 (2023) Kat:3, Licht: 0","263047","3","7","0","06","12","7","","0","1","0","0","0"
"POINT (10.062071493000076 53.545300601000065)","Unfall 263048 (2023) Kat:2, Licht: 0","263048","2","7","0","06","19","7","","0","1","0","0","0"
"POINT (10.010844320000047 53.519436708000057)","Unfall 263049 (2023) Kat:2, Licht: 2","263049","2","1","0","06","23","7","","2","1","0","0","0"
"POINT (9.944476685000041 53.610273615000040)","Unfall 263050 (2023) Kat:3, Licht: 0","263050","3","5","1","06","15","1","","0","1","0","0","0"
"POINT (9.799272519000056 53.574784345000069)","Unfall 263051 (2023) Kat:3, Licht: 0","263051","3","7","0","06","09","1","","0","1","0","0","0"
"POINT (10.151943563000032 53.511047682000026)","Unfall 263052 (2023) Kat:3, Licht: 0","263052","3","7","8","06","16","1","","0","1","0","0","0"
"POINT (9.984841938000045 53.507771386000059)","Unfall 263053 (2023) Kat:3, Licht: 0","263053","3","1","9","06","06","1","","0","1","0","0","0"
"POINT (10.023479225000074 53.593907662000049)","Unfall 263054 (2023) Kat:3, Licht: 0","263054","3","6","3","06","19","2","","0","1","0","0","0"
"POINT (10.146280236000052 53.502045814000041)","Unfall 263055 (2023) Kat:3, Licht: 0","263055","3","7","0","06","14","2","","0","1","0","1","0"
"POINT (10.009140722000041 53.638912024000035)","Unfall 263056 (2023) Kat:3, Licht: 0","263056","3","7","0","06","16","3","","0","1","0","0","0"
"POINT (10.254840951000062 53.424754461000077)","Unfall 263057 (2023) Kat:2, Licht: 1","263057","2","6","0","06","19","3","","1","1","0","0","0"
"POINT (10.028556225000045 53.625879589000078)","Unfall 263058 (2023) Kat:3, Licht: 0","263058","3","1","0","06","06","4","","0","1","0","0","0"
"POINT (9.997853319000058 53.502467525000043)","Unfall 263059 (2023) Kat:3, Licht: 0","263059","3","6","3","06","17","4","","0","1","0","0","0"
"POINT (9.937318426000047 53.585489637000080)","Unfall 263060 (2023) Kat:3, Licht: 0","263060","3","7","0","06","08","5","","0","1","0","0","0"
"POINT (10.034656833000042 53.619365563000031)","Unfall 263061 (2023) Kat:3, Licht: 0","263061","3","7","0","06","19","5","","0","1","0","0","0"
"POINT (10.179564521000032 53.486402253000051)","Unfall 263062 (2023) Kat:3, Licht: 0","263062","3","1","0","06","15","5","","0","1","0","0","0"
"POINT (10.225425968000025 53.460705219000033)","Unfall 263063 (2023) Kat:3, Licht: 0","263063","3","7","0","06","10","6","","0","1","0","0","0"
"POINT (9.997359309000046 53.561337096000045)","Unfall 263064 (2023) Kat:3, Licht: 0","263064","3","6","4","06","18","3","","0","1","0","0","0"
"POINT (9.952211162000026 53.631366559000071)","Unfall 263065 (2023) Kat:3, Licht: 0","263065","3","7","7","06","15","3","","0","1","0","0","0"
"POINT (9.949815934000071 53.642255284000044)","Unfall 263066 (2023) Kat:3, Licht: 0","263066","3","7","0","06","12","3","","0","1","0","0","0"
"POINT (10.057955130000039 53.603199423000035)","Unfall 263067 (2023) Kat:3, Licht: 0","263067","3","4","6","06","17","7","","0","1","0","1","0"
"POINT (9.985496865000073 53.602564245000053)","Unfall 263068 (2023) Kat:3, Licht: 0","263068","3","6","4","06","18","1","","0","1","0","0","0"
"POINT (10.211750491000032 53.489226866000081)","Unfall 263069 (2023) Kat:2, Licht: 2","263069","2","7","0","06","03","1","","2","1","0","0","0"
"POINT (10.026486034000072 53.626982209000062)","Unfall 263070 (2023) Kat:3, Licht: 0","263070","3","1","0","06","08","3","","0","1","0","0","0"
"POINT (9.891772520000075 53.581297038000059)","Unfall 263071 (2023) Kat:3, Licht: 0","263071","3","1","0","06","17","4","","0","1","0","0","0"
"POINT (10.074861782000028 53.645455762000040)","Unfall 263072 (2023) Kat:3, Licht: 0","263072","3","7","8","07","13","1","","0","1","0","0","0"
"POINT (10.180636774000050 53.587865942000064)","Unfall 263073 (2023) Kat:3, Licht: 0","263073","3","6","6","07","12","3","","0","1","0","1","0"
"POINT (9.997375921000071 53.486455047000049)","Unfall 263074 (2023) Kat:3, Licht: 1","263074","3","2","4","07","06","4","","1","1","0","0","0"
"POINT (10.111662088000060 53.533448438000050)","Unfall 263075 (2023) Kat:3, Licht: 0","263075","3","1","9","07","15","5","","0","1","0","1","0"
"POINT (9.997320243000047 53.561266931000034)","Unfall 263076 (2023) Kat:3, Licht: 0","263076","3","7","4","07","18","6","","0","1","1","0","0"
"POINT (9.915432151000061 53.622297915000047)","Unfall 263077 (2023) Kat:3, Licht: 0","263077","3","7","0","07","20","7","","0","1","0","0","0"
"POINT (10.070154076000051 53.643049943000051)","Unfall 263078 (2023) Kat:3, Licht: 0","263078","3","7","0","07","14","7","","0","1","0","0","0"
"POINT (9.977858263000030 53.555593050000027)","Unfall 263079 (2023) Kat:3, Licht: 2","263079","3","1","0","07","22","1","","2","1","0","0","0"
"POINT (9.848773621000021 53.586239892000037)","Unfall 263080 (2023) Kat:3, Licht: 0","263080","3","6","4","07","16","2","","0","1","0","0","0"
"POINT (10.024420270000064 53.565874529000041)","Unfall 263081 (2023) Kat:3, Licht: 0","263081","3","7","0","07","20","2","","0","1","0","0","0"
"POINT (10.010632847000068 53.560259299000052)","Unfall 263082 (2023) Kat:3, Licht: 0","263082","3","6","3","07","08","3","","0","1","0","0","0"
"POINT (9.989841564000074 53.560950675000072)","Unfall 263083 (2023) Kat:3, Licht: 0","263083","3","7","0","07","08","3","","0","1","0","0","0"
"POINT (9.936907148000046 53.601168604000065)","Unfall 263084 (2023) Kat:3, Licht: 0","263084","3","1","0","07","08","3","","0","1","0","0","0"
"POINT (10.029391388000022 53.594883837000054)","Unfall 263085 (2023) Kat:3, Licht: 0","263085","3","1","0","07","18","3","","0","1","0","0","0"
"POINT (9.991188056000055 53.651335822000078)","Unfall 263086 (2023) Kat:3, Licht: 0","263086","3","1","0","07","15","3","","0","1","0","0","0"
"POINT (10.107017162000034 53.591301685000076)","Unfall 263087 (2023) Kat:2, Licht: 0","263087","2","7","0","07","15","3","","0","1","0","0","0"
"POINT (10.139289401000042 53.512868209000032)","Unfall 263088 (2023) Kat:2, Licht: 0","263088","2","6","3","07","19","3","","0","1","0","0","0"
"POINT (10.011941138000054 53.652443643000026)","Unfall 263089 (2023) Kat:3, Licht: 0","263089","3","7","0","07","17","5","","0","1","0","0","0"
"POINT (10.049426357000073 53.631253847000039)","Unfall 263090 (2023) Kat:3, Licht: 0","263090","3","7","9","07","13","5","","0","1","0","0","0"
"POINT (10.031034040000065 53.534213024000053)","Unfall 263091 (2023) Kat:3, Licht: 0","263091","3","6","4","07","11","5","","0","1","0","0","0"
"POINT (10.161982457000022 53.655144809000035)","Unfall 263092 (2023) Kat:3, Licht: 0","263092","3","7","0","07","13","6","","0","1","0","0","0"