WKT,Name,OBJECTID,UKATEGORIE,UTYP1,UART,UMONAT,USTUNDE,UWOCHENTAG,STRZUSTAND,ULICHTVERH,ISTRAD,ISTPKW,ISTFUSS,ISTKRAD
"POINT (10.289453016000039 53.434967442000072)","Unfall 263093 (2023) Kat:2, Licht: 0","263093","2","6","3","07","10","7","","0","1","0","0","0"
"POINT (10.050137270000050 53.555994015000067)","Unfall 263094 (2023) Kat:3, Licht: 0","263094","3","7","0","07","14","3","","0","1","0","0","0"
"POINT (10.083581312000035 53.544584001000032)","Unfall 263095 (2023) Kat:3, Licht: 2","263095","3","3","0","07","00","3","","2","1","0","0","0"
"POINT (10.154718641000045 53.664709476000041)","Unfall 263096 (2023) Kat:3, Licht: 0","263096","3","7","0","07","13","4","","0","1","0","0","0"
"POINT (9.994997659000035 53.482002603000069)","Unfall 263097 (2023) Kat:3, Licht: 0","263097","3","6","4","07","18","4","","0","1","0","0","0"
"POINT (9.896554251000055 53.553346030000057)","Unfall 263098 (2023) Kat:3, Licht: 0","263098","3","7","7","07","18","6","","0","1","0","0","0"
"POINT (10.116542808000077 53.575307720000069)","Unfall 263099 (2023) Kat:3, Licht: 0","263099","3","7","0","07","15","6","","0","1","0","0","0"
"POINT (9.991729094000050 53.600685958000042)","Unfall 263100 (2023) Kat:3, Licht: 0","263100","3","1","0","07","16","7","","0","1","0","0","0"
"POINT (9.970834903000025 53.624036269000044)","Unfall 263101 (2023) Kat:3, Licht: 0","263101","3","1","8","07","18","3","","0","1","0","0","0"
"POINT (9.963530604000027 53.557053661000054)","Unfall 263102 (2023) Kat:3, Licht: 2","263102","3","1","0","07","22","6","","2","1","0","0","0"
"POINT (10.030064382000035 53.584085065000068)","Unfall 263103 (2023) Kat:3, Licht: 0","263103","3","6","4","07","18","1","","0","1","0","0","0"
"POINT (10.090005097000073 53.586988308000059)","Unfall 263104 (2023) Kat:3, Licht: 0","263104","3","1","0","08","07","4","","0","1","0","0","0"
"POINT (9.912961024000026 53.622528413000055)","Unfall 263105 (2023) Kat:3, Licht: 0","263105","3","1","0","08","16","6","","0","1","0","0","0"
"POINT (10.023962651000033 53.535262144000058)","Unfall 263106 (2023) Kat:2, Licht: 0","263106","2","7","0","08","12","6","","0","1","0","0","0"
"POINT (9.990747576000047 53.498726885000053)","Unfall 263107 (2023) Kat:3, Licht: 0","263107","3","7","6","08","10","6","","0","1","0","1","0"
"POINT (10.150954529000046 53.533159580000074)","Unfall 263108 (2023) Kat:3, Licht: 0","263108","3","7","0","08","11","7","","0","1","0","0","0"
"POINT (9.947759225000027 53.640458655000032)","Unfall 263109 (2023) Kat:3, Licht: 0","263109","3","1","0","08","14","2","","0","1","0","0","0"
"POINT (10.061026853000044 53.574971130000051)","Unfall 263110 (2023) Kat:3, Licht: 0","263110","3","7","0","08","19","3","","0","1","0","1","0"
"POINT (10.010605136000038 53.560247547000074)","Unfall 263111 (2023) Kat:3, Licht: 2","263111","3","4","6","08","21","4","","2","1","0","1","0"
"POINT (9.954922008000040 53.557159313000056)","Unfall 263112 (2023) Kat:3, Licht: 0","263112","3","7","0","08","15","1","","0","1","0","0","0"
"POINT (10.128317371000037 53.523445734000063)","Unfall 263113 (2023) Kat:3, Licht: 0","263113","3","7","0","08","08","1","","0","1","0","0","0"
"POINT (10.117276443000037 53.592762238000034)","Unfall 263114 (2023) Kat:3, Licht: 0","263114","3","6","4","08","08","3","","0","1","0","0","0"
"POINT (10.126620693000064 53.528200290000029)","Unfall 263115 (2023) Kat:2, Licht: 0","263115","2","7","7","08","07","3","","0","1","0","0","0"
"POINT (9.985815379000030 53.503170698000076)","Unfall 263116 (2023) Kat:3, Licht: 0","263116","3","7","0","08","14","3","","0","1","0","0","0"
"POINT (9.949481895000076 53.594581267000081)","Unfall 263117 (2023) Kat:3, Licht: 0","263117","3","4","6","08","17","4","","0","1","0","1","0"
"POINT (10.014259687000049 53.596361460000082)","Unfall 263118 (2023) Kat:3, Licht: 0","263118","3","7","6","08","13","4","","0","1","0","1","0"
"POINT (9.939929177000067 53.564030707000029)","Unfall 263119 (2023) Kat:3, Licht: 0","263119","3","2","4","08","14","5","","0","1","1","0","0"
"POINT (9.862117278000028 53.547352980000028)","Unfall 263120 (2023) Kat:3, Licht: 0","263120","3","4","6","08","11","5","","0","1","0","1","0"
"POINT (10.035008302000051 53.630200098000046)","Unfall 263121 (2023) Kat:3, Licht: 0","263121","3","6","3","08","13","6","","0","1","0","0","0"
"POINT (10.022653246000061 53.600164059000065)","Unfall 263122 (2023) Kat:3, Licht: 0","263122","3","7","0","08","15","7","","0","1","0","1","0"
"POINT (10.092462340000054 53.667946488000041)","Unfall 263123 (2023) Kat:3, Licht: 0","263123","3","7","0","08","14","7","","0","1","0","0","0"
"POINT (10.000806779000072 53.479767844000037)","Unfall 263124 (2023) Kat:3, Licht: 0","263124","3","6","2","08","10","2","","0","1","0","0","0"
"POINT (10.016834694000067 53.600666653000076)","Unfall 263125 (2023) Kat:3, Licht: 0","263125","3","6","0","08","19","3","","0","1","0","0","0"
"POINT (9.883909692000032 53.594616588000065)","Unfall 263126 (2023) Kat:3, Licht: 0","263126","3","3","5","09","15","6","","0","1","1","0","0"
"POINT (9.926680010000041 53.552424214000041)","Unfall 263127 (2023) Kat:3, Licht: 0","263127","3","3","5","09","15","7","","0","1","0","0","0"
"POINT (10.000746263000053 53.569887221000045)","Unfall 263128 (2023) Kat:3, Licht: 0","263128","3","6","3","09","08","2","","0","1","0","0","0"
"POINT (10.016643748000035 53.564703060000056)","Unfall 263129 (2023) Kat:3, Licht: 0","263129","3","6","6","09","19","2","","0","1","0","1","0"
"POINT (10.090275977000033 53.660367986000040)","Unfall 263130 (2023) Kat:3, Licht: 0","263130","3","1","0","09","15","2","","0","1","0","0","0"
"POINT (9.918105131000061 53.594859602000042)","Unfall 263131 (2023) Kat:3, Licht: 1","263131","3","7","0","09","20","3","","1","1","0","0","0"
"POINT (9.997098405000031 53.482714364000060)","Unfall 263132 (2023) Kat:3, Licht: 0","263132","3","3","5","09","11","3","","0","1","1","0","0"
"POINT (9.963517643000046 53.557050562000029)","Unfall 263133 (2023) Kat:3, Licht: 0","263133","3","6","4","09","09","4","","0","1","0","0","0"
"POINT (10.211839067000028 53.436447936000036)","Unfall 263134 (2023) Kat:3, Licht: 0","263134","3","7","0","09","15","5","","0","1","0","0","0"
"POINT (10.187557611000045 53.422424800000044)","Unfall 263135 (2023) Kat:3, Licht: 0","263135","3","6","6","09","14","7","","0","1","0","1","0"
"POINT (9.863328447000072 53.508050114000071)","Unfall 263136 (2023) Kat:2, Licht: 0","263136","2","1","0","09","14","7","","0","1","0","0","0"
"POINT (10.190210667000031 53.509205913000073)","Unfall 263137 (2023) Kat:3, Licht: 0","263137","3","6","6","09","13","2","","0","1","0","1","0"
"POINT (10.045439022000039 53.599703192000050)","Unfall 263138 (2023) Kat:3, Licht: 0","263138","3","7","0","09","08","3","","0","1","0","0","0"
"POINT (10.169366536000041 53.514385441000059)","Unfall 263139 (2023) Kat:2, Licht: 0","263139","2","5","5","09","13","5","","0","1","1","0","0"
"POINT (9.995467901000040 53.474412655000037)","Unfall 263140 (2023) Kat:3, Licht: 0","263140","3","6","2","09","17","5","","0","1","0","0","0"
"POINT (9.905662187000075 53.584830824000051)","Unfall 263141 (2023) Kat:3, Licht: 0","263141","3","7","0","09","17","6","","0","1","0","0","0"
"POINT (9.846588960000076 53.549706070000070)","Unfall 263142 (2023) Kat:3, Licht: 1","263142","3","7","0","09","06","6","","1","1","0","0","0"
"POINT (10.014732088000073 53.592334201000028)","Unfall 263143 (2023) Kat:3, Licht: 2","263143","3","7","0","09","20","3","","2","1","0","0","0"
"POINT (9.965424365000047 53.573802262000072)","Unfall 263144 (2023) Kat:3, Licht: 0","263144","3","7","0","09","09","4","","0","1","0","0","0"
"POINT (10.016357809000056 53.563999519000049)","Unfall 263145 (2023) Kat:3, Licht: 0","263145","3","6","4","09","17","4","","0","1","0","0","0"
"POINT (10.004465508000067 53.557763263000027)","Unfall 263146 (2023) Kat:3, Licht: 0","263146","3","7","0","09","12","6","","0","1","0","0","0"
"POINT (9.833065801000032 53.552079307000042)","Unfall 263147 (2023) Kat:3, Licht: 0","263147","3","7","0","09","13","7","","0","1","0","0","0"
"POINT (9.858147492000057 53.563114060000032)","Unfall 263148 (2023) Kat:3, Licht: 0","263148","3","7","6","10","12","6","","0","1","0","1","0"
"POINT (9.973635558000069 53.591571964000082)","Unfall 263149 (2023) Kat:3, Licht: 0","263149","3","7","0","10","10","4","","0","1","1","0","0"
"POINT (9.951532687000054 53.554807258000039)","Unfall 263150 (2023) Kat:3, Licht: 0","263150","3","2","3","10","10","2","","0","1","0","0","0"
"POINT (9.989780527000050 53.595397009000067)","Unfall 263151 (2023) Kat:3, Licht: 0","263151","3","1","0","10","11","2","","0","1","0","0","0"
"POINT (10.004677507000054 53.557843205000040)","Unfall 263152 (2023) Kat:3, Licht: 2","263152","3","4","6","11","22","7","","2","1","0","1","0"
"POINT (10.122527878000028 53.677701110000044)","Unfall 263153 (2023) Kat:3, Licht: 0","263153","3","7","0","11","11","2","","0","1","0","0","0"
"POINT (10.073535784000057 53.568565087000081)","Unfall 263154 (2023) Kat:3, Licht: 2","263154","3","6","4","11","17","2","","2","1","0","0","0"
"POINT (10.152248633000056 53.491707450000035)","Unfall 263155 (2023) Kat:3, Licht: 0","263155","3","7","0","11","08","2","","0","1","0","0","0"
"POINT (10.092657367000072 53.549176390000071)","Unfall 263156 (2023) Kat:3, Licht: 0","263156","3","6","6","11","13","6","","0","1","0","1","0"
"POINT (9.993019063000077 53.544484280000063)","Unfall 263157 (2023) Kat:3, Licht: 0","263157","3","7","0","12","09","6","","0","1","0","0","0"
"POINT (9.993157187000065 53.543732842000054)","Unfall 263158 (2023) Kat:2, Licht: 2","263158","2","7","0","12","19","6","","2","1","0","0","0"
"POINT (9.900662361000059 53.559890674000030)","Unfall 263159 (2023) Kat:3, Licht: 1","263159","3","1","0","12","08","3","","1","1","0","0","0"
"POINT (9.995584095000027 53.595179241000039)","Unfall 263160 (2023) Kat:3, Licht: 1","263160","3","7","0","12","16","3","","1","1","0","0","0"
"POINT (10.125632916000029 53.665317754000057)","Unfall 263161 (2023) Kat:3, Licht: 0","263161","3","7","0","12","14","4","","0","1","0","0","0"
"POINT (9.923629478000066 53.455182837000052)","Unfall 263162 (2023) Kat:3, Licht: 0","263162","3","7","0","12","13","3","","0","1","0","1","0"
"POINT (10.168655097000055 53.513724478000029)","Unfall 2676 (2024) Kat:3, Licht: 2","2676","3","7","2","03","20","6","","2","0","1","0","0"
"POINT (10.155847714000060 53.558749634000037)","Unfall 2677 (2024) Kat:3, Licht: 0","2677","3","7","0","03","14","6","","0","0","1","0","0"
"POINT (9.937397312000030 53.647638628000038)","Unfall 2678 (2024) Kat:3, Licht: 0","2678","3","6","2","03","07","5","","0","0","1","0","0"
"POINT (10.134742882000069 53.526748942000040)","Unfall 2679 (2024) Kat:3, Licht: 0","2679","3","3","5","03","09","4","","0","0","1","0","0"
"POINT (10.064266018000069 53.550282259000028)","Unfall 2680 (2024) Kat:3, Licht: 0","2680","3","6","2","03","06","3","","0","0","1","0","0"
"POINT (9.933696597000051 53.583557419000044)","Unfall 2681 (2024) Kat:3, Licht: 0","2681","3","3","5","03","15","3","","0","1","1","0","0"
"POINT (9.957198247000065 53.571628111000052)","Unfall 2682 (2024) Kat:3, Licht: 2","2682","3","6","2","03","19","6","","2","0","1","0","0"
"POINT (9.988577874000043 53.644737923000037)","Unfall 2683 (2024) Kat:3, Licht: 0","2683","3","6","3","02","12","5","","0","0","1","0","0"
"POINT (9.998531859000025 53.594451340000035)","Unfall 2684 (2024) Kat:3, Licht: 2","2684","3","7","6","02","21","5","","2","1","0","1","0"
"POINT (10.019094628000062 53.583622600000069)","Unfall 2685 (2024) Kat:3, Licht: 0","2685","3","2","6","02","16","5","","0","0","1","1","0"
"POINT (9.938265852000029 53.576196245000062)","Unfall 2686 (2024) Kat:3, Licht: 0","2686","3","6","2","02","14","5","","0","0","1","0","0"
"POINT (9.921272636000026 53.440057492000051)","Unfall 2687 (2024) Kat:3, Licht: 0","2687","3","6","3","02","11","4","","0","0","1","0","0"
"POINT (9.820759210000062 53.576752943000031)","Unfall 2688 (2024) Kat:3, Licht: 2","2688","3","2","2","02","19","3","","2","0","1","0","0"
"POINT (9.939289668000072 53.471059817000082)","Unfall 2689 (2024) Kat:3, Licht: 0","2689","3","6","2","02","13","7","","0","0","1","0","0"
"POINT (10.032460872000058 53.565873108000062)","Unfall 2690 (2024) Kat:3, Licht: 2","2690","3","5","1","02","19","7","","2","0","1","0","0"
"POINT (9.923690139000030 53.597173579000071)","Unfall 2691 (2024) Kat:3, Licht: 1","2691","3","6","3","02","19","6","","1","0","1","0","0"
"POINT (10.033604662000073 53.541358093000042)","Unfall 2692 (2024) Kat:3, Licht: 0","2692","3","3","5","02","11","5","","0","0","0","0","0"
"POINT (9.758047319000070 53.582953153000062)","Unfall 2693 (2024) Kat:3, Licht: 1","2693","3","6","2","02","16","5","","1","0","1","0","0"
"POINT (9.811263250000025 53.468045429000028)","Unfall 2694 (2024) Kat:3, Licht: 0","2694","3","6","2","02","07","4","","0","0","1","0","0"
"POINT (9.897418738000056 53.557125673000030)","Unfall 2695 (2024) Kat:3, Licht: 0","2695","3","6","2","02","14","2","","0","0","1","0","0"
"POINT (9.994062305000057 53.547326335000037)","Unfall 2696 (2024) Kat:3, Licht: 1","2696","3","2","3","02","17","2","","1","1","1","0","0"
"POINT (10.004036447000033 53.547520826000039)","Unfall 2697 (2024) Kat:3, Licht: 0","2697","3","6","2","02","08","2","","0","0","1","0","0"
"POINT (9.854519441000036 53.472454335000066)","Unfall 2698 (2024) Kat:3, Licht: 0","2698","3","6","2","02","11","7","","0","0","1","0","0"
"POINT (9.934253544000057 53.581522352000036)","Unfall 2699 (2024) Kat:3, Licht: 0","2699","3","6","2","02","09","7","","0","0","1","0","1"
"POINT (10.216486089000057 53.486546308000072)","Unfall 2700 (2024) Kat:3, Licht: 2","2700","3","1","0","02","05","6","","2","0","0","0","1"
"POINT (10.003774623000027 53.592212994000079)","Unfall 2701 (2024) Kat:3, Licht: 0","2701","3","7","0","02","13","6","","0","0","0","0","0"
"POINT (9.957136293000076 53.571543725000026)","Unfall 2702 (2024) Kat:3, Licht: 1","2702","3","7","0","02","18","6","","1","1","0","0","0"
"POINT (9.959391166000046 53.574572993000061)","Unfall 2703 (2024) Kat:3, Licht: 2","2703","3","2","4","02","18","6","","2","0","1","0","0"
"POINT (9.886281014000076 53.472054361000062)","Unfall 2704 (2024) Kat:3, Licht: 0","2704","3","7","3","02","11","5","","0","0","1","0","0"
"POINT (10.233919993000029 53.488419167000075)","Unfall 2705 (2024) Kat:3, Licht: 0","2705","3","3","5","02","08","5","","0","0","1","0","0"
"POINT (9.846656363000022 53.572872933000042)","Unfall 2706 (2024) Kat:3, Licht: 0","2706","3","2","4","02","12","5","","0","0","1","0","0"
"POINT (9.954680667000048 53.561351248000051)","Unfall 2707 (2024) Kat:3, Licht: 0","2707","3","6","4","02","08","5","","0","1","0","0","0"
"POINT (10.023465908000048 53.471421461000034)","Unfall 2708 (2024) Kat:3, Licht: 0","2708","3","6","2","02","16","4","","0","0","1","0","0"
"POINT (9.823527831000035 53.576354710000032)","Unfall 2709 (2024) Kat:3, Licht: 2","2709","3","2","3","02","05","4","","2","0","1","0","0"
"POINT (9.915042314000061 53.479334281000035)","Unfall 2710 (2024) Kat:3, Licht: 2","2710","3","1","0","02","20","1","","2","0","1","0","0"
"POINT (9.944572048000055 53.565117731000043)","Unfall 2711 (2024) Kat:2, Licht: 2","2711","2","1","0","02","18","1","","2","1","0","0","0"
"POINT (10.043548874000066 53.552619923000066)","Unfall 2712 (2024) Kat:3, Licht: 2","2712","3","4","6","02","18","6","","2","0","1","1","0"
"POINT (9.907519875000048 53.617834080000080)","Unfall 2713 (2024) Kat:3, Licht: 2","2713","3","2","4","02","17","6","","2","1","1","0","0"
"POINT (9.931125411000039 53.563448011000048)","Unfall 2714 (2024) Kat:2, Licht: 2","2714","2","3","5","02","19","5","","2","0","1","0","0"
"POINT (9.939485168000033 53.648210896000080)","Unfall 2715 (2024) Kat:3, Licht: 2","2715","3","6","2","02","06","5","","2","0","1","0","0"
"POINT (9.967497438000066 53.583347230000072)","Unfall 2716 (2024) Kat:3, Licht: 0","2716","3","7","3","02","11","5","","0","0","1","0","0"
"POINT (9.983151880000037 53.548445861000062)","Unfall 2717 (2024) Kat:3, Licht: 0","2717","3","7","6","02","10","5","","0","0","0","1","0"
"POINT (10.108513574000028 53.489453265000066)","Unfall 2718 (2024) Kat:3, Licht: 2","2718","3","6","2","02","07","4","","2","0","1","0","0"
"POINT (9.958345471000030 53.647587433000069)","Unfall 2719 (2024) Kat:3, Licht: 2","2719","3","2","4","02","20","4","","2","0","1","0","0"
"POINT (9.944903375000024 53.563949093000076)","Unfall 2720 (2024) Kat:3, Licht: 0","2720","3","3","5","02","10","4","","0","0","1","0","0"
"POINT (10.213644032000047 53.486307110000041)","Unfall 2721 (2024) Kat:3, Licht: 2","2721","3","3","5","02","18","3","","2","1","1","0","0"
"POINT (10.202365329000031 53.491183936000027)","Unfall 2722 (2024) Kat:3, Licht: 0","2722","3","3","5","02","11","3","","0","1","1","0","0"
"POINT (9.983888254000021 53.592307410000046)","Unfall 2723 (2024) Kat:2, Licht: 0","2723","2","2","4","02","14","3","","0","1","1","0","0"
"POINT (9.957093756000063 53.571485555000038)","Unfall 2724 (2024) Kat:3, Licht: 2","2724","3","6","2","02","19","1","","2","0","1","0","0"
"POINT (9.982855825000058 53.548505384000066)","Unfall 2725 (2024) Kat:3, Licht: 2","2725","3","7","0","02","01","7","","2","1","0","0","0"
"POINT (9.939256027000056 53.575065218000077)","Unfall 2726 (2024) Kat:3, Licht: 2","2726","3","2","3","01","23","4","","2","0","1","0","0"
"POINT (9.913878146000059 53.495530246000044)","Unfall 2727 (2024) Kat:2, Licht: 2","2727","2","7","9","01","00","2","","2","0","1","0","0"
"POINT (9.994951193000077 53.547376369000062)","Unfall 2728 (2024) Kat:3, Licht: 0","2728","3","2","4","01","15","2","","0","0","1","0","0"
"POINT (9.850516980000066 53.472656523000069)","Unfall 2729 (2024) Kat:3, Licht: 0","2729","3","6","2","02","10","2","","0","0","1","0","0"
"POINT (9.995010821000051 53.547381123000036)","Unfall 2730 (2024) Kat:3, Licht: 0","2730","3","2","6","01","11","2","","0","1","0","1","0"
"POINT (10.025994580000031 53.551338008000073)","Unfall 2731 (2024) Kat:3, Licht: 0","2731","3","3","5","01","08","7","","0","0","1","0","0"
"POINT (9.964534878000052 53.469099206000067)","Unfall 2732 (2024) Kat:3, Licht: 0","2732","3","2","4","01","12","6","","0","0","1","0","0"
"POINT (10.008759977000068 53.547790934000034)","Unfall 2733 (2024) Kat:3, Licht: 0","2733","3","6","3","01","12","6","","0","0","1","0","0"
"POINT (10.021930938000025 53.574593943000082)","Unfall 2734 (2024) Kat:2, Licht: 0","2734","2","4","6","01","13","6","","0","0","1","1","0"
"POINT (10.233860028000038 53.488415444000054)","Unfall 2735 (2024) Kat:2, Licht: 2","2735","2","2","6","01","17","5","","2","0","1","1","0"
"POINT (10.109616716000062 53.488979214000040)","Unfall 2736 (2024) Kat:3, Licht: 2","2736","3","6","2","01","07","5","","2","0","1","0","0"
"POINT (10.147231583000064 53.544502214000033)","Unfall 2737 (2024) Kat:3, Licht: 0","2737","3","6","2","01","07","5","","0","0","0","0","0"
"POINT (9.934644277000075 53.433818889000065)","Unfall 2738 (2024) Kat:3, Licht: 2","2738","3","6","2","01","07","4","","2","0","1","0","0"
"POINT (10.206429179000054 53.488240136000059)","Unfall 2739 (2024) Kat:3, Licht: 0","2739","3","1","8","01","13","4","","0","1","0","0","0"
"POINT (9.888862258000074 53.567756453000072)","Unfall 2740 (2024) Kat:3, Licht: 2","2740","3","2","6","01","17","3","","2","0","1","1","0"
"POINT (9.976951434000057 53.587567963000026)","Unfall 2741 (2024) Kat:3, Licht: 2","2741","3","2","4","01","21","3","","2","1","1","0","0"
"POINT (9.937307726000029 53.471006985000031)","Unfall 2742 (2024) Kat:3, Licht: 0","2742","3","2","4","01","14","2","","0","0","1","0","0"
"POINT (9.962108095000076 53.424962088000029)","Unfall 2743 (2024) Kat:1, Licht: 0","2743","1","5","1","01","10","7","","0","0","1","0","0"
"POINT (9.949586699000065 53.573032276000049)","Unfall 2744 (2024) Kat:3, Licht: 0","2744","3","1","0","01","08","5","","0","1","0","0","0"
"POINT (9.917046740000046 53.475023512000064)","Unfall 2745 (2024) Kat:3, Licht: 0","2745","3","6","2","01","08","2","","0","0","1","0","0"
"POINT (9.948916169000029 53.573344316000032)","Unfall 2746 (2024) Kat:3, Licht: 2","2746","3","2","4","01","21","2","","2","0","1","0","0"
"POINT (9.983900632000029 53.600066126000058)","Unfall 2747 (2024) Kat:3, Licht: 2","2747","3","6","2","01","17","2","","2","0","1","0","0"
"POINT (10.084241179000060 53.507147149000048)","Unfall 2748 (2024) Kat:3, Licht: 2","2748","3","6","3","01","19","1","","2","0","1","0","0"
"POINT (9.801710150000076 53.579599720000033)","Unfall 2749 (2024) Kat:3, Licht: 2","2749","3","5","5","01","21","1","","2","0","1","0","0"
"POINT (9.909064242000056 53.624068772000044)","Unfall 2750 (2024) Kat:1, Licht: 2","2750","1","4","6","01","17","1","","2","0","1","1","0"
"POINT (10.047845966000068 53.509682752000060)","Unfall 2751 (2024) Kat:3, Licht: 2","2751","3","6","0","01","05","3","","2","0","1","0","0"
"POINT (10.101157902000068 53.539005647000067)","Unfall 2752 (2024) Kat:3, Licht: 1","2752","3","6","2","01","17","3","","1","0","1","0","0"
"POINT (9.941896886000052 53.621997120000060)","Unfall 2753 (2024) Kat:3, Licht: 0","2753","3","1","8","01","10","3","","0","0","1","0","0"
"POINT (9.909669563000023 53.641446281000071)","Unfall 2754 (2024) Kat:3, Licht: 2","2754","3","4","6","01","07","2","","2","0","1","1","0"
"POINT (9.944565579000027 53.565217062000045)","Unfall 2755 (2024) Kat:3, Licht: 0","2755","3","3","5","01","10","2","","0","0","1","0","0"
"POINT (9.995772067000075 53.593889322000052)","Unfall 2756 (2024) Kat:2, Licht: 0","2756","2","3","5","01","08","6","","0","0","1","0","0"
"POINT (9.968905545000041 53.583887163000043)","Unfall 2757 (2024) Kat:3, Licht: 2","2757","3","6","2","01","17","6","","2","0","1","0","0"
"POINT (9.850848724000059 53.472637666000082)","Unfall 2758 (2024) Kat:3, Licht: 0","2758","3","6","2","01","14","5","","0","0","1","0","0"
"POINT (9.982581210000035 53.589720266000029)","Unfall 2759 (2024) Kat:3, Licht: 2","2759","3","3","5","01","18","5","","2","1","1","0","0"
"POINT (9.963010143000076 53.469461565000074)","Unfall 2760 (2024) Kat:3, Licht: 0","2760","3","6","2","01","13","4","","0","0","1","0","0"
"POINT (9.943174473000056 53.572708580000040)","Unfall 2761 (2024) Kat:3, Licht: 0","2761","3","6","2","01","11","4","","0","0","1","0","0"
"POINT (9.888437634000070 53.471955450000053)","Unfall 2762 (2024) Kat:2, Licht: 2","2762","2","2","3","01","07","3","","2","1","1","0","0"
"POINT (10.019773021000049 53.581556429000045)","Unfall 2763 (2024) Kat:3, Licht: 2","2763","3","2","4","01","17","3","","2","1","1","0","0"
"POINT (9.908422751000046 53.565766393000047)","Unfall 2764 (2024) Kat:3, Licht: 2","2764","3","5","5","01","18","3","","2","0","1","0","0"
"POINT (9.916302750000057 53.564490342000056)","Unfall 2765 (2024) Kat:3, Licht: 1","2765","3","7","0","01","08","3","","1","0","0","0","0"
"POINT (9.961500385000022 53.559367892000068)","Unfall 2787 (2024) Kat:3, Licht: 2","2787","3","6","2","01","01","1","","2","0","1","0","0"
"POINT (9.796889140000076 53.580305069000076)","Unfall 2799 (2024) Kat:3, Licht: 0","2799","3","4","6","02","14","5","","0","0","1","1","0"
"POINT (10.027460730000030 53.533623842000054)","Unfall 2852 (2024) Kat:3, Licht: 0","2852","3","2","2","02","15","5","","0","0","1","0","0"
"POINT (9.991721450000057 53.547209021000072)","Unfall 2877 (2024) Kat:3, Licht: 2","2877","3","7","0","01","01","2","","2","1","0","0","0"
"POINT (9.855871335000074 53.572042527000065)","Unfall 2988 (2024) Kat:3, Licht: 0","2988","3","6","2","02","11","7","","0","0","1","0","0"
"POINT (9.973595486000022 53.466233473000045)","Unfall 3020 (2024) Kat:3, Licht: 0","3020","3","5","5","02","08","6","","0","0","1","0","0"
"POINT (9.876359312000034 53.471946182000067)","Unfall 3048 (2024) Kat:3, Licht: 2","3048","3","6","3","01","16","3","","2","0","1","0","0"
"POINT (9.994951193000077 53.547376369000062)","Unfall 3105 (2024) Kat:3, Licht: 0","3105","3","2","4","01","12","6","","0","0","1","0","0"
"POINT (9.937778945000048 53.576751448000039)","Unfall 3154 (2024) Kat:3, Licht: 0","3154","3","2","2","03","14","5","","0","0","1","0","0"
"POINT (9.928618799000049 53.592245394000031)","Unfall 3205 (2024) Kat:3, Licht: 2","3205","3","2","4","02","22","7","","2","0","1","0","0"
"POINT (9.944580281000071 53.565323352000064)","Unfall 3318 (2024) Kat:3, Licht: 1","3318","3","6","2","01","08","2","","1","0","1","0","1"
"POINT (10.160082701000022 53.560803656000076)","Unfall 3344 (2024) Kat:2, Licht: 2","3344","2","6","3","02","06","2","","2","0","1","0","0"
"POINT (10.030683935000070 53.567351077000069)","Unfall 3391 (2024) Kat:3, Licht: 2","3391","3","6","2","03","18","7","","2","0","1","0","1"
"POINT (9.964069446000053 53.557228922000036)","Unfall 3407 (2024) Kat:3, Licht: 2","3407","3","1","0","02","23","7","","2","0","0","0","0"
"POINT (10.134896033000075 53.528976230000069)","Unfall 3463 (2024) Kat:3, Licht: 0","3463","3","6","2","03","17","2","","0","0","1","0","0"
"POINT (9.907519875000048 53.617834080000080)","Unfall 3616 (2024) Kat:1, Licht: 2","3616","1","3","5","01","22","6","","2","1","1","0","0"
"POINT (9.898066946000029 53.558524033000026)","Unfall 3711 (2024) Kat:3, Licht: 1","3711","3","6","3","02","17","5","","1","0","1","0","0"
"POINT (9.913542009000025 53.498219190000043)","Unfall 3735 (2024) Kat:2, Licht: 1","3735","2","6","2","01","17","6","","1","0","1","0","0"
"POINT (10.135973022000030 53.530039843000054)","Unfall 3758 (2024) Kat:3, Licht: 0","3758","3","6","2","01","09","4","","0","0","1","0","0"
"POINT (10.210726866000073 53.487339548000080)","Unfall 3765 (2024) Kat:3, Licht: 0","3765","3","2","6","03","09","3","","0","0","1","1","0"
"POINT (9.914474386000052 53.514859490000049)","Unfall 3823 (2024) Kat:3, Licht: 2","3823","3","6","2","01","19","4","","2","0","1","0","0"
"POINT (9.839990288000024 53.472282006000057)","Unfall 3829 (2024) Kat:3, Licht: 0","3829","3","6","4","01","10","2","","0","1","0","0","0"
"POINT (10.037891313000046 53.560580495000067)","Unfall 3847 (2024) Kat:3, Licht: 0","3847","3","6","2","01","14","3","","0","0","1","0","0"
"POINT (9.885338288000071 53.472089644000050)","Unfall 3933 (2024) Kat:3, Licht: 0","3933","3","6","3","01","14","4","","0","0","1","0","0"
"POINT (9.836535429000037 53.573934878000046)","Unfall 3972 (2024) Kat:3, Licht: 1","3972","3","6","2","01","16","2","","1","0","1","0","0"
"POINT (9.937398632000054 53.563699517000032)","Unfall 4013 (2024) Kat:3, Licht: 0","4013","3","6","2","02","12","5","","0","0","1","0","0"
"POINT (9.965843736000068 53.553123947000074)","Unfall 4086 (2024) Kat:3, Licht: 2","4086","3","6","2","01","01","4","","2","0","1","0","0"
"POINT (10.157635215000028 53.559784460000060)","Unfall 4180 (2024) Kat:3, Licht: 0","4180","3","6","3","02","08","5","","0","0","1","0","0"
"POINT (9.854035926000051 53.572100546000058)","Unfall 4299 (2024) Kat:3, Licht: 0","4299","3","2","3","03","15","2","","0","1","1","0","0"
"POINT (10.040643603000035 53.554916960000071)","Unfall 4306 (2024) Kat:3, Licht: 0","4306","3","2","3","01","16","4","","0","0","1","0","0"