WKT,Name,OBJECTID,UKATEGORIE,UTYP1,UART,UMONAT,USTUNDE,UWOCHENTAG,STRZUSTAND,ULICHTVERH,ISTRAD,ISTPKW,ISTFUSS,ISTKRAD
"POINT (9.944156633000034 53.569610566000051)","Unfall 4395 (2024) Kat:3, Licht: 2","4395","3","3","5","02","21","4","","2","1","1","0","0"
"POINT (9.923315445000071 53.470652652000069)","Unfall 4459 (2024) Kat:3, Licht: 0","4459","3","5","5","01","14","4","","0","0","1","0","0"
"POINT (10.065341139000054 53.550168586000041)","Unfall 4590 (2024) Kat:3, Licht: 0","4590","3","7","5","02","12","5","","0","1","1","0","0"
"POINT (9.949686673000031 53.562167684000030)","Unfall 4615 (2024) Kat:3, Licht: 2","4615","3","5","1","02","20","2","","2","0","1","0","0"
"POINT (9.986772901000052 53.547687925000048)","Unfall 4646 (2024) Kat:3, Licht: 0","4646","3","3","5","02","16","7","","0","1","1","0","0"
"POINT (9.740227098000048 53.585020868000072)","Unfall 4672 (2024) Kat:3, Licht: 2","4672","3","6","2","01","18","4","","2","0","1","0","0"
"POINT (10.027709993000030 53.548767231000056)","Unfall 4785 (2024) Kat:3, Licht: 2","4785","3","5","5","03","20","5","","2","1","1","0","0"
"POINT (9.846552415000076 53.472809664000067)","Unfall 4811 (2024) Kat:3, Licht: 0","4811","3","5","5","03","09","6","","0","0","1","0","0"
"POINT (9.966680063000069 53.593709314000080)","Unfall 4846 (2024) Kat:3, Licht: 1","4846","3","3","0","01","06","2","","1","1","1","0","0"
"POINT (9.983923527000059 53.592430731000036)","Unfall 4890 (2024) Kat:3, Licht: 0","4890","3","2","4","01","14","4","","0","0","1","0","0"
"POINT (9.938265680000029 53.563659945000040)","Unfall 4953 (2024) Kat:3, Licht: 2","4953","3","6","2","01","20","3","","2","0","1","0","0"
"POINT (10.178837884000075 53.472859733000064)","Unfall 5054 (2024) Kat:3, Licht: 2","5054","3","1","9","02","04","7","","2","0","1","0","0"
"POINT (9.920028622000075 53.563991160000057)","Unfall 5170 (2024) Kat:2, Licht: 0","5170","2","6","2","03","14","2","","0","0","1","0","0"
"POINT (9.945074716000022 53.563041962000057)","Unfall 5188 (2024) Kat:3, Licht: 2","5188","3","7","0","02","23","3","","2","1","0","0","0"
"POINT (9.986996401000056 53.603516506000062)","Unfall 5256 (2024) Kat:3, Licht: 2","5256","3","3","5","02","06","3","","2","0","1","0","0"
"POINT (9.924120559000073 53.470672503000060)","Unfall 5302 (2024) Kat:3, Licht: 2","5302","3","6","2","02","06","3","","2","0","1","0","0"
"POINT (10.107143248000057 53.513004465000051)","Unfall 5311 (2024) Kat:3, Licht: 0","5311","3","6","2","01","15","3","","0","0","1","0","0"
"POINT (9.964911375000042 53.580890673000056)","Unfall 5441 (2024) Kat:3, Licht: 0","5441","3","7","0","01","10","4","","0","0","0","0","0"
"POINT (9.960251693000032 53.575607645000048)","Unfall 5513 (2024) Kat:3, Licht: 0","5513","3","6","2","02","13","3","","0","0","1","0","0"
"POINT (10.152645420000056 53.519736335000061)","Unfall 5599 (2024) Kat:3, Licht: 0","5599","3","7","7","02","08","2","","0","0","1","0","0"
"POINT (10.096620218000055 53.540024456000026)","Unfall 5623 (2024) Kat:3, Licht: 2","5623","3","6","3","02","18","6","","2","0","1","0","0"
"POINT (10.066326852000032 53.550043516000073)","Unfall 5722 (2024) Kat:3, Licht: 1","5722","3","7","8","02","03","5","","1","0","1","0","0"
"POINT (9.900305797000044 53.566264162000039)","Unfall 5819 (2024) Kat:2, Licht: 0","5819","2","7","3","02","07","5","","0","0","1","0","0"
"POINT (9.922627551000062 53.470635689000062)","Unfall 5868 (2024) Kat:3, Licht: 0","5868","3","6","2","02","14","1","","0","0","1","0","0"
"POINT (9.965936081000052 53.596811727000045)","Unfall 5876 (2024) Kat:3, Licht: 0","5876","3","3","5","01","08","3","","0","0","1","0","0"
"POINT (9.950014712000041 53.617781372000081)","Unfall 5926 (2024) Kat:3, Licht: 0","5926","3","7","5","01","12","2","","0","1","1","0","0"
"POINT (9.916660924000041 53.610801725000044)","Unfall 6144 (2024) Kat:3, Licht: 2","6144","3","6","3","02","19","5","","2","0","1","0","0"
"POINT (10.146983361000025 53.543343487000072)","Unfall 6148 (2024) Kat:3, Licht: 2","6148","3","3","3","01","19","4","","2","0","0","0","0"
"POINT (10.029350202000046 53.547058442000036)","Unfall 6442 (2024) Kat:3, Licht: 0","6442","3","6","2","03","08","5","","0","0","1","0","0"
"POINT (9.836861119000048 53.573873172000049)","Unfall 6503 (2024) Kat:3, Licht: 0","6503","3","2","4","01","18","5","","0","1","1","0","0"
"POINT (9.910894220000046 53.632678855000051)","Unfall 6517 (2024) Kat:3, Licht: 0","6517","3","3","5","02","11","4","","0","1","1","0","0"
"POINT (9.949013351000076 53.562250382000059)","Unfall 6709 (2024) Kat:3, Licht: 0","6709","3","4","6","02","09","6","","0","0","1","1","0"
"POINT (9.908194758000036 53.620439873000066)","Unfall 6845 (2024) Kat:3, Licht: 2","6845","3","2","4","01","18","3","","2","0","1","0","0"
"POINT (9.983927731000051 53.595757539000033)","Unfall 6929 (2024) Kat:3, Licht: 2","6929","3","2","4","01","00","5","","2","0","1","0","0"
"POINT (9.855098235000071 53.472315714000047)","Unfall 7238 (2024) Kat:2, Licht: 2","7238","2","2","6","01","07","4","","2","0","0","1","0"
"POINT (9.871368302000064 53.571128887000043)","Unfall 7268 (2024) Kat:3, Licht: 0","7268","3","6","2","03","10","5","","0","0","1","0","0"
"POINT (9.944229381000071 53.572858960000076)","Unfall 7295 (2024) Kat:2, Licht: 0","7295","2","1","0","03","18","3","","0","1","0","0","0"
"POINT (9.966839762000063 53.582569209000042)","Unfall 7470 (2024) Kat:3, Licht: 0","7470","3","3","5","01","11","7","","0","1","0","0","0"
"POINT (10.101129184000058 53.511013013000081)","Unfall 7517 (2024) Kat:3, Licht: 0","7517","3","6","3","03","12","3","","0","0","1","0","0"
"POINT (9.907519875000048 53.617834080000080)","Unfall 7526 (2024) Kat:3, Licht: 0","7526","3","3","5","02","16","1","","0","0","1","0","0"
"POINT (9.942796047000058 53.572705972000051)","Unfall 7647 (2024) Kat:3, Licht: 2","7647","3","1","0","02","17","6","","2","1","0","0","0"
"POINT (10.027005597000027 53.570305188000077)","Unfall 7659 (2024) Kat:3, Licht: 0","7659","3","6","3","02","09","4","","0","0","1","0","0"
"POINT (9.963036183000042 53.469456262000051)","Unfall 8845 (2024) Kat:3, Licht: 0","8845","3","2","3","12","14","2","","0","1","1","0","0"
"POINT (10.220785436000028 53.487589913000079)","Unfall 8847 (2024) Kat:3, Licht: 2","8847","3","1","8","12","05","1","","2","0","1","0","0"
"POINT (9.923050398000044 53.599458920000075)","Unfall 8848 (2024) Kat:3, Licht: 0","8848","3","1","8","12","21","1","","0","0","1","0","0"
"POINT (10.134154402000036 53.528461554000046)","Unfall 8849 (2024) Kat:2, Licht: 2","8849","2","7","8","12","18","7","","2","0","1","0","0"
"POINT (10.031081986000061 53.537566340000069)","Unfall 8851 (2024) Kat:3, Licht: 2","8851","3","6","2","12","17","5","","2","0","1","0","0"
"POINT (9.956746691000035 53.560911479000026)","Unfall 8852 (2024) Kat:3, Licht: 2","8852","3","1","8","12","03","4","","2","0","1","0","0"
"POINT (9.973083525000050 53.549782503000074)","Unfall 8853 (2024) Kat:3, Licht: 2","8853","3","6","2","12","00","4","","2","0","1","0","0"
"POINT (9.910917206000022 53.632907679000027)","Unfall 8854 (2024) Kat:3, Licht: 0","8854","3","3","5","12","14","1","","0","0","1","0","0"
"POINT (9.955303046000040 53.445521084000063)","Unfall 8855 (2024) Kat:3, Licht: 2","8855","3","2","5","12","20","7","","2","1","1","0","0"
"POINT (10.207442878000052 53.475612985000055)","Unfall 8856 (2024) Kat:3, Licht: 2","8856","3","7","6","12","17","7","","2","0","0","1","0"
"POINT (10.240073280000047 53.475741099000061)","Unfall 8857 (2024) Kat:3, Licht: 2","8857","3","6","2","12","17","7","","2","0","1","0","0"
"POINT (10.239690427000028 53.475805227000080)","Unfall 8859 (2024) Kat:1, Licht: 2","8859","1","7","7","12","17","7","","2","0","1","1","0"
"POINT (10.025951829000064 53.551396788000034)","Unfall 8860 (2024) Kat:3, Licht: 2","8860","3","3","5","12","20","7","","2","0","1","0","0"
"POINT (10.052636767000024 53.551684915000067)","Unfall 8861 (2024) Kat:3, Licht: 2","8861","3","5","5","12","16","7","","2","0","1","0","0"
"POINT (9.963578364000057 53.558193596000081)","Unfall 8862 (2024) Kat:3, Licht: 2","8862","3","3","5","12","20","7","","2","1","0","0","0"
"POINT (10.213640603000044 53.486308090000080)","Unfall 8863 (2024) Kat:2, Licht: 0","8863","2","3","5","12","14","6","","0","1","0","0","0"
"POINT (9.958736839000039 53.609516993000057)","Unfall 8864 (2024) Kat:3, Licht: 0","8864","3","2","3","12","10","6","","0","0","1","0","0"
"POINT (9.933111567000026 53.585181827000042)","Unfall 8865 (2024) Kat:3, Licht: 0","8865","3","2","5","12","13","5","","0","1","1","0","0"
"POINT (9.921814159000064 53.539598284000078)","Unfall 8866 (2024) Kat:3, Licht: 0","8866","3","6","2","12","13","5","","0","0","1","0","0"
"POINT (9.897527104000062 53.553160383000034)","Unfall 8868 (2024) Kat:3, Licht: 0","8868","3","6","2","12","15","5","","0","0","1","0","0"
"POINT (9.963801027000045 53.599951318000080)","Unfall 8869 (2024) Kat:3, Licht: 2","8869","3","3","5","12","07","5","","2","1","1","0","0"
"POINT (10.221349811000039 53.487648174000071)","Unfall 8870 (2024) Kat:3, Licht: 0","8870","3","2","3","12","10","4","","0","1","1","0","0"
"POINT (10.146675620000053 53.542732298000033)","Unfall 8871 (2024) Kat:1, Licht: 2","8871","1","6","1","12","23","4","","2","0","1","0","0"
"POINT (10.022490173000051 53.574121385000069)","Unfall 8872 (2024) Kat:3, Licht: 2","8872","3","4","6","12","17","4","","2","0","1","1","0"
"POINT (9.986267624000050 53.547770489000072)","Unfall 8873 (2024) Kat:3, Licht: 0","8873","3","2","3","12","15","4","","0","1","1","0","0"
"POINT (10.232192982000072 53.488311913000075)","Unfall 8874 (2024) Kat:3, Licht: 0","8874","3","6","2","12","15","3","","0","0","1","0","0"
"POINT (9.995917877000068 53.593949414000065)","Unfall 8875 (2024) Kat:3, Licht: 2","8875","3","2","2","12","21","3","","2","0","1","0","0"
"POINT (10.000704801000040 53.547619565000048)","Unfall 8876 (2024) Kat:3, Licht: 0","8876","3","3","5","12","15","7","","0","0","1","0","0"
"POINT (9.946542654000041 53.619168154000079)","Unfall 8878 (2024) Kat:3, Licht: 0","8878","3","2","3","12","11","6","","0","1","0","0","0"
"POINT (9.992742752000026 53.547246685000061)","Unfall 8880 (2024) Kat:3, Licht: 0","8880","3","7","3","12","12","6","","0","0","1","0","0"
"POINT (9.996144089000040 53.456996840000045)","Unfall 8881 (2024) Kat:3, Licht: 2","8881","3","6","2","12","17","5","","2","0","1","0","0"
"POINT (10.023539187000040 53.523601345000031)","Unfall 8883 (2024) Kat:3, Licht: 2","8883","3","6","3","12","07","5","","2","0","1","0","0"
"POINT (9.864749909000068 53.571580279000045)","Unfall 8885 (2024) Kat:3, Licht: 2","8885","3","6","2","12","18","4","","2","0","1","0","0"
"POINT (9.918362125000044 53.472671160000061)","Unfall 8886 (2024) Kat:3, Licht: 0","8886","3","6","3","12","11","3","","0","0","1","0","0"
"POINT (9.918010526000046 53.542086613000038)","Unfall 8888 (2024) Kat:3, Licht: 0","8888","3","6","1","12","09","3","","0","0","1","0","0"
"POINT (9.914534104000040 53.511932292000040)","Unfall 8889 (2024) Kat:3, Licht: 2","8889","3","6","2","12","17","2","","2","0","1","0","0"
"POINT (10.143261734000021 53.537711642000033)","Unfall 8890 (2024) Kat:3, Licht: 2","8890","3","6","2","12","00","2","","2","0","1","0","0"
"POINT (10.026070370000070 53.551226979000035)","Unfall 8891 (2024) Kat:3, Licht: 0","8891","3","2","5","12","13","2","","0","0","1","0","0"
"POINT (9.975245881000035 53.549470453000026)","Unfall 8892 (2024) Kat:3, Licht: 0","8892","3","7","6","12","11","2","","0","0","0","1","0"
"POINT (9.933270735000065 53.433939385000031)","Unfall 8893 (2024) Kat:3, Licht: 0","8893","3","6","2","12","12","1","","0","0","1","0","0"
"POINT (9.915675237000073 53.542777475000037)","Unfall 8894 (2024) Kat:3, Licht: 0","8894","3","6","2","12","13","6","","0","0","1","0","0"
"POINT (9.941534208000064 53.563557966000076)","Unfall 8895 (2024) Kat:3, Licht: 0","8895","3","3","5","12","10","6","","0","1","0","0","0"
"POINT (9.963578364000057 53.558193596000081)","Unfall 8896 (2024) Kat:3, Licht: 2","8896","3","4","6","12","17","6","","2","1","0","1","0"
"POINT (9.840474107000034 53.472337847000063)","Unfall 8898 (2024) Kat:2, Licht: 2","8898","2","3","6","12","16","5","","2","0","0","1","1"
"POINT (9.913615303000029 53.619740260000071)","Unfall 8900 (2024) Kat:3, Licht: 2","8900","3","3","3","12","16","5","","2","0","1","0","0"
"POINT (9.921276252000041 53.440053569000042)","Unfall 8902 (2024) Kat:3, Licht: 2","8902","3","6","3","12","06","4","","2","0","1","0","0"
"POINT (10.040454124000064 53.555802067000059)","Unfall 8903 (2024) Kat:2, Licht: 0","8903","2","7","8","12","14","4","","0","1","1","0","0"
"POINT (10.061504232000061 53.550645435000035)","Unfall 8904 (2024) Kat:3, Licht: 1","8904","3","6","2","12","06","4","","1","0","1","0","0"
"POINT (9.986440600000037 53.460269606000054)","Unfall 8905 (2024) Kat:3, Licht: 2","8905","3","6","2","12","19","3","","2","0","1","0","0"
"POINT (9.946074343000021 53.471009878000075)","Unfall 8906 (2024) Kat:3, Licht: 2","8906","3","6","2","12","17","3","","2","0","1","0","0"
"POINT (10.039107328000057 53.558802593000053)","Unfall 8907 (2024) Kat:3, Licht: 2","8907","3","6","3","12","16","3","","2","0","1","0","0"
"POINT (9.912834644000043 53.619258606000074)","Unfall 8908 (2024) Kat:3, Licht: 2","8908","3","6","2","12","16","3","","2","0","1","0","0"
"POINT (10.022393026000032 53.543423808000057)","Unfall 8910 (2024) Kat:3, Licht: 0","8910","3","6","2","12","13","2","","0","0","0","0","0"
"POINT (9.924089128000048 53.595099555000047)","Unfall 8912 (2024) Kat:3, Licht: 2","8912","3","3","5","12","18","2","","2","0","1","0","0"
"POINT (9.995125197000050 53.457217501000059)","Unfall 8913 (2024) Kat:3, Licht: 2","8913","3","6","2","11","19","7","","2","0","1","0","0"
"POINT (9.956106487000056 53.570387047000054)","Unfall 8914 (2024) Kat:3, Licht: 0","8914","3","3","5","11","12","7","","0","1","0","0","0"
"POINT (10.024883611000064 53.483289677000073)","Unfall 8915 (2024) Kat:2, Licht: 2","8915","2","4","6","11","22","6","","2","0","1","1","0"
"POINT (9.920147115000077 53.604514978000054)","Unfall 8916 (2024) Kat:3, Licht: 1","8916","3","6","3","11","07","6","","1","0","1","0","0"
"POINT (10.147756640000068 53.545011403000046)","Unfall 8917 (2024) Kat:3, Licht: 2","8917","3","6","2","11","17","5","","2","0","1","0","0"
"POINT (10.010666322000077 53.547993991000055)","Unfall 8918 (2024) Kat:3, Licht: 2","8918","3","6","2","11","20","5","","2","0","1","0","0"
"POINT (9.928872869000031 53.592301782000050)","Unfall 8920 (2024) Kat:3, Licht: 2","8920","3","2","5","11","05","5","","2","0","1","0","0"
"POINT (9.908170959000074 53.620343289000061)","Unfall 8922 (2024) Kat:3, Licht: 2","8922","3","2","5","11","18","5","","2","1","1","0","0"
"POINT (9.969719545000032 53.450651630000038)","Unfall 8923 (2024) Kat:3, Licht: 2","8923","3","2","6","11","19","4","","2","0","1","1","0"
"POINT (10.067018301000076 53.509167446000049)","Unfall 8924 (2024) Kat:3, Licht: 0","8924","3","6","1","11","14","4","","0","0","1","0","0"
"POINT (10.006082630000037 53.617217666000045)","Unfall 8926 (2024) Kat:3, Licht: 2","8926","3","2","6","11","19","4","","2","0","1","1","0"
"POINT (9.891818225000065 53.623432870000045)","Unfall 8927 (2024) Kat:3, Licht: 2","8927","3","6","2","11","17","4","","2","0","1","0","0"
"POINT (9.859138502000064 53.572004010000057)","Unfall 8929 (2024) Kat:3, Licht: 0","8929","3","7","0","11","07","4","","0","1","0","0","0"
"POINT (9.911548131000075 53.565655316000061)","Unfall 8931 (2024) Kat:3, Licht: 0","8931","3","6","2","11","12","4","","0","0","1","0","0"
"POINT (9.948636764000071 53.562319744000035)","Unfall 8933 (2024) Kat:3, Licht: 0","8933","3","2","6","11","15","4","","0","0","1","1","0"
"POINT (9.925457552000069 53.637611641000035)","Unfall 8934 (2024) Kat:3, Licht: 0","8934","3","6","0","11","12","3","","0","0","1","0","0"
"POINT (10.040636229000029 53.509952948000034)","Unfall 8937 (2024) Kat:3, Licht: 0","8937","3","7","1","11","12","2","","0","0","0","0","0"
"POINT (10.036270928000022 53.496542929000043)","Unfall 8938 (2024) Kat:3, Licht: 0","8938","3","6","2","11","08","2","","0","0","1","0","0"
"POINT (10.131979202000025 53.527944518000027)","Unfall 8940 (2024) Kat:3, Licht: 2","8940","3","6","2","11","17","1","","2","0","1","0","0"
"POINT (10.025667491000036 53.551774458000068)","Unfall 8941 (2024) Kat:2, Licht: 2","8941","2","3","5","11","05","1","","2","0","1","0","0"
"POINT (9.933687653000050 53.583585970000058)","Unfall 8942 (2024) Kat:2, Licht: 0","8942","2","2","6","11","13","1","","0","0","1","1","0"
"POINT (9.932242096000039 53.586916949000056)","Unfall 8943 (2024) Kat:2, Licht: 0","8943","2","1","8","11","12","1","","0","0","1","0","0"
"POINT (9.919405820000065 53.605996395000034)","Unfall 8944 (2024) Kat:3, Licht: 2","8944","3","6","3","11","22","7","","2","0","1","0","0"
"POINT (9.933105513000044 53.585194879000028)","Unfall 8945 (2024) Kat:3, Licht: 0","8945","3","2","2","11","11","7","","0","0","1","0","0"
"POINT (9.996895811000059 53.456803155000046)","Unfall 8946 (2024) Kat:3, Licht: 2","8946","3","2","5","11","20","6","","2","0","1","0","0"
"POINT (10.031244359000027 53.540874868000060)","Unfall 8947 (2024) Kat:3, Licht: 0","8947","3","7","8","11","10","6","","0","0","0","0","0"
"POINT (9.918944378000049 53.606779178000068)","Unfall 8948 (2024) Kat:3, Licht: 2","8948","3","6","3","11","19","6","","2","0","1","0","0"
"POINT (9.957022646000041 53.571388652000053)","Unfall 8950 (2024) Kat:3, Licht: 2","8950","3","4","6","11","18","6","","2","0","1","1","0"
"POINT (10.054404772000055 53.509525092000047)","Unfall 8951 (2024) Kat:3, Licht: 2","8951","3","6","2","11","16","5","","2","0","1","0","0"
"POINT (10.028073514000027 53.486706231000028)","Unfall 8952 (2024) Kat:3, Licht: 0","8952","3","6","2","11","12","5","","0","0","1","0","0"
"POINT (9.846529812000028 53.572872708000034)","Unfall 8953 (2024) Kat:2, Licht: 2","8953","2","2","6","11","17","5","","2","0","1","1","0"
"POINT (9.919213150000076 53.540615701000036)","Unfall 8954 (2024) Kat:3, Licht: 0","8954","3","6","2","11","13","5","","0","0","1","0","0"
"POINT (9.869155700000022 53.571186063000027)","Unfall 8955 (2024) Kat:3, Licht: 0","8955","3","3","5","11","13","5","","0","1","1","0","0"
"POINT (10.031982423000045 53.491804368000032)","Unfall 8956 (2024) Kat:3, Licht: 0","8956","3","6","3","11","11","4","","0","0","1","0","0"
"POINT (9.923326825000061 53.519880000000057)","Unfall 8957 (2024) Kat:3, Licht: 0","8957","3","6","2","11","13","4","","0","0","1","0","0"
"POINT (9.944996000000060 53.563732486000049)","Unfall 8959 (2024) Kat:3, Licht: 0","8959","3","4","6","11","14","3","","0","0","0","1","0"
"POINT (9.968631618000074 53.585967542000049)","Unfall 8960 (2024) Kat:3, Licht: 1","8960","3","3","5","11","16","2","","1","1","1","0","0"
"POINT (10.171430852000071 53.474701895000067)","Unfall 8961 (2024) Kat:3, Licht: 2","8961","3","6","2","11","20","1","","2","0","1","0","0"
"POINT (10.151184982000075 53.520313588000079)","Unfall 8962 (2024) Kat:3, Licht: 2","8962","3","6","3","11","03","1","","2","0","1","0","0"
"POINT (10.052944379000053 53.551649705000045)","Unfall 8963 (2024) Kat:3, Licht: 2","8963","3","6","2","11","16","1","","2","0","1","0","0"
"POINT (10.009720790000074 53.590822504000073)","Unfall 8964 (2024) Kat:3, Licht: 0","8964","3","6","3","11","07","7","","0","0","1","0","0"
"POINT (9.913205330000039 53.497675153000046)","Unfall 8965 (2024) Kat:3, Licht: 2","8965","3","6","2","11","19","6","","2","0","1","0","0"
"POINT (9.972900803000073 53.466454766000027)","Unfall 8967 (2024) Kat:3, Licht: 2","8967","3","7","3","11","18","6","","2","0","1","0","0"
"POINT (10.049182230000042 53.552109252000037)","Unfall 8968 (2024) Kat:3, Licht: 0","8968","3","6","2","11","13","6","","0","0","1","0","1"
"POINT (9.972464439000021 53.549881577000065)","Unfall 8970 (2024) Kat:3, Licht: 2","8970","3","6","3","11","21","6","","2","0","1","0","0"
"POINT (9.932832048000023 53.534415698000032)","Unfall 8971 (2024) Kat:3, Licht: 0","8971","3","6","2","11","07","5","","0","0","1","0","0"
"POINT (9.956646372000023 53.647820650000028)","Unfall 8972 (2024) Kat:3, Licht: 2","8972","3","6","3","11","06","5","","2","0","1","0","0"
"POINT (9.985235817000046 53.462429421000081)","Unfall 8973 (2024) Kat:3, Licht: 0","8973","3","2","5","11","08","4","","0","1","1","0","0"
"POINT (10.033143427000027 53.541797876000032)","Unfall 8974 (2024) Kat:3, Licht: 0","8974","3","6","0","11","14","4","","0","0","1","0","0"
"POINT (9.944570622000072 53.565253519000066)","Unfall 8975 (2024) Kat:3, Licht: 0","8975","3","2","5","11","11","4","","0","1","1","0","0"
"POINT (9.971119084000065 53.467020636000029)","Unfall 8976 (2024) Kat:3, Licht: 2","8976","3","2","6","11","06","3","","2","0","1","1","0"
"POINT (10.022947176000059 53.527601552000078)","Unfall 8977 (2024) Kat:3, Licht: 0","8977","3","6","3","11","10","3","","0","0","1","0","0"
"POINT (10.196667291000040 53.493615526000042)","Unfall 8978 (2024) Kat:2, Licht: 0","8978","2","7","3","11","07","3","","0","0","1","0","0"
"POINT (10.207022636000033 53.488234144000046)","Unfall 8979 (2024) Kat:3, Licht: 0","8979","3","7","0","11","15","3","","0","1","0","0","0"
"POINT (9.937733068000057 53.576804612000046)","Unfall 8980 (2024) Kat:3, Licht: 1","8980","3","2","0","11","07","3","","1","1","1","0","0"
"POINT (9.953511158000026 53.561620817000062)","Unfall 8981 (2024) Kat:3, Licht: 2","8981","3","7","1","11","21","3","","2","1","1","0","0"
"POINT (9.849516974000039 53.472705154000039)","Unfall 8982 (2024) Kat:3, Licht: 1","8982","3","6","2","11","07","2","","1","0","1","0","0"
"POINT (10.039322042000038 53.509821700000032)","Unfall 8983 (2024) Kat:3, Licht: 1","8983","3","6","2","11","17","2","","1","0","1","0","0"
"POINT (9.964105044000064 53.557009108000045)","Unfall 8984 (2024) Kat:3, Licht: 1","8984","3","4","0","11","16","2","","1","0","1","1","0"
"POINT (10.079632183000058 53.508472675000064)","Unfall 8985 (2024) Kat:3, Licht: 1","8985","3","1","8","11","16","1","","1","0","1","0","0"
"POINT (10.022756231000074 53.527169193000077)","Unfall 8986 (2024) Kat:3, Licht: 0","8986","3","6","3","11","15","7","","0","0","1","0","0"
"POINT (10.021369242000048 53.575093565000032)","Unfall 8987 (2024) Kat:3, Licht: 2","8987","3","2","6","11","20","7","","2","0","1","1","0"
"POINT (9.991543299000057 53.592865437000057)","Unfall 8988 (2024) Kat:3, Licht: 0","8988","3","6","3","11","14","7","","0","0","1","0","0"
"POINT (9.965750659000037 53.553208609000080)","Unfall 8989 (2024) Kat:3, Licht: 2","8989","3","5","3","11","18","7","","2","0","1","0","0"
"POINT (9.933649136000042 53.583708932000036)","Unfall 8990 (2024) Kat:3, Licht: 1","8990","3","6","2","11","21","6","","1","0","1","0","0"
"POINT (9.824496170000032 53.576184773000080)","Unfall 8991 (2024) Kat:3, Licht: 1","8991","3","6","2","11","16","6","","1","0","1","0","1"
"POINT (9.941768676000038 53.563517147000027)","Unfall 8992 (2024) Kat:3, Licht: 0","8992","3","6","3","11","14","6","","0","1","0","0","0"
"POINT (9.995672014000036 53.593852880000043)","Unfall 8993 (2024) Kat:3, Licht: 2","8993","3","7","0","11","23","5","","2","0","0","0","0"
"POINT (9.928611367000030 53.592458314000055)","Unfall 8994 (2024) Kat:3, Licht: 0","8994","3","6","4","11","13","5","","0","1","0","0","0"
"POINT (9.920658574000072 53.563961109000047)","Unfall 8995 (2024) Kat:3, Licht: 2","8995","3","1","0","11","00","4","","2","1","0","0","0"
"POINT (10.022997789000044 53.523650036000049)","Unfall 8996 (2024) Kat:3, Licht: 2","8996","3","6","2","11","17","3","","2","0","1","0","0"
"POINT (10.193867092000062 53.494888942000046)","Unfall 8997 (2024) Kat:2, Licht: 2","8997","2","6","4","11","18","3","","2","0","1","0","0"
"POINT (10.008176259000038 53.547941593000075)","Unfall 8998 (2024) Kat:3, Licht: 0","8998","3","6","2","11","15","3","","0","0","1","0","0"
"POINT (9.935507383000072 53.579433148000078)","Unfall 9000 (2024) Kat:2, Licht: 2","9000","2","3","5","11","19","3","","2","1","1","0","0"
"POINT (9.928722428000071 53.460899968000035)","Unfall 9001 (2024) Kat:3, Licht: 0","9001","3","6","3","11","11","2","","0","0","1","0","0"
"POINT (10.058941682000068 53.550965286000064)","Unfall 9003 (2024) Kat:3, Licht: 0","9003","3","2","2","11","12","2","","0","0","1","0","0"
"POINT (10.019033173000025 53.579485779000038)","Unfall 9004 (2024) Kat:3, Licht: 0","9004","3","5","1","11","14","7","","0","0","1","0","0"
"POINT (9.916447609000045 53.564461237000046)","Unfall 9005 (2024) Kat:3, Licht: 0","9005","3","3","5","11","11","7","","0","1","0","0","0"
"POINT (9.901382390000038 53.569295356000055)","Unfall 9006 (2024) Kat:3, Licht: 0","9006","3","6","2","11","10","7","","0","0","1","0","0"
"POINT (9.928561585000068 53.592284334000055)","Unfall 9008 (2024) Kat:3, Licht: 2","9008","3","2","5","11","02","6","","2","0","1","0","0"
"POINT (9.921356925000055 53.516125995000039)","Unfall 9009 (2024) Kat:3, Licht: 0","9009","3","6","2","11","09","6","","0","0","1","0","0"
"POINT (9.854684940000027 53.472418181000080)","Unfall 9010 (2024) Kat:3, Licht: 2","9010","3","2","3","11","21","2","","2","1","1","0","0"
"POINT (10.034028204000037 53.493858741000054)","Unfall 9011 (2024) Kat:3, Licht: 0","9011","3","6","2","10","11","5","","0","0","1","0","0"
"POINT (9.964144875000045 53.556891347000033)","Unfall 9012 (2024) Kat:3, Licht: 1","9012","3","4","0","10","03","5","","1","0","1","1","0"
"POINT (9.914255887000024 53.514809044000060)","Unfall 9013 (2024) Kat:3, Licht: 0","9013","3","6","3","10","16","4","","0","0","1","0","0"
"POINT (10.076841451000064 53.713803706000078)","Unfall 9014 (2024) Kat:3, Licht: 0","9014","3","2","5","10","12","4","","0","0","1","0","0"
"POINT (9.885267398000053 53.568333175000078)","Unfall 9015 (2024) Kat:3, Licht: 0","9015","3","3","5","10","11","4","","0","1","0","0","0"
"POINT (9.980409139000074 53.588894015000051)","Unfall 9016 (2024) Kat:3, Licht: 1","9016","3","7","0","10","17","4","","1","1","0","0","0"
"POINT (9.969450999000060 53.584269001000052)","Unfall 9017 (2024) Kat:3, Licht: 0","9017","3","7","0","10","14","4","","0","1","0","0","0"
"POINT (10.116021789000058 53.516435768000065)","Unfall 9018 (2024) Kat:3, Licht: 0","9018","3","6","3","10","15","3","","0","0","1","0","0"
"POINT (10.026020493000033 53.551952690000064)","Unfall 9019 (2024) Kat:3, Licht: 0","9019","3","3","5","10","10","3","","0","0","1","0","0"
"POINT (9.848327117000053 53.472753512000054)","Unfall 9020 (2024) Kat:3, Licht: 1","9020","3","6","2","10","16","2","","1","0","1","0","0"
"POINT (10.056269781000026 53.551249647000077)","Unfall 9021 (2024) Kat:3, Licht: 2","9021","3","6","2","11","18","3","","2","0","1","0","0"
"POINT (9.964351862000058 53.469154900000035)","Unfall 9022 (2024) Kat:3, Licht: 1","9022","3","2","3","10","17","2","","1","1","1","0","0"
"POINT (10.047528219000071 53.552304761000073)","Unfall 9023 (2024) Kat:3, Licht: 0","9023","3","6","2","10","13","2","","0","0","1","0","0"
"POINT (9.932223286000067 53.628484515000082)","Unfall 9024 (2024) Kat:3, Licht: 1","9024","3","6","2","10","16","2","","1","0","1","0","0"