WKT,Name,OBJECTID,UKATEGORIE,UTYP1,UART,UMONAT,USTUNDE,UWOCHENTAG,STRZUSTAND,ULICHTVERH,ISTRAD,ISTPKW,ISTFUSS,ISTKRAD
"POINT (10.021193735000054 53.575249328000041)","Unfall 9026 (2024) Kat:3, Licht: 0","9026","3","2","5","10","16","7","","0","1","1","0","0"
"POINT (9.973591347000024 53.549703405000059)","Unfall 9028 (2024) Kat:3, Licht: 2","9028","3","7","0","10","21","7","","2","1","1","0","0"
"POINT (9.972991649000051 53.549795461000031)","Unfall 9029 (2024) Kat:3, Licht: 2","9029","3","6","2","10","05","7","","2","0","1","0","0"
"POINT (9.965262519000021 53.449391891000062)","Unfall 9030 (2024) Kat:3, Licht: 0","9030","3","6","2","10","12","6","","0","0","1","0","0"
"POINT (9.932101243000034 53.587206140000035)","Unfall 9031 (2024) Kat:3, Licht: 0","9031","3","7","0","10","18","6","","0","0","0","0","1"
"POINT (9.937369419000049 53.577237211000067)","Unfall 9032 (2024) Kat:3, Licht: 0","9032","3","3","5","10","09","6","","0","1","0","0","0"
"POINT (9.963607654000043 53.579376684000067)","Unfall 9033 (2024) Kat:3, Licht: 0","9033","3","1","0","10","13","6","","0","1","0","0","0"
"POINT (9.912252023000065 53.565471265000042)","Unfall 9034 (2024) Kat:3, Licht: 0","9034","3","4","6","10","08","5","","0","1","0","1","0"
"POINT (9.969192203000034 53.584084659000041)","Unfall 9035 (2024) Kat:2, Licht: 2","9035","2","3","5","10","02","5","","2","0","0","0","0"
"POINT (10.034435907000045 53.564234698000064)","Unfall 9036 (2024) Kat:3, Licht: 2","9036","3","6","3","10","19","4","","2","0","1","0","1"
"POINT (9.923323621000065 53.470652853000047)","Unfall 9037 (2024) Kat:2, Licht: 0","9037","2","5","5","10","11","3","","0","0","1","0","0"
"POINT (9.888352390000023 53.471959363000053)","Unfall 9038 (2024) Kat:3, Licht: 0","9038","3","7","0","10","17","3","","0","1","0","0","0"
"POINT (10.022734554000067 53.527120109000066)","Unfall 9039 (2024) Kat:3, Licht: 0","9039","3","6","3","10","10","3","","0","0","1","0","0"
"POINT (10.034595937000063 53.506859430000077)","Unfall 9040 (2024) Kat:3, Licht: 2","9040","3","7","7","10","21","3","","2","0","1","0","0"
"POINT (10.015702728000065 53.588806684000076)","Unfall 9041 (2024) Kat:3, Licht: 0","9041","3","2","3","10","10","3","","0","0","1","0","0"
"POINT (10.021313247000023 53.575143371000081)","Unfall 9043 (2024) Kat:3, Licht: 0","9043","3","2","3","10","11","3","","0","1","0","0","0"
"POINT (9.914987996000036 53.479532744000039)","Unfall 9044 (2024) Kat:3, Licht: 2","9044","3","6","2","10","07","2","","2","0","1","0","0"
"POINT (9.921477251000056 53.602882683000075)","Unfall 9046 (2024) Kat:3, Licht: 2","9046","3","6","3","10","20","2","","2","0","1","0","0"
"POINT (9.922034647000032 53.563887599000054)","Unfall 9047 (2024) Kat:3, Licht: 0","9047","3","2","4","10","08","2","","0","0","1","0","1"
"POINT (9.935323260000075 53.647062850000054)","Unfall 9048 (2024) Kat:3, Licht: 2","9048","3","6","2","10","20","1","","2","0","1","0","0"
"POINT (9.987712053000052 53.603465968000080)","Unfall 9049 (2024) Kat:3, Licht: 0","9049","3","3","5","10","09","1","","0","0","1","0","0"
"POINT (10.204593170000066 53.488305586000081)","Unfall 9050 (2024) Kat:2, Licht: 2","9050","2","1","0","10","00","7","","2","0","0","0","0"
"POINT (9.977146009000023 53.587447514000075)","Unfall 9051 (2024) Kat:3, Licht: 0","9051","3","3","5","10","11","7","","0","1","1","0","0"
"POINT (9.971306572000060 53.466961221000076)","Unfall 9052 (2024) Kat:3, Licht: 0","9052","3","6","2","10","11","6","","0","0","1","0","0"
"POINT (10.038118930000053 53.560319269000047)","Unfall 9053 (2024) Kat:3, Licht: 1","9053","3","2","2","10","19","5","","1","0","1","0","0"
"POINT (9.948221556000021 53.618359070000054)","Unfall 9054 (2024) Kat:3, Licht: 0","9054","3","5","5","10","09","5","","0","0","1","0","0"
"POINT (9.955113004000054 53.611896125000044)","Unfall 9055 (2024) Kat:3, Licht: 0","9055","3","5","5","10","08","4","","0","0","0","0","0"
"POINT (9.943309178000050 53.572401076000062)","Unfall 9056 (2024) Kat:3, Licht: 2","9056","3","3","5","10","21","4","","2","0","1","0","0"
"POINT (9.961290201000054 53.605405234000045)","Unfall 9057 (2024) Kat:3, Licht: 0","9057","3","5","2","10","12","4","","0","0","1","0","0"
"POINT (9.985309935000032 53.462368044000073)","Unfall 9058 (2024) Kat:2, Licht: 0","9058","2","3","5","10","16","3","","0","1","1","0","0"
"POINT (10.040659797000046 53.554316344000028)","Unfall 9059 (2024) Kat:3, Licht: 2","9059","3","2","3","10","19","3","","2","1","1","0","0"
"POINT (10.044220313000039 53.552601654000057)","Unfall 9060 (2024) Kat:3, Licht: 0","9060","3","5","5","10","16","3","","0","0","1","0","0"
"POINT (10.031804545000057 53.566418381000062)","Unfall 9061 (2024) Kat:3, Licht: 0","9061","3","3","5","10","15","3","","0","1","1","0","0"
"POINT (9.801190287000054 53.579679577000036)","Unfall 9063 (2024) Kat:3, Licht: 0","9063","3","3","5","10","15","3","","0","1","1","0","0"
"POINT (9.988622522000071 53.592650553000055)","Unfall 9064 (2024) Kat:3, Licht: 0","9064","3","6","3","10","12","3","","0","0","1","0","1"
"POINT (10.216039445000035 53.486315197000067)","Unfall 9066 (2024) Kat:3, Licht: 0","9066","3","6","2","10","08","2","","0","0","1","0","0"
"POINT (9.930574112000045 53.525181254000074)","Unfall 9067 (2024) Kat:3, Licht: 0","9067","3","6","2","10","14","2","","0","0","1","0","0"
"POINT (9.953006865000077 53.613018925000063)","Unfall 9068 (2024) Kat:3, Licht: 0","9068","3","2","3","10","07","2","","0","1","1","0","0"
"POINT (10.029807926000046 53.444742988000030)","Unfall 9069 (2024) Kat:3, Licht: 0","9069","3","6","3","10","11","1","","0","0","1","0","0"
"POINT (10.134158450000029 53.526973052000073)","Unfall 9071 (2024) Kat:3, Licht: 0","9071","3","6","2","10","09","1","","0","0","1","0","0"
"POINT (9.961803901000053 53.577529172000027)","Unfall 9072 (2024) Kat:3, Licht: 2","9072","3","7","0","10","02","1","","2","0","0","0","0"
"POINT (9.845601598000030 53.472752478000075)","Unfall 9073 (2024) Kat:3, Licht: 0","9073","3","5","5","10","12","7","","0","0","1","0","0"
"POINT (9.923027295000054 53.467227490000028)","Unfall 9074 (2024) Kat:3, Licht: 0","9074","3","7","0","10","15","7","","0","0","0","0","1"
"POINT (10.026213170000062 53.532274043000029)","Unfall 9075 (2024) Kat:3, Licht: 2","9075","3","6","2","10","18","7","","2","0","1","0","0"
"POINT (10.031291694000060 53.544188905000055)","Unfall 9076 (2024) Kat:3, Licht: 0","9076","3","6","2","10","15","7","","0","0","1","0","0"
"POINT (10.027365400000065 53.533052900000030)","Unfall 9077 (2024) Kat:3, Licht: 0","9077","3","6","3","10","13","7","","0","0","1","0","0"
"POINT (10.034247995000044 53.564391236000063)","Unfall 9079 (2024) Kat:3, Licht: 0","9079","3","4","6","10","17","7","","0","0","1","1","0"
"POINT (9.897953277000056 53.622254961000067)","Unfall 9081 (2024) Kat:3, Licht: 0","9081","3","6","2","10","15","7","","0","0","1","0","0"
"POINT (10.156523872000037 53.559178754000072)","Unfall 9082 (2024) Kat:3, Licht: 0","9082","3","6","3","10","17","6","","0","0","1","0","0"
"POINT (9.934663444000023 53.580443306000063)","Unfall 9083 (2024) Kat:3, Licht: 0","9083","3","3","5","10","16","6","","0","1","1","0","0"
"POINT (9.915746378000051 53.564609863000044)","Unfall 9084 (2024) Kat:3, Licht: 0","9084","3","6","3","10","17","5","","0","0","1","0","0"
"POINT (9.923020922000035 53.632768549000048)","Unfall 9085 (2024) Kat:3, Licht: 0","9085","3","3","5","10","07","5","","0","0","1","0","0"
"POINT (9.941955897000071 53.572442055000067)","Unfall 9087 (2024) Kat:3, Licht: 1","9087","3","3","5","10","05","5","","1","0","1","0","0"
"POINT (10.031822383000076 53.566403134000041)","Unfall 9088 (2024) Kat:3, Licht: 0","9088","3","2","3","10","08","3","","0","1","1","0","0"
"POINT (10.078713971000070 53.508628850000036)","Unfall 9090 (2024) Kat:3, Licht: 0","9090","3","6","2","10","06","3","","0","0","0","0","0"
"POINT (9.920521659000030 53.604368730000033)","Unfall 9091 (2024) Kat:3, Licht: 0","9091","3","6","2","10","08","3","","0","0","1","0","0"
"POINT (9.915613965000034 53.564638309000031)","Unfall 9092 (2024) Kat:3, Licht: 1","9092","3","7","0","10","18","3","","1","1","0","0","0"
"POINT (9.933160197000063 53.533931959000029)","Unfall 9093 (2024) Kat:3, Licht: 0","9093","3","6","2","10","07","3","","0","0","1","0","0"
"POINT (10.027441916000043 53.533603174000064)","Unfall 9094 (2024) Kat:3, Licht: 0","9094","3","3","5","10","16","2","","0","1","1","0","0"
"POINT (10.064813735000030 53.550216941000031)","Unfall 9095 (2024) Kat:3, Licht: 0","9095","3","2","5","10","16","1","","0","0","1","0","0"
"POINT (9.911737323000068 53.565609946000052)","Unfall 9096 (2024) Kat:3, Licht: 0","9096","3","6","0","10","12","1","","0","0","1","0","0"
"POINT (9.963968984000076 53.448943715000041)","Unfall 9097 (2024) Kat:3, Licht: 1","9097","3","2","5","10","19","7","","1","0","1","0","0"
"POINT (10.025747849000027 53.551667723000037)","Unfall 9098 (2024) Kat:3, Licht: 0","9098","3","6","3","10","17","7","","0","0","1","0","0"
"POINT (10.030711071000042 53.545323858000074)","Unfall 9099 (2024) Kat:3, Licht: 1","9099","3","2","5","10","19","7","","1","0","1","0","0"
"POINT (9.922927059000074 53.632591264000041)","Unfall 9100 (2024) Kat:3, Licht: 0","9100","3","6","2","10","13","7","","0","0","1","0","0"
"POINT (9.915900655000030 53.513397939000072)","Unfall 9101 (2024) Kat:3, Licht: 0","9101","3","6","2","10","14","6","","0","0","1","0","0"
"POINT (9.910830340000075 53.632286843000031)","Unfall 9102 (2024) Kat:3, Licht: 0","9102","3","7","3","10","11","6","","0","0","1","0","0"
"POINT (10.035072929000023 53.495109944000035)","Unfall 9103 (2024) Kat:3, Licht: 0","9103","3","6","2","10","11","5","","0","0","1","0","0"
"POINT (10.035032403000059 53.495061466000038)","Unfall 9104 (2024) Kat:3, Licht: 0","9104","3","6","2","10","11","5","","0","0","1","0","0"
"POINT (10.033585214000027 53.564938242000039)","Unfall 9105 (2024) Kat:3, Licht: 0","9105","3","6","2","10","17","4","","0","0","1","0","0"
"POINT (10.195749350000028 53.473367337000070)","Unfall 9106 (2024) Kat:3, Licht: 0","9106","3","1","8","10","09","3","","0","0","0","0","0"
"POINT (10.033319162000055 53.565158992000079)","Unfall 9107 (2024) Kat:3, Licht: 0","9107","3","6","2","09","16","2","","0","0","1","0","0"
"POINT (9.948332562000076 53.573415643000033)","Unfall 9108 (2024) Kat:3, Licht: 2","9108","3","2","5","09","20","2","","2","0","1","0","0"
"POINT (10.033856282000045 53.564714692000052)","Unfall 9110 (2024) Kat:3, Licht: 1","9110","3","6","2","11","07","2","","1","0","1","0","0"
"POINT (10.027710276000050 53.569731900000079)","Unfall 9111 (2024) Kat:3, Licht: 0","9111","3","4","6","09","14","1","","0","0","0","1","0"
"POINT (9.927779776000023 53.592815560000076)","Unfall 9112 (2024) Kat:3, Licht: 2","9112","3","6","3","09","03","1","","2","0","1","0","0"
"POINT (10.059946934000038 53.509372931000030)","Unfall 9113 (2024) Kat:3, Licht: 0","9113","3","6","2","09","12","7","","0","0","1","0","0"
"POINT (10.091053486000021 53.507990117000077)","Unfall 9114 (2024) Kat:3, Licht: 0","9114","3","2","3","09","07","7","","0","0","1","0","0"
"POINT (10.148046868000051 53.546767704000047)","Unfall 9115 (2024) Kat:3, Licht: 0","9115","3","6","2","09","12","7","","0","0","1","0","0"
"POINT (9.957463366000070 53.571989201000065)","Unfall 9116 (2024) Kat:3, Licht: 0","9116","3","6","2","09","15","7","","0","0","1","0","0"
"POINT (9.845559329000025 53.472750230000031)","Unfall 9117 (2024) Kat:3, Licht: 0","9117","3","5","5","09","15","6","","0","0","1","0","0"
"POINT (10.047060359000056 53.552359472000035)","Unfall 9118 (2024) Kat:3, Licht: 0","9118","3","7","3","09","07","6","","0","0","1","0","0"
"POINT (9.875823734000051 53.570463325000048)","Unfall 9120 (2024) Kat:3, Licht: 0","9120","3","1","8","09","12","6","","0","1","0","0","0"
"POINT (9.983925313000043 53.595541231000027)","Unfall 9121 (2024) Kat:3, Licht: 0","9121","3","7","0","09","13","6","","0","1","0","0","0"
"POINT (9.983920993000027 53.599331655000071)","Unfall 9122 (2024) Kat:3, Licht: 0","9122","3","7","0","09","18","6","","0","1","1","0","0"
"POINT (10.037077899000053 53.497518683000067)","Unfall 9123 (2024) Kat:3, Licht: 0","9123","3","6","2","09","14","5","","0","0","1","0","0"
"POINT (10.021986653000056 53.574547620000033)","Unfall 9124 (2024) Kat:3, Licht: 0","9124","3","7","4","09","12","5","","0","0","1","0","1"
"POINT (10.017663664000054 53.586380817000077)","Unfall 9125 (2024) Kat:3, Licht: 0","9125","3","6","2","09","13","4","","0","0","1","0","0"
"POINT (9.991213478000077 53.606917273000079)","Unfall 9126 (2024) Kat:2, Licht: 0","9126","2","6","3","11","12","2","","0","0","1","0","0"
"POINT (9.917090901000051 53.564343291000057)","Unfall 9127 (2024) Kat:3, Licht: 0","9127","3","3","5","09","12","4","","0","0","1","0","1"
"POINT (10.198552921000044 53.492766078000045)","Unfall 9128 (2024) Kat:3, Licht: 2","9128","3","3","5","09","06","3","","2","1","0","0","0"
"POINT (9.915451895000047 53.542086777000065)","Unfall 9129 (2024) Kat:3, Licht: 0","9129","3","6","2","09","18","3","","0","0","0","0","0"
"POINT (9.967961889000037 53.583730020000075)","Unfall 9130 (2024) Kat:3, Licht: 2","9130","3","6","3","09","20","1","","2","0","1","0","0"
"POINT (9.970904126000050 53.467088588000081)","Unfall 9131 (2024) Kat:3, Licht: 0","9131","3","4","6","09","11","6","","0","0","1","1","0"
"POINT (10.007684206000022 53.547814177000078)","Unfall 9132 (2024) Kat:3, Licht: 0","9132","3","6","2","09","14","6","","0","0","1","0","0"
"POINT (9.913241748000075 53.565173600000037)","Unfall 9133 (2024) Kat:3, Licht: 0","9133","3","2","5","09","12","6","","0","1","1","0","0"
"POINT (9.937886214000059 53.625613761000068)","Unfall 9134 (2024) Kat:3, Licht: 0","9134","3","2","4","09","14","6","","0","1","1","0","0"
"POINT (10.117210338000064 53.517217978000076)","Unfall 9135 (2024) Kat:3, Licht: 0","9135","3","6","2","09","15","5","","0","0","0","0","0"
"POINT (10.155931304000035 53.558806113000060)","Unfall 9136 (2024) Kat:3, Licht: 1","9136","3","6","3","09","19","5","","1","0","1","0","0"
"POINT (10.027636646000076 53.549248409000029)","Unfall 9137 (2024) Kat:2, Licht: 0","9137","2","4","6","09","09","5","","0","0","1","1","0"
"POINT (10.026125915000023 53.532178434000059)","Unfall 9138 (2024) Kat:3, Licht: 2","9138","3","7","7","09","05","5","","2","0","0","0","1"
"POINT (10.032669665000071 53.565699762000065)","Unfall 9139 (2024) Kat:3, Licht: 0","9139","3","3","5","09","18","5","","0","1","1","0","0"
"POINT (9.914527443000054 53.580504401000042)","Unfall 9140 (2024) Kat:3, Licht: 0","9140","3","6","2","09","13","5","","0","0","1","0","0"
"POINT (9.981853738000041 53.463710091000053)","Unfall 9141 (2024) Kat:3, Licht: 2","9141","3","6","2","09","05","4","","2","0","1","0","0"
"POINT (10.040699146000065 53.552745760000050)","Unfall 9142 (2024) Kat:3, Licht: 0","9142","3","2","5","09","16","4","","0","1","1","0","0"
"POINT (9.858538027000066 53.572015292000060)","Unfall 9143 (2024) Kat:3, Licht: 2","9143","3","2","3","09","22","4","","2","1","0","0","0"
"POINT (9.954196569000032 53.570886823000080)","Unfall 9144 (2024) Kat:3, Licht: 0","9144","3","6","2","09","11","4","","0","0","1","0","0"
"POINT (10.022232062000057 53.527353157000050)","Unfall 9145 (2024) Kat:3, Licht: 0","9145","3","7","0","09","15","3","","0","0","1","0","0"
"POINT (9.938801020000028 53.575579581000056)","Unfall 9146 (2024) Kat:3, Licht: 2","9146","3","6","2","09","22","3","","2","0","1","0","0"
"POINT (9.864061570000047 53.571657412000036)","Unfall 9147 (2024) Kat:3, Licht: 0","9147","3","7","0","09","12","2","","0","0","1","0","0"
"POINT (9.959969813000043 53.608179268000072)","Unfall 9148 (2024) Kat:3, Licht: 0","9148","3","5","5","09","13","2","","0","0","1","0","1"
"POINT (9.983483759000023 53.590325482000026)","Unfall 9149 (2024) Kat:3, Licht: 0","9149","3","3","5","09","07","2","","0","1","0","0","0"
"POINT (10.135019325000030 53.528809024000054)","Unfall 9150 (2024) Kat:1, Licht: 0","9150","1","7","9","09","14","1","","0","0","0","0","1"
"POINT (9.858709693000037 53.571899786000074)","Unfall 9151 (2024) Kat:2, Licht: 0","9151","2","4","6","09","08","1","","0","0","1","1","0"
"POINT (9.922866169000031 53.595085150000045)","Unfall 9153 (2024) Kat:3, Licht: 0","9153","3","6","2","09","15","6","","0","0","1","0","0"
"POINT (10.093001321000031 53.563580671000068)","Unfall 9154 (2024) Kat:3, Licht: 0","9154","3","6","2","10","14","7","","0","0","1","0","0"
"POINT (9.933669520000024 53.531529190000072)","Unfall 9155 (2024) Kat:2, Licht: 2","9155","2","7","9","09","03","6","","2","0","0","0","0"
"POINT (9.977532664000023 53.549361569000041)","Unfall 9156 (2024) Kat:3, Licht: 2","9156","3","4","6","09","21","6","","2","0","0","1","0"
"POINT (10.030029830000046 53.545802586000036)","Unfall 9157 (2024) Kat:3, Licht: 0","9157","3","6","3","09","16","5","","0","0","1","0","0"
"POINT (9.961204137000038 53.606307596000079)","Unfall 9158 (2024) Kat:3, Licht: 0","9158","3","3","5","09","09","5","","0","1","1","0","0"
"POINT (9.916591377000032 53.470469428000058)","Unfall 9159 (2024) Kat:3, Licht: 2","9159","3","2","0","09","04","4","","2","0","0","0","0"
"POINT (10.043096200000036 53.552622073000066)","Unfall 9160 (2024) Kat:3, Licht: 0","9160","3","6","2","09","15","4","","0","0","1","0","0"
"POINT (10.026892621000059 53.550363618000063)","Unfall 9161 (2024) Kat:3, Licht: 0","9161","3","6","2","09","09","4","","0","0","1","0","0"
"POINT (9.739725819000057 53.585035971000082)","Unfall 9162 (2024) Kat:3, Licht: 1","9162","3","4","6","12","06","2","","1","0","1","1","0"
"POINT (9.878347527000074 53.569505559000049)","Unfall 9163 (2024) Kat:3, Licht: 0","9163","3","6","2","09","17","4","","0","0","1","0","0"
"POINT (9.932418218000066 53.527094217000069)","Unfall 9164 (2024) Kat:3, Licht: 0","9164","3","6","2","09","16","4","","0","0","1","0","0"
"POINT (10.025893195000037 53.553904620000026)","Unfall 9165 (2024) Kat:3, Licht: 0","9165","3","6","3","09","13","3","","0","0","1","0","0"
"POINT (9.858391074000053 53.572018053000079)","Unfall 9166 (2024) Kat:3, Licht: 0","9166","3","7","0","09","14","3","","0","1","0","0","0"
"POINT (9.914052407000042 53.564974671000073)","Unfall 9167 (2024) Kat:3, Licht: 0","9167","3","5","5","09","08","3","","0","0","1","0","0"
"POINT (9.926966172000050 53.518828095000060)","Unfall 9168 (2024) Kat:3, Licht: 1","9168","3","6","3","09","13","3","","1","0","0","0","1"
"POINT (10.022483375000036 53.574127198000042)","Unfall 9169 (2024) Kat:3, Licht: 0","9169","3","2","3","09","11","2","","0","0","1","0","1"
"POINT (9.959106963000067 53.608984666000026)","Unfall 9170 (2024) Kat:3, Licht: 0","9170","3","6","2","09","16","2","","0","0","1","0","0"
"POINT (9.892681816000049 53.471803573000045)","Unfall 9171 (2024) Kat:3, Licht: 2","9171","3","6","2","12","06","6","","2","0","1","0","0"
"POINT (10.027556890000028 53.518460740000080)","Unfall 9172 (2024) Kat:3, Licht: 0","9172","3","1","9","09","17","1","","0","0","0","0","1"
"POINT (10.077308654000035 53.508471069000052)","Unfall 9173 (2024) Kat:3, Licht: 0","9173","3","1","9","09","16","1","","0","0","0","0","1"
"POINT (10.002131337000037 53.592607139000052)","Unfall 9174 (2024) Kat:3, Licht: 2","9174","3","7","0","09","21","1","","2","0","0","0","1"
"POINT (9.928683203000048 53.470761209000045)","Unfall 9175 (2024) Kat:3, Licht: 0","9175","3","5","5","09","15","7","","0","1","1","0","0"
"POINT (10.016967775000069 53.587427780000041)","Unfall 9176 (2024) Kat:3, Licht: 0","9176","3","3","5","09","06","7","","0","1","1","0","0"
"POINT (9.922924451000029 53.595182613000077)","Unfall 9177 (2024) Kat:3, Licht: 0","9177","3","6","2","09","14","7","","0","0","1","0","0"
"POINT (10.002498765000041 53.547382417000051)","Unfall 9178 (2024) Kat:3, Licht: 2","9178","3","1","4","09","00","7","","2","0","1","0","1"
"POINT (9.789112152000030 53.580595579000033)","Unfall 9180 (2024) Kat:3, Licht: 0","9180","3","5","5","09","07","6","","0","1","1","0","0"
"POINT (9.878977095000039 53.569227144000081)","Unfall 9181 (2024) Kat:3, Licht: 0","9181","3","5","5","09","18","6","","0","1","1","0","0"
"POINT (9.839453181000067 53.472237149000080)","Unfall 9182 (2024) Kat:3, Licht: 0","9182","3","6","0","09","07","5","","0","0","1","0","1"
"POINT (9.996910169000046 53.456798984000045)","Unfall 9183 (2024) Kat:3, Licht: 0","9183","3","3","5","09","17","5","","0","0","1","0","0"
"POINT (10.057318336000037 53.509287795000034)","Unfall 9184 (2024) Kat:3, Licht: 0","9184","3","6","2","09","14","5","","0","0","1","0","0"
"POINT (10.143108672000039 53.537920991000078)","Unfall 9186 (2024) Kat:3, Licht: 0","9186","3","6","2","09","08","5","","0","0","1","0","0"
"POINT (9.802321794000022 53.579507054000032)","Unfall 9187 (2024) Kat:3, Licht: 0","9187","3","5","1","09","11","5","","0","1","1","0","0"
"POINT (9.923863229000062 53.563785050000035)","Unfall 9188 (2024) Kat:3, Licht: 0","9188","3","2","5","09","18","5","","0","1","1","0","0"
"POINT (9.848264514000050 53.472755935000066)","Unfall 9189 (2024) Kat:3, Licht: 0","9189","3","6","2","09","17","4","","0","0","1","0","0"
"POINT (9.942134577000047 53.471129480000059)","Unfall 9190 (2024) Kat:3, Licht: 0","9190","3","6","2","09","08","4","","0","0","1","0","0"
"POINT (10.026403380000033 53.554548242000067)","Unfall 9192 (2024) Kat:3, Licht: 0","9192","3","6","3","09","18","4","","0","0","1","0","0"
"POINT (9.931169259000058 53.629225024000050)","Unfall 9193 (2024) Kat:3, Licht: 0","9193","3","2","5","09","12","4","","0","0","1","0","0"
"POINT (9.964128478000021 53.556939828000054)","Unfall 9194 (2024) Kat:3, Licht: 0","9194","3","2","3","09","11","4","","0","1","1","0","0"
"POINT (10.208608518000062 53.487968529000057)","Unfall 9195 (2024) Kat:3, Licht: 0","9195","3","6","2","09","08","3","","0","1","0","1","0"
"POINT (10.032663149000030 53.540203960000042)","Unfall 9197 (2024) Kat:3, Licht: 0","9197","3","6","2","09","08","3","","0","0","1","0","1"
"POINT (9.858397617000037 53.571909357000038)","Unfall 9198 (2024) Kat:3, Licht: 0","9198","3","3","5","09","17","3","","0","0","1","0","0"
"POINT (9.972762295000052 53.585912714000074)","Unfall 9199 (2024) Kat:3, Licht: 0","9199","3","2","3","09","14","3","","0","1","1","0","0"
"POINT (9.964839421000022 53.580841038000074)","Unfall 9200 (2024) Kat:3, Licht: 0","9200","3","7","6","09","11","3","","0","1","0","1","0"
"POINT (10.025833402000046 53.462822944000038)","Unfall 9201 (2024) Kat:1, Licht: 2","9201","1","4","6","09","23","2","","2","0","1","1","0"
"POINT (10.033455049000054 53.563250372000027)","Unfall 9202 (2024) Kat:3, Licht: 0","9202","3","3","5","09","11","2","","0","1","1","0","0"
"POINT (9.937820253000041 53.576704499000073)","Unfall 9203 (2024) Kat:3, Licht: 0","9203","3","3","5","09","15","2","","0","1","0","0","0"
"POINT (10.001184219000038 53.547563765000064)","Unfall 9204 (2024) Kat:2, Licht: 0","9204","2","6","2","09","16","2","","0","0","1","0","0"
"POINT (10.009666856000024 53.547923061000063)","Unfall 9205 (2024) Kat:3, Licht: 0","9205","3","6","3","09","19","1","","0","0","1","0","0"
"POINT (9.963634423000030 53.600102728000081)","Unfall 9206 (2024) Kat:3, Licht: 0","9206","3","1","0","09","12","1","","0","1","0","0","0"
"POINT (9.850310563000050 53.472668254000041)","Unfall 9207 (2024) Kat:3, Licht: 0","9207","3","2","6","08","08","7","","0","0","1","1","0"
"POINT (9.929470929000047 53.427100025000072)","Unfall 9208 (2024) Kat:3, Licht: 0","9208","3","6","2","08","13","7","","0","0","1","0","0"
"POINT (10.210669622000069 53.487360436000074)","Unfall 9209 (2024) Kat:3, Licht: 0","9209","3","3","5","08","16","7","","0","1","1","0","0"
"POINT (10.229441098000052 53.488144240000054)","Unfall 9210 (2024) Kat:2, Licht: 0","9210","2","7","0","08","15","7","","0","1","0","0","0"
"POINT (10.042821568000022 53.552622270000029)","Unfall 9211 (2024) Kat:3, Licht: 0","9211","3","6","2","08","19","7","","0","0","1","0","0"
"POINT (10.027314333000049 53.570059872000058)","Unfall 9212 (2024) Kat:3, Licht: 2","9212","3","3","5","08","22","7","","2","0","1","1","0"
"POINT (10.026832524000042 53.458101782000028)","Unfall 9213 (2024) Kat:3, Licht: 0","9213","3","6","2","08","11","6","","0","0","1","0","0"
"POINT (10.031986584000038 53.491809359000058)","Unfall 9214 (2024) Kat:3, Licht: 0","9214","3","6","3","08","14","6","","0","0","1","0","0"
"POINT (9.911050255000021 53.565735333000077)","Unfall 9215 (2024) Kat:3, Licht: 2","9215","3","7","0","08","23","6","","2","1","0","0","0"
"POINT (9.915692152000076 53.541992816000061)","Unfall 9216 (2024) Kat:3, Licht: 0","9216","3","6","2","09","14","1","","0","0","1","0","0"
"POINT (9.943593468000074 53.563234928000043)","Unfall 9217 (2024) Kat:3, Licht: 1","9217","3","6","0","08","06","6","","1","0","0","0","1"
"POINT (9.838476611000033 53.472159346000069)","Unfall 9219 (2024) Kat:3, Licht: 0","9219","3","2","5","08","16","5","","0","1","1","0","0"
"POINT (10.241382061000024 53.477660612000079)","Unfall 9220 (2024) Kat:3, Licht: 0","9220","3","2","2","08","17","5","","0","0","1","0","1"
"POINT (10.027463244000046 53.533626604000062)","Unfall 9221 (2024) Kat:3, Licht: 0","9221","3","3","5","08","10","5","","0","1","1","0","0"
"POINT (9.850037114000031 53.472683795000080)","Unfall 9222 (2024) Kat:3, Licht: 0","9222","3","2","3","12","12","6","","0","1","1","0","0"
"POINT (10.013891433000026 53.589699483000061)","Unfall 9223 (2024) Kat:3, Licht: 0","9223","3","7","0","08","07","5","","0","1","0","0","0"
"POINT (9.937583149000034 53.576982874000066)","Unfall 9224 (2024) Kat:3, Licht: 0","9224","3","7","0","08","17","5","","0","1","0","0","0"
"POINT (9.937619773000051 53.576939324000080)","Unfall 9225 (2024) Kat:3, Licht: 0","9225","3","6","3","08","11","5","","0","0","1","0","0"
"POINT (9.938179389000027 53.576295107000078)","Unfall 9226 (2024) Kat:3, Licht: 0","9226","3","6","4","08","08","5","","0","1","0","0","0"
"POINT (9.848695862000056 53.472738867000032)","Unfall 9227 (2024) Kat:3, Licht: 0","9227","3","5","5","08","14","4","","0","1","1","0","0"
"POINT (9.924507597000058 53.595036276000030)","Unfall 9228 (2024) Kat:3, Licht: 0","9228","3","6","3","08","10","4","","0","0","1","0","0"
"POINT (9.955470668000032 53.570527611000045)","Unfall 9229 (2024) Kat:3, Licht: 0","9229","3","6","2","08","15","4","","0","0","1","0","0"
"POINT (9.921497522000038 53.518707165000080)","Unfall 9230 (2024) Kat:3, Licht: 0","9230","3","1","8","08","07","4","","0","0","0","0","1"
"POINT (10.013494669000067 53.589854372000048)","Unfall 9231 (2024) Kat:3, Licht: 0","9231","3","2","5","08","08","3","","0","1","1","0","0"
"POINT (9.933693596000069 53.583566997000048)","Unfall 9232 (2024) Kat:3, Licht: 0","9232","3","3","5","08","18","3","","0","1","1","0","0"
"POINT (9.964949103000038 53.554150157000038)","Unfall 9233 (2024) Kat:2, Licht: 0","9233","2","4","6","08","17","3","","0","0","1","1","0"
"POINT (10.048709951000035 53.552167044000043)","Unfall 9234 (2024) Kat:3, Licht: 0","9234","3","7","0","08","09","2","","0","0","0","0","0"