WKT,Name,OBJECTID,UKATEGORIE,UTYP1,UART,UMONAT,USTUNDE,UWOCHENTAG,STRZUSTAND,ULICHTVERH,ISTRAD,ISTPKW,ISTFUSS,ISTKRAD
"POINT (9.983966289000023 53.592980959000045)","Unfall 9235 (2024) Kat:3, Licht: 0","9235","3","7","8","08","11","2","","0","1","0","0","0"
"POINT (9.922574364000070 53.470634377000067)","Unfall 9236 (2024) Kat:3, Licht: 0","9236","3","2","5","08","19","1","","0","1","1","0","0"
"POINT (9.956106487000056 53.570387047000054)","Unfall 9238 (2024) Kat:3, Licht: 2","9238","3","2","5","08","22","1","","2","1","1","0","0"
"POINT (9.964087852000034 53.557102634000046)","Unfall 9239 (2024) Kat:3, Licht: 2","9239","3","7","0","08","21","1","","2","1","0","0","0"
"POINT (10.042183209000029 53.509633954000037)","Unfall 9240 (2024) Kat:3, Licht: 2","9240","3","6","2","08","03","7","","2","0","1","0","0"
"POINT (10.066376422000076 53.509030044000042)","Unfall 9241 (2024) Kat:3, Licht: 2","9241","3","6","2","08","02","7","","2","0","1","0","0"
"POINT (9.937373588000071 53.563700762000053)","Unfall 9242 (2024) Kat:3, Licht: 0","9242","3","7","6","08","15","7","","0","0","0","1","0"
"POINT (9.974510560000056 53.549551178000058)","Unfall 9243 (2024) Kat:3, Licht: 0","9243","3","6","2","08","14","7","","0","0","1","0","0"
"POINT (9.886832164000054 53.472031438000045)","Unfall 9244 (2024) Kat:3, Licht: 0","9244","3","2","2","08","07","6","","0","0","1","0","0"
"POINT (9.952933539000071 53.470631955000044)","Unfall 9245 (2024) Kat:3, Licht: 0","9245","3","6","2","08","17","6","","0","0","1","0","0"
"POINT (10.134965794000038 53.526852136000059)","Unfall 9246 (2024) Kat:3, Licht: 0","9246","3","6","2","08","09","6","","0","0","1","0","0"
"POINT (10.029993775000037 53.560698146000050)","Unfall 9247 (2024) Kat:3, Licht: 2","9247","3","6","2","11","18","5","","2","0","1","0","0"
"POINT (10.030663861000050 53.567367665000063)","Unfall 9248 (2024) Kat:3, Licht: 0","9248","3","6","2","08","12","6","","0","0","1","0","0"
"POINT (9.907532841000034 53.647804818000054)","Unfall 9249 (2024) Kat:3, Licht: 0","9249","3","5","5","08","19","6","","0","0","1","0","1"
"POINT (9.957233255000062 53.560813333000056)","Unfall 9250 (2024) Kat:3, Licht: 0","9250","3","6","2","08","17","5","","0","0","1","0","0"
"POINT (9.930218550000063 53.536486099000058)","Unfall 9251 (2024) Kat:3, Licht: 0","9251","3","6","2","08","10","4","","0","0","1","0","1"
"POINT (9.959303047000049 53.574435445000063)","Unfall 9252 (2024) Kat:3, Licht: 0","9252","3","6","2","08","16","4","","0","0","1","0","1"
"POINT (10.025971098000070 53.558603153000035)","Unfall 9253 (2024) Kat:3, Licht: 0","9253","3","6","2","08","15","3","","0","0","1","0","1"
"POINT (9.972968172000037 53.549799296000060)","Unfall 9255 (2024) Kat:3, Licht: 0","9255","3","3","5","08","19","3","","0","0","1","0","1"
"POINT (10.204973709000058 53.488247753000053)","Unfall 9257 (2024) Kat:3, Licht: 2","9257","3","7","0","08","23","2","","2","0","0","0","0"
"POINT (9.930204935000063 53.591181423000080)","Unfall 9258 (2024) Kat:3, Licht: 0","9258","3","7","3","08","19","2","","0","0","1","0","0"
"POINT (9.844701170000064 53.472726975000057)","Unfall 9259 (2024) Kat:3, Licht: 0","9259","3","6","2","11","07","6","","0","0","1","0","0"
"POINT (9.944321920000050 53.572879667000052)","Unfall 9260 (2024) Kat:3, Licht: 0","9260","3","3","5","08","12","2","","0","1","1","0","0"
"POINT (9.983919325000045 53.595216730000061)","Unfall 9262 (2024) Kat:3, Licht: 0","9262","3","7","5","08","12","2","","0","1","1","0","0"
"POINT (9.959321117000059 53.560287233000054)","Unfall 9263 (2024) Kat:3, Licht: 0","9263","3","6","3","08","09","2","","0","0","1","0","0"
"POINT (9.964667173000066 53.554902910000067)","Unfall 9264 (2024) Kat:3, Licht: 0","9264","3","4","0","08","14","1","","0","0","0","1","0"
"POINT (10.085459669000045 53.544072661000030)","Unfall 9265 (2024) Kat:3, Licht: 1","9265","3","6","2","08","21","6","","1","0","1","0","0"
"POINT (9.958651286000077 53.573444410000036)","Unfall 9267 (2024) Kat:3, Licht: 0","9267","3","6","2","08","13","5","","0","0","1","0","0"
"POINT (10.025302630000056 53.463408194000067)","Unfall 9268 (2024) Kat:3, Licht: 0","9268","3","6","2","08","13","4","","0","0","1","0","0"
"POINT (10.015407674000073 53.546106676000079)","Unfall 9269 (2024) Kat:3, Licht: 0","9269","3","6","3","12","12","3","","0","0","1","0","0"
"POINT (9.929453210000077 53.646771990000047)","Unfall 9270 (2024) Kat:3, Licht: 0","9270","3","7","9","08","11","4","","0","0","0","0","1"
"POINT (9.968867960000068 53.585303398000065)","Unfall 9271 (2024) Kat:3, Licht: 0","9271","3","4","6","08","16","4","","0","0","0","1","0"
"POINT (9.862537523000071 53.471435995000036)","Unfall 9272 (2024) Kat:3, Licht: 0","9272","3","5","5","08","13","7","","0","1","1","0","0"
"POINT (9.983890085000041 53.600184955000032)","Unfall 9273 (2024) Kat:3, Licht: 0","9273","3","6","2","08","15","4","","0","0","0","0","1"
"POINT (10.025794174000055 53.552469837000046)","Unfall 9274 (2024) Kat:2, Licht: 0","9274","2","1","9","08","17","3","","0","0","0","0","1"
"POINT (9.846949349000056 53.472807796000041)","Unfall 9275 (2024) Kat:3, Licht: 0","9275","3","6","2","08","16","2","","0","0","1","0","1"
"POINT (9.908251310000026 53.470785074000048)","Unfall 9276 (2024) Kat:3, Licht: 0","9276","3","2","2","08","09","2","","0","0","0","0","0"
"POINT (10.211253703000068 53.487147302000039)","Unfall 9277 (2024) Kat:3, Licht: 0","9277","3","7","0","08","11","2","","0","1","0","0","0"
"POINT (10.011765653000054 53.547894176000057)","Unfall 9278 (2024) Kat:3, Licht: 0","9278","3","7","0","08","11","2","","0","0","0","0","1"
"POINT (9.917443520000063 53.610122241000056)","Unfall 9279 (2024) Kat:3, Licht: 0","9279","3","6","3","08","16","2","","0","0","1","0","0"
"POINT (9.915295481000044 53.612635722000050)","Unfall 9280 (2024) Kat:3, Licht: 0","9280","3","6","3","08","11","2","","0","0","1","0","0"
"POINT (9.992241050000075 53.592664621000040)","Unfall 9281 (2024) Kat:3, Licht: 0","9281","3","6","4","08","14","2","","0","1","0","0","0"
"POINT (9.862070830000050 53.571813151000072)","Unfall 9283 (2024) Kat:3, Licht: 0","9283","3","4","6","08","18","1","","0","0","0","1","0"
"POINT (9.915711815000066 53.541985126000043)","Unfall 9285 (2024) Kat:3, Licht: 0","9285","3","6","2","08","10","1","","0","0","1","0","0"
"POINT (9.880217488000028 53.472040361000040)","Unfall 9287 (2024) Kat:3, Licht: 0","9287","3","6","2","08","14","7","","0","0","1","0","0"
"POINT (10.039016922000030 53.558994749000078)","Unfall 9288 (2024) Kat:3, Licht: 0","9288","3","1","0","08","17","7","","0","1","0","0","0"
"POINT (9.978481565000038 53.549324450000029)","Unfall 9289 (2024) Kat:3, Licht: 0","9289","3","6","2","08","18","7","","0","0","1","0","0"
"POINT (10.033171366000033 53.562936074000049)","Unfall 9290 (2024) Kat:3, Licht: 0","9290","3","6","3","08","12","6","","0","0","1","0","0"
"POINT (9.908421359000045 53.565766437000036)","Unfall 9291 (2024) Kat:3, Licht: 0","9291","3","2","4","08","18","6","","0","1","1","0","0"
"POINT (9.955270252000048 53.445504612000036)","Unfall 9292 (2024) Kat:3, Licht: 0","9292","3","2","3","08","12","5","","0","1","1","0","0"
"POINT (10.015609350000034 53.545885429000066)","Unfall 9293 (2024) Kat:3, Licht: 0","9293","3","6","3","08","07","5","","0","0","1","0","1"
"POINT (10.013050174000057 53.590033096000070)","Unfall 9294 (2024) Kat:3, Licht: 0","9294","3","2","3","08","05","5","","0","0","0","0","1"
"POINT (9.926193579000028 53.593877631000055)","Unfall 9295 (2024) Kat:3, Licht: 0","9295","3","2","3","08","20","5","","0","1","0","0","0"
"POINT (9.943281607000074 53.572393114000079)","Unfall 9296 (2024) Kat:2, Licht: 0","9296","2","3","5","08","13","5","","0","0","1","0","0"
"POINT (9.932204429000024 53.431113851000077)","Unfall 9297 (2024) Kat:3, Licht: 0","9297","3","2","5","08","07","3","","0","0","1","0","0"
"POINT (9.932420916000069 53.527097552000043)","Unfall 9298 (2024) Kat:2, Licht: 0","9298","2","6","3","08","07","3","","0","0","1","0","1"
"POINT (9.909800583000049 53.627411838000057)","Unfall 9299 (2024) Kat:3, Licht: 0","9299","3","2","6","08","09","3","","0","0","1","1","0"
"POINT (9.983221341000046 53.548431896000068)","Unfall 9300 (2024) Kat:3, Licht: 0","9300","3","2","5","08","13","2","","0","1","0","0","0"
"POINT (9.947088267000026 53.441528997000034)","Unfall 9301 (2024) Kat:3, Licht: 0","9301","3","7","6","08","21","1","","0","1","0","1","0"
"POINT (10.102481321000027 53.564673627000047)","Unfall 9302 (2024) Kat:3, Licht: 2","9302","3","7","7","08","23","1","","2","0","1","0","0"
"POINT (10.102483299000028 53.564673899000070)","Unfall 9303 (2024) Kat:3, Licht: 2","9303","3","7","8","08","23","1","","2","0","1","0","0"
"POINT (10.064742635000073 53.550225420000061)","Unfall 9304 (2024) Kat:3, Licht: 0","9304","3","2","5","08","15","1","","0","0","1","0","0"
"POINT (9.948472740000057 53.649642370000038)","Unfall 9305 (2024) Kat:3, Licht: 2","9305","3","1","0","08","00","7","","2","0","0","0","1"
"POINT (9.966183860000058 53.581800560000033)","Unfall 9306 (2024) Kat:3, Licht: 0","9306","3","6","3","08","14","7","","0","1","0","0","0"
"POINT (10.027867337000032 53.454534276000061)","Unfall 9307 (2024) Kat:3, Licht: 0","9307","3","6","2","08","11","6","","0","0","1","0","0"
"POINT (10.031910132000064 53.561691181000072)","Unfall 9308 (2024) Kat:3, Licht: 0","9308","3","6","2","11","15","6","","0","0","1","0","0"
"POINT (10.149185149000061 53.549542540000061)","Unfall 9309 (2024) Kat:2, Licht: 0","9309","2","6","3","08","06","6","","0","0","1","0","0"
"POINT (10.025241648000076 53.530757402000063)","Unfall 9310 (2024) Kat:3, Licht: 0","9310","3","6","4","08","16","6","","0","1","0","0","0"
"POINT (10.034239022000065 53.563983297000050)","Unfall 9311 (2024) Kat:2, Licht: 2","9311","2","7","0","08","02","6","","2","1","0","0","0"
"POINT (9.937752542000055 53.576781457000038)","Unfall 9312 (2024) Kat:3, Licht: 0","9312","3","2","3","08","14","6","","0","1","1","0","0"
"POINT (10.050954806000050 53.509403649000035)","Unfall 9313 (2024) Kat:3, Licht: 2","9313","3","6","2","08","22","5","","2","0","1","0","0"
"POINT (10.033541713000034 53.563346388000070)","Unfall 9314 (2024) Kat:3, Licht: 0","9314","3","6","2","08","07","5","","0","0","1","0","1"
"POINT (9.888091496000072 53.471971337000070)","Unfall 9315 (2024) Kat:3, Licht: 0","9315","3","5","5","07","18","4","","0","0","1","0","1"
"POINT (9.944431446000067 53.566803500000049)","Unfall 9316 (2024) Kat:1, Licht: 2","9316","1","1","8","12","02","3","","2","0","1","0","0"
"POINT (10.032392224000034 53.543168472000048)","Unfall 9317 (2024) Kat:3, Licht: 0","9317","3","6","3","07","16","4","","0","0","1","0","0"
"POINT (9.916325803000063 53.476253212000074)","Unfall 9318 (2024) Kat:3, Licht: 0","9318","3","6","2","07","19","3","","0","0","1","0","0"
"POINT (10.127683420000039 53.528520524000044)","Unfall 9319 (2024) Kat:3, Licht: 0","9319","3","6","0","07","06","3","","0","0","1","0","1"
"POINT (9.899253008000073 53.565108501000054)","Unfall 9320 (2024) Kat:3, Licht: 0","9320","3","6","3","07","19","3","","0","0","1","0","0"
"POINT (9.910836409000069 53.632319065000047)","Unfall 9321 (2024) Kat:3, Licht: 0","9321","3","6","2","07","10","3","","0","0","1","0","0"
"POINT (10.152571447000071 53.479970905000073)","Unfall 9322 (2024) Kat:2, Licht: 0","9322","2","1","9","07","17","2","","0","0","1","0","0"
"POINT (10.017526828000030 53.586595661000047)","Unfall 9323 (2024) Kat:3, Licht: 0","9323","3","6","3","07","16","2","","0","0","0","0","0"
"POINT (10.032094736000033 53.543188663000080)","Unfall 9324 (2024) Kat:3, Licht: 0","9324","3","3","3","09","12","6","","0","1","1","0","0"
"POINT (9.916706975000068 53.611259845000063)","Unfall 9325 (2024) Kat:3, Licht: 0","9325","3","6","2","07","14","2","","0","0","1","0","0"
"POINT (9.957319464000022 53.571793208000031)","Unfall 9326 (2024) Kat:3, Licht: 0","9326","3","7","6","07","14","1","","0","1","0","1","0"
"POINT (9.989917533000039 53.547213862000035)","Unfall 9327 (2024) Kat:3, Licht: 0","9327","3","6","2","07","20","1","","0","0","1","0","0"
"POINT (9.948615475000054 53.562324369000066)","Unfall 9328 (2024) Kat:3, Licht: 0","9328","3","6","3","07","12","7","","0","0","1","0","0"
"POINT (9.975625782000066 53.549440960000027)","Unfall 9329 (2024) Kat:3, Licht: 0","9329","3","7","3","07","16","7","","0","0","1","0","0"
"POINT (9.943752224000036 53.572054925000032)","Unfall 9330 (2024) Kat:3, Licht: 0","9330","3","6","4","09","09","3","","0","1","0","0","0"
"POINT (10.038064124000073 53.560383981000030)","Unfall 9331 (2024) Kat:3, Licht: 0","9331","3","3","5","07","08","6","","0","0","1","0","0"
"POINT (9.968104786000026 53.587843876000079)","Unfall 9332 (2024) Kat:3, Licht: 0","9332","3","5","1","07","15","6","","0","1","1","0","0"
"POINT (9.920540609000057 53.470845058000066)","Unfall 9333 (2024) Kat:3, Licht: 0","9333","3","6","2","07","06","5","","0","0","1","0","0"
"POINT (10.032042055000034 53.540072627000029)","Unfall 9334 (2024) Kat:3, Licht: 0","9334","3","7","0","07","15","5","","0","0","0","0","0"
"POINT (9.910867870000061 53.632505913000045)","Unfall 9335 (2024) Kat:3, Licht: 0","9335","3","6","3","07","07","4","","0","0","1","0","0"
"POINT (9.910320384000045 53.629766819000054)","Unfall 9336 (2024) Kat:3, Licht: 0","9336","3","6","2","07","15","4","","0","0","1","0","1"
"POINT (9.867933495000045 53.471635215000049)","Unfall 9337 (2024) Kat:3, Licht: 0","9337","3","5","5","07","08","3","","0","0","1","0","0"
"POINT (9.917736899000033 53.609333424000056)","Unfall 9339 (2024) Kat:3, Licht: 2","9339","3","7","7","07","05","3","","2","0","0","0","0"
"POINT (9.983936384000060 53.593900278000035)","Unfall 9340 (2024) Kat:3, Licht: 0","9340","3","4","6","07","08","3","","0","1","0","1","0"
"POINT (9.928382808000038 53.425873918000036)","Unfall 9341 (2024) Kat:3, Licht: 0","9341","3","6","2","07","16","2","","0","0","1","0","0"
"POINT (9.908442637000064 53.565765762000069)","Unfall 9342 (2024) Kat:3, Licht: 0","9342","3","2","5","07","11","2","","0","0","1","0","0"
"POINT (9.907519875000048 53.617834080000080)","Unfall 9343 (2024) Kat:3, Licht: 0","9343","3","2","0","07","10","1","","0","0","1","0","0"
"POINT (9.948960225000064 53.562257794000061)","Unfall 9344 (2024) Kat:3, Licht: 2","9344","3","7","0","07","02","1","","2","1","0","0","0"
"POINT (9.864948491000064 53.471528653000064)","Unfall 9345 (2024) Kat:3, Licht: 2","9345","3","1","0","07","21","7","","2","1","0","0","0"
"POINT (9.907341026000040 53.565800695000064)","Unfall 9346 (2024) Kat:3, Licht: 2","9346","3","6","2","07","23","7","","2","0","1","0","1"
"POINT (9.983922688000064 53.598155314000053)","Unfall 9348 (2024) Kat:2, Licht: 1","9348","2","1","0","07","22","7","","1","0","0","0","0"
"POINT (9.911406307000050 53.635827578000033)","Unfall 9349 (2024) Kat:3, Licht: 0","9349","3","7","0","07","08","6","","0","1","0","0","0"
"POINT (10.139556108000022 53.533755986000074)","Unfall 9350 (2024) Kat:3, Licht: 0","9350","3","6","2","07","18","5","","0","0","1","0","0"
"POINT (9.934356474000026 53.581199739000056)","Unfall 9351 (2024) Kat:3, Licht: 0","9351","3","6","2","07","12","5","","0","0","1","0","0"
"POINT (9.919474708000052 53.605890028000033)","Unfall 9352 (2024) Kat:2, Licht: 0","9352","2","7","0","07","12","5","","0","0","1","0","0"
"POINT (9.810544112000059 53.577977324000074)","Unfall 9353 (2024) Kat:2, Licht: 0","9353","2","6","2","07","13","5","","0","0","1","0","0"
"POINT (9.959726915000033 53.560153356000058)","Unfall 9355 (2024) Kat:2, Licht: 0","9355","2","2","4","07","18","5","","0","1","1","0","0"
"POINT (9.844556264000062 53.572882495000044)","Unfall 9356 (2024) Kat:3, Licht: 0","9356","3","6","2","07","16","4","","0","0","1","0","0"
"POINT (9.924320045000059 53.467594599000051)","Unfall 9357 (2024) Kat:3, Licht: 0","9357","3","6","2","07","11","3","","0","0","1","0","0"
"POINT (9.986220065000055 53.547779180000077)","Unfall 9358 (2024) Kat:3, Licht: 0","9358","3","2","6","07","15","3","","0","0","1","1","0"
"POINT (9.919266344000050 53.516318511000065)","Unfall 9360 (2024) Kat:3, Licht: 0","9360","3","6","2","07","17","2","","0","0","0","0","0"
"POINT (10.096945555000048 53.509802653000065)","Unfall 9361 (2024) Kat:2, Licht: 0","9361","2","7","0","07","12","2","","0","0","0","0","1"
"POINT (9.983935226000028 53.593517882000071)","Unfall 9362 (2024) Kat:3, Licht: 0","9362","3","6","3","07","11","2","","0","0","1","0","0"
"POINT (9.950403358000074 53.572597541000050)","Unfall 9363 (2024) Kat:3, Licht: 0","9363","3","2","2","07","09","2","","0","1","0","0","0"
"POINT (10.202363794000064 53.491184707000059)","Unfall 9364 (2024) Kat:3, Licht: 0","9364","3","2","5","07","14","1","","0","1","1","0","0"
"POINT (10.032234438000046 53.561964511000042)","Unfall 9366 (2024) Kat:3, Licht: 2","9366","3","7","0","07","22","7","","2","0","0","0","0"
"POINT (9.902407194000034 53.564972860000069)","Unfall 9367 (2024) Kat:3, Licht: 0","9367","3","6","3","07","17","7","","0","0","1","0","0"
"POINT (10.221358264000060 53.487648783000054)","Unfall 9368 (2024) Kat:2, Licht: 0","9368","2","2","3","07","08","6","","0","1","1","0","0"
"POINT (10.209746056000029 53.487690651000037)","Unfall 9369 (2024) Kat:2, Licht: 0","9369","2","1","0","07","11","6","","0","1","0","0","0"
"POINT (10.028608615000053 53.541947904000040)","Unfall 9371 (2024) Kat:3, Licht: 2","9371","3","1","0","07","22","6","","2","0","0","0","1"
"POINT (10.031980211000075 53.561748550000061)","Unfall 9372 (2024) Kat:3, Licht: 0","9372","3","7","1","07","13","6","","0","0","1","0","0"
"POINT (9.933474448000027 53.584252551000077)","Unfall 9373 (2024) Kat:3, Licht: 0","9373","3","6","2","07","16","6","","0","0","1","0","0"
"POINT (10.009251500000062 53.547920988000044)","Unfall 9374 (2024) Kat:3, Licht: 2","9374","3","5","5","07","23","5","","2","1","1","0","0"
"POINT (10.016627048000032 53.545276452000053)","Unfall 9375 (2024) Kat:3, Licht: 0","9375","3","2","5","07","08","5","","0","1","1","0","0"
"POINT (9.845663022000053 53.572871159000044)","Unfall 9377 (2024) Kat:3, Licht: 0","9377","3","6","2","07","08","5","","0","0","1","0","0"
"POINT (9.941983653000023 53.648742490000075)","Unfall 9378 (2024) Kat:3, Licht: 0","9378","3","6","2","07","07","5","","0","0","0","0","0"
"POINT (9.938000731000045 53.576499390000038)","Unfall 9379 (2024) Kat:3, Licht: 0","9379","3","2","3","07","19","5","","0","1","0","0","0"
"POINT (9.951024794000034 53.572237164000057)","Unfall 9380 (2024) Kat:3, Licht: 0","9380","3","6","4","07","08","5","","0","1","0","0","0"
"POINT (10.056086543000049 53.509308270000076)","Unfall 9383 (2024) Kat:2, Licht: 0","9383","2","6","2","07","06","4","","0","0","1","0","0"
"POINT (10.216791669000031 53.486671948000037)","Unfall 9385 (2024) Kat:3, Licht: 0","9385","3","2","3","07","05","4","","0","1","1","0","0"
"POINT (10.216262684000071 53.486427018000029)","Unfall 9386 (2024) Kat:2, Licht: 0","9386","2","7","0","07","06","4","","0","1","0","0","0"
"POINT (9.931580030000021 53.628938874000028)","Unfall 9387 (2024) Kat:3, Licht: 0","9387","3","6","2","07","06","4","","0","0","1","0","1"
"POINT (9.983663815000057 53.648220904000027)","Unfall 9388 (2024) Kat:3, Licht: 2","9388","3","1","9","07","22","3","","2","0","0","0","1"
"POINT (9.915771398000061 53.621820477000028)","Unfall 9389 (2024) Kat:3, Licht: 0","9389","3","6","2","07","15","3","","0","0","1","0","0"
"POINT (9.839775847000055 53.472264097000050)","Unfall 9390 (2024) Kat:3, Licht: 2","9390","3","2","3","11","06","6","","2","1","1","0","0"
"POINT (9.911784097000066 53.565597343000036)","Unfall 9391 (2024) Kat:3, Licht: 0","9391","3","2","3","07","14","3","","0","0","1","0","0"
"POINT (9.922153171000048 53.630004100000065)","Unfall 9392 (2024) Kat:3, Licht: 1","9392","3","3","5","07","22","3","","1","0","1","0","1"
"POINT (9.965563669000062 53.597771726000076)","Unfall 9393 (2024) Kat:3, Licht: 0","9393","3","6","3","07","17","3","","0","1","0","0","0"
"POINT (9.983924014000024 53.597301320000042)","Unfall 9395 (2024) Kat:3, Licht: 0","9395","3","6","4","07","16","3","","0","1","0","0","0"
"POINT (10.029404450000072 53.541650058000073)","Unfall 9396 (2024) Kat:3, Licht: 0","9396","3","7","0","07","17","1","","0","1","0","0","0"
"POINT (9.898713942000029 53.563895651000053)","Unfall 9397 (2024) Kat:3, Licht: 0","9397","3","6","2","07","13","1","","0","0","1","0","1"
"POINT (10.168267822000075 53.513932982000028)","Unfall 9398 (2024) Kat:2, Licht: 0","9398","2","2","5","07","21","7","","0","0","1","0","0"
"POINT (9.909783200000049 53.627328634000037)","Unfall 9399 (2024) Kat:3, Licht: 0","9399","3","2","6","11","12","2","","0","0","1","1","0"
"POINT (9.928879593000033 53.563498402000050)","Unfall 9400 (2024) Kat:3, Licht: 0","9400","3","5","1","07","18","7","","0","0","1","0","0"
"POINT (9.998966629000051 53.547641168000041)","Unfall 9401 (2024) Kat:3, Licht: 2","9401","3","5","5","07","23","7","","2","1","0","0","0"
"POINT (9.920253565000053 53.517078900000058)","Unfall 9403 (2024) Kat:3, Licht: 0","9403","3","6","2","07","15","6","","0","0","1","0","0"
"POINT (9.920631596000021 53.470761839000033)","Unfall 9404 (2024) Kat:3, Licht: 0","9404","3","3","0","07","06","6","","0","0","1","0","0"
"POINT (10.208551357000033 53.487980960000073)","Unfall 9405 (2024) Kat:3, Licht: 0","9405","3","4","6","07","07","6","","0","0","1","1","0"
"POINT (9.930380089000039 53.650454780000075)","Unfall 9406 (2024) Kat:3, Licht: 0","9406","3","6","2","07","14","6","","0","0","1","0","0"
"POINT (9.940210137000065 53.623840049000080)","Unfall 9407 (2024) Kat:3, Licht: 0","9407","3","2","5","07","13","6","","0","0","1","0","0"
"POINT (9.966853622000031 53.582586448000029)","Unfall 9408 (2024) Kat:3, Licht: 0","9408","3","3","5","07","16","6","","0","0","1","0","0"
"POINT (9.920538628000031 53.470586891000039)","Unfall 9409 (2024) Kat:2, Licht: 0","9409","2","1","0","07","07","5","","0","1","0","0","0"
"POINT (10.055212358000063 53.509321388000046)","Unfall 9410 (2024) Kat:3, Licht: 0","9410","3","6","3","07","15","5","","0","0","1","0","0"
"POINT (9.961421445000042 53.605033422000076)","Unfall 9411 (2024) Kat:3, Licht: 0","9411","3","7","3","07","09","5","","0","0","0","0","1"
"POINT (9.888981146000049 53.471932587000026)","Unfall 9412 (2024) Kat:3, Licht: 0","9412","3","2","3","07","16","4","","0","1","0","0","0"
"POINT (10.043179369000029 53.552622013000075)","Unfall 9413 (2024) Kat:3, Licht: 0","9413","3","7","6","07","17","4","","0","0","1","1","0"
"POINT (10.018451073000051 53.585117236000031)","Unfall 9414 (2024) Kat:3, Licht: 0","9414","3","2","3","07","08","4","","0","1","1","0","0"
"POINT (9.824163279000061 53.576244388000077)","Unfall 9415 (2024) Kat:3, Licht: 0","9415","3","5","5","07","10","4","","0","1","0","0","0"
"POINT (9.969154430000060 53.584078090000048)","Unfall 9416 (2024) Kat:3, Licht: 0","9416","3","6","3","07","08","4","","0","1","0","0","0"
"POINT (9.990193434000048 53.547195649000059)","Unfall 9417 (2024) Kat:3, Licht: 0","9417","3","5","1","07","08","4","","0","1","0","0","1"
"POINT (9.980678244000046 53.464059486000053)","Unfall 9418 (2024) Kat:3, Licht: 0","9418","3","3","5","07","16","3","","0","1","1","0","0"
"POINT (9.926645606000022 53.563644857000043)","Unfall 9419 (2024) Kat:3, Licht: 0","9419","3","2","5","07","16","3","","0","0","1","0","1"
"POINT (9.926840464000065 53.563631288000067)","Unfall 9421 (2024) Kat:3, Licht: 0","9421","3","4","6","07","16","3","","0","0","1","1","0"
"POINT (9.925583462000077 53.634974454000030)","Unfall 9422 (2024) Kat:3, Licht: 0","9422","3","1","8","07","07","3","","0","0","1","0","0"
"POINT (10.000720975000036 53.593053265000037)","Unfall 9423 (2024) Kat:3, Licht: 0","9423","3","6","3","07","14","2","","0","0","1","0","0"
"POINT (9.933092845000033 53.585222191000071)","Unfall 9424 (2024) Kat:3, Licht: 0","9424","3","5","5","07","15","3","","0","0","1","0","0"
"POINT (9.917349138000077 53.609638003000043)","Unfall 9425 (2024) Kat:3, Licht: 0","9425","3","6","2","07","17","2","","0","0","1","0","0"
"POINT (9.933100993000039 53.585204623000038)","Unfall 9426 (2024) Kat:3, Licht: 0","9426","3","2","5","07","07","2","","0","0","1","0","0"
"POINT (9.931352540000034 53.644436852000069)","Unfall 9427 (2024) Kat:3, Licht: 0","9427","3","1","9","07","11","2","","0","0","1","0","0"
"POINT (10.202340745000072 53.491196279000064)","Unfall 9428 (2024) Kat:2, Licht: 2","9428","2","3","5","06","00","1","","2","0","1","0","0"
"POINT (10.038862951000056 53.559298570000067)","Unfall 9429 (2024) Kat:3, Licht: 2","9429","3","2","5","06","02","1","","2","0","1","0","0"
"POINT (9.945403369000076 53.440795405000074)","Unfall 9430 (2024) Kat:3, Licht: 0","9430","3","7","0","06","17","7","","0","1","0","0","0"
"POINT (10.028837845000055 53.568836557000054)","Unfall 9431 (2024) Kat:3, Licht: 0","9431","3","7","3","06","14","7","","0","0","1","0","0"
"POINT (10.033072767000021 53.562826831000052)","Unfall 9432 (2024) Kat:3, Licht: 0","9432","3","4","6","06","14","7","","0","0","0","1","0"
"POINT (9.959081832000038 53.647447856000042)","Unfall 9433 (2024) Kat:3, Licht: 0","9433","3","6","2","06","08","7","","0","0","1","0","0"
"POINT (9.945509401000038 53.562977512000032)","Unfall 9434 (2024) Kat:2, Licht: 0","9434","2","3","5","06","16","7","","0","1","1","0","1"
"POINT (10.084692537000024 53.562685803000079)","Unfall 9437 (2024) Kat:3, Licht: 1","9437","3","7","8","06","21","6","","1","0","1","0","0"
"POINT (10.043312548000074 53.552621917000067)","Unfall 9438 (2024) Kat:3, Licht: 0","9438","3","7","0","06","17","6","","0","1","0","0","0"
"POINT (10.030717095000057 53.545316132000039)","Unfall 9439 (2024) Kat:2, Licht: 2","9439","2","2","4","06","23","6","","2","0","1","0","0"
"POINT (9.930746335000038 53.589980245000049)","Unfall 9440 (2024) Kat:3, Licht: 0","9440","3","6","2","06","16","6","","0","0","1","0","0"
"POINT (9.828027200000065 53.575598720000073)","Unfall 9441 (2024) Kat:3, Licht: 2","9441","3","1","0","10","01","7","","2","1","0","0","0"
"POINT (9.917594197000028 53.623250534000078)","Unfall 9442 (2024) Kat:3, Licht: 0","9442","3","6","1","06","14","6","","0","0","1","0","0"
"POINT (9.941990930000031 53.563478453000073)","Unfall 9443 (2024) Kat:3, Licht: 0","9443","3","7","0","06","11","6","","0","1","0","0","0"
"POINT (9.813081886000077 53.577766783000072)","Unfall 9444 (2024) Kat:3, Licht: 0","9444","3","6","2","07","11","4","","0","0","1","0","0"
"POINT (10.206478604000040 53.488239637000049)","Unfall 9445 (2024) Kat:3, Licht: 0","9445","3","6","3","06","20","4","","0","0","1","0","1"
"POINT (10.218486106000057 53.487189947000047)","Unfall 9446 (2024) Kat:2, Licht: 0","9446","2","7","0","06","08","4","","0","1","0","0","0"
"POINT (9.909222886000066 53.624789066000062)","Unfall 9447 (2024) Kat:3, Licht: 0","9447","3","5","5","06","07","4","","0","1","1","0","0"
"POINT (9.959630146000052 53.560186756000064)","Unfall 9448 (2024) Kat:3, Licht: 0","9448","3","6","4","06","15","4","","0","1","0","0","0"
"POINT (9.854671433000021 53.472421132000079)","Unfall 9449 (2024) Kat:3, Licht: 0","9449","3","3","5","06","13","3","","0","1","1","0","0"