WKT,Name,OBJECTID,UKATEGORIE,UTYP1,UART,UMONAT,USTUNDE,UWOCHENTAG,STRZUSTAND,ULICHTVERH,ISTRAD,ISTPKW,ISTFUSS,ISTKRAD
"POINT (9.883545337000044 53.472119186000043)","Unfall 9450 (2024) Kat:3, Licht: 0","9450","3","3","5","06","10","2","","0","1","0","0","0"
"POINT (9.961234782000076 53.448000549000028)","Unfall 9451 (2024) Kat:3, Licht: 0","9451","3","3","5","06","07","2","","0","0","1","0","1"
"POINT (10.019720461000077 53.581667350000032)","Unfall 9452 (2024) Kat:3, Licht: 0","9452","3","6","2","06","20","2","","0","0","1","0","0"
"POINT (9.965815746000033 53.581504420000044)","Unfall 9454 (2024) Kat:3, Licht: 0","9454","3","6","2","06","18","2","","0","0","1","0","0"
"POINT (9.949748173000046 53.562161769000056)","Unfall 9455 (2024) Kat:3, Licht: 0","9455","3","6","3","06","08","2","","0","1","0","0","0"
"POINT (9.914847159000033 53.479040332000068)","Unfall 9456 (2024) Kat:3, Licht: 0","9456","3","6","2","06","17","1","","0","0","1","0","0"
"POINT (10.234062821000066 53.476518760000033)","Unfall 9457 (2024) Kat:3, Licht: 0","9457","3","6","3","06","18","5","","0","0","1","0","0"
"POINT (10.155032775000052 53.558154208000076)","Unfall 9458 (2024) Kat:3, Licht: 0","9458","3","6","3","06","10","5","","0","0","1","0","0"
"POINT (10.026404572000047 53.551613673000077)","Unfall 9459 (2024) Kat:3, Licht: 0","9459","3","6","3","06","17","5","","0","0","1","0","1"
"POINT (9.898944514000050 53.565334176000079)","Unfall 9461 (2024) Kat:3, Licht: 0","9461","3","3","5","11","10","6","","0","0","1","0","0"
"POINT (10.027236055000060 53.556089258000043)","Unfall 9462 (2024) Kat:3, Licht: 0","9462","3","7","0","06","13","5","","0","1","0","0","0"
"POINT (10.015358921000029 53.589027456000053)","Unfall 9464 (2024) Kat:3, Licht: 0","9464","3","7","3","06","18","4","","0","0","1","0","0"
"POINT (9.929506814000035 53.591898466000032)","Unfall 9466 (2024) Kat:3, Licht: 1","9466","3","6","3","06","21","4","","1","0","1","0","0"
"POINT (9.916703513000073 53.610734760000071)","Unfall 9468 (2024) Kat:3, Licht: 0","9468","3","6","3","06","11","4","","0","0","1","0","0"
"POINT (9.838533063000057 53.472163782000052)","Unfall 9469 (2024) Kat:3, Licht: 0","9469","3","6","2","10","14","7","","0","0","1","0","0"
"POINT (9.920571757000062 53.592873637000082)","Unfall 9470 (2024) Kat:3, Licht: 0","9470","3","6","2","06","16","4","","0","0","1","0","0"
"POINT (9.739166359000023 53.585059040000033)","Unfall 9471 (2024) Kat:3, Licht: 0","9471","3","7","0","06","20","4","","0","0","0","0","1"
"POINT (9.983926413000063 53.595898373000068)","Unfall 9473 (2024) Kat:3, Licht: 0","9473","3","2","0","06","13","4","","0","1","0","0","0"
"POINT (9.962115364000056 53.448305712000035)","Unfall 9474 (2024) Kat:3, Licht: 0","9474","3","2","3","06","16","3","","0","0","1","0","1"
"POINT (9.945314349000057 53.471055656000033)","Unfall 9475 (2024) Kat:3, Licht: 0","9475","3","6","2","06","13","3","","0","0","1","0","0"
"POINT (9.995597164000060 53.593825618000039)","Unfall 9476 (2024) Kat:1, Licht: 0","9476","1","4","6","06","16","3","","0","0","0","1","0"
"POINT (9.942573907000053 53.572710446000031)","Unfall 9477 (2024) Kat:3, Licht: 0","9477","3","6","3","06","16","3","","0","0","1","0","0"
"POINT (10.029542943000024 53.444717859000036)","Unfall 9478 (2024) Kat:3, Licht: 0","9478","3","6","2","06","16","2","","0","0","1","0","0"
"POINT (9.957573845000070 53.610690569000042)","Unfall 9479 (2024) Kat:3, Licht: 0","9479","3","6","3","06","08","2","","0","1","0","0","0"
"POINT (9.965566272000046 53.597765014000061)","Unfall 9480 (2024) Kat:3, Licht: 0","9480","3","3","5","06","16","2","","0","1","0","0","0"
"POINT (9.996450983000045 53.547493889000066)","Unfall 9481 (2024) Kat:3, Licht: 2","9481","3","6","2","06","22","2","","2","0","1","0","0"
"POINT (9.863155900000038 53.471439686000053)","Unfall 9482 (2024) Kat:3, Licht: 0","9482","3","2","3","06","18","1","","0","1","1","0","0"
"POINT (9.850693819000071 53.472646474000044)","Unfall 9483 (2024) Kat:3, Licht: 0","9483","3","7","0","06","16","1","","0","1","0","0","0"
"POINT (9.983109548000073 53.548454373000027)","Unfall 9484 (2024) Kat:3, Licht: 0","9484","3","1","0","06","19","1","","0","0","0","0","0"
"POINT (9.999169021000057 53.612701199000071)","Unfall 9485 (2024) Kat:3, Licht: 0","9485","3","6","2","06","13","7","","0","0","1","0","0"
"POINT (9.972621353000022 53.466543784000066)","Unfall 9488 (2024) Kat:2, Licht: 0","9488","2","4","6","06","16","6","","0","0","1","1","0"
"POINT (10.039190052000038 53.558586275000039)","Unfall 9489 (2024) Kat:3, Licht: 0","9489","3","7","6","06","08","6","","0","1","0","1","0"
"POINT (9.920661693000056 53.626901482000051)","Unfall 9490 (2024) Kat:3, Licht: 0","9490","3","6","2","06","10","6","","0","0","1","0","0"
"POINT (9.932270703000029 53.430743016000065)","Unfall 9491 (2024) Kat:3, Licht: 0","9491","3","1","2","06","18","5","","0","0","1","0","0"
"POINT (9.970316815000047 53.467272955000055)","Unfall 9492 (2024) Kat:3, Licht: 0","9492","3","6","3","06","11","5","","0","1","0","0","0"
"POINT (9.941885690000049 53.622009085000059)","Unfall 9493 (2024) Kat:3, Licht: 2","9493","3","3","6","06","22","5","","2","0","0","1","0"
"POINT (9.944719423000038 53.572813762000067)","Unfall 9494 (2024) Kat:3, Licht: 0","9494","3","4","6","06","15","5","","0","0","0","1","0"
"POINT (9.949169349000044 53.573239664000027)","Unfall 9495 (2024) Kat:3, Licht: 0","9495","3","4","6","06","12","5","","0","1","0","1","0"
"POINT (9.901228934000073 53.471000625000045)","Unfall 9496 (2024) Kat:3, Licht: 0","9496","3","7","5","06","07","4","","0","0","1","0","0"
"POINT (9.983888677000039 53.592308754000044)","Unfall 9497 (2024) Kat:3, Licht: 0","9497","3","1","0","09","12","1","","0","0","0","0","1"
"POINT (10.024839266000072 53.466850609000062)","Unfall 9498 (2024) Kat:3, Licht: 0","9498","3","3","5","06","17","4","","0","0","1","0","0"
"POINT (10.099915214000021 53.510485997000046)","Unfall 9499 (2024) Kat:3, Licht: 2","9499","3","1","9","07","22","4","","2","0","1","0","0"
"POINT (10.114630769000030 53.516014033000033)","Unfall 9500 (2024) Kat:2, Licht: 0","9500","2","6","2","06","14","4","","0","0","0","0","0"
"POINT (10.025647406000076 53.571459383000047)","Unfall 9503 (2024) Kat:3, Licht: 0","9503","3","6","2","06","18","4","","0","0","1","0","0"
"POINT (9.992756173000032 53.547247384000059)","Unfall 9504 (2024) Kat:3, Licht: 0","9504","3","7","0","06","17","4","","0","1","0","0","0"
"POINT (9.858420223000053 53.571908664000034)","Unfall 9505 (2024) Kat:3, Licht: 0","9505","3","3","5","06","11","4","","0","0","1","0","0"
"POINT (9.955858231000036 53.611529563000033)","Unfall 9506 (2024) Kat:3, Licht: 0","9506","3","6","2","06","17","4","","0","0","1","0","0"
"POINT (9.940547425000034 53.623475092000035)","Unfall 9507 (2024) Kat:3, Licht: 0","9507","3","7","8","06","18","4","","0","0","1","0","0"
"POINT (9.993054103000077 53.592838686000050)","Unfall 9508 (2024) Kat:3, Licht: 0","9508","3","6","2","06","16","4","","0","0","1","0","1"
"POINT (9.999772193000069 53.613262467000027)","Unfall 9509 (2024) Kat:2, Licht: 2","9509","2","3","5","12","17","3","","2","0","0","0","1"
"POINT (10.024378105000039 53.466685254000026)","Unfall 9510 (2024) Kat:2, Licht: 2","9510","2","1","8","06","02","3","","2","0","1","0","0"
"POINT (10.226798636000069 53.481195227000057)","Unfall 9512 (2024) Kat:3, Licht: 0","9512","3","3","5","06","19","3","","0","0","1","0","0"
"POINT (9.930136361000052 53.525259669000036)","Unfall 9513 (2024) Kat:3, Licht: 0","9513","3","6","2","06","14","3","","0","0","1","0","0"
"POINT (9.933406000000048 53.532653468000035)","Unfall 9514 (2024) Kat:3, Licht: 0","9514","3","6","2","06","08","3","","0","0","1","0","0"
"POINT (9.950183409000033 53.442879823000055)","Unfall 9515 (2024) Kat:2, Licht: 0","9515","2","4","6","06","15","2","","0","0","1","1","0"
"POINT (10.032880983000041 53.539927812000030)","Unfall 9516 (2024) Kat:3, Licht: 0","9516","3","7","0","06","15","1","","0","1","0","0","0"
"POINT (10.025012708000077 53.464449009000077)","Unfall 9518 (2024) Kat:3, Licht: 0","9518","3","6","2","06","10","7","","0","0","1","0","0"
"POINT (10.040856994000023 53.552596075000054)","Unfall 9519 (2024) Kat:3, Licht: 0","9519","3","7","5","06","14","7","","0","0","1","0","0"
"POINT (9.951873302000024 53.571769937000056)","Unfall 9520 (2024) Kat:3, Licht: 0","9520","3","6","4","06","21","6","","0","0","1","0","0"
"POINT (9.807191898000042 53.466663106000055)","Unfall 9521 (2024) Kat:3, Licht: 0","9521","3","2","2","11","12","5","","0","0","1","0","0"
"POINT (9.967392963000066 53.590954088000046)","Unfall 9522 (2024) Kat:3, Licht: 0","9522","3","5","5","10","09","6","","0","0","1","0","0"
"POINT (9.959324848000051 53.574469475000058)","Unfall 9523 (2024) Kat:3, Licht: 0","9523","3","2","3","06","15","6","","0","1","0","0","0"
"POINT (9.968940386000043 53.585102396000082)","Unfall 9524 (2024) Kat:3, Licht: 0","9524","3","4","6","06","13","6","","0","0","0","1","0"
"POINT (9.892466499000022 53.471809835000045)","Unfall 9525 (2024) Kat:3, Licht: 0","9525","3","2","2","06","19","5","","0","0","1","0","0"
"POINT (10.139897303000055 53.483314576000055)","Unfall 9526 (2024) Kat:2, Licht: 0","9526","2","7","0","06","14","5","","0","0","0","0","0"
"POINT (9.804169986000034 53.579214439000054)","Unfall 9527 (2024) Kat:3, Licht: 2","9527","3","5","5","06","23","5","","2","0","1","0","0"
"POINT (9.945930716000021 53.441023666000035)","Unfall 9528 (2024) Kat:3, Licht: 0","9528","3","6","2","06","11","4","","0","0","1","0","0"
"POINT (10.215889286000049 53.486230669000065)","Unfall 9529 (2024) Kat:3, Licht: 1","9529","3","1","4","06","20","4","","1","0","1","0","0"
"POINT (9.991674109000030 53.592826991000038)","Unfall 9530 (2024) Kat:3, Licht: 0","9530","3","2","2","06","14","4","","0","0","1","0","0"
"POINT (10.093006174000038 53.563581149000072)","Unfall 9531 (2024) Kat:3, Licht: 0","9531","3","6","2","06","07","3","","0","0","1","0","0"
"POINT (10.026739046000046 53.555743679000045)","Unfall 9532 (2024) Kat:3, Licht: 0","9532","3","6","0","06","08","3","","0","1","1","0","0"
"POINT (10.000684442000022 53.593078384000080)","Unfall 9533 (2024) Kat:3, Licht: 0","9533","3","3","5","06","06","3","","0","0","1","0","1"
"POINT (10.027807962000054 53.569650552000041)","Unfall 9534 (2024) Kat:3, Licht: 0","9534","3","2","3","06","19","2","","0","1","1","0","0"
"POINT (9.932117902000073 53.587171938000040)","Unfall 9535 (2024) Kat:3, Licht: 0","9535","3","2","2","06","16","3","","0","1","1","0","0"
"POINT (9.931400867000036 53.588603075000037)","Unfall 9536 (2024) Kat:3, Licht: 0","9536","3","3","5","06","14","3","","0","0","1","0","0"
"POINT (9.989144108000062 53.593171697000059)","Unfall 9537 (2024) Kat:3, Licht: 0","9537","3","4","6","06","12","2","","0","0","1","1","0"
"POINT (9.944051104000039 53.568450700000028)","Unfall 9538 (2024) Kat:3, Licht: 0","9538","3","4","6","06","18","1","","0","1","0","1","0"
"POINT (10.227979047000076 53.477056766000032)","Unfall 9540 (2024) Kat:2, Licht: 0","9540","2","1","0","06","10","7","","0","0","1","0","0"
"POINT (10.091819418000057 53.563318840000079)","Unfall 9541 (2024) Kat:3, Licht: 0","9541","3","7","8","06","06","7","","0","0","0","0","0"
"POINT (9.906155738000052 53.619925046000048)","Unfall 9542 (2024) Kat:2, Licht: 0","9542","2","1","0","06","18","7","","0","0","0","0","1"
"POINT (9.966163979000044 53.552854497000055)","Unfall 9543 (2024) Kat:3, Licht: 1","9543","3","7","0","06","04","7","","1","0","0","0","0"
"POINT (9.923275832000058 53.470651675000056)","Unfall 9544 (2024) Kat:3, Licht: 0","9544","3","5","5","05","14","6","","0","0","1","0","0"
"POINT (10.197932203000050 53.493044834000045)","Unfall 9545 (2024) Kat:3, Licht: 0","9545","3","6","3","05","13","6","","0","0","1","0","0"
"POINT (10.124622316000057 53.521252755000035)","Unfall 9546 (2024) Kat:3, Licht: 0","9546","3","6","2","05","10","6","","0","0","1","0","0"
"POINT (10.259077383000033 53.472812517000079)","Unfall 9547 (2024) Kat:3, Licht: 0","9547","3","3","5","07","12","1","","0","1","0","0","1"
"POINT (10.029088260000037 53.560259410000072)","Unfall 9548 (2024) Kat:3, Licht: 0","9548","3","6","2","05","14","6","","0","0","1","0","0"
"POINT (10.006841305000023 53.591528884000070)","Unfall 9549 (2024) Kat:3, Licht: 2","9549","3","2","5","06","23","6","","2","1","1","0","0"
"POINT (9.986787487000072 53.602733432000036)","Unfall 9550 (2024) Kat:3, Licht: 0","9550","3","7","0","05","17","6","","0","0","1","0","0"
"POINT (9.983924524000031 53.596109865000074)","Unfall 9551 (2024) Kat:3, Licht: 0","9551","3","2","5","05","15","6","","0","1","1","0","0"
"POINT (9.986485028000061 53.547734480000031)","Unfall 9552 (2024) Kat:3, Licht: 2","9552","3","1","0","05","01","6","","2","1","0","0","0"
"POINT (10.024573434000047 53.572370269000032)","Unfall 9553 (2024) Kat:3, Licht: 0","9553","3","6","3","05","07","5","","0","0","1","0","1"
"POINT (9.931969022000033 53.527144277000048)","Unfall 9554 (2024) Kat:3, Licht: 0","9554","3","6","2","05","13","5","","0","0","1","0","0"
"POINT (9.929688645000056 53.563474590000055)","Unfall 9555 (2024) Kat:3, Licht: 0","9555","3","1","0","05","08","5","","0","1","0","0","1"
"POINT (9.961727600000074 53.559224092000079)","Unfall 9556 (2024) Kat:3, Licht: 0","9556","3","2","5","05","10","5","","0","1","1","0","0"
"POINT (9.889081541000053 53.471928747000049)","Unfall 9557 (2024) Kat:3, Licht: 0","9557","3","6","2","05","12","4","","0","0","1","0","1"
"POINT (10.217729378000058 53.485303721000037)","Unfall 9558 (2024) Kat:3, Licht: 0","9558","3","7","0","05","09","4","","0","0","0","1","0"
"POINT (10.026370876000044 53.554468657000029)","Unfall 9559 (2024) Kat:3, Licht: 0","9559","3","6","3","05","05","4","","0","0","1","0","0"
"POINT (9.983662783000057 53.648501695000050)","Unfall 9560 (2024) Kat:3, Licht: 0","9560","3","6","2","05","13","4","","0","0","1","0","0"
"POINT (10.028353314000071 53.569235566000032)","Unfall 9561 (2024) Kat:3, Licht: 0","9561","3","2","3","05","16","4","","0","0","1","0","0"
"POINT (9.816074904000061 53.577476363000073)","Unfall 9562 (2024) Kat:3, Licht: 0","9562","3","3","5","05","17","4","","0","1","0","0","0"
"POINT (9.830703608000022 53.471378857000047)","Unfall 9563 (2024) Kat:2, Licht: 0","9563","2","4","6","05","19","3","","0","0","1","1","0"
"POINT (10.075875873000030 53.507553178000080)","Unfall 9564 (2024) Kat:3, Licht: 2","9564","3","1","9","05","01","3","","2","0","1","0","0"
"POINT (9.969080172000076 53.584837205000042)","Unfall 9565 (2024) Kat:2, Licht: 0","9565","2","4","6","05","17","3","","0","0","0","1","0"
"POINT (9.839632112000061 53.472252092000076)","Unfall 9566 (2024) Kat:3, Licht: 0","9566","3","6","3","05","14","2","","0","0","1","0","0"
"POINT (9.978184835000036 53.464788188000057)","Unfall 9567 (2024) Kat:3, Licht: 0","9567","3","7","0","05","10","2","","0","1","0","0","0"
"POINT (9.923067888000048 53.632920110000043)","Unfall 9568 (2024) Kat:3, Licht: 0","9568","3","6","2","05","12","2","","0","0","0","0","0"
"POINT (9.945825735000028 53.573176555000032)","Unfall 9570 (2024) Kat:3, Licht: 0","9570","3","7","2","05","16","2","","0","0","1","0","0"
"POINT (9.965554720000057 53.597794790000080)","Unfall 9571 (2024) Kat:3, Licht: 0","9571","3","3","5","05","13","2","","0","1","1","0","0"
"POINT (9.876759879000076 53.471959822000031)","Unfall 9573 (2024) Kat:3, Licht: 0","9573","3","6","2","05","14","1","","0","0","1","0","0"
"POINT (9.953963037000051 53.444803742000033)","Unfall 9574 (2024) Kat:3, Licht: 0","9574","3","6","2","05","15","1","","0","0","1","0","0"
"POINT (9.986165244000063 53.602837750000049)","Unfall 9576 (2024) Kat:3, Licht: 0","9576","3","6","3","05","16","7","","0","0","1","0","0"
"POINT (10.093246606000037 53.508672011000044)","Unfall 9577 (2024) Kat:3, Licht: 0","9577","3","3","5","05","14","6","","0","0","1","0","0"
"POINT (9.854326823000065 53.472487959000034)","Unfall 9578 (2024) Kat:3, Licht: 0","9578","3","3","5","05","13","4","","0","0","1","0","1"
"POINT (9.901612143000023 53.470970842000042)","Unfall 9579 (2024) Kat:3, Licht: 0","9579","3","2","3","05","07","4","","0","0","1","0","0"
"POINT (9.914104088000045 53.485929327000065)","Unfall 9580 (2024) Kat:3, Licht: 0","9580","3","6","2","05","05","4","","0","0","1","0","0"
"POINT (10.026649819000056 53.555159653000032)","Unfall 9581 (2024) Kat:3, Licht: 0","9581","3","6","3","05","09","4","","0","0","1","0","1"
"POINT (10.026464080000039 53.556622590000075)","Unfall 9582 (2024) Kat:3, Licht: 0","9582","3","6","4","05","08","4","","0","1","0","0","0"
"POINT (9.931410185000061 53.588584463000075)","Unfall 9583 (2024) Kat:3, Licht: 0","9583","3","3","5","05","15","4","","0","0","1","0","0"
"POINT (9.976169447000075 53.587169273000029)","Unfall 9584 (2024) Kat:3, Licht: 0","9584","3","6","2","05","16","4","","0","0","1","0","0"
"POINT (9.998193403000073 53.547598088000029)","Unfall 9585 (2024) Kat:3, Licht: 0","9585","3","6","2","05","17","4","","0","0","1","0","0"
"POINT (9.938761407000072 53.471043832000078)","Unfall 9586 (2024) Kat:3, Licht: 0","9586","3","7","3","05","13","3","","0","0","1","0","0"
"POINT (10.028556291000029 53.487265423000053)","Unfall 9587 (2024) Kat:3, Licht: 0","9587","3","6","2","05","16","3","","0","0","1","0","0"
"POINT (10.009081458000026 53.547921935000033)","Unfall 9588 (2024) Kat:3, Licht: 0","9588","3","6","2","05","07","3","","0","0","1","0","0"
"POINT (10.012968844000056 53.590066891000049)","Unfall 9589 (2024) Kat:2, Licht: 0","9589","2","3","5","05","15","3","","0","0","1","0","0"
"POINT (9.942288373000054 53.572737586000073)","Unfall 9590 (2024) Kat:3, Licht: 0","9590","3","2","3","05","15","3","","0","0","1","0","0"
"POINT (10.038039151000021 53.498741222000035)","Unfall 9591 (2024) Kat:3, Licht: 0","9591","3","6","1","05","07","2","","0","0","1","0","0"
"POINT (9.968187390000026 53.551571094000053)","Unfall 9592 (2024) Kat:3, Licht: 0","9592","3","4","6","05","16","2","","0","1","0","1","0"
"POINT (10.019419006000021 53.582436064000035)","Unfall 9593 (2024) Kat:2, Licht: 0","9593","2","7","3","05","10","1","","0","0","0","0","1"
"POINT (9.932750662000046 53.585899109000081)","Unfall 9594 (2024) Kat:3, Licht: 2","9594","3","5","5","05","00","1","","2","0","1","0","0"
"POINT (10.040574768000056 53.555549883000026)","Unfall 9595 (2024) Kat:2, Licht: 0","9595","2","3","5","05","11","7","","0","0","1","0","0"
"POINT (9.929611762000036 53.563476704000038)","Unfall 9596 (2024) Kat:3, Licht: 0","9596","3","7","0","05","10","7","","0","0","0","0","0"
"POINT (9.961804088000065 53.577529379000055)","Unfall 9597 (2024) Kat:3, Licht: 0","9597","3","7","0","05","19","7","","0","1","0","0","0"
"POINT (10.011202576000073 53.623736819000044)","Unfall 9598 (2024) Kat:3, Licht: 0","9598","3","3","5","05","19","6","","0","0","1","0","0"
"POINT (9.937252694000051 53.577376393000065)","Unfall 9599 (2024) Kat:3, Licht: 0","9599","3","2","5","05","11","6","","0","1","1","0","0"
"POINT (9.977784735000057 53.549361952000027)","Unfall 9601 (2024) Kat:3, Licht: 0","9601","3","3","5","05","16","6","","0","0","1","0","0"
"POINT (10.145386635000023 53.540543158000048)","Unfall 9602 (2024) Kat:3, Licht: 0","9602","3","6","2","05","17","5","","0","0","1","0","0"
"POINT (10.139471353000033 53.533664675000068)","Unfall 9603 (2024) Kat:3, Licht: 0","9603","3","6","2","05","07","5","","0","0","1","0","0"
"POINT (9.919366125000067 53.564013501000034)","Unfall 9604 (2024) Kat:3, Licht: 1","9604","3","2","4","05","04","5","","1","0","1","0","0"
"POINT (9.950607018000028 53.617196949000061)","Unfall 9605 (2024) Kat:3, Licht: 0","9605","3","3","5","05","09","5","","0","0","1","0","1"
"POINT (10.006306775000041 53.547870050000029)","Unfall 9606 (2024) Kat:3, Licht: 0","9606","3","7","0","05","11","5","","0","0","0","0","1"
"POINT (9.973601968000025 53.466231408000056)","Unfall 9607 (2024) Kat:3, Licht: 0","9607","3","5","5","05","16","4","","0","0","1","0","0"
"POINT (10.040565537000077 53.555583802000058)","Unfall 9608 (2024) Kat:2, Licht: 0","9608","2","1","0","05","11","4","","0","0","0","0","1"
"POINT (9.933120036000048 53.585163568000041)","Unfall 9609 (2024) Kat:3, Licht: 0","9609","3","2","3","05","17","4","","0","1","1","0","0"
"POINT (9.929127833000052 53.592146452000065)","Unfall 9610 (2024) Kat:3, Licht: 0","9610","3","3","5","05","15","4","","0","1","1","0","0"
"POINT (9.835111597000036 53.574227169000039)","Unfall 9612 (2024) Kat:3, Licht: 0","9612","3","2","3","05","16","4","","0","1","1","0","0"
"POINT (9.983008837000057 53.463332208000054)","Unfall 9613 (2024) Kat:3, Licht: 2","9613","3","7","0","05","23","3","","2","0","0","0","0"
"POINT (9.948924186000056 53.470844575000058)","Unfall 9615 (2024) Kat:3, Licht: 0","9615","3","6","2","05","13","3","","0","0","1","0","0"
"POINT (9.989768957000024 53.457452543000045)","Unfall 9616 (2024) Kat:3, Licht: 0","9616","3","6","2","05","08","3","","0","0","0","0","1"
"POINT (10.088143390000027 53.507445483000026)","Unfall 9617 (2024) Kat:3, Licht: 0","9617","3","6","3","05","17","3","","0","0","1","0","0"
"POINT (9.808770325000069 53.578261377000047)","Unfall 9619 (2024) Kat:3, Licht: 1","9619","3","7","3","12","17","4","","1","0","1","0","0"
"POINT (10.055354293000050 53.551363999000046)","Unfall 9620 (2024) Kat:3, Licht: 0","9620","3","6","2","05","12","3","","0","0","1","0","0"
"POINT (9.995725228000026 53.593872262000048)","Unfall 9621 (2024) Kat:2, Licht: 0","9621","2","6","2","05","16","3","","0","0","1","0","0"
"POINT (9.854398855000056 53.572059337000042)","Unfall 9622 (2024) Kat:3, Licht: 2","9622","3","6","4","05","00","3","","2","1","0","0","1"
"POINT (9.945274113000039 53.563170111000034)","Unfall 9623 (2024) Kat:2, Licht: 0","9623","2","6","3","05","16","3","","0","1","0","0","0"
"POINT (9.979868990000057 53.464290416000040)","Unfall 9624 (2024) Kat:3, Licht: 2","9624","3","7","0","05","22","2","","2","0","0","0","1"
"POINT (9.988383137000028 53.458201757000040)","Unfall 9625 (2024) Kat:3, Licht: 0","9625","3","6","3","05","09","2","","0","0","1","0","0"
"POINT (10.027549614000066 53.542252425000072)","Unfall 9626 (2024) Kat:3, Licht: 0","9626","3","6","2","05","08","2","","0","0","1","0","0"
"POINT (9.970426637000060 53.550566439000079)","Unfall 9627 (2024) Kat:3, Licht: 2","9627","3","7","0","07","23","4","","2","1","0","0","0"
"POINT (10.021486808000077 53.574988991000055)","Unfall 9628 (2024) Kat:3, Licht: 0","9628","3","4","6","05","17","2","","0","0","1","1","0"
"POINT (9.855418379000071 53.571963786000026)","Unfall 9629 (2024) Kat:3, Licht: 0","9629","3","7","0","05","18","2","","0","1","0","0","0"
"POINT (9.923775392000039 53.634277558000065)","Unfall 9630 (2024) Kat:3, Licht: 0","9630","3","6","2","05","07","2","","0","0","1","0","0"
"POINT (9.948473894000074 53.562355122000042)","Unfall 9631 (2024) Kat:3, Licht: 0","9631","3","2","3","05","07","2","","0","1","0","0","0"
"POINT (10.015605282000024 53.588874032000035)","Unfall 9632 (2024) Kat:3, Licht: 0","9632","3","1","0","05","15","1","","0","0","0","0","0"
"POINT (9.922306083000024 53.630463280000072)","Unfall 9633 (2024) Kat:3, Licht: 0","9633","3","6","2","05","14","1","","0","0","1","0","0"
"POINT (10.125065524000036 53.528914141000030)","Unfall 9634 (2024) Kat:3, Licht: 1","9634","3","1","0","05","04","7","","1","0","0","0","1"
"POINT (9.975525855000058 53.465618928000026)","Unfall 9635 (2024) Kat:3, Licht: 0","9635","3","4","6","05","14","6","","0","1","0","1","0"
"POINT (9.975218251000058 53.451624305000053)","Unfall 9636 (2024) Kat:3, Licht: 0","9636","3","6","4","05","13","6","","0","0","1","0","1"
"POINT (10.028256368000029 53.559888722000039)","Unfall 9637 (2024) Kat:3, Licht: 0","9637","3","6","3","05","19","6","","0","0","1","0","1"
"POINT (9.912028243000066 53.565531560000068)","Unfall 9638 (2024) Kat:3, Licht: 0","9638","3","7","0","05","17","2","","0","1","0","0","0"
"POINT (9.972021112000050 53.585421525000072)","Unfall 9639 (2024) Kat:3, Licht: 0","9639","3","7","5","05","16","6","","0","0","1","0","0"
"POINT (10.029810890000022 53.444703872000048)","Unfall 9642 (2024) Kat:3, Licht: 0","9642","3","6","2","05","14","5","","0","0","1","0","0"
"POINT (10.052703264000058 53.509579644000041)","Unfall 9643 (2024) Kat:3, Licht: 0","9643","3","6","2","05","18","4","","0","0","1","0","0"
"POINT (9.963835988000028 53.557955721000042)","Unfall 9644 (2024) Kat:3, Licht: 1","9644","3","6","2","05","19","4","","1","0","1","0","1"
"POINT (10.027298712000061 53.549700920000078)","Unfall 9645 (2024) Kat:3, Licht: 0","9645","3","6","2","05","09","3","","0","0","1","0","0"
"POINT (9.928113204000056 53.523593895000033)","Unfall 9646 (2024) Kat:3, Licht: 2","9646","3","1","0","05","23","3","","2","0","1","0","0"
"POINT (9.948332562000076 53.573415643000033)","Unfall 9647 (2024) Kat:3, Licht: 0","9647","3","3","5","05","15","2","","0","1","1","0","0"
"POINT (9.987525814000037 53.603280376000043)","Unfall 9648 (2024) Kat:3, Licht: 1","9648","3","3","5","05","04","2","","1","0","1","0","0"
"POINT (9.937415940000051 53.625979802000074)","Unfall 9649 (2024) Kat:3, Licht: 0","9649","3","7","0","05","13","1","","0","1","0","0","0"
"POINT (9.995853293000039 53.610524612000063)","Unfall 9650 (2024) Kat:3, Licht: 2","9650","3","7","0","05","03","1","","2","0","0","0","0"
"POINT (9.944027926000047 53.568210404000070)","Unfall 9651 (2024) Kat:2, Licht: 0","9651","2","2","3","05","18","1","","0","1","1","0","0"
"POINT (9.988877824000042 53.457413652000071)","Unfall 9652 (2024) Kat:3, Licht: 0","9652","3","3","5","05","19","7","","0","0","1","0","0"
"POINT (10.055042339000067 53.509323938000080)","Unfall 9653 (2024) Kat:3, Licht: 0","9653","3","6","2","05","13","6","","0","0","1","0","0"
"POINT (10.037675462000038 53.560801815000048)","Unfall 9654 (2024) Kat:3, Licht: 0","9654","3","6","2","05","18","6","","0","0","1","0","0"
"POINT (9.919340990000023 53.592215615000043)","Unfall 9655 (2024) Kat:3, Licht: 0","9655","3","6","3","05","08","6","","0","0","1","0","0"
"POINT (10.031409221000047 53.566748213000039)","Unfall 9656 (2024) Kat:3, Licht: 0","9656","3","1","8","05","14","5","","0","1","0","0","0"
"POINT (9.820162896000056 53.576844279000056)","Unfall 9657 (2024) Kat:3, Licht: 0","9657","3","5","5","05","11","5","","0","1","1","0","0"
"POINT (9.914957918000027 53.564777653000078)","Unfall 9658 (2024) Kat:3, Licht: 0","9658","3","6","2","05","11","5","","0","0","1","0","0"
"POINT (9.987355949000062 53.646874111000045)","Unfall 9659 (2024) Kat:3, Licht: 0","9659","3","1","9","05","12","4","","0","0","0","0","1"
"POINT (9.792604480000023 53.580590626000060)","Unfall 9661 (2024) Kat:3, Licht: 0","9661","3","2","5","09","15","6","","0","1","0","0","0"
"POINT (9.822223137000037 53.576529450000066)","Unfall 9662 (2024) Kat:3, Licht: 0","9662","3","5","5","05","11","4","","0","1","1","0","0"
"POINT (9.982936342000073 53.590011125000046)","Unfall 9663 (2024) Kat:3, Licht: 0","9663","3","3","5","05","19","4","","0","1","1","0","0"