WKT,Name,OBJECTID,UKATEGORIE,UTYP1,UART,UMONAT,USTUNDE,UWOCHENTAG,STRZUSTAND,ULICHTVERH,ISTRAD,ISTPKW,ISTFUSS,ISTKRAD
"POINT (9.965349001000050 53.553602663000049)","Unfall 9665 (2024) Kat:3, Licht: 0","9665","3","7","6","05","15","4","","0","1","0","1","0"
"POINT (9.934915156000045 53.436561486000073)","Unfall 9666 (2024) Kat:3, Licht: 0","9666","3","2","3","04","14","3","","0","1","1","0","0"
"POINT (9.933329540000045 53.563672724000071)","Unfall 9667 (2024) Kat:3, Licht: 2","9667","3","7","0","12","19","2","","2","1","0","0","0"
"POINT (10.035973457000068 53.496574695000049)","Unfall 9668 (2024) Kat:3, Licht: 0","9668","3","6","2","04","17","3","","0","0","1","0","0"
"POINT (10.212593029000061 53.486659281000072)","Unfall 9669 (2024) Kat:3, Licht: 0","9669","3","5","5","04","16","3","","0","0","1","0","0"
"POINT (9.939585710000074 53.648235988000067)","Unfall 9670 (2024) Kat:3, Licht: 0","9670","3","6","2","04","16","3","","0","0","1","0","0"
"POINT (9.949018411000054 53.442366952000043)","Unfall 9671 (2024) Kat:3, Licht: 0","9671","3","6","2","08","16","1","","0","0","1","0","0"
"POINT (9.924319582000066 53.635583459000031)","Unfall 9672 (2024) Kat:3, Licht: 0","9672","3","6","2","04","16","3","","0","0","1","0","0"
"POINT (9.980132273000038 53.588656895000042)","Unfall 9673 (2024) Kat:3, Licht: 0","9673","3","6","2","04","17","3","","0","0","1","0","1"
"POINT (9.936543321000045 53.563731595000036)","Unfall 9674 (2024) Kat:3, Licht: 0","9674","3","6","2","04","07","3","","0","0","1","0","0"
"POINT (9.941119551000043 53.563597751000032)","Unfall 9675 (2024) Kat:2, Licht: 0","9675","2","4","6","04","07","3","","0","0","1","1","0"
"POINT (9.956471728000054 53.611232583000060)","Unfall 9676 (2024) Kat:3, Licht: 0","9676","3","6","2","04","15","2","","0","0","1","0","0"
"POINT (9.961719106000032 53.517105938000043)","Unfall 9677 (2024) Kat:3, Licht: 0","9677","3","6","2","04","13","2","","0","0","1","0","0"
"POINT (9.983930806000046 53.600537111000051)","Unfall 9678 (2024) Kat:3, Licht: 0","9678","3","6","2","09","16","3","","0","0","1","0","0"
"POINT (10.146235804000071 53.541710148000050)","Unfall 9679 (2024) Kat:2, Licht: 2","9679","2","1","8","04","22","1","","2","0","1","0","0"
"POINT (9.923077368000065 53.595591597000066)","Unfall 9680 (2024) Kat:3, Licht: 0","9680","3","7","9","04","19","1","","0","0","1","0","0"
"POINT (9.962277450000045 53.602662934000080)","Unfall 9681 (2024) Kat:3, Licht: 0","9681","3","2","3","04","14","1","","0","1","1","0","0"
"POINT (10.027154698000061 53.458086128000048)","Unfall 9682 (2024) Kat:3, Licht: 0","9682","3","6","2","04","11","7","","0","0","1","0","0"
"POINT (9.932061253000029 53.587286513000038)","Unfall 9683 (2024) Kat:2, Licht: 0","9683","2","1","8","07","13","2","","0","0","1","0","0"
"POINT (10.040818626000032 53.552595221000047)","Unfall 9684 (2024) Kat:3, Licht: 2","9684","3","2","4","04","00","7","","2","0","1","0","0"
"POINT (10.058343442000023 53.551027800000043)","Unfall 9685 (2024) Kat:3, Licht: 0","9685","3","6","2","04","06","7","","0","0","1","0","0"
"POINT (9.983527701000071 53.548371777000057)","Unfall 9686 (2024) Kat:3, Licht: 0","9686","3","4","6","04","18","7","","0","0","1","1","0"
"POINT (9.915543749000051 53.515085368000030)","Unfall 9687 (2024) Kat:3, Licht: 0","9687","3","3","5","04","08","6","","0","0","1","0","0"
"POINT (10.216734000000031 53.486650768000061)","Unfall 9688 (2024) Kat:3, Licht: 2","9688","3","7","0","04","02","6","","2","0","0","0","0"
"POINT (9.911389109000027 53.565691911000044)","Unfall 9689 (2024) Kat:3, Licht: 0","9689","3","4","6","04","19","6","","0","0","0","1","0"
"POINT (9.975620526000057 53.645750954000050)","Unfall 9690 (2024) Kat:3, Licht: 0","9690","3","1","8","04","11","6","","0","0","0","0","0"
"POINT (9.966592128000059 53.594123392000029)","Unfall 9692 (2024) Kat:3, Licht: 0","9692","3","7","0","04","14","6","","0","0","1","0","0"
"POINT (9.954661128000055 53.561355921000029)","Unfall 9693 (2024) Kat:3, Licht: 0","9693","3","2","3","04","13","6","","0","1","1","0","0"
"POINT (9.973669191000056 53.549689019000027)","Unfall 9695 (2024) Kat:3, Licht: 0","9695","3","4","6","04","19","6","","0","0","1","1","0"
"POINT (9.932486455000060 53.470907964000048)","Unfall 9697 (2024) Kat:3, Licht: 0","9697","3","6","2","04","16","5","","0","0","1","0","0"
"POINT (10.222191487000032 53.482905309000046)","Unfall 9698 (2024) Kat:3, Licht: 0","9698","3","2","4","04","18","5","","0","0","1","0","0"
"POINT (10.007566667000049 53.618127843000082)","Unfall 9699 (2024) Kat:3, Licht: 0","9699","3","6","2","04","17","5","","0","0","1","0","0"
"POINT (9.908234734000075 53.618405287000030)","Unfall 9701 (2024) Kat:3, Licht: 0","9701","3","6","2","04","17","5","","0","0","1","0","0"
"POINT (9.830602289000069 53.471369064000044)","Unfall 9702 (2024) Kat:1, Licht: 0","9702","1","6","3","04","13","4","","0","0","1","0","0"
"POINT (9.948884840000062 53.442309008000052)","Unfall 9703 (2024) Kat:3, Licht: 0","9703","3","6","2","04","12","4","","0","0","1","0","0"
"POINT (9.865514862000055 53.471550474000082)","Unfall 9704 (2024) Kat:2, Licht: 0","9704","2","7","7","04","07","3","","0","1","0","0","0"
"POINT (9.989487462000056 53.457413006000081)","Unfall 9706 (2024) Kat:3, Licht: 0","9706","3","6","3","04","14","3","","0","0","1","0","0"
"POINT (10.028049003000035 53.569467451000037)","Unfall 9707 (2024) Kat:3, Licht: 0","9707","3","7","0","04","15","2","","0","0","1","0","0"
"POINT (9.915820195000038 53.564594006000050)","Unfall 9709 (2024) Kat:3, Licht: 0","9709","3","6","2","04","16","2","","0","0","1","0","0"
"POINT (9.937745309000036 53.576790057000039)","Unfall 9710 (2024) Kat:3, Licht: 0","9710","3","2","3","04","19","2","","0","1","1","0","0"
"POINT (10.032607465000069 53.492554085000052)","Unfall 9711 (2024) Kat:3, Licht: 0","9711","3","6","2","04","13","1","","0","0","1","0","0"
"POINT (9.941134498000054 53.573001664000060)","Unfall 9712 (2024) Kat:3, Licht: 0","9712","3","6","2","10","10","4","","0","0","1","0","0"
"POINT (10.039262776000044 53.503716223000026)","Unfall 9713 (2024) Kat:3, Licht: 2","9713","3","6","3","04","23","7","","2","0","1","0","0"
"POINT (9.895336189000034 53.622633787000041)","Unfall 9714 (2024) Kat:3, Licht: 0","9714","3","6","2","04","14","7","","0","0","1","0","0"
"POINT (9.992299094000032 53.607974196000043)","Unfall 9715 (2024) Kat:3, Licht: 0","9715","3","6","2","04","15","7","","0","0","1","0","0"
"POINT (9.945149925000067 53.563396304000037)","Unfall 9716 (2024) Kat:3, Licht: 0","9716","3","6","2","04","07","6","","0","0","1","0","0"
"POINT (10.065535458000056 53.509252751000076)","Unfall 9717 (2024) Kat:3, Licht: 0","9717","3","6","3","04","09","5","","0","0","1","0","0"
"POINT (10.040510251000057 53.555701165000073)","Unfall 9718 (2024) Kat:3, Licht: 0","9718","3","4","6","09","14","6","","0","0","0","1","0"
"POINT (10.183848702000034 53.472944159000065)","Unfall 9719 (2024) Kat:3, Licht: 0","9719","3","6","2","04","08","5","","0","0","1","0","0"
"POINT (10.262315933000025 53.472180213000058)","Unfall 9721 (2024) Kat:3, Licht: 0","9721","3","3","5","04","07","5","","0","0","1","0","0"
"POINT (9.964455161000046 53.599355943000035)","Unfall 9722 (2024) Kat:3, Licht: 0","9722","3","7","0","04","10","5","","0","0","0","1","0"
"POINT (10.039188378000063 53.501158935000035)","Unfall 9723 (2024) Kat:3, Licht: 2","9723","3","6","3","09","01","1","","2","0","1","0","0"
"POINT (10.029807083000037 53.444754098000033)","Unfall 9724 (2024) Kat:3, Licht: 0","9724","3","6","2","04","10","4","","0","0","1","0","0"
"POINT (10.065830847000029 53.509237561000077)","Unfall 9725 (2024) Kat:3, Licht: 0","9725","3","6","2","04","07","4","","0","0","1","0","0"
"POINT (10.034397462000072 53.564124121000077)","Unfall 9726 (2024) Kat:3, Licht: 0","9726","3","3","5","04","18","4","","0","1","1","0","0"
"POINT (9.872745977000022 53.471806135000065)","Unfall 9727 (2024) Kat:3, Licht: 0","9727","3","5","5","04","16","3","","0","0","1","0","0"
"POINT (9.930874090000032 53.470834702000047)","Unfall 9729 (2024) Kat:2, Licht: 2","9729","2","7","9","04","22","3","","2","0","1","0","0"
"POINT (9.974127852000038 53.451435964000041)","Unfall 9730 (2024) Kat:3, Licht: 0","9730","3","6","2","04","12","3","","0","0","1","0","0"
"POINT (9.910792643000036 53.638091595000049)","Unfall 9731 (2024) Kat:3, Licht: 0","9731","3","5","5","04","15","3","","0","1","1","0","0"
"POINT (9.909029421000071 53.643347818000052)","Unfall 9732 (2024) Kat:3, Licht: 0","9732","3","3","5","04","13","3","","0","1","1","0","0"
"POINT (9.908194758000036 53.620439873000066)","Unfall 9733 (2024) Kat:3, Licht: 0","9733","3","2","5","04","08","3","","0","0","0","0","0"
"POINT (9.952200466000022 53.613524303000077)","Unfall 9736 (2024) Kat:3, Licht: 0","9736","3","2","0","04","06","3","","0","1","1","0","0"
"POINT (9.967017720000058 53.582796999000038)","Unfall 9737 (2024) Kat:3, Licht: 0","9737","3","7","0","04","13","3","","0","1","0","0","0"
"POINT (9.853416188000040 53.472562201000073)","Unfall 9738 (2024) Kat:3, Licht: 0","9738","3","6","2","04","12","2","","0","0","1","0","0"
"POINT (10.137129429000026 53.530827953000028)","Unfall 9739 (2024) Kat:3, Licht: 0","9739","3","6","3","04","12","2","","0","0","1","0","0"
"POINT (9.944107072000065 53.569109766000054)","Unfall 9740 (2024) Kat:3, Licht: 0","9740","3","2","5","06","15","6","","0","1","1","0","0"
"POINT (9.989050911000049 53.593115046000037)","Unfall 9741 (2024) Kat:3, Licht: 0","9741","3","6","4","04","17","2","","0","1","0","0","0"
"POINT (9.993177478000064 53.592895937000037)","Unfall 9742 (2024) Kat:3, Licht: 0","9742","3","6","3","04","11","2","","0","0","1","0","0"
"POINT (9.880995740000060 53.472067631000073)","Unfall 9744 (2024) Kat:2, Licht: 0","9744","2","7","9","04","08","1","","0","0","1","0","0"
"POINT (10.032075938000048 53.543212998000058)","Unfall 9745 (2024) Kat:3, Licht: 0","9745","3","2","5","07","09","5","","0","1","0","0","0"
"POINT (9.978390022000042 53.464732871000081)","Unfall 9746 (2024) Kat:3, Licht: 0","9746","3","2","4","04","13","1","","0","0","1","0","1"
"POINT (9.951921911000056 53.561897007000027)","Unfall 9747 (2024) Kat:3, Licht: 2","9747","3","7","0","04","05","1","","2","1","0","0","0"
"POINT (9.964013209000029 53.557548360000055)","Unfall 9748 (2024) Kat:3, Licht: 2","9748","3","7","0","04","01","1","","2","0","0","1","0"
"POINT (9.820062680000035 53.576859849000073)","Unfall 9749 (2024) Kat:3, Licht: 0","9749","3","5","5","04","16","7","","0","1","1","0","0"
"POINT (9.914006992000054 53.564985572000069)","Unfall 9750 (2024) Kat:3, Licht: 0","9750","3","7","0","04","18","7","","0","1","0","0","0"
"POINT (9.910790921000057 53.638096742000073)","Unfall 9751 (2024) Kat:3, Licht: 0","9751","3","5","5","04","16","7","","0","1","1","0","0"
"POINT (10.002120277000074 53.592610053000044)","Unfall 9752 (2024) Kat:3, Licht: 0","9752","3","2","4","04","16","6","","0","0","0","0","0"
"POINT (9.963923100000045 53.599840136000068)","Unfall 9753 (2024) Kat:3, Licht: 0","9753","3","7","0","04","16","6","","0","1","0","0","0"
"POINT (10.131585889000064 53.526097527000047)","Unfall 9756 (2024) Kat:3, Licht: 0","9756","3","6","3","10","14","6","","0","0","1","0","0"
"POINT (10.018080484000052 53.544943258000046)","Unfall 9757 (2024) Kat:3, Licht: 0","9757","3","6","3","04","09","5","","0","0","1","0","0"
"POINT (10.026037592000023 53.554278893000060)","Unfall 9758 (2024) Kat:3, Licht: 0","9758","3","6","3","04","08","5","","0","0","1","0","0"
"POINT (9.928692039000055 53.592203036000058)","Unfall 9759 (2024) Kat:3, Licht: 2","9759","3","2","4","04","23","5","","2","0","1","0","0"
"POINT (9.929740758000037 53.563473158000079)","Unfall 9760 (2024) Kat:3, Licht: 0","9760","3","3","0","04","18","5","","0","1","0","0","0"
"POINT (9.911866263000036 53.565575204000027)","Unfall 9761 (2024) Kat:3, Licht: 0","9761","3","7","6","04","07","5","","0","1","0","1","0"
"POINT (9.930414661000043 53.536647102000074)","Unfall 9762 (2024) Kat:3, Licht: 2","9762","3","6","2","04","04","5","","2","0","0","0","0"
"POINT (10.031161911000027 53.544745623000040)","Unfall 9763 (2024) Kat:3, Licht: 0","9763","3","6","3","04","07","4","","0","0","1","0","1"
"POINT (10.000198356000055 53.593992775000061)","Unfall 9764 (2024) Kat:3, Licht: 0","9764","3","6","2","04","10","4","","0","0","1","0","0"
"POINT (9.906984406000049 53.565793222000082)","Unfall 9766 (2024) Kat:3, Licht: 0","9766","3","2","5","04","13","4","","0","1","1","0","0"
"POINT (10.228232484000046 53.488070066000034)","Unfall 9767 (2024) Kat:3, Licht: 0","9767","3","7","0","04","07","3","","0","1","0","0","0"
"POINT (10.138496422000060 53.532624503000079)","Unfall 9769 (2024) Kat:3, Licht: 0","9769","3","6","2","04","14","3","","0","0","0","0","0"
"POINT (9.937402564000024 53.647640062000050)","Unfall 9770 (2024) Kat:3, Licht: 0","9770","3","6","2","04","06","3","","0","0","1","0","1"
"POINT (9.844879016000050 53.472731794000026)","Unfall 9771 (2024) Kat:3, Licht: 0","9771","3","6","3","04","13","2","","0","0","1","0","0"
"POINT (9.959327400000063 53.470028133000028)","Unfall 9772 (2024) Kat:3, Licht: 0","9772","3","2","2","04","18","2","","0","0","1","0","0"
"POINT (10.033843649000062 53.494038118000049)","Unfall 9773 (2024) Kat:3, Licht: 0","9773","3","6","3","05","15","5","","0","0","1","0","0"
"POINT (10.233705088000022 53.488405822000061)","Unfall 9774 (2024) Kat:3, Licht: 0","9774","3","6","2","04","10","2","","0","0","1","0","0"
"POINT (10.130329650000022 53.567092554000055)","Unfall 9775 (2024) Kat:3, Licht: 0","9775","3","6","3","04","06","2","","0","0","1","0","0"
"POINT (9.906981261000055 53.565793010000050)","Unfall 9776 (2024) Kat:3, Licht: 0","9776","3","5","5","05","13","7","","0","1","1","0","0"
"POINT (9.933904297000026 53.582632782000076)","Unfall 9777 (2024) Kat:3, Licht: 0","9777","3","6","3","04","18","2","","0","0","1","0","1"
"POINT (9.925593282000023 53.638169258000062)","Unfall 9778 (2024) Kat:3, Licht: 0","9778","3","6","2","04","15","2","","0","0","1","0","0"
"POINT (9.967096356000070 53.552130539000075)","Unfall 9780 (2024) Kat:3, Licht: 0","9780","3","1","0","04","14","2","","0","0","0","0","0"
"POINT (10.028563801000075 53.541962396000031)","Unfall 9781 (2024) Kat:3, Licht: 0","9781","3","6","2","04","12","1","","0","0","1","0","0"
"POINT (10.039703946000031 53.557219417000056)","Unfall 9782 (2024) Kat:3, Licht: 0","9782","3","1","0","04","18","1","","0","0","0","0","1"
"POINT (9.969959138000036 53.584226559000058)","Unfall 9784 (2024) Kat:3, Licht: 0","9784","3","7","0","04","14","7","","0","0","0","0","1"
"POINT (9.885625400000038 53.472081532000061)","Unfall 9785 (2024) Kat:3, Licht: 0","9785","3","2","5","04","13","6","","0","0","1","0","0"
"POINT (9.968695030000049 53.585787789000051)","Unfall 9786 (2024) Kat:3, Licht: 2","9786","3","7","0","12","06","2","","2","0","0","0","1"
"POINT (10.241008082000064 53.477754244000039)","Unfall 9787 (2024) Kat:2, Licht: 2","9787","2","2","4","04","21","6","","2","0","1","0","1"
"POINT (10.065399492000040 53.509255603000042)","Unfall 9788 (2024) Kat:2, Licht: 1","9788","2","6","3","04","20","6","","1","0","1","0","0"
"POINT (10.051694847000022 53.551799803000051)","Unfall 9789 (2024) Kat:3, Licht: 0","9789","3","6","3","04","18","6","","0","0","1","0","0"
"POINT (10.025234849000071 53.531202038000060)","Unfall 9790 (2024) Kat:3, Licht: 0","9790","3","6","3","04","14","6","","0","0","1","0","0"
"POINT (10.007880368000031 53.618324220000034)","Unfall 9791 (2024) Kat:3, Licht: 0","9791","3","6","2","04","16","6","","0","0","1","0","0"
"POINT (10.009674032000021 53.547923187000038)","Unfall 9792 (2024) Kat:3, Licht: 0","9792","3","6","2","11","18","3","","0","0","1","0","0"
"POINT (10.099724326000057 53.510428654000066)","Unfall 9793 (2024) Kat:3, Licht: 0","9793","3","6","3","04","12","5","","0","0","1","0","0"
"POINT (9.918885237000040 53.606437473000028)","Unfall 9794 (2024) Kat:3, Licht: 0","9794","3","1","0","04","11","5","","0","0","0","0","1"
"POINT (9.969721552000067 53.550912321000055)","Unfall 9795 (2024) Kat:3, Licht: 0","9795","3","4","6","04","18","5","","0","0","1","1","0"
"POINT (9.987724621000041 53.603481003000070)","Unfall 9796 (2024) Kat:3, Licht: 0","9796","3","3","5","04","17","4","","0","0","1","0","0"
"POINT (9.843588722000050 53.472666750000030)","Unfall 9797 (2024) Kat:3, Licht: 0","9797","3","6","2","04","10","3","","0","0","1","0","1"
"POINT (9.967080889000044 53.468290855000077)","Unfall 9800 (2024) Kat:3, Licht: 0","9800","3","7","3","04","16","3","","0","0","1","0","0"
"POINT (10.026682264000044 53.556477715000028)","Unfall 9801 (2024) Kat:3, Licht: 0","9801","3","6","3","04","10","3","","0","0","1","0","0"
"POINT (9.897448812000050 53.557346393000046)","Unfall 9802 (2024) Kat:3, Licht: 0","9802","3","6","2","04","14","3","","0","0","1","0","0"
"POINT (9.992630614000063 53.592657721000080)","Unfall 9803 (2024) Kat:3, Licht: 0","9803","3","1","0","04","13","3","","0","1","0","0","0"
"POINT (9.925864365000052 53.563689639000074)","Unfall 9805 (2024) Kat:3, Licht: 0","9805","3","6","2","04","13","2","","0","0","1","0","0"
"POINT (9.929566901000044 53.646773382000049)","Unfall 9806 (2024) Kat:3, Licht: 0","9806","3","1","8","04","15","2","","0","0","1","0","0"
"POINT (9.902344413000037 53.564963724000052)","Unfall 9808 (2024) Kat:3, Licht: 0","9808","3","2","3","03","11","1","","0","0","1","0","0"
"POINT (10.025835357000062 53.551551493000034)","Unfall 9809 (2024) Kat:3, Licht: 0","9809","3","6","2","03","16","7","","0","0","1","0","0"
"POINT (10.031842861000030 53.566385630000070)","Unfall 9810 (2024) Kat:3, Licht: 0","9810","3","2","3","03","07","5","","0","0","1","0","0"
"POINT (9.896756514000060 53.556083578000028)","Unfall 9811 (2024) Kat:3, Licht: 2","9811","3","6","2","03","20","5","","2","0","1","0","0"
"POINT (9.927064011000027 53.639825514000051)","Unfall 9812 (2024) Kat:2, Licht: 0","9812","2","6","0","03","17","5","","0","0","1","0","0"
"POINT (10.211754885000062 53.486964316000069)","Unfall 9813 (2024) Kat:3, Licht: 0","9813","3","6","2","03","15","4","","0","0","1","0","0"
"POINT (10.152964359000066 53.556251189000079)","Unfall 9814 (2024) Kat:3, Licht: 0","9814","3","6","3","03","07","4","","0","0","1","0","0"
"POINT (9.950028572000065 53.617774796000049)","Unfall 9815 (2024) Kat:3, Licht: 0","9815","3","7","5","03","14","4","","0","1","1","0","0"
"POINT (9.914707304000046 53.514913264000029)","Unfall 9817 (2024) Kat:3, Licht: 0","9817","3","6","3","03","07","3","","0","0","1","0","0"
"POINT (9.964081348000036 53.557147257000054)","Unfall 9818 (2024) Kat:3, Licht: 0","9818","3","7","0","07","16","2","","0","0","0","0","1"
"POINT (9.838704336000035 53.472177237000039)","Unfall 9819 (2024) Kat:3, Licht: 0","9819","3","3","5","03","07","2","","0","1","0","0","0"
"POINT (9.805447806000075 53.578969049000079)","Unfall 9820 (2024) Kat:3, Licht: 1","9820","3","6","4","03","05","2","","1","0","1","0","0"
"POINT (10.065477652000027 53.550154213000042)","Unfall 9821 (2024) Kat:3, Licht: 0","9821","3","5","5","09","18","2","","0","1","1","0","0"
"POINT (9.956708502000026 53.611112489000050)","Unfall 9822 (2024) Kat:3, Licht: 0","9822","3","6","2","03","15","2","","0","0","1","0","0"
"POINT (9.923826282000050 53.516225416000054)","Unfall 9824 (2024) Kat:2, Licht: 0","9824","2","6","3","03","18","2","","0","0","1","0","0"
"POINT (9.968469348000042 53.586429023000051)","Unfall 9825 (2024) Kat:3, Licht: 1","9825","3","7","6","03","18","1","","1","0","1","1","0"
"POINT (9.867405861000066 53.571433809000041)","Unfall 9826 (2024) Kat:2, Licht: 0","9826","2","7","0","08","17","1","","0","0","0","0","0"
"POINT (10.044006370000034 53.552608810000038)","Unfall 9827 (2024) Kat:3, Licht: 0","9827","3","7","0","03","12","7","","0","1","0","0","0"
"POINT (9.933724916000074 53.583414743000048)","Unfall 9829 (2024) Kat:3, Licht: 0","9829","3","2","4","03","09","7","","0","0","1","0","0"
"POINT (10.025663490000056 53.551779774000067)","Unfall 9830 (2024) Kat:3, Licht: 0","9830","3","2","3","03","09","4","","0","0","1","0","0"
"POINT (9.969232376000036 53.584090914000058)","Unfall 9831 (2024) Kat:3, Licht: 0","9831","3","1","0","03","13","4","","0","1","0","0","0"
"POINT (9.968219950000048 53.587304283000037)","Unfall 9832 (2024) Kat:3, Licht: 2","9832","3","1","1","11","21","6","","2","0","1","0","1"
"POINT (9.921269662000043 53.440060717000051)","Unfall 9833 (2024) Kat:3, Licht: 0","9833","3","6","3","03","11","3","","0","0","1","0","0"
"POINT (10.157381542000053 53.478442773000040)","Unfall 9834 (2024) Kat:3, Licht: 0","9834","3","6","2","03","07","3","","0","0","1","0","0"
"POINT (9.924729651000064 53.633361968000031)","Unfall 9835 (2024) Kat:3, Licht: 2","9835","3","2","4","10","18","2","","2","0","1","0","0"
"POINT (10.001906529000053 53.592666346000044)","Unfall 9836 (2024) Kat:2, Licht: 0","9836","2","6","4","03","15","3","","0","1","0","0","0"
"POINT (9.900295128000039 53.567235528000026)","Unfall 9837 (2024) Kat:3, Licht: 0","9837","3","6","2","03","12","3","","0","0","0","0","0"
"POINT (9.888411493000035 53.471956650000038)","Unfall 9839 (2024) Kat:3, Licht: 0","9839","3","3","5","03","13","1","","0","1","1","0","0"
"POINT (9.957708631000060 53.560717441000065)","Unfall 9840 (2024) Kat:3, Licht: 0","9840","3","6","3","03","08","1","","0","1","1","0","0"
"POINT (10.143218312000045 53.538058346000071)","Unfall 9841 (2024) Kat:2, Licht: 2","9841","2","6","3","03","21","7","","2","0","1","0","0"
"POINT (9.937098293000076 53.647556909000059)","Unfall 9843 (2024) Kat:3, Licht: 0","9843","3","6","2","03","14","7","","0","0","1","0","0"
"POINT (9.983927946000051 53.595664255000031)","Unfall 9845 (2024) Kat:3, Licht: 0","9845","3","6","6","03","13","7","","0","1","0","1","0"
"POINT (9.900658203000035 53.621868372000051)","Unfall 9846 (2024) Kat:3, Licht: 0","9846","3","3","3","03","12","6","","0","0","1","0","0"
"POINT (9.967050743000073 53.516000031000033)","Unfall 9847 (2024) Kat:3, Licht: 0","9847","3","6","3","03","14","6","","0","0","1","0","0"
"POINT (9.966693984000074 53.449887459000081)","Unfall 9848 (2024) Kat:3, Licht: 0","9848","3","6","2","03","16","5","","0","0","1","0","0"
"POINT (10.040674663000061 53.553638595000052)","Unfall 9850 (2024) Kat:3, Licht: 0","9850","3","6","2","03","07","5","","0","0","1","0","0"
"POINT (9.842317672000036 53.472541726000031)","Unfall 9851 (2024) Kat:3, Licht: 2","9851","3","6","2","08","20","7","","2","0","1","0","0"
"POINT (9.999334344000033 53.612799706000033)","Unfall 9852 (2024) Kat:3, Licht: 0","9852","3","3","5","03","07","5","","0","1","1","0","0"
"POINT (9.865008720000048 53.571551276000037)","Unfall 9853 (2024) Kat:3, Licht: 0","9853","3","3","5","03","12","5","","0","0","0","0","1"
"POINT (9.963765684000066 53.558040748000053)","Unfall 9854 (2024) Kat:3, Licht: 2","9854","3","3","5","03","22","5","","2","0","1","0","0"
"POINT (10.213685774000055 53.486295187000053)","Unfall 9856 (2024) Kat:2, Licht: 0","9856","2","2","3","03","17","4","","0","1","0","1","0"
"POINT (9.983925087000046 53.596039864000034)","Unfall 9858 (2024) Kat:3, Licht: 2","9858","3","6","2","03","21","4","","2","0","1","0","0"
"POINT (9.966808135000065 53.593156305000036)","Unfall 9859 (2024) Kat:3, Licht: 0","9859","3","6","2","03","13","4","","0","0","1","0","1"
"POINT (9.912924699000030 53.514436294000063)","Unfall 9860 (2024) Kat:3, Licht: 0","9860","3","6","3","03","12","3","","0","0","1","0","0"
"POINT (10.099025374000064 53.510386411000070)","Unfall 9861 (2024) Kat:3, Licht: 0","9861","3","6","2","03","18","5","","0","0","1","0","0"
"POINT (10.055616041000064 53.509315331000039)","Unfall 9862 (2024) Kat:3, Licht: 0","9862","3","6","3","03","12","3","","0","0","1","0","0"
"POINT (10.202494849000061 53.491118901000050)","Unfall 9863 (2024) Kat:2, Licht: 0","9863","2","2","4","03","13","3","","0","0","1","0","1"
"POINT (10.015456864000043 53.588968305000037)","Unfall 9864 (2024) Kat:3, Licht: 0","9864","3","7","0","03","07","3","","0","0","1","0","0"
"POINT (9.927889343000061 53.640920016000052)","Unfall 9865 (2024) Kat:3, Licht: 0","9865","3","6","2","03","08","3","","0","0","1","0","1"
"POINT (9.970155766000062 53.550699212000040)","Unfall 9866 (2024) Kat:3, Licht: 2","9866","3","2","3","03","19","3","","2","0","1","0","0"
"POINT (10.205060405000040 53.488247489000059)","Unfall 9867 (2024) Kat:2, Licht: 0","9867","2","1","0","03","18","2","","0","1","0","0","0"
"POINT (10.008188386000029 53.547941326000057)","Unfall 9868 (2024) Kat:3, Licht: 0","9868","3","3","5","03","07","2","","0","1","1","0","0"
"POINT (9.916454446000046 53.611107782000033)","Unfall 9869 (2024) Kat:3, Licht: 0","9869","3","6","3","03","09","2","","0","0","1","0","0"
"POINT (9.969508706000056 53.583992110000054)","Unfall 9870 (2024) Kat:3, Licht: 0","9870","3","2","3","03","11","2","","0","0","1","0","0"
"POINT (9.922619325000028 53.518273192000038)","Unfall 9871 (2024) Kat:3, Licht: 0","9871","3","6","2","03","12","2","","0","0","1","0","0"
"POINT (10.190180879000025 53.497160964000045)","Unfall 9872 (2024) Kat:2, Licht: 2","9872","2","7","0","03","18","1","","2","0","0","0","1"
"POINT (9.957423199000061 53.610770923000075)","Unfall 9874 (2024) Kat:3, Licht: 0","9874","3","6","2","03","13","1","","0","0","1","0","0"
"POINT (9.867397958000026 53.588620855000045)","Unfall 151175 (2024) Kat:3, Licht: 0","151175","3","1","1","04","18","1","","0","1","1","0","0"
"POINT (9.921208808000074 53.544300615000054)","Unfall 151176 (2024) Kat:3, Licht: 0","151176","3","1","0","04","13","1","","0","1","0","0","0"
"POINT (9.993842592000021 53.584368611000059)","Unfall 151177 (2024) Kat:3, Licht: 2","151177","3","1","0","04","03","1","","2","0","0","0","0"
"POINT (10.000648270000056 53.544848842000079)","Unfall 151178 (2024) Kat:3, Licht: 0","151178","3","6","2","04","16","1","","0","0","0","0","1"
"POINT (9.845585591000031 53.465741249000075)","Unfall 151179 (2024) Kat:2, Licht: 0","151179","2","6","2","04","12","7","","0","1","0","0","0"
"POINT (10.084470920000058 53.509012279000046)","Unfall 151180 (2024) Kat:3, Licht: 0","151180","3","7","0","04","15","7","","0","1","0","0","0"
"POINT (10.135937067000043 53.475585774000081)","Unfall 151181 (2024) Kat:3, Licht: 1","151181","3","1","8","04","20","7","","1","0","1","0","0"
"POINT (10.229437695000058 53.445151441000064)","Unfall 151182 (2024) Kat:3, Licht: 0","151182","3","3","5","04","17","7","","0","1","1","0","0"
"POINT (10.041566158000023 53.534227178000037)","Unfall 151183 (2024) Kat:3, Licht: 1","151183","3","6","0","04","19","7","","1","0","0","0","1"
"POINT (10.156319534000033 53.609529402000078)","Unfall 151184 (2024) Kat:3, Licht: 0","151184","3","5","1","04","15","7","","0","1","1","0","0"
"POINT (10.034642835000056 53.605113589000041)","Unfall 151185 (2024) Kat:3, Licht: 0","151185","3","6","2","04","16","7","","0","1","1","0","0"
"POINT (10.117140639000070 53.649426246000075)","Unfall 151186 (2024) Kat:3, Licht: 0","151186","3","7","0","04","14","7","","0","1","0","0","0"
"POINT (10.023260559000050 53.639126842000053)","Unfall 151187 (2024) Kat:3, Licht: 0","151187","3","7","6","04","14","7","","0","0","1","1","0"