WKT,Name,OBJECTID,UKATEGORIE,UTYP1,UART,UMONAT,USTUNDE,UWOCHENTAG,STRZUSTAND,ULICHTVERH,ISTRAD,ISTPKW,ISTFUSS,ISTKRAD
"POINT (10.019722091000062 53.613754934000042)","Unfall 151188 (2024) Kat:3, Licht: 0","151188","3","7","0","04","13","7","","0","1","0","0","0"
"POINT (10.022274938000066 53.615047154000081)","Unfall 151189 (2024) Kat:3, Licht: 0","151189","3","6","4","04","16","7","","0","0","1","0","0"
"POINT (10.018877377000024 53.565016455000034)","Unfall 151190 (2024) Kat:3, Licht: 0","151190","3","6","2","04","11","7","","0","0","1","0","1"
"POINT (9.948071966000043 53.643829735000054)","Unfall 151191 (2024) Kat:3, Licht: 0","151191","3","2","3","04","14","7","","0","1","1","0","0"
"POINT (9.936767295000038 53.547773843000073)","Unfall 151192 (2024) Kat:3, Licht: 0","151192","3","7","2","04","12","7","","0","0","1","0","1"
"POINT (9.989416054000060 53.563979260000053)","Unfall 151193 (2024) Kat:3, Licht: 0","151193","3","4","6","04","17","7","","0","1","0","1","0"
"POINT (9.958341735000033 53.556925427000067)","Unfall 151194 (2024) Kat:3, Licht: 0","151194","3","3","5","04","15","7","","0","1","1","0","0"
"POINT (10.199975340000037 53.512793320000071)","Unfall 151195 (2024) Kat:3, Licht: 0","151195","3","5","1","04","13","6","","0","0","1","0","0"
"POINT (10.054434105000041 53.559379101000047)","Unfall 151196 (2024) Kat:3, Licht: 0","151196","3","2","6","04","13","6","","0","0","1","1","0"
"POINT (10.114180033000025 53.583074132000036)","Unfall 151197 (2024) Kat:3, Licht: 0","151197","3","7","0","04","14","6","","0","1","0","0","0"
"POINT (10.033533752000039 53.607668158000081)","Unfall 151198 (2024) Kat:3, Licht: 0","151198","3","6","3","04","09","6","","0","0","1","0","0"
"POINT (10.071520010000029 53.641041765000068)","Unfall 151199 (2024) Kat:3, Licht: 0","151199","3","4","6","04","13","6","","0","0","1","1","0"
"POINT (10.011001376000024 53.647874954000031)","Unfall 151200 (2024) Kat:3, Licht: 0","151200","3","1","0","04","12","6","","0","1","0","1","0"
"POINT (10.040682033000053 53.575843876000079)","Unfall 151201 (2024) Kat:3, Licht: 0","151201","3","7","0","04","17","6","","0","1","0","0","0"
"POINT (9.970686288000024 53.598639584000068)","Unfall 151202 (2024) Kat:3, Licht: 0","151202","3","1","0","04","17","6","","0","0","0","0","0"
"POINT (9.993946949000076 53.579792627000074)","Unfall 151203 (2024) Kat:3, Licht: 0","151203","3","6","3","04","15","6","","0","1","1","0","0"
"POINT (9.965469534000022 53.561225724000053)","Unfall 151204 (2024) Kat:3, Licht: 2","151204","3","7","0","04","23","6","","2","1","0","0","0"
"POINT (10.011597165000069 53.552362009000035)","Unfall 151205 (2024) Kat:3, Licht: 0","151205","3","6","2","04","15","6","","0","0","1","0","0"
"POINT (10.206715254000073 53.484876677000045)","Unfall 151206 (2024) Kat:3, Licht: 0","151206","3","6","2","04","12","5","","0","0","1","0","0"
"POINT (10.118119071000024 53.560069124000051)","Unfall 151207 (2024) Kat:3, Licht: 0","151207","3","2","4","04","16","5","","0","0","1","0","0"
"POINT (10.087957861000064 53.512016773000028)","Unfall 151208 (2024) Kat:3, Licht: 0","151208","3","2","4","04","13","5","","0","0","1","0","0"
"POINT (10.064567434000026 53.554055805000075)","Unfall 151209 (2024) Kat:3, Licht: 0","151209","3","6","2","04","15","5","","0","0","1","0","0"
"POINT (10.040255608000052 53.545313851000060)","Unfall 151210 (2024) Kat:2, Licht: 0","151210","2","5","5","04","11","5","","0","0","1","0","1"
"POINT (10.086002263000069 53.585290673000031)","Unfall 151211 (2024) Kat:3, Licht: 0","151211","3","3","5","04","16","5","","0","0","1","0","0"
"POINT (10.099061247000066 53.588526589000082)","Unfall 151212 (2024) Kat:3, Licht: 0","151212","3","3","6","04","17","5","","0","0","1","1","0"
"POINT (10.109958275000054 53.640948173000027)","Unfall 151213 (2024) Kat:3, Licht: 0","151213","3","6","4","04","08","5","","0","1","1","0","0"
"POINT (10.110079379000069 53.651111127000036)","Unfall 151214 (2024) Kat:3, Licht: 0","151214","3","7","1","04","08","5","","0","1","1","0","0"
"POINT (10.001464289000069 53.665938051000069)","Unfall 151215 (2024) Kat:3, Licht: 0","151215","3","6","2","04","14","5","","0","0","1","0","0"
"POINT (9.997920074000035 53.603086225000027)","Unfall 151216 (2024) Kat:3, Licht: 0","151216","3","7","0","04","09","5","","0","0","0","0","0"
"POINT (9.926865402000033 53.580238856000051)","Unfall 151217 (2024) Kat:3, Licht: 0","151217","3","1","1","04","16","5","","0","0","1","0","0"
"POINT (9.900346268000021 53.631378182000049)","Unfall 151218 (2024) Kat:3, Licht: 0","151218","3","3","5","04","16","5","","0","1","1","0","0"
"POINT (9.959111435000068 53.595272436000073)","Unfall 151219 (2024) Kat:3, Licht: 0","151219","3","7","6","04","09","5","","0","0","1","1","0"
"POINT (9.950251727000023 53.556369133000032)","Unfall 151220 (2024) Kat:3, Licht: 0","151220","3","1","0","04","18","5","","0","1","0","0","0"
"POINT (9.917655914000022 53.548497758000053)","Unfall 151221 (2024) Kat:3, Licht: 0","151221","3","2","5","04","08","5","","0","1","1","0","0"
"POINT (9.966880582000044 53.549909773000081)","Unfall 151222 (2024) Kat:3, Licht: 0","151222","3","7","0","04","08","5","","0","1","0","0","0"
"POINT (9.976622425000073 53.557681292000041)","Unfall 151223 (2024) Kat:2, Licht: 2","151223","2","2","6","04","01","5","","2","0","1","1","0"
"POINT (10.064501313000051 53.554064220000043)","Unfall 151224 (2024) Kat:3, Licht: 0","151224","3","6","2","04","18","4","","0","0","1","0","0"
"POINT (10.107376569000053 53.599284875000080)","Unfall 151225 (2024) Kat:3, Licht: 0","151225","3","6","2","04","12","4","","0","0","1","0","0"
"POINT (10.064773742000057 53.586424722000061)","Unfall 151226 (2024) Kat:3, Licht: 2","151226","3","2","2","04","22","4","","2","0","1","0","0"
"POINT (10.059668706000025 53.608693766000044)","Unfall 151227 (2024) Kat:3, Licht: 0","151227","3","6","2","04","17","4","","0","0","1","0","0"
"POINT (10.046126762000029 53.643924368000057)","Unfall 151228 (2024) Kat:3, Licht: 0","151228","3","4","6","04","15","4","","0","1","0","1","0"
"POINT (10.113484611000047 53.639662182000052)","Unfall 151229 (2024) Kat:3, Licht: 0","151229","3","5","1","04","17","4","","0","0","1","0","0"
"POINT (10.163585566000052 53.651669253000080)","Unfall 151230 (2024) Kat:3, Licht: 0","151230","3","6","3","04","12","4","","0","0","1","0","1"
"POINT (10.118789699000047 53.638009998000030)","Unfall 151231 (2024) Kat:3, Licht: 0","151231","3","6","4","04","11","4","","0","1","1","0","0"
"POINT (10.000673028000051 53.680727879000074)","Unfall 151232 (2024) Kat:3, Licht: 0","151232","3","6","2","04","15","4","","0","0","1","0","1"
"POINT (10.024163540000075 53.665520651000065)","Unfall 151233 (2024) Kat:3, Licht: 0","151233","3","6","2","04","13","4","","0","0","1","0","0"
"POINT (9.996007038000073 53.582539445000066)","Unfall 151234 (2024) Kat:3, Licht: 0","151234","3","5","0","04","10","4","","0","1","0","0","0"
"POINT (9.877028537000058 53.597534313000040)","Unfall 151235 (2024) Kat:3, Licht: 0","151235","3","3","5","04","14","4","","0","0","1","0","0"
"POINT (9.898460418000070 53.592877308000027)","Unfall 151236 (2024) Kat:3, Licht: 0","151236","3","3","5","04","07","4","","0","1","1","0","0"
"POINT (9.947798892000037 53.558167869000044)","Unfall 151237 (2024) Kat:3, Licht: 1","151237","3","6","3","04","19","4","","1","1","0","0","0"
"POINT (9.955024346000073 53.561091331000057)","Unfall 151238 (2024) Kat:2, Licht: 2","151238","2","1","0","04","23","4","","2","1","0","0","0"
"POINT (9.980110834000072 53.566520538000077)","Unfall 151239 (2024) Kat:3, Licht: 0","151239","3","6","3","04","15","4","","0","0","1","0","0"
"POINT (9.962042986000029 53.556407997000065)","Unfall 151240 (2024) Kat:3, Licht: 0","151240","3","6","3","04","14","4","","0","1","0","0","0"
"POINT (9.985282168000026 53.555682167000043)","Unfall 151241 (2024) Kat:3, Licht: 0","151241","3","7","0","04","12","4","","0","0","0","0","0"
"POINT (10.204224734000036 53.504224925000074)","Unfall 151242 (2024) Kat:3, Licht: 1","151242","3","4","6","04","16","3","","1","0","1","1","0"
"POINT (10.184001405000060 53.506856973000026)","Unfall 151243 (2024) Kat:3, Licht: 0","151243","3","6","2","04","14","3","","0","0","1","0","0"
"POINT (10.221177355000066 53.448414842000034)","Unfall 151244 (2024) Kat:3, Licht: 0","151244","3","3","5","04","10","3","","0","1","1","0","0"
"POINT (10.046545609000077 53.556185025000048)","Unfall 151245 (2024) Kat:3, Licht: 0","151245","3","7","7","04","16","3","","0","1","0","0","0"
"POINT (10.124697819000062 53.656838181000069)","Unfall 151246 (2024) Kat:3, Licht: 0","151246","3","3","5","04","19","3","","0","0","1","0","0"
"POINT (10.114776391000021 53.685876044000054)","Unfall 151247 (2024) Kat:3, Licht: 0","151247","3","5","5","04","13","3","","0","0","1","0","1"
"POINT (10.123957395000048 53.671223310000073)","Unfall 151248 (2024) Kat:3, Licht: 0","151248","3","3","5","04","06","3","","0","0","1","0","0"
"POINT (10.037922458000025 53.569547168000042)","Unfall 151249 (2024) Kat:3, Licht: 0","151249","3","3","5","04","17","3","","0","0","1","0","0"
"POINT (10.052639233000036 53.588267687000041)","Unfall 151250 (2024) Kat:3, Licht: 0","151250","3","7","0","04","16","3","","0","1","0","0","0"
"POINT (9.885144740000044 53.596658085000058)","Unfall 151251 (2024) Kat:2, Licht: 0","151251","2","4","6","04","18","3","","0","0","1","1","0"
"POINT (9.926691641000048 53.630368171000043)","Unfall 151252 (2024) Kat:3, Licht: 0","151252","3","5","5","04","07","3","","0","0","1","0","0"
"POINT (9.917761689000031 53.552420746000053)","Unfall 151253 (2024) Kat:3, Licht: 0","151253","3","3","5","04","09","3","","0","0","1","0","0"
"POINT (9.968753628000059 53.550040895000052)","Unfall 151254 (2024) Kat:3, Licht: 2","151254","3","6","2","04","00","3","","2","0","1","0","0"
"POINT (9.995757250000054 53.550622635000082)","Unfall 151255 (2024) Kat:3, Licht: 0","151255","3","3","0","04","08","3","","0","1","1","0","0"
"POINT (10.004518948000054 53.505984989000069)","Unfall 151256 (2024) Kat:3, Licht: 2","151256","3","6","2","04","23","2","","2","0","1","0","0"
"POINT (10.105423035000058 53.542767171000037)","Unfall 151257 (2024) Kat:3, Licht: 0","151257","3","3","5","04","14","2","","0","0","1","0","0"
"POINT (10.073041315000069 53.574043691000043)","Unfall 151258 (2024) Kat:3, Licht: 2","151258","3","7","1","04","20","2","","2","1","1","0","0"
"POINT (10.076496142000053 53.566736518000027)","Unfall 151259 (2024) Kat:3, Licht: 0","151259","3","6","3","04","12","2","","0","0","1","0","0"
"POINT (10.083670992000066 53.614662777000035)","Unfall 151260 (2024) Kat:3, Licht: 0","151260","3","5","4","04","17","2","","0","0","1","0","0"
"POINT (9.907251867000070 53.591709819000073)","Unfall 151261 (2024) Kat:3, Licht: 0","151261","3","6","4","04","16","2","","0","0","1","0","0"
"POINT (9.983896585000025 53.601111938000031)","Unfall 151262 (2024) Kat:3, Licht: 0","151262","3","1","0","04","09","2","","0","0","0","0","1"
"POINT (10.031363139000064 53.681544377000080)","Unfall 151263 (2024) Kat:3, Licht: 2","151263","3","7","7","03","21","1","","2","1","0","0","0"
"POINT (9.789804918000073 53.569981563000056)","Unfall 151264 (2024) Kat:3, Licht: 0","151264","3","6","3","03","15","1","","0","1","1","0","1"
"POINT (9.990563567000038 53.602651526000045)","Unfall 151265 (2024) Kat:3, Licht: 0","151265","3","6","2","03","14","1","","0","0","1","0","0"
"POINT (9.947589865000054 53.585962824000035)","Unfall 151266 (2024) Kat:3, Licht: 0","151266","3","3","5","03","12","1","","0","0","1","0","1"
"POINT (9.965525985000056 53.563041947000045)","Unfall 151267 (2024) Kat:3, Licht: 1","151267","3","4","6","03","19","1","","1","1","0","1","0"
"POINT (9.965969906000055 53.562378936000073)","Unfall 151268 (2024) Kat:3, Licht: 2","151268","3","1","0","03","01","1","","2","0","0","0","1"
"POINT (9.977053453000053 53.511301509000077)","Unfall 151269 (2024) Kat:3, Licht: 0","151269","3","3","5","03","10","7","","0","0","1","0","0"
"POINT (10.083434947000057 53.483321253000042)","Unfall 151270 (2024) Kat:3, Licht: 0","151270","3","1","8","03","14","7","","0","0","1","0","0"
"POINT (10.095732045000034 53.542560136000077)","Unfall 151271 (2024) Kat:2, Licht: 0","151271","2","7","0","03","13","7","","0","0","0","0","0"
"POINT (10.159712447000061 53.588858038000069)","Unfall 151272 (2024) Kat:2, Licht: 2","151272","2","1","8","03","21","7","","2","0","1","1","0"
"POINT (10.089777103000074 53.618008879000058)","Unfall 151273 (2024) Kat:3, Licht: 0","151273","3","1","8","03","12","7","","0","0","1","0","0"
"POINT (9.811966956000049 53.563248904000034)","Unfall 151274 (2024) Kat:2, Licht: 2","151274","2","7","0","03","21","7","","2","1","0","0","0"
"POINT (9.964889036000045 53.560077833000037)","Unfall 151275 (2024) Kat:3, Licht: 1","151275","3","2","3","03","18","7","","1","1","1","0","0"
"POINT (9.867910480000035 53.450583691000077)","Unfall 151276 (2024) Kat:3, Licht: 0","151276","3","7","0","03","15","6","","0","1","0","0","0"
"POINT (10.105577673000028 53.570373683000071)","Unfall 151277 (2024) Kat:3, Licht: 2","151277","3","2","1","03","22","6","","2","0","1","0","0"
"POINT (10.105403961000036 53.570464846000050)","Unfall 151278 (2024) Kat:3, Licht: 0","151278","3","3","5","03","11","6","","0","0","1","0","0"
"POINT (9.907001959000070 53.561250028000075)","Unfall 151279 (2024) Kat:2, Licht: 0","151279","2","7","0","03","14","6","","0","0","0","0","0"
"POINT (9.951090265000062 53.580101567000042)","Unfall 151280 (2024) Kat:3, Licht: 0","151280","3","7","0","03","14","6","","0","1","0","0","0"
"POINT (9.981933451000032 53.461387962000060)","Unfall 151281 (2024) Kat:3, Licht: 2","151281","3","7","3","03","22","5","","2","0","1","0","0"
"POINT (10.089990199000056 53.544763667000041)","Unfall 151282 (2024) Kat:3, Licht: 0","151282","3","6","2","03","10","5","","0","0","1","0","0"
"POINT (10.116299100000049 53.609405917000061)","Unfall 151283 (2024) Kat:3, Licht: 0","151283","3","7","0","03","11","5","","0","0","1","0","0"
"POINT (10.148757385000067 53.585906593000061)","Unfall 151284 (2024) Kat:3, Licht: 0","151284","3","3","5","03","08","5","","0","0","1","0","0"
"POINT (10.132528884000067 53.624122218000082)","Unfall 151285 (2024) Kat:2, Licht: 0","151285","2","1","9","03","14","5","","0","0","1","0","0"
"POINT (10.105038847000060 53.653395954000075)","Unfall 151286 (2024) Kat:3, Licht: 0","151286","3","6","2","03","14","5","","0","0","1","0","0"
"POINT (10.061666220000063 53.649064553000073)","Unfall 151287 (2024) Kat:3, Licht: 2","151287","3","5","1","03","00","5","","2","0","1","0","0"
"POINT (9.909420388000058 53.566328403000057)","Unfall 151288 (2024) Kat:3, Licht: 1","151288","3","6","2","03","16","5","","1","0","1","0","0"
"POINT (9.889952569000059 53.601597974000072)","Unfall 151289 (2024) Kat:3, Licht: 0","151289","3","3","5","03","12","5","","0","0","1","0","0"
"POINT (9.898149232000037 53.572827856000060)","Unfall 151290 (2024) Kat:3, Licht: 0","151290","3","3","5","03","12","5","","0","0","1","0","0"
"POINT (9.918219319000059 53.551183370000047)","Unfall 151291 (2024) Kat:3, Licht: 2","151291","3","6","2","03","19","5","","2","0","1","0","0"
"POINT (9.955525402000035 53.550205088000041)","Unfall 151292 (2024) Kat:2, Licht: 0","151292","2","6","3","03","11","5","","0","0","0","0","1"
"POINT (9.994272648000049 53.564532618000044)","Unfall 151293 (2024) Kat:3, Licht: 0","151293","3","3","5","03","11","5","","0","0","1","0","0"
"POINT (10.082278786000074 53.557149969000079)","Unfall 151294 (2024) Kat:3, Licht: 0","151294","3","3","5","03","16","4","","0","0","1","0","0"
"POINT (10.052325811000060 53.560650545000044)","Unfall 151295 (2024) Kat:3, Licht: 0","151295","3","7","3","03","18","4","","0","1","1","0","0"
"POINT (10.040646044000027 53.555543743000044)","Unfall 151296 (2024) Kat:2, Licht: 0","151296","2","2","4","03","11","4","","0","0","1","0","0"
"POINT (10.152647055000045 53.594901557000071)","Unfall 151297 (2024) Kat:3, Licht: 2","151297","3","1","1","03","01","4","","2","0","1","0","0"
"POINT (10.146466268000040 53.603648728000053)","Unfall 151298 (2024) Kat:3, Licht: 0","151298","3","5","5","03","16","4","","0","0","1","0","1"
"POINT (10.101582351000047 53.654203157000040)","Unfall 151299 (2024) Kat:3, Licht: 0","151299","3","6","3","03","16","4","","0","0","1","0","0"
"POINT (10.160711257000060 53.654532033000066)","Unfall 151300 (2024) Kat:3, Licht: 0","151300","3","6","2","03","11","4","","0","0","1","0","0"
"POINT (10.030512822000048 53.619130236000046)","Unfall 151301 (2024) Kat:3, Licht: 0","151301","3","3","5","03","06","4","","0","0","1","0","0"
"POINT (9.980603784000039 53.601387342000066)","Unfall 151302 (2024) Kat:3, Licht: 0","151302","3","6","3","03","17","4","","0","1","1","0","0"
"POINT (9.947342881000054 53.582376483000075)","Unfall 151303 (2024) Kat:3, Licht: 0","151303","3","4","6","03","08","4","","0","0","1","1","0"
"POINT (9.948666584000023 53.551121435000027)","Unfall 151304 (2024) Kat:3, Licht: 0","151304","3","3","5","03","13","4","","0","1","1","0","0"
"POINT (9.977346055000055 53.553867960000048)","Unfall 151305 (2024) Kat:3, Licht: 0","151305","3","6","3","03","16","4","","0","0","1","0","0"
"POINT (9.932781217000070 53.431016848000070)","Unfall 151306 (2024) Kat:3, Licht: 0","151306","3","1","4","03","17","3","","0","0","1","0","0"
"POINT (9.986221468000053 53.510505250000051)","Unfall 151307 (2024) Kat:3, Licht: 0","151307","3","7","0","03","14","3","","0","0","0","0","0"
"POINT (10.101155031000076 53.540233440000065)","Unfall 151308 (2024) Kat:3, Licht: 0","151308","3","6","2","03","07","3","","0","0","1","0","0"
"POINT (10.145294768000042 53.611237234000043)","Unfall 151309 (2024) Kat:3, Licht: 0","151309","3","2","4","03","17","3","","0","1","0","0","0"
"POINT (10.178272229000072 53.610936212000070)","Unfall 151310 (2024) Kat:3, Licht: 0","151310","3","7","3","03","15","3","","0","0","1","0","0"
"POINT (10.134643668000024 53.575709386000028)","Unfall 151311 (2024) Kat:3, Licht: 0","151311","3","6","2","03","16","3","","0","0","1","0","0"
"POINT (10.133361969000021 53.628705364000041)","Unfall 151312 (2024) Kat:3, Licht: 0","151312","3","3","5","03","08","3","","0","1","1","0","0"
"POINT (10.176031733000059 53.654751347000058)","Unfall 151313 (2024) Kat:2, Licht: 2","151313","2","1","1","03","19","3","","2","0","1","0","0"
"POINT (9.856780518000051 53.598124402000053)","Unfall 151314 (2024) Kat:3, Licht: 0","151314","3","6","0","03","10","3","","0","0","1","0","0"
"POINT (9.949507422000067 53.558701216000031)","Unfall 151315 (2024) Kat:3, Licht: 0","151315","3","4","6","03","09","3","","0","1","0","1","0"
"POINT (9.983702311000059 53.557712440000046)","Unfall 151316 (2024) Kat:3, Licht: 2","151316","3","2","4","03","18","3","","2","0","1","0","0"
"POINT (9.988580314000046 53.549475171000040)","Unfall 151317 (2024) Kat:3, Licht: 0","151317","3","5","1","03","12","3","","0","0","1","0","0"
"POINT (9.822088608000058 53.526278664000074)","Unfall 151318 (2024) Kat:3, Licht: 0","151318","3","6","2","03","06","2","","0","0","0","0","1"
"POINT (9.950604094000028 53.458289193000041)","Unfall 151319 (2024) Kat:3, Licht: 0","151319","3","7","0","03","12","2","","0","0","0","0","1"
"POINT (9.993065755000032 53.513564254000073)","Unfall 151320 (2024) Kat:3, Licht: 0","151320","3","5","1","03","16","2","","0","0","1","0","0"
"POINT (10.114662425000063 53.601746701000081)","Unfall 151321 (2024) Kat:3, Licht: 0","151321","3","3","5","03","18","2","","0","1","1","0","0"
"POINT (10.009758506000026 53.643975527000066)","Unfall 151322 (2024) Kat:3, Licht: 0","151322","3","7","0","03","09","2","","0","1","0","0","0"
"POINT (10.021206971000026 53.630791044000034)","Unfall 151323 (2024) Kat:3, Licht: 0","151323","3","5","1","03","16","2","","0","0","1","0","0"
"POINT (10.025860933000047 53.573824882000054)","Unfall 151324 (2024) Kat:3, Licht: 0","151324","3","1","0","03","10","2","","0","0","0","0","1"
"POINT (9.977484360000062 53.564310109000075)","Unfall 151325 (2024) Kat:3, Licht: 2","151325","3","3","5","03","22","2","","2","0","1","0","0"
"POINT (10.006124881000062 53.550401804000046)","Unfall 151326 (2024) Kat:3, Licht: 0","151326","3","6","2","03","10","2","","0","0","1","0","0"
"POINT (10.000217446000022 53.440919463000057)","Unfall 151327 (2024) Kat:3, Licht: 2","151327","3","6","4","03","23","1","","2","1","0","0","0"
"POINT (10.085434301000021 53.586290512000062)","Unfall 151328 (2024) Kat:3, Licht: 0","151328","3","1","0","03","16","1","","0","0","0","0","1"
"POINT (10.030080736000059 53.600438832000066)","Unfall 151329 (2024) Kat:3, Licht: 0","151329","3","6","2","03","11","1","","0","0","1","0","0"
"POINT (9.996855418000052 53.596988781000050)","Unfall 151330 (2024) Kat:3, Licht: 0","151330","3","3","0","03","15","1","","0","1","0","0","1"
"POINT (9.894065115000046 53.603722260000040)","Unfall 151331 (2024) Kat:3, Licht: 1","151331","3","7","0","03","17","1","","1","0","1","0","0"
"POINT (9.888524391000033 53.560427868000033)","Unfall 151332 (2024) Kat:3, Licht: 0","151332","3","4","6","03","18","1","","0","0","1","1","0"
"POINT (9.989375563000067 53.558294940000053)","Unfall 151333 (2024) Kat:3, Licht: 0","151333","3","2","3","03","07","1","","0","1","1","0","0"
"POINT (10.076738615000068 53.500395220000030)","Unfall 151334 (2024) Kat:3, Licht: 0","151334","3","6","6","03","15","7","","0","1","0","1","0"
"POINT (10.079119404000039 53.554772289000027)","Unfall 151335 (2024) Kat:3, Licht: 0","151335","3","3","5","03","13","7","","0","1","1","0","0"
"POINT (10.155014274000052 53.587597973000072)","Unfall 151336 (2024) Kat:3, Licht: 0","151336","3","3","5","03","15","7","","0","1","1","0","0"
"POINT (10.105667016000041 53.678353451000078)","Unfall 151337 (2024) Kat:3, Licht: 0","151337","3","4","6","03","12","7","","0","0","1","1","0"
"POINT (10.055793261000076 53.591398248000075)","Unfall 151338 (2024) Kat:3, Licht: 0","151338","3","3","5","03","17","7","","0","1","1","0","0"
"POINT (9.949402659000043 53.569871386000045)","Unfall 151339 (2024) Kat:3, Licht: 0","151339","3","2","5","03","14","7","","0","1","1","0","0"
"POINT (9.991728907000038 53.553788337000071)","Unfall 151340 (2024) Kat:3, Licht: 2","151340","3","7","0","03","23","7","","2","1","0","0","0"
"POINT (10.054246222000074 53.560995310000067)","Unfall 151341 (2024) Kat:3, Licht: 2","151341","3","1","0","03","02","6","","2","0","0","0","0"
"POINT (10.075123162000068 53.588957684000036)","Unfall 151342 (2024) Kat:2, Licht: 0","151342","2","2","6","03","15","6","","0","0","0","1","0"
"POINT (10.067246728000043 53.607106337000062)","Unfall 151343 (2024) Kat:3, Licht: 1","151343","3","3","5","03","17","6","","1","0","1","0","1"
"POINT (10.032175964000032 53.579979507000076)","Unfall 151344 (2024) Kat:3, Licht: 1","151344","3","2","5","03","18","6","","1","1","1","0","0"
"POINT (10.054849079000064 53.591841559000045)","Unfall 151345 (2024) Kat:3, Licht: 0","151345","3","2","3","03","07","6","","0","1","1","0","0"
"POINT (9.963344318000054 53.569612272000029)","Unfall 151346 (2024) Kat:3, Licht: 0","151346","3","3","5","03","07","6","","0","0","1","0","0"
"POINT (9.999064311000041 53.456006147000039)","Unfall 151347 (2024) Kat:3, Licht: 0","151347","3","2","4","03","16","5","","0","0","1","0","0"
"POINT (10.225982957000042 53.484802861000048)","Unfall 151348 (2024) Kat:3, Licht: 0","151348","3","3","5","03","12","5","","0","1","1","0","0"
"POINT (10.104101610000043 53.539161953000075)","Unfall 151349 (2024) Kat:3, Licht: 0","151349","3","5","3","03","08","5","","0","0","1","0","0"
"POINT (10.076150171000052 53.614356697000062)","Unfall 151350 (2024) Kat:3, Licht: 2","151350","3","4","6","03","16","5","","2","0","1","1","0"
"POINT (10.033649104000062 53.553718956000068)","Unfall 151351 (2024) Kat:3, Licht: 2","151351","3","6","3","03","20","5","","2","0","1","0","0"
"POINT (10.083596413000066 53.614685343000076)","Unfall 151352 (2024) Kat:3, Licht: 0","151352","3","7","0","03","08","5","","0","1","1","1","0"
"POINT (10.032590440000035 53.572830381000074)","Unfall 151353 (2024) Kat:3, Licht: 0","151353","3","3","0","03","07","5","","0","1","1","0","0"
"POINT (9.988892046000046 53.558174675000032)","Unfall 151354 (2024) Kat:3, Licht: 0","151354","3","3","5","03","16","5","","0","0","1","0","0"
"POINT (10.022499596000046 53.529751425000029)","Unfall 151355 (2024) Kat:3, Licht: 2","151355","3","6","3","03","21","4","","2","0","1","0","0"
"POINT (10.006644457000050 53.506338787000061)","Unfall 151356 (2024) Kat:3, Licht: 0","151356","3","6","3","03","16","4","","0","0","1","0","0"
"POINT (9.992984396000054 53.514055217000077)","Unfall 151357 (2024) Kat:3, Licht: 1","151357","3","3","5","03","06","4","","1","0","0","0","1"
"POINT (10.105987683000023 53.511874154000054)","Unfall 151358 (2024) Kat:3, Licht: 0","151358","3","7","0","03","15","4","","0","0","0","0","1"
"POINT (10.221843946000035 53.480763107000030)","Unfall 151359 (2024) Kat:3, Licht: 0","151359","3","1","0","03","07","4","","0","0","0","0","0"
"POINT (10.133815189000074 53.536494087000051)","Unfall 151360 (2024) Kat:2, Licht: 2","151360","2","6","6","03","22","4","","2","0","0","1","0"
"POINT (10.163390352000022 53.596336685000040)","Unfall 151361 (2024) Kat:3, Licht: 0","151361","3","3","5","03","16","4","","0","0","1","0","1"
"POINT (10.167694576000031 53.657092357000067)","Unfall 151362 (2024) Kat:2, Licht: 2","151362","2","1","0","03","21","4","","2","1","0","0","0"
"POINT (10.097232355000074 53.641459610000027)","Unfall 151363 (2024) Kat:3, Licht: 0","151363","3","3","5","03","11","4","","0","1","1","0","0"
"POINT (9.888486628000067 53.576984617000051)","Unfall 151364 (2024) Kat:3, Licht: 0","151364","3","2","3","03","11","4","","0","1","0","0","1"
"POINT (10.004554699000039 53.554275744000051)","Unfall 151365 (2024) Kat:3, Licht: 0","151365","3","6","4","03","16","4","","0","1","0","0","0"
"POINT (9.993627841000034 53.541254237000032)","Unfall 151366 (2024) Kat:2, Licht: 0","151366","2","7","6","03","08","2","","0","0","1","1","0"
"POINT (9.982015385000068 53.559810072000062)","Unfall 151367 (2024) Kat:2, Licht: 0","151367","2","1","8","03","15","4","","0","1","1","0","0"
"POINT (9.989468270000032 53.550816468000050)","Unfall 151368 (2024) Kat:3, Licht: 0","151368","3","6","6","03","13","4","","0","0","1","1","0"
"POINT (10.161152286000060 53.514143902000058)","Unfall 151369 (2024) Kat:2, Licht: 0","151369","2","5","1","03","17","3","","0","0","1","0","0"
"POINT (10.147962197000027 53.527422538000053)","Unfall 151370 (2024) Kat:2, Licht: 0","151370","2","3","5","03","14","3","","0","1","1","0","0"
"POINT (10.139439859000049 53.585845945000074)","Unfall 151371 (2024) Kat:3, Licht: 0","151371","3","1","1","03","17","3","","0","0","1","0","1"
"POINT (10.141420347000064 53.583924119000073)","Unfall 151372 (2024) Kat:3, Licht: 0","151372","3","2","3","03","09","3","","0","1","1","0","0"
"POINT (10.107015417000071 53.570703734000062)","Unfall 151373 (2024) Kat:3, Licht: 0","151373","3","3","5","03","10","3","","0","0","1","0","0"