WKT,Name,OBJECTID,UKATEGORIE,UTYP1,UART,UMONAT,USTUNDE,UWOCHENTAG,STRZUSTAND,ULICHTVERH,ISTRAD,ISTPKW,ISTFUSS,ISTKRAD
"POINT (10.151857878000044 53.649266764000060)","Unfall 151374 (2024) Kat:3, Licht: 0","151374","3","6","3","03","07","3","","0","1","0","0","0"
"POINT (10.010628227000041 53.650979490000054)","Unfall 151375 (2024) Kat:3, Licht: 2","151375","3","1","0","03","19","3","","2","1","0","0","0"
"POINT (9.894608645000062 53.593068451000079)","Unfall 151376 (2024) Kat:3, Licht: 0","151376","3","6","0","03","13","3","","0","0","0","0","0"
"POINT (9.984241094000026 53.587042954000026)","Unfall 151377 (2024) Kat:3, Licht: 1","151377","3","4","6","03","17","3","","1","1","0","1","0"
"POINT (9.992843084000071 53.558957204000080)","Unfall 151378 (2024) Kat:3, Licht: 0","151378","3","6","2","03","14","3","","0","0","1","0","0"
"POINT (9.995465510000031 53.550600653000060)","Unfall 151379 (2024) Kat:3, Licht: 0","151379","3","4","0","03","17","3","","0","1","0","1","0"
"POINT (9.854431402000046 53.469329257000027)","Unfall 151380 (2024) Kat:3, Licht: 0","151380","3","2","4","03","10","2","","0","1","1","0","0"
"POINT (10.159606111000073 53.617753313000037)","Unfall 151381 (2024) Kat:3, Licht: 0","151381","3","6","3","03","17","2","","0","1","0","0","0"
"POINT (10.067454226000052 53.574563166000075)","Unfall 151382 (2024) Kat:2, Licht: 0","151382","2","2","6","03","13","2","","0","1","0","1","0"
"POINT (10.125820747000034 53.645001735000051)","Unfall 151383 (2024) Kat:3, Licht: 0","151383","3","6","2","03","13","2","","0","0","1","0","0"
"POINT (10.001090703000045 53.663566060000051)","Unfall 151384 (2024) Kat:3, Licht: 0","151384","3","4","6","03","16","2","","0","0","0","1","0"
"POINT (9.941857210000023 53.565413369000055)","Unfall 151385 (2024) Kat:3, Licht: 0","151385","3","6","4","03","08","2","","0","0","1","0","0"
"POINT (9.962137236000046 53.549453386000039)","Unfall 151386 (2024) Kat:3, Licht: 0","151386","3","6","3","03","14","2","","0","0","0","0","0"
"POINT (9.987545222000051 53.557619480000028)","Unfall 151387 (2024) Kat:3, Licht: 0","151387","3","5","6","03","15","2","","0","0","1","1","0"
"POINT (10.005980280000074 53.549335262000056)","Unfall 151388 (2024) Kat:3, Licht: 0","151388","3","6","2","03","08","2","","0","0","1","0","0"
"POINT (10.010048004000055 53.550864816000058)","Unfall 151389 (2024) Kat:3, Licht: 0","151389","3","4","6","03","15","2","","0","1","0","1","0"
"POINT (9.985578776000068 53.455966793000073)","Unfall 151390 (2024) Kat:3, Licht: 2","151390","3","7","6","03","19","1","","2","0","1","1","0"
"POINT (10.204151718000048 53.422139761000039)","Unfall 151391 (2024) Kat:3, Licht: 2","151391","3","2","3","03","21","1","","2","0","1","0","1"
"POINT (10.231569317000037 53.451246558000037)","Unfall 151392 (2024) Kat:3, Licht: 0","151392","3","6","2","03","16","1","","0","0","1","0","0"
"POINT (10.023622538000041 53.545408038000062)","Unfall 151393 (2024) Kat:3, Licht: 0","151393","3","2","3","03","16","1","","0","1","1","0","0"
"POINT (10.057478652000043 53.575910941000075)","Unfall 151394 (2024) Kat:3, Licht: 0","151394","3","6","4","03","11","1","","0","1","0","0","0"
"POINT (10.043738267000037 53.581474190000051)","Unfall 151395 (2024) Kat:3, Licht: 2","151395","3","1","0","03","19","1","","2","0","0","0","0"
"POINT (9.890263105000031 53.611401888000046)","Unfall 151396 (2024) Kat:3, Licht: 0","151396","3","1","9","03","12","1","","0","0","0","0","1"
"POINT (9.900810109000076 53.620605130000058)","Unfall 151397 (2024) Kat:3, Licht: 0","151397","3","7","6","03","18","1","","0","0","1","1","0"
"POINT (9.893350749000035 53.573320555000066)","Unfall 151398 (2024) Kat:3, Licht: 0","151398","3","6","2","03","13","1","","0","0","1","0","0"
"POINT (9.969206500000041 53.546016362000046)","Unfall 151399 (2024) Kat:3, Licht: 0","151399","3","2","3","03","13","1","","0","1","1","0","0"
"POINT (10.015559404000044 53.518485951000059)","Unfall 151400 (2024) Kat:3, Licht: 2","151400","3","2","4","03","22","7","","2","0","1","0","0"
"POINT (10.109656100000052 53.593363308000050)","Unfall 151401 (2024) Kat:3, Licht: 2","151401","3","2","4","03","19","7","","2","0","1","0","0"
"POINT (10.064653019000048 53.586551508000070)","Unfall 151402 (2024) Kat:3, Licht: 0","151402","3","3","5","03","09","7","","0","0","1","0","0"
"POINT (10.031972214000064 53.561982579000073)","Unfall 151403 (2024) Kat:3, Licht: 2","151403","3","2","6","03","19","7","","2","0","1","1","0"
"POINT (9.820323449000057 53.561482156000068)","Unfall 151404 (2024) Kat:2, Licht: 2","151404","2","7","0","03","23","7","","2","0","0","0","0"
"POINT (9.988461841000060 53.569652844000075)","Unfall 151405 (2024) Kat:3, Licht: 0","151405","3","5","5","03","16","7","","0","0","1","0","0"
"POINT (9.955750516000023 53.457115765000026)","Unfall 151406 (2024) Kat:3, Licht: 0","151406","3","4","6","03","16","6","","0","0","1","1","0"
"POINT (10.097180410000021 53.533972194000057)","Unfall 151407 (2024) Kat:3, Licht: 0","151407","3","6","3","03","16","6","","0","0","1","0","0"
"POINT (9.969148068000038 53.550052689000040)","Unfall 151408 (2024) Kat:3, Licht: 2","151408","3","6","3","03","19","6","","2","0","1","0","0"
"POINT (10.035782205000032 53.554931623000073)","Unfall 151409 (2024) Kat:3, Licht: 2","151409","3","6","2","03","18","6","","2","0","1","0","1"
"POINT (10.087399542000071 53.650965513000074)","Unfall 151410 (2024) Kat:3, Licht: 0","151410","3","2","4","03","13","6","","0","0","1","0","0"
"POINT (10.032290292000027 53.624000157000069)","Unfall 151411 (2024) Kat:3, Licht: 0","151411","3","7","0","03","14","6","","0","0","0","0","0"
"POINT (10.025765684000021 53.580703679000067)","Unfall 151412 (2024) Kat:3, Licht: 0","151412","3","6","4","03","13","6","","0","1","0","0","0"
"POINT (10.056102808000048 53.591385446000061)","Unfall 151413 (2024) Kat:3, Licht: 2","151413","3","7","0","03","19","6","","2","0","1","0","0"
"POINT (9.858971072000031 53.576797940000063)","Unfall 151414 (2024) Kat:2, Licht: 0","151414","2","2","4","03","11","6","","0","0","1","0","1"
"POINT (9.930079227000022 53.597100045000047)","Unfall 151415 (2024) Kat:3, Licht: 0","151415","3","7","0","04","10","5","","0","1","0","0","0"
"POINT (9.755733892000023 53.575894167000058)","Unfall 151416 (2024) Kat:3, Licht: 0","151416","3","7","2","03","14","6","","0","1","0","0","0"
"POINT (9.898857395000050 53.552456710000058)","Unfall 151417 (2024) Kat:2, Licht: 0","151417","2","7","0","03","15","6","","0","0","0","0","0"
"POINT (9.916973590000055 53.582083248000060)","Unfall 151418 (2024) Kat:3, Licht: 2","151418","3","7","0","03","22","6","","2","1","0","0","0"
"POINT (9.947670452000068 53.582206303000078)","Unfall 151419 (2024) Kat:3, Licht: 0","151419","3","6","2","03","16","6","","0","1","1","0","0"
"POINT (9.953668839000045 53.560575669000059)","Unfall 151420 (2024) Kat:3, Licht: 2","151420","3","2","3","03","18","6","","2","1","1","0","0"
"POINT (9.931823548000068 53.546847939000031)","Unfall 151421 (2024) Kat:3, Licht: 0","151421","3","3","5","03","12","6","","0","1","1","0","0"
"POINT (9.964666963000070 53.567628855000066)","Unfall 151422 (2024) Kat:3, Licht: 2","151422","3","5","1","03","19","6","","2","1","1","0","0"
"POINT (9.986118011000030 53.573208412000042)","Unfall 151423 (2024) Kat:3, Licht: 0","151423","3","7","0","03","10","6","","0","1","0","0","0"
"POINT (9.960127522000050 53.563691780000056)","Unfall 151424 (2024) Kat:3, Licht: 1","151424","3","3","5","03","16","6","","1","1","1","0","0"
"POINT (9.984938011000054 53.456921319000060)","Unfall 151425 (2024) Kat:3, Licht: 0","151425","3","6","0","03","13","5","","0","0","0","0","0"
"POINT (9.990361370000073 53.492419705000032)","Unfall 151426 (2024) Kat:3, Licht: 0","151426","3","7","6","03","07","5","","0","0","1","1","0"
"POINT (10.150477591000026 53.628342842000052)","Unfall 151427 (2024) Kat:3, Licht: 0","151427","3","4","6","03","13","5","","0","0","1","1","0"
"POINT (9.993485818000067 53.577058889000057)","Unfall 151428 (2024) Kat:3, Licht: 0","151428","3","7","0","03","17","3","","0","1","0","0","0"
"POINT (10.092630068000062 53.595466849000047)","Unfall 151429 (2024) Kat:3, Licht: 0","151429","3","2","4","03","15","5","","0","0","1","0","0"
"POINT (10.012432083000022 53.625982790000080)","Unfall 151430 (2024) Kat:3, Licht: 0","151430","3","4","6","03","17","5","","0","0","1","1","0"
"POINT (10.030934404000050 53.620817159000069)","Unfall 151431 (2024) Kat:2, Licht: 0","151431","2","7","0","03","09","5","","0","1","0","0","0"
"POINT (10.048898901000030 53.568152217000033)","Unfall 151432 (2024) Kat:3, Licht: 2","151432","3","1","4","03","22","5","","2","0","1","0","0"
"POINT (9.941381146000026 53.634281913000052)","Unfall 151433 (2024) Kat:3, Licht: 0","151433","3","7","0","03","09","3","","0","1","1","0","0"
"POINT (10.043272874000024 53.596532184000068)","Unfall 151434 (2024) Kat:3, Licht: 2","151434","3","7","3","03","21","5","","2","0","1","0","1"
"POINT (10.041490969000051 53.587198975000035)","Unfall 151435 (2024) Kat:3, Licht: 0","151435","3","2","4","03","11","5","","0","0","1","0","0"
"POINT (10.105538101000036 53.580778901000031)","Unfall 151436 (2024) Kat:3, Licht: 0","151436","3","6","3","03","10","3","","0","0","1","0","0"
"POINT (10.056472971000062 53.569499839000059)","Unfall 151437 (2024) Kat:3, Licht: 0","151437","3","2","4","03","17","5","","0","1","1","0","0"
"POINT (9.903783117000046 53.608787877000054)","Unfall 151438 (2024) Kat:3, Licht: 0","151438","3","6","0","03","16","5","","0","0","0","0","0"
"POINT (9.908861499000068 53.644620025000052)","Unfall 151439 (2024) Kat:3, Licht: 0","151439","3","6","4","03","16","5","","0","1","1","0","0"
"POINT (9.801344842000049 53.521519352000041)","Unfall 151440 (2024) Kat:3, Licht: 0","151440","3","3","5","03","16","1","","0","1","1","0","0"
"POINT (9.943872165000073 53.544397930000059)","Unfall 151441 (2024) Kat:3, Licht: 2","151441","3","7","0","03","23","5","","2","0","0","0","0"
"POINT (9.985826975000066 53.581815417000030)","Unfall 151442 (2024) Kat:2, Licht: 2","151442","2","7","3","03","18","5","","2","1","1","0","0"
"POINT (9.989068763000034 53.565244753000059)","Unfall 151443 (2024) Kat:3, Licht: 0","151443","3","6","2","03","10","5","","0","0","1","0","0"
"POINT (10.044303156000069 53.608618420000028)","Unfall 151444 (2024) Kat:3, Licht: 0","151444","3","5","5","03","14","2","","0","1","1","0","0"
"POINT (10.012335038000060 53.558215457000074)","Unfall 151445 (2024) Kat:3, Licht: 1","151445","3","2","3","03","19","5","","1","1","1","0","0"
"POINT (9.987455630000056 53.450231343000041)","Unfall 151446 (2024) Kat:3, Licht: 0","151446","3","2","4","03","11","4","","0","0","1","0","0"
"POINT (10.073115685000062 53.521278832000064)","Unfall 151447 (2024) Kat:2, Licht: 0","151447","2","5","1","03","09","4","","0","0","1","0","0"
"POINT (10.056023705000030 53.562208903000055)","Unfall 151448 (2024) Kat:3, Licht: 2","151448","3","5","1","03","18","4","","2","1","0","0","0"
"POINT (10.071115604000056 53.573401855000043)","Unfall 151449 (2024) Kat:3, Licht: 1","151449","3","6","2","03","18","4","","1","0","1","0","0"
"POINT (10.074323885000069 53.652451477000056)","Unfall 151450 (2024) Kat:3, Licht: 0","151450","3","7","2","03","17","4","","0","0","1","0","0"
"POINT (10.094754267000042 53.650920232000033)","Unfall 151451 (2024) Kat:3, Licht: 0","151451","3","6","3","03","07","4","","0","1","1","0","0"
"POINT (9.911829167000064 53.633277337000038)","Unfall 151452 (2024) Kat:3, Licht: 0","151452","3","2","3","03","15","6","","0","1","1","0","0"
"POINT (10.160750640000060 53.664464694000060)","Unfall 151453 (2024) Kat:3, Licht: 0","151453","3","2","3","03","09","4","","0","1","1","0","0"
"POINT (10.017886123000039 53.649362571000040)","Unfall 151454 (2024) Kat:2, Licht: 2","151454","2","4","6","03","20","4","","2","0","1","1","0"
"POINT (9.918736621000050 53.572959614000069)","Unfall 151455 (2024) Kat:3, Licht: 2","151455","3","7","3","03","18","4","","2","0","1","0","0"
"POINT (9.952023344000054 53.636782241000049)","Unfall 151456 (2024) Kat:3, Licht: 0","151456","3","3","5","03","07","4","","0","0","1","0","1"
"POINT (9.956192414000043 53.581688137000071)","Unfall 151457 (2024) Kat:3, Licht: 1","151457","3","7","1","03","17","4","","1","1","1","0","0"
"POINT (9.955767373000072 53.551470184000038)","Unfall 151458 (2024) Kat:3, Licht: 0","151458","3","6","6","03","16","4","","0","1","0","1","0"
"POINT (9.926951788000054 53.554897549000032)","Unfall 151459 (2024) Kat:2, Licht: 0","151459","2","5","1","03","10","4","","0","0","1","0","0"
"POINT (9.989898081000035 53.561539845000027)","Unfall 151460 (2024) Kat:3, Licht: 2","151460","3","3","5","03","22","4","","2","0","1","0","0"
"POINT (10.003232750000052 53.554152853000062)","Unfall 151461 (2024) Kat:3, Licht: 0","151461","3","6","3","03","13","4","","0","0","1","0","0"
"POINT (9.996605664000072 53.549462275000053)","Unfall 151462 (2024) Kat:3, Licht: 0","151462","3","4","6","03","13","4","","0","1","0","1","0"
"POINT (10.007803647000060 53.550429370000074)","Unfall 151463 (2024) Kat:3, Licht: 0","151463","3","6","3","03","15","4","","0","0","1","0","0"
"POINT (10.136374622000062 53.593352273000050)","Unfall 151464 (2024) Kat:3, Licht: 0","151464","3","2","2","03","14","3","","0","0","1","0","0"
"POINT (10.188918023000042 53.608283143000051)","Unfall 151465 (2024) Kat:3, Licht: 1","151465","3","6","2","03","16","3","","1","0","1","0","0"
"POINT (10.071500015000026 53.583108190000075)","Unfall 151466 (2024) Kat:3, Licht: 2","151466","3","6","2","03","18","3","","2","0","1","0","0"
"POINT (10.098640532000047 53.583568745000036)","Unfall 151467 (2024) Kat:2, Licht: 0","151467","2","5","5","03","17","3","","0","0","1","0","0"
"POINT (9.988370850000024 53.595167009000079)","Unfall 151468 (2024) Kat:3, Licht: 2","151468","3","1","0","03","00","5","","2","1","0","0","0"
"POINT (10.065160691000074 53.578981371000054)","Unfall 151469 (2024) Kat:3, Licht: 0","151469","3","3","6","03","09","3","","0","0","1","1","0"
"POINT (10.143125779000059 53.669158683000035)","Unfall 151470 (2024) Kat:3, Licht: 2","151470","3","2","2","03","20","3","","2","1","1","0","0"
"POINT (10.009426707000046 53.669557401000077)","Unfall 151471 (2024) Kat:3, Licht: 0","151471","3","1","1","03","11","3","","0","0","1","0","0"
"POINT (10.022986530000026 53.558370644000036)","Unfall 151472 (2024) Kat:3, Licht: 0","151472","3","6","2","03","10","3","","0","0","1","0","1"
"POINT (9.837515981000024 53.574176762000036)","Unfall 151473 (2024) Kat:3, Licht: 0","151473","3","6","2","03","07","3","","0","0","1","0","0"
"POINT (9.879687980000028 53.585207691000051)","Unfall 151474 (2024) Kat:3, Licht: 0","151474","3","2","4","03","12","3","","0","1","1","0","0"
"POINT (9.917700194000076 53.570077959000059)","Unfall 151475 (2024) Kat:3, Licht: 0","151475","3","3","5","03","11","3","","0","0","0","0","0"
"POINT (9.894708180000066 53.583758076000038)","Unfall 151476 (2024) Kat:3, Licht: 1","151476","3","1","9","03","06","3","","1","0","1","0","0"
"POINT (9.917662172000064 53.625672928000029)","Unfall 151477 (2024) Kat:3, Licht: 0","151477","3","5","3","03","16","3","","0","1","1","0","0"
"POINT (10.106355872000051 53.557184059000065)","Unfall 151478 (2024) Kat:3, Licht: 0","151478","3","3","5","03","17","2","","0","1","1","0","0"
"POINT (10.057510231000037 53.554849302000036)","Unfall 151479 (2024) Kat:3, Licht: 2","151479","3","2","4","03","18","2","","2","0","1","0","1"
"POINT (10.047370544000046 53.550139642000033)","Unfall 151480 (2024) Kat:3, Licht: 0","151480","3","6","6","03","13","2","","0","0","0","1","0"
"POINT (10.132897665000030 53.624218140000039)","Unfall 151481 (2024) Kat:3, Licht: 1","151481","3","3","5","03","17","2","","1","0","1","0","0"
"POINT (10.139292260000047 53.627422501000069)","Unfall 151482 (2024) Kat:3, Licht: 0","151482","3","7","0","03","16","2","","0","1","0","0","0"
"POINT (10.098772817000054 53.586772813000039)","Unfall 151483 (2024) Kat:3, Licht: 0","151483","3","6","6","03","17","2","","0","0","1","1","0"
"POINT (10.096582251000029 53.586334725000029)","Unfall 151484 (2024) Kat:3, Licht: 0","151484","3","5","1","03","15","2","","0","0","1","0","0"
"POINT (10.141643625000029 53.675886945000059)","Unfall 151485 (2024) Kat:3, Licht: 0","151485","3","2","6","03","13","2","","0","0","1","1","0"
"POINT (9.882320044000039 53.582189339000081)","Unfall 151486 (2024) Kat:2, Licht: 0","151486","2","5","1","03","11","2","","0","0","1","0","0"
"POINT (9.973915808000072 53.578600257000062)","Unfall 151487 (2024) Kat:3, Licht: 0","151487","3","1","0","03","13","2","","0","1","0","0","0"
"POINT (9.938318879000064 53.553155895000032)","Unfall 151488 (2024) Kat:2, Licht: 0","151488","2","7","0","03","14","2","","0","0","0","0","0"
"POINT (9.966193806000035 53.565706004000049)","Unfall 151489 (2024) Kat:3, Licht: 2","151489","3","3","5","03","19","2","","2","1","0","0","0"
"POINT (9.966004393000048 53.562368030000073)","Unfall 151490 (2024) Kat:3, Licht: 0","151490","3","3","5","03","15","2","","0","1","1","0","0"
"POINT (9.997028332000070 53.455825732000051)","Unfall 151491 (2024) Kat:3, Licht: 0","151491","3","6","2","03","08","1","","0","0","1","0","0"
"POINT (10.224802434000026 53.492040269000029)","Unfall 151492 (2024) Kat:3, Licht: 0","151492","3","3","0","03","13","1","","0","1","1","0","0"
"POINT (10.015077557000041 53.562630822000074)","Unfall 151493 (2024) Kat:3, Licht: 0","151493","3","3","5","03","11","1","","0","0","1","0","0"
"POINT (10.034189148000053 53.560714796000070)","Unfall 151494 (2024) Kat:2, Licht: 0","151494","2","5","1","03","07","1","","0","1","1","0","0"
"POINT (9.984131301000048 53.432949673000053)","Unfall 151495 (2024) Kat:3, Licht: 0","151495","3","7","0","03","11","7","","0","1","0","0","0"
"POINT (10.084236953000072 53.623319497000068)","Unfall 151496 (2024) Kat:3, Licht: 0","151496","3","6","2","03","16","7","","0","0","1","0","0"
"POINT (10.082903699000042 53.638511507000032)","Unfall 151497 (2024) Kat:2, Licht: 0","151497","2","3","5","03","10","7","","0","0","1","0","0"
"POINT (10.026176809000049 53.675166421000029)","Unfall 151498 (2024) Kat:3, Licht: 0","151498","3","7","0","03","15","7","","0","1","0","0","0"
"POINT (9.869448614000021 53.594198639000069)","Unfall 151499 (2024) Kat:3, Licht: 0","151499","3","5","1","03","17","7","","0","0","1","0","0"
"POINT (9.905965878000075 53.567682307000041)","Unfall 151500 (2024) Kat:3, Licht: 0","151500","3","6","2","03","12","7","","0","0","1","0","0"
"POINT (9.992197550000071 53.602256467000075)","Unfall 151501 (2024) Kat:3, Licht: 2","151501","3","6","3","03","19","7","","2","0","1","0","0"
"POINT (9.963242236000042 53.566842112000074)","Unfall 151502 (2024) Kat:3, Licht: 0","151502","3","7","6","03","11","7","","0","0","1","1","0"
"POINT (9.984563866000030 53.554445999000052)","Unfall 151503 (2024) Kat:3, Licht: 0","151503","3","6","3","03","10","7","","0","0","1","0","0"
"POINT (9.977115718000050 53.556155624000041)","Unfall 151504 (2024) Kat:3, Licht: 0","151504","3","4","6","03","15","7","","0","1","0","1","0"
"POINT (9.979678343000046 53.555611938000027)","Unfall 151505 (2024) Kat:3, Licht: 0","151505","3","6","3","03","11","7","","0","0","1","0","1"
"POINT (10.015899540000021 53.491725925000026)","Unfall 151506 (2024) Kat:3, Licht: 2","151506","3","7","0","03","20","6","","2","0","1","0","0"
"POINT (10.102818258000070 53.539923655000052)","Unfall 151507 (2024) Kat:3, Licht: 2","151507","3","1","0","03","18","6","","2","1","0","0","0"
"POINT (10.068480358000045 53.580821666000077)","Unfall 151508 (2024) Kat:3, Licht: 0","151508","3","3","5","03","14","6","","0","1","1","0","0"
"POINT (10.069807541000046 53.575011317000076)","Unfall 151509 (2024) Kat:3, Licht: 0","151509","3","6","2","03","12","6","","0","0","1","0","0"
"POINT (10.062816073000022 53.570971253000039)","Unfall 151510 (2024) Kat:3, Licht: 0","151510","3","4","6","03","13","6","","0","0","1","1","0"
"POINT (10.049550678000060 53.601855428000079)","Unfall 151511 (2024) Kat:3, Licht: 0","151511","3","3","5","03","14","6","","0","0","1","0","0"
"POINT (10.102584916000069 53.632356986000048)","Unfall 151512 (2024) Kat:3, Licht: 0","151512","3","7","6","03","09","6","","0","0","1","1","0"
"POINT (10.094124898000075 53.631399050000027)","Unfall 151513 (2024) Kat:3, Licht: 0","151513","3","7","6","03","07","6","","0","0","1","1","0"
"POINT (10.009757587000024 53.583524367000052)","Unfall 151514 (2024) Kat:3, Licht: 0","151514","3","2","3","03","14","6","","0","0","1","0","0"
"POINT (10.029998748000025 53.561539872000026)","Unfall 151515 (2024) Kat:3, Licht: 0","151515","3","3","5","03","16","6","","0","0","1","0","0"
"POINT (10.053018162000058 53.573805190000030)","Unfall 151516 (2024) Kat:3, Licht: 0","151516","3","6","3","03","13","6","","0","0","1","0","1"
"POINT (10.041408887000046 53.587172819000045)","Unfall 151517 (2024) Kat:3, Licht: 2","151517","3","2","4","03","05","6","","2","0","0","0","0"
"POINT (9.974540948000026 53.610391009000068)","Unfall 151518 (2024) Kat:3, Licht: 0","151518","3","2","4","03","14","6","","0","0","1","0","0"
"POINT (9.988138129000049 53.585453879000056)","Unfall 151519 (2024) Kat:3, Licht: 0","151519","3","6","2","03","13","6","","0","1","1","0","0"
"POINT (9.990556166000033 53.572666577000064)","Unfall 151520 (2024) Kat:2, Licht: 0","151520","2","6","2","03","17","6","","0","1","1","0","0"
"POINT (9.989201520000051 53.581954505000056)","Unfall 151521 (2024) Kat:3, Licht: 0","151521","3","3","5","03","08","6","","0","1","1","0","0"
"POINT (9.908525625000038 53.495870418000038)","Unfall 151522 (2024) Kat:3, Licht: 0","151522","3","6","2","03","14","5","","0","0","1","0","0"
"POINT (10.192960173000074 53.511784224000053)","Unfall 151523 (2024) Kat:3, Licht: 2","151523","3","7","6","03","03","5","","2","0","0","1","0"
"POINT (10.127510721000021 53.581002564000073)","Unfall 151524 (2024) Kat:3, Licht: 0","151524","3","6","2","03","09","5","","0","0","1","0","0"
"POINT (10.097246382000037 53.620729980000078)","Unfall 151525 (2024) Kat:3, Licht: 0","151525","3","6","4","03","16","5","","0","1","1","0","0"
"POINT (10.062443232000021 53.601321491000078)","Unfall 151526 (2024) Kat:3, Licht: 0","151526","3","7","4","03","08","5","","0","1","1","0","0"
"POINT (9.902947124000036 53.607803123000053)","Unfall 151527 (2024) Kat:3, Licht: 0","151527","3","7","6","03","10","5","","0","0","1","1","0"
"POINT (9.889537825000048 53.563110959000028)","Unfall 151528 (2024) Kat:3, Licht: 2","151528","3","7","0","03","20","5","","2","1","0","0","0"
"POINT (9.921479653000063 53.629774883000039)","Unfall 151529 (2024) Kat:3, Licht: 0","151529","3","1","0","03","10","5","","0","1","0","0","0"
"POINT (9.956035033000035 53.579602503000046)","Unfall 151530 (2024) Kat:3, Licht: 2","151530","3","5","3","03","18","5","","2","1","0","0","0"
"POINT (9.974047066000026 53.580134520000058)","Unfall 151531 (2024) Kat:3, Licht: 2","151531","3","7","0","03","17","5","","2","0","0","0","0"
"POINT (9.978049375000069 53.565262221000069)","Unfall 151532 (2024) Kat:3, Licht: 0","151532","3","5","5","03","09","5","","0","0","1","0","0"
"POINT (9.988544598000033 53.570832498000073)","Unfall 151533 (2024) Kat:3, Licht: 0","151533","3","4","6","03","14","5","","0","0","0","1","0"
"POINT (10.018749262000028 53.567552962000036)","Unfall 151534 (2024) Kat:2, Licht: 0","151534","2","3","5","04","14","5","","0","1","1","0","0"
"POINT (9.787017151000043 53.507557065000071)","Unfall 151535 (2024) Kat:2, Licht: 0","151535","2","7","3","03","12","4","","0","0","1","0","1"
"POINT (9.995217264000075 53.452877094000030)","Unfall 151536 (2024) Kat:3, Licht: 0","151536","3","7","1","03","17","4","","0","1","1","0","0"
"POINT (10.094421817000068 53.611456561000068)","Unfall 151537 (2024) Kat:3, Licht: 0","151537","3","6","4","03","18","4","","0","1","0","0","0"
"POINT (10.176596737000068 53.642084627000031)","Unfall 151538 (2024) Kat:2, Licht: 0","151538","2","5","1","03","15","4","","0","0","1","0","0"
"POINT (10.016373090000059 53.589995050000027)","Unfall 151539 (2024) Kat:3, Licht: 0","151539","3","7","6","03","08","4","","0","0","0","1","0"
"POINT (10.027628043000050 53.603032042000052)","Unfall 151540 (2024) Kat:3, Licht: 0","151540","3","3","5","03","10","4","","0","0","0","0","1"
"POINT (10.057615455000075 53.579349353000055)","Unfall 151541 (2024) Kat:3, Licht: 0","151541","3","6","3","03","09","4","","0","1","0","0","0"
"POINT (9.846773667000036 53.573177136000027)","Unfall 151542 (2024) Kat:3, Licht: 0","151542","3","5","1","03","16","4","","0","0","0","0","0"
"POINT (9.886071629000071 53.565157480000039)","Unfall 151543 (2024) Kat:3, Licht: 0","151543","3","6","2","03","10","4","","0","0","1","0","0"
"POINT (9.934492308000074 53.546376132000034)","Unfall 151544 (2024) Kat:3, Licht: 0","151544","3","3","5","03","09","4","","0","1","1","0","0"
"POINT (9.988644496000063 53.572860231000050)","Unfall 151545 (2024) Kat:3, Licht: 0","151545","3","6","3","03","10","4","","0","1","1","0","0"
"POINT (9.964084950000029 53.568653720000043)","Unfall 151546 (2024) Kat:3, Licht: 0","151546","3","4","6","03","08","4","","0","1","0","1","0"
"POINT (9.978880800000070 53.555625614000064)","Unfall 151547 (2024) Kat:3, Licht: 0","151547","3","7","0","03","12","4","","0","0","0","0","1"
"POINT (9.981717216000050 53.554433154000037)","Unfall 151548 (2024) Kat:3, Licht: 0","151548","3","6","3","03","08","4","","0","1","0","0","0"
"POINT (9.991603877000045 53.549252410000065)","Unfall 151549 (2024) Kat:3, Licht: 0","151549","3","2","6","03","08","4","","0","0","0","1","0"
"POINT (9.971919122000031 53.459653785000057)","Unfall 151550 (2024) Kat:3, Licht: 2","151550","3","3","5","03","21","3","","2","0","1","0","0"
"POINT (10.107470949000060 53.542038952000041)","Unfall 151551 (2024) Kat:3, Licht: 0","151551","3","4","6","03","08","3","","0","0","1","1","0"
"POINT (10.155325480000045 53.639773945000059)","Unfall 151552 (2024) Kat:3, Licht: 1","151552","3","2","3","03","18","3","","1","1","0","0","0"
"POINT (10.077590581000038 53.646908168000039)","Unfall 151553 (2024) Kat:3, Licht: 0","151553","3","5","1","03","13","3","","0","0","1","0","0"
"POINT (10.081974751000075 53.660711190000029)","Unfall 151554 (2024) Kat:2, Licht: 0","151554","2","7","0","03","12","3","","0","0","0","0","1"
"POINT (10.024742603000050 53.584883840000032)","Unfall 151555 (2024) Kat:3, Licht: 0","151555","3","5","1","03","10","3","","0","0","1","0","1"
"POINT (10.033115339000062 53.589809188000061)","Unfall 151556 (2024) Kat:3, Licht: 1","151556","3","6","3","03","18","3","","1","1","0","0","0"
"POINT (10.014269742000067 53.578072162000069)","Unfall 151557 (2024) Kat:3, Licht: 2","151557","3","2","4","03","21","3","","2","1","1","0","0"
"POINT (10.056091812000034 53.591594559000043)","Unfall 151558 (2024) Kat:3, Licht: 2","151558","3","1","0","03","20","3","","2","1","0","0","0"
"POINT (9.779160447000038 53.575323722000064)","Unfall 151559 (2024) Kat:3, Licht: 0","151559","3","7","0","03","08","3","","0","1","0","0","0"