WKT,Name,OBJECTID,UKATEGORIE,UTYP1,UART,UMONAT,USTUNDE,UWOCHENTAG,STRZUSTAND,ULICHTVERH,ISTRAD,ISTPKW,ISTFUSS,ISTKRAD
"POINT (10.015955685000051 53.555200487000036)","Unfall 151560 (2024) Kat:3, Licht: 0","151560","3","2","4","03","17","3","","0","0","1","0","1"
"POINT (9.869205457000021 53.562659703000065)","Unfall 151561 (2024) Kat:3, Licht: 0","151561","3","3","5","03","07","3","","0","1","1","0","0"
"POINT (9.929428725000037 53.629323207000027)","Unfall 151562 (2024) Kat:3, Licht: 0","151562","3","7","0","03","14","3","","0","0","0","0","1"
"POINT (9.997046317000070 53.546304716000066)","Unfall 151563 (2024) Kat:3, Licht: 0","151563","3","3","5","03","17","7","","0","0","1","0","0"
"POINT (9.936184619000073 53.546206085000051)","Unfall 151564 (2024) Kat:3, Licht: 0","151564","3","6","6","03","15","3","","0","1","0","1","0"
"POINT (10.072961338000027 53.579451455000026)","Unfall 151565 (2024) Kat:3, Licht: 0","151565","3","6","2","03","12","5","","0","0","1","0","0"
"POINT (9.941230637000046 53.551881429000048)","Unfall 151566 (2024) Kat:2, Licht: 0","151566","2","3","5","03","10","3","","0","1","0","0","0"
"POINT (10.005991119000043 53.551722235000057)","Unfall 151567 (2024) Kat:3, Licht: 0","151567","3","3","0","03","14","3","","0","1","0","0","0"
"POINT (9.991394872000058 53.443243882000047)","Unfall 151568 (2024) Kat:2, Licht: 0","151568","2","2","6","03","14","2","","0","0","1","1","0"
"POINT (10.004814683000063 53.520478843000035)","Unfall 151569 (2024) Kat:3, Licht: 0","151569","3","7","3","03","16","2","","0","0","1","0","0"
"POINT (10.184278206000045 53.506184929000028)","Unfall 151570 (2024) Kat:3, Licht: 0","151570","3","3","5","03","15","2","","0","0","1","0","0"
"POINT (10.086345073000075 53.577573446000031)","Unfall 151571 (2024) Kat:3, Licht: 0","151571","3","2","3","03","16","2","","0","1","0","0","0"
"POINT (9.999788706000061 53.612681548000069)","Unfall 151572 (2024) Kat:3, Licht: 0","151572","3","7","0","03","18","2","","0","1","1","0","0"
"POINT (9.899183497000024 53.553503662000082)","Unfall 151573 (2024) Kat:3, Licht: 0","151573","3","4","6","03","16","2","","0","1","0","1","0"
"POINT (9.911748107000051 53.583620055000040)","Unfall 151574 (2024) Kat:3, Licht: 0","151574","3","6","2","03","14","2","","0","0","1","0","0"
"POINT (10.000250062000021 53.679916922000075)","Unfall 151575 (2024) Kat:3, Licht: 0","151575","3","7","0","04","16","7","","0","1","0","0","0"
"POINT (9.999306385000068 53.574292840000055)","Unfall 151576 (2024) Kat:3, Licht: 0","151576","3","6","0","03","17","2","","0","1","1","0","0"
"POINT (9.999349703000064 53.544487650000065)","Unfall 151577 (2024) Kat:3, Licht: 0","151577","3","3","5","03","14","2","","0","1","0","0","0"
"POINT (9.893620147000036 53.477590932000055)","Unfall 151578 (2024) Kat:2, Licht: 0","151578","2","2","4","03","17","1","","0","0","1","0","0"
"POINT (10.068933166000022 53.524630090000073)","Unfall 151579 (2024) Kat:3, Licht: 2","151579","3","1","8","03","04","1","","2","0","1","0","0"
"POINT (10.111667929000021 53.552920475000064)","Unfall 151580 (2024) Kat:3, Licht: 0","151580","3","5","1","03","15","1","","0","1","1","0","0"
"POINT (10.095662404000052 53.542659185000048)","Unfall 151581 (2024) Kat:3, Licht: 2","151581","3","3","0","03","18","1","","2","0","1","0","0"
"POINT (9.970569780000062 53.583185639000078)","Unfall 151582 (2024) Kat:3, Licht: 0","151582","3","6","2","03","15","6","","0","0","1","0","0"
"POINT (10.124168913000062 53.587900858000069)","Unfall 151583 (2024) Kat:3, Licht: 0","151583","3","2","3","03","12","1","","0","1","1","0","0"
"POINT (10.020491190000030 53.631369372000051)","Unfall 151584 (2024) Kat:3, Licht: 0","151584","3","6","2","03","11","1","","0","0","1","0","0"
"POINT (10.056305567000038 53.591734906000056)","Unfall 151585 (2024) Kat:3, Licht: 0","151585","3","7","0","03","08","1","","0","1","0","0","0"
"POINT (9.990418303000069 53.560914016000027)","Unfall 151586 (2024) Kat:3, Licht: 2","151586","3","4","6","03","19","1","","2","0","0","1","0"
"POINT (9.954808536000030 53.548609959000032)","Unfall 151587 (2024) Kat:2, Licht: 2","151587","2","3","5","03","21","1","","2","0","1","0","1"
"POINT (9.853016200000070 53.470063017000030)","Unfall 151588 (2024) Kat:3, Licht: 2","151588","3","7","0","03","21","7","","2","1","0","0","0"
"POINT (10.121665052000026 53.565560226000059)","Unfall 151589 (2024) Kat:3, Licht: 0","151589","3","1","0","03","21","7","","0","0","0","0","0"
"POINT (10.083540756000048 53.546178961000066)","Unfall 151590 (2024) Kat:3, Licht: 0","151590","3","2","3","03","10","7","","0","0","1","0","0"
"POINT (10.152073865000034 53.596161697000070)","Unfall 151591 (2024) Kat:3, Licht: 0","151591","3","7","0","03","15","7","","0","0","1","0","0"
"POINT (10.137165465000066 53.600127555000029)","Unfall 151592 (2024) Kat:3, Licht: 0","151592","3","2","4","03","10","7","","0","1","1","0","0"
"POINT (10.066390166000076 53.597786365000047)","Unfall 151593 (2024) Kat:3, Licht: 0","151593","3","7","6","03","17","7","","0","0","1","1","0"
"POINT (10.038221845000066 53.611375338000073)","Unfall 151594 (2024) Kat:3, Licht: 0","151594","3","5","5","03","13","7","","0","0","1","0","1"
"POINT (10.086498647000042 53.604320271000063)","Unfall 151595 (2024) Kat:3, Licht: 2","151595","3","7","0","03","01","7","","2","1","0","0","0"
"POINT (10.066510375000064 53.597760870000059)","Unfall 151596 (2024) Kat:3, Licht: 0","151596","3","5","5","03","17","7","","0","0","1","0","0"
"POINT (9.947857440000064 53.582309851000048)","Unfall 151597 (2024) Kat:3, Licht: 0","151597","3","1","8","03","15","7","","0","1","0","0","0"
"POINT (9.951857629000074 53.567056460000060)","Unfall 151598 (2024) Kat:3, Licht: 2","151598","3","3","5","03","02","7","","2","0","0","0","0"
"POINT (9.970557742000040 53.557257087000039)","Unfall 151599 (2024) Kat:3, Licht: 2","151599","3","1","0","03","19","7","","2","0","0","0","1"
"POINT (10.015368518000059 53.554941316000054)","Unfall 151600 (2024) Kat:3, Licht: 2","151600","3","4","6","03","04","7","","2","0","1","1","0"
"POINT (9.974802961000023 53.494168176000073)","Unfall 151601 (2024) Kat:3, Licht: 2","151601","3","1","0","03","04","7","","2","1","0","0","0"
"POINT (9.980500917000029 53.423890015000040)","Unfall 151602 (2024) Kat:3, Licht: 0","151602","3","3","5","03","14","6","","0","1","1","0","0"
"POINT (10.169201318000034 53.488687236000032)","Unfall 151603 (2024) Kat:3, Licht: 0","151603","3","7","0","03","13","6","","0","0","0","0","1"
"POINT (10.036855438000032 53.541258297000070)","Unfall 151604 (2024) Kat:2, Licht: 0","151604","2","2","3","03","07","6","","0","0","1","0","0"
"POINT (10.137984718000041 53.580749837000042)","Unfall 151605 (2024) Kat:3, Licht: 0","151605","3","7","8","03","05","6","","0","0","1","0","0"
"POINT (10.135101351000060 53.576467458000081)","Unfall 151606 (2024) Kat:3, Licht: 0","151606","3","6","2","03","15","6","","0","0","1","0","0"
"POINT (10.091654884000036 53.651271437000048)","Unfall 151607 (2024) Kat:3, Licht: 0","151607","3","7","4","03","16","6","","0","0","1","0","0"
"POINT (10.031991266000034 53.596290218000036)","Unfall 151608 (2024) Kat:3, Licht: 0","151608","3","6","2","03","16","6","","0","0","1","0","0"
"POINT (10.032161220000035 53.586947373000044)","Unfall 151609 (2024) Kat:3, Licht: 0","151609","3","1","0","03","09","6","","0","0","0","0","0"
"POINT (10.008800464000046 53.578064103000031)","Unfall 151610 (2024) Kat:3, Licht: 0","151610","3","1","0","03","15","6","","0","1","0","0","0"
"POINT (9.870258984000031 53.593432348000078)","Unfall 151611 (2024) Kat:3, Licht: 1","151611","3","7","3","03","17","6","","1","0","1","0","0"
"POINT (9.945881973000041 53.639293122000026)","Unfall 151612 (2024) Kat:3, Licht: 0","151612","3","1","8","03","10","6","","0","0","1","0","0"
"POINT (9.971129229000042 53.587100367000062)","Unfall 151613 (2024) Kat:3, Licht: 0","151613","3","7","1","03","16","6","","0","0","1","0","0"
"POINT (9.956988974000069 53.567192596000041)","Unfall 151614 (2024) Kat:3, Licht: 0","151614","3","2","3","03","12","6","","0","1","1","0","0"
"POINT (9.950366246000044 53.555859165000072)","Unfall 151615 (2024) Kat:3, Licht: 2","151615","3","1","0","03","23","6","","2","1","0","0","0"
"POINT (9.963892210000040 53.549704677000079)","Unfall 151616 (2024) Kat:3, Licht: 2","151616","3","4","6","03","21","6","","2","1","0","1","0"
"POINT (9.985530880000056 53.456565828000066)","Unfall 151617 (2024) Kat:2, Licht: 2","151617","2","4","6","02","21","5","","2","0","1","1","0"
"POINT (9.962781799000027 53.552491144000044)","Unfall 151618 (2024) Kat:3, Licht: 2","151618","3","2","6","03","22","7","","2","0","1","1","0"
"POINT (10.002812214000073 53.505953389000069)","Unfall 151619 (2024) Kat:2, Licht: 0","151619","2","5","5","02","13","5","","0","0","1","0","0"
"POINT (10.072030973000039 53.485467340000071)","Unfall 151620 (2024) Kat:3, Licht: 1","151620","3","6","2","02","19","5","","1","0","0","0","1"
"POINT (10.205031213000041 53.490701418000071)","Unfall 151621 (2024) Kat:3, Licht: 0","151621","3","5","1","02","15","5","","0","0","1","0","0"
"POINT (10.116110371000048 53.495095435000053)","Unfall 151622 (2024) Kat:3, Licht: 0","151622","3","4","6","02","12","5","","0","0","0","1","0"
"POINT (9.851955601000043 53.551709323000068)","Unfall 151623 (2024) Kat:3, Licht: 0","151623","3","1","0","03","10","5","","0","1","0","0","0"
"POINT (10.074947282000039 53.554864657000053)","Unfall 151624 (2024) Kat:3, Licht: 0","151624","3","3","5","02","16","5","","0","1","1","0","0"
"POINT (10.061796601000026 53.569002993000026)","Unfall 151625 (2024) Kat:3, Licht: 0","151625","3","2","4","02","09","5","","0","0","1","0","0"
"POINT (10.060681506000037 53.570696105000081)","Unfall 151626 (2024) Kat:3, Licht: 0","151626","3","2","3","02","09","5","","0","1","1","0","0"
"POINT (10.077063553000073 53.612811184000066)","Unfall 151627 (2024) Kat:3, Licht: 0","151627","3","6","6","02","13","5","","0","1","0","1","0"
"POINT (10.157379730000059 53.644409658000029)","Unfall 151628 (2024) Kat:3, Licht: 0","151628","3","7","0","02","14","5","","0","1","0","0","0"
"POINT (10.025473556000065 53.634461617000056)","Unfall 151629 (2024) Kat:3, Licht: 2","151629","3","6","6","02","18","5","","2","0","0","1","0"
"POINT (10.016725329000053 53.634489558000041)","Unfall 151630 (2024) Kat:3, Licht: 0","151630","3","7","0","02","16","5","","0","0","0","0","0"
"POINT (10.048192452000023 53.570799497000053)","Unfall 151631 (2024) Kat:3, Licht: 0","151631","3","3","5","02","11","5","","0","0","1","0","0"
"POINT (10.023110817000031 53.578620801000056)","Unfall 151632 (2024) Kat:3, Licht: 0","151632","3","3","5","02","14","5","","0","1","1","0","0"
"POINT (10.051066241000058 53.571953650000069)","Unfall 151633 (2024) Kat:3, Licht: 0","151633","3","6","1","02","14","5","","0","0","1","0","0"
"POINT (9.905423390000067 53.611525838000034)","Unfall 151634 (2024) Kat:3, Licht: 0","151634","3","3","5","02","07","5","","0","0","1","0","0"
"POINT (9.852174408000053 53.579253323000046)","Unfall 151635 (2024) Kat:3, Licht: 0","151635","3","6","2","02","12","5","","0","0","1","0","0"
"POINT (9.885066020000068 53.601139029000080)","Unfall 151636 (2024) Kat:3, Licht: 1","151636","3","6","3","02","17","5","","1","1","0","0","0"
"POINT (10.175077495000039 53.654254727000080)","Unfall 151637 (2024) Kat:3, Licht: 0","151637","3","7","0","03","07","3","","0","1","0","0","0"
"POINT (9.966734386000041 53.575255760000061)","Unfall 151638 (2024) Kat:3, Licht: 0","151638","3","2","4","02","15","5","","0","1","1","0","0"
"POINT (9.970503035000036 53.547418599000082)","Unfall 151639 (2024) Kat:3, Licht: 2","151639","3","7","0","02","19","5","","2","1","0","0","0"
"POINT (9.995730942000023 53.550691578000055)","Unfall 151640 (2024) Kat:3, Licht: 2","151640","3","1","0","02","22","5","","2","1","0","0","0"
"POINT (9.978175610000051 53.558366444000058)","Unfall 151641 (2024) Kat:3, Licht: 0","151641","3","7","1","02","16","5","","0","1","1","0","0"
"POINT (10.101841662000027 53.541319442000031)","Unfall 151642 (2024) Kat:3, Licht: 0","151642","3","2","6","02","15","4","","0","0","0","1","0"
"POINT (10.038687328000037 53.608007607000047)","Unfall 151643 (2024) Kat:3, Licht: 0","151643","3","6","2","02","14","4","","0","0","1","0","0"
"POINT (10.063708445000032 53.649776000000031)","Unfall 151644 (2024) Kat:3, Licht: 0","151644","3","5","5","02","15","4","","0","1","1","0","0"
"POINT (10.061802792000037 53.569105430000036)","Unfall 151645 (2024) Kat:3, Licht: 0","151645","3","2","2","03","10","3","","0","0","1","0","0"
"POINT (10.057251244000042 53.565994833000047)","Unfall 151646 (2024) Kat:3, Licht: 0","151646","3","3","5","02","18","4","","0","0","1","0","0"
"POINT (10.015057967000075 53.573949993000042)","Unfall 151647 (2024) Kat:3, Licht: 0","151647","3","2","6","02","15","4","","0","0","1","1","0"
"POINT (9.952324120000071 53.618739108000057)","Unfall 151648 (2024) Kat:3, Licht: 0","151648","3","7","3","02","12","4","","0","0","1","0","0"
"POINT (9.971673132000035 53.599504581000076)","Unfall 151649 (2024) Kat:3, Licht: 0","151649","3","5","5","02","15","4","","0","0","1","0","0"
"POINT (9.941802655000060 53.548102674000063)","Unfall 151650 (2024) Kat:3, Licht: 0","151650","3","3","5","02","12","4","","0","1","1","0","0"
"POINT (10.124718128000040 53.571122408000065)","Unfall 151651 (2024) Kat:3, Licht: 0","151651","3","6","2","03","13","1","","0","0","1","0","0"
"POINT (9.874363036000034 53.480683924000061)","Unfall 151652 (2024) Kat:3, Licht: 1","151652","3","6","4","02","17","3","","1","0","1","0","0"
"POINT (9.876613484000075 53.503856951000046)","Unfall 151653 (2024) Kat:3, Licht: 0","151653","3","7","2","02","14","3","","0","0","1","0","0"
"POINT (10.127177854000024 53.544461400000046)","Unfall 151654 (2024) Kat:3, Licht: 0","151654","3","6","2","02","11","3","","0","0","1","0","0"
"POINT (10.075530142000048 53.557685915000036)","Unfall 151655 (2024) Kat:3, Licht: 0","151655","3","4","6","02","07","3","","0","0","1","1","0"
"POINT (10.102748466000037 53.699532701000066)","Unfall 151656 (2024) Kat:3, Licht: 0","151656","3","1","9","02","14","3","","0","0","1","0","0"
"POINT (9.998224787000026 53.619871576000037)","Unfall 151657 (2024) Kat:3, Licht: 2","151657","3","5","1","02","18","3","","2","1","1","0","0"
"POINT (10.026710518000073 53.585287868000080)","Unfall 151658 (2024) Kat:3, Licht: 2","151658","3","5","5","02","19","3","","2","0","1","0","1"
"POINT (9.769574504000047 53.585277668000060)","Unfall 151659 (2024) Kat:3, Licht: 0","151659","3","6","4","02","16","3","","0","1","1","0","0"
"POINT (9.941517216000022 53.564181366000071)","Unfall 151660 (2024) Kat:3, Licht: 0","151660","3","3","5","03","12","4","","0","0","1","0","0"
"POINT (9.990805213000044 53.560534699000073)","Unfall 151661 (2024) Kat:3, Licht: 0","151661","3","6","0","02","17","3","","0","0","0","0","0"
"POINT (10.011074081000061 53.560091526000065)","Unfall 151662 (2024) Kat:3, Licht: 1","151662","3","6","2","02","16","3","","1","0","1","0","0"
"POINT (10.201911618000054 53.485428907000028)","Unfall 151663 (2024) Kat:3, Licht: 0","151663","3","6","2","02","16","2","","0","0","1","0","0"
"POINT (10.179133378000074 53.463277535000032)","Unfall 151664 (2024) Kat:3, Licht: 0","151664","3","7","8","02","16","2","","0","0","0","0","1"
"POINT (10.279065425000056 53.459635955000067)","Unfall 151665 (2024) Kat:2, Licht: 2","151665","2","6","0","02","06","2","","2","0","1","0","0"
"POINT (10.190142284000046 53.503794030000051)","Unfall 151666 (2024) Kat:2, Licht: 2","151666","2","7","0","02","18","2","","2","1","0","0","0"
"POINT (10.234057891000077 53.486100402000034)","Unfall 151667 (2024) Kat:3, Licht: 0","151667","3","7","0","02","16","2","","0","0","0","0","0"
"POINT (10.009789614000056 53.547702860000072)","Unfall 151668 (2024) Kat:3, Licht: 0","151668","3","6","3","02","13","2","","0","0","1","0","0"
"POINT (10.076347793000025 53.566870113000050)","Unfall 151669 (2024) Kat:3, Licht: 0","151669","3","3","5","02","17","2","","0","0","1","0","0"
"POINT (10.156788970000036 53.639197715000080)","Unfall 151670 (2024) Kat:3, Licht: 0","151670","3","6","2","02","09","2","","0","0","1","0","0"
"POINT (10.013198520000060 53.553514430000064)","Unfall 151671 (2024) Kat:2, Licht: 2","151671","2","4","6","03","21","7","","2","0","1","1","0"
"POINT (9.876246333000040 53.586236607000046)","Unfall 151672 (2024) Kat:3, Licht: 2","151672","3","5","1","02","20","2","","2","0","1","0","0"
"POINT (9.949892977000047 53.636940371000037)","Unfall 151673 (2024) Kat:3, Licht: 2","151673","3","5","1","02","05","2","","2","0","1","0","0"
"POINT (9.994037063000064 53.572729169000070)","Unfall 151674 (2024) Kat:3, Licht: 0","151674","3","2","6","02","08","2","","0","0","1","1","0"
"POINT (10.003970075000041 53.503694216000042)","Unfall 151675 (2024) Kat:3, Licht: 2","151675","3","6","2","02","18","1","","2","0","1","0","0"
"POINT (10.020269789000054 53.549754486000040)","Unfall 151676 (2024) Kat:3, Licht: 2","151676","3","1","0","02","00","1","","2","0","0","0","0"
"POINT (10.067163717000028 53.553602434000027)","Unfall 151677 (2024) Kat:3, Licht: 2","151677","3","3","6","02","17","1","","2","0","1","1","0"
"POINT (10.026652744000046 53.626186422000046)","Unfall 151678 (2024) Kat:3, Licht: 2","151678","3","3","5","02","19","1","","2","0","1","0","0"
"POINT (9.999860405000049 53.580453349000038)","Unfall 151679 (2024) Kat:3, Licht: 0","151679","3","6","2","02","16","1","","0","0","1","0","0"
"POINT (10.046533703000023 53.582974283000055)","Unfall 151680 (2024) Kat:3, Licht: 1","151680","3","2","4","02","17","1","","1","0","1","0","0"
"POINT (9.988684286000023 53.573713199000053)","Unfall 151681 (2024) Kat:3, Licht: 1","151681","3","6","2","02","18","1","","1","0","1","0","0"
"POINT (9.957513028000051 53.546693280000056)","Unfall 151682 (2024) Kat:3, Licht: 0","151682","3","1","0","02","07","1","","0","0","0","0","0"
"POINT (9.991109012000038 53.446864118000065)","Unfall 151683 (2024) Kat:3, Licht: 2","151683","3","6","2","02","18","7","","2","0","1","0","0"
"POINT (10.141203043000075 53.583985750000068)","Unfall 151684 (2024) Kat:3, Licht: 0","151684","3","4","6","02","17","7","","0","0","1","1","0"
"POINT (10.012944170000026 53.627265808000061)","Unfall 151685 (2024) Kat:3, Licht: 2","151685","3","2","6","02","20","7","","2","0","1","1","0"
"POINT (10.014554711000073 53.597805023000035)","Unfall 151686 (2024) Kat:3, Licht: 0","151686","3","6","2","02","15","7","","0","0","1","0","0"
"POINT (10.045057315000065 53.590166337000028)","Unfall 151687 (2024) Kat:3, Licht: 0","151687","3","7","0","02","13","7","","0","0","0","0","0"
"POINT (9.985794913000063 53.589936379000051)","Unfall 151688 (2024) Kat:3, Licht: 0","151688","3","7","6","02","13","7","","0","0","1","1","0"
"POINT (10.007465939000042 53.551963066000042)","Unfall 151689 (2024) Kat:3, Licht: 2","151689","3","4","6","02","20","7","","2","0","0","1","0"
"POINT (10.013769031000038 53.559132753000029)","Unfall 151690 (2024) Kat:3, Licht: 0","151690","3","7","1","02","13","7","","0","1","1","0","0"
"POINT (10.082864401000052 53.555321673000037)","Unfall 151691 (2024) Kat:3, Licht: 0","151691","3","3","5","02","14","6","","0","1","1","0","0"
"POINT (10.122387590000073 53.538452442000050)","Unfall 151692 (2024) Kat:3, Licht: 0","151692","3","6","2","02","12","6","","0","0","1","0","0"
"POINT (10.080605302000038 53.531704542000057)","Unfall 151693 (2024) Kat:2, Licht: 0","151693","2","6","2","02","09","6","","0","0","1","0","0"
"POINT (9.955659704000027 53.579519813000047)","Unfall 151694 (2024) Kat:3, Licht: 0","151694","3","4","6","03","09","3","","0","1","0","1","0"
"POINT (10.065949253000042 53.588476063000030)","Unfall 151695 (2024) Kat:3, Licht: 2","151695","3","2","6","02","21","6","","2","0","1","1","0"
"POINT (10.054366813000058 53.608443295000029)","Unfall 151696 (2024) Kat:2, Licht: 2","151696","2","3","5","02","21","6","","2","0","1","0","1"
"POINT (10.143212241000072 53.652265077000038)","Unfall 151697 (2024) Kat:3, Licht: 0","151697","3","6","4","02","10","6","","0","0","1","0","0"
"POINT (10.006361167000023 53.667100273000074)","Unfall 151698 (2024) Kat:3, Licht: 2","151698","3","4","6","02","20","6","","2","0","1","1","0"
"POINT (9.846874595000031 53.575768984000035)","Unfall 151699 (2024) Kat:3, Licht: 0","151699","3","7","0","02","12","6","","0","0","0","0","0"
"POINT (9.882109237000066 53.592787340000029)","Unfall 151700 (2024) Kat:3, Licht: 0","151700","3","6","2","02","07","6","","0","0","1","0","0"
"POINT (9.970615789000021 53.581381423000039)","Unfall 151701 (2024) Kat:3, Licht: 0","151701","3","2","3","02","13","6","","0","1","0","0","0"
"POINT (9.946448736000036 53.561866075000069)","Unfall 151702 (2024) Kat:3, Licht: 2","151702","3","7","0","02","06","6","","2","1","0","0","0"
"POINT (9.980410328000062 53.572516141000051)","Unfall 151703 (2024) Kat:3, Licht: 2","151703","3","2","6","02","18","6","","2","0","1","1","0"
"POINT (9.960324868000043 53.563495593000027)","Unfall 151704 (2024) Kat:3, Licht: 2","151704","3","7","6","02","20","6","","2","0","1","1","0"
"POINT (9.993304120000062 53.557945844000074)","Unfall 151705 (2024) Kat:3, Licht: 0","151705","3","6","2","02","15","6","","0","0","1","0","0"
"POINT (9.990042238000058 53.558002760000079)","Unfall 151706 (2024) Kat:3, Licht: 2","151706","3","4","6","02","18","6","","2","1","0","1","0"
"POINT (10.191419520000068 53.503782949000026)","Unfall 151707 (2024) Kat:3, Licht: 2","151707","3","6","2","02","18","5","","2","0","1","0","0"
"POINT (10.042510050000033 53.555449033000059)","Unfall 151708 (2024) Kat:3, Licht: 2","151708","3","3","5","02","19","5","","2","1","1","0","0"
"POINT (10.068686940000021 53.571538242000031)","Unfall 151709 (2024) Kat:3, Licht: 0","151709","3","3","5","02","17","5","","0","1","1","0","0"
"POINT (10.090433466000036 53.672074864000081)","Unfall 151710 (2024) Kat:3, Licht: 0","151710","3","7","9","02","13","5","","0","0","0","0","0"
"POINT (10.022710132000043 53.567508842000052)","Unfall 151711 (2024) Kat:3, Licht: 0","151711","3","6","2","02","14","5","","0","0","1","0","1"
"POINT (9.951918197000055 53.576069207000046)","Unfall 151712 (2024) Kat:3, Licht: 2","151712","3","7","6","02","18","5","","2","0","1","1","0"
"POINT (9.956305794000059 53.582178367000040)","Unfall 151713 (2024) Kat:3, Licht: 1","151713","3","7","0","02","17","5","","1","0","1","0","0"
"POINT (9.946840237000060 53.593800260000080)","Unfall 151714 (2024) Kat:3, Licht: 0","151714","3","1","0","02","13","5","","0","1","0","0","0"
"POINT (9.941665205000049 53.555302908000044)","Unfall 151715 (2024) Kat:3, Licht: 0","151715","3","6","2","02","14","5","","0","0","1","0","0"
"POINT (9.936904747000028 53.556965015000060)","Unfall 151716 (2024) Kat:3, Licht: 0","151716","3","7","6","02","10","5","","0","0","1","1","0"
"POINT (9.988507596000034 53.582194689000062)","Unfall 151717 (2024) Kat:3, Licht: 2","151717","3","3","5","02","21","5","","2","1","1","0","0"
"POINT (9.995619342000055 53.567974222000032)","Unfall 151718 (2024) Kat:3, Licht: 1","151718","3","7","6","02","17","5","","1","0","1","1","0"
"POINT (9.964399339000067 53.557056558000056)","Unfall 151719 (2024) Kat:3, Licht: 0","151719","3","2","3","02","16","5","","0","1","0","0","0"
"POINT (9.941908098000056 53.455355512000040)","Unfall 151720 (2024) Kat:3, Licht: 0","151720","3","4","6","02","08","4","","0","0","1","1","0"
"POINT (10.175161168000045 53.496046373000070)","Unfall 151721 (2024) Kat:3, Licht: 2","151721","3","6","4","02","21","4","","2","0","1","0","0"
"POINT (10.109057877000055 53.581671181000047)","Unfall 151722 (2024) Kat:3, Licht: 2","151722","3","2","4","02","18","4","","2","0","1","0","0"
"POINT (10.107067946000029 53.570676712000079)","Unfall 151723 (2024) Kat:3, Licht: 0","151723","3","3","5","02","11","4","","0","0","1","0","0"
"POINT (9.941621710000049 53.599100622000037)","Unfall 151724 (2024) Kat:3, Licht: 2","151724","3","1","8","02","04","4","","2","0","1","0","0"
"POINT (9.904288969000049 53.591862467000055)","Unfall 151725 (2024) Kat:3, Licht: 0","151725","3","6","2","02","12","4","","0","0","0","0","0"
"POINT (9.865557342000045 53.600834844000076)","Unfall 151726 (2024) Kat:2, Licht: 0","151726","2","7","6","02","12","4","","0","0","1","1","0"
"POINT (9.973123309000073 53.612696906000053)","Unfall 151727 (2024) Kat:3, Licht: 2","151727","3","2","6","02","06","4","","2","0","1","1","0"
"POINT (9.964793545000020 53.557094519000032)","Unfall 151728 (2024) Kat:3, Licht: 1","151728","3","6","2","02","19","4","","1","0","1","0","0"
"POINT (10.012052277000066 53.441347023000048)","Unfall 151729 (2024) Kat:3, Licht: 0","151729","3","6","2","02","11","3","","0","0","1","0","0"
"POINT (10.171152426000049 53.513576962000059)","Unfall 151730 (2024) Kat:2, Licht: 0","151730","2","4","6","02","07","3","","0","0","1","1","0"
"POINT (10.106763041000022 53.547124096000061)","Unfall 151731 (2024) Kat:3, Licht: 2","151731","3","5","1","02","19","3","","2","0","1","0","0"
"POINT (10.080921376000049 53.559736296000040)","Unfall 151732 (2024) Kat:2, Licht: 2","151732","2","4","6","02","18","3","","2","0","1","1","0"
"POINT (10.113963338000076 53.545606635000070)","Unfall 151733 (2024) Kat:3, Licht: 0","151733","3","7","0","02","10","3","","0","1","0","0","0"
"POINT (10.132787102000066 53.571119460000034)","Unfall 151734 (2024) Kat:3, Licht: 0","151734","3","6","3","02","11","3","","0","0","1","0","0"
"POINT (10.088043530000050 53.655895787000077)","Unfall 151735 (2024) Kat:3, Licht: 0","151735","3","2","3","02","16","6","","0","1","1","0","0"
"POINT (10.054262298000026 53.640154737000046)","Unfall 151736 (2024) Kat:3, Licht: 2","151736","3","1","8","02","21","3","","2","0","1","0","0"
"POINT (9.923987192000027 53.571104511000044)","Unfall 151737 (2024) Kat:3, Licht: 0","151737","3","7","0","02","16","3","","0","0","1","0","1"
"POINT (10.012661588000071 53.552594077000037)","Unfall 151738 (2024) Kat:3, Licht: 0","151738","3","7","0","02","12","3","","0","1","1","0","0"
"POINT (9.898430580000024 53.477093810000042)","Unfall 151739 (2024) Kat:3, Licht: 0","151739","3","6","2","02","11","2","","0","0","1","0","0"
"POINT (9.990173693000031 53.443831330000080)","Unfall 151740 (2024) Kat:3, Licht: 1","151740","3","2","5","02","16","2","","1","0","1","0","0"
"POINT (9.992071419000069 53.505290973000058)","Unfall 151741 (2024) Kat:3, Licht: 0","151741","3","2","4","02","08","2","","0","0","1","0","0"
"POINT (10.026589538000053 53.553864768000039)","Unfall 151742 (2024) Kat:3, Licht: 0","151742","3","2","3","02","13","2","","0","1","1","0","0"
"POINT (10.033741500000076 53.585505409000064)","Unfall 151743 (2024) Kat:3, Licht: 0","151743","3","6","2","02","13","2","","0","0","1","0","0"
"POINT (10.031452912000077 53.596171059000028)","Unfall 151744 (2024) Kat:2, Licht: 1","151744","2","1","0","02","16","2","","1","0","0","0","1"
"POINT (10.006354582000029 53.599239173000058)","Unfall 151745 (2024) Kat:3, Licht: 2","151745","3","4","6","02","18","2","","2","0","1","1","0"