WKT,Name,OBJECTID,UKATEGORIE,UTYP1,UART,UMONAT,USTUNDE,UWOCHENTAG,STRZUSTAND,ULICHTVERH,ISTRAD,ISTPKW,ISTFUSS,ISTKRAD
"POINT (10.035731778000070 53.567249043000061)","Unfall 151746 (2024) Kat:3, Licht: 2","151746","3","7","0","02","18","2","","2","1","0","0","0"
"POINT (9.819781419000037 53.569682833000059)","Unfall 151747 (2024) Kat:3, Licht: 0","151747","3","7","0","02","14","2","","0","1","0","0","0"
"POINT (9.873936443000048 53.587227912000060)","Unfall 151748 (2024) Kat:3, Licht: 0","151748","3","6","2","02","14","2","","0","0","1","0","0"
"POINT (9.916530146000071 53.635563649000062)","Unfall 151749 (2024) Kat:3, Licht: 0","151749","3","2","3","02","15","2","","0","1","1","0","0"
"POINT (9.987021281000068 53.589411082000026)","Unfall 151750 (2024) Kat:3, Licht: 0","151750","3","1","0","02","12","2","","0","1","0","0","0"
"POINT (9.995006360000048 53.465087243000028)","Unfall 151751 (2024) Kat:3, Licht: 1","151751","3","6","2","02","16","1","","1","0","1","0","0"
"POINT (10.211862667000048 53.504246770000066)","Unfall 151752 (2024) Kat:3, Licht: 2","151752","3","2","6","02","18","1","","2","0","1","1","0"
"POINT (10.081006011000056 53.531961071000069)","Unfall 151753 (2024) Kat:3, Licht: 2","151753","3","1","8","02","05","1","","2","0","1","0","0"
"POINT (10.167763378000075 53.649419154000043)","Unfall 151754 (2024) Kat:3, Licht: 0","151754","3","3","6","02","12","1","","0","0","1","1","0"
"POINT (10.021747573000027 53.614783443000078)","Unfall 151755 (2024) Kat:3, Licht: 0","151755","3","2","0","02","13","1","","0","1","1","0","0"
"POINT (10.058274191000066 53.593017094000061)","Unfall 151756 (2024) Kat:3, Licht: 2","151756","3","1","0","02","04","1","","2","0","0","0","0"
"POINT (9.941977873000042 53.548027305000062)","Unfall 151757 (2024) Kat:3, Licht: 2","151757","3","7","0","02","04","1","","2","0","0","0","0"
"POINT (9.930232847000070 53.552065670000047)","Unfall 151758 (2024) Kat:3, Licht: 0","151758","3","7","0","02","16","1","","0","0","1","0","0"
"POINT (9.967216871000062 53.549856817000034)","Unfall 151759 (2024) Kat:3, Licht: 2","151759","3","3","5","02","01","1","","2","1","1","0","0"
"POINT (9.988923298000032 53.448334218000070)","Unfall 151760 (2024) Kat:2, Licht: 2","151760","2","4","6","02","19","7","","2","0","1","1","0"
"POINT (9.854430161000039 53.469716319000042)","Unfall 151761 (2024) Kat:3, Licht: 0","151761","3","2","4","02","14","6","","0","1","1","0","0"
"POINT (9.987209961000076 53.438505882000072)","Unfall 151762 (2024) Kat:3, Licht: 0","151762","3","6","3","02","07","6","","0","0","0","0","0"
"POINT (10.154207322000047 53.484539501000029)","Unfall 151763 (2024) Kat:1, Licht: 0","151763","1","7","6","02","15","6","","0","0","0","1","0"
"POINT (10.095770704000074 53.516512068000054)","Unfall 151764 (2024) Kat:2, Licht: 0","151764","2","4","6","02","12","6","","0","0","0","1","0"
"POINT (10.156914393000022 53.660027779000075)","Unfall 151765 (2024) Kat:3, Licht: 0","151765","3","4","6","02","11","6","","0","0","1","1","0"
"POINT (9.926388777000057 53.571794526000076)","Unfall 151766 (2024) Kat:3, Licht: 2","151766","3","2","2","02","17","6","","2","1","1","0","0"
"POINT (9.919265495000047 53.627993922000030)","Unfall 151767 (2024) Kat:3, Licht: 2","151767","3","2","6","02","18","6","","2","0","0","1","0"
"POINT (9.954737019000049 53.622411418000070)","Unfall 151768 (2024) Kat:3, Licht: 2","151768","3","3","5","02","17","6","","2","1","1","0","0"
"POINT (9.954675243000054 53.553084085000080)","Unfall 151769 (2024) Kat:3, Licht: 0","151769","3","7","3","02","15","6","","0","0","1","0","0"
"POINT (9.965463497000030 53.566235785000060)","Unfall 151770 (2024) Kat:3, Licht: 0","151770","3","1","0","02","08","6","","0","1","0","0","0"
"POINT (9.970515822000038 53.545728059000055)","Unfall 151771 (2024) Kat:3, Licht: 0","151771","3","6","2","02","12","6","","0","0","1","0","0"
"POINT (9.857589000000075 53.474342096000044)","Unfall 151772 (2024) Kat:3, Licht: 0","151772","3","6","2","02","13","5","","0","0","1","0","0"
"POINT (9.863315976000024 53.473355499000036)","Unfall 151773 (2024) Kat:2, Licht: 0","151773","2","7","0","02","16","5","","0","1","0","0","0"
"POINT (9.998345938000057 53.519843311000045)","Unfall 151774 (2024) Kat:3, Licht: 2","151774","3","7","0","02","21","5","","2","0","0","0","0"
"POINT (10.105291888000068 53.545419115000072)","Unfall 151775 (2024) Kat:3, Licht: 2","151775","3","6","2","02","18","5","","2","0","1","0","0"
"POINT (10.159273193000047 53.588748655000074)","Unfall 151776 (2024) Kat:3, Licht: 0","151776","3","3","5","02","15","5","","0","0","1","0","0"
"POINT (10.081080446000044 53.579757505000032)","Unfall 151777 (2024) Kat:3, Licht: 2","151777","3","2","3","02","19","5","","2","0","1","0","0"
"POINT (10.125309251000033 53.668816255000081)","Unfall 151778 (2024) Kat:3, Licht: 1","151778","3","2","4","02","17","5","","1","0","1","0","0"
"POINT (10.015440080000076 53.617314006000072)","Unfall 151779 (2024) Kat:3, Licht: 2","151779","3","6","2","02","22","5","","2","0","1","0","0"
"POINT (10.030699199000026 53.679715199000043)","Unfall 151780 (2024) Kat:3, Licht: 0","151780","3","4","6","02","08","5","","0","0","1","1","0"
"POINT (9.997192674000075 53.604633708000051)","Unfall 151781 (2024) Kat:3, Licht: 0","151781","3","2","3","02","16","5","","0","1","1","0","0"
"POINT (10.055639336000070 53.591581751000035)","Unfall 151782 (2024) Kat:3, Licht: 2","151782","3","2","3","02","17","5","","2","0","1","0","0"
"POINT (9.891560062000053 53.602864922000037)","Unfall 151783 (2024) Kat:3, Licht: 0","151783","3","6","4","02","15","5","","0","1","0","0","0"
"POINT (9.947038793000047 53.574600447000080)","Unfall 151784 (2024) Kat:3, Licht: 0","151784","3","6","4","02","08","5","","0","1","0","0","0"
"POINT (9.947305936000021 53.561145450000026)","Unfall 151785 (2024) Kat:3, Licht: 2","151785","3","3","5","02","05","5","","2","1","1","0","0"
"POINT (10.038714474000074 53.608300181000061)","Unfall 151786 (2024) Kat:3, Licht: 0","151786","3","2","3","02","07","5","","0","0","0","0","0"
"POINT (9.981830669000033 53.574885121000079)","Unfall 151787 (2024) Kat:3, Licht: 0","151787","3","5","1","02","08","5","","0","1","1","0","0"
"POINT (9.967571497000051 53.546176731000060)","Unfall 151788 (2024) Kat:3, Licht: 1","151788","3","7","0","02","07","5","","1","1","0","0","0"
"POINT (10.029644990000065 53.543161286000043)","Unfall 151789 (2024) Kat:3, Licht: 0","151789","3","7","6","02","14","4","","0","0","0","1","0"
"POINT (10.081346089000021 53.593195033000029)","Unfall 151790 (2024) Kat:3, Licht: 0","151790","3","6","1","02","07","4","","0","1","1","0","0"
"POINT (10.109384272000057 53.707582795000064)","Unfall 151791 (2024) Kat:2, Licht: 0","151791","2","3","6","02","11","4","","0","0","1","1","0"
"POINT (10.125910009000052 53.672841904000052)","Unfall 151792 (2024) Kat:3, Licht: 0","151792","3","3","5","02","07","4","","0","1","1","0","0"
"POINT (10.000555020000036 53.678926589000071)","Unfall 151793 (2024) Kat:3, Licht: 0","151793","3","6","3","02","11","4","","0","0","1","0","0"
"POINT (10.013886762000027 53.596092821000070)","Unfall 151794 (2024) Kat:2, Licht: 1","151794","2","1","0","02","16","4","","1","0","0","0","0"
"POINT (10.043546360000050 53.563734269000065)","Unfall 151795 (2024) Kat:3, Licht: 2","151795","3","5","5","02","23","4","","2","0","1","0","0"
"POINT (9.971350703000041 53.512379652000050)","Unfall 151796 (2024) Kat:3, Licht: 2","151796","3","6","2","02","06","4","","2","0","1","0","0"
"POINT (10.161814375000063 53.652161487000058)","Unfall 151797 (2024) Kat:3, Licht: 1","151797","3","2","4","03","17","6","","1","1","1","0","0"
"POINT (9.987132365000036 53.438408274000039)","Unfall 151798 (2024) Kat:3, Licht: 0","151798","3","6","3","02","17","3","","0","0","1","0","1"
"POINT (10.023100837000072 53.479481699000075)","Unfall 151799 (2024) Kat:2, Licht: 0","151799","2","3","5","02","08","3","","0","1","0","0","0"
"POINT (10.105994238000051 53.542413907000082)","Unfall 151800 (2024) Kat:2, Licht: 2","151800","2","4","6","02","18","3","","2","0","1","1","0"
"POINT (10.067308161000028 53.583130636000078)","Unfall 151801 (2024) Kat:2, Licht: 2","151801","2","4","6","02","17","3","","2","0","0","1","0"
"POINT (10.058105914000066 53.569931149000070)","Unfall 151802 (2024) Kat:3, Licht: 2","151802","3","2","6","02","18","3","","2","0","1","1","0"
"POINT (9.924118339000074 53.591859101000068)","Unfall 151803 (2024) Kat:3, Licht: 0","151803","3","3","5","02","14","3","","0","0","1","0","0"
"POINT (9.950613781000072 53.555704114000036)","Unfall 151804 (2024) Kat:3, Licht: 2","151804","3","7","0","02","18","3","","2","0","0","0","0"
"POINT (10.000103407000040 53.553268856000045)","Unfall 151805 (2024) Kat:3, Licht: 2","151805","3","6","2","02","18","3","","2","0","1","0","0"
"POINT (10.001762162000034 53.550049958000045)","Unfall 151806 (2024) Kat:3, Licht: 0","151806","3","4","6","02","14","3","","0","0","0","1","0"
"POINT (9.997641407000060 53.544411888000070)","Unfall 151807 (2024) Kat:3, Licht: 2","151807","3","7","0","02","07","3","","2","1","0","0","0"
"POINT (10.168943147000050 53.488768863000075)","Unfall 151808 (2024) Kat:3, Licht: 1","151808","3","1","8","02","17","2","","1","0","1","0","0"
"POINT (10.056725246000042 53.554956645000061)","Unfall 151809 (2024) Kat:3, Licht: 0","151809","3","1","0","02","11","2","","0","1","0","0","0"
"POINT (10.121407311000041 53.608495912000080)","Unfall 151810 (2024) Kat:3, Licht: 2","151810","3","7","3","02","05","2","","2","0","1","0","0"
"POINT (10.026152319000062 53.568148997000037)","Unfall 151811 (2024) Kat:3, Licht: 0","151811","3","7","0","02","14","2","","0","1","0","0","0"
"POINT (9.967203102000042 53.549911126000040)","Unfall 151812 (2024) Kat:3, Licht: 0","151812","3","3","5","04","12","5","","0","1","1","0","0"
"POINT (10.033294254000054 53.573936731000060)","Unfall 151813 (2024) Kat:3, Licht: 2","151813","3","2","4","02","18","2","","2","1","0","0","0"
"POINT (10.051606596000056 53.586366132000080)","Unfall 151814 (2024) Kat:3, Licht: 0","151814","3","3","5","02","16","2","","0","0","1","0","0"
"POINT (10.019035211000073 53.560673416000043)","Unfall 151815 (2024) Kat:3, Licht: 2","151815","3","6","3","02","01","2","","2","0","1","0","0"
"POINT (9.878460745000041 53.605273374000035)","Unfall 151816 (2024) Kat:3, Licht: 0","151816","3","4","6","02","13","2","","0","0","1","1","0"
"POINT (9.959483006000028 53.640996351000069)","Unfall 151817 (2024) Kat:3, Licht: 0","151817","3","7","0","02","14","2","","0","1","0","0","0"
"POINT (9.961357172000021 53.599519914000041)","Unfall 151818 (2024) Kat:3, Licht: 2","151818","3","3","6","02","17","2","","2","0","1","1","0"
"POINT (9.986570442000072 53.548025364000068)","Unfall 151819 (2024) Kat:3, Licht: 1","151819","3","6","2","02","16","2","","1","0","1","0","0"
"POINT (10.120614646000035 53.607480393000060)","Unfall 151820 (2024) Kat:3, Licht: 2","151820","3","2","2","02","20","1","","2","0","1","0","0"
"POINT (10.057288181000047 53.579937354000037)","Unfall 151821 (2024) Kat:3, Licht: 0","151821","3","4","6","02","13","1","","0","1","0","1","0"
"POINT (10.082610344000045 53.576627329000075)","Unfall 151822 (2024) Kat:3, Licht: 2","151822","3","3","5","02","01","1","","2","0","1","0","0"
"POINT (9.994406993000041 53.602094222000062)","Unfall 151823 (2024) Kat:3, Licht: 0","151823","3","2","4","02","13","1","","0","1","1","0","0"
"POINT (9.969298022000032 53.638261822000061)","Unfall 151824 (2024) Kat:3, Licht: 2","151824","3","2","6","02","17","1","","2","0","1","1","0"
"POINT (9.993257889000063 53.558833199000048)","Unfall 151825 (2024) Kat:3, Licht: 0","151825","3","6","2","02","09","1","","0","0","1","0","0"
"POINT (10.205579829000044 53.491595962000076)","Unfall 151826 (2024) Kat:3, Licht: 2","151826","3","3","5","02","18","7","","2","1","1","0","0"
"POINT (10.102647441000045 53.556325605000040)","Unfall 151827 (2024) Kat:3, Licht: 2","151827","3","3","5","02","20","7","","2","0","1","0","0"
"POINT (10.132529599000065 53.599925999000050)","Unfall 151828 (2024) Kat:3, Licht: 2","151828","3","3","5","02","19","7","","2","0","1","0","0"
"POINT (10.116564655000047 53.607358592000082)","Unfall 151829 (2024) Kat:3, Licht: 2","151829","3","7","0","02","02","7","","2","0","0","0","0"
"POINT (10.004890471000067 53.587430520000055)","Unfall 151830 (2024) Kat:3, Licht: 0","151830","3","6","2","02","12","7","","0","0","1","0","0"
"POINT (10.042662138000026 53.597510346000035)","Unfall 151831 (2024) Kat:3, Licht: 0","151831","3","7","3","02","08","7","","0","0","0","0","0"
"POINT (10.013293373000067 53.552824467000050)","Unfall 151832 (2024) Kat:3, Licht: 2","151832","3","6","2","02","19","7","","2","0","1","0","0"
"POINT (9.991941726000050 53.504528484000048)","Unfall 151833 (2024) Kat:2, Licht: 0","151833","2","3","6","02","07","6","","0","0","1","1","0"
"POINT (9.993032894000066 53.557491769000080)","Unfall 151834 (2024) Kat:3, Licht: 0","151834","3","7","0","02","15","6","","0","0","1","0","0"
"POINT (10.015559404000044 53.518485951000059)","Unfall 151835 (2024) Kat:3, Licht: 1","151835","3","3","5","02","07","6","","1","0","1","0","0"
"POINT (10.239742630000023 53.475573763000057)","Unfall 151836 (2024) Kat:3, Licht: 0","151836","3","3","5","02","07","6","","0","0","1","0","0"
"POINT (10.069435867000038 53.559750823000059)","Unfall 151837 (2024) Kat:3, Licht: 0","151837","3","6","2","02","13","6","","0","0","1","0","0"
"POINT (10.137688644000036 53.570814131000077)","Unfall 151838 (2024) Kat:3, Licht: 2","151838","3","2","4","02","05","6","","2","1","1","0","0"
"POINT (10.177173215000039 53.610371195000027)","Unfall 151839 (2024) Kat:3, Licht: 1","151839","3","2","5","02","07","6","","1","0","1","0","0"
"POINT (10.106702238000025 53.581095324000046)","Unfall 151840 (2024) Kat:3, Licht: 2","151840","3","7","0","02","23","6","","2","0","0","0","0"
"POINT (10.124830160000045 53.585919107000052)","Unfall 151841 (2024) Kat:3, Licht: 2","151841","3","2","6","02","06","6","","2","0","1","1","0"
"POINT (10.078856580000036 53.617895989000033)","Unfall 151842 (2024) Kat:3, Licht: 2","151842","3","3","5","02","20","6","","2","0","1","0","0"
"POINT (10.080005450000044 53.641109182000037)","Unfall 151843 (2024) Kat:3, Licht: 2","151843","3","2","3","02","17","6","","2","0","1","0","0"
"POINT (10.021960777000061 53.584519881000062)","Unfall 151844 (2024) Kat:3, Licht: 0","151844","3","5","1","02","15","6","","0","0","1","0","0"
"POINT (10.025192546000028 53.566893450000066)","Unfall 151845 (2024) Kat:3, Licht: 0","151845","3","2","4","02","10","6","","0","1","0","0","0"
"POINT (10.053610936000041 53.592499017000080)","Unfall 151846 (2024) Kat:3, Licht: 2","151846","3","6","2","02","21","6","","2","0","1","0","1"
"POINT (9.896746916000041 53.551544054000033)","Unfall 151847 (2024) Kat:3, Licht: 1","151847","3","3","5","02","07","6","","1","1","1","0","0"
"POINT (9.887583455000026 53.565229728000077)","Unfall 151848 (2024) Kat:3, Licht: 2","151848","3","2","6","02","07","6","","2","0","1","1","0"
"POINT (9.943206974000077 53.579877040000042)","Unfall 151849 (2024) Kat:3, Licht: 0","151849","3","7","1","02","13","6","","0","1","1","0","0"
"POINT (10.164212063000036 53.621248315000059)","Unfall 151850 (2024) Kat:3, Licht: 0","151850","3","3","5","02","10","4","","0","0","1","0","0"
"POINT (9.945762032000061 53.557201912000039)","Unfall 151851 (2024) Kat:2, Licht: 0","151851","2","3","5","02","07","6","","0","1","1","0","0"
"POINT (9.977414472000021 53.571357359000046)","Unfall 151852 (2024) Kat:2, Licht: 1","151852","2","2","6","02","07","6","","1","0","0","1","0"
"POINT (9.986046311000052 53.549888727000052)","Unfall 151853 (2024) Kat:3, Licht: 0","151853","3","6","2","02","15","6","","0","0","1","0","0"
"POINT (9.963381861000073 53.577488414000072)","Unfall 151854 (2024) Kat:3, Licht: 2","151854","3","7","0","03","20","4","","2","1","0","0","0"
"POINT (10.178511675000038 53.487080117000062)","Unfall 151855 (2024) Kat:3, Licht: 2","151855","3","3","5","02","17","5","","2","0","1","0","1"
"POINT (10.099490252000066 53.569563294000034)","Unfall 151856 (2024) Kat:3, Licht: 2","151856","3","2","6","02","18","5","","2","0","1","1","0"
"POINT (10.090882439000040 53.568722741000045)","Unfall 151857 (2024) Kat:3, Licht: 2","151857","3","6","3","02","19","5","","2","0","1","0","0"
"POINT (9.997240161000036 53.602011840000046)","Unfall 151858 (2024) Kat:3, Licht: 2","151858","3","4","6","02","19","5","","2","0","1","1","0"
"POINT (9.942464067000060 53.558740554000053)","Unfall 151859 (2024) Kat:3, Licht: 0","151859","3","5","1","03","17","4","","0","1","1","0","0"
"POINT (10.035750078000035 53.601017792000050)","Unfall 151860 (2024) Kat:3, Licht: 0","151860","3","2","4","02","09","5","","0","0","1","0","0"
"POINT (9.917734738000036 53.553856345000042)","Unfall 151861 (2024) Kat:3, Licht: 2","151861","3","2","4","02","20","5","","2","0","1","0","0"
"POINT (9.936262856000042 53.551541660000055)","Unfall 151862 (2024) Kat:3, Licht: 2","151862","3","2","3","02","18","5","","2","1","0","0","0"
"POINT (9.936301618000073 53.549051443000053)","Unfall 151863 (2024) Kat:2, Licht: 1","151863","2","7","6","02","17","5","","1","0","1","1","0"
"POINT (9.980491334000021 53.567693991000056)","Unfall 151864 (2024) Kat:2, Licht: 0","151864","2","4","6","02","10","5","","0","0","0","1","0"
"POINT (9.988695053000072 53.560741167000060)","Unfall 151865 (2024) Kat:3, Licht: 0","151865","3","7","0","02","12","5","","0","1","1","0","0"
"POINT (9.949190229000067 53.474740958000041)","Unfall 151866 (2024) Kat:2, Licht: 2","151866","2","7","0","02","17","5","","2","1","0","0","0"
"POINT (9.974223071000040 53.569134612000028)","Unfall 151867 (2024) Kat:3, Licht: 0","151867","3","2","3","02","12","5","","0","1","1","0","0"
"POINT (9.989186861000064 53.439951647000044)","Unfall 151868 (2024) Kat:3, Licht: 0","151868","3","4","6","02","14","4","","0","0","1","1","0"
"POINT (10.018566222000061 53.479449209000052)","Unfall 151869 (2024) Kat:3, Licht: 0","151869","3","3","5","02","17","4","","0","1","1","0","0"
"POINT (10.002995733000034 53.520298737000076)","Unfall 151870 (2024) Kat:3, Licht: 0","151870","3","1","0","02","08","4","","0","0","0","0","1"
"POINT (10.087398603000054 53.650976932000049)","Unfall 151871 (2024) Kat:3, Licht: 1","151871","3","2","4","03","17","2","","1","0","1","0","0"
"POINT (10.027489272000025 53.555622861000074)","Unfall 151872 (2024) Kat:3, Licht: 0","151872","3","5","3","02","09","4","","0","0","1","0","0"
"POINT (10.123616430000027 53.611498581000035)","Unfall 151873 (2024) Kat:3, Licht: 0","151873","3","6","2","02","14","4","","0","0","1","0","0"
"POINT (10.117006154000023 53.598094524000032)","Unfall 151874 (2024) Kat:3, Licht: 2","151874","3","7","0","02","02","4","","2","0","1","0","0"
"POINT (10.100918658000069 53.647546440000042)","Unfall 151875 (2024) Kat:3, Licht: 0","151875","3","3","5","02","13","4","","0","1","1","0","0"
"POINT (10.017905365000047 53.576879161000079)","Unfall 151876 (2024) Kat:3, Licht: 0","151876","3","3","5","02","16","4","","0","1","1","0","0"
"POINT (10.053121854000040 53.573835363000057)","Unfall 151877 (2024) Kat:3, Licht: 0","151877","3","7","5","02","13","4","","0","1","1","0","0"
"POINT (10.036662497000066 53.580395447000058)","Unfall 151878 (2024) Kat:3, Licht: 0","151878","3","3","5","02","07","4","","0","1","0","0","0"
"POINT (10.054643921000036 53.574280526000052)","Unfall 151879 (2024) Kat:3, Licht: 2","151879","3","5","1","02","21","4","","2","0","1","0","0"
"POINT (9.973889603000032 53.580269675000068)","Unfall 151880 (2024) Kat:3, Licht: 0","151880","3","7","3","02","15","4","","0","0","1","0","0"
"POINT (9.971471280000060 53.581754751000062)","Unfall 151881 (2024) Kat:3, Licht: 1","151881","3","5","1","02","17","4","","1","0","1","0","0"
"POINT (9.942318552000074 53.571890088000032)","Unfall 151882 (2024) Kat:3, Licht: 2","151882","3","3","5","02","18","4","","2","1","1","0","0"
"POINT (9.921335836000026 53.544305366000060)","Unfall 151883 (2024) Kat:3, Licht: 0","151883","3","7","0","02","11","4","","0","1","0","0","0"
"POINT (9.950754332000031 53.551199041000075)","Unfall 151884 (2024) Kat:2, Licht: 0","151884","2","7","0","02","13","4","","0","1","0","0","0"
"POINT (9.993096409000032 53.549502452000070)","Unfall 151885 (2024) Kat:3, Licht: 0","151885","3","7","1","02","14","4","","0","0","1","0","0"
"POINT (9.989632741000037 53.544728823000071)","Unfall 151886 (2024) Kat:3, Licht: 0","151886","3","2","3","02","10","4","","0","1","0","0","0"
"POINT (10.015704137000057 53.555091598000047)","Unfall 151887 (2024) Kat:3, Licht: 0","151887","3","7","4","02","09","4","","0","1","1","0","0"
"POINT (9.994584722000070 53.471754934000046)","Unfall 151888 (2024) Kat:3, Licht: 2","151888","3","7","0","02","20","3","","2","0","1","0","0"
"POINT (9.976702373000023 53.511483360000057)","Unfall 151889 (2024) Kat:3, Licht: 0","151889","3","6","2","02","16","3","","0","0","0","0","0"
"POINT (10.021760823000022 53.550738913000032)","Unfall 151890 (2024) Kat:3, Licht: 0","151890","3","6","3","02","16","3","","0","0","1","0","0"
"POINT (10.142575686000043 53.628716660000066)","Unfall 151891 (2024) Kat:3, Licht: 2","151891","3","6","3","02","17","3","","2","1","1","0","0"
"POINT (10.058291750000024 53.610326482000062)","Unfall 151892 (2024) Kat:3, Licht: 2","151892","3","6","2","02","20","3","","2","1","1","0","0"
"POINT (10.102467065000042 53.635450025000068)","Unfall 151893 (2024) Kat:3, Licht: 0","151893","3","7","0","02","08","3","","0","0","0","0","0"
"POINT (10.113311812000063 53.653375412000059)","Unfall 151894 (2024) Kat:3, Licht: 0","151894","3","6","2","02","14","3","","0","0","1","0","1"
"POINT (10.135016545000042 53.649378323000064)","Unfall 151895 (2024) Kat:3, Licht: 0","151895","3","3","5","02","08","3","","0","1","1","0","0"
"POINT (10.003700513000069 53.609008866000067)","Unfall 151896 (2024) Kat:3, Licht: 1","151896","3","2","5","02","17","3","","1","1","1","0","0"
"POINT (10.037877966000053 53.597883220000028)","Unfall 151897 (2024) Kat:3, Licht: 1","151897","3","4","6","02","07","3","","1","0","1","1","0"
"POINT (10.033918080000035 53.579888465000067)","Unfall 151898 (2024) Kat:3, Licht: 1","151898","3","3","5","02","16","3","","1","0","1","0","0"
"POINT (9.906741161000070 53.598298911000029)","Unfall 151899 (2024) Kat:3, Licht: 0","151899","3","3","5","02","15","3","","0","1","1","0","0"
"POINT (9.846471476000033 53.571919230000049)","Unfall 151900 (2024) Kat:3, Licht: 0","151900","3","6","2","02","15","3","","0","0","1","0","0"
"POINT (9.892680057000064 53.573724015000039)","Unfall 151901 (2024) Kat:3, Licht: 0","151901","3","2","5","02","07","3","","0","0","1","0","0"
"POINT (9.974294649000058 53.579922010000075)","Unfall 151902 (2024) Kat:3, Licht: 0","151902","3","7","3","02","08","3","","0","0","0","0","1"
"POINT (9.979701458000022 53.565647559000070)","Unfall 151903 (2024) Kat:3, Licht: 2","151903","3","5","6","02","17","3","","2","0","1","1","0"
"POINT (9.992406691000042 53.553353508000043)","Unfall 151904 (2024) Kat:3, Licht: 1","151904","3","7","0","02","08","3","","1","1","0","0","0"
"POINT (10.119545137000046 53.573936499000069)","Unfall 151905 (2024) Kat:3, Licht: 2","151905","3","1","9","02","21","2","","2","0","1","0","0"
"POINT (10.082900632000076 53.576745756000037)","Unfall 151906 (2024) Kat:3, Licht: 2","151906","3","2","6","02","07","2","","2","0","1","1","0"
"POINT (10.123384607000048 53.644366335000029)","Unfall 151907 (2024) Kat:3, Licht: 2","151907","3","2","5","02","19","2","","2","0","1","0","0"
"POINT (9.983361031000072 53.590041487000065)","Unfall 151908 (2024) Kat:3, Licht: 2","151908","3","3","5","02","17","2","","2","0","1","0","0"
"POINT (9.811256921000052 53.560617118000039)","Unfall 151909 (2024) Kat:3, Licht: 0","151909","3","4","6","03","08","4","","0","0","1","1","0"
"POINT (9.965102931000047 53.578953348000027)","Unfall 151910 (2024) Kat:3, Licht: 0","151910","3","2","4","02","09","2","","0","1","1","0","0"
"POINT (9.983135779000065 53.605184076000057)","Unfall 151911 (2024) Kat:3, Licht: 2","151911","3","7","0","02","23","2","","2","0","1","0","0"
"POINT (9.947845270000073 53.584968996000043)","Unfall 151912 (2024) Kat:3, Licht: 2","151912","3","6","2","02","23","2","","2","0","1","0","0"
"POINT (9.952314444000024 53.549581565000040)","Unfall 151913 (2024) Kat:3, Licht: 2","151913","3","7","0","02","19","2","","2","0","1","0","0"
"POINT (10.010243632000027 53.552285150000046)","Unfall 151914 (2024) Kat:3, Licht: 2","151914","3","2","6","02","19","2","","2","0","1","1","0"
"POINT (10.127315261000035 53.538802981000060)","Unfall 151915 (2024) Kat:3, Licht: 2","151915","3","2","4","02","17","1","","2","0","1","0","1"
"POINT (10.013628388000029 53.539900807000038)","Unfall 151916 (2024) Kat:2, Licht: 2","151916","2","4","6","02","17","7","","2","0","1","1","0"
"POINT (10.083077573000025 53.521107279000034)","Unfall 151917 (2024) Kat:3, Licht: 1","151917","3","7","0","02","16","1","","1","1","0","0","0"
"POINT (10.069372723000072 53.559574678000047)","Unfall 151918 (2024) Kat:3, Licht: 0","151918","3","3","5","02","11","1","","0","0","1","0","0"
"POINT (10.088692326000057 53.568816023000068)","Unfall 151919 (2024) Kat:3, Licht: 0","151919","3","2","0","02","15","1","","0","0","0","0","0"
"POINT (9.994491346000075 53.601975500000037)","Unfall 151920 (2024) Kat:3, Licht: 0","151920","3","2","3","02","14","1","","0","1","1","0","0"
"POINT (9.979681868000057 53.527755689000060)","Unfall 151921 (2024) Kat:2, Licht: 1","151921","2","3","5","02","16","1","","1","0","1","0","1"
"POINT (9.990806810000038 53.447108154000034)","Unfall 151922 (2024) Kat:2, Licht: 2","151922","2","7","6","02","04","7","","2","0","1","1","0"
"POINT (10.107357137000065 53.541925534000029)","Unfall 151923 (2024) Kat:2, Licht: 0","151923","2","4","6","02","11","7","","0","0","0","1","0"
"POINT (10.069193305000056 53.582627588000037)","Unfall 151924 (2024) Kat:3, Licht: 0","151924","3","7","6","02","10","7","","0","0","1","1","0"
"POINT (10.056001097000035 53.591429677000065)","Unfall 151925 (2024) Kat:3, Licht: 2","151925","3","3","5","02","01","7","","2","0","1","0","0"
"POINT (9.910789977000036 53.645306654000080)","Unfall 151926 (2024) Kat:3, Licht: 0","151926","3","4","6","03","15","7","","0","0","1","1","0"
"POINT (10.056051249000063 53.591407867000044)","Unfall 151927 (2024) Kat:3, Licht: 2","151927","3","3","5","02","03","7","","2","0","1","0","0"
"POINT (10.043049194000048 53.596965837000027)","Unfall 151928 (2024) Kat:3, Licht: 2","151928","3","3","0","02","17","7","","2","0","1","0","0"
"POINT (9.877719580000075 53.603258867000079)","Unfall 151929 (2024) Kat:3, Licht: 1","151929","3","4","6","02","17","7","","1","0","1","1","0"
"POINT (9.934526209000069 53.546371146000070)","Unfall 151930 (2024) Kat:3, Licht: 0","151930","3","6","2","02","11","7","","0","0","1","0","0"
"POINT (10.014599758000031 53.559748918000082)","Unfall 151931 (2024) Kat:3, Licht: 1","151931","3","1","0","02","17","7","","1","1","0","0","0"