WKT,Name,OBJECTID,UKATEGORIE,UTYP1,UART,UMONAT,USTUNDE,UWOCHENTAG,STRZUSTAND,ULICHTVERH,ISTRAD,ISTPKW,ISTFUSS,ISTKRAD
"POINT (9.990211977000058 53.443905712000060)","Unfall 151932 (2024) Kat:3, Licht: 0","151932","3","2","3","02","09","6","","0","1","1","0","0"
"POINT (10.132826264000073 53.532571002000054)","Unfall 151933 (2024) Kat:3, Licht: 2","151933","3","5","1","02","23","6","","2","0","1","0","0"
"POINT (10.016346381000062 53.555377860000078)","Unfall 151934 (2024) Kat:3, Licht: 0","151934","3","3","6","03","13","3","","0","0","1","1","0"
"POINT (10.154499269000041 53.602748489000078)","Unfall 151935 (2024) Kat:3, Licht: 2","151935","3","3","5","02","19","6","","2","1","1","0","0"
"POINT (10.100371729000074 53.589301146000082)","Unfall 151936 (2024) Kat:3, Licht: 0","151936","3","2","4","02","16","6","","0","0","1","0","0"
"POINT (10.060744866000050 53.576939632000062)","Unfall 151937 (2024) Kat:3, Licht: 1","151937","3","4","0","02","16","6","","1","1","0","1","0"
"POINT (10.061773218000042 53.568993595000052)","Unfall 151938 (2024) Kat:3, Licht: 0","151938","3","2","4","02","15","6","","0","0","1","0","0"
"POINT (10.061020650000046 53.608725524000079)","Unfall 151939 (2024) Kat:3, Licht: 2","151939","3","6","2","02","18","6","","2","0","1","0","0"
"POINT (9.997088735000034 53.620451236000065)","Unfall 151940 (2024) Kat:3, Licht: 0","151940","3","6","2","02","13","6","","0","0","1","0","0"
"POINT (10.002010826000060 53.668497326000079)","Unfall 151941 (2024) Kat:3, Licht: 2","151941","3","2","6","02","18","6","","2","0","1","1","0"
"POINT (10.045433733000039 53.596665177000034)","Unfall 151942 (2024) Kat:2, Licht: 2","151942","2","4","6","02","17","6","","2","0","1","1","0"
"POINT (9.949444418000041 53.622094802000049)","Unfall 151943 (2024) Kat:3, Licht: 2","151943","3","2","3","02","18","6","","2","1","1","0","0"
"POINT (9.948369271000047 53.590869182000063)","Unfall 151944 (2024) Kat:3, Licht: 0","151944","3","3","5","02","08","6","","0","1","1","0","0"
"POINT (10.008141651000074 53.555433586000049)","Unfall 151945 (2024) Kat:3, Licht: 2","151945","3","2","3","02","20","6","","2","0","1","0","0"
"POINT (10.005003901000066 53.511865527000054)","Unfall 151946 (2024) Kat:3, Licht: 2","151946","3","7","9","02","23","5","","2","0","1","0","0"
"POINT (10.109530034000045 53.538181931000054)","Unfall 151947 (2024) Kat:3, Licht: 0","151947","3","6","0","02","13","5","","0","0","1","0","0"
"POINT (10.055224992000035 53.560797318000027)","Unfall 151948 (2024) Kat:3, Licht: 2","151948","3","3","5","02","04","5","","2","0","1","0","0"
"POINT (10.124996366000062 53.586169625000082)","Unfall 151949 (2024) Kat:3, Licht: 0","151949","3","7","5","02","13","5","","0","0","1","0","0"
"POINT (10.125055865000036 53.598621599000069)","Unfall 151950 (2024) Kat:3, Licht: 2","151950","3","7","2","02","22","5","","2","0","1","0","0"
"POINT (10.083802632000072 53.622603494000032)","Unfall 151951 (2024) Kat:3, Licht: 2","151951","3","2","4","02","20","5","","2","1","1","0","0"
"POINT (10.128012246000026 53.641243712000062)","Unfall 151952 (2024) Kat:3, Licht: 2","151952","3","6","4","02","20","5","","2","0","1","0","0"
"POINT (9.945671171000072 53.579508548000035)","Unfall 151953 (2024) Kat:3, Licht: 0","151953","3","3","5","02","11","1","","0","1","1","0","0"
"POINT (10.025526846000048 53.626722952000080)","Unfall 151954 (2024) Kat:3, Licht: 0","151954","3","6","3","02","10","5","","0","0","1","0","0"
"POINT (10.000097220000043 53.594796159000055)","Unfall 151955 (2024) Kat:3, Licht: 0","151955","3","3","5","02","10","5","","0","0","1","0","0"
"POINT (10.011525649000021 53.610249325000041)","Unfall 151956 (2024) Kat:2, Licht: 0","151956","2","6","4","02","12","5","","0","0","0","0","0"
"POINT (9.917886578000036 53.580894047000072)","Unfall 151957 (2024) Kat:3, Licht: 2","151957","3","2","3","02","17","5","","2","1","1","0","0"
"POINT (9.875248222000039 53.594448890000081)","Unfall 151958 (2024) Kat:3, Licht: 0","151958","3","7","3","02","11","5","","0","1","1","0","0"
"POINT (9.943675437000024 53.556131835000031)","Unfall 151959 (2024) Kat:3, Licht: 0","151959","3","6","2","02","13","5","","0","0","1","0","0"
"POINT (9.947113761000026 53.544306479000056)","Unfall 151960 (2024) Kat:3, Licht: 0","151960","3","7","1","02","09","5","","0","1","1","0","0"
"POINT (9.980080847000067 53.572458147000077)","Unfall 151961 (2024) Kat:3, Licht: 2","151961","3","7","1","02","19","5","","2","1","1","0","0"
"POINT (9.994087208000053 53.579887588000076)","Unfall 151962 (2024) Kat:3, Licht: 2","151962","3","1","9","02","04","5","","2","0","1","0","0"
"POINT (9.953462998000077 53.546786464000036)","Unfall 151963 (2024) Kat:3, Licht: 1","151963","3","7","0","02","06","5","","1","1","0","0","0"
"POINT (10.086550456000055 53.527377890000082)","Unfall 151964 (2024) Kat:3, Licht: 0","151964","3","6","6","01","15","4","","0","0","1","1","0"
"POINT (10.121355915000038 53.565685725000037)","Unfall 151965 (2024) Kat:3, Licht: 0","151965","3","3","5","01","15","4","","0","1","1","0","0"
"POINT (10.024026420000041 53.527933551000046)","Unfall 151966 (2024) Kat:3, Licht: 0","151966","3","7","0","02","14","3","","0","0","0","0","0"
"POINT (10.025577409000050 53.551793730000043)","Unfall 151967 (2024) Kat:3, Licht: 2","151967","3","7","8","01","06","4","","2","0","0","0","1"
"POINT (10.059482982000077 53.572855513000036)","Unfall 151968 (2024) Kat:3, Licht: 0","151968","3","7","6","01","17","4","","0","0","1","1","0"
"POINT (10.031886811000049 53.593558532000031)","Unfall 151969 (2024) Kat:3, Licht: 0","151969","3","2","3","01","08","4","","0","1","1","0","0"
"POINT (10.018035554000051 53.614655699000082)","Unfall 151970 (2024) Kat:3, Licht: 0","151970","3","6","3","01","08","4","","0","1","1","0","0"
"POINT (10.020896477000065 53.563666446000070)","Unfall 151971 (2024) Kat:3, Licht: 0","151971","3","3","5","01","09","4","","0","1","1","0","0"
"POINT (9.888499191000051 53.576969767000037)","Unfall 151972 (2024) Kat:3, Licht: 0","151972","3","3","5","01","14","4","","0","0","1","0","0"
"POINT (9.945133369000075 53.550940209000032)","Unfall 151973 (2024) Kat:3, Licht: 2","151973","3","6","6","01","17","4","","2","1","0","1","0"
"POINT (9.932967365000025 53.550237379000066)","Unfall 151974 (2024) Kat:3, Licht: 0","151974","3","3","5","01","15","4","","0","1","1","0","0"
"POINT (9.942038108000077 53.565812850000043)","Unfall 151975 (2024) Kat:3, Licht: 0","151975","3","7","0","01","13","4","","0","1","0","0","0"
"POINT (9.962580578000029 53.555203175000031)","Unfall 151976 (2024) Kat:3, Licht: 2","151976","3","7","0","01","00","4","","2","0","0","0","0"
"POINT (9.878789795000046 53.532900714000050)","Unfall 151977 (2024) Kat:3, Licht: 0","151977","3","5","6","01","13","3","","0","0","1","1","0"
"POINT (9.829909758000042 53.580786312000043)","Unfall 151978 (2024) Kat:3, Licht: 0","151978","3","7","0","02","14","3","","0","1","1","0","0"
"POINT (9.983634694000045 53.454509848000043)","Unfall 151979 (2024) Kat:3, Licht: 0","151979","3","5","1","01","13","3","","0","0","1","0","0"
"POINT (10.298321202000068 53.432527372000038)","Unfall 151980 (2024) Kat:3, Licht: 2","151980","3","1","8","01","03","3","","2","0","1","0","0"
"POINT (10.150786829000026 53.473002034000046)","Unfall 151981 (2024) Kat:3, Licht: 0","151981","3","7","0","04","13","7","","0","1","0","0","0"
"POINT (10.101710115000060 53.541282770000066)","Unfall 151982 (2024) Kat:2, Licht: 2","151982","2","6","2","03","02","6","","2","0","1","0","0"
"POINT (9.979435434000038 53.527708404000066)","Unfall 151983 (2024) Kat:3, Licht: 0","151983","3","6","2","03","13","1","","0","0","1","0","0"
"POINT (10.022528168000065 53.550388696000027)","Unfall 151984 (2024) Kat:3, Licht: 2","151984","3","6","2","01","18","3","","2","0","1","0","0"
"POINT (10.056442597000057 53.538450549000061)","Unfall 151985 (2024) Kat:3, Licht: 0","151985","3","7","3","01","09","3","","0","0","1","0","0"
"POINT (10.081256075000056 53.655082584000070)","Unfall 151986 (2024) Kat:3, Licht: 1","151986","3","7","0","01","05","3","","1","1","0","0","0"
"POINT (10.030345296000064 53.626012617000072)","Unfall 151987 (2024) Kat:3, Licht: 0","151987","3","6","2","01","14","3","","0","0","1","0","0"
"POINT (10.016093999000077 53.589914888000067)","Unfall 151988 (2024) Kat:2, Licht: 1","151988","2","2","6","01","07","3","","1","0","0","1","0"
"POINT (9.824591179000038 53.564363005000075)","Unfall 151989 (2024) Kat:3, Licht: 0","151989","3","6","4","01","09","3","","0","0","1","0","1"
"POINT (9.979635456000040 53.585767090000047)","Unfall 151990 (2024) Kat:2, Licht: 2","151990","2","2","4","01","00","3","","2","1","1","0","0"
"POINT (10.006390357000043 53.554705712000043)","Unfall 151991 (2024) Kat:3, Licht: 2","151991","3","3","5","01","00","3","","2","1","1","0","0"
"POINT (10.031020935000072 53.588138068000035)","Unfall 151992 (2024) Kat:3, Licht: 1","151992","3","6","6","01","16","4","","1","1","1","1","0"
"POINT (10.005245412000022 53.505988888000047)","Unfall 151993 (2024) Kat:2, Licht: 0","151993","2","3","5","01","12","2","","0","1","1","0","0"
"POINT (10.076478423000026 53.508557933000077)","Unfall 151994 (2024) Kat:3, Licht: 0","151994","3","1","0","01","10","2","","0","1","0","0","0"
"POINT (10.091550789000053 53.543976928000063)","Unfall 151995 (2024) Kat:3, Licht: 0","151995","3","4","6","01","14","2","","0","1","0","1","0"
"POINT (10.137965541000028 53.631111592000082)","Unfall 151996 (2024) Kat:3, Licht: 0","151996","3","1","0","01","12","2","","0","0","0","0","1"
"POINT (10.062286117000042 53.600931940000066)","Unfall 151997 (2024) Kat:3, Licht: 0","151997","3","6","2","01","16","2","","0","0","1","0","0"
"POINT (9.974333680000029 53.556627583000079)","Unfall 151998 (2024) Kat:3, Licht: 0","151998","3","7","1","02","09","4","","0","1","1","0","0"
"POINT (10.050742842000034 53.599687881000079)","Unfall 151999 (2024) Kat:3, Licht: 2","151999","3","7","6","01","20","2","","2","0","0","1","0"
"POINT (10.004139947000056 53.602000093000072)","Unfall 152000 (2024) Kat:3, Licht: 0","152000","3","2","3","01","15","2","","0","0","1","0","0"
"POINT (9.879559618000030 53.546675566000033)","Unfall 152001 (2024) Kat:3, Licht: 1","152001","3","6","3","01","07","2","","1","1","0","0","0"
"POINT (9.960425807000036 53.563394296000070)","Unfall 152002 (2024) Kat:3, Licht: 0","152002","3","5","3","01","14","2","","0","1","1","0","0"
"POINT (10.023077680000029 53.538031884000077)","Unfall 152003 (2024) Kat:3, Licht: 2","152003","3","6","2","01","20","2","","2","0","1","0","0"
"POINT (9.984502842000040 53.434569309000040)","Unfall 152004 (2024) Kat:3, Licht: 0","152004","3","3","0","01","10","1","","0","0","1","0","0"
"POINT (10.072509294000042 53.608727714000054)","Unfall 152005 (2024) Kat:3, Licht: 2","152005","3","3","5","01","01","1","","2","0","1","0","0"
"POINT (10.016563751000035 53.570987472000070)","Unfall 152006 (2024) Kat:3, Licht: 0","152006","3","2","3","01","16","1","","0","0","1","0","0"
"POINT (10.061615837000033 53.588764580000031)","Unfall 152007 (2024) Kat:3, Licht: 0","152007","3","7","3","01","09","1","","0","0","1","0","0"
"POINT (9.963078336000024 53.579334955000036)","Unfall 152008 (2024) Kat:3, Licht: 0","152008","3","7","0","01","16","1","","0","1","0","0","0"
"POINT (9.951018240000053 53.551897033000046)","Unfall 152009 (2024) Kat:3, Licht: 0","152009","3","2","4","01","13","1","","0","1","1","0","0"
"POINT (10.198254287000054 53.417756363000080)","Unfall 152010 (2024) Kat:2, Licht: 0","152010","2","7","3","01","11","7","","0","0","1","0","1"
"POINT (10.199393264000037 53.462965937000035)","Unfall 152011 (2024) Kat:3, Licht: 0","152011","3","3","5","01","14","7","","0","0","1","0","0"
"POINT (10.071735653000076 53.583134133000044)","Unfall 152012 (2024) Kat:3, Licht: 0","152012","3","2","3","01","12","7","","0","1","1","0","0"
"POINT (10.015811068000062 53.589833165000073)","Unfall 152013 (2024) Kat:3, Licht: 2","152013","3","7","0","01","00","7","","2","0","0","0","0"
"POINT (9.928632511000046 53.592236061000051)","Unfall 152014 (2024) Kat:3, Licht: 1","152014","3","2","4","01","18","7","","1","0","1","0","0"
"POINT (9.976341096000056 53.578248358000053)","Unfall 152015 (2024) Kat:3, Licht: 0","152015","3","4","6","01","15","7","","0","0","0","1","0"
"POINT (9.874761707000062 53.477311192000059)","Unfall 152016 (2024) Kat:3, Licht: 2","152016","3","2","6","01","06","6","","2","0","1","1","0"
"POINT (9.850399490000029 53.469236903000080)","Unfall 152017 (2024) Kat:3, Licht: 0","152017","3","3","5","01","12","6","","0","1","1","0","0"
"POINT (10.181490535000023 53.488559727000052)","Unfall 152018 (2024) Kat:3, Licht: 0","152018","3","4","6","01","14","6","","0","0","1","1","0"
"POINT (10.041993639000054 53.578571067000041)","Unfall 152019 (2024) Kat:3, Licht: 0","152019","3","2","3","01","14","6","","0","0","1","0","0"
"POINT (10.032930060000069 53.582199817000060)","Unfall 152020 (2024) Kat:3, Licht: 0","152020","3","1","0","01","08","6","","0","0","0","0","1"
"POINT (9.944961991000071 53.638312418000055)","Unfall 152021 (2024) Kat:3, Licht: 0","152021","3","2","4","01","10","6","","0","0","1","0","0"
"POINT (9.988083425000070 53.589919389000045)","Unfall 152022 (2024) Kat:3, Licht: 0","152022","3","4","6","01","15","6","","0","0","1","1","0"
"POINT (10.081707195000035 53.521775829000035)","Unfall 152023 (2024) Kat:3, Licht: 2","152023","3","2","4","01","06","5","","2","1","1","0","0"
"POINT (10.078599948000033 53.584720045000040)","Unfall 152024 (2024) Kat:3, Licht: 2","152024","3","2","3","01","18","5","","2","0","1","0","0"
"POINT (10.063414992000048 53.571094607000077)","Unfall 152025 (2024) Kat:3, Licht: 2","152025","3","7","3","01","19","5","","2","0","1","0","0"
"POINT (10.078166995000061 53.568668818000049)","Unfall 152026 (2024) Kat:3, Licht: 2","152026","3","7","0","01","18","5","","2","0","0","0","1"
"POINT (10.049017430000049 53.578664426000046)","Unfall 152027 (2024) Kat:3, Licht: 1","152027","3","2","4","01","17","5","","1","1","1","0","0"
"POINT (9.893047061000061 53.615039225000032)","Unfall 152028 (2024) Kat:3, Licht: 0","152028","3","6","6","01","14","5","","0","0","0","1","0"
"POINT (9.891464137000071 53.607990709000035)","Unfall 152029 (2024) Kat:3, Licht: 2","152029","3","2","0","01","19","5","","2","0","1","0","0"
"POINT (9.946431319000055 53.619071172000076)","Unfall 152030 (2024) Kat:3, Licht: 1","152030","3","2","3","01","17","5","","1","1","1","0","0"
"POINT (9.936062290000052 53.553448262000074)","Unfall 152031 (2024) Kat:3, Licht: 2","152031","3","3","5","01","20","5","","2","1","0","0","0"
"POINT (9.937889101000053 53.558648695000045)","Unfall 152032 (2024) Kat:3, Licht: 0","152032","3","4","6","01","14","5","","0","0","1","1","0"
"POINT (9.989303326000027 53.564397471000063)","Unfall 152033 (2024) Kat:3, Licht: 0","152033","3","5","3","01","09","5","","0","1","1","0","0"
"POINT (10.052255318000050 53.600837717000047)","Unfall 152034 (2024) Kat:3, Licht: 0","152034","3","5","6","03","07","2","","0","0","1","1","0"
"POINT (9.967365691000055 53.557359281000060)","Unfall 152035 (2024) Kat:3, Licht: 0","152035","3","2","2","01","12","5","","0","1","1","0","0"
"POINT (9.980911161000051 53.422089325000059)","Unfall 152036 (2024) Kat:2, Licht: 0","152036","2","4","6","01","15","4","","0","0","1","1","0"
"POINT (10.024334163000049 53.527915934000077)","Unfall 152037 (2024) Kat:3, Licht: 2","152037","3","2","4","01","05","4","","2","1","1","0","0"
"POINT (10.081000016000075 53.531960723000054)","Unfall 152038 (2024) Kat:2, Licht: 1","152038","2","2","4","01","18","4","","1","0","1","0","0"
"POINT (10.107402577000073 53.541913308000062)","Unfall 152039 (2024) Kat:2, Licht: 0","152039","2","4","6","01","14","4","","0","0","1","1","0"
"POINT (10.067448821000028 53.535291697000048)","Unfall 152040 (2024) Kat:3, Licht: 2","152040","3","6","2","01","16","4","","2","0","1","0","0"
"POINT (10.040637256000025 53.555538942000055)","Unfall 152041 (2024) Kat:3, Licht: 0","152041","3","2","4","01","10","4","","0","0","1","0","0"
"POINT (10.141394932000026 53.597863757000027)","Unfall 152042 (2024) Kat:3, Licht: 2","152042","3","1","0","01","06","4","","2","1","0","0","0"
"POINT (10.033295156000065 53.616379893000044)","Unfall 152043 (2024) Kat:3, Licht: 0","152043","3","4","6","01","07","4","","0","1","0","1","0"
"POINT (10.051500831000055 53.593428299000038)","Unfall 152044 (2024) Kat:3, Licht: 0","152044","3","7","0","03","09","3","","0","0","0","0","0"
"POINT (9.969975276000071 53.584085701000049)","Unfall 152045 (2024) Kat:3, Licht: 0","152045","3","2","6","01","07","4","","0","0","1","1","0"
"POINT (9.951596626000025 53.599561659000074)","Unfall 152046 (2024) Kat:3, Licht: 0","152046","3","3","5","01","08","4","","0","1","1","0","0"
"POINT (10.122773902000063 53.567728103000036)","Unfall 152047 (2024) Kat:3, Licht: 1","152047","3","1","4","03","18","5","","1","0","1","0","1"
"POINT (10.000804235000032 53.555563969000048)","Unfall 152048 (2024) Kat:3, Licht: 0","152048","3","3","5","01","08","4","","0","1","1","0","0"
"POINT (10.005096119000029 53.556560727000033)","Unfall 152049 (2024) Kat:3, Licht: 0","152049","3","5","0","01","14","4","","0","1","1","0","0"
"POINT (9.878880718000062 53.529507547000037)","Unfall 152050 (2024) Kat:3, Licht: 2","152050","3","5","6","01","03","3","","2","0","0","1","0"
"POINT (9.954661144000056 53.455963052000072)","Unfall 152051 (2024) Kat:3, Licht: 2","152051","3","2","6","01","06","3","","2","0","1","1","0"
"POINT (10.117295565000063 53.607167007000044)","Unfall 152052 (2024) Kat:3, Licht: 0","152052","3","2","3","01","08","3","","0","0","0","0","0"
"POINT (10.091307208000046 53.572203956000067)","Unfall 152053 (2024) Kat:3, Licht: 0","152053","3","7","6","01","07","3","","0","0","0","1","0"
"POINT (10.069639435000056 53.579586014000029)","Unfall 152054 (2024) Kat:3, Licht: 2","152054","3","2","4","01","22","3","","2","1","1","0","0"
"POINT (10.094265900000039 53.638775481000039)","Unfall 152055 (2024) Kat:3, Licht: 2","152055","3","3","5","01","07","3","","2","1","1","0","0"
"POINT (10.154455470000073 53.639255930000047)","Unfall 152056 (2024) Kat:3, Licht: 0","152056","3","2","5","01","11","3","","0","1","1","0","0"
"POINT (9.918532920000075 53.590922373000069)","Unfall 152057 (2024) Kat:3, Licht: 2","152057","3","2","6","01","23","3","","2","0","1","1","0"
"POINT (9.854397592000055 53.548880188000055)","Unfall 152058 (2024) Kat:3, Licht: 0","152058","3","4","6","01","08","3","","0","0","1","1","0"
"POINT (9.957014805000028 53.612023355000076)","Unfall 152059 (2024) Kat:3, Licht: 0","152059","3","1","8","01","15","3","","0","0","1","0","0"
"POINT (9.988427124000054 53.568845856000053)","Unfall 152060 (2024) Kat:3, Licht: 0","152060","3","5","2","03","09","4","","0","0","1","0","0"
"POINT (9.966201263000073 53.603586954000036)","Unfall 152061 (2024) Kat:2, Licht: 2","152061","2","3","5","01","05","3","","2","0","1","0","1"
"POINT (9.986126515000024 53.579400677000081)","Unfall 152062 (2024) Kat:2, Licht: 0","152062","2","2","3","01","12","3","","0","1","0","0","0"
"POINT (10.003444117000072 53.553898763000063)","Unfall 152063 (2024) Kat:3, Licht: 0","152063","3","2","0","01","09","3","","0","1","1","0","0"
"POINT (10.158143378000034 53.432893568000054)","Unfall 152064 (2024) Kat:3, Licht: 0","152064","3","6","2","04","11","5","","0","0","1","0","0"
"POINT (10.008388096000033 53.558893813000054)","Unfall 152065 (2024) Kat:3, Licht: 0","152065","3","1","0","01","07","3","","0","1","0","0","0"
"POINT (9.967792254000074 53.458213604000036)","Unfall 152066 (2024) Kat:3, Licht: 0","152066","3","4","6","01","14","2","","0","0","1","1","0"
"POINT (10.078658337000036 53.550177100000042)","Unfall 152067 (2024) Kat:3, Licht: 0","152067","3","2","4","01","13","2","","0","1","1","0","0"
"POINT (10.160286638000059 53.618267799000080)","Unfall 152068 (2024) Kat:3, Licht: 0","152068","3","6","2","01","12","2","","0","0","1","0","0"
"POINT (10.104908456000032 53.639581792000058)","Unfall 152069 (2024) Kat:3, Licht: 0","152069","3","6","4","01","14","2","","0","1","1","0","0"
"POINT (9.905082453000034 53.610777699000039)","Unfall 152070 (2024) Kat:3, Licht: 0","152070","3","6","2","01","16","2","","0","0","0","0","0"
"POINT (10.000907386000051 53.557279480000034)","Unfall 152071 (2024) Kat:3, Licht: 0","152071","3","1","0","01","13","2","","0","1","0","0","0"
"POINT (10.095031785000060 53.682707906000076)","Unfall 152072 (2024) Kat:3, Licht: 2","152072","3","2","5","01","18","1","","2","0","1","0","0"
"POINT (10.035743323000077 53.601050012000030)","Unfall 152073 (2024) Kat:3, Licht: 0","152073","3","3","5","01","09","1","","0","0","1","0","0"
"POINT (9.866104168000049 53.585160150000036)","Unfall 152074 (2024) Kat:3, Licht: 0","152074","3","6","3","01","14","1","","0","0","1","0","0"
"POINT (9.824716984000077 53.569936218000066)","Unfall 152075 (2024) Kat:3, Licht: 0","152075","3","7","0","01","10","1","","0","1","0","0","0"
"POINT (10.031654819000039 53.566301023000051)","Unfall 152076 (2024) Kat:3, Licht: 0","152076","3","7","0","04","18","5","","0","0","0","0","0"
"POINT (10.003650747000052 53.557184993000078)","Unfall 152077 (2024) Kat:3, Licht: 2","152077","3","2","3","01","23","1","","2","0","1","0","0"
"POINT (9.885312871000053 53.518022657000074)","Unfall 152078 (2024) Kat:2, Licht: 0","152078","2","7","9","01","10","7","","0","0","1","0","0"
"POINT (10.016178595000042 53.563129369000080)","Unfall 152079 (2024) Kat:3, Licht: 2","152079","3","6","4","03","02","1","","2","0","1","0","0"
"POINT (9.877986701000054 53.528833700000064)","Unfall 152080 (2024) Kat:3, Licht: 2","152080","3","1","0","01","04","7","","2","1","0","0","0"
"POINT (10.017257812000025 53.486207485000079)","Unfall 152081 (2024) Kat:3, Licht: 1","152081","3","7","9","01","17","7","","1","0","1","0","0"
"POINT (10.138238672000057 53.626461268000071)","Unfall 152082 (2024) Kat:2, Licht: 0","152082","2","4","6","03","15","4","","0","0","1","1","0"
"POINT (10.115230817000054 53.537820497000041)","Unfall 152083 (2024) Kat:3, Licht: 2","152083","3","6","2","01","04","7","","2","0","1","0","0"
"POINT (10.127152762000037 53.575154250000082)","Unfall 152084 (2024) Kat:3, Licht: 2","152084","3","2","4","01","20","7","","2","0","1","0","0"
"POINT (10.098740635000070 53.589178707000030)","Unfall 152085 (2024) Kat:3, Licht: 0","152085","3","6","2","02","14","2","","0","0","1","0","0"
"POINT (10.089576038000075 53.581245156000080)","Unfall 152086 (2024) Kat:2, Licht: 0","152086","2","4","6","01","14","7","","0","0","1","1","0"
"POINT (9.980678136000051 53.596689511000079)","Unfall 152087 (2024) Kat:3, Licht: 0","152087","3","3","5","01","11","7","","0","1","1","0","0"
"POINT (9.948477965000052 53.569644003000064)","Unfall 152088 (2024) Kat:3, Licht: 2","152088","3","7","0","01","17","7","","2","0","0","0","1"
"POINT (9.956848030000060 53.466261027000030)","Unfall 152089 (2024) Kat:3, Licht: 0","152089","3","6","6","01","15","6","","0","0","1","1","0"
"POINT (10.151750160000063 53.542966652000075)","Unfall 152090 (2024) Kat:3, Licht: 0","152090","3","6","3","01","12","6","","0","0","1","0","0"
"POINT (10.079453394000041 53.555511123000031)","Unfall 152091 (2024) Kat:3, Licht: 0","152091","3","5","5","01","11","6","","0","0","1","0","0"
"POINT (10.164778488000024 53.605647827000041)","Unfall 152092 (2024) Kat:3, Licht: 2","152092","3","6","2","01","19","6","","2","0","1","0","0"
"POINT (10.075600062000035 53.580768673000080)","Unfall 152093 (2024) Kat:3, Licht: 2","152093","3","1","0","01","21","6","","2","0","0","0","0"
"POINT (10.011656528000060 53.581389729000080)","Unfall 152094 (2024) Kat:3, Licht: 0","152094","3","4","6","01","10","6","","0","0","1","1","0"
"POINT (10.043702733000032 53.587910728000054)","Unfall 152095 (2024) Kat:3, Licht: 2","152095","3","4","6","01","22","6","","2","0","0","1","0"
"POINT (9.990998327000057 53.445877665000069)","Unfall 152096 (2024) Kat:3, Licht: 2","152096","3","7","0","01","05","5","","2","0","0","0","0"
"POINT (10.177858380000032 53.492932990000043)","Unfall 152097 (2024) Kat:2, Licht: 2","152097","2","3","0","01","20","5","","2","0","1","0","0"
"POINT (10.097787341000071 53.541696670000078)","Unfall 152098 (2024) Kat:3, Licht: 2","152098","3","7","3","01","17","5","","2","0","1","0","0"
"POINT (10.127004204000059 53.544664450000028)","Unfall 152099 (2024) Kat:3, Licht: 2","152099","3","7","8","01","17","5","","2","0","1","0","0"
"POINT (10.077874766000036 53.550413175000074)","Unfall 152100 (2024) Kat:3, Licht: 0","152100","3","7","6","01","12","5","","0","0","0","1","0"
"POINT (10.112430340000060 53.607000748000075)","Unfall 152101 (2024) Kat:3, Licht: 2","152101","3","6","2","01","18","5","","2","0","1","0","0"
"POINT (10.018771621000042 53.614759549000041)","Unfall 152102 (2024) Kat:3, Licht: 0","152102","3","6","2","03","17","7","","0","0","1","0","0"
"POINT (10.088481945000069 53.652872644000070)","Unfall 152103 (2024) Kat:2, Licht: 0","152103","2","5","1","01","15","5","","0","1","1","0","0"
"POINT (9.874930164000034 53.477333961000056)","Unfall 152104 (2024) Kat:3, Licht: 2","152104","3","3","0","01","22","1","","2","0","0","0","0"
"POINT (10.014160506000053 53.630087743000047)","Unfall 152105 (2024) Kat:3, Licht: 2","152105","3","6","2","01","17","5","","2","0","1","0","0"
"POINT (10.046707420000075 53.582914246000030)","Unfall 152106 (2024) Kat:3, Licht: 0","152106","3","2","4","01","14","5","","0","0","1","0","1"
"POINT (9.949878871000067 53.553282411000055)","Unfall 152107 (2024) Kat:3, Licht: 0","152107","3","7","6","01","15","5","","0","0","1","1","0"
"POINT (9.986224721000042 53.575679358000059)","Unfall 152108 (2024) Kat:3, Licht: 0","152108","3","3","5","01","12","5","","0","1","1","0","0"
"POINT (9.988949274000049 53.552741815000047)","Unfall 152109 (2024) Kat:3, Licht: 2","152109","3","4","6","01","22","5","","2","1","0","1","0"
"POINT (10.009996570000055 53.552469884000061)","Unfall 152110 (2024) Kat:3, Licht: 0","152110","3","4","6","01","09","5","","0","0","0","1","0"
"POINT (9.998319798000068 53.506211644000075)","Unfall 152111 (2024) Kat:3, Licht: 2","152111","3","7","0","01","17","4","","2","1","0","0","0"
"POINT (10.218636324000045 53.485251445000074)","Unfall 152112 (2024) Kat:3, Licht: 1","152112","3","7","6","01","17","4","","1","0","1","1","0"
"POINT (10.107911737000052 53.563524607000033)","Unfall 152113 (2024) Kat:3, Licht: 0","152113","3","5","1","01","09","4","","0","0","1","0","0"
"POINT (10.133714736000059 53.571132921000071)","Unfall 152114 (2024) Kat:2, Licht: 2","152114","2","7","3","01","21","4","","2","0","1","0","0"
"POINT (10.101629475000038 53.583321504000082)","Unfall 152115 (2024) Kat:3, Licht: 0","152115","3","2","5","01","14","4","","0","0","1","0","0"
"POINT (10.072352459000058 53.579469157000062)","Unfall 152116 (2024) Kat:3, Licht: 0","152116","3","2","6","01","12","4","","0","0","1","1","0"
"POINT (10.025612631000058 53.580723231000036)","Unfall 152117 (2024) Kat:3, Licht: 0","152117","3","3","5","01","12","4","","0","1","1","0","0"