WKT,Name,OBJECTID,UKATEGORIE,UTYP1,UART,UMONAT,USTUNDE,UWOCHENTAG,STRZUSTAND,ULICHTVERH,ISTRAD,ISTPKW,ISTFUSS,ISTKRAD
"POINT (9.946342477000030 53.603964699000073)","Unfall 152118 (2024) Kat:3, Licht: 1","152118","3","4","6","01","16","4","","1","0","1","1","0"
"POINT (9.948708558000021 53.549000112000044)","Unfall 152119 (2024) Kat:2, Licht: 0","152119","2","6","9","01","08","4","","0","1","1","0","0"
"POINT (9.972034491000045 53.581848414000035)","Unfall 152120 (2024) Kat:3, Licht: 0","152120","3","2","6","04","17","6","","0","0","1","1","0"
"POINT (9.960850497000024 53.563945562000072)","Unfall 152121 (2024) Kat:3, Licht: 1","152121","3","6","2","03","18","4","","1","1","1","0","0"
"POINT (10.003674360000048 53.454065028000059)","Unfall 152122 (2024) Kat:3, Licht: 0","152122","3","7","3","01","11","3","","0","0","1","0","0"
"POINT (10.004043478000028 53.504911297000035)","Unfall 152123 (2024) Kat:3, Licht: 2","152123","3","6","3","01","21","3","","2","0","1","0","0"
"POINT (10.210777222000047 53.501591766000047)","Unfall 152124 (2024) Kat:3, Licht: 0","152124","3","2","6","01","13","3","","0","0","1","1","0"
"POINT (10.036056539000072 53.554962558000057)","Unfall 152125 (2024) Kat:3, Licht: 0","152125","3","7","6","01","15","3","","0","1","0","1","0"
"POINT (10.028828271000066 53.571315902000038)","Unfall 152126 (2024) Kat:3, Licht: 0","152126","3","6","2","01","10","2","","0","0","1","0","1"
"POINT (10.178349849000028 53.634345600000074)","Unfall 152127 (2024) Kat:3, Licht: 2","152127","3","6","4","01","20","3","","2","0","1","0","0"
"POINT (10.027873405000037 53.631353804000071)","Unfall 152128 (2024) Kat:3, Licht: 0","152128","3","7","0","01","10","3","","0","0","1","0","0"
"POINT (10.016610001000060 53.612714058000051)","Unfall 152129 (2024) Kat:3, Licht: 0","152129","3","7","0","01","09","3","","0","1","0","0","0"
"POINT (10.021890291000034 53.566987792000077)","Unfall 152130 (2024) Kat:3, Licht: 0","152130","3","6","3","01","14","3","","0","0","1","0","0"
"POINT (9.770080692000022 53.582536634000064)","Unfall 152131 (2024) Kat:3, Licht: 0","152131","3","6","2","01","13","3","","0","0","1","0","0"
"POINT (9.922414596000067 53.548159981000026)","Unfall 152132 (2024) Kat:2, Licht: 0","152132","2","4","6","01","15","3","","0","0","1","1","0"
"POINT (9.936954713000034 53.557171998000058)","Unfall 152133 (2024) Kat:3, Licht: 2","152133","3","5","1","01","20","3","","2","0","1","0","0"
"POINT (9.965527731000066 53.564140568000028)","Unfall 152134 (2024) Kat:3, Licht: 0","152134","3","7","0","01","13","3","","0","0","0","0","0"
"POINT (10.012357153000039 53.660209622000082)","Unfall 152135 (2024) Kat:3, Licht: 0","152135","3","6","6","02","13","5","","0","0","0","1","0"
"POINT (10.004198068000051 53.513338900000065)","Unfall 152136 (2024) Kat:3, Licht: 0","152136","3","6","4","01","11","2","","0","0","1","0","0"
"POINT (10.112709500000051 53.555497225000067)","Unfall 152137 (2024) Kat:3, Licht: 2","152137","3","7","0","01","06","2","","2","1","0","0","0"
"POINT (10.104655614000023 53.551907563000043)","Unfall 152138 (2024) Kat:3, Licht: 2","152138","3","1","0","01","01","2","","2","0","1","0","0"
"POINT (10.046793608000030 53.561245846000077)","Unfall 152139 (2024) Kat:3, Licht: 2","152139","3","6","2","01","04","2","","2","0","1","0","0"
"POINT (10.111101486000052 53.623331415000052)","Unfall 152140 (2024) Kat:2, Licht: 2","152140","2","4","6","01","17","2","","2","0","1","1","0"
"POINT (10.174458496000057 53.604634897000039)","Unfall 152141 (2024) Kat:3, Licht: 2","152141","3","4","6","01","07","2","","2","0","1","1","0"
"POINT (10.133849793000024 53.628694845000041)","Unfall 152142 (2024) Kat:3, Licht: 2","152142","3","2","2","01","06","2","","2","0","1","0","0"
"POINT (10.062051163000035 53.608821681000052)","Unfall 152143 (2024) Kat:3, Licht: 1","152143","3","6","0","01","07","2","","1","1","0","0","0"
"POINT (10.071667706000028 53.614456520000033)","Unfall 152144 (2024) Kat:3, Licht: 1","152144","3","1","0","01","07","2","","1","0","0","0","1"
"POINT (10.054684143000031 53.609660212000051)","Unfall 152145 (2024) Kat:3, Licht: 2","152145","3","7","0","01","07","2","","2","1","0","0","0"
"POINT (10.042198040000073 53.647729598000069)","Unfall 152146 (2024) Kat:3, Licht: 0","152146","3","6","2","01","13","2","","0","0","1","0","0"
"POINT (10.079723244000036 53.641052254000044)","Unfall 152147 (2024) Kat:3, Licht: 2","152147","3","3","5","01","18","2","","2","1","1","0","0"
"POINT (10.113254888000029 53.658348557000068)","Unfall 152148 (2024) Kat:3, Licht: 0","152148","3","1","0","01","09","2","","0","1","0","0","0"
"POINT (9.934070791000067 53.578068093000070)","Unfall 152149 (2024) Kat:3, Licht: 0","152149","3","7","0","01","08","2","","0","1","0","0","0"
"POINT (10.089721533000045 53.601027606000059)","Unfall 152150 (2024) Kat:2, Licht: 0","152150","2","1","8","04","15","3","","0","0","1","0","0"
"POINT (9.918269901000031 53.579028055000038)","Unfall 152151 (2024) Kat:3, Licht: 0","152151","3","6","2","01","12","2","","0","0","1","0","0"
"POINT (9.881163605000040 53.593270939000035)","Unfall 152152 (2024) Kat:2, Licht: 2","152152","2","1","0","01","06","2","","2","1","0","0","0"
"POINT (9.867760690000068 53.589439153000058)","Unfall 152153 (2024) Kat:3, Licht: 2","152153","3","7","0","01","08","2","","2","1","0","0","0"
"POINT (9.978505318000032 53.571536230000049)","Unfall 152154 (2024) Kat:3, Licht: 0","152154","3","5","1","01","15","2","","0","0","1","0","0"
"POINT (9.977501068000038 53.567028714000060)","Unfall 152155 (2024) Kat:3, Licht: 2","152155","3","7","0","01","06","2","","2","0","0","0","1"
"POINT (9.987845229000072 53.555561209000075)","Unfall 152156 (2024) Kat:3, Licht: 0","152156","3","6","3","01","09","2","","0","0","1","0","0"
"POINT (9.976465164000047 53.566445141000031)","Unfall 152157 (2024) Kat:3, Licht: 2","152157","3","7","0","01","00","1","","2","0","0","0","0"
"POINT (10.001859415000069 53.454813142000035)","Unfall 152158 (2024) Kat:3, Licht: 0","152158","3","5","5","01","13","7","","0","1","1","0","0"
"POINT (10.027335899000036 53.622735676000048)","Unfall 152159 (2024) Kat:3, Licht: 0","152159","3","3","6","02","12","4","","0","0","1","1","0"
"POINT (9.994944096000040 53.445802706000052)","Unfall 152160 (2024) Kat:3, Licht: 0","152160","3","5","5","01","13","7","","0","0","1","0","0"
"POINT (10.083367914000064 53.544476847000055)","Unfall 152161 (2024) Kat:3, Licht: 0","152161","3","6","3","01","14","7","","0","0","1","0","0"
"POINT (10.144649084000037 53.545188395000082)","Unfall 152162 (2024) Kat:3, Licht: 0","152162","3","2","5","01","10","7","","0","0","1","0","0"
"POINT (10.067807407000032 53.597487273000070)","Unfall 152163 (2024) Kat:3, Licht: 0","152163","3","7","0","01","11","7","","0","1","0","0","0"
"POINT (9.951671834000024 53.640674275000038)","Unfall 152164 (2024) Kat:3, Licht: 2","152164","3","5","5","01","17","7","","2","1","1","0","0"
"POINT (10.004909079000072 53.551668479000057)","Unfall 152165 (2024) Kat:3, Licht: 2","152165","3","7","0","01","03","7","","2","0","0","0","0"
"POINT (9.985723956000072 53.551723431000028)","Unfall 152166 (2024) Kat:3, Licht: 2","152166","3","6","3","01","02","7","","2","0","1","0","0"
"POINT (10.004651730000035 53.453679529000055)","Unfall 152167 (2024) Kat:3, Licht: 1","152167","3","2","4","01","16","6","","1","0","1","0","0"
"POINT (10.022042340000041 53.529932136000070)","Unfall 152168 (2024) Kat:3, Licht: 0","152168","3","6","2","01","11","6","","0","0","1","0","0"
"POINT (9.898500651000063 53.571184104000054)","Unfall 152169 (2024) Kat:3, Licht: 2","152169","3","2","4","01","17","6","","2","0","1","0","0"
"POINT (9.960170204000065 53.551480411000057)","Unfall 152170 (2024) Kat:3, Licht: 2","152170","3","2","6","01","21","6","","2","0","1","1","0"
"POINT (9.968294474000061 53.545925609000051)","Unfall 152171 (2024) Kat:3, Licht: 2","152171","3","7","0","01","05","6","","2","1","0","0","0"
"POINT (9.961516119000066 53.472425176000058)","Unfall 152172 (2024) Kat:3, Licht: 0","152172","3","3","5","01","14","6","","0","1","1","0","0"
"POINT (10.090646332000063 53.578083754000033)","Unfall 152173 (2024) Kat:3, Licht: 0","152173","3","6","2","01","15","5","","0","0","1","0","0"
"POINT (10.096546156000045 53.619199098000081)","Unfall 152174 (2024) Kat:3, Licht: 1","152174","3","6","2","01","16","5","","1","0","1","0","0"
"POINT (10.158401289000039 53.653722903000073)","Unfall 152175 (2024) Kat:3, Licht: 0","152175","3","6","2","01","11","5","","0","0","1","0","0"
"POINT (10.024990795000065 53.603149938000058)","Unfall 152176 (2024) Kat:3, Licht: 0","152176","3","6","2","01","15","5","","0","0","1","0","0"
"POINT (9.996398047000071 53.601945085000068)","Unfall 152177 (2024) Kat:3, Licht: 0","152177","3","6","3","01","10","5","","0","0","1","0","0"
"POINT (9.907605281000031 53.632527927000069)","Unfall 152178 (2024) Kat:3, Licht: 2","152178","3","3","5","01","20","5","","2","1","1","0","0"
"POINT (9.969229759000029 53.443738979000045)","Unfall 152179 (2024) Kat:3, Licht: 0","152179","3","4","6","01","15","4","","0","0","1","1","0"
"POINT (10.179806110000072 53.478351387000032)","Unfall 152180 (2024) Kat:3, Licht: 0","152180","3","2","4","01","12","4","","0","0","1","0","0"
"POINT (10.112757481000074 53.535528831000079)","Unfall 152181 (2024) Kat:3, Licht: 1","152181","3","5","1","01","16","4","","1","0","1","0","0"
"POINT (10.130539728000031 53.529897005000066)","Unfall 152182 (2024) Kat:3, Licht: 1","152182","3","2","6","01","17","4","","1","0","1","1","0"
"POINT (10.050922617000026 53.562337835000051)","Unfall 152183 (2024) Kat:3, Licht: 0","152183","3","1","0","01","15","4","","0","1","0","0","0"
"POINT (9.993479050000076 53.585645328000055)","Unfall 152184 (2024) Kat:3, Licht: 0","152184","3","3","5","01","11","4","","0","0","1","0","0"
"POINT (10.141057423000063 53.588987064000037)","Unfall 152185 (2024) Kat:3, Licht: 1","152185","3","1","1","01","19","4","","1","0","1","0","0"
"POINT (10.122130612000035 53.626721063000048)","Unfall 152186 (2024) Kat:3, Licht: 0","152186","3","6","2","01","09","4","","0","0","1","0","0"
"POINT (10.056506767000030 53.583007353000028)","Unfall 152187 (2024) Kat:3, Licht: 0","152187","3","3","5","01","14","4","","0","0","1","0","0"
"POINT (10.088438650000057 53.581171551000068)","Unfall 152188 (2024) Kat:3, Licht: 2","152188","3","2","2","01","22","4","","2","0","1","0","0"
"POINT (10.084539252000070 53.682599667000034)","Unfall 152189 (2024) Kat:3, Licht: 2","152189","3","6","4","01","17","4","","2","0","1","0","0"
"POINT (10.024030937000020 53.665219516000036)","Unfall 152190 (2024) Kat:3, Licht: 2","152190","3","6","2","01","07","4","","2","0","1","0","0"
"POINT (10.032293860000038 53.623987676000070)","Unfall 152191 (2024) Kat:3, Licht: 0","152191","3","6","2","01","08","4","","0","0","1","0","0"
"POINT (10.012711872000068 53.582373309000047)","Unfall 152192 (2024) Kat:3, Licht: 1","152192","3","7","0","01","08","4","","1","1","0","0","0"
"POINT (9.969112730000063 53.638143826000032)","Unfall 152193 (2024) Kat:3, Licht: 2","152193","3","5","1","01","17","4","","2","0","1","0","0"
"POINT (10.158407184000055 53.616839495000079)","Unfall 152194 (2024) Kat:3, Licht: 0","152194","3","6","4","04","12","4","","0","0","0","0","0"
"POINT (9.952690924000024 53.587911359000032)","Unfall 152195 (2024) Kat:3, Licht: 0","152195","3","6","4","01","13","4","","0","0","1","0","0"
"POINT (9.980502791000049 53.570577747000073)","Unfall 152196 (2024) Kat:3, Licht: 0","152196","3","7","0","01","09","4","","0","1","0","0","0"
"POINT (9.977597590000073 53.473063274000026)","Unfall 152197 (2024) Kat:3, Licht: 0","152197","3","5","1","01","15","4","","0","0","1","0","0"
"POINT (10.097618087000058 53.497129206000068)","Unfall 152198 (2024) Kat:3, Licht: 0","152198","3","6","2","01","09","3","","0","0","0","0","0"
"POINT (10.107083695000028 53.547510608000039)","Unfall 152199 (2024) Kat:3, Licht: 2","152199","3","7","0","01","23","3","","2","0","0","0","1"
"POINT (10.120838609000032 53.564186866000057)","Unfall 152200 (2024) Kat:3, Licht: 0","152200","3","6","2","01","09","3","","0","0","1","0","0"
"POINT (10.031195651000075 53.556938361000050)","Unfall 152201 (2024) Kat:3, Licht: 2","152201","3","2","2","01","16","3","","2","0","1","0","0"
"POINT (10.137269435000064 53.632883413000059)","Unfall 152202 (2024) Kat:3, Licht: 0","152202","3","6","2","01","11","3","","0","0","1","0","0"
"POINT (10.092356359000064 53.613270337000074)","Unfall 152203 (2024) Kat:3, Licht: 0","152203","3","3","5","01","08","3","","0","0","1","0","0"
"POINT (10.094874323000056 53.639128078000056)","Unfall 152204 (2024) Kat:3, Licht: 0","152204","3","6","2","01","14","3","","0","0","1","0","0"
"POINT (10.122857092000061 53.644262859000037)","Unfall 152205 (2024) Kat:3, Licht: 2","152205","3","6","2","01","19","3","","2","0","1","0","0"
"POINT (10.179804378000028 53.478347847000066)","Unfall 152206 (2024) Kat:3, Licht: 0","152206","3","2","4","03","15","2","","0","0","1","0","0"
"POINT (10.104302143000041 53.712114264000036)","Unfall 152207 (2024) Kat:3, Licht: 0","152207","3","6","4","01","14","3","","0","0","1","0","0"
"POINT (10.032669649000070 53.591083121000054)","Unfall 152208 (2024) Kat:3, Licht: 0","152208","3","6","2","01","11","3","","0","0","1","0","0"
"POINT (10.054064048000043 53.593363002000046)","Unfall 152209 (2024) Kat:3, Licht: 0","152209","3","6","4","01","15","3","","0","1","0","0","0"
"POINT (10.082127291000063 53.594523944000059)","Unfall 152210 (2024) Kat:3, Licht: 0","152210","3","6","3","04","07","4","","0","1","0","0","0"
"POINT (10.027395087000059 53.570434507000073)","Unfall 152211 (2024) Kat:3, Licht: 0","152211","3","6","2","01","11","3","","0","0","1","0","0"
"POINT (10.128915262000021 53.575158408000050)","Unfall 152212 (2024) Kat:3, Licht: 1","152212","3","3","5","02","17","5","","1","0","1","0","0"
"POINT (10.027207723000060 53.574389061000034)","Unfall 152213 (2024) Kat:2, Licht: 0","152213","2","7","0","01","10","3","","0","1","1","0","0"
"POINT (9.824218260000066 53.568338382000036)","Unfall 152214 (2024) Kat:3, Licht: 2","152214","3","7","0","01","21","3","","2","1","0","0","0"
"POINT (9.904547395000066 53.563131385000077)","Unfall 152215 (2024) Kat:3, Licht: 2","152215","3","6","2","01","18","3","","2","0","1","0","0"
"POINT (9.917738199000041 53.569983585000045)","Unfall 152216 (2024) Kat:3, Licht: 0","152216","3","3","5","01","13","3","","0","0","1","0","0"
"POINT (9.876067466000052 53.588429474000066)","Unfall 152217 (2024) Kat:2, Licht: 0","152217","2","2","4","01","10","3","","0","0","1","0","0"
"POINT (9.966896395000049 53.603343294000069)","Unfall 152218 (2024) Kat:3, Licht: 0","152218","3","1","4","01","14","3","","0","0","1","0","0"
"POINT (9.938769654000055 53.581879389000051)","Unfall 152219 (2024) Kat:3, Licht: 0","152219","3","2","4","01","11","3","","0","1","0","0","0"
"POINT (9.948817105000046 53.587690188000067)","Unfall 152220 (2024) Kat:3, Licht: 0","152220","3","7","0","01","15","3","","0","1","0","0","0"
"POINT (10.018134776000068 53.551456593000069)","Unfall 152221 (2024) Kat:3, Licht: 1","152221","3","1","8","01","16","3","","1","0","1","0","0"
"POINT (9.863372110000057 53.534039344000064)","Unfall 152222 (2024) Kat:3, Licht: 0","152222","3","7","0","01","15","2","","0","1","0","0","0"
"POINT (10.092516865000050 53.526268578000042)","Unfall 152223 (2024) Kat:2, Licht: 0","152223","2","4","6","01","12","2","","0","0","0","1","0"
"POINT (10.045894020000048 53.548277477000056)","Unfall 152224 (2024) Kat:3, Licht: 2","152224","3","3","5","01","18","2","","2","0","1","0","0"
"POINT (10.065646365000021 53.564910091000058)","Unfall 152225 (2024) Kat:3, Licht: 0","152225","3","7","9","01","14","2","","0","0","0","0","0"
"POINT (10.081421906000060 53.593067832000031)","Unfall 152226 (2024) Kat:3, Licht: 0","152226","3","7","0","01","14","2","","0","1","0","0","0"
"POINT (10.083169217000034 53.620245032000071)","Unfall 152227 (2024) Kat:3, Licht: 2","152227","3","1","0","01","19","2","","2","1","0","0","0"
"POINT (10.076026639000077 53.663363946000061)","Unfall 152228 (2024) Kat:3, Licht: 2","152228","3","6","2","01","17","2","","2","0","1","0","0"
"POINT (10.017475245000071 53.617625155000042)","Unfall 152229 (2024) Kat:3, Licht: 0","152229","3","1","1","01","11","2","","0","0","1","0","0"
"POINT (9.871183752000036 53.592523320000055)","Unfall 152230 (2024) Kat:3, Licht: 1","152230","3","5","1","01","16","2","","1","0","1","0","0"
"POINT (10.119182925000075 53.606546399000081)","Unfall 152231 (2024) Kat:3, Licht: 2","152231","3","6","2","01","20","4","","2","0","1","0","0"
"POINT (10.160118181000030 53.612865684000042)","Unfall 152232 (2024) Kat:3, Licht: 1","152232","3","2","6","01","08","2","","1","0","1","1","0"
"POINT (9.927970235000032 53.572358759000053)","Unfall 152233 (2024) Kat:3, Licht: 0","152233","3","7","0","01","15","2","","0","1","0","0","0"
"POINT (9.894419673000073 53.628097952000076)","Unfall 152234 (2024) Kat:3, Licht: 0","152234","3","1","0","01","14","2","","0","0","0","0","1"
"POINT (9.974580849000063 53.598030117000064)","Unfall 152235 (2024) Kat:3, Licht: 2","152235","3","6","2","01","18","2","","2","0","1","0","0"
"POINT (10.100897327000041 53.540585041000043)","Unfall 152236 (2024) Kat:3, Licht: 2","152236","3","6","2","01","00","1","","2","0","1","0","0"
"POINT (10.034232983000038 53.554722531000039)","Unfall 152237 (2024) Kat:3, Licht: 0","152237","3","1","8","01","12","1","","0","0","1","0","0"
"POINT (10.124817611000026 53.570967041000074)","Unfall 152238 (2024) Kat:3, Licht: 2","152238","3","2","4","01","18","1","","2","0","1","0","0"
"POINT (10.080709842000033 53.618961858000034)","Unfall 152239 (2024) Kat:3, Licht: 2","152239","3","6","2","01","19","1","","2","0","1","0","0"
"POINT (10.053856151000048 53.646391243000039)","Unfall 152240 (2024) Kat:3, Licht: 0","152240","3","1","8","01","09","1","","0","0","1","0","0"
"POINT (9.933719114000041 53.573726629000078)","Unfall 152241 (2024) Kat:2, Licht: 0","152241","2","7","0","03","14","3","","0","1","0","0","0"
"POINT (10.032546779000029 53.581551618000049)","Unfall 152242 (2024) Kat:3, Licht: 2","152242","3","6","2","01","18","1","","2","0","1","0","0"
"POINT (9.977905204000024 53.576229141000056)","Unfall 152243 (2024) Kat:3, Licht: 0","152243","3","7","0","01","10","1","","0","1","0","0","0"
"POINT (9.983490835000055 53.428614873000072)","Unfall 152244 (2024) Kat:3, Licht: 0","152244","3","6","2","01","14","7","","0","0","1","0","0"
"POINT (10.106642601000033 53.546975091000036)","Unfall 152245 (2024) Kat:3, Licht: 2","152245","3","6","2","01","20","7","","2","0","1","0","0"
"POINT (10.081567666000069 53.558519555000032)","Unfall 152246 (2024) Kat:3, Licht: 2","152246","3","6","2","01","17","7","","2","0","1","0","0"
"POINT (10.155873397000050 53.522708035000051)","Unfall 152247 (2024) Kat:3, Licht: 0","152247","3","4","6","01","15","7","","0","0","1","1","0"
"POINT (10.120451312000057 53.607270099000061)","Unfall 152248 (2024) Kat:3, Licht: 2","152248","3","7","0","01","04","7","","2","0","0","0","1"
"POINT (10.071498714000029 53.573530136000045)","Unfall 152249 (2024) Kat:3, Licht: 2","152249","3","6","2","01","19","7","","2","0","1","0","0"
"POINT (10.080462677000071 53.654695650000065)","Unfall 152250 (2024) Kat:3, Licht: 1","152250","3","7","0","01","16","7","","1","0","0","0","0"
"POINT (10.025446290000048 53.649663451000038)","Unfall 152251 (2024) Kat:3, Licht: 2","152251","3","6","2","01","16","7","","2","0","1","0","0"
"POINT (10.027415975000054 53.570445196000037)","Unfall 152252 (2024) Kat:3, Licht: 2","152252","3","6","2","01","22","7","","2","0","1","0","0"
"POINT (10.048557967000022 53.584951289000060)","Unfall 152253 (2024) Kat:3, Licht: 0","152253","3","1","8","01","09","7","","0","0","1","0","0"
"POINT (9.909529998000039 53.477931668000053)","Unfall 152254 (2024) Kat:3, Licht: 0","152254","3","7","0","03","13","2","","0","0","0","0","0"
"POINT (9.952356011000063 53.598770599000034)","Unfall 152255 (2024) Kat:3, Licht: 2","152255","3","2","4","01","18","7","","2","0","1","0","0"
"POINT (9.948495717000071 53.559808924000038)","Unfall 152256 (2024) Kat:3, Licht: 0","152256","3","3","5","01","12","7","","0","1","1","0","0"
"POINT (9.794417838000072 53.566297354000028)","Unfall 152257 (2024) Kat:3, Licht: 0","152257","3","5","1","03","10","1","","0","1","1","0","0"
"POINT (9.994765183000027 53.558549523000067)","Unfall 152258 (2024) Kat:3, Licht: 2","152258","3","6","2","01","01","7","","2","0","1","0","0"
"POINT (9.868467842000030 53.476244574000077)","Unfall 152259 (2024) Kat:3, Licht: 0","152259","3","3","5","01","09","6","","0","0","1","0","0"
"POINT (10.008859493000045 53.647304484000074)","Unfall 152260 (2024) Kat:3, Licht: 0","152260","3","7","0","01","07","2","","0","1","0","0","0"
"POINT (10.231038347000037 53.474590106000051)","Unfall 152261 (2024) Kat:3, Licht: 1","152261","3","1","9","01","16","6","","1","0","1","0","0"
"POINT (10.083143671000073 53.545523955000078)","Unfall 152262 (2024) Kat:3, Licht: 2","152262","3","6","2","01","19","6","","2","0","1","0","0"
"POINT (9.993611755000074 53.470187288000034)","Unfall 152263 (2024) Kat:3, Licht: 0","152263","3","3","5","03","08","6","","0","1","1","0","0"
"POINT (10.168321681000066 53.589373118000026)","Unfall 152264 (2024) Kat:3, Licht: 0","152264","3","7","0","01","11","6","","0","0","0","0","0"
"POINT (10.080187630000069 53.608249483000066)","Unfall 152265 (2024) Kat:3, Licht: 0","152265","3","2","4","01","12","6","","0","0","1","0","0"
"POINT (10.160485641000037 53.655850265000026)","Unfall 152266 (2024) Kat:3, Licht: 2","152266","3","7","0","01","17","6","","2","0","0","0","1"
"POINT (10.046222736000061 53.567573241000048)","Unfall 152267 (2024) Kat:3, Licht: 0","152267","3","7","3","01","15","6","","0","0","1","0","0"
"POINT (9.906438241000046 53.606952856000078)","Unfall 152268 (2024) Kat:3, Licht: 2","152268","3","4","6","01","16","6","","2","0","1","0","0"
"POINT (9.893446782000069 53.605302989000052)","Unfall 152269 (2024) Kat:3, Licht: 2","152269","3","1","0","01","20","6","","2","0","0","0","0"
"POINT (9.974412433000055 53.579820905000076)","Unfall 152270 (2024) Kat:3, Licht: 2","152270","3","1","9","01","07","6","","2","0","1","0","0"
"POINT (9.989330968000047 53.581926304000035)","Unfall 152271 (2024) Kat:3, Licht: 2","152271","3","3","5","01","17","6","","2","1","1","0","0"
"POINT (10.008861798000055 53.550633206000043)","Unfall 152272 (2024) Kat:3, Licht: 0","152272","3","6","2","01","15","6","","0","0","1","0","0"
"POINT (9.955262407000021 53.456860018000043)","Unfall 152273 (2024) Kat:3, Licht: 2","152273","3","3","5","01","07","5","","2","1","1","0","0"
"POINT (10.008938969000042 53.500759539000057)","Unfall 152274 (2024) Kat:3, Licht: 0","152274","3","3","5","01","10","5","","0","0","1","0","0"
"POINT (10.033401357000059 53.620909036000057)","Unfall 152275 (2024) Kat:3, Licht: 1","152275","3","4","6","01","07","5","","1","0","1","1","0"
"POINT (10.035728593000044 53.646133487000043)","Unfall 152276 (2024) Kat:3, Licht: 0","152276","3","5","1","01","09","5","","0","0","1","0","0"
"POINT (9.998645899000053 53.594939765000049)","Unfall 152277 (2024) Kat:2, Licht: 0","152277","2","4","6","01","12","5","","0","1","0","1","0"
"POINT (9.878407003000063 53.586294295000073)","Unfall 152278 (2024) Kat:3, Licht: 2","152278","3","6","3","01","17","5","","2","0","1","0","0"
"POINT (9.912695803000076 53.563742236000053)","Unfall 152279 (2024) Kat:3, Licht: 0","152279","3","7","2","01","14","5","","0","0","1","0","1"
"POINT (10.100167180000028 53.540322559000060)","Unfall 152280 (2024) Kat:3, Licht: 2","152280","3","6","2","03","20","2","","2","0","1","0","0"
"POINT (9.945778316000030 53.579416658000071)","Unfall 152281 (2024) Kat:3, Licht: 2","152281","3","1","8","01","22","5","","2","0","1","0","0"
"POINT (9.986028203000046 53.582804048000071)","Unfall 152282 (2024) Kat:3, Licht: 0","152282","3","6","3","01","09","5","","0","1","0","0","0"
"POINT (10.010103377000064 53.551336976000073)","Unfall 152283 (2024) Kat:3, Licht: 2","152283","3","7","0","01","22","5","","2","1","0","0","0"
"POINT (9.976399839000067 53.454911265000078)","Unfall 152284 (2024) Kat:2, Licht: 2","152284","2","4","6","01","06","4","","2","0","1","1","0"
"POINT (10.024596590000044 53.527827361000050)","Unfall 152285 (2024) Kat:3, Licht: 0","152285","3","1","0","01","12","4","","0","0","0","0","0"
"POINT (9.964629852000030 53.435729553000044)","Unfall 152286 (2024) Kat:3, Licht: 0","152286","3","6","4","03","16","3","","0","0","1","0","0"
"POINT (10.143537047000052 53.632212436000032)","Unfall 152287 (2024) Kat:2, Licht: 2","152287","2","4","6","01","03","4","","2","0","0","1","0"
"POINT (10.102408452000077 53.580048561000069)","Unfall 152288 (2024) Kat:3, Licht: 1","152288","3","2","4","01","08","4","","1","0","1","0","0"
"POINT (10.104968603000032 53.572057693000033)","Unfall 152289 (2024) Kat:3, Licht: 2","152289","3","2","6","01","17","4","","2","0","1","1","0"
"POINT (10.090797643000030 53.568726353000045)","Unfall 152290 (2024) Kat:3, Licht: 2","152290","3","7","3","01","17","4","","2","0","1","0","0"
"POINT (10.047475374000044 53.608377493000035)","Unfall 152291 (2024) Kat:3, Licht: 0","152291","3","2","3","01","13","4","","0","1","1","0","0"
"POINT (10.032245883000030 53.623751031000040)","Unfall 152292 (2024) Kat:3, Licht: 2","152292","3","2","6","01","07","4","","2","0","1","1","0"
"POINT (9.895081022000056 53.611244185000032)","Unfall 152293 (2024) Kat:3, Licht: 1","152293","3","2","6","01","17","4","","1","0","1","1","0"
"POINT (9.959419128000036 53.559488481000074)","Unfall 152294 (2024) Kat:3, Licht: 0","152294","3","5","5","01","13","4","","0","1","0","0","0"
"POINT (9.942737509000040 53.448359907000054)","Unfall 152295 (2024) Kat:1, Licht: 2","152295","1","4","6","01","17","3","","2","0","1","1","0"
"POINT (10.037925098000073 53.505853396000077)","Unfall 152296 (2024) Kat:3, Licht: 0","152296","3","6","2","01","13","3","","0","0","1","0","0"
"POINT (10.103228577000039 53.543121501000030)","Unfall 152297 (2024) Kat:2, Licht: 2","152297","2","4","6","01","23","3","","2","0","1","1","0"
"POINT (10.107801538000047 53.548297810000065)","Unfall 152298 (2024) Kat:3, Licht: 0","152298","3","6","2","01","14","3","","0","0","1","0","0"
"POINT (10.189999490000048 53.503660995000075)","Unfall 152299 (2024) Kat:3, Licht: 2","152299","3","7","0","02","03","7","","2","0","0","0","0"
"POINT (10.134719549000067 53.637544869000067)","Unfall 152300 (2024) Kat:3, Licht: 2","152300","3","3","5","01","07","3","","2","0","1","0","0"
"POINT (10.141418943000076 53.629916603000026)","Unfall 152301 (2024) Kat:3, Licht: 0","152301","3","1","0","01","13","3","","0","0","0","0","1"
"POINT (10.171345784000039 53.631540005000033)","Unfall 152302 (2024) Kat:3, Licht: 0","152302","3","5","1","01","09","3","","0","1","1","0","0"
"POINT (10.118466697000031 53.604963912000073)","Unfall 152303 (2024) Kat:3, Licht: 2","152303","3","4","6","01","17","3","","2","0","1","1","0"