WKT,Name,OBJECTID,UKATEGORIE,UTYP1,UART,UMONAT,USTUNDE,UWOCHENTAG,STRZUSTAND,ULICHTVERH,ISTRAD,ISTPKW,ISTFUSS,ISTKRAD
"POINT (10.067155848000027 53.583391311000071)","Unfall 152304 (2024) Kat:2, Licht: 2","152304","2","4","6","01","18","3","","2","1","0","1","0"
"POINT (10.081773681000072 53.593190360000051)","Unfall 152305 (2024) Kat:3, Licht: 2","152305","3","5","1","01","21","3","","2","0","1","0","0"
"POINT (10.002482780000037 53.600894851000078)","Unfall 152306 (2024) Kat:3, Licht: 1","152306","3","2","6","01","07","3","","1","0","1","1","0"
"POINT (9.945769594000069 53.557205677000070)","Unfall 152307 (2024) Kat:3, Licht: 0","152307","3","3","5","02","07","6","","0","1","0","0","0"
"POINT (9.969649345000050 53.584027342000070)","Unfall 152308 (2024) Kat:3, Licht: 0","152308","3","2","4","01","08","3","","0","0","1","0","0"
"POINT (9.960196372000041 53.546290836000082)","Unfall 152309 (2024) Kat:3, Licht: 0","152309","3","6","2","01","15","3","","0","0","1","0","1"
"POINT (10.014746322000065 53.613278541000057)","Unfall 152310 (2024) Kat:2, Licht: 2","152310","2","1","0","01","03","2","","2","0","0","0","1"
"POINT (9.917453725000030 53.545927477000077)","Unfall 152323 (2024) Kat:2, Licht: 0","152323","2","2","4","01","08","3","","0","0","1","0","0"
"POINT (10.001474908000034 53.665971987000034)","Unfall 152325 (2024) Kat:3, Licht: 0","152325","3","6","2","03","10","7","","0","0","1","0","0"
"POINT (9.914196569000069 53.517984703000081)","Unfall 152334 (2024) Kat:3, Licht: 0","152334","3","3","5","02","15","5","","0","1","1","0","0"
"POINT (10.084394872000075 53.640334041000074)","Unfall 152350 (2024) Kat:3, Licht: 0","152350","3","6","2","01","09","2","","0","0","1","0","0"
"POINT (10.048722051000027 53.578695857000071)","Unfall 152352 (2024) Kat:3, Licht: 1","152352","3","2","6","01","07","4","","1","0","1","1","0"
"POINT (9.974604253000052 53.582856711000034)","Unfall 152354 (2024) Kat:3, Licht: 0","152354","3","7","0","02","16","4","","0","1","1","0","0"
"POINT (10.052614962000064 53.588231695000047)","Unfall 152356 (2024) Kat:3, Licht: 0","152356","3","3","5","01","11","1","","0","0","1","0","0"
"POINT (10.010438476000047 53.648706569000069)","Unfall 152372 (2024) Kat:3, Licht: 0","152372","3","3","5","01","13","7","","0","0","1","0","0"
"POINT (10.145371685000043 53.544311484000048)","Unfall 152374 (2024) Kat:3, Licht: 0","152374","3","7","0","03","16","5","","0","1","0","0","0"
"POINT (9.950165058000039 53.556576245000031)","Unfall 152396 (2024) Kat:3, Licht: 0","152396","3","6","3","04","17","7","","0","1","1","0","0"
"POINT (9.990364997000029 53.560960598000065)","Unfall 152404 (2024) Kat:3, Licht: 2","152404","3","4","0","01","21","4","","2","0","0","1","0"
"POINT (10.023669455000061 53.604191001000061)","Unfall 152406 (2024) Kat:3, Licht: 0","152406","3","6","6","02","16","5","","0","0","1","1","0"
"POINT (10.117702379000036 53.607023586000082)","Unfall 152414 (2024) Kat:3, Licht: 0","152414","3","6","2","02","09","7","","0","0","1","0","0"
"POINT (10.017032360000030 53.550504059000048)","Unfall 152415 (2024) Kat:3, Licht: 0","152415","3","4","6","02","15","5","","0","0","1","1","0"
"POINT (9.993885694000028 53.598991594000040)","Unfall 152417 (2024) Kat:3, Licht: 2","152417","3","1","0","01","18","7","","2","0","0","0","1"
"POINT (10.124376965000067 53.588166412000078)","Unfall 152421 (2024) Kat:3, Licht: 0","152421","3","3","5","01","11","3","","0","0","1","0","0"
"POINT (10.018177252000044 53.552585809000050)","Unfall 152423 (2024) Kat:3, Licht: 2","152423","3","2","4","03","19","4","","2","1","1","0","0"
"POINT (10.093142706000037 53.543076897000049)","Unfall 152427 (2024) Kat:3, Licht: 0","152427","3","2","4","03","10","4","","0","0","1","0","0"
"POINT (9.987340644000028 53.515528996000057)","Unfall 152434 (2024) Kat:3, Licht: 0","152434","3","7","6","02","11","3","","0","0","1","1","0"
"POINT (10.020518227000025 53.550789899000051)","Unfall 152441 (2024) Kat:3, Licht: 0","152441","3","5","5","07","17","7","","0","1","1","0","0"
"POINT (10.013514530000066 53.548384455000075)","Unfall 152442 (2024) Kat:3, Licht: 0","152442","3","2","3","07","16","7","","0","0","1","0","0"
"POINT (10.131314015000044 53.607153061000076)","Unfall 152443 (2024) Kat:3, Licht: 0","152443","3","7","0","07","21","7","","0","0","0","0","0"
"POINT (10.076062882000031 53.611828547000073)","Unfall 152444 (2024) Kat:3, Licht: 0","152444","3","5","5","07","18","7","","0","1","1","0","0"
"POINT (10.032975748000069 53.607563424000034)","Unfall 152445 (2024) Kat:3, Licht: 2","152445","3","7","0","07","02","7","","2","0","0","0","0"
"POINT (9.815631720000056 53.562996611000074)","Unfall 152446 (2024) Kat:3, Licht: 0","152446","3","5","1","07","16","7","","0","0","1","0","0"
"POINT (9.852646925000045 53.592399843000067)","Unfall 152447 (2024) Kat:3, Licht: 2","152447","3","4","6","07","00","7","","2","0","1","1","0"
"POINT (10.006118954000044 53.550507197000059)","Unfall 152448 (2024) Kat:3, Licht: 0","152448","3","6","2","07","14","7","","0","0","1","0","0"
"POINT (10.208970956000030 53.493980167000075)","Unfall 152449 (2024) Kat:2, Licht: 0","152449","2","7","0","07","16","6","","0","1","0","0","0"
"POINT (10.098065737000070 53.541575446000081)","Unfall 152450 (2024) Kat:3, Licht: 2","152450","3","1","0","07","01","6","","2","0","0","0","0"
"POINT (10.155229389000056 53.613488206000056)","Unfall 152451 (2024) Kat:3, Licht: 0","152451","3","6","2","07","15","6","","0","0","1","0","0"
"POINT (10.124244301000033 53.588228390000040)","Unfall 152452 (2024) Kat:3, Licht: 0","152452","3","2","5","07","13","6","","0","1","1","0","0"
"POINT (10.175008502000026 53.594333625000047)","Unfall 152453 (2024) Kat:3, Licht: 0","152453","3","4","6","07","12","6","","0","0","1","1","0"
"POINT (10.076388231000067 53.566799830000036)","Unfall 152454 (2024) Kat:3, Licht: 1","152454","3","7","0","07","21","6","","1","0","0","0","0"
"POINT (10.019185964000030 53.600305747000050)","Unfall 152455 (2024) Kat:3, Licht: 0","152455","3","6","3","07","12","6","","0","0","1","0","0"
"POINT (9.860648386000037 53.557563235000032)","Unfall 152456 (2024) Kat:3, Licht: 0","152456","3","6","0","07","11","6","","0","1","1","0","0"
"POINT (9.769131550000054 53.582699091000052)","Unfall 152457 (2024) Kat:3, Licht: 2","152457","3","7","0","07","00","6","","2","0","1","0","0"
"POINT (9.885550993000038 53.592530745000033)","Unfall 152458 (2024) Kat:3, Licht: 0","152458","3","7","6","07","21","6","","0","0","1","1","0"
"POINT (9.907080631000042 53.591732686000057)","Unfall 152459 (2024) Kat:3, Licht: 0","152459","3","2","3","07","17","6","","0","1","1","0","0"
"POINT (9.989594772000032 53.574290539000060)","Unfall 152460 (2024) Kat:3, Licht: 0","152460","3","1","0","07","15","6","","0","0","0","0","1"
"POINT (9.968772283000021 53.568166437000059)","Unfall 152461 (2024) Kat:3, Licht: 0","152461","3","7","3","07","17","6","","0","0","1","0","0"
"POINT (9.965445384000077 53.463629552000043)","Unfall 152462 (2024) Kat:3, Licht: 0","152462","3","5","5","07","19","5","","0","1","1","0","0"
"POINT (10.017811167000048 53.549076356000057)","Unfall 152463 (2024) Kat:3, Licht: 0","152463","3","6","2","07","12","5","","0","0","1","0","0"
"POINT (10.080246486000021 53.576176119000081)","Unfall 152464 (2024) Kat:3, Licht: 0","152464","3","5","5","07","17","5","","0","0","1","0","0"
"POINT (10.092841666000027 53.578337399000077)","Unfall 152465 (2024) Kat:2, Licht: 0","152465","2","3","5","07","16","5","","0","0","1","0","0"
"POINT (10.070224187000065 53.573310454000080)","Unfall 152466 (2024) Kat:3, Licht: 0","152466","3","7","6","07","16","5","","0","0","1","1","0"
"POINT (10.104630734000068 53.616533595000078)","Unfall 152467 (2024) Kat:3, Licht: 0","152467","3","6","4","07","18","5","","0","1","1","0","0"
"POINT (10.067914085000041 53.600270728000055)","Unfall 152468 (2024) Kat:2, Licht: 0","152468","2","4","6","07","14","5","","0","0","1","1","0"
"POINT (10.158680100000026 53.646701862000043)","Unfall 152469 (2024) Kat:3, Licht: 0","152469","3","5","5","07","11","5","","0","1","1","0","0"
"POINT (10.150695453000026 53.658398902000044)","Unfall 152470 (2024) Kat:3, Licht: 0","152470","3","3","5","07","08","5","","0","0","1","0","0"
"POINT (10.001984426000035 53.668359995000060)","Unfall 152471 (2024) Kat:3, Licht: 0","152471","3","6","2","07","07","5","","0","0","1","0","0"
"POINT (10.012816918000055 53.621586998000055)","Unfall 152472 (2024) Kat:3, Licht: 0","152472","3","6","1","07","12","5","","0","0","1","0","0"
"POINT (10.013722136000069 53.599994201000072)","Unfall 152473 (2024) Kat:3, Licht: 0","152473","3","2","4","07","11","5","","0","0","1","0","0"
"POINT (9.865585463000059 53.584999739000068)","Unfall 152474 (2024) Kat:3, Licht: 0","152474","3","6","3","07","16","5","","0","0","1","0","0"
"POINT (9.910711987000070 53.565871121000043)","Unfall 152475 (2024) Kat:3, Licht: 0","152475","3","2","5","07","15","5","","0","1","1","0","0"
"POINT (9.947678621000023 53.583495772000049)","Unfall 152476 (2024) Kat:3, Licht: 0","152476","3","3","5","07","17","5","","0","1","1","0","0"
"POINT (9.987791845000061 53.590932636000048)","Unfall 152477 (2024) Kat:3, Licht: 0","152477","3","3","5","07","09","5","","0","1","1","0","0"
"POINT (9.961833140000067 53.566201050000075)","Unfall 152478 (2024) Kat:3, Licht: 0","152478","3","6","4","07","08","5","","0","0","1","0","0"
"POINT (9.922014011000044 53.546166276000065)","Unfall 152479 (2024) Kat:3, Licht: 0","152479","3","2","5","07","12","5","","0","0","1","0","0"
"POINT (10.000276185000075 53.565844919000028)","Unfall 152480 (2024) Kat:3, Licht: 0","152480","3","6","2","07","17","5","","0","1","1","0","0"
"POINT (9.977406730000041 53.577369808000071)","Unfall 152481 (2024) Kat:3, Licht: 0","152481","3","2","3","07","18","5","","0","1","1","0","0"
"POINT (9.967372086000069 53.549951234000048)","Unfall 152482 (2024) Kat:3, Licht: 2","152482","3","6","2","07","22","5","","2","0","1","0","0"
"POINT (10.029512332000024 53.554196921000027)","Unfall 152483 (2024) Kat:2, Licht: 0","152483","2","2","3","07","15","4","","0","0","1","0","1"
"POINT (10.088371419000055 53.639595508000070)","Unfall 152484 (2024) Kat:3, Licht: 0","152484","3","7","0","07","12","4","","0","1","0","0","0"
"POINT (9.904650780000054 53.617626211000072)","Unfall 152485 (2024) Kat:3, Licht: 0","152485","3","5","5","07","10","4","","0","1","1","0","0"
"POINT (9.935801245000050 53.582519788000070)","Unfall 152486 (2024) Kat:3, Licht: 0","152486","3","5","5","07","08","4","","0","1","1","0","0"
"POINT (9.967439552000030 53.579960205000077)","Unfall 152487 (2024) Kat:3, Licht: 0","152487","3","3","5","07","13","6","","0","0","1","0","0"
"POINT (9.917787592000025 53.600043745000050)","Unfall 152488 (2024) Kat:3, Licht: 0","152488","3","5","5","07","09","4","","0","1","1","0","0"
"POINT (9.925712829000076 53.546514341000034)","Unfall 152489 (2024) Kat:3, Licht: 0","152489","3","3","5","07","15","4","","0","0","1","0","0"
"POINT (9.984174144000065 53.449076316000060)","Unfall 152490 (2024) Kat:3, Licht: 0","152490","3","7","0","07","17","3","","0","1","0","0","0"
"POINT (10.017826254000056 53.524016256000039)","Unfall 152491 (2024) Kat:3, Licht: 0","152491","3","7","1","07","16","3","","0","1","1","0","0"
"POINT (10.098977014000070 53.541149055000062)","Unfall 152492 (2024) Kat:2, Licht: 0","152492","2","7","3","07","11","3","","0","0","1","0","1"
"POINT (10.079986502000054 53.582314019000080)","Unfall 152493 (2024) Kat:3, Licht: 0","152493","3","6","2","07","11","3","","0","0","1","0","0"
"POINT (10.076293385000042 53.614217967000059)","Unfall 152494 (2024) Kat:3, Licht: 1","152494","3","3","5","07","20","3","","1","0","1","0","0"
"POINT (10.090642906000028 53.688604329000043)","Unfall 152495 (2024) Kat:3, Licht: 0","152495","3","7","6","07","09","3","","0","0","0","1","0"
"POINT (9.884857518000047 53.572401324000055)","Unfall 152496 (2024) Kat:3, Licht: 0","152496","3","1","0","07","15","3","","0","1","0","0","0"
"POINT (9.957506175000049 53.569923647000053)","Unfall 152497 (2024) Kat:3, Licht: 0","152497","3","2","3","07","07","3","","0","1","1","0","0"
"POINT (9.917625514000065 53.550864894000028)","Unfall 152498 (2024) Kat:3, Licht: 0","152498","3","5","5","07","09","3","","0","0","1","0","1"
"POINT (9.994004486000051 53.551947611000060)","Unfall 152499 (2024) Kat:1, Licht: 0","152499","1","1","9","07","10","3","","0","0","1","1","0"
"POINT (10.014127712000061 53.560691236000082)","Unfall 152500 (2024) Kat:3, Licht: 0","152500","3","7","0","07","11","3","","0","1","0","0","0"
"POINT (9.983466004000036 53.459743009000078)","Unfall 152501 (2024) Kat:3, Licht: 0","152501","3","7","6","07","17","2","","0","0","1","1","0"
"POINT (10.013641260000043 53.432136269000068)","Unfall 152502 (2024) Kat:3, Licht: 0","152502","3","6","4","07","17","2","","0","0","1","0","0"
"POINT (9.994407327000033 53.460074091000081)","Unfall 152503 (2024) Kat:3, Licht: 0","152503","3","6","0","07","16","2","","0","1","0","0","0"
"POINT (10.205896832000064 53.493547060000026)","Unfall 152504 (2024) Kat:3, Licht: 0","152504","3","6","2","07","17","2","","0","0","1","0","1"
"POINT (10.208156378000069 53.495854892000068)","Unfall 152505 (2024) Kat:3, Licht: 0","152505","3","6","0","07","11","2","","0","0","1","0","0"
"POINT (10.108882579000067 53.608875650000073)","Unfall 152506 (2024) Kat:3, Licht: 0","152506","3","7","0","07","12","2","","0","0","0","0","0"
"POINT (10.061472868000067 53.570700170000066)","Unfall 152507 (2024) Kat:3, Licht: 0","152507","3","6","2","07","16","2","","0","0","1","0","0"
"POINT (10.094890917000043 53.639219226000080)","Unfall 152508 (2024) Kat:3, Licht: 0","152508","3","2","5","07","18","2","","0","0","1","0","0"
"POINT (10.000064504000022 53.594723039000030)","Unfall 152509 (2024) Kat:3, Licht: 0","152509","3","6","2","07","12","2","","0","0","1","0","0"
"POINT (9.778755545000024 53.575456340000073)","Unfall 152510 (2024) Kat:3, Licht: 0","152510","3","4","6","07","15","2","","0","0","1","1","0"
"POINT (9.934635746000026 53.551527257000032)","Unfall 152511 (2024) Kat:3, Licht: 0","152511","3","5","3","07","18","2","","0","0","0","0","0"
"POINT (9.974182889000076 53.569279527000049)","Unfall 152512 (2024) Kat:3, Licht: 0","152512","3","2","3","07","07","2","","0","1","0","0","0"
"POINT (9.962736552000024 53.547902147000059)","Unfall 152513 (2024) Kat:3, Licht: 0","152513","3","7","0","07","14","2","","0","1","0","0","0"
"POINT (9.963538903000028 53.549669959000028)","Unfall 152514 (2024) Kat:3, Licht: 0","152514","3","6","0","07","08","2","","0","0","1","0","1"
"POINT (9.961309332000042 53.546401023000044)","Unfall 152515 (2024) Kat:3, Licht: 1","152515","3","1","0","07","04","2","","1","1","0","0","0"
"POINT (9.989406752000036 53.558293443000082)","Unfall 152516 (2024) Kat:3, Licht: 0","152516","3","2","3","07","10","2","","0","1","1","0","0"
"POINT (9.984865919000072 53.454639522000036)","Unfall 152517 (2024) Kat:3, Licht: 1","152517","3","7","6","06","05","1","","1","0","1","1","0"
"POINT (10.207116292000023 53.510271010000054)","Unfall 152518 (2024) Kat:3, Licht: 0","152518","3","5","1","06","08","1","","0","0","1","0","0"
"POINT (10.060736514000041 53.612713625000026)","Unfall 152519 (2024) Kat:3, Licht: 0","152519","3","3","5","06","17","1","","0","1","1","0","0"
"POINT (10.085205751000046 53.656762862000051)","Unfall 152520 (2024) Kat:3, Licht: 0","152520","3","3","5","06","19","1","","0","0","1","0","0"
"POINT (10.077213995000022 53.653219544000081)","Unfall 152521 (2024) Kat:3, Licht: 2","152521","3","2","4","06","01","1","","2","0","1","0","0"
"POINT (10.014396413000043 53.581850451000037)","Unfall 152522 (2024) Kat:2, Licht: 0","152522","2","5","3","06","15","1","","0","0","1","0","1"
"POINT (9.866414334000069 53.567918786000064)","Unfall 152523 (2024) Kat:3, Licht: 2","152523","3","1","9","06","03","1","","2","0","1","0","0"
"POINT (9.979896706000034 53.606652607000058)","Unfall 152524 (2024) Kat:3, Licht: 2","152524","3","7","0","06","00","1","","2","0","0","0","0"
"POINT (9.922715098000026 53.553406187000064)","Unfall 152525 (2024) Kat:3, Licht: 0","152525","3","2","3","06","12","1","","0","1","1","0","0"
"POINT (9.988695693000068 53.566340583000056)","Unfall 152526 (2024) Kat:3, Licht: 2","152526","3","6","0","06","23","1","","2","0","1","0","0"
"POINT (9.954669800000033 53.557390843000064)","Unfall 152527 (2024) Kat:3, Licht: 2","152527","3","5","1","06","03","1","","2","0","1","0","0"
"POINT (9.978890722000074 53.555132355000069)","Unfall 152528 (2024) Kat:3, Licht: 0","152528","3","7","0","06","09","1","","0","1","0","0","0"
"POINT (9.989879074000044 53.559889858000076)","Unfall 152529 (2024) Kat:3, Licht: 2","152529","3","1","0","06","03","1","","2","0","0","0","0"
"POINT (9.821635260000050 53.472633548000033)","Unfall 152530 (2024) Kat:3, Licht: 0","152530","3","7","5","06","14","7","","0","0","1","0","0"
"POINT (10.129377819000069 53.510137784000051)","Unfall 152531 (2024) Kat:3, Licht: 1","152531","3","1","1","06","22","7","","1","1","1","0","0"
"POINT (10.222734563000074 53.481641623000030)","Unfall 152532 (2024) Kat:2, Licht: 0","152532","2","1","9","06","15","7","","0","0","0","0","0"
"POINT (10.127774600000066 53.544897561000028)","Unfall 152533 (2024) Kat:3, Licht: 0","152533","3","6","4","06","16","7","","0","0","1","0","0"
"POINT (10.100621104000027 53.549590518000059)","Unfall 152534 (2024) Kat:2, Licht: 2","152534","2","2","5","06","23","7","","2","0","1","0","1"
"POINT (10.148524882000061 53.626797905000046)","Unfall 152535 (2024) Kat:3, Licht: 0","152535","3","1","0","06","11","7","","0","0","0","0","0"
"POINT (10.024869906000049 53.609468015000061)","Unfall 152536 (2024) Kat:3, Licht: 0","152536","3","4","6","06","17","7","","0","0","1","1","0"
"POINT (10.027495798000075 53.570116195000082)","Unfall 152537 (2024) Kat:3, Licht: 0","152537","3","4","0","06","17","7","","0","0","1","1","0"
"POINT (9.884093250000035 53.602780225000060)","Unfall 152538 (2024) Kat:3, Licht: 0","152538","3","5","1","06","17","7","","0","1","1","0","0"
"POINT (9.967024754000022 53.635319538000033)","Unfall 152539 (2024) Kat:3, Licht: 0","152539","3","6","2","06","16","7","","0","0","1","0","1"
"POINT (9.959162156000048 53.572193097000081)","Unfall 152540 (2024) Kat:3, Licht: 2","152540","3","7","0","06","23","7","","2","0","0","0","1"
"POINT (9.931570014000044 53.554224720000036)","Unfall 152541 (2024) Kat:3, Licht: 0","152541","3","5","5","06","14","7","","0","1","0","0","0"
"POINT (10.000550335000071 53.555598171000042)","Unfall 152542 (2024) Kat:3, Licht: 0","152542","3","2","4","06","16","7","","0","1","1","0","0"
"POINT (9.990641157000027 53.558137232000036)","Unfall 152543 (2024) Kat:3, Licht: 2","152543","3","6","3","06","01","7","","2","0","1","0","0"
"POINT (10.023803737000037 53.553482209000038)","Unfall 152544 (2024) Kat:3, Licht: 0","152544","3","5","1","06","17","7","","0","0","1","0","0"
"POINT (10.011983456000053 53.554291285000033)","Unfall 152545 (2024) Kat:3, Licht: 0","152545","3","1","0","06","16","7","","0","0","0","0","0"
"POINT (10.010882704000039 53.552454838000074)","Unfall 152546 (2024) Kat:2, Licht: 0","152546","2","7","6","06","12","7","","0","1","0","1","0"
"POINT (9.942789824000045 53.455307589000029)","Unfall 152547 (2024) Kat:3, Licht: 0","152547","3","5","1","06","11","6","","0","0","1","0","0"
"POINT (10.187892500000032 53.477355631000080)","Unfall 152548 (2024) Kat:3, Licht: 0","152548","3","7","0","06","07","6","","0","1","0","0","0"
"POINT (10.085482116000037 53.519783782000047)","Unfall 152549 (2024) Kat:3, Licht: 0","152549","3","7","0","06","14","6","","0","1","0","0","0"
"POINT (10.126294664000056 53.612593771000036)","Unfall 152550 (2024) Kat:3, Licht: 0","152550","3","5","5","06","16","6","","0","0","1","0","0"
"POINT (10.081623137000065 53.578800425000054)","Unfall 152551 (2024) Kat:3, Licht: 0","152551","3","6","3","06","12","6","","0","0","1","0","0"
"POINT (10.083538224000051 53.573601711000038)","Unfall 152552 (2024) Kat:3, Licht: 0","152552","3","7","0","06","14","6","","0","1","0","0","0"
"POINT (10.056207752000034 53.608488650000027)","Unfall 152553 (2024) Kat:3, Licht: 0","152553","3","6","2","06","19","6","","0","0","1","0","0"
"POINT (10.106825943000047 53.653591616000028)","Unfall 152554 (2024) Kat:3, Licht: 0","152554","3","2","4","06","12","6","","0","1","1","0","0"
"POINT (10.006885570000065 53.630275831000063)","Unfall 152555 (2024) Kat:2, Licht: 0","152555","2","1","8","06","11","6","","0","0","1","0","0"
"POINT (10.023220316000049 53.584557700000062)","Unfall 152556 (2024) Kat:3, Licht: 0","152556","3","3","5","06","12","6","","0","1","1","0","0"
"POINT (9.900842931000057 53.609935148000034)","Unfall 152557 (2024) Kat:2, Licht: 0","152557","2","7","3","06","16","6","","0","0","1","0","1"
"POINT (9.798419738000064 53.561541684000076)","Unfall 152558 (2024) Kat:3, Licht: 0","152558","3","7","0","06","21","6","","0","1","0","0","0"
"POINT (9.897780046000037 53.573774814000046)","Unfall 152559 (2024) Kat:3, Licht: 0","152559","3","1","0","06","19","6","","0","0","0","0","1"
"POINT (9.912115412000048 53.633168824000052)","Unfall 152560 (2024) Kat:3, Licht: 0","152560","3","1","0","06","20","6","","0","1","0","0","0"
"POINT (9.921535696000035 53.637979061000067)","Unfall 152561 (2024) Kat:3, Licht: 0","152561","3","7","0","06","14","6","","0","1","0","0","0"
"POINT (9.951415326000074 53.603734807000080)","Unfall 152562 (2024) Kat:3, Licht: 0","152562","3","7","0","06","16","6","","0","1","0","0","0"
"POINT (9.973306181000055 53.612679792000051)","Unfall 152563 (2024) Kat:3, Licht: 2","152563","3","2","3","06","23","6","","2","0","1","0","1"
"POINT (9.950520589000064 53.569802958000082)","Unfall 152564 (2024) Kat:3, Licht: 0","152564","3","7","0","06","08","6","","0","1","0","0","0"
"POINT (9.951531543000044 53.566477090000035)","Unfall 152565 (2024) Kat:3, Licht: 0","152565","3","7","0","06","15","6","","0","0","0","0","0"
"POINT (9.980264530000056 53.568036073000030)","Unfall 152566 (2024) Kat:3, Licht: 1","152566","3","7","6","06","20","6","","1","0","1","1","0"
"POINT (9.957809082000040 53.562685504000058)","Unfall 152567 (2024) Kat:3, Licht: 0","152567","3","2","6","06","18","6","","0","0","1","1","0"
"POINT (10.024229751000064 53.535433618000070)","Unfall 152568 (2024) Kat:3, Licht: 0","152568","3","7","0","06","20","6","","0","1","0","0","0"
"POINT (9.989935077000041 53.488777100000050)","Unfall 152569 (2024) Kat:3, Licht: 0","152569","3","5","5","06","16","5","","0","0","1","0","0"
"POINT (10.209513654000034 53.513015194000047)","Unfall 152570 (2024) Kat:3, Licht: 0","152570","3","6","2","06","08","5","","0","0","1","0","0"
"POINT (10.210474742000031 53.509018640000079)","Unfall 152571 (2024) Kat:3, Licht: 0","152571","3","2","3","06","07","5","","0","0","1","0","0"
"POINT (10.100117481000041 53.539570487000049)","Unfall 152572 (2024) Kat:3, Licht: 0","152572","3","3","5","06","07","5","","0","0","1","0","1"
"POINT (10.031373278000046 53.557221519000052)","Unfall 152573 (2024) Kat:3, Licht: 1","152573","3","6","3","06","17","5","","1","0","1","0","0"
"POINT (10.061460431000057 53.560355472000026)","Unfall 152574 (2024) Kat:3, Licht: 0","152574","3","2","5","06","10","5","","0","0","1","0","0"
"POINT (10.046240888000057 53.562762767000038)","Unfall 152575 (2024) Kat:3, Licht: 0","152575","3","2","5","06","19","5","","0","1","1","0","0"
"POINT (10.102161508000052 53.580326903000071)","Unfall 152576 (2024) Kat:3, Licht: 0","152576","3","6","3","06","18","5","","0","0","1","0","0"
"POINT (10.043202957000062 53.607643676000066)","Unfall 152577 (2024) Kat:3, Licht: 0","152577","3","2","5","06","13","5","","0","0","1","0","0"
"POINT (10.057129690000068 53.607552688000055)","Unfall 152578 (2024) Kat:3, Licht: 0","152578","3","6","3","06","12","5","","0","1","0","0","0"
"POINT (10.089368094000065 53.631923240000049)","Unfall 152579 (2024) Kat:3, Licht: 0","152579","3","7","0","06","15","5","","0","1","0","0","0"
"POINT (9.994213972000068 53.597874846000082)","Unfall 152580 (2024) Kat:3, Licht: 0","152580","3","7","0","06","09","5","","0","1","1","0","0"
"POINT (10.047069534000059 53.564109212000062)","Unfall 152581 (2024) Kat:3, Licht: 0","152581","3","7","0","06","17","5","","0","1","0","0","0"
"POINT (9.846547954000073 53.572444782000048)","Unfall 152582 (2024) Kat:3, Licht: 0","152582","3","2","3","06","14","5","","0","1","1","0","0"
"POINT (9.763159898000026 53.570422995000058)","Unfall 152583 (2024) Kat:3, Licht: 0","152583","3","6","0","06","20","5","","0","0","1","0","0"
"POINT (9.866404943000020 53.568577282000035)","Unfall 152584 (2024) Kat:3, Licht: 0","152584","3","6","2","06","15","5","","0","0","0","0","0"
"POINT (9.915478514000029 53.623724684000081)","Unfall 152585 (2024) Kat:3, Licht: 0","152585","3","5","5","06","17","5","","0","0","1","0","0"
"POINT (10.072553118000030 53.597507770000050)","Unfall 152586 (2024) Kat:3, Licht: 0","152586","3","2","3","07","21","6","","0","1","1","0","0"
"POINT (9.915841604000036 53.642639376000034)","Unfall 152587 (2024) Kat:3, Licht: 0","152587","3","2","5","06","15","5","","0","0","1","0","0"
"POINT (9.965723411000056 53.603560661000074)","Unfall 152588 (2024) Kat:3, Licht: 0","152588","3","6","3","06","17","5","","0","0","1","0","0"
"POINT (9.928619663000063 53.558774367000069)","Unfall 152589 (2024) Kat:3, Licht: 0","152589","3","5","1","06","12","5","","0","0","0","1","0"
"POINT (9.936894601000063 53.556052954000052)","Unfall 152590 (2024) Kat:3, Licht: 0","152590","3","4","6","06","08","5","","0","1","0","1","0"
"POINT (9.955620723000038 53.551724679000074)","Unfall 152591 (2024) Kat:3, Licht: 0","152591","3","2","5","06","10","5","","0","0","1","0","0"
"POINT (9.989692955000066 53.582032212000058)","Unfall 152592 (2024) Kat:3, Licht: 0","152592","3","1","0","06","19","5","","0","0","0","0","0"
"POINT (9.993903104000026 53.558777052000039)","Unfall 152593 (2024) Kat:3, Licht: 0","152593","3","6","2","06","19","5","","0","0","1","0","0"
"POINT (9.994012812000051 53.558698596000056)","Unfall 152594 (2024) Kat:3, Licht: 0","152594","3","3","5","06","19","5","","0","0","1","0","0"
"POINT (10.177488288000063 53.588827599000069)","Unfall 152595 (2024) Kat:3, Licht: 0","152595","3","4","6","06","13","4","","0","0","1","1","0"
"POINT (10.070068190000029 53.573616116000039)","Unfall 152596 (2024) Kat:3, Licht: 0","152596","3","4","6","06","16","4","","0","0","0","1","0"
"POINT (10.098914048000040 53.588991705000069)","Unfall 152597 (2024) Kat:3, Licht: 0","152597","3","3","5","06","20","4","","0","0","1","0","0"
"POINT (10.027417109000055 53.661102950000043)","Unfall 152598 (2024) Kat:3, Licht: 0","152598","3","5","5","06","18","4","","0","0","1","0","0"
"POINT (10.031001847000027 53.631438210000056)","Unfall 152599 (2024) Kat:3, Licht: 0","152599","3","7","0","06","11","4","","0","1","0","0","0"
"POINT (10.016752901000075 53.565896298000041)","Unfall 152600 (2024) Kat:3, Licht: 0","152600","3","2","3","06","20","4","","0","1","0","0","0"