WKT,Name,OBJECTID,UKATEGORIE,UTYP1,UART,UMONAT,USTUNDE,UWOCHENTAG,STRZUSTAND,ULICHTVERH,ISTRAD,ISTPKW,ISTFUSS,ISTKRAD
"POINT (10.044868595000025 53.596988052000029)","Unfall 152601 (2024) Kat:3, Licht: 0","152601","3","3","5","06","15","4","","0","1","0","0","1"
"POINT (9.897445981000033 53.610431597000058)","Unfall 152602 (2024) Kat:3, Licht: 0","152602","3","7","0","06","05","4","","0","1","0","0","0"
"POINT (9.913100732000032 53.602028023000059)","Unfall 152603 (2024) Kat:3, Licht: 0","152603","3","6","0","06","18","4","","0","0","1","0","0"
"POINT (9.948443926000039 53.573814134000031)","Unfall 152604 (2024) Kat:3, Licht: 2","152604","3","6","6","06","23","4","","2","1","0","1","0"
"POINT (9.962072184000021 53.561822047000078)","Unfall 152605 (2024) Kat:3, Licht: 0","152605","3","2","3","06","13","4","","0","0","0","0","1"
"POINT (9.960828022000044 53.556580163000035)","Unfall 152606 (2024) Kat:3, Licht: 0","152606","3","3","5","06","18","4","","0","1","0","0","0"
"POINT (9.986809557000072 53.547870009000064)","Unfall 152607 (2024) Kat:3, Licht: 0","152607","3","2","0","06","15","4","","0","1","1","0","0"
"POINT (9.998405753000043 53.546793508000064)","Unfall 152608 (2024) Kat:3, Licht: 0","152608","3","6","2","06","19","4","","0","0","1","0","1"
"POINT (10.224019467000062 53.485030007000034)","Unfall 152609 (2024) Kat:3, Licht: 0","152609","3","5","1","06","19","3","","0","1","1","0","0"
"POINT (10.205421025000021 53.485021009000036)","Unfall 152610 (2024) Kat:3, Licht: 0","152610","3","6","2","06","14","3","","0","0","1","0","0"
"POINT (10.078608590000044 53.497586275000060)","Unfall 152611 (2024) Kat:3, Licht: 1","152611","3","6","2","06","20","3","","1","1","0","0","0"
"POINT (10.099023836000072 53.611720678000040)","Unfall 152612 (2024) Kat:3, Licht: 0","152612","3","2","3","06","15","3","","0","1","0","0","0"
"POINT (10.134933816000057 53.574355017000073)","Unfall 152613 (2024) Kat:3, Licht: 0","152613","3","4","6","06","07","3","","0","0","1","1","0"
"POINT (10.143597174000035 53.632514073000038)","Unfall 152614 (2024) Kat:3, Licht: 0","152614","3","7","0","06","17","3","","0","1","0","0","0"
"POINT (10.032281846000046 53.592568070000027)","Unfall 152615 (2024) Kat:3, Licht: 0","152615","3","7","9","06","16","3","","0","1","0","0","0"
"POINT (10.016405708000036 53.561995020000040)","Unfall 152616 (2024) Kat:3, Licht: 0","152616","3","7","0","06","07","3","","0","1","0","0","0"
"POINT (9.884683449000022 53.580342047000045)","Unfall 152617 (2024) Kat:3, Licht: 0","152617","3","2","5","06","16","3","","0","1","1","0","0"
"POINT (9.874515012000074 53.587647404000052)","Unfall 152618 (2024) Kat:3, Licht: 0","152618","3","5","5","06","14","3","","0","1","1","0","0"
"POINT (9.881162404000065 53.553130120000048)","Unfall 152619 (2024) Kat:3, Licht: 0","152619","3","4","6","06","08","3","","0","1","0","1","0"
"POINT (9.898424030000058 53.553404769000053)","Unfall 152620 (2024) Kat:3, Licht: 0","152620","3","3","5","06","19","3","","0","1","1","0","0"
"POINT (9.923960791000070 53.567700716000047)","Unfall 152621 (2024) Kat:3, Licht: 0","152621","3","7","0","06","09","3","","0","1","0","0","0"
"POINT (9.947223735000023 53.578134257000045)","Unfall 152622 (2024) Kat:3, Licht: 0","152622","3","7","0","06","17","3","","0","1","1","0","0"
"POINT (9.947700332000068 53.590674990000082)","Unfall 152623 (2024) Kat:3, Licht: 0","152623","3","7","3","06","12","3","","0","1","0","0","0"
"POINT (9.945596513000055 53.603604135000069)","Unfall 152624 (2024) Kat:3, Licht: 0","152624","3","4","6","06","08","3","","0","0","1","1","0"
"POINT (9.918017181000039 53.552396351000027)","Unfall 152625 (2024) Kat:3, Licht: 0","152625","3","2","3","06","20","3","","0","1","1","0","0"
"POINT (9.969456276000074 53.546108525000079)","Unfall 152626 (2024) Kat:3, Licht: 0","152626","3","2","5","06","18","3","","0","1","1","0","0"
"POINT (9.787169239000036 53.506277602000068)","Unfall 152627 (2024) Kat:1, Licht: 0","152627","1","1","4","06","19","2","","0","0","1","0","1"
"POINT (10.128915135000057 53.536898634000067)","Unfall 152628 (2024) Kat:3, Licht: 0","152628","3","3","5","06","14","2","","0","0","1","0","0"
"POINT (10.146023976000038 53.591635596000060)","Unfall 152629 (2024) Kat:3, Licht: 0","152629","3","3","5","06","07","2","","0","1","1","0","0"
"POINT (10.129974891000074 53.571080485000039)","Unfall 152630 (2024) Kat:3, Licht: 0","152630","3","3","5","06","17","2","","0","0","1","0","0"
"POINT (10.103052121000076 53.607820014000026)","Unfall 152631 (2024) Kat:3, Licht: 0","152631","3","3","5","06","09","2","","0","1","1","0","0"
"POINT (10.111064908000060 53.623390822000033)","Unfall 152632 (2024) Kat:3, Licht: 0","152632","3","7","8","06","14","2","","0","0","1","0","0"
"POINT (10.005249509000066 53.614307612000061)","Unfall 152633 (2024) Kat:3, Licht: 2","152633","3","2","3","06","01","2","","2","0","1","0","1"
"POINT (10.003199748000043 53.662469714000054)","Unfall 152634 (2024) Kat:3, Licht: 0","152634","3","2","4","06","06","2","","0","0","1","0","0"
"POINT (10.017012588000057 53.564137855000070)","Unfall 152635 (2024) Kat:3, Licht: 0","152635","3","3","5","06","21","2","","0","0","1","0","1"
"POINT (10.053055491000066 53.573604681000063)","Unfall 152636 (2024) Kat:3, Licht: 0","152636","3","5","3","06","15","2","","0","1","0","0","0"
"POINT (10.020075363000046 53.565803980000055)","Unfall 152637 (2024) Kat:3, Licht: 0","152637","3","6","2","06","08","2","","0","0","1","0","0"
"POINT (10.018832022000026 53.564987674000065)","Unfall 152638 (2024) Kat:3, Licht: 0","152638","3","7","4","06","15","2","","0","0","1","0","0"
"POINT (9.890164214000038 53.609787150000045)","Unfall 152639 (2024) Kat:3, Licht: 0","152639","3","7","6","06","16","2","","0","0","0","1","0"
"POINT (10.096263735000036 53.675457201000029)","Unfall 152640 (2024) Kat:3, Licht: 0","152640","3","3","5","06","16","6","","0","1","1","0","0"
"POINT (9.865260184000022 53.559348719000070)","Unfall 152641 (2024) Kat:3, Licht: 0","152641","3","1","0","06","14","2","","0","0","1","0","0"
"POINT (9.899815938000074 53.631395384000029)","Unfall 152642 (2024) Kat:3, Licht: 0","152642","3","4","6","06","13","2","","0","0","1","1","0"
"POINT (9.931052199000021 53.556919107000056)","Unfall 152643 (2024) Kat:3, Licht: 0","152643","3","5","1","06","18","2","","0","1","1","0","0"
"POINT (9.921144526000035 53.544299097000078)","Unfall 152644 (2024) Kat:2, Licht: 0","152644","2","7","0","06","16","2","","0","1","0","0","0"
"POINT (9.926323848000038 53.553200019000030)","Unfall 152645 (2024) Kat:3, Licht: 0","152645","3","2","6","06","13","2","","0","0","0","1","0"
"POINT (10.019150407000041 53.536085561000050)","Unfall 152646 (2024) Kat:3, Licht: 2","152646","3","7","6","06","23","2","","2","0","1","1","0"
"POINT (9.969408451000049 53.546018018000041)","Unfall 152647 (2024) Kat:3, Licht: 0","152647","3","1","0","06","19","2","","0","0","0","0","1"
"POINT (9.795538889000056 53.514722693000067)","Unfall 152648 (2024) Kat:3, Licht: 0","152648","3","7","0","06","16","1","","0","1","0","0","0"
"POINT (10.024852146000057 53.471052811000050)","Unfall 152649 (2024) Kat:3, Licht: 0","152649","3","4","6","06","15","1","","0","0","0","1","1"
"POINT (10.021153168000069 53.510543990000031)","Unfall 152650 (2024) Kat:3, Licht: 0","152650","3","7","0","06","10","1","","0","1","0","0","0"
"POINT (10.232653231000029 53.479263889000038)","Unfall 152651 (2024) Kat:3, Licht: 0","152651","3","3","5","06","17","1","","0","0","1","0","1"
"POINT (10.136396718000071 53.534437877000073)","Unfall 152652 (2024) Kat:3, Licht: 0","152652","3","7","0","06","18","1","","0","0","1","0","0"
"POINT (10.126165340000057 53.589127385000040)","Unfall 152653 (2024) Kat:3, Licht: 0","152653","3","4","6","06","15","1","","0","1","0","1","0"
"POINT (10.083093981000047 53.581432862000042)","Unfall 152654 (2024) Kat:3, Licht: 0","152654","3","2","5","07","16","5","","0","1","1","0","0"
"POINT (10.050779571000021 53.612561022000079)","Unfall 152655 (2024) Kat:3, Licht: 0","152655","3","3","5","06","18","1","","0","0","1","0","0"
"POINT (9.971989970000038 53.553084429000080)","Unfall 152656 (2024) Kat:3, Licht: 0","152656","3","5","1","06","16","5","","0","1","1","0","0"
"POINT (10.015881748000027 53.589324099000066)","Unfall 152657 (2024) Kat:3, Licht: 0","152657","3","7","0","06","12","1","","0","1","0","0","0"
"POINT (9.892145985000070 53.624921586000028)","Unfall 152658 (2024) Kat:3, Licht: 2","152658","3","1","0","06","03","1","","2","1","0","0","0"
"POINT (9.951100031000067 53.629124626000078)","Unfall 152659 (2024) Kat:3, Licht: 0","152659","3","2","5","06","13","1","","0","1","1","0","0"
"POINT (10.005421230000024 53.548147028000074)","Unfall 152660 (2024) Kat:3, Licht: 0","152660","3","1","0","06","16","1","","0","0","0","0","1"
"POINT (9.982113005000031 53.450256783000043)","Unfall 152661 (2024) Kat:2, Licht: 0","152661","2","1","8","06","06","7","","0","0","1","0","0"
"POINT (10.063221433000024 53.560023190000038)","Unfall 152662 (2024) Kat:2, Licht: 0","152662","2","7","1","06","09","7","","0","0","1","0","0"
"POINT (10.017865466000046 53.549144480000052)","Unfall 152663 (2024) Kat:1, Licht: 0","152663","1","2","3","06","21","7","","0","0","1","0","1"
"POINT (10.018965242000036 53.547749727000053)","Unfall 152664 (2024) Kat:3, Licht: 0","152664","3","7","2","06","18","7","","0","0","1","0","1"
"POINT (10.080518858000062 53.619017041000063)","Unfall 152665 (2024) Kat:3, Licht: 2","152665","3","2","5","06","00","7","","2","0","1","0","0"
"POINT (10.041045732000043 53.600867025000070)","Unfall 152666 (2024) Kat:3, Licht: 0","152666","3","5","1","06","14","7","","0","0","1","0","1"
"POINT (10.015721357000075 53.650494109000078)","Unfall 152667 (2024) Kat:3, Licht: 0","152667","3","7","6","06","17","7","","0","0","1","1","0"
"POINT (9.796452012000032 53.587913077000053)","Unfall 152668 (2024) Kat:3, Licht: 0","152668","3","7","0","06","14","7","","0","1","0","0","0"
"POINT (9.821899081000026 53.565228586000046)","Unfall 152669 (2024) Kat:2, Licht: 0","152669","2","3","5","06","19","7","","0","1","1","0","0"
"POINT (9.805503879000071 53.556737062000082)","Unfall 152670 (2024) Kat:3, Licht: 0","152670","3","7","0","06","11","7","","0","1","0","0","0"
"POINT (9.952124663000063 53.554772862000050)","Unfall 152671 (2024) Kat:3, Licht: 2","152671","3","7","0","06","02","7","","2","0","0","0","0"
"POINT (9.988421722000055 53.568686096000079)","Unfall 152672 (2024) Kat:3, Licht: 0","152672","3","2","4","06","18","7","","0","0","1","0","0"
"POINT (9.963041442000076 53.546498937000081)","Unfall 152673 (2024) Kat:3, Licht: 0","152673","3","3","6","06","14","7","","0","1","0","1","0"
"POINT (9.822898709000071 53.581014228000072)","Unfall 152674 (2024) Kat:3, Licht: 0","152674","3","3","5","06","13","7","","0","0","1","0","0"
"POINT (10.023286999000049 53.537791943000059)","Unfall 152675 (2024) Kat:2, Licht: 0","152675","2","7","8","06","14","7","","0","0","0","0","1"
"POINT (10.005180543000051 53.557886931000041)","Unfall 152676 (2024) Kat:3, Licht: 2","152676","3","6","2","06","02","7","","2","0","1","0","0"
"POINT (9.780769364000037 53.519285945000036)","Unfall 152677 (2024) Kat:3, Licht: 0","152677","3","6","2","06","14","6","","0","0","1","0","1"
"POINT (9.927168276000032 53.630165116000057)","Unfall 152678 (2024) Kat:3, Licht: 0","152678","3","5","5","07","13","7","","0","0","1","0","1"
"POINT (9.833231154000032 53.472673797000027)","Unfall 152679 (2024) Kat:3, Licht: 2","152679","3","7","0","06","02","6","","2","0","0","0","0"
"POINT (9.866267281000034 53.484556862000034)","Unfall 152680 (2024) Kat:3, Licht: 0","152680","3","7","6","06","14","6","","0","0","1","1","0"
"POINT (9.936367932000053 53.449839339000050)","Unfall 152681 (2024) Kat:3, Licht: 0","152681","3","7","0","06","14","6","","0","1","0","0","0"
"POINT (10.133581353000068 53.498425583000028)","Unfall 152682 (2024) Kat:3, Licht: 0","152682","3","4","6","06","07","6","","0","1","0","1","0"
"POINT (10.095436527000061 53.588185411000040)","Unfall 152683 (2024) Kat:3, Licht: 0","152683","3","3","5","06","20","6","","0","0","1","0","0"
"POINT (10.066030042000023 53.602464088000033)","Unfall 152684 (2024) Kat:3, Licht: 0","152684","3","5","5","06","10","6","","0","1","1","0","0"
"POINT (10.128071943000066 53.653842170000075)","Unfall 152685 (2024) Kat:3, Licht: 0","152685","3","5","1","06","09","6","","0","0","1","0","0"
"POINT (9.890734311000074 53.594676901000071)","Unfall 152686 (2024) Kat:3, Licht: 0","152686","3","7","6","06","07","6","","0","0","1","1","0"
"POINT (9.977935559000059 53.576311967000038)","Unfall 152687 (2024) Kat:2, Licht: 2","152687","2","6","4","06","23","6","","2","0","1","0","0"
"POINT (10.004146473000048 53.546680335000076)","Unfall 152688 (2024) Kat:3, Licht: 0","152688","3","4","6","06","17","6","","0","1","0","1","0"
"POINT (9.909965569000065 53.513698855000030)","Unfall 152689 (2024) Kat:3, Licht: 0","152689","3","6","3","06","08","5","","0","0","1","0","0"
"POINT (10.013907406000044 53.560818244000075)","Unfall 152690 (2024) Kat:3, Licht: 0","152690","3","6","4","07","09","5","","0","1","0","0","0"
"POINT (10.069123575000049 53.460803894000037)","Unfall 152691 (2024) Kat:2, Licht: 1","152691","2","1","9","06","21","5","","1","1","0","0","0"
"POINT (10.082669706000047 53.554782381000052)","Unfall 152692 (2024) Kat:2, Licht: 0","152692","2","2","5","06","07","5","","0","1","1","0","0"
"POINT (10.150896410000030 53.523824797000032)","Unfall 152693 (2024) Kat:3, Licht: 0","152693","3","4","6","06","16","5","","0","0","1","1","0"
"POINT (10.067410240000072 53.607066623000037)","Unfall 152694 (2024) Kat:3, Licht: 0","152694","3","1","0","06","18","5","","0","0","0","0","1"
"POINT (10.103750220000052 53.701930156000060)","Unfall 152695 (2024) Kat:3, Licht: 0","152695","3","3","5","06","17","5","","0","0","1","0","0"
"POINT (10.017300652000074 53.582671443000038)","Unfall 152696 (2024) Kat:3, Licht: 1","152696","3","6","2","06","21","5","","1","1","1","0","0"
"POINT (10.041314932000034 53.587200375000066)","Unfall 152697 (2024) Kat:3, Licht: 0","152697","3","2","3","06","09","5","","0","1","1","0","0"
"POINT (10.035608004000039 53.575210858000048)","Unfall 152698 (2024) Kat:3, Licht: 0","152698","3","6","2","06","07","5","","0","0","1","0","0"
"POINT (9.958093593000058 53.565202479000050)","Unfall 152699 (2024) Kat:3, Licht: 0","152699","3","5","3","07","08","5","","0","1","1","0","0"
"POINT (9.968137471000034 53.566699868000057)","Unfall 152700 (2024) Kat:3, Licht: 0","152700","3","5","0","06","12","5","","0","1","1","0","0"
"POINT (9.964347955000051 53.549749475000056)","Unfall 152701 (2024) Kat:3, Licht: 0","152701","3","6","2","06","18","5","","0","0","1","0","0"
"POINT (9.966521622000073 53.551041264000048)","Unfall 152702 (2024) Kat:3, Licht: 1","152702","3","4","6","06","22","5","","1","1","0","1","0"
"POINT (9.983534539000061 53.553159587000039)","Unfall 152703 (2024) Kat:3, Licht: 0","152703","3","3","0","06","08","5","","0","1","0","0","0"
"POINT (9.973635952000052 53.459954010000047)","Unfall 152704 (2024) Kat:3, Licht: 1","152704","3","7","0","06","05","4","","1","1","0","0","0"
"POINT (9.996391431000063 53.477492286000029)","Unfall 152705 (2024) Kat:3, Licht: 0","152705","3","6","4","06","16","4","","0","1","0","0","0"
"POINT (10.191339355000025 53.512553692000040)","Unfall 152706 (2024) Kat:3, Licht: 0","152706","3","7","1","06","09","4","","0","0","1","0","0"
"POINT (10.139714742000024 53.542199732000029)","Unfall 152707 (2024) Kat:3, Licht: 0","152707","3","7","0","06","20","4","","0","1","0","0","0"
"POINT (10.083526283000026 53.546153187000073)","Unfall 152708 (2024) Kat:3, Licht: 0","152708","3","3","5","06","15","4","","0","1","1","0","0"
"POINT (10.165413538000053 53.605698507000056)","Unfall 152709 (2024) Kat:2, Licht: 0","152709","2","7","0","06","17","4","","0","0","0","0","0"
"POINT (10.166350359000035 53.651871930000027)","Unfall 152710 (2024) Kat:3, Licht: 0","152710","3","3","5","06","20","4","","0","1","1","0","0"
"POINT (10.081569226000056 53.660615602000064)","Unfall 152711 (2024) Kat:3, Licht: 0","152711","3","3","5","06","17","4","","0","0","1","0","0"
"POINT (10.002674285000069 53.587227530000064)","Unfall 152712 (2024) Kat:3, Licht: 0","152712","3","2","3","06","12","4","","0","1","0","0","0"
"POINT (9.997973011000056 53.584617313000081)","Unfall 152713 (2024) Kat:3, Licht: 0","152713","3","7","1","06","08","4","","0","1","1","0","0"
"POINT (9.876224392000040 53.588291773000037)","Unfall 152714 (2024) Kat:3, Licht: 2","152714","3","1","0","06","23","4","","2","0","1","0","0"
"POINT (9.906627661000073 53.565917512000055)","Unfall 152715 (2024) Kat:3, Licht: 0","152715","3","2","6","06","15","4","","0","0","1","1","0"
"POINT (9.901016697000045 53.569757713000058)","Unfall 152716 (2024) Kat:3, Licht: 0","152716","3","2","5","06","18","4","","0","1","1","0","0"
"POINT (9.898634341000047 53.625200673000052)","Unfall 152717 (2024) Kat:3, Licht: 0","152717","3","6","4","06","08","4","","0","1","0","0","0"
"POINT (9.964858718000073 53.574357729000042)","Unfall 152718 (2024) Kat:3, Licht: 0","152718","3","1","0","06","18","4","","0","1","0","0","0"
"POINT (9.961805819000062 53.573727639000026)","Unfall 152719 (2024) Kat:3, Licht: 0","152719","3","6","3","06","07","4","","0","1","0","0","0"
"POINT (9.973283237000032 53.583892040000080)","Unfall 152720 (2024) Kat:3, Licht: 0","152720","3","7","0","06","12","4","","0","1","0","0","0"
"POINT (9.932769155000074 53.544680753000080)","Unfall 152721 (2024) Kat:3, Licht: 0","152721","3","7","0","06","18","4","","0","1","0","0","0"
"POINT (9.947438346000069 53.561309745000074)","Unfall 152722 (2024) Kat:3, Licht: 0","152722","3","7","0","06","09","4","","0","1","0","0","0"
"POINT (9.994122647000040 53.558370576000073)","Unfall 152723 (2024) Kat:3, Licht: 0","152723","3","6","3","06","20","4","","0","0","1","0","0"
"POINT (9.997695898000075 53.550367465000079)","Unfall 152724 (2024) Kat:3, Licht: 0","152724","3","1","0","06","08","4","","0","1","0","0","0"
"POINT (10.016811776000054 53.527501360000031)","Unfall 152725 (2024) Kat:3, Licht: 0","152725","3","7","3","06","09","4","","0","0","1","0","0"
"POINT (10.004836798000042 53.453637365000077)","Unfall 152726 (2024) Kat:3, Licht: 0","152726","3","6","2","06","11","3","","0","0","1","0","1"
"POINT (10.002594326000064 53.454507419000038)","Unfall 152727 (2024) Kat:3, Licht: 0","152727","3","7","6","06","06","3","","0","0","0","1","0"
"POINT (10.020684400000050 53.515089929000055)","Unfall 152728 (2024) Kat:3, Licht: 0","152728","3","6","3","06","16","3","","0","0","1","0","0"
"POINT (10.037834723000060 53.558981790000075)","Unfall 152729 (2024) Kat:3, Licht: 0","152729","3","6","2","06","18","3","","0","0","1","0","0"
"POINT (10.061675934000050 53.560217534000060)","Unfall 152730 (2024) Kat:3, Licht: 0","152730","3","4","6","06","15","3","","0","0","1","1","0"
"POINT (10.084322006000036 53.588177591000033)","Unfall 152731 (2024) Kat:3, Licht: 0","152731","3","5","1","07","17","2","","0","1","1","0","0"
"POINT (10.168882277000023 53.593669863000059)","Unfall 152732 (2024) Kat:3, Licht: 0","152732","3","5","1","06","15","3","","0","0","1","0","0"
"POINT (10.150451525000051 53.628344414000082)","Unfall 152733 (2024) Kat:2, Licht: 0","152733","2","4","6","06","08","3","","0","0","1","1","0"
"POINT (10.067739966000033 53.570425247000060)","Unfall 152734 (2024) Kat:3, Licht: 0","152734","3","6","2","06","17","3","","0","0","1","0","0"
"POINT (10.071334752000041 53.571856939000043)","Unfall 152735 (2024) Kat:3, Licht: 0","152735","3","6","3","06","17","3","","0","0","1","0","1"
"POINT (10.076623770000026 53.611870785000065)","Unfall 152736 (2024) Kat:3, Licht: 0","152736","3","7","6","06","11","3","","0","0","0","1","0"
"POINT (10.054753869000024 53.599869730000080)","Unfall 152737 (2024) Kat:3, Licht: 0","152737","3","4","6","06","07","3","","0","0","1","1","0"
"POINT (10.160128254000028 53.646416796000040)","Unfall 152738 (2024) Kat:3, Licht: 0","152738","3","3","0","06","10","3","","0","0","1","0","1"
"POINT (9.962725013000068 53.470490153000071)","Unfall 152739 (2024) Kat:3, Licht: 0","152739","3","7","0","07","20","6","","0","0","0","0","0"
"POINT (9.981077452000022 53.571359805000043)","Unfall 152740 (2024) Kat:3, Licht: 0","152740","3","7","0","06","15","5","","0","1","0","0","0"
"POINT (10.019011787000068 53.649511049000068)","Unfall 152741 (2024) Kat:3, Licht: 0","152741","3","3","5","06","16","3","","0","1","0","0","0"
"POINT (9.967596616000037 53.636105029000078)","Unfall 152742 (2024) Kat:3, Licht: 0","152742","3","6","4","06","13","7","","0","0","0","0","0"
"POINT (10.026685580000049 53.626569284000027)","Unfall 152743 (2024) Kat:3, Licht: 0","152743","3","6","3","06","18","3","","0","0","0","0","1"
"POINT (9.953080159000024 53.566264735000061)","Unfall 152744 (2024) Kat:3, Licht: 0","152744","3","7","0","07","12","2","","0","1","0","0","0"
"POINT (10.012626569000076 53.646224495000070)","Unfall 152745 (2024) Kat:3, Licht: 0","152745","3","2","4","06","08","3","","0","1","1","0","0"
"POINT (9.999494991000063 53.591935952000028)","Unfall 152746 (2024) Kat:3, Licht: 0","152746","3","3","5","06","07","3","","0","1","1","0","0"
"POINT (10.054612649000035 53.592025259000081)","Unfall 152747 (2024) Kat:3, Licht: 0","152747","3","6","2","06","16","3","","0","0","1","0","0"
"POINT (9.853201952000063 53.579548309000074)","Unfall 152748 (2024) Kat:3, Licht: 0","152748","3","2","3","06","18","3","","0","1","1","0","0"
"POINT (9.756377092000037 53.580907613000079)","Unfall 152749 (2024) Kat:3, Licht: 0","152749","3","7","5","06","16","3","","0","0","1","0","0"
"POINT (10.038147704000039 53.609252608000077)","Unfall 152750 (2024) Kat:3, Licht: 2","152750","3","4","6","06","02","1","","2","0","1","1","0"
"POINT (9.939101387000051 53.580476026000042)","Unfall 152751 (2024) Kat:3, Licht: 0","152751","3","6","3","06","09","3","","0","1","1","0","0"
"POINT (9.938277309000057 53.552221700000075)","Unfall 152752 (2024) Kat:3, Licht: 0","152752","3","5","5","06","11","3","","0","0","1","0","0"
"POINT (9.997482550000029 53.544120789000033)","Unfall 152753 (2024) Kat:3, Licht: 0","152753","3","2","5","06","13","3","","0","1","1","0","0"
"POINT (10.000255718000062 53.549996947000068)","Unfall 152754 (2024) Kat:3, Licht: 0","152754","3","2","0","06","09","3","","0","0","1","0","0"
"POINT (10.013239726000052 53.552451282000050)","Unfall 152755 (2024) Kat:3, Licht: 0","152755","3","3","0","06","17","3","","0","0","1","0","1"
"POINT (9.981311974000050 53.460575808000044)","Unfall 152756 (2024) Kat:3, Licht: 0","152756","3","5","3","06","16","2","","0","1","1","0","0"
"POINT (10.027989631000025 53.517712348000032)","Unfall 152757 (2024) Kat:2, Licht: 0","152757","2","1","3","06","19","2","","0","0","1","0","1"
"POINT (10.089730913000039 53.553983253000069)","Unfall 152758 (2024) Kat:3, Licht: 0","152758","3","6","2","06","14","2","","0","0","1","0","0"
"POINT (10.098346302000039 53.536046613000053)","Unfall 152759 (2024) Kat:3, Licht: 0","152759","3","2","3","06","05","2","","0","1","1","0","0"
"POINT (10.059331098000030 53.546918346000041)","Unfall 152760 (2024) Kat:3, Licht: 0","152760","3","7","0","06","11","2","","0","1","0","0","0"
"POINT (10.169600987000024 53.625410553000052)","Unfall 152761 (2024) Kat:2, Licht: 2","152761","2","3","5","06","23","2","","2","0","1","0","1"
"POINT (10.163522899000043 53.649309211000059)","Unfall 152762 (2024) Kat:3, Licht: 0","152762","3","7","0","06","09","2","","0","1","0","0","0"
"POINT (9.999293834000071 53.648294950000036)","Unfall 152763 (2024) Kat:2, Licht: 0","152763","2","3","5","06","07","2","","0","0","1","0","1"
"POINT (10.013122516000067 53.644209604000082)","Unfall 152764 (2024) Kat:3, Licht: 2","152764","3","1","8","06","00","2","","2","0","1","0","0"
"POINT (10.051287675000026 53.578960030000076)","Unfall 152765 (2024) Kat:3, Licht: 0","152765","3","3","5","06","10","2","","0","1","0","0","0"
"POINT (10.057038503000058 53.575822003000042)","Unfall 152766 (2024) Kat:3, Licht: 0","152766","3","2","3","06","06","2","","0","1","0","0","0"
"POINT (9.907088778000059 53.606462893000071)","Unfall 152767 (2024) Kat:3, Licht: 0","152767","3","3","5","06","10","2","","0","1","1","0","0"
"POINT (9.787579638000068 53.560284722000063)","Unfall 152768 (2024) Kat:3, Licht: 1","152768","3","7","0","06","22","2","","1","0","0","0","0"
"POINT (10.037758599000028 53.648603398000034)","Unfall 152769 (2024) Kat:2, Licht: 0","152769","2","2","4","06","08","5","","0","1","1","0","0"
"POINT (9.929292941000028 53.567504931000030)","Unfall 152770 (2024) Kat:2, Licht: 0","152770","2","3","5","06","16","2","","0","0","1","0","1"
"POINT (9.985477129000060 53.590290589000062)","Unfall 152771 (2024) Kat:3, Licht: 0","152771","3","5","1","06","18","2","","0","1","1","0","0"
"POINT (9.982617789000074 53.587594961000036)","Unfall 152772 (2024) Kat:3, Licht: 0","152772","3","3","5","06","09","2","","0","1","1","0","0"
"POINT (9.936727906000044 53.567763932000048)","Unfall 152773 (2024) Kat:3, Licht: 0","152773","3","7","6","06","15","2","","0","0","0","1","0"
"POINT (9.961955804000070 53.549446047000060)","Unfall 152774 (2024) Kat:3, Licht: 0","152774","3","6","2","06","09","2","","0","0","1","0","0"
"POINT (10.009518086000071 53.555265693000081)","Unfall 152775 (2024) Kat:3, Licht: 0","152775","3","6","2","06","10","2","","0","1","1","0","0"
"POINT (10.011735628000054 53.553366039000082)","Unfall 152776 (2024) Kat:3, Licht: 2","152776","3","1","0","06","01","2","","2","0","0","0","0"
"POINT (9.985978046000071 53.526968686000032)","Unfall 152777 (2024) Kat:1, Licht: 0","152777","1","2","3","06","07","2","","0","1","0","0","0"
"POINT (10.080639440000027 53.502264589000049)","Unfall 152778 (2024) Kat:3, Licht: 0","152778","3","5","5","06","16","1","","0","0","1","0","1"
"POINT (10.207815450000055 53.490892358000053)","Unfall 152779 (2024) Kat:3, Licht: 0","152779","3","7","6","06","09","1","","0","0","0","1","0"
"POINT (10.185832598000047 53.648864622000076)","Unfall 152780 (2024) Kat:3, Licht: 0","152780","3","3","5","06","15","1","","0","0","1","0","0"
"POINT (10.057321909000052 53.565625555000054)","Unfall 152781 (2024) Kat:3, Licht: 0","152781","3","6","2","06","16","1","","0","0","1","0","0"
"POINT (9.922185978000073 53.546172097000067)","Unfall 152782 (2024) Kat:2, Licht: 2","152782","2","7","0","06","00","1","","2","1","0","0","0"
"POINT (10.007384246000072 53.554930902000081)","Unfall 152783 (2024) Kat:3, Licht: 0","152783","3","7","0","06","18","1","","0","0","1","0","0"
"POINT (9.783985411000060 53.501648291000038)","Unfall 152784 (2024) Kat:3, Licht: 0","152784","3","1","9","06","18","7","","0","0","0","0","1"
"POINT (10.097947160000047 53.583245005000038)","Unfall 152785 (2024) Kat:3, Licht: 0","152785","3","3","5","06","16","7","","0","1","1","0","0"
"POINT (10.148254287000043 53.420101717000080)","Unfall 152786 (2024) Kat:2, Licht: 0","152786","2","2","3","06","18","3","","0","0","0","0","0"