WKT,Name,OBJECTID,UKATEGORIE,UTYP1,UART,UMONAT,USTUNDE,UWOCHENTAG,STRZUSTAND,ULICHTVERH,ISTRAD,ISTPKW,ISTFUSS,ISTKRAD
"POINT (9.986099973000023 53.582772626000065)","Unfall 152973 (2024) Kat:2, Licht: 0","152973","2","7","0","06","15","4","","0","1","1","0","0"
"POINT (9.980309862000070 53.567967698000075)","Unfall 152974 (2024) Kat:3, Licht: 0","152974","3","7","6","06","13","4","","0","0","1","1","0"
"POINT (9.991368396000041 53.560923411000033)","Unfall 152975 (2024) Kat:3, Licht: 2","152975","3","3","5","06","01","4","","2","0","1","0","0"
"POINT (9.978017823000073 53.555816721000042)","Unfall 152976 (2024) Kat:3, Licht: 1","152976","3","7","0","06","21","4","","1","0","0","0","0"
"POINT (9.861522793000063 53.462733246000028)","Unfall 152977 (2024) Kat:3, Licht: 0","152977","3","6","4","06","16","3","","0","0","1","0","0"
"POINT (10.093745476000038 53.682840081000052)","Unfall 152978 (2024) Kat:3, Licht: 0","152978","3","7","0","06","14","4","","0","1","0","0","0"
"POINT (9.985358621000046 53.436404171000049)","Unfall 152979 (2024) Kat:3, Licht: 0","152979","3","7","0","06","16","3","","0","1","0","0","0"
"POINT (10.021683201000030 53.530084907000060)","Unfall 152980 (2024) Kat:3, Licht: 0","152980","3","6","2","06","15","3","","0","0","1","0","0"
"POINT (10.083097188000067 53.515079992000040)","Unfall 152981 (2024) Kat:3, Licht: 0","152981","3","5","0","06","08","3","","0","0","0","0","1"
"POINT (10.071121476000030 53.559164159000034)","Unfall 152982 (2024) Kat:3, Licht: 2","152982","3","3","5","06","23","3","","2","0","1","0","0"
"POINT (10.081651874000045 53.558359683000049)","Unfall 152983 (2024) Kat:3, Licht: 0","152983","3","6","2","06","07","3","","0","0","1","0","0"
"POINT (10.115639135000038 53.611730872000066)","Unfall 152984 (2024) Kat:3, Licht: 0","152984","3","3","5","06","07","3","","0","0","1","0","0"
"POINT (10.110429197000030 53.593009133000066)","Unfall 152985 (2024) Kat:3, Licht: 0","152985","3","3","5","06","06","3","","0","1","1","0","0"
"POINT (10.114334694000036 53.607366917000036)","Unfall 152986 (2024) Kat:3, Licht: 1","152986","3","6","2","06","07","3","","1","0","1","0","0"
"POINT (10.092618605000041 53.654450875000066)","Unfall 152987 (2024) Kat:2, Licht: 0","152987","2","7","6","06","11","3","","0","1","0","1","0"
"POINT (9.999963187000048 53.622074057000077)","Unfall 152988 (2024) Kat:3, Licht: 0","152988","3","3","5","06","15","3","","0","0","1","0","1"
"POINT (10.005678398000043 53.648627441000031)","Unfall 152989 (2024) Kat:3, Licht: 0","152989","3","5","1","06","09","3","","0","0","1","0","0"
"POINT (10.049211952000064 53.569789552000032)","Unfall 152990 (2024) Kat:3, Licht: 0","152990","3","7","0","06","16","3","","0","1","0","0","0"
"POINT (10.148439701000029 53.420028610000031)","Unfall 152991 (2024) Kat:3, Licht: 0","152991","3","3","5","06","19","5","","0","0","1","0","0"
"POINT (9.964056236000033 53.471935950000045)","Unfall 152992 (2024) Kat:3, Licht: 0","152992","3","5","5","06","15","2","","0","0","1","0","0"
"POINT (9.818988189000038 53.576936448000026)","Unfall 152993 (2024) Kat:3, Licht: 0","152993","3","3","5","06","07","3","","0","1","1","0","0"
"POINT (9.982632839000075 53.588559176000047)","Unfall 152994 (2024) Kat:3, Licht: 0","152994","3","6","3","06","10","3","","0","0","1","0","0"
"POINT (9.921153537000066 53.544299310000042)","Unfall 152995 (2024) Kat:3, Licht: 0","152995","3","7","0","06","10","3","","0","1","0","0","0"
"POINT (10.005585963000044 53.550137741000071)","Unfall 152996 (2024) Kat:3, Licht: 0","152996","3","6","3","06","15","3","","0","0","1","0","0"
"POINT (9.968366884000034 53.435945409000055)","Unfall 152997 (2024) Kat:3, Licht: 0","152997","3","6","4","06","16","2","","0","1","0","0","0"
"POINT (10.190363669000021 53.504139785000064)","Unfall 152998 (2024) Kat:2, Licht: 0","152998","2","4","6","06","13","2","","0","0","0","1","0"
"POINT (10.208591744000046 53.481992656000045)","Unfall 152999 (2024) Kat:3, Licht: 0","152999","3","2","3","06","12","2","","0","1","0","0","0"
"POINT (10.140440845000057 53.625469374000033)","Unfall 153000 (2024) Kat:3, Licht: 0","153000","3","6","0","06","14","2","","0","0","1","0","0"
"POINT (10.164089448000027 53.621153571000036)","Unfall 153001 (2024) Kat:3, Licht: 0","153001","3","6","2","06","13","2","","0","0","1","0","0"
"POINT (10.060673268000073 53.570705939000050)","Unfall 153002 (2024) Kat:3, Licht: 2","153002","3","3","5","06","23","2","","2","1","0","0","0"
"POINT (10.052876862000062 53.608404222000047)","Unfall 153003 (2024) Kat:2, Licht: 2","153003","2","5","5","06","00","2","","2","0","1","0","1"
"POINT (10.046056582000062 53.675128071000074)","Unfall 153004 (2024) Kat:3, Licht: 0","153004","3","1","8","06","13","2","","0","0","1","0","0"
"POINT (10.120330470000056 53.655455598000060)","Unfall 153005 (2024) Kat:3, Licht: 0","153005","3","1","0","06","11","2","","0","1","0","0","0"
"POINT (9.881620563000070 53.546563567000078)","Unfall 153006 (2024) Kat:3, Licht: 0","153006","3","3","5","06","07","2","","0","1","1","0","0"
"POINT (10.004091222000056 53.554134989000033)","Unfall 153007 (2024) Kat:3, Licht: 0","153007","3","2","3","07","20","4","","0","1","1","0","0"
"POINT (9.910620835000032 53.632797855000035)","Unfall 153008 (2024) Kat:3, Licht: 0","153008","3","3","5","06","07","3","","0","0","1","0","0"
"POINT (9.923265379000043 53.638329304000081)","Unfall 153009 (2024) Kat:3, Licht: 0","153009","3","1","0","06","15","2","","0","0","1","0","1"
"POINT (9.978245825000045 53.586552725000047)","Unfall 153010 (2024) Kat:2, Licht: 0","153010","2","3","5","06","15","2","","0","1","1","0","0"
"POINT (9.954521892000059 53.581616737000047)","Unfall 153011 (2024) Kat:3, Licht: 0","153011","3","6","2","06","14","2","","0","0","1","0","0"
"POINT (9.981768893000037 53.585661030000040)","Unfall 153012 (2024) Kat:3, Licht: 0","153012","3","7","0","06","09","2","","0","1","0","0","0"
"POINT (9.973954362000029 53.556715941000050)","Unfall 153013 (2024) Kat:3, Licht: 0","153013","3","5","1","06","08","2","","0","0","1","0","1"
"POINT (10.136540589000049 53.452496447000044)","Unfall 153014 (2024) Kat:2, Licht: 2","153014","2","6","3","06","02","1","","2","1","0","0","0"
"POINT (10.114230282000051 53.555835366000053)","Unfall 153015 (2024) Kat:2, Licht: 0","153015","2","3","5","06","14","1","","0","1","0","0","0"
"POINT (10.164728278000041 53.605641929000058)","Unfall 153016 (2024) Kat:2, Licht: 0","153016","2","3","5","06","16","1","","0","0","1","0","1"
"POINT (10.143847625000035 53.588123423000070)","Unfall 153017 (2024) Kat:3, Licht: 0","153017","3","7","1","06","10","1","","0","1","1","0","0"
"POINT (9.904815032000045 53.617508747000045)","Unfall 153018 (2024) Kat:2, Licht: 0","153018","2","7","0","06","19","1","","0","0","0","0","1"
"POINT (10.005940598000052 53.547904949000042)","Unfall 153019 (2024) Kat:3, Licht: 0","153019","3","1","9","06","19","1","","0","0","1","0","0"
"POINT (9.993669192000027 53.557721486000048)","Unfall 153020 (2024) Kat:3, Licht: 0","153020","3","3","5","06","18","1","","0","1","1","0","0"
"POINT (9.787237641000047 53.508301402000029)","Unfall 153021 (2024) Kat:2, Licht: 0","153021","2","7","8","06","16","7","","0","0","0","0","1"
"POINT (10.107225594000056 53.547589688000073)","Unfall 153022 (2024) Kat:3, Licht: 0","153022","3","2","4","06","16","7","","0","0","1","0","0"
"POINT (10.083299963000059 53.669107443000030)","Unfall 153023 (2024) Kat:3, Licht: 0","153023","3","7","0","06","15","7","","0","0","0","0","0"
"POINT (10.071721136000065 53.634548696000081)","Unfall 153024 (2024) Kat:3, Licht: 0","153024","3","6","3","06","21","7","","0","0","0","0","0"
"POINT (10.137119413000050 53.699349737000034)","Unfall 153025 (2024) Kat:3, Licht: 0","153025","3","1","0","06","12","7","","0","1","0","0","0"
"POINT (10.018545849000077 53.603774416000078)","Unfall 153026 (2024) Kat:3, Licht: 0","153026","3","5","1","06","11","7","","0","1","1","0","0"
"POINT (10.041787470000031 53.588347501000044)","Unfall 153027 (2024) Kat:3, Licht: 0","153027","3","7","0","06","15","7","","0","1","0","0","0"
"POINT (9.866277457000024 53.578711172000055)","Unfall 153028 (2024) Kat:3, Licht: 0","153028","3","2","0","06","10","7","","0","1","1","0","0"
"POINT (9.916334190000043 53.546011960000044)","Unfall 153029 (2024) Kat:3, Licht: 0","153029","3","6","3","06","15","7","","0","1","1","0","0"
"POINT (9.972260581000057 53.553383503000077)","Unfall 153030 (2024) Kat:3, Licht: 0","153030","3","7","6","06","14","7","","0","0","1","1","0"
"POINT (9.981021806000058 53.606140509000056)","Unfall 153031 (2024) Kat:3, Licht: 0","153031","3","7","0","06","16","2","","0","0","1","0","0"
"POINT (9.959752344000037 53.547546380000028)","Unfall 153032 (2024) Kat:3, Licht: 0","153032","3","7","5","06","15","7","","0","0","1","0","0"
"POINT (10.000342485000033 53.551002476000065)","Unfall 153033 (2024) Kat:3, Licht: 0","153033","3","7","6","06","18","7","","0","0","1","1","0"
"POINT (9.810343778000060 53.528885548000062)","Unfall 153034 (2024) Kat:3, Licht: 0","153034","3","6","2","05","14","6","","0","0","1","0","0"
"POINT (9.992704406000030 53.510251452000034)","Unfall 153035 (2024) Kat:3, Licht: 0","153035","3","2","2","05","15","6","","0","0","1","0","0"
"POINT (10.012840276000077 53.484343772000045)","Unfall 153036 (2024) Kat:3, Licht: 0","153036","3","6","2","05","18","6","","0","0","1","0","0"
"POINT (10.201748470000041 53.466452880000077)","Unfall 153037 (2024) Kat:3, Licht: 0","153037","3","3","5","05","15","6","","0","0","1","0","0"
"POINT (10.103746044000047 53.557173336000062)","Unfall 153038 (2024) Kat:3, Licht: 0","153038","3","1","9","05","11","6","","0","0","0","0","1"
"POINT (10.083676783000044 53.531714417000046)","Unfall 153039 (2024) Kat:3, Licht: 0","153039","3","7","0","05","21","6","","0","1","0","0","0"
"POINT (10.048633498000072 53.540671463000081)","Unfall 153040 (2024) Kat:3, Licht: 0","153040","3","3","5","05","16","6","","0","0","1","0","1"
"POINT (10.016280256000073 53.541515162000053)","Unfall 153041 (2024) Kat:3, Licht: 2","153041","3","7","0","05","04","6","","2","1","0","0","0"
"POINT (10.112544954000043 53.611133988000063)","Unfall 153042 (2024) Kat:3, Licht: 0","153042","3","5","5","05","11","6","","0","1","1","0","0"
"POINT (10.109746598000072 53.593570950000071)","Unfall 153043 (2024) Kat:3, Licht: 0","153043","3","6","4","05","08","6","","0","1","0","0","0"
"POINT (10.073234617000026 53.574166640000044)","Unfall 153044 (2024) Kat:3, Licht: 0","153044","3","2","5","05","16","6","","0","0","1","0","0"
"POINT (10.070439549000071 53.573172352000029)","Unfall 153045 (2024) Kat:3, Licht: 0","153045","3","3","5","05","14","6","","0","0","1","0","0"
"POINT (9.948798469000053 53.579615509000064)","Unfall 153046 (2024) Kat:3, Licht: 0","153046","3","6","4","06","19","3","","0","1","0","0","0"
"POINT (10.068471716000033 53.600810080000031)","Unfall 153047 (2024) Kat:3, Licht: 2","153047","3","7","0","05","23","6","","2","1","0","0","0"
"POINT (10.064936112000055 53.650178750000066)","Unfall 153048 (2024) Kat:3, Licht: 0","153048","3","6","2","05","13","6","","0","0","1","0","0"
"POINT (10.153580644000044 53.648747649000029)","Unfall 153049 (2024) Kat:3, Licht: 0","153049","3","2","3","05","10","6","","0","1","0","0","0"
"POINT (10.143040052000060 53.692700942000045)","Unfall 153050 (2024) Kat:3, Licht: 0","153050","3","3","5","05","14","6","","0","1","1","0","0"
"POINT (10.031504508000069 53.607309770000029)","Unfall 153051 (2024) Kat:3, Licht: 1","153051","3","7","0","05","22","6","","1","1","0","0","0"
"POINT (10.006267209000043 53.590868660000069)","Unfall 153052 (2024) Kat:3, Licht: 0","153052","3","7","0","05","09","6","","0","1","0","0","0"
"POINT (10.025022259000025 53.574339280000061)","Unfall 153053 (2024) Kat:2, Licht: 0","153053","2","2","3","05","13","6","","0","1","0","0","0"
"POINT (9.749280233000036 53.578083783000068)","Unfall 153054 (2024) Kat:3, Licht: 0","153054","3","5","3","05","09","6","","0","1","1","0","0"
"POINT (9.865049999000064 53.556998786000065)","Unfall 153055 (2024) Kat:3, Licht: 0","153055","3","2","3","05","06","6","","0","1","1","0","0"
"POINT (9.872749237000050 53.606744754000033)","Unfall 153056 (2024) Kat:3, Licht: 0","153056","3","2","4","05","16","6","","0","0","1","0","0"
"POINT (9.873889222000059 53.600462294000067)","Unfall 153057 (2024) Kat:2, Licht: 0","153057","2","3","5","05","17","6","","0","0","1","0","0"
"POINT (9.929713751000065 53.547737561000076)","Unfall 153058 (2024) Kat:3, Licht: 0","153058","3","5","0","05","07","6","","0","1","1","0","0"
"POINT (9.985111948000053 53.577642197000046)","Unfall 153059 (2024) Kat:3, Licht: 0","153059","3","6","0","05","19","6","","0","1","0","0","0"
"POINT (10.013403589000063 53.552496593000058)","Unfall 153060 (2024) Kat:3, Licht: 0","153060","3","2","4","05","20","6","","0","0","0","0","0"
"POINT (10.141761420000023 53.582921460000080)","Unfall 153061 (2024) Kat:3, Licht: 1","153061","3","7","6","05","05","5","","1","1","0","1","0"
"POINT (10.194987348000041 53.605349128000057)","Unfall 153062 (2024) Kat:3, Licht: 0","153062","3","3","5","05","16","5","","0","0","1","0","1"
"POINT (10.033790971000030 53.619888695000043)","Unfall 153063 (2024) Kat:3, Licht: 0","153063","3","3","5","05","14","5","","0","1","1","0","0"
"POINT (10.160074834000056 53.654123991000063)","Unfall 153064 (2024) Kat:3, Licht: 0","153064","3","6","2","05","14","5","","0","0","1","0","0"
"POINT (10.111536178000051 53.653266382000027)","Unfall 153065 (2024) Kat:3, Licht: 0","153065","3","5","1","05","11","5","","0","1","1","0","0"
"POINT (10.013967316000048 53.596211153000070)","Unfall 153066 (2024) Kat:3, Licht: 0","153066","3","4","6","05","17","5","","0","0","0","1","0"
"POINT (9.942026778000070 53.550923573000034)","Unfall 153067 (2024) Kat:3, Licht: 0","153067","3","5","6","06","06","3","","0","0","1","1","0"
"POINT (9.995982861000073 53.583869075000052)","Unfall 153068 (2024) Kat:2, Licht: 0","153068","2","3","6","05","09","5","","0","0","0","1","1"
"POINT (10.019238594000058 53.614427134000039)","Unfall 153069 (2024) Kat:3, Licht: 0","153069","3","6","2","05","12","5","","0","0","1","0","0"
"POINT (10.050723947000051 53.568277987000045)","Unfall 153070 (2024) Kat:3, Licht: 0","153070","3","6","4","05","14","5","","0","1","0","0","0"
"POINT (10.014583368000046 53.570807951000063)","Unfall 153071 (2024) Kat:3, Licht: 0","153071","3","7","0","05","17","5","","0","1","0","0","0"
"POINT (9.850699736000024 53.558815568000057)","Unfall 153072 (2024) Kat:2, Licht: 2","153072","2","1","8","05","00","5","","2","0","1","0","0"
"POINT (9.875915850000069 53.588426835000064)","Unfall 153073 (2024) Kat:3, Licht: 0","153073","3","2","3","05","08","5","","0","1","1","0","0"
"POINT (9.978661824000028 53.572349316000043)","Unfall 153074 (2024) Kat:3, Licht: 0","153074","3","2","5","05","17","5","","0","0","1","0","1"
"POINT (10.000264048000076 53.549997285000074)","Unfall 153075 (2024) Kat:3, Licht: 0","153075","3","6","3","05","17","5","","0","0","1","0","0"
"POINT (10.010893085000021 53.552994606000027)","Unfall 153076 (2024) Kat:3, Licht: 0","153076","3","7","6","05","15","5","","0","0","1","1","0"
"POINT (10.156330628000035 53.614735277000079)","Unfall 153077 (2024) Kat:3, Licht: 0","153077","3","6","2","07","18","7","","0","0","1","0","0"
"POINT (10.020546711000065 53.531191502000070)","Unfall 153078 (2024) Kat:3, Licht: 0","153078","3","6","2","05","16","5","","0","0","1","0","1"
"POINT (10.009314584000037 53.491838372000075)","Unfall 153079 (2024) Kat:3, Licht: 0","153079","3","2","5","05","15","4","","0","0","1","0","1"
"POINT (9.987281578000022 53.493115126000077)","Unfall 153080 (2024) Kat:3, Licht: 0","153080","3","1","0","05","11","4","","0","1","0","0","0"
"POINT (10.096603897000023 53.533023737000065)","Unfall 153081 (2024) Kat:3, Licht: 0","153081","3","6","3","05","16","4","","0","0","1","0","1"
"POINT (10.099989234000077 53.539599964000047)","Unfall 153082 (2024) Kat:3, Licht: 0","153082","3","2","3","05","06","4","","0","1","1","0","0"
"POINT (10.017614959000070 53.549577851000038)","Unfall 153083 (2024) Kat:3, Licht: 0","153083","3","2","3","05","13","4","","0","0","1","0","0"
"POINT (10.153443108000033 53.606034426000065)","Unfall 153084 (2024) Kat:3, Licht: 0","153084","3","7","1","05","14","4","","0","0","1","0","0"
"POINT (10.154869022000071 53.605535931000077)","Unfall 153085 (2024) Kat:3, Licht: 0","153085","3","7","0","05","14","4","","0","1","0","1","0"
"POINT (10.155107884000074 53.653421200000082)","Unfall 153086 (2024) Kat:3, Licht: 0","153086","3","6","4","05","19","4","","0","0","1","0","0"
"POINT (10.032577684000046 53.676565408000044)","Unfall 153087 (2024) Kat:2, Licht: 0","153087","2","5","5","05","09","4","","0","0","1","0","0"
"POINT (10.045351777000064 53.596711580000033)","Unfall 153088 (2024) Kat:3, Licht: 0","153088","3","6","2","05","14","4","","0","0","1","0","0"
"POINT (9.902046490000032 53.603620756000055)","Unfall 153089 (2024) Kat:3, Licht: 0","153089","3","7","0","05","12","4","","0","1","0","0","0"
"POINT (9.808105382000065 53.571447065000029)","Unfall 153090 (2024) Kat:2, Licht: 0","153090","2","7","0","05","07","4","","0","1","0","0","0"
"POINT (9.969344535000062 53.593816399000048)","Unfall 153091 (2024) Kat:3, Licht: 0","153091","3","7","0","06","09","5","","0","1","0","0","0"
"POINT (9.809536096000045 53.563453130000028)","Unfall 153092 (2024) Kat:3, Licht: 0","153092","3","1","0","05","18","4","","0","1","0","0","0"
"POINT (9.861255500000027 53.599948987000062)","Unfall 153093 (2024) Kat:3, Licht: 2","153093","3","1","1","05","22","4","","2","0","1","0","0"
"POINT (9.904867427000056 53.595317306000027)","Unfall 153094 (2024) Kat:3, Licht: 0","153094","3","3","5","05","15","4","","0","0","1","0","0"
"POINT (9.924677181000050 53.567856179000046)","Unfall 153095 (2024) Kat:3, Licht: 0","153095","3","6","2","05","11","4","","0","0","1","0","0"
"POINT (9.925442882000027 53.640605741000059)","Unfall 153096 (2024) Kat:3, Licht: 0","153096","3","6","2","05","16","4","","0","0","1","0","0"
"POINT (10.082861237000031 53.555996632000074)","Unfall 153097 (2024) Kat:3, Licht: 0","153097","3","7","3","06","07","4","","0","0","1","0","0"
"POINT (9.976665753000077 53.601584630000048)","Unfall 153098 (2024) Kat:3, Licht: 0","153098","3","5","5","05","17","4","","0","0","1","0","1"
"POINT (9.975515582000071 53.588756613000044)","Unfall 153099 (2024) Kat:3, Licht: 0","153099","3","6","2","05","15","4","","0","0","1","0","1"
"POINT (9.934380097000030 53.551849082000047)","Unfall 153100 (2024) Kat:3, Licht: 0","153100","3","7","0","05","15","4","","0","0","0","1","0"
"POINT (9.989606337000055 53.558065853000073)","Unfall 153101 (2024) Kat:3, Licht: 2","153101","3","5","1","05","23","4","","2","1","1","0","0"
"POINT (10.008651229000066 53.552120735000074)","Unfall 153102 (2024) Kat:2, Licht: 0","153102","2","4","6","05","16","4","","0","0","1","1","0"
"POINT (9.885323885000048 53.517907506000029)","Unfall 153103 (2024) Kat:3, Licht: 0","153103","3","2","5","05","13","3","","0","0","1","0","0"
"POINT (9.986489416000040 53.456920745000048)","Unfall 153104 (2024) Kat:3, Licht: 0","153104","3","3","5","05","16","3","","0","0","0","0","0"
"POINT (10.026439046000064 53.501242004000062)","Unfall 153105 (2024) Kat:3, Licht: 0","153105","3","5","5","05","18","3","","0","0","1","0","0"
"POINT (10.047540920000074 53.561252296000077)","Unfall 153106 (2024) Kat:3, Licht: 0","153106","3","6","3","05","15","3","","0","0","1","0","0"
"POINT (10.111196044000053 53.582067884000082)","Unfall 153107 (2024) Kat:3, Licht: 0","153107","3","6","2","05","17","3","","0","1","1","0","0"
"POINT (10.085962080000058 53.656669149000038)","Unfall 153108 (2024) Kat:3, Licht: 0","153108","3","7","0","06","18","5","","0","0","0","0","0"
"POINT (10.101631848000068 53.589563259000045)","Unfall 153109 (2024) Kat:2, Licht: 0","153109","2","5","5","05","14","3","","0","0","1","0","0"
"POINT (10.173509992000049 53.604643421000048)","Unfall 153110 (2024) Kat:3, Licht: 0","153110","3","6","3","05","07","3","","0","0","1","0","0"
"POINT (10.147164690000068 53.618255795000039)","Unfall 153111 (2024) Kat:3, Licht: 1","153111","3","6","2","05","07","3","","1","0","1","0","0"
"POINT (10.154883594000069 53.616109063000067)","Unfall 153112 (2024) Kat:3, Licht: 0","153112","3","5","1","05","10","3","","0","1","1","0","0"
"POINT (10.045402317000026 53.565378933000034)","Unfall 153113 (2024) Kat:3, Licht: 0","153113","3","2","3","06","09","5","","0","0","1","0","1"
"POINT (10.062295118000065 53.596057114000075)","Unfall 153114 (2024) Kat:3, Licht: 0","153114","3","3","5","05","10","3","","0","0","1","0","0"
"POINT (9.919183717000067 53.590913069000067)","Unfall 153115 (2024) Kat:3, Licht: 1","153115","3","3","5","05","21","3","","1","0","1","0","0"
"POINT (9.789795025000046 53.569990093000058)","Unfall 153116 (2024) Kat:3, Licht: 0","153116","3","2","2","05","17","3","","0","0","1","0","0"
"POINT (9.812434391000068 53.563408996000078)","Unfall 153117 (2024) Kat:3, Licht: 0","153117","3","3","5","05","16","3","","0","1","1","0","0"
"POINT (9.918281313000023 53.578975483000079)","Unfall 153118 (2024) Kat:3, Licht: 0","153118","3","5","5","05","08","3","","0","1","1","0","0"
"POINT (9.957694269000058 53.636290015000043)","Unfall 153119 (2024) Kat:3, Licht: 0","153119","3","5","1","05","09","3","","0","1","1","0","0"
"POINT (9.957919746000073 53.640534100000082)","Unfall 153120 (2024) Kat:3, Licht: 0","153120","3","7","0","05","16","3","","0","1","0","0","0"
"POINT (9.955638023000063 53.579375225000035)","Unfall 153121 (2024) Kat:3, Licht: 0","153121","3","2","5","05","18","3","","0","1","0","0","0"
"POINT (9.939591853000024 53.553981786000065)","Unfall 153122 (2024) Kat:2, Licht: 0","153122","2","7","0","05","18","3","","0","1","0","0","0"
"POINT (9.993370382000023 53.576695848000043)","Unfall 153123 (2024) Kat:2, Licht: 0","153123","2","7","0","05","18","3","","0","0","0","0","1"
"POINT (9.965809099000069 53.565532293000047)","Unfall 153124 (2024) Kat:3, Licht: 0","153124","3","3","5","05","17","3","","0","1","1","0","0"
"POINT (9.961801343000047 53.546432492000065)","Unfall 153125 (2024) Kat:2, Licht: 0","153125","2","7","0","05","17","3","","0","0","0","0","0"
"POINT (9.997747452000056 53.550701615000037)","Unfall 153126 (2024) Kat:3, Licht: 0","153126","3","6","2","05","19","3","","0","1","1","0","0"
"POINT (10.016413743000044 53.552823424000053)","Unfall 153127 (2024) Kat:3, Licht: 0","153127","3","7","0","05","07","3","","0","1","0","0","0"
"POINT (9.919858709000039 53.433746126000074)","Unfall 153128 (2024) Kat:3, Licht: 0","153128","3","3","5","05","17","2","","0","1","1","0","0"
"POINT (10.180811802000051 53.449625529000059)","Unfall 153129 (2024) Kat:3, Licht: 0","153129","3","2","2","05","18","2","","0","0","1","0","0"
"POINT (10.109440530000029 53.550119467000059)","Unfall 153130 (2024) Kat:3, Licht: 0","153130","3","5","5","05","20","2","","0","1","1","0","0"
"POINT (10.077708899000072 53.617060443000071)","Unfall 153131 (2024) Kat:3, Licht: 0","153131","3","3","5","05","15","2","","0","0","1","0","0"
"POINT (10.084458412000060 53.669642024000041)","Unfall 153132 (2024) Kat:3, Licht: 0","153132","3","3","5","05","17","2","","0","0","1","0","0"
"POINT (10.039349931000061 53.635415618000081)","Unfall 153133 (2024) Kat:3, Licht: 0","153133","3","5","5","05","13","2","","0","1","1","0","0"
"POINT (10.013329702000021 53.592292870000051)","Unfall 153134 (2024) Kat:3, Licht: 0","153134","3","5","1","05","15","2","","0","1","1","0","0"
"POINT (10.010711153000045 53.581769984000061)","Unfall 153135 (2024) Kat:3, Licht: 2","153135","3","3","5","05","21","2","","2","1","1","0","0"
"POINT (10.032138470000064 53.569437187000062)","Unfall 153136 (2024) Kat:2, Licht: 0","153136","2","2","5","05","08","2","","0","1","0","0","0"
"POINT (9.904341983000052 53.566316369000049)","Unfall 153137 (2024) Kat:3, Licht: 0","153137","3","7","0","05","10","2","","0","0","1","0","0"
"POINT (9.992407456000024 53.447547974000031)","Unfall 153138 (2024) Kat:3, Licht: 2","153138","3","5","1","05","01","1","","2","0","1","0","0"
"POINT (10.076853274000030 53.478774978000047)","Unfall 153139 (2024) Kat:3, Licht: 0","153139","3","2","3","05","16","1","","0","0","1","0","0"
"POINT (10.126470170000061 53.607397653000078)","Unfall 153140 (2024) Kat:3, Licht: 0","153140","3","7","8","05","17","1","","0","1","0","0","0"
"POINT (10.033804170000053 53.584590920000039)","Unfall 153141 (2024) Kat:3, Licht: 0","153141","3","4","6","05","14","1","","0","1","0","1","0"
"POINT (9.783839506000049 53.561361368000064)","Unfall 153142 (2024) Kat:3, Licht: 0","153142","3","7","0","05","11","1","","0","1","0","0","0"
"POINT (9.977161640000077 53.564143792000039)","Unfall 153143 (2024) Kat:2, Licht: 1","153143","2","7","0","05","05","1","","1","1","0","0","0"
"POINT (9.981975275000025 53.424478485000066)","Unfall 153144 (2024) Kat:3, Licht: 1","153144","3","6","4","05","22","7","","1","0","1","0","0"
"POINT (9.995646039000064 53.445737483000073)","Unfall 153145 (2024) Kat:2, Licht: 0","153145","2","4","6","05","17","7","","0","0","1","1","0"
"POINT (9.995589827000060 53.463430384000048)","Unfall 153146 (2024) Kat:3, Licht: 0","153146","3","7","0","05","16","7","","0","1","0","0","0"
"POINT (9.940321184000027 53.439552793000075)","Unfall 153147 (2024) Kat:3, Licht: 0","153147","3","3","5","05","13","7","","0","1","1","0","0"
"POINT (10.067712026000038 53.520647087000043)","Unfall 153148 (2024) Kat:3, Licht: 0","153148","3","5","1","05","16","7","","0","1","1","0","0"
"POINT (10.127656633000072 53.529350185000055)","Unfall 153149 (2024) Kat:3, Licht: 2","153149","3","1","8","05","22","7","","2","0","1","0","0"
"POINT (10.047756451000055 53.561247546000061)","Unfall 153150 (2024) Kat:3, Licht: 0","153150","3","2","3","05","14","7","","0","1","1","0","0"
"POINT (10.183231069000044 53.602777557000081)","Unfall 153151 (2024) Kat:2, Licht: 0","153151","2","5","1","05","13","7","","0","1","1","0","0"
"POINT (10.044035469000050 53.572259605000056)","Unfall 153152 (2024) Kat:2, Licht: 0","153152","2","3","5","05","19","7","","0","1","0","0","0"
"POINT (10.089381194000055 53.607378822000044)","Unfall 153153 (2024) Kat:3, Licht: 1","153153","3","2","5","06","20","5","","1","0","1","0","0"
"POINT (9.909504591000029 53.549262130000045)","Unfall 153154 (2024) Kat:3, Licht: 2","153154","3","7","0","05","21","7","","2","0","0","0","0"
"POINT (9.865009007000026 53.547864009000079)","Unfall 153155 (2024) Kat:3, Licht: 2","153155","3","7","0","05","23","7","","2","1","0","0","0"
"POINT (9.958026537000023 53.570653282000080)","Unfall 153156 (2024) Kat:3, Licht: 0","153156","3","4","6","06","16","5","","0","1","0","1","0"
"POINT (9.960316231000036 53.563504179000063)","Unfall 153157 (2024) Kat:3, Licht: 2","153157","3","7","3","05","23","7","","2","1","1","0","0"
"POINT (10.016367977000073 53.557567961000075)","Unfall 153158 (2024) Kat:3, Licht: 0","153158","3","7","6","05","18","7","","0","0","1","1","0"