WKT,Name,OBJECTID,UKATEGORIE,UTYP1,UART,UMONAT,USTUNDE,UWOCHENTAG,STRZUSTAND,ULICHTVERH,ISTRAD,ISTPKW,ISTFUSS,ISTKRAD
"POINT (9.992058668000027 53.461191534000079)","Unfall 153159 (2024) Kat:3, Licht: 0","153159","3","7","0","05","12","6","","0","0","0","0","0"
"POINT (9.998645490000058 53.498785572000031)","Unfall 153160 (2024) Kat:3, Licht: 0","153160","3","6","2","05","18","6","","0","0","1","0","0"
"POINT (10.088210223000033 53.511896601000046)","Unfall 153161 (2024) Kat:3, Licht: 0","153161","3","3","5","05","16","6","","0","0","1","0","0"
"POINT (10.029186038000034 53.536228163000033)","Unfall 153162 (2024) Kat:3, Licht: 0","153162","3","6","4","05","18","6","","0","1","0","0","0"
"POINT (10.137667547000035 53.593023531000028)","Unfall 153163 (2024) Kat:3, Licht: 0","153163","3","6","2","05","16","6","","0","0","1","0","0"
"POINT (10.088045927000053 53.655864281000049)","Unfall 153164 (2024) Kat:3, Licht: 0","153164","3","3","5","05","10","6","","0","1","1","0","0"
"POINT (10.045071443000040 53.636521863000041)","Unfall 153165 (2024) Kat:3, Licht: 2","153165","3","5","1","05","00","6","","2","0","1","0","0"
"POINT (10.010054416000060 53.581594068000072)","Unfall 153166 (2024) Kat:3, Licht: 0","153166","3","2","3","05","11","6","","0","1","1","0","0"
"POINT (10.021366325000031 53.566734053000062)","Unfall 153167 (2024) Kat:3, Licht: 2","153167","3","7","0","05","00","6","","2","1","0","0","0"
"POINT (9.813571037000031 53.578534048000051)","Unfall 153168 (2024) Kat:3, Licht: 0","153168","3","7","1","05","16","6","","0","1","1","0","0"
"POINT (9.916248451000058 53.551251243000081)","Unfall 153169 (2024) Kat:3, Licht: 0","153169","3","6","4","05","19","6","","0","1","0","0","0"
"POINT (9.885364284000048 53.552472666000028)","Unfall 153170 (2024) Kat:3, Licht: 0","153170","3","3","5","05","18","6","","0","1","1","0","0"
"POINT (9.865926260000037 53.547975221000058)","Unfall 153171 (2024) Kat:2, Licht: 0","153171","2","1","0","05","13","6","","0","1","0","0","0"
"POINT (9.948280588000046 53.595109572000069)","Unfall 153172 (2024) Kat:3, Licht: 0","153172","3","2","4","05","14","6","","0","0","1","0","0"
"POINT (9.940478366000036 53.551914260000046)","Unfall 153173 (2024) Kat:3, Licht: 0","153173","3","7","0","05","19","6","","0","1","0","0","0"
"POINT (9.984654051000064 53.564002659000039)","Unfall 153174 (2024) Kat:3, Licht: 0","153174","3","6","2","05","09","6","","0","0","1","0","1"
"POINT (9.983693314000050 53.557609272000036)","Unfall 153175 (2024) Kat:3, Licht: 0","153175","3","2","4","05","07","6","","0","0","1","0","0"
"POINT (10.302490511000030 53.437977281000030)","Unfall 153176 (2024) Kat:3, Licht: 0","153176","3","7","0","05","18","5","","0","1","0","0","0"
"POINT (10.144523012000036 53.545292384000049)","Unfall 153177 (2024) Kat:2, Licht: 0","153177","2","3","5","05","07","5","","0","1","1","0","0"
"POINT (10.016595799000072 53.549295216000075)","Unfall 153178 (2024) Kat:3, Licht: 0","153178","3","2","4","05","17","5","","0","1","1","0","0"
"POINT (10.113077305000047 53.655660094000041)","Unfall 153179 (2024) Kat:3, Licht: 0","153179","3","6","4","05","10","5","","0","1","1","0","0"
"POINT (9.999602311000046 53.613258598000073)","Unfall 153180 (2024) Kat:3, Licht: 0","153180","3","6","4","05","13","5","","0","1","0","0","0"
"POINT (9.997753095000064 53.588928720000069)","Unfall 153181 (2024) Kat:3, Licht: 0","153181","3","6","4","05","14","5","","0","1","0","0","0"
"POINT (9.929964768000048 53.629240511000035)","Unfall 153182 (2024) Kat:3, Licht: 0","153182","3","6","3","05","14","5","","0","1","0","0","0"
"POINT (9.974078343000031 53.580107674000033)","Unfall 153183 (2024) Kat:3, Licht: 0","153183","3","6","3","05","19","5","","0","0","0","0","1"
"POINT (9.961673776000055 53.573771935000082)","Unfall 153184 (2024) Kat:3, Licht: 0","153184","3","4","6","05","18","5","","0","1","0","1","0"
"POINT (9.951670353000054 53.599826702000030)","Unfall 153185 (2024) Kat:3, Licht: 0","153185","3","7","0","05","16","5","","0","1","0","0","0"
"POINT (9.955553271000042 53.549926848000041)","Unfall 153186 (2024) Kat:3, Licht: 0","153186","3","6","3","05","15","5","","0","0","1","0","1"
"POINT (9.958755119000045 53.561944018000077)","Unfall 153187 (2024) Kat:3, Licht: 0","153187","3","3","5","05","17","5","","0","0","1","0","1"
"POINT (9.991317557000059 53.552018428000054)","Unfall 153188 (2024) Kat:3, Licht: 0","153188","3","2","6","05","12","5","","0","0","1","1","0"
"POINT (9.880758757000024 53.478071475000036)","Unfall 153189 (2024) Kat:3, Licht: 0","153189","3","2","5","05","12","4","","0","0","1","0","0"
"POINT (10.188534461000074 53.491386313000078)","Unfall 153190 (2024) Kat:3, Licht: 2","153190","3","5","6","05","21","4","","2","0","0","1","0"
"POINT (10.076716657000077 53.472531070000059)","Unfall 153191 (2024) Kat:3, Licht: 0","153191","3","5","1","05","12","4","","0","1","1","0","0"
"POINT (10.201881316000026 53.488977007000074)","Unfall 153192 (2024) Kat:2, Licht: 0","153192","2","2","5","05","13","4","","0","0","1","0","0"
"POINT (10.034614392000037 53.552383222000060)","Unfall 153193 (2024) Kat:3, Licht: 0","153193","3","1","0","05","08","4","","0","0","0","0","1"
"POINT (10.105710545000022 53.610698293000041)","Unfall 153194 (2024) Kat:3, Licht: 0","153194","3","5","6","05","18","4","","0","0","1","1","0"
"POINT (10.127965370000027 53.622102543000040)","Unfall 153195 (2024) Kat:3, Licht: 2","153195","3","7","9","05","03","4","","2","0","1","0","0"
"POINT (9.842877597000040 53.534210801000029)","Unfall 153196 (2024) Kat:3, Licht: 0","153196","3","3","5","06","12","4","","0","1","1","0","0"
"POINT (10.006362129000024 53.654234632000055)","Unfall 153197 (2024) Kat:3, Licht: 1","153197","3","4","6","05","16","4","","1","1","0","1","0"
"POINT (9.999256748000050 53.601704267000059)","Unfall 153198 (2024) Kat:3, Licht: 0","153198","3","6","1","05","14","4","","0","0","1","0","0"
"POINT (10.054639155000075 53.569015329000081)","Unfall 153199 (2024) Kat:3, Licht: 1","153199","3","7","0","05","19","4","","1","0","1","0","0"
"POINT (10.044739060000040 53.597062301000051)","Unfall 153200 (2024) Kat:3, Licht: 0","153200","3","3","5","05","13","4","","0","0","1","0","0"
"POINT (9.886981954000021 53.593180436000068)","Unfall 153201 (2024) Kat:3, Licht: 0","153201","3","6","2","05","15","4","","0","0","1","0","0"
"POINT (9.965329951000058 53.552343146000055)","Unfall 153202 (2024) Kat:3, Licht: 0","153202","3","3","5","05","07","4","","0","1","1","0","0"
"POINT (10.013625184000034 53.539901263000047)","Unfall 153203 (2024) Kat:3, Licht: 0","153203","3","4","6","05","17","4","","0","0","1","1","0"
"POINT (10.010743424000054 53.439820272000077)","Unfall 153204 (2024) Kat:3, Licht: 0","153204","3","1","0","05","06","3","","0","1","0","0","0"
"POINT (10.116828228000031 53.607741688000033)","Unfall 153205 (2024) Kat:3, Licht: 0","153205","3","5","5","05","17","3","","0","0","1","0","0"
"POINT (10.139479883000035 53.584042035000039)","Unfall 153206 (2024) Kat:3, Licht: 0","153206","3","6","2","05","16","3","","0","0","1","0","0"
"POINT (10.060492508000038 53.570496816000059)","Unfall 153207 (2024) Kat:2, Licht: 0","153207","2","4","6","05","16","3","","0","0","1","1","0"
"POINT (10.035881157000063 53.613954427000067)","Unfall 153208 (2024) Kat:3, Licht: 0","153208","3","6","2","05","12","3","","0","0","1","0","0"
"POINT (10.038825702000054 53.608298469000033)","Unfall 153209 (2024) Kat:3, Licht: 0","153209","3","2","3","05","09","3","","0","0","0","0","0"
"POINT (9.983746620000034 53.595235362000039)","Unfall 153210 (2024) Kat:3, Licht: 0","153210","3","7","0","06","10","4","","0","1","0","0","0"
"POINT (10.000362966000068 53.508112493000056)","Unfall 153211 (2024) Kat:3, Licht: 0","153211","3","7","0","05","07","4","","0","0","0","0","1"
"POINT (10.084572686000058 53.604659664000053)","Unfall 153212 (2024) Kat:3, Licht: 0","153212","3","7","1","05","17","3","","0","1","1","0","0"
"POINT (10.090390593000052 53.636360812000078)","Unfall 153213 (2024) Kat:3, Licht: 0","153213","3","7","0","05","10","3","","0","1","0","0","0"
"POINT (10.014536157000066 53.597830608000038)","Unfall 153214 (2024) Kat:3, Licht: 0","153214","3","4","6","05","13","3","","0","0","1","1","0"
"POINT (10.010118935000037 53.581611030000033)","Unfall 153215 (2024) Kat:3, Licht: 0","153215","3","5","3","05","08","3","","0","0","1","0","1"
"POINT (10.094864720000032 53.543557882000073)","Unfall 153216 (2024) Kat:3, Licht: 0","153216","3","3","5","06","12","3","","0","0","1","0","0"
"POINT (10.008382211000026 53.579682120000029)","Unfall 153217 (2024) Kat:3, Licht: 0","153217","3","6","2","05","11","3","","0","0","1","0","1"
"POINT (10.025982498000076 53.618558462000067)","Unfall 153218 (2024) Kat:3, Licht: 0","153218","3","5","1","05","07","3","","0","1","1","0","0"
"POINT (10.016752852000025 53.570719378000035)","Unfall 153219 (2024) Kat:3, Licht: 0","153219","3","7","0","05","12","3","","0","1","0","0","0"
"POINT (9.916008430000034 53.600380359000042)","Unfall 153220 (2024) Kat:3, Licht: 0","153220","3","2","5","05","16","3","","0","1","1","0","0"
"POINT (9.969268991000035 53.580797384000050)","Unfall 153221 (2024) Kat:3, Licht: 0","153221","3","5","1","05","11","3","","0","1","1","0","0"
"POINT (9.990838759000042 53.587722416000076)","Unfall 153222 (2024) Kat:2, Licht: 0","153222","2","7","0","05","12","3","","0","1","0","0","0"
"POINT (9.969109970000034 53.568018019000078)","Unfall 153223 (2024) Kat:3, Licht: 0","153223","3","7","3","05","16","3","","0","0","1","0","1"
"POINT (10.006188757000075 53.558209483000041)","Unfall 153224 (2024) Kat:2, Licht: 0","153224","2","6","4","05","13","3","","0","1","0","0","0"
"POINT (10.111153929000068 53.623672661000057)","Unfall 153225 (2024) Kat:3, Licht: 0","153225","3","4","6","06","11","5","","0","0","1","1","0"
"POINT (9.937332720000029 53.476903619000041)","Unfall 153226 (2024) Kat:3, Licht: 0","153226","3","3","5","05","18","3","","0","0","1","0","0"
"POINT (9.961040937000064 53.556550969000057)","Unfall 153227 (2024) Kat:3, Licht: 0","153227","3","4","6","06","11","3","","0","1","0","1","0"
"POINT (10.017353809000042 53.518702478000080)","Unfall 153228 (2024) Kat:3, Licht: 0","153228","3","2","3","05","16","2","","0","0","1","0","0"
"POINT (10.076174898000033 53.572222320000037)","Unfall 153229 (2024) Kat:3, Licht: 0","153229","3","7","0","05","13","2","","0","1","0","0","0"
"POINT (9.994101834000048 53.602086753000037)","Unfall 153230 (2024) Kat:3, Licht: 0","153230","3","6","2","05","10","2","","0","0","1","0","0"
"POINT (10.019547127000067 53.566081035000082)","Unfall 153231 (2024) Kat:3, Licht: 0","153231","3","3","5","05","12","2","","0","1","1","0","0"
"POINT (10.208903984000074 53.482633101000033)","Unfall 153232 (2024) Kat:3, Licht: 0","153232","3","7","0","06","11","5","","0","0","0","0","1"
"POINT (9.806898441000044 53.573300233000055)","Unfall 153233 (2024) Kat:2, Licht: 0","153233","2","7","0","05","10","2","","0","0","0","0","0"
"POINT (9.985181539000052 53.455762698000058)","Unfall 153234 (2024) Kat:3, Licht: 0","153234","3","3","5","05","14","1","","0","0","1","0","0"
"POINT (10.040686505000053 53.555565852000029)","Unfall 153235 (2024) Kat:3, Licht: 0","153235","3","2","4","05","11","1","","0","0","1","0","0"
"POINT (9.999693850000028 53.580430890000059)","Unfall 153236 (2024) Kat:3, Licht: 2","153236","3","1","0","05","22","1","","2","1","0","0","0"
"POINT (10.040582092000022 53.581397645000038)","Unfall 153237 (2024) Kat:3, Licht: 0","153237","3","3","5","05","20","1","","0","1","1","0","0"
"POINT (9.863835493000067 53.547615351000047)","Unfall 153238 (2024) Kat:2, Licht: 0","153238","2","6","2","05","13","1","","0","1","0","0","0"
"POINT (9.950129460000028 53.566962705000037)","Unfall 153239 (2024) Kat:3, Licht: 2","153239","3","7","0","05","23","1","","2","1","0","0","0"
"POINT (9.948691263000057 53.562240410000072)","Unfall 153240 (2024) Kat:2, Licht: 2","153240","2","2","5","05","22","1","","2","0","0","0","1"
"POINT (10.020885126000053 53.484381622000058)","Unfall 153241 (2024) Kat:3, Licht: 0","153241","3","2","3","05","19","7","","0","1","1","0","0"
"POINT (10.022651482000072 53.529610395000077)","Unfall 153242 (2024) Kat:3, Licht: 0","153242","3","7","0","05","18","7","","0","0","0","0","1"
"POINT (10.083744537000030 53.540440883000031)","Unfall 153243 (2024) Kat:3, Licht: 0","153243","3","2","2","05","08","7","","0","0","1","0","0"
"POINT (10.017461123000032 53.541213739000057)","Unfall 153244 (2024) Kat:3, Licht: 0","153244","3","4","6","05","21","7","","0","1","0","1","0"
"POINT (10.182486495000035 53.587781898000060)","Unfall 153245 (2024) Kat:3, Licht: 2","153245","3","7","0","05","21","7","","2","1","0","0","0"
"POINT (10.045818257000064 53.567494491000048)","Unfall 153246 (2024) Kat:3, Licht: 0","153246","3","6","2","05","13","7","","0","0","1","0","0"
"POINT (9.907569020000039 53.607864430000063)","Unfall 153247 (2024) Kat:3, Licht: 0","153247","3","6","4","05","13","7","","0","1","1","0","0"
"POINT (9.910960320000072 53.549273167000081)","Unfall 153248 (2024) Kat:3, Licht: 0","153248","3","1","0","05","12","7","","0","1","0","0","0"
"POINT (9.917905968000071 53.554129048000050)","Unfall 153249 (2024) Kat:3, Licht: 0","153249","3","6","2","05","12","7","","0","1","0","0","0"
"POINT (9.953785524000068 53.560633161000055)","Unfall 153250 (2024) Kat:3, Licht: 0","153250","3","6","2","05","14","7","","0","0","1","0","1"
"POINT (10.011126306000051 53.559707391000074)","Unfall 153251 (2024) Kat:3, Licht: 0","153251","3","5","1","05","20","7","","0","1","1","0","0"
"POINT (9.982687861000045 53.457613361000028)","Unfall 153252 (2024) Kat:3, Licht: 0","153252","3","5","6","05","10","6","","0","0","1","1","0"
"POINT (9.991858498000056 53.491940895000027)","Unfall 153253 (2024) Kat:3, Licht: 0","153253","3","2","3","05","16","6","","0","0","1","0","0"
"POINT (10.028524049000055 53.479962910000040)","Unfall 153254 (2024) Kat:3, Licht: 0","153254","3","6","4","05","15","6","","0","0","1","0","0"
"POINT (10.075248744000021 53.551272917000063)","Unfall 153255 (2024) Kat:3, Licht: 2","153255","3","5","0","05","22","6","","2","1","0","0","0"
"POINT (10.140379791000043 53.542576701000030)","Unfall 153256 (2024) Kat:3, Licht: 0","153256","3","3","5","05","07","6","","0","1","1","0","0"
"POINT (10.034987331000025 53.552392133000069)","Unfall 153257 (2024) Kat:3, Licht: 0","153257","3","4","6","05","19","6","","0","0","1","1","0"
"POINT (10.015195955000024 53.555692409000073)","Unfall 153258 (2024) Kat:3, Licht: 0","153258","3","3","5","06","08","4","","0","1","1","0","0"
"POINT (10.025776653000037 53.551302232000069)","Unfall 153259 (2024) Kat:3, Licht: 0","153259","3","3","5","05","06","6","","0","0","1","0","1"
"POINT (10.143186829000058 53.570346818000075)","Unfall 153260 (2024) Kat:3, Licht: 0","153260","3","5","5","05","13","6","","0","0","1","0","0"
"POINT (10.015770057000054 53.591868279000039)","Unfall 153261 (2024) Kat:3, Licht: 0","153261","3","6","6","06","17","6","","0","1","0","1","0"
"POINT (10.051378150000062 53.603024187000074)","Unfall 153262 (2024) Kat:3, Licht: 0","153262","3","6","3","05","19","6","","0","1","0","0","0"
"POINT (10.076021155000035 53.663313329000061)","Unfall 153263 (2024) Kat:3, Licht: 0","153263","3","6","3","05","15","6","","0","1","1","0","0"
"POINT (10.025437529000044 53.576236509000069)","Unfall 153264 (2024) Kat:3, Licht: 0","153264","3","7","0","05","17","6","","0","1","1","0","0"
"POINT (10.014393400000074 53.577025746000061)","Unfall 153265 (2024) Kat:3, Licht: 0","153265","3","7","1","05","08","6","","0","1","1","0","0"
"POINT (10.038054146000036 53.573060179000038)","Unfall 153266 (2024) Kat:3, Licht: 0","153266","3","7","0","05","17","6","","0","1","0","0","0"
"POINT (9.903655964000052 53.595568055000058)","Unfall 153267 (2024) Kat:3, Licht: 1","153267","3","5","5","05","04","6","","1","0","1","0","0"
"POINT (9.947144669000068 53.580677840000078)","Unfall 153268 (2024) Kat:3, Licht: 0","153268","3","7","0","05","09","6","","0","1","0","0","0"
"POINT (9.859816358000046 53.570040210000059)","Unfall 153269 (2024) Kat:3, Licht: 0","153269","3","2","4","06","17","2","","0","0","1","0","0"
"POINT (9.951786863000052 53.576606291000076)","Unfall 153270 (2024) Kat:3, Licht: 0","153270","3","6","2","05","18","6","","0","1","1","0","0"
"POINT (9.955989031000058 53.601015185000051)","Unfall 153271 (2024) Kat:2, Licht: 0","153271","2","3","6","05","10","6","","0","0","1","1","0"
"POINT (9.933777182000028 53.552246539000066)","Unfall 153272 (2024) Kat:3, Licht: 0","153272","3","4","6","05","17","6","","0","0","0","1","0"
"POINT (9.961341237000056 53.549543388000075)","Unfall 153273 (2024) Kat:3, Licht: 0","153273","3","2","3","05","16","6","","0","1","1","0","0"
"POINT (9.996745389000068 53.557036217000075)","Unfall 153274 (2024) Kat:2, Licht: 0","153274","2","6","3","05","14","4","","0","0","0","0","1"
"POINT (9.960104233000038 53.549424616000067)","Unfall 153275 (2024) Kat:3, Licht: 0","153275","3","4","6","05","20","6","","0","0","0","1","0"
"POINT (9.983851968000067 53.557807766000053)","Unfall 153276 (2024) Kat:3, Licht: 0","153276","3","2","3","05","13","6","","0","1","1","0","0"
"POINT (9.985947444000033 53.517843083000059)","Unfall 153277 (2024) Kat:3, Licht: 0","153277","3","5","5","05","16","5","","0","1","1","0","0"
"POINT (9.865043379000042 53.557073768000066)","Unfall 153278 (2024) Kat:3, Licht: 0","153278","3","3","5","05","11","4","","0","1","0","0","0"
"POINT (9.994299454000043 53.508717286000035)","Unfall 153279 (2024) Kat:3, Licht: 0","153279","3","6","3","05","09","5","","0","1","0","0","0"
"POINT (10.098712687000045 53.535977953000042)","Unfall 153280 (2024) Kat:2, Licht: 0","153280","2","2","3","05","16","5","","0","1","0","0","0"
"POINT (10.057487879000064 53.564429754000059)","Unfall 153281 (2024) Kat:3, Licht: 0","153281","3","2","5","05","13","5","","0","1","1","0","0"
"POINT (10.141934329000037 53.593305854000050)","Unfall 153282 (2024) Kat:3, Licht: 0","153282","3","2","3","05","10","5","","0","1","0","0","0"
"POINT (10.007035068000050 53.490153143000043)","Unfall 153283 (2024) Kat:3, Licht: 2","153283","3","7","0","05","21","6","","2","0","0","0","0"
"POINT (10.116083553000067 53.583830714000044)","Unfall 153284 (2024) Kat:3, Licht: 0","153284","3","3","5","05","09","5","","0","1","0","0","0"
"POINT (10.076633202000039 53.566850392000049)","Unfall 153285 (2024) Kat:3, Licht: 0","153285","3","6","0","05","15","5","","0","1","0","0","0"
"POINT (10.094751518000066 53.595960656000045)","Unfall 153286 (2024) Kat:3, Licht: 0","153286","3","2","4","05","07","5","","0","0","1","0","1"
"POINT (10.090010347000032 53.587163466000050)","Unfall 153287 (2024) Kat:3, Licht: 0","153287","3","2","4","05","17","5","","0","1","1","0","0"
"POINT (9.985225023000055 53.552303734000077)","Unfall 153288 (2024) Kat:3, Licht: 0","153288","3","7","0","06","08","3","","0","1","0","0","0"
"POINT (10.081575079000061 53.606306414000073)","Unfall 153289 (2024) Kat:3, Licht: 0","153289","3","7","0","05","12","5","","0","1","0","0","0"
"POINT (10.094993578000071 53.679757870000060)","Unfall 153290 (2024) Kat:3, Licht: 0","153290","3","2","5","05","12","5","","0","1","1","0","0"
"POINT (10.041359587000045 53.647741742000051)","Unfall 153291 (2024) Kat:3, Licht: 0","153291","3","2","4","05","12","5","","0","0","1","0","1"
"POINT (10.141533098000025 53.675945836000039)","Unfall 153292 (2024) Kat:3, Licht: 0","153292","3","2","4","05","08","5","","0","0","1","0","1"
"POINT (10.083839433000037 53.640447083000026)","Unfall 153293 (2024) Kat:3, Licht: 0","153293","3","5","1","05","18","5","","0","1","1","0","0"
"POINT (10.021888167000043 53.661449185000038)","Unfall 153294 (2024) Kat:3, Licht: 0","153294","3","3","5","05","18","5","","0","1","1","0","0"
"POINT (10.000703953000027 53.648429118000081)","Unfall 153295 (2024) Kat:3, Licht: 0","153295","3","7","0","05","15","5","","0","1","0","0","0"
"POINT (10.029874835000044 53.602825175000078)","Unfall 153296 (2024) Kat:3, Licht: 0","153296","3","1","0","05","07","5","","0","1","0","0","0"
"POINT (10.017943121000030 53.613095796000039)","Unfall 153297 (2024) Kat:3, Licht: 0","153297","3","1","0","05","14","5","","0","1","0","0","0"
"POINT (10.045200505000025 53.569632790000071)","Unfall 153298 (2024) Kat:3, Licht: 0","153298","3","7","0","05","08","5","","0","1","0","0","0"
"POINT (9.909981555000059 53.554309172000046)","Unfall 153299 (2024) Kat:3, Licht: 0","153299","3","3","5","05","16","5","","0","1","1","0","0"
"POINT (9.918797695000023 53.576639804000081)","Unfall 153300 (2024) Kat:3, Licht: 0","153300","3","2","4","05","07","5","","0","1","0","0","0"
"POINT (9.959849479000070 53.570380101000069)","Unfall 153301 (2024) Kat:3, Licht: 0","153301","3","3","5","05","08","5","","0","1","1","0","0"
"POINT (9.933585442000037 53.551853683000047)","Unfall 153302 (2024) Kat:3, Licht: 0","153302","3","7","0","05","17","5","","0","0","0","0","0"
"POINT (9.949760539000067 53.554347028000052)","Unfall 153303 (2024) Kat:3, Licht: 0","153303","3","7","0","05","16","5","","0","0","0","0","0"
"POINT (9.998438826000040 53.549887268000077)","Unfall 153304 (2024) Kat:3, Licht: 0","153304","3","7","3","05","11","5","","0","0","1","0","0"
"POINT (10.008926151000026 53.550644921000071)","Unfall 153305 (2024) Kat:3, Licht: 0","153305","3","3","5","05","15","5","","0","1","1","0","0"
"POINT (9.947366086000045 53.454670332000035)","Unfall 153306 (2024) Kat:3, Licht: 0","153306","3","5","5","05","18","4","","0","0","1","0","0"
"POINT (10.171301293000056 53.511543408000080)","Unfall 153307 (2024) Kat:2, Licht: 0","153307","2","5","1","05","16","1","","0","1","1","0","0"
"POINT (9.985400544000072 53.456760149000047)","Unfall 153308 (2024) Kat:3, Licht: 0","153308","3","7","6","05","06","4","","0","0","0","1","0"
"POINT (10.002168841000071 53.439441236000050)","Unfall 153309 (2024) Kat:3, Licht: 0","153309","3","3","5","05","17","4","","0","0","1","0","0"
"POINT (10.009197679000067 53.480529487000069)","Unfall 153310 (2024) Kat:3, Licht: 0","153310","3","6","2","05","16","4","","0","0","1","0","0"
"POINT (10.024079967000034 53.528004354000075)","Unfall 153311 (2024) Kat:3, Licht: 0","153311","3","3","5","05","19","4","","0","0","1","0","0"
"POINT (10.133507849000068 53.495192273000043)","Unfall 153312 (2024) Kat:3, Licht: 2","153312","3","7","0","05","22","4","","2","1","0","0","0"
"POINT (10.057793223000033 53.500437230000045)","Unfall 153313 (2024) Kat:3, Licht: 0","153313","3","7","0","05","14","4","","0","0","0","0","1"
"POINT (10.194067653000047 53.481016638000028)","Unfall 153314 (2024) Kat:2, Licht: 2","153314","2","7","0","05","01","4","","2","1","0","0","0"
"POINT (10.080966689000036 53.559650460000057)","Unfall 153315 (2024) Kat:3, Licht: 0","153315","3","6","3","05","18","4","","0","0","1","0","0"
"POINT (10.149876374000030 53.527764482000066)","Unfall 153316 (2024) Kat:3, Licht: 0","153316","3","4","6","05","14","4","","0","0","0","1","0"
"POINT (10.025582379000070 53.544472388000031)","Unfall 153317 (2024) Kat:3, Licht: 0","153317","3","2","4","05","14","4","","0","0","1","0","0"
"POINT (10.117944953000062 53.616272816000048)","Unfall 153318 (2024) Kat:3, Licht: 0","153318","3","3","5","05","10","4","","0","1","1","0","0"
"POINT (10.152205546000062 53.596065991000046)","Unfall 153319 (2024) Kat:3, Licht: 0","153319","3","7","6","05","08","4","","0","0","1","1","0"
"POINT (10.140336232000038 53.570609238000031)","Unfall 153320 (2024) Kat:2, Licht: 0","153320","2","1","0","05","15","4","","0","1","0","0","0"
"POINT (10.064678004000029 53.571368376000066)","Unfall 153321 (2024) Kat:3, Licht: 1","153321","3","6","3","05","21","4","","1","0","1","0","0"
"POINT (10.092239954000036 53.592347429000029)","Unfall 153322 (2024) Kat:3, Licht: 0","153322","3","6","4","05","18","4","","0","1","0","0","0"
"POINT (10.075892485000054 53.613881991000028)","Unfall 153323 (2024) Kat:1, Licht: 0","153323","1","4","6","05","13","4","","0","0","1","1","0"
"POINT (10.014869201000067 53.618078052000044)","Unfall 153324 (2024) Kat:3, Licht: 0","153324","3","6","2","05","17","4","","0","0","1","0","0"
"POINT (10.028591766000034 53.600260590000062)","Unfall 153325 (2024) Kat:3, Licht: 0","153325","3","6","3","05","17","4","","0","0","0","0","0"
"POINT (10.017057856000065 53.561820893000061)","Unfall 153326 (2024) Kat:3, Licht: 0","153326","3","6","2","05","18","4","","0","0","1","0","1"
"POINT (10.017266998000025 53.565155269000059)","Unfall 153327 (2024) Kat:3, Licht: 0","153327","3","7","0","05","08","4","","0","1","0","0","0"
"POINT (9.918088406000038 53.579903129000058)","Unfall 153328 (2024) Kat:3, Licht: 0","153328","3","5","3","05","15","4","","0","1","1","0","0"
"POINT (9.941540730000042 53.577835584000070)","Unfall 153329 (2024) Kat:3, Licht: 0","153329","3","2","5","05","16","4","","0","1","1","0","0"
"POINT (9.967941947000043 53.599193893000063)","Unfall 153330 (2024) Kat:3, Licht: 0","153330","3","3","5","05","08","4","","0","1","0","0","0"
"POINT (9.966645872000072 53.599290624000048)","Unfall 153331 (2024) Kat:3, Licht: 0","153331","3","3","5","05","07","4","","0","0","1","0","1"
"POINT (10.033017469000072 53.588049229000035)","Unfall 153332 (2024) Kat:3, Licht: 0","153332","3","2","5","07","16","3","","0","1","1","0","0"
"POINT (9.950499859000047 53.582437302000073)","Unfall 153333 (2024) Kat:3, Licht: 0","153333","3","4","6","05","10","4","","0","0","1","1","0"
"POINT (9.969806260000041 53.576679811000076)","Unfall 153334 (2024) Kat:3, Licht: 0","153334","3","7","0","05","16","4","","0","1","0","0","0"
"POINT (9.955767132000062 53.551400521000062)","Unfall 153335 (2024) Kat:3, Licht: 0","153335","3","2","5","05","14","4","","0","0","1","0","0"
"POINT (9.995701987000075 53.567696739000041)","Unfall 153336 (2024) Kat:3, Licht: 0","153336","3","6","2","05","08","4","","0","0","1","0","1"
"POINT (9.984490255000026 53.587244054000053)","Unfall 153337 (2024) Kat:3, Licht: 0","153337","3","6","2","06","12","6","","0","1","1","0","0"
"POINT (9.963536619000024 53.548633453000036)","Unfall 153338 (2024) Kat:3, Licht: 0","153338","3","3","5","05","19","4","","0","1","1","0","0"
"POINT (9.969267013000035 53.546010196000054)","Unfall 153339 (2024) Kat:3, Licht: 0","153339","3","2","5","05","15","4","","0","1","1","0","0"
"POINT (9.988617419000036 53.551551419000077)","Unfall 153340 (2024) Kat:3, Licht: 0","153340","3","1","0","05","15","4","","0","0","0","0","0"
"POINT (9.793498054000054 53.515220790000058)","Unfall 153341 (2024) Kat:3, Licht: 0","153341","3","6","2","05","14","3","","0","0","1","0","0"
"POINT (9.986216211000055 53.506876121000062)","Unfall 153342 (2024) Kat:3, Licht: 0","153342","3","7","6","05","08","3","","0","0","0","1","0"
"POINT (10.026851990000068 53.480334972000037)","Unfall 153343 (2024) Kat:3, Licht: 0","153343","3","1","8","05","08","3","","0","0","0","0","0"
"POINT (10.012116089000074 53.516922421000061)","Unfall 153344 (2024) Kat:3, Licht: 0","153344","3","6","2","05","06","3","","0","0","1","0","0"