WKT,Name,OBJECTID,UKATEGORIE,UTYP1,UART,UMONAT,USTUNDE,UWOCHENTAG,STRZUSTAND,ULICHTVERH,ISTRAD,ISTPKW,ISTFUSS,ISTKRAD
"POINT (10.063902842000061 53.475228321000031)","Unfall 153345 (2024) Kat:2, Licht: 0","153345","2","6","2","05","20","3","","0","1","0","0","0"
"POINT (10.099360311000055 53.538578561000065)","Unfall 153346 (2024) Kat:3, Licht: 0","153346","3","2","2","06","15","3","","0","0","1","0","0"
"POINT (10.163224981000042 53.514289662000067)","Unfall 153347 (2024) Kat:2, Licht: 0","153347","2","3","5","05","14","3","","0","1","1","0","0"
"POINT (10.069318222000049 53.523837492000041)","Unfall 153348 (2024) Kat:3, Licht: 0","153348","3","7","7","05","15","3","","0","0","1","0","1"
"POINT (10.098758441000030 53.541254151000032)","Unfall 153349 (2024) Kat:3, Licht: 0","153349","3","5","5","05","15","3","","0","0","1","0","0"
"POINT (10.130423507000046 53.539102338000077)","Unfall 153350 (2024) Kat:3, Licht: 0","153350","3","6","2","05","09","3","","0","0","1","0","0"
"POINT (10.132135682000069 53.597108338000055)","Unfall 153351 (2024) Kat:3, Licht: 0","153351","3","3","5","05","16","3","","0","1","1","0","0"
"POINT (10.099174757000071 53.569505437000032)","Unfall 153352 (2024) Kat:3, Licht: 1","153352","3","3","5","05","20","3","","1","0","1","0","0"
"POINT (10.098780341000065 53.589089512000044)","Unfall 153353 (2024) Kat:3, Licht: 0","153353","3","2","5","05","15","3","","0","1","0","0","0"
"POINT (10.061907617000031 53.570784138000079)","Unfall 153354 (2024) Kat:2, Licht: 0","153354","2","7","3","05","08","3","","0","0","0","0","1"
"POINT (10.072793538000042 53.588483756000073)","Unfall 153355 (2024) Kat:3, Licht: 0","153355","3","3","5","05","13","3","","0","0","1","0","0"
"POINT (10.037824894000039 53.609735094000030)","Unfall 153356 (2024) Kat:3, Licht: 0","153356","3","6","2","05","10","3","","0","0","1","0","0"
"POINT (10.006287910000026 53.654280280000080)","Unfall 153357 (2024) Kat:3, Licht: 0","153357","3","3","5","05","08","3","","0","0","1","0","0"
"POINT (10.040737011000033 53.562937426000076)","Unfall 153358 (2024) Kat:3, Licht: 0","153358","3","5","1","05","17","3","","0","1","1","0","0"
"POINT (9.841741523000053 53.576238384000078)","Unfall 153359 (2024) Kat:3, Licht: 0","153359","3","2","3","05","17","3","","0","1","1","0","0"
"POINT (10.085811567000064 53.580542337000054)","Unfall 153360 (2024) Kat:3, Licht: 1","153360","3","7","3","05","20","5","","1","0","1","0","0"
"POINT (9.822801670000047 53.581010973000048)","Unfall 153361 (2024) Kat:3, Licht: 0","153361","3","6","2","05","08","3","","0","0","1","0","0"
"POINT (9.978650565000066 53.590111498000056)","Unfall 153362 (2024) Kat:3, Licht: 0","153362","3","4","6","05","15","3","","0","0","1","1","0"
"POINT (10.005412553000042 53.586724861000050)","Unfall 153363 (2024) Kat:3, Licht: 0","153363","3","5","1","06","07","5","","0","1","1","0","0"
"POINT (9.944483635000040 53.575661435000029)","Unfall 153364 (2024) Kat:3, Licht: 0","153364","3","6","2","05","08","3","","0","1","1","0","0"
"POINT (9.928572072000065 53.554859718000046)","Unfall 153365 (2024) Kat:3, Licht: 0","153365","3","4","6","05","18","3","","0","1","0","1","0"
"POINT (9.941527438000037 53.563694780000048)","Unfall 153366 (2024) Kat:3, Licht: 2","153366","3","1","0","05","22","3","","2","1","0","0","0"
"POINT (9.990184776000035 53.561118084000043)","Unfall 153367 (2024) Kat:3, Licht: 0","153367","3","4","6","05","13","3","","0","0","0","1","0"
"POINT (9.984070286000076 53.547645548000048)","Unfall 153368 (2024) Kat:3, Licht: 0","153368","3","2","4","05","07","3","","0","1","1","0","0"
"POINT (10.000519295000061 53.557277151000051)","Unfall 153369 (2024) Kat:3, Licht: 0","153369","3","7","0","05","07","3","","0","1","0","0","0"
"POINT (9.852848890000075 53.473479966000070)","Unfall 153370 (2024) Kat:3, Licht: 2","153370","3","1","0","05","22","2","","2","0","0","0","1"
"POINT (9.811530575000063 53.518074999000078)","Unfall 153371 (2024) Kat:3, Licht: 0","153371","3","6","4","05","15","2","","0","1","1","0","0"
"POINT (9.998787201000027 53.594615080000040)","Unfall 153372 (2024) Kat:3, Licht: 0","153372","3","2","3","05","18","4","","0","1","1","0","0"
"POINT (10.042474197000047 53.494017194000037)","Unfall 153373 (2024) Kat:3, Licht: 2","153373","3","7","8","05","23","2","","2","0","1","0","0"
"POINT (10.216122749000021 53.485176606000039)","Unfall 153374 (2024) Kat:3, Licht: 0","153374","3","7","0","05","06","2","","0","1","0","1","0"
"POINT (10.208805398000038 53.482420488000059)","Unfall 153375 (2024) Kat:3, Licht: 0","153375","3","2","2","05","14","2","","0","0","1","0","0"
"POINT (9.753603538000050 53.583847335000030)","Unfall 153376 (2024) Kat:3, Licht: 0","153376","3","3","5","06","08","4","","0","1","1","0","0"
"POINT (10.199069898000062 53.488933428000053)","Unfall 153377 (2024) Kat:3, Licht: 0","153377","3","7","0","05","13","2","","0","0","0","0","0"
"POINT (10.212837151000031 53.504104930000040)","Unfall 153378 (2024) Kat:3, Licht: 0","153378","3","5","5","05","08","2","","0","0","1","0","0"
"POINT (10.229665057000034 53.479199710000046)","Unfall 153379 (2024) Kat:3, Licht: 0","153379","3","3","1","05","15","2","","0","1","1","0","0"
"POINT (10.036767633000068 53.535508969000034)","Unfall 153380 (2024) Kat:3, Licht: 0","153380","3","7","0","05","10","2","","0","1","0","0","0"
"POINT (9.948504030000038 53.579786058000082)","Unfall 153381 (2024) Kat:3, Licht: 1","153381","3","6","2","06","20","6","","1","0","1","0","1"
"POINT (10.015864718000046 53.522859776000075)","Unfall 153382 (2024) Kat:3, Licht: 0","153382","3","6","4","06","19","3","","0","0","1","0","0"
"POINT (10.127782778000039 53.587294516000043)","Unfall 153383 (2024) Kat:3, Licht: 0","153383","3","2","3","05","14","2","","0","1","0","0","0"
"POINT (10.129935032000049 53.571079521000058)","Unfall 153384 (2024) Kat:3, Licht: 0","153384","3","2","4","05","13","2","","0","0","1","0","1"
"POINT (10.124847292000027 53.570967499000062)","Unfall 153385 (2024) Kat:3, Licht: 0","153385","3","2","6","05","13","2","","0","0","1","1","0"
"POINT (10.123306329000059 53.568818030000045)","Unfall 153386 (2024) Kat:3, Licht: 0","153386","3","2","4","05","15","2","","0","0","1","0","0"
"POINT (9.977716053000051 53.527171289000080)","Unfall 153387 (2024) Kat:3, Licht: 2","153387","3","7","0","06","23","7","","2","1","0","0","0"
"POINT (10.075724381000043 53.592304707000039)","Unfall 153388 (2024) Kat:3, Licht: 0","153388","3","7","0","05","17","2","","0","1","0","0","0"
"POINT (10.064872015000049 53.608595531000049)","Unfall 153389 (2024) Kat:3, Licht: 0","153389","3","4","6","05","18","2","","0","1","0","1","0"
"POINT (10.163364455000021 53.650212098000054)","Unfall 153390 (2024) Kat:3, Licht: 0","153390","3","3","5","05","07","2","","0","1","0","0","0"
"POINT (10.090849590000062 53.656176909000067)","Unfall 153391 (2024) Kat:3, Licht: 0","153391","3","6","2","05","16","2","","0","0","1","0","0"
"POINT (10.058726502000070 53.570287183000062)","Unfall 153392 (2024) Kat:3, Licht: 0","153392","3","7","6","05","19","2","","0","0","1","1","0"
"POINT (10.021775259000037 53.579725816000064)","Unfall 153393 (2024) Kat:2, Licht: 0","153393","2","5","5","05","09","2","","0","1","0","0","0"
"POINT (9.922398960000066 53.548162166000054)","Unfall 153394 (2024) Kat:3, Licht: 0","153394","3","3","5","06","07","4","","0","1","1","0","0"
"POINT (9.889929132000077 53.601606616000026)","Unfall 153395 (2024) Kat:3, Licht: 0","153395","3","3","5","05","10","2","","0","1","1","0","0"
"POINT (9.886007748000054 53.572557223000047)","Unfall 153396 (2024) Kat:3, Licht: 0","153396","3","2","3","05","08","2","","0","1","0","0","0"
"POINT (9.895957930000066 53.625084093000055)","Unfall 153397 (2024) Kat:3, Licht: 0","153397","3","3","5","05","15","2","","0","1","1","0","0"
"POINT (9.907570605000046 53.632504351000080)","Unfall 153398 (2024) Kat:3, Licht: 0","153398","3","4","6","05","13","2","","0","0","1","1","0"
"POINT (9.987950168000054 53.596432605000075)","Unfall 153399 (2024) Kat:3, Licht: 0","153399","3","2","5","05","18","2","","0","0","1","0","0"
"POINT (9.966360419000068 53.603499510000063)","Unfall 153400 (2024) Kat:2, Licht: 0","153400","2","3","5","05","15","2","","0","1","1","0","0"
"POINT (9.969788427000026 53.583899951000035)","Unfall 153401 (2024) Kat:3, Licht: 0","153401","3","4","0","05","20","2","","0","0","0","1","0"
"POINT (9.940873638000028 53.546156807000045)","Unfall 153402 (2024) Kat:3, Licht: 0","153402","3","5","5","05","16","2","","0","1","0","0","1"
"POINT (10.003029996000066 53.679554328000052)","Unfall 153403 (2024) Kat:3, Licht: 0","153403","3","5","5","06","08","2","","0","1","0","0","0"
"POINT (9.934678682000026 53.555700321000074)","Unfall 153404 (2024) Kat:3, Licht: 0","153404","3","6","3","05","13","2","","0","1","1","0","0"
"POINT (10.005851597000060 53.548228851000033)","Unfall 153405 (2024) Kat:3, Licht: 0","153405","3","3","5","05","15","2","","0","0","1","0","0"
"POINT (9.982647018000023 53.544220275000043)","Unfall 153406 (2024) Kat:3, Licht: 0","153406","3","2","3","05","17","2","","0","1","1","0","0"
"POINT (10.009642055000029 53.549924064000038)","Unfall 153407 (2024) Kat:3, Licht: 0","153407","3","7","0","05","13","2","","0","0","0","0","1"
"POINT (9.824433113000055 53.517053677000035)","Unfall 153408 (2024) Kat:2, Licht: 0","153408","2","5","1","05","15","1","","0","0","0","0","1"
"POINT (9.984614759000067 53.457885656000030)","Unfall 153409 (2024) Kat:3, Licht: 0","153409","3","6","3","05","17","1","","0","0","1","0","0"
"POINT (10.120983828000021 53.571005207000042)","Unfall 153410 (2024) Kat:3, Licht: 0","153410","3","4","6","05","11","1","","0","0","1","1","0"
"POINT (10.115080460000058 53.683718727000041)","Unfall 153411 (2024) Kat:3, Licht: 0","153411","3","7","0","05","20","1","","0","1","0","0","0"
"POINT (10.100027773000022 53.705323755000052)","Unfall 153412 (2024) Kat:3, Licht: 0","153412","3","7","0","05","19","1","","0","1","0","0","0"
"POINT (10.036029064000047 53.600924466000038)","Unfall 153413 (2024) Kat:3, Licht: 0","153413","3","6","3","05","19","1","","0","0","1","0","0"
"POINT (10.047565065000072 53.595467462000045)","Unfall 153414 (2024) Kat:3, Licht: 0","153414","3","6","2","05","13","1","","0","0","1","0","0"
"POINT (10.201886203000072 53.489164834000064)","Unfall 153415 (2024) Kat:3, Licht: 0","153415","3","6","2","05","07","6","","0","0","1","0","0"
"POINT (9.854025204000038 53.598005159000081)","Unfall 153416 (2024) Kat:3, Licht: 0","153416","3","5","5","05","15","1","","0","0","1","0","1"
"POINT (9.962574383000060 53.569437503000074)","Unfall 153417 (2024) Kat:3, Licht: 0","153417","3","5","1","05","11","1","","0","0","1","0","0"
"POINT (9.927524872000049 53.544902595000053)","Unfall 153418 (2024) Kat:3, Licht: 0","153418","3","7","8","05","19","1","","0","1","0","0","0"
"POINT (9.964150459000052 53.558948234000070)","Unfall 153419 (2024) Kat:3, Licht: 0","153419","3","1","9","05","19","1","","0","1","0","0","0"
"POINT (9.975199652000072 53.556588972000043)","Unfall 153420 (2024) Kat:3, Licht: 0","153420","3","3","5","05","11","1","","0","0","1","0","0"
"POINT (9.991647999000065 53.543234222000081)","Unfall 153421 (2024) Kat:3, Licht: 0","153421","3","5","3","05","18","1","","0","0","1","0","0"
"POINT (9.958240375000059 53.565329790000078)","Unfall 153422 (2024) Kat:3, Licht: 0","153422","3","1","0","06","08","3","","0","1","0","0","0"
"POINT (9.973727824000036 53.546979582000063)","Unfall 153423 (2024) Kat:3, Licht: 0","153423","3","6","0","05","15","1","","0","0","1","0","1"
"POINT (10.006604744000072 53.550088464000055)","Unfall 153424 (2024) Kat:3, Licht: 2","153424","3","3","5","05","00","1","","2","1","1","0","0"
"POINT (10.005361260000029 53.557702264000056)","Unfall 153425 (2024) Kat:3, Licht: 0","153425","3","7","0","05","12","1","","0","1","0","0","0"
"POINT (9.983230423000066 53.480121213000075)","Unfall 153426 (2024) Kat:3, Licht: 0","153426","3","7","0","05","19","1","","0","1","0","0","0"
"POINT (9.948375385000077 53.599143911000056)","Unfall 153427 (2024) Kat:3, Licht: 0","153427","3","7","6","05","16","2","","0","0","1","1","0"
"POINT (9.970605064000040 53.459156730000075)","Unfall 153428 (2024) Kat:3, Licht: 0","153428","3","7","0","05","16","7","","0","0","0","0","0"
"POINT (10.097291908000045 53.541912393000075)","Unfall 153429 (2024) Kat:3, Licht: 0","153429","3","7","3","05","17","7","","0","0","1","0","0"
"POINT (10.118231099000070 53.585004296000079)","Unfall 153430 (2024) Kat:3, Licht: 0","153430","3","5","1","05","13","7","","0","1","1","0","0"
"POINT (10.121885485000064 53.571003849000078)","Unfall 153431 (2024) Kat:3, Licht: 0","153431","3","4","6","05","12","7","","0","1","0","1","0"
"POINT (10.136502671000073 53.570927922000067)","Unfall 153432 (2024) Kat:3, Licht: 0","153432","3","7","9","05","09","7","","0","0","1","0","0"
"POINT (10.092888370000026 53.581512657000076)","Unfall 153433 (2024) Kat:2, Licht: 0","153433","2","7","0","05","17","7","","0","1","0","0","0"
"POINT (10.085250573000053 53.603536849000079)","Unfall 153434 (2024) Kat:3, Licht: 0","153434","3","3","5","05","14","7","","0","1","1","0","0"
"POINT (10.068657931000075 53.644226642000035)","Unfall 153435 (2024) Kat:3, Licht: 2","153435","3","2","3","05","21","7","","2","0","1","0","1"
"POINT (10.011482890000025 53.649158841000030)","Unfall 153436 (2024) Kat:3, Licht: 0","153436","3","6","4","05","13","7","","0","1","0","0","0"
"POINT (10.102055206000045 53.641748264000057)","Unfall 153437 (2024) Kat:3, Licht: 0","153437","3","4","6","06","19","7","","0","1","0","1","0"
"POINT (10.008485942000050 53.581183368000040)","Unfall 153438 (2024) Kat:3, Licht: 1","153438","3","7","3","05","22","7","","1","0","1","0","1"
"POINT (10.024411108000038 53.609863746000030)","Unfall 153439 (2024) Kat:3, Licht: 0","153439","3","7","3","05","07","7","","0","0","1","0","1"
"POINT (9.861704404000022 53.587788301000046)","Unfall 153440 (2024) Kat:3, Licht: 0","153440","3","1","0","05","14","7","","0","1","0","0","0"
"POINT (9.916531760000055 53.624621866000041)","Unfall 153441 (2024) Kat:3, Licht: 0","153441","3","2","3","05","12","7","","0","0","1","0","1"
"POINT (9.975000458000068 53.579316149000078)","Unfall 153442 (2024) Kat:3, Licht: 0","153442","3","7","3","05","20","7","","0","0","1","0","0"
"POINT (9.983857582000041 53.545575011000039)","Unfall 153443 (2024) Kat:3, Licht: 2","153443","3","6","2","05","22","7","","2","0","1","0","0"
"POINT (10.000961847000042 53.524478355000042)","Unfall 153444 (2024) Kat:3, Licht: 0","153444","3","6","3","05","17","7","","0","0","1","0","1"
"POINT (10.074884407000070 53.612408545000051)","Unfall 153445 (2024) Kat:3, Licht: 0","153445","3","6","2","07","17","5","","0","0","1","0","0"
"POINT (9.990635196000028 53.513955868000039)","Unfall 153446 (2024) Kat:3, Licht: 0","153446","3","6","4","05","13","6","","0","1","0","0","0"
"POINT (10.185585305000075 53.511139484000068)","Unfall 153447 (2024) Kat:2, Licht: 0","153447","2","7","8","05","17","6","","0","0","0","0","0"
"POINT (10.116019206000033 53.485346016000051)","Unfall 153448 (2024) Kat:3, Licht: 0","153448","3","3","5","05","15","6","","0","0","1","0","1"
"POINT (10.041577884000048 53.530064553000045)","Unfall 153449 (2024) Kat:3, Licht: 1","153449","3","2","5","05","18","6","","1","1","1","0","0"
"POINT (10.057958466000059 53.608536697000034)","Unfall 153450 (2024) Kat:3, Licht: 0","153450","3","6","3","05","12","6","","0","0","1","0","0"
"POINT (10.094137034000028 53.606686045000060)","Unfall 153451 (2024) Kat:3, Licht: 0","153451","3","1","0","05","19","6","","0","1","0","0","0"
"POINT (10.158451940000077 53.653737597000031)","Unfall 153452 (2024) Kat:3, Licht: 0","153452","3","6","2","05","12","6","","0","0","1","0","0"
"POINT (10.024950600000068 53.600720303000060)","Unfall 153453 (2024) Kat:3, Licht: 0","153453","3","6","2","05","11","6","","0","0","1","0","0"
"POINT (9.935641277000059 53.579287426000064)","Unfall 153454 (2024) Kat:3, Licht: 0","153454","3","2","2","05","16","6","","0","0","1","0","1"
"POINT (9.797984281000026 53.518022405000067)","Unfall 153455 (2024) Kat:2, Licht: 0","153455","2","1","0","05","21","5","","0","1","0","0","0"
"POINT (10.027537279000057 53.606279591000032)","Unfall 153456 (2024) Kat:3, Licht: 0","153456","3","6","2","07","12","5","","0","0","1","0","0"
"POINT (9.965707948000045 53.457906601000047)","Unfall 153457 (2024) Kat:3, Licht: 0","153457","3","7","0","05","18","5","","0","1","0","0","0"
"POINT (10.012502190000021 53.463265581000030)","Unfall 153458 (2024) Kat:3, Licht: 0","153458","3","6","3","05","13","5","","0","0","1","0","0"
"POINT (10.045928418000074 53.571728834000055)","Unfall 153459 (2024) Kat:3, Licht: 2","153459","3","7","0","07","00","5","","2","0","0","0","0"
"POINT (10.113540073000024 53.486023054000043)","Unfall 153460 (2024) Kat:3, Licht: 2","153460","3","1","8","05","23","5","","2","0","1","0","0"
"POINT (10.033745378000049 53.555725292000034)","Unfall 153461 (2024) Kat:3, Licht: 0","153461","3","3","5","05","18","5","","0","0","1","0","0"
"POINT (10.138715843000057 53.608551911000063)","Unfall 153462 (2024) Kat:3, Licht: 0","153462","3","1","0","05","14","5","","0","1","0","0","0"
"POINT (10.072452646000045 53.579342399000041)","Unfall 153463 (2024) Kat:3, Licht: 2","153463","3","6","3","05","22","5","","2","0","1","0","1"
"POINT (10.067432649000068 53.582395843000029)","Unfall 153464 (2024) Kat:3, Licht: 0","153464","3","2","3","05","09","5","","0","1","1","0","0"
"POINT (10.055863026000054 53.646974060000048)","Unfall 153465 (2024) Kat:3, Licht: 0","153465","3","6","3","05","16","5","","0","0","1","0","0"
"POINT (10.066813949000050 53.676759423000078)","Unfall 153466 (2024) Kat:3, Licht: 0","153466","3","7","0","05","16","5","","0","1","0","0","0"
"POINT (10.031600072000060 53.596371110000064)","Unfall 153467 (2024) Kat:3, Licht: 0","153467","3","7","0","05","12","5","","0","1","0","0","0"
"POINT (9.851996148000069 53.584410499000057)","Unfall 153468 (2024) Kat:3, Licht: 0","153468","3","3","5","05","14","5","","0","1","1","0","0"
"POINT (9.888062764000040 53.601041671000075)","Unfall 153469 (2024) Kat:3, Licht: 0","153469","3","1","0","05","15","5","","0","1","0","0","0"
"POINT (9.938042970000026 53.633205041000053)","Unfall 153470 (2024) Kat:3, Licht: 0","153470","3","4","6","05","12","5","","0","0","1","1","0"
"POINT (9.957844645000023 53.551272209000047)","Unfall 153471 (2024) Kat:3, Licht: 2","153471","3","4","6","06","01","1","","2","0","1","1","0"
"POINT (9.976134159000026 53.608808160000081)","Unfall 153472 (2024) Kat:3, Licht: 0","153472","3","7","7","05","20","5","","0","1","0","0","0"
"POINT (9.983282542000040 53.579137634000062)","Unfall 153473 (2024) Kat:3, Licht: 0","153473","3","5","3","05","16","5","","0","0","1","0","1"
"POINT (9.965448502000072 53.563369839000075)","Unfall 153474 (2024) Kat:3, Licht: 2","153474","3","7","0","05","22","5","","2","1","0","0","0"
"POINT (9.996629276000021 53.546253392000040)","Unfall 153475 (2024) Kat:3, Licht: 0","153475","3","7","0","05","16","5","","0","1","0","0","0"
"POINT (9.992275481000036 53.556067206000080)","Unfall 153476 (2024) Kat:3, Licht: 0","153476","3","7","6","05","17","5","","0","0","1","1","0"
"POINT (9.805039267000041 53.530052683000065)","Unfall 153477 (2024) Kat:2, Licht: 0","153477","2","2","5","05","20","4","","0","0","1","0","1"
"POINT (10.010836748000031 53.461385123000071)","Unfall 153478 (2024) Kat:3, Licht: 0","153478","3","6","2","05","16","4","","0","0","1","0","0"
"POINT (10.044327559000067 53.591875044000062)","Unfall 153479 (2024) Kat:3, Licht: 0","153479","3","7","6","06","14","3","","0","1","0","1","0"
"POINT (10.201636816000075 53.402797220000082)","Unfall 153480 (2024) Kat:2, Licht: 2","153480","2","1","8","05","21","4","","2","0","0","0","1"
"POINT (9.976363554000045 53.576580662000026)","Unfall 153481 (2024) Kat:2, Licht: 0","153481","2","5","1","05","18","5","","0","1","1","0","0"
"POINT (10.146927287000040 53.418065710000064)","Unfall 153482 (2024) Kat:3, Licht: 0","153482","3","3","5","05","18","4","","0","1","1","0","0"
"POINT (10.108051321000062 53.529951586000038)","Unfall 153483 (2024) Kat:3, Licht: 0","153483","3","3","5","05","06","4","","0","1","0","0","1"
"POINT (10.094417755000052 53.529734027000075)","Unfall 153484 (2024) Kat:3, Licht: 0","153484","3","2","3","05","07","4","","0","1","0","0","0"
"POINT (10.117238274000044 53.571020180000062)","Unfall 153485 (2024) Kat:3, Licht: 0","153485","3","6","3","05","07","4","","0","0","1","0","0"
"POINT (10.075379358000021 53.566591287000051)","Unfall 153486 (2024) Kat:3, Licht: 0","153486","3","5","5","05","14","4","","0","0","1","0","0"
"POINT (10.083406725000032 53.570375438000042)","Unfall 153487 (2024) Kat:2, Licht: 0","153487","2","6","3","05","07","4","","0","1","0","0","0"
"POINT (10.186460369000031 53.500174734000041)","Unfall 153488 (2024) Kat:3, Licht: 0","153488","3","1","8","05","13","4","","0","1","0","0","0"
"POINT (10.082113743000036 53.620796066000082)","Unfall 153489 (2024) Kat:3, Licht: 0","153489","3","5","5","05","19","4","","0","1","1","0","0"
"POINT (10.078583766000065 53.613308358000040)","Unfall 153490 (2024) Kat:3, Licht: 2","153490","3","7","0","05","00","4","","2","0","0","0","0"
"POINT (10.102185537000025 53.631320223000046)","Unfall 153491 (2024) Kat:3, Licht: 0","153491","3","3","5","05","07","4","","0","1","1","0","0"
"POINT (10.159467506000055 53.657001172000037)","Unfall 153492 (2024) Kat:2, Licht: 0","153492","2","2","3","05","11","4","","0","0","0","0","1"
"POINT (10.118278336000060 53.643378457000040)","Unfall 153493 (2024) Kat:3, Licht: 0","153493","3","3","5","05","08","4","","0","0","1","0","0"
"POINT (10.004329705000032 53.668396213000051)","Unfall 153494 (2024) Kat:3, Licht: 0","153494","3","7","0","05","20","4","","0","1","0","0","0"
"POINT (9.995981038000025 53.592158139000048)","Unfall 153495 (2024) Kat:3, Licht: 0","153495","3","5","3","05","08","4","","0","1","0","0","0"
"POINT (9.931248755000070 53.592384774000038)","Unfall 153496 (2024) Kat:3, Licht: 0","153496","3","6","2","05","15","4","","0","0","1","0","0"
"POINT (9.797370512000043 53.566276617000028)","Unfall 153497 (2024) Kat:3, Licht: 0","153497","3","7","0","05","12","4","","0","1","0","0","0"
"POINT (9.915207462000069 53.554016773000058)","Unfall 153498 (2024) Kat:3, Licht: 0","153498","3","1","1","05","17","4","","0","0","1","0","1"
"POINT (9.958009459000039 53.632285977000038)","Unfall 153499 (2024) Kat:3, Licht: 0","153499","3","2","6","05","08","4","","0","0","1","1","0"
"POINT (9.940397655000027 53.561103040000035)","Unfall 153500 (2024) Kat:3, Licht: 0","153500","3","6","3","05","13","4","","0","0","1","0","1"
"POINT (10.205475115000070 53.487104200000033)","Unfall 153501 (2024) Kat:3, Licht: 0","153501","3","4","6","05","13","6","","0","0","1","1","0"
"POINT (9.990631672000063 53.560470875000078)","Unfall 153502 (2024) Kat:3, Licht: 0","153502","3","2","3","05","17","4","","0","0","1","0","0"
"POINT (9.962271316000056 53.549460361000058)","Unfall 153503 (2024) Kat:3, Licht: 2","153503","3","2","0","05","21","4","","2","0","1","0","0"
"POINT (9.961301017000039 53.550648711000065)","Unfall 153504 (2024) Kat:2, Licht: 2","153504","2","7","6","05","02","4","","2","0","1","1","0"
"POINT (9.989045176000047 53.543061259000069)","Unfall 153505 (2024) Kat:3, Licht: 0","153505","3","2","3","05","19","4","","0","1","1","0","0"
"POINT (9.973847688000035 53.546939232000057)","Unfall 153506 (2024) Kat:3, Licht: 0","153506","3","7","0","05","17","4","","0","0","0","0","1"
"POINT (9.852868587000046 53.470842615000038)","Unfall 153507 (2024) Kat:3, Licht: 2","153507","3","1","0","05","03","3","","2","0","0","0","0"
"POINT (10.232128514000067 53.452749010000048)","Unfall 153508 (2024) Kat:3, Licht: 0","153508","3","4","6","05","07","3","","0","1","0","1","0"
"POINT (10.042181169000060 53.554569224000034)","Unfall 153509 (2024) Kat:3, Licht: 0","153509","3","7","0","05","19","3","","0","0","0","0","0"
"POINT (10.137191071000075 53.633077372000059)","Unfall 153510 (2024) Kat:2, Licht: 0","153510","2","6","4","05","16","3","","0","0","1","0","0"
"POINT (10.101804571000059 53.582771609000076)","Unfall 153511 (2024) Kat:2, Licht: 0","153511","2","4","6","05","17","3","","0","0","1","1","0"
"POINT (10.041684167000028 53.607916995000039)","Unfall 153512 (2024) Kat:3, Licht: 0","153512","3","5","1","06","07","6","","0","1","1","0","0"
"POINT (10.066138820000049 53.562775513000076)","Unfall 153513 (2024) Kat:3, Licht: 2","153513","3","6","4","05","00","3","","2","1","0","0","0"
"POINT (10.099171486000046 53.538514811000027)","Unfall 153514 (2024) Kat:3, Licht: 0","153514","3","3","5","05","15","4","","0","0","1","0","0"
"POINT (10.085388469000065 53.569019727000068)","Unfall 153515 (2024) Kat:3, Licht: 0","153515","3","7","0","05","13","3","","0","1","0","0","0"
"POINT (10.031872683000074 53.588107766000064)","Unfall 153516 (2024) Kat:3, Licht: 0","153516","3","2","4","05","15","3","","0","1","1","0","0"
"POINT (9.903249836000043 53.608576950000042)","Unfall 153517 (2024) Kat:3, Licht: 0","153517","3","7","1","05","12","3","","0","0","1","0","0"
"POINT (9.896935302000031 53.609100751000028)","Unfall 153518 (2024) Kat:3, Licht: 0","153518","3","2","3","05","09","3","","0","1","1","0","0"
"POINT (9.872672695000063 53.600208902000077)","Unfall 153519 (2024) Kat:3, Licht: 0","153519","3","2","3","05","15","3","","0","1","1","0","0"
"POINT (9.880505262000042 53.565364380000062)","Unfall 153520 (2024) Kat:3, Licht: 0","153520","3","6","2","05","13","3","","0","0","1","0","0"
"POINT (9.925209912000071 53.549957622000079)","Unfall 153521 (2024) Kat:3, Licht: 0","153521","3","7","0","05","18","3","","0","1","1","0","0"
"POINT (9.976271391000068 53.564640983000061)","Unfall 153522 (2024) Kat:3, Licht: 0","153522","3","6","2","05","09","3","","0","0","1","0","0"
"POINT (9.972662665000030 53.556991376000042)","Unfall 153523 (2024) Kat:3, Licht: 0","153523","3","7","1","05","09","3","","0","1","1","0","0"
"POINT (9.981921348000071 53.559682420000058)","Unfall 153524 (2024) Kat:3, Licht: 0","153524","3","7","6","05","13","3","","0","0","1","0","0"
"POINT (9.986679483000046 53.451798073000077)","Unfall 153525 (2024) Kat:2, Licht: 0","153525","2","4","6","05","19","2","","0","0","1","1","0"
"POINT (9.981141407000052 53.421278061000066)","Unfall 153526 (2024) Kat:3, Licht: 0","153526","3","5","5","05","21","2","","0","0","1","0","0"
"POINT (10.025021886000047 53.545203238000056)","Unfall 153527 (2024) Kat:3, Licht: 0","153527","3","7","0","05","17","2","","0","1","0","0","0"
"POINT (10.109085338000057 53.592933375000030)","Unfall 153528 (2024) Kat:3, Licht: 0","153528","3","6","2","05","15","2","","0","0","1","0","0"
"POINT (10.062814742000057 53.569294527000068)","Unfall 153529 (2024) Kat:3, Licht: 0","153529","3","2","4","05","17","2","","0","1","1","0","0"
"POINT (10.098672097000076 53.583498251000037)","Unfall 153530 (2024) Kat:3, Licht: 0","153530","3","3","5","05","07","2","","0","1","1","0","0"