WKT,Name,OBJECTID,UKATEGORIE,UTYP1,UART,UMONAT,USTUNDE,UWOCHENTAG,STRZUSTAND,ULICHTVERH,ISTRAD,ISTPKW,ISTFUSS,ISTKRAD
"POINT (10.061130484000046 53.560284197000044)","Unfall 153717 (2024) Kat:3, Licht: 1","153717","3","6","2","04","06","1","","1","0","1","0","0"
"POINT (10.104260952000061 53.573661665000031)","Unfall 153718 (2024) Kat:2, Licht: 0","153718","2","3","5","04","10","1","","0","0","1","0","0"
"POINT (10.120642487000055 53.607515612000043)","Unfall 153719 (2024) Kat:3, Licht: 0","153719","3","5","5","04","10","1","","0","0","1","0","0"
"POINT (10.094781844000067 53.638996423000037)","Unfall 153720 (2024) Kat:3, Licht: 0","153720","3","6","3","04","11","1","","0","0","1","0","0"
"POINT (10.017997773000047 53.613113781000038)","Unfall 153721 (2024) Kat:3, Licht: 0","153721","3","7","0","04","09","1","","0","1","0","0","0"
"POINT (9.941443652000032 53.562819991000026)","Unfall 153722 (2024) Kat:3, Licht: 0","153722","3","7","0","04","16","1","","0","1","0","0","0"
"POINT (9.999664508000023 53.576400582000076)","Unfall 153723 (2024) Kat:3, Licht: 0","153723","3","1","0","04","18","1","","0","1","0","0","0"
"POINT (9.937438048000047 53.476268782000034)","Unfall 153724 (2024) Kat:3, Licht: 0","153724","3","4","6","06","13","7","","0","0","1","1","0"
"POINT (9.975464031000058 53.558229703000052)","Unfall 153725 (2024) Kat:3, Licht: 0","153725","3","4","6","04","15","1","","0","0","0","1","0"
"POINT (9.987740379000059 53.541406994000056)","Unfall 153726 (2024) Kat:3, Licht: 1","153726","3","1","0","04","19","1","","1","0","0","0","1"
"POINT (9.992220024000062 53.556108319000032)","Unfall 153727 (2024) Kat:3, Licht: 0","153727","3","2","4","04","11","1","","0","1","1","0","0"
"POINT (10.207786813000041 53.490930572000082)","Unfall 153728 (2024) Kat:3, Licht: 2","153728","3","3","5","04","23","7","","2","1","0","0","0"
"POINT (10.035533566000026 53.601952362000077)","Unfall 153729 (2024) Kat:3, Licht: 0","153729","3","7","0","05","16","3","","0","0","1","0","0"
"POINT (10.102253657000063 53.541873433000035)","Unfall 153730 (2024) Kat:2, Licht: 0","153730","2","6","2","04","19","7","","0","0","1","0","0"
"POINT (10.164935243000059 53.621816423000041)","Unfall 153731 (2024) Kat:3, Licht: 0","153731","3","5","5","04","09","7","","0","0","1","0","0"
"POINT (10.042788005000034 53.598724823000055)","Unfall 153732 (2024) Kat:3, Licht: 0","153732","3","1","8","04","18","7","","0","0","0","0","0"
"POINT (10.101919574000021 53.654033893000076)","Unfall 153733 (2024) Kat:3, Licht: 0","153733","3","7","0","04","11","7","","0","1","0","0","0"
"POINT (10.013002114000074 53.644971659000078)","Unfall 153734 (2024) Kat:3, Licht: 2","153734","3","7","0","04","04","7","","2","0","1","0","0"
"POINT (10.045528865000051 53.586672776000057)","Unfall 153735 (2024) Kat:3, Licht: 0","153735","3","5","1","04","11","7","","0","1","1","0","0"
"POINT (10.031450745000029 53.576134410000066)","Unfall 153736 (2024) Kat:3, Licht: 0","153736","3","3","5","04","15","7","","0","1","1","0","0"
"POINT (9.958322340000052 53.632769693000057)","Unfall 153737 (2024) Kat:3, Licht: 0","153737","3","1","1","04","18","7","","0","0","1","0","0"
"POINT (9.959860523000032 53.549560262000057)","Unfall 153738 (2024) Kat:3, Licht: 0","153738","3","7","0","06","16","1","","0","0","0","0","0"
"POINT (9.995133209000073 53.558479088000070)","Unfall 153739 (2024) Kat:3, Licht: 0","153739","3","6","3","04","15","7","","0","0","1","0","0"
"POINT (9.988452006000045 53.555488096000033)","Unfall 153740 (2024) Kat:3, Licht: 0","153740","3","7","0","04","14","7","","0","1","0","0","0"
"POINT (9.987013981000075 53.513108815000066)","Unfall 153741 (2024) Kat:3, Licht: 0","153741","3","1","0","05","08","5","","0","1","0","0","0"
"POINT (9.989248939000049 53.558301017000076)","Unfall 153742 (2024) Kat:3, Licht: 2","153742","3","2","5","04","21","7","","2","0","1","0","0"
"POINT (10.069727354000065 53.581641470000079)","Unfall 153743 (2024) Kat:3, Licht: 0","153743","3","4","6","05","17","4","","0","0","1","1","0"
"POINT (10.008488116000024 53.553299114000026)","Unfall 153744 (2024) Kat:3, Licht: 0","153744","3","7","1","04","13","7","","0","1","1","0","0"
"POINT (9.818107766000026 53.473937420000027)","Unfall 153745 (2024) Kat:3, Licht: 0","153745","3","4","6","04","15","6","","0","0","1","1","0"
"POINT (9.999194279000051 53.444330914000034)","Unfall 153746 (2024) Kat:3, Licht: 0","153746","3","5","3","04","18","6","","0","0","1","0","0"
"POINT (10.000550257000043 53.520059263000064)","Unfall 153747 (2024) Kat:3, Licht: 0","153747","3","5","5","04","17","6","","0","1","1","0","0"
"POINT (10.077153875000022 53.653123619000041)","Unfall 153748 (2024) Kat:3, Licht: 0","153748","3","2","5","04","15","2","","0","0","1","0","0"
"POINT (10.205681326000047 53.475836017000063)","Unfall 153749 (2024) Kat:2, Licht: 0","153749","2","3","5","04","09","6","","0","0","1","0","0"
"POINT (10.115734123000038 53.557326041000067)","Unfall 153750 (2024) Kat:3, Licht: 0","153750","3","6","3","04","09","6","","0","0","1","0","0"
"POINT (9.973398305000046 53.455472425000039)","Unfall 153751 (2024) Kat:3, Licht: 0","153751","3","7","0","05","18","4","","0","0","0","0","0"
"POINT (10.033292350000067 53.554329360000054)","Unfall 153752 (2024) Kat:3, Licht: 0","153752","3","6","3","04","17","6","","0","0","1","0","0"
"POINT (10.124514307000027 53.604208361000076)","Unfall 153753 (2024) Kat:3, Licht: 0","153753","3","1","0","04","18","6","","0","1","0","0","0"
"POINT (10.160105038000040 53.646412303000034)","Unfall 153754 (2024) Kat:3, Licht: 2","153754","3","7","0","04","21","6","","2","1","0","0","0"
"POINT (10.120824211000070 53.655448146000026)","Unfall 153755 (2024) Kat:3, Licht: 0","153755","3","6","2","06","11","2","","0","0","1","0","0"
"POINT (10.049372584000025 53.568255170000043)","Unfall 153756 (2024) Kat:2, Licht: 0","153756","2","2","3","04","15","6","","0","0","1","0","0"
"POINT (9.823380888000031 53.560630819000039)","Unfall 153757 (2024) Kat:3, Licht: 0","153757","3","4","6","04","13","6","","0","0","1","1","0"
"POINT (9.941523725000025 53.577854443000035)","Unfall 153758 (2024) Kat:3, Licht: 0","153758","3","2","5","04","15","6","","0","1","1","0","0"
"POINT (9.967026736000037 53.603248618000066)","Unfall 153759 (2024) Kat:2, Licht: 0","153759","2","3","5","04","06","6","","0","0","1","0","0"
"POINT (9.989295869000046 53.558298765000075)","Unfall 153760 (2024) Kat:3, Licht: 2","153760","3","3","5","04","21","6","","2","0","1","0","0"
"POINT (9.992510433000064 53.556484876000070)","Unfall 153761 (2024) Kat:3, Licht: 0","153761","3","7","3","04","17","6","","0","1","1","0","0"
"POINT (9.982640433000029 53.544225814000072)","Unfall 153762 (2024) Kat:3, Licht: 0","153762","3","2","5","04","18","6","","0","1","0","0","0"
"POINT (9.958483844000057 53.597851450000064)","Unfall 153763 (2024) Kat:3, Licht: 0","153763","3","3","3","05","17","5","","0","0","1","0","0"
"POINT (9.986267359000067 53.507240618000026)","Unfall 153764 (2024) Kat:3, Licht: 0","153764","3","4","6","04","16","5","","0","0","1","1","0"
"POINT (9.987305447000040 53.493751539000073)","Unfall 153765 (2024) Kat:3, Licht: 1","153765","3","3","5","04","05","5","","1","0","1","0","0"
"POINT (10.205158923000056 53.490608670000029)","Unfall 153766 (2024) Kat:3, Licht: 0","153766","3","1","0","04","18","5","","0","0","0","0","0"
"POINT (10.112348840000038 53.553436297000076)","Unfall 153767 (2024) Kat:3, Licht: 2","153767","3","6","3","04","23","5","","2","0","1","0","0"
"POINT (10.066326855000057 53.598759842000050)","Unfall 153768 (2024) Kat:3, Licht: 0","153768","3","2","3","06","18","3","","0","1","1","0","0"
"POINT (10.058109721000051 53.561204810000049)","Unfall 153769 (2024) Kat:3, Licht: 1","153769","3","1","0","04","19","5","","1","1","0","0","0"
"POINT (10.165021732000071 53.605674354000030)","Unfall 153770 (2024) Kat:3, Licht: 0","153770","3","3","5","04","10","5","","0","0","1","0","0"
"POINT (10.088958978000051 53.607446933000062)","Unfall 153771 (2024) Kat:3, Licht: 0","153771","3","6","2","04","08","5","","0","0","1","0","0"
"POINT (10.051077694000071 53.646822391000057)","Unfall 153772 (2024) Kat:3, Licht: 0","153772","3","3","5","04","18","5","","0","1","1","0","0"
"POINT (10.113381863000029 53.653345160000072)","Unfall 153773 (2024) Kat:3, Licht: 0","153773","3","3","5","04","11","5","","0","1","0","0","0"
"POINT (10.014808181000035 53.574612578000028)","Unfall 153774 (2024) Kat:3, Licht: 0","153774","3","3","5","04","07","5","","0","0","1","0","0"
"POINT (9.930522060000044 53.597008545000051)","Unfall 153775 (2024) Kat:2, Licht: 0","153775","2","5","1","04","08","5","","0","1","1","0","0"
"POINT (9.906698482000024 53.615352994000034)","Unfall 153776 (2024) Kat:3, Licht: 2","153776","3","7","3","04","00","5","","2","0","1","0","0"
"POINT (9.913595902000054 53.649168026000041)","Unfall 153777 (2024) Kat:3, Licht: 0","153777","3","7","0","04","08","5","","0","1","0","0","0"
"POINT (9.966651637000041 53.599357607000059)","Unfall 153778 (2024) Kat:3, Licht: 0","153778","3","1","0","04","18","5","","0","1","0","0","0"
"POINT (9.991292535000071 53.602375721000044)","Unfall 153779 (2024) Kat:3, Licht: 0","153779","3","2","2","04","08","5","","0","0","1","0","0"
"POINT (9.967604795000057 53.586013372000082)","Unfall 153780 (2024) Kat:3, Licht: 0","153780","3","7","0","04","10","5","","0","1","0","0","0"
"POINT (10.004011857000023 53.557472445000030)","Unfall 153781 (2024) Kat:3, Licht: 1","153781","3","6","2","06","22","7","","1","0","1","0","1"
"POINT (9.995058769000025 53.570864975000063)","Unfall 153782 (2024) Kat:2, Licht: 0","153782","2","5","1","04","16","5","","0","1","1","0","0"
"POINT (9.978281911000067 53.544263523000041)","Unfall 153783 (2024) Kat:3, Licht: 0","153783","3","3","5","04","19","5","","0","0","1","0","0"
"POINT (9.976065076000054 53.466708037000046)","Unfall 153784 (2024) Kat:3, Licht: 2","153784","3","6","2","04","21","5","","2","0","1","0","0"
"POINT (10.006361951000031 53.547746410000059)","Unfall 153785 (2024) Kat:3, Licht: 0","153785","3","1","0","06","13","6","","0","0","0","0","0"
"POINT (10.179766017000077 53.478269435000072)","Unfall 153786 (2024) Kat:3, Licht: 0","153786","3","3","5","04","16","4","","0","1","0","0","0"
"POINT (10.201834630000064 53.488730880000048)","Unfall 153787 (2024) Kat:3, Licht: 0","153787","3","6","2","04","10","4","","0","0","1","0","0"
"POINT (10.099261989000070 53.549889362000044)","Unfall 153788 (2024) Kat:3, Licht: 0","153788","3","4","6","04","13","4","","0","0","1","1","0"
"POINT (10.078747424000028 53.563571236000030)","Unfall 153789 (2024) Kat:3, Licht: 0","153789","3","1","3","04","18","7","","0","1","0","0","0"
"POINT (10.014460779000046 53.544325265000055)","Unfall 153790 (2024) Kat:2, Licht: 0","153790","2","2","5","04","15","4","","0","1","1","0","0"
"POINT (10.032764014000065 53.557397097000035)","Unfall 153791 (2024) Kat:3, Licht: 0","153791","3","2","6","04","17","4","","0","0","1","1","0"
"POINT (10.052694267000049 53.550083645000029)","Unfall 153792 (2024) Kat:3, Licht: 0","153792","3","3","5","04","16","4","","0","0","1","0","0"
"POINT (10.142229441000040 53.625324303000070)","Unfall 153793 (2024) Kat:3, Licht: 0","153793","3","2","4","04","12","4","","0","1","1","0","0"
"POINT (10.172147764000044 53.634145568000065)","Unfall 153794 (2024) Kat:3, Licht: 0","153794","3","7","6","04","08","4","","0","0","1","1","0"
"POINT (10.099446069000066 53.587776249000058)","Unfall 153795 (2024) Kat:3, Licht: 0","153795","3","6","2","04","18","4","","0","0","1","0","0"
"POINT (10.040184551000038 53.559982610000077)","Unfall 153796 (2024) Kat:2, Licht: 0","153796","2","3","5","06","13","2","","0","0","0","0","0"
"POINT (10.004416108000044 53.668385223000030)","Unfall 153797 (2024) Kat:3, Licht: 0","153797","3","7","0","04","15","4","","0","1","0","0","0"
"POINT (10.038681282000027 53.608032689000026)","Unfall 153798 (2024) Kat:3, Licht: 1","153798","3","6","2","06","20","4","","1","0","1","0","1"
"POINT (10.006624675000069 53.635019826000075)","Unfall 153799 (2024) Kat:3, Licht: 0","153799","3","3","5","04","18","4","","0","0","1","0","0"
"POINT (10.025189970000042 53.561534379000079)","Unfall 153800 (2024) Kat:3, Licht: 0","153800","3","5","3","04","17","4","","0","1","1","0","0"
"POINT (10.044306837000022 53.593354397000041)","Unfall 153801 (2024) Kat:3, Licht: 0","153801","3","1","0","04","07","4","","0","1","0","0","0"
"POINT (9.937591193000060 53.581491127000049)","Unfall 153802 (2024) Kat:3, Licht: 0","153802","3","2","5","04","15","4","","0","1","1","0","0"
"POINT (9.947845317000031 53.582464772000037)","Unfall 153803 (2024) Kat:3, Licht: 1","153803","3","7","0","04","18","4","","1","1","0","0","0"
"POINT (9.977997188000074 53.546166510000035)","Unfall 153804 (2024) Kat:3, Licht: 0","153804","3","1","0","04","09","4","","0","1","0","0","0"
"POINT (10.024084923000032 53.528002484000069)","Unfall 153805 (2024) Kat:3, Licht: 0","153805","3","3","5","04","14","3","","0","0","1","0","0"
"POINT (10.064830552000046 53.586363790000064)","Unfall 153806 (2024) Kat:3, Licht: 0","153806","3","4","6","04","13","3","","0","0","1","1","0"
"POINT (10.076172178000036 53.591940216000069)","Unfall 153807 (2024) Kat:3, Licht: 0","153807","3","4","6","04","07","3","","0","1","0","1","0"
"POINT (10.037033330000042 53.608165649000057)","Unfall 153808 (2024) Kat:3, Licht: 0","153808","3","6","2","04","07","3","","0","0","1","0","1"
"POINT (10.016924507000056 53.617478537000068)","Unfall 153809 (2024) Kat:3, Licht: 0","153809","3","6","2","06","13","5","","0","0","1","0","0"
"POINT (10.093858425000064 53.649386440000058)","Unfall 153810 (2024) Kat:3, Licht: 0","153810","3","6","0","04","18","3","","0","1","0","0","0"
"POINT (9.957228154000063 53.632391360000042)","Unfall 153811 (2024) Kat:3, Licht: 0","153811","3","5","5","04","08","3","","0","0","1","0","0"
"POINT (10.038494742000069 53.642099244000065)","Unfall 153812 (2024) Kat:3, Licht: 0","153812","3","6","3","05","16","5","","0","1","1","0","0"
"POINT (9.982255593000048 53.584469995000063)","Unfall 153813 (2024) Kat:3, Licht: 0","153813","3","7","6","04","13","3","","0","0","0","1","0"
"POINT (9.946337883000069 53.593236852000075)","Unfall 153814 (2024) Kat:3, Licht: 0","153814","3","3","5","04","07","3","","0","1","1","0","0"
"POINT (9.987276011000063 53.594517171000064)","Unfall 153815 (2024) Kat:3, Licht: 0","153815","3","2","5","04","17","3","","0","1","0","0","0"
"POINT (9.949763509000036 53.557612001000052)","Unfall 153816 (2024) Kat:3, Licht: 0","153816","3","5","5","04","12","3","","0","0","1","0","0"
"POINT (10.016401805000044 53.555475446000059)","Unfall 153817 (2024) Kat:3, Licht: 0","153817","3","2","4","04","09","3","","0","1","1","0","0"
"POINT (9.842847470000038 53.471321333000049)","Unfall 153818 (2024) Kat:2, Licht: 0","153818","2","7","0","04","10","2","","0","1","0","0","0"
"POINT (9.976781648000042 53.455208506000076)","Unfall 153819 (2024) Kat:3, Licht: 0","153819","3","6","2","04","13","2","","0","0","1","0","0"
"POINT (10.154096041000059 53.474388168000075)","Unfall 153820 (2024) Kat:3, Licht: 0","153820","3","3","5","04","11","2","","0","0","1","0","1"
"POINT (10.202064358000030 53.485724768000068)","Unfall 153821 (2024) Kat:3, Licht: 0","153821","3","3","5","04","07","2","","0","0","0","0","0"
"POINT (10.103900096000075 53.574836783000080)","Unfall 153822 (2024) Kat:3, Licht: 1","153822","3","1","0","04","20","2","","1","0","0","0","1"
"POINT (10.129271669000047 53.602479967000079)","Unfall 153823 (2024) Kat:3, Licht: 0","153823","3","1","0","04","19","2","","0","1","0","0","0"
"POINT (10.100564315000042 53.579720535000035)","Unfall 153824 (2024) Kat:3, Licht: 0","153824","3","6","2","04","17","2","","0","0","1","0","0"
"POINT (10.101480768000044 53.654107398000065)","Unfall 153825 (2024) Kat:3, Licht: 1","153825","3","7","0","04","21","2","","1","0","0","0","0"
"POINT (10.037305533000051 53.587396016000071)","Unfall 153826 (2024) Kat:3, Licht: 0","153826","3","7","0","04","14","2","","0","0","1","0","0"
"POINT (10.044728981000048 53.586746788000028)","Unfall 153827 (2024) Kat:3, Licht: 0","153827","3","3","5","04","19","2","","0","0","1","0","0"
"POINT (9.945630989000051 53.620291230000078)","Unfall 153828 (2024) Kat:3, Licht: 0","153828","3","6","2","04","19","2","","0","0","1","0","0"
"POINT (9.974932398000021 53.601651374000028)","Unfall 153829 (2024) Kat:2, Licht: 0","153829","2","1","0","04","17","2","","0","1","0","0","0"
"POINT (9.822720717000038 53.526253174000033)","Unfall 153830 (2024) Kat:3, Licht: 2","153830","3","1","9","04","23","1","","2","0","1","0","0"
"POINT (10.064605787000062 53.597527517000060)","Unfall 153831 (2024) Kat:3, Licht: 0","153831","3","2","5","04","13","1","","0","1","1","0","0"
"POINT (10.025724652000065 53.669415228000048)","Unfall 153832 (2024) Kat:3, Licht: 2","153832","3","7","0","04","03","1","","2","0","0","0","0"
"POINT (10.039074058000040 53.599856958000032)","Unfall 153833 (2024) Kat:3, Licht: 0","153833","3","7","0","04","12","1","","0","1","0","0","0"
"POINT (10.030303284000070 53.572232395000071)","Unfall 153834 (2024) Kat:3, Licht: 2","153834","3","6","4","04","01","1","","2","1","0","0","0"
"POINT (9.927033279000057 53.588027382000064)","Unfall 153835 (2024) Kat:3, Licht: 2","153835","3","1","8","04","22","1","","2","0","1","0","0"
"POINT (9.883592592000070 53.546583100000078)","Unfall 153836 (2024) Kat:3, Licht: 0","153836","3","6","2","04","13","1","","0","0","1","0","1"
"POINT (9.947757460000048 53.585428307000029)","Unfall 153837 (2024) Kat:3, Licht: 0","153837","3","3","5","04","15","1","","0","1","0","0","0"
"POINT (10.126408486000059 53.582693423000080)","Unfall 153838 (2024) Kat:3, Licht: 0","153838","3","6","2","06","15","3","","0","0","1","0","0"
"POINT (9.977604970000073 53.430265632000044)","Unfall 153839 (2024) Kat:3, Licht: 0","153839","3","5","1","05","16","1","","0","1","1","0","0"
"POINT (9.988435856000024 53.582131800000070)","Unfall 153840 (2024) Kat:3, Licht: 0","153840","3","3","5","04","11","1","","0","1","1","0","0"
"POINT (10.003703895000058 53.557205190000047)","Unfall 153841 (2024) Kat:3, Licht: 2","153841","3","7","4","04","02","1","","2","0","1","0","0"
"POINT (10.093348380000066 53.578449215000035)","Unfall 153842 (2024) Kat:3, Licht: 0","153842","3","2","3","07","11","3","","0","0","0","0","0"
"POINT (10.171044177000056 53.509755336000069)","Unfall 153843 (2024) Kat:3, Licht: 0","153843","3","7","8","04","08","7","","0","1","0","0","0"
"POINT (10.070053638000047 53.575859840000078)","Unfall 153844 (2024) Kat:3, Licht: 0","153844","3","6","2","04","11","7","","0","0","1","0","1"
"POINT (10.019606534000047 53.591662034000080)","Unfall 153845 (2024) Kat:3, Licht: 0","153845","3","3","5","04","12","7","","0","1","0","0","0"
"POINT (9.918539503000034 53.590184092000072)","Unfall 153846 (2024) Kat:3, Licht: 2","153846","3","1","0","04","23","7","","2","0","0","0","0"
"POINT (9.950211234000051 53.556459486000051)","Unfall 153847 (2024) Kat:2, Licht: 2","153847","2","5","3","04","20","7","","2","0","1","0","0"
"POINT (10.004973198000073 53.551676242000042)","Unfall 153848 (2024) Kat:3, Licht: 0","153848","3","7","0","04","14","7","","0","0","0","1","0"
"POINT (9.919754497000042 53.433795417000056)","Unfall 153849 (2024) Kat:3, Licht: 0","153849","3","3","5","04","08","6","","0","0","1","0","0"
"POINT (10.181177240000068 53.486323078000055)","Unfall 153850 (2024) Kat:3, Licht: 0","153850","3","3","5","04","08","6","","0","1","1","0","0"
"POINT (10.124761179000075 53.538605067000049)","Unfall 153851 (2024) Kat:3, Licht: 0","153851","3","5","6","04","12","6","","0","0","1","1","0"
"POINT (10.178428263000058 53.590684001000056)","Unfall 153852 (2024) Kat:3, Licht: 0","153852","3","3","5","04","14","6","","0","1","1","0","0"
"POINT (10.060638891000053 53.570746972000052)","Unfall 153853 (2024) Kat:3, Licht: 0","153853","3","6","2","04","12","6","","0","0","1","0","0"
"POINT (9.996988976000068 53.597195679000038)","Unfall 153854 (2024) Kat:3, Licht: 0","153854","3","5","3","04","18","6","","0","1","1","0","0"
"POINT (9.905138304000047 53.610942916000056)","Unfall 153855 (2024) Kat:3, Licht: 0","153855","3","6","2","04","14","6","","0","0","1","0","0"
"POINT (9.823186770000063 53.579493820000039)","Unfall 153856 (2024) Kat:3, Licht: 0","153856","3","6","2","04","10","6","","0","0","1","0","0"
"POINT (9.902892895000036 53.595790549000071)","Unfall 153857 (2024) Kat:3, Licht: 0","153857","3","5","5","04","13","6","","0","0","1","0","0"
"POINT (9.907982650000065 53.566855755000063)","Unfall 153858 (2024) Kat:3, Licht: 0","153858","3","2","3","04","10","6","","0","1","1","0","0"
"POINT (9.923560026000075 53.625161139000056)","Unfall 153859 (2024) Kat:3, Licht: 0","153859","3","7","0","04","12","6","","0","1","0","0","0"
"POINT (9.950466176000077 53.597430948000067)","Unfall 153860 (2024) Kat:3, Licht: 0","153860","3","3","5","04","14","6","","0","0","1","0","0"
"POINT (9.934427681000045 53.551529872000060)","Unfall 153861 (2024) Kat:3, Licht: 0","153861","3","7","6","04","14","6","","0","0","0","1","0"
"POINT (9.927357658000062 53.550316540000040)","Unfall 153862 (2024) Kat:3, Licht: 0","153862","3","6","4","04","17","6","","0","1","0","0","0"
"POINT (9.962198443000034 53.549546436000071)","Unfall 153863 (2024) Kat:3, Licht: 0","153863","3","2","4","04","05","6","","0","1","1","0","0"
"POINT (9.991431647000070 53.500613955000063)","Unfall 153864 (2024) Kat:3, Licht: 0","153864","3","2","4","06","19","4","","0","0","1","0","1"
"POINT (10.023158842000043 53.530049547000033)","Unfall 153865 (2024) Kat:3, Licht: 0","153865","3","7","0","04","12","5","","0","1","0","0","0"
"POINT (9.992878804000043 53.512043301000062)","Unfall 153866 (2024) Kat:3, Licht: 0","153866","3","4","6","04","13","5","","0","0","1","1","0"
"POINT (10.217747008000060 53.489875114000029)","Unfall 153867 (2024) Kat:2, Licht: 0","153867","2","3","5","04","16","5","","0","0","1","0","0"
"POINT (10.211734826000054 53.504091663000054)","Unfall 153868 (2024) Kat:3, Licht: 0","153868","3","3","5","04","09","5","","0","1","1","0","0"
"POINT (9.790546739000035 53.515810329000033)","Unfall 153869 (2024) Kat:3, Licht: 0","153869","3","6","4","04","11","7","","0","0","1","0","0"
"POINT (10.109038375000068 53.592863986000054)","Unfall 153870 (2024) Kat:3, Licht: 0","153870","3","2","3","04","16","5","","0","1","1","0","0"
"POINT (10.121383980000076 53.645147779000069)","Unfall 153871 (2024) Kat:3, Licht: 0","153871","3","2","3","04","18","5","","0","0","1","0","1"
"POINT (10.160077427000033 53.649869415000069)","Unfall 153872 (2024) Kat:1, Licht: 0","153872","1","3","5","04","10","5","","0","1","1","0","0"
"POINT (10.042850411000074 53.540224818000070)","Unfall 153873 (2024) Kat:3, Licht: 0","153873","3","2","4","06","16","3","","0","0","1","0","0"
"POINT (9.991944429000057 53.667632426000068)","Unfall 153874 (2024) Kat:3, Licht: 0","153874","3","5","5","04","16","5","","0","1","1","0","0"
"POINT (10.000442711000062 53.621586278000052)","Unfall 153875 (2024) Kat:3, Licht: 0","153875","3","5","5","04","14","5","","0","1","1","0","0"
"POINT (9.999041631000068 53.585079509000082)","Unfall 153876 (2024) Kat:3, Licht: 0","153876","3","6","3","04","07","5","","0","1","1","0","0"
"POINT (9.804613545000052 53.575047646000030)","Unfall 153877 (2024) Kat:3, Licht: 0","153877","3","7","0","05","13","5","","0","1","0","0","0"
"POINT (10.226732410000068 53.495362217000036)","Unfall 153878 (2024) Kat:2, Licht: 0","153878","2","7","0","04","15","1","","0","1","0","0","0"
"POINT (10.046102206000057 53.587433224000051)","Unfall 153879 (2024) Kat:3, Licht: 0","153879","3","7","6","04","17","5","","0","0","0","1","0"
"POINT (10.045561568000039 53.589162579000060)","Unfall 153880 (2024) Kat:3, Licht: 2","153880","3","2","6","04","20","5","","2","0","1","1","0"
"POINT (9.914027298000065 53.601510548000078)","Unfall 153881 (2024) Kat:3, Licht: 0","153881","3","5","5","04","18","5","","0","0","1","0","0"
"POINT (9.855150288000061 53.583273320000046)","Unfall 153882 (2024) Kat:3, Licht: 0","153882","3","6","2","04","13","5","","0","0","1","0","0"
"POINT (9.978673476000040 53.590121018000048)","Unfall 153883 (2024) Kat:3, Licht: 0","153883","3","4","6","04","14","5","","0","0","1","1","0"
"POINT (9.944237850000036 53.560521546000075)","Unfall 153884 (2024) Kat:3, Licht: 0","153884","3","7","6","04","17","5","","0","1","0","1","0"
"POINT (9.965450089000058 53.563358018000031)","Unfall 153885 (2024) Kat:3, Licht: 2","153885","3","1","0","04","21","5","","2","0","0","0","1"
"POINT (9.975287260000073 53.560419887000080)","Unfall 153886 (2024) Kat:3, Licht: 0","153886","3","2","3","04","16","5","","0","1","1","0","0"
"POINT (9.986575275000064 53.555608695000046)","Unfall 153887 (2024) Kat:3, Licht: 0","153887","3","2","5","04","15","5","","0","1","1","0","0"
"POINT (9.916862929000047 53.495364108000047)","Unfall 153888 (2024) Kat:3, Licht: 0","153888","3","3","5","04","11","4","","0","0","1","0","0"
"POINT (9.880918983000072 53.527891179000051)","Unfall 153889 (2024) Kat:2, Licht: 0","153889","2","4","6","04","11","4","","0","0","1","1","0"
"POINT (9.996057708000023 53.467134105000071)","Unfall 153890 (2024) Kat:3, Licht: 0","153890","3","6","2","04","16","4","","0","0","1","0","0"
"POINT (10.000544020000063 53.515049047000048)","Unfall 153891 (2024) Kat:3, Licht: 0","153891","3","3","5","04","06","4","","0","1","0","0","0"
"POINT (10.182007008000028 53.498068972000056)","Unfall 153892 (2024) Kat:3, Licht: 1","153892","3","3","5","04","19","4","","1","1","1","0","0"
"POINT (10.032420098000046 53.557473980000054)","Unfall 153893 (2024) Kat:3, Licht: 2","153893","3","2","4","04","23","4","","2","0","1","0","0"
"POINT (10.054597657000045 53.609777407000081)","Unfall 153894 (2024) Kat:3, Licht: 0","153894","3","3","5","04","08","4","","0","1","0","0","0"
"POINT (10.035029564000070 53.607819157000051)","Unfall 153895 (2024) Kat:3, Licht: 0","153895","3","7","8","04","08","4","","0","0","1","0","0"
"POINT (10.002253442000040 53.668662208000057)","Unfall 153896 (2024) Kat:3, Licht: 0","153896","3","2","5","04","13","4","","0","1","1","0","0"
"POINT (10.017043823000051 53.615881498000078)","Unfall 153897 (2024) Kat:3, Licht: 0","153897","3","3","5","04","18","4","","0","1","1","0","0"
"POINT (10.034223394000037 53.592209556000057)","Unfall 153898 (2024) Kat:3, Licht: 0","153898","3","3","5","04","08","4","","0","1","0","0","0"
"POINT (9.994242639000049 53.597787184000026)","Unfall 153899 (2024) Kat:3, Licht: 0","153899","3","5","5","04","07","4","","0","1","1","0","0"
"POINT (9.905977241000073 53.607311642000070)","Unfall 153900 (2024) Kat:3, Licht: 0","153900","3","6","2","04","15","4","","0","0","1","0","0"
"POINT (9.946129048000046 53.593596883000032)","Unfall 153901 (2024) Kat:3, Licht: 0","153901","3","6","0","04","20","4","","0","0","1","0","1"
"POINT (9.957150338000076 53.588122280000050)","Unfall 153902 (2024) Kat:3, Licht: 0","153902","3","2","0","04","13","4","","0","1","1","0","0"