WKT,Name,OBJECTID,UKATEGORIE,UTYP1,UART,UMONAT,USTUNDE,UWOCHENTAG,STRZUSTAND,ULICHTVERH,ISTRAD,ISTPKW,ISTFUSS,ISTKRAD
"POINT (9.980030744000032 53.568385413000044)","Unfall 153903 (2024) Kat:3, Licht: 0","153903","3","4","6","04","13","4","","0","1","0","1","0"
"POINT (9.959957413000041 53.549077341000043)","Unfall 153904 (2024) Kat:3, Licht: 0","153904","3","5","1","04","17","4","","0","1","1","0","0"
"POINT (9.989098371000068 53.551025275000029)","Unfall 153905 (2024) Kat:3, Licht: 2","153905","3","3","5","04","21","4","","2","1","1","0","0"
"POINT (9.887550176000047 53.593180098000062)","Unfall 153906 (2024) Kat:3, Licht: 0","153906","3","6","2","06","18","5","","0","0","1","0","0"
"POINT (9.990387413000064 53.554526428000031)","Unfall 153907 (2024) Kat:3, Licht: 0","153907","3","6","2","04","10","4","","0","0","1","0","1"
"POINT (10.016626690000066 53.550399784000035)","Unfall 153908 (2024) Kat:3, Licht: 0","153908","3","7","3","04","07","4","","0","1","1","0","0"
"POINT (10.049123259000055 53.578660506000062)","Unfall 153909 (2024) Kat:3, Licht: 0","153909","3","6","2","06","08","2","","0","0","1","0","0"
"POINT (9.916864555000075 53.495360284000071)","Unfall 153910 (2024) Kat:3, Licht: 0","153910","3","3","5","04","12","3","","0","0","1","0","0"
"POINT (9.939249735000033 53.558433123000043)","Unfall 153911 (2024) Kat:3, Licht: 0","153911","3","7","0","05","19","3","","0","1","0","0","0"
"POINT (9.985998666000057 53.516037971000060)","Unfall 153912 (2024) Kat:3, Licht: 0","153912","3","6","2","04","08","3","","0","0","1","0","0"
"POINT (10.099997098000074 53.554377798000075)","Unfall 153913 (2024) Kat:3, Licht: 0","153913","3","5","1","04","18","3","","0","1","1","0","0"
"POINT (10.146946732000060 53.543932040000072)","Unfall 153914 (2024) Kat:3, Licht: 0","153914","3","6","2","04","13","3","","0","0","1","0","0"
"POINT (10.014317776000041 53.548074483000050)","Unfall 153915 (2024) Kat:3, Licht: 0","153915","3","7","6","04","19","3","","0","1","0","1","0"
"POINT (10.022932508000054 53.547850805000053)","Unfall 153916 (2024) Kat:3, Licht: 2","153916","3","1","0","04","20","3","","2","0","0","0","0"
"POINT (10.152762530000075 53.627996046000078)","Unfall 153917 (2024) Kat:3, Licht: 0","153917","3","5","5","04","15","3","","0","0","1","0","0"
"POINT (10.107016394000027 53.570701451000048)","Unfall 153918 (2024) Kat:3, Licht: 0","153918","3","3","5","04","16","3","","0","0","1","0","0"
"POINT (10.087511820000032 53.577749940000047)","Unfall 153919 (2024) Kat:3, Licht: 0","153919","3","6","2","04","15","3","","0","0","1","0","0"
"POINT (10.082526106000046 53.579937833000031)","Unfall 153920 (2024) Kat:3, Licht: 0","153920","3","6","2","04","12","3","","0","0","1","0","1"
"POINT (10.049570167000070 53.601815543000043)","Unfall 153921 (2024) Kat:3, Licht: 0","153921","3","3","5","04","16","3","","0","0","1","0","0"
"POINT (10.011267996000072 53.670967268000027)","Unfall 153922 (2024) Kat:3, Licht: 0","153922","3","3","5","04","13","3","","0","0","1","0","0"
"POINT (9.914261954000040 53.634474735000026)","Unfall 153923 (2024) Kat:3, Licht: 0","153923","3","7","0","04","15","3","","0","1","0","0","0"
"POINT (9.917553735000070 53.553137196000080)","Unfall 153924 (2024) Kat:3, Licht: 0","153924","3","1","0","04","08","3","","0","1","0","0","0"
"POINT (9.990853159000039 53.560396166000032)","Unfall 153925 (2024) Kat:3, Licht: 0","153925","3","3","5","04","08","3","","0","1","1","0","0"
"POINT (9.966053859000056 53.551040650000061)","Unfall 153926 (2024) Kat:3, Licht: 0","153926","3","7","3","04","17","3","","0","0","1","0","1"
"POINT (9.991068703000053 53.554744938000056)","Unfall 153927 (2024) Kat:3, Licht: 0","153927","3","6","3","04","17","3","","0","1","0","0","0"
"POINT (10.001011271000039 53.555747473000054)","Unfall 153928 (2024) Kat:3, Licht: 0","153928","3","4","6","04","11","3","","0","0","1","1","0"
"POINT (10.013343195000061 53.552660875000072)","Unfall 153929 (2024) Kat:3, Licht: 0","153929","3","2","0","04","15","3","","0","0","1","1","0"
"POINT (9.980687285000045 53.457969968000043)","Unfall 153930 (2024) Kat:3, Licht: 0","153930","3","4","0","04","07","2","","0","1","0","1","0"
"POINT (9.987515647000066 53.516879032000077)","Unfall 153931 (2024) Kat:3, Licht: 0","153931","3","4","6","04","18","2","","0","0","1","1","0"
"POINT (9.909947770000031 53.607063922000066)","Unfall 153932 (2024) Kat:3, Licht: 0","153932","3","5","3","05","07","3","","0","1","1","0","0"
"POINT (10.132253261000074 53.529056036000043)","Unfall 153933 (2024) Kat:3, Licht: 0","153933","3","6","2","04","15","2","","0","0","1","0","0"
"POINT (10.058210956000039 53.564112947000069)","Unfall 153934 (2024) Kat:3, Licht: 0","153934","3","4","6","04","15","2","","0","0","0","1","0"
"POINT (10.046109689000048 53.558237109000061)","Unfall 153935 (2024) Kat:3, Licht: 0","153935","3","1","0","04","16","2","","0","1","0","0","0"
"POINT (10.143471391000048 53.600200483000037)","Unfall 153936 (2024) Kat:3, Licht: 2","153936","3","2","6","04","21","2","","2","0","1","1","0"
"POINT (10.133714844000053 53.571252906000041)","Unfall 153937 (2024) Kat:3, Licht: 0","153937","3","5","5","04","17","2","","0","1","1","0","0"
"POINT (10.032992503000060 53.573766431000081)","Unfall 153938 (2024) Kat:3, Licht: 0","153938","3","4","6","04","08","2","","0","0","1","1","0"
"POINT (10.026421239000058 53.573132380000061)","Unfall 153939 (2024) Kat:3, Licht: 0","153939","3","7","0","04","16","2","","0","0","0","0","1"
"POINT (10.124307574000056 53.663534013000060)","Unfall 153940 (2024) Kat:3, Licht: 0","153940","3","3","5","06","11","6","","0","1","1","0","0"
"POINT (10.056233739000049 53.591328508000061)","Unfall 153941 (2024) Kat:3, Licht: 0","153941","3","2","3","04","14","2","","0","0","1","0","1"
"POINT (9.964205887000048 53.632352121000054)","Unfall 153942 (2024) Kat:3, Licht: 2","153942","3","7","2","07","22","3","","2","0","1","0","0"
"POINT (9.866388092000022 53.566038767000066)","Unfall 153943 (2024) Kat:3, Licht: 0","153943","3","6","4","04","16","2","","0","1","0","0","0"
"POINT (9.961428850000061 53.569528521000052)","Unfall 153944 (2024) Kat:3, Licht: 0","153944","3","6","2","04","17","2","","0","0","1","0","0"
"POINT (9.965028362000055 53.580813218000060)","Unfall 153945 (2024) Kat:3, Licht: 0","153945","3","3","5","04","18","2","","0","1","1","0","0"
"POINT (9.928215778000038 53.556127603000050)","Unfall 153946 (2024) Kat:2, Licht: 0","153946","2","2","4","04","16","2","","0","1","1","0","0"
"POINT (10.132257796000033 53.497528600000066)","Unfall 153947 (2024) Kat:2, Licht: 0","153947","2","4","6","06","14","6","","0","0","0","1","0"
"POINT (9.916727185000070 53.635733315000039)","Unfall 153948 (2024) Kat:3, Licht: 0","153948","3","5","3","06","13","4","","0","1","1","0","0"
"POINT (9.928066819000037 53.554199167000036)","Unfall 153949 (2024) Kat:3, Licht: 0","153949","3","4","6","04","18","2","","0","0","0","1","0"
"POINT (9.953142178000064 53.560316171000068)","Unfall 153950 (2024) Kat:3, Licht: 2","153950","3","1","0","04","05","2","","2","1","0","0","0"
"POINT (9.992000643000040 53.545922333000078)","Unfall 153951 (2024) Kat:3, Licht: 0","153951","3","7","6","04","12","2","","0","0","0","1","0"
"POINT (10.003391586000021 53.540802896000059)","Unfall 153952 (2024) Kat:3, Licht: 0","153952","3","1","0","04","15","2","","0","1","0","0","0"
"POINT (10.018185171000027 53.552580719000048)","Unfall 153953 (2024) Kat:3, Licht: 0","153953","3","2","4","04","18","2","","0","1","1","0","0"
"POINT (9.815909047000048 53.513350023000044)","Unfall 153954 (2024) Kat:2, Licht: 0","153954","2","2","2","04","16","1","","0","0","1","0","1"
"POINT (10.126691159000075 53.482919903000038)","Unfall 153955 (2024) Kat:3, Licht: 2","153955","3","5","1","04","22","1","","2","0","1","0","1"
"POINT (10.172213266000028 53.467328313000053)","Unfall 153956 (2024) Kat:3, Licht: 0","153956","3","7","0","04","11","1","","0","0","0","0","1"
"POINT (10.120041699000069 53.562843782000073)","Unfall 153957 (2024) Kat:3, Licht: 0","153957","3","5","5","04","12","1","","0","0","1","0","1"
"POINT (10.022194944000034 53.661696132000031)","Unfall 153958 (2024) Kat:3, Licht: 0","153958","3","7","0","04","15","1","","0","1","1","0","0"
"POINT (10.007478233000029 53.668006557000069)","Unfall 153959 (2024) Kat:3, Licht: 2","153959","3","6","3","04","20","1","","2","0","1","0","0"
"POINT (10.003583193000054 53.648626961000048)","Unfall 153960 (2024) Kat:3, Licht: 0","153960","3","3","5","04","09","1","","0","1","1","0","0"
"POINT (9.934720096000035 53.550301400000080)","Unfall 153961 (2024) Kat:3, Licht: 0","153961","3","3","5","04","17","1","","0","0","1","0","0"
"POINT (9.928396094000050 53.556195434000074)","Unfall 153962 (2024) Kat:3, Licht: 0","153962","3","1","0","04","14","1","","0","0","0","0","0"
"POINT (9.967734536000023 53.425114883000049)","Unfall 153963 (2024) Kat:3, Licht: 0","153963","3","4","6","05","18","2","","0","0","1","1","0"
"POINT (9.967924788000062 53.550016102000029)","Unfall 153964 (2024) Kat:3, Licht: 0","153964","3","7","3","04","19","1","","0","0","1","0","1"
"POINT (10.239742630000023 53.475573763000057)","Unfall 153965 (2024) Kat:3, Licht: 0","153965","3","3","5","06","12","7","","0","0","1","0","0"
"POINT (9.957676562000074 53.549626525000065)","Unfall 153966 (2024) Kat:3, Licht: 2","153966","3","4","6","04","04","1","","2","0","1","0","0"
"POINT (9.961298565000050 53.550712734000058)","Unfall 153967 (2024) Kat:3, Licht: 2","153967","3","7","6","04","00","1","","2","0","1","1","0"
"POINT (10.002373933000058 53.554847624000047)","Unfall 153968 (2024) Kat:3, Licht: 0","153968","3","6","2","04","17","1","","0","0","1","0","0"
"POINT (9.997045968000066 53.546314644000063)","Unfall 153969 (2024) Kat:3, Licht: 0","153969","3","3","5","04","11","1","","0","0","1","0","0"
"POINT (9.966171420000023 53.552033521000055)","Unfall 153970 (2024) Kat:3, Licht: 0","153970","3","5","0","04","18","5","","0","1","1","0","0"
"POINT (10.015795403000027 53.555304551000063)","Unfall 153971 (2024) Kat:3, Licht: 1","153971","3","3","5","04","05","1","","1","0","1","0","0"
"POINT (10.211987919000023 53.490873177000026)","Unfall 153972 (2024) Kat:3, Licht: 2","153972","3","7","0","04","02","7","","2","1","0","0","0"
"POINT (10.098979676000056 53.541147775000070)","Unfall 153973 (2024) Kat:3, Licht: 0","153973","3","2","3","04","14","7","","0","1","1","0","0"
"POINT (10.035660276000044 53.536083094000048)","Unfall 153974 (2024) Kat:3, Licht: 0","153974","3","6","2","04","16","7","","0","0","1","0","0"
"POINT (10.027886857000055 53.555122911000069)","Unfall 153975 (2024) Kat:3, Licht: 0","153975","3","5","5","04","15","7","","0","1","1","0","0"
"POINT (10.126648047000060 53.570991853000066)","Unfall 153976 (2024) Kat:3, Licht: 0","153976","3","1","0","04","18","7","","0","0","0","0","0"
"POINT (9.973973297000043 53.577156794000075)","Unfall 153977 (2024) Kat:2, Licht: 1","153977","2","1","0","05","20","7","","1","0","0","0","0"
"POINT (10.118328307000070 53.604863794000039)","Unfall 153978 (2024) Kat:3, Licht: 0","153978","3","6","2","04","16","7","","0","0","1","0","0"
"POINT (10.115291210000066 53.651621429000045)","Unfall 153979 (2024) Kat:3, Licht: 0","153979","3","4","6","04","17","7","","0","1","0","1","0"
"POINT (10.084442544000069 53.640324362000058)","Unfall 153980 (2024) Kat:3, Licht: 0","153980","3","1","3","04","17","7","","0","1","1","0","0"
"POINT (10.014133416000050 53.630019080000068)","Unfall 153981 (2024) Kat:3, Licht: 0","153981","3","5","1","04","12","7","","0","1","0","0","0"
"POINT (10.040891577000025 53.647930122000048)","Unfall 153982 (2024) Kat:3, Licht: 0","153982","3","6","2","04","14","7","","0","0","1","0","0"
"POINT (10.021342706000041 53.562513612000032)","Unfall 153983 (2024) Kat:3, Licht: 0","153983","3","4","6","05","14","6","","0","1","0","1","0"
"POINT (10.056751030000044 53.569574413000055)","Unfall 153984 (2024) Kat:3, Licht: 0","153984","3","2","3","04","14","7","","0","0","1","0","0"
"POINT (10.038313839000068 53.577351132000047)","Unfall 153985 (2024) Kat:3, Licht: 0","153985","3","4","6","04","10","7","","0","1","0","1","0"
"POINT (10.014315198000077 53.571200488000045)","Unfall 153986 (2024) Kat:3, Licht: 0","153986","3","6","3","04","16","7","","0","0","0","0","1"
"POINT (9.929395476000025 53.605006921000040)","Unfall 153987 (2024) Kat:3, Licht: 0","153987","3","2","4","04","17","7","","0","1","1","0","0"
"POINT (9.949813968000058 53.623593574000040)","Unfall 153988 (2024) Kat:3, Licht: 2","153988","3","3","5","06","23","6","","2","0","1","0","0"
"POINT (9.865157163000049 53.554827729000067)","Unfall 153989 (2024) Kat:3, Licht: 0","153989","3","3","5","04","16","7","","0","1","1","0","0"
"POINT (9.745876145000068 53.575875905000032)","Unfall 153990 (2024) Kat:3, Licht: 0","153990","3","7","0","04","11","7","","0","1","0","0","0"
"POINT (9.917746911000052 53.636300215000063)","Unfall 153991 (2024) Kat:2, Licht: 0","153991","2","3","5","04","16","7","","0","0","1","0","0"
"POINT (9.994045592000077 53.572832140000060)","Unfall 153992 (2024) Kat:3, Licht: 0","153992","3","1","8","04","12","7","","0","0","1","0","0"
"POINT (10.073632291000024 53.608849689000067)","Unfall 153993 (2024) Kat:3, Licht: 0","153993","3","6","2","07","09","3","","0","0","1","0","0"
"POINT (9.993846610000048 53.583116514000039)","Unfall 153994 (2024) Kat:3, Licht: 0","153994","3","3","5","04","10","7","","0","1","1","0","0"
"POINT (9.969778946000076 53.550073869000073)","Unfall 153995 (2024) Kat:3, Licht: 0","153995","3","2","5","07","14","4","","0","1","1","0","0"
"POINT (10.262195656000074 53.472005251000041)","Unfall 153996 (2024) Kat:3, Licht: 0","153996","3","3","5","04","16","6","","0","1","1","0","0"
"POINT (10.098524195000039 53.542427315000054)","Unfall 153997 (2024) Kat:3, Licht: 0","153997","3","3","5","04","13","6","","0","0","1","0","0"
"POINT (10.078387557000042 53.589347161000035)","Unfall 153998 (2024) Kat:3, Licht: 0","153998","3","7","0","04","17","6","","0","0","0","0","0"
"POINT (10.085731192000026 53.627295016000062)","Unfall 153999 (2024) Kat:2, Licht: 0","153999","2","2","5","04","15","6","","0","1","1","0","0"
"POINT (10.098920754000062 53.643261673000040)","Unfall 154000 (2024) Kat:3, Licht: 0","154000","3","3","5","04","14","6","","0","1","1","0","0"
"POINT (10.157946770000024 53.648774246000073)","Unfall 154001 (2024) Kat:3, Licht: 0","154001","3","3","5","04","08","6","","0","0","1","0","1"
"POINT (10.014235800000051 53.619322757000077)","Unfall 154002 (2024) Kat:3, Licht: 0","154002","3","2","3","04","14","6","","0","1","1","0","0"
"POINT (10.083355313000027 53.542043820000060)","Unfall 154003 (2024) Kat:2, Licht: 0","154003","2","3","5","04","16","6","","0","1","1","0","0"
"POINT (10.025790584000049 53.649874133000026)","Unfall 154004 (2024) Kat:3, Licht: 0","154004","3","3","5","04","13","6","","0","0","1","0","0"
"POINT (10.018136463000076 53.582919145000062)","Unfall 154005 (2024) Kat:3, Licht: 0","154005","3","3","5","04","13","6","","0","0","1","0","1"
"POINT (9.802931272000023 53.557137874000034)","Unfall 154006 (2024) Kat:3, Licht: 0","154006","3","6","4","04","09","6","","0","1","0","0","0"
"POINT (9.846080123000036 53.573984092000046)","Unfall 154007 (2024) Kat:3, Licht: 0","154007","3","7","0","04","10","6","","0","1","0","0","0"
"POINT (9.875985893000063 53.588503184000047)","Unfall 154008 (2024) Kat:3, Licht: 2","154008","3","2","4","04","21","6","","2","0","1","0","0"
"POINT (9.906585277000033 53.565948140000046)","Unfall 154009 (2024) Kat:3, Licht: 0","154009","3","3","5","04","17","6","","0","1","1","0","0"
"POINT (9.978183463000050 53.607468144000052)","Unfall 154010 (2024) Kat:2, Licht: 2","154010","2","6","2","04","23","6","","2","0","1","0","0"
"POINT (10.069945134000022 53.571814715000073)","Unfall 154011 (2024) Kat:3, Licht: 0","154011","3","4","6","04","17","2","","0","0","0","1","0"
"POINT (9.958716267000057 53.580667951000066)","Unfall 154012 (2024) Kat:3, Licht: 0","154012","3","5","3","04","18","6","","0","1","1","0","0"
"POINT (9.999266793000061 53.556295095000053)","Unfall 154013 (2024) Kat:3, Licht: 0","154013","3","7","3","06","09","5","","0","0","1","0","1"
"POINT (9.928116626000076 53.548729421000075)","Unfall 154014 (2024) Kat:3, Licht: 0","154014","3","5","1","04","15","6","","0","1","1","0","0"
"POINT (9.979532692000021 53.544094655000038)","Unfall 154015 (2024) Kat:3, Licht: 0","154015","3","6","0","06","15","3","","0","1","0","0","0"
"POINT (9.994333511000036 53.499942577000070)","Unfall 154016 (2024) Kat:3, Licht: 2","154016","3","5","5","05","22","3","","2","0","1","0","0"
"POINT (9.977664680000032 53.577554336000048)","Unfall 154017 (2024) Kat:3, Licht: 0","154017","3","2","3","04","12","6","","0","1","1","0","0"
"POINT (9.904273254000032 53.480902310000033)","Unfall 154018 (2024) Kat:3, Licht: 0","154018","3","5","5","05","18","5","","0","1","0","0","0"
"POINT (9.966588518000037 53.547206198000026)","Unfall 154019 (2024) Kat:3, Licht: 2","154019","3","7","6","04","22","6","","2","0","1","1","0"
"POINT (10.025437436000061 53.544663282000045)","Unfall 154020 (2024) Kat:3, Licht: 0","154020","3","5","1","04","07","5","","0","1","0","0","0"
"POINT (10.002328112000043 53.670068588000049)","Unfall 154021 (2024) Kat:3, Licht: 0","154021","3","5","3","04","18","5","","0","0","1","0","0"
"POINT (10.046714434000023 53.583098241000073)","Unfall 154022 (2024) Kat:3, Licht: 0","154022","3","2","3","04","09","5","","0","1","1","0","0"
"POINT (9.905071379000049 53.555544294000072)","Unfall 154023 (2024) Kat:3, Licht: 0","154023","3","2","0","04","16","5","","0","1","1","0","0"
"POINT (9.951908124000056 53.576070386000026)","Unfall 154024 (2024) Kat:3, Licht: 0","154024","3","4","6","04","17","5","","0","1","0","1","0"
"POINT (9.973182216000055 53.601718741000070)","Unfall 154025 (2024) Kat:3, Licht: 0","154025","3","5","5","04","13","5","","0","0","1","0","0"
"POINT (9.943772290000027 53.550385305000077)","Unfall 154026 (2024) Kat:3, Licht: 0","154026","3","3","5","04","18","5","","0","1","1","0","0"
"POINT (9.929868399000043 53.552753358000075)","Unfall 154027 (2024) Kat:3, Licht: 0","154027","3","1","0","04","08","5","","0","1","0","0","0"
"POINT (9.972035531000074 53.451736288000063)","Unfall 154028 (2024) Kat:3, Licht: 0","154028","3","2","4","04","14","4","","0","1","1","0","0"
"POINT (10.055541762000075 53.646650935000082)","Unfall 154029 (2024) Kat:3, Licht: 0","154029","3","6","2","06","16","5","","0","0","1","0","1"
"POINT (9.993923965000022 53.470295560000068)","Unfall 154030 (2024) Kat:3, Licht: 2","154030","3","2","5","04","21","4","","2","1","1","0","0"
"POINT (9.994321550000052 53.499945876000027)","Unfall 154031 (2024) Kat:3, Licht: 0","154031","3","5","5","04","13","4","","0","0","1","0","0"
"POINT (9.976119561000075 53.507363578000081)","Unfall 154032 (2024) Kat:3, Licht: 0","154032","3","3","5","04","11","4","","0","1","0","0","0"
"POINT (10.141534959000069 53.570504566000068)","Unfall 154033 (2024) Kat:3, Licht: 0","154033","3","5","5","04","16","4","","0","0","1","0","0"
"POINT (10.082519722000029 53.585569143000043)","Unfall 154034 (2024) Kat:3, Licht: 0","154034","3","7","3","04","13","4","","0","0","1","0","0"
"POINT (9.985530223000069 53.456566214000077)","Unfall 154035 (2024) Kat:3, Licht: 0","154035","3","4","6","06","16","3","","0","1","0","1","0"
"POINT (10.077363073000072 53.616905265000071)","Unfall 154036 (2024) Kat:3, Licht: 0","154036","3","2","3","04","12","4","","0","1","0","0","0"
"POINT (10.047839707000037 53.600468663000072)","Unfall 154037 (2024) Kat:3, Licht: 0","154037","3","2","3","04","13","4","","0","0","0","0","0"
"POINT (10.107164738000051 53.660267160000046)","Unfall 154038 (2024) Kat:3, Licht: 0","154038","3","6","4","04","13","4","","0","0","1","0","0"
"POINT (10.105647499000042 53.641660129000059)","Unfall 154039 (2024) Kat:2, Licht: 0","154039","2","3","5","04","16","4","","0","0","1","0","1"
"POINT (10.045653870000024 53.564006551000034)","Unfall 154040 (2024) Kat:3, Licht: 1","154040","3","2","5","04","19","4","","1","1","1","0","0"
"POINT (10.048791595000068 53.588140273000079)","Unfall 154041 (2024) Kat:3, Licht: 0","154041","3","4","6","04","18","4","","0","1","0","1","0"
"POINT (9.935470469000052 53.592657217000067)","Unfall 154042 (2024) Kat:3, Licht: 0","154042","3","1","0","04","10","4","","0","0","0","0","1"
"POINT (9.922908846000041 53.596069345000046)","Unfall 154043 (2024) Kat:3, Licht: 0","154043","3","6","3","04","07","4","","0","0","1","0","1"
"POINT (9.823878266000065 53.561255198000026)","Unfall 154044 (2024) Kat:2, Licht: 0","154044","2","7","8","04","13","4","","0","1","0","0","0"
"POINT (9.951149695000026 53.566359669000065)","Unfall 154045 (2024) Kat:3, Licht: 0","154045","3","1","0","04","08","4","","0","1","0","0","0"
"POINT (9.969691445000024 53.576617067000029)","Unfall 154046 (2024) Kat:3, Licht: 0","154046","3","3","5","04","10","7","","0","1","1","0","0"
"POINT (9.988560377000056 53.571045170000048)","Unfall 154047 (2024) Kat:3, Licht: 0","154047","3","5","5","04","17","4","","0","1","0","0","0"
"POINT (10.001655340000070 53.553180567000027)","Unfall 154048 (2024) Kat:3, Licht: 0","154048","3","7","0","04","18","4","","0","0","0","0","0"
"POINT (10.061882567000055 53.610643235000055)","Unfall 154049 (2024) Kat:3, Licht: 0","154049","3","3","5","04","11","2","","0","0","1","0","0"
"POINT (9.842878723000069 53.534205137000072)","Unfall 154050 (2024) Kat:3, Licht: 0","154050","3","3","5","04","14","3","","0","1","1","0","0"
"POINT (9.987502950000021 53.450465992000034)","Unfall 154051 (2024) Kat:3, Licht: 0","154051","3","7","0","04","16","3","","0","0","0","0","0"
"POINT (9.953628536000053 53.461528815000065)","Unfall 154052 (2024) Kat:3, Licht: 0","154052","3","7","6","04","11","3","","0","0","1","1","0"
"POINT (9.993286367000053 53.516275003000032)","Unfall 154053 (2024) Kat:3, Licht: 0","154053","3","2","5","06","16","2","","0","0","1","0","0"
"POINT (9.992966841000055 53.502576790000035)","Unfall 154054 (2024) Kat:3, Licht: 0","154054","3","7","0","04","18","3","","0","0","0","0","0"
"POINT (10.213167366000050 53.485993131000043)","Unfall 154055 (2024) Kat:3, Licht: 0","154055","3","7","0","04","14","3","","0","1","0","0","0"
"POINT (10.083484406000025 53.546397393000063)","Unfall 154056 (2024) Kat:3, Licht: 0","154056","3","6","3","04","16","3","","0","0","1","0","0"
"POINT (10.101097372000027 53.540792817000067)","Unfall 154057 (2024) Kat:3, Licht: 0","154057","3","6","2","04","19","3","","0","0","1","0","0"
"POINT (10.147426633000066 53.527491943000030)","Unfall 154058 (2024) Kat:3, Licht: 1","154058","3","3","6","04","06","3","","1","0","1","1","0"
"POINT (10.081585845000063 53.506060897000054)","Unfall 154059 (2024) Kat:2, Licht: 0","154059","2","6","2","05","11","4","","0","1","1","0","0"
"POINT (10.115318447000050 53.537821256000029)","Unfall 154060 (2024) Kat:3, Licht: 2","154060","3","3","5","04","20","3","","2","1","0","0","0"
"POINT (10.164691733000041 53.614399270000035)","Unfall 154061 (2024) Kat:3, Licht: 0","154061","3","6","3","04","09","3","","0","0","1","0","0"
"POINT (10.061930658000051 53.568945327000051)","Unfall 154062 (2024) Kat:2, Licht: 0","154062","2","2","4","04","08","3","","0","1","1","0","0"
"POINT (10.094940921000045 53.620139651000045)","Unfall 154063 (2024) Kat:3, Licht: 0","154063","3","6","4","04","15","3","","0","0","1","0","1"
"POINT (10.117632727000057 53.654700441000045)","Unfall 154064 (2024) Kat:2, Licht: 0","154064","2","4","6","04","16","3","","0","0","1","1","0"
"POINT (10.000866108000025 53.589477594000073)","Unfall 154065 (2024) Kat:3, Licht: 0","154065","3","3","5","04","13","3","","0","1","1","0","0"
"POINT (10.022801524000045 53.611416890000044)","Unfall 154066 (2024) Kat:3, Licht: 0","154066","3","6","3","04","12","3","","0","0","1","0","0"
"POINT (10.052537922000056 53.573663825000040)","Unfall 154067 (2024) Kat:3, Licht: 0","154067","3","5","5","04","11","3","","0","1","1","0","0"
"POINT (9.870906518000027 53.592775540000048)","Unfall 154068 (2024) Kat:3, Licht: 2","154068","3","7","3","04","23","3","","2","0","1","0","0"
"POINT (10.073629425000036 53.551705264000077)","Unfall 154069 (2024) Kat:3, Licht: 0","154069","3","2","3","05","17","4","","0","1","1","0","0"
"POINT (9.957199114000048 53.582813127000065)","Unfall 154070 (2024) Kat:3, Licht: 0","154070","3","6","2","04","15","3","","0","0","1","0","0"
"POINT (9.966647727000066 53.599312174000033)","Unfall 154071 (2024) Kat:3, Licht: 2","154071","3","2","2","04","05","3","","2","0","1","0","1"
"POINT (10.101286094000045 53.598318542000072)","Unfall 154072 (2024) Kat:3, Licht: 2","154072","3","7","0","06","22","1","","2","0","0","0","0"
"POINT (10.014025594000032 53.578432900000053)","Unfall 154073 (2024) Kat:3, Licht: 0","154073","3","6","3","05","20","4","","0","1","1","0","0"
"POINT (9.947710863000054 53.560998929000050)","Unfall 154074 (2024) Kat:3, Licht: 2","154074","3","1","0","04","23","3","","2","1","0","0","0"
"POINT (9.991733864000025 53.551673178000044)","Unfall 154075 (2024) Kat:3, Licht: 0","154075","3","4","6","04","13","3","","0","1","0","1","0"
"POINT (9.986007778000044 53.456285633000050)","Unfall 154076 (2024) Kat:3, Licht: 0","154076","3","2","3","04","15","2","","0","1","0","0","0"
"POINT (10.014682509000068 53.548165518000076)","Unfall 154077 (2024) Kat:3, Licht: 0","154077","3","7","3","07","12","5","","0","0","0","0","0"
"POINT (10.149908287000073 53.528677017000064)","Unfall 154078 (2024) Kat:3, Licht: 0","154078","3","6","2","04","18","2","","0","0","1","0","0"
"POINT (10.161500710000041 53.591154263000078)","Unfall 154079 (2024) Kat:3, Licht: 0","154079","3","5","5","04","17","2","","0","0","1","0","1"
"POINT (9.932731400000023 53.554029987000035)","Unfall 154080 (2024) Kat:3, Licht: 0","154080","3","4","6","06","18","5","","0","0","1","1","0"
"POINT (10.066358292000075 53.573925166000038)","Unfall 154081 (2024) Kat:3, Licht: 0","154081","3","5","5","04","11","2","","0","0","1","0","0"
"POINT (10.092542710000032 53.652295613000035)","Unfall 154082 (2024) Kat:3, Licht: 0","154082","3","7","0","04","15","2","","0","0","1","0","0"
"POINT (10.000690038000073 53.678357685000037)","Unfall 154083 (2024) Kat:3, Licht: 0","154083","3","6","2","04","09","2","","0","0","1","0","0"
"POINT (10.032697154000061 53.647850053000070)","Unfall 154084 (2024) Kat:3, Licht: 1","154084","3","2","6","04","05","2","","1","0","1","1","0"
"POINT (10.000049812000043 53.514153833000080)","Unfall 154085 (2024) Kat:2, Licht: 0","154085","2","3","5","05","15","2","","0","1","0","0","0"
"POINT (9.966175318000069 53.585372168000049)","Unfall 154086 (2024) Kat:3, Licht: 0","154086","3","1","0","04","10","2","","0","1","0","0","0"
"POINT (9.949331065000024 53.558581257000071)","Unfall 154087 (2024) Kat:3, Licht: 0","154087","3","3","5","04","16","2","","0","1","0","0","1"
"POINT (9.977227632000051 53.564332738000076)","Unfall 154088 (2024) Kat:2, Licht: 2","154088","2","2","4","04","20","2","","2","0","1","0","1"
"POINT (9.988594515000045 53.571500608000065)","Unfall 154089 (2024) Kat:3, Licht: 0","154089","3","6","4","04","17","2","","0","1","0","0","0"