WKT,Name,OBJECTID,UKATEGORIE,UTYP1,UART,UMONAT,USTUNDE,UWOCHENTAG,STRZUSTAND,ULICHTVERH,ISTRAD,ISTPKW,ISTFUSS,ISTKRAD
"POINT (9.982796383000050 53.527354359000071)","Unfall 154090 (2024) Kat:3, Licht: 0","154090","3","6","2","04","16","2","","0","0","1","0","0"
"POINT (10.078419256000075 53.550228493000077)","Unfall 154091 (2024) Kat:3, Licht: 0","154091","3","2","5","04","15","1","","0","0","1","0","1"
"POINT (10.108654237000053 53.562933888000032)","Unfall 154092 (2024) Kat:3, Licht: 0","154092","3","4","6","04","14","1","","0","1","0","1","0"
"POINT (10.072726925000040 53.570031346000064)","Unfall 154093 (2024) Kat:3, Licht: 0","154093","3","2","4","05","16","3","","0","1","1","0","0"
"POINT (10.170227997000040 53.605270083000050)","Unfall 154094 (2024) Kat:3, Licht: 0","154094","3","6","2","04","17","1","","0","0","1","0","0"
"POINT (10.081288528000073 53.579811616000029)","Unfall 154095 (2024) Kat:2, Licht: 1","154095","2","3","5","04","05","1","","1","0","1","0","0"
"POINT (10.008258609000052 53.628213010000081)","Unfall 154096 (2024) Kat:3, Licht: 0","154096","3","6","3","04","14","1","","0","0","1","0","1"
"POINT (10.029059081000071 53.567175511000073)","Unfall 154097 (2024) Kat:3, Licht: 0","154097","3","7","0","04","14","1","","0","1","0","0","0"
"POINT (9.996190464000051 53.543645694000077)","Unfall 154098 (2024) Kat:3, Licht: 0","154098","3","3","5","09","12","6","","0","1","1","0","0"
"POINT (9.983121105000066 53.471369185000071)","Unfall 154099 (2024) Kat:3, Licht: 0","154099","3","5","3","09","18","6","","0","0","1","0","0"
"POINT (9.812255158000028 53.464674543000058)","Unfall 154100 (2024) Kat:3, Licht: 1","154100","3","1","0","09","19","5","","1","0","0","0","1"
"POINT (9.853682499000058 53.473441728000068)","Unfall 154101 (2024) Kat:3, Licht: 0","154101","3","3","5","09","18","5","","0","0","1","0","0"
"POINT (9.874580072000072 53.480661724000072)","Unfall 154102 (2024) Kat:2, Licht: 0","154102","2","2","0","09","16","5","","0","1","0","0","0"
"POINT (10.004297350000058 53.491946042000052)","Unfall 154103 (2024) Kat:3, Licht: 0","154103","3","6","3","09","12","5","","0","0","1","0","0"
"POINT (10.191326289000074 53.503815804000055)","Unfall 154104 (2024) Kat:3, Licht: 0","154104","3","2","5","09","15","5","","0","1","1","0","0"
"POINT (10.205748736000032 53.494036702000074)","Unfall 154105 (2024) Kat:3, Licht: 0","154105","3","2","3","09","07","5","","0","0","1","0","0"
"POINT (10.091009338000049 53.506369828000061)","Unfall 154106 (2024) Kat:3, Licht: 0","154106","3","6","2","09","07","5","","0","0","1","0","0"
"POINT (10.041098979000026 53.551763316000063)","Unfall 154107 (2024) Kat:3, Licht: 0","154107","3","6","4","09","14","5","","0","1","0","0","0"
"POINT (10.098424047000037 53.569367552000074)","Unfall 154108 (2024) Kat:3, Licht: 0","154108","3","2","2","09","16","5","","0","1","1","0","0"
"POINT (10.064854601000036 53.586337996000054)","Unfall 154109 (2024) Kat:3, Licht: 0","154109","3","6","2","09","11","5","","0","0","1","0","0"
"POINT (10.047104944000068 53.602723510000033)","Unfall 154110 (2024) Kat:3, Licht: 1","154110","3","2","3","09","07","5","","1","1","1","0","0"
"POINT (10.071654613000021 53.607371417000081)","Unfall 154111 (2024) Kat:3, Licht: 0","154111","3","7","0","09","11","5","","0","1","0","0","0"
"POINT (10.023475902000030 53.626488347000077)","Unfall 154112 (2024) Kat:3, Licht: 0","154112","3","3","5","09","15","5","","0","1","1","0","0"
"POINT (10.017959539000060 53.613101199000027)","Unfall 154113 (2024) Kat:3, Licht: 0","154113","3","1","0","09","12","5","","0","1","0","0","0"
"POINT (10.000651556000037 53.595235637000030)","Unfall 154114 (2024) Kat:3, Licht: 0","154114","3","5","5","09","08","5","","0","0","1","0","1"
"POINT (10.048748970000076 53.588155034000067)","Unfall 154115 (2024) Kat:3, Licht: 0","154115","3","7","0","09","08","5","","0","1","0","0","0"
"POINT (9.983482617000050 53.587906642000064)","Unfall 154116 (2024) Kat:3, Licht: 0","154116","3","5","1","09","12","5","","0","1","1","0","0"
"POINT (9.952406695000036 53.573680081000077)","Unfall 154117 (2024) Kat:3, Licht: 0","154117","3","7","0","09","18","5","","0","1","0","0","0"
"POINT (9.954336978000072 53.573253152000063)","Unfall 154118 (2024) Kat:3, Licht: 0","154118","3","5","1","09","10","5","","0","1","1","0","0"
"POINT (9.980793757000072 53.567237849000037)","Unfall 154119 (2024) Kat:3, Licht: 0","154119","3","6","2","09","12","5","","0","0","1","0","0"
"POINT (9.960151593000035 53.563667850000058)","Unfall 154120 (2024) Kat:3, Licht: 0","154120","3","6","2","09","19","5","","0","0","1","0","0"
"POINT (9.984243345000039 53.556166565000069)","Unfall 154121 (2024) Kat:2, Licht: 0","154121","2","7","0","09","08","5","","0","1","0","0","0"
"POINT (9.986079063000034 53.456862929000067)","Unfall 154122 (2024) Kat:3, Licht: 0","154122","3","4","6","09","16","4","","0","1","0","1","0"
"POINT (10.086628630000064 53.550326307000034)","Unfall 154123 (2024) Kat:3, Licht: 0","154123","3","3","6","09","17","4","","0","0","0","1","0"
"POINT (10.078016753000043 53.554802795000057)","Unfall 154124 (2024) Kat:3, Licht: 0","154124","3","4","6","09","15","4","","0","0","1","1","0"
"POINT (10.091284164000058 53.524527870000043)","Unfall 154125 (2024) Kat:3, Licht: 0","154125","3","5","1","09","15","4","","0","0","1","0","0"
"POINT (10.050547852000022 53.547750150000070)","Unfall 154126 (2024) Kat:3, Licht: 0","154126","3","3","5","09","15","4","","0","0","1","0","0"
"POINT (10.038189810000063 53.547454571000060)","Unfall 154127 (2024) Kat:3, Licht: 0","154127","3","6","2","09","12","4","","0","0","1","0","0"
"POINT (10.064467155000045 53.576853585000038)","Unfall 154128 (2024) Kat:3, Licht: 1","154128","3","2","6","09","07","4","","1","0","1","1","0"
"POINT (10.070005974000026 53.573033183000064)","Unfall 154129 (2024) Kat:3, Licht: 0","154129","3","6","2","09","15","4","","0","0","1","0","0"
"POINT (10.067188238000028 53.563061474000051)","Unfall 154130 (2024) Kat:3, Licht: 0","154130","3","2","3","09","11","4","","0","0","1","0","0"
"POINT (10.062088882000069 53.600923128000034)","Unfall 154131 (2024) Kat:3, Licht: 0","154131","3","2","6","09","16","4","","0","0","1","1","0"
"POINT (10.074855535000040 53.612371541000073)","Unfall 154132 (2024) Kat:3, Licht: 0","154132","3","6","0","09","12","4","","0","0","1","0","0"
"POINT (10.034527884000056 53.637239905000058)","Unfall 154133 (2024) Kat:3, Licht: 0","154133","3","6","2","09","07","4","","0","0","1","0","0"
"POINT (10.040436887000055 53.570218591000071)","Unfall 154134 (2024) Kat:3, Licht: 0","154134","3","3","5","09","15","4","","0","0","1","0","0"
"POINT (10.040900015000034 53.579724436000049)","Unfall 154135 (2024) Kat:3, Licht: 0","154135","3","2","3","09","15","4","","0","0","1","0","1"
"POINT (10.016340456000023 53.567631249000044)","Unfall 154136 (2024) Kat:3, Licht: 0","154136","3","3","0","09","08","4","","0","0","1","0","1"
"POINT (9.878091435000044 53.586586575000069)","Unfall 154137 (2024) Kat:2, Licht: 0","154137","2","7","5","09","15","4","","0","0","1","0","0"
"POINT (9.880250990000036 53.600829036000050)","Unfall 154138 (2024) Kat:3, Licht: 0","154138","3","2","5","09","12","4","","0","0","1","0","0"
"POINT (9.918294175000028 53.566853909000031)","Unfall 154139 (2024) Kat:3, Licht: 0","154139","3","2","4","09","16","4","","0","1","1","0","0"
"POINT (9.951366097000061 53.613183634000052)","Unfall 154140 (2024) Kat:3, Licht: 2","154140","3","7","0","09","22","4","","2","1","0","0","0"
"POINT (9.980090763000021 53.580391165000037)","Unfall 154141 (2024) Kat:3, Licht: 0","154141","3","2","3","09","09","4","","0","1","1","0","0"
"POINT (9.987941127000056 53.581966511000076)","Unfall 154142 (2024) Kat:3, Licht: 1","154142","3","3","5","09","07","4","","1","1","1","0","0"
"POINT (9.992790514000035 53.557608370000082)","Unfall 154143 (2024) Kat:3, Licht: 0","154143","3","6","2","09","15","4","","0","0","1","0","0"
"POINT (10.003238004000025 53.550112481000042)","Unfall 154144 (2024) Kat:3, Licht: 2","154144","3","4","6","09","20","4","","2","0","0","1","0"
"POINT (9.985073753000052 53.553615986000068)","Unfall 154145 (2024) Kat:3, Licht: 0","154145","3","4","6","09","10","4","","0","1","0","1","0"
"POINT (10.179867980000040 53.479267324000034)","Unfall 154146 (2024) Kat:3, Licht: 0","154146","3","7","0","09","14","3","","0","0","0","0","0"
"POINT (10.201821373000030 53.488887001000080)","Unfall 154147 (2024) Kat:3, Licht: 0","154147","3","3","5","09","13","3","","0","0","1","0","0"
"POINT (10.149926441000048 53.529571667000027)","Unfall 154148 (2024) Kat:3, Licht: 0","154148","3","3","5","09","13","3","","0","0","1","0","0"
"POINT (10.079837861000044 53.532024857000067)","Unfall 154149 (2024) Kat:3, Licht: 0","154149","3","7","1","09","05","3","","0","0","1","0","0"
"POINT (10.051832215000047 53.542131032000043)","Unfall 154150 (2024) Kat:3, Licht: 0","154150","3","7","0","09","17","3","","0","0","1","0","0"
"POINT (10.068775856000059 53.559545757000080)","Unfall 154151 (2024) Kat:3, Licht: 0","154151","3","3","5","09","13","3","","0","1","1","0","0"
"POINT (10.063728959000059 53.560073519000071)","Unfall 154152 (2024) Kat:3, Licht: 0","154152","3","6","2","09","06","3","","0","0","1","0","0"
"POINT (10.114372622000076 53.607374210000046)","Unfall 154153 (2024) Kat:3, Licht: 0","154153","3","4","6","09","09","3","","0","1","0","1","0"
"POINT (10.126452705000077 53.603774113000043)","Unfall 154154 (2024) Kat:3, Licht: 0","154154","3","2","3","09","06","3","","0","1","0","0","0"
"POINT (10.091630121000037 53.595321603000059)","Unfall 154155 (2024) Kat:3, Licht: 0","154155","3","6","4","09","13","3","","0","1","1","0","0"
"POINT (10.096569110000075 53.619243435000044)","Unfall 154156 (2024) Kat:3, Licht: 0","154156","3","4","6","09","07","3","","0","0","1","1","0"
"POINT (10.000692604000051 53.680770453000036)","Unfall 154157 (2024) Kat:3, Licht: 0","154157","3","6","3","09","12","3","","0","0","1","0","0"
"POINT (10.035233035000033 53.574794737000047)","Unfall 154158 (2024) Kat:3, Licht: 1","154158","3","6","2","09","21","3","","1","0","1","0","0"
"POINT (9.902580839000052 53.606668533000061)","Unfall 154159 (2024) Kat:3, Licht: 0","154159","3","3","5","09","17","3","","0","1","1","0","0"
"POINT (9.845868105000022 53.570729819000064)","Unfall 154160 (2024) Kat:3, Licht: 0","154160","3","7","7","09","16","3","","0","1","0","0","0"
"POINT (9.866276476000053 53.585211887000071)","Unfall 154161 (2024) Kat:3, Licht: 0","154161","3","6","4","09","06","3","","0","1","0","0","0"
"POINT (9.971560893000060 53.581793872000048)","Unfall 154162 (2024) Kat:3, Licht: 0","154162","3","5","1","09","17","3","","0","1","1","0","0"
"POINT (9.972219032000055 53.587510535000035)","Unfall 154163 (2024) Kat:3, Licht: 0","154163","3","4","6","09","14","3","","0","0","1","1","0"
"POINT (9.948702922000052 53.562357793000047)","Unfall 154164 (2024) Kat:2, Licht: 1","154164","2","2","5","09","19","3","","1","0","1","0","0"
"POINT (10.005653185000028 53.548367761000065)","Unfall 154165 (2024) Kat:3, Licht: 0","154165","3","6","0","09","17","3","","0","0","1","0","0"
"POINT (10.186121372000059 53.488821594000058)","Unfall 154166 (2024) Kat:3, Licht: 0","154166","3","6","2","09","16","2","","0","0","1","0","0"
"POINT (10.205553172000066 53.475547773000073)","Unfall 154167 (2024) Kat:2, Licht: 0","154167","2","7","6","09","10","2","","0","0","1","1","0"
"POINT (10.084594064000044 53.550794642000028)","Unfall 154168 (2024) Kat:3, Licht: 0","154168","3","2","2","09","10","2","","0","0","0","0","0"
"POINT (10.080929427000058 53.532060262000073)","Unfall 154169 (2024) Kat:3, Licht: 0","154169","3","2","5","09","06","2","","0","0","1","0","1"
"POINT (10.139392551000071 53.627681131000031)","Unfall 154170 (2024) Kat:3, Licht: 0","154170","3","3","5","09","16","2","","0","1","0","0","0"
"POINT (10.101439920000075 53.569917707000059)","Unfall 154171 (2024) Kat:3, Licht: 0","154171","3","6","2","09","18","2","","0","0","1","0","0"
"POINT (10.068011562000038 53.561941361000038)","Unfall 154172 (2024) Kat:3, Licht: 0","154172","3","6","3","09","13","2","","0","0","1","0","0"
"POINT (10.079863895000074 53.573977174000049)","Unfall 154173 (2024) Kat:3, Licht: 0","154173","3","3","5","09","08","2","","0","0","1","0","0"
"POINT (10.124690086000044 53.656816104000029)","Unfall 154174 (2024) Kat:3, Licht: 0","154174","3","3","5","09","15","2","","0","1","1","0","0"
"POINT (10.011243323000031 53.579084866000073)","Unfall 154175 (2024) Kat:3, Licht: 0","154175","3","7","0","09","08","2","","0","1","0","0","0"
"POINT (10.016967403000024 53.565146468000080)","Unfall 154176 (2024) Kat:3, Licht: 0","154176","3","7","0","09","13","2","","0","1","0","0","0"
"POINT (9.879658326000026 53.601413961000048)","Unfall 154177 (2024) Kat:3, Licht: 0","154177","3","6","0","09","17","2","","0","0","1","0","0"
"POINT (9.882794099000023 53.559481173000052)","Unfall 154178 (2024) Kat:3, Licht: 0","154178","3","5","5","09","13","2","","0","1","1","0","0"
"POINT (9.855372003000070 53.536103631000060)","Unfall 154179 (2024) Kat:3, Licht: 0","154179","3","7","0","09","14","1","","0","1","0","0","0"
"POINT (10.082500725000045 53.556548707000047)","Unfall 154180 (2024) Kat:3, Licht: 0","154180","3","3","5","09","13","1","","0","0","1","0","0"
"POINT (10.129335731000026 53.655034995000051)","Unfall 154181 (2024) Kat:3, Licht: 0","154181","3","7","0","09","18","1","","0","1","0","0","0"
"POINT (10.031222084000035 53.592857976000062)","Unfall 154182 (2024) Kat:2, Licht: 0","154182","2","5","1","09","12","1","","0","1","0","0","0"
"POINT (10.040176842000051 53.567104747000030)","Unfall 154183 (2024) Kat:2, Licht: 0","154183","2","2","5","09","18","1","","0","0","1","0","1"
"POINT (10.008634114000074 53.572495309000033)","Unfall 154184 (2024) Kat:3, Licht: 0","154184","3","7","0","09","15","1","","0","1","0","0","0"
"POINT (10.036333109000054 53.599288202000082)","Unfall 154185 (2024) Kat:3, Licht: 0","154185","3","7","0","09","12","1","","0","1","0","0","0"
"POINT (9.884771985000043 53.580567865000035)","Unfall 154186 (2024) Kat:3, Licht: 0","154186","3","2","5","09","13","1","","0","1","1","0","0"
"POINT (9.873927586000036 53.599612913000044)","Unfall 154187 (2024) Kat:2, Licht: 2","154187","2","7","0","09","20","1","","2","1","0","0","0"
"POINT (9.972099348000029 53.557093370000075)","Unfall 154188 (2024) Kat:3, Licht: 0","154188","3","6","2","09","08","1","","0","0","1","0","0"
"POINT (10.002818724000065 53.554776615000037)","Unfall 154189 (2024) Kat:3, Licht: 0","154189","3","6","3","09","14","1","","0","1","1","0","0"
"POINT (9.982135160000041 53.428250433000073)","Unfall 154190 (2024) Kat:3, Licht: 0","154190","3","6","2","09","12","7","","0","0","1","0","0"
"POINT (10.198700914000028 53.512702947000037)","Unfall 154191 (2024) Kat:3, Licht: 0","154191","3","1","0","09","11","7","","0","0","0","0","0"
"POINT (10.100889972000061 53.540414655000063)","Unfall 154192 (2024) Kat:3, Licht: 0","154192","3","3","5","09","19","7","","0","0","0","0","1"
"POINT (10.010410456000045 53.547325462000060)","Unfall 154193 (2024) Kat:3, Licht: 2","154193","3","1","0","09","01","7","","2","1","0","0","0"
"POINT (10.152002522000032 53.600216143000068)","Unfall 154194 (2024) Kat:3, Licht: 2","154194","3","2","5","09","20","7","","2","0","0","0","0"
"POINT (10.125865123000040 53.627497420000054)","Unfall 154195 (2024) Kat:3, Licht: 0","154195","3","2","0","09","15","7","","0","1","1","0","0"
"POINT (10.076572992000024 53.566625444000067)","Unfall 154196 (2024) Kat:2, Licht: 0","154196","2","2","6","09","12","7","","0","0","1","1","0"
"POINT (10.076742246000038 53.566873543000042)","Unfall 154197 (2024) Kat:3, Licht: 0","154197","3","2","4","09","12","7","","0","0","1","0","0"
"POINT (10.064418433000071 53.586734771000067)","Unfall 154198 (2024) Kat:3, Licht: 0","154198","3","6","3","09","11","7","","0","0","1","0","1"
"POINT (10.000453523000033 53.621519717000069)","Unfall 154199 (2024) Kat:3, Licht: 0","154199","3","5","5","09","16","7","","0","0","1","0","0"
"POINT (10.007378788000040 53.623108671000068)","Unfall 154200 (2024) Kat:3, Licht: 0","154200","3","7","0","09","19","7","","0","1","0","0","0"
"POINT (10.007778020000046 53.593197859000043)","Unfall 154201 (2024) Kat:3, Licht: 2","154201","3","7","0","09","21","7","","2","0","0","0","1"
"POINT (9.863383571000043 53.572485827000037)","Unfall 154202 (2024) Kat:3, Licht: 0","154202","3","7","0","09","11","7","","0","1","0","0","0"
"POINT (9.859492959000022 53.598017841000058)","Unfall 154203 (2024) Kat:3, Licht: 0","154203","3","5","1","09","18","7","","0","1","1","0","0"
"POINT (9.992629104000059 53.592097317000082)","Unfall 154204 (2024) Kat:3, Licht: 0","154204","3","7","0","09","14","7","","0","0","1","0","0"
"POINT (9.946025982000037 53.575008876000027)","Unfall 154205 (2024) Kat:3, Licht: 1","154205","3","7","0","09","06","7","","1","0","0","0","0"
"POINT (9.941254301000072 53.562614452000048)","Unfall 154206 (2024) Kat:3, Licht: 0","154206","3","3","5","09","11","7","","0","0","1","0","1"
"POINT (9.983060057000046 53.558487706000051)","Unfall 154207 (2024) Kat:3, Licht: 2","154207","3","7","6","09","01","7","","2","0","0","1","0"
"POINT (9.988644244000056 53.557347109000034)","Unfall 154208 (2024) Kat:3, Licht: 0","154208","3","7","0","09","15","7","","0","0","0","0","0"
"POINT (9.949133314000051 53.474751642000058)","Unfall 154209 (2024) Kat:3, Licht: 0","154209","3","7","0","09","17","7","","0","1","0","0","0"
"POINT (9.993772312000033 53.465256807000060)","Unfall 154210 (2024) Kat:3, Licht: 0","154210","3","2","5","09","08","6","","0","1","1","0","0"
"POINT (9.980717901000048 53.423411528000031)","Unfall 154211 (2024) Kat:3, Licht: 0","154211","3","6","2","09","17","6","","0","0","1","0","0"
"POINT (10.221332987000039 53.484443923000072)","Unfall 154212 (2024) Kat:3, Licht: 0","154212","3","7","0","09","19","6","","0","1","0","0","0"
"POINT (10.108635573000072 53.561649278000061)","Unfall 154213 (2024) Kat:3, Licht: 2","154213","3","2","0","09","05","2","","2","0","1","0","1"
"POINT (10.109649382000043 53.593357953000066)","Unfall 154214 (2024) Kat:3, Licht: 0","154214","3","2","5","09","17","6","","0","0","1","0","0"
"POINT (10.102798309000036 53.578886702000034)","Unfall 154215 (2024) Kat:2, Licht: 0","154215","2","2","3","09","16","6","","0","1","1","0","0"
"POINT (10.162858094000057 53.635905294000054)","Unfall 154216 (2024) Kat:3, Licht: 0","154216","3","3","5","09","12","6","","0","0","1","0","0"
"POINT (10.104993047000050 53.571992355000077)","Unfall 154217 (2024) Kat:3, Licht: 0","154217","3","7","0","09","12","6","","0","1","0","0","0"
"POINT (10.101760224000031 53.597533343000066)","Unfall 154218 (2024) Kat:3, Licht: 1","154218","3","7","0","09","05","6","","1","1","0","0","0"
"POINT (10.174109993000059 53.589380945000073)","Unfall 154219 (2024) Kat:2, Licht: 0","154219","2","7","0","09","11","6","","0","1","0","0","0"
"POINT (10.150086919000046 53.609080177000067)","Unfall 154220 (2024) Kat:3, Licht: 2","154220","3","7","0","09","22","6","","2","1","0","0","0"
"POINT (10.098442935000037 53.590412900000047)","Unfall 154221 (2024) Kat:3, Licht: 0","154221","3","5","6","09","14","6","","0","0","1","1","0"
"POINT (10.077920376000066 53.613585788000080)","Unfall 154222 (2024) Kat:3, Licht: 0","154222","3","1","0","09","11","6","","0","1","0","0","0"
"POINT (10.146895079000046 53.668738919000077)","Unfall 154223 (2024) Kat:3, Licht: 0","154223","3","7","0","09","14","6","","0","1","0","0","0"
"POINT (10.038168188000043 53.565857934000064)","Unfall 154224 (2024) Kat:3, Licht: 0","154224","3","7","3","09","17","6","","0","0","1","0","0"
"POINT (10.046182076000036 53.567564592000053)","Unfall 154225 (2024) Kat:3, Licht: 0","154225","3","7","3","09","13","6","","0","0","1","0","0"
"POINT (9.914680557000054 53.609417192000080)","Unfall 154226 (2024) Kat:3, Licht: 2","154226","3","7","0","09","20","6","","2","0","0","0","0"
"POINT (9.869383156000026 53.584837561000029)","Unfall 154227 (2024) Kat:3, Licht: 1","154227","3","1","1","09","19","6","","1","0","1","0","0"
"POINT (9.918300712000075 53.566834842000048)","Unfall 154228 (2024) Kat:3, Licht: 0","154228","3","2","4","09","14","6","","0","1","1","0","0"
"POINT (9.894798247000040 53.626898066000081)","Unfall 154229 (2024) Kat:3, Licht: 0","154229","3","1","9","09","12","6","","0","0","1","0","0"
"POINT (9.955574691000038 53.601839798000071)","Unfall 154230 (2024) Kat:3, Licht: 2","154230","3","5","1","09","23","6","","2","1","0","0","0"
"POINT (9.950937323000062 53.598058011000035)","Unfall 154231 (2024) Kat:3, Licht: 0","154231","3","5","1","09","08","6","","0","0","0","0","0"
"POINT (9.993404295000062 53.558019297000044)","Unfall 154232 (2024) Kat:3, Licht: 0","154232","3","6","3","09","14","6","","0","0","1","0","0"
"POINT (9.955084672000055 53.494888841000034)","Unfall 154233 (2024) Kat:3, Licht: 2","154233","3","1","8","09","23","6","","2","0","0","0","1"
"POINT (9.982229354000026 53.463968698000031)","Unfall 154234 (2024) Kat:3, Licht: 0","154234","3","2","2","09","08","6","","0","0","1","0","0"
"POINT (9.981878663000032 53.458347546000027)","Unfall 154235 (2024) Kat:3, Licht: 2","154235","3","7","0","09","20","5","","2","1","0","0","0"
"POINT (10.012272618000054 53.494286059000046)","Unfall 154236 (2024) Kat:3, Licht: 1","154236","3","7","0","09","20","5","","1","1","0","0","0"
"POINT (10.184438400000033 53.507478622000065)","Unfall 154237 (2024) Kat:3, Licht: 0","154237","3","2","4","09","16","5","","0","0","1","0","0"
"POINT (10.210570643000040 53.503730820000044)","Unfall 154238 (2024) Kat:3, Licht: 0","154238","3","3","5","09","10","5","","0","0","1","0","0"
"POINT (10.076576780000039 53.508401880000065)","Unfall 154239 (2024) Kat:3, Licht: 0","154239","3","7","0","09","18","5","","0","1","0","0","0"
"POINT (10.090332044000036 53.553801838000027)","Unfall 154240 (2024) Kat:3, Licht: 2","154240","3","7","0","09","20","5","","2","0","1","0","0"
"POINT (10.099403877000043 53.538641555000027)","Unfall 154241 (2024) Kat:3, Licht: 0","154241","3","7","0","09","15","5","","0","0","1","0","0"
"POINT (10.038433590000068 53.532424409000043)","Unfall 154242 (2024) Kat:3, Licht: 0","154242","3","6","3","09","08","5","","0","0","1","0","0"
"POINT (10.127866624000035 53.602204840000070)","Unfall 154243 (2024) Kat:3, Licht: 2","154243","3","7","0","09","20","5","","2","0","0","0","0"
"POINT (10.099315413000056 53.576232399000048)","Unfall 154244 (2024) Kat:3, Licht: 0","154244","3","3","5","09","17","5","","0","0","1","0","0"
"POINT (10.056416248000062 53.583031450000078)","Unfall 154245 (2024) Kat:2, Licht: 0","154245","2","2","5","09","19","5","","0","1","1","0","0"
"POINT (9.993250172000046 53.640784554000049)","Unfall 154246 (2024) Kat:3, Licht: 2","154246","3","7","0","09","22","5","","2","0","0","0","1"
"POINT (10.012917203000029 53.604923605000067)","Unfall 154247 (2024) Kat:3, Licht: 1","154247","3","2","3","09","05","5","","1","0","1","0","0"
"POINT (10.016814758000066 53.565530011000078)","Unfall 154248 (2024) Kat:3, Licht: 0","154248","3","7","0","09","09","5","","0","1","0","0","0"
"POINT (9.909252155000047 53.545932333000053)","Unfall 154249 (2024) Kat:3, Licht: 0","154249","3","5","0","09","16","5","","0","0","0","0","0"
"POINT (9.994160523000062 53.558429911000076)","Unfall 154250 (2024) Kat:3, Licht: 0","154250","3","2","3","09","15","5","","0","0","1","0","0"
"POINT (9.956407686000034 53.561978443000044)","Unfall 154251 (2024) Kat:3, Licht: 0","154251","3","7","0","09","11","5","","0","0","0","0","0"
"POINT (9.988723979000042 53.560720639000067)","Unfall 154252 (2024) Kat:3, Licht: 2","154252","3","7","0","09","22","5","","2","1","0","0","0"
"POINT (9.974243689000048 53.458109694000029)","Unfall 154253 (2024) Kat:3, Licht: 0","154253","3","5","5","09","17","3","","0","0","1","0","0"
"POINT (9.996947183000032 53.466204429000072)","Unfall 154254 (2024) Kat:3, Licht: 0","154254","3","6","0","09","18","4","","0","0","1","0","1"
"POINT (9.979666604000045 53.462632967000047)","Unfall 154255 (2024) Kat:3, Licht: 0","154255","3","7","0","09","08","4","","0","1","0","0","0"
"POINT (10.038514155000030 53.547322505000068)","Unfall 154256 (2024) Kat:3, Licht: 0","154256","3","3","5","09","17","4","","0","1","1","0","0"
"POINT (10.041352440000026 53.551439997000045)","Unfall 154257 (2024) Kat:3, Licht: 0","154257","3","2","4","09","15","4","","0","0","1","0","0"
"POINT (10.031385427000032 53.498872941000059)","Unfall 154258 (2024) Kat:1, Licht: 2","154258","1","6","4","09","22","5","","2","1","1","0","1"
"POINT (10.105376228000068 53.570954384000061)","Unfall 154259 (2024) Kat:3, Licht: 2","154259","3","4","6","09","20","4","","2","0","1","1","0"
"POINT (10.059170491000032 53.573541006000028)","Unfall 154260 (2024) Kat:3, Licht: 0","154260","3","2","3","09","07","4","","0","1","1","0","0"
"POINT (10.078200521000042 53.608544441000049)","Unfall 154261 (2024) Kat:3, Licht: 0","154261","3","6","2","09","15","4","","0","0","1","0","0"
"POINT (10.086783217000061 53.639881780000053)","Unfall 154262 (2024) Kat:3, Licht: 0","154262","3","6","2","09","08","4","","0","0","1","0","0"
"POINT (10.163414838000051 53.644376696000052)","Unfall 154263 (2024) Kat:3, Licht: 1","154263","3","5","1","09","07","4","","1","1","1","0","0"
"POINT (10.112208192000026 53.653816473000063)","Unfall 154264 (2024) Kat:3, Licht: 0","154264","3","6","2","09","15","4","","0","0","1","0","1"
"POINT (10.150229858000046 53.652982494000071)","Unfall 154265 (2024) Kat:3, Licht: 2","154265","3","7","0","09","20","4","","2","1","0","0","0"
"POINT (10.163081127000055 53.651820155000053)","Unfall 154266 (2024) Kat:3, Licht: 0","154266","3","7","0","09","07","4","","0","1","0","0","0"
"POINT (10.011530299000071 53.610243882000077)","Unfall 154267 (2024) Kat:3, Licht: 0","154267","3","2","5","09","17","4","","0","0","1","0","0"
"POINT (10.049338974000023 53.580811178000033)","Unfall 154268 (2024) Kat:3, Licht: 2","154268","3","7","0","09","21","4","","2","1","0","0","0"
"POINT (10.053162300000054 53.573845750000032)","Unfall 154269 (2024) Kat:3, Licht: 0","154269","3","3","5","09","10","4","","0","0","1","0","0"
"POINT (9.956092382000065 53.625204332000067)","Unfall 154270 (2024) Kat:3, Licht: 0","154270","3","7","0","09","08","4","","0","1","0","0","0"
"POINT (9.978606044000060 53.607234835000042)","Unfall 154271 (2024) Kat:3, Licht: 2","154271","3","7","0","09","22","4","","2","1","0","0","0"
"POINT (9.956692592000024 53.587594198000033)","Unfall 154272 (2024) Kat:3, Licht: 0","154272","3","3","5","09","08","4","","0","1","1","0","0"
"POINT (9.992304835000027 53.559162495000066)","Unfall 154273 (2024) Kat:3, Licht: 0","154273","3","6","3","09","16","4","","0","0","1","0","0"
"POINT (10.019514387000072 53.556826968000053)","Unfall 154274 (2024) Kat:3, Licht: 0","154274","3","6","3","09","17","4","","0","0","1","0","0"