WKT,Name,OBJECTID,UKATEGORIE,UTYP1,UART,UMONAT,USTUNDE,UWOCHENTAG,STRZUSTAND,ULICHTVERH,ISTRAD,ISTPKW,ISTFUSS,ISTKRAD
"POINT (9.873059110000042 53.473414845000036)","Unfall 154275 (2024) Kat:3, Licht: 0","154275","3","6","6","09","16","3","","0","1","0","1","0"
"POINT (9.855842256000074 53.468357529000059)","Unfall 154276 (2024) Kat:2, Licht: 0","154276","2","3","5","09","09","3","","0","1","1","0","0"
"POINT (9.923856970000031 53.452501776000076)","Unfall 154277 (2024) Kat:3, Licht: 0","154277","3","6","2","09","08","3","","0","0","1","0","1"
"POINT (10.212812992000067 53.504103473000043)","Unfall 154278 (2024) Kat:3, Licht: 0","154278","3","2","4","09","14","3","","0","0","1","0","1"
"POINT (10.165651070000024 53.487684392000062)","Unfall 154279 (2024) Kat:3, Licht: 0","154279","3","4","6","09","08","3","","0","0","0","1","0"
"POINT (10.080711839000060 53.531955311000047)","Unfall 154280 (2024) Kat:3, Licht: 1","154280","3","2","5","09","18","3","","1","1","1","0","0"
"POINT (10.080900670000062 53.532029955000041)","Unfall 154281 (2024) Kat:3, Licht: 0","154281","3","2","5","09","13","3","","0","0","1","0","0"
"POINT (10.020274551000057 53.540462820000073)","Unfall 154282 (2024) Kat:3, Licht: 0","154282","3","7","8","09","07","3","","0","1","0","0","0"
"POINT (10.190675783000074 53.592075398000077)","Unfall 154283 (2024) Kat:3, Licht: 0","154283","3","4","6","09","12","3","","0","0","1","1","0"
"POINT (10.065450497000029 53.597996232000071)","Unfall 154284 (2024) Kat:3, Licht: 0","154284","3","2","3","09","07","3","","0","1","1","0","0"
"POINT (10.068784520000065 53.600861659000032)","Unfall 154285 (2024) Kat:3, Licht: 0","154285","3","1","0","09","14","3","","0","0","0","0","0"
"POINT (10.094698572000027 53.639265735000038)","Unfall 154286 (2024) Kat:3, Licht: 0","154286","3","2","5","09","14","3","","0","1","1","0","0"
"POINT (10.107325324000044 53.654608735000068)","Unfall 154287 (2024) Kat:3, Licht: 0","154287","3","6","2","09","13","3","","0","0","1","0","0"
"POINT (10.110021004000032 53.707456968000031)","Unfall 154288 (2024) Kat:3, Licht: 0","154288","3","4","6","09","13","3","","0","0","1","1","0"
"POINT (10.098175325000057 53.642552668000064)","Unfall 154289 (2024) Kat:3, Licht: 0","154289","3","6","3","09","13","3","","0","0","1","0","0"
"POINT (10.123288165000076 53.644407767000075)","Unfall 154290 (2024) Kat:3, Licht: 1","154290","3","2","5","09","06","3","","1","0","1","0","1"
"POINT (10.038271289000022 53.641796995000050)","Unfall 154291 (2024) Kat:3, Licht: 0","154291","3","2","3","09","10","3","","0","1","1","0","0"
"POINT (10.040274552000028 53.567073960000073)","Unfall 154292 (2024) Kat:3, Licht: 0","154292","3","2","5","09","15","3","","0","1","1","0","0"
"POINT (10.042663895000032 53.564500440000074)","Unfall 154293 (2024) Kat:3, Licht: 1","154293","3","3","5","09","19","3","","1","0","1","0","0"
"POINT (10.045102946000043 53.566518974000076)","Unfall 154294 (2024) Kat:3, Licht: 0","154294","3","3","5","09","11","3","","0","1","0","0","0"
"POINT (10.053664466000043 53.589728135000030)","Unfall 154295 (2024) Kat:3, Licht: 0","154295","3","7","0","09","18","3","","0","0","0","0","1"
"POINT (9.900245816000051 53.551453130000027)","Unfall 154296 (2024) Kat:3, Licht: 0","154296","3","7","0","09","19","3","","0","1","0","0","0"
"POINT (9.896352039000021 53.562063521000027)","Unfall 154297 (2024) Kat:2, Licht: 0","154297","2","6","2","09","10","3","","0","1","0","0","0"
"POINT (9.916245446000062 53.640728588000059)","Unfall 154298 (2024) Kat:3, Licht: 0","154298","3","7","0","09","17","3","","0","0","0","0","0"
"POINT (10.017896431000054 53.600270082000065)","Unfall 154299 (2024) Kat:3, Licht: 2","154299","3","1","0","09","22","7","","2","1","0","0","0"
"POINT (9.954985956000030 53.561291255000071)","Unfall 154300 (2024) Kat:3, Licht: 2","154300","3","2","5","09","21","3","","2","1","1","0","0"
"POINT (9.973843894000026 53.569118736000064)","Unfall 154301 (2024) Kat:3, Licht: 1","154301","3","4","6","09","21","3","","1","1","0","1","0"
"POINT (9.952496313000040 53.556501698000034)","Unfall 154302 (2024) Kat:3, Licht: 0","154302","3","2","3","09","17","3","","0","1","0","0","0"
"POINT (9.877375489000030 53.502216313000076)","Unfall 154303 (2024) Kat:3, Licht: 0","154303","3","3","5","09","07","2","","0","1","0","0","0"
"POINT (9.998720092000042 53.462064368000028)","Unfall 154304 (2024) Kat:3, Licht: 0","154304","3","7","0","09","17","2","","0","0","1","0","0"
"POINT (9.964838806000046 53.467898583000078)","Unfall 154305 (2024) Kat:3, Licht: 0","154305","3","2","3","09","15","2","","0","1","1","0","0"
"POINT (10.047893676000058 53.561996345000068)","Unfall 154306 (2024) Kat:3, Licht: 0","154306","3","3","5","09","19","2","","0","1","1","0","0"
"POINT (10.010248965000073 53.548068776000036)","Unfall 154307 (2024) Kat:3, Licht: 0","154307","3","2","0","09","15","2","","0","0","0","0","0"
"POINT (10.178333642000041 53.634352176000050)","Unfall 154308 (2024) Kat:3, Licht: 2","154308","3","6","4","09","05","2","","2","0","1","0","0"
"POINT (10.064812474000064 53.586580504000040)","Unfall 154309 (2024) Kat:3, Licht: 0","154309","3","6","3","09","17","2","","0","1","1","0","0"
"POINT (10.065031976000057 53.604078937000054)","Unfall 154310 (2024) Kat:3, Licht: 0","154310","3","6","2","09","16","2","","0","0","1","0","0"
"POINT (10.034260565000068 53.618557635000059)","Unfall 154311 (2024) Kat:3, Licht: 0","154311","3","7","0","09","12","2","","0","1","0","0","0"
"POINT (10.056061922000026 53.647100215000080)","Unfall 154312 (2024) Kat:3, Licht: 0","154312","3","2","6","09","18","2","","0","0","1","1","0"
"POINT (10.010508679000054 53.648727726000061)","Unfall 154313 (2024) Kat:2, Licht: 0","154313","2","4","6","09","16","2","","0","0","0","1","0"
"POINT (10.024881044000040 53.609453146000078)","Unfall 154314 (2024) Kat:3, Licht: 0","154314","3","7","0","09","17","2","","0","1","0","0","0"
"POINT (10.019715407000035 53.613947398000050)","Unfall 154315 (2024) Kat:3, Licht: 0","154315","3","3","5","09","15","2","","0","1","0","0","0"
"POINT (10.000902810000071 53.605844354000055)","Unfall 154316 (2024) Kat:2, Licht: 0","154316","2","5","1","09","15","2","","0","1","1","0","0"
"POINT (9.995814927000026 53.583770275000063)","Unfall 154317 (2024) Kat:3, Licht: 0","154317","3","2","5","09","07","2","","0","1","0","0","0"
"POINT (9.891003919000070 53.608525905000079)","Unfall 154318 (2024) Kat:3, Licht: 0","154318","3","3","5","09","09","2","","0","0","1","0","0"
"POINT (9.801282270000058 53.577059664000046)","Unfall 154319 (2024) Kat:3, Licht: 0","154319","3","7","0","09","18","2","","0","1","0","0","0"
"POINT (9.841257042000052 53.551668001000053)","Unfall 154320 (2024) Kat:3, Licht: 0","154320","3","6","4","09","12","2","","0","0","1","0","0"
"POINT (9.897264273000076 53.571744745000046)","Unfall 154321 (2024) Kat:3, Licht: 0","154321","3","2","5","09","14","2","","0","1","0","0","0"
"POINT (9.961143025000069 53.573805141000037)","Unfall 154322 (2024) Kat:3, Licht: 0","154322","3","2","6","09","08","2","","0","1","0","1","0"
"POINT (9.994132083000068 53.558385358000066)","Unfall 154323 (2024) Kat:3, Licht: 0","154323","3","6","2","09","12","2","","0","0","1","0","1"
"POINT (9.960167341000044 53.563763192000067)","Unfall 154324 (2024) Kat:3, Licht: 0","154324","3","2","5","09","15","2","","0","0","1","0","1"
"POINT (9.991616751000038 53.553854828000055)","Unfall 154325 (2024) Kat:3, Licht: 0","154325","3","4","6","09","17","2","","0","1","0","1","0"
"POINT (10.006968548000032 53.550267996000059)","Unfall 154326 (2024) Kat:3, Licht: 2","154326","3","4","6","09","22","2","","2","1","0","1","0"
"POINT (10.010096803000067 53.552276814000038)","Unfall 154327 (2024) Kat:2, Licht: 2","154327","2","4","6","09","05","2","","2","0","1","1","0"
"POINT (9.933060972000021 53.491799909000065)","Unfall 154328 (2024) Kat:3, Licht: 0","154328","3","5","1","09","16","1","","0","0","1","0","0"
"POINT (9.985789200000056 53.440605072000039)","Unfall 154329 (2024) Kat:3, Licht: 2","154329","3","3","5","09","03","1","","2","0","1","0","0"
"POINT (9.965373147000037 53.464425814000037)","Unfall 154330 (2024) Kat:3, Licht: 2","154330","3","7","0","09","22","1","","2","0","0","0","0"
"POINT (9.997230227000045 53.505727571000079)","Unfall 154331 (2024) Kat:3, Licht: 2","154331","3","7","0","09","21","1","","2","0","0","0","0"
"POINT (10.078413961000024 53.499543739000046)","Unfall 154332 (2024) Kat:3, Licht: 0","154332","3","6","6","09","15","1","","0","1","0","1","0"
"POINT (10.101098872000023 53.441280133000078)","Unfall 154333 (2024) Kat:2, Licht: 0","154333","2","7","0","09","17","1","","0","1","0","0","0"
"POINT (10.081111431000068 53.505329043000074)","Unfall 154334 (2024) Kat:3, Licht: 0","154334","3","7","0","09","14","1","","0","1","0","0","0"
"POINT (10.152612065000028 53.604270862000078)","Unfall 154335 (2024) Kat:3, Licht: 0","154335","3","1","0","09","11","1","","0","0","0","0","0"
"POINT (10.076241217000074 53.578655223000055)","Unfall 154336 (2024) Kat:3, Licht: 0","154336","3","5","5","09","10","1","","0","0","1","0","0"
"POINT (10.004948360000071 53.592942325000081)","Unfall 154337 (2024) Kat:2, Licht: 0","154337","2","7","0","09","13","1","","0","1","0","0","0"
"POINT (9.896572764000041 53.572028923000062)","Unfall 154338 (2024) Kat:3, Licht: 2","154338","3","7","0","09","21","1","","2","0","0","0","0"
"POINT (9.889159046000032 53.569301813000038)","Unfall 154339 (2024) Kat:3, Licht: 0","154339","3","2","5","09","18","1","","0","1","1","0","0"
"POINT (9.951464613000041 53.576117186000033)","Unfall 154340 (2024) Kat:3, Licht: 2","154340","3","1","0","09","00","1","","2","0","0","0","0"
"POINT (9.934577041000068 53.546363668000026)","Unfall 154341 (2024) Kat:3, Licht: 0","154341","3","7","0","09","15","1","","0","1","0","0","0"
"POINT (9.988532706000058 53.562101403000042)","Unfall 154342 (2024) Kat:2, Licht: 0","154342","2","3","5","09","12","1","","0","0","1","0","0"
"POINT (9.978000098000052 53.546073226000033)","Unfall 154343 (2024) Kat:3, Licht: 0","154343","3","7","0","09","13","1","","0","0","0","0","0"
"POINT (9.984646935000058 53.545360385000038)","Unfall 154344 (2024) Kat:3, Licht: 0","154344","3","3","5","09","10","1","","0","1","1","0","0"
"POINT (9.984468481000022 53.457213048000028)","Unfall 154345 (2024) Kat:3, Licht: 2","154345","3","6","2","08","23","7","","2","0","1","0","1"
"POINT (9.982699014000048 53.457603067000036)","Unfall 154346 (2024) Kat:3, Licht: 0","154346","3","6","2","08","13","7","","0","0","1","0","0"
"POINT (10.038265333000027 53.555196519000049)","Unfall 154347 (2024) Kat:3, Licht: 0","154347","3","2","0","08","13","7","","0","0","1","0","1"
"POINT (10.121055527000067 53.608039283000039)","Unfall 154348 (2024) Kat:3, Licht: 0","154348","3","3","5","08","16","7","","0","1","1","0","0"
"POINT (10.006520198000032 53.585191481000038)","Unfall 154349 (2024) Kat:2, Licht: 0","154349","2","5","1","08","13","7","","0","0","1","0","1"
"POINT (10.009047531000022 53.578147956000066)","Unfall 154350 (2024) Kat:3, Licht: 0","154350","3","7","0","08","16","7","","0","1","0","0","0"
"POINT (10.056256599000051 53.591318566000041)","Unfall 154351 (2024) Kat:3, Licht: 0","154351","3","6","2","08","16","7","","0","0","1","0","0"
"POINT (10.040325710000047 53.575048456000047)","Unfall 154352 (2024) Kat:3, Licht: 0","154352","3","7","0","08","18","7","","0","1","0","0","0"
"POINT (9.915291780000075 53.600796098000046)","Unfall 154353 (2024) Kat:3, Licht: 2","154353","3","7","0","08","21","7","","2","1","0","0","0"
"POINT (9.793437720000043 53.579810302000055)","Unfall 154354 (2024) Kat:3, Licht: 0","154354","3","5","1","08","19","7","","0","1","0","0","0"
"POINT (9.862390618000063 53.591122534000078)","Unfall 154355 (2024) Kat:3, Licht: 2","154355","3","7","0","08","22","7","","2","1","0","0","0"
"POINT (9.885142806000033 53.596655432000034)","Unfall 154356 (2024) Kat:3, Licht: 0","154356","3","4","6","08","15","7","","0","0","1","1","0"
"POINT (9.966527170000063 53.634718725000027)","Unfall 154357 (2024) Kat:3, Licht: 2","154357","3","7","0","08","01","7","","2","0","0","0","0"
"POINT (9.993952977000049 53.579558449000046)","Unfall 154358 (2024) Kat:3, Licht: 0","154358","3","3","5","08","11","7","","0","1","1","0","0"
"POINT (9.990129137000054 53.553012754000065)","Unfall 154359 (2024) Kat:3, Licht: 0","154359","3","6","0","08","18","7","","0","0","0","0","1"
"POINT (9.972475286000076 53.545362110000042)","Unfall 154360 (2024) Kat:3, Licht: 0","154360","3","6","3","08","13","7","","0","0","1","0","1"
"POINT (10.203577792000033 53.498452428000064)","Unfall 154361 (2024) Kat:3, Licht: 2","154361","3","5","1","08","23","6","","2","0","1","0","0"
"POINT (10.174337695000077 53.482453962000079)","Unfall 154362 (2024) Kat:3, Licht: 0","154362","3","5","5","08","13","6","","0","0","0","0","0"
"POINT (10.079119266000021 53.554771660000029)","Unfall 154363 (2024) Kat:3, Licht: 0","154363","3","3","5","08","16","6","","0","0","1","0","0"
"POINT (10.086674078000044 53.545036309000068)","Unfall 154364 (2024) Kat:3, Licht: 2","154364","3","7","0","08","23","6","","2","0","0","0","0"
"POINT (10.093363056000044 53.656322443000079)","Unfall 154365 (2024) Kat:3, Licht: 0","154365","3","6","4","08","16","6","","0","1","0","0","0"
"POINT (10.004443081000034 53.584855536000077)","Unfall 154366 (2024) Kat:3, Licht: 0","154366","3","4","6","08","16","6","","0","0","0","1","0"
"POINT (10.044424087000039 53.591485447000082)","Unfall 154367 (2024) Kat:3, Licht: 0","154367","3","2","4","08","14","6","","0","0","1","0","0"
"POINT (9.766673639000032 53.582598819000054)","Unfall 154368 (2024) Kat:3, Licht: 0","154368","3","7","5","08","16","6","","0","1","0","0","0"
"POINT (9.975677230000031 53.578736472000060)","Unfall 154369 (2024) Kat:3, Licht: 0","154369","3","4","6","08","17","6","","0","0","1","1","0"
"POINT (9.976238214000034 53.583402243000080)","Unfall 154370 (2024) Kat:3, Licht: 0","154370","3","7","0","08","14","6","","0","1","0","1","0"
"POINT (9.974039363000031 53.598296770000047)","Unfall 154371 (2024) Kat:3, Licht: 0","154371","3","2","3","08","13","6","","0","1","1","0","0"
"POINT (9.942006181000067 53.599139001000026)","Unfall 154372 (2024) Kat:3, Licht: 0","154372","3","3","5","08","14","6","","0","1","1","0","0"
"POINT (9.940085430000067 53.554242234000071)","Unfall 154373 (2024) Kat:3, Licht: 0","154373","3","1","0","08","10","6","","0","0","0","0","1"
"POINT (9.948618042000021 53.544456773000036)","Unfall 154374 (2024) Kat:3, Licht: 0","154374","3","7","6","08","18","6","","0","1","0","1","0"
"POINT (9.925527493000061 53.551889864000032)","Unfall 154375 (2024) Kat:3, Licht: 0","154375","3","6","6","08","17","6","","0","1","0","1","0"
"POINT (9.988425893000056 53.562156137000045)","Unfall 154376 (2024) Kat:3, Licht: 0","154376","3","7","3","08","16","6","","0","0","1","0","0"
"POINT (9.963146643000073 53.553991422000081)","Unfall 154377 (2024) Kat:3, Licht: 2","154377","3","7","6","08","20","6","","2","0","1","1","0"
"POINT (10.001392947000056 53.556080893000058)","Unfall 154378 (2024) Kat:3, Licht: 0","154378","3","1","0","08","17","6","","0","1","0","0","0"
"POINT (9.996130185000027 53.552821241000061)","Unfall 154379 (2024) Kat:3, Licht: 0","154379","3","5","3","08","16","6","","0","1","1","0","0"
"POINT (9.996107152000036 53.542172399000037)","Unfall 154380 (2024) Kat:3, Licht: 0","154380","3","2","4","08","08","6","","0","0","1","0","0"
"POINT (10.006914847000075 53.545887067000081)","Unfall 154381 (2024) Kat:3, Licht: 0","154381","3","7","0","08","14","6","","0","1","0","0","0"
"POINT (9.965123713000025 53.471734182000034)","Unfall 154382 (2024) Kat:3, Licht: 0","154382","3","1","0","08","07","6","","0","0","0","0","1"
"POINT (9.824945441000068 53.469288600000027)","Unfall 154383 (2024) Kat:3, Licht: 0","154383","3","3","5","08","13","5","","0","1","0","0","0"
"POINT (9.990429378000044 53.452059056000053)","Unfall 154384 (2024) Kat:2, Licht: 0","154384","2","7","0","08","17","5","","0","1","0","0","0"
"POINT (10.069122389000029 53.460804689000042)","Unfall 154385 (2024) Kat:3, Licht: 1","154385","3","6","3","08","20","5","","1","0","1","0","1"
"POINT (10.170031155000061 53.468016000000034)","Unfall 154386 (2024) Kat:3, Licht: 0","154386","3","6","2","08","09","5","","0","0","1","0","0"
"POINT (10.201394398000048 53.484522685000059)","Unfall 154387 (2024) Kat:2, Licht: 0","154387","2","6","2","08","08","5","","0","0","1","0","1"
"POINT (10.118700561000026 53.560451278000073)","Unfall 154388 (2024) Kat:3, Licht: 0","154388","3","3","5","08","19","5","","0","0","0","0","0"
"POINT (10.109443424000062 53.550381599000048)","Unfall 154389 (2024) Kat:3, Licht: 0","154389","3","3","5","08","16","5","","0","1","0","0","0"
"POINT (10.134500958000046 53.607494416000065)","Unfall 154390 (2024) Kat:3, Licht: 0","154390","3","7","0","08","07","5","","0","1","0","0","0"
"POINT (10.086527490000037 53.591141843000059)","Unfall 154391 (2024) Kat:3, Licht: 0","154391","3","7","0","08","15","5","","0","1","0","0","0"
"POINT (10.060545012000034 53.570870075000073)","Unfall 154392 (2024) Kat:3, Licht: 0","154392","3","6","3","08","13","5","","0","0","1","0","1"
"POINT (10.061717780000038 53.568971315000056)","Unfall 154393 (2024) Kat:3, Licht: 0","154393","3","2","5","08","07","5","","0","1","1","0","0"
"POINT (10.009339322000073 53.649884099000076)","Unfall 154394 (2024) Kat:3, Licht: 0","154394","3","5","5","08","14","5","","0","0","1","0","0"
"POINT (10.020326611000030 53.661626865000073)","Unfall 154395 (2024) Kat:3, Licht: 0","154395","3","7","0","08","15","5","","0","0","0","0","0"
"POINT (10.014313358000038 53.577417383000068)","Unfall 154396 (2024) Kat:3, Licht: 0","154396","3","7","0","08","10","5","","0","1","0","0","0"
"POINT (10.040283905000024 53.580400175000079)","Unfall 154397 (2024) Kat:3, Licht: 0","154397","3","3","5","08","10","5","","0","1","1","0","0"
"POINT (9.991943441000046 53.667616095000028)","Unfall 154398 (2024) Kat:3, Licht: 0","154398","3","5","5","09","14","5","","0","0","1","0","0"
"POINT (9.898200429000042 53.605401388000075)","Unfall 154399 (2024) Kat:3, Licht: 0","154399","3","6","4","08","09","5","","0","1","0","0","0"
"POINT (9.924403877000032 53.591789797000047)","Unfall 154400 (2024) Kat:3, Licht: 0","154400","3","6","2","08","07","5","","0","0","1","0","0"
"POINT (9.822527765000075 53.584040141000060)","Unfall 154401 (2024) Kat:3, Licht: 0","154401","3","3","5","08","16","5","","0","1","1","0","0"
"POINT (9.918595515000050 53.572362293000026)","Unfall 154402 (2024) Kat:3, Licht: 0","154402","3","5","5","08","10","5","","0","1","1","0","0"
"POINT (9.871120055000063 53.592575091000072)","Unfall 154403 (2024) Kat:3, Licht: 0","154403","3","5","5","08","08","5","","0","0","1","0","0"
"POINT (9.969700400000022 53.576499930000068)","Unfall 154404 (2024) Kat:3, Licht: 0","154404","3","3","5","08","09","5","","0","1","1","0","0"
"POINT (9.947461134000037 53.581006729000080)","Unfall 154405 (2024) Kat:3, Licht: 2","154405","3","1","0","08","01","5","","2","0","0","0","1"
"POINT (9.951075526000068 53.582386273000054)","Unfall 154406 (2024) Kat:3, Licht: 0","154406","3","7","0","08","08","5","","0","1","0","0","0"
"POINT (9.920060759000023 53.562864651000041)","Unfall 154407 (2024) Kat:3, Licht: 2","154407","3","7","0","08","03","6","","2","0","0","0","1"
"POINT (9.978531701000065 53.570922735000067)","Unfall 154408 (2024) Kat:3, Licht: 0","154408","3","7","3","08","18","5","","0","0","1","0","0"
"POINT (9.959857518000035 53.546779738000055)","Unfall 154409 (2024) Kat:3, Licht: 0","154409","3","7","0","08","11","5","","0","1","0","0","0"
"POINT (9.998659481000061 53.556506359000082)","Unfall 154410 (2024) Kat:3, Licht: 0","154410","3","6","3","08","17","5","","0","0","1","0","1"
"POINT (9.981313654000076 53.564155219000043)","Unfall 154411 (2024) Kat:3, Licht: 0","154411","3","7","3","09","14","1","","0","0","1","0","1"
"POINT (9.961435946000051 53.493537794000076)","Unfall 154412 (2024) Kat:2, Licht: 0","154412","2","1","8","08","06","5","","0","0","0","0","1"
"POINT (9.964929598000026 53.437103536000052)","Unfall 154413 (2024) Kat:3, Licht: 0","154413","3","7","0","08","18","4","","0","1","0","0","0"
"POINT (10.007209295000052 53.520716139000058)","Unfall 154414 (2024) Kat:3, Licht: 1","154414","3","6","6","08","05","4","","1","0","0","1","0"
"POINT (10.071512518000077 53.552449586000080)","Unfall 154415 (2024) Kat:3, Licht: 0","154415","3","5","1","08","14","4","","0","0","1","0","0"
"POINT (10.099277891000042 53.538459383000031)","Unfall 154416 (2024) Kat:3, Licht: 0","154416","3","3","5","08","15","4","","0","0","1","0","0"
"POINT (10.072984201000054 53.554993828000079)","Unfall 154417 (2024) Kat:3, Licht: 0","154417","3","7","0","08","16","4","","0","1","0","0","0"
"POINT (10.029390585000044 53.556643560000055)","Unfall 154418 (2024) Kat:3, Licht: 1","154418","3","5","1","08","07","4","","1","0","1","0","0"
"POINT (10.165007791000050 53.621869988000071)","Unfall 154419 (2024) Kat:3, Licht: 0","154419","3","2","3","08","15","4","","0","1","0","0","0"
"POINT (10.008076980000055 53.614700257000038)","Unfall 154420 (2024) Kat:3, Licht: 0","154420","3","2","5","08","07","4","","0","0","1","0","1"
"POINT (10.006430990000069 53.654118649000054)","Unfall 154421 (2024) Kat:3, Licht: 0","154421","3","6","2","08","16","4","","0","0","1","0","1"
"POINT (10.009604497000055 53.599720721000040)","Unfall 154422 (2024) Kat:3, Licht: 2","154422","3","7","9","08","04","4","","2","0","1","0","0"
"POINT (10.053690939000035 53.586151304000055)","Unfall 154423 (2024) Kat:3, Licht: 0","154423","3","7","0","08","14","4","","0","0","1","0","0"
"POINT (10.039964449000024 53.579700598000045)","Unfall 154424 (2024) Kat:3, Licht: 0","154424","3","6","2","08","12","4","","0","1","0","0","0"
"POINT (9.915082758000040 53.600915177000047)","Unfall 154425 (2024) Kat:3, Licht: 0","154425","3","2","3","08","12","4","","0","1","1","0","0"
"POINT (9.970648587000028 53.575830536000069)","Unfall 154426 (2024) Kat:3, Licht: 0","154426","3","3","5","09","08","3","","0","1","0","0","0"
"POINT (9.816811193000035 53.581037089000063)","Unfall 154427 (2024) Kat:3, Licht: 0","154427","3","2","5","08","14","4","","0","1","0","0","0"
"POINT (9.921510128000023 53.632162025000071)","Unfall 154428 (2024) Kat:3, Licht: 0","154428","3","5","3","08","14","4","","0","0","0","0","0"
"POINT (9.962068416000022 53.628584487000069)","Unfall 154429 (2024) Kat:3, Licht: 0","154429","3","6","3","08","08","4","","0","1","1","0","0"
"POINT (9.950378258000057 53.618071233000080)","Unfall 154430 (2024) Kat:3, Licht: 0","154430","3","6","4","08","07","4","","0","1","0","0","0"
"POINT (9.959955027000035 53.569292067000049)","Unfall 154431 (2024) Kat:3, Licht: 0","154431","3","7","5","08","13","4","","0","1","1","0","0"
"POINT (9.955192056000044 53.549742191000064)","Unfall 154432 (2024) Kat:3, Licht: 0","154432","3","7","0","08","18","4","","0","0","0","0","0"
"POINT (9.987716362000072 53.555795567000075)","Unfall 154433 (2024) Kat:3, Licht: 0","154433","3","4","6","08","17","4","","0","1","0","1","0"
"POINT (9.988193507000062 53.556866066000055)","Unfall 154434 (2024) Kat:3, Licht: 0","154434","3","2","5","08","07","4","","0","1","1","0","0"
"POINT (10.162292697000055 53.411673263000068)","Unfall 154435 (2024) Kat:2, Licht: 0","154435","2","5","1","08","19","3","","0","0","1","0","0"
"POINT (10.186806623000052 53.490543797000043)","Unfall 154436 (2024) Kat:3, Licht: 0","154436","3","3","5","08","18","3","","0","0","1","0","0"
"POINT (10.080673413000056 53.502484000000038)","Unfall 154437 (2024) Kat:3, Licht: 0","154437","3","7","0","08","11","3","","0","1","0","0","0"
"POINT (10.182443722000073 53.607567000000074)","Unfall 154438 (2024) Kat:3, Licht: 0","154438","3","7","3","08","18","3","","0","0","1","0","0"
"POINT (10.114297089000047 53.607680493000032)","Unfall 154439 (2024) Kat:3, Licht: 0","154439","3","6","4","08","08","3","","0","0","1","0","0"
"POINT (10.059704890000035 53.572646955000039)","Unfall 154440 (2024) Kat:3, Licht: 0","154440","3","2","3","08","17","3","","0","1","1","0","0"
"POINT (10.091683282000076 53.587507604000052)","Unfall 154441 (2024) Kat:3, Licht: 0","154441","3","3","3","08","15","3","","0","0","1","0","0"
"POINT (10.071710343000063 53.571893991000081)","Unfall 154442 (2024) Kat:3, Licht: 0","154442","3","2","5","08","14","3","","0","0","1","0","0"
"POINT (10.071882652000056 53.614905868000051)","Unfall 154443 (2024) Kat:3, Licht: 0","154443","3","7","7","08","11","3","","0","1","0","0","0"
"POINT (10.054945148000058 53.590839494000079)","Unfall 154444 (2024) Kat:3, Licht: 0","154444","3","6","2","08","14","3","","0","0","1","0","0"
"POINT (10.028649386000041 53.571195433000071)","Unfall 154445 (2024) Kat:3, Licht: 0","154445","3","3","5","08","09","3","","0","0","1","0","0"
"POINT (10.031426457000066 53.576165054000057)","Unfall 154446 (2024) Kat:3, Licht: 2","154446","3","3","5","08","22","3","","2","0","1","0","0"
"POINT (10.042001248000076 53.566739204000044)","Unfall 154447 (2024) Kat:3, Licht: 2","154447","3","7","0","08","23","3","","2","1","0","0","0"
"POINT (9.911476183000048 53.557594833000053)","Unfall 154448 (2024) Kat:3, Licht: 0","154448","3","5","1","08","08","3","","0","1","1","0","0"
"POINT (9.989356337000061 53.599000538000041)","Unfall 154449 (2024) Kat:3, Licht: 0","154449","3","7","0","08","19","3","","0","1","0","0","0"
"POINT (9.958026537000023 53.570653282000080)","Unfall 154450 (2024) Kat:3, Licht: 0","154450","3","3","5","08","17","3","","0","1","1","0","0"
"POINT (9.961656567000034 53.579899250000040)","Unfall 154451 (2024) Kat:2, Licht: 0","154451","2","7","0","08","13","3","","0","1","0","0","0"
"POINT (9.972324808000053 53.601763001000052)","Unfall 154452 (2024) Kat:3, Licht: 0","154452","3","6","2","08","10","3","","0","0","1","0","0"
"POINT (9.994073542000024 53.579628506000063)","Unfall 154453 (2024) Kat:3, Licht: 0","154453","3","7","0","08","15","3","","0","1","0","0","0"
"POINT (9.992760275000023 53.557612734000031)","Unfall 154454 (2024) Kat:3, Licht: 0","154454","3","6","2","08","14","3","","0","0","1","0","0"
"POINT (9.965101701000037 53.471738343000027)","Unfall 154455 (2024) Kat:3, Licht: 0","154455","3","2","3","08","13","3","","0","0","0","0","1"
"POINT (9.831412358000023 53.516180038000073)","Unfall 154456 (2024) Kat:2, Licht: 0","154456","2","6","4","08","15","2","","0","0","1","0","0"
"POINT (9.987506512000039 53.450482834000070)","Unfall 154457 (2024) Kat:3, Licht: 0","154457","3","7","0","08","09","2","","0","0","0","0","0"
"POINT (10.211477875000071 53.513232507000055)","Unfall 154458 (2024) Kat:3, Licht: 0","154458","3","5","5","08","16","2","","0","1","1","0","0"
"POINT (10.111657673000025 53.552726641000049)","Unfall 154459 (2024) Kat:1, Licht: 1","154459","1","3","5","08","20","2","","1","0","1","0","0"
"POINT (9.994386436000070 53.602094187000034)","Unfall 154460 (2024) Kat:3, Licht: 0","154460","3","7","5","08","07","5","","0","0","1","0","1"
"POINT (10.101168625000071 53.540866823000044)","Unfall 154461 (2024) Kat:3, Licht: 0","154461","3","6","2","08","14","2","","0","0","1","0","0"