WKT,Name,OBJECTID,UKATEGORIE,UTYP1,UART,UMONAT,USTUNDE,UWOCHENTAG,STRZUSTAND,ULICHTVERH,ISTRAD,ISTPKW,ISTFUSS,ISTKRAD
"POINT (10.136787333000029 53.578497344000027)","Unfall 154462 (2024) Kat:2, Licht: 2","154462","2","2","3","08","21","2","","2","0","1","0","1"
"POINT (10.134889196000074 53.619385690000058)","Unfall 154463 (2024) Kat:3, Licht: 0","154463","3","3","5","08","09","2","","0","1","1","0","0"
"POINT (10.097561964000022 53.579203779000068)","Unfall 154464 (2024) Kat:3, Licht: 0","154464","3","6","2","08","16","2","","0","0","1","0","0"
"POINT (10.069893934000049 53.574721396000029)","Unfall 154465 (2024) Kat:3, Licht: 0","154465","3","6","2","08","11","2","","0","0","1","0","0"
"POINT (9.996771195000065 53.605540004000034)","Unfall 154466 (2024) Kat:3, Licht: 0","154466","3","2","5","08","18","2","","0","1","1","0","0"
"POINT (10.021432555000047 53.606928891000052)","Unfall 154467 (2024) Kat:3, Licht: 0","154467","3","6","3","08","11","2","","0","0","1","0","1"
"POINT (10.036600609000061 53.565164600000060)","Unfall 154468 (2024) Kat:3, Licht: 0","154468","3","6","2","08","15","2","","0","0","1","0","0"
"POINT (10.050305027000036 53.594002160000059)","Unfall 154469 (2024) Kat:3, Licht: 0","154469","3","3","5","08","13","2","","0","1","1","0","0"
"POINT (10.046042188000058 53.585610855000027)","Unfall 154470 (2024) Kat:3, Licht: 0","154470","3","7","0","08","14","2","","0","1","0","0","0"
"POINT (9.895666527000060 53.620056898000030)","Unfall 154471 (2024) Kat:3, Licht: 0","154471","3","7","5","08","18","2","","0","1","1","0","0"
"POINT (9.952768010000057 53.601837688000046)","Unfall 154472 (2024) Kat:3, Licht: 0","154472","3","2","5","08","16","2","","0","0","1","0","1"
"POINT (9.984732905000044 53.581247817000076)","Unfall 154473 (2024) Kat:3, Licht: 0","154473","3","6","4","08","20","2","","0","1","0","0","0"
"POINT (9.990542576000053 53.560805421000055)","Unfall 154474 (2024) Kat:3, Licht: 0","154474","3","4","6","08","08","2","","0","0","0","1","0"
"POINT (10.008466345000045 53.553373679000060)","Unfall 154475 (2024) Kat:3, Licht: 0","154475","3","4","6","08","17","2","","0","0","0","1","0"
"POINT (9.921488348000025 53.508325371000069)","Unfall 154476 (2024) Kat:3, Licht: 0","154476","3","6","4","08","12","2","","0","0","0","0","0"
"POINT (10.107020784000042 53.653830898000081)","Unfall 154477 (2024) Kat:3, Licht: 0","154477","3","6","2","08","10","1","","0","0","1","0","0"
"POINT (10.008179553000048 53.627434187000063)","Unfall 154478 (2024) Kat:3, Licht: 0","154478","3","7","9","08","13","1","","0","0","1","0","0"
"POINT (9.994387838000023 53.597343161000026)","Unfall 154479 (2024) Kat:3, Licht: 2","154479","3","3","5","08","20","1","","2","1","0","0","0"
"POINT (10.040848299000061 53.569734150000045)","Unfall 154480 (2024) Kat:3, Licht: 0","154480","3","7","0","08","14","1","","0","1","0","0","0"
"POINT (9.900001583000062 53.609541572000069)","Unfall 154481 (2024) Kat:3, Licht: 1","154481","3","7","0","08","20","1","","1","0","0","0","0"
"POINT (10.042996021000022 53.563673256000072)","Unfall 154482 (2024) Kat:3, Licht: 0","154482","3","3","5","08","19","4","","0","0","0","0","1"
"POINT (9.989815886000031 53.562797965000073)","Unfall 154483 (2024) Kat:3, Licht: 2","154483","3","7","3","08","01","1","","2","0","1","0","1"
"POINT (9.964672593000046 53.559957885000074)","Unfall 154484 (2024) Kat:3, Licht: 0","154484","3","7","0","08","16","1","","0","0","0","0","0"
"POINT (10.081728228000031 53.558212365000031)","Unfall 154485 (2024) Kat:3, Licht: 0","154485","3","7","6","08","15","7","","0","1","1","1","0"
"POINT (10.130328077000058 53.616467579000073)","Unfall 154486 (2024) Kat:3, Licht: 1","154486","3","3","5","08","19","7","","1","1","1","0","0"
"POINT (10.135094315000060 53.606675108000047)","Unfall 154487 (2024) Kat:3, Licht: 0","154487","3","5","5","08","13","7","","0","0","1","0","0"
"POINT (10.124420412000063 53.588040655000043)","Unfall 154488 (2024) Kat:3, Licht: 0","154488","3","2","5","08","08","7","","0","0","1","0","0"
"POINT (10.164730263000024 53.605642162000038)","Unfall 154489 (2024) Kat:3, Licht: 0","154489","3","6","4","08","11","7","","0","1","0","0","0"
"POINT (10.160160286000064 53.589967521000062)","Unfall 154490 (2024) Kat:3, Licht: 0","154490","3","7","0","08","13","7","","0","0","0","0","0"
"POINT (10.041118910000023 53.600371473000052)","Unfall 154491 (2024) Kat:3, Licht: 0","154491","3","7","0","08","11","7","","0","0","0","0","0"
"POINT (9.905684781000048 53.616643550000049)","Unfall 154492 (2024) Kat:3, Licht: 0","154492","3","3","5","08","12","7","","0","0","1","0","0"
"POINT (9.961092626000038 53.592435770000066)","Unfall 154493 (2024) Kat:3, Licht: 0","154493","3","7","0","08","17","7","","0","1","0","0","0"
"POINT (9.948683703000029 53.562185713000076)","Unfall 154494 (2024) Kat:3, Licht: 0","154494","3","6","2","08","17","7","","0","0","1","0","1"
"POINT (9.978487250000057 53.571243384000070)","Unfall 154495 (2024) Kat:3, Licht: 0","154495","3","4","6","08","18","7","","0","0","1","1","0"
"POINT (9.960704343000032 53.556368284000030)","Unfall 154496 (2024) Kat:2, Licht: 2","154496","2","7","0","08","04","7","","2","0","0","0","0"
"POINT (9.994707795000068 53.548364324000033)","Unfall 154497 (2024) Kat:3, Licht: 2","154497","3","7","0","08","21","7","","2","1","0","0","0"
"POINT (10.001005980000059 53.555637329000035)","Unfall 154498 (2024) Kat:3, Licht: 2","154498","3","3","5","08","19","7","","2","1","1","0","0"
"POINT (9.997726942000043 53.480450199000074)","Unfall 154499 (2024) Kat:3, Licht: 0","154499","3","1","9","08","14","6","","0","0","0","0","1"
"POINT (10.106966327000066 53.540927646000057)","Unfall 154500 (2024) Kat:3, Licht: 0","154500","3","7","6","08","17","6","","0","0","0","1","1"
"POINT (10.083776903000057 53.537804886000060)","Unfall 154501 (2024) Kat:3, Licht: 0","154501","3","2","5","08","15","6","","0","1","1","0","0"
"POINT (10.052519225000026 53.542342824000059)","Unfall 154502 (2024) Kat:3, Licht: 0","154502","3","6","2","08","11","6","","0","0","1","0","0"
"POINT (10.032574807000060 53.535944415000074)","Unfall 154503 (2024) Kat:3, Licht: 1","154503","3","7","5","08","21","6","","1","0","1","0","0"
"POINT (10.060730932000070 53.570637109000074)","Unfall 154504 (2024) Kat:2, Licht: 2","154504","2","3","5","08","21","6","","2","0","1","0","0"
"POINT (10.073445277000076 53.575672678000046)","Unfall 154505 (2024) Kat:3, Licht: 0","154505","3","2","4","08","12","6","","0","1","1","0","0"
"POINT (10.044231687000035 53.609034635000057)","Unfall 154506 (2024) Kat:3, Licht: 0","154506","3","3","0","08","13","6","","0","0","1","0","0"
"POINT (10.066571220000071 53.614035435000062)","Unfall 154507 (2024) Kat:3, Licht: 0","154507","3","3","5","08","10","6","","0","1","1","0","0"
"POINT (10.000741216000051 53.580785076000041)","Unfall 154508 (2024) Kat:3, Licht: 0","154508","3","5","1","08","19","6","","0","1","1","0","0"
"POINT (10.051405127000066 53.571818843000074)","Unfall 154509 (2024) Kat:3, Licht: 0","154509","3","5","3","08","14","6","","0","1","1","0","0"
"POINT (10.174305901000025 53.588550687000065)","Unfall 154510 (2024) Kat:2, Licht: 2","154510","2","3","5","08","21","2","","2","0","0","0","0"
"POINT (10.029658654000059 53.571301490000053)","Unfall 154511 (2024) Kat:3, Licht: 2","154511","3","7","0","08","00","6","","2","0","0","0","0"
"POINT (9.899840654000059 53.609597587000053)","Unfall 154512 (2024) Kat:3, Licht: 0","154512","3","5","5","08","06","6","","0","0","1","0","0"
"POINT (9.871672801000045 53.586170330000073)","Unfall 154513 (2024) Kat:3, Licht: 2","154513","3","1","9","08","00","6","","2","0","1","0","0"
"POINT (9.977963823000039 53.613234077000072)","Unfall 154514 (2024) Kat:3, Licht: 0","154514","3","3","5","08","06","6","","0","1","0","0","0"
"POINT (9.928384901000072 53.555955699000037)","Unfall 154515 (2024) Kat:3, Licht: 0","154515","3","6","2","08","12","6","","0","0","1","0","0"
"POINT (9.994111109000073 53.579694524000047)","Unfall 154516 (2024) Kat:3, Licht: 0","154516","3","3","5","08","17","6","","0","1","1","0","0"
"POINT (10.006114063000041 53.551796730000035)","Unfall 154517 (2024) Kat:3, Licht: 2","154517","3","4","6","08","23","6","","2","0","1","1","0"
"POINT (9.995947794000074 53.550629025000035)","Unfall 154518 (2024) Kat:3, Licht: 0","154518","3","2","0","08","12","6","","0","1","0","0","0"
"POINT (9.996312845000034 53.549348590000079)","Unfall 154519 (2024) Kat:2, Licht: 0","154519","2","3","5","08","13","6","","0","1","0","0","1"
"POINT (10.014507454000068 53.553547930000036)","Unfall 154520 (2024) Kat:3, Licht: 0","154520","3","7","6","08","19","6","","0","1","0","1","0"
"POINT (9.984268555000028 53.447754659000054)","Unfall 154521 (2024) Kat:3, Licht: 2","154521","3","7","0","08","20","5","","2","1","0","0","0"
"POINT (10.015228075000039 53.520410508000055)","Unfall 154522 (2024) Kat:3, Licht: 0","154522","3","5","5","08","05","5","","0","1","1","0","0"
"POINT (10.087272603000031 53.562214284000049)","Unfall 154523 (2024) Kat:3, Licht: 0","154523","3","5","5","08","06","5","","0","1","0","0","0"
"POINT (10.083769220000022 53.537744079000049)","Unfall 154524 (2024) Kat:3, Licht: 1","154524","3","7","0","08","20","5","","1","1","0","0","0"
"POINT (10.166029534000074 53.605739080000035)","Unfall 154525 (2024) Kat:3, Licht: 0","154525","3","7","0","08","18","5","","0","1","0","0","0"
"POINT (10.141009470000029 53.629430299000035)","Unfall 154526 (2024) Kat:3, Licht: 0","154526","3","6","2","08","17","5","","0","0","1","0","0"
"POINT (10.107149533000040 53.651388402000066)","Unfall 154527 (2024) Kat:2, Licht: 0","154527","2","7","0","08","12","5","","0","1","0","0","0"
"POINT (10.028065533000074 53.577768939000066)","Unfall 154528 (2024) Kat:3, Licht: 0","154528","3","7","0","08","11","5","","0","1","0","0","0"
"POINT (9.874930405000043 53.569977573000074)","Unfall 154529 (2024) Kat:3, Licht: 2","154529","3","7","0","08","23","5","","2","1","0","0","0"
"POINT (9.958896687000049 53.565564602000052)","Unfall 154530 (2024) Kat:3, Licht: 0","154530","3","6","3","08","07","5","","0","1","0","0","0"
"POINT (9.981001698000057 53.567175215000077)","Unfall 154531 (2024) Kat:3, Licht: 2","154531","3","7","0","08","21","5","","2","0","0","0","0"
"POINT (9.971832865000067 53.552910796000049)","Unfall 154532 (2024) Kat:3, Licht: 1","154532","3","2","3","08","20","5","","1","1","1","0","0"
"POINT (10.016700423000032 53.555542886000069)","Unfall 154533 (2024) Kat:2, Licht: 0","154533","2","2","3","08","18","5","","0","1","1","0","0"
"POINT (9.988426778000076 53.440221989000065)","Unfall 154534 (2024) Kat:3, Licht: 0","154534","3","2","3","08","11","4","","0","0","1","0","0"
"POINT (9.991767721000031 53.481246759000044)","Unfall 154535 (2024) Kat:3, Licht: 0","154535","3","5","5","08","18","4","","0","0","1","0","0"
"POINT (9.998125294000033 53.515539213000068)","Unfall 154536 (2024) Kat:3, Licht: 0","154536","3","5","0","08","17","4","","0","1","1","0","0"
"POINT (9.984912658000042 53.518138062000048)","Unfall 154537 (2024) Kat:3, Licht: 0","154537","3","7","0","08","07","4","","0","1","0","0","0"
"POINT (10.206693805000043 53.478149213000052)","Unfall 154538 (2024) Kat:3, Licht: 0","154538","3","6","2","08","15","4","","0","0","1","0","0"
"POINT (10.099667041000032 53.540728065000053)","Unfall 154539 (2024) Kat:3, Licht: 0","154539","3","6","3","08","13","4","","0","0","1","0","1"
"POINT (10.100725377000060 53.540241525000056)","Unfall 154540 (2024) Kat:3, Licht: 0","154540","3","6","3","08","12","4","","0","0","1","0","0"
"POINT (10.083768948000056 53.537741924000045)","Unfall 154541 (2024) Kat:3, Licht: 0","154541","3","7","0","08","15","4","","0","0","0","0","0"
"POINT (10.026688150000041 53.551532159000033)","Unfall 154542 (2024) Kat:3, Licht: 0","154542","3","4","6","08","15","4","","0","0","1","1","0"
"POINT (10.122040140000024 53.605264759000079)","Unfall 154543 (2024) Kat:3, Licht: 1","154543","3","6","6","08","21","4","","1","1","0","1","0"
"POINT (10.137270521000062 53.625939173000063)","Unfall 154544 (2024) Kat:3, Licht: 0","154544","3","6","3","08","16","4","","0","0","1","0","0"
"POINT (10.132070594000027 53.571118681000030)","Unfall 154545 (2024) Kat:3, Licht: 2","154545","3","7","0","08","20","4","","2","0","0","0","0"
"POINT (10.073833091000040 53.610866447000035)","Unfall 154546 (2024) Kat:3, Licht: 0","154546","3","7","0","08","14","4","","0","0","0","0","0"
"POINT (9.995814555000038 53.583805799000061)","Unfall 154547 (2024) Kat:3, Licht: 2","154547","3","3","5","08","23","4","","2","0","1","0","1"
"POINT (10.031360419000066 53.597617494000076)","Unfall 154548 (2024) Kat:3, Licht: 0","154548","3","6","2","08","07","4","","0","0","1","0","0"
"POINT (9.912965505000045 53.602487909000047)","Unfall 154549 (2024) Kat:2, Licht: 0","154549","2","5","1","08","09","4","","0","1","1","0","0"
"POINT (9.864394879000031 53.547733148000077)","Unfall 154550 (2024) Kat:3, Licht: 0","154550","3","2","4","08","18","4","","0","1","0","0","1"
"POINT (9.915024043000074 53.600948627000037)","Unfall 154551 (2024) Kat:3, Licht: 0","154551","3","5","5","09","12","7","","0","0","1","0","1"
"POINT (9.915836550000051 53.560824296000078)","Unfall 154552 (2024) Kat:3, Licht: 0","154552","3","5","5","08","17","4","","0","1","1","0","0"
"POINT (9.965413026000022 53.585118973000078)","Unfall 154553 (2024) Kat:3, Licht: 0","154553","3","2","3","08","10","4","","0","1","1","0","0"
"POINT (9.979746391000049 53.590581501000031)","Unfall 154554 (2024) Kat:3, Licht: 0","154554","3","5","0","08","09","4","","0","0","1","0","1"
"POINT (9.917618553000068 53.550785367000060)","Unfall 154555 (2024) Kat:3, Licht: 0","154555","3","6","3","08","08","4","","0","0","1","0","1"
"POINT (9.964568819000021 53.567797947000031)","Unfall 154556 (2024) Kat:3, Licht: 0","154556","3","4","6","08","18","5","","0","1","0","1","0"
"POINT (9.986114282000074 53.581185545000039)","Unfall 154557 (2024) Kat:3, Licht: 0","154557","3","2","3","08","17","4","","0","1","1","0","0"
"POINT (9.964283335000061 53.559431881000080)","Unfall 154558 (2024) Kat:3, Licht: 0","154558","3","5","1","08","15","4","","0","0","1","0","0"
"POINT (9.989559944000064 53.552992449000044)","Unfall 154559 (2024) Kat:3, Licht: 0","154559","3","7","0","08","08","4","","0","1","0","0","0"
"POINT (10.011190456000065 53.550421112000038)","Unfall 154560 (2024) Kat:3, Licht: 0","154560","3","6","0","08","14","4","","0","0","1","0","0"
"POINT (10.012176309000040 53.487506588000031)","Unfall 154561 (2024) Kat:3, Licht: 2","154561","3","7","0","08","23","3","","2","0","0","0","0"
"POINT (10.101111437000043 53.441150619000041)","Unfall 154562 (2024) Kat:3, Licht: 0","154562","3","7","0","08","19","3","","0","1","0","0","0"
"POINT (10.130015458000059 53.529861798000070)","Unfall 154563 (2024) Kat:3, Licht: 1","154563","3","7","0","08","19","3","","1","0","0","0","1"
"POINT (10.142073103000030 53.564093723000042)","Unfall 154564 (2024) Kat:3, Licht: 0","154564","3","7","7","08","16","3","","0","1","0","0","0"
"POINT (10.136008062000030 53.571187161000068)","Unfall 154565 (2024) Kat:3, Licht: 0","154565","3","7","0","08","19","3","","0","0","1","0","1"
"POINT (10.114836192000041 53.607442166000055)","Unfall 154566 (2024) Kat:3, Licht: 1","154566","3","6","4","08","05","3","","1","0","1","0","0"
"POINT (10.091516522000063 53.587473779000049)","Unfall 154567 (2024) Kat:3, Licht: 0","154567","3","7","0","08","10","3","","0","0","1","0","0"
"POINT (10.083804481000072 53.640454203000047)","Unfall 154568 (2024) Kat:3, Licht: 0","154568","3","4","6","08","12","3","","0","0","1","1","0"
"POINT (10.088720829000067 53.656027598000037)","Unfall 154569 (2024) Kat:3, Licht: 0","154569","3","6","2","08","09","3","","0","0","1","0","0"
"POINT (10.000962651000066 53.655901244000063)","Unfall 154570 (2024) Kat:3, Licht: 0","154570","3","1","0","08","08","3","","0","1","0","0","0"
"POINT (9.997761612000033 53.588194383000030)","Unfall 154571 (2024) Kat:3, Licht: 0","154571","3","3","5","08","17","3","","0","1","1","0","0"
"POINT (10.038816541000074 53.568562757000052)","Unfall 154572 (2024) Kat:3, Licht: 0","154572","3","7","0","08","18","3","","0","1","1","0","0"
"POINT (10.019865046000064 53.565665469000066)","Unfall 154573 (2024) Kat:3, Licht: 0","154573","3","2","5","08","14","3","","0","0","1","0","1"
"POINT (10.015860141000076 53.552846379000073)","Unfall 154574 (2024) Kat:3, Licht: 0","154574","3","1","0","09","19","5","","0","0","0","0","0"
"POINT (10.016745046000040 53.565949261000071)","Unfall 154575 (2024) Kat:2, Licht: 0","154575","2","7","0","08","15","3","","0","1","0","0","0"
"POINT (9.861597072000052 53.547615091000068)","Unfall 154576 (2024) Kat:3, Licht: 0","154576","3","6","4","08","15","3","","0","1","0","0","0"
"POINT (9.818149697000024 53.572141359000057)","Unfall 154577 (2024) Kat:3, Licht: 0","154577","3","3","5","08","16","3","","0","1","0","0","0"
"POINT (9.928578034000054 53.629281106000064)","Unfall 154578 (2024) Kat:3, Licht: 0","154578","3","3","5","08","08","3","","0","0","1","0","0"
"POINT (9.948566603000074 53.544450969000081)","Unfall 154579 (2024) Kat:3, Licht: 0","154579","3","7","0","08","19","3","","0","1","0","0","0"
"POINT (9.985297166000066 53.572599681000042)","Unfall 154580 (2024) Kat:3, Licht: 0","154580","3","5","3","08","08","3","","0","1","1","0","0"
"POINT (9.982658479000065 53.544523071000071)","Unfall 154581 (2024) Kat:3, Licht: 0","154581","3","7","0","08","19","3","","0","1","0","0","0"
"POINT (9.990280255000073 53.425104428000054)","Unfall 154582 (2024) Kat:3, Licht: 0","154582","3","5","5","08","08","2","","0","0","1","0","0"
"POINT (10.201654876000021 53.484980784000072)","Unfall 154583 (2024) Kat:2, Licht: 0","154583","2","7","8","08","09","2","","0","0","0","0","1"
"POINT (10.103460719000054 53.523076673000048)","Unfall 154584 (2024) Kat:3, Licht: 0","154584","3","2","2","08","12","2","","0","0","0","0","0"
"POINT (10.103521389000036 53.543273895000027)","Unfall 154585 (2024) Kat:3, Licht: 0","154585","3","6","2","08","07","2","","0","0","0","0","0"
"POINT (10.122891518000074 53.610491699000079)","Unfall 154586 (2024) Kat:3, Licht: 0","154586","3","5","1","08","09","2","","0","0","1","0","0"
"POINT (10.134865049000041 53.569405253000070)","Unfall 154587 (2024) Kat:3, Licht: 0","154587","3","3","5","08","13","2","","0","0","1","0","0"
"POINT (10.124705052000024 53.571102472000064)","Unfall 154588 (2024) Kat:3, Licht: 0","154588","3","7","6","08","09","2","","0","0","1","1","0"
"POINT (10.143668717000025 53.593650781000065)","Unfall 154589 (2024) Kat:3, Licht: 0","154589","3","7","0","08","16","2","","0","1","0","0","0"
"POINT (9.903472902000033 53.568696781000028)","Unfall 154590 (2024) Kat:3, Licht: 2","154590","3","7","3","08","23","6","","2","0","0","0","1"
"POINT (10.098908900000026 53.588823631000082)","Unfall 154591 (2024) Kat:3, Licht: 0","154591","3","2","2","08","14","2","","0","0","1","0","0"
"POINT (10.000255769000034 53.587641420000068)","Unfall 154592 (2024) Kat:2, Licht: 0","154592","2","3","5","08","17","2","","0","1","1","0","0"
"POINT (10.033453152000050 53.587789652000026)","Unfall 154593 (2024) Kat:3, Licht: 0","154593","3","6","2","08","15","2","","0","0","1","0","1"
"POINT (9.977060490000042 53.578063099000076)","Unfall 154594 (2024) Kat:3, Licht: 0","154594","3","2","3","08","08","2","","0","1","1","0","0"
"POINT (9.855186284000069 53.466674939000029)","Unfall 154595 (2024) Kat:3, Licht: 0","154595","3","3","5","08","14","1","","0","0","1","0","0"
"POINT (9.940980087000071 53.450457612000037)","Unfall 154596 (2024) Kat:3, Licht: 1","154596","3","5","1","08","23","1","","1","0","1","0","0"
"POINT (10.027901421000024 53.480687766000074)","Unfall 154597 (2024) Kat:3, Licht: 0","154597","3","7","8","08","15","1","","0","1","0","0","0"
"POINT (10.038190036000060 53.547737560000030)","Unfall 154598 (2024) Kat:3, Licht: 2","154598","3","6","2","08","00","1","","2","0","1","0","0"
"POINT (10.062959258000035 53.574196811000036)","Unfall 154599 (2024) Kat:3, Licht: 0","154599","3","7","0","08","16","1","","0","1","0","0","0"
"POINT (9.997865118000050 53.563073058000043)","Unfall 154600 (2024) Kat:3, Licht: 0","154600","3","3","5","08","11","4","","0","0","1","0","1"
"POINT (10.061513312000045 53.610877400000049)","Unfall 154601 (2024) Kat:3, Licht: 0","154601","3","3","5","08","16","1","","0","0","1","0","0"
"POINT (10.037236065000059 53.564951884000038)","Unfall 154602 (2024) Kat:2, Licht: 2","154602","2","7","0","08","03","1","","2","0","0","0","0"
"POINT (9.977432930000077 53.578334205000033)","Unfall 154603 (2024) Kat:3, Licht: 2","154603","3","5","1","08","00","1","","2","1","1","0","0"
"POINT (10.006357950000051 53.547747260000051)","Unfall 154604 (2024) Kat:3, Licht: 2","154604","3","3","5","08","22","1","","2","1","1","0","0"
"POINT (10.100471532000029 53.540135613000075)","Unfall 154605 (2024) Kat:3, Licht: 0","154605","3","6","3","09","16","3","","0","0","1","0","0"
"POINT (10.006598111000073 53.550126073000058)","Unfall 154606 (2024) Kat:3, Licht: 2","154606","3","3","5","08","21","1","","2","0","1","0","0"
"POINT (9.987752717000035 53.555952237000042)","Unfall 154607 (2024) Kat:3, Licht: 2","154607","3","6","2","08","01","1","","2","0","1","0","0"
"POINT (10.006926743000065 53.545863686000075)","Unfall 154608 (2024) Kat:3, Licht: 2","154608","3","7","0","08","02","1","","2","1","0","0","0"
"POINT (10.044335162000039 53.593011003000072)","Unfall 154609 (2024) Kat:3, Licht: 0","154609","3","2","3","09","18","3","","0","1","0","0","0"
"POINT (10.023326832000066 53.537836227000071)","Unfall 154610 (2024) Kat:3, Licht: 0","154610","3","3","5","08","16","1","","0","0","1","0","1"
"POINT (9.984235776000048 53.458995485000059)","Unfall 154611 (2024) Kat:3, Licht: 1","154611","3","7","0","08","21","7","","1","0","0","0","0"
"POINT (9.984848199000055 53.502023832000077)","Unfall 154612 (2024) Kat:3, Licht: 0","154612","3","3","5","08","17","7","","0","1","0","0","1"
"POINT (10.247997777000023 53.410580630000027)","Unfall 154613 (2024) Kat:3, Licht: 0","154613","3","5","1","08","12","7","","0","1","0","0","0"
"POINT (10.152158841000073 53.596183965000080)","Unfall 154614 (2024) Kat:3, Licht: 0","154614","3","2","4","08","15","7","","0","0","1","0","1"
"POINT (10.067510876000028 53.572248705000050)","Unfall 154615 (2024) Kat:3, Licht: 0","154615","3","6","4","08","18","7","","0","1","0","0","0"
"POINT (10.064956438000024 53.586615223000081)","Unfall 154616 (2024) Kat:3, Licht: 0","154616","3","7","0","08","15","7","","0","1","0","0","0"
"POINT (10.007760352000048 53.580994047000047)","Unfall 154617 (2024) Kat:3, Licht: 0","154617","3","7","0","08","18","7","","0","1","1","0","0"
"POINT (9.949141466000071 53.595716213000060)","Unfall 154618 (2024) Kat:3, Licht: 0","154618","3","5","3","08","18","7","","0","0","1","0","0"
"POINT (9.996173096000064 53.542189300000075)","Unfall 154619 (2024) Kat:3, Licht: 0","154619","3","2","5","08","14","7","","0","1","1","0","0"
"POINT (9.998278828000025 53.556610188000036)","Unfall 154620 (2024) Kat:3, Licht: 0","154620","3","6","3","08","15","7","","0","0","1","0","0"
"POINT (10.008909095000035 53.552153589000056)","Unfall 154621 (2024) Kat:3, Licht: 0","154621","3","7","5","08","14","7","","0","0","1","0","0"
"POINT (10.008445413000061 53.553445375000081)","Unfall 154622 (2024) Kat:3, Licht: 2","154622","3","4","6","08","00","7","","2","0","1","1","0"
"POINT (10.003708423000035 53.557206911000037)","Unfall 154623 (2024) Kat:3, Licht: 1","154623","3","2","3","08","19","7","","1","0","1","0","1"
"POINT (9.885247959000026 53.478361400000040)","Unfall 154624 (2024) Kat:3, Licht: 0","154624","3","6","2","08","06","6","","0","0","1","0","0"
"POINT (9.878782047000072 53.477818823000064)","Unfall 154625 (2024) Kat:3, Licht: 0","154625","3","4","6","08","13","6","","0","0","1","1","0"
"POINT (10.196014691000073 53.476360510000063)","Unfall 154626 (2024) Kat:3, Licht: 0","154626","3","1","0","08","15","6","","0","1","0","0","0"
"POINT (10.101239100000043 53.579838336000080)","Unfall 154627 (2024) Kat:3, Licht: 0","154627","3","6","3","08","11","6","","0","0","1","0","0"
"POINT (10.000988116000030 53.580830210000045)","Unfall 154628 (2024) Kat:3, Licht: 0","154628","3","6","3","08","14","6","","0","1","0","0","0"
"POINT (9.903565763000074 53.607825514000069)","Unfall 154629 (2024) Kat:3, Licht: 0","154629","3","7","1","08","11","6","","0","0","1","1","0"
"POINT (9.930423205000068 53.594019912000078)","Unfall 154630 (2024) Kat:3, Licht: 2","154630","3","5","1","08","00","6","","2","1","0","0","0"
"POINT (10.037918838000053 53.569518104000053)","Unfall 154631 (2024) Kat:3, Licht: 1","154631","3","3","5","08","05","6","","1","0","1","0","0"
"POINT (9.861771919000034 53.569989526000029)","Unfall 154632 (2024) Kat:3, Licht: 0","154632","3","7","0","08","16","6","","0","1","0","0","0"
"POINT (9.822505723000063 53.583442054000045)","Unfall 154633 (2024) Kat:3, Licht: 0","154633","3","6","2","08","15","6","","0","0","1","0","0"
"POINT (9.913709737000033 53.558993079000061)","Unfall 154634 (2024) Kat:3, Licht: 0","154634","3","7","7","08","12","7","","0","0","0","0","0"
"POINT (9.908295248000059 53.591524238000034)","Unfall 154635 (2024) Kat:3, Licht: 0","154635","3","2","4","08","15","6","","0","0","1","0","0"
"POINT (9.896786513000052 53.571789667000075)","Unfall 154636 (2024) Kat:3, Licht: 0","154636","3","6","2","08","16","6","","0","0","1","0","0"
"POINT (9.909365988000047 53.558393422000051)","Unfall 154637 (2024) Kat:3, Licht: 0","154637","3","7","0","08","15","6","","0","1","0","0","0"
"POINT (10.033589931000051 53.574104205000026)","Unfall 154638 (2024) Kat:3, Licht: 0","154638","3","6","2","08","15","3","","0","0","1","0","1"
"POINT (9.948111093000023 53.587675881000052)","Unfall 154639 (2024) Kat:3, Licht: 0","154639","3","7","3","08","17","6","","0","0","1","0","1"
"POINT (9.945920747000059 53.551542128000051)","Unfall 154640 (2024) Kat:3, Licht: 0","154640","3","4","6","08","13","6","","0","0","0","1","1"
"POINT (9.985703625000042 53.551828720000060)","Unfall 154641 (2024) Kat:3, Licht: 0","154641","3","3","5","08","12","7","","0","1","0","0","0"
"POINT (9.985707144000060 53.583515460000058)","Unfall 154642 (2024) Kat:2, Licht: 0","154642","2","5","1","08","14","6","","0","1","1","0","0"
"POINT (9.885474823000038 53.478356976000043)","Unfall 154643 (2024) Kat:3, Licht: 0","154643","3","2","0","08","13","5","","0","1","0","0","0"
"POINT (9.998611107000045 53.461110962000078)","Unfall 154644 (2024) Kat:3, Licht: 0","154644","3","7","9","08","19","5","","0","0","1","0","0"
"POINT (10.207777585000031 53.480460925000045)","Unfall 154645 (2024) Kat:3, Licht: 0","154645","3","2","4","08","12","5","","0","0","1","0","0"
"POINT (10.067788391000022 53.553455452000037)","Unfall 154646 (2024) Kat:3, Licht: 0","154646","3","3","5","08","09","5","","0","0","1","0","0"
"POINT (10.098813813000049 53.589014323000072)","Unfall 154647 (2024) Kat:3, Licht: 0","154647","3","3","5","08","15","5","","0","0","1","0","0"