WKT,Name,OBJECTID,UKATEGORIE,UTYP1,UART,UMONAT,USTUNDE,UWOCHENTAG,STRZUSTAND,ULICHTVERH,ISTRAD,ISTPKW,ISTFUSS,ISTKRAD
"POINT (10.057591690000038 53.575924498000063)","Unfall 154648 (2024) Kat:3, Licht: 0","154648","3","6","4","08","06","5","","0","1","0","0","0"
"POINT (10.040530997000076 53.579732316000047)","Unfall 154649 (2024) Kat:3, Licht: 0","154649","3","6","2","08","18","5","","0","0","1","0","0"
"POINT (10.018930828000066 53.567225739000037)","Unfall 154650 (2024) Kat:3, Licht: 0","154650","3","5","3","08","11","5","","0","1","1","0","0"
"POINT (9.865089486000045 53.571960334000039)","Unfall 154651 (2024) Kat:3, Licht: 0","154651","3","6","2","08","06","5","","0","0","1","0","0"
"POINT (9.904881032000048 53.595089611000049)","Unfall 154652 (2024) Kat:3, Licht: 0","154652","3","6","4","08","12","5","","0","0","1","0","0"
"POINT (9.984142510000027 53.592477185000064)","Unfall 154653 (2024) Kat:3, Licht: 0","154653","3","3","5","08","12","5","","0","1","1","0","0"
"POINT (9.908071843000073 53.545839625000042)","Unfall 154654 (2024) Kat:3, Licht: 0","154654","3","7","3","09","16","3","","0","0","1","0","1"
"POINT (9.963796920000050 53.569077106000066)","Unfall 154655 (2024) Kat:3, Licht: 0","154655","3","7","6","08","18","5","","0","0","1","1","0"
"POINT (9.988183805000062 53.572675856000046)","Unfall 154656 (2024) Kat:3, Licht: 0","154656","3","6","3","08","10","5","","0","1","0","0","0"
"POINT (9.963573637000025 53.548054904000082)","Unfall 154657 (2024) Kat:3, Licht: 0","154657","3","4","6","08","11","5","","0","0","0","1","0"
"POINT (9.975931483000068 53.558287608000057)","Unfall 154658 (2024) Kat:3, Licht: 1","154658","3","7","0","09","20","1","","1","1","0","0","0"
"POINT (10.007252439000069 53.540548764000050)","Unfall 154659 (2024) Kat:3, Licht: 0","154659","3","2","3","08","16","5","","0","1","1","0","0"
"POINT (10.008042039000031 53.552040360000035)","Unfall 154660 (2024) Kat:3, Licht: 0","154660","3","6","3","08","14","5","","0","0","1","0","0"
"POINT (10.105060159000061 53.545147675000067)","Unfall 154661 (2024) Kat:3, Licht: 0","154661","3","6","0","08","16","4","","0","0","1","0","0"
"POINT (10.139907100000073 53.626076747000070)","Unfall 154662 (2024) Kat:3, Licht: 2","154662","3","7","6","08","21","4","","2","0","0","1","0"
"POINT (10.158694863000051 53.602610543000026)","Unfall 154663 (2024) Kat:3, Licht: 0","154663","3","4","6","08","08","4","","0","0","1","1","0"
"POINT (10.058618147000061 53.581766613000070)","Unfall 154664 (2024) Kat:3, Licht: 0","154664","3","1","0","08","18","4","","0","1","0","0","0"
"POINT (10.004864731000055 53.656740487000036)","Unfall 154665 (2024) Kat:3, Licht: 0","154665","3","6","2","08","18","4","","0","0","1","0","0"
"POINT (9.988317733000031 53.649453193000056)","Unfall 154666 (2024) Kat:3, Licht: 0","154666","3","6","2","08","10","4","","0","0","1","0","0"
"POINT (9.999390313000049 53.648299018000046)","Unfall 154667 (2024) Kat:3, Licht: 0","154667","3","2","3","08","08","4","","0","1","1","0","0"
"POINT (10.127478711000037 53.538528301000042)","Unfall 154668 (2024) Kat:3, Licht: 0","154668","3","7","0","09","07","5","","0","0","0","0","0"
"POINT (10.038174793000053 53.592927937000070)","Unfall 154669 (2024) Kat:3, Licht: 0","154669","3","3","5","08","17","4","","0","0","1","0","0"
"POINT (10.020987239000021 53.559652806000031)","Unfall 154670 (2024) Kat:3, Licht: 0","154670","3","6","2","08","17","4","","0","0","1","0","0"
"POINT (9.917261845000041 53.581892424000046)","Unfall 154671 (2024) Kat:3, Licht: 0","154671","3","3","5","08","16","4","","0","1","0","0","0"
"POINT (9.905314823000026 53.556934906000038)","Unfall 154672 (2024) Kat:3, Licht: 0","154672","3","1","0","08","15","4","","0","0","0","0","0"
"POINT (9.904517960000021 53.568270368000071)","Unfall 154673 (2024) Kat:3, Licht: 0","154673","3","5","3","08","12","4","","0","1","1","0","0"
"POINT (9.910250856000062 53.632766880000077)","Unfall 154674 (2024) Kat:3, Licht: 0","154674","3","6","2","08","14","4","","0","0","1","0","0"
"POINT (9.969448745000022 53.576636546000032)","Unfall 154675 (2024) Kat:3, Licht: 0","154675","3","3","5","08","09","4","","0","1","1","0","0"
"POINT (9.948292268000046 53.554351340000039)","Unfall 154676 (2024) Kat:3, Licht: 0","154676","3","3","5","08","12","4","","0","1","1","0","0"
"POINT (10.023123096000063 53.537553600000081)","Unfall 154677 (2024) Kat:3, Licht: 0","154677","3","6","2","08","17","4","","0","0","1","0","0"
"POINT (10.010275577000073 53.458533183000043)","Unfall 154678 (2024) Kat:3, Licht: 0","154678","3","5","5","08","11","3","","0","0","1","0","1"
"POINT (10.005498768000052 53.454150101000039)","Unfall 154679 (2024) Kat:3, Licht: 0","154679","3","7","0","08","17","3","","0","1","0","0","0"
"POINT (10.147143344000028 53.487469466000050)","Unfall 154680 (2024) Kat:3, Licht: 0","154680","3","3","5","08","12","3","","0","1","0","0","0"
"POINT (10.113723034000031 53.544673777000071)","Unfall 154681 (2024) Kat:3, Licht: 0","154681","3","1","0","08","20","3","","0","0","0","0","0"
"POINT (10.070214255000053 53.573330605000081)","Unfall 154682 (2024) Kat:3, Licht: 0","154682","3","6","2","08","15","3","","0","0","1","0","0"
"POINT (10.076979196000025 53.592205613000033)","Unfall 154683 (2024) Kat:3, Licht: 0","154683","3","6","3","08","15","3","","0","0","1","0","1"
"POINT (10.043078492000063 53.607632130000070)","Unfall 154684 (2024) Kat:3, Licht: 0","154684","3","2","4","08","14","3","","0","1","1","0","0"
"POINT (10.079896064000025 53.654090586000052)","Unfall 154685 (2024) Kat:3, Licht: 2","154685","3","1","4","08","22","3","","2","0","1","0","1"
"POINT (10.088012460000073 53.655722777000051)","Unfall 154686 (2024) Kat:3, Licht: 0","154686","3","6","2","08","09","3","","0","0","1","0","0"
"POINT (9.801470311000060 53.579535394000061)","Unfall 154687 (2024) Kat:3, Licht: 0","154687","3","3","5","08","09","3","","0","1","1","0","0"
"POINT (9.890203622000058 53.574984756000049)","Unfall 154688 (2024) Kat:3, Licht: 0","154688","3","1","0","08","17","3","","0","1","0","0","0"
"POINT (9.876101314000039 53.588399773000049)","Unfall 154689 (2024) Kat:3, Licht: 0","154689","3","2","4","08","14","3","","0","0","1","0","0"
"POINT (10.124020528000074 53.569901662000063)","Unfall 154690 (2024) Kat:3, Licht: 0","154690","3","3","5","09","12","1","","0","0","1","0","0"
"POINT (9.918636192000065 53.578365151000071)","Unfall 154691 (2024) Kat:3, Licht: 0","154691","3","2","3","08","11","3","","0","1","1","0","0"
"POINT (9.907036760000040 53.622898071000066)","Unfall 154692 (2024) Kat:3, Licht: 0","154692","3","5","5","08","11","3","","0","1","1","0","0"
"POINT (9.958029790000069 53.599152279000066)","Unfall 154693 (2024) Kat:3, Licht: 0","154693","3","6","2","08","19","3","","0","0","1","0","0"
"POINT (9.956881316000022 53.569012829000030)","Unfall 154694 (2024) Kat:3, Licht: 0","154694","3","5","3","08","06","3","","0","1","1","0","0"
"POINT (9.976025022000044 53.544547468000076)","Unfall 154695 (2024) Kat:3, Licht: 0","154695","3","7","6","08","14","3","","0","1","0","1","0"
"POINT (10.014068736000070 53.556395076000058)","Unfall 154696 (2024) Kat:3, Licht: 2","154696","3","7","0","08","02","3","","2","1","0","0","0"
"POINT (9.986965882000050 53.461724876000062)","Unfall 154697 (2024) Kat:3, Licht: 0","154697","3","3","5","08","17","3","","0","1","1","0","0"
"POINT (10.047171282000022 53.513401042000055)","Unfall 154698 (2024) Kat:2, Licht: 0","154698","2","1","0","08","13","2","","0","1","0","0","0"
"POINT (10.192666334000023 53.489223208000055)","Unfall 154699 (2024) Kat:3, Licht: 0","154699","3","2","5","08","13","2","","0","1","1","0","0"
"POINT (10.033516513000052 53.609071245000052)","Unfall 154700 (2024) Kat:3, Licht: 0","154700","3","7","1","08","19","2","","0","1","1","0","0"
"POINT (10.022397353000031 53.655200484000034)","Unfall 154701 (2024) Kat:3, Licht: 0","154701","3","7","0","08","17","2","","0","1","0","0","0"
"POINT (10.023358227000074 53.611058634000074)","Unfall 154702 (2024) Kat:3, Licht: 0","154702","3","6","2","08","10","2","","0","0","1","0","0"
"POINT (10.046658985000022 53.593910406000077)","Unfall 154703 (2024) Kat:3, Licht: 0","154703","3","7","0","08","11","2","","0","1","0","0","0"
"POINT (9.934965985000076 53.580647212000031)","Unfall 154704 (2024) Kat:3, Licht: 0","154704","3","2","6","08","14","2","","0","0","1","1","0"
"POINT (9.780036792000033 53.566976423000028)","Unfall 154705 (2024) Kat:3, Licht: 0","154705","3","7","8","08","17","2","","0","0","0","0","1"
"POINT (9.978031569000052 53.580297778000045)","Unfall 154706 (2024) Kat:3, Licht: 0","154706","3","7","6","08","17","2","","0","1","0","1","0"
"POINT (9.967051521000030 53.603295387000060)","Unfall 154707 (2024) Kat:3, Licht: 0","154707","3","2","3","08","13","2","","0","0","1","0","0"
"POINT (9.927364058000023 53.550537523000060)","Unfall 154708 (2024) Kat:3, Licht: 0","154708","3","7","0","08","07","2","","0","1","1","1","0"
"POINT (9.998775264000074 53.577958017000071)","Unfall 154709 (2024) Kat:3, Licht: 0","154709","3","7","0","08","17","2","","0","1","0","0","0"
"POINT (9.977174611000066 53.577753331000054)","Unfall 154710 (2024) Kat:3, Licht: 0","154710","3","6","3","08","18","2","","0","0","1","0","0"
"POINT (9.980542488000026 53.420429535000039)","Unfall 154711 (2024) Kat:3, Licht: 0","154711","3","7","2","09","13","1","","0","0","1","0","0"
"POINT (9.966103400000065 53.559841763000065)","Unfall 154712 (2024) Kat:3, Licht: 0","154712","3","5","1","08","16","2","","0","1","1","0","0"
"POINT (9.917689476000021 53.599444013000038)","Unfall 154713 (2024) Kat:3, Licht: 0","154713","3","4","6","08","11","6","","0","0","1","1","0"
"POINT (9.975501514000030 53.556452334000028)","Unfall 154714 (2024) Kat:3, Licht: 0","154714","3","3","5","08","19","2","","0","1","0","0","0"
"POINT (9.990345480000030 53.550104972000042)","Unfall 154715 (2024) Kat:3, Licht: 0","154715","3","4","6","08","12","2","","0","1","0","1","0"
"POINT (9.919259103000059 53.627923477000081)","Unfall 154716 (2024) Kat:3, Licht: 1","154716","3","3","5","08","20","2","","1","0","1","0","0"
"POINT (10.300022070000068 53.442993082000044)","Unfall 154717 (2024) Kat:3, Licht: 0","154717","3","5","1","08","16","1","","0","1","1","0","0"
"POINT (10.056288391000066 53.543503972000053)","Unfall 154718 (2024) Kat:3, Licht: 0","154718","3","7","0","08","15","1","","0","1","0","0","0"
"POINT (10.152534664000029 53.610478303000036)","Unfall 154719 (2024) Kat:3, Licht: 0","154719","3","2","5","08","10","1","","0","1","1","0","0"
"POINT (10.009941266000055 53.633968700000082)","Unfall 154720 (2024) Kat:3, Licht: 2","154720","3","6","3","08","22","1","","2","0","1","0","0"
"POINT (10.033514512000067 53.584555198000032)","Unfall 154721 (2024) Kat:3, Licht: 0","154721","3","1","0","08","20","1","","0","1","0","0","0"
"POINT (9.897936856000058 53.620033320000061)","Unfall 154722 (2024) Kat:3, Licht: 0","154722","3","5","3","08","20","1","","0","0","1","0","0"
"POINT (9.854986804000021 53.585079654000026)","Unfall 154723 (2024) Kat:3, Licht: 0","154723","3","5","3","08","19","1","","0","0","1","0","1"
"POINT (9.936160774000030 53.547463906000075)","Unfall 154724 (2024) Kat:3, Licht: 1","154724","3","6","2","08","20","1","","1","0","1","0","0"
"POINT (10.044205895000061 53.529725762000055)","Unfall 154725 (2024) Kat:3, Licht: 0","154725","3","3","5","08","16","5","","0","1","0","0","0"
"POINT (9.976216630000067 53.552894477000052)","Unfall 154726 (2024) Kat:3, Licht: 2","154726","3","1","8","08","02","1","","2","0","0","0","0"
"POINT (10.080131573000074 53.580992774000038)","Unfall 154727 (2024) Kat:3, Licht: 0","154727","3","7","6","08","12","7","","0","0","1","1","0"
"POINT (10.169523947000073 53.658562877000065)","Unfall 154728 (2024) Kat:2, Licht: 0","154728","2","7","0","08","18","7","","0","1","0","0","0"
"POINT (10.019479834000037 53.654848385000037)","Unfall 154729 (2024) Kat:3, Licht: 2","154729","3","7","9","08","23","7","","2","0","1","0","0"
"POINT (10.056615168000064 53.569171738000080)","Unfall 154730 (2024) Kat:3, Licht: 0","154730","3","6","3","08","15","7","","0","1","1","0","0"
"POINT (9.934577678000039 53.593858468000064)","Unfall 154731 (2024) Kat:3, Licht: 0","154731","3","5","1","08","13","7","","0","0","1","0","0"
"POINT (9.965866155000072 53.630021393000050)","Unfall 154732 (2024) Kat:3, Licht: 0","154732","3","7","0","08","10","7","","0","1","0","0","0"
"POINT (9.982485340000039 53.544374866000055)","Unfall 154733 (2024) Kat:2, Licht: 0","154733","2","7","0","08","10","7","","0","1","0","0","0"
"POINT (10.007384081000055 53.550347912000063)","Unfall 154734 (2024) Kat:3, Licht: 0","154734","3","6","2","08","18","7","","0","0","1","0","0"
"POINT (10.185685609000075 53.487728517000050)","Unfall 154735 (2024) Kat:2, Licht: 0","154735","2","1","0","08","11","6","","0","1","0","0","0"
"POINT (10.136033254000040 53.591935874000058)","Unfall 154736 (2024) Kat:3, Licht: 0","154736","3","6","4","08","17","6","","0","0","1","0","0"
"POINT (9.953238602000056 53.462704356000074)","Unfall 154737 (2024) Kat:3, Licht: 2","154737","3","1","0","08","02","7","","2","0","0","0","0"
"POINT (10.125233176000052 53.598716065000076)","Unfall 154738 (2024) Kat:3, Licht: 0","154738","3","6","2","08","16","6","","0","1","1","0","0"
"POINT (10.132934478000038 53.624199523000073)","Unfall 154739 (2024) Kat:3, Licht: 0","154739","3","2","2","08","15","6","","0","0","1","0","0"
"POINT (10.168565962000059 53.624592212000039)","Unfall 154740 (2024) Kat:3, Licht: 0","154740","3","6","2","08","14","6","","0","0","1","0","0"
"POINT (10.085371178000059 53.552922549000073)","Unfall 154741 (2024) Kat:3, Licht: 2","154741","3","1","0","09","22","6","","2","1","0","0","0"
"POINT (10.167796639000073 53.645279407000032)","Unfall 154742 (2024) Kat:3, Licht: 0","154742","3","3","5","08","11","6","","0","1","1","0","0"
"POINT (10.019489310000040 53.654930887000035)","Unfall 154743 (2024) Kat:2, Licht: 0","154743","2","3","5","08","14","6","","0","0","1","0","0"
"POINT (9.999155439000049 53.579981583000063)","Unfall 154744 (2024) Kat:3, Licht: 0","154744","3","7","0","08","12","6","","0","1","0","0","0"
"POINT (10.028223767000043 53.576601459000074)","Unfall 154745 (2024) Kat:3, Licht: 0","154745","3","5","5","08","11","6","","0","1","1","0","0"
"POINT (9.860928632000025 53.585371741000074)","Unfall 154746 (2024) Kat:3, Licht: 0","154746","3","3","5","08","17","6","","0","1","1","0","0"
"POINT (9.905389465000042 53.596049378000032)","Unfall 154747 (2024) Kat:2, Licht: 0","154747","2","2","5","08","06","6","","0","1","1","0","0"
"POINT (9.957574160000036 53.634821748000036)","Unfall 154748 (2024) Kat:3, Licht: 0","154748","3","2","3","08","15","6","","0","1","0","0","0"
"POINT (9.962215086000072 53.573620215000062)","Unfall 154749 (2024) Kat:2, Licht: 0","154749","2","2","5","08","09","6","","0","1","1","0","0"
"POINT (10.016822088000026 53.550453485000048)","Unfall 154750 (2024) Kat:3, Licht: 0","154750","3","3","5","08","14","6","","0","0","1","0","0"
"POINT (9.985990252000022 53.456295930000067)","Unfall 154751 (2024) Kat:3, Licht: 0","154751","3","2","2","08","16","5","","0","0","0","0","0"
"POINT (9.982593686000030 53.510626245000026)","Unfall 154752 (2024) Kat:3, Licht: 0","154752","3","3","5","08","19","5","","0","0","1","0","0"
"POINT (10.013373801000057 53.521312324000064)","Unfall 154753 (2024) Kat:3, Licht: 0","154753","3","1","0","08","14","5","","0","0","0","0","1"
"POINT (10.229947760000073 53.447929297000030)","Unfall 154754 (2024) Kat:3, Licht: 0","154754","3","5","5","08","09","5","","0","1","1","0","0"
"POINT (10.200606917000073 53.483292307000056)","Unfall 154755 (2024) Kat:3, Licht: 0","154755","3","4","6","08","16","5","","0","1","0","1","0"
"POINT (10.083525664000035 53.538802715000031)","Unfall 154756 (2024) Kat:3, Licht: 0","154756","3","2","3","08","15","5","","0","0","1","0","0"
"POINT (10.109650153000075 53.592068614000027)","Unfall 154757 (2024) Kat:3, Licht: 2","154757","3","7","0","08","00","5","","2","0","0","0","0"
"POINT (10.080635210000025 53.589876372000049)","Unfall 154758 (2024) Kat:3, Licht: 0","154758","3","3","5","08","10","5","","0","1","1","0","0"
"POINT (10.082446615000038 53.640813647000073)","Unfall 154759 (2024) Kat:3, Licht: 0","154759","3","3","5","08","13","5","","0","0","1","0","0"
"POINT (10.016518925000071 53.589845829000069)","Unfall 154760 (2024) Kat:3, Licht: 2","154760","3","5","1","08","03","5","","2","1","1","0","0"
"POINT (10.035576921000029 53.575019939000072)","Unfall 154761 (2024) Kat:3, Licht: 0","154761","3","2","5","08","10","5","","0","0","1","0","0"
"POINT (10.137468157000058 53.424324124000066)","Unfall 154762 (2024) Kat:3, Licht: 0","154762","3","7","0","09","11","1","","0","1","0","0","0"
"POINT (9.868331603000058 53.547836199000074)","Unfall 154763 (2024) Kat:3, Licht: 0","154763","3","7","0","08","16","5","","0","0","0","0","1"
"POINT (9.983159394000040 53.605173488000048)","Unfall 154764 (2024) Kat:3, Licht: 0","154764","3","7","0","08","14","5","","0","1","0","0","0"
"POINT (9.990007651000042 53.589356957000064)","Unfall 154765 (2024) Kat:3, Licht: 0","154765","3","5","1","08","12","5","","0","1","1","0","0"
"POINT (9.992154877000075 53.557700111000031)","Unfall 154766 (2024) Kat:3, Licht: 2","154766","3","7","0","08","22","5","","2","1","0","0","0"
"POINT (9.979796293000049 53.555892419000031)","Unfall 154767 (2024) Kat:3, Licht: 0","154767","3","6","2","08","10","5","","0","0","1","0","0"
"POINT (9.996617789000027 53.550654207000036)","Unfall 154768 (2024) Kat:3, Licht: 0","154768","3","6","3","08","10","5","","0","0","0","0","0"
"POINT (10.004722112000024 53.556747617000042)","Unfall 154769 (2024) Kat:3, Licht: 0","154769","3","5","3","08","09","5","","0","1","1","0","0"
"POINT (9.928619159000050 53.644222015000082)","Unfall 154770 (2024) Kat:3, Licht: 0","154770","3","6","3","08","13","4","","0","0","1","0","0"
"POINT (10.013340208000045 53.548593127000061)","Unfall 154771 (2024) Kat:3, Licht: 0","154771","3","1","0","08","13","5","","0","0","0","0","1"
"POINT (9.864112638000051 53.537950416000058)","Unfall 154772 (2024) Kat:3, Licht: 0","154772","3","5","1","08","08","4","","0","1","1","0","0"
"POINT (10.195375033000062 53.492469274000030)","Unfall 154773 (2024) Kat:3, Licht: 0","154773","3","6","4","08","08","4","","0","1","1","0","0"
"POINT (10.104818627000043 53.557178541000042)","Unfall 154774 (2024) Kat:3, Licht: 0","154774","3","4","6","08","20","4","","0","0","1","1","0"
"POINT (10.059650642000065 53.572516568000026)","Unfall 154775 (2024) Kat:2, Licht: 0","154775","2","2","3","09","12","3","","0","1","1","0","0"
"POINT (10.159457157000077 53.617638562000081)","Unfall 154776 (2024) Kat:2, Licht: 0","154776","2","7","0","08","14","4","","0","1","0","0","0"
"POINT (10.161004410000032 53.589114758000051)","Unfall 154777 (2024) Kat:3, Licht: 0","154777","3","7","0","08","20","4","","0","1","0","0","0"
"POINT (10.061481378000053 53.572966462000068)","Unfall 154778 (2024) Kat:3, Licht: 0","154778","3","4","6","08","15","4","","0","0","1","1","0"
"POINT (10.062369406000073 53.582468984000059)","Unfall 154779 (2024) Kat:3, Licht: 0","154779","3","7","0","08","15","5","","0","1","0","0","0"
"POINT (10.060890596000036 53.612395848000062)","Unfall 154780 (2024) Kat:3, Licht: 0","154780","3","7","0","08","16","4","","0","1","0","0","0"
"POINT (10.078260169000032 53.617487156000038)","Unfall 154781 (2024) Kat:3, Licht: 0","154781","3","7","0","08","15","4","","0","0","0","0","0"
"POINT (10.067359737000061 53.607754419000059)","Unfall 154782 (2024) Kat:3, Licht: 0","154782","3","7","0","08","15","4","","0","1","0","0","0"
"POINT (10.161407830000030 53.651685794000059)","Unfall 154783 (2024) Kat:3, Licht: 0","154783","3","5","1","08","12","4","","0","1","1","0","0"
"POINT (10.048595200000022 53.577455573000066)","Unfall 154784 (2024) Kat:3, Licht: 1","154784","3","7","1","08","22","4","","1","1","1","0","0"
"POINT (10.127357825000047 53.538806607000026)","Unfall 154785 (2024) Kat:3, Licht: 2","154785","3","2","4","09","22","5","","2","0","1","0","0"
"POINT (10.067130970000051 53.583433889000048)","Unfall 154786 (2024) Kat:3, Licht: 0","154786","3","6","4","09","16","3","","0","1","0","0","0"
"POINT (10.041054576000022 53.580210790000081)","Unfall 154787 (2024) Kat:3, Licht: 0","154787","3","6","2","08","11","4","","0","0","1","0","0"
"POINT (10.018226928000047 53.564600898000037)","Unfall 154788 (2024) Kat:3, Licht: 0","154788","3","2","3","08","14","4","","0","1","1","0","0"
"POINT (9.928700964000029 53.592241363000028)","Unfall 154789 (2024) Kat:3, Licht: 0","154789","3","2","4","08","17","4","","0","0","1","0","0"
"POINT (9.977417058000071 53.571359071000074)","Unfall 154790 (2024) Kat:3, Licht: 0","154790","3","2","3","08","15","4","","0","1","0","0","0"
"POINT (9.990100538000036 53.548456357000077)","Unfall 154791 (2024) Kat:3, Licht: 0","154791","3","6","2","08","13","4","","0","1","1","0","0"
"POINT (9.882865595000055 53.517613055000027)","Unfall 154792 (2024) Kat:3, Licht: 2","154792","3","7","8","08","21","3","","2","0","1","0","0"
"POINT (9.958261122000067 53.448668106000071)","Unfall 154793 (2024) Kat:3, Licht: 0","154793","3","1","0","08","08","3","","0","0","0","0","0"
"POINT (10.208242575000043 53.481297716000029)","Unfall 154794 (2024) Kat:3, Licht: 0","154794","3","2","4","08","15","3","","0","1","1","0","0"
"POINT (10.076517700000068 53.508441710000056)","Unfall 154795 (2024) Kat:3, Licht: 0","154795","3","7","0","08","17","3","","0","1","0","0","0"
"POINT (10.041727681000054 53.548173060000067)","Unfall 154796 (2024) Kat:3, Licht: 0","154796","3","5","5","08","16","3","","0","1","1","0","0"
"POINT (10.124986422000063 53.580882283000051)","Unfall 154797 (2024) Kat:3, Licht: 2","154797","3","4","6","08","00","3","","2","0","1","1","0"
"POINT (9.858667051000054 53.596205438000027)","Unfall 154798 (2024) Kat:3, Licht: 0","154798","3","2","5","09","13","5","","0","1","0","0","0"
"POINT (10.063561144000062 53.580804620000038)","Unfall 154799 (2024) Kat:3, Licht: 2","154799","3","3","5","08","21","3","","2","1","1","0","0"
"POINT (10.097816179000063 53.579195579000043)","Unfall 154800 (2024) Kat:3, Licht: 2","154800","3","3","5","08","21","3","","2","0","1","0","0"
"POINT (10.084847908000029 53.659539586000051)","Unfall 154801 (2024) Kat:3, Licht: 1","154801","3","2","6","08","20","3","","1","0","0","1","0"
"POINT (10.105058926000027 53.708504760000039)","Unfall 154802 (2024) Kat:3, Licht: 0","154802","3","1","0","08","14","3","","0","0","0","0","1"
"POINT (10.030723623000029 53.622530038000036)","Unfall 154803 (2024) Kat:3, Licht: 2","154803","3","7","0","08","23","3","","2","1","0","0","0"
"POINT (10.009818988000063 53.611594580000030)","Unfall 154804 (2024) Kat:3, Licht: 0","154804","3","3","5","08","08","3","","0","1","1","0","0"
"POINT (9.956331334000026 53.568260667000061)","Unfall 154805 (2024) Kat:3, Licht: 0","154805","3","7","6","08","13","3","","0","0","1","1","0"
"POINT (9.952433224000060 53.546480410000072)","Unfall 154806 (2024) Kat:3, Licht: 0","154806","3","6","2","08","08","3","","0","0","0","0","0"
"POINT (9.951681602000065 53.566685023000048)","Unfall 154807 (2024) Kat:3, Licht: 0","154807","3","6","3","09","15","7","","0","1","0","0","0"
"POINT (9.985748534000038 53.572014816000035)","Unfall 154808 (2024) Kat:3, Licht: 0","154808","3","7","0","08","13","3","","0","0","0","0","0"
"POINT (9.980538599000056 53.556163114000071)","Unfall 154809 (2024) Kat:3, Licht: 2","154809","3","7","0","08","23","3","","2","1","0","0","0"
"POINT (9.976043586000060 53.545867772000065)","Unfall 154810 (2024) Kat:3, Licht: 0","154810","3","7","0","08","13","3","","0","1","0","0","0"
"POINT (9.997607535000043 53.557810470000049)","Unfall 154811 (2024) Kat:3, Licht: 0","154811","3","7","0","08","07","3","","0","1","0","0","0"
"POINT (9.801330541000027 53.521568480000042)","Unfall 154812 (2024) Kat:2, Licht: 0","154812","2","1","0","08","10","2","","0","0","0","0","1"
"POINT (9.979452499000047 53.457486634000077)","Unfall 154813 (2024) Kat:3, Licht: 0","154813","3","7","2","08","18","2","","0","1","0","0","0"
"POINT (10.054974494000021 53.552789937000057)","Unfall 154814 (2024) Kat:3, Licht: 0","154814","3","3","5","09","15","5","","0","0","1","0","0"
"POINT (10.011574385000074 53.441073912000036)","Unfall 154815 (2024) Kat:2, Licht: 0","154815","2","1","0","08","19","2","","0","1","0","0","0"
"POINT (10.021244572000057 53.524818728000071)","Unfall 154816 (2024) Kat:3, Licht: 0","154816","3","1","0","08","18","2","","0","1","0","0","0"
"POINT (10.091861795000057 53.543796973000042)","Unfall 154817 (2024) Kat:3, Licht: 0","154817","3","5","5","08","14","2","","0","0","1","0","0"
"POINT (10.144454992000021 53.545344613000054)","Unfall 154818 (2024) Kat:3, Licht: 0","154818","3","6","2","08","14","2","","0","0","1","0","0"
"POINT (10.027052145000027 53.532707836000043)","Unfall 154819 (2024) Kat:3, Licht: 0","154819","3","6","2","08","08","2","","0","0","1","0","0"
"POINT (10.079745581000054 53.580973321000045)","Unfall 154820 (2024) Kat:3, Licht: 0","154820","3","5","5","08","17","2","","0","0","1","0","0"
"POINT (10.025342546000047 53.585007019000045)","Unfall 154821 (2024) Kat:3, Licht: 0","154821","3","6","2","08","19","2","","0","1","0","0","0"
"POINT (10.017922362000036 53.613088965000031)","Unfall 154822 (2024) Kat:3, Licht: 0","154822","3","1","0","08","19","2","","0","1","0","0","0"
"POINT (9.934225080000033 53.583199373000070)","Unfall 154823 (2024) Kat:3, Licht: 2","154823","3","3","5","08","23","2","","2","0","1","0","0"
"POINT (9.931277864000037 53.546584477000067)","Unfall 154824 (2024) Kat:3, Licht: 0","154824","3","7","0","08","17","2","","0","1","0","0","0"
"POINT (9.984213453000052 53.564061795000043)","Unfall 154825 (2024) Kat:3, Licht: 0","154825","3","6","3","08","06","2","","0","0","1","0","0"
"POINT (9.998721125000031 53.550768234000031)","Unfall 154826 (2024) Kat:3, Licht: 0","154826","3","7","6","08","12","2","","0","0","0","1","0"
"POINT (10.013205267000046 53.561029701000052)","Unfall 154827 (2024) Kat:3, Licht: 0","154827","3","6","2","08","17","2","","0","0","1","0","0"
"POINT (9.949469678000071 53.462894954000035)","Unfall 154828 (2024) Kat:3, Licht: 0","154828","3","6","2","08","17","1","","0","0","1","0","0"
"POINT (9.971317738000039 53.459420302000069)","Unfall 154829 (2024) Kat:2, Licht: 0","154829","2","7","0","08","16","1","","0","1","0","0","0"
"POINT (10.210523213000045 53.487112257000035)","Unfall 154830 (2024) Kat:2, Licht: 1","154830","2","7","0","08","21","1","","1","1","0","0","0"
"POINT (10.045181322000076 53.636563876000082)","Unfall 154831 (2024) Kat:3, Licht: 0","154831","3","5","1","08","18","1","","0","1","1","0","0"
"POINT (10.082010152000066 53.642199975000040)","Unfall 154832 (2024) Kat:3, Licht: 0","154832","3","3","5","08","10","1","","0","1","1","0","0"
"POINT (9.954325820000065 53.569513335000067)","Unfall 154833 (2024) Kat:3, Licht: 0","154833","3","2","5","08","18","3","","0","1","1","0","0"