WKT,Name,OBJECTID,UKATEGORIE,UTYP1,UART,UMONAT,USTUNDE,UWOCHENTAG,STRZUSTAND,ULICHTVERH,ISTRAD,ISTPKW,ISTFUSS,ISTKRAD
"POINT (10.002062826000042 53.668758962000027)","Unfall 154834 (2024) Kat:3, Licht: 0","154834","3","6","2","08","14","1","","0","0","1","0","0"
"POINT (10.001224668000077 53.586165398000048)","Unfall 154835 (2024) Kat:3, Licht: 2","154835","3","2","0","08","21","1","","2","0","1","0","1"
"POINT (9.982595038000056 53.510602308000045)","Unfall 154836 (2024) Kat:3, Licht: 0","154836","3","3","5","08","12","7","","0","0","1","0","0"
"POINT (10.185839410000028 53.488130784000077)","Unfall 154837 (2024) Kat:2, Licht: 0","154837","2","4","6","08","11","7","","0","1","0","1","0"
"POINT (10.069126149000056 53.526944328000070)","Unfall 154838 (2024) Kat:3, Licht: 0","154838","3","7","3","08","19","7","","0","0","1","0","0"
"POINT (10.153588390000039 53.603479741000058)","Unfall 154839 (2024) Kat:3, Licht: 0","154839","3","7","0","08","10","7","","0","0","0","0","0"
"POINT (10.163827513000058 53.621020599000076)","Unfall 154840 (2024) Kat:3, Licht: 2","154840","3","3","5","08","21","7","","2","0","1","0","0"
"POINT (10.081577894000077 53.578937129000053)","Unfall 154841 (2024) Kat:3, Licht: 0","154841","3","5","3","08","18","7","","0","0","1","0","1"
"POINT (9.934833187000038 53.580600573000027)","Unfall 154842 (2024) Kat:3, Licht: 0","154842","3","3","5","08","18","7","","0","1","0","0","0"
"POINT (9.957103565000068 53.567190985000082)","Unfall 154843 (2024) Kat:3, Licht: 0","154843","3","6","0","08","16","2","","0","1","1","0","0"
"POINT (9.934296370000027 53.544740321000063)","Unfall 154844 (2024) Kat:3, Licht: 0","154844","3","7","0","08","16","7","","0","1","0","0","0"
"POINT (9.992078135000042 53.572712263000028)","Unfall 154845 (2024) Kat:3, Licht: 2","154845","3","7","0","08","03","7","","2","1","0","0","0"
"POINT (9.955128381000065 53.548996398000043)","Unfall 154846 (2024) Kat:3, Licht: 0","154846","3","7","0","08","17","7","","0","1","0","0","0"
"POINT (10.001768563000041 53.550050296000052)","Unfall 154847 (2024) Kat:2, Licht: 1","154847","2","7","7","08","21","7","","1","1","0","0","0"
"POINT (9.984590625000067 53.552611523000053)","Unfall 154848 (2024) Kat:3, Licht: 1","154848","3","1","8","08","05","7","","1","1","0","0","0"
"POINT (9.863200325000037 53.471171006000077)","Unfall 154849 (2024) Kat:3, Licht: 1","154849","3","6","2","08","05","6","","1","0","1","0","0"
"POINT (9.977527087000055 53.457826085000079)","Unfall 154850 (2024) Kat:3, Licht: 1","154850","3","5","1","08","20","6","","1","1","1","0","0"
"POINT (10.197029682000050 53.488896351000051)","Unfall 154851 (2024) Kat:3, Licht: 0","154851","3","2","5","08","16","6","","0","0","1","0","1"
"POINT (10.055204064000066 53.560844810000049)","Unfall 154852 (2024) Kat:3, Licht: 0","154852","3","3","5","08","14","6","","0","0","1","0","0"
"POINT (10.157646906000025 53.583902141000067)","Unfall 154853 (2024) Kat:3, Licht: 0","154853","3","5","6","08","08","6","","0","0","1","1","0"
"POINT (10.124584252000034 53.588136338000027)","Unfall 154854 (2024) Kat:3, Licht: 0","154854","3","4","6","08","17","6","","0","1","0","1","0"
"POINT (10.078619262000075 53.588725416000045)","Unfall 154855 (2024) Kat:3, Licht: 0","154855","3","7","1","08","15","6","","0","1","1","0","0"
"POINT (10.000459040000067 53.621554884000034)","Unfall 154856 (2024) Kat:3, Licht: 0","154856","3","3","5","08","13","6","","0","0","1","0","0"
"POINT (10.026827176000040 53.626275040000053)","Unfall 154857 (2024) Kat:3, Licht: 0","154857","3","3","6","08","17","6","","0","0","1","1","0"
"POINT (9.851400191000039 53.563738116000081)","Unfall 154858 (2024) Kat:3, Licht: 0","154858","3","3","5","08","19","6","","0","1","1","0","0"
"POINT (9.973664194000037 53.550044755000044)","Unfall 154859 (2024) Kat:3, Licht: 0","154859","3","6","2","08","20","6","","0","0","1","0","0"
"POINT (9.842708932000050 53.534283271000049)","Unfall 154860 (2024) Kat:3, Licht: 0","154860","3","3","5","08","13","5","","0","1","1","0","0"
"POINT (10.064010764000045 53.475049136000052)","Unfall 154861 (2024) Kat:3, Licht: 0","154861","3","7","0","08","19","5","","0","1","0","0","0"
"POINT (10.018178461000048 53.556231564000029)","Unfall 154862 (2024) Kat:3, Licht: 0","154862","3","2","3","08","18","3","","0","1","0","0","0"
"POINT (10.104889951000075 53.545132372000069)","Unfall 154863 (2024) Kat:3, Licht: 0","154863","3","3","5","08","12","5","","0","1","0","0","0"
"POINT (10.064464587000032 53.558333904000051)","Unfall 154864 (2024) Kat:2, Licht: 0","154864","2","7","0","08","15","5","","0","1","0","0","0"
"POINT (10.126649103000034 53.582202579000068)","Unfall 154865 (2024) Kat:3, Licht: 0","154865","3","6","2","08","07","5","","0","0","1","0","0"
"POINT (10.061335334000034 53.580717282000080)","Unfall 154866 (2024) Kat:3, Licht: 0","154866","3","3","5","08","17","5","","0","1","1","0","0"
"POINT (10.057160639000074 53.580169207000040)","Unfall 154867 (2024) Kat:3, Licht: 0","154867","3","2","4","08","15","5","","0","0","1","0","0"
"POINT (10.005437646000075 53.580375146000051)","Unfall 154868 (2024) Kat:3, Licht: 0","154868","3","2","3","08","12","5","","0","1","0","0","0"
"POINT (10.046504989000027 53.586642150000046)","Unfall 154869 (2024) Kat:3, Licht: 0","154869","3","3","5","08","13","5","","0","1","1","0","0"
"POINT (9.850737882000033 53.573328434000075)","Unfall 154870 (2024) Kat:3, Licht: 0","154870","3","7","0","08","18","5","","0","1","0","0","0"
"POINT (9.847856654000054 53.577167678000080)","Unfall 154871 (2024) Kat:3, Licht: 0","154871","3","7","0","08","09","5","","0","1","0","0","0"
"POINT (9.887104829000066 53.559891843000059)","Unfall 154872 (2024) Kat:3, Licht: 0","154872","3","6","3","08","16","5","","0","1","1","0","0"
"POINT (9.963677944000040 53.612800594000078)","Unfall 154873 (2024) Kat:3, Licht: 0","154873","3","5","5","08","17","5","","0","0","1","0","0"
"POINT (9.954852365000022 53.623317973000042)","Unfall 154874 (2024) Kat:2, Licht: 0","154874","2","4","6","08","13","5","","0","0","1","1","0"
"POINT (9.943210380000039 53.635633719000054)","Unfall 154875 (2024) Kat:3, Licht: 0","154875","3","4","6","08","06","5","","0","0","1","1","0"
"POINT (9.983616955000059 53.583859670000038)","Unfall 154876 (2024) Kat:3, Licht: 0","154876","3","6","0","08","14","5","","0","1","0","0","0"
"POINT (9.979246964000026 53.581372522000038)","Unfall 154877 (2024) Kat:3, Licht: 0","154877","3","2","5","08","10","5","","0","1","0","0","0"
"POINT (9.965228830000058 53.552151146000028)","Unfall 154878 (2024) Kat:3, Licht: 0","154878","3","3","5","08","18","5","","0","0","1","0","0"
"POINT (9.981793728000071 53.554380198000047)","Unfall 154879 (2024) Kat:3, Licht: 0","154879","3","6","2","08","13","5","","0","1","1","0","0"
"POINT (10.009476339000059 53.552217600000063)","Unfall 154880 (2024) Kat:3, Licht: 0","154880","3","4","6","08","15","5","","0","0","0","1","0"
"POINT (10.048864450000053 53.547970116000045)","Unfall 154881 (2024) Kat:3, Licht: 0","154881","3","5","1","08","14","4","","0","1","1","0","0"
"POINT (10.019553451000036 53.528788176000035)","Unfall 154882 (2024) Kat:3, Licht: 0","154882","3","3","5","08","17","5","","0","1","1","0","0"
"POINT (9.962666245000037 53.465298025000038)","Unfall 154883 (2024) Kat:3, Licht: 0","154883","3","1","0","07","20","4","","0","0","0","0","1"
"POINT (10.195189673000073 53.485627874000045)","Unfall 154884 (2024) Kat:3, Licht: 2","154884","3","7","0","07","22","4","","2","1","0","0","0"
"POINT (10.202650584000025 53.491133919000049)","Unfall 154885 (2024) Kat:3, Licht: 0","154885","3","6","3","07","20","4","","0","1","1","0","0"
"POINT (10.135315911000021 53.594384028000036)","Unfall 154886 (2024) Kat:3, Licht: 0","154886","3","3","5","07","19","4","","0","0","1","0","0"
"POINT (10.139768408000066 53.626507929000070)","Unfall 154887 (2024) Kat:3, Licht: 0","154887","3","1","0","07","14","4","","0","0","0","0","0"
"POINT (10.066056831000026 53.585018486000081)","Unfall 154888 (2024) Kat:3, Licht: 0","154888","3","3","5","07","16","4","","0","1","1","0","0"
"POINT (9.934164707000036 53.553724610000074)","Unfall 154889 (2024) Kat:3, Licht: 0","154889","3","5","1","08","13","5","","0","0","1","0","0"
"POINT (10.040892656000040 53.601566258000048)","Unfall 154890 (2024) Kat:3, Licht: 0","154890","3","6","3","07","19","4","","0","0","1","0","1"
"POINT (10.084111697000026 53.643649185000072)","Unfall 154891 (2024) Kat:3, Licht: 0","154891","3","7","0","07","15","4","","0","1","0","0","0"
"POINT (10.013290778000055 53.649318108000045)","Unfall 154892 (2024) Kat:3, Licht: 0","154892","3","7","0","07","20","4","","0","0","0","0","0"
"POINT (10.004096763000064 53.585341827000036)","Unfall 154893 (2024) Kat:3, Licht: 0","154893","3","3","5","07","19","4","","0","1","0","0","0"
"POINT (10.000086791000058 53.594770179000079)","Unfall 154894 (2024) Kat:3, Licht: 0","154894","3","3","5","07","15","4","","0","0","1","0","0"
"POINT (10.048826789000032 53.584850573000040)","Unfall 154895 (2024) Kat:3, Licht: 0","154895","3","3","5","07","17","4","","0","1","1","0","0"
"POINT (9.959963819000052 53.593706400000030)","Unfall 154896 (2024) Kat:3, Licht: 0","154896","3","7","0","07","19","4","","0","1","0","0","0"
"POINT (9.981434701000069 53.564666715000044)","Unfall 154897 (2024) Kat:3, Licht: 2","154897","3","2","3","07","22","4","","2","1","1","0","0"
"POINT (9.995759888000066 53.567502309000076)","Unfall 154898 (2024) Kat:3, Licht: 0","154898","3","5","1","07","17","4","","0","0","1","0","1"
"POINT (9.974528859000031 53.556582254000034)","Unfall 154899 (2024) Kat:3, Licht: 0","154899","3","7","0","07","18","4","","0","0","0","0","1"
"POINT (9.990134251000029 53.548466408000081)","Unfall 154900 (2024) Kat:3, Licht: 0","154900","3","2","5","07","18","4","","0","1","0","0","1"
"POINT (10.018515913000044 53.556381896000062)","Unfall 154901 (2024) Kat:3, Licht: 0","154901","3","7","7","07","14","4","","0","1","0","0","0"
"POINT (9.990436308000028 53.491992628000048)","Unfall 154902 (2024) Kat:3, Licht: 2","154902","3","2","4","07","22","3","","2","1","0","0","0"
"POINT (9.988871934000031 53.505056355000079)","Unfall 154903 (2024) Kat:3, Licht: 0","154903","3","6","4","07","18","3","","0","1","0","0","0"
"POINT (10.000616749000073 53.515031168000064)","Unfall 154904 (2024) Kat:3, Licht: 0","154904","3","3","5","07","16","3","","0","1","1","0","0"
"POINT (10.091583674000049 53.513639748000060)","Unfall 154905 (2024) Kat:3, Licht: 0","154905","3","6","3","07","16","3","","0","0","0","0","1"
"POINT (10.037425072000076 53.541206160000058)","Unfall 154906 (2024) Kat:3, Licht: 0","154906","3","6","2","09","12","7","","0","0","1","0","0"
"POINT (10.201510977000055 53.419746670000052)","Unfall 154907 (2024) Kat:2, Licht: 0","154907","2","3","5","07","11","3","","0","0","1","0","0"
"POINT (9.919892996000044 53.631604450000054)","Unfall 154908 (2024) Kat:3, Licht: 0","154908","3","5","5","09","09","4","","0","1","1","0","0"
"POINT (10.025305360000061 53.600356417000057)","Unfall 154909 (2024) Kat:3, Licht: 2","154909","3","2","5","09","21","1","","2","0","1","0","0"
"POINT (10.013321166000026 53.639692491000062)","Unfall 154910 (2024) Kat:3, Licht: 0","154910","3","6","2","08","16","6","","0","0","1","0","0"
"POINT (10.085393317000069 53.519838061000030)","Unfall 154911 (2024) Kat:3, Licht: 0","154911","3","1","0","07","14","3","","0","1","0","0","0"
"POINT (10.021495737000066 53.544570148000048)","Unfall 154912 (2024) Kat:3, Licht: 0","154912","3","2","5","07","16","3","","0","1","1","0","0"
"POINT (10.071513353000057 53.571645013000079)","Unfall 154913 (2024) Kat:3, Licht: 0","154913","3","1","9","07","12","3","","0","0","1","0","0"
"POINT (10.094390183000030 53.638455083000053)","Unfall 154914 (2024) Kat:3, Licht: 0","154914","3","6","2","07","09","3","","0","0","1","0","1"
"POINT (9.996748277000052 53.642338077000034)","Unfall 154915 (2024) Kat:3, Licht: 0","154915","3","7","0","07","12","3","","0","0","0","0","1"
"POINT (10.015604849000056 53.590093308000064)","Unfall 154916 (2024) Kat:3, Licht: 0","154916","3","6","3","07","11","3","","0","1","0","0","0"
"POINT (10.016054269000051 53.571787936000078)","Unfall 154917 (2024) Kat:3, Licht: 0","154917","3","2","5","07","18","3","","0","1","1","0","0"
"POINT (9.931173485000045 53.583849559000043)","Unfall 154918 (2024) Kat:3, Licht: 0","154918","3","5","1","07","20","3","","0","1","1","0","0"
"POINT (9.852485955000077 53.597153319000029)","Unfall 154919 (2024) Kat:3, Licht: 0","154919","3","7","6","07","17","3","","0","0","0","1","0"
"POINT (10.098596162000035 53.642951177000043)","Unfall 154920 (2024) Kat:3, Licht: 1","154920","3","1","0","08","20","4","","1","1","0","0","0"
"POINT (9.891248247000021 53.593345274000058)","Unfall 154921 (2024) Kat:3, Licht: 1","154921","3","1","9","07","21","3","","1","0","1","0","0"
"POINT (9.956438818000038 53.581256760000031)","Unfall 154922 (2024) Kat:3, Licht: 0","154922","3","2","2","07","10","3","","0","1","1","0","0"
"POINT (9.949319273000071 53.558648787000038)","Unfall 154923 (2024) Kat:3, Licht: 2","154923","3","2","5","07","22","3","","2","1","1","0","0"
"POINT (9.942108576000066 53.566053598000053)","Unfall 154924 (2024) Kat:3, Licht: 0","154924","3","7","0","07","18","3","","0","1","0","0","0"
"POINT (9.948615586000074 53.559844811000062)","Unfall 154925 (2024) Kat:3, Licht: 0","154925","3","6","3","07","08","3","","0","1","1","0","0"
"POINT (9.961381306000021 53.546405626000080)","Unfall 154926 (2024) Kat:3, Licht: 0","154926","3","6","3","07","17","3","","0","1","1","0","0"
"POINT (9.957851073000029 53.549525469000059)","Unfall 154927 (2024) Kat:3, Licht: 0","154927","3","6","3","07","16","3","","0","1","0","0","0"
"POINT (10.204643808000071 53.499603654000055)","Unfall 154928 (2024) Kat:3, Licht: 0","154928","3","3","4","07","08","2","","0","1","1","0","0"
"POINT (10.156517579000024 53.608727096000052)","Unfall 154929 (2024) Kat:3, Licht: 0","154929","3","3","5","07","14","2","","0","1","1","0","0"
"POINT (10.075513126000033 53.567231192000065)","Unfall 154930 (2024) Kat:3, Licht: 0","154930","3","2","3","07","09","2","","0","1","0","0","0"
"POINT (10.172446700000023 53.646877899000060)","Unfall 154931 (2024) Kat:3, Licht: 0","154931","3","6","2","07","12","2","","0","1","0","0","0"
"POINT (10.053233593000073 53.589132552000081)","Unfall 154932 (2024) Kat:3, Licht: 0","154932","3","5","5","07","14","2","","0","0","1","0","0"
"POINT (10.032545076000076 53.572874079000030)","Unfall 154933 (2024) Kat:3, Licht: 0","154933","3","1","0","07","12","2","","0","1","0","0","0"
"POINT (9.891301476000024 53.602632616000051)","Unfall 154934 (2024) Kat:3, Licht: 0","154934","3","6","4","07","14","2","","0","1","0","0","0"
"POINT (9.750864813000021 53.585402015000057)","Unfall 154935 (2024) Kat:3, Licht: 0","154935","3","1","0","07","17","2","","0","1","0","0","0"
"POINT (10.046956068000043 53.583919573000060)","Unfall 154936 (2024) Kat:3, Licht: 0","154936","3","2","3","08","10","2","","0","1","1","0","0"
"POINT (9.919591917000048 53.637316972000065)","Unfall 154937 (2024) Kat:3, Licht: 0","154937","3","7","0","07","11","2","","0","1","0","0","0"
"POINT (9.987722166000026 53.595731730000068)","Unfall 154938 (2024) Kat:3, Licht: 0","154938","3","3","5","07","09","2","","0","1","1","0","0"
"POINT (9.952091746000065 53.566791810000041)","Unfall 154939 (2024) Kat:3, Licht: 0","154939","3","2","5","07","09","2","","0","1","0","0","0"
"POINT (10.002858900000035 53.542401715000040)","Unfall 154940 (2024) Kat:3, Licht: 0","154940","3","7","0","07","10","2","","0","1","0","0","0"
"POINT (9.949421596000036 53.462993337000057)","Unfall 154941 (2024) Kat:3, Licht: 0","154941","3","4","6","07","10","1","","0","1","0","1","0"
"POINT (10.232916890000070 53.454908360000047)","Unfall 154942 (2024) Kat:3, Licht: 2","154942","3","5","1","07","03","1","","2","0","1","0","0"
"POINT (9.918839451000053 53.590863554000066)","Unfall 154943 (2024) Kat:3, Licht: 0","154943","3","2","5","07","16","3","","0","0","1","0","0"
"POINT (10.085637242000075 53.519688956000039)","Unfall 154944 (2024) Kat:3, Licht: 0","154944","3","1","0","07","18","1","","0","1","0","0","0"
"POINT (10.095755515000064 53.550945940000076)","Unfall 154945 (2024) Kat:3, Licht: 0","154945","3","2","5","07","16","1","","0","0","1","0","0"
"POINT (10.096736706000058 53.536220874000037)","Unfall 154946 (2024) Kat:3, Licht: 0","154946","3","5","3","07","14","1","","0","0","1","0","1"
"POINT (10.030034971000021 53.554290935000040)","Unfall 154947 (2024) Kat:3, Licht: 2","154947","3","6","2","07","03","1","","2","1","1","0","0"
"POINT (10.161528241000042 53.661496031000070)","Unfall 154948 (2024) Kat:3, Licht: 0","154948","3","1","0","07","12","1","","0","1","0","0","0"
"POINT (10.017768390000072 53.613041869000028)","Unfall 154949 (2024) Kat:3, Licht: 0","154949","3","7","0","07","12","1","","0","1","0","0","0"
"POINT (10.025199223000072 53.566891121000026)","Unfall 154950 (2024) Kat:3, Licht: 0","154950","3","2","4","07","19","1","","0","1","1","0","0"
"POINT (9.974461161000022 53.630585953000036)","Unfall 154951 (2024) Kat:3, Licht: 0","154951","3","7","0","08","12","3","","0","0","1","0","0"
"POINT (10.041277285000035 53.579581999000027)","Unfall 154952 (2024) Kat:3, Licht: 0","154952","3","3","5","07","16","1","","0","1","1","0","0"
"POINT (9.851553778000039 53.573165117000030)","Unfall 154953 (2024) Kat:3, Licht: 0","154953","3","5","1","07","16","1","","0","1","1","0","0"
"POINT (10.021622059000038 53.535528795000062)","Unfall 154954 (2024) Kat:3, Licht: 0","154954","3","6","4","07","10","1","","0","1","1","0","0"
"POINT (10.014009887000043 53.561370868000040)","Unfall 154955 (2024) Kat:3, Licht: 0","154955","3","3","5","07","14","1","","0","1","1","0","0"
"POINT (9.973961257000042 53.491398535000030)","Unfall 154956 (2024) Kat:3, Licht: 0","154956","3","6","0","07","14","1","","0","1","1","0","0"
"POINT (9.971624385000041 53.470262484000045)","Unfall 154957 (2024) Kat:3, Licht: 2","154957","3","1","0","07","22","1","","2","1","0","0","0"
"POINT (9.809802877000038 53.467217021000067)","Unfall 154958 (2024) Kat:3, Licht: 0","154958","3","1","1","07","19","7","","0","0","1","0","0"
"POINT (9.979683551000051 53.457390288000056)","Unfall 154959 (2024) Kat:3, Licht: 1","154959","3","7","0","07","21","7","","1","0","0","0","1"
"POINT (10.177132195000070 53.398696727000072)","Unfall 154960 (2024) Kat:2, Licht: 0","154960","2","5","1","07","14","7","","0","1","1","0","0"
"POINT (9.951143758000057 53.631581928000060)","Unfall 154961 (2024) Kat:3, Licht: 0","154961","3","2","5","08","13","7","","0","0","1","0","0"
"POINT (10.134539445000030 53.574978647000080)","Unfall 154962 (2024) Kat:3, Licht: 0","154962","3","6","3","07","19","7","","0","0","1","0","0"
"POINT (10.076056797000035 53.589339006000046)","Unfall 154963 (2024) Kat:3, Licht: 0","154963","3","3","5","07","16","7","","0","0","1","0","0"
"POINT (10.071479811000074 53.573523807000072)","Unfall 154964 (2024) Kat:3, Licht: 0","154964","3","7","2","07","14","7","","0","0","1","0","0"
"POINT (10.068555575000062 53.574794109000038)","Unfall 154965 (2024) Kat:3, Licht: 0","154965","3","1","0","07","17","7","","0","0","0","0","0"
"POINT (10.067480957000043 53.608410172000049)","Unfall 154966 (2024) Kat:3, Licht: 0","154966","3","2","2","07","08","7","","0","0","1","0","0"
"POINT (10.084653006000053 53.656688281000072)","Unfall 154967 (2024) Kat:3, Licht: 2","154967","3","1","9","07","00","7","","2","0","1","0","0"
"POINT (10.137514423000027 53.658453265000048)","Unfall 154968 (2024) Kat:3, Licht: 0","154968","3","1","0","07","18","7","","0","1","0","0","0"
"POINT (10.122395110000070 53.644172235000042)","Unfall 154969 (2024) Kat:3, Licht: 0","154969","3","6","2","07","13","7","","0","0","1","0","0"
"POINT (10.024867721000021 53.609470932000079)","Unfall 154970 (2024) Kat:3, Licht: 0","154970","3","3","5","07","10","7","","0","1","1","0","0"
"POINT (9.962280188000022 53.575041574000068)","Unfall 154971 (2024) Kat:3, Licht: 0","154971","3","7","0","07","13","7","","0","1","0","0","0"
"POINT (9.941086966000057 53.562258450000058)","Unfall 154972 (2024) Kat:3, Licht: 0","154972","3","5","1","07","15","7","","0","1","1","0","0"
"POINT (10.016839437000044 53.550458253000045)","Unfall 154973 (2024) Kat:3, Licht: 0","154973","3","2","4","07","13","7","","0","1","1","0","0"
"POINT (10.085422871000048 53.551319307000028)","Unfall 154974 (2024) Kat:3, Licht: 0","154974","3","3","5","07","13","6","","0","0","1","0","0"
"POINT (9.968231399000047 53.512375452000072)","Unfall 154975 (2024) Kat:3, Licht: 1","154975","3","2","5","09","06","4","","1","1","1","0","0"
"POINT (10.126352857000029 53.586681291000048)","Unfall 154976 (2024) Kat:2, Licht: 1","154976","2","4","6","07","21","6","","1","0","1","1","0"
"POINT (10.122347302000037 53.666524664000065)","Unfall 154977 (2024) Kat:2, Licht: 2","154977","2","7","0","07","00","6","","2","1","0","0","0"
"POINT (10.004902341000047 53.607187043000067)","Unfall 154978 (2024) Kat:3, Licht: 0","154978","3","3","5","07","12","6","","0","0","0","0","1"
"POINT (9.856655007000029 53.570993965000071)","Unfall 154979 (2024) Kat:3, Licht: 0","154979","3","3","5","07","17","6","","0","1","0","0","0"
"POINT (9.865713175000053 53.596871575000080)","Unfall 154980 (2024) Kat:3, Licht: 0","154980","3","6","3","07","12","6","","0","0","1","0","0"
"POINT (9.952670533000060 53.633417357000042)","Unfall 154981 (2024) Kat:3, Licht: 0","154981","3","2","4","07","17","6","","0","0","1","0","0"
"POINT (9.951028349000069 53.551895725000065)","Unfall 154982 (2024) Kat:3, Licht: 0","154982","3","2","6","07","19","6","","0","0","1","1","0"
"POINT (9.941798512000048 53.551869540000041)","Unfall 154983 (2024) Kat:3, Licht: 0","154983","3","4","6","07","15","6","","0","1","0","1","0"
"POINT (9.945314028000041 53.551630949000071)","Unfall 154984 (2024) Kat:3, Licht: 0","154984","3","7","0","07","18","6","","0","1","0","0","0"
"POINT (9.969539364000070 53.549901873000067)","Unfall 154985 (2024) Kat:3, Licht: 2","154985","3","7","0","07","23","6","","2","1","1","0","0"
"POINT (10.059780347000071 53.610600325000064)","Unfall 154986 (2024) Kat:3, Licht: 0","154986","3","2","5","08","15","5","","0","0","1","0","1"
"POINT (9.990033602000040 53.548436402000050)","Unfall 154987 (2024) Kat:3, Licht: 0","154987","3","6","6","07","12","6","","0","1","0","1","0"
"POINT (10.023319852000043 53.537891994000063)","Unfall 154988 (2024) Kat:3, Licht: 0","154988","3","2","4","07","11","6","","0","0","0","0","1"
"POINT (10.151126878000071 53.412533191000080)","Unfall 154989 (2024) Kat:2, Licht: 2","154989","2","6","4","07","01","5","","2","1","0","0","1"
"POINT (10.233105297000066 53.455434210000078)","Unfall 154990 (2024) Kat:3, Licht: 0","154990","3","4","6","07","18","5","","0","1","0","1","0"
"POINT (10.101213847000054 53.440727846000073)","Unfall 154991 (2024) Kat:2, Licht: 1","154991","2","7","0","07","20","5","","1","1","0","0","0"
"POINT (10.034953293000058 53.551774996000063)","Unfall 154992 (2024) Kat:3, Licht: 0","154992","3","3","5","07","15","5","","0","1","0","0","0"
"POINT (10.126170951000063 53.597690896000074)","Unfall 154993 (2024) Kat:3, Licht: 0","154993","3","3","5","07","18","5","","0","0","1","0","1"
"POINT (10.067539665000027 53.570948017000035)","Unfall 154994 (2024) Kat:3, Licht: 0","154994","3","7","0","07","16","5","","0","1","0","0","0"
"POINT (10.086634108000055 53.660482729000080)","Unfall 154995 (2024) Kat:3, Licht: 0","154995","3","7","0","07","09","5","","0","1","0","0","0"
"POINT (10.021153902000037 53.649046535000082)","Unfall 154996 (2024) Kat:3, Licht: 0","154996","3","2","5","07","08","5","","0","0","1","0","0"
"POINT (10.115768185000036 53.488064587000054)","Unfall 154997 (2024) Kat:3, Licht: 0","154997","3","3","5","08","10","4","","0","0","1","0","0"
"POINT (10.022580947000051 53.611817231000032)","Unfall 154998 (2024) Kat:3, Licht: 0","154998","3","6","4","07","15","5","","0","1","0","0","0"
"POINT (10.041639861000021 53.598838202000081)","Unfall 154999 (2024) Kat:3, Licht: 0","154999","3","6","2","07","14","5","","0","0","1","0","0"
"POINT (9.908394603000033 53.584768336000081)","Unfall 155000 (2024) Kat:2, Licht: 0","155000","2","2","4","07","18","5","","0","0","1","0","1"
"POINT (9.873503550000066 53.590911403000064)","Unfall 155001 (2024) Kat:3, Licht: 0","155001","3","3","5","07","11","5","","0","0","1","0","0"
"POINT (9.898321830000043 53.570038433000036)","Unfall 155002 (2024) Kat:3, Licht: 0","155002","3","5","5","07","17","5","","0","1","1","0","0"
"POINT (9.917837151000072 53.631527660000074)","Unfall 155003 (2024) Kat:3, Licht: 0","155003","3","4","6","07","16","5","","0","0","1","1","0"
"POINT (9.925719789000027 53.550774239000077)","Unfall 155004 (2024) Kat:3, Licht: 0","155004","3","1","0","07","19","5","","0","1","0","0","0"
"POINT (9.988083742000072 53.572673660000078)","Unfall 155005 (2024) Kat:3, Licht: 0","155005","3","6","2","07","18","5","","0","0","1","0","0"
"POINT (9.996656973000029 53.557058298000072)","Unfall 155006 (2024) Kat:3, Licht: 0","155006","3","6","2","07","10","5","","0","0","1","0","0"
"POINT (9.985375348000048 53.552802225000050)","Unfall 155007 (2024) Kat:3, Licht: 0","155007","3","6","2","07","11","5","","0","1","1","0","0"
"POINT (10.042258455000024 53.496414968000067)","Unfall 155008 (2024) Kat:3, Licht: 0","155008","3","6","6","07","09","4","","0","0","1","1","0"
"POINT (10.211086523000063 53.500191246000043)","Unfall 155009 (2024) Kat:3, Licht: 0","155009","3","5","1","09","19","5","","0","0","1","0","0"
"POINT (9.989917358000071 53.505395132000046)","Unfall 155010 (2024) Kat:3, Licht: 0","155010","3","2","3","07","12","4","","0","1","0","0","0"
"POINT (10.103482555000028 53.539482797000062)","Unfall 155011 (2024) Kat:3, Licht: 0","155011","3","6","2","07","20","4","","0","0","1","0","0"
"POINT (10.025884547000032 53.551332571000046)","Unfall 155012 (2024) Kat:3, Licht: 0","155012","3","3","5","07","18","4","","0","0","1","0","0"
"POINT (10.016055954000024 53.548526193000043)","Unfall 155013 (2024) Kat:3, Licht: 0","155013","3","6","3","07","13","4","","0","0","1","0","1"
"POINT (10.045749116000025 53.548249854000062)","Unfall 155014 (2024) Kat:3, Licht: 2","155014","3","3","5","07","00","4","","2","0","1","0","0"
"POINT (10.040172253000037 53.560141354000052)","Unfall 155015 (2024) Kat:3, Licht: 0","155015","3","3","5","07","15","4","","0","1","1","0","0"
"POINT (10.116731630000061 53.706262996000078)","Unfall 155016 (2024) Kat:3, Licht: 0","155016","3","3","5","07","19","4","","0","0","1","0","0"
"POINT (10.180453675000024 53.639530311000044)","Unfall 155017 (2024) Kat:3, Licht: 0","155017","3","1","0","07","15","4","","0","1","0","0","0"
"POINT (10.001062547000060 53.676959811000074)","Unfall 155018 (2024) Kat:3, Licht: 0","155018","3","6","2","07","07","4","","0","0","1","0","0"
"POINT (10.020190780000064 53.657873328000051)","Unfall 155019 (2024) Kat:3, Licht: 0","155019","3","3","5","07","11","4","","0","0","1","0","0"