WKT,Name,OBJECTID,UKATEGORIE,UTYP1,UART,UMONAT,USTUNDE,UWOCHENTAG,STRZUSTAND,ULICHTVERH,ISTRAD,ISTPKW,ISTFUSS,ISTKRAD
"POINT (10.048604837000028 53.572512517000064)","Unfall 155020 (2024) Kat:2, Licht: 0","155020","2","1","1","07","16","4","","0","0","1","0","0"
"POINT (9.904282262000038 53.591876405000050)","Unfall 155021 (2024) Kat:3, Licht: 0","155021","3","6","2","07","16","4","","0","0","1","0","0"
"POINT (9.904642873000057 53.587580123000066)","Unfall 155022 (2024) Kat:3, Licht: 2","155022","3","6","3","07","00","4","","2","0","1","0","0"
"POINT (9.903483765000033 53.587611639000045)","Unfall 155023 (2024) Kat:3, Licht: 0","155023","3","7","0","07","12","4","","0","1","0","0","0"
"POINT (10.000884353000060 53.568421640000054)","Unfall 155024 (2024) Kat:3, Licht: 0","155024","3","7","0","07","09","4","","0","1","0","0","0"
"POINT (9.989299152000058 53.558298607000040)","Unfall 155025 (2024) Kat:3, Licht: 1","155025","3","3","5","07","22","4","","1","0","1","0","0"
"POINT (9.985614737000049 53.545027570000059)","Unfall 155026 (2024) Kat:3, Licht: 0","155026","3","6","4","07","10","4","","0","1","0","0","0"
"POINT (9.983499044000041 53.527240633000076)","Unfall 155027 (2024) Kat:3, Licht: 0","155027","3","5","5","07","09","4","","0","1","1","0","0"
"POINT (9.994602585000052 53.526826270000072)","Unfall 155028 (2024) Kat:3, Licht: 0","155028","3","2","5","07","06","4","","0","1","1","0","0"
"POINT (9.867467466000051 53.533890144000054)","Unfall 155029 (2024) Kat:3, Licht: 0","155029","3","5","1","07","11","3","","0","1","1","0","0"
"POINT (10.135799452000072 53.577116994000050)","Unfall 155030 (2024) Kat:3, Licht: 2","155030","3","7","0","07","00","3","","2","0","0","0","0"
"POINT (10.124700272000041 53.571095186000036)","Unfall 155031 (2024) Kat:3, Licht: 0","155031","3","3","5","07","14","3","","0","0","1","0","0"
"POINT (9.879359112000031 53.521589449000032)","Unfall 155032 (2024) Kat:2, Licht: 0","155032","2","6","4","09","17","4","","0","0","1","0","1"
"POINT (10.078627747000041 53.584670882000069)","Unfall 155033 (2024) Kat:3, Licht: 0","155033","3","2","3","07","18","3","","0","1","0","0","0"
"POINT (10.010404343000062 53.648619487000076)","Unfall 155034 (2024) Kat:3, Licht: 0","155034","3","3","5","07","10","3","","0","0","1","0","0"
"POINT (10.009292231000074 53.581393737000042)","Unfall 155035 (2024) Kat:3, Licht: 0","155035","3","2","4","07","08","3","","0","1","0","0","0"
"POINT (10.008139570000026 53.611377644000072)","Unfall 155036 (2024) Kat:3, Licht: 0","155036","3","7","0","07","07","3","","0","1","0","0","0"
"POINT (9.948859729000048 53.576677356000062)","Unfall 155037 (2024) Kat:2, Licht: 0","155037","2","2","5","07","20","3","","0","1","1","0","0"
"POINT (9.981454025000062 53.583057329000042)","Unfall 155038 (2024) Kat:3, Licht: 0","155038","3","4","6","07","11","3","","0","1","0","1","0"
"POINT (9.928255034000074 53.556343664000053)","Unfall 155039 (2024) Kat:3, Licht: 0","155039","3","7","0","07","05","3","","0","1","0","0","0"
"POINT (9.961850157000072 53.564213689000042)","Unfall 155040 (2024) Kat:3, Licht: 1","155040","3","7","0","07","19","3","","1","1","0","0","0"
"POINT (10.004091222000056 53.554134989000033)","Unfall 155041 (2024) Kat:3, Licht: 0","155041","3","2","3","07","12","3","","0","1","0","0","0"
"POINT (10.193497520000051 53.492402279000032)","Unfall 155042 (2024) Kat:3, Licht: 0","155042","3","7","5","07","12","2","","0","0","1","0","0"
"POINT (10.081699736000076 53.555707687000051)","Unfall 155043 (2024) Kat:3, Licht: 0","155043","3","6","6","07","14","2","","0","0","0","1","0"
"POINT (9.989513883000029 53.563640431000067)","Unfall 155044 (2024) Kat:3, Licht: 0","155044","3","6","2","09","11","5","","0","0","1","0","0"
"POINT (10.028129841000066 53.552239925000038)","Unfall 155045 (2024) Kat:3, Licht: 0","155045","3","3","5","07","17","2","","0","1","1","0","0"
"POINT (10.126426677000040 53.662900840000077)","Unfall 155046 (2024) Kat:3, Licht: 0","155046","3","3","5","07","19","2","","0","1","1","0","0"
"POINT (10.010550855000076 53.644385905000036)","Unfall 155047 (2024) Kat:3, Licht: 0","155047","3","6","4","07","18","2","","0","0","1","0","1"
"POINT (10.030253524000045 53.619302917000027)","Unfall 155048 (2024) Kat:3, Licht: 0","155048","3","3","5","07","15","2","","0","0","1","0","1"
"POINT (10.038929145000054 53.572102497000060)","Unfall 155049 (2024) Kat:3, Licht: 0","155049","3","3","5","07","13","4","","0","1","0","0","0"
"POINT (9.903652672000021 53.608769290000055)","Unfall 155050 (2024) Kat:3, Licht: 0","155050","3","6","2","07","17","2","","0","0","1","0","0"
"POINT (9.971953886000051 53.581966335000061)","Unfall 155051 (2024) Kat:3, Licht: 1","155051","3","2","3","07","21","2","","1","0","1","0","1"
"POINT (9.974168877000068 53.569172898000033)","Unfall 155052 (2024) Kat:3, Licht: 0","155052","3","2","1","07","20","2","","0","1","1","0","0"
"POINT (9.923425182000074 53.550899260000051)","Unfall 155053 (2024) Kat:3, Licht: 0","155053","3","6","2","07","16","6","","0","0","1","0","0"
"POINT (10.006334481000067 53.550359655000079)","Unfall 155054 (2024) Kat:3, Licht: 0","155054","3","7","0","07","16","2","","0","0","0","0","0"
"POINT (9.970454097000072 53.546782724000082)","Unfall 155055 (2024) Kat:1, Licht: 0","155055","1","1","1","07","19","2","","0","0","0","0","1"
"POINT (10.129753140000048 53.564827876000038)","Unfall 155056 (2024) Kat:3, Licht: 0","155056","3","5","5","07","17","1","","0","1","1","0","0"
"POINT (10.085810278000054 53.519581662000064)","Unfall 155057 (2024) Kat:3, Licht: 0","155057","3","1","0","07","14","1","","0","1","0","0","0"
"POINT (10.088621703000058 53.568819030000043)","Unfall 155058 (2024) Kat:3, Licht: 0","155058","3","2","4","07","11","1","","0","0","0","0","0"
"POINT (10.067323851000026 53.607548623000071)","Unfall 155059 (2024) Kat:1, Licht: 0","155059","1","6","3","07","13","1","","0","1","0","0","0"
"POINT (10.015557731000058 53.562689193000040)","Unfall 155060 (2024) Kat:3, Licht: 2","155060","3","3","5","07","23","1","","2","0","1","0","0"
"POINT (9.963729986000033 53.546680170000059)","Unfall 155061 (2024) Kat:3, Licht: 2","155061","3","7","0","07","00","1","","2","0","0","0","0"
"POINT (9.997597602000042 53.556797162000066)","Unfall 155062 (2024) Kat:3, Licht: 0","155062","3","6","2","07","18","1","","0","0","1","0","0"
"POINT (10.006997907000027 53.550273636000043)","Unfall 155063 (2024) Kat:3, Licht: 0","155063","3","6","3","07","15","1","","0","0","1","0","1"
"POINT (10.161297675000071 53.406522117000065)","Unfall 155064 (2024) Kat:2, Licht: 0","155064","2","7","0","07","11","7","","0","1","0","0","0"
"POINT (10.150132046000067 53.413813990000051)","Unfall 155065 (2024) Kat:3, Licht: 0","155065","3","5","1","07","09","7","","0","1","1","0","0"
"POINT (10.041939661000072 53.535530542000060)","Unfall 155066 (2024) Kat:3, Licht: 0","155066","3","4","6","07","19","7","","0","0","1","1","1"
"POINT (10.098198991000061 53.603122071000030)","Unfall 155067 (2024) Kat:3, Licht: 0","155067","3","1","7","07","12","7","","0","1","0","0","0"
"POINT (10.017251760000022 53.640525408000030)","Unfall 155068 (2024) Kat:3, Licht: 0","155068","3","6","6","07","19","7","","0","1","0","1","0"
"POINT (10.012189575000036 53.618556635000061)","Unfall 155069 (2024) Kat:3, Licht: 0","155069","3","5","1","07","16","7","","0","1","1","0","0"
"POINT (10.031477791000043 53.598720964000051)","Unfall 155070 (2024) Kat:3, Licht: 0","155070","3","6","2","07","14","7","","0","0","1","0","0"
"POINT (10.010261538000066 53.582952355000032)","Unfall 155071 (2024) Kat:3, Licht: 0","155071","3","7","1","07","10","7","","0","1","1","0","0"
"POINT (10.034257710000077 53.590974665000033)","Unfall 155072 (2024) Kat:3, Licht: 0","155072","3","2","3","07","13","7","","0","0","1","0","0"
"POINT (10.054538763000039 53.590578168000036)","Unfall 155073 (2024) Kat:3, Licht: 0","155073","3","5","5","07","19","7","","0","0","1","0","0"
"POINT (9.948987824000028 53.599253005000037)","Unfall 155074 (2024) Kat:2, Licht: 0","155074","2","4","6","07","14","7","","0","1","0","1","0"
"POINT (9.938663484000074 53.553506785000081)","Unfall 155075 (2024) Kat:3, Licht: 0","155075","3","3","0","07","12","7","","0","1","0","0","0"
"POINT (9.933438881000029 53.545722830000045)","Unfall 155076 (2024) Kat:3, Licht: 0","155076","3","7","0","07","10","7","","0","1","0","0","0"
"POINT (9.986578296000062 53.572635726000044)","Unfall 155077 (2024) Kat:3, Licht: 0","155077","3","5","1","07","17","7","","0","1","1","0","0"
"POINT (9.961318039000048 53.550260315000060)","Unfall 155078 (2024) Kat:3, Licht: 0","155078","3","5","1","07","10","7","","0","0","1","0","0"
"POINT (10.005119968000031 53.553170872000067)","Unfall 155079 (2024) Kat:3, Licht: 0","155079","3","7","0","07","13","7","","0","1","0","0","0"
"POINT (10.005678038000042 53.557415201000026)","Unfall 155080 (2024) Kat:3, Licht: 0","155080","3","7","0","07","11","7","","0","1","0","0","0"
"POINT (9.975342011000066 53.454097502000081)","Unfall 155081 (2024) Kat:3, Licht: 0","155081","3","7","0","07","19","6","","0","1","0","0","0"
"POINT (10.148242674000073 53.420106067000063)","Unfall 155082 (2024) Kat:3, Licht: 0","155082","3","3","5","07","11","6","","0","0","1","0","0"
"POINT (10.203648824000027 53.461107992000052)","Unfall 155083 (2024) Kat:2, Licht: 0","155083","2","6","3","07","18","6","","0","1","0","0","0"
"POINT (10.132593317000044 53.562665473000038)","Unfall 155084 (2024) Kat:3, Licht: 0","155084","3","4","6","07","12","6","","0","1","0","1","0"
"POINT (10.119671042000050 53.562196497000059)","Unfall 155085 (2024) Kat:1, Licht: 2","155085","1","4","6","07","22","6","","2","0","1","1","0"
"POINT (10.058544724000058 53.563663693000080)","Unfall 155086 (2024) Kat:3, Licht: 0","155086","3","3","5","07","16","6","","0","0","1","0","0"
"POINT (10.154557405000048 53.602872529000081)","Unfall 155087 (2024) Kat:3, Licht: 0","155087","3","7","0","07","19","6","","0","1","0","0","0"
"POINT (10.033836188000066 53.619780203000062)","Unfall 155088 (2024) Kat:3, Licht: 0","155088","3","6","2","07","09","6","","0","0","1","0","0"
"POINT (10.008802613000057 53.581265991000066)","Unfall 155089 (2024) Kat:3, Licht: 0","155089","3","7","1","07","19","6","","0","1","1","0","0"
"POINT (10.049364546000049 53.574218971000050)","Unfall 155090 (2024) Kat:3, Licht: 0","155090","3","2","5","07","19","6","","0","1","0","0","0"
"POINT (10.047700982000038 53.573209291000069)","Unfall 155091 (2024) Kat:3, Licht: 0","155091","3","3","5","07","17","6","","0","1","0","0","0"
"POINT (10.054182853000043 53.583917091000046)","Unfall 155092 (2024) Kat:3, Licht: 0","155092","3","4","6","07","16","6","","0","0","0","1","0"
"POINT (9.764283023000075 53.580418994000070)","Unfall 155093 (2024) Kat:3, Licht: 0","155093","3","7","0","07","15","6","","0","0","0","0","1"
"POINT (9.744383699000025 53.596427418000076)","Unfall 155094 (2024) Kat:3, Licht: 0","155094","3","7","0","07","13","6","","0","1","0","0","0"
"POINT (9.914341549000028 53.632207185000027)","Unfall 155095 (2024) Kat:3, Licht: 0","155095","3","7","0","07","18","6","","0","0","0","0","0"
"POINT (9.952437156000030 53.635404865000055)","Unfall 155096 (2024) Kat:3, Licht: 0","155096","3","7","0","07","13","6","","0","1","0","0","0"
"POINT (9.987500146000059 53.582159592000039)","Unfall 155097 (2024) Kat:2, Licht: 2","155097","2","5","1","07","23","6","","2","0","0","0","0"
"POINT (9.979558937000036 53.527706303000059)","Unfall 155098 (2024) Kat:3, Licht: 0","155098","3","3","0","07","10","6","","0","0","0","0","1"
"POINT (10.201503111000022 53.499474156000076)","Unfall 155099 (2024) Kat:3, Licht: 0","155099","3","3","5","07","10","5","","0","0","1","0","1"
"POINT (10.208296400000052 53.494543291000070)","Unfall 155100 (2024) Kat:3, Licht: 0","155100","3","7","0","07","18","2","","0","0","0","0","0"
"POINT (10.161716351000052 53.604894978000061)","Unfall 155101 (2024) Kat:3, Licht: 0","155101","3","6","3","07","09","5","","0","1","0","0","0"
"POINT (10.073614445000032 53.608856757000069)","Unfall 155102 (2024) Kat:3, Licht: 2","155102","3","2","4","07","22","5","","2","1","1","0","0"
"POINT (10.084873363000042 53.669325380000032)","Unfall 155103 (2024) Kat:3, Licht: 0","155103","3","3","5","07","21","5","","0","1","1","0","0"
"POINT (10.084884429000056 53.669316936000030)","Unfall 155104 (2024) Kat:3, Licht: 1","155104","3","3","5","07","20","5","","1","0","1","1","0"
"POINT (10.006458983000073 53.627767088000041)","Unfall 155105 (2024) Kat:3, Licht: 0","155105","3","2","2","07","12","5","","0","0","1","0","1"
"POINT (10.035198372000025 53.640210890000048)","Unfall 155106 (2024) Kat:3, Licht: 0","155106","3","7","3","07","07","5","","0","1","1","0","0"
"POINT (10.033647652000070 53.576654609000059)","Unfall 155107 (2024) Kat:3, Licht: 0","155107","3","6","9","07","16","5","","0","0","1","0","0"
"POINT (9.916052279000041 53.600354141000082)","Unfall 155108 (2024) Kat:3, Licht: 0","155108","3","2","5","07","07","5","","0","0","1","0","1"
"POINT (9.790779183000041 53.569277400000033)","Unfall 155109 (2024) Kat:3, Licht: 0","155109","3","6","3","07","19","5","","0","1","1","0","0"
"POINT (9.874842511000054 53.586600153000063)","Unfall 155110 (2024) Kat:3, Licht: 0","155110","3","5","5","07","17","5","","0","1","1","0","0"
"POINT (9.926176115000032 53.560592023000027)","Unfall 155111 (2024) Kat:3, Licht: 0","155111","3","7","3","07","13","5","","0","0","1","0","1"
"POINT (9.974118909000026 53.578579335000029)","Unfall 155112 (2024) Kat:3, Licht: 0","155112","3","6","4","07","13","5","","0","1","0","0","0"
"POINT (10.005579387000068 53.547555371000044)","Unfall 155113 (2024) Kat:3, Licht: 0","155113","3","7","0","07","18","5","","0","1","0","0","0"
"POINT (10.016516526000032 53.552829109000072)","Unfall 155114 (2024) Kat:3, Licht: 0","155114","3","7","6","07","17","5","","0","1","0","1","0"
"POINT (10.016585771000052 53.555489863000048)","Unfall 155115 (2024) Kat:3, Licht: 0","155115","3","4","6","07","13","5","","0","0","1","1","0"
"POINT (9.988665754000067 53.465873257000055)","Unfall 155116 (2024) Kat:3, Licht: 0","155116","3","7","7","07","08","5","","0","1","0","0","0"
"POINT (9.969569278000051 53.530419607000056)","Unfall 155117 (2024) Kat:3, Licht: 0","155117","3","7","0","07","20","5","","0","0","1","0","1"
"POINT (10.007942663000051 53.516081893000035)","Unfall 155118 (2024) Kat:3, Licht: 0","155118","3","6","2","07","19","4","","0","0","1","0","0"
"POINT (10.009341376000066 53.520927591000031)","Unfall 155119 (2024) Kat:3, Licht: 0","155119","3","6","2","07","16","4","","0","0","1","0","1"
"POINT (10.206329360000041 53.488937678000070)","Unfall 155120 (2024) Kat:3, Licht: 0","155120","3","7","3","07","12","4","","0","0","1","0","0"
"POINT (10.210141029000056 53.486160661000042)","Unfall 155121 (2024) Kat:3, Licht: 0","155121","3","7","0","07","11","4","","0","1","0","0","0"
"POINT (10.069507315000067 53.559563287000060)","Unfall 155122 (2024) Kat:3, Licht: 0","155122","3","6","2","07","11","4","","0","0","1","0","0"
"POINT (10.092878357000075 53.546635620000075)","Unfall 155123 (2024) Kat:3, Licht: 0","155123","3","3","5","07","08","4","","0","0","1","0","0"
"POINT (10.103948860000060 53.574707694000040)","Unfall 155124 (2024) Kat:3, Licht: 0","155124","3","6","3","07","18","4","","0","1","0","0","0"
"POINT (10.038690512000073 53.568701582000074)","Unfall 155125 (2024) Kat:3, Licht: 0","155125","3","2","4","09","15","4","","0","0","1","0","0"
"POINT (9.926611285000035 53.546447802000046)","Unfall 155126 (2024) Kat:3, Licht: 2","155126","3","7","0","08","00","4","","2","0","0","0","0"
"POINT (10.123862257000042 53.616852620000031)","Unfall 155127 (2024) Kat:3, Licht: 0","155127","3","5","5","07","15","4","","0","1","1","0","0"
"POINT (10.100399789000051 53.625784501000055)","Unfall 155128 (2024) Kat:2, Licht: 0","155128","2","5","1","07","08","4","","0","1","1","0","0"
"POINT (10.001597428000025 53.586367149000068)","Unfall 155129 (2024) Kat:2, Licht: 2","155129","2","7","0","07","01","4","","2","0","0","0","0"
"POINT (10.025981536000074 53.649920305000080)","Unfall 155130 (2024) Kat:3, Licht: 0","155130","3","1","4","08","11","3","","0","0","1","0","0"
"POINT (10.014822127000059 53.585486578000030)","Unfall 155131 (2024) Kat:3, Licht: 0","155131","3","3","5","07","16","4","","0","1","1","0","0"
"POINT (10.045937618000039 53.588133915000071)","Unfall 155132 (2024) Kat:3, Licht: 0","155132","3","6","3","07","11","4","","0","0","1","0","1"
"POINT (9.845932118000064 53.571013244000028)","Unfall 155133 (2024) Kat:3, Licht: 0","155133","3","6","4","07","17","4","","0","0","1","0","0"
"POINT (9.962438017000068 53.573576152000044)","Unfall 155134 (2024) Kat:3, Licht: 0","155134","3","4","6","07","19","4","","0","1","0","1","0"
"POINT (9.858141613000043 53.582361510000055)","Unfall 155135 (2024) Kat:3, Licht: 0","155135","3","3","5","09","15","2","","0","1","0","0","0"
"POINT (9.964415589000055 53.577002505000053)","Unfall 155136 (2024) Kat:3, Licht: 0","155136","3","7","2","07","18","4","","0","1","0","0","0"
"POINT (9.952848717000052 53.546408870000050)","Unfall 155137 (2024) Kat:3, Licht: 1","155137","3","7","0","07","07","4","","1","1","0","0","0"
"POINT (9.983582754000054 53.555654695000044)","Unfall 155138 (2024) Kat:3, Licht: 0","155138","3","5","3","07","15","4","","0","1","1","0","0"
"POINT (9.989639059000069 53.544710227000053)","Unfall 155139 (2024) Kat:3, Licht: 0","155139","3","2","3","07","15","4","","0","1","1","0","0"
"POINT (10.004240226000036 53.551586570000040)","Unfall 155140 (2024) Kat:3, Licht: 0","155140","3","6","6","07","11","4","","0","0","0","1","0"
"POINT (10.108271510000066 53.550749014000075)","Unfall 155141 (2024) Kat:3, Licht: 0","155141","3","5","1","09","13","1","","0","0","1","0","0"
"POINT (9.982639345000052 53.544226729000059)","Unfall 155142 (2024) Kat:3, Licht: 0","155142","3","3","5","07","17","4","","0","1","1","0","0"
"POINT (9.970545925000067 53.517430540000078)","Unfall 155143 (2024) Kat:3, Licht: 0","155143","3","5","1","07","06","4","","0","1","0","0","0"
"POINT (9.880372634000025 53.515533892000064)","Unfall 155144 (2024) Kat:3, Licht: 1","155144","3","6","4","07","05","3","","1","0","1","0","0"
"POINT (10.084445663000054 53.554543992000049)","Unfall 155145 (2024) Kat:3, Licht: 0","155145","3","2","3","07","12","3","","0","1","0","0","0"
"POINT (10.055497008000032 53.538721327000076)","Unfall 155146 (2024) Kat:3, Licht: 0","155146","3","7","0","07","18","3","","0","1","0","0","0"
"POINT (10.103626185000053 53.575183852000066)","Unfall 155147 (2024) Kat:3, Licht: 0","155147","3","3","5","07","11","3","","0","1","0","0","0"
"POINT (10.072513259000061 53.569983203000049)","Unfall 155148 (2024) Kat:3, Licht: 0","155148","3","7","0","07","19","3","","0","1","0","0","0"
"POINT (10.160418566000033 53.655950131000054)","Unfall 155149 (2024) Kat:3, Licht: 1","155149","3","2","5","07","05","3","","1","0","1","0","0"
"POINT (10.155711811000060 53.661231226000041)","Unfall 155150 (2024) Kat:3, Licht: 0","155150","3","7","4","07","18","3","","0","1","1","0","0"
"POINT (10.088455707000037 53.663285059000032)","Unfall 155151 (2024) Kat:3, Licht: 0","155151","3","7","0","07","13","3","","0","1","0","0","0"
"POINT (10.012255593000077 53.625555127000041)","Unfall 155152 (2024) Kat:2, Licht: 0","155152","2","5","1","07","07","3","","0","0","1","0","0"
"POINT (10.021470940000029 53.600316054000075)","Unfall 155153 (2024) Kat:3, Licht: 0","155153","3","6","2","07","14","3","","0","0","1","0","0"
"POINT (10.031349086000034 53.597939864000068)","Unfall 155154 (2024) Kat:3, Licht: 0","155154","3","6","2","07","08","3","","0","0","1","0","0"
"POINT (10.011157257000036 53.588902850000068)","Unfall 155155 (2024) Kat:3, Licht: 0","155155","3","3","0","07","10","3","","0","0","1","0","1"
"POINT (10.044936037000070 53.583768722000059)","Unfall 155156 (2024) Kat:3, Licht: 0","155156","3","7","0","07","09","3","","0","1","0","0","0"
"POINT (9.956228275000058 53.635079867000059)","Unfall 155157 (2024) Kat:3, Licht: 2","155157","3","7","0","07","02","3","","2","0","0","0","0"
"POINT (9.977694752000048 53.527290649000065)","Unfall 155158 (2024) Kat:3, Licht: 0","155158","3","7","0","08","09","4","","0","1","0","0","0"
"POINT (9.856176498000025 53.473333762000038)","Unfall 155159 (2024) Kat:3, Licht: 0","155159","3","7","6","07","10","2","","0","1","0","1","0"
"POINT (9.984148416000039 53.433003137000071)","Unfall 155160 (2024) Kat:3, Licht: 2","155160","3","7","0","07","22","2","","2","1","0","0","0"
"POINT (9.986744471000065 53.510998707000056)","Unfall 155161 (2024) Kat:2, Licht: 0","155161","2","7","0","07","18","2","","0","0","0","0","0"
"POINT (10.088836202000039 53.561619208000081)","Unfall 155162 (2024) Kat:3, Licht: 0","155162","3","5","1","07","12","2","","0","1","1","0","0"
"POINT (10.052136300000029 53.562253974000043)","Unfall 155163 (2024) Kat:3, Licht: 0","155163","3","3","5","07","15","2","","0","1","0","0","0"
"POINT (10.033200386000033 53.554532699000049)","Unfall 155164 (2024) Kat:3, Licht: 2","155164","3","3","5","07","00","2","","2","0","1","0","0"
"POINT (10.123392683000077 53.585625966000066)","Unfall 155165 (2024) Kat:3, Licht: 0","155165","3","2","3","07","10","2","","0","1","0","0","0"
"POINT (9.996230217000061 53.591960926000070)","Unfall 155166 (2024) Kat:3, Licht: 0","155166","3","5","3","07","15","4","","0","1","1","0","0"
"POINT (10.070124546000045 53.575978243000066)","Unfall 155167 (2024) Kat:3, Licht: 0","155167","3","3","5","07","07","2","","0","1","0","0","0"
"POINT (10.071209397000075 53.605738164000059)","Unfall 155168 (2024) Kat:3, Licht: 0","155168","3","7","0","07","14","2","","0","1","0","0","0"
"POINT (10.085281587000054 53.615043732000061)","Unfall 155169 (2024) Kat:3, Licht: 0","155169","3","7","0","07","15","2","","0","1","0","0","0"
"POINT (10.007056291000026 53.580808000000047)","Unfall 155170 (2024) Kat:3, Licht: 0","155170","3","5","1","07","11","2","","0","1","1","0","0"
"POINT (10.046769459000075 53.573025679000068)","Unfall 155171 (2024) Kat:3, Licht: 0","155171","3","4","6","07","20","2","","0","1","0","1","0"
"POINT (10.030929068000034 53.559506766000027)","Unfall 155172 (2024) Kat:3, Licht: 0","155172","3","5","5","07","07","2","","0","1","1","0","0"
"POINT (10.040522828000064 53.579731090000053)","Unfall 155173 (2024) Kat:3, Licht: 0","155173","3","6","2","07","11","2","","0","0","1","0","1"
"POINT (9.841520182000068 53.576119920000053)","Unfall 155174 (2024) Kat:3, Licht: 0","155174","3","6","2","07","14","2","","0","0","1","0","1"
"POINT (9.851769782000076 53.587944592000042)","Unfall 155175 (2024) Kat:2, Licht: 1","155175","2","4","6","07","21","2","","1","0","1","1","0"
"POINT (9.930620559000033 53.629143072000033)","Unfall 155176 (2024) Kat:2, Licht: 0","155176","2","6","3","07","10","2","","0","1","0","0","0"
"POINT (9.957919264000054 53.578003750000050)","Unfall 155177 (2024) Kat:3, Licht: 0","155177","3","4","6","07","18","2","","0","1","0","1","0"
"POINT (9.972191169000041 53.587500027000033)","Unfall 155178 (2024) Kat:3, Licht: 0","155178","3","4","6","07","12","2","","0","0","1","1","0"
"POINT (9.958534392000047 53.572327888000075)","Unfall 155179 (2024) Kat:3, Licht: 1","155179","3","5","1","07","21","2","","1","1","1","0","0"
"POINT (9.992596756000069 53.593412676000071)","Unfall 155180 (2024) Kat:3, Licht: 0","155180","3","7","0","09","19","7","","0","1","0","0","0"
"POINT (9.987169910000034 53.572651698000072)","Unfall 155181 (2024) Kat:3, Licht: 0","155181","3","6","2","07","11","2","","0","0","1","0","0"
"POINT (9.962809946000050 53.549507166000069)","Unfall 155182 (2024) Kat:3, Licht: 2","155182","3","6","3","07","03","2","","2","0","1","0","0"
"POINT (9.991131042000063 53.554842506000057)","Unfall 155183 (2024) Kat:3, Licht: 0","155183","3","4","6","07","14","2","","0","1","0","1","0"
"POINT (10.019231834000038 53.552985714000044)","Unfall 155184 (2024) Kat:3, Licht: 0","155184","3","7","0","07","14","2","","0","1","0","0","0"
"POINT (10.207215399000063 53.489285467000059)","Unfall 155185 (2024) Kat:3, Licht: 0","155185","3","6","3","07","17","2","","0","1","1","0","0"
"POINT (10.014609874000030 53.576037859000053)","Unfall 155186 (2024) Kat:3, Licht: 0","155186","3","7","0","07","08","4","","0","1","0","0","0"
"POINT (9.865774215000044 53.526984806000030)","Unfall 155187 (2024) Kat:3, Licht: 2","155187","3","1","0","07","00","1","","2","1","0","0","0"
"POINT (9.868523447000030 53.476243573000033)","Unfall 155188 (2024) Kat:3, Licht: 0","155188","3","2","2","07","17","1","","0","0","1","0","0"
"POINT (10.000592483000048 53.515037172000063)","Unfall 155189 (2024) Kat:3, Licht: 0","155189","3","3","5","07","16","1","","0","0","1","0","0"
"POINT (9.976099009000052 53.509171869000056)","Unfall 155190 (2024) Kat:3, Licht: 0","155190","3","7","8","07","13","1","","0","0","0","0","1"
"POINT (10.119794333000073 53.606370576000074)","Unfall 155191 (2024) Kat:2, Licht: 0","155191","2","2","5","07","09","1","","0","0","1","0","1"
"POINT (9.969372639000028 53.576447069000039)","Unfall 155192 (2024) Kat:2, Licht: 0","155192","2","3","6","09","13","1","","0","0","0","1","0"
"POINT (10.077116066000031 53.579405743000052)","Unfall 155193 (2024) Kat:3, Licht: 0","155193","3","4","6","07","12","1","","0","0","0","1","0"
"POINT (9.997041358000047 53.621216395000033)","Unfall 155194 (2024) Kat:3, Licht: 0","155194","3","5","1","08","09","4","","0","0","1","0","0"
"POINT (10.073432340000068 53.595167445000072)","Unfall 155195 (2024) Kat:3, Licht: 0","155195","3","5","1","07","16","1","","0","0","1","0","0"
"POINT (10.086072051000031 53.656619491000072)","Unfall 155196 (2024) Kat:3, Licht: 0","155196","3","6","2","07","14","1","","0","0","1","0","0"
"POINT (10.048631371000056 53.580602651000049)","Unfall 155197 (2024) Kat:3, Licht: 0","155197","3","1","0","07","10","1","","0","0","0","0","1"
"POINT (9.883569340000065 53.601048415000037)","Unfall 155198 (2024) Kat:3, Licht: 0","155198","3","4","6","07","14","1","","0","0","1","1","0"
"POINT (9.968578095000055 53.577116119000038)","Unfall 155199 (2024) Kat:3, Licht: 0","155199","3","4","6","07","14","1","","0","0","1","1","0"
"POINT (9.988602236000077 53.548335688000066)","Unfall 155200 (2024) Kat:3, Licht: 2","155200","3","2","6","07","00","1","","2","0","0","1","0"
"POINT (10.011610528000062 53.557668217000071)","Unfall 155201 (2024) Kat:3, Licht: 0","155201","3","7","1","07","18","1","","0","1","0","1","0"
"POINT (10.028532954000070 53.519847541000047)","Unfall 155202 (2024) Kat:2, Licht: 2","155202","2","7","0","07","22","7","","2","0","0","0","0"
"POINT (10.059116748000065 53.593608667000069)","Unfall 155203 (2024) Kat:3, Licht: 0","155203","3","6","2","08","08","3","","0","1","0","0","0"
"POINT (10.066293012000074 53.535126560000037)","Unfall 155204 (2024) Kat:3, Licht: 0","155204","3","7","0","07","10","7","","0","1","0","0","0"
"POINT (10.153661000000056 53.604891739000038)","Unfall 155205 (2024) Kat:3, Licht: 2","155205","3","7","0","07","23","7","","2","0","0","0","0"