WKT,Name,OBJECTID,UKATEGORIE,UTYP1,UART,UMONAT,USTUNDE,UWOCHENTAG,STRZUSTAND,ULICHTVERH,ISTRAD,ISTPKW,ISTFUSS,ISTKRAD
"POINT (10.107616656000062 53.591452303000040)","Unfall 155206 (2024) Kat:3, Licht: 0","155206","3","1","0","07","17","7","","0","0","0","0","0"
"POINT (10.084830281000052 53.586145787000078)","Unfall 155207 (2024) Kat:3, Licht: 0","155207","3","6","2","07","18","7","","0","0","1","0","0"
"POINT (10.030677553000032 53.679788007000070)","Unfall 155208 (2024) Kat:3, Licht: 2","155208","3","7","5","07","22","7","","2","0","1","0","0"
"POINT (10.016112050000061 53.648620142000027)","Unfall 155209 (2024) Kat:3, Licht: 0","155209","3","7","1","07","09","7","","0","0","1","0","0"
"POINT (10.004068843000027 53.580598060000057)","Unfall 155210 (2024) Kat:3, Licht: 0","155210","3","7","0","07","12","7","","0","1","0","0","0"
"POINT (10.046508151000069 53.586527369000066)","Unfall 155211 (2024) Kat:3, Licht: 0","155211","3","5","1","07","19","7","","0","1","1","0","0"
"POINT (10.053050386000052 53.592747436000082)","Unfall 155212 (2024) Kat:3, Licht: 0","155212","3","6","3","07","10","7","","0","0","1","0","0"
"POINT (10.035615642000039 53.575042121000081)","Unfall 155213 (2024) Kat:3, Licht: 0","155213","3","2","4","07","18","7","","0","0","1","0","0"
"POINT (9.907639728000049 53.606385035000073)","Unfall 155214 (2024) Kat:3, Licht: 0","155214","3","6","4","07","18","7","","0","1","0","0","0"
"POINT (9.833899539000072 53.578148265000038)","Unfall 155215 (2024) Kat:3, Licht: 0","155215","3","7","0","07","21","7","","0","1","0","0","0"
"POINT (9.937508024000067 53.552608639000027)","Unfall 155216 (2024) Kat:3, Licht: 2","155216","3","7","0","07","22","7","","2","1","0","0","0"
"POINT (9.989160319000064 53.572653848000073)","Unfall 155217 (2024) Kat:3, Licht: 1","155217","3","6","2","07","19","7","","1","0","1","0","0"
"POINT (10.085163417000047 53.657989891000057)","Unfall 155218 (2024) Kat:3, Licht: 0","155218","3","7","1","08","17","3","","0","0","1","0","0"
"POINT (9.956493400000056 53.562021660000028)","Unfall 155219 (2024) Kat:3, Licht: 0","155219","3","2","5","07","10","7","","0","1","1","0","0"
"POINT (9.994975883000052 53.547195985000030)","Unfall 155220 (2024) Kat:3, Licht: 0","155220","3","3","5","07","08","7","","0","0","0","0","0"
"POINT (10.017745998000066 53.552897097000027)","Unfall 155221 (2024) Kat:3, Licht: 0","155221","3","7","0","07","11","7","","0","0","0","0","0"
"POINT (9.874430343000029 53.479215615000044)","Unfall 155222 (2024) Kat:3, Licht: 0","155222","3","4","6","07","14","6","","0","0","0","1","1"
"POINT (9.996865938000042 53.477800760000036)","Unfall 155223 (2024) Kat:3, Licht: 0","155223","3","7","0","07","17","6","","0","0","0","0","1"
"POINT (10.133875098000033 53.446203961000037)","Unfall 155224 (2024) Kat:3, Licht: 0","155224","3","7","0","07","12","6","","0","0","0","1","0"
"POINT (10.100566661000073 53.540072267000028)","Unfall 155225 (2024) Kat:3, Licht: 0","155225","3","6","2","07","16","6","","0","0","1","0","0"
"POINT (10.083638002000043 53.537315588000070)","Unfall 155226 (2024) Kat:3, Licht: 0","155226","3","5","5","07","13","6","","0","1","1","0","0"
"POINT (10.061655311000038 53.559476555000060)","Unfall 155227 (2024) Kat:3, Licht: 0","155227","3","7","0","07","17","6","","0","0","1","0","0"
"POINT (10.169004892000032 53.595205255000053)","Unfall 155228 (2024) Kat:3, Licht: 0","155228","3","7","9","07","06","6","","0","0","1","0","0"
"POINT (9.904280081000024 53.591880941000056)","Unfall 155229 (2024) Kat:3, Licht: 2","155229","3","6","2","09","20","4","","2","0","1","0","0"
"POINT (10.006297411000048 53.633303446000070)","Unfall 155230 (2024) Kat:3, Licht: 2","155230","3","4","6","07","22","6","","2","0","1","1","0"
"POINT (10.057410863000030 53.608335168000053)","Unfall 155231 (2024) Kat:3, Licht: 1","155231","3","6","2","09","20","1","","1","0","1","0","0"
"POINT (10.000548030000061 53.665538627000046)","Unfall 155232 (2024) Kat:3, Licht: 0","155232","3","6","3","07","14","6","","0","0","1","0","1"
"POINT (10.005424114000050 53.648650581000027)","Unfall 155233 (2024) Kat:3, Licht: 0","155233","3","6","2","07","17","6","","0","0","1","0","0"
"POINT (10.040634614000055 53.589490831000035)","Unfall 155234 (2024) Kat:3, Licht: 0","155234","3","7","0","07","17","6","","0","0","0","0","0"
"POINT (10.049259323000058 53.574653730000080)","Unfall 155235 (2024) Kat:3, Licht: 0","155235","3","3","5","07","11","6","","0","1","1","0","0"
"POINT (10.046598066000058 53.586237660000052)","Unfall 155236 (2024) Kat:3, Licht: 0","155236","3","7","0","07","07","6","","0","1","0","0","0"
"POINT (9.905348363000030 53.611518875000058)","Unfall 155237 (2024) Kat:3, Licht: 0","155237","3","7","0","07","16","6","","0","0","0","0","0"
"POINT (9.764887673000032 53.581109624000078)","Unfall 155238 (2024) Kat:3, Licht: 0","155238","3","1","0","07","19","6","","0","1","0","0","0"
"POINT (9.906637279000051 53.545717679000063)","Unfall 155239 (2024) Kat:3, Licht: 0","155239","3","7","0","07","09","6","","0","0","0","0","1"
"POINT (9.956377440000040 53.583012642000028)","Unfall 155240 (2024) Kat:3, Licht: 0","155240","3","3","5","07","07","6","","0","1","1","0","0"
"POINT (9.934228518000054 53.555657139000061)","Unfall 155241 (2024) Kat:3, Licht: 0","155241","3","7","0","07","13","6","","0","1","0","0","0"
"POINT (10.002981598000076 53.550103078000063)","Unfall 155242 (2024) Kat:3, Licht: 0","155242","3","7","0","07","07","6","","0","0","0","0","0"
"POINT (9.780448964000072 53.536781231000077)","Unfall 155243 (2024) Kat:3, Licht: 0","155243","3","6","3","07","08","5","","0","1","1","0","0"
"POINT (9.780423247000044 53.536721306000061)","Unfall 155244 (2024) Kat:3, Licht: 0","155244","3","6","3","07","08","5","","0","1","1","0","0"
"POINT (10.098476704000063 53.518504324000048)","Unfall 155245 (2024) Kat:3, Licht: 0","155245","3","6","2","07","13","5","","0","0","1","0","0"
"POINT (10.069285781000076 53.559512369000061)","Unfall 155246 (2024) Kat:3, Licht: 0","155246","3","3","5","07","15","5","","0","0","1","0","0"
"POINT (10.077522875000057 53.550511906000054)","Unfall 155247 (2024) Kat:3, Licht: 0","155247","3","7","3","07","15","5","","0","0","1","0","1"
"POINT (10.107739195000022 53.564766503000044)","Unfall 155248 (2024) Kat:3, Licht: 0","155248","3","6","6","07","14","5","","0","0","0","1","0"
"POINT (10.076644777000070 53.538584977000028)","Unfall 155249 (2024) Kat:3, Licht: 0","155249","3","5","1","07","09","5","","0","1","1","0","0"
"POINT (10.047247290000030 53.540810099000055)","Unfall 155250 (2024) Kat:3, Licht: 0","155250","3","6","2","07","16","5","","0","0","1","0","0"
"POINT (10.020590631000061 53.550700505000066)","Unfall 155251 (2024) Kat:3, Licht: 1","155251","3","6","3","07","06","5","","1","0","0","0","1"
"POINT (10.114362735000043 53.583121688000062)","Unfall 155252 (2024) Kat:2, Licht: 1","155252","2","1","0","07","22","5","","1","0","0","0","0"
"POINT (10.036958618000028 53.576069135000068)","Unfall 155253 (2024) Kat:3, Licht: 0","155253","3","6","2","08","17","4","","0","0","1","0","1"
"POINT (10.146684215000050 53.633173737000050)","Unfall 155254 (2024) Kat:3, Licht: 0","155254","3","5","5","07","11","5","","0","0","1","0","1"
"POINT (10.117426056000056 53.598983454000063)","Unfall 155255 (2024) Kat:3, Licht: 0","155255","3","5","1","07","17","5","","0","0","1","0","0"
"POINT (10.041596345000073 53.587194226000065)","Unfall 155256 (2024) Kat:3, Licht: 0","155256","3","3","5","08","16","5","","0","1","1","0","0"
"POINT (10.070030640000027 53.577551477000043)","Unfall 155257 (2024) Kat:3, Licht: 0","155257","3","6","2","07","15","5","","0","0","1","0","0"
"POINT (10.044056896000029 53.607850905000078)","Unfall 155258 (2024) Kat:3, Licht: 0","155258","3","1","0","07","09","5","","0","1","0","0","0"
"POINT (10.081776784000056 53.620220741000082)","Unfall 155259 (2024) Kat:3, Licht: 0","155259","3","2","3","07","10","5","","0","0","0","0","0"
"POINT (10.186340830000063 53.650886470000046)","Unfall 155260 (2024) Kat:3, Licht: 0","155260","3","4","6","07","17","5","","0","0","1","1","0"
"POINT (10.012587301000053 53.646117424000067)","Unfall 155261 (2024) Kat:3, Licht: 0","155261","3","3","5","07","12","5","","0","1","0","0","0"
"POINT (10.049932131000048 53.578726335000056)","Unfall 155262 (2024) Kat:3, Licht: 1","155262","3","7","6","07","22","5","","1","0","0","1","0"
"POINT (10.041868388000069 53.588215050000031)","Unfall 155263 (2024) Kat:2, Licht: 0","155263","2","7","0","07","14","5","","0","1","0","0","0"
"POINT (10.151206299000023 53.609150369000076)","Unfall 155264 (2024) Kat:3, Licht: 0","155264","3","6","4","07","14","2","","0","1","0","0","0"
"POINT (10.045788952000066 53.588627306000035)","Unfall 155265 (2024) Kat:3, Licht: 0","155265","3","7","0","07","12","5","","0","1","0","0","0"
"POINT (9.846385756000075 53.563620660000026)","Unfall 155266 (2024) Kat:3, Licht: 0","155266","3","3","5","07","08","5","","0","1","1","0","0"
"POINT (9.875748945000055 53.565263671000082)","Unfall 155267 (2024) Kat:3, Licht: 0","155267","3","7","0","07","17","5","","0","1","0","0","0"
"POINT (10.097075189000066 53.534161971000060)","Unfall 155268 (2024) Kat:3, Licht: 0","155268","3","3","5","08","08","2","","0","0","1","0","0"
"POINT (10.024405821000073 53.565469862000043)","Unfall 155269 (2024) Kat:2, Licht: 0","155269","2","2","3","07","15","2","","0","1","1","0","0"
"POINT (9.969331969000052 53.564280594000081)","Unfall 155270 (2024) Kat:3, Licht: 2","155270","3","7","0","07","23","5","","2","1","0","0","0"
"POINT (10.004091222000056 53.554134989000033)","Unfall 155271 (2024) Kat:3, Licht: 0","155271","3","2","5","07","17","5","","0","1","0","0","0"
"POINT (10.010251033000031 53.550905349000061)","Unfall 155272 (2024) Kat:3, Licht: 0","155272","3","6","2","07","07","5","","0","0","1","0","0"
"POINT (9.897153094000032 53.564613206000047)","Unfall 155273 (2024) Kat:3, Licht: 0","155273","3","7","6","08","14","5","","0","0","1","1","0"
"POINT (9.987514847000057 53.450522238000076)","Unfall 155274 (2024) Kat:3, Licht: 0","155274","3","6","3","07","12","4","","0","0","0","0","1"
"POINT (9.990990347000036 53.481076744000063)","Unfall 155275 (2024) Kat:3, Licht: 0","155275","3","6","3","07","16","4","","0","0","1","0","0"
"POINT (10.099967696000022 53.539575716000058)","Unfall 155276 (2024) Kat:3, Licht: 0","155276","3","6","3","07","16","4","","0","0","1","0","0"
"POINT (10.106886887000030 53.540205075000074)","Unfall 155277 (2024) Kat:3, Licht: 0","155277","3","5","1","07","15","4","","0","0","1","0","0"
"POINT (10.043193042000041 53.558236638000039)","Unfall 155278 (2024) Kat:3, Licht: 0","155278","3","3","5","07","15","4","","0","1","0","0","0"
"POINT (10.139592224000069 53.582154629000058)","Unfall 155279 (2024) Kat:3, Licht: 0","155279","3","3","5","07","15","4","","0","0","1","0","0"
"POINT (10.100697876000027 53.596309311000027)","Unfall 155280 (2024) Kat:3, Licht: 0","155280","3","4","6","07","16","4","","0","0","1","1","0"
"POINT (10.083015247000048 53.576030725000066)","Unfall 155281 (2024) Kat:3, Licht: 0","155281","3","6","2","07","14","4","","0","0","1","0","0"
"POINT (10.073244308000028 53.574160068000026)","Unfall 155282 (2024) Kat:3, Licht: 0","155282","3","2","5","07","15","4","","0","0","1","0","0"
"POINT (10.035125144000062 53.603871149000042)","Unfall 155283 (2024) Kat:3, Licht: 0","155283","3","3","5","07","15","4","","0","1","1","0","0"
"POINT (10.080632617000049 53.618984171000079)","Unfall 155284 (2024) Kat:3, Licht: 0","155284","3","2","4","07","07","4","","0","1","1","0","0"
"POINT (10.025262931000043 53.566809353000053)","Unfall 155285 (2024) Kat:3, Licht: 0","155285","3","6","2","07","13","4","","0","0","1","0","0"
"POINT (10.016027948000044 53.561742096000046)","Unfall 155286 (2024) Kat:3, Licht: 0","155286","3","3","5","07","09","4","","0","1","0","0","0"
"POINT (10.030775001000052 53.580040904000043)","Unfall 155287 (2024) Kat:3, Licht: 0","155287","3","6","2","07","15","4","","0","0","1","0","0"
"POINT (9.922942416000069 53.585136198000043)","Unfall 155288 (2024) Kat:3, Licht: 0","155288","3","7","0","07","10","4","","0","1","0","0","0"
"POINT (9.875105974000064 53.587990856000033)","Unfall 155289 (2024) Kat:3, Licht: 0","155289","3","6","2","07","16","4","","0","0","1","0","0"
"POINT (9.909991724000065 53.632745185000033)","Unfall 155290 (2024) Kat:3, Licht: 0","155290","3","7","0","07","16","4","","0","1","0","0","0"
"POINT (9.998617827000032 53.564301514000078)","Unfall 155291 (2024) Kat:3, Licht: 0","155291","3","5","0","07","20","4","","0","1","1","0","0"
"POINT (10.059108794000053 53.573744754000074)","Unfall 155292 (2024) Kat:3, Licht: 1","155292","3","5","5","07","05","5","","1","1","1","0","0"
"POINT (9.989568476000045 53.563841923000041)","Unfall 155293 (2024) Kat:3, Licht: 0","155293","3","2","4","07","10","4","","0","1","1","0","0"
"POINT (9.957282870000029 53.560056177000035)","Unfall 155294 (2024) Kat:3, Licht: 2","155294","3","7","0","07","23","4","","2","1","0","0","0"
"POINT (10.017936313000064 53.613093556000081)","Unfall 155295 (2024) Kat:3, Licht: 0","155295","3","1","0","07","06","3","","0","1","0","0","0"
"POINT (9.968768063000027 53.567022662000056)","Unfall 155296 (2024) Kat:3, Licht: 0","155296","3","2","3","07","18","4","","0","1","1","0","0"
"POINT (10.004186645000061 53.553847658000052)","Unfall 155297 (2024) Kat:3, Licht: 0","155297","3","6","4","07","17","4","","0","1","0","0","0"
"POINT (9.878849899000045 53.531846876000031)","Unfall 155298 (2024) Kat:3, Licht: 0","155298","3","7","1","07","15","3","","0","0","1","0","0"
"POINT (10.082096286000024 53.608126116000051)","Unfall 155299 (2024) Kat:3, Licht: 0","155299","3","2","3","07","15","3","","0","1","1","0","0"
"POINT (9.883766315000059 53.478260087000081)","Unfall 155300 (2024) Kat:3, Licht: 0","155300","3","3","5","07","06","3","","0","1","1","0","0"
"POINT (10.187090646000058 53.400623209000059)","Unfall 155301 (2024) Kat:3, Licht: 0","155301","3","5","1","07","18","3","","0","1","1","0","0"
"POINT (10.208055561000037 53.495963156000073)","Unfall 155302 (2024) Kat:3, Licht: 0","155302","3","2","2","07","15","3","","0","0","1","0","0"
"POINT (10.088470530000052 53.450851491000037)","Unfall 155303 (2024) Kat:2, Licht: 0","155303","2","7","0","07","15","3","","0","1","0","0","0"
"POINT (10.204351079000048 53.491675312000041)","Unfall 155304 (2024) Kat:1, Licht: 0","155304","1","2","4","07","13","3","","0","1","1","0","0"
"POINT (10.174279759000058 53.467673347000073)","Unfall 155305 (2024) Kat:3, Licht: 0","155305","3","7","0","07","14","3","","0","0","0","0","0"
"POINT (10.088370778000069 53.544272915000079)","Unfall 155306 (2024) Kat:3, Licht: 0","155306","3","7","2","07","18","3","","0","0","1","0","1"
"POINT (10.057717128000036 53.553910062000057)","Unfall 155307 (2024) Kat:3, Licht: 0","155307","3","4","6","07","14","3","","0","0","0","1","1"
"POINT (10.128120684000066 53.601713575000076)","Unfall 155308 (2024) Kat:3, Licht: 1","155308","3","2","3","08","05","4","","1","0","1","0","1"
"POINT (10.113628564000066 53.624802271000078)","Unfall 155309 (2024) Kat:3, Licht: 0","155309","3","3","5","07","17","3","","0","1","1","0","0"
"POINT (10.104441946000065 53.607069473000081)","Unfall 155310 (2024) Kat:3, Licht: 0","155310","3","3","5","07","06","3","","0","0","1","0","1"
"POINT (10.163784054000075 53.621051242000078)","Unfall 155311 (2024) Kat:3, Licht: 0","155311","3","4","6","07","16","3","","0","0","1","1","0"
"POINT (10.147913826000035 53.595335144000046)","Unfall 155312 (2024) Kat:3, Licht: 0","155312","3","7","0","07","09","3","","0","1","0","0","0"
"POINT (10.060032456000044 53.570396559000073)","Unfall 155313 (2024) Kat:3, Licht: 1","155313","3","6","3","07","21","3","","1","0","1","0","0"
"POINT (10.019310627000038 53.538989978000075)","Unfall 155314 (2024) Kat:3, Licht: 0","155314","3","5","5","07","07","5","","0","0","1","0","0"
"POINT (10.062964855000075 53.571001896000041)","Unfall 155315 (2024) Kat:3, Licht: 2","155315","3","6","3","07","22","3","","2","0","1","0","0"
"POINT (10.059989850000022 53.594304492000049)","Unfall 155316 (2024) Kat:3, Licht: 0","155316","3","6","2","07","14","3","","0","0","1","0","0"
"POINT (9.963588766000044 53.559803698000053)","Unfall 155317 (2024) Kat:3, Licht: 0","155317","3","7","0","08","12","4","","0","1","0","0","0"
"POINT (9.817791019000026 53.572582495000063)","Unfall 155318 (2024) Kat:3, Licht: 0","155318","3","1","0","08","16","2","","0","1","0","0","0"
"POINT (10.015727091000031 53.640118334000078)","Unfall 155319 (2024) Kat:3, Licht: 0","155319","3","5","3","07","07","3","","0","0","1","0","0"
"POINT (10.003381734000072 53.648700876000078)","Unfall 155320 (2024) Kat:3, Licht: 0","155320","3","7","0","07","13","3","","0","1","0","0","0"
"POINT (10.013802798000029 53.581660880000072)","Unfall 155321 (2024) Kat:3, Licht: 0","155321","3","6","2","07","19","3","","0","1","0","0","0"
"POINT (9.996109826000065 53.584755005000034)","Unfall 155322 (2024) Kat:2, Licht: 0","155322","2","5","1","07","16","3","","0","1","1","0","0"
"POINT (10.050833561000047 53.582182164000073)","Unfall 155323 (2024) Kat:3, Licht: 0","155323","3","2","3","07","10","3","","0","0","0","0","1"
"POINT (10.038964081000074 53.578280752000069)","Unfall 155324 (2024) Kat:3, Licht: 0","155324","3","7","0","07","18","3","","0","1","0","0","0"
"POINT (9.857770435000077 53.582074135000028)","Unfall 155325 (2024) Kat:3, Licht: 0","155325","3","6","2","07","10","3","","0","0","1","0","0"
"POINT (9.944628009000041 53.544371307000063)","Unfall 155326 (2024) Kat:3, Licht: 1","155326","3","7","0","07","21","3","","1","0","0","0","0"
"POINT (9.949970900000039 53.564023221000070)","Unfall 155327 (2024) Kat:3, Licht: 0","155327","3","2","3","07","17","3","","0","1","1","0","0"
"POINT (9.932553516000041 53.557274416000041)","Unfall 155328 (2024) Kat:3, Licht: 0","155328","3","3","5","07","10","3","","0","0","1","0","0"
"POINT (9.994061536000061 53.579846343000042)","Unfall 155329 (2024) Kat:3, Licht: 0","155329","3","2","6","07","16","3","","0","0","1","1","0"
"POINT (9.988407008000024 53.567537611000034)","Unfall 155330 (2024) Kat:3, Licht: 1","155330","3","7","0","07","22","3","","1","0","0","0","1"
"POINT (9.981610535000073 53.567694500000073)","Unfall 155331 (2024) Kat:3, Licht: 0","155331","3","7","0","07","08","3","","0","1","0","0","0"
"POINT (9.977268311000046 53.578214376000062)","Unfall 155332 (2024) Kat:3, Licht: 0","155332","3","7","0","07","08","3","","0","1","0","0","0"
"POINT (10.062062723000054 53.609685329000058)","Unfall 155333 (2024) Kat:3, Licht: 0","155333","3","5","5","09","14","3","","0","0","1","0","0"
"POINT (9.962413964000064 53.549513781000030)","Unfall 155334 (2024) Kat:3, Licht: 0","155334","3","6","4","07","16","3","","0","1","0","0","1"
"POINT (9.994469083000070 53.550477937000039)","Unfall 155335 (2024) Kat:3, Licht: 0","155335","3","4","6","07","06","3","","0","1","0","1","0"
"POINT (9.891055506000043 53.517461089000051)","Unfall 155336 (2024) Kat:3, Licht: 0","155336","3","6","3","07","16","2","","0","0","1","0","0"
"POINT (10.133358448000024 53.494228116000045)","Unfall 155337 (2024) Kat:2, Licht: 0","155337","2","7","6","07","20","2","","0","0","1","1","0"
"POINT (10.068078877000062 53.553379957000061)","Unfall 155338 (2024) Kat:3, Licht: 0","155338","3","7","9","08","16","4","","0","0","1","0","0"
"POINT (10.119673365000040 53.606193857000051)","Unfall 155339 (2024) Kat:3, Licht: 0","155339","3","2","3","07","17","2","","0","1","1","0","0"
"POINT (10.145218977000070 53.602219184000035)","Unfall 155340 (2024) Kat:2, Licht: 1","155340","2","4","6","07","21","2","","1","0","1","1","0"
"POINT (10.163804033000076 53.621037155000067)","Unfall 155341 (2024) Kat:3, Licht: 0","155341","3","3","5","07","19","2","","0","1","1","0","0"
"POINT (10.142055808000066 53.598607894000054)","Unfall 155342 (2024) Kat:3, Licht: 0","155342","3","6","2","07","07","2","","0","0","1","0","0"
"POINT (10.072133177000069 53.596763874000033)","Unfall 155343 (2024) Kat:2, Licht: 0","155343","2","3","5","07","09","2","","0","1","1","0","0"
"POINT (10.049499793000052 53.601841646000082)","Unfall 155344 (2024) Kat:3, Licht: 0","155344","3","3","5","07","17","2","","0","0","1","0","0"
"POINT (10.104612246000045 53.646875454000053)","Unfall 155345 (2024) Kat:3, Licht: 0","155345","3","3","5","07","08","2","","0","1","1","0","0"
"POINT (10.000502861000029 53.680328985000074)","Unfall 155346 (2024) Kat:3, Licht: 0","155346","3","6","3","07","08","2","","0","0","1","0","0"
"POINT (10.010637181000050 53.664377123000065)","Unfall 155347 (2024) Kat:3, Licht: 0","155347","3","7","0","07","16","2","","0","1","0","0","0"
"POINT (10.024748422000073 53.609434127000043)","Unfall 155348 (2024) Kat:3, Licht: 0","155348","3","4","6","07","12","2","","0","0","1","1","0"
"POINT (9.903334589000053 53.627052876000050)","Unfall 155349 (2024) Kat:3, Licht: 0","155349","3","5","5","07","07","2","","0","1","1","0","0"
"POINT (9.991659097000024 53.602381266000066)","Unfall 155350 (2024) Kat:3, Licht: 0","155350","3","7","2","07","10","2","","0","0","1","0","0"
"POINT (9.968004810000025 53.577431887000046)","Unfall 155351 (2024) Kat:3, Licht: 0","155351","3","5","1","07","14","2","","0","0","1","0","0"
"POINT (9.923155266000037 53.549150174000033)","Unfall 155352 (2024) Kat:3, Licht: 0","155352","3","5","1","07","18","2","","0","0","1","1","0"
"POINT (9.936237057000028 53.454871306000030)","Unfall 155353 (2024) Kat:3, Licht: 0","155353","3","4","6","07","12","6","","0","0","1","1","0"
"POINT (9.967153355000050 53.545782425000027)","Unfall 155354 (2024) Kat:3, Licht: 2","155354","3","7","0","07","21","2","","2","1","0","0","0"
"POINT (10.121962953000036 53.624537229000055)","Unfall 155355 (2024) Kat:3, Licht: 2","155355","3","7","0","08","22","5","","2","1","0","0","0"
"POINT (9.980227462000073 53.480804410000076)","Unfall 155356 (2024) Kat:3, Licht: 0","155356","3","6","2","07","08","2","","0","0","0","0","0"
"POINT (9.961460311000053 53.472349025000028)","Unfall 155357 (2024) Kat:3, Licht: 0","155357","3","3","5","07","16","2","","0","1","1","0","0"
"POINT (10.154961226000069 53.409392420000074)","Unfall 155358 (2024) Kat:2, Licht: 0","155358","2","5","1","07","16","1","","0","1","0","0","0"
"POINT (10.116710808000050 53.599962634000065)","Unfall 155359 (2024) Kat:3, Licht: 0","155359","3","7","0","07","18","1","","0","0","1","0","0"
"POINT (10.077096996000023 53.613020181000081)","Unfall 155360 (2024) Kat:3, Licht: 0","155360","3","4","6","07","15","1","","0","1","0","1","0"
"POINT (10.065719001000048 53.598321289000069)","Unfall 155361 (2024) Kat:3, Licht: 0","155361","3","6","3","07","16","1","","0","0","0","0","0"
"POINT (10.146377158000064 53.698573726000063)","Unfall 155362 (2024) Kat:3, Licht: 0","155362","3","7","0","07","18","1","","0","1","0","1","0"
"POINT (10.005137197000067 53.592960944000026)","Unfall 155363 (2024) Kat:3, Licht: 1","155363","3","1","8","07","21","1","","1","1","0","0","0"
"POINT (10.013377600000069 53.581519356000058)","Unfall 155364 (2024) Kat:3, Licht: 0","155364","3","5","1","07","09","1","","0","1","1","0","0"
"POINT (10.170337744000051 53.472368019000044)","Unfall 155365 (2024) Kat:2, Licht: 0","155365","2","5","3","07","13","1","","0","1","1","0","0"
"POINT (9.761844428000074 53.565401255000040)","Unfall 155366 (2024) Kat:2, Licht: 0","155366","2","6","0","07","10","1","","0","1","0","0","0"
"POINT (9.900121910000053 53.583904570000072)","Unfall 155367 (2024) Kat:3, Licht: 0","155367","3","7","7","07","18","1","","0","1","0","0","0"
"POINT (9.890061745000025 53.548770382000043)","Unfall 155368 (2024) Kat:3, Licht: 0","155368","3","2","4","07","08","1","","0","0","0","0","1"
"POINT (9.892788852000024 53.573918702000071)","Unfall 155369 (2024) Kat:3, Licht: 0","155369","3","3","5","07","18","1","","0","1","1","0","0"
"POINT (10.037365306000027 53.610406277000038)","Unfall 155370 (2024) Kat:3, Licht: 0","155370","3","7","3","07","17","1","","0","0","1","0","0"
"POINT (9.962306951000073 53.554980146000048)","Unfall 155371 (2024) Kat:3, Licht: 2","155371","3","6","2","07","00","1","","2","0","1","0","0"
"POINT (9.978693029000056 53.561316335000072)","Unfall 155372 (2024) Kat:2, Licht: 0","155372","2","6","6","07","12","1","","0","1","1","1","0"
"POINT (10.008446070000048 53.553443120000054)","Unfall 155373 (2024) Kat:2, Licht: 2","155373","2","7","6","07","02","1","","2","0","0","1","0"
"POINT (10.207344195000076 53.480036161000044)","Unfall 155374 (2024) Kat:2, Licht: 0","155374","2","3","5","07","13","7","","0","1","1","0","0"
"POINT (10.100550151000050 53.540054661000056)","Unfall 155375 (2024) Kat:3, Licht: 0","155375","3","6","2","07","15","7","","0","0","1","0","0"
"POINT (10.012569932000076 53.484230116000049)","Unfall 155403 (2024) Kat:3, Licht: 2","155403","3","7","0","12","18","3","","2","1","0","0","0"
"POINT (10.069847009000057 53.574727134000057)","Unfall 155404 (2024) Kat:3, Licht: 2","155404","3","2","5","12","19","3","","2","0","1","0","0"
"POINT (9.921565278000060 53.562555406000058)","Unfall 155405 (2024) Kat:3, Licht: 2","155405","3","4","6","12","17","3","","2","0","0","1","0"
"POINT (9.971818561000021 53.601831784000069)","Unfall 155406 (2024) Kat:3, Licht: 0","155406","3","2","0","12","11","3","","0","0","1","0","1"
"POINT (9.951374436000037 53.459216054000080)","Unfall 155407 (2024) Kat:3, Licht: 0","155407","3","1","8","12","11","2","","0","0","1","0","0"
"POINT (10.010218911000038 53.483095040000080)","Unfall 155408 (2024) Kat:2, Licht: 0","155408","2","5","1","12","15","2","","0","0","1","0","0"
"POINT (10.120657098000038 53.538296154000079)","Unfall 155409 (2024) Kat:3, Licht: 1","155409","3","7","4","12","07","2","","1","0","1","0","0"
"POINT (10.085134007000022 53.658426926000061)","Unfall 155410 (2024) Kat:2, Licht: 0","155410","2","2","3","12","11","2","","0","1","1","0","0"
"POINT (10.085296272000051 53.657209762000036)","Unfall 155411 (2024) Kat:3, Licht: 2","155411","3","1","8","12","16","2","","2","0","1","0","0"
"POINT (10.023732744000029 53.664775772000041)","Unfall 155412 (2024) Kat:3, Licht: 2","155412","3","6","4","12","17","2","","2","0","1","0","1"
"POINT (10.035754515000065 53.574887065000041)","Unfall 155413 (2024) Kat:3, Licht: 2","155413","3","2","6","12","19","2","","2","0","1","1","0"
"POINT (9.944959233000077 53.551677043000041)","Unfall 155414 (2024) Kat:2, Licht: 0","155414","2","3","5","12","11","2","","0","1","0","0","0"
"POINT (9.979102742000066 53.569785085000035)","Unfall 155415 (2024) Kat:3, Licht: 2","155415","3","7","0","12","20","2","","2","0","1","0","0"
"POINT (9.990813862000039 53.560506351000072)","Unfall 155416 (2024) Kat:3, Licht: 1","155416","3","7","3","12","17","2","","1","0","1","0","0"
"POINT (9.969340009000064 53.550058429000046)","Unfall 155417 (2024) Kat:3, Licht: 2","155417","3","6","3","12","18","2","","2","1","1","0","0"
"POINT (9.777359223000076 53.534846981000044)","Unfall 155418 (2024) Kat:3, Licht: 0","155418","3","6","4","12","13","1","","0","1","1","0","0"