WKT,Name,OBJECTID,UKATEGORIE,UTYP1,UART,UMONAT,USTUNDE,UWOCHENTAG,STRZUSTAND,ULICHTVERH,ISTRAD,ISTPKW,ISTFUSS,ISTKRAD
"POINT (10.064369111000076 53.578654433000054)","Unfall 155419 (2024) Kat:3, Licht: 0","155419","3","7","0","12","12","1","","0","0","0","1","0"
"POINT (10.016264534000072 53.571411674000046)","Unfall 155420 (2024) Kat:3, Licht: 0","155420","3","7","6","12","15","1","","0","0","0","1","0"
"POINT (9.961235404000035 53.573880934000044)","Unfall 155421 (2024) Kat:3, Licht: 0","155421","3","2","4","12","15","1","","0","0","1","0","0"
"POINT (9.965592756000035 53.549872793000077)","Unfall 155422 (2024) Kat:3, Licht: 2","155422","3","5","1","12","03","1","","2","0","1","0","0"
"POINT (10.100608772000044 53.540282742000045)","Unfall 155423 (2024) Kat:3, Licht: 2","155423","3","3","5","12","19","7","","2","0","1","0","0"
"POINT (10.080712426000048 53.611569904000078)","Unfall 155424 (2024) Kat:3, Licht: 0","155424","3","4","6","12","15","7","","0","0","1","1","0"
"POINT (10.003155019000076 53.580759532000059)","Unfall 155425 (2024) Kat:3, Licht: 2","155425","3","1","0","12","23","7","","2","1","0","0","0"
"POINT (9.823411183000076 53.560618317000035)","Unfall 155426 (2024) Kat:3, Licht: 2","155426","3","4","6","12","20","7","","2","0","1","1","0"
"POINT (9.872273320000033 53.591763765000053)","Unfall 155427 (2024) Kat:3, Licht: 0","155427","3","6","4","12","12","7","","0","0","1","0","0"
"POINT (9.986366419000035 53.585374321000074)","Unfall 155428 (2024) Kat:3, Licht: 2","155428","3","7","0","12","02","7","","2","0","0","0","0"
"POINT (9.989915714000063 53.561353211000039)","Unfall 155429 (2024) Kat:3, Licht: 2","155429","3","7","3","12","17","7","","2","0","1","0","0"
"POINT (9.991239172000064 53.557831727000064)","Unfall 155430 (2024) Kat:3, Licht: 2","155430","3","6","3","12","22","7","","2","0","1","0","0"
"POINT (9.996646257000066 53.552957704000050)","Unfall 155431 (2024) Kat:3, Licht: 2","155431","3","7","0","12","19","7","","2","1","0","0","0"
"POINT (9.922383150000030 53.450923314000079)","Unfall 155432 (2024) Kat:3, Licht: 0","155432","3","6","3","12","14","6","","0","0","0","0","0"
"POINT (9.983604279000076 53.431883794000044)","Unfall 155433 (2024) Kat:3, Licht: 2","155433","3","6","2","12","21","6","","2","0","1","0","0"
"POINT (10.099972053000045 53.539580622000074)","Unfall 155434 (2024) Kat:2, Licht: 2","155434","2","2","6","12","07","6","","2","0","0","1","0"
"POINT (10.114691436000044 53.556349401000034)","Unfall 155435 (2024) Kat:3, Licht: 0","155435","3","6","2","12","12","6","","0","1","0","0","0"
"POINT (9.984487185000035 53.583477868000045)","Unfall 155436 (2024) Kat:3, Licht: 1","155436","3","1","0","12","07","6","","1","0","1","0","0"
"POINT (10.006627569000045 53.554532988000062)","Unfall 155437 (2024) Kat:3, Licht: 0","155437","3","7","6","12","12","6","","0","0","1","1","0"
"POINT (9.957072267000058 53.450629629000048)","Unfall 155438 (2024) Kat:3, Licht: 2","155438","3","2","5","12","17","5","","2","0","1","0","0"
"POINT (10.011148503000072 53.463147567000078)","Unfall 155439 (2024) Kat:2, Licht: 0","155439","2","7","0","12","12","5","","0","0","0","0","1"
"POINT (10.006756174000031 53.439442012000029)","Unfall 155440 (2024) Kat:3, Licht: 2","155440","3","2","6","12","17","5","","2","0","1","1","0"
"POINT (10.003229219000048 53.486483209000028)","Unfall 155441 (2024) Kat:3, Licht: 2","155441","3","7","8","12","16","5","","2","0","1","0","0"
"POINT (10.070124546000045 53.575978243000066)","Unfall 155442 (2024) Kat:2, Licht: 1","155442","2","3","5","12","16","5","","1","1","1","0","0"
"POINT (10.030818103000058 53.625990394000041)","Unfall 155443 (2024) Kat:3, Licht: 0","155443","3","6","2","12","14","5","","0","0","1","0","1"
"POINT (9.903269614000067 53.513112415000080)","Unfall 155444 (2024) Kat:3, Licht: 2","155444","3","1","8","12","17","4","","2","0","1","0","0"
"POINT (10.015574934000028 53.632915468000078)","Unfall 155445 (2024) Kat:2, Licht: 2","155445","2","7","0","12","03","4","","2","0","0","0","0"
"POINT (10.048919111000032 53.578674889000069)","Unfall 155446 (2024) Kat:3, Licht: 2","155446","3","2","5","12","19","4","","2","0","1","0","0"
"POINT (9.977784850000035 53.544063075000054)","Unfall 155447 (2024) Kat:2, Licht: 2","155447","2","1","8","12","03","4","","2","0","1","0","0"
"POINT (9.988415673000077 53.514931176000061)","Unfall 155448 (2024) Kat:3, Licht: 2","155448","3","6","4","12","16","3","","2","0","1","0","0"
"POINT (10.036436229000060 53.504694817000029)","Unfall 155449 (2024) Kat:2, Licht: 0","155449","2","1","9","12","13","3","","0","0","0","0","1"
"POINT (10.126645863000022 53.582127484000068)","Unfall 155450 (2024) Kat:2, Licht: 2","155450","2","2","5","12","20","3","","2","0","1","0","0"
"POINT (10.127714784000034 53.621983748000048)","Unfall 155451 (2024) Kat:3, Licht: 0","155451","3","3","5","12","08","3","","0","0","1","0","0"
"POINT (9.957687002000057 53.645837958000072)","Unfall 155452 (2024) Kat:3, Licht: 2","155452","3","7","0","12","23","3","","2","0","0","0","0"
"POINT (9.990391728000077 53.452572187000044)","Unfall 155453 (2024) Kat:3, Licht: 2","155453","3","2","4","12","18","2","","2","0","1","0","0"
"POINT (10.028342413000075 53.526666370000044)","Unfall 155454 (2024) Kat:3, Licht: 2","155454","3","2","6","12","05","2","","2","0","1","1","0"
"POINT (10.115182187000073 53.556662473000074)","Unfall 155455 (2024) Kat:3, Licht: 0","155455","3","6","2","12","13","2","","0","0","1","0","0"
"POINT (10.049384615000065 53.555380047000028)","Unfall 155456 (2024) Kat:3, Licht: 2","155456","3","6","2","12","17","2","","2","0","1","0","0"
"POINT (10.042179376000036 53.555467562000047)","Unfall 155457 (2024) Kat:3, Licht: 0","155457","3","2","3","12","11","2","","0","0","1","0","0"
"POINT (10.135789125000031 53.615681607000056)","Unfall 155458 (2024) Kat:3, Licht: 2","155458","3","5","5","12","17","2","","2","0","1","0","1"
"POINT (10.067776707000064 53.582343164000065)","Unfall 155459 (2024) Kat:2, Licht: 0","155459","2","2","5","12","10","2","","0","0","1","0","0"
"POINT (10.068511359000070 53.563597843000082)","Unfall 155460 (2024) Kat:3, Licht: 0","155460","3","6","2","12","11","2","","0","0","1","0","0"
"POINT (10.050756182000043 53.596929285000044)","Unfall 155461 (2024) Kat:3, Licht: 2","155461","3","1","8","12","23","2","","2","0","1","0","0"
"POINT (10.050719157000060 53.599313592000044)","Unfall 155462 (2024) Kat:2, Licht: 2","155462","2","3","5","12","19","2","","2","0","1","0","0"
"POINT (10.067029445000060 53.653160706000051)","Unfall 155463 (2024) Kat:3, Licht: 2","155463","3","6","3","12","22","2","","2","0","1","0","1"
"POINT (10.035572309000031 53.575191756000038)","Unfall 155464 (2024) Kat:3, Licht: 0","155464","3","7","6","12","12","2","","0","0","0","0","1"
"POINT (9.934028206000050 53.591789186000028)","Unfall 155465 (2024) Kat:3, Licht: 0","155465","3","1","0","12","12","2","","0","0","0","0","1"
"POINT (9.942143376000047 53.577287174000048)","Unfall 155466 (2024) Kat:3, Licht: 2","155466","3","6","2","12","17","2","","2","0","1","0","0"
"POINT (9.923017362000053 53.553263241000082)","Unfall 155467 (2024) Kat:3, Licht: 0","155467","3","2","5","12","12","2","","0","1","1","0","0"
"POINT (9.927276167000059 53.552503320000028)","Unfall 155468 (2024) Kat:3, Licht: 0","155468","3","5","5","12","12","2","","0","1","1","0","0"
"POINT (9.964454968000041 53.562232985000037)","Unfall 155469 (2024) Kat:3, Licht: 0","155469","3","4","6","12","13","2","","0","1","0","1","0"
"POINT (9.985744182000076 53.551053479000075)","Unfall 155470 (2024) Kat:3, Licht: 0","155470","3","2","3","12","12","2","","0","1","0","0","0"
"POINT (10.061980087000052 53.552862206000043)","Unfall 155471 (2024) Kat:3, Licht: 0","155471","3","2","4","12","13","1","","0","0","1","0","0"
"POINT (10.135903703000054 53.571027868000044)","Unfall 155472 (2024) Kat:3, Licht: 2","155472","3","2","5","12","20","1","","2","0","1","0","0"
"POINT (10.077546830000074 53.575631761000068)","Unfall 155473 (2024) Kat:3, Licht: 2","155473","3","7","3","12","19","1","","2","0","1","0","1"
"POINT (10.072743174000038 53.608734398000081)","Unfall 155474 (2024) Kat:2, Licht: 2","155474","2","2","6","12","21","1","","2","0","1","1","0"
"POINT (10.067288417000043 53.608537239000043)","Unfall 155475 (2024) Kat:3, Licht: 2","155475","3","2","5","12","18","1","","2","1","1","0","0"
"POINT (9.902345993000040 53.565064490000054)","Unfall 155476 (2024) Kat:3, Licht: 2","155476","3","2","5","12","18","1","","2","1","1","0","0"
"POINT (9.961083943000062 53.549528159000033)","Unfall 155477 (2024) Kat:3, Licht: 0","155477","3","6","4","12","13","1","","0","1","0","0","0"
"POINT (9.977065124000035 53.511320997000041)","Unfall 155478 (2024) Kat:3, Licht: 2","155478","3","3","5","12","23","7","","2","0","1","0","0"
"POINT (10.074765161000073 53.574590444000080)","Unfall 155479 (2024) Kat:3, Licht: 2","155479","3","2","5","12","19","7","","2","0","1","0","0"
"POINT (10.086831161000021 53.653175344000033)","Unfall 155480 (2024) Kat:3, Licht: 0","155480","3","6","2","12","14","7","","0","0","1","0","0"
"POINT (9.910581482000055 53.565915034000056)","Unfall 155481 (2024) Kat:3, Licht: 0","155481","3","5","3","12","15","7","","0","0","1","0","0"
"POINT (9.898604322000040 53.592697465000072)","Unfall 155482 (2024) Kat:3, Licht: 2","155482","3","3","6","12","17","7","","2","0","1","1","0"
"POINT (9.988039832000027 53.510499875000050)","Unfall 155483 (2024) Kat:3, Licht: 0","155483","3","2","5","12","16","6","","0","1","0","0","0"
"POINT (10.013332070000047 53.493284462000076)","Unfall 155484 (2024) Kat:3, Licht: 0","155484","3","4","6","12","10","6","","0","0","1","1","0"
"POINT (10.105171973000040 53.549099281000053)","Unfall 155485 (2024) Kat:3, Licht: 0","155485","3","4","6","12","09","6","","0","0","1","1","0"
"POINT (10.124702899000056 53.571099191000030)","Unfall 155486 (2024) Kat:3, Licht: 0","155486","3","3","5","12","11","6","","0","0","1","0","0"
"POINT (10.023797923000075 53.619957286000044)","Unfall 155487 (2024) Kat:3, Licht: 0","155487","3","1","0","12","09","6","","0","1","0","0","0"
"POINT (10.015854391000062 53.649410074000059)","Unfall 155488 (2024) Kat:3, Licht: 2","155488","3","6","2","12","06","6","","2","0","1","0","0"
"POINT (10.013669307000043 53.599988101000065)","Unfall 155489 (2024) Kat:3, Licht: 2","155489","3","2","5","12","05","6","","2","0","0","0","1"
"POINT (10.045743010000024 53.563892864000081)","Unfall 155490 (2024) Kat:3, Licht: 2","155490","3","2","6","12","19","6","","2","0","0","1","0"
"POINT (10.023844394000037 53.567344368000079)","Unfall 155491 (2024) Kat:3, Licht: 2","155491","3","4","6","12","17","6","","2","0","1","1","0"
"POINT (9.911598480000066 53.602876170000059)","Unfall 155492 (2024) Kat:3, Licht: 2","155492","3","4","6","12","17","6","","2","0","0","1","0"
"POINT (9.904881824000029 53.555624147000060)","Unfall 155493 (2024) Kat:3, Licht: 0","155493","3","3","5","12","11","6","","0","1","1","0","0"
"POINT (9.964098783000054 53.557027615000038)","Unfall 155494 (2024) Kat:3, Licht: 0","155494","3","7","0","12","11","6","","0","0","0","0","0"
"POINT (9.957611989000043 53.557010773000059)","Unfall 155495 (2024) Kat:3, Licht: 2","155495","3","7","0","12","23","6","","2","1","0","0","0"
"POINT (9.998781042000076 53.550775359000056)","Unfall 155496 (2024) Kat:3, Licht: 0","155496","3","6","3","12","10","6","","0","1","0","0","0"
"POINT (10.021343641000044 53.524851426000055)","Unfall 155497 (2024) Kat:3, Licht: 0","155497","3","3","5","12","11","5","","0","0","1","0","0"
"POINT (10.229406779000044 53.445180040000082)","Unfall 155498 (2024) Kat:3, Licht: 2","155498","3","3","5","12","18","5","","2","0","1","0","0"
"POINT (10.162435772000038 53.484842182000079)","Unfall 155499 (2024) Kat:3, Licht: 0","155499","3","3","5","12","14","5","","0","0","1","0","0"
"POINT (10.098523682000064 53.550070701000038)","Unfall 155500 (2024) Kat:3, Licht: 0","155500","3","5","5","12","15","5","","0","0","1","0","0"
"POINT (10.031778058000043 53.619502348000026)","Unfall 155501 (2024) Kat:3, Licht: 0","155501","3","3","5","12","14","5","","0","0","1","0","0"
"POINT (10.005298451000044 53.607291598000074)","Unfall 155502 (2024) Kat:3, Licht: 0","155502","3","3","5","12","13","5","","0","1","1","0","0"
"POINT (9.926229982000052 53.591929226000047)","Unfall 155503 (2024) Kat:3, Licht: 1","155503","3","7","3","12","16","5","","1","0","1","0","1"
"POINT (9.913736786000072 53.596018690000051)","Unfall 155504 (2024) Kat:3, Licht: 0","155504","3","3","5","12","15","5","","0","1","1","0","0"
"POINT (9.969896834000053 53.583800849000056)","Unfall 155505 (2024) Kat:3, Licht: 0","155505","3","6","2","12","12","5","","0","0","1","0","0"
"POINT (10.006144543000062 53.550945599000045)","Unfall 155506 (2024) Kat:3, Licht: 2","155506","3","6","2","12","17","5","","2","0","1","0","0"
"POINT (9.994987103000028 53.548491747000071)","Unfall 155507 (2024) Kat:3, Licht: 2","155507","3","2","3","12","16","5","","2","1","0","0","0"
"POINT (9.968939425000030 53.433503158000065)","Unfall 155508 (2024) Kat:3, Licht: 2","155508","3","6","2","12","17","4","","2","1","0","0","0"
"POINT (9.975109449000058 53.454018351000059)","Unfall 155509 (2024) Kat:3, Licht: 2","155509","3","7","0","12","16","4","","2","0","1","0","0"
"POINT (9.958871333000047 53.456591044000049)","Unfall 155510 (2024) Kat:3, Licht: 2","155510","3","6","2","12","18","4","","2","0","1","0","0"
"POINT (9.976146213000050 53.460381211000026)","Unfall 155511 (2024) Kat:3, Licht: 2","155511","3","7","0","12","19","4","","2","0","0","0","0"
"POINT (10.053471116000026 53.557573436000041)","Unfall 155512 (2024) Kat:3, Licht: 0","155512","3","6","2","12","11","4","","0","0","1","0","0"
"POINT (10.135672348000071 53.573293343000046)","Unfall 155513 (2024) Kat:3, Licht: 2","155513","3","2","5","12","18","4","","2","0","1","0","0"
"POINT (10.062793501000044 53.613198588000046)","Unfall 155514 (2024) Kat:3, Licht: 2","155514","3","4","6","12","18","4","","2","0","1","1","0"
"POINT (10.062758582000072 53.602235988000075)","Unfall 155515 (2024) Kat:3, Licht: 2","155515","3","3","5","12","17","4","","2","1","1","0","0"
"POINT (10.051785238000036 53.603339460000029)","Unfall 155516 (2024) Kat:3, Licht: 2","155516","3","5","3","12","17","4","","2","1","1","0","0"
"POINT (10.000442171000032 53.580890172000068)","Unfall 155517 (2024) Kat:3, Licht: 2","155517","3","6","2","12","18","4","","2","0","1","0","0"
"POINT (10.037846450000075 53.594093964000081)","Unfall 155518 (2024) Kat:2, Licht: 2","155518","2","7","0","12","16","4","","2","1","1","0","0"
"POINT (9.952442935000022 53.549595777000036)","Unfall 155519 (2024) Kat:3, Licht: 0","155519","3","5","2","12","15","6","","0","0","1","0","0"
"POINT (9.981572183000026 53.566533893000042)","Unfall 155520 (2024) Kat:3, Licht: 2","155520","3","7","0","12","19","4","","2","0","0","1","0"
"POINT (9.950758423000025 53.461089216000062)","Unfall 155521 (2024) Kat:3, Licht: 2","155521","3","2","4","12","16","3","","2","1","1","0","0"
"POINT (10.112072225000077 53.582497668000030)","Unfall 155522 (2024) Kat:3, Licht: 0","155522","3","6","3","12","14","3","","0","0","1","0","0"
"POINT (10.125171021000028 53.584858627000074)","Unfall 155523 (2024) Kat:3, Licht: 2","155523","3","1","0","12","05","3","","2","0","0","0","1"
"POINT (10.080680181000048 53.580989629000044)","Unfall 155524 (2024) Kat:3, Licht: 0","155524","3","7","0","12","11","3","","0","0","0","1","0"
"POINT (9.947591922000072 53.582628254000042)","Unfall 155525 (2024) Kat:3, Licht: 0","155525","3","6","2","12","07","3","","0","0","1","0","0"
"POINT (9.947541565000051 53.581410380000079)","Unfall 155526 (2024) Kat:3, Licht: 2","155526","3","7","0","12","18","3","","2","0","0","0","1"
"POINT (9.983759712000051 53.557630745000040)","Unfall 155527 (2024) Kat:3, Licht: 0","155527","3","3","5","12","11","3","","0","0","1","0","0"
"POINT (9.985923311000022 53.455485577000047)","Unfall 155528 (2024) Kat:3, Licht: 2","155528","3","7","6","12","18","2","","2","0","0","1","0"
"POINT (9.987670092000030 53.452464505000080)","Unfall 155530 (2024) Kat:3, Licht: 2","155530","3","7","0","12","19","2","","2","1","0","0","0"
"POINT (10.057657738000046 53.554066155000044)","Unfall 155531 (2024) Kat:3, Licht: 1","155531","3","3","5","12","16","2","","1","0","1","0","1"
"POINT (10.057226552000031 53.580048080000040)","Unfall 155532 (2024) Kat:3, Licht: 2","155532","3","2","5","12","22","2","","2","0","1","0","0"
"POINT (10.091655031000073 53.617082504000052)","Unfall 155533 (2024) Kat:3, Licht: 2","155533","3","5","1","12","22","2","","2","1","0","0","0"
"POINT (10.088650985000072 53.647125210000070)","Unfall 155534 (2024) Kat:3, Licht: 0","155534","3","6","4","12","14","2","","0","0","1","0","0"
"POINT (10.019543346000034 53.653505730000063)","Unfall 155535 (2024) Kat:3, Licht: 0","155535","3","6","2","12","10","2","","0","0","1","0","0"
"POINT (9.905267084000059 53.611296494000044)","Unfall 155536 (2024) Kat:3, Licht: 2","155536","3","6","2","12","16","2","","2","0","1","0","0"
"POINT (9.763164047000032 53.581406398000070)","Unfall 155537 (2024) Kat:3, Licht: 0","155537","3","7","6","12","15","2","","0","0","1","1","0"
"POINT (9.913052498000070 53.566344373000049)","Unfall 155538 (2024) Kat:3, Licht: 0","155538","3","7","1","12","09","2","","0","0","1","0","0"
"POINT (9.956277854000064 53.607265449000067)","Unfall 155539 (2024) Kat:3, Licht: 0","155539","3","6","2","12","09","2","","0","0","1","0","0"
"POINT (9.981749935000039 53.591449054000066)","Unfall 155540 (2024) Kat:3, Licht: 0","155540","3","7","0","12","12","2","","0","1","0","0","0"
"POINT (9.979992334000030 53.555333260000054)","Unfall 155541 (2024) Kat:3, Licht: 2","155541","3","6","2","12","16","2","","2","0","1","0","0"
"POINT (9.981333872000050 53.527576253000063)","Unfall 155542 (2024) Kat:3, Licht: 0","155542","3","6","3","12","12","2","","0","0","1","0","0"
"POINT (10.062997109000037 53.611374121000040)","Unfall 155543 (2024) Kat:2, Licht: 2","155543","2","3","5","12","17","1","","2","1","0","0","0"
"POINT (10.065138164000075 53.608647643000040)","Unfall 155544 (2024) Kat:3, Licht: 0","155544","3","6","2","12","13","1","","0","0","1","0","0"
"POINT (9.956350440000051 53.611850499000070)","Unfall 155545 (2024) Kat:3, Licht: 0","155545","3","6","2","12","15","1","","0","0","1","0","0"
"POINT (9.961573804000068 53.580018043000052)","Unfall 155546 (2024) Kat:3, Licht: 2","155546","3","2","6","12","16","1","","2","0","1","1","0"
"POINT (9.941519354000036 53.563865550000060)","Unfall 155547 (2024) Kat:3, Licht: 0","155547","3","6","2","12","13","1","","0","0","1","0","0"
"POINT (9.988552953000067 53.557163555000045)","Unfall 155548 (2024) Kat:3, Licht: 2","155548","3","7","3","12","18","1","","2","0","1","0","0"
"POINT (10.076953730000071 53.655429823000077)","Unfall 155549 (2024) Kat:3, Licht: 0","155549","3","3","5","12","10","2","","0","0","1","0","0"
"POINT (9.987418733000027 53.449717836000048)","Unfall 155550 (2024) Kat:3, Licht: 2","155550","3","4","6","12","17","7","","2","0","1","1","0"
"POINT (10.182239495000033 53.478128055000070)","Unfall 155551 (2024) Kat:3, Licht: 0","155551","3","3","5","12","15","7","","0","0","1","0","0"
"POINT (10.026491837000037 53.551486376000071)","Unfall 155552 (2024) Kat:3, Licht: 1","155552","3","6","3","12","21","7","","1","0","1","0","0"
"POINT (10.115829743000063 53.602904697000042)","Unfall 155553 (2024) Kat:3, Licht: 0","155553","3","3","5","12","13","7","","0","0","1","0","0"
"POINT (10.077743770000041 53.617089203000035)","Unfall 155554 (2024) Kat:3, Licht: 2","155554","3","7","3","12","23","7","","2","0","1","0","0"
"POINT (10.077092911000022 53.653617336000082)","Unfall 155555 (2024) Kat:3, Licht: 0","155555","3","7","0","12","13","7","","0","1","0","0","0"
"POINT (10.055322794000062 53.573223525000060)","Unfall 155556 (2024) Kat:3, Licht: 2","155556","3","3","5","12","18","7","","2","0","1","0","0"
"POINT (9.902806278000071 53.557104384000070)","Unfall 155557 (2024) Kat:3, Licht: 0","155557","3","5","5","12","10","7","","0","0","1","0","0"
"POINT (9.988800939000043 53.558309952000059)","Unfall 155558 (2024) Kat:3, Licht: 2","155558","3","2","5","12","23","7","","2","0","1","0","0"
"POINT (10.187345943000025 53.437313867000057)","Unfall 155559 (2024) Kat:2, Licht: 2","155559","2","1","1","12","23","6","","2","0","1","0","0"
"POINT (10.149925725000060 53.529536312000062)","Unfall 155560 (2024) Kat:2, Licht: 2","155560","2","3","3","12","19","6","","2","0","0","0","0"
"POINT (10.053163142000074 53.609898666000049)","Unfall 155561 (2024) Kat:3, Licht: 0","155561","3","3","5","12","13","6","","0","1","0","0","0"
"POINT (10.012181560000045 53.579365837000068)","Unfall 155562 (2024) Kat:3, Licht: 2","155562","3","5","3","12","16","6","","2","1","1","0","0"
"POINT (9.752838628000063 53.578736113000048)","Unfall 155563 (2024) Kat:3, Licht: 0","155563","3","7","6","12","14","6","","0","1","0","1","0"
"POINT (9.949395241000047 53.558492520000073)","Unfall 155564 (2024) Kat:3, Licht: 2","155564","3","4","6","12","23","6","","2","0","1","1","0"
"POINT (9.962161748000028 53.549454367000067)","Unfall 155565 (2024) Kat:3, Licht: 2","155565","3","2","5","12","02","6","","2","0","1","0","0"
"POINT (9.983091675000026 53.551451165000060)","Unfall 155566 (2024) Kat:3, Licht: 0","155566","3","7","6","12","08","6","","0","0","1","1","0"
"POINT (10.023628961000043 53.506152556000075)","Unfall 155567 (2024) Kat:3, Licht: 2","155567","3","7","0","12","17","5","","2","1","0","0","0"
"POINT (10.129919725000036 53.599771523000072)","Unfall 155568 (2024) Kat:3, Licht: 0","155568","3","6","4","12","13","5","","0","1","0","0","0"
"POINT (10.078969974000074 53.567279048000046)","Unfall 155569 (2024) Kat:3, Licht: 2","155569","3","6","2","12","18","5","","2","0","1","0","0"
"POINT (10.090763576000029 53.667112621000058)","Unfall 155570 (2024) Kat:3, Licht: 2","155570","3","5","1","12","16","5","","2","0","1","0","0"
"POINT (10.175800624000033 53.651862808000033)","Unfall 155571 (2024) Kat:3, Licht: 2","155571","3","7","0","12","18","5","","2","1","0","0","0"
"POINT (10.050266551000050 53.572978856000077)","Unfall 155572 (2024) Kat:3, Licht: 2","155572","3","3","5","12","18","5","","2","0","1","0","0"
"POINT (9.887859447000039 53.558475735000059)","Unfall 155573 (2024) Kat:1, Licht: 0","155573","1","4","6","12","11","5","","0","0","0","1","0"
"POINT (9.943566153000063 53.555904091000059)","Unfall 155574 (2024) Kat:3, Licht: 2","155574","3","7","0","12","01","5","","2","0","0","0","0"
"POINT (9.977789526000038 53.575500056000067)","Unfall 155575 (2024) Kat:3, Licht: 2","155575","3","4","6","12","17","5","","2","1","0","1","0"
"POINT (9.973400637000054 53.554643423000073)","Unfall 155576 (2024) Kat:3, Licht: 0","155576","3","2","3","12","12","5","","0","1","1","0","0"
"POINT (9.984249224000052 53.555061845000068)","Unfall 155577 (2024) Kat:3, Licht: 0","155577","3","3","5","12","15","5","","0","1","1","0","0"
"POINT (10.003878746000055 53.554095075000077)","Unfall 155578 (2024) Kat:3, Licht: 2","155578","3","3","5","12","07","5","","2","1","1","0","0"
"POINT (9.948712018000037 53.462573861000067)","Unfall 155579 (2024) Kat:3, Licht: 0","155579","3","6","2","12","14","4","","0","0","1","0","0"
"POINT (9.990347432000021 53.455151996000041)","Unfall 155580 (2024) Kat:3, Licht: 2","155580","3","3","0","12","05","4","","2","0","0","1","0"
"POINT (9.996159577000071 53.477620227000045)","Unfall 155581 (2024) Kat:3, Licht: 0","155581","3","3","5","12","15","4","","0","0","1","0","0"
"POINT (10.136843433000024 53.537452645000030)","Unfall 155582 (2024) Kat:3, Licht: 2","155582","3","3","5","12","06","4","","2","0","1","0","0"
"POINT (10.205254075000028 53.487148766000075)","Unfall 155583 (2024) Kat:3, Licht: 2","155583","3","5","1","12","23","2","","2","0","1","0","0"
"POINT (10.098564719000024 53.542414183000062)","Unfall 155584 (2024) Kat:3, Licht: 0","155584","3","3","5","12","09","4","","0","0","1","0","0"
"POINT (10.108951787000024 53.549688021000065)","Unfall 155585 (2024) Kat:3, Licht: 1","155585","3","3","3","12","16","4","","1","0","1","0","0"
"POINT (10.113979815000050 53.544702221000080)","Unfall 155586 (2024) Kat:3, Licht: 2","155586","3","2","4","12","16","4","","2","0","1","0","1"
"POINT (10.013089948000072 53.548316815000078)","Unfall 155587 (2024) Kat:3, Licht: 0","155587","3","6","2","12","12","4","","0","0","1","0","0"
"POINT (10.140152657000044 53.692054237000036)","Unfall 155588 (2024) Kat:3, Licht: 0","155588","3","3","5","12","11","4","","0","0","1","0","0"
"POINT (10.003470683000046 53.648701629000072)","Unfall 155589 (2024) Kat:3, Licht: 2","155589","3","6","2","12","20","4","","2","0","1","0","0"
"POINT (10.032590459000062 53.632395696000060)","Unfall 155590 (2024) Kat:3, Licht: 2","155590","3","5","1","12","05","4","","2","1","1","0","0"
"POINT (9.983786268000074 53.594410040000071)","Unfall 155591 (2024) Kat:3, Licht: 2","155591","3","2","3","12","18","5","","2","1","1","0","0"
"POINT (9.858181873000035 53.582376599000042)","Unfall 155592 (2024) Kat:3, Licht: 0","155592","3","3","5","12","08","4","","0","0","1","0","0"
"POINT (9.936074867000059 53.548188019000065)","Unfall 155593 (2024) Kat:3, Licht: 0","155593","3","7","0","12","13","4","","0","1","0","0","0"
"POINT (9.810458156000038 53.466549612000051)","Unfall 155594 (2024) Kat:3, Licht: 0","155594","3","7","0","12","15","3","","0","1","0","0","0"
"POINT (9.981110464000039 53.421679693000044)","Unfall 155595 (2024) Kat:3, Licht: 2","155595","3","5","1","12","16","3","","2","0","1","0","0"
"POINT (9.981141945000047 53.421636422000063)","Unfall 155596 (2024) Kat:3, Licht: 2","155596","3","3","5","12","16","3","","2","0","1","0","0"
"POINT (10.037620182000069 53.520371418000082)","Unfall 155597 (2024) Kat:3, Licht: 0","155597","3","6","2","12","10","3","","0","0","0","0","0"
"POINT (10.098886921000030 53.541192374000047)","Unfall 155598 (2024) Kat:3, Licht: 2","155598","3","6","3","12","16","3","","2","0","1","0","0"
"POINT (10.033277438000027 53.554322202000037)","Unfall 155599 (2024) Kat:3, Licht: 2","155599","3","3","5","12","19","3","","2","0","1","0","0"
"POINT (10.037411248000069 53.560174517000064)","Unfall 155600 (2024) Kat:3, Licht: 0","155600","3","2","5","12","08","3","","0","1","0","0","0"
"POINT (10.117165273000069 53.607213182000066)","Unfall 155601 (2024) Kat:3, Licht: 2","155601","3","1","0","12","22","3","","2","0","0","0","0"
"POINT (10.058536885000024 53.575478462000035)","Unfall 155602 (2024) Kat:3, Licht: 2","155602","3","7","5","12","23","3","","2","0","1","0","0"
"POINT (10.051248439000062 53.613457267000058)","Unfall 155603 (2024) Kat:3, Licht: 0","155603","3","7","6","12","10","3","","0","0","0","1","0"
"POINT (10.006490656000040 53.631817162000061)","Unfall 155604 (2024) Kat:3, Licht: 2","155604","3","7","6","12","20","3","","2","0","1","1","0"
"POINT (9.999060080000049 53.592015904000050)","Unfall 155605 (2024) Kat:3, Licht: 1","155605","3","3","5","12","16","3","","1","0","1","0","1"