WKT,Name,OBJECTID,UKATEGORIE,UTYP1,UART,UMONAT,USTUNDE,UWOCHENTAG,STRZUSTAND,ULICHTVERH,ISTRAD,ISTPKW,ISTFUSS,ISTKRAD
"POINT (10.033625757000038 53.583499371000073)","Unfall 155606 (2024) Kat:3, Licht: 0","155606","3","3","5","12","12","3","","0","0","1","0","0"
"POINT (9.890051424000035 53.607965501000081)","Unfall 155607 (2024) Kat:3, Licht: 2","155607","3","5","1","12","18","3","","2","0","1","0","0"
"POINT (9.980231494000066 53.566594730000077)","Unfall 155608 (2024) Kat:3, Licht: 2","155608","3","5","3","12","16","3","","2","0","1","0","1"
"POINT (10.005345683000030 53.552950275000057)","Unfall 155609 (2024) Kat:3, Licht: 0","155609","3","4","6","12","15","3","","0","1","0","1","0"
"POINT (9.990683449000073 53.447190626000065)","Unfall 155610 (2024) Kat:3, Licht: 0","155610","3","7","6","12","15","2","","0","0","0","1","0"
"POINT (9.970095580000077 53.455614235000041)","Unfall 155611 (2024) Kat:3, Licht: 0","155611","3","6","3","12","08","2","","0","0","1","0","0"
"POINT (10.079516349000073 53.473560645000077)","Unfall 155612 (2024) Kat:2, Licht: 1","155612","2","4","6","12","07","2","","1","0","1","1","0"
"POINT (10.187253290000058 53.500859915000035)","Unfall 155613 (2024) Kat:2, Licht: 0","155613","2","4","6","12","13","2","","0","0","1","1","0"
"POINT (10.237130325000066 53.482605631000069)","Unfall 155614 (2024) Kat:3, Licht: 2","155614","3","7","0","12","07","2","","2","1","0","0","0"
"POINT (10.071179222000069 53.582873778000078)","Unfall 155615 (2024) Kat:3, Licht: 2","155615","3","3","6","12","08","2","","2","0","1","1","0"
"POINT (10.024902317000056 53.579438917000061)","Unfall 155616 (2024) Kat:3, Licht: 0","155616","3","2","6","12","13","2","","0","0","1","1","0"
"POINT (10.023115549000067 53.575924796000038)","Unfall 155617 (2024) Kat:3, Licht: 0","155617","3","7","3","12","11","2","","0","1","1","0","0"
"POINT (10.029945281000039 53.571337675000052)","Unfall 155618 (2024) Kat:3, Licht: 1","155618","3","3","5","12","07","2","","1","1","1","0","0"
"POINT (9.961129946000028 53.562789354000074)","Unfall 155619 (2024) Kat:3, Licht: 2","155619","3","3","5","12","17","2","","2","1","1","0","0"
"POINT (10.008561677000046 53.552108672000031)","Unfall 155620 (2024) Kat:3, Licht: 2","155620","3","4","6","12","19","2","","2","0","1","1","0"
"POINT (9.780239810000069 53.519840125000030)","Unfall 155621 (2024) Kat:3, Licht: 2","155621","3","5","1","12","19","1","","2","0","1","0","0"
"POINT (10.020912349000071 53.550309052000046)","Unfall 155622 (2024) Kat:3, Licht: 2","155622","3","7","0","12","19","1","","2","1","0","0","0"
"POINT (10.124377220000042 53.570535964000044)","Unfall 155623 (2024) Kat:3, Licht: 0","155623","3","6","3","12","10","1","","0","0","1","0","0"
"POINT (10.083674222000070 53.580110279000053)","Unfall 155624 (2024) Kat:3, Licht: 1","155624","3","1","9","12","16","1","","1","0","0","0","0"
"POINT (10.175061519000053 53.653860490000056)","Unfall 155625 (2024) Kat:3, Licht: 0","155625","3","7","0","12","11","1","","0","1","0","0","0"
"POINT (10.120990608000056 53.665580523000074)","Unfall 155626 (2024) Kat:3, Licht: 0","155626","3","1","0","12","09","1","","0","1","0","0","0"
"POINT (10.055279256000063 53.573243380000065)","Unfall 155627 (2024) Kat:3, Licht: 2","155627","3","3","5","12","21","1","","2","0","1","0","0"
"POINT (9.889048062000029 53.600951401000032)","Unfall 155628 (2024) Kat:3, Licht: 2","155628","3","2","5","12","20","1","","2","0","1","0","0"
"POINT (9.986582654000074 53.517671805000077)","Unfall 155629 (2024) Kat:3, Licht: 2","155629","3","7","6","12","17","7","","2","1","0","1","0"
"POINT (10.206990400000052 53.494979627000077)","Unfall 155630 (2024) Kat:2, Licht: 0","155630","2","3","5","12","10","7","","0","1","0","0","0"
"POINT (10.149846001000071 53.526707912000063)","Unfall 155631 (2024) Kat:1, Licht: 2","155631","1","7","6","12","17","7","","2","0","0","1","0"
"POINT (10.133684629000072 53.595188920000055)","Unfall 155632 (2024) Kat:3, Licht: 0","155632","3","3","5","12","10","7","","0","0","1","0","0"
"POINT (10.091910533000032 53.588635189000058)","Unfall 155633 (2024) Kat:3, Licht: 0","155633","3","7","0","12","14","7","","0","1","0","0","0"
"POINT (9.973948004000022 53.578573385000027)","Unfall 155634 (2024) Kat:3, Licht: 0","155634","3","3","5","12","10","7","","0","1","1","0","0"
"POINT (9.960089342000060 53.549605689000032)","Unfall 155635 (2024) Kat:3, Licht: 2","155635","3","7","6","12","02","7","","2","0","1","1","0"
"POINT (9.973492373000056 53.545366698000066)","Unfall 155636 (2024) Kat:3, Licht: 0","155636","3","4","6","12","14","7","","0","0","1","1","0"
"POINT (10.018971085000032 53.552639288000080)","Unfall 155637 (2024) Kat:3, Licht: 2","155637","3","3","5","12","01","7","","2","0","1","0","0"
"POINT (9.975213244000031 53.453970120000065)","Unfall 155638 (2024) Kat:3, Licht: 2","155638","3","3","5","12","21","6","","2","0","1","0","0"
"POINT (9.999628315000052 53.482998776000045)","Unfall 155639 (2024) Kat:3, Licht: 2","155639","3","1","8","12","02","6","","2","0","1","0","0"
"POINT (10.132792701000028 53.497895998000047)","Unfall 155640 (2024) Kat:3, Licht: 0","155640","3","7","0","12","15","6","","0","1","0","0","0"
"POINT (10.133810202000063 53.547095213000034)","Unfall 155641 (2024) Kat:3, Licht: 2","155641","3","7","3","12","17","6","","2","0","1","0","0"
"POINT (10.157427489000042 53.641188134000060)","Unfall 155642 (2024) Kat:3, Licht: 0","155642","3","6","2","12","12","3","","0","0","1","0","0"
"POINT (10.106501065000032 53.605850913000040)","Unfall 155643 (2024) Kat:3, Licht: 2","155643","3","2","6","12","17","6","","2","0","1","1","0"
"POINT (10.092643592000059 53.587701576000029)","Unfall 155644 (2024) Kat:3, Licht: 2","155644","3","7","0","12","18","6","","2","0","1","0","0"
"POINT (10.099364044000026 53.657732830000043)","Unfall 155645 (2024) Kat:3, Licht: 2","155645","3","7","6","12","06","6","","2","0","1","1","0"
"POINT (10.163240985000073 53.651773945000059)","Unfall 155646 (2024) Kat:3, Licht: 2","155646","3","4","6","12","18","6","","2","0","1","1","0"
"POINT (10.012042343000076 53.587287406000030)","Unfall 155647 (2024) Kat:3, Licht: 2","155647","3","6","3","12","18","6","","2","1","1","0","0"
"POINT (9.928588098000034 53.592233004000036)","Unfall 155648 (2024) Kat:3, Licht: 2","155648","3","2","5","12","22","6","","2","0","1","0","0"
"POINT (10.057600550000075 53.554035435000060)","Unfall 155649 (2024) Kat:3, Licht: 0","155649","3","3","5","12","15","3","","0","1","1","0","0"
"POINT (9.889259503000062 53.613140158000078)","Unfall 155650 (2024) Kat:3, Licht: 0","155650","3","1","0","12","11","6","","0","1","0","0","0"
"POINT (9.888181081000027 53.569509136000079)","Unfall 155651 (2024) Kat:3, Licht: 2","155651","3","3","5","12","05","6","","2","1","1","0","0"
"POINT (9.876963942000032 53.591828250000049)","Unfall 155652 (2024) Kat:3, Licht: 0","155652","3","7","6","12","10","6","","0","1","0","1","0"
"POINT (9.876420336000024 53.565311501000053)","Unfall 155653 (2024) Kat:3, Licht: 0","155653","3","7","0","12","11","6","","0","1","1","0","0"
"POINT (9.994701883000062 53.558559994000063)","Unfall 155654 (2024) Kat:3, Licht: 2","155654","3","6","3","12","23","6","","2","0","1","0","0"
"POINT (9.969702687000051 53.550071093000042)","Unfall 155655 (2024) Kat:3, Licht: 2","155655","3","1","0","12","01","6","","2","1","0","0","0"
"POINT (9.979669880000074 53.460785756000064)","Unfall 155656 (2024) Kat:3, Licht: 0","155656","3","7","1","12","15","5","","0","0","0","1","0"
"POINT (10.209080049000022 53.493735129000072)","Unfall 155657 (2024) Kat:2, Licht: 0","155657","2","7","0","12","09","5","","0","0","0","1","0"
"POINT (10.210598822000065 53.503301659000044)","Unfall 155658 (2024) Kat:2, Licht: 2","155658","2","4","6","12","17","5","","2","0","1","1","0"
"POINT (10.238261923000039 53.398846305000063)","Unfall 155659 (2024) Kat:3, Licht: 1","155659","3","7","9","12","07","5","","1","0","1","0","0"
"POINT (10.084557599000050 53.536381795000068)","Unfall 155660 (2024) Kat:3, Licht: 2","155660","3","5","1","12","18","5","","2","0","1","0","0"
"POINT (10.101022690000036 53.560062212000048)","Unfall 155661 (2024) Kat:3, Licht: 0","155661","3","7","0","12","15","5","","0","0","0","0","0"
"POINT (10.026986972000032 53.532637628000032)","Unfall 155662 (2024) Kat:3, Licht: 2","155662","3","6","2","12","16","5","","2","0","1","0","0"
"POINT (10.114530771000034 53.607404617000043)","Unfall 155663 (2024) Kat:3, Licht: 2","155663","3","3","5","12","17","5","","2","0","1","0","1"
"POINT (10.148785152000073 53.585961082000040)","Unfall 155664 (2024) Kat:3, Licht: 1","155664","3","2","3","12","16","5","","1","0","1","0","0"
"POINT (10.150151569000059 53.605188841000029)","Unfall 155665 (2024) Kat:3, Licht: 0","155665","3","7","0","12","11","5","","0","1","0","0","0"
"POINT (10.059486425000046 53.576350717000082)","Unfall 155666 (2024) Kat:3, Licht: 2","155666","3","2","5","12","18","5","","2","0","1","0","0"
"POINT (10.064422140000033 53.581836099000043)","Unfall 155667 (2024) Kat:3, Licht: 0","155667","3","1","8","12","15","5","","0","1","0","0","0"
"POINT (10.030590443000051 53.643089661000033)","Unfall 155668 (2024) Kat:2, Licht: 0","155668","2","7","0","12","15","5","","0","1","0","0","0"
"POINT (10.035147589000076 53.564519652000058)","Unfall 155669 (2024) Kat:3, Licht: 2","155669","3","6","3","12","19","5","","2","0","1","0","0"
"POINT (10.048371957000029 53.570858348000058)","Unfall 155670 (2024) Kat:3, Licht: 2","155670","3","2","6","12","17","5","","2","0","1","1","0"
"POINT (10.051611606000051 53.587034565000067)","Unfall 155671 (2024) Kat:3, Licht: 2","155671","3","1","9","12","20","5","","2","0","1","0","0"
"POINT (9.852622409000048 53.591007890000071)","Unfall 155672 (2024) Kat:3, Licht: 2","155672","3","4","6","12","17","5","","2","1","0","1","0"
"POINT (9.932491209000034 53.557397989000037)","Unfall 155673 (2024) Kat:3, Licht: 2","155673","3","1","8","12","22","5","","2","0","0","0","0"
"POINT (9.934356033000029 53.555578325000056)","Unfall 155674 (2024) Kat:3, Licht: 0","155674","3","2","6","12","10","5","","0","0","1","1","0"
"POINT (9.984530962000065 53.583458500000063)","Unfall 155675 (2024) Kat:3, Licht: 0","155675","3","4","6","12","12","7","","0","0","1","1","0"
"POINT (9.992054161000056 53.557714645000033)","Unfall 155676 (2024) Kat:3, Licht: 2","155676","3","7","1","12","16","5","","2","0","1","0","0"
"POINT (9.959936727000070 53.464675950000071)","Unfall 155677 (2024) Kat:3, Licht: 2","155677","3","4","6","12","20","4","","2","0","1","1","0"
"POINT (9.998058876000073 53.444443942000078)","Unfall 155678 (2024) Kat:3, Licht: 0","155678","3","5","1","12","11","4","","0","0","1","0","0"
"POINT (10.009129613000027 53.496474118000037)","Unfall 155679 (2024) Kat:3, Licht: 2","155679","3","3","5","12","21","4","","2","0","1","0","0"
"POINT (10.174002273000042 53.488056184000072)","Unfall 155680 (2024) Kat:3, Licht: 2","155680","3","1","0","12","18","4","","2","1","0","0","0"
"POINT (10.096342477000064 53.532593643000041)","Unfall 155681 (2024) Kat:3, Licht: 2","155681","3","2","6","12","17","4","","2","0","1","1","0"
"POINT (10.070793744000071 53.555113727000048)","Unfall 155682 (2024) Kat:3, Licht: 1","155682","3","6","3","12","07","4","","1","1","1","0","0"
"POINT (10.132613195000033 53.605117594000035)","Unfall 155683 (2024) Kat:3, Licht: 2","155683","3","1","9","12","17","4","","2","0","1","0","0"
"POINT (10.074675689000060 53.611945484000046)","Unfall 155684 (2024) Kat:3, Licht: 2","155684","3","2","5","12","16","4","","2","1","0","0","0"
"POINT (10.134751745000074 53.670254538000052)","Unfall 155685 (2024) Kat:3, Licht: 2","155685","3","2","6","12","19","4","","2","0","1","1","0"
"POINT (10.008253127000046 53.626840298000047)","Unfall 155686 (2024) Kat:3, Licht: 0","155686","3","6","3","12","10","4","","0","0","1","0","0"
"POINT (10.030496283000048 53.564025066000056)","Unfall 155687 (2024) Kat:3, Licht: 0","155687","3","7","3","12","13","4","","0","1","0","0","0"
"POINT (9.871169359000021 53.592535018000035)","Unfall 155688 (2024) Kat:2, Licht: 2","155688","2","2","5","12","18","4","","2","0","1","0","1"
"POINT (9.897475896000060 53.571419000000049)","Unfall 155689 (2024) Kat:3, Licht: 0","155689","3","6","3","12","13","4","","0","0","0","0","0"
"POINT (9.922244276000072 53.561568066000063)","Unfall 155690 (2024) Kat:3, Licht: 0","155690","3","2","3","12","08","4","","0","1","0","0","0"
"POINT (9.921634992000065 53.631856490000075)","Unfall 155691 (2024) Kat:2, Licht: 2","155691","2","2","5","12","20","4","","2","0","0","0","0"
"POINT (9.952022336000027 53.601250853000067)","Unfall 155692 (2024) Kat:3, Licht: 2","155692","3","2","6","12","17","4","","2","0","1","1","0"
"POINT (9.988403699000060 53.592279105000046)","Unfall 155693 (2024) Kat:3, Licht: 0","155693","3","7","3","12","12","4","","0","0","1","0","0"
"POINT (9.942070960000024 53.577243903000067)","Unfall 155694 (2024) Kat:3, Licht: 0","155694","3","7","0","12","08","4","","0","0","0","0","0"
"POINT (9.985184849000063 53.583180809000055)","Unfall 155695 (2024) Kat:3, Licht: 0","155695","3","3","5","12","14","4","","0","1","1","0","0"
"POINT (10.013567803000058 53.561295075000032)","Unfall 155696 (2024) Kat:3, Licht: 0","155696","3","3","5","12","15","4","","0","1","1","0","0"
"POINT (9.937598945000047 53.430617222000080)","Unfall 155697 (2024) Kat:3, Licht: 2","155697","3","5","5","12","17","3","","2","0","1","0","0"
"POINT (10.042627388000028 53.521896448000064)","Unfall 155698 (2024) Kat:3, Licht: 0","155698","3","2","3","12","14","3","","0","1","0","0","0"
"POINT (10.024543049000044 53.530447641000080)","Unfall 155699 (2024) Kat:3, Licht: 2","155699","3","6","2","12","06","3","","2","0","1","0","0"
"POINT (10.090996975000053 53.506675014000052)","Unfall 155700 (2024) Kat:3, Licht: 0","155700","3","2","2","12","11","3","","0","0","1","0","0"
"POINT (10.080754792000050 53.549379473000045)","Unfall 155701 (2024) Kat:3, Licht: 1","155701","3","5","1","12","17","3","","1","0","1","0","0"
"POINT (10.149715010000023 53.586417230000052)","Unfall 155702 (2024) Kat:3, Licht: 1","155702","3","3","5","12","07","3","","1","0","1","0","0"
"POINT (10.080178696000075 53.608314781000047)","Unfall 155703 (2024) Kat:3, Licht: 2","155703","3","2","5","12","18","3","","2","0","1","0","0"
"POINT (10.079952155000058 53.608389402000057)","Unfall 155704 (2024) Kat:3, Licht: 2","155704","3","2","5","12","07","3","","2","1","0","0","0"
"POINT (10.004718821000040 53.657377122000071)","Unfall 155705 (2024) Kat:3, Licht: 1","155705","3","7","0","12","08","3","","1","1","0","0","0"
"POINT (9.999419377000038 53.591516032000072)","Unfall 155706 (2024) Kat:3, Licht: 2","155706","3","5","5","12","18","3","","2","1","1","0","0"
"POINT (10.025634781000065 53.587835030000065)","Unfall 155707 (2024) Kat:3, Licht: 0","155707","3","5","1","12","08","3","","0","0","1","0","0"
"POINT (9.911746403000052 53.602791514000046)","Unfall 155708 (2024) Kat:2, Licht: 2","155708","2","3","5","12","18","3","","2","1","1","0","0"
"POINT (9.904806579000024 53.609962070000051)","Unfall 155709 (2024) Kat:3, Licht: 0","155709","3","2","6","12","08","3","","0","0","1","1","0"
"POINT (9.920516900000052 53.589631722000036)","Unfall 155710 (2024) Kat:3, Licht: 2","155710","3","4","6","12","18","3","","2","0","1","1","0"
"POINT (9.908501609000041 53.563873284000067)","Unfall 155711 (2024) Kat:3, Licht: 2","155711","3","4","6","12","16","3","","2","0","1","1","0"
"POINT (9.910670002000074 53.565885248000029)","Unfall 155712 (2024) Kat:3, Licht: 0","155712","3","6","2","12","11","3","","0","0","1","0","0"
"POINT (9.876187370000025 53.588324260000036)","Unfall 155713 (2024) Kat:3, Licht: 2","155713","3","2","6","12","07","3","","2","0","1","1","0"
"POINT (9.952596510000035 53.633390055000064)","Unfall 155714 (2024) Kat:3, Licht: 2","155714","3","2","5","12","07","3","","2","0","1","0","0"
"POINT (9.925737687000037 53.628886563000037)","Unfall 155715 (2024) Kat:2, Licht: 2","155715","2","2","5","12","06","3","","2","1","1","0","0"
"POINT (9.983730724000054 53.583810990000075)","Unfall 155716 (2024) Kat:3, Licht: 2","155716","3","6","2","12","17","3","","2","0","1","0","0"
"POINT (9.962931004000041 53.569439044000035)","Unfall 155717 (2024) Kat:3, Licht: 0","155717","3","6","2","12","09","3","","0","0","1","0","0"
"POINT (9.956905383000048 53.599102737000067)","Unfall 155718 (2024) Kat:3, Licht: 0","155718","3","5","1","12","13","3","","0","1","1","0","0"
"POINT (9.924724504000039 53.557934773000056)","Unfall 155719 (2024) Kat:3, Licht: 0","155719","3","7","0","12","09","3","","0","0","1","0","0"
"POINT (9.948258936000059 53.558208370000045)","Unfall 155720 (2024) Kat:3, Licht: 2","155720","3","1","0","12","17","3","","2","1","0","0","0"
"POINT (9.999828606000051 53.554916077000030)","Unfall 155721 (2024) Kat:3, Licht: 2","155721","3","6","3","12","18","3","","2","0","1","0","1"
"POINT (9.984980102000065 53.455658296000081)","Unfall 155722 (2024) Kat:3, Licht: 1","155722","3","3","5","12","16","2","","1","0","1","0","0"
"POINT (9.977214219000075 53.511555711000028)","Unfall 155723 (2024) Kat:3, Licht: 0","155723","3","2","2","12","13","2","","0","0","1","0","0"
"POINT (10.190400019000037 53.504126673000030)","Unfall 155724 (2024) Kat:3, Licht: 0","155724","3","7","0","12","12","2","","0","0","0","1","0"
"POINT (10.070019722000040 53.603158192000080)","Unfall 155725 (2024) Kat:3, Licht: 2","155725","3","2","3","12","17","2","","2","0","1","0","0"
"POINT (9.886709004000068 53.620707878000076)","Unfall 155726 (2024) Kat:3, Licht: 2","155726","3","3","6","12","16","2","","2","0","1","1","0"
"POINT (9.865042013000050 53.557089231000077)","Unfall 155727 (2024) Kat:3, Licht: 2","155727","3","3","5","12","16","2","","2","1","1","0","0"
"POINT (9.936071845000072 53.548061418000032)","Unfall 155728 (2024) Kat:3, Licht: 0","155728","3","6","2","12","12","2","","0","0","1","0","0"
"POINT (10.005121669000062 53.550129509000044)","Unfall 155729 (2024) Kat:3, Licht: 2","155729","3","6","3","12","16","2","","2","0","1","0","0"
"POINT (10.078452026000036 53.550251209000066)","Unfall 155730 (2024) Kat:3, Licht: 0","155730","3","2","5","12","15","1","","0","0","1","0","0"
"POINT (10.074426171000027 53.567701957000054)","Unfall 155731 (2024) Kat:2, Licht: 0","155731","2","6","2","12","15","1","","0","0","1","0","0"
"POINT (10.028796715000055 53.571294651000073)","Unfall 155732 (2024) Kat:3, Licht: 2","155732","3","1","0","12","04","1","","2","1","0","0","0"
"POINT (9.900256593000051 53.610656650000067)","Unfall 155733 (2024) Kat:3, Licht: 2","155733","3","7","0","12","20","1","","2","0","0","0","0"
"POINT (9.917808038000032 53.625814488000060)","Unfall 155734 (2024) Kat:3, Licht: 0","155734","3","5","5","12","14","1","","0","0","1","0","0"
"POINT (9.949871501000075 53.572618564000038)","Unfall 155735 (2024) Kat:3, Licht: 1","155735","3","7","0","12","07","1","","1","0","0","0","0"
"POINT (9.972501034000061 53.557025376000070)","Unfall 155736 (2024) Kat:3, Licht: 0","155736","3","2","0","12","13","1","","0","0","1","0","0"
"POINT (10.239748623000025 53.475586587000066)","Unfall 155737 (2024) Kat:3, Licht: 0","155737","3","3","5","11","11","7","","0","0","1","0","0"
"POINT (10.106695621000028 53.547040903000038)","Unfall 155738 (2024) Kat:3, Licht: 2","155738","3","1","0","11","23","7","","2","1","0","0","0"
"POINT (10.147781531000021 53.540901321000035)","Unfall 155739 (2024) Kat:3, Licht: 0","155739","3","2","5","11","12","7","","0","0","1","0","0"
"POINT (10.098172863000059 53.553186455000059)","Unfall 155740 (2024) Kat:3, Licht: 0","155740","3","3","5","11","10","7","","0","1","1","0","0"
"POINT (10.036476385000071 53.533888931000035)","Unfall 155741 (2024) Kat:2, Licht: 2","155741","2","5","1","11","19","7","","2","1","1","0","0"
"POINT (10.042637296000066 53.555606207000039)","Unfall 155742 (2024) Kat:3, Licht: 0","155742","3","2","2","11","12","7","","0","0","0","0","0"
"POINT (10.117532176000054 53.606066414000054)","Unfall 155743 (2024) Kat:3, Licht: 0","155743","3","7","6","11","14","7","","0","0","1","1","0"
"POINT (10.078782190000027 53.575893926000049)","Unfall 155744 (2024) Kat:2, Licht: 1","155744","2","1","9","11","16","7","","1","0","1","0","0"
"POINT (10.081988529000057 53.571325206000040)","Unfall 155745 (2024) Kat:3, Licht: 0","155745","3","7","0","11","12","7","","0","0","0","0","1"
"POINT (10.062963058000037 53.602371426000047)","Unfall 155746 (2024) Kat:3, Licht: 2","155746","3","5","5","11","05","7","","2","1","1","0","0"
"POINT (10.078063288000067 53.613526012000079)","Unfall 155747 (2024) Kat:3, Licht: 0","155747","3","7","0","11","11","7","","0","1","0","0","0"
"POINT (10.044028114000071 53.594497304000072)","Unfall 155748 (2024) Kat:3, Licht: 2","155748","3","6","0","11","17","7","","2","0","1","0","0"
"POINT (9.983328429000039 53.595226163000063)","Unfall 155749 (2024) Kat:2, Licht: 2","155749","2","7","0","11","01","7","","2","0","0","0","0"
"POINT (9.920510604000071 53.559002577000058)","Unfall 155750 (2024) Kat:3, Licht: 2","155750","3","7","0","11","00","7","","2","0","0","0","0"
"POINT (9.982848247000049 53.568357253000045)","Unfall 155751 (2024) Kat:3, Licht: 0","155751","3","5","5","11","08","7","","0","1","1","0","0"
"POINT (10.008189795000021 53.554320661000077)","Unfall 155752 (2024) Kat:3, Licht: 0","155752","3","4","6","11","12","7","","0","0","1","1","0"
"POINT (9.859978338000076 53.467354670000077)","Unfall 155753 (2024) Kat:3, Licht: 0","155753","3","6","4","11","15","6","","0","1","0","0","0"
"POINT (10.007183348000069 53.446044899000071)","Unfall 155754 (2024) Kat:3, Licht: 2","155754","3","1","0","11","23","6","","2","0","0","0","0"
"POINT (9.986529270000062 53.502824675000056)","Unfall 155755 (2024) Kat:3, Licht: 0","155755","3","5","3","11","09","6","","0","0","1","0","0"
"POINT (10.104230286000075 53.544189033000066)","Unfall 155756 (2024) Kat:3, Licht: 2","155756","3","3","5","11","18","6","","2","1","1","0","0"
"POINT (10.097525843000028 53.534082736000073)","Unfall 155757 (2024) Kat:3, Licht: 0","155757","3","2","6","11","12","6","","0","0","1","1","0"
"POINT (10.056481015000031 53.549600215000055)","Unfall 155758 (2024) Kat:3, Licht: 0","155758","3","2","6","11","09","6","","0","0","1","1","0"
"POINT (10.140095537000036 53.675423117000037)","Unfall 155759 (2024) Kat:3, Licht: 0","155759","3","2","5","11","08","6","","0","1","0","0","0"
"POINT (10.010158319000027 53.648626573000058)","Unfall 155760 (2024) Kat:3, Licht: 0","155760","3","3","5","11","14","6","","0","0","1","0","0"
"POINT (10.001457462000076 53.662457137000047)","Unfall 155761 (2024) Kat:3, Licht: 0","155761","3","6","2","11","14","6","","0","0","1","0","0"
"POINT (10.013727581000069 53.600042253000026)","Unfall 155762 (2024) Kat:3, Licht: 0","155762","3","2","5","11","14","6","","0","0","1","0","0"
"POINT (10.036554152000065 53.574534482000047)","Unfall 155763 (2024) Kat:2, Licht: 0","155763","2","3","5","11","13","6","","0","1","1","0","0"
"POINT (10.054801735000069 53.571818553000071)","Unfall 155764 (2024) Kat:3, Licht: 0","155764","3","3","5","11","13","6","","0","0","0","0","0"
"POINT (9.843922615000054 53.550557797000067)","Unfall 155765 (2024) Kat:3, Licht: 1","155765","3","4","6","11","17","6","","1","0","1","1","0"
"POINT (9.861159284000053 53.583520860000078)","Unfall 155766 (2024) Kat:3, Licht: 0","155766","3","6","2","12","15","6","","0","0","1","0","0"
"POINT (9.995761147000053 53.559354999000050)","Unfall 155767 (2024) Kat:3, Licht: 0","155767","3","7","0","11","14","6","","0","0","0","0","0"
"POINT (9.964570317000039 53.557073023000044)","Unfall 155768 (2024) Kat:3, Licht: 2","155768","3","4","6","11","22","6","","2","1","0","1","0"
"POINT (10.103525348000062 53.543278286000032)","Unfall 155769 (2024) Kat:3, Licht: 0","155769","3","7","0","11","15","5","","0","0","0","0","0"
"POINT (10.161871465000047 53.619469509000055)","Unfall 155770 (2024) Kat:3, Licht: 2","155770","3","3","5","11","17","5","","2","0","1","0","0"
"POINT (10.119171702000074 53.605544957000063)","Unfall 155771 (2024) Kat:3, Licht: 0","155771","3","6","2","11","09","5","","0","0","1","0","0"
"POINT (10.103578891000041 53.703636394000057)","Unfall 155772 (2024) Kat:3, Licht: 2","155772","3","2","5","11","16","5","","2","1","1","0","0"
"POINT (10.161772133000056 53.650476716000071)","Unfall 155773 (2024) Kat:3, Licht: 0","155773","3","3","5","11","14","5","","0","1","1","0","0"
"POINT (9.896689226000035 53.604770745000053)","Unfall 155774 (2024) Kat:3, Licht: 2","155774","3","3","5","11","17","5","","2","0","1","0","0"
"POINT (9.981120337000050 53.601356108000061)","Unfall 155775 (2024) Kat:3, Licht: 0","155775","3","5","5","11","13","5","","0","0","1","0","0"
"POINT (9.975626680000062 53.578779535000081)","Unfall 155776 (2024) Kat:3, Licht: 2","155776","3","1","9","11","00","5","","2","0","1","0","0"
"POINT (9.985824654000055 53.551091312000040)","Unfall 155777 (2024) Kat:3, Licht: 2","155777","3","7","0","11","18","5","","2","1","1","0","0"
"POINT (9.987514965000059 53.438866544000064)","Unfall 155778 (2024) Kat:3, Licht: 0","155778","3","6","2","11","10","4","","0","0","1","0","0"
"POINT (10.211076894000030 53.513184459000058)","Unfall 155779 (2024) Kat:2, Licht: 2","155779","2","1","9","11","23","4","","2","0","1","0","0"
"POINT (9.878842049000070 53.533045525000034)","Unfall 155780 (2024) Kat:3, Licht: 2","155780","3","2","6","12","18","6","","2","0","1","1","0"
"POINT (10.201882660000024 53.485372605000066)","Unfall 155781 (2024) Kat:3, Licht: 2","155781","3","2","5","11","18","4","","2","1","1","0","0"
"POINT (10.197762529000045 53.479658067000059)","Unfall 155782 (2024) Kat:3, Licht: 2","155782","3","2","6","11","16","4","","2","0","0","1","0"
"POINT (10.240011294000055 53.476051039000026)","Unfall 155783 (2024) Kat:3, Licht: 2","155783","3","3","5","11","17","4","","2","0","1","0","0"
"POINT (10.083622704000049 53.538828713000044)","Unfall 155784 (2024) Kat:3, Licht: 2","155784","3","2","5","11","17","4","","2","1","1","0","0"
"POINT (10.107312923000052 53.541937430000075)","Unfall 155785 (2024) Kat:3, Licht: 2","155785","3","3","6","11","07","4","","2","0","0","1","0"
"POINT (10.060320734000072 53.562074235000068)","Unfall 155786 (2024) Kat:3, Licht: 0","155786","3","3","5","11","12","4","","0","1","1","0","0"
"POINT (10.151450778000026 53.600350440000057)","Unfall 155787 (2024) Kat:3, Licht: 2","155787","3","6","0","11","17","4","","2","0","0","0","0"
"POINT (10.152757596000072 53.596543230000066)","Unfall 155788 (2024) Kat:3, Licht: 2","155788","3","2","5","11","16","4","","2","1","0","0","0"
"POINT (10.152456855000025 53.603900694000060)","Unfall 155789 (2024) Kat:3, Licht: 2","155789","3","3","5","11","16","4","","2","0","1","0","0"
"POINT (10.122172608000028 53.578965879000066)","Unfall 155790 (2024) Kat:3, Licht: 0","155790","3","5","5","11","13","4","","0","0","1","0","0"
"POINT (10.124909225000067 53.586136563000082)","Unfall 155791 (2024) Kat:3, Licht: 0","155791","3","2","5","11","12","4","","0","0","1","0","0"