WKT,Name,OBJECTID,UKATEGORIE,UTYP1,UART,UMONAT,USTUNDE,UWOCHENTAG,STRZUSTAND,ULICHTVERH,ISTRAD,ISTPKW,ISTFUSS,ISTKRAD
"POINT (10.124561441000026 53.587207855000031)","Unfall 155792 (2024) Kat:3, Licht: 1","155792","3","6","4","11","06","4","","1","1","0","0","0"
"POINT (10.132827783000039 53.624253482000029)","Unfall 155793 (2024) Kat:3, Licht: 2","155793","3","2","4","11","18","4","","2","0","1","0","0"
"POINT (10.060188967000045 53.571730668000043)","Unfall 155794 (2024) Kat:3, Licht: 2","155794","3","2","5","11","17","4","","2","1","0","0","0"
"POINT (10.084180024000034 53.580202158000077)","Unfall 155795 (2024) Kat:3, Licht: 2","155795","3","5","1","11","16","4","","2","0","1","0","0"
"POINT (10.084695586000066 53.613239214000032)","Unfall 155796 (2024) Kat:3, Licht: 0","155796","3","7","3","11","07","4","","0","1","0","0","0"
"POINT (10.013118152000061 53.649300915000026)","Unfall 155797 (2024) Kat:3, Licht: 2","155797","3","4","6","11","18","4","","2","0","0","1","0"
"POINT (9.992761414000029 53.602147342000080)","Unfall 155798 (2024) Kat:3, Licht: 0","155798","3","6","2","11","13","4","","0","0","1","0","0"
"POINT (10.045587791000059 53.564673464000066)","Unfall 155799 (2024) Kat:3, Licht: 2","155799","3","7","3","11","19","4","","2","0","0","0","1"
"POINT (10.037853203000054 53.569484797000030)","Unfall 155800 (2024) Kat:3, Licht: 2","155800","3","2","6","11","17","4","","2","0","1","1","0"
"POINT (10.047359080000035 53.584422245000042)","Unfall 155801 (2024) Kat:3, Licht: 2","155801","3","3","5","11","16","4","","2","1","1","0","0"
"POINT (9.905117906000044 53.608359946000064)","Unfall 155802 (2024) Kat:3, Licht: 2","155802","3","5","1","11","17","4","","2","0","0","0","0"
"POINT (9.991398836000030 53.443238048000069)","Unfall 155803 (2024) Kat:3, Licht: 1","155803","3","2","5","12","08","3","","1","1","1","0","0"
"POINT (9.868569869000055 53.547792524000045)","Unfall 155804 (2024) Kat:3, Licht: 2","155804","3","7","0","11","17","4","","2","0","0","0","1"
"POINT (9.996367848000034 53.550644813000076)","Unfall 155805 (2024) Kat:3, Licht: 2","155805","3","7","3","11","19","4","","2","1","1","0","0"
"POINT (10.005127459000050 53.547923954000055)","Unfall 155806 (2024) Kat:3, Licht: 2","155806","3","3","5","11","18","4","","2","1","0","0","0"
"POINT (10.018178489000036 53.552585014000044)","Unfall 155807 (2024) Kat:3, Licht: 2","155807","3","2","5","11","17","4","","2","1","1","0","0"
"POINT (10.013526944000034 53.561265487000071)","Unfall 155808 (2024) Kat:3, Licht: 2","155808","3","3","5","11","17","4","","2","1","1","0","0"
"POINT (9.875599339000075 53.473821362000081)","Unfall 155809 (2024) Kat:3, Licht: 2","155809","3","3","5","11","20","3","","2","0","1","0","0"
"POINT (9.988034458000072 53.510391951000031)","Unfall 155810 (2024) Kat:3, Licht: 1","155810","3","7","3","11","16","3","","1","1","1","0","0"
"POINT (10.053275004000056 53.555285275000074)","Unfall 155811 (2024) Kat:3, Licht: 2","155811","3","5","1","11","17","3","","2","0","0","0","1"
"POINT (10.123085129000060 53.610757931000080)","Unfall 155812 (2024) Kat:2, Licht: 2","155812","2","7","3","11","17","3","","2","0","1","0","0"
"POINT (10.128162232000022 53.601657902000056)","Unfall 155813 (2024) Kat:3, Licht: 0","155813","3","2","5","11","10","3","","0","0","1","0","0"
"POINT (10.169628401000068 53.625410285000044)","Unfall 155814 (2024) Kat:3, Licht: 0","155814","3","6","2","11","08","3","","0","0","1","0","0"
"POINT (10.179391693000071 53.629365278000080)","Unfall 155815 (2024) Kat:3, Licht: 0","155815","3","6","2","11","12","3","","0","0","1","0","0"
"POINT (10.099504536000040 53.569565913000076)","Unfall 155816 (2024) Kat:3, Licht: 2","155816","3","7","6","11","18","3","","2","1","0","1","0"
"POINT (10.092304680000041 53.638536344000045)","Unfall 155817 (2024) Kat:3, Licht: 1","155817","3","7","0","11","07","3","","1","1","0","0","0"
"POINT (9.905028483000024 53.562644151000029)","Unfall 155818 (2024) Kat:3, Licht: 0","155818","3","3","5","11","09","3","","0","1","1","0","0"
"POINT (9.907127937000041 53.632402909000064)","Unfall 155819 (2024) Kat:3, Licht: 0","155819","3","6","2","11","08","3","","0","0","1","0","0"
"POINT (9.988684490000026 53.573720262000052)","Unfall 155820 (2024) Kat:3, Licht: 2","155820","3","6","2","11","18","3","","2","0","1","0","0"
"POINT (10.019236202000059 53.539002606000054)","Unfall 155821 (2024) Kat:3, Licht: 2","155821","3","2","5","11","20","3","","2","0","1","0","0"
"POINT (10.186805379000077 53.490540625000051)","Unfall 155822 (2024) Kat:3, Licht: 0","155822","3","3","5","11","10","2","","0","1","1","0","0"
"POINT (10.205081176000022 53.503577411000038)","Unfall 155823 (2024) Kat:3, Licht: 2","155823","3","7","0","11","18","2","","2","0","0","0","1"
"POINT (10.078227463000076 53.589367852000066)","Unfall 155824 (2024) Kat:3, Licht: 2","155824","3","2","5","11","18","2","","2","1","1","0","0"
"POINT (10.070879786000035 53.572367030000066)","Unfall 155825 (2024) Kat:3, Licht: 0","155825","3","6","2","11","09","2","","0","0","1","0","0"
"POINT (10.026676872000053 53.626370462000068)","Unfall 155826 (2024) Kat:3, Licht: 0","155826","3","3","5","11","07","2","","0","0","1","0","0"
"POINT (10.054374465000024 53.574198666000029)","Unfall 155827 (2024) Kat:3, Licht: 0","155827","3","3","5","11","10","2","","0","0","1","0","0"
"POINT (9.901108009000041 53.619053347000033)","Unfall 155828 (2024) Kat:2, Licht: 2","155828","2","2","6","11","18","2","","2","0","1","1","0"
"POINT (10.002094133000071 53.548669569000026)","Unfall 155829 (2024) Kat:3, Licht: 0","155829","3","2","3","11","11","2","","0","1","1","0","0"
"POINT (10.210636404000070 53.502023583000039)","Unfall 155830 (2024) Kat:3, Licht: 2","155830","3","6","2","11","17","1","","2","0","1","0","0"
"POINT (10.111459788000047 53.637446799000031)","Unfall 155831 (2024) Kat:3, Licht: 2","155831","3","7","0","11","03","1","","2","1","0","0","0"
"POINT (10.020734855000057 53.565332446000070)","Unfall 155832 (2024) Kat:3, Licht: 0","155832","3","6","6","11","15","1","","0","1","0","1","0"
"POINT (9.959819372000027 53.547549430000061)","Unfall 155833 (2024) Kat:3, Licht: 2","155833","3","2","6","11","22","1","","2","0","1","1","0"
"POINT (10.001323787000047 53.550032012000031)","Unfall 155834 (2024) Kat:3, Licht: 2","155834","3","7","0","11","17","1","","2","0","1","0","0"
"POINT (10.019163294000066 53.539014976000033)","Unfall 155835 (2024) Kat:3, Licht: 0","155835","3","3","5","11","14","1","","0","0","1","0","0"
"POINT (10.003992500000038 53.554001301000028)","Unfall 155836 (2024) Kat:2, Licht: 2","155836","2","2","5","11","00","1","","2","0","1","0","0"
"POINT (10.012655612000060 53.552421730000049)","Unfall 155837 (2024) Kat:3, Licht: 2","155837","3","6","3","11","00","1","","2","0","1","0","0"
"POINT (9.874996558000021 53.477342935000081)","Unfall 155838 (2024) Kat:3, Licht: 0","155838","3","3","5","11","10","7","","0","0","1","0","0"
"POINT (9.996240008000029 53.443057335000049)","Unfall 155839 (2024) Kat:3, Licht: 2","155839","3","7","0","11","05","7","","2","0","0","0","0"
"POINT (10.157801320000033 53.485926219000078)","Unfall 155840 (2024) Kat:3, Licht: 2","155840","3","5","1","11","23","7","","2","0","1","0","0"
"POINT (10.145627707000074 53.472076578000042)","Unfall 155841 (2024) Kat:3, Licht: 1","155841","3","1","9","11","05","7","","1","0","1","0","0"
"POINT (9.946232485000053 53.593618017000040)","Unfall 155842 (2024) Kat:3, Licht: 0","155842","3","7","2","12","14","2","","0","0","1","0","0"
"POINT (10.158775216000038 53.486103252000078)","Unfall 155843 (2024) Kat:3, Licht: 1","155843","3","4","6","11","20","7","","1","0","0","1","0"
"POINT (10.040098719000071 53.546407374000069)","Unfall 155844 (2024) Kat:3, Licht: 2","155844","3","7","0","11","20","7","","2","1","0","0","0"
"POINT (10.002381025000034 53.557341659000031)","Unfall 155846 (2024) Kat:3, Licht: 0","155846","3","6","6","11","13","7","","0","1","0","1","0"
"POINT (10.212076612000033 53.504056113000047)","Unfall 155847 (2024) Kat:3, Licht: 0","155847","3","6","2","11","11","6","","0","0","1","0","0"
"POINT (10.083140186000037 53.545500243000049)","Unfall 155848 (2024) Kat:3, Licht: 0","155848","3","6","2","11","11","6","","0","0","1","0","0"
"POINT (10.199679581000055 53.500249817000054)","Unfall 155849 (2024) Kat:2, Licht: 2","155849","2","7","8","12","04","1","","2","0","1","0","0"
"POINT (10.107300202000033 53.541940853000028)","Unfall 155850 (2024) Kat:3, Licht: 2","155850","3","5","1","11","22","6","","2","0","1","0","0"
"POINT (10.082120155000041 53.557456161000061)","Unfall 155851 (2024) Kat:3, Licht: 1","155851","3","4","6","11","07","6","","1","1","0","1","0"
"POINT (10.052047791000064 53.555323548000047)","Unfall 155852 (2024) Kat:3, Licht: 2","155852","3","5","5","11","21","6","","2","0","1","0","0"
"POINT (10.122895578000055 53.591305549000026)","Unfall 155853 (2024) Kat:3, Licht: 0","155853","3","3","5","11","13","6","","0","0","1","0","0"
"POINT (10.153748519000033 53.604917926000041)","Unfall 155854 (2024) Kat:3, Licht: 2","155854","3","4","6","11","19","6","","2","0","1","1","0"
"POINT (10.148083744000076 53.605465896000055)","Unfall 155855 (2024) Kat:3, Licht: 2","155855","3","1","0","11","17","6","","2","0","1","0","0"
"POINT (10.122791816000074 53.591774547000057)","Unfall 155856 (2024) Kat:3, Licht: 0","155856","3","7","0","11","14","6","","0","1","0","0","0"
"POINT (10.078333026000053 53.564125656000044)","Unfall 155857 (2024) Kat:3, Licht: 0","155857","3","5","8","11","12","6","","0","0","1","0","0"
"POINT (10.160528021000061 53.653122908000057)","Unfall 155858 (2024) Kat:3, Licht: 1","155858","3","2","2","11","18","6","","1","0","1","0","0"
"POINT (10.037446909000039 53.576212544000043)","Unfall 155859 (2024) Kat:3, Licht: 0","155859","3","6","2","11","10","6","","0","0","1","0","0"
"POINT (9.975473322000028 53.560386095000069)","Unfall 155860 (2024) Kat:3, Licht: 2","155860","3","7","3","11","20","6","","2","0","1","0","0"
"POINT (10.004137255000046 53.546674580000058)","Unfall 155861 (2024) Kat:3, Licht: 2","155861","3","3","5","11","18","6","","2","1","0","0","0"
"POINT (10.015883445000043 53.555171887000029)","Unfall 155862 (2024) Kat:3, Licht: 2","155862","3","7","0","11","23","6","","2","0","0","0","0"
"POINT (9.855101172000047 53.472513907000064)","Unfall 155863 (2024) Kat:3, Licht: 2","155863","3","2","6","11","18","5","","2","0","1","1","0"
"POINT (10.169456637000053 53.468096291000052)","Unfall 155864 (2024) Kat:3, Licht: 0","155864","3","7","7","11","09","5","","0","0","0","0","1"
"POINT (10.080312466000066 53.531976166000049)","Unfall 155865 (2024) Kat:3, Licht: 2","155865","3","6","2","11","16","5","","2","0","1","0","0"
"POINT (10.125020652000046 53.541669066000054)","Unfall 155866 (2024) Kat:3, Licht: 0","155866","3","6","4","11","14","5","","0","0","1","0","0"
"POINT (10.046609841000077 53.562654243000054)","Unfall 155867 (2024) Kat:3, Licht: 2","155867","3","4","6","11","16","5","","2","0","1","1","0"
"POINT (10.110182533000057 53.581991195000057)","Unfall 155868 (2024) Kat:3, Licht: 2","155868","3","4","6","11","18","5","","2","0","1","1","0"
"POINT (10.100869826000064 53.550046980000047)","Unfall 155869 (2024) Kat:3, Licht: 2","155869","3","7","0","12","20","4","","2","1","0","0","0"
"POINT (10.127888435000045 53.618912569000031)","Unfall 155870 (2024) Kat:3, Licht: 2","155870","3","7","6","11","16","5","","2","0","0","1","0"
"POINT (10.099604524000029 53.569584244000055)","Unfall 155871 (2024) Kat:3, Licht: 2","155871","3","6","2","11","16","5","","2","0","1","0","0"
"POINT (10.070279090000042 53.573199058000057)","Unfall 155872 (2024) Kat:3, Licht: 1","155872","3","2","5","11","16","5","","1","0","1","0","0"
"POINT (10.080340548000038 53.611633860000040)","Unfall 155873 (2024) Kat:3, Licht: 2","155873","3","3","5","11","17","5","","2","0","1","0","0"
"POINT (10.025753346000045 53.669476638000049)","Unfall 155874 (2024) Kat:3, Licht: 2","155874","3","2","6","11","17","5","","2","0","1","1","0"
"POINT (9.910743814000057 53.559609599000055)","Unfall 155875 (2024) Kat:3, Licht: 2","155875","3","6","2","11","18","5","","2","0","1","0","0"
"POINT (9.887086165000028 53.560127845000068)","Unfall 155876 (2024) Kat:3, Licht: 1","155876","3","7","0","11","06","5","","1","0","1","0","0"
"POINT (9.988316855000051 53.581318794000026)","Unfall 155877 (2024) Kat:3, Licht: 2","155877","3","7","0","11","18","5","","2","1","0","0","0"
"POINT (9.995125173000076 53.570617735000042)","Unfall 155878 (2024) Kat:3, Licht: 0","155878","3","2","5","11","09","5","","0","0","1","0","0"
"POINT (9.991065020000065 53.446175171000050)","Unfall 155879 (2024) Kat:2, Licht: 2","155879","2","6","3","11","06","4","","2","1","1","0","0"
"POINT (10.191477308000060 53.511694946000034)","Unfall 155880 (2024) Kat:3, Licht: 0","155880","3","6","2","11","11","4","","0","0","0","0","0"
"POINT (10.090689876000056 53.504794623000066)","Unfall 155881 (2024) Kat:3, Licht: 0","155881","3","6","4","11","09","4","","0","0","0","0","0"
"POINT (10.214587633000065 53.504193096000051)","Unfall 155882 (2024) Kat:3, Licht: 1","155882","3","4","6","11","06","4","","1","0","1","1","0"
"POINT (10.144658830000026 53.545180592000065)","Unfall 155883 (2024) Kat:3, Licht: 1","155883","3","2","5","11","16","4","","1","0","1","0","0"
"POINT (10.034157650000054 53.552361296000072)","Unfall 155884 (2024) Kat:3, Licht: 2","155884","3","6","2","11","19","4","","2","0","1","0","0"
"POINT (10.067658444000074 53.553487580000080)","Unfall 155885 (2024) Kat:3, Licht: 2","155885","3","7","0","11","05","4","","2","0","0","0","0"
"POINT (10.135607225000058 53.571022461000041)","Unfall 155886 (2024) Kat:3, Licht: 2","155886","3","2","6","11","05","4","","2","0","1","1","0"
"POINT (10.078828580000049 53.579527297000027)","Unfall 155887 (2024) Kat:3, Licht: 2","155887","3","3","5","11","16","4","","2","1","1","0","0"
"POINT (10.029614298000070 53.588178963000075)","Unfall 155888 (2024) Kat:3, Licht: 0","155888","3","7","0","11","14","4","","0","1","0","0","0"
"POINT (9.948763852000070 53.562432587000046)","Unfall 155889 (2024) Kat:3, Licht: 0","155889","3","2","5","11","09","4","","0","1","1","0","0"
"POINT (9.990905659000020 53.560318005000056)","Unfall 155890 (2024) Kat:3, Licht: 0","155890","3","6","2","11","12","4","","0","0","1","0","1"
"POINT (9.988066441000058 53.556591849000029)","Unfall 155891 (2024) Kat:3, Licht: 0","155891","3","6","3","11","12","4","","0","0","0","0","0"
"POINT (9.997328051000068 53.556874483000058)","Unfall 155892 (2024) Kat:3, Licht: 0","155892","3","6","3","11","08","4","","0","0","1","0","0"
"POINT (10.013558310000064 53.561288200000035)","Unfall 155893 (2024) Kat:3, Licht: 2","155893","3","3","5","11","17","4","","2","1","1","0","0"
"POINT (9.972553575000063 53.522605518000034)","Unfall 155894 (2024) Kat:3, Licht: 2","155894","3","6","3","11","19","4","","2","0","1","0","0"
"POINT (9.972781719000068 53.533803950000049)","Unfall 155895 (2024) Kat:3, Licht: 2","155895","3","6","2","11","05","4","","2","1","1","0","0"
"POINT (10.081854254000064 53.538317744000040)","Unfall 155896 (2024) Kat:2, Licht: 0","155896","2","7","6","11","14","3","","0","0","1","1","0"
"POINT (10.144650835000050 53.545186993000073)","Unfall 155897 (2024) Kat:3, Licht: 1","155897","3","2","5","11","07","3","","1","0","1","0","0"
"POINT (10.065165159000060 53.559795825000037)","Unfall 155898 (2024) Kat:3, Licht: 2","155898","3","6","2","11","18","3","","2","0","1","0","0"
"POINT (10.134174777000055 53.595007312000064)","Unfall 155899 (2024) Kat:3, Licht: 2","155899","3","6","3","11","19","3","","2","1","1","0","0"
"POINT (10.153928877000055 53.602823748000048)","Unfall 155900 (2024) Kat:3, Licht: 2","155900","3","7","0","11","07","3","","2","1","0","0","0"
"POINT (10.078517356000077 53.584859619000042)","Unfall 155901 (2024) Kat:2, Licht: 2","155901","2","2","5","11","16","3","","2","0","1","0","0"
"POINT (10.065205488000061 53.597950977000039)","Unfall 155902 (2024) Kat:3, Licht: 0","155902","3","2","3","11","14","3","","0","1","1","0","0"
"POINT (10.106809562000024 53.653380426000069)","Unfall 155903 (2024) Kat:3, Licht: 1","155903","3","2","5","11","21","3","","1","0","1","0","0"
"POINT (10.117252818000054 53.649444975000051)","Unfall 155904 (2024) Kat:3, Licht: 0","155904","3","3","5","11","08","3","","0","1","0","0","0"
"POINT (10.046652662000042 53.583045012000071)","Unfall 155905 (2024) Kat:3, Licht: 0","155905","3","3","5","11","08","3","","0","0","1","0","0"
"POINT (10.059429819000059 53.570257437000066)","Unfall 155906 (2024) Kat:3, Licht: 2","155906","3","7","0","11","18","3","","2","1","0","0","0"
"POINT (9.938455375000046 53.592778361000057)","Unfall 155907 (2024) Kat:3, Licht: 0","155907","3","6","2","11","15","3","","0","0","1","0","0"
"POINT (9.972201092000034 53.598533395000061)","Unfall 155908 (2024) Kat:3, Licht: 2","155908","3","5","5","11","17","3","","2","1","1","0","0"
"POINT (9.954641235000054 53.574470213000041)","Unfall 155909 (2024) Kat:3, Licht: 0","155909","3","2","5","11","09","3","","0","1","1","0","0"
"POINT (10.004651622000040 53.556782841000029)","Unfall 155910 (2024) Kat:3, Licht: 1","155910","3","5","5","11","18","3","","1","0","1","0","0"
"POINT (9.858520688000056 53.537507739000034)","Unfall 155911 (2024) Kat:2, Licht: 2","155911","2","5","1","11","17","2","","2","1","1","0","0"
"POINT (10.105214023000030 53.456843148000075)","Unfall 155912 (2024) Kat:3, Licht: 0","155912","3","3","5","11","09","2","","0","0","1","0","0"
"POINT (10.090625615000022 53.549046149000048)","Unfall 155913 (2024) Kat:3, Licht: 2","155913","3","4","6","11","05","2","","2","0","1","1","0"
"POINT (10.041624843000022 53.551098742000079)","Unfall 155914 (2024) Kat:3, Licht: 2","155914","3","3","6","11","17","2","","2","0","1","1","0"
"POINT (10.184748069000022 53.590312331000064)","Unfall 155915 (2024) Kat:3, Licht: 0","155915","3","7","0","11","12","2","","0","0","0","0","0"
"POINT (10.103893667000023 53.701912332000063)","Unfall 155916 (2024) Kat:3, Licht: 1","155916","3","4","6","11","07","2","","1","0","0","1","0"
"POINT (10.013287877000039 53.639741996000055)","Unfall 155917 (2024) Kat:3, Licht: 0","155917","3","2","6","11","06","2","","0","0","1","1","0"
"POINT (10.057256707000022 53.565961650000077)","Unfall 155918 (2024) Kat:3, Licht: 2","155918","3","3","5","11","19","2","","2","0","1","0","0"
"POINT (10.046605585000066 53.583203999000034)","Unfall 155919 (2024) Kat:3, Licht: 0","155919","3","6","2","11","07","2","","0","0","1","0","0"
"POINT (9.911281434000045 53.583635745000038)","Unfall 155920 (2024) Kat:3, Licht: 0","155920","3","5","5","11","08","2","","0","0","0","0","0"
"POINT (9.885356466000076 53.552442204000045)","Unfall 155921 (2024) Kat:3, Licht: 2","155921","3","3","5","11","07","2","","2","1","0","0","0"
"POINT (9.997493191000046 53.578352651000046)","Unfall 155922 (2024) Kat:3, Licht: 0","155922","3","7","0","11","09","2","","0","0","0","0","0"
"POINT (9.957407383000032 53.554754036000077)","Unfall 155923 (2024) Kat:3, Licht: 0","155923","3","3","5","11","12","2","","0","0","1","0","1"
"POINT (10.013522762000036 53.561262458000044)","Unfall 155924 (2024) Kat:3, Licht: 0","155924","3","3","1","11","16","2","","0","1","1","0","0"
"POINT (10.008213252000075 53.552064187000042)","Unfall 155925 (2024) Kat:2, Licht: 2","155925","2","4","6","11","19","2","","2","0","0","1","0"
"POINT (10.132709807000026 53.547181083000055)","Unfall 155926 (2024) Kat:3, Licht: 0","155926","3","3","5","11","10","1","","0","0","1","0","0"
"POINT (10.043610696000030 53.548324277000063)","Unfall 155927 (2024) Kat:3, Licht: 2","155927","3","6","3","11","17","1","","2","0","1","0","0"
"POINT (10.063319522000029 53.536478944000066)","Unfall 155928 (2024) Kat:3, Licht: 2","155928","3","5","5","11","00","1","","2","0","1","0","0"
"POINT (10.089994268000055 53.607341030000043)","Unfall 155929 (2024) Kat:3, Licht: 0","155929","3","6","2","11","14","1","","0","0","1","0","0"
"POINT (9.938797675000046 53.592836770000076)","Unfall 155930 (2024) Kat:3, Licht: 2","155930","3","7","3","11","21","1","","2","0","1","0","0"
"POINT (9.922871215000043 53.588421228000072)","Unfall 155931 (2024) Kat:3, Licht: 2","155931","3","2","6","11","17","1","","2","0","1","1","0"
"POINT (9.892184310000061 53.624932551000029)","Unfall 155932 (2024) Kat:3, Licht: 2","155932","3","3","5","11","20","1","","2","0","1","0","0"
"POINT (9.963417179000032 53.599765946000048)","Unfall 155933 (2024) Kat:3, Licht: 2","155933","3","6","2","11","22","1","","2","0","1","0","0"
"POINT (10.002049130000046 53.556966827000053)","Unfall 155934 (2024) Kat:3, Licht: 2","155934","3","3","5","11","19","4","","2","1","1","0","0"
"POINT (9.962395818000061 53.551329027000065)","Unfall 155935 (2024) Kat:3, Licht: 2","155935","3","2","6","11","18","1","","2","0","1","1","0"
"POINT (10.114816221000069 53.595325465000030)","Unfall 155936 (2024) Kat:3, Licht: 0","155936","3","3","5","11","15","5","","0","0","1","0","0"
"POINT (9.979679705000024 53.527763438000079)","Unfall 155937 (2024) Kat:3, Licht: 2","155937","3","2","5","11","18","1","","2","0","1","0","0"
"POINT (10.013338244000067 53.500704505000044)","Unfall 155938 (2024) Kat:3, Licht: 2","155938","3","5","1","11","03","7","","2","0","1","0","0"
"POINT (10.119643950000068 53.599668931000053)","Unfall 155939 (2024) Kat:3, Licht: 2","155939","3","7","0","11","19","7","","2","1","0","0","0"
"POINT (10.144783637000046 53.632814829000040)","Unfall 155940 (2024) Kat:3, Licht: 2","155940","3","7","0","12","20","2","","2","1","0","0","0"
"POINT (10.062523912000074 53.570911078000051)","Unfall 155941 (2024) Kat:3, Licht: 0","155941","3","7","0","11","13","7","","0","1","0","1","0"
"POINT (10.033705875000066 53.620096155000056)","Unfall 155942 (2024) Kat:3, Licht: 2","155942","3","2","3","11","21","7","","2","0","1","0","0"
"POINT (10.080120064000027 53.617440492000071)","Unfall 155943 (2024) Kat:3, Licht: 0","155943","3","7","0","11","14","7","","0","0","1","0","0"
"POINT (10.120092549000049 53.655440086000056)","Unfall 155944 (2024) Kat:3, Licht: 2","155944","3","2","2","11","20","7","","2","0","1","0","0"
"POINT (10.013188079000031 53.649307879000048)","Unfall 155945 (2024) Kat:3, Licht: 2","155945","3","2","6","11","19","7","","2","0","1","1","0"
"POINT (10.032256566000058 53.596350006000080)","Unfall 155946 (2024) Kat:3, Licht: 2","155946","3","6","2","11","16","5","","2","1","0","0","0"
"POINT (9.917807744000072 53.636302873000034)","Unfall 155947 (2024) Kat:3, Licht: 2","155947","3","3","5","11","18","7","","2","0","1","0","0"
"POINT (9.959599219000040 53.552894582000079)","Unfall 155948 (2024) Kat:3, Licht: 2","155948","3","6","3","11","00","7","","2","1","0","0","0"
"POINT (9.955229620000068 53.548488540000051)","Unfall 155949 (2024) Kat:1, Licht: 2","155949","1","4","6","11","21","7","","2","0","1","1","0"
"POINT (9.985231168000041 53.546227850000037)","Unfall 155950 (2024) Kat:3, Licht: 2","155950","3","6","2","11","18","7","","2","0","1","0","0"
"POINT (9.996951515000035 53.543983593000064)","Unfall 155951 (2024) Kat:3, Licht: 0","155951","3","7","0","11","14","7","","0","0","0","0","0"
"POINT (9.878953519000049 53.473753545000079)","Unfall 155952 (2024) Kat:3, Licht: 0","155952","3","2","0","11","15","6","","0","1","0","0","0"
"POINT (10.180645725000034 53.489540233000071)","Unfall 155953 (2024) Kat:3, Licht: 0","155953","3","7","0","11","08","6","","0","1","0","0","0"
"POINT (9.996889639000074 53.548384529000032)","Unfall 155954 (2024) Kat:3, Licht: 2","155954","3","3","5","12","16","2","","2","0","1","0","0"
"POINT (10.172552926000037 53.607000374000052)","Unfall 155955 (2024) Kat:3, Licht: 2","155955","3","5","5","11","17","6","","2","1","1","0","0"
"POINT (10.149603738000053 53.602236821000076)","Unfall 155956 (2024) Kat:3, Licht: 0","155956","3","7","0","11","13","6","","0","1","0","0","0"
"POINT (10.051575517000060 53.602789498000050)","Unfall 155957 (2024) Kat:3, Licht: 2","155957","3","5","1","11","06","6","","2","0","1","0","0"
"POINT (10.060364218000075 53.631336999000041)","Unfall 155958 (2024) Kat:3, Licht: 0","155958","3","7","0","11","13","6","","0","1","0","0","0"
"POINT (10.041686568000046 53.566883581000070)","Unfall 155959 (2024) Kat:3, Licht: 0","155959","3","6","3","11","07","6","","0","0","1","0","0"
"POINT (9.931627614000035 53.592405814000074)","Unfall 155960 (2024) Kat:3, Licht: 2","155960","3","6","2","11","18","6","","2","0","1","0","0"
"POINT (9.918935271000066 53.590912961000072)","Unfall 155961 (2024) Kat:3, Licht: 0","155961","3","2","5","11","15","6","","0","0","1","0","0"
"POINT (9.898385217000055 53.572125240000048)","Unfall 155962 (2024) Kat:3, Licht: 0","155962","3","5","3","11","08","6","","0","1","1","0","0"
"POINT (9.919568054000024 53.637509909000073)","Unfall 155964 (2024) Kat:3, Licht: 2","155964","3","2","6","11","20","6","","2","0","1","1","0"
"POINT (9.949701678000054 53.555797819000077)","Unfall 155965 (2024) Kat:3, Licht: 0","155965","3","7","0","11","09","6","","0","0","1","0","0"
"POINT (9.917758523000032 53.552384580000080)","Unfall 155966 (2024) Kat:3, Licht: 0","155966","3","2","5","11","15","6","","0","1","1","0","0"
"POINT (9.996853031000057 53.598665069000049)","Unfall 155967 (2024) Kat:3, Licht: 0","155967","3","5","1","11","14","6","","0","0","1","0","0"
"POINT (9.965418803000034 53.561364387000026)","Unfall 155968 (2024) Kat:3, Licht: 0","155968","3","1","8","11","08","6","","0","1","0","0","0"
"POINT (10.019260892000034 53.538998417000073)","Unfall 155969 (2024) Kat:3, Licht: 2","155969","3","7","5","11","19","6","","2","0","1","0","1"
"POINT (9.997576671000047 53.544810878000078)","Unfall 155970 (2024) Kat:3, Licht: 2","155970","3","3","5","11","16","6","","2","1","0","0","0"
"POINT (10.008683580000024 53.552625980000073)","Unfall 155971 (2024) Kat:2, Licht: 2","155971","2","4","6","11","23","6","","2","0","0","1","0"
"POINT (10.008020912000063 53.554882450000036)","Unfall 155972 (2024) Kat:3, Licht: 2","155972","3","7","6","11","20","6","","2","0","1","1","0"
"POINT (9.972847376000061 53.456573797000033)","Unfall 155973 (2024) Kat:3, Licht: 2","155973","3","5","1","11","18","5","","2","0","1","0","0"
"POINT (10.303757732000065 53.440993845000037)","Unfall 155974 (2024) Kat:2, Licht: 0","155974","2","7","0","12","14","1","","0","1","0","0","0"
"POINT (9.982592727000053 53.510643212000048)","Unfall 155975 (2024) Kat:2, Licht: 0","155975","2","7","3","11","08","5","","0","0","1","0","0"
"POINT (10.095462655000063 53.550970718000031)","Unfall 155976 (2024) Kat:3, Licht: 2","155976","3","3","5","11","18","5","","2","0","1","0","0"
"POINT (10.123435061000066 53.579645185000061)","Unfall 155977 (2024) Kat:3, Licht: 1","155977","3","7","6","11","07","5","","1","1","0","1","0"
"POINT (10.124806715000034 53.586294103000057)","Unfall 155978 (2024) Kat:2, Licht: 2","155978","2","4","6","11","18","5","","2","0","1","1","0"
"POINT (10.101588085000060 53.616048701000068)","Unfall 155979 (2024) Kat:3, Licht: 2","155979","3","6","0","11","17","5","","2","0","1","0","1"