WKT,Name,OBJECTID,UKATEGORIE,UTYP1,UART,UMONAT,USTUNDE,UWOCHENTAG,STRZUSTAND,ULICHTVERH,ISTRAD,ISTPKW,ISTFUSS,ISTKRAD
"POINT (9.970170401000075 53.598787084000037)","Unfall 155980 (2024) Kat:3, Licht: 0","155980","3","5","3","11","14","5","","0","0","1","0","0"
"POINT (9.942500426000038 53.555513275000067)","Unfall 155981 (2024) Kat:3, Licht: 0","155981","3","6","2","11","11","5","","0","0","1","0","0"
"POINT (9.988274199000045 53.572677840000040)","Unfall 155982 (2024) Kat:3, Licht: 2","155982","3","2","4","11","16","5","","2","0","1","0","0"
"POINT (9.990855375000024 53.572673458000054)","Unfall 155983 (2024) Kat:3, Licht: 0","155983","3","7","0","11","08","5","","0","0","0","0","1"
"POINT (9.982877833000032 53.551388272000054)","Unfall 155984 (2024) Kat:3, Licht: 0","155984","3","4","6","11","12","5","","0","0","0","1","0"
"POINT (10.006971691000047 53.545843137000077)","Unfall 155985 (2024) Kat:3, Licht: 0","155985","3","3","5","11","11","5","","0","1","0","0","0"
"POINT (9.859056644000077 53.534632238000029)","Unfall 155986 (2024) Kat:3, Licht: 0","155986","3","3","5","11","07","4","","0","1","1","0","0"
"POINT (9.875058684000066 53.509068762000027)","Unfall 155987 (2024) Kat:3, Licht: 0","155987","3","7","0","11","15","4","","0","0","0","0","1"
"POINT (10.083686524000029 53.542135301000030)","Unfall 155988 (2024) Kat:2, Licht: 2","155988","2","3","5","11","06","4","","2","1","1","0","0"
"POINT (10.124566515000026 53.586019891000035)","Unfall 155989 (2024) Kat:3, Licht: 2","155989","3","4","6","11","16","4","","2","0","1","1","0"
"POINT (10.057518856000058 53.583551113000055)","Unfall 155990 (2024) Kat:3, Licht: 2","155990","3","5","5","11","06","4","","2","0","1","0","0"
"POINT (10.071649202000060 53.573580491000030)","Unfall 155991 (2024) Kat:3, Licht: 2","155991","3","4","6","11","18","4","","2","0","1","1","0"
"POINT (10.057310871000027 53.647882071000026)","Unfall 155992 (2024) Kat:3, Licht: 0","155992","3","5","5","11","11","4","","0","0","1","0","0"
"POINT (10.028549267000074 53.577883820000068)","Unfall 155993 (2024) Kat:3, Licht: 2","155993","3","3","5","11","19","4","","2","1","1","0","0"
"POINT (10.051304476000041 53.586805659000049)","Unfall 155994 (2024) Kat:3, Licht: 0","155994","3","3","5","11","14","4","","0","0","1","0","0"
"POINT (9.967576998000027 53.586068578000038)","Unfall 155995 (2024) Kat:3, Licht: 1","155995","3","2","5","11","16","4","","1","1","1","0","0"
"POINT (9.984711230000073 53.590346898000064)","Unfall 155996 (2024) Kat:3, Licht: 0","155996","3","7","6","11","14","4","","0","0","1","1","0"
"POINT (9.993715242000064 53.558602384000039)","Unfall 155997 (2024) Kat:2, Licht: 2","155997","2","6","2","11","19","4","","2","0","1","0","0"
"POINT (10.012936911000054 53.549844729000029)","Unfall 155998 (2024) Kat:3, Licht: 0","155998","3","5","0","11","08","4","","0","1","1","0","0"
"POINT (9.862904113000070 53.467546809000055)","Unfall 155999 (2024) Kat:3, Licht: 0","155999","3","2","5","11","07","3","","0","1","1","0","0"
"POINT (10.208774356000049 53.492964576000077)","Unfall 156000 (2024) Kat:3, Licht: 2","156000","3","3","5","11","17","3","","2","0","1","0","0"
"POINT (10.210381195000025 53.499394353000071)","Unfall 156001 (2024) Kat:3, Licht: 0","156001","3","2","5","11","16","3","","0","1","1","0","0"
"POINT (10.166079743000068 53.488957066000069)","Unfall 156002 (2024) Kat:2, Licht: 0","156002","2","4","6","11","15","3","","0","0","1","1","0"
"POINT (10.032393335000052 53.539285569000072)","Unfall 156003 (2024) Kat:3, Licht: 2","156003","3","6","2","11","04","2","","2","0","1","0","0"
"POINT (10.096293828000057 53.542295251000041)","Unfall 156004 (2024) Kat:3, Licht: 0","156004","3","6","2","11","13","3","","0","0","1","0","0"
"POINT (10.021108639000033 53.612892380000062)","Unfall 156005 (2024) Kat:3, Licht: 0","156005","3","4","6","11","11","7","","0","1","0","1","0"
"POINT (10.088605526000038 53.554686729000082)","Unfall 156006 (2024) Kat:3, Licht: 0","156006","3","6","2","11","10","3","","0","0","1","0","0"
"POINT (10.108654291000050 53.563058514000033)","Unfall 156007 (2024) Kat:3, Licht: 0","156007","3","6","2","11","08","3","","0","0","1","0","0"
"POINT (10.105304907000061 53.570454820000066)","Unfall 156008 (2024) Kat:3, Licht: 2","156008","3","2","5","11","19","3","","2","0","1","0","0"
"POINT (10.083331753000039 53.657351118000065)","Unfall 156009 (2024) Kat:3, Licht: 0","156009","3","7","0","11","14","3","","0","1","0","1","0"
"POINT (9.861399533000053 53.569980386000054)","Unfall 156010 (2024) Kat:3, Licht: 2","156010","3","5","5","11","19","3","","2","0","1","0","0"
"POINT (9.951824269000042 53.576730256000076)","Unfall 156011 (2024) Kat:3, Licht: 0","156011","3","4","6","11","13","3","","0","0","1","1","0"
"POINT (9.956145385000070 53.566360233000069)","Unfall 156012 (2024) Kat:3, Licht: 0","156012","3","5","1","11","10","3","","0","1","1","0","0"
"POINT (9.941828483000052 53.599254422000058)","Unfall 156013 (2024) Kat:3, Licht: 2","156013","3","7","0","11","17","3","","2","1","0","0","0"
"POINT (9.941696705000027 53.555299623000053)","Unfall 156014 (2024) Kat:3, Licht: 2","156014","3","7","0","11","20","3","","2","1","0","0","0"
"POINT (10.035877422000056 53.638545248000071)","Unfall 156015 (2024) Kat:3, Licht: 2","156015","3","6","2","11","18","3","","2","0","1","0","0"
"POINT (9.988524630000029 53.570563380000067)","Unfall 156016 (2024) Kat:3, Licht: 0","156016","3","7","3","11","08","3","","0","0","1","0","1"
"POINT (9.936291344000040 53.455110509000065)","Unfall 156017 (2024) Kat:3, Licht: 2","156017","3","5","1","11","22","2","","2","0","1","0","0"
"POINT (9.948796223000045 53.562472323000065)","Unfall 156018 (2024) Kat:3, Licht: 2","156018","3","2","6","11","06","2","","2","0","1","1","0"
"POINT (9.986727848000044 53.451797418000069)","Unfall 156019 (2024) Kat:3, Licht: 0","156019","3","3","5","11","12","2","","0","1","0","0","0"
"POINT (10.001762852000070 53.484294629000033)","Unfall 156020 (2024) Kat:3, Licht: 2","156020","3","6","2","11","18","2","","2","0","1","0","0"
"POINT (10.018864461000021 53.517608775000042)","Unfall 156021 (2024) Kat:3, Licht: 2","156021","3","6","2","11","16","2","","2","0","1","0","0"
"POINT (10.144656249000036 53.545182658000044)","Unfall 156022 (2024) Kat:3, Licht: 0","156022","3","2","5","11","11","2","","0","0","1","0","0"
"POINT (10.016398374000062 53.548084092000067)","Unfall 156023 (2024) Kat:3, Licht: 2","156023","3","3","5","11","16","2","","2","1","1","0","0"
"POINT (10.047617736000063 53.642325738000068)","Unfall 156024 (2024) Kat:3, Licht: 0","156024","3","2","6","11","09","2","","0","0","1","1","0"
"POINT (10.092811263000044 53.636541989000079)","Unfall 156025 (2024) Kat:3, Licht: 1","156025","3","6","2","11","16","2","","1","0","1","0","1"
"POINT (10.026405220000072 53.650022748000026)","Unfall 156026 (2024) Kat:3, Licht: 0","156026","3","6","2","11","10","2","","0","0","1","0","0"
"POINT (10.030238743000041 53.681701624000027)","Unfall 156027 (2024) Kat:3, Licht: 1","156027","3","6","2","11","07","2","","1","1","1","0","0"
"POINT (10.031596774000036 53.596465848000037)","Unfall 156028 (2024) Kat:3, Licht: 0","156028","3","6","3","11","13","2","","0","0","1","0","0"
"POINT (10.054314640000030 53.592166203000033)","Unfall 156029 (2024) Kat:3, Licht: 2","156029","3","6","2","11","16","2","","2","0","1","0","0"
"POINT (10.044622630000049 53.571346150000068)","Unfall 156030 (2024) Kat:3, Licht: 0","156030","3","1","0","11","08","2","","0","1","0","0","0"
"POINT (9.917061695000029 53.567496985000048)","Unfall 156031 (2024) Kat:3, Licht: 1","156031","3","1","0","11","07","2","","1","0","0","0","0"
"POINT (10.011897820000058 53.624688157000037)","Unfall 156032 (2024) Kat:3, Licht: 1","156032","3","5","5","12","07","5","","1","0","1","0","0"
"POINT (10.087528753000072 53.546126641000058)","Unfall 156033 (2024) Kat:3, Licht: 0","156033","3","3","5","11","12","6","","0","1","0","0","0"
"POINT (9.983300596000049 53.589941898000063)","Unfall 156034 (2024) Kat:3, Licht: 0","156034","3","6","2","11","14","2","","0","0","1","0","0"
"POINT (9.928416822000031 53.553938244000051)","Unfall 156035 (2024) Kat:3, Licht: 2","156035","3","3","5","11","17","2","","2","1","1","0","0"
"POINT (9.976434945000051 53.578188148000038)","Unfall 156036 (2024) Kat:3, Licht: 2","156036","3","4","6","11","18","2","","2","0","1","1","0"
"POINT (10.070277399000076 53.579514424000081)","Unfall 156037 (2024) Kat:3, Licht: 0","156037","3","5","5","12","12","6","","0","0","1","0","0"
"POINT (9.959994946000052 53.551460627000040)","Unfall 156038 (2024) Kat:3, Licht: 2","156038","3","4","6","11","17","2","","2","1","0","1","0"
"POINT (10.009762845000068 53.555186639000055)","Unfall 156039 (2024) Kat:3, Licht: 0","156039","3","5","6","11","11","2","","0","0","1","1","0"
"POINT (9.850504742000055 53.469040575000065)","Unfall 156040 (2024) Kat:3, Licht: 0","156040","3","6","4","11","14","1","","0","1","1","0","0"
"POINT (9.982802738000032 53.460298361000071)","Unfall 156041 (2024) Kat:3, Licht: 2","156041","3","7","3","11","02","1","","2","0","1","0","0"
"POINT (9.886163977000024 53.598041335000062)","Unfall 156042 (2024) Kat:2, Licht: 2","156042","2","6","4","11","21","1","","2","0","1","0","0"
"POINT (9.885221318000049 53.517858132000072)","Unfall 156043 (2024) Kat:3, Licht: 0","156043","3","3","5","12","14","2","","0","0","1","0","0"
"POINT (9.904226521000055 53.592046877000030)","Unfall 156044 (2024) Kat:3, Licht: 2","156044","3","7","4","11","19","1","","2","0","1","0","0"
"POINT (9.951387080000075 53.474309014000028)","Unfall 156045 (2024) Kat:3, Licht: 1","156045","3","7","0","11","16","1","","1","1","0","0","0"
"POINT (10.110454438000033 53.546613506000028)","Unfall 156046 (2024) Kat:3, Licht: 0","156046","3","5","0","11","14","7","","0","0","1","0","1"
"POINT (10.069008934000067 53.601648015000080)","Unfall 156047 (2024) Kat:3, Licht: 0","156047","3","6","2","11","09","7","","0","0","1","0","0"
"POINT (10.018160404000071 53.568614182000033)","Unfall 156048 (2024) Kat:3, Licht: 0","156048","3","5","1","11","13","5","","0","1","1","0","0"
"POINT (10.079800813000077 53.618634662000034)","Unfall 156049 (2024) Kat:3, Licht: 2","156049","3","1","9","11","19","7","","2","0","1","0","0"
"POINT (10.110268540000050 53.653807383000071)","Unfall 156050 (2024) Kat:3, Licht: 2","156050","3","5","5","11","06","7","","2","0","1","0","0"
"POINT (10.038947350000058 53.566185364000034)","Unfall 156051 (2024) Kat:3, Licht: 2","156051","3","7","3","11","20","7","","2","0","1","0","1"
"POINT (9.904584261000025 53.608194111000046)","Unfall 156052 (2024) Kat:3, Licht: 0","156052","3","5","0","11","13","7","","0","0","0","1","0"
"POINT (9.916613879000067 53.642016753000064)","Unfall 156053 (2024) Kat:3, Licht: 0","156053","3","6","3","11","12","7","","0","0","1","0","0"
"POINT (9.952772396000057 53.574947212000041)","Unfall 156054 (2024) Kat:2, Licht: 2","156054","2","5","5","11","20","7","","2","0","1","0","1"
"POINT (9.947925214000065 53.584021966000080)","Unfall 156055 (2024) Kat:3, Licht: 0","156055","3","7","0","11","16","7","","0","1","0","1","0"
"POINT (9.946272815000043 53.557290965000050)","Unfall 156056 (2024) Kat:3, Licht: 2","156056","3","1","0","11","23","7","","2","1","0","0","0"
"POINT (9.929059471000073 53.555434182000056)","Unfall 156057 (2024) Kat:3, Licht: 1","156057","3","5","0","11","16","7","","1","1","1","0","0"
"POINT (9.983596849000037 53.570421596000074)","Unfall 156058 (2024) Kat:3, Licht: 1","156058","3","7","0","11","17","7","","1","1","0","0","0"
"POINT (9.967323966000038 53.557357238000066)","Unfall 156059 (2024) Kat:3, Licht: 0","156059","3","4","0","11","13","7","","0","1","0","1","0"
"POINT (9.956272876000071 53.549704571000063)","Unfall 156060 (2024) Kat:3, Licht: 0","156060","3","6","2","11","13","7","","0","0","1","0","0"
"POINT (10.003714114000047 53.502396865000037)","Unfall 156061 (2024) Kat:2, Licht: 2","156061","2","2","6","11","20","6","","2","0","1","1","0"
"POINT (10.012049506000039 53.494349611000075)","Unfall 156062 (2024) Kat:3, Licht: 0","156062","3","7","0","11","13","6","","0","0","0","0","0"
"POINT (10.070552431000067 53.552712640000038)","Unfall 156063 (2024) Kat:3, Licht: 2","156063","3","5","1","11","19","6","","2","0","1","0","0"
"POINT (10.121550082000056 53.594784658000037)","Unfall 156064 (2024) Kat:3, Licht: 2","156064","3","6","2","11","17","6","","2","0","1","0","0"
"POINT (10.000751394000076 53.680898307000064)","Unfall 156065 (2024) Kat:3, Licht: 2","156065","3","7","5","12","19","6","","2","0","1","0","0"
"POINT (9.995849866000071 53.559560827000041)","Unfall 156066 (2024) Kat:3, Licht: 0","156066","3","2","5","12","10","6","","0","1","1","0","0"
"POINT (10.026163669000027 53.629690256000060)","Unfall 156067 (2024) Kat:3, Licht: 0","156067","3","7","0","11","15","6","","0","0","1","0","0"
"POINT (9.972360052000056 53.451376211000081)","Unfall 156068 (2024) Kat:3, Licht: 1","156068","3","1","8","12","21","3","","1","0","1","0","0"
"POINT (9.898537696000062 53.612013101000059)","Unfall 156069 (2024) Kat:3, Licht: 0","156069","3","3","5","11","07","6","","0","0","1","0","1"
"POINT (9.881105726000044 53.597952488000033)","Unfall 156070 (2024) Kat:3, Licht: 0","156070","3","5","5","11","13","6","","0","1","0","0","0"
"POINT (9.955186669000057 53.561243298000079)","Unfall 156071 (2024) Kat:3, Licht: 2","156071","3","2","5","11","20","6","","2","1","1","0","0"
"POINT (9.934320198000023 53.555574886000045)","Unfall 156072 (2024) Kat:3, Licht: 2","156072","3","2","2","11","16","6","","2","0","1","0","0"
"POINT (9.949479004000068 53.558305130000065)","Unfall 156073 (2024) Kat:3, Licht: 1","156073","3","6","2","11","07","6","","1","0","1","0","0"
"POINT (9.994727165000029 53.543476740000074)","Unfall 156074 (2024) Kat:3, Licht: 2","156074","3","2","5","11","21","6","","2","1","1","0","0"
"POINT (9.772483960000045 53.530269974000078)","Unfall 156075 (2024) Kat:3, Licht: 0","156075","3","7","1","11","12","5","","0","0","0","0","0"
"POINT (10.085410071000069 53.551311400000031)","Unfall 156076 (2024) Kat:3, Licht: 2","156076","3","3","5","11","18","5","","2","0","1","0","1"
"POINT (10.144642967000038 53.545193293000068)","Unfall 156077 (2024) Kat:3, Licht: 0","156077","3","2","5","11","15","5","","0","0","1","0","0"
"POINT (10.076037113000041 53.611828672000058)","Unfall 156078 (2024) Kat:3, Licht: 2","156078","3","5","5","11","19","5","","2","0","1","0","0"
"POINT (10.059681981000040 53.596226258000058)","Unfall 156079 (2024) Kat:3, Licht: 0","156079","3","5","5","11","08","5","","0","0","1","0","0"
"POINT (10.027861411000060 53.631800294000072)","Unfall 156080 (2024) Kat:3, Licht: 0","156080","3","5","5","11","15","5","","0","1","0","0","0"
"POINT (10.018383699000026 53.614869521000060)","Unfall 156081 (2024) Kat:2, Licht: 0","156081","2","2","5","11","10","5","","0","0","1","0","0"
"POINT (9.915404717000058 53.553880493000065)","Unfall 156082 (2024) Kat:3, Licht: 0","156082","3","2","3","11","07","5","","0","1","0","0","0"
"POINT (9.922847258000047 53.628397179000046)","Unfall 156083 (2024) Kat:3, Licht: 0","156083","3","4","6","11","07","5","","0","0","1","1","0"
"POINT (9.988233553000043 53.594534930000066)","Unfall 156084 (2024) Kat:3, Licht: 2","156084","3","7","0","11","23","5","","2","0","0","0","0"
"POINT (9.950488884000038 53.588557879000064)","Unfall 156085 (2024) Kat:3, Licht: 1","156085","3","7","0","11","16","5","","1","1","1","0","0"
"POINT (9.985145383000031 53.553440415000068)","Unfall 156086 (2024) Kat:3, Licht: 1","156086","3","5","4","11","16","5","","1","1","1","0","0"
"POINT (10.014766079000026 53.560347636000074)","Unfall 156087 (2024) Kat:3, Licht: 0","156087","3","3","5","11","12","5","","0","0","1","0","1"
"POINT (9.925630922000039 53.477371209000069)","Unfall 156088 (2024) Kat:3, Licht: 0","156088","3","2","2","11","12","4","","0","0","1","0","1"
"POINT (9.986053276000064 53.575679355000034)","Unfall 156089 (2024) Kat:2, Licht: 0","156089","2","3","5","11","09","3","","0","1","1","0","0"
"POINT (9.982689158000028 53.429948235000040)","Unfall 156090 (2024) Kat:3, Licht: 1","156090","3","5","1","11","06","4","","1","0","1","0","0"
"POINT (10.204273256000022 53.472724579000044)","Unfall 156091 (2024) Kat:3, Licht: 1","156091","3","6","2","11","16","4","","1","0","1","0","0"
"POINT (10.108153804000040 53.563635297000076)","Unfall 156092 (2024) Kat:3, Licht: 0","156092","3","3","5","11","05","4","","0","1","1","0","0"
"POINT (10.046743539000033 53.549375158000032)","Unfall 156094 (2024) Kat:3, Licht: 0","156094","3","2","5","11","08","4","","0","1","1","0","0"
"POINT (10.149673022000059 53.586325310000063)","Unfall 156095 (2024) Kat:3, Licht: 0","156095","3","4","6","11","07","4","","0","0","0","1","0"
"POINT (10.109494347000066 53.593384965000041)","Unfall 156096 (2024) Kat:3, Licht: 2","156096","3","1","0","11","21","4","","2","0","0","0","1"
"POINT (10.117169809000075 53.607211574000075)","Unfall 156097 (2024) Kat:3, Licht: 0","156097","3","1","0","11","13","4","","0","0","0","0","0"
"POINT (10.059153733000073 53.574328536000053)","Unfall 156098 (2024) Kat:3, Licht: 0","156098","3","2","5","11","08","4","","0","0","1","0","0"
"POINT (10.105271224000035 53.570451410000032)","Unfall 156099 (2024) Kat:3, Licht: 1","156099","3","4","6","11","07","4","","1","0","0","1","0"
"POINT (10.100217086000043 53.641652175000047)","Unfall 156100 (2024) Kat:3, Licht: 0","156100","3","7","0","11","15","4","","0","1","0","0","0"
"POINT (10.043834592000053 53.591438762000053)","Unfall 156101 (2024) Kat:3, Licht: 1","156101","3","3","5","11","16","4","","1","1","1","0","0"
"POINT (10.035093126000049 53.574934025000061)","Unfall 156102 (2024) Kat:2, Licht: 0","156102","2","3","5","11","13","4","","0","0","1","0","0"
"POINT (10.043709842000055 53.597642990000054)","Unfall 156103 (2024) Kat:3, Licht: 0","156103","3","7","6","11","07","4","","0","1","0","0","0"
"POINT (10.011247945000036 53.552342213000031)","Unfall 156104 (2024) Kat:3, Licht: 2","156104","3","7","6","12","17","5","","2","0","0","1","0"
"POINT (9.860813910000047 53.597930414000075)","Unfall 156105 (2024) Kat:3, Licht: 0","156105","3","2","4","11","15","4","","0","0","1","0","0"
"POINT (9.947115480000036 53.555468868000048)","Unfall 156106 (2024) Kat:3, Licht: 0","156106","3","6","4","11","16","4","","0","1","1","0","0"
"POINT (9.996109269000044 53.566787601000044)","Unfall 156107 (2024) Kat:3, Licht: 2","156107","3","4","6","11","18","4","","2","1","0","1","0"
"POINT (10.019243971000037 53.539001287000076)","Unfall 156108 (2024) Kat:2, Licht: 2","156108","2","7","5","11","18","4","","2","0","1","0","1"
"POINT (9.983233462000044 53.589832992000026)","Unfall 156109 (2024) Kat:3, Licht: 0","156109","3","6","2","12","11","4","","0","0","1","0","0"
"POINT (9.980977032000055 53.556589305000045)","Unfall 156110 (2024) Kat:2, Licht: 0","156110","2","6","2","11","15","4","","0","0","1","0","0"
"POINT (9.966252518000033 53.504022158000055)","Unfall 156111 (2024) Kat:3, Licht: 0","156111","3","6","2","11","08","4","","0","0","1","0","0"
"POINT (9.878889869000034 53.530334922000065)","Unfall 156112 (2024) Kat:3, Licht: 2","156112","3","3","5","11","17","3","","2","0","1","0","0"
"POINT (9.863441077000061 53.471992613000054)","Unfall 156113 (2024) Kat:3, Licht: 0","156113","3","5","3","11","08","3","","0","0","1","0","0"
"POINT (10.020935831000031 53.512701480000032)","Unfall 156114 (2024) Kat:3, Licht: 2","156114","3","4","6","11","17","3","","2","0","0","1","1"
"POINT (10.080037609000044 53.556129724000073)","Unfall 156115 (2024) Kat:3, Licht: 0","156115","3","2","5","11","07","3","","0","0","1","0","0"
"POINT (10.026256981000074 53.553742063000072)","Unfall 156116 (2024) Kat:3, Licht: 0","156116","3","6","4","11","13","3","","0","1","0","0","0"
"POINT (10.032851781000033 53.545977814000082)","Unfall 156117 (2024) Kat:3, Licht: 0","156117","3","5","5","11","13","3","","0","0","1","0","0"
"POINT (10.119726528000058 53.606271341000081)","Unfall 156118 (2024) Kat:3, Licht: 2","156118","3","2","5","11","19","3","","2","0","1","0","0"
"POINT (10.099599825000041 53.587636073000056)","Unfall 156119 (2024) Kat:3, Licht: 1","156119","3","2","5","11","16","3","","1","1","1","0","0"
"POINT (10.167620325000030 53.649254568000060)","Unfall 156120 (2024) Kat:3, Licht: 0","156120","3","7","6","11","15","3","","0","0","1","1","0"
"POINT (10.158684020000067 53.645733732000053)","Unfall 156121 (2024) Kat:3, Licht: 0","156121","3","6","2","11","11","3","","0","0","1","0","0"
"POINT (10.073019224000063 53.664936713000031)","Unfall 156122 (2024) Kat:3, Licht: 0","156122","3","1","0","11","10","3","","0","1","0","0","0"
"POINT (9.937340385000027 53.552677038000070)","Unfall 156123 (2024) Kat:3, Licht: 2","156123","3","6","2","11","17","3","","2","1","1","0","0"
"POINT (9.989900280000029 53.562072905000036)","Unfall 156124 (2024) Kat:3, Licht: 2","156124","3","6","3","11","17","3","","2","0","1","0","0"
"POINT (9.866665706000049 53.581970433000038)","Unfall 156125 (2024) Kat:3, Licht: 0","156125","3","6","3","11","12","6","","0","1","1","0","0"
"POINT (9.988851177000072 53.558309704000067)","Unfall 156126 (2024) Kat:3, Licht: 2","156126","3","6","3","11","20","3","","2","0","1","0","1"
"POINT (10.006255387000067 53.551809684000034)","Unfall 156127 (2024) Kat:3, Licht: 0","156127","3","3","0","11","07","3","","0","1","0","0","0"
"POINT (10.010519545000022 53.552300817000059)","Unfall 156128 (2024) Kat:3, Licht: 0","156128","3","5","6","11","13","3","","0","0","1","1","0"
"POINT (9.985484147000022 53.436305159000028)","Unfall 156129 (2024) Kat:3, Licht: 0","156129","3","2","3","11","07","2","","0","0","1","0","1"
"POINT (10.209744379000028 53.497370133000061)","Unfall 156130 (2024) Kat:3, Licht: 0","156130","3","4","6","11","15","2","","0","1","0","1","0"
"POINT (10.220512111000062 53.491067187000056)","Unfall 156131 (2024) Kat:3, Licht: 0","156131","3","5","3","11","09","2","","0","1","1","0","0"
"POINT (10.059343897000076 53.594259922000049)","Unfall 156132 (2024) Kat:3, Licht: 0","156132","3","7","0","11","09","2","","0","1","0","0","0"
"POINT (10.073554111000021 53.610115192000080)","Unfall 156133 (2024) Kat:3, Licht: 0","156133","3","4","6","11","10","2","","0","0","1","1","0"
"POINT (10.080970478000040 53.641638878000037)","Unfall 156134 (2024) Kat:3, Licht: 0","156134","3","7","6","11","16","2","","0","1","0","1","0"
"POINT (10.113244477000023 53.658847283000057)","Unfall 156135 (2024) Kat:3, Licht: 0","156135","3","3","5","11","07","2","","0","0","1","0","0"
"POINT (10.012931957000035 53.573206891000041)","Unfall 156136 (2024) Kat:3, Licht: 2","156136","3","5","3","11","17","2","","2","1","1","0","0"
"POINT (9.823503588000051 53.569882483000072)","Unfall 156137 (2024) Kat:2, Licht: 0","156137","2","5","5","11","11","2","","0","1","1","0","0"
"POINT (9.910717480000073 53.556524953000064)","Unfall 156138 (2024) Kat:3, Licht: 2","156138","3","7","0","11","21","2","","2","1","0","0","0"
"POINT (9.928255687000046 53.558201191000080)","Unfall 156139 (2024) Kat:3, Licht: 2","156139","3","7","0","11","19","2","","2","1","0","0","0"
"POINT (10.061607729000059 53.570726151000031)","Unfall 156140 (2024) Kat:3, Licht: 1","156140","3","7","6","12","17","3","","1","0","1","1","0"
"POINT (10.002536051000050 53.545525127000076)","Unfall 156141 (2024) Kat:3, Licht: 2","156141","3","3","5","11","17","2","","2","0","1","0","1"
"POINT (9.981092386000057 53.425077683000040)","Unfall 156142 (2024) Kat:3, Licht: 0","156142","3","7","6","11","12","1","","0","1","0","1","0"
"POINT (10.127304076000030 53.538774750000073)","Unfall 156143 (2024) Kat:3, Licht: 0","156143","3","7","0","11","12","1","","0","0","1","0","0"
"POINT (10.069952481000030 53.608662845000026)","Unfall 156144 (2024) Kat:3, Licht: 0","156144","3","3","5","11","15","1","","0","0","1","0","0"
"POINT (10.045145441000045 53.586722450000082)","Unfall 156145 (2024) Kat:3, Licht: 0","156145","3","7","0","11","14","3","","0","0","0","0","0"
"POINT (10.100604827000041 53.636497410000061)","Unfall 156146 (2024) Kat:3, Licht: 0","156146","3","1","0","11","09","1","","0","1","0","0","0"
"POINT (10.011293500000022 53.609711205000053)","Unfall 156147 (2024) Kat:3, Licht: 2","156147","3","6","3","11","16","1","","2","1","0","0","0"
"POINT (9.915865532000055 53.600465794000058)","Unfall 156148 (2024) Kat:3, Licht: 0","156148","3","6","3","11","14","1","","0","0","0","0","0"
"POINT (9.961510645000033 53.610001219000026)","Unfall 156149 (2024) Kat:3, Licht: 0","156149","3","7","0","11","15","1","","0","1","0","0","0"
"POINT (9.994433800000024 53.613293430000056)","Unfall 156150 (2024) Kat:3, Licht: 0","156150","3","7","6","11","12","1","","0","0","1","1","0"
"POINT (9.951808204000031 53.599492451000060)","Unfall 156151 (2024) Kat:3, Licht: 0","156151","3","3","5","11","16","1","","0","1","1","0","0"
"POINT (10.124342750000039 53.587973571000077)","Unfall 156152 (2024) Kat:3, Licht: 2","156152","3","7","0","11","05","6","","2","0","0","0","0"
"POINT (9.953286156000047 53.572366078000073)","Unfall 156153 (2024) Kat:3, Licht: 2","156153","3","1","0","11","01","1","","2","1","0","0","0"
"POINT (9.923858471000074 53.552912947000038)","Unfall 156154 (2024) Kat:3, Licht: 0","156154","3","7","6","11","16","1","","0","0","1","1","0"
"POINT (9.985639183000046 53.571364055000060)","Unfall 156155 (2024) Kat:3, Licht: 2","156155","3","7","0","11","00","1","","2","0","0","0","0"
"POINT (10.010669065000059 53.648776061000035)","Unfall 156156 (2024) Kat:3, Licht: 2","156156","3","6","2","11","20","5","","2","0","1","0","0"
"POINT (9.959405155000070 53.548433557000067)","Unfall 156157 (2024) Kat:3, Licht: 2","156157","3","6","4","11","01","1","","2","1","1","0","0"
"POINT (9.886525635000055 53.478272518000040)","Unfall 156158 (2024) Kat:3, Licht: 1","156158","3","2","4","11","17","7","","1","0","1","0","0"
"POINT (10.093040697000049 53.513721252000039)","Unfall 156159 (2024) Kat:3, Licht: 0","156159","3","6","2","11","11","7","","0","0","1","0","0"
"POINT (10.104970051000066 53.545116580000069)","Unfall 156160 (2024) Kat:3, Licht: 0","156160","3","3","5","11","14","7","","0","0","1","0","0"
"POINT (9.835005244000058 53.572253925000041)","Unfall 156161 (2024) Kat:3, Licht: 0","156161","3","7","0","11","14","7","","0","1","0","0","0"
"POINT (10.170744041000034 53.488449226000057)","Unfall 156162 (2024) Kat:2, Licht: 0","156162","2","6","2","12","11","2","","0","0","1","0","0"
"POINT (9.939698210000074 53.553875592000054)","Unfall 156163 (2024) Kat:3, Licht: 1","156163","3","1","0","11","16","7","","1","1","0","0","0"
"POINT (9.977870202000076 53.564286163000077)","Unfall 156164 (2024) Kat:3, Licht: 2","156164","3","6","2","11","22","7","","2","0","1","0","0"
"POINT (10.031600923000042 53.579932814000074)","Unfall 156165 (2024) Kat:3, Licht: 2","156165","3","7","0","11","17","5","","2","0","0","0","0"
"POINT (10.190547271000071 53.410682095000027)","Unfall 156166 (2024) Kat:3, Licht: 1","156166","3","7","0","11","07","6","","1","0","1","1","0"