WKT,Name,OBJECTID,UKATEGORIE,UTYP1,UART,UMONAT,USTUNDE,UWOCHENTAG,STRZUSTAND,ULICHTVERH,ISTRAD,ISTPKW,ISTFUSS,ISTKRAD
"POINT (10.087964396000075 53.511949858000037)","Unfall 156167 (2024) Kat:3, Licht: 0","156167","3","2","5","11","15","6","","0","0","1","0","0"
"POINT (10.063689534000048 53.559967951000033)","Unfall 156168 (2024) Kat:3, Licht: 0","156168","3","6","2","11","15","6","","0","0","1","0","0"
"POINT (10.019102633000045 53.524331376000077)","Unfall 156169 (2024) Kat:3, Licht: 0","156169","3","5","1","11","14","5","","0","1","1","0","0"
"POINT (10.039919670000074 53.605144141000039)","Unfall 156170 (2024) Kat:3, Licht: 2","156170","3","7","0","11","22","6","","2","1","0","0","0"
"POINT (10.056212491000053 53.591673794000030)","Unfall 156171 (2024) Kat:3, Licht: 2","156171","3","7","0","11","19","6","","2","1","0","0","0"
"POINT (10.134336372000064 53.628674201000081)","Unfall 156172 (2024) Kat:3, Licht: 2","156172","3","7","8","12","23","3","","2","0","1","0","0"
"POINT (9.907630890000064 53.545810013000050)","Unfall 156173 (2024) Kat:3, Licht: 2","156173","3","6","2","11","17","6","","2","0","1","1","0"
"POINT (10.030480351000051 53.537535210000044)","Unfall 156174 (2024) Kat:3, Licht: 2","156174","3","4","6","12","19","5","","2","0","1","1","0"
"POINT (9.956711160000054 53.632507505000035)","Unfall 156175 (2024) Kat:3, Licht: 0","156175","3","6","3","11","14","6","","0","0","1","0","0"
"POINT (9.949681502000033 53.557837217000042)","Unfall 156176 (2024) Kat:3, Licht: 0","156176","3","6","3","11","10","6","","0","1","1","0","0"
"POINT (9.989195779000056 53.581959107000046)","Unfall 156177 (2024) Kat:3, Licht: 0","156177","3","3","5","11","11","6","","0","1","1","0","0"
"POINT (9.957752565000021 53.551671220000060)","Unfall 156178 (2024) Kat:3, Licht: 2","156178","3","4","6","11","20","6","","2","0","1","1","0"
"POINT (10.071595077000040 53.583226063000041)","Unfall 156179 (2024) Kat:3, Licht: 0","156179","3","7","0","10","11","5","","0","0","0","0","0"
"POINT (10.024949837000065 53.600710926000033)","Unfall 156180 (2024) Kat:3, Licht: 2","156180","3","2","9","10","05","5","","2","0","1","0","0"
"POINT (10.018377849000046 53.614806541000064)","Unfall 156181 (2024) Kat:3, Licht: 0","156181","3","6","2","10","11","5","","0","0","1","0","0"
"POINT (10.024534814000049 53.558637156000032)","Unfall 156182 (2024) Kat:3, Licht: 2","156182","3","7","3","10","20","5","","2","0","1","0","0"
"POINT (9.821404799000049 53.558699256000068)","Unfall 156183 (2024) Kat:3, Licht: 2","156183","3","7","0","10","17","5","","2","1","0","0","0"
"POINT (9.981603591000066 53.544350545000043)","Unfall 156184 (2024) Kat:3, Licht: 0","156184","3","6","2","10","14","5","","0","1","1","0","0"
"POINT (10.023127624000040 53.496865044000060)","Unfall 156185 (2024) Kat:3, Licht: 2","156185","3","1","0","10","05","4","","2","1","0","0","0"
"POINT (10.196581582000022 53.437724794000076)","Unfall 156186 (2024) Kat:3, Licht: 2","156186","3","7","0","10","05","4","","2","0","0","0","1"
"POINT (10.144642444000056 53.545193712000071)","Unfall 156187 (2024) Kat:3, Licht: 0","156187","3","2","5","10","12","4","","0","0","1","0","0"
"POINT (10.169959320000032 53.625629571000047)","Unfall 156188 (2024) Kat:3, Licht: 1","156188","3","2","3","10","08","4","","1","1","0","0","0"
"POINT (10.109071784000037 53.707671792000042)","Unfall 156189 (2024) Kat:3, Licht: 0","156189","3","4","6","10","10","4","","0","0","1","1","0"
"POINT (10.151750480000032 53.668516655000076)","Unfall 156190 (2024) Kat:3, Licht: 2","156190","3","1","0","10","22","4","","2","1","0","0","0"
"POINT (10.008899359000054 53.648275539000053)","Unfall 156191 (2024) Kat:3, Licht: 0","156191","3","6","2","10","16","4","","0","0","1","0","0"
"POINT (10.005623179000054 53.598933319000082)","Unfall 156192 (2024) Kat:3, Licht: 0","156192","3","6","3","10","13","4","","0","1","1","0","0"
"POINT (10.046884390000059 53.585393306000071)","Unfall 156193 (2024) Kat:3, Licht: 2","156193","3","5","3","10","19","4","","2","1","1","0","0"
"POINT (9.830238810000026 53.560833735000074)","Unfall 156194 (2024) Kat:3, Licht: 0","156194","3","5","5","10","10","4","","0","0","1","0","0"
"POINT (9.937829663000059 53.553027989000043)","Unfall 156195 (2024) Kat:3, Licht: 0","156195","3","5","6","10","10","4","","0","0","1","1","0"
"POINT (9.950378262000072 53.555860584000072)","Unfall 156196 (2024) Kat:3, Licht: 2","156196","3","3","5","10","21","4","","2","1","1","0","0"
"POINT (9.989892304000023 53.561398354000062)","Unfall 156197 (2024) Kat:3, Licht: 0","156197","3","4","6","10","13","4","","0","0","1","1","0"
"POINT (9.974841214000037 53.494121235000080)","Unfall 156198 (2024) Kat:3, Licht: 0","156198","3","7","0","10","09","4","","0","1","0","0","0"
"POINT (9.971993230000066 53.435531262000040)","Unfall 156199 (2024) Kat:3, Licht: 0","156199","3","6","4","10","06","3","","0","1","1","0","0"
"POINT (9.992642980000028 53.478732183000034)","Unfall 156200 (2024) Kat:3, Licht: 2","156200","3","7","0","10","17","3","","2","0","0","0","1"
"POINT (10.198163779000026 53.488923565000050)","Unfall 156201 (2024) Kat:1, Licht: 0","156201","1","6","9","10","11","3","","0","0","1","0","0"
"POINT (10.207716676000075 53.480351310000060)","Unfall 156202 (2024) Kat:2, Licht: 0","156202","2","1","0","10","16","3","","0","0","0","0","1"
"POINT (10.083520079000039 53.554782514000067)","Unfall 156203 (2024) Kat:3, Licht: 2","156203","3","3","5","10","22","3","","2","0","1","0","0"
"POINT (10.020735074000072 53.549882871000079)","Unfall 156204 (2024) Kat:3, Licht: 1","156204","3","6","3","10","16","3","","1","0","1","0","1"
"POINT (10.142403594000029 53.600340558000028)","Unfall 156205 (2024) Kat:3, Licht: 0","156205","3","6","2","10","09","3","","0","0","1","0","0"
"POINT (9.979215067000041 53.564198532000034)","Unfall 156206 (2024) Kat:3, Licht: 1","156206","3","6","2","12","19","2","","1","0","1","0","1"
"POINT (10.102057111000022 53.597520196000062)","Unfall 156207 (2024) Kat:3, Licht: 0","156207","3","7","0","10","07","3","","0","1","0","0","0"
"POINT (10.062017882000021 53.608748494000054)","Unfall 156208 (2024) Kat:3, Licht: 2","156208","3","2","5","10","23","3","","2","0","1","0","0"
"POINT (10.080660713000043 53.615599503000055)","Unfall 156209 (2024) Kat:3, Licht: 2","156209","3","1","0","10","18","3","","2","1","0","0","0"
"POINT (10.169028460000050 53.647556589000033)","Unfall 156210 (2024) Kat:3, Licht: 0","156210","3","7","0","10","11","3","","0","1","0","0","0"
"POINT (10.012973956000053 53.618885900000066)","Unfall 156211 (2024) Kat:3, Licht: 0","156211","3","3","5","10","11","3","","0","0","0","0","1"
"POINT (10.045334671000035 53.589615084000059)","Unfall 156212 (2024) Kat:3, Licht: 2","156212","3","6","3","10","19","3","","2","0","1","0","1"
"POINT (10.037807435000047 53.584714101000031)","Unfall 156213 (2024) Kat:3, Licht: 0","156213","3","5","1","10","13","3","","0","0","1","0","0"
"POINT (10.045301694000045 53.589677571000038)","Unfall 156214 (2024) Kat:2, Licht: 2","156214","2","7","0","10","23","3","","2","1","0","0","0"
"POINT (9.948291079000057 53.561419794000074)","Unfall 156215 (2024) Kat:3, Licht: 2","156215","3","7","0","10","23","3","","2","0","1","1","0"
"POINT (9.933770518000074 53.552352531000054)","Unfall 156216 (2024) Kat:3, Licht: 0","156216","3","1","0","10","11","3","","0","1","0","0","0"
"POINT (9.993379525000023 53.558805103000054)","Unfall 156217 (2024) Kat:3, Licht: 0","156217","3","4","6","10","11","3","","0","0","1","1","0"
"POINT (9.904909305000047 53.595308637000073)","Unfall 156218 (2024) Kat:3, Licht: 0","156218","3","3","5","11","10","2","","0","1","1","0","0"
"POINT (9.994507056000032 53.563498597000034)","Unfall 156219 (2024) Kat:3, Licht: 0","156219","3","3","5","10","11","3","","0","1","1","0","0"
"POINT (9.988756004000038 53.561986979000039)","Unfall 156220 (2024) Kat:3, Licht: 1","156220","3","6","2","10","06","3","","1","0","1","0","0"
"POINT (10.006153301000040 53.548810403000061)","Unfall 156221 (2024) Kat:3, Licht: 2","156221","3","6","2","10","00","3","","2","0","1","0","0"
"POINT (9.973565222000047 53.526692017000073)","Unfall 156222 (2024) Kat:3, Licht: 0","156222","3","1","0","10","11","3","","0","1","0","0","0"
"POINT (9.978658999000061 53.460888427000043)","Unfall 156223 (2024) Kat:3, Licht: 1","156223","3","7","0","10","16","2","","1","0","0","1","0"
"POINT (9.974242375000074 53.454418870000040)","Unfall 156224 (2024) Kat:3, Licht: 0","156224","3","7","0","10","15","2","","0","1","0","0","0"
"POINT (10.100125158000026 53.549690522000049)","Unfall 156225 (2024) Kat:3, Licht: 2","156225","3","6","2","10","19","2","","2","0","1","0","0"
"POINT (10.042863135000061 53.540286586000036)","Unfall 156226 (2024) Kat:3, Licht: 1","156226","3","3","0","10","16","2","","1","0","1","0","0"
"POINT (10.040904693000073 53.555685068000059)","Unfall 156227 (2024) Kat:3, Licht: 0","156227","3","6","3","10","15","2","","0","1","0","0","0"
"POINT (10.159620800000027 53.614152536000063)","Unfall 156228 (2024) Kat:3, Licht: 0","156228","3","6","0","10","08","2","","0","1","1","0","0"
"POINT (10.161307386000033 53.625006614000029)","Unfall 156229 (2024) Kat:3, Licht: 0","156229","3","6","4","10","12","2","","0","1","0","0","0"
"POINT (10.157000983000046 53.604163507000067)","Unfall 156230 (2024) Kat:3, Licht: 2","156230","3","3","6","10","17","2","","2","0","1","1","0"
"POINT (10.135575476000042 53.594643720000079)","Unfall 156231 (2024) Kat:3, Licht: 2","156231","3","6","2","10","21","2","","2","0","1","0","0"
"POINT (10.134667836000062 53.606419832000029)","Unfall 156232 (2024) Kat:3, Licht: 0","156232","3","3","5","10","11","2","","0","0","1","0","0"
"POINT (10.095968043000028 53.587493978000055)","Unfall 156233 (2024) Kat:3, Licht: 0","156233","3","2","2","10","12","2","","0","0","1","0","0"
"POINT (10.070625860000064 53.572705386000052)","Unfall 156234 (2024) Kat:3, Licht: 0","156234","3","6","2","10","14","2","","0","0","1","0","0"
"POINT (10.075973427000065 53.589257124000028)","Unfall 156235 (2024) Kat:3, Licht: 0","156235","3","3","5","10","08","2","","0","1","1","0","0"
"POINT (10.055985269000075 53.582215050000059)","Unfall 156236 (2024) Kat:2, Licht: 0","156236","2","7","0","10","11","2","","0","1","0","0","0"
"POINT (10.072888356000021 53.608737237000071)","Unfall 156237 (2024) Kat:3, Licht: 2","156237","3","4","6","10","17","2","","2","0","1","1","0"
"POINT (10.055441884000061 53.612452043000076)","Unfall 156238 (2024) Kat:3, Licht: 0","156238","3","7","0","10","09","2","","0","0","1","0","0"
"POINT (9.999348386000065 53.675386987000081)","Unfall 156239 (2024) Kat:3, Licht: 0","156239","3","2","5","10","08","2","","0","0","1","0","0"
"POINT (10.026654561000043 53.585276382000075)","Unfall 156240 (2024) Kat:3, Licht: 2","156240","3","1","0","10","17","2","","2","1","0","0","0"
"POINT (9.898511448000022 53.612026666000077)","Unfall 156241 (2024) Kat:2, Licht: 2","156241","2","3","5","10","17","2","","2","1","1","0","0"
"POINT (9.823253707000049 53.577580150000074)","Unfall 156242 (2024) Kat:3, Licht: 2","156242","3","7","0","10","17","2","","2","0","0","0","1"
"POINT (9.876110935000042 53.588542384000050)","Unfall 156243 (2024) Kat:3, Licht: 2","156243","3","3","5","10","22","2","","2","0","1","0","0"
"POINT (9.978090308000048 53.595110823000027)","Unfall 156244 (2024) Kat:3, Licht: 2","156244","3","3","5","10","21","2","","2","1","1","0","0"
"POINT (9.966906206000033 53.549912322000068)","Unfall 156245 (2024) Kat:3, Licht: 0","156245","3","7","2","10","11","2","","0","1","0","0","0"
"POINT (10.100861859000076 53.540385444000037)","Unfall 156246 (2024) Kat:3, Licht: 2","156246","3","3","5","10","01","1","","2","0","1","0","0"
"POINT (10.107529651000050 53.565381754000043)","Unfall 156247 (2024) Kat:3, Licht: 1","156247","3","1","0","10","20","1","","1","1","0","0","0"
"POINT (10.101982938000049 53.580968831000064)","Unfall 156248 (2024) Kat:3, Licht: 0","156248","3","6","2","10","14","1","","0","0","1","0","0"
"POINT (10.072646104000057 53.596197720000077)","Unfall 156249 (2024) Kat:2, Licht: 0","156249","2","6","3","10","15","1","","0","1","0","0","0"
"POINT (10.040176799000051 53.567104791000077)","Unfall 156250 (2024) Kat:3, Licht: 2","156250","3","2","5","12","18","2","","2","1","1","0","0"
"POINT (10.077346839000029 53.653001952000068)","Unfall 156251 (2024) Kat:3, Licht: 0","156251","3","7","0","10","15","1","","0","1","0","0","0"
"POINT (10.002069280000057 53.598309343000039)","Unfall 156252 (2024) Kat:3, Licht: 0","156252","3","3","5","10","14","1","","0","1","1","0","0"
"POINT (10.055062320000047 53.565076864000048)","Unfall 156253 (2024) Kat:3, Licht: 0","156253","3","6","3","10","09","1","","0","1","0","0","0"
"POINT (9.953845324000042 53.549687489000064)","Unfall 156254 (2024) Kat:3, Licht: 2","156254","3","7","0","10","18","1","","2","1","0","0","0"
"POINT (9.990931340000031 53.560655328000053)","Unfall 156255 (2024) Kat:3, Licht: 2","156255","3","3","5","10","17","1","","2","1","0","0","0"
"POINT (10.013645878000034 53.539898323000045)","Unfall 156256 (2024) Kat:2, Licht: 0","156256","2","3","5","10","15","1","","0","1","1","0","0"
"POINT (9.987550301000056 53.450689868000040)","Unfall 156257 (2024) Kat:3, Licht: 2","156257","3","7","6","10","19","7","","2","0","0","1","0"
"POINT (10.014864021000051 53.548814136000033)","Unfall 156258 (2024) Kat:3, Licht: 0","156258","3","6","3","10","16","7","","0","0","1","0","1"
"POINT (10.055290708000030 53.560916756000040)","Unfall 156259 (2024) Kat:3, Licht: 0","156259","3","6","2","10","11","7","","0","0","1","0","0"
"POINT (10.144606610000039 53.601516465000032)","Unfall 156260 (2024) Kat:3, Licht: 0","156260","3","5","5","10","17","7","","0","0","1","0","0"
"POINT (10.102865739000038 53.578731028000050)","Unfall 156261 (2024) Kat:3, Licht: 0","156261","3","6","3","10","16","7","","0","0","1","0","1"
"POINT (10.069740207000052 53.579242674000056)","Unfall 156262 (2024) Kat:3, Licht: 2","156262","3","4","6","10","21","7","","2","0","0","1","0"
"POINT (9.939118945000075 53.580418194000060)","Unfall 156263 (2024) Kat:3, Licht: 1","156263","3","6","2","10","16","5","","1","1","1","0","0"
"POINT (10.065285583000048 53.578916170000070)","Unfall 156264 (2024) Kat:3, Licht: 0","156264","3","2","4","10","17","7","","0","1","1","0","0"
"POINT (9.948203478000039 53.560400593000054)","Unfall 156265 (2024) Kat:3, Licht: 0","156265","3","6","2","11","14","4","","0","0","1","0","0"
"POINT (10.081211464000035 53.579960847000052)","Unfall 156266 (2024) Kat:3, Licht: 2","156266","3","7","0","10","23","7","","2","0","0","0","0"
"POINT (10.169026381000037 53.647556749000046)","Unfall 156267 (2024) Kat:3, Licht: 0","156267","3","1","8","10","13","7","","0","1","0","0","0"
"POINT (10.004008258000056 53.658156854000026)","Unfall 156268 (2024) Kat:3, Licht: 2","156268","3","6","2","10","03","7","","2","0","1","0","0"
"POINT (10.001092062000055 53.663598556000068)","Unfall 156269 (2024) Kat:3, Licht: 0","156269","3","5","5","10","15","7","","0","0","1","0","0"
"POINT (10.031742113000064 53.595504204000065)","Unfall 156270 (2024) Kat:3, Licht: 0","156270","3","6","2","10","15","7","","0","0","1","0","0"
"POINT (9.890240346000041 53.595181760000060)","Unfall 156271 (2024) Kat:3, Licht: 0","156271","3","1","0","10","11","7","","0","1","0","0","0"
"POINT (9.963992963000067 53.569513503000053)","Unfall 156272 (2024) Kat:3, Licht: 2","156272","3","4","6","10","19","7","","2","0","1","1","0"
"POINT (9.965441325000029 53.563423300000068)","Unfall 156273 (2024) Kat:3, Licht: 2","156273","3","1","0","10","00","7","","2","1","0","0","0"
"POINT (10.196839010000076 53.511116948000051)","Unfall 156274 (2024) Kat:3, Licht: 0","156274","3","5","1","10","11","6","","0","0","1","0","0"
"POINT (10.100548840000044 53.441829425000037)","Unfall 156275 (2024) Kat:3, Licht: 0","156275","3","1","8","10","15","6","","0","0","0","0","1"
"POINT (10.129098642000031 53.532071322000036)","Unfall 156276 (2024) Kat:3, Licht: 2","156276","3","5","1","10","19","6","","2","0","1","0","0"
"POINT (10.061280196000041 53.554561207000063)","Unfall 156277 (2024) Kat:3, Licht: 0","156277","3","6","2","10","15","6","","0","0","1","0","0"
"POINT (10.133059592000052 53.600600781000082)","Unfall 156278 (2024) Kat:3, Licht: 0","156278","3","5","5","10","16","6","","0","0","1","0","0"
"POINT (10.128109442000039 53.579478193000057)","Unfall 156279 (2024) Kat:3, Licht: 0","156279","3","2","4","10","13","6","","0","0","1","0","0"
"POINT (10.093535007000071 53.573316216000080)","Unfall 156280 (2024) Kat:3, Licht: 0","156280","3","5","1","10","15","6","","0","0","1","0","0"
"POINT (10.096053563000055 53.600058322000052)","Unfall 156281 (2024) Kat:3, Licht: 0","156281","3","2","5","10","11","6","","0","1","1","0","0"
"POINT (10.016259288000072 53.660780914000043)","Unfall 156282 (2024) Kat:3, Licht: 0","156282","3","6","8","10","16","6","","0","0","1","0","0"
"POINT (9.986390074000042 53.458255205000057)","Unfall 156283 (2024) Kat:3, Licht: 0","156283","3","7","6","12","13","2","","0","0","1","1","0"
"POINT (10.012818936000031 53.579989252000075)","Unfall 156284 (2024) Kat:3, Licht: 0","156284","3","4","6","10","16","6","","0","1","0","1","0"
"POINT (9.934913441000049 53.573368942000059)","Unfall 156285 (2024) Kat:3, Licht: 2","156285","3","1","8","10","18","6","","2","0","1","0","0"
"POINT (9.983783878000054 53.557599264000032)","Unfall 156286 (2024) Kat:2, Licht: 2","156286","2","3","5","11","01","5","","2","0","1","0","1"
"POINT (9.933574045000057 53.592574348000028)","Unfall 156287 (2024) Kat:3, Licht: 0","156287","3","7","0","10","15","6","","0","0","0","0","1"
"POINT (9.793806535000044 53.562692099000060)","Unfall 156288 (2024) Kat:3, Licht: 0","156288","3","7","0","10","17","6","","0","1","0","0","0"
"POINT (9.793705193000051 53.562637057000074)","Unfall 156289 (2024) Kat:3, Licht: 0","156289","3","1","0","10","17","6","","0","1","0","0","0"
"POINT (9.907629924000048 53.632544683000049)","Unfall 156290 (2024) Kat:3, Licht: 2","156290","3","3","5","10","05","6","","2","1","1","0","0"
"POINT (9.974294649000058 53.579922010000075)","Unfall 156291 (2024) Kat:3, Licht: 0","156291","3","6","3","10","10","6","","0","0","0","0","0"
"POINT (9.951810923000039 53.566016935000050)","Unfall 156292 (2024) Kat:3, Licht: 2","156292","3","7","0","10","22","6","","2","0","0","0","0"
"POINT (9.986127276000047 53.578807094000069)","Unfall 156293 (2024) Kat:3, Licht: 1","156293","3","3","5","10","17","6","","1","0","1","0","1"
"POINT (9.962623634000067 53.549488847000077)","Unfall 156294 (2024) Kat:3, Licht: 0","156294","3","2","6","10","11","6","","0","0","1","1","0"
"POINT (10.005336994000061 53.552960517000031)","Unfall 156295 (2024) Kat:3, Licht: 0","156295","3","4","6","10","12","6","","0","1","0","1","0"
"POINT (9.984322582000061 53.542703024000048)","Unfall 156296 (2024) Kat:3, Licht: 1","156296","3","6","6","10","07","6","","1","1","0","1","0"
"POINT (10.080525070000022 53.619139651000069)","Unfall 156297 (2024) Kat:3, Licht: 0","156297","3","3","5","11","14","5","","0","1","1","0","0"
"POINT (9.988363802000038 53.558175020000078)","Unfall 156298 (2024) Kat:3, Licht: 1","156298","3","7","6","10","18","6","","1","1","0","1","0"
"POINT (10.007190129000037 53.551925844000039)","Unfall 156299 (2024) Kat:3, Licht: 1","156299","3","4","6","10","18","6","","1","1","0","1","0"
"POINT (9.872794433000024 53.491054188000078)","Unfall 156300 (2024) Kat:2, Licht: 0","156300","2","7","0","10","12","5","","0","1","0","0","0"
"POINT (9.987497833000077 53.449468819000060)","Unfall 156301 (2024) Kat:3, Licht: 0","156301","3","4","6","10","12","5","","0","0","1","1","0"
"POINT (10.225096676000021 53.491037033000055)","Unfall 156302 (2024) Kat:3, Licht: 2","156302","3","7","0","10","21","5","","2","0","1","0","0"
"POINT (10.194618157000036 53.473935411000070)","Unfall 156303 (2024) Kat:2, Licht: 0","156303","2","1","0","10","14","5","","0","0","0","0","1"
"POINT (10.115352756000050 53.490262707000056)","Unfall 156304 (2024) Kat:3, Licht: 0","156304","3","1","0","10","15","5","","0","1","0","0","0"
"POINT (10.123339563000059 53.568741920000036)","Unfall 156305 (2024) Kat:3, Licht: 0","156305","3","3","5","10","09","5","","0","0","1","0","0"
"POINT (10.080732848000025 53.580887646000065)","Unfall 156306 (2024) Kat:3, Licht: 0","156306","3","6","3","10","14","5","","0","1","1","0","0"
"POINT (10.090570692000028 53.622692048000033)","Unfall 156307 (2024) Kat:3, Licht: 0","156307","3","3","5","10","15","5","","0","1","1","0","0"
"POINT (10.085851419000051 53.628430260000073)","Unfall 156308 (2024) Kat:3, Licht: 0","156308","3","1","0","10","11","5","","0","1","0","0","0"
"POINT (10.012510906000045 53.649233289000051)","Unfall 156309 (2024) Kat:3, Licht: 0","156309","3","5","5","10","17","5","","0","1","1","0","0"
"POINT (10.001057395000032 53.676979842000037)","Unfall 156310 (2024) Kat:3, Licht: 0","156310","3","3","5","10","15","5","","0","0","1","0","0"
"POINT (10.022750587000075 53.662599394000040)","Unfall 156311 (2024) Kat:3, Licht: 2","156311","3","1","0","10","03","5","","2","0","0","0","0"
"POINT (10.012016553000024 53.587273624000034)","Unfall 156312 (2024) Kat:3, Licht: 0","156312","3","3","5","10","08","5","","0","1","0","0","0"
"POINT (10.007508121000058 53.580873871000051)","Unfall 156313 (2024) Kat:3, Licht: 2","156313","3","3","5","10","22","5","","2","1","1","0","0"
"POINT (10.032228863000057 53.600733594000076)","Unfall 156314 (2024) Kat:3, Licht: 0","156314","3","5","1","10","14","5","","0","0","1","0","1"
"POINT (10.020010140000068 53.565364715000044)","Unfall 156315 (2024) Kat:3, Licht: 0","156315","3","6","0","10","15","5","","0","1","1","0","0"
"POINT (10.020777971000030 53.581348205000040)","Unfall 156316 (2024) Kat:3, Licht: 2","156316","3","1","0","10","06","5","","2","1","0","0","0"
"POINT (10.032510975000037 53.574520384000039)","Unfall 156317 (2024) Kat:3, Licht: 2","156317","3","7","0","10","02","5","","2","1","0","0","0"
"POINT (9.871690101000070 53.592146682000077)","Unfall 156318 (2024) Kat:3, Licht: 0","156318","3","5","5","10","08","5","","0","0","1","0","0"
"POINT (9.865671739000049 53.547956853000073)","Unfall 156319 (2024) Kat:3, Licht: 2","156319","3","1","0","10","07","5","","2","1","0","0","0"
"POINT (9.910236239000028 53.632765657000050)","Unfall 156320 (2024) Kat:3, Licht: 0","156320","3","5","5","10","18","5","","0","1","1","0","0"
"POINT (9.942030065000040 53.599141078000059)","Unfall 156321 (2024) Kat:3, Licht: 0","156321","3","3","5","10","15","5","","0","1","1","0","0"
"POINT (10.006616655000073 53.549648448000028)","Unfall 156322 (2024) Kat:3, Licht: 0","156322","3","7","0","10","14","5","","0","1","0","0","0"
"POINT (10.124616745000026 53.586036361000026)","Unfall 156323 (2024) Kat:3, Licht: 0","156323","3","2","3","10","17","4","","0","0","1","0","0"
"POINT (10.057490310000048 53.579574198000046)","Unfall 156324 (2024) Kat:3, Licht: 2","156324","3","6","2","10","05","4","","2","0","1","0","0"
"POINT (10.032779650000066 53.678270727000040)","Unfall 156325 (2024) Kat:3, Licht: 0","156325","3","3","5","10","13","4","","0","1","1","0","0"
"POINT (10.001173440000059 53.676948395000068)","Unfall 156326 (2024) Kat:3, Licht: 0","156326","3","2","4","10","12","4","","0","1","0","0","0"
"POINT (10.012066144000073 53.633707054000070)","Unfall 156327 (2024) Kat:3, Licht: 0","156327","3","4","6","10","10","4","","0","0","1","1","0"
"POINT (10.014867064000043 53.570392677000029)","Unfall 156328 (2024) Kat:3, Licht: 0","156328","3","4","6","10","08","4","","0","1","0","1","0"
"POINT (10.045328330000075 53.589627807000056)","Unfall 156329 (2024) Kat:2, Licht: 2","156329","2","2","3","10","19","4","","2","0","1","0","0"
"POINT (10.050468433000049 53.573060429000066)","Unfall 156330 (2024) Kat:3, Licht: 0","156330","3","6","2","10","16","4","","0","0","1","0","0"
"POINT (10.028582869000047 53.571215584000072)","Unfall 156331 (2024) Kat:3, Licht: 0","156331","3","3","5","10","15","4","","0","0","1","0","0"
"POINT (9.896456481000030 53.546325132000050)","Unfall 156332 (2024) Kat:3, Licht: 0","156332","3","7","0","10","16","4","","0","1","0","0","0"
"POINT (9.878462587000058 53.586242816000038)","Unfall 156333 (2024) Kat:3, Licht: 0","156333","3","5","5","10","10","4","","0","0","1","0","0"
"POINT (9.986122683000076 53.573636024000052)","Unfall 156334 (2024) Kat:3, Licht: 1","156334","3","2","5","10","17","4","","1","1","1","0","0"
"POINT (9.977403397000046 53.574391344000048)","Unfall 156335 (2024) Kat:2, Licht: 0","156335","2","4","0","10","10","4","","0","0","0","1","0"
"POINT (9.957777820000047 53.612134960000049)","Unfall 156336 (2024) Kat:3, Licht: 0","156336","3","5","5","11","11","4","","0","0","1","0","0"
"POINT (9.965431771000056 53.563494459000026)","Unfall 156337 (2024) Kat:3, Licht: 1","156337","3","1","0","10","18","4","","1","1","0","0","0"
"POINT (9.965019922000067 53.557115556000042)","Unfall 156338 (2024) Kat:3, Licht: 2","156338","3","7","3","10","18","4","","2","1","1","0","0"
"POINT (10.003949367000075 53.554037990000040)","Unfall 156339 (2024) Kat:3, Licht: 2","156339","3","2","5","10","23","4","","2","0","1","0","0"
"POINT (10.018334553000045 53.556301102000077)","Unfall 156340 (2024) Kat:3, Licht: 2","156340","3","2","3","10","18","4","","2","1","1","0","0"
"POINT (9.908016557000053 53.513479086000075)","Unfall 156341 (2024) Kat:3, Licht: 2","156341","3","6","3","10","21","3","","2","0","1","0","0"
"POINT (9.910059263000051 53.513714067000080)","Unfall 156342 (2024) Kat:3, Licht: 2","156342","3","6","3","10","06","3","","2","0","1","0","0"
"POINT (10.200371396000037 53.488950095000064)","Unfall 156343 (2024) Kat:3, Licht: 0","156343","3","6","2","10","15","3","","0","0","1","0","0"
"POINT (10.201942090000045 53.488977039000076)","Unfall 156344 (2024) Kat:3, Licht: 0","156344","3","2","5","10","14","3","","0","1","1","0","0"
"POINT (10.040244919000031 53.544041899000035)","Unfall 156345 (2024) Kat:3, Licht: 0","156345","3","7","0","10","18","3","","0","0","0","0","0"
"POINT (10.167249114000072 53.605805811000039)","Unfall 156346 (2024) Kat:3, Licht: 2","156346","3","3","5","10","05","3","","2","1","0","0","0"
"POINT (10.071351624000044 53.571836815000040)","Unfall 156347 (2024) Kat:3, Licht: 0","156347","3","3","5","11","13","1","","0","1","1","0","0"
"POINT (10.159444795000070 53.603548507000028)","Unfall 156348 (2024) Kat:3, Licht: 2","156348","3","4","0","10","18","3","","2","0","0","1","0"
"POINT (10.137457029000075 53.592869616000030)","Unfall 156349 (2024) Kat:3, Licht: 1","156349","3","4","6","10","07","3","","1","0","1","1","0"
"POINT (10.063531434000026 53.566866987000026)","Unfall 156350 (2024) Kat:3, Licht: 1","156350","3","6","2","10","16","3","","1","0","1","0","0"
"POINT (10.093007315000023 53.578391840000052)","Unfall 156351 (2024) Kat:3, Licht: 0","156351","3","3","5","10","10","3","","0","0","1","0","0"
"POINT (10.065983651000067 53.588441798000076)","Unfall 156352 (2024) Kat:3, Licht: 1","156352","3","2","6","10","06","3","","1","0","1","1","0"