WKT,Name,OBJECTID,UKATEGORIE,UTYP1,UART,UMONAT,USTUNDE,UWOCHENTAG,STRZUSTAND,ULICHTVERH,ISTRAD,ISTPKW,ISTFUSS,ISTKRAD
"POINT (10.067910745000063 53.580861891000040)","Unfall 156354 (2024) Kat:3, Licht: 0","156354","3","7","0","10","13","3","","0","0","0","0","0"
"POINT (10.071935245000077 53.607881866000071)","Unfall 156355 (2024) Kat:3, Licht: 0","156355","3","5","5","10","16","3","","0","1","1","0","0"
"POINT (10.051333828000054 53.602870987000074)","Unfall 156356 (2024) Kat:3, Licht: 2","156356","3","3","5","10","06","3","","2","1","1","0","0"
"POINT (10.120060370000033 53.704626708000035)","Unfall 156357 (2024) Kat:3, Licht: 2","156357","3","1","0","10","22","3","","2","1","0","0","0"
"POINT (10.044038002000036 53.632559609000054)","Unfall 156358 (2024) Kat:3, Licht: 2","156358","3","1","0","10","05","3","","2","1","0","0","0"
"POINT (10.052398185000072 53.584487360000082)","Unfall 156359 (2024) Kat:3, Licht: 0","156359","3","4","6","10","16","3","","0","1","0","1","0"
"POINT (10.035855041000048 53.574835398000062)","Unfall 156360 (2024) Kat:3, Licht: 0","156360","3","6","2","10","15","3","","0","0","1","0","0"
"POINT (10.046670073000030 53.593786324000064)","Unfall 156361 (2024) Kat:3, Licht: 0","156361","3","4","6","10","13","3","","0","1","0","1","0"
"POINT (9.842477448000068 53.576428284000031)","Unfall 156362 (2024) Kat:2, Licht: 2","156362","2","7","0","10","20","3","","2","1","0","0","0"
"POINT (9.918989121000038 53.574649193000027)","Unfall 156363 (2024) Kat:3, Licht: 0","156363","3","6","2","10","13","3","","0","0","1","0","0"
"POINT (9.963136027000076 53.628474727000082)","Unfall 156364 (2024) Kat:3, Licht: 0","156364","3","7","0","10","16","3","","0","1","0","0","0"
"POINT (9.928593921000072 53.554557707000072)","Unfall 156365 (2024) Kat:3, Licht: 2","156365","3","1","0","10","00","3","","2","1","0","0","0"
"POINT (9.997457607000058 53.570687054000075)","Unfall 156366 (2024) Kat:3, Licht: 0","156366","3","3","5","10","13","3","","0","1","1","0","0"
"POINT (9.910263204000046 53.513760256000069)","Unfall 156367 (2024) Kat:3, Licht: 1","156367","3","6","3","11","07","5","","1","0","1","0","0"
"POINT (9.982263314000022 53.581508168000028)","Unfall 156368 (2024) Kat:3, Licht: 0","156368","3","3","5","10","16","3","","0","1","1","0","0"
"POINT (9.970108481000068 53.562440614000081)","Unfall 156369 (2024) Kat:3, Licht: 0","156369","3","2","3","10","15","3","","0","1","1","0","0"
"POINT (9.857386032000022 53.598103010000045)","Unfall 156370 (2024) Kat:3, Licht: 2","156370","3","2","4","12","20","2","","2","0","1","0","0"
"POINT (9.975371577000033 53.549953852000044)","Unfall 156371 (2024) Kat:3, Licht: 0","156371","3","7","0","10","09","3","","0","0","1","0","0"
"POINT (10.021102639000048 53.553084672000068)","Unfall 156372 (2024) Kat:3, Licht: 0","156372","3","5","5","10","11","3","","0","0","1","0","0"
"POINT (10.008151606000069 53.552055657000039)","Unfall 156373 (2024) Kat:3, Licht: 0","156373","3","6","3","10","10","3","","0","0","1","0","0"
"POINT (9.793841328000042 53.533913472000052)","Unfall 156374 (2024) Kat:3, Licht: 2","156374","3","3","5","10","06","2","","2","0","1","0","1"
"POINT (10.089648340000053 53.511261609000030)","Unfall 156375 (2024) Kat:3, Licht: 0","156375","3","2","5","10","14","2","","0","0","1","0","0"
"POINT (10.056978576000063 53.555294337000078)","Unfall 156376 (2024) Kat:3, Licht: 0","156376","3","7","0","10","16","2","","0","1","0","0","0"
"POINT (10.097228707000056 53.534134738000034)","Unfall 156377 (2024) Kat:3, Licht: 2","156377","3","3","5","12","16","3","","2","0","1","0","0"
"POINT (10.136151350000034 53.634922778000032)","Unfall 156378 (2024) Kat:3, Licht: 0","156378","3","2","5","10","13","2","","0","0","1","0","0"
"POINT (10.068722382000033 53.580720491000079)","Unfall 156379 (2024) Kat:3, Licht: 0","156379","3","4","6","10","11","2","","0","0","0","1","0"
"POINT (10.020785969000030 53.649071220000053)","Unfall 156380 (2024) Kat:3, Licht: 0","156380","3","6","2","11","15","4","","0","0","1","0","0"
"POINT (10.094674117000068 53.592861294000045)","Unfall 156381 (2024) Kat:3, Licht: 0","156381","3","6","4","10","11","2","","0","1","0","0","0"
"POINT (10.087396549000061 53.651001900000040)","Unfall 156382 (2024) Kat:3, Licht: 0","156382","3","2","5","10","07","2","","0","0","1","0","0"
"POINT (10.029889012000069 53.638838472000032)","Unfall 156383 (2024) Kat:3, Licht: 0","156383","3","4","6","10","10","2","","0","0","1","1","0"
"POINT (10.005556106000029 53.580326648000039)","Unfall 156384 (2024) Kat:3, Licht: 1","156384","3","1","0","10","18","2","","1","1","0","0","0"
"POINT (10.028587238000057 53.571211139000070)","Unfall 156385 (2024) Kat:2, Licht: 0","156385","2","3","5","10","12","2","","0","0","1","0","0"
"POINT (9.897703583000066 53.550486024000065)","Unfall 156386 (2024) Kat:3, Licht: 1","156386","3","7","0","10","17","2","","1","1","1","0","0"
"POINT (9.989381341000069 53.551147733000050)","Unfall 156387 (2024) Kat:3, Licht: 1","156387","3","4","6","10","17","2","","1","0","1","1","0"
"POINT (10.005787421000036 53.551865249000059)","Unfall 156388 (2024) Kat:3, Licht: 2","156388","3","1","0","10","02","2","","2","0","0","0","0"
"POINT (9.949151093000069 53.474748305000048)","Unfall 156389 (2024) Kat:3, Licht: 0","156389","3","1","0","10","07","2","","0","1","0","0","0"
"POINT (10.245786112000076 53.480679426000052)","Unfall 156390 (2024) Kat:3, Licht: 0","156390","3","7","0","10","12","1","","0","0","0","0","0"
"POINT (10.080673162000039 53.502491737000071)","Unfall 156391 (2024) Kat:3, Licht: 0","156391","3","1","0","10","12","1","","0","1","0","0","0"
"POINT (10.127883448000034 53.587288095000076)","Unfall 156392 (2024) Kat:3, Licht: 2","156392","3","2","3","10","00","1","","2","0","1","0","0"
"POINT (10.076347898000051 53.566870048000055)","Unfall 156393 (2024) Kat:3, Licht: 1","156393","3","2","2","12","08","6","","1","0","1","0","0"
"POINT (10.057432665000022 53.579677768000067)","Unfall 156394 (2024) Kat:3, Licht: 0","156394","3","7","0","10","12","1","","0","1","0","0","0"
"POINT (10.051220364000073 53.646776593000027)","Unfall 156395 (2024) Kat:3, Licht: 0","156395","3","6","2","10","11","1","","0","0","1","0","0"
"POINT (10.017429694000043 53.612946024000053)","Unfall 156396 (2024) Kat:3, Licht: 0","156396","3","1","0","10","13","1","","0","1","0","0","0"
"POINT (10.035871006000036 53.575360186000069)","Unfall 156397 (2024) Kat:2, Licht: 2","156397","2","6","4","10","22","1","","2","0","1","0","0"
"POINT (9.939079024000023 53.580374351000046)","Unfall 156398 (2024) Kat:3, Licht: 0","156398","3","3","5","10","12","1","","0","1","1","0","0"
"POINT (9.985564346000046 53.542820679000044)","Unfall 156399 (2024) Kat:3, Licht: 0","156399","3","6","3","10","14","1","","0","0","1","0","0"
"POINT (9.993055509000044 53.470046640000078)","Unfall 156400 (2024) Kat:3, Licht: 0","156400","3","1","0","10","12","1","","0","1","0","0","0"
"POINT (9.979928303000065 53.457550234000053)","Unfall 156401 (2024) Kat:3, Licht: 0","156401","3","6","2","10","10","7","","0","0","1","0","0"
"POINT (10.176536028000044 53.408094831000028)","Unfall 156402 (2024) Kat:3, Licht: 0","156402","3","5","1","10","09","7","","0","0","1","0","0"
"POINT (10.038193902000046 53.547732605000078)","Unfall 156403 (2024) Kat:3, Licht: 0","156403","3","1","0","10","15","7","","0","0","0","0","1"
"POINT (10.100331206000021 53.589292544000045)","Unfall 156404 (2024) Kat:3, Licht: 1","156404","3","7","0","10","07","7","","1","1","0","0","0"
"POINT (10.077213741000037 53.653220156000032)","Unfall 156405 (2024) Kat:3, Licht: 2","156405","3","3","5","10","19","7","","2","0","1","0","0"
"POINT (10.010281664000047 53.648765213000047)","Unfall 156406 (2024) Kat:3, Licht: 0","156406","3","2","5","10","09","7","","0","0","1","0","0"
"POINT (10.016310696000062 53.591830543000071)","Unfall 156407 (2024) Kat:3, Licht: 2","156407","3","1","1","10","05","7","","2","0","1","0","0"
"POINT (10.055997345000037 53.569369599000026)","Unfall 156408 (2024) Kat:3, Licht: 2","156408","3","6","2","10","23","7","","2","0","1","0","0"
"POINT (9.902668526000070 53.608144793000065)","Unfall 156409 (2024) Kat:3, Licht: 0","156409","3","4","6","10","08","7","","0","1","0","1","0"
"POINT (9.859857900000065 53.570027967000044)","Unfall 156410 (2024) Kat:2, Licht: 1","156410","2","1","0","10","16","7","","1","1","0","0","0"
"POINT (9.913634158000036 53.634168733000081)","Unfall 156411 (2024) Kat:3, Licht: 2","156411","3","6","4","10","20","7","","2","0","0","0","0"
"POINT (9.986750818000075 53.563014456000076)","Unfall 156412 (2024) Kat:3, Licht: 0","156412","3","6","2","10","15","7","","0","0","1","0","0"
"POINT (10.002550783000061 53.554564026000037)","Unfall 156413 (2024) Kat:3, Licht: 0","156413","3","6","2","10","15","7","","0","0","1","0","0"
"POINT (10.006086094000068 53.551471617000061)","Unfall 156414 (2024) Kat:3, Licht: 2","156414","3","6","2","10","01","7","","2","0","1","0","0"
"POINT (10.116359908000049 53.535070719000032)","Unfall 156415 (2024) Kat:3, Licht: 0","156415","3","3","5","10","13","6","","0","1","1","0","0"
"POINT (10.119179578000058 53.564340339000069)","Unfall 156416 (2024) Kat:3, Licht: 0","156416","3","7","0","10","07","6","","0","1","0","0","0"
"POINT (10.081115510000075 53.619719864000047)","Unfall 156417 (2024) Kat:3, Licht: 0","156417","3","7","3","10","09","6","","0","0","1","0","0"
"POINT (10.102421554000045 53.647207425000033)","Unfall 156418 (2024) Kat:3, Licht: 0","156418","3","7","0","10","13","6","","0","1","0","0","0"
"POINT (10.007069436000052 53.636360646000071)","Unfall 156419 (2024) Kat:3, Licht: 2","156419","3","7","2","10","20","6","","2","0","1","0","1"
"POINT (9.994165674000044 53.601722959000028)","Unfall 156420 (2024) Kat:3, Licht: 1","156420","3","3","5","10","19","6","","1","1","1","0","0"
"POINT (10.013048398000024 53.602200369000059)","Unfall 156421 (2024) Kat:3, Licht: 0","156421","3","3","5","10","09","6","","0","1","1","0","0"
"POINT (10.017920870000069 53.613088475000040)","Unfall 156422 (2024) Kat:3, Licht: 0","156422","3","1","0","10","16","6","","0","1","0","0","0"
"POINT (10.011562708000042 53.606947712000078)","Unfall 156423 (2024) Kat:3, Licht: 0","156423","3","1","0","10","13","6","","0","0","0","0","0"
"POINT (10.040525862000038 53.579731545000072)","Unfall 156424 (2024) Kat:3, Licht: 2","156424","3","6","2","10","03","6","","2","0","1","0","0"
"POINT (9.915528084000073 53.600661475000038)","Unfall 156425 (2024) Kat:3, Licht: 1","156425","3","1","0","10","07","6","","1","0","0","0","0"
"POINT (9.918093985000041 53.552429775000064)","Unfall 156426 (2024) Kat:3, Licht: 0","156426","3","3","5","10","13","6","","0","1","1","0","0"
"POINT (9.999705172000063 53.576497576000065)","Unfall 156427 (2024) Kat:3, Licht: 0","156427","3","6","3","10","12","6","","0","1","0","0","0"
"POINT (9.962310539000043 53.561564750000059)","Unfall 156428 (2024) Kat:3, Licht: 2","156428","3","4","6","10","20","6","","2","0","0","1","0"
"POINT (10.202728254000021 53.488977955000053)","Unfall 156429 (2024) Kat:3, Licht: 0","156429","3","2","3","10","13","5","","0","1","0","0","0"
"POINT (10.034623102000069 53.546479637000061)","Unfall 156430 (2024) Kat:3, Licht: 0","156430","3","2","2","10","08","5","","0","1","1","0","0"
"POINT (10.192656503000023 53.609465907000072)","Unfall 156431 (2024) Kat:2, Licht: 0","156431","2","1","8","10","17","5","","0","0","0","0","1"
"POINT (10.076315295000029 53.618123639000032)","Unfall 156432 (2024) Kat:3, Licht: 0","156432","3","7","0","10","12","5","","0","1","0","0","0"
"POINT (10.206165272000021 53.488806073000035)","Unfall 156433 (2024) Kat:3, Licht: 1","156433","3","7","0","11","16","2","","1","1","0","0","0"
"POINT (10.160686207000026 53.653043595000042)","Unfall 156434 (2024) Kat:3, Licht: 0","156434","3","5","5","10","12","5","","0","0","1","0","0"
"POINT (10.146060574000046 53.648743171000035)","Unfall 156435 (2024) Kat:3, Licht: 0","156435","3","3","5","10","13","5","","0","0","1","0","0"
"POINT (9.990078480000022 53.559771043000069)","Unfall 156436 (2024) Kat:3, Licht: 0","156436","3","7","0","11","08","3","","0","1","0","0","0"
"POINT (9.988385568000069 53.548415982000051)","Unfall 156437 (2024) Kat:3, Licht: 0","156437","3","6","3","10","14","6","","0","1","1","0","0"
"POINT (10.093660800000066 53.656090963000054)","Unfall 156438 (2024) Kat:3, Licht: 0","156438","3","6","3","10","10","5","","0","0","0","0","0"
"POINT (10.012936462000027 53.627246380000031)","Unfall 156439 (2024) Kat:3, Licht: 0","156439","3","4","6","10","16","5","","0","1","0","1","0"
"POINT (10.025287067000022 53.561105596000061)","Unfall 156440 (2024) Kat:3, Licht: 0","156440","3","7","2","10","19","5","","0","0","1","0","0"
"POINT (9.760170408000022 53.566267602000039)","Unfall 156441 (2024) Kat:3, Licht: 1","156441","3","7","0","10","18","5","","1","1","0","0","0"
"POINT (9.958957349000059 53.565473093000037)","Unfall 156442 (2024) Kat:3, Licht: 2","156442","3","7","0","10","21","5","","2","1","1","0","0"
"POINT (9.980290403000026 53.613495458000045)","Unfall 156443 (2024) Kat:3, Licht: 2","156443","3","6","3","10","20","5","","2","0","0","0","1"
"POINT (9.995993500000054 53.549291645000039)","Unfall 156444 (2024) Kat:3, Licht: 0","156444","3","2","3","10","15","5","","0","1","1","0","0"
"POINT (9.842691944000023 53.535199278000050)","Unfall 156445 (2024) Kat:3, Licht: 0","156445","3","6","4","10","13","4","","0","1","0","0","0"
"POINT (10.166106353000032 53.489035884000032)","Unfall 156446 (2024) Kat:3, Licht: 0","156446","3","2","5","10","14","4","","0","1","1","0","0"
"POINT (10.110176740000043 53.526253191000080)","Unfall 156447 (2024) Kat:3, Licht: 1","156447","3","3","5","10","07","4","","1","1","1","0","0"
"POINT (10.111702047000051 53.552700133000030)","Unfall 156448 (2024) Kat:3, Licht: 1","156448","3","3","5","10","08","4","","1","0","1","0","0"
"POINT (10.099340084000062 53.576187552000079)","Unfall 156449 (2024) Kat:3, Licht: 0","156449","3","3","5","10","16","4","","0","1","1","0","0"
"POINT (10.072477235000065 53.579555785000082)","Unfall 156450 (2024) Kat:2, Licht: 0","156450","2","4","6","10","14","4","","0","0","1","1","0"
"POINT (10.057846530000063 53.578905620000057)","Unfall 156451 (2024) Kat:3, Licht: 0","156451","3","6","2","10","11","4","","0","0","1","0","0"
"POINT (10.160302595000076 53.649921294000080)","Unfall 156452 (2024) Kat:3, Licht: 2","156452","3","2","6","10","19","4","","2","0","1","1","0"
"POINT (10.185164764000035 53.655471072000068)","Unfall 156453 (2024) Kat:3, Licht: 0","156453","3","7","0","10","15","4","","0","1","1","0","0"
"POINT (10.096134655000071 53.640659959000061)","Unfall 156454 (2024) Kat:3, Licht: 0","156454","3","7","0","10","14","4","","0","1","0","0","0"
"POINT (10.013816500000075 53.595989360000033)","Unfall 156455 (2024) Kat:3, Licht: 2","156455","3","3","5","10","06","4","","2","1","1","0","0"
"POINT (10.033182740000029 53.567720046000034)","Unfall 156456 (2024) Kat:3, Licht: 1","156456","3","6","6","10","07","4","","1","1","0","1","0"
"POINT (9.848448377000068 53.553151459000048)","Unfall 156457 (2024) Kat:3, Licht: 2","156457","3","3","5","10","05","4","","2","0","1","0","1"
"POINT (10.000661451000042 53.499697158000060)","Unfall 156458 (2024) Kat:3, Licht: 2","156458","3","5","5","12","19","6","","2","1","1","0","0"
"POINT (9.901841366000042 53.625623294000036)","Unfall 156459 (2024) Kat:3, Licht: 0","156459","3","7","6","10","16","4","","0","0","1","1","0"
"POINT (9.955605073000072 53.581379011000081)","Unfall 156460 (2024) Kat:3, Licht: 0","156460","3","6","2","10","10","4","","0","1","0","0","0"
"POINT (9.956149972000048 53.581473723000045)","Unfall 156461 (2024) Kat:3, Licht: 0","156461","3","7","2","10","15","4","","0","1","1","0","0"
"POINT (9.948530984000058 53.604619136000053)","Unfall 156462 (2024) Kat:3, Licht: 2","156462","3","3","5","10","21","4","","2","0","1","0","0"
"POINT (9.934320198000023 53.555574886000045)","Unfall 156463 (2024) Kat:3, Licht: 1","156463","3","7","0","10","18","4","","1","1","0","0","0"
"POINT (9.947851159000038 53.561179725000045)","Unfall 156464 (2024) Kat:3, Licht: 2","156464","3","1","8","10","03","4","","2","1","0","0","0"
"POINT (9.991887145000021 53.504126468000038)","Unfall 156465 (2024) Kat:3, Licht: 0","156465","3","5","5","10","10","4","","0","0","1","0","0"
"POINT (9.986208661000035 53.563309273000073)","Unfall 156466 (2024) Kat:3, Licht: 0","156466","3","6","2","10","15","4","","0","0","1","0","0"
"POINT (9.978661824000028 53.572349316000043)","Unfall 156467 (2024) Kat:3, Licht: 0","156467","3","2","3","10","14","4","","0","1","1","0","0"
"POINT (9.977627986000073 53.571524576000058)","Unfall 156468 (2024) Kat:3, Licht: 0","156468","3","2","6","10","13","4","","0","0","1","1","0"
"POINT (9.986571656000024 53.555524325000079)","Unfall 156469 (2024) Kat:3, Licht: 0","156469","3","4","6","10","14","4","","0","0","1","1","0"
"POINT (9.971071647000031 53.547270241000035)","Unfall 156470 (2024) Kat:2, Licht: 0","156470","2","1","0","10","13","4","","0","0","1","0","1"
"POINT (9.976940633000027 53.563672694000047)","Unfall 156471 (2024) Kat:2, Licht: 2","156471","2","2","5","10","06","4","","2","0","0","0","1"
"POINT (9.990096027000050 53.557995074000075)","Unfall 156472 (2024) Kat:3, Licht: 0","156472","3","3","5","10","13","4","","0","0","1","0","1"
"POINT (10.009091479000062 53.481055447000074)","Unfall 156473 (2024) Kat:3, Licht: 2","156473","3","6","2","11","06","3","","2","0","1","0","0"
"POINT (9.900762633000056 53.549764243000027)","Unfall 156474 (2024) Kat:3, Licht: 2","156474","3","2","5","11","17","4","","2","0","1","0","1"
"POINT (9.969730436000077 53.515934070000071)","Unfall 156475 (2024) Kat:3, Licht: 0","156475","3","6","3","10","07","4","","0","0","1","0","0"
"POINT (9.986241411000037 53.572625238000057)","Unfall 156476 (2024) Kat:3, Licht: 0","156476","3","2","3","10","16","6","","0","1","1","0","0"
"POINT (9.849880380000059 53.471940162000067)","Unfall 156477 (2024) Kat:2, Licht: 0","156477","2","2","6","10","13","3","","0","0","1","1","0"
"POINT (9.934972488000028 53.430858871000055)","Unfall 156478 (2024) Kat:3, Licht: 0","156478","3","2","3","10","15","3","","0","0","1","0","0"
"POINT (9.990237372000024 53.443958072000044)","Unfall 156479 (2024) Kat:3, Licht: 0","156479","3","2","5","10","14","3","","0","1","1","0","0"
"POINT (10.022730530000047 53.551008759000069)","Unfall 156480 (2024) Kat:3, Licht: 0","156480","3","6","2","11","15","7","","0","0","1","0","0"
"POINT (10.056279056000051 53.500167351000073)","Unfall 156481 (2024) Kat:3, Licht: 1","156481","3","1","8","10","18","3","","1","0","0","0","1"
"POINT (10.130012974000067 53.531735387000026)","Unfall 156482 (2024) Kat:3, Licht: 0","156482","3","2","2","10","13","3","","0","0","1","0","0"
"POINT (10.033728750000023 53.554532807000044)","Unfall 156483 (2024) Kat:3, Licht: 0","156483","3","7","3","10","13","3","","0","0","1","0","0"
"POINT (10.135533423000027 53.617047814000045)","Unfall 156484 (2024) Kat:3, Licht: 0","156484","3","2","5","10","16","3","","0","1","1","0","0"
"POINT (9.989037152000037 53.578802409000048)","Unfall 156485 (2024) Kat:3, Licht: 2","156485","3","7","0","10","22","3","","2","1","0","0","0"
"POINT (10.058881665000058 53.598415475000081)","Unfall 156486 (2024) Kat:3, Licht: 0","156486","3","5","4","10","16","3","","0","1","0","0","0"
"POINT (10.080316876000040 53.611744267000063)","Unfall 156487 (2024) Kat:3, Licht: 0","156487","3","3","3","10","10","3","","0","1","1","0","0"
"POINT (10.041233820000059 53.647878124000044)","Unfall 156488 (2024) Kat:3, Licht: 0","156488","3","2","5","10","15","3","","0","1","1","0","0"
"POINT (10.147820698000032 53.665987285000028)","Unfall 156489 (2024) Kat:3, Licht: 0","156489","3","7","0","10","09","3","","0","0","0","0","0"
"POINT (10.006260460000021 53.635051927000063)","Unfall 156490 (2024) Kat:3, Licht: 0","156490","3","7","6","10","12","3","","0","0","1","1","0"
"POINT (10.122888731000046 53.655290642000068)","Unfall 156491 (2024) Kat:2, Licht: 2","156491","2","5","1","11","06","6","","2","0","1","0","0"
"POINT (9.872296770000048 53.591889402000049)","Unfall 156492 (2024) Kat:3, Licht: 0","156492","3","3","5","10","14","3","","0","1","0","0","0"
"POINT (9.966376683000021 53.603495052000028)","Unfall 156493 (2024) Kat:3, Licht: 0","156493","3","2","5","10","08","3","","0","1","1","0","0"
"POINT (9.993720887000052 53.470180382000080)","Unfall 156494 (2024) Kat:3, Licht: 0","156494","3","7","0","10","17","2","","0","1","0","0","0"
"POINT (9.917931036000027 53.580688735000081)","Unfall 156495 (2024) Kat:3, Licht: 2","156495","3","6","2","12","07","4","","2","0","1","0","0"
"POINT (10.114941936000037 53.545361244000048)","Unfall 156496 (2024) Kat:2, Licht: 2","156496","2","2","5","10","20","2","","2","1","1","0","0"
"POINT (10.109837830000060 53.527446032000057)","Unfall 156497 (2024) Kat:2, Licht: 0","156497","2","2","0","10","11","2","","0","0","0","0","1"
"POINT (10.119870457000047 53.606478906000063)","Unfall 156498 (2024) Kat:3, Licht: 1","156498","3","2","4","10","19","2","","1","1","1","0","0"
"POINT (10.162344181000037 53.601390395000067)","Unfall 156499 (2024) Kat:3, Licht: 0","156499","3","3","5","10","16","2","","0","1","0","0","0"
"POINT (10.016833695000059 53.550456674000031)","Unfall 156500 (2024) Kat:3, Licht: 0","156500","3","3","5","10","09","3","","0","0","1","0","0"
"POINT (10.135541314000022 53.617080135000037)","Unfall 156501 (2024) Kat:3, Licht: 0","156501","3","3","5","10","15","2","","0","0","1","0","0"
"POINT (9.981922676000067 53.564157718000047)","Unfall 156502 (2024) Kat:3, Licht: 2","156502","3","6","2","11","19","4","","2","0","1","0","0"
"POINT (10.068540673000030 53.580835393000029)","Unfall 156503 (2024) Kat:3, Licht: 0","156503","3","2","5","10","09","2","","0","0","1","0","0"
"POINT (10.034018860000060 53.649137718000077)","Unfall 156504 (2024) Kat:3, Licht: 0","156504","3","3","5","10","16","2","","0","0","1","0","0"
"POINT (10.006721969000068 53.653628544000071)","Unfall 156505 (2024) Kat:3, Licht: 0","156505","3","6","2","10","08","2","","0","0","1","0","0"
"POINT (10.011024746000032 53.576940348000051)","Unfall 156506 (2024) Kat:3, Licht: 0","156506","3","6","6","10","17","2","","0","1","0","1","0"
"POINT (10.040255074000072 53.567003928000076)","Unfall 156507 (2024) Kat:3, Licht: 0","156507","3","2","3","10","12","2","","0","0","0","0","0"
"POINT (9.801674637000076 53.565430558000060)","Unfall 156508 (2024) Kat:3, Licht: 0","156508","3","3","5","10","16","2","","0","1","1","0","0"
"POINT (9.978117773000065 53.607659611000031)","Unfall 156509 (2024) Kat:3, Licht: 0","156509","3","5","5","10","07","2","","0","1","1","0","0"
"POINT (9.975812323000071 53.598069256000031)","Unfall 156510 (2024) Kat:3, Licht: 0","156510","3","6","2","10","15","2","","0","0","1","0","0"
"POINT (9.998870149000027 53.542366888000060)","Unfall 156511 (2024) Kat:3, Licht: 2","156511","3","7","0","12","23","6","","2","0","1","0","0"
"POINT (9.984117800000035 53.592467265000039)","Unfall 156512 (2024) Kat:3, Licht: 0","156512","3","7","5","10","14","2","","0","0","0","0","0"
"POINT (9.954718623000076 53.569422171000042)","Unfall 156513 (2024) Kat:3, Licht: 0","156513","3","6","2","10","13","2","","0","0","1","0","0"
"POINT (9.932843219000063 53.596849881000082)","Unfall 156514 (2024) Kat:3, Licht: 0","156514","3","2","3","11","16","4","","0","0","1","0","1"
"POINT (10.091518198000074 53.494698027000027)","Unfall 156515 (2024) Kat:3, Licht: 0","156515","3","6","0","10","09","3","","0","1","0","0","0"
"POINT (9.925064730000031 53.557008494000058)","Unfall 156516 (2024) Kat:3, Licht: 1","156516","3","7","0","10","18","2","","1","0","0","0","1"
"POINT (9.978331870000034 53.460883776000060)","Unfall 156517 (2024) Kat:3, Licht: 0","156517","3","3","5","12","12","5","","0","0","1","0","0"
"POINT (9.886038949000067 53.517870984000069)","Unfall 156518 (2024) Kat:3, Licht: 0","156518","3","1","0","10","16","1","","0","0","0","0","1"
"POINT (9.891605656000024 53.517238724000038)","Unfall 156519 (2024) Kat:3, Licht: 0","156519","3","5","5","10","14","1","","0","0","1","0","0"
"POINT (10.020783875000063 53.514365803000032)","Unfall 156520 (2024) Kat:3, Licht: 0","156520","3","6","2","10","16","1","","0","0","1","0","0"
"POINT (10.076632557000039 53.566539350000028)","Unfall 156521 (2024) Kat:3, Licht: 2","156521","3","6","2","10","07","1","","2","0","1","0","0"
"POINT (10.014683283000068 53.575935577000052)","Unfall 156522 (2024) Kat:3, Licht: 0","156522","3","3","5","10","14","1","","0","1","1","0","0"
"POINT (10.048058655000034 53.584763596000073)","Unfall 156523 (2024) Kat:3, Licht: 2","156523","3","1","8","10","06","1","","2","0","1","0","0"
"POINT (9.948656605000053 53.558502444000055)","Unfall 156524 (2024) Kat:3, Licht: 0","156524","3","4","6","10","15","1","","0","0","1","1","0"
"POINT (9.979695832000061 53.579906383000036)","Unfall 156525 (2024) Kat:3, Licht: 2","156525","3","1","0","10","02","1","","2","0","0","0","0"
"POINT (9.964994780000040 53.549722098000075)","Unfall 156526 (2024) Kat:2, Licht: 2","156526","2","4","6","10","04","1","","2","0","1","1","0"
"POINT (10.004998821000072 53.547531890000073)","Unfall 156527 (2024) Kat:3, Licht: 2","156527","3","3","5","10","02","1","","2","0","1","0","0"
"POINT (9.991397737000057 53.443239667000057)","Unfall 156528 (2024) Kat:3, Licht: 0","156528","3","2","5","10","08","7","","0","1","1","0","0"
"POINT (10.018006755000044 53.561233245000039)","Unfall 156529 (2024) Kat:3, Licht: 0","156529","3","6","3","12","15","3","","0","0","1","0","0"
"POINT (9.968411846000038 53.469706521000035)","Unfall 156530 (2024) Kat:3, Licht: 1","156530","3","7","0","10","17","7","","1","1","0","0","0"
"POINT (10.004084510000041 53.505995694000035)","Unfall 156531 (2024) Kat:3, Licht: 0","156531","3","2","4","10","14","7","","0","0","1","0","0"
"POINT (10.207191330000057 53.489277376000075)","Unfall 156533 (2024) Kat:3, Licht: 0","156533","3","4","6","10","18","7","","0","0","1","1","0"
"POINT (10.195707376000030 53.511983753000038)","Unfall 156534 (2024) Kat:3, Licht: 0","156534","3","6","2","10","10","7","","0","0","1","0","0"
"POINT (10.042136432000063 53.535215506000043)","Unfall 156535 (2024) Kat:3, Licht: 2","156535","3","7","0","10","22","7","","2","0","0","0","0"
"POINT (10.059893083000077 53.572005598000032)","Unfall 156536 (2024) Kat:2, Licht: 0","156536","2","6","4","10","15","7","","0","1","0","0","0"
"POINT (10.054241990000037 53.581771789000072)","Unfall 156537 (2024) Kat:3, Licht: 2","156537","3","7","0","12","17","1","","2","1","0","0","0"
"POINT (10.172856343000035 53.649038182000027)","Unfall 156538 (2024) Kat:2, Licht: 0","156538","2","6","0","10","14","7","","0","1","0","0","0"
"POINT (10.048389258000043 53.588145633000067)","Unfall 156539 (2024) Kat:3, Licht: 0","156539","3","7","0","10","17","7","","0","0","0","0","0"
"POINT (9.997043131000055 53.546340486000076)","Unfall 156540 (2024) Kat:3, Licht: 2","156540","3","3","5","10","22","7","","2","0","1","0","0"