WKT,Name,OBJECTID,UKATEGORIE,UTYP1,UART,UMONAT,USTUNDE,UWOCHENTAG,STRZUSTAND,ULICHTVERH,ISTRAD,ISTPKW,ISTFUSS,ISTKRAD
"POINT (9.981882898000038 53.559891995000044)","Unfall 156541 (2024) Kat:3, Licht: 0","156541","3","7","0","10","11","7","","0","0","0","0","0"
"POINT (9.875161942000034 53.477364406000049)","Unfall 156542 (2024) Kat:3, Licht: 0","156542","3","7","0","10","08","6","","0","0","0","0","1"
"POINT (9.975988612000037 53.454594651000036)","Unfall 156543 (2024) Kat:3, Licht: 1","156543","3","4","6","10","19","6","","1","0","1","1","0"
"POINT (10.207516020000071 53.484785502000079)","Unfall 156544 (2024) Kat:3, Licht: 0","156544","3","6","2","10","09","6","","0","0","1","0","0"
"POINT (10.047338134000029 53.584111015000076)","Unfall 156545 (2024) Kat:3, Licht: 2","156545","3","3","5","11","20","3","","2","0","1","0","0"
"POINT (10.129444003000060 53.529872928000032)","Unfall 156546 (2024) Kat:3, Licht: 2","156546","3","6","4","10","21","6","","2","0","1","0","0"
"POINT (10.148839818000056 53.529229175000069)","Unfall 156547 (2024) Kat:3, Licht: 0","156547","3","7","1","10","15","6","","0","0","1","0","0"
"POINT (10.020920772000068 53.549935215000062)","Unfall 156548 (2024) Kat:3, Licht: 0","156548","3","7","6","10","16","6","","0","0","1","1","0"
"POINT (10.126154961000054 53.583148545000029)","Unfall 156549 (2024) Kat:3, Licht: 0","156549","3","6","2","10","14","6","","0","0","1","0","0"
"POINT (9.996147025000027 53.439277152000045)","Unfall 156550 (2024) Kat:3, Licht: 0","156550","3","2","3","10","10","4","","0","0","1","0","1"
"POINT (10.135365288000060 53.594333622000079)","Unfall 156551 (2024) Kat:3, Licht: 0","156551","3","2","4","10","12","6","","0","1","1","0","0"
"POINT (10.059369390000029 53.573093559000029)","Unfall 156552 (2024) Kat:3, Licht: 2","156552","3","4","6","10","20","6","","2","0","1","1","0"
"POINT (10.070656907000057 53.572903984000050)","Unfall 156553 (2024) Kat:3, Licht: 0","156553","3","6","2","10","14","6","","0","0","1","0","0"
"POINT (10.070563602000050 53.573214838000069)","Unfall 156554 (2024) Kat:3, Licht: 0","156554","3","7","0","10","08","6","","0","1","0","0","0"
"POINT (9.754436012000042 53.581486500000040)","Unfall 156555 (2024) Kat:2, Licht: 2","156555","2","1","0","10","19","6","","2","1","0","0","0"
"POINT (9.748412397000038 53.580189562000044)","Unfall 156556 (2024) Kat:3, Licht: 0","156556","3","6","4","10","15","6","","0","0","1","0","0"
"POINT (9.947292940000068 53.589840397000046)","Unfall 156557 (2024) Kat:3, Licht: 2","156557","3","6","2","10","20","6","","2","0","1","0","0"
"POINT (9.927843159000076 53.559225094000055)","Unfall 156558 (2024) Kat:3, Licht: 0","156558","3","4","6","10","15","6","","0","0","0","1","1"
"POINT (9.965919566000025 53.572803834000069)","Unfall 156559 (2024) Kat:3, Licht: 2","156559","3","7","0","10","22","6","","2","1","0","0","0"
"POINT (9.993903593000027 53.558778094000047)","Unfall 156560 (2024) Kat:3, Licht: 0","156560","3","6","2","10","08","6","","0","0","1","0","0"
"POINT (9.808944012000040 53.563655709000045)","Unfall 156561 (2024) Kat:2, Licht: 1","156561","2","7","0","11","17","5","","1","1","0","0","0"
"POINT (9.965035470000032 53.546429962000047)","Unfall 156562 (2024) Kat:3, Licht: 0","156562","3","6","2","10","10","6","","0","0","1","0","0"
"POINT (9.875588734000075 53.473822672000040)","Unfall 156563 (2024) Kat:3, Licht: 0","156563","3","4","6","10","07","5","","0","1","0","1","0"
"POINT (10.202792486000021 53.491202838000049)","Unfall 156564 (2024) Kat:3, Licht: 2","156564","3","2","6","10","06","5","","2","0","1","1","0"
"POINT (10.208889102000057 53.482588096000029)","Unfall 156565 (2024) Kat:3, Licht: 2","156565","3","2","5","10","07","5","","2","1","1","0","0"
"POINT (10.127572032000046 53.444344429000068)","Unfall 156566 (2024) Kat:3, Licht: 2","156566","3","1","8","10","23","5","","2","0","1","0","0"
"POINT (10.097521212000061 53.593467976000056)","Unfall 156567 (2024) Kat:3, Licht: 2","156567","3","2","6","11","19","7","","2","0","1","1","0"
"POINT (10.083898110000064 53.541946843000062)","Unfall 156568 (2024) Kat:3, Licht: 2","156568","3","7","0","10","07","5","","2","1","0","0","0"
"POINT (10.055233222000027 53.560812075000058)","Unfall 156569 (2024) Kat:3, Licht: 0","156569","3","6","3","10","17","5","","0","0","1","0","0"
"POINT (10.141444916000069 53.584760710000069)","Unfall 156570 (2024) Kat:3, Licht: 0","156570","3","3","5","10","15","5","","0","1","0","0","1"
"POINT (9.987700271000051 53.566270759000076)","Unfall 156571 (2024) Kat:3, Licht: 2","156571","3","7","0","11","16","6","","2","1","1","0","0"
"POINT (10.123332074000075 53.616065245000073)","Unfall 156572 (2024) Kat:3, Licht: 0","156572","3","2","3","10","11","5","","0","1","1","0","0"
"POINT (10.116436996000061 53.625290956000072)","Unfall 156573 (2024) Kat:3, Licht: 0","156573","3","3","0","10","09","5","","0","0","1","0","1"
"POINT (10.123607933000073 53.616262911000035)","Unfall 156574 (2024) Kat:3, Licht: 0","156574","3","6","3","10","07","5","","0","0","1","0","0"
"POINT (9.883264696000026 53.601023208000072)","Unfall 156575 (2024) Kat:3, Licht: 0","156575","3","3","5","11","13","6","","0","1","1","0","0"
"POINT (10.123965148000025 53.569801031000054)","Unfall 156576 (2024) Kat:3, Licht: 1","156576","3","6","2","10","07","5","","1","0","1","0","0"
"POINT (10.094781608000062 53.606553652000059)","Unfall 156577 (2024) Kat:3, Licht: 0","156577","3","6","2","10","16","5","","0","0","1","0","0"
"POINT (10.054566166000029 53.608564348000073)","Unfall 156578 (2024) Kat:2, Licht: 0","156578","2","4","6","10","15","5","","0","0","1","1","0"
"POINT (10.080623845000048 53.618986706000044)","Unfall 156579 (2024) Kat:3, Licht: 2","156579","3","4","6","10","06","5","","2","0","0","1","0"
"POINT (10.081454643000029 53.620053117000054)","Unfall 156580 (2024) Kat:3, Licht: 0","156580","3","6","2","10","07","5","","0","0","1","0","0"
"POINT (10.011733518000028 53.647040539000045)","Unfall 156581 (2024) Kat:2, Licht: 0","156581","2","4","6","10","16","5","","0","0","1","1","0"
"POINT (10.114722744000062 53.652183894000075)","Unfall 156582 (2024) Kat:3, Licht: 0","156582","3","7","0","11","14","6","","0","1","0","0","0"
"POINT (10.006109662000028 53.650364339000078)","Unfall 156583 (2024) Kat:3, Licht: 0","156583","3","7","0","10","16","5","","0","1","0","0","0"
"POINT (10.012291610000034 53.649205590000065)","Unfall 156584 (2024) Kat:3, Licht: 0","156584","3","7","9","10","17","5","","0","0","0","0","0"
"POINT (9.916454802000032 53.642029325000067)","Unfall 156585 (2024) Kat:3, Licht: 0","156585","3","2","3","10","15","5","","0","0","1","0","0"
"POINT (9.943840984000076 53.578488861000039)","Unfall 156586 (2024) Kat:2, Licht: 2","156586","2","3","5","10","23","5","","2","0","1","0","1"
"POINT (9.934320198000023 53.555574886000045)","Unfall 156587 (2024) Kat:3, Licht: 0","156587","3","2","6","10","14","5","","0","0","1","1","0"
"POINT (9.990749982000068 53.560624176000033)","Unfall 156588 (2024) Kat:3, Licht: 0","156588","3","3","5","10","15","5","","0","0","1","0","0"
"POINT (9.997931469000036 53.563507005000076)","Unfall 156589 (2024) Kat:3, Licht: 0","156589","3","2","3","10","09","5","","0","1","0","0","0"
"POINT (9.962614865000035 53.564497120000055)","Unfall 156590 (2024) Kat:3, Licht: 0","156590","3","3","0","10","12","5","","0","1","1","0","0"
"POINT (10.004197999000041 53.553839537000044)","Unfall 156591 (2024) Kat:3, Licht: 0","156591","3","6","2","10","16","5","","0","0","1","0","0"
"POINT (10.015011496000056 53.521261251000055)","Unfall 156592 (2024) Kat:3, Licht: 0","156592","3","6","3","10","08","4","","0","0","1","0","0"
"POINT (10.222492494000051 53.449364613000057)","Unfall 156593 (2024) Kat:3, Licht: 2","156593","3","6","0","10","07","4","","2","1","1","0","0"
"POINT (10.209714066000060 53.497329450000052)","Unfall 156594 (2024) Kat:2, Licht: 2","156594","2","6","2","10","19","4","","2","0","1","0","0"
"POINT (10.113782861000061 53.557939375000046)","Unfall 156595 (2024) Kat:3, Licht: 2","156595","3","2","3","10","19","4","","2","1","1","0","0"
"POINT (9.891232808000041 53.602596980000044)","Unfall 156596 (2024) Kat:3, Licht: 1","156596","3","6","4","10","17","7","","1","1","0","0","0"
"POINT (9.995276208000064 53.565838446000043)","Unfall 156597 (2024) Kat:3, Licht: 0","156597","3","7","0","10","12","4","","0","1","0","0","0"
"POINT (10.107277995000061 53.547730914000056)","Unfall 156598 (2024) Kat:3, Licht: 2","156598","3","2","3","10","05","4","","2","0","1","0","0"
"POINT (10.081833160000031 53.558009907000041)","Unfall 156599 (2024) Kat:3, Licht: 0","156599","3","6","2","10","11","4","","0","0","1","0","0"
"POINT (10.012184336000075 53.542583866000030)","Unfall 156600 (2024) Kat:3, Licht: 0","156600","3","1","0","10","18","4","","0","0","0","0","0"
"POINT (9.989593029000048 53.493666773000029)","Unfall 156601 (2024) Kat:3, Licht: 0","156601","3","1","0","10","13","5","","0","0","0","0","0"
"POINT (10.142908376000037 53.599567816000047)","Unfall 156602 (2024) Kat:3, Licht: 0","156602","3","1","9","10","07","4","","0","0","1","0","0"
"POINT (10.065959498000041 53.588465859000053)","Unfall 156603 (2024) Kat:3, Licht: 1","156603","3","2","6","10","07","4","","1","0","1","1","0"
"POINT (9.879599719000055 53.583746972000029)","Unfall 156604 (2024) Kat:3, Licht: 0","156604","3","3","5","10","09","7","","0","0","1","0","0"
"POINT (10.088407440000026 53.656023369000081)","Unfall 156605 (2024) Kat:3, Licht: 0","156605","3","3","5","10","12","4","","0","0","1","0","0"
"POINT (9.997766673000058 53.570695655000065)","Unfall 156606 (2024) Kat:2, Licht: 2","156606","2","1","0","11","18","6","","2","1","0","0","0"
"POINT (10.148559284000044 53.664236287000051)","Unfall 156607 (2024) Kat:3, Licht: 0","156607","3","7","0","10","11","4","","0","1","0","0","0"
"POINT (10.161760424000022 53.589368798000066)","Unfall 156608 (2024) Kat:3, Licht: 0","156608","3","6","4","11","10","3","","0","0","1","0","0"
"POINT (10.000699246000067 53.672900475000063)","Unfall 156609 (2024) Kat:3, Licht: 1","156609","3","7","0","10","18","4","","1","1","1","0","0"
"POINT (10.002342335000037 53.672249322000027)","Unfall 156610 (2024) Kat:1, Licht: 0","156610","1","6","2","10","14","4","","0","0","0","0","1"
"POINT (10.008877258000041 53.593353002000072)","Unfall 156611 (2024) Kat:3, Licht: 0","156611","3","7","0","10","18","4","","0","1","1","0","0"
"POINT (10.021190140000044 53.588249021000081)","Unfall 156612 (2024) Kat:3, Licht: 0","156612","3","1","0","10","10","4","","0","1","0","0","0"
"POINT (10.014719567000043 53.575564977000056)","Unfall 156613 (2024) Kat:3, Licht: 2","156613","3","5","1","10","22","4","","2","1","1","0","0"
"POINT (10.097169372000053 53.534145264000074)","Unfall 156614 (2024) Kat:3, Licht: 2","156614","3","3","5","12","06","7","","2","0","1","0","0"
"POINT (9.954173378000064 53.573771312000076)","Unfall 156615 (2024) Kat:3, Licht: 0","156615","3","1","1","10","14","4","","0","1","1","0","0"
"POINT (9.940427272000022 53.551480233000063)","Unfall 156616 (2024) Kat:3, Licht: 1","156616","3","4","6","10","16","4","","1","1","0","1","0"
"POINT (9.950990833000048 53.565756398000076)","Unfall 156617 (2024) Kat:3, Licht: 2","156617","3","3","5","10","06","4","","2","0","1","0","0"
"POINT (9.965023295000037 53.549816081000074)","Unfall 156618 (2024) Kat:3, Licht: 2","156618","3","7","0","10","20","4","","2","0","0","0","0"
"POINT (9.909389207000061 53.513611535000052)","Unfall 156619 (2024) Kat:3, Licht: 0","156619","3","6","3","10","13","3","","0","0","1","0","0"
"POINT (10.201069272000041 53.512368676000051)","Unfall 156620 (2024) Kat:3, Licht: 1","156620","3","3","5","10","07","3","","1","0","1","0","0"
"POINT (10.095511949000070 53.543403720000072)","Unfall 156621 (2024) Kat:3, Licht: 2","156621","3","7","6","10","20","3","","2","1","0","1","0"
"POINT (10.007349854000040 53.545759925000027)","Unfall 156622 (2024) Kat:3, Licht: 0","156622","3","6","4","10","09","3","","0","1","0","0","0"
"POINT (10.160887701000036 53.618721513000082)","Unfall 156623 (2024) Kat:3, Licht: 0","156623","3","2","2","10","12","3","","0","0","1","0","0"
"POINT (10.081741736000026 53.585536680000075)","Unfall 156624 (2024) Kat:3, Licht: 0","156624","3","5","1","10","07","3","","0","0","1","0","1"
"POINT (10.017733751000037 53.613032067000063)","Unfall 156625 (2024) Kat:3, Licht: 0","156625","3","6","2","10","08","3","","0","0","1","0","0"
"POINT (10.010788637000076 53.575588636000077)","Unfall 156626 (2024) Kat:3, Licht: 0","156626","3","6","3","10","08","3","","0","0","1","0","0"
"POINT (10.025992784000039 53.569706185000030)","Unfall 156627 (2024) Kat:3, Licht: 0","156627","3","1","0","10","09","3","","0","1","1","0","0"
"POINT (9.822492084000032 53.562373275000027)","Unfall 156628 (2024) Kat:3, Licht: 0","156628","3","7","6","10","15","3","","0","0","0","1","0"
"POINT (9.960182932000066 53.563636696000060)","Unfall 156629 (2024) Kat:3, Licht: 0","156629","3","2","5","10","16","5","","0","1","1","0","0"
"POINT (9.893257973000061 53.552486830000078)","Unfall 156630 (2024) Kat:3, Licht: 0","156630","3","2","5","10","14","3","","0","1","0","0","0"
"POINT (9.965398510000057 53.603555736000033)","Unfall 156631 (2024) Kat:3, Licht: 0","156631","3","6","3","10","11","5","","0","0","1","0","0"
"POINT (9.948540169000069 53.605435971000077)","Unfall 156632 (2024) Kat:3, Licht: 0","156632","3","7","0","10","14","3","","0","1","0","0","0"
"POINT (9.953317866000077 53.553900345000045)","Unfall 156633 (2024) Kat:3, Licht: 0","156633","3","6","3","10","17","3","","0","0","1","0","1"
"POINT (9.919417933000034 53.556589577000068)","Unfall 156634 (2024) Kat:3, Licht: 0","156634","3","7","1","10","09","3","","0","1","0","0","0"
"POINT (9.951046335000058 53.565767862000030)","Unfall 156635 (2024) Kat:3, Licht: 0","156635","3","3","5","10","14","3","","0","0","1","0","0"
"POINT (9.937409835000039 53.552362530000039)","Unfall 156636 (2024) Kat:3, Licht: 0","156636","3","3","0","10","17","3","","0","1","0","0","0"
"POINT (9.987610099000051 53.572662393000030)","Unfall 156637 (2024) Kat:3, Licht: 0","156637","3","6","3","10","18","3","","0","1","1","0","0"
"POINT (9.989756058000069 53.566403863000062)","Unfall 156638 (2024) Kat:3, Licht: 0","156638","3","5","1","10","10","3","","0","0","1","0","0"
"POINT (10.019251396000072 53.539000027000043)","Unfall 156639 (2024) Kat:3, Licht: 2","156639","3","7","5","10","19","3","","2","0","1","0","0"
"POINT (9.988261903000023 53.556855129000041)","Unfall 156640 (2024) Kat:3, Licht: 1","156640","3","7","3","10","18","3","","1","0","0","0","0"
"POINT (9.870283291000021 53.593408953000051)","Unfall 156641 (2024) Kat:3, Licht: 0","156641","3","2","5","10","14","3","","0","1","1","0","0"
"POINT (9.951444436000031 53.474297545000070)","Unfall 156642 (2024) Kat:3, Licht: 0","156642","3","7","0","10","09","3","","0","1","0","0","0"
"POINT (10.087506840000060 53.546140840000078)","Unfall 156643 (2024) Kat:3, Licht: 2","156643","3","3","6","10","06","2","","2","0","1","1","0"
"POINT (10.131812259000071 53.589111936000052)","Unfall 156644 (2024) Kat:3, Licht: 1","156644","3","1","0","10","19","2","","1","0","0","0","0"
"POINT (10.140179264000039 53.628424259000042)","Unfall 156645 (2024) Kat:3, Licht: 0","156645","3","6","2","10","15","2","","0","0","1","0","0"
"POINT (10.095541347000051 53.579758060000074)","Unfall 156646 (2024) Kat:3, Licht: 2","156646","3","5","5","10","00","2","","2","0","1","0","0"
"POINT (10.019607619000055 53.589486441000076)","Unfall 156647 (2024) Kat:3, Licht: 0","156647","3","6","3","10","16","2","","0","1","0","0","0"
"POINT (10.042056732000049 53.588215874000070)","Unfall 156648 (2024) Kat:2, Licht: 2","156648","2","3","5","10","19","2","","2","1","0","0","0"
"POINT (10.041816888000028 53.579439806000039)","Unfall 156649 (2024) Kat:3, Licht: 0","156649","3","6","3","10","15","2","","0","0","1","0","1"
"POINT (10.049615286000062 53.568300972000031)","Unfall 156650 (2024) Kat:3, Licht: 2","156650","3","4","6","10","20","2","","2","0","1","1","0"
"POINT (9.855978694000044 53.581200935000027)","Unfall 156651 (2024) Kat:3, Licht: 2","156651","3","7","9","10","01","2","","2","0","1","0","0"
"POINT (9.907734369000025 53.632577312000080)","Unfall 156652 (2024) Kat:3, Licht: 0","156652","3","3","5","10","08","2","","0","1","1","0","0"
"POINT (9.982129333000046 53.605644056000074)","Unfall 156653 (2024) Kat:3, Licht: 0","156653","3","6","2","10","15","2","","0","0","1","0","0"
"POINT (9.961640337000063 53.560246055000050)","Unfall 156654 (2024) Kat:3, Licht: 0","156654","3","7","6","10","14","2","","0","0","1","1","0"
"POINT (9.979411137000056 53.555962587000067)","Unfall 156655 (2024) Kat:3, Licht: 0","156655","3","3","5","10","16","2","","0","1","1","0","0"
"POINT (9.973793163000039 53.548446682000076)","Unfall 156656 (2024) Kat:3, Licht: 0","156656","3","7","0","10","16","2","","0","0","0","0","1"
"POINT (9.990061114000071 53.558000063000065)","Unfall 156657 (2024) Kat:3, Licht: 0","156657","3","3","5","10","12","2","","0","0","1","0","1"
"POINT (10.226841921000073 53.486039768000069)","Unfall 156658 (2024) Kat:3, Licht: 0","156658","3","4","6","10","15","1","","0","0","0","1","0"
"POINT (10.183187990000022 53.398484338000060)","Unfall 156659 (2024) Kat:2, Licht: 0","156659","2","4","6","10","13","1","","0","0","0","1","1"
"POINT (9.813514885000075 53.563296589000061)","Unfall 156660 (2024) Kat:3, Licht: 0","156660","3","6","2","10","16","1","","0","1","1","0","0"
"POINT (10.058980202000043 53.597296666000034)","Unfall 156661 (2024) Kat:3, Licht: 0","156661","3","5","5","11","11","7","","0","1","1","0","0"
"POINT (9.816872062000073 53.581032477000065)","Unfall 156662 (2024) Kat:3, Licht: 0","156662","3","3","5","10","12","1","","0","1","1","0","0"
"POINT (9.957049271000074 53.616891283000029)","Unfall 156663 (2024) Kat:2, Licht: 0","156663","2","3","5","10","15","1","","0","1","0","0","1"
"POINT (9.936754396000026 53.555879896000079)","Unfall 156664 (2024) Kat:3, Licht: 0","156664","3","1","0","10","07","1","","0","1","0","0","0"
"POINT (9.979262942000048 53.462033058000031)","Unfall 156665 (2024) Kat:3, Licht: 1","156665","3","2","6","10","21","7","","1","0","1","1","0"
"POINT (10.093664361000037 53.513241109000035)","Unfall 156666 (2024) Kat:3, Licht: 0","156666","3","6","2","10","16","7","","0","0","1","0","1"
"POINT (10.108466272000044 53.537444593000032)","Unfall 156667 (2024) Kat:3, Licht: 0","156667","3","2","5","10","17","7","","0","0","1","0","0"
"POINT (10.071421434000058 53.583070823000071)","Unfall 156668 (2024) Kat:3, Licht: 0","156668","3","6","3","10","16","4","","0","1","0","0","0"
"POINT (10.137918905000049 53.580369648000044)","Unfall 156669 (2024) Kat:3, Licht: 1","156669","3","3","5","10","18","7","","1","1","1","0","0"
"POINT (10.083911558000068 53.573787538000033)","Unfall 156670 (2024) Kat:2, Licht: 2","156670","2","1","8","10","04","7","","2","0","1","0","0"
"POINT (10.043239674000063 53.607760855000038)","Unfall 156671 (2024) Kat:3, Licht: 0","156671","3","3","5","10","10","7","","0","1","0","0","0"
"POINT (10.011457135000057 53.584278653000069)","Unfall 156672 (2024) Kat:3, Licht: 2","156672","3","2","5","10","02","7","","2","1","1","0","0"
"POINT (9.904626514000029 53.617639622000070)","Unfall 156673 (2024) Kat:3, Licht: 0","156673","3","7","6","10","12","7","","0","0","1","1","0"
"POINT (9.885525081000026 53.597170062000032)","Unfall 156674 (2024) Kat:3, Licht: 2","156674","3","7","0","10","20","7","","2","1","0","0","0"
"POINT (9.993937100000039 53.547541685000056)","Unfall 156675 (2024) Kat:3, Licht: 2","156675","3","2","0","12","19","4","","2","0","1","0","1"
"POINT (9.976253843000052 53.570496816000059)","Unfall 156676 (2024) Kat:3, Licht: 1","156676","3","2","2","12","07","4","","1","1","1","0","0"
"POINT (9.953531814000030 53.575764976000073)","Unfall 156677 (2024) Kat:2, Licht: 0","156677","2","4","6","10","14","7","","0","1","0","1","0"
"POINT (9.989196280000044 53.581958706000080)","Unfall 156678 (2024) Kat:2, Licht: 0","156678","2","3","5","10","13","7","","0","1","1","0","0"
"POINT (10.128387991000068 53.601351023000063)","Unfall 156679 (2024) Kat:3, Licht: 0","156679","3","6","3","10","13","3","","0","0","1","0","0"
"POINT (10.141051950000076 53.540816281000048)","Unfall 156680 (2024) Kat:3, Licht: 0","156680","3","5","6","10","17","6","","0","0","1","1","0"
"POINT (10.126807388000032 53.546692715000063)","Unfall 156681 (2024) Kat:3, Licht: 0","156681","3","2","2","10","12","6","","0","0","1","0","0"
"POINT (10.101455381000051 53.541173182000080)","Unfall 156682 (2024) Kat:3, Licht: 2","156682","3","7","0","10","06","6","","2","0","0","1","1"
"POINT (10.172359872000072 53.607002671000032)","Unfall 156683 (2024) Kat:3, Licht: 2","156683","3","7","0","10","05","6","","2","0","0","0","0"
"POINT (10.076311588000067 53.615055832000053)","Unfall 156684 (2024) Kat:3, Licht: 0","156684","3","1","0","10","10","6","","0","1","0","0","0"
"POINT (10.011515729000052 53.610260940000046)","Unfall 156685 (2024) Kat:3, Licht: 0","156685","3","3","5","10","12","6","","0","0","1","0","0"
"POINT (10.055780078000055 53.591389558000060)","Unfall 156686 (2024) Kat:3, Licht: 0","156686","3","3","5","10","13","6","","0","1","1","0","0"
"POINT (9.818881107000038 53.561941174000026)","Unfall 156687 (2024) Kat:2, Licht: 0","156687","2","1","0","10","12","6","","0","1","0","0","0"
"POINT (9.918955818000029 53.574259103000031)","Unfall 156688 (2024) Kat:2, Licht: 0","156688","2","2","5","10","09","6","","0","1","1","0","0"
"POINT (9.961252787000035 53.625649936000059)","Unfall 156689 (2024) Kat:3, Licht: 0","156689","3","7","1","10","11","6","","0","0","1","0","0"
"POINT (9.982185243000060 53.590577132000078)","Unfall 156690 (2024) Kat:3, Licht: 0","156690","3","7","0","10","11","6","","0","1","0","0","0"
"POINT (10.060153945000025 53.554675755000062)","Unfall 156691 (2024) Kat:3, Licht: 0","156691","3","5","5","10","14","4","","0","1","1","0","0"
"POINT (10.010232698000038 53.559858679000058)","Unfall 156692 (2024) Kat:3, Licht: 0","156692","3","6","2","10","15","6","","0","0","1","0","0"
"POINT (10.162821552000025 53.589660717000072)","Unfall 156693 (2024) Kat:3, Licht: 0","156693","3","3","5","10","11","5","","0","0","1","0","0"
"POINT (9.965452925000022 53.566262226000049)","Unfall 156694 (2024) Kat:3, Licht: 0","156694","3","2","5","11","13","3","","0","1","1","0","0"
"POINT (9.937972101000071 53.598541858000033)","Unfall 156695 (2024) Kat:3, Licht: 0","156695","3","6","3","10","15","5","","0","1","0","0","0"
"POINT (9.950191932000052 53.557028171000070)","Unfall 156696 (2024) Kat:3, Licht: 2","156696","3","1","0","10","04","5","","2","1","0","0","0"
"POINT (9.959463338000035 53.564636810000081)","Unfall 156697 (2024) Kat:3, Licht: 0","156697","3","7","3","10","16","7","","0","1","1","0","0"
"POINT (9.993496414000049 53.557696650000082)","Unfall 156698 (2024) Kat:3, Licht: 0","156698","3","7","2","10","18","5","","0","0","1","0","1"
"POINT (10.003625524000029 53.524070711000036)","Unfall 156699 (2024) Kat:3, Licht: 0","156699","3","1","0","10","11","5","","0","1","0","0","0"
"POINT (10.060275905000026 53.576711386000056)","Unfall 156700 (2024) Kat:3, Licht: 0","156700","3","1","6","12","12","2","","0","0","1","1","0"
"POINT (10.003596029000050 53.524075221000032)","Unfall 156701 (2024) Kat:3, Licht: 0","156701","3","1","0","10","14","5","","0","1","0","0","0"
"POINT (9.988425984000060 53.558311800000070)","Unfall 156702 (2024) Kat:3, Licht: 2","156702","3","6","2","12","23","7","","2","0","1","0","0"
"POINT (9.998155026000063 53.438130987000079)","Unfall 156703 (2024) Kat:3, Licht: 0","156703","3","7","6","10","16","4","","0","0","0","1","0"
"POINT (9.969241194000062 53.446350407000068)","Unfall 156704 (2024) Kat:3, Licht: 0","156704","3","2","5","10","14","4","","0","0","1","0","0"
"POINT (10.005988689000048 53.500232127000061)","Unfall 156705 (2024) Kat:3, Licht: 0","156705","3","6","2","10","15","4","","0","0","1","0","0"
"POINT (9.898815260000049 53.525747562000049)","Unfall 156706 (2024) Kat:3, Licht: 2","156706","3","7","8","11","18","4","","2","0","1","0","0"
"POINT (10.216409244000033 53.485848070000031)","Unfall 156707 (2024) Kat:3, Licht: 0","156707","3","3","5","10","15","4","","0","0","1","0","0"
"POINT (10.106889359000036 53.563247979000039)","Unfall 156708 (2024) Kat:3, Licht: 1","156708","3","1","8","10","18","4","","1","0","1","0","0"
"POINT (10.089245743000049 53.699027210000054)","Unfall 156709 (2024) Kat:3, Licht: 0","156709","3","2","6","10","13","4","","0","0","1","1","0"
"POINT (10.054891174000034 53.633013550000044)","Unfall 156710 (2024) Kat:3, Licht: 0","156710","3","7","1","10","17","4","","0","0","1","0","0"
"POINT (10.147031634000029 53.600673659000051)","Unfall 156711 (2024) Kat:3, Licht: 0","156711","3","3","5","12","10","2","","0","1","1","0","0"
"POINT (10.118791740000063 53.647394847000044)","Unfall 156712 (2024) Kat:3, Licht: 0","156712","3","3","5","10","12","4","","0","1","1","0","0"
"POINT (10.053265601000021 53.573761282000078)","Unfall 156713 (2024) Kat:3, Licht: 0","156713","3","3","5","10","14","4","","0","1","1","0","0"
"POINT (10.059994595000035 53.589638330000071)","Unfall 156714 (2024) Kat:2, Licht: 0","156714","2","4","6","10","14","4","","0","0","0","1","0"
"POINT (10.046160151000038 53.567559928000037)","Unfall 156715 (2024) Kat:3, Licht: 0","156715","3","5","1","10","10","4","","0","0","1","0","0"
"POINT (9.883169559000066 53.602699520000044)","Unfall 156716 (2024) Kat:3, Licht: 0","156716","3","5","5","10","08","4","","0","1","1","0","0"
"POINT (9.962164835000067 53.572855196000035)","Unfall 156717 (2024) Kat:3, Licht: 0","156717","3","5","5","10","19","4","","0","1","1","0","0"
"POINT (9.937919516000022 53.553083666000077)","Unfall 156718 (2024) Kat:3, Licht: 0","156718","3","7","0","10","13","4","","0","0","0","0","0"
"POINT (9.917423531000054 53.548557086000073)","Unfall 156719 (2024) Kat:2, Licht: 0","156719","2","2","0","10","09","4","","0","1","0","0","0"
"POINT (9.978530408000040 53.572033376000036)","Unfall 156720 (2024) Kat:3, Licht: 0","156720","3","2","5","10","18","4","","0","1","1","0","0"
"POINT (9.989317520000043 53.558297725000045)","Unfall 156721 (2024) Kat:3, Licht: 1","156721","3","2","5","10","19","4","","1","1","0","0","0"
"POINT (9.984139914000025 53.557738611000048)","Unfall 156722 (2024) Kat:2, Licht: 0","156722","2","4","6","10","18","4","","0","1","0","1","0"
"POINT (9.851486285000021 53.469733146000067)","Unfall 156723 (2024) Kat:3, Licht: 2","156723","3","1","0","10","07","3","","2","0","0","0","0"
"POINT (9.996761483000057 53.605982077000078)","Unfall 156724 (2024) Kat:3, Licht: 0","156724","3","1","8","11","16","6","","0","1","0","0","0"
"POINT (10.104688626000041 53.544726994000030)","Unfall 156725 (2024) Kat:3, Licht: 1","156725","3","2","2","10","19","3","","1","0","1","0","0"
"POINT (10.108184693000055 53.573649182000054)","Unfall 156726 (2024) Kat:3, Licht: 0","156726","3","6","2","10","16","3","","0","0","1","0","0"