WKT,Name,OBJECTID,UKATEGORIE,UTYP1,UART,UMONAT,USTUNDE,UWOCHENTAG,STRZUSTAND,ULICHTVERH,ISTRAD,ISTPKW,ISTFUSS,ISTKRAD
"POINT (10.139250726000057 53.584054180000066)","Unfall 156727 (2024) Kat:3, Licht: 0","156727","3","4","6","10","08","3","","0","0","1","1","0"
"POINT (10.155852365000044 53.614194349000059)","Unfall 156728 (2024) Kat:3, Licht: 1","156728","3","2","6","10","07","3","","1","0","0","1","0"
"POINT (10.124510971000063 53.570777543000077)","Unfall 156729 (2024) Kat:3, Licht: 2","156729","3","2","6","10","06","3","","2","0","1","1","0"
"POINT (10.057434655000066 53.566033570000059)","Unfall 156730 (2024) Kat:2, Licht: 2","156730","2","7","9","10","02","5","","2","0","0","0","0"
"POINT (10.056247011000039 53.581856020000032)","Unfall 156731 (2024) Kat:3, Licht: 0","156731","3","7","5","10","11","3","","0","0","1","0","0"
"POINT (10.064816865000068 53.571392901000081)","Unfall 156732 (2024) Kat:3, Licht: 0","156732","3","6","3","10","10","3","","0","0","1","0","0"
"POINT (10.062181683000063 53.608644006000077)","Unfall 156733 (2024) Kat:3, Licht: 0","156733","3","2","2","10","07","3","","0","0","1","0","0"
"POINT (10.106854342000076 53.653595504000066)","Unfall 156734 (2024) Kat:3, Licht: 2","156734","3","2","3","10","06","3","","2","0","1","0","0"
"POINT (10.065565838000055 53.650333577000026)","Unfall 156735 (2024) Kat:3, Licht: 1","156735","3","7","0","10","17","3","","1","1","0","0","0"
"POINT (10.020398508000028 53.649241443000051)","Unfall 156736 (2024) Kat:3, Licht: 1","156736","3","6","0","10","18","3","","1","0","1","0","0"
"POINT (10.004313860000025 53.600245897000036)","Unfall 156737 (2024) Kat:3, Licht: 0","156737","3","6","4","10","08","3","","0","0","1","0","0"
"POINT (10.045166277000021 53.589945157000045)","Unfall 156738 (2024) Kat:3, Licht: 2","156738","3","6","3","10","20","3","","2","0","1","0","0"
"POINT (10.016892945000052 53.565066208000076)","Unfall 156739 (2024) Kat:3, Licht: 2","156739","3","1","7","10","21","3","","2","1","0","0","0"
"POINT (9.983575617000042 53.592242400000032)","Unfall 156740 (2024) Kat:3, Licht: 2","156740","3","2","6","11","07","5","","2","0","1","1","0"
"POINT (9.864719814000068 53.573396931000048)","Unfall 156741 (2024) Kat:3, Licht: 0","156741","3","3","5","10","14","3","","0","1","1","0","0"
"POINT (9.859753371000068 53.557711102000042)","Unfall 156742 (2024) Kat:3, Licht: 0","156742","3","1","0","10","08","3","","0","0","0","0","0"
"POINT (9.941501408000022 53.622048074000077)","Unfall 156743 (2024) Kat:3, Licht: 0","156743","3","2","2","10","12","3","","0","0","0","0","0"
"POINT (9.942075451000051 53.558496719000061)","Unfall 156744 (2024) Kat:3, Licht: 0","156744","3","7","0","10","13","3","","0","1","0","0","0"
"POINT (9.909805441000060 53.554407571000070)","Unfall 156745 (2024) Kat:3, Licht: 2","156745","3","6","3","12","19","6","","2","0","1","0","0"
"POINT (9.953274949000047 53.546566286000029)","Unfall 156746 (2024) Kat:3, Licht: 0","156746","3","6","2","10","15","3","","0","0","1","0","0"
"POINT (9.987407139000027 53.457357154000078)","Unfall 156747 (2024) Kat:3, Licht: 0","156747","3","7","0","10","17","6","","0","0","0","0","0"
"POINT (10.008630122000056 53.552812731000074)","Unfall 156748 (2024) Kat:3, Licht: 2","156748","3","4","6","10","19","3","","2","0","1","1","0"
"POINT (10.008907842000042 53.552153448000070)","Unfall 156749 (2024) Kat:3, Licht: 0","156749","3","7","5","10","09","3","","0","0","0","0","0"
"POINT (9.852122708000024 53.588665932000026)","Unfall 156750 (2024) Kat:3, Licht: 0","156750","3","3","0","10","17","4","","0","0","1","0","1"
"POINT (10.019674678000058 53.556899058000056)","Unfall 156751 (2024) Kat:3, Licht: 0","156751","3","6","2","10","08","3","","0","0","1","0","0"
"POINT (9.994196366000040 53.466020874000037)","Unfall 156752 (2024) Kat:3, Licht: 0","156752","3","2","3","09","15","2","","0","1","1","0","0"
"POINT (10.024998175000064 53.530487858000072)","Unfall 156753 (2024) Kat:3, Licht: 0","156753","3","6","3","09","13","2","","0","0","1","0","0"
"POINT (10.234065304000069 53.486584786000037)","Unfall 156754 (2024) Kat:2, Licht: 0","156754","2","2","5","09","10","2","","0","0","1","0","1"
"POINT (10.114075061000051 53.544650573000069)","Unfall 156755 (2024) Kat:3, Licht: 0","156755","3","4","6","09","08","2","","0","0","1","1","0"
"POINT (10.045120510000061 53.555369478000046)","Unfall 156756 (2024) Kat:3, Licht: 0","156756","3","7","0","09","15","2","","0","1","0","0","0"
"POINT (10.124768606000032 53.586086159000047)","Unfall 156757 (2024) Kat:3, Licht: 1","156757","3","2","5","09","19","2","","1","0","1","0","1"
"POINT (10.168608445000075 53.626575782000032)","Unfall 156758 (2024) Kat:3, Licht: 2","156758","3","3","5","09","00","2","","2","0","1","0","0"
"POINT (10.067783080000027 53.582278834000078)","Unfall 156759 (2024) Kat:3, Licht: 1","156759","3","3","5","09","18","2","","1","1","1","0","0"
"POINT (10.071029449000036 53.571979487000078)","Unfall 156760 (2024) Kat:3, Licht: 0","156760","3","6","3","09","14","2","","0","0","1","0","1"
"POINT (10.034727091000036 53.607766794000042)","Unfall 156761 (2024) Kat:3, Licht: 0","156761","3","6","2","09","11","2","","0","0","1","0","0"
"POINT (10.056015788000025 53.608483187000047)","Unfall 156762 (2024) Kat:3, Licht: 2","156762","3","5","0","09","04","2","","2","1","0","0","0"
"POINT (10.042688473000055 53.607738192000056)","Unfall 156763 (2024) Kat:3, Licht: 0","156763","3","1","0","09","18","2","","0","0","0","0","1"
"POINT (10.091183850000050 53.634537181000042)","Unfall 156764 (2024) Kat:3, Licht: 0","156764","3","6","2","09","17","2","","0","0","1","0","0"
"POINT (10.033179074000032 53.588085185000068)","Unfall 156765 (2024) Kat:2, Licht: 0","156765","2","2","5","09","12","2","","0","0","1","0","1"
"POINT (10.019496347000029 53.566175548000047)","Unfall 156766 (2024) Kat:3, Licht: 0","156766","3","7","0","09","12","2","","0","0","0","0","0"
"POINT (10.049969976000057 53.585610554000027)","Unfall 156767 (2024) Kat:1, Licht: 0","156767","1","2","3","09","10","2","","0","1","0","0","0"
"POINT (10.060127700000066 53.571719180000059)","Unfall 156768 (2024) Kat:3, Licht: 2","156768","3","3","5","10","06","3","","2","0","1","0","0"
"POINT (10.042758170000070 53.585523298000055)","Unfall 156769 (2024) Kat:3, Licht: 0","156769","3","1","0","09","15","2","","0","1","0","0","0"
"POINT (9.977943199000038 53.581878693000078)","Unfall 156770 (2024) Kat:3, Licht: 0","156770","3","4","6","09","16","2","","0","0","0","1","0"
"POINT (9.995673756000031 53.550620073000061)","Unfall 156771 (2024) Kat:3, Licht: 0","156771","3","3","5","11","10","2","","0","1","0","0","0"
"POINT (9.949905990000047 53.606273965000071)","Unfall 156772 (2024) Kat:3, Licht: 0","156772","3","7","6","09","17","2","","0","1","0","1","0"
"POINT (9.979278168000064 53.585960501000045)","Unfall 156773 (2024) Kat:3, Licht: 0","156773","3","5","5","09","12","2","","0","0","1","0","1"
"POINT (9.937811250000038 53.476912716000072)","Unfall 156774 (2024) Kat:3, Licht: 0","156774","3","6","2","09","10","2","","0","0","1","0","0"
"POINT (9.874246001000074 53.494344909000063)","Unfall 156775 (2024) Kat:3, Licht: 0","156775","3","6","0","09","16","1","","0","0","1","0","1"
"POINT (9.945886379000058 53.470282441000052)","Unfall 156776 (2024) Kat:2, Licht: 2","156776","2","1","0","09","00","1","","2","0","0","0","0"
"POINT (10.150128325000026 53.413820265000027)","Unfall 156777 (2024) Kat:3, Licht: 0","156777","3","5","1","09","13","1","","0","1","1","0","0"
"POINT (10.126863022000066 53.493567347000067)","Unfall 156778 (2024) Kat:3, Licht: 0","156778","3","2","5","09","15","1","","0","1","1","0","0"
"POINT (10.126656504000039 53.582110010000065)","Unfall 156779 (2024) Kat:2, Licht: 0","156779","2","2","5","09","16","1","","0","0","1","0","0"
"POINT (10.132396456000038 53.592736863000027)","Unfall 156781 (2024) Kat:3, Licht: 2","156781","3","6","4","09","00","1","","2","0","1","0","0"
"POINT (10.070725493000054 53.605169225000054)","Unfall 156782 (2024) Kat:3, Licht: 0","156782","3","6","2","09","14","1","","0","0","1","0","1"
"POINT (10.016454293000038 53.649415749000070)","Unfall 156783 (2024) Kat:3, Licht: 0","156783","3","6","2","09","17","1","","0","0","1","0","0"
"POINT (10.000533567000048 53.621545087000072)","Unfall 156784 (2024) Kat:1, Licht: 0","156784","1","3","5","09","13","1","","0","0","1","0","1"
"POINT (10.030664922000028 53.679878269000028)","Unfall 156785 (2024) Kat:3, Licht: 0","156785","3","7","0","09","15","1","","0","0","0","0","0"
"POINT (9.869887977000076 53.597277727000062)","Unfall 156786 (2024) Kat:3, Licht: 0","156786","3","7","0","09","15","1","","0","0","0","0","0"
"POINT (9.986180310000066 53.598260807000031)","Unfall 156787 (2024) Kat:3, Licht: 0","156787","3","7","0","09","14","1","","0","1","0","0","0"
"POINT (9.986995451000041 53.590299119000065)","Unfall 156788 (2024) Kat:3, Licht: 0","156788","3","5","1","09","12","1","","0","1","1","0","0"
"POINT (9.936561728000072 53.551882760000069)","Unfall 156789 (2024) Kat:3, Licht: 2","156789","3","3","5","09","19","1","","2","0","0","0","0"
"POINT (9.999387428000034 53.573198383000033)","Unfall 156790 (2024) Kat:3, Licht: 0","156790","3","2","3","09","16","1","","0","1","0","0","0"
"POINT (9.953587434000042 53.546969897000054)","Unfall 156791 (2024) Kat:3, Licht: 1","156791","3","4","6","09","18","1","","1","1","0","1","0"
"POINT (9.989637747000074 53.544714090000070)","Unfall 156792 (2024) Kat:3, Licht: 0","156792","3","7","3","09","18","1","","0","1","0","0","0"
"POINT (10.009997274000057 53.552097971000080)","Unfall 156793 (2024) Kat:3, Licht: 0","156793","3","7","0","09","15","1","","0","1","0","0","0"
"POINT (10.124831728000061 53.585851918000060)","Unfall 156794 (2024) Kat:3, Licht: 0","156794","3","6","3","09","13","7","","0","0","1","0","1"
"POINT (10.084074550000025 53.577042006000056)","Unfall 156795 (2024) Kat:3, Licht: 0","156795","3","6","2","09","13","7","","0","0","1","0","0"
"POINT (10.047578068000064 53.609155583000074)","Unfall 156796 (2024) Kat:3, Licht: 0","156796","3","5","5","09","18","7","","0","0","1","0","0"
"POINT (9.904850619000058 53.608887393000032)","Unfall 156797 (2024) Kat:3, Licht: 2","156797","3","7","0","11","18","3","","2","0","0","0","0"
"POINT (10.066383178000024 53.597787913000047)","Unfall 156798 (2024) Kat:3, Licht: 0","156798","3","2","2","09","14","7","","0","0","1","0","0"
"POINT (10.094888054000023 53.639147625000078)","Unfall 156799 (2024) Kat:3, Licht: 0","156799","3","2","4","09","12","7","","0","0","1","0","0"
"POINT (9.936318362000065 53.592544897000039)","Unfall 156800 (2024) Kat:3, Licht: 0","156800","3","6","2","09","11","7","","0","0","1","0","0"
"POINT (9.933906257000046 53.592235697000035)","Unfall 156801 (2024) Kat:3, Licht: 0","156801","3","7","0","09","09","7","","0","1","0","0","0"
"POINT (9.966827267000042 53.579694222000057)","Unfall 156802 (2024) Kat:3, Licht: 2","156802","3","5","1","09","23","7","","2","1","1","0","0"
"POINT (9.944019423000043 53.593354157000078)","Unfall 156803 (2024) Kat:3, Licht: 0","156803","3","7","6","09","18","7","","0","1","0","1","0"
"POINT (9.944518928000036 53.548421251000036)","Unfall 156804 (2024) Kat:3, Licht: 2","156804","3","1","8","09","02","7","","2","0","0","0","0"
"POINT (9.977874913000051 53.577102848000038)","Unfall 156805 (2024) Kat:3, Licht: 2","156805","3","7","0","09","23","7","","2","1","0","0","0"
"POINT (9.990710032000038 53.560534135000069)","Unfall 156806 (2024) Kat:3, Licht: 2","156806","3","7","0","09","20","7","","2","0","1","0","0"
"POINT (9.982219020000059 53.463955458000044)","Unfall 156807 (2024) Kat:3, Licht: 0","156807","3","2","5","09","11","7","","0","0","1","0","0"
"POINT (10.009591330000035 53.493307156000071)","Unfall 156808 (2024) Kat:3, Licht: 0","156808","3","3","5","09","09","6","","0","1","1","0","0"
"POINT (10.180757447000076 53.497220346000063)","Unfall 156809 (2024) Kat:3, Licht: 0","156809","3","3","5","09","15","6","","0","1","1","0","0"
"POINT (10.223473250000040 53.489582446000043)","Unfall 156810 (2024) Kat:3, Licht: 0","156810","3","1","0","09","17","6","","0","1","0","0","0"
"POINT (10.058840046000057 53.584179325000036)","Unfall 156811 (2024) Kat:3, Licht: 0","156811","3","5","6","09","10","6","","0","0","1","1","0"
"POINT (10.123925222000025 53.667482433000032)","Unfall 156812 (2024) Kat:3, Licht: 0","156812","3","7","0","09","07","6","","0","1","0","0","0"
"POINT (10.008068375000050 53.614715209000053)","Unfall 156813 (2024) Kat:3, Licht: 0","156813","3","2","5","09","08","6","","0","0","1","0","0"
"POINT (9.881873178000035 53.568556255000033)","Unfall 156814 (2024) Kat:3, Licht: 0","156814","3","7","3","09","12","6","","0","0","1","0","0"
"POINT (9.988909753000030 53.577615477000052)","Unfall 156815 (2024) Kat:3, Licht: 0","156815","3","2","2","09","12","6","","0","0","1","0","0"
"POINT (9.989007972000024 53.581355389000066)","Unfall 156816 (2024) Kat:3, Licht: 0","156816","3","1","0","09","17","6","","0","1","0","0","0"
"POINT (10.005015842000034 53.551681405000068)","Unfall 156817 (2024) Kat:3, Licht: 2","156817","3","4","6","09","22","6","","2","0","1","1","0"
"POINT (9.979032888000063 53.462290074000066)","Unfall 156818 (2024) Kat:3, Licht: 0","156818","3","4","6","09","14","5","","0","0","0","1","0"
"POINT (10.084598531000040 53.514147652000077)","Unfall 156819 (2024) Kat:3, Licht: 0","156819","3","5","5","09","12","5","","0","0","1","0","0"
"POINT (10.098908256000072 53.549975661000076)","Unfall 156820 (2024) Kat:3, Licht: 0","156820","3","7","0","09","09","5","","0","1","0","0","0"
"POINT (9.963182915000061 53.546501930000034)","Unfall 156821 (2024) Kat:3, Licht: 0","156821","3","1","0","10","08","2","","0","1","0","0","0"
"POINT (10.083751571000050 53.541755591000026)","Unfall 156822 (2024) Kat:3, Licht: 0","156822","3","7","0","09","08","5","","0","1","0","0","0"
"POINT (10.041770336000070 53.534621164000043)","Unfall 156823 (2024) Kat:3, Licht: 0","156823","3","6","6","09","18","5","","0","0","0","1","1"
"POINT (10.042553794000071 53.538768772000026)","Unfall 156824 (2024) Kat:3, Licht: 0","156824","3","7","6","09","18","5","","0","0","1","1","0"
"POINT (10.146385379000037 53.595345832000078)","Unfall 156825 (2024) Kat:3, Licht: 1","156825","3","4","6","09","18","5","","1","1","0","1","0"
"POINT (10.041153747000067 53.600135540000053)","Unfall 156826 (2024) Kat:3, Licht: 2","156826","3","1","0","09","23","5","","2","1","0","0","0"
"POINT (10.100519674000054 53.696735468000043)","Unfall 156827 (2024) Kat:3, Licht: 0","156827","3","4","6","09","15","5","","0","0","1","1","0"
"POINT (10.100040724000053 53.539483440000026)","Unfall 156828 (2024) Kat:3, Licht: 1","156828","3","3","5","11","22","5","","1","0","1","0","0"
"POINT (10.163252310000075 53.650107702000071)","Unfall 156829 (2024) Kat:3, Licht: 0","156829","3","2","4","09","10","5","","0","1","1","0","0"
"POINT (10.100002350000068 53.654996867000079)","Unfall 156830 (2024) Kat:3, Licht: 0","156830","3","6","2","11","15","6","","0","0","1","0","0"
"POINT (10.009515476000047 53.649657388000037)","Unfall 156831 (2024) Kat:3, Licht: 0","156831","3","2","0","09","14","5","","0","0","1","0","1"
"POINT (10.013283122000075 53.627295362000041)","Unfall 156832 (2024) Kat:3, Licht: 0","156832","3","7","1","09","14","5","","0","0","1","0","0"
"POINT (9.874497850000068 53.591225363000035)","Unfall 156833 (2024) Kat:3, Licht: 2","156833","3","5","6","12","16","4","","2","0","1","1","0"
"POINT (10.015396537000072 53.631207274000076)","Unfall 156834 (2024) Kat:3, Licht: 0","156834","3","1","0","09","08","5","","0","1","0","0","0"
"POINT (10.035533717000021 53.580121864000034)","Unfall 156835 (2024) Kat:3, Licht: 0","156835","3","6","2","09","16","5","","0","0","1","0","0"
"POINT (10.014583998000035 53.618461336000053)","Unfall 156836 (2024) Kat:3, Licht: 0","156836","3","6","2","10","10","7","","0","0","1","0","0"
"POINT (10.053464558000030 53.569023748000063)","Unfall 156837 (2024) Kat:3, Licht: 0","156837","3","7","0","09","14","5","","0","1","0","0","0"
"POINT (9.952347215000032 53.567351617000043)","Unfall 156838 (2024) Kat:3, Licht: 0","156838","3","2","3","09","16","5","","0","1","1","0","0"
"POINT (10.084248356000046 53.623333641000045)","Unfall 156839 (2024) Kat:3, Licht: 0","156839","3","6","2","10","16","2","","0","0","1","0","0"
"POINT (9.941404858000055 53.575316595000061)","Unfall 156840 (2024) Kat:3, Licht: 0","156840","3","2","5","09","15","5","","0","1","1","0","0"
"POINT (9.922199822000039 53.548923172000059)","Unfall 156841 (2024) Kat:3, Licht: 0","156841","3","1","0","09","16","5","","0","1","0","0","0"
"POINT (9.989427318000025 53.563937470000042)","Unfall 156842 (2024) Kat:3, Licht: 0","156842","3","2","3","09","15","5","","0","1","1","0","0"
"POINT (10.008155339000041 53.552056173000040)","Unfall 156843 (2024) Kat:3, Licht: 0","156843","3","6","3","09","17","5","","0","0","1","0","0"
"POINT (10.010445660000073 53.552296622000028)","Unfall 156844 (2024) Kat:3, Licht: 0","156844","3","6","2","09","13","5","","0","0","1","0","0"
"POINT (10.220730578000030 53.446718627000052)","Unfall 156845 (2024) Kat:3, Licht: 2","156845","3","7","0","09","22","4","","2","1","0","0","0"
"POINT (9.882383895000032 53.593028242000059)","Unfall 156846 (2024) Kat:3, Licht: 1","156846","3","4","6","12","16","5","","1","0","1","1","0"
"POINT (10.147340344000042 53.523751659000027)","Unfall 156847 (2024) Kat:3, Licht: 2","156847","3","7","6","09","04","4","","2","0","1","1","0"
"POINT (10.062518602000068 53.536708703000045)","Unfall 156848 (2024) Kat:2, Licht: 0","156848","2","2","3","09","09","4","","0","0","1","0","0"
"POINT (10.120329629000025 53.595085939000057)","Unfall 156849 (2024) Kat:3, Licht: 0","156849","3","7","1","09","07","4","","0","1","1","0","0"
"POINT (10.071342649000030 53.571847520000063)","Unfall 156850 (2024) Kat:3, Licht: 0","156850","3","2","3","09","14","4","","0","1","0","0","0"
"POINT (10.004251960000033 53.588400680000063)","Unfall 156851 (2024) Kat:3, Licht: 2","156851","3","3","5","12","21","5","","2","0","1","0","0"
"POINT (10.083177392000039 53.643040866000035)","Unfall 156852 (2024) Kat:3, Licht: 0","156852","3","5","5","09","08","4","","0","1","1","0","0"
"POINT (10.060337407000077 53.597247189000029)","Unfall 156853 (2024) Kat:3, Licht: 2","156853","3","2","5","12","20","1","","2","0","1","0","0"
"POINT (10.019732386000044 53.565739249000046)","Unfall 156854 (2024) Kat:3, Licht: 0","156854","3","7","0","09","13","4","","0","0","0","0","0"
"POINT (9.899466458000063 53.620730952000031)","Unfall 156855 (2024) Kat:3, Licht: 0","156855","3","7","0","09","13","4","","0","1","0","0","0"
"POINT (9.817258360000039 53.575940793000029)","Unfall 156856 (2024) Kat:3, Licht: 0","156856","3","1","0","09","11","4","","0","0","0","0","0"
"POINT (9.789228706000074 53.570504598000070)","Unfall 156857 (2024) Kat:3, Licht: 0","156857","3","6","4","09","18","4","","0","0","1","0","0"
"POINT (9.919712050000044 53.637361436000049)","Unfall 156858 (2024) Kat:3, Licht: 2","156858","3","2","5","09","23","4","","2","0","1","0","0"
"POINT (9.965874954000071 53.575864005000028)","Unfall 156859 (2024) Kat:3, Licht: 2","156859","3","7","0","09","20","4","","2","1","0","0","0"
"POINT (9.952044766000029 53.577285318000065)","Unfall 156860 (2024) Kat:3, Licht: 0","156860","3","3","5","09","14","4","","0","1","1","0","0"
"POINT (9.977223458000026 53.608083292000060)","Unfall 156861 (2024) Kat:3, Licht: 0","156861","3","7","0","09","10","4","","0","1","0","0","0"
"POINT (9.947493331000032 53.548834828000054)","Unfall 156862 (2024) Kat:3, Licht: 1","156862","3","7","7","09","06","4","","1","1","0","0","0"
"POINT (9.982617203000075 53.572519654000075)","Unfall 156863 (2024) Kat:3, Licht: 0","156863","3","3","5","09","12","4","","0","1","1","0","0"
"POINT (9.845861346000049 53.570879077000029)","Unfall 156864 (2024) Kat:3, Licht: 2","156864","3","1","8","09","21","1","","2","0","0","0","1"
"POINT (9.956574307000039 53.562062455000046)","Unfall 156865 (2024) Kat:3, Licht: 0","156865","3","5","1","09","14","4","","0","1","1","0","0"
"POINT (9.979897455000071 53.555365904000041)","Unfall 156866 (2024) Kat:3, Licht: 2","156866","3","6","3","11","20","6","","2","0","1","0","0"
"POINT (10.014724339000054 53.560277849000045)","Unfall 156867 (2024) Kat:3, Licht: 2","156867","3","3","2","09","21","4","","2","1","1","0","0"
"POINT (10.204315331000032 53.491702571000076)","Unfall 156868 (2024) Kat:3, Licht: 1","156868","3","2","5","09","18","3","","1","0","1","0","0"
"POINT (10.234185503000049 53.486580211000046)","Unfall 156869 (2024) Kat:3, Licht: 0","156869","3","2","5","09","14","3","","0","1","1","0","0"
"POINT (10.125051042000052 53.570970644000056)","Unfall 156870 (2024) Kat:3, Licht: 0","156870","3","7","0","09","14","3","","0","0","0","0","0"
"POINT (10.136160518000054 53.613558195000053)","Unfall 156871 (2024) Kat:3, Licht: 2","156871","3","7","0","09","21","3","","2","0","0","0","0"
"POINT (9.986201751000067 53.575679238000077)","Unfall 156872 (2024) Kat:3, Licht: 0","156872","3","3","5","09","10","5","","0","1","1","0","0"
"POINT (10.114005402000032 53.600941898000031)","Unfall 156873 (2024) Kat:3, Licht: 0","156873","3","7","0","09","18","3","","0","1","0","0","0"
"POINT (10.035779410000032 53.600894377000031)","Unfall 156874 (2024) Kat:3, Licht: 0","156874","3","2","5","12","12","7","","0","0","1","0","0"
"POINT (10.074585593000052 53.582083862000047)","Unfall 156875 (2024) Kat:2, Licht: 0","156875","2","3","5","09","09","3","","0","1","1","0","0"
"POINT (10.049348389000045 53.585266972000056)","Unfall 156876 (2024) Kat:3, Licht: 0","156876","3","4","6","09","08","3","","0","1","0","1","0"
"POINT (10.024635498000066 53.563907425000082)","Unfall 156877 (2024) Kat:3, Licht: 0","156877","3","7","0","09","16","3","","0","1","0","0","0"
"POINT (10.003779254000051 53.546446258000060)","Unfall 156878 (2024) Kat:3, Licht: 0","156878","3","7","0","09","13","3","","0","0","1","0","0"
"POINT (10.006606497000064 53.550078533000033)","Unfall 156879 (2024) Kat:3, Licht: 0","156879","3","6","2","09","11","3","","0","0","1","0","0"
"POINT (9.877293253000062 53.502283060000082)","Unfall 156880 (2024) Kat:3, Licht: 0","156880","3","6","2","09","16","2","","0","0","1","0","0"
"POINT (9.990112631000045 53.437280787000077)","Unfall 156881 (2024) Kat:3, Licht: 0","156881","3","4","6","09","09","2","","0","0","0","1","0"
"POINT (9.984942267000065 53.447334760000047)","Unfall 156882 (2024) Kat:3, Licht: 0","156882","3","6","0","12","07","2","","0","1","0","0","0"
"POINT (10.226314193000064 53.494709887000056)","Unfall 156883 (2024) Kat:3, Licht: 2","156883","3","7","0","09","21","2","","2","1","0","0","0"
"POINT (10.121688259000052 53.565954541000053)","Unfall 156884 (2024) Kat:3, Licht: 0","156884","3","2","2","09","11","2","","0","1","1","0","0"
"POINT (9.926537994000057 53.599083745000030)","Unfall 156885 (2024) Kat:2, Licht: 2","156885","2","2","6","11","16","4","","2","0","1","1","0"
"POINT (10.149926434000065 53.529571309000062)","Unfall 156886 (2024) Kat:3, Licht: 0","156886","3","2","5","09","15","2","","0","1","1","0","0"
"POINT (10.035148446000051 53.551709879000043)","Unfall 156887 (2024) Kat:2, Licht: 2","156887","2","6","4","09","22","2","","2","0","1","0","0"
"POINT (10.017852336000033 53.549087566000082)","Unfall 156889 (2024) Kat:3, Licht: 0","156889","3","3","5","09","17","2","","0","0","1","0","0"
"POINT (10.026378440000030 53.544178038000041)","Unfall 156890 (2024) Kat:2, Licht: 0","156890","2","1","0","09","11","2","","0","1","0","0","0"
"POINT (10.047069658000055 53.530149950000066)","Unfall 156891 (2024) Kat:3, Licht: 0","156891","3","7","0","09","13","2","","0","1","0","0","0"
"POINT (10.122663544000034 53.596634708000067)","Unfall 156892 (2024) Kat:3, Licht: 1","156892","3","7","0","09","07","2","","1","1","0","0","0"
"POINT (10.085948299000052 53.617131516000029)","Unfall 156893 (2024) Kat:3, Licht: 0","156893","3","6","4","09","15","2","","0","1","1","0","0"
"POINT (10.057629281000061 53.646464434000052)","Unfall 156894 (2024) Kat:3, Licht: 0","156894","3","6","2","09","16","2","","0","0","1","0","0"
"POINT (10.123626163000040 53.639540059000069)","Unfall 156895 (2024) Kat:3, Licht: 0","156895","3","6","3","09","09","2","","0","1","1","0","0"
"POINT (10.018309416000022 53.643174756000064)","Unfall 156896 (2024) Kat:3, Licht: 0","156896","3","3","5","09","18","2","","0","0","1","0","0"
"POINT (10.024994556000024 53.602148098000043)","Unfall 156897 (2024) Kat:3, Licht: 2","156897","3","7","4","09","21","2","","2","0","1","0","0"
"POINT (10.025008518000050 53.635148554000068)","Unfall 156898 (2024) Kat:3, Licht: 0","156898","3","1","0","12","09","6","","0","0","0","0","0"
"POINT (10.035549362000040 53.564697992000049)","Unfall 156899 (2024) Kat:3, Licht: 0","156899","3","6","2","09","14","2","","0","0","1","0","0"
"POINT (9.845647812000038 53.553684592000081)","Unfall 156900 (2024) Kat:3, Licht: 0","156900","3","1","0","09","11","2","","0","1","0","0","0"
"POINT (9.918940656000075 53.575861361000079)","Unfall 156901 (2024) Kat:3, Licht: 0","156901","3","2","3","09","10","2","","0","1","1","0","0"
"POINT (9.850262425000039 53.596208903000047)","Unfall 156902 (2024) Kat:2, Licht: 0","156902","2","1","0","09","07","2","","0","1","0","0","0"
"POINT (9.931900488000053 53.568706735000035)","Unfall 156903 (2024) Kat:2, Licht: 2","156903","2","6","4","09","23","2","","2","0","1","1","0"
"POINT (9.966819769000040 53.605391908000058)","Unfall 156904 (2024) Kat:3, Licht: 0","156904","3","5","1","09","07","2","","0","1","1","0","0"
"POINT (9.957633654000063 53.564791031000027)","Unfall 156905 (2024) Kat:3, Licht: 0","156905","3","7","0","09","18","2","","0","0","0","0","0"
"POINT (9.945399539000050 53.557088512000064)","Unfall 156906 (2024) Kat:3, Licht: 0","156906","3","3","5","09","16","2","","0","0","1","0","0"
"POINT (10.037000053000042 53.469543382000040)","Unfall 156907 (2024) Kat:3, Licht: 2","156907","3","1","0","10","05","5","","2","0","1","0","0"
"POINT (9.964240484000072 53.573195593000037)","Unfall 156908 (2024) Kat:3, Licht: 0","156908","3","4","6","09","15","2","","0","1","0","1","0"
"POINT (10.002873400000055 53.497564914000066)","Unfall 156909 (2024) Kat:3, Licht: 0","156909","3","6","2","09","17","1","","0","0","1","0","0"
"POINT (10.251005939000038 53.415158996000059)","Unfall 156910 (2024) Kat:2, Licht: 0","156910","2","5","1","09","14","1","","0","1","1","0","0"
"POINT (10.239742630000023 53.475573763000057)","Unfall 156911 (2024) Kat:3, Licht: 0","156911","3","2","6","09","10","1","","0","0","1","1","0"
"POINT (10.199129158000062 53.507281324000076)","Unfall 156912 (2024) Kat:3, Licht: 2","156912","3","7","0","09","03","1","","2","1","0","0","0"
"POINT (10.044147346000045 53.529158832000064)","Unfall 156913 (2024) Kat:3, Licht: 0","156913","3","6","4","09","13","1","","0","1","0","0","0"
"POINT (10.112220496000077 53.608021636000046)","Unfall 156914 (2024) Kat:3, Licht: 2","156914","3","1","0","09","05","1","","2","0","0","0","0"