WKT,Name,OBJECTID,UKATEGORIE,UTYP1,UART,UMONAT,USTUNDE,UWOCHENTAG,STRZUSTAND,ULICHTVERH,ISTRAD,ISTPKW,ISTFUSS,ISTKRAD
"POINT (10.160990991000062 53.604618211000059)","Unfall 156915 (2024) Kat:3, Licht: 2","156915","3","7","8","09","01","1","","2","0","1","0","0"
"POINT (10.181710728000041 53.606796830000064)","Unfall 156916 (2024) Kat:3, Licht: 0","156916","3","7","0","09","17","1","","0","1","0","0","0"
"POINT (9.970092740000041 53.550085293000052)","Unfall 156917 (2024) Kat:3, Licht: 2","156917","3","7","3","10","22","6","","2","0","1","0","0"
"POINT (10.068347934000030 53.581234831000074)","Unfall 156918 (2024) Kat:3, Licht: 0","156918","3","6","3","09","14","1","","0","0","1","0","1"
"POINT (10.080061218000026 53.613972760000081)","Unfall 156919 (2024) Kat:3, Licht: 0","156919","3","5","1","09","13","1","","0","1","1","0","0"
"POINT (10.091661199000043 53.639134266000042)","Unfall 156920 (2024) Kat:3, Licht: 2","156920","3","7","9","09","22","1","","2","0","1","0","0"
"POINT (10.031627963000062 53.587958714000081)","Unfall 156921 (2024) Kat:3, Licht: 0","156921","3","1","7","09","18","1","","0","0","0","0","0"
"POINT (10.037972048000029 53.569495238000059)","Unfall 156923 (2024) Kat:3, Licht: 0","156923","3","2","3","10","16","3","","0","0","1","0","0"
"POINT (10.024281391000045 53.558608667000044)","Unfall 156924 (2024) Kat:3, Licht: 2","156924","3","6","2","09","20","1","","2","0","1","0","1"
"POINT (9.929887377000057 53.613170169000057)","Unfall 156925 (2024) Kat:3, Licht: 2","156925","3","7","0","09","19","1","","2","0","1","0","0"
"POINT (9.946530561000031 53.640247956000053)","Unfall 156926 (2024) Kat:2, Licht: 2","156926","2","1","0","09","01","1","","2","0","0","0","0"
"POINT (10.002294689000053 53.596333075000075)","Unfall 156927 (2024) Kat:3, Licht: 2","156927","3","6","2","12","16","5","","2","0","1","0","0"
"POINT (9.974078032000023 53.586373704000039)","Unfall 156928 (2024) Kat:3, Licht: 2","156928","3","3","5","09","23","1","","2","0","1","0","0"
"POINT (9.953770212000052 53.545609315000036)","Unfall 156929 (2024) Kat:3, Licht: 1","156929","3","7","0","09","18","1","","1","0","0","0","0"
"POINT (9.961429504000023 53.549523008000051)","Unfall 156930 (2024) Kat:3, Licht: 0","156930","3","3","3","09","15","1","","0","1","0","0","0"
"POINT (9.994759610000074 53.548504730000047)","Unfall 156931 (2024) Kat:3, Licht: 2","156931","3","6","0","09","20","1","","2","1","0","0","0"
"POINT (9.982934159000024 53.523741000000030)","Unfall 156932 (2024) Kat:3, Licht: 2","156932","3","7","0","09","22","1","","2","1","0","0","0"
"POINT (9.900726652000060 53.482461351000040)","Unfall 156933 (2024) Kat:3, Licht: 2","156933","3","6","2","09","23","7","","2","0","1","0","0"
"POINT (10.071721198000034 53.579554353000049)","Unfall 156934 (2024) Kat:3, Licht: 2","156934","3","2","6","11","17","2","","2","0","1","1","0"
"POINT (10.098952553000061 53.537879260000068)","Unfall 156935 (2024) Kat:3, Licht: 0","156935","3","6","2","09","11","7","","0","0","1","0","0"
"POINT (10.114633991000062 53.556286412000077)","Unfall 156936 (2024) Kat:3, Licht: 0","156936","3","7","0","09","15","7","","0","1","0","0","0"
"POINT (10.229410487000052 53.445184815000061)","Unfall 156937 (2024) Kat:3, Licht: 1","156937","3","3","0","11","07","5","","1","0","1","0","0"
"POINT (9.961222908000025 53.599499435000041)","Unfall 156938 (2024) Kat:3, Licht: 2","156938","3","7","0","10","04","2","","2","0","0","0","0"
"POINT (10.169263392000062 53.605458266000028)","Unfall 156939 (2024) Kat:3, Licht: 0","156939","3","6","4","10","11","3","","0","1","0","0","0"
"POINT (10.067698214000075 53.553477750000070)","Unfall 156940 (2024) Kat:3, Licht: 2","156940","3","3","5","09","02","7","","2","0","1","0","0"
"POINT (10.156292045000043 53.602984909000043)","Unfall 156941 (2024) Kat:3, Licht: 2","156941","3","1","8","09","03","7","","2","0","0","0","1"
"POINT (10.158590309000033 53.588578600000062)","Unfall 156942 (2024) Kat:3, Licht: 0","156942","3","4","6","09","17","7","","0","0","1","1","0"
"POINT (10.066495564000036 53.586974848000068)","Unfall 156943 (2024) Kat:3, Licht: 0","156943","3","6","3","09","13","7","","0","1","1","0","0"
"POINT (10.161624984000071 53.650226772000053)","Unfall 156944 (2024) Kat:3, Licht: 0","156944","3","2","3","09","17","7","","0","1","1","0","0"
"POINT (10.027671291000047 53.585545241000034)","Unfall 156945 (2024) Kat:3, Licht: 0","156945","3","5","1","09","13","7","","0","0","1","0","1"
"POINT (10.052744316000030 53.588104294000061)","Unfall 156946 (2024) Kat:3, Licht: 0","156946","3","3","5","09","14","7","","0","1","1","0","0"
"POINT (9.952570507000075 53.549605414000041)","Unfall 156947 (2024) Kat:3, Licht: 2","156947","3","1","0","10","20","4","","2","1","0","0","0"
"POINT (9.844308309000041 53.575255764000076)","Unfall 156948 (2024) Kat:3, Licht: 0","156948","3","6","4","09","15","7","","0","1","0","0","0"
"POINT (10.054994281000063 53.555454218000079)","Unfall 156949 (2024) Kat:3, Licht: 2","156949","3","6","2","12","17","1","","2","0","1","0","0"
"POINT (9.970318806000023 53.612981418000061)","Unfall 156950 (2024) Kat:2, Licht: 2","156950","2","7","0","09","21","7","","2","0","0","0","0"
"POINT (9.924953696000046 53.544667742000058)","Unfall 156951 (2024) Kat:3, Licht: 0","156951","3","5","5","09","17","7","","0","0","0","0","0"
"POINT (9.998728325000059 53.564451691000045)","Unfall 156952 (2024) Kat:3, Licht: 2","156952","3","1","0","09","01","7","","2","0","1","0","0"
"POINT (9.967825872000049 53.545789181000032)","Unfall 156953 (2024) Kat:3, Licht: 0","156953","3","1","0","09","18","7","","0","0","0","0","0"
"POINT (9.981693320000034 53.544065515000057)","Unfall 156954 (2024) Kat:3, Licht: 0","156954","3","6","2","09","15","7","","0","1","1","0","0"
"POINT (9.989336385000058 53.558296821000056)","Unfall 156955 (2024) Kat:3, Licht: 2","156955","3","3","5","09","03","7","","2","1","1","0","0"
"POINT (9.879997454000033 53.516000169000051)","Unfall 156956 (2024) Kat:3, Licht: 0","156956","3","6","4","09","14","6","","0","1","0","0","0"
"POINT (10.012291053000069 53.440359376000060)","Unfall 156957 (2024) Kat:3, Licht: 0","156957","3","7","0","09","18","6","","0","1","0","0","0"
"POINT (10.138289249000024 53.527304927000046)","Unfall 156958 (2024) Kat:3, Licht: 0","156958","3","7","8","09","15","6","","0","1","0","0","0"
"POINT (10.043820040000071 53.548211085000048)","Unfall 156959 (2024) Kat:3, Licht: 1","156959","3","2","5","09","06","6","","1","1","1","0","0"
"POINT (10.060347185000069 53.578202259000079)","Unfall 156960 (2024) Kat:3, Licht: 2","156960","3","1","0","09","20","6","","2","1","0","0","0"
"POINT (10.091246581000064 53.669169961000080)","Unfall 156961 (2024) Kat:3, Licht: 0","156961","3","7","0","09","14","6","","0","1","0","0","0"
"POINT (10.032367754000063 53.635444036000081)","Unfall 156962 (2024) Kat:3, Licht: 0","156962","3","3","5","09","15","6","","0","0","1","0","0"
"POINT (10.012519649000069 53.649234393000029)","Unfall 156963 (2024) Kat:3, Licht: 0","156963","3","2","2","09","13","6","","0","0","1","0","0"
"POINT (10.144588461000069 53.545238038000036)","Unfall 156964 (2024) Kat:3, Licht: 0","156964","3","2","4","10","10","6","","0","0","1","0","0"
"POINT (10.000424769000062 53.680088692000027)","Unfall 156965 (2024) Kat:3, Licht: 0","156965","3","7","0","09","10","6","","0","1","0","0","0"
"POINT (9.982149128000060 53.584519894000039)","Unfall 156966 (2024) Kat:2, Licht: 0","156966","2","4","6","10","14","2","","0","1","0","1","0"
"POINT (10.002526550000027 53.606559331000028)","Unfall 156967 (2024) Kat:2, Licht: 0","156967","2","3","0","09","18","6","","0","0","1","0","1"
"POINT (10.044426878000024 53.587780008000038)","Unfall 156968 (2024) Kat:3, Licht: 0","156968","3","4","6","09","19","6","","0","0","0","1","0"
"POINT (9.975489542000048 53.609267832000057)","Unfall 156969 (2024) Kat:3, Licht: 0","156969","3","6","2","09","11","6","","0","0","1","0","0"
"POINT (10.001006769000071 53.544963756000072)","Unfall 156970 (2024) Kat:3, Licht: 2","156970","3","3","5","09","20","6","","2","1","0","0","1"
"POINT (10.049801752000064 53.602052674000049)","Unfall 156971 (2024) Kat:3, Licht: 0","156971","3","6","6","10","16","6","","0","0","0","1","0"
"POINT (9.993721944000072 53.557759927000063)","Unfall 156972 (2024) Kat:3, Licht: 0","156972","3","3","5","09","10","6","","0","1","1","0","0"
"POINT (10.014772038000046 53.560357597000063)","Unfall 156973 (2024) Kat:3, Licht: 0","156973","3","3","5","09","15","6","","0","1","1","0","0"
"POINT (9.998319268000046 53.525721555000075)","Unfall 156974 (2024) Kat:3, Licht: 0","156974","3","3","5","09","15","6","","0","0","1","0","0"
"POINT (9.877493582000056 53.502102159000060)","Unfall 156975 (2024) Kat:3, Licht: 1","156975","3","2","5","09","06","5","","1","1","1","0","0"
"POINT (10.189777256000070 53.503429522000033)","Unfall 156976 (2024) Kat:3, Licht: 0","156976","3","4","6","09","13","5","","0","0","1","1","0"
"POINT (10.167438205000053 53.480245983000032)","Unfall 156977 (2024) Kat:3, Licht: 0","156977","3","7","0","09","08","5","","0","0","1","1","0"
"POINT (10.200251235000053 53.482776958000045)","Unfall 156978 (2024) Kat:3, Licht: 0","156978","3","6","2","09","08","5","","0","0","1","0","0"
"POINT (10.008260341000039 53.548111696000035)","Unfall 156979 (2024) Kat:3, Licht: 1","156979","3","3","5","09","20","5","","1","1","1","0","0"
"POINT (10.025495982000052 53.626344030000041)","Unfall 156980 (2024) Kat:3, Licht: 0","156980","3","6","3","09","14","5","","0","1","1","0","0"
"POINT (10.023715125000024 53.655011331000082)","Unfall 156981 (2024) Kat:3, Licht: 0","156981","3","1","1","09","09","5","","0","0","1","0","0"
"POINT (10.014510721000022 53.600111740000045)","Unfall 156982 (2024) Kat:3, Licht: 0","156982","3","6","2","09","13","5","","0","0","1","0","0"
"POINT (9.997761612000033 53.588194383000030)","Unfall 156983 (2024) Kat:3, Licht: 0","156983","3","3","5","09","16","5","","0","1","0","0","0"
"POINT (10.028607077000061 53.571190950000073)","Unfall 156984 (2024) Kat:2, Licht: 0","156984","2","3","5","09","15","5","","0","0","1","0","1"
"POINT (9.824725392000062 53.569936521000045)","Unfall 156985 (2024) Kat:3, Licht: 0","156985","3","7","0","09","17","5","","0","1","0","0","0"
"POINT (10.095441356000038 53.659014377000062)","Unfall 156986 (2024) Kat:3, Licht: 2","156986","3","7","0","09","02","1","","2","1","0","0","0"
"POINT (9.880270853000070 53.600807756000052)","Unfall 156987 (2024) Kat:3, Licht: 0","156987","3","2","6","09","11","5","","0","0","0","1","0"
"POINT (9.883645945000069 53.552701536000029)","Unfall 156988 (2024) Kat:3, Licht: 0","156988","3","4","6","09","07","5","","0","1","0","1","0"
"POINT (9.953789238000070 53.560572991000072)","Unfall 156989 (2024) Kat:3, Licht: 0","156989","3","2","5","09","07","5","","0","1","1","0","0"
"POINT (9.959156206000046 53.546167719000039)","Unfall 156990 (2024) Kat:3, Licht: 0","156990","3","6","2","09","18","5","","0","1","0","0","0"
"POINT (9.885361260000025 53.517859953000027)","Unfall 156991 (2024) Kat:3, Licht: 0","156991","3","3","0","09","17","4","","0","0","1","0","0"
"POINT (9.875362392000056 53.472600631000034)","Unfall 156992 (2024) Kat:3, Licht: 2","156992","3","7","0","09","21","4","","2","0","0","0","0"
"POINT (9.977351933000023 53.461313122000035)","Unfall 156993 (2024) Kat:3, Licht: 0","156993","3","4","6","09","09","4","","0","0","0","1","0"
"POINT (9.935676911000030 53.450049717000070)","Unfall 156994 (2024) Kat:3, Licht: 0","156994","3","7","5","09","07","4","","0","1","1","0","0"
"POINT (9.994200154000055 53.466047328000059)","Unfall 156995 (2024) Kat:3, Licht: 0","156995","3","2","5","09","16","4","","0","1","1","0","0"
"POINT (10.080718739000076 53.531955024000069)","Unfall 156996 (2024) Kat:3, Licht: 0","156996","3","2","5","09","17","4","","0","1","1","0","0"
"POINT (10.069184613000061 53.525639913000077)","Unfall 156997 (2024) Kat:3, Licht: 0","156997","3","7","0","09","15","4","","0","1","0","0","0"
"POINT (10.155102499000066 53.614641315000028)","Unfall 156998 (2024) Kat:3, Licht: 0","156998","3","3","5","09","11","4","","0","1","0","0","0"
"POINT (10.117952675000026 53.606941514000027)","Unfall 156999 (2024) Kat:2, Licht: 0","156999","2","7","6","09","12","4","","0","0","0","1","0"
"POINT (10.136055936000048 53.572619613000029)","Unfall 157000 (2024) Kat:3, Licht: 0","157000","3","3","5","09","10","4","","0","1","1","0","0"
"POINT (10.053360596000061 53.587924825000073)","Unfall 157001 (2024) Kat:3, Licht: 1","157001","3","5","5","09","19","4","","1","1","1","0","0"
"POINT (10.020123857000044 53.565837007000027)","Unfall 157002 (2024) Kat:3, Licht: 1","157002","3","7","0","09","19","4","","1","1","0","0","0"
"POINT (10.126129992000074 53.618549968000082)","Unfall 157003 (2024) Kat:3, Licht: 0","157003","3","7","0","11","13","7","","0","1","0","0","0"
"POINT (9.928569015000051 53.592231691000052)","Unfall 157004 (2024) Kat:3, Licht: 0","157004","3","2","5","09","06","4","","0","0","1","0","0"
"POINT (9.850904073000038 53.592265991000033)","Unfall 157005 (2024) Kat:2, Licht: 0","157005","2","7","0","09","16","4","","0","1","0","0","0"
"POINT (9.884585147000053 53.561130285000047)","Unfall 157006 (2024) Kat:3, Licht: 0","157006","3","6","2","09","08","4","","0","1","1","0","0"
"POINT (9.915794541000025 53.582484233000059)","Unfall 157007 (2024) Kat:3, Licht: 0","157007","3","6","2","09","14","4","","0","0","1","0","0"
"POINT (9.953782933000070 53.602628018000075)","Unfall 157008 (2024) Kat:3, Licht: 2","157008","3","7","0","09","07","4","","2","1","0","0","0"
"POINT (9.934376394000026 53.555054306000045)","Unfall 157009 (2024) Kat:3, Licht: 0","157009","3","7","0","09","18","4","","0","1","1","0","0"
"POINT (9.937327793000065 53.552379832000042)","Unfall 157010 (2024) Kat:3, Licht: 0","157010","3","6","2","09","16","4","","0","0","1","0","0"
"POINT (9.942788527000062 53.568917713000076)","Unfall 157011 (2024) Kat:3, Licht: 0","157011","3","3","5","09","15","4","","0","1","1","0","0"
"POINT (9.997359275000065 53.578426429000046)","Unfall 157012 (2024) Kat:3, Licht: 0","157012","3","6","3","09","13","4","","0","1","0","0","0"
"POINT (9.995152339000072 53.452924952000046)","Unfall 157013 (2024) Kat:3, Licht: 0","157013","3","2","5","09","16","3","","0","0","1","0","1"
"POINT (10.180514270000060 53.629772325000033)","Unfall 157014 (2024) Kat:3, Licht: 2","157014","3","2","5","12","19","4","","2","0","1","0","0"
"POINT (10.009221623000030 53.490638911000076)","Unfall 157015 (2024) Kat:3, Licht: 0","157015","3","7","6","09","08","3","","0","0","1","1","0"
"POINT (10.206023510000023 53.491980142000045)","Unfall 157016 (2024) Kat:2, Licht: 0","157016","2","7","0","09","15","3","","0","0","1","0","0"
"POINT (10.055597947000024 53.555405584000027)","Unfall 157017 (2024) Kat:3, Licht: 0","157017","3","5","3","09","17","3","","0","1","1","0","0"
"POINT (10.107078896000075 53.595647876000044)","Unfall 157018 (2024) Kat:3, Licht: 0","157018","3","6","2","09","14","3","","0","1","0","0","0"
"POINT (10.099260370000025 53.596924991000037)","Unfall 157019 (2024) Kat:3, Licht: 0","157019","3","6","2","09","13","3","","0","1","1","0","0"
"POINT (10.164047441000037 53.651519498000027)","Unfall 157020 (2024) Kat:3, Licht: 0","157020","3","5","5","09","18","3","","0","1","1","0","0"
"POINT (9.949926902000072 53.454954932000078)","Unfall 157021 (2024) Kat:2, Licht: 0","157021","2","1","8","12","13","5","","0","0","1","0","0"
"POINT (10.082140953000021 53.659368062000055)","Unfall 157022 (2024) Kat:2, Licht: 0","157022","2","1","0","09","19","3","","0","1","0","0","0"
"POINT (10.025814445000037 53.571049050000056)","Unfall 157023 (2024) Kat:3, Licht: 2","157023","3","4","6","09","20","3","","2","0","1","1","0"
"POINT (10.038396160000048 53.592156197000065)","Unfall 157024 (2024) Kat:3, Licht: 0","157024","3","5","3","09","15","3","","0","1","0","0","0"
"POINT (10.055774909000036 53.591386150000062)","Unfall 157025 (2024) Kat:3, Licht: 0","157025","3","3","5","09","07","3","","0","1","1","0","0"
"POINT (9.900196022000046 53.503872968000053)","Unfall 157026 (2024) Kat:3, Licht: 2","157026","3","7","8","10","03","4","","2","0","1","0","0"
"POINT (9.752976138000065 53.587962353000080)","Unfall 157027 (2024) Kat:3, Licht: 0","157027","3","3","0","09","18","3","","0","1","0","1","0"
"POINT (10.107189031000075 53.591224715000067)","Unfall 157028 (2024) Kat:3, Licht: 1","157028","3","2","5","12","08","4","","1","0","1","0","0"
"POINT (9.823397122000074 53.560624822000079)","Unfall 157029 (2024) Kat:3, Licht: 0","157029","3","4","6","09","15","3","","0","0","1","1","0"
"POINT (10.076459915000044 53.584406018000038)","Unfall 157030 (2024) Kat:3, Licht: 2","157030","3","2","5","10","04","3","","2","0","1","0","0"
"POINT (9.822554766000053 53.584035268000036)","Unfall 157031 (2024) Kat:3, Licht: 0","157031","3","3","5","09","08","3","","0","1","1","0","0"
"POINT (9.928746940000053 53.629448801000080)","Unfall 157032 (2024) Kat:3, Licht: 0","157032","3","7","0","09","11","3","","0","1","0","0","0"
"POINT (9.988164383000026 53.590915074000065)","Unfall 157033 (2024) Kat:3, Licht: 1","157033","3","5","5","09","18","3","","1","1","1","0","0"
"POINT (10.130168192000042 53.577273194000043)","Unfall 157034 (2024) Kat:3, Licht: 0","157034","3","1","1","10","17","3","","0","0","1","0","1"
"POINT (9.955563234000067 53.549954644000081)","Unfall 157035 (2024) Kat:3, Licht: 1","157035","3","6","2","09","19","3","","1","0","0","0","1"
"POINT (9.933286452000061 53.555805449000047)","Unfall 157036 (2024) Kat:3, Licht: 0","157036","3","7","6","09","14","3","","0","0","1","1","0"
"POINT (9.956220623000036 53.545808966000038)","Unfall 157037 (2024) Kat:3, Licht: 0","157037","3","7","0","09","15","3","","0","1","0","0","0"
"POINT (10.002225389000046 53.557339879000040)","Unfall 157038 (2024) Kat:2, Licht: 0","157038","2","6","4","09","08","3","","0","1","0","0","0"
"POINT (10.015892165000025 53.555241727000066)","Unfall 157039 (2024) Kat:3, Licht: 0","157039","3","2","3","09","08","3","","0","1","1","0","0"
"POINT (9.808041525000021 53.529510640000069)","Unfall 157040 (2024) Kat:3, Licht: 0","157040","3","2","3","09","14","2","","0","0","1","0","1"
"POINT (9.928449346000036 53.448776788000032)","Unfall 157041 (2024) Kat:3, Licht: 0","157041","3","6","6","09","12","2","","0","0","0","1","0"
"POINT (9.971789417000025 53.463474094000048)","Unfall 157042 (2024) Kat:3, Licht: 0","157042","3","7","0","09","17","2","","0","0","0","1","0"
"POINT (9.995102304000056 53.461507309000069)","Unfall 157043 (2024) Kat:3, Licht: 0","157043","3","5","5","09","15","2","","0","1","1","0","0"
"POINT (10.085264335000033 53.554759166000053)","Unfall 157044 (2024) Kat:3, Licht: 0","157044","3","6","2","09","11","2","","0","0","1","0","0"
"POINT (9.812580391000040 53.563263484000061)","Unfall 157045 (2024) Kat:3, Licht: 2","157045","3","2","6","11","19","5","","2","0","1","1","0"
"POINT (10.150094290000027 53.600780514000064)","Unfall 157046 (2024) Kat:3, Licht: 0","157046","3","3","5","09","16","2","","0","1","1","0","0"
"POINT (10.001761879000071 53.651987420000069)","Unfall 157047 (2024) Kat:2, Licht: 0","157047","2","7","0","09","18","2","","0","0","1","0","0"
"POINT (9.846644956000034 53.560354642000050)","Unfall 157048 (2024) Kat:3, Licht: 0","157048","3","5","3","09","09","2","","0","1","1","0","0"
"POINT (9.852292392000038 53.562900688000070)","Unfall 157049 (2024) Kat:3, Licht: 0","157049","3","7","0","09","08","2","","0","1","0","0","0"
"POINT (9.947007428000063 53.574613032000059)","Unfall 157050 (2024) Kat:3, Licht: 0","157050","3","5","1","12","13","7","","0","0","1","0","0"
"POINT (9.993400928000028 53.576405544000067)","Unfall 157051 (2024) Kat:3, Licht: 0","157051","3","3","5","09","07","6","","0","1","0","0","0"
"POINT (9.896945993000031 53.588800181000067)","Unfall 157052 (2024) Kat:2, Licht: 0","157052","2","3","5","09","12","2","","0","1","1","0","0"
"POINT (9.873924438000074 53.587218259000053)","Unfall 157053 (2024) Kat:3, Licht: 0","157053","3","6","2","09","09","2","","0","0","1","0","0"
"POINT (10.059854260000066 53.572087420000059)","Unfall 157054 (2024) Kat:3, Licht: 2","157054","3","6","2","11","17","3","","2","0","1","0","0"
"POINT (9.965717725000047 53.564100385000074)","Unfall 157055 (2024) Kat:3, Licht: 2","157055","3","1","0","10","04","5","","2","0","0","0","0"
"POINT (9.958985988000052 53.549504632000037)","Unfall 157056 (2024) Kat:3, Licht: 0","157056","3","6","3","09","14","2","","0","1","1","0","0"
"POINT (10.003713760000039 53.540896962000033)","Unfall 157057 (2024) Kat:3, Licht: 0","157057","3","3","5","09","12","2","","0","1","1","0","0"
"POINT (10.024412016000042 53.553967925000052)","Unfall 157058 (2024) Kat:3, Licht: 0","157058","3","3","5","09","12","2","","0","0","1","0","0"
"POINT (9.981144565000022 53.421163377000028)","Unfall 157059 (2024) Kat:3, Licht: 0","157059","3","6","3","09","14","1","","0","0","1","0","0"
"POINT (10.139567470000031 53.456969893000064)","Unfall 157060 (2024) Kat:3, Licht: 0","157060","3","6","4","09","12","1","","0","1","0","0","1"
"POINT (10.142719822000061 53.421292399000038)","Unfall 157061 (2024) Kat:2, Licht: 0","157061","2","5","1","09","11","1","","0","1","1","0","0"
"POINT (10.070145214000036 53.573461734000034)","Unfall 157062 (2024) Kat:3, Licht: 0","157062","3","6","0","09","17","1","","0","0","1","0","0"
"POINT (10.067790688000059 53.656889463000027)","Unfall 157063 (2024) Kat:3, Licht: 0","157063","3","5","5","09","09","1","","0","1","1","0","0"
"POINT (9.988220095000031 53.589852308000047)","Unfall 157064 (2024) Kat:3, Licht: 0","157064","3","7","6","09","17","1","","0","0","1","1","0"
"POINT (9.994527455000025 53.552072768000073)","Unfall 157065 (2024) Kat:2, Licht: 0","157065","2","4","6","09","15","1","","0","1","0","1","0"
"POINT (10.014189769000041 53.524467896000033)","Unfall 157066 (2024) Kat:2, Licht: 0","157066","2","7","2","09","10","1","","0","0","1","0","0"
"POINT (9.846586229000025 53.511023663000060)","Unfall 157067 (2024) Kat:3, Licht: 0","157067","3","6","0","09","12","7","","0","0","1","0","0"
"POINT (10.138192492000030 53.581036215000040)","Unfall 157068 (2024) Kat:3, Licht: 0","157068","3","6","2","10","18","6","","0","0","1","0","1"
"POINT (10.002091023000048 53.505935128000033)","Unfall 157069 (2024) Kat:3, Licht: 0","157069","3","4","6","09","10","7","","0","1","0","1","0"
"POINT (10.162458643000036 53.484479351000061)","Unfall 157070 (2024) Kat:3, Licht: 0","157070","3","5","1","09","17","7","","0","0","1","0","0"
"POINT (9.997245052000039 53.578565443000059)","Unfall 157071 (2024) Kat:3, Licht: 0","157071","3","3","5","10","13","4","","0","0","1","0","1"
"POINT (10.250110318000054 53.426239809000037)","Unfall 157072 (2024) Kat:3, Licht: 0","157072","3","5","1","09","14","7","","0","1","1","0","0"
"POINT (10.037228960000050 53.610625386000038)","Unfall 157073 (2024) Kat:3, Licht: 0","157073","3","6","3","09","14","7","","0","1","1","0","0"
"POINT (10.103059280000025 53.711204707000036)","Unfall 157074 (2024) Kat:3, Licht: 0","157074","3","7","0","09","17","7","","0","1","0","0","0"
"POINT (9.973773075000054 53.582571867000070)","Unfall 157075 (2024) Kat:3, Licht: 0","157075","3","7","0","09","17","7","","0","1","0","1","0"
"POINT (9.989234778000025 53.593814593000047)","Unfall 157076 (2024) Kat:3, Licht: 0","157076","3","3","6","09","10","7","","0","0","0","1","0"
"POINT (9.982443626000077 53.584382177000066)","Unfall 157077 (2024) Kat:3, Licht: 0","157077","3","6","2","09","10","7","","0","1","1","0","0"
"POINT (9.999410473000069 53.556234811000081)","Unfall 157078 (2024) Kat:3, Licht: 2","157078","3","7","3","09","20","7","","2","0","1","0","0"
"POINT (9.986214137000047 53.549806386000057)","Unfall 157079 (2024) Kat:3, Licht: 0","157079","3","6","2","09","13","7","","0","0","1","0","0"
"POINT (10.013136136000071 53.551414204000082)","Unfall 157080 (2024) Kat:3, Licht: 0","157080","3","2","2","09","15","7","","0","0","1","0","0"
"POINT (9.881028050000054 53.473747019000029)","Unfall 157081 (2024) Kat:3, Licht: 0","157081","3","2","5","09","14","6","","0","1","1","0","0"
"POINT (9.894688458000076 53.477460048000069)","Unfall 157082 (2024) Kat:2, Licht: 0","157082","2","6","2","11","08","3","","0","0","1","0","0"
"POINT (9.993893654000033 53.465273472000035)","Unfall 157083 (2024) Kat:3, Licht: 0","157083","3","2","3","09","07","6","","0","0","1","0","0"
"POINT (10.021805641000071 53.550751384000080)","Unfall 157084 (2024) Kat:3, Licht: 0","157084","3","6","3","09","07","6","","0","0","1","0","0"
"POINT (10.010679729000060 53.582482234000054)","Unfall 157085 (2024) Kat:3, Licht: 0","157085","3","5","3","10","12","3","","0","0","1","0","0"
"POINT (10.129274714000076 53.575243078000028)","Unfall 157086 (2024) Kat:3, Licht: 0","157086","3","2","5","09","12","6","","0","0","1","0","0"
"POINT (10.104968898000038 53.572056902000043)","Unfall 157087 (2024) Kat:3, Licht: 0","157087","3","2","4","09","09","6","","0","1","1","0","0"
"POINT (10.175206489000061 53.606923195000036)","Unfall 157088 (2024) Kat:3, Licht: 0","157088","3","5","1","09","08","6","","0","0","1","0","0"
"POINT (10.098633718000031 53.583565252000028)","Unfall 157089 (2024) Kat:3, Licht: 0","157089","3","5","5","09","18","6","","0","1","1","0","0"
"POINT (10.071190377000050 53.574654744000043)","Unfall 157090 (2024) Kat:3, Licht: 0","157090","3","5","5","09","14","6","","0","1","1","0","0"
"POINT (10.002122098000029 53.596038607000082)","Unfall 157091 (2024) Kat:3, Licht: 2","157091","3","2","6","12","16","5","","2","0","1","1","0"
"POINT (10.045673778000037 53.588552656000047)","Unfall 157092 (2024) Kat:3, Licht: 2","157092","3","2","3","11","21","1","","2","1","1","0","0"
"POINT (10.043148153000061 53.635796308000067)","Unfall 157093 (2024) Kat:3, Licht: 0","157093","3","6","4","09","18","6","","0","1","0","0","0"
"POINT (10.011977738000041 53.646775232000039)","Unfall 157094 (2024) Kat:3, Licht: 0","157094","3","2","5","09","17","6","","0","1","1","0","0"
"POINT (10.004432794000024 53.618379430000061)","Unfall 157095 (2024) Kat:3, Licht: 0","157095","3","2","2","09","17","6","","0","0","1","0","0"
"POINT (10.006252661000076 53.648513403000038)","Unfall 157096 (2024) Kat:3, Licht: 0","157096","3","3","5","09","08","6","","0","1","1","0","0"
"POINT (10.004326638000066 53.657632461000048)","Unfall 157097 (2024) Kat:3, Licht: 2","157097","3","1","0","09","02","6","","2","1","0","0","0"
"POINT (10.009104136000076 53.578167167000061)","Unfall 157098 (2024) Kat:3, Licht: 0","157098","3","7","0","09","12","6","","0","1","0","0","0"
"POINT (10.055578723000053 53.574567694000052)","Unfall 157099 (2024) Kat:3, Licht: 0","157099","3","6","3","09","11","6","","0","0","0","0","1"
"POINT (9.906986669000048 53.606630365000058)","Unfall 157100 (2024) Kat:3, Licht: 0","157100","3","2","5","09","14","6","","0","0","1","0","0"
"POINT (9.988640439000051 53.557005936000053)","Unfall 157101 (2024) Kat:3, Licht: 0","157101","3","4","6","10","13","6","","0","0","1","1","0"