WKT,Name,OBJECTID,UKATEGORIE,UTYP1,UART,UMONAT,USTUNDE,UWOCHENTAG,STRZUSTAND,ULICHTVERH,ISTRAD,ISTPKW,ISTFUSS,ISTKRAD
"POINT (9.875340878000031 53.591452031000074)","Unfall 157102 (2024) Kat:2, Licht: 0","157102","2","2","6","09","17","6","","0","0","1","1","0"
"POINT (9.870906729000069 53.564933533000044)","Unfall 157103 (2024) Kat:3, Licht: 0","157103","3","3","5","09","08","6","","0","1","1","0","0"
"POINT (9.956496146000063 53.562023045000046)","Unfall 157104 (2024) Kat:3, Licht: 0","157104","3","5","5","12","11","7","","0","0","1","0","0"
"POINT (10.077828610000040 53.619412692000026)","Unfall 157105 (2024) Kat:3, Licht: 0","157105","3","3","5","11","13","6","","0","0","1","0","0"
"POINT (9.951861464000046 53.576851564000037)","Unfall 157106 (2024) Kat:3, Licht: 0","157106","3","4","6","09","08","6","","0","1","0","1","0"
"POINT (9.926407572000073 53.555229946000054)","Unfall 157107 (2024) Kat:3, Licht: 0","157107","3","3","5","09","12","6","","0","0","1","0","0"
"POINT (9.986379275000047 53.583719059000032)","Unfall 157108 (2024) Kat:3, Licht: 0","157108","3","7","6","09","18","6","","0","0","1","1","0"
"POINT (9.990842758000042 53.560411652000028)","Unfall 157109 (2024) Kat:3, Licht: 0","157109","3","3","5","09","18","6","","0","0","1","0","0"
"POINT (9.972810433000063 53.558541489000049)","Unfall 157110 (2024) Kat:3, Licht: 1","157110","3","7","0","09","19","6","","1","1","1","0","0"
"POINT (9.968738001000077 53.550040427000056)","Unfall 157111 (2024) Kat:3, Licht: 2","157111","3","6","2","09","05","6","","2","0","1","0","0"
"POINT (10.004003225000076 53.553992178000044)","Unfall 157112 (2024) Kat:3, Licht: 2","157112","3","6","3","09","19","6","","2","0","1","0","0"
"POINT (9.793412504000059 53.515236403000074)","Unfall 157113 (2024) Kat:3, Licht: 2","157113","3","1","9","10","01","1","","2","0","1","0","0"
"POINT (9.982285299000068 53.544421202000080)","Unfall 157114 (2024) Kat:1, Licht: 0","157114","1","6","3","09","12","6","","0","1","0","0","0"
"POINT (10.112691889000075 53.533572149000065)","Unfall 262246 (2024) Kat:3, Licht: 2","262246","3","7","0","01","23","2","","2","1","0","0","0"
"POINT (9.904903063000063 53.579044845000055)","Unfall 262247 (2024) Kat:3, Licht: 0","262247","3","7","0","01","11","7","","0","1","0","0","0"
"POINT (10.029263547000028 53.599857230000055)","Unfall 262248 (2024) Kat:3, Licht: 1","262248","3","1","0","01","08","7","","1","1","0","0","0"
"POINT (9.992923471000040 53.563510833000066)","Unfall 262249 (2024) Kat:2, Licht: 0","262249","2","7","0","01","11","5","","0","1","0","0","0"
"POINT (10.058258262000038 53.654613120000079)","Unfall 262250 (2024) Kat:3, Licht: 0","262250","3","7","0","01","07","5","","0","1","0","0","0"
"POINT (9.947376433000045 53.586775746000058)","Unfall 262251 (2024) Kat:2, Licht: 1","262251","2","1","0","01","07","2","","1","1","0","0","0"
"POINT (10.136425031000044 53.560037540000053)","Unfall 262252 (2024) Kat:3, Licht: 0","262252","3","6","6","01","12","2","","0","1","0","1","0"
"POINT (10.156536326000037 53.604344311000034)","Unfall 262253 (2024) Kat:3, Licht: 0","262253","3","6","4","02","13","4","","0","1","0","1","0"
"POINT (10.019485106000047 53.584601197000040)","Unfall 262254 (2024) Kat:2, Licht: 0","262254","2","7","0","02","09","2","","0","1","0","0","0"
"POINT (10.027089869000065 53.583777974000043)","Unfall 262255 (2024) Kat:2, Licht: 2","262255","2","1","0","02","19","6","","2","1","0","0","0"
"POINT (9.952765286000044 53.553133561000038)","Unfall 262256 (2024) Kat:3, Licht: 0","262256","3","2","3","02","11","6","","0","1","0","0","0"
"POINT (9.995924794000075 53.559195196000076)","Unfall 262257 (2024) Kat:3, Licht: 0","262257","3","7","0","02","14","2","","0","1","0","0","0"
"POINT (9.754425120000064 53.581248819000052)","Unfall 262258 (2024) Kat:3, Licht: 0","262258","3","6","6","02","14","3","","0","1","0","1","0"
"POINT (10.092912944000034 53.668432617000065)","Unfall 262259 (2024) Kat:2, Licht: 0","262259","2","1","0","03","12","6","","0","1","0","0","0"
"POINT (10.065858544000037 53.584995194000044)","Unfall 262260 (2024) Kat:3, Licht: 0","262260","3","4","6","03","17","7","","0","1","0","1","0"
"POINT (9.944338647000052 53.643688703000066)","Unfall 262261 (2024) Kat:3, Licht: 1","262261","3","7","0","03","18","1","","1","1","0","0","0"
"POINT (10.138683573000037 53.625530640000079)","Unfall 262262 (2024) Kat:3, Licht: 0","262262","3","5","5","03","14","2","","0","1","1","0","0"
"POINT (9.999417026000060 53.491166106000037)","Unfall 262263 (2024) Kat:3, Licht: 0","262263","3","7","7","03","13","7","","0","1","0","0","0"
"POINT (9.989960497000027 53.559119655000075)","Unfall 262264 (2024) Kat:3, Licht: 0","262264","3","1","0","03","12","6","","0","1","0","0","0"
"POINT (9.951090315000044 53.620608954000033)","Unfall 262265 (2024) Kat:3, Licht: 2","262265","3","7","0","03","19","7","","2","1","0","0","0"
"POINT (10.171683426000072 53.504982462000044)","Unfall 262266 (2024) Kat:3, Licht: 0","262266","3","1","0","03","09","5","","0","1","0","0","0"
"POINT (10.036362322000059 53.569354276000070)","Unfall 262267 (2024) Kat:3, Licht: 0","262267","3","7","7","03","18","4","","0","1","0","0","0"
"POINT (9.934848980000027 53.462256678000074)","Unfall 262268 (2024) Kat:3, Licht: 0","262268","3","7","0","03","10","7","","0","1","0","0","0"
"POINT (9.860286021000036 53.558006572000068)","Unfall 262269 (2024) Kat:3, Licht: 0","262269","3","6","0","04","07","3","","0","1","0","0","0"
"POINT (10.166053424000040 53.602240514000073)","Unfall 262270 (2024) Kat:3, Licht: 0","262270","3","7","0","04","12","4","","0","1","0","0","0"
"POINT (10.016171462000045 53.598204222000049)","Unfall 262271 (2024) Kat:3, Licht: 0","262271","3","1","0","04","18","2","","0","1","0","0","0"
"POINT (10.025294024000061 53.597505031000082)","Unfall 262272 (2024) Kat:3, Licht: 0","262272","3","1","0","04","17","2","","0","1","0","0","0"
"POINT (10.009458115000029 53.627575693000040)","Unfall 262273 (2024) Kat:3, Licht: 2","262273","3","1","0","04","05","2","","2","1","0","0","0"
"POINT (9.996129571000040 53.475715019000063)","Unfall 262274 (2024) Kat:3, Licht: 0","262274","3","7","0","04","07","4","","0","1","0","0","0"
"POINT (9.905585579000046 53.470148585000061)","Unfall 262275 (2024) Kat:3, Licht: 0","262275","3","7","0","04","10","7","","0","1","0","0","0"
"POINT (10.146351257000049 53.418006691000073)","Unfall 262276 (2024) Kat:3, Licht: 0","262276","3","7","0","04","14","1","","0","1","0","0","0"
"POINT (10.033340239000040 53.582438966000041)","Unfall 262277 (2024) Kat:3, Licht: 0","262277","3","4","6","04","16","4","","0","1","0","1","0"
"POINT (9.980126383000027 53.575896504000070)","Unfall 262278 (2024) Kat:3, Licht: 0","262278","3","1","0","04","09","5","","0","1","0","0","0"
"POINT (10.119786674000068 53.594658235000054)","Unfall 262279 (2024) Kat:3, Licht: 0","262279","3","1","0","04","10","1","","0","1","0","0","0"
"POINT (10.008416273000023 53.551922914000045)","Unfall 262280 (2024) Kat:3, Licht: 0","262280","3","6","6","04","18","3","","0","1","0","1","0"
"POINT (10.018675255000062 53.600125494000054)","Unfall 262281 (2024) Kat:3, Licht: 0","262281","3","3","5","04","07","6","","0","1","0","0","0"
"POINT (10.148671217000071 53.536611486000027)","Unfall 262282 (2024) Kat:3, Licht: 0","262282","3","7","0","04","09","7","","0","1","0","0","0"
"POINT (10.018570219000026 53.674653133000049)","Unfall 262283 (2024) Kat:3, Licht: 0","262283","3","7","0","04","18","1","","0","1","0","0","0"
"POINT (10.013845257000071 53.561727627000039)","Unfall 262284 (2024) Kat:2, Licht: 1","262284","2","6","4","04","20","2","","1","1","0","0","0"
"POINT (9.868658865000043 53.548395350000078)","Unfall 262285 (2024) Kat:3, Licht: 0","262285","3","7","0","04","09","2","","0","1","0","0","0"
"POINT (10.030829718000064 53.534137474000033)","Unfall 262286 (2024) Kat:3, Licht: 0","262286","3","7","0","05","14","4","","0","1","0","0","0"
"POINT (9.974749612000039 53.589388859000053)","Unfall 262287 (2024) Kat:3, Licht: 0","262287","3","3","5","05","13","4","","0","1","1","0","0"
"POINT (10.018105822000052 53.615665048000039)","Unfall 262288 (2024) Kat:3, Licht: 0","262288","3","7","0","05","17","4","","0","1","0","0","0"
"POINT (10.072144026000046 53.616816193000034)","Unfall 262289 (2024) Kat:3, Licht: 0","262289","3","7","0","05","16","4","","0","1","0","0","0"
"POINT (10.122094155000070 53.545523713000080)","Unfall 262290 (2024) Kat:3, Licht: 0","262290","3","3","5","05","14","4","","0","1","0","0","0"
"POINT (9.969106389000046 53.546156860000053)","Unfall 262291 (2024) Kat:3, Licht: 0","262291","3","7","0","05","13","5","","0","1","0","0","0"
"POINT (10.035232785000062 53.632620867000071)","Unfall 262292 (2024) Kat:3, Licht: 0","262292","3","1","8","05","18","6","","0","1","0","0","0"
"POINT (9.998924749000025 53.594921749000036)","Unfall 262293 (2024) Kat:3, Licht: 0","262293","3","7","0","05","18","2","","0","1","0","0","0"
"POINT (10.014722461000076 53.649500239000076)","Unfall 262294 (2024) Kat:3, Licht: 0","262294","3","3","5","05","07","3","","0","1","0","0","0"
"POINT (10.083154455000056 53.474447828000052)","Unfall 262295 (2024) Kat:3, Licht: 0","262295","3","7","0","05","16","3","","0","1","0","0","0"
"POINT (9.878308728000036 53.522271323000041)","Unfall 262296 (2024) Kat:3, Licht: 0","262296","3","7","7","05","18","3","","0","1","0","0","0"
"POINT (9.850265602000036 53.549128925000048)","Unfall 262297 (2024) Kat:3, Licht: 0","262297","3","7","6","05","12","5","","0","1","0","1","0"
"POINT (9.769539845000054 53.604264279000063)","Unfall 262298 (2024) Kat:3, Licht: 0","262298","3","6","0","05","16","5","","0","1","0","0","0"
"POINT (10.105087711000067 53.461892632000058)","Unfall 262299 (2024) Kat:2, Licht: 0","262299","2","1","0","05","19","5","","0","1","0","0","0"
"POINT (10.214111807000052 53.489399522000042)","Unfall 262300 (2024) Kat:3, Licht: 0","262300","3","1","0","05","20","5","","0","1","0","0","0"
"POINT (10.015841986000055 53.563511846000040)","Unfall 262301 (2024) Kat:3, Licht: 0","262301","3","2","3","05","19","7","","0","1","0","0","0"
"POINT (10.035241632000066 53.620008251000058)","Unfall 262302 (2024) Kat:3, Licht: 0","262302","3","6","4","05","14","2","","0","1","1","0","0"
"POINT (9.970375694000040 53.567290885000034)","Unfall 262303 (2024) Kat:3, Licht: 0","262303","3","2","3","05","17","4","","0","1","1","0","0"
"POINT (10.010212662000072 53.497800416000075)","Unfall 262304 (2024) Kat:3, Licht: 0","262304","3","1","0","05","20","4","","0","1","0","0","0"
"POINT (9.996644878000041 53.579980451000040)","Unfall 262305 (2024) Kat:3, Licht: 2","262305","3","7","0","05","23","5","","2","1","0","0","0"
"POINT (10.068855198000051 53.642299681000054)","Unfall 262306 (2024) Kat:3, Licht: 0","262306","3","7","0","05","13","2","","0","1","0","0","0"
"POINT (9.916060773000027 53.603401335000058)","Unfall 262307 (2024) Kat:3, Licht: 0","262307","3","7","5","05","18","3","","0","1","0","0","0"
"POINT (10.188811610000073 53.645436795000080)","Unfall 262308 (2024) Kat:3, Licht: 0","262308","3","3","5","05","13","5","","0","1","1","0","0"
"POINT (10.178055420000021 53.610673154000040)","Unfall 262309 (2024) Kat:3, Licht: 0","262309","3","6","4","05","19","5","","0","1","0","0","0"
"POINT (10.115469895000047 53.540046754000059)","Unfall 262310 (2024) Kat:3, Licht: 0","262310","3","1","0","05","07","6","","0","1","0","0","0"
"POINT (10.018671569000048 53.600143113000058)","Unfall 262311 (2024) Kat:3, Licht: 0","262311","3","3","5","05","15","3","","0","1","0","0","0"
"POINT (10.151878420000060 53.486391918000038)","Unfall 262312 (2024) Kat:2, Licht: 0","262312","2","7","0","06","09","4","","0","1","0","0","0"
"POINT (9.973547726000049 53.591535188000080)","Unfall 262313 (2024) Kat:3, Licht: 0","262313","3","7","1","06","15","5","","0","1","0","0","0"
"POINT (10.159669236000070 53.490675342000031)","Unfall 262314 (2024) Kat:3, Licht: 0","262314","3","6","3","06","09","5","","0","1","0","0","0"
"POINT (10.212130819000038 53.489994601000035)","Unfall 262315 (2024) Kat:3, Licht: 0","262315","3","6","6","06","15","7","","0","1","0","1","0"
"POINT (10.026335809000045 53.558768843000053)","Unfall 262316 (2024) Kat:3, Licht: 0","262316","3","6","4","06","07","2","","0","1","0","0","0"
"POINT (9.862804321000056 53.547058704000051)","Unfall 262317 (2024) Kat:3, Licht: 0","262317","3","7","0","06","10","4","","0","1","0","0","0"
"POINT (10.138807085000053 53.625795619000030)","Unfall 262318 (2024) Kat:2, Licht: 0","262318","2","1","0","06","10","3","","0","1","0","0","0"
"POINT (9.875371211000072 53.472930480000059)","Unfall 262319 (2024) Kat:3, Licht: 0","262319","3","6","4","06","13","3","","0","1","0","0","0"
"POINT (9.977956740000025 53.603770669000028)","Unfall 262320 (2024) Kat:3, Licht: 0","262320","3","4","6","06","07","5","","0","1","0","1","0"
"POINT (9.844438207000053 53.549919354000053)","Unfall 262321 (2024) Kat:3, Licht: 0","262321","3","7","0","06","18","6","","0","1","0","0","0"
"POINT (10.172295434000034 53.481685998000046)","Unfall 262322 (2024) Kat:3, Licht: 0","262322","3","7","0","06","18","6","","0","1","0","0","0"
"POINT (10.040303655000059 53.530448043000035)","Unfall 262323 (2024) Kat:3, Licht: 0","262323","3","7","0","06","14","1","","0","1","0","0","0"
"POINT (10.014602268000033 53.562475225000071)","Unfall 262324 (2024) Kat:3, Licht: 0","262324","3","7","0","06","19","2","","0","1","0","0","0"
"POINT (10.076773325000033 53.577974079000057)","Unfall 262325 (2024) Kat:3, Licht: 0","262325","3","7","0","06","20","2","","0","1","0","1","0"
"POINT (9.915449590000037 53.622307772000056)","Unfall 262326 (2024) Kat:3, Licht: 0","262326","3","6","4","06","19","3","","0","1","0","0","0"
"POINT (10.065615236000042 53.643220527000040)","Unfall 262327 (2024) Kat:3, Licht: 0","262327","3","7","0","06","08","3","","0","1","0","0","0"
"POINT (10.173892506000072 53.596266031000027)","Unfall 262328 (2024) Kat:3, Licht: 0","262328","3","7","0","06","17","4","","0","1","0","0","0"
"POINT (9.939100939000070 53.607666916000028)","Unfall 262329 (2024) Kat:3, Licht: 0","262329","3","7","0","06","08","5","","0","1","0","0","0"
"POINT (10.017563113000051 53.614690448000033)","Unfall 262330 (2024) Kat:3, Licht: 0","262330","3","7","0","06","08","5","","0","1","0","0","0"
"POINT (10.123557673000050 53.619344046000037)","Unfall 262331 (2024) Kat:3, Licht: 0","262331","3","7","0","06","16","5","","0","1","0","0","0"
"POINT (10.034351092000065 53.620322000000044)","Unfall 262332 (2024) Kat:3, Licht: 0","262332","3","7","1","07","11","4","","0","1","1","0","0"
"POINT (9.967909797000061 53.605080487000066)","Unfall 262333 (2024) Kat:3, Licht: 0","262333","3","7","0","07","17","5","","0","1","0","0","0"
"POINT (9.922431415000062 53.604104860000064)","Unfall 262334 (2024) Kat:1, Licht: 0","262334","1","1","0","07","18","7","","0","1","0","0","0"
"POINT (9.966570384000022 53.545940246000043)","Unfall 262335 (2024) Kat:3, Licht: 1","262335","3","6","4","07","21","2","","1","1","0","0","0"
"POINT (9.767539020000072 53.564646428000060)","Unfall 262336 (2024) Kat:3, Licht: 0","262336","3","7","0","07","16","3","","0","1","0","0","0"
"POINT (10.016458727000042 53.564154032000033)","Unfall 262337 (2024) Kat:3, Licht: 0","262337","3","6","4","07","14","3","","0","1","0","0","0"
"POINT (10.078681072000052 53.570035399000062)","Unfall 262338 (2024) Kat:2, Licht: 0","262338","2","7","0","07","16","3","","0","1","0","0","0"
"POINT (10.031198177000022 53.534560113000055)","Unfall 262339 (2024) Kat:3, Licht: 0","262339","3","7","0","07","13","4","","0","1","0","0","0"
"POINT (10.016499702000033 53.566072264000070)","Unfall 262340 (2024) Kat:2, Licht: 0","262340","2","6","4","07","17","5","","0","1","0","0","0"
"POINT (9.887958334000075 53.593039609000073)","Unfall 262341 (2024) Kat:3, Licht: 0","262341","3","7","0","07","19","6","","0","1","0","0","0"
"POINT (9.997815228000036 53.562416050000081)","Unfall 262342 (2024) Kat:3, Licht: 0","262342","3","7","6","07","16","1","","0","1","0","1","0"
"POINT (10.220070275000069 53.402188206000062)","Unfall 262343 (2024) Kat:3, Licht: 0","262343","3","1","0","07","19","2","","0","1","0","0","0"
"POINT (9.769308477000038 53.604749471000048)","Unfall 262344 (2024) Kat:3, Licht: 0","262344","3","6","0","07","10","3","","0","1","0","0","0"
"POINT (10.107006309000042 53.604610532000038)","Unfall 262345 (2024) Kat:3, Licht: 0","262345","3","7","0","07","18","5","","0","1","0","0","0"
"POINT (9.986023248000038 53.436288153000078)","Unfall 262346 (2024) Kat:3, Licht: 0","262346","3","1","9","07","17","6","","0","1","0","0","0"
"POINT (9.907295194000028 53.578802776000032)","Unfall 262347 (2024) Kat:2, Licht: 0","262347","2","7","0","07","11","1","","0","1","0","0","0"
"POINT (10.148267359000045 53.490966139000079)","Unfall 262348 (2024) Kat:3, Licht: 0","262348","3","7","0","07","15","2","","0","1","0","0","0"
"POINT (9.999727393000057 53.573026097000081)","Unfall 262349 (2024) Kat:3, Licht: 0","262349","3","5","3","07","12","4","","0","1","0","0","0"
"POINT (9.925278104000029 53.622974912000075)","Unfall 262350 (2024) Kat:3, Licht: 0","262350","3","1","0","07","20","4","","0","1","0","0","0"
"POINT (10.028838324000048 53.660582952000027)","Unfall 262351 (2024) Kat:2, Licht: 0","262351","2","7","0","07","11","4","","0","1","0","0","0"
"POINT (10.070751733000066 53.677980910000031)","Unfall 262352 (2024) Kat:3, Licht: 0","262352","3","1","0","07","16","5","","0","1","0","0","0"
"POINT (10.091333974000065 53.579177425000069)","Unfall 262353 (2024) Kat:3, Licht: 0","262353","3","3","5","07","17","6","","0","1","0","0","0"
"POINT (10.032723699000030 53.595936468000048)","Unfall 262354 (2024) Kat:3, Licht: 2","262354","3","7","0","07","22","7","","2","1","0","0","0"
"POINT (10.017151601000023 53.593206250000037)","Unfall 262355 (2024) Kat:3, Licht: 0","262355","3","3","5","07","20","4","","0","1","0","0","0"
"POINT (10.073204987000054 53.624578757000052)","Unfall 262356 (2024) Kat:2, Licht: 0","262356","2","3","5","07","16","4","","0","1","1","0","0"
"POINT (10.044079143000033 53.555763798000044)","Unfall 262357 (2024) Kat:3, Licht: 0","262357","3","7","6","07","18","4","","0","1","0","1","0"
"POINT (10.059675988000038 53.585528533000058)","Unfall 262358 (2024) Kat:3, Licht: 0","262358","3","7","0","08","16","5","","0","1","0","0","0"
"POINT (10.001320136000061 53.498656060000030)","Unfall 262359 (2024) Kat:3, Licht: 0","262359","3","5","5","08","19","1","","0","1","0","0","0"
"POINT (10.047865616000024 53.619799541000077)","Unfall 262360 (2024) Kat:3, Licht: 0","262360","3","1","8","08","11","7","","0","1","0","0","0"
"POINT (10.044131625000034 53.619797298000037)","Unfall 262361 (2024) Kat:3, Licht: 0","262361","3","1","0","08","11","7","","0","1","0","0","0"
"POINT (9.754334089000054 53.581143167000050)","Unfall 262362 (2024) Kat:3, Licht: 0","262362","3","3","5","08","11","1","","0","1","0","0","0"
"POINT (9.742967037000028 53.564710181000066)","Unfall 262363 (2024) Kat:3, Licht: 0","262363","3","6","6","08","18","1","","0","1","0","1","0"
"POINT (10.059271871000021 53.593523913000070)","Unfall 262364 (2024) Kat:3, Licht: 0","262364","3","7","0","08","16","1","","0","1","0","0","0"
"POINT (9.966523679000034 53.543380382000066)","Unfall 262365 (2024) Kat:3, Licht: 0","262365","3","4","6","08","19","2","","0","1","0","1","0"
"POINT (10.016654901000038 53.564778901000068)","Unfall 262366 (2024) Kat:3, Licht: 2","262366","3","7","0","08","00","3","","2","1","0","0","0"
"POINT (10.029082912000035 53.625912659000051)","Unfall 262367 (2024) Kat:3, Licht: 0","262367","3","7","0","08","18","7","","0","1","0","0","0"
"POINT (9.830601852000029 53.552603759000078)","Unfall 262368 (2024) Kat:3, Licht: 2","262368","3","7","0","08","01","1","","2","1","0","0","0"
"POINT (9.980067352000049 53.450463333000073)","Unfall 262369 (2024) Kat:3, Licht: 0","262369","3","7","0","08","12","2","","0","1","0","0","0"
"POINT (9.959829902000024 53.642016944000034)","Unfall 262370 (2024) Kat:3, Licht: 2","262370","3","1","0","08","22","3","","2","1","0","0","0"
"POINT (9.934516602000031 53.462256938000053)","Unfall 262371 (2024) Kat:3, Licht: 0","262371","3","1","0","08","13","3","","0","1","0","0","0"
"POINT (10.016439581000043 53.564117670000030)","Unfall 262372 (2024) Kat:3, Licht: 2","262372","3","7","0","08","21","5","","2","1","0","0","0"
"POINT (10.031746896000072 53.600266958000077)","Unfall 262373 (2024) Kat:3, Licht: 0","262373","3","3","5","08","15","1","","0","1","0","0","0"
"POINT (9.996872065000048 53.558170525000037)","Unfall 262374 (2024) Kat:3, Licht: 0","262374","3","6","4","08","17","4","","0","1","0","0","0"
"POINT (10.016309006000029 53.563934880000033)","Unfall 262375 (2024) Kat:2, Licht: 0","262375","2","7","0","08","15","4","","0","1","0","0","0"
"POINT (10.010633072000076 53.560259394000070)","Unfall 262376 (2024) Kat:3, Licht: 0","262376","3","4","6","08","17","5","","0","1","0","1","0"
"POINT (10.118807841000034 53.609040785000047)","Unfall 262377 (2024) Kat:3, Licht: 0","262377","3","6","3","08","20","5","","0","1","0","0","0"
"POINT (10.101497704000053 53.537727849000078)","Unfall 262378 (2024) Kat:3, Licht: 0","262378","3","7","7","08","16","5","","0","1","0","0","0"
"POINT (9.990230894000035 53.561397727000042)","Unfall 262379 (2024) Kat:3, Licht: 2","262379","3","4","6","09","21","1","","2","1","0","1","0"
"POINT (10.044460759000060 53.572438596000040)","Unfall 262380 (2024) Kat:3, Licht: 0","262380","3","7","0","09","15","3","","0","1","0","0","0"
"POINT (10.046465599000044 53.526731780000034)","Unfall 262381 (2024) Kat:3, Licht: 1","262381","3","7","0","09","05","3","","1","1","0","0","0"
"POINT (9.997274578000031 53.499283749000028)","Unfall 262382 (2024) Kat:3, Licht: 0","262382","3","7","0","09","08","3","","0","1","0","0","0"
"POINT (10.016582668000069 53.564437194000050)","Unfall 262383 (2024) Kat:3, Licht: 0","262383","3","7","0","09","11","5","","0","1","0","0","0"
"POINT (10.072874610000042 53.618667739000045)","Unfall 262384 (2024) Kat:3, Licht: 0","262384","3","5","1","09","15","5","","0","1","0","0","0"
"POINT (9.880193982000037 53.545598948000077)","Unfall 262385 (2024) Kat:3, Licht: 0","262385","3","7","0","09","15","7","","0","1","0","0","0"
"POINT (10.025175933000071 53.583250607000082)","Unfall 262386 (2024) Kat:3, Licht: 1","262386","3","1","0","09","20","7","","1","1","0","0","0"
"POINT (9.944625017000021 53.600175715000034)","Unfall 262387 (2024) Kat:3, Licht: 0","262387","3","7","0","09","19","5","","0","1","0","0","0"
"POINT (10.050968931000057 53.524682995000035)","Unfall 262388 (2024) Kat:3, Licht: 0","262388","3","7","7","09","16","5","","0","1","0","0","0"
"POINT (9.978706770000031 53.603959074000045)","Unfall 262389 (2024) Kat:3, Licht: 0","262389","3","7","0","09","13","7","","0","1","0","0","0"
"POINT (9.914930429000037 53.466521916000033)","Unfall 262390 (2024) Kat:2, Licht: 0","262390","2","1","0","09","11","1","","0","1","0","0","0"
"POINT (9.992469512000071 53.542262805000064)","Unfall 262391 (2024) Kat:3, Licht: 0","262391","3","7","0","09","15","4","","0","1","0","0","0"
"POINT (9.938461130000064 53.607062541000062)","Unfall 262392 (2024) Kat:3, Licht: 0","262392","3","7","0","09","19","4","","0","1","0","1","0"
"POINT (10.084767669000030 53.648815878000050)","Unfall 262393 (2024) Kat:3, Licht: 0","262393","3","1","0","09","17","4","","0","1","0","0","0"
"POINT (10.022203472000058 53.598084036000046)","Unfall 262394 (2024) Kat:3, Licht: 0","262394","3","7","0","09","12","6","","0","1","0","0","0"
"POINT (10.016388555000049 53.564040242000033)","Unfall 262395 (2024) Kat:3, Licht: 0","262395","3","1","0","09","17","2","","0","1","0","0","0"
"POINT (9.820424497000033 53.556708191000041)","Unfall 262396 (2024) Kat:3, Licht: 2","262396","3","1","0","09","22","3","","2","1","0","0","0"
"POINT (9.953243666000049 53.558387249000077)","Unfall 262397 (2024) Kat:3, Licht: 1","262397","3","1","0","09","17","5","","1","1","0","0","0"
"POINT (10.016213416000028 53.563832566000031)","Unfall 262398 (2024) Kat:3, Licht: 0","262398","3","1","0","09","18","7","","0","1","0","0","0"
"POINT (9.996758752000062 53.500678249000032)","Unfall 262399 (2024) Kat:3, Licht: 0","262399","3","7","0","10","14","7","","0","1","0","0","0"
"POINT (9.945468902000073 53.545184317000064)","Unfall 262400 (2024) Kat:3, Licht: 2","262400","3","7","0","10","20","1","","2","1","0","0","0"
"POINT (9.892590903000041 53.544800021000071)","Unfall 262401 (2024) Kat:3, Licht: 0","262401","3","6","3","10","08","3","","0","1","0","0","0"
"POINT (10.097101132000034 53.486701431000029)","Unfall 262402 (2024) Kat:3, Licht: 0","262402","3","1","0","10","16","3","","0","1","0","0","0"
"POINT (10.141944626000054 53.658876765000059)","Unfall 262403 (2024) Kat:3, Licht: 2","262403","3","1","0","10","23","6","","2","1","0","0","0"
"POINT (10.100825038000039 53.537898914000039)","Unfall 262404 (2024) Kat:2, Licht: 0","262404","2","6","3","10","13","1","","0","1","0","0","0"
"POINT (9.966537903000074 53.544174182000063)","Unfall 262405 (2024) Kat:3, Licht: 0","262405","3","7","0","10","15","3","","0","1","0","1","0"
"POINT (9.933883725000044 53.630696500000056)","Unfall 262406 (2024) Kat:3, Licht: 0","262406","3","1","0","10","12","3","","0","1","0","0","0"
"POINT (9.992572827000060 53.601652307000052)","Unfall 262407 (2024) Kat:3, Licht: 0","262407","3","1","0","10","12","5","","0","1","0","0","0"
"POINT (10.022037390000037 53.601923717000034)","Unfall 262408 (2024) Kat:3, Licht: 0","262408","3","7","0","10","17","6","","0","1","0","1","0"
"POINT (9.893872859000055 53.472067743000082)","Unfall 262409 (2024) Kat:3, Licht: 0","262409","3","7","0","10","10","7","","0","1","0","0","0"
"POINT (10.084586256000023 53.627079603000027)","Unfall 262410 (2024) Kat:3, Licht: 2","262410","3","1","7","10","07","2","","2","1","0","0","0"
"POINT (10.008248390000062 53.497713278000049)","Unfall 262411 (2024) Kat:3, Licht: 2","262411","3","4","6","10","18","4","","2","1","0","1","0"
"POINT (9.914155322000056 53.514975484000047)","Unfall 262412 (2024) Kat:2, Licht: 0","262412","2","7","3","10","16","4","","0","1","0","0","0"
"POINT (9.992718769000021 53.593503099000031)","Unfall 262413 (2024) Kat:3, Licht: 0","262413","3","7","0","11","11","3","","0","1","0","0","0"
"POINT (9.761403980000068 53.582950353000058)","Unfall 262414 (2024) Kat:3, Licht: 0","262414","3","7","0","11","15","3","","0","1","0","0","0"
"POINT (10.105239903000040 53.592541584000060)","Unfall 262415 (2024) Kat:3, Licht: 0","262415","3","5","5","11","11","7","","0","1","1","0","0"
"POINT (10.049787056000071 53.619710787000031)","Unfall 262416 (2024) Kat:2, Licht: 2","262416","2","7","0","11","00","6","","2","1","0","0","0"
"POINT (10.013885662000064 53.561760325000080)","Unfall 262417 (2024) Kat:3, Licht: 2","262417","3","7","0","12","22","3","","2","1","0","0","0"
"POINT (10.025295831000051 53.613402445000077)","Unfall 262418 (2024) Kat:3, Licht: 2","262418","3","7","0","12","17","6","","2","1","0","0","0"